#!ascii label  , from subject sub-v1s20x0050300_ses-1 vox2ras=TkReg
3274
27664  0.720  -28.087  53.416 0.2222220004
28384  -0.903  -26.267  55.100 0.3333329856
31605  -3.518  -22.539  55.415 0.4444440007
32466  -4.047  -21.743  55.154 0.5555559993
33377  -4.703  -20.703  54.565 0.5555559993
33383  -5.220  -20.366  54.347 0.5555559993
33378  -5.553  -20.917  54.839 0.4444440007
34249  -5.370  -19.915  53.877 0.4444440007
34250  -6.160  -19.650  53.944 0.5555559993
29218  0.842  -26.433  53.716 0.4444440007
29213  0.396  -26.427  54.260 0.3333329856
28386  -0.436  -26.844  54.618 0.3333329856
96537  2.471  -25.263  50.470 0.3333329856
28399  2.333  -26.462  50.905 0.3333329856
28396  2.090  -26.637  51.825 0.3333329856
28389  1.174  -27.038  53.187 0.3333329856
92075  -0.611  -24.888  55.553 0.4444440007
30046  -2.315  -24.345  55.697 0.4444440007
107518  -2.553  -23.664  55.824 0.4444440007
95891  2.399  -26.488  49.984 0.3333329856
30799  -0.997  -23.610  55.815 0.5555559993
105657  -2.325  -23.126  55.846 0.4444440007
31604  -2.716  -22.507  55.564 0.5555559993
32465  -3.054  -21.760  55.213 0.5555559993
32464  -2.203  -21.918  55.222 0.5555559993
91182  -2.477  -21.239  54.538 0.5555559993
32471  -4.156  -20.990  54.827 0.5555559993
33380  -2.975  -20.943  53.002 0.5555559993
33389  -4.385  -20.322  52.727 0.6666669846
34255  -4.962  -19.970  53.186 0.5555559993
34257  -6.438  -19.310  53.044 0.6666669846
34251  -7.583  -19.439  54.173 0.4444440007
33394  -4.330  -20.248  51.619 0.6666669846
34261  -4.997  -19.896  52.347 0.6666669846
34263  -6.357  -19.202  51.825 0.7777780294
35079  -7.088  -18.845  52.465 0.7777780294
34267  -4.634  -19.912  50.692 0.7777780294
91722  -5.133  -19.759  51.415 0.7777780294
107707  -5.778  -19.461  51.317 0.7777780294
35086  -6.946  -18.816  51.307 0.7777780294
34276  -4.149  -20.076  49.905 0.7777780294
98323  -4.874  -19.718  49.977 0.7777780294
34268  -5.455  -19.515  50.512 0.7777780294
35092  -6.061  -19.015  49.934 0.7777780294
35085  -6.218  -19.110  50.841 0.7777780294
34286  -4.000  -19.956  48.910 0.7777780294
34277  -4.719  -19.668  49.241 0.7777780294
34278  -5.400  -19.373  49.560 0.7777780294
29208  -0.342  -25.673  55.243 0.4444440007
29224  2.324  -25.353  51.403 0.4444440007
29221  2.027  -25.338  52.159 0.3333329856
28393  1.629  -26.162  52.538 0.3333329856
29212  0.756  -25.553  53.847 0.4444440007
30043  0.055  -24.560  55.078 0.4444440007
30798  -0.186  -23.493  55.153 0.4444440007
30062  2.652  -24.256  49.995 0.4444440007
30054  2.246  -24.540  51.825 0.4444440007
29222  1.561  -25.246  52.690 0.3333329856
30051  1.200  -24.856  53.227 0.4444440007
30049  0.608  -24.536  54.002 0.4444440007
31602  -0.841  -22.824  55.341 0.5555559993
31603  -1.495  -22.307  55.262 0.5555559993
30059  2.590  -24.186  51.054 0.4444440007
30810  2.249  -23.748  51.841 0.4444440007
30811  1.562  -23.568  52.292 0.4444440007
30807  0.508  -23.482  53.497 0.5555559993
31612  0.206  -22.978  53.548 0.5555559993
31609  -0.344  -22.754  54.746 0.5555559993
31610  -0.875  -22.203  54.698 0.5555559993
32477  -2.465  -21.035  53.669 0.5555559993
31621  2.359  -22.581  50.932 0.5555559993
30817  2.135  -23.025  51.772 0.4444440007
31616  1.361  -23.047  52.199 0.5555559993
30812  0.988  -23.429  52.706 0.5555559993
31618  -0.019  -22.695  52.862 0.5555559993
32481  -0.786  -22.049  53.115 0.5555559993
109095  -1.453  -21.686  53.261 0.5555559993
32483  -2.131  -21.396  52.861 0.5555559993
33381  -3.784  -20.632  53.321 0.5555559993
31622  1.803  -22.622  51.465 0.4444440007
31623  1.139  -22.692  51.741 0.5555559993
95422  0.753  -22.900  52.371 0.5555559993
32489  -1.296  -21.861  51.550 0.6666669846
102011  -1.919  -21.526  51.958 0.6666669846
33387  -2.711  -21.112  51.889 0.7777780294
33388  -3.633  -20.702  52.279 0.7777780294
35797  -9.173  -17.784  51.826 0.7777780294
35088  -8.526  -18.144  52.463 0.4444440007
32495  1.388  -22.139  49.979 0.5555559993
31630  1.437  -22.396  51.005 0.4444440007
31632  0.154  -22.296  50.496 0.5555559993
32497  -0.413  -22.251  51.114 0.6666669846
33392  -2.756  -21.058  50.766 0.7777780294
33393  -3.504  -20.709  51.260 0.7777780294
33401  -4.004  -20.289  50.756 0.7777780294
35094  -7.616  -18.594  50.710 0.7777780294
31631  0.906  -22.212  50.451 0.3333329856
31637  0.273  -22.129  49.710 0.4444440007
32507  -1.356  -21.853  49.661 0.6666669846
32499  -2.081  -21.515  50.199 0.7777780294
33399  -2.762  -21.004  49.818 0.7777780294
35093  -6.832  -18.823  50.289 0.7777780294
32508  -2.110  -21.490  49.290 0.6666669846
34288  -5.277  -19.236  48.693 0.7777780294
35103  -5.962  -18.943  49.057 0.7777780294
35112  -6.528  -18.738  48.658 0.7777780294
32515  -2.071  -21.395  48.428 0.5555559993
33409  -2.733  -20.931  48.917 0.6666669846
33418  -3.365  -20.449  48.460 0.6666669846
34287  -4.608  -19.596  48.400 0.6666669846
34299  -5.048  -19.135  47.779 0.7777780294
35111  -5.956  -18.810  48.125 0.6666669846
32524  -1.894  -21.282  47.582 0.5555559993
33417  -2.631  -20.859  48.031 0.5555559993
33427  -3.183  -20.370  47.548 0.5555559993
34298  -3.963  -19.886  47.920 0.5555559993
103224  -4.526  -19.548  47.852 0.7777780294
33426  -2.436  -20.764  47.149 0.5555559993
90204  -4.416  -19.484  47.294 0.5555559993
35119  -4.938  -18.971  46.838 0.6666669846
35792  -10.230  -17.774  53.112 0.4444440007
35805  -8.988  -17.893  50.629 0.7777780294
35804  -8.283  -18.355  50.129 0.7777780294
35105  -7.515  -18.619  49.697 0.7777780294
35120  -5.750  -18.765  47.156 0.7777780294
34311  -4.268  -19.391  46.447 0.6666669846
35799  -10.957  -17.195  52.006 0.5555559993
35794  -11.732  -17.414  52.833 0.4444440007
35818  -9.523  -17.799  50.107 0.8888890147
92765  -9.699  -17.818  49.302 0.8888890147
35816  -8.191  -18.277  49.119 0.7777780294
35827  -8.999  -17.937  48.535 0.8888890147
94745  -6.724  -18.569  48.111 0.7777780294
35826  -8.070  -18.077  48.144 0.7777780294
35121  -6.560  -18.538  47.402 0.6666669846
35839  -8.050  -17.961  47.145 0.7777780294
34323  -4.791  -18.938  45.940 0.5555559993
35838  -7.177  -18.189  46.820 0.7777780294
35128  -5.588  -18.685  46.250 0.5555559993
35138  -6.203  -18.349  45.645 0.4444440007
35849  -6.975  -18.051  45.935 0.6666669846
35801  -13.700  -17.330  51.432 0.4444440007
35808  -11.091  -17.328  50.189 0.8888890147
36652  -12.727  -17.104  52.124 0.5555559993
38284  -20.415  -14.203  47.539 0.3333329856
91213  -10.231  -17.596  50.094 0.8888890147
35828  -10.004  -17.786  48.427 0.8888890147
99693  -21.086  -13.222  47.576 0.4444440007
40025  -21.780  -12.686  47.390 0.5555559993
35840  -8.681  -17.922  47.683 0.8888890147
40037  -21.739  -12.171  46.486 0.5555559993
106049  -8.844  -17.845  47.056 0.8888890147
103791  -21.718  -11.990  45.450 0.6666669846
35851  -8.608  -17.817  46.369 0.7777780294
90637  -21.211  -12.290  42.609 0.8888890147
40069  -21.711  -12.252  43.575 0.7777780294
41056  -26.447  -11.366  42.434 0.3333329856
35862  -7.577  -17.824  45.312 0.6666669846
40086  -21.888  -12.458  41.959 0.8888890147
40087  -22.660  -12.548  42.261 0.6666669846
41055  -25.602  -11.802  41.897 0.4444440007
35861  -6.778  -17.960  45.057 0.5555559993
40107  -23.315  -12.541  41.630 0.6666669846
40124  -23.938  -12.302  41.030 0.6666669846
41054  -24.752  -12.097  41.407 0.5555559993
41071  -24.515  -11.852  40.448 0.6666669846
40123  -23.117  -12.364  40.683 0.7777780294
41070  -23.720  -12.025  40.133 0.6666669846
36661  -13.972  -17.338  51.356 0.6666669846
35809  -14.351  -17.235  50.901 0.1111110002
102949  -19.305  -14.384  48.240 0.2222220004
36667  -12.045  -16.969  50.598 0.7777780294
36660  -13.104  -16.926  51.314 0.7777780294
38277  -19.764  -13.971  48.084 0.4444440007
35820  -11.647  -17.340  49.346 0.7777780294
35819  -10.594  -17.640  49.247 0.8888890147
40014  -20.009  -13.527  47.988 0.5555559993
39188  -20.363  -13.529  47.687 0.5555559993
35841  -9.506  -17.814  47.544 0.8888890147
35829  -10.961  -17.652  48.320 0.8888890147
40036  -20.856  -12.543  46.936 0.5555559993
40024  -21.144  -12.982  47.722 0.5555559993
90668  -10.343  -17.735  47.716 0.8888890147
92100  -9.413  -17.754  46.574 0.7777780294
90857  -10.330  -17.676  46.861 0.8888890147
40068  -20.782  -12.149  43.543 0.7777780294
42125  -26.885  -10.832  41.685 0.5555559993
91163  -10.031  -17.630  45.915 0.7777780294
90641  -21.270  -12.067  44.485 0.7777780294
41073  -26.105  -11.204  41.232 0.5555559993
35863  -8.383  -17.740  45.529 0.7777780294
91055  -9.196  -17.685  45.724 0.6666669846
108232  -21.272  -12.366  41.790 0.8888890147
40105  -21.686  -12.421  41.246 0.8888890147
40106  -22.435  -12.487  41.261 0.7777780294
41091  -25.063  -11.326  39.921 0.6666669846
41072  -25.311  -11.576  40.806 0.6666669846
90856  -8.982  -17.585  44.891 0.6666669846
92487  -20.941  -12.311  41.220 1.0000000000
40121  -21.512  -12.319  40.518 0.8888890147
41090  -24.305  -11.548  39.580 0.7777780294
35875  -7.387  -17.755  44.444 0.5555559993
40137  -21.084  -12.100  39.804 1.0000000000
40122  -22.329  -12.348  40.429 0.8888890147
40139  -22.893  -12.108  39.803 0.8888890147
41089  -23.509  -11.750  39.365 0.8888890147
91193  -7.989  -17.581  43.797 0.6666669846
92501  -8.795  -17.537  44.035 0.6666669846
40138  -21.996  -12.170  39.749 0.8888890147
41088  -22.516  -11.863  39.166 0.8888890147
92015  -7.779  -17.522  42.911 0.5555559993
90203  -14.529  -16.994  50.962 0.1111110002
35811  -15.235  -17.163  50.105 0.1111110002
38276  -18.905  -14.737  48.371 0.3333329856
36662  -15.003  -17.133  50.536 0.1111110002
36668  -12.709  -16.947  50.039 0.7777780294
36669  -14.323  -16.899  49.862 0.7777780294
39179  -19.347  -14.103  48.330 0.4444440007
36675  -13.279  -16.937  49.413 0.7777780294
101784  -19.663  -13.815  48.233 0.4444440007
103190  -11.343  -17.578  47.862 0.7777780294
35821  -12.423  -17.151  49.046 0.7777780294
40013  -19.657  -13.397  47.808 0.5555559993
40023  -20.530  -12.899  47.796 0.5555559993
35830  -11.864  -17.422  48.257 0.7777780294
40035  -19.876  -12.377  45.958 0.6666669846
35842  -11.628  -17.492  47.433 0.7777780294
40049  -19.681  -12.256  44.668 0.8888890147
108496  -27.249  -10.487  41.106 0.5555559993
91751  -27.640  -10.433  41.969 0.4444440007
35852  -11.229  -17.536  46.781 0.8888890147
93173  -19.905  -12.135  43.619 0.8888890147
42137  -26.643  -10.724  40.684 0.5555559993
91651  -10.887  -17.562  46.048 0.8888890147
90635  -20.593  -12.255  41.983 1.0000000000
35864  -9.782  -17.536  45.080 0.6666669846
92990  -9.575  -17.460  44.262 0.6666669846
107379  -23.014  -11.862  39.276 0.8888890147
41110  -23.986  -11.181  38.673 0.8888890147
41087  -21.590  -11.823  38.973 1.0000000000
90070  -23.117  -11.580  38.791 0.8888890147
100035  -6.642  -17.596  41.928 0.4444440007
99640  -8.427  -17.317  42.142 0.6666669846
35885  -9.410  -17.379  43.420 0.7777780294
96752  -7.458  -17.459  42.056 0.4444440007
35898  -9.275  -17.250  42.565 0.6666669846
93624  -9.212  -17.115  41.801 0.6666669846
35822  -15.878  -17.273  49.698 0.1111110002
36671  -15.532  -17.086  49.846 0.1111110002
37512  -19.029  -14.872  48.146 0.2222220004
36670  -15.286  -16.817  49.993 0.2222220004
38275  -18.340  -14.704  48.334 0.3333329856
39178  -18.894  -14.318  48.472 0.4444440007
90032  -13.740  -16.877  48.693 0.7777780294
39197  -18.687  -13.481  47.410 0.6666669846
39186  -19.132  -13.906  48.390 0.6666669846
35832  -13.195  -17.076  47.684 0.7777780294
40034  -19.055  -12.789  46.440 0.6666669846
42139  -27.880  -10.103  41.051 0.4444440007
43087  -28.594  -9.819  41.322 0.3333329856
35843  -12.372  -17.321  47.562 0.7777780294
40033  -18.344  -12.809  45.210 0.7777780294
103355  -19.137  -12.485  45.329 0.6666669846
42126  -28.427  -10.043  42.179 0.3333329856
35854  -12.773  -17.211  46.993 0.7777780294
40048  -18.838  -12.490  44.567 0.8888890147
91309  -27.232  -10.319  40.349 0.6666669846
105226  -11.562  -17.436  46.171 0.7777780294
35867  -12.106  -17.267  45.958 0.7777780294
36690  -12.776  -17.132  46.251 0.7777780294
40067  -18.928  -12.315  43.658 0.8888890147
40085  -19.901  -12.129  42.184 1.0000000000
42149  -25.889  -10.634  39.218 0.7777780294
42136  -25.842  -10.963  40.166 0.5555559993
35865  -10.615  -17.483  45.234 0.8888890147
35866  -11.551  -17.338  45.388 0.7777780294
40104  -20.022  -12.134  41.360 1.0000000000
42148  -24.980  -10.930  39.094 0.8888890147
108240  -25.444  -10.953  39.596 0.6666669846
35876  -10.328  -17.372  44.458 0.8888890147
36706  -11.960  -17.054  44.531 0.7777780294
40120  -20.587  -12.175  40.554 1.0000000000
41129  -23.211  -11.145  38.019 0.8888890147
35886  -10.159  -17.275  43.691 0.7777780294
36716  -11.458  -16.999  43.816 0.7777780294
101340  -12.314  -16.780  43.751 0.7777780294
41068  -19.395  -11.932  40.293 0.8888890147
40119  -19.844  -12.044  40.621 1.0000000000
41069  -20.109  -11.966  39.869 1.0000000000
35899  -10.050  -17.174  42.867 0.7777780294
36726  -11.756  -16.758  42.943 0.7777780294
41107  -20.770  -11.662  38.489 1.0000000000
41108  -21.578  -11.479  38.020 1.0000000000
107986  -11.172  -16.862  42.667 0.7777780294
35911  -8.743  -17.109  41.195 0.5555559993
36724  -9.940  -17.045  42.008 0.5555559993
36734  -10.724  -16.748  41.410 0.6666669846
35922  -9.024  -16.955  40.481 0.4444440007
36745  -11.170  -16.402  40.675 0.6666669846
37498  -16.255  -16.675  49.271 0.1111110002
35823  -16.549  -17.074  49.160 0.1111110002
36678  -16.884  -16.429  48.626 0.1111110002
37504  -18.213  -15.307  48.272 0.3333329856
36676  -14.895  -16.547  49.097 0.6666669846
36677  -15.776  -16.550  49.480 0.1111110002
95052  -16.291  -15.963  48.952 0.2222220004
37502  -16.865  -15.932  48.566 0.5555559993
38274  -17.536  -15.141  48.337 0.6666669846
38281  -17.032  -14.620  47.774 0.6666669846
38282  -17.706  -14.468  48.124 0.5555559993
39185  -18.250  -14.012  48.145 0.4444440007
36683  -14.141  -16.783  47.809 0.7777780294
38293  -17.452  -14.070  47.432 0.7777780294
39196  -17.955  -13.668  47.125 0.7777780294
43088  -29.165  -9.714  42.010 0.2222220004
39202  -17.581  -13.343  45.359 1.0000000000
39203  -18.148  -13.251  46.270 0.7777780294
42138  -27.745  -9.994  40.177 0.4444440007
90526  -29.885  -9.549  41.767 0.2222220004
36691  -13.478  -16.953  46.851 0.7777780294
107877  -17.662  -13.020  44.608 1.0000000000
36699  -13.624  -16.808  45.804 0.7777780294
40047  -18.155  -12.664  44.165 1.0000000000
42163  -26.646  -10.316  39.058 0.6666669846
42151  -27.334  -10.092  39.476 0.5555559993
43109  -27.992  -9.846  39.693 0.5555559993
36709  -14.154  -16.470  45.115 0.7777780294
40066  -17.944  -12.530  43.250 1.0000000000
91881  -19.451  -12.121  42.814 1.0000000000
42162  -26.219  -10.242  38.425 0.7777780294
43120  -27.110  -9.936  38.477 0.8888890147
43110  -28.517  -9.722  39.613 0.5555559993
36708  -13.399  -16.670  44.784 0.7777780294
40083  -17.740  -12.411  42.335 1.0000000000
40102  -18.370  -12.111  41.740 1.0000000000
42160  -24.788  -10.617  38.148 0.8888890147
42173  -25.588  -10.167  37.644 0.7777780294
107088  -27.162  -9.767  37.823 0.8888890147
36718  -13.209  -16.420  43.853 0.7777780294
40103  -19.089  -12.015  41.026 1.0000000000
41109  -22.419  -11.525  38.386 0.8888890147
42174  -26.559  -9.888  37.720 0.8888890147
36717  -12.684  -16.380  43.030 0.8888890147
37543  -13.354  -15.964  43.130 0.8888890147
41067  -18.690  -11.864  40.272 1.0000000000
41085  -19.240  -11.787  39.654 0.8888890147
42159  -23.997  -10.711  37.698 0.8888890147
93000  -11.391  -16.684  42.125 0.7777780294
36727  -12.285  -16.278  42.108 0.7777780294
37551  -13.110  -15.891  42.433 0.8888890147
41086  -20.693  -11.878  39.216 1.0000000000
36735  -11.652  -16.353  41.311 0.6666669846
37561  -13.496  -15.483  41.856 0.8888890147
36743  -9.622  -16.776  40.007 0.5555559993
36744  -10.449  -16.615  40.384 0.5555559993
37567  -11.839  -15.927  40.405 0.6666669846
37569  -13.084  -15.431  41.174 0.6666669846
36756  -11.091  -16.161  39.910 0.5555559993
37577  -11.639  -15.774  39.615 0.6666669846
36685  -15.673  -16.131  48.869 0.6666669846
37509  -16.630  -15.390  48.127 0.6666669846
36684  -15.085  -16.453  47.944 0.6666669846
37508  -15.844  -15.910  48.054 0.6666669846
37517  -15.787  -15.590  46.930 0.7777780294
37518  -16.390  -14.914  47.164 0.7777780294
38292  -16.761  -14.365  46.506 0.7777780294
43101  -30.691  -9.409  41.512 0.3333329856
37516  -15.232  -16.152  47.154 0.6666669846
37527  -15.394  -15.605  45.744 0.7777780294
38291  -15.980  -14.953  46.145 1.0000000000
38302  -16.261  -14.473  45.390 1.0000000000
43100  -29.158  -9.600  41.035 0.4444440007
36692  -14.433  -16.610  46.760 0.7777780294
37526  -14.958  -16.056  46.274 0.7777780294
39211  -16.380  -14.001  44.632 1.0000000000
39212  -17.031  -13.442  44.583 1.0000000000
43111  -29.112  -9.593  40.064 0.4444440007
90820  -29.923  -9.443  40.658 0.4444440007
43112  -30.476  -9.470  39.852 0.4444440007
36700  -14.402  -16.478  45.824 0.7777780294
91574  -29.096  -9.623  39.108 0.5555559993
108988  -29.724  -9.547  39.715 0.5555559993
43113  -31.320  -9.295  40.078 0.4444440007
37534  -13.964  -16.177  44.361 0.7777780294
92666  -14.750  -16.060  45.399 0.7777780294
38301  -15.637  -15.011  45.162 0.8888890147
38315  -15.906  -14.553  44.662 1.0000000000
39221  -16.531  -13.644  43.775 1.0000000000
39222  -17.299  -13.018  43.799 1.0000000000
90770  -28.067  -9.778  38.931 0.6666669846
92685  -31.098  -9.487  39.135 0.4444440007
38313  -14.617  -15.604  44.098 0.8888890147
40065  -17.094  -12.883  42.863 1.0000000000
95107  -27.855  -9.680  37.906 0.8888890147
43121  -28.686  -9.665  38.320 0.7777780294
43122  -29.591  -9.647  38.214 0.6666669846
37544  -13.908  -15.816  43.592 0.8888890147
40082  -16.956  -12.621  42.002 1.0000000000
42172  -24.705  -10.364  37.261 0.8888890147
92707  -27.175  -9.659  37.154 0.8888890147
97678  -28.884  -9.587  37.454 0.8888890147
43123  -30.725  -9.553  38.121 0.4444440007
37552  -13.966  -15.449  42.678 0.8888890147
40101  -17.547  -12.255  41.484 0.8888890147
40118  -18.141  -11.975  40.906 0.8888890147
41128  -22.403  -11.104  37.439 1.0000000000
42171  -23.301  -10.750  37.168 0.8888890147
94621  -24.034  -10.476  36.856 0.8888890147
107068  -24.590  -10.266  36.562 0.8888890147
42184  -26.178  -9.801  36.759 0.8888890147
43130  -28.015  -9.563  37.119 0.8888890147
43144  -28.544  -9.456  36.586 0.8888890147
43131  -30.035  -9.582  37.347 0.7777780294
38352  -14.035  -15.095  41.915 0.8888890147
41066  -17.909  -11.847  40.142 0.8888890147
92673  -19.887  -11.702  38.952 0.8888890147
41146  -22.045  -10.873  36.622 1.0000000000
42170  -22.749  -10.746  36.696 0.8888890147
104846  -23.431  -10.513  36.254 0.8888890147
42182  -24.793  -10.134  35.848 0.8888890147
43141  -26.274  -9.679  35.936 0.8888890147
43142  -26.882  -9.557  36.240 0.8888890147
93507  -13.722  -14.981  41.291 0.8888890147
39256  -14.820  -13.923  40.818 0.8888890147
41084  -18.425  -11.711  39.573 0.8888890147
41125  -20.060  -11.498  38.109 0.8888890147
41127  -21.465  -11.158  37.191 0.8888890147
42181  -22.563  -10.629  35.977 0.8888890147
93916  -24.004  -10.332  35.539 0.8888890147
42183  -25.636  -9.876  35.937 0.8888890147
43155  -27.397  -9.359  35.677 0.8888890147
37568  -12.655  -15.461  40.443 0.6666669846
38366  -14.052  -14.500  40.700 0.6666669846
90839  -18.600  -11.323  38.163 0.8888890147
90630  -18.694  -11.127  37.213 0.8888890147
41144  -20.610  -11.119  36.862 0.8888890147
41145  -21.350  -10.966  36.515 0.7777780294
104606  -24.172  -10.334  36.207 0.7777780294
43154  -26.684  -9.477  35.467 0.7777780294
38376  -12.933  -14.967  39.720 0.6666669846
38365  -13.340  -14.963  40.551 0.6666669846
95225  -13.662  -14.522  39.955 0.6666669846
107434  -20.102  -11.299  37.468 0.8888890147
92486  -20.015  -10.971  36.193 0.7777780294
42180  -21.720  -10.755  35.896 0.7777780294
94289  -23.193  -10.502  35.328 0.8888890147
42194  -23.831  -10.366  34.702 0.8888890147
42195  -24.576  -10.154  34.936 0.8888890147
43153  -26.018  -9.662  35.303 0.8888890147
96317  -26.435  -9.473  34.825 0.7777780294
41142  -18.192  -10.938  36.479 0.7777780294
41164  -20.351  -10.867  35.376 0.7777780294
42193  -22.233  -10.578  35.053 0.7777780294
92511  -23.037  -10.483  34.466 0.8888890147
42209  -24.400  -10.226  34.157 1.0000000000
42210  -25.094  -9.972  34.342 0.8888890147
91327  -17.644  -10.864  35.703 0.7777780294
41143  -19.104  -10.965  36.358 0.7777780294
42191  -20.639  -10.698  34.582 0.7777780294
42207  -22.350  -10.515  34.211 0.7777780294
42208  -23.679  -10.392  33.895 0.7777780294
42225  -24.290  -10.294  33.395 0.7777780294
42226  -24.869  -10.105  33.713 0.8888890147
108214  -18.274  -10.775  35.119 0.5555559993
41163  -19.486  -10.890  35.558 0.7777780294
42205  -20.095  -10.641  34.024 0.6666669846
92670  -20.789  -10.573  33.900 0.7777780294
42222  -21.299  -10.540  33.419 0.7777780294
42223  -22.864  -10.479  33.618 0.6666669846
42224  -23.545  -10.420  33.079 0.6666669846
42203  -18.474  -10.726  34.430 0.6666669846
42204  -19.293  -10.710  34.188 0.5555559993
42221  -20.385  -10.549  33.230 0.6666669846
90838  -21.972  -10.537  32.868 0.5555559993
42243  -23.310  -10.443  32.263 0.7777780294
42219  -18.703  -10.634  33.472 0.5555559993
42220  -19.611  -10.602  33.542 0.5555559993
91411  -19.536  -10.570  32.840 0.3333329856
91165  -21.103  -10.552  32.623 0.4444440007
42241  -21.716  -10.535  32.143 0.5555559993
42242  -22.466  -10.498  32.147 0.5555559993
42240  -20.263  -10.582  32.292 0.4444440007
42256  -21.037  -10.583  31.778 0.5555559993
42257  -21.961  -10.518  31.350 0.5555559993
91832  -30.739  -9.345  40.639 0.4444440007
43102  -31.462  -9.159  41.087 0.4444440007
37536  -15.087  -15.599  44.867 0.8888890147
39210  -15.882  -14.273  43.996 1.0000000000
43103  -32.113  -8.944  40.457 0.4444440007
38314  -15.345  -14.959  44.254 1.0000000000
90973  -16.449  -13.459  42.949 1.0000000000
100856  -31.896  -9.153  39.406 0.4444440007
37545  -14.437  -15.371  43.378 0.8888890147
38325  -14.870  -15.028  43.636 1.0000000000
39220  -15.846  -13.948  43.221 1.0000000000
39234  -15.723  -13.669  42.281 1.0000000000
43124  -31.669  -9.294  38.462 0.4444440007
38338  -14.749  -14.832  42.934 1.0000000000
39235  -16.491  -13.096  42.356 0.8888890147
40100  -16.799  -12.492  41.179 0.8888890147
40117  -17.359  -12.091  40.670 0.8888890147
43132  -30.894  -9.492  37.230 0.7777780294
97764  -14.451  -14.887  42.253 1.0000000000
39244  -15.088  -13.980  41.638 1.0000000000
39245  -15.579  -13.462  41.275 0.8888890147
40116  -16.651  -12.329  40.351 0.8888890147
40136  -17.198  -11.899  39.880 0.8888890147
104227  -29.854  -9.342  36.024 0.8888890147
43145  -29.495  -9.474  36.645 0.8888890147
38353  -14.472  -14.570  41.533 0.8888890147
39257  -15.440  -13.290  40.436 0.8888890147
41105  -18.083  -11.527  38.909 0.8888890147
92121  -29.063  -9.285  35.958 0.8888890147
38377  -14.300  -14.039  40.068 0.7777780294
41083  -17.174  -11.664  38.994 0.8888890147
108129  -17.746  -11.722  39.500 0.8888890147
41104  -17.680  -11.366  38.240 0.8888890147
108420  -27.884  -9.171  35.233 0.8888890147
43170  -28.704  -9.016  35.199 0.8888890147
90024  -12.861  -14.801  38.956 0.4444440007
107715  -13.950  -14.126  39.486 0.6666669846
94467  -27.184  -9.244  34.821 0.8888890147
39268  -13.423  -14.501  39.209 0.6666669846
41123  -16.678  -11.360  37.348 0.7777780294
41124  -17.391  -11.200  37.545 0.7777780294
103559  -18.042  -11.177  37.665 0.7777780294
41140  -16.503  -11.308  36.679 0.7777780294
90631  -17.901  -11.048  37.131 0.7777780294
42245  -24.939  -10.147  33.039 0.7777780294
43177  -25.578  -9.797  33.615 0.8888890147
41182  -16.860  -11.011  35.058 0.5555559993
42244  -24.225  -10.315  32.483 0.7777780294
41203  -17.097  -10.779  34.151 0.5555559993
41183  -17.695  -10.757  34.769 0.5555559993
42259  -23.806  -10.371  31.584 0.7777780294
42218  -17.679  -10.639  33.377 0.5555559993
42238  -18.839  -10.589  32.590 0.4444440007
42258  -22.937  -10.457  31.467 0.5555559993
103030  -18.200  -10.590  32.775 0.3333329856
42254  -18.328  -10.567  31.938 0.3333329856
42239  -19.362  -10.587  31.918 0.2222220004
104756  -20.150  -10.560  31.335 0.4444440007
42270  -21.055  -10.543  30.894 0.4444440007
96751  -22.587  -10.456  30.715 0.5555559993
99157  -18.079  -10.448  31.160 0.1111110002
42255  -18.842  -10.503  31.110 0.1111110002
101133  -20.989  -10.481  30.145 0.4444440007
42268  -18.854  -10.377  30.294 0.1111110002
96928  -19.512  -10.488  30.690 0.2222220004
42269  -20.272  -10.492  30.384 0.2222220004
43981  -32.309  -8.869  41.639 0.2222220004
43114  -32.408  -8.633  39.780 0.4444440007
44002  -32.639  -8.176  39.152 0.4444440007
43125  -32.258  -8.861  38.770 0.4444440007
43146  -30.513  -9.422  36.500 0.8888890147
43148  -31.982  -8.989  37.248 0.8888890147
40099  -16.099  -12.841  40.828 0.8888890147
43147  -31.479  -9.185  36.713 0.8888890147
40115  -15.957  -12.685  39.995 0.8888890147
43157  -29.652  -9.056  35.438 0.8888890147
39270  -15.255  -13.083  39.651 0.7777780294
40134  -15.758  -12.466  39.189 0.8888890147
40135  -16.502  -12.121  39.522 0.8888890147
43158  -30.467  -9.136  35.719 0.8888890147
39269  -14.528  -13.596  39.343 0.6666669846
39282  -15.040  -12.888  38.852 0.7777780294
40150  -15.595  -12.306  38.368 0.7777780294
40151  -16.318  -11.915  38.691 0.8888890147
38389  -13.159  -14.380  38.372 0.6666669846
39280  -13.864  -13.963  38.823 0.6666669846
40164  -16.126  -11.753  37.878 0.7777780294
41103  -16.867  -11.477  38.130 0.7777780294
38406  -13.235  -14.052  37.647 0.4444440007
39289  -13.787  -13.791  38.028 0.4444440007
93874  -15.338  -12.118  36.762 0.6666669846
38419  -12.968  -13.995  36.963 0.4444440007
92385  -13.662  -13.606  37.268 0.4444440007
41160  -15.577  -11.782  35.401 0.6666669846
41181  -16.034  -11.403  34.734 0.5555559993
106871  -16.570  -11.064  34.473 0.5555559993
97303  -16.199  -11.126  33.897 0.5555559993
41219  -15.894  -10.903  33.026 0.4444440007
42236  -16.440  -10.599  32.441 0.1111110002
94542  -16.845  -10.464  31.855 0.1111110002
42253  -17.490  -10.457  31.546 0.1111110002
99114  -16.144  -10.326  31.763 0.1111110002
42252  -16.758  -10.174  31.147 0.1111110002
42266  -17.524  -10.241  30.790 0.1111110002
42267  -18.202  -10.309  30.480 0.1111110002
99367  -21.804  -10.477  30.353 0.3333329856
108351  -22.400  -10.434  30.201 0.4444440007
43989  -32.821  -8.431  41.015 0.1111110002
43996  -32.831  -8.166  40.158 0.2222220004
44786  -33.292  -7.766  40.920 0.1111110002
93498  -33.389  -6.818  40.721 0.1111110002
96854  -32.803  -6.476  39.657 0.2222220004
44807  -32.622  -7.617  38.303 0.5555559993
95658  -32.318  -8.617  37.460 0.7777780294
43159  -31.120  -9.151  36.014 0.8888890147
44015  -32.212  -8.492  36.716 0.8888890147
44020  -31.103  -8.754  35.449 0.8888890147
44021  -32.196  -7.946  35.907 0.8888890147
40149  -14.918  -12.746  38.023 0.7777780294
44019  -30.342  -8.704  35.076 0.8888890147
39281  -14.419  -13.390  38.444 0.6666669846
40162  -14.821  -12.652  37.219 0.6666669846
44027  -29.490  -8.693  34.748 0.8888890147
44028  -30.215  -8.289  34.378 0.8888890147
39290  -14.314  -13.227  37.635 0.5555559993
40177  -15.161  -12.144  35.998 0.5555559993
41202  -15.316  -11.406  33.473 0.3333329856
45623  -33.829  -6.239  41.243 0.1111110002
100371  -33.283  -5.821  40.510 0.1111110002
45633  -32.519  -6.688  38.601 0.5555559993
46463  -32.732  -5.522  39.624 0.1111110002
46438  -33.759  -5.174  40.994 0.1111110002
45640  -32.452  -6.953  37.546 0.7777780294
45648  -32.349  -6.762  36.656 0.7777780294
94267  -32.283  -5.988  38.115 0.3333329856
100757  -31.668  -8.199  35.321 0.8888890147
44819  -32.284  -7.078  35.927 0.8888890147
104291  -31.457  -7.747  34.824 0.8888890147
44036  -29.297  -8.372  33.956 0.8888890147
44029  -31.001  -8.260  34.834 1.0000000000
90972  -28.728  -8.289  33.244 1.0000000000
44824  -30.899  -7.636  34.197 1.0000000000
48236  -33.263  -3.583  40.601 0.1111110002
99814  -32.910  -4.253  40.073 0.2222220004
47304  -33.534  -4.362  40.808 0.1111110002
46473  -32.048  -5.257  37.663 0.4444440007
101028  -32.337  -5.171  38.736 0.2222220004
46481  -31.850  -5.323  36.703 0.5555559993
46482  -32.173  -6.058  37.143 0.6666669846
45647  -32.100  -6.173  36.185 0.6666669846
45662  -31.401  -6.386  34.529 1.0000000000
44825  -31.514  -7.093  34.631 1.0000000000
44834  -30.986  -6.772  34.048 1.0000000000
44833  -30.440  -7.152  33.495 1.0000000000
44832  -29.743  -7.456  33.080 1.0000000000
49176  -33.157  -2.713  40.429 0.1111110002
49188  -32.791  -2.347  39.445 0.2222220004
94315  -32.708  -3.416  39.591 0.2222220004
106855  -33.580  -3.082  40.905 0.2222220004
49200  -32.405  -2.963  38.577 0.2222220004
47342  -32.139  -4.371  38.042 0.2222220004
96642  -32.311  -3.734  38.650 0.2222220004
47341  -31.843  -4.669  37.182 0.5555559993
48268  -31.802  -3.961  37.157 0.5555559993
48269  -32.088  -3.484  37.834 0.2222220004
47353  -31.616  -4.443  36.363 0.6666669846
105284  -31.627  -3.654  36.511 0.5555559993
46519  -30.960  -5.947  34.095 0.8888890147
97986  -31.392  -5.600  34.759 0.8888890147
108621  -31.361  -5.027  35.131 0.7777780294
108056  -30.909  -5.235  34.240 1.0000000000
45675  -29.974  -6.715  32.871 1.0000000000
45668  -30.537  -6.308  33.435 1.0000000000
45674  -29.570  -6.355  32.057 1.0000000000
45688  -28.683  -6.697  30.799 1.0000000000
44848  -29.066  -6.987  31.851 1.0000000000
49177  -33.718  -2.249  40.942 0.1111110002
99129  -32.507  -2.074  38.380 0.2222220004
105074  -32.199  -1.914  37.547 0.3333329856
49216  -32.117  -2.651  37.666 0.2222220004
49215  -31.779  -3.149  37.014 0.2222220004
49231  -31.833  -2.202  36.784 0.2222220004
48279  -31.469  -3.757  35.939 0.5555559993
47364  -31.333  -4.359  35.392 0.7777780294
48282  -31.234  -3.354  35.349 0.6666669846
47372  -31.074  -4.762  34.707 0.7777780294
48288  -30.915  -3.775  34.594 0.7777780294
47371  -30.742  -4.539  34.037 1.0000000000
46533  -30.095  -5.811  32.765 1.0000000000
94117  -29.371  -5.753  31.330 1.0000000000
46532  -29.782  -5.366  32.026 1.0000000000
45689  -28.932  -6.037  30.687 1.0000000000
45682  -29.043  -6.531  31.327 1.0000000000
44862  -28.142  -7.006  29.727 1.0000000000
49189  -33.294  -1.749  40.300 0.2222220004
50154  -33.806  -1.377  40.736 0.1111110002
50177  -32.957  -1.227  39.246 0.2222220004
50187  -32.517  -1.224  37.978 0.2222220004
108414  -31.625  -2.042  35.893 0.5555559993
49245  -31.360  -2.367  35.195 0.5555559993
104948  -30.969  -2.896  34.778 0.7777780294
48293  -30.624  -3.701  33.699 0.8888890147
47389  -30.137  -4.740  32.708 1.0000000000
46544  -29.577  -4.864  31.372 1.0000000000
46558  -29.176  -5.170  30.691 1.0000000000
45708  -28.327  -6.217  29.407 1.0000000000
46557  -28.712  -5.501  29.914 1.0000000000
109050  -28.092  -6.084  28.740 1.0000000000
45713  -27.475  -6.116  27.454 0.7777780294
45721  -27.025  -5.751  26.747 0.4444440007
50164  -33.454  -0.156  39.522 0.1111110002
51097  -32.921  -0.342  38.480 0.2222220004
50197  -31.866  -1.375  36.169 0.4444440007
103088  -32.178  -0.758  36.454 0.2222220004
49259  -31.438  -1.783  34.590 0.7777780294
48287  -30.823  -2.762  34.005 0.7777780294
49258  -31.119  -2.290  34.500 0.6666669846
94324  -30.551  -2.901  33.153 0.7777780294
48301  -30.331  -3.779  32.946 1.0000000000
48300  -30.283  -3.035  32.405 0.8888890147
49265  -30.859  -2.223  33.290 0.8888890147
104216  -29.848  -4.558  31.962 1.0000000000
47388  -30.033  -3.867  32.228 1.0000000000
47407  -29.402  -4.329  30.837 1.0000000000
48312  -30.008  -3.191  31.808 1.0000000000
106090  -29.858  -2.888  31.165 1.0000000000
47406  -28.993  -4.307  30.101 1.0000000000
46567  -28.315  -5.423  29.031 0.8888890147
96288  -28.561  -4.699  29.412 1.0000000000
47417  -28.528  -3.705  29.412 1.0000000000
46574  -27.856  -5.471  28.182 0.8888890147
46580  -27.324  -5.102  27.371 0.8888890147
105237  -27.523  -4.500  27.980 0.7777780294
46586  -26.372  -5.460  26.201 0.3333329856
47438  -26.957  -3.836  27.419 0.3333329856
47472  -26.120  -4.554  26.264 0.2222220004
51075  -34.035  0.058  40.216 0.1111110002
51085  -33.382  0.402  38.867 0.1111110002
92262  -32.539  -0.376  37.277 0.3333329856
51109  -32.050  -0.682  35.660 0.3333329856
51110  -32.456  -0.126  36.219 0.3333329856
50208  -31.702  -1.400  35.204 0.4444440007
50230  -31.736  -1.360  34.346 0.4444440007
51140  -32.048  -0.784  34.853 0.4444440007
50229  -31.239  -1.875  33.879 0.6666669846
94360  -31.117  -1.908  32.964 0.7777780294
50246  -31.478  -1.677  32.864 0.7777780294
49279  -30.325  -2.573  31.715 0.8888890147
49280  -30.711  -2.293  32.486 0.7777780294
102529  -31.193  -1.941  32.253 0.7777780294
50266  -30.928  -2.003  31.499 0.7777780294
49294  -30.163  -2.467  30.926 0.8888890147
50260  -30.732  -2.232  31.673 0.8888890147
51185  -30.504  -2.013  30.755 0.7777780294
51186  -31.159  -1.665  31.392 0.6666669846
51201  -31.481  -1.321  31.266 0.6666669846
48329  -29.419  -3.364  30.568 1.0000000000
96656  -29.739  -2.695  30.486 1.0000000000
50265  -30.375  -2.325  30.783 1.0000000000
50274  -29.938  -2.342  30.086 1.0000000000
50275  -30.876  -1.588  30.579 0.7777780294
48328  -29.235  -3.055  30.084 0.8888890147
50273  -29.312  -2.478  29.456 1.0000000000
51200  -30.134  -1.976  30.147 0.8888890147
50288  -30.307  -1.720  29.717 0.8888890147
50289  -31.343  -1.534  29.769 0.7777780294
47427  -28.067  -4.369  28.701 0.8888890147
97026  -28.948  -3.275  29.907 0.8888890147
48346  -28.597  -2.745  29.369 0.8888890147
49308  -28.617  -2.420  29.088 1.0000000000
50287  -29.643  -1.868  29.251 0.8888890147
48365  -27.887  -3.099  28.883 0.8888890147
103672  -29.146  -2.616  29.509 0.8888890147
50286  -28.704  -2.166  28.994 1.0000000000
50305  -29.861  -1.771  28.909 1.0000000000
47426  -27.417  -3.502  28.208 0.8888890147
48345  -27.970  -2.428  28.812 0.8888890147
49315  -28.052  -2.162  28.625 1.0000000000
50304  -28.932  -1.814  28.774 1.0000000000
94757  -30.900  -1.728  28.950 1.0000000000
48383  -27.013  -2.921  27.817 0.6666669846
48364  -27.422  -2.621  28.296 0.7777780294
49314  -27.543  -2.224  28.199 0.8888890147
50303  -28.188  -1.905  28.488 1.0000000000
100133  -28.564  -1.723  28.075 1.0000000000
91089  -29.493  -1.789  28.125 1.0000000000
48397  -26.230  -2.885  26.661 0.2222220004
48382  -26.617  -2.831  27.228 0.4444440007
48363  -27.094  -2.414  27.675 0.6666669846
102616  -27.289  -2.202  27.580 0.6666669846
103039  -27.642  -1.988  28.121 0.8888890147
50317  -26.767  -2.418  26.956 0.4444440007
50318  -27.913  -1.800  27.920 0.8888890147
50335  -28.203  -1.813  27.391 0.8888890147
49326  -29.157  -1.935  27.386 0.8888890147
49342  -26.310  -2.534  26.343 0.4444440007
49360  -26.021  -2.506  25.710 0.5555559993
50333  -26.590  -2.297  26.367 0.5555559993
50334  -27.050  -2.099  26.931 0.6666669846
97076  -28.810  -2.169  26.610 0.8888890147
49361  -26.650  -2.277  25.722 0.5555559993
49343  -27.130  -2.111  26.301 0.6666669846
51098  -32.986  0.499  38.001 0.1111110002
51929  -34.383  1.485  39.339 0.1111110002
51940  -32.870  0.518  36.921 0.3333329856
51125  -32.440  -0.192  35.357 0.4444440007
51953  -32.940  0.434  35.960 0.2222220004
51156  -32.102  -1.104  34.075 0.4444440007
50247  -31.622  -1.526  33.561 0.6666669846
51155  -31.850  -1.358  33.152 0.6666669846
51174  -32.022  -1.088  32.579 0.7777780294
51187  -31.678  -1.225  31.905 0.6666669846
98657  -32.088  -1.039  31.533 0.6666669846
51202  -32.842  -1.064  31.113 0.6666669846
50290  -32.410  -1.507  29.652 0.7777780294
50277  -33.039  -1.290  30.284 0.6666669846
51203  -33.567  -1.121  30.769 0.7777780294
50276  -31.981  -1.302  30.620 0.6666669846
50278  -33.919  -1.305  30.133 0.7777780294
50306  -32.873  -1.766  28.888 0.8888890147
50291  -33.412  -1.509  29.499 0.8888890147
93686  -31.901  -1.748  28.967 0.8888890147
49318  -33.182  -2.057  28.183 0.8888890147
49329  -32.444  -2.288  27.623 0.8888890147
49316  -31.615  -2.033  28.245 0.8888890147
49328  -31.513  -2.316  27.552 0.7777780294
92253  -30.928  -2.486  26.950 0.7777780294
49327  -30.048  -2.133  27.425 0.8888890147
49345  -29.886  -2.410  26.669 0.8888890147
49385  -27.138  -2.520  24.938 0.5555559993
49362  -27.446  -2.253  25.740 0.7777780294
49344  -27.683  -1.962  26.646 0.6666669846
49363  -28.447  -2.409  25.774 0.7777780294
49386  -28.113  -2.714  24.940 0.6666669846
52757  -34.255  1.947  38.770 0.1111110002
51928  -33.682  1.222  38.689 0.1111110002
51941  -33.401  1.197  37.602 0.1111110002
51954  -33.450  1.132  36.607 0.2222220004
51966  -33.628  0.893  35.798 0.2222220004
51141  -32.461  -0.492  34.671 0.3333329856
51965  -33.107  0.213  35.085 0.3333329856
51981  -33.785  0.338  34.390 0.3333329856
51980  -33.021  -0.263  34.255 0.3333329856
51157  -32.848  -0.546  33.514 0.3333329856
51158  -33.268  -0.376  33.014 0.3333329856
90225  -32.270  -0.960  33.372 0.5555559993
51175  -32.604  -0.702  32.695 0.4444440007
51176  -33.382  -0.471  32.352 0.3333329856
52006  -34.042  -0.062  32.880 0.3333329856
51188  -32.738  -0.744  31.899 0.6666669846
51177  -34.896  -0.080  32.253 0.3333329856
51190  -34.596  -0.569  31.461 0.3333329856
51204  -34.294  -1.008  30.789 0.3333329856
50279  -34.779  -1.213  30.051 0.6666669846
51205  -35.166  -0.826  30.741 0.4444440007
50292  -34.293  -1.489  29.388 0.7777780294
90175  -36.076  -0.690  30.836 0.3333329856
50307  -33.763  -1.744  28.760 0.8888890147
98609  -36.026  -1.423  29.138 0.5555559993
96605  -34.622  -1.749  28.658 0.7777780294
50308  -35.468  -1.710  28.528 0.7777780294
49319  -34.064  -2.077  28.061 0.8888890147
50320  -34.919  -2.028  27.927 0.8888890147
49348  -33.796  -2.447  26.655 0.7777780294
49331  -34.359  -2.281  27.309 0.8888890147
49347  -32.872  -2.513  26.769 0.7777780294
49346  -31.951  -2.558  26.870 0.7777780294
49364  -29.534  -2.648  25.804 0.8888890147
49365  -30.675  -2.773  25.852 0.7777780294
49406  -27.767  -3.005  24.123 0.6666669846
49387  -29.124  -2.906  24.972 0.7777780294
49388  -30.115  -3.014  24.983 0.6666669846
48432  -28.738  -3.123  24.131 0.7777780294
48433  -29.673  -3.248  24.183 0.6666669846
48454  -29.278  -3.496  23.375 0.6666669846
48434  -30.560  -3.258  24.185 0.6666669846
52790  -34.230  1.637  36.275 0.2222220004
104258  -34.128  1.199  35.706 0.2222220004
52804  -34.652  1.476  35.536 0.2222220004
52805  -35.640  1.851  35.297 0.1111110002
51991  -33.548  -0.095  33.629 0.3333329856
51992  -34.335  0.404  33.748 0.3333329856
93466  -35.116  0.790  33.909 0.3333329856
52807  -37.190  2.114  34.682 0.2222220004
52819  -37.676  1.923  34.234 0.2222220004
52024  -35.851  0.004  32.071 0.3333329856
51191  -35.465  -0.405  31.443 0.3333329856
93166  -36.305  0.481  32.731 0.3333329856
97253  -36.240  -0.307  31.468 0.3333329856
51192  -37.052  -0.437  31.156 0.3333329856
51206  -36.740  -0.900  30.287 0.3333329856
51207  -37.674  -0.766  30.450 0.3333329856
51214  -37.312  -1.114  29.710 0.3333329856
50294  -36.894  -1.399  29.022 0.5555559993
49332  -35.205  -2.237  27.166 0.7777780294
50321  -35.751  -1.942  27.760 0.8888890147
50322  -36.582  -1.818  27.537 0.7777780294
49333  -36.021  -2.158  26.974 0.8888890147
96494  -31.501  -2.699  26.215 0.7777780294
95748  -32.285  -2.722  26.051 0.7777780294
96684  -33.240  -2.638  25.946 0.7777780294
101693  -34.676  -2.399  26.535 0.7777780294
49369  -34.991  -2.476  25.755 0.7777780294
49350  -35.490  -2.364  26.383 0.7777780294
49349  -34.159  -2.530  25.861 0.7777780294
49351  -36.300  -2.302  26.162 0.8888890147
49366  -31.648  -2.874  25.482 0.7777780294
49367  -32.577  -2.851  25.131 0.7777780294
49368  -33.662  -2.715  25.122 0.7777780294
96242  -34.562  -2.577  25.093 0.7777780294
93988  -31.032  -3.080  24.906 0.7777780294
48435  -31.416  -3.192  24.161 0.7777780294
49390  -33.192  -2.816  24.295 0.7777780294
48455  -30.151  -3.481  23.422 0.6666669846
90218  -32.285  -3.018  24.213 0.7777780294
49408  -32.841  -2.960  23.362 0.7777780294
48456  -31.006  -3.357  23.431 0.7777780294
49407  -31.880  -3.205  23.452 0.7777780294
48474  -31.838  -3.372  22.006 0.5555559993
98278  -32.921  -3.024  22.547 0.7777780294
49425  -33.534  -2.867  22.726 0.7777780294
92945  -30.717  -3.751  21.129 0.5555559993
48493  -31.548  -3.504  21.278 0.5555559993
48494  -32.236  -3.296  21.435 0.6666669846
48509  -31.317  -3.576  20.402 0.5555559993
48510  -32.160  -3.315  20.699 0.5555559993
48527  -31.122  -3.587  19.519 0.3333329856
48528  -31.976  -3.335  19.801 0.5555559993
52791  -35.139  2.170  36.151 0.2222220004
53678  -36.448  2.287  35.457 0.2222220004
52816  -34.789  0.985  34.635 0.3333329856
52817  -35.779  1.400  34.394 0.3333329856
52818  -36.713  1.608  34.139 0.3333329856
51993  -35.842  0.830  33.537 0.3333329856
52834  -37.303  1.371  33.665 0.3333329856
52835  -38.110  1.456  33.559 0.3333329856
51994  -36.678  0.983  33.415 0.3333329856
52009  -38.407  0.808  32.742 0.3333329856
52025  -37.734  0.135  31.963 0.3333329856
52010  -39.426  0.934  32.683 0.2222220004
101304  -36.745  0.082  31.994 0.3333329856
52026  -38.768  0.234  31.951 0.2222220004
52027  -39.786  0.447  31.917 0.2222220004
51193  -38.165  -0.379  31.244 0.3333329856
51208  -38.610  -0.677  30.566 0.3333329856
51195  -40.153  -0.006  31.087 0.2222220004
51209  -39.921  -0.557  30.174 0.2222220004
52038  -41.322  0.621  31.276 0.2222220004
50296  -38.714  -1.142  29.175 0.3333329856
51216  -39.598  -0.886  29.337 0.2222220004
51217  -40.517  -0.500  29.548 0.2222220004
50309  -37.338  -1.551  28.171 0.6666669846
50311  -39.272  -1.199  28.530 0.4444440007
51224  -40.202  -0.850  28.669 0.3333329856
50323  -37.368  -1.727  27.229 0.8888890147
50310  -38.361  -1.379  28.378 0.6666669846
50336  -36.807  -2.024  26.725 0.8888890147
97552  -38.092  -1.546  27.563 0.6666669846
94439  -38.954  -1.398  27.721 0.4444440007
49370  -35.780  -2.441  25.605 0.7777780294
49352  -37.083  -2.176  25.937 0.7777780294
50337  -37.548  -1.865  26.461 0.7777780294
96241  -35.319  -2.500  25.020 0.7777780294
91485  -34.141  -2.685  24.339 0.7777780294
49391  -34.964  -2.559  24.338 0.7777780294
49409  -33.790  -2.768  23.543 0.7777780294
91003  -34.622  -2.620  23.596 0.7777780294
91343  -33.331  -2.936  21.968 0.6666669846
49426  -34.314  -2.696  22.853 0.6666669846
49439  -32.953  -3.021  21.181 0.6666669846
90789  -34.056  -2.758  22.086 0.6666669846
92858  -30.410  -3.754  19.214 0.5555559993
49453  -32.831  -3.041  20.202 0.6666669846
49440  -33.799  -2.812  21.348 0.6666669846
105335  -34.197  -2.692  20.824 0.6666669846
48543  -30.114  -3.688  18.500 0.1111110002
48544  -30.934  -3.528  18.711 0.3333329856
48545  -31.720  -3.333  18.940 0.5555559993
49470  -32.672  -3.047  19.133 0.5555559993
49471  -33.503  -2.836  19.686 0.6666669846
97555  -34.208  -2.667  20.123 0.6666669846
52054  -42.161  0.674  28.923 0.2222220004
52061  -42.455  0.802  27.805 0.2222220004
51225  -40.783  -0.669  27.867 0.3333329856
52055  -43.329  1.510  28.375 0.1111110002
50324  -38.646  -1.537  26.951 0.5555559993
50312  -39.828  -1.161  27.849 0.4444440007
50338  -38.295  -1.725  26.278 0.7777780294
105020  -35.967  -2.451  24.940 0.7777780294
49371  -36.605  -2.375  25.290 0.8888890147
105774  -37.356  -2.216  25.293 0.7777780294
49372  -37.827  -1.950  25.707 0.7777780294
49393  -36.468  -2.413  24.448 0.7777780294
49392  -35.726  -2.476  24.343 0.7777780294
49410  -35.424  -2.511  23.614 0.7777780294
49411  -36.207  -2.413  23.675 0.7777780294
103266  -35.892  -2.415  22.874 0.7777780294
49427  -35.084  -2.555  22.849 0.6666669846
49442  -35.499  -2.385  21.887 0.7777780294
92529  -34.724  -2.589  22.209 0.6666669846
102615  -35.232  -2.381  21.025 0.6666669846
49457  -35.854  -2.159  20.968 0.7777780294
49489  -31.431  -3.263  18.289 0.3333329856
49490  -32.153  -3.050  18.287 0.5555559993
100094  -33.492  -2.754  18.885 0.5555559993
49455  -34.784  -2.497  20.577 0.6666669846
49456  -35.469  -2.254  20.296 0.7777780294
50383  -36.157  -1.923  20.197 0.7777780294
49514  -31.591  -2.912  17.696 0.3333329856
49491  -33.045  -2.726  18.246 0.4444440007
49472  -34.172  -2.575  19.250 0.6666669846
49473  -34.896  -2.389  19.733 0.6666669846
50396  -35.696  -2.021  19.361 0.7777780294
101707  -41.582  -0.017  28.153 0.2222220004
50326  -40.233  -0.989  27.251 0.4444440007
51233  -41.659  0.048  27.348 0.3333329856
50325  -39.524  -1.312  26.984 0.4444440007
104657  -39.747  -1.320  26.246 0.4444440007
50339  -39.090  -1.560  26.245 0.4444440007
50348  -40.313  -1.067  25.827 0.4444440007
50346  -38.699  -1.776  25.435 0.5555559993
49394  -37.232  -2.277  24.646 0.8888890147
50353  -37.942  -2.038  24.947 0.7777780294
50354  -38.620  -1.833  24.523 0.5555559993
49412  -37.039  -2.249  23.834 0.7777780294
49429  -36.737  -2.227  23.002 0.7777780294
49428  -36.386  -2.184  22.192 0.7777780294
50368  -37.210  -1.889  22.281 0.7777780294
49443  -36.212  -2.111  21.501 0.7777780294
50376  -36.817  -1.858  21.559 0.7777780294
50377  -37.514  -1.577  21.557 0.7777780294
50384  -36.500  -1.845  20.896 0.7777780294
92920  -36.821  -1.506  20.221 0.7777780294
49515  -32.427  -2.623  17.570 0.3333329856
49492  -34.015  -2.361  18.310 0.5555559993
50409  -34.808  -1.940  18.006 0.7777780294
50412  -36.783  -1.174  18.917 0.7777780294
49532  -32.582  -2.121  16.855 0.4444440007
49517  -34.196  -1.956  17.576 0.5555559993
50410  -35.510  -1.805  18.418 0.7777780294
50411  -36.219  -1.540  18.699 0.7777780294
51309  -35.983  -1.333  17.914 0.7777780294
51232  -40.918  -0.579  26.953 0.3333329856
52069  -42.711  1.096  26.765 0.3333329856
51239  -41.002  -0.533  26.156 0.4444440007
51240  -41.800  0.210  26.469 0.3333329856
50347  -39.598  -1.463  25.588 0.5555559993
50355  -39.425  -1.571  24.800 0.5555559993
50361  -37.854  -2.020  24.132 0.8888890147
50362  -38.555  -1.752  23.720 0.6666669846
90417  -37.729  -1.899  23.129 0.8888890147
92290  -38.033  -1.575  22.192 0.6666669846
50378  -38.181  -1.195  21.448 0.6666669846
92113  -37.146  -1.529  20.917 0.7777780294
50386  -38.192  -0.826  20.752 0.6666669846
50385  -37.539  -1.035  20.294 0.7777780294
50398  -37.120  -1.069  19.525 0.7777780294
51288  -37.817  -0.576  19.507 0.7777780294
50426  -33.929  -1.664  16.938 0.4444440007
50427  -34.751  -1.492  17.210 0.5555559993
100599  -35.343  -1.570  17.745 0.7777780294
50443  -34.332  -1.209  16.534 0.5555559993
50428  -35.566  -1.128  17.205 0.7777780294
52074  -42.915  1.188  25.942 0.3333329856
51246  -41.899  0.312  25.707 0.3333329856
51245  -41.056  -0.514  25.399 0.4444440007
51252  -41.884  0.322  25.149 0.3333329856
50356  -40.277  -1.128  25.038 0.4444440007
51251  -41.143  -0.322  24.609 0.4444440007
51250  -39.998  -1.114  24.126 0.4444440007
91621  -39.195  -1.603  24.131 0.5555559993
51256  -39.882  -0.895  23.233 0.5555559993
50369  -38.619  -1.505  22.878 0.5555559993
50370  -39.284  -1.146  22.822 0.5555559993
51263  -38.860  -1.007  22.070 0.5555559993
51271  -39.453  -0.292  21.622 0.5555559993
51270  -38.776  -0.595  21.188 0.5555559993
51279  -38.659  -0.279  20.442 0.5555559993
52110  -39.221  0.032  20.847 0.5555559993
51278  -38.125  -0.560  20.112 0.7777780294
52109  -39.072  0.353  20.040 0.6666669846
51289  -38.448  -0.145  19.679 0.7777780294
52138  -37.791  -0.043  18.141 0.7777780294
51297  -37.407  -0.632  18.683 0.7777780294
51315  -34.341  -0.708  15.808 0.2222220004
51317  -35.836  -0.668  16.536 0.7777780294
96233  -36.423  -0.740  17.279 0.7777780294
51310  -37.230  -0.399  17.743 0.7777780294
51327  -33.385  -0.703  15.497 0.2222220004
51316  -35.025  -0.938  16.528 0.6666669846
53013  -37.586  1.240  15.211 0.7777780294
104600  -37.849  1.927  14.936 0.7777780294
53888  -38.194  2.609  14.630 0.7777780294
52081  -43.869  1.154  24.900 0.4444440007
52080  -42.586  0.971  24.883 0.3333329856
52086  -41.576  0.338  24.128 0.4444440007
51257  -40.710  -0.437  23.675 0.4444440007
92859  -41.261  0.471  23.268 0.4444440007
51264  -39.687  -0.614  22.438 0.4444440007
105033  -40.361  -0.319  22.908 0.4444440007
52093  -40.314  0.208  22.177 0.4444440007
52101  -40.496  0.849  21.577 0.4444440007
92739  -39.829  0.410  21.257 0.5555559993
52111  -40.178  1.118  20.801 0.4444440007
100715  -39.593  0.558  20.575 0.5555559993
52956  -39.686  1.004  20.029 0.5555559993
52957  -40.354  1.669  20.086 0.4444440007
52123  -38.756  0.309  19.299 0.7777780294
51298  -38.218  -0.031  18.841 0.7777780294
52165  -34.825  -0.090  15.147 0.3333329856
51328  -35.321  -0.454  15.839 0.4444440007
51329  -36.131  -0.194  15.926 0.7777780294
51318  -37.064  -0.126  16.891 0.7777780294
52157  -37.587  0.400  16.369 0.7777780294
52178  -34.363  0.458  14.554 0.2222220004
52166  -35.700  0.113  15.274 0.6666669846
52168  -37.277  0.611  15.603 0.7777780294
108526  -38.131  1.560  15.477 0.7777780294
53025  -33.918  1.044  14.023 0.2222220004
53014  -38.470  2.171  15.325 0.7777780294
54754  -38.054  3.800  12.758 0.6666669846
55561  -37.681  4.017  12.018 0.5555559993
52896  -43.625  1.914  25.180 0.4444440007
52087  -42.468  1.253  24.357 0.4444440007
52094  -42.347  1.556  23.647 0.4444440007
52925  -41.356  1.226  22.391 0.4444440007
52941  -40.955  1.576  21.416 0.4444440007
105079  -40.754  1.819  20.735 0.4444440007
52971  -39.860  1.496  19.343 0.5555559993
53830  -41.150  2.446  20.337 0.4444440007
52124  -39.262  0.835  19.338 0.7777780294
95190  -38.349  0.449  18.049 0.7777780294
52139  -38.811  0.638  18.675 0.7777780294
52986  -38.954  1.115  17.902 0.7777780294
52150  -38.495  0.773  17.371 0.7777780294
52996  -38.861  1.341  17.041 0.7777780294
52149  -37.841  0.272  17.309 0.7777780294
52158  -38.288  0.839  16.649 0.7777780294
53004  -38.642  1.605  16.119 0.7777780294
53005  -39.381  2.150  16.772 0.7777780294
53003  -37.965  0.988  15.870 0.7777780294
54718  -39.427  3.284  15.435 0.7777780294
54729  -39.166  3.687  14.723 0.7777780294
54728  -38.569  3.317  14.299 0.7777780294
54739  -38.327  3.620  13.547 0.7777780294
54740  -38.982  4.009  13.963 0.7777780294
55547  -38.846  4.250  13.079 0.7777780294
55562  -38.434  4.254  12.213 0.5555559993
52926  -42.588  2.203  23.062 0.4444440007
52942  -41.950  2.257  22.037 0.4444440007
53804  -43.249  3.002  22.655 0.4444440007
53815  -41.529  2.384  21.134 0.4444440007
53816  -42.724  3.115  21.666 0.4444440007
53831  -42.242  3.188  20.797 0.4444440007
53844  -40.696  2.362  19.402 0.4444440007
52140  -39.387  1.260  18.645 0.7777780294
53858  -39.940  1.960  18.606 0.5555559993
52987  -39.493  1.630  18.063 0.7777780294
53865  -39.879  2.251  17.740 0.5555559993
52997  -39.319  1.678  17.493 0.7777780294
54719  -40.058  3.702  15.750 0.7777780294
55527  -40.264  4.521  15.216 0.7777780294
55526  -39.664  3.977  15.137 0.7777780294
55538  -39.614  4.471  14.447 0.7777780294
55548  -39.384  4.570  13.663 0.7777780294
93422  -39.582  4.826  12.978 0.7777780294
104958  -38.734  4.519  11.703 0.5555559993
55577  -38.091  4.440  11.367 0.4444440007
54681  -42.977  3.722  20.462 0.4444440007
53845  -41.848  3.203  19.974 0.5555559993
53859  -40.636  2.607  18.445 0.5555559993
53866  -40.572  2.805  17.748 0.5555559993
55539  -40.157  5.033  14.533 0.7777780294
55549  -39.968  5.125  13.780 0.7777780294
55563  -39.143  4.581  12.261 0.5555559993
108873  -38.696  4.661  11.153 0.4444440007
55578  -39.262  4.731  11.476 0.5555559993
55589  -38.332  4.844  10.631 0.4444440007
55588  -37.539  4.732  10.642 0.4444440007
54682  -44.014  4.062  20.541 0.3333329856
54692  -42.636  3.872  18.895 0.5555559993
53860  -41.617  3.216  19.099 0.5555559993
54691  -41.389  3.237  18.201 0.5555559993
54701  -40.977  3.298  17.361 0.6666669846
54702  -42.195  3.805  17.833 0.6666669846
54711  -41.382  3.788  16.838 0.6666669846
55517  -40.804  4.079  16.030 0.6666669846
55528  -41.158  4.778  15.612 0.6666669846
55540  -40.711  5.279  14.890 0.7777780294
56346  -40.459  5.463  14.229 0.7777780294
55564  -40.231  5.389  12.945 0.7777780294
56366  -39.945  4.948  12.042 0.7777780294
103531  -39.101  4.902  10.732 0.4444440007
55509  -42.301  4.185  17.079 0.6666669846
55518  -41.662  4.315  16.332 0.6666669846
55529  -42.200  4.942  16.112 0.6666669846
56335  -41.538  5.524  15.218 0.6666669846
56347  -41.069  5.928  14.300 0.7777780294
56356  -40.565  5.719  13.588 0.7777780294
100801  -40.752  5.890  12.953 0.7777780294
56379  -39.882  4.936  11.016 0.6666669846
56380  -40.592  5.252  11.392 0.7777780294
54693  -44.235  4.126  19.668 0.3333329856
55504  -44.528  4.355  19.025 0.3333329856
54703  -43.485  4.223  18.762 0.5555559993
55510  -43.364  4.370  18.051 0.6666669846
55519  -43.114  4.707  17.151 0.6666669846
56348  -41.906  6.257  14.772 0.6666669846
57210  -42.855  6.536  15.229 0.6666669846
57222  -42.306  6.903  14.341 0.6666669846
56357  -41.093  6.238  13.379 0.7777780294
57221  -41.608  6.575  13.889 0.7777780294
57230  -41.595  6.656  13.133 0.7777780294
56367  -40.699  5.562  12.295 0.7777780294
105459  -41.325  6.215  12.544 0.7777780294
57267  -38.800  6.388  9.162 0.4444440007
56404  -39.207  5.741  9.605 0.5555559993
56394  -39.602  5.242  10.215 0.5555559993
56381  -41.234  5.739  11.672 0.7777780294
56393  -38.746  5.273  10.116 0.4444440007
55512  -45.403  4.687  18.526 0.4444440007
55511  -44.545  4.719  18.405 0.5555559993
54695  -45.138  4.316  18.918 0.4444440007
54705  -45.397  4.204  18.671 0.4444440007
56329  -43.314  5.300  16.568 0.6666669846
56330  -44.513  5.630  17.389 0.6666669846
56337  -43.618  6.078  16.222 0.6666669846
56336  -42.528  5.750  15.623 0.6666669846
57231  -42.116  7.068  13.458 0.7777780294
57268  -39.667  6.265  9.085 0.5555559993
56405  -40.067  5.665  9.653 0.5555559993
56395  -40.495  5.343  10.427 0.5555559993
98274  -41.102  5.466  10.946 0.7777780294
57240  -42.103  6.902  12.535 0.7777780294
55521  -45.681  4.404  18.170 0.4444440007
55520  -44.078  5.116  17.542 0.5555559993
56322  -45.495  5.336  18.176 0.5555559993
57201  -44.776  6.439  17.043 0.6666669846
57212  -45.350  7.254  16.907 0.5555559993
57211  -44.008  7.031  15.878 0.6666669846
57982  -42.747  7.551  14.026 0.6666669846
57993  -42.730  7.526  13.037 0.7777780294
107083  -40.808  5.672  9.740 0.5555559993
56406  -41.317  5.574  10.259 0.6666669846
56397  -42.521  6.193  11.102 0.7777780294
57250  -42.443  6.823  11.836 0.7777780294
57962  -44.838  7.768  15.997 0.5555559993
57974  -43.802  7.856  14.867 0.6666669846
57225  -46.520  7.162  16.282 0.3333329856
57224  -46.010  6.556  15.035 0.3333329856
57983  -43.324  8.155  13.664 0.6666669846
57994  -43.400  8.040  12.693 0.7777780294
58003  -42.846  7.382  12.230 0.7777780294
57963  -45.760  7.933  16.501 0.4444440007
57964  -46.397  7.727  16.454 0.3333329856
57975  -45.044  8.579  15.449 0.6666669846
57976  -46.593  7.966  15.792 0.3333329856
58705  -44.077  8.587  14.356 0.6666669846
58714  -44.026  8.818  13.347 0.6666669846
57995  -44.074  8.571  12.434 0.7777780294
58697  -46.001  8.714  15.902 0.5555559993
57965  -46.518  8.601  15.588 0.4444440007
58706  -44.698  9.200  14.438 0.6666669846
58724  -45.468  9.893  12.988 0.6666669846
59460  -45.111  9.854  13.581 0.6666669846
58715  -44.658  9.485  13.676 0.6666669846
100985  -45.672  9.355  15.170 0.6666669846
59461  -45.824  10.207  14.107 0.6666669846
93614  -46.493  10.339  13.615 0.6666669846
58707  -46.376  9.318  15.202 0.5555559993
58708  -46.744  9.235  14.921 0.4444440007
59462  -46.687  9.923  14.553 0.5555559993
59463  -47.378  10.149  13.849 0.3333329856
54727  -37.905  2.983  13.917 0.7777780294
54717  -38.817  2.932  15.039 0.7777780294
54738  -37.629  3.233  13.147 0.7777780294
53878  -39.102  2.493  15.803 0.7777780294
54709  -39.751  2.963  16.221 0.7777780294
53873  -40.135  2.805  17.055 0.7777780294
54710  -40.504  3.397  16.522 0.6666669846
90881  -42.961  3.900  19.808 0.5555559993
90782  -44.795  3.751  19.758 0.3333329856
30045  -1.342  -24.521  55.821 0.4444440007
33376  -3.944  -20.680  54.237 0.5555559993
33382  -4.593  -20.295  53.776 0.5555559993
33379  -6.379  -20.742  54.583 0.5555559993
34256  -5.607  -19.715  53.100 0.5555559993
105875  -6.856  -19.345  54.012 0.5555559993
89997  1.248  -25.853  53.240 0.3333329856
29211  -2.790  -24.815  55.094 0.4444440007
32470  -3.424  -21.060  54.724 0.5555559993
32476  -1.821  -21.369  53.846 0.5555559993
34262  -5.727  -19.587  52.144 0.6666669846
35074  -7.328  -18.965  53.625 0.5555559993
35087  -7.708  -18.485  51.856 0.7777780294
35080  -7.939  -18.605  53.036 0.5555559993
30055  1.703  -24.404  52.416 0.4444440007
31608  0.122  -23.095  54.283 0.4444440007
106177  2.728  -23.359  50.289 0.5555559993
30806  1.063  -23.959  53.128 0.4444440007
30816  2.571  -23.229  51.168 0.5555559993
31613  -0.353  -22.473  53.927 0.5555559993
32475  -1.090  -21.810  53.957 0.5555559993
32487  1.855  -22.315  50.655 0.5555559993
32488  -0.607  -22.172  52.169 0.6666669846
32482  -1.372  -21.781  52.476 0.5555559993
99250  0.623  -22.433  51.166 0.5555559993
32490  -2.021  -21.487  51.147 0.7777780294
32498  -1.308  -21.884  50.597 0.7777780294
35796  -8.352  -18.191  51.236 0.7777780294
35791  -9.441  -17.944  53.028 0.4444440007
35081  -8.826  -18.574  53.369 0.5555559993
91716  -0.568  -22.019  49.149 0.4444440007
32506  -0.540  -22.116  50.086 0.5555559993
33400  -3.472  -20.647  50.310 0.7777780294
96321  -1.390  -21.782  48.770 0.3333329856
33410  -3.453  -20.543  49.391 0.7777780294
35104  -6.699  -18.788  49.371 0.7777780294
34310  -3.637  -19.865  46.899 0.5555559993
35798  -10.100  -17.525  52.415 0.5555559993
35793  -10.927  -17.360  52.952 0.4444440007
35113  -7.298  -18.505  48.677 0.7777780294
35806  -9.925  -17.561  51.111 0.8888890147
36644  -11.565  -17.200  52.603 0.4444440007
35807  -10.713  -17.355  50.897 0.8888890147
35795  -12.410  -17.367  52.345 0.3333329856
36645  -12.102  -17.251  52.492 0.4444440007
35817  -8.915  -17.972  49.604 0.8888890147
35122  -7.308  -18.298  47.714 0.7777780294
35129  -6.393  -18.458  46.532 0.5555559993
35850  -7.784  -17.903  46.189 0.7777780294
35137  -5.396  -18.622  45.344 0.6666669846
36653  -13.357  -17.268  51.710 0.4444440007
36659  -11.482  -17.041  51.238 0.4444440007
98003  -12.295  -16.914  51.546 0.5555559993
40015  -20.557  -13.197  47.698 0.5555559993
40050  -20.771  -12.112  45.466 0.5555559993
91245  -22.587  -12.404  47.051 0.4444440007
90636  -22.036  -12.403  42.745 0.7777780294
41044  -26.767  -11.371  43.762 0.3333329856
41057  -27.302  -10.886  42.959 0.2222220004
91196  -13.778  -16.947  50.592 0.7777780294
92502  -10.962  -17.632  47.486 0.7777780294
96765  -19.990  -12.788  47.037 0.5555559993
90840  -20.454  -12.110  44.326 0.7777780294
90638  -20.288  -12.148  42.785 1.0000000000
92101  -8.181  -17.656  44.675 0.6666669846
104543  -21.984  -12.420  40.817 0.8888890147
35883  -7.188  -17.692  43.568 0.5555559993
35884  -8.616  -17.444  43.145 0.6666669846
35831  -12.786  -17.157  48.405 0.7777780294
42150  -26.594  -10.509  39.802 0.6666669846
35853  -12.059  -17.362  46.725 0.7777780294
36698  -12.586  -17.004  45.298 0.7777780294
40084  -18.591  -12.212  42.638 1.0000000000
91022  -19.222  -12.047  41.964 1.0000000000
42161  -25.498  -10.516  38.497 0.7777780294
35877  -11.111  -17.258  44.555 0.8888890147
35887  -10.772  -17.169  43.944 0.7777780294
36707  -12.704  -16.810  44.430 0.7777780294
36715  -10.856  -17.019  43.191 0.7777780294
36725  -10.686  -16.935  42.372 0.7777780294
92481  -18.933  -11.571  38.944 0.8888890147
36733  -9.680  -16.923  41.045 0.5555559993
39195  -17.453  -13.759  46.313 0.8888890147
43099  -28.409  -9.796  40.403 0.4444440007
104839  -16.845  -13.270  43.341 1.0000000000
91299  -25.239  -10.064  36.668 0.8888890147
41126  -20.771  -11.390  37.685 1.0000000000
37559  -12.394  -15.861  41.199 0.7777780294
37560  -12.877  -15.790  41.756 0.8888890147
37578  -12.245  -15.474  39.710 0.5555559993
39201  -16.869  -13.849  45.440 1.0000000000
91770  -30.120  -9.591  39.003 0.5555559993
37535  -14.525  -16.015  44.747 0.7777780294
43143  -27.684  -9.480  36.443 0.8888890147
103191  -19.414  -11.296  37.723 0.8888890147
41106  -19.380  -11.466  38.383 0.8888890147
43156  -28.194  -9.306  35.851 0.8888890147
42196  -25.316  -9.888  35.145 0.8888890147
41165  -20.885  -10.926  36.002 0.7777780294
90629  -19.652  -11.140  36.970 0.8888890147
42192  -21.229  -10.734  35.194 0.7777780294
43166  -25.816  -9.674  34.527 0.7777780294
41185  -19.818  -10.818  34.767 0.7777780294
42206  -21.517  -10.574  34.282 0.7777780294
41141  -17.268  -11.037  36.711 0.7777780294
41162  -18.609  -10.848  35.703 0.7777780294
92510  -22.068  -10.528  33.612 0.6666669846
91164  -22.787  -10.496  32.860 0.6666669846
41184  -19.001  -10.853  34.950 0.6666669846
42202  -17.921  -10.701  34.054 0.5555559993
38326  -15.363  -14.578  43.460 1.0000000000
38339  -15.338  -14.290  42.815 1.0000000000
39246  -16.244  -12.968  41.675 0.8888890147
43134  -32.133  -9.002  37.920 0.4444440007
39233  -14.968  -14.373  42.240 1.0000000000
43133  -31.527  -9.302  37.591 0.8888890147
92303  -14.857  -13.590  40.069 0.7777780294
41161  -16.721  -11.128  35.990 0.6666669846
42217  -16.780  -10.704  33.253 0.4444440007
42237  -17.401  -10.559  32.465 0.3333329856
106475  -19.483  -10.541  31.277 0.2222220004
42280  -19.416  -10.328  29.690 0.1111110002
44008  -32.490  -8.451  38.138 0.4444440007
40163  -15.465  -12.196  37.557 0.7777780294
41122  -15.982  -11.663  37.085 0.7777780294
38405  -12.596  -14.451  37.590 0.3333329856
41139  -15.902  -11.571  36.215 0.6666669846
104896  -16.223  -11.352  35.488 0.6666669846
39299  -14.174  -13.079  36.856 0.5555559993
40211  -15.523  -11.575  34.140 0.4444440007
43195  -15.927  -9.866  31.265 0.1111110002
43204  -16.437  -9.444  30.639 0.1111110002
44793  -32.956  -7.499  39.971 0.2222220004
44800  -32.673  -7.293  39.117 0.3333329856
104283  -32.480  -5.931  38.944 0.2222220004
92161  -32.597  -8.001  37.433 0.6666669846
44014  -31.702  -8.691  35.967 0.8888890147
44813  -32.444  -7.547  36.661 0.8888890147
40200  -15.215  -11.932  34.665 0.5555559993
46439  -33.994  -5.422  41.412 0.1111110002
46453  -33.150  -4.973  40.346 0.2222220004
44818  -31.927  -7.443  35.268 0.8888890147
45655  -31.851  -6.457  35.235 0.8888890147
103407  -29.398  -7.985  33.329 1.0000000000
47332  -32.437  -4.315  39.127 0.2222220004
47320  -32.684  -4.857  39.567 0.2222220004
46494  -31.652  -5.346  35.667 0.6666669846
44840  -29.389  -7.160  32.438 1.0000000000
46518  -30.548  -5.296  33.523 1.0000000000
45698  -28.542  -6.447  30.161 1.0000000000
44847  -28.569  -7.274  31.327 1.0000000000
50198  -32.136  -1.313  37.035 0.3333329856
49230  -31.548  -2.935  36.100 0.5555559993
47397  -29.745  -3.862  31.424 1.0000000000
46587  -26.716  -4.737  26.742 0.4444440007
47454  -26.233  -3.553  26.636 0.3333329856
106858  -31.003  -2.045  32.321 0.7777780294
51173  -31.500  -1.598  32.247 0.7777780294
49302  -29.754  -2.588  30.103 0.8888890147
50319  -30.626  -2.009  28.024 0.8888890147
92254  -27.504  -1.910  27.508 0.8888890147
51189  -33.643  -0.757  31.515 0.5555559993
49317  -32.381  -1.993  28.370 0.8888890147
49330  -33.460  -2.302  27.437 0.7777780294
49405  -26.811  -2.883  24.170 0.4444440007
51967  -34.031  0.794  35.202 0.3333329856
96063  -32.507  -0.730  34.047 0.3333329856
103287  -34.096  -0.354  32.098 0.3333329856
90982  -34.907  0.370  33.181 0.3333329856
50293  -35.165  -1.461  29.293 0.6666669846
50280  -35.783  -1.096  29.983 0.4444440007
107343  -36.548  -1.200  29.630 0.3333329856
52778  -34.793  2.361  37.015 0.2222220004
52008  -37.320  0.733  32.851 0.3333329856
51215  -38.192  -0.973  29.800 0.3333329856
101632  -36.333  -1.638  28.363 0.7777780294
50295  -37.806  -1.290  29.051 0.6666669846
49389  -31.795  -3.017  24.782 0.7777780294
49423  -32.248  -3.202  22.687 0.7777780294
48472  -30.595  -3.555  22.676 0.7777780294
48473  -31.426  -3.388  22.704 0.7777780294
92828  -31.032  -3.580  21.960 0.5555559993
51194  -39.146  -0.265  31.272 0.2222220004
104111  -39.368  -0.542  30.625 0.2222220004
90475  -39.060  -0.846  29.938 0.3333329856
51210  -40.838  0.012  30.421 0.2222220004
51218  -41.450  0.192  29.745 0.2222220004
51226  -41.105  -0.293  28.826 0.2222220004
48526  -29.550  -3.925  19.272 0.1111110002
49454  -33.600  -2.849  20.578 0.6666669846
48542  -29.200  -3.756  18.278 0.1111110002
49493  -34.875  -2.206  18.837 0.5555559993
50397  -36.479  -1.580  19.480 0.7777780294
50340  -40.266  -1.014  26.573 0.4444440007
100521  -37.710  -1.262  20.990 0.7777780294
49516  -33.377  -2.217  17.443 0.3333329856
50441  -32.725  -1.551  16.276 0.3333329856
49533  -33.254  -1.782  16.740 0.4444440007
51296  -36.703  -0.993  18.192 0.7777780294
98658  -43.986  2.051  26.087 0.2222220004
50363  -39.270  -1.401  23.482 0.5555559993
104072  -36.467  -0.347  16.536 0.7777780294
53029  -37.201  1.623  14.611 0.7777780294
53887  -37.544  2.288  14.258 0.7777780294
93255  -42.992  1.259  25.214 0.3333329856
52156  -36.864  0.082  16.093 0.7777780294
52179  -35.234  0.579  14.688 0.4444440007
52167  -36.511  0.349  15.416 0.7777780294
53832  -43.723  3.781  21.254 0.4444440007
108495  -42.303  4.467  16.595 0.6666669846
57223  -43.081  7.182  14.819 0.6666669846
56396  -41.735  5.753  10.992 0.7777780294
56382  -41.878  6.290  11.773 0.7777780294
56321  -44.927  5.168  18.200 0.5555559993
56331  -45.420  5.992  17.894 0.5555559993
59454  -45.310  9.795  14.367 0.6666669846
59455  -46.064  9.863  14.841 0.6666669846
30065  2.630  -24.280  49.114 0.2222220004
30825  2.662  -23.566  49.361 0.4444440007
107964  2.674  -22.864  50.631 0.4444440007
30821  2.600  -23.032  49.516 0.3333329856
103856  2.190  -22.340  50.204 0.4444440007
31629  2.530  -22.661  50.041 0.4444440007
31628  2.387  -22.637  49.148 0.3333329856
32494  2.188  -22.240  49.486 0.3333329856
32502  2.343  -21.904  48.648 0.3333329856
32503  1.972  -21.442  48.816 0.3333329856
106327  1.782  -22.106  49.696 0.3333329856
32511  2.764  -21.321  47.954 0.2222220004
96514  2.411  -21.067  48.293 0.3333329856
32496  1.018  -21.969  49.763 0.3333329856
32504  1.140  -21.296  48.978 0.1111110002
33406  2.760  -20.330  48.016 0.3333329856
33398  1.501  -21.478  48.917 0.3333329856
105599  1.850  -20.851  48.538 0.2222220004
33414  2.972  -20.414  47.602 0.3333329856
32505  0.773  -21.603  49.232 0.1111110002
33407  2.257  -20.355  48.302 0.2222220004
32512  0.502  -21.343  48.516 0.1111110002
33408  1.609  -20.296  48.389 0.2222220004
33415  1.031  -20.013  48.280 0.2222220004
33416  0.958  -20.801  48.781 0.2222220004
34273  2.754  -19.553  48.159 0.2222220004
34296  3.141  -19.619  47.340 0.2222220004
32513  0.118  -21.940  48.755 0.3333329856
93350  0.060  -21.653  48.102 0.1111110002
32521  0.248  -21.162  47.762 0.1111110002
33424  0.734  -20.607  48.288 0.2222220004
34275  1.737  -19.056  48.372 0.2222220004
97633  1.070  -19.902  48.477 0.1111110002
101485  0.871  -19.927  48.131 0.1111110002
32514  -0.631  -21.838  48.193 0.1111110002
99893  -1.412  -21.645  48.012 0.3333329856
32522  -0.270  -21.521  47.622 0.1111110002
32523  -0.974  -21.538  47.281 0.1111110002
32530  -0.230  -21.118  47.057 0.1111110002
33433  0.384  -20.379  47.353 0.1111110002
34297  0.728  -19.396  47.622 0.1111110002
33434  -0.375  -20.414  46.397 0.1111110002
33425  -1.606  -21.036  46.782 0.2222220004
34285  1.065  -19.193  48.347 0.1111110002
34307  0.215  -19.585  46.722 0.1111110002
32531  -0.846  -21.089  46.603 0.1111110002
33435  -1.264  -20.670  46.103 0.1111110002
33436  -2.217  -20.481  46.254 0.2222220004
33437  -2.924  -20.331  46.786 0.3333329856
35127  0.020  -18.798  46.342 0.1111110002
34308  -0.371  -19.534  45.934 0.1111110002
33443  -0.962  -20.028  45.686 0.1111110002
33444  -1.689  -20.231  45.670 0.1111110002
34309  -3.035  -20.013  46.120 0.3333329856
34319  -0.926  -19.295  45.326 0.1111110002
34320  -1.555  -19.725  45.182 0.1111110002
34321  -2.411  -19.916  45.385 0.1111110002
34332  -2.883  -19.396  44.684 0.1111110002
34331  -2.095  -19.415  44.680 0.1111110002
102781  -3.672  -19.660  46.092 0.4444440007
34322  -4.063  -19.305  45.610 0.5555559993
34330  -1.438  -19.055  44.787 0.1111110002
35135  -3.731  -19.183  44.787 0.1111110002
35144  -2.454  -18.910  44.170 0.1111110002
104219  -3.316  -18.875  43.964 0.1111110002
35151  -2.644  -18.407  43.556 0.1111110002
35136  -4.566  -18.893  45.046 0.5555559993
35146  -5.162  -18.555  44.414 0.3333329856
35145  -4.272  -18.798  44.138 0.3333329856
35154  -4.881  -18.422  43.410 0.2222220004
35162  -4.336  -18.247  42.687 0.2222220004
35163  -5.001  -18.185  42.637 0.2222220004
35161  -3.573  -18.157  42.748 0.1111110002
35860  -6.002  -18.273  44.748 0.3333329856
35874  -6.591  -17.910  44.174 0.4444440007
35881  -5.623  -18.047  42.989 0.3333329856
35894  -4.715  -17.967  42.039 0.2222220004
35895  -5.458  -17.941  42.204 0.3333329856
35882  -6.397  -17.856  43.310 0.3333329856
35897  -6.948  -17.627  42.727 0.4444440007
35909  -7.031  -17.420  41.292 0.3333329856
106140  -6.726  -17.388  40.823 0.2222220004
35910  -7.863  -17.290  41.267 0.3333329856
36751  -7.093  -16.798  39.101 0.2222220004
35929  -8.208  -16.915  39.558 0.3333329856
36752  -7.845  -16.758  39.010 0.3333329856
36742  -8.843  -16.875  39.748 0.3333329856
36754  -9.362  -16.615  39.130 0.3333329856
36755  -10.294  -16.356  39.324 0.3333329856
44043  -27.845  -8.709  33.069 0.7777780294
36763  -8.219  -16.396  38.390 0.3333329856
36764  -9.001  -16.363  38.400 0.3333329856
36765  -9.769  -16.180  38.497 0.3333329856
37586  -10.510  -15.839  38.449 0.3333329856
43167  -26.526  -9.396  33.988 0.6666669846
43188  -26.268  -9.496  33.023 0.6666669846
43187  -25.560  -9.834  32.662 0.6666669846
43189  -27.021  -9.167  33.193 0.6666669846
44044  -28.375  -8.153  32.515 0.7777780294
44045  -29.072  -7.787  32.770 0.8888890147
43198  -26.738  -9.223  32.565 0.6666669846
95822  -27.255  -8.939  32.591 0.7777780294
90217  -27.686  -8.518  32.207 0.7777780294
44051  -28.148  -7.966  31.752 0.7777780294
43197  -25.387  -9.866  31.836 0.6666669846
44050  -26.975  -8.951  31.895 0.7777780294
97306  -27.526  -8.406  31.396 0.7777780294
107640  -26.482  -9.228  31.357 0.7777780294
44057  -26.955  -8.847  30.995 0.7777780294
44058  -27.379  -8.283  30.564 0.7777780294
43196  -24.641  -10.179  31.682 0.6666669846
99671  -25.860  -9.577  31.219 0.6666669846
43207  -26.328  -9.200  30.653 0.7777780294
44068  -27.200  -8.124  29.747 0.7777780294
93680  -24.284  -10.221  30.845 0.6666669846
43218  -26.132  -9.117  29.836 0.7777780294
44067  -26.769  -8.694  30.190 0.7777780294
43205  -24.815  -9.913  30.141 0.6666669846
43231  -25.954  -9.007  28.953 0.5555559993
43217  -25.396  -9.496  29.513 0.6666669846
43216  -24.572  -9.777  29.191 0.5555559993
100582  -23.842  -10.184  29.882 0.5555559993
43215  -23.741  -9.932  28.797 0.5555559993
44059  -27.959  -7.813  30.946 0.7777780294
44853  -27.785  -7.677  30.129 0.8888890147
93008  -26.586  -8.553  29.358 0.7777780294
43206  -25.615  -9.574  30.393 0.6666669846
44077  -26.444  -8.424  28.482 0.5555559993
44076  -25.808  -8.890  28.033 0.4444440007
42271  -22.927  -10.367  30.088 0.5555559993
43229  -24.376  -9.566  28.188 0.4444440007
43230  -25.222  -9.372  28.558 0.4444440007
42283  -22.220  -10.357  29.538 0.4444440007
43241  -25.002  -9.134  27.654 0.4444440007
42284  -23.047  -10.197  29.250 0.4444440007
42294  -23.065  -9.944  28.442 0.4444440007
43228  -23.464  -9.576  27.780 0.4444440007
43240  -24.153  -9.193  27.315 0.4444440007
44854  -28.310  -7.182  30.503 0.8888890147
105918  -27.917  -6.777  28.988 0.8888890147
38418  -12.631  -13.835  36.116 0.3333329856
44078  -27.016  -7.935  28.924 0.7777780294
44870  -27.450  -7.277  28.522 0.7777780294
106169  -13.464  -13.464  36.458 0.3333329856
39309  -14.056  -12.958  36.057 0.3333329856
40198  -13.523  -12.783  34.571 0.3333329856
44869  -26.908  -7.770  28.062 0.6666669846
44878  -27.279  -7.006  27.703 0.7777780294
44086  -26.266  -8.196  27.634 0.4444440007
44085  -25.499  -8.487  27.251 0.4444440007
103814  -24.673  -8.663  26.938 0.2222220004
44094  -25.123  -8.004  26.495 0.2222220004
45707  -27.736  -6.463  28.242 0.7777780294
91166  -14.580  -12.548  35.823 0.3333329856
40188  -14.120  -12.743  35.277 0.3333329856
44877  -26.667  -7.451  27.267 0.4444440007
44886  -25.639  -7.207  26.014 0.2222220004
40199  -14.394  -12.391  34.547 0.3333329856
102819  -26.977  -6.668  26.940 0.3333329856
44887  -26.384  -7.085  26.516 0.2222220004
108801  -26.146  -6.749  26.078 0.3333329856
45720  -26.515  -6.347  26.315 0.3333329856
100536  -25.832  -6.200  25.716 0.2222220004
48413  -23.798  -3.613  24.980 0.1111110002
108493  -25.320  -3.114  25.819 0.1111110002
48415  -25.287  -2.836  25.438 0.1111110002
48492  -30.235  -3.781  21.894 0.4444440007
48508  -29.348  -4.029  20.288 0.4444440007
49383  -25.497  -2.616  24.970 0.2222220004
48429  -23.461  -3.536  24.382 0.1111110002
48471  -29.773  -3.696  22.630 0.4444440007
48431  -24.885  -2.893  24.836 0.1111110002
48452  -27.393  -3.372  23.326 0.3333329856
49384  -26.245  -2.471  24.993 0.2222220004
49404  -25.912  -2.878  24.264 0.1111110002
105178  -43.204  6.473  10.902 0.6666669846
58013  -43.802  7.149  11.223 0.6666669846
90892  -44.663  7.670  11.115 0.6666669846
57260  -43.715  6.328  10.339 0.6666669846
57261  -44.481  6.803  10.430 0.6666669846
57262  -45.288  7.289  10.454 0.6666669846
58022  -45.806  7.172  9.730 0.6666669846
58748  -47.110  8.355  10.136 0.6666669846
58024  -47.386  8.026  9.288 0.6666669846
58749  -47.816  8.991  9.743 0.6666669846
52180  -36.078  0.744  14.815 0.5555559993
53012  -36.884  0.948  14.960 0.6666669846
53028  -36.448  1.387  14.394 0.5555559993
58731  -44.779  9.098  12.281 0.6666669846
53886  -36.837  1.981  13.936 0.5555559993
57251  -43.004  7.027  11.558 0.6666669846
58005  -44.243  8.209  11.813 0.6666669846
58006  -44.993  8.648  11.618 0.6666669846
58756  -48.010  8.675  8.823 0.6666669846
56407  -42.147  5.732  10.212 0.6666669846
56398  -42.977  5.946  10.250 0.6666669846
57273  -44.180  6.422  9.599 0.6666669846
57274  -44.990  6.773  9.666 0.6666669846
96147  -46.104  7.172  9.036 0.6666669846
99809  -46.727  7.444  8.728 0.6666669846
58038  -47.414  7.873  8.343 0.6666669846
58757  -48.521  9.525  8.280 0.6666669846
57272  -43.362  6.178  9.516 0.6666669846
57282  -43.741  6.550  8.848 0.6666669846
57269  -40.563  6.090  9.127 0.4444440007
57270  -41.526  5.883  9.401 0.5555559993
57271  -42.518  5.999  9.455 0.6666669846
57283  -44.544  6.733  8.869 0.6666669846
58036  -45.373  6.956  8.912 0.6666669846
53039  -36.037  1.810  13.802 0.5555559993
58004  -43.523  7.775  11.984 0.6666669846
60301  -49.391  10.955  9.662 0.3333329856
59498  -48.681  10.769  9.807 0.5555559993
58771  -48.046  8.489  7.908 0.6666669846
59515  -48.995  10.461  7.834 0.6666669846
57280  -42.017  6.429  8.704 0.5555559993
57281  -42.901  6.483  8.785 0.6666669846
105785  -44.075  6.938  8.333 0.6666669846
104705  -49.090  10.351  7.120 0.6666669846
57279  -41.108  6.556  8.637 0.4444440007
58033  -42.427  6.978  8.128 0.6666669846
58035  -44.872  7.088  8.094 0.6666669846
57278  -40.179  6.897  8.529 0.4444440007
58032  -41.548  7.085  8.119 0.4444440007
58034  -43.318  6.961  8.212 0.6666669846
57985  -46.894  8.798  14.332 0.1111110002
57233  -46.562  7.655  13.681 0.1111110002
57984  -46.625  8.011  14.847 0.1111110002
55531  -45.650  4.589  16.725 0.2222220004
56338  -46.086  5.334  16.570 0.2222220004
57977  -46.686  8.612  15.231 0.1111110002
56351  -46.340  6.259  16.477 0.2222220004
59478  -47.128  10.299  12.223 0.5555559993
54737  -36.751  2.970  12.749 0.3333329856
59516  -49.662  10.808  7.453 0.5555559993
58037  -45.875  7.190  8.294 0.6666669846
58772  -48.625  9.196  7.278 0.6666669846
57277  -39.232  6.987  8.685 0.4444440007
58052  -46.569  7.551  7.755 0.6666669846
92912  -47.865  8.285  7.061 0.6666669846
96837  -40.829  7.217  8.189 0.4444440007
58048  -41.923  7.626  7.594 0.4444440007
58049  -42.842  7.537  7.616 0.6666669846
55522  -45.961  4.909  17.984 0.2222220004
56323  -46.072  5.634  17.952 0.3333329856
56339  -46.371  5.932  17.314 0.3333329856
57213  -46.456  6.783  17.056 0.2222220004
57202  -45.794  6.536  17.591 0.4444440007
57956  -46.137  7.154  17.202 0.3333329856
59530  -49.570  10.643  6.652 0.6666669846
98183  -44.745  7.648  7.460 0.6666669846
58051  -45.562  7.503  7.572 0.6666669846
58063  -46.081  7.830  7.119 0.6666669846
58787  -48.881  9.649  6.481 0.6666669846
58046  -39.944  8.546  7.692 0.3333329856
58047  -40.958  7.856  7.690 0.4444440007
58050  -43.889  7.472  7.680 0.5555559993
58064  -46.912  7.953  7.008 0.6666669846
94269  -48.300  8.762  6.545 0.6666669846
59542  -49.320  10.114  5.763 0.5555559993
59543  -50.064  10.868  5.947 0.4444440007
58769  -44.160  8.184  7.037 0.4444440007
58770  -45.214  8.151  6.903 0.6666669846
58799  -48.319  9.010  5.695 0.6666669846
60356  -51.044  10.923  4.127 0.4444440007
58783  -43.483  8.714  6.576 0.4444440007
58796  -45.376  8.619  6.011 0.6666669846
58785  -46.217  8.215  6.475 0.6666669846
59554  -49.883  10.559  4.966 0.4444440007
58786  -47.359  8.432  6.269 0.6666669846
60355  -50.524  10.947  4.081 0.4444440007
58784  -44.397  8.700  6.364 0.6666669846
58797  -46.392  8.613  5.719 0.6666669846
59541  -47.671  9.168  4.903 0.5555559993
91214  -48.795  9.647  4.852 0.5555559993
59539  -45.634  9.058  5.246 0.6666669846
58798  -47.265  8.766  5.500 0.6666669846
59552  -48.109  9.746  4.176 0.5555559993
59553  -49.345  10.373  4.061 0.5555559993
59566  -47.505  10.090  3.596 0.5555559993
59528  -43.668  9.204  5.970 0.4444440007
59537  -43.086  9.769  5.643 0.4444440007
59529  -44.574  9.242  5.547 0.6666669846
59549  -45.055  9.655  4.791 0.5555559993
59551  -47.022  9.462  4.319 0.5555559993
59538  -43.802  9.686  5.482 0.5555559993
59550  -45.992  9.485  4.536 0.5555559993
59565  -46.425  9.957  3.787 0.5555559993
60339  -42.707  10.471  5.360 0.4444440007
60340  -43.456  10.240  5.178 0.5555559993
60341  -44.223  9.962  5.023 0.5555559993
60350  -43.101  10.890  4.886 0.5555559993
61095  -43.445  11.287  4.386 0.3333329856
61809  -43.037  12.036  4.205 0.4444440007
61094  -42.861  11.513  4.663 0.4444440007
42272  -23.402  -10.377  30.772 0.5555559993
60289  -48.669  10.443  11.835 0.4444440007
58750  -48.350  9.929  9.265 0.6666669846
106142  -48.471  10.627  10.466 0.4444440007
58743  -47.488  9.473  10.540 0.6666669846
60296  -48.562  10.530  11.152 0.5555559993
60283  -48.422  10.301  12.475 0.3333329856
58741  -45.822  8.863  11.295 0.6666669846
58014  -45.351  8.066  10.979 0.6666669846
35921  -8.218  -17.079  40.359 0.3333329856
43186  -24.963  -10.107  32.342 0.6666669846
40176  -14.695  -12.584  36.462 0.3333329856
40189  -14.854  -12.284  35.284 0.3333329856
48453  -28.352  -3.461  23.320 0.5555559993
48470  -28.915  -3.754  22.556 0.4444440007
91423  -30.332  -3.821  20.119 0.4444440007
90794  -29.866  -3.966  21.069 0.4444440007
54712  -45.167  3.631  18.078 0.2222220004
55513  -45.750  4.927  18.183 0.3333329856
98670  -45.885  4.549  17.607 0.2222220004
54713  -45.191  3.963  17.095 0.2222220004
58723  -44.647  9.329  12.955 0.6666669846
59477  -46.337  10.141  12.600 0.6666669846
53900  -37.204  2.628  13.534 0.5555559993
40210  -14.789  -11.944  33.922 0.1111110002
44839  -28.759  -7.556  32.114 0.8888890147
48451  -26.459  -3.287  23.399 0.1111110002
30829  2.633  -23.654  48.549 0.2222220004
96024  2.852  -21.111  47.346 0.2222220004
34283  3.089  -19.542  47.957 0.2222220004
34284  1.234  -18.885  48.243 0.1111110002
99227  -3.301  -19.629  45.412 0.2222220004
35873  -5.792  -18.183  43.841 0.3333329856
35153  -3.944  -18.552  43.345 0.2222220004
93540  -3.171  -17.636  42.292 0.1111110002
35893  -3.913  -17.894  42.071 0.1111110002
35896  -6.182  -17.807  42.498 0.3333329856
101932  -5.959  -17.755  41.811 0.3333329856
35908  -6.232  -17.545  41.136 0.3333329856
35920  -7.233  -17.259  40.506 0.2222220004
35928  -7.562  -17.026  39.702 0.3333329856
36753  -8.584  -16.720  39.001 0.3333329856
91148  -26.180  -9.463  32.085 0.6666669846
97168  -25.120  -9.957  31.014 0.6666669846
44861  -27.601  -7.488  29.334 0.7777780294
39307  -12.266  -13.675  35.262 0.3333329856
44876  -25.963  -7.781  26.835 0.2222220004
48414  -24.602  -3.233  25.160 0.1111110002
48491  -29.426  -3.895  21.836 0.4444440007
91408  -29.065  -4.133  21.113 0.4444440007
48469  -27.958  -3.833  22.415 0.4444440007
58015  -46.159  7.946  10.490 0.6666669846
58023  -46.619  7.559  9.622 0.6666669846
58742  -46.708  9.031  10.856 0.6666669846
53027  -35.630  1.227  14.259 0.4444440007
53899  -36.384  2.372  13.324 0.4444440007
58732  -45.557  9.511  12.080 0.6666669846
59504  -48.995  10.706  8.843 0.6666669846
91439  -35.649  2.175  13.309 0.3333329856
59490  -48.975  10.792  10.449 0.3333329856
59497  -48.119  10.240  10.146 0.5555559993
58053  -47.402  7.931  7.607 0.6666669846
56350  -45.592  5.644  15.293 0.2222220004
55542  -45.096  4.871  15.521 0.2222220004
59479  -47.970  10.448  11.962 0.5555559993
60281  -47.594  10.371  12.520 0.5555559993
58733  -46.436  9.723  11.734 0.6666669846
59488  -47.263  9.984  11.370 0.6666669846
58030  -39.604  7.722  8.290 0.4444440007
58031  -40.318  7.672  8.084 0.4444440007
55532  -46.176  5.104  17.477 0.2222220004
57203  -46.341  6.436  17.556 0.3333329856
58755  -39.045  8.467  8.182 0.2222220004
58768  -43.218  8.137  7.110 0.4444440007
59540  -46.629  9.018  5.014 0.6666669846
60352  -44.614  10.324  4.393 0.5555559993
60353  -45.469  10.073  4.075 0.5555559993
60351  -43.825  10.621  4.671 0.4444440007
59480  -49.026  10.248  12.030 0.3333329856
59489  -47.946  10.404  10.948 0.6666669846
60290  -49.126  10.565  11.265 0.2222220004
30047  -3.190  -23.974  55.463 0.3333329856
30802  -3.745  -23.255  55.324 0.3333329856
30053  -4.222  -23.890  54.314 0.2222220004
29217  -3.004  -25.044  54.309 0.2222220004
99888  -4.760  -23.290  54.394 0.2222220004
33390  -8.908  -20.342  53.118 0.1111110002
31607  -4.932  -22.034  55.069 0.4444440007
33385  -8.217  -20.159  54.059 0.3333329856
35076  -8.989  -18.907  53.721 0.3333329856
33386  -8.765  -19.934  53.793 0.2222220004
33391  -9.340  -19.686  53.266 0.2222220004
105890  -21.128  -14.083  47.189 0.2222220004
38296  -21.940  -13.727  47.244 0.2222220004
92108  -22.500  -14.001  46.923 0.2222220004
39189  -21.813  -13.265  47.480 0.3333329856
40016  -21.568  -12.898  47.591 0.3333329856
38297  -23.267  -13.654  46.954 0.2222220004
40017  -22.333  -12.910  47.511 0.3333329856
40026  -23.239  -12.793  47.235 0.2222220004
40027  -23.997  -12.507  46.905 0.2222220004
40038  -23.371  -12.211  46.726 0.3333329856
39204  -24.411  -13.217  46.666 0.2222220004
39206  -25.494  -13.180  45.948 0.2222220004
40073  -25.615  -11.838  44.722 0.3333329856
41029  -26.356  -11.609  44.664 0.2222220004
40109  -25.005  -12.232  42.502 0.3333329856
41043  -25.890  -11.842  43.335 0.3333329856
40108  -24.167  -12.480  42.018 0.3333329856
103241  -23.995  -12.107  46.409 0.2222220004
40040  -25.344  -12.511  46.010 0.2222220004
40051  -22.542  -12.015  46.102 0.3333329856
40052  -23.321  -11.970  45.741 0.3333329856
91671  -24.165  -12.041  45.397 0.3333329856
40039  -24.647  -12.273  46.366 0.2222220004
40053  -25.097  -12.087  45.553 0.2222220004
40054  -25.881  -12.004  45.519 0.2222220004
90639  -23.282  -12.131  44.648 0.3333329856
40072  -24.704  -12.122  44.420 0.3333329856
90640  -22.355  -12.052  44.761 0.5555559993
40071  -23.799  -12.316  43.931 0.3333329856
40070  -22.758  -12.376  43.478 0.6666669846
40089  -24.387  -12.368  43.134 0.3333329856
40088  -23.511  -12.501  42.694 0.3333329856
44026  -28.765  -8.747  34.483 0.7777780294
43168  -27.489  -9.067  33.913 0.7777780294
43178  -28.356  -8.701  33.870 0.7777780294
34258  -9.772  -19.157  53.229 0.2222220004
35077  -9.605  -18.619  53.377 0.2222220004
34254  -9.963  -18.680  53.297 0.2222220004
31606  -4.315  -22.617  55.167 0.3333329856
32468  -5.426  -21.591  54.946 0.4444440007
34247  -6.858  -19.964  54.407 0.3333329856
34248  -7.686  -20.034  54.247 0.3333329856
32474  -7.114  -20.594  54.352 0.3333329856
38285  -21.157  -13.623  47.420 0.3333329856
43169  -28.049  -8.997  34.590 0.7777780294
35075  -8.221  -18.947  53.894 0.4444440007
30050  -3.481  -24.362  54.695 0.2222220004
34252  -8.405  -19.520  53.955 0.3333329856
38286  -22.580  -13.360  47.255 0.2222220004
38305  -21.983  -14.288  46.002 0.1111110002
106210  -23.874  -13.236  47.019 0.2222220004
38308  -24.628  -13.982  45.981 0.2222220004
39205  -24.970  -13.185  46.252 0.2222220004
40090  -25.143  -12.147  43.579 0.3333329856
106955  2.292  -27.513  50.446 0.1111110002
27674  2.126  -27.853  51.184 0.2222220004
106357  1.582  -27.198  52.379 0.2222220004
27667  -0.562  -27.655  53.495 0.1111110002
28388  -1.760  -26.204  54.311 0.1111110002
27663  -0.586  -27.336  54.098 0.1111110002
28391  -1.201  -26.949  53.949 0.1111110002
29219  -2.412  -25.644  53.877 0.1111110002
29215  -1.582  -25.961  55.005 0.1111110002
34260  -11.221  -18.577  52.798 0.1111110002
34265  -11.549  -18.849  52.099 0.1111110002
34264  -10.731  -19.198  52.398 0.1111110002
95775  -12.444  -15.136  39.149 0.3333329856
34259  -10.433  -18.911  53.020 0.1111110002
31614  -5.846  -22.617  53.831 0.1111110002
35082  -10.716  -18.243  53.209 0.1111110002
35083  -11.528  -17.960  53.003 0.1111110002
31627  -6.407  -22.141  52.482 0.1111110002
32485  -7.755  -21.342  52.964 0.1111110002
33396  -9.486  -20.083  52.555 0.1111110002
35790  -10.542  -17.901  53.295 0.2222220004
99350  -11.131  -17.721  53.149 0.2222220004
30052  -3.583  -24.471  53.812 0.1111110002
30058  -4.133  -23.959  53.308 0.1111110002
95983  -5.612  -22.461  54.450 0.1111110002
31620  -6.462  -22.201  53.540 0.1111110002
32472  -6.014  -21.451  54.774 0.1111110002
104672  -7.250  -21.098  54.224 0.2222220004
33384  -7.722  -20.637  54.132 0.2222220004
35789  -9.945  -18.168  53.368 0.3333329856
53026  -34.783  1.118  14.142 0.2222220004
54753  -37.315  3.533  12.446 0.4444440007
60368  -50.860  11.198  2.861 0.3333329856
60386  -50.389  11.810  1.851 0.3333329856
59499  -50.502  10.253  9.043 0.2222220004
58758  -50.914  9.395  8.346 0.1111110002
59517  -51.179  10.037  7.381 0.3333329856
60366  -47.040  10.597  2.952 0.4444440007
60367  -48.198  10.836  2.714 0.4444440007
107185  -49.280  11.223  2.590 0.3333329856
60383  -46.740  11.318  2.336 0.2222220004
60385  -49.326  11.866  1.780 0.2222220004
60306  -49.774  10.972  8.859 0.2222220004
59505  -50.591  10.424  8.144 0.2222220004
60354  -50.011  11.156  3.147 0.3333329856
59567  -48.647  10.496  3.408 0.3333329856
60313  -49.527  10.811  8.223 0.3333329856
60314  -50.094  10.922  8.027 0.4444440007
60315  -50.545  10.696  7.202 0.4444440007
60328  -50.092  10.916  6.827 0.4444440007
102588  -50.665  10.786  6.006 0.3333329856
60329  -51.231  10.507  5.590 0.3333329856
60342  -50.608  10.884  5.061 0.3333329856
60343  -51.103  10.770  4.999 0.3333329856
28385  0.080  -27.205  54.403 0.2222220004
27668  1.230  -28.143  52.686 0.2222220004
27666  -0.153  -28.051  53.734 0.1111110002
29210  -1.975  -25.173  55.375 0.1111110002
35788  -9.435  -18.519  53.432 0.3333329856
35091  -13.420  -17.507  51.655 0.2222220004
37576  -11.126  -15.841  39.074 0.4444440007
102945  -50.095  10.914  7.406 0.4444440007
104184  -51.292  10.833  3.404 0.3333329856
30815  -5.280  -23.069  53.272 0.1111110002
32480  -8.227  -20.660  53.611 0.1111110002
33397  -9.983  -19.492  52.781 0.1111110002
31615  -6.254  -22.005  54.440 0.1111110002
32484  -7.095  -21.768  53.229 0.1111110002
32491  -7.114  -21.758  52.137 0.1111110002
32479  -7.537  -21.230  53.793 0.1111110002
33405  -10.083  -19.793  51.888 0.1111110002
32478  -6.974  -21.680  54.066 0.1111110002
60307  -50.226  10.743  8.736 0.2222220004
60384  -48.071  11.594  1.975 0.2222220004
39260  -28.106  -13.326  40.949 0.1111110002
39259  -27.362  -13.435  40.713 0.1111110002
39227  -29.985  -12.697  43.898 0.1111110002
39236  -28.894  -13.432  43.279 0.1111110002
39250  -29.344  -13.300  42.333 0.1111110002
39262  -30.280  -12.862  41.697 0.1111110002
38359  -26.986  -14.088  42.258 0.1111110002
107892  -27.680  -13.978  42.568 0.1111110002
91347  -28.630  -13.411  41.533 0.1111110002
39261  -29.426  -13.112  41.352 0.1111110002
92658  -25.829  -14.452  42.312 0.1111110002
38358  -26.246  -14.266  41.875 0.1111110002
39247  -26.660  -13.830  41.217 0.1111110002
39248  -27.659  -13.689  41.658 0.1111110002
90527  -25.006  -14.431  41.125 0.1111110002
90328  -25.294  -14.170  40.430 0.1111110002
39258  -26.039  -13.802  40.424 0.1111110002
38370  -24.517  -14.423  40.449 0.1111110002
39271  -25.607  -13.782  39.757 0.1111110002
40058  -29.692  -12.002  44.813 0.1111110002
39225  -28.542  -13.322  44.149 0.1111110002
39226  -29.302  -12.973  44.086 0.1111110002
38346  -27.334  -14.228  43.186 0.1111110002
39224  -27.672  -13.784  44.193 0.1111110002
95561  -23.013  -14.503  44.444 0.1111110002
38345  -26.452  -14.429  42.967 0.1111110002
38333  -26.923  -14.338  44.007 0.1111110002
39215  -27.331  -13.269  45.116 0.1111110002
91543  -23.519  -14.545  43.748 0.1111110002
102491  -24.045  -14.607  43.195 0.1111110002
38344  -25.628  -14.540  43.142 0.1111110002
38322  -25.754  -14.396  45.027 0.1111110002
90650  -24.364  -14.520  41.281 0.1111110002
90646  -23.748  -14.534  40.489 0.1111110002
38381  -23.989  -14.451  39.740 0.1111110002
42098  -29.646  -10.759  44.140 0.1111110002
42090  -30.270  -10.913  44.508 0.1111110002
41033  -29.076  -11.187  44.481 0.1111110002
41021  -28.031  -11.880  44.944 0.1111110002
40057  -28.943  -12.488  44.689 0.1111110002
41020  -27.214  -11.875  45.199 0.1111110002
38306  -22.978  -14.299  46.193 0.1111110002
38319  -23.398  -14.411  45.361 0.1111110002
39213  -25.979  -13.625  45.576 0.1111110002
99857  -27.118  -12.504  45.403 0.1111110002
38307  -23.895  -14.080  46.354 0.1111110002
38321  -24.947  -14.370  45.097 0.1111110002
42127  -29.187  -10.257  42.931 0.1111110002
107111  -29.398  -10.562  43.595 0.1111110002
42112  -28.796  -10.709  43.722 0.1111110002
41031  -27.636  -11.533  44.617 0.1111110002
42111  -27.921  -10.975  43.845 0.1111110002
41045  -27.341  -11.234  44.071 0.1111110002
40055  -26.560  -12.235  45.521 0.1111110002
107676  -26.122  -11.715  45.187 0.1111110002
90146  -28.127  -10.504  42.945 0.2222220004
43239  -23.425  -9.049  27.034 0.2222220004
37503  -17.515  -15.811  48.352 0.2222220004
37510  -17.977  -15.969  48.243 0.2222220004
40041  -25.962  -12.734  45.713 0.1111110002
103664  -26.680  -13.527  40.368 0.1111110002
40074  -29.686  -12.489  44.493 0.1111110002
39237  -29.537  -13.072  43.337 0.1111110002
39238  -30.130  -12.820  42.910 0.1111110002
39249  -28.383  -13.672  42.420 0.1111110002
91323  -28.123  -13.889  43.283 0.1111110002
38356  -25.094  -14.526  42.110 0.1111110002
38357  -25.600  -14.351  41.476 0.1111110002
38371  -25.944  -14.104  41.090 0.1111110002
39272  -26.288  -13.387  39.631 0.1111110002
39283  -25.564  -13.485  38.911 0.1111110002
41023  -29.671  -11.346  44.765 0.1111110002
39216  -28.125  -12.906  44.890 0.1111110002
102646  -23.723  -14.444  44.628 0.1111110002
38332  -26.130  -14.507  44.075 0.1111110002
39223  -26.619  -14.069  44.968 0.1111110002
107301  -27.149  -13.937  44.599 0.1111110002
38330  -24.390  -14.494  44.205 0.1111110002
38343  -24.812  -14.589  43.199 0.1111110002
90655  -24.185  -14.569  42.268 0.1111110002
38331  -25.307  -14.522  44.152 0.1111110002
90651  -23.515  -14.559  41.379 0.1111110002
41022  -28.912  -11.784  44.870 0.1111110002
41032  -28.386  -11.342  44.464 0.1111110002
101402  -28.316  -12.215  44.922 0.1111110002
40056  -27.684  -12.374  45.147 0.1111110002
39214  -26.626  -13.094  45.521 0.1111110002
38320  -24.179  -14.333  45.306 0.1111110002
38309  -25.285  -13.877  45.702 0.1111110002
107042  -28.639  -10.376  42.938 0.1111110002
41030  -26.984  -11.516  44.750 0.1111110002
41019  -26.527  -11.785  45.230 0.1111110002
37511  -18.485  -15.410  48.142 0.1111110002
37520  -18.727  -15.536  47.589 0.1111110002
38283  -19.745  -14.355  47.821 0.1111110002
48505  -26.846  -4.232  21.029 0.2222220004
48489  -28.028  -4.114  21.606 0.2222220004
48506  -27.743  -4.265  20.913 0.2222220004
47539  -27.889  -4.210  20.017 0.2222220004
48468  -26.963  -3.713  22.550 0.2222220004
48488  -26.502  -3.971  21.814 0.1111110002
92453  -27.345  -4.070  21.728 0.2222220004
52837  -39.942  1.383  33.302 0.1111110002
52011  -40.397  1.126  32.642 0.1111110002
53790  -44.542  2.648  23.738 0.3333329856
95099  -27.319  -1.122  16.266 0.1111110002
50437  -29.180  -1.621  16.102 0.1111110002
49529  -29.645  -2.263  16.632 0.1111110002
50439  -30.928  -1.760  16.136 0.1111110002
52927  -43.837  2.788  23.634 0.3333329856
90461  -26.942  1.768  18.858 0.1111110002
52982  -25.705  1.247  18.470 0.1111110002
105520  -26.240  1.536  18.845 0.1111110002
52148  -25.789  0.192  17.406 0.1111110002
51314  -26.819  -0.399  16.432 0.1111110002
50448  -27.948  -0.812  15.797 0.1111110002
50449  -28.722  -0.951  15.638 0.1111110002
50451  -30.526  -1.230  15.600 0.1111110002
50452  -31.369  -1.265  15.686 0.1111110002
50442  -33.558  -1.244  16.226 0.2222220004
52993  -25.813  0.985  17.813 0.1111110002
53001  -26.849  0.995  16.572 0.1111110002
102809  -27.024  0.312  16.298 0.1111110002
52155  -27.375  0.889  15.795 0.1111110002
52162  -27.870  0.389  15.411 0.1111110002
52163  -28.456  0.418  15.012 0.1111110002
51323  -29.179  -0.285  15.116 0.1111110002
51325  -30.957  -0.746  15.167 0.1111110002
51326  -31.759  -0.726  15.247 0.1111110002
95392  -27.949  1.059  15.110 0.1111110002
52173  -29.146  0.613  14.648 0.1111110002
51336  -31.314  -0.164  14.807 0.1111110002
51337  -32.155  -0.151  14.848 0.1111110002
53854  -27.867  2.723  17.654 0.1111110002
52984  -27.377  2.109  18.031 0.1111110002
53863  -27.363  2.399  16.961 0.1111110002
53002  -27.234  1.762  16.273 0.1111110002
53010  -27.633  1.827  15.418 0.1111110002
51334  -29.926  0.091  14.691 0.1111110002
52174  -30.696  0.496  14.448 0.1111110002
52175  -31.690  0.496  14.450 0.1111110002
52176  -32.585  0.450  14.436 0.1111110002
52177  -33.474  0.412  14.453 0.1111110002
53011  -28.213  1.789  14.762 0.1111110002
96579  -29.811  0.815  14.374 0.1111110002
53033  -29.818  2.276  13.760 0.1111110002
53022  -31.208  1.218  14.039 0.1111110002
104059  -31.698  1.873  13.649 0.1111110002
53024  -33.036  1.043  13.968 0.1111110002
107057  -29.633  3.086  13.665 0.1111110002
53893  -30.390  2.852  13.483 0.1111110002
53035  -32.612  1.755  13.614 0.1111110002
53036  -33.485  1.676  13.585 0.1111110002
53038  -35.219  1.716  13.695 0.1111110002
54735  -30.881  3.336  13.226 0.1111110002
53894  -31.270  2.647  13.355 0.1111110002
53895  -32.194  2.498  13.248 0.1111110002
53907  -33.493  2.809  12.861 0.1111110002
53897  -33.911  2.256  13.150 0.1111110002
53898  -34.855  2.317  13.098 0.1111110002
54748  -32.642  3.908  12.439 0.1111110002
53908  -34.201  2.843  12.704 0.1111110002
54750  -34.502  3.370  12.219 0.1111110002
53910  -35.716  2.694  12.735 0.2222220004
54761  -34.946  3.790  11.732 0.1111110002
54752  -36.072  3.222  12.162 0.1111110002
54734  -30.108  3.761  13.507 0.1111110002
54747  -31.877  4.068  12.639 0.1111110002
54749  -33.553  3.496  12.400 0.1111110002
55560  -34.100  4.072  11.836 0.1111110002
55559  -33.218  4.408  11.995 0.1111110002
54762  -35.623  3.604  11.785 0.1111110002
55574  -35.550  4.179  11.299 0.1111110002
54763  -36.219  3.715  11.736 0.2222220004
55575  -36.432  4.207  11.249 0.3333329856
55576  -37.245  4.280  11.308 0.3333329856
55544  -29.553  4.490  13.867 0.1111110002
55545  -30.312  4.692  13.477 0.1111110002
55556  -31.000  4.995  13.019 0.1111110002
55557  -31.548  4.660  12.699 0.1111110002
55558  -32.262  4.769  12.227 0.1111110002
55571  -32.993  5.289  11.703 0.1111110002
56377  -34.439  5.331  10.985 0.1111110002
57259  -36.069  5.831  10.037 0.2222220004
56391  -36.921  5.281  10.140 0.3333329856
56378  -35.138  4.915  10.926 0.1111110002
55586  -35.970  4.922  10.620 0.1111110002
55587  -36.805  4.640  10.739 0.3333329856
56354  -30.529  5.430  13.564 0.1111110002
56355  -31.129  5.803  13.102 0.1111110002
57237  -31.732  6.202  12.638 0.1111110002
57238  -32.331  6.649  12.194 0.1111110002
57239  -32.875  7.103  11.732 0.1111110002
56365  -32.269  5.716  12.079 0.1111110002
57248  -33.310  6.673  11.241 0.1111110002
56376  -33.641  5.866  11.140 0.1111110002
107717  -36.787  6.055  9.795 0.2222220004
56392  -37.895  5.254  10.085 0.3333329856
56389  -34.340  6.051  10.686 0.1111110002
57258  -35.508  6.568  10.046 0.1111110002
57265  -36.311  6.665  9.732 0.1111110002
56402  -37.515  5.915  9.715 0.2222220004
56403  -38.356  5.819  9.636 0.3333329856
58018  -35.823  7.408  9.810 0.1111110002
58019  -36.653  7.534  9.437 0.1111110002
98098  -37.953  6.525  9.278 0.2222220004
107577  -37.087  7.953  9.154 0.1111110002
58020  -37.535  7.409  9.062 0.2222220004
58021  -38.402  7.103  8.848 0.2222220004
58029  -38.802  7.742  8.529 0.2222220004
57219  -31.385  6.706  14.304 0.1111110002
57228  -31.450  6.558  13.425 0.1111110002
57218  -30.836  6.127  13.839 0.1111110002
91643  -32.028  7.029  12.999 0.1111110002
57990  -32.650  7.462  12.590 0.1111110002
57991  -33.268  7.880  12.198 0.1111110002
57992  -33.778  8.123  11.858 0.1111110002
58721  -34.329  8.496  11.949 0.1111110002
57249  -33.915  6.844  10.786 0.1111110002
58002  -34.033  7.865  11.208 0.1111110002
57257  -34.718  6.641  10.387 0.1111110002
58012  -35.112  7.383  10.205 0.1111110002
58739  -35.478  8.274  10.244 0.1111110002
58746  -36.105  8.119  9.707 0.1111110002
103141  -38.117  7.802  8.734 0.1111110002
58754  -38.309  8.441  8.538 0.1111110002
58765  -40.741  8.589  7.203 0.2222220004
58766  -41.485  8.288  7.122 0.3333329856
58767  -42.327  8.127  7.092 0.3333329856
105832  -41.922  8.668  6.743 0.3333329856
57206  -31.548  6.645  15.221 0.1111110002
57979  -32.580  7.571  13.555 0.1111110002
57980  -33.262  8.039  13.210 0.1111110002
58711  -34.584  8.609  13.421 0.1111110002
58710  -33.992  8.413  12.763 0.1111110002
91738  -34.730  8.788  12.753 0.1111110002
95540  -35.249  9.111  12.763 0.1111110002
59466  -35.645  9.400  12.325 0.1111110002
58729  -34.585  8.340  11.191 0.1111110002
59485  -35.667  9.139  10.787 0.1111110002
58740  -36.104  8.857  10.092 0.1111110002
58747  -36.719  8.522  9.430 0.1111110002
59495  -37.235  9.418  9.328 0.1111110002
59501  -37.843  9.126  8.719 0.1111110002
58028  -37.517  8.381  8.907 0.1111110002
59502  -38.434  9.242  8.346 0.1111110002
59513  -40.314  9.289  7.010 0.1111110002
59514  -41.204  9.090  6.718 0.1111110002
58782  -42.638  8.692  6.666 0.3333329856
57981  -34.052  8.312  13.808 0.1111110002
59467  -36.151  9.698  12.688 0.1111110002
60279  -36.998  10.460  12.137 0.1111110002
59475  -36.223  9.855  11.814 0.1111110002
59486  -36.279  9.650  10.726 0.1111110002
107352  -35.901  9.527  11.214 0.1111110002
59494  -36.607  9.349  9.913 0.1111110002
59487  -36.925  10.040  10.208 0.1111110002
60299  -37.429  10.301  9.714 0.1111110002
59496  -37.904  10.055  8.954 0.1111110002
95484  -38.570  10.056  8.303 0.1111110002
59503  -39.079  9.309  7.900 0.1111110002
59512  -39.598  9.676  7.449 0.1111110002
103682  -40.731  9.814  6.631 0.1111110002
59526  -42.037  9.261  6.404 0.3333329856
59527  -42.835  9.251  6.185 0.3333329856
59469  -47.297  10.371  13.023 0.3333329856
60287  -37.391  10.815  11.541 0.1111110002
60282  -47.912  10.351  12.702 0.3333329856
60294  -37.445  10.804  10.580 0.1111110002
60295  -38.089  11.475  10.469 0.1111110002
60300  -37.845  10.938  9.645 0.1111110002
60304  -38.318  10.871  8.859 0.1111110002
105625  -39.062  10.079  7.864 0.1111110002
99084  -39.374  10.669  7.631 0.1111110002
60312  -40.071  10.371  6.963 0.1111110002
60325  -40.796  10.574  6.399 0.1111110002
59525  -41.405  9.899  6.315 0.1111110002
60327  -42.206  9.974  5.871 0.3333329856
59470  -48.010  10.191  13.165 0.3333329856
61048  -38.374  11.647  12.140 0.1111110002
61055  -38.486  11.846  11.259 0.1111110002
61060  -38.690  12.054  10.429 0.1111110002
61063  -38.471  11.619  9.548 0.1111110002
105006  -38.726  11.426  8.746 0.1111110002
60305  -38.835  10.811  8.224 0.1111110002
61069  -39.260  11.575  8.198 0.1111110002
106354  -39.759  12.077  7.914 0.1111110002
61079  -40.337  11.398  6.753 0.1111110002
61080  -40.956  11.458  6.140 0.1111110002
60326  -41.473  10.661  5.931 0.1111110002
60338  -42.074  10.747  5.563 0.2222220004
60365  -45.980  10.599  3.304 0.4444440007
61064  -38.981  12.223  9.772 0.1111110002
61774  -40.045  13.178  9.853 0.1111110002
96608  -40.667  13.568  9.369 0.1111110002
61773  -39.503  12.611  9.442 0.1111110002
61777  -39.618  12.374  8.605 0.1111110002
61778  -40.096  13.061  8.963 0.1111110002
95235  -40.217  12.678  8.126 0.1111110002
61780  -40.185  12.173  7.342 0.1111110002
61789  -40.730  12.281  6.655 0.1111110002
61798  -41.316  12.273  5.982 0.1111110002
61087  -41.635  11.423  5.617 0.1111110002
102647  -42.369  11.320  5.136 0.2222220004
61096  -44.174  11.008  4.028 0.3333329856
60364  -45.039  10.749  3.665 0.3333329856
62531  -41.330  14.012  9.119 0.1111110002
62530  -40.821  13.459  8.424 0.1111110002
61781  -40.713  12.955  7.427 0.1111110002
62534  -41.363  13.640  7.582 0.1111110002
61799  -41.862  12.234  5.340 0.1111110002
61102  -43.778  11.768  3.760 0.2222220004
61103  -44.668  11.490  3.320 0.2222220004
61104  -45.616  11.312  2.812 0.2222220004
61116  -48.039  12.270  1.077 0.2222220004
62537  -41.349  13.141  6.609 0.1111110002
62546  -41.732  12.878  5.841 0.1111110002
62547  -42.269  13.135  5.279 0.1111110002
61808  -42.431  12.199  4.754 0.2222220004
61817  -43.531  12.660  3.748 0.1111110002
61818  -44.369  12.257  3.131 0.2222220004
61114  -45.339  12.080  2.425 0.2222220004
61115  -46.595  12.105  1.718 0.2222220004
59604  -48.043  10.412  0.423 0.2222220004
98092  -47.718  10.945  -0.200 0.2222220004
105438  -47.027  10.734  -0.306 0.2222220004
59603  -46.872  10.034  0.269 0.1111110002
92855  -41.502  13.968  8.336 0.1111110002
104565  -41.909  14.166  7.848 0.1111110002
62538  -42.053  14.018  6.942 0.1111110002
93945  -42.009  13.465  6.126 0.1111110002
63304  -42.663  14.067  6.005 0.1111110002
62548  -42.971  13.880  4.895 0.1111110002
62560  -42.827  12.894  4.442 0.1111110002
106916  -43.257  13.407  4.134 0.1111110002
62568  -43.745  13.476  3.561 0.1111110002
61824  -44.183  12.921  3.146 0.1111110002
61825  -45.005  12.914  2.318 0.2222220004
98640  -40.126  6.170  4.867 0.1111110002
58082  -40.781  6.931  4.499 0.1111110002
61836  -46.553  13.028  1.155 0.2222220004
58099  -41.796  7.102  4.089 0.1111110002
61132  -48.376  13.207  0.272 0.2222220004
104722  -49.136  13.675  -0.869 0.2222220004
58100  -42.588  7.281  3.448 0.1111110002
61133  -49.378  13.094  -0.279 0.2222220004
61146  -48.959  13.347  -1.185 0.2222220004
92714  -49.359  12.642  -0.409 0.2222220004
59592  -45.935  9.087  0.738 0.1111110002
107035  -42.782  14.504  6.857 0.1111110002
93351  -43.515  14.138  4.150 0.1111110002
62575  -44.364  13.564  2.837 0.1111110002
61835  -45.966  13.644  1.249 0.2222220004
90975  -41.860  7.867  3.790 0.1111110002
105889  -45.035  13.654  2.052 0.2222220004
58820  -42.454  8.341  3.277 0.1111110002
61837  -48.624  13.850  -0.557 0.2222220004
58833  -43.213  8.539  2.580 0.1111110002
61847  -49.069  14.065  -1.599 0.2222220004
58109  -43.309  7.558  2.727 0.1111110002
100256  -43.787  8.643  1.930 0.1111110002
60416  -48.084  11.862  -0.731 0.2222220004
58848  -44.395  8.701  1.390 0.1111110002
94153  -45.031  8.774  0.942 0.1111110002
59602  -46.170  10.093  0.131 0.1111110002
63318  -44.131  15.265  4.924 0.1111110002
63330  -44.035  14.949  4.070 0.1111110002
63306  -43.277  14.522  5.593 0.1111110002
63317  -43.605  14.665  4.905 0.1111110002
63329  -44.013  14.228  3.361 0.1111110002
59576  -41.724  9.748  2.970 0.1111110002
60381  -42.534  10.121  2.399 0.1111110002
99017  -47.303  13.929  0.175 0.2222220004
59578  -43.243  9.324  2.234 0.1111110002
62595  -48.632  14.370  -1.368 0.2222220004
61156  -48.332  13.692  -2.006 0.2222220004
59589  -43.910  9.398  1.559 0.1111110002
59590  -44.711  9.574  0.815 0.1111110002
61145  -47.509  12.381  -1.246 0.2222220004
60400  -45.566  10.312  0.142 0.1111110002
60415  -46.629  11.096  -0.487 0.2222220004
59591  -45.434  9.532  0.558 0.1111110002
97776  -44.303  14.871  3.129 0.1111110002
64061  -44.802  15.246  2.380 0.1111110002
63339  -44.690  14.348  2.351 0.1111110002
62583  -45.725  14.300  1.178 0.1111110002
62584  -47.187  14.501  -0.207 0.2222220004
97713  -46.923  14.920  -0.310 0.2222220004
61113  -42.219  11.043  2.168 0.2222220004
62603  -48.528  14.172  -2.162 0.2222220004
60397  -43.057  10.724  1.767 0.2222220004
60382  -43.376  9.973  1.880 0.2222220004
61131  -44.513  11.034  0.389 0.1111110002
61846  -46.926  12.802  -1.633 0.2222220004
60398  -43.975  10.305  1.100 0.1111110002
60414  -45.774  11.452  -0.508 0.1111110002
60399  -44.885  10.456  0.368 0.1111110002
61855  -47.682  13.680  -2.223 0.2222220004
62602  -47.400  14.027  -2.307 0.2222220004
61130  -43.577  11.376  1.013 0.2222220004
61144  -44.670  11.857  0.077 0.2222220004
97458  -45.698  12.351  -0.950 0.2222220004
61844  -44.875  12.692  -0.595 0.2222220004
61845  -46.365  13.143  -1.706 0.2222220004
52075  -44.286  1.745  25.237 0.2222220004
52909  -44.228  2.502  24.502 0.3333329856
52836  -39.074  1.471  33.463 0.1111110002
52028  -40.830  0.855  31.927 0.1111110002
52039  -41.879  0.815  30.638 0.1111110002
93421  -42.395  0.980  31.428 0.1111110002
50453  -32.194  -1.203  15.765 0.1111110002
50440  -31.840  -1.837  16.290 0.2222220004
51338  -33.016  -0.181  14.892 0.1111110002
52164  -33.917  -0.207  14.987 0.1111110002
52908  -43.507  2.078  24.755 0.3333329856
101999  -31.219  -2.199  16.633 0.1111110002
50454  -32.889  -1.081  15.818 0.1111110002
48490  -28.646  -3.988  21.779 0.3333329856
100128  -28.415  -4.186  21.186 0.2222220004
48507  -28.537  -4.185  20.536 0.2222220004
54764  -36.940  3.825  11.834 0.3333329856
37519  -18.171  -16.089  47.766 0.1111110002
47537  -26.326  -4.268  20.319 0.1111110002
90089  -28.672  -4.075  19.683 0.2222220004
48504  -25.993  -4.142  21.101 0.1111110002
53805  -44.241  3.166  22.941 0.3333329856
50436  -28.246  -1.452  16.145 0.1111110002
51321  -27.494  -0.154  15.878 0.1111110002
50450  -29.643  -1.108  15.564 0.1111110002
49528  -28.715  -2.163  16.658 0.1111110002
50438  -30.080  -1.723  16.086 0.1111110002
51313  -26.138  -0.480  16.880 0.1111110002
52154  -26.504  0.257  16.808 0.1111110002
51322  -28.249  -0.251  15.427 0.1111110002
51324  -30.144  -0.637  15.095 0.1111110002
52983  -26.451  1.522  18.043 0.1111110002
52994  -26.328  0.982  17.263 0.1111110002
52995  -26.890  1.656  17.162 0.1111110002
52172  -28.538  1.088  14.701 0.1111110002
51335  -30.614  -0.222  14.812 0.1111110002
93535  -32.566  -0.687  15.333 0.1111110002
53020  -29.101  1.620  14.236 0.1111110002
53021  -30.226  1.378  14.037 0.1111110002
53023  -32.144  1.147  14.051 0.1111110002
53034  -30.756  2.027  13.672 0.1111110002
53896  -33.075  2.342  13.206 0.1111110002
53037  -34.362  1.677  13.606 0.1111110002
55546  -31.024  4.119  13.025 0.1111110002
54736  -31.734  3.332  12.969 0.1111110002
53906  -32.718  3.135  12.834 0.1111110002
108398  -32.246  3.606  12.707 0.1111110002
53909  -34.910  2.871  12.567 0.1111110002
54751  -35.294  3.219  12.155 0.1111110002
94716  -36.686  3.441  12.170 0.2222220004
55572  -33.806  4.904  11.442 0.1111110002
55573  -34.647  4.503  11.322 0.1111110002
56353  -29.942  5.126  13.879 0.1111110002
56364  -31.625  5.357  12.574 0.1111110002
56375  -32.853  6.198  11.588 0.1111110002
56390  -35.136  5.726  10.454 0.1111110002
57266  -37.118  6.662  9.466 0.2222220004
57229  -31.934  7.182  13.892 0.1111110002
58001  -33.475  7.444  11.407 0.1111110002
58011  -34.479  7.522  10.612 0.1111110002
58738  -34.906  8.076  10.606 0.1111110002
58702  -34.799  8.486  14.173 0.1111110002
58722  -34.983  8.949  11.945 0.1111110002
58730  -35.088  8.770  11.010 0.1111110002
59474  -35.555  9.309  11.521 0.1111110002
57972  -34.283  8.117  14.708 0.1111110002
59468  -36.606  10.073  12.660 0.1111110002
59476  -36.829  10.354  11.162 0.1111110002
60280  -37.733  11.042  12.398 0.1111110002
60288  -37.893  11.316  11.407 0.1111110002
61070  -39.770  11.399  7.422 0.1111110002
61066  -39.026  12.031  9.026 0.1111110002
61769  -39.376  12.646  10.411 0.1111110002
61117  -49.522  12.562  0.752 0.2222220004
60417  -48.874  11.666  -0.342 0.2222220004
60418  -49.935  12.206  -0.086 0.2222220004
58098  -41.067  7.877  4.103 0.1111110002
58819  -41.436  8.545  3.658 0.1111110002
59564  -41.856  9.067  3.287 0.1111110002
59577  -42.530  9.220  2.847 0.1111110002
62594  -48.185  14.742  -1.972 0.2222220004
58773  -51.173  8.790  7.365 0.1111110002
37587  -11.314  -15.380  38.186 0.2222220004
37588  -11.845  -15.422  39.017 0.2222220004
38388  -12.280  -14.922  38.389 0.2222220004
36773  -9.409  -15.874  37.887 0.2222220004
37596  -9.889  -15.466  37.408 0.2222220004
37597  -10.547  -15.479  37.689 0.2222220004
38404  -11.764  -14.853  37.452 0.2222220004
38416  -10.442  -14.667  36.249 0.2222220004
35917  -4.750  -17.175  40.776 0.1111110002
36741  -5.088  -16.578  40.010 0.1111110002
35927  -6.775  -17.065  39.760 0.1111110002
93401  -6.422  -16.729  39.255 0.1111110002
37585  -7.016  -15.785  38.176 0.1111110002
36771  -7.829  -15.887  37.918 0.1111110002
95202  -8.357  -15.203  37.433 0.1111110002
37595  -9.199  -15.400  37.374 0.1111110002
38434  -11.769  -14.209  35.861 0.2222220004
93342  -12.158  -14.402  36.725 0.2222220004
39306  -11.461  -13.906  35.161 0.1111110002
39308  -13.252  -13.261  35.459 0.1111110002
39319  -12.689  -13.136  34.626 0.1111110002
37605  -9.797  -15.017  36.810 0.1111110002
38431  -10.430  -14.125  35.603 0.1111110002
39304  -9.955  -13.616  35.671 0.1111110002
38432  -10.861  -13.966  35.140 0.1111110002
39318  -11.862  -13.390  34.631 0.1111110002
40209  -13.788  -12.314  33.762 0.1111110002
39317  -11.122  -13.479  34.747 0.1111110002
42281  -20.396  -10.381  29.496 0.1111110002
42282  -21.282  -10.384  29.476 0.1111110002
42293  -22.403  -10.096  28.572 0.1111110002
42290  -19.808  -10.132  28.779 0.1111110002
42291  -20.680  -10.171  28.649 0.1111110002
42292  -21.567  -10.178  28.623 0.1111110002
43226  -21.852  -9.752  27.871 0.1111110002
103692  -22.887  -9.270  27.347 0.1111110002
43225  -21.019  -9.789  27.937 0.1111110002
44093  -24.241  -8.104  26.458 0.1111110002
44885  -24.629  -7.411  25.912 0.1111110002
45729  -24.989  -6.652  25.432 0.1111110002
45728  -24.143  -6.750  25.536 0.1111110002
95987  -24.995  -5.678  25.352 0.1111110002
99991  -22.238  -9.227  27.376 0.1111110002
44084  -23.968  -8.734  26.788 0.1111110002
44092  -23.454  -8.272  26.716 0.1111110002
44884  -23.827  -7.476  26.150 0.1111110002
46594  -25.660  -5.074  25.810 0.1111110002
45719  -23.452  -6.793  26.020 0.1111110002
108786  -23.733  -6.348  25.644 0.1111110002
101100  -23.659  -4.919  25.547 0.1111110002
93742  -24.967  -4.480  25.622 0.1111110002
101466  -24.423  -4.942  25.477 0.1111110002
46585  -23.320  -5.838  25.898 0.1111110002
47453  -22.901  -4.974  25.939 0.1111110002
47471  -25.538  -3.818  25.996 0.1111110002
47470  -24.246  -4.022  25.398 0.1111110002
48561  -30.732  -3.258  17.880 0.2222220004
49531  -31.784  -2.421  17.020 0.2222220004
35907  -5.276  -17.670  41.373 0.1111110002
35919  -6.419  -17.282  40.399 0.1111110002
36762  -7.433  -16.372  38.506 0.1111110002
36772  -8.655  -15.909  37.836 0.1111110002
36774  -10.019  -15.794  37.957 0.2222220004
35918  -5.609  -17.282  40.531 0.1111110002
43247  -22.786  -8.766  27.057 0.1111110002
43227  -22.637  -9.679  27.833 0.1111110002
37598  -11.073  -15.163  37.326 0.2222220004
37606  -10.481  -15.115  36.954 0.2222220004
38417  -11.234  -14.750  36.543 0.2222220004
35926  -5.975  -16.941  39.786 0.1111110002
36761  -6.615  -16.303  38.712 0.1111110002
37594  -7.404  -15.209  37.718 0.1111110002
38433  -11.005  -14.370  35.654 0.1111110002
38415  -9.803  -14.336  36.340 0.1111110002
39305  -10.511  -13.526  35.059 0.1111110002
40187  -10.068  -12.748  35.190 0.1111110002
96019  -11.477  -12.945  34.383 0.1111110002
43238  -21.429  -9.199  27.480 0.1111110002
43237  -20.623  -9.185  27.656 0.1111110002
46593  -24.109  -5.841  25.417 0.1111110002
44209  -47.440  -8.585  14.169 0.1111110002
44210  -48.146  -9.066  14.525 0.1111110002
41511  -50.321  -12.113  15.627 0.1111110002
41499  -49.370  -11.726  16.397 0.1111110002
45827  -46.114  -6.806  13.540 0.1111110002
44992  -45.864  -6.968  14.015 0.1111110002
44208  -46.857  -8.090  13.965 0.1111110002
43389  -48.790  -9.826  14.123 0.1111110002
42521  -49.443  -10.602  13.784 0.1111110002
42522  -50.093  -11.647  14.048 0.1111110002
42523  -50.535  -12.084  14.865 0.1111110002
45837  -45.770  -6.183  13.233 0.1111110002
44997  -46.439  -7.467  13.842 0.1111110002
44212  -47.187  -7.877  13.432 0.1111110002
40438  -50.292  -12.220  14.404 0.1111110002
40437  -50.298  -12.241  14.868 0.1111110002
41468  -49.573  -11.497  18.337 0.1111110002
94889  -45.417  -6.317  14.103 0.1111110002
46685  -46.081  -6.566  14.468 0.1111110002
44994  -47.007  -7.955  14.492 0.1111110002
41500  -50.573  -11.909  16.423 0.1111110002
41483  -49.682  -11.618  17.331 0.1111110002
103706  -44.977  -5.759  14.167 0.1111110002
43383  -49.005  -9.571  15.033 0.1111110002
43384  -49.993  -10.197  15.575 0.1111110002
42509  -50.845  -11.846  15.651 0.1111110002
104879  -45.106  -5.919  13.766 0.1111110002
43390  -49.622  -10.553  14.613 0.1111110002
42508  -50.506  -11.354  15.192 0.1111110002
100408  -50.867  -11.872  15.869 0.1111110002
107422  -45.582  -6.481  13.822 0.1111110002
41512  -50.657  -12.023  15.236 0.1111110002
46697  -46.193  -5.657  12.391 0.1111110002
41484  -50.837  -11.825  17.216 0.1111110002
45821  -46.853  -7.061  14.829 0.1111110002
44205  -47.741  -8.357  14.940 0.1111110002
44206  -48.563  -8.730  15.428 0.1111110002
41485  -51.174  -11.678  17.372 0.1111110002
44207  -49.435  -9.132  15.928 0.1111110002
42496  -51.056  -11.592  16.236 0.1111110002
41501  -50.994  -11.748  16.566 0.1111110002
43385  -50.879  -10.906  16.082 0.1111110002
46683  -44.480  -5.329  13.973 0.1111110002
46695  -44.753  -5.275  13.296 0.1111110002
46696  -45.401  -5.659  13.044 0.1111110002
46710  -50.024  -5.984  11.347 0.1111110002
47681  -49.957  -4.893  8.542 0.1111110002
93065  -49.438  -4.203  8.092 0.1111110002
106175  -49.368  -5.127  8.522 0.1111110002
41486  -51.322  -11.629  18.193 0.1111110002
47619  -44.866  -5.027  14.516 0.1111110002
46684  -45.503  -5.746  14.534 0.1111110002
104769  -46.873  -6.192  15.087 0.1111110002
47618  -44.125  -4.563  14.226 0.1111110002
44989  -47.689  -7.381  15.295 0.1111110002
44990  -48.553  -7.760  15.759 0.1111110002
43381  -51.384  -10.469  17.067 0.1111110002
42478  -51.500  -11.132  17.590 0.1111110002
103449  -49.226  -8.236  16.072 0.1111110002
43380  -51.081  -10.000  16.734 0.1111110002
42477  -51.255  -11.374  16.828 0.1111110002
43379  -50.443  -9.561  16.335 0.1111110002
47617  -43.545  -3.924  14.004 0.1111110002
47622  -44.071  -4.600  13.495 0.1111110002
47632  -45.432  -5.126  12.443 0.1111110002
47633  -46.194  -4.966  11.873 0.1111110002
46707  -46.995  -5.249  11.671 0.1111110002
46708  -47.997  -5.544  11.591 0.1111110002
46729  -49.064  -5.214  11.212 0.1111110002
48623  -51.601  -3.346  9.847 0.1111110002
49600  -51.537  -2.796  9.476 0.1111110002
49617  -51.333  -2.947  8.937 0.1111110002
46730  -50.637  -5.358  10.946 0.1111110002
93651  -51.505  -5.126  10.416 0.1111110002
47662  -51.654  -4.139  9.811 0.1111110002
48637  -51.476  -3.520  9.369 0.1111110002
49616  -50.948  -2.738  8.402 0.1111110002
48636  -51.359  -4.230  9.299 0.1111110002
48649  -50.967  -3.659  8.753 0.1111110002
46755  -50.956  -5.528  8.915 0.1111110002
47682  -50.922  -4.635  8.876 0.1111110002
105940  -50.157  -3.407  8.041 0.1111110002
44983  -48.372  -6.260  17.846 0.1111110002
43314  -50.651  -9.071  21.117 0.1111110002
43315  -51.105  -9.491  20.758 0.1111110002
42426  -51.439  -10.687  19.467 0.1111110002
41448  -51.323  -11.488  19.029 0.1111110002
47612  -45.765  -4.912  15.004 0.1111110002
48580  -43.967  -3.799  14.504 0.1111110002
47611  -44.633  -3.973  14.830 0.1111110002
46679  -46.546  -5.381  15.143 0.1111110002
45822  -47.864  -6.153  15.471 0.1111110002
45823  -48.902  -6.506  15.891 0.1111110002
47621  -43.608  -3.888  13.252 0.1111110002
48591  -44.091  -3.954  12.425 0.1111110002
47631  -44.722  -4.629  12.529 0.1111110002
47641  -45.621  -4.403  11.721 0.1111110002
47642  -46.761  -4.449  11.282 0.1111110002
47643  -47.808  -4.837  11.221 0.1111110002
47659  -47.630  -4.171  10.919 0.1111110002
94693  -48.590  -4.353  10.872 0.1111110002
49585  -49.953  -2.846  10.550 0.1111110002
49586  -50.929  -2.759  10.359 0.1111110002
49587  -51.457  -2.744  10.017 0.1111110002
50497  -51.420  -2.213  9.720 0.1111110002
50513  -51.312  -1.036  9.400 0.1111110002
46709  -48.894  -5.880  11.543 0.1111110002
96342  -49.684  -4.620  10.897 0.1111110002
48621  -50.745  -3.575  10.499 0.1111110002
48622  -51.426  -3.475  10.153 0.1111110002
96340  -51.050  -1.295  8.583 0.1111110002
47660  -50.683  -4.450  10.684 0.1111110002
47661  -51.405  -4.301  10.261 0.1111110002
50532  -50.473  -1.558  7.937 0.1111110002
105231  -50.919  -2.018  8.305 0.1111110002
50552  -49.747  -1.016  7.664 0.1111110002
49397  -46.679  -2.635  24.175 0.1111110002
49417  -46.772  -2.629  23.254 0.1111110002
48499  -46.849  -2.540  21.650 0.1111110002
48514  -47.320  -1.974  21.145 0.1111110002
48531  -47.401  -1.848  20.536 0.1111110002
48546  -47.495  -2.110  19.739 0.1111110002
48563  -47.948  -2.735  18.371 0.1111110002
47602  -47.727  -4.009  17.796 0.1111110002
44940  -50.521  -7.576  20.048 0.1111110002
100075  -48.673  -4.214  17.682 0.1111110002
45788  -49.477  -5.817  18.240 0.1111110002
92798  -49.977  -6.364  19.070 0.1111110002
44956  -50.739  -6.185  19.206 0.1111110002
44957  -51.005  -6.716  19.469 0.1111110002
46672  -47.813  -5.049  17.666 0.1111110002
44155  -51.026  -7.738  20.024 0.1111110002
43337  -51.013  -8.672  20.493 0.1111110002
93837  -43.576  -2.435  16.039 0.1111110002
49543  -45.047  -2.489  15.772 0.1111110002
43338  -51.278  -9.572  20.019 0.1111110002
90828  -44.081  -2.660  15.473 0.1111110002
48572  -43.221  -2.625  15.160 0.1111110002
48573  -44.424  -3.141  15.093 0.1111110002
48574  -45.400  -3.054  15.439 0.1111110002
99533  -45.586  -4.021  15.230 0.1111110002
43359  -51.416  -9.724  19.025 0.1111110002
48579  -43.586  -3.148  14.626 0.1111110002
42453  -51.553  -10.901  18.503 0.1111110002
100537  -43.152  -3.272  14.028 0.1111110002
44986  -49.932  -7.027  16.306 0.1111110002
44202  -50.173  -8.315  16.441 0.1111110002
44203  -51.048  -8.626  16.803 0.1111110002
49552  -42.814  -2.887  13.527 0.1111110002
48582  -43.236  -3.412  13.443 0.1111110002
48590  -43.388  -3.328  12.631 0.1111110002
47640  -44.862  -4.044  11.864 0.1111110002
48601  -46.153  -3.785  11.061 0.1111110002
48618  -47.038  -3.669  10.788 0.1111110002
48619  -48.100  -3.462  10.665 0.1111110002
50494  -48.580  -1.847  10.484 0.1111110002
107888  -49.422  -2.211  10.505 0.1111110002
49584  -48.893  -2.769  10.559 0.1111110002
102485  -50.263  -2.102  10.438 0.1111110002
50496  -51.074  -1.945  10.151 0.1111110002
102494  -51.328  -1.611  9.748 0.1111110002
51369  -50.930  -0.192  9.758 0.1111110002
48620  -49.492  -3.730  10.677 0.1111110002
51380  -51.055  -0.381  8.947 0.1111110002
52213  -50.032  1.126  8.293 0.1111110002
51379  -50.571  -0.701  8.188 0.1111110002
51399  -49.907  -0.278  7.846 0.1111110002
92257  -46.866  -2.642  22.670 0.1111110002
49432  -46.612  -2.481  22.109 0.1111110002
49460  -46.180  -1.916  20.958 0.1111110002
49534  -41.926  -2.298  17.293 0.1111110002
49461  -47.016  -1.676  20.862 0.1111110002
49478  -47.062  -1.533  20.040 0.1111110002
48532  -47.440  -1.560  19.701 0.1111110002
49520  -43.692  -2.411  17.448 0.1111110002
49535  -42.889  -2.415  16.781 0.1111110002
47603  -49.392  -2.879  17.551 0.1111110002
92148  -44.087  -2.345  16.825 0.1111110002
92335  -48.688  -2.319  17.929 0.1111110002
101386  -50.328  -4.767  17.988 0.1111110002
45790  -51.157  -5.718  18.678 0.1111110002
49536  -44.572  -2.342  16.281 0.1111110002
49544  -46.142  -2.263  16.039 0.1111110002
44156  -51.272  -8.557  19.642 0.1111110002
48575  -46.715  -2.845  15.786 0.1111110002
48576  -48.050  -2.989  15.971 0.1111110002
47614  -48.033  -4.256  15.660 0.1111110002
47613  -46.754  -4.061  15.469 0.1111110002
46681  -48.407  -5.033  15.675 0.1111110002
45817  -50.218  -5.529  16.294 0.1111110002
45818  -51.053  -5.828  16.565 0.1111110002
44987  -51.103  -7.126  16.758 0.1111110002
105274  -51.465  -6.792  17.290 0.1111110002
44200  -51.474  -8.341  17.947 0.1111110002
95656  -49.248  -5.239  15.949 0.1111110002
43377  -51.441  -9.809  17.927 0.1111110002
49549  -42.919  -2.801  14.358 0.1111110002
46680  -47.491  -5.436  15.401 0.1111110002
43376  -51.310  -9.154  17.184 0.1111110002
102879  -43.019  -3.105  13.043 0.1111110002
102677  -43.889  -3.286  11.870 0.1111110002
48599  -44.573  -3.467  11.534 0.1111110002
53069  -50.499  1.205  9.754 0.1111110002
53068  -49.964  1.976  9.924 0.1111110002
53947  -49.651  2.799  9.224 0.1111110002
48600  -45.351  -3.664  11.291 0.1111110002
104041  -46.455  -3.097  10.691 0.1111110002
94045  -47.284  -2.872  10.546 0.1111110002
103229  -48.053  -2.575  10.516 0.1111110002
51362  -50.493  -0.022  10.170 0.1111110002
52198  -50.645  0.634  10.018 0.1111110002
53079  -50.126  1.811  9.035 0.1111110002
50495  -49.621  -1.531  10.483 0.1111110002
100395  -50.083  -0.773  10.415 0.1111110002
102716  -50.553  1.040  9.006 0.1111110002
103387  -50.463  -1.429  10.368 0.1111110002
97020  -50.939  -0.949  10.117 0.1111110002
52207  -50.837  0.463  9.395 0.1111110002
53946  -49.509  2.409  8.356 0.1111110002
53078  -48.843  1.921  7.906 0.1111110002
49519  -42.797  -2.466  17.892 0.1111110002
49499  -48.217  -1.030  19.102 0.1111110002
48564  -49.201  -1.586  17.401 0.1111110002
49537  -45.742  -1.915  16.671 0.1111110002
47604  -50.529  -2.942  17.251 0.1111110002
46673  -50.868  -3.820  17.575 0.1111110002
103313  -47.156  -1.950  16.209 0.1111110002
48568  -48.033  -2.032  16.284 0.1111110002
46674  -51.151  -4.233  17.146 0.1111110002
45814  -51.042  -4.756  18.052 0.1111110002
44958  -51.339  -6.511  18.714 0.1111110002
44179  -51.353  -7.545  19.044 0.1111110002
49542  -42.632  -2.391  15.725 0.1111110002
47608  -49.419  -3.005  16.251 0.1111110002
98591  -51.277  -5.122  16.936 0.1111110002
45815  -51.286  -5.229  17.623 0.1111110002
45791  -51.480  -6.147  17.896 0.1111110002
47615  -49.449  -4.096  16.014 0.1111110002
46676  -50.492  -4.273  16.284 0.1111110002
46677  -51.032  -4.677  16.595 0.1111110002
45819  -51.405  -5.979  17.067 0.1111110002
44984  -51.542  -7.131  17.979 0.1111110002
104480  -51.434  -8.762  18.720 0.1111110002
49548  -42.479  -2.428  14.791 0.1111110002
49556  -42.393  -2.381  13.202 0.1111110002
49557  -42.810  -2.670  12.625 0.1111110002
53058  -48.747  1.860  10.488 0.1111110002
53059  -49.648  1.542  10.342 0.1111110002
53936  -49.430  2.874  9.978 0.1111110002
54788  -49.422  3.724  8.856 0.1111110002
49565  -44.214  -2.725  11.180 0.1111110002
49566  -45.097  -2.938  10.892 0.1111110002
52197  -50.061  0.773  10.313 0.1111110002
48617  -45.781  -3.238  10.886 0.1111110002
49582  -45.890  -2.586  10.639 0.1111110002
49583  -46.695  -2.275  10.482 0.1111110002
99471  -47.533  -1.994  10.455 0.1111110002
50493  -47.799  -1.033  10.449 0.1111110002
100302  -48.984  -0.885  10.495 0.1111110002
51361  -49.525  -0.015  10.427 0.1111110002
53060  -50.287  1.251  10.124 0.1111110002
54787  -49.327  3.246  8.310 0.1111110002
53960  -48.719  2.802  7.849 0.1111110002
50388  -41.344  -1.420  21.011 0.1111110002
97530  -41.625  -2.121  20.294 0.1111110002
49494  -41.368  -2.052  18.650 0.1111110002
50400  -41.285  -1.865  19.464 0.1111110002
49474  -41.854  -2.280  19.405 0.1111110002
49518  -41.862  -2.321  18.055 0.1111110002
50430  -41.273  -1.982  17.751 0.1111110002
98727  -45.004  -2.089  16.948 0.1111110002
47605  -50.935  -3.247  16.955 0.1111110002
49541  -41.808  -2.170  16.291 0.1111110002
104618  -51.035  -3.751  16.616 0.1111110002
49547  -41.866  -2.123  15.234 0.1111110002
50461  -41.863  -2.046  14.352 0.1111110002
49551  -42.367  -2.437  13.949 0.1111110002
50464  -41.855  -1.840  13.420 0.1111110002
93390  -42.265  -1.914  12.542 0.1111110002
50467  -42.803  -2.026  11.816 0.1111110002
50473  -42.916  -1.426  11.334 0.1111110002
98244  -43.326  -1.002  10.905 0.1111110002
50474  -43.536  -1.925  11.106 0.1111110002
50489  -44.132  -1.128  10.665 0.1111110002
49564  -43.379  -2.721  11.817 0.1111110002
98240  -45.643  -0.623  10.437 0.1111110002
99918  -46.295  -0.999  10.416 0.1111110002
98902  -46.449  -0.139  10.453 0.1111110002
52196  -48.896  0.870  10.506 0.1111110002
99345  -49.316  2.353  10.285 0.1111110002
103051  -44.751  -2.453  10.796 0.1111110002
49581  -45.272  -2.066  10.580 0.1111110002
100114  -45.679  -1.315  10.446 0.1111110002
104426  -46.961  -0.759  10.450 0.1111110002
98901  -47.419  -0.179  10.480 0.1111110002
51360  -48.401  -0.136  10.494 0.1111110002
50491  -46.128  -1.768  10.447 0.1111110002
54807  -48.864  3.598  7.860 0.1111110002
50399  -40.990  -1.351  19.001 0.1111110002
49495  -42.244  -2.403  18.686 0.1111110002
49496  -43.985  -2.411  18.229 0.1111110002
49522  -45.859  -1.685  17.582 0.1111110002
50445  -41.245  -1.921  16.952 0.1111110002
47609  -50.594  -3.113  16.498 0.1111110002
50460  -41.267  -1.626  14.751 0.1111110002
50466  -41.710  -1.162  12.609 0.1111110002
100073  -42.335  -1.153  11.807 0.1111110002
105432  -42.780  -0.828  11.236 0.1111110002
51358  -43.828  -0.272  10.675 0.1111110002
51359  -44.787  -0.261  10.501 0.1111110002
96083  -45.113  0.693  10.558 0.1111110002
96189  -46.135  0.901  10.518 0.1111110002
98890  -48.000  2.383  10.567 0.1111110002
53927  -48.937  3.094  10.390 0.1111110002
105517  -45.619  0.116  10.465 0.1111110002
53057  -47.803  1.400  10.534 0.1111110002
97158  -47.904  0.481  10.515 0.1111110002
51253  -43.559  0.647  24.849 0.2222220004
52088  -44.266  1.382  24.615 0.2222220004
52095  -44.127  1.157  24.114 0.2222220004
51259  -43.261  0.353  24.238 0.1111110002
52102  -43.016  0.913  22.104 0.1111110002
93751  -43.666  1.047  23.276 0.1111110002
51266  -42.906  0.240  23.450 0.1111110002
51272  -41.880  -0.374  21.739 0.1111110002
51265  -42.033  -0.616  22.720 0.1111110002
51281  -41.457  -0.411  20.652 0.1111110002
51290  -41.021  -0.715  19.229 0.1111110002
50387  -41.141  -1.225  19.927 0.1111110002
108703  -42.688  -2.431  19.322 0.1111110002
51299  -40.862  -0.682  18.537 0.1111110002
100539  -43.287  -2.455  18.824 0.1111110002
104874  -45.052  -2.136  18.541 0.1111110002
49521  -44.806  -2.165  17.673 0.1111110002
50431  -46.863  -1.321  17.615 0.1111110002
49538  -47.998  -1.432  16.881 0.1111110002
50413  -40.907  -1.399  18.168 0.1111110002
50446  -46.951  -1.574  16.800 0.1111110002
102857  -48.827  -1.567  16.957 0.1111110002
101331  -49.181  -2.126  16.590 0.1111110002
48566  -50.564  -2.559  16.917 0.1111110002
109151  -41.137  -1.741  16.316 0.1111110002
48569  -50.187  -2.288  16.782 0.1111110002
50456  -41.221  -1.721  15.640 0.1111110002
50444  -40.756  -1.262  16.044 0.1111110002
50455  -40.725  -1.150  15.176 0.1111110002
51339  -40.500  -0.420  14.847 0.1111110002
52181  -40.508  0.338  14.520 0.1111110002
50459  -40.750  -0.995  14.220 0.1111110002
51342  -40.474  -0.272  14.117 0.1111110002
53030  -40.740  1.039  14.115 0.1111110002
52184  -40.958  0.960  13.302 0.1111110002
50463  -41.194  -1.112  13.380 0.1111110002
51346  -41.203  -0.392  12.788 0.1111110002
52187  -41.437  0.636  12.507 0.1111110002
53045  -41.513  1.603  12.962 0.1111110002
53046  -42.047  1.529  12.197 0.1111110002
51347  -41.807  -0.282  12.048 0.1111110002
52188  -42.235  0.628  11.759 0.1111110002
53050  -42.905  1.470  11.493 0.1111110002
51351  -42.489  -0.204  11.446 0.1111110002
52192  -42.965  0.528  11.209 0.1111110002
53924  -46.617  2.739  10.639 0.1111110002
54772  -46.887  3.503  10.664 0.1111110002
52195  -44.228  0.488  10.663 0.1111110002
53054  -44.522  1.306  10.772 0.1111110002
105170  -45.459  1.589  10.658 0.1111110002
53055  -46.336  1.897  10.608 0.1111110002
97835  -47.171  2.179  10.559 0.1111110002
53926  -48.209  3.128  10.614 0.1111110002
102911  -48.680  2.589  10.494 0.1111110002
54774  -49.102  3.670  10.110 0.1111110002
53056  -46.894  1.402  10.544 0.1111110002
52897  -44.476  2.043  25.075 0.2222220004
52089  -44.683  1.771  24.489 0.2222220004
52112  -42.118  0.322  21.137 0.1111110002
51280  -41.319  -0.223  19.749 0.1111110002
96390  -41.947  0.449  20.318 0.1111110002
52125  -41.160  -0.035  18.950 0.1111110002
51311  -40.716  -0.692  17.700 0.1111110002
102063  -40.839  -1.453  16.682 0.1111110002
96945  -40.781  0.068  17.245 0.1111110002
52159  -40.672  0.123  16.304 0.1111110002
51330  -40.553  -0.554  15.745 0.1111110002
52169  -40.574  0.236  15.382 0.1111110002
53015  -40.807  0.973  14.973 0.1111110002
53040  -41.240  1.628  13.732 0.1111110002
53912  -42.106  2.387  12.798 0.1111110002
53913  -42.780  2.935  12.275 0.1111110002
53918  -43.264  2.428  11.588 0.1111110002
53051  -43.882  1.849  11.106 0.1111110002
53922  -44.817  2.141  10.882 0.1111110002
53923  -45.752  2.438  10.728 0.1111110002
54771  -46.065  3.254  10.750 0.1111110002
53053  -43.667  1.013  10.983 0.1111110002
53920  -45.146  2.975  10.949 0.1111110002
96457  -43.296  2.294  23.995 0.2222220004
52910  -44.886  2.246  24.384 0.2222220004
52103  -44.491  1.853  22.982 0.2222220004
52943  -44.197  1.967  21.798 0.2222220004
52113  -42.894  1.183  21.015 0.1111110002
52127  -42.729  1.360  20.071 0.1111110002
52126  -41.772  0.605  19.457 0.1111110002
52972  -42.493  1.411  19.158 0.1111110002
52151  -40.955  0.044  18.136 0.1111110002
52141  -41.557  0.695  18.603 0.1111110002
52988  -42.138  1.406  18.262 0.1111110002
52152  -41.327  0.751  17.732 0.1111110002
52998  -41.839  1.449  17.376 0.1111110002
53007  -41.716  1.606  16.405 0.1111110002
52160  -41.148  0.826  16.820 0.1111110002
53006  -41.029  0.867  15.872 0.1111110002
53016  -41.399  1.523  15.401 0.1111110002
53890  -42.180  2.712  14.544 0.1111110002
53031  -41.240  1.582  14.539 0.1111110002
53902  -42.047  2.728  13.670 0.1111110002
54755  -42.579  3.245  13.151 0.1111110002
54756  -43.236  3.709  12.589 0.1111110002
54765  -43.583  3.274  11.773 0.1111110002
54766  -44.512  3.529  11.427 0.1111110002
53919  -44.174  2.705  11.226 0.1111110002
54767  -45.480  3.783  11.080 0.1111110002
55590  -47.157  4.191  10.782 0.1111110002
53806  -44.649  2.956  22.843 0.2222220004
52944  -44.782  2.650  22.484 0.2222220004
53817  -43.956  3.576  22.159 0.2222220004
53818  -44.770  3.404  21.863 0.2222220004
52959  -44.775  2.842  21.393 0.2222220004
52958  -44.071  2.082  20.752 0.2222220004
52974  -44.719  2.889  20.613 0.2222220004
52973  -43.891  2.338  19.853 0.1111110002
52999  -42.802  2.037  17.963 0.1111110002
53008  -42.435  1.992  17.161 0.1111110002
53879  -42.002  2.010  15.726 0.1111110002
53874  -42.680  2.421  16.554 0.1111110002
53889  -41.811  2.080  14.945 0.1111110002
54730  -42.966  3.142  15.119 0.1111110002
54731  -43.492  3.793  14.802 0.1111110002
54741  -42.622  3.367  14.124 0.1111110002
54742  -43.249  4.021  13.643 0.1111110002
55550  -43.884  4.650  13.688 0.1111110002
54671  -44.528  3.759  21.184 0.2222220004
54683  -44.625  3.740  20.462 0.2222220004
53847  -44.804  3.319  20.233 0.2222220004
53846  -44.502  3.058  19.451 0.2222220004
53867  -44.035  2.747  18.594 0.1111110002
53868  -44.628  3.224  18.367 0.1111110002
92846  -43.408  2.552  17.657 0.1111110002
54720  -43.385  2.959  16.196 0.1111110002
54721  -43.935  3.570  15.940 0.1111110002
55541  -44.028  4.474  14.567 0.1111110002
56349  -44.533  5.138  14.340 0.1111110002
53861  -44.813  3.597  19.103 0.2222220004
53875  -44.026  2.961  17.332 0.1111110002
107146  -44.378  3.368  16.949 0.1111110002
55530  -44.550  4.179  15.731 0.1111110002
54694  -44.876  4.057  19.195 0.2222220004
54704  -45.177  3.918  18.851 0.2222220004
57998  -48.908  8.802  12.206 0.1111110002
58007  -49.471  8.327  11.554 0.1111110002
57253  -48.952  7.680  11.741 0.2222220004
57254  -49.379  7.279  11.229 0.1111110002
58008  -49.839  7.853  10.912 0.1111110002
98228  -50.094  8.332  10.520 0.1111110002
57263  -49.507  6.824  10.365 0.1111110002
58751  -50.255  8.307  9.708 0.1111110002
59544  -51.653  9.870  4.691 0.2222220004
60357  -51.448  10.519  4.191 0.2222220004
59569  -51.529  10.343  3.335 0.2222220004
59568  -51.434  10.248  2.775 0.2222220004
60369  -51.160  11.032  2.430 0.2222220004
59580  -51.101  10.675  2.005 0.2222220004
61119  -50.669  12.145  1.054 0.2222220004
59594  -50.586  10.899  1.182 0.2222220004
61118  -50.290  12.334  0.872 0.2222220004
61120  -50.782  12.053  0.984 0.2222220004
60401  -50.209  11.644  0.512 0.2222220004
58725  -48.564  9.837  12.648 0.2222220004
58734  -49.331  9.445  11.881 0.2222220004
59481  -49.586  10.038  11.314 0.1111110002
58735  -49.997  8.986  11.170 0.1111110002
58744  -50.273  9.140  10.323 0.1111110002
59492  -50.290  10.112  9.979 0.1111110002
60302  -50.059  10.758  9.491 0.1111110002
58752  -50.518  9.271  9.393 0.1111110002
59532  -51.567  9.892  5.594 0.2222220004
59555  -51.676  9.930  3.992 0.1111110002
58717  -47.800  9.854  13.429 0.2222220004
60297  -49.686  10.580  10.455 0.1111110002
60387  -50.733  11.720  1.567 0.2222220004
59531  -51.201  10.372  6.390 0.2222220004
60344  -51.455  10.388  5.002 0.2222220004
52928  -44.871  2.374  23.526 0.2222220004
54651  -44.404  3.708  21.787 0.2222220004
105573  -44.456  3.434  22.292 0.2222220004
43388  -48.154  -9.173  13.784 0.1111110002
44993  -46.393  -7.461  14.192 0.1111110002
98251  -51.051  -11.887  18.014 0.1111110002
101301  -50.295  -4.180  8.428 0.1111110002
102924  -51.215  -10.960  16.564 0.1111110002
50514  -51.352  -2.069  8.998 0.1111110002
108552  -51.733  -4.898  10.039 0.1111110002
45813  -48.853  -5.158  17.738 0.1111110002
49615  -50.344  -2.417  7.911 0.1111110002
49626  -49.573  -1.915  7.622 0.1111110002
98822  -46.587  -2.650  25.134 0.1111110002
49416  -45.924  -2.488  22.939 0.1111110002
48479  -47.027  -2.785  22.431 0.1111110002
90099  -46.961  -1.920  21.323 0.1111110002
47531  -47.003  -2.982  21.526 0.1111110002
47547  -47.088  -2.687  20.741 0.1111110002
48515  -47.328  -1.760  20.573 0.1111110002
48562  -47.227  -3.112  18.867 0.1111110002
105499  -47.105  -2.625  20.087 0.1111110002
45789  -50.627  -5.574  18.644 0.1111110002
52214  -50.492  0.272  8.443 0.1111110002
52222  -49.496  0.407  7.815 0.1111110002
49447  -45.363  -2.342  21.490 0.1111110002
48547  -47.973  -1.562  19.205 0.1111110002
48548  -48.692  -1.191  18.443 0.1111110002
105217  -49.949  -3.843  17.741 0.1111110002
44988  -51.361  -7.804  17.204 0.1111110002
50492  -46.895  -1.455  10.433 0.1111110002
105041  -49.591  1.721  8.222 0.1111110002
50475  -44.464  -1.954  10.730 0.1111110002
50490  -45.004  -1.208  10.499 0.1111110002
96188  -47.096  0.606  10.515 0.1111110002
55610  -48.649  4.263  7.629 0.1111110002
50429  -40.826  -1.416  17.338 0.1111110002
53925  -47.428  2.980  10.630 0.1111110002
51273  -42.580  0.227  22.643 0.1111110002
50379  -41.669  -1.483  21.977 0.1111110002
51343  -40.744  -0.406  13.508 0.1111110002
53917  -42.534  2.205  12.029 0.1111110002
52096  -44.800  1.865  23.823 0.2222220004
51319  -40.598  -0.760  16.730 0.1111110002
53911  -41.668  2.143  13.446 0.1111110002
53901  -41.623  2.197  14.121 0.1111110002
53833  -44.882  3.446  20.958 0.2222220004
52989  -43.311  2.149  18.861 0.1111110002
53880  -42.436  2.574  15.483 0.1111110002
58016  -49.859  7.595  9.995 0.1111110002
107671  -51.596  9.960  3.182 0.1111110002
59595  -50.833  11.552  1.399 0.2222220004
61135  -50.441  12.169  0.612 0.2222220004
59491  -50.075  9.854  10.731 0.1111110002
93438  2.641  -23.881  47.930 0.1111110002
31646  2.625  -22.179  46.758 0.1111110002
93400  2.501  -21.846  46.235 0.1111110002
104960  2.616  -24.276  48.473 0.1111110002
30824  2.536  -23.046  48.652 0.1111110002
31643  2.651  -22.481  47.327 0.1111110002
32519  2.727  -21.913  47.495 0.1111110002
31636  2.540  -22.331  48.273 0.1111110002
32520  2.725  -21.864  47.008 0.1111110002
32534  2.499  -21.214  45.817 0.1111110002
33423  2.903  -20.497  47.022 0.1111110002
33432  2.669  -20.482  46.006 0.1111110002
100770  2.930  -19.909  46.711 0.1111110002
34306  2.833  -19.650  46.200 0.1111110002
35109  3.347  -18.870  48.021 0.1111110002
35099  3.084  -18.775  48.332 0.1111110002
34305  3.100  -19.225  46.693 0.1111110002
98417  3.470  -18.284  48.133 0.1111110002
104921  3.383  -18.413  48.358 0.1111110002
35117  3.362  -18.752  47.379 0.1111110002
35125  3.195  -18.492  46.605 0.1111110002
35812  3.234  -17.899  48.586 0.1111110002
35824  3.397  -17.690  48.187 0.1111110002
93267  2.946  -16.999  48.901 0.1111110002
35813  2.448  -17.438  49.029 0.1111110002
35835  3.392  -17.936  47.362 0.1111110002
35100  2.542  -18.380  48.579 0.1111110002
35846  3.132  -17.781  46.358 0.1111110002
36672  3.119  -16.826  48.459 0.1111110002
102512  3.332  -17.252  47.769 0.1111110002
99657  3.222  -17.148  46.925 0.1111110002
36654  2.251  -15.530  49.881 0.1111110002
36655  2.003  -15.782  50.293 0.1111110002
36663  2.814  -16.154  49.155 0.1111110002
36664  2.484  -16.428  49.470 0.1111110002
35802  1.746  -16.531  49.705 0.1111110002
101690  2.860  -15.843  48.852 0.1111110002
35814  1.549  -17.268  49.081 0.1111110002
37499  2.815  -15.703  48.090 0.1111110002
37495  2.347  -15.235  49.534 0.1111110002
37505  2.613  -15.220  47.407 0.1111110002
35803  1.019  -16.604  49.654 0.1111110002
35800  -13.095  -17.315  51.901 0.1111110002
47556  -27.313  -4.182  19.594 0.1111110002
58821  -50.559  8.770  3.133 0.1111110002
58837  -50.074  9.089  2.458 0.1111110002
58115  -49.554  8.194  3.057 0.1111110002
58822  -51.339  9.493  3.201 0.1111110002
96108  -50.646  10.028  1.939 0.1111110002
58835  -47.952  8.267  2.144 0.1111110002
59579  -49.671  9.600  1.726 0.1111110002
58853  -48.448  9.024  1.656 0.1111110002
58852  -47.309  8.433  1.587 0.1111110002
104482  -49.217  10.295  0.887 0.1111110002
57244  -48.333  8.072  12.274 0.1111110002
57997  -48.195  9.150  12.835 0.1111110002
93348  -47.943  9.390  1.079 0.1111110002
59605  -49.303  11.360  0.184 0.1111110002
61134  -49.971  12.484  0.138 0.1111110002
58818  -40.468  8.653  3.727 0.1111110002
59563  -41.069  9.289  3.395 0.1111110002
108604  -38.763  6.852  4.450 0.1111110002
58081  -39.574  7.099  4.504 0.1111110002
58817  -39.545  8.414  3.701 0.1111110002
60363  -40.871  10.057  2.993 0.1111110002
60380  -41.536  10.596  2.629 0.1111110002
61129  -42.727  11.420  1.682 0.1111110002
57334  -38.023  6.878  3.989 0.1111110002
58097  -39.317  7.806  4.020 0.1111110002
59562  -40.283  9.477  3.257 0.1111110002
59575  -40.087  10.125  2.786 0.1111110002
61112  -41.362  11.428  2.260 0.1111110002
61128  -42.073  11.797  1.860 0.1111110002
61834  -43.747  12.325  0.577 0.1111110002
58096  -38.667  7.409  3.995 0.1111110002
59574  -39.480  9.573  2.822 0.1111110002
60379  -40.528  10.891  2.534 0.1111110002
61111  -40.557  11.722  2.040 0.1111110002
61823  -41.310  12.157  1.846 0.1111110002
61832  -42.085  12.496  1.502 0.1111110002
61127  -40.520  12.347  1.504 0.1111110002
61831  -41.285  12.819  1.389 0.1111110002
62582  -42.906  12.800  0.937 0.1111110002
58816  -38.610  8.119  3.371 0.1111110002
101600  -46.221  14.325  -1.996 0.1111110002
62581  -42.113  13.175  1.116 0.1111110002
62593  -45.457  13.570  -1.286 0.1111110002
62592  -43.991  13.257  0.173 0.1111110002
63362  -47.481  14.824  -2.368 0.1111110002
63352  -44.240  14.135  -0.393 0.1111110002
96798  -47.675  15.009  -2.540 0.1111110002
43077  -29.952  -9.971  42.639 0.1111110002
43089  -30.737  -9.654  42.450 0.1111110002
35090  -12.669  -17.690  52.062 0.1111110002
28397  1.776  -28.200  51.978 0.1111110002
59593  -46.985  9.168  0.850 0.1111110002
61833  -42.820  12.045  1.327 0.1111110002
51247  -43.969  0.844  25.268 0.1111110002
58774  -51.395  9.409  6.513 0.1111110002
60402  -50.723  11.832  0.846 0.1111110002
32529  2.665  -21.344  46.501 0.1111110002
105532  2.604  -22.652  47.882 0.1111110002
33431  2.788  -20.528  46.555 0.1111110002
32528  2.790  -21.243  46.953 0.1111110002
36688  2.936  -16.309  46.577 0.1111110002
100663  2.935  -17.060  46.039 0.1111110002
36680  3.122  -16.522  47.540 0.1111110002
96936  2.870  -15.823  47.245 0.1111110002
38267  2.495  -14.995  48.823 0.1111110002
58838  -51.050  9.719  2.523 0.1111110002
59561  -39.744  9.032  3.394 0.1111110002
99493  -39.585  10.062  2.528 0.1111110002
108891  -39.983  11.857  1.605 0.1111110002
61843  -40.395  13.015  0.796 0.1111110002
62591  -43.022  13.641  0.625 0.1111110002
62590  -41.991  13.907  0.731 0.1111110002
27662  -0.154  -27.560  54.166 0.1111110002
27665  0.190  -28.042  53.873 0.2222220004
28387  -1.095  -26.633  54.549 0.1111110002
28390  0.542  -27.298  53.909 0.4444440007
29207  0.271  -25.512  54.603 0.3333329856
29209  -1.154  -25.470  55.464 0.3333329856
29214  -0.009  -26.419  54.861 0.3333329856
29216  -2.291  -25.507  54.690 0.1111110002
30044  -0.552  -24.209  55.592 0.4444440007
30048  -3.888  -23.829  55.017 0.3333329856
30800  -1.858  -23.720  55.980 0.5555559993
30801  -3.038  -23.187  55.700 0.4444440007
30803  0.323  -23.804  54.346 0.4444440007
30804  -4.378  -23.301  54.890 0.2222220004
30805  -5.039  -22.712  54.801 0.2222220004
30809  -5.301  -23.028  54.132 0.2222220004
31611  -5.583  -22.040  54.850 0.2222220004
31617  0.683  -23.130  52.884 0.5555559993
31624  0.225  -22.568  51.923 0.5555559993
32467  -4.830  -21.322  55.014 0.4444440007
32469  -1.611  -21.709  54.628 0.5555559993
32473  -6.698  -21.269  54.474 0.1111110002
33375  -3.128  -20.786  53.986 0.5555559993
34246  -5.935  -20.203  54.468 0.5555559993
34253  -9.219  -19.168  53.569 0.2222220004
35078  -10.151  -18.296  53.315 0.2222220004
35084  -12.068  -17.643  52.559 0.4444440007
36651  -11.912  -16.959  52.095 0.4444440007
39187  -19.885  -13.649  48.065 0.5555559993
44037  -30.037  -7.847  33.701 1.0000000000
47379  -30.476  -4.421  33.390 1.0000000000
49424  -32.611  -3.174  21.985 0.7777780294
49441  -34.600  -2.586  21.429 0.6666669846
51352  -43.112  -0.214  10.969 0.1111110002
52007  -35.521  0.310  32.746 0.3333329856
52183  -40.581  0.336  13.730 0.1111110002
52193  -43.540  0.337  10.844 0.1111110002
52806  -36.500  1.988  34.865 0.2222220004
94482  -32.136  -0.904  32.154 0.6666669846
96966  -41.358  -1.557  14.007 0.1111110002
103766  -0.414  -26.345  55.041 0.3333329856
106137  -40.873  0.238  13.088 0.1111110002
106310  -1.584  -23.001  55.776 0.5555559993
106534  -24.577  -6.282  25.318 0.1111110002
106744  -37.974  -1.666  26.898 0.7777780294
107027  -2.066  -22.556  55.579 0.4444440007
108453  0.601  -23.917  53.733 0.5555559993
108683  -22.419  -10.515  33.244 0.6666669846
