#!ascii label  , from subject sub-v1s20x0050326_ses-1 vox2ras=TkReg
3106
124588  -57.805  6.455  1.406 0.6000000238
83564  -59.347  6.962  -1.643 0.6000000238
84379  -59.537  8.050  -3.098 0.5000000000
85130  -59.223  8.544  -3.713 0.5000000000
85916  -58.224  9.260  -4.740 0.4000000060
85935  -56.417  9.154  -5.528 0.4000000060
85936  -57.338  9.218  -5.189 0.4000000060
85934  -55.545  9.178  -5.789 0.3000000119
85933  -54.607  9.254  -5.916 0.4000000060
114393  -52.594  9.444  -6.494 0.2000000030
114344  -51.628  9.553  -6.303 0.2000000030
85946  -51.011  9.312  -6.895 0.2000000030
83535  -57.987  6.058  -0.060 0.6000000238
122329  -58.504  6.183  -0.817 0.6000000238
83549  -59.191  6.677  -0.646 0.6999999881
84371  -59.498  7.446  -2.420 0.6000000238
83524  -56.944  6.238  1.735 0.6000000238
83536  -58.749  6.431  0.121 0.6999999881
84364  -59.539  7.188  -0.915 0.6000000238
113829  -57.772  6.795  1.739 0.6000000238
83529  -58.264  6.362  0.837 0.6999999881
132953  -59.480  8.231  -2.228 0.6000000238
128125  -57.258  9.300  -4.390 0.4000000060
132344  -58.669  9.064  -3.478 0.5000000000
85917  -58.788  9.046  -4.225 0.4000000060
85915  -56.248  9.200  -4.549 0.4000000060
85932  -53.646  9.324  -6.135 0.3000000119
115511  -54.822  9.300  -5.146 0.3000000119
136239  -52.155  9.641  -5.765 0.2000000030
85947  -51.791  9.370  -7.094 0.2000000030
85116  -59.634  7.642  -1.549 0.6000000238
83525  -58.665  6.761  1.557 0.6999999881
83531  -59.309  6.836  0.531 0.6999999881
85124  -59.041  8.766  -2.765 0.6000000238
85897  -57.865  9.327  -3.756 0.4000000060
115510  -55.601  9.215  -5.069 0.4000000060
85931  -52.984  9.524  -5.521 0.3000000119
113759  -50.832  9.581  -5.935 0.2000000030
85930  -51.423  9.723  -5.469 0.2000000030
83530  -58.994  6.571  0.953 0.6999999881
84359  -59.496  7.303  0.017 0.6999999881
85883  -58.560  9.113  -1.861 0.5000000000
124765  -59.723  7.794  -0.593 0.6000000238
85898  -58.169  9.272  -2.802 0.5000000000
85115  -59.366  8.514  -1.358 0.6000000238
85914  -55.128  9.219  -4.400 0.4000000060
85895  -55.549  9.126  -3.661 0.4000000060
121695  -57.036  9.173  -2.868 0.5000000000
115512  -53.935  9.430  -5.275 0.4000000060
85896  -56.628  9.206  -3.681 0.4000000060
85866  -57.621  9.321  -1.167 0.6999999881
121307  -55.958  9.029  -2.886 0.5000000000
85913  -54.221  9.374  -4.477 0.4000000060
85912  -53.312  9.527  -4.617 0.4000000060
121505  -53.672  9.414  -3.916 0.5000000000
85929  -50.146  9.478  -5.832 0.2000000030
85911  -52.238  9.747  -4.854 0.4000000060
131231  -50.881  9.738  -5.128 0.4000000060
89145  -54.053  14.925  -0.131 0.8000000119
85102  -57.668  7.425  1.966 0.6000000238
84353  -58.521  7.320  2.095 0.8000000119
83526  -59.391  6.993  1.372 0.8000000119
84357  -59.761  7.415  1.037 0.6999999881
84341  -59.112  7.831  2.439 0.6999999881
113610  -60.015  8.167  1.589 0.8000000119
85104  -59.932  8.018  0.607 0.6999999881
85106  -59.516  8.604  -0.300 0.8000000119
128810  -59.840  8.907  0.614 0.8000000119
113247  -60.228  9.376  1.350 0.8999999762
112561  -60.577  10.104  2.082 0.8999999762
113049  -59.699  9.774  0.725 0.8999999762
121830  -54.991  9.053  -2.864 0.5000000000
85881  -55.377  9.016  -2.146 0.5000000000
113507  -56.602  9.229  -1.280 0.5000000000
114754  -58.591  10.102  0.151 0.8999999762
112566  -60.478  10.065  1.694 0.8999999762
85894  -54.469  9.227  -3.610 0.5000000000
112583  -57.511  10.016  -0.201 0.8000000119
115950  -59.467  10.764  1.032 0.8999999762
126490  -54.213  9.181  -2.785 0.6000000238
85864  -55.668  9.128  -1.409 0.5000000000
112588  -56.981  9.600  -0.650 0.8000000119
85893  -53.605  9.378  -3.156 0.6000000238
85849  -54.988  9.276  -0.944 0.6999999881
113543  -55.899  9.512  -0.634 0.6999999881
112569  -57.675  10.510  0.295 0.8999999762
117450  -58.811  11.661  1.170 0.8999999762
112571  -59.219  12.374  1.572 0.8999999762
85879  -53.631  9.334  -2.248 0.6000000238
85863  -54.487  9.203  -1.368 0.6999999881
112567  -57.671  11.109  0.631 0.8000000119
134337  -57.877  11.707  0.780 0.8999999762
85878  -52.973  9.646  -2.698 0.5000000000
132478  -53.979  9.275  -1.564 0.6999999881
112581  -54.980  9.759  -0.371 0.8000000119
112574  -56.606  10.614  0.229 0.8000000119
112594  -58.696  13.060  1.066 0.8999999762
131639  -55.837  10.763  0.234 0.8000000119
113279  -57.119  11.803  0.573 0.8000000119
112592  -58.022  12.368  0.826 0.8999999762
85910  -51.254  9.881  -4.675 0.4000000060
112570  -56.432  11.218  0.442 0.8000000119
86602  -50.960  10.374  -4.043 0.4000000060
119427  -51.476  10.514  -3.389 0.6000000238
86592  -51.692  10.804  -2.436 0.6999999881
87248  -50.756  11.080  -3.338 0.4000000060
87239  -51.607  11.270  -1.662 0.6999999881
87240  -51.975  11.406  -0.984 0.6999999881
113159  -52.549  11.761  -0.236 0.6999999881
113435  -52.921  12.643  0.349 0.8000000119
88518  -53.046  13.609  0.315 0.8000000119
113370  -53.716  13.177  0.519 0.8000000119
89146  -54.617  14.317  0.163 0.8000000119
89125  -53.805  14.042  0.358 0.8000000119
89147  -55.308  14.932  -0.217 0.8000000119
89741  -55.835  15.768  -0.735 0.8000000119
89740  -54.715  15.792  -0.427 0.8000000119
128679  -58.277  8.170  2.401 0.6999999881
84355  -59.702  7.570  1.706 0.8000000119
84342  -59.729  8.207  2.170 0.8999999762
128805  -58.713  9.032  2.629 0.8000000119
112999  -59.626  9.402  2.523 0.8000000119
112564  -60.595  9.538  1.933 0.8999999762
132739  -58.824  10.067  2.469 0.8000000119
113116  -60.156  10.246  2.385 0.8999999762
136622  -58.529  10.963  2.423 0.8999999762
128727  -59.636  11.067  2.444 0.8999999762
113045  -57.723  11.474  2.463 0.8999999762
128806  -58.944  11.773  2.649 0.8999999762
113489  -60.253  11.024  2.128 0.8999999762
112587  -60.521  10.755  1.957 0.8999999762
112558  -59.587  11.857  2.357 0.8999999762
113142  -60.017  11.556  1.962 0.8999999762
113559  -59.350  12.592  2.441 0.8999999762
112584  -59.611  12.357  2.178 0.8999999762
85892  -52.822  9.651  -3.741 0.5000000000
88516  -59.483  13.073  1.936 0.8999999762
86603  -51.814  10.053  -3.981 0.5000000000
134459  -53.112  9.645  -2.104 0.6999999881
112996  -54.179  9.563  -0.848 0.8000000119
113185  -55.009  10.614  0.097 0.8000000119
88521  -59.140  13.619  1.291 0.8999999762
113403  -54.294  10.175  -0.267 0.8000000119
128852  -55.534  11.336  0.361 0.8000000119
88519  -57.668  13.283  0.407 0.8000000119
88520  -58.570  13.652  0.652 0.8000000119
90407  -55.127  16.396  -0.832 0.8000000119
128811  -56.913  12.094  2.496 0.8000000119
113926  -56.210  13.233  2.396 0.8000000119
113182  -58.122  12.305  2.848 0.8999999762
128687  -58.273  13.056  2.817 0.8999999762
112589  -57.164  12.809  2.655 0.8999999762
128974  -59.013  12.471  2.726 0.8999999762
128973  -58.687  13.584  2.562 0.8999999762
89108  -59.049  14.247  2.116 0.8999999762
112579  -59.480  12.894  2.188 0.8999999762
88503  -59.254  13.673  1.844 0.8999999762
85862  -53.359  9.731  -1.489 0.8000000119
88522  -59.256  14.419  1.030 0.8999999762
113188  -52.828  10.345  -1.232 0.8000000119
128846  -54.011  11.008  0.143 0.8000000119
113076  -54.769  11.376  0.401 0.8000000119
112578  -56.134  11.967  0.402 0.8000000119
112575  -56.830  12.624  0.381 0.8000000119
86593  -52.211  10.095  -3.029 0.6000000238
112599  -53.456  10.335  -0.595 0.8000000119
137562  -55.923  12.675  0.281 0.8000000119
89130  -58.976  14.315  0.351 0.8999999762
85861  -52.605  10.108  -2.043 0.6999999881
112577  -55.168  12.146  0.439 0.8000000119
89128  -57.207  14.076  -0.079 0.8000000119
89129  -58.138  13.974  0.174 0.8000000119
86583  -52.205  10.792  -1.493 0.6999999881
113212  -55.276  13.117  0.333 0.8000000119
89150  -58.990  15.076  -0.255 0.8000000119
91078  -55.493  16.668  -1.602 0.8000000119
137188  -55.965  16.250  -1.244 0.8000000119
113366  -57.142  13.566  2.607 0.8999999762
113137  -57.918  13.807  2.641 0.8999999762
89106  -58.230  14.447  2.466 0.8999999762
89107  -58.646  15.122  2.096 0.8999999762
89730  -58.092  15.829  1.697 1.0000000000
89122  -59.159  15.004  1.741 0.8999999762
91057  -56.588  17.519  1.294 1.0000000000
89732  -59.297  15.259  1.148 0.8999999762
91736  -55.143  19.143  0.199 1.0000000000
91725  -56.486  18.611  0.500 1.0000000000
91058  -57.387  17.286  1.139 1.0000000000
89731  -58.931  15.572  1.473 1.0000000000
123907  -55.714  18.767  0.616 1.0000000000
90401  -58.137  16.928  0.922 1.0000000000
90399  -59.210  15.888  0.765 0.8999999762
113167  -52.650  10.910  -0.736 0.8000000119
128851  -54.182  11.872  0.574 0.8000000119
91726  -57.400  18.429  0.127 1.0000000000
91068  -58.055  17.609  0.407 1.0000000000
90412  -59.414  16.010  0.035 0.8999999762
89151  -59.377  15.460  -0.058 0.8999999762
113466  -53.369  11.783  0.365 0.8000000119
112593  -56.297  13.456  0.098 0.8000000119
89149  -58.104  14.600  -0.268 0.8000000119
89744  -59.051  15.837  -0.516 0.8999999762
119341  -56.218  14.406  -0.206 0.8000000119
89148  -57.072  14.844  -0.527 0.8000000119
132118  -58.706  16.889  -1.248 0.8000000119
112582  -54.420  12.719  0.523 0.8000000119
89127  -55.354  13.989  0.116 0.8000000119
89743  -57.950  15.466  -0.738 0.8000000119
90423  -58.019  16.404  -1.800 0.8000000119
122515  -56.241  15.109  -0.522 0.8000000119
89742  -56.860  15.552  -0.866 0.8000000119
90409  -57.504  16.070  -1.274 0.8000000119
90408  -56.727  16.076  -1.306 0.8000000119
91090  -56.030  16.873  -2.409 0.8000000119
90421  -56.528  16.428  -1.881 0.8000000119
89121  -55.131  14.900  1.882 0.8000000119
89713  -56.109  14.834  2.175 0.8999999762
112591  -56.181  14.013  2.334 0.8999999762
89105  -57.124  14.463  2.521 0.8999999762
121186  -56.554  15.510  2.015 0.8999999762
89714  -57.543  15.265  2.279 0.8999999762
90396  -56.818  16.867  1.496 0.8999999762
89729  -57.129  16.045  1.718 0.8999999762
90395  -55.898  17.245  1.549 1.0000000000
90397  -57.683  16.572  1.388 0.8999999762
91735  -53.721  18.969  0.127 0.8999999762
91066  -55.887  18.121  1.182 1.0000000000
92458  -53.926  19.423  -0.552 1.0000000000
128424  -54.397  19.176  -0.010 1.0000000000
92469  -53.328  19.809  -1.103 0.8999999762
92470  -54.242  19.887  -1.215 1.0000000000
90402  -58.902  16.682  0.309 0.8999999762
93176  -54.558  20.385  -1.835 1.0000000000
92471  -55.138  19.875  -1.359 1.0000000000
91737  -56.086  19.178  0.020 1.0000000000
92472  -56.019  19.883  -1.487 1.0000000000
92461  -56.640  19.429  -0.847 1.0000000000
91071  -58.287  18.197  -0.475 1.0000000000
91072  -58.706  17.345  -0.468 0.8999999762
91079  -58.538  16.998  -2.136 0.8000000119
90434  -57.837  16.643  -2.435 0.8000000119
120541  -56.614  17.133  -2.973 0.8000000119
90433  -57.077  16.661  -2.475 0.8000000119
91100  -56.464  17.526  -3.698 0.8000000119
136123  -57.022  17.310  -3.306 0.8000000119
89728  -55.621  15.598  1.805 0.8000000119
136088  -56.824  15.054  2.360 0.8999999762
126472  -55.249  16.496  1.645 0.8999999762
91056  -54.151  17.671  1.561 0.8999999762
115237  -54.998  17.347  1.547 0.8999999762
118700  -56.208  16.302  1.686 0.8999999762
91710  -54.191  18.434  1.238 1.0000000000
91723  -54.341  18.865  0.662 0.8999999762
91724  -55.029  18.613  0.960 1.0000000000
93185  -53.917  20.973  -2.209 1.0000000000
94669  -52.631  22.204  -2.959 0.8000000119
93907  -53.258  21.562  -2.606 0.8000000119
93186  -54.863  20.977  -2.331 0.8999999762
93178  -56.307  20.360  -2.158 1.0000000000
91738  -57.640  18.965  -0.702 1.0000000000
119752  -58.425  18.570  -1.174 1.0000000000
91739  -58.851  17.788  -1.422 0.8999999762
93909  -55.145  21.555  -2.782 1.0000000000
93187  -55.716  20.936  -2.513 1.0000000000
92473  -57.558  19.669  -1.870 1.0000000000
91093  -58.771  17.746  -2.376 1.0000000000
91092  -58.262  17.229  -2.756 0.8999999762
91091  -57.525  17.118  -2.985 0.8000000119
94670  -53.694  22.291  -2.990 0.8000000119
94671  -54.651  22.281  -3.041 0.8000000119
93910  -55.831  21.457  -2.956 1.0000000000
93189  -57.185  20.443  -2.853 1.0000000000
92478  -58.108  19.089  -3.014 1.0000000000
91749  -58.512  18.384  -2.626 1.0000000000
91761  -58.364  18.255  -3.184 0.8999999762
91103  -58.531  17.791  -2.924 0.8999999762
91102  -58.067  17.707  -3.346 0.8999999762
91115  -57.726  17.924  -3.990 0.8999999762
91101  -57.386  17.561  -3.611 0.8999999762
91114  -57.083  17.860  -4.380 0.8999999762
94686  -53.199  22.992  -3.395 0.8000000119
94687  -54.216  23.042  -3.227 0.8999999762
94688  -55.098  23.017  -3.332 1.0000000000
93917  -56.250  21.811  -3.403 1.0000000000
94672  -55.481  22.156  -3.189 1.0000000000
93918  -56.758  21.767  -3.791 1.0000000000
93191  -57.340  20.438  -3.499 0.8999999762
119864  -57.742  19.534  -3.709 0.8999999762
92481  -57.704  19.104  -4.529 0.8999999762
91760  -58.020  18.523  -3.795 0.8999999762
91778  -57.570  18.363  -4.533 0.8999999762
91799  -57.106  18.294  -5.199 0.8999999762
91798  -56.453  18.144  -5.008 0.8999999762
96085  -54.217  24.150  -4.064 0.8999999762
95400  -55.541  23.713  -3.743 1.0000000000
95401  -56.208  23.521  -3.992 1.0000000000
94701  -56.624  23.075  -4.533 1.0000000000
132174  -53.949  23.554  -3.598 0.8999999762
95399  -54.715  23.686  -3.612 0.8999999762
94689  -55.865  22.830  -3.590 1.0000000000
93922  -56.945  22.089  -4.304 1.0000000000
94710  -57.114  22.230  -5.067 1.0000000000
93193  -57.400  20.242  -4.441 1.0000000000
93196  -57.365  20.532  -5.451 1.0000000000
92499  -57.353  19.762  -6.024 1.0000000000
92488  -57.458  19.524  -5.314 0.8999999762
91818  -57.446  18.982  -5.930 1.0000000000
91800  -57.448  18.723  -5.275 0.8999999762
91140  -56.736  17.911  -6.757 0.8999999762
91816  -56.596  18.052  -6.003 0.8999999762
96093  -55.316  24.950  -4.808 0.8999999762
96102  -55.668  25.180  -5.355 1.0000000000
95426  -56.099  24.503  -5.510 1.0000000000
95440  -56.310  23.522  -5.806 1.0000000000
96086  -55.101  24.362  -4.103 0.8999999762
95412  -55.847  24.286  -4.227 1.0000000000
96094  -56.049  24.568  -4.807 1.0000000000
95427  -56.448  23.854  -4.992 1.0000000000
94715  -57.119  22.144  -5.758 1.0000000000
94714  -56.612  22.406  -6.196 1.0000000000
93204  -56.939  20.050  -6.506 1.0000000000
92498  -57.191  18.938  -6.597 1.0000000000
90477  -56.308  16.973  -7.666 0.8000000119
91828  -56.894  18.106  -6.954 1.0000000000
91139  -56.183  17.636  -6.874 0.8999999762
95446  -55.148  23.496  -7.296 1.0000000000
94713  -55.805  23.035  -6.591 1.0000000000
120140  -56.852  20.889  -6.484 1.0000000000
93932  -55.853  22.093  -6.909 1.0000000000
124419  -56.590  19.482  -7.152 1.0000000000
122636  -55.640  20.830  -7.619 1.0000000000
126630  -56.739  18.529  -7.340 1.0000000000
91164  -56.391  17.283  -7.851 0.8999999762
90493  -56.116  16.663  -8.086 0.6999999881
92506  -56.299  18.996  -7.790 1.0000000000
92514  -55.522  19.057  -8.397 1.0000000000
91837  -56.275  18.110  -8.104 1.0000000000
91163  -56.025  17.152  -8.720 0.8999999762
136404  -59.160  8.689  -2.056 0.5000000000
85865  -57.377  9.215  -1.999 0.6000000238
85867  -58.655  9.163  -0.902 0.6999999881
132632  -58.022  9.637  -0.511 0.6999999881
85882  -56.314  9.052  -2.090 0.5000000000
128728  -59.286  8.560  2.551 0.8000000119
112565  -60.185  8.832  1.511 0.6999999881
112573  -59.094  9.433  -0.133 0.8000000119
85880  -54.484  9.083  -2.065 0.6999999881
113415  -56.673  10.059  -0.187 0.8000000119
112576  -55.791  10.177  -0.110 0.8000000119
89126  -54.532  13.586  0.406 0.8000000119
113620  -60.307  9.598  2.311 0.8999999762
112562  -59.821  11.659  2.127 0.8999999762
131929  -53.206  11.158  -0.199 0.8000000119
133546  -59.401  14.955  0.858 0.8999999762
90411  -59.014  16.549  -0.476 0.8999999762
90410  -58.355  16.192  -1.004 0.8000000119
90422  -57.358  16.348  -1.957 0.8000000119
92459  -54.757  19.527  -0.590 1.0000000000
93177  -55.461  20.363  -2.001 1.0000000000
131229  -56.844  19.844  -1.670 1.0000000000
93908  -54.255  21.601  -2.660 0.8000000119
137018  -57.363  19.433  -1.308 1.0000000000
91741  -58.021  19.092  -1.504 1.0000000000
91742  -58.581  18.469  -1.889 1.0000000000
93179  -57.050  20.229  -2.275 1.0000000000
93188  -56.470  20.881  -2.826 1.0000000000
92477  -57.611  19.792  -2.491 1.0000000000
92474  -58.119  19.118  -2.208 1.0000000000
93911  -56.854  21.099  -3.367 1.0000000000
115223  -57.595  19.883  -3.064 1.0000000000
94690  -56.490  22.562  -3.926 1.0000000000
93919  -57.100  21.198  -3.962 1.0000000000
93923  -57.195  21.323  -4.799 1.0000000000
93926  -57.327  21.481  -5.671 1.0000000000
91817  -57.086  18.442  -6.151 0.8999999762
93934  -57.110  21.557  -6.179 1.0000000000
93205  -57.303  20.772  -6.130 1.0000000000
93213  -56.270  20.550  -7.008 1.0000000000
132234  -56.580  17.862  -7.485 1.0000000000
93212  -55.721  19.890  -7.762 1.0000000000
116094  -54.867  19.803  -8.409 1.0000000000
87921  -48.368  11.851  -3.029 0.5000000000
87246  -49.316  11.738  -3.016 0.5000000000
87247  -50.145  11.579  -2.952 0.5000000000
87238  -50.909  11.586  -2.259 0.6000000238
87918  -46.088  12.447  -3.352 0.3000000119
87913  -47.025  12.837  -3.004 0.3000000119
87920  -47.420  11.927  -3.016 0.4000000060
88554  -48.317  13.372  -2.391 0.5000000000
87915  -48.998  12.667  -2.351 0.6000000238
120646  -50.012  12.824  -1.853 0.6000000238
132903  -51.216  13.183  -0.990 0.6999999881
87231  -51.351  11.811  -1.367 0.6000000238
129580  -45.605  13.680  -3.665 0.2000000030
88560  -45.604  13.083  -3.481 0.1000000015
89185  -46.873  13.822  -3.233 0.2000000030
89175  -47.478  14.403  -2.647 0.4000000060
88553  -47.646  13.565  -2.740 0.4000000060
89177  -48.888  13.773  -2.016 0.5000000000
89164  -49.565  14.332  -1.539 0.6000000238
87905  -49.511  13.428  -1.816 0.6000000238
88545  -50.190  13.614  -1.495 0.6999999881
88536  -51.618  13.788  -0.724 0.6999999881
88537  -52.306  13.374  -0.103 0.6999999881
128954  -51.777  12.102  -0.685 0.6000000238
89183  -45.186  14.265  -3.736 0.1000000015
89784  -45.828  15.735  -3.492 0.3000000119
85101  -55.774  7.904  1.651 0.6000000238
89184  -46.037  14.212  -3.606 0.2000000030
126147  -46.111  15.074  -3.306 0.3000000119
89770  -47.316  15.244  -2.364 0.3000000119
90414  -48.142  16.031  -1.742 0.5000000000
89162  -47.980  14.896  -2.053 0.3000000119
89756  -48.444  15.430  -1.668 0.6000000238
89757  -49.200  15.267  -1.480 0.6000000238
122310  -49.698  15.852  -1.497 0.6000000238
89758  -50.077  15.192  -1.330 0.6000000238
89736  -51.027  15.192  -1.064 0.6000000238
89143  -51.746  14.687  -0.735 0.6999999881
115105  -52.481  14.955  -0.486 0.6999999881
89144  -53.048  14.423  -0.049 0.6999999881
83519  -52.061  6.758  2.300 0.2000000030
84349  -52.510  6.905  1.815 0.2000000030
84350  -53.174  7.489  1.611 0.3000000119
127802  -52.812  6.549  2.937 0.3000000119
85099  -54.159  7.554  1.602 0.3000000119
83522  -55.478  6.067  2.826 0.5000000000
84352  -55.639  6.796  1.860 0.5000000000
128678  -56.482  9.641  1.758 0.6000000238
128726  -57.315  10.453  1.992 0.6999999881
120207  -44.705  14.993  -3.775 0.2000000030
129998  -56.733  6.938  1.872 0.6000000238
130807  -57.030  8.061  2.015 0.6000000238
89769  -46.635  15.754  -2.883 0.3000000119
90431  -47.495  16.169  -2.193 0.6000000238
112973  -57.551  9.148  2.330 0.6000000238
90415  -48.892  16.164  -1.574 0.6000000238
90416  -49.753  16.615  -1.686 0.6000000238
90417  -50.546  16.065  -1.440 0.6000000238
90403  -51.385  15.972  -1.134 0.6000000238
89737  -51.913  15.514  -0.787 0.6000000238
89738  -52.758  15.724  -0.581 0.6000000238
89739  -53.672  15.770  -0.426 0.6000000238
118859  -50.613  10.034  1.402 0.1000000015
86560  -51.352  10.479  1.551 0.2000000030
85096  -50.259  7.998  1.234 0.1000000015
123710  -49.878  8.878  1.343 0.1000000015
85836  -51.101  9.525  1.324 0.1000000015
84340  -49.609  6.859  2.556 0.1000000015
84345  -48.969  7.500  1.844 0.1000000015
84346  -49.858  7.350  1.695 0.1000000015
124450  -50.699  8.722  1.230 0.1000000015
83508  -49.472  6.636  3.671 0.1000000015
81919  -49.183  5.359  6.491 0.1000000015
83502  -50.579  6.534  5.050 0.1000000015
82703  -50.625  6.052  6.941 0.2000000030
128730  -55.751  10.443  1.586 0.5000000000
128804  -56.453  11.318  1.967 0.6000000238
83511  -52.220  6.580  3.313 0.2000000030
129208  -53.658  8.780  1.604 0.3000000119
128677  -54.652  10.040  1.501 0.5000000000
123028  -52.490  6.292  4.585 0.2000000030
121029  -52.951  6.377  3.931 0.3000000119
83520  -53.592  6.509  2.526 0.3000000119
85100  -54.676  8.426  1.590 0.4000000060
83512  -53.523  6.244  3.713 0.3000000119
83521  -54.692  6.304  2.814 0.3000000119
128884  -56.433  8.793  1.889 0.5000000000
128483  -54.032  6.796  1.836 0.4000000060
129409  -54.947  7.427  1.615 0.4000000060
89783  -45.068  15.681  -3.826 0.2000000030
90443  -45.458  16.447  -3.853 0.3000000119
90430  -46.984  16.840  -2.857 0.5000000000
91082  -47.503  17.472  -2.828 0.5000000000
91083  -48.272  17.496  -2.358 0.6000000238
91744  -47.939  18.020  -3.098 0.6000000238
135369  -49.079  17.649  -2.361 0.6000000238
127057  -48.982  17.061  -1.866 0.6000000238
91075  -50.565  17.002  -1.755 0.6000000238
90404  -52.226  16.402  -1.036 0.6000000238
90406  -54.124  16.400  -0.668 0.6000000238
113138  -52.434  11.952  1.655 0.3000000119
112586  -52.678  11.234  1.477 0.2000000030
126046  -53.018  11.789  1.507 0.4000000060
114317  -51.909  11.289  1.681 0.1000000015
112568  -53.411  11.284  1.295 0.3000000119
85095  -49.380  8.155  1.445 0.1000000015
84339  -48.645  7.003  2.634 0.1000000015
126945  -48.582  8.220  1.591 0.1000000015
84347  -50.744  7.252  1.599 0.2000000030
83517  -50.552  6.795  2.481 0.1000000015
85097  -51.110  7.893  1.205 0.3000000119
85837  -52.003  9.654  1.490 0.2000000030
123948  -50.444  6.453  6.192 0.2000000030
83518  -51.390  6.761  2.391 0.2000000030
84348  -51.595  7.191  1.644 0.2000000030
83494  -51.349  6.285  6.131 0.2000000030
83509  -50.556  6.603  3.703 0.2000000030
83510  -51.509  6.591  3.599 0.2000000030
113097  -53.816  9.777  1.574 0.4000000060
83503  -51.608  6.419  5.003 0.2000000030
113284  -55.840  12.074  2.187 0.6999999881
83495  -51.955  5.905  5.664 0.2000000030
85839  -55.403  9.226  1.632 0.5000000000
91097  -45.848  17.100  -3.825 0.4000000060
91098  -46.564  17.422  -3.541 0.4000000060
91751  -46.818  18.090  -4.025 0.6000000238
91753  -48.427  18.312  -3.633 0.6000000238
91084  -49.516  18.040  -2.763 0.6000000238
91085  -50.783  17.713  -2.365 0.6000000238
91771  -48.920  18.530  -4.925 0.6000000238
125013  -49.702  18.443  -4.217 0.6000000238
137453  -50.163  18.013  -2.689 0.6000000238
130557  -51.223  17.246  -1.874 0.6000000238
91076  -51.886  17.113  -1.675 0.6000000238
90418  -52.748  17.048  -1.536 0.6000000238
90420  -54.452  16.821  -1.261 0.6999999881
121257  -49.865  18.460  -5.118 0.6000000238
125012  -50.503  18.420  -3.867 0.6000000238
91755  -51.106  18.385  -3.581 0.6000000238
91748  -52.333  18.001  -2.880 0.6000000238
91757  -53.357  17.932  -3.063 0.6000000238
91077  -53.689  17.159  -1.831 0.6000000238
125928  -50.404  18.216  -6.608 0.4000000060
91811  -51.082  18.216  -6.116 0.5000000000
91794  -51.557  18.424  -5.273 0.5000000000
91773  -51.158  18.482  -4.405 0.6000000238
91150  -51.708  17.531  -7.522 0.5000000000
91135  -51.833  17.903  -6.771 0.5000000000
91812  -52.015  18.215  -5.991 0.5000000000
90508  -52.727  16.255  -9.504 0.6000000238
90473  -53.307  16.907  -8.235 0.6000000238
91151  -52.663  17.503  -7.412 0.6000000238
91136  -52.646  17.962  -6.580 0.5000000000
89829  -54.328  15.699  -9.910 0.6000000238
90491  -54.187  16.280  -8.680 0.6000000238
90474  -54.306  16.661  -8.044 0.6000000238
121079  -53.590  17.256  -7.670 0.6000000238
89846  -54.869  15.858  -10.155 0.6999999881
90510  -55.215  16.106  -9.486 0.6999999881
90492  -54.928  16.160  -8.467 0.6999999881
90522  -55.182  16.432  -10.264 0.6999999881
91173  -55.560  16.703  -9.585 0.6999999881
125275  -55.558  16.285  -8.258 0.8000000119
131302  -55.659  16.375  -8.775 0.8000000119
91181  -55.251  17.317  -10.626 0.6999999881
118941  -55.313  17.837  -9.912 0.8000000119
91852  -54.602  18.988  -10.206 0.6999999881
92531  -54.736  19.372  -10.652 0.6999999881
91853  -55.210  18.392  -10.720 0.6999999881
124260  -54.365  20.194  -10.812 0.6999999881
125818  -55.287  19.968  -10.929 0.6999999881
91182  -55.768  18.040  -11.459 0.6999999881
113572  -51.660  12.134  1.741 0.1000000015
86559  -50.422  10.730  1.584 0.1000000015
118860  -49.780  9.912  1.422 0.1000000015
86561  -52.325  10.517  1.536 0.2000000030
84344  -48.097  7.732  1.965 0.1000000015
85834  -48.862  9.120  1.427 0.1000000015
116297  -53.118  10.592  1.422 0.3000000119
124434  -52.584  8.719  1.475 0.2000000030
113345  -52.987  9.756  1.585 0.3000000119
85098  -52.030  7.767  1.402 0.3000000119
113095  -53.916  10.607  1.328 0.4000000060
130837  -54.767  10.817  1.415 0.4000000060
112560  -55.314  11.412  1.650 0.5000000000
112596  -54.911  12.259  1.805 0.8000000119
113221  -55.476  12.807  2.150 0.8000000119
112590  -55.252  13.624  2.073 0.6999999881
122883  -51.820  18.426  -3.673 0.6000000238
91756  -52.863  18.462  -3.843 0.6000000238
91088  -53.810  17.508  -2.516 0.6000000238
91099  -54.313  17.719  -3.069 0.6000000238
91795  -52.456  18.466  -5.296 0.5000000000
91774  -52.111  18.549  -4.531 0.5000000000
91775  -53.628  18.510  -4.466 0.6000000238
114175  -55.455  17.433  -3.165 0.6999999881
132879  -52.774  18.278  -5.922 0.5000000000
117857  -52.903  18.581  -4.695 0.6000000238
134723  -54.112  18.468  -4.865 0.6000000238
134012  -54.727  17.987  -3.652 0.6999999881
91759  -55.460  17.907  -4.003 0.6999999881
123999  -53.438  17.688  -7.046 0.5000000000
91813  -53.467  18.110  -6.334 0.5000000000
89827  -52.421  15.749  -10.323 0.4000000060
89844  -53.936  15.427  -10.628 0.6000000238
90475  -55.106  16.653  -7.805 0.6000000238
89859  -54.571  15.792  -10.830 0.6000000238
132224  -54.892  16.245  -10.746 0.6000000238
91190  -55.237  17.099  -11.316 0.6000000238
91835  -54.722  18.843  -9.678 0.6999999881
92532  -55.755  19.188  -11.208 0.6999999881
87219  -51.063  11.416  1.733 0.1000000015
86558  -49.549  10.879  1.557 0.1000000015
87218  -50.175  11.578  1.643 0.1000000015
87882  -52.278  12.766  1.740 0.4000000060
85094  -47.798  8.718  1.624 0.1000000015
85833  -47.972  9.758  1.466 0.1000000015
86557  -48.818  10.261  1.476 0.1000000015
116993  -48.814  11.082  1.565 0.1000000015
112595  -54.267  11.544  1.422 0.5000000000
90394  -54.271  16.744  1.651 0.8000000119
91722  -53.499  18.734  0.941 0.8000000119
91797  -54.753  18.308  -5.305 0.8000000119
128581  -55.809  18.148  -5.435 0.8000000119
124831  -55.513  18.171  -4.765 0.6999999881
91137  -54.135  17.824  -6.801 0.5000000000
91814  -54.411  18.145  -6.166 0.6000000238
91815  -55.525  18.032  -6.139 0.6999999881
90521  -51.441  15.695  -10.497 0.4000000060
91138  -55.137  17.555  -6.995 0.6000000238
123808  -53.086  15.578  -11.549 0.4000000060
90476  -55.936  16.898  -7.589 0.6000000238
89858  -54.158  15.443  -11.010 0.6000000238
90529  -54.351  15.965  -11.528 0.5000000000
90530  -54.832  16.478  -11.429 0.6000000238
91191  -56.169  17.731  -11.985 0.6000000238
91860  -56.636  18.290  -11.914 0.6999999881
87217  -49.302  11.697  1.606 0.1000000015
85093  -46.848  8.761  1.844 0.1000000015
85832  -47.118  9.457  1.554 0.1000000015
86556  -47.330  10.214  1.474 0.1000000015
87216  -48.436  11.713  1.608 0.1000000015
85092  -46.136  8.734  1.985 0.1000000015
86555  -46.583  10.130  1.479 0.1000000015
116053  -53.120  12.484  1.615 0.5000000000
112598  -54.021  12.424  1.647 0.4000000060
113652  -54.608  13.003  1.853 0.8000000119
113694  -54.295  13.691  1.696 0.8000000119
92466  -50.791  19.774  -1.263 0.5000000000
93173  -51.719  20.083  -1.545 0.6999999881
92456  -52.223  19.020  -0.435 0.6000000238
93182  -50.923  20.653  -2.026 0.6000000238
92457  -53.098  19.188  -0.510 0.6999999881
91734  -52.872  18.728  0.194 0.6999999881
126622  -51.407  21.252  -2.454 0.6000000238
93183  -51.953  20.698  -2.168 0.6999999881
93905  -50.610  21.560  -2.394 0.5000000000
93175  -53.598  20.374  -1.691 0.8000000119
94684  -50.975  22.526  -3.285 0.6000000238
94668  -51.422  22.072  -2.815 0.5000000000
93906  -52.249  21.436  -2.581 0.6999999881
94685  -52.050  22.591  -3.412 0.6999999881
95396  -51.574  22.865  -3.917 0.5000000000
95397  -52.519  23.232  -4.007 0.6999999881
95398  -53.383  23.733  -4.040 0.6999999881
89856  -52.674  15.508  -11.390 0.4000000060
118342  -53.919  16.033  -11.906 0.5000000000
90542  -54.422  16.463  -12.171 0.5000000000
119228  -54.433  19.371  -9.074 0.8999999762
93222  -54.053  20.257  -8.684 0.8999999762
93953  -54.219  21.123  -8.408 0.8999999762
94720  -54.778  22.636  -7.776 0.8999999762
94721  -55.325  22.586  -7.243 0.8999999762
90531  -55.523  17.213  -12.105 0.5000000000
119378  -56.486  18.785  -11.711 0.6999999881
91870  -56.803  18.211  -12.315 0.6000000238
87880  -50.780  12.304  1.742 0.2000000030
121304  -49.879  12.386  1.688 0.1000000015
121305  -48.964  12.475  1.643 0.1000000015
115459  -47.035  10.930  1.541 0.1000000015
113230  -53.724  13.126  1.665 0.6000000238
89727  -54.516  15.688  1.675 0.6999999881
134804  -48.673  22.187  -2.496 0.4000000060
93903  -48.994  21.900  -2.038 0.4000000060
93893  -50.108  21.186  -1.962 0.5000000000
92467  -51.670  19.505  -0.944 0.6999999881
91709  -53.196  18.099  1.477 0.8000000119
94666  -49.395  22.297  -2.704 0.4000000060
93904  -49.771  21.788  -2.213 0.5000000000
120350  -48.107  22.680  -3.959 0.3000000119
94682  -48.617  22.497  -3.211 0.4000000060
129912  -49.351  22.617  -3.408 0.4000000060
94667  -50.328  22.219  -2.739 0.4000000060
94700  -48.925  22.781  -4.016 0.4000000060
124374  -50.066  22.593  -3.266 0.4000000060
95408  -49.396  22.873  -4.842 0.4000000060
94683  -49.781  22.826  -3.978 0.4000000060
95395  -50.654  22.812  -3.903 0.5000000000
95409  -50.442  22.910  -4.864 0.5000000000
130265  -51.220  22.978  -4.541 0.5000000000
95410  -51.998  23.344  -4.690 0.5000000000
95411  -52.807  23.946  -4.712 0.6000000238
119709  -51.388  23.372  -5.291 0.5000000000
95425  -52.288  24.051  -5.555 0.6000000238
96091  -53.603  24.468  -4.683 0.6999999881
96092  -54.454  24.793  -4.705 0.6999999881
95439  -55.793  24.117  -6.365 0.8999999762
96129  -55.349  24.686  -7.002 0.8999999762
92530  -53.967  19.747  -10.341 0.6999999881
92529  -53.500  20.014  -10.021 0.8000000119
92513  -53.585  20.061  -9.404 0.8000000119
122548  -53.423  21.971  -9.059 0.8999999762
90547  -54.784  17.120  -12.752 0.5000000000
91201  -55.561  17.406  -12.967 0.5000000000
87879  -49.600  12.993  1.749 0.2000000030
87876  -46.944  13.161  1.656 0.1000000015
132221  -49.066  13.174  1.678 0.2000000030
88513  -50.413  13.211  1.860 0.2000000030
114576  -46.943  12.435  1.697 0.1000000015
87878  -48.404  13.000  1.634 0.2000000030
87214  -46.617  11.668  1.654 0.1000000015
88515  -53.415  13.866  1.615 0.6999999881
123450  -54.401  14.873  1.671 0.6999999881
90393  -53.458  16.112  1.796 0.8999999762
91054  -52.381  17.389  1.862 0.6999999881
128236  -47.609  21.986  -2.328 0.4000000060
93892  -48.541  21.404  -1.721 0.4000000060
92465  -49.067  19.944  -1.235 0.4000000060
128457  -50.625  18.650  -0.029 0.5000000000
91720  -51.784  18.429  1.179 0.5000000000
91708  -52.319  18.121  1.457 0.8000000119
91055  -53.293  17.087  1.795 0.8000000119
94664  -47.235  22.277  -2.945 0.3000000119
122785  -49.370  21.230  -1.715 0.4000000060
92455  -51.240  18.946  -0.395 0.6000000238
91721  -52.603  18.619  1.067 0.6999999881
94681  -47.339  22.530  -3.785 0.3000000119
127716  -47.866  22.457  -3.325 0.3000000119
94699  -47.514  22.682  -4.597 0.3000000119
113763  -48.026  23.171  -5.975 0.4000000060
95422  -49.003  23.148  -5.684 0.5000000000
95423  -49.926  23.191  -5.604 0.5000000000
95424  -50.744  23.383  -5.664 0.5000000000
96099  -51.559  24.050  -6.232 0.6000000238
94748  -54.245  22.372  -10.857 0.8000000119
117241  -55.142  22.277  -11.422 0.8000000119
96116  -55.706  25.131  -6.080 0.8999999762
93972  -56.095  21.147  -11.498 0.6999999881
93240  -54.400  21.268  -11.005 0.6999999881
93970  -53.646  21.481  -10.430 0.8000000119
95458  -53.810  23.137  -9.569 0.8000000119
120059  -54.316  23.149  -8.149 0.8999999762
127614  -56.238  20.349  -11.427 0.6999999881
95445  -54.826  24.116  -7.933 0.8999999762
91202  -56.298  17.692  -12.666 0.5000000000
91871  -57.054  18.757  -12.713 0.5000000000
91210  -54.515  17.455  -13.320 0.4000000060
127065  -55.745  17.581  -13.804 0.5000000000
91212  -56.253  17.721  -13.552 0.5000000000
131867  -48.007  13.541  1.546 0.1000000015
88511  -48.689  13.762  1.610 0.2000000030
87881  -51.428  13.101  1.851 0.3000000119
120570  -52.870  13.329  1.686 0.5000000000
89725  -52.829  15.507  1.959 0.8000000119
89726  -53.689  15.197  1.666 0.6999999881
133515  -50.206  23.918  -6.741 0.5000000000
96113  -51.001  24.288  -6.854 0.6000000238
94759  -56.929  22.033  -12.104 0.6000000238
92539  -57.284  19.780  -12.059 0.6999999881
91203  -56.800  18.164  -13.155 0.5000000000
89115  -47.965  14.375  1.659 0.1000000015
88512  -49.606  13.808  1.786 0.2000000030
119779  -49.008  14.729  1.806 0.1000000015
89117  -51.222  14.629  2.195 0.4000000060
117224  -53.944  14.401  1.566 0.8000000119
122477  -52.128  13.608  1.867 0.4000000060
89119  -53.113  14.666  1.726 0.8000000119
129012  -52.216  12.554  -0.195 0.6999999881
129355  -52.632  13.923  0.008 0.6999999881
93174  -52.651  20.263  -1.621 0.6999999881
92468  -52.442  19.660  -1.031 0.6999999881
91777  -56.208  17.901  -4.377 0.8000000119
93184  -52.925  20.873  -2.169 0.6999999881
93944  -55.191  21.694  -7.815 0.8999999762
93223  -54.968  20.590  -8.138 0.8999999762
91836  -55.407  18.311  -9.030 0.8000000119
87914  -47.892  12.659  -2.686 0.5000000000
131503  -50.043  12.136  -2.410 0.6000000238
87906  -50.705  12.277  -1.716 0.6999999881
88561  -46.227  13.193  -3.461 0.2000000030
89176  -48.218  14.141  -2.328 0.5000000000
87896  -50.693  12.996  -1.375 0.6999999881
88535  -50.909  13.741  -1.170 0.6999999881
128305  -51.680  12.897  -0.575 0.6999999881
123682  -45.453  14.969  -3.589 0.2000000030
89174  -46.698  14.725  -2.966 0.3000000119
89163  -48.701  14.642  -1.756 0.5000000000
89165  -50.493  14.419  -1.257 0.6999999881
89142  -51.168  14.385  -1.008 0.6999999881
119901  -52.290  14.195  -0.363 0.6999999881
90444  -46.211  16.565  -3.391 0.4000000060
90432  -48.197  16.693  -1.865 0.6000000238
129754  -53.185  15.161  -0.338 0.6999999881
84351  -54.791  6.730  1.857 0.4000000060
130133  -44.421  15.604  -4.041 0.2000000030
137692  -52.888  16.630  -1.039 0.6000000238
124449  -51.564  8.702  1.302 0.2000000030
83501  -49.386  6.596  4.916 0.1000000015
83489  -51.105  6.129  6.917 0.2000000030
85838  -54.395  9.276  1.612 0.4000000060
136600  -47.060  17.414  -3.143 0.6000000238
91745  -48.739  18.057  -2.894 0.6000000238
91752  -47.627  18.260  -3.849 0.6000000238
91074  -49.838  17.461  -2.158 0.6000000238
90419  -53.494  16.774  -1.073 0.6000000238
82708  -51.422  6.011  6.497 0.2000000030
91770  -48.198  18.476  -4.387 0.6000000238
127261  -48.900  18.458  -4.145 0.6000000238
91754  -49.225  18.313  -3.487 0.6000000238
120370  -49.974  18.290  -3.333 0.6000000238
91747  -51.389  18.156  -2.933 0.6000000238
124700  -48.059  18.551  -5.051 0.6000000238
91746  -50.662  18.253  -3.071 0.6000000238
91086  -51.645  17.644  -2.297 0.6000000238
130848  -52.314  17.487  -2.133 0.6000000238
91087  -53.025  17.541  -2.324 0.6000000238
91089  -54.746  17.166  -2.271 0.6999999881
91793  -50.691  18.424  -5.243 0.5000000000
91758  -53.915  18.302  -3.711 0.6000000238
91134  -51.012  17.976  -7.040 0.5000000000
91162  -52.347  17.190  -8.017 0.5000000000
89828  -53.451  15.710  -10.140 0.6000000238
90509  -53.887  15.996  -9.384 0.6000000238
127965  -53.341  16.455  -8.897 0.6000000238
89817  -54.668  15.975  -9.175 0.6999999881
91152  -54.288  17.332  -7.425 0.6000000238
89818  -55.175  16.028  -8.922 0.6999999881
93239  -53.618  20.541  -10.443 0.8000000119
91796  -53.537  18.436  -5.379 0.5000000000
91776  -54.561  18.305  -4.388 0.6999999881
89843  -53.045  15.445  -10.815 0.4000000060
92522  -53.982  19.528  -9.838 0.8000000119
116187  -47.984  10.820  1.550 0.1000000015
89842  -52.028  15.442  -11.007 0.4000000060
89871  -53.439  15.708  -11.689 0.4000000060
91861  -57.122  18.930  -12.050 0.6999999881
85831  -46.252  9.297  1.657 0.1000000015
87215  -47.513  11.768  1.645 0.1000000015
119062  -49.828  19.856  -1.196 0.5000000000
91733  -51.981  18.630  0.370 0.6000000238
120617  -53.485  21.049  -9.007 0.8000000119
93250  -57.097  20.423  -11.883 0.6999999881
87877  -47.603  12.903  1.636 0.1000000015
93902  -48.268  21.900  -2.118 0.4000000060
95407  -48.369  22.841  -4.909 0.4000000060
137485  -53.360  21.019  -10.155 0.8000000119
94738  -53.458  22.358  -9.465 0.8000000119
122229  -51.926  5.522  -1.278 0.1000000015
83542  -52.374  6.079  -1.885 0.2000000030
83557  -52.836  6.462  -2.540 0.2000000030
114892  -53.307  6.765  -3.232 0.2000000030
81985  -49.846  3.968  0.421 0.1000000015
81995  -49.580  4.241  -0.278 0.1000000015
82734  -51.437  4.873  -0.582 0.1000000015
120724  -51.012  5.387  -1.462 0.1000000015
82745  -51.453  5.973  -2.066 0.1000000015
83556  -51.914  6.478  -2.653 0.2000000030
83573  -52.432  6.819  -3.293 0.2000000030
84377  -52.858  7.155  -3.925 0.2000000030
117389  -48.007  3.082  0.256 0.1000000015
81122  -49.020  3.536  0.123 0.1000000015
82002  -50.033  4.695  -0.800 0.1000000015
82744  -50.063  5.168  -1.582 0.1000000015
83589  -52.316  7.268  -4.610 0.2000000030
81120  -47.646  3.311  -0.327 0.1000000015
81130  -48.073  3.785  -0.773 0.1000000015
134953  -46.484  3.420  -0.356 0.1000000015
117388  -46.751  3.455  -0.759 0.1000000015
81129  -47.300  3.710  -1.172 0.1000000015
81118  -44.943  3.572  -0.839 0.1000000015
116192  -45.400  3.543  -1.408 0.1000000015
81127  -45.840  3.603  -1.915 0.1000000015
119620  -53.274  5.077  -0.535 0.1000000015
82746  -52.839  5.565  -1.164 0.1000000015
83543  -53.302  6.043  -1.768 0.2000000030
83558  -53.741  6.373  -2.463 0.2000000030
116669  -54.252  6.608  -3.227 0.2000000030
83575  -54.953  6.492  -3.559 0.2000000030
81987  -51.758  4.028  0.921 0.1000000015
81997  -52.156  4.478  0.229 0.1000000015
83590  -54.571  6.786  -4.048 0.2000000030
83591  -55.043  6.744  -4.828 0.2000000030
81112  -49.236  3.569  0.674 0.1000000015
81986  -50.797  4.045  0.691 0.1000000015
81996  -50.512  4.481  -0.153 0.1000000015
83574  -53.736  7.075  -3.938 0.2000000030
84388  -54.133  7.207  -4.678 0.2000000030
131098  -48.433  3.279  0.688 0.1000000015
84386  -51.776  7.197  -5.218 0.2000000030
84387  -53.227  7.346  -4.648 0.2000000030
84397  -54.427  7.167  -5.331 0.2000000030
116031  -50.984  6.866  -5.592 0.2000000030
82747  -53.749  5.488  -1.017 0.1000000015
83544  -54.335  5.880  -1.706 0.2000000030
132638  -54.494  6.267  -2.489 0.2000000030
83559  -55.045  6.310  -2.939 0.3000000119
81974  -51.138  3.913  1.450 0.1000000015
83545  -55.176  6.045  -2.150 0.4000000060
83560  -55.850  6.166  -2.713 0.3000000119
83576  -55.625  6.337  -3.462 0.2000000030
114660  -55.333  6.504  -4.081 0.2000000030
81103  -49.424  3.599  1.357 0.1000000015
81113  -50.132  3.766  1.102 0.1000000015
117227  -48.839  3.383  0.830 0.1000000015
84396  -53.659  7.357  -5.391 0.2000000030
83599  -51.776  7.112  -5.857 0.2000000030
83600  -55.064  6.843  -5.768 0.2000000030
83547  -57.095  5.901  -1.480 0.4000000060
83561  -56.700  6.164  -2.433 0.3000000119
83533  -56.352  5.596  -0.809 0.4000000060
83546  -56.074  5.890  -1.815 0.4000000060
81976  -53.284  4.227  2.199 0.2000000030
82727  -53.697  4.421  1.495 0.3000000119
82737  -54.998  5.221  0.349 0.3000000119
83577  -56.552  6.291  -3.400 0.3000000119
81964  -50.163  4.184  3.062 0.2000000030
81104  -50.411  3.865  2.027 0.2000000030
117675  -51.424  4.054  2.225 0.2000000030
126668  -54.076  4.742  0.918 0.2000000030
82736  -54.122  4.980  -0.011 0.2000000030
82748  -54.707  5.380  -0.639 0.4000000060
82749  -55.375  5.616  -1.221 0.5000000000
83593  -56.689  6.321  -4.449 0.2000000030
83592  -56.007  6.341  -4.001 0.2000000030
81094  -49.412  3.753  2.296 0.1000000015
83601  -56.015  6.426  -5.351 0.2000000030
81083  -48.644  4.112  3.648 0.1000000015
117093  -57.070  6.342  -5.366 0.2000000030
83602  -56.712  6.393  -6.147 0.2000000030
83615  -56.536  6.491  -7.035 0.2000000030
83628  -56.474  6.290  -8.009 0.2000000030
83653  -57.066  6.193  -9.198 0.1000000015
83641  -56.484  6.206  -8.855 0.2000000030
133000  -56.636  5.620  0.206 0.4000000060
83534  -57.219  5.747  -0.380 0.5000000000
81977  -54.149  4.648  2.543 0.3000000119
118773  -55.329  5.299  2.211 0.3000000119
82729  -55.658  5.371  1.336 0.5000000000
82738  -55.748  5.421  0.073 0.4000000060
83548  -58.001  6.215  -1.603 0.5000000000
120821  -57.443  6.270  -2.211 0.4000000060
118029  -57.312  6.340  -2.883 0.3000000119
81965  -51.199  4.328  3.149 0.2000000030
126253  -52.946  4.309  2.875 0.2000000030
81967  -54.370  5.295  3.312 0.3000000119
129656  -58.801  6.523  -1.637 0.5000000000
83562  -58.192  6.479  -2.588 0.4000000060
83578  -57.705  6.438  -3.711 0.3000000119
81963  -49.329  4.091  3.326 0.2000000030
81953  -50.771  4.491  3.889 0.2000000030
81954  -52.161  4.719  4.063 0.2000000030
82714  -53.684  5.561  3.903 0.3000000119
83579  -58.796  6.748  -3.442 0.4000000060
83595  -58.511  6.875  -4.318 0.3000000119
83594  -57.657  6.541  -4.743 0.3000000119
81930  -45.678  4.130  4.462 0.1000000015
81932  -47.644  4.390  5.212 0.1000000015
81950  -48.317  4.350  4.602 0.1000000015
81951  -49.275  4.425  4.407 0.2000000030
81935  -51.072  5.115  4.992 0.2000000030
81936  -51.987  5.383  4.921 0.2000000030
84389  -59.081  7.656  -4.746 0.3000000119
83604  -58.310  7.070  -5.169 0.3000000119
133319  -57.785  6.588  -5.475 0.2000000030
120972  -48.339  4.665  5.899 0.1000000015
81933  -49.251  4.786  5.605 0.1000000015
84398  -58.689  7.644  -5.691 0.3000000119
83618  -58.262  6.838  -6.120 0.2000000030
85156  -57.282  8.822  -6.837 0.2000000030
85157  -58.130  8.512  -6.489 0.2000000030
136318  -58.702  7.355  -7.426 0.2000000030
127642  -58.406  6.832  -7.013 0.3000000119
115851  -57.344  6.356  -7.478 0.2000000030
85155  -56.222  8.768  -7.070 0.2000000030
84413  -58.786  7.309  -8.125 0.2000000030
83630  -58.732  7.000  -7.608 0.2000000030
83629  -58.260  6.557  -7.790 0.2000000030
83642  -57.266  6.209  -8.401 0.2000000030
85167  -56.028  8.611  -7.863 0.2000000030
121179  -57.807  8.360  -8.090 0.2000000030
83644  -58.776  6.921  -8.496 0.2000000030
134093  -58.684  7.551  -8.823 0.2000000030
83643  -58.097  6.505  -8.827 0.1000000015
85187  -56.995  8.509  -8.561 0.2000000030
85188  -58.207  8.123  -8.945 0.2000000030
82730  -56.518  5.689  1.279 0.5000000000
130615  -57.837  5.853  -0.897 0.5000000000
82717  -54.874  5.681  3.252 0.3000000119
82723  -56.098  5.786  2.173 0.4000000060
82710  -52.384  5.856  5.197 0.2000000030
82713  -52.984  5.743  4.556 0.3000000119
83514  -55.017  6.018  3.314 0.2000000030
83563  -59.079  6.836  -2.535 0.5000000000
81918  -47.521  4.557  6.081 0.1000000015
81921  -51.071  5.574  6.185 0.1000000015
82709  -51.697  5.843  6.030 0.2000000030
83496  -52.668  5.962  4.936 0.2000000030
85135  -58.982  9.026  -4.963 0.3000000119
133257  -59.161  7.217  -3.974 0.3000000119
85145  -58.990  8.430  -5.297 0.3000000119
85951  -56.387  8.951  -6.310 0.2000000030
85950  -55.379  8.913  -6.522 0.2000000030
85961  -55.188  8.693  -7.287 0.2000000030
82715  -54.385  5.869  3.531 0.2000000030
83505  -53.841  5.992  3.944 0.2000000030
85144  -58.375  8.819  -5.565 0.3000000119
85143  -57.366  8.921  -6.013 0.3000000119
85948  -53.440  9.131  -7.021 0.2000000030
85949  -54.389  8.969  -6.739 0.2000000030
83523  -56.149  6.123  2.240 0.4000000060
86601  -50.251  10.539  -4.013 0.4000000060
113948  -50.463  14.202  2.003 0.2000000030
89723  -49.698  15.460  2.096 0.2000000030
89116  -50.480  15.161  2.174 0.2000000030
89103  -51.118  15.670  2.431 0.3000000119
89104  -51.766  15.235  2.298 0.5000000000
89711  -51.681  16.028  2.436 0.5000000000
90382  -52.342  16.434  2.203 0.6000000238
91113  -46.005  17.670  -4.313 0.4000000060
119349  -49.876  14.684  1.918 0.2000000030
121626  -49.433  16.137  2.172 0.2000000030
91768  -46.530  18.141  -4.672 0.4000000060
91790  -47.520  18.440  -5.558 0.4000000060
91769  -47.315  18.419  -4.677 0.4000000060
116741  -45.440  17.509  -7.002 0.3000000119
91145  -46.211  17.934  -6.930 0.4000000060
91808  -47.823  18.383  -6.371 0.4000000060
91792  -49.293  18.425  -5.785 0.4000000060
91146  -47.682  17.836  -7.821 0.3000000119
91825  -48.185  18.258  -7.153 0.3000000119
91809  -48.739  18.409  -6.485 0.4000000060
132091  -48.476  15.382  -12.335 0.3000000119
122009  -50.697  16.139  -12.762 0.3000000119
89869  -51.015  15.842  -12.538 0.3000000119
89870  -52.630  15.835  -11.937 0.3000000119
90539  -51.501  16.499  -12.579 0.3000000119
135368  -51.797  16.002  -12.320 0.3000000119
91198  -50.854  16.999  -12.643 0.3000000119
123359  -52.316  17.223  -12.591 0.3000000119
91199  -53.134  17.037  -12.606 0.3000000119
90541  -53.272  16.240  -12.195 0.3000000119
91200  -53.990  16.845  -12.571 0.4000000060
91144  -45.690  17.228  -7.982 0.3000000119
91147  -48.584  17.884  -7.860 0.3000000119
91826  -49.106  18.246  -7.241 0.3000000119
91810  -49.639  18.323  -6.576 0.3000000119
119271  -50.161  18.333  -5.904 0.3000000119
134328  -45.871  16.773  -8.737 0.3000000119
129740  -46.413  17.054  -8.682 0.3000000119
90503  -46.638  15.670  -10.374 0.3000000119
91169  -46.927  16.609  -9.416 0.3000000119
91170  -47.748  16.951  -9.276 0.3000000119
91160  -49.017  17.463  -8.632 0.3000000119
119495  -50.068  17.418  -8.344 0.3000000119
120285  -50.936  17.141  -8.519 0.3000000119
89826  -46.272  15.347  -11.378 0.3000000119
90517  -47.173  15.476  -11.144 0.3000000119
90518  -47.975  15.725  -10.752 0.3000000119
90505  -48.329  16.536  -9.829 0.3000000119
91172  -49.613  16.980  -9.226 0.4000000060
90488  -50.520  16.807  -9.138 0.4000000060
90489  -51.577  16.675  -9.110 0.5000000000
90490  -52.487  16.795  -8.670 0.5000000000
114563  -46.948  15.425  -11.854 0.3000000119
89839  -48.528  15.426  -11.322 0.3000000119
90507  -50.012  16.331  -9.913 0.3000000119
133775  -51.820  16.138  -9.864 0.5000000000
89852  -48.411  15.182  -12.074 0.3000000119
134624  -48.918  15.217  -12.300 0.3000000119
89840  -50.006  15.354  -11.513 0.3000000119
89841  -51.005  15.406  -11.266 0.3000000119
128500  -50.969  16.264  -9.867 0.3000000119
89854  -50.553  15.447  -12.152 0.3000000119
89855  -51.656  15.593  -11.851 0.3000000119
91868  -51.281  18.178  -12.605 0.2000000030
91876  -51.913  19.037  -12.958 0.3000000119
91869  -52.195  18.149  -12.731 0.3000000119
91208  -53.005  17.920  -12.886 0.3000000119
91209  -53.785  17.624  -13.102 0.3000000119
90472  -44.816  16.576  -8.284 0.3000000119
91827  -50.081  18.016  -7.356 0.3000000119
90486  -45.281  16.303  -8.886 0.3000000119
91148  -49.381  17.820  -7.855 0.3000000119
91161  -51.644  17.155  -8.262 0.4000000060
91877  -52.797  18.815  -13.222 0.3000000119
91878  -53.578  18.427  -13.528 0.3000000119
92546  -51.027  19.257  -12.792 0.2000000030
92551  -51.565  19.858  -13.336 0.2000000030
91216  -54.876  17.652  -14.006 0.3000000119
91217  -55.436  17.658  -14.291 0.3000000119
92545  -50.762  20.169  -13.020 0.2000000030
92552  -52.433  19.582  -13.608 0.2000000030
91880  -56.713  18.158  -14.120 0.4000000060
91886  -54.042  18.723  -14.321 0.3000000119
91218  -56.103  17.762  -14.369 0.4000000060
91879  -54.325  18.009  -13.827 0.3000000119
93980  -56.756  21.179  -11.810 0.5000000000
93987  -57.211  21.003  -12.772 0.5000000000
92553  -53.296  19.251  -13.920 0.2000000030
91881  -57.195  18.938  -13.628 0.4000000060
93268  -57.409  20.834  -13.652 0.4000000060
91890  -57.074  18.825  -14.725 0.3000000119
133457  -57.365  19.531  -14.386 0.3000000119
124253  -57.489  20.511  -14.703 0.4000000060
91887  -54.869  18.089  -14.666 0.3000000119
91888  -55.722  17.912  -15.040 0.3000000119
92562  -57.252  19.695  -15.281 0.3000000119
91889  -56.438  18.275  -15.124 0.3000000119
95451  -54.209  23.623  -8.759 0.6999999881
95459  -54.275  24.146  -9.598 0.6999999881
95468  -54.964  23.344  -11.342 0.6999999881
95480  -56.648  22.774  -12.012 0.6999999881
94768  -57.021  22.500  -12.507 0.6000000238
94776  -57.163  22.492  -13.246 0.6999999881
93996  -57.325  21.705  -13.486 0.6000000238
94790  -57.358  22.462  -14.217 0.6000000238
92559  -52.874  19.898  -14.402 0.2000000030
94013  -57.499  21.585  -14.497 0.6000000238
92560  -53.656  19.425  -14.772 0.2000000030
92561  -54.436  18.890  -15.198 0.3000000119
91895  -55.258  18.466  -15.551 0.3000000119
91896  -55.960  18.354  -15.788 0.3000000119
91897  -56.390  18.742  -15.949 0.3000000119
96137  -54.673  25.794  -10.183 0.6999999881
96136  -54.670  25.155  -9.445 0.6999999881
96764  -56.105  26.230  -11.282 0.6999999881
96763  -55.011  26.436  -10.751 0.6999999881
119173  -54.528  24.739  -10.515 0.6999999881
96138  -55.049  25.507  -11.056 0.6999999881
95477  -54.941  24.462  -11.298 0.6999999881
96139  -56.187  25.329  -11.474 0.6999999881
95478  -56.030  24.170  -11.607 0.6999999881
97367  -56.943  26.513  -11.731 0.6999999881
96140  -56.780  24.921  -11.783 0.6999999881
96144  -57.109  25.380  -11.966 0.6999999881
95504  -56.957  23.199  -12.835 0.6999999881
93278  -52.355  20.378  -14.940 0.2000000030
92571  -53.146  19.923  -15.301 0.2000000030
92572  -53.920  19.415  -15.725 0.2000000030
93294  -57.419  20.582  -15.886 0.4000000060
94028  -57.483  21.438  -15.551 0.4000000060
129539  -56.189  18.742  -16.467 0.3000000119
91898  -56.863  19.043  -15.702 0.3000000119
96721  -53.378  25.285  -6.113 0.6000000238
96101  -54.534  25.389  -5.348 0.6000000238
96724  -55.191  25.705  -5.879 0.8000000119
96128  -55.126  25.326  -7.660 0.8000000119
118531  -54.741  24.628  -8.646 0.8000000119
97365  -55.558  26.841  -11.176 0.6999999881
97956  -55.506  27.216  -11.684 0.6999999881
97391  -55.231  26.971  -12.691 0.6999999881
96770  -57.061  26.230  -11.900 0.6999999881
96154  -56.850  24.743  -12.755 0.6999999881
95521  -57.104  23.182  -13.811 0.6999999881
94789  -57.090  22.990  -14.724 0.6999999881
94803  -57.359  22.266  -15.172 0.6000000238
92573  -54.772  19.005  -16.119 0.3000000119
92574  -56.802  19.217  -16.770 0.3000000119
94045  -57.443  21.218  -16.535 0.4000000060
92575  -57.224  19.860  -16.315 0.3000000119
93310  -57.503  20.593  -16.795 0.3000000119
96722  -53.868  25.686  -5.972 0.6000000238
96732  -53.877  26.083  -6.460 0.6000000238
96734  -55.181  25.640  -6.658 0.6999999881
97378  -51.817  26.528  -12.918 0.6999999881
134504  -51.413  28.036  -12.303 0.6999999881
97961  -52.651  28.008  -12.756 0.6999999881
98481  -52.822  28.689  -12.218 0.6999999881
121434  -53.268  28.113  -12.661 0.6999999881
97970  -53.306  27.530  -13.156 0.6999999881
97971  -54.440  27.510  -12.650 0.6999999881
96760  -54.725  26.197  -9.130 0.6999999881
97388  -52.669  27.003  -13.256 0.6999999881
97389  -53.442  26.877  -13.492 0.6999999881
97390  -54.152  27.147  -13.317 0.6999999881
96778  -53.202  26.031  -13.559 0.6999999881
96779  -54.055  26.259  -13.685 0.6999999881
136579  -55.457  25.821  -13.412 0.6999999881
96781  -56.934  25.584  -12.519 0.6999999881
93292  -51.659  20.576  -15.622 0.2000000030
96163  -54.423  24.510  -14.200 0.6999999881
96164  -55.383  24.583  -14.106 0.6999999881
96153  -55.993  25.232  -13.364 0.6999999881
95518  -55.022  23.965  -14.741 0.6999999881
95519  -55.926  23.888  -14.530 0.6999999881
95520  -56.676  23.617  -14.203 0.6999999881
93308  -51.750  20.372  -16.609 0.2000000030
92589  -53.260  19.747  -16.293 0.2000000030
95531  -55.625  23.454  -15.269 0.6999999881
94801  -56.197  22.836  -15.756 0.6000000238
94802  -56.924  22.619  -15.530 0.5000000000
93293  -52.490  20.213  -15.933 0.2000000030
92590  -54.096  19.309  -16.852 0.2000000030
94817  -57.256  21.917  -16.070 0.5000000000
92591  -55.123  18.942  -17.109 0.2000000030
94061  -57.407  20.875  -17.304 0.4000000060
92593  -57.356  20.095  -17.284 0.4000000060
97318  -53.399  26.339  -6.979 0.6000000238
97319  -54.078  26.445  -6.890 0.6000000238
97327  -53.659  26.806  -7.211 0.6000000238
96747  -54.780  26.237  -7.191 0.6999999881
125115  -54.918  25.684  -8.445 0.6999999881
96761  -54.553  26.924  -9.716 0.6999999881
97354  -54.810  27.075  -10.609 0.6999999881
98475  -53.228  28.614  -11.885 0.6999999881
96777  -52.397  25.747  -13.291 0.6999999881
96151  -53.817  25.177  -13.735 0.6999999881
95517  -54.090  23.774  -14.743 0.6999999881
95541  -55.238  22.929  -15.928 0.6000000238
93307  -50.910  20.644  -16.307 0.2000000030
93309  -52.561  20.016  -16.915 0.2000000030
94044  -57.149  21.438  -16.879 0.4000000060
121876  -55.577  19.368  -17.835 0.4000000060
92608  -56.825  19.698  -17.785 0.4000000060
97340  -52.862  27.049  -7.752 0.6000000238
97328  -54.299  26.768  -7.337 0.6000000238
97338  -50.466  26.527  -8.731 0.5000000000
97339  -51.211  27.206  -8.784 0.6000000238
97913  -52.239  27.316  -8.402 0.6000000238
97915  -53.471  27.366  -8.147 0.6999999881
125238  -50.216  27.131  -9.321 0.5000000000
97924  -51.692  27.913  -9.524 0.6000000238
97925  -52.643  28.029  -9.321 0.6999999881
97914  -52.913  27.575  -8.449 0.6999999881
118039  -54.502  26.918  -8.648 0.6999999881
97352  -49.289  27.097  -10.503 0.5000000000
97348  -50.767  27.619  -9.800 0.6000000238
97939  -52.365  28.172  -10.700 0.6999999881
97940  -53.317  28.111  -10.275 0.6999999881
97926  -53.548  27.781  -9.176 0.6999999881
123699  -49.958  27.271  -10.122 0.5000000000
97353  -50.475  27.390  -10.854 0.6999999881
97938  -51.359  27.784  -10.912 0.6999999881
98474  -52.507  28.717  -11.805 0.6999999881
98468  -53.077  28.277  -11.230 0.6999999881
97941  -54.178  27.606  -10.214 0.6999999881
97950  -47.054  27.224  -10.694 0.5000000000
97350  -47.962  27.059  -10.691 0.5000000000
124772  -48.725  26.964  -10.871 0.5000000000
122824  -49.835  27.113  -10.913 0.6000000238
97951  -50.837  27.681  -12.081 0.6000000238
97954  -53.883  27.981  -11.264 0.6999999881
96150  -52.959  24.901  -13.580 0.6999999881
95530  -54.672  23.409  -15.383 0.6000000238
94815  -55.853  22.314  -16.473 0.5000000000
94060  -57.029  21.080  -17.675 0.3000000119
94043  -56.494  21.609  -17.065 0.3000000119
115949  -53.275  19.632  -17.118 0.2000000030
94073  -56.515  20.634  -18.175 0.3000000119
92625  -56.514  20.100  -18.358 0.3000000119
93328  -57.082  20.443  -17.883 0.3000000119
97944  -41.737  27.273  -11.279 0.4000000060
132704  -42.325  27.339  -10.607 0.4000000060
97945  -42.632  27.005  -11.261 0.4000000060
97948  -45.327  27.228  -10.841 0.4000000060
97358  -44.925  26.857  -11.688 0.5000000000
97949  -46.168  27.201  -10.805 0.5000000000
97935  -46.492  27.601  -10.225 0.5000000000
97360  -46.597  26.750  -11.541 0.5000000000
97362  -48.409  26.516  -11.608 0.6000000238
97376  -49.099  26.255  -12.201 0.6000000238
96767  -48.920  25.602  -12.886 0.6000000238
96768  -49.897  25.840  -12.602 0.6000000238
97363  -49.318  26.756  -11.406 0.6999999881
97364  -50.198  27.098  -11.662 0.6999999881
122449  -51.189  27.189  -12.523 0.6000000238
96161  -52.609  23.954  -14.033 0.6999999881
96162  -53.528  24.241  -14.097 0.6999999881
95516  -53.174  23.503  -14.739 0.6000000238
95529  -53.751  23.192  -15.436 0.6000000238
95540  -54.317  22.889  -16.066 0.6999999881
92605  -53.774  19.545  -17.801 0.3000000119
92606  -54.752  19.427  -17.803 0.3000000119
131486  -55.435  19.687  -18.517 0.4000000060
93345  -55.814  20.469  -18.666 0.4000000060
92624  -55.789  20.030  -18.734 0.3000000119
97369  -42.801  26.727  -12.814 0.4000000060
97356  -43.130  26.674  -11.959 0.4000000060
97357  -44.031  26.706  -11.822 0.5000000000
97373  -46.163  26.564  -12.377 0.5000000000
97361  -47.474  26.624  -11.518 0.5000000000
96148  -51.053  24.465  -13.615 0.6000000238
96776  -51.516  25.386  -13.097 0.6000000238
94814  -54.890  22.532  -16.680 0.4000000060
94059  -56.210  21.186  -17.870 0.4000000060
94823  -55.516  21.825  -17.240 0.3000000119
123321  -54.495  19.545  -18.602 0.3000000119
83528  -57.374  5.966  0.844 0.5000000000
84370  -59.370  7.286  -3.278 0.4000000060
84378  -59.426  7.868  -3.928 0.4000000060
85136  -59.251  8.504  -4.538 0.4000000060
82707  -51.105  6.144  6.814 0.1000000015
83504  -53.275  6.068  4.382 0.2000000030
83513  -54.300  6.064  3.520 0.2000000030
91149  -50.897  17.533  -7.804 0.3000000119
118829  -52.624  14.134  1.813 0.4000000060
94749  -56.237  21.992  -11.752 0.6000000238
94758  -56.037  23.049  -11.688 0.6999999881
94747  -53.703  22.380  -10.140 0.6999999881
92547  -57.250  19.586  -12.689 0.4000000060
117559  -51.965  14.406  2.084 0.3000000119
89712  -52.201  15.642  2.273 0.6000000238
93981  -57.177  21.111  -12.139 0.5000000000
124783  -57.133  21.794  -12.604 0.5000000000
91791  -48.393  18.480  -5.700 0.4000000060
82733  -50.632  4.898  -0.945 0.1000000015
130546  -51.328  4.389  0.225 0.1000000015
81121  -48.390  3.262  -0.082 0.1000000015
132509  -48.608  3.292  0.354 0.1000000015
81994  -48.811  3.942  -0.504 0.1000000015
82001  -49.381  4.569  -1.090 0.1000000015
82000  -48.579  4.424  -1.360 0.1000000015
81119  -45.875  3.475  -0.673 0.1000000015
135758  -46.093  3.500  -1.267 0.1000000015
81128  -46.552  3.651  -1.604 0.1000000015
82735  -52.469  4.985  -0.544 0.1000000015
81975  -52.233  4.030  1.920 0.2000000030
81988  -52.738  4.175  1.154 0.2000000030
82726  -53.222  4.618  0.330 0.2000000030
126236  -55.812  6.607  -6.389 0.2000000030
81956  -53.680  4.696  3.226 0.3000000119
82721  -54.558  4.766  1.893 0.3000000119
82728  -54.800  5.030  1.102 0.3000000119
81952  -50.104  4.477  4.133 0.2000000030
81966  -52.177  4.315  3.008 0.2000000030
81082  -47.900  3.941  3.412 0.1000000015
83603  -57.573  6.442  -6.081 0.2000000030
82722  -54.871  5.210  2.821 0.3000000119
81955  -53.056  4.826  3.928 0.2000000030
126788  -51.454  4.714  4.234 0.2000000030
81937  -52.611  5.390  4.594 0.2000000030
120839  -45.961  4.388  5.553 0.1000000015
81931  -46.767  4.282  5.121 0.1000000015
81949  -47.314  4.186  4.203 0.1000000015
81934  -50.179  4.950  5.326 0.1000000015
84406  -58.589  7.374  -6.736 0.2000000030
85158  -58.706  8.160  -6.158 0.2000000030
83617  -57.968  6.534  -6.839 0.2000000030
85168  -57.087  8.661  -7.623 0.2000000030
85170  -58.564  7.868  -7.161 0.2000000030
85169  -58.020  8.440  -7.359 0.2000000030
85189  -58.442  7.892  -8.076 0.2000000030
84419  -58.819  7.218  -9.108 0.2000000030
82718  -55.491  5.957  3.002 0.3000000119
81917  -46.788  4.521  6.123 0.1000000015
81907  -48.201  5.188  6.540 0.1000000015
91807  -46.913  18.263  -6.210 0.4000000060
91132  -45.589  17.785  -6.397 0.3000000119
91824  -47.237  18.172  -7.066 0.4000000060
91158  -47.264  17.327  -8.603 0.3000000119
116462  -46.743  17.645  -7.825 0.3000000119
91159  -48.114  17.489  -8.557 0.3000000119
89853  -49.622  15.251  -12.330 0.3000000119
89867  -49.246  15.576  -12.648 0.3000000119
90538  -50.050  16.244  -12.770 0.3000000119
89868  -50.162  15.682  -12.663 0.3000000119
90504  -47.473  16.117  -10.100 0.3000000119
89825  -45.690  15.291  -10.680 0.3000000119
128527  -48.422  17.169  -9.139 0.3000000119
89837  -45.300  15.078  -11.736 0.3000000119
89838  -47.798  15.300  -11.753 0.3000000119
128481  -48.658  15.963  -10.479 0.3000000119
90506  -49.144  16.489  -9.927 0.3000000119
128251  -49.101  15.189  -11.818 0.3000000119
90519  -49.401  15.651  -10.765 0.3000000119
90520  -50.461  15.679  -10.602 0.3000000119
95467  -54.294  23.496  -10.538 0.6999999881
95479  -56.666  23.749  -11.964 0.6999999881
95491  -56.938  24.168  -12.240 0.6999999881
91907  -55.580  18.667  -16.418 0.3000000119
95503  -56.756  23.844  -13.197 0.6999999881
97955  -54.559  27.703  -11.682 0.6999999881
96780  -56.094  26.187  -12.726 0.6999999881
95532  -56.493  23.315  -15.048 0.6999999881
96769  -50.940  26.058  -12.651 0.6000000238
97952  -51.307  28.283  -11.924 0.6999999881
96152  -54.830  25.427  -13.804 0.6999999881
96165  -56.270  24.313  -13.685 0.6999999881
93327  -51.045  20.440  -17.094 0.2000000030
94816  -56.753  22.138  -16.297 0.5000000000
92592  -56.139  19.028  -17.322 0.4000000060
92607  -56.171  19.665  -18.203 0.4000000060
130323  -49.727  26.698  -9.069 0.5000000000
129222  -50.795  27.694  -11.657 0.6999999881
97377  -50.423  26.783  -12.260 0.6000000238
120266  -50.170  20.645  -17.063 0.2000000030
97960  -42.271  26.876  -12.074 0.4000000060
135211  -48.428  26.061  -12.448 0.5000000000
97374  -47.006  26.364  -12.453 0.5000000000
125294  -47.163  9.411  -4.724 0.1000000015
85909  -47.858  9.582  -4.472 0.1000000015
85926  -47.548  9.187  -5.344 0.1000000015
85927  -48.556  9.343  -5.227 0.1000000015
85928  -49.453  9.394  -5.610 0.1000000015
85944  -49.697  9.176  -6.607 0.1000000015
85943  -48.949  9.111  -6.408 0.1000000015
85956  -49.887  8.999  -7.400 0.1000000015
85907  -46.443  9.451  -4.487 0.1000000015
85945  -50.340  9.232  -6.748 0.1000000015
85891  -46.660  9.806  -3.714 0.1000000015
85967  -51.018  9.006  -8.015 0.1000000015
117313  -51.799  9.136  -7.755 0.1000000015
85957  -50.473  9.058  -7.536 0.1000000015
85958  -51.168  9.183  -7.506 0.1000000015
85890  -46.017  9.874  -3.399 0.1000000015
85921  -42.764  8.891  -5.126 0.1000000015
119732  -43.062  8.823  -5.780 0.1000000015
85922  -43.716  8.969  -5.135 0.1000000015
85906  -45.442  9.384  -4.500 0.1000000015
133651  -45.980  9.627  -3.928 0.1000000015
113866  -52.581  8.926  -8.054 0.1000000015
85183  -52.795  8.670  -8.786 0.1000000015
83655  -58.706  6.978  -9.421 0.1000000015
86609  -49.424  9.935  -4.085 0.1000000015
86616  -49.865  9.685  -4.890 0.1000000015
84429  -58.534  7.442  -10.639 0.1000000015
85904  -43.420  9.189  -4.300 0.1000000015
85889  -44.118  9.518  -3.533 0.1000000015
114204  -52.576  9.214  -7.392 0.1000000015
115855  -55.438  8.525  -10.168 0.1000000015
85224  -55.857  8.491  -10.978 0.1000000015
84435  -58.252  7.435  -11.116 0.1000000015
136426  -53.293  8.732  -8.323 0.1000000015
85205  -54.581  8.500  -9.690 0.1000000015
85207  -57.432  8.360  -10.262 0.1000000015
85245  -57.656  7.746  -11.437 0.1000000015
85246  -58.377  7.699  -10.885 0.1000000015
85960  -54.205  8.776  -7.510 0.1000000015
86608  -48.615  9.852  -4.004 0.1000000015
116792  -56.581  8.500  -9.428 0.1000000015
85209  -58.624  7.629  -9.603 0.1000000015
86599  -46.596  10.659  -3.346 0.1000000015
120598  -46.920  11.159  -3.355 0.2000000030
86600  -47.205  10.369  -3.476 0.2000000030
87258  -47.971  10.736  -3.526 0.2000000030
86617  -50.429  9.695  -5.065 0.1000000015
85166  -54.997  8.581  -8.054 0.1000000015
85206  -55.547  8.526  -9.489 0.1000000015
117458  -57.538  8.380  -9.433 0.1000000015
116972  -45.167  9.650  -3.645 0.1000000015
124598  -47.452  10.883  -3.465 0.2000000030
87259  -48.776  10.515  -3.618 0.2000000030
114873  -56.330  8.504  -10.270 0.1000000015
85184  -53.816  8.562  -8.891 0.1000000015
85185  -54.775  8.526  -8.835 0.1000000015
85225  -57.052  8.211  -11.273 0.1000000015
87255  -48.917  11.153  -3.536 0.3000000119
87260  -49.527  10.517  -3.864 0.2000000030
86610  -50.069  9.997  -4.309 0.1000000015
87254  -48.048  11.227  -3.422 0.3000000119
85877  -45.412  9.975  -3.110 0.1000000015
86598  -45.905  10.908  -3.188 0.1000000015
131831  -46.423  11.364  -3.302 0.1000000015
87252  -46.504  11.731  -3.203 0.2000000030
87253  -47.206  11.349  -3.267 0.2000000030
85875  -43.747  9.815  -2.871 0.1000000015
85876  -44.661  9.901  -2.993 0.1000000015
86591  -45.033  10.664  -2.877 0.1000000015
87251  -46.027  11.827  -3.232 0.1000000015
87919  -46.588  12.188  -3.129 0.2000000030
125590  -49.787  11.191  -3.604 0.4000000060
119972  -50.611  9.942  -4.496 0.3000000119
86590  -44.173  10.431  -2.559 0.1000000015
87244  -44.541  11.422  -2.584 0.1000000015
87912  -45.548  12.429  -3.210 0.1000000015
97325  -52.607  26.539  -7.767 0.4000000060
97326  -53.096  26.599  -7.370 0.4000000060
96757  -52.014  26.573  -8.199 0.4000000060
96745  -52.303  25.932  -7.843 0.4000000060
96755  -50.515  25.744  -8.336 0.4000000060
96744  -51.421  25.491  -7.971 0.4000000060
96730  -52.631  25.566  -7.250 0.4000000060
96731  -53.261  25.772  -6.733 0.5000000000
96756  -51.389  26.222  -8.304 0.4000000060
96746  -52.918  26.148  -7.337 0.5000000000
127692  -49.679  26.098  -8.712 0.4000000060
96126  -51.277  24.868  -7.500 0.5000000000
96127  -52.060  25.356  -7.601 0.4000000060
96115  -52.676  24.913  -6.471 0.5000000000
96754  -48.814  25.929  -8.595 0.4000000060
97337  -49.062  26.628  -8.990 0.4000000060
97347  -49.333  27.074  -9.616 0.4000000060
114026  -50.325  24.397  -7.289 0.4000000060
96125  -49.354  24.543  -7.654 0.4000000060
96114  -51.969  24.824  -7.083 0.5000000000
96134  -49.535  25.351  -8.256 0.4000000060
96743  -50.448  25.010  -7.888 0.4000000060
96090  -53.099  24.679  -5.521 0.5000000000
96753  -47.904  25.910  -8.536 0.4000000060
97336  -48.285  26.664  -8.860 0.4000000060
97346  -48.524  27.064  -9.403 0.4000000060
137427  -48.592  24.424  -7.675 0.4000000060
96112  -49.492  23.887  -7.001 0.4000000060
96133  -48.493  25.012  -8.154 0.4000000060
96132  -47.462  25.076  -8.199 0.4000000060
96752  -46.958  25.993  -8.462 0.4000000060
118678  -47.503  26.818  -8.762 0.4000000060
97345  -47.125  27.448  -9.258 0.4000000060
97936  -47.081  27.625  -9.974 0.4000000060
97351  -48.630  27.194  -10.139 0.4000000060
95436  -48.797  23.479  -6.544 0.4000000060
95444  -47.983  23.516  -6.950 0.4000000060
96123  -46.915  24.449  -7.802 0.4000000060
122880  -46.301  26.484  -8.420 0.4000000060
95515  -52.178  23.281  -14.806 0.5000000000
96131  -46.691  25.160  -8.127 0.4000000060
96742  -46.172  25.706  -8.194 0.4000000060
96751  -45.657  26.380  -8.336 0.4000000060
97912  -46.391  27.473  -8.997 0.4000000060
97911  -45.742  27.553  -9.067 0.4000000060
96774  -49.507  25.057  -13.360 0.5000000000
96149  -52.041  24.675  -13.554 0.6000000238
96160  -51.607  23.806  -14.137 0.6000000238
95434  -46.506  23.443  -6.711 0.3000000119
95435  -47.346  23.310  -6.586 0.3000000119
96110  -45.695  24.070  -7.062 0.3000000119
95442  -46.424  24.055  -7.364 0.4000000060
95443  -47.165  23.758  -7.232 0.3000000119
96740  -44.625  25.456  -7.719 0.4000000060
96122  -46.041  24.784  -7.749 0.4000000060
119682  -44.375  26.646  -8.508 0.4000000060
96741  -45.423  25.523  -7.963 0.4000000060
97344  -44.250  27.191  -8.934 0.4000000060
97921  -44.125  27.495  -9.548 0.4000000060
97922  -45.562  27.714  -9.622 0.4000000060
97934  -45.807  27.669  -10.182 0.4000000060
136329  -47.833  25.246  -14.146 0.4000000060
130507  -47.925  25.704  -13.209 0.4000000060
96773  -48.578  25.134  -13.711 0.4000000060
96147  -50.041  24.430  -13.845 0.5000000000
96159  -50.601  23.880  -14.390 0.4000000060
94698  -46.723  22.568  -4.380 0.2000000030
94697  -45.908  22.478  -4.143 0.2000000030
94707  -46.086  22.677  -4.978 0.2000000030
95432  -44.543  23.546  -6.367 0.2000000030
95420  -45.371  23.317  -6.046 0.2000000030
95406  -47.594  22.866  -5.332 0.3000000119
96109  -44.847  24.251  -6.894 0.2000000030
96119  -43.511  24.911  -7.033 0.2000000030
96120  -44.335  24.892  -7.157 0.3000000119
97324  -43.453  25.918  -7.935 0.3000000119
97332  -43.541  26.599  -8.488 0.4000000060
97909  -43.250  27.282  -9.129 0.4000000060
97932  -43.906  27.402  -10.315 0.3000000119
97387  -47.099  26.008  -13.358 0.4000000060
96786  -49.104  24.598  -14.209 0.4000000060
96158  -49.696  24.169  -14.765 0.3000000119
96169  -49.480  24.231  -15.794 0.3000000119
96170  -50.278  23.790  -15.392 0.5000000000
93916  -44.990  22.041  -3.148 0.2000000030
94679  -45.770  22.249  -3.350 0.2000000030
94663  -46.385  22.133  -2.815 0.2000000030
124118  -45.135  22.301  -3.915 0.2000000030
94680  -46.557  22.394  -3.552 0.2000000030
127490  -45.182  22.585  -4.772 0.2000000030
95419  -44.797  23.001  -5.562 0.2000000030
123581  -43.920  23.085  -5.766 0.2000000030
95431  -43.523  23.595  -6.388 0.2000000030
96106  -42.142  24.398  -6.723 0.2000000030
96108  -43.987  24.210  -6.809 0.2000000030
127009  -42.314  25.842  -7.595 0.3000000119
97323  -42.824  26.164  -8.025 0.3000000119
119389  -43.380  27.487  -9.804 0.3000000119
97947  -44.429  27.197  -10.969 0.3000000119
97399  -46.678  25.625  -15.078 0.4000000060
115696  -46.406  26.246  -13.226 0.4000000060
96784  -47.205  25.532  -14.148 0.4000000060
96157  -48.851  24.528  -15.213 0.3000000119
93899  -44.911  21.739  -2.366 0.2000000030
93890  -45.649  21.544  -1.964 0.3000000119
93891  -47.606  21.444  -1.828 0.3000000119
93169  -48.079  20.768  -1.447 0.3000000119
92454  -50.292  19.214  -0.596 0.4000000060
94694  -42.618  22.389  -4.270 0.2000000030
94677  -43.427  22.077  -3.769 0.2000000030
118438  -46.221  21.772  -2.263 0.3000000119
93170  -48.829  20.728  -1.446 0.3000000119
127720  -43.379  22.483  -4.612 0.2000000030
94706  -44.182  22.641  -4.951 0.2000000030
94704  -41.885  23.055  -5.168 0.2000000030
134812  -43.434  22.833  -5.251 0.2000000030
95417  -42.205  23.273  -5.762 0.2000000030
95430  -42.600  23.675  -6.351 0.2000000030
134530  -41.666  24.858  -6.808 0.2000000030
96118  -42.768  24.891  -6.957 0.2000000030
121680  -41.293  26.566  -7.898 0.2000000030
97331  -42.621  26.821  -8.564 0.4000000060
97908  -42.254  27.375  -9.030 0.4000000060
97920  -42.538  27.543  -9.773 0.3000000119
127000  -45.008  26.271  -13.984 0.4000000060
97385  -44.283  26.449  -13.555 0.4000000060
97386  -45.144  26.434  -13.243 0.4000000060
97398  -46.034  25.894  -14.934 0.4000000060
97371  -44.592  26.588  -12.568 0.4000000060
97372  -45.399  26.619  -12.414 0.4000000060
113832  -46.506  25.819  -14.112 0.4000000060
93162  -46.342  20.491  -1.097 0.3000000119
92463  -47.807  20.016  -1.131 0.3000000119
92453  -49.428  19.289  -0.690 0.3000000119
91731  -49.910  18.636  -0.078 0.4000000060
91732  -51.181  18.556  0.595 0.5000000000
95405  -41.263  23.127  -4.796 0.2000000030
96717  -39.228  25.315  -4.669 0.2000000030
96089  -39.985  24.031  -4.645 0.2000000030
95415  -40.705  23.672  -5.103 0.2000000030
96720  -39.344  25.350  -5.466 0.2000000030
96104  -39.888  24.846  -5.867 0.2000000030
96098  -40.951  23.979  -5.873 0.2000000030
95429  -41.732  23.798  -6.215 0.2000000030
96736  -39.883  25.768  -6.925 0.2000000030
96727  -40.386  25.139  -6.594 0.2000000030
96737  -41.605  25.879  -7.479 0.2000000030
97330  -41.796  27.017  -8.487 0.3000000119
97907  -41.552  27.467  -8.901 0.3000000119
97919  -41.680  27.654  -9.476 0.3000000119
97384  -43.298  26.583  -13.559 0.3000000119
97395  -43.702  26.481  -14.373 0.4000000060
91718  -49.635  18.029  0.639 0.3000000119
91063  -49.814  17.529  1.347 0.3000000119
91728  -46.974  19.060  -0.219 0.3000000119
91730  -49.005  18.619  -0.175 0.3000000119
91719  -50.473  18.338  0.671 0.3000000119
125314  -51.049  18.171  1.322 0.4000000060
116145  -38.248  27.469  -4.727 0.2000000030
97311  -38.504  26.676  -4.940 0.2000000030
97315  -39.046  25.897  -5.848 0.2000000030
97897  -38.009  27.362  -6.112 0.2000000030
134300  -38.612  26.996  -6.518 0.2000000030
128499  -40.659  25.919  -7.340 0.2000000030
98450  -37.736  27.963  -6.443 0.2000000030
97900  -38.330  27.638  -6.861 0.2000000030
97321  -39.907  26.461  -7.391 0.2000000030
97902  -40.087  27.198  -7.957 0.2000000030
128531  -40.599  26.703  -7.789 0.2000000030
98454  -38.684  27.938  -7.680 0.2000000030
97905  -39.469  27.731  -8.156 0.2000000030
97906  -40.240  27.716  -8.659 0.3000000119
98459  -40.223  28.069  -9.420 0.3000000119
98466  -39.297  28.486  -10.988 0.3000000119
98463  -40.004  28.236  -10.258 0.3000000119
98472  -40.068  28.103  -12.207 0.3000000119
97959  -41.453  27.334  -12.319 0.3000000119
113750  -41.689  27.368  -13.914 0.3000000119
97383  -42.474  26.875  -13.696 0.3000000119
97930  -41.719  27.612  -10.279 0.3000000119
97969  -41.998  27.133  -13.000 0.3000000119
97978  -43.148  26.672  -15.107 0.3000000119
97396  -44.552  26.333  -14.549 0.3000000119
97397  -45.353  26.117  -14.767 0.4000000060
97394  -42.938  26.652  -14.277 0.4000000060
97406  -46.261  25.932  -15.949 0.3000000119
91053  -50.238  17.199  1.868 0.2000000030
92450  -46.201  19.802  -0.483 0.3000000119
91729  -48.020  18.722  -0.247 0.3000000119
130701  -50.912  17.434  1.894 0.2000000030
98439  -38.760  28.815  -4.194 0.2000000030
98445  -38.196  28.301  -4.680 0.2000000030
97887  -38.777  27.897  -4.146 0.2000000030
97892  -37.773  27.962  -5.271 0.2000000030
97896  -37.617  27.911  -5.894 0.2000000030
98452  -37.384  29.199  -7.208 0.2000000030
98965  -37.439  29.630  -8.050 0.2000000030
98453  -37.852  28.393  -7.210 0.2000000030
98456  -37.695  28.962  -7.853 0.2000000030
98966  -37.859  29.148  -8.630 0.2000000030
98973  -38.610  28.953  -10.790 0.2000000030
98979  -38.438  29.675  -12.126 0.2000000030
99452  -38.256  30.497  -12.158 0.2000000030
98461  -38.650  28.648  -9.056 0.2000000030
98970  -38.676  28.919  -9.962 0.3000000119
98980  -38.783  29.120  -12.468 0.2000000030
98487  -39.565  28.722  -13.424 0.3000000119
98488  -40.116  28.513  -13.910 0.3000000119
98989  -40.151  29.341  -14.495 0.2000000030
98467  -40.165  28.057  -11.165 0.3000000119
98471  -39.369  28.509  -11.859 0.3000000119
97958  -40.661  27.751  -12.682 0.3000000119
97967  -40.509  27.914  -13.451 0.3000000119
133243  -41.487  27.635  -14.668 0.3000000119
97977  -42.233  27.054  -14.696 0.3000000119
97982  -42.550  27.092  -15.751 0.3000000119
97968  -41.177  27.535  -13.269 0.3000000119
90391  -50.701  16.844  2.360 0.2000000030
90392  -51.501  16.989  2.314 0.4000000060
99438  -37.965  30.719  -5.338 0.2000000030
99905  -39.319  31.290  -4.634 0.2000000030
99434  -38.627  30.537  -4.775 0.2000000030
98957  -38.155  29.086  -4.797 0.2000000030
98960  -38.006  29.880  -5.050 0.2000000030
98444  -37.778  28.602  -5.155 0.2000000030
99908  -37.600  30.987  -5.930 0.2000000030
128280  -37.270  29.146  -5.939 0.2000000030
99440  -37.367  30.449  -6.557 0.2000000030
99910  -37.620  31.284  -6.612 0.2000000030
120258  -37.492  31.273  -7.980 0.2000000030
99445  -37.335  30.811  -9.256 0.2000000030
98969  -37.956  29.349  -9.548 0.3000000119
119551  -37.874  30.754  -11.502 0.2000000030
99457  -38.673  30.193  -12.925 0.2000000030
99919  -37.478  31.696  -9.456 0.2000000030
99448  -37.367  31.185  -10.015 0.2000000030
128349  -37.794  30.238  -10.842 0.2000000030
98984  -39.101  29.315  -13.263 0.2000000030
99462  -39.990  30.252  -14.321 0.2000000030
98494  -41.084  28.391  -15.072 0.3000000119
97976  -41.728  27.633  -15.450 0.3000000119
90381  -51.148  16.452  2.480 0.2000000030
100400  -38.817  31.888  -5.261 0.2000000030
100401  -39.638  32.214  -4.877 0.2000000030
100985  -39.623  33.278  -5.872 0.2000000030
100414  -39.255  32.616  -5.542 0.2000000030
100418  -38.429  32.264  -5.967 0.2000000030
99909  -37.858  31.659  -6.088 0.2000000030
100445  -38.404  32.629  -11.142 0.2000000030
99928  -37.962  31.748  -11.408 0.2000000030
99929  -38.683  32.168  -12.107 0.2000000030
99934  -39.180  32.021  -12.882 0.2000000030
99936  -41.121  32.051  -13.505 0.2000000030
99463  -40.629  30.888  -14.492 0.2000000030
99920  -37.695  32.067  -10.396 0.2000000030
99941  -39.292  31.279  -13.355 0.2000000030
99942  -40.275  31.241  -13.892 0.2000000030
99467  -40.410  30.082  -14.851 0.2000000030
125729  -40.652  29.854  -15.360 0.2000000030
98498  -41.383  28.408  -15.982 0.2000000030
98499  -42.053  27.736  -16.347 0.3000000119
100419  -39.066  32.882  -6.156 0.2000000030
100459  -41.707  32.453  -13.518 0.2000000030
101054  -39.002  33.385  -9.892 0.2000000030
100441  -39.061  33.218  -10.701 0.2000000030
100452  -39.685  32.535  -12.386 0.2000000030
100453  -40.667  32.623  -12.522 0.2000000030
99935  -40.145  32.115  -13.179 0.2000000030
100463  -41.571  32.060  -14.132 0.2000000030
116108  -40.729  30.670  -15.277 0.2000000030
100440  -38.352  32.941  -10.148 0.2000000030
101591  -40.885  34.338  -5.697 0.2000000030
114264  -42.640  33.376  -12.982 0.2000000030
100455  -42.061  32.889  -13.255 0.2000000030
101041  -42.126  33.751  -10.056 0.2000000030
101058  -42.280  33.691  -10.979 0.2000000030
101059  -43.030  33.821  -11.464 0.2000000030
101076  -42.438  33.552  -11.854 0.2000000030
101090  -42.010  33.223  -12.449 0.2000000030
101105  -42.029  32.832  -13.962 0.2000000030
101056  -40.659  33.504  -10.343 0.2000000030
101074  -40.909  33.286  -11.178 0.2000000030
101075  -41.727  33.399  -11.496 0.2000000030
100448  -41.199  33.022  -12.020 0.2000000030
125256  -40.814  29.973  -15.997 0.2000000030
101060  -43.883  34.056  -11.003 0.2000000030
101078  -44.458  33.713  -12.197 0.2000000030
101091  -43.534  33.582  -12.877 0.2000000030
134901  -43.402  34.047  -9.971 0.2000000030
101042  -42.906  33.912  -10.481 0.2000000030
133815  -42.990  33.643  -12.363 0.2000000030
101092  -44.548  33.332  -12.934 0.2000000030
91065  -51.655  17.752  1.693 0.4000000060
92464  -48.455  20.155  -1.272 0.3000000119
94708  -46.884  22.739  -5.210 0.2000000030
85186  -55.795  8.538  -8.673 0.1000000015
97923  -46.328  27.727  -9.610 0.4000000060
85905  -44.437  9.291  -4.370 0.1000000015
85959  -53.334  8.912  -7.757 0.1000000015
85969  -54.063  8.651  -8.217 0.1000000015
87245  -45.372  11.645  -2.968 0.1000000015
121373  -47.099  23.054  -5.956 0.3000000119
115132  -45.790  23.462  -6.505 0.2000000030
93915  -44.086  21.855  -2.899 0.2000000030
93900  -45.656  21.936  -2.639 0.3000000119
94695  -43.983  22.296  -4.300 0.2000000030
93168  -46.508  21.267  -1.722 0.3000000119
93167  -45.634  20.997  -1.353 0.3000000119
93163  -47.213  20.637  -1.371 0.3000000119
92451  -47.020  19.887  -0.847 0.3000000119
127730  -47.653  19.411  -0.663 0.3000000119
92452  -48.488  19.438  -0.796 0.3000000119
96097  -40.249  24.257  -5.463 0.2000000030
91064  -50.359  17.801  1.344 0.3000000119
98449  -37.405  28.637  -6.386 0.2000000030
98458  -39.523  28.144  -8.895 0.3000000119
98462  -39.413  28.415  -9.652 0.3000000119
98479  -39.387  28.580  -12.754 0.3000000119
98489  -40.877  27.932  -14.157 0.2000000030
99449  -37.585  31.048  -10.753 0.2000000030
100446  -39.286  32.913  -11.585 0.2000000030
136259  -40.948  32.320  -12.985 0.2000000030
101073  -40.004  33.268  -10.957 0.2000000030
100447  -40.314  32.959  -11.762 0.2000000030
83483  -47.991  6.132  6.781 0.1000000015
83486  -48.167  6.490  6.508 0.1000000015
123451  -48.652  6.507  6.399 0.1000000015
83493  -49.194  6.549  6.083 0.1000000015
89779  -40.858  15.091  -3.039 0.1000000015
134331  -41.361  15.235  -3.445 0.1000000015
89780  -42.120  15.177  -3.571 0.1000000015
89180  -41.689  14.684  -2.805 0.1000000015
89781  -43.034  15.025  -3.714 0.1000000015
89782  -43.890  15.137  -3.927 0.1000000015
127986  -41.518  15.487  -4.221 0.1000000015
89790  -42.536  15.477  -4.261 0.1000000015
125354  -43.281  15.518  -4.205 0.1000000015
89778  -40.573  15.467  -3.720 0.1000000015
89791  -43.886  15.808  -4.403 0.1000000015
89792  -44.654  16.314  -4.314 0.1000000015
91112  -45.299  17.043  -4.344 0.1000000015
91050  -47.701  17.033  1.248 0.2000000030
91061  -47.891  17.568  0.766 0.2000000030
89777  -39.519  15.673  -3.602 0.1000000015
89789  -40.611  15.624  -4.680 0.1000000015
89801  -43.109  15.832  -4.933 0.1000000015
90452  -43.989  16.345  -5.044 0.1000000015
89788  -39.290  15.864  -4.554 0.1000000015
124100  -41.249  15.643  -5.121 0.1000000015
125414  -42.082  15.667  -5.062 0.1000000015
115620  -39.812  15.714  -5.140 0.1000000015
89799  -41.496  15.801  -6.014 0.1000000015
89800  -42.523  15.968  -5.820 0.1000000015
90457  -43.375  16.303  -5.744 0.1000000015
91123  -44.689  16.948  -5.010 0.1000000015
90458  -44.130  16.899  -5.864 0.1000000015
135006  -44.857  17.361  -5.607 0.2000000030
91125  -45.981  17.960  -5.156 0.3000000119
91789  -46.701  18.280  -5.360 0.3000000119
91060  -47.082  17.600  0.821 0.2000000030
91717  -47.504  18.215  0.329 0.2000000030
91716  -46.534  18.386  0.476 0.2000000030
90455  -37.540  16.574  -5.362 0.1000000015
90456  -38.081  16.199  -5.535 0.1000000015
89796  -38.919  15.840  -5.604 0.1000000015
124305  -40.732  15.691  -6.603 0.1000000015
89807  -42.109  15.866  -6.746 0.1000000015
90463  -42.912  16.126  -6.483 0.1000000015
124226  -42.563  15.912  -7.247 0.2000000030
90464  -43.540  16.467  -6.405 0.2000000030
91131  -44.868  17.372  -6.415 0.2000000030
91124  -45.425  17.738  -5.753 0.3000000119
90465  -44.036  16.638  -7.011 0.2000000030
91133  -46.096  18.091  -5.967 0.3000000119
115384  -45.366  17.149  1.434 0.1000000015
91715  -45.079  18.001  1.197 0.1000000015
130326  -45.584  18.551  0.703 0.1000000015
91048  -46.087  17.648  1.071 0.1000000015
129434  -45.118  19.288  0.409 0.1000000015
92445  -45.978  19.184  0.162 0.2000000030
91111  -36.274  16.892  -4.963 0.1000000015
91121  -37.041  16.969  -5.511 0.1000000015
91110  -35.506  17.217  -5.026 0.1000000015
90462  -39.149  15.825  -6.689 0.1000000015
89805  -40.440  15.594  -7.409 0.1000000015
89812  -41.807  15.672  -7.893 0.2000000030
124525  -42.654  15.833  -8.007 0.2000000030
90485  -44.120  15.521  -9.169 0.2000000030
90471  -44.831  17.009  -7.451 0.2000000030
91047  -44.506  17.465  1.451 0.2000000030
92449  -45.389  19.826  -0.122 0.2000000030
93161  -45.527  20.394  -0.734 0.2000000030
91788  -36.864  17.947  -5.816 0.1000000015
91129  -37.505  17.156  -6.165 0.1000000015
90461  -38.595  16.305  -7.035 0.1000000015
116245  -38.326  16.086  -6.269 0.1000000015
91806  -37.535  18.221  -6.404 0.2000000030
122264  -37.888  17.396  -6.732 0.2000000030
90468  -38.790  16.522  -7.646 0.2000000030
89810  -40.126  15.591  -8.259 0.1000000015
91822  -38.093  18.103  -7.101 0.2000000030
91142  -38.342  17.099  -7.324 0.2000000030
122728  -39.193  16.329  -8.109 0.2000000030
90483  -41.317  15.585  -8.773 0.2000000030
90500  -42.453  14.974  -10.253 0.2000000030
90484  -43.000  15.414  -8.884 0.2000000030
128185  -43.848  14.430  -10.555 0.2000000030
90487  -46.013  16.138  -9.486 0.2000000030
93157  -42.987  20.382  -0.281 0.1000000015
92448  -44.688  19.786  0.089 0.2000000030
92447  -43.845  19.989  -0.073 0.1000000015
93165  -43.896  20.740  -0.741 0.1000000015
93889  -44.924  21.339  -1.645 0.1000000015
91823  -38.655  18.014  -7.649 0.2000000030
91143  -38.910  17.117  -7.943 0.2000000030
91156  -39.533  16.998  -8.425 0.2000000030
90481  -40.312  15.863  -8.924 0.2000000030
121951  -41.679  15.567  -9.593 0.2000000030
90498  -41.374  16.134  -9.734 0.2000000030
89822  -42.432  14.758  -11.610 0.2000000030
131921  -43.752  14.109  -11.834 0.2000000030
89824  -44.630  14.730  -11.165 0.2000000030
93888  -43.550  21.292  -1.365 0.1000000015
114640  -43.317  21.594  -2.038 0.1000000015
135721  -43.664  21.682  -2.438 0.1000000015
94675  -41.542  22.390  -3.305 0.1000000015
93914  -43.119  21.788  -2.836 0.1000000015
92505  -38.959  18.768  -7.933 0.2000000030
91833  -40.197  18.025  -8.543 0.2000000030
91834  -40.777  17.365  -9.185 0.2000000030
91157  -40.159  16.708  -8.901 0.2000000030
91832  -39.328  18.017  -8.105 0.2000000030
90497  -40.749  16.383  -9.313 0.2000000030
91842  -41.440  17.682  -9.562 0.2000000030
90514  -42.473  15.368  -12.054 0.2000000030
89835  -43.429  14.250  -12.555 0.2000000030
91178  -42.758  16.075  -12.000 0.2000000030
89848  -43.540  14.749  -13.094 0.2000000030
89836  -44.243  14.562  -12.499 0.2000000030
91848  -43.167  17.267  -10.671 0.2000000030
90516  -43.842  15.543  -12.774 0.2000000030
89849  -44.962  15.196  -11.854 0.2000000030
119316  -45.096  15.712  -11.700 0.2000000030
120973  -47.072  16.309  -12.030 0.2000000030
90528  -47.357  15.605  -12.183 0.2000000030
130688  -47.897  16.286  -12.319 0.2000000030
96068  -42.369  24.704  1.514 0.1000000015
96072  -40.597  24.344  0.220 0.1000000015
126632  -41.791  26.184  0.854 0.1000000015
97291  -43.799  26.790  1.774 0.1000000015
98403  -43.989  28.247  0.949 0.1000000015
98405  -45.493  28.842  1.143 0.1000000015
98406  -47.072  28.820  1.271 0.1000000015
98929  -47.301  30.010  -0.305 0.1000000015
93886  -41.940  21.991  -1.113 0.1000000015
95387  -40.536  23.706  -0.855 0.1000000015
97294  -40.784  25.940  -0.195 0.1000000015
97295  -41.413  26.507  0.220 0.1000000015
97877  -43.300  27.889  0.559 0.1000000015
98404  -44.791  28.185  1.390 0.1000000015
124024  -45.403  29.653  0.558 0.1000000015
125877  -46.302  30.099  -0.004 0.1000000015
99381  -47.076  30.332  -0.113 0.1000000015
94660  -40.855  22.879  -2.207 0.1000000015
96082  -40.022  24.595  -2.093 0.1000000015
96703  -40.379  25.298  -0.785 0.1000000015
94674  -40.776  22.832  -3.465 0.1000000015
95391  -40.010  24.023  -2.535 0.1000000015
94692  -41.247  22.702  -4.090 0.1000000015
91850  -44.185  17.698  -10.629 0.2000000030
91851  -45.107  18.076  -10.671 0.1000000015
91186  -45.581  17.237  -11.171 0.2000000030
91180  -44.574  16.706  -11.354 0.2000000030
91187  -46.264  16.555  -11.524 0.2000000030
91189  -47.636  17.457  -11.763 0.2000000030
126802  -48.612  16.701  -12.404 0.2000000030
89866  -48.523  15.864  -12.556 0.2000000030
97876  -42.676  27.594  0.164 0.1000000015
97863  -43.499  27.392  1.208 0.1000000015
97298  -41.431  26.689  -0.684 0.1000000015
97875  -42.025  27.201  -0.214 0.1000000015
98426  -43.267  28.270  -0.197 0.1000000015
127761  -44.118  29.011  0.462 0.1000000015
99394  -44.472  30.759  0.416 0.1000000015
99859  -45.127  31.033  0.633 0.1000000015
96710  -40.383  26.029  -2.493 0.1000000015
97301  -41.439  26.938  -1.598 0.1000000015
97882  -42.111  27.415  -1.189 0.1000000015
122916  -39.467  24.798  -3.514 0.1000000015
96709  -39.963  25.281  -2.442 0.1000000015
92527  -44.619  19.136  -10.470 0.1000000015
92528  -45.382  19.099  -10.826 0.1000000015
91857  -46.722  18.773  -11.248 0.1000000015
126327  -46.313  17.750  -11.203 0.1000000015
91195  -48.364  17.547  -12.048 0.2000000030
91196  -49.137  17.580  -12.279 0.2000000030
91197  -50.041  17.446  -12.526 0.2000000030
90537  -49.258  16.466  -12.600 0.2000000030
97890  -41.556  28.019  -3.226 0.1000000015
129466  -41.240  27.523  -2.933 0.1000000015
97885  -42.553  28.205  -2.535 0.1000000015
96714  -39.228  25.293  -3.967 0.1000000015
126099  -39.348  26.006  -3.802 0.1000000015
97303  -39.976  26.023  -3.154 0.1000000015
93237  -44.448  20.293  -10.614 0.1000000015
114803  -46.030  19.627  -11.163 0.1000000015
91858  -47.419  18.414  -11.404 0.1000000015
91859  -48.089  18.552  -11.574 0.1000000015
91865  -48.830  18.606  -11.949 0.1000000015
98441  -40.906  28.388  -3.493 0.1000000015
98442  -41.943  28.664  -3.369 0.1000000015
97889  -40.783  27.563  -3.263 0.1000000015
99432  -41.116  30.588  -3.567 0.1000000015
97307  -38.889  26.887  -4.138 0.1000000015
98440  -39.639  28.421  -3.727 0.1000000015
99431  -40.309  30.010  -3.727 0.1000000015
99897  -40.681  31.380  -3.800 0.1000000015
130047  -41.182  33.087  -3.218 0.1000000015
121031  -43.303  34.412  -2.005 0.1000000015
96713  -38.949  25.989  -4.455 0.1000000015
100972  -41.166  33.699  -3.712 0.1000000015
101584  -41.570  34.279  -4.166 0.1000000015
101579  -43.089  34.507  -3.694 0.1000000015
123779  -44.028  34.655  -2.537 0.1000000015
102149  -45.441  35.418  -1.599 0.1000000015
114587  -42.037  34.520  -4.716 0.1000000015
101594  -43.274  34.575  -5.149 0.1000000015
114337  -43.762  34.583  -4.353 0.1000000015
92537  -48.473  19.464  -11.664 0.1000000015
91866  -49.660  18.602  -12.258 0.1000000015
136428  -50.685  17.782  -12.527 0.1000000015
125977  -47.199  37.398  0.970 0.1000000015
103184  -47.815  37.493  1.470 0.1000000015
103194  -48.160  37.337  0.628 0.1000000015
103208  -48.083  37.021  -0.149 0.1000000015
102709  -47.831  36.732  -1.511 0.1000000015
116273  -46.691  36.352  -1.182 0.1000000015
102700  -46.642  36.657  -0.405 0.1000000015
98952  -39.475  29.423  -3.904 0.1000000015
99896  -40.182  30.936  -4.008 0.1000000015
99906  -40.102  31.791  -4.241 0.1000000015
102718  -47.146  36.256  -2.099 0.1000000015
101583  -41.317  34.341  -4.941 0.1000000015
101580  -44.645  34.653  -3.898 0.1000000015
101581  -46.241  34.896  -3.903 0.1000000015
125919  -39.905  33.691  -6.291 0.1000000015
115229  -42.191  34.504  -6.643 0.1000000015
132137  -43.764  34.586  -5.880 0.1000000015
101595  -44.600  34.581  -5.618 0.1000000015
101609  -46.319  34.462  -6.601 0.1000000015
99914  -38.146  32.365  -7.634 0.1000000015
101010  -39.351  33.436  -7.447 0.1000000015
101606  -43.052  34.461  -6.735 0.1000000015
101624  -44.376  34.442  -7.176 0.1000000015
114384  -45.001  34.461  -6.950 0.1000000015
101610  -47.168  34.375  -6.886 0.1000000015
91867  -50.489  18.514  -12.496 0.1000000015
103717  -50.775  38.676  1.988 0.1000000015
103195  -49.285  37.655  0.779 0.1000000015
104833  -51.094  40.662  2.424 0.1000000015
104851  -51.070  40.411  1.311 0.1000000015
103718  -51.143  39.430  1.517 0.1000000015
103196  -49.966  37.714  0.250 0.1000000015
103209  -49.157  37.265  -0.096 0.1000000015
103730  -51.003  39.187  0.371 0.1000000015
122350  -49.485  37.298  -0.940 0.1000000015
103223  -48.524  36.998  -0.839 0.1000000015
102719  -48.304  36.620  -2.334 0.1000000015
103211  -50.410  38.272  -1.251 0.1000000015
103224  -49.178  37.083  -1.704 0.1000000015
113588  -49.652  36.913  -2.469 0.1000000015
102728  -48.797  36.311  -3.136 0.1000000015
102160  -47.523  35.998  -2.860 0.1000000015
102171  -47.057  35.194  -3.920 0.1000000015
118037  -48.032  34.455  -6.370 0.1000000015
101611  -48.894  34.160  -6.663 0.1000000015
101597  -48.212  34.732  -5.533 0.1000000015
100996  -49.594  33.706  -6.945 0.1000000015
123621  -40.721  34.030  -7.210 0.1000000015
101621  -41.649  34.233  -7.514 0.1000000015
129296  -47.923  34.203  -7.042 0.1000000015
101012  -48.411  33.919  -7.407 0.1000000015
101009  -38.646  33.093  -8.018 0.1000000015
101620  -40.862  34.028  -8.085 0.1000000015
101635  -41.566  34.060  -8.374 0.1000000015
114383  -44.251  34.378  -7.950 0.1000000015
101639  -45.722  34.420  -7.937 0.1000000015
101627  -47.349  34.214  -7.698 0.1000000015
119394  -48.998  33.693  -7.878 0.1000000015
101031  -50.712  33.597  -8.254 0.1000000015
101039  -40.418  33.698  -9.510 0.1000000015
93248  -47.339  20.288  -11.554 0.1000000015
92543  -49.220  19.530  -12.068 0.1000000015
93257  -48.549  20.566  -12.222 0.1000000015
93249  -48.140  20.183  -11.666 0.1000000015
93259  -50.080  20.463  -12.794 0.1000000015
92544  -50.130  19.630  -12.451 0.1000000015
93266  -51.197  20.592  -13.734 0.1000000015
93267  -52.062  20.311  -14.054 0.1000000015
104274  -51.185  39.860  -0.090 0.1000000015
103742  -50.647  38.805  -0.517 0.1000000015
121774  -50.225  37.660  -1.548 0.1000000015
102729  -50.280  36.727  -3.146 0.1000000015
102169  -49.700  36.098  -3.727 0.1000000015
134897  -48.556  35.758  -3.801 0.1000000015
102173  -48.986  35.528  -4.349 0.1000000015
101598  -49.178  34.537  -5.863 0.1000000015
101612  -50.412  34.069  -6.025 0.1000000015
102174  -50.329  35.695  -4.289 0.1000000015
102179  -49.464  35.113  -5.033 0.1000000015
101599  -51.520  34.485  -5.196 0.1000000015
101014  -51.340  33.621  -7.180 0.1000000015
101046  -51.657  33.736  -9.049 0.1000000015
101040  -41.292  33.718  -9.745 0.1000000015
101648  -42.764  33.946  -9.584 0.1000000015
101637  -44.157  34.276  -8.821 0.1000000015
101641  -47.191  34.205  -8.632 0.1000000015
101043  -47.832  34.007  -9.110 0.1000000015
101029  -48.622  33.794  -8.821 0.1000000015
101030  -49.589  33.663  -8.570 0.1000000015
101065  -51.083  33.779  -10.208 0.1000000015
101653  -47.145  34.188  -9.651 0.1000000015
131028  -48.375  33.914  -9.606 0.1000000015
101044  -49.184  33.831  -9.720 0.1000000015
93256  -47.785  20.739  -12.136 0.1000000015
131084  -47.429  21.311  -12.794 0.1000000015
93986  -48.227  21.078  -12.769 0.1000000015
93263  -48.894  20.880  -12.739 0.1000000015
93258  -49.357  20.377  -12.387 0.1000000015
93994  -48.688  21.211  -13.431 0.1000000015
93264  -49.513  20.950  -13.202 0.1000000015
94011  -49.229  21.321  -14.895 0.1000000015
93995  -49.135  21.272  -13.998 0.1000000015
93265  -50.374  20.796  -13.473 0.1000000015
94012  -50.025  21.175  -15.143 0.1000000015
93275  -49.838  21.174  -14.148 0.1000000015
94813  -54.044  22.763  -16.969 0.3000000119
93290  -50.104  20.936  -16.081 0.1000000015
93291  -50.827  20.898  -15.373 0.1000000015
93276  -50.677  21.010  -14.393 0.1000000015
94820  -52.994  22.577  -17.982 0.3000000119
94821  -53.773  22.417  -17.777 0.3000000119
93277  -51.518  20.729  -14.633 0.1000000015
94826  -52.794  22.444  -18.666 0.3000000119
94827  -53.597  22.239  -18.647 0.3000000119
94822  -54.579  22.155  -17.506 0.3000000119
94828  -54.361  21.910  -18.486 0.3000000119
94058  -55.156  21.438  -18.107 0.3000000119
94837  -54.289  21.927  -19.651 0.3000000119
94071  -54.935  21.447  -19.234 0.3000000119
94072  -55.671  20.932  -18.594 0.3000000119
118061  -52.766  19.733  -17.784 0.2000000030
92622  -53.394  19.407  -18.671 0.2000000030
92623  -55.029  19.929  -19.190 0.3000000119
104875  -50.953  40.005  -0.193 0.1000000015
104286  -50.519  39.437  -0.764 0.1000000015
103225  -50.555  38.277  -1.932 0.1000000015
102720  -50.596  37.304  -2.711 0.1000000015
102734  -50.956  36.379  -3.793 0.1000000015
102180  -51.000  35.098  -4.725 0.1000000015
101613  -51.920  33.915  -5.664 0.1000000015
118730  -51.780  33.684  -7.955 0.1000000015
101032  -52.853  34.017  -8.234 0.1000000015
117203  -52.091  33.862  -9.996 0.1000000015
124895  -45.753  34.316  -9.871 0.1000000015
101062  -47.167  34.022  -10.857 0.1000000015
101063  -48.487  33.973  -10.467 0.1000000015
120742  -49.165  33.971  -10.789 0.1000000015
101064  -50.011  33.861  -10.524 0.1000000015
133951  -51.848  33.875  -10.813 0.1000000015
97404  -44.973  26.322  -15.483 0.2000000030
98531  -45.743  28.234  -18.427 0.1000000015
93993  -47.901  21.415  -13.615 0.1000000015
97416  -47.047  26.122  -18.139 0.1000000015
96798  -48.231  25.279  -17.800 0.2000000030
96173  -48.744  24.725  -17.279 0.2000000030
96174  -49.338  24.319  -16.775 0.2000000030
95526  -50.826  23.386  -16.095 0.4000000060
98014  -47.490  27.521  -18.450 0.1000000015
97417  -47.858  25.957  -18.249 0.1000000015
123197  -49.847  24.058  -17.164 0.2000000030
97418  -48.834  25.791  -18.292 0.1000000015
96799  -49.159  24.999  -18.049 0.2000000030
122714  -49.801  24.579  -18.032 0.3000000119
95536  -50.518  23.579  -17.189 0.4000000060
95527  -51.770  22.992  -15.773 0.4000000060
95528  -52.789  22.954  -15.545 0.4000000060
97419  -49.714  25.703  -18.366 0.1000000015
96802  -50.062  25.133  -18.390 0.2000000030
96178  -50.039  24.064  -17.801 0.3000000119
95537  -51.426  23.022  -16.811 0.4000000060
95538  -52.395  22.771  -16.514 0.3000000119
95539  -53.399  22.802  -16.268 0.4000000060
94027  -49.378  21.245  -15.809 0.1000000015
96181  -50.510  24.399  -18.370 0.3000000119
95544  -51.214  23.196  -17.776 0.3000000119
95545  -52.155  22.774  -17.524 0.4000000060
96182  -51.164  24.729  -18.864 0.2000000030
95547  -51.233  23.765  -18.592 0.3000000119
94812  -53.116  22.682  -17.172 0.3000000119
96183  -51.544  24.577  -19.290 0.3000000119
120134  -52.370  22.675  -18.237 0.3000000119
94835  -52.434  22.460  -19.225 0.3000000119
94082  -54.840  21.471  -20.250 0.3000000119
118611  -54.311  19.465  -19.438 0.2000000030
93353  -55.046  21.065  -20.436 0.3000000119
93354  -55.174  20.555  -19.399 0.3000000119
94083  -55.193  21.026  -19.491 0.3000000119
92642  -54.737  20.195  -20.220 0.3000000119
101066  -52.759  34.126  -10.512 0.1000000015
101661  -45.766  33.992  -11.191 0.1000000015
101061  -46.449  33.683  -11.842 0.1000000015
101081  -48.449  34.034  -11.588 0.1000000015
101082  -49.689  34.097  -11.508 0.1000000015
101083  -50.940  33.996  -11.344 0.1000000015
101084  -52.098  34.183  -11.376 0.1000000015
115166  -45.047  33.130  -12.768 0.1000000015
101080  -46.577  32.786  -12.861 0.1000000015
101670  -47.767  33.981  -12.446 0.1000000015
101671  -49.109  34.288  -12.158 0.1000000015
101672  -50.343  34.388  -12.026 0.1000000015
101686  -51.633  34.848  -12.104 0.1000000015
99948  -41.135  31.413  -14.681 0.1000000015
99471  -40.956  30.022  -16.935 0.1000000015
98997  -41.127  29.186  -16.474 0.1000000015
99007  -41.464  29.232  -17.252 0.1000000015
98504  -42.423  27.937  -17.108 0.1000000015
97987  -44.014  27.033  -16.901 0.2000000030
97411  -45.846  26.191  -16.378 0.2000000030
96789  -47.442  25.288  -15.126 0.3000000119
96785  -48.258  24.903  -14.657 0.3000000119
135466  -45.009  30.044  -18.543 0.1000000015
97998  -45.972  27.349  -18.288 0.1000000015
97415  -46.580  26.037  -17.328 0.2000000030
97413  -47.274  25.677  -17.112 0.2000000030
99022  -46.183  29.130  -18.524 0.1000000015
98532  -46.457  28.229  -18.471 0.1000000015
97999  -46.558  26.424  -18.079 0.2000000030
96795  -47.993  25.046  -16.738 0.2000000030
96168  -48.718  24.632  -16.258 0.2000000030
98013  -46.634  27.285  -18.358 0.1000000015
98000  -47.673  26.775  -18.415 0.1000000015
98533  -47.246  28.294  -18.505 0.1000000015
98015  -48.411  27.546  -18.487 0.1000000015
97429  -48.640  26.663  -18.416 0.1000000015
98001  -49.880  26.601  -18.399 0.1000000015
96803  -50.861  25.400  -18.743 0.2000000030
96804  -51.403  25.711  -19.237 0.3000000119
95548  -51.862  23.174  -18.984 0.3000000119
96190  -51.804  24.495  -19.687 0.3000000119
92604  -51.755  20.129  -17.628 0.2000000030
118232  -51.806  23.199  -19.578 0.3000000119
94836  -53.301  22.152  -19.352 0.3000000119
126981  -53.796  21.933  -20.040 0.3000000119
92621  -52.174  19.688  -18.505 0.2000000030
93360  -54.782  20.747  -21.183 0.3000000119
101048  -53.587  34.624  -9.694 0.1000000015
101033  -53.677  34.681  -8.492 0.1000000015
101067  -53.331  34.599  -10.393 0.1000000015
101675  -52.741  34.915  -11.402 0.1000000015
102226  -52.261  35.151  -11.842 0.1000000015
101093  -45.381  32.923  -13.115 0.1000000015
134255  -46.747  32.707  -13.090 0.1000000015
101683  -48.559  34.440  -12.489 0.1000000015
101684  -49.832  34.638  -12.309 0.1000000015
102224  -50.413  34.929  -12.406 0.1000000015
129451  -51.822  35.432  -12.135 0.1000000015
101101  -44.110  33.601  -13.042 0.1000000015
101679  -44.741  33.678  -13.235 0.1000000015
102221  -46.961  34.039  -13.122 0.1000000015
127088  -48.487  35.203  -12.496 0.1000000015
102782  -49.405  35.858  -12.375 0.1000000015
102783  -50.405  35.723  -12.360 0.1000000015
100466  -41.446  32.087  -15.217 0.1000000015
101109  -41.624  33.183  -15.464 0.1000000015
116403  -40.991  31.747  -16.094 0.1000000015
99955  -40.958  31.758  -16.991 0.1000000015
120482  -41.089  30.932  -17.372 0.1000000015
99480  -41.743  31.017  -18.156 0.1000000015
124300  -41.525  30.093  -17.658 0.1000000015
98515  -42.879  28.413  -17.580 0.1000000015
97996  -44.382  27.342  -17.594 0.2000000030
99490  -42.720  30.703  -18.422 0.1000000015
99009  -43.356  28.935  -18.030 0.1000000015
98516  -43.854  28.080  -17.805 0.1000000015
97988  -45.016  26.793  -17.168 0.2000000030
97989  -45.701  26.420  -17.058 0.2000000030
97407  -46.910  25.643  -16.018 0.3000000119
100480  -43.342  32.219  -18.482 0.1000000015
137558  -44.299  29.949  -18.526 0.1000000015
99021  -44.649  29.232  -18.416 0.1000000015
98530  -45.032  28.334  -18.353 0.1000000015
97990  -46.099  26.471  -17.766 0.2000000030
127828  -46.611  25.880  -16.612 0.2000000030
96790  -48.080  24.952  -15.686 0.3000000119
95514  -51.172  23.374  -15.042 0.4000000060
99491  -44.392  30.846  -18.570 0.1000000015
118858  -45.364  30.885  -18.562 0.1000000015
116992  -44.873  31.641  -18.588 0.1000000015
118857  -46.254  30.892  -18.569 0.1000000015
122490  -46.666  30.034  -18.545 0.1000000015
118856  -47.151  30.870  -18.593 0.1000000015
121956  -47.535  30.014  -18.567 0.1000000015
99024  -47.868  29.182  -18.574 0.1000000015
98535  -49.090  28.362  -18.548 0.1000000015
98016  -49.565  27.603  -18.445 0.1000000015
99025  -48.797  29.173  -18.580 0.1000000015
98017  -50.491  27.359  -18.389 0.1000000015
98536  -50.516  28.236  -18.446 0.1000000015
98018  -51.265  27.561  -18.518 0.1000000015
121433  -50.883  26.929  -18.429 0.1000000015
125941  -51.194  26.354  -18.888 0.2000000030
93306  -49.420  21.012  -16.623 0.1000000015
97431  -51.505  27.033  -18.695 0.1000000015
97432  -51.720  26.791  -19.147 0.1000000015
93305  -48.737  21.223  -16.956 0.1000000015
93326  -49.268  20.828  -17.458 0.1000000015
96813  -51.871  26.259  -19.598 0.3000000119
92603  -50.752  20.310  -17.873 0.1000000015
136348  -51.765  25.406  -19.599 0.3000000119
92620  -51.328  19.966  -18.426 0.2000000030
95552  -52.632  22.143  -19.748 0.3000000119
94852  -54.399  21.685  -20.514 0.3000000119
92640  -52.619  19.205  -19.227 0.1000000015
92641  -53.558  18.952  -19.579 0.2000000030
92649  -54.175  19.203  -20.327 0.3000000119
134157  -54.428  19.839  -21.180 0.3000000119
132284  -52.925  35.461  -10.829 0.1000000015
125529  -52.157  36.712  -11.928 0.1000000015
125880  -51.645  36.753  -12.225 0.1000000015
101099  -42.350  33.350  -13.539 0.1000000015
101690  -43.504  34.020  -13.323 0.1000000015
102219  -45.272  34.336  -13.083 0.1000000015
102780  -46.712  35.305  -12.616 0.1000000015
102781  -47.659  35.955  -12.413 0.1000000015
103314  -49.884  36.849  -12.391 0.1000000015
127810  -41.915  33.311  -14.656 0.1000000015
102228  -42.623  35.435  -13.546 0.1000000015
102777  -43.943  36.044  -12.924 0.1000000015
101696  -41.563  34.099  -15.948 0.1000000015
101694  -41.949  34.838  -14.597 0.1000000015
101116  -41.582  33.056  -17.717 0.1000000015
101111  -41.430  33.474  -16.368 0.1000000015
101117  -42.062  33.166  -18.149 0.1000000015
100479  -42.292  32.428  -18.382 0.1000000015
121879  -42.554  33.975  -18.192 0.1000000015
101119  -43.830  33.052  -18.485 0.1000000015
100481  -44.355  32.344  -18.530 0.1000000015
116990  -46.719  31.733  -18.621 0.1000000015
118855  -48.066  30.840  -18.628 0.1000000015
130828  -49.836  29.080  -18.487 0.1000000015
99026  -49.411  30.009  -18.549 0.1000000015
121954  -50.420  30.040  -18.464 0.1000000015
120638  -50.942  29.254  -18.480 0.1000000015
98537  -51.623  28.500  -18.550 0.1000000015
98538  -52.126  27.866  -18.770 0.2000000030
98019  -52.156  27.570  -18.777 0.2000000030
98020  -52.920  27.844  -19.284 0.2000000030
97447  -52.332  27.173  -19.512 0.2000000030
93344  -49.858  20.442  -18.060 0.1000000015
125045  -50.521  19.932  -18.740 0.1000000015
96814  -52.155  26.459  -19.879 0.2000000030
96828  -52.125  25.712  -20.040 0.3000000119
95560  -51.735  23.052  -19.850 0.3000000119
96198  -51.984  24.522  -20.025 0.3000000119
92639  -51.546  19.512  -19.158 0.1000000015
94091  -54.186  21.475  -21.066 0.3000000119
91949  -54.011  18.931  -21.252 0.3000000119
91950  -54.151  19.543  -21.839 0.3000000119
137669  -52.402  36.276  -11.589 0.1000000015
103316  -51.757  37.531  -12.206 0.1000000015
126375  -45.806  35.234  -12.694 0.1000000015
129819  -46.889  36.519  -12.415 0.1000000015
103313  -48.663  36.499  -12.365 0.1000000015
103315  -50.911  37.557  -12.543 0.1000000015
102789  -43.506  36.714  -13.388 0.1000000015
124938  -44.980  35.820  -12.726 0.1000000015
102779  -45.933  36.415  -12.540 0.1000000015
125392  -47.678  37.270  -12.387 0.1000000015
127807  -48.932  37.593  -12.491 0.1000000015
127457  -49.921  37.849  -12.696 0.1000000015
101697  -41.750  34.839  -15.506 0.1000000015
102233  -42.026  35.593  -15.082 0.1000000015
101699  -41.528  34.034  -16.845 0.1000000015
124329  -42.022  34.464  -17.309 0.1000000015
101704  -43.238  34.667  -18.285 0.1000000015
136221  -44.244  33.688  -18.481 0.1000000015
101707  -44.131  34.434  -18.452 0.1000000015
118866  -44.735  33.110  -18.525 0.1000000015
125874  -45.108  34.040  -18.464 0.1000000015
118865  -45.653  33.221  -18.551 0.1000000015
100483  -46.191  32.524  -18.613 0.1000000015
116989  -47.666  31.696  -18.596 0.1000000015
99974  -48.600  31.658  -18.584 0.1000000015
118854  -49.013  30.838  -18.631 0.1000000015
99492  -50.037  30.889  -18.508 0.1000000015
135294  -51.341  30.079  -18.496 0.1000000015
99027  -52.012  29.494  -18.558 0.1000000015
99028  -52.621  28.722  -18.701 0.1000000015
98539  -52.944  28.154  -18.918 0.1000000015
97458  -52.476  27.102  -19.813 0.2000000030
97457  -52.328  26.607  -19.946 0.2000000030
128223  -50.768  19.394  -19.367 0.1000000015
96846  -51.957  25.075  -20.364 0.2000000030
94850  -52.396  22.042  -20.126 0.3000000119
126680  -52.139  18.758  -19.663 0.1000000015
94868  -53.229  21.555  -20.775 0.3000000119
91935  -52.898  18.343  -19.884 0.1000000015
91936  -53.518  18.443  -20.434 0.1000000015
94111  -54.394  20.942  -21.531 0.3000000119
92657  -53.930  19.702  -22.185 0.2000000030
93376  -54.355  20.248  -21.825 0.3000000119
103308  -52.327  36.946  -11.452 0.1000000015
103317  -52.116  37.539  -11.703 0.1000000015
103844  -49.295  38.490  -12.727 0.1000000015
126362  -51.211  38.430  -12.648 0.1000000015
128072  -44.681  37.413  -12.995 0.1000000015
103312  -46.496  37.406  -12.451 0.1000000015
137295  -42.936  36.915  -14.545 0.1000000015
103320  -43.993  37.492  -13.614 0.1000000015
102235  -42.136  35.456  -16.124 0.1000000015
102797  -42.523  36.236  -15.780 0.1000000015
102239  -42.360  35.173  -17.104 0.1000000015
126853  -43.009  37.019  -15.433 0.1000000015
102800  -43.040  36.788  -16.462 0.1000000015
102240  -43.078  35.543  -17.812 0.1000000015
102241  -43.830  36.049  -17.970 0.1000000015
123484  -44.886  35.009  -18.447 0.1000000015
127623  -46.122  33.981  -18.525 0.1000000015
100484  -47.319  32.805  -18.541 0.1000000015
128359  -48.219  32.391  -18.494 0.1000000015
116899  -49.144  32.637  -18.415 0.1000000015
99975  -49.592  31.722  -18.525 0.1000000015
99493  -51.129  30.888  -18.483 0.1000000015
99494  -52.223  30.645  -18.593 0.1000000015
99029  -53.208  28.802  -18.909 0.1000000015
98547  -53.287  28.435  -19.184 0.1000000015
98038  -52.946  27.379  -20.217 0.2000000030
98037  -52.251  26.945  -20.233 0.2000000030
96213  -51.753  24.089  -20.337 0.2000000030
95570  -51.602  22.900  -20.165 0.2000000030
94867  -52.092  21.971  -20.414 0.2000000030
94110  -53.636  20.984  -21.534 0.3000000119
93375  -53.950  20.319  -22.023 0.3000000119
103830  -52.072  38.033  -10.619 0.1000000015
103836  -52.187  38.317  -11.306 0.1000000015
136341  -51.652  38.823  -12.352 0.1000000015
103842  -47.021  38.281  -12.475 0.1000000015
103321  -45.100  38.218  -13.047 0.1000000015
103852  -45.527  38.986  -13.104 0.1000000015
103327  -43.336  37.496  -14.781 0.1000000015
103324  -44.127  38.262  -14.089 0.1000000015
103851  -44.710  38.852  -13.709 0.1000000015
128539  -43.459  37.710  -15.477 0.1000000015
103329  -43.420  37.503  -16.247 0.1000000015
102803  -43.379  36.552  -17.392 0.1000000015
103862  -43.723  38.064  -16.997 0.1000000015
103332  -43.808  37.373  -17.535 0.1000000015
101708  -45.754  34.765  -18.520 0.1000000015
134211  -45.418  35.440  -18.537 0.1000000015
102804  -44.089  36.699  -18.011 0.1000000015
101120  -46.994  33.848  -18.604 0.1000000015
96211  -50.920  23.963  -21.033 0.2000000030
96827  -52.019  26.042  -20.261 0.2000000030
132342  -51.454  23.797  -20.610 0.2000000030
94866  -51.230  22.823  -20.636 0.2000000030
117374  -51.673  21.816  -20.750 0.2000000030
94109  -52.582  21.340  -20.982 0.3000000119
93374  -53.246  20.115  -22.074 0.2000000030
93392  -53.628  19.751  -22.262 0.1000000015
125528  -52.095  38.908  -11.655 0.1000000015
103843  -48.181  38.362  -12.571 0.1000000015
103845  -50.307  38.509  -12.838 0.1000000015
103841  -45.980  38.269  -12.620 0.1000000015
104436  -47.480  39.210  -12.664 0.1000000015
95569  -50.330  23.088  -21.150 0.2000000030
94865  -50.816  22.083  -21.100 0.2000000030
124083  -52.736  20.724  -21.478 0.2000000030
93373  -52.105  20.198  -21.700 0.1000000015
92672  -53.173  19.361  -22.319 0.1000000015
92671  -51.918  18.608  -22.128 0.1000000015
95568  -49.223  23.240  -21.466 0.1000000015
94864  -49.750  22.276  -21.545 0.1000000015
94107  -49.564  21.488  -21.860 0.1000000015
93372  -50.950  20.469  -21.732 0.1000000015
92656  -52.534  19.439  -22.139 0.1000000015
92655  -51.401  19.564  -21.999 0.1000000015
94862  -47.896  23.384  -22.001 0.1000000015
95579  -47.632  23.665  -22.567 0.1000000015
93391  -50.255  19.874  -22.224 0.1000000015
89865  -48.000  15.594  -12.361 0.2000000030
89850  -45.866  15.517  -11.697 0.2000000030
119871  -44.031  16.314  -8.098 0.2000000030
90502  -45.004  15.171  -9.850 0.2000000030
94676  -42.465  22.130  -3.502 0.1000000015
97405  -45.669  26.136  -15.657 0.3000000119
95404  -40.497  23.327  -4.209 0.1000000015
95403  -39.879  23.905  -3.918 0.1000000015
123995  -48.562  17.962  0.492 0.2000000030
118533  -43.547  26.797  -16.028 0.2000000030
118703  -40.184  27.721  -3.526 0.1000000015
97308  -39.927  26.886  -3.548 0.1000000015
99441  -37.420  30.871  -7.329 0.1000000015
97986  -42.988  27.329  -16.616 0.2000000030
99435  -39.411  30.342  -4.196 0.1000000015
99913  -37.725  31.622  -7.385 0.1000000015
99911  -38.050  32.019  -6.722 0.1000000015
100428  -37.717  31.905  -8.189 0.1000000015
100435  -37.877  32.510  -9.430 0.1000000015
127466  -40.655  33.885  -5.042 0.1000000015
100402  -40.279  32.619  -4.334 0.1000000015
100994  -38.719  32.801  -6.921 0.1000000015
100995  -39.979  33.742  -6.956 0.1000000015
101038  -39.531  33.609  -9.280 0.1000000015
101024  -38.588  33.234  -9.099 0.1000000015
122959  -41.771  32.656  -14.645 0.1000000015
99952  -40.990  31.374  -15.454 0.1000000015
101592  -41.826  34.578  -5.645 0.1000000015
101605  -41.251  34.390  -6.510 0.1000000015
101100  -43.019  33.715  -13.170 0.1000000015
101660  -44.621  34.189  -10.414 0.1000000015
101102  -44.957  33.156  -13.158 0.1000000015
101649  -44.061  34.187  -9.767 0.1000000015
93166  -44.846  20.852  -1.014 0.1000000015
127847  -45.355  17.480  -5.011 0.3000000119
91051  -48.620  17.209  1.251 0.2000000030
135048  -39.979  15.692  -4.307 0.1000000015
124059  -38.849  15.981  -3.990 0.1000000015
120951  -38.581  15.836  -3.261 0.1000000015
89797  -39.642  15.687  -5.977 0.1000000015
89798  -40.502  15.687  -5.736 0.1000000015
89806  -41.249  15.692  -7.131 0.1000000015
91122  -37.702  16.486  -5.968 0.1000000015
117993  -40.012  15.680  -6.681 0.1000000015
123202  -43.240  16.145  -7.142 0.2000000030
122865  -44.660  18.735  0.850 0.1000000015
91120  -36.175  17.447  -5.367 0.1000000015
89804  -39.705  15.707  -7.490 0.1000000015
124760  -42.066  15.474  -8.952 0.2000000030
89811  -40.904  15.482  -8.084 0.2000000030
90470  -43.391  16.122  -7.841 0.2000000030
93160  -44.715  20.288  -0.414 0.1000000015
91130  -38.011  16.665  -6.612 0.1000000015
90469  -39.113  15.983  -7.546 0.2000000030
89816  -40.705  15.621  -8.668 0.2000000030
90480  -39.716  16.072  -8.551 0.2000000030
90501  -43.140  14.488  -10.032 0.2000000030
89823  -42.989  14.160  -11.466 0.2000000030
93884  -42.902  21.070  -0.772 0.1000000015
119381  -44.287  21.173  -1.335 0.1000000015
90499  -42.089  15.622  -10.595 0.2000000030
89834  -42.831  14.603  -12.608 0.2000000030
93887  -42.690  21.603  -1.436 0.1000000015
93883  -42.293  21.490  -0.728 0.1000000015
93896  -42.107  22.080  -1.915 0.1000000015
94661  -41.499  22.396  -2.436 0.1000000015
92512  -41.185  18.631  -8.861 0.2000000030
91167  -41.114  16.851  -9.686 0.2000000030
91168  -41.662  16.729  -10.146 0.2000000030
91177  -42.315  16.423  -10.963 0.2000000030
122500  -44.242  14.924  -12.674 0.2000000030
91179  -43.460  16.280  -11.975 0.2000000030
90527  -46.291  15.574  -11.721 0.2000000030
96696  -42.516  25.803  1.440 0.1000000015
96069  -43.151  25.086  1.933 0.1000000015
96695  -41.742  25.234  0.997 0.1000000015
96067  -41.675  24.257  1.040 0.1000000015
96699  -40.506  25.097  0.092 0.1000000015
96077  -40.347  24.438  -0.439 0.1000000015
94652  -40.687  23.623  -0.004 0.1000000015
96701  -42.089  26.937  0.549 0.1000000015
96700  -41.083  25.677  0.490 0.1000000015
97290  -43.049  26.635  1.397 0.1000000015
118798  -44.234  27.521  1.560 0.1000000015
98427  -43.660  28.637  0.295 0.1000000015
125542  -44.913  27.538  1.850 0.1000000015
98428  -44.677  28.942  0.794 0.1000000015
98911  -47.598  29.526  0.376 0.1000000015
98910  -46.461  29.482  0.574 0.1000000015
99860  -46.031  30.544  0.373 0.1000000015
94658  -41.445  22.490  -1.597 0.1000000015
94656  -41.397  22.572  -0.676 0.1000000015
95389  -40.428  23.639  -1.802 0.1000000015
96080  -40.246  24.342  -1.351 0.1000000015
97297  -40.863  26.159  -1.167 0.1000000015
98928  -44.434  29.812  0.399 0.1000000015
99395  -45.296  30.335  0.442 0.1000000015
95392  -40.406  23.384  -2.547 0.1000000015
124744  -40.196  23.491  -3.280 0.1000000015
91856  -45.874  18.473  -11.006 0.1000000015
97880  -42.820  27.847  -0.757 0.1000000015
99848  -45.621  31.369  0.995 0.1000000015
97304  -40.658  26.806  -2.902 0.1000000015
118033  -42.072  27.602  -2.074 0.1000000015
98954  -41.344  29.454  -3.533 0.1000000015
98953  -40.317  29.149  -3.630 0.1000000015
100390  -40.689  32.105  -3.800 0.1000000015
127523  -41.569  33.563  -3.003 0.1000000015
100382  -41.509  32.708  -2.662 0.1000000015
101561  -43.326  34.465  -1.133 0.1000000015
101571  -42.489  34.082  -2.320 0.1000000015
113937  -43.981  34.821  -1.664 0.1000000015
125298  -42.273  34.437  -3.928 0.1000000015
101578  -42.463  34.330  -3.157 0.1000000015
114721  -43.938  34.589  -3.398 0.1000000015
123107  -44.738  34.733  -3.051 0.1000000015
101574  -45.384  34.927  -2.823 0.1000000015
102148  -44.604  35.230  -1.251 0.1000000015
102699  -45.878  36.231  -0.420 0.1000000015
102708  -46.254  35.759  -1.838 0.1000000015
102158  -45.770  35.250  -2.351 0.1000000015
114336  -42.829  34.597  -5.941 0.1000000015
114387  -43.998  34.572  -5.140 0.1000000015
103728  -49.599  37.919  1.580 0.1000000015
114217  -45.387  34.679  -4.341 0.1000000015
114386  -45.362  34.603  -5.248 0.1000000015
102167  -46.834  35.412  -3.327 0.1000000015
102166  -46.048  35.085  -3.068 0.1000000015
101588  -46.864  34.891  -4.524 0.1000000015
101587  -46.106  34.672  -4.805 0.1000000015
136230  -43.335  34.540  -6.303 0.1000000015
101607  -44.493  34.522  -6.426 0.1000000015
101596  -46.155  34.566  -5.700 0.1000000015
101608  -45.376  34.523  -6.266 0.1000000015
101625  -45.663  34.452  -7.160 0.1000000015
114385  -46.714  34.680  -5.206 0.1000000015
116602  -47.122  34.525  -5.930 0.1000000015
123921  -39.351  33.584  -8.381 0.1000000015
101011  -40.054  33.859  -7.802 0.1000000015
101622  -42.674  34.305  -7.474 0.1000000015
101623  -43.567  34.378  -7.385 0.1000000015
114382  -45.017  34.414  -7.608 0.1000000015
101626  -46.446  34.407  -7.442 0.1000000015
104832  -50.224  40.401  3.046 0.1000000015
102178  -48.323  35.099  -4.872 0.1000000015
101028  -48.017  33.915  -8.221 0.1000000015
101026  -41.042  33.941  -8.922 0.1000000015
114194  -43.301  34.207  -8.268 0.1000000015
101636  -42.756  34.046  -8.866 0.1000000015
101638  -44.977  34.375  -8.411 0.1000000015
125162  -43.400  34.121  -9.187 0.1000000015
101640  -46.473  34.368  -8.245 0.1000000015
101651  -45.717  34.412  -8.803 0.1000000015
101652  -46.448  34.346  -9.198 0.1000000015
117038  -51.762  23.013  -18.240 0.3000000119
115203  -51.267  36.940  -3.694 0.1000000015
113835  -47.179  33.620  -12.066 0.1000000015
97983  -45.356  26.413  -16.342 0.2000000030
94092  -54.774  21.354  -20.968 0.3000000119
101079  -45.760  33.049  -12.651 0.1000000015
101669  -46.901  33.147  -13.055 0.1000000015
98505  -43.413  27.626  -17.328 0.1000000015
114124  -45.554  26.834  -17.815 0.2000000030
99023  -46.978  29.127  -18.545 0.1000000015
101680  -45.631  33.109  -13.303 0.1000000015
135244  -47.987  34.477  -12.657 0.1000000015
102218  -44.371  34.793  -13.046 0.1000000015
102220  -46.212  34.033  -13.174 0.1000000015
100469  -41.232  32.598  -16.398 0.1000000015
101693  -41.797  34.063  -15.053 0.1000000015
99971  -41.740  31.877  -18.308 0.1000000015
98517  -44.690  27.741  -18.096 0.2000000030
99020  -43.859  29.461  -18.353 0.1000000015
99973  -43.445  31.253  -18.522 0.1000000015
98529  -44.250  28.575  -18.189 0.1000000015
116991  -45.771  31.676  -18.615 0.1000000015
94851  -53.599  21.738  -20.430 0.3000000119
117026  -42.511  33.920  -13.698 0.1000000015
102217  -43.437  34.966  -13.224 0.1000000015
102788  -42.747  36.378  -13.837 0.1000000015
134061  -43.119  36.001  -13.209 0.1000000015
102778  -44.570  36.645  -12.836 0.1000000015
101703  -42.566  34.694  -17.818 0.1000000015
98031  -53.164  28.009  -19.602 0.1000000015
131995  -45.122  36.807  -12.669 0.1000000015
96212  -51.528  24.580  -20.777 0.2000000030
116878  -44.494  38.076  -13.474 0.1000000015
97472  -51.574  26.593  -20.686 0.2000000030
120696  -46.055  39.651  -13.227 0.1000000015
103857  -44.331  38.931  -14.598 0.1000000015
103339  -44.383  37.444  -18.146 0.1000000015
94108  -50.432  21.384  -21.592 0.1000000015
134087  -51.612  21.119  -21.238 0.1000000015
95567  -48.397  23.716  -21.690 0.1000000015
86607  -47.814  10.086  -3.623 0.1000000015
121958  -48.203  15.298  1.995 0.1000000015
90386  -45.658  16.333  1.706 0.1000000015
89720  -46.866  15.590  2.081 0.1000000015
131184  -48.961  15.582  2.019 0.1000000015
90388  -47.499  16.344  1.755 0.1000000015
89722  -48.442  16.070  2.004 0.1000000015
89724  -50.376  16.144  2.389 0.1000000015
91062  -49.247  17.539  1.064 0.1000000015
124371  -44.008  17.070  1.587 0.1000000015
120101  -43.582  17.692  1.549 0.1000000015
91049  -46.826  16.932  1.335 0.1000000015
90390  -49.940  16.684  2.126 0.1000000015
91052  -49.515  17.116  1.627 0.1000000015
90389  -49.091  16.607  1.781 0.1000000015
120747  -48.290  16.629  1.608 0.1000000015
131693  -46.100  16.845  1.453 0.1000000015
129420  -47.124  15.995  2.035 0.1000000015
90387  -46.586  16.229  1.816 0.1000000015
83554  -50.121  6.268  -3.095 0.1000000015
83570  -49.841  6.382  -3.933 0.1000000015
82768  -49.168  5.905  -4.168 0.1000000015
83555  -51.009  6.408  -2.858 0.1000000015
83572  -51.567  6.785  -3.468 0.1000000015
130561  -49.228  5.505  -4.932 0.1000000015
83586  -49.709  6.032  -4.825 0.1000000015
83571  -50.694  6.635  -3.725 0.1000000015
82776  -48.889  5.004  -5.523 0.1000000015
81164  -48.643  3.950  -6.447 0.1000000015
83587  -50.416  6.605  -4.688 0.1000000015
82782  -49.441  5.457  -5.789 0.1000000015
83588  -51.385  7.003  -4.472 0.1000000015
123862  -49.062  4.673  -6.286 0.1000000015
131838  -52.107  7.088  -3.946 0.1000000015
131725  -49.959  5.643  -6.304 0.1000000015
82788  -49.583  4.954  -6.532 0.1000000015
82783  -50.107  6.220  -5.664 0.1000000015
80276  -48.647  3.651  -6.782 0.1000000015
82037  -49.159  4.402  -6.692 0.1000000015
82042  -49.752  4.765  -6.966 0.1000000015
83611  -51.415  6.774  -6.497 0.1000000015
123472  -48.761  3.626  -7.396 0.1000000015
82041  -49.212  4.202  -7.305 0.1000000015
83612  -52.326  7.099  -6.427 0.1000000015
84404  -53.283  7.262  -6.241 0.1000000015
81179  -48.959  3.809  -7.964 0.1000000015
113656  -52.993  7.090  -7.144 0.1000000015
83613  -53.983  7.097  -6.935 0.1000000015
84405  -54.225  7.226  -6.048 0.1000000015
82047  -49.337  4.291  -8.328 0.1000000015
82054  -49.774  5.022  -8.720 0.1000000015
128573  -50.377  5.405  -8.960 0.1000000015
133695  -50.877  5.545  -9.390 0.1000000015
83650  -52.455  6.194  -9.789 0.1000000015
83651  -53.189  6.478  -9.485 0.1000000015
114404  -55.694  6.376  -9.100 0.1000000015
115117  -55.741  6.447  -8.363 0.1000000015
83661  -54.846  6.489  -10.160 0.1000000015
82789  -50.227  5.383  -6.835 0.1000000015
83610  -50.559  6.261  -6.429 0.1000000015
82790  -51.096  6.098  -7.251 0.1000000015
82794  -50.324  5.378  -7.450 0.1000000015
113678  -52.058  6.744  -7.242 0.1000000015
82048  -49.726  4.870  -7.778 0.1000000015
82795  -51.037  5.847  -8.122 0.1000000015
83624  -51.841  6.381  -8.044 0.1000000015
83626  -53.756  6.899  -7.838 0.1000000015
83638  -52.552  6.470  -8.707 0.1000000015
83639  -53.543  6.670  -8.674 0.1000000015
83627  -54.810  6.858  -7.647 0.1000000015
82801  -50.990  5.690  -8.838 0.1000000015
122576  -52.291  6.234  -9.283 0.1000000015
83640  -54.674  6.680  -8.552 0.1000000015
116369  -55.710  6.624  -7.369 0.1000000015
84395  -52.600  7.320  -5.484 0.1000000015
83614  -54.927  6.934  -6.689 0.1000000015
83625  -52.768  6.758  -7.957 0.1000000015
82800  -50.328  5.398  -8.289 0.1000000015
130096  -54.514  6.559  -9.429 0.1000000015
83660  -53.910  6.512  -10.190 0.1000000015
114403  -55.588  6.400  -9.767 0.1000000015
91843  -42.264  17.787  -10.002 0.1000000015
91849  -43.770  18.753  -10.170 0.1000000015
92496  -37.143  19.245  -6.479 0.1000000015
92497  -37.768  18.884  -6.935 0.1000000015
92504  -38.317  19.039  -7.520 0.1000000015
92510  -39.694  19.132  -8.246 0.1000000015
98553  -53.070  28.266  -20.260 0.1000000015
98049  -52.572  27.649  -20.362 0.1000000015
96845  -50.282  25.621  -21.234 0.1000000015
116477  -51.400  25.561  -20.847 0.1000000015
98562  -52.349  28.205  -20.755 0.1000000015
98048  -51.727  27.578  -20.794 0.1000000015
127964  -50.970  27.153  -21.017 0.1000000015
96844  -49.224  25.633  -21.393 0.1000000015
136611  -50.380  24.402  -21.238 0.1000000015
96210  -49.056  24.210  -21.442 0.1000000015
98561  -51.303  28.675  -21.260 0.1000000015
99052  -50.417  29.291  -21.750 0.1000000015
98047  -50.646  27.944  -21.222 0.1000000015
97470  -49.661  26.463  -21.335 0.1000000015
97469  -48.721  26.391  -21.584 0.1000000015
98559  -49.227  28.150  -21.830 0.1000000015
98055  -48.672  27.700  -22.167 0.1000000015
98571  -49.164  28.418  -22.201 0.1000000015
97471  -50.711  26.430  -21.093 0.1000000015
114143  -50.790  24.825  -21.150 0.1000000015
124952  -50.117  27.262  -21.291 0.1000000015
98046  -49.765  28.106  -21.547 0.1000000015
98045  -49.147  27.339  -21.593 0.1000000015
83488  -50.190  6.234  6.792 0.2000000030
83616  -57.266  6.434  -6.712 0.2000000030
83637  -51.707  6.082  -8.776 0.1000000015
83676  -58.300  7.148  -11.069 0.1000000015
84354  -59.277  7.375  1.987 0.6999999881
84424  -58.632  7.357  -9.946 0.1000000015
84434  -57.564  7.298  -11.685 0.1000000015
85208  -58.260  8.118  -10.006 0.1000000015
85226  -58.059  8.111  -10.864 0.1000000015
85227  -58.545  7.708  -10.398 0.1000000015
85244  -56.723  8.008  -12.297 0.1000000015
85835  -50.408  9.427  1.350 0.1000000015
87897  -51.237  12.514  -1.120 0.6999999881
88510  -47.362  13.713  1.587 0.1000000015
88514  -51.576  13.903  2.013 0.4000000060
89118  -52.399  14.935  2.060 0.6000000238
89120  -54.756  14.281  1.820 0.6999999881
89123  -59.259  14.627  1.468 0.8999999762
89721  -47.571  15.737  2.074 0.1000000015
89734  -59.379  15.425  0.471 0.8999999762
89755  -47.848  15.557  -1.947 0.5000000000
89830  -54.815  15.825  -9.638 0.6999999881
89845  -54.455  15.630  -10.339 0.6000000238
89851  -47.872  15.391  -12.137 0.3000000119
89857  -53.545  15.428  -11.227 0.4000000060
89872  -53.909  15.580  -11.455 0.4000000060
90398  -58.547  16.276  1.117 1.0000000000
90405  -53.186  16.314  -0.739 0.6000000238
90482  -41.015  15.816  -9.148 0.2000000030
90515  -43.062  15.361  -12.789 0.2000000030
90540  -52.426  16.428  -12.384 0.3000000119
90543  -54.909  16.743  -12.144 0.5000000000
91067  -56.971  17.959  0.845 1.0000000000
91153  -56.461  17.481  -7.320 1.0000000000
91171  -48.902  17.035  -9.375 0.3000000119
91188  -46.926  17.536  -11.452 0.1000000015
91211  -55.180  17.463  -13.581 0.5000000000
91711  -54.953  18.063  1.404 0.8999999762
91772  -50.390  18.464  -4.576 0.6000000238
91957  -53.758  18.938  -21.996 0.2000000030
92460  -55.633  19.538  -0.674 1.0000000000
92538  -56.780  19.593  -11.743 0.6999999881
92554  -57.412  19.929  -13.641 0.4000000060
93171  -49.431  20.475  -1.440 0.4000000060
93172  -50.055  20.558  -1.585 0.5000000000
93232  -53.304  20.644  -9.822 0.8000000119
93241  -55.320  20.719  -11.155 0.6999999881
93251  -57.313  20.375  -12.222 0.6999999881
93897  -42.712  21.798  -2.208 0.1000000015
93898  -44.122  21.542  -1.994 0.1000000015
93901  -46.925  21.834  -2.295 0.3000000119
93933  -56.450  21.469  -6.640 1.0000000000
93943  -53.987  22.091  -8.421 0.8999999762
93945  -55.898  21.325  -7.212 1.0000000000
93962  -53.312  21.545  -9.740 0.8000000119
93971  -55.423  21.481  -11.443 0.8000000119
94657  -40.936  23.084  -1.270 0.1000000015
94662  -42.236  22.064  -2.718 0.1000000015
94665  -48.039  22.232  -2.710 0.3000000119
94678  -44.366  22.131  -3.740 0.2000000030
94693  -41.905  22.710  -4.579 0.2000000030
94696  -44.571  22.371  -4.341 0.2000000030
94705  -42.636  22.843  -5.070 0.2000000030
94709  -56.750  22.914  -5.362 1.0000000000
94729  -53.705  22.742  -8.854 0.8999999762
95394  -39.717  24.247  -3.365 0.1000000015
95413  -56.264  23.943  -4.448 1.0000000000
95416  -41.452  23.464  -5.509 0.2000000030
95418  -43.042  23.153  -5.832 0.2000000030
95421  -46.191  23.076  -5.836 0.2000000030
95433  -45.257  23.728  -6.608 0.2000000030
95437  -49.632  23.521  -6.298 0.4000000060
95438  -50.521  23.696  -6.251 0.5000000000
95492  -56.805  23.050  -12.233 0.6999999881
95543  -50.604  23.720  -18.056 0.3000000119
96073  -41.037  24.748  0.603 0.1000000015
96076  -40.252  24.781  -0.990 0.1000000015
96084  -39.699  24.691  -2.863 0.1000000015
96088  -39.486  24.589  -4.124 0.1000000015
96096  -39.632  24.698  -5.041 0.2000000030
96100  -53.830  25.100  -5.424 0.6000000238
96105  -41.206  24.515  -6.498 0.2000000030
96107  -43.082  24.234  -6.760 0.2000000030
96111  -48.682  23.954  -7.267 0.4000000060
96121  -45.151  24.833  -7.388 0.3000000119
96124  -47.895  24.245  -7.662 0.4000000060
96175  -50.038  23.912  -16.398 0.4000000060
96706  -40.135  25.013  -1.520 0.1000000015
96707  -40.414  25.675  -1.734 0.1000000015
96719  -38.909  25.971  -5.181 0.2000000030
96723  -54.521  25.841  -5.849 0.6000000238
96726  -39.566  25.484  -6.257 0.2000000030
96728  -41.255  25.257  -6.962 0.2000000030
96729  -42.101  25.244  -7.109 0.2000000030
96733  -54.576  26.028  -6.447 0.6999999881
96738  -42.969  25.488  -7.421 0.3000000119
96739  -43.835  25.440  -7.521 0.3000000119
96749  -44.112  26.005  -8.107 0.4000000060
96750  -44.886  26.161  -8.248 0.4000000060
96758  -54.755  26.587  -7.998 0.6999999881
96765  -56.978  26.052  -11.641 0.6999999881
96775  -50.528  25.127  -13.101 0.6000000238
96794  -47.486  25.331  -16.125 0.3000000119
97300  -40.847  26.465  -2.059 0.1000000015
97305  -41.326  27.228  -2.393 0.1000000015
97314  -38.528  26.596  -5.784 0.2000000030
97317  -39.202  26.291  -6.601 0.2000000030
97322  -42.081  26.412  -7.996 0.3000000119
97329  -40.956  27.244  -8.406 0.3000000119
97333  -45.138  27.086  -8.663 0.4000000060
97334  -46.000  27.126  -8.619 0.4000000060
97335  -46.729  27.014  -8.666 0.4000000060
97341  -53.362  27.016  -7.505 0.6000000238
97342  -54.111  27.155  -7.838 0.6999999881
97359  -45.756  26.855  -11.591 0.5000000000
97366  -56.540  26.645  -11.625 0.6999999881
97370  -43.697  26.591  -12.708 0.4000000060
97375  -47.795  26.207  -12.329 0.6000000238
97379  -51.940  27.655  -12.723 0.6999999881
97380  -56.428  26.895  -11.898 0.6999999881
97403  -44.075  26.478  -15.309 0.3000000119
97412  -46.154  26.086  -16.835 0.2000000030
97430  -50.667  26.197  -18.574 0.1000000015
97862  -42.793  27.201  0.858 0.1000000015
97884  -41.866  27.794  -2.760 0.1000000015
97888  -39.444  27.535  -3.801 0.1000000015
97894  -38.036  27.303  -5.467 0.2000000030
97901  -39.199  27.187  -7.316 0.2000000030
97910  -44.975  27.579  -9.261 0.4000000060
97918  -40.927  27.956  -9.949 0.3000000119
97927  -54.096  27.357  -8.780 0.6999999881
97929  -41.004  27.744  -10.795 0.3000000119
97931  -43.031  27.294  -10.464 0.3000000119
97933  -44.894  27.612  -10.081 0.3000000119
97937  -47.825  27.356  -9.816 0.4000000060
97943  -40.862  27.686  -11.724 0.3000000119
97946  -43.509  27.052  -11.143 0.4000000060
97953  -51.874  28.528  -11.708 0.6999999881
97962  -53.845  27.975  -12.462 0.6999999881
97963  -54.580  27.681  -12.099 0.6999999881
97972  -55.290  27.293  -12.158 0.6999999881
97997  -45.040  27.145  -17.879 0.2000000030
98436  -42.180  28.265  -3.047 0.1000000015
98447  -37.463  28.528  -5.688 0.2000000030
98457  -38.268  28.552  -8.139 0.2000000030
98473  -51.983  28.638  -12.181 0.6999999881
98476  -53.895  28.168  -11.990 0.6999999881
98480  -39.983  28.183  -13.101 0.3000000119
98482  -53.366  28.408  -12.231 0.6999999881
98493  -40.530  28.646  -14.568 0.2000000030
98503  -41.643  28.433  -16.878 0.1000000015
98514  -42.058  28.627  -17.369 0.1000000015
98518  -45.362  27.520  -18.219 0.1000000015
98534  -48.130  28.343  -18.527 0.1000000015
98560  -50.244  28.664  -21.510 0.1000000015
98581  -49.334  28.504  -22.969 0.1000000015
98959  -37.594  29.196  -5.392 0.2000000030
98961  -37.267  29.562  -6.516 0.2000000030
98963  -37.259  30.043  -7.325 0.2000000030
98968  -37.420  29.911  -8.990 0.2000000030
98972  -38.065  29.526  -10.442 0.2000000030
98975  -38.161  29.746  -11.379 0.2000000030
98976  -38.667  28.977  -11.615 0.2000000030
98985  -39.637  29.370  -13.919 0.3000000119
98990  -40.585  29.258  -15.032 0.2000000030
98994  -40.892  29.184  -15.650 0.2000000030
99008  -42.317  29.306  -17.794 0.1000000015
99019  -42.985  29.794  -18.296 0.1000000015
99051  -49.675  28.805  -21.849 0.1000000015
99437  -37.433  29.997  -5.776 0.2000000030
99443  -37.354  30.554  -8.249 0.2000000030
99446  -37.523  30.255  -10.012 0.2000000030
99453  -38.620  31.320  -12.687 0.2000000030
99461  -39.405  30.278  -13.705 0.2000000030
99469  -40.829  30.910  -16.345 0.1000000015
99481  -42.193  30.143  -18.165 0.1000000015
99904  -38.544  31.199  -5.122 0.2000000030
99916  -37.453  31.390  -8.681 0.2000000030
99943  -41.048  31.509  -14.072 0.2000000030
99960  -41.269  31.782  -17.837 0.1000000015
99972  -42.508  31.595  -18.451 0.1000000015
100429  -38.050  32.595  -8.545 0.1000000015
100434  -37.630  32.069  -8.866 0.2000000030
100454  -41.446  32.626  -12.877 0.2000000030
100472  -41.227  32.517  -17.426 0.1000000015
100478  -41.580  32.479  -18.090 0.1000000015
100482  -45.252  32.404  -18.598 0.1000000015
100971  -40.751  32.948  -3.701 0.1000000015
100976  -40.053  33.113  -5.120 0.2000000030
100977  -41.016  33.995  -4.412 0.1000000015
100986  -40.208  33.807  -5.726 0.2000000030
100997  -50.974  33.660  -6.477 0.1000000015
101013  -50.127  33.568  -7.486 0.1000000015
101025  -40.197  33.843  -8.667 0.1000000015
101027  -41.985  33.924  -9.102 0.1000000015
101045  -50.293  33.719  -9.377 0.1000000015
101047  -52.949  34.107  -9.367 0.1000000015
101055  -39.782  33.472  -10.118 0.2000000030
101057  -41.495  33.557  -10.613 0.2000000030
101077  -43.727  33.734  -12.238 0.2000000030
101094  -46.302  32.729  -13.162 0.1000000015
101106  -42.148  33.845  -14.212 0.1000000015
101114  -41.367  33.293  -17.103 0.1000000015
101115  -41.836  33.786  -17.645 0.1000000015
101118  -42.890  33.132  -18.414 0.1000000015
101572  -43.237  34.459  -2.851 0.1000000015
101573  -44.873  34.944  -2.176 0.1000000015
101577  -41.796  34.174  -3.436 0.1000000015
101585  -42.814  34.538  -4.493 0.1000000015
101586  -44.614  34.611  -4.759 0.1000000015
101589  -47.458  34.838  -5.065 0.1000000015
101593  -42.536  34.574  -5.175 0.1000000015
101604  -40.446  34.080  -6.390 0.1000000015
101650  -44.932  34.306  -9.459 0.1000000015
101654  -53.567  34.695  -9.860 0.1000000015
101662  -46.454  34.168  -10.409 0.1000000015
101663  -52.875  34.534  -11.083 0.1000000015
101664  -53.234  34.905  -10.731 0.1000000015
101668  -44.985  33.901  -11.599 0.1000000015
101673  -51.380  34.469  -11.896 0.1000000015
101674  -52.198  34.643  -11.702 0.1000000015
101678  -44.030  34.065  -13.270 0.1000000015
101681  -46.617  33.101  -13.298 0.1000000015
101682  -47.385  33.898  -12.956 0.1000000015
101685  -50.840  34.718  -12.211 0.1000000015
101689  -42.265  34.747  -13.906 0.1000000015
101700  -41.813  34.712  -16.476 0.1000000015
101706  -43.455  33.837  -18.430 0.1000000015
101709  -46.599  34.617  -18.655 0.1000000015
102159  -46.580  35.616  -2.601 0.1000000015
102168  -47.712  35.669  -3.569 0.1000000015
102172  -47.790  35.295  -4.319 0.1000000015
102214  -52.685  35.540  -11.377 0.1000000015
102222  -47.548  34.764  -12.666 0.1000000015
102223  -49.539  35.008  -12.492 0.1000000015
102225  -51.138  35.135  -12.323 0.1000000015
102231  -42.184  35.614  -14.178 0.1000000015
102236  -42.721  35.987  -16.818 0.1000000015
102243  -43.945  35.300  -18.306 0.1000000015
102244  -44.655  35.931  -18.333 0.1000000015
102707  -45.910  35.834  -1.159 0.1000000015
102730  -50.903  37.128  -3.320 0.1000000015
102774  -52.416  35.954  -10.482 0.1000000015
102775  -52.536  36.225  -11.160 0.1000000015
102784  -51.383  35.923  -12.265 0.1000000015
102785  -52.241  35.870  -11.839 0.1000000015
102790  -44.147  36.892  -13.115 0.1000000015
102794  -42.470  36.340  -14.749 0.1000000015
102795  -43.305  37.166  -14.036 0.1000000015
103183  -46.942  37.350  1.664 0.1000000015
103210  -50.156  37.794  -0.563 0.1000000015
103240  -50.179  37.386  -2.158 0.1000000015
103241  -50.637  37.808  -2.335 0.1000000015
103311  -45.531  37.460  -12.648 0.1000000015
103323  -43.695  37.753  -14.297 0.1000000015
103331  -43.421  37.281  -16.971 0.1000000015
103741  -50.450  38.322  0.101 0.1000000015
103751  -50.446  38.852  -1.424 0.1000000015
103846  -51.934  38.196  -12.051 0.1000000015
103853  -46.435  39.036  -12.709 0.1000000015
103856  -43.776  38.235  -14.948 0.1000000015
104253  -51.601  40.262  1.957 0.1000000015
104265  -51.116  39.942  0.945 0.1000000015
104300  -50.067  39.328  -1.640 0.1000000015
104843  -51.381  40.625  2.091 0.1000000015
104862  -50.888  40.279  0.547 0.1000000015
104863  -51.188  40.104  0.366 0.1000000015
112559  -59.968  8.966  2.385 0.8999999762
112563  -60.396  9.099  2.064 0.8999999762
112572  -59.224  13.255  2.379 0.8999999762
112580  -53.551  11.924  1.530 0.4000000060
112585  -59.353  12.947  1.728 0.8999999762
112597  -53.683  12.417  0.552 0.8000000119
113738  -47.819  34.034  -10.082 0.1000000015
113764  -44.549  26.633  -16.232 0.2000000030
113791  -53.023  6.331  -10.165 0.1000000015
114018  -42.322  34.135  -8.263 0.1000000015
114296  -48.637  37.621  1.279 0.1000000015
114889  -49.950  23.962  -21.296 0.2000000030
115020  -40.969  27.748  -9.124 0.3000000119
116139  -52.002  25.555  -19.882 0.2000000030
116625  -56.862  18.988  -0.127 1.0000000000
116911  -49.760  26.559  -12.081 0.6999999881
117688  -39.554  25.280  -3.322 0.1000000015
117698  -41.921  22.414  -3.962 0.1000000015
119091  -46.455  33.273  -18.565 0.1000000015
119305  -38.701  29.699  -4.423 0.2000000030
119407  -55.072  25.512  -5.397 0.8000000119
119773  -48.067  12.366  1.631 0.1000000015
119778  -49.784  24.808  -21.340 0.1000000015
119911  -47.838  34.001  -11.047 0.1000000015
120634  -51.305  16.627  -1.506 0.6000000238
120803  -42.837  34.434  -13.474 0.1000000015
121777  -47.228  17.850  -3.388 0.6000000238
121955  -48.453  30.018  -18.602 0.1000000015
121970  -54.785  27.398  -11.123 0.6999999881
122367  -45.761  26.103  -13.912 0.4000000060
122689  -40.623  33.404  -4.356 0.1000000015
124508  -43.609  30.364  -18.512 0.1000000015
124550  -40.989  22.617  -2.872 0.1000000015
124624  -51.037  13.794  2.025 0.3000000119
125170  -45.415  34.802  -3.503 0.1000000015
125282  -44.122  38.033  -17.703 0.1000000015
125356  -57.280  20.334  -12.935 0.5000000000
125449  -45.414  29.155  -18.482 0.1000000015
125796  -50.910  36.580  -12.355 0.1000000015
125844  -45.785  26.421  -13.034 0.5000000000
126972  -47.642  16.967  -2.323 0.5000000000
127003  -39.214  28.576  -10.310 0.3000000119
127420  -52.226  37.760  -11.123 0.1000000015
128201  -38.202  31.332  -12.044 0.2000000030
128350  -50.330  34.668  -5.367 0.1000000015
129338  -39.424  33.326  -6.593 0.1000000015
129525  -51.942  36.120  -12.084 0.1000000015
129735  -49.456  24.455  -17.557 0.2000000030
130367  -58.995  12.957  2.770 0.8999999762
130443  -41.886  30.062  -3.378 0.1000000015
130497  -40.610  22.978  -2.898 0.1000000015
130599  -52.792  27.548  -19.623 0.2000000030
130808  -45.830  30.068  -18.536 0.1000000015
130901  -40.512  24.504  -6.094 0.2000000030
131508  -54.938  26.352  -13.388 0.6999999881
132084  -42.391  26.589  1.064 0.1000000015
132258  -59.331  14.955  0.338 0.8999999762
132274  -39.505  15.792  -8.060 0.2000000030
132393  -52.304  38.463  -10.964 0.1000000015
132419  -56.278  12.586  2.416 0.8000000119
132423  -42.230  34.247  -17.788 0.1000000015
132589  -54.974  9.094  -1.569 0.6999999881
132937  -47.873  27.175  -9.171 0.4000000060
133312  -55.815  6.412  -4.545 0.2000000030
133374  -51.631  17.379  -12.580 0.3000000119
133430  -43.785  34.492  -6.649 0.1000000015
133438  -55.454  14.321  2.064 0.8000000119
133543  -52.989  29.689  -18.783 0.1000000015
133716  -38.920  28.190  -8.397 0.2000000030
133787  -44.090  31.670  -18.533 0.1000000015
133887  -38.111  31.498  -5.597 0.2000000030
134429  -51.621  16.519  2.410 0.5000000000
134789  -53.454  10.179  1.527 0.3000000119
134829  -49.755  28.335  -18.464 0.1000000015
135128  -45.541  22.925  -5.433 0.2000000030
135265  -55.010  26.050  -7.791 0.6999999881
135454  -43.068  19.915  0.052 0.1000000015
135519  -47.501  27.380  -10.278 0.5000000000
136020  -48.778  20.095  -11.924 0.1000000015
136276  -53.758  27.704  -12.931 0.6999999881
136712  -42.540  33.454  -12.438 0.2000000030
136866  -40.160  24.152  -1.934 0.1000000015
136902  -54.130  27.504  -9.452 0.6999999881
137031  -47.471  26.082  -12.851 0.4000000060
137204  -46.997  26.801  -18.316 0.1000000015
137402  -55.437  17.718  1.444 0.8999999762
137495  -47.525  12.361  1.664 0.1000000015
137499  -45.217  34.200  -10.463 0.1000000015
137646  -40.541  27.990  -10.505 0.3000000119
