
Thu Mar 12 16:27:00 CET 2026
cd /out/sourcedata/freesurfer/sub-v1s20x0050286_ses-1
setenv SUBJECTS_DIR /out/sourcedata/freesurfer
/opt/freesurfer/bin/recon-all -autorecon-hemi rh -noparcstats -noparcstats2 -noparcstats3 -nohyporelabel -nobalabels -rh-only -openmp 16 -subjid sub-v1s20x0050286_ses-1 -sd /out/sourcedata/freesurfer

subjid sub-v1s20x0050286_ses-1
setenv SUBJECTS_DIR /out/sourcedata/freesurfer
FREESURFER_HOME /opt/freesurfer
Actual FREESURFER_HOME /opt/freesurfer
build-stamp.txt: freesurfer-linux-ubuntu22_x86_64-7.3.2-20220804-6354275
Linux dna084 5.14.0-427.37.1.el9_4.x86_64 #1 SMP PREEMPT_DYNAMIC Fri Sep 13 12:41:50 EDT 2024 x86_64 x86_64 x86_64 GNU/Linux
cputime      unlimited
filesize     unlimited
datasize     unlimited
stacksize    8192 kbytes
coredumpsize 0 kbytes
memoryuse    67108864 kbytes
vmemoryuse   unlimited
descriptors  1024 
memorylocked unlimited
maxproc      2061970 
maxlocks     unlimited
maxsignal    2062029 
maxmessage   819200 
maxnice      0 
maxrtprio    0 
maxrttime    unlimited

               total        used        free      shared  buff/cache   available
Mem:           503Gi        49Gi       384Gi        25Gi        70Gi       425Gi
Swap:             0B          0B          0B

########################################
program versions used
7.3.2 (freesurfer-linux-ubuntu22_x86_64-7.3.2-20220804-6354275)
7.3.2

ProgramName: lta_convert  ProgramArguments: lta_convert -all-info  ProgramVersion: 7.3.2  TimeStamp: 2026/03/12-15:27:00-GMT  BuildTime: Aug  4 2022 06:17:15  BuildStamp: freesurfer-linux-ubuntu22_x86_64-7.3.2-20220804-6354275  User: oesteban  Machine: dna084  Platform: Linux  PlatformVersion: 5.14.0-427.37.1.el9_4.x86_64  CompilerName: GCC  CompilerVersion: 8.4.0
ProgramName: mri_and  ProgramArguments: mri_and -all-info  ProgramVersion: 7.3.2  TimeStamp: 2026/03/12-15:27:00-GMT  BuildTime: Aug  4 2022 06:17:15  BuildStamp: freesurfer-linux-ubuntu22_x86_64-7.3.2-20220804-6354275  User: oesteban  Machine: dna084  Platform: Linux  PlatformVersion: 5.14.0-427.37.1.el9_4.x86_64  CompilerName: GCC  CompilerVersion: 8.4.0
ProgramName: mri_annotation2label  ProgramArguments: mri_annotation2label -all-info  ProgramVersion: 7.3.2  TimeStamp: 2026/03/12-15:27:00-GMT  BuildTime: Aug  4 2022 06:17:15  BuildStamp: freesurfer-linux-ubuntu22_x86_64-7.3.2-20220804-6354275  User: oesteban  Machine: dna084  Platform: Linux  PlatformVersion: 5.14.0-427.37.1.el9_4.x86_64  CompilerName: GCC  CompilerVersion: 8.4.0
ProgramName: mri_aparc2aseg  ProgramArguments: mri_aparc2aseg -all-info  ProgramVersion: 7.3.2  TimeStamp: 2026/03/12-15:27:00-GMT  BuildTime: Aug  4 2022 06:17:15  BuildStamp: freesurfer-linux-ubuntu22_x86_64-7.3.2-20220804-6354275  User: oesteban  Machine: dna084  Platform: Linux  PlatformVersion: 5.14.0-427.37.1.el9_4.x86_64  CompilerName: GCC  CompilerVersion: 8.4.0
ProgramName: mri_surf2volseg  ProgramArguments: mri_surf2volseg -all-info  ProgramVersion: 7.3.2  TimeStamp: 2026/03/12-15:27:00-GMT  BuildTime: Aug  4 2022 06:17:15  BuildStamp: freesurfer-linux-ubuntu22_x86_64-7.3.2-20220804-6354275  User: oesteban  Machine: dna084  Platform: Linux  PlatformVersion: 5.14.0-427.37.1.el9_4.x86_64  CompilerName: GCC  CompilerVersion: 8.4.0
ProgramName: mri_binarize  ProgramArguments: mri_binarize -all-info  ProgramVersion: 7.3.2  TimeStamp: 2026/03/12-15:27:00-GMT  BuildTime: Aug  4 2022 06:17:15  BuildStamp: freesurfer-linux-ubuntu22_x86_64-7.3.2-20220804-6354275  User: oesteban  Machine: dna084  Platform: Linux  PlatformVersion: 5.14.0-427.37.1.el9_4.x86_64  CompilerName: GCC  CompilerVersion: 8.4.0
ProgramName: mri_ca_label  ProgramArguments: mri_ca_label -all-info  ProgramVersion: 7.3.2  TimeStamp: 2026/03/12-15:27:00-GMT  BuildTime: Aug  4 2022 06:17:15  BuildStamp: freesurfer-linux-ubuntu22_x86_64-7.3.2-20220804-6354275  User: oesteban  Machine: dna084  Platform: Linux  PlatformVersion: 5.14.0-427.37.1.el9_4.x86_64  CompilerName: GCC  CompilerVersion: 8.4.0
ProgramName: mri_ca_normalize  ProgramArguments: mri_ca_normalize -all-info  ProgramVersion: 7.3.2  TimeStamp: 2026/03/12-15:27:00-GMT  BuildTime: Aug  4 2022 06:17:15  BuildStamp: freesurfer-linux-ubuntu22_x86_64-7.3.2-20220804-6354275  User: oesteban  Machine: dna084  Platform: Linux  PlatformVersion: 5.14.0-427.37.1.el9_4.x86_64  CompilerName: GCC  CompilerVersion: 8.4.0
ProgramName: mri_ca_register  ProgramArguments: mri_ca_register -all-info  ProgramVersion: 7.3.2  TimeStamp: 2026/03/12-15:27:00-GMT  BuildTime: Aug  4 2022 06:17:15  BuildStamp: freesurfer-linux-ubuntu22_x86_64-7.3.2-20220804-6354275  User: oesteban  Machine: dna084  Platform: Linux  PlatformVersion: 5.14.0-427.37.1.el9_4.x86_64  CompilerName: GCC  CompilerVersion: 8.4.0
ProgramName: mri_cc  ProgramArguments: mri_cc -all-info  ProgramVersion: 7.3.2  TimeStamp: 2026/03/12-15:27:00-GMT  BuildTime: Aug  4 2022 06:17:15  BuildStamp: freesurfer-linux-ubuntu22_x86_64-7.3.2-20220804-6354275  User: oesteban  Machine: dna084  Platform: Linux  PlatformVersion: 5.14.0-427.37.1.el9_4.x86_64  CompilerName: GCC  CompilerVersion: 8.4.0
ProgramName: mri_compute_overlap  ProgramArguments: mri_compute_overlap -all-info  ProgramVersion: 7.3.2  TimeStamp: 2026/03/12-15:27:00-GMT  BuildTime: Aug  4 2022 06:17:15  BuildStamp: freesurfer-linux-ubuntu22_x86_64-7.3.2-20220804-6354275  User: oesteban  Machine: dna084  Platform: Linux  PlatformVersion: 5.14.0-427.37.1.el9_4.x86_64  CompilerName: GCC  CompilerVersion: 8.4.0
ProgramName: mri_compute_seg_overlap  ProgramArguments: mri_compute_seg_overlap -all-info  ProgramVersion: 7.3.2  TimeStamp: 2026/03/12-15:27:00-GMT  BuildTime: Aug  4 2022 06:17:15  BuildStamp: freesurfer-linux-ubuntu22_x86_64-7.3.2-20220804-6354275  User: oesteban  Machine: dna084  Platform: Linux  PlatformVersion: 5.14.0-427.37.1.el9_4.x86_64  CompilerName: GCC  CompilerVersion: 8.4.0
ProgramName: mri_concat  ProgramArguments: mri_concat -all-info  ProgramVersion: 7.3.2  TimeStamp: 2026/03/12-15:27:00-GMT  BuildTime: Aug  4 2022 06:17:15  BuildStamp: freesurfer-linux-ubuntu22_x86_64-7.3.2-20220804-6354275  User: oesteban  Machine: dna084  Platform: Linux  PlatformVersion: 5.14.0-427.37.1.el9_4.x86_64  CompilerName: GCC  CompilerVersion: 8.4.0
ProgramName: mri_concatenate_lta  ProgramArguments: mri_concatenate_lta -all-info  ProgramVersion: 7.3.2  TimeStamp: 2026/03/12-15:27:00-GMT  BuildTime: Aug  4 2022 06:17:15  BuildStamp: freesurfer-linux-ubuntu22_x86_64-7.3.2-20220804-6354275  User: oesteban  Machine: dna084  Platform: Linux  PlatformVersion: 5.14.0-427.37.1.el9_4.x86_64  CompilerName: GCC  CompilerVersion: 8.4.0
mri_convert -all-info 
ProgramName: mri_convert  ProgramArguments: mri_convert -all-info  ProgramVersion: 7.3.2  TimeStamp: 2026/03/12-15:27:00-GMT  BuildTime: Aug  4 2022 06:17:15  BuildStamp: freesurfer-linux-ubuntu22_x86_64-7.3.2-20220804-6354275  User: oesteban  Machine: dna084  Platform: Linux  PlatformVersion: 5.14.0-427.37.1.el9_4.x86_64  CompilerName: GCC  CompilerVersion: 8.4.0
ProgramName: mri_diff  ProgramArguments: mri_diff -all-info  ProgramVersion: 7.3.2  TimeStamp: 2026/03/12-15:27:00-GMT  BuildTime: Aug  4 2022 06:17:15  BuildStamp: freesurfer-linux-ubuntu22_x86_64-7.3.2-20220804-6354275  User: oesteban  Machine: dna084  Platform: Linux  PlatformVersion: 5.14.0-427.37.1.el9_4.x86_64  CompilerName: GCC  CompilerVersion: 8.4.0
ProgramName: mri_edit_wm_with_aseg  ProgramArguments: mri_edit_wm_with_aseg -all-info  ProgramVersion: 7.3.2  TimeStamp: 2026/03/12-15:27:00-GMT  BuildTime: Aug  4 2022 06:17:15  BuildStamp: freesurfer-linux-ubuntu22_x86_64-7.3.2-20220804-6354275  User: oesteban  Machine: dna084  Platform: Linux  PlatformVersion: 5.14.0-427.37.1.el9_4.x86_64  CompilerName: GCC  CompilerVersion: 8.4.0
ProgramName: mri_em_register  ProgramArguments: mri_em_register -all-info  ProgramVersion: 7.3.2  TimeStamp: 2026/03/12-15:27:00-GMT  BuildTime: Aug  4 2022 06:17:15  BuildStamp: freesurfer-linux-ubuntu22_x86_64-7.3.2-20220804-6354275  User: oesteban  Machine: dna084  Platform: Linux  PlatformVersion: 5.14.0-427.37.1.el9_4.x86_64  CompilerName: GCC  CompilerVersion: 8.4.0
ProgramName: mri_fill  ProgramArguments: mri_fill -all-info  ProgramVersion: 7.3.2  TimeStamp: 2026/03/12-15:27:00-GMT  BuildTime: Aug  4 2022 06:17:15  BuildStamp: freesurfer-linux-ubuntu22_x86_64-7.3.2-20220804-6354275  User: oesteban  Machine: dna084  Platform: Linux  PlatformVersion: 5.14.0-427.37.1.el9_4.x86_64  CompilerName: GCC  CompilerVersion: 8.4.0
ProgramName: mri_fuse_segmentations  ProgramArguments: mri_fuse_segmentations -all-info  ProgramVersion: 7.3.2  TimeStamp: 2026/03/12-15:27:00-GMT  BuildTime: Aug  4 2022 06:17:15  BuildStamp: freesurfer-linux-ubuntu22_x86_64-7.3.2-20220804-6354275  User: oesteban  Machine: dna084  Platform: Linux  PlatformVersion: 5.14.0-427.37.1.el9_4.x86_64  CompilerName: GCC  CompilerVersion: 8.4.0
ProgramName: mri_fwhm  ProgramArguments: mri_fwhm -all-info  ProgramVersion: 7.3.2  TimeStamp: 2026/03/12-15:27:00-GMT  BuildTime: Aug  4 2022 06:17:15  BuildStamp: freesurfer-linux-ubuntu22_x86_64-7.3.2-20220804-6354275  User: oesteban  Machine: dna084  Platform: Linux  PlatformVersion: 5.14.0-427.37.1.el9_4.x86_64  CompilerName: GCC  CompilerVersion: 8.4.0
ProgramName: mri_gcut  ProgramArguments: mri_gcut -all-info  ProgramVersion: 7.3.2  TimeStamp: 2026/03/12-15:27:00-GMT  BuildTime: Aug  4 2022 06:17:15  BuildStamp: freesurfer-linux-ubuntu22_x86_64-7.3.2-20220804-6354275  User: oesteban  Machine: dna084  Platform: Linux  PlatformVersion: 5.14.0-427.37.1.el9_4.x86_64  CompilerName: GCC  CompilerVersion: 8.4.0
ProgramName: mri_info  ProgramArguments: mri_info -all-info  ProgramVersion: 7.3.2  TimeStamp: 2026/03/12-15:27:00-GMT  BuildTime: Aug  4 2022 06:17:15  BuildStamp: freesurfer-linux-ubuntu22_x86_64-7.3.2-20220804-6354275  User: oesteban  Machine: dna084  Platform: Linux  PlatformVersion: 5.14.0-427.37.1.el9_4.x86_64  CompilerName: GCC  CompilerVersion: 8.4.0
ProgramName: mri_label2label  ProgramArguments: mri_label2label -all-info  ProgramVersion: 7.3.2  TimeStamp: 2026/03/12-15:27:00-GMT  BuildTime: Aug  4 2022 06:17:15  BuildStamp: freesurfer-linux-ubuntu22_x86_64-7.3.2-20220804-6354275  User: oesteban  Machine: dna084  Platform: Linux  PlatformVersion: 5.14.0-427.37.1.el9_4.x86_64  CompilerName: GCC  CompilerVersion: 8.4.0
ProgramName: mri_label2vol  ProgramArguments: mri_label2vol -all-info  ProgramVersion: 7.3.2  TimeStamp: 2026/03/12-15:27:00-GMT  BuildTime: Aug  4 2022 06:17:15  BuildStamp: freesurfer-linux-ubuntu22_x86_64-7.3.2-20220804-6354275  User: oesteban  Machine: dna084  Platform: Linux  PlatformVersion: 5.14.0-427.37.1.el9_4.x86_64  CompilerName: GCC  CompilerVersion: 8.4.0
ProgramName: mri_log_likelihood  ProgramArguments: mri_log_likelihood -all-info  ProgramVersion: 7.3.2  TimeStamp: 2026/03/12-15:27:00-GMT  BuildTime: Aug  4 2022 06:17:15  BuildStamp: freesurfer-linux-ubuntu22_x86_64-7.3.2-20220804-6354275  User: oesteban  Machine: dna084  Platform: Linux  PlatformVersion: 5.14.0-427.37.1.el9_4.x86_64  CompilerName: GCC  CompilerVersion: 8.4.0
ProgramName: mri_mask  ProgramArguments: mri_mask -all-info  ProgramVersion: 7.3.2  TimeStamp: 2026/03/12-15:27:00-GMT  BuildTime: Aug  4 2022 06:17:15  BuildStamp: freesurfer-linux-ubuntu22_x86_64-7.3.2-20220804-6354275  User: oesteban  Machine: dna084  Platform: Linux  PlatformVersion: 5.14.0-427.37.1.el9_4.x86_64  CompilerName: GCC  CompilerVersion: 8.4.0
ProgramName: mri_matrix_multiply  ProgramArguments: mri_matrix_multiply -all-info  ProgramVersion: 7.3.2  TimeStamp: 2026/03/12-15:27:00-GMT  BuildTime: Aug  4 2022 06:17:15  BuildStamp: freesurfer-linux-ubuntu22_x86_64-7.3.2-20220804-6354275  User: oesteban  Machine: dna084  Platform: Linux  PlatformVersion: 5.14.0-427.37.1.el9_4.x86_64  CompilerName: GCC  CompilerVersion: 8.4.0
ProgramName: mri_normalize  ProgramArguments: mri_normalize -all-info  ProgramVersion: 7.3.2  TimeStamp: 2026/03/12-15:27:00-GMT  BuildTime: Aug  4 2022 06:17:15  BuildStamp: freesurfer-linux-ubuntu22_x86_64-7.3.2-20220804-6354275  User: oesteban  Machine: dna084  Platform: Linux  PlatformVersion: 5.14.0-427.37.1.el9_4.x86_64  CompilerName: GCC  CompilerVersion: 8.4.0
ProgramName: mri_normalize_tp2  ProgramArguments: mri_normalize_tp2 -all-info  ProgramVersion: 7.3.2  TimeStamp: 2026/03/12-15:27:00-GMT  BuildTime: Aug  4 2022 06:17:15  BuildStamp: freesurfer-linux-ubuntu22_x86_64-7.3.2-20220804-6354275  User: oesteban  Machine: dna084  Platform: Linux  PlatformVersion: 5.14.0-427.37.1.el9_4.x86_64  CompilerName: GCC  CompilerVersion: 8.4.0
ProgramName: mri_or  ProgramArguments: mri_or -all-info  ProgramVersion: 7.3.2  TimeStamp: 2026/03/12-15:27:00-GMT  BuildTime: Aug  4 2022 06:17:15  BuildStamp: freesurfer-linux-ubuntu22_x86_64-7.3.2-20220804-6354275  User: oesteban  Machine: dna084  Platform: Linux  PlatformVersion: 5.14.0-427.37.1.el9_4.x86_64  CompilerName: GCC  CompilerVersion: 8.4.0
ProgramName: mri_relabel_hypointensities  ProgramArguments: mri_relabel_hypointensities -all-info  ProgramVersion: 7.3.2  TimeStamp: 2026/03/12-15:27:00-GMT  BuildTime: Aug  4 2022 06:17:15  BuildStamp: freesurfer-linux-ubuntu22_x86_64-7.3.2-20220804-6354275  User: oesteban  Machine: dna084  Platform: Linux  PlatformVersion: 5.14.0-427.37.1.el9_4.x86_64  CompilerName: GCC  CompilerVersion: 8.4.0
ProgramName: mri_relabel_nonwm_hypos  ProgramArguments: mri_relabel_nonwm_hypos -all-info  ProgramVersion: 7.3.2  TimeStamp: 2026/03/12-15:27:00-GMT  BuildTime: Aug  4 2022 06:17:15  BuildStamp: freesurfer-linux-ubuntu22_x86_64-7.3.2-20220804-6354275  User: oesteban  Machine: dna084  Platform: Linux  PlatformVersion: 5.14.0-427.37.1.el9_4.x86_64  CompilerName: GCC  CompilerVersion: 8.4.0
ProgramName: mri_remove_neck  ProgramArguments: mri_remove_neck -all-info  ProgramVersion: 7.3.2  TimeStamp: 2026/03/12-15:27:00-GMT  BuildTime: Aug  4 2022 06:17:15  BuildStamp: freesurfer-linux-ubuntu22_x86_64-7.3.2-20220804-6354275  User: oesteban  Machine: dna084  Platform: Linux  PlatformVersion: 5.14.0-427.37.1.el9_4.x86_64  CompilerName: GCC  CompilerVersion: 8.4.0
7.3.2

ProgramName: mri_robust_register  ProgramArguments: mri_robust_register -all-info  ProgramVersion: 7.3.2  TimeStamp: 2026/03/12-15:27:00-GMT  BuildTime: Aug  4 2022 06:17:15  BuildStamp: freesurfer-linux-ubuntu22_x86_64-7.3.2-20220804-6354275  User: oesteban  Machine: dna084  Platform: Linux  PlatformVersion: 5.14.0-427.37.1.el9_4.x86_64  CompilerName: GCC  CompilerVersion: 8.4.0
7.3.2

ProgramName: mri_robust_template  ProgramArguments: mri_robust_template -all-info  ProgramVersion: 7.3.2  TimeStamp: 2026/03/12-15:27:00-GMT  BuildTime: Aug  4 2022 06:17:15  BuildStamp: freesurfer-linux-ubuntu22_x86_64-7.3.2-20220804-6354275  User: oesteban  Machine: dna084  Platform: Linux  PlatformVersion: 5.14.0-427.37.1.el9_4.x86_64  CompilerName: GCC  CompilerVersion: 8.4.0
ProgramName: mris_anatomical_stats  ProgramArguments: mris_anatomical_stats -all-info  ProgramVersion: 7.3.2  TimeStamp: 2026/03/12-15:27:00-GMT  BuildTime: Aug  4 2022 06:17:15  BuildStamp: freesurfer-linux-ubuntu22_x86_64-7.3.2-20220804-6354275  User: oesteban  Machine: dna084  Platform: Linux  PlatformVersion: 5.14.0-427.37.1.el9_4.x86_64  CompilerName: GCC  CompilerVersion: 8.4.0
ProgramName: mris_ca_label  ProgramArguments: mris_ca_label -all-info  ProgramVersion: 7.3.2  TimeStamp: 2026/03/12-15:27:00-GMT  BuildTime: Aug  4 2022 06:17:15  BuildStamp: freesurfer-linux-ubuntu22_x86_64-7.3.2-20220804-6354275  User: oesteban  Machine: dna084  Platform: Linux  PlatformVersion: 5.14.0-427.37.1.el9_4.x86_64  CompilerName: GCC  CompilerVersion: 8.4.0
ProgramName: mris_calc  ProgramArguments: mris_calc -all-info  ProgramVersion: 7.3.2  TimeStamp: 2026/03/12-15:27:00-GMT  BuildTime: Aug  4 2022 06:17:15  BuildStamp: freesurfer-linux-ubuntu22_x86_64-7.3.2-20220804-6354275  User: oesteban  Machine: dna084  Platform: Linux  PlatformVersion: 5.14.0-427.37.1.el9_4.x86_64  CompilerName: GCC  CompilerVersion: 8.4.0
ProgramName: mris_convert  ProgramArguments: mris_convert -all-info  ProgramVersion: 7.3.2  TimeStamp: 2026/03/12-15:27:00-GMT  BuildTime: Aug  4 2022 06:17:15  BuildStamp: freesurfer-linux-ubuntu22_x86_64-7.3.2-20220804-6354275  User: oesteban  Machine: dna084  Platform: Linux  PlatformVersion: 5.14.0-427.37.1.el9_4.x86_64  CompilerName: GCC  CompilerVersion: 8.4.0
ProgramName: mris_curvature  ProgramArguments: mris_curvature -all-info  ProgramVersion: 7.3.2  TimeStamp: 2026/03/12-15:27:00-GMT  BuildTime: Aug  4 2022 06:17:15  BuildStamp: freesurfer-linux-ubuntu22_x86_64-7.3.2-20220804-6354275  User: oesteban  Machine: dna084  Platform: Linux  PlatformVersion: 5.14.0-427.37.1.el9_4.x86_64  CompilerName: GCC  CompilerVersion: 8.4.0
ProgramName: mris_curvature_stats  ProgramArguments: mris_curvature_stats -all-info  ProgramVersion: 7.3.2  TimeStamp: 2026/03/12-15:27:00-GMT  BuildTime: Aug  4 2022 06:17:15  BuildStamp: freesurfer-linux-ubuntu22_x86_64-7.3.2-20220804-6354275  User: oesteban  Machine: dna084  Platform: Linux  PlatformVersion: 5.14.0-427.37.1.el9_4.x86_64  CompilerName: GCC  CompilerVersion: 8.4.0
ProgramName: mris_diff  ProgramArguments: mris_diff -all-info  ProgramVersion: 7.3.2  TimeStamp: 2026/03/12-15:27:00-GMT  BuildTime: Aug  4 2022 06:17:15  BuildStamp: freesurfer-linux-ubuntu22_x86_64-7.3.2-20220804-6354275  User: oesteban  Machine: dna084  Platform: Linux  PlatformVersion: 5.14.0-427.37.1.el9_4.x86_64  CompilerName: GCC  CompilerVersion: 8.4.0
ProgramName: mris_divide_parcellation  ProgramArguments: mris_divide_parcellation -all-info  ProgramVersion: 7.3.2  TimeStamp: 2026/03/12-15:27:00-GMT  BuildTime: Aug  4 2022 06:17:15  BuildStamp: freesurfer-linux-ubuntu22_x86_64-7.3.2-20220804-6354275  User: oesteban  Machine: dna084  Platform: Linux  PlatformVersion: 5.14.0-427.37.1.el9_4.x86_64  CompilerName: GCC  CompilerVersion: 8.4.0
ProgramName: mri_segment  ProgramArguments: mri_segment -all-info  ProgramVersion: 7.3.2  TimeStamp: 2026/03/12-15:27:00-GMT  BuildTime: Aug  4 2022 06:17:15  BuildStamp: freesurfer-linux-ubuntu22_x86_64-7.3.2-20220804-6354275  User: oesteban  Machine: dna084  Platform: Linux  PlatformVersion: 5.14.0-427.37.1.el9_4.x86_64  CompilerName: GCC  CompilerVersion: 8.4.0
ProgramName: mri_segstats  ProgramArguments: mri_segstats -all-info  ProgramVersion: 7.3.2  TimeStamp: 2026/03/12-15:27:00-GMT  BuildTime: Aug  4 2022 06:17:15  BuildStamp: freesurfer-linux-ubuntu22_x86_64-7.3.2-20220804-6354275  User: oesteban  Machine: dna084  Platform: Linux  PlatformVersion: 5.14.0-427.37.1.el9_4.x86_64  CompilerName: GCC  CompilerVersion: 8.4.0
ProgramName: mris_euler_number  ProgramArguments: mris_euler_number -all-info  ProgramVersion: 7.3.2  TimeStamp: 2026/03/12-15:27:00-GMT  BuildTime: Aug  4 2022 06:17:15  BuildStamp: freesurfer-linux-ubuntu22_x86_64-7.3.2-20220804-6354275  User: oesteban  Machine: dna084  Platform: Linux  PlatformVersion: 5.14.0-427.37.1.el9_4.x86_64  CompilerName: GCC  CompilerVersion: 8.4.0
ProgramName: mris_fix_topology  ProgramArguments: mris_fix_topology -all-info  ProgramVersion: 7.3.2  TimeStamp: 2026/03/12-15:27:00-GMT  BuildTime: Aug  4 2022 06:17:15  BuildStamp: freesurfer-linux-ubuntu22_x86_64-7.3.2-20220804-6354275  User: oesteban  Machine: dna084  Platform: Linux  PlatformVersion: 5.14.0-427.37.1.el9_4.x86_64  CompilerName: GCC  CompilerVersion: 8.4.0
ProgramName: mris_topo_fixer  ProgramArguments: mris_topo_fixer -all-info  ProgramVersion: 7.3.2  TimeStamp: 2026/03/12-15:27:00-GMT  BuildTime: Aug  4 2022 06:17:15  BuildStamp: freesurfer-linux-ubuntu22_x86_64-7.3.2-20220804-6354275  User: oesteban  Machine: dna084  Platform: Linux  PlatformVersion: 5.14.0-427.37.1.el9_4.x86_64  CompilerName: GCC  CompilerVersion: 8.4.0
ProgramName: mris_jacobian  ProgramArguments: mris_jacobian -all-info  ProgramVersion: 7.3.2  TimeStamp: 2026/03/12-15:27:00-GMT  BuildTime: Aug  4 2022 06:17:15  BuildStamp: freesurfer-linux-ubuntu22_x86_64-7.3.2-20220804-6354275  User: oesteban  Machine: dna084  Platform: Linux  PlatformVersion: 5.14.0-427.37.1.el9_4.x86_64  CompilerName: GCC  CompilerVersion: 8.4.0
ProgramName: mris_label2annot  ProgramArguments: mris_label2annot -all-info  ProgramVersion: 7.3.2  TimeStamp: 2026/03/12-15:27:00-GMT  BuildTime: Aug  4 2022 06:17:15  BuildStamp: freesurfer-linux-ubuntu22_x86_64-7.3.2-20220804-6354275  User: oesteban  Machine: dna084  Platform: Linux  PlatformVersion: 5.14.0-427.37.1.el9_4.x86_64  CompilerName: GCC  CompilerVersion: 8.4.0
ProgramName: mris_left_right_register  ProgramArguments: mris_left_right_register -all-info  ProgramVersion: 7.3.2  TimeStamp: 2026/03/12-15:27:00-GMT  BuildTime: Aug  4 2022 06:17:15  BuildStamp: freesurfer-linux-ubuntu22_x86_64-7.3.2-20220804-6354275  User: oesteban  Machine: dna084  Platform: Linux  PlatformVersion: 5.14.0-427.37.1.el9_4.x86_64  CompilerName: GCC  CompilerVersion: 8.4.0
ProgramName: mris_place_surface  ProgramArguments: mris_place_surface -all-info  ProgramVersion: 7.3.2  TimeStamp: 2026/03/12-15:27:00-GMT  BuildTime: Aug  4 2022 06:17:15  BuildStamp: freesurfer-linux-ubuntu22_x86_64-7.3.2-20220804-6354275  User: oesteban  Machine: dna084  Platform: Linux  PlatformVersion: 5.14.0-427.37.1.el9_4.x86_64  CompilerName: GCC  CompilerVersion: 8.4.0
ProgramName: mrisp_paint  ProgramArguments: mrisp_paint -all-info  ProgramVersion: 7.3.2  TimeStamp: 2026/03/12-15:27:00-GMT  BuildTime: Aug  4 2022 06:17:15  BuildStamp: freesurfer-linux-ubuntu22_x86_64-7.3.2-20220804-6354275  User: oesteban  Machine: dna084  Platform: Linux  PlatformVersion: 5.14.0-427.37.1.el9_4.x86_64  CompilerName: GCC  CompilerVersion: 8.4.0
ProgramName: mris_register  ProgramArguments: mris_register -all-info  ProgramVersion: 7.3.2  TimeStamp: 2026/03/12-15:27:00-GMT  BuildTime: Aug  4 2022 06:17:15  BuildStamp: freesurfer-linux-ubuntu22_x86_64-7.3.2-20220804-6354275  User: oesteban  Machine: dna084  Platform: Linux  PlatformVersion: 5.14.0-427.37.1.el9_4.x86_64  CompilerName: GCC  CompilerVersion: 8.4.0
ProgramName: mris_smooth  ProgramArguments: mris_smooth -all-info  ProgramVersion: 7.3.2  TimeStamp: 2026/03/12-15:27:00-GMT  BuildTime: Aug  4 2022 06:17:15  BuildStamp: freesurfer-linux-ubuntu22_x86_64-7.3.2-20220804-6354275  User: oesteban  Machine: dna084  Platform: Linux  PlatformVersion: 5.14.0-427.37.1.el9_4.x86_64  CompilerName: GCC  CompilerVersion: 8.4.0
ProgramName: mris_sphere  ProgramArguments: mris_sphere -all-info  ProgramVersion: 7.3.2  TimeStamp: 2026/03/12-15:27:00-GMT  BuildTime: Aug  4 2022 06:17:15  BuildStamp: freesurfer-linux-ubuntu22_x86_64-7.3.2-20220804-6354275  User: oesteban  Machine: dna084  Platform: Linux  PlatformVersion: 5.14.0-427.37.1.el9_4.x86_64  CompilerName: GCC  CompilerVersion: 8.4.0
ProgramName: mris_surface_stats  ProgramArguments: mris_surface_stats -all-info  ProgramVersion: 7.3.2  TimeStamp: 2026/03/12-15:27:00-GMT  BuildTime: Aug  4 2022 06:17:15  BuildStamp: freesurfer-linux-ubuntu22_x86_64-7.3.2-20220804-6354275  User: oesteban  Machine: dna084  Platform: Linux  PlatformVersion: 5.14.0-427.37.1.el9_4.x86_64  CompilerName: GCC  CompilerVersion: 8.4.0
ProgramName: mri_stats2seg  ProgramArguments: mri_stats2seg -all-info  ProgramVersion: 7.3.2  TimeStamp: 2026/03/12-15:27:00-GMT  BuildTime: Aug  4 2022 06:17:15  BuildStamp: freesurfer-linux-ubuntu22_x86_64-7.3.2-20220804-6354275  User: oesteban  Machine: dna084  Platform: Linux  PlatformVersion: 5.14.0-427.37.1.el9_4.x86_64  CompilerName: GCC  CompilerVersion: 8.4.0
ProgramName: mris_thickness  ProgramArguments: mris_thickness -all-info  ProgramVersion: 7.3.2  TimeStamp: 2026/03/12-15:27:00-GMT  BuildTime: Aug  4 2022 06:17:15  BuildStamp: freesurfer-linux-ubuntu22_x86_64-7.3.2-20220804-6354275  User: oesteban  Machine: dna084  Platform: Linux  PlatformVersion: 5.14.0-427.37.1.el9_4.x86_64  CompilerName: GCC  CompilerVersion: 8.4.0
ProgramName: mris_thickness_diff  ProgramArguments: mris_thickness_diff -all-info  ProgramVersion: 7.3.2  TimeStamp: 2026/03/12-15:27:00-GMT  BuildTime: Aug  4 2022 06:17:15  BuildStamp: freesurfer-linux-ubuntu22_x86_64-7.3.2-20220804-6354275  User: oesteban  Machine: dna084  Platform: Linux  PlatformVersion: 5.14.0-427.37.1.el9_4.x86_64  CompilerName: GCC  CompilerVersion: 8.4.0
ProgramName: mris_topo_fixer  ProgramArguments: mris_topo_fixer -all-info  ProgramVersion: 7.3.2  TimeStamp: 2026/03/12-15:27:00-GMT  BuildTime: Aug  4 2022 06:17:15  BuildStamp: freesurfer-linux-ubuntu22_x86_64-7.3.2-20220804-6354275  User: oesteban  Machine: dna084  Platform: Linux  PlatformVersion: 5.14.0-427.37.1.el9_4.x86_64  CompilerName: GCC  CompilerVersion: 8.4.0
ProgramName: mri_surf2surf  ProgramArguments: mri_surf2surf -all-info  ProgramVersion: 7.3.2  TimeStamp: 2026/03/12-15:27:00-GMT  BuildTime: Aug  4 2022 06:17:15  BuildStamp: freesurfer-linux-ubuntu22_x86_64-7.3.2-20220804-6354275  User: oesteban  Machine: dna084  Platform: Linux  PlatformVersion: 5.14.0-427.37.1.el9_4.x86_64  CompilerName: GCC  CompilerVersion: 8.4.0
ProgramName: mri_surf2vol  ProgramArguments: mri_surf2vol -all-info  ProgramVersion: 7.3.2  TimeStamp: 2026/03/12-15:27:00-GMT  BuildTime: Aug  4 2022 06:17:15  BuildStamp: freesurfer-linux-ubuntu22_x86_64-7.3.2-20220804-6354275  User: oesteban  Machine: dna084  Platform: Linux  PlatformVersion: 5.14.0-427.37.1.el9_4.x86_64  CompilerName: GCC  CompilerVersion: 8.4.0
ProgramName: mri_surfcluster  ProgramArguments: mri_surfcluster -all-info  ProgramVersion: 7.3.2  TimeStamp: 2026/03/12-15:27:00-GMT  BuildTime: Aug  4 2022 06:17:15  BuildStamp: freesurfer-linux-ubuntu22_x86_64-7.3.2-20220804-6354275  User: oesteban  Machine: dna084  Platform: Linux  PlatformVersion: 5.14.0-427.37.1.el9_4.x86_64  CompilerName: GCC  CompilerVersion: 8.4.0
ProgramName: mris_volmask  ProgramArguments: mris_volmask -all-info  ProgramVersion: 7.3.2  TimeStamp: 2026/03/12-15:27:00-GMT  BuildTime: Aug  4 2022 06:17:15  BuildStamp: freesurfer-linux-ubuntu22_x86_64-7.3.2-20220804-6354275  User: oesteban  Machine: dna084  Platform: Linux  PlatformVersion: 5.14.0-427.37.1.el9_4.x86_64  CompilerName: GCC  CompilerVersion: 8.4.0
ProgramName: mri_tessellate  ProgramArguments: mri_tessellate -all-info  ProgramVersion: 7.3.2  TimeStamp: 2026/03/12-15:27:00-GMT  BuildTime: Aug  4 2022 06:17:15  BuildStamp: freesurfer-linux-ubuntu22_x86_64-7.3.2-20220804-6354275  User: oesteban  Machine: dna084  Platform: Linux  PlatformVersion: 5.14.0-427.37.1.el9_4.x86_64  CompilerName: GCC  CompilerVersion: 8.4.0
ProgramName: mri_vol2surf  ProgramArguments: mri_vol2surf -all-info  ProgramVersion: 7.3.2  TimeStamp: 2026/03/12-15:27:00-GMT  BuildTime: Aug  4 2022 06:17:15  BuildStamp: freesurfer-linux-ubuntu22_x86_64-7.3.2-20220804-6354275  User: oesteban  Machine: dna084  Platform: Linux  PlatformVersion: 5.14.0-427.37.1.el9_4.x86_64  CompilerName: GCC  CompilerVersion: 8.4.0
ProgramName: mri_vol2vol  ProgramArguments: mri_vol2vol -all-info  ProgramVersion: 7.3.2  TimeStamp: 2026/03/12-15:27:00-GMT  BuildTime: Aug  4 2022 06:17:15  BuildStamp: freesurfer-linux-ubuntu22_x86_64-7.3.2-20220804-6354275  User: oesteban  Machine: dna084  Platform: Linux  PlatformVersion: 5.14.0-427.37.1.el9_4.x86_64  CompilerName: GCC  CompilerVersion: 8.4.0
ProgramName: mri_voldiff  ProgramArguments: mri_voldiff -all-info  ProgramVersion: 7.3.2  TimeStamp: 2026/03/12-15:27:00-GMT  BuildTime: Aug  4 2022 06:17:15  BuildStamp: freesurfer-linux-ubuntu22_x86_64-7.3.2-20220804-6354275  User: oesteban  Machine: dna084  Platform: Linux  PlatformVersion: 5.14.0-427.37.1.el9_4.x86_64  CompilerName: GCC  CompilerVersion: 8.4.0
ProgramName: mri_watershed  ProgramArguments: mri_watershed -all-info  ProgramVersion: 7.3.2  TimeStamp: 2026/03/12-15:27:00-GMT  BuildTime: Aug  4 2022 06:17:15  BuildStamp: freesurfer-linux-ubuntu22_x86_64-7.3.2-20220804-6354275  User: oesteban  Machine: dna084  Platform: Linux  PlatformVersion: 5.14.0-427.37.1.el9_4.x86_64  CompilerName: GCC  CompilerVersion: 8.4.0
ProgramName: tkregister2  ProgramArguments: tkregister2_cmdl -all-info  ProgramVersion: 7.3.2  TimeStamp: 2026/03/12-15:27:00-GMT  BuildTime: Aug  4 2022 06:17:15  BuildStamp: freesurfer-linux-ubuntu22_x86_64-7.3.2-20220804-6354275  User: oesteban  Machine: dna084  Platform: Linux  PlatformVersion: 5.14.0-427.37.1.el9_4.x86_64  CompilerName: GCC  CompilerVersion: 8.4.0
mri_motion_correct.fsl 7.3.2
mri_convert -all-info 
ProgramName: mri_convert  ProgramArguments: mri_convert -all-info  ProgramVersion: 7.3.2  TimeStamp: 2026/03/12-15:27:00-GMT  BuildTime: Aug  4 2022 06:17:15  BuildStamp: freesurfer-linux-ubuntu22_x86_64-7.3.2-20220804-6354275  User: oesteban  Machine: dna084  Platform: Linux  PlatformVersion: 5.14.0-427.37.1.el9_4.x86_64  CompilerName: GCC  CompilerVersion: 8.4.0
Program nu_correct, built from:
Package MNI N3, version 1.12.0, compiled by nicks@terrier (x86_64-unknown-linux-gnu) on 2015-06-19 at 01:25:34
#######################################
GCADIR /opt/freesurfer/average
GCA RB_all_2020-01-02.gca
GCASkull RB_all_withskull_2020_01_02.gca
AvgCurvTif folding.atlas.acfb40.noaparc.i12.2016-08-02.tif
GCSDIR /opt/freesurfer/average
GCS DKaparc.atlas.acfb40.noaparc.i12.2016-08-02.gcs
#######################################
#--------------------------------------------
#@# Tessellate rh Thu Mar 12 16:27:00 CET 2026
/out/sourcedata/freesurfer/sub-v1s20x0050286_ses-1/scripts

 mri_pretess ../mri/filled.mgz 127 ../mri/norm.mgz ../mri/filled-pretess127.mgz 


Iteration Number : 1
pass   1 (xy+):   0 found -   0 modified     |    TOTAL:   0
pass   1 (xy-):   0 found -   0 modified     |    TOTAL:   0
pass   1 (yz+):   5 found -   5 modified     |    TOTAL:   5
pass   2 (yz+):   0 found -   5 modified     |    TOTAL:   5
pass   1 (yz-):   8 found -   8 modified     |    TOTAL:  13
pass   2 (yz-):   0 found -   8 modified     |    TOTAL:  13
pass   1 (xz+):   0 found -   0 modified     |    TOTAL:  13
pass   1 (xz-):   0 found -   0 modified     |    TOTAL:  13
Iteration Number : 1
pass   1 (+++):   0 found -   0 modified     |    TOTAL:   0
pass   1 (+++):   0 found -   0 modified     |    TOTAL:   0
pass   1 (+++):   0 found -   0 modified     |    TOTAL:   0
pass   1 (+++):   0 found -   0 modified     |    TOTAL:   0
Iteration Number : 1
pass   1 (++):   0 found -   0 modified     |    TOTAL:   0
pass   1 (+-):   0 found -   0 modified     |    TOTAL:   0
pass   1 (--):   0 found -   0 modified     |    TOTAL:   0
pass   1 (-+):   0 found -   0 modified     |    TOTAL:   0
Iteration Number : 2
pass   1 (xy+):   0 found -   0 modified     |    TOTAL:   0
pass   1 (xy-):   0 found -   0 modified     |    TOTAL:   0
pass   1 (yz+):   0 found -   0 modified     |    TOTAL:   0
pass   1 (yz-):   0 found -   0 modified     |    TOTAL:   0
pass   1 (xz+):   0 found -   0 modified     |    TOTAL:   0
pass   1 (xz-):   0 found -   0 modified     |    TOTAL:   0
Iteration Number : 2
pass   1 (+++):   0 found -   0 modified     |    TOTAL:   0
pass   1 (+++):   0 found -   0 modified     |    TOTAL:   0
pass   1 (+++):   0 found -   0 modified     |    TOTAL:   0
pass   1 (+++):   0 found -   0 modified     |    TOTAL:   0
Iteration Number : 2
pass   1 (++):   0 found -   0 modified     |    TOTAL:   0
pass   1 (+-):   0 found -   0 modified     |    TOTAL:   0
pass   1 (--):   0 found -   0 modified     |    TOTAL:   0
pass   1 (-+):   0 found -   0 modified     |    TOTAL:   0

Total Number of Modified Voxels = 13 (out of 273091: 0.004760)
Ambiguous edge configurations... 

mri_pretess done


 mri_tessellate ../mri/filled-pretess127.mgz 127 ../surf/rh.orig.nofix 

7.3.2
  7.3.2
slice 60: 987 vertices, 1097 faces
slice 70: 5859 vertices, 6099 faces
slice 80: 13417 vertices, 13724 faces
slice 90: 22278 vertices, 22595 faces
slice 100: 31922 vertices, 32258 faces
slice 110: 41876 vertices, 42248 faces
slice 120: 52330 vertices, 52715 faces
slice 130: 63277 vertices, 63677 faces
slice 140: 73817 vertices, 74196 faces
slice 150: 83896 vertices, 84306 faces
slice 160: 93083 vertices, 93410 faces
slice 170: 100976 vertices, 101278 faces
slice 180: 107244 vertices, 107472 faces
slice 190: 112381 vertices, 112563 faces
slice 200: 116123 vertices, 116277 faces
slice 210: 118066 vertices, 118096 faces
slice 220: 118066 vertices, 118096 faces
slice 230: 118066 vertices, 118096 faces
slice 240: 118066 vertices, 118096 faces
slice 250: 118066 vertices, 118096 faces
using the conformed surface RAS to save vertex points...
writing ../surf/rh.orig.nofix
using vox2ras matrix:
-1.00000   0.00000   0.00000   128.00000;
 0.00000   0.00000   1.00000  -128.00000;
 0.00000  -1.00000   0.00000   128.00000;
 0.00000   0.00000   0.00000   1.00000;

 rm -f ../mri/filled-pretess127.mgz 


 mris_extract_main_component ../surf/rh.orig.nofix ../surf/rh.orig.nofix 


counting number of connected components...
   118066 voxel in cpt #1: X=-30 [v=118066,e=354288,f=236192] located at (27.258389, -1.861823, 6.986491)
For the whole surface: X=-30 [v=118066,e=354288,f=236192]
One single component has been found
nothing to do
done

#--------------------------------------------
#@# Smooth1 rh Thu Mar 12 16:27:03 CET 2026
/out/sourcedata/freesurfer/sub-v1s20x0050286_ses-1/scripts

 mris_smooth -nw -seed 1234 ../surf/rh.orig.nofix ../surf/rh.smoothwm.nofix 

setting seed for random number generator to 1234
smoothing surface tessellation for 10 iterations...
smoothing complete - recomputing first and second fundamental forms...
#--------------------------------------------
#@# Inflation1 rh Thu Mar 12 16:27:04 CET 2026
/out/sourcedata/freesurfer/sub-v1s20x0050286_ses-1/scripts

 mris_inflate -no-save-sulc ../surf/rh.smoothwm.nofix ../surf/rh.inflated.nofix 

Not saving sulc
Reading ../surf/rh.smoothwm.nofix
avg radius = 44.8 mm, total surface area = 65028 mm^2
step 000: RMS=0.143 (target=0.015)   step 005: RMS=0.109 (target=0.015)   step 010: RMS=0.081 (target=0.015)   step 015: RMS=0.068 (target=0.015)   step 020: RMS=0.059 (target=0.015)   step 025: RMS=0.051 (target=0.015)   step 030: RMS=0.046 (target=0.015)   step 035: RMS=0.043 (target=0.015)   step 040: RMS=0.041 (target=0.015)   step 045: RMS=0.039 (target=0.015)   step 050: RMS=0.038 (target=0.015)   step 055: RMS=0.037 (target=0.015)   step 060: RMS=0.036 (target=0.015)   writing inflated surface to ../surf/rh.inflated.nofix
inflation took 0.1 minutes

inflation complete.
Not saving sulc
mris_inflate utimesec    34.204910
mris_inflate stimesec    1.468686
mris_inflate ru_maxrss   188376
mris_inflate ru_ixrss    0
mris_inflate ru_idrss    0
mris_inflate ru_isrss    0
mris_inflate ru_minflt   454521
mris_inflate ru_majflt   5
mris_inflate ru_nswap    0
mris_inflate ru_inblock  0
mris_inflate ru_oublock  8312
mris_inflate ru_msgsnd   0
mris_inflate ru_msgrcv   0
mris_inflate ru_nsignals 0
mris_inflate ru_nvcsw    4602
mris_inflate ru_nivcsw   234
#--------------------------------------------
#@# QSphere rh Thu Mar 12 16:27:11 CET 2026
/out/sourcedata/freesurfer/sub-v1s20x0050286_ses-1/scripts

 mris_sphere -q -p 6 -a 128 -seed 1234 ../surf/rh.inflated.nofix ../surf/rh.qsphere.nofix 

doing quick spherical unfolding.
limitting unfolding to 6 passes
using n_averages = 128
setting seed for random number genererator to 1234
version: 7.3.2
available threads: 16
scaling brain by 0.342...
inflating...
projecting onto sphere...
surface projected - minimizing metric distortion...
vertex spacing 1.09 +- 0.57 (0.00-->6.84) (max @ vno 42627 --> 43650)
face area 0.03 +- 0.04 (-0.17-->0.57)
Entering MRISinflateToSphere()
inflating to sphere (rms error < 2.00)
000: dt: 0.0000, rms radial error=176.177, avgs=0
005/300: dt: 0.9000, rms radial error=175.918, avgs=0
010/300: dt: 0.9000, rms radial error=175.362, avgs=0
015/300: dt: 0.9000, rms radial error=174.633, avgs=0
020/300: dt: 0.9000, rms radial error=173.807, avgs=0
025/300: dt: 0.9000, rms radial error=172.925, avgs=0
030/300: dt: 0.9000, rms radial error=172.009, avgs=0
035/300: dt: 0.9000, rms radial error=171.076, avgs=0
040/300: dt: 0.9000, rms radial error=170.134, avgs=0
045/300: dt: 0.9000, rms radial error=169.189, avgs=0
050/300: dt: 0.9000, rms radial error=168.246, avgs=0
055/300: dt: 0.9000, rms radial error=167.304, avgs=0
060/300: dt: 0.9000, rms radial error=166.366, avgs=0
065/300: dt: 0.9000, rms radial error=165.433, avgs=0
070/300: dt: 0.9000, rms radial error=164.504, avgs=0
075/300: dt: 0.9000, rms radial error=163.580, avgs=0
080/300: dt: 0.9000, rms radial error=162.660, avgs=0
085/300: dt: 0.9000, rms radial error=161.745, avgs=0
090/300: dt: 0.9000, rms radial error=160.835, avgs=0
095/300: dt: 0.9000, rms radial error=159.930, avgs=0
100/300: dt: 0.9000, rms radial error=159.030, avgs=0
105/300: dt: 0.9000, rms radial error=158.135, avgs=0
110/300: dt: 0.9000, rms radial error=157.244, avgs=0
115/300: dt: 0.9000, rms radial error=156.359, avgs=0
120/300: dt: 0.9000, rms radial error=155.478, avgs=0
125/300: dt: 0.9000, rms radial error=154.602, avgs=0
130/300: dt: 0.9000, rms radial error=153.732, avgs=0
135/300: dt: 0.9000, rms radial error=152.866, avgs=0
140/300: dt: 0.9000, rms radial error=152.006, avgs=0
145/300: dt: 0.9000, rms radial error=151.149, avgs=0
150/300: dt: 0.9000, rms radial error=150.298, avgs=0
155/300: dt: 0.9000, rms radial error=149.451, avgs=0
160/300: dt: 0.9000, rms radial error=148.609, avgs=0
165/300: dt: 0.9000, rms radial error=147.772, avgs=0
170/300: dt: 0.9000, rms radial error=146.939, avgs=0
175/300: dt: 0.9000, rms radial error=146.111, avgs=0
180/300: dt: 0.9000, rms radial error=145.288, avgs=0
185/300: dt: 0.9000, rms radial error=144.469, avgs=0
190/300: dt: 0.9000, rms radial error=143.655, avgs=0
195/300: dt: 0.9000, rms radial error=142.846, avgs=0
200/300: dt: 0.9000, rms radial error=142.041, avgs=0
205/300: dt: 0.9000, rms radial error=141.241, avgs=0
210/300: dt: 0.9000, rms radial error=140.445, avgs=0
215/300: dt: 0.9000, rms radial error=139.654, avgs=0
220/300: dt: 0.9000, rms radial error=138.867, avgs=0
225/300: dt: 0.9000, rms radial error=138.085, avgs=0
230/300: dt: 0.9000, rms radial error=137.307, avgs=0
235/300: dt: 0.9000, rms radial error=136.533, avgs=0
240/300: dt: 0.9000, rms radial error=135.764, avgs=0
245/300: dt: 0.9000, rms radial error=134.999, avgs=0
250/300: dt: 0.9000, rms radial error=134.238, avgs=0
255/300: dt: 0.9000, rms radial error=133.481, avgs=0
260/300: dt: 0.9000, rms radial error=132.729, avgs=0
265/300: dt: 0.9000, rms radial error=131.981, avgs=0
270/300: dt: 0.9000, rms radial error=131.237, avgs=0
275/300: dt: 0.9000, rms radial error=130.498, avgs=0
280/300: dt: 0.9000, rms radial error=129.762, avgs=0
285/300: dt: 0.9000, rms radial error=129.031, avgs=0
290/300: dt: 0.9000, rms radial error=128.304, avgs=0
295/300: dt: 0.9000, rms radial error=127.581, avgs=0
300/300: dt: 0.9000, rms radial error=126.862, avgs=0

spherical inflation complete.
epoch 1 (K=10.0), pass 1, starting sse = 13195.78
taking momentum steps...
taking momentum steps...
taking momentum steps...
taking momentum steps...
pass 1 complete, delta sse/iter = 0.01/13 = 0.00045
epoch 2 (K=40.0), pass 1, starting sse = 1916.15
taking momentum steps...
taking momentum steps...
taking momentum steps...
taking momentum steps...
pass 1 complete, delta sse/iter = 0.01/13 = 0.00047
epoch 3 (K=160.0), pass 1, starting sse = 147.67
taking momentum steps...
taking momentum steps...
taking momentum steps...
taking momentum steps...
pass 1 complete, delta sse/iter = 0.12/18 = 0.00667
epoch 4 (K=640.0), pass 1, starting sse = 9.32
taking momentum steps...
taking momentum steps...
taking momentum steps...
taking momentum steps...
pass 1 complete, delta sse/iter = 0.17/24 = 0.00718
final distance error %100000.00
writing spherical brain to ../surf/rh.qsphere.nofix
spherical transformation took 0.0096 hours
FSRUNTIME@ mris_sphere  0.0096 hours 16 threads
#VMPC# mris_sphere VmPeak  2317196
mris_sphere done
#@# Fix Topology rh Thu Mar 12 16:27:45 CET 2026

 mris_fix_topology -mgz -sphere qsphere.nofix -inflated inflated.nofix -orig orig.nofix -out orig.premesh -ga -seed 1234 sub-v1s20x0050286_ses-1 rh 

reading spherical homeomorphism from 'qsphere.nofix'
reading inflated coordinates from 'inflated.nofix'
reading original coordinates from 'orig.nofix'
using genetic algorithm with optimized parameters
setting seed for random number genererator to 1234

*************************************************************
Topology Correction Parameters
retessellation mode:           genetic search
number of patches/generation : 10
number of generations :        10
surface mri loglikelihood coefficient :         1.0
volume mri loglikelihood coefficient :          10.0
normal dot loglikelihood coefficient :          1.0
quadratic curvature loglikelihood coefficient : 1.0
volume resolution :                             2
eliminate vertices during search :              1
initial patch selection :                       1
select all defect vertices :                    0
ordering dependant retessellation:              0
use precomputed edge table :                    0
smooth retessellated patch :                    2
match retessellated patch :                     1
verbose mode :                                  0

*************************************************************
INFO: assuming .mgz format
writing corrected surface to 'orig.premesh'
7.3.2
  7.3.2
before topology correction, eno=-30 (nv=118066, nf=236192, ne=354288, g=16)
using quasi-homeomorphic spherical map to tessellate cortical surface...

Correction of the Topology
Finding true center and radius of Spherical Surface...done
Surface centered at (0,0,0) with radius 100.0 in 12 iterations
marking ambiguous vertices...
4165 ambiguous faces found in tessellation
segmenting defects...
18 defects found, arbitrating ambiguous regions...
analyzing neighboring defects...
      -merging segment 14 into 13
17 defects to be corrected 
0 vertices coincident
reading input surface /out/sourcedata/freesurfer/sub-v1s20x0050286_ses-1/surf/rh.qsphere.nofix...
reading brain volume from brain...
reading wm segmentation from wm...
Reading original properties of orig.nofix
Reading vertex positions of inflated.nofix
Computing Initial Surface Statistics
      -face       loglikelihood: -8.9060  (-4.4530)
      -vertex     loglikelihood: -6.0104  (-3.0052)
      -normal dot loglikelihood: -3.6321  (-3.6321)
      -quad curv  loglikelihood: -5.9384  (-2.9692)
      Total Loglikelihood : -24.4870
CORRECTING DEFECT 0 (vertices=87, convex hull=114, v0=22)
After retessellation of defect 0 (v0=22), euler #=-14 (115610,345994,230370) : difference with theory (-14) = 0 
CORRECTING DEFECT 1 (vertices=318, convex hull=226, v0=10555)
After retessellation of defect 1 (v0=10555), euler #=-13 (115722,346435,230700) : difference with theory (-13) = 0 
CORRECTING DEFECT 2 (vertices=18, convex hull=27, v0=27622)
After retessellation of defect 2 (v0=27622), euler #=-12 (115726,346455,230717) : difference with theory (-12) = 0 
CORRECTING DEFECT 3 (vertices=25, convex hull=50, v0=27846)
After retessellation of defect 3 (v0=27846), euler #=-11 (115740,346516,230765) : difference with theory (-11) = 0 
CORRECTING DEFECT 4 (vertices=521, convex hull=210, v0=39525)
After retessellation of defect 4 (v0=39525), euler #=-10 (115764,346694,230920) : difference with theory (-10) = 0 
CORRECTING DEFECT 5 (vertices=29, convex hull=30, v0=46515)
After retessellation of defect 5 (v0=46515), euler #=-9 (115766,346710,230935) : difference with theory (-9) = 0 
CORRECTING DEFECT 6 (vertices=199, convex hull=219, v0=48769)
normal vector of length zero at vertex 116634 with 3 faces
normal vector of length zero at vertex 116634 with 3 faces
normal vector of length zero at vertex 116634 with 3 faces
normal vector of length zero at vertex 116634 with 3 faces
After retessellation of defect 6 (v0=48769), euler #=-8 (115782,346864,231074) : difference with theory (-8) = 0 
CORRECTING DEFECT 7 (vertices=215, convex hull=180, v0=52233)
After retessellation of defect 7 (v0=52233), euler #=-7 (115887,347276,231382) : difference with theory (-7) = 0 
CORRECTING DEFECT 8 (vertices=81, convex hull=110, v0=54445)
After retessellation of defect 8 (v0=54445), euler #=-6 (115937,347482,231539) : difference with theory (-6) = 0 
CORRECTING DEFECT 9 (vertices=125, convex hull=123, v0=68582)
After retessellation of defect 9 (v0=68582), euler #=-5 (115978,347665,231682) : difference with theory (-5) = 0 
CORRECTING DEFECT 10 (vertices=199, convex hull=105, v0=74744)
After retessellation of defect 10 (v0=74744), euler #=-4 (115993,347761,231764) : difference with theory (-4) = 0 
CORRECTING DEFECT 11 (vertices=23, convex hull=24, v0=79224)
After retessellation of defect 11 (v0=79224), euler #=-3 (115998,347787,231786) : difference with theory (-3) = 0 
CORRECTING DEFECT 12 (vertices=24, convex hull=57, v0=79311)
After retessellation of defect 12 (v0=79311), euler #=-2 (116009,347841,231830) : difference with theory (-2) = 0 
CORRECTING DEFECT 13 (vertices=140, convex hull=97, v0=79374)
After retessellation of defect 13 (v0=79374), euler #=-1 (116039,347985,231945) : difference with theory (-1) = 0 
CORRECTING DEFECT 14 (vertices=230, convex hull=69, v0=88268)
After retessellation of defect 14 (v0=88268), euler #=0 (116062,348088,232026) : difference with theory (0) = 0 
CORRECTING DEFECT 15 (vertices=172, convex hull=154, v0=99341)
After retessellation of defect 15 (v0=99341), euler #=1 (116138,348390,232253) : difference with theory (1) = 0 
CORRECTING DEFECT 16 (vertices=70, convex hull=47, v0=116447)
After retessellation of defect 16 (v0=116447), euler #=2 (116146,348432,232288) : difference with theory (2) = 0 
computing original vertex metric properties...
storing new metric properties...
computing tessellation statistics...
vertex spacing 0.89 +- 0.23 (0.08-->14.55) (max @ vno 11288 --> 19713)
face area -nan +- -nan (1000.00-->-1.00)
performing soap bubble on retessellated vertices for 0 iterations...
vertex spacing 0.89 +- 0.23 (0.08-->14.55) (max @ vno 11288 --> 19713)
face area -nan +- -nan (1000.00-->-1.00)
tessellation finished, orienting corrected surface...
79 mutations (35.0%), 147 crossovers (65.0%), 320 vertices were eliminated
building final representation...
1920 vertices and 0 faces have been removed from triangulation
after topology correction, eno=2 (nv=116146, nf=232288, ne=348432, g=0)
writing corrected surface to /out/sourcedata/freesurfer/sub-v1s20x0050286_ses-1/surf/rh.orig.premesh...

0.000 % of the vertices (0 vertices) exhibit an orientation change
removing intersecting faces
000: 189 intersecting
001: 13 intersecting
002: 5 intersecting
terminating search with 0 intersecting
topology fixing took 1.6 minutes
FSRUNTIME@ mris_fix_topology rh  0.0274 hours 16 threads
#VMPC# mris_fix_topology VmPeak  2212148

 mris_euler_number ../surf/rh.orig.premesh 

euler # = v-e+f = 2g-2: 116146 - 348432 + 232288 = 2 --> 0 holes
      F =2V-4:          232288 = 232292-4 (0)
      2E=3F:            696864 = 696864 (0)

total defect index = 0
Thu Mar 12 16:29:24 CET 2026

setenv SUBJECTS_DIR /out/sourcedata/freesurfer
cd /out/sourcedata/freesurfer/sub-v1s20x0050286_ses-1/scripts
/opt/freesurfer/bin/defect2seg --s sub-v1s20x0050286_ses-1 --rh-only --cortex

freesurfer-linux-ubuntu22_x86_64-7.3.2-20220804-6354275
defect2seg 7.3.2
Linux dna084 5.14.0-427.37.1.el9_4.x86_64 #1 SMP PREEMPT_DYNAMIC Fri Sep 13 12:41:50 EDT 2024 x86_64 x86_64 x86_64 GNU/Linux
pid 2766215
mri_label2label --label-cortex /out/sourcedata/freesurfer/sub-v1s20x0050286_ses-1/surf/rh.orig.nofix /out/sourcedata/freesurfer/sub-v1s20x0050286_ses-1/mri/aseg.presurf.mgz 0 /out/sourcedata/freesurfer/sub-v1s20x0050286_ses-1/label/rh.nofix.cortex.label

 Generating cortex label... RemoveHipAmgy=0
 NucAccIsMedialWall=0
 mris->useRealRAS=0
13 non-cortical segments detected
only using segment with 7355 vertices
erasing segment 1 (vno[0] = 46363)
erasing segment 2 (vno[0] = 57356)
erasing segment 3 (vno[0] = 57360)
erasing segment 4 (vno[0] = 58443)
erasing segment 5 (vno[0] = 58448)
erasing segment 6 (vno[0] = 72566)
erasing segment 7 (vno[0] = 79224)
erasing segment 8 (vno[0] = 80424)
erasing segment 9 (vno[0] = 81252)
erasing segment 10 (vno[0] = 82522)
erasing segment 11 (vno[0] = 84571)
erasing segment 12 (vno[0] = 96188)
mri_label2vol --defects /out/sourcedata/freesurfer/sub-v1s20x0050286_ses-1/surf/rh.orig.nofix /out/sourcedata/freesurfer/sub-v1s20x0050286_ses-1/surf/rh.defect_labels /out/sourcedata/freesurfer/sub-v1s20x0050286_ses-1/mri/orig.mgz 2000 0 /out/sourcedata/freesurfer/sub-v1s20x0050286_ses-1/mri/rh.surface.defects.mgz /out/sourcedata/freesurfer/sub-v1s20x0050286_ses-1/label/rh.nofix.cortex.label
mri_label2vol supposed to be reproducible but seed not set
Contraining to label /out/sourcedata/freesurfer/sub-v1s20x0050286_ses-1/label/rh.nofix.cortex.label
Changing input type 0 to MRI_INT
Converting defects to volume: offset=2000, merge=0
Writing to /out/sourcedata/freesurfer/sub-v1s20x0050286_ses-1/mri/rh.surface.defects.mgz
mris_defects_pointset -s /out/sourcedata/freesurfer/sub-v1s20x0050286_ses-1/surf/rh.orig.nofix -d /out/sourcedata/freesurfer/sub-v1s20x0050286_ses-1/surf/rh.defect_labels -o /out/sourcedata/freesurfer/sub-v1s20x0050286_ses-1/surf/rh.defects.pointset --label /out/sourcedata/freesurfer/sub-v1s20x0050286_ses-1/label/rh.nofix.cortex.label
Reading in surface /out/sourcedata/freesurfer/sub-v1s20x0050286_ses-1/surf/rh.orig.nofix
Reading in defect segmentation /out/sourcedata/freesurfer/sub-v1s20x0050286_ses-1/surf/rh.defect_labels
Reading in label /out/sourcedata/freesurfer/sub-v1s20x0050286_ses-1/label/rh.nofix.cortex.label
#VMPC# mris_defects_pointset 1501548
mris_defects_pointset done
 
Started at Thu Mar 12 16:29:24 CET 2026 
Ended   at Thu Mar 12 16:29:33 CET 2026
Defect2seg-Run-Time-Sec 9
Defect2seg-Run-Time-Min 0.18
Defect2seg-Run-Time-Hours 0.00
 
tkmeditfv sub-v1s20x0050286_ses-1 brain.finalsurfs.mgz -defect
defect2seg Done

 mris_remesh --remesh --iters 3 --input /out/sourcedata/freesurfer/sub-v1s20x0050286_ses-1/surf/rh.orig.premesh --output /out/sourcedata/freesurfer/sub-v1s20x0050286_ses-1/surf/rh.orig 

iters = 3
standard remeshing without target
   adjusted l: 0.714619
remeshing to edge length 0.714619 with 3 iterations

avg qual before   : 0.891354  after: 0.971467

Removing intersections
Remeshed surface quality stats nv0 = 116146  nv = 121502  1.04611
Area    243000  0.30588  0.03365 0.080446   0.4762
Corner  729000 60.00000  8.74788 16.658185 144.2398
Edge    364500  0.84842  0.08232 0.472239   1.2690
Hinge   364500  9.22676  9.33281 0.000000 120.6166
mris_remesh done
/out/sourcedata/freesurfer/sub-v1s20x0050286_ses-1/scripts

 mris_remove_intersection ../surf/rh.orig ../surf/rh.orig 

intersection removal took 0.00 hours
writing corrected surface to ../surf/rh.orig

 rm -f ../surf/rh.inflated 

#--------------------------------------------
#@# AutoDetGWStats rh Thu Mar 12 16:29:54 CET 2026
cd /out/sourcedata/freesurfer/sub-v1s20x0050286_ses-1/mri
mris_autodet_gwstats --o ../surf/autodet.gw.stats.rh.dat --i brain.finalsurfs.mgz --wm wm.mgz --surf ../surf/rh.orig.premesh
7.3.2

cd /out/sourcedata/freesurfer/sub-v1s20x0050286_ses-1/mri
setenv SUBJECTS_DIR /out/sourcedata/freesurfer
mris_autodet_gwstats --o ../surf/autodet.gw.stats.rh.dat --i brain.finalsurfs.mgz --wm wm.mgz --surf ../surf/rh.orig.premesh 

border white:    227889 voxels (1.36%)
border gray      241387 voxels (1.44%)
Reading in intensity volume brain.finalsurfs.mgz
Reading in wm volume wm.mgz
Reading in surf ../surf/rh.orig.premesh
Auto detecting stats
MRIclipBrightWM(): nthresh=11510, wmmin=5, clip=110 
Binarizing thresholding at 5
computing class statistics... low=30, hi=110.000000
CCS WM (97.0): 97.9 +- 7.1 [70.0 --> 110.0]
CCS GM (78.0) : 76.7 +- 9.8 [30.0 --> 110.0]
white_mean = 97.9348 +/- 7.14567, gray_mean = 76.7418 +/- 9.7696
using class modes intead of means, discounting robust sigmas....
MRIScomputeClassModes(): min=0 max=235 nbins=236
intensity peaks found at WM=101+-5.2,    GM=73+-8.7
white_mode = 101, gray_mode = 73
std_scale = 1
Applying sanity checks, max_scale_down = 0.2
setting MIN_GRAY_AT_WHITE_BORDER to 63.2 (was 70.000000)
setting MAX_BORDER_WHITE to 108.1 (was 105.000000)
setting MIN_BORDER_WHITE to 73.0 (was 85.000000)
setting MAX_CSF to 53.5 (was 40.000000)
setting MAX_GRAY to 93.9 (was 95.000000)
setting MAX_GRAY_AT_CSF_BORDER to 63.2 (was 75.000000)
setting MIN_GRAY_AT_CSF_BORDER to 43.7 (was 40.000000)
When placing the white surface
  white_border_hi   = 108.146;
  white_border_low  = 73;
  white_outside_low = 63.2304;
  white_inside_hi   = 120;
  white_outside_hi  = 108.146;
When placing the pial surface
  pial_border_hi   = 63.2304;
  pial_border_low  = 43.6912;
  pial_outside_low = 10;
  pial_inside_hi   = 93.8543;
  pial_outside_hi  = 58.3456;
#VMPC# mris_autodet_gwstats VmPeak  1836372
mris_autodet_gwstats done
#--------------------------------------------
#@# WhitePreAparc rh Thu Mar 12 16:29:57 CET 2026
cd /out/sourcedata/freesurfer/sub-v1s20x0050286_ses-1/mri
mris_place_surface --adgws-in ../surf/autodet.gw.stats.rh.dat --wm wm.mgz --threads 16 --invol brain.finalsurfs.mgz --rh --i ../surf/rh.orig --o ../surf/rh.white.preaparc --white --seg aseg.presurf.mgz --nsmooth 5
7.3.2
7.3.2

cd /out/sourcedata/freesurfer/sub-v1s20x0050286_ses-1/mri
setenv SUBJECTS_DIR /out/sourcedata/freesurfer
mris_place_surface --adgws-in ../surf/autodet.gw.stats.rh.dat --wm wm.mgz --threads 16 --invol brain.finalsurfs.mgz --rh --i ../surf/rh.orig --o ../surf/rh.white.preaparc --white --seg aseg.presurf.mgz --nsmooth 5 

Reading in input surface ../surf/rh.orig
Smoothing surface before ripping with 5 iterations
Area    243000  0.27350  0.06129 0.004506   0.5900
Corner  729000 60.00000  8.97929 16.323501 136.7953
Edge    364500  0.79829  0.11036 0.076103   1.2886
Hinge   364500  6.18019  5.94964 0.000006 121.2992
Not reading in aparc
Reading in input volume brain.finalsurfs.mgz
Reading in wm volume wm.mgz
MRIclipBrightWM(): nthresh=11510, wmmin=5, clip=110 
MRIfindBrightNonWM(): 233 bright non-wm voxels segmented.
Masking bright non-wm for white surface
MRImask(): AllowDiffGeom = 1
MRImask(): AllowDiffGeom = 1
Reading in seg volume aseg.presurf.mgz
Ripping frozen voxels
INFO: rip surface needed but not specified, so using input surface
Freezing midline and others
Entering: MRISripMidline(): inhibiting deformation at non-cortical midline structures...
  which=1, fix_mtl=0, using annot = 0
#FML0# MRISripMidline(): nripped=0
#FML# MRISripMidline(): nmarked=5875, nmarked2=9, nripped=5875
Ripping segs (eg, WMSA, BG, frozen)
Starting MRISripSegs() d = (-2 2 0.5) segnos: 247 
MRISripSegs(): -2 2 0.5 ripped 0
vertex 60751: xyz = (53.7104,9.40497,22.4064) oxyz = (53.7104,9.40497,22.4064) wxzy = (53.7104,9.40497,22.4064) pxyz = (0,0,0) 
CBVO Creating mask 121502
n_averages 4
Iteration 0 =========================================
n_averages=4, current_sigma=2
Freezing midline and others
Ripping frozen voxels
INFO: rip surface needed but not specified, so using input surface
Freezing midline and others
Entering: MRISripMidline(): inhibiting deformation at non-cortical midline structures...
  which=1, fix_mtl=0, using annot = 0
#FML0# MRISripMidline(): nripped=5875
#FML# MRISripMidline(): nmarked=5875, nmarked2=9, nripped=5875
Ripping segs (eg, WMSA, BG, frozen)
Starting MRISripSegs() d = (-2 2 0.5) segnos: 247 247 
MRISripSegs(): -2 2 0.5 ripped 0
Computing target border values 
Entering MRIScomputeBorderValues_new(): 
  inside_hi   = 120.0000000;
  border_hi   = 108.1456680;
  border_low  =  73.0000000;
  outside_low =  63.2303960;
  outside_hi  = 108.1456680;
  sigma = 2;
  max_thickness = 10;
  step_size=0.5;
  STEP_SIZE=0.1;
  which = 1
  thresh = 0
  flags = 0
  CBVfindFirstPeakD1=0
  CBVfindFirstPeakD2=0
  nvertices=121502
  Gdiag_no=-1
  vno start=0, stop=121502
Replacing 255s with 0s
#SI# sigma=2 had to be increased for 114 vertices, nripped=5875
mean border=84.1, 34 (34) missing vertices, mean dist 0.2 [0.7 (%40.1)->0.9 (%59.9))]
%58 local maxima, %37 large gradients and % 0 min vals, 0 gradients ignored
nFirstPeakD1 0
MRIScomputeBorderValues_new() finished in 0.0083 min


Finding expansion regions
mean absolute distance = 0.78 +- 0.99
3543 vertices more than 2 sigmas from mean.
Averaging target values for 5 iterations...
Positioning Surface: tspring = 0.3, nspring = 0.3, spring = 0, niters = 100 l_repulse = 5, l_surf_repulse = 0, checktol = 0
Positioning pial surface
Entering MRISpositionSurface()
  max_mm = 0.3
  MAX_REDUCTIONS = 2, REDUCTION_PCT = 0.5
  parms->check_tol = 0, niterations = 100
tol=1.0e-04, sigma=2.0, host=dna08, nav=4, nbrs=2, l_repulse=5.000, l_tspring=0.300, l_nspring=0.300, l_intensity=0.200, l_curv=1.000
mom=0.00, dt=0.50
complete_dist_mat 0
rms 0
smooth_averages 0
remove_neg 0
ico_order 0
which_surface 0
target_radius 0.000000
nfields 0
scale 0.000000
desired_rms_height 0.000000
momentum 0.000000
nbhd_size 0
max_nbrs 0
niterations 100
nsurfaces 0
SURFACES 3
flags 0 (0)
use curv 0
no sulc 0
no rigid align 0
mris->nsize 2
mris->hemisphere 1
randomSeed 0

000: dt: 0.0000, sse=1879863.4, rms=8.688
001: dt: 0.5000, sse=1070063.8, rms=6.368 (26.704%)
002: dt: 0.5000, sse=687934.4, rms=4.902 (23.030%)
003: dt: 0.5000, sse=490396.5, rms=3.932 (19.781%)
004: dt: 0.5000, sse=377817.6, rms=3.244 (17.499%)
005: dt: 0.5000, sse=319353.0, rms=2.825 (12.904%)
006: dt: 0.5000, sse=288033.4, rms=2.565 (9.215%)
007: dt: 0.5000, sse=270752.1, rms=2.400 (6.419%)
008: dt: 0.5000, sse=262058.8, rms=2.310 (3.772%)
rms = 2.2823/2.3098, sse=262119.7/262058.8, time step reduction 1 of 3 to 0.250  0 1 1
009: dt: 0.5000, sse=262119.7, rms=2.282 (1.192%)
010: dt: 0.2500, sse=182816.2, rms=1.344 (41.093%)
011: dt: 0.2500, sse=176688.9, rms=1.219 (9.325%)
rms = 1.1699/1.2190, sse=191207.5/176688.9, time step reduction 2 of 3 to 0.125  0 1 1
012: dt: 0.2500, sse=191207.5, rms=1.170 (4.029%)
013: dt: 0.1250, sse=169492.4, rms=1.108 (5.332%)
rms = 1.0991/1.1076, sse=169573.1/169492.4, time step reduction 3 of 3 to 0.062  0 1 1
014: dt: 0.1250, sse=169573.1, rms=1.099 (0.764%)
  maximum number of reductions reached, breaking from loop
positioning took 0.9 minutes
Iteration 1 =========================================
n_averages=2, current_sigma=1
Freezing midline and others
Ripping frozen voxels
INFO: rip surface needed but not specified, so using input surface
Freezing midline and others
Entering: MRISripMidline(): inhibiting deformation at non-cortical midline structures...
  which=1, fix_mtl=0, using annot = 0
#FML0# MRISripMidline(): nripped=5875
#FML# MRISripMidline(): nmarked=6126, nmarked2=21, nripped=6126
Ripping segs (eg, WMSA, BG, frozen)
Starting MRISripSegs() d = (-2 2 0.5) segnos: 247 247 247 
MRISripSegs(): -2 2 0.5 ripped 0
Computing target border values 
Entering MRIScomputeBorderValues_new(): 
  inside_hi   = 120.0000000;
  border_hi   = 108.1456680;
  border_low  =  73.0000000;
  outside_low =  63.2303960;
  outside_hi  = 108.1456680;
  sigma = 1;
  max_thickness = 10;
  step_size=0.5;
  STEP_SIZE=0.1;
  which = 1
  thresh = 0
  flags = 0
  CBVfindFirstPeakD1=0
  CBVfindFirstPeakD2=0
  nvertices=121502
  Gdiag_no=-1
  vno start=0, stop=121502
Replacing 255s with 0s
#SI# sigma=1 had to be increased for 75 vertices, nripped=6126
mean border=86.3, 63 (4) missing vertices, mean dist -0.3 [0.6 (%66.7)->0.3 (%33.3))]
%66 local maxima, %29 large gradients and % 0 min vals, 0 gradients ignored
nFirstPeakD1 0
MRIScomputeBorderValues_new() finished in 0.0062 min


Finding expansion regions
mean absolute distance = 0.48 +- 0.87
4480 vertices more than 2 sigmas from mean.
Averaging target values for 5 iterations...
Positioning Surface: tspring = 0.3, nspring = 0.3, spring = 0, niters = 100 l_repulse = 5, l_surf_repulse = 0, checktol = 0
Positioning pial surface
Entering MRISpositionSurface()
  max_mm = 0.3
  MAX_REDUCTIONS = 2, REDUCTION_PCT = 0.5
  parms->check_tol = 0, niterations = 100
tol=1.0e-04, sigma=1.0, host=dna08, nav=2, nbrs=2, l_repulse=5.000, l_tspring=0.300, l_nspring=0.300, l_intensity=0.200, l_curv=1.000
mom=0.00, dt=0.50
000: dt: 0.0000, sse=597461.6, rms=4.253
015: dt: 0.5000, sse=375008.5, rms=2.909 (31.595%)
016: dt: 0.5000, sse=308193.7, rms=2.328 (19.976%)
017: dt: 0.5000, sse=276365.7, rms=2.058 (11.584%)
018: dt: 0.5000, sse=262524.1, rms=1.902 (7.571%)
rms = 1.8608/1.9024, sse=260483.2/262524.1, time step reduction 1 of 3 to 0.250  0 0 1
019: dt: 0.5000, sse=260483.2, rms=1.861 (2.186%)
020: dt: 0.2500, sse=212402.4, rms=1.165 (37.405%)
021: dt: 0.2500, sse=204341.9, rms=1.015 (12.832%)
rms = 0.9791/1.0153, sse=202890.5/204341.9, time step reduction 2 of 3 to 0.125  0 0 1
022: dt: 0.2500, sse=202890.5, rms=0.979 (3.567%)
023: dt: 0.1250, sse=198648.3, rms=0.889 (9.218%)
rms = 0.8657/0.8888, sse=197945.1/198648.3, time step reduction 3 of 3 to 0.062  0 0 1
024: dt: 0.1250, sse=197945.1, rms=0.866 (2.599%)
  maximum number of reductions reached, breaking from loop
positioning took 0.6 minutes
Iteration 2 =========================================
n_averages=1, current_sigma=0.5
Freezing midline and others
Ripping frozen voxels
INFO: rip surface needed but not specified, so using input surface
Freezing midline and others
Entering: MRISripMidline(): inhibiting deformation at non-cortical midline structures...
  which=1, fix_mtl=0, using annot = 0
#FML0# MRISripMidline(): nripped=6126
removing 2 vertices from ripped group in thread:0
removing 4 vertices from ripped group in thread:0
#FML# MRISripMidline(): nmarked=6175, nmarked2=22, nripped=6175
Ripping segs (eg, WMSA, BG, frozen)
Starting MRISripSegs() d = (-2 2 0.5) segnos: 247 247 247 247 
MRISripSegs(): -2 2 0.5 ripped 0
Computing target border values 
Entering MRIScomputeBorderValues_new(): 
  inside_hi   = 120.0000000;
  border_hi   = 108.1456680;
  border_low  =  73.0000000;
  outside_low =  63.2303960;
  outside_hi  = 108.1456680;
  sigma = 0.5;
  max_thickness = 10;
  step_size=0.5;
  STEP_SIZE=0.1;
  which = 1
  thresh = 0
  flags = 0
  CBVfindFirstPeakD1=0
  CBVfindFirstPeakD2=0
  nvertices=121502
  Gdiag_no=-1
  vno start=0, stop=121502
Replacing 255s with 0s
#SI# sigma=0.5 had to be increased for 102 vertices, nripped=6175
mean border=88.1, 50 (1) missing vertices, mean dist -0.2 [0.4 (%66.0)->0.2 (%34.0))]
%77 local maxima, %18 large gradients and % 0 min vals, 0 gradients ignored
nFirstPeakD1 0
MRIScomputeBorderValues_new() finished in 0.0037 min


Finding expansion regions
mean absolute distance = 0.36 +- 0.58
3826 vertices more than 2 sigmas from mean.
Averaging target values for 5 iterations...
Positioning Surface: tspring = 0.3, nspring = 0.3, spring = 0, niters = 100 l_repulse = 5, l_surf_repulse = 0, checktol = 0
Positioning pial surface
Entering MRISpositionSurface()
  max_mm = 0.3
  MAX_REDUCTIONS = 2, REDUCTION_PCT = 0.5
  parms->check_tol = 0, niterations = 100
tol=1.0e-04, sigma=0.5, host=dna08, nav=1, nbrs=2, l_repulse=5.000, l_tspring=0.300, l_nspring=0.300, l_intensity=0.200, l_curv=1.000
mom=0.00, dt=0.50
000: dt: 0.0000, sse=369069.3, rms=2.890
025: dt: 0.5000, sse=253594.3, rms=1.804 (37.593%)
026: dt: 0.5000, sse=233282.6, rms=1.474 (18.292%)
rms = 1.4913/1.4738, sse=229675.6/233282.6, time step reduction 1 of 3 to 0.250  0 0 1
   RMS increased, rejecting step
027: dt: 0.2500, sse=207431.4, rms=1.117 (24.234%)
028: dt: 0.2500, sse=199654.9, rms=0.956 (14.350%)
rms = 0.9163/0.9564, sse=198437.4/199654.9, time step reduction 2 of 3 to 0.125  0 0 1
029: dt: 0.2500, sse=198437.4, rms=0.916 (4.194%)
030: dt: 0.1250, sse=194497.5, rms=0.829 (9.504%)
rms = 0.8093/0.8292, sse=194082.6/194497.5, time step reduction 3 of 3 to 0.062  0 0 1
031: dt: 0.1250, sse=194082.6, rms=0.809 (2.400%)
  maximum number of reductions reached, breaking from loop
positioning took 0.4 minutes
Iteration 3 =========================================
n_averages=0, current_sigma=0.25
Freezing midline and others
Ripping frozen voxels
INFO: rip surface needed but not specified, so using input surface
Freezing midline and others
Entering: MRISripMidline(): inhibiting deformation at non-cortical midline structures...
  which=1, fix_mtl=0, using annot = 0
#FML0# MRISripMidline(): nripped=6175
removing 4 vertices from ripped group in thread:0
removing 4 vertices from ripped group in thread:0
removing 3 vertices from ripped group in thread:0
#FML# MRISripMidline(): nmarked=6224, nmarked2=22, nripped=6224
Ripping segs (eg, WMSA, BG, frozen)
Starting MRISripSegs() d = (-2 2 0.5) segnos: 247 247 247 247 247 
MRISripSegs(): -2 2 0.5 ripped 0
Computing target border values 
Entering MRIScomputeBorderValues_new(): 
  inside_hi   = 120.0000000;
  border_hi   = 108.1456680;
  border_low  =  73.0000000;
  outside_low =  63.2303960;
  outside_hi  = 108.1456680;
  sigma = 0.25;
  max_thickness = 10;
  step_size=0.5;
  STEP_SIZE=0.1;
  which = 1
  thresh = 0
  flags = 0
  CBVfindFirstPeakD1=0
  CBVfindFirstPeakD2=0
  nvertices=121502
  Gdiag_no=-1
  vno start=0, stop=121502
Replacing 255s with 0s
#SI# sigma=0.25 had to be increased for 104 vertices, nripped=6224
mean border=88.8, 64 (1) missing vertices, mean dist -0.1 [0.3 (%56.4)->0.2 (%43.6))]
%82 local maxima, %13 large gradients and % 0 min vals, 0 gradients ignored
nFirstPeakD1 0
MRIScomputeBorderValues_new() finished in 0.0025 min


Finding expansion regions
mean absolute distance = 0.30 +- 0.45
3382 vertices more than 2 sigmas from mean.
Averaging target values for 5 iterations...
Positioning Surface: tspring = 0.3, nspring = 0.3, spring = 0, niters = 100 l_repulse = 5, l_surf_repulse = 0, checktol = 0
Positioning pial surface
Entering MRISpositionSurface()
  max_mm = 0.3
  MAX_REDUCTIONS = 2, REDUCTION_PCT = 0.5
  parms->check_tol = 0, niterations = 100
tol=1.0e-04, sigma=0.2, host=dna08, nav=0, nbrs=2, l_repulse=5.000, l_tspring=0.300, l_nspring=0.300, l_intensity=0.200, l_curv=1.000
mom=0.00, dt=0.50
000: dt: 0.0000, sse=231764.1, rms=1.549
032: dt: 0.5000, sse=212240.7, rms=1.231 (20.533%)
033: dt: 0.5000, sse=209704.4, rms=1.167 (5.183%)
rms = 1.3458/1.1672, sse=217641.0/209704.4, time step reduction 1 of 3 to 0.250  0 1 1
   RMS increased, rejecting step
034: dt: 0.2500, sse=192716.9, rms=0.831 (28.782%)
rms = 0.8156/0.8312, sse=192411.4/192716.9, time step reduction 2 of 3 to 0.125  0 0 1
035: dt: 0.2500, sse=192411.4, rms=0.816 (1.884%)
036: dt: 0.1250, sse=186489.8, rms=0.680 (16.600%)
rms = 0.6634/0.6802, sse=188517.2/186489.8, time step reduction 3 of 3 to 0.062  0 1 1
037: dt: 0.1250, sse=188517.2, rms=0.663 (2.463%)
  maximum number of reductions reached, breaking from loop
positioning took 0.4 minutes


Writing output to ../surf/rh.white.preaparc
#ET# mris_place_surface  2.32 minutes
#VMPC# mris_place_surfaces VmPeak  3061640
mris_place_surface done
#--------------------------------------------
#@# CortexLabel rh Thu Mar 12 16:32:19 CET 2026
cd /out/sourcedata/freesurfer/sub-v1s20x0050286_ses-1/mri
mri_label2label --label-cortex ../surf/rh.white.preaparc aseg.presurf.mgz 0 ../label/rh.cortex.label

 Generating cortex label... RemoveHipAmgy=0
 NucAccIsMedialWall=0
 mris->useRealRAS=0
6 non-cortical segments detected
only using segment with 7634 vertices
erasing segment 0 (vno[0] = 9572)
erasing segment 1 (vno[0] = 12418)
erasing segment 3 (vno[0] = 48222)
erasing segment 4 (vno[0] = 71259)
erasing segment 5 (vno[0] = 72122)
#--------------------------------------------
#@# CortexLabel+HipAmyg rh Thu Mar 12 16:32:27 CET 2026
cd /out/sourcedata/freesurfer/sub-v1s20x0050286_ses-1/mri
mri_label2label --label-cortex ../surf/rh.white.preaparc aseg.presurf.mgz 1 ../label/rh.cortex+hipamyg.label

 Generating cortex label... RemoveHipAmgy=1
 NucAccIsMedialWall=0
 mris->useRealRAS=0
12 non-cortical segments detected
only using segment with 5198 vertices
erasing segment 0 (vno[0] = 9572)
erasing segment 1 (vno[0] = 12418)
erasing segment 3 (vno[0] = 36128)
erasing segment 4 (vno[0] = 36974)
erasing segment 5 (vno[0] = 48222)
erasing segment 6 (vno[0] = 64526)
erasing segment 7 (vno[0] = 65217)
erasing segment 8 (vno[0] = 71259)
erasing segment 9 (vno[0] = 72122)
erasing segment 10 (vno[0] = 100015)
erasing segment 11 (vno[0] = 113826)
#--------------------------------------------
#@# Smooth2 rh Thu Mar 12 16:32:35 CET 2026
/out/sourcedata/freesurfer/sub-v1s20x0050286_ses-1/scripts

 mris_smooth -n 3 -nw -seed 1234 ../surf/rh.white.preaparc ../surf/rh.smoothwm 

smoothing for 3 iterations
setting seed for random number generator to 1234
smoothing surface tessellation for 3 iterations...
smoothing complete - recomputing first and second fundamental forms...
#--------------------------------------------
#@# Inflation2 rh Thu Mar 12 16:32:37 CET 2026
/out/sourcedata/freesurfer/sub-v1s20x0050286_ses-1/scripts

 mris_inflate ../surf/rh.smoothwm ../surf/rh.inflated 

Reading ../surf/rh.smoothwm
avg radius = 44.8 mm, total surface area = 74519 mm^2
step 000: RMS=0.161 (target=0.015)   step 005: RMS=0.110 (target=0.015)   step 010: RMS=0.082 (target=0.015)   step 015: RMS=0.068 (target=0.015)   step 020: RMS=0.056 (target=0.015)   step 025: RMS=0.047 (target=0.015)   step 030: RMS=0.038 (target=0.015)   step 035: RMS=0.033 (target=0.015)   step 040: RMS=0.028 (target=0.015)   step 045: RMS=0.025 (target=0.015)   step 050: RMS=0.023 (target=0.015)   step 055: RMS=0.022 (target=0.015)   step 060: RMS=0.021 (target=0.015)   writing inflated surface to ../surf/rh.inflated
writing sulcal depths to ../surf/rh.sulc

inflation complete.
inflation took 0.1 minutes
mris_inflate utimesec    35.742731
mris_inflate stimesec    0.377660
mris_inflate ru_maxrss   186136
mris_inflate ru_ixrss    0
mris_inflate ru_idrss    0
mris_inflate ru_isrss    0
mris_inflate ru_minflt   110069
mris_inflate ru_majflt   2
mris_inflate ru_nswap    0
mris_inflate ru_inblock  0
mris_inflate ru_oublock  9504
mris_inflate ru_msgsnd   0
mris_inflate ru_msgrcv   0
mris_inflate ru_nsignals 0
mris_inflate ru_nvcsw    3761
mris_inflate ru_nivcsw   122
#--------------------------------------------
#@# Curv .H and .K rh Thu Mar 12 16:32:43 CET 2026
/out/sourcedata/freesurfer/sub-v1s20x0050286_ses-1/surf

 mris_curvature -w -seed 1234 rh.white.preaparc 

setting seed for random number generator to 1234
total integrated curvature = 20.658*4pi (259.597) --> -20 handles
ICI = 133.9, FI = 1138.8, variation=18527.212
writing Gaussian curvature to ./rh.white.preaparc.K...done.
writing mean curvature to ./rh.white.preaparc.H...done.
rm -f rh.white.H
ln -s rh.white.preaparc.H rh.white.H
rm -f rh.white.K
ln -s rh.white.preaparc.K rh.white.K

 mris_curvature -seed 1234 -thresh .999 -n -a 5 -w -distances 10 10 rh.inflated 

setting seed for random number generator to 1234
normalizing curvature values.
averaging curvature patterns 5 times.
sampling 10 neighbors out to a distance of 10 mm
132 vertices thresholded to be in k1 ~ [-1.44 0.72], k2 ~ [-0.11 0.15]
total integrated curvature = 0.559*4pi (7.029) --> 0 handles
ICI = 1.5, FI = 9.6, variation=162.493
100 vertices thresholded to be in [-0.03 0.02]
writing Gaussian curvature to ./rh.inflated.K...thresholding curvature at 99.90% level
curvature mean = 0.000, std = 0.001
103 vertices thresholded to be in [-0.37 0.36]
done.
writing mean curvature to ./rh.inflated.H...curvature mean = -0.016, std = 0.028
done.
#--------------------------------------------
#@# Sphere rh Thu Mar 12 16:33:15 CET 2026
/out/sourcedata/freesurfer/sub-v1s20x0050286_ses-1/scripts

 mris_sphere -seed 1234 ../surf/rh.inflated ../surf/rh.sphere 

setting seed for random number genererator to 1234
version: 7.3.2
available threads: 16
reading original vertex positions...
projecting onto sphere...
surface projected - minimizing metric distortion...
scaling brain by 0.318...
MRISunfold() max_passes = 1 -------
tol=5.0e-01, sigma=0.0, host=dna08, nav=1024, nbrs=2, l_area=1.000, l_dist=1.000
using quadratic fit line minimization
complete_dist_mat 0
rms 0
smooth_averages 0
remove_neg 0
ico_order 0
which_surface 0
target_radius 0.000000
nfields 0
scale 1.000000
desired_rms_height -1.000000
momentum 0.900000
nbhd_size 7
max_nbrs 8
niterations 25
nsurfaces 0
SURFACES 3
flags 0 (0)
use curv 0
no sulc 0
no rigid align 0
mris->nsize 2
mris->hemisphere 1
randomSeed 1234

singular matrix in quadratic form
singular matrix in quadratic form
singular matrix in quadratic form
singular matrix in quadratic form
singular matrix in quadratic form
singular matrix in quadratic form
singular matrix in quadratic form
--------------------
  mrisRemoveNegativeArea()
pass 1: epoch 1 of 3 starting distance error %19.02
pass 1: epoch 2 of 3 starting distance error %18.96
unfolding complete - removing small folds...
starting distance error %18.93
removing remaining folds...
final distance error %18.93
MRISunfold() return, current seed 1234
-01: dt=0.0000,  97 negative triangles  VmPeak 1571184
087: dt=0.9900,  97 negative triangles
088: dt=0.9900,  53 negative triangles
089: dt=0.9900,  36 negative triangles
090: dt=0.9900,  24 negative triangles
091: dt=0.9900,  26 negative triangles
092: dt=0.9900,  27 negative triangles
093: dt=0.9900,  27 negative triangles
094: dt=0.9900,  22 negative triangles
095: dt=0.9900,  20 negative triangles
096: dt=0.9900,  23 negative triangles
097: dt=0.9900,  24 negative triangles
098: dt=0.9900,  23 negative triangles
099: dt=0.9900,  21 negative triangles
100: dt=0.9900,  26 negative triangles
101: dt=0.9900,  21 negative triangles
102: dt=0.9900,  23 negative triangles
103: dt=0.9900,  24 negative triangles
104: dt=0.9900,  20 negative triangles
105: dt=0.9405,  23 negative triangles
106: dt=0.9405,  23 negative triangles
107: dt=0.9405,  20 negative triangles
108: dt=0.9405,  19 negative triangles
109: dt=0.9405,  18 negative triangles
110: dt=0.9405,  17 negative triangles
111: dt=0.9405,  17 negative triangles
112: dt=0.9405,  17 negative triangles
113: dt=0.9405,  17 negative triangles
114: dt=0.9405,  16 negative triangles
115: dt=0.9405,  15 negative triangles
116: dt=0.9405,  15 negative triangles
117: dt=0.9405,  17 negative triangles
118: dt=0.9405,  14 negative triangles
119: dt=0.9405,  16 negative triangles
120: dt=0.9405,  16 negative triangles
121: dt=0.9405,  12 negative triangles
122: dt=0.9405,   7 negative triangles
123: dt=0.9405,  11 negative triangles
124: dt=0.9405,   9 negative triangles
125: dt=0.9405,   6 negative triangles
126: dt=0.9405,   6 negative triangles
127: dt=0.9405,   5 negative triangles
128: dt=0.9405,   5 negative triangles
129: dt=0.9405,   4 negative triangles
130: dt=0.9405,   1 negative triangles
131: dt=0.9405,   3 negative triangles
132: dt=0.9405,   2 negative triangles
writing spherical brain to ../surf/rh.sphere
spherical transformation took 0.0177 hours
FSRUNTIME@ mris_sphere  0.0177 hours 16 threads
#VMPC# mris_sphere VmPeak  1571184
mris_sphere done
#--------------------------------------------
#@# Surf Reg rh Thu Mar 12 16:34:18 CET 2026
/out/sourcedata/freesurfer/sub-v1s20x0050286_ses-1/scripts

 mris_register -curv ../surf/rh.sphere /opt/freesurfer/average/rh.folding.atlas.acfb40.noaparc.i12.2016-08-02.tif ../surf/rh.sphere.reg 

using smoothwm curvature for final alignment

cwd /out/sourcedata/freesurfer/sub-v1s20x0050286_ses-1/scripts
cmdline mris_register -curv ../surf/rh.sphere /opt/freesurfer/average/rh.folding.atlas.acfb40.noaparc.i12.2016-08-02.tif ../surf/rh.sphere.reg 

0 inflated.H
1 sulc
2 smoothwm (computed)
7.3.2
  7.3.2
reading surface from ../surf/rh.sphere...
reading template parameterization from /opt/freesurfer/average/rh.folding.atlas.acfb40.noaparc.i12.2016-08-02.tif...
MRISregister() -------
max_passes = 4 
min_degrees = 0.500000 
max_degrees = 64.000000 
nangles = 8 
tol=5.0e-01, sigma=0.0, host=dna08, nav=1024, nbrs=1, l_extern=10000.000, l_parea=0.200, l_nlarea=1.000, l_corr=1.000, l_dist=5.000
using quadratic fit line minimization
complete_dist_mat 0
rms 0
smooth_averages 0
remove_neg 0
ico_order 0
which_surface 0
target_radius 0.000000
nfields 0
scale 0.000000
desired_rms_height -1.000000
momentum 0.950000
nbhd_size -10
max_nbrs 10
niterations 25
nsurfaces 0
SURFACES 3
flags 16 (10)
use curv 16
no sulc 0
no rigid align 0
mris->nsize 1
mris->hemisphere 1
randomSeed 0

tol=5.0e-01, sigma=0.0, host=dna08, nav=1024, nbrs=1, l_extern=10000.000, l_parea=0.200, l_nlarea=1.000, l_corr=1.000, l_dist=5.000
using quadratic fit line minimization
--------------------
1 Reading rh.sulc
tol=1.0e+00, sigma=0.5, host=dna08, nav=1024, nbrs=1, l_extern=10000.000, l_parea=0.200, l_nlarea=1.000, l_corr=0.050, l_spring=0.500, l_dist=5.000
using quadratic fit line minimization
curvature mean = 0.000, std = 5.495
curvature mean = 0.021, std = 0.813
curvature mean = 0.012, std = 0.874
Starting MRISrigidBodyAlignGlobal()
Starting new MRISrigidBodyAlignGlobal_findMinSSE()
  new MRISrigidBodyAlignGlobal_findMinSSE min @ (13.00, -6.00, 2.00) sse = 171721.3, elapsed since starting=0.0386 min
MRISrigidBodyAlignGlobal() done   0.04 min
curvature mean = 0.009, std = 0.842
curvature mean = 0.005, std = 0.954
curvature mean = 0.008, std = 0.853
curvature mean = 0.002, std = 0.982
curvature mean = 0.007, std = 0.856
curvature mean = 0.000, std = 0.993
2 Reading smoothwm
curvature mean = -0.020, std = 0.233
curvature mean = 0.034, std = 0.243
curvature mean = 0.050, std = 0.440
curvature mean = 0.033, std = 0.299
curvature mean = 0.022, std = 0.659
curvature mean = 0.032, std = 0.325
curvature mean = 0.010, std = 0.795
curvature mean = 0.032, std = 0.337
curvature mean = 0.002, std = 0.883
MRISregister() return, current seed 0
writing registered surface to ../surf/rh.sphere.reg...
-01: dt=0.0000,   0 negative triangles  VmPeak 1577432
registration took 0.03 hours
#VMPC# mris_register VmPeak  1577432
FSRUNTIME@ mris_register  0.0280 hours 16 threads

 ln -sf rh.sphere.reg rh.fsaverage.sphere.reg 

#--------------------------------------------
#@# Jacobian white rh Thu Mar 12 16:35:59 CET 2026
/out/sourcedata/freesurfer/sub-v1s20x0050286_ses-1/scripts

 mris_jacobian ../surf/rh.white.preaparc ../surf/rh.sphere.reg ../surf/rh.jacobian_white 

reading surface from ../surf/rh.white.preaparc...
writing curvature file ../surf/rh.jacobian_white
#--------------------------------------------
#@# AvgCurv rh Thu Mar 12 16:36:00 CET 2026
/out/sourcedata/freesurfer/sub-v1s20x0050286_ses-1/scripts

 mrisp_paint -a 5 /opt/freesurfer/average/rh.folding.atlas.acfb40.noaparc.i12.2016-08-02.tif#6 ../surf/rh.sphere.reg ../surf/rh.avg_curv 

averaging curvature patterns 5 times...
reading surface from ../surf/rh.sphere.reg...
reading template parameterization from /opt/freesurfer/average/rh.folding.atlas.acfb40.noaparc.i12.2016-08-02.tif...
writing curvature file to ../surf/rh.avg_curv...
#-----------------------------------------
#@# Cortical Parc rh Thu Mar 12 16:36:00 CET 2026
/out/sourcedata/freesurfer/sub-v1s20x0050286_ses-1/scripts

 mris_ca_label -l ../label/rh.cortex.label -aseg ../mri/aseg.presurf.mgz -seed 1234 sub-v1s20x0050286_ses-1 rh ../surf/rh.sphere.reg /opt/freesurfer/average/rh.DKaparc.atlas.acfb40.noaparc.i12.2016-08-02.gcs ../label/rh.aparc.annot 

setting seed for random number generator to 1234
using ../mri/aseg.presurf.mgz aseg volume to correct midline
7.3.2
  7.3.2
reading atlas from /opt/freesurfer/average/rh.DKaparc.atlas.acfb40.noaparc.i12.2016-08-02.gcs...
reading color table from GCSA file....
average std = 0.7   using min determinant for regularization = 0.004
0 singular and 309 ill-conditioned covariance matrices regularized
input 0: MEAN CURVATURE, flags 0, avgs 5, name mean_curvature
labeling surface...
1077 labels changed using aseg
relabeling using gibbs priors...
000:   2555 changed, 121502 examined...
001:    564 changed, 11017 examined...
002:    140 changed, 3316 examined...
003:     53 changed, 885 examined...
004:     21 changed, 338 examined...
005:      7 changed, 138 examined...
006:      2 changed, 46 examined...
007:      0 changed, 13 examined...
138 labels changed using aseg
000: 74 total segments, 34 labels (134 vertices) changed
001: 40 total segments, 0 labels (0 vertices) changed
10 filter iterations complete (10 requested, 2 changed)
rationalizing unknown annotations with cortex label
relabeling unknown label...
relabeling corpuscallosum label...
1217 vertices marked for relabeling...
1217 labels changed in reclassification.
writing output to ../label/rh.aparc.annot...
classification took 0 minutes and 6 seconds.
#--------------------------------------------
#@# WhiteSurfs rh Thu Mar 12 16:36:06 CET 2026
cd /out/sourcedata/freesurfer/sub-v1s20x0050286_ses-1/mri
mris_place_surface --adgws-in ../surf/autodet.gw.stats.rh.dat --seg aseg.presurf.mgz --threads 16 --wm wm.mgz --invol brain.finalsurfs.mgz --rh --i ../surf/rh.white.preaparc --o ../surf/rh.white --white --nsmooth 0 --rip-label ../label/rh.cortex.label --rip-bg --rip-surf ../surf/rh.white.preaparc --aparc ../label/rh.aparc.annot
7.3.2
7.3.2

cd /out/sourcedata/freesurfer/sub-v1s20x0050286_ses-1/mri
setenv SUBJECTS_DIR /out/sourcedata/freesurfer
mris_place_surface --adgws-in ../surf/autodet.gw.stats.rh.dat --seg aseg.presurf.mgz --threads 16 --wm wm.mgz --invol brain.finalsurfs.mgz --rh --i ../surf/rh.white.preaparc --o ../surf/rh.white --white --nsmooth 0 --rip-label ../label/rh.cortex.label --rip-bg --rip-surf ../surf/rh.white.preaparc --aparc ../label/rh.aparc.annot 

Reading in input surface ../surf/rh.white.preaparc
Not smoothing input surface
Area    243000  0.33453  0.11173 0.001881   2.4621
Corner  729000 60.00000 13.05986 0.223060 179.4384
Edge    364500  0.88881  0.18773 0.026209   3.9137
Hinge   364500  9.45622 10.28094 0.000101 179.9566
Reading in aparc ../label/rh.aparc.annot
Reading in input volume brain.finalsurfs.mgz
Reading in wm volume wm.mgz
MRIclipBrightWM(): nthresh=11510, wmmin=5, clip=110 
MRIfindBrightNonWM(): 233 bright non-wm voxels segmented.
Masking bright non-wm for white surface
MRImask(): AllowDiffGeom = 1
MRImask(): AllowDiffGeom = 1
Reading in seg volume aseg.presurf.mgz
Ripping frozen voxels
Ripping vertices not in label ../label/rh.cortex.label
MRISripNotLabel() ripped 7992/121502 vertices (113510 unripped)
Reading in ripping surface ../surf/rh.white.preaparc
Reading in aparc ../label/rh.aparc.annot for ripsurf
Ripping BG
MRISripBasalGanglia(): 1 -2 2 0.5 ripped 345
Ripping segs (eg, WMSA, BG, frozen)
Starting MRISripSegs() d = (-2 2 0.5) segnos: 247 
MRISripSegs(): -2 2 0.5 ripped 0
vertex 60751: xyz = (53.8997,9.56759,22.4478) oxyz = (53.8997,9.56759,22.4478) wxzy = (53.8997,9.56759,22.4478) pxyz = (0,0,0) 
CBVO Creating mask 121502
n_averages 4
Iteration 0 =========================================
n_averages=4, current_sigma=2
Computing target border values 
Entering MRIScomputeBorderValues_new(): 
  inside_hi   = 120.0000000;
  border_hi   = 108.1456680;
  border_low  =  73.0000000;
  outside_low =  63.2303960;
  outside_hi  = 108.1456680;
  sigma = 2;
  max_thickness = 10;
  step_size=0.5;
  STEP_SIZE=0.1;
  which = 1
  thresh = 0
  flags = 0
  CBVfindFirstPeakD1=0
  CBVfindFirstPeakD2=0
  nvertices=121502
  Gdiag_no=-1
  vno start=0, stop=121502
Replacing 255s with 0s
#SI# sigma=2 had to be increased for 63 vertices, nripped=8337
mean border=84.0, 48 (48) missing vertices, mean dist 0.4 [1.0 (%19.0)->0.7 (%81.0))]
%54 local maxima, %39 large gradients and % 0 min vals, 0 gradients ignored
nFirstPeakD1 0
MRIScomputeBorderValues_new() finished in 0.0082 min


Finding expansion regions
mean absolute distance = 0.72 +- 1.05
2838 vertices more than 2 sigmas from mean.
Averaging target values for 5 iterations...
Positioning Surface: tspring = 0.3, nspring = 0.3, spring = 0, niters = 100 l_repulse = 5, l_surf_repulse = 0, checktol = 0
Positioning pial surface
Entering MRISpositionSurface()
  max_mm = 0.3
  MAX_REDUCTIONS = 2, REDUCTION_PCT = 0.5
  parms->check_tol = 0, niterations = 100
tol=1.0e-04, sigma=2.0, host=dna08, nav=4, nbrs=2, l_repulse=5.000, l_tspring=0.300, l_nspring=0.300, l_intensity=0.200, l_curv=1.000
mom=0.00, dt=0.50
complete_dist_mat 0
rms 0
smooth_averages 0
remove_neg 0
ico_order 0
which_surface 0
target_radius 0.000000
nfields 0
scale 0.000000
desired_rms_height 0.000000
momentum 0.000000
nbhd_size 0
max_nbrs 0
niterations 100
nsurfaces 0
SURFACES 3
flags 0 (0)
use curv 0
no sulc 0
no rigid align 0
mris->nsize 2
mris->hemisphere 1
randomSeed 0

000: dt: 0.0000, sse=1208313.5, rms=6.764
001: dt: 0.5000, sse=617676.4, rms=4.458 (34.092%)
002: dt: 0.5000, sse=392296.7, rms=3.144 (29.469%)
003: dt: 0.5000, sse=309089.9, rms=2.492 (20.762%)
004: dt: 0.5000, sse=272633.9, rms=2.116 (15.064%)
005: dt: 0.5000, sse=258293.9, rms=1.991 (5.909%)
006: dt: 0.5000, sse=252295.8, rms=1.890 (5.074%)
rms = 1.8963/1.8901, sse=250931.8/252295.8, time step reduction 1 of 3 to 0.250  0 0 1
   RMS increased, rejecting step
007: dt: 0.2500, sse=213489.2, rms=1.376 (27.181%)
008: dt: 0.2500, sse=198544.1, rms=1.111 (19.306%)
009: dt: 0.2500, sse=196558.8, rms=1.055 (4.998%)
010: dt: 0.2500, sse=193609.1, rms=1.002 (5.064%)
rms = 0.9951/1.0017, sse=193467.5/193609.1, time step reduction 2 of 3 to 0.125  0 0 1
011: dt: 0.2500, sse=193467.5, rms=0.995 (0.660%)
012: dt: 0.1250, sse=190919.5, rms=0.940 (5.572%)
rms = 0.9286/0.9397, sse=190933.9/190919.5, time step reduction 3 of 3 to 0.062  0 1 1
013: dt: 0.1250, sse=190933.9, rms=0.929 (1.179%)
  maximum number of reductions reached, breaking from loop
positioning took 0.9 minutes
Iteration 1 =========================================
n_averages=2, current_sigma=1
Computing target border values 
Entering MRIScomputeBorderValues_new(): 
  inside_hi   = 120.0000000;
  border_hi   = 108.1456680;
  border_low  =  73.0000000;
  outside_low =  63.2303960;
  outside_hi  = 108.1456680;
  sigma = 1;
  max_thickness = 10;
  step_size=0.5;
  STEP_SIZE=0.1;
  which = 1
  thresh = 0
  flags = 0
  CBVfindFirstPeakD1=0
  CBVfindFirstPeakD2=0
  nvertices=121502
  Gdiag_no=-1
  vno start=0, stop=121502
Replacing 255s with 0s
#SI# sigma=1 had to be increased for 79 vertices, nripped=8337
mean border=86.2, 23 (6) missing vertices, mean dist -0.3 [0.6 (%65.0)->0.3 (%35.0))]
%64 local maxima, %29 large gradients and % 0 min vals, 0 gradients ignored
nFirstPeakD1 0
MRIScomputeBorderValues_new() finished in 0.0065 min


Finding expansion regions
mean absolute distance = 0.48 +- 0.89
4116 vertices more than 2 sigmas from mean.
Averaging target values for 5 iterations...
Positioning Surface: tspring = 0.3, nspring = 0.3, spring = 0, niters = 100 l_repulse = 5, l_surf_repulse = 0, checktol = 0
Positioning pial surface
Entering MRISpositionSurface()
  max_mm = 0.3
  MAX_REDUCTIONS = 2, REDUCTION_PCT = 0.5
  parms->check_tol = 0, niterations = 100
tol=1.0e-04, sigma=1.0, host=dna08, nav=2, nbrs=2, l_repulse=5.000, l_tspring=0.300, l_nspring=0.300, l_intensity=0.200, l_curv=1.000
mom=0.00, dt=0.50
000: dt: 0.0000, sse=549381.4, rms=4.028
014: dt: 0.5000, sse=357651.2, rms=2.779 (31.011%)
015: dt: 0.5000, sse=293459.4, rms=2.222 (20.042%)
016: dt: 0.5000, sse=270723.2, rms=1.975 (11.090%)
017: dt: 0.5000, sse=255227.4, rms=1.794 (9.165%)
rms = 1.7832/1.7943, sse=254413.8/255227.4, time step reduction 1 of 3 to 0.250  0 0 1
018: dt: 0.5000, sse=254413.8, rms=1.783 (0.615%)
019: dt: 0.2500, sse=211266.5, rms=1.093 (38.686%)
020: dt: 0.2500, sse=205630.0, rms=0.959 (12.270%)
rms = 0.9495/0.9592, sse=206552.2/205630.0, time step reduction 2 of 3 to 0.125  0 1 1
021: dt: 0.2500, sse=206552.2, rms=0.949 (1.017%)
022: dt: 0.1250, sse=202445.7, rms=0.857 (9.789%)
rms = 0.8368/0.8565, sse=201017.2/202445.7, time step reduction 3 of 3 to 0.062  0 0 1
023: dt: 0.1250, sse=201017.2, rms=0.837 (2.301%)
  maximum number of reductions reached, breaking from loop
positioning took 0.6 minutes
Iteration 2 =========================================
n_averages=1, current_sigma=0.5
Computing target border values 
Entering MRIScomputeBorderValues_new(): 
  inside_hi   = 120.0000000;
  border_hi   = 108.1456680;
  border_low  =  73.0000000;
  outside_low =  63.2303960;
  outside_hi  = 108.1456680;
  sigma = 0.5;
  max_thickness = 10;
  step_size=0.5;
  STEP_SIZE=0.1;
  which = 1
  thresh = 0
  flags = 0
  CBVfindFirstPeakD1=0
  CBVfindFirstPeakD2=0
  nvertices=121502
  Gdiag_no=-1
  vno start=0, stop=121502
Replacing 255s with 0s
#SI# sigma=0.5 had to be increased for 96 vertices, nripped=8337
mean border=88.1, 40 (3) missing vertices, mean dist -0.2 [0.4 (%66.2)->0.2 (%33.8))]
%75 local maxima, %18 large gradients and % 0 min vals, 0 gradients ignored
nFirstPeakD1 0
MRIScomputeBorderValues_new() finished in 0.0040 min


Finding expansion regions
mean absolute distance = 0.37 +- 0.59
3456 vertices more than 2 sigmas from mean.
Averaging target values for 5 iterations...
Positioning Surface: tspring = 0.3, nspring = 0.3, spring = 0, niters = 100 l_repulse = 5, l_surf_repulse = 0, checktol = 0
Positioning pial surface
Entering MRISpositionSurface()
  max_mm = 0.3
  MAX_REDUCTIONS = 2, REDUCTION_PCT = 0.5
  parms->check_tol = 0, niterations = 100
tol=1.0e-04, sigma=0.5, host=dna08, nav=1, nbrs=2, l_repulse=5.000, l_tspring=0.300, l_nspring=0.300, l_intensity=0.200, l_curv=1.000
mom=0.00, dt=0.50
000: dt: 0.0000, sse=375648.0, rms=2.946
024: dt: 0.5000, sse=261850.8, rms=1.860 (36.870%)
025: dt: 0.5000, sse=235552.7, rms=1.483 (20.265%)
rms = 1.4859/1.4828, sse=235072.8/235552.7, time step reduction 1 of 3 to 0.250  0 0 1
   RMS increased, rejecting step
026: dt: 0.2500, sse=211906.0, rms=1.131 (23.701%)
027: dt: 0.2500, sse=202052.8, rms=0.944 (16.563%)
rms = 0.9372/0.9440, sse=201891.3/202052.8, time step reduction 2 of 3 to 0.125  0 0 1
028: dt: 0.2500, sse=201891.3, rms=0.937 (0.716%)
029: dt: 0.1250, sse=197761.1, rms=0.823 (12.155%)
rms = 0.7992/0.8233, sse=196576.2/197761.1, time step reduction 3 of 3 to 0.062  0 0 1
030: dt: 0.1250, sse=196576.2, rms=0.799 (2.928%)
  maximum number of reductions reached, breaking from loop
positioning took 0.4 minutes
Iteration 3 =========================================
n_averages=0, current_sigma=0.25
Computing target border values 
Entering MRIScomputeBorderValues_new(): 
  inside_hi   = 120.0000000;
  border_hi   = 108.1456680;
  border_low  =  73.0000000;
  outside_low =  63.2303960;
  outside_hi  = 108.1456680;
  sigma = 0.25;
  max_thickness = 10;
  step_size=0.5;
  STEP_SIZE=0.1;
  which = 1
  thresh = 0
  flags = 0
  CBVfindFirstPeakD1=0
  CBVfindFirstPeakD2=0
  nvertices=121502
  Gdiag_no=-1
  vno start=0, stop=121502
Replacing 255s with 0s
#SI# sigma=0.25 had to be increased for 94 vertices, nripped=8337
mean border=88.8, 48 (2) missing vertices, mean dist -0.1 [0.3 (%56.7)->0.3 (%43.3))]
%81 local maxima, %12 large gradients and % 0 min vals, 0 gradients ignored
nFirstPeakD1 0
MRIScomputeBorderValues_new() finished in 0.0026 min


Finding expansion regions
mean absolute distance = 0.31 +- 0.47
3389 vertices more than 2 sigmas from mean.
Averaging target values for 5 iterations...
Positioning Surface: tspring = 0.3, nspring = 0.3, spring = 0, niters = 100 l_repulse = 5, l_surf_repulse = 0, checktol = 0
Positioning pial surface
Entering MRISpositionSurface()
  max_mm = 0.3
  MAX_REDUCTIONS = 2, REDUCTION_PCT = 0.5
  parms->check_tol = 0, niterations = 100
tol=1.0e-04, sigma=0.2, host=dna08, nav=0, nbrs=2, l_repulse=5.000, l_tspring=0.300, l_nspring=0.300, l_intensity=0.200, l_curv=1.000
mom=0.00, dt=0.50
000: dt: 0.0000, sse=236479.4, rms=1.588
031: dt: 0.5000, sse=217241.6, rms=1.256 (20.938%)
032: dt: 0.5000, sse=211843.7, rms=1.172 (6.660%)
rms = 1.3747/1.1721, sse=220255.0/211843.7, time step reduction 1 of 3 to 0.250  0 1 1
   RMS increased, rejecting step
033: dt: 0.2500, sse=194695.1, rms=0.822 (29.865%)
rms = 0.8155/0.8221, sse=193955.7/194695.1, time step reduction 2 of 3 to 0.125  0 0 1
034: dt: 0.2500, sse=193955.7, rms=0.815 (0.802%)
035: dt: 0.1250, sse=188649.3, rms=0.670 (17.810%)
rms = 0.6466/0.6702, sse=188650.8/188649.3, time step reduction 3 of 3 to 0.062  0 1 1
036: dt: 0.1250, sse=188650.8, rms=0.647 (3.523%)
  maximum number of reductions reached, breaking from loop
positioning took 0.4 minutes


Writing output to ../surf/rh.white
#ET# mris_place_surface  2.32 minutes
#VMPC# mris_place_surfaces VmPeak  3053092
mris_place_surface done
#--------------------------------------------
#@# T1PialSurf rh Thu Mar 12 16:38:29 CET 2026
cd /out/sourcedata/freesurfer/sub-v1s20x0050286_ses-1/mri
mris_place_surface --adgws-in ../surf/autodet.gw.stats.rh.dat --seg aseg.presurf.mgz --threads 16 --wm wm.mgz --invol brain.finalsurfs.mgz --rh --i ../surf/rh.white --o ../surf/rh.pial.T1 --pial --nsmooth 0 --rip-label ../label/rh.cortex+hipamyg.label --pin-medial-wall ../label/rh.cortex.label --aparc ../label/rh.aparc.annot --repulse-surf ../surf/rh.white --white-surf ../surf/rh.white
7.3.2
7.3.2

cd /out/sourcedata/freesurfer/sub-v1s20x0050286_ses-1/mri
setenv SUBJECTS_DIR /out/sourcedata/freesurfer
mris_place_surface --adgws-in ../surf/autodet.gw.stats.rh.dat --seg aseg.presurf.mgz --threads 16 --wm wm.mgz --invol brain.finalsurfs.mgz --rh --i ../surf/rh.white --o ../surf/rh.pial.T1 --pial --nsmooth 0 --rip-label ../label/rh.cortex+hipamyg.label --pin-medial-wall ../label/rh.cortex.label --aparc ../label/rh.aparc.annot --repulse-surf ../surf/rh.white --white-surf ../surf/rh.white 

Reading in input surface ../surf/rh.white
Not smoothing input surface
Area    243000  0.33595  0.12548 0.001881   3.0082
Corner  729000 60.00000 14.38930 0.223060 179.4384
Edge    364500  0.89192  0.20774 0.026209   4.4139
Hinge   364500  9.54510 10.45790 0.000024 179.9566
Reading white surface coordinates from ../surf/rh.white
Reading repulsion surface coordinates from ../surf/rh.white
Reading in aparc ../label/rh.aparc.annot
Reading in input volume brain.finalsurfs.mgz
Reading in wm volume wm.mgz
MRIclipBrightWM(): nthresh=11510, wmmin=5, clip=110 
MRIfindBrightNonWM(): 233 bright non-wm voxels segmented.
Masking bright non-wm for pial surface mid_gray = 68.7728
MRImask(): AllowDiffGeom = 1
MRImask(): AllowDiffGeom = 1
MRImask(): AllowDiffGeom = 1
Reading in seg volume aseg.presurf.mgz
Ripping frozen voxels
Ripping vertices not in label ../label/rh.cortex+hipamyg.label
MRISripNotLabel() ripped 5533/121502 vertices (115969 unripped)
INFO: rip surface needed but not specified, so using input surface
Ripping segs (eg, WMSA, BG, frozen)
Starting MRISripSegs() d = (-2 2 0.5) segnos: 247 
MRISripSegs(): -2 2 0.5 ripped 0
vertex 60751: xyz = (54.0376,9.67063,22.5407) oxyz = (54.0376,9.67063,22.5407) wxzy = (54.0376,9.67063,22.5407) pxyz = (54.0376,9.67063,22.5407) 
CBVO Creating mask 121502
n_averages 16
Iteration 0 =========================================
n_averages=16, current_sigma=2
Computing target border values 
Entering MRIScomputeBorderValues_new(): 
  inside_hi   =  93.8543320;
  border_hi   =  63.2303960;
  border_low  =  43.6911930;
  outside_low =  10.0000000;
  outside_hi  =  58.3455960;
  sigma = 2;
  max_thickness = 10;
  step_size=0.5;
  STEP_SIZE=0.1;
  which = 2
  thresh = 0
  flags = 0
  CBVfindFirstPeakD1=0
  CBVfindFirstPeakD2=0
  nvertices=121502
  Gdiag_no=-1
  vno start=0, stop=121502
Replacing 255s with 0s
#SI# sigma=2 had to be increased for 106 vertices, nripped=5533
mean border=60.9, 87 (87) missing vertices, mean dist 1.7 [0.8 (%0.0)->2.7 (%100.0))]
%15 local maxima, %44 large gradients and %36 min vals, 0 gradients ignored
nFirstPeakD1 0
MRIScomputeBorderValues_new() finished in 0.0087 min


Averaging target values for 5 iterations...
Positioning Surface: tspring = 0.3, nspring = 0.3, spring = 0, niters = 100 l_repulse = 0, l_surf_repulse = 5, checktol = 0
Positioning pial surface
Entering MRISpositionSurface()
  max_mm = 0.3
  MAX_REDUCTIONS = 2, REDUCTION_PCT = 0.5
  parms->check_tol = 0, niterations = 100
tol=1.0e-04, sigma=2.0, host=dna08, nav=16, nbrs=2, l_surf_repulse=5.000, l_tspring=0.300, l_nspring=0.300, l_intensity=0.200, l_curv=1.000
mom=0.00, dt=0.50
complete_dist_mat 0
rms 0
smooth_averages 0
remove_neg 0
ico_order 0
which_surface 0
target_radius 0.000000
nfields 0
scale 0.000000
desired_rms_height 0.000000
momentum 0.000000
nbhd_size 0
max_nbrs 0
niterations 100
nsurfaces 0
SURFACES 3
flags 0 (0)
use curv 0
no sulc 0
no rigid align 0
mris->nsize 2
mris->hemisphere 1
randomSeed 0

000: dt: 0.0000, sse=19415748.0, rms=28.815
001: dt: 0.5000, sse=14591483.0, rms=24.943 (13.438%)
002: dt: 0.5000, sse=10832444.0, rms=21.445 (14.021%)
003: dt: 0.5000, sse=8089779.0, rms=18.480 (13.829%)
004: dt: 0.5000, sse=6153635.5, rms=16.058 (13.103%)
005: dt: 0.5000, sse=4781699.5, rms=14.092 (12.246%)
006: dt: 0.5000, sse=3722707.0, rms=12.361 (12.285%)
007: dt: 0.5000, sse=2889108.2, rms=10.803 (12.598%)
008: dt: 0.5000, sse=2206206.2, rms=9.335 (13.594%)
009: dt: 0.5000, sse=1667272.0, rms=7.987 (14.442%)
010: dt: 0.5000, sse=1258395.4, rms=6.786 (15.028%)
011: dt: 0.5000, sse=999926.8, rms=5.901 (13.054%)
012: dt: 0.5000, sse=844323.1, rms=5.295 (10.269%)
013: dt: 0.5000, sse=777413.7, rms=5.008 (5.406%)
014: dt: 0.5000, sse=730146.8, rms=4.795 (4.256%)
015: dt: 0.5000, sse=718116.7, rms=4.736 (1.245%)
016: dt: 0.5000, sse=700924.9, rms=4.652 (1.772%)
rms = 4.6308/4.6516, sse=697447.4/700924.9, time step reduction 1 of 3 to 0.250  0 0 1
017: dt: 0.5000, sse=697447.4, rms=4.631 (0.449%)
018: dt: 0.2500, sse=520792.7, rms=3.695 (20.209%)
019: dt: 0.2500, sse=484691.4, rms=3.475 (5.960%)
rms = 3.4826/3.4747, sse=486453.5/484691.4, time step reduction 2 of 3 to 0.125  0 1 1
   RMS increased, rejecting step
020: dt: 0.1250, sse=457582.7, rms=3.300 (5.024%)
021: dt: 0.1250, sse=419716.1, rms=3.038 (7.940%)
022: dt: 0.1250, sse=408523.0, rms=2.956 (2.708%)
rms = 2.9377/2.9558, sse=406182.6/408523.0, time step reduction 3 of 3 to 0.062  0 0 1
023: dt: 0.1250, sse=406182.6, rms=2.938 (0.615%)
  maximum number of reductions reached, breaking from loop
positioning took 1.3 minutes
Iteration 1 =========================================
n_averages=8, current_sigma=1
Computing target border values 
Entering MRIScomputeBorderValues_new(): 
  inside_hi   =  93.8543320;
  border_hi   =  63.2303960;
  border_low  =  43.6911930;
  outside_low =  10.0000000;
  outside_hi  =  58.3455960;
  sigma = 1;
  max_thickness = 10;
  step_size=0.5;
  STEP_SIZE=0.1;
  which = 2
  thresh = 0
  flags = 0
  CBVfindFirstPeakD1=0
  CBVfindFirstPeakD2=0
  nvertices=121502
  Gdiag_no=-1
  vno start=0, stop=121502
Replacing 255s with 0s
#SI# sigma=1 had to be increased for 8057 vertices, nripped=5533
mean border=59.2, 1111 (21) missing vertices, mean dist 0.1 [0.2 (%44.6)->0.5 (%55.4))]
%26 local maxima, %35 large gradients and %33 min vals, 0 gradients ignored
nFirstPeakD1 0
MRIScomputeBorderValues_new() finished in 0.0029 min


Averaging target values for 5 iterations...
Positioning Surface: tspring = 0.3, nspring = 0.3, spring = 0, niters = 100 l_repulse = 0, l_surf_repulse = 5, checktol = 0
Positioning pial surface
Entering MRISpositionSurface()
  max_mm = 0.3
  MAX_REDUCTIONS = 2, REDUCTION_PCT = 0.5
  parms->check_tol = 0, niterations = 100
tol=1.0e-04, sigma=1.0, host=dna08, nav=8, nbrs=2, l_surf_repulse=5.000, l_tspring=0.300, l_nspring=0.300, l_intensity=0.200, l_curv=1.000
mom=0.00, dt=0.50
000: dt: 0.0000, sse=666592.5, rms=4.288
rms = 4.7721/4.2879, sse=768915.8/666592.5, time step reduction 1 of 3 to 0.250  0 1 1
   RMS increased, rejecting step
024: dt: 0.2500, sse=550883.3, rms=3.657 (14.720%)
025: dt: 0.2500, sse=513346.8, rms=3.425 (6.331%)
rms = 3.5908/3.4252, sse=540305.3/513346.7, time step reduction 2 of 3 to 0.125  0 1 1
   RMS increased, rejecting step
026: dt: 0.1250, sse=489034.7, rms=3.267 (4.613%)
027: dt: 0.1250, sse=460701.3, rms=3.072 (5.975%)
028: dt: 0.1250, sse=446321.7, rms=2.968 (3.376%)
rms = 2.9246/2.9683, sse=440455.5/446321.7, time step reduction 3 of 3 to 0.062  0 0 1
029: dt: 0.1250, sse=440455.5, rms=2.925 (1.472%)
  maximum number of reductions reached, breaking from loop
positioning took 0.4 minutes
Iteration 2 =========================================
n_averages=4, current_sigma=0.5
Computing target border values 
Entering MRIScomputeBorderValues_new(): 
  inside_hi   =  93.8543320;
  border_hi   =  63.2303960;
  border_low  =  43.6911930;
  outside_low =  10.0000000;
  outside_hi  =  58.3455960;
  sigma = 0.5;
  max_thickness = 10;
  step_size=0.5;
  STEP_SIZE=0.1;
  which = 2
  thresh = 0
  flags = 0
  CBVfindFirstPeakD1=0
  CBVfindFirstPeakD2=0
  nvertices=121502
  Gdiag_no=-1
  vno start=0, stop=121502
Replacing 255s with 0s
#SI# sigma=0.5 had to be increased for 9099 vertices, nripped=5533
mean border=58.5, 1334 (18) missing vertices, mean dist 0.1 [0.2 (%45.5)->0.4 (%54.5))]
%34 local maxima, %27 large gradients and %34 min vals, 0 gradients ignored
nFirstPeakD1 0
MRIScomputeBorderValues_new() finished in 0.0017 min


Averaging target values for 5 iterations...
Positioning Surface: tspring = 0.3, nspring = 0.3, spring = 0, niters = 100 l_repulse = 0, l_surf_repulse = 5, checktol = 0
Positioning pial surface
Entering MRISpositionSurface()
  max_mm = 0.3
  MAX_REDUCTIONS = 2, REDUCTION_PCT = 0.5
  parms->check_tol = 0, niterations = 100
tol=1.0e-04, sigma=0.5, host=dna08, nav=4, nbrs=2, l_surf_repulse=5.000, l_tspring=0.300, l_nspring=0.300, l_intensity=0.200, l_curv=1.000
mom=0.00, dt=0.50
000: dt: 0.0000, sse=502371.0, rms=3.339
rms = 4.4340/3.3385, sse=699050.8/502371.0, time step reduction 1 of 3 to 0.250  0 1 1
   RMS increased, rejecting step
030: dt: 0.2500, sse=457459.7, rms=3.033 (9.159%)
rms = 3.1582/3.0327, sse=475342.7/457459.7, time step reduction 2 of 3 to 0.125  0 1 1
   RMS increased, rejecting step
031: dt: 0.1250, sse=449816.3, rms=2.977 (1.826%)
032: dt: 0.1250, sse=439415.6, rms=2.900 (2.599%)
rms = 2.8812/2.9000, sse=436982.2/439415.6, time step reduction 3 of 3 to 0.062  0 0 1
033: dt: 0.1250, sse=436982.2, rms=2.881 (0.647%)
  maximum number of reductions reached, breaking from loop
positioning took 0.3 minutes
Iteration 3 =========================================
n_averages=2, current_sigma=0.25
Computing target border values 
Entering MRIScomputeBorderValues_new(): 
  inside_hi   =  93.8543320;
  border_hi   =  63.2303960;
  border_low  =  43.6911930;
  outside_low =  10.0000000;
  outside_hi  =  58.3455960;
  sigma = 0.25;
  max_thickness = 10;
  step_size=0.5;
  STEP_SIZE=0.1;
  which = 2
  thresh = 0
  flags = 0
  CBVfindFirstPeakD1=0
  CBVfindFirstPeakD2=0
  nvertices=121502
  Gdiag_no=-1
  vno start=0, stop=121502
Replacing 255s with 0s
#SI# sigma=0.25 had to be increased for 7706 vertices, nripped=5533
mean border=57.9, 3475 (18) missing vertices, mean dist 0.1 [0.2 (%47.0)->0.3 (%53.0))]
%38 local maxima, %22 large gradients and %32 min vals, 0 gradients ignored
nFirstPeakD1 0
MRIScomputeBorderValues_new() finished in 0.0013 min


Averaging target values for 5 iterations...
Positioning Surface: tspring = 0.3, nspring = 0.3, spring = 0, niters = 100 l_repulse = 0, l_surf_repulse = 5, checktol = 0
Positioning pial surface
Entering MRISpositionSurface()
  max_mm = 0.3
  MAX_REDUCTIONS = 2, REDUCTION_PCT = 0.5
  parms->check_tol = 0, niterations = 100
tol=1.0e-04, sigma=0.2, host=dna08, nav=2, nbrs=2, l_surf_repulse=5.000, l_tspring=0.300, l_nspring=0.300, l_intensity=0.200, l_curv=1.000
mom=0.00, dt=0.50
000: dt: 0.0000, sse=464941.2, rms=3.082
rms = 4.2132/3.0820, sse=654696.4/464941.2, time step reduction 1 of 3 to 0.250  0 1 1
   RMS increased, rejecting step
034: dt: 0.2500, sse=437188.7, rms=2.881 (6.529%)
rms = 2.9716/2.8808, sse=448798.8/437188.7, time step reduction 2 of 3 to 0.125  0 1 1
   RMS increased, rejecting step
rms = 2.8357/2.8808, sse=431210.4/437188.7, time step reduction 3 of 3 to 0.062  0 0 1
035: dt: 0.1250, sse=431210.4, rms=2.836 (1.567%)
  maximum number of reductions reached, breaking from loop
positioning took 0.2 minutes
Pinning medial wall to white surface


Writing output to ../surf/rh.pial.T1
#ET# mris_place_surface  2.23 minutes
#VMPC# mris_place_surfaces VmPeak  2316996
mris_place_surface done
#@# white curv rh Thu Mar 12 16:40:46 CET 2026
cd /out/sourcedata/freesurfer/sub-v1s20x0050286_ses-1/mri
mris_place_surface --curv-map ../surf/rh.white 2 10 ../surf/rh.curv
insurf  ../surf/rh.white, nbrs 2, curvature_avgs 10
writing curvature file ../surf/rh.curv
#@# white area rh Thu Mar 12 16:40:47 CET 2026
cd /out/sourcedata/freesurfer/sub-v1s20x0050286_ses-1/mri
mris_place_surface --area-map ../surf/rh.white ../surf/rh.area
writing curvature file ../surf/rh.area
#@# pial curv rh Thu Mar 12 16:40:48 CET 2026
cd /out/sourcedata/freesurfer/sub-v1s20x0050286_ses-1/mri
mris_place_surface --curv-map ../surf/rh.pial 2 10 ../surf/rh.curv.pial
insurf  ../surf/rh.pial, nbrs 2, curvature_avgs 10
writing curvature file ../surf/rh.curv.pial
#@# pial area rh Thu Mar 12 16:40:49 CET 2026
cd /out/sourcedata/freesurfer/sub-v1s20x0050286_ses-1/mri
mris_place_surface --area-map ../surf/rh.pial ../surf/rh.area.pial
writing curvature file ../surf/rh.area.pial
#@# thickness rh Thu Mar 12 16:40:49 CET 2026
cd /out/sourcedata/freesurfer/sub-v1s20x0050286_ses-1/mri
mris_place_surface --thickness ../surf/rh.white ../surf/rh.pial 20 5 ../surf/rh.thickness
0 of 121502 vertices processed
25000 of 121502 vertices processed
50000 of 121502 vertices processed
75000 of 121502 vertices processed
100000 of 121502 vertices processed
0 of 121502 vertices processed
25000 of 121502 vertices processed
50000 of 121502 vertices processed
75000 of 121502 vertices processed
100000 of 121502 vertices processed
thickness calculation complete, 70:436 truncations.
61732 vertices at 0 distance
104184 vertices at 1 distance
50627 vertices at 2 distance
17012 vertices at 3 distance
5892 vertices at 4 distance
2176 vertices at 5 distance
821 vertices at 6 distance
248 vertices at 7 distance
105 vertices at 8 distance
54 vertices at 9 distance
39 vertices at 10 distance
29 vertices at 11 distance
26 vertices at 12 distance
15 vertices at 13 distance
12 vertices at 14 distance
7 vertices at 15 distance
5 vertices at 16 distance
9 vertices at 17 distance
5 vertices at 18 distance
2 vertices at 19 distance
4 vertices at 20 distance
writing curvature file ../surf/rh.thickness
#@# area and vertex vol rh Thu Mar 12 16:41:05 CET 2026
cd /out/sourcedata/freesurfer/sub-v1s20x0050286_ses-1/mri
mris_place_surface --thickness ../surf/rh.white ../surf/rh.pial 20 5 ../surf/rh.thickness
/out/sourcedata/freesurfer/sub-v1s20x0050286_ses-1/surf
mris_calc -o rh.area.mid rh.area add rh.area.pial
Saving result to 'rh.area.mid' (type = MRI_CURV_FILE)                       [ ok ]
mris_calc -o rh.area.mid rh.area.mid div 2
Saving result to 'rh.area.mid' (type = MRI_CURV_FILE)                       [ ok ]
mris_convert --volume sub-v1s20x0050286_ses-1 rh /out/sourcedata/freesurfer/sub-v1s20x0050286_ses-1/surf/rh.volume
masking with /out/sourcedata/freesurfer/sub-v1s20x0050286_ses-1/label/rh.cortex.label
Total face volume 200746
Total vertex volume 200532 (mask=0)
#@# sub-v1s20x0050286_ses-1 rh 200532
 
vertexvol Done

#-----------------------------------------
#@# Curvature Stats rh Thu Mar 12 16:41:06 CET 2026
/out/sourcedata/freesurfer/sub-v1s20x0050286_ses-1/surf

 mris_curvature_stats -m --writeCurvatureFiles -G -o ../stats/rh.curv.stats -F smoothwm sub-v1s20x0050286_ses-1 rh curv sulc 

             Toggling save flag on curvature files                       [ ok ]
                 Outputting results using filestem   [ ../stats/rh.curv.stats ]
             Toggling save flag on curvature files                       [ ok ]
                                   Setting surface [ sub-v1s20x0050286_ses-1/rh.smoothwm ]
                                Reading surface...                       [ ok ]
                                   Setting texture                     [ curv ]
                                Reading texture...                       [ ok ]
                                   Setting texture                     [ sulc ]
                                Reading texture...Gb_filter = 0
                       [ ok ]
      Calculating Discrete Principal Curvatures...
      Determining geometric order for vno faces... [####################] [ ok ]
                      Determining KH curvatures... [####################] [ ok ]
                    Determining k1k2 curvatures... [####################] [ ok ]
                                   deltaViolations                      [ 238 ]
Gb_filter = 0

WARN:    S lookup   min:                          -0.933421
WARN:    S explicit min:                          0.000000	vertex = 360
#-----------------------------------------
#@# Cortical Parc 2 rh Thu Mar 12 16:41:07 CET 2026
/out/sourcedata/freesurfer/sub-v1s20x0050286_ses-1/scripts

 mris_ca_label -l ../label/rh.cortex.label -aseg ../mri/aseg.presurf.mgz -seed 1234 sub-v1s20x0050286_ses-1 rh ../surf/rh.sphere.reg /opt/freesurfer/average/rh.CDaparc.atlas.acfb40.noaparc.i12.2016-08-02.gcs ../label/rh.aparc.a2009s.annot 

setting seed for random number generator to 1234
using ../mri/aseg.presurf.mgz aseg volume to correct midline
7.3.2
  7.3.2
reading atlas from /opt/freesurfer/average/rh.CDaparc.atlas.acfb40.noaparc.i12.2016-08-02.gcs...
reading color table from GCSA file....
average std = 1.4   using min determinant for regularization = 0.021
0 singular and 0 ill-conditioned covariance matrices regularized
input 0: MEAN CURVATURE, flags 0, avgs 5, name mean_curvature
labeling surface...
22 labels changed using aseg
relabeling using gibbs priors...
000:   8165 changed, 121502 examined...
001:   1872 changed, 31955 examined...
002:    571 changed, 9924 examined...
003:    234 changed, 3216 examined...
004:     93 changed, 1359 examined...
005:     56 changed, 551 examined...
006:     39 changed, 336 examined...
007:     29 changed, 217 examined...
008:     16 changed, 160 examined...
009:      8 changed, 94 examined...
010:      4 changed, 50 examined...
011:      3 changed, 25 examined...
012:      1 changed, 18 examined...
013:      0 changed, 6 examined...
23 labels changed using aseg
000: 208 total segments, 122 labels (1642 vertices) changed
001: 89 total segments, 4 labels (11 vertices) changed
002: 85 total segments, 0 labels (0 vertices) changed
10 filter iterations complete (10 requested, 43 changed)
rationalizing unknown annotations with cortex label
relabeling Medial_wall label...
801 vertices marked for relabeling...
801 labels changed in reclassification.
writing output to ../label/rh.aparc.a2009s.annot...
classification took 0 minutes and 8 seconds.
#-----------------------------------------
#@# Cortical Parc 3 rh Thu Mar 12 16:41:15 CET 2026
/out/sourcedata/freesurfer/sub-v1s20x0050286_ses-1/scripts

 mris_ca_label -l ../label/rh.cortex.label -aseg ../mri/aseg.presurf.mgz -seed 1234 sub-v1s20x0050286_ses-1 rh ../surf/rh.sphere.reg /opt/freesurfer/average/rh.DKTaparc.atlas.acfb40.noaparc.i12.2016-08-02.gcs ../label/rh.aparc.DKTatlas.annot 

setting seed for random number generator to 1234
using ../mri/aseg.presurf.mgz aseg volume to correct midline
7.3.2
  7.3.2
reading atlas from /opt/freesurfer/average/rh.DKTaparc.atlas.acfb40.noaparc.i12.2016-08-02.gcs...
reading color table from GCSA file....
average std = 0.9   using min determinant for regularization = 0.009
0 singular and 325 ill-conditioned covariance matrices regularized
input 0: MEAN CURVATURE, flags 0, avgs 5, name mean_curvature
labeling surface...
1661 labels changed using aseg
relabeling using gibbs priors...
000:   1772 changed, 121502 examined...
001:    403 changed, 8396 examined...
002:    133 changed, 2252 examined...
003:     56 changed, 767 examined...
004:     27 changed, 337 examined...
005:     16 changed, 168 examined...
006:     10 changed, 96 examined...
007:      8 changed, 59 examined...
008:      4 changed, 47 examined...
009:      5 changed, 21 examined...
010:      2 changed, 21 examined...
011:      3 changed, 9 examined...
012:      1 changed, 12 examined...
013:      2 changed, 7 examined...
014:      3 changed, 10 examined...
015:      4 changed, 15 examined...
016:      3 changed, 20 examined...
017:      4 changed, 17 examined...
018:      4 changed, 24 examined...
019:      6 changed, 21 examined...
020:      5 changed, 25 examined...
021:      3 changed, 23 examined...
022:      2 changed, 20 examined...
023:      0 changed, 14 examined...
292 labels changed using aseg
000: 46 total segments, 13 labels (78 vertices) changed
001: 33 total segments, 0 labels (0 vertices) changed
10 filter iterations complete (10 requested, 4 changed)
rationalizing unknown annotations with cortex label
relabeling unknown label...
relabeling corpuscallosum label...
557 vertices marked for relabeling...
557 labels changed in reclassification.
writing output to ../label/rh.aparc.DKTatlas.annot...
classification took 0 minutes and 6 seconds.
#-----------------------------------------
#@# WM/GM Contrast rh Thu Mar 12 16:41:21 CET 2026
/out/sourcedata/freesurfer/sub-v1s20x0050286_ses-1/scripts

 pctsurfcon --s sub-v1s20x0050286_ses-1 --rh-only 

Log file is /out/sourcedata/freesurfer/sub-v1s20x0050286_ses-1/scripts/pctsurfcon.log
Thu Mar 12 16:41:21 CET 2026
setenv SUBJECTS_DIR /out/sourcedata/freesurfer
cd /out/sourcedata/freesurfer/sub-v1s20x0050286_ses-1/scripts
/opt/freesurfer/bin/pctsurfcon
pctsurfcon 7.3.2
Linux dna084 5.14.0-427.37.1.el9_4.x86_64 #1 SMP PREEMPT_DYNAMIC Fri Sep 13 12:41:50 EDT 2024 x86_64 x86_64 x86_64 GNU/Linux
FREESURFER_HOME /opt/freesurfer
mri_vol2surf --mov /out/sourcedata/freesurfer/sub-v1s20x0050286_ses-1/mri/rawavg.mgz --hemi rh --noreshape --interp trilinear --projdist -1 --o /out/sourcedata/freesurfer/sub-v1s20x0050286_ses-1/surf/tmp.pctsurfcon.2770464/rh.wm.mgh --regheader sub-v1s20x0050286_ses-1 --cortex
srcvol = /out/sourcedata/freesurfer/sub-v1s20x0050286_ses-1/mri/rawavg.mgz
srcreg unspecified
srcregold = 0
srcwarp unspecified
surf = white
hemi = rh
ProjDist = -1
reshape = 0
interp = trilinear
float2int = round
GetProjMax = 0
INFO: float2int code = 0
Done loading volume
Computing registration from header.
  Using /out/sourcedata/freesurfer/sub-v1s20x0050286_ses-1/mri/orig.mgz as target reference.
-------- original matrix -----------
-1.00000   0.00000   0.00000   0.00000;
 0.00000   0.00000   1.00000   0.00003;
 0.00000  -1.00000   0.00000   0.00000;
 0.00000   0.00000   0.00000   1.00000;
-------- original matrix -----------
Loading label /out/sourcedata/freesurfer/sub-v1s20x0050286_ses-1/label/rh.cortex.label
Reading surface /out/sourcedata/freesurfer/sub-v1s20x0050286_ses-1/surf/rh.white
Done reading source surface
Mapping Source Volume onto Source Subject Surface
Projecting -1 -1 1
 1 -1 -1 -1
using old
Done mapping volume to surface
Number of source voxels hit = 66038
Masking with /out/sourcedata/freesurfer/sub-v1s20x0050286_ses-1/label/rh.cortex.label
Writing to /out/sourcedata/freesurfer/sub-v1s20x0050286_ses-1/surf/tmp.pctsurfcon.2770464/rh.wm.mgh
Dim: 121502 1 1
mri_vol2surf --mov /out/sourcedata/freesurfer/sub-v1s20x0050286_ses-1/mri/rawavg.mgz --hemi rh --noreshape --interp trilinear --o /out/sourcedata/freesurfer/sub-v1s20x0050286_ses-1/surf/tmp.pctsurfcon.2770464/rh.gm.mgh --projfrac 0.3 --regheader sub-v1s20x0050286_ses-1 --cortex
srcvol = /out/sourcedata/freesurfer/sub-v1s20x0050286_ses-1/mri/rawavg.mgz
srcreg unspecified
srcregold = 0
srcwarp unspecified
surf = white
hemi = rh
ProjFrac = 0.3
thickness = thickness
reshape = 0
interp = trilinear
float2int = round
GetProjMax = 0
INFO: float2int code = 0
Done loading volume
Computing registration from header.
  Using /out/sourcedata/freesurfer/sub-v1s20x0050286_ses-1/mri/orig.mgz as target reference.
-------- original matrix -----------
-1.00000   0.00000   0.00000   0.00000;
 0.00000   0.00000   1.00000   0.00003;
 0.00000  -1.00000   0.00000   0.00000;
 0.00000   0.00000   0.00000   1.00000;
-------- original matrix -----------
Loading label /out/sourcedata/freesurfer/sub-v1s20x0050286_ses-1/label/rh.cortex.label
Reading surface /out/sourcedata/freesurfer/sub-v1s20x0050286_ses-1/surf/rh.white
Done reading source surface
Reading thickness /out/sourcedata/freesurfer/sub-v1s20x0050286_ses-1/surf/rh.thickness
Done
Mapping Source Volume onto Source Subject Surface
Projecting 0.3 0.3 1
 1 0.3 0.3 0.3
using old
Done mapping volume to surface
Number of source voxels hit = 74399
Masking with /out/sourcedata/freesurfer/sub-v1s20x0050286_ses-1/label/rh.cortex.label
Writing to /out/sourcedata/freesurfer/sub-v1s20x0050286_ses-1/surf/tmp.pctsurfcon.2770464/rh.gm.mgh
Dim: 121502 1 1
mri_concat /out/sourcedata/freesurfer/sub-v1s20x0050286_ses-1/surf/tmp.pctsurfcon.2770464/rh.wm.mgh /out/sourcedata/freesurfer/sub-v1s20x0050286_ses-1/surf/tmp.pctsurfcon.2770464/rh.gm.mgh --paired-diff-norm --mul 100 --o /out/sourcedata/freesurfer/sub-v1s20x0050286_ses-1/surf/rh.w-g.pct.mgh
ninputs = 2
Checking inputs
nframestot = 2
Allocing output
Done allocing
Combining pairs
nframes = 1
Multiplying by 100.000000
Writing to /out/sourcedata/freesurfer/sub-v1s20x0050286_ses-1/surf/rh.w-g.pct.mgh
mri_segstats --in /out/sourcedata/freesurfer/sub-v1s20x0050286_ses-1/surf/rh.w-g.pct.mgh --annot sub-v1s20x0050286_ses-1 rh aparc --sum /out/sourcedata/freesurfer/sub-v1s20x0050286_ses-1/stats/rh.w-g.pct.stats --snr

7.3.2
cwd 
cmdline mri_segstats --in /out/sourcedata/freesurfer/sub-v1s20x0050286_ses-1/surf/rh.w-g.pct.mgh --annot sub-v1s20x0050286_ses-1 rh aparc --sum /out/sourcedata/freesurfer/sub-v1s20x0050286_ses-1/stats/rh.w-g.pct.stats --snr 
sysname  Linux
hostname dna084
machine  x86_64
user     oesteban
whitesurfname  white
UseRobust  0
Constructing seg from annotation

Reading annotation /out/sourcedata/freesurfer/sub-v1s20x0050286_ses-1/label/rh.aparc.annot
Seg base 2000
Loading /out/sourcedata/freesurfer/sub-v1s20x0050286_ses-1/surf/rh.w-g.pct.mgh
Vertex Area is 0.671888 mm^3
Generating list of segmentation ids
Found  36 segmentations
Computing statistics for each segmentation

Reporting on  35 segmentations
Using PrintSegStat
mri_segstats done
Cleaning up

Started at Thu Mar 12 16:27:00 CET 2026 
Ended   at Thu Mar 12 16:41:23 CET 2026
#@#%# recon-all-run-time-hours 0.240
recon-all -s sub-v1s20x0050286_ses-1 finished without error at Thu Mar 12 16:41:23 CET 2026



#New# invocation of recon-all 




Thu Mar 12 16:45:57 CET 2026
cd /out/sourcedata/freesurfer/sub-v1s20x0050286_ses-1
setenv SUBJECTS_DIR /out/sourcedata/freesurfer
/opt/freesurfer/bin/recon-all -autorecon-hemi rh -nohyporelabel -rh-only -openmp 16 -subjid sub-v1s20x0050286_ses-1 -sd /out/sourcedata/freesurfer -notessellate -nosmooth1 -noinflate1 -noqsphere -nofix -nowhite -nosmooth2 -noinflate2 -nocurvHK -nocurvstats -nosphere -nosurfreg -nojacobian_white -noavgcurv -nocortparc -nopial -nocortparc2 -nocortparc3 -nopctsurfcon

subjid sub-v1s20x0050286_ses-1
setenv SUBJECTS_DIR /out/sourcedata/freesurfer
FREESURFER_HOME /opt/freesurfer
Actual FREESURFER_HOME /opt/freesurfer
build-stamp.txt: freesurfer-linux-ubuntu22_x86_64-7.3.2-20220804-6354275
Linux dna084 5.14.0-427.37.1.el9_4.x86_64 #1 SMP PREEMPT_DYNAMIC Fri Sep 13 12:41:50 EDT 2024 x86_64 x86_64 x86_64 GNU/Linux
cputime      unlimited
filesize     unlimited
datasize     unlimited
stacksize    8192 kbytes
coredumpsize 0 kbytes
memoryuse    67108864 kbytes
vmemoryuse   unlimited
descriptors  1024 
memorylocked unlimited
maxproc      2061970 
maxlocks     unlimited
maxsignal    2062029 
maxmessage   819200 
maxnice      0 
maxrtprio    0 
maxrttime    unlimited

               total        used        free      shared  buff/cache   available
Mem:           503Gi        49Gi       383Gi        25Gi        70Gi       425Gi
Swap:             0B          0B          0B

########################################
program versions used
7.3.2 (freesurfer-linux-ubuntu22_x86_64-7.3.2-20220804-6354275)
7.3.2

ProgramName: lta_convert  ProgramArguments: lta_convert -all-info  ProgramVersion: 7.3.2  TimeStamp: 2026/03/12-15:45:57-GMT  BuildTime: Aug  4 2022 06:17:15  BuildStamp: freesurfer-linux-ubuntu22_x86_64-7.3.2-20220804-6354275  User: oesteban  Machine: dna084  Platform: Linux  PlatformVersion: 5.14.0-427.37.1.el9_4.x86_64  CompilerName: GCC  CompilerVersion: 8.4.0
ProgramName: mri_and  ProgramArguments: mri_and -all-info  ProgramVersion: 7.3.2  TimeStamp: 2026/03/12-15:45:57-GMT  BuildTime: Aug  4 2022 06:17:15  BuildStamp: freesurfer-linux-ubuntu22_x86_64-7.3.2-20220804-6354275  User: oesteban  Machine: dna084  Platform: Linux  PlatformVersion: 5.14.0-427.37.1.el9_4.x86_64  CompilerName: GCC  CompilerVersion: 8.4.0
ProgramName: mri_annotation2label  ProgramArguments: mri_annotation2label -all-info  ProgramVersion: 7.3.2  TimeStamp: 2026/03/12-15:45:57-GMT  BuildTime: Aug  4 2022 06:17:15  BuildStamp: freesurfer-linux-ubuntu22_x86_64-7.3.2-20220804-6354275  User: oesteban  Machine: dna084  Platform: Linux  PlatformVersion: 5.14.0-427.37.1.el9_4.x86_64  CompilerName: GCC  CompilerVersion: 8.4.0
ProgramName: mri_aparc2aseg  ProgramArguments: mri_aparc2aseg -all-info  ProgramVersion: 7.3.2  TimeStamp: 2026/03/12-15:45:57-GMT  BuildTime: Aug  4 2022 06:17:15  BuildStamp: freesurfer-linux-ubuntu22_x86_64-7.3.2-20220804-6354275  User: oesteban  Machine: dna084  Platform: Linux  PlatformVersion: 5.14.0-427.37.1.el9_4.x86_64  CompilerName: GCC  CompilerVersion: 8.4.0
ProgramName: mri_surf2volseg  ProgramArguments: mri_surf2volseg -all-info  ProgramVersion: 7.3.2  TimeStamp: 2026/03/12-15:45:57-GMT  BuildTime: Aug  4 2022 06:17:15  BuildStamp: freesurfer-linux-ubuntu22_x86_64-7.3.2-20220804-6354275  User: oesteban  Machine: dna084  Platform: Linux  PlatformVersion: 5.14.0-427.37.1.el9_4.x86_64  CompilerName: GCC  CompilerVersion: 8.4.0
ProgramName: mri_binarize  ProgramArguments: mri_binarize -all-info  ProgramVersion: 7.3.2  TimeStamp: 2026/03/12-15:45:57-GMT  BuildTime: Aug  4 2022 06:17:15  BuildStamp: freesurfer-linux-ubuntu22_x86_64-7.3.2-20220804-6354275  User: oesteban  Machine: dna084  Platform: Linux  PlatformVersion: 5.14.0-427.37.1.el9_4.x86_64  CompilerName: GCC  CompilerVersion: 8.4.0
ProgramName: mri_ca_label  ProgramArguments: mri_ca_label -all-info  ProgramVersion: 7.3.2  TimeStamp: 2026/03/12-15:45:57-GMT  BuildTime: Aug  4 2022 06:17:15  BuildStamp: freesurfer-linux-ubuntu22_x86_64-7.3.2-20220804-6354275  User: oesteban  Machine: dna084  Platform: Linux  PlatformVersion: 5.14.0-427.37.1.el9_4.x86_64  CompilerName: GCC  CompilerVersion: 8.4.0
ProgramName: mri_ca_normalize  ProgramArguments: mri_ca_normalize -all-info  ProgramVersion: 7.3.2  TimeStamp: 2026/03/12-15:45:57-GMT  BuildTime: Aug  4 2022 06:17:15  BuildStamp: freesurfer-linux-ubuntu22_x86_64-7.3.2-20220804-6354275  User: oesteban  Machine: dna084  Platform: Linux  PlatformVersion: 5.14.0-427.37.1.el9_4.x86_64  CompilerName: GCC  CompilerVersion: 8.4.0
ProgramName: mri_ca_register  ProgramArguments: mri_ca_register -all-info  ProgramVersion: 7.3.2  TimeStamp: 2026/03/12-15:45:57-GMT  BuildTime: Aug  4 2022 06:17:15  BuildStamp: freesurfer-linux-ubuntu22_x86_64-7.3.2-20220804-6354275  User: oesteban  Machine: dna084  Platform: Linux  PlatformVersion: 5.14.0-427.37.1.el9_4.x86_64  CompilerName: GCC  CompilerVersion: 8.4.0
ProgramName: mri_cc  ProgramArguments: mri_cc -all-info  ProgramVersion: 7.3.2  TimeStamp: 2026/03/12-15:45:57-GMT  BuildTime: Aug  4 2022 06:17:15  BuildStamp: freesurfer-linux-ubuntu22_x86_64-7.3.2-20220804-6354275  User: oesteban  Machine: dna084  Platform: Linux  PlatformVersion: 5.14.0-427.37.1.el9_4.x86_64  CompilerName: GCC  CompilerVersion: 8.4.0
ProgramName: mri_compute_overlap  ProgramArguments: mri_compute_overlap -all-info  ProgramVersion: 7.3.2  TimeStamp: 2026/03/12-15:45:57-GMT  BuildTime: Aug  4 2022 06:17:15  BuildStamp: freesurfer-linux-ubuntu22_x86_64-7.3.2-20220804-6354275  User: oesteban  Machine: dna084  Platform: Linux  PlatformVersion: 5.14.0-427.37.1.el9_4.x86_64  CompilerName: GCC  CompilerVersion: 8.4.0
ProgramName: mri_compute_seg_overlap  ProgramArguments: mri_compute_seg_overlap -all-info  ProgramVersion: 7.3.2  TimeStamp: 2026/03/12-15:45:57-GMT  BuildTime: Aug  4 2022 06:17:15  BuildStamp: freesurfer-linux-ubuntu22_x86_64-7.3.2-20220804-6354275  User: oesteban  Machine: dna084  Platform: Linux  PlatformVersion: 5.14.0-427.37.1.el9_4.x86_64  CompilerName: GCC  CompilerVersion: 8.4.0
ProgramName: mri_concat  ProgramArguments: mri_concat -all-info  ProgramVersion: 7.3.2  TimeStamp: 2026/03/12-15:45:57-GMT  BuildTime: Aug  4 2022 06:17:15  BuildStamp: freesurfer-linux-ubuntu22_x86_64-7.3.2-20220804-6354275  User: oesteban  Machine: dna084  Platform: Linux  PlatformVersion: 5.14.0-427.37.1.el9_4.x86_64  CompilerName: GCC  CompilerVersion: 8.4.0
ProgramName: mri_concatenate_lta  ProgramArguments: mri_concatenate_lta -all-info  ProgramVersion: 7.3.2  TimeStamp: 2026/03/12-15:45:57-GMT  BuildTime: Aug  4 2022 06:17:15  BuildStamp: freesurfer-linux-ubuntu22_x86_64-7.3.2-20220804-6354275  User: oesteban  Machine: dna084  Platform: Linux  PlatformVersion: 5.14.0-427.37.1.el9_4.x86_64  CompilerName: GCC  CompilerVersion: 8.4.0
mri_convert -all-info 
ProgramName: mri_convert  ProgramArguments: mri_convert -all-info  ProgramVersion: 7.3.2  TimeStamp: 2026/03/12-15:45:57-GMT  BuildTime: Aug  4 2022 06:17:15  BuildStamp: freesurfer-linux-ubuntu22_x86_64-7.3.2-20220804-6354275  User: oesteban  Machine: dna084  Platform: Linux  PlatformVersion: 5.14.0-427.37.1.el9_4.x86_64  CompilerName: GCC  CompilerVersion: 8.4.0
ProgramName: mri_diff  ProgramArguments: mri_diff -all-info  ProgramVersion: 7.3.2  TimeStamp: 2026/03/12-15:45:57-GMT  BuildTime: Aug  4 2022 06:17:15  BuildStamp: freesurfer-linux-ubuntu22_x86_64-7.3.2-20220804-6354275  User: oesteban  Machine: dna084  Platform: Linux  PlatformVersion: 5.14.0-427.37.1.el9_4.x86_64  CompilerName: GCC  CompilerVersion: 8.4.0
ProgramName: mri_edit_wm_with_aseg  ProgramArguments: mri_edit_wm_with_aseg -all-info  ProgramVersion: 7.3.2  TimeStamp: 2026/03/12-15:45:57-GMT  BuildTime: Aug  4 2022 06:17:15  BuildStamp: freesurfer-linux-ubuntu22_x86_64-7.3.2-20220804-6354275  User: oesteban  Machine: dna084  Platform: Linux  PlatformVersion: 5.14.0-427.37.1.el9_4.x86_64  CompilerName: GCC  CompilerVersion: 8.4.0
ProgramName: mri_em_register  ProgramArguments: mri_em_register -all-info  ProgramVersion: 7.3.2  TimeStamp: 2026/03/12-15:45:57-GMT  BuildTime: Aug  4 2022 06:17:15  BuildStamp: freesurfer-linux-ubuntu22_x86_64-7.3.2-20220804-6354275  User: oesteban  Machine: dna084  Platform: Linux  PlatformVersion: 5.14.0-427.37.1.el9_4.x86_64  CompilerName: GCC  CompilerVersion: 8.4.0
ProgramName: mri_fill  ProgramArguments: mri_fill -all-info  ProgramVersion: 7.3.2  TimeStamp: 2026/03/12-15:45:57-GMT  BuildTime: Aug  4 2022 06:17:15  BuildStamp: freesurfer-linux-ubuntu22_x86_64-7.3.2-20220804-6354275  User: oesteban  Machine: dna084  Platform: Linux  PlatformVersion: 5.14.0-427.37.1.el9_4.x86_64  CompilerName: GCC  CompilerVersion: 8.4.0
ProgramName: mri_fuse_segmentations  ProgramArguments: mri_fuse_segmentations -all-info  ProgramVersion: 7.3.2  TimeStamp: 2026/03/12-15:45:57-GMT  BuildTime: Aug  4 2022 06:17:15  BuildStamp: freesurfer-linux-ubuntu22_x86_64-7.3.2-20220804-6354275  User: oesteban  Machine: dna084  Platform: Linux  PlatformVersion: 5.14.0-427.37.1.el9_4.x86_64  CompilerName: GCC  CompilerVersion: 8.4.0
ProgramName: mri_fwhm  ProgramArguments: mri_fwhm -all-info  ProgramVersion: 7.3.2  TimeStamp: 2026/03/12-15:45:57-GMT  BuildTime: Aug  4 2022 06:17:15  BuildStamp: freesurfer-linux-ubuntu22_x86_64-7.3.2-20220804-6354275  User: oesteban  Machine: dna084  Platform: Linux  PlatformVersion: 5.14.0-427.37.1.el9_4.x86_64  CompilerName: GCC  CompilerVersion: 8.4.0
ProgramName: mri_gcut  ProgramArguments: mri_gcut -all-info  ProgramVersion: 7.3.2  TimeStamp: 2026/03/12-15:45:57-GMT  BuildTime: Aug  4 2022 06:17:15  BuildStamp: freesurfer-linux-ubuntu22_x86_64-7.3.2-20220804-6354275  User: oesteban  Machine: dna084  Platform: Linux  PlatformVersion: 5.14.0-427.37.1.el9_4.x86_64  CompilerName: GCC  CompilerVersion: 8.4.0
ProgramName: mri_info  ProgramArguments: mri_info -all-info  ProgramVersion: 7.3.2  TimeStamp: 2026/03/12-15:45:57-GMT  BuildTime: Aug  4 2022 06:17:15  BuildStamp: freesurfer-linux-ubuntu22_x86_64-7.3.2-20220804-6354275  User: oesteban  Machine: dna084  Platform: Linux  PlatformVersion: 5.14.0-427.37.1.el9_4.x86_64  CompilerName: GCC  CompilerVersion: 8.4.0
ProgramName: mri_label2label  ProgramArguments: mri_label2label -all-info  ProgramVersion: 7.3.2  TimeStamp: 2026/03/12-15:45:57-GMT  BuildTime: Aug  4 2022 06:17:15  BuildStamp: freesurfer-linux-ubuntu22_x86_64-7.3.2-20220804-6354275  User: oesteban  Machine: dna084  Platform: Linux  PlatformVersion: 5.14.0-427.37.1.el9_4.x86_64  CompilerName: GCC  CompilerVersion: 8.4.0
ProgramName: mri_label2vol  ProgramArguments: mri_label2vol -all-info  ProgramVersion: 7.3.2  TimeStamp: 2026/03/12-15:45:57-GMT  BuildTime: Aug  4 2022 06:17:15  BuildStamp: freesurfer-linux-ubuntu22_x86_64-7.3.2-20220804-6354275  User: oesteban  Machine: dna084  Platform: Linux  PlatformVersion: 5.14.0-427.37.1.el9_4.x86_64  CompilerName: GCC  CompilerVersion: 8.4.0
ProgramName: mri_log_likelihood  ProgramArguments: mri_log_likelihood -all-info  ProgramVersion: 7.3.2  TimeStamp: 2026/03/12-15:45:57-GMT  BuildTime: Aug  4 2022 06:17:15  BuildStamp: freesurfer-linux-ubuntu22_x86_64-7.3.2-20220804-6354275  User: oesteban  Machine: dna084  Platform: Linux  PlatformVersion: 5.14.0-427.37.1.el9_4.x86_64  CompilerName: GCC  CompilerVersion: 8.4.0
ProgramName: mri_mask  ProgramArguments: mri_mask -all-info  ProgramVersion: 7.3.2  TimeStamp: 2026/03/12-15:45:57-GMT  BuildTime: Aug  4 2022 06:17:15  BuildStamp: freesurfer-linux-ubuntu22_x86_64-7.3.2-20220804-6354275  User: oesteban  Machine: dna084  Platform: Linux  PlatformVersion: 5.14.0-427.37.1.el9_4.x86_64  CompilerName: GCC  CompilerVersion: 8.4.0
ProgramName: mri_matrix_multiply  ProgramArguments: mri_matrix_multiply -all-info  ProgramVersion: 7.3.2  TimeStamp: 2026/03/12-15:45:57-GMT  BuildTime: Aug  4 2022 06:17:15  BuildStamp: freesurfer-linux-ubuntu22_x86_64-7.3.2-20220804-6354275  User: oesteban  Machine: dna084  Platform: Linux  PlatformVersion: 5.14.0-427.37.1.el9_4.x86_64  CompilerName: GCC  CompilerVersion: 8.4.0
ProgramName: mri_normalize  ProgramArguments: mri_normalize -all-info  ProgramVersion: 7.3.2  TimeStamp: 2026/03/12-15:45:57-GMT  BuildTime: Aug  4 2022 06:17:15  BuildStamp: freesurfer-linux-ubuntu22_x86_64-7.3.2-20220804-6354275  User: oesteban  Machine: dna084  Platform: Linux  PlatformVersion: 5.14.0-427.37.1.el9_4.x86_64  CompilerName: GCC  CompilerVersion: 8.4.0
ProgramName: mri_normalize_tp2  ProgramArguments: mri_normalize_tp2 -all-info  ProgramVersion: 7.3.2  TimeStamp: 2026/03/12-15:45:57-GMT  BuildTime: Aug  4 2022 06:17:15  BuildStamp: freesurfer-linux-ubuntu22_x86_64-7.3.2-20220804-6354275  User: oesteban  Machine: dna084  Platform: Linux  PlatformVersion: 5.14.0-427.37.1.el9_4.x86_64  CompilerName: GCC  CompilerVersion: 8.4.0
ProgramName: mri_or  ProgramArguments: mri_or -all-info  ProgramVersion: 7.3.2  TimeStamp: 2026/03/12-15:45:57-GMT  BuildTime: Aug  4 2022 06:17:15  BuildStamp: freesurfer-linux-ubuntu22_x86_64-7.3.2-20220804-6354275  User: oesteban  Machine: dna084  Platform: Linux  PlatformVersion: 5.14.0-427.37.1.el9_4.x86_64  CompilerName: GCC  CompilerVersion: 8.4.0
ProgramName: mri_relabel_hypointensities  ProgramArguments: mri_relabel_hypointensities -all-info  ProgramVersion: 7.3.2  TimeStamp: 2026/03/12-15:45:57-GMT  BuildTime: Aug  4 2022 06:17:15  BuildStamp: freesurfer-linux-ubuntu22_x86_64-7.3.2-20220804-6354275  User: oesteban  Machine: dna084  Platform: Linux  PlatformVersion: 5.14.0-427.37.1.el9_4.x86_64  CompilerName: GCC  CompilerVersion: 8.4.0
ProgramName: mri_relabel_nonwm_hypos  ProgramArguments: mri_relabel_nonwm_hypos -all-info  ProgramVersion: 7.3.2  TimeStamp: 2026/03/12-15:45:57-GMT  BuildTime: Aug  4 2022 06:17:15  BuildStamp: freesurfer-linux-ubuntu22_x86_64-7.3.2-20220804-6354275  User: oesteban  Machine: dna084  Platform: Linux  PlatformVersion: 5.14.0-427.37.1.el9_4.x86_64  CompilerName: GCC  CompilerVersion: 8.4.0
ProgramName: mri_remove_neck  ProgramArguments: mri_remove_neck -all-info  ProgramVersion: 7.3.2  TimeStamp: 2026/03/12-15:45:57-GMT  BuildTime: Aug  4 2022 06:17:15  BuildStamp: freesurfer-linux-ubuntu22_x86_64-7.3.2-20220804-6354275  User: oesteban  Machine: dna084  Platform: Linux  PlatformVersion: 5.14.0-427.37.1.el9_4.x86_64  CompilerName: GCC  CompilerVersion: 8.4.0
7.3.2

ProgramName: mri_robust_register  ProgramArguments: mri_robust_register -all-info  ProgramVersion: 7.3.2  TimeStamp: 2026/03/12-15:45:57-GMT  BuildTime: Aug  4 2022 06:17:15  BuildStamp: freesurfer-linux-ubuntu22_x86_64-7.3.2-20220804-6354275  User: oesteban  Machine: dna084  Platform: Linux  PlatformVersion: 5.14.0-427.37.1.el9_4.x86_64  CompilerName: GCC  CompilerVersion: 8.4.0
7.3.2

ProgramName: mri_robust_template  ProgramArguments: mri_robust_template -all-info  ProgramVersion: 7.3.2  TimeStamp: 2026/03/12-15:45:57-GMT  BuildTime: Aug  4 2022 06:17:15  BuildStamp: freesurfer-linux-ubuntu22_x86_64-7.3.2-20220804-6354275  User: oesteban  Machine: dna084  Platform: Linux  PlatformVersion: 5.14.0-427.37.1.el9_4.x86_64  CompilerName: GCC  CompilerVersion: 8.4.0
ProgramName: mris_anatomical_stats  ProgramArguments: mris_anatomical_stats -all-info  ProgramVersion: 7.3.2  TimeStamp: 2026/03/12-15:45:57-GMT  BuildTime: Aug  4 2022 06:17:15  BuildStamp: freesurfer-linux-ubuntu22_x86_64-7.3.2-20220804-6354275  User: oesteban  Machine: dna084  Platform: Linux  PlatformVersion: 5.14.0-427.37.1.el9_4.x86_64  CompilerName: GCC  CompilerVersion: 8.4.0
ProgramName: mris_ca_label  ProgramArguments: mris_ca_label -all-info  ProgramVersion: 7.3.2  TimeStamp: 2026/03/12-15:45:57-GMT  BuildTime: Aug  4 2022 06:17:15  BuildStamp: freesurfer-linux-ubuntu22_x86_64-7.3.2-20220804-6354275  User: oesteban  Machine: dna084  Platform: Linux  PlatformVersion: 5.14.0-427.37.1.el9_4.x86_64  CompilerName: GCC  CompilerVersion: 8.4.0
ProgramName: mris_calc  ProgramArguments: mris_calc -all-info  ProgramVersion: 7.3.2  TimeStamp: 2026/03/12-15:45:57-GMT  BuildTime: Aug  4 2022 06:17:15  BuildStamp: freesurfer-linux-ubuntu22_x86_64-7.3.2-20220804-6354275  User: oesteban  Machine: dna084  Platform: Linux  PlatformVersion: 5.14.0-427.37.1.el9_4.x86_64  CompilerName: GCC  CompilerVersion: 8.4.0
ProgramName: mris_convert  ProgramArguments: mris_convert -all-info  ProgramVersion: 7.3.2  TimeStamp: 2026/03/12-15:45:57-GMT  BuildTime: Aug  4 2022 06:17:15  BuildStamp: freesurfer-linux-ubuntu22_x86_64-7.3.2-20220804-6354275  User: oesteban  Machine: dna084  Platform: Linux  PlatformVersion: 5.14.0-427.37.1.el9_4.x86_64  CompilerName: GCC  CompilerVersion: 8.4.0
ProgramName: mris_curvature  ProgramArguments: mris_curvature -all-info  ProgramVersion: 7.3.2  TimeStamp: 2026/03/12-15:45:57-GMT  BuildTime: Aug  4 2022 06:17:15  BuildStamp: freesurfer-linux-ubuntu22_x86_64-7.3.2-20220804-6354275  User: oesteban  Machine: dna084  Platform: Linux  PlatformVersion: 5.14.0-427.37.1.el9_4.x86_64  CompilerName: GCC  CompilerVersion: 8.4.0
ProgramName: mris_curvature_stats  ProgramArguments: mris_curvature_stats -all-info  ProgramVersion: 7.3.2  TimeStamp: 2026/03/12-15:45:57-GMT  BuildTime: Aug  4 2022 06:17:15  BuildStamp: freesurfer-linux-ubuntu22_x86_64-7.3.2-20220804-6354275  User: oesteban  Machine: dna084  Platform: Linux  PlatformVersion: 5.14.0-427.37.1.el9_4.x86_64  CompilerName: GCC  CompilerVersion: 8.4.0
ProgramName: mris_diff  ProgramArguments: mris_diff -all-info  ProgramVersion: 7.3.2  TimeStamp: 2026/03/12-15:45:57-GMT  BuildTime: Aug  4 2022 06:17:15  BuildStamp: freesurfer-linux-ubuntu22_x86_64-7.3.2-20220804-6354275  User: oesteban  Machine: dna084  Platform: Linux  PlatformVersion: 5.14.0-427.37.1.el9_4.x86_64  CompilerName: GCC  CompilerVersion: 8.4.0
ProgramName: mris_divide_parcellation  ProgramArguments: mris_divide_parcellation -all-info  ProgramVersion: 7.3.2  TimeStamp: 2026/03/12-15:45:57-GMT  BuildTime: Aug  4 2022 06:17:15  BuildStamp: freesurfer-linux-ubuntu22_x86_64-7.3.2-20220804-6354275  User: oesteban  Machine: dna084  Platform: Linux  PlatformVersion: 5.14.0-427.37.1.el9_4.x86_64  CompilerName: GCC  CompilerVersion: 8.4.0
ProgramName: mri_segment  ProgramArguments: mri_segment -all-info  ProgramVersion: 7.3.2  TimeStamp: 2026/03/12-15:45:57-GMT  BuildTime: Aug  4 2022 06:17:15  BuildStamp: freesurfer-linux-ubuntu22_x86_64-7.3.2-20220804-6354275  User: oesteban  Machine: dna084  Platform: Linux  PlatformVersion: 5.14.0-427.37.1.el9_4.x86_64  CompilerName: GCC  CompilerVersion: 8.4.0
ProgramName: mri_segstats  ProgramArguments: mri_segstats -all-info  ProgramVersion: 7.3.2  TimeStamp: 2026/03/12-15:45:57-GMT  BuildTime: Aug  4 2022 06:17:15  BuildStamp: freesurfer-linux-ubuntu22_x86_64-7.3.2-20220804-6354275  User: oesteban  Machine: dna084  Platform: Linux  PlatformVersion: 5.14.0-427.37.1.el9_4.x86_64  CompilerName: GCC  CompilerVersion: 8.4.0
ProgramName: mris_euler_number  ProgramArguments: mris_euler_number -all-info  ProgramVersion: 7.3.2  TimeStamp: 2026/03/12-15:45:57-GMT  BuildTime: Aug  4 2022 06:17:15  BuildStamp: freesurfer-linux-ubuntu22_x86_64-7.3.2-20220804-6354275  User: oesteban  Machine: dna084  Platform: Linux  PlatformVersion: 5.14.0-427.37.1.el9_4.x86_64  CompilerName: GCC  CompilerVersion: 8.4.0
ProgramName: mris_fix_topology  ProgramArguments: mris_fix_topology -all-info  ProgramVersion: 7.3.2  TimeStamp: 2026/03/12-15:45:57-GMT  BuildTime: Aug  4 2022 06:17:15  BuildStamp: freesurfer-linux-ubuntu22_x86_64-7.3.2-20220804-6354275  User: oesteban  Machine: dna084  Platform: Linux  PlatformVersion: 5.14.0-427.37.1.el9_4.x86_64  CompilerName: GCC  CompilerVersion: 8.4.0
ProgramName: mris_topo_fixer  ProgramArguments: mris_topo_fixer -all-info  ProgramVersion: 7.3.2  TimeStamp: 2026/03/12-15:45:57-GMT  BuildTime: Aug  4 2022 06:17:15  BuildStamp: freesurfer-linux-ubuntu22_x86_64-7.3.2-20220804-6354275  User: oesteban  Machine: dna084  Platform: Linux  PlatformVersion: 5.14.0-427.37.1.el9_4.x86_64  CompilerName: GCC  CompilerVersion: 8.4.0
ProgramName: mris_jacobian  ProgramArguments: mris_jacobian -all-info  ProgramVersion: 7.3.2  TimeStamp: 2026/03/12-15:45:57-GMT  BuildTime: Aug  4 2022 06:17:15  BuildStamp: freesurfer-linux-ubuntu22_x86_64-7.3.2-20220804-6354275  User: oesteban  Machine: dna084  Platform: Linux  PlatformVersion: 5.14.0-427.37.1.el9_4.x86_64  CompilerName: GCC  CompilerVersion: 8.4.0
ProgramName: mris_label2annot  ProgramArguments: mris_label2annot -all-info  ProgramVersion: 7.3.2  TimeStamp: 2026/03/12-15:45:57-GMT  BuildTime: Aug  4 2022 06:17:15  BuildStamp: freesurfer-linux-ubuntu22_x86_64-7.3.2-20220804-6354275  User: oesteban  Machine: dna084  Platform: Linux  PlatformVersion: 5.14.0-427.37.1.el9_4.x86_64  CompilerName: GCC  CompilerVersion: 8.4.0
ProgramName: mris_left_right_register  ProgramArguments: mris_left_right_register -all-info  ProgramVersion: 7.3.2  TimeStamp: 2026/03/12-15:45:57-GMT  BuildTime: Aug  4 2022 06:17:15  BuildStamp: freesurfer-linux-ubuntu22_x86_64-7.3.2-20220804-6354275  User: oesteban  Machine: dna084  Platform: Linux  PlatformVersion: 5.14.0-427.37.1.el9_4.x86_64  CompilerName: GCC  CompilerVersion: 8.4.0
ProgramName: mris_place_surface  ProgramArguments: mris_place_surface -all-info  ProgramVersion: 7.3.2  TimeStamp: 2026/03/12-15:45:57-GMT  BuildTime: Aug  4 2022 06:17:15  BuildStamp: freesurfer-linux-ubuntu22_x86_64-7.3.2-20220804-6354275  User: oesteban  Machine: dna084  Platform: Linux  PlatformVersion: 5.14.0-427.37.1.el9_4.x86_64  CompilerName: GCC  CompilerVersion: 8.4.0
ProgramName: mrisp_paint  ProgramArguments: mrisp_paint -all-info  ProgramVersion: 7.3.2  TimeStamp: 2026/03/12-15:45:57-GMT  BuildTime: Aug  4 2022 06:17:15  BuildStamp: freesurfer-linux-ubuntu22_x86_64-7.3.2-20220804-6354275  User: oesteban  Machine: dna084  Platform: Linux  PlatformVersion: 5.14.0-427.37.1.el9_4.x86_64  CompilerName: GCC  CompilerVersion: 8.4.0
ProgramName: mris_register  ProgramArguments: mris_register -all-info  ProgramVersion: 7.3.2  TimeStamp: 2026/03/12-15:45:57-GMT  BuildTime: Aug  4 2022 06:17:15  BuildStamp: freesurfer-linux-ubuntu22_x86_64-7.3.2-20220804-6354275  User: oesteban  Machine: dna084  Platform: Linux  PlatformVersion: 5.14.0-427.37.1.el9_4.x86_64  CompilerName: GCC  CompilerVersion: 8.4.0
ProgramName: mris_smooth  ProgramArguments: mris_smooth -all-info  ProgramVersion: 7.3.2  TimeStamp: 2026/03/12-15:45:57-GMT  BuildTime: Aug  4 2022 06:17:15  BuildStamp: freesurfer-linux-ubuntu22_x86_64-7.3.2-20220804-6354275  User: oesteban  Machine: dna084  Platform: Linux  PlatformVersion: 5.14.0-427.37.1.el9_4.x86_64  CompilerName: GCC  CompilerVersion: 8.4.0
ProgramName: mris_sphere  ProgramArguments: mris_sphere -all-info  ProgramVersion: 7.3.2  TimeStamp: 2026/03/12-15:45:57-GMT  BuildTime: Aug  4 2022 06:17:15  BuildStamp: freesurfer-linux-ubuntu22_x86_64-7.3.2-20220804-6354275  User: oesteban  Machine: dna084  Platform: Linux  PlatformVersion: 5.14.0-427.37.1.el9_4.x86_64  CompilerName: GCC  CompilerVersion: 8.4.0
ProgramName: mris_surface_stats  ProgramArguments: mris_surface_stats -all-info  ProgramVersion: 7.3.2  TimeStamp: 2026/03/12-15:45:57-GMT  BuildTime: Aug  4 2022 06:17:15  BuildStamp: freesurfer-linux-ubuntu22_x86_64-7.3.2-20220804-6354275  User: oesteban  Machine: dna084  Platform: Linux  PlatformVersion: 5.14.0-427.37.1.el9_4.x86_64  CompilerName: GCC  CompilerVersion: 8.4.0
ProgramName: mri_stats2seg  ProgramArguments: mri_stats2seg -all-info  ProgramVersion: 7.3.2  TimeStamp: 2026/03/12-15:45:57-GMT  BuildTime: Aug  4 2022 06:17:15  BuildStamp: freesurfer-linux-ubuntu22_x86_64-7.3.2-20220804-6354275  User: oesteban  Machine: dna084  Platform: Linux  PlatformVersion: 5.14.0-427.37.1.el9_4.x86_64  CompilerName: GCC  CompilerVersion: 8.4.0
ProgramName: mris_thickness  ProgramArguments: mris_thickness -all-info  ProgramVersion: 7.3.2  TimeStamp: 2026/03/12-15:45:57-GMT  BuildTime: Aug  4 2022 06:17:15  BuildStamp: freesurfer-linux-ubuntu22_x86_64-7.3.2-20220804-6354275  User: oesteban  Machine: dna084  Platform: Linux  PlatformVersion: 5.14.0-427.37.1.el9_4.x86_64  CompilerName: GCC  CompilerVersion: 8.4.0
ProgramName: mris_thickness_diff  ProgramArguments: mris_thickness_diff -all-info  ProgramVersion: 7.3.2  TimeStamp: 2026/03/12-15:45:57-GMT  BuildTime: Aug  4 2022 06:17:15  BuildStamp: freesurfer-linux-ubuntu22_x86_64-7.3.2-20220804-6354275  User: oesteban  Machine: dna084  Platform: Linux  PlatformVersion: 5.14.0-427.37.1.el9_4.x86_64  CompilerName: GCC  CompilerVersion: 8.4.0
ProgramName: mris_topo_fixer  ProgramArguments: mris_topo_fixer -all-info  ProgramVersion: 7.3.2  TimeStamp: 2026/03/12-15:45:57-GMT  BuildTime: Aug  4 2022 06:17:15  BuildStamp: freesurfer-linux-ubuntu22_x86_64-7.3.2-20220804-6354275  User: oesteban  Machine: dna084  Platform: Linux  PlatformVersion: 5.14.0-427.37.1.el9_4.x86_64  CompilerName: GCC  CompilerVersion: 8.4.0
ProgramName: mri_surf2surf  ProgramArguments: mri_surf2surf -all-info  ProgramVersion: 7.3.2  TimeStamp: 2026/03/12-15:45:57-GMT  BuildTime: Aug  4 2022 06:17:15  BuildStamp: freesurfer-linux-ubuntu22_x86_64-7.3.2-20220804-6354275  User: oesteban  Machine: dna084  Platform: Linux  PlatformVersion: 5.14.0-427.37.1.el9_4.x86_64  CompilerName: GCC  CompilerVersion: 8.4.0
ProgramName: mri_surf2vol  ProgramArguments: mri_surf2vol -all-info  ProgramVersion: 7.3.2  TimeStamp: 2026/03/12-15:45:57-GMT  BuildTime: Aug  4 2022 06:17:15  BuildStamp: freesurfer-linux-ubuntu22_x86_64-7.3.2-20220804-6354275  User: oesteban  Machine: dna084  Platform: Linux  PlatformVersion: 5.14.0-427.37.1.el9_4.x86_64  CompilerName: GCC  CompilerVersion: 8.4.0
ProgramName: mri_surfcluster  ProgramArguments: mri_surfcluster -all-info  ProgramVersion: 7.3.2  TimeStamp: 2026/03/12-15:45:57-GMT  BuildTime: Aug  4 2022 06:17:15  BuildStamp: freesurfer-linux-ubuntu22_x86_64-7.3.2-20220804-6354275  User: oesteban  Machine: dna084  Platform: Linux  PlatformVersion: 5.14.0-427.37.1.el9_4.x86_64  CompilerName: GCC  CompilerVersion: 8.4.0
ProgramName: mris_volmask  ProgramArguments: mris_volmask -all-info  ProgramVersion: 7.3.2  TimeStamp: 2026/03/12-15:45:57-GMT  BuildTime: Aug  4 2022 06:17:15  BuildStamp: freesurfer-linux-ubuntu22_x86_64-7.3.2-20220804-6354275  User: oesteban  Machine: dna084  Platform: Linux  PlatformVersion: 5.14.0-427.37.1.el9_4.x86_64  CompilerName: GCC  CompilerVersion: 8.4.0
ProgramName: mri_tessellate  ProgramArguments: mri_tessellate -all-info  ProgramVersion: 7.3.2  TimeStamp: 2026/03/12-15:45:57-GMT  BuildTime: Aug  4 2022 06:17:15  BuildStamp: freesurfer-linux-ubuntu22_x86_64-7.3.2-20220804-6354275  User: oesteban  Machine: dna084  Platform: Linux  PlatformVersion: 5.14.0-427.37.1.el9_4.x86_64  CompilerName: GCC  CompilerVersion: 8.4.0
ProgramName: mri_vol2surf  ProgramArguments: mri_vol2surf -all-info  ProgramVersion: 7.3.2  TimeStamp: 2026/03/12-15:45:57-GMT  BuildTime: Aug  4 2022 06:17:15  BuildStamp: freesurfer-linux-ubuntu22_x86_64-7.3.2-20220804-6354275  User: oesteban  Machine: dna084  Platform: Linux  PlatformVersion: 5.14.0-427.37.1.el9_4.x86_64  CompilerName: GCC  CompilerVersion: 8.4.0
ProgramName: mri_vol2vol  ProgramArguments: mri_vol2vol -all-info  ProgramVersion: 7.3.2  TimeStamp: 2026/03/12-15:45:57-GMT  BuildTime: Aug  4 2022 06:17:15  BuildStamp: freesurfer-linux-ubuntu22_x86_64-7.3.2-20220804-6354275  User: oesteban  Machine: dna084  Platform: Linux  PlatformVersion: 5.14.0-427.37.1.el9_4.x86_64  CompilerName: GCC  CompilerVersion: 8.4.0
ProgramName: mri_voldiff  ProgramArguments: mri_voldiff -all-info  ProgramVersion: 7.3.2  TimeStamp: 2026/03/12-15:45:57-GMT  BuildTime: Aug  4 2022 06:17:15  BuildStamp: freesurfer-linux-ubuntu22_x86_64-7.3.2-20220804-6354275  User: oesteban  Machine: dna084  Platform: Linux  PlatformVersion: 5.14.0-427.37.1.el9_4.x86_64  CompilerName: GCC  CompilerVersion: 8.4.0
ProgramName: mri_watershed  ProgramArguments: mri_watershed -all-info  ProgramVersion: 7.3.2  TimeStamp: 2026/03/12-15:45:57-GMT  BuildTime: Aug  4 2022 06:17:15  BuildStamp: freesurfer-linux-ubuntu22_x86_64-7.3.2-20220804-6354275  User: oesteban  Machine: dna084  Platform: Linux  PlatformVersion: 5.14.0-427.37.1.el9_4.x86_64  CompilerName: GCC  CompilerVersion: 8.4.0
ProgramName: tkregister2  ProgramArguments: tkregister2_cmdl -all-info  ProgramVersion: 7.3.2  TimeStamp: 2026/03/12-15:45:57-GMT  BuildTime: Aug  4 2022 06:17:15  BuildStamp: freesurfer-linux-ubuntu22_x86_64-7.3.2-20220804-6354275  User: oesteban  Machine: dna084  Platform: Linux  PlatformVersion: 5.14.0-427.37.1.el9_4.x86_64  CompilerName: GCC  CompilerVersion: 8.4.0
mri_motion_correct.fsl 7.3.2
mri_convert -all-info 
ProgramName: mri_convert  ProgramArguments: mri_convert -all-info  ProgramVersion: 7.3.2  TimeStamp: 2026/03/12-15:45:57-GMT  BuildTime: Aug  4 2022 06:17:15  BuildStamp: freesurfer-linux-ubuntu22_x86_64-7.3.2-20220804-6354275  User: oesteban  Machine: dna084  Platform: Linux  PlatformVersion: 5.14.0-427.37.1.el9_4.x86_64  CompilerName: GCC  CompilerVersion: 8.4.0
Program nu_correct, built from:
Package MNI N3, version 1.12.0, compiled by nicks@terrier (x86_64-unknown-linux-gnu) on 2015-06-19 at 01:25:34
#######################################
GCADIR /opt/freesurfer/average
GCA RB_all_2020-01-02.gca
GCASkull RB_all_withskull_2020_01_02.gca
AvgCurvTif folding.atlas.acfb40.noaparc.i12.2016-08-02.tif
GCSDIR /opt/freesurfer/average
GCS DKaparc.atlas.acfb40.noaparc.i12.2016-08-02.gcs
#######################################
#--------------------------------------------
#@# AutoDetGWStats rh Thu Mar 12 16:45:57 CET 2026
cd /out/sourcedata/freesurfer/sub-v1s20x0050286_ses-1/mri
mris_autodet_gwstats --o ../surf/autodet.gw.stats.rh.dat --i brain.finalsurfs.mgz --wm wm.mgz --surf ../surf/rh.orig.premesh
  Update not needed
#--------------------------------------------
#@# WhitePreAparc rh Thu Mar 12 16:45:57 CET 2026
cd /out/sourcedata/freesurfer/sub-v1s20x0050286_ses-1/mri
mris_place_surface --adgws-in ../surf/autodet.gw.stats.rh.dat --wm wm.mgz --threads 16 --invol brain.finalsurfs.mgz --rh --i ../surf/rh.orig --o ../surf/rh.white.preaparc --white --seg aseg.presurf.mgz --nsmooth 5
   Update not needed
#--------------------------------------------
#@# CortexLabel rh Thu Mar 12 16:45:57 CET 2026
cd /out/sourcedata/freesurfer/sub-v1s20x0050286_ses-1/mri
mri_label2label --label-cortex ../surf/rh.white.preaparc aseg.presurf.mgz 0 ../label/rh.cortex.label
   Update not needed
#--------------------------------------------
#@# CortexLabel+HipAmyg rh Thu Mar 12 16:45:57 CET 2026
cd /out/sourcedata/freesurfer/sub-v1s20x0050286_ses-1/mri
mri_label2label --label-cortex ../surf/rh.white.preaparc aseg.presurf.mgz 1 ../label/rh.cortex+hipamyg.label
   Update not needed
#@# white curv rh Thu Mar 12 16:45:57 CET 2026
cd /out/sourcedata/freesurfer/sub-v1s20x0050286_ses-1/mri
mris_place_surface --curv-map ../surf/rh.white 2 10 ../surf/rh.curv
   Update not needed
#@# white area rh Thu Mar 12 16:45:57 CET 2026
cd /out/sourcedata/freesurfer/sub-v1s20x0050286_ses-1/mri
mris_place_surface --area-map ../surf/rh.white ../surf/rh.area
   Update not needed
#@# pial curv rh Thu Mar 12 16:45:57 CET 2026
cd /out/sourcedata/freesurfer/sub-v1s20x0050286_ses-1/mri
mris_place_surface --curv-map ../surf/rh.pial 2 10 ../surf/rh.curv.pial
   Update not needed
#@# pial area rh Thu Mar 12 16:45:57 CET 2026
cd /out/sourcedata/freesurfer/sub-v1s20x0050286_ses-1/mri
mris_place_surface --area-map ../surf/rh.pial ../surf/rh.area.pial
   Update not needed
#@# thickness rh Thu Mar 12 16:45:57 CET 2026
cd /out/sourcedata/freesurfer/sub-v1s20x0050286_ses-1/mri
mris_place_surface --thickness ../surf/rh.white ../surf/rh.pial 20 5 ../surf/rh.thickness
   Update not needed
#@# area and vertex vol rh Thu Mar 12 16:45:57 CET 2026
cd /out/sourcedata/freesurfer/sub-v1s20x0050286_ses-1/mri
mris_place_surface --thickness ../surf/rh.white ../surf/rh.pial 20 5 ../surf/rh.thickness
   Update not needed
#-----------------------------------------
#@# Parcellation Stats rh Thu Mar 12 16:45:57 CET 2026
/out/sourcedata/freesurfer/sub-v1s20x0050286_ses-1/scripts

 mris_anatomical_stats -th3 -mgz -noglobal -cortex ../label/rh.cortex.label -f ../stats/rh.aparc.stats -b -a ../label/rh.aparc.annot -c ../label/aparc.annot.ctab sub-v1s20x0050286_ses-1 rh white 

computing statistics for each annotation in ../label/rh.aparc.annot.
reading volume /out/sourcedata/freesurfer/sub-v1s20x0050286_ses-1/mri/wm.mgz...
reading input surface /out/sourcedata/freesurfer/sub-v1s20x0050286_ses-1/surf/rh.white...
reading input pial surface /out/sourcedata/freesurfer/sub-v1s20x0050286_ses-1/surf/rh.pial...
reading input white surface /out/sourcedata/freesurfer/sub-v1s20x0050286_ses-1/surf/rh.white...
INFO: using TH3 volume calc
INFO: assuming MGZ format for volumes.
INFO: not computing global stats
INFO: using ../label/rh.cortex.label as mask to calc cortex NumVert, SurfArea and MeanThickness.
Using TH3 vertex volume calc
Total face volume 200746
Total vertex volume 200532 (mask=0)
Saving annotation colortable ../label/aparc.annot.ctab

table columns are:
    number of vertices
    total surface area (mm^2)
    total gray matter volume (mm^3)
    average cortical thickness +- standard deviation (mm)
    integrated rectified mean curvature
    integrated rectified Gaussian curvature
    folding index
    intrinsic curvature index
    structure name

 1268    871   2036  2.456 0.445     0.109     0.023        9     1.3  bankssts
  970    636   1779  2.685 0.520     0.106     0.016        8     0.7  caudalanteriorcingulate
 2879   1879   5555  2.717 0.603     0.103     0.018       21     2.3  caudalmiddlefrontal
 2085   1345   2844  1.939 0.500     0.121     0.030       20     2.6  cuneus
  782    503   1837  2.865 0.719     0.117     0.031        6     1.0  entorhinal
 4477   2964   8200  2.459 0.696     0.119     0.031       50     5.8  fusiform
 6353   4552  10625  2.213 0.501     0.115     0.022       64     6.1  inferiorparietal
 4381   3106   8128  2.407 0.742     0.122     0.029       50     5.3  inferiortemporal
 1079    748   2037  2.391 0.774     0.120     0.025       13     1.0  isthmuscingulate
 5999   4017   8332  1.996 0.597     0.132     0.032       75     8.4  lateraloccipital
 3270   2245   6409  2.653 0.709     0.131     0.031       35     4.7  lateralorbitofrontal
 4267   2889   5633  1.882 0.535     0.132     0.032       48     6.3  lingual
 2589   1833   4876  2.395 0.744     0.125     0.033       44     3.6  medialorbitofrontal
 4003   2932   8891  2.595 0.619     0.129     0.026       50     4.7  middletemporal
  984    587   1512  2.242 0.716     0.085     0.022        7     0.8  parahippocampal
 2379   1391   3562  2.432 0.752     0.104     0.022       18     2.3  paracentral
 2002   1395   3915  2.573 0.527     0.119     0.024       18     1.8  parsopercularis
 1084    777   2633  2.620 0.746     0.135     0.028       12     1.3  parsorbitalis
 2160   1481   4222  2.471 0.622     0.108     0.022       15     1.9  parstriangularis
 1597   1149   1605  1.590 0.613     0.138     0.032       15     2.1  pericalcarine
 5549   3491   7388  1.929 0.641     0.095     0.017       40     4.0  postcentral
 1485    986   2580  2.406 0.685     0.111     0.021       16     1.3  posteriorcingulate
 6806   4226  11523  2.559 0.679     0.097     0.018       42     5.4  precentral
 5474   3673   9101  2.362 0.592     0.119     0.023       51     5.2  precuneus
  756    540   1814  2.833 0.740     0.119     0.022        8     0.8  rostralanteriorcingulate
 8386   6183  16312  2.410 0.550     0.137     0.030       94    10.8  rostralmiddlefrontal
 9421   5955  18488  2.854 0.699     0.106     0.023       73     9.2  superiorfrontal
 6505   4210   9311  2.061 0.538     0.105     0.021       52     5.6  superiorparietal
 5231   3511  10889  2.743 0.720     0.106     0.023       39     4.9  superiortemporal
 4625   3259   8292  2.445 0.540     0.120     0.023       43     4.4  supramarginal
  437    337   1187  2.667 0.655     0.162     0.046        8     0.8  frontalpole
  505    422   2071  3.334 0.600     0.159     0.041        8     0.9  temporalpole
  572    314    916  2.563 0.358     0.092     0.028        5     0.6  transversetemporal
 3150   2194   6030  2.848 0.811     0.120     0.031       26     3.9  insula

 mris_anatomical_stats -th3 -mgz -noglobal -cortex ../label/rh.cortex.label -f ../stats/rh.aparc.pial.stats -b -a ../label/rh.aparc.annot -c ../label/aparc.annot.ctab sub-v1s20x0050286_ses-1 rh pial 

computing statistics for each annotation in ../label/rh.aparc.annot.
reading volume /out/sourcedata/freesurfer/sub-v1s20x0050286_ses-1/mri/wm.mgz...
reading input surface /out/sourcedata/freesurfer/sub-v1s20x0050286_ses-1/surf/rh.pial...
reading input pial surface /out/sourcedata/freesurfer/sub-v1s20x0050286_ses-1/surf/rh.pial...
reading input white surface /out/sourcedata/freesurfer/sub-v1s20x0050286_ses-1/surf/rh.white...
INFO: using TH3 volume calc
INFO: assuming MGZ format for volumes.
INFO: not computing global stats
INFO: using ../label/rh.cortex.label as mask to calc cortex NumVert, SurfArea and MeanThickness.
Using TH3 vertex volume calc
Total face volume 200746
Total vertex volume 200532 (mask=0)
Saving annotation colortable ../label/aparc.annot.ctab

table columns are:
    number of vertices
    total surface area (mm^2)
    total gray matter volume (mm^3)
    average cortical thickness +- standard deviation (mm)
    integrated rectified mean curvature
    integrated rectified Gaussian curvature
    folding index
    intrinsic curvature index
    structure name

 1268    816   2036  2.456 0.445     0.111     0.030       30     1.4  bankssts
  970    726   1779  2.685 0.520     0.108     0.020       12     0.7  caudalanteriorcingulate
 2879   2175   5555  2.717 0.603     0.104     0.019       32     2.3  caudalmiddlefrontal
 2085   1751   2844  1.939 0.500     0.139     0.033       29     2.9  cuneus
  782    793   1837  2.865 0.719     0.234     0.071      107     2.3  entorhinal
 4477   3785   8200  2.459 0.696     0.154     0.041     5966     6.7  fusiform
 6353   5161  10625  2.213 0.501     0.123     0.026       74     7.5  inferiorparietal
 4381   3683   8128  2.407 0.742     0.141     0.033       81     6.3  inferiortemporal
 1079   1020   2037  2.391 0.774     0.184     0.055       29     2.8  isthmuscingulate
 5999   4492   8332  1.996 0.597     0.134     0.080     1140     8.0  lateraloccipital
 3270   2646   6409  2.653 0.709     0.146     0.052       86     5.1  lateralorbitofrontal
 4267   3481   5633  1.882 0.535     0.132     0.032       82     5.8  lingual
 2589   2296   4876  2.395 0.744     0.157     0.038       74     4.3  medialorbitofrontal
 4003   3966   8891  2.595 0.619     0.160     0.033       66     6.3  middletemporal
  984    794   1512  2.242 0.716     0.139     0.036       13     1.8  parahippocampal
 2379   1577   3562  2.432 0.752     0.105     0.019       28     1.9  paracentral
 2002   1620   3915  2.573 0.527     0.131     0.032       23     2.7  parsopercularis
 1084   1222   2633  2.620 0.746     0.177     0.034       15     1.7  parsorbitalis
 2160   1882   4222  2.471 0.622     0.141     0.031       30     2.8  parstriangularis
 1597    966   1605  1.590 0.613     0.114     0.030       33     1.8  pericalcarine
 5549   4210   7388  1.929 0.641     0.103     0.020       46     4.4  postcentral
 1485   1187   2580  2.406 0.685     0.137     0.037       21     2.0  posteriorcingulate
 6806   4797  11523  2.559 0.679     0.095     0.018       83     5.0  precentral
 5474   3951   9101  2.362 0.592     0.128     0.074      195     6.7  precuneus
  756    745   1814  2.833 0.740     0.150     0.031       14     1.0  rostralanteriorcingulate
 8386   7357  16312  2.410 0.550     0.143     0.028      164    10.3  rostralmiddlefrontal
 9421   7017  18488  2.854 0.699     0.112     0.025      116     9.1  superiorfrontal
 6505   4870   9311  2.061 0.538     0.114     0.023       68     6.7  superiorparietal
 5231   4373  10889  2.743 0.720     0.129     0.029       76     6.4  superiortemporal
 4625   3552   8292  2.445 0.540     0.121     0.028       73     5.1  supramarginal
  437    541   1187  2.667 0.655     0.208     0.047        5     1.0  frontalpole
  505    777   2071  3.334 0.600     0.232     0.051        6     1.0  temporalpole
  572    412    916  2.563 0.358     0.115     0.031        6     0.7  transversetemporal
 3150   2006   6030  2.848 0.811     0.141     0.046       87     5.4  insula
#-----------------------------------------
#@# Parcellation Stats 2 rh Thu Mar 12 16:46:08 CET 2026
/out/sourcedata/freesurfer/sub-v1s20x0050286_ses-1/scripts

 mris_anatomical_stats -th3 -mgz -noglobal -cortex ../label/rh.cortex.label -f ../stats/rh.aparc.a2009s.stats -b -a ../label/rh.aparc.a2009s.annot -c ../label/aparc.annot.a2009s.ctab sub-v1s20x0050286_ses-1 rh white 

computing statistics for each annotation in ../label/rh.aparc.a2009s.annot.
reading volume /out/sourcedata/freesurfer/sub-v1s20x0050286_ses-1/mri/wm.mgz...
reading input surface /out/sourcedata/freesurfer/sub-v1s20x0050286_ses-1/surf/rh.white...
reading input pial surface /out/sourcedata/freesurfer/sub-v1s20x0050286_ses-1/surf/rh.pial...
reading input white surface /out/sourcedata/freesurfer/sub-v1s20x0050286_ses-1/surf/rh.white...
INFO: using TH3 volume calc
INFO: assuming MGZ format for volumes.
INFO: not computing global stats
INFO: using ../label/rh.cortex.label as mask to calc cortex NumVert, SurfArea and MeanThickness.
Using TH3 vertex volume calc
Total face volume 200746
Total vertex volume 200532 (mask=0)
Saving annotation colortable ../label/aparc.annot.a2009s.ctab

table columns are:
    number of vertices
    total surface area (mm^2)
    total gray matter volume (mm^3)
    average cortical thickness +- standard deviation (mm)
    integrated rectified mean curvature
    integrated rectified Gaussian curvature
    folding index
    intrinsic curvature index
    structure name

  806    590   1535  2.403 0.573     0.141     0.036       12     1.1  G_and_S_frontomargin
 1012    730   1799  2.226 0.574     0.131     0.024       14     1.2  G_and_S_occipital_inf
 1499    849   2133  2.262 0.595     0.110     0.022       13     1.5  G_and_S_paracentral
 1208    803   2507  2.610 0.491     0.123     0.024       13     1.1  G_and_S_subcentral
 1075    912   2748  2.388 0.579     0.170     0.041       19     1.9  G_and_S_transv_frontopol
 2469   1727   4909  2.779 0.663     0.110     0.022       21     2.2  G_and_S_cingul-Ant
 1285    850   2356  2.777 0.518     0.094     0.017        7     0.9  G_and_S_cingul-Mid-Ant
 1327    888   2081  2.274 0.630     0.107     0.021        9     1.2  G_and_S_cingul-Mid-Post
  397    263   1185  3.178 0.628     0.132     0.031        5     0.4  G_cingul-Post-dorsal
  249    156    575  2.622 0.802     0.100     0.026        2     0.2  G_cingul-Post-ventral
 1906   1243   2487  1.820 0.568     0.125     0.030       19     2.4  G_cuneus
 1346    926   3245  2.727 0.441     0.118     0.024       14     1.3  G_front_inf-Opercular
  425    297   1246  2.931 0.401     0.115     0.023        3     0.5  G_front_inf-Orbital
  957    657   2313  2.616 0.618     0.111     0.025        8     0.9  G_front_inf-Triangul
 4001   2806   9497  2.674 0.642     0.134     0.032       48     5.2  G_front_middle
 6566   3955  14185  2.983 0.741     0.110     0.027       63     7.5  G_front_sup
  598    428   1364  3.096 0.715     0.121     0.039        6     0.9  G_Ins_lg_and_S_cent_ins
  556    393   1789  3.347 1.022     0.131     0.039        7     1.0  G_insular_short
 1962   1348   3421  2.070 0.561     0.135     0.032       29     2.7  G_occipital_middle
 1408    894   1962  1.867 0.429     0.112     0.024       14     1.5  G_occipital_sup
 2223   1398   4528  2.547 0.709     0.126     0.036       30     3.5  G_oc-temp_lat-fusifor
 2830   1939   3827  1.825 0.573     0.142     0.037       37     4.7  G_oc-temp_med-Lingual
 1458    894   3104  2.624 0.804     0.122     0.040       18     2.4  G_oc-temp_med-Parahip
 2341   1666   6079  2.799 0.675     0.140     0.036       31     3.6  G_orbital
 2136   1620   4579  2.386 0.494     0.135     0.030       32     2.7  G_pariet_inf-Angular
 2272   1652   4969  2.636 0.508     0.140     0.030       29     2.8  G_pariet_inf-Supramar
 1876   1227   3316  2.233 0.593     0.118     0.029       20     2.2  G_parietal_sup
 1906   1147   2696  1.938 0.598     0.103     0.020       17     1.7  G_postcentral
 2565   1383   5348  2.918 0.640     0.094     0.021       19     2.2  G_precentral
 2233   1484   4663  2.472 0.586     0.126     0.027       26     2.4  G_precuneus
  891    624   1914  2.323 0.721     0.160     0.058       27     2.5  G_rectus
  407    259    589  2.284 0.706     0.084     0.026        3     0.2  G_subcallosal
  429    217    671  2.420 0.417     0.090     0.032        4     0.4  G_temp_sup-G_T_transv
 1862   1304   5112  2.976 0.785     0.138     0.033       23     2.7  G_temp_sup-Lateral
  626    399   1439  2.928 0.577     0.083     0.020        4     0.3  G_temp_sup-Plan_polar
  779    515   1319  2.385 0.498     0.093     0.021        3     0.6  G_temp_sup-Plan_tempo
 2371   1719   5201  2.439 0.792     0.136     0.038       35     3.7  G_temporal_inf
 2180   1633   5724  2.661 0.623     0.137     0.031       32     2.8  G_temporal_middle
  370    247    445  2.120 0.492     0.093     0.012        2     0.2  Lat_Fis-ant-Horizont
  235    166    305  2.178 0.404     0.108     0.020        1     0.2  Lat_Fis-ant-Vertical
 1365    936   1744  2.342 0.594     0.114     0.024       10     1.4  Lat_Fis-post
 2603   1686   3480  1.903 0.658     0.146     0.045       40     5.0  Pole_occipital
 1500   1175   4858  3.085 0.741     0.145     0.032       21     2.1  Pole_temporal
 1662   1203   1826  1.819 0.668     0.130     0.030       14     2.1  S_calcarine
 2911   1928   3188  1.888 0.729     0.084     0.014       13     1.7  S_central
 1375    908   1904  2.149 0.544     0.108     0.019       10     1.2  S_cingul-Marginalis
  441    289    700  2.822 0.763     0.082     0.015        1     0.3  S_circular_insula_ant
 1231    831   1752  2.614 0.703     0.091     0.015        5     0.8  S_circular_insula_inf
 1469   1023   2169  2.563 0.537     0.119     0.023        9     1.5  S_circular_insula_sup
  986    682   1444  2.370 0.692     0.098     0.020        6     0.7  S_collat_transv_ant
  468    312    546  2.116 0.443     0.118     0.024        4     0.5  S_collat_transv_post
 2412   1653   3926  2.356 0.528     0.117     0.021       19     2.2  S_front_inf
 2132   1581   3354  2.355 0.525     0.131     0.027       21     2.5  S_front_middle
 1997   1323   2839  2.402 0.537     0.091     0.014        9     1.2  S_front_sup
  448    311    662  2.296 0.482     0.101     0.015        2     0.3  S_interm_prim-Jensen
 3039   2037   4000  2.123 0.426     0.098     0.014       19     1.9  S_intrapariet_and_P_trans
  812    540    942  1.948 0.461     0.100     0.018        4     0.6  S_oc_middle_and_Lunatus
  730    488    990  2.151 0.484     0.093     0.018        4     0.5  S_oc_sup_and_transversal
  682    455    859  2.351 0.518     0.119     0.022        5     0.6  S_occipital_ant
 1125    752   1252  2.004 0.419     0.105     0.020        6     1.0  S_oc-temp_lat
 1833   1230   2299  2.158 0.523     0.093     0.014        9     1.0  S_oc-temp_med_and_Lingual
  467    335    555  1.925 0.536     0.119     0.028        3     0.6  S_orbital_lateral
  695    510   1006  2.170 0.553     0.140     0.033        7     1.1  S_orbital_med-olfact
 1239    862   2113  2.633 0.718     0.126     0.025       10     1.4  S_orbital-H_Shaped
 2367   1558   2971  2.107 0.525     0.117     0.021       18     2.2  S_parieto_occipital
 1121    771   1253  2.170 0.630     0.124     0.019       16     0.8  S_pericallosal
 2377   1534   2541  1.858 0.531     0.080     0.011       10     1.1  S_postcentral
 1641   1107   2217  2.425 0.446     0.104     0.017        9     1.3  S_precentral-inf-part
 1069    705   1563  2.438 0.551     0.088     0.012        5     0.5  S_precentral-sup-part
  317    234    460  2.408 0.774     0.128     0.015        3     0.2  S_suborbital
 1122    772   1883  2.477 0.584     0.105     0.019        8     0.8  S_subparietal
 1223    879   1722  2.343 0.542     0.123     0.017       14     1.1  S_temporal_inf
 5281   3556   7879  2.415 0.557     0.095     0.016       30     3.6  S_temporal_sup
  328    236    468  2.362 0.621     0.110     0.022        1     0.4  S_temporal_transverse
#-----------------------------------------
#@# Parcellation Stats 3 rh Thu Mar 12 16:46:14 CET 2026
/out/sourcedata/freesurfer/sub-v1s20x0050286_ses-1/scripts

 mris_anatomical_stats -th3 -mgz -noglobal -cortex ../label/rh.cortex.label -f ../stats/rh.aparc.DKTatlas.stats -b -a ../label/rh.aparc.DKTatlas.annot -c ../label/aparc.annot.DKTatlas.ctab sub-v1s20x0050286_ses-1 rh white 

computing statistics for each annotation in ../label/rh.aparc.DKTatlas.annot.
reading volume /out/sourcedata/freesurfer/sub-v1s20x0050286_ses-1/mri/wm.mgz...
reading input surface /out/sourcedata/freesurfer/sub-v1s20x0050286_ses-1/surf/rh.white...
reading input pial surface /out/sourcedata/freesurfer/sub-v1s20x0050286_ses-1/surf/rh.pial...
reading input white surface /out/sourcedata/freesurfer/sub-v1s20x0050286_ses-1/surf/rh.white...
INFO: using TH3 volume calc
INFO: assuming MGZ format for volumes.
INFO: not computing global stats
INFO: using ../label/rh.cortex.label as mask to calc cortex NumVert, SurfArea and MeanThickness.
Using TH3 vertex volume calc
Total face volume 200746
Total vertex volume 200532 (mask=0)
Saving annotation colortable ../label/aparc.annot.DKTatlas.ctab

table columns are:
    number of vertices
    total surface area (mm^2)
    total gray matter volume (mm^3)
    average cortical thickness +- standard deviation (mm)
    integrated rectified mean curvature
    integrated rectified Gaussian curvature
    folding index
    intrinsic curvature index
    structure name

 1038    684   1876  2.678 0.516     0.104     0.016        8     0.7  caudalanteriorcingulate
 3008   1963   5782  2.708 0.602     0.103     0.018       22     2.4  caudalmiddlefrontal
 2630   1703   3434  1.897 0.502     0.121     0.028       24     3.2  cuneus
  658    415   1661  2.964 0.685     0.110     0.029        5     0.8  entorhinal
 4162   2738   7315  2.415 0.670     0.119     0.031       46     5.4  fusiform
 6193   4442  10325  2.211 0.507     0.115     0.022       61     6.0  inferiorparietal
 4802   3392   9202  2.451 0.759     0.122     0.029       55     5.9  inferiortemporal
 1052    730   1999  2.380 0.775     0.119     0.025       12     0.9  isthmuscingulate
 5963   3985   8275  1.986 0.593     0.131     0.032       74     8.1  lateraloccipital
 3722   2626   7539  2.641 0.717     0.139     0.034       45     5.7  lateralorbitofrontal
 4218   2854   5568  1.887 0.537     0.132     0.033       48     6.3  lingual
 1947   1387   3773  2.422 0.731     0.133     0.039       37     3.3  medialorbitofrontal
 4917   3555  10259  2.583 0.589     0.124     0.025       56     5.3  middletemporal
 1032    628   1565  2.206 0.714     0.090     0.024        8     0.9  parahippocampal
 2508   1446   3838  2.486 0.754     0.102     0.022       19     2.3  paracentral
 2349   1631   4518  2.563 0.539     0.118     0.024       21     2.1  parsopercularis
  986    653   2136  2.577 0.663     0.113     0.022        8     0.9  parsorbitalis
 2022   1394   3892  2.422 0.641     0.112     0.023       14     1.9  parstriangularis
 1575   1135   1616  1.608 0.625     0.138     0.033       15     2.1  pericalcarine
 6081   3837   8047  1.933 0.640     0.098     0.017       45     4.5  postcentral
 1544   1024   2614  2.391 0.688     0.114     0.022       17     1.4  posteriorcingulate
 6494   4026  11119  2.571 0.679     0.099     0.019       41     5.3  precentral
 5590   3743   9505  2.375 0.576     0.120     0.024       54     5.5  precuneus
 1013    710   2240  2.757 0.789     0.114     0.021       10     0.9  rostralanteriorcingulate
 6130   4497  12111  2.420 0.558     0.138     0.030       68     7.9  rostralmiddlefrontal
12133   8050  23840  2.737 0.704     0.112     0.024      105    12.6  superiorfrontal
 5272   3428   7598  2.081 0.539     0.101     0.020       40     4.3  superiorparietal
 6666   4565  14360  2.712 0.727     0.110     0.025       56     6.7  superiortemporal
 4471   3151   8098  2.452 0.549     0.119     0.023       42     4.3  supramarginal
  565    309    915  2.580 0.368     0.091     0.029        5     0.6  transversetemporal
 2769   1903   5512  2.957 0.778     0.115     0.028       21     3.3  insula
/out/sourcedata/freesurfer/sub-v1s20x0050286_ses-1/label
#--------------------------------------------
#@# BA_exvivo Labels rh Thu Mar 12 16:46:19 CET 2026

 mri_label2label --srcsubject fsaverage --srclabel /out/sourcedata/freesurfer/fsaverage/label/rh.BA1_exvivo.label --trgsubject sub-v1s20x0050286_ses-1 --trglabel ./rh.BA1_exvivo.label --hemi rh --regmethod surface 


srclabel = /out/sourcedata/freesurfer/fsaverage/label/rh.BA1_exvivo.label
srcsubject = fsaverage
trgsubject = sub-v1s20x0050286_ses-1
trglabel = ./rh.BA1_exvivo.label
regmethod = surface

srchemi = rh
trghemi = rh
trgsurface = white
srcsurfreg = sphere.reg
trgsurfreg = sphere.reg
usehash = 1
Use ProjAbs  = 0, 0
Use ProjFrac = 0, 0
DoPaint 0

SUBJECTS_DIR    /out/sourcedata/freesurfer
FREESURFER_HOME /opt/freesurfer
Loading source label.
Found 3962 points in source label.
Starting surface-based mapping
Reading source registration 
 /out/sourcedata/freesurfer/fsaverage/surf/rh.sphere.reg
Rescaling ...  original radius = 100
Reading target surface 
 /out/sourcedata/freesurfer/sub-v1s20x0050286_ses-1/surf/rh.white
Reading target registration 
 /out/sourcedata/freesurfer/sub-v1s20x0050286_ses-1/surf/rh.sphere.reg
Rescaling ...  original radius = 100
Building target registration hash (res=16).
Building source registration hash (res=16).
INFO: found  3962 nlabel points
Performing mapping from target back to the source label 121502
Number of reverse mapping hits = 32
Checking for and removing duplicates
Writing label file ./rh.BA1_exvivo.label 3994
mri_label2label: Done


 mri_label2label --srcsubject fsaverage --srclabel /out/sourcedata/freesurfer/fsaverage/label/rh.BA2_exvivo.label --trgsubject sub-v1s20x0050286_ses-1 --trglabel ./rh.BA2_exvivo.label --hemi rh --regmethod surface 


srclabel = /out/sourcedata/freesurfer/fsaverage/label/rh.BA2_exvivo.label
srcsubject = fsaverage
trgsubject = sub-v1s20x0050286_ses-1
trglabel = ./rh.BA2_exvivo.label
regmethod = surface

srchemi = rh
trghemi = rh
trgsurface = white
srcsurfreg = sphere.reg
trgsurfreg = sphere.reg
usehash = 1
Use ProjAbs  = 0, 0
Use ProjFrac = 0, 0
DoPaint 0

SUBJECTS_DIR    /out/sourcedata/freesurfer
FREESURFER_HOME /opt/freesurfer
Loading source label.
Found 6687 points in source label.
Starting surface-based mapping
Reading source registration 
 /out/sourcedata/freesurfer/fsaverage/surf/rh.sphere.reg
Rescaling ...  original radius = 100
Reading target surface 
 /out/sourcedata/freesurfer/sub-v1s20x0050286_ses-1/surf/rh.white
Reading target registration 
 /out/sourcedata/freesurfer/sub-v1s20x0050286_ses-1/surf/rh.sphere.reg
Rescaling ...  original radius = 100
Building target registration hash (res=16).
Building source registration hash (res=16).
INFO: found  6687 nlabel points
Performing mapping from target back to the source label 121502
Number of reverse mapping hits = 42
Checking for and removing duplicates
Writing label file ./rh.BA2_exvivo.label 6729
mri_label2label: Done


 mri_label2label --srcsubject fsaverage --srclabel /out/sourcedata/freesurfer/fsaverage/label/rh.BA3a_exvivo.label --trgsubject sub-v1s20x0050286_ses-1 --trglabel ./rh.BA3a_exvivo.label --hemi rh --regmethod surface 


srclabel = /out/sourcedata/freesurfer/fsaverage/label/rh.BA3a_exvivo.label
srcsubject = fsaverage
trgsubject = sub-v1s20x0050286_ses-1
trglabel = ./rh.BA3a_exvivo.label
regmethod = surface

srchemi = rh
trghemi = rh
trgsurface = white
srcsurfreg = sphere.reg
trgsurfreg = sphere.reg
usehash = 1
Use ProjAbs  = 0, 0
Use ProjFrac = 0, 0
DoPaint 0

SUBJECTS_DIR    /out/sourcedata/freesurfer
FREESURFER_HOME /opt/freesurfer
Loading source label.
Found 3980 points in source label.
Starting surface-based mapping
Reading source registration 
 /out/sourcedata/freesurfer/fsaverage/surf/rh.sphere.reg
Rescaling ...  original radius = 100
Reading target surface 
 /out/sourcedata/freesurfer/sub-v1s20x0050286_ses-1/surf/rh.white
Reading target registration 
 /out/sourcedata/freesurfer/sub-v1s20x0050286_ses-1/surf/rh.sphere.reg
Rescaling ...  original radius = 100
Building target registration hash (res=16).
Building source registration hash (res=16).
INFO: found  3980 nlabel points
Performing mapping from target back to the source label 121502
Number of reverse mapping hits = 13
Checking for and removing duplicates
Writing label file ./rh.BA3a_exvivo.label 3993
mri_label2label: Done


 mri_label2label --srcsubject fsaverage --srclabel /out/sourcedata/freesurfer/fsaverage/label/rh.BA3b_exvivo.label --trgsubject sub-v1s20x0050286_ses-1 --trglabel ./rh.BA3b_exvivo.label --hemi rh --regmethod surface 


srclabel = /out/sourcedata/freesurfer/fsaverage/label/rh.BA3b_exvivo.label
srcsubject = fsaverage
trgsubject = sub-v1s20x0050286_ses-1
trglabel = ./rh.BA3b_exvivo.label
regmethod = surface

srchemi = rh
trghemi = rh
trgsurface = white
srcsurfreg = sphere.reg
trgsurfreg = sphere.reg
usehash = 1
Use ProjAbs  = 0, 0
Use ProjFrac = 0, 0
DoPaint 0

SUBJECTS_DIR    /out/sourcedata/freesurfer
FREESURFER_HOME /opt/freesurfer
Loading source label.
Found 4522 points in source label.
Starting surface-based mapping
Reading source registration 
 /out/sourcedata/freesurfer/fsaverage/surf/rh.sphere.reg
Rescaling ...  original radius = 100
Reading target surface 
 /out/sourcedata/freesurfer/sub-v1s20x0050286_ses-1/surf/rh.white
Reading target registration 
 /out/sourcedata/freesurfer/sub-v1s20x0050286_ses-1/surf/rh.sphere.reg
Rescaling ...  original radius = 100
Building target registration hash (res=16).
Building source registration hash (res=16).
INFO: found  4522 nlabel points
Performing mapping from target back to the source label 121502
Number of reverse mapping hits = 37
Checking for and removing duplicates
Writing label file ./rh.BA3b_exvivo.label 4559
mri_label2label: Done


 mri_label2label --srcsubject fsaverage --srclabel /out/sourcedata/freesurfer/fsaverage/label/rh.BA4a_exvivo.label --trgsubject sub-v1s20x0050286_ses-1 --trglabel ./rh.BA4a_exvivo.label --hemi rh --regmethod surface 


srclabel = /out/sourcedata/freesurfer/fsaverage/label/rh.BA4a_exvivo.label
srcsubject = fsaverage
trgsubject = sub-v1s20x0050286_ses-1
trglabel = ./rh.BA4a_exvivo.label
regmethod = surface

srchemi = rh
trghemi = rh
trgsurface = white
srcsurfreg = sphere.reg
trgsurfreg = sphere.reg
usehash = 1
Use ProjAbs  = 0, 0
Use ProjFrac = 0, 0
DoPaint 0

SUBJECTS_DIR    /out/sourcedata/freesurfer
FREESURFER_HOME /opt/freesurfer
Loading source label.
Found 5747 points in source label.
Starting surface-based mapping
Reading source registration 
 /out/sourcedata/freesurfer/fsaverage/surf/rh.sphere.reg
Rescaling ...  original radius = 100
Reading target surface 
 /out/sourcedata/freesurfer/sub-v1s20x0050286_ses-1/surf/rh.white
Reading target registration 
 /out/sourcedata/freesurfer/sub-v1s20x0050286_ses-1/surf/rh.sphere.reg
Rescaling ...  original radius = 100
Building target registration hash (res=16).
Building source registration hash (res=16).
INFO: found  5747 nlabel points
Performing mapping from target back to the source label 121502
Number of reverse mapping hits = 60
Checking for and removing duplicates
Writing label file ./rh.BA4a_exvivo.label 5807
mri_label2label: Done


 mri_label2label --srcsubject fsaverage --srclabel /out/sourcedata/freesurfer/fsaverage/label/rh.BA4p_exvivo.label --trgsubject sub-v1s20x0050286_ses-1 --trglabel ./rh.BA4p_exvivo.label --hemi rh --regmethod surface 


srclabel = /out/sourcedata/freesurfer/fsaverage/label/rh.BA4p_exvivo.label
srcsubject = fsaverage
trgsubject = sub-v1s20x0050286_ses-1
trglabel = ./rh.BA4p_exvivo.label
regmethod = surface

srchemi = rh
trghemi = rh
trgsurface = white
srcsurfreg = sphere.reg
trgsurfreg = sphere.reg
usehash = 1
Use ProjAbs  = 0, 0
Use ProjFrac = 0, 0
DoPaint 0

SUBJECTS_DIR    /out/sourcedata/freesurfer
FREESURFER_HOME /opt/freesurfer
Loading source label.
Found 4473 points in source label.
Starting surface-based mapping
Reading source registration 
 /out/sourcedata/freesurfer/fsaverage/surf/rh.sphere.reg
Rescaling ...  original radius = 100
Reading target surface 
 /out/sourcedata/freesurfer/sub-v1s20x0050286_ses-1/surf/rh.white
Reading target registration 
 /out/sourcedata/freesurfer/sub-v1s20x0050286_ses-1/surf/rh.sphere.reg
Rescaling ...  original radius = 100
Building target registration hash (res=16).
Building source registration hash (res=16).
INFO: found  4473 nlabel points
Performing mapping from target back to the source label 121502
Number of reverse mapping hits = 22
Checking for and removing duplicates
Writing label file ./rh.BA4p_exvivo.label 4495
mri_label2label: Done


 mri_label2label --srcsubject fsaverage --srclabel /out/sourcedata/freesurfer/fsaverage/label/rh.BA6_exvivo.label --trgsubject sub-v1s20x0050286_ses-1 --trglabel ./rh.BA6_exvivo.label --hemi rh --regmethod surface 


srclabel = /out/sourcedata/freesurfer/fsaverage/label/rh.BA6_exvivo.label
srcsubject = fsaverage
trgsubject = sub-v1s20x0050286_ses-1
trglabel = ./rh.BA6_exvivo.label
regmethod = surface

srchemi = rh
trghemi = rh
trgsurface = white
srcsurfreg = sphere.reg
trgsurfreg = sphere.reg
usehash = 1
Use ProjAbs  = 0, 0
Use ProjFrac = 0, 0
DoPaint 0

SUBJECTS_DIR    /out/sourcedata/freesurfer
FREESURFER_HOME /opt/freesurfer
Loading source label.
Found 12256 points in source label.
Starting surface-based mapping
Reading source registration 
 /out/sourcedata/freesurfer/fsaverage/surf/rh.sphere.reg
Rescaling ...  original radius = 100
Reading target surface 
 /out/sourcedata/freesurfer/sub-v1s20x0050286_ses-1/surf/rh.white
Reading target registration 
 /out/sourcedata/freesurfer/sub-v1s20x0050286_ses-1/surf/rh.sphere.reg
Rescaling ...  original radius = 100
Building target registration hash (res=16).
Building source registration hash (res=16).
INFO: found  12256 nlabel points
Performing mapping from target back to the source label 121502
Number of reverse mapping hits = 246
Checking for and removing duplicates
Writing label file ./rh.BA6_exvivo.label 12502
mri_label2label: Done


 mri_label2label --srcsubject fsaverage --srclabel /out/sourcedata/freesurfer/fsaverage/label/rh.BA44_exvivo.label --trgsubject sub-v1s20x0050286_ses-1 --trglabel ./rh.BA44_exvivo.label --hemi rh --regmethod surface 


srclabel = /out/sourcedata/freesurfer/fsaverage/label/rh.BA44_exvivo.label
srcsubject = fsaverage
trgsubject = sub-v1s20x0050286_ses-1
trglabel = ./rh.BA44_exvivo.label
regmethod = surface

srchemi = rh
trghemi = rh
trgsurface = white
srcsurfreg = sphere.reg
trgsurfreg = sphere.reg
usehash = 1
Use ProjAbs  = 0, 0
Use ProjFrac = 0, 0
DoPaint 0

SUBJECTS_DIR    /out/sourcedata/freesurfer
FREESURFER_HOME /opt/freesurfer
Loading source label.
Found 6912 points in source label.
Starting surface-based mapping
Reading source registration 
 /out/sourcedata/freesurfer/fsaverage/surf/rh.sphere.reg
Rescaling ...  original radius = 100
Reading target surface 
 /out/sourcedata/freesurfer/sub-v1s20x0050286_ses-1/surf/rh.white
Reading target registration 
 /out/sourcedata/freesurfer/sub-v1s20x0050286_ses-1/surf/rh.sphere.reg
Rescaling ...  original radius = 100
Building target registration hash (res=16).
Building source registration hash (res=16).
INFO: found  6912 nlabel points
Performing mapping from target back to the source label 121502
Number of reverse mapping hits = 507
Checking for and removing duplicates
Writing label file ./rh.BA44_exvivo.label 7419
mri_label2label: Done


 mri_label2label --srcsubject fsaverage --srclabel /out/sourcedata/freesurfer/fsaverage/label/rh.BA45_exvivo.label --trgsubject sub-v1s20x0050286_ses-1 --trglabel ./rh.BA45_exvivo.label --hemi rh --regmethod surface 


srclabel = /out/sourcedata/freesurfer/fsaverage/label/rh.BA45_exvivo.label
srcsubject = fsaverage
trgsubject = sub-v1s20x0050286_ses-1
trglabel = ./rh.BA45_exvivo.label
regmethod = surface

srchemi = rh
trghemi = rh
trgsurface = white
srcsurfreg = sphere.reg
trgsurfreg = sphere.reg
usehash = 1
Use ProjAbs  = 0, 0
Use ProjFrac = 0, 0
DoPaint 0

SUBJECTS_DIR    /out/sourcedata/freesurfer
FREESURFER_HOME /opt/freesurfer
Loading source label.
Found 5355 points in source label.
Starting surface-based mapping
Reading source registration 
 /out/sourcedata/freesurfer/fsaverage/surf/rh.sphere.reg
Rescaling ...  original radius = 100
Reading target surface 
 /out/sourcedata/freesurfer/sub-v1s20x0050286_ses-1/surf/rh.white
Reading target registration 
 /out/sourcedata/freesurfer/sub-v1s20x0050286_ses-1/surf/rh.sphere.reg
Rescaling ...  original radius = 100
Building target registration hash (res=16).
Building source registration hash (res=16).
INFO: found  5355 nlabel points
Performing mapping from target back to the source label 121502
Number of reverse mapping hits = 550
Checking for and removing duplicates
Writing label file ./rh.BA45_exvivo.label 5905
mri_label2label: Done


 mri_label2label --srcsubject fsaverage --srclabel /out/sourcedata/freesurfer/fsaverage/label/rh.V1_exvivo.label --trgsubject sub-v1s20x0050286_ses-1 --trglabel ./rh.V1_exvivo.label --hemi rh --regmethod surface 


srclabel = /out/sourcedata/freesurfer/fsaverage/label/rh.V1_exvivo.label
srcsubject = fsaverage
trgsubject = sub-v1s20x0050286_ses-1
trglabel = ./rh.V1_exvivo.label
regmethod = surface

srchemi = rh
trghemi = rh
trgsurface = white
srcsurfreg = sphere.reg
trgsurfreg = sphere.reg
usehash = 1
Use ProjAbs  = 0, 0
Use ProjFrac = 0, 0
DoPaint 0

SUBJECTS_DIR    /out/sourcedata/freesurfer
FREESURFER_HOME /opt/freesurfer
Loading source label.
Found 4727 points in source label.
Starting surface-based mapping
Reading source registration 
 /out/sourcedata/freesurfer/fsaverage/surf/rh.sphere.reg
Rescaling ...  original radius = 100
Reading target surface 
 /out/sourcedata/freesurfer/sub-v1s20x0050286_ses-1/surf/rh.white
Reading target registration 
 /out/sourcedata/freesurfer/sub-v1s20x0050286_ses-1/surf/rh.sphere.reg
Rescaling ...  original radius = 100
Building target registration hash (res=16).
Building source registration hash (res=16).
INFO: found  4727 nlabel points
Performing mapping from target back to the source label 121502
Number of reverse mapping hits = 625
Checking for and removing duplicates
Writing label file ./rh.V1_exvivo.label 5352
mri_label2label: Done


 mri_label2label --srcsubject fsaverage --srclabel /out/sourcedata/freesurfer/fsaverage/label/rh.V2_exvivo.label --trgsubject sub-v1s20x0050286_ses-1 --trglabel ./rh.V2_exvivo.label --hemi rh --regmethod surface 


srclabel = /out/sourcedata/freesurfer/fsaverage/label/rh.V2_exvivo.label
srcsubject = fsaverage
trgsubject = sub-v1s20x0050286_ses-1
trglabel = ./rh.V2_exvivo.label
regmethod = surface

srchemi = rh
trghemi = rh
trgsurface = white
srcsurfreg = sphere.reg
trgsurfreg = sphere.reg
usehash = 1
Use ProjAbs  = 0, 0
Use ProjFrac = 0, 0
DoPaint 0

SUBJECTS_DIR    /out/sourcedata/freesurfer
FREESURFER_HOME /opt/freesurfer
Loading source label.
Found 8016 points in source label.
Starting surface-based mapping
Reading source registration 
 /out/sourcedata/freesurfer/fsaverage/surf/rh.sphere.reg
Rescaling ...  original radius = 100
Reading target surface 
 /out/sourcedata/freesurfer/sub-v1s20x0050286_ses-1/surf/rh.white
Reading target registration 
 /out/sourcedata/freesurfer/sub-v1s20x0050286_ses-1/surf/rh.sphere.reg
Rescaling ...  original radius = 100
Building target registration hash (res=16).
Building source registration hash (res=16).
INFO: found  8016 nlabel points
Performing mapping from target back to the source label 121502
Number of reverse mapping hits = 1562
Checking for and removing duplicates
Writing label file ./rh.V2_exvivo.label 9578
mri_label2label: Done


 mri_label2label --srcsubject fsaverage --srclabel /out/sourcedata/freesurfer/fsaverage/label/rh.MT_exvivo.label --trgsubject sub-v1s20x0050286_ses-1 --trglabel ./rh.MT_exvivo.label --hemi rh --regmethod surface 


srclabel = /out/sourcedata/freesurfer/fsaverage/label/rh.MT_exvivo.label
srcsubject = fsaverage
trgsubject = sub-v1s20x0050286_ses-1
trglabel = ./rh.MT_exvivo.label
regmethod = surface

srchemi = rh
trghemi = rh
trgsurface = white
srcsurfreg = sphere.reg
trgsurfreg = sphere.reg
usehash = 1
Use ProjAbs  = 0, 0
Use ProjFrac = 0, 0
DoPaint 0

SUBJECTS_DIR    /out/sourcedata/freesurfer
FREESURFER_HOME /opt/freesurfer
Loading source label.
Found 1932 points in source label.
Starting surface-based mapping
Reading source registration 
 /out/sourcedata/freesurfer/fsaverage/surf/rh.sphere.reg
Rescaling ...  original radius = 100
Reading target surface 
 /out/sourcedata/freesurfer/sub-v1s20x0050286_ses-1/surf/rh.white
Reading target registration 
 /out/sourcedata/freesurfer/sub-v1s20x0050286_ses-1/surf/rh.sphere.reg
Rescaling ...  original radius = 100
Building target registration hash (res=16).
Building source registration hash (res=16).
INFO: found  1932 nlabel points
Performing mapping from target back to the source label 121502
Number of reverse mapping hits = 202
Checking for and removing duplicates
Writing label file ./rh.MT_exvivo.label 2134
mri_label2label: Done


 mri_label2label --srcsubject fsaverage --srclabel /out/sourcedata/freesurfer/fsaverage/label/rh.entorhinal_exvivo.label --trgsubject sub-v1s20x0050286_ses-1 --trglabel ./rh.entorhinal_exvivo.label --hemi rh --regmethod surface 


srclabel = /out/sourcedata/freesurfer/fsaverage/label/rh.entorhinal_exvivo.label
srcsubject = fsaverage
trgsubject = sub-v1s20x0050286_ses-1
trglabel = ./rh.entorhinal_exvivo.label
regmethod = surface

srchemi = rh
trghemi = rh
trgsurface = white
srcsurfreg = sphere.reg
trgsurfreg = sphere.reg
usehash = 1
Use ProjAbs  = 0, 0
Use ProjFrac = 0, 0
DoPaint 0

SUBJECTS_DIR    /out/sourcedata/freesurfer
FREESURFER_HOME /opt/freesurfer
Loading source label.
Found 1038 points in source label.
Starting surface-based mapping
Reading source registration 
 /out/sourcedata/freesurfer/fsaverage/surf/rh.sphere.reg
Rescaling ...  original radius = 100
Reading target surface 
 /out/sourcedata/freesurfer/sub-v1s20x0050286_ses-1/surf/rh.white
Reading target registration 
 /out/sourcedata/freesurfer/sub-v1s20x0050286_ses-1/surf/rh.sphere.reg
Rescaling ...  original radius = 100
Building target registration hash (res=16).
Building source registration hash (res=16).
INFO: found  1038 nlabel points
Performing mapping from target back to the source label 121502
Number of reverse mapping hits = 142
Checking for and removing duplicates
Writing label file ./rh.entorhinal_exvivo.label 1180
mri_label2label: Done


 mri_label2label --srcsubject fsaverage --srclabel /out/sourcedata/freesurfer/fsaverage/label/rh.perirhinal_exvivo.label --trgsubject sub-v1s20x0050286_ses-1 --trglabel ./rh.perirhinal_exvivo.label --hemi rh --regmethod surface 


srclabel = /out/sourcedata/freesurfer/fsaverage/label/rh.perirhinal_exvivo.label
srcsubject = fsaverage
trgsubject = sub-v1s20x0050286_ses-1
trglabel = ./rh.perirhinal_exvivo.label
regmethod = surface

srchemi = rh
trghemi = rh
trgsurface = white
srcsurfreg = sphere.reg
trgsurfreg = sphere.reg
usehash = 1
Use ProjAbs  = 0, 0
Use ProjFrac = 0, 0
DoPaint 0

SUBJECTS_DIR    /out/sourcedata/freesurfer
FREESURFER_HOME /opt/freesurfer
Loading source label.
Found 752 points in source label.
Starting surface-based mapping
Reading source registration 
 /out/sourcedata/freesurfer/fsaverage/surf/rh.sphere.reg
Rescaling ...  original radius = 100
Reading target surface 
 /out/sourcedata/freesurfer/sub-v1s20x0050286_ses-1/surf/rh.white
Reading target registration 
 /out/sourcedata/freesurfer/sub-v1s20x0050286_ses-1/surf/rh.sphere.reg
Rescaling ...  original radius = 100
Building target registration hash (res=16).
Building source registration hash (res=16).
INFO: found  752 nlabel points
Performing mapping from target back to the source label 121502
Number of reverse mapping hits = 122
Checking for and removing duplicates
Writing label file ./rh.perirhinal_exvivo.label 874
mri_label2label: Done


 mri_label2label --srcsubject fsaverage --srclabel /out/sourcedata/freesurfer/fsaverage/label/rh.FG1.mpm.vpnl.label --trgsubject sub-v1s20x0050286_ses-1 --trglabel ./rh.FG1.mpm.vpnl.label --hemi rh --regmethod surface 


srclabel = /out/sourcedata/freesurfer/fsaverage/label/rh.FG1.mpm.vpnl.label
srcsubject = fsaverage
trgsubject = sub-v1s20x0050286_ses-1
trglabel = ./rh.FG1.mpm.vpnl.label
regmethod = surface

srchemi = rh
trghemi = rh
trgsurface = white
srcsurfreg = sphere.reg
trgsurfreg = sphere.reg
usehash = 1
Use ProjAbs  = 0, 0
Use ProjFrac = 0, 0
DoPaint 0

SUBJECTS_DIR    /out/sourcedata/freesurfer
FREESURFER_HOME /opt/freesurfer
Loading source label.
Found 541 points in source label.
Starting surface-based mapping
Reading source registration 
 /out/sourcedata/freesurfer/fsaverage/surf/rh.sphere.reg
Rescaling ...  original radius = 100
Reading target surface 
 /out/sourcedata/freesurfer/sub-v1s20x0050286_ses-1/surf/rh.white
Reading target registration 
 /out/sourcedata/freesurfer/sub-v1s20x0050286_ses-1/surf/rh.sphere.reg
Rescaling ...  original radius = 100
Building target registration hash (res=16).
Building source registration hash (res=16).
INFO: found  541 nlabel points
Performing mapping from target back to the source label 121502
Number of reverse mapping hits = 161
Checking for and removing duplicates
Writing label file ./rh.FG1.mpm.vpnl.label 702
mri_label2label: Done


 mri_label2label --srcsubject fsaverage --srclabel /out/sourcedata/freesurfer/fsaverage/label/rh.FG2.mpm.vpnl.label --trgsubject sub-v1s20x0050286_ses-1 --trglabel ./rh.FG2.mpm.vpnl.label --hemi rh --regmethod surface 


srclabel = /out/sourcedata/freesurfer/fsaverage/label/rh.FG2.mpm.vpnl.label
srcsubject = fsaverage
trgsubject = sub-v1s20x0050286_ses-1
trglabel = ./rh.FG2.mpm.vpnl.label
regmethod = surface

srchemi = rh
trghemi = rh
trgsurface = white
srcsurfreg = sphere.reg
trgsurfreg = sphere.reg
usehash = 1
Use ProjAbs  = 0, 0
Use ProjFrac = 0, 0
DoPaint 0

SUBJECTS_DIR    /out/sourcedata/freesurfer
FREESURFER_HOME /opt/freesurfer
Loading source label.
Found 721 points in source label.
Starting surface-based mapping
Reading source registration 
 /out/sourcedata/freesurfer/fsaverage/surf/rh.sphere.reg
Rescaling ...  original radius = 100
Reading target surface 
 /out/sourcedata/freesurfer/sub-v1s20x0050286_ses-1/surf/rh.white
Reading target registration 
 /out/sourcedata/freesurfer/sub-v1s20x0050286_ses-1/surf/rh.sphere.reg
Rescaling ...  original radius = 100
Building target registration hash (res=16).
Building source registration hash (res=16).
INFO: found  721 nlabel points
Performing mapping from target back to the source label 121502
Number of reverse mapping hits = 206
Checking for and removing duplicates
Writing label file ./rh.FG2.mpm.vpnl.label 927
mri_label2label: Done


 mri_label2label --srcsubject fsaverage --srclabel /out/sourcedata/freesurfer/fsaverage/label/rh.FG3.mpm.vpnl.label --trgsubject sub-v1s20x0050286_ses-1 --trglabel ./rh.FG3.mpm.vpnl.label --hemi rh --regmethod surface 


srclabel = /out/sourcedata/freesurfer/fsaverage/label/rh.FG3.mpm.vpnl.label
srcsubject = fsaverage
trgsubject = sub-v1s20x0050286_ses-1
trglabel = ./rh.FG3.mpm.vpnl.label
regmethod = surface

srchemi = rh
trghemi = rh
trgsurface = white
srcsurfreg = sphere.reg
trgsurfreg = sphere.reg
usehash = 1
Use ProjAbs  = 0, 0
Use ProjFrac = 0, 0
DoPaint 0

SUBJECTS_DIR    /out/sourcedata/freesurfer
FREESURFER_HOME /opt/freesurfer
Loading source label.
Found 1523 points in source label.
Starting surface-based mapping
Reading source registration 
 /out/sourcedata/freesurfer/fsaverage/surf/rh.sphere.reg
Rescaling ...  original radius = 100
Reading target surface 
 /out/sourcedata/freesurfer/sub-v1s20x0050286_ses-1/surf/rh.white
Reading target registration 
 /out/sourcedata/freesurfer/sub-v1s20x0050286_ses-1/surf/rh.sphere.reg
Rescaling ...  original radius = 100
Building target registration hash (res=16).
Building source registration hash (res=16).
INFO: found  1523 nlabel points
Performing mapping from target back to the source label 121502
Number of reverse mapping hits = 170
Checking for and removing duplicates
Writing label file ./rh.FG3.mpm.vpnl.label 1693
mri_label2label: Done


 mri_label2label --srcsubject fsaverage --srclabel /out/sourcedata/freesurfer/fsaverage/label/rh.FG4.mpm.vpnl.label --trgsubject sub-v1s20x0050286_ses-1 --trglabel ./rh.FG4.mpm.vpnl.label --hemi rh --regmethod surface 


srclabel = /out/sourcedata/freesurfer/fsaverage/label/rh.FG4.mpm.vpnl.label
srcsubject = fsaverage
trgsubject = sub-v1s20x0050286_ses-1
trglabel = ./rh.FG4.mpm.vpnl.label
regmethod = surface

srchemi = rh
trghemi = rh
trgsurface = white
srcsurfreg = sphere.reg
trgsurfreg = sphere.reg
usehash = 1
Use ProjAbs  = 0, 0
Use ProjFrac = 0, 0
DoPaint 0

SUBJECTS_DIR    /out/sourcedata/freesurfer
FREESURFER_HOME /opt/freesurfer
Loading source label.
Found 1586 points in source label.
Starting surface-based mapping
Reading source registration 
 /out/sourcedata/freesurfer/fsaverage/surf/rh.sphere.reg
Rescaling ...  original radius = 100
Reading target surface 
 /out/sourcedata/freesurfer/sub-v1s20x0050286_ses-1/surf/rh.white
Reading target registration 
 /out/sourcedata/freesurfer/sub-v1s20x0050286_ses-1/surf/rh.sphere.reg
Rescaling ...  original radius = 100
Building target registration hash (res=16).
Building source registration hash (res=16).
INFO: found  1586 nlabel points
Performing mapping from target back to the source label 121502
Number of reverse mapping hits = 319
Checking for and removing duplicates
Writing label file ./rh.FG4.mpm.vpnl.label 1905
mri_label2label: Done


 mri_label2label --srcsubject fsaverage --srclabel /out/sourcedata/freesurfer/fsaverage/label/rh.hOc1.mpm.vpnl.label --trgsubject sub-v1s20x0050286_ses-1 --trglabel ./rh.hOc1.mpm.vpnl.label --hemi rh --regmethod surface 


srclabel = /out/sourcedata/freesurfer/fsaverage/label/rh.hOc1.mpm.vpnl.label
srcsubject = fsaverage
trgsubject = sub-v1s20x0050286_ses-1
trglabel = ./rh.hOc1.mpm.vpnl.label
regmethod = surface

srchemi = rh
trghemi = rh
trgsurface = white
srcsurfreg = sphere.reg
trgsurfreg = sphere.reg
usehash = 1
Use ProjAbs  = 0, 0
Use ProjFrac = 0, 0
DoPaint 0

SUBJECTS_DIR    /out/sourcedata/freesurfer
FREESURFER_HOME /opt/freesurfer
Loading source label.
Found 3667 points in source label.
Starting surface-based mapping
Reading source registration 
 /out/sourcedata/freesurfer/fsaverage/surf/rh.sphere.reg
Rescaling ...  original radius = 100
Reading target surface 
 /out/sourcedata/freesurfer/sub-v1s20x0050286_ses-1/surf/rh.white
Reading target registration 
 /out/sourcedata/freesurfer/sub-v1s20x0050286_ses-1/surf/rh.sphere.reg
Rescaling ...  original radius = 100
Building target registration hash (res=16).
Building source registration hash (res=16).
INFO: found  3667 nlabel points
Performing mapping from target back to the source label 121502
Number of reverse mapping hits = 385
Checking for and removing duplicates
Writing label file ./rh.hOc1.mpm.vpnl.label 4052
mri_label2label: Done


 mri_label2label --srcsubject fsaverage --srclabel /out/sourcedata/freesurfer/fsaverage/label/rh.hOc2.mpm.vpnl.label --trgsubject sub-v1s20x0050286_ses-1 --trglabel ./rh.hOc2.mpm.vpnl.label --hemi rh --regmethod surface 


srclabel = /out/sourcedata/freesurfer/fsaverage/label/rh.hOc2.mpm.vpnl.label
srcsubject = fsaverage
trgsubject = sub-v1s20x0050286_ses-1
trglabel = ./rh.hOc2.mpm.vpnl.label
regmethod = surface

srchemi = rh
trghemi = rh
trgsurface = white
srcsurfreg = sphere.reg
trgsurfreg = sphere.reg
usehash = 1
Use ProjAbs  = 0, 0
Use ProjFrac = 0, 0
DoPaint 0

SUBJECTS_DIR    /out/sourcedata/freesurfer
FREESURFER_HOME /opt/freesurfer
Loading source label.
Found 2719 points in source label.
Starting surface-based mapping
Reading source registration 
 /out/sourcedata/freesurfer/fsaverage/surf/rh.sphere.reg
Rescaling ...  original radius = 100
Reading target surface 
 /out/sourcedata/freesurfer/sub-v1s20x0050286_ses-1/surf/rh.white
Reading target registration 
 /out/sourcedata/freesurfer/sub-v1s20x0050286_ses-1/surf/rh.sphere.reg
Rescaling ...  original radius = 100
Building target registration hash (res=16).
Building source registration hash (res=16).
INFO: found  2719 nlabel points
Performing mapping from target back to the source label 121502
Number of reverse mapping hits = 635
Checking for and removing duplicates
Writing label file ./rh.hOc2.mpm.vpnl.label 3354
mri_label2label: Done


 mri_label2label --srcsubject fsaverage --srclabel /out/sourcedata/freesurfer/fsaverage/label/rh.hOc3v.mpm.vpnl.label --trgsubject sub-v1s20x0050286_ses-1 --trglabel ./rh.hOc3v.mpm.vpnl.label --hemi rh --regmethod surface 


srclabel = /out/sourcedata/freesurfer/fsaverage/label/rh.hOc3v.mpm.vpnl.label
srcsubject = fsaverage
trgsubject = sub-v1s20x0050286_ses-1
trglabel = ./rh.hOc3v.mpm.vpnl.label
regmethod = surface

srchemi = rh
trghemi = rh
trgsurface = white
srcsurfreg = sphere.reg
trgsurfreg = sphere.reg
usehash = 1
Use ProjAbs  = 0, 0
Use ProjFrac = 0, 0
DoPaint 0

SUBJECTS_DIR    /out/sourcedata/freesurfer
FREESURFER_HOME /opt/freesurfer
Loading source label.
Found 1228 points in source label.
Starting surface-based mapping
Reading source registration 
 /out/sourcedata/freesurfer/fsaverage/surf/rh.sphere.reg
Rescaling ...  original radius = 100
Reading target surface 
 /out/sourcedata/freesurfer/sub-v1s20x0050286_ses-1/surf/rh.white
Reading target registration 
 /out/sourcedata/freesurfer/sub-v1s20x0050286_ses-1/surf/rh.sphere.reg
Rescaling ...  original radius = 100
Building target registration hash (res=16).
Building source registration hash (res=16).
INFO: found  1228 nlabel points
Performing mapping from target back to the source label 121502
Number of reverse mapping hits = 373
Checking for and removing duplicates
Writing label file ./rh.hOc3v.mpm.vpnl.label 1601
mri_label2label: Done


 mri_label2label --srcsubject fsaverage --srclabel /out/sourcedata/freesurfer/fsaverage/label/rh.hOc4v.mpm.vpnl.label --trgsubject sub-v1s20x0050286_ses-1 --trglabel ./rh.hOc4v.mpm.vpnl.label --hemi rh --regmethod surface 


srclabel = /out/sourcedata/freesurfer/fsaverage/label/rh.hOc4v.mpm.vpnl.label
srcsubject = fsaverage
trgsubject = sub-v1s20x0050286_ses-1
trglabel = ./rh.hOc4v.mpm.vpnl.label
regmethod = surface

srchemi = rh
trghemi = rh
trgsurface = white
srcsurfreg = sphere.reg
trgsurfreg = sphere.reg
usehash = 1
Use ProjAbs  = 0, 0
Use ProjFrac = 0, 0
DoPaint 0

SUBJECTS_DIR    /out/sourcedata/freesurfer
FREESURFER_HOME /opt/freesurfer
Loading source label.
Found 1025 points in source label.
Starting surface-based mapping
Reading source registration 
 /out/sourcedata/freesurfer/fsaverage/surf/rh.sphere.reg
Rescaling ...  original radius = 100
Reading target surface 
 /out/sourcedata/freesurfer/sub-v1s20x0050286_ses-1/surf/rh.white
Reading target registration 
 /out/sourcedata/freesurfer/sub-v1s20x0050286_ses-1/surf/rh.sphere.reg
Rescaling ...  original radius = 100
Building target registration hash (res=16).
Building source registration hash (res=16).
INFO: found  1025 nlabel points
Performing mapping from target back to the source label 121502
Number of reverse mapping hits = 255
Checking for and removing duplicates
Writing label file ./rh.hOc4v.mpm.vpnl.label 1280
mri_label2label: Done


 mris_label2annot --s sub-v1s20x0050286_ses-1 --ctab /opt/freesurfer/average/colortable_vpnl.txt --hemi rh --a mpm.vpnl --maxstatwinner --noverbose --l rh.FG1.mpm.vpnl.label --l rh.FG2.mpm.vpnl.label --l rh.FG3.mpm.vpnl.label --l rh.FG4.mpm.vpnl.label --l rh.hOc1.mpm.vpnl.label --l rh.hOc2.mpm.vpnl.label --l rh.hOc3v.mpm.vpnl.label --l rh.hOc4v.mpm.vpnl.label 

Reading ctab /opt/freesurfer/average/colortable_vpnl.txt
Number of ctab entries 9

7.3.2
cwd /out/sourcedata/freesurfer/sub-v1s20x0050286_ses-1/label
cmdline mris_label2annot --s sub-v1s20x0050286_ses-1 --ctab /opt/freesurfer/average/colortable_vpnl.txt --hemi rh --a mpm.vpnl --maxstatwinner --noverbose --l rh.FG1.mpm.vpnl.label --l rh.FG2.mpm.vpnl.label --l rh.FG3.mpm.vpnl.label --l rh.FG4.mpm.vpnl.label --l rh.hOc1.mpm.vpnl.label --l rh.hOc2.mpm.vpnl.label --l rh.hOc3v.mpm.vpnl.label --l rh.hOc4v.mpm.vpnl.label 
sysname  Linux
hostname dna084
machine  x86_64
user     oesteban

subject sub-v1s20x0050286_ses-1
hemi    rh
SUBJECTS_DIR /out/sourcedata/freesurfer
ColorTable /opt/freesurfer/average/colortable_vpnl.txt
AnnotName  mpm.vpnl
nlables 8
LabelThresh 0 0.000000
Loading /out/sourcedata/freesurfer/sub-v1s20x0050286_ses-1/surf/rh.orig
 1 1376057 FG1
 2 16711935 FG2
 3 16711680 FG3
 4 1705837 FG4
 5 25600 hOc1
 6 255 hOc2
 7 16776960 hOc3v
 8 65535 hOc4v
Mapping unhit to unknown
Found 107854 unhit vertices
Writing annot to /out/sourcedata/freesurfer/sub-v1s20x0050286_ses-1/label/rh.mpm.vpnl.annot

 mri_label2label --srcsubject fsaverage --srclabel /out/sourcedata/freesurfer/fsaverage/label/rh.BA1_exvivo.thresh.label --trgsubject sub-v1s20x0050286_ses-1 --trglabel ./rh.BA1_exvivo.thresh.label --hemi rh --regmethod surface 


srclabel = /out/sourcedata/freesurfer/fsaverage/label/rh.BA1_exvivo.thresh.label
srcsubject = fsaverage
trgsubject = sub-v1s20x0050286_ses-1
trglabel = ./rh.BA1_exvivo.thresh.label
regmethod = surface

srchemi = rh
trghemi = rh
trgsurface = white
srcsurfreg = sphere.reg
trgsurfreg = sphere.reg
usehash = 1
Use ProjAbs  = 0, 0
Use ProjFrac = 0, 0
DoPaint 0

SUBJECTS_DIR    /out/sourcedata/freesurfer
FREESURFER_HOME /opt/freesurfer
Loading source label.
Found 876 points in source label.
Starting surface-based mapping
Reading source registration 
 /out/sourcedata/freesurfer/fsaverage/surf/rh.sphere.reg
Rescaling ...  original radius = 100
Reading target surface 
 /out/sourcedata/freesurfer/sub-v1s20x0050286_ses-1/surf/rh.white
Reading target registration 
 /out/sourcedata/freesurfer/sub-v1s20x0050286_ses-1/surf/rh.sphere.reg
Rescaling ...  original radius = 100
Building target registration hash (res=16).
Building source registration hash (res=16).
INFO: found  876 nlabel points
Performing mapping from target back to the source label 121502
Number of reverse mapping hits = 11
Checking for and removing duplicates
Writing label file ./rh.BA1_exvivo.thresh.label 887
mri_label2label: Done


 mri_label2label --srcsubject fsaverage --srclabel /out/sourcedata/freesurfer/fsaverage/label/rh.BA2_exvivo.thresh.label --trgsubject sub-v1s20x0050286_ses-1 --trglabel ./rh.BA2_exvivo.thresh.label --hemi rh --regmethod surface 


srclabel = /out/sourcedata/freesurfer/fsaverage/label/rh.BA2_exvivo.thresh.label
srcsubject = fsaverage
trgsubject = sub-v1s20x0050286_ses-1
trglabel = ./rh.BA2_exvivo.thresh.label
regmethod = surface

srchemi = rh
trghemi = rh
trgsurface = white
srcsurfreg = sphere.reg
trgsurfreg = sphere.reg
usehash = 1
Use ProjAbs  = 0, 0
Use ProjFrac = 0, 0
DoPaint 0

SUBJECTS_DIR    /out/sourcedata/freesurfer
FREESURFER_HOME /opt/freesurfer
Loading source label.
Found 2688 points in source label.
Starting surface-based mapping
Reading source registration 
 /out/sourcedata/freesurfer/fsaverage/surf/rh.sphere.reg
Rescaling ...  original radius = 100
Reading target surface 
 /out/sourcedata/freesurfer/sub-v1s20x0050286_ses-1/surf/rh.white
Reading target registration 
 /out/sourcedata/freesurfer/sub-v1s20x0050286_ses-1/surf/rh.sphere.reg
Rescaling ...  original radius = 100
Building target registration hash (res=16).
Building source registration hash (res=16).
INFO: found  2688 nlabel points
Performing mapping from target back to the source label 121502
Number of reverse mapping hits = 6
Checking for and removing duplicates
Writing label file ./rh.BA2_exvivo.thresh.label 2694
mri_label2label: Done


 mri_label2label --srcsubject fsaverage --srclabel /out/sourcedata/freesurfer/fsaverage/label/rh.BA3a_exvivo.thresh.label --trgsubject sub-v1s20x0050286_ses-1 --trglabel ./rh.BA3a_exvivo.thresh.label --hemi rh --regmethod surface 


srclabel = /out/sourcedata/freesurfer/fsaverage/label/rh.BA3a_exvivo.thresh.label
srcsubject = fsaverage
trgsubject = sub-v1s20x0050286_ses-1
trglabel = ./rh.BA3a_exvivo.thresh.label
regmethod = surface

srchemi = rh
trghemi = rh
trgsurface = white
srcsurfreg = sphere.reg
trgsurfreg = sphere.reg
usehash = 1
Use ProjAbs  = 0, 0
Use ProjFrac = 0, 0
DoPaint 0

SUBJECTS_DIR    /out/sourcedata/freesurfer
FREESURFER_HOME /opt/freesurfer
Loading source label.
Found 1698 points in source label.
Starting surface-based mapping
Reading source registration 
 /out/sourcedata/freesurfer/fsaverage/surf/rh.sphere.reg
Rescaling ...  original radius = 100
Reading target surface 
 /out/sourcedata/freesurfer/sub-v1s20x0050286_ses-1/surf/rh.white
Reading target registration 
 /out/sourcedata/freesurfer/sub-v1s20x0050286_ses-1/surf/rh.sphere.reg
Rescaling ...  original radius = 100
Building target registration hash (res=16).
Building source registration hash (res=16).
INFO: found  1698 nlabel points
Performing mapping from target back to the source label 121502
Number of reverse mapping hits = 6
Checking for and removing duplicates
Writing label file ./rh.BA3a_exvivo.thresh.label 1704
mri_label2label: Done


 mri_label2label --srcsubject fsaverage --srclabel /out/sourcedata/freesurfer/fsaverage/label/rh.BA3b_exvivo.thresh.label --trgsubject sub-v1s20x0050286_ses-1 --trglabel ./rh.BA3b_exvivo.thresh.label --hemi rh --regmethod surface 


srclabel = /out/sourcedata/freesurfer/fsaverage/label/rh.BA3b_exvivo.thresh.label
srcsubject = fsaverage
trgsubject = sub-v1s20x0050286_ses-1
trglabel = ./rh.BA3b_exvivo.thresh.label
regmethod = surface

srchemi = rh
trghemi = rh
trgsurface = white
srcsurfreg = sphere.reg
trgsurfreg = sphere.reg
usehash = 1
Use ProjAbs  = 0, 0
Use ProjFrac = 0, 0
DoPaint 0

SUBJECTS_DIR    /out/sourcedata/freesurfer
FREESURFER_HOME /opt/freesurfer
Loading source label.
Found 2183 points in source label.
Starting surface-based mapping
Reading source registration 
 /out/sourcedata/freesurfer/fsaverage/surf/rh.sphere.reg
Rescaling ...  original radius = 100
Reading target surface 
 /out/sourcedata/freesurfer/sub-v1s20x0050286_ses-1/surf/rh.white
Reading target registration 
 /out/sourcedata/freesurfer/sub-v1s20x0050286_ses-1/surf/rh.sphere.reg
Rescaling ...  original radius = 100
Building target registration hash (res=16).
Building source registration hash (res=16).
INFO: found  2183 nlabel points
Performing mapping from target back to the source label 121502
Number of reverse mapping hits = 21
Checking for and removing duplicates
Writing label file ./rh.BA3b_exvivo.thresh.label 2204
mri_label2label: Done


 mri_label2label --srcsubject fsaverage --srclabel /out/sourcedata/freesurfer/fsaverage/label/rh.BA4a_exvivo.thresh.label --trgsubject sub-v1s20x0050286_ses-1 --trglabel ./rh.BA4a_exvivo.thresh.label --hemi rh --regmethod surface 


srclabel = /out/sourcedata/freesurfer/fsaverage/label/rh.BA4a_exvivo.thresh.label
srcsubject = fsaverage
trgsubject = sub-v1s20x0050286_ses-1
trglabel = ./rh.BA4a_exvivo.thresh.label
regmethod = surface

srchemi = rh
trghemi = rh
trgsurface = white
srcsurfreg = sphere.reg
trgsurfreg = sphere.reg
usehash = 1
Use ProjAbs  = 0, 0
Use ProjFrac = 0, 0
DoPaint 0

SUBJECTS_DIR    /out/sourcedata/freesurfer
FREESURFER_HOME /opt/freesurfer
Loading source label.
Found 1388 points in source label.
Starting surface-based mapping
Reading source registration 
 /out/sourcedata/freesurfer/fsaverage/surf/rh.sphere.reg
Rescaling ...  original radius = 100
Reading target surface 
 /out/sourcedata/freesurfer/sub-v1s20x0050286_ses-1/surf/rh.white
Reading target registration 
 /out/sourcedata/freesurfer/sub-v1s20x0050286_ses-1/surf/rh.sphere.reg
Rescaling ...  original radius = 100
Building target registration hash (res=16).
Building source registration hash (res=16).
INFO: found  1388 nlabel points
Performing mapping from target back to the source label 121502
Number of reverse mapping hits = 17
Checking for and removing duplicates
Writing label file ./rh.BA4a_exvivo.thresh.label 1405
mri_label2label: Done


 mri_label2label --srcsubject fsaverage --srclabel /out/sourcedata/freesurfer/fsaverage/label/rh.BA4p_exvivo.thresh.label --trgsubject sub-v1s20x0050286_ses-1 --trglabel ./rh.BA4p_exvivo.thresh.label --hemi rh --regmethod surface 


srclabel = /out/sourcedata/freesurfer/fsaverage/label/rh.BA4p_exvivo.thresh.label
srcsubject = fsaverage
trgsubject = sub-v1s20x0050286_ses-1
trglabel = ./rh.BA4p_exvivo.thresh.label
regmethod = surface

srchemi = rh
trghemi = rh
trgsurface = white
srcsurfreg = sphere.reg
trgsurfreg = sphere.reg
usehash = 1
Use ProjAbs  = 0, 0
Use ProjFrac = 0, 0
DoPaint 0

SUBJECTS_DIR    /out/sourcedata/freesurfer
FREESURFER_HOME /opt/freesurfer
Loading source label.
Found 1489 points in source label.
Starting surface-based mapping
Reading source registration 
 /out/sourcedata/freesurfer/fsaverage/surf/rh.sphere.reg
Rescaling ...  original radius = 100
Reading target surface 
 /out/sourcedata/freesurfer/sub-v1s20x0050286_ses-1/surf/rh.white
Reading target registration 
 /out/sourcedata/freesurfer/sub-v1s20x0050286_ses-1/surf/rh.sphere.reg
Rescaling ...  original radius = 100
Building target registration hash (res=16).
Building source registration hash (res=16).
INFO: found  1489 nlabel points
Performing mapping from target back to the source label 121502
Number of reverse mapping hits = 7
Checking for and removing duplicates
Writing label file ./rh.BA4p_exvivo.thresh.label 1496
mri_label2label: Done


 mri_label2label --srcsubject fsaverage --srclabel /out/sourcedata/freesurfer/fsaverage/label/rh.BA6_exvivo.thresh.label --trgsubject sub-v1s20x0050286_ses-1 --trglabel ./rh.BA6_exvivo.thresh.label --hemi rh --regmethod surface 


srclabel = /out/sourcedata/freesurfer/fsaverage/label/rh.BA6_exvivo.thresh.label
srcsubject = fsaverage
trgsubject = sub-v1s20x0050286_ses-1
trglabel = ./rh.BA6_exvivo.thresh.label
regmethod = surface

srchemi = rh
trghemi = rh
trgsurface = white
srcsurfreg = sphere.reg
trgsurfreg = sphere.reg
usehash = 1
Use ProjAbs  = 0, 0
Use ProjFrac = 0, 0
DoPaint 0

SUBJECTS_DIR    /out/sourcedata/freesurfer
FREESURFER_HOME /opt/freesurfer
Loading source label.
Found 6959 points in source label.
Starting surface-based mapping
Reading source registration 
 /out/sourcedata/freesurfer/fsaverage/surf/rh.sphere.reg
Rescaling ...  original radius = 100
Reading target surface 
 /out/sourcedata/freesurfer/sub-v1s20x0050286_ses-1/surf/rh.white
Reading target registration 
 /out/sourcedata/freesurfer/sub-v1s20x0050286_ses-1/surf/rh.sphere.reg
Rescaling ...  original radius = 100
Building target registration hash (res=16).
Building source registration hash (res=16).
INFO: found  6959 nlabel points
Performing mapping from target back to the source label 121502
Number of reverse mapping hits = 97
Checking for and removing duplicates
Writing label file ./rh.BA6_exvivo.thresh.label 7056
mri_label2label: Done


 mri_label2label --srcsubject fsaverage --srclabel /out/sourcedata/freesurfer/fsaverage/label/rh.BA44_exvivo.thresh.label --trgsubject sub-v1s20x0050286_ses-1 --trglabel ./rh.BA44_exvivo.thresh.label --hemi rh --regmethod surface 


srclabel = /out/sourcedata/freesurfer/fsaverage/label/rh.BA44_exvivo.thresh.label
srcsubject = fsaverage
trgsubject = sub-v1s20x0050286_ses-1
trglabel = ./rh.BA44_exvivo.thresh.label
regmethod = surface

srchemi = rh
trghemi = rh
trgsurface = white
srcsurfreg = sphere.reg
trgsurfreg = sphere.reg
usehash = 1
Use ProjAbs  = 0, 0
Use ProjFrac = 0, 0
DoPaint 0

SUBJECTS_DIR    /out/sourcedata/freesurfer
FREESURFER_HOME /opt/freesurfer
Loading source label.
Found 1012 points in source label.
Starting surface-based mapping
Reading source registration 
 /out/sourcedata/freesurfer/fsaverage/surf/rh.sphere.reg
Rescaling ...  original radius = 100
Reading target surface 
 /out/sourcedata/freesurfer/sub-v1s20x0050286_ses-1/surf/rh.white
Reading target registration 
 /out/sourcedata/freesurfer/sub-v1s20x0050286_ses-1/surf/rh.sphere.reg
Rescaling ...  original radius = 100
Building target registration hash (res=16).
Building source registration hash (res=16).
INFO: found  1012 nlabel points
Performing mapping from target back to the source label 121502
Number of reverse mapping hits = 54
Checking for and removing duplicates
Writing label file ./rh.BA44_exvivo.thresh.label 1066
mri_label2label: Done


 mri_label2label --srcsubject fsaverage --srclabel /out/sourcedata/freesurfer/fsaverage/label/rh.BA45_exvivo.thresh.label --trgsubject sub-v1s20x0050286_ses-1 --trglabel ./rh.BA45_exvivo.thresh.label --hemi rh --regmethod surface 


srclabel = /out/sourcedata/freesurfer/fsaverage/label/rh.BA45_exvivo.thresh.label
srcsubject = fsaverage
trgsubject = sub-v1s20x0050286_ses-1
trglabel = ./rh.BA45_exvivo.thresh.label
regmethod = surface

srchemi = rh
trghemi = rh
trgsurface = white
srcsurfreg = sphere.reg
trgsurfreg = sphere.reg
usehash = 1
Use ProjAbs  = 0, 0
Use ProjFrac = 0, 0
DoPaint 0

SUBJECTS_DIR    /out/sourcedata/freesurfer
FREESURFER_HOME /opt/freesurfer
Loading source label.
Found 1178 points in source label.
Starting surface-based mapping
Reading source registration 
 /out/sourcedata/freesurfer/fsaverage/surf/rh.sphere.reg
Rescaling ...  original radius = 100
Reading target surface 
 /out/sourcedata/freesurfer/sub-v1s20x0050286_ses-1/surf/rh.white
Reading target registration 
 /out/sourcedata/freesurfer/sub-v1s20x0050286_ses-1/surf/rh.sphere.reg
Rescaling ...  original radius = 100
Building target registration hash (res=16).
Building source registration hash (res=16).
INFO: found  1178 nlabel points
Performing mapping from target back to the source label 121502
Number of reverse mapping hits = 114
Checking for and removing duplicates
Writing label file ./rh.BA45_exvivo.thresh.label 1292
mri_label2label: Done


 mri_label2label --srcsubject fsaverage --srclabel /out/sourcedata/freesurfer/fsaverage/label/rh.V1_exvivo.thresh.label --trgsubject sub-v1s20x0050286_ses-1 --trglabel ./rh.V1_exvivo.thresh.label --hemi rh --regmethod surface 


srclabel = /out/sourcedata/freesurfer/fsaverage/label/rh.V1_exvivo.thresh.label
srcsubject = fsaverage
trgsubject = sub-v1s20x0050286_ses-1
trglabel = ./rh.V1_exvivo.thresh.label
regmethod = surface

srchemi = rh
trghemi = rh
trgsurface = white
srcsurfreg = sphere.reg
trgsurfreg = sphere.reg
usehash = 1
Use ProjAbs  = 0, 0
Use ProjFrac = 0, 0
DoPaint 0

SUBJECTS_DIR    /out/sourcedata/freesurfer
FREESURFER_HOME /opt/freesurfer
Loading source label.
Found 3232 points in source label.
Starting surface-based mapping
Reading source registration 
 /out/sourcedata/freesurfer/fsaverage/surf/rh.sphere.reg
Rescaling ...  original radius = 100
Reading target surface 
 /out/sourcedata/freesurfer/sub-v1s20x0050286_ses-1/surf/rh.white
Reading target registration 
 /out/sourcedata/freesurfer/sub-v1s20x0050286_ses-1/surf/rh.sphere.reg
Rescaling ...  original radius = 100
Building target registration hash (res=16).
Building source registration hash (res=16).
INFO: found  3232 nlabel points
Performing mapping from target back to the source label 121502
Number of reverse mapping hits = 307
Checking for and removing duplicates
Writing label file ./rh.V1_exvivo.thresh.label 3539
mri_label2label: Done


 mri_label2label --srcsubject fsaverage --srclabel /out/sourcedata/freesurfer/fsaverage/label/rh.V2_exvivo.thresh.label --trgsubject sub-v1s20x0050286_ses-1 --trglabel ./rh.V2_exvivo.thresh.label --hemi rh --regmethod surface 


srclabel = /out/sourcedata/freesurfer/fsaverage/label/rh.V2_exvivo.thresh.label
srcsubject = fsaverage
trgsubject = sub-v1s20x0050286_ses-1
trglabel = ./rh.V2_exvivo.thresh.label
regmethod = surface

srchemi = rh
trghemi = rh
trgsurface = white
srcsurfreg = sphere.reg
trgsurfreg = sphere.reg
usehash = 1
Use ProjAbs  = 0, 0
Use ProjFrac = 0, 0
DoPaint 0

SUBJECTS_DIR    /out/sourcedata/freesurfer
FREESURFER_HOME /opt/freesurfer
Loading source label.
Found 3437 points in source label.
Starting surface-based mapping
Reading source registration 
 /out/sourcedata/freesurfer/fsaverage/surf/rh.sphere.reg
Rescaling ...  original radius = 100
Reading target surface 
 /out/sourcedata/freesurfer/sub-v1s20x0050286_ses-1/surf/rh.white
Reading target registration 
 /out/sourcedata/freesurfer/sub-v1s20x0050286_ses-1/surf/rh.sphere.reg
Rescaling ...  original radius = 100
Building target registration hash (res=16).
Building source registration hash (res=16).
INFO: found  3437 nlabel points
Performing mapping from target back to the source label 121502
Number of reverse mapping hits = 876
Checking for and removing duplicates
Writing label file ./rh.V2_exvivo.thresh.label 4313
mri_label2label: Done


 mri_label2label --srcsubject fsaverage --srclabel /out/sourcedata/freesurfer/fsaverage/label/rh.MT_exvivo.thresh.label --trgsubject sub-v1s20x0050286_ses-1 --trglabel ./rh.MT_exvivo.thresh.label --hemi rh --regmethod surface 


srclabel = /out/sourcedata/freesurfer/fsaverage/label/rh.MT_exvivo.thresh.label
srcsubject = fsaverage
trgsubject = sub-v1s20x0050286_ses-1
trglabel = ./rh.MT_exvivo.thresh.label
regmethod = surface

srchemi = rh
trghemi = rh
trgsurface = white
srcsurfreg = sphere.reg
trgsurfreg = sphere.reg
usehash = 1
Use ProjAbs  = 0, 0
Use ProjFrac = 0, 0
DoPaint 0

SUBJECTS_DIR    /out/sourcedata/freesurfer
FREESURFER_HOME /opt/freesurfer
Loading source label.
Found 268 points in source label.
Starting surface-based mapping
Reading source registration 
 /out/sourcedata/freesurfer/fsaverage/surf/rh.sphere.reg
Rescaling ...  original radius = 100
Reading target surface 
 /out/sourcedata/freesurfer/sub-v1s20x0050286_ses-1/surf/rh.white
Reading target registration 
 /out/sourcedata/freesurfer/sub-v1s20x0050286_ses-1/surf/rh.sphere.reg
Rescaling ...  original radius = 100
Building target registration hash (res=16).
Building source registration hash (res=16).
INFO: found  268 nlabel points
Performing mapping from target back to the source label 121502
Number of reverse mapping hits = 35
Checking for and removing duplicates
Writing label file ./rh.MT_exvivo.thresh.label 303
mri_label2label: Done


 mri_label2label --srcsubject fsaverage --srclabel /out/sourcedata/freesurfer/fsaverage/label/rh.entorhinal_exvivo.thresh.label --trgsubject sub-v1s20x0050286_ses-1 --trglabel ./rh.entorhinal_exvivo.thresh.label --hemi rh --regmethod surface 


srclabel = /out/sourcedata/freesurfer/fsaverage/label/rh.entorhinal_exvivo.thresh.label
srcsubject = fsaverage
trgsubject = sub-v1s20x0050286_ses-1
trglabel = ./rh.entorhinal_exvivo.thresh.label
regmethod = surface

srchemi = rh
trghemi = rh
trgsurface = white
srcsurfreg = sphere.reg
trgsurfreg = sphere.reg
usehash = 1
Use ProjAbs  = 0, 0
Use ProjFrac = 0, 0
DoPaint 0

SUBJECTS_DIR    /out/sourcedata/freesurfer
FREESURFER_HOME /opt/freesurfer
Loading source label.
Found 694 points in source label.
Starting surface-based mapping
Reading source registration 
 /out/sourcedata/freesurfer/fsaverage/surf/rh.sphere.reg
Rescaling ...  original radius = 100
Reading target surface 
 /out/sourcedata/freesurfer/sub-v1s20x0050286_ses-1/surf/rh.white
Reading target registration 
 /out/sourcedata/freesurfer/sub-v1s20x0050286_ses-1/surf/rh.sphere.reg
Rescaling ...  original radius = 100
Building target registration hash (res=16).
Building source registration hash (res=16).
INFO: found  694 nlabel points
Performing mapping from target back to the source label 121502
Number of reverse mapping hits = 77
Checking for and removing duplicates
Writing label file ./rh.entorhinal_exvivo.thresh.label 771
mri_label2label: Done


 mri_label2label --srcsubject fsaverage --srclabel /out/sourcedata/freesurfer/fsaverage/label/rh.perirhinal_exvivo.thresh.label --trgsubject sub-v1s20x0050286_ses-1 --trglabel ./rh.perirhinal_exvivo.thresh.label --hemi rh --regmethod surface 


srclabel = /out/sourcedata/freesurfer/fsaverage/label/rh.perirhinal_exvivo.thresh.label
srcsubject = fsaverage
trgsubject = sub-v1s20x0050286_ses-1
trglabel = ./rh.perirhinal_exvivo.thresh.label
regmethod = surface

srchemi = rh
trghemi = rh
trgsurface = white
srcsurfreg = sphere.reg
trgsurfreg = sphere.reg
usehash = 1
Use ProjAbs  = 0, 0
Use ProjFrac = 0, 0
DoPaint 0

SUBJECTS_DIR    /out/sourcedata/freesurfer
FREESURFER_HOME /opt/freesurfer
Loading source label.
Found 291 points in source label.
Starting surface-based mapping
Reading source registration 
 /out/sourcedata/freesurfer/fsaverage/surf/rh.sphere.reg
Rescaling ...  original radius = 100
Reading target surface 
 /out/sourcedata/freesurfer/sub-v1s20x0050286_ses-1/surf/rh.white
Reading target registration 
 /out/sourcedata/freesurfer/sub-v1s20x0050286_ses-1/surf/rh.sphere.reg
Rescaling ...  original radius = 100
Building target registration hash (res=16).
Building source registration hash (res=16).
INFO: found  291 nlabel points
Performing mapping from target back to the source label 121502
Number of reverse mapping hits = 77
Checking for and removing duplicates
Writing label file ./rh.perirhinal_exvivo.thresh.label 368
mri_label2label: Done


 mris_label2annot --s sub-v1s20x0050286_ses-1 --hemi rh --ctab /opt/freesurfer/average/colortable_BA.txt --l rh.BA1_exvivo.label --l rh.BA2_exvivo.label --l rh.BA3a_exvivo.label --l rh.BA3b_exvivo.label --l rh.BA4a_exvivo.label --l rh.BA4p_exvivo.label --l rh.BA6_exvivo.label --l rh.BA44_exvivo.label --l rh.BA45_exvivo.label --l rh.V1_exvivo.label --l rh.V2_exvivo.label --l rh.MT_exvivo.label --l rh.perirhinal_exvivo.label --l rh.entorhinal_exvivo.label --a BA_exvivo --maxstatwinner --noverbose 

Reading ctab /opt/freesurfer/average/colortable_BA.txt
Number of ctab entries 15

7.3.2
cwd /out/sourcedata/freesurfer/sub-v1s20x0050286_ses-1/label
cmdline mris_label2annot --s sub-v1s20x0050286_ses-1 --hemi rh --ctab /opt/freesurfer/average/colortable_BA.txt --l rh.BA1_exvivo.label --l rh.BA2_exvivo.label --l rh.BA3a_exvivo.label --l rh.BA3b_exvivo.label --l rh.BA4a_exvivo.label --l rh.BA4p_exvivo.label --l rh.BA6_exvivo.label --l rh.BA44_exvivo.label --l rh.BA45_exvivo.label --l rh.V1_exvivo.label --l rh.V2_exvivo.label --l rh.MT_exvivo.label --l rh.perirhinal_exvivo.label --l rh.entorhinal_exvivo.label --a BA_exvivo --maxstatwinner --noverbose 
sysname  Linux
hostname dna084
machine  x86_64
user     oesteban

subject sub-v1s20x0050286_ses-1
hemi    rh
SUBJECTS_DIR /out/sourcedata/freesurfer
ColorTable /opt/freesurfer/average/colortable_BA.txt
AnnotName  BA_exvivo
nlables 14
LabelThresh 0 0.000000
Loading /out/sourcedata/freesurfer/sub-v1s20x0050286_ses-1/surf/rh.orig
 1 1530880 BA1_exvivo
 2 16749699 BA2_exvivo
 3 16711680 BA3a_exvivo
 4 3368703 BA3b_exvivo
 5 1376196 BA4a_exvivo
 6 13382655 BA4p_exvivo
 7 10036737 BA6_exvivo
 8 2490521 BA44_exvivo
 9 39283 BA45_exvivo
10 3993 V1_exvivo
11 8508928 V2_exvivo
12 10027163 MT_exvivo
13 16422433 perirhinal_exvivo
14 16392598 entorhinal_exvivo
Mapping unhit to unknown
Found 84392 unhit vertices
Writing annot to /out/sourcedata/freesurfer/sub-v1s20x0050286_ses-1/label/rh.BA_exvivo.annot

 mris_label2annot --s sub-v1s20x0050286_ses-1 --hemi rh --ctab /opt/freesurfer/average/colortable_BA.txt --l rh.BA1_exvivo.thresh.label --l rh.BA2_exvivo.thresh.label --l rh.BA3a_exvivo.thresh.label --l rh.BA3b_exvivo.thresh.label --l rh.BA4a_exvivo.thresh.label --l rh.BA4p_exvivo.thresh.label --l rh.BA6_exvivo.thresh.label --l rh.BA44_exvivo.thresh.label --l rh.BA45_exvivo.thresh.label --l rh.V1_exvivo.thresh.label --l rh.V2_exvivo.thresh.label --l rh.MT_exvivo.thresh.label --l rh.perirhinal_exvivo.thresh.label --l rh.entorhinal_exvivo.thresh.label --a BA_exvivo.thresh --maxstatwinner --noverbose 

Reading ctab /opt/freesurfer/average/colortable_BA.txt
Number of ctab entries 15

7.3.2
cwd /out/sourcedata/freesurfer/sub-v1s20x0050286_ses-1/label
cmdline mris_label2annot --s sub-v1s20x0050286_ses-1 --hemi rh --ctab /opt/freesurfer/average/colortable_BA.txt --l rh.BA1_exvivo.thresh.label --l rh.BA2_exvivo.thresh.label --l rh.BA3a_exvivo.thresh.label --l rh.BA3b_exvivo.thresh.label --l rh.BA4a_exvivo.thresh.label --l rh.BA4p_exvivo.thresh.label --l rh.BA6_exvivo.thresh.label --l rh.BA44_exvivo.thresh.label --l rh.BA45_exvivo.thresh.label --l rh.V1_exvivo.thresh.label --l rh.V2_exvivo.thresh.label --l rh.MT_exvivo.thresh.label --l rh.perirhinal_exvivo.thresh.label --l rh.entorhinal_exvivo.thresh.label --a BA_exvivo.thresh --maxstatwinner --noverbose 
sysname  Linux
hostname dna084
machine  x86_64
user     oesteban

subject sub-v1s20x0050286_ses-1
hemi    rh
SUBJECTS_DIR /out/sourcedata/freesurfer
ColorTable /opt/freesurfer/average/colortable_BA.txt
AnnotName  BA_exvivo.thresh
nlables 14
LabelThresh 0 0.000000
Loading /out/sourcedata/freesurfer/sub-v1s20x0050286_ses-1/surf/rh.orig
 1 1530880 BA1_exvivo
 2 16749699 BA2_exvivo
 3 16711680 BA3a_exvivo
 4 3368703 BA3b_exvivo
 5 1376196 BA4a_exvivo
 6 13382655 BA4p_exvivo
 7 10036737 BA6_exvivo
 8 2490521 BA44_exvivo
 9 39283 BA45_exvivo
10 3993 V1_exvivo
11 8508928 V2_exvivo
12 10027163 MT_exvivo
13 16422433 perirhinal_exvivo
14 16392598 entorhinal_exvivo
Mapping unhit to unknown
Found 100812 unhit vertices
Writing annot to /out/sourcedata/freesurfer/sub-v1s20x0050286_ses-1/label/rh.BA_exvivo.thresh.annot

 mris_anatomical_stats -th3 -mgz -noglobal -f ../stats/rh.BA_exvivo.stats -b -a ./rh.BA_exvivo.annot -c ./BA_exvivo.ctab sub-v1s20x0050286_ses-1 rh white 

computing statistics for each annotation in ./rh.BA_exvivo.annot.
reading volume /out/sourcedata/freesurfer/sub-v1s20x0050286_ses-1/mri/wm.mgz...
reading input surface /out/sourcedata/freesurfer/sub-v1s20x0050286_ses-1/surf/rh.white...
reading input pial surface /out/sourcedata/freesurfer/sub-v1s20x0050286_ses-1/surf/rh.pial...
reading input white surface /out/sourcedata/freesurfer/sub-v1s20x0050286_ses-1/surf/rh.white...
INFO: using TH3 volume calc
INFO: assuming MGZ format for volumes.
INFO: not computing global stats
Using TH3 vertex volume calc
Total face volume 200746
Total vertex volume 200532 (mask=0)
Saving annotation colortable ./BA_exvivo.ctab

table columns are:
    number of vertices
    total surface area (mm^2)
    total gray matter volume (mm^3)
    average cortical thickness +- standard deviation (mm)
    integrated rectified mean curvature
    integrated rectified Gaussian curvature
    folding index
    intrinsic curvature index
    structure name

  820    450   1255  2.136 0.594     0.122     0.025       10     0.8  BA1_exvivo
 2795   1800   3499  1.975 0.601     0.087     0.013       15     1.5  BA2_exvivo
 1013    684    897  1.644 0.423     0.115     0.021        8     0.9  BA3a_exvivo
 1835   1136   2180  1.707 0.634     0.087     0.014       11     1.2  BA3b_exvivo
 1524    848   2529  2.727 0.769     0.086     0.020        9     1.4  BA4a_exvivo
 1212    796   1838  2.494 0.698     0.094     0.020        6     1.1  BA4p_exvivo
 7457   4326  13694  2.816 0.721     0.097     0.020       52     6.8  BA6_exvivo
 3545   2407   6595  2.502 0.495     0.110     0.020       28     3.0  BA44_exvivo
 4006   2784   8014  2.441 0.623     0.117     0.024       32     3.9  BA45_exvivo
 2990   2053   3378  1.607 0.644     0.141     0.040       37     5.2  V1_exvivo
 6981   4674   9341  1.944 0.532     0.133     0.033       80    10.3  V2_exvivo
 1813   1276   2613  2.029 0.491     0.119     0.022       19     1.9  MT_exvivo
  455    305    725  2.391 0.757     0.134     0.046        6     0.9  perirhinal_exvivo
  664    414   1575  2.881 0.723     0.091     0.022        4     0.6  entorhinal_exvivo

 mris_anatomical_stats -th3 -mgz -f ../stats/rh.BA_exvivo.thresh.stats -noglobal -b -a ./rh.BA_exvivo.thresh.annot -c ./BA_exvivo.thresh.ctab sub-v1s20x0050286_ses-1 rh white 

computing statistics for each annotation in ./rh.BA_exvivo.thresh.annot.
reading volume /out/sourcedata/freesurfer/sub-v1s20x0050286_ses-1/mri/wm.mgz...
reading input surface /out/sourcedata/freesurfer/sub-v1s20x0050286_ses-1/surf/rh.white...
reading input pial surface /out/sourcedata/freesurfer/sub-v1s20x0050286_ses-1/surf/rh.pial...
reading input white surface /out/sourcedata/freesurfer/sub-v1s20x0050286_ses-1/surf/rh.white...
INFO: using TH3 volume calc
INFO: assuming MGZ format for volumes.
INFO: not computing global stats
Using TH3 vertex volume calc
Total face volume 200746
Total vertex volume 200532 (mask=0)
Saving annotation colortable ./BA_exvivo.thresh.ctab

table columns are:
    number of vertices
    total surface area (mm^2)
    total gray matter volume (mm^3)
    average cortical thickness +- standard deviation (mm)
    integrated rectified mean curvature
    integrated rectified Gaussian curvature
    folding index
    intrinsic curvature index
    structure name

  567    313    730  1.838 0.480     0.123     0.025        8     0.6  BA1_exvivo
 1546   1000   1956  1.893 0.573     0.073     0.010        5     0.6  BA2_exvivo
  921    626    761  1.603 0.367     0.121     0.022        8     0.8  BA3a_exvivo
 1433    910   1362  1.466 0.412     0.075     0.012        7     0.7  BA3b_exvivo
  940    469   1425  2.611 0.822     0.095     0.025        7     1.1  BA4a_exvivo
  958    630   1557  2.670 0.706     0.087     0.021        4     0.9  BA4p_exvivo
 4703   2759   8411  2.718 0.729     0.102     0.021       34     4.4  BA6_exvivo
  871    617   1967  2.625 0.512     0.116     0.020        9     0.7  BA44_exvivo
 1095    772   2403  2.496 0.596     0.119     0.025       10     1.1  BA45_exvivo
 2793   1935   3135  1.616 0.643     0.142     0.039       36     4.8  V1_exvivo
 3851   2577   4979  1.850 0.562     0.143     0.039       50     6.8  V2_exvivo
  271    189    447  1.951 0.478     0.131     0.024        3     0.3  MT_exvivo
   76     45     76  1.715 0.857     0.189     0.097        2     0.4  perirhinal_exvivo
  665    423   1285  2.739 0.746     0.112     0.031        6     0.8  entorhinal_exvivo

Started at Thu Mar 12 16:45:57 CET 2026 
Ended   at Thu Mar 12 16:47:55 CET 2026
#@#%# recon-all-run-time-hours 0.033
recon-all -s sub-v1s20x0050286_ses-1 finished without error at Thu Mar 12 16:47:55 CET 2026
