
Thu Mar 12 18:10:08 CET 2026
cd /out/sourcedata/freesurfer/sub-v1s20x0050348_ses-1
setenv SUBJECTS_DIR /out/sourcedata/freesurfer
/opt/freesurfer/bin/recon-all -autorecon1 -i /work/fmriprep_25_2_wf/sub_v1s20x0050348_ses_1_wf/anat_fit_wf/anat_validate/sub-v1s20x0050348_ses-1_T1w_noise_corrected_ras_valid.nii.gz -noskullstrip -noT2pial -noFLAIRpial -openmp 16 -subjid sub-v1s20x0050348_ses-1 -sd /out/sourcedata/freesurfer

subjid sub-v1s20x0050348_ses-1
setenv SUBJECTS_DIR /out/sourcedata/freesurfer
FREESURFER_HOME /opt/freesurfer
Actual FREESURFER_HOME /opt/freesurfer
build-stamp.txt: freesurfer-linux-ubuntu22_x86_64-7.3.2-20220804-6354275
Linux dna020 5.14.0-427.37.1.el9_4.x86_64 #1 SMP PREEMPT_DYNAMIC Fri Sep 13 12:41:50 EDT 2024 x86_64 x86_64 x86_64 GNU/Linux
cputime      unlimited
filesize     unlimited
datasize     unlimited
stacksize    8192 kbytes
coredumpsize 0 kbytes
memoryuse    67108864 kbytes
vmemoryuse   unlimited
descriptors  1024 
memorylocked unlimited
maxproc      2061970 
maxlocks     unlimited
maxsignal    2061970 
maxmessage   819200 
maxnice      0 
maxrtprio    0 
maxrttime    unlimited

               total        used        free      shared  buff/cache   available
Mem:           503Gi        53Gi       308Gi        36Gi       141Gi       410Gi
Swap:             0B          0B          0B

########################################
program versions used
7.3.2 (freesurfer-linux-ubuntu22_x86_64-7.3.2-20220804-6354275)
7.3.2

ProgramName: lta_convert  ProgramArguments: lta_convert -all-info  ProgramVersion: 7.3.2  TimeStamp: 2026/03/12-17:10:08-GMT  BuildTime: Aug  4 2022 06:17:15  BuildStamp: freesurfer-linux-ubuntu22_x86_64-7.3.2-20220804-6354275  User: oesteban  Machine: dna020  Platform: Linux  PlatformVersion: 5.14.0-427.37.1.el9_4.x86_64  CompilerName: GCC  CompilerVersion: 8.4.0
ProgramName: mri_and  ProgramArguments: mri_and -all-info  ProgramVersion: 7.3.2  TimeStamp: 2026/03/12-17:10:08-GMT  BuildTime: Aug  4 2022 06:17:15  BuildStamp: freesurfer-linux-ubuntu22_x86_64-7.3.2-20220804-6354275  User: oesteban  Machine: dna020  Platform: Linux  PlatformVersion: 5.14.0-427.37.1.el9_4.x86_64  CompilerName: GCC  CompilerVersion: 8.4.0
ProgramName: mri_annotation2label  ProgramArguments: mri_annotation2label -all-info  ProgramVersion: 7.3.2  TimeStamp: 2026/03/12-17:10:08-GMT  BuildTime: Aug  4 2022 06:17:15  BuildStamp: freesurfer-linux-ubuntu22_x86_64-7.3.2-20220804-6354275  User: oesteban  Machine: dna020  Platform: Linux  PlatformVersion: 5.14.0-427.37.1.el9_4.x86_64  CompilerName: GCC  CompilerVersion: 8.4.0
ProgramName: mri_aparc2aseg  ProgramArguments: mri_aparc2aseg -all-info  ProgramVersion: 7.3.2  TimeStamp: 2026/03/12-17:10:08-GMT  BuildTime: Aug  4 2022 06:17:15  BuildStamp: freesurfer-linux-ubuntu22_x86_64-7.3.2-20220804-6354275  User: oesteban  Machine: dna020  Platform: Linux  PlatformVersion: 5.14.0-427.37.1.el9_4.x86_64  CompilerName: GCC  CompilerVersion: 8.4.0
ProgramName: mri_surf2volseg  ProgramArguments: mri_surf2volseg -all-info  ProgramVersion: 7.3.2  TimeStamp: 2026/03/12-17:10:08-GMT  BuildTime: Aug  4 2022 06:17:15  BuildStamp: freesurfer-linux-ubuntu22_x86_64-7.3.2-20220804-6354275  User: oesteban  Machine: dna020  Platform: Linux  PlatformVersion: 5.14.0-427.37.1.el9_4.x86_64  CompilerName: GCC  CompilerVersion: 8.4.0
ProgramName: mri_binarize  ProgramArguments: mri_binarize -all-info  ProgramVersion: 7.3.2  TimeStamp: 2026/03/12-17:10:08-GMT  BuildTime: Aug  4 2022 06:17:15  BuildStamp: freesurfer-linux-ubuntu22_x86_64-7.3.2-20220804-6354275  User: oesteban  Machine: dna020  Platform: Linux  PlatformVersion: 5.14.0-427.37.1.el9_4.x86_64  CompilerName: GCC  CompilerVersion: 8.4.0
ProgramName: mri_ca_label  ProgramArguments: mri_ca_label -all-info  ProgramVersion: 7.3.2  TimeStamp: 2026/03/12-17:10:08-GMT  BuildTime: Aug  4 2022 06:17:15  BuildStamp: freesurfer-linux-ubuntu22_x86_64-7.3.2-20220804-6354275  User: oesteban  Machine: dna020  Platform: Linux  PlatformVersion: 5.14.0-427.37.1.el9_4.x86_64  CompilerName: GCC  CompilerVersion: 8.4.0
ProgramName: mri_ca_normalize  ProgramArguments: mri_ca_normalize -all-info  ProgramVersion: 7.3.2  TimeStamp: 2026/03/12-17:10:08-GMT  BuildTime: Aug  4 2022 06:17:15  BuildStamp: freesurfer-linux-ubuntu22_x86_64-7.3.2-20220804-6354275  User: oesteban  Machine: dna020  Platform: Linux  PlatformVersion: 5.14.0-427.37.1.el9_4.x86_64  CompilerName: GCC  CompilerVersion: 8.4.0
ProgramName: mri_ca_register  ProgramArguments: mri_ca_register -all-info  ProgramVersion: 7.3.2  TimeStamp: 2026/03/12-17:10:08-GMT  BuildTime: Aug  4 2022 06:17:15  BuildStamp: freesurfer-linux-ubuntu22_x86_64-7.3.2-20220804-6354275  User: oesteban  Machine: dna020  Platform: Linux  PlatformVersion: 5.14.0-427.37.1.el9_4.x86_64  CompilerName: GCC  CompilerVersion: 8.4.0
ProgramName: mri_cc  ProgramArguments: mri_cc -all-info  ProgramVersion: 7.3.2  TimeStamp: 2026/03/12-17:10:08-GMT  BuildTime: Aug  4 2022 06:17:15  BuildStamp: freesurfer-linux-ubuntu22_x86_64-7.3.2-20220804-6354275  User: oesteban  Machine: dna020  Platform: Linux  PlatformVersion: 5.14.0-427.37.1.el9_4.x86_64  CompilerName: GCC  CompilerVersion: 8.4.0
ProgramName: mri_compute_overlap  ProgramArguments: mri_compute_overlap -all-info  ProgramVersion: 7.3.2  TimeStamp: 2026/03/12-17:10:08-GMT  BuildTime: Aug  4 2022 06:17:15  BuildStamp: freesurfer-linux-ubuntu22_x86_64-7.3.2-20220804-6354275  User: oesteban  Machine: dna020  Platform: Linux  PlatformVersion: 5.14.0-427.37.1.el9_4.x86_64  CompilerName: GCC  CompilerVersion: 8.4.0
ProgramName: mri_compute_seg_overlap  ProgramArguments: mri_compute_seg_overlap -all-info  ProgramVersion: 7.3.2  TimeStamp: 2026/03/12-17:10:09-GMT  BuildTime: Aug  4 2022 06:17:15  BuildStamp: freesurfer-linux-ubuntu22_x86_64-7.3.2-20220804-6354275  User: oesteban  Machine: dna020  Platform: Linux  PlatformVersion: 5.14.0-427.37.1.el9_4.x86_64  CompilerName: GCC  CompilerVersion: 8.4.0
ProgramName: mri_concat  ProgramArguments: mri_concat -all-info  ProgramVersion: 7.3.2  TimeStamp: 2026/03/12-17:10:09-GMT  BuildTime: Aug  4 2022 06:17:15  BuildStamp: freesurfer-linux-ubuntu22_x86_64-7.3.2-20220804-6354275  User: oesteban  Machine: dna020  Platform: Linux  PlatformVersion: 5.14.0-427.37.1.el9_4.x86_64  CompilerName: GCC  CompilerVersion: 8.4.0
ProgramName: mri_concatenate_lta  ProgramArguments: mri_concatenate_lta -all-info  ProgramVersion: 7.3.2  TimeStamp: 2026/03/12-17:10:09-GMT  BuildTime: Aug  4 2022 06:17:15  BuildStamp: freesurfer-linux-ubuntu22_x86_64-7.3.2-20220804-6354275  User: oesteban  Machine: dna020  Platform: Linux  PlatformVersion: 5.14.0-427.37.1.el9_4.x86_64  CompilerName: GCC  CompilerVersion: 8.4.0
mri_convert -all-info 
ProgramName: mri_convert  ProgramArguments: mri_convert -all-info  ProgramVersion: 7.3.2  TimeStamp: 2026/03/12-17:10:09-GMT  BuildTime: Aug  4 2022 06:17:15  BuildStamp: freesurfer-linux-ubuntu22_x86_64-7.3.2-20220804-6354275  User: oesteban  Machine: dna020  Platform: Linux  PlatformVersion: 5.14.0-427.37.1.el9_4.x86_64  CompilerName: GCC  CompilerVersion: 8.4.0
ProgramName: mri_diff  ProgramArguments: mri_diff -all-info  ProgramVersion: 7.3.2  TimeStamp: 2026/03/12-17:10:09-GMT  BuildTime: Aug  4 2022 06:17:15  BuildStamp: freesurfer-linux-ubuntu22_x86_64-7.3.2-20220804-6354275  User: oesteban  Machine: dna020  Platform: Linux  PlatformVersion: 5.14.0-427.37.1.el9_4.x86_64  CompilerName: GCC  CompilerVersion: 8.4.0
ProgramName: mri_edit_wm_with_aseg  ProgramArguments: mri_edit_wm_with_aseg -all-info  ProgramVersion: 7.3.2  TimeStamp: 2026/03/12-17:10:09-GMT  BuildTime: Aug  4 2022 06:17:15  BuildStamp: freesurfer-linux-ubuntu22_x86_64-7.3.2-20220804-6354275  User: oesteban  Machine: dna020  Platform: Linux  PlatformVersion: 5.14.0-427.37.1.el9_4.x86_64  CompilerName: GCC  CompilerVersion: 8.4.0
ProgramName: mri_em_register  ProgramArguments: mri_em_register -all-info  ProgramVersion: 7.3.2  TimeStamp: 2026/03/12-17:10:09-GMT  BuildTime: Aug  4 2022 06:17:15  BuildStamp: freesurfer-linux-ubuntu22_x86_64-7.3.2-20220804-6354275  User: oesteban  Machine: dna020  Platform: Linux  PlatformVersion: 5.14.0-427.37.1.el9_4.x86_64  CompilerName: GCC  CompilerVersion: 8.4.0
ProgramName: mri_fill  ProgramArguments: mri_fill -all-info  ProgramVersion: 7.3.2  TimeStamp: 2026/03/12-17:10:09-GMT  BuildTime: Aug  4 2022 06:17:15  BuildStamp: freesurfer-linux-ubuntu22_x86_64-7.3.2-20220804-6354275  User: oesteban  Machine: dna020  Platform: Linux  PlatformVersion: 5.14.0-427.37.1.el9_4.x86_64  CompilerName: GCC  CompilerVersion: 8.4.0
ProgramName: mri_fuse_segmentations  ProgramArguments: mri_fuse_segmentations -all-info  ProgramVersion: 7.3.2  TimeStamp: 2026/03/12-17:10:09-GMT  BuildTime: Aug  4 2022 06:17:15  BuildStamp: freesurfer-linux-ubuntu22_x86_64-7.3.2-20220804-6354275  User: oesteban  Machine: dna020  Platform: Linux  PlatformVersion: 5.14.0-427.37.1.el9_4.x86_64  CompilerName: GCC  CompilerVersion: 8.4.0
ProgramName: mri_fwhm  ProgramArguments: mri_fwhm -all-info  ProgramVersion: 7.3.2  TimeStamp: 2026/03/12-17:10:09-GMT  BuildTime: Aug  4 2022 06:17:15  BuildStamp: freesurfer-linux-ubuntu22_x86_64-7.3.2-20220804-6354275  User: oesteban  Machine: dna020  Platform: Linux  PlatformVersion: 5.14.0-427.37.1.el9_4.x86_64  CompilerName: GCC  CompilerVersion: 8.4.0
ProgramName: mri_gcut  ProgramArguments: mri_gcut -all-info  ProgramVersion: 7.3.2  TimeStamp: 2026/03/12-17:10:09-GMT  BuildTime: Aug  4 2022 06:17:15  BuildStamp: freesurfer-linux-ubuntu22_x86_64-7.3.2-20220804-6354275  User: oesteban  Machine: dna020  Platform: Linux  PlatformVersion: 5.14.0-427.37.1.el9_4.x86_64  CompilerName: GCC  CompilerVersion: 8.4.0
ProgramName: mri_info  ProgramArguments: mri_info -all-info  ProgramVersion: 7.3.2  TimeStamp: 2026/03/12-17:10:09-GMT  BuildTime: Aug  4 2022 06:17:15  BuildStamp: freesurfer-linux-ubuntu22_x86_64-7.3.2-20220804-6354275  User: oesteban  Machine: dna020  Platform: Linux  PlatformVersion: 5.14.0-427.37.1.el9_4.x86_64  CompilerName: GCC  CompilerVersion: 8.4.0
ProgramName: mri_label2label  ProgramArguments: mri_label2label -all-info  ProgramVersion: 7.3.2  TimeStamp: 2026/03/12-17:10:09-GMT  BuildTime: Aug  4 2022 06:17:15  BuildStamp: freesurfer-linux-ubuntu22_x86_64-7.3.2-20220804-6354275  User: oesteban  Machine: dna020  Platform: Linux  PlatformVersion: 5.14.0-427.37.1.el9_4.x86_64  CompilerName: GCC  CompilerVersion: 8.4.0
ProgramName: mri_label2vol  ProgramArguments: mri_label2vol -all-info  ProgramVersion: 7.3.2  TimeStamp: 2026/03/12-17:10:09-GMT  BuildTime: Aug  4 2022 06:17:15  BuildStamp: freesurfer-linux-ubuntu22_x86_64-7.3.2-20220804-6354275  User: oesteban  Machine: dna020  Platform: Linux  PlatformVersion: 5.14.0-427.37.1.el9_4.x86_64  CompilerName: GCC  CompilerVersion: 8.4.0
ProgramName: mri_log_likelihood  ProgramArguments: mri_log_likelihood -all-info  ProgramVersion: 7.3.2  TimeStamp: 2026/03/12-17:10:09-GMT  BuildTime: Aug  4 2022 06:17:15  BuildStamp: freesurfer-linux-ubuntu22_x86_64-7.3.2-20220804-6354275  User: oesteban  Machine: dna020  Platform: Linux  PlatformVersion: 5.14.0-427.37.1.el9_4.x86_64  CompilerName: GCC  CompilerVersion: 8.4.0
ProgramName: mri_mask  ProgramArguments: mri_mask -all-info  ProgramVersion: 7.3.2  TimeStamp: 2026/03/12-17:10:09-GMT  BuildTime: Aug  4 2022 06:17:15  BuildStamp: freesurfer-linux-ubuntu22_x86_64-7.3.2-20220804-6354275  User: oesteban  Machine: dna020  Platform: Linux  PlatformVersion: 5.14.0-427.37.1.el9_4.x86_64  CompilerName: GCC  CompilerVersion: 8.4.0
ProgramName: mri_matrix_multiply  ProgramArguments: mri_matrix_multiply -all-info  ProgramVersion: 7.3.2  TimeStamp: 2026/03/12-17:10:09-GMT  BuildTime: Aug  4 2022 06:17:15  BuildStamp: freesurfer-linux-ubuntu22_x86_64-7.3.2-20220804-6354275  User: oesteban  Machine: dna020  Platform: Linux  PlatformVersion: 5.14.0-427.37.1.el9_4.x86_64  CompilerName: GCC  CompilerVersion: 8.4.0
ProgramName: mri_normalize  ProgramArguments: mri_normalize -all-info  ProgramVersion: 7.3.2  TimeStamp: 2026/03/12-17:10:09-GMT  BuildTime: Aug  4 2022 06:17:15  BuildStamp: freesurfer-linux-ubuntu22_x86_64-7.3.2-20220804-6354275  User: oesteban  Machine: dna020  Platform: Linux  PlatformVersion: 5.14.0-427.37.1.el9_4.x86_64  CompilerName: GCC  CompilerVersion: 8.4.0
ProgramName: mri_normalize_tp2  ProgramArguments: mri_normalize_tp2 -all-info  ProgramVersion: 7.3.2  TimeStamp: 2026/03/12-17:10:09-GMT  BuildTime: Aug  4 2022 06:17:15  BuildStamp: freesurfer-linux-ubuntu22_x86_64-7.3.2-20220804-6354275  User: oesteban  Machine: dna020  Platform: Linux  PlatformVersion: 5.14.0-427.37.1.el9_4.x86_64  CompilerName: GCC  CompilerVersion: 8.4.0
ProgramName: mri_or  ProgramArguments: mri_or -all-info  ProgramVersion: 7.3.2  TimeStamp: 2026/03/12-17:10:09-GMT  BuildTime: Aug  4 2022 06:17:15  BuildStamp: freesurfer-linux-ubuntu22_x86_64-7.3.2-20220804-6354275  User: oesteban  Machine: dna020  Platform: Linux  PlatformVersion: 5.14.0-427.37.1.el9_4.x86_64  CompilerName: GCC  CompilerVersion: 8.4.0
ProgramName: mri_relabel_hypointensities  ProgramArguments: mri_relabel_hypointensities -all-info  ProgramVersion: 7.3.2  TimeStamp: 2026/03/12-17:10:09-GMT  BuildTime: Aug  4 2022 06:17:15  BuildStamp: freesurfer-linux-ubuntu22_x86_64-7.3.2-20220804-6354275  User: oesteban  Machine: dna020  Platform: Linux  PlatformVersion: 5.14.0-427.37.1.el9_4.x86_64  CompilerName: GCC  CompilerVersion: 8.4.0
ProgramName: mri_relabel_nonwm_hypos  ProgramArguments: mri_relabel_nonwm_hypos -all-info  ProgramVersion: 7.3.2  TimeStamp: 2026/03/12-17:10:09-GMT  BuildTime: Aug  4 2022 06:17:15  BuildStamp: freesurfer-linux-ubuntu22_x86_64-7.3.2-20220804-6354275  User: oesteban  Machine: dna020  Platform: Linux  PlatformVersion: 5.14.0-427.37.1.el9_4.x86_64  CompilerName: GCC  CompilerVersion: 8.4.0
ProgramName: mri_remove_neck  ProgramArguments: mri_remove_neck -all-info  ProgramVersion: 7.3.2  TimeStamp: 2026/03/12-17:10:09-GMT  BuildTime: Aug  4 2022 06:17:15  BuildStamp: freesurfer-linux-ubuntu22_x86_64-7.3.2-20220804-6354275  User: oesteban  Machine: dna020  Platform: Linux  PlatformVersion: 5.14.0-427.37.1.el9_4.x86_64  CompilerName: GCC  CompilerVersion: 8.4.0
7.3.2

ProgramName: mri_robust_register  ProgramArguments: mri_robust_register -all-info  ProgramVersion: 7.3.2  TimeStamp: 2026/03/12-17:10:09-GMT  BuildTime: Aug  4 2022 06:17:15  BuildStamp: freesurfer-linux-ubuntu22_x86_64-7.3.2-20220804-6354275  User: oesteban  Machine: dna020  Platform: Linux  PlatformVersion: 5.14.0-427.37.1.el9_4.x86_64  CompilerName: GCC  CompilerVersion: 8.4.0
7.3.2

ProgramName: mri_robust_template  ProgramArguments: mri_robust_template -all-info  ProgramVersion: 7.3.2  TimeStamp: 2026/03/12-17:10:09-GMT  BuildTime: Aug  4 2022 06:17:15  BuildStamp: freesurfer-linux-ubuntu22_x86_64-7.3.2-20220804-6354275  User: oesteban  Machine: dna020  Platform: Linux  PlatformVersion: 5.14.0-427.37.1.el9_4.x86_64  CompilerName: GCC  CompilerVersion: 8.4.0
ProgramName: mris_anatomical_stats  ProgramArguments: mris_anatomical_stats -all-info  ProgramVersion: 7.3.2  TimeStamp: 2026/03/12-17:10:09-GMT  BuildTime: Aug  4 2022 06:17:15  BuildStamp: freesurfer-linux-ubuntu22_x86_64-7.3.2-20220804-6354275  User: oesteban  Machine: dna020  Platform: Linux  PlatformVersion: 5.14.0-427.37.1.el9_4.x86_64  CompilerName: GCC  CompilerVersion: 8.4.0
ProgramName: mris_ca_label  ProgramArguments: mris_ca_label -all-info  ProgramVersion: 7.3.2  TimeStamp: 2026/03/12-17:10:09-GMT  BuildTime: Aug  4 2022 06:17:15  BuildStamp: freesurfer-linux-ubuntu22_x86_64-7.3.2-20220804-6354275  User: oesteban  Machine: dna020  Platform: Linux  PlatformVersion: 5.14.0-427.37.1.el9_4.x86_64  CompilerName: GCC  CompilerVersion: 8.4.0
ProgramName: mris_calc  ProgramArguments: mris_calc -all-info  ProgramVersion: 7.3.2  TimeStamp: 2026/03/12-17:10:09-GMT  BuildTime: Aug  4 2022 06:17:15  BuildStamp: freesurfer-linux-ubuntu22_x86_64-7.3.2-20220804-6354275  User: oesteban  Machine: dna020  Platform: Linux  PlatformVersion: 5.14.0-427.37.1.el9_4.x86_64  CompilerName: GCC  CompilerVersion: 8.4.0
ProgramName: mris_convert  ProgramArguments: mris_convert -all-info  ProgramVersion: 7.3.2  TimeStamp: 2026/03/12-17:10:09-GMT  BuildTime: Aug  4 2022 06:17:15  BuildStamp: freesurfer-linux-ubuntu22_x86_64-7.3.2-20220804-6354275  User: oesteban  Machine: dna020  Platform: Linux  PlatformVersion: 5.14.0-427.37.1.el9_4.x86_64  CompilerName: GCC  CompilerVersion: 8.4.0
ProgramName: mris_curvature  ProgramArguments: mris_curvature -all-info  ProgramVersion: 7.3.2  TimeStamp: 2026/03/12-17:10:09-GMT  BuildTime: Aug  4 2022 06:17:15  BuildStamp: freesurfer-linux-ubuntu22_x86_64-7.3.2-20220804-6354275  User: oesteban  Machine: dna020  Platform: Linux  PlatformVersion: 5.14.0-427.37.1.el9_4.x86_64  CompilerName: GCC  CompilerVersion: 8.4.0
ProgramName: mris_curvature_stats  ProgramArguments: mris_curvature_stats -all-info  ProgramVersion: 7.3.2  TimeStamp: 2026/03/12-17:10:09-GMT  BuildTime: Aug  4 2022 06:17:15  BuildStamp: freesurfer-linux-ubuntu22_x86_64-7.3.2-20220804-6354275  User: oesteban  Machine: dna020  Platform: Linux  PlatformVersion: 5.14.0-427.37.1.el9_4.x86_64  CompilerName: GCC  CompilerVersion: 8.4.0
ProgramName: mris_diff  ProgramArguments: mris_diff -all-info  ProgramVersion: 7.3.2  TimeStamp: 2026/03/12-17:10:09-GMT  BuildTime: Aug  4 2022 06:17:15  BuildStamp: freesurfer-linux-ubuntu22_x86_64-7.3.2-20220804-6354275  User: oesteban  Machine: dna020  Platform: Linux  PlatformVersion: 5.14.0-427.37.1.el9_4.x86_64  CompilerName: GCC  CompilerVersion: 8.4.0
ProgramName: mris_divide_parcellation  ProgramArguments: mris_divide_parcellation -all-info  ProgramVersion: 7.3.2  TimeStamp: 2026/03/12-17:10:09-GMT  BuildTime: Aug  4 2022 06:17:15  BuildStamp: freesurfer-linux-ubuntu22_x86_64-7.3.2-20220804-6354275  User: oesteban  Machine: dna020  Platform: Linux  PlatformVersion: 5.14.0-427.37.1.el9_4.x86_64  CompilerName: GCC  CompilerVersion: 8.4.0
ProgramName: mri_segment  ProgramArguments: mri_segment -all-info  ProgramVersion: 7.3.2  TimeStamp: 2026/03/12-17:10:09-GMT  BuildTime: Aug  4 2022 06:17:15  BuildStamp: freesurfer-linux-ubuntu22_x86_64-7.3.2-20220804-6354275  User: oesteban  Machine: dna020  Platform: Linux  PlatformVersion: 5.14.0-427.37.1.el9_4.x86_64  CompilerName: GCC  CompilerVersion: 8.4.0
ProgramName: mri_segstats  ProgramArguments: mri_segstats -all-info  ProgramVersion: 7.3.2  TimeStamp: 2026/03/12-17:10:09-GMT  BuildTime: Aug  4 2022 06:17:15  BuildStamp: freesurfer-linux-ubuntu22_x86_64-7.3.2-20220804-6354275  User: oesteban  Machine: dna020  Platform: Linux  PlatformVersion: 5.14.0-427.37.1.el9_4.x86_64  CompilerName: GCC  CompilerVersion: 8.4.0
ProgramName: mris_euler_number  ProgramArguments: mris_euler_number -all-info  ProgramVersion: 7.3.2  TimeStamp: 2026/03/12-17:10:09-GMT  BuildTime: Aug  4 2022 06:17:15  BuildStamp: freesurfer-linux-ubuntu22_x86_64-7.3.2-20220804-6354275  User: oesteban  Machine: dna020  Platform: Linux  PlatformVersion: 5.14.0-427.37.1.el9_4.x86_64  CompilerName: GCC  CompilerVersion: 8.4.0
ProgramName: mris_fix_topology  ProgramArguments: mris_fix_topology -all-info  ProgramVersion: 7.3.2  TimeStamp: 2026/03/12-17:10:09-GMT  BuildTime: Aug  4 2022 06:17:15  BuildStamp: freesurfer-linux-ubuntu22_x86_64-7.3.2-20220804-6354275  User: oesteban  Machine: dna020  Platform: Linux  PlatformVersion: 5.14.0-427.37.1.el9_4.x86_64  CompilerName: GCC  CompilerVersion: 8.4.0
ProgramName: mris_topo_fixer  ProgramArguments: mris_topo_fixer -all-info  ProgramVersion: 7.3.2  TimeStamp: 2026/03/12-17:10:09-GMT  BuildTime: Aug  4 2022 06:17:15  BuildStamp: freesurfer-linux-ubuntu22_x86_64-7.3.2-20220804-6354275  User: oesteban  Machine: dna020  Platform: Linux  PlatformVersion: 5.14.0-427.37.1.el9_4.x86_64  CompilerName: GCC  CompilerVersion: 8.4.0
ProgramName: mris_jacobian  ProgramArguments: mris_jacobian -all-info  ProgramVersion: 7.3.2  TimeStamp: 2026/03/12-17:10:09-GMT  BuildTime: Aug  4 2022 06:17:15  BuildStamp: freesurfer-linux-ubuntu22_x86_64-7.3.2-20220804-6354275  User: oesteban  Machine: dna020  Platform: Linux  PlatformVersion: 5.14.0-427.37.1.el9_4.x86_64  CompilerName: GCC  CompilerVersion: 8.4.0
ProgramName: mris_label2annot  ProgramArguments: mris_label2annot -all-info  ProgramVersion: 7.3.2  TimeStamp: 2026/03/12-17:10:09-GMT  BuildTime: Aug  4 2022 06:17:15  BuildStamp: freesurfer-linux-ubuntu22_x86_64-7.3.2-20220804-6354275  User: oesteban  Machine: dna020  Platform: Linux  PlatformVersion: 5.14.0-427.37.1.el9_4.x86_64  CompilerName: GCC  CompilerVersion: 8.4.0
ProgramName: mris_left_right_register  ProgramArguments: mris_left_right_register -all-info  ProgramVersion: 7.3.2  TimeStamp: 2026/03/12-17:10:09-GMT  BuildTime: Aug  4 2022 06:17:15  BuildStamp: freesurfer-linux-ubuntu22_x86_64-7.3.2-20220804-6354275  User: oesteban  Machine: dna020  Platform: Linux  PlatformVersion: 5.14.0-427.37.1.el9_4.x86_64  CompilerName: GCC  CompilerVersion: 8.4.0
ProgramName: mris_place_surface  ProgramArguments: mris_place_surface -all-info  ProgramVersion: 7.3.2  TimeStamp: 2026/03/12-17:10:09-GMT  BuildTime: Aug  4 2022 06:17:15  BuildStamp: freesurfer-linux-ubuntu22_x86_64-7.3.2-20220804-6354275  User: oesteban  Machine: dna020  Platform: Linux  PlatformVersion: 5.14.0-427.37.1.el9_4.x86_64  CompilerName: GCC  CompilerVersion: 8.4.0
ProgramName: mrisp_paint  ProgramArguments: mrisp_paint -all-info  ProgramVersion: 7.3.2  TimeStamp: 2026/03/12-17:10:09-GMT  BuildTime: Aug  4 2022 06:17:15  BuildStamp: freesurfer-linux-ubuntu22_x86_64-7.3.2-20220804-6354275  User: oesteban  Machine: dna020  Platform: Linux  PlatformVersion: 5.14.0-427.37.1.el9_4.x86_64  CompilerName: GCC  CompilerVersion: 8.4.0
ProgramName: mris_register  ProgramArguments: mris_register -all-info  ProgramVersion: 7.3.2  TimeStamp: 2026/03/12-17:10:09-GMT  BuildTime: Aug  4 2022 06:17:15  BuildStamp: freesurfer-linux-ubuntu22_x86_64-7.3.2-20220804-6354275  User: oesteban  Machine: dna020  Platform: Linux  PlatformVersion: 5.14.0-427.37.1.el9_4.x86_64  CompilerName: GCC  CompilerVersion: 8.4.0
ProgramName: mris_smooth  ProgramArguments: mris_smooth -all-info  ProgramVersion: 7.3.2  TimeStamp: 2026/03/12-17:10:09-GMT  BuildTime: Aug  4 2022 06:17:15  BuildStamp: freesurfer-linux-ubuntu22_x86_64-7.3.2-20220804-6354275  User: oesteban  Machine: dna020  Platform: Linux  PlatformVersion: 5.14.0-427.37.1.el9_4.x86_64  CompilerName: GCC  CompilerVersion: 8.4.0
ProgramName: mris_sphere  ProgramArguments: mris_sphere -all-info  ProgramVersion: 7.3.2  TimeStamp: 2026/03/12-17:10:09-GMT  BuildTime: Aug  4 2022 06:17:15  BuildStamp: freesurfer-linux-ubuntu22_x86_64-7.3.2-20220804-6354275  User: oesteban  Machine: dna020  Platform: Linux  PlatformVersion: 5.14.0-427.37.1.el9_4.x86_64  CompilerName: GCC  CompilerVersion: 8.4.0
ProgramName: mris_surface_stats  ProgramArguments: mris_surface_stats -all-info  ProgramVersion: 7.3.2  TimeStamp: 2026/03/12-17:10:09-GMT  BuildTime: Aug  4 2022 06:17:15  BuildStamp: freesurfer-linux-ubuntu22_x86_64-7.3.2-20220804-6354275  User: oesteban  Machine: dna020  Platform: Linux  PlatformVersion: 5.14.0-427.37.1.el9_4.x86_64  CompilerName: GCC  CompilerVersion: 8.4.0
ProgramName: mri_stats2seg  ProgramArguments: mri_stats2seg -all-info  ProgramVersion: 7.3.2  TimeStamp: 2026/03/12-17:10:09-GMT  BuildTime: Aug  4 2022 06:17:15  BuildStamp: freesurfer-linux-ubuntu22_x86_64-7.3.2-20220804-6354275  User: oesteban  Machine: dna020  Platform: Linux  PlatformVersion: 5.14.0-427.37.1.el9_4.x86_64  CompilerName: GCC  CompilerVersion: 8.4.0
ProgramName: mris_thickness  ProgramArguments: mris_thickness -all-info  ProgramVersion: 7.3.2  TimeStamp: 2026/03/12-17:10:09-GMT  BuildTime: Aug  4 2022 06:17:15  BuildStamp: freesurfer-linux-ubuntu22_x86_64-7.3.2-20220804-6354275  User: oesteban  Machine: dna020  Platform: Linux  PlatformVersion: 5.14.0-427.37.1.el9_4.x86_64  CompilerName: GCC  CompilerVersion: 8.4.0
ProgramName: mris_thickness_diff  ProgramArguments: mris_thickness_diff -all-info  ProgramVersion: 7.3.2  TimeStamp: 2026/03/12-17:10:09-GMT  BuildTime: Aug  4 2022 06:17:15  BuildStamp: freesurfer-linux-ubuntu22_x86_64-7.3.2-20220804-6354275  User: oesteban  Machine: dna020  Platform: Linux  PlatformVersion: 5.14.0-427.37.1.el9_4.x86_64  CompilerName: GCC  CompilerVersion: 8.4.0
ProgramName: mris_topo_fixer  ProgramArguments: mris_topo_fixer -all-info  ProgramVersion: 7.3.2  TimeStamp: 2026/03/12-17:10:09-GMT  BuildTime: Aug  4 2022 06:17:15  BuildStamp: freesurfer-linux-ubuntu22_x86_64-7.3.2-20220804-6354275  User: oesteban  Machine: dna020  Platform: Linux  PlatformVersion: 5.14.0-427.37.1.el9_4.x86_64  CompilerName: GCC  CompilerVersion: 8.4.0
ProgramName: mri_surf2surf  ProgramArguments: mri_surf2surf -all-info  ProgramVersion: 7.3.2  TimeStamp: 2026/03/12-17:10:09-GMT  BuildTime: Aug  4 2022 06:17:15  BuildStamp: freesurfer-linux-ubuntu22_x86_64-7.3.2-20220804-6354275  User: oesteban  Machine: dna020  Platform: Linux  PlatformVersion: 5.14.0-427.37.1.el9_4.x86_64  CompilerName: GCC  CompilerVersion: 8.4.0
ProgramName: mri_surf2vol  ProgramArguments: mri_surf2vol -all-info  ProgramVersion: 7.3.2  TimeStamp: 2026/03/12-17:10:09-GMT  BuildTime: Aug  4 2022 06:17:15  BuildStamp: freesurfer-linux-ubuntu22_x86_64-7.3.2-20220804-6354275  User: oesteban  Machine: dna020  Platform: Linux  PlatformVersion: 5.14.0-427.37.1.el9_4.x86_64  CompilerName: GCC  CompilerVersion: 8.4.0
ProgramName: mri_surfcluster  ProgramArguments: mri_surfcluster -all-info  ProgramVersion: 7.3.2  TimeStamp: 2026/03/12-17:10:09-GMT  BuildTime: Aug  4 2022 06:17:15  BuildStamp: freesurfer-linux-ubuntu22_x86_64-7.3.2-20220804-6354275  User: oesteban  Machine: dna020  Platform: Linux  PlatformVersion: 5.14.0-427.37.1.el9_4.x86_64  CompilerName: GCC  CompilerVersion: 8.4.0
ProgramName: mris_volmask  ProgramArguments: mris_volmask -all-info  ProgramVersion: 7.3.2  TimeStamp: 2026/03/12-17:10:09-GMT  BuildTime: Aug  4 2022 06:17:15  BuildStamp: freesurfer-linux-ubuntu22_x86_64-7.3.2-20220804-6354275  User: oesteban  Machine: dna020  Platform: Linux  PlatformVersion: 5.14.0-427.37.1.el9_4.x86_64  CompilerName: GCC  CompilerVersion: 8.4.0
ProgramName: mri_tessellate  ProgramArguments: mri_tessellate -all-info  ProgramVersion: 7.3.2  TimeStamp: 2026/03/12-17:10:09-GMT  BuildTime: Aug  4 2022 06:17:15  BuildStamp: freesurfer-linux-ubuntu22_x86_64-7.3.2-20220804-6354275  User: oesteban  Machine: dna020  Platform: Linux  PlatformVersion: 5.14.0-427.37.1.el9_4.x86_64  CompilerName: GCC  CompilerVersion: 8.4.0
ProgramName: mri_vol2surf  ProgramArguments: mri_vol2surf -all-info  ProgramVersion: 7.3.2  TimeStamp: 2026/03/12-17:10:09-GMT  BuildTime: Aug  4 2022 06:17:15  BuildStamp: freesurfer-linux-ubuntu22_x86_64-7.3.2-20220804-6354275  User: oesteban  Machine: dna020  Platform: Linux  PlatformVersion: 5.14.0-427.37.1.el9_4.x86_64  CompilerName: GCC  CompilerVersion: 8.4.0
ProgramName: mri_vol2vol  ProgramArguments: mri_vol2vol -all-info  ProgramVersion: 7.3.2  TimeStamp: 2026/03/12-17:10:09-GMT  BuildTime: Aug  4 2022 06:17:15  BuildStamp: freesurfer-linux-ubuntu22_x86_64-7.3.2-20220804-6354275  User: oesteban  Machine: dna020  Platform: Linux  PlatformVersion: 5.14.0-427.37.1.el9_4.x86_64  CompilerName: GCC  CompilerVersion: 8.4.0
ProgramName: mri_voldiff  ProgramArguments: mri_voldiff -all-info  ProgramVersion: 7.3.2  TimeStamp: 2026/03/12-17:10:09-GMT  BuildTime: Aug  4 2022 06:17:15  BuildStamp: freesurfer-linux-ubuntu22_x86_64-7.3.2-20220804-6354275  User: oesteban  Machine: dna020  Platform: Linux  PlatformVersion: 5.14.0-427.37.1.el9_4.x86_64  CompilerName: GCC  CompilerVersion: 8.4.0
ProgramName: mri_watershed  ProgramArguments: mri_watershed -all-info  ProgramVersion: 7.3.2  TimeStamp: 2026/03/12-17:10:09-GMT  BuildTime: Aug  4 2022 06:17:15  BuildStamp: freesurfer-linux-ubuntu22_x86_64-7.3.2-20220804-6354275  User: oesteban  Machine: dna020  Platform: Linux  PlatformVersion: 5.14.0-427.37.1.el9_4.x86_64  CompilerName: GCC  CompilerVersion: 8.4.0
ProgramName: tkregister2  ProgramArguments: tkregister2_cmdl -all-info  ProgramVersion: 7.3.2  TimeStamp: 2026/03/12-17:10:09-GMT  BuildTime: Aug  4 2022 06:17:15  BuildStamp: freesurfer-linux-ubuntu22_x86_64-7.3.2-20220804-6354275  User: oesteban  Machine: dna020  Platform: Linux  PlatformVersion: 5.14.0-427.37.1.el9_4.x86_64  CompilerName: GCC  CompilerVersion: 8.4.0
mri_motion_correct.fsl 7.3.2
mri_convert -all-info 
ProgramName: mri_convert  ProgramArguments: mri_convert -all-info  ProgramVersion: 7.3.2  TimeStamp: 2026/03/12-17:10:09-GMT  BuildTime: Aug  4 2022 06:17:15  BuildStamp: freesurfer-linux-ubuntu22_x86_64-7.3.2-20220804-6354275  User: oesteban  Machine: dna020  Platform: Linux  PlatformVersion: 5.14.0-427.37.1.el9_4.x86_64  CompilerName: GCC  CompilerVersion: 8.4.0
Program nu_correct, built from:
Package MNI N3, version 1.12.0, compiled by nicks@terrier (x86_64-unknown-linux-gnu) on 2015-06-19 at 01:25:34
#######################################
GCADIR /opt/freesurfer/average
GCA RB_all_2020-01-02.gca
GCASkull RB_all_withskull_2020_01_02.gca
AvgCurvTif folding.atlas.acfb40.noaparc.i12.2016-08-02.tif
GCSDIR /opt/freesurfer/average
GCS DKaparc.atlas.acfb40.noaparc.i12.2016-08-02.gcs
#######################################
/out/sourcedata/freesurfer/sub-v1s20x0050348_ses-1

 mri_convert /work/fmriprep_25_2_wf/sub_v1s20x0050348_ses_1_wf/anat_fit_wf/anat_validate/sub-v1s20x0050348_ses-1_T1w_noise_corrected_ras_valid.nii.gz /out/sourcedata/freesurfer/sub-v1s20x0050348_ses-1/mri/orig/001.mgz 

mri_convert /work/fmriprep_25_2_wf/sub_v1s20x0050348_ses_1_wf/anat_fit_wf/anat_validate/sub-v1s20x0050348_ses-1_T1w_noise_corrected_ras_valid.nii.gz /out/sourcedata/freesurfer/sub-v1s20x0050348_ses-1/mri/orig/001.mgz 
reading from /work/fmriprep_25_2_wf/sub_v1s20x0050348_ses_1_wf/anat_fit_wf/anat_validate/sub-v1s20x0050348_ses-1_T1w_noise_corrected_ras_valid.nii.gz...
TR=0.00, TE=0.00, TI=0.00, flip angle=0.00
i_ras = (1, 0, 0)
j_ras = (0, 1, 0)
k_ras = (0, 0, 1)
writing to /out/sourcedata/freesurfer/sub-v1s20x0050348_ses-1/mri/orig/001.mgz...
#--------------------------------------------
#@# MotionCor Thu Mar 12 18:10:10 CET 2026
Found 1 runs
/out/sourcedata/freesurfer/sub-v1s20x0050348_ses-1/mri/orig/001.mgz
Checking for (invalid) multi-frame inputs...
Only one run found so motion
correction will not be performed. I'll
copy the run to rawavg and continue.

 cp /out/sourcedata/freesurfer/sub-v1s20x0050348_ses-1/mri/orig/001.mgz /out/sourcedata/freesurfer/sub-v1s20x0050348_ses-1/mri/rawavg.mgz 


 mri_info /out/sourcedata/freesurfer/sub-v1s20x0050348_ses-1/mri/rawavg.mgz 

rawavg.mgz ========================================
Volume information for /out/sourcedata/freesurfer/sub-v1s20x0050348_ses-1/mri/rawavg.mgz
          type: MGH
    dimensions: 256 x 256 x 102
   voxel sizes: 1.000000, 1.000000, 1.400000
          type: FLOAT (3)
           fov: 256.000
           dof: 1
        xstart: -128.0, xend: 128.0
        ystart: -128.0, yend: 128.0
        zstart: -71.4, zend: 71.4
            TR: 0.00 msec, TE: 0.00 msec, TI: 0.00 msec, flip angle: 0.00 degrees
       nframes: 1
       PhEncDir: UNKNOWN
       FieldStrength: 0.000000
ras xform present
    xform info: x_r =   1.0000, y_r =   0.0000, z_r =   0.0000, c_r =     0.5000
              : x_a =   0.0000, y_a =   1.0000, z_a =   0.0000, c_a =     0.5000
              : x_s =   0.0000, y_s =   0.0000, z_s =   1.0000, c_s =     0.7000

talairach xfm : 
Orientation   : RAS
Primary Slice Direction: axial

voxel to ras transform:
                1.0000   0.0000   0.0000  -127.5000
                0.0000   1.0000   0.0000  -127.5000
                0.0000   0.0000   1.4000   -70.7000
                0.0000   0.0000   0.0000     1.0000

voxel-to-ras determinant 1.4

ras to voxel transform:
                1.0000   0.0000   0.0000   127.5000
                0.0000   1.0000   0.0000   127.5000
                0.0000   0.0000   0.7143    50.5000
                0.0000   0.0000   0.0000     1.0000
/out/sourcedata/freesurfer/sub-v1s20x0050348_ses-1

 mri_convert /out/sourcedata/freesurfer/sub-v1s20x0050348_ses-1/mri/rawavg.mgz /out/sourcedata/freesurfer/sub-v1s20x0050348_ses-1/mri/orig.mgz --conform 

mri_convert /out/sourcedata/freesurfer/sub-v1s20x0050348_ses-1/mri/rawavg.mgz /out/sourcedata/freesurfer/sub-v1s20x0050348_ses-1/mri/orig.mgz --conform 
reading from /out/sourcedata/freesurfer/sub-v1s20x0050348_ses-1/mri/rawavg.mgz...
TR=0.00, TE=0.00, TI=0.00, flip angle=0.00
i_ras = (1, 0, 0)
j_ras = (0, 1, 0)
k_ras = (0, 0, 1)
changing data type from float to uchar (noscale = 0)...
MRIchangeType: Building histogram -0.00131035 6910.36 1000, flo=0, fhi=0.999, dest_type=0
Reslicing using trilinear interpolation 
writing to /out/sourcedata/freesurfer/sub-v1s20x0050348_ses-1/mri/orig.mgz...

 mri_add_xform_to_header -c /out/sourcedata/freesurfer/sub-v1s20x0050348_ses-1/mri/transforms/talairach.xfm /out/sourcedata/freesurfer/sub-v1s20x0050348_ses-1/mri/orig.mgz /out/sourcedata/freesurfer/sub-v1s20x0050348_ses-1/mri/orig.mgz 

INFO: extension is mgz

 mri_info /out/sourcedata/freesurfer/sub-v1s20x0050348_ses-1/mri/orig.mgz 

orig.mgz ========================================
Volume information for /out/sourcedata/freesurfer/sub-v1s20x0050348_ses-1/mri/orig.mgz
          type: MGH
    dimensions: 256 x 256 x 256
   voxel sizes: 1.000000, 1.000000, 1.000000
          type: UCHAR (0)
           fov: 256.000
           dof: 1
        xstart: -128.0, xend: 128.0
        ystart: -128.0, yend: 128.0
        zstart: -128.0, zend: 128.0
            TR: 0.00 msec, TE: 0.00 msec, TI: 0.00 msec, flip angle: 0.00 degrees
       nframes: 1
       PhEncDir: UNKNOWN
       FieldStrength: 0.000000
ras xform present
    xform info: x_r =  -1.0000, y_r =   0.0000, z_r =   0.0000, c_r =     0.5000
              : x_a =   0.0000, y_a =   0.0000, z_a =   1.0000, c_a =     0.5000
              : x_s =   0.0000, y_s =  -1.0000, z_s =   0.0000, c_s =     0.7000

talairach xfm : /out/sourcedata/freesurfer/sub-v1s20x0050348_ses-1/mri/transforms/talairach.xfm
Orientation   : LIA
Primary Slice Direction: coronal

voxel to ras transform:
               -1.0000   0.0000   0.0000   128.5000
                0.0000   0.0000   1.0000  -127.5000
                0.0000  -1.0000   0.0000   128.7000
                0.0000   0.0000   0.0000     1.0000

voxel-to-ras determinant -1

ras to voxel transform:
               -1.0000  -0.0000  -0.0000   128.5000
               -0.0000  -0.0000  -1.0000   128.7000
               -0.0000   1.0000  -0.0000   127.5000
               -0.0000  -0.0000  -0.0000     1.0000
#--------------------------------------------
#@# Talairach Thu Mar 12 18:10:18 CET 2026
/out/sourcedata/freesurfer/sub-v1s20x0050348_ses-1/mri

 mri_nu_correct.mni --no-rescale --i orig.mgz --o orig_nu.mgz --ants-n4 --n 1 --proto-iters 1000 --distance 50 

/usr/bin/bc
/out/sourcedata/freesurfer/sub-v1s20x0050348_ses-1/mri
/opt/freesurfer/bin/mri_nu_correct.mni
--no-rescale --i orig.mgz --o orig_nu.mgz --ants-n4 --n 1 --proto-iters 1000 --distance 50
nIters 1
mri_nu_correct.mni 7.3.2
Linux dna020 5.14.0-427.37.1.el9_4.x86_64 #1 SMP PREEMPT_DYNAMIC Fri Sep 13 12:41:50 EDT 2024 x86_64 x86_64 x86_64 GNU/Linux
Thu Mar 12 18:10:18 CET 2026
tmpdir is ./tmp.mri_nu_correct.mni.117286
cd /out/sourcedata/freesurfer/sub-v1s20x0050348_ses-1/mri
AntsN4BiasFieldCorrectionFs -i orig.mgz -o ./tmp.mri_nu_correct.mni.117286/nu0.mgz --dtype uchar
AntsN4BiasFieldCorrectionFs done
mri_convert ./tmp.mri_nu_correct.mni.117286/nu0.mgz orig_nu.mgz --like orig.mgz --conform
mri_convert ./tmp.mri_nu_correct.mni.117286/nu0.mgz orig_nu.mgz --like orig.mgz --conform 
reading from ./tmp.mri_nu_correct.mni.117286/nu0.mgz...
TR=0.00, TE=0.00, TI=0.00, flip angle=0.00
i_ras = (-1, 0, 0)
j_ras = (0, 0, -1)
k_ras = (0, 1, 0)
INFO: transform src into the like-volume: orig.mgz
writing to orig_nu.mgz...
 
 
Thu Mar 12 18:13:12 CET 2026
mri_nu_correct.mni done

 talairach_avi --i orig_nu.mgz --xfm transforms/talairach.auto.xfm 

talairach_avi log file is transforms/talairach_avi.log...
mv -f /out/sourcedata/freesurfer/sub-v1s20x0050348_ses-1/mri/talsrcimg_to_711-2C_as_mni_average_305_t4_vox2vox.txt /out/sourcedata/freesurfer/sub-v1s20x0050348_ses-1/mri/transforms/talsrcimg_to_711-2C_as_mni_average_305_t4_vox2vox.txt
Started at Thu Mar 12 18:13:12 CET 2026
Ended   at Thu Mar 12 18:14:39 CET 2026
talairach_avi done

 cp transforms/talairach.auto.xfm transforms/talairach.xfm 

lta_convert --src orig.mgz --trg /opt/freesurfer/average/mni305.cor.mgz --inxfm transforms/talairach.xfm --outlta transforms/talairach.xfm.lta --subject fsaverage --ltavox2vox
7.3.2

--src: orig.mgz src image (geometry).
--trg: /opt/freesurfer/average/mni305.cor.mgz trg image (geometry).
--inmni: transforms/talairach.xfm input MNI/XFM transform.
--outlta: transforms/talairach.xfm.lta output LTA.
--s: fsaverage subject name
--ltavox2vox: output LTA as VOX_TO_VOX transform.
 LTA read, type : 1
 1.16905  -0.01156  -0.08596  -5.21858;
-0.01316   1.21798   0.15471   10.96712;
 0.08764  -0.16712   1.26394   5.63504;
 0.00000   0.00000   0.00000   1.00000;
setting subject to fsaverage
Writing  LTA to file transforms/talairach.xfm.lta...
lta_convert successful.
#--------------------------------------------
#@# Talairach Failure Detection Thu Mar 12 18:14:41 CET 2026
/out/sourcedata/freesurfer/sub-v1s20x0050348_ses-1/mri

 talairach_afd -T 0.005 -xfm transforms/talairach.xfm 

talairach_afd: Talairach Transform: transforms/talairach.xfm OK (p=0.7947, pval=0.8469 >= threshold=0.0050)

 awk -f /opt/freesurfer/bin/extract_talairach_avi_QA.awk /out/sourcedata/freesurfer/sub-v1s20x0050348_ses-1/mri/transforms/talairach_avi.log 


 tal_QC_AZS /out/sourcedata/freesurfer/sub-v1s20x0050348_ses-1/mri/transforms/talairach_avi.log 

TalAviQA: 0.96983
z-score: -1
#--------------------------------------------
#@# Nu Intensity Correction Thu Mar 12 18:14:41 CET 2026

 mri_nu_correct.mni --i orig.mgz --o nu.mgz --uchar transforms/talairach.xfm --n 2 --ants-n4 

/usr/bin/bc
/out/sourcedata/freesurfer/sub-v1s20x0050348_ses-1/mri
/opt/freesurfer/bin/mri_nu_correct.mni
--i orig.mgz --o nu.mgz --uchar transforms/talairach.xfm --n 2 --ants-n4
nIters 2
mri_nu_correct.mni 7.3.2
Linux dna020 5.14.0-427.37.1.el9_4.x86_64 #1 SMP PREEMPT_DYNAMIC Fri Sep 13 12:41:50 EDT 2024 x86_64 x86_64 x86_64 GNU/Linux
Thu Mar 12 18:14:41 CET 2026
tmpdir is ./tmp.mri_nu_correct.mni.118636
cd /out/sourcedata/freesurfer/sub-v1s20x0050348_ses-1/mri
AntsN4BiasFieldCorrectionFs -i orig.mgz -o ./tmp.mri_nu_correct.mni.118636/nu0.mgz --dtype uchar
AntsN4BiasFieldCorrectionFs done
mri_binarize --i ./tmp.mri_nu_correct.mni.118636/nu0.mgz --min -1 --o ./tmp.mri_nu_correct.mni.118636/ones.mgz

7.3.2
cwd /out/sourcedata/freesurfer/sub-v1s20x0050348_ses-1/mri
cmdline mri_binarize --i ./tmp.mri_nu_correct.mni.118636/nu0.mgz --min -1 --o ./tmp.mri_nu_correct.mni.118636/ones.mgz 
sysname  Linux
hostname dna020
machine  x86_64
user     oesteban

input      ./tmp.mri_nu_correct.mni.118636/nu0.mgz
frame      0
nErode3d   0
nErode2d   0
output     ./tmp.mri_nu_correct.mni.118636/ones.mgz
Binarizing based on threshold
min        -1
max        +infinity
binval        1
binvalnot     0
fstart = 0, fend = 0, nframes = 1
Starting parallel 1
Found 16777216 values in range
Counting number of voxels in first frame
Found 16777215 voxels in final mask
Writing output to ./tmp.mri_nu_correct.mni.118636/ones.mgz
Count: 16777215 16777215.000000 16777216 99.999994
mri_binarize done
mri_segstats --id 1 --seg ./tmp.mri_nu_correct.mni.118636/ones.mgz --i orig.mgz --sum ./tmp.mri_nu_correct.mni.118636/sum.junk --avgwf ./tmp.mri_nu_correct.mni.118636/input.mean.dat

7.3.2
cwd 
cmdline mri_segstats --id 1 --seg ./tmp.mri_nu_correct.mni.118636/ones.mgz --i orig.mgz --sum ./tmp.mri_nu_correct.mni.118636/sum.junk --avgwf ./tmp.mri_nu_correct.mni.118636/input.mean.dat 
sysname  Linux
hostname dna020
machine  x86_64
user     oesteban
whitesurfname  white
UseRobust  0
Loading ./tmp.mri_nu_correct.mni.118636/ones.mgz
Loading orig.mgz
Voxel Volume is 1 mm^3
Generating list of segmentation ids
Found   1 segmentations
Computing statistics for each segmentation

Reporting on   1 segmentations
Using PrintSegStat
Computing spatial average of each frame

Writing to ./tmp.mri_nu_correct.mni.118636/input.mean.dat
mri_segstats done
mri_segstats --id 1 --seg ./tmp.mri_nu_correct.mni.118636/ones.mgz --i ./tmp.mri_nu_correct.mni.118636/nu0.mgz --sum ./tmp.mri_nu_correct.mni.118636/sum.junk --avgwf ./tmp.mri_nu_correct.mni.118636/output.mean.dat

7.3.2
cwd 
cmdline mri_segstats --id 1 --seg ./tmp.mri_nu_correct.mni.118636/ones.mgz --i ./tmp.mri_nu_correct.mni.118636/nu0.mgz --sum ./tmp.mri_nu_correct.mni.118636/sum.junk --avgwf ./tmp.mri_nu_correct.mni.118636/output.mean.dat 
sysname  Linux
hostname dna020
machine  x86_64
user     oesteban
whitesurfname  white
UseRobust  0
Loading ./tmp.mri_nu_correct.mni.118636/ones.mgz
Loading ./tmp.mri_nu_correct.mni.118636/nu0.mgz
Voxel Volume is 1 mm^3
Generating list of segmentation ids
Found   1 segmentations
Computing statistics for each segmentation

Reporting on   1 segmentations
Using PrintSegStat
Computing spatial average of each frame

Writing to ./tmp.mri_nu_correct.mni.118636/output.mean.dat
mri_segstats done
mris_calc -o ./tmp.mri_nu_correct.mni.118636/nu0.mgz ./tmp.mri_nu_correct.mni.118636/nu0.mgz mul 1.01315737132756709264
Saving result to './tmp.mri_nu_correct.mni.118636/nu0.mgz' (type = MGH )                       [ ok ]
mri_convert ./tmp.mri_nu_correct.mni.118636/nu0.mgz nu.mgz --like orig.mgz
mri_convert ./tmp.mri_nu_correct.mni.118636/nu0.mgz nu.mgz --like orig.mgz 
reading from ./tmp.mri_nu_correct.mni.118636/nu0.mgz...
TR=0.00, TE=0.00, TI=0.00, flip angle=0.00
i_ras = (-1, 0, 0)
j_ras = (0, 0, -1)
k_ras = (0, 1, 0)
INFO: transform src into the like-volume: orig.mgz
writing to nu.mgz...
mri_make_uchar nu.mgz transforms/talairach.xfm nu.mgz
type change took 0 minutes and 6 seconds.
FIRST_PERCENTILE 0.010000
WM_PERCENTILE    0.900000
MAX_R 50.000000
i1 = 12, i2 = 47
#mri_make_uchar# mapping 31 121 to  3 110  :  b -34.29 m 1.19188 : thresh 28.7696 maxsat 242.717 : nzero 14679388 nsat 2563
 
 
Thu Mar 12 18:17:56 CET 2026
mri_nu_correct.mni done

 mri_add_xform_to_header -c /out/sourcedata/freesurfer/sub-v1s20x0050348_ses-1/mri/transforms/talairach.xfm nu.mgz nu.mgz 

INFO: extension is mgz
#--------------------------------------------
#@# Intensity Normalization Thu Mar 12 18:17:57 CET 2026
/out/sourcedata/freesurfer/sub-v1s20x0050348_ses-1/mri

 mri_normalize -g 1 -seed 1234 -mprage nu.mgz T1.mgz 

using max gradient = 1.000
setting seed for random number genererator to 1234
assuming input volume is MGH (Van der Kouwe) MP-RAGE
reading mri_src from nu.mgz...
normalizing image...
NOT doing gentle normalization with control points/label
talairach transform
 1.16905  -0.01156  -0.08596  -5.21858;
-0.01316   1.21798   0.15471   10.96712;
 0.08764  -0.16712   1.26394   5.63504;
 0.00000   0.00000   0.00000   1.00000;
processing without aseg, no1d=0
MRInormInit(): 
INFO: Modifying talairach volume c_(r,a,s) based on average_305
MRInormalize(): 
MRIsplineNormalize(): npeaks = 12
Starting OpenSpline(): npoints = 12
building Voronoi diagram...
performing soap bubble smoothing, sigma = 8...

Iterating 2 times
---------------------------------
3d normalization pass 1 of 2
white matter peak found at 110
white matter peak found at 109
gm peak at 61 (61), valley at 22 (22)
csf peak at 31, setting threshold to 51
building Voronoi diagram...
performing soap bubble smoothing, sigma = 8...
---------------------------------
3d normalization pass 2 of 2
white matter peak found at 110
white matter peak found at 110
gm peak at 62 (62), valley at 23 (23)
csf peak at 32, setting threshold to 52
building Voronoi diagram...
performing soap bubble smoothing, sigma = 8...
Done iterating ---------------------------------
writing output to T1.mgz
3D bias adjustment took 1 minutes and 26 seconds.

Started at Thu Mar 12 18:10:08 CET 2026 
Ended   at Thu Mar 12 18:19:23 CET 2026
#@#%# recon-all-run-time-hours 0.154
recon-all -s sub-v1s20x0050348_ses-1 finished without error at Thu Mar 12 18:19:23 CET 2026



#New# invocation of recon-all 




Thu Mar 12 18:25:58 CET 2026
cd /out/sourcedata/freesurfer/sub-v1s20x0050348_ses-1
setenv SUBJECTS_DIR /out/sourcedata/freesurfer
/opt/freesurfer/bin/recon-all -openmp 16 -subjid sub-v1s20x0050348_ses-1 -sd /out/sourcedata/freesurfer -gcareg

subjid sub-v1s20x0050348_ses-1
setenv SUBJECTS_DIR /out/sourcedata/freesurfer
FREESURFER_HOME /opt/freesurfer
Actual FREESURFER_HOME /opt/freesurfer
build-stamp.txt: freesurfer-linux-ubuntu22_x86_64-7.3.2-20220804-6354275
Linux dna020 5.14.0-427.37.1.el9_4.x86_64 #1 SMP PREEMPT_DYNAMIC Fri Sep 13 12:41:50 EDT 2024 x86_64 x86_64 x86_64 GNU/Linux
cputime      unlimited
filesize     unlimited
datasize     unlimited
stacksize    8192 kbytes
coredumpsize 0 kbytes
memoryuse    67108864 kbytes
vmemoryuse   unlimited
descriptors  1024 
memorylocked unlimited
maxproc      2061970 
maxlocks     unlimited
maxsignal    2061970 
maxmessage   819200 
maxnice      0 
maxrtprio    0 
maxrttime    unlimited

               total        used        free      shared  buff/cache   available
Mem:           503Gi        53Gi       307Gi        36Gi       142Gi       410Gi
Swap:             0B          0B          0B

########################################
program versions used
7.3.2 (freesurfer-linux-ubuntu22_x86_64-7.3.2-20220804-6354275)
7.3.2

ProgramName: lta_convert  ProgramArguments: lta_convert -all-info  ProgramVersion: 7.3.2  TimeStamp: 2026/03/12-17:25:58-GMT  BuildTime: Aug  4 2022 06:17:15  BuildStamp: freesurfer-linux-ubuntu22_x86_64-7.3.2-20220804-6354275  User: oesteban  Machine: dna020  Platform: Linux  PlatformVersion: 5.14.0-427.37.1.el9_4.x86_64  CompilerName: GCC  CompilerVersion: 8.4.0
ProgramName: mri_and  ProgramArguments: mri_and -all-info  ProgramVersion: 7.3.2  TimeStamp: 2026/03/12-17:25:58-GMT  BuildTime: Aug  4 2022 06:17:15  BuildStamp: freesurfer-linux-ubuntu22_x86_64-7.3.2-20220804-6354275  User: oesteban  Machine: dna020  Platform: Linux  PlatformVersion: 5.14.0-427.37.1.el9_4.x86_64  CompilerName: GCC  CompilerVersion: 8.4.0
ProgramName: mri_annotation2label  ProgramArguments: mri_annotation2label -all-info  ProgramVersion: 7.3.2  TimeStamp: 2026/03/12-17:25:58-GMT  BuildTime: Aug  4 2022 06:17:15  BuildStamp: freesurfer-linux-ubuntu22_x86_64-7.3.2-20220804-6354275  User: oesteban  Machine: dna020  Platform: Linux  PlatformVersion: 5.14.0-427.37.1.el9_4.x86_64  CompilerName: GCC  CompilerVersion: 8.4.0
ProgramName: mri_aparc2aseg  ProgramArguments: mri_aparc2aseg -all-info  ProgramVersion: 7.3.2  TimeStamp: 2026/03/12-17:25:58-GMT  BuildTime: Aug  4 2022 06:17:15  BuildStamp: freesurfer-linux-ubuntu22_x86_64-7.3.2-20220804-6354275  User: oesteban  Machine: dna020  Platform: Linux  PlatformVersion: 5.14.0-427.37.1.el9_4.x86_64  CompilerName: GCC  CompilerVersion: 8.4.0
ProgramName: mri_surf2volseg  ProgramArguments: mri_surf2volseg -all-info  ProgramVersion: 7.3.2  TimeStamp: 2026/03/12-17:25:58-GMT  BuildTime: Aug  4 2022 06:17:15  BuildStamp: freesurfer-linux-ubuntu22_x86_64-7.3.2-20220804-6354275  User: oesteban  Machine: dna020  Platform: Linux  PlatformVersion: 5.14.0-427.37.1.el9_4.x86_64  CompilerName: GCC  CompilerVersion: 8.4.0
ProgramName: mri_binarize  ProgramArguments: mri_binarize -all-info  ProgramVersion: 7.3.2  TimeStamp: 2026/03/12-17:25:58-GMT  BuildTime: Aug  4 2022 06:17:15  BuildStamp: freesurfer-linux-ubuntu22_x86_64-7.3.2-20220804-6354275  User: oesteban  Machine: dna020  Platform: Linux  PlatformVersion: 5.14.0-427.37.1.el9_4.x86_64  CompilerName: GCC  CompilerVersion: 8.4.0
ProgramName: mri_ca_label  ProgramArguments: mri_ca_label -all-info  ProgramVersion: 7.3.2  TimeStamp: 2026/03/12-17:25:58-GMT  BuildTime: Aug  4 2022 06:17:15  BuildStamp: freesurfer-linux-ubuntu22_x86_64-7.3.2-20220804-6354275  User: oesteban  Machine: dna020  Platform: Linux  PlatformVersion: 5.14.0-427.37.1.el9_4.x86_64  CompilerName: GCC  CompilerVersion: 8.4.0
ProgramName: mri_ca_normalize  ProgramArguments: mri_ca_normalize -all-info  ProgramVersion: 7.3.2  TimeStamp: 2026/03/12-17:25:58-GMT  BuildTime: Aug  4 2022 06:17:15  BuildStamp: freesurfer-linux-ubuntu22_x86_64-7.3.2-20220804-6354275  User: oesteban  Machine: dna020  Platform: Linux  PlatformVersion: 5.14.0-427.37.1.el9_4.x86_64  CompilerName: GCC  CompilerVersion: 8.4.0
ProgramName: mri_ca_register  ProgramArguments: mri_ca_register -all-info  ProgramVersion: 7.3.2  TimeStamp: 2026/03/12-17:25:58-GMT  BuildTime: Aug  4 2022 06:17:15  BuildStamp: freesurfer-linux-ubuntu22_x86_64-7.3.2-20220804-6354275  User: oesteban  Machine: dna020  Platform: Linux  PlatformVersion: 5.14.0-427.37.1.el9_4.x86_64  CompilerName: GCC  CompilerVersion: 8.4.0
ProgramName: mri_cc  ProgramArguments: mri_cc -all-info  ProgramVersion: 7.3.2  TimeStamp: 2026/03/12-17:25:58-GMT  BuildTime: Aug  4 2022 06:17:15  BuildStamp: freesurfer-linux-ubuntu22_x86_64-7.3.2-20220804-6354275  User: oesteban  Machine: dna020  Platform: Linux  PlatformVersion: 5.14.0-427.37.1.el9_4.x86_64  CompilerName: GCC  CompilerVersion: 8.4.0
ProgramName: mri_compute_overlap  ProgramArguments: mri_compute_overlap -all-info  ProgramVersion: 7.3.2  TimeStamp: 2026/03/12-17:25:58-GMT  BuildTime: Aug  4 2022 06:17:15  BuildStamp: freesurfer-linux-ubuntu22_x86_64-7.3.2-20220804-6354275  User: oesteban  Machine: dna020  Platform: Linux  PlatformVersion: 5.14.0-427.37.1.el9_4.x86_64  CompilerName: GCC  CompilerVersion: 8.4.0
ProgramName: mri_compute_seg_overlap  ProgramArguments: mri_compute_seg_overlap -all-info  ProgramVersion: 7.3.2  TimeStamp: 2026/03/12-17:25:58-GMT  BuildTime: Aug  4 2022 06:17:15  BuildStamp: freesurfer-linux-ubuntu22_x86_64-7.3.2-20220804-6354275  User: oesteban  Machine: dna020  Platform: Linux  PlatformVersion: 5.14.0-427.37.1.el9_4.x86_64  CompilerName: GCC  CompilerVersion: 8.4.0
ProgramName: mri_concat  ProgramArguments: mri_concat -all-info  ProgramVersion: 7.3.2  TimeStamp: 2026/03/12-17:25:58-GMT  BuildTime: Aug  4 2022 06:17:15  BuildStamp: freesurfer-linux-ubuntu22_x86_64-7.3.2-20220804-6354275  User: oesteban  Machine: dna020  Platform: Linux  PlatformVersion: 5.14.0-427.37.1.el9_4.x86_64  CompilerName: GCC  CompilerVersion: 8.4.0
ProgramName: mri_concatenate_lta  ProgramArguments: mri_concatenate_lta -all-info  ProgramVersion: 7.3.2  TimeStamp: 2026/03/12-17:25:58-GMT  BuildTime: Aug  4 2022 06:17:15  BuildStamp: freesurfer-linux-ubuntu22_x86_64-7.3.2-20220804-6354275  User: oesteban  Machine: dna020  Platform: Linux  PlatformVersion: 5.14.0-427.37.1.el9_4.x86_64  CompilerName: GCC  CompilerVersion: 8.4.0
mri_convert -all-info 
ProgramName: mri_convert  ProgramArguments: mri_convert -all-info  ProgramVersion: 7.3.2  TimeStamp: 2026/03/12-17:25:58-GMT  BuildTime: Aug  4 2022 06:17:15  BuildStamp: freesurfer-linux-ubuntu22_x86_64-7.3.2-20220804-6354275  User: oesteban  Machine: dna020  Platform: Linux  PlatformVersion: 5.14.0-427.37.1.el9_4.x86_64  CompilerName: GCC  CompilerVersion: 8.4.0
ProgramName: mri_diff  ProgramArguments: mri_diff -all-info  ProgramVersion: 7.3.2  TimeStamp: 2026/03/12-17:25:58-GMT  BuildTime: Aug  4 2022 06:17:15  BuildStamp: freesurfer-linux-ubuntu22_x86_64-7.3.2-20220804-6354275  User: oesteban  Machine: dna020  Platform: Linux  PlatformVersion: 5.14.0-427.37.1.el9_4.x86_64  CompilerName: GCC  CompilerVersion: 8.4.0
ProgramName: mri_edit_wm_with_aseg  ProgramArguments: mri_edit_wm_with_aseg -all-info  ProgramVersion: 7.3.2  TimeStamp: 2026/03/12-17:25:58-GMT  BuildTime: Aug  4 2022 06:17:15  BuildStamp: freesurfer-linux-ubuntu22_x86_64-7.3.2-20220804-6354275  User: oesteban  Machine: dna020  Platform: Linux  PlatformVersion: 5.14.0-427.37.1.el9_4.x86_64  CompilerName: GCC  CompilerVersion: 8.4.0
ProgramName: mri_em_register  ProgramArguments: mri_em_register -all-info  ProgramVersion: 7.3.2  TimeStamp: 2026/03/12-17:25:58-GMT  BuildTime: Aug  4 2022 06:17:15  BuildStamp: freesurfer-linux-ubuntu22_x86_64-7.3.2-20220804-6354275  User: oesteban  Machine: dna020  Platform: Linux  PlatformVersion: 5.14.0-427.37.1.el9_4.x86_64  CompilerName: GCC  CompilerVersion: 8.4.0
ProgramName: mri_fill  ProgramArguments: mri_fill -all-info  ProgramVersion: 7.3.2  TimeStamp: 2026/03/12-17:25:58-GMT  BuildTime: Aug  4 2022 06:17:15  BuildStamp: freesurfer-linux-ubuntu22_x86_64-7.3.2-20220804-6354275  User: oesteban  Machine: dna020  Platform: Linux  PlatformVersion: 5.14.0-427.37.1.el9_4.x86_64  CompilerName: GCC  CompilerVersion: 8.4.0
ProgramName: mri_fuse_segmentations  ProgramArguments: mri_fuse_segmentations -all-info  ProgramVersion: 7.3.2  TimeStamp: 2026/03/12-17:25:58-GMT  BuildTime: Aug  4 2022 06:17:15  BuildStamp: freesurfer-linux-ubuntu22_x86_64-7.3.2-20220804-6354275  User: oesteban  Machine: dna020  Platform: Linux  PlatformVersion: 5.14.0-427.37.1.el9_4.x86_64  CompilerName: GCC  CompilerVersion: 8.4.0
ProgramName: mri_fwhm  ProgramArguments: mri_fwhm -all-info  ProgramVersion: 7.3.2  TimeStamp: 2026/03/12-17:25:58-GMT  BuildTime: Aug  4 2022 06:17:15  BuildStamp: freesurfer-linux-ubuntu22_x86_64-7.3.2-20220804-6354275  User: oesteban  Machine: dna020  Platform: Linux  PlatformVersion: 5.14.0-427.37.1.el9_4.x86_64  CompilerName: GCC  CompilerVersion: 8.4.0
ProgramName: mri_gcut  ProgramArguments: mri_gcut -all-info  ProgramVersion: 7.3.2  TimeStamp: 2026/03/12-17:25:58-GMT  BuildTime: Aug  4 2022 06:17:15  BuildStamp: freesurfer-linux-ubuntu22_x86_64-7.3.2-20220804-6354275  User: oesteban  Machine: dna020  Platform: Linux  PlatformVersion: 5.14.0-427.37.1.el9_4.x86_64  CompilerName: GCC  CompilerVersion: 8.4.0
ProgramName: mri_info  ProgramArguments: mri_info -all-info  ProgramVersion: 7.3.2  TimeStamp: 2026/03/12-17:25:58-GMT  BuildTime: Aug  4 2022 06:17:15  BuildStamp: freesurfer-linux-ubuntu22_x86_64-7.3.2-20220804-6354275  User: oesteban  Machine: dna020  Platform: Linux  PlatformVersion: 5.14.0-427.37.1.el9_4.x86_64  CompilerName: GCC  CompilerVersion: 8.4.0
ProgramName: mri_label2label  ProgramArguments: mri_label2label -all-info  ProgramVersion: 7.3.2  TimeStamp: 2026/03/12-17:25:58-GMT  BuildTime: Aug  4 2022 06:17:15  BuildStamp: freesurfer-linux-ubuntu22_x86_64-7.3.2-20220804-6354275  User: oesteban  Machine: dna020  Platform: Linux  PlatformVersion: 5.14.0-427.37.1.el9_4.x86_64  CompilerName: GCC  CompilerVersion: 8.4.0
ProgramName: mri_label2vol  ProgramArguments: mri_label2vol -all-info  ProgramVersion: 7.3.2  TimeStamp: 2026/03/12-17:25:58-GMT  BuildTime: Aug  4 2022 06:17:15  BuildStamp: freesurfer-linux-ubuntu22_x86_64-7.3.2-20220804-6354275  User: oesteban  Machine: dna020  Platform: Linux  PlatformVersion: 5.14.0-427.37.1.el9_4.x86_64  CompilerName: GCC  CompilerVersion: 8.4.0
ProgramName: mri_log_likelihood  ProgramArguments: mri_log_likelihood -all-info  ProgramVersion: 7.3.2  TimeStamp: 2026/03/12-17:25:58-GMT  BuildTime: Aug  4 2022 06:17:15  BuildStamp: freesurfer-linux-ubuntu22_x86_64-7.3.2-20220804-6354275  User: oesteban  Machine: dna020  Platform: Linux  PlatformVersion: 5.14.0-427.37.1.el9_4.x86_64  CompilerName: GCC  CompilerVersion: 8.4.0
ProgramName: mri_mask  ProgramArguments: mri_mask -all-info  ProgramVersion: 7.3.2  TimeStamp: 2026/03/12-17:25:58-GMT  BuildTime: Aug  4 2022 06:17:15  BuildStamp: freesurfer-linux-ubuntu22_x86_64-7.3.2-20220804-6354275  User: oesteban  Machine: dna020  Platform: Linux  PlatformVersion: 5.14.0-427.37.1.el9_4.x86_64  CompilerName: GCC  CompilerVersion: 8.4.0
ProgramName: mri_matrix_multiply  ProgramArguments: mri_matrix_multiply -all-info  ProgramVersion: 7.3.2  TimeStamp: 2026/03/12-17:25:58-GMT  BuildTime: Aug  4 2022 06:17:15  BuildStamp: freesurfer-linux-ubuntu22_x86_64-7.3.2-20220804-6354275  User: oesteban  Machine: dna020  Platform: Linux  PlatformVersion: 5.14.0-427.37.1.el9_4.x86_64  CompilerName: GCC  CompilerVersion: 8.4.0
ProgramName: mri_normalize  ProgramArguments: mri_normalize -all-info  ProgramVersion: 7.3.2  TimeStamp: 2026/03/12-17:25:58-GMT  BuildTime: Aug  4 2022 06:17:15  BuildStamp: freesurfer-linux-ubuntu22_x86_64-7.3.2-20220804-6354275  User: oesteban  Machine: dna020  Platform: Linux  PlatformVersion: 5.14.0-427.37.1.el9_4.x86_64  CompilerName: GCC  CompilerVersion: 8.4.0
ProgramName: mri_normalize_tp2  ProgramArguments: mri_normalize_tp2 -all-info  ProgramVersion: 7.3.2  TimeStamp: 2026/03/12-17:25:58-GMT  BuildTime: Aug  4 2022 06:17:15  BuildStamp: freesurfer-linux-ubuntu22_x86_64-7.3.2-20220804-6354275  User: oesteban  Machine: dna020  Platform: Linux  PlatformVersion: 5.14.0-427.37.1.el9_4.x86_64  CompilerName: GCC  CompilerVersion: 8.4.0
ProgramName: mri_or  ProgramArguments: mri_or -all-info  ProgramVersion: 7.3.2  TimeStamp: 2026/03/12-17:25:58-GMT  BuildTime: Aug  4 2022 06:17:15  BuildStamp: freesurfer-linux-ubuntu22_x86_64-7.3.2-20220804-6354275  User: oesteban  Machine: dna020  Platform: Linux  PlatformVersion: 5.14.0-427.37.1.el9_4.x86_64  CompilerName: GCC  CompilerVersion: 8.4.0
ProgramName: mri_relabel_hypointensities  ProgramArguments: mri_relabel_hypointensities -all-info  ProgramVersion: 7.3.2  TimeStamp: 2026/03/12-17:25:58-GMT  BuildTime: Aug  4 2022 06:17:15  BuildStamp: freesurfer-linux-ubuntu22_x86_64-7.3.2-20220804-6354275  User: oesteban  Machine: dna020  Platform: Linux  PlatformVersion: 5.14.0-427.37.1.el9_4.x86_64  CompilerName: GCC  CompilerVersion: 8.4.0
ProgramName: mri_relabel_nonwm_hypos  ProgramArguments: mri_relabel_nonwm_hypos -all-info  ProgramVersion: 7.3.2  TimeStamp: 2026/03/12-17:25:58-GMT  BuildTime: Aug  4 2022 06:17:15  BuildStamp: freesurfer-linux-ubuntu22_x86_64-7.3.2-20220804-6354275  User: oesteban  Machine: dna020  Platform: Linux  PlatformVersion: 5.14.0-427.37.1.el9_4.x86_64  CompilerName: GCC  CompilerVersion: 8.4.0
ProgramName: mri_remove_neck  ProgramArguments: mri_remove_neck -all-info  ProgramVersion: 7.3.2  TimeStamp: 2026/03/12-17:25:58-GMT  BuildTime: Aug  4 2022 06:17:15  BuildStamp: freesurfer-linux-ubuntu22_x86_64-7.3.2-20220804-6354275  User: oesteban  Machine: dna020  Platform: Linux  PlatformVersion: 5.14.0-427.37.1.el9_4.x86_64  CompilerName: GCC  CompilerVersion: 8.4.0
7.3.2

ProgramName: mri_robust_register  ProgramArguments: mri_robust_register -all-info  ProgramVersion: 7.3.2  TimeStamp: 2026/03/12-17:25:58-GMT  BuildTime: Aug  4 2022 06:17:15  BuildStamp: freesurfer-linux-ubuntu22_x86_64-7.3.2-20220804-6354275  User: oesteban  Machine: dna020  Platform: Linux  PlatformVersion: 5.14.0-427.37.1.el9_4.x86_64  CompilerName: GCC  CompilerVersion: 8.4.0
7.3.2

ProgramName: mri_robust_template  ProgramArguments: mri_robust_template -all-info  ProgramVersion: 7.3.2  TimeStamp: 2026/03/12-17:25:58-GMT  BuildTime: Aug  4 2022 06:17:15  BuildStamp: freesurfer-linux-ubuntu22_x86_64-7.3.2-20220804-6354275  User: oesteban  Machine: dna020  Platform: Linux  PlatformVersion: 5.14.0-427.37.1.el9_4.x86_64  CompilerName: GCC  CompilerVersion: 8.4.0
ProgramName: mris_anatomical_stats  ProgramArguments: mris_anatomical_stats -all-info  ProgramVersion: 7.3.2  TimeStamp: 2026/03/12-17:25:58-GMT  BuildTime: Aug  4 2022 06:17:15  BuildStamp: freesurfer-linux-ubuntu22_x86_64-7.3.2-20220804-6354275  User: oesteban  Machine: dna020  Platform: Linux  PlatformVersion: 5.14.0-427.37.1.el9_4.x86_64  CompilerName: GCC  CompilerVersion: 8.4.0
ProgramName: mris_ca_label  ProgramArguments: mris_ca_label -all-info  ProgramVersion: 7.3.2  TimeStamp: 2026/03/12-17:25:58-GMT  BuildTime: Aug  4 2022 06:17:15  BuildStamp: freesurfer-linux-ubuntu22_x86_64-7.3.2-20220804-6354275  User: oesteban  Machine: dna020  Platform: Linux  PlatformVersion: 5.14.0-427.37.1.el9_4.x86_64  CompilerName: GCC  CompilerVersion: 8.4.0
ProgramName: mris_calc  ProgramArguments: mris_calc -all-info  ProgramVersion: 7.3.2  TimeStamp: 2026/03/12-17:25:58-GMT  BuildTime: Aug  4 2022 06:17:15  BuildStamp: freesurfer-linux-ubuntu22_x86_64-7.3.2-20220804-6354275  User: oesteban  Machine: dna020  Platform: Linux  PlatformVersion: 5.14.0-427.37.1.el9_4.x86_64  CompilerName: GCC  CompilerVersion: 8.4.0
ProgramName: mris_convert  ProgramArguments: mris_convert -all-info  ProgramVersion: 7.3.2  TimeStamp: 2026/03/12-17:25:58-GMT  BuildTime: Aug  4 2022 06:17:15  BuildStamp: freesurfer-linux-ubuntu22_x86_64-7.3.2-20220804-6354275  User: oesteban  Machine: dna020  Platform: Linux  PlatformVersion: 5.14.0-427.37.1.el9_4.x86_64  CompilerName: GCC  CompilerVersion: 8.4.0
ProgramName: mris_curvature  ProgramArguments: mris_curvature -all-info  ProgramVersion: 7.3.2  TimeStamp: 2026/03/12-17:25:58-GMT  BuildTime: Aug  4 2022 06:17:15  BuildStamp: freesurfer-linux-ubuntu22_x86_64-7.3.2-20220804-6354275  User: oesteban  Machine: dna020  Platform: Linux  PlatformVersion: 5.14.0-427.37.1.el9_4.x86_64  CompilerName: GCC  CompilerVersion: 8.4.0
ProgramName: mris_curvature_stats  ProgramArguments: mris_curvature_stats -all-info  ProgramVersion: 7.3.2  TimeStamp: 2026/03/12-17:25:58-GMT  BuildTime: Aug  4 2022 06:17:15  BuildStamp: freesurfer-linux-ubuntu22_x86_64-7.3.2-20220804-6354275  User: oesteban  Machine: dna020  Platform: Linux  PlatformVersion: 5.14.0-427.37.1.el9_4.x86_64  CompilerName: GCC  CompilerVersion: 8.4.0
ProgramName: mris_diff  ProgramArguments: mris_diff -all-info  ProgramVersion: 7.3.2  TimeStamp: 2026/03/12-17:25:58-GMT  BuildTime: Aug  4 2022 06:17:15  BuildStamp: freesurfer-linux-ubuntu22_x86_64-7.3.2-20220804-6354275  User: oesteban  Machine: dna020  Platform: Linux  PlatformVersion: 5.14.0-427.37.1.el9_4.x86_64  CompilerName: GCC  CompilerVersion: 8.4.0
ProgramName: mris_divide_parcellation  ProgramArguments: mris_divide_parcellation -all-info  ProgramVersion: 7.3.2  TimeStamp: 2026/03/12-17:25:58-GMT  BuildTime: Aug  4 2022 06:17:15  BuildStamp: freesurfer-linux-ubuntu22_x86_64-7.3.2-20220804-6354275  User: oesteban  Machine: dna020  Platform: Linux  PlatformVersion: 5.14.0-427.37.1.el9_4.x86_64  CompilerName: GCC  CompilerVersion: 8.4.0
ProgramName: mri_segment  ProgramArguments: mri_segment -all-info  ProgramVersion: 7.3.2  TimeStamp: 2026/03/12-17:25:58-GMT  BuildTime: Aug  4 2022 06:17:15  BuildStamp: freesurfer-linux-ubuntu22_x86_64-7.3.2-20220804-6354275  User: oesteban  Machine: dna020  Platform: Linux  PlatformVersion: 5.14.0-427.37.1.el9_4.x86_64  CompilerName: GCC  CompilerVersion: 8.4.0
ProgramName: mri_segstats  ProgramArguments: mri_segstats -all-info  ProgramVersion: 7.3.2  TimeStamp: 2026/03/12-17:25:58-GMT  BuildTime: Aug  4 2022 06:17:15  BuildStamp: freesurfer-linux-ubuntu22_x86_64-7.3.2-20220804-6354275  User: oesteban  Machine: dna020  Platform: Linux  PlatformVersion: 5.14.0-427.37.1.el9_4.x86_64  CompilerName: GCC  CompilerVersion: 8.4.0
ProgramName: mris_euler_number  ProgramArguments: mris_euler_number -all-info  ProgramVersion: 7.3.2  TimeStamp: 2026/03/12-17:25:58-GMT  BuildTime: Aug  4 2022 06:17:15  BuildStamp: freesurfer-linux-ubuntu22_x86_64-7.3.2-20220804-6354275  User: oesteban  Machine: dna020  Platform: Linux  PlatformVersion: 5.14.0-427.37.1.el9_4.x86_64  CompilerName: GCC  CompilerVersion: 8.4.0
ProgramName: mris_fix_topology  ProgramArguments: mris_fix_topology -all-info  ProgramVersion: 7.3.2  TimeStamp: 2026/03/12-17:25:58-GMT  BuildTime: Aug  4 2022 06:17:15  BuildStamp: freesurfer-linux-ubuntu22_x86_64-7.3.2-20220804-6354275  User: oesteban  Machine: dna020  Platform: Linux  PlatformVersion: 5.14.0-427.37.1.el9_4.x86_64  CompilerName: GCC  CompilerVersion: 8.4.0
ProgramName: mris_topo_fixer  ProgramArguments: mris_topo_fixer -all-info  ProgramVersion: 7.3.2  TimeStamp: 2026/03/12-17:25:58-GMT  BuildTime: Aug  4 2022 06:17:15  BuildStamp: freesurfer-linux-ubuntu22_x86_64-7.3.2-20220804-6354275  User: oesteban  Machine: dna020  Platform: Linux  PlatformVersion: 5.14.0-427.37.1.el9_4.x86_64  CompilerName: GCC  CompilerVersion: 8.4.0
ProgramName: mris_jacobian  ProgramArguments: mris_jacobian -all-info  ProgramVersion: 7.3.2  TimeStamp: 2026/03/12-17:25:58-GMT  BuildTime: Aug  4 2022 06:17:15  BuildStamp: freesurfer-linux-ubuntu22_x86_64-7.3.2-20220804-6354275  User: oesteban  Machine: dna020  Platform: Linux  PlatformVersion: 5.14.0-427.37.1.el9_4.x86_64  CompilerName: GCC  CompilerVersion: 8.4.0
ProgramName: mris_label2annot  ProgramArguments: mris_label2annot -all-info  ProgramVersion: 7.3.2  TimeStamp: 2026/03/12-17:25:58-GMT  BuildTime: Aug  4 2022 06:17:15  BuildStamp: freesurfer-linux-ubuntu22_x86_64-7.3.2-20220804-6354275  User: oesteban  Machine: dna020  Platform: Linux  PlatformVersion: 5.14.0-427.37.1.el9_4.x86_64  CompilerName: GCC  CompilerVersion: 8.4.0
ProgramName: mris_left_right_register  ProgramArguments: mris_left_right_register -all-info  ProgramVersion: 7.3.2  TimeStamp: 2026/03/12-17:25:58-GMT  BuildTime: Aug  4 2022 06:17:15  BuildStamp: freesurfer-linux-ubuntu22_x86_64-7.3.2-20220804-6354275  User: oesteban  Machine: dna020  Platform: Linux  PlatformVersion: 5.14.0-427.37.1.el9_4.x86_64  CompilerName: GCC  CompilerVersion: 8.4.0
ProgramName: mris_place_surface  ProgramArguments: mris_place_surface -all-info  ProgramVersion: 7.3.2  TimeStamp: 2026/03/12-17:25:58-GMT  BuildTime: Aug  4 2022 06:17:15  BuildStamp: freesurfer-linux-ubuntu22_x86_64-7.3.2-20220804-6354275  User: oesteban  Machine: dna020  Platform: Linux  PlatformVersion: 5.14.0-427.37.1.el9_4.x86_64  CompilerName: GCC  CompilerVersion: 8.4.0
ProgramName: mrisp_paint  ProgramArguments: mrisp_paint -all-info  ProgramVersion: 7.3.2  TimeStamp: 2026/03/12-17:25:58-GMT  BuildTime: Aug  4 2022 06:17:15  BuildStamp: freesurfer-linux-ubuntu22_x86_64-7.3.2-20220804-6354275  User: oesteban  Machine: dna020  Platform: Linux  PlatformVersion: 5.14.0-427.37.1.el9_4.x86_64  CompilerName: GCC  CompilerVersion: 8.4.0
ProgramName: mris_register  ProgramArguments: mris_register -all-info  ProgramVersion: 7.3.2  TimeStamp: 2026/03/12-17:25:58-GMT  BuildTime: Aug  4 2022 06:17:15  BuildStamp: freesurfer-linux-ubuntu22_x86_64-7.3.2-20220804-6354275  User: oesteban  Machine: dna020  Platform: Linux  PlatformVersion: 5.14.0-427.37.1.el9_4.x86_64  CompilerName: GCC  CompilerVersion: 8.4.0
ProgramName: mris_smooth  ProgramArguments: mris_smooth -all-info  ProgramVersion: 7.3.2  TimeStamp: 2026/03/12-17:25:58-GMT  BuildTime: Aug  4 2022 06:17:15  BuildStamp: freesurfer-linux-ubuntu22_x86_64-7.3.2-20220804-6354275  User: oesteban  Machine: dna020  Platform: Linux  PlatformVersion: 5.14.0-427.37.1.el9_4.x86_64  CompilerName: GCC  CompilerVersion: 8.4.0
ProgramName: mris_sphere  ProgramArguments: mris_sphere -all-info  ProgramVersion: 7.3.2  TimeStamp: 2026/03/12-17:25:58-GMT  BuildTime: Aug  4 2022 06:17:15  BuildStamp: freesurfer-linux-ubuntu22_x86_64-7.3.2-20220804-6354275  User: oesteban  Machine: dna020  Platform: Linux  PlatformVersion: 5.14.0-427.37.1.el9_4.x86_64  CompilerName: GCC  CompilerVersion: 8.4.0
ProgramName: mris_surface_stats  ProgramArguments: mris_surface_stats -all-info  ProgramVersion: 7.3.2  TimeStamp: 2026/03/12-17:25:58-GMT  BuildTime: Aug  4 2022 06:17:15  BuildStamp: freesurfer-linux-ubuntu22_x86_64-7.3.2-20220804-6354275  User: oesteban  Machine: dna020  Platform: Linux  PlatformVersion: 5.14.0-427.37.1.el9_4.x86_64  CompilerName: GCC  CompilerVersion: 8.4.0
ProgramName: mri_stats2seg  ProgramArguments: mri_stats2seg -all-info  ProgramVersion: 7.3.2  TimeStamp: 2026/03/12-17:25:58-GMT  BuildTime: Aug  4 2022 06:17:15  BuildStamp: freesurfer-linux-ubuntu22_x86_64-7.3.2-20220804-6354275  User: oesteban  Machine: dna020  Platform: Linux  PlatformVersion: 5.14.0-427.37.1.el9_4.x86_64  CompilerName: GCC  CompilerVersion: 8.4.0
ProgramName: mris_thickness  ProgramArguments: mris_thickness -all-info  ProgramVersion: 7.3.2  TimeStamp: 2026/03/12-17:25:58-GMT  BuildTime: Aug  4 2022 06:17:15  BuildStamp: freesurfer-linux-ubuntu22_x86_64-7.3.2-20220804-6354275  User: oesteban  Machine: dna020  Platform: Linux  PlatformVersion: 5.14.0-427.37.1.el9_4.x86_64  CompilerName: GCC  CompilerVersion: 8.4.0
ProgramName: mris_thickness_diff  ProgramArguments: mris_thickness_diff -all-info  ProgramVersion: 7.3.2  TimeStamp: 2026/03/12-17:25:58-GMT  BuildTime: Aug  4 2022 06:17:15  BuildStamp: freesurfer-linux-ubuntu22_x86_64-7.3.2-20220804-6354275  User: oesteban  Machine: dna020  Platform: Linux  PlatformVersion: 5.14.0-427.37.1.el9_4.x86_64  CompilerName: GCC  CompilerVersion: 8.4.0
ProgramName: mris_topo_fixer  ProgramArguments: mris_topo_fixer -all-info  ProgramVersion: 7.3.2  TimeStamp: 2026/03/12-17:25:58-GMT  BuildTime: Aug  4 2022 06:17:15  BuildStamp: freesurfer-linux-ubuntu22_x86_64-7.3.2-20220804-6354275  User: oesteban  Machine: dna020  Platform: Linux  PlatformVersion: 5.14.0-427.37.1.el9_4.x86_64  CompilerName: GCC  CompilerVersion: 8.4.0
ProgramName: mri_surf2surf  ProgramArguments: mri_surf2surf -all-info  ProgramVersion: 7.3.2  TimeStamp: 2026/03/12-17:25:58-GMT  BuildTime: Aug  4 2022 06:17:15  BuildStamp: freesurfer-linux-ubuntu22_x86_64-7.3.2-20220804-6354275  User: oesteban  Machine: dna020  Platform: Linux  PlatformVersion: 5.14.0-427.37.1.el9_4.x86_64  CompilerName: GCC  CompilerVersion: 8.4.0
ProgramName: mri_surf2vol  ProgramArguments: mri_surf2vol -all-info  ProgramVersion: 7.3.2  TimeStamp: 2026/03/12-17:25:58-GMT  BuildTime: Aug  4 2022 06:17:15  BuildStamp: freesurfer-linux-ubuntu22_x86_64-7.3.2-20220804-6354275  User: oesteban  Machine: dna020  Platform: Linux  PlatformVersion: 5.14.0-427.37.1.el9_4.x86_64  CompilerName: GCC  CompilerVersion: 8.4.0
ProgramName: mri_surfcluster  ProgramArguments: mri_surfcluster -all-info  ProgramVersion: 7.3.2  TimeStamp: 2026/03/12-17:25:58-GMT  BuildTime: Aug  4 2022 06:17:15  BuildStamp: freesurfer-linux-ubuntu22_x86_64-7.3.2-20220804-6354275  User: oesteban  Machine: dna020  Platform: Linux  PlatformVersion: 5.14.0-427.37.1.el9_4.x86_64  CompilerName: GCC  CompilerVersion: 8.4.0
ProgramName: mris_volmask  ProgramArguments: mris_volmask -all-info  ProgramVersion: 7.3.2  TimeStamp: 2026/03/12-17:25:58-GMT  BuildTime: Aug  4 2022 06:17:15  BuildStamp: freesurfer-linux-ubuntu22_x86_64-7.3.2-20220804-6354275  User: oesteban  Machine: dna020  Platform: Linux  PlatformVersion: 5.14.0-427.37.1.el9_4.x86_64  CompilerName: GCC  CompilerVersion: 8.4.0
ProgramName: mri_tessellate  ProgramArguments: mri_tessellate -all-info  ProgramVersion: 7.3.2  TimeStamp: 2026/03/12-17:25:58-GMT  BuildTime: Aug  4 2022 06:17:15  BuildStamp: freesurfer-linux-ubuntu22_x86_64-7.3.2-20220804-6354275  User: oesteban  Machine: dna020  Platform: Linux  PlatformVersion: 5.14.0-427.37.1.el9_4.x86_64  CompilerName: GCC  CompilerVersion: 8.4.0
ProgramName: mri_vol2surf  ProgramArguments: mri_vol2surf -all-info  ProgramVersion: 7.3.2  TimeStamp: 2026/03/12-17:25:58-GMT  BuildTime: Aug  4 2022 06:17:15  BuildStamp: freesurfer-linux-ubuntu22_x86_64-7.3.2-20220804-6354275  User: oesteban  Machine: dna020  Platform: Linux  PlatformVersion: 5.14.0-427.37.1.el9_4.x86_64  CompilerName: GCC  CompilerVersion: 8.4.0
ProgramName: mri_vol2vol  ProgramArguments: mri_vol2vol -all-info  ProgramVersion: 7.3.2  TimeStamp: 2026/03/12-17:25:58-GMT  BuildTime: Aug  4 2022 06:17:15  BuildStamp: freesurfer-linux-ubuntu22_x86_64-7.3.2-20220804-6354275  User: oesteban  Machine: dna020  Platform: Linux  PlatformVersion: 5.14.0-427.37.1.el9_4.x86_64  CompilerName: GCC  CompilerVersion: 8.4.0
ProgramName: mri_voldiff  ProgramArguments: mri_voldiff -all-info  ProgramVersion: 7.3.2  TimeStamp: 2026/03/12-17:25:58-GMT  BuildTime: Aug  4 2022 06:17:15  BuildStamp: freesurfer-linux-ubuntu22_x86_64-7.3.2-20220804-6354275  User: oesteban  Machine: dna020  Platform: Linux  PlatformVersion: 5.14.0-427.37.1.el9_4.x86_64  CompilerName: GCC  CompilerVersion: 8.4.0
ProgramName: mri_watershed  ProgramArguments: mri_watershed -all-info  ProgramVersion: 7.3.2  TimeStamp: 2026/03/12-17:25:58-GMT  BuildTime: Aug  4 2022 06:17:15  BuildStamp: freesurfer-linux-ubuntu22_x86_64-7.3.2-20220804-6354275  User: oesteban  Machine: dna020  Platform: Linux  PlatformVersion: 5.14.0-427.37.1.el9_4.x86_64  CompilerName: GCC  CompilerVersion: 8.4.0
ProgramName: tkregister2  ProgramArguments: tkregister2_cmdl -all-info  ProgramVersion: 7.3.2  TimeStamp: 2026/03/12-17:25:58-GMT  BuildTime: Aug  4 2022 06:17:15  BuildStamp: freesurfer-linux-ubuntu22_x86_64-7.3.2-20220804-6354275  User: oesteban  Machine: dna020  Platform: Linux  PlatformVersion: 5.14.0-427.37.1.el9_4.x86_64  CompilerName: GCC  CompilerVersion: 8.4.0
mri_motion_correct.fsl 7.3.2
mri_convert -all-info 
ProgramName: mri_convert  ProgramArguments: mri_convert -all-info  ProgramVersion: 7.3.2  TimeStamp: 2026/03/12-17:25:58-GMT  BuildTime: Aug  4 2022 06:17:15  BuildStamp: freesurfer-linux-ubuntu22_x86_64-7.3.2-20220804-6354275  User: oesteban  Machine: dna020  Platform: Linux  PlatformVersion: 5.14.0-427.37.1.el9_4.x86_64  CompilerName: GCC  CompilerVersion: 8.4.0
Program nu_correct, built from:
Package MNI N3, version 1.12.0, compiled by nicks@terrier (x86_64-unknown-linux-gnu) on 2015-06-19 at 01:25:34
#######################################
GCADIR /opt/freesurfer/average
GCA RB_all_2020-01-02.gca
GCASkull RB_all_withskull_2020_01_02.gca
AvgCurvTif folding.atlas.acfb40.noaparc.i12.2016-08-02.tif
GCSDIR /opt/freesurfer/average
GCS DKaparc.atlas.acfb40.noaparc.i12.2016-08-02.gcs
#######################################
#-------------------------------------
#@# EM Registration Thu Mar 12 18:25:58 CET 2026
/out/sourcedata/freesurfer/sub-v1s20x0050348_ses-1/mri

 mri_em_register -uns 3 -mask brainmask.mgz nu.mgz /opt/freesurfer/average/RB_all_2020-01-02.gca transforms/talairach.lta 

setting unknown_nbr_spacing = 3
using MR volume brainmask.mgz to mask input volume...

== Number of threads available to mri_em_register for OpenMP = 16 == 
reading 1 input volumes...
logging results to talairach.log
reading '/opt/freesurfer/average/RB_all_2020-01-02.gca'...
GCAread took 0 minutes and 1 seconds.
average std = 7.2   using min determinant for regularization = 5.2
0 singular and 884 ill-conditioned covariance matrices regularized
reading 'nu.mgz'...
MRImask(): AllowDiffGeom = 1
MRImask(): AllowDiffGeom = 1
MRImask(): AllowDiffGeom = 1
MRImask(): AllowDiffGeom = 1
MRImask(): AllowDiffGeom = 1
freeing gibbs priors...done.
accounting for voxel sizes in initial transform
bounding unknown intensity as < 5.9 or > 519.0 
total sample mean = 79.1 (1017 zeros)
************************************************
spacing=8, using 2841 sample points, tol=1.00e-05...
************************************************
register_mri: find_optimal_transform
find_optimal_transform: nsamples 2841, passno 0, spacing 8
resetting wm mean[0]: 98 --> 107
resetting gm mean[0]: 61 --> 61
input volume #1 is the most T1-like
using real data threshold=24.9
skull bounding box = (60, 77, 24) --> (187, 188, 187)
finding center of left hemi white matter
using (102, 114, 106) as brain centroid of Right_Cerebral_White_Matter...
MRImask(): AllowDiffGeom = 1
mean wm in atlas = 107, using box (86,100,86) --> (117, 127,126) to find MRI wm
before smoothing, mri peak at 106
robust fit to distribution - 106 +- 4.0
after smoothing, mri peak at 106, scaling input intensities by 1.009
scaling channel 0 by 1.00943
initial log_p = -4.044
************************************************
First Search limited to translation only.
************************************************
max log p =    -4.052088 @ (0.000, 0.000, 0.000)
max log p =    -3.754463 @ (5.263, -15.789, 5.263)
max log p =    -3.750890 @ (-2.632, 2.632, 2.632)
max log p =    -3.748301 @ (1.316, -1.316, -3.947)
max log p =    -3.718744 @ (-0.658, -0.658, 3.289)
max log p =    -3.718744 @ (0.000, 0.000, 0.000)
max log p =    -3.718744 @ (0.000, 0.000, 0.000)
max log p =    -3.718744 @ (0.000, 0.000, 0.000)
Found translation: (3.3, -15.1, 7.2): log p = -3.719
****************************************
Nine parameter search.  iteration 0 nscales = 0 ...
****************************************
Result so far: scale 1.000: max_log_p=-3.429, old_max_log_p =-3.719 (thresh=-3.7)
 1.06375   0.00000   0.00000  -4.58446;
 0.00000   1.23625   0.00000  -46.88875;
 0.00000   0.00000   1.00000   7.23684;
 0.00000   0.00000   0.00000   1.00000;
iteration took 0 minutes and 11 seconds.
****************************************
Nine parameter search.  iteration 1 nscales = 0 ...
****************************************
Result so far: scale 1.000: max_log_p=-3.429, old_max_log_p =-3.429 (thresh=-3.4)
 1.06375   0.00000   0.00000  -4.58446;
 0.00000   1.23625   0.00000  -46.88875;
 0.00000   0.00000   1.00000   7.23684;
 0.00000   0.00000   0.00000   1.00000;
reducing scale to 0.2500
iteration took 0 minutes and 11 seconds.
****************************************
Nine parameter search.  iteration 2 nscales = 1 ...
****************************************
Result so far: scale 0.250: max_log_p=-3.173, old_max_log_p =-3.429 (thresh=-3.4)
 1.08072  -0.08367   0.03456  -0.82672;
 0.06954   1.23294   0.03395  -56.61331;
-0.03770  -0.03840   1.05582   7.75826;
 0.00000   0.00000   0.00000   1.00000;
iteration took 0 minutes and 12 seconds.
****************************************
Nine parameter search.  iteration 3 nscales = 1 ...
****************************************
Result so far: scale 0.250: max_log_p=-3.173, old_max_log_p =-3.173 (thresh=-3.2)
 1.08072  -0.08367   0.03456  -0.82672;
 0.06954   1.23294   0.03395  -56.61331;
-0.03770  -0.03840   1.05582   7.75826;
 0.00000   0.00000   0.00000   1.00000;
reducing scale to 0.0625
iteration took 0 minutes and 11 seconds.
****************************************
Nine parameter search.  iteration 4 nscales = 2 ...
****************************************
Result so far: scale 0.062: max_log_p=-3.155, old_max_log_p =-3.173 (thresh=-3.2)
 1.08297  -0.06366   0.03515  -3.35806;
 0.05158   1.22982   0.03326  -54.34999;
-0.03766  -0.03836   1.05458   7.87271;
 0.00000   0.00000   0.00000   1.00000;
iteration took 0 minutes and 11 seconds.
****************************************
Nine parameter search.  iteration 5 nscales = 2 ...
****************************************
Result so far: scale 0.062: max_log_p=-3.143, old_max_log_p =-3.155 (thresh=-3.2)
 1.07917  -0.06343   0.03503  -2.90082;
 0.05158   1.22982   0.03326  -54.34999;
-0.03766  -0.03836   1.05458   7.87271;
 0.00000   0.00000   0.00000   1.00000;
iteration took 0 minutes and 11 seconds.
****************************************
Nine parameter search.  iteration 6 nscales = 2 ...
****************************************
Result so far: scale 0.062: max_log_p=-3.139, old_max_log_p =-3.143 (thresh=-3.1)
 1.07664  -0.06328   0.03495  -2.59682;
 0.05158   1.22982   0.03326  -54.34999;
-0.03766  -0.03836   1.05458   7.87271;
 0.00000   0.00000   0.00000   1.00000;
iteration took 0 minutes and 11 seconds.
****************************************
Nine parameter search.  iteration 7 nscales = 2 ...
****************************************
Result so far: scale 0.062: max_log_p=-3.139, old_max_log_p =-3.139 (thresh=-3.1)
 1.07664  -0.06328   0.03495  -2.59682;
 0.05158   1.22982   0.03326  -54.34999;
-0.03766  -0.03836   1.05458   7.87271;
 0.00000   0.00000   0.00000   1.00000;
min search scale 0.025000 reached
***********************************************
Computing MAP estimate using 2841 samples...
***********************************************
dt = 5.00e-06, momentum=0.80, tol=1.00e-05
l_intensity = 1.0000
Aligning input volume to GCA...
Transform matrix
 1.07664  -0.06328   0.03495  -2.59682;
 0.05158   1.22982   0.03326  -54.34999;
-0.03766  -0.03836   1.05458   7.87271;
 0.00000   0.00000   0.00000   1.00000;
nsamples 2841
Quasinewton: input matrix
 1.07664  -0.06328   0.03495  -2.59682;
 0.05158   1.22982   0.03326  -54.34999;
-0.03766  -0.03836   1.05458   7.87271;
 0.00000   0.00000   0.00000   1.00000;
 IFLAG= -1  LINE SEARCH FAILED. SEE DOCUMENTATION OF ROUTINE MCSRCH ERROR RETURN OF LINE SEARCH: INFO= 4 POSSIBLE CAUSES: FUNCTION OR GRADIENT ARE INCORRECT OR INCORRECT TOLERANCESoutof QuasiNewtonEMA: 010: -log(p) =   -0.0  tol 0.000010
Resulting transform:
 1.07664  -0.06328   0.03495  -2.59682;
 0.05158   1.22982   0.03326  -54.34999;
-0.03766  -0.03836   1.05458   7.87271;
 0.00000   0.00000   0.00000   1.00000;

pass 1, spacing 8: log(p) = -3.139 (old=-4.044)
transform before final EM align:
 1.07664  -0.06328   0.03495  -2.59682;
 0.05158   1.22982   0.03326  -54.34999;
-0.03766  -0.03836   1.05458   7.87271;
 0.00000   0.00000   0.00000   1.00000;

**************************************************
 EM alignment process ...
 Computing final MAP estimate using 315638 samples. 
**************************************************
dt = 5.00e-06, momentum=0.80, tol=1.00e-07
l_intensity = 1.0000
Aligning input volume to GCA...
Transform matrix
 1.07664  -0.06328   0.03495  -2.59682;
 0.05158   1.22982   0.03326  -54.34999;
-0.03766  -0.03836   1.05458   7.87271;
 0.00000   0.00000   0.00000   1.00000;
nsamples 315638
Quasinewton: input matrix
 1.07664  -0.06328   0.03495  -2.59682;
 0.05158   1.22982   0.03326  -54.34999;
-0.03766  -0.03836   1.05458   7.87271;
 0.00000   0.00000   0.00000   1.00000;
 IFLAG= -1  LINE SEARCH FAILED. SEE DOCUMENTATION OF ROUTINE MCSRCH ERROR RETURN OF LINE SEARCH: INFO= 6 POSSIBLE CAUSES: FUNCTION OR GRADIENT ARE INCORRECT OR INCORRECT TOLERANCESoutof QuasiNewtonEMA: 012: -log(p) =    3.7  tol 0.000000
final transform:
 1.07664  -0.06328   0.03495  -2.59682;
 0.05158   1.22982   0.03326  -54.34999;
-0.03766  -0.03836   1.05458   7.87271;
 0.00000   0.00000   0.00000   1.00000;

writing output transformation to transforms/talairach.lta...
#VMPC# mri_em_register VmPeak  891280
FSRUNTIME@ mri_em_register  0.0340 hours 16 threads
registration took 2 minutes and 2 seconds.

Started at Thu Mar 12 18:25:58 CET 2026 
Ended   at Thu Mar 12 18:28:01 CET 2026
#@#%# recon-all-run-time-hours 0.034
recon-all -s sub-v1s20x0050348_ses-1 finished without error at Thu Mar 12 18:28:01 CET 2026



#New# invocation of recon-all 




Thu Mar 12 18:28:03 CET 2026
cd /out/sourcedata/freesurfer/sub-v1s20x0050348_ses-1
setenv SUBJECTS_DIR /out/sourcedata/freesurfer
/opt/freesurfer/bin/recon-all -autorecon2-volonly -openmp 16 -subjid sub-v1s20x0050348_ses-1 -sd /out/sourcedata/freesurfer -nogcareg

subjid sub-v1s20x0050348_ses-1
setenv SUBJECTS_DIR /out/sourcedata/freesurfer
FREESURFER_HOME /opt/freesurfer
Actual FREESURFER_HOME /opt/freesurfer
build-stamp.txt: freesurfer-linux-ubuntu22_x86_64-7.3.2-20220804-6354275
Linux dna020 5.14.0-427.37.1.el9_4.x86_64 #1 SMP PREEMPT_DYNAMIC Fri Sep 13 12:41:50 EDT 2024 x86_64 x86_64 x86_64 GNU/Linux
cputime      unlimited
filesize     unlimited
datasize     unlimited
stacksize    8192 kbytes
coredumpsize 0 kbytes
memoryuse    67108864 kbytes
vmemoryuse   unlimited
descriptors  1024 
memorylocked unlimited
maxproc      2061970 
maxlocks     unlimited
maxsignal    2061970 
maxmessage   819200 
maxnice      0 
maxrtprio    0 
maxrttime    unlimited

               total        used        free      shared  buff/cache   available
Mem:           503Gi        53Gi       307Gi        36Gi       142Gi       410Gi
Swap:             0B          0B          0B

########################################
program versions used
7.3.2 (freesurfer-linux-ubuntu22_x86_64-7.3.2-20220804-6354275)
7.3.2

ProgramName: lta_convert  ProgramArguments: lta_convert -all-info  ProgramVersion: 7.3.2  TimeStamp: 2026/03/12-17:28:03-GMT  BuildTime: Aug  4 2022 06:17:15  BuildStamp: freesurfer-linux-ubuntu22_x86_64-7.3.2-20220804-6354275  User: oesteban  Machine: dna020  Platform: Linux  PlatformVersion: 5.14.0-427.37.1.el9_4.x86_64  CompilerName: GCC  CompilerVersion: 8.4.0
ProgramName: mri_and  ProgramArguments: mri_and -all-info  ProgramVersion: 7.3.2  TimeStamp: 2026/03/12-17:28:03-GMT  BuildTime: Aug  4 2022 06:17:15  BuildStamp: freesurfer-linux-ubuntu22_x86_64-7.3.2-20220804-6354275  User: oesteban  Machine: dna020  Platform: Linux  PlatformVersion: 5.14.0-427.37.1.el9_4.x86_64  CompilerName: GCC  CompilerVersion: 8.4.0
ProgramName: mri_annotation2label  ProgramArguments: mri_annotation2label -all-info  ProgramVersion: 7.3.2  TimeStamp: 2026/03/12-17:28:03-GMT  BuildTime: Aug  4 2022 06:17:15  BuildStamp: freesurfer-linux-ubuntu22_x86_64-7.3.2-20220804-6354275  User: oesteban  Machine: dna020  Platform: Linux  PlatformVersion: 5.14.0-427.37.1.el9_4.x86_64  CompilerName: GCC  CompilerVersion: 8.4.0
ProgramName: mri_aparc2aseg  ProgramArguments: mri_aparc2aseg -all-info  ProgramVersion: 7.3.2  TimeStamp: 2026/03/12-17:28:03-GMT  BuildTime: Aug  4 2022 06:17:15  BuildStamp: freesurfer-linux-ubuntu22_x86_64-7.3.2-20220804-6354275  User: oesteban  Machine: dna020  Platform: Linux  PlatformVersion: 5.14.0-427.37.1.el9_4.x86_64  CompilerName: GCC  CompilerVersion: 8.4.0
ProgramName: mri_surf2volseg  ProgramArguments: mri_surf2volseg -all-info  ProgramVersion: 7.3.2  TimeStamp: 2026/03/12-17:28:03-GMT  BuildTime: Aug  4 2022 06:17:15  BuildStamp: freesurfer-linux-ubuntu22_x86_64-7.3.2-20220804-6354275  User: oesteban  Machine: dna020  Platform: Linux  PlatformVersion: 5.14.0-427.37.1.el9_4.x86_64  CompilerName: GCC  CompilerVersion: 8.4.0
ProgramName: mri_binarize  ProgramArguments: mri_binarize -all-info  ProgramVersion: 7.3.2  TimeStamp: 2026/03/12-17:28:03-GMT  BuildTime: Aug  4 2022 06:17:15  BuildStamp: freesurfer-linux-ubuntu22_x86_64-7.3.2-20220804-6354275  User: oesteban  Machine: dna020  Platform: Linux  PlatformVersion: 5.14.0-427.37.1.el9_4.x86_64  CompilerName: GCC  CompilerVersion: 8.4.0
ProgramName: mri_ca_label  ProgramArguments: mri_ca_label -all-info  ProgramVersion: 7.3.2  TimeStamp: 2026/03/12-17:28:03-GMT  BuildTime: Aug  4 2022 06:17:15  BuildStamp: freesurfer-linux-ubuntu22_x86_64-7.3.2-20220804-6354275  User: oesteban  Machine: dna020  Platform: Linux  PlatformVersion: 5.14.0-427.37.1.el9_4.x86_64  CompilerName: GCC  CompilerVersion: 8.4.0
ProgramName: mri_ca_normalize  ProgramArguments: mri_ca_normalize -all-info  ProgramVersion: 7.3.2  TimeStamp: 2026/03/12-17:28:03-GMT  BuildTime: Aug  4 2022 06:17:15  BuildStamp: freesurfer-linux-ubuntu22_x86_64-7.3.2-20220804-6354275  User: oesteban  Machine: dna020  Platform: Linux  PlatformVersion: 5.14.0-427.37.1.el9_4.x86_64  CompilerName: GCC  CompilerVersion: 8.4.0
ProgramName: mri_ca_register  ProgramArguments: mri_ca_register -all-info  ProgramVersion: 7.3.2  TimeStamp: 2026/03/12-17:28:03-GMT  BuildTime: Aug  4 2022 06:17:15  BuildStamp: freesurfer-linux-ubuntu22_x86_64-7.3.2-20220804-6354275  User: oesteban  Machine: dna020  Platform: Linux  PlatformVersion: 5.14.0-427.37.1.el9_4.x86_64  CompilerName: GCC  CompilerVersion: 8.4.0
ProgramName: mri_cc  ProgramArguments: mri_cc -all-info  ProgramVersion: 7.3.2  TimeStamp: 2026/03/12-17:28:03-GMT  BuildTime: Aug  4 2022 06:17:15  BuildStamp: freesurfer-linux-ubuntu22_x86_64-7.3.2-20220804-6354275  User: oesteban  Machine: dna020  Platform: Linux  PlatformVersion: 5.14.0-427.37.1.el9_4.x86_64  CompilerName: GCC  CompilerVersion: 8.4.0
ProgramName: mri_compute_overlap  ProgramArguments: mri_compute_overlap -all-info  ProgramVersion: 7.3.2  TimeStamp: 2026/03/12-17:28:03-GMT  BuildTime: Aug  4 2022 06:17:15  BuildStamp: freesurfer-linux-ubuntu22_x86_64-7.3.2-20220804-6354275  User: oesteban  Machine: dna020  Platform: Linux  PlatformVersion: 5.14.0-427.37.1.el9_4.x86_64  CompilerName: GCC  CompilerVersion: 8.4.0
ProgramName: mri_compute_seg_overlap  ProgramArguments: mri_compute_seg_overlap -all-info  ProgramVersion: 7.3.2  TimeStamp: 2026/03/12-17:28:03-GMT  BuildTime: Aug  4 2022 06:17:15  BuildStamp: freesurfer-linux-ubuntu22_x86_64-7.3.2-20220804-6354275  User: oesteban  Machine: dna020  Platform: Linux  PlatformVersion: 5.14.0-427.37.1.el9_4.x86_64  CompilerName: GCC  CompilerVersion: 8.4.0
ProgramName: mri_concat  ProgramArguments: mri_concat -all-info  ProgramVersion: 7.3.2  TimeStamp: 2026/03/12-17:28:03-GMT  BuildTime: Aug  4 2022 06:17:15  BuildStamp: freesurfer-linux-ubuntu22_x86_64-7.3.2-20220804-6354275  User: oesteban  Machine: dna020  Platform: Linux  PlatformVersion: 5.14.0-427.37.1.el9_4.x86_64  CompilerName: GCC  CompilerVersion: 8.4.0
ProgramName: mri_concatenate_lta  ProgramArguments: mri_concatenate_lta -all-info  ProgramVersion: 7.3.2  TimeStamp: 2026/03/12-17:28:03-GMT  BuildTime: Aug  4 2022 06:17:15  BuildStamp: freesurfer-linux-ubuntu22_x86_64-7.3.2-20220804-6354275  User: oesteban  Machine: dna020  Platform: Linux  PlatformVersion: 5.14.0-427.37.1.el9_4.x86_64  CompilerName: GCC  CompilerVersion: 8.4.0
mri_convert -all-info 
ProgramName: mri_convert  ProgramArguments: mri_convert -all-info  ProgramVersion: 7.3.2  TimeStamp: 2026/03/12-17:28:03-GMT  BuildTime: Aug  4 2022 06:17:15  BuildStamp: freesurfer-linux-ubuntu22_x86_64-7.3.2-20220804-6354275  User: oesteban  Machine: dna020  Platform: Linux  PlatformVersion: 5.14.0-427.37.1.el9_4.x86_64  CompilerName: GCC  CompilerVersion: 8.4.0
ProgramName: mri_diff  ProgramArguments: mri_diff -all-info  ProgramVersion: 7.3.2  TimeStamp: 2026/03/12-17:28:03-GMT  BuildTime: Aug  4 2022 06:17:15  BuildStamp: freesurfer-linux-ubuntu22_x86_64-7.3.2-20220804-6354275  User: oesteban  Machine: dna020  Platform: Linux  PlatformVersion: 5.14.0-427.37.1.el9_4.x86_64  CompilerName: GCC  CompilerVersion: 8.4.0
ProgramName: mri_edit_wm_with_aseg  ProgramArguments: mri_edit_wm_with_aseg -all-info  ProgramVersion: 7.3.2  TimeStamp: 2026/03/12-17:28:03-GMT  BuildTime: Aug  4 2022 06:17:15  BuildStamp: freesurfer-linux-ubuntu22_x86_64-7.3.2-20220804-6354275  User: oesteban  Machine: dna020  Platform: Linux  PlatformVersion: 5.14.0-427.37.1.el9_4.x86_64  CompilerName: GCC  CompilerVersion: 8.4.0
ProgramName: mri_em_register  ProgramArguments: mri_em_register -all-info  ProgramVersion: 7.3.2  TimeStamp: 2026/03/12-17:28:03-GMT  BuildTime: Aug  4 2022 06:17:15  BuildStamp: freesurfer-linux-ubuntu22_x86_64-7.3.2-20220804-6354275  User: oesteban  Machine: dna020  Platform: Linux  PlatformVersion: 5.14.0-427.37.1.el9_4.x86_64  CompilerName: GCC  CompilerVersion: 8.4.0
ProgramName: mri_fill  ProgramArguments: mri_fill -all-info  ProgramVersion: 7.3.2  TimeStamp: 2026/03/12-17:28:03-GMT  BuildTime: Aug  4 2022 06:17:15  BuildStamp: freesurfer-linux-ubuntu22_x86_64-7.3.2-20220804-6354275  User: oesteban  Machine: dna020  Platform: Linux  PlatformVersion: 5.14.0-427.37.1.el9_4.x86_64  CompilerName: GCC  CompilerVersion: 8.4.0
ProgramName: mri_fuse_segmentations  ProgramArguments: mri_fuse_segmentations -all-info  ProgramVersion: 7.3.2  TimeStamp: 2026/03/12-17:28:03-GMT  BuildTime: Aug  4 2022 06:17:15  BuildStamp: freesurfer-linux-ubuntu22_x86_64-7.3.2-20220804-6354275  User: oesteban  Machine: dna020  Platform: Linux  PlatformVersion: 5.14.0-427.37.1.el9_4.x86_64  CompilerName: GCC  CompilerVersion: 8.4.0
ProgramName: mri_fwhm  ProgramArguments: mri_fwhm -all-info  ProgramVersion: 7.3.2  TimeStamp: 2026/03/12-17:28:03-GMT  BuildTime: Aug  4 2022 06:17:15  BuildStamp: freesurfer-linux-ubuntu22_x86_64-7.3.2-20220804-6354275  User: oesteban  Machine: dna020  Platform: Linux  PlatformVersion: 5.14.0-427.37.1.el9_4.x86_64  CompilerName: GCC  CompilerVersion: 8.4.0
ProgramName: mri_gcut  ProgramArguments: mri_gcut -all-info  ProgramVersion: 7.3.2  TimeStamp: 2026/03/12-17:28:03-GMT  BuildTime: Aug  4 2022 06:17:15  BuildStamp: freesurfer-linux-ubuntu22_x86_64-7.3.2-20220804-6354275  User: oesteban  Machine: dna020  Platform: Linux  PlatformVersion: 5.14.0-427.37.1.el9_4.x86_64  CompilerName: GCC  CompilerVersion: 8.4.0
ProgramName: mri_info  ProgramArguments: mri_info -all-info  ProgramVersion: 7.3.2  TimeStamp: 2026/03/12-17:28:03-GMT  BuildTime: Aug  4 2022 06:17:15  BuildStamp: freesurfer-linux-ubuntu22_x86_64-7.3.2-20220804-6354275  User: oesteban  Machine: dna020  Platform: Linux  PlatformVersion: 5.14.0-427.37.1.el9_4.x86_64  CompilerName: GCC  CompilerVersion: 8.4.0
ProgramName: mri_label2label  ProgramArguments: mri_label2label -all-info  ProgramVersion: 7.3.2  TimeStamp: 2026/03/12-17:28:03-GMT  BuildTime: Aug  4 2022 06:17:15  BuildStamp: freesurfer-linux-ubuntu22_x86_64-7.3.2-20220804-6354275  User: oesteban  Machine: dna020  Platform: Linux  PlatformVersion: 5.14.0-427.37.1.el9_4.x86_64  CompilerName: GCC  CompilerVersion: 8.4.0
ProgramName: mri_label2vol  ProgramArguments: mri_label2vol -all-info  ProgramVersion: 7.3.2  TimeStamp: 2026/03/12-17:28:03-GMT  BuildTime: Aug  4 2022 06:17:15  BuildStamp: freesurfer-linux-ubuntu22_x86_64-7.3.2-20220804-6354275  User: oesteban  Machine: dna020  Platform: Linux  PlatformVersion: 5.14.0-427.37.1.el9_4.x86_64  CompilerName: GCC  CompilerVersion: 8.4.0
ProgramName: mri_log_likelihood  ProgramArguments: mri_log_likelihood -all-info  ProgramVersion: 7.3.2  TimeStamp: 2026/03/12-17:28:03-GMT  BuildTime: Aug  4 2022 06:17:15  BuildStamp: freesurfer-linux-ubuntu22_x86_64-7.3.2-20220804-6354275  User: oesteban  Machine: dna020  Platform: Linux  PlatformVersion: 5.14.0-427.37.1.el9_4.x86_64  CompilerName: GCC  CompilerVersion: 8.4.0
ProgramName: mri_mask  ProgramArguments: mri_mask -all-info  ProgramVersion: 7.3.2  TimeStamp: 2026/03/12-17:28:03-GMT  BuildTime: Aug  4 2022 06:17:15  BuildStamp: freesurfer-linux-ubuntu22_x86_64-7.3.2-20220804-6354275  User: oesteban  Machine: dna020  Platform: Linux  PlatformVersion: 5.14.0-427.37.1.el9_4.x86_64  CompilerName: GCC  CompilerVersion: 8.4.0
ProgramName: mri_matrix_multiply  ProgramArguments: mri_matrix_multiply -all-info  ProgramVersion: 7.3.2  TimeStamp: 2026/03/12-17:28:03-GMT  BuildTime: Aug  4 2022 06:17:15  BuildStamp: freesurfer-linux-ubuntu22_x86_64-7.3.2-20220804-6354275  User: oesteban  Machine: dna020  Platform: Linux  PlatformVersion: 5.14.0-427.37.1.el9_4.x86_64  CompilerName: GCC  CompilerVersion: 8.4.0
ProgramName: mri_normalize  ProgramArguments: mri_normalize -all-info  ProgramVersion: 7.3.2  TimeStamp: 2026/03/12-17:28:03-GMT  BuildTime: Aug  4 2022 06:17:15  BuildStamp: freesurfer-linux-ubuntu22_x86_64-7.3.2-20220804-6354275  User: oesteban  Machine: dna020  Platform: Linux  PlatformVersion: 5.14.0-427.37.1.el9_4.x86_64  CompilerName: GCC  CompilerVersion: 8.4.0
ProgramName: mri_normalize_tp2  ProgramArguments: mri_normalize_tp2 -all-info  ProgramVersion: 7.3.2  TimeStamp: 2026/03/12-17:28:03-GMT  BuildTime: Aug  4 2022 06:17:15  BuildStamp: freesurfer-linux-ubuntu22_x86_64-7.3.2-20220804-6354275  User: oesteban  Machine: dna020  Platform: Linux  PlatformVersion: 5.14.0-427.37.1.el9_4.x86_64  CompilerName: GCC  CompilerVersion: 8.4.0
ProgramName: mri_or  ProgramArguments: mri_or -all-info  ProgramVersion: 7.3.2  TimeStamp: 2026/03/12-17:28:03-GMT  BuildTime: Aug  4 2022 06:17:15  BuildStamp: freesurfer-linux-ubuntu22_x86_64-7.3.2-20220804-6354275  User: oesteban  Machine: dna020  Platform: Linux  PlatformVersion: 5.14.0-427.37.1.el9_4.x86_64  CompilerName: GCC  CompilerVersion: 8.4.0
ProgramName: mri_relabel_hypointensities  ProgramArguments: mri_relabel_hypointensities -all-info  ProgramVersion: 7.3.2  TimeStamp: 2026/03/12-17:28:03-GMT  BuildTime: Aug  4 2022 06:17:15  BuildStamp: freesurfer-linux-ubuntu22_x86_64-7.3.2-20220804-6354275  User: oesteban  Machine: dna020  Platform: Linux  PlatformVersion: 5.14.0-427.37.1.el9_4.x86_64  CompilerName: GCC  CompilerVersion: 8.4.0
ProgramName: mri_relabel_nonwm_hypos  ProgramArguments: mri_relabel_nonwm_hypos -all-info  ProgramVersion: 7.3.2  TimeStamp: 2026/03/12-17:28:03-GMT  BuildTime: Aug  4 2022 06:17:15  BuildStamp: freesurfer-linux-ubuntu22_x86_64-7.3.2-20220804-6354275  User: oesteban  Machine: dna020  Platform: Linux  PlatformVersion: 5.14.0-427.37.1.el9_4.x86_64  CompilerName: GCC  CompilerVersion: 8.4.0
ProgramName: mri_remove_neck  ProgramArguments: mri_remove_neck -all-info  ProgramVersion: 7.3.2  TimeStamp: 2026/03/12-17:28:03-GMT  BuildTime: Aug  4 2022 06:17:15  BuildStamp: freesurfer-linux-ubuntu22_x86_64-7.3.2-20220804-6354275  User: oesteban  Machine: dna020  Platform: Linux  PlatformVersion: 5.14.0-427.37.1.el9_4.x86_64  CompilerName: GCC  CompilerVersion: 8.4.0
7.3.2

ProgramName: mri_robust_register  ProgramArguments: mri_robust_register -all-info  ProgramVersion: 7.3.2  TimeStamp: 2026/03/12-17:28:03-GMT  BuildTime: Aug  4 2022 06:17:15  BuildStamp: freesurfer-linux-ubuntu22_x86_64-7.3.2-20220804-6354275  User: oesteban  Machine: dna020  Platform: Linux  PlatformVersion: 5.14.0-427.37.1.el9_4.x86_64  CompilerName: GCC  CompilerVersion: 8.4.0
7.3.2

ProgramName: mri_robust_template  ProgramArguments: mri_robust_template -all-info  ProgramVersion: 7.3.2  TimeStamp: 2026/03/12-17:28:03-GMT  BuildTime: Aug  4 2022 06:17:15  BuildStamp: freesurfer-linux-ubuntu22_x86_64-7.3.2-20220804-6354275  User: oesteban  Machine: dna020  Platform: Linux  PlatformVersion: 5.14.0-427.37.1.el9_4.x86_64  CompilerName: GCC  CompilerVersion: 8.4.0
ProgramName: mris_anatomical_stats  ProgramArguments: mris_anatomical_stats -all-info  ProgramVersion: 7.3.2  TimeStamp: 2026/03/12-17:28:03-GMT  BuildTime: Aug  4 2022 06:17:15  BuildStamp: freesurfer-linux-ubuntu22_x86_64-7.3.2-20220804-6354275  User: oesteban  Machine: dna020  Platform: Linux  PlatformVersion: 5.14.0-427.37.1.el9_4.x86_64  CompilerName: GCC  CompilerVersion: 8.4.0
ProgramName: mris_ca_label  ProgramArguments: mris_ca_label -all-info  ProgramVersion: 7.3.2  TimeStamp: 2026/03/12-17:28:03-GMT  BuildTime: Aug  4 2022 06:17:15  BuildStamp: freesurfer-linux-ubuntu22_x86_64-7.3.2-20220804-6354275  User: oesteban  Machine: dna020  Platform: Linux  PlatformVersion: 5.14.0-427.37.1.el9_4.x86_64  CompilerName: GCC  CompilerVersion: 8.4.0
ProgramName: mris_calc  ProgramArguments: mris_calc -all-info  ProgramVersion: 7.3.2  TimeStamp: 2026/03/12-17:28:03-GMT  BuildTime: Aug  4 2022 06:17:15  BuildStamp: freesurfer-linux-ubuntu22_x86_64-7.3.2-20220804-6354275  User: oesteban  Machine: dna020  Platform: Linux  PlatformVersion: 5.14.0-427.37.1.el9_4.x86_64  CompilerName: GCC  CompilerVersion: 8.4.0
ProgramName: mris_convert  ProgramArguments: mris_convert -all-info  ProgramVersion: 7.3.2  TimeStamp: 2026/03/12-17:28:03-GMT  BuildTime: Aug  4 2022 06:17:15  BuildStamp: freesurfer-linux-ubuntu22_x86_64-7.3.2-20220804-6354275  User: oesteban  Machine: dna020  Platform: Linux  PlatformVersion: 5.14.0-427.37.1.el9_4.x86_64  CompilerName: GCC  CompilerVersion: 8.4.0
ProgramName: mris_curvature  ProgramArguments: mris_curvature -all-info  ProgramVersion: 7.3.2  TimeStamp: 2026/03/12-17:28:03-GMT  BuildTime: Aug  4 2022 06:17:15  BuildStamp: freesurfer-linux-ubuntu22_x86_64-7.3.2-20220804-6354275  User: oesteban  Machine: dna020  Platform: Linux  PlatformVersion: 5.14.0-427.37.1.el9_4.x86_64  CompilerName: GCC  CompilerVersion: 8.4.0
ProgramName: mris_curvature_stats  ProgramArguments: mris_curvature_stats -all-info  ProgramVersion: 7.3.2  TimeStamp: 2026/03/12-17:28:03-GMT  BuildTime: Aug  4 2022 06:17:15  BuildStamp: freesurfer-linux-ubuntu22_x86_64-7.3.2-20220804-6354275  User: oesteban  Machine: dna020  Platform: Linux  PlatformVersion: 5.14.0-427.37.1.el9_4.x86_64  CompilerName: GCC  CompilerVersion: 8.4.0
ProgramName: mris_diff  ProgramArguments: mris_diff -all-info  ProgramVersion: 7.3.2  TimeStamp: 2026/03/12-17:28:03-GMT  BuildTime: Aug  4 2022 06:17:15  BuildStamp: freesurfer-linux-ubuntu22_x86_64-7.3.2-20220804-6354275  User: oesteban  Machine: dna020  Platform: Linux  PlatformVersion: 5.14.0-427.37.1.el9_4.x86_64  CompilerName: GCC  CompilerVersion: 8.4.0
ProgramName: mris_divide_parcellation  ProgramArguments: mris_divide_parcellation -all-info  ProgramVersion: 7.3.2  TimeStamp: 2026/03/12-17:28:03-GMT  BuildTime: Aug  4 2022 06:17:15  BuildStamp: freesurfer-linux-ubuntu22_x86_64-7.3.2-20220804-6354275  User: oesteban  Machine: dna020  Platform: Linux  PlatformVersion: 5.14.0-427.37.1.el9_4.x86_64  CompilerName: GCC  CompilerVersion: 8.4.0
ProgramName: mri_segment  ProgramArguments: mri_segment -all-info  ProgramVersion: 7.3.2  TimeStamp: 2026/03/12-17:28:03-GMT  BuildTime: Aug  4 2022 06:17:15  BuildStamp: freesurfer-linux-ubuntu22_x86_64-7.3.2-20220804-6354275  User: oesteban  Machine: dna020  Platform: Linux  PlatformVersion: 5.14.0-427.37.1.el9_4.x86_64  CompilerName: GCC  CompilerVersion: 8.4.0
ProgramName: mri_segstats  ProgramArguments: mri_segstats -all-info  ProgramVersion: 7.3.2  TimeStamp: 2026/03/12-17:28:03-GMT  BuildTime: Aug  4 2022 06:17:15  BuildStamp: freesurfer-linux-ubuntu22_x86_64-7.3.2-20220804-6354275  User: oesteban  Machine: dna020  Platform: Linux  PlatformVersion: 5.14.0-427.37.1.el9_4.x86_64  CompilerName: GCC  CompilerVersion: 8.4.0
ProgramName: mris_euler_number  ProgramArguments: mris_euler_number -all-info  ProgramVersion: 7.3.2  TimeStamp: 2026/03/12-17:28:03-GMT  BuildTime: Aug  4 2022 06:17:15  BuildStamp: freesurfer-linux-ubuntu22_x86_64-7.3.2-20220804-6354275  User: oesteban  Machine: dna020  Platform: Linux  PlatformVersion: 5.14.0-427.37.1.el9_4.x86_64  CompilerName: GCC  CompilerVersion: 8.4.0
ProgramName: mris_fix_topology  ProgramArguments: mris_fix_topology -all-info  ProgramVersion: 7.3.2  TimeStamp: 2026/03/12-17:28:03-GMT  BuildTime: Aug  4 2022 06:17:15  BuildStamp: freesurfer-linux-ubuntu22_x86_64-7.3.2-20220804-6354275  User: oesteban  Machine: dna020  Platform: Linux  PlatformVersion: 5.14.0-427.37.1.el9_4.x86_64  CompilerName: GCC  CompilerVersion: 8.4.0
ProgramName: mris_topo_fixer  ProgramArguments: mris_topo_fixer -all-info  ProgramVersion: 7.3.2  TimeStamp: 2026/03/12-17:28:03-GMT  BuildTime: Aug  4 2022 06:17:15  BuildStamp: freesurfer-linux-ubuntu22_x86_64-7.3.2-20220804-6354275  User: oesteban  Machine: dna020  Platform: Linux  PlatformVersion: 5.14.0-427.37.1.el9_4.x86_64  CompilerName: GCC  CompilerVersion: 8.4.0
ProgramName: mris_jacobian  ProgramArguments: mris_jacobian -all-info  ProgramVersion: 7.3.2  TimeStamp: 2026/03/12-17:28:03-GMT  BuildTime: Aug  4 2022 06:17:15  BuildStamp: freesurfer-linux-ubuntu22_x86_64-7.3.2-20220804-6354275  User: oesteban  Machine: dna020  Platform: Linux  PlatformVersion: 5.14.0-427.37.1.el9_4.x86_64  CompilerName: GCC  CompilerVersion: 8.4.0
ProgramName: mris_label2annot  ProgramArguments: mris_label2annot -all-info  ProgramVersion: 7.3.2  TimeStamp: 2026/03/12-17:28:03-GMT  BuildTime: Aug  4 2022 06:17:15  BuildStamp: freesurfer-linux-ubuntu22_x86_64-7.3.2-20220804-6354275  User: oesteban  Machine: dna020  Platform: Linux  PlatformVersion: 5.14.0-427.37.1.el9_4.x86_64  CompilerName: GCC  CompilerVersion: 8.4.0
ProgramName: mris_left_right_register  ProgramArguments: mris_left_right_register -all-info  ProgramVersion: 7.3.2  TimeStamp: 2026/03/12-17:28:03-GMT  BuildTime: Aug  4 2022 06:17:15  BuildStamp: freesurfer-linux-ubuntu22_x86_64-7.3.2-20220804-6354275  User: oesteban  Machine: dna020  Platform: Linux  PlatformVersion: 5.14.0-427.37.1.el9_4.x86_64  CompilerName: GCC  CompilerVersion: 8.4.0
ProgramName: mris_place_surface  ProgramArguments: mris_place_surface -all-info  ProgramVersion: 7.3.2  TimeStamp: 2026/03/12-17:28:03-GMT  BuildTime: Aug  4 2022 06:17:15  BuildStamp: freesurfer-linux-ubuntu22_x86_64-7.3.2-20220804-6354275  User: oesteban  Machine: dna020  Platform: Linux  PlatformVersion: 5.14.0-427.37.1.el9_4.x86_64  CompilerName: GCC  CompilerVersion: 8.4.0
ProgramName: mrisp_paint  ProgramArguments: mrisp_paint -all-info  ProgramVersion: 7.3.2  TimeStamp: 2026/03/12-17:28:03-GMT  BuildTime: Aug  4 2022 06:17:15  BuildStamp: freesurfer-linux-ubuntu22_x86_64-7.3.2-20220804-6354275  User: oesteban  Machine: dna020  Platform: Linux  PlatformVersion: 5.14.0-427.37.1.el9_4.x86_64  CompilerName: GCC  CompilerVersion: 8.4.0
ProgramName: mris_register  ProgramArguments: mris_register -all-info  ProgramVersion: 7.3.2  TimeStamp: 2026/03/12-17:28:03-GMT  BuildTime: Aug  4 2022 06:17:15  BuildStamp: freesurfer-linux-ubuntu22_x86_64-7.3.2-20220804-6354275  User: oesteban  Machine: dna020  Platform: Linux  PlatformVersion: 5.14.0-427.37.1.el9_4.x86_64  CompilerName: GCC  CompilerVersion: 8.4.0
ProgramName: mris_smooth  ProgramArguments: mris_smooth -all-info  ProgramVersion: 7.3.2  TimeStamp: 2026/03/12-17:28:03-GMT  BuildTime: Aug  4 2022 06:17:15  BuildStamp: freesurfer-linux-ubuntu22_x86_64-7.3.2-20220804-6354275  User: oesteban  Machine: dna020  Platform: Linux  PlatformVersion: 5.14.0-427.37.1.el9_4.x86_64  CompilerName: GCC  CompilerVersion: 8.4.0
ProgramName: mris_sphere  ProgramArguments: mris_sphere -all-info  ProgramVersion: 7.3.2  TimeStamp: 2026/03/12-17:28:03-GMT  BuildTime: Aug  4 2022 06:17:15  BuildStamp: freesurfer-linux-ubuntu22_x86_64-7.3.2-20220804-6354275  User: oesteban  Machine: dna020  Platform: Linux  PlatformVersion: 5.14.0-427.37.1.el9_4.x86_64  CompilerName: GCC  CompilerVersion: 8.4.0
ProgramName: mris_surface_stats  ProgramArguments: mris_surface_stats -all-info  ProgramVersion: 7.3.2  TimeStamp: 2026/03/12-17:28:03-GMT  BuildTime: Aug  4 2022 06:17:15  BuildStamp: freesurfer-linux-ubuntu22_x86_64-7.3.2-20220804-6354275  User: oesteban  Machine: dna020  Platform: Linux  PlatformVersion: 5.14.0-427.37.1.el9_4.x86_64  CompilerName: GCC  CompilerVersion: 8.4.0
ProgramName: mri_stats2seg  ProgramArguments: mri_stats2seg -all-info  ProgramVersion: 7.3.2  TimeStamp: 2026/03/12-17:28:03-GMT  BuildTime: Aug  4 2022 06:17:15  BuildStamp: freesurfer-linux-ubuntu22_x86_64-7.3.2-20220804-6354275  User: oesteban  Machine: dna020  Platform: Linux  PlatformVersion: 5.14.0-427.37.1.el9_4.x86_64  CompilerName: GCC  CompilerVersion: 8.4.0
ProgramName: mris_thickness  ProgramArguments: mris_thickness -all-info  ProgramVersion: 7.3.2  TimeStamp: 2026/03/12-17:28:03-GMT  BuildTime: Aug  4 2022 06:17:15  BuildStamp: freesurfer-linux-ubuntu22_x86_64-7.3.2-20220804-6354275  User: oesteban  Machine: dna020  Platform: Linux  PlatformVersion: 5.14.0-427.37.1.el9_4.x86_64  CompilerName: GCC  CompilerVersion: 8.4.0
ProgramName: mris_thickness_diff  ProgramArguments: mris_thickness_diff -all-info  ProgramVersion: 7.3.2  TimeStamp: 2026/03/12-17:28:03-GMT  BuildTime: Aug  4 2022 06:17:15  BuildStamp: freesurfer-linux-ubuntu22_x86_64-7.3.2-20220804-6354275  User: oesteban  Machine: dna020  Platform: Linux  PlatformVersion: 5.14.0-427.37.1.el9_4.x86_64  CompilerName: GCC  CompilerVersion: 8.4.0
ProgramName: mris_topo_fixer  ProgramArguments: mris_topo_fixer -all-info  ProgramVersion: 7.3.2  TimeStamp: 2026/03/12-17:28:03-GMT  BuildTime: Aug  4 2022 06:17:15  BuildStamp: freesurfer-linux-ubuntu22_x86_64-7.3.2-20220804-6354275  User: oesteban  Machine: dna020  Platform: Linux  PlatformVersion: 5.14.0-427.37.1.el9_4.x86_64  CompilerName: GCC  CompilerVersion: 8.4.0
ProgramName: mri_surf2surf  ProgramArguments: mri_surf2surf -all-info  ProgramVersion: 7.3.2  TimeStamp: 2026/03/12-17:28:03-GMT  BuildTime: Aug  4 2022 06:17:15  BuildStamp: freesurfer-linux-ubuntu22_x86_64-7.3.2-20220804-6354275  User: oesteban  Machine: dna020  Platform: Linux  PlatformVersion: 5.14.0-427.37.1.el9_4.x86_64  CompilerName: GCC  CompilerVersion: 8.4.0
ProgramName: mri_surf2vol  ProgramArguments: mri_surf2vol -all-info  ProgramVersion: 7.3.2  TimeStamp: 2026/03/12-17:28:03-GMT  BuildTime: Aug  4 2022 06:17:15  BuildStamp: freesurfer-linux-ubuntu22_x86_64-7.3.2-20220804-6354275  User: oesteban  Machine: dna020  Platform: Linux  PlatformVersion: 5.14.0-427.37.1.el9_4.x86_64  CompilerName: GCC  CompilerVersion: 8.4.0
ProgramName: mri_surfcluster  ProgramArguments: mri_surfcluster -all-info  ProgramVersion: 7.3.2  TimeStamp: 2026/03/12-17:28:03-GMT  BuildTime: Aug  4 2022 06:17:15  BuildStamp: freesurfer-linux-ubuntu22_x86_64-7.3.2-20220804-6354275  User: oesteban  Machine: dna020  Platform: Linux  PlatformVersion: 5.14.0-427.37.1.el9_4.x86_64  CompilerName: GCC  CompilerVersion: 8.4.0
ProgramName: mris_volmask  ProgramArguments: mris_volmask -all-info  ProgramVersion: 7.3.2  TimeStamp: 2026/03/12-17:28:03-GMT  BuildTime: Aug  4 2022 06:17:15  BuildStamp: freesurfer-linux-ubuntu22_x86_64-7.3.2-20220804-6354275  User: oesteban  Machine: dna020  Platform: Linux  PlatformVersion: 5.14.0-427.37.1.el9_4.x86_64  CompilerName: GCC  CompilerVersion: 8.4.0
ProgramName: mri_tessellate  ProgramArguments: mri_tessellate -all-info  ProgramVersion: 7.3.2  TimeStamp: 2026/03/12-17:28:03-GMT  BuildTime: Aug  4 2022 06:17:15  BuildStamp: freesurfer-linux-ubuntu22_x86_64-7.3.2-20220804-6354275  User: oesteban  Machine: dna020  Platform: Linux  PlatformVersion: 5.14.0-427.37.1.el9_4.x86_64  CompilerName: GCC  CompilerVersion: 8.4.0
ProgramName: mri_vol2surf  ProgramArguments: mri_vol2surf -all-info  ProgramVersion: 7.3.2  TimeStamp: 2026/03/12-17:28:03-GMT  BuildTime: Aug  4 2022 06:17:15  BuildStamp: freesurfer-linux-ubuntu22_x86_64-7.3.2-20220804-6354275  User: oesteban  Machine: dna020  Platform: Linux  PlatformVersion: 5.14.0-427.37.1.el9_4.x86_64  CompilerName: GCC  CompilerVersion: 8.4.0
ProgramName: mri_vol2vol  ProgramArguments: mri_vol2vol -all-info  ProgramVersion: 7.3.2  TimeStamp: 2026/03/12-17:28:03-GMT  BuildTime: Aug  4 2022 06:17:15  BuildStamp: freesurfer-linux-ubuntu22_x86_64-7.3.2-20220804-6354275  User: oesteban  Machine: dna020  Platform: Linux  PlatformVersion: 5.14.0-427.37.1.el9_4.x86_64  CompilerName: GCC  CompilerVersion: 8.4.0
ProgramName: mri_voldiff  ProgramArguments: mri_voldiff -all-info  ProgramVersion: 7.3.2  TimeStamp: 2026/03/12-17:28:03-GMT  BuildTime: Aug  4 2022 06:17:15  BuildStamp: freesurfer-linux-ubuntu22_x86_64-7.3.2-20220804-6354275  User: oesteban  Machine: dna020  Platform: Linux  PlatformVersion: 5.14.0-427.37.1.el9_4.x86_64  CompilerName: GCC  CompilerVersion: 8.4.0
ProgramName: mri_watershed  ProgramArguments: mri_watershed -all-info  ProgramVersion: 7.3.2  TimeStamp: 2026/03/12-17:28:03-GMT  BuildTime: Aug  4 2022 06:17:15  BuildStamp: freesurfer-linux-ubuntu22_x86_64-7.3.2-20220804-6354275  User: oesteban  Machine: dna020  Platform: Linux  PlatformVersion: 5.14.0-427.37.1.el9_4.x86_64  CompilerName: GCC  CompilerVersion: 8.4.0
ProgramName: tkregister2  ProgramArguments: tkregister2_cmdl -all-info  ProgramVersion: 7.3.2  TimeStamp: 2026/03/12-17:28:03-GMT  BuildTime: Aug  4 2022 06:17:15  BuildStamp: freesurfer-linux-ubuntu22_x86_64-7.3.2-20220804-6354275  User: oesteban  Machine: dna020  Platform: Linux  PlatformVersion: 5.14.0-427.37.1.el9_4.x86_64  CompilerName: GCC  CompilerVersion: 8.4.0
mri_motion_correct.fsl 7.3.2
mri_convert -all-info 
ProgramName: mri_convert  ProgramArguments: mri_convert -all-info  ProgramVersion: 7.3.2  TimeStamp: 2026/03/12-17:28:03-GMT  BuildTime: Aug  4 2022 06:17:15  BuildStamp: freesurfer-linux-ubuntu22_x86_64-7.3.2-20220804-6354275  User: oesteban  Machine: dna020  Platform: Linux  PlatformVersion: 5.14.0-427.37.1.el9_4.x86_64  CompilerName: GCC  CompilerVersion: 8.4.0
Program nu_correct, built from:
Package MNI N3, version 1.12.0, compiled by nicks@terrier (x86_64-unknown-linux-gnu) on 2015-06-19 at 01:25:34
#######################################
GCADIR /opt/freesurfer/average
GCA RB_all_2020-01-02.gca
GCASkull RB_all_withskull_2020_01_02.gca
AvgCurvTif folding.atlas.acfb40.noaparc.i12.2016-08-02.tif
GCSDIR /opt/freesurfer/average
GCS DKaparc.atlas.acfb40.noaparc.i12.2016-08-02.gcs
#######################################
#--------------------------------------
#@# CA Normalize Thu Mar 12 18:28:03 CET 2026
/out/sourcedata/freesurfer/sub-v1s20x0050348_ses-1/mri

 mri_ca_normalize -c ctrl_pts.mgz -mask brainmask.mgz nu.mgz /opt/freesurfer/average/RB_all_2020-01-02.gca transforms/talairach.lta norm.mgz 

writing control point volume to ctrl_pts.mgz
using MR volume brainmask.mgz to mask input volume...
reading 1 input volume
reading atlas from '/opt/freesurfer/average/RB_all_2020-01-02.gca'...
reading transform from 'transforms/talairach.lta'...
reading input volume from nu.mgz...
resetting wm mean[0]: 98 --> 107
resetting gm mean[0]: 61 --> 61
input volume #1 is the most T1-like
using real data threshold=24.9
skull bounding box = (60, 77, 24) --> (187, 188, 187)
finding center of left hemi white matter
using (102, 114, 106) as brain centroid of Right_Cerebral_White_Matter...
mean wm in atlas = 107, using box (86,100,86) --> (117, 127,126) to find MRI wm
before smoothing, mri peak at 106
robust fit to distribution - 106 +- 4.0
after smoothing, mri peak at 106, scaling input intensities by 1.009
scaling channel 0 by 1.00943
using 246437 sample points...
INFO: compute sample coordinates transform
 1.07664  -0.06328   0.03495  -2.59682;
 0.05158   1.22982   0.03326  -54.34999;
-0.03766  -0.03836   1.05458   7.87271;
 0.00000   0.00000   0.00000   1.00000;
INFO: transform used
finding control points in Left_Cerebral_White_Matter....
found 40230 control points for structure...
bounding box (124, 78, 27) --> (186, 173, 186)
Left_Cerebral_White_Matter: limiting intensities to 94.0 --> 132.0
0 of 6309 (0.0%) samples deleted
finding control points in Right_Cerebral_White_Matter....
found 39478 control points for structure...
bounding box (64, 79, 26) --> (125, 177, 186)
Right_Cerebral_White_Matter: limiting intensities to 94.0 --> 132.0
0 of 5424 (0.0%) samples deleted
finding control points in Left_Cerebellum_White_Matter....
found 3105 control points for structure...
bounding box (128, 146, 49) --> (174, 183, 101)
Left_Cerebellum_White_Matter: limiting intensities to 89.0 --> 132.0
0 of 227 (0.0%) samples deleted
finding control points in Right_Cerebellum_White_Matter....
found 2710 control points for structure...
bounding box (87, 146, 46) --> (127, 184, 101)
Right_Cerebellum_White_Matter: limiting intensities to 88.0 --> 132.0
0 of 148 (0.0%) samples deleted
finding control points in Brain_Stem....
found 3475 control points for structure...
bounding box (110, 142, 83) --> (143, 198, 112)
Brain_Stem: limiting intensities to 103.0 --> 132.0
101 of 209 (48.3%) samples deleted
using 12317 total control points for intensity normalization...
bias field = 0.979 +- 0.055
41 of 12216 control points discarded
finding control points in Left_Cerebral_White_Matter....
found 40230 control points for structure...
bounding box (124, 78, 27) --> (186, 173, 186)
Left_Cerebral_White_Matter: limiting intensities to 88.0 --> 132.0
0 of 6707 (0.0%) samples deleted
finding control points in Right_Cerebral_White_Matter....
found 39478 control points for structure...
bounding box (64, 79, 26) --> (125, 177, 186)
Right_Cerebral_White_Matter: limiting intensities to 88.0 --> 132.0
1 of 5883 (0.0%) samples deleted
finding control points in Left_Cerebellum_White_Matter....
found 3105 control points for structure...
bounding box (128, 146, 49) --> (174, 183, 101)
Left_Cerebellum_White_Matter: limiting intensities to 88.0 --> 132.0
73 of 293 (24.9%) samples deleted
finding control points in Right_Cerebellum_White_Matter....
found 2710 control points for structure...
bounding box (87, 146, 46) --> (127, 184, 101)
Right_Cerebellum_White_Matter: limiting intensities to 88.0 --> 132.0
64 of 190 (33.7%) samples deleted
finding control points in Brain_Stem....
found 3475 control points for structure...
bounding box (110, 142, 83) --> (143, 198, 112)
Brain_Stem: limiting intensities to 91.0 --> 132.0
140 of 362 (38.7%) samples deleted
using 13435 total control points for intensity normalization...
bias field = 1.046 +- 0.057
47 of 13032 control points discarded
finding control points in Left_Cerebral_White_Matter....
found 40230 control points for structure...
bounding box (124, 78, 27) --> (186, 173, 186)
Left_Cerebral_White_Matter: limiting intensities to 88.0 --> 132.0
0 of 6520 (0.0%) samples deleted
finding control points in Right_Cerebral_White_Matter....
found 39478 control points for structure...
bounding box (64, 79, 26) --> (125, 177, 186)
Right_Cerebral_White_Matter: limiting intensities to 88.0 --> 132.0
1 of 5796 (0.0%) samples deleted
finding control points in Left_Cerebellum_White_Matter....
found 3105 control points for structure...
bounding box (128, 146, 49) --> (174, 183, 101)
Left_Cerebellum_White_Matter: limiting intensities to 88.0 --> 132.0
160 of 318 (50.3%) samples deleted
finding control points in Right_Cerebellum_White_Matter....
found 2710 control points for structure...
bounding box (87, 146, 46) --> (127, 184, 101)
Right_Cerebellum_White_Matter: limiting intensities to 88.0 --> 132.0
121 of 221 (54.8%) samples deleted
finding control points in Brain_Stem....
found 3475 control points for structure...
bounding box (110, 142, 83) --> (143, 198, 112)
Brain_Stem: limiting intensities to 88.0 --> 132.0
200 of 428 (46.7%) samples deleted
using 13283 total control points for intensity normalization...
bias field = 1.044 +- 0.053
39 of 12600 control points discarded
writing normalized volume to norm.mgz...
writing control points to ctrl_pts.mgz
freeing GCA...done.
normalization took 1 minutes and 20 seconds.
#--------------------------------------
#@# CA Reg Thu Mar 12 18:29:23 CET 2026
/out/sourcedata/freesurfer/sub-v1s20x0050348_ses-1/mri

 mri_ca_register -nobigventricles -T transforms/talairach.lta -align-after -mask brainmask.mgz norm.mgz /opt/freesurfer/average/RB_all_2020-01-02.gca transforms/talairach.m3z 

not handling expanded ventricles...
using previously computed transform transforms/talairach.lta
renormalizing sequences with structure alignment, equivalent to:
	-renormalize
	-regularize_mean 0.500
	-regularize 0.500
using MR volume brainmask.mgz to mask input volume...

== Number of threads available to mri_ca_register for OpenMP = 16 == 
reading 1 input volumes...
logging results to talairach.log
reading input volume 'norm.mgz'...
reading GCA '/opt/freesurfer/average/RB_all_2020-01-02.gca'...
label assignment complete, 0 changed (0.00%)
freeing gibbs priors...done.
average std[0] = 5.0
Starting GCAMregister()
label assignment complete, 0 changed (0.00%)
npasses = 1, nlevels = 6
#pass# 1 of 1 ************************
enabling zero nodes
setting smoothness cost coefficient to 0.156

#GCAMreg# pass 0 level1 5 level2 0 tsec 0 sigma 2
l_jacobian=1.00 l_label=1.00 l_log_likelihood=0.20 l_smoothness=0.16 
tol=2.50e-01, dt=5.00e-02, exp_k=20.0, momentum=0.90, levels=6, niter=500, lbl_dist=10.00, avgs=256, sigma=2.0,type=2, relabel=0, neg=no

blurring input image with Gaussian with sigma=2.000...
GCAMRegisterLevel(): init RMS 0.783844
#FOTS# QuadFit found better minimum quadopt=(dt=203.793,rms=0.746878) vs oldopt=(dt=92.48,rms=0.757987)
#GCMRL#    0 dt 203.792961 rms  0.747  4.716% neg 0  invalid 762 tFOTS 4.6030 tGradient 3.3460 tsec 8.3280
#FOTS# QuadFit found better minimum quadopt=(dt=163.47,rms=0.733697) vs oldopt=(dt=92.48,rms=0.73663)
#GCMRL#    1 dt 163.469880 rms  0.734  1.765% neg 0  invalid 762 tFOTS 4.5550 tGradient 3.0520 tsec 8.0080
#FOTS# QuadFit found better minimum quadopt=(dt=226.053,rms=0.725129) vs oldopt=(dt=369.92,rms=0.72812)
#GCMRL#    2 dt 226.052830 rms  0.725  1.168% neg 0  invalid 762 tFOTS 4.5050 tGradient 3.1200 tsec 7.9560
#FOTS# QuadFit found better minimum quadopt=(dt=129.62,rms=0.719935) vs oldopt=(dt=92.48,rms=0.720549)
#GCMRL#    3 dt 129.620253 rms  0.720  0.716% neg 0  invalid 762 tFOTS 4.4990 tGradient 2.9810 tsec 7.8160
#FOTS# QuadFit found better minimum quadopt=(dt=443.904,rms=0.713691) vs oldopt=(dt=369.92,rms=0.713897)
#GCMRL#    4 dt 443.904000 rms  0.714  0.867% neg 0  invalid 762 tFOTS 4.3480 tGradient 2.6460 tsec 7.3290
#FOTS# QuadFit found better minimum quadopt=(dt=97.0419,rms=0.709838) vs oldopt=(dt=92.48,rms=0.709871)
#GCMRL#    5 dt  97.041860 rms  0.710  0.540% neg 0  invalid 762 tFOTS 4.5240 tGradient 3.3480 tsec 8.1790
#FOTS# QuadFit found better minimum quadopt=(dt=2071.55,rms=0.695302) vs oldopt=(dt=1479.68,rms=0.697573)
#GCMRL#    6 dt 2071.552000 rms  0.695  2.048% neg 0  invalid 762 tFOTS 4.8070 tGradient 2.7760 tsec 7.9540
#FOTS# QuadFit found better minimum quadopt=(dt=129.472,rms=0.694811) vs oldopt=(dt=92.48,rms=0.694858)
#GCMRL#    7 dt 129.472000 rms  0.695  0.000% neg 0  invalid 762 tFOTS 4.4440 tGradient 2.7910 tsec 7.6240
#GCMRL#    8 dt 129.472000 rms  0.694  0.071% neg 0  invalid 762 tFOTS 0.0000 tGradient 2.7170 tsec 2.9990
#GCMRL#    9 dt 129.472000 rms  0.694  0.089% neg 0  invalid 762 tFOTS 0.0000 tGradient 2.7490 tsec 3.0520
#GCMRL#   10 dt 129.472000 rms  0.693  0.104% neg 0  invalid 762 tFOTS 0.0000 tGradient 2.8440 tsec 3.1570
#GCMRL#   11 dt 129.472000 rms  0.692  0.090% neg 0  invalid 762 tFOTS 0.0000 tGradient 2.6390 tsec 2.9440
#GCMRL#   12 dt 129.472000 rms  0.692  0.115% neg 0  invalid 762 tFOTS 0.0000 tGradient 2.7860 tsec 3.0970
#GCMRL#   13 dt 129.472000 rms  0.691  0.132% neg 0  invalid 762 tFOTS 0.0000 tGradient 2.7090 tsec 3.0160
#GCMRL#   14 dt 129.472000 rms  0.689  0.169% neg 0  invalid 762 tFOTS 0.0000 tGradient 2.7180 tsec 3.0320
#GCMRL#   15 dt 129.472000 rms  0.688  0.215% neg 0  invalid 762 tFOTS 0.0000 tGradient 2.7760 tsec 3.0860
#GCMRL#   16 dt 129.472000 rms  0.686  0.228% neg 0  invalid 762 tFOTS 0.0000 tGradient 3.0010 tsec 3.3120
#GCMRL#   17 dt 129.472000 rms  0.685  0.251% neg 0  invalid 762 tFOTS 0.0000 tGradient 2.7710 tsec 3.0780
#GCMRL#   18 dt 129.472000 rms  0.683  0.241% neg 0  invalid 762 tFOTS 0.0000 tGradient 3.0230 tsec 3.3320
#GCMRL#   19 dt 129.472000 rms  0.682  0.211% neg 0  invalid 762 tFOTS 0.0000 tGradient 2.8000 tsec 3.1400
#GCMRL#   20 dt 129.472000 rms  0.680  0.179% neg 0  invalid 762 tFOTS 0.0000 tGradient 2.7040 tsec 3.0170
#GCMRL#   21 dt 129.472000 rms  0.679  0.145% neg 0  invalid 762 tFOTS 0.0000 tGradient 2.7130 tsec 3.0370
#GCMRL#   22 dt 129.472000 rms  0.679  0.133% neg 0  invalid 762 tFOTS 0.0000 tGradient 3.1520 tsec 3.4650
#GCMRL#   23 dt 129.472000 rms  0.678  0.114% neg 0  invalid 762 tFOTS 0.0000 tGradient 2.8430 tsec 3.1880
#GCMRL#   24 dt 129.472000 rms  0.677  0.094% neg 0  invalid 762 tFOTS 0.0000 tGradient 2.8550 tsec 3.1710
#FOTS# QuadFit found better minimum quadopt=(dt=221.952,rms=0.677075) vs oldopt=(dt=369.92,rms=0.677087)
#GCMRL#   25 dt 221.952000 rms  0.677  0.000% neg 0  invalid 762 tFOTS 4.8670 tGradient 2.6210 tsec 7.8460
#GCMRL#   26 dt 221.952000 rms  0.677  0.019% neg 0  invalid 762 tFOTS 0.0000 tGradient 2.9070 tsec 3.2180
#GCMRL#   27 dt 221.952000 rms  0.677  0.017% neg 0  invalid 762 tFOTS 0.0000 tGradient 2.6170 tsec 2.9240

#GCAMreg# pass 0 level1 5 level2 1 tsec 143.088 sigma 0.5
l_jacobian=1.00 l_label=1.00 l_log_likelihood=0.20 l_smoothness=0.16 
tol=2.50e-01, dt=5.00e-02, exp_k=20.0, momentum=0.90, levels=6, niter=500, lbl_dist=10.00, avgs=256, sigma=0.5,type=2, relabel=0, neg=no

blurring input image with Gaussian with sigma=0.500...
GCAMRegisterLevel(): init RMS 0.677306
#FOTS# QuadFit found better minimum quadopt=(dt=221.952,rms=0.675691) vs oldopt=(dt=369.92,rms=0.675996)
#GCMRL#   29 dt 221.952000 rms  0.676  0.239% neg 0  invalid 762 tFOTS 4.3560 tGradient 2.6040 tsec 7.2830
#FOTS# QuadFit found better minimum quadopt=(dt=129.472,rms=0.675318) vs oldopt=(dt=92.48,rms=0.67538)
#GCMRL#   30 dt 129.472000 rms  0.675  0.000% neg 0  invalid 762 tFOTS 4.6060 tGradient 2.8100 tsec 7.7740
#GCMRL#   31 dt 129.472000 rms  0.675  0.028% neg 0  invalid 762 tFOTS 0.0000 tGradient 2.6300 tsec 2.9430
#GCMRL#   32 dt 129.472000 rms  0.675  0.030% neg 0  invalid 762 tFOTS 0.0000 tGradient 2.7080 tsec 3.0200
#GCMRL#   33 dt 129.472000 rms  0.675  0.042% neg 0  invalid 762 tFOTS 0.0000 tGradient 2.6860 tsec 2.9950
#GCMRL#   34 dt 129.472000 rms  0.674  0.023% neg 0  invalid 762 tFOTS 0.0000 tGradient 2.7430 tsec 3.0580
setting smoothness cost coefficient to 0.615

#GCAMreg# pass 0 level1 4 level2 0 tsec 0 sigma 2
l_jacobian=1.00 l_label=1.00 l_log_likelihood=0.20 l_smoothness=0.62 
tol=2.50e-01, dt=5.00e-02, exp_k=20.0, momentum=0.90, levels=6, niter=500, lbl_dist=10.00, avgs=64, sigma=2.0,type=2, relabel=0, neg=no

blurring input image with Gaussian with sigma=2.000...
GCAMRegisterLevel(): init RMS 0.684533
#FOTS# QuadFit found better minimum quadopt=(dt=36.288,rms=0.68235) vs oldopt=(dt=25.92,rms=0.682636)
#GCMRL#   36 dt  36.288000 rms  0.682  0.319% neg 0  invalid 762 tFOTS 4.7940 tGradient 2.6090 tsec 7.7590
#FOTS# QuadFit found better minimum quadopt=(dt=87.066,rms=0.68076) vs oldopt=(dt=103.68,rms=0.680815)
#GCMRL#   37 dt  87.065990 rms  0.681  0.000% neg 0  invalid 762 tFOTS 4.6950 tGradient 2.7650 tsec 7.8780
#GCMRL#   38 dt  87.065990 rms  0.677  0.510% neg 0  invalid 762 tFOTS 0.0000 tGradient 2.8160 tsec 3.1810
#GCMRL#   39 dt  87.065990 rms  0.673  0.694% neg 0  invalid 762 tFOTS 0.0000 tGradient 2.4800 tsec 2.8420
#GCMRL#   40 dt  87.065990 rms  0.668  0.712% neg 0  invalid 762 tFOTS 0.0000 tGradient 2.2170 tsec 2.5470
#GCMRL#   41 dt  87.065990 rms  0.663  0.730% neg 0  invalid 762 tFOTS 0.0000 tGradient 2.2350 tsec 2.5530
#GCMRL#   42 dt  87.065990 rms  0.658  0.724% neg 0  invalid 762 tFOTS 0.0000 tGradient 2.2530 tsec 2.5660
#GCMRL#   43 dt  87.065990 rms  0.654  0.616% neg 0  invalid 762 tFOTS 0.0000 tGradient 2.2300 tsec 2.5510
#GCMRL#   44 dt  87.065990 rms  0.652  0.374% neg 0  invalid 762 tFOTS 0.0000 tGradient 2.3670 tsec 2.6880
#GCMRL#   45 dt  87.065990 rms  0.651  0.118% neg 0  invalid 762 tFOTS 0.0000 tGradient 2.2730 tsec 2.5910
#GCMRL#   46 dt  87.065990 rms  0.651 -0.041% neg 0  invalid 762 tFOTS 0.0000 tGradient 2.2710 tsec 2.8390

#GCAMreg# pass 0 level1 4 level2 1 tsec 56.715 sigma 0.5
l_jacobian=1.00 l_label=1.00 l_log_likelihood=0.20 l_smoothness=0.62 
tol=2.50e-01, dt=5.00e-02, exp_k=20.0, momentum=0.90, levels=6, niter=500, lbl_dist=10.00, avgs=64, sigma=0.5,type=2, relabel=0, neg=no

blurring input image with Gaussian with sigma=0.500...
GCAMRegisterLevel(): init RMS 0.651466
#FOTS# QuadFit found better minimum quadopt=(dt=20.736,rms=0.650765) vs oldopt=(dt=25.92,rms=0.650774)
#GCMRL#   48 dt  20.736000 rms  0.651  0.108% neg 0  invalid 762 tFOTS 4.5340 tGradient 2.2080 tsec 7.0850
#GCMRL#   49 dt   0.450000 rms  0.651  0.000% neg 0  invalid 762 tFOTS 4.5450 tGradient 2.2520 tsec 7.1650
setting smoothness cost coefficient to 2.353

#GCAMreg# pass 0 level1 3 level2 0 tsec 0 sigma 2
l_jacobian=1.00 l_label=1.00 l_log_likelihood=0.20 l_smoothness=2.35 
tol=2.50e-01, dt=5.00e-02, exp_k=20.0, momentum=0.90, levels=6, niter=500, lbl_dist=10.00, avgs=16, sigma=2.0,type=2, relabel=0, neg=no

blurring input image with Gaussian with sigma=2.000...
GCAMRegisterLevel(): init RMS 0.68224
#FOTS# QuadFit found better minimum quadopt=(dt=2.4,rms=0.68102) vs oldopt=(dt=2,rms=0.68104)
#GCMRL#   51 dt   2.400000 rms  0.681  0.179% neg 0  invalid 762 tFOTS 4.2500 tGradient 2.1080 tsec 6.7190
#FOTS# QuadFit found better minimum quadopt=(dt=0.175,rms=0.681041) vs oldopt=(dt=0.125,rms=0.681041)

#GCAMreg# pass 0 level1 3 level2 1 tsec 22.76 sigma 0.5
l_jacobian=1.00 l_label=1.00 l_log_likelihood=0.20 l_smoothness=2.35 
tol=2.50e-01, dt=5.00e-02, exp_k=20.0, momentum=0.90, levels=6, niter=500, lbl_dist=10.00, avgs=16, sigma=0.5,type=2, relabel=0, neg=no

blurring input image with Gaussian with sigma=0.500...
GCAMRegisterLevel(): init RMS 0.68162
#GCMRL#   53 dt   0.500000 rms  0.681  0.087% neg 0  invalid 762 tFOTS 4.1490 tGradient 1.9700 tsec 6.4520
#FOTS# QuadFit found better minimum quadopt=(dt=0.0375,rms=0.681018) vs oldopt=(dt=0.03125,rms=0.681018)
#GCMRL#   54 dt   0.037500 rms  0.681  0.000% neg 0  invalid 762 tFOTS 4.1830 tGradient 2.0740 tsec 6.6190
#GCMRL#   55 dt   0.037500 rms  0.681  0.000% neg 0  invalid 762 tFOTS 0.0000 tGradient 2.0180 tsec 2.3260
setting smoothness cost coefficient to 8.000

#GCAMreg# pass 0 level1 2 level2 0 tsec 0 sigma 2
l_jacobian=1.00 l_label=1.00 l_log_likelihood=0.20 l_smoothness=8.00 
tol=2.50e-01, dt=5.00e-02, exp_k=20.0, momentum=0.90, levels=6, niter=500, lbl_dist=10.00, avgs=4, sigma=2.0,type=2, relabel=0, neg=no

blurring input image with Gaussian with sigma=2.000...
GCAMRegisterLevel(): init RMS 0.758271
#FOTS# QuadFit found better minimum quadopt=(dt=2.64124,rms=0.730033) vs oldopt=(dt=2.88,rms=0.73027)
#GCMRL#   57 dt   2.641236 rms  0.730  3.724% neg 0  invalid 762 tFOTS 4.1820 tGradient 1.7920 tsec 6.3060
#FOTS# QuadFit found better minimum quadopt=(dt=1.72059,rms=0.726979) vs oldopt=(dt=0.72,rms=0.728064)
#GCMRL#   58 dt   1.720588 rms  0.727  0.418% neg 0  invalid 762 tFOTS 4.1870 tGradient 1.6350 tsec 6.1680
#FOTS# QuadFit found better minimum quadopt=(dt=1.008,rms=0.726535) vs oldopt=(dt=0.72,rms=0.726574)
#GCMRL#   59 dt   1.008000 rms  0.727  0.000% neg 0  invalid 762 tFOTS 4.3470 tGradient 1.7600 tsec 6.4630

#GCAMreg# pass 0 level1 2 level2 1 tsec 30.414 sigma 0.5
l_jacobian=1.00 l_label=1.00 l_log_likelihood=0.20 l_smoothness=8.00 
tol=2.50e-01, dt=5.00e-02, exp_k=20.0, momentum=0.90, levels=6, niter=500, lbl_dist=10.00, avgs=4, sigma=0.5,type=2, relabel=0, neg=no

blurring input image with Gaussian with sigma=0.500...
GCAMRegisterLevel(): init RMS 0.727044
#GCMRL#   61 dt   0.000000 rms  0.727  0.070% neg 0  invalid 762 tFOTS 3.9150 tGradient 1.6740 tsec 5.9180
setting smoothness cost coefficient to 20.000

#GCAMreg# pass 0 level1 1 level2 0 tsec 0 sigma 2
l_jacobian=1.00 l_label=1.00 l_log_likelihood=0.20 l_smoothness=20.00 
tol=2.50e-01, dt=5.00e-02, exp_k=20.0, momentum=0.90, levels=6, niter=500, lbl_dist=10.00, avgs=1, sigma=2.0,type=2, relabel=0, neg=no

blurring input image with Gaussian with sigma=2.000...
GCAMRegisterLevel(): init RMS 0.775079
#FOTS# QuadFit found better minimum quadopt=(dt=0.384,rms=0.773008) vs oldopt=(dt=0.32,rms=0.773073)
#GCMRL#   63 dt   0.384000 rms  0.773  0.267% neg 0  invalid 762 tFOTS 4.2120 tGradient 1.4640 tsec 6.0070
#FOTS# QuadFit found better minimum quadopt=(dt=1.024,rms=0.766273) vs oldopt=(dt=1.28,rms=0.766723)
#GCMRL#   64 dt   1.024000 rms  0.766  0.871% neg 0  invalid 762 tFOTS 4.2290 tGradient 1.5380 tsec 6.0980
#FOTS# QuadFit found better minimum quadopt=(dt=0.112,rms=0.765152) vs oldopt=(dt=0.08,rms=0.76539)
#GCMRL#   65 dt   0.112000 rms  0.765  0.000% neg 0  invalid 762 tFOTS 4.3490 tGradient 1.5340 tsec 6.2380
#GCMRL#   66 dt   0.112000 rms  0.765  0.057% neg 0  invalid 762 tFOTS 0.0000 tGradient 1.5660 tsec 1.8800
#GCMRL#   67 dt   0.112000 rms  0.765  0.002% neg 0  invalid 762 tFOTS 0.0000 tGradient 1.6140 tsec 1.9320

#GCAMreg# pass 0 level1 1 level2 1 tsec 33.721 sigma 0.5
l_jacobian=1.00 l_label=1.00 l_log_likelihood=0.20 l_smoothness=20.00 
tol=2.50e-01, dt=5.00e-02, exp_k=20.0, momentum=0.90, levels=6, niter=500, lbl_dist=10.00, avgs=1, sigma=0.5,type=2, relabel=0, neg=no

blurring input image with Gaussian with sigma=0.500...
GCAMRegisterLevel(): init RMS 0.765172
#FOTS# QuadFit found better minimum quadopt=(dt=1.024,rms=0.760901) vs oldopt=(dt=1.28,rms=0.761222)
#GCMRL#   69 dt   1.024000 rms  0.761  0.558% neg 0  invalid 762 tFOTS 4.2660 tGradient 1.7170 tsec 6.3210
#FOTS# QuadFit found better minimum quadopt=(dt=0.112,rms=0.760284) vs oldopt=(dt=0.08,rms=0.760382)
#GCMRL#   70 dt   0.112000 rms  0.760  0.000% neg 0  invalid 762 tFOTS 4.3310 tGradient 1.4970 tsec 6.1910
#GCMRL#   71 dt   0.112000 rms  0.760  0.017% neg 0  invalid 762 tFOTS 0.0000 tGradient 1.5380 tsec 1.8650
resetting metric properties...
setting smoothness cost coefficient to 40.000

#GCAMreg# pass 0 level1 0 level2 0 tsec 0 sigma 2
l_jacobian=1.00 l_label=1.00 l_log_likelihood=0.20 l_smoothness=40.00 
tol=2.50e-01, dt=5.00e-02, exp_k=20.0, momentum=0.90, levels=6, niter=500, lbl_dist=10.00, avgs=0, sigma=2.0,type=2, relabel=0, neg=no

blurring input image with Gaussian with sigma=2.000...
GCAMRegisterLevel(): init RMS 0.721877
#FOTS# QuadFit found better minimum quadopt=(dt=0.225329,rms=0.716331) vs oldopt=(dt=0.32,rms=0.716987)
#GCMRL#   73 dt   0.225329 rms  0.716  0.768% neg 0  invalid 762 tFOTS 4.3240 tGradient 1.0760 tsec 5.7370
#GCMRL#   74 dt   0.020000 rms  0.716  0.000% neg 0  invalid 762 tFOTS 4.1770 tGradient 1.0680 tsec 5.6060

#GCAMreg# pass 0 level1 0 level2 1 tsec 22.267 sigma 0.5
l_jacobian=1.00 l_label=1.00 l_log_likelihood=0.20 l_smoothness=40.00 
tol=2.50e-01, dt=5.00e-02, exp_k=20.0, momentum=0.90, levels=6, niter=500, lbl_dist=10.00, avgs=0, sigma=0.5,type=2, relabel=0, neg=no

blurring input image with Gaussian with sigma=0.500...
GCAMRegisterLevel(): init RMS 0.716615
#FOTS# QuadFit found better minimum quadopt=(dt=0.007,rms=0.716094) vs oldopt=(dt=0.005,rms=0.716099)
#GCMRL#   76 dt   0.007000 rms  0.716  0.073% neg 0  invalid 762 tFOTS 4.2470 tGradient 1.0990 tsec 5.6860
#FOTS# QuadFit found better minimum quadopt=(dt=0.00175,rms=0.716091) vs oldopt=(dt=0.00125,rms=0.716091)
#GCMRL#   77 dt   0.001750 rms  0.716  0.000% neg 0  invalid 762 tFOTS 4.2920 tGradient 1.0920 tsec 5.7440
#GCMRL#   78 dt   0.001750 rms  0.716  0.000% neg 0  invalid 762 tFOTS 0.0000 tGradient 1.0860 tsec 1.4060
GCAMregister done in 7.08118 min
Starting GCAmapRenormalizeWithAlignment() without scales
renormalizing by structure alignment....
renormalizing input #0
gca peak = 0.10253 (16)
mri peak = 0.05470 (10)
Left_Lateral_Ventricle (4): linear fit = 0.62 x + 0.0 (450 voxels, overlap=0.593)
Left_Lateral_Ventricle (4): linear fit = 0.62 x + 0.0 (450 voxels, peak = 10), gca=9.8
gca peak = 0.17690 (16)
mri peak = 0.10897 ( 8)
Right_Lateral_Ventricle (43): linear fit = 0.44 x + 0.0 (423 voxels, overlap=0.542)
Right_Lateral_Ventricle (43): linear fit = 0.44 x + 0.0 (423 voxels, peak =  7), gca=7.0
gca peak = 0.28275 (96)
mri peak = 0.07204 (90)
Right_Pallidum (52): linear fit = 0.98 x + 0.0 (782 voxels, overlap=0.656)
Right_Pallidum (52): linear fit = 0.98 x + 0.0 (782 voxels, peak = 94), gca=93.6
gca peak = 0.18948 (93)
mri peak = 0.09192 (95)
Left_Pallidum (13): linear fit = 0.99 x + 0.0 (655 voxels, overlap=0.827)
Left_Pallidum (13): linear fit = 0.99 x + 0.0 (655 voxels, peak = 92), gca=91.6
gca peak = 0.20755 (55)
mri peak = 0.05898 (66)
Right_Hippocampus (53): linear fit = 1.08 x + 0.0 (743 voxels, overlap=0.953)
Right_Hippocampus (53): linear fit = 1.08 x + 0.0 (743 voxels, peak = 59), gca=59.1
gca peak = 0.31831 (58)
mri peak = 0.09112 (63)
Left_Hippocampus (17): linear fit = 1.10 x + 0.0 (872 voxels, overlap=0.978)
Left_Hippocampus (17): linear fit = 1.10 x + 0.0 (872 voxels, peak = 64), gca=63.5
gca peak = 0.11957 (102)
mri peak = 0.09872 (103)
Right_Cerebral_White_Matter (41): linear fit = 1.00 x + 0.0 (52628 voxels, overlap=0.827)
Right_Cerebral_White_Matter (41): linear fit = 1.00 x + 0.0 (52628 voxels, peak = 103), gca=102.5
gca peak = 0.11429 (102)
mri peak = 0.07880 (103)
Left_Cerebral_White_Matter (2): linear fit = 1.02 x + 0.0 (56181 voxels, overlap=0.838)
Left_Cerebral_White_Matter (2): linear fit = 1.02 x + 0.0 (56181 voxels, peak = 105), gca=104.5
gca peak = 0.14521 (59)
mri peak = 0.03853 (57)
Left_Cerebral_Cortex (3): linear fit = 0.94 x + 0.0 (20786 voxels, overlap=0.644)
Left_Cerebral_Cortex (3): linear fit = 0.94 x + 0.0 (20786 voxels, peak = 56), gca=55.8
gca peak = 0.14336 (58)
mri peak = 0.03503 (52)
Right_Cerebral_Cortex (42): linear fit = 0.94 x + 0.0 (20771 voxels, overlap=0.932)
Right_Cerebral_Cortex (42): linear fit = 0.94 x + 0.0 (20771 voxels, peak = 55), gca=54.8
gca peak = 0.13305 (70)
mri peak = 0.11123 (66)
Right_Caudate (50): linear fit = 0.96 x + 0.0 (923 voxels, overlap=0.637)
Right_Caudate (50): linear fit = 0.96 x + 0.0 (923 voxels, peak = 68), gca=67.5
gca peak = 0.15761 (71)
mri peak = 0.10671 (66)
Left_Caudate (11): linear fit = 0.88 x + 0.0 (832 voxels, overlap=0.362)
Left_Caudate (11): linear fit = 0.88 x + 0.0 (832 voxels, peak = 63), gca=62.8
gca peak = 0.13537 (57)
mri peak = 0.03393 (61)
Left_Cerebellum_Cortex (8): linear fit = 1.04 x + 0.0 (25995 voxels, overlap=0.594)
Left_Cerebellum_Cortex (8): linear fit = 1.04 x + 0.0 (25995 voxels, peak = 60), gca=59.6
gca peak = 0.13487 (56)
mri peak = 0.02848 (61)
Right_Cerebellum_Cortex (47): linear fit = 1.04 x + 0.0 (28584 voxels, overlap=0.139)
Right_Cerebellum_Cortex (47): linear fit = 1.04 x + 0.0 (28584 voxels, peak = 59), gca=58.5
gca peak = 0.19040 (84)
mri peak = 0.07452 (88)
Left_Cerebellum_White_Matter (7): linear fit = 1.07 x + 0.0 (8354 voxels, overlap=0.747)
Left_Cerebellum_White_Matter (7): linear fit = 1.07 x + 0.0 (8354 voxels, peak = 89), gca=89.5
gca peak = 0.18871 (83)
mri peak = 0.07326 (83)
Right_Cerebellum_White_Matter (46): linear fit = 1.04 x + 0.0 (7227 voxels, overlap=0.769)
Right_Cerebellum_White_Matter (46): linear fit = 1.04 x + 0.0 (7227 voxels, peak = 87), gca=86.7
gca peak = 0.24248 (57)
mri peak = 0.18006 (66)
Left_Amygdala (18): linear fit = 1.13 x + 0.0 (361 voxels, overlap=0.408)
Left_Amygdala (18): linear fit = 1.13 x + 0.0 (361 voxels, peak = 65), gca=64.7
gca peak = 0.35833 (56)
mri peak = 0.10827 (63)
Right_Amygdala (54): linear fit = 1.12 x + 0.0 (504 voxels, overlap=0.808)
Right_Amygdala (54): linear fit = 1.12 x + 0.0 (504 voxels, peak = 62), gca=62.4
gca peak = 0.12897 (85)
mri peak = 0.05428 (90)
Left_Thalamus (10): linear fit = 1.07 x + 0.0 (4741 voxels, overlap=0.842)
Left_Thalamus (10): linear fit = 1.07 x + 0.0 (4741 voxels, peak = 91), gca=90.5
gca peak = 0.13127 (83)
mri peak = 0.06236 (81)
Right_Thalamus (49): linear fit = 1.01 x + 0.0 (4096 voxels, overlap=0.798)
Right_Thalamus (49): linear fit = 1.01 x + 0.0 (4096 voxels, peak = 84), gca=84.2
gca peak = 0.12974 (78)
mri peak = 0.07400 (80)
Left_Putamen (12): linear fit = 0.99 x + 0.0 (2023 voxels, overlap=0.796)
Left_Putamen (12): linear fit = 0.99 x + 0.0 (2023 voxels, peak = 77), gca=76.8
gca peak = 0.17796 (79)
mri peak = 0.06143 (80)
Right_Putamen (51): linear fit = 1.00 x + 0.0 (2166 voxels, overlap=0.908)
Right_Putamen (51): linear fit = 1.00 x + 0.0 (2166 voxels, peak = 79), gca=79.0
gca peak = 0.10999 (80)
mri peak = 0.06379 (92)
Brain_Stem (16): linear fit = 1.15 x + 0.0 (10875 voxels, overlap=0.417)
Brain_Stem (16): linear fit = 1.15 x + 0.0 (10875 voxels, peak = 92), gca=92.4
gca peak = 0.13215 (88)
mri peak = 0.09953 (93)
Right_VentralDC (60): linear fit = 1.07 x + 0.0 (1578 voxels, overlap=0.360)
Right_VentralDC (60): linear fit = 1.07 x + 0.0 (1578 voxels, peak = 94), gca=93.7
gca peak = 0.11941 (89)
mri peak = 0.08858 (93)
Left_VentralDC (28): linear fit = 1.10 x + 0.0 (1518 voxels, overlap=0.281)
Left_VentralDC (28): linear fit = 1.10 x + 0.0 (1518 voxels, peak = 97), gca=97.5
gca peak = 0.20775 (25)
mri peak = 0.18596 (53)
gca peak = 0.13297 (21)
mri peak = 0.16869 ( 6)
Fourth_Ventricle (15): linear fit = 0.28 x + 0.0 (177 voxels, overlap=0.014)
Fourth_Ventricle (15): linear fit = 0.28 x + 0.0 (177 voxels, peak =  6), gca=6.0
gca peak Unknown = 0.94777 ( 0)
gca peak Left_Inf_Lat_Vent = 0.19087 (28)
gca peak Third_Ventricle = 0.20775 (25)
gca peak Fourth_Ventricle = 0.13297 (21)
gca peak CSF = 0.16821 (33)
gca peak Left_Accumbens_area = 0.32850 (63)
gca peak Left_undetermined = 0.98480 (28)
gca peak Left_vessel = 0.40887 (53)
gca peak Left_choroid_plexus = 0.10898 (46)
gca peak Right_Inf_Lat_Vent = 0.17798 (26)
gca peak Right_Accumbens_area = 0.30137 (64)
gca peak Right_vessel = 0.47828 (52)
gca peak Right_choroid_plexus = 0.11612 (45)
gca peak Fifth_Ventricle = 0.59466 (35)
gca peak WM_hypointensities = 0.10053 (78)
gca peak non_WM_hypointensities = 0.07253 (60)
gca peak Optic_Chiasm = 0.25330 (73)
not using caudate to estimate GM means
estimating mean gm scale to be 1.05 x + 0.0
estimating mean wm scale to be 1.01 x + 0.0
estimating mean csf scale to be 0.52 x + 0.0
saving intensity scales to talairach.label_intensities.txt
GCAmapRenormalizeWithAlignment() took 3.3914 min
noneg pre
Starting GCAMregister()
label assignment complete, 0 changed (0.00%)
npasses = 1, nlevels = 6
#pass# 1 of 1 ************************
enabling zero nodes
setting smoothness cost coefficient to 0.008

#GCAMreg# pass 0 level1 5 level2 0 tsec 0 sigma 2
l_jacobian=1.00 l_label=1.00 l_log_likelihood=0.20 l_smoothness=0.01 
tol=5.00e-02, dt=5.00e-02, exp_k=20.0, momentum=0.90, levels=6, niter=500, lbl_dist=10.00, avgs=256, sigma=2.0,type=2, relabel=0, neg=no

blurring input image with Gaussian with sigma=2.000...
GCAMRegisterLevel(): init RMS 0.738868
#FOTS# QuadFit found better minimum quadopt=(dt=297.379,rms=0.725207) vs oldopt=(dt=369.92,rms=0.725741)
#GCMRL#   80 dt 297.378773 rms  0.725  1.849% neg 0  invalid 762 tFOTS 4.3790 tGradient 2.2590 tsec 6.9910
#GCMRL#   81 dt 369.920000 rms  0.715  1.347% neg 0  invalid 762 tFOTS 4.2130 tGradient 2.2380 tsec 6.7940
#FOTS# QuadFit found better minimum quadopt=(dt=129.472,rms=0.712701) vs oldopt=(dt=92.48,rms=0.712893)
#GCMRL#   82 dt 129.472000 rms  0.713  0.383% neg 0  invalid 762 tFOTS 4.4860 tGradient 2.2200 tsec 7.0510
#FOTS# QuadFit found better minimum quadopt=(dt=295.936,rms=0.710511) vs oldopt=(dt=369.92,rms=0.710521)
#GCMRL#   83 dt 295.936000 rms  0.711  0.307% neg 0  invalid 762 tFOTS 4.4700 tGradient 2.4240 tsec 7.2280
#FOTS# QuadFit found better minimum quadopt=(dt=129.472,rms=0.708466) vs oldopt=(dt=92.48,rms=0.708808)
#GCMRL#   84 dt 129.472000 rms  0.708  0.288% neg 0  invalid 762 tFOTS 4.5140 tGradient 2.3070 tsec 7.1610
#GCMRL#   85 dt 369.920000 rms  0.707  0.228% neg 0  invalid 762 tFOTS 4.4770 tGradient 2.4660 tsec 7.2830
#FOTS# QuadFit found better minimum quadopt=(dt=129.472,rms=0.705074) vs oldopt=(dt=92.48,rms=0.705282)
#GCMRL#   86 dt 129.472000 rms  0.705  0.252% neg 0  invalid 762 tFOTS 4.5560 tGradient 2.2820 tsec 7.2100
#FOTS# QuadFit found better minimum quadopt=(dt=129.472,rms=0.704549) vs oldopt=(dt=92.48,rms=0.704642)
#GCMRL#   87 dt 129.472000 rms  0.705  0.075% neg 0  invalid 762 tFOTS 4.7380 tGradient 2.5260 tsec 7.6070
#FOTS# QuadFit found better minimum quadopt=(dt=887.808,rms=0.701568) vs oldopt=(dt=1479.68,rms=0.702348)
#GCMRL#   88 dt 887.808000 rms  0.702  0.423% neg 0  invalid 762 tFOTS 4.3700 tGradient 2.4150 tsec 7.1130
#FOTS# QuadFit found better minimum quadopt=(dt=73.984,rms=0.700306) vs oldopt=(dt=92.48,rms=0.700356)
#GCMRL#   89 dt  73.984000 rms  0.700  0.180% neg 0  invalid 762 tFOTS 4.7930 tGradient 2.3110 tsec 7.4410
#FOTS# QuadFit found better minimum quadopt=(dt=295.936,rms=0.699864) vs oldopt=(dt=369.92,rms=0.699917)
#GCMRL#   90 dt 295.936000 rms  0.700  0.063% neg 0  invalid 762 tFOTS 4.3690 tGradient 2.3560 tsec 7.0650
#FOTS# QuadFit found better minimum quadopt=(dt=129.472,rms=0.698978) vs oldopt=(dt=92.48,rms=0.699136)
#GCMRL#   91 dt 129.472000 rms  0.699  0.127% neg 0  invalid 762 tFOTS 4.5310 tGradient 2.4150 tsec 7.3080
#FOTS# QuadFit found better minimum quadopt=(dt=221.952,rms=0.698677) vs oldopt=(dt=369.92,rms=0.698782)
#GCMRL#   92 dt 221.952000 rms  0.699  0.000% neg 0  invalid 762 tFOTS 4.6040 tGradient 2.7370 tsec 7.7350
#GCMRL#   93 dt 221.952000 rms  0.698  0.123% neg 0  invalid 762 tFOTS 0.0000 tGradient 2.4370 tsec 2.7160
#GCMRL#   94 dt 221.952000 rms  0.697  0.140% neg 0  invalid 762 tFOTS 0.0000 tGradient 2.2140 tsec 2.4930
#GCMRL#   95 dt 221.952000 rms  0.696  0.146% neg 0  invalid 762 tFOTS 0.0000 tGradient 2.2630 tsec 2.5450
#GCMRL#   96 dt 221.952000 rms  0.694  0.298% neg 0  invalid 762 tFOTS 0.0000 tGradient 2.3030 tsec 2.6060
#GCMRL#   97 dt 221.952000 rms  0.692  0.229% neg 0  invalid 762 tFOTS 0.0000 tGradient 2.3090 tsec 2.5980
#GCMRL#   98 dt 221.952000 rms  0.691  0.165% neg 0  invalid 762 tFOTS 0.0000 tGradient 2.3280 tsec 2.6100
#GCMRL#   99 dt 221.952000 rms  0.689  0.259% neg 0  invalid 762 tFOTS 0.0000 tGradient 2.2770 tsec 2.5580
#GCMRL#  100 dt 221.952000 rms  0.688  0.201% neg 0  invalid 762 tFOTS 0.0000 tGradient 2.3560 tsec 2.6450
#GCMRL#  101 dt 221.952000 rms  0.687  0.148% neg 0  invalid 762 tFOTS 0.0000 tGradient 2.5030 tsec 2.7850
#GCMRL#  102 dt 221.952000 rms  0.686  0.165% neg 0  invalid 762 tFOTS 0.0000 tGradient 2.4390 tsec 2.7190
#GCMRL#  103 dt 221.952000 rms  0.685  0.163% neg 0  invalid 762 tFOTS 0.0000 tGradient 2.3920 tsec 2.6870
#GCMRL#  104 dt 221.952000 rms  0.684  0.135% neg 0  invalid 762 tFOTS 0.0000 tGradient 2.3880 tsec 2.6680
#GCMRL#  105 dt 221.952000 rms  0.683  0.133% neg 0  invalid 762 tFOTS 0.0000 tGradient 2.4280 tsec 2.7110
#GCMRL#  106 dt 221.952000 rms  0.682  0.166% neg 0  invalid 762 tFOTS 0.0000 tGradient 2.2690 tsec 2.5610
#GCMRL#  107 dt 221.952000 rms  0.681  0.135% neg 0  invalid 762 tFOTS 0.0000 tGradient 2.1740 tsec 2.4640
#GCMRL#  108 dt 221.952000 rms  0.680  0.126% neg 0  invalid 762 tFOTS 0.0000 tGradient 2.1800 tsec 2.4730
#GCMRL#  109 dt 221.952000 rms  0.679  0.173% neg 0  invalid 762 tFOTS 0.0000 tGradient 2.1690 tsec 2.4570
#GCMRL#  110 dt 221.952000 rms  0.678  0.136% neg 0  invalid 762 tFOTS 0.0000 tGradient 2.5090 tsec 2.8030
#GCMRL#  111 dt 221.952000 rms  0.677  0.106% neg 0  invalid 762 tFOTS 0.0000 tGradient 2.4870 tsec 2.8200
#GCMRL#  112 dt 221.952000 rms  0.676  0.131% neg 0  invalid 762 tFOTS 0.0000 tGradient 2.3340 tsec 2.6230
#GCMRL#  113 dt 221.952000 rms  0.675  0.102% neg 0  invalid 762 tFOTS 0.0000 tGradient 2.2650 tsec 2.5610
#GCMRL#  114 dt 221.952000 rms  0.675  0.083% neg 0  invalid 762 tFOTS 0.0000 tGradient 2.3640 tsec 2.6620
#GCMRL#  115 dt 221.952000 rms  0.674  0.101% neg 0  invalid 762 tFOTS 0.0000 tGradient 2.2670 tsec 2.5660
#GCMRL#  116 dt 221.952000 rms  0.673  0.107% neg 0  invalid 762 tFOTS 0.0000 tGradient 2.3610 tsec 2.6650
#GCMRL#  117 dt 221.952000 rms  0.673  0.083% neg 0  invalid 762 tFOTS 0.0000 tGradient 2.3170 tsec 2.6180
#GCMRL#  118 dt 221.952000 rms  0.672  0.078% neg 0  invalid 762 tFOTS 0.0000 tGradient 2.3920 tsec 2.6870
#GCMRL#  119 dt 221.952000 rms  0.672  0.099% neg 0  invalid 762 tFOTS 0.0000 tGradient 2.3520 tsec 2.6520
#GCMRL#  120 dt 221.952000 rms  0.671  0.072% neg 0  invalid 762 tFOTS 0.0000 tGradient 2.2730 tsec 2.5650
#GCMRL#  121 dt 221.952000 rms  0.671  0.056% neg 0  invalid 762 tFOTS 0.0000 tGradient 2.3610 tsec 2.6530
#GCMRL#  122 dt 221.952000 rms  0.670  0.073% neg 0  invalid 762 tFOTS 0.0000 tGradient 2.3440 tsec 2.6450
#GCMRL#  123 dt 221.952000 rms  0.670  0.061% neg 0  invalid 762 tFOTS 0.0000 tGradient 2.3700 tsec 2.6720
#GCMRL#  124 dt 221.952000 rms  0.670  0.055% neg 0  invalid 762 tFOTS 0.0000 tGradient 2.4070 tsec 2.7050
#GCMRL#  125 dt 221.952000 rms  0.669  0.065% neg 0  invalid 762 tFOTS 0.0000 tGradient 2.3810 tsec 2.6770
#GCMRL#  126 dt 221.952000 rms  0.669  0.065% neg 0  invalid 762 tFOTS 0.0000 tGradient 2.3760 tsec 2.6660
#GCMRL#  127 dt 221.952000 rms  0.668  0.058% neg 0  invalid 762 tFOTS 0.0000 tGradient 2.3630 tsec 2.6610
#GCMRL#  128 dt 221.952000 rms  0.668  0.072% neg 0  invalid 762 tFOTS 0.0000 tGradient 2.3350 tsec 2.6410
#GCMRL#  129 dt 221.952000 rms  0.667  0.063% neg 0  invalid 762 tFOTS 0.0000 tGradient 2.4740 tsec 2.7790
#GCMRL#  130 dt 221.952000 rms  0.667  0.041% neg 0  invalid 762 tFOTS 0.0000 tGradient 2.4010 tsec 2.6970
#GCMRL#  131 dt 221.952000 rms  0.667  0.047% neg 0  invalid 762 tFOTS 0.0000 tGradient 2.2970 tsec 2.5860
#GCMRL#  132 dt 221.952000 rms  0.666  0.065% neg 0  invalid 762 tFOTS 0.0000 tGradient 2.3110 tsec 2.6150
#GCMRL#  133 dt 221.952000 rms  0.666  0.048% neg 0  invalid 762 tFOTS 0.0000 tGradient 2.4530 tsec 2.7580
#GCMRL#  134 dt 221.952000 rms  0.666  0.031% neg 0  invalid 762 tFOTS 0.0000 tGradient 2.8250 tsec 3.1850
#GCMRL#  135 dt 221.952000 rms  0.666  0.040% neg 0  invalid 762 tFOTS 0.0000 tGradient 2.3120 tsec 2.6170
#GCMRL#  136 dt 221.952000 rms  0.665  0.040% neg 0  invalid 762 tFOTS 0.0000 tGradient 2.4480 tsec 2.7450
#GCMRL#  137 dt 221.952000 rms  0.665  0.036% neg 0  invalid 762 tFOTS 0.0000 tGradient 2.3440 tsec 2.6420
#GCMRL#  138 dt 221.952000 rms  0.665  0.035% neg 0  invalid 762 tFOTS 0.0000 tGradient 2.3460 tsec 2.6360
#GCMRL#  139 dt 221.952000 rms  0.665  0.026% neg 0  invalid 762 tFOTS 0.0000 tGradient 2.4130 tsec 2.7070
#GCMRL#  140 dt 221.952000 rms  0.665  0.025% neg 0  invalid 762 tFOTS 0.0000 tGradient 2.3660 tsec 2.6610
#GCMRL#  141 dt 221.952000 rms  0.664  0.039% neg 0  invalid 762 tFOTS 0.0000 tGradient 2.3910 tsec 2.6870
#GCMRL#  142 dt 221.952000 rms  0.664  0.036% neg 0  invalid 762 tFOTS 0.0000 tGradient 2.3560 tsec 2.6510
#GCMRL#  143 dt 221.952000 rms  0.664  0.026% neg 0  invalid 762 tFOTS 0.0000 tGradient 2.3900 tsec 2.6780
#GCMRL#  144 dt 221.952000 rms  0.664  0.032% neg 0  invalid 762 tFOTS 0.0000 tGradient 2.3580 tsec 2.6560
#GCMRL#  145 dt 221.952000 rms  0.663  0.038% neg 0  invalid 762 tFOTS 0.0000 tGradient 2.5560 tsec 2.8860
#GCMRL#  146 dt 221.952000 rms  0.663  0.033% neg 0  invalid 762 tFOTS 0.0000 tGradient 2.7460 tsec 3.0750
#GCMRL#  147 dt 221.952000 rms  0.663  0.030% neg 0  invalid 762 tFOTS 0.0000 tGradient 2.6210 tsec 2.9210
#GCMRL#  148 dt 221.952000 rms  0.663  0.037% neg 0  invalid 762 tFOTS 0.0000 tGradient 2.2810 tsec 2.5820
#GCMRL#  149 dt 221.952000 rms  0.663  0.032% neg 0  invalid 762 tFOTS 0.0000 tGradient 2.3960 tsec 2.6930
#GCMRL#  150 dt 221.952000 rms  0.662  0.030% neg 0  invalid 762 tFOTS 0.0000 tGradient 2.3420 tsec 2.6340
#GCMRL#  151 dt 221.952000 rms  0.662  0.031% neg 0  invalid 762 tFOTS 0.0000 tGradient 2.4180 tsec 2.7100
#GCMRL#  152 dt 221.952000 rms  0.662  0.029% neg 0  invalid 762 tFOTS 0.0000 tGradient 2.4760 tsec 2.7750
#GCMRL#  153 dt 221.952000 rms  0.662  0.024% neg 0  invalid 762 tFOTS 0.0000 tGradient 2.3830 tsec 2.6750
#GCMRL#  154 dt 221.952000 rms  0.662  0.023% neg 0  invalid 762 tFOTS 0.0000 tGradient 2.3970 tsec 2.7260
#FOTS# QuadFit found better minimum quadopt=(dt=32.368,rms=0.661604) vs oldopt=(dt=23.12,rms=0.661604)
#GCMRL#  155 dt  32.368000 rms  0.662  0.000% neg 0  invalid 762 tFOTS 4.8310 tGradient 2.3570 tsec 7.5460
#GCMRL#  156 dt  32.368000 rms  0.662  0.000% neg 0  invalid 762 tFOTS 0.0000 tGradient 2.3440 tsec 2.6480
#GCMRL#  157 dt  32.368000 rms  0.662  0.000% neg 0  invalid 762 tFOTS 0.0000 tGradient 2.3870 tsec 2.6850
#GCMRL#  158 dt  32.368000 rms  0.662  0.002% neg 0  invalid 762 tFOTS 0.0000 tGradient 2.3980 tsec 2.7000
#GCMRL#  159 dt  32.368000 rms  0.662  0.001% neg 0  invalid 762 tFOTS 0.0000 tGradient 2.4760 tsec 2.7670
#GCMRL#  160 dt  32.368000 rms  0.662  0.002% neg 0  invalid 762 tFOTS 0.0000 tGradient 2.3810 tsec 2.6800
#GCMRL#  161 dt  32.368000 rms  0.662  0.003% neg 0  invalid 762 tFOTS 0.0000 tGradient 2.3830 tsec 2.6840

#GCAMreg# pass 0 level1 5 level2 1 tsec 295.549 sigma 0.5
l_jacobian=1.00 l_label=1.00 l_log_likelihood=0.20 l_smoothness=0.01 
tol=5.00e-02, dt=5.00e-02, exp_k=20.0, momentum=0.90, levels=6, niter=500, lbl_dist=10.00, avgs=256, sigma=0.5,type=2, relabel=0, neg=no

blurring input image with Gaussian with sigma=0.500...
GCAMRegisterLevel(): init RMS 0.662045
#FOTS# QuadFit found better minimum quadopt=(dt=221.952,rms=0.660239) vs oldopt=(dt=369.92,rms=0.66052)
#GCMRL#  163 dt 221.952000 rms  0.660  0.273% neg 0  invalid 762 tFOTS 4.4180 tGradient 2.4400 tsec 7.1910
#FOTS# QuadFit found better minimum quadopt=(dt=129.472,rms=0.659993) vs oldopt=(dt=92.48,rms=0.66003)
#GCMRL#  164 dt 129.472000 rms  0.660  0.000% neg 0  invalid 762 tFOTS 4.4800 tGradient 2.4010 tsec 7.2380
#GCMRL#  165 dt 129.472000 rms  0.660  0.032% neg 0  invalid 762 tFOTS 0.0000 tGradient 2.4040 tsec 2.7030
#GCMRL#  166 dt 129.472000 rms  0.659  0.053% neg 0  invalid 762 tFOTS 0.0000 tGradient 2.4100 tsec 2.7080
#GCMRL#  167 dt 129.472000 rms  0.659  0.056% neg 0  invalid 762 tFOTS 0.0000 tGradient 2.3480 tsec 2.6340
#GCMRL#  168 dt 129.472000 rms  0.659  0.052% neg 0  invalid 762 tFOTS 0.0000 tGradient 2.2910 tsec 2.5880
#GCMRL#  169 dt 129.472000 rms  0.658  0.055% neg 0  invalid 762 tFOTS 0.0000 tGradient 2.3150 tsec 2.6140
#GCMRL#  170 dt 129.472000 rms  0.658  0.053% neg 0  invalid 762 tFOTS 0.0000 tGradient 2.3130 tsec 2.6160
#GCMRL#  171 dt 129.472000 rms  0.658  0.048% neg 0  invalid 762 tFOTS 0.0000 tGradient 2.5070 tsec 2.8090
#GCMRL#  172 dt 129.472000 rms  0.657  0.041% neg 0  invalid 762 tFOTS 0.0000 tGradient 2.4370 tsec 2.7390
#GCMRL#  173 dt 129.472000 rms  0.657  0.032% neg 0  invalid 762 tFOTS 0.0000 tGradient 2.3990 tsec 2.6980
#GCMRL#  174 dt 129.472000 rms  0.657  0.030% neg 0  invalid 762 tFOTS 0.0000 tGradient 2.3750 tsec 2.6740
#GCMRL#  175 dt 129.472000 rms  0.657  0.034% neg 0  invalid 762 tFOTS 0.0000 tGradient 2.4510 tsec 2.7450
#GCMRL#  176 dt 129.472000 rms  0.657  0.020% neg 0  invalid 762 tFOTS 0.0000 tGradient 2.3620 tsec 2.6590
#GCMRL#  177 dt 129.472000 rms  0.657  0.015% neg 0  invalid 762 tFOTS 0.0000 tGradient 2.2900 tsec 2.6140
#FOTS# QuadFit found better minimum quadopt=(dt=517.888,rms=0.656478) vs oldopt=(dt=369.92,rms=0.656488)
#GCMRL#  178 dt 517.888000 rms  0.656  0.000% neg 0  invalid 762 tFOTS 4.6410 tGradient 2.3140 tsec 7.3130
setting smoothness cost coefficient to 0.031

#GCAMreg# pass 0 level1 4 level2 0 tsec 0 sigma 2
l_jacobian=1.00 l_label=1.00 l_log_likelihood=0.20 l_smoothness=0.03 
tol=5.00e-02, dt=5.00e-02, exp_k=20.0, momentum=0.90, levels=6, niter=500, lbl_dist=10.00, avgs=64, sigma=2.0,type=2, relabel=0, neg=no

blurring input image with Gaussian with sigma=2.000...
GCAMRegisterLevel(): init RMS 0.659197
#FOTS# QuadFit found better minimum quadopt=(dt=83.7584,rms=0.656483) vs oldopt=(dt=103.68,rms=0.656592)
#GCMRL#  180 dt  83.758389 rms  0.656  0.412% neg 0  invalid 762 tFOTS 4.3650 tGradient 1.8840 tsec 6.5840
#FOTS# QuadFit found better minimum quadopt=(dt=145.152,rms=0.65063) vs oldopt=(dt=103.68,rms=0.651791)
#GCMRL#  181 dt 145.152000 rms  0.651  0.892% neg 0  invalid 762 tFOTS 4.1130 tGradient 1.8370 tsec 6.2850
#FOTS# QuadFit found better minimum quadopt=(dt=67.7909,rms=0.649013) vs oldopt=(dt=103.68,rms=0.649344)
#GCMRL#  182 dt  67.790941 rms  0.649  0.248% neg 0  invalid 762 tFOTS 4.4190 tGradient 1.8670 tsec 6.6160
#GCMRL#  183 dt 414.720000 rms  0.641  1.223% neg 0  invalid 762 tFOTS 4.1650 tGradient 1.8320 tsec 6.3300
#FOTS# QuadFit found better minimum quadopt=(dt=50.2857,rms=0.636295) vs oldopt=(dt=25.92,rms=0.637252)
#GCMRL#  184 dt  50.285714 rms  0.636  0.746% neg 0  invalid 762 tFOTS 4.3390 tGradient 1.9450 tsec 6.6160
#FOTS# QuadFit found better minimum quadopt=(dt=497.664,rms=0.63201) vs oldopt=(dt=414.72,rms=0.632127)
#GCMRL#  185 dt 497.664000 rms  0.632  0.673% neg 0  invalid 762 tFOTS 4.1430 tGradient 1.9660 tsec 6.4370
#FOTS# QuadFit found better minimum quadopt=(dt=62.208,rms=0.626682) vs oldopt=(dt=103.68,rms=0.628475)
#GCMRL#  186 dt  62.208000 rms  0.627  0.843% neg 0  invalid 762 tFOTS 4.4550 tGradient 2.1650 tsec 6.9570
#FOTS# QuadFit found better minimum quadopt=(dt=82.944,rms=0.626179) vs oldopt=(dt=103.68,rms=0.626213)
#GCMRL#  187 dt  82.944000 rms  0.626  0.080% neg 0  invalid 762 tFOTS 4.3670 tGradient 1.9390 tsec 6.6430
#FOTS# QuadFit found better minimum quadopt=(dt=248.832,rms=0.623558) vs oldopt=(dt=414.72,rms=0.624281)
#GCMRL#  188 dt 248.832000 rms  0.624  0.419% neg 0  invalid 762 tFOTS 4.4400 tGradient 1.9150 tsec 6.6890
#FOTS# QuadFit found better minimum quadopt=(dt=36.288,rms=0.622664) vs oldopt=(dt=25.92,rms=0.622788)
#GCMRL#  189 dt  36.288000 rms  0.623  0.143% neg 0  invalid 762 tFOTS 4.3020 tGradient 1.9190 tsec 6.5550
#GCMRL#  190 dt 103.680000 rms  0.622  0.078% neg 0  invalid 762 tFOTS 4.4440 tGradient 1.9330 tsec 6.7160
#FOTS# QuadFit found better minimum quadopt=(dt=145.152,rms=0.620431) vs oldopt=(dt=103.68,rms=0.620615)
#GCMRL#  191 dt 145.152000 rms  0.620  0.281% neg 0  invalid 762 tFOTS 4.4610 tGradient 2.0650 tsec 6.8610
#FOTS# QuadFit found better minimum quadopt=(dt=36.288,rms=0.619932) vs oldopt=(dt=25.92,rms=0.620017)
#GCMRL#  192 dt  36.288000 rms  0.620  0.080% neg 0  invalid 762 tFOTS 4.1010 tGradient 1.8980 tsec 6.3340
#FOTS# QuadFit found better minimum quadopt=(dt=145.152,rms=0.619389) vs oldopt=(dt=103.68,rms=0.619425)
#GCMRL#  193 dt 145.152000 rms  0.619  0.088% neg 0  invalid 762 tFOTS 4.4750 tGradient 1.8020 tsec 6.6130
#GCMRL#  194 dt 103.680000 rms  0.618  0.254% neg 0  invalid 762 tFOTS 4.4530 tGradient 2.0150 tsec 6.8010
#FOTS# QuadFit found better minimum quadopt=(dt=36.288,rms=0.617497) vs oldopt=(dt=25.92,rms=0.617557)
#GCMRL#  195 dt  36.288000 rms  0.617  0.052% neg 0  invalid 762 tFOTS 4.4630 tGradient 1.9400 tsec 6.7430
#FOTS# QuadFit found better minimum quadopt=(dt=331.776,rms=0.616406) vs oldopt=(dt=414.72,rms=0.616488)
#GCMRL#  196 dt 331.776000 rms  0.616  0.177% neg 0  invalid 762 tFOTS 4.4360 tGradient 1.9590 tsec 6.7270
#FOTS# QuadFit found better minimum quadopt=(dt=68.8372,rms=0.614378) vs oldopt=(dt=103.68,rms=0.614788)
#GCMRL#  197 dt  68.837209 rms  0.614  0.329% neg 0  invalid 762 tFOTS 4.3600 tGradient 1.9550 tsec 6.6470
#FOTS# QuadFit found better minimum quadopt=(dt=36.288,rms=0.614123) vs oldopt=(dt=25.92,rms=0.61417)
#GCMRL#  198 dt  36.288000 rms  0.614  0.000% neg 0  invalid 762 tFOTS 4.4370 tGradient 1.9410 tsec 6.7660
#GCMRL#  199 dt  36.288000 rms  0.614  0.035% neg 0  invalid 762 tFOTS 0.0000 tGradient 1.8680 tsec 2.1570
#GCMRL#  200 dt  36.288000 rms  0.614  0.064% neg 0  invalid 762 tFOTS 0.0000 tGradient 1.8860 tsec 2.1890
#GCMRL#  201 dt  36.288000 rms  0.613  0.103% neg 0  invalid 762 tFOTS 0.0000 tGradient 2.0180 tsec 2.3250
#GCMRL#  202 dt  36.288000 rms  0.612  0.142% neg 0  invalid 762 tFOTS 0.0000 tGradient 2.0390 tsec 2.3450
#GCMRL#  203 dt  36.288000 rms  0.611  0.165% neg 0  invalid 762 tFOTS 0.0000 tGradient 1.7710 tsec 2.0660
#GCMRL#  204 dt  36.288000 rms  0.610  0.178% neg 0  invalid 762 tFOTS 0.0000 tGradient 1.9090 tsec 2.2120
#GCMRL#  205 dt  36.288000 rms  0.609  0.177% neg 0  invalid 762 tFOTS 0.0000 tGradient 1.8900 tsec 2.1910
#GCMRL#  206 dt  36.288000 rms  0.608  0.189% neg 0  invalid 762 tFOTS 0.0000 tGradient 1.8440 tsec 2.1450
#GCMRL#  207 dt  36.288000 rms  0.607  0.181% neg 0  invalid 762 tFOTS 0.0000 tGradient 1.8320 tsec 2.1160
#GCMRL#  208 dt  36.288000 rms  0.605  0.190% neg 0  invalid 762 tFOTS 0.0000 tGradient 1.9360 tsec 2.2370
#GCMRL#  209 dt  36.288000 rms  0.604  0.192% neg 0  invalid 762 tFOTS 0.0000 tGradient 1.8710 tsec 2.1680
#GCMRL#  210 dt  36.288000 rms  0.603  0.190% neg 0  invalid 762 tFOTS 0.0000 tGradient 1.8810 tsec 2.1740
#GCMRL#  211 dt  36.288000 rms  0.602  0.179% neg 0  invalid 762 tFOTS 0.0000 tGradient 1.9460 tsec 2.2370
#GCMRL#  212 dt  36.288000 rms  0.601  0.170% neg 0  invalid 762 tFOTS 0.0000 tGradient 1.9820 tsec 2.2760
#GCMRL#  213 dt  36.288000 rms  0.600  0.168% neg 0  invalid 762 tFOTS 0.0000 tGradient 2.0820 tsec 2.3790
#GCMRL#  214 dt  36.288000 rms  0.599  0.155% neg 0  invalid 762 tFOTS 0.0000 tGradient 1.9530 tsec 2.2500
#GCMRL#  215 dt  36.288000 rms  0.598  0.152% neg 0  invalid 762 tFOTS 0.0000 tGradient 2.0920 tsec 2.3890
#GCMRL#  216 dt  36.288000 rms  0.597  0.143% neg 0  invalid 762 tFOTS 0.0000 tGradient 2.0850 tsec 2.3840
#GCMRL#  217 dt  36.288000 rms  0.596  0.139% neg 0  invalid 762 tFOTS 0.0000 tGradient 2.0940 tsec 2.4000
#GCMRL#  218 dt  36.288000 rms  0.596  0.130% neg 0  invalid 762 tFOTS 0.0000 tGradient 2.1240 tsec 2.4300
#GCMRL#  219 dt  36.288000 rms  0.595  0.117% neg 0  invalid 762 tFOTS 0.0000 tGradient 2.0000 tsec 2.3000
#GCMRL#  220 dt  36.288000 rms  0.594  0.105% neg 0  invalid 762 tFOTS 0.0000 tGradient 2.0180 tsec 2.3180
#GCMRL#  221 dt  36.288000 rms  0.594  0.102% neg 0  invalid 762 tFOTS 0.0000 tGradient 1.9860 tsec 2.2830
#GCMRL#  222 dt  36.288000 rms  0.593  0.111% neg 0  invalid 762 tFOTS 0.0000 tGradient 1.8850 tsec 2.1790
#GCMRL#  223 dt  36.288000 rms  0.593  0.106% neg 0  invalid 762 tFOTS 0.0000 tGradient 1.8850 tsec 2.1850
#GCMRL#  224 dt  36.288000 rms  0.592  0.100% neg 0  invalid 762 tFOTS 0.0000 tGradient 1.8750 tsec 2.1720
#GCMRL#  225 dt  36.288000 rms  0.591  0.092% neg 0  invalid 762 tFOTS 0.0000 tGradient 1.8690 tsec 2.1640
#GCMRL#  226 dt  36.288000 rms  0.591  0.087% neg 0  invalid 762 tFOTS 0.0000 tGradient 1.8080 tsec 2.1090
#GCMRL#  227 dt  36.288000 rms  0.590  0.085% neg 0  invalid 762 tFOTS 0.0000 tGradient 1.8760 tsec 2.1730
#GCMRL#  228 dt  36.288000 rms  0.590  0.076% neg 0  invalid 762 tFOTS 0.0000 tGradient 1.8510 tsec 2.1480
#GCMRL#  229 dt  36.288000 rms  0.589  0.082% neg 0  invalid 762 tFOTS 0.0000 tGradient 1.8840 tsec 2.1830
#GCMRL#  230 dt  36.288000 rms  0.589  0.072% neg 0  invalid 762 tFOTS 0.0000 tGradient 1.8280 tsec 2.1310
#GCMRL#  231 dt  36.288000 rms  0.589  0.075% neg 0  invalid 762 tFOTS 0.0000 tGradient 2.0990 tsec 2.4000
#GCMRL#  232 dt  36.288000 rms  0.588  0.072% neg 0  invalid 762 tFOTS 0.0000 tGradient 2.1360 tsec 2.4370
#GCMRL#  233 dt  36.288000 rms  0.588  0.075% neg 0  invalid 762 tFOTS 0.0000 tGradient 1.9270 tsec 2.2330
#GCMRL#  234 dt  36.288000 rms  0.587  0.065% neg 0  invalid 762 tFOTS 0.0000 tGradient 1.9510 tsec 2.2420
#GCMRL#  235 dt  36.288000 rms  0.587  0.076% neg 0  invalid 762 tFOTS 0.0000 tGradient 1.9030 tsec 2.2000
#GCMRL#  236 dt  36.288000 rms  0.586  0.069% neg 0  invalid 762 tFOTS 0.0000 tGradient 1.8650 tsec 2.1630
#GCMRL#  237 dt  36.288000 rms  0.586  0.068% neg 0  invalid 762 tFOTS 0.0000 tGradient 1.9370 tsec 2.2590
#GCMRL#  238 dt  36.288000 rms  0.586  0.062% neg 0  invalid 762 tFOTS 0.0000 tGradient 2.0980 tsec 2.3890
#GCMRL#  239 dt  36.288000 rms  0.585  0.060% neg 0  invalid 762 tFOTS 0.0000 tGradient 1.9980 tsec 2.2970
#GCMRL#  240 dt  36.288000 rms  0.585  0.060% neg 0  invalid 762 tFOTS 0.0000 tGradient 1.9390 tsec 2.2420
#GCMRL#  241 dt  36.288000 rms  0.585  0.063% neg 0  invalid 762 tFOTS 0.0000 tGradient 2.0850 tsec 2.3910
#GCMRL#  242 dt  36.288000 rms  0.584  0.058% neg 0  invalid 762 tFOTS 0.0000 tGradient 2.0000 tsec 2.2990
#GCMRL#  243 dt  36.288000 rms  0.584  0.051% neg 0  invalid 762 tFOTS 0.0000 tGradient 2.0400 tsec 2.3390
#GCMRL#  244 dt  36.288000 rms  0.584  0.061% neg 0  invalid 762 tFOTS 0.0000 tGradient 1.9290 tsec 2.2340
#GCMRL#  245 dt  36.288000 rms  0.583  0.047% neg 0  invalid 762 tFOTS 0.0000 tGradient 1.9510 tsec 2.2670
#GCMRL#  246 dt  36.288000 rms  0.583  0.054% neg 0  invalid 762 tFOTS 0.0000 tGradient 1.9870 tsec 2.2890
#GCMRL#  247 dt  36.288000 rms  0.583  0.048% neg 0  invalid 762 tFOTS 0.0000 tGradient 2.0160 tsec 2.3350
#GCMRL#  248 dt  36.288000 rms  0.582  0.048% neg 0  invalid 762 tFOTS 0.0000 tGradient 1.9290 tsec 2.2220
#GCMRL#  249 dt  36.288000 rms  0.582  0.043% neg 0  invalid 762 tFOTS 0.0000 tGradient 1.9250 tsec 2.2280
#GCMRL#  250 dt  36.288000 rms  0.582  0.045% neg 0  invalid 762 tFOTS 0.0000 tGradient 1.9740 tsec 2.2720
#GCMRL#  251 dt  36.288000 rms  0.582  0.040% neg 0  invalid 762 tFOTS 0.0000 tGradient 1.9330 tsec 2.2300
#GCMRL#  252 dt  36.288000 rms  0.582  0.038% neg 0  invalid 762 tFOTS 0.0000 tGradient 1.8990 tsec 2.1920
#GCMRL#  253 dt  36.288000 rms  0.581  0.042% neg 0  invalid 762 tFOTS 0.0000 tGradient 1.8260 tsec 2.1170
#GCMRL#  254 dt  36.288000 rms  0.581  0.042% neg 0  invalid 762 tFOTS 0.0000 tGradient 1.9830 tsec 2.2790
#GCMRL#  255 dt  36.288000 rms  0.581  0.040% neg 0  invalid 762 tFOTS 0.0000 tGradient 2.0710 tsec 2.4090
#GCMRL#  256 dt  36.288000 rms  0.581  0.035% neg 0  invalid 762 tFOTS 0.0000 tGradient 2.2120 tsec 2.5020
#GCMRL#  257 dt  36.288000 rms  0.580  0.041% neg 0  invalid 762 tFOTS 0.0000 tGradient 1.8570 tsec 2.1420
#GCMRL#  258 dt  36.288000 rms  0.580  0.045% neg 0  invalid 762 tFOTS 0.0000 tGradient 2.0390 tsec 2.3340
#GCMRL#  259 dt  36.288000 rms  0.580  0.030% neg 0  invalid 762 tFOTS 0.0000 tGradient 2.0240 tsec 2.3220
#GCMRL#  260 dt  36.288000 rms  0.580  0.042% neg 0  invalid 762 tFOTS 0.0000 tGradient 2.1270 tsec 2.4430
#GCMRL#  261 dt  36.288000 rms  0.579  0.038% neg 0  invalid 762 tFOTS 0.0000 tGradient 2.0990 tsec 2.3940
#GCMRL#  262 dt  36.288000 rms  0.579  0.036% neg 0  invalid 762 tFOTS 0.0000 tGradient 2.0830 tsec 2.3760
#GCMRL#  263 dt  36.288000 rms  0.579  0.031% neg 0  invalid 762 tFOTS 0.0000 tGradient 2.0430 tsec 2.3370
#GCMRL#  264 dt  36.288000 rms  0.579  0.030% neg 0  invalid 762 tFOTS 0.0000 tGradient 1.8980 tsec 2.1880
#GCMRL#  265 dt  36.288000 rms  0.579  0.034% neg 0  invalid 762 tFOTS 0.0000 tGradient 2.0830 tsec 2.3920
#GCMRL#  266 dt  36.288000 rms  0.578  0.034% neg 0  invalid 762 tFOTS 0.0000 tGradient 2.0540 tsec 2.3680
#GCMRL#  267 dt  36.288000 rms  0.578  0.038% neg 0  invalid 762 tFOTS 0.0000 tGradient 2.0930 tsec 2.4070
#GCMRL#  268 dt  36.288000 rms  0.578  0.035% neg 0  invalid 762 tFOTS 0.0000 tGradient 2.0650 tsec 2.3750
#GCMRL#  269 dt  36.288000 rms  0.578  0.030% neg 0  invalid 762 tFOTS 0.0000 tGradient 2.0970 tsec 2.4140
#GCMRL#  270 dt  36.288000 rms  0.578  0.031% neg 0  invalid 762 tFOTS 0.0000 tGradient 2.0830 tsec 2.3800
#GCMRL#  271 dt  36.288000 rms  0.578  0.023% neg 0  invalid 762 tFOTS 0.0000 tGradient 1.9560 tsec 2.2460
#GCMRL#  272 dt  36.288000 rms  0.577  0.029% neg 0  invalid 762 tFOTS 0.0000 tGradient 1.9660 tsec 2.2540
#GCMRL#  273 dt  36.288000 rms  0.577  0.028% neg 0  invalid 762 tFOTS 0.0000 tGradient 2.0020 tsec 2.2910
#GCMRL#  274 dt  36.288000 rms  0.577  0.030% neg 0  invalid 762 tFOTS 0.0000 tGradient 1.9350 tsec 2.2170
#GCMRL#  275 dt  36.288000 rms  0.577  0.022% neg 0  invalid 762 tFOTS 0.0000 tGradient 1.8350 tsec 2.1440
#GCMRL#  276 dt  36.288000 rms  0.577  0.027% neg 0  invalid 762 tFOTS 0.0000 tGradient 1.8670 tsec 2.1480
#GCMRL#  277 dt  36.288000 rms  0.577  0.031% neg 0  invalid 762 tFOTS 0.0000 tGradient 1.9930 tsec 2.2970
#GCMRL#  278 dt  36.288000 rms  0.576  0.019% neg 0  invalid 762 tFOTS 0.0000 tGradient 1.9440 tsec 2.2270
#GCMRL#  279 dt  36.288000 rms  0.576  0.021% neg 0  invalid 762 tFOTS 0.0000 tGradient 2.0400 tsec 2.3540
#GCMRL#  280 dt  36.288000 rms  0.576  0.020% neg 0  invalid 762 tFOTS 0.0000 tGradient 2.0780 tsec 2.4420
#FOTS# QuadFit found better minimum quadopt=(dt=580.608,rms=0.576025) vs oldopt=(dt=414.72,rms=0.576037)
#GCMRL#  281 dt 580.608000 rms  0.576  0.041% neg 0  invalid 762 tFOTS 4.0090 tGradient 1.9930 tsec 6.2950
#GCMRL#  282 dt  25.920000 rms  0.576  0.000% neg 0  invalid 762 tFOTS 4.0620 tGradient 2.0180 tsec 6.3990

#GCAMreg# pass 0 level1 4 level2 1 tsec 336.609 sigma 0.5
l_jacobian=1.00 l_label=1.00 l_log_likelihood=0.20 l_smoothness=0.03 
tol=5.00e-02, dt=5.00e-02, exp_k=20.0, momentum=0.90, levels=6, niter=500, lbl_dist=10.00, avgs=64, sigma=0.5,type=2, relabel=0, neg=no

blurring input image with Gaussian with sigma=0.500...
GCAMRegisterLevel(): init RMS 0.576609
#FOTS# QuadFit found better minimum quadopt=(dt=93.8305,rms=0.573976) vs oldopt=(dt=103.68,rms=0.574001)
#GCMRL#  284 dt  93.830508 rms  0.574  0.457% neg 0  invalid 762 tFOTS 3.8980 tGradient 1.7860 tsec 5.9780
#FOTS# QuadFit found better minimum quadopt=(dt=74.6096,rms=0.572847) vs oldopt=(dt=103.68,rms=0.573)
#GCMRL#  285 dt  74.609626 rms  0.573  0.197% neg 0  invalid 762 tFOTS 3.9440 tGradient 1.9120 tsec 6.1460
#FOTS# QuadFit found better minimum quadopt=(dt=62.208,rms=0.572437) vs oldopt=(dt=103.68,rms=0.572583)
#GCMRL#  286 dt  62.208000 rms  0.572  0.072% neg 0  invalid 762 tFOTS 4.5780 tGradient 1.9530 tsec 6.8510
#FOTS# QuadFit found better minimum quadopt=(dt=145.152,rms=0.571561) vs oldopt=(dt=103.68,rms=0.571652)
#GCMRL#  287 dt 145.152000 rms  0.572  0.153% neg 0  invalid 762 tFOTS 4.3710 tGradient 2.0500 tsec 6.7550
#FOTS# QuadFit found better minimum quadopt=(dt=36.288,rms=0.571245) vs oldopt=(dt=25.92,rms=0.571289)
#GCMRL#  288 dt  36.288000 rms  0.571  0.055% neg 0  invalid 762 tFOTS 4.1980 tGradient 2.0050 tsec 6.5380
#FOTS# QuadFit found better minimum quadopt=(dt=497.664,rms=0.570154) vs oldopt=(dt=414.72,rms=0.570203)
#GCMRL#  289 dt 497.664000 rms  0.570  0.191% neg 0  invalid 762 tFOTS 4.4680 tGradient 2.0080 tsec 6.8160
#FOTS# QuadFit found better minimum quadopt=(dt=36.288,rms=0.569407) vs oldopt=(dt=25.92,rms=0.569543)
#GCMRL#  290 dt  36.288000 rms  0.569  0.131% neg 0  invalid 762 tFOTS 4.1530 tGradient 1.9060 tsec 6.4000
#FOTS# QuadFit found better minimum quadopt=(dt=145.152,rms=0.569043) vs oldopt=(dt=103.68,rms=0.569117)
#GCMRL#  291 dt 145.152000 rms  0.569  0.064% neg 0  invalid 762 tFOTS 4.4060 tGradient 2.0900 tsec 6.8270
#FOTS# QuadFit found better minimum quadopt=(dt=36.288,rms=0.568963) vs oldopt=(dt=25.92,rms=0.568977)
#GCMRL#  292 dt  36.288000 rms  0.569  0.000% neg 0  invalid 762 tFOTS 4.7740 tGradient 2.0370 tsec 7.1630
#GCMRL#  293 dt  36.288000 rms  0.569  0.009% neg 0  invalid 762 tFOTS 0.0000 tGradient 2.0560 tsec 2.3550
#GCMRL#  294 dt  36.288000 rms  0.569  0.014% neg 0  invalid 762 tFOTS 0.0000 tGradient 1.8310 tsec 2.1220
#GCMRL#  295 dt  36.288000 rms  0.569  0.037% neg 0  invalid 762 tFOTS 0.0000 tGradient 2.0280 tsec 2.3220
#GCMRL#  296 dt  36.288000 rms  0.568  0.045% neg 0  invalid 762 tFOTS 0.0000 tGradient 2.0160 tsec 2.3140
#GCMRL#  297 dt  36.288000 rms  0.568  0.047% neg 0  invalid 762 tFOTS 0.0000 tGradient 1.8990 tsec 2.1920
#GCMRL#  298 dt  36.288000 rms  0.568  0.057% neg 0  invalid 762 tFOTS 0.0000 tGradient 2.0710 tsec 2.3680
#GCMRL#  299 dt  36.288000 rms  0.567  0.053% neg 0  invalid 762 tFOTS 0.0000 tGradient 2.0330 tsec 2.3230
#GCMRL#  300 dt  36.288000 rms  0.567  0.054% neg 0  invalid 762 tFOTS 0.0000 tGradient 1.9960 tsec 2.2980
#GCMRL#  301 dt  36.288000 rms  0.567  0.052% neg 0  invalid 762 tFOTS 0.0000 tGradient 2.2280 tsec 2.5580
#GCMRL#  302 dt  36.288000 rms  0.567  0.055% neg 0  invalid 762 tFOTS 0.0000 tGradient 2.2180 tsec 2.5390
#GCMRL#  303 dt  36.288000 rms  0.566  0.067% neg 0  invalid 762 tFOTS 0.0000 tGradient 2.0260 tsec 2.3140
#GCMRL#  304 dt  36.288000 rms  0.566  0.063% neg 0  invalid 762 tFOTS 0.0000 tGradient 1.8760 tsec 2.1630
#GCMRL#  305 dt  36.288000 rms  0.566  0.054% neg 0  invalid 762 tFOTS 0.0000 tGradient 1.9490 tsec 2.2290
#GCMRL#  306 dt  36.288000 rms  0.565  0.047% neg 0  invalid 762 tFOTS 0.0000 tGradient 1.8290 tsec 2.1130
#GCMRL#  307 dt  36.288000 rms  0.565  0.045% neg 0  invalid 762 tFOTS 0.0000 tGradient 1.8620 tsec 2.1470
#GCMRL#  308 dt  36.288000 rms  0.565  0.050% neg 0  invalid 762 tFOTS 0.0000 tGradient 1.8610 tsec 2.1480
#GCMRL#  309 dt  36.288000 rms  0.564  0.049% neg 0  invalid 762 tFOTS 0.0000 tGradient 1.9860 tsec 2.2820
#GCMRL#  310 dt  36.288000 rms  0.564  0.046% neg 0  invalid 762 tFOTS 0.0000 tGradient 2.2520 tsec 2.5310
#GCMRL#  311 dt  36.288000 rms  0.564  0.044% neg 0  invalid 762 tFOTS 0.0000 tGradient 1.8600 tsec 2.1300
#GCMRL#  312 dt  36.288000 rms  0.564  0.039% neg 0  invalid 762 tFOTS 0.0000 tGradient 1.9380 tsec 2.2540
#GCMRL#  313 dt  36.288000 rms  0.563  0.037% neg 0  invalid 762 tFOTS 0.0000 tGradient 2.0620 tsec 2.3430
#GCMRL#  314 dt  36.288000 rms  0.563  0.039% neg 0  invalid 762 tFOTS 0.0000 tGradient 1.8780 tsec 2.1560
#GCMRL#  315 dt  36.288000 rms  0.563  0.041% neg 0  invalid 762 tFOTS 0.0000 tGradient 1.9640 tsec 2.2450
#GCMRL#  316 dt  36.288000 rms  0.563  0.041% neg 0  invalid 762 tFOTS 0.0000 tGradient 1.9040 tsec 2.1840
#GCMRL#  317 dt  36.288000 rms  0.563  0.037% neg 0  invalid 762 tFOTS 0.0000 tGradient 1.8530 tsec 2.1280
#GCMRL#  318 dt  36.288000 rms  0.562  0.034% neg 0  invalid 762 tFOTS 0.0000 tGradient 1.8490 tsec 2.1200
#GCMRL#  319 dt  36.288000 rms  0.562  0.030% neg 0  invalid 762 tFOTS 0.0000 tGradient 1.8690 tsec 2.1400
#GCMRL#  320 dt  36.288000 rms  0.562  0.029% neg 0  invalid 762 tFOTS 0.0000 tGradient 1.8990 tsec 2.1740
#GCMRL#  321 dt  36.288000 rms  0.562  0.030% neg 0  invalid 762 tFOTS 0.0000 tGradient 1.9230 tsec 2.2030
#GCMRL#  322 dt  36.288000 rms  0.562  0.027% neg 0  invalid 762 tFOTS 0.0000 tGradient 1.8860 tsec 2.1640
#GCMRL#  323 dt  36.288000 rms  0.562  0.030% neg 0  invalid 762 tFOTS 0.0000 tGradient 1.9720 tsec 2.2500
#GCMRL#  324 dt  36.288000 rms  0.561  0.026% neg 0  invalid 762 tFOTS 0.0000 tGradient 1.9350 tsec 2.2120
#GCMRL#  325 dt  36.288000 rms  0.561  0.024% neg 0  invalid 762 tFOTS 0.0000 tGradient 1.9310 tsec 2.2070
#GCMRL#  326 dt  36.288000 rms  0.561  0.024% neg 0  invalid 762 tFOTS 0.0000 tGradient 1.9160 tsec 2.2100
#GCMRL#  327 dt  36.288000 rms  0.561  0.026% neg 0  invalid 762 tFOTS 0.0000 tGradient 1.9040 tsec 2.1790
#GCMRL#  328 dt  36.288000 rms  0.561  0.029% neg 0  invalid 762 tFOTS 0.0000 tGradient 1.9450 tsec 2.2230
#GCMRL#  329 dt  36.288000 rms  0.561  0.030% neg 0  invalid 762 tFOTS 0.0000 tGradient 1.9290 tsec 2.2070
#GCMRL#  330 dt  36.288000 rms  0.561  0.024% neg 0  invalid 762 tFOTS 0.0000 tGradient 1.8890 tsec 2.1640
#GCMRL#  331 dt  36.288000 rms  0.560  0.024% neg 0  invalid 762 tFOTS 0.0000 tGradient 1.9910 tsec 2.2630
#GCMRL#  332 dt  36.288000 rms  0.560  0.019% neg 0  invalid 762 tFOTS 0.0000 tGradient 2.0980 tsec 2.3950
#FOTS# QuadFit found better minimum quadopt=(dt=145.152,rms=0.560296) vs oldopt=(dt=103.68,rms=0.5603)
#GCMRL#  333 dt 145.152000 rms  0.560  0.000% neg 0  invalid 762 tFOTS 4.1840 tGradient 1.9000 tsec 6.4070
setting smoothness cost coefficient to 0.118

#GCAMreg# pass 0 level1 3 level2 0 tsec 0 sigma 2
l_jacobian=1.00 l_label=1.00 l_log_likelihood=0.20 l_smoothness=0.12 
tol=5.00e-02, dt=5.00e-02, exp_k=20.0, momentum=0.90, levels=6, niter=500, lbl_dist=10.00, avgs=16, sigma=2.0,type=2, relabel=0, neg=no

blurring input image with Gaussian with sigma=2.000...
GCAMRegisterLevel(): init RMS 0.572725
#FOTS# QuadFit found better minimum quadopt=(dt=11.2,rms=0.571173) vs oldopt=(dt=8,rms=0.571356)
#GCMRL#  335 dt  11.200000 rms  0.571  0.271% neg 0  invalid 762 tFOTS 4.1070 tGradient 1.7870 tsec 6.1980
#FOTS# QuadFit found better minimum quadopt=(dt=25.6,rms=0.570233) vs oldopt=(dt=32,rms=0.570273)
#GCMRL#  336 dt  25.600000 rms  0.570  0.165% neg 0  invalid 762 tFOTS 4.2170 tGradient 1.7750 tsec 6.3680
#FOTS# QuadFit found better minimum quadopt=(dt=85.5033,rms=0.567504) vs oldopt=(dt=128,rms=0.568206)
#GCMRL#  337 dt  85.503320 rms  0.568  0.479% neg 0  invalid 762 tFOTS 4.5480 tGradient 1.8820 tsec 6.7650
#GCMRL#  338 dt 128.000000 rms  0.562  1.038% neg 0  invalid 762 tFOTS 4.3330 tGradient 1.6860 tsec 6.3480
#FOTS# QuadFit found better minimum quadopt=(dt=27.3307,rms=0.557732) vs oldopt=(dt=32,rms=0.557897)
#GCMRL#  339 dt  27.330656 rms  0.558  0.691% neg 0  invalid 762 tFOTS 4.1340 tGradient 1.6450 tsec 6.0920
#FOTS# QuadFit found better minimum quadopt=(dt=38.4,rms=0.556703) vs oldopt=(dt=32,rms=0.556706)
#GCMRL#  340 dt  38.400000 rms  0.557  0.184% neg 0  invalid 762 tFOTS 4.3930 tGradient 1.8640 tsec 6.5910
#FOTS# QuadFit found better minimum quadopt=(dt=44.8,rms=0.555238) vs oldopt=(dt=32,rms=0.555358)
#GCMRL#  341 dt  44.800000 rms  0.555  0.263% neg 0  invalid 762 tFOTS 4.4250 tGradient 1.9430 tsec 6.6890
#FOTS# QuadFit found better minimum quadopt=(dt=25.6,rms=0.554086) vs oldopt=(dt=32,rms=0.554117)
#GCMRL#  342 dt  25.600000 rms  0.554  0.207% neg 0  invalid 762 tFOTS 4.4220 tGradient 1.6080 tsec 6.3530
#FOTS# QuadFit found better minimum quadopt=(dt=44.8,rms=0.552945) vs oldopt=(dt=32,rms=0.553118)
#GCMRL#  343 dt  44.800000 rms  0.553  0.206% neg 0  invalid 762 tFOTS 4.2690 tGradient 1.8410 tsec 6.4280
#GCMRL#  344 dt  32.000000 rms  0.552  0.195% neg 0  invalid 762 tFOTS 4.2290 tGradient 1.6430 tsec 6.1870
#FOTS# QuadFit found better minimum quadopt=(dt=25.6,rms=0.551215) vs oldopt=(dt=32,rms=0.551264)
#GCMRL#  345 dt  25.600000 rms  0.551  0.118% neg 0  invalid 762 tFOTS 3.9990 tGradient 1.6660 tsec 6.0110
#FOTS# QuadFit found better minimum quadopt=(dt=44.8,rms=0.550061) vs oldopt=(dt=32,rms=0.550174)
#GCMRL#  346 dt  44.800000 rms  0.550  0.209% neg 0  invalid 762 tFOTS 4.7610 tGradient 1.8370 tsec 6.9940
#FOTS# QuadFit found better minimum quadopt=(dt=19.2,rms=0.54944) vs oldopt=(dt=32,rms=0.549594)
#GCMRL#  347 dt  19.200000 rms  0.549  0.113% neg 0  invalid 762 tFOTS 4.2890 tGradient 1.8410 tsec 6.4550
#FOTS# QuadFit found better minimum quadopt=(dt=179.2,rms=0.546508) vs oldopt=(dt=128,rms=0.547033)
#GCMRL#  348 dt 179.200000 rms  0.547  0.534% neg 0  invalid 762 tFOTS 4.2360 tGradient 1.6600 tsec 6.2260
#FOTS# QuadFit found better minimum quadopt=(dt=11.2,rms=0.545545) vs oldopt=(dt=8,rms=0.545791)
#GCMRL#  349 dt  11.200000 rms  0.546  0.176% neg 0  invalid 762 tFOTS 4.2460 tGradient 1.7590 tsec 6.3390
#FOTS# QuadFit found better minimum quadopt=(dt=19.2,rms=0.545) vs oldopt=(dt=32,rms=0.545146)
#GCMRL#  350 dt  19.200000 rms  0.545  0.100% neg 0  invalid 762 tFOTS 4.5150 tGradient 1.6640 tsec 6.5120
#FOTS# QuadFit found better minimum quadopt=(dt=102.4,rms=0.544004) vs oldopt=(dt=128,rms=0.544078)
#GCMRL#  351 dt 102.400000 rms  0.544  0.183% neg 0  invalid 762 tFOTS 4.2410 tGradient 1.7020 tsec 6.2780
#FOTS# QuadFit found better minimum quadopt=(dt=20.5128,rms=0.543135) vs oldopt=(dt=32,rms=0.543448)
#GCMRL#  352 dt  20.512821 rms  0.543  0.160% neg 0  invalid 762 tFOTS 4.4560 tGradient 1.6640 tsec 6.4980
#FOTS# QuadFit found better minimum quadopt=(dt=44.8,rms=0.542421) vs oldopt=(dt=32,rms=0.542519)
#GCMRL#  353 dt  44.800000 rms  0.542  0.131% neg 0  invalid 762 tFOTS 4.3380 tGradient 1.6890 tsec 6.3910
#FOTS# QuadFit found better minimum quadopt=(dt=19.2,rms=0.542121) vs oldopt=(dt=32,rms=0.54218)
#GCMRL#  354 dt  19.200000 rms  0.542  0.055% neg 0  invalid 762 tFOTS 4.4920 tGradient 1.9130 tsec 6.7330
#FOTS# QuadFit found better minimum quadopt=(dt=153.6,rms=0.540987) vs oldopt=(dt=128,rms=0.541002)
#GCMRL#  355 dt 153.600000 rms  0.541  0.209% neg 0  invalid 762 tFOTS 4.2250 tGradient 1.9440 tsec 6.4950
#FOTS# QuadFit found better minimum quadopt=(dt=11.2,rms=0.540131) vs oldopt=(dt=8,rms=0.540337)
#GCMRL#  356 dt  11.200000 rms  0.540  0.158% neg 0  invalid 762 tFOTS 4.1300 tGradient 1.7060 tsec 6.1690
#FOTS# QuadFit found better minimum quadopt=(dt=19.2,rms=0.539705) vs oldopt=(dt=32,rms=0.539788)
#GCMRL#  357 dt  19.200000 rms  0.540  0.079% neg 0  invalid 762 tFOTS 4.2010 tGradient 1.6320 tsec 6.1660
#FOTS# QuadFit found better minimum quadopt=(dt=102.4,rms=0.539118) vs oldopt=(dt=128,rms=0.539193)
#GCMRL#  358 dt 102.400000 rms  0.539  0.109% neg 0  invalid 762 tFOTS 4.8760 tGradient 1.7020 tsec 6.9450
#FOTS# QuadFit found better minimum quadopt=(dt=11.2,rms=0.538614) vs oldopt=(dt=8,rms=0.538722)
#GCMRL#  359 dt  11.200000 rms  0.539  0.093% neg 0  invalid 762 tFOTS 4.7210 tGradient 1.7520 tsec 6.8440
#FOTS# QuadFit found better minimum quadopt=(dt=38.4,rms=0.538285) vs oldopt=(dt=32,rms=0.538296)
#GCMRL#  360 dt  38.400000 rms  0.538  0.061% neg 0  invalid 762 tFOTS 4.5230 tGradient 1.6570 tsec 6.5670
#GCMRL#  361 dt  32.000000 rms  0.538  0.082% neg 0  invalid 762 tFOTS 4.5560 tGradient 1.9420 tsec 6.8510
#FOTS# QuadFit found better minimum quadopt=(dt=11.2,rms=0.537757) vs oldopt=(dt=8,rms=0.537779)
#GCMRL#  362 dt  11.200000 rms  0.538  0.000% neg 0  invalid 762 tFOTS 4.7450 tGradient 1.6360 tsec 6.8070
#GCMRL#  363 dt  11.200000 rms  0.538  0.025% neg 0  invalid 762 tFOTS 0.0000 tGradient 1.8110 tsec 2.1630
#GCMRL#  364 dt  11.200000 rms  0.537  0.034% neg 0  invalid 762 tFOTS 0.0000 tGradient 1.9780 tsec 2.3050
#GCMRL#  365 dt  11.200000 rms  0.537  0.047% neg 0  invalid 762 tFOTS 0.0000 tGradient 1.8860 tsec 2.1960
#GCMRL#  366 dt  11.200000 rms  0.537  0.060% neg 0  invalid 762 tFOTS 0.0000 tGradient 1.9580 tsec 2.3060
#GCMRL#  367 dt  11.200000 rms  0.536  0.072% neg 0  invalid 762 tFOTS 0.0000 tGradient 1.6640 tsec 1.9650
#GCMRL#  368 dt  11.200000 rms  0.536  0.081% neg 0  invalid 762 tFOTS 0.0000 tGradient 1.6470 tsec 1.9440
#GCMRL#  369 dt  11.200000 rms  0.536  0.089% neg 0  invalid 762 tFOTS 0.0000 tGradient 1.6490 tsec 1.9470
#GCMRL#  370 dt  11.200000 rms  0.535  0.095% neg 0  invalid 762 tFOTS 0.0000 tGradient 1.6170 tsec 1.9230
#GCMRL#  371 dt  11.200000 rms  0.535  0.097% neg 0  invalid 762 tFOTS 0.0000 tGradient 1.6200 tsec 1.9210
#GCMRL#  372 dt  11.200000 rms  0.534  0.102% neg 0  invalid 762 tFOTS 0.0000 tGradient 1.6300 tsec 1.9190
#GCMRL#  373 dt  11.200000 rms  0.533  0.102% neg 0  invalid 762 tFOTS 0.0000 tGradient 1.6470 tsec 1.9530
#GCMRL#  374 dt  11.200000 rms  0.533  0.105% neg 0  invalid 762 tFOTS 0.0000 tGradient 1.6860 tsec 1.9910
#GCMRL#  375 dt  11.200000 rms  0.532  0.097% neg 0  invalid 762 tFOTS 0.0000 tGradient 1.6740 tsec 1.9810
#GCMRL#  376 dt  11.200000 rms  0.532  0.102% neg 0  invalid 762 tFOTS 0.0000 tGradient 1.5980 tsec 1.9060
#GCMRL#  377 dt  11.200000 rms  0.531  0.100% neg 0  invalid 762 tFOTS 0.0000 tGradient 1.6220 tsec 1.9290
#GCMRL#  378 dt  11.200000 rms  0.531  0.098% neg 0  invalid 762 tFOTS 0.0000 tGradient 1.6440 tsec 1.9510
#GCMRL#  379 dt  11.200000 rms  0.530  0.092% neg 0  invalid 762 tFOTS 0.0000 tGradient 1.6300 tsec 1.9410
#GCMRL#  380 dt  11.200000 rms  0.530  0.090% neg 0  invalid 762 tFOTS 0.0000 tGradient 1.6710 tsec 1.9760
#GCMRL#  381 dt  11.200000 rms  0.529  0.078% neg 0  invalid 762 tFOTS 0.0000 tGradient 1.6370 tsec 1.9390
#GCMRL#  382 dt  11.200000 rms  0.529  0.076% neg 0  invalid 762 tFOTS 0.0000 tGradient 1.6490 tsec 1.9490
#GCMRL#  383 dt  11.200000 rms  0.529  0.069% neg 0  invalid 762 tFOTS 0.0000 tGradient 1.6590 tsec 1.9630
#GCMRL#  384 dt  11.200000 rms  0.528  0.070% neg 0  invalid 762 tFOTS 0.0000 tGradient 1.6450 tsec 1.9490
#GCMRL#  385 dt  11.200000 rms  0.528  0.072% neg 0  invalid 762 tFOTS 0.0000 tGradient 1.6510 tsec 1.9540
#GCMRL#  386 dt  11.200000 rms  0.528  0.064% neg 0  invalid 762 tFOTS 0.0000 tGradient 1.6560 tsec 1.9640
#GCMRL#  387 dt  11.200000 rms  0.527  0.064% neg 0  invalid 762 tFOTS 0.0000 tGradient 1.6110 tsec 1.9130
#GCMRL#  388 dt  11.200000 rms  0.527  0.003% neg 0  invalid 762 tFOTS 0.0000 tGradient 1.6340 tsec 2.1040
#GCMRL#  389 dt  11.200000 rms  0.527  0.009% neg 0  invalid 762 tFOTS 0.0000 tGradient 1.6340 tsec 1.9320
#GCMRL#  390 dt  11.200000 rms  0.527  0.011% neg 0  invalid 762 tFOTS 0.0000 tGradient 1.6340 tsec 1.9390
#GCMRL#  391 dt  11.200000 rms  0.527  0.012% neg 0  invalid 762 tFOTS 0.0000 tGradient 1.9490 tsec 2.2520
#GCMRL#  392 dt  11.200000 rms  0.527  0.013% neg 0  invalid 762 tFOTS 0.0000 tGradient 1.6380 tsec 1.9330
#GCMRL#  393 dt  11.200000 rms  0.527  0.018% neg 0  invalid 762 tFOTS 0.0000 tGradient 1.6220 tsec 1.9280
#GCMRL#  394 dt  11.200000 rms  0.527  0.023% neg 0  invalid 762 tFOTS 0.0000 tGradient 1.6110 tsec 1.9140
#GCMRL#  395 dt  11.200000 rms  0.527  0.021% neg 0  invalid 762 tFOTS 0.0000 tGradient 1.9060 tsec 2.2650
#FOTS# QuadFit found better minimum quadopt=(dt=102.4,rms=0.526496) vs oldopt=(dt=128,rms=0.526498)
#GCMRL#  396 dt 102.400000 rms  0.526  0.024% neg 0  invalid 762 tFOTS 4.5970 tGradient 1.9840 tsec 6.9150
#FOTS# QuadFit found better minimum quadopt=(dt=25.6,rms=0.52643) vs oldopt=(dt=32,rms=0.52644)
#GCMRL#  397 dt  25.600000 rms  0.526  0.000% neg 0  invalid 762 tFOTS 4.1140 tGradient 1.8870 tsec 6.3660
#GCMRL#  398 dt  25.600000 rms  0.526  0.021% neg 0  invalid 762 tFOTS 0.0000 tGradient 1.6240 tsec 1.9500
#GCMRL#  399 dt  25.600000 rms  0.526  0.007% neg 0  invalid 762 tFOTS 0.0000 tGradient 1.6770 tsec 2.0000
#GCMRL#  400 dt  25.600000 rms  0.526  0.014% neg 0  invalid 762 tFOTS 0.0000 tGradient 1.5920 tsec 1.9190
#GCMRL#  401 dt  25.600000 rms  0.526  0.043% neg 0  invalid 762 tFOTS 0.0000 tGradient 1.5840 tsec 1.9050
#GCMRL#  402 dt  25.600000 rms  0.526  0.038% neg 0  invalid 762 tFOTS 0.0000 tGradient 1.5870 tsec 1.9100
#GCMRL#  403 dt  25.600000 rms  0.526  0.040% neg 0  invalid 762 tFOTS 0.0000 tGradient 1.6480 tsec 1.9700
#GCMRL#  404 dt  25.600000 rms  0.525  0.029% neg 0  invalid 762 tFOTS 0.0000 tGradient 1.6530 tsec 1.9790
#GCMRL#  405 dt  25.600000 rms  0.525  0.052% neg 0  invalid 762 tFOTS 0.0000 tGradient 1.7080 tsec 2.0930
#GCMRL#  406 dt  25.600000 rms  0.525  0.022% neg 0  invalid 762 tFOTS 0.0000 tGradient 1.6410 tsec 2.1440
#GCMRL#  407 dt  25.600000 rms  0.525  0.013% neg 0  invalid 762 tFOTS 0.0000 tGradient 1.6280 tsec 2.0050
#FOTS# QuadFit found better minimum quadopt=(dt=11.2,rms=0.524964) vs oldopt=(dt=8,rms=0.524966)
#GCMRL#  408 dt  11.200000 rms  0.525  0.000% neg 0  invalid 762 tFOTS 4.5040 tGradient 1.6680 tsec 6.5360
#GCMRL#  409 dt  11.200000 rms  0.525  0.003% neg 0  invalid 762 tFOTS 0.0000 tGradient 1.5730 tsec 1.8880
#GCMRL#  410 dt  11.200000 rms  0.525  0.006% neg 0  invalid 762 tFOTS 0.0000 tGradient 1.6110 tsec 1.9250
#GCMRL#  411 dt  11.200000 rms  0.525  0.008% neg 0  invalid 762 tFOTS 0.0000 tGradient 1.5970 tsec 1.9050
#GCMRL#  412 dt  11.200000 rms  0.525  0.013% neg 0  invalid 762 tFOTS 0.0000 tGradient 1.5680 tsec 1.8800
#GCMRL#  413 dt  11.200000 rms  0.525  0.013% neg 0  invalid 762 tFOTS 0.0000 tGradient 1.6340 tsec 1.9480

#GCAMreg# pass 0 level1 3 level2 1 tsec 307.775 sigma 0.5
l_jacobian=1.00 l_label=1.00 l_log_likelihood=0.20 l_smoothness=0.12 
tol=5.00e-02, dt=5.00e-02, exp_k=20.0, momentum=0.90, levels=6, niter=500, lbl_dist=10.00, avgs=16, sigma=0.5,type=2, relabel=0, neg=no

blurring input image with Gaussian with sigma=0.500...
GCAMRegisterLevel(): init RMS 0.525295
#FOTS# QuadFit found better minimum quadopt=(dt=38.4,rms=0.521766) vs oldopt=(dt=32,rms=0.521861)
#GCMRL#  415 dt  38.400000 rms  0.522  0.672% neg 0  invalid 762 tFOTS 4.5520 tGradient 1.6120 tsec 6.5010
#FOTS# QuadFit found better minimum quadopt=(dt=38.4,rms=0.52046) vs oldopt=(dt=32,rms=0.520486)
#GCMRL#  416 dt  38.400000 rms  0.520  0.250% neg 0  invalid 762 tFOTS 4.9250 tGradient 1.6410 tsec 6.9440
#FOTS# QuadFit found better minimum quadopt=(dt=19.2,rms=0.519991) vs oldopt=(dt=32,rms=0.520073)
#GCMRL#  417 dt  19.200000 rms  0.520  0.090% neg 0  invalid 762 tFOTS 5.0040 tGradient 1.8930 tsec 7.2360
#FOTS# QuadFit found better minimum quadopt=(dt=153.6,rms=0.518743) vs oldopt=(dt=128,rms=0.518765)
#GCMRL#  418 dt 153.600000 rms  0.519  0.240% neg 0  invalid 762 tFOTS 4.3370 tGradient 1.7550 tsec 6.4350
#FOTS# QuadFit found better minimum quadopt=(dt=11.2,rms=0.518382) vs oldopt=(dt=8,rms=0.518442)
#GCMRL#  419 dt  11.200000 rms  0.518  0.070% neg 0  invalid 762 tFOTS 4.3180 tGradient 1.6600 tsec 6.3200
#FOTS# QuadFit found better minimum quadopt=(dt=25.6,rms=0.518244) vs oldopt=(dt=32,rms=0.518258)
#GCMRL#  420 dt  25.600000 rms  0.518  0.000% neg 0  invalid 762 tFOTS 4.4780 tGradient 1.6750 tsec 6.5520
#GCMRL#  421 dt  25.600000 rms  0.518  0.040% neg 0  invalid 762 tFOTS 0.0000 tGradient 1.9310 tsec 2.2820
#GCMRL#  422 dt  25.600000 rms  0.518  0.051% neg 0  invalid 762 tFOTS 0.0000 tGradient 1.7020 tsec 2.0330
#GCMRL#  423 dt  25.600000 rms  0.517  0.078% neg 0  invalid 762 tFOTS 0.0000 tGradient 1.6730 tsec 1.9980
#GCMRL#  424 dt  25.600000 rms  0.517  0.084% neg 0  invalid 762 tFOTS 0.0000 tGradient 1.6580 tsec 1.9740
#GCMRL#  425 dt  25.600000 rms  0.516  0.099% neg 0  invalid 762 tFOTS 0.0000 tGradient 1.6160 tsec 1.9340
#GCMRL#  426 dt  25.600000 rms  0.516  0.086% neg 0  invalid 762 tFOTS 0.0000 tGradient 1.6830 tsec 2.0160
#GCMRL#  427 dt  25.600000 rms  0.516  0.089% neg 0  invalid 762 tFOTS 0.0000 tGradient 1.6640 tsec 1.9990
#GCMRL#  428 dt  25.600000 rms  0.515  0.072% neg 0  invalid 762 tFOTS 0.0000 tGradient 1.6910 tsec 2.0120
#GCMRL#  429 dt  25.600000 rms  0.515  0.076% neg 0  invalid 762 tFOTS 0.0000 tGradient 1.5920 tsec 1.9020
#GCMRL#  430 dt  25.600000 rms  0.514  0.075% neg 0  invalid 762 tFOTS 0.0000 tGradient 1.5720 tsec 1.8880
#GCMRL#  431 dt  25.600000 rms  0.514  0.065% neg 0  invalid 762 tFOTS 0.0000 tGradient 1.6190 tsec 1.9260
#GCMRL#  432 dt  25.600000 rms  0.514  0.047% neg 0  invalid 762 tFOTS 0.0000 tGradient 1.6060 tsec 1.9180
#GCMRL#  433 dt  25.600000 rms  0.514  0.051% neg 0  invalid 762 tFOTS 0.0000 tGradient 1.6150 tsec 1.9390
#GCMRL#  434 dt  25.600000 rms  0.513  0.061% neg 0  invalid 762 tFOTS 0.0000 tGradient 1.9080 tsec 2.2770
#GCMRL#  435 dt  25.600000 rms  0.513  0.070% neg 0  invalid 762 tFOTS 0.0000 tGradient 1.9740 tsec 2.3500
#GCMRL#  436 dt  25.600000 rms  0.513  0.048% neg 0  invalid 762 tFOTS 0.0000 tGradient 1.9080 tsec 2.2600
#GCMRL#  437 dt  25.600000 rms  0.512  0.055% neg 0  invalid 762 tFOTS 0.0000 tGradient 1.8950 tsec 2.2550
#GCMRL#  438 dt  25.600000 rms  0.512  0.051% neg 0  invalid 762 tFOTS 0.0000 tGradient 1.8590 tsec 2.2240
#GCMRL#  439 dt  25.600000 rms  0.512  0.060% neg 0  invalid 762 tFOTS 0.0000 tGradient 1.9380 tsec 2.2790
#GCMRL#  440 dt  25.600000 rms  0.512  0.048% neg 0  invalid 762 tFOTS 0.0000 tGradient 1.7830 tsec 2.0830
#GCMRL#  441 dt  25.600000 rms  0.511  0.043% neg 0  invalid 762 tFOTS 0.0000 tGradient 1.7770 tsec 2.0800
#GCMRL#  442 dt  25.600000 rms  0.511  0.040% neg 0  invalid 762 tFOTS 0.0000 tGradient 1.7530 tsec 2.0550
#GCMRL#  443 dt  25.600000 rms  0.511  0.046% neg 0  invalid 762 tFOTS 0.0000 tGradient 1.7340 tsec 2.0300
#GCMRL#  444 dt  25.600000 rms  0.511  0.037% neg 0  invalid 762 tFOTS 0.0000 tGradient 1.7410 tsec 2.0390
#GCMRL#  445 dt  25.600000 rms  0.510  0.042% neg 0  invalid 762 tFOTS 0.0000 tGradient 1.7560 tsec 2.0550
#GCMRL#  446 dt  25.600000 rms  0.510  0.044% neg 0  invalid 762 tFOTS 0.0000 tGradient 1.7530 tsec 2.0780
#GCMRL#  447 dt  25.600000 rms  0.510  0.048% neg 0  invalid 762 tFOTS 0.0000 tGradient 1.7550 tsec 2.0830
#GCMRL#  448 dt  25.600000 rms  0.510  0.044% neg 0  invalid 762 tFOTS 0.0000 tGradient 1.7630 tsec 2.0610
#GCMRL#  449 dt  25.600000 rms  0.510  0.034% neg 0  invalid 762 tFOTS 0.0000 tGradient 1.9090 tsec 2.2350
#GCMRL#  450 dt  25.600000 rms  0.510  0.012% neg 0  invalid 762 tFOTS 0.0000 tGradient 1.8020 tsec 2.3660
#GCMRL#  451 dt  25.600000 rms  0.509  0.008% neg 0  invalid 762 tFOTS 0.0000 tGradient 1.7210 tsec 2.0670
#FOTS# QuadFit found better minimum quadopt=(dt=11.2,rms=0.509454) vs oldopt=(dt=8,rms=0.509458)
#GCMRL#  452 dt  11.200000 rms  0.509  0.008% neg 0  invalid 762 tFOTS 4.3310 tGradient 1.6780 tsec 6.3400
#FOTS# QuadFit found better minimum quadopt=(dt=44.8,rms=0.509418) vs oldopt=(dt=32,rms=0.509421)
#GCMRL#  453 dt  44.800000 rms  0.509  0.000% neg 0  invalid 762 tFOTS 4.6350 tGradient 1.7130 tsec 6.7740
setting smoothness cost coefficient to 0.400

#GCAMreg# pass 0 level1 2 level2 0 tsec 0 sigma 2
l_jacobian=1.00 l_label=1.00 l_log_likelihood=0.20 l_smoothness=0.40 
tol=5.00e-02, dt=5.00e-02, exp_k=20.0, momentum=0.90, levels=6, niter=500, lbl_dist=10.00, avgs=4, sigma=2.0,type=2, relabel=0, neg=no

blurring input image with Gaussian with sigma=2.000...
GCAMRegisterLevel(): init RMS 0.536447
#GCMRL#  455 dt   0.000000 rms  0.536  0.112% neg 0  invalid 762 tFOTS 3.8660 tGradient 1.6670 tsec 5.8610
#GCMRL#  456 dt   0.150000 rms  0.536  0.000% neg 0  invalid 762 tFOTS 4.0040 tGradient 1.5630 tsec 6.1430

#GCAMreg# pass 0 level1 2 level2 1 tsec 23.537 sigma 0.5
l_jacobian=1.00 l_label=1.00 l_log_likelihood=0.20 l_smoothness=0.40 
tol=5.00e-02, dt=5.00e-02, exp_k=20.0, momentum=0.90, levels=6, niter=500, lbl_dist=10.00, avgs=4, sigma=0.5,type=2, relabel=0, neg=no

blurring input image with Gaussian with sigma=0.500...
GCAMRegisterLevel(): init RMS 0.536447
#GCMRL#  458 dt   0.000000 rms  0.536  0.112% neg 0  invalid 762 tFOTS 4.2830 tGradient 1.6300 tsec 6.2520
#GCMRL#  459 dt   0.150000 rms  0.536  0.000% neg 0  invalid 762 tFOTS 4.1980 tGradient 1.7230 tsec 6.4860
setting smoothness cost coefficient to 1.000

#GCAMreg# pass 0 level1 1 level2 0 tsec 0 sigma 2
l_jacobian=1.00 l_label=1.00 l_log_likelihood=0.20 l_smoothness=1.00 
tol=5.00e-02, dt=5.00e-02, exp_k=20.0, momentum=0.90, levels=6, niter=500, lbl_dist=10.00, avgs=1, sigma=2.0,type=2, relabel=0, neg=no

blurring input image with Gaussian with sigma=2.000...
GCAMRegisterLevel(): init RMS 0.5886
#GCMRL#  461 dt   1.280000 rms  0.585  0.677% neg 0  invalid 762 tFOTS 3.9250 tGradient 1.4650 tsec 5.7290
#FOTS# QuadFit found better minimum quadopt=(dt=0.112,rms=0.58461) vs oldopt=(dt=0.08,rms=0.584614)
#GCMRL#  462 dt   0.112000 rms  0.585  0.000% neg 0  invalid 762 tFOTS 4.5380 tGradient 1.4490 tsec 6.3850

#GCAMreg# pass 0 level1 1 level2 1 tsec 23.831 sigma 0.5
l_jacobian=1.00 l_label=1.00 l_log_likelihood=0.20 l_smoothness=1.00 
tol=5.00e-02, dt=5.00e-02, exp_k=20.0, momentum=0.90, levels=6, niter=500, lbl_dist=10.00, avgs=1, sigma=0.5,type=2, relabel=0, neg=no

blurring input image with Gaussian with sigma=0.500...
GCAMRegisterLevel(): init RMS 0.585129
#FOTS# QuadFit found better minimum quadopt=(dt=0.448,rms=0.584265) vs oldopt=(dt=0.32,rms=0.584314)
#GCMRL#  464 dt   0.448000 rms  0.584  0.148% neg 0  invalid 762 tFOTS 4.2730 tGradient 1.3720 tsec 6.0500
#FOTS# QuadFit found better minimum quadopt=(dt=0.112,rms=0.584253) vs oldopt=(dt=0.08,rms=0.584258)
#GCMRL#  465 dt   0.112000 rms  0.584  0.000% neg 0  invalid 762 tFOTS 4.3000 tGradient 1.6120 tsec 6.2440
#GCMRL#  466 dt   0.112000 rms  0.584  0.002% neg 0  invalid 762 tFOTS 0.0000 tGradient 1.3520 tsec 1.6470
resetting metric properties...
setting smoothness cost coefficient to 2.000

#GCAMreg# pass 0 level1 0 level2 0 tsec 0 sigma 2
l_jacobian=1.00 l_label=1.00 l_log_likelihood=0.20 l_smoothness=2.00 
tol=5.00e-02, dt=5.00e-02, exp_k=20.0, momentum=0.90, levels=6, niter=500, lbl_dist=10.00, avgs=0, sigma=2.0,type=2, relabel=0, neg=no

blurring input image with Gaussian with sigma=2.000...
GCAMRegisterLevel(): init RMS 0.520979
#FOTS# QuadFit found better minimum quadopt=(dt=0.448,rms=0.506266) vs oldopt=(dt=0.32,rms=0.510131)
#GCMRL#  468 dt   0.448000 rms  0.506  2.824% neg 0  invalid 762 tFOTS 3.8850 tGradient 0.9290 tsec 5.1440
#FOTS# QuadFit found better minimum quadopt=(dt=0.448,rms=0.503) vs oldopt=(dt=0.32,rms=0.503911)
#GCMRL#  469 dt   0.448000 rms  0.503  0.645% neg 0  invalid 762 tFOTS 3.8640 tGradient 0.8610 tsec 5.0510
#FOTS# QuadFit found better minimum quadopt=(dt=0.448,rms=0.50108) vs oldopt=(dt=0.32,rms=0.501619)
#GCMRL#  470 dt   0.448000 rms  0.501  0.382% neg 0  invalid 762 tFOTS 3.6150 tGradient 0.8190 tsec 4.7540
#FOTS# QuadFit found better minimum quadopt=(dt=0.384,rms=0.500091) vs oldopt=(dt=0.32,rms=0.500248)
#GCMRL#  471 dt   0.384000 rms  0.500  0.197% neg 0  invalid 762 tFOTS 3.6190 tGradient 0.8210 tsec 4.7480
#GCMRL#  472 dt   0.320000 rms  0.499  0.130% neg 0  invalid 762 tFOTS 3.9610 tGradient 0.8150 tsec 5.0920
#FOTS# QuadFit found better minimum quadopt=(dt=0.384,rms=0.49884) vs oldopt=(dt=0.32,rms=0.498935)
#GCMRL#  473 dt   0.384000 rms  0.499  0.120% neg 0  invalid 762 tFOTS 3.7340 tGradient 0.8210 tsec 4.8770
#FOTS# QuadFit found better minimum quadopt=(dt=0.448,rms=0.498238) vs oldopt=(dt=0.32,rms=0.498395)
#GCMRL#  474 dt   0.448000 rms  0.498  0.121% neg 0  invalid 762 tFOTS 3.8630 tGradient 0.8470 tsec 5.0390
#FOTS# QuadFit found better minimum quadopt=(dt=0.384,rms=0.497884) vs oldopt=(dt=0.32,rms=0.497939)
#GCMRL#  475 dt   0.384000 rms  0.498  0.071% neg 0  invalid 762 tFOTS 3.9970 tGradient 0.8390 tsec 5.1660
#FOTS# QuadFit found better minimum quadopt=(dt=0.112,rms=0.497792) vs oldopt=(dt=0.08,rms=0.497822)
#GCMRL#  476 dt   0.112000 rms  0.498  0.000% neg 0  invalid 762 tFOTS 3.6240 tGradient 0.8440 tsec 4.8220
#GCMRL#  477 dt   0.112000 rms  0.498  0.022% neg 0  invalid 762 tFOTS 0.0000 tGradient 0.8360 tsec 1.1880
#GCMRL#  478 dt   0.112000 rms  0.498  0.036% neg 0  invalid 762 tFOTS 0.0000 tGradient 0.9070 tsec 1.2620
#GCMRL#  479 dt   0.112000 rms  0.497  0.048% neg 0  invalid 762 tFOTS 0.0000 tGradient 0.8550 tsec 1.1790
#GCMRL#  480 dt   0.112000 rms  0.497  0.053% neg 0  invalid 762 tFOTS 0.0000 tGradient 0.8170 tsec 1.1420
#GCMRL#  481 dt   0.112000 rms  0.497  0.058% neg 0  invalid 762 tFOTS 0.0000 tGradient 0.8420 tsec 1.1670
#GCMRL#  482 dt   0.112000 rms  0.496  0.061% neg 0  invalid 762 tFOTS 0.0000 tGradient 0.8440 tsec 1.1710
#GCMRL#  483 dt   0.112000 rms  0.496  0.059% neg 0  invalid 762 tFOTS 0.0000 tGradient 0.8440 tsec 1.1680
#GCMRL#  484 dt   0.112000 rms  0.496  0.057% neg 0  invalid 762 tFOTS 0.0000 tGradient 0.8530 tsec 1.1790
#GCMRL#  485 dt   0.112000 rms  0.496  0.054% neg 0  invalid 762 tFOTS 0.0000 tGradient 0.8330 tsec 1.1570
#GCMRL#  486 dt   0.112000 rms  0.495  0.043% neg 0  invalid 762 tFOTS 0.0000 tGradient 0.8350 tsec 1.1600
#GCMRL#  487 dt   0.112000 rms  0.495  0.037% neg 0  invalid 762 tFOTS 0.0000 tGradient 0.8490 tsec 1.1750
#GCMRL#  488 dt   0.112000 rms  0.495  0.034% neg 0  invalid 762 tFOTS 0.0000 tGradient 0.8380 tsec 1.1610
#GCMRL#  489 dt   0.112000 rms  0.495  0.021% neg 0  invalid 762 tFOTS 0.0000 tGradient 0.8430 tsec 1.1670
#GCMRL#  490 dt   0.112000 rms  0.495  0.019% neg 0  invalid 762 tFOTS 0.0000 tGradient 0.8200 tsec 1.1680

#GCAMreg# pass 0 level1 0 level2 1 tsec 75.282 sigma 0.5
l_jacobian=1.00 l_label=1.00 l_log_likelihood=0.20 l_smoothness=2.00 
tol=5.00e-02, dt=5.00e-02, exp_k=20.0, momentum=0.90, levels=6, niter=500, lbl_dist=10.00, avgs=0, sigma=0.5,type=2, relabel=0, neg=no

blurring input image with Gaussian with sigma=0.500...
GCAMRegisterLevel(): init RMS 0.495425
#FOTS# QuadFit found better minimum quadopt=(dt=0.232143,rms=0.4926) vs oldopt=(dt=0.08,rms=0.494023)
#GCMRL#  492 dt   0.232143 rms  0.493  0.570% neg 0  invalid 762 tFOTS 3.9770 tGradient 0.8190 tsec 5.1730
#GCMRL#  493 dt   0.320000 rms  0.491  0.327% neg 0  invalid 762 tFOTS 3.9840 tGradient 0.9650 tsec 5.2890
#GCMRL#  494 dt   0.320000 rms  0.490  0.124% neg 0  invalid 762 tFOTS 4.0660 tGradient 0.8320 tsec 5.2420
#GCMRL#  495 dt   0.320000 rms  0.490  0.000% neg 0  invalid 762 tFOTS 3.9880 tGradient 0.8570 tsec 5.2010
#GCMRL#  496 dt   0.320000 rms  0.490  0.025% neg 0  invalid 762 tFOTS 0.0000 tGradient 0.8520 tsec 1.1760
#GCMRL#  497 dt   0.160000 rms  0.490  0.005% neg 0  invalid 762 tFOTS 0.0000 tGradient 0.8520 tsec 1.5160
#GCMRL#  498 dt   0.160000 rms  0.490  0.014% neg 0  invalid 762 tFOTS 0.0000 tGradient 0.8530 tsec 1.1790
#GCMRL#  499 dt   0.160000 rms  0.490  0.013% neg 0  invalid 762 tFOTS 0.0000 tGradient 0.8580 tsec 1.2060
#FOTS# QuadFit found better minimum quadopt=(dt=0.112,rms=0.489857) vs oldopt=(dt=0.08,rms=0.489858)
GCAMregister done in 24.5027 min
********************* ALLOWING NEGATIVE NODES IN DEFORMATION********************************
noneg post
Starting GCAMregister()
label assignment complete, 0 changed (0.00%)
npasses = 1, nlevels = 6
#pass# 1 of 1 ************************
enabling zero nodes
setting smoothness cost coefficient to 0.008

#GCAMreg# pass 0 level1 5 level2 0 tsec 0 sigma 2
l_jacobian=1.00 l_label=1.00 l_log_likelihood=0.20 l_smoothness=0.01 
tol=2.50e-01, dt=5.00e-02, exp_k=20.0, momentum=0.90, levels=6, niter=500, lbl_dist=10.00, avgs=256, sigma=2.0,type=2, relabel=0, neg=yes

blurring input image with Gaussian with sigma=2.000...
GCAMRegisterLevel(): init RMS 0.488125
#GCMRL#  501 dt   0.000000 rms  0.487  0.133% neg 0  invalid 762 tFOTS 4.8540 tGradient 2.4380 tsec 7.6350

#GCAMreg# pass 0 level1 5 level2 1 tsec 23.151 sigma 0.5
l_jacobian=1.00 l_label=1.00 l_log_likelihood=0.20 l_smoothness=0.01 
tol=2.50e-01, dt=5.00e-02, exp_k=20.0, momentum=0.90, levels=6, niter=500, lbl_dist=10.00, avgs=256, sigma=0.5,type=2, relabel=0, neg=yes

blurring input image with Gaussian with sigma=0.500...
GCAMRegisterLevel(): init RMS 0.488125
#FOTS# QuadFit found better minimum quadopt=(dt=129.472,rms=0.487096) vs oldopt=(dt=92.48,rms=0.48717)
#GCMRL#  503 dt 129.472000 rms  0.487  0.211% neg 0  invalid 762 tFOTS 4.9940 tGradient 2.4600 tsec 7.7870
#GCMRL#  504 dt  92.480000 rms  0.487  0.000% neg 0  invalid 762 tFOTS 4.8470 tGradient 2.3430 tsec 7.5580
#GCMRL#  505 dt  92.480000 rms  0.487  0.013% neg 0  invalid 762 tFOTS 0.0000 tGradient 2.9020 tsec 3.2560
#GCMRL#  506 dt  92.480000 rms  0.487  0.021% neg 0  invalid 762 tFOTS 0.0000 tGradient 2.3940 tsec 2.7170
#GCMRL#  507 dt  92.480000 rms  0.487  0.019% neg 0  invalid 762 tFOTS 0.0000 tGradient 2.3700 tsec 2.6850
setting smoothness cost coefficient to 0.031

#GCAMreg# pass 0 level1 4 level2 0 tsec 0 sigma 2
l_jacobian=1.00 l_label=1.00 l_log_likelihood=0.20 l_smoothness=0.03 
tol=2.50e-01, dt=5.00e-02, exp_k=20.0, momentum=0.90, levels=6, niter=500, lbl_dist=10.00, avgs=64, sigma=2.0,type=2, relabel=0, neg=yes

blurring input image with Gaussian with sigma=2.000...
GCAMRegisterLevel(): init RMS 0.487384
#FOTS# QuadFit found better minimum quadopt=(dt=9.072,rms=0.486717) vs oldopt=(dt=6.48,rms=0.486721)
#GCMRL#  509 dt   9.072000 rms  0.487  0.137% neg 0  invalid 762 tFOTS 5.2120 tGradient 1.8940 tsec 7.4460
#FOTS# QuadFit found better minimum quadopt=(dt=5.33333,rms=0.486691) vs oldopt=(dt=6.48,rms=0.486691)
#GCMRL#  510 dt   5.333333 rms  0.487  0.000% neg 0  invalid 762 tFOTS 5.4180 tGradient 1.9010 tsec 7.6890

#GCAMreg# pass 0 level1 4 level2 1 tsec 25.591 sigma 0.5
l_jacobian=1.00 l_label=1.00 l_log_likelihood=0.20 l_smoothness=0.03 
tol=2.50e-01, dt=5.00e-02, exp_k=20.0, momentum=0.90, levels=6, niter=500, lbl_dist=10.00, avgs=64, sigma=0.5,type=2, relabel=0, neg=yes

blurring input image with Gaussian with sigma=0.500...
GCAMRegisterLevel(): init RMS 0.487342
#FOTS# QuadFit found better minimum quadopt=(dt=145.152,rms=0.48472) vs oldopt=(dt=103.68,rms=0.48497)
#GCMRL#  512 dt 145.152000 rms  0.485  0.538% neg 0  invalid 762 tFOTS 5.1270 tGradient 2.3650 tsec 7.8350
#FOTS# QuadFit found better minimum quadopt=(dt=36.288,rms=0.484251) vs oldopt=(dt=25.92,rms=0.484279)
#GCMRL#  513 dt  36.288000 rms  0.484  0.000% neg 0  invalid 762 tFOTS 5.2630 tGradient 2.0240 tsec 7.6560
#GCMRL#  514 dt  36.288000 rms  0.484  0.048% neg 0  invalid 762 tFOTS 0.0000 tGradient 2.1030 tsec 2.4260
#GCMRL#  515 dt  36.288000 rms  0.484  0.070% neg 0  invalid 762 tFOTS 0.0000 tGradient 2.0270 tsec 2.3490
#GCMRL#  516 dt  36.288000 rms  0.483  0.103% neg 0  invalid 762 tFOTS 0.0000 tGradient 2.0700 tsec 2.3860
iter 0, gcam->neg = 1
after 2 iterations, nbhd size=0, neg = 0
#GCMRL#  517 dt  36.288000 rms  0.483  0.111% neg 0  invalid 762 tFOTS 0.0000 tGradient 2.0490 tsec 3.8290
#GCMRL#  518 dt  36.288000 rms  0.482  0.123% neg 0  invalid 762 tFOTS 0.0000 tGradient 2.0500 tsec 2.3710
#GCMRL#  519 dt  36.288000 rms  0.482  0.104% neg 0  invalid 762 tFOTS 0.0000 tGradient 2.0260 tsec 2.3460
#GCMRL#  520 dt  36.288000 rms  0.481  0.094% neg 0  invalid 762 tFOTS 0.0000 tGradient 2.0710 tsec 2.4150
#FOTS# QuadFit found better minimum quadopt=(dt=82.944,rms=0.48098) vs oldopt=(dt=103.68,rms=0.480996)
setting smoothness cost coefficient to 0.118

#GCAMreg# pass 0 level1 3 level2 0 tsec 0 sigma 2
l_jacobian=1.00 l_label=1.00 l_log_likelihood=0.20 l_smoothness=0.12 
tol=2.50e-01, dt=5.00e-02, exp_k=20.0, momentum=0.90, levels=6, niter=500, lbl_dist=10.00, avgs=16, sigma=2.0,type=2, relabel=0, neg=yes

blurring input image with Gaussian with sigma=2.000...
GCAMRegisterLevel(): init RMS 0.48195
#FOTS# QuadFit found better minimum quadopt=(dt=21.8614,rms=0.480092) vs oldopt=(dt=32,rms=0.480396)
#GCMRL#  522 dt  21.861386 rms  0.480  0.386% neg 0  invalid 762 tFOTS 5.3080 tGradient 1.7410 tsec 7.3900
#FOTS# QuadFit found better minimum quadopt=(dt=44.8,rms=0.478224) vs oldopt=(dt=32,rms=0.478456)
iter 0, gcam->neg = 1
after 6 iterations, nbhd size=1, neg = 0
#GCMRL#  523 dt  44.800000 rms  0.478  0.387% neg 0  invalid 762 tFOTS 5.0770 tGradient 1.7500 tsec 10.9520
iter 0, gcam->neg = 1
after 2 iterations, nbhd size=0, neg = 0
#GCMRL#  524 dt  32.000000 rms  0.477  0.000% neg 0  invalid 762 tFOTS 4.9760 tGradient 1.7760 tsec 9.0050
iter 0, gcam->neg = 2
after 2 iterations, nbhd size=0, neg = 0
#GCMRL#  525 dt  32.000000 rms  0.476  0.201% neg 0  invalid 762 tFOTS 0.0000 tGradient 1.7650 tsec 4.1040
iter 0, gcam->neg = 2
after 5 iterations, nbhd size=0, neg = 0
#GCMRL#  526 dt  32.000000 rms  0.474  0.347% neg 0  invalid 762 tFOTS 0.0000 tGradient 1.8030 tsec 5.5070
iter 0, gcam->neg = 4
after 2 iterations, nbhd size=0, neg = 0
#GCMRL#  527 dt  32.000000 rms  0.474  0.119% neg 0  invalid 762 tFOTS 0.0000 tGradient 1.8190 tsec 4.1490
iter 0, gcam->neg = 11
after 11 iterations, nbhd size=1, neg = 0
#GCMRL#  528 dt  32.000000 rms  0.473  0.255% neg 0  invalid 762 tFOTS 0.0000 tGradient 1.7540 tsec 8.2960
iter 0, gcam->neg = 11
after 11 iterations, nbhd size=1, neg = 0
#GCMRL#  529 dt  32.000000 rms  0.472  0.048% neg 0  invalid 762 tFOTS 0.0000 tGradient 1.7760 tsec 8.2560
iter 0, gcam->neg = 10
after 16 iterations, nbhd size=1, neg = 0
#GCMRL#  530 dt  32.000000 rms  0.471  0.232% neg 0  invalid 762 tFOTS 0.0000 tGradient 1.7760 tsec 10.4560
iter 0, gcam->neg = 16
after 2 iterations, nbhd size=0, neg = 0
#GCMRL#  531 dt  32.000000 rms  0.471 -0.046% neg 0  invalid 762 tFOTS 0.0000 tGradient 1.8000 tsec 4.4100
#FOTS# QuadFit found better minimum quadopt=(dt=19.2,rms=0.470902) vs oldopt=(dt=32,rms=0.470971)
iter 0, gcam->neg = 1
after 1 iterations, nbhd size=0, neg = 0
#GCMRL#  532 dt  19.200000 rms  0.471  0.073% neg 0  invalid 762 tFOTS 5.3810 tGradient 1.6980 tsec 8.9240
#FOTS# QuadFit found better minimum quadopt=(dt=44.8,rms=0.470293) vs oldopt=(dt=32,rms=0.470404)
iter 0, gcam->neg = 2
after 1 iterations, nbhd size=0, neg = 0
#GCMRL#  533 dt  44.800000 rms  0.470  0.128% neg 0  invalid 762 tFOTS 4.6530 tGradient 1.6910 tsec 8.2150
#FOTS# QuadFit found better minimum quadopt=(dt=19.2,rms=0.470073) vs oldopt=(dt=32,rms=0.470113)

#GCAMreg# pass 0 level1 3 level2 1 tsec 104.778 sigma 0.5
l_jacobian=1.00 l_label=1.00 l_log_likelihood=0.20 l_smoothness=0.12 
tol=2.50e-01, dt=5.00e-02, exp_k=20.0, momentum=0.90, levels=6, niter=500, lbl_dist=10.00, avgs=16, sigma=0.5,type=2, relabel=0, neg=yes

blurring input image with Gaussian with sigma=0.500...
GCAMRegisterLevel(): init RMS 0.470733
#FOTS# QuadFit found better minimum quadopt=(dt=38.4,rms=0.465958) vs oldopt=(dt=32,rms=0.466095)
iter 0, gcam->neg = 1
after 1 iterations, nbhd size=0, neg = 0
#GCMRL#  535 dt  38.400000 rms  0.466  1.014% neg 0  invalid 762 tFOTS 5.1580 tGradient 1.7290 tsec 8.7240
#FOTS# QuadFit found better minimum quadopt=(dt=28.5644,rms=0.464067) vs oldopt=(dt=32,rms=0.464115)
#GCMRL#  536 dt  28.564417 rms  0.464  0.406% neg 0  invalid 762 tFOTS 5.1980 tGradient 2.0640 tsec 7.5960
#FOTS# QuadFit found better minimum quadopt=(dt=25.6,rms=0.463) vs oldopt=(dt=32,rms=0.463056)
#GCMRL#  537 dt  25.600000 rms  0.463  0.000% neg 0  invalid 762 tFOTS 5.2880 tGradient 1.7700 tsec 7.4180
#GCMRL#  538 dt  25.600000 rms  0.462  0.163% neg 0  invalid 762 tFOTS 0.0000 tGradient 1.7650 tsec 2.0800
#GCMRL#  539 dt  25.600000 rms  0.461  0.237% neg 0  invalid 762 tFOTS 0.0000 tGradient 1.7180 tsec 2.0300
iter 0, gcam->neg = 2
after 0 iterations, nbhd size=0, neg = 0
#GCMRL#  540 dt  25.600000 rms  0.460  0.205% neg 0  invalid 762 tFOTS 0.0000 tGradient 1.6870 tsec 3.0380
iter 0, gcam->neg = 4
after 1 iterations, nbhd size=0, neg = 0
#GCMRL#  541 dt  25.600000 rms  0.459  0.155% neg 0  invalid 762 tFOTS 0.0000 tGradient 1.7100 tsec 3.5680
iter 0, gcam->neg = 3
after 3 iterations, nbhd size=0, neg = 0
#GCMRL#  542 dt  25.600000 rms  0.459  0.066% neg 0  invalid 762 tFOTS 0.0000 tGradient 1.7040 tsec 4.4820
iter 0, gcam->neg = 2
after 3 iterations, nbhd size=0, neg = 0
#GCMRL#  543 dt  25.600000 rms  0.459  0.090% neg 0  invalid 762 tFOTS 0.0000 tGradient 1.7460 tsec 4.5310
iter 0, gcam->neg = 1
after 1 iterations, nbhd size=0, neg = 0
#GCMRL#  544 dt  25.600000 rms  0.459  0.034% neg 0  invalid 762 tFOTS 0.0000 tGradient 1.6730 tsec 3.5510
#FOTS# QuadFit found better minimum quadopt=(dt=11.2,rms=0.458301) vs oldopt=(dt=8,rms=0.458368)
#GCMRL#  545 dt  11.200000 rms  0.458  0.070% neg 0  invalid 762 tFOTS 4.9170 tGradient 1.6860 tsec 6.9320
#FOTS# QuadFit found better minimum quadopt=(dt=44.8,rms=0.457973) vs oldopt=(dt=32,rms=0.457994)
iter 0, gcam->neg = 1
after 1 iterations, nbhd size=0, neg = 0
#GCMRL#  546 dt  44.800000 rms  0.458  0.072% neg 0  invalid 762 tFOTS 4.6210 tGradient 1.6920 tsec 8.1720
#FOTS# QuadFit found better minimum quadopt=(dt=11.2,rms=0.457794) vs oldopt=(dt=8,rms=0.457832)
#GCMRL#  547 dt  11.200000 rms  0.458  0.000% neg 0  invalid 762 tFOTS 4.8800 tGradient 1.6840 tsec 6.9150
#GCMRL#  548 dt  11.200000 rms  0.458  0.021% neg 0  invalid 762 tFOTS 0.0000 tGradient 1.7410 tsec 2.0570
#GCMRL#  549 dt  11.200000 rms  0.458  0.024% neg 0  invalid 762 tFOTS 0.0000 tGradient 1.7060 tsec 2.0200
#GCMRL#  550 dt  11.200000 rms  0.457  0.032% neg 0  invalid 762 tFOTS 0.0000 tGradient 1.7040 tsec 2.0160
#GCMRL#  551 dt  11.200000 rms  0.457  0.034% neg 0  invalid 762 tFOTS 0.0000 tGradient 1.7050 tsec 2.0180
#GCMRL#  552 dt  11.200000 rms  0.457  0.033% neg 0  invalid 762 tFOTS 0.0000 tGradient 1.7010 tsec 2.0150
#GCMRL#  553 dt  11.200000 rms  0.457  0.042% neg 0  invalid 762 tFOTS 0.0000 tGradient 1.6960 tsec 2.0110
#GCMRL#  554 dt  11.200000 rms  0.457  0.042% neg 0  invalid 762 tFOTS 0.0000 tGradient 1.6900 tsec 2.0030
setting smoothness cost coefficient to 0.400

#GCAMreg# pass 0 level1 2 level2 0 tsec 0 sigma 2
l_jacobian=1.00 l_label=1.00 l_log_likelihood=0.20 l_smoothness=0.40 
tol=2.50e-01, dt=5.00e-02, exp_k=20.0, momentum=0.90, levels=6, niter=500, lbl_dist=10.00, avgs=4, sigma=2.0,type=2, relabel=0, neg=yes

blurring input image with Gaussian with sigma=2.000...
GCAMRegisterLevel(): init RMS 0.461954
#GCMRL#  556 dt   0.000000 rms  0.461  0.141% neg 0  invalid 762 tFOTS 5.1020 tGradient 1.4510 tsec 6.8720

#GCAMreg# pass 0 level1 2 level2 1 tsec 21.49 sigma 0.5
l_jacobian=1.00 l_label=1.00 l_log_likelihood=0.20 l_smoothness=0.40 
tol=2.50e-01, dt=5.00e-02, exp_k=20.0, momentum=0.90, levels=6, niter=500, lbl_dist=10.00, avgs=4, sigma=0.5,type=2, relabel=0, neg=yes

blurring input image with Gaussian with sigma=0.500...
GCAMRegisterLevel(): init RMS 0.461954
#FOTS# QuadFit found better minimum quadopt=(dt=1.33333,rms=0.461261) vs oldopt=(dt=0.72,rms=0.461273)
#GCMRL#  558 dt   1.333333 rms  0.461  0.150% neg 0  invalid 762 tFOTS 5.0000 tGradient 1.4580 tsec 6.7890
#FOTS# QuadFit found better minimum quadopt=(dt=1.5,rms=0.461233) vs oldopt=(dt=0.72,rms=0.461239)
#GCMRL#  559 dt   1.500000 rms  0.461  0.000% neg 0  invalid 762 tFOTS 5.0290 tGradient 1.4630 tsec 6.8480
#GCMRL#  560 dt   1.500000 rms  0.461  0.001% neg 0  invalid 762 tFOTS 0.0000 tGradient 1.4850 tsec 1.8020
setting smoothness cost coefficient to 1.000

#GCAMreg# pass 0 level1 1 level2 0 tsec 0 sigma 2
l_jacobian=1.00 l_label=1.00 l_log_likelihood=0.20 l_smoothness=1.00 
tol=2.50e-01, dt=5.00e-02, exp_k=20.0, momentum=0.90, levels=6, niter=500, lbl_dist=10.00, avgs=1, sigma=2.0,type=2, relabel=0, neg=yes

blurring input image with Gaussian with sigma=2.000...
GCAMRegisterLevel(): init RMS 0.470443
#FOTS# QuadFit found better minimum quadopt=(dt=0.448,rms=0.469654) vs oldopt=(dt=0.32,rms=0.469674)
#GCMRL#  562 dt   0.448000 rms  0.470  0.168% neg 0  invalid 762 tFOTS 5.1490 tGradient 1.3060 tsec 6.7840
#FOTS# QuadFit found better minimum quadopt=(dt=0.256,rms=0.469623) vs oldopt=(dt=0.32,rms=0.469626)
#GCMRL#  563 dt   0.256000 rms  0.470  0.000% neg 0  invalid 762 tFOTS 5.0940 tGradient 1.3090 tsec 6.7580

#GCAMreg# pass 0 level1 1 level2 1 tsec 23.372 sigma 0.5
l_jacobian=1.00 l_label=1.00 l_log_likelihood=0.20 l_smoothness=1.00 
tol=2.50e-01, dt=5.00e-02, exp_k=20.0, momentum=0.90, levels=6, niter=500, lbl_dist=10.00, avgs=1, sigma=0.5,type=2, relabel=0, neg=yes

blurring input image with Gaussian with sigma=0.500...
GCAMRegisterLevel(): init RMS 0.470269
#FOTS# QuadFit found better minimum quadopt=(dt=1.536,rms=0.468879) vs oldopt=(dt=1.28,rms=0.46889)
#GCMRL#  565 dt   1.536000 rms  0.469  0.296% neg 0  invalid 762 tFOTS 5.0140 tGradient 1.3130 tsec 6.6590
#FOTS# QuadFit found better minimum quadopt=(dt=0.448,rms=0.468786) vs oldopt=(dt=0.32,rms=0.4688)
#GCMRL#  566 dt   0.448000 rms  0.469  0.000% neg 0  invalid 762 tFOTS 5.0000 tGradient 1.3120 tsec 6.6650
#GCMRL#  567 dt   0.448000 rms  0.469  0.009% neg 0  invalid 762 tFOTS 0.0000 tGradient 1.3080 tsec 1.6220
resetting metric properties...
setting smoothness cost coefficient to 2.000

#GCAMreg# pass 0 level1 0 level2 0 tsec 0 sigma 2
l_jacobian=1.00 l_label=1.00 l_log_likelihood=0.20 l_smoothness=2.00 
tol=2.50e-01, dt=5.00e-02, exp_k=20.0, momentum=0.90, levels=6, niter=500, lbl_dist=10.00, avgs=0, sigma=2.0,type=2, relabel=0, neg=yes

blurring input image with Gaussian with sigma=2.000...
GCAMRegisterLevel(): init RMS 0.460825
#FOTS# QuadFit found better minimum quadopt=(dt=2.20539,rms=0.428097) vs oldopt=(dt=1.28,rms=0.43389)
iter 0, gcam->neg = 780
after 16 iterations, nbhd size=1, neg = 0
#GCMRL#  569 dt   2.205387 rms  0.430  6.648% neg 0  invalid 762 tFOTS 4.6520 tGradient 0.8100 tsec 12.5190
#FOTS# QuadFit found better minimum quadopt=(dt=0.064,rms=0.430009) vs oldopt=(dt=0.08,rms=0.430021)
#GCMRL#  570 dt   0.064000 rms  0.430  0.000% neg 0  invalid 762 tFOTS 5.1870 tGradient 0.9580 tsec 6.4900

#GCAMreg# pass 0 level1 0 level2 1 tsec 28.493 sigma 0.5
l_jacobian=1.00 l_label=1.00 l_log_likelihood=0.20 l_smoothness=2.00 
tol=2.50e-01, dt=5.00e-02, exp_k=20.0, momentum=0.90, levels=6, niter=500, lbl_dist=10.00, avgs=0, sigma=0.5,type=2, relabel=0, neg=yes

blurring input image with Gaussian with sigma=0.500...
GCAMRegisterLevel(): init RMS 0.430826
#FOTS# QuadFit found better minimum quadopt=(dt=0.064,rms=0.429879) vs oldopt=(dt=0.08,rms=0.429889)
#GCMRL#  572 dt   0.064000 rms  0.430  0.220% neg 0  invalid 762 tFOTS 5.0190 tGradient 0.9540 tsec 6.3080
#GCMRL#  573 dt   0.050000 rms  0.430  0.000% neg 0  invalid 762 tFOTS 4.8980 tGradient 0.9360 tsec 6.1930
label assignment complete, 0 changed (0.00%)
GCAMregister done in 7.26042 min
Starting GCAMcomputeMaxPriorLabels()
Morphing with label term set to 0 *******************************
Starting GCAMregister()
label assignment complete, 0 changed (0.00%)
npasses = 1, nlevels = 6
#pass# 1 of 1 ************************
enabling zero nodes
setting smoothness cost coefficient to 0.008

#GCAMreg# pass 0 level1 5 level2 0 tsec 0 sigma 2
l_jacobian=1.00 l_log_likelihood=0.20 l_smoothness=0.01 
tol=2.50e-01, dt=5.00e-02, exp_k=20.0, momentum=0.90, levels=6, niter=500, lbl_dist=10.00, avgs=256, sigma=2.0,type=2, relabel=0, neg=yes

blurring input image with Gaussian with sigma=2.000...
GCAMRegisterLevel(): init RMS 0.414837

#GCAMreg# pass 0 level1 5 level2 1 tsec 14.656 sigma 0.5
l_jacobian=1.00 l_log_likelihood=0.20 l_smoothness=0.01 
tol=2.50e-01, dt=5.00e-02, exp_k=20.0, momentum=0.90, levels=6, niter=500, lbl_dist=10.00, avgs=256, sigma=0.5,type=2, relabel=0, neg=yes

blurring input image with Gaussian with sigma=0.500...
GCAMRegisterLevel(): init RMS 0.414837
#FOTS# QuadFit found better minimum quadopt=(dt=55.488,rms=0.414788) vs oldopt=(dt=92.48,rms=0.414801)
#GCMRL#  576 dt  55.488000 rms  0.415  0.012% neg 0  invalid 762 tFOTS 4.3630 tGradient 1.8430 tsec 6.5340
#FOTS# QuadFit found better minimum quadopt=(dt=32.368,rms=0.414785) vs oldopt=(dt=23.12,rms=0.414785)
#GCMRL#  577 dt  32.368000 rms  0.415  0.000% neg 0  invalid 762 tFOTS 4.6270 tGradient 1.8510 tsec 6.8620
#GCMRL#  578 dt  32.368000 rms  0.415  0.000% neg 0  invalid 762 tFOTS 0.0000 tGradient 2.4590 tsec 2.7780
setting smoothness cost coefficient to 0.031

#GCAMreg# pass 0 level1 4 level2 0 tsec 0 sigma 2
l_jacobian=1.00 l_log_likelihood=0.20 l_smoothness=0.03 
tol=2.50e-01, dt=5.00e-02, exp_k=20.0, momentum=0.90, levels=6, niter=500, lbl_dist=10.00, avgs=64, sigma=2.0,type=2, relabel=0, neg=yes

blurring input image with Gaussian with sigma=2.000...
GCAMRegisterLevel(): init RMS 0.414969

#GCAMreg# pass 0 level1 4 level2 1 tsec 15.504 sigma 0.5
l_jacobian=1.00 l_log_likelihood=0.20 l_smoothness=0.03 
tol=2.50e-01, dt=5.00e-02, exp_k=20.0, momentum=0.90, levels=6, niter=500, lbl_dist=10.00, avgs=64, sigma=0.5,type=2, relabel=0, neg=yes

blurring input image with Gaussian with sigma=0.500...
GCAMRegisterLevel(): init RMS 0.414969
#FOTS# QuadFit found better minimum quadopt=(dt=82.944,rms=0.414764) vs oldopt=(dt=103.68,rms=0.414783)
#GCMRL#  581 dt  82.944000 rms  0.415  0.050% neg 0  invalid 762 tFOTS 4.9070 tGradient 1.8540 tsec 7.1210
#GCMRL#  582 dt 103.680000 rms  0.415  0.000% neg 0  invalid 762 tFOTS 4.8030 tGradient 1.9130 tsec 7.0940
setting smoothness cost coefficient to 0.118

#GCAMreg# pass 0 level1 3 level2 0 tsec 0 sigma 2
l_jacobian=1.00 l_log_likelihood=0.20 l_smoothness=0.12 
tol=2.50e-01, dt=5.00e-02, exp_k=20.0, momentum=0.90, levels=6, niter=500, lbl_dist=10.00, avgs=16, sigma=2.0,type=2, relabel=0, neg=yes

blurring input image with Gaussian with sigma=2.000...
GCAMRegisterLevel(): init RMS 0.415341
#FOTS# QuadFit found better minimum quadopt=(dt=4.8,rms=0.415269) vs oldopt=(dt=8,rms=0.415288)
#GCMRL#  584 dt   4.800000 rms  0.415  0.017% neg 0  invalid 762 tFOTS 4.9940 tGradient 1.4330 tsec 6.7850
#FOTS# QuadFit found better minimum quadopt=(dt=2.4,rms=0.41526) vs oldopt=(dt=2,rms=0.41526)
#GCMRL#  585 dt   2.400000 rms  0.415  0.000% neg 0  invalid 762 tFOTS 5.1650 tGradient 1.4310 tsec 6.9730

#GCAMreg# pass 0 level1 3 level2 1 tsec 23.836 sigma 0.5
l_jacobian=1.00 l_log_likelihood=0.20 l_smoothness=0.12 
tol=2.50e-01, dt=5.00e-02, exp_k=20.0, momentum=0.90, levels=6, niter=500, lbl_dist=10.00, avgs=16, sigma=0.5,type=2, relabel=0, neg=yes

blurring input image with Gaussian with sigma=0.500...
GCAMRegisterLevel(): init RMS 0.41526
#FOTS# QuadFit found better minimum quadopt=(dt=44.8,rms=0.41326) vs oldopt=(dt=32,rms=0.413487)
#GCMRL#  587 dt  44.800000 rms  0.413  0.482% neg 0  invalid 762 tFOTS 4.8750 tGradient 1.4770 tsec 6.6940
#FOTS# QuadFit found better minimum quadopt=(dt=25.6,rms=0.412486) vs oldopt=(dt=32,rms=0.412578)
#GCMRL#  588 dt  25.600000 rms  0.412  0.000% neg 0  invalid 762 tFOTS 4.9690 tGradient 1.4340 tsec 6.7390
#GCMRL#  589 dt  25.600000 rms  0.412  0.139% neg 0  invalid 762 tFOTS 0.0000 tGradient 1.3210 tsec 1.6170
#GCMRL#  590 dt  25.600000 rms  0.411  0.166% neg 0  invalid 762 tFOTS 0.0000 tGradient 1.2110 tsec 1.5070
iter 0, gcam->neg = 2
after 8 iterations, nbhd size=1, neg = 0
#GCMRL#  591 dt  25.600000 rms  0.410  0.219% neg 0  invalid 762 tFOTS 0.0000 tGradient 1.2470 tsec 6.3720
iter 0, gcam->neg = 4
after 5 iterations, nbhd size=0, neg = 0
#GCMRL#  592 dt  25.600000 rms  0.410  0.152% neg 0  invalid 762 tFOTS 0.0000 tGradient 1.2090 tsec 4.8130
iter 0, gcam->neg = 7
after 7 iterations, nbhd size=1, neg = 0
#GCMRL#  593 dt  25.600000 rms  0.409  0.173% neg 0  invalid 762 tFOTS 0.0000 tGradient 1.2370 tsec 5.9060
iter 0, gcam->neg = 3
after 7 iterations, nbhd size=1, neg = 0
#GCMRL#  594 dt  25.600000 rms  0.408  0.132% neg 0  invalid 762 tFOTS 0.0000 tGradient 1.2100 tsec 5.8850
iter 0, gcam->neg = 10
after 5 iterations, nbhd size=0, neg = 0
#GCMRL#  595 dt  25.600000 rms  0.408  0.144% neg 0  invalid 762 tFOTS 0.0000 tGradient 1.2290 tsec 4.9250
iter 0, gcam->neg = 7
after 8 iterations, nbhd size=1, neg = 0
#GCMRL#  596 dt  25.600000 rms  0.407  0.116% neg 0  invalid 762 tFOTS 0.0000 tGradient 1.2150 tsec 6.2980
iter 0, gcam->neg = 5
after 2 iterations, nbhd size=0, neg = 0
#GCMRL#  597 dt  25.600000 rms  0.407  0.114% neg 0  invalid 762 tFOTS 0.0000 tGradient 1.2200 tsec 3.5370
#GCMRL#  598 dt  32.000000 rms  0.407  0.000% neg 0  invalid 762 tFOTS 4.4090 tGradient 1.2210 tsec 5.9660
iter 0, gcam->neg = 1
after 8 iterations, nbhd size=1, neg = 0
#GCMRL#  599 dt  32.000000 rms  0.407  0.002% neg 0  invalid 762 tFOTS 0.0000 tGradient 1.2150 tsec 6.4410
#GCMRL#  600 dt  32.000000 rms  0.407  0.035% neg 0  invalid 762 tFOTS 0.0000 tGradient 1.1930 tsec 1.4870
iter 0, gcam->neg = 1
after 1 iterations, nbhd size=0, neg = 0
#GCMRL#  601 dt  32.000000 rms  0.406  0.035% neg 0  invalid 762 tFOTS 0.0000 tGradient 1.1910 tsec 3.0110
iter 0, gcam->neg = 3
after 16 iterations, nbhd size=2, neg = 0
setting smoothness cost coefficient to 0.400

#GCAMreg# pass 0 level1 2 level2 0 tsec 0 sigma 2
l_jacobian=1.00 l_log_likelihood=0.20 l_smoothness=0.40 
tol=2.50e-01, dt=5.00e-02, exp_k=20.0, momentum=0.90, levels=6, niter=500, lbl_dist=10.00, avgs=4, sigma=2.0,type=2, relabel=0, neg=yes

blurring input image with Gaussian with sigma=2.000...
GCAMRegisterLevel(): init RMS 0.410643
iter 0, gcam->neg = 1
after 0 iterations, nbhd size=0, neg = 0
#GCMRL#  603 dt   0.720000 rms  0.411  0.003% neg 0  invalid 762 tFOTS 4.6670 tGradient 1.0310 tsec 7.0360
#FOTS# QuadFit found better minimum quadopt=(dt=0.144,rms=0.410632) vs oldopt=(dt=0.18,rms=0.410632)
#GCMRL#  604 dt   0.144000 rms  0.411  0.000% neg 0  invalid 762 tFOTS 4.6160 tGradient 1.0230 tsec 6.0260

#GCAMreg# pass 0 level1 2 level2 1 tsec 22.511 sigma 0.5
l_jacobian=1.00 l_log_likelihood=0.20 l_smoothness=0.40 
tol=2.50e-01, dt=5.00e-02, exp_k=20.0, momentum=0.90, levels=6, niter=500, lbl_dist=10.00, avgs=4, sigma=0.5,type=2, relabel=0, neg=yes

blurring input image with Gaussian with sigma=0.500...
GCAMRegisterLevel(): init RMS 0.410632
#FOTS# QuadFit found better minimum quadopt=(dt=8,rms=0.410333) vs oldopt=(dt=2.88,rms=0.410431)
iter 0, gcam->neg = 1
after 0 iterations, nbhd size=0, neg = 0
#GCMRL#  606 dt   8.000000 rms  0.410  0.073% neg 0  invalid 762 tFOTS 4.6120 tGradient 1.0270 tsec 7.0330
#FOTS# QuadFit found better minimum quadopt=(dt=14.5882,rms=0.409921) vs oldopt=(dt=11.52,rms=0.409937)
iter 0, gcam->neg = 3
after 9 iterations, nbhd size=1, neg = 0
#GCMRL#  607 dt  14.588235 rms  0.410  0.076% neg 0  invalid 762 tFOTS 4.6000 tGradient 1.0320 tsec 11.0700
#FOTS# QuadFit found better minimum quadopt=(dt=28.9231,rms=0.409347) vs oldopt=(dt=11.52,rms=0.409607)
iter 0, gcam->neg = 40
after 18 iterations, nbhd size=1, neg = 0
#GCMRL#  608 dt  28.923077 rms  0.410  0.096% neg 0  invalid 762 tFOTS 4.7210 tGradient 1.0140 tsec 15.1680
#FOTS# QuadFit found better minimum quadopt=(dt=11.6667,rms=0.409094) vs oldopt=(dt=11.52,rms=0.409095)
iter 0, gcam->neg = 16
after 13 iterations, nbhd size=1, neg = 0
#GCMRL#  609 dt  11.666667 rms  0.409  0.123% neg 0  invalid 762 tFOTS 4.6670 tGradient 1.0270 tsec 13.0400
#FOTS# QuadFit found better minimum quadopt=(dt=9.216,rms=0.408886) vs oldopt=(dt=11.52,rms=0.408901)
iter 0, gcam->neg = 11
after 5 iterations, nbhd size=0, neg = 0
#GCMRL#  610 dt   9.216000 rms  0.409  0.000% neg 0  invalid 762 tFOTS 4.5230 tGradient 1.2190 tsec 9.4260
iter 0, gcam->neg = 6
after 15 iterations, nbhd size=1, neg = 0
#GCMRL#  611 dt   9.216000 rms  0.409  0.065% neg 0  invalid 762 tFOTS 0.0000 tGradient 1.0280 tsec 9.5290
iter 0, gcam->neg = 11
after 6 iterations, nbhd size=0, neg = 0
#GCMRL#  612 dt   9.216000 rms  0.408  0.087% neg 0  invalid 762 tFOTS 0.0000 tGradient 1.0330 tsec 5.2400
iter 0, gcam->neg = 23
after 13 iterations, nbhd size=1, neg = 0
#GCMRL#  613 dt   9.216000 rms  0.408  0.044% neg 0  invalid 762 tFOTS 0.0000 tGradient 1.0310 tsec 8.5930
iter 0, gcam->neg = 24
after 6 iterations, nbhd size=0, neg = 0
#GCMRL#  614 dt   9.216000 rms  0.408  0.061% neg 0  invalid 762 tFOTS 0.0000 tGradient 1.0300 tsec 5.2740
iter 0, gcam->neg = 32
after 16 iterations, nbhd size=1, neg = 0
#GCMRL#  615 dt   9.216000 rms  0.408  0.065% neg 0  invalid 762 tFOTS 0.0000 tGradient 1.0320 tsec 9.7980
iter 0, gcam->neg = 34
after 23 iterations, nbhd size=1, neg = 0
setting smoothness cost coefficient to 1.000

#GCAMreg# pass 0 level1 1 level2 0 tsec 0 sigma 2
l_jacobian=1.00 l_log_likelihood=0.20 l_smoothness=1.00 
tol=2.50e-01, dt=5.00e-02, exp_k=20.0, momentum=0.90, levels=6, niter=500, lbl_dist=10.00, avgs=1, sigma=2.0,type=2, relabel=0, neg=yes

blurring input image with Gaussian with sigma=2.000...
GCAMRegisterLevel(): init RMS 0.413972
#GCMRL#  617 dt   0.000050 rms  0.414  0.000% neg 0  invalid 762 tFOTS 5.6770 tGradient 0.8850 tsec 6.8640

#GCAMreg# pass 0 level1 1 level2 1 tsec 20.353 sigma 0.5
l_jacobian=1.00 l_log_likelihood=0.20 l_smoothness=1.00 
tol=2.50e-01, dt=5.00e-02, exp_k=20.0, momentum=0.90, levels=6, niter=500, lbl_dist=10.00, avgs=1, sigma=0.5,type=2, relabel=0, neg=yes

blurring input image with Gaussian with sigma=0.500...
GCAMRegisterLevel(): init RMS 0.413972
resetting metric properties...
setting smoothness cost coefficient to 2.000

#GCAMreg# pass 0 level1 0 level2 0 tsec 0 sigma 2
l_jacobian=1.00 l_log_likelihood=0.20 l_smoothness=2.00 
tol=2.50e-01, dt=5.00e-02, exp_k=20.0, momentum=0.90, levels=6, niter=500, lbl_dist=10.00, avgs=0, sigma=2.0,type=2, relabel=0, neg=yes

blurring input image with Gaussian with sigma=2.000...
GCAMRegisterLevel(): init RMS 0.403065
#FOTS# QuadFit found better minimum quadopt=(dt=1.10348,rms=0.393777) vs oldopt=(dt=1.28,rms=0.393988)
iter 0, gcam->neg = 621
after 20 iterations, nbhd size=1, neg = 0
#GCMRL#  620 dt   1.103478 rms  0.396  1.805% neg 0  invalid 762 tFOTS 4.4960 tGradient 0.3920 tsec 14.0620
#FOTS# QuadFit found better minimum quadopt=(dt=2.73438e-05,rms=0.395789) vs oldopt=(dt=1.95313e-05,rms=0.395789)
#GCMRL#  621 dt   0.000027 rms  0.396  0.000% neg 0  invalid 762 tFOTS 6.1920 tGradient 0.4610 tsec 6.9940

#GCAMreg# pass 0 level1 0 level2 1 tsec 29.873 sigma 0.5
l_jacobian=1.00 l_log_likelihood=0.20 l_smoothness=2.00 
tol=2.50e-01, dt=5.00e-02, exp_k=20.0, momentum=0.90, levels=6, niter=500, lbl_dist=10.00, avgs=0, sigma=0.5,type=2, relabel=0, neg=yes

blurring input image with Gaussian with sigma=0.500...
GCAMRegisterLevel(): init RMS 0.395789
#FOTS# QuadFit found better minimum quadopt=(dt=0.112,rms=0.395475) vs oldopt=(dt=0.08,rms=0.39552)
#GCMRL#  623 dt   0.112000 rms  0.395  0.079% neg 0  invalid 762 tFOTS 4.7370 tGradient 0.3870 tsec 5.4480
#FOTS# QuadFit found better minimum quadopt=(dt=0.112,rms=0.395301) vs oldopt=(dt=0.08,rms=0.395328)
#GCMRL#  624 dt   0.112000 rms  0.395  0.000% neg 0  invalid 762 tFOTS 4.9620 tGradient 0.3860 tsec 5.7030
#GCMRL#  625 dt   0.112000 rms  0.395  0.038% neg 0  invalid 762 tFOTS 0.0000 tGradient 0.4070 tsec 0.7600
#GCMRL#  626 dt   0.112000 rms  0.395  0.019% neg 0  invalid 762 tFOTS 0.0000 tGradient 0.4520 tsec 0.7520
GCAMregister done in 6.3054 min
writing output transformation to transforms/talairach.m3z...
GCAMwrite
Calls to gcamLogLikelihoodEnergy 4272 tmin = 1.74777
Calls to gcamLabelEnergy         3695 tmin = 1.2819
Calls to gcamJacobianEnergy      4272 tmin = 0.926983
Calls to gcamSmoothnessEnergy    4272 tmin = 5.12588
Calls to gcamLogLikelihoodTerm 628 tmin = 0.9855
Calls to gcamLabelTerm         575 tmin = 6.07882
Calls to gcamJacobianTerm      628 tmin = 1.31392
Calls to gcamSmoothnessTerm    628 tmin = 0.529367
Calls to gcamComputeGradient    628 tmin = 19.5107
Calls to gcamComputeMetricProperties    6180 tmin = 2.3453
mri_ca_register took 0 hours, 48 minutes and 47 seconds.
#VMPC# mri_ca_register VmPeak  3123044
FSRUNTIME@ mri_ca_register  0.8130 hours 16 threads
#--------------------------------------
#@# SubCort Seg Thu Mar 12 19:18:10 CET 2026

 mri_ca_label -relabel_unlikely 9 .3 -prior 0.5 -align norm.mgz transforms/talairach.m3z /opt/freesurfer/average/RB_all_2020-01-02.gca aseg.auto_noCCseg.mgz 

sysname  Linux
hostname dna020
machine  x86_64

setenv SUBJECTS_DIR /out/sourcedata/freesurfer
cd /out/sourcedata/freesurfer/sub-v1s20x0050348_ses-1/mri
mri_ca_label -relabel_unlikely 9 .3 -prior 0.5 -align norm.mgz transforms/talairach.m3z /opt/freesurfer/average/RB_all_2020-01-02.gca aseg.auto_noCCseg.mgz 

relabeling unlikely voxels with window_size = 9 and prior threshold 0.30
using Gibbs prior factor = 0.500
renormalizing sequences with structure alignment, equivalent to:
	-renormalize
	-renormalize_mean 0.500
	-regularize 0.500

== Number of threads available to for OpenMP = 16 == 
reading 1 input volumes
reading classifier array from /opt/freesurfer/average/RB_all_2020-01-02.gca
reading input volume from norm.mgz
average std[0] = 7.2
reading transform from transforms/talairach.m3z
setting orig areas to linear transform determinant scaled 5.70
Atlas used for the 3D morph was /opt/freesurfer/average/RB_all_2020-01-02.gca
average std = 7.2   using min determinant for regularization = 5.2
0 singular and 0 ill-conditioned covariance matrices regularized
labeling volume...
renormalizing by structure alignment....
renormalizing input #0
gca peak = 0.15521 (20)
mri peak = 0.07599 ( 4)
Left_Lateral_Ventricle (4): linear fit = 0.87 x + 0.0 (190 voxels, overlap=0.622)
Left_Lateral_Ventricle (4): linear fit = 0.87 x + 0.0 (190 voxels, peak = 17), gca=17.3
gca peak = 0.20380 (13)
mri peak = 0.12029 ( 8)
Right_Lateral_Ventricle (43): linear fit = 0.47 x + 0.0 (124 voxels, overlap=0.118)
Right_Lateral_Ventricle (43): linear fit = 0.47 x + 0.0 (124 voxels, peak =  6), gca=6.0
gca peak = 0.26283 (96)
mri peak = 0.08262 (100)
Right_Pallidum (52): linear fit = 1.04 x + 0.0 (627 voxels, overlap=0.751)
Right_Pallidum (52): linear fit = 1.04 x + 0.0 (627 voxels, peak = 100), gca=100.3
gca peak = 0.15814 (97)
mri peak = 0.09907 (101)
Left_Pallidum (13): linear fit = 0.99 x + 0.0 (598 voxels, overlap=1.010)
Left_Pallidum (13): linear fit = 0.99 x + 0.0 (598 voxels, peak = 96), gca=95.5
gca peak = 0.27624 (56)
mri peak = 0.09064 (60)
Right_Hippocampus (53): linear fit = 1.04 x + 0.0 (1000 voxels, overlap=1.008)
Right_Hippocampus (53): linear fit = 1.04 x + 0.0 (1000 voxels, peak = 59), gca=58.5
gca peak = 0.28723 (59)
mri peak = 0.10400 (60)
Left_Hippocampus (17): linear fit = 1.04 x + 0.0 (869 voxels, overlap=1.010)
Left_Hippocampus (17): linear fit = 1.04 x + 0.0 (869 voxels, peak = 62), gca=61.7
gca peak = 0.07623 (103)
mri peak = 0.09771 (103)
Right_Cerebral_White_Matter (41): linear fit = 1.00 x + 0.0 (48410 voxels, overlap=0.756)
Right_Cerebral_White_Matter (41): linear fit = 1.00 x + 0.0 (48410 voxels, peak = 104), gca=103.5
gca peak = 0.07837 (105)
mri peak = 0.08542 (105)
Left_Cerebral_White_Matter (2): linear fit = 1.00 x + 0.0 (41944 voxels, overlap=0.759)
Left_Cerebral_White_Matter (2): linear fit = 1.00 x + 0.0 (41944 voxels, peak = 105), gca=105.0
gca peak = 0.10165 (58)
mri peak = 0.04034 (57)
Left_Cerebral_Cortex (3): linear fit = 0.96 x + 0.0 (22856 voxels, overlap=0.939)
Left_Cerebral_Cortex (3): linear fit = 0.96 x + 0.0 (22856 voxels, peak = 56), gca=56.0
gca peak = 0.11113 (58)
mri peak = 0.04266 (57)
Right_Cerebral_Cortex (42): linear fit = 0.96 x + 0.0 (20873 voxels, overlap=0.889)
Right_Cerebral_Cortex (42): linear fit = 0.96 x + 0.0 (20873 voxels, peak = 56), gca=56.0
gca peak = 0.27796 (67)
mri peak = 0.13592 (68)
Right_Caudate (50): linear fit = 1.00 x + 0.0 (1030 voxels, overlap=0.966)
Right_Caudate (50): linear fit = 1.00 x + 0.0 (1030 voxels, peak = 67), gca=67.0
gca peak = 0.14473 (69)
mri peak = 0.11877 (67)
Left_Caudate (11): linear fit = 0.89 x + 0.0 (989 voxels, overlap=0.393)
Left_Caudate (11): linear fit = 0.89 x + 0.0 (989 voxels, peak = 62), gca=61.8
gca peak = 0.14301 (56)
mri peak = 0.04838 (61)
Left_Cerebellum_Cortex (8): linear fit = 1.04 x + 0.0 (18719 voxels, overlap=0.999)
Left_Cerebellum_Cortex (8): linear fit = 1.04 x + 0.0 (18719 voxels, peak = 59), gca=58.5
gca peak = 0.14610 (55)
mri peak = 0.04053 (61)
Right_Cerebellum_Cortex (47): linear fit = 1.04 x + 0.0 (18273 voxels, overlap=0.999)
Right_Cerebellum_Cortex (47): linear fit = 1.04 x + 0.0 (18273 voxels, peak = 57), gca=57.5
gca peak = 0.16309 (85)
mri peak = 0.10997 (88)
Left_Cerebellum_White_Matter (7): linear fit = 1.07 x + 0.0 (5743 voxels, overlap=0.661)
Left_Cerebellum_White_Matter (7): linear fit = 1.07 x + 0.0 (5743 voxels, peak = 91), gca=90.5
gca peak = 0.15172 (84)
mri peak = 0.08935 (88)
Right_Cerebellum_White_Matter (46): linear fit = 1.07 x + 0.0 (5193 voxels, overlap=0.762)
Right_Cerebellum_White_Matter (46): linear fit = 1.07 x + 0.0 (5193 voxels, peak = 89), gca=89.5
gca peak = 0.30461 (58)
mri peak = 0.18142 (66)
Left_Amygdala (18): linear fit = 1.12 x + 0.0 (455 voxels, overlap=0.206)
Left_Amygdala (18): linear fit = 1.12 x + 0.0 (455 voxels, peak = 65), gca=64.7
gca peak = 0.32293 (57)
mri peak = 0.11079 (63)
Right_Amygdala (54): linear fit = 1.12 x + 0.0 (517 voxels, overlap=0.895)
Right_Amygdala (54): linear fit = 1.12 x + 0.0 (517 voxels, peak = 64), gca=63.6
gca peak = 0.11083 (90)
mri peak = 0.06514 (90)
Left_Thalamus (10): linear fit = 1.00 x + 0.0 (4304 voxels, overlap=0.910)
Left_Thalamus (10): linear fit = 1.00 x + 0.0 (4304 voxels, peak = 90), gca=89.6
gca peak = 0.11393 (83)
mri peak = 0.07362 (80)
Right_Thalamus (49): linear fit = 1.00 x + 0.0 (3900 voxels, overlap=0.866)
Right_Thalamus (49): linear fit = 1.00 x + 0.0 (3900 voxels, peak = 83), gca=82.6
gca peak = 0.08575 (81)
mri peak = 0.08151 (78)
Left_Putamen (12): linear fit = 0.95 x + 0.0 (2012 voxels, overlap=0.821)
Left_Putamen (12): linear fit = 0.95 x + 0.0 (2012 voxels, peak = 77), gca=77.4
gca peak = 0.08618 (78)
mri peak = 0.07008 (75)
Right_Putamen (51): linear fit = 0.95 x + 0.0 (2137 voxels, overlap=0.809)
Right_Putamen (51): linear fit = 0.95 x + 0.0 (2137 voxels, peak = 74), gca=74.5
gca peak = 0.08005 (78)
mri peak = 0.06364 (92)
Brain_Stem (16): linear fit = 1.13 x + 0.0 (9116 voxels, overlap=0.492)
Brain_Stem (16): linear fit = 1.13 x + 0.0 (9116 voxels, peak = 89), gca=88.5
gca peak = 0.12854 (88)
mri peak = 0.09959 (93)
Right_VentralDC (60): linear fit = 1.08 x + 0.0 (1586 voxels, overlap=0.299)
Right_VentralDC (60): linear fit = 1.08 x + 0.0 (1586 voxels, peak = 95), gca=94.6
gca peak = 0.15703 (87)
mri peak = 0.07822 (97)
Left_VentralDC (28): linear fit = 1.13 x + 0.0 (1535 voxels, overlap=0.178)
Left_VentralDC (28): linear fit = 1.13 x + 0.0 (1535 voxels, peak = 99), gca=98.7
gca peak = 0.17522 (25)
uniform distribution in MR - rejecting arbitrary fit
gca peak = 0.17113 (14)
mri peak = 0.21554 ( 4)
Fourth_Ventricle (15): linear fit = 0.22 x + 0.0 (99 voxels, overlap=0.018)
Fourth_Ventricle (15): linear fit = 0.22 x + 0.0 (99 voxels, peak =  3), gca=3.0
gca peak Unknown = 0.94777 ( 0)
gca peak Left_Inf_Lat_Vent = 0.16627 (28)
gca peak Third_Ventricle = 0.17522 (25)
gca peak Fourth_Ventricle = 0.17113 (14)
gca peak CSF = 0.20346 (36)
gca peak Left_Accumbens_area = 0.70646 (62)
gca peak Left_undetermined = 1.00000 (28)
gca peak Left_vessel = 0.89917 (53)
gca peak Left_choroid_plexus = 0.11689 (35)
gca peak Right_Inf_Lat_Vent = 0.25504 (23)
gca peak Right_Accumbens_area = 0.31650 (65)
gca peak Right_vessel = 0.77268 (52)
gca peak Right_choroid_plexus = 0.13275 (38)
gca peak Fifth_Ventricle = 0.60973 (33)
gca peak WM_hypointensities = 0.11013 (77)
gca peak non_WM_hypointensities = 0.11354 (41)
gca peak Optic_Chiasm = 0.51646 (76)
not using caudate to estimate GM means
estimating mean gm scale to be 1.04 x + 0.0
estimating mean wm scale to be 1.00 x + 0.0
estimating mean csf scale to be 0.67 x + 0.0
saving intensity scales to aseg.auto_noCCseg.label_intensities.txt
renormalizing by structure alignment....
renormalizing input #0
gca peak = 0.17274 (16)
mri peak = 0.07599 ( 4)
Left_Lateral_Ventricle (4): linear fit = 0.99 x + 0.0 (190 voxels, overlap=0.837)
Left_Lateral_Ventricle (4): linear fit = 0.99 x + 0.0 (190 voxels, peak = 16), gca=15.8
gca peak = 0.33404 ( 6)
mri peak = 0.12029 ( 8)
Right_Lateral_Ventricle (43): linear fit = 1.09 x + 0.0 (124 voxels, overlap=0.541)
Right_Lateral_Ventricle (43): linear fit = 1.09 x + 0.0 (124 voxels, peak =  7), gca=6.5
gca peak = 0.20924 (100)
mri peak = 0.08262 (100)
Right_Pallidum (52): linear fit = 1.00 x + 0.0 (627 voxels, overlap=0.984)
Right_Pallidum (52): linear fit = 1.00 x + 0.0 (627 voxels, peak = 100), gca=100.5
gca peak = 0.17995 (95)
mri peak = 0.09907 (101)
Left_Pallidum (13): linear fit = 1.01 x + 0.0 (598 voxels, overlap=1.004)
Left_Pallidum (13): linear fit = 1.01 x + 0.0 (598 voxels, peak = 96), gca=96.4
gca peak = 0.27392 (58)
mri peak = 0.09064 (60)
Right_Hippocampus (53): linear fit = 1.02 x + 0.0 (1000 voxels, overlap=1.006)
Right_Hippocampus (53): linear fit = 1.02 x + 0.0 (1000 voxels, peak = 59), gca=59.4
gca peak = 0.33733 (59)
mri peak = 0.10400 (60)
Left_Hippocampus (17): linear fit = 1.00 x + 0.0 (869 voxels, overlap=1.008)
Left_Hippocampus (17): linear fit = 1.00 x + 0.0 (869 voxels, peak = 59), gca=59.0
gca peak = 0.07891 (104)
mri peak = 0.09771 (103)
Right_Cerebral_White_Matter (41): linear fit = 1.00 x + 0.0 (48410 voxels, overlap=0.772)
Right_Cerebral_White_Matter (41): linear fit = 1.00 x + 0.0 (48410 voxels, peak = 104), gca=104.0
gca peak = 0.07837 (105)
mri peak = 0.08542 (105)
Left_Cerebral_White_Matter (2): linear fit = 1.00 x + 0.0 (41944 voxels, overlap=0.759)
Left_Cerebral_White_Matter (2): linear fit = 1.00 x + 0.0 (41944 voxels, peak = 105), gca=105.0
gca peak = 0.10494 (56)
mri peak = 0.04034 (57)
Left_Cerebral_Cortex (3): linear fit = 1.02 x + 0.0 (22856 voxels, overlap=0.976)
Left_Cerebral_Cortex (3): linear fit = 1.02 x + 0.0 (22856 voxels, peak = 57), gca=57.4
gca peak = 0.11514 (56)
mri peak = 0.04266 (57)
Right_Cerebral_Cortex (42): linear fit = 1.04 x + 0.0 (20873 voxels, overlap=0.902)
Right_Cerebral_Cortex (42): linear fit = 1.04 x + 0.0 (20873 voxels, peak = 59), gca=58.5
gca peak = 0.27797 (67)
mri peak = 0.13592 (68)
Right_Caudate (50): linear fit = 1.00 x + 0.0 (1030 voxels, overlap=0.966)
Right_Caudate (50): linear fit = 1.00 x + 0.0 (1030 voxels, peak = 67), gca=67.0
gca peak = 0.13576 (62)
mri peak = 0.11877 (67)
Left_Caudate (11): linear fit = 1.01 x + 0.0 (989 voxels, overlap=0.923)
Left_Caudate (11): linear fit = 1.01 x + 0.0 (989 voxels, peak = 63), gca=62.9
gca peak = 0.13405 (58)
mri peak = 0.04838 (61)
Left_Cerebellum_Cortex (8): linear fit = 1.02 x + 0.0 (18719 voxels, overlap=1.000)
Left_Cerebellum_Cortex (8): linear fit = 1.02 x + 0.0 (18719 voxels, peak = 59), gca=59.4
gca peak = 0.15508 (58)
mri peak = 0.04053 (61)
Right_Cerebellum_Cortex (47): linear fit = 1.02 x + 0.0 (18273 voxels, overlap=0.997)
Right_Cerebellum_Cortex (47): linear fit = 1.02 x + 0.0 (18273 voxels, peak = 59), gca=59.4
gca peak = 0.15236 (90)
mri peak = 0.10997 (88)
Left_Cerebellum_White_Matter (7): linear fit = 0.98 x + 0.0 (5743 voxels, overlap=0.953)
Left_Cerebellum_White_Matter (7): linear fit = 0.98 x + 0.0 (5743 voxels, peak = 88), gca=87.8
gca peak = 0.16794 (90)
mri peak = 0.08935 (88)
Right_Cerebellum_White_Matter (46): linear fit = 0.98 x + 0.0 (5193 voxels, overlap=0.970)
Right_Cerebellum_White_Matter (46): linear fit = 0.98 x + 0.0 (5193 voxels, peak = 88), gca=87.8
gca peak = 0.20901 (63)
mri peak = 0.18142 (66)
Left_Amygdala (18): linear fit = 1.00 x + 0.0 (455 voxels, overlap=0.962)
Left_Amygdala (18): linear fit = 1.00 x + 0.0 (455 voxels, peak = 63), gca=63.0
gca peak = 0.29288 (64)
mri peak = 0.11079 (63)
Right_Amygdala (54): linear fit = 1.01 x + 0.0 (517 voxels, overlap=1.014)
Right_Amygdala (54): linear fit = 1.01 x + 0.0 (517 voxels, peak = 65), gca=65.0
gca peak = 0.10297 (88)
mri peak = 0.06514 (90)
Left_Thalamus (10): linear fit = 1.00 x + 0.0 (4304 voxels, overlap=0.903)
Left_Thalamus (10): linear fit = 1.00 x + 0.0 (4304 voxels, peak = 88), gca=88.0
gca peak = 0.10243 (80)
mri peak = 0.07362 (80)
Right_Thalamus (49): linear fit = 1.00 x + 0.0 (3900 voxels, overlap=0.890)
Right_Thalamus (49): linear fit = 1.00 x + 0.0 (3900 voxels, peak = 80), gca=79.6
gca peak = 0.09233 (72)
mri peak = 0.08151 (78)
Left_Putamen (12): linear fit = 1.00 x + 0.0 (2012 voxels, overlap=0.881)
Left_Putamen (12): linear fit = 1.00 x + 0.0 (2012 voxels, peak = 72), gca=72.0
gca peak = 0.09927 (74)
mri peak = 0.07008 (75)
Right_Putamen (51): linear fit = 1.00 x + 0.0 (2137 voxels, overlap=0.906)
Right_Putamen (51): linear fit = 1.00 x + 0.0 (2137 voxels, peak = 74), gca=74.0
gca peak = 0.07838 (89)
mri peak = 0.06364 (92)
Brain_Stem (16): linear fit = 1.00 x + 0.0 (9116 voxels, overlap=0.880)
Brain_Stem (16): linear fit = 1.00 x + 0.0 (9116 voxels, peak = 89), gca=89.0
gca peak = 0.13208 (96)
mri peak = 0.09959 (93)
Right_VentralDC (60): linear fit = 1.00 x + 0.0 (1586 voxels, overlap=0.752)
Right_VentralDC (60): linear fit = 1.00 x + 0.0 (1586 voxels, peak = 96), gca=95.5
gca peak = 0.15166 (97)
mri peak = 0.07822 (97)
Left_VentralDC (28): linear fit = 1.00 x + 0.0 (1535 voxels, overlap=0.866)
Left_VentralDC (28): linear fit = 1.00 x + 0.0 (1535 voxels, peak = 97), gca=97.5
gca peak = 0.24149 (17)
uniform distribution in MR - rejecting arbitrary fit
gca peak = 0.21413 (10)
mri peak = 0.21554 ( 4)
Fourth_Ventricle (15): linear fit = 0.28 x + 0.0 (99 voxels, overlap=0.023)
Fourth_Ventricle (15): linear fit = 0.28 x + 0.0 (99 voxels, peak =  3), gca=2.8
gca peak Unknown = 0.94777 ( 0)
gca peak Left_Inf_Lat_Vent = 0.17817 (29)
gca peak Third_Ventricle = 0.24149 (17)
gca peak Fourth_Ventricle = 0.21413 (10)
gca peak CSF = 0.31516 (24)
gca peak Left_Accumbens_area = 0.65346 (56)
gca peak Left_undetermined = 1.00000 (28)
gca peak Left_vessel = 0.89386 (53)
gca peak Left_choroid_plexus = 0.11689 (35)
gca peak Right_Inf_Lat_Vent = 0.25057 (24)
gca peak Right_Accumbens_area = 0.31691 (65)
gca peak Right_vessel = 0.77268 (52)
gca peak Right_choroid_plexus = 0.13275 (38)
gca peak Fifth_Ventricle = 0.60973 (22)
gca peak WM_hypointensities = 0.09654 (76)
gca peak non_WM_hypointensities = 0.14695 (41)
gca peak Optic_Chiasm = 0.60639 (76)
not using caudate to estimate GM means
estimating mean gm scale to be 1.02 x + 0.0
estimating mean wm scale to be 1.00 x + 0.0
estimating mean csf scale to be 1.04 x + 0.0
saving intensity scales to aseg.auto_noCCseg.label_intensities.txt
saving sequentially combined intensity scales to aseg.auto_noCCseg.label_intensities.txt
49123 voxels changed in iteration 0 of unlikely voxel relabeling
295 voxels changed in iteration 1 of unlikely voxel relabeling
7 voxels changed in iteration 2 of unlikely voxel relabeling
0 voxels changed in iteration 3 of unlikely voxel relabeling
30476 gm and wm labels changed (%31 to gray, %69 to white out of all changed labels)
341 hippocampal voxels changed.
0 amygdala voxels changed.
Reclassifying using Gibbs Priors
pass 1: 59744 changed. image ll: -2.071, PF=0.500
pass 2: 16781 changed. image ll: -2.070, PF=0.500
pass 3: 5764 changed.
pass 4: 2259 changed.
34503 voxels changed in iteration 0 of unlikely voxel relabeling
261 voxels changed in iteration 1 of unlikely voxel relabeling
18 voxels changed in iteration 2 of unlikely voxel relabeling
0 voxels changed in iteration 3 of unlikely voxel relabeling
5130 voxels changed in iteration 0 of unlikely voxel relabeling
67 voxels changed in iteration 1 of unlikely voxel relabeling
0 voxels changed in iteration 2 of unlikely voxel relabeling
6133 voxels changed in iteration 0 of unlikely voxel relabeling
47 voxels changed in iteration 1 of unlikely voxel relabeling
1 voxels changed in iteration 2 of unlikely voxel relabeling
0 voxels changed in iteration 3 of unlikely voxel relabeling
4854 voxels changed in iteration 0 of unlikely voxel relabeling
25 voxels changed in iteration 1 of unlikely voxel relabeling
0 voxels changed in iteration 2 of unlikely voxel relabeling
 !!!!!!!!! ventricle segment 2 with volume 3045 above threshold 100 - not erasing !!!!!!!!!!
 !!!!!!!!! ventricle segment 4 with volume 257 above threshold 100 - not erasing !!!!!!!!!!
 !!!!!!!!! ventricle segment 4 with volume 101 above threshold 100 - not erasing !!!!!!!!!!
 !!!!!!!!! ventricle segment 1 with volume 150 above threshold 100 - not erasing !!!!!!!!!!
 !!!!!!!!! ventricle segment 4 with volume 227 above threshold 100 - not erasing !!!!!!!!!!
 !!!!!!!!! ventricle segment 5 with volume 2257 above threshold 100 - not erasing !!!!!!!!!!
 !!!!!!!!! ventricle segment 2 with volume 321 above threshold 100 - not erasing !!!!!!!!!!
writing labeled volume to aseg.auto_noCCseg.mgz
mri_ca_label utimesec    1717.728863
mri_ca_label stimesec    2.907402
mri_ca_label ru_maxrss   2131320
mri_ca_label ru_ixrss    0
mri_ca_label ru_idrss    0
mri_ca_label ru_isrss    0
mri_ca_label ru_minflt   3769391
mri_ca_label ru_majflt   8
mri_ca_label ru_nswap    0
mri_ca_label ru_inblock  1142
mri_ca_label ru_oublock  640
mri_ca_label ru_msgsnd   0
mri_ca_label ru_msgrcv   0
mri_ca_label ru_nsignals 0
mri_ca_label ru_nvcsw    3692
mri_ca_label ru_nivcsw   1705
auto-labeling took 27 minutes and 2 seconds.
#--------------------------------------
#@# CC Seg Thu Mar 12 19:45:12 CET 2026

 mri_cc -aseg aseg.auto_noCCseg.mgz -o aseg.auto.mgz -lta /out/sourcedata/freesurfer/sub-v1s20x0050348_ses-1/mri/transforms/cc_up.lta sub-v1s20x0050348_ses-1 

will read input aseg from aseg.auto_noCCseg.mgz
writing aseg with cc labels to aseg.auto.mgz
will write lta as /out/sourcedata/freesurfer/sub-v1s20x0050348_ses-1/mri/transforms/cc_up.lta
reading aseg from /out/sourcedata/freesurfer/sub-v1s20x0050348_ses-1/mri/aseg.auto_noCCseg.mgz
reading norm from /out/sourcedata/freesurfer/sub-v1s20x0050348_ses-1/mri/norm.mgz
33183 voxels in left wm, 46868 in right wm, xrange [118, 127]
searching rotation angles z=[-4 10], y=[-6  8]
searching scale 1 Z rot -3.5  searching scale 1 Z rot -3.3  searching scale 1 Z rot -3.0  searching scale 1 Z rot -2.8  searching scale 1 Z rot -2.5  searching scale 1 Z rot -2.3  searching scale 1 Z rot -2.0  searching scale 1 Z rot -1.8  searching scale 1 Z rot -1.5  searching scale 1 Z rot -1.3  searching scale 1 Z rot -1.0  searching scale 1 Z rot -0.8  searching scale 1 Z rot -0.5  searching scale 1 Z rot -0.3  searching scale 1 Z rot -0.0  searching scale 1 Z rot 0.2  searching scale 1 Z rot 0.5  searching scale 1 Z rot 0.7  searching scale 1 Z rot 1.0  searching scale 1 Z rot 1.2  searching scale 1 Z rot 1.5  searching scale 1 Z rot 1.7  searching scale 1 Z rot 2.0  searching scale 1 Z rot 2.2  searching scale 1 Z rot 2.5  searching scale 1 Z rot 2.7  searching scale 1 Z rot 3.0  searching scale 1 Z rot 3.2  searching scale 1 Z rot 3.5  searching scale 1 Z rot 3.7  searching scale 1 Z rot 4.0  searching scale 1 Z rot 4.2  searching scale 1 Z rot 4.5  searching scale 1 Z rot 4.7  searching scale 1 Z rot 5.0  searching scale 1 Z rot 5.2  searching scale 1 Z rot 5.5  searching scale 1 Z rot 5.7  searching scale 1 Z rot 6.0  searching scale 1 Z rot 6.2  searching scale 1 Z rot 6.5  searching scale 1 Z rot 6.7  searching scale 1 Z rot 7.0  searching scale 1 Z rot 7.2  searching scale 1 Z rot 7.5  searching scale 1 Z rot 7.7  searching scale 1 Z rot 8.0  searching scale 1 Z rot 8.2  searching scale 1 Z rot 8.5  searching scale 1 Z rot 8.7  searching scale 1 Z rot 9.0  searching scale 1 Z rot 9.2  searching scale 1 Z rot 9.5  searching scale 1 Z rot 9.7  searching scale 1 Z rot 10.0  searching scale 1 Z rot 10.2  global minimum found at slice 122.6, rotations (0.51, 3.47)
final transformation (x=122.6, yr=0.512, zr=3.467):
 0.99813  -0.06047   0.00891   11.77040;
 0.06047   0.99817   0.00054   4.74607;
-0.00893   0.00000   0.99996   31.09882;
 0.00000   0.00000   0.00000   1.00000;
updating x range to be [126, 130] in xformed coordinates
best xformed slice 129
min_x_fornix = 151
min_x_fornix = 154
min_x_fornix = 154
min_x_fornix = 149
min_x_fornix = 145
cc center is found at 129 116 98
eigenvectors:
-0.00163   0.01006   0.99995;
 0.08950  -0.99593   0.01016;
 0.99599   0.08951   0.00073;
writing aseg with callosum to /out/sourcedata/freesurfer/sub-v1s20x0050348_ses-1/mri/aseg.auto.mgz...
corpus callosum segmentation took 0.6 minutes
#VMPC# mri_cc VmPeak  554508
mri_cc done
#--------------------------------------
#@# Merge ASeg Thu Mar 12 19:45:46 CET 2026

 cp aseg.auto.mgz aseg.presurf.mgz 

#--------------------------------------------
#@# Intensity Normalization2 Thu Mar 12 19:45:46 CET 2026
/out/sourcedata/freesurfer/sub-v1s20x0050348_ses-1/mri

 mri_normalize -seed 1234 -mprage -aseg aseg.presurf.mgz -mask brainmask.mgz norm.mgz brain.mgz 

setting seed for random number genererator to 1234
assuming input volume is MGH (Van der Kouwe) MP-RAGE
using segmentation for initial intensity normalization
using MR volume brainmask.mgz to mask input volume...
reading mri_src from norm.mgz...
Reading aseg aseg.presurf.mgz
normalizing image...
NOT doing gentle normalization with control points/label
processing with aseg
removing outliers in the aseg WM...
724 control points removed
Building bias image
building Voronoi diagram...
performing soap bubble smoothing, sigma = 0...
Smoothing with sigma 8
Applying bias correction
building Voronoi diagram...
performing soap bubble smoothing, sigma = 8...

Iterating 2 times
---------------------------------
3d normalization pass 1 of 2
white matter peak found at 110
white matter peak found at 110
gm peak at 57 (57), valley at 21 (21)
csf peak at 29, setting threshold to 47
building Voronoi diagram...
performing soap bubble smoothing, sigma = 8...
---------------------------------
3d normalization pass 2 of 2
white matter peak found at 110
white matter peak found at 110
gm peak at 62 (62), valley at 10 (10)
csf peak at 31, setting threshold to 51
building Voronoi diagram...
performing soap bubble smoothing, sigma = 8...
Done iterating ---------------------------------
writing output to brain.mgz
3D bias adjustment took 2 minutes and 9 seconds.
#--------------------------------------------
#@# Mask BFS Thu Mar 12 19:47:56 CET 2026
/out/sourcedata/freesurfer/sub-v1s20x0050348_ses-1/mri

 mri_mask -T 5 brain.mgz brainmask.mgz brain.finalsurfs.mgz 

threshold mask volume at 5
DoAbs = 0
Found 1342459 voxels in mask (pct=  8.00)
Writing masked volume to brain.finalsurfs.mgz...done.
#--------------------------------------------
#@# WM Segmentation Thu Mar 12 19:47:57 CET 2026

 AntsDenoiseImageFs -i brain.mgz -o antsdn.brain.mgz 


 mri_segment -wsizemm 13 -mprage antsdn.brain.mgz wm.seg.mgz 

wsizemm = 13, voxres = 1, wsize = 13
Widening wm low from 89 to 79
assuming input volume is MGH (Van der Kouwe) MP-RAGE
wm mean:  110
wsize:    13
wm low:   79
wm hi:    125
gray low: 30
gray hi:  99
Doing initial trinary intensity segmentation 
Using local statistics to label ambiguous voxels
Autodetecting stats
Computing class statistics for intensity windows...
CCS WM (103.0): 103.2 +- 5.0 [79.0 --> 125.0]
CCS GM (73.0) : 71.4 +- 9.3 [30.0 --> 95.0]
 white_mean 103.244
 white_sigma 5.04473
 gray_mean 71.4249
 gray_sigma 9.26577
setting bottom of white matter range wm_low to 80.7
setting top of gray matter range gray_hi to 90.0
 wm_low 80.6906
 wm_hi  125
 gray_low 30
 gray_hi  89.9564
Redoing initial intensity segmentation...
Recomputing local statistics to label ambiguous voxels...
 wm_low 80.6906
 wm_hi  125
 gray_low 30
 gray_hi  89.9564
using local geometry to label remaining ambiguous voxels...
polvwsize = 5, polvlen = 3, gray_hi = 89.9564, wm_low = 80.6906
MRIcpolvMedianCurveSegment(): wsize=5, len=3, gmhi=89.9564, wmlow=80.6906
    108723 voxels processed (0.65%)
     49512 voxels white (0.30%)
     59211 voxels non-white (0.35%)

Reclassifying voxels using Gaussian border classifier niter=1
MRIreclassify(): wm_low=75.6906, gray_hi=89.9564, wsize=13
    181418 voxels tested (1.08%)
     39077 voxels changed (0.23%)
     46399 multi-scale searches  (0.28%)
Recovering bright white
MRIrecoverBrightWhite()
 wm_low 80.6906
 wm_hi 125
 slack 5.04473
 pct_thresh 0.33
 intensity_thresh 130.045
 nvox_thresh 8.58
      255 voxels tested (0.00%)
      192 voxels changed (0.00%)

removing voxels with positive offset direction...
MRIremoveWrongDirection() wsize=3, lowthr=75.6906, hithr=89.9564
  smoothing input volume with sigma = 0.250
    67046 voxels tested (0.40%)
    14794 voxels changed (0.09%)
thicken = 1
removing 1-dimensional structures...
MRIremove1dStructures(): max_iter=10000, thresh=2, WM_MIN_VAL=5
 1564 sparsely connected voxels removed in 1 iterations
thickening thin strands....
thickness 4
nsegments 20
wm_hi 125
803 diagonally connected voxels added...
MRIthickenThinWMStrands(): thickness=4, nsegments=20
  20 segments, 2864 filled
MRIfindBrightNonWM(): 731 bright non-wm voxels segmented.
MRIfilterMorphology() WM_MIN_VAL=5, DIAGONAL_FILL=230
white matter segmentation took 0.8 minutes
writing output to wm.seg.mgz...

 mri_edit_wm_with_aseg -keep-in wm.seg.mgz brain.mgz aseg.presurf.mgz wm.asegedit.mgz 

preserving editing changes in input volume...
auto filling took 0.44 minutes
reading wm segmentation from wm.seg.mgz...
0 voxels added to wm to prevent paths from MTL structures to cortex
3726 additional wm voxels added
0 additional wm voxels added
SEG EDIT: 37082 voxels turned on, 31699 voxels turned off.
propagating editing to output volume from wm.seg.mgz
writing edited volume to wm.asegedit.mgz....

 mri_pretess wm.asegedit.mgz wm norm.mgz wm.mgz 


Iteration Number : 1
pass   1 (xy+):  21 found -  21 modified     |    TOTAL:  21
pass   2 (xy+):   0 found -  21 modified     |    TOTAL:  21
pass   1 (xy-):  12 found -  12 modified     |    TOTAL:  33
pass   2 (xy-):   0 found -  12 modified     |    TOTAL:  33
pass   1 (yz+):  18 found -  18 modified     |    TOTAL:  51
pass   2 (yz+):   0 found -  18 modified     |    TOTAL:  51
pass   1 (yz-):  18 found -  18 modified     |    TOTAL:  69
pass   2 (yz-):   0 found -  18 modified     |    TOTAL:  69
pass   1 (xz+):  16 found -  16 modified     |    TOTAL:  85
pass   2 (xz+):   0 found -  16 modified     |    TOTAL:  85
pass   1 (xz-):   8 found -   8 modified     |    TOTAL:  93
pass   2 (xz-):   0 found -   8 modified     |    TOTAL:  93
Iteration Number : 1
pass   1 (+++):  10 found -  10 modified     |    TOTAL:  10
pass   2 (+++):   0 found -  10 modified     |    TOTAL:  10
pass   1 (+++):   6 found -   6 modified     |    TOTAL:  16
pass   2 (+++):   0 found -   6 modified     |    TOTAL:  16
pass   1 (+++):  11 found -  11 modified     |    TOTAL:  27
pass   2 (+++):   0 found -  11 modified     |    TOTAL:  27
pass   1 (+++):   6 found -   6 modified     |    TOTAL:  33
pass   2 (+++):   0 found -   6 modified     |    TOTAL:  33
Iteration Number : 1
pass   1 (++):  28 found -  28 modified     |    TOTAL:  28
pass   2 (++):   0 found -  28 modified     |    TOTAL:  28
pass   1 (+-):  32 found -  32 modified     |    TOTAL:  60
pass   2 (+-):   0 found -  32 modified     |    TOTAL:  60
pass   1 (--):  37 found -  37 modified     |    TOTAL:  97
pass   2 (--):   0 found -  37 modified     |    TOTAL:  97
pass   1 (-+):  32 found -  32 modified     |    TOTAL: 129
pass   2 (-+):   0 found -  32 modified     |    TOTAL: 129
Iteration Number : 2
pass   1 (xy+):   2 found -   2 modified     |    TOTAL:   2
pass   2 (xy+):   0 found -   2 modified     |    TOTAL:   2
pass   1 (xy-):   3 found -   3 modified     |    TOTAL:   5
pass   2 (xy-):   0 found -   3 modified     |    TOTAL:   5
pass   1 (yz+):   1 found -   1 modified     |    TOTAL:   6
pass   2 (yz+):   0 found -   1 modified     |    TOTAL:   6
pass   1 (yz-):   3 found -   3 modified     |    TOTAL:   9
pass   2 (yz-):   0 found -   3 modified     |    TOTAL:   9
pass   1 (xz+):   1 found -   1 modified     |    TOTAL:  10
pass   2 (xz+):   0 found -   1 modified     |    TOTAL:  10
pass   1 (xz-):   0 found -   0 modified     |    TOTAL:  10
Iteration Number : 2
pass   1 (+++):   2 found -   2 modified     |    TOTAL:   2
pass   2 (+++):   0 found -   2 modified     |    TOTAL:   2
pass   1 (+++):   0 found -   0 modified     |    TOTAL:   2
pass   1 (+++):   0 found -   0 modified     |    TOTAL:   2
pass   1 (+++):   0 found -   0 modified     |    TOTAL:   2
Iteration Number : 2
pass   1 (++):   0 found -   0 modified     |    TOTAL:   0
pass   1 (+-):   0 found -   0 modified     |    TOTAL:   0
pass   1 (--):   1 found -   1 modified     |    TOTAL:   1
pass   2 (--):   0 found -   1 modified     |    TOTAL:   1
pass   1 (-+):   0 found -   0 modified     |    TOTAL:   1
Iteration Number : 3
pass   1 (xy+):   1 found -   1 modified     |    TOTAL:   1
pass   2 (xy+):   0 found -   1 modified     |    TOTAL:   1
pass   1 (xy-):   0 found -   0 modified     |    TOTAL:   1
pass   1 (yz+):   0 found -   0 modified     |    TOTAL:   1
pass   1 (yz-):   0 found -   0 modified     |    TOTAL:   1
pass   1 (xz+):   0 found -   0 modified     |    TOTAL:   1
pass   1 (xz-):   0 found -   0 modified     |    TOTAL:   1
Iteration Number : 3
pass   1 (+++):   0 found -   0 modified     |    TOTAL:   0
pass   1 (+++):   0 found -   0 modified     |    TOTAL:   0
pass   1 (+++):   0 found -   0 modified     |    TOTAL:   0
pass   1 (+++):   0 found -   0 modified     |    TOTAL:   0
Iteration Number : 3
pass   1 (++):   0 found -   0 modified     |    TOTAL:   0
pass   1 (+-):   0 found -   0 modified     |    TOTAL:   0
pass   1 (--):   0 found -   0 modified     |    TOTAL:   0
pass   1 (-+):   0 found -   0 modified     |    TOTAL:   0
Iteration Number : 4
pass   1 (xy+):   0 found -   0 modified     |    TOTAL:   0
pass   1 (xy-):   0 found -   0 modified     |    TOTAL:   0
pass   1 (yz+):   0 found -   0 modified     |    TOTAL:   0
pass   1 (yz-):   0 found -   0 modified     |    TOTAL:   0
pass   1 (xz+):   0 found -   0 modified     |    TOTAL:   0
pass   1 (xz-):   0 found -   0 modified     |    TOTAL:   0
Iteration Number : 4
pass   1 (+++):   0 found -   0 modified     |    TOTAL:   0
pass   1 (+++):   0 found -   0 modified     |    TOTAL:   0
pass   1 (+++):   0 found -   0 modified     |    TOTAL:   0
pass   1 (+++):   0 found -   0 modified     |    TOTAL:   0
Iteration Number : 4
pass   1 (++):   0 found -   0 modified     |    TOTAL:   0
pass   1 (+-):   0 found -   0 modified     |    TOTAL:   0
pass   1 (--):   0 found -   0 modified     |    TOTAL:   0
pass   1 (-+):   0 found -   0 modified     |    TOTAL:   0

Total Number of Modified Voxels = 269 (out of 535314: 0.050251)
binarizing input wm segmentation...
Ambiguous edge configurations... 

mri_pretess done

#--------------------------------------------
#@# Fill Thu Mar 12 19:49:51 CET 2026
/out/sourcedata/freesurfer/sub-v1s20x0050348_ses-1/mri

 mri_fill -a ../scripts/ponscc.cut.log -xform transforms/talairach.lta -segmentation aseg.presurf.mgz -ctab /opt/freesurfer/SubCorticalMassLUT.txt wm.mgz filled.mgz 

logging cutting plane coordinates to ../scripts/ponscc.cut.log...
INFO: Using transforms/talairach.lta and its offset for Talairach volume ...
using segmentation aseg.presurf.mgz...
reading input volume...done.
searching for cutting planes...voxel to talairach voxel transform
 1.07664  -0.06328   0.03495  -2.59682;
 0.05158   1.22982   0.03326  -54.34999;
-0.03766  -0.03836   1.05458   7.87271;
 0.00000   0.00000   0.00000   1.00000;
voxel to talairach voxel transform
 1.07664  -0.06328   0.03495  -2.59682;
 0.05158   1.22982   0.03326  -54.34999;
-0.03766  -0.03836   1.05458   7.87271;
 0.00000   0.00000   0.00000   1.00000;
reading segmented volume aseg.presurf.mgz
removing CC from segmentation
Looking for area (min, max) = (350, 1400)
area[0] = 1372 (min = 350, max = 1400), aspect = 0.54 (min = 0.10, max = 0.75)
no need to search
using seed (127, 108, 119), TAL = (1.0, -9.0, 20.0)
talairach voxel to voxel transform
 0.92546   0.04662  -0.03214   5.19007;
-0.03967   0.81033  -0.02424   44.12933;
 0.03160   0.03114   0.94621  -5.67483;
 0.00000   0.00000   0.00000   1.00000;
segmentation indicates cc at (127,  108,  119) --> (1.0, -9.0, 20.0)
done.
filling took 1.0 minutes
talairach cc position changed to (1.00, -9.00, 20.00)
Erasing brainstem...done.
seed_search_size = 9, min_neighbors = 5
search rh wm seed point around talairach space:(19.00, -9.00, 20.00) SRC: (107.28, 124.44, 113.73)
search lh wm seed point around talairach space (-17.00, -9.00, 20.00), SRC: (140.59, 123.01, 114.87)
compute mri_fill using aseg
Erasing Brain Stem and Cerebellum ...
Define left and right masks using aseg:
Building Voronoi diagram ...
Using the Voronoi diagram for separating WM into two hemispheres ...
Find the largest connected component for each hemisphere ...
Embedding colortable
mri_fill done, writing output to filled.mgz...
 cp filled.mgz filled.auto.mgz

Started at Thu Mar 12 18:28:03 CET 2026 
Ended   at Thu Mar 12 19:50:51 CET 2026
#@#%# recon-all-run-time-hours 1.380
recon-all -s sub-v1s20x0050348_ses-1 finished without error at Thu Mar 12 19:50:51 CET 2026



#New# invocation of recon-all 




Thu Mar 12 20:44:03 CET 2026
cd /out/sourcedata/freesurfer/sub-v1s20x0050348_ses-1
setenv SUBJECTS_DIR /out/sourcedata/freesurfer
/opt/freesurfer/bin/recon-all -parallel -subjid sub-v1s20x0050348_ses-1 -sd /out/sourcedata/freesurfer -cortribbon

subjid sub-v1s20x0050348_ses-1
setenv SUBJECTS_DIR /out/sourcedata/freesurfer
FREESURFER_HOME /opt/freesurfer
Actual FREESURFER_HOME /opt/freesurfer
build-stamp.txt: freesurfer-linux-ubuntu22_x86_64-7.3.2-20220804-6354275
Linux dna020 5.14.0-427.37.1.el9_4.x86_64 #1 SMP PREEMPT_DYNAMIC Fri Sep 13 12:41:50 EDT 2024 x86_64 x86_64 x86_64 GNU/Linux
cputime      unlimited
filesize     unlimited
datasize     unlimited
stacksize    8192 kbytes
coredumpsize 0 kbytes
memoryuse    67108864 kbytes
vmemoryuse   unlimited
descriptors  1024 
memorylocked unlimited
maxproc      2061970 
maxlocks     unlimited
maxsignal    2061970 
maxmessage   819200 
maxnice      0 
maxrtprio    0 
maxrttime    unlimited

               total        used        free      shared  buff/cache   available
Mem:           503Gi        53Gi       305Gi        36Gi       145Gi       410Gi
Swap:             0B          0B          0B

########################################
program versions used
7.3.2 (freesurfer-linux-ubuntu22_x86_64-7.3.2-20220804-6354275)
7.3.2

ProgramName: lta_convert  ProgramArguments: lta_convert -all-info  ProgramVersion: 7.3.2  TimeStamp: 2026/03/12-19:44:03-GMT  BuildTime: Aug  4 2022 06:17:15  BuildStamp: freesurfer-linux-ubuntu22_x86_64-7.3.2-20220804-6354275  User: oesteban  Machine: dna020  Platform: Linux  PlatformVersion: 5.14.0-427.37.1.el9_4.x86_64  CompilerName: GCC  CompilerVersion: 8.4.0
ProgramName: mri_and  ProgramArguments: mri_and -all-info  ProgramVersion: 7.3.2  TimeStamp: 2026/03/12-19:44:03-GMT  BuildTime: Aug  4 2022 06:17:15  BuildStamp: freesurfer-linux-ubuntu22_x86_64-7.3.2-20220804-6354275  User: oesteban  Machine: dna020  Platform: Linux  PlatformVersion: 5.14.0-427.37.1.el9_4.x86_64  CompilerName: GCC  CompilerVersion: 8.4.0
ProgramName: mri_annotation2label  ProgramArguments: mri_annotation2label -all-info  ProgramVersion: 7.3.2  TimeStamp: 2026/03/12-19:44:03-GMT  BuildTime: Aug  4 2022 06:17:15  BuildStamp: freesurfer-linux-ubuntu22_x86_64-7.3.2-20220804-6354275  User: oesteban  Machine: dna020  Platform: Linux  PlatformVersion: 5.14.0-427.37.1.el9_4.x86_64  CompilerName: GCC  CompilerVersion: 8.4.0
ProgramName: mri_aparc2aseg  ProgramArguments: mri_aparc2aseg -all-info  ProgramVersion: 7.3.2  TimeStamp: 2026/03/12-19:44:03-GMT  BuildTime: Aug  4 2022 06:17:15  BuildStamp: freesurfer-linux-ubuntu22_x86_64-7.3.2-20220804-6354275  User: oesteban  Machine: dna020  Platform: Linux  PlatformVersion: 5.14.0-427.37.1.el9_4.x86_64  CompilerName: GCC  CompilerVersion: 8.4.0
ProgramName: mri_surf2volseg  ProgramArguments: mri_surf2volseg -all-info  ProgramVersion: 7.3.2  TimeStamp: 2026/03/12-19:44:03-GMT  BuildTime: Aug  4 2022 06:17:15  BuildStamp: freesurfer-linux-ubuntu22_x86_64-7.3.2-20220804-6354275  User: oesteban  Machine: dna020  Platform: Linux  PlatformVersion: 5.14.0-427.37.1.el9_4.x86_64  CompilerName: GCC  CompilerVersion: 8.4.0
ProgramName: mri_binarize  ProgramArguments: mri_binarize -all-info  ProgramVersion: 7.3.2  TimeStamp: 2026/03/12-19:44:03-GMT  BuildTime: Aug  4 2022 06:17:15  BuildStamp: freesurfer-linux-ubuntu22_x86_64-7.3.2-20220804-6354275  User: oesteban  Machine: dna020  Platform: Linux  PlatformVersion: 5.14.0-427.37.1.el9_4.x86_64  CompilerName: GCC  CompilerVersion: 8.4.0
ProgramName: mri_ca_label  ProgramArguments: mri_ca_label -all-info  ProgramVersion: 7.3.2  TimeStamp: 2026/03/12-19:44:03-GMT  BuildTime: Aug  4 2022 06:17:15  BuildStamp: freesurfer-linux-ubuntu22_x86_64-7.3.2-20220804-6354275  User: oesteban  Machine: dna020  Platform: Linux  PlatformVersion: 5.14.0-427.37.1.el9_4.x86_64  CompilerName: GCC  CompilerVersion: 8.4.0
ProgramName: mri_ca_normalize  ProgramArguments: mri_ca_normalize -all-info  ProgramVersion: 7.3.2  TimeStamp: 2026/03/12-19:44:03-GMT  BuildTime: Aug  4 2022 06:17:15  BuildStamp: freesurfer-linux-ubuntu22_x86_64-7.3.2-20220804-6354275  User: oesteban  Machine: dna020  Platform: Linux  PlatformVersion: 5.14.0-427.37.1.el9_4.x86_64  CompilerName: GCC  CompilerVersion: 8.4.0
ProgramName: mri_ca_register  ProgramArguments: mri_ca_register -all-info  ProgramVersion: 7.3.2  TimeStamp: 2026/03/12-19:44:03-GMT  BuildTime: Aug  4 2022 06:17:15  BuildStamp: freesurfer-linux-ubuntu22_x86_64-7.3.2-20220804-6354275  User: oesteban  Machine: dna020  Platform: Linux  PlatformVersion: 5.14.0-427.37.1.el9_4.x86_64  CompilerName: GCC  CompilerVersion: 8.4.0
ProgramName: mri_cc  ProgramArguments: mri_cc -all-info  ProgramVersion: 7.3.2  TimeStamp: 2026/03/12-19:44:03-GMT  BuildTime: Aug  4 2022 06:17:15  BuildStamp: freesurfer-linux-ubuntu22_x86_64-7.3.2-20220804-6354275  User: oesteban  Machine: dna020  Platform: Linux  PlatformVersion: 5.14.0-427.37.1.el9_4.x86_64  CompilerName: GCC  CompilerVersion: 8.4.0
ProgramName: mri_compute_overlap  ProgramArguments: mri_compute_overlap -all-info  ProgramVersion: 7.3.2  TimeStamp: 2026/03/12-19:44:03-GMT  BuildTime: Aug  4 2022 06:17:15  BuildStamp: freesurfer-linux-ubuntu22_x86_64-7.3.2-20220804-6354275  User: oesteban  Machine: dna020  Platform: Linux  PlatformVersion: 5.14.0-427.37.1.el9_4.x86_64  CompilerName: GCC  CompilerVersion: 8.4.0
ProgramName: mri_compute_seg_overlap  ProgramArguments: mri_compute_seg_overlap -all-info  ProgramVersion: 7.3.2  TimeStamp: 2026/03/12-19:44:03-GMT  BuildTime: Aug  4 2022 06:17:15  BuildStamp: freesurfer-linux-ubuntu22_x86_64-7.3.2-20220804-6354275  User: oesteban  Machine: dna020  Platform: Linux  PlatformVersion: 5.14.0-427.37.1.el9_4.x86_64  CompilerName: GCC  CompilerVersion: 8.4.0
ProgramName: mri_concat  ProgramArguments: mri_concat -all-info  ProgramVersion: 7.3.2  TimeStamp: 2026/03/12-19:44:03-GMT  BuildTime: Aug  4 2022 06:17:15  BuildStamp: freesurfer-linux-ubuntu22_x86_64-7.3.2-20220804-6354275  User: oesteban  Machine: dna020  Platform: Linux  PlatformVersion: 5.14.0-427.37.1.el9_4.x86_64  CompilerName: GCC  CompilerVersion: 8.4.0
ProgramName: mri_concatenate_lta  ProgramArguments: mri_concatenate_lta -all-info  ProgramVersion: 7.3.2  TimeStamp: 2026/03/12-19:44:03-GMT  BuildTime: Aug  4 2022 06:17:15  BuildStamp: freesurfer-linux-ubuntu22_x86_64-7.3.2-20220804-6354275  User: oesteban  Machine: dna020  Platform: Linux  PlatformVersion: 5.14.0-427.37.1.el9_4.x86_64  CompilerName: GCC  CompilerVersion: 8.4.0
mri_convert -all-info 
ProgramName: mri_convert  ProgramArguments: mri_convert -all-info  ProgramVersion: 7.3.2  TimeStamp: 2026/03/12-19:44:03-GMT  BuildTime: Aug  4 2022 06:17:15  BuildStamp: freesurfer-linux-ubuntu22_x86_64-7.3.2-20220804-6354275  User: oesteban  Machine: dna020  Platform: Linux  PlatformVersion: 5.14.0-427.37.1.el9_4.x86_64  CompilerName: GCC  CompilerVersion: 8.4.0
ProgramName: mri_diff  ProgramArguments: mri_diff -all-info  ProgramVersion: 7.3.2  TimeStamp: 2026/03/12-19:44:03-GMT  BuildTime: Aug  4 2022 06:17:15  BuildStamp: freesurfer-linux-ubuntu22_x86_64-7.3.2-20220804-6354275  User: oesteban  Machine: dna020  Platform: Linux  PlatformVersion: 5.14.0-427.37.1.el9_4.x86_64  CompilerName: GCC  CompilerVersion: 8.4.0
ProgramName: mri_edit_wm_with_aseg  ProgramArguments: mri_edit_wm_with_aseg -all-info  ProgramVersion: 7.3.2  TimeStamp: 2026/03/12-19:44:03-GMT  BuildTime: Aug  4 2022 06:17:15  BuildStamp: freesurfer-linux-ubuntu22_x86_64-7.3.2-20220804-6354275  User: oesteban  Machine: dna020  Platform: Linux  PlatformVersion: 5.14.0-427.37.1.el9_4.x86_64  CompilerName: GCC  CompilerVersion: 8.4.0
ProgramName: mri_em_register  ProgramArguments: mri_em_register -all-info  ProgramVersion: 7.3.2  TimeStamp: 2026/03/12-19:44:03-GMT  BuildTime: Aug  4 2022 06:17:15  BuildStamp: freesurfer-linux-ubuntu22_x86_64-7.3.2-20220804-6354275  User: oesteban  Machine: dna020  Platform: Linux  PlatformVersion: 5.14.0-427.37.1.el9_4.x86_64  CompilerName: GCC  CompilerVersion: 8.4.0
ProgramName: mri_fill  ProgramArguments: mri_fill -all-info  ProgramVersion: 7.3.2  TimeStamp: 2026/03/12-19:44:03-GMT  BuildTime: Aug  4 2022 06:17:15  BuildStamp: freesurfer-linux-ubuntu22_x86_64-7.3.2-20220804-6354275  User: oesteban  Machine: dna020  Platform: Linux  PlatformVersion: 5.14.0-427.37.1.el9_4.x86_64  CompilerName: GCC  CompilerVersion: 8.4.0
ProgramName: mri_fuse_segmentations  ProgramArguments: mri_fuse_segmentations -all-info  ProgramVersion: 7.3.2  TimeStamp: 2026/03/12-19:44:03-GMT  BuildTime: Aug  4 2022 06:17:15  BuildStamp: freesurfer-linux-ubuntu22_x86_64-7.3.2-20220804-6354275  User: oesteban  Machine: dna020  Platform: Linux  PlatformVersion: 5.14.0-427.37.1.el9_4.x86_64  CompilerName: GCC  CompilerVersion: 8.4.0
ProgramName: mri_fwhm  ProgramArguments: mri_fwhm -all-info  ProgramVersion: 7.3.2  TimeStamp: 2026/03/12-19:44:03-GMT  BuildTime: Aug  4 2022 06:17:15  BuildStamp: freesurfer-linux-ubuntu22_x86_64-7.3.2-20220804-6354275  User: oesteban  Machine: dna020  Platform: Linux  PlatformVersion: 5.14.0-427.37.1.el9_4.x86_64  CompilerName: GCC  CompilerVersion: 8.4.0
ProgramName: mri_gcut  ProgramArguments: mri_gcut -all-info  ProgramVersion: 7.3.2  TimeStamp: 2026/03/12-19:44:03-GMT  BuildTime: Aug  4 2022 06:17:15  BuildStamp: freesurfer-linux-ubuntu22_x86_64-7.3.2-20220804-6354275  User: oesteban  Machine: dna020  Platform: Linux  PlatformVersion: 5.14.0-427.37.1.el9_4.x86_64  CompilerName: GCC  CompilerVersion: 8.4.0
ProgramName: mri_info  ProgramArguments: mri_info -all-info  ProgramVersion: 7.3.2  TimeStamp: 2026/03/12-19:44:03-GMT  BuildTime: Aug  4 2022 06:17:15  BuildStamp: freesurfer-linux-ubuntu22_x86_64-7.3.2-20220804-6354275  User: oesteban  Machine: dna020  Platform: Linux  PlatformVersion: 5.14.0-427.37.1.el9_4.x86_64  CompilerName: GCC  CompilerVersion: 8.4.0
ProgramName: mri_label2label  ProgramArguments: mri_label2label -all-info  ProgramVersion: 7.3.2  TimeStamp: 2026/03/12-19:44:03-GMT  BuildTime: Aug  4 2022 06:17:15  BuildStamp: freesurfer-linux-ubuntu22_x86_64-7.3.2-20220804-6354275  User: oesteban  Machine: dna020  Platform: Linux  PlatformVersion: 5.14.0-427.37.1.el9_4.x86_64  CompilerName: GCC  CompilerVersion: 8.4.0
ProgramName: mri_label2vol  ProgramArguments: mri_label2vol -all-info  ProgramVersion: 7.3.2  TimeStamp: 2026/03/12-19:44:03-GMT  BuildTime: Aug  4 2022 06:17:15  BuildStamp: freesurfer-linux-ubuntu22_x86_64-7.3.2-20220804-6354275  User: oesteban  Machine: dna020  Platform: Linux  PlatformVersion: 5.14.0-427.37.1.el9_4.x86_64  CompilerName: GCC  CompilerVersion: 8.4.0
ProgramName: mri_log_likelihood  ProgramArguments: mri_log_likelihood -all-info  ProgramVersion: 7.3.2  TimeStamp: 2026/03/12-19:44:03-GMT  BuildTime: Aug  4 2022 06:17:15  BuildStamp: freesurfer-linux-ubuntu22_x86_64-7.3.2-20220804-6354275  User: oesteban  Machine: dna020  Platform: Linux  PlatformVersion: 5.14.0-427.37.1.el9_4.x86_64  CompilerName: GCC  CompilerVersion: 8.4.0
ProgramName: mri_mask  ProgramArguments: mri_mask -all-info  ProgramVersion: 7.3.2  TimeStamp: 2026/03/12-19:44:03-GMT  BuildTime: Aug  4 2022 06:17:15  BuildStamp: freesurfer-linux-ubuntu22_x86_64-7.3.2-20220804-6354275  User: oesteban  Machine: dna020  Platform: Linux  PlatformVersion: 5.14.0-427.37.1.el9_4.x86_64  CompilerName: GCC  CompilerVersion: 8.4.0
ProgramName: mri_matrix_multiply  ProgramArguments: mri_matrix_multiply -all-info  ProgramVersion: 7.3.2  TimeStamp: 2026/03/12-19:44:03-GMT  BuildTime: Aug  4 2022 06:17:15  BuildStamp: freesurfer-linux-ubuntu22_x86_64-7.3.2-20220804-6354275  User: oesteban  Machine: dna020  Platform: Linux  PlatformVersion: 5.14.0-427.37.1.el9_4.x86_64  CompilerName: GCC  CompilerVersion: 8.4.0
ProgramName: mri_normalize  ProgramArguments: mri_normalize -all-info  ProgramVersion: 7.3.2  TimeStamp: 2026/03/12-19:44:03-GMT  BuildTime: Aug  4 2022 06:17:15  BuildStamp: freesurfer-linux-ubuntu22_x86_64-7.3.2-20220804-6354275  User: oesteban  Machine: dna020  Platform: Linux  PlatformVersion: 5.14.0-427.37.1.el9_4.x86_64  CompilerName: GCC  CompilerVersion: 8.4.0
ProgramName: mri_normalize_tp2  ProgramArguments: mri_normalize_tp2 -all-info  ProgramVersion: 7.3.2  TimeStamp: 2026/03/12-19:44:03-GMT  BuildTime: Aug  4 2022 06:17:15  BuildStamp: freesurfer-linux-ubuntu22_x86_64-7.3.2-20220804-6354275  User: oesteban  Machine: dna020  Platform: Linux  PlatformVersion: 5.14.0-427.37.1.el9_4.x86_64  CompilerName: GCC  CompilerVersion: 8.4.0
ProgramName: mri_or  ProgramArguments: mri_or -all-info  ProgramVersion: 7.3.2  TimeStamp: 2026/03/12-19:44:03-GMT  BuildTime: Aug  4 2022 06:17:15  BuildStamp: freesurfer-linux-ubuntu22_x86_64-7.3.2-20220804-6354275  User: oesteban  Machine: dna020  Platform: Linux  PlatformVersion: 5.14.0-427.37.1.el9_4.x86_64  CompilerName: GCC  CompilerVersion: 8.4.0
ProgramName: mri_relabel_hypointensities  ProgramArguments: mri_relabel_hypointensities -all-info  ProgramVersion: 7.3.2  TimeStamp: 2026/03/12-19:44:03-GMT  BuildTime: Aug  4 2022 06:17:15  BuildStamp: freesurfer-linux-ubuntu22_x86_64-7.3.2-20220804-6354275  User: oesteban  Machine: dna020  Platform: Linux  PlatformVersion: 5.14.0-427.37.1.el9_4.x86_64  CompilerName: GCC  CompilerVersion: 8.4.0
ProgramName: mri_relabel_nonwm_hypos  ProgramArguments: mri_relabel_nonwm_hypos -all-info  ProgramVersion: 7.3.2  TimeStamp: 2026/03/12-19:44:03-GMT  BuildTime: Aug  4 2022 06:17:15  BuildStamp: freesurfer-linux-ubuntu22_x86_64-7.3.2-20220804-6354275  User: oesteban  Machine: dna020  Platform: Linux  PlatformVersion: 5.14.0-427.37.1.el9_4.x86_64  CompilerName: GCC  CompilerVersion: 8.4.0
ProgramName: mri_remove_neck  ProgramArguments: mri_remove_neck -all-info  ProgramVersion: 7.3.2  TimeStamp: 2026/03/12-19:44:03-GMT  BuildTime: Aug  4 2022 06:17:15  BuildStamp: freesurfer-linux-ubuntu22_x86_64-7.3.2-20220804-6354275  User: oesteban  Machine: dna020  Platform: Linux  PlatformVersion: 5.14.0-427.37.1.el9_4.x86_64  CompilerName: GCC  CompilerVersion: 8.4.0
7.3.2

ProgramName: mri_robust_register  ProgramArguments: mri_robust_register -all-info  ProgramVersion: 7.3.2  TimeStamp: 2026/03/12-19:44:03-GMT  BuildTime: Aug  4 2022 06:17:15  BuildStamp: freesurfer-linux-ubuntu22_x86_64-7.3.2-20220804-6354275  User: oesteban  Machine: dna020  Platform: Linux  PlatformVersion: 5.14.0-427.37.1.el9_4.x86_64  CompilerName: GCC  CompilerVersion: 8.4.0
7.3.2

ProgramName: mri_robust_template  ProgramArguments: mri_robust_template -all-info  ProgramVersion: 7.3.2  TimeStamp: 2026/03/12-19:44:03-GMT  BuildTime: Aug  4 2022 06:17:15  BuildStamp: freesurfer-linux-ubuntu22_x86_64-7.3.2-20220804-6354275  User: oesteban  Machine: dna020  Platform: Linux  PlatformVersion: 5.14.0-427.37.1.el9_4.x86_64  CompilerName: GCC  CompilerVersion: 8.4.0
ProgramName: mris_anatomical_stats  ProgramArguments: mris_anatomical_stats -all-info  ProgramVersion: 7.3.2  TimeStamp: 2026/03/12-19:44:03-GMT  BuildTime: Aug  4 2022 06:17:15  BuildStamp: freesurfer-linux-ubuntu22_x86_64-7.3.2-20220804-6354275  User: oesteban  Machine: dna020  Platform: Linux  PlatformVersion: 5.14.0-427.37.1.el9_4.x86_64  CompilerName: GCC  CompilerVersion: 8.4.0
ProgramName: mris_ca_label  ProgramArguments: mris_ca_label -all-info  ProgramVersion: 7.3.2  TimeStamp: 2026/03/12-19:44:03-GMT  BuildTime: Aug  4 2022 06:17:15  BuildStamp: freesurfer-linux-ubuntu22_x86_64-7.3.2-20220804-6354275  User: oesteban  Machine: dna020  Platform: Linux  PlatformVersion: 5.14.0-427.37.1.el9_4.x86_64  CompilerName: GCC  CompilerVersion: 8.4.0
ProgramName: mris_calc  ProgramArguments: mris_calc -all-info  ProgramVersion: 7.3.2  TimeStamp: 2026/03/12-19:44:03-GMT  BuildTime: Aug  4 2022 06:17:15  BuildStamp: freesurfer-linux-ubuntu22_x86_64-7.3.2-20220804-6354275  User: oesteban  Machine: dna020  Platform: Linux  PlatformVersion: 5.14.0-427.37.1.el9_4.x86_64  CompilerName: GCC  CompilerVersion: 8.4.0
ProgramName: mris_convert  ProgramArguments: mris_convert -all-info  ProgramVersion: 7.3.2  TimeStamp: 2026/03/12-19:44:03-GMT  BuildTime: Aug  4 2022 06:17:15  BuildStamp: freesurfer-linux-ubuntu22_x86_64-7.3.2-20220804-6354275  User: oesteban  Machine: dna020  Platform: Linux  PlatformVersion: 5.14.0-427.37.1.el9_4.x86_64  CompilerName: GCC  CompilerVersion: 8.4.0
ProgramName: mris_curvature  ProgramArguments: mris_curvature -all-info  ProgramVersion: 7.3.2  TimeStamp: 2026/03/12-19:44:03-GMT  BuildTime: Aug  4 2022 06:17:15  BuildStamp: freesurfer-linux-ubuntu22_x86_64-7.3.2-20220804-6354275  User: oesteban  Machine: dna020  Platform: Linux  PlatformVersion: 5.14.0-427.37.1.el9_4.x86_64  CompilerName: GCC  CompilerVersion: 8.4.0
ProgramName: mris_curvature_stats  ProgramArguments: mris_curvature_stats -all-info  ProgramVersion: 7.3.2  TimeStamp: 2026/03/12-19:44:03-GMT  BuildTime: Aug  4 2022 06:17:15  BuildStamp: freesurfer-linux-ubuntu22_x86_64-7.3.2-20220804-6354275  User: oesteban  Machine: dna020  Platform: Linux  PlatformVersion: 5.14.0-427.37.1.el9_4.x86_64  CompilerName: GCC  CompilerVersion: 8.4.0
ProgramName: mris_diff  ProgramArguments: mris_diff -all-info  ProgramVersion: 7.3.2  TimeStamp: 2026/03/12-19:44:03-GMT  BuildTime: Aug  4 2022 06:17:15  BuildStamp: freesurfer-linux-ubuntu22_x86_64-7.3.2-20220804-6354275  User: oesteban  Machine: dna020  Platform: Linux  PlatformVersion: 5.14.0-427.37.1.el9_4.x86_64  CompilerName: GCC  CompilerVersion: 8.4.0
ProgramName: mris_divide_parcellation  ProgramArguments: mris_divide_parcellation -all-info  ProgramVersion: 7.3.2  TimeStamp: 2026/03/12-19:44:03-GMT  BuildTime: Aug  4 2022 06:17:15  BuildStamp: freesurfer-linux-ubuntu22_x86_64-7.3.2-20220804-6354275  User: oesteban  Machine: dna020  Platform: Linux  PlatformVersion: 5.14.0-427.37.1.el9_4.x86_64  CompilerName: GCC  CompilerVersion: 8.4.0
ProgramName: mri_segment  ProgramArguments: mri_segment -all-info  ProgramVersion: 7.3.2  TimeStamp: 2026/03/12-19:44:03-GMT  BuildTime: Aug  4 2022 06:17:15  BuildStamp: freesurfer-linux-ubuntu22_x86_64-7.3.2-20220804-6354275  User: oesteban  Machine: dna020  Platform: Linux  PlatformVersion: 5.14.0-427.37.1.el9_4.x86_64  CompilerName: GCC  CompilerVersion: 8.4.0
ProgramName: mri_segstats  ProgramArguments: mri_segstats -all-info  ProgramVersion: 7.3.2  TimeStamp: 2026/03/12-19:44:03-GMT  BuildTime: Aug  4 2022 06:17:15  BuildStamp: freesurfer-linux-ubuntu22_x86_64-7.3.2-20220804-6354275  User: oesteban  Machine: dna020  Platform: Linux  PlatformVersion: 5.14.0-427.37.1.el9_4.x86_64  CompilerName: GCC  CompilerVersion: 8.4.0
ProgramName: mris_euler_number  ProgramArguments: mris_euler_number -all-info  ProgramVersion: 7.3.2  TimeStamp: 2026/03/12-19:44:03-GMT  BuildTime: Aug  4 2022 06:17:15  BuildStamp: freesurfer-linux-ubuntu22_x86_64-7.3.2-20220804-6354275  User: oesteban  Machine: dna020  Platform: Linux  PlatformVersion: 5.14.0-427.37.1.el9_4.x86_64  CompilerName: GCC  CompilerVersion: 8.4.0
ProgramName: mris_fix_topology  ProgramArguments: mris_fix_topology -all-info  ProgramVersion: 7.3.2  TimeStamp: 2026/03/12-19:44:03-GMT  BuildTime: Aug  4 2022 06:17:15  BuildStamp: freesurfer-linux-ubuntu22_x86_64-7.3.2-20220804-6354275  User: oesteban  Machine: dna020  Platform: Linux  PlatformVersion: 5.14.0-427.37.1.el9_4.x86_64  CompilerName: GCC  CompilerVersion: 8.4.0
ProgramName: mris_topo_fixer  ProgramArguments: mris_topo_fixer -all-info  ProgramVersion: 7.3.2  TimeStamp: 2026/03/12-19:44:03-GMT  BuildTime: Aug  4 2022 06:17:15  BuildStamp: freesurfer-linux-ubuntu22_x86_64-7.3.2-20220804-6354275  User: oesteban  Machine: dna020  Platform: Linux  PlatformVersion: 5.14.0-427.37.1.el9_4.x86_64  CompilerName: GCC  CompilerVersion: 8.4.0
ProgramName: mris_jacobian  ProgramArguments: mris_jacobian -all-info  ProgramVersion: 7.3.2  TimeStamp: 2026/03/12-19:44:03-GMT  BuildTime: Aug  4 2022 06:17:15  BuildStamp: freesurfer-linux-ubuntu22_x86_64-7.3.2-20220804-6354275  User: oesteban  Machine: dna020  Platform: Linux  PlatformVersion: 5.14.0-427.37.1.el9_4.x86_64  CompilerName: GCC  CompilerVersion: 8.4.0
ProgramName: mris_label2annot  ProgramArguments: mris_label2annot -all-info  ProgramVersion: 7.3.2  TimeStamp: 2026/03/12-19:44:03-GMT  BuildTime: Aug  4 2022 06:17:15  BuildStamp: freesurfer-linux-ubuntu22_x86_64-7.3.2-20220804-6354275  User: oesteban  Machine: dna020  Platform: Linux  PlatformVersion: 5.14.0-427.37.1.el9_4.x86_64  CompilerName: GCC  CompilerVersion: 8.4.0
ProgramName: mris_left_right_register  ProgramArguments: mris_left_right_register -all-info  ProgramVersion: 7.3.2  TimeStamp: 2026/03/12-19:44:03-GMT  BuildTime: Aug  4 2022 06:17:15  BuildStamp: freesurfer-linux-ubuntu22_x86_64-7.3.2-20220804-6354275  User: oesteban  Machine: dna020  Platform: Linux  PlatformVersion: 5.14.0-427.37.1.el9_4.x86_64  CompilerName: GCC  CompilerVersion: 8.4.0
ProgramName: mris_place_surface  ProgramArguments: mris_place_surface -all-info  ProgramVersion: 7.3.2  TimeStamp: 2026/03/12-19:44:03-GMT  BuildTime: Aug  4 2022 06:17:15  BuildStamp: freesurfer-linux-ubuntu22_x86_64-7.3.2-20220804-6354275  User: oesteban  Machine: dna020  Platform: Linux  PlatformVersion: 5.14.0-427.37.1.el9_4.x86_64  CompilerName: GCC  CompilerVersion: 8.4.0
ProgramName: mrisp_paint  ProgramArguments: mrisp_paint -all-info  ProgramVersion: 7.3.2  TimeStamp: 2026/03/12-19:44:03-GMT  BuildTime: Aug  4 2022 06:17:15  BuildStamp: freesurfer-linux-ubuntu22_x86_64-7.3.2-20220804-6354275  User: oesteban  Machine: dna020  Platform: Linux  PlatformVersion: 5.14.0-427.37.1.el9_4.x86_64  CompilerName: GCC  CompilerVersion: 8.4.0
ProgramName: mris_register  ProgramArguments: mris_register -all-info  ProgramVersion: 7.3.2  TimeStamp: 2026/03/12-19:44:03-GMT  BuildTime: Aug  4 2022 06:17:15  BuildStamp: freesurfer-linux-ubuntu22_x86_64-7.3.2-20220804-6354275  User: oesteban  Machine: dna020  Platform: Linux  PlatformVersion: 5.14.0-427.37.1.el9_4.x86_64  CompilerName: GCC  CompilerVersion: 8.4.0
ProgramName: mris_smooth  ProgramArguments: mris_smooth -all-info  ProgramVersion: 7.3.2  TimeStamp: 2026/03/12-19:44:03-GMT  BuildTime: Aug  4 2022 06:17:15  BuildStamp: freesurfer-linux-ubuntu22_x86_64-7.3.2-20220804-6354275  User: oesteban  Machine: dna020  Platform: Linux  PlatformVersion: 5.14.0-427.37.1.el9_4.x86_64  CompilerName: GCC  CompilerVersion: 8.4.0
ProgramName: mris_sphere  ProgramArguments: mris_sphere -all-info  ProgramVersion: 7.3.2  TimeStamp: 2026/03/12-19:44:03-GMT  BuildTime: Aug  4 2022 06:17:15  BuildStamp: freesurfer-linux-ubuntu22_x86_64-7.3.2-20220804-6354275  User: oesteban  Machine: dna020  Platform: Linux  PlatformVersion: 5.14.0-427.37.1.el9_4.x86_64  CompilerName: GCC  CompilerVersion: 8.4.0
ProgramName: mris_surface_stats  ProgramArguments: mris_surface_stats -all-info  ProgramVersion: 7.3.2  TimeStamp: 2026/03/12-19:44:03-GMT  BuildTime: Aug  4 2022 06:17:15  BuildStamp: freesurfer-linux-ubuntu22_x86_64-7.3.2-20220804-6354275  User: oesteban  Machine: dna020  Platform: Linux  PlatformVersion: 5.14.0-427.37.1.el9_4.x86_64  CompilerName: GCC  CompilerVersion: 8.4.0
ProgramName: mri_stats2seg  ProgramArguments: mri_stats2seg -all-info  ProgramVersion: 7.3.2  TimeStamp: 2026/03/12-19:44:03-GMT  BuildTime: Aug  4 2022 06:17:15  BuildStamp: freesurfer-linux-ubuntu22_x86_64-7.3.2-20220804-6354275  User: oesteban  Machine: dna020  Platform: Linux  PlatformVersion: 5.14.0-427.37.1.el9_4.x86_64  CompilerName: GCC  CompilerVersion: 8.4.0
ProgramName: mris_thickness  ProgramArguments: mris_thickness -all-info  ProgramVersion: 7.3.2  TimeStamp: 2026/03/12-19:44:03-GMT  BuildTime: Aug  4 2022 06:17:15  BuildStamp: freesurfer-linux-ubuntu22_x86_64-7.3.2-20220804-6354275  User: oesteban  Machine: dna020  Platform: Linux  PlatformVersion: 5.14.0-427.37.1.el9_4.x86_64  CompilerName: GCC  CompilerVersion: 8.4.0
ProgramName: mris_thickness_diff  ProgramArguments: mris_thickness_diff -all-info  ProgramVersion: 7.3.2  TimeStamp: 2026/03/12-19:44:03-GMT  BuildTime: Aug  4 2022 06:17:15  BuildStamp: freesurfer-linux-ubuntu22_x86_64-7.3.2-20220804-6354275  User: oesteban  Machine: dna020  Platform: Linux  PlatformVersion: 5.14.0-427.37.1.el9_4.x86_64  CompilerName: GCC  CompilerVersion: 8.4.0
ProgramName: mris_topo_fixer  ProgramArguments: mris_topo_fixer -all-info  ProgramVersion: 7.3.2  TimeStamp: 2026/03/12-19:44:03-GMT  BuildTime: Aug  4 2022 06:17:15  BuildStamp: freesurfer-linux-ubuntu22_x86_64-7.3.2-20220804-6354275  User: oesteban  Machine: dna020  Platform: Linux  PlatformVersion: 5.14.0-427.37.1.el9_4.x86_64  CompilerName: GCC  CompilerVersion: 8.4.0
ProgramName: mri_surf2surf  ProgramArguments: mri_surf2surf -all-info  ProgramVersion: 7.3.2  TimeStamp: 2026/03/12-19:44:03-GMT  BuildTime: Aug  4 2022 06:17:15  BuildStamp: freesurfer-linux-ubuntu22_x86_64-7.3.2-20220804-6354275  User: oesteban  Machine: dna020  Platform: Linux  PlatformVersion: 5.14.0-427.37.1.el9_4.x86_64  CompilerName: GCC  CompilerVersion: 8.4.0
ProgramName: mri_surf2vol  ProgramArguments: mri_surf2vol -all-info  ProgramVersion: 7.3.2  TimeStamp: 2026/03/12-19:44:03-GMT  BuildTime: Aug  4 2022 06:17:15  BuildStamp: freesurfer-linux-ubuntu22_x86_64-7.3.2-20220804-6354275  User: oesteban  Machine: dna020  Platform: Linux  PlatformVersion: 5.14.0-427.37.1.el9_4.x86_64  CompilerName: GCC  CompilerVersion: 8.4.0
ProgramName: mri_surfcluster  ProgramArguments: mri_surfcluster -all-info  ProgramVersion: 7.3.2  TimeStamp: 2026/03/12-19:44:03-GMT  BuildTime: Aug  4 2022 06:17:15  BuildStamp: freesurfer-linux-ubuntu22_x86_64-7.3.2-20220804-6354275  User: oesteban  Machine: dna020  Platform: Linux  PlatformVersion: 5.14.0-427.37.1.el9_4.x86_64  CompilerName: GCC  CompilerVersion: 8.4.0
ProgramName: mris_volmask  ProgramArguments: mris_volmask -all-info  ProgramVersion: 7.3.2  TimeStamp: 2026/03/12-19:44:03-GMT  BuildTime: Aug  4 2022 06:17:15  BuildStamp: freesurfer-linux-ubuntu22_x86_64-7.3.2-20220804-6354275  User: oesteban  Machine: dna020  Platform: Linux  PlatformVersion: 5.14.0-427.37.1.el9_4.x86_64  CompilerName: GCC  CompilerVersion: 8.4.0
ProgramName: mri_tessellate  ProgramArguments: mri_tessellate -all-info  ProgramVersion: 7.3.2  TimeStamp: 2026/03/12-19:44:03-GMT  BuildTime: Aug  4 2022 06:17:15  BuildStamp: freesurfer-linux-ubuntu22_x86_64-7.3.2-20220804-6354275  User: oesteban  Machine: dna020  Platform: Linux  PlatformVersion: 5.14.0-427.37.1.el9_4.x86_64  CompilerName: GCC  CompilerVersion: 8.4.0
ProgramName: mri_vol2surf  ProgramArguments: mri_vol2surf -all-info  ProgramVersion: 7.3.2  TimeStamp: 2026/03/12-19:44:03-GMT  BuildTime: Aug  4 2022 06:17:15  BuildStamp: freesurfer-linux-ubuntu22_x86_64-7.3.2-20220804-6354275  User: oesteban  Machine: dna020  Platform: Linux  PlatformVersion: 5.14.0-427.37.1.el9_4.x86_64  CompilerName: GCC  CompilerVersion: 8.4.0
ProgramName: mri_vol2vol  ProgramArguments: mri_vol2vol -all-info  ProgramVersion: 7.3.2  TimeStamp: 2026/03/12-19:44:03-GMT  BuildTime: Aug  4 2022 06:17:15  BuildStamp: freesurfer-linux-ubuntu22_x86_64-7.3.2-20220804-6354275  User: oesteban  Machine: dna020  Platform: Linux  PlatformVersion: 5.14.0-427.37.1.el9_4.x86_64  CompilerName: GCC  CompilerVersion: 8.4.0
ProgramName: mri_voldiff  ProgramArguments: mri_voldiff -all-info  ProgramVersion: 7.3.2  TimeStamp: 2026/03/12-19:44:03-GMT  BuildTime: Aug  4 2022 06:17:15  BuildStamp: freesurfer-linux-ubuntu22_x86_64-7.3.2-20220804-6354275  User: oesteban  Machine: dna020  Platform: Linux  PlatformVersion: 5.14.0-427.37.1.el9_4.x86_64  CompilerName: GCC  CompilerVersion: 8.4.0
ProgramName: mri_watershed  ProgramArguments: mri_watershed -all-info  ProgramVersion: 7.3.2  TimeStamp: 2026/03/12-19:44:03-GMT  BuildTime: Aug  4 2022 06:17:15  BuildStamp: freesurfer-linux-ubuntu22_x86_64-7.3.2-20220804-6354275  User: oesteban  Machine: dna020  Platform: Linux  PlatformVersion: 5.14.0-427.37.1.el9_4.x86_64  CompilerName: GCC  CompilerVersion: 8.4.0
ProgramName: tkregister2  ProgramArguments: tkregister2_cmdl -all-info  ProgramVersion: 7.3.2  TimeStamp: 2026/03/12-19:44:03-GMT  BuildTime: Aug  4 2022 06:17:15  BuildStamp: freesurfer-linux-ubuntu22_x86_64-7.3.2-20220804-6354275  User: oesteban  Machine: dna020  Platform: Linux  PlatformVersion: 5.14.0-427.37.1.el9_4.x86_64  CompilerName: GCC  CompilerVersion: 8.4.0
mri_motion_correct.fsl 7.3.2
mri_convert -all-info 
ProgramName: mri_convert  ProgramArguments: mri_convert -all-info  ProgramVersion: 7.3.2  TimeStamp: 2026/03/12-19:44:03-GMT  BuildTime: Aug  4 2022 06:17:15  BuildStamp: freesurfer-linux-ubuntu22_x86_64-7.3.2-20220804-6354275  User: oesteban  Machine: dna020  Platform: Linux  PlatformVersion: 5.14.0-427.37.1.el9_4.x86_64  CompilerName: GCC  CompilerVersion: 8.4.0
Program nu_correct, built from:
Package MNI N3, version 1.12.0, compiled by nicks@terrier (x86_64-unknown-linux-gnu) on 2015-06-19 at 01:25:34
#######################################
GCADIR /opt/freesurfer/average
GCA RB_all_2020-01-02.gca
GCASkull RB_all_withskull_2020_01_02.gca
AvgCurvTif folding.atlas.acfb40.noaparc.i12.2016-08-02.tif
GCSDIR /opt/freesurfer/average
GCS DKaparc.atlas.acfb40.noaparc.i12.2016-08-02.gcs
#######################################
#@# white curv lh Thu Mar 12 20:44:03 CET 2026
cd /out/sourcedata/freesurfer/sub-v1s20x0050348_ses-1/mri
mris_place_surface --curv-map ../surf/lh.white 2 10 ../surf/lh.curv
   Update not needed
#@# white area lh Thu Mar 12 20:44:03 CET 2026
cd /out/sourcedata/freesurfer/sub-v1s20x0050348_ses-1/mri
mris_place_surface --area-map ../surf/lh.white ../surf/lh.area
   Update not needed
#@# pial curv lh Thu Mar 12 20:44:03 CET 2026
cd /out/sourcedata/freesurfer/sub-v1s20x0050348_ses-1/mri
mris_place_surface --curv-map ../surf/lh.pial 2 10 ../surf/lh.curv.pial
   Update not needed
#@# pial area lh Thu Mar 12 20:44:03 CET 2026
cd /out/sourcedata/freesurfer/sub-v1s20x0050348_ses-1/mri
mris_place_surface --area-map ../surf/lh.pial ../surf/lh.area.pial
   Update not needed
#@# thickness lh Thu Mar 12 20:44:03 CET 2026
cd /out/sourcedata/freesurfer/sub-v1s20x0050348_ses-1/mri
mris_place_surface --thickness ../surf/lh.white ../surf/lh.pial 20 5 ../surf/lh.thickness
   Update not needed
#@# area and vertex vol lh Thu Mar 12 20:44:03 CET 2026
cd /out/sourcedata/freesurfer/sub-v1s20x0050348_ses-1/mri
mris_place_surface --thickness ../surf/lh.white ../surf/lh.pial 20 5 ../surf/lh.thickness
   Update not needed
#@# white curv rh Thu Mar 12 20:44:03 CET 2026
cd /out/sourcedata/freesurfer/sub-v1s20x0050348_ses-1/mri
mris_place_surface --curv-map ../surf/rh.white 2 10 ../surf/rh.curv
   Update not needed
#@# white area rh Thu Mar 12 20:44:03 CET 2026
cd /out/sourcedata/freesurfer/sub-v1s20x0050348_ses-1/mri
mris_place_surface --area-map ../surf/rh.white ../surf/rh.area
   Update not needed
#@# pial curv rh Thu Mar 12 20:44:03 CET 2026
cd /out/sourcedata/freesurfer/sub-v1s20x0050348_ses-1/mri
mris_place_surface --curv-map ../surf/rh.pial 2 10 ../surf/rh.curv.pial
   Update not needed
#@# pial area rh Thu Mar 12 20:44:03 CET 2026
cd /out/sourcedata/freesurfer/sub-v1s20x0050348_ses-1/mri
mris_place_surface --area-map ../surf/rh.pial ../surf/rh.area.pial
   Update not needed
#@# thickness rh Thu Mar 12 20:44:03 CET 2026
cd /out/sourcedata/freesurfer/sub-v1s20x0050348_ses-1/mri
mris_place_surface --thickness ../surf/rh.white ../surf/rh.pial 20 5 ../surf/rh.thickness
   Update not needed
#@# area and vertex vol rh Thu Mar 12 20:44:03 CET 2026
cd /out/sourcedata/freesurfer/sub-v1s20x0050348_ses-1/mri
mris_place_surface --thickness ../surf/rh.white ../surf/rh.pial 20 5 ../surf/rh.thickness
   Update not needed
#--------------------------------------------
#@# Cortical ribbon mask Thu Mar 12 20:44:03 CET 2026
/out/sourcedata/freesurfer/sub-v1s20x0050348_ses-1/mri

 mris_volmask --aseg_name aseg.presurf --label_left_white 2 --label_left_ribbon 3 --label_right_white 41 --label_right_ribbon 42 --save_ribbon sub-v1s20x0050348_ses-1 

SUBJECTS_DIR is /out/sourcedata/freesurfer
loading input data...
Running hemis serially
Processing left hemi
computing distance to left white surface 
computing distance to left pial surface 
Processing right hemi
computing distance to right white surface 
computing distance to right pial surface 
 hemi masks overlap voxels = 394
writing volume /out/sourcedata/freesurfer/sub-v1s20x0050348_ses-1/mri/ribbon.mgz
mris_volmask took 4.95 minutes
 writing ribbon files

Started at Thu Mar 12 20:44:03 CET 2026 
Ended   at Thu Mar 12 20:49:00 CET 2026
#@#%# recon-all-run-time-hours 0.083
recon-all -s sub-v1s20x0050348_ses-1 finished without error at Thu Mar 12 20:49:00 CET 2026



#New# invocation of recon-all 




Thu Mar 12 20:55:21 CET 2026
cd /out/sourcedata/freesurfer/sub-v1s20x0050348_ses-1
setenv SUBJECTS_DIR /out/sourcedata/freesurfer
/opt/freesurfer/bin/recon-all -autorecon3 -openmp 16 -subjid sub-v1s20x0050348_ses-1 -sd /out/sourcedata/freesurfer -nosphere -nosurfreg -nojacobian_white -noavgcurv -nocortparc -nopial -noparcstats -nocortparc2 -noparcstats2 -nocortparc3 -noparcstats3 -nopctsurfcon -nocortribbon -nobalabels

subjid sub-v1s20x0050348_ses-1
setenv SUBJECTS_DIR /out/sourcedata/freesurfer
FREESURFER_HOME /opt/freesurfer
Actual FREESURFER_HOME /opt/freesurfer
build-stamp.txt: freesurfer-linux-ubuntu22_x86_64-7.3.2-20220804-6354275
Linux dna020 5.14.0-427.37.1.el9_4.x86_64 #1 SMP PREEMPT_DYNAMIC Fri Sep 13 12:41:50 EDT 2024 x86_64 x86_64 x86_64 GNU/Linux
cputime      unlimited
filesize     unlimited
datasize     unlimited
stacksize    8192 kbytes
coredumpsize 0 kbytes
memoryuse    67108864 kbytes
vmemoryuse   unlimited
descriptors  1024 
memorylocked unlimited
maxproc      2061970 
maxlocks     unlimited
maxsignal    2061970 
maxmessage   819200 
maxnice      0 
maxrtprio    0 
maxrttime    unlimited

               total        used        free      shared  buff/cache   available
Mem:           503Gi        54Gi       303Gi        36Gi       145Gi       409Gi
Swap:             0B          0B          0B

########################################
program versions used
7.3.2 (freesurfer-linux-ubuntu22_x86_64-7.3.2-20220804-6354275)
7.3.2

ProgramName: lta_convert  ProgramArguments: lta_convert -all-info  ProgramVersion: 7.3.2  TimeStamp: 2026/03/12-19:55:21-GMT  BuildTime: Aug  4 2022 06:17:15  BuildStamp: freesurfer-linux-ubuntu22_x86_64-7.3.2-20220804-6354275  User: oesteban  Machine: dna020  Platform: Linux  PlatformVersion: 5.14.0-427.37.1.el9_4.x86_64  CompilerName: GCC  CompilerVersion: 8.4.0
ProgramName: mri_and  ProgramArguments: mri_and -all-info  ProgramVersion: 7.3.2  TimeStamp: 2026/03/12-19:55:21-GMT  BuildTime: Aug  4 2022 06:17:15  BuildStamp: freesurfer-linux-ubuntu22_x86_64-7.3.2-20220804-6354275  User: oesteban  Machine: dna020  Platform: Linux  PlatformVersion: 5.14.0-427.37.1.el9_4.x86_64  CompilerName: GCC  CompilerVersion: 8.4.0
ProgramName: mri_annotation2label  ProgramArguments: mri_annotation2label -all-info  ProgramVersion: 7.3.2  TimeStamp: 2026/03/12-19:55:21-GMT  BuildTime: Aug  4 2022 06:17:15  BuildStamp: freesurfer-linux-ubuntu22_x86_64-7.3.2-20220804-6354275  User: oesteban  Machine: dna020  Platform: Linux  PlatformVersion: 5.14.0-427.37.1.el9_4.x86_64  CompilerName: GCC  CompilerVersion: 8.4.0
ProgramName: mri_aparc2aseg  ProgramArguments: mri_aparc2aseg -all-info  ProgramVersion: 7.3.2  TimeStamp: 2026/03/12-19:55:21-GMT  BuildTime: Aug  4 2022 06:17:15  BuildStamp: freesurfer-linux-ubuntu22_x86_64-7.3.2-20220804-6354275  User: oesteban  Machine: dna020  Platform: Linux  PlatformVersion: 5.14.0-427.37.1.el9_4.x86_64  CompilerName: GCC  CompilerVersion: 8.4.0
ProgramName: mri_surf2volseg  ProgramArguments: mri_surf2volseg -all-info  ProgramVersion: 7.3.2  TimeStamp: 2026/03/12-19:55:21-GMT  BuildTime: Aug  4 2022 06:17:15  BuildStamp: freesurfer-linux-ubuntu22_x86_64-7.3.2-20220804-6354275  User: oesteban  Machine: dna020  Platform: Linux  PlatformVersion: 5.14.0-427.37.1.el9_4.x86_64  CompilerName: GCC  CompilerVersion: 8.4.0
ProgramName: mri_binarize  ProgramArguments: mri_binarize -all-info  ProgramVersion: 7.3.2  TimeStamp: 2026/03/12-19:55:21-GMT  BuildTime: Aug  4 2022 06:17:15  BuildStamp: freesurfer-linux-ubuntu22_x86_64-7.3.2-20220804-6354275  User: oesteban  Machine: dna020  Platform: Linux  PlatformVersion: 5.14.0-427.37.1.el9_4.x86_64  CompilerName: GCC  CompilerVersion: 8.4.0
ProgramName: mri_ca_label  ProgramArguments: mri_ca_label -all-info  ProgramVersion: 7.3.2  TimeStamp: 2026/03/12-19:55:21-GMT  BuildTime: Aug  4 2022 06:17:15  BuildStamp: freesurfer-linux-ubuntu22_x86_64-7.3.2-20220804-6354275  User: oesteban  Machine: dna020  Platform: Linux  PlatformVersion: 5.14.0-427.37.1.el9_4.x86_64  CompilerName: GCC  CompilerVersion: 8.4.0
ProgramName: mri_ca_normalize  ProgramArguments: mri_ca_normalize -all-info  ProgramVersion: 7.3.2  TimeStamp: 2026/03/12-19:55:21-GMT  BuildTime: Aug  4 2022 06:17:15  BuildStamp: freesurfer-linux-ubuntu22_x86_64-7.3.2-20220804-6354275  User: oesteban  Machine: dna020  Platform: Linux  PlatformVersion: 5.14.0-427.37.1.el9_4.x86_64  CompilerName: GCC  CompilerVersion: 8.4.0
ProgramName: mri_ca_register  ProgramArguments: mri_ca_register -all-info  ProgramVersion: 7.3.2  TimeStamp: 2026/03/12-19:55:21-GMT  BuildTime: Aug  4 2022 06:17:15  BuildStamp: freesurfer-linux-ubuntu22_x86_64-7.3.2-20220804-6354275  User: oesteban  Machine: dna020  Platform: Linux  PlatformVersion: 5.14.0-427.37.1.el9_4.x86_64  CompilerName: GCC  CompilerVersion: 8.4.0
ProgramName: mri_cc  ProgramArguments: mri_cc -all-info  ProgramVersion: 7.3.2  TimeStamp: 2026/03/12-19:55:21-GMT  BuildTime: Aug  4 2022 06:17:15  BuildStamp: freesurfer-linux-ubuntu22_x86_64-7.3.2-20220804-6354275  User: oesteban  Machine: dna020  Platform: Linux  PlatformVersion: 5.14.0-427.37.1.el9_4.x86_64  CompilerName: GCC  CompilerVersion: 8.4.0
ProgramName: mri_compute_overlap  ProgramArguments: mri_compute_overlap -all-info  ProgramVersion: 7.3.2  TimeStamp: 2026/03/12-19:55:21-GMT  BuildTime: Aug  4 2022 06:17:15  BuildStamp: freesurfer-linux-ubuntu22_x86_64-7.3.2-20220804-6354275  User: oesteban  Machine: dna020  Platform: Linux  PlatformVersion: 5.14.0-427.37.1.el9_4.x86_64  CompilerName: GCC  CompilerVersion: 8.4.0
ProgramName: mri_compute_seg_overlap  ProgramArguments: mri_compute_seg_overlap -all-info  ProgramVersion: 7.3.2  TimeStamp: 2026/03/12-19:55:21-GMT  BuildTime: Aug  4 2022 06:17:15  BuildStamp: freesurfer-linux-ubuntu22_x86_64-7.3.2-20220804-6354275  User: oesteban  Machine: dna020  Platform: Linux  PlatformVersion: 5.14.0-427.37.1.el9_4.x86_64  CompilerName: GCC  CompilerVersion: 8.4.0
ProgramName: mri_concat  ProgramArguments: mri_concat -all-info  ProgramVersion: 7.3.2  TimeStamp: 2026/03/12-19:55:21-GMT  BuildTime: Aug  4 2022 06:17:15  BuildStamp: freesurfer-linux-ubuntu22_x86_64-7.3.2-20220804-6354275  User: oesteban  Machine: dna020  Platform: Linux  PlatformVersion: 5.14.0-427.37.1.el9_4.x86_64  CompilerName: GCC  CompilerVersion: 8.4.0
ProgramName: mri_concatenate_lta  ProgramArguments: mri_concatenate_lta -all-info  ProgramVersion: 7.3.2  TimeStamp: 2026/03/12-19:55:21-GMT  BuildTime: Aug  4 2022 06:17:15  BuildStamp: freesurfer-linux-ubuntu22_x86_64-7.3.2-20220804-6354275  User: oesteban  Machine: dna020  Platform: Linux  PlatformVersion: 5.14.0-427.37.1.el9_4.x86_64  CompilerName: GCC  CompilerVersion: 8.4.0
mri_convert -all-info 
ProgramName: mri_convert  ProgramArguments: mri_convert -all-info  ProgramVersion: 7.3.2  TimeStamp: 2026/03/12-19:55:21-GMT  BuildTime: Aug  4 2022 06:17:15  BuildStamp: freesurfer-linux-ubuntu22_x86_64-7.3.2-20220804-6354275  User: oesteban  Machine: dna020  Platform: Linux  PlatformVersion: 5.14.0-427.37.1.el9_4.x86_64  CompilerName: GCC  CompilerVersion: 8.4.0
ProgramName: mri_diff  ProgramArguments: mri_diff -all-info  ProgramVersion: 7.3.2  TimeStamp: 2026/03/12-19:55:21-GMT  BuildTime: Aug  4 2022 06:17:15  BuildStamp: freesurfer-linux-ubuntu22_x86_64-7.3.2-20220804-6354275  User: oesteban  Machine: dna020  Platform: Linux  PlatformVersion: 5.14.0-427.37.1.el9_4.x86_64  CompilerName: GCC  CompilerVersion: 8.4.0
ProgramName: mri_edit_wm_with_aseg  ProgramArguments: mri_edit_wm_with_aseg -all-info  ProgramVersion: 7.3.2  TimeStamp: 2026/03/12-19:55:21-GMT  BuildTime: Aug  4 2022 06:17:15  BuildStamp: freesurfer-linux-ubuntu22_x86_64-7.3.2-20220804-6354275  User: oesteban  Machine: dna020  Platform: Linux  PlatformVersion: 5.14.0-427.37.1.el9_4.x86_64  CompilerName: GCC  CompilerVersion: 8.4.0
ProgramName: mri_em_register  ProgramArguments: mri_em_register -all-info  ProgramVersion: 7.3.2  TimeStamp: 2026/03/12-19:55:21-GMT  BuildTime: Aug  4 2022 06:17:15  BuildStamp: freesurfer-linux-ubuntu22_x86_64-7.3.2-20220804-6354275  User: oesteban  Machine: dna020  Platform: Linux  PlatformVersion: 5.14.0-427.37.1.el9_4.x86_64  CompilerName: GCC  CompilerVersion: 8.4.0
ProgramName: mri_fill  ProgramArguments: mri_fill -all-info  ProgramVersion: 7.3.2  TimeStamp: 2026/03/12-19:55:21-GMT  BuildTime: Aug  4 2022 06:17:15  BuildStamp: freesurfer-linux-ubuntu22_x86_64-7.3.2-20220804-6354275  User: oesteban  Machine: dna020  Platform: Linux  PlatformVersion: 5.14.0-427.37.1.el9_4.x86_64  CompilerName: GCC  CompilerVersion: 8.4.0
ProgramName: mri_fuse_segmentations  ProgramArguments: mri_fuse_segmentations -all-info  ProgramVersion: 7.3.2  TimeStamp: 2026/03/12-19:55:21-GMT  BuildTime: Aug  4 2022 06:17:15  BuildStamp: freesurfer-linux-ubuntu22_x86_64-7.3.2-20220804-6354275  User: oesteban  Machine: dna020  Platform: Linux  PlatformVersion: 5.14.0-427.37.1.el9_4.x86_64  CompilerName: GCC  CompilerVersion: 8.4.0
ProgramName: mri_fwhm  ProgramArguments: mri_fwhm -all-info  ProgramVersion: 7.3.2  TimeStamp: 2026/03/12-19:55:21-GMT  BuildTime: Aug  4 2022 06:17:15  BuildStamp: freesurfer-linux-ubuntu22_x86_64-7.3.2-20220804-6354275  User: oesteban  Machine: dna020  Platform: Linux  PlatformVersion: 5.14.0-427.37.1.el9_4.x86_64  CompilerName: GCC  CompilerVersion: 8.4.0
ProgramName: mri_gcut  ProgramArguments: mri_gcut -all-info  ProgramVersion: 7.3.2  TimeStamp: 2026/03/12-19:55:21-GMT  BuildTime: Aug  4 2022 06:17:15  BuildStamp: freesurfer-linux-ubuntu22_x86_64-7.3.2-20220804-6354275  User: oesteban  Machine: dna020  Platform: Linux  PlatformVersion: 5.14.0-427.37.1.el9_4.x86_64  CompilerName: GCC  CompilerVersion: 8.4.0
ProgramName: mri_info  ProgramArguments: mri_info -all-info  ProgramVersion: 7.3.2  TimeStamp: 2026/03/12-19:55:21-GMT  BuildTime: Aug  4 2022 06:17:15  BuildStamp: freesurfer-linux-ubuntu22_x86_64-7.3.2-20220804-6354275  User: oesteban  Machine: dna020  Platform: Linux  PlatformVersion: 5.14.0-427.37.1.el9_4.x86_64  CompilerName: GCC  CompilerVersion: 8.4.0
ProgramName: mri_label2label  ProgramArguments: mri_label2label -all-info  ProgramVersion: 7.3.2  TimeStamp: 2026/03/12-19:55:21-GMT  BuildTime: Aug  4 2022 06:17:15  BuildStamp: freesurfer-linux-ubuntu22_x86_64-7.3.2-20220804-6354275  User: oesteban  Machine: dna020  Platform: Linux  PlatformVersion: 5.14.0-427.37.1.el9_4.x86_64  CompilerName: GCC  CompilerVersion: 8.4.0
ProgramName: mri_label2vol  ProgramArguments: mri_label2vol -all-info  ProgramVersion: 7.3.2  TimeStamp: 2026/03/12-19:55:21-GMT  BuildTime: Aug  4 2022 06:17:15  BuildStamp: freesurfer-linux-ubuntu22_x86_64-7.3.2-20220804-6354275  User: oesteban  Machine: dna020  Platform: Linux  PlatformVersion: 5.14.0-427.37.1.el9_4.x86_64  CompilerName: GCC  CompilerVersion: 8.4.0
ProgramName: mri_log_likelihood  ProgramArguments: mri_log_likelihood -all-info  ProgramVersion: 7.3.2  TimeStamp: 2026/03/12-19:55:21-GMT  BuildTime: Aug  4 2022 06:17:15  BuildStamp: freesurfer-linux-ubuntu22_x86_64-7.3.2-20220804-6354275  User: oesteban  Machine: dna020  Platform: Linux  PlatformVersion: 5.14.0-427.37.1.el9_4.x86_64  CompilerName: GCC  CompilerVersion: 8.4.0
ProgramName: mri_mask  ProgramArguments: mri_mask -all-info  ProgramVersion: 7.3.2  TimeStamp: 2026/03/12-19:55:21-GMT  BuildTime: Aug  4 2022 06:17:15  BuildStamp: freesurfer-linux-ubuntu22_x86_64-7.3.2-20220804-6354275  User: oesteban  Machine: dna020  Platform: Linux  PlatformVersion: 5.14.0-427.37.1.el9_4.x86_64  CompilerName: GCC  CompilerVersion: 8.4.0
ProgramName: mri_matrix_multiply  ProgramArguments: mri_matrix_multiply -all-info  ProgramVersion: 7.3.2  TimeStamp: 2026/03/12-19:55:21-GMT  BuildTime: Aug  4 2022 06:17:15  BuildStamp: freesurfer-linux-ubuntu22_x86_64-7.3.2-20220804-6354275  User: oesteban  Machine: dna020  Platform: Linux  PlatformVersion: 5.14.0-427.37.1.el9_4.x86_64  CompilerName: GCC  CompilerVersion: 8.4.0
ProgramName: mri_normalize  ProgramArguments: mri_normalize -all-info  ProgramVersion: 7.3.2  TimeStamp: 2026/03/12-19:55:21-GMT  BuildTime: Aug  4 2022 06:17:15  BuildStamp: freesurfer-linux-ubuntu22_x86_64-7.3.2-20220804-6354275  User: oesteban  Machine: dna020  Platform: Linux  PlatformVersion: 5.14.0-427.37.1.el9_4.x86_64  CompilerName: GCC  CompilerVersion: 8.4.0
ProgramName: mri_normalize_tp2  ProgramArguments: mri_normalize_tp2 -all-info  ProgramVersion: 7.3.2  TimeStamp: 2026/03/12-19:55:21-GMT  BuildTime: Aug  4 2022 06:17:15  BuildStamp: freesurfer-linux-ubuntu22_x86_64-7.3.2-20220804-6354275  User: oesteban  Machine: dna020  Platform: Linux  PlatformVersion: 5.14.0-427.37.1.el9_4.x86_64  CompilerName: GCC  CompilerVersion: 8.4.0
ProgramName: mri_or  ProgramArguments: mri_or -all-info  ProgramVersion: 7.3.2  TimeStamp: 2026/03/12-19:55:21-GMT  BuildTime: Aug  4 2022 06:17:15  BuildStamp: freesurfer-linux-ubuntu22_x86_64-7.3.2-20220804-6354275  User: oesteban  Machine: dna020  Platform: Linux  PlatformVersion: 5.14.0-427.37.1.el9_4.x86_64  CompilerName: GCC  CompilerVersion: 8.4.0
ProgramName: mri_relabel_hypointensities  ProgramArguments: mri_relabel_hypointensities -all-info  ProgramVersion: 7.3.2  TimeStamp: 2026/03/12-19:55:21-GMT  BuildTime: Aug  4 2022 06:17:15  BuildStamp: freesurfer-linux-ubuntu22_x86_64-7.3.2-20220804-6354275  User: oesteban  Machine: dna020  Platform: Linux  PlatformVersion: 5.14.0-427.37.1.el9_4.x86_64  CompilerName: GCC  CompilerVersion: 8.4.0
ProgramName: mri_relabel_nonwm_hypos  ProgramArguments: mri_relabel_nonwm_hypos -all-info  ProgramVersion: 7.3.2  TimeStamp: 2026/03/12-19:55:21-GMT  BuildTime: Aug  4 2022 06:17:15  BuildStamp: freesurfer-linux-ubuntu22_x86_64-7.3.2-20220804-6354275  User: oesteban  Machine: dna020  Platform: Linux  PlatformVersion: 5.14.0-427.37.1.el9_4.x86_64  CompilerName: GCC  CompilerVersion: 8.4.0
ProgramName: mri_remove_neck  ProgramArguments: mri_remove_neck -all-info  ProgramVersion: 7.3.2  TimeStamp: 2026/03/12-19:55:21-GMT  BuildTime: Aug  4 2022 06:17:15  BuildStamp: freesurfer-linux-ubuntu22_x86_64-7.3.2-20220804-6354275  User: oesteban  Machine: dna020  Platform: Linux  PlatformVersion: 5.14.0-427.37.1.el9_4.x86_64  CompilerName: GCC  CompilerVersion: 8.4.0
7.3.2

ProgramName: mri_robust_register  ProgramArguments: mri_robust_register -all-info  ProgramVersion: 7.3.2  TimeStamp: 2026/03/12-19:55:21-GMT  BuildTime: Aug  4 2022 06:17:15  BuildStamp: freesurfer-linux-ubuntu22_x86_64-7.3.2-20220804-6354275  User: oesteban  Machine: dna020  Platform: Linux  PlatformVersion: 5.14.0-427.37.1.el9_4.x86_64  CompilerName: GCC  CompilerVersion: 8.4.0
7.3.2

ProgramName: mri_robust_template  ProgramArguments: mri_robust_template -all-info  ProgramVersion: 7.3.2  TimeStamp: 2026/03/12-19:55:21-GMT  BuildTime: Aug  4 2022 06:17:15  BuildStamp: freesurfer-linux-ubuntu22_x86_64-7.3.2-20220804-6354275  User: oesteban  Machine: dna020  Platform: Linux  PlatformVersion: 5.14.0-427.37.1.el9_4.x86_64  CompilerName: GCC  CompilerVersion: 8.4.0
ProgramName: mris_anatomical_stats  ProgramArguments: mris_anatomical_stats -all-info  ProgramVersion: 7.3.2  TimeStamp: 2026/03/12-19:55:21-GMT  BuildTime: Aug  4 2022 06:17:15  BuildStamp: freesurfer-linux-ubuntu22_x86_64-7.3.2-20220804-6354275  User: oesteban  Machine: dna020  Platform: Linux  PlatformVersion: 5.14.0-427.37.1.el9_4.x86_64  CompilerName: GCC  CompilerVersion: 8.4.0
ProgramName: mris_ca_label  ProgramArguments: mris_ca_label -all-info  ProgramVersion: 7.3.2  TimeStamp: 2026/03/12-19:55:21-GMT  BuildTime: Aug  4 2022 06:17:15  BuildStamp: freesurfer-linux-ubuntu22_x86_64-7.3.2-20220804-6354275  User: oesteban  Machine: dna020  Platform: Linux  PlatformVersion: 5.14.0-427.37.1.el9_4.x86_64  CompilerName: GCC  CompilerVersion: 8.4.0
ProgramName: mris_calc  ProgramArguments: mris_calc -all-info  ProgramVersion: 7.3.2  TimeStamp: 2026/03/12-19:55:21-GMT  BuildTime: Aug  4 2022 06:17:15  BuildStamp: freesurfer-linux-ubuntu22_x86_64-7.3.2-20220804-6354275  User: oesteban  Machine: dna020  Platform: Linux  PlatformVersion: 5.14.0-427.37.1.el9_4.x86_64  CompilerName: GCC  CompilerVersion: 8.4.0
ProgramName: mris_convert  ProgramArguments: mris_convert -all-info  ProgramVersion: 7.3.2  TimeStamp: 2026/03/12-19:55:21-GMT  BuildTime: Aug  4 2022 06:17:15  BuildStamp: freesurfer-linux-ubuntu22_x86_64-7.3.2-20220804-6354275  User: oesteban  Machine: dna020  Platform: Linux  PlatformVersion: 5.14.0-427.37.1.el9_4.x86_64  CompilerName: GCC  CompilerVersion: 8.4.0
ProgramName: mris_curvature  ProgramArguments: mris_curvature -all-info  ProgramVersion: 7.3.2  TimeStamp: 2026/03/12-19:55:21-GMT  BuildTime: Aug  4 2022 06:17:15  BuildStamp: freesurfer-linux-ubuntu22_x86_64-7.3.2-20220804-6354275  User: oesteban  Machine: dna020  Platform: Linux  PlatformVersion: 5.14.0-427.37.1.el9_4.x86_64  CompilerName: GCC  CompilerVersion: 8.4.0
ProgramName: mris_curvature_stats  ProgramArguments: mris_curvature_stats -all-info  ProgramVersion: 7.3.2  TimeStamp: 2026/03/12-19:55:21-GMT  BuildTime: Aug  4 2022 06:17:15  BuildStamp: freesurfer-linux-ubuntu22_x86_64-7.3.2-20220804-6354275  User: oesteban  Machine: dna020  Platform: Linux  PlatformVersion: 5.14.0-427.37.1.el9_4.x86_64  CompilerName: GCC  CompilerVersion: 8.4.0
ProgramName: mris_diff  ProgramArguments: mris_diff -all-info  ProgramVersion: 7.3.2  TimeStamp: 2026/03/12-19:55:21-GMT  BuildTime: Aug  4 2022 06:17:15  BuildStamp: freesurfer-linux-ubuntu22_x86_64-7.3.2-20220804-6354275  User: oesteban  Machine: dna020  Platform: Linux  PlatformVersion: 5.14.0-427.37.1.el9_4.x86_64  CompilerName: GCC  CompilerVersion: 8.4.0
ProgramName: mris_divide_parcellation  ProgramArguments: mris_divide_parcellation -all-info  ProgramVersion: 7.3.2  TimeStamp: 2026/03/12-19:55:21-GMT  BuildTime: Aug  4 2022 06:17:15  BuildStamp: freesurfer-linux-ubuntu22_x86_64-7.3.2-20220804-6354275  User: oesteban  Machine: dna020  Platform: Linux  PlatformVersion: 5.14.0-427.37.1.el9_4.x86_64  CompilerName: GCC  CompilerVersion: 8.4.0
ProgramName: mri_segment  ProgramArguments: mri_segment -all-info  ProgramVersion: 7.3.2  TimeStamp: 2026/03/12-19:55:21-GMT  BuildTime: Aug  4 2022 06:17:15  BuildStamp: freesurfer-linux-ubuntu22_x86_64-7.3.2-20220804-6354275  User: oesteban  Machine: dna020  Platform: Linux  PlatformVersion: 5.14.0-427.37.1.el9_4.x86_64  CompilerName: GCC  CompilerVersion: 8.4.0
ProgramName: mri_segstats  ProgramArguments: mri_segstats -all-info  ProgramVersion: 7.3.2  TimeStamp: 2026/03/12-19:55:21-GMT  BuildTime: Aug  4 2022 06:17:15  BuildStamp: freesurfer-linux-ubuntu22_x86_64-7.3.2-20220804-6354275  User: oesteban  Machine: dna020  Platform: Linux  PlatformVersion: 5.14.0-427.37.1.el9_4.x86_64  CompilerName: GCC  CompilerVersion: 8.4.0
ProgramName: mris_euler_number  ProgramArguments: mris_euler_number -all-info  ProgramVersion: 7.3.2  TimeStamp: 2026/03/12-19:55:21-GMT  BuildTime: Aug  4 2022 06:17:15  BuildStamp: freesurfer-linux-ubuntu22_x86_64-7.3.2-20220804-6354275  User: oesteban  Machine: dna020  Platform: Linux  PlatformVersion: 5.14.0-427.37.1.el9_4.x86_64  CompilerName: GCC  CompilerVersion: 8.4.0
ProgramName: mris_fix_topology  ProgramArguments: mris_fix_topology -all-info  ProgramVersion: 7.3.2  TimeStamp: 2026/03/12-19:55:21-GMT  BuildTime: Aug  4 2022 06:17:15  BuildStamp: freesurfer-linux-ubuntu22_x86_64-7.3.2-20220804-6354275  User: oesteban  Machine: dna020  Platform: Linux  PlatformVersion: 5.14.0-427.37.1.el9_4.x86_64  CompilerName: GCC  CompilerVersion: 8.4.0
ProgramName: mris_topo_fixer  ProgramArguments: mris_topo_fixer -all-info  ProgramVersion: 7.3.2  TimeStamp: 2026/03/12-19:55:21-GMT  BuildTime: Aug  4 2022 06:17:15  BuildStamp: freesurfer-linux-ubuntu22_x86_64-7.3.2-20220804-6354275  User: oesteban  Machine: dna020  Platform: Linux  PlatformVersion: 5.14.0-427.37.1.el9_4.x86_64  CompilerName: GCC  CompilerVersion: 8.4.0
ProgramName: mris_jacobian  ProgramArguments: mris_jacobian -all-info  ProgramVersion: 7.3.2  TimeStamp: 2026/03/12-19:55:21-GMT  BuildTime: Aug  4 2022 06:17:15  BuildStamp: freesurfer-linux-ubuntu22_x86_64-7.3.2-20220804-6354275  User: oesteban  Machine: dna020  Platform: Linux  PlatformVersion: 5.14.0-427.37.1.el9_4.x86_64  CompilerName: GCC  CompilerVersion: 8.4.0
ProgramName: mris_label2annot  ProgramArguments: mris_label2annot -all-info  ProgramVersion: 7.3.2  TimeStamp: 2026/03/12-19:55:21-GMT  BuildTime: Aug  4 2022 06:17:15  BuildStamp: freesurfer-linux-ubuntu22_x86_64-7.3.2-20220804-6354275  User: oesteban  Machine: dna020  Platform: Linux  PlatformVersion: 5.14.0-427.37.1.el9_4.x86_64  CompilerName: GCC  CompilerVersion: 8.4.0
ProgramName: mris_left_right_register  ProgramArguments: mris_left_right_register -all-info  ProgramVersion: 7.3.2  TimeStamp: 2026/03/12-19:55:21-GMT  BuildTime: Aug  4 2022 06:17:15  BuildStamp: freesurfer-linux-ubuntu22_x86_64-7.3.2-20220804-6354275  User: oesteban  Machine: dna020  Platform: Linux  PlatformVersion: 5.14.0-427.37.1.el9_4.x86_64  CompilerName: GCC  CompilerVersion: 8.4.0
ProgramName: mris_place_surface  ProgramArguments: mris_place_surface -all-info  ProgramVersion: 7.3.2  TimeStamp: 2026/03/12-19:55:21-GMT  BuildTime: Aug  4 2022 06:17:15  BuildStamp: freesurfer-linux-ubuntu22_x86_64-7.3.2-20220804-6354275  User: oesteban  Machine: dna020  Platform: Linux  PlatformVersion: 5.14.0-427.37.1.el9_4.x86_64  CompilerName: GCC  CompilerVersion: 8.4.0
ProgramName: mrisp_paint  ProgramArguments: mrisp_paint -all-info  ProgramVersion: 7.3.2  TimeStamp: 2026/03/12-19:55:21-GMT  BuildTime: Aug  4 2022 06:17:15  BuildStamp: freesurfer-linux-ubuntu22_x86_64-7.3.2-20220804-6354275  User: oesteban  Machine: dna020  Platform: Linux  PlatformVersion: 5.14.0-427.37.1.el9_4.x86_64  CompilerName: GCC  CompilerVersion: 8.4.0
ProgramName: mris_register  ProgramArguments: mris_register -all-info  ProgramVersion: 7.3.2  TimeStamp: 2026/03/12-19:55:21-GMT  BuildTime: Aug  4 2022 06:17:15  BuildStamp: freesurfer-linux-ubuntu22_x86_64-7.3.2-20220804-6354275  User: oesteban  Machine: dna020  Platform: Linux  PlatformVersion: 5.14.0-427.37.1.el9_4.x86_64  CompilerName: GCC  CompilerVersion: 8.4.0
ProgramName: mris_smooth  ProgramArguments: mris_smooth -all-info  ProgramVersion: 7.3.2  TimeStamp: 2026/03/12-19:55:21-GMT  BuildTime: Aug  4 2022 06:17:15  BuildStamp: freesurfer-linux-ubuntu22_x86_64-7.3.2-20220804-6354275  User: oesteban  Machine: dna020  Platform: Linux  PlatformVersion: 5.14.0-427.37.1.el9_4.x86_64  CompilerName: GCC  CompilerVersion: 8.4.0
ProgramName: mris_sphere  ProgramArguments: mris_sphere -all-info  ProgramVersion: 7.3.2  TimeStamp: 2026/03/12-19:55:21-GMT  BuildTime: Aug  4 2022 06:17:15  BuildStamp: freesurfer-linux-ubuntu22_x86_64-7.3.2-20220804-6354275  User: oesteban  Machine: dna020  Platform: Linux  PlatformVersion: 5.14.0-427.37.1.el9_4.x86_64  CompilerName: GCC  CompilerVersion: 8.4.0
ProgramName: mris_surface_stats  ProgramArguments: mris_surface_stats -all-info  ProgramVersion: 7.3.2  TimeStamp: 2026/03/12-19:55:21-GMT  BuildTime: Aug  4 2022 06:17:15  BuildStamp: freesurfer-linux-ubuntu22_x86_64-7.3.2-20220804-6354275  User: oesteban  Machine: dna020  Platform: Linux  PlatformVersion: 5.14.0-427.37.1.el9_4.x86_64  CompilerName: GCC  CompilerVersion: 8.4.0
ProgramName: mri_stats2seg  ProgramArguments: mri_stats2seg -all-info  ProgramVersion: 7.3.2  TimeStamp: 2026/03/12-19:55:21-GMT  BuildTime: Aug  4 2022 06:17:15  BuildStamp: freesurfer-linux-ubuntu22_x86_64-7.3.2-20220804-6354275  User: oesteban  Machine: dna020  Platform: Linux  PlatformVersion: 5.14.0-427.37.1.el9_4.x86_64  CompilerName: GCC  CompilerVersion: 8.4.0
ProgramName: mris_thickness  ProgramArguments: mris_thickness -all-info  ProgramVersion: 7.3.2  TimeStamp: 2026/03/12-19:55:21-GMT  BuildTime: Aug  4 2022 06:17:15  BuildStamp: freesurfer-linux-ubuntu22_x86_64-7.3.2-20220804-6354275  User: oesteban  Machine: dna020  Platform: Linux  PlatformVersion: 5.14.0-427.37.1.el9_4.x86_64  CompilerName: GCC  CompilerVersion: 8.4.0
ProgramName: mris_thickness_diff  ProgramArguments: mris_thickness_diff -all-info  ProgramVersion: 7.3.2  TimeStamp: 2026/03/12-19:55:21-GMT  BuildTime: Aug  4 2022 06:17:15  BuildStamp: freesurfer-linux-ubuntu22_x86_64-7.3.2-20220804-6354275  User: oesteban  Machine: dna020  Platform: Linux  PlatformVersion: 5.14.0-427.37.1.el9_4.x86_64  CompilerName: GCC  CompilerVersion: 8.4.0
ProgramName: mris_topo_fixer  ProgramArguments: mris_topo_fixer -all-info  ProgramVersion: 7.3.2  TimeStamp: 2026/03/12-19:55:21-GMT  BuildTime: Aug  4 2022 06:17:15  BuildStamp: freesurfer-linux-ubuntu22_x86_64-7.3.2-20220804-6354275  User: oesteban  Machine: dna020  Platform: Linux  PlatformVersion: 5.14.0-427.37.1.el9_4.x86_64  CompilerName: GCC  CompilerVersion: 8.4.0
ProgramName: mri_surf2surf  ProgramArguments: mri_surf2surf -all-info  ProgramVersion: 7.3.2  TimeStamp: 2026/03/12-19:55:21-GMT  BuildTime: Aug  4 2022 06:17:15  BuildStamp: freesurfer-linux-ubuntu22_x86_64-7.3.2-20220804-6354275  User: oesteban  Machine: dna020  Platform: Linux  PlatformVersion: 5.14.0-427.37.1.el9_4.x86_64  CompilerName: GCC  CompilerVersion: 8.4.0
ProgramName: mri_surf2vol  ProgramArguments: mri_surf2vol -all-info  ProgramVersion: 7.3.2  TimeStamp: 2026/03/12-19:55:21-GMT  BuildTime: Aug  4 2022 06:17:15  BuildStamp: freesurfer-linux-ubuntu22_x86_64-7.3.2-20220804-6354275  User: oesteban  Machine: dna020  Platform: Linux  PlatformVersion: 5.14.0-427.37.1.el9_4.x86_64  CompilerName: GCC  CompilerVersion: 8.4.0
ProgramName: mri_surfcluster  ProgramArguments: mri_surfcluster -all-info  ProgramVersion: 7.3.2  TimeStamp: 2026/03/12-19:55:21-GMT  BuildTime: Aug  4 2022 06:17:15  BuildStamp: freesurfer-linux-ubuntu22_x86_64-7.3.2-20220804-6354275  User: oesteban  Machine: dna020  Platform: Linux  PlatformVersion: 5.14.0-427.37.1.el9_4.x86_64  CompilerName: GCC  CompilerVersion: 8.4.0
ProgramName: mris_volmask  ProgramArguments: mris_volmask -all-info  ProgramVersion: 7.3.2  TimeStamp: 2026/03/12-19:55:21-GMT  BuildTime: Aug  4 2022 06:17:15  BuildStamp: freesurfer-linux-ubuntu22_x86_64-7.3.2-20220804-6354275  User: oesteban  Machine: dna020  Platform: Linux  PlatformVersion: 5.14.0-427.37.1.el9_4.x86_64  CompilerName: GCC  CompilerVersion: 8.4.0
ProgramName: mri_tessellate  ProgramArguments: mri_tessellate -all-info  ProgramVersion: 7.3.2  TimeStamp: 2026/03/12-19:55:21-GMT  BuildTime: Aug  4 2022 06:17:15  BuildStamp: freesurfer-linux-ubuntu22_x86_64-7.3.2-20220804-6354275  User: oesteban  Machine: dna020  Platform: Linux  PlatformVersion: 5.14.0-427.37.1.el9_4.x86_64  CompilerName: GCC  CompilerVersion: 8.4.0
ProgramName: mri_vol2surf  ProgramArguments: mri_vol2surf -all-info  ProgramVersion: 7.3.2  TimeStamp: 2026/03/12-19:55:21-GMT  BuildTime: Aug  4 2022 06:17:15  BuildStamp: freesurfer-linux-ubuntu22_x86_64-7.3.2-20220804-6354275  User: oesteban  Machine: dna020  Platform: Linux  PlatformVersion: 5.14.0-427.37.1.el9_4.x86_64  CompilerName: GCC  CompilerVersion: 8.4.0
ProgramName: mri_vol2vol  ProgramArguments: mri_vol2vol -all-info  ProgramVersion: 7.3.2  TimeStamp: 2026/03/12-19:55:21-GMT  BuildTime: Aug  4 2022 06:17:15  BuildStamp: freesurfer-linux-ubuntu22_x86_64-7.3.2-20220804-6354275  User: oesteban  Machine: dna020  Platform: Linux  PlatformVersion: 5.14.0-427.37.1.el9_4.x86_64  CompilerName: GCC  CompilerVersion: 8.4.0
ProgramName: mri_voldiff  ProgramArguments: mri_voldiff -all-info  ProgramVersion: 7.3.2  TimeStamp: 2026/03/12-19:55:21-GMT  BuildTime: Aug  4 2022 06:17:15  BuildStamp: freesurfer-linux-ubuntu22_x86_64-7.3.2-20220804-6354275  User: oesteban  Machine: dna020  Platform: Linux  PlatformVersion: 5.14.0-427.37.1.el9_4.x86_64  CompilerName: GCC  CompilerVersion: 8.4.0
ProgramName: mri_watershed  ProgramArguments: mri_watershed -all-info  ProgramVersion: 7.3.2  TimeStamp: 2026/03/12-19:55:21-GMT  BuildTime: Aug  4 2022 06:17:15  BuildStamp: freesurfer-linux-ubuntu22_x86_64-7.3.2-20220804-6354275  User: oesteban  Machine: dna020  Platform: Linux  PlatformVersion: 5.14.0-427.37.1.el9_4.x86_64  CompilerName: GCC  CompilerVersion: 8.4.0
ProgramName: tkregister2  ProgramArguments: tkregister2_cmdl -all-info  ProgramVersion: 7.3.2  TimeStamp: 2026/03/12-19:55:21-GMT  BuildTime: Aug  4 2022 06:17:15  BuildStamp: freesurfer-linux-ubuntu22_x86_64-7.3.2-20220804-6354275  User: oesteban  Machine: dna020  Platform: Linux  PlatformVersion: 5.14.0-427.37.1.el9_4.x86_64  CompilerName: GCC  CompilerVersion: 8.4.0
mri_motion_correct.fsl 7.3.2
mri_convert -all-info 
ProgramName: mri_convert  ProgramArguments: mri_convert -all-info  ProgramVersion: 7.3.2  TimeStamp: 2026/03/12-19:55:21-GMT  BuildTime: Aug  4 2022 06:17:15  BuildStamp: freesurfer-linux-ubuntu22_x86_64-7.3.2-20220804-6354275  User: oesteban  Machine: dna020  Platform: Linux  PlatformVersion: 5.14.0-427.37.1.el9_4.x86_64  CompilerName: GCC  CompilerVersion: 8.4.0
Program nu_correct, built from:
Package MNI N3, version 1.12.0, compiled by nicks@terrier (x86_64-unknown-linux-gnu) on 2015-06-19 at 01:25:34
#######################################
GCADIR /opt/freesurfer/average
GCA RB_all_2020-01-02.gca
GCASkull RB_all_withskull_2020_01_02.gca
AvgCurvTif folding.atlas.acfb40.noaparc.i12.2016-08-02.tif
GCSDIR /opt/freesurfer/average
GCS DKaparc.atlas.acfb40.noaparc.i12.2016-08-02.gcs
#######################################
#--------------------------------------------
#@# WhiteSurfs lh Thu Mar 12 20:55:21 CET 2026
cd /out/sourcedata/freesurfer/sub-v1s20x0050348_ses-1/mri
mris_place_surface --adgws-in ../surf/autodet.gw.stats.lh.dat --seg aseg.presurf.mgz --threads 16 --wm wm.mgz --invol brain.finalsurfs.mgz --lh --i ../surf/lh.white.preaparc --o ../surf/lh.white --white --nsmooth 0 --rip-label ../label/lh.cortex.label --rip-bg --rip-surf ../surf/lh.white.preaparc --aparc ../label/lh.aparc.annot
   Update not needed
#--------------------------------------------
#@# WhiteSurfs rh Thu Mar 12 20:55:21 CET 2026
cd /out/sourcedata/freesurfer/sub-v1s20x0050348_ses-1/mri
mris_place_surface --adgws-in ../surf/autodet.gw.stats.rh.dat --seg aseg.presurf.mgz --threads 16 --wm wm.mgz --invol brain.finalsurfs.mgz --rh --i ../surf/rh.white.preaparc --o ../surf/rh.white --white --nsmooth 0 --rip-label ../label/rh.cortex.label --rip-bg --rip-surf ../surf/rh.white.preaparc --aparc ../label/rh.aparc.annot
   Update not needed
#@# white curv lh Thu Mar 12 20:55:21 CET 2026
cd /out/sourcedata/freesurfer/sub-v1s20x0050348_ses-1/mri
mris_place_surface --curv-map ../surf/lh.white 2 10 ../surf/lh.curv
   Update not needed
#@# white area lh Thu Mar 12 20:55:21 CET 2026
cd /out/sourcedata/freesurfer/sub-v1s20x0050348_ses-1/mri
mris_place_surface --area-map ../surf/lh.white ../surf/lh.area
   Update not needed
#@# pial curv lh Thu Mar 12 20:55:21 CET 2026
cd /out/sourcedata/freesurfer/sub-v1s20x0050348_ses-1/mri
mris_place_surface --curv-map ../surf/lh.pial 2 10 ../surf/lh.curv.pial
   Update not needed
#@# pial area lh Thu Mar 12 20:55:21 CET 2026
cd /out/sourcedata/freesurfer/sub-v1s20x0050348_ses-1/mri
mris_place_surface --area-map ../surf/lh.pial ../surf/lh.area.pial
   Update not needed
#@# thickness lh Thu Mar 12 20:55:21 CET 2026
cd /out/sourcedata/freesurfer/sub-v1s20x0050348_ses-1/mri
mris_place_surface --thickness ../surf/lh.white ../surf/lh.pial 20 5 ../surf/lh.thickness
   Update not needed
#@# area and vertex vol lh Thu Mar 12 20:55:21 CET 2026
cd /out/sourcedata/freesurfer/sub-v1s20x0050348_ses-1/mri
mris_place_surface --thickness ../surf/lh.white ../surf/lh.pial 20 5 ../surf/lh.thickness
   Update not needed
#@# white curv rh Thu Mar 12 20:55:21 CET 2026
cd /out/sourcedata/freesurfer/sub-v1s20x0050348_ses-1/mri
mris_place_surface --curv-map ../surf/rh.white 2 10 ../surf/rh.curv
   Update not needed
#@# white area rh Thu Mar 12 20:55:21 CET 2026
cd /out/sourcedata/freesurfer/sub-v1s20x0050348_ses-1/mri
mris_place_surface --area-map ../surf/rh.white ../surf/rh.area
   Update not needed
#@# pial curv rh Thu Mar 12 20:55:21 CET 2026
cd /out/sourcedata/freesurfer/sub-v1s20x0050348_ses-1/mri
mris_place_surface --curv-map ../surf/rh.pial 2 10 ../surf/rh.curv.pial
   Update not needed
#@# pial area rh Thu Mar 12 20:55:21 CET 2026
cd /out/sourcedata/freesurfer/sub-v1s20x0050348_ses-1/mri
mris_place_surface --area-map ../surf/rh.pial ../surf/rh.area.pial
   Update not needed
#@# thickness rh Thu Mar 12 20:55:21 CET 2026
cd /out/sourcedata/freesurfer/sub-v1s20x0050348_ses-1/mri
mris_place_surface --thickness ../surf/rh.white ../surf/rh.pial 20 5 ../surf/rh.thickness
   Update not needed
#@# area and vertex vol rh Thu Mar 12 20:55:21 CET 2026
cd /out/sourcedata/freesurfer/sub-v1s20x0050348_ses-1/mri
mris_place_surface --thickness ../surf/rh.white ../surf/rh.pial 20 5 ../surf/rh.thickness
   Update not needed

#-----------------------------------------
#@# Curvature Stats lh Thu Mar 12 20:55:21 CET 2026
/out/sourcedata/freesurfer/sub-v1s20x0050348_ses-1/surf

 mris_curvature_stats -m --writeCurvatureFiles -G -o ../stats/lh.curv.stats -F smoothwm sub-v1s20x0050348_ses-1 lh curv sulc 

             Toggling save flag on curvature files                       [ ok ]
                 Outputting results using filestem   [ ../stats/lh.curv.stats ]
             Toggling save flag on curvature files                       [ ok ]
                                   Setting surface [ sub-v1s20x0050348_ses-1/lh.smoothwm ]
                                Reading surface...                       [ ok ]
                                   Setting texture                     [ curv ]
                                Reading texture...                       [ ok ]
                                   Setting texture                     [ sulc ]
                                Reading texture...Gb_filter = 0
                       [ ok ]
      Calculating Discrete Principal Curvatures...
      Determining geometric order for vno faces... [####################] [ ok ]
                      Determining KH curvatures... [####################] [ ok ]
                    Determining k1k2 curvatures... [####################] [ ok ]
                                   deltaViolations                      [ 250 ]
Gb_filter = 0

WARN:    S lookup   min:                          -0.150151
WARN:    S explicit min:                          0.000000	vertex = 476

#-----------------------------------------
#@# Curvature Stats rh Thu Mar 12 20:55:24 CET 2026
/out/sourcedata/freesurfer/sub-v1s20x0050348_ses-1/surf

 mris_curvature_stats -m --writeCurvatureFiles -G -o ../stats/rh.curv.stats -F smoothwm sub-v1s20x0050348_ses-1 rh curv sulc 

             Toggling save flag on curvature files                       [ ok ]
                 Outputting results using filestem   [ ../stats/rh.curv.stats ]
             Toggling save flag on curvature files                       [ ok ]
                                   Setting surface [ sub-v1s20x0050348_ses-1/rh.smoothwm ]
                                Reading surface...                       [ ok ]
                                   Setting texture                     [ curv ]
                                Reading texture...                       [ ok ]
                                   Setting texture                     [ sulc ]
                                Reading texture...Gb_filter = 0
                       [ ok ]
      Calculating Discrete Principal Curvatures...
      Determining geometric order for vno faces... [####################] [ ok ]
                      Determining KH curvatures... [####################] [ ok ]
                    Determining k1k2 curvatures... [####################] [ ok ]
                                   deltaViolations                      [ 223 ]
Gb_filter = 0

WARN:    S lookup   min:                          -0.058694
WARN:    S explicit min:                          0.000000	vertex = 1381
#-----------------------------------------
#@# Relabel Hypointensities Thu Mar 12 20:55:26 CET 2026
/out/sourcedata/freesurfer/sub-v1s20x0050348_ses-1/mri

 mri_relabel_hypointensities aseg.presurf.mgz ../surf aseg.presurf.hypos.mgz 

reading input surface ../surf/lh.white...
relabeling lh hypointensities...
2350 voxels changed to hypointensity...
reading input surface ../surf/rh.white...
relabeling rh hypointensities...
2298 voxels changed to hypointensity...
4706 hypointense voxels neighboring cortex changed
#-----------------------------------------
#@# APas-to-ASeg Thu Mar 12 20:55:40 CET 2026
/out/sourcedata/freesurfer/sub-v1s20x0050348_ses-1/mri

 mri_surf2volseg --o aseg.mgz --i aseg.presurf.hypos.mgz --fix-presurf-with-ribbon /out/sourcedata/freesurfer/sub-v1s20x0050348_ses-1/mri/ribbon.mgz --threads 16 --lh-cortex-mask /out/sourcedata/freesurfer/sub-v1s20x0050348_ses-1/label/lh.cortex.label --lh-white /out/sourcedata/freesurfer/sub-v1s20x0050348_ses-1/surf/lh.white --lh-pial /out/sourcedata/freesurfer/sub-v1s20x0050348_ses-1/surf/lh.pial --rh-cortex-mask /out/sourcedata/freesurfer/sub-v1s20x0050348_ses-1/label/rh.cortex.label --rh-white /out/sourcedata/freesurfer/sub-v1s20x0050348_ses-1/surf/rh.white --rh-pial /out/sourcedata/freesurfer/sub-v1s20x0050348_ses-1/surf/rh.pial 

SUBJECTS_DIR /out/sourcedata/freesurfer
outvol aseg.mgz
16 avail.processors, using 16
Loading aseg.presurf.hypos.mgz
Loading /out/sourcedata/freesurfer/sub-v1s20x0050348_ses-1/mri/ribbon.mgz
Loading /out/sourcedata/freesurfer/sub-v1s20x0050348_ses-1/surf/lh.white
Loading /out/sourcedata/freesurfer/sub-v1s20x0050348_ses-1/surf/lh.pial
Loading /out/sourcedata/freesurfer/sub-v1s20x0050348_ses-1/label/lh.cortex.label
Loading /out/sourcedata/freesurfer/sub-v1s20x0050348_ses-1/surf/rh.white
Loading /out/sourcedata/freesurfer/sub-v1s20x0050348_ses-1/surf/rh.pial
Loading /out/sourcedata/freesurfer/sub-v1s20x0050348_ses-1/label/rh.cortex.label
Done loading
  0  48  80 224 160 112 176  32  96  64 208 144 192 128  16 240 225  49  17 193 209 226 177  50  81  18   1 241  97 194 227 210 145 161 113  51  65 178  33 195 129 228  19 
211   2  52 242 196 229 212  20  34  82  53 230 197 146  21 213   3 162 243 179 
 98  54 198 231  35  22 214  66  55 199 
232  83 130   4 147 244 180  23 215 114  56 163 233 200  36  99 
 24  57 216 234 201 181   5 245  84  58 148  25 217 235 202  37 164  67 131  59 
182  26   6 236 218 203 246 100  60  85  38 149 237 204  27 219 
165 183 115  61   7 247 238 205 220  28  39 
132 239 206 
150  68  62 248 221 101  29 184  40  86   8 166 207 249  41  30 222  69   9 185 250  42  31 223  63 102  10 251 186 133  43  70  87  11 116 167 252  44 187 151 253  71  45 103 188  88 254  46 168 134  12  72 255 189  47 104  13  89 169 190 152  14  73 135 191 117 170  90  15 105 153  74 171 106  91 136 154  75 172 155  92 118 107 137 173  76 156  93 108  77 174 138 119 
157  78 175  94 109 139 
158  79 
110  95 140 120 159 
111 141 142 121 143 122 123 124 125 126 127 
nrelabeled = 139637
ndotcheck = 0
Starting Surf2VolSeg free
free done
#VMPC# mri_surf2volseg VmPeak  1904096
mri_surf2volseg done

 mri_brainvol_stats sub-v1s20x0050348_ses-1 

ComputeBrainVolumeStats2 VoxelVol=1, KeepCSF=1
  #CBVS2 MaskVol              1353378.0
  #CBVS2 BrainSegVol          1088371.0
  #CBVS2 BrainSegVolNotVent   1078897.0
  #CBVS2 SupraTentVol          985728.0
  #CBVS2 SupraTentVolNotVent   976254.0
  #CBVS2 lhCtxGM               221774.7
  #CBVS2 rhCtxGM               218276.5
  #CBVS2 lhCerebralWM          238399.0
  #CBVS2 rhCerebralWM          240709.0
  #CBVS2 SubCortGMVol           58663.0
  #CBVS2 CerebellumVol         102643.0
  #CBVS2 CerebellumGMVol        77870.0
  #CBVS2 VentChorVol             7373.0
  #CBVS2 3rd4th5thCSF            2101.0
  #CBVS2 AllCSF                  9474.0
  #CBVS2 CCVol                   3710.0
#-----------------------------------------
#@# AParc-to-ASeg aparc Thu Mar 12 20:55:48 CET 2026
/out/sourcedata/freesurfer/sub-v1s20x0050348_ses-1/mri

 mri_surf2volseg --o aparc+aseg.mgz --label-cortex --i aseg.mgz --threads 16 --lh-annot /out/sourcedata/freesurfer/sub-v1s20x0050348_ses-1/label/lh.aparc.annot 1000 --lh-cortex-mask /out/sourcedata/freesurfer/sub-v1s20x0050348_ses-1/label/lh.cortex.label --lh-white /out/sourcedata/freesurfer/sub-v1s20x0050348_ses-1/surf/lh.white --lh-pial /out/sourcedata/freesurfer/sub-v1s20x0050348_ses-1/surf/lh.pial --rh-annot /out/sourcedata/freesurfer/sub-v1s20x0050348_ses-1/label/rh.aparc.annot 2000 --rh-cortex-mask /out/sourcedata/freesurfer/sub-v1s20x0050348_ses-1/label/rh.cortex.label --rh-white /out/sourcedata/freesurfer/sub-v1s20x0050348_ses-1/surf/rh.white --rh-pial /out/sourcedata/freesurfer/sub-v1s20x0050348_ses-1/surf/rh.pial 

SUBJECTS_DIR /out/sourcedata/freesurfer
outvol aparc+aseg.mgz
16 avail.processors, using 16
Loading aseg.mgz
Loading /out/sourcedata/freesurfer/sub-v1s20x0050348_ses-1/surf/lh.white
Loading /out/sourcedata/freesurfer/sub-v1s20x0050348_ses-1/surf/lh.pial
Loading /out/sourcedata/freesurfer/sub-v1s20x0050348_ses-1/label/lh.cortex.label
Ripping lh vertices labeled not in lh.cortex.label
  ripped 7474 vertices from lh hemi
Loading /out/sourcedata/freesurfer/sub-v1s20x0050348_ses-1/label/lh.aparc.annot
Loading /out/sourcedata/freesurfer/sub-v1s20x0050348_ses-1/surf/rh.white
Loading /out/sourcedata/freesurfer/sub-v1s20x0050348_ses-1/surf/rh.pial
Loading /out/sourcedata/freesurfer/sub-v1s20x0050348_ses-1/label/rh.cortex.label
Ripping rh vertices labeled not in rh.cortex.label
  ripped 7771 vertices from rh hemi
Loading /out/sourcedata/freesurfer/sub-v1s20x0050348_ses-1/label/rh.aparc.annot
Done loading
224 144 192 208  48  64 112 128  80  16 176   0 240 160  96  32 209  33   1  49 193 225  17 241 210 226  34  18   2  50 194 242 227  35  19 
  3 195 211  51 243 228  36  20   4 196 212  52 244 229  37  21   5 197 213  53 245 230  38  22   6 198 214  54 246 231  39 
 23   7 199 
215  55 247 232  40  24   8 200 216  56 248 233  41  25   9 201 217  57 249 234  42  26  10 202 218  58 250 235  43  27  11 219 
203  59 
251 236  44  28  12 204 220  60 252 237  45  29 205  13 221 253  61 238  46  30 206 222  14 254 239 
 47  31 207 223  15 255  62  63  65 177  66 113 145  97 178  81 161  67 179 
 68 146  98 180 129  82 114 162  69 181 147  70 182  99 
163  83 130  71 148 115 183 184 164 100  72 185  84 149 186 131 187 188 189 190 191 165 101  73 150 116  85 132 166 151  74  86 102 133 117 167 152  75  87 103 134 168 153  76 104  88 135 118 169 154 105 136  77 170  89 155 106 171 137 119 
 78 156  90 107 172 138 157  79 
173 108  91 139 
120 174 158 140 109  92 175 141 159 
121 110  93 142 122 111 143  94 123  95 124 125 126 127 
nrelabeled = 438452
ndotcheck = 28253
Starting Surf2VolSeg free
free done
#VMPC# mri_surf2volseg VmPeak  1888240
mri_surf2volseg done
#-----------------------------------------
#@# AParc-to-ASeg aparc.a2009s Thu Mar 12 20:56:17 CET 2026
/out/sourcedata/freesurfer/sub-v1s20x0050348_ses-1/mri

 mri_surf2volseg --o aparc.a2009s+aseg.mgz --label-cortex --i aseg.mgz --threads 16 --lh-annot /out/sourcedata/freesurfer/sub-v1s20x0050348_ses-1/label/lh.aparc.a2009s.annot 11100 --lh-cortex-mask /out/sourcedata/freesurfer/sub-v1s20x0050348_ses-1/label/lh.cortex.label --lh-white /out/sourcedata/freesurfer/sub-v1s20x0050348_ses-1/surf/lh.white --lh-pial /out/sourcedata/freesurfer/sub-v1s20x0050348_ses-1/surf/lh.pial --rh-annot /out/sourcedata/freesurfer/sub-v1s20x0050348_ses-1/label/rh.aparc.a2009s.annot 12100 --rh-cortex-mask /out/sourcedata/freesurfer/sub-v1s20x0050348_ses-1/label/rh.cortex.label --rh-white /out/sourcedata/freesurfer/sub-v1s20x0050348_ses-1/surf/rh.white --rh-pial /out/sourcedata/freesurfer/sub-v1s20x0050348_ses-1/surf/rh.pial 

SUBJECTS_DIR /out/sourcedata/freesurfer
outvol aparc.a2009s+aseg.mgz
16 avail.processors, using 16
Loading aseg.mgz
Loading /out/sourcedata/freesurfer/sub-v1s20x0050348_ses-1/surf/lh.white
Loading /out/sourcedata/freesurfer/sub-v1s20x0050348_ses-1/surf/lh.pial
Loading /out/sourcedata/freesurfer/sub-v1s20x0050348_ses-1/label/lh.cortex.label
Ripping lh vertices labeled not in lh.cortex.label
  ripped 7474 vertices from lh hemi
Loading /out/sourcedata/freesurfer/sub-v1s20x0050348_ses-1/label/lh.aparc.a2009s.annot
Loading /out/sourcedata/freesurfer/sub-v1s20x0050348_ses-1/surf/rh.white
Loading /out/sourcedata/freesurfer/sub-v1s20x0050348_ses-1/surf/rh.pial
Loading /out/sourcedata/freesurfer/sub-v1s20x0050348_ses-1/label/rh.cortex.label
Ripping rh vertices labeled not in rh.cortex.label
  ripped 7771 vertices from rh hemi
Loading /out/sourcedata/freesurfer/sub-v1s20x0050348_ses-1/label/rh.aparc.a2009s.annot
Done loading
  0 160  96 240 112  16  64 176  32 208 192 144 224  48 128  80  17 193 209 225  33 241  18 194 210 226  49  34 242  19 
195 211 227  50  35   1 243 196  20 228 212  36  51   2 244 197  21 213 229  37  52 245 198  22 214 230  38  53 246   3 199 
 23 215 231  39 
247  54 200  24 232 216  40  55 248 201  25   4 217 233  41  56 249 202  26 218 234  42  57 250 203  27 219 
235  43  58 251   5 204  28 220 236  44  59 
252   6 205  29 221 237  45  60 253 206  30 222 238  46 254  61 207   7  31 223 239 
 47 255  62   8   9  10  11  12  63  13  14  65  15  66 177  97  67 161 145 113 178  81 129  68 179 
 69  98 146 180 162  70 114  82 130 181  71 147  99 
182 163  72 131 183  83 148 100 115 164 184  73 185 186 132 187 188 101 189 190 191  84 149 165  74 133 102 116 150 166  85  75 134 103 151 167  76  86 104 135 117 168  77 152  87 136 105 169  78 106 153 137  88 170 118  79 
107 138 154 171 108  89 139 
172 155 109 140 173  90 119 
141 110 156 174 175 142  91 111 157 143 120  92 158 121  93 159 
 94 122  95 123 124 125 126 127 
nrelabeled = 438452
ndotcheck = 28253
Starting Surf2VolSeg free
free done
#VMPC# mri_surf2volseg VmPeak  2019776
mri_surf2volseg done
#-----------------------------------------
#@# AParc-to-ASeg aparc.DKTatlas Thu Mar 12 20:56:49 CET 2026
/out/sourcedata/freesurfer/sub-v1s20x0050348_ses-1/mri

 mri_surf2volseg --o aparc.DKTatlas+aseg.mgz --label-cortex --i aseg.mgz --threads 16 --lh-annot /out/sourcedata/freesurfer/sub-v1s20x0050348_ses-1/label/lh.aparc.DKTatlas.annot 1000 --lh-cortex-mask /out/sourcedata/freesurfer/sub-v1s20x0050348_ses-1/label/lh.cortex.label --lh-white /out/sourcedata/freesurfer/sub-v1s20x0050348_ses-1/surf/lh.white --lh-pial /out/sourcedata/freesurfer/sub-v1s20x0050348_ses-1/surf/lh.pial --rh-annot /out/sourcedata/freesurfer/sub-v1s20x0050348_ses-1/label/rh.aparc.DKTatlas.annot 2000 --rh-cortex-mask /out/sourcedata/freesurfer/sub-v1s20x0050348_ses-1/label/rh.cortex.label --rh-white /out/sourcedata/freesurfer/sub-v1s20x0050348_ses-1/surf/rh.white --rh-pial /out/sourcedata/freesurfer/sub-v1s20x0050348_ses-1/surf/rh.pial 

SUBJECTS_DIR /out/sourcedata/freesurfer
outvol aparc.DKTatlas+aseg.mgz
16 avail.processors, using 16
Loading aseg.mgz
Loading /out/sourcedata/freesurfer/sub-v1s20x0050348_ses-1/surf/lh.white
Loading /out/sourcedata/freesurfer/sub-v1s20x0050348_ses-1/surf/lh.pial
Loading /out/sourcedata/freesurfer/sub-v1s20x0050348_ses-1/label/lh.cortex.label
Ripping lh vertices labeled not in lh.cortex.label
  ripped 7474 vertices from lh hemi
Loading /out/sourcedata/freesurfer/sub-v1s20x0050348_ses-1/label/lh.aparc.DKTatlas.annot
Loading /out/sourcedata/freesurfer/sub-v1s20x0050348_ses-1/surf/rh.white
Loading /out/sourcedata/freesurfer/sub-v1s20x0050348_ses-1/surf/rh.pial
Loading /out/sourcedata/freesurfer/sub-v1s20x0050348_ses-1/label/rh.cortex.label
Ripping rh vertices labeled not in rh.cortex.label
  ripped 7771 vertices from rh hemi
Loading /out/sourcedata/freesurfer/sub-v1s20x0050348_ses-1/label/rh.aparc.DKTatlas.annot
Done loading
  0  80 192 176 160  32 240  64  16  48 128 144  96 112 224 208   1  33 241 209 193 225  49  17   2  34 242 210 194 226  50  18 243 227 211   3 195  35  51 244 228 212 196   4  19 
 36  52 245 229 213 197   5  20  37 246  53 230 214 198   6 247 231 215 199 
 38  54  21   7 248 232 216 200  55  39 
  8  22 249 233 217 201  56  40   9 250 234 218 202  23  57  41 251  10 235 219 
203  58 252  24  42 236 220 204  11  59 
237 221 253 205  12  43  25 238  60 222 254 206  13  44 239 
 26 223 207 255  61  14  45  27  15  46  62  28  47  29  30  31  63  65 177  66 113 145 178  97  81  67 161 179 
129  68 146 180  98 114  82  69 181 147 162 182  70  99 
 83 115 130 183 148  71 184  84 100 163 185 149 186  72 187 188 189 190 191 116 131  85 101 150 164  73  86 132 151 117  74 102 165  87 133  75 152 103  88 166 118 134  76 153 104  89 135 154  77 167 105 119 
 90  78 136 155 168 106  91 137  79 
120 107 156 169 138 108  92 157 170 121 139 
109  93 171 158 122 140 110  94 172 123 141 159 
111  95 124 173 142 125 174 143 175 126 127 
nrelabeled = 438452
ndotcheck = 28253
Starting Surf2VolSeg free
free done
#VMPC# mri_surf2volseg VmPeak  1888224
mri_surf2volseg done
#-----------------------------------------
#@# WMParc Thu Mar 12 20:57:17 CET 2026
/out/sourcedata/freesurfer/sub-v1s20x0050348_ses-1/mri

 mri_surf2volseg --o wmparc.mgz --label-wm --i aparc+aseg.mgz --threads 16 --lh-annot /out/sourcedata/freesurfer/sub-v1s20x0050348_ses-1/label/lh.aparc.annot 3000 --lh-cortex-mask /out/sourcedata/freesurfer/sub-v1s20x0050348_ses-1/label/lh.cortex.label --lh-white /out/sourcedata/freesurfer/sub-v1s20x0050348_ses-1/surf/lh.white --lh-pial /out/sourcedata/freesurfer/sub-v1s20x0050348_ses-1/surf/lh.pial --rh-annot /out/sourcedata/freesurfer/sub-v1s20x0050348_ses-1/label/rh.aparc.annot 4000 --rh-cortex-mask /out/sourcedata/freesurfer/sub-v1s20x0050348_ses-1/label/rh.cortex.label --rh-white /out/sourcedata/freesurfer/sub-v1s20x0050348_ses-1/surf/rh.white --rh-pial /out/sourcedata/freesurfer/sub-v1s20x0050348_ses-1/surf/rh.pial 

SUBJECTS_DIR /out/sourcedata/freesurfer
outvol wmparc.mgz
16 avail.processors, using 16
Loading aparc+aseg.mgz
Loading /out/sourcedata/freesurfer/sub-v1s20x0050348_ses-1/surf/lh.white
Loading /out/sourcedata/freesurfer/sub-v1s20x0050348_ses-1/surf/lh.pial
Loading /out/sourcedata/freesurfer/sub-v1s20x0050348_ses-1/label/lh.cortex.label
Ripping lh vertices labeled not in lh.cortex.label
  ripped 7474 vertices from lh hemi
Loading /out/sourcedata/freesurfer/sub-v1s20x0050348_ses-1/label/lh.aparc.annot
Loading /out/sourcedata/freesurfer/sub-v1s20x0050348_ses-1/surf/rh.white
Loading /out/sourcedata/freesurfer/sub-v1s20x0050348_ses-1/surf/rh.pial
Loading /out/sourcedata/freesurfer/sub-v1s20x0050348_ses-1/label/rh.cortex.label
Ripping rh vertices labeled not in rh.cortex.label
  ripped 7771 vertices from rh hemi
Loading /out/sourcedata/freesurfer/sub-v1s20x0050348_ses-1/label/rh.aparc.annot
Done loading
144 176 240  32  48 128 192 208 224  16 112  64  96  80   0 160  33  49 193  17 241   1 209  65 225  50  34  18   2 210 194 242  51 226  35  19 
  3 211 195 243  66  52  36  20   4 227 212 244 196  37  53  21   5  38  22  54 228 213 245 197   6  67  39 
 23  55   7 229 246 214 198  40  24  56   8  41  25  57   9 230 247 215 199 
 42  26  58  10 248 231 216 200  43  27  59 
 11 177 249  68  44  28  60  12 232 217 201 250  45  29  61  13  46 233 218 202  30 251  14  62  47  31  15 252 234 219 
203  63 253 235 220 204 254 255  69 205 221 236 206 222 237 207 223 238  81 239 
178  70 161 179 
129  71  97 180  82  72 181 113 145 182 162 183 184 185  73  83 186 130 187 188 189 190 191  98  74 163 114  84 131  75 146 164  99 
 85  76 115 132 165  77  86 147 133 166 116 100  78  87 167 134 148  79 
117 168  88 135 101 169 118 149  89 170 136 119 
171 102 150 120  90 172 121 137 122 173 123  91 174 103 124 151 125 175 138 126  92 127 152 104 139 
 93 153 105  94 154 140 155  95 106 141 156 157 107 142 158 108 143 159 
109 110 111 
nrelabeled = 475398
ndotcheck = 4072
Starting Surf2VolSeg free
free done
#VMPC# mri_surf2volseg VmPeak  1888240
mri_surf2volseg done

 mri_segstats --seed 1234 --seg mri/wmparc.mgz --sum stats/wmparc.stats --pv mri/norm.mgz --excludeid 0 --brainmask mri/brainmask.mgz --in mri/norm.mgz --in-intensity-name norm --in-intensity-units MR --subject sub-v1s20x0050348_ses-1 --surf-wm-vol --ctab /opt/freesurfer/WMParcStatsLUT.txt --etiv 

setting seed for random number genererator to 1234

7.3.2
cwd 
cmdline mri_segstats --seed 1234 --seg mri/wmparc.mgz --sum stats/wmparc.stats --pv mri/norm.mgz --excludeid 0 --brainmask mri/brainmask.mgz --in mri/norm.mgz --in-intensity-name norm --in-intensity-units MR --subject sub-v1s20x0050348_ses-1 --surf-wm-vol --ctab /opt/freesurfer/WMParcStatsLUT.txt --etiv 
sysname  Linux
hostname dna020
machine  x86_64
user     oesteban
whitesurfname  white
UseRobust  0
atlas_icv (eTIV) = 1059586 mm^3    (det: 1.838552 )
Loading mri/wmparc.mgz
Getting Brain Volume Statistics
Loading mri/norm.mgz
Loading mri/norm.mgz
Voxel Volume is 1 mm^3
Generating list of segmentation ids
Found 390 segmentations
Computing statistics for each segmentation

Reporting on  70 segmentations
Using PrintSegStat
mri_segstats done
#--------------------------------------------
#@# ASeg Stats Thu Mar 12 21:00:58 CET 2026
/out/sourcedata/freesurfer/sub-v1s20x0050348_ses-1

 mri_segstats --seed 1234 --seg mri/aseg.mgz --sum stats/aseg.stats --pv mri/norm.mgz --empty --brainmask mri/brainmask.mgz --brain-vol-from-seg --excludeid 0 --excl-ctxgmwm --supratent --subcortgray --in mri/norm.mgz --in-intensity-name norm --in-intensity-units MR --etiv --surf-wm-vol --surf-ctx-vol --totalgray --euler --ctab /opt/freesurfer/ASegStatsLUT.txt --subject sub-v1s20x0050348_ses-1 

setting seed for random number genererator to 1234

7.3.2
cwd 
cmdline mri_segstats --seed 1234 --seg mri/aseg.mgz --sum stats/aseg.stats --pv mri/norm.mgz --empty --brainmask mri/brainmask.mgz --brain-vol-from-seg --excludeid 0 --excl-ctxgmwm --supratent --subcortgray --in mri/norm.mgz --in-intensity-name norm --in-intensity-units MR --etiv --surf-wm-vol --surf-ctx-vol --totalgray --euler --ctab /opt/freesurfer/ASegStatsLUT.txt --subject sub-v1s20x0050348_ses-1 
sysname  Linux
hostname dna020
machine  x86_64
user     oesteban
whitesurfname  white
UseRobust  0
atlas_icv (eTIV) = 1059586 mm^3    (det: 1.838552 )
Computing euler number
orig.nofix lheno =  -44, rheno = -44
orig.nofix lhholes =   23, rhholes = 23
Loading mri/aseg.mgz
Getting Brain Volume Statistics
Loading mri/norm.mgz
Loading mri/norm.mgz
Voxel Volume is 1 mm^3
Generating list of segmentation ids
Found  50 segmentations
Computing statistics for each segmentation

Reporting on  45 segmentations
Using PrintSegStat
mri_segstats done

Started at Thu Mar 12 20:55:21 CET 2026 
Ended   at Thu Mar 12 21:01:41 CET 2026
#@#%# recon-all-run-time-hours 0.106
recon-all -s sub-v1s20x0050348_ses-1 finished without error at Thu Mar 12 21:01:41 CET 2026
