global_signal	global_signal_derivative1	global_signal_power2	global_signal_derivative1_power2	csf	csf_derivative1	csf_power2	csf_derivative1_power2	white_matter	white_matter_derivative1	white_matter_derivative1_power2	white_matter_power2	csf_wm	tcompcor	std_dvars	dvars	framewise_displacement	rmsd	t_comp_cor_00	t_comp_cor_01	t_comp_cor_02	t_comp_cor_03	t_comp_cor_04	t_comp_cor_05	c_comp_cor_00	c_comp_cor_01	c_comp_cor_02	c_comp_cor_03	c_comp_cor_04	c_comp_cor_05	c_comp_cor_06	c_comp_cor_07	c_comp_cor_08	c_comp_cor_09	w_comp_cor_00	w_comp_cor_01	w_comp_cor_02	w_comp_cor_03	w_comp_cor_04	w_comp_cor_05	w_comp_cor_06	w_comp_cor_07	w_comp_cor_08	w_comp_cor_09	w_comp_cor_10	w_comp_cor_11	w_comp_cor_12	w_comp_cor_13	w_comp_cor_14	w_comp_cor_15	w_comp_cor_16	w_comp_cor_17	w_comp_cor_18	w_comp_cor_19	w_comp_cor_20	w_comp_cor_21	w_comp_cor_22	w_comp_cor_23	w_comp_cor_24	a_comp_cor_00	a_comp_cor_01	a_comp_cor_02	a_comp_cor_03	a_comp_cor_04	a_comp_cor_05	a_comp_cor_06	a_comp_cor_07	a_comp_cor_08	a_comp_cor_09	a_comp_cor_10	a_comp_cor_11	a_comp_cor_12	a_comp_cor_13	a_comp_cor_14	a_comp_cor_15	a_comp_cor_16	a_comp_cor_17	a_comp_cor_18	a_comp_cor_19	a_comp_cor_20	a_comp_cor_21	a_comp_cor_22	a_comp_cor_23	a_comp_cor_24	a_comp_cor_25	a_comp_cor_26	edge_comp_00	edge_comp_01	edge_comp_02	edge_comp_03	edge_comp_04	edge_comp_05	edge_comp_06	edge_comp_07	edge_comp_08	edge_comp_09	edge_comp_10	edge_comp_11	edge_comp_12	edge_comp_13	edge_comp_14	edge_comp_15	edge_comp_16	edge_comp_17	edge_comp_18	edge_comp_19	edge_comp_20	edge_comp_21	edge_comp_22	edge_comp_23	cosine00	cosine01	cosine02	cosine03	cosine04	cosine05	cosine06	cosine07	trans_x	trans_x_derivative1	trans_x_power2	trans_x_derivative1_power2	trans_y	trans_y_derivative1	trans_y_power2	trans_y_derivative1_power2	trans_z	trans_z_derivative1	trans_z_derivative1_power2	trans_z_power2	rot_x	rot_x_derivative1	rot_x_derivative1_power2	rot_x_power2	rot_y	rot_y_derivative1	rot_y_power2	rot_y_derivative1_power2	rot_z	rot_z_derivative1	rot_z_derivative1_power2	rot_z_power2	motion_outlier00	motion_outlier01
2023.667815653139	n/a	4095231.428110347	n/a	2695.793769836426	n/a	7267304.049488888	n/a	2100.649786428244	n/a	n/a	4412729.525221027	2316.711632733501	1559.0189557261906	n/a	n/a	n/a	n/a	-0.0661420516	0.0447728918	-0.1325120125	0.0210683405	-0.0177670655	0.046052289	0.1135763917	-0.030925152	0.0859828704	-0.0761075834	-0.0942387893	-0.1654052908	-0.0252119888	0.1011781325	0.0627850627	-0.0449335138	-0.1332497054	-0.1103622347	-0.0850541282	-0.0173269785	0.0683735219	0.080027164	-0.0044437473	0.0376659611	0.0213171721	0.1487186031	-0.0787483343	-0.0179318476	0.0182547334	-0.0662623963	-0.0798560598	0.0440211641	0.0288249809	-0.06435754	0.0460123166	-0.0417047214	-0.0193136103	-0.0143856581	0.0928362544	-0.0730133145	0.006895453	0.1223228712	-0.0684870482	0.0498130639	-0.0612183989	0.0100040942	-0.0346907626	0.0467869657	-0.0940548408	-0.016193288	0.0811211021	-0.1772966365	0.0588999878	-0.0338799605	0.2312332268	-0.0172722342	0.1097350277	-0.1483124343	0.0969350367	-0.0041714016	0.060402628	-0.0182138151	0.1239213185	-0.0528742424	0.1107221078	-0.0284968279	0.0877567633	-0.0488934296	-0.054324569	0.0537345703	-0.0304888675	0.017200889	-0.0134078868	0.0057552079	-0.0257552476	0.0312426852	-0.0142010493	0.0143532692	-0.1112961902	0.0379456994	-0.1638866839	0.0494051608	-0.0066635636	0.0256948775	-0.070087415	0.0692102236	-0.0147299413	0.0361364471	0.0198111611	-0.0251242969	-0.084654352	0.0682337076	0.0816485389	0.0816451812	0.0816395852	0.081631751	0.0816216788	0.0816093689	0.0815948217	0.0815780375	-0.0289726489689741	n/a	0.0008394143882793	n/a	2.548057675255677e-05	n/a	6.492597916429365e-10	n/a	2.624694259623084e-05	n/a	n/a	6.88901995649837e-10	0.0004560002750058	n/a	n/a	2.0793625080536522e-07	-0.0005410002080088	n/a	2.9268122506556484e-07	n/a	1.233481270977179e-07	n/a	n/a	1.5214760458514764e-14	0.0	0.0
2031.0245678080405	7.3567521549014145	4125060.7950398377	54.12180226864661	2693.3295249938965	-2.464244842529297	7254023.930203848	6.072502643932239	2102.023780117516	1.373993689271629	1.8878586581582608	4418503.97217953	2315.1510168394	1598.3935545768593	1.12741	26.339081	0.0748710958506183	0.0381545494155062	-0.0303065113	-0.0226435359	-0.1059935724	-0.0654434869	0.0804368518	0.0716915964	0.0605067865	-0.0072598015	0.0678576793	-0.0256037075	-0.0434896277	-0.1813756518	0.0937016511	0.1700289604	0.0724124203	-0.1690658361	-0.0898050192	-0.0220198503	0.0105607245	0.0867755396	-0.0258331579	0.0345232113	-0.0348375562	-0.0620381401	-0.0047236753	0.0300909188	0.0198057504	0.0426108022	-0.0591641275	0.0390479075	-0.0010821561	0.0182561797	0.0311511407	-0.0666024053	0.0439401696	0.0241479903	-0.0661573948	-0.0399165627	0.0834797886	0.0571828343	-0.0085607098	0.115875147	-0.0517697742	0.025651726	0.0366228999	-0.083875642	0.0028058613	0.0713284026	-0.1272929488	0.0414425283	0.0612611935	-0.1429312396	-0.0492013636	0.091514212	0.2379889879	0.0984892577	0.0611130551	0.1103119016	0.1009261466	-0.0221071718	-0.0170465596	-0.0027406963	-0.0257685072	0.0527145085	0.1765437168	-0.0107059244	-0.0960064386	-0.0808236763	0.0120934503	0.0423931486	-0.1001436532	0.0033422316	-0.0099363111	-0.092441761	-0.0391410192	0.0917644714	0.0125821083	0.0691414946	0.1116837899	0.0975027093	-0.1650533903	0.1732787901	0.0293168749	0.079201185	-0.0252616229	0.1054533662	0.0309035823	0.0794969052	0.0059118692	-0.0756915326	0.0360046276	-0.0398936802	0.0816395852	0.0816093689	0.0815590168	0.0814885411	0.0813979594	0.081287294	0.0811565722	0.0810058262	-0.031814967279331	-0.0028423183103569	0.0010121921429849	8.078773377390121e-06	0.0145636703885401	0.0145381898117875	0.000212100495186	0.0002113589630035	-0.0186745005622128	-0.018700747504809	0.0003497179572386	0.000348736971248	0.0007049162765579	0.0002489160015521	6.195917582868508e-08	4.969069569562538e-07	-0.0008770670362314	-0.0003360668282226	7.692465860437319e-07	1.1294091303159853e-07	-0.0001906906265715	-0.0001908139746985	3.64099729402771e-08	3.6362915062231275e-08	0.0	0.0
2029.3964788518888	-1.6280889561517142	4118450.0683764447	2.6506736491431786	2688.9558023725235	-4.373722621372963	7230483.307112861	19.129449568709585	2104.1600290506826	2.1362489331668257	4.563559504456401	4427489.42785457	2308.2358669471414	1633.7215992084518	1.080006	25.2316	0.087832194004592	0.0410233374643098	0.0260080024	0.0075424051	-0.0576153007	-0.1259248156	0.0605993064	0.016439653	0.0463219047	0.1403500343	0.1248063952	0.0546970256	0.2150819324	0.0533355097	0.0137509905	0.0367342958	0.0287552761	-8.50534e-05	-0.0821820152	-0.0161113141	0.0861833866	0.1460993932	-0.0283490215	0.0106599595	0.0588760008	0.117478208	-0.044879915	0.0385340423	-0.0317668504	-0.0681917448	0.0707809589	0.0464477911	0.0083406358	-0.075819644	0.0965219276	0.0241241405	-0.0216240092	-0.0050437848	0.0293019661	-0.0954653143	0.0434924084	-0.0468904623	-0.0170664501	0.0914989245	0.1022424599	0.0044649365	0.1448673308	-0.1380146436	0.100352983	0.0286601616	0.0415131252	0.0933663443	-0.0422842996	-0.0155204637	0.0183326871	-0.0132041382	-0.1419458204	-0.0340674744	0.0227354059	-0.093412926	-0.0309684234	-0.0369332235	0.1550923605	-0.0293768126	-0.0711050622	-0.17475607	-0.0916464785	0.0498409189	0.0782762116	-0.0492587152	0.0262577196	0.0204939854	-0.0766903308	-0.0931243792	-0.0807868285	-0.1078060678	-0.0364293435	0.0762810645	-0.04550416	0.0965781598	-0.0025674282	-0.0068542998	-0.0557318007	0.1339057948	-1.86e-08	0.0849348561	-0.0416701464	0.096036057	0.0367826974	0.1265668139	0.0390086158	-0.0584237886	0.0224545647	-0.0326693615	0.0816216788	0.0815377601	0.0813979594	0.0812023727	0.0809511339	0.0806444153	0.080282427	0.0798654172	-0.0287470626587662	0.0030679046205648	0.000826393611507	9.412038760882854e-06	0.0408516838070625	0.0262880134185224	0.0016688600698722	0.0006910596494924	-0.047000273664679	-0.0283257731024662	0.0008023494218523	0.0022090257245547	0.0007139996580569	9.083381498999931e-06	8.250781945637427e-11	5.097955117053701e-07	-0.0004740002050434	0.000403066831188	2.2467619438118522e-07	1.624628704039357e-07	1.6921800227389814e-07	0.0001908598445737	3.6427480270725144e-08	2.8634732293568995e-14	0.0	0.0
2024.720302855575	-4.676175996313759	4099492.304795572	21.866621948500978	2691.979732513428	3.0239301409046675	7246754.880263069	9.144153497071722	2099.585160968684	-4.574868081998829	20.92941796769165	4408257.848159893	2319.663473789129	1654.0781161150746	1.132608	26.460506	0.0311385117569421	0.0223726514256356	-0.062800959	-0.0401386091	0.0519141789	-0.1407912303	0.1181205173	0.0437298342	-0.0048136908	0.0387482579	0.069611888	-0.0175666726	0.1266744217	-0.0851851806	-0.0434204226	-0.0478655453	-0.0328673804	0.0255303929	-0.0634200835	0.0571461148	0.0200174043	0.1001191955	-0.067693163	-0.1340620639	0.0051968762	0.0261036535	-0.015125579	-0.0134712203	-0.0303407856	-0.015471219	0.0480911437	0.0951197098	0.0219040969	0.062991888	-0.0219885079	0.0142717806	-0.030563916	0.0573623856	-0.0750681058	-0.0369897379	-0.0458267267	0.0151187177	0.1520733209	0.005545468	0.0022258652	0.0832678722	0.0293650492	-0.1632930036	0.063469133	-0.0898493854	-0.0015373012	0.080917319	-0.056497949	0.0437886895	-0.0004695576	-0.1023749705	-0.0284457543	-0.0271886537	-0.0378490519	0.0209018346	-0.0289317984	0.0788431394	-0.0146059338	0.0760619995	0.0388188573	-0.1647186162	0.0401823133	0.0198204071	0.0508514137	0.0242958104	0.0571738206	-0.0204122971	-0.0500616134	0.0333584745	-0.0431438507	-0.1293519624	-0.0220524337	0.0713728845	0.0207741181	0.1439735892	0.0663012892	0.0719376305	0.026520729	0.0916493017	0.0309283108	0.1067458127	-0.014387925	0.0284100795	0.0128698346	0.0816544017	-0.021589628	-0.0387280215	-0.0460306818	-0.0308482199	0.0815948217	0.0814303861	0.0811565722	0.0807737477	0.080282427	0.0796832699	0.0789770813	0.0781648097	-0.0299709217422616	-0.0012238590834953	0.0008982561500807	1.4978310562541976e-06	0.0455968854555237	0.0047452016484611	0.0020790759632441	2.251693868455888e-05	-0.0681949162317323	-0.0211946425670532	0.0004492128735451	0.0046505465998529	0.0007169872413296	2.987583272699972e-06	8.925653811316676e-12	5.1407070422943e-07	-0.0004990184819049	-2.5018276861500055e-05	2.490194452826711e-07	6.259141771186691e-10	-5.132109102217201e-05	-5.149030902444591e-05	2.6512519234329362e-09	2.633854383706064e-09	0.0	0.0
2019.962602423688	-4.757700431887088	4080248.915190278	22.63571339957858	2714.370317186628	22.39058467320001	7367806.218823836	501.3382820077392	2098.639179646468	-0.94598132221563	0.8948806619808314	4404286.406347201	2324.2703883684853	1701.253026784293	1.227582	28.67935	0.097081626511069	0.043487597430085	0.1198138799	-0.0423052298	0.0747047749	-0.1018427495	0.0603307388	0.0669046176	-0.1284829135	0.1004065758	0.0054372937	-0.076817144	0.0344735207	-0.0953370909	-0.0469954089	0.041935797	-0.0161047162	0.0101754443	-0.0085210818	0.0641446826	0.1263389706	0.0037723706	-0.0359364011	-0.106459407	-0.0786068899	-0.0368890877	0.0121714398	0.0472921128	-0.0459095599	-0.0199989524	-0.0667110143	0.0540100455	0.0073906296	0.0396962229	-0.0262320091	0.1200477475	-0.0247298666	-0.0049177893	-0.0930461429	0.020595669	-0.0778568028	0.0008305681	0.002618548	-0.1068356689	0.1153558758	0.0428079195	0.0081651822	-0.1224469792	0.0434522933	-0.0574176315	-0.1179668122	-0.0236051119	0.0333334822	0.0201123897	0.0084521084	-0.0209015156	0.0697844998	0.0414983387	-0.1358984752	0.0572477458	0.0894103183	-0.103966829	0.0171860508	0.0657386866	0.0880519952	-0.0836452996	-0.1675583457	-0.0234403648	0.051151256	0.0613226025	0.0246207829	0.0084848542	-0.0516952621	-0.1341120952	-0.0161445417	-0.053147184	-0.035389128	0.0460118877	0.0600759554	0.1130160582	-0.0298561692	0.0364483671	0.0575664931	0.0914620238	-0.0414337438	0.0696545429	-0.0237377801	-0.0607397736	0.1032289634	0.0388916533	-0.0564978598	0.0569149761	-0.0481092819	-0.0155832248	0.0815590168	0.081287294	0.0808350932	0.0802034182	0.0793936715	0.0784076511	0.0772475461	0.0759159322	-0.0214713171203584	0.0084996046219032	0.0004610174588829	7.224327872867823e-05	0.0283394584235736	-0.01725742703195	0.0008031249037414	0.000297818787763	-0.035356611207483	0.0328383050242492	0.0010783542768656	0.0012500899560771	0.0004628652076712	-0.0002541220336584	6.457800799068097e-08	2.142442004725031e-07	-0.0006550952034101	-0.0001560767215052	4.291497255309203e-07	2.435994299581176e-08	-0.0004108481325179	-0.0003595270414957	1.292596935666709e-07	1.6879618799344594e-07	0.0	0.0
2012.7078731918548	-7.254729231833153	4050992.98280848	52.63109622721445	2687.873436519078	-26.49688066755016	7224663.610744879	702.0846851103934	2093.767821239824	-4.871358406644049	23.730132725981647	4383863.68925936	2316.637089583221	1634.873046894242	1.205245	28.157484	0.0402446187977043	0.020137461264272	-0.0549511885	0.0028552324	0.0820242855	-0.088166191	-0.028115532	0.0826619114	-0.0255947793	0.0121793523	-0.0657975627	-0.0468496043	0.0769142652	-0.0123842497	-0.0219215896	-0.0404210606	0.054044055	-0.0329131744	0.0245685474	0.077258242	-0.0307194524	0.066893371	0.0141067742	-0.0151504992	0.0844050913	-0.1141766	0.0098018669	-0.0274346724	-0.0686645479	-0.0208591643	0.0596457575	0.1172097112	0.0154522682	-0.0414836617	-0.0045865741	-0.0533385451	0.0754113562	-0.0112738516	-0.0055275824	0.013582035	0.0067970395	-0.0392368953	-0.0040110444	-0.0632173341	-0.0251300999	-0.0102880201	0.0064038594	-0.0788168971	0.0011939565	-0.0863554173	-0.0038238688	0.0512504133	-0.0429325983	0.0864244084	-0.0431650503	0.0650118545	-0.0106238496	-0.0857935948	0.0248779722	0.0559267284	0.0510982908	-0.106247565	-0.0176795809	0.0093532052	-0.1207036151	0.0733556709	0.0095498547	0.1126188132	0.0518511858	0.0618393073	0.0926247596	-0.0510548762	-0.0285762825	0.0369744957	-0.0670652309	-0.0329690878	0.0030593006	-0.0473426747	0.0828873016	0.0436752819	0.0595540244	0.059178302	0.021586936	0.0876848876	-0.0017113908	0.0194623184	0.0223842144	-0.0048221609	0.0632657893	0.0449768607	0.0581919175	-0.0172865122	-0.0280511508	0.0017373671	0.081514268	0.0811085467	0.0804338397	0.0794923845	0.0782873035	0.0768225931	0.0751031108	0.073134559	-0.0220022991077968	-0.0005309819874383	0.0004841011660289	2.819418709840313e-07	0.0423043300993839	0.0139648716758102	0.0017896563451576	0.0001950176409218	-0.0312133946617123	0.0041432165457706	1.716624334514807e-05	0.0009742760063078	0.0007329115454423	0.0002700463377711	7.292502454358304e-08	5.371593334426206e-07	-0.0006161047722756	3.899043113449999e-05	3.7958509042076897e-07	1.520253720054186e-09	-0.0002877739296498	0.000123074202868	1.5147259411618225e-08	8.281383458608807e-08	0.0	0.0
2014.7212098985	2.0133367066453047	4059101.553614876	4.053524694325362	2694.766433170864	6.892996651785779	7261766.12934442	47.51340284152997	2098.208512506565	4.4406912667409415	19.71973892650927	4402478.961955013	2317.638738688011	1660.7455698689175	1.082955	25.300507	0.0684328219719598	0.0298082612870029	0.0625755085	-0.0508650671	0.04933896	-0.0261487709	-0.0412999247	-0.0377286856	-0.0995732053	-0.034411986	-0.0014554787	-0.0025887014	0.0417025566	-0.0208144363	0.0181922338	0.0979042801	0.0382540557	-0.0320666189	0.0271791975	0.0968587975	0.0722535126	-0.0091612755	0.0088476875	0.1477666356	-0.0207826706	0.0074907338	0.0936215521	0.0329680886	-0.011856122	-0.0482077345	-0.0030392672	0.0976728291	0.012395919	0.036324762	0.0286846216	0.0362999974	0.0397203866	0.0222892283	-0.0755198023	0.0826854907	-0.0760088135	-0.0236168398	-0.023097433	-0.0919359941	0.0196082169	0.0547494206	0.002311917	0.0180996878	0.0130864248	0.0591170162	-0.0865938589	0.0164095836	0.1121149714	0.00731347	-0.0724796876	0.0641589808	-0.042881294	-0.1143583978	0.0265723189	0.0716831067	0.0612677869	-0.0706153507	0.0082494711	-0.0127782544	-0.0492911307	-0.0756488924	-0.0907443185	0.0944054255	0.1439576921	-0.0052195074	0.0378782062	-0.0145125129	0.0088051222	-0.0703145673	0.0363760858	-0.0559945839	-0.0377528497	-0.0287119015	0.0044613839	-0.0119629321	-0.0670903513	-0.0024981908	0.0475400923	0.0881026606	0.0144888153	0.0353792879	0.0009445453	0.0599873561	-0.0029118509	0.0600068377	0.0488261614	0.0902734347	0.0081657887	-0.0703127863	0.0814605803	0.0808942224	0.0799532077	0.0786418943	0.0769663555	0.0749343514	0.0725552932	0.0698401994	-0.0039359851049169	0.0180663140028798	1.54919787461277e-05	0.0003263917016506	0.0214180017861451	-0.0208863283132388	0.0004587308005113	0.0004362387104084	-0.0437219939609434	-0.0125085992992311	0.0001564650564287	0.0019116127559207	0.0007888874251805	5.597587973820003e-05	3.1332991124654332e-09	6.22343369607919e-07	-0.0004976784002157	0.0001184263720599	2.4768379004125843e-07	1.4024805599269882e-08	-0.0004528032849839	-0.0001650293553341	2.723468812198864e-08	2.0503081489221098e-07	0.0	0.0
2012.09701352722	-2.62419637128005	4048534.391845158	6.886406595039381	2682.8647989545548	-11.901634216309048	7197763.529469464	141.6488970188183	2095.979298311121	-2.229214195444001	4.969395929169046	4393129.21894878	2310.4465864644403	1640.9999699153636	1.016588	23.74999	0.0964268290005379	0.0413267542978797	0.0063403425	0.0313686437	0.0430091429	0.0111417189	-0.0227868791	-0.0617652911	-0.0421831932	-0.0055318481	-0.1147203861	-0.0114028092	-0.0003752714	0.0616206428	0.0202600158	0.0187868944	-0.0302541547	-0.0796857124	0.020110066	0.0447221425	0.0394813394	-0.0151774747	-0.0172124985	0.0096668338	-0.1026326734	-0.0337764131	0.0275085036	0.0057119656	-0.007522253	0.0287327097	-0.0739759412	-0.0588511707	0.108706387	0.0349220052	0.0435218588	0.0128236772	0.0367741116	-0.0156071271	-0.0184759448	0.0544901567	0.0118349428	0.0279098842	-0.0371583369	-0.0455647501	0.002914415	-0.0693984208	0.014565152	0.0719121595	-0.0098573185	0.0316163072	-0.0451249873	0.0813793414	0.0743927188	0.0777505818	-0.0790018882	-0.037309505	0.0357834451	0.0631786143	-0.0272217477	0.0210164395	0.0226110105	0.0002708508	0.0317963297	0.0806643206	0.0075764715	-0.0252420319	0.0423047355	0.0303596635	-0.061353545	0.0812969122	0.0367981348	-0.0321978163	0.0694231442	0.0229027624	-0.0308771508	0.0101203173	-0.0104712864	-0.0555623072	0.0030195336	-0.0244779878	0.1010915009	-0.0202706748	0.0508661214	0.0114359	0.0350735791	0.0494717473	-0.0532094857	0.0171997194	0.0327680062	-0.0992895914	0.0342005737	0.0018272383	0.0096818057	-0.095853806	0.0813979594	0.0806444153	0.0793936715	0.0776534394	0.0754344479	0.0727503781	0.0696177779	0.066055961	-0.0263220503080248	-0.0223860652031079	0.0006928503324181	0.0005011359152777	0.020607832645112	-0.000810169141033	0.0004246827663289	6.563740370823076e-07	-0.0261086992270165	0.0176132947339269	0.0003102281513841	0.0006816641753268	0.0004989415502426	-0.0002899458749379	8.406861039350436e-08	2.4894267055848895e-07	-0.0009860293457628	-0.0004883509455471	9.722538707054151e-07	2.384866460167466e-07	-0.0001187541070195	0.0003340491779644	1.1158885329869143e-07	1.410253793399886e-08	0.0	0.0
2010.2038778216647	-1.8931357055553235	4040919.6304092575	3.5839627996484524	2679.983583177839	-2.881215776715635	7182312.00610273	8.30140435199508	2086.972015124409	-9.007283186711902	81.13115040562292	4355452.191912437	2305.79764629108	1615.5017836716256	1.023194	23.904335	0.0871242206863164	0.0389868434762215	0.0203502206	-0.0059290778	-0.0122535189	0.0525871244	-0.0236795866	0.0336411881	-0.0495724058	-0.0283081087	-0.0338248618	0.0633293217	-0.1075870018	0.0100844253	-0.0385849149	-0.009902727	0.055292118	-0.0980247364	0.0689851646	-0.0671778845	0.0224636249	-0.0173804606	0.0745072999	-0.112303505	-0.0590954493	0.0125956417	-0.0768510019	-0.0854637689	0.0109151869	-0.0163955525	-0.029529849	-0.0062640227	0.0934245101	0.0477949955	-0.0426011458	0.0465705363	-0.0147040423	-0.0204598834	-0.0201139425	0.0098120605	0.0118761243	0.0129156559	0.0254051616	-0.0347370918	0.0427929447	-0.0026396897	0.0118777058	0.1071053732	-0.1021590364	-0.066363833	-0.0854667075	0.0098827738	0.077286438	0.017123965	-0.0039313705	-0.0309077123	0.0235615701	0.0080443096	-0.0296486113	0.0158467699	-0.0608164889	-0.0660999972	-0.0373644614	-0.0178888867	0.0616047136	-0.0255386528	-0.0948092186	-0.049441007	-0.1086246619	0.0359375901	-0.0297317329	0.0249513445	0.0767097642	-0.0146164602	0.0323303737	0.0241037528	-0.0309051449	-0.0779842915	0.0426154905	0.0411892497	-0.1043146365	-0.0722470392	0.0250077787	-0.0127495695	-0.0326979181	0.0002524684	0.0056858666	-0.0179685956	-0.0111954516	-0.1369956683	0.0630027207	-0.0363426556	0.0008244403	0.0163386026	0.0813264124	0.0803592349	0.0787557834	0.076528754	0.0736957799	0.0702792922	0.0663063423	0.0618083875	-0.0199442451168465	0.0063778051911782	0.0003977729132808	4.067639905662086e-05	0.0004780447639092	-0.0201297878812028	2.285267963010028e-07	0.0004052083601422	-0.0200033132487362	0.0061053859782802	3.727573794378168e-05	0.000400132540927	0.0003117905762593	-0.0001871509739833	3.5025487062897845e-08	9.721336344410637e-08	-0.0006291034683842	0.0003569258773785	3.957711739330302e-07	1.2739608194248333e-07	-0.0006649020883707	-0.0005461479813511	2.982776175339906e-07	4.420947871197181e-07	0.0	0.0
2006.5695675979744	-3.6343102236903633	4026321.4296103218	13.208210802020298	2674.882414136614	-5.101169041225148	7154995.92945732	26.0219255871539	2094.278998366925	7.306983242515798	53.39200410640669	4386004.52300077	2313.339805301004	1634.265604298172	0.98971	23.122076	0.0648535930804111	0.0354249077088952	-0.0081771417	0.0525737299	0.0367571528	0.0161625763	-0.0581002569	0.025602111	0.0260237944	-0.0367704684	-0.0655214592	-0.0304361866	-0.0999329594	0.0216420803	0.0377185966	-0.0828488008	0.0313444315	-0.091074858	0.0161137736	-0.0117474413	-0.088737895	-0.1342182915	-0.1032203664	0.0327271062	0.0203339241	-0.0378205237	0.0160354657	-0.0630361165	0.0338272112	-0.0574700051	-0.025700564	-0.030153682	0.0534681389	-0.0015660404	0.0144442106	0.0975619309	0.0699603907	0.0046057488	-0.0066076964	0.000685161	-0.104056448	0.0139150178	-0.0832237827	-0.0168229798	-0.0132833474	-0.0427825244	-0.0670254669	0.0164628654	-0.0226872836	-0.0440473065	0.0665682939	-0.0223922142	-0.0133471179	0.0644496165	-0.0981820269	0.0627810807	0.0250739663	0.1170446119	0.0190439658	-0.0541700258	-0.0138855462	-0.0537011977	0.0849114134	0.0369268328	-0.0319227593	-0.0510498174	0.0983165111	0.0214743075	-0.0378669536	-0.0374372714	-0.0090039416	0.0615304771	0.0151076409	0.0810541669	0.0012515307	0.0818191726	-0.0082839271	-0.0451691256	0.0486424958	-0.0197734576	-0.0011558484	0.048986899	0.058944416	-0.0022205518	0.0029514495	0.0394776305	-0.0108909881	-0.0861502754	0.0711552964	-0.0752855113	0.0418738598	-0.0173813734	-0.053950353	0.0793972635	0.0812459471	0.0800388062	0.0780401729	0.0752698111	0.0717551168	0.0675308461	0.0626387723	0.0571272725	-0.0190037083505245	0.000940536766322	0.0003611409310717	8.846094088034465e-07	0.0009457255098226	0.0004676807459133	8.943967399292166e-07	2.187252800981142e-07	-0.0029654309193105	0.0170378823294257	0.0002902894342713	8.793780537202717e-06	-0.0001736670202364	-0.0004854575964956	2.3566907799538185e-07	3.0160233917790174e-08	-0.0008159645532181	-0.0001868610848338	6.657981521084136e-07	3.4917065025301964e-08	-0.0004090709049253	0.0002558311834453	6.544959442307389e-08	1.6733900525640381e-07	0.0	0.0
2002.2606862965447	-4.308881301429665	4009047.8558887104	18.566458069810203	2672.1461116245814	-2.73630251203258	7140364.84187037	7.487351437355808	2090.076221113445	-4.2027772534797805	17.663336642367046	4368418.610063859	2304.485422892743	1622.2518913971371	1.024195	23.927717	0.0394531680217242	0.0202127183696588	0.027743547	-0.062863438	0.0421522708	0.0654974861	-0.0551424108	-0.0248726261	-0.0135438866	-0.0484168514	0.0331817436	0.057975614	-0.0505054353	0.0222581206	0.0208998812	-0.048222593	0.059433893	0.0596487029	0.0640921098	-0.0449767495	0.0063723728	-0.0475638588	-0.0124974702	0.0404025758	-0.0146787523	0.1490134078	-0.1027095161	-0.006669437	0.0745853337	0.0507277656	-0.0011968265	-0.1080722571	-0.0189925171	0.0634226207	-0.0069411818	-0.0162232424	-0.0560890085	-0.0188342045	0.1113671849	0.0459540038	0.0489638323	0.107022322	-0.0148044515	0.0013007343	0.0234161312	0.0598211034	0.0249413703	0.0570903087	-0.0707041909	0.022808942	0.0934945533	-0.0409155374	-0.0377925698	-0.0002413462	-0.0433542035	-0.0088701535	-0.0902875406	0.0542290692	0.0216829924	-0.0356836741	0.0526695507	0.0661355399	-0.0579429813	0.0370511612	0.0340937867	-0.008170344	-0.0815413854	-0.0350908065	-0.0840568854	0.0068152934	-0.0178974594	0.024329165	-0.0474279192	0.0221533672	0.1192312918	0.0425291244	-0.0033459297	-0.0265940178	-0.0218590938	-0.0514789046	-0.0440751054	-0.0348482701	0.0526533433	0.0123029843	-0.0008371986	-0.0415988382	0.012691037	0.0829415976	-0.0567644562	-0.0361897925	-0.0151919501	0.0556198143	0.0348490981	0.0118689785	0.0811565722	0.0796832699	0.0772475461	0.0738788195	0.0696177779	0.0645158866	0.0586347667	0.0520454508	-0.0145186057223156	0.0044851026282088	0.00021078991212	2.0116145585566377e-05	-0.0165764702475712	-0.0175221957573937	0.0002747793658686	0.0003070273441604	-0.004165667387852	-0.0012002364685415	1.4405675804169716e-06	1.7352784786213705e-05	1.4283974281701455e-05	0.0001879509945181	3.53255763403434e-08	2.0403192128030864e-10	-0.0008590036778561	-4.303912463800004e-05	7.378873185703064e-07	1.8523662496053022e-09	-0.0005029934491208	-9.39225441955e-05	8.821444308155651e-09	2.530024098584388e-07	0.0	0.0
2001.1954378684	-1.0652484281447414	4004783.180545297	1.1347542136648423	2678.134928022112	5.988816397530627	7172406.692692003	35.86592184333172	2087.5140955307907	-2.5621255826545166	6.564487501292747	4357715.099039735	2306.6351397148305	1601.3909567680214	1.026135	23.973049	0.0927921354780315	0.0553030019696263	0.0140011954	0.0730413081	0.0207432052	0.0769257742	-0.0170231675	-0.0308830366	0.0308271243	0.0141276887	-0.092176594	-0.0038668635	0.0120371334	0.0398706964	0.1434251992	0.0308955949	-0.0915087504	0.0112243904	0.0798663628	-0.006276761	-0.005859485	0.0704415403	0.0541393003	0.1119065132	-0.0740132189	-0.0406090825	0.0850498951	0.0710703123	-0.0809073723	-0.0352300198	0.0578886459	0.0647907228	0.0754558299	0.0103705354	0.0179572244	-0.0400932287	-0.0360654463	0.0177550382	-0.0432096349	-0.0072974224	0.0941376537	-0.0240519468	0.0013500454	0.0056036646	-0.0001369352	-0.0879118695	0.0348743387	-0.0187296852	-0.0618986383	0.1309920122	0.0322712845	-0.0585201743	0.0207285848	0.1018532894	0.0546198044	-0.0213357258	0.0012961724	0.0238017413	-0.0287044742	0.0639437116	-0.012205607	-0.0055814911	0.0243543654	0.0261830899	-0.0677424501	0.128298064	-0.0828228263	-0.0032694636	0.0884818546	-0.0137981014	0.0012548258	-0.0377770345	-0.0650505383	-0.0079826803	-0.0289699743	0.080752671	0.0084429886	-0.002814275	-0.0410141385	-0.066333656	0.0736752198	-0.0321263899	-0.0272172633	-0.0030287138	-0.0163582314	0.0192254984	-0.0040516883	-0.0104731633	-0.0032750901	-0.0693054167	-0.1143553694	0.0433590246	0.0946703751	0.037872516	0.0810582975	0.0792927819	0.0763786853	0.0723582192	0.0672896215	0.0612463124	0.054315831	0.0465985677	-0.0158216003204785	-0.0013029945981628	0.0002503230367009	1.697794922841696e-06	-0.0011810354881021	0.015395434759469	1.3948448241565655e-06	0.000237019411433	0.0381761800820825	0.0423418474699344	0.0017928320471671	0.0014574207256595	-0.0001721481872998	-0.0001864321615815	3.4756950871951064e-08	2.9634998390607023e-08	-0.0004814469071037	0.0003775567707524	2.3179112435971879e-07	1.4254911514098038e-07	-0.0006140416897962	-0.0001110482406754	1.2331711757101576e-08	3.770471968077728e-07	0.0	0.0
2003.88060710608	2.6851692376801566	4015537.487535832	7.210133834983833	2669.846685682024	-8.28824234008789	7128081.325047289	68.6949610880256	2094.6225042263	7.108408695509297	50.529474182392185	4387443.435211256	2310.9038369577643	1584.5176398143792	0.993418	23.208704	0.0779173968225826	0.0531477474851633	-0.0231106669	-0.0388307768	0.0113351226	0.0640461387	-0.0666519985	-0.0133626607	0.0034042367	-0.0689292206	-0.0070122058	0.0874248326	0.0033161478	0.0101216985	-0.0045910026	0.0202612698	-0.0168801589	0.0635941423	-0.0219801184	0.0944955084	-0.0174388254	0.0126399046	0.0109513448	-0.0055797016	0.0320340374	-0.0059833862	0.029328242	0.0475574615	0.028404352	0.0384512697	0.0653662469	-0.109561501	0.0655150448	-0.0561605712	-0.0476491906	-0.0670204527	0.0393038699	0.0452521051	-0.0283010001	0.0523114318	-0.0542374515	-0.021789404	-0.0758719297	-0.0210267243	-0.0880860628	0.0427419523	0.0518347763	0.0468063373	-0.0024710678	0.0024256145	-0.0097693688	-0.0540508278	0.0109665726	0.0213444152	0.0588982204	-0.0088694567	-0.0658277322	-0.0948526922	0.0255974214	-0.0504909579	-0.0274468025	-0.0339540621	-0.0649155428	0.0327943254	-0.0213558645	0.0062402384	0.0763840176	-0.064169753	0.0010998795	0.0267500719	0.0258579272	-0.080772989	0.0021175016	-0.0225223524	0.048957884	-0.0133739916	0.0111086186	-0.0415452453	-0.0261118818	-0.0469080296	-0.073231931	-0.0402127493	-0.0452096991	-0.0253798171	0.0172127835	0.0150034246	0.0482439395	0.0020333296	0.0404922147	-0.0142859193	-0.0385212124	0.0764245719	0.0914885031	0.0234522055	0.0809511339	0.0788675135	0.0754344479	0.0707106781	0.064777029	0.0577350269	0.0497051625	0.040824829	-0.0177221050559097	-0.0019005047354311	0.0003140730076127	3.611918249396413e-06	0.0027313555581827	0.0039123910462848	7.46030318521553e-06	1.5306803699049473e-05	-0.0088931722497491	-0.0470693523318316	0.0022155239289381	7.908851266370746e-05	0.0001368980747794	0.0003090462620792	9.55095921051256e-08	1.8741082878306196e-08	-0.0004820289413021	-5.820341983999735e-07	2.3235190025282334e-07	3.3876380810709973e-13	-0.0004229670118931	0.0001910746779031	3.650953253577342e-08	1.789010931497778e-07	0.0	0.0
2009.8434700021976	5.962862896117485	4039470.7739104745	35.55573391789461	2671.818810599191	1.9721249171666384	7138615.756671675	3.889276688909521	2092.358676429556	-2.263827796743953	5.124916293310583	4377964.830830043	2309.8925313769028	1613.7615693947405	1.011998	23.642767	0.0672819256876366	0.0332954889104342	0.0097127043	0.0667927629	-0.0138944104	0.0220975901	-0.0687746592	-0.0185717183	0.0555039567	0.0024973035	-0.0879159304	0.034285256	-0.0086064037	0.0366582299	-0.0488918118	-0.028259371	-0.0787224701	-0.0635282763	-0.0139151665	0.0354470898	-0.0630119819	-0.1197302166	-0.008356268	-0.0332725784	0.0464345541	-0.0773456544	-0.0222398222	0.0070666378	-0.0349465014	-0.0838984999	-0.0247157378	-0.1230242966	0.0282939478	-0.0697550489	-0.0380388698	-0.0387625769	0.0352595908	-0.0334288161	0.0685611395	0.0431739626	-0.0040678663	-0.0533181302	-0.0525499925	-0.0009093929	-0.0571347558	-0.101089215	0.0129816232	0.0610198034	0.0206176065	-0.0570777153	-0.0150582185	-0.0646452599	0.038484193	-0.0006819604	-0.0380537246	0.0301681515	-0.058787445	0.0375841598	-0.0004153607	-0.0343554602	-0.0817128362	-0.0612015187	0.0031708058	0.0539359506	-0.0829406836	0.0382786607	0.1150769576	-0.0541989067	0.0094606388	0.0174758926	0.0072180907	-0.0080302544	0.0779058402	0.0053452687	-0.0362312363	0.0364047673	0.0045410302	-0.0387903996	0.0363936978	-0.0922746726	0.0342368428	0.0043001044	-0.0008503597	-0.0223056639	0.0274510314	0.0094588789	0.0020568372	-0.0722409937	-0.0563389811	-0.0802915252	0.0162467699	0.0691034016	-0.0542044209	-0.0230725025	0.0808350932	0.0784076511	0.0744157659	0.0689390864	0.0620868871	0.0539958877	0.0448275254	0.0347647336	-0.0142621795659465	0.0034599254899631	0.0002034097659713	1.1971084396097085e-05	0.0143303677507162	0.0115990121925334	0.0002053594398707	0.0001345370838425	-0.0238844129423441	-0.014991240692595	0.0002247372975033	0.0005704651816004	-0.0002206834886689	-0.0003575815634483	1.278645745181306e-07	4.8701202171076514e-08	-0.0008689534069337	-0.0003869244656316	7.550800234216844e-07	1.497105421042992e-07	-0.0004230959290641	-1.2891717100001893e-07	1.661963697864812e-14	1.7901016519061397e-07	0.0	0.0
2012.103388023973	2.25991802177532	4048560.044097551	5.107229465144876	2677.774526868548	5.955716269357254	7170476.416746076	35.47055628108668	2089.3577183314733	-3.0009580980827195	9.005749506448254	4365415.6751513	2307.213892294905	1601.424717574823	1.023747	23.917242	0.1250858111068166	0.0641344455375793	-0.0267009267	-0.0434998638	-0.0446125208	0.0533112756	-0.0473972962	-0.0414243343	0.0035130135	-0.0647544674	0.0577045191	0.0266608625	-0.084704353	0.0410166815	-0.04378783	-0.0088575196	-0.0427941066	0.0859486612	0.0310941867	-0.0690539921	0.0107183486	-0.0739138104	0.1105936497	0.022569026	-0.0709110019	0.1421451755	0.1257995086	-0.0178460893	0.0809773988	0.0336796007	0.023235826	-0.0543419267	-0.0327490421	0.0117043588	0.0182701005	-0.1021707517	-0.0702111058	-0.0900768985	0.0048338669	-0.0480908901	0.0314417529	-0.0444519637	-0.0548657247	0.0325114526	0.0088398809	0.0484548785	-0.0523529797	0.096900334	-0.021062245	-0.009055301	0.0169650105	-0.0582152409	0.0361343639	-0.0178575253	0.0337993145	-0.0206525019	-0.0271188357	-0.0194119862	0.0205948303	-0.0098201608	-0.0371136619	0.0429083928	0.013199809	-0.0929036103	0.0619312929	0.0328037417	0.0086592955	-0.0942778156	0.0034595299	0.0284173685	-0.0514175871	0.0310038718	0.0556304207	0.0547601125	0.0588896073	0.0094134374	0.0178386517	-0.0494092965	-0.0213195344	-0.0366352607	-0.086359701	-0.0554349965	0.0206977756	-0.1174056534	-0.0599043435	-0.0935937126	0.0625311368	0.0134875278	-0.0021801017	-0.1129157418	0.0340331336	0.0169511637	-0.0234021582	0.0701870699	0.0807101879	0.0779133966	0.0733236445	0.0670465522	0.0592265694	0.0500436514	0.0397091175	0.0284607885	-0.0282253795760567	-0.0139632000101102	0.0007966720522124	0.0001949709545223	-0.0166922581971249	-0.0310226259478411	0.0002786314837194	0.0009624033206996	0.0082338043647212	0.0321182173070653	0.0010315798829838	6.779553431650189e-05	-0.0007921024661172	-0.0005714189774483	3.265196477880608e-07	6.274263168289499e-07	-0.0004813318070195	0.0003876215999141	2.3168030844865723e-07	1.5025050472004414e-07	-0.0004236907085376	-5.947794734999885e-07	3.537626220969235e-13	1.7951381650109354e-07	0.0	0.0
2009.0983356482952	-3.0050523756776784	4036476.12230475	9.030339780566058	2679.434656960624	1.6601300920760875	7179370.080921697	2.75603192261656	2093.281940364036	3.9242220325627386	15.399518560850831	4381829.281854223	2307.6393460981203	1631.6107326714418	1.094836	25.57806	0.0520797325659444	0.0373277951504045	0.0557790698	0.0504080332	-0.030313575	0.0403709217	-0.035832584	-0.0589552255	0.0455885103	0.0475832593	0.0199459053	-0.0197284921	-0.0485132338	0.0640689046	0.0935832301	-0.0623628978	-0.1141124047	0.0524569264	-0.0165756909	-0.1109378705	0.0131743665	0.0407855815	-0.0397632198	0.0003184792	-0.0064340902	-0.0622973615	0.0646558105	-0.0205594813	0.0666662181	0.1288456746	0.0086748772	-0.0048199366	0.0271033167	-0.0303034078	0.0650528085	0.0161079771	-0.0088762313	-0.0416263933	0.0954661454	-0.0642089733	0.0825767528	-0.0173590604	0.0375848295	0.0616218965	0.0324575898	-0.0624929855	-0.0344717411	0.0071605925	0.0303477046	0.0681085753	0.1633420961	-0.0870857207	-0.0147795131	0.0507043266	0.0317849513	-0.036187475	0.0649026621	-0.003592351	-0.0052834463	0.0631117497	0.0270082538	-0.0221464897	-0.0307796392	-0.0191603663	0.0065022386	0.1134216409	-0.1041018223	0.0659789304	-0.1578446689	-0.1116572329	-0.0546172038	0.0561906772	-0.0228510007	-0.0018568475	0.0066452876	0.0613447176	0.0295553233	-0.123236395	-0.1182913394	-0.0153087796	0.0943429164	0.031005221	-0.0007700503	-0.1142741936	-0.0162584046	-0.0781477253	0.1120452535	-0.0802389507	-0.0983813545	-0.032648284	-0.1790052223	0.0894627881	0.0053612783	0.1020853401	0.0805764318	0.0773849666	0.0721591615	0.0650363955	0.0562039158	0.0458939156	0.0343774302	0.0219572114	-0.0169522962088848	0.0112730833671719	0.0002873803467537	0.0001270824086032	0.0186990570586118	0.0353913152557367	0.0003496547348812	0.0012525451955309	0.011498215713722	0.0032644113490008	1.0656381455485228e-05	0.0001322089645992	-0.0008351019698572	-4.299950373999996e-05	1.8489573218862707e-09	6.973953000593757e-07	-0.0004813232004607	8.606558800003643e-09	2.3167202330173123e-07	7.407285437792016e-17	-0.0004237010501195	-1.0341581899967096e-08	1.0694831619372705e-16	1.7952257987236706e-07	0.0	0.0
2005.5767116664665	-3.521623981828725	4022337.946378877	12.401835469391203	2663.314798627581	-16.11985833304334	7093245.716588671	259.8498326773868	2091.909291499803	-1.372648864232815	1.884164904479637	4376084.483863208	2305.016369712948	1589.8702282449335	1.127862	26.349625	0.0233437705538165	0.0127065835050228	-0.0558105133	-0.0537522607	-0.012548965	0.0244895228	-0.0597369671	0.055048023	0.0384195294	-0.0386451514	0.0752659394	0.082949529	-0.0135333535	0.0366323031	-0.0118012122	-0.0871418806	0.0148057779	0.0560319617	-0.0190600483	-0.0222722866	-0.0312784561	0.0366495173	-0.0282751334	0.0907369156	0.0635378472	0.0539348406	-0.1010358594	0.003209537	-0.0741548901	0.0808960252	-0.0328271969	0.020740302	-0.1666895967	0.0267782996	-0.0523457721	-0.1988803415	0.007407871	0.1272950038	-0.0198996291	-0.0004770125	-0.0691545643	0.0025149581	-0.0272065571	0.0577832841	-0.017581269	0.0666736664	-0.0086391178	0.0177588443	-0.0250486167	0.037977437	0.1170732635	-0.0686403098	-0.0730638102	0.0062176785	0.0601999948	0.003181891	-0.0705584763	-0.0428893642	0.1015544727	-0.1041510705	-0.0409472737	0.0366168378	-0.0443573251	0.0518672775	-0.0420903998	0.0641563129	0.0976035117	-0.0118859776	0.0119303815	-0.0342149293	-0.0233943695	0.0218564087	-0.0641366267	0.0750456922	0.0466459738	0.0015688332	0.0517022393	-0.1018965142	-0.0632215834	0.0328992447	-0.0646176437	-0.0103894343	-0.0373679774	-0.0631848371	-0.0334047065	-0.2177581451	0.0991260694	-0.0054238433	-0.0051351359	0.0039289666	-0.1559796261	-0.0243403865	-0.0137030155	0.0937631042	0.0804338397	0.0768225931	0.0709234662	0.0629121428	0.0530272111	0.0415630576	0.0288611001	0.0152996203	-0.0086223901493127	0.0083299060595721	7.434561188696469e-05	6.9387334961296e-05	0.010194734422015	-0.0085043226365968	0.0001039326099354	7.232350350733277e-05	0.0158568349773347	0.0043586192636126	1.8997561885135704e-05	0.0002514392154984	-0.0007921024661172	4.299950373999996e-05	1.8489573218862707e-09	6.274263168289499e-07	-0.0004813318070195	-8.606558800003643e-09	2.3168030844865723e-07	7.407285437792016e-17	-0.0004236907085376	1.0341581899967096e-08	1.0694831619372705e-16	1.7951381650109354e-07	0.0	0.0
2007.143417275064	1.566705608597431	4028624.6975106215	2.4545664640106466	2680.928265162877	17.613466535296084	7187376.362949233	310.234203389995	2091.982197224593	0.0729057247899618	0.0053152447071496	4376389.5135046365	2314.994587305696	1619.292702466212	1.177412	27.507256	0.0880244796576613	0.0445095599363018	0.0184219397	0.048277828	0.0009374602	0.0046131519	-0.0306272024	0.0945219544	0.0334999312	0.0196350031	-0.06495985	-0.0517425507	0.0399615396	-0.001837666	-0.0315421866	0.0178341667	-0.0208704109	0.0394025529	-0.0298468762	0.0153208527	-0.0115077674	0.0607280132	-0.0174594413	-0.0716741823	0.1199148595	-0.1045333479	0.0129211222	-0.0359868557	0.042560846	-0.0587881472	0.0130225246	-0.1105373503	-0.1395726251	-0.0956993621	0.010950462	0.0464221648	-0.023520116	0.0790159381	0.1277302251	0.0448162959	-0.0658860413	0.08480693	0.108315379	-0.0114504944	-0.0481240884	-0.1087651022	-0.0139464788	-0.0753747075	0.0293355906	-0.0208214031	-0.0251587114	-0.0439693087	-0.0918941969	-0.0635527039	0.0682146587	0.1674091649	-0.0756252926	-0.0324128728	-0.0847657516	0.010793736	-0.0732150922	0.0231583754	0.0151894807	-0.0437814981	0.034714549	0.1117920771	-0.0096634104	-0.0479277134	-0.0489640609	-0.0907373778	-0.0173652794	-0.06876264	-0.0244750308	-0.0545726953	-0.0491913677	0.023380612	0.0360428786	-0.0275156409	0.0475300409	-0.061347227	0.0375259116	0.1604491156	-0.069021119	-0.0812879896	-0.1053491252	-0.0347732685	0.1198128812	-0.1284091778	-0.043033362	0.0606101352	-0.1437892029	0.0745722743	-0.0211529098	-0.060909168	0.080282427	0.0762265226	0.0696177779	0.0606775209	0.0497051625	0.0370681691	0.0231897558	0.0085347133	-1.786762939559594e-05	0.0086045225199171	3.192521802183641e-10	7.403780779576059e-05	0.0225324519563514	0.0123377175343364	0.0005077113911652	0.000152219273957	0.0545685809451725	0.0387117459678378	0.0014985992758784	0.0029777300263698	-0.0004051454908539	0.0003869569752633	1.4973570070492216e-07	1.6414286875924758e-07	-0.0004813774011951	-4.559417560000148e-08	2.3172420238134827e-07	2.0788288486437707e-15	-0.0006040980118101	-0.0001804073032724	3.2546795074055764e-08	3.649344078729157e-07	0.0	0.0
2010.56471846806	3.4213011929959976	4042370.487148549	11.705301853195836	2681.428639003209	0.5003738403320312	7190059.546066601	0.2503739800886251	2091.919377174698	-0.0628200498949809	0.0039463586688078	4376126.680598977	2305.805117792599	1583.1276747209276	1.218137	28.458683	0.1475397403549122	0.0945439519980398	-0.0426056986	-0.0400822848	-0.0593544971	0.0678550318	0.0955033531	0.0778865181	0.036055267	0.0857363813	-0.0306256275	0.0705833723	0.0381322951	0.0505740458	-0.1181094514	0.0266392199	0.0612236461	0.0112558332	-0.0185395478	-0.0068555214	0.0346382917	-0.0993790035	0.0162281362	-0.1439036688	0.0537535778	0.034272352	0.0358820853	-0.0810595834	-0.0158904406	0.0040572353	-0.0270339219	-0.0126651457	-0.0347574645	0.0032094041	-0.0223951864	0.0535912165	0.0587255397	-0.0226026425	0.0446204008	0.011481916	0.0060971571	-0.0091443747	0.0271349574	0.0079447116	-0.0130040378	-0.0089325823	0.0718611722	0.0996747245	0.058474549	-0.0853195558	0.024482351	0.040685626	-0.1361873028	-0.0250193186	0.0211414878	0.0257120415	0.0436597889	0.0407646692	0.049038322	0.0849999399	-0.0591200302	0.0623239933	-0.0167077806	0.0230647185	-0.0916663145	-0.0647974242	-0.0658691603	0.0260030749	-0.0188985018	0.0553843995	0.0152166293	-0.0478616548	0.0996041452	0.0024422061	-0.0163261623	-0.033477599	0.0365883773	0.0372752236	0.0803413638	0.0603896144	0.0966404519	-0.1265450934	-0.0641832909	-0.0569991558	0.0530439716	-0.0845525735	0.049681024	0.0101604228	-0.0751140179	0.0432972442	-0.0263152971	0.0290804645	-0.1015817803	-0.1268772025	0.0801222105	0.0755970167	0.0682433853	0.05833645	0.0462468756	0.0324269895	0.0173938582	0.0017099414	-0.0114992298759659	-0.0114813622465703	0.0001322322877403	0.0001318216790369	0.0306696697577564	0.008137217801405	0.0009406286430498	6.621431354750243e-05	-0.0189280255691244	-0.0734966065142969	0.0054017511691173	0.0003582701519454	0.0005013980793734	0.0009065435702273	8.218212447204595e-07	2.514000339993344e-07	-0.0004821059273421	-7.285261470000161e-07	2.3242612517838625e-07	5.307503468626892e-13	-0.0004228790323316	0.0001812189794784	3.284031852322899e-08	1.788266759857104e-07	0.0	0.0
2020.031036485735	9.46631801767512	4080525.388365633	89.61117681176063	2679.294789450509	-2.1338495526997576	7178620.5687766485	4.553313913556956	2096.197625681132	4.278248506434011	18.303410282804844	4394044.485911216	2307.683802908341	1614.11490033644	1.160695	27.116688	0.0690497660774532	0.0457305344498131	-0.0353333609	0.0136683193	-0.0814174846	-0.0334349773	0.0049042554	-0.1042049358	0.0516393111	-0.039689952	0.0524834813	-0.0495509624	0.0169037043	0.0234909936	-0.0546926253	-0.0371159115	-0.0773928063	0.0572500211	-0.0828461455	-0.018421743	-0.0098169705	0.0025272533	-0.0074005269	-0.0307980106	0.0106965084	-0.0745891514	-0.0741999293	-0.0873396242	0.0500821677	-0.0488969894	0.0247862189	-0.0006875289	-0.0649357483	0.0239641679	-0.059877879	-0.0564118193	-0.02122957	0.0300428101	0.0265437187	0.026410383	-0.0447304412	-0.0033777466	-0.082685112	0.0643805538	-0.0306612022	0.0272073441	-0.0516974108	0.0190782567	0.0311290604	-0.0426754429	-0.015085196	0.0378764601	0.0614500071	-0.0439932171	0.0866768611	-0.0746912801	-0.1008765854	-0.0363962863	-0.0181029181	-0.1127567857	-0.033498092	0.0986416004	-0.0278496762	0.0281631933	0.0991769826	-0.0005385865	0.0249997235	0.0165547636	0.0032991744	0.0446808707	-0.0684284226	0.0352935999	0.0862787134	0.020665186	-0.0150932054	-0.0257553157	0.0088766572	0.0442681583	-0.0588341997	-0.0608131014	-0.1339385562	-0.0496939522	-0.0081951116	-0.0951249315	-0.0394498217	-0.0106263057	0.0297338461	-0.0330400035	-0.0138233494	-0.0147914357	0.0105768138	-0.0497441346	-0.0839396677	-0.0885167857	0.0799532077	0.0749343514	0.0668016447	0.0558930371	0.0426618292	0.0276578354	0.0115045374	-0.0051268245	0.0001732713657389	0.0116725012417048	3.002296618502365e-08	0.0001362472852376	0.0266830830610018	-0.0039865866967545	0.0007119869216403	1.5892873490740743e-05	-0.0029542218838756	0.0159738036852488	0.0002551624041748	8.727426939169498e-06	-0.0002461017508917	-0.000747499830265	5.587559962463532e-07	6.056607179196035e-08	-0.0004814479332457	6.579940964000232e-07	2.31792112426556e-07	4.3295623089728315e-13	-0.000423058697045	-1.796647133999905e-07	3.2279409241100734e-14	1.789786611454131e-07	0.0	0.0
2011.6234685666795	-8.40756791905551	4046628.979288239	70.68719831353138	2695.412375313895	16.11758586338601	7265247.872995295	259.7765740636206	2090.04999958968	-6.147626091452366	37.7933065603059	4368309.000784821	2312.4906365136885	1665.341280620907	1.202056	28.082981	0.0187902099234734	0.0128837186759558	0.1025899464	-0.0051471969	-0.0076232567	-0.0369819378	0.0729165041	-0.0008239816	-0.0825326587	0.1116408516	0.0349964973	-0.0474328373	-0.0492086548	0.0144295274	-0.0134407244	-0.0417567125	0.0503058417	0.0605211646	0.0082109303	-0.0660734032	0.0412762885	-0.0012012152	-0.0843875514	0.0112600884	-0.045312913	0.1239925182	-0.0610309765	0.0163445724	0.0132057843	-0.0136501961	0.0568662348	-0.0449389526	0.003165619	-0.0143556138	0.0586809648	0.0001989122	0.031762362	-0.0446186763	0.115978124	0.0182045604	-0.0246032613	-0.0498315804	0.0238014766	-0.01941105	0.1306874589	0.0045870595	-0.0419409382	-0.0301089797	0.0223252825	0.0120499644	0.0459844116	0.0180903053	-0.0844401219	-0.0162925565	-0.0904438562	0.032046467	0.0913362337	-0.0107722905	-0.0294456006	-0.0430612459	-0.0123970538	0.0838814186	0.0609943599	-0.0409685335	0.0816400251	-0.0533017956	0.0278635249	-0.1066515886	-0.0718528117	-0.0603962128	-0.0679645426	0.0937916418	-0.0287881849	-0.0339315059	0.0207810359	0.0332015878	0.0161365449	0.0551721312	0.0136031622	0.0159004321	0.0457168408	-0.0085195149	0.1025054236	-0.0637644534	-0.015856232	-0.1155053044	0.0615360387	0.03796916	-0.0261584061	0.0066703701	0.0610243863	-0.0303103622	0.0346910367	-0.0371441916	0.0797754371	0.0742388174	0.0652939789	0.0533515689	0.0389598496	0.0227795284	0.0055534252	-0.0119276293	1.6414599386394002e-05	-0.0001568567663525	2.6943907301580637e-10	2.4604045150564663e-08	0.0243893478371717	-0.0022937352238301	0.0005948402879225	5.261221277038928e-06	-0.0025963269172848	0.0003578949665907	1.2808880711102965e-07	6.740913461417594e-06	-0.0003296586889102	-8.355693801850004e-05	6.981761891027458e-09	1.0867485117399204e-07	-0.000481391470904	5.646234169998707e-08	2.317377482591167e-07	3.187996030246098e-15	-0.0006590797560188	-0.0002360210589738	5.570594027911398e-08	4.3438612479380093e-07	0.0	0.0
2001.862580294902	-9.760888271777503	4007453.790384963	95.27493985412362	2673.311743055071	-22.10063225882413	7146595.675556142	488.43794623977794	2078.39197085084	-11.658028738839675	135.9096340756118	4319713.18449724	2305.9008042143464	1621.809861287794	1.303549	30.454113	0.0680050050253498	0.0351640726100262	-0.091533903	0.05466197	0.1089610458	-0.0578990477	0.0087040601	0.0713686647	0.0084436042	-0.0683739279	-0.0106857363	-0.0649804645	0.035599152	-0.0490606958	-0.0029887842	-0.1032381628	0.0547718324	0.0283042295	0.0890997038	-0.0418827344	-0.0979356495	0.1234575309	-0.0103152725	-0.0490990679	0.0109753917	-0.017273447	0.0392028355	0.0159858872	0.0234323718	0.0256253294	-0.0636269964	0.0164335456	-0.0767322514	0.01634588	-0.0501164946	0.0921164696	-0.0400498467	-0.1308223267	-0.0366089745	0.029980705	-0.0223159251	0.0571146805	0.1231639792	-0.004818675	-0.0015566584	0.0047517591	-0.0523252161	-0.111195374	-0.1302691522	-0.0857750739	0.0272684524	0.0602651711	-0.0601072965	0.0602113721	-0.0156278403	0.0018356542	-0.0179647572	-0.0276610821	-0.0106830295	0.007648396	-0.0428107414	0.0445564488	-0.065962573	-0.0784863701	0.0281756627	0.0005865254	-0.0585135349	-0.0145950648	-0.0265024134	0.0344777138	0.0318795773	-0.0210367794	-0.0719122023	0.0954206626	-0.0697188757	0.0584533323	0.0038509162	0.0157219093	0.046678222	-0.0054771065	-0.0614742175	0.0493442224	0.0628312831	-0.0095515535	0.0058403319	-0.0717359587	0.0071804357	-0.0105205149	0.0019311941	0.0327962763	-0.0116597329	-0.0724879161	0.0531081778	-0.0159404928	0.0795889182	0.0735107199	0.0637218759	0.0507165039	0.0351510839	0.0178113211	-0.0004275147	-0.0186447705	0.0002308020667953	0.0002143874674089	5.3269594036982136e-08	4.5961986182004736e-08	0.0081735430429148	-0.0162158047942568	6.680680587438094e-05	0.0002629523251254	0.0119873105041392	0.014583637421424	0.0002126824804395	0.0001436956131226	0.0001733980723599	0.0005030567612701	2.530661050595624e-07	3.006689149812912e-08	-0.0004820365553275	-6.450844235000018e-07	2.3235924067200203e-07	4.161339134423296e-13	-0.0004229580948672	0.0002361216611516	5.5753438864991e-08	1.7889355001369138e-07	0.0	0.0
2000.0776216443148	-1.784958650587214	4000310.492602379	3.186077384306128	2688.8342933654785	15.522550310407496	7229829.857178233	240.94956813913183	2089.947282037815	11.555311186974905	133.52521662782738	4367879.64169725	2317.206549481968	1645.8263972668449	1.299462	30.358624	0.02841188684026	0.0195437475036091	0.039459809	-0.1058160211	0.0757826705	0.0574499904	-0.0444653063	-0.0910585853	-0.1133852322	-0.0159293643	-0.0225442181	0.0100919253	0.0078397546	-0.032106739	-0.0085003247	0.0737013403	0.0371997998	0.0276114596	0.0354345483	0.1451574901	-0.0161253042	-0.0305408571	0.0205066237	-0.004301064	0.073478408	0.0323877657	-0.0964994752	-0.0723260312	0.0610541087	-0.0131703113	-0.1068626639	-0.0121571053	0.0699944659	0.0188592054	-0.0077782254	0.0285054329	-0.0108044392	0.0568879284	0.0246245188	-0.0489963623	0.0960906992	-0.0662923404	-0.0385240945	-0.1310383279	-0.0390085683	0.0674032135	0.0074759058	0.0163420169	0.0365324308	0.0425390452	-0.0619246575	-0.049570517	-0.0320657074	0.0229392967	-0.0301479024	0.0476453766	0.0053983211	0.0618920672	-0.1042408273	0.0188701892	0.0383044324	-0.0019270017	-0.0744557455	-0.0172331287	0.0281551869	-0.0574578597	-0.0135879667	0.089886852	-0.0313032403	-0.0186032563	0.0333979574	-0.0927212497	-0.0037324759	-0.0313916019	0.1201321519	-0.0185831213	0.0005089964	0.0191343171	-0.0183191811	-0.0903292553	0.0512149777	0.0077397058	0.0360339839	0.021717803	-0.0785989	-0.0230305472	0.0586344508	0.0212719758	0.0608608906	-0.0098810743	-0.0183393009	-0.0060593633	0.0588338211	-0.0431790544	0.0793936715	0.0727503781	0.0620868871	0.0479924649	0.0312459714	0.0127728206	-0.0064061583	-0.0252311319	-0.016511164477734	-0.0167419665445293	0.0002726185524107	0.0002802934437781	0.0099114858090416	0.0017379427661268	9.823755094283302e-05	3.0204450583324737e-06	0.0219192880337431	0.0099319775296039	9.86441776485568e-05	0.0004804551879061	0.0001733980723599	0.0	0.0	3.006689149812912e-08	-0.0004820365553275	0.0	2.3235924067200203e-07	0.0	-0.0004229580948672	0.0	0.0	1.7889355001369138e-07	0.0	0.0
2003.1010814769645	3.023459832649678	4012413.9426141847	9.14130935964602	2675.080931527274	-13.753361838204455	7156057.990220828	189.15496185257865	2086.432276621586	-3.515005416229087	12.35526307611982	4353199.644928334	2303.793336956924	1584.470948833836	1.22399	28.595423	0.0428461275765894	0.0228973414726461	-0.0177640454	0.0794662175	-0.0225374679	0.0792366601	0.0784966601	-0.0468196621	0.0008806553	-0.012540519	-0.0856820083	-0.0175708925	-0.0116474751	0.0686505768	0.0198813223	0.0365691806	-0.0232951061	0.03934498	0.0290791777	0.0319430513	-0.0200755477	-0.0484011159	0.0410520624	-0.0078221292	-0.0211116228	-0.0742399422	-0.0574654418	-0.0105368296	-0.0244156628	-0.0007925296	0.0230504497	-0.0112806719	-0.0318330472	-0.0535117873	0.0020571467	0.0085506174	-0.0543280794	0.0423971909	0.0205305075	0.0303481651	-0.0115803246	-0.0350705101	-0.0179264442	-0.036182475	-0.0234048731	-0.0849276217	0.0073697092	0.066429117	0.0225156445	0.0365452459	-0.0007179754	0.0265223061	-0.0227673695	0.0574697275	0.0364904359	-0.0728688725	-0.0558812246	0.0462128349	0.0149685553	-0.0153575553	0.0239367519	0.0546997439	-0.0122398509	0.0811734681	0.0275815208	0.0809453746	-0.0372628633	-0.0150381306	-0.0004519956	0.0065170031	0.008365608	-0.0691028645	0.0775354699	-0.0193822424	-0.0681562165	0.0592516342	0.0086518479	0.0449270669	-0.048722955	-0.0127481981	0.0462416442	-0.0707439448	-0.0602571143	-0.0743962347	0.0408868673	-0.0238615511	-0.0197645767	-0.0312687269	-0.005651848	-0.0293095437	0.0101917203	-0.0372128699	0.0448774538	-0.0459788573	0.0791897184	0.0719581255	0.060390626	0.0451842308	0.0272552159	0.0076839116	-0.0123503943	-0.0316405151	-0.015451778295457	0.0010593861822769	0.0002387574524919	1.1222990831994364e-06	0.0207986998350975	0.0108872140260558	0.0004325859148304	0.0001185314292491	0.0076772468621015	-0.0142420411716416	0.0002028357367347	5.894011938164733e-05	-0.0001591017512899	-0.0003324998236498	1.1055613272714813e-07	2.53133672635132e-08	-0.0004814663337096	5.702216179000056e-07	2.318098304957639e-07	3.251526935205e-13	-0.0004230377735318	-7.967866459999235e-08	6.348689592438075e-15	1.789609578347425e-07	0.0	0.0
2010.781686350055	7.680604873090488	4043242.990160771	58.99169121654135	2660.765380859375	-14.31555066789906	7079672.411979735	204.93499092518525	2086.6614395269826	0.2291629053966062	0.0525156372098138	4354155.963208819	2304.59736935325	1606.528218745584	1.075143	25.117979	0.11781663566862	0.079747806487464	-0.0098341462	-0.0570274293	-0.034092395	0.0336192021	-0.0795394707	-0.0651218113	-0.0106575428	-0.0625309069	0.0019644213	0.135307463	-0.0200963603	0.086565542	0.0228560045	-0.0003573065	-0.0835970997	0.0237070998	0.0384737994	-0.0231489112	0.0035653618	0.0110844719	0.0570137046	-0.0006051355	0.0362050113	0.033541959	-0.052532005	-0.0006636034	-0.0278305877	-0.0696858373	-0.0665611635	-0.0072286653	0.0200445605	-0.0066142021	0.0162391347	0.0957369381	-0.0661215185	-0.0728472982	0.0210830568	-0.0759587843	0.0350691718	-0.0704462107	-0.0651563186	-0.0067072219	-0.0412082902	0.0364116443	0.0410500472	0.0975523587	0.0046425973	-0.0014615886	0.0352220726	-0.0050216551	0.0863964866	0.0045075412	0.019784914	-0.0120544048	-0.0148878596	-0.0933118104	0.0083421124	0.0001543023	-0.0008524743	0.0007081749	-0.049904538	-0.0415773639	-0.0605802203	-0.037955285	-0.0124663064	-0.0155863115	-0.0328269332	-0.0338898778	0.0160290918	0.0303762882	0.0539697053	0.0107320818	0.0744969326	-0.0421094618	0.015326952	-0.0403829556	-0.017176315	-0.0736247807	-0.0340197448	-0.0982471488	-0.0274038732	-0.048935806	0.1656274426	0.083143418	-0.0599360271	0.002458328	-0.0037733646	0.0732501242	0.1589783386	-0.1324468326	0.1524184208	0.0234121829	0.0789770813	0.0711343098	0.0586347667	0.0422967282	0.0231897558	0.0025646777	-0.0182282956	-0.0378279629	-0.0102442778959357	0.0052075003995213	0.0001049452296091	2.71180604110145e-05	0.0165612454270842	-0.0042374544080132	0.0002742748500961	1.7956019859991332e-05	-0.0666678922737489	-0.0743451391358504	0.0055271997131289	0.0044446078602241	0.0002719509373591	0.000431052688649	1.858064203915317e-07	7.395731233049313e-08	-0.0002320575222971	0.0002494088114125	5.3850693654669067e-08	6.220475521019602e-08	-0.0004229684390886	6.93344431999701e-08	4.80726501384988e-15	1.7890230046504676e-07	0.0	0.0
2014.088760636038	3.307074285982935	4056553.535720411	10.93674033300954	2681.8853612627304	21.119980403355385	7192509.090955325	446.05357223811546	2093.216812262014	6.555372735031597	42.972911695195634	4381556.623136348	2310.4634746085344	1616.024447423062	1.086698	25.387932	0.0434153840328606	0.0237157905538332	0.0196163499	0.0838978172	-0.0373436494	-0.0121211662	0.0482646997	-0.076133546	0.0356895406	0.0556568452	-0.0031400077	-0.0313181108	-0.0104000699	0.0435879477	0.0377258079	0.0096254754	-0.0853028281	0.0687204753	-0.0328305848	-0.047664094	0.0541461476	-0.0220929816	0.0135328092	0.070059968	0.0099049112	0.0433565668	0.0854095286	0.0343017178	-0.0150534226	0.0421181013	0.0810352808	0.0339978855	0.0854381843	-0.0527366411	0.0687147	0.09181787	-0.0332214922	-0.0351891401	0.0662299101	-0.0746817788	0.0267520267	0.0958745083	0.0707468187	0.0144160977	0.0105002252	-0.0815321808	-0.0331644543	0.0407155126	0.087096669	0.0631463029	0.0474921391	-0.0058210511	0.0038696533	-0.0596052879	0.0221811267	-0.0392271018	-0.0048660183	-0.1315274463	-0.004401774	0.0859478284	0.0147995529	0.0332420066	0.0090945533	-0.0685585665	-0.0112295912	0.0597308503	-0.0665981218	-0.0309765665	0.0154616936	0.0100732765	-0.0070788306	0.0728105943	0.0618782332	-0.0185462028	-0.0813013257	0.0433393132	-0.0161287603	0.0580868611	-0.0391419639	-0.0086558597	-0.0021909732	-0.0734992157	0.0482192669	0.0273262507	0.0267983354	0.0718908627	0.0091749862	-0.008443337	-0.102700422	-0.0211976953	0.0660555097	0.0627004095	-0.1378588315	0.0424777253	0.0787557834	0.0702792922	0.0568210419	0.0393350228	0.0190607341	-0.0025646777	-0.024008292	-0.0437500746	-0.0083812226254025	0.0018630552705332	7.024489269655876e-05	3.4709749410615373e-06	0.029122353944345	0.0125611085172608	0.0008481114992597	0.0001577814471824	-0.0600268978124347	0.0066409944613142	4.410280743520597e-05	0.0036032284609844	0.0001200133247375	-0.0001519376126215	2.3085038129151382e-08	1.4403198114548628e-08	6.297456858694872e-05	0.000295032090884	3.965796288712308e-09	8.70439346514136e-08	-0.000423003251258	-3.4812169399977076e-08	1.2118871383327e-15	1.789317505748387e-07	0.0	0.0
2010.6199915385748	-3.4687690974631096	4042592.750374579	12.032359051515035	2667.932333809989	-13.95302745274148	7117862.937788814	194.6869750969574	2088.838688698136	-4.3781235638780345	19.1679659405841	4363247.067402149	2306.849954260401	1622.0010944477096	1.032602	24.124123	0.0284564579778946	0.0162511589988014	-0.0401770503	-0.0321265568	-0.0161566992	-0.0162017559	0.0453385644	-0.0902069256	-0.0057816096	-0.067203034	0.0928884831	-0.0041233868	0.0512062709	0.0429435202	-0.028012316	-0.066173923	-0.0533387549	0.0578363627	-0.0502507626	-0.0693256266	0.0298775084	-0.0870395116	0.0284156222	0.032853133	0.0642867538	0.0402635686	0.0178059472	0.0310956556	0.1100116669	0.0806556249	-0.0962846095	-0.0644839858	-0.0240942901	-0.0761583367	-0.0530132285	0.063939931	-0.0053803942	-0.0282762333	-0.0580851794	0.0331639952	-0.0772639467	0.0665225084	-0.0745696235	0.0334068701	-0.0159290509	0.0516566599	-0.0997367111	0.027164191	0.0622802139	-0.0062699011	0.0778987742	0.0512245356	0.039311343	-0.0708054957	0.0496332527	-0.0448641954	-0.0557078005	-0.0494951185	-0.0343396367	0.0534681917	0.0194706637	-0.0163073757	0.0920619427	-0.0575607761	0.0122604276	0.0094450252	0.0757639543	0.0593902695	0.039147355	0.0080104247	-0.0081305176	0.0571540982	0.0649926296	0.0645882355	0.0492636707	-0.0216356922	-0.0087068993	0.0570724328	-0.0619643525	-0.0135852155	-0.0166456867	0.0168672849	0.059656671	-0.0501260794	0.0876603238	0.0381376904	-0.0206709453	-0.0318417422	-0.0580398495	-0.0071426942	0.1007220067	-0.0949309324	-0.0075877758	0.0462954706	0.0785258491	0.0693934478	0.0549512416	0.0363043104	0.0148794683	-0.0076839116	-0.0296593388	-0.049365311	0.000174747060015	0.0085559696854174	3.053653498388601e-08	7.320461725778322e-05	0.0286035946176212	-0.0005187593267238	0.0008181656250492	2.691112390629317e-07	-0.0606580356216497	-0.000631137809215	3.983349342207153e-07	0.0036793972854773	-4.003214925871746e-05	-0.0001600454739962	2.561455374667392e-08	1.6025729742722327e-09	-0.0001519915393544	-0.0002149661079413	2.310142803532013e-08	4.621042756345159e-08	-0.0004230030100648	2.4119320001523073e-10	5.81741597335871e-20	1.789315465238813e-07	0.0	0.0
2008.4422786730256	-2.1777128655492106	4033840.386761296	4.742433324778554	2684.8616850716726	16.929351261683678	7208482.267965901	286.6029341414707	2085.437772863052	-3.400915835084106	11.566228517325824	4349050.704484006	2305.940245006253	1638.795802141649	1.051743	24.571297	0.026143083573162	0.0217342532481288	0.0527375661	0.0441156118	0.0022692474	-0.0291984058	0.026545529	-0.082622882	-0.0280193028	0.0410395089	0.0397713972	-0.0537426666	-0.0269436319	0.0374198342	0.0670932061	-0.0053203738	-0.0622265261	0.0456058329	0.0270610035	-0.0250555666	0.0512912385	0.015789156	-0.0384590238	0.1618780088	0.0155043933	0.0230108937	-0.0190420456	0.0268372423	0.0680869218	0.0677194453	-0.0156783359	-0.0577974374	0.0253668765	-0.0399081581	0.0333866189	-0.0307257463	-0.0102886589	-0.0038237401	-0.0475614279	-0.0278881065	0.0231987707	0.0999177284	0.0044862092	0.0025036416	0.0602885062	-0.037523398	-0.0575985193	-0.0179185709	0.0248529465	0.1051254083	0.0966134318	0.0126497668	0.0004679179	0.0142246279	-0.0240811234	0.0137461848	0.0379271073	-0.0626127812	-0.0345914177	-0.0251814472	0.0826720535	0.0132398287	0.0144738022	-0.1069138901	0.0092411937	0.0272029728	0.0501353858	0.0358260368	-0.0267535059	0.0452890641	-0.0231430814	0.0831094657	-0.0345520072	-0.0145750991	-0.0340296913	0.032897287	0.0510275472	0.0516054877	-0.0895969563	-0.0348295537	0.0439212474	-0.0424337749	0.0738360011	-0.070012199	0.1204932264	-0.0191309518	-0.0550713557	-0.0613615411	-0.0191155464	0.0955590189	-0.0054275516	-0.0348424688	0.0352260034	0.0814340571	0.0782873035	0.0684771651	0.0530272111	0.0332099078	0.010657419	-0.0127728206	-0.0351510839	-0.0546342852	0.000173480192231	-1.2668677839999972e-06	3.009537709650471e-08	1.6049539821370634e-12	0.0285695720631906	-3.402255443060026e-05	0.0008162204478738	1.1575342099831571e-09	-0.0405995455184964	0.0200584901031533	0.0004023430252182	0.0016483230963084	-0.0001540336303632	-0.0001140014811044	1.2996337694015689e-08	2.372635928286693e-08	-0.0001589674305435	-6.9758911890999945e-06	2.52706439736025e-08	4.8663057882162937e-11	-0.0004230117187271	-8.708662300029122e-09	7.584079905594852e-17	1.7893891418045517e-07	0.0	0.0
2007.800975743853	-0.6413029291725252	4031264.758197968	0.4112694469652608	2666.932234082903	-17.92945098876953	7112527.541190424	321.4652127586887	2089.3483958524816	3.910622989429612	15.292972165455396	4365376.719251338	2308.3120844146674	1612.2924750040638	1.152092	26.915716	0.0218702109462847	0.0162212206570241	-0.0653826797	-0.0732247506	0.0584855832	0.0074325919	0.024901229	-0.0797550047	-0.0159829868	-0.0945318002	0.0277050848	0.0280260415	0.0485708192	-0.0202709374	0.0345505552	-0.0139534158	-0.0210090619	0.0327262576	-0.0269944514	0.1031520291	-0.0702486905	-0.0460637473	0.0680008441	0.0307194568	0.0008415144	-0.0232537641	-0.0467435983	-0.0321959728	0.1288299824	-0.0528047101	0.0804233475	0.0741459359	0.0572978961	-0.0641896853	0.0055688531	-0.0410379073	0.0112743943	0.0237164317	-0.0321263117	0.0362929874	0.0096854804	0.0211911029	-0.035302449	-0.0317777877	-0.0959300822	0.0642555635	-0.0200550498	-0.0009516281	0.0195534393	0.0251740399	0.0206275268	0.0111596945	-0.04473488	0.0351942427	-0.0313473332	-0.0342125696	-0.0189006209	-0.0390558016	-0.0822290197	-0.0576855684	-0.0496544583	0.0011905191	-0.0603450776	-0.0068901295	-0.0011885654	0.0100508987	0.0643312554	0.0394669376	0.076079125	0.0279185462	0.0468710656	-0.075636318	0.0356103351	0.0466792602	0.0344384487	-0.0639240023	0.0173517025	0.0436222038	-0.0265475946	-0.0124078169	-0.0011839936	-0.0412958549	0.035365698	0.0233798219	0.0333124072	-0.0466369989	-0.0298707308	-0.0346288779	0.0231066954	-0.0183837389	-0.0311080847	0.0412095775	-0.0091273516	-0.0048565163	0.0780401729	0.0675308461	0.0510508491	0.0300572439	0.0064061583	-0.0178113211	-0.0404540309	-0.0595200392	0.0001434080019464	-3.00721902846e-05	2.0565855022258663e-08	9.043366285131905e-10	0.0285768109649922	7.238901801598363e-06	0.0008166341249288	5.240169929318403e-11	-0.0458790341789949	-0.0052794886604985	2.7873000516332263e-05	0.0021048857771973	0.0001149527578158	0.000268986388179	7.235367702558367e-08	1.3214136529457968e-08	-0.0002210243208311	-6.205689028759999e-05	4.8851750398849034e-08	3.851057632167222e-09	-0.0004229867733197	2.4945407400042266e-08	6.222733503540833e-16	1.7891781040341129e-07	0.0	0.0
2005.898493157132	-1.9024825867211348	4023628.764850053	3.61943999277714	2680.4459517342702	13.513717651367188	7184790.500168637	182.6205647608731	2085.611009100906	-3.737386751575741	13.96805973085387	4349773.281282899	2304.1250333014536	1654.8354567711772	1.2284	28.698442	0.0237917021767842	0.0142151319721391	0.0932841107	0.0485017853	0.009427733	-0.0065855875	0.117594584	-0.0357643065	-0.0875089921	0.0683233176	-0.0552551068	0.0135450137	-0.0292622658	0.0900061434	-0.0389501447	-0.0019034225	0.0558388256	-0.0143794041	0.0564878236	-0.0331213454	0.0341203218	-0.0926222976	-0.004618278	-0.0073756065	-0.0311809524	-0.0501370277	-0.0311747496	-0.113762887	-0.0361405855	-0.047482418	0.1116761461	0.0625148795	0.0399586681	0.0205831302	0.0316699921	0.0633687697	-0.0487287107	0.0642206968	0.0263605825	-0.0664675193	0.002300768	0.0464300264	-0.0245468895	-0.0706129882	0.0932821049	-0.0834102437	-0.0038456142	0.0721965347	-0.0029966324	-0.0114594227	-0.0301042297	0.0991983969	-0.0199327089	-0.0534214837	0.0109017575	-0.0166396085	0.0434264408	-0.0035866586	-0.0407119702	-0.0377674085	-0.0405254535	0.0954651957	-0.0375028907	-0.0319546948	-0.0492641731	-0.0182192439	0.0062570231	-0.0346800818	0.0726989949	-0.0101353415	-0.0196446668	0.0191475482	0.1007644192	-0.1074031095	-0.0432702964	0.0545869773	0.0028142932	0.0667181054	-0.0010982127	0.0481737154	-0.0199262302	-0.0059932013	0.0827270934	-0.057668177	0.0269248448	-0.0771253793	-0.0228284249	-0.0052637876	0.0308244324	-0.0805895889	0.1310005648	0.0151283176	-0.0117484105	-0.0708798528	0.0777844842	0.0665549058	0.0490241061	0.0268518493	0.0021373389	-0.0227795284	-0.0455396975	-0.0639883028	0.0038628644166607	0.0037194564147143	1.4921721501503413e-05	1.3834356020959356e-05	0.0285465416162509	-3.026934874129916e-05	0.0008149050382483	9.162334732223891e-10	-0.0418891811394459	0.003989853039549	1.591892727719843e-05	0.0017547034965333	5.489806199970713e-05	-6.005469581609287e-05	3.606566489563442e-09	3.0137972113236878e-09	-0.0004820115982666	-0.0002609872774355	2.323351808635222e-07	6.811435898319464e-08	-0.0004229862790957	4.942239999953904e-10	2.442573621714438e-19	1.789173923032254e-07	0.0	0.0
1999.6209381835968	-6.277554973535189	3998483.896422248	39.40769644575639	2671.815878731864	-8.630073002406334	7138600.089843722	74.47816002686268	2081.265285459887	-4.345723641019049	18.88531396411186	4331665.188460425	2304.1087165346653	1604.5491113410171	1.264181	29.534384	0.0493895902851197	0.0387686547868692	-0.087870485	0.0098620723	0.0661263984	-0.0027678209	-0.0134678129	0.0637286873	-0.0311134893	-0.0865703423	-0.0145327512	-0.0710200016	-0.0528206409	-0.0173633543	-0.0558301401	-0.0633927648	0.0557090769	-0.001807888	0.0555067279	-0.0530893184	-0.0630610789	-0.0789739771	-0.0269809349	-0.1025641159	-0.0029154983	-0.0582283331	0.0346366985	-0.0006886053	-0.0025497176	0.0386186879	0.0019460942	0.0755198025	0.0560639985	0.0862271673	-0.0127409345	-0.0503639297	0.0505804719	0.0125249227	0.0355089109	-0.0283873077	-0.1385095607	0.0117786598	0.0808950134	-0.0383092094	-0.0147586816	0.0066016069	-0.0941590888	0.025311106	-0.0778263808	-0.0789463962	0.007369269	0.0051392129	-0.0722957632	-0.0242328257	-0.0798448319	0.0333340303	0.0479859032	-0.0303586113	0.0268675763	0.0979236661	0.0101908728	-0.0614053587	-0.0416069812	-0.0077495966	0.0566506579	0.0752359735	0.0108939699	0.0088031836	-0.0039812983	0.1042786823	0.0134500179	0.0114372421	0.0093391811	0.1238186892	0.018297262	0.059589023	0.0034475387	-0.0444629177	0.0748642341	0.0488142235	-0.0101764604	0.0410126452	0.0908219122	-0.0243227487	-0.018131788	-0.0121700722	0.028367035	0.0323997517	-0.0432911693	-0.0051060502	0.1370783581	-0.0187470543	-0.0416399137	0.0482778215	0.0775202656	0.0655497724	0.0469489822	0.0235993474	-0.0021373389	-0.0276578354	-0.0503807682	-0.0680077345	0.0001733627608757	-0.003689501655785	3.0054646858445134e-08	1.3612422468040258e-05	0.028533133955122	-1.3407661128898156e-05	0.0008141397333009	1.7976537694736658e-10	-0.0066322170861354	0.0352569640533105	0.0012430535142564	4.398630347762634e-05	-0.00015310174904	-0.0002079998110397	4.326392139255387e-08	2.3440145559107142e-08	-0.0004814676172524	5.439810142000346e-07	2.318110664627035e-07	2.9591534381009833e-13	-0.0004230368253397	-5.05462440000392e-08	2.5549227825114984e-15	1.789601555934919e-07	0.0	0.0
1992.0545891501224	-7.566349033474353	3968281.486154063	57.24963769635827	2666.476120540074	-5.33975819178977	7110094.901410444	28.51301754678595	2077.21649323792	-4.048792221966778	16.39271845665868	4314828.359779642	2300.3779791669467	1629.7058559961306	1.231491	28.77066	0.0880402805073773	0.0473050786084837	0.0640040438	-0.0573322211	0.0750729871	0.085082724	-0.0453054366	-0.0035804109	-0.0635466181	-0.0646690492	-0.0138440949	0.015772985	-0.0192421252	0.0209193549	0.0699668659	0.0177688212	0.0754307693	0.0293072448	0.1112946991	0.049943288	0.0062366512	0.0146290585	-0.0056374202	-0.0416882543	-0.0001483994	0.0286708735	-0.0071364696	0.0113615108	-0.0180102817	0.0329195965	0.0130120536	0.0721741627	-0.0292453781	0.0363820035	-0.0928084445	-0.1541673837	0.107835596	-0.0397719968	-0.0187352583	0.0700500556	-0.0281931885	-0.0001692668	0.0814337147	-0.0625256255	0.0234907202	0.0563216822	0.0339908038	-0.0025199349	-0.0838265499	0.0423858618	-0.0304406555	-0.0850221842	0.0110149715	0.0131431934	-0.0226547749	0.0323369549	-0.1189509842	0.0153498178	-0.0033729624	0.0690802627	-0.0495607916	0.0144082289	-0.1081286945	0.0513246554	0.0138541066	0.0567236425	0.0322003839	-0.0399184609	-0.0561569922	-0.0025543309	0.0011464126	-0.0445095594	-0.072884342	-0.0423581642	0.108372799	0.0611668076	0.0005653959	-0.0224918795	-0.0156211115	-0.043328621	-0.0399361217	-0.0039467508	0.0395778335	0.0166916492	-0.0695737772	0.0010012878	-0.0435710653	0.0584440547	-0.0367652361	0.0583472255	-0.0324627506	0.0711404004	0.0727329747	-0.0466492767	0.0772475461	0.0645158866	0.0448275254	0.0203054443	-0.0064061583	-0.0324269895	-0.0549512416	-0.0715501408	0.0130730684019795	0.0128997056411038	0.0001709051174428	0.0001664024056271	-0.0072864675141488	-0.0358196014692708	5.30926088347458e-05	0.0012830438494173	0.0199620824161499	0.0265942995022853	0.0007072567660172	0.0003984847343891	-2.707466104205045e-05	0.0001260270879979	1.5882826909242923e-08	7.330372705419242e-10	-0.0003529937758866	0.0001284738413658	1.246046058146792e-07	1.6505527915284742e-08	-0.0004230042768091	3.2548530600026895e-08	1.0594068442208866e-15	1.789326181987897e-07	0.0	0.0
1995.6835365810607	3.6289474309382967	3982752.77818069	13.169259456513664	2658.116168430873	-8.359952109201004	7065581.5648736255	69.8887992681343	2076.7644863609507	-0.4520068769693353	0.2043102168275718	4312950.731810063	2298.2999364225875	1567.7675383905746	1.174879	27.448071	0.0445151754142459	0.026790980475014	-0.0404574907	0.0855735823	0.0162405996	0.0822191236	-0.1195581152	0.0362163834	0.0807358259	-0.0607052653	-0.1179651535	-0.0196407868	-0.0184978511	0.0168228601	-0.0086548322	-0.0100179099	-0.033309646	-0.0165061109	0.108064579	0.0557946329	-0.1149032497	-0.0032274705	-0.0126974577	-0.0759769951	0.0040740865	-0.0058442633	-0.0058553941	0.0346926756	-0.0847913538	0.0384505341	-0.0220873817	0.0445560622	-0.0278296326	-0.1003156854	-0.0635606355	0.0110917263	-0.049883006	-0.008990338	0.0460674468	-0.0233291175	0.0716077176	0.0720135049	0.0704884088	-0.0033500453	-0.0645356589	-0.1006881884	0.0045558512	-0.0136830346	-0.0655926462	-0.0187566674	-0.041848451	-0.0753994234	-0.0325277601	0.0080315928	0.0394254042	0.0022121075	-0.1475368708	0.0773611034	0.082700714	-0.0343114274	-0.1272240924	0.0477445219	0.0535966427	0.0377454504	-0.0663855134	0.0089397369	-0.1193962035	0.0203886613	-0.0374105483	0.0404871196	0.0129691646	-0.0657053139	-0.0286129077	0.0272241753	-0.0282497503	0.0912962162	-0.0217753294	-0.0855713219	0.0071984694	-0.0982174577	0.0120010965	0.0389185269	-0.0611368094	-0.0138769577	-0.0273344108	0.0357524806	-0.0275773039	0.01179223	0.0154664376	0.0026137743	0.0126935194	0.0297088482	0.1154880682	0.0220916874	0.0769663555	0.063453702	0.0426618292	0.0169759185	-0.010657419	-0.0370681691	-0.0592265694	-0.0745906743	0.0027372405848353	-0.0103358278171442	7.492486019269496e-06	0.0001068293366656	-0.0072873173822358	-8.49868086999668e-07	5.310499462943604e-05	7.222757653004753e-13	0.0443639845633612	0.0244019021472113	0.000595452828402	0.0019681631263381	-9.410189398461912e-05	-6.702723294256867e-05	4.492649955937363e-09	8.855166451492497e-09	-0.0004814800956087	-0.0001284863197221	2.318230824673629e-07	1.6508734355729704e-08	-0.0004230226357805	-1.8358971399980856e-08	3.3705183086531503e-16	1.7894815038268153e-07	0.0	0.0
2003.0045962848096	7.321059703748915	4012027.412738073	53.59791518585615	2666.394931793213	8.27876336233976	7109661.932292532	68.53792280961912	2081.648887826615	4.8844014656642685	23.85737767778325	4333262.092189783	2301.683219660169	1594.9185631644982	1.144749	26.74415	0.0519616287107689	0.0299874342965609	-0.0172104838	-0.1043387911	-0.0095080252	0.0965927095	-0.0020760313	-0.0188111316	-0.0076068999	-0.0319219741	0.0151855804	0.0589284248	0.0065502599	0.038565965	0.0021417376	0.0468728972	-0.0273744652	0.0815449952	0.0106828308	0.0300292932	-0.0257431742	-0.0121977364	0.0298636808	0.0060321121	-0.0162984016	0.0206073642	0.091401374	0.0499343699	-0.0629526404	0.0300681846	-0.0565321414	0.1208040205	0.0075426635	-0.0858418323	0.048429601	0.0087991839	0.0065460153	0.068604021	-0.0471665115	0.0233788439	-0.0257196198	-0.0846669795	0.0983449953	-0.0118262571	-0.0508646721	0.0562020528	0.0286888263	0.0531992385	0.0143517875	0.0232234934	-0.0105707084	-0.0607162161	-0.0182858199	-0.0281942556	0.0112339037	-0.0338663855	-0.0951902035	0.0635789504	-0.0122912318	0.0255253372	-0.0981607544	0.0264720771	-0.005504023	-0.0790588606	-0.0826181731	0.0164130264	0.0317668984	0.0197433851	0.0321901659	0.0545355994	-0.0058819448	-0.0857223796	0.0323981459	0.0069658688	0.117149787	-0.0210245116	-0.001040645	-0.014842771	0.0048204561	5.27167e-05	0.0269604594	-0.0245026469	-0.0241229499	-0.0495580335	-0.0420145589	-0.0247974551	-0.0444833053	0.0412652513	-0.0086071986	-0.0601219223	0.0361219787	-0.0053350676	0.1637341803	-0.008710008	0.0766767246	0.0623636846	0.0404540309	0.0136166111	-0.0148794683	-0.0415630576	-0.0631837885	-0.0771080077	0.0057394023586567	0.0030021617738214	3.2940739434554093e-05	9.012975316194456e-06	-0.0073744255639383	-8.710818170250007e-05	5.438215239806672e-05	7.587835319515768e-09	0.0254581478415119	-0.0189058367218493	0.0003574306621532	0.0006481172915202	-5.776938152640313e-05	3.633251245821599e-05	1.32005146152642e-09	3.3373014419431273e-09	-0.0007314794019979	-0.0002499993063891	5.350621155472054e-07	6.249965319508108e-08	-0.000736021257601	-0.0003129986218205	9.79681372615324e-08	5.417272916405576e-07	0.0	0.0
2003.754168306113	0.7495720213032655	4015030.767004122	0.5618582151206631	2670.321837288993	3.92690549577992	7130618.714702462	15.42058677278654	2083.6214979155725	1.972610088957481	3.8911905630568406	4341478.546575934	2298.409850759063	1624.277098579936	1.02095	23.851917	0.0779297447730879	0.0391079062945586	0.0626797408	-0.0104486541	-0.0259734131	0.0716844115	0.0422283514	0.0539249512	-0.0092682403	0.0465305717	0.0234692391	0.0273387856	-0.1112358154	-0.0263501421	-0.0414784433	-0.0903774759	-0.0084573371	0.0198984159	0.0477295745	-0.0361416674	-0.0222245789	-0.0331071605	0.0202375551	-0.0138806308	-0.0916410864	-4.20677e-05	-0.0257032172	-0.015923945	0.0146633024	0.0833944064	-0.044377705	0.0513987037	-0.0449397476	0.1347469268	-0.0410407457	0.0626047867	0.0116978975	0.0654835525	-0.0892026306	-0.1216437513	-0.0590774443	-0.0141021428	-0.021563773	0.0014236819	0.0568706751	0.0032770679	-0.0269247869	0.070471448	-0.0176052515	-0.0977081359	0.0006200488	-0.0250096307	-0.005948914	-0.0418159122	0.0357231859	-0.1096812251	0.0118282047	0.0848735723	-0.0512721314	0.0376667114	0.0692558575	0.0439702205	-0.0357234936	-0.0500365982	0.0048500169	0.1519504598	0.0273755395	-0.0031247086	0.0176557235	0.0527839617	-0.0641415244	0.011595015	0.0484262679	-0.0534206109	0.0289409542	0.060572291	0.0239110248	0.0044001559	0.047823936	0.0442119894	-0.035974211	-0.0317744495	-0.0226060655	-0.0487612009	-0.0669246861	0.02978868	-0.0904239443	-0.0489075452	0.0169058764	-0.1001644441	-0.0251067413	0.066098122	-0.0264021688	0.0314209517	0.0763786853	0.0612463124	0.0382063093	0.0102334157	-0.0190607341	-0.0458939156	-0.0668016447	-0.0790844839	-0.0016053893358929	-0.0073447916945496	2.5772749197986462e-06	5.3945965036324783e-05	-0.0074144451818085	-4.001961787019996e-05	5.497399735404328e-05	1.601569814476828e-09	0.0048148616448386	-0.0206432861966733	0.0004261452649977	2.318289265893787e-05	-0.0006671713346262	-0.0006094019530997	3.71370740441847e-07	4.45117589746905e-07	-0.0008078589263675	-7.637952436960005e-05	6.526360449116498e-07	5.833831742926328e-09	-0.0004237697897905	0.0003122514678105	9.750097914981172e-08	1.7958083473908453e-07	0.0	0.0
2002.0264658714736	-1.727702434639241	4008109.970049823	2.9849557026583606	2677.52267238072	7.2008350917271855	7169127.661112793	51.85202601824967	2080.258796243106	-3.362701672466301	11.307762538007657	4327476.659346817	2297.9653743671674	1589.5387297121604	1.076984	25.161011	0.0578764779259877	0.0364716870213195	0.0017941958	0.1050822389	-0.0292129814	0.0387676059	-0.0440474362	-0.0117994824	0.1166538879	0.0489254897	-0.0270876343	-0.0863614154	-0.020623162	-0.0586307474	0.0500752503	0.0055565171	-0.0167232766	-0.0369884291	0.0568873405	-0.0584127912	-0.0540521595	0.0685820484	-0.0064796862	0.1226556233	-0.0269920506	-0.0414653495	0.019487657	0.0398861085	0.0610188658	0.1094301537	-0.0765783526	-0.0075148625	0.0310067083	0.120962263	-0.0348611235	-0.0170049768	-0.1266184274	-0.013046768	0.0360905237	-0.0534170973	-0.0186432549	-0.0428364733	0.0364634637	0.0828365505	-0.0120821242	-0.0694075459	-0.033537443	-0.0416210883	-0.0654425803	0.1078518718	0.0242254543	-0.0799312372	0.0841593729	-0.0095819606	0.0659804797	-0.1236717961	0.0707624702	0.0637172346	0.049020051	-0.0039476641	0.0405663248	0.0178097766	-0.0605648301	-0.0255222323	0.030043139	0.0980243566	-0.1101586373	-0.0159895778	-0.0375456911	0.0171614359	-0.026610952	0.0344011007	-0.0577007917	0.0386727535	-0.054794117	0.0862577949	-0.0117423706	-0.0370632716	-0.0280836453	-0.053494528	0.0288821878	-0.0415175798	-0.0309031906	0.0206828976	-0.0367645297	0.0389949105	-0.086481949	-0.0149647836	-0.0069990134	-0.0026680939	-0.0597212628	0.0402440165	-0.0122686563	0.1131760969	0.0760722702	0.0601020755	0.0359208828	0.0068322673	-0.0231897558	-0.0500436514	-0.0700607062	-0.0805062393	0.000717866136199	0.0023232554720919	5.153317895012813e-07	5.397515988604957e-06	0.0144065492176537	0.0218209943994622	0.0002075486603606	0.0004761557965813	0.003447701937155	-0.0013671597076836	1.8691256663135076e-06	1.188664864746234e-05	-0.0005850516429371	8.211969168910006e-05	6.743643763112849e-09	3.422854249034e-07	-0.0002433757715032	0.0005644831548643	5.9231766154777816e-08	3.1864123212555333e-07	-0.0004230712694089	6.985203815999927e-07	4.879307235105994e-13	1.7898929899925807e-07	0.0	0.0
2004.8805978549888	2.854131983515117	4019546.211655377	8.146069379323936	2659.1516963413783	-18.370976039341716	7071087.74415523	337.4927606380673	2086.950797457655	6.692001214548782	44.78288025552237	4355363.631009142	2296.187573641385	1566.0240017769463	1.105816	25.834579	0.0985355134291312	0.0615910370894961	-0.0850665674	-0.0291474405	-0.0446023986	0.0156328241	0.0068838567	-0.0656614572	0.0823727098	-0.0284056479	0.0109925495	0.0620719857	0.0764343199	-0.0293003088	0.0180813001	0.020905421	0.0967495948	-0.0581641332	-0.0384315269	-0.0231544981	-0.0233052926	0.0821053042	0.0463619226	0.0270126304	0.0629510824	-0.0251414945	0.0178366672	-0.0229376716	-0.0443253074	0.0230339403	0.0339200638	-0.0268529121	0.0017787946	-0.01971481	-0.0628766379	0.037681983	-0.0192924095	0.034870489	0.0199676305	0.0426023709	0.0607044429	-0.0537236997	0.0307660682	0.0768685696	-0.0875518733	0.0539436539	0.0715269524	0.0022579545	-0.0462293169	0.0607015997	-0.0118155305	0.0841126928	-0.0044854896	-0.0485081119	-0.047357607	-0.0176042415	0.0631960637	0.0614713346	0.0519981857	-0.0021856638	-0.0239623872	0.0085741499	0.0562503641	-0.0565079914	0.0104979925	0.0339692932	0.0208671022	0.0091059445	0.0305252147	-0.0505054938	0.0080719661	-0.015918979	-0.0557854731	0.0650395923	0.0299124876	-0.0332286472	-0.0028552234	0.1090738841	-0.0903184736	-0.0426970145	0.0239869088	-0.0004127177	-0.0729569002	0.0548044144	0.0202986531	0.0171964847	-0.0487064106	0.0565078542	-0.0256657597	0.0222256824	-0.110369062	-0.0175687497	-0.0011149075	0.0739071372	0.0757575129	0.0589314758	0.0336000067	0.0034191328	-0.0272552159	-0.0539958877	-0.0729434684	-0.0813633012	0.002343806928863	0.0016259407926639	5.493430919786207e-06	2.643683461248836e-06	0.0270897193403101	0.0126831701226564	0.0007338528939367	0.0001608628043602	-0.0405968964170568	-0.0440445983542117	0.0019399266441838	0.0016481079986972	-2.0101944569718004e-05	0.0005649496983673	3.191681616853959e-07	4.0408817548401516e-10	-0.0004819952410173	-0.0002386194695141	2.323194123633252e-07	5.6939251231190505e-08	-0.0004230043540984	6.691531049998322e-08	4.477658779309164e-15	1.789326835862046e-07	0.0	0.0
2011.222473842536	6.341875987547155	4045015.83928929	40.2193910414272	2670.5590853009903	11.407388959612035	7131885.828083662	130.12852287587856	2091.251427914916	4.300630457260922	18.49542232992029	4373332.534756174	2295.393989392279	1621.7514708989204	1.196085	27.943487	0.0188529996226711	0.0113501936817532	0.0893779377	0.0079428049	-0.0556802124	-0.0169083362	0.0087154226	0.0120040521	0.0279141645	0.1339657332	-0.0271607192	0.0845042821	0.0275483839	0.0311285353	-0.0711276234	0.0723089817	0.0843956758	-0.0612812765	-0.0921983749	0.0961971196	0.0974534117	-0.0064536482	0.0192168617	-0.0117745857	-0.0065725315	-0.0058379259	-0.0756119156	-0.1401570883	0.004503512	-0.020308715	0.0317535113	0.03765005	-0.076294666	0.0150628539	-0.0331057857	-0.0395624075	-0.1169077169	-0.0353802029	-0.0385737687	0.0508324955	-0.0360942727	0.0123890458	0.0182930119	0.0313619439	0.0327238435	-0.0659299718	0.1469522458	0.0233279886	0.0927099716	-0.0338633738	-0.0701282713	0.0141484977	-0.054609311	-0.1305098232	0.0071594409	0.0209244102	-0.0668633711	0.002647447	0.0178867275	-0.0195563847	-0.045586774	-0.0479876072	-0.0885843128	-0.0199726069	-0.0523969685	0.0856130269	0.0873186889	0.0778218902	0.0616430764	-0.0993338278	-0.0092822335	-0.0240315125	-0.0211215865	-0.1421922931	-0.0392771275	-0.0356022109	0.0005002114	0.0165222409	-0.0025399582	-0.0048072991	0.0027975331	-0.0033783952	-0.0534617214	0.0252752673	-0.0454922061	-0.0178852231	0.0166245335	-0.0168667218	0.0350697722	0.0176868163	0.0124739228	-0.059278337	0.0715805438	0.0156673737	0.0754344479	0.0577350269	0.0312459714	0.0	-0.0312459714	-0.0577350269	-0.0754344479	-0.0816496581	0.0048149724125465	0.0024711654836835	2.3183959333583867e-05	6.106658847748708e-06	0.0277823306999778	0.0006926113596676	0.0007718578991229	4.797104955407368e-07	-0.0378380995498659	0.0027587968671908	7.610960154422304e-06	0.0014317217775455	-0.0002091183450583	-0.0001890164004885	3.5727199653660024e-08	4.3730482239922225e-08	-0.0004814485481823	5.46692835000015e-07	2.3179270454684447e-07	2.988730558403536e-13	-0.0004920497790174	-6.9045424919e-05	4.767270702245266e-09	2.421129850310722e-07	0.0	0.0
2012.645513718768	1.4230398762319965	4050741.9638922834	2.025042489346376	2673.0236102512904	2.464524950300074	7145055.220960842	6.073883230651583	2091.292854886095	0.0414269711791348	0.0017161939410768	4373505.804897633	2303.114797569183	1602.8399568343673	1.202108	28.084211	0.0659178478439949	0.0359576316324424	-0.0727047754	0.0260654058	-0.0170288765	-0.0596605243	0.0069027637	0.0941601102	0.0683785435	-0.0177664346	0.013713394	-0.0605075017	0.0463177289	-0.045030134	-0.1744368482	0.0183452279	-0.0019240247	-0.0332120673	-0.1171340515	0.0570197261	-0.0534957342	-0.0200679163	-0.0260546582	-0.0537899699	0.0075462809	-0.0452671557	-0.0252810203	-0.0248663195	-0.0973661759	0.0862122905	0.0795455488	-0.0816889219	-0.0951567589	0.0572571117	0.0045933167	0.0406100712	0.0479513596	-0.0811443033	-0.0104521688	-0.0398181346	-0.0804882947	-0.0462416812	-0.0319809782	0.0292650984	-0.0662427805	-0.0228115543	-0.0394861819	-0.0487433238	0.054674249	-0.1331594021	-0.0394205783	0.0417146086	0.0020692471	-0.0646461724	0.0322633728	0.0497368852	-0.0149009708	-0.0725007481	0.0678022038	-0.0066023964	0.0890975529	0.0013397561	-0.0330888867	0.0453769497	-0.005916252	0.0097586873	-0.0372839684	0.0042109613	0.0864965047	0.0251104753	0.0203489005	-0.047451073	0.0734763539	0.035879933	-0.0786811851	-0.0583356153	0.0101908161	-0.0052628921	0.0818229201	0.0189562807	0.0189666046	0.0533881026	-0.020465167	-0.0241400762	0.0089128849	0.0231309219	-0.0143186729	-0.0029857034	-0.0279174218	0.0029943828	0.0229887779	-0.0349946928	0.0057479504	-0.0421057196	0.0751031108	0.0565132535	0.0288611001	-0.0034191328	-0.0351510839	-0.0612463124	-0.0775202656	-0.0813633012	0.0166508073843232	0.0118358349717766	0.0002772493865498	0.0001400869894791	0.0364440323620698	0.008661701662092	0.0013281674948075	7.502507568308731e-05	-0.0578973609069422	-0.0200592613570762	0.0004023739661914	0.0033521043999887	0.0002283980733375	0.0004375164183958	1.914206163658887e-07	5.216567990428202e-08	-0.0004820481877754	-5.996395930999983e-07	2.323704553375473e-07	3.595676416131315e-13	-0.0004229448399453	6.910493907209998e-05	4.775492604158651e-09	1.7888233763635545e-07	0.0	0.0
2017.771660571443	5.126146852674992	4071402.4742052383	26.277381555189727	2684.001392364502	10.97778211321156	7203863.4742145855	120.51170012514768	2088.09903390067	-3.193820985425191	10.200492486942338	4360157.575376911	2300.902334715536	1630.8959019674178	1.134264	26.499193	0.0620667379007273	0.0338585414285663	0.0530759456	-0.0567973938	-0.0992273395	-0.009658622	-0.0195662004	0.0486138243	-0.0224962619	0.0724977355	0.1054241333	0.0173197146	-0.0859090713	-0.0213442035	-0.0435685665	-0.0198863397	-0.0843270977	-0.0319065199	-0.0476603346	0.0373595418	0.1065948205	-0.0842849094	-0.0241639617	-0.0570033014	-0.0426025736	0.1463700371	0.0528594431	0.1073710485	0.0006282872	0.0588345303	0.0477906349	-0.0577402124	-0.0934618061	-0.0353930073	-0.0165017058	-0.02686471	-0.0302125993	0.0022272819	-0.0783615245	-0.0171691501	0.0279741963	0.0233205564	0.0095032576	0.0260753803	0.0963603011	0.0350506345	-0.0079308673	0.0222260407	0.0934421976	-0.0821703437	-0.0056249806	-0.0633895586	0.0607809124	0.0156804549	0.0463273347	-0.0301078359	0.0185022662	-0.0126155396	0.0763653999	0.1141207735	0.0159928602	0.0593384189	0.0358290736	-0.0213203868	-0.0213710324	-0.1369966215	-0.0226499976	-0.1482050658	0.0272070605	-0.0415594444	-0.0675171879	0.0509045708	0.0762402171	-0.0464425205	0.0258555278	-0.065943796	0.0098235551	-0.0633915878	0.0784980477	0.0462439158	-0.0142507189	-0.0289898292	-0.0274621088	-0.0370263011	-0.0510328303	0.0413226167	-0.0117757214	-0.0652418408	-0.115247036	-0.0408129325	-0.0005666378	-0.0742259842	-0.0677270648	0.0117342481	0.0747635377	0.0552666915	0.0264477464	-0.0068322673	-0.0389598496	-0.0645158866	-0.0791897184	-0.0805062393	0.0238111561931901	0.0071603488088669	0.0005669711592564	5.127059506464165e-05	0.0363588735103377	-8.515885173209642e-05	0.0013219676829407	7.252030028329181e-09	-0.0577584856348138	0.0001388752721283	1.9286341208737093e-08	0.0033360426628269	-0.0002310480382458	-0.0004594461115832	2.110907294490141e-07	5.3383195977232666e-08	-0.0001349180573824	0.0003471301303929	1.820288220784058e-08	1.2049932742666116e-07	-0.000710015697329	-0.0002870708573837	8.240967715901265e-08	5.041222904535862e-07	0.0	0.0
2010.1245153245031	-7.647145246939772	4040600.5671085687	58.47883042779355	2670.164526258196	-13.836866106305932	7129778.597287657	191.45886364383796	2083.353386374081	-4.745647526588982	22.521170446620125	4340361.33251635	2302.263690364135	1634.526334745737	1.138008	26.586668	0.0892779422496231	0.0544672735468288	-0.0167393696	0.0785190484	-0.0233137444	-0.0859096765	-0.0652085656	-0.0242184278	0.022884662	-0.000596421	0.008080689	-0.0931779484	-0.0476061923	-0.0383977814	0.0590065881	-0.1038584736	-0.0809615712	-0.1399752588	-0.0233600886	-0.052872016	-0.0601414222	-0.0342890581	-0.0945678827	-0.0042724453	-0.0103634145	-0.1295989903	0.0597360983	0.0363819666	0.0419782296	-0.0769888045	0.0267516908	0.0231628883	-0.0827117736	0.0732581265	0.0209704895	0.0350501767	-0.0408661528	-0.0462781823	-0.0721103397	-0.0312399569	0.0878490383	0.0154964604	-0.0578091711	0.0463130537	0.0335091865	-0.0385680221	-0.1236956124	-0.053487314	0.0267896305	0.0191236845	0.0264305495	-0.0289577781	0.0540094136	0.1131572774	-0.0126023582	0.0516735487	0.1076059322	0.1536043091	0.1332952486	-0.0776692294	-0.060927757	-0.0373931523	0.0867785966	-0.0151782597	0.0490548789	0.069086375	-0.0317702826	-0.008352713	-0.0025415259	-0.0361465434	-0.0441011885	0.0548809031	-0.0085850049	0.067728837	-0.0792116992	0.0094872058	0.0163922503	-0.0501260841	0.0088255315	-0.0446366488	-0.0275909003	0.0285588149	0.0254662576	-0.0652055469	-0.0495448043	0.0321203128	-0.0354311363	-0.0566879233	0.1268694138	0.0182314756	0.000148776	-0.0393033143	-0.0307885406	0.0566194377	0.0744157659	0.0539958877	0.024008292	-0.0102334157	-0.0426618292	-0.0675308461	-0.0804338397	-0.0790844839	0.0166648831842053	-0.0071462730089848	0.0002777183315432	5.106921791894468e-05	0.0289734747269392	-0.0073853987833985	0.0008394622377525	5.45441151898241e-05	-0.0106629572052199	0.0470955284295939	0.0022179887980626	0.0001136986563603	-0.0005070152195386	-0.0002759671812927	7.615788515069312e-08	2.570644328437747e-07	-5.887091918688192e-05	7.604713819551808e-05	3.465785125908382e-09	5.7831672277282265e-09	-0.0005090151762644	0.0002010005210646	4.0401209468240716e-08	2.590964496674783e-07	0.0	0.0
2006.7784991309577	-3.346016193545438	4027159.9445742993	11.195824367468305	2657.7564343043737	-12.40809195382235	7063669.264086299	153.96074593451092	2080.669428464745	-2.6839579093357315	7.203630059085831	4329185.270547809	2295.954489204026	1643.7878367988037	1.200877	28.055439	0.0797023263309492	0.0487440315816468	0.0034794692	-0.1175095375	0.0257490088	-0.0463458862	-0.0449052422	-0.0609636288	-0.0536975641	-0.0455551008	0.0576969544	0.1001502758	0.031483791	-0.0088690328	0.0553162489	-0.0150964904	0.0410477208	-0.0409576412	0.0160276036	-0.0373537344	0.0099003528	0.0748189924	-0.0381039871	-0.0403729917	0.0642979255	0.0864217399	-0.0544258637	-0.0274744022	0.0049043849	-0.0850295045	-0.0076012418	0.0777483388	-0.0801687913	-0.0271420055	-0.0443619646	-0.002860444	0.1128980364	0.008375328	0.0357899958	0.1069240201	-0.0137708563	-0.1491354252	-0.0200274509	-0.0145302263	0.0259519541	0.1123649823	0.0431054312	-0.0211534008	-0.0247533825	0.0107562982	0.0594306689	-0.0049524009	-0.0315831451	0.0944501846	-0.1073511384	0.0712329308	-0.0160485132	0.0595269395	0.0254951428	0.0326702376	0.0444546239	0.0622715805	-0.0476471718	0.0590732412	-0.0734006222	0.031558108	-0.0031220311	-0.0101663835	0.0231590155	-0.0518716543	0.004585011	-0.007468773	-0.0623960412	0.0400766676	0.0835992991	-0.0755049209	0.0277191956	0.0336791628	-0.020984537	-0.0702125842	0.0527750191	0.0275947681	0.0725719568	0.0473439241	0.0305730712	-0.0420166946	-0.0557015552	0.0863481769	0.0184746447	0.069228508	-0.0274064765	-0.0210909266	0.0176112663	0.0187033227	0.0740598336	0.0527013995	0.0215451443	-0.0136166111	-0.0462468756	-0.0702792922	-0.0812459471	-0.0771080077	0.0173321130830288	0.0006672298988235	0.0003004021439228	4.451957378840182e-07	0.036452865664657	0.0074793909377177	0.0013288114151655	5.5941288799215125e-05	-0.0385752679276194	-0.0279123107223995	0.0007790970898637	0.0014880512956876	0.0001810084612381	0.0006880236807766	4.733765853095183e-07	3.276406303978475e-08	3.996171928388748e-05	9.88326384707694e-05	1.5969390081242247e-09	9.767890427093806e-09	-0.0004230036000717	8.601157619270004e-05	7.397991239152644e-09	1.789320456736187e-07	0.0	0.0
2003.572271785109	-3.2062273458486743	4014301.848266143	10.279893793267837	2667.7627808707102	10.00634656633656	7116958.254999025	100.12697160563548	2075.706446543461	-4.962981921284154	24.63118955099335	4308557.252222082	2294.731547107795	1639.4199034316844	1.123641	26.251024	0.0458471488180043	0.0226470434104045	0.0471630205	0.0649813602	0.0320155628	-0.0544146401	0.0816557888	-0.0707117149	-0.0658409334	0.041929965	-0.045901306	-0.0023016408	0.0730877447	0.1010402311	0.1182515571	0.0462531077	0.0308285949	-0.0487521304	0.0750704819	0.0133841833	0.025404869	0.0690888747	0.1061504907	0.0745292925	-0.0177967164	-0.0102526676	-0.0419279061	0.0512027491	-0.0590767065	-0.085744948	0.1053998451	-0.0054554544	-0.0370137133	0.0743379223	-0.01638567	0.0189424066	-0.1388012104	-0.0166471221	0.0434840275	0.0207219203	0.0044813222	0.0437399822	0.0003444016	-0.0373406852	0.0542988919	-0.0735979074	0.0539109124	-0.0199150502	-0.051988157	0.1223211636	-0.0472093606	0.1289270063	-0.0179827761	0.0988967115	0.0615847497	0.0554116611	-0.0370768507	-0.0286414606	-0.0036107641	-0.1158153491	-0.0555138627	0.002417137	0.072301244	-0.0406067624	0.0118264455	-0.1003837466	-0.011532392	-0.0698101642	0.0219324397	-0.018556403	0.0058533346	-0.013782873	-0.0497584544	-0.0730614075	-0.0911068779	0.0174406755	0.0137019409	0.0684037915	-0.0640259391	0.0044186308	-0.0095774486	-0.0510226138	0.058389977	0.0119538178	-0.0572140984	-0.0123366659	0.0389510918	0.0178558157	-0.0089102103	0.118903846	0.0046206297	-0.0272771969	-0.0081643239	0.0116423249	0.0736957799	0.0513837948	0.0190607341	-0.0169759185	-0.0497051625	-0.0727503781	-0.0816216788	-0.0745906743	0.0067497192170264	-0.0105823938660023	4.555870950869548e-05	0.0001119870599352	0.0395699017706761	0.0031170361060191	0.0015657771261409	9.715914086226714e-06	-0.0218555522717736	0.0167197156558458	0.0002795488916123	0.0004776651651042	0.0003350096066622	0.0001540011454241	2.37163527919348e-08	1.1223143655596197e-07	3.2404474083147505e-05	-7.557245200739977e-06	1.0500499406053784e-09	5.711195502410742e-11	-0.0005700052732496	-0.0001470016731779	2.1609491917102123e-08	3.249060115323512e-07	0.0	0.0
2005.9117204528943	2.339448667785291	4023681.83025029	5.473020069202373	2662.3768621172226	-5.385918753487658	7088250.555937149	29.00812081917005	2081.832143062303	6.125696518842233	37.52415784095585	4334025.071887382	2297.497529389321	1613.7175156423757	1.119496	26.154194	0.0236048004900489	0.0119637057902285	-0.0727103771	-0.0521740167	0.0338562232	-0.0260718327	0.0757741125	-0.0143983721	-0.0151205132	-0.0983418009	-0.01585165	-0.0044630017	0.1378118862	0.0422273322	0.0080793033	0.0699423895	-0.0112722344	-0.0040962325	-0.0146998905	0.0063087214	-0.0271352991	-0.0119029706	0.077515949	-0.005715239	-0.0791227421	0.0060555176	-0.0201838509	0.0316280634	0.0289324137	0.0260036512	-0.047988852	-0.061066246	0.047109667	-0.0275434322	0.0099449045	-0.053099531	-0.0216796422	0.0027425478	-0.0081784632	0.0576021803	0.0766240668	0.0814430431	-0.1461516023	-0.0027028934	-0.0827627117	0.0409331681	0.0054082323	0.0333814178	0.0068570842	0.0835125954	-0.0147692901	0.1049596948	0.0400776459	0.0696560647	0.0060682205	-0.0359608993	-0.0448625457	0.0437820649	-0.0512799963	0.0359802338	0.0372870699	-0.0640207448	-0.003726829	-0.0011785438	0.0566241061	-0.0044682067	0.0780286838	0.0249766573	0.0007167017	-0.0081472194	0.0364958327	-0.0888287459	0.0131776897	0.0340595837	0.0150815541	-0.0484207246	0.0033798493	0.0655639653	-0.0014595634	0.0547500928	0.0285493559	0.0533431109	0.002685182	0.0180869431	0.025623246	0.0451866507	-0.0007927033	-0.0359636313	-0.0057561995	0.0793887549	-0.0429626803	0.0529019316	0.0256058035	-0.0382346304	0.0733236445	0.0500436514	0.0165575133	-0.0203054443	-0.0530272111	-0.0749343514	-0.0815590168	-0.0715501408	0.0038348060606523	-0.002914913156374	1.4705737522815611e-05	8.496718709202816e-06	0.0364279309324899	-0.0031419708381861	0.0013269941520222	9.87198074801246e-06	-0.0243310434209291	-0.0024754911491555	6.128056429547219e-06	0.0005919996739511	0.0001810062671541	-0.0001540033395081	2.371702857964712e-08	3.2763268749061424e-08	3.196171852848373e-05	-4.4275555466377625e-07	1.0215514512940202e-09	1.9603248118562819e-13	-0.0004230028613857	0.0001470024118639	2.1609709093803687e-08	1.7893142074048975e-07	0.0	0.0
2008.2369503744408	2.325229921546452	4033015.648849234	5.406694188054918	2663.9289605276927	1.55209841047008	7096517.506738153	2.409009475783749	2084.293775029543	2.461631967240009	6.059631942137919	4344280.540626904	2295.040603821536	1654.7558046944655	1.116465	26.083366	0.0742048971383167	0.0461745030596264	0.0761548315	-0.0057724442	0.006160176	-0.0228695454	0.0646008558	0.0355158038	-0.0646460559	0.0496165625	-0.0394644983	0.0667017396	-0.0559003942	0.037820485	-0.0412512929	-0.0164978318	0.0090595023	-0.0477378008	-0.0103919109	0.0219992478	0.0401361129	-0.0246512276	0.005881516	0.0167068788	-0.08129959	-0.0490468025	-0.0001251975	0.0036864939	-0.0409522391	-0.1650453289	-0.0583749259	-0.1130608489	0.0437944687	-0.0067900127	-0.0374300117	0.1069682291	0.1574086026	0.0147556371	0.0391494846	-0.0451330371	0.0106925537	0.0482081356	0.0262522147	-0.0417450076	0.0668478616	-0.023892084	0.0435441768	0.0595451967	0.0051169024	-0.0908436998	-0.0184179391	0.043594858	0.0615007146	0.0649656363	-0.0029308141	-0.0007854046	-0.0085481757	0.0014790561	-0.1241640716	-0.0393017237	0.0858603421	-0.0947079523	0.0029835189	-0.0024168614	0.014656207	-0.0351862724	0.0601705751	-0.039088705	-0.0064148144	-0.0642079624	-0.0048599172	0.0245101258	0.0560172486	-0.0863715029	-0.0132428648	-0.0021773229	-0.0035914888	0.0068450308	0.0749988349	0.0777981437	-0.0356490358	-0.0282967735	0.0481866886	0.0134700282	0.019621237	-0.0079578399	-0.0237390794	-0.0875211302	0.0538771949	-0.0171671548	0.0001919929	-0.0149011064	-0.1165285293	-0.0025458953	0.0729434684	0.0486815572	0.0140379523	-0.0235993474	-0.0562039158	-0.0768225931	-0.0810582975	-0.0680077345	0.0056164095086614	0.001781603448009	3.154405576898219e-05	3.174110845957912e-06	0.0553271136753892	0.0188991827428992	0.0030610895076494	0.0003571791083495	-0.0635064936849971	-0.039175450264068	0.0015347159033924	0.0040330747401625	0.0001630171572313	-1.7989109922799995e-05	3.2360807581458124e-10	2.6574593551774385e-08	5.094514948789097e-05	1.8983430959407244e-05	2.5954082563435572e-09	3.6037065099058137e-10	-0.0006730035341703	-0.0002500006727846	6.250033639275267e-08	4.529337570057143e-07	0.0	0.0
2003.782714059512	-4.454236314928721	4015145.165163704	19.840221149229794	2666.109595162528	2.1806346348353145	7108140.373417699	4.755167410643345	2078.5954559069723	-5.698319122570865	32.4708408226568	4320559.069317115	2301.276884778232	1599.8892353630306	1.11242	25.988867	0.0413419101924837	0.0245962766871316	-0.0470027378	0.0595913719	-0.0085828206	-0.0284710213	-0.0768807018	0.0753414188	0.0362666949	-0.0486038877	-0.0357152447	-0.0994232506	-0.0119078337	0.0095549708	0.0069812086	-0.0436376654	-0.0169253942	-0.0288289395	-0.0133152751	-0.0240780574	-0.0392455375	-0.0569486744	-0.0574725834	-0.0255118298	0.0196744534	-0.0794849063	0.0886654668	-0.0262199912	0.0566712693	-0.0005285351	0.0168645348	-0.0633795475	-0.0676353091	0.0004061535	-0.0242915747	0.0701184282	0.0848009358	-0.0183560806	-0.0415822993	0.0210634353	0.0674981957	-0.0638123681	0.0489881695	0.006490708	-0.0270959855	-0.0272442466	-0.0849473715	-0.0488474686	-0.0075670994	-0.0518390582	0.0324262282	-0.0308401256	-0.0327577677	0.0032170684	-0.029329491	0.1051016153	-0.0043795879	-0.0281100542	0.0538989303	-0.0553973216	-0.0473990864	-0.0557718453	0.1159235447	0.047528807	0.0707909124	-0.0309710406	-0.0340108591	0.0224869799	-0.0069713031	-0.0093009784	-0.0053037763	0.0567039788	0.0025296379	0.0821215753	-0.0273524591	0.0432873868	-0.0162854393	-0.0579057979	0.0693471429	-0.0113102599	-0.0218766833	0.0717564693	0.0066943168	-0.0136434139	0.0331459411	-0.0235481025	0.0444793402	0.0076687326	0.0241331684	0.0393869202	0.0662910075	-0.0909443429	-0.0843939699	0.0460821903	0.0725552932	0.0472981097	0.0115045374	-0.0268518493	-0.0592265694	-0.0784076511	-0.0801222105	-0.0639883028	0.0084817263528975	0.0028653168442361	7.193968192543592e-05	8.210040617863124e-06	0.0544635013299483	-0.0008636123454408	0.0029662729771172	7.458262831979286e-07	-0.0454939851644908	0.0180125085205063	0.0003244504632013	0.0020697026861469	0.0001200317264299	-4.29854308014e-05	1.847747261181948e-09	1.4407615349742354e-08	0.0001499746186288	9.902946914090904e-05	2.2492386232854004e-08	9.806835758330253e-09	-0.0004230089844666	0.0002499945497037	6.249727488155577e-08	1.7893660093946421e-07	0.0	0.0
2007.641302124188	3.8585880646760415	4030623.5979949054	14.8887018528604	2662.186276572091	-3.923318590436793	7087235.771168775	15.392428762066944	2085.114535804556	6.519079897583652	42.49840271107927	4347702.627423449	2300.483715168991	1606.4554569549848	1.107188	25.866652	0.0763754895946598	0.0415118257058135	-0.0129489143	-0.0941180135	-0.0204734449	0.0085804923	-0.0627386247	-0.0445378421	0.0139836772	-0.0439290664	0.0675684044	-0.0007556843	0.0133781405	-0.005484678	0.0483812729	-0.0316652504	0.0290301662	0.0488480469	-0.0458218437	-0.0391377404	0.019507139	0.0122499265	-0.0547412984	0.0269691572	0.059660773	0.0571792582	0.0119041892	-0.0710796631	0.0175521675	-0.025208338	-0.0253271277	-0.0153558908	-0.0154170555	0.060704389	-0.0154401026	0.0012984745	0.0178406099	0.0308873601	-0.0274498334	-0.0329515781	0.0161109163	-0.0229753185	-0.0894461602	0.0350088173	-0.0021705864	0.1003963556	-0.0098231285	-0.0234941021	0.0248842411	0.0302618482	0.0656818486	-0.0527883862	-0.0124112309	-0.0261534947	0.0003126839	0.0385292179	0.0311279262	0.049912859	0.0021531286	-0.0031239194	-0.0019364714	0.0365176354	-0.0696550849	0.0688887389	-0.034512629	-0.1543120935	-0.085198017	-0.011135887	-0.0248162897	-0.0041375491	-0.0179604093	0.0183411457	-0.0311902229	0.0277181679	0.0938238604	-0.0573420602	0.0086548647	-0.0064086318	-0.0250530178	-0.0653577272	-0.0099897294	-0.0030907927	0.0075873172	-0.0634012311	0.103084171	-0.004360388	-0.0131299383	0.1086740486	0.004589767	0.0730068201	-0.012518454	-0.0729480844	-0.0173886439	0.0798122662	0.0721591615	0.0458939156	0.008959769	-0.0300572439	-0.0620868871	-0.0796832699	-0.0787557834	-0.0595200392	0.0124133846046277	0.0039316582517302	0.0001540921173424	1.5457936608398174e-05	0.0572586032048718	0.0027951018749234	0.0032785476409729	7.812594491200843e-06	-0.0715967295987169	-0.026102744434226	0.0006813532669985	0.0051260916892317	0.0005335900274117	0.0004135583009818	1.710304683109531e-07	2.847183173532188e-07	0.0002237851387147	7.381052008589999e-05	5.007978830955752e-08	5.447992875351046e-09	-0.0008065598640745	-0.0003835508796079	1.471112772479938e-07	6.505388143358759e-07	0.0	0.0
2004.5519083137287	-3.0893938104593417	4018228.353124212	9.544354116104492	2678.863824026925	16.677547454833984	7176311.387680161	278.1405891082395	2078.307372021074	-6.807163783481883	46.33747877514738	4319361.532597143	2295.9886510327024	1643.2882505756008	1.103452	25.77935	0.0864505505648995	0.051351975678399	0.099550538	0.0232112647	0.0004726191	-0.0353148809	0.0162089601	0.0105170481	-0.0550019431	0.0912607626	0.0310593974	-0.0427887624	-0.0406891641	-0.0442513154	0.0255953154	-0.0548287456	0.0256338963	0.0651849389	0.0469693015	-0.0444051178	0.0406882574	0.011116727	-0.0606386332	0.0306646022	-0.0593673869	0.0185159217	0.0302006989	-0.0592346543	0.0349146409	-0.0366136343	0.0709458442	0.0710039375	-0.0122581917	-0.0744744634	0.0648951718	-0.076176587	-0.0074922543	0.0542005238	-0.0357720534	0.088250349	0.0680668432	-0.0040585131	-0.065857285	-0.0112398198	0.1336936403	0.0251492858	0.0056005264	-0.0722309973	-0.0505034342	-0.0021726097	-0.0008623881	0.0136991251	0.0003701936	-0.0336630761	-0.0217348164	-0.0783418973	0.0009753399	0.0226027166	-0.1061111368	-0.1223159838	-0.0776589005	0.0306115877	0.0138230096	0.0269589825	0.0475224505	-0.0092140406	-0.0528858822	0.0367702479	0.0348837738	-0.0218119472	-0.0426143123	0.0440761242	-0.0641112065	-0.0808503598	-0.010470921	0.0164145282	0.0229904332	0.0340020287	0.0037934516	0.0251890065	-0.0438802677	0.0069281915	0.0284558445	0.0024570813	-0.0077818452	-0.1212325615	-0.0414842714	-0.0050915315	-0.0232797043	-0.0197768339	-0.0202852828	-0.0569501754	0.0434879699	0.0101216275	0.0717551168	0.044469591	0.0064061583	-0.0332099078	-0.064777029	-0.0806444153	-0.0769663555	-0.0546342852	0.0124737759309141	6.039132628640059e-05	0.0001555950859746	3.647112290630499e-09	0.0314081204562626	-0.0258504827486091	0.0009864700305951	0.0006682474583361	-0.0472977888632968	0.02429894073542	0.0005904385208634	0.002237080831357	-8.340936772167727e-05	-0.0006169993951333	3.8068825359495337e-07	6.957122623729979e-09	0.0002500307156185	2.6245576903800004e-05	6.251535875269922e-08	6.888303070132802e-10	-0.00072499012102	8.156974305449996e-05	6.653622981977144e-09	5.256106755765942e-07	0.0	0.0
1997.5109743920048	-7.04093392172399	3990050.092816496	49.57475049008357	2661.685594831194	-17.17822919573109	7084570.205731887	295.09155830106806	2075.4673138786766	-2.840058142397538	8.065930252198555	4307564.570978769	2299.2663668765463	1621.435310306044	1.136211	26.54468	0.0720055481867781	0.0351805881753608	-0.0291028679	0.0716604364	0.0978810732	-0.0562612334	-0.0771075385	0.0312546023	0.0152129242	0.0136059139	-0.0803575206	-0.0171816832	0.0164662937	-0.1113051181	0.0454790809	-0.0560254383	-0.0406019163	0.0003826935	0.108280236	0.0318906275	0.010509737	0.1312247424	-0.0540391632	-0.0565044484	0.014001814	-0.0740518733	0.0534807733	-0.0787009223	-0.0114866716	-0.0773960325	0.0005009431	0.0580483182	0.0007211873	0.0462154593	0.1225841911	-0.0837024886	-0.0102151389	-0.0479561433	0.0341508095	-0.0934236838	-0.0043012488	0.0055373738	-0.1511387381	-0.0471626947	-0.0213772919	-0.0408283501	0.0020114049	-0.125135031	-0.0930569894	-0.0292894778	0.0135267423	-0.0263541871	0.0048047673	0.1042209274	0.0605739483	0.0194249572	0.1328141776	-0.0566288665	0.0309779569	0.0205242375	-0.0567425358	0.0036418376	0.0078352143	-0.0255128514	-0.0201787022	-0.0037097821	0.0472728367	0.0449157993	0.0182759062	0.0180805697	0.070178028	-0.0348559902	-0.0871182949	0.0301793523	-0.092510848	0.0315563712	0.0012744163	-0.0287171701	0.0278635014	-0.0346700203	0.00023147	0.036301114	0.0229596458	0.0860676698	0.0249055799	0.046778257	-0.0657029827	-0.079309054	0.1024302932	0.0456187966	-0.0690350507	0.0086613624	-0.0278496771	-0.0057857712	0.0713432033	0.0430257605	0.0038462256	-0.0363043104	-0.0672896215	-0.081287294	-0.0747635377	-0.049365311	-0.0003585812813611	-0.0128323572122752	1.2858053534256838e-07	0.0001646693916234	0.0364876702375198	0.0050795497812572	0.0013313500793619	2.5801825980270077e-05	-0.0525653043734237	-0.0052675155101268	2.774671964942745e-05	0.0027631112238706	0.0004440212532052	0.0005274306209268	2.781830598913113e-07	1.9715487329791635e-07	0.0001029060959205	-0.000147124619698	1.0589664577599146e-08	2.1645653721281128e-08	-0.0004230228479825	0.0003019672730375	9.11842339857041e-08	1.789483299152253e-07	0.0	0.0
2000.646843672877	3.135869280872157	4002587.793098245	9.83367614671766	2668.357203892299	6.671609061104846	7120130.167563927	44.51036746421628	2080.4729465516675	5.0056326729909415	25.05635845691444	4328367.681333378	2303.680783296411	1611.0974683581203	1.145326	26.757635	0.0610669544830346	0.0299295941984088	-0.0308153051	-0.0825653692	0.0468149201	0.0421506486	0.0174758358	-0.1017315392	-0.0652247339	-0.0746376862	-0.0316667383	0.0205766416	-0.0262483807	-0.0348712906	-0.0252596908	0.1039900715	-0.0795135324	-0.0081077065	0.0123256015	0.1014385634	-0.0095033587	-0.029842425	0.0606633995	0.045394433	-0.0963088277	0.0235450974	0.0078666294	0.0579016326	0.0351775312	-0.0780705914	0.0269970296	0.0239832096	0.1556336392	-0.0434517293	0.0475910674	-0.0096964805	0.0253014029	0.0131005354	0.0300229868	0.0160015772	-0.0644079538	0.0094348229	0.0837888192	-0.0803234916	-0.0730339365	0.0521523303	-0.0233155804	0.0639346538	-0.0027958884	0.0533802953	-0.0582823071	-0.0367578885	-0.0170254119	0.0532993667	-0.0589049477	-0.0123499176	0.0807101782	0.0267470912	-0.0965861601	-0.0219833256	-0.0349313523	-0.0557142536	0.0345377759	-0.0225899488	0.0026941354	0.0093910031	0.0851107282	0.0069656834	0.0597750561	0.0043519733	0.032824687	-0.1076422659	0.0475174492	0.0030884496	0.0752136392	-0.0406708557	-0.0114699948	0.052673091	-0.0487028278	-0.0251611457	0.0273446965	0.0142147765	0.013004099	0.0483030041	-0.0160248767	0.0209377755	-0.0108840534	0.0239192811	0.0764221974	-0.0473573242	-0.0215506632	0.0251229695	-0.0397233289	-0.0670005093	0.0709234662	0.0415630576	0.0012824971	-0.0393350228	-0.0696177779	-0.0816093689	-0.0721591615	-0.0437500746	0.0180155761943581	0.0183741574757192	0.0003245609856147	0.0003376096629425	0.0197999507381467	-0.0166877194993731	0.000392038049233	0.0002784799820897	-0.0342863584421593	0.0182789459312644	0.000334119864358	0.0011755543752242	0.0005120180304138	6.799677720860001e-05	4.623561710755986e-09	2.62162463468827e-07	7.537656071954224e-05	-2.752953520095776e-05	5.681625905906838e-09	7.578753083807722e-10	-0.0004820191671065	-5.899631912400003e-05	3.480565670180851e-09	2.32342477458044e-07	0.0	0.0
2003.5903323134592	2.9434886405822454	4014374.2197399577	8.664125377236715	2661.195263998849	-7.161939893449926	7081960.233129904	51.29338303738954	2081.171692407432	0.6987458557646278	0.488245770948242	4331275.613278016	2295.738802307444	1606.9466155053387	1.08529	25.355061	0.0928156115953868	0.0509950974600759	0.0299676326	0.054704961	-0.017583866	0.036783535	0.1011503764	-0.0011836036	-0.0145041236	0.0399241609	-0.0676143522	0.0198999353	-0.0301881833	0.1109548603	-0.048788819	0.013526497	0.0732558319	0.0051943692	-0.0309421095	-0.0077514668	0.0417794566	-0.0590068182	0.0190131591	0.0008288971	-0.0173582544	-0.0507958495	0.0462251817	-0.0101044	-0.0030060449	0.0701638339	-0.0505445017	-0.0665902866	-0.0564174808	-0.0691945824	0.0979360199	-0.0232363686	0.0052687462	-0.0361827117	0.0153105409	0.0882068558	-0.0398022193	0.0936430439	-0.0058408354	-0.0290170713	0.0176807253	-0.0847666301	0.0296184111	0.0942452225	0.0325971885	0.0209441357	0.0020626728	0.0512815431	-0.0284971462	-0.0583885354	0.0180587947	0.0359393967	0.0091387226	-0.0594141836	-0.0023975588	-0.0306064827	0.0576984991	-0.0095338106	0.0426839257	0.0792495403	0.0036643626	0.0351636504	0.0597283102	0.0270003113	-0.1192521879	-0.0246503066	0.0208831401	-0.0099377708	0.0697828488	-0.0626461586	-0.0511406793	0.0368492415	0.0001135294	0.046464577	-0.0123829899	0.0490885419	0.0002739422	-0.0336091283	-0.0418598501	0.0146465346	0.0699600602	-0.0578300606	0.0040132658	0.0592696169	0.0266106395	-0.0477140901	0.0785266432	0.0053022831	-0.0349329376	-0.0636565811	0.0704959515	0.0400821236	-0.0012824971	-0.0422967282	-0.0717551168	-0.0816093689	-0.0691672152	-0.0378279629	0.0059954824100429	-0.0120200937843152	3.594580932913382e-05	0.0001444826545837	0.0449111325542332	0.0251111818160865	0.0020170098273039	0.0006305714522005	-0.0783204838000415	-0.0440341253578822	0.0019390041960336	0.0061340981826725	0.0005120521385298	3.4108115999978434e-08	1.1633635770679844e-15	2.621973925729415e-07	0.0002493912203518	0.0001740146596322	6.219598078856007e-08	3.0281101766930524e-08	-0.0004230637221127	5.895544499380002e-05	3.4757444944169805e-09	1.7898291296785185e-07	0.0	0.0
2004.0998533754948	0.5095210620356738	4016416.22229968	0.2596117126579609	2662.8482453482493	1.6529813494003065	7090760.77775425	2.732347341465258	2081.7033424698006	0.5316500623684988	0.2826517888164286	4333488.80604994	2296.8038940429688	1593.9527038343315	1.033828	24.152769	0.0668833338494342	0.0344582726896435	-0.0758548737	-0.0065229986	-0.0291386149	0.0062210863	0.0912423335	-0.0190546239	0.0346402563	-0.0491978614	0.034556593	-0.0390431518	0.0673869605	0.0687349912	-0.0769522878	0.0039182863	0.0419562722	0.0900935571	-0.070329247	-0.0327386999	-0.0509825641	-0.0539873042	0.0582358357	-0.0054107956	0.0203497229	-0.0119743882	0.0117199388	0.0286082811	-0.0204536098	-0.0255396333	-0.0407014479	0.0716724142	-0.0017927424	-0.0794660236	0.0543429042	-0.1083276271	0.0067704105	0.0986973605	-0.0500841763	-0.0737018338	-0.0279394325	-0.0143456151	0.110317449	0.0424566257	-0.0625784692	0.0206286729	-0.0553944982	0.0219627588	0.0340693732	-0.0114236135	-0.0048011637	0.072781055	-0.0341576588	-0.0513989405	0.0609190241	-0.0195965469	-0.0821415243	-0.0282955457	-0.0313522772	0.0691507283	0.0639483264	-0.0129171078	0.0576217339	0.0446083735	0.011221921	-0.0615783282	0.0248217754	0.0247885075	-0.0224161229	0.102484536	-0.0039215185	0.0457217046	0.0671302265	0.0701427961	0.0204527038	-0.0053185326	-0.0474176862	0.0583993754	-0.0292490457	0.0622225911	0.0050861547	0.0422152075	-0.0092737804	0.0115969268	0.0035345937	0.094998297	0.0103721674	-0.0334130214	-0.0420661905	-0.0493906346	0.1000251374	-0.0128797097	-0.0644532094	-0.0433667436	0.0700607062	0.0385836084	-0.0038462256	-0.0451842308	-0.0736957799	-0.081287294	-0.0658037687	-0.0316405151	0.0179248503416147	0.0119293679315718	0.0003213002597692	0.0001423098192468	0.0401606552514408	-0.0047504773027923	0.001612878230225	2.256703460434574e-05	-0.0710943965260852	0.0072260872739563	5.221633729083331e-05	0.0050544132174082	4.09706011511258e-05	-0.0004710815373786	2.219178148590552e-07	1.6785901586846306e-09	-0.0001390086667356	-0.0003883998870874	1.9323409427609107e-08	1.5085447228950514e-07	-0.0004229971197565	6.6602356199976e-08	4.435873851388482e-15	1.7892656332229485e-07	0.0	0.0
2003.4276066378127	-0.6722467376821442	4013722.175038514	0.4519156763242855	2664.3984086172923	1.5501632690429688	7099018.87984236	2.4030061606899835	2080.178878143054	-1.5244643267465108	2.3239914835226925	4327144.165072495	2290.907116993364	1636.4582431740298	1.131232	26.428373	0.035677604986483	0.0223205843514938	0.0844807092	-0.0225242671	-0.0099875894	-0.0042456881	0.0589046028	0.0734484227	0.004984683	0.0779155017	0.0476789379	0.0257408156	-0.0758516104	-0.0490702022	-0.0071892336	-0.0927809781	0.0506219892	0.0253213483	-0.001757504	-0.0303838631	0.0584535099	-0.0700753852	-0.0205307649	-0.0561155552	0.0237569442	0.0364854846	-0.0226246561	0.0152434912	-0.0651180513	-0.0075003381	-0.069281106	0.0029195186	0.0676884057	0.0664013736	-0.0302943795	0.0404464225	0.0028846626	-0.0063320636	-0.0258176605	0.0955830313	0.0731155699	-0.0802103025	0.0460607265	0.0153094974	0.0820181557	0.0144452069	0.0285604737	0.0089178892	-0.0324453611	-0.0713903461	0.0601681019	-0.0270341974	0.0036115618	-0.0914968705	-0.0462177948	-0.061398879	-0.0316796668	0.0425181442	-0.0895218368	-0.0061396241	0.0266456948	-0.1062450062	0.0126666234	-0.0783101654	0.0549343218	0.0117563408	0.0023257567	-0.0192709818	0.0492718304	0.0670686083	-0.0241532336	0.06804588	-0.0295397542	-0.0715327916	0.0340485236	0.0181226588	0.0262657714	0.0524345856	0.0534624187	0.0369565938	-0.0088446647	1.18577e-05	-0.0286911806	0.0620163199	0.0689988029	-0.0497962919	-0.0635550816	-0.0137395688	0.090913884	-0.0751236969	0.0369543104	0.0273761025	-0.0231782372	-0.0646561903	0.0696177779	0.0370681691	-0.0064061583	-0.0479924649	-0.0754344479	-0.0806444153	-0.0620868871	-0.0252311319	0.0179521264392263	2.727609761159905e-05	0.0003222788436899	7.439855009174792e-10	0.0350515094877295	-0.0051091457637113	0.0012286083173683	2.610337043484917e-05	-0.0713850031167666	-0.0002906065906814	8.445219054746988e-08	0.0050958186699807	0.0003800268429859	0.0003390562418347	1.149591351271209e-07	1.4442040138982988e-07	0.0001269196286719	0.0002659282954075	1.6108592142212978e-08	7.07178582983386e-08	-0.0004230241132038	-2.699344729998557e-08	7.286461971370987e-16	1.789494003518614e-07	0.0	0.0
1998.546790777356	-4.880815860456778	3994189.274926468	23.82236346368644	2658.757962908064	-5.640445709228061	7068993.905327039	31.814627798749243	2075.0621512276784	-5.116726915375693	26.18089432653006	4305882.931457641	2293.4904045590847	1580.0052740330354	1.186818	27.727003	0.0285744760104333	0.0129897480556766	-0.0850420199	0.0568865216	0.0342794354	-0.0365674491	0.0158560554	0.1135385648	0.0913542417	-0.008680268	-0.0439238994	-0.0548051742	0.0263899322	-0.0916488693	0.0107119372	-0.042994975	0.0612711116	0.0353676428	0.040447348	-0.0684263171	-0.1205651933	0.0342758959	-0.0613397044	0.0387728519	0.1047931575	0.0923095841	-0.0276838933	-0.0224019983	-0.014961574	-0.0245134036	-0.0832311324	0.0216924229	-0.0781537283	-0.002384052	0.0393868427	-0.0200923622	-0.0773955106	0.0269133188	-0.0312889269	-0.0147967852	-0.0202265481	0.0729570227	0.0232921352	0.0488234128	-0.0520609186	-0.0307339869	-0.0262598225	-0.1017676471	-0.0947912118	-0.0570338723	0.0378864479	0.0065771628	-0.0431532502	-0.0303754932	-0.020041478	0.0448013788	0.0217862867	-0.0190059568	0.0427674091	0.0130817002	0.0702140572	0.105965144	-0.0669643256	-0.0251627657	-0.008838104	-0.037843418	-0.01483553	0.0453396511	0.0201628716	-0.0946845972	0.0328416306	-0.0021883169	-0.0672082663	0.070154773	-0.0662857088	0.0232640673	0.0132473754	0.0164307715	0.0529730485	0.0250687894	0.0087004996	0.0777087171	-0.0264554988	0.0282093338	0.0430864586	-0.0393080528	-0.0120356314	0.0471233345	-0.0962500819	0.0168952005	0.0550706603	0.0442614151	0.0257439327	-0.0543958721	0.0691672152	0.0355364705	-0.008959769	-0.0507165039	-0.0769663555	-0.0796832699	-0.058036534	-0.0186447705	0.0126404277781517	-0.0053116986610746	0.0001597804144146	2.821414266606169e-05	0.0310156264457361	-0.0040358830419933	0.0009619690838214	1.6288351928649892e-05	-0.0672073802131763	0.0041776229035903	1.7452533124602297e-05	0.0045168319551184	0.0002810622425565	-9.89646004294e-05	9.793992138150796e-09	7.899598419088885e-08	0.0002499294612059	0.000123009832534	6.246473557867147e-08	1.5131418900042727e-08	-0.0005020351083159	-7.901099511210005e-05	6.242737348604299e-09	2.520392499817575e-07	0.0	0.0
2004.0956729284408	5.548882151084854	4016399.4662505	30.79009312662808	2672.82122530256	14.063262394495723	7143973.302427878	197.7753491764376	2079.4764629973083	4.414311769629876	19.486148399492848	4324222.360159796	2297.221360644867	1635.3938905263758	1.275895	29.808044	0.0421667887821978	0.0192958464907993	0.0884507196	-0.0858989422	-0.0042131734	0.0317695248	-0.0453860837	0.0957685685	-0.0207185519	0.0645543222	0.0180587582	0.0747541623	-0.0535776061	-0.0926448906	-0.025194362	0.0421424971	-0.049817105	0.0508528906	0.0477236166	0.0606034658	0.0665803773	0.0025157219	0.0256902621	-0.0183656801	-0.0294215978	-0.0374934226	-0.0782563089	-0.0381066081	-0.0876330653	-0.1012627024	-0.0410606883	-0.0735365203	-0.0051825927	-0.0199405098	-0.0395451646	0.0429145198	-0.0306545774	0.0103073693	0.0144858886	-0.0366326133	0.056866488	0.1133227459	0.0010355197	-0.0503392978	0.0284001394	0.0384135545	0.0809550126	0.0259103131	0.0232848775	-0.0557124214	-0.0327067011	-0.1308739529	-0.0074823417	0.0046091908	0.0777577933	-0.0672425596	0.0345406592	0.0264675052	0.0167339724	0.0517249247	-0.000247113	0.0267112776	0.0538314761	-0.0417767069	-0.0122465145	-0.0333621629	-0.0629068716	0.0366585554	-0.1003475564	-0.0666292153	0.0072035826	-0.0353404486	-0.0022708317	-0.1066711158	0.055257859	-0.050057243	0.0066114692	-0.0519205899	0.117718057	0.0264960422	0.0310269583	-0.0190443162	-0.0440440502	0.0390434574	-0.0263093457	0.0557428336	-0.0443158178	-0.0798784496	-0.0217949083	-0.0680165892	-0.0471427457	0.1315964013	-0.005164111	-0.0081647114	0.0687090676	0.0339891844	-0.0115045374	-0.0533515689	-0.0782873035	-0.0784076511	-0.0536744641	-0.0119276293	0.0108169456284912	-0.0018234821496605	0.0001170063127297	3.3250871501304803e-06	0.0185251474209451	-0.0124904790247909	0.0003431810869677	0.0001560120662687	-0.073212865780718	-0.0060054855675417	3.606585690195181e-05	0.0053601237158254	6.0030033821907656e-05	-0.0002210322087345	4.8855237298092403e-08	3.603604960659377e-09	0.0001049828087829	-0.0001449466524229	1.1021390139946946e-08	2.100953204863397e-08	-0.0005730030879624	-7.09679796465e-05	5.0364541351060394e-09	3.28332538814446e-07	0.0	0.0
2007.1992893283173	3.1036163998765005	4028848.987080102	9.63243475758237	2662.57604435512	-10.245180947440076	7089311.191973757	104.96373264578914	2082.300199620864	2.82373662355576	7.973488519210084	4335974.121341091	2298.568406333201	1589.2117970900758	1.312263	30.657694	0.0696082400344239	0.0359371837144439	-0.0475367332	0.1439712804	0.0080024189	-0.0173443188	-0.0446219983	-0.009458551	0.0706226283	0.0193520355	-0.0701196702	-0.0443782205	0.0066290836	-0.0444203564	-0.0441403531	-0.0168019133	-0.0677047037	-0.0652054769	-0.0461870004	0.0020092068	-0.0670099692	-0.004451719	-0.0645695285	0.0372800965	-0.0146115775	-0.0749461345	-0.0279472367	0.0752589432	-0.0306116941	0.0598583832	-0.0891431327	0.0465907387	0.0695487233	-0.0139662484	-0.0034075542	-0.0032280732	-0.0560762676	0.0652150013	-0.0570421731	0.0072439387	-0.008421487	-0.0562776184	-0.0439697412	0.0183326014	-0.062412522	-0.1004833461	-0.0417218397	-0.027568799	0.0219186813	-0.054007411	-0.0444014725	-0.0148609475	0.0621707823	0.0076358327	0.0001214888	-0.0431716601	0.0354211358	0.0474531643	0.0371094185	-0.0694168518	0.0220399959	-0.0323822695	-0.0001089019	0.0416776594	-0.0446245496	-0.02435961	0.0596447313	0.0272662405	-0.0490088648	0.0267187753	0.0360114099	0.0018349897	0.0580920178	0.0385412975	-0.1373066315	0.0386294501	-0.0075497049	-0.0360479502	-0.0030711381	-0.0101851403	-0.061800177	-0.0006803473	0.0052709105	0.0334067075	-0.0100165891	0.0313714425	-0.0819351851	-0.0725425491	0.0321726308	-0.0794182692	0.0105316017	-0.0129862034	-0.0329819815	-0.0137203201	0.0682433853	0.0324269895	-0.0140379523	-0.0558930371	-0.0793936715	-0.0768225931	-0.0490241061	-0.0051268245	0.0036939505722699	-0.0071229950562213	1.364527083037312e-05	5.0737058570953086e-05	0.0482620193767928	0.0297368719558477	0.0023292225143259	0.0008842815537184	-0.0868137300281333	-0.0136008642474153	0.0001849835082766	0.0075366237213976	0.0002710677542635	0.0002110377204415	4.453691944918369e-08	7.347772740145724e-08	0.0002499260092891	0.0001449432005062	6.24630101191753e-08	2.1008531372980492e-08	-0.0005460338334114	2.696925455100002e-05	7.273406910366352e-10	2.9815294722994854e-07	0.0	0.0
2002.8305944651504	-4.368694863166866	4011330.390125628	19.08549480746056	2667.828894478934	5.252850123814369	7117311.010216692	27.59243442325663	2078.615637514772	-3.6845621060920166	13.575997913649235	4320642.968520942	2298.57467005298	1622.1392066926703	1.237863	28.91954	0.0629989019556872	0.0372370563544963	-0.0359766192	-0.0666552553	0.003125236	0.0286204847	0.0611929353	-0.0400745424	-0.0168412642	-0.0358673591	0.0557573662	-0.0118656736	0.0352547198	0.0423698139	-0.0499537498	0.0291182441	-0.018080278	0.0207005938	-0.021728882	-0.0559126714	0.0138299601	-0.0321945097	0.0237628355	-0.062503746	0.007285196	0.0177537212	0.0093672607	0.0923178215	0.0295955442	0.0212652224	-0.0147954844	-0.0248005801	0.0775891194	0.013134174	-0.0939723167	-0.0068058037	0.0502421766	-0.0938879835	0.0657816042	-0.1225775393	0.0112282762	-0.1237102236	-0.0017609137	0.0144463226	-0.0199088483	0.055306884	-0.0440946068	0.0429150807	0.0333536591	0.0346995924	-0.0008757959	0.002897611	-0.001112508	-0.0037396535	-0.0185567624	0.033886594	0.0199895515	0.0436229573	-0.0265868089	0.0953758226	-0.0659307203	-0.0346186353	0.0772933181	-0.0125831345	-0.0288643277	-0.0666955877	0.0404435908	-0.0293603329	-0.0129778522	0.108532527	-0.0150806316	0.0133073956	0.0383629036	0.0559835815	0.0739777158	-0.0080238234	-0.040980008	0.0576204959	-0.0134905947	0.0547439976	0.0617430039	0.0520104975	0.0230778048	-0.038049437	-0.02986476	0.1383074865	0.0336655127	-0.0362123385	-0.0285401878	-0.0523285458	-0.0008691448	0.0310564766	-0.05028582	0.0015778772	0.0677702193	0.0308505711	-0.0165575133	-0.05833645	-0.080282427	-0.0749343514	-0.0441104375	0.0017099414	0.0179430263533078	0.0142490757810379	0.0003219521947154	0.0002030361606137	0.0481650482097677	-9.697116702510332e-05	0.0023198718690492	9.403407234210488e-09	-0.060717967491783	0.0260957625363503	0.0006809888223535	0.0036866715763332	-5.694707684197943e-05	-0.0003280148311054	1.0759372942515618e-07	3.2429695608463093e-09	0.0002500120475958	8.603830669998754e-08	6.250602394304456e-08	7.402590219801121e-15	-0.0004229928533981	0.0001230409800133	1.51390827626333e-08	1.789229540258665e-07	0.0	0.0
2000.775258450061	-2.055336015089324	4003101.6348259086	4.224406134923262	2660.145238058908	-7.683656420026182	7076372.687567485	59.038575981009565	2077.0148946297268	-1.6007428850452925	2.5623777840231265	4313990.872513735	2288.661939716175	1614.3916536598158	1.079072	25.209787	0.0318334397968028	0.0205286782420446	0.0333395567	-0.0111419086	-0.0077033466	0.0290425987	0.0729417477	0.1651424098	0.0214111176	0.0452270138	0.0370596668	0.0535575209	-0.0799891647	-0.0441532291	-0.0011717682	-0.0669545762	0.0185692191	0.0377523449	0.0246325718	-0.0525817472	-0.0139707926	0.0660585671	0.0791772695	-0.0201409218	0.0298393555	-0.0049782157	0.0274270349	0.0038361999	-0.0358416154	0.0118519225	0.0129525057	0.0185493799	0.1209556445	0.0364577873	-0.071311393	0.0093251876	0.0590858466	-0.0041111493	0.0570875569	0.0112843348	0.0646939329	-0.0057189118	-0.0094021692	0.0316858478	0.064462414	0.0314193201	0.0595737754	0.0189238611	-0.0511503887	-0.0968421346	0.0174307163	-0.0304798741	-0.0217742646	-0.0011899643	-0.006210262	-0.0406266131	0.0252584356	-0.0096018048	-0.0389226598	-0.0196658524	0.0496781628	-0.032050429	0.0182721984	0.0191581768	-0.0136575308	0.1103585836	-0.115641628	-0.0309339252	0.0195482963	-0.0142750082	-0.0071430055	0.0642265735	-0.0422312316	-0.0309793666	0.035005698	0.0399689106	-0.0124009545	0.02554948	0.0887695044	0.1106481586	-0.0343221776	-0.0148381281	-0.0716103476	0.0428983513	-0.0075396936	-0.0189385156	-0.0099790191	-0.0290401811	0.0214584002	0.0373921035	-0.0386022173	0.0219149001	-0.0652820025	0.0220543012	0.0672896215	0.0292606206	-0.0190607341	-0.0606775209	-0.0809511339	-0.0727503781	-0.0389598496	0.0085347133	0.0179430781978879	5.18445801012124e-08	0.0003219540552155	2.687860485871029e-15	0.0308125389143754	-0.0173525092953923	0.0009494125543498	0.0003011095788466	-0.0683965620026256	-0.0076785945108426	5.896081366194213e-05	0.004678089693779	7.905282759127706e-05	0.0001359999044332	1.8495974005854898e-08	6.249349550176175e-09	0.0002499832836351	-2.8763960699992444e-08	6.249164209698686e-08	8.273654351507096e-16	-0.0004230098679239	-1.701452579999305e-08	2.8949408819862897e-16	1.789373483609953e-07	0.0	0.0
2001.782071256267	1.0068128062059714	4007131.460803031	1.0136720267403427	2668.820132664272	8.674894605363988	7122600.900514143	75.25379641417322	2075.935770499606	-1.0791241301208174	1.1645088882090109	4309509.323239793	2293.903861539909	1598.3476607718353	1.079553	25.221025	0.050017420500422	0.030294997330597	-0.0233253261	0.0854292522	0.0137744855	-0.0418453005	-0.0890555365	0.0605286129	0.1017974496	0.0675047464	-0.0486292168	-0.0471246213	0.0594284562	-0.1156040542	0.0400208879	0.0089344777	0.1021276133	-0.0376554039	0.0280946578	-0.0093461742	-0.0343028863	0.0482168558	-0.0242656477	0.0164919391	0.0832002555	-0.0327707685	0.0611642943	-0.0137648276	-0.0415587164	0.0690710878	-0.0060513088	-0.0618590666	-0.0236445187	0.0123425729	0.0054427986	0.0443460919	0.024586977	-0.0051361873	0.0695145393	0.1127615417	-0.0223613423	0.1409120306	-0.0748301797	0.0381063053	-0.0509954339	-0.0431175275	0.0544024541	-0.1494477049	-0.0775042822	-0.0375565111	-0.0387998072	-0.0124900784	0.0486868861	-0.0803151262	-0.0118390224	0.04913707	-0.0117268044	0.029680349	0.0133443307	-0.0188832622	-0.1114387058	-0.0178417918	0.0600834754	-0.0091413055	-0.0575778176	0.0034173975	-0.0684102352	0.0251429154	-0.0228830649	0.0055538113	0.0426237467	0.0039092595	-0.0971465622	0.0143578893	-0.0727012178	0.0210951681	-0.0226824177	-0.0124420233	0.0057570263	-0.0581459868	0.0070027702	0.0722998283	-0.052072391	0.0627056218	0.00805916	-0.0349678685	-0.0177268587	0.0464144445	0.0879901464	0.0373755582	-0.0344749988	-0.0624128407	-0.0299372925	-0.0127113059	0.0668016447	0.0276578354	-0.0215451443	-0.0629121428	-0.0813979594	-0.0702792922	-0.0336000067	0.0152996203	0.0179894431720697	4.636497418179786e-05	0.0003236200656411	2.149710830878782e-09	0.0441571340287794	0.013344595114404	0.0019498524856355	0.0001780782187673	-0.0807737523768707	-0.0123771903742451	0.0001531948415603	0.00652439907304	0.0005120633553327	0.0004330105277414	1.8749811713490562e-07	2.62208879874583e-07	0.0003018912085797	5.190792494459999e-05	9.113830181771193e-08	2.694432672054225e-09	-0.0004230768159897	-6.69480658000289e-08	4.482043514364998e-15	1.7899399222798248e-07	0.0	0.0
2004.6096740060404	2.827602749773405	4018459.945118604	7.99533731052612	2664.0017781938827	-4.818354470389295	7096905.474220169	23.2165398023205	2086.114443482471	10.17867298286501	103.60538369210607	4351873.47130618	2307.175855521696	1615.4130744092251	1.191337	27.832573	0.0367279585300397	0.0194300308882377	-0.0629509384	-0.0982117532	0.0511345766	-0.0131550607	-0.0045541938	-0.0184536673	-0.0398449712	-0.0187813582	0.0319440036	0.0543283585	0.0458367878	-0.0760673909	-0.0232705023	0.0513597326	-0.0509221733	0.038310479	-0.0629798702	0.1050872422	-0.014613717	-0.0465804115	-0.0205978125	-0.0241827542	0.0380868672	0.0879539486	-0.00581625	-0.0263921589	-0.0151537558	0.0704587696	0.005846397	0.0003588408	-0.0167184468	0.0691118472	0.0969731231	0.0584284455	0.0101407069	0.0756756151	0.0372465151	0.031545555	0.0193861414	-0.0673359176	-0.0461407828	-0.0694591104	-0.0710128086	0.0883087288	0.0133610772	-0.0321206718	0.1125486972	-0.0283590145	0.0009948961	-0.0346952907	-0.0561875976	0.0320403028	-0.0079574224	-0.0108826431	0.0189762375	0.0394726807	-0.0103802648	0.0305037134	-0.0224104836	0.0186284698	-0.0017779557	-0.056675132	-0.0104165038	-0.0575754437	-0.0727094346	-0.002096611	0.0071175585	-0.0135373897	0.0762536807	-0.0807796567	0.0043205195	0.0470738935	0.0528509988	-0.0797142743	-0.0136388771	-0.0021429667	0.0307141434	0.0251113429	0.0178965611	-0.0204577152	-0.0028741928	0.044084814	-0.0557644165	0.0204005568	0.0317263594	-0.0230174466	0.0577335323	0.0246455197	-0.068554961	0.0314602414	0.0429115484	0.0233570541	0.0663063423	0.0260429185	-0.024008292	-0.0650363955	-0.0816216788	-0.0675308461	-0.0280596966	0.0219572114	0.0179902496183359	8.06446266200106e-07	0.00032364908133	6.503555802680921e-13	0.0448327656569489	0.0006756316281694	0.0020099768764508	4.564780969829675e-07	-0.0902302866148048	-0.009456534237934	8.942603979321971e-05	0.0081415046225898	0.0002300776259424	-0.0002819857293903	7.951595157977951e-08	5.2935713959290935e-08	0.0002499285771015	-5.196263147819999e-05	6.246429365198045e-08	2.7001150701392204e-09	-0.0006210281794746	-0.0001979513634849	3.918474230553101e-08	3.85675999701536e-07	0.0	0.0
2004.79678302206	0.1871090160195763	4019210.141215601	0.035009783875814	2680.596094403948	16.594316210065244	7185595.4213337	275.37133047963414	2077.247032357865	-8.867411124605951	78.63098005278538	4314955.233439557	2301.9189516156143	1658.2319929820742	1.174607	27.441713	0.033950887995767	0.0183762230993455	0.1042979857	-0.0571756072	-0.0124188955	0.0237504467	0.0040235246	0.0391615817	-0.1400481239	0.0058697016	0.0469219509	-0.0425647499	-0.0732738902	-0.0461419257	-0.0049758729	0.0266812425	0.0128997335	-0.027802394	0.0002133538	0.009892732	0.0488454704	0.0069935693	-0.0042815366	-0.0134406954	-0.0851005083	0.0193701547	-0.026754477	0.0209221116	0.0920196982	0.0318787543	0.0323585166	0.0177025647	-0.0371083081	-0.1069985828	-0.061782986	-0.0043558446	0.1014195772	-0.1300544109	0.0009035926	0.0163733012	-0.0380729298	-0.0221226078	0.0635240451	-0.0738324746	0.0832018099	0.0481169743	-0.04984452	0.0036306601	0.0065046628	0.016281497	-0.1152722309	-0.0272478654	0.0734945957	-0.0510270291	0.0354237861	0.0118405915	-0.0023917931	-0.0769601361	-0.054539849	0.0082651688	0.033343935	0.0507761656	0.0589497841	0.0473253509	0.0417313685	0.049203169	0.0779331111	-0.0016464182	-0.0969555235	-0.004917856	-0.0325905959	0.0003982589	0.0601952247	-0.0988562781	0.0676098912	-0.0087342051	-0.0320363752	-0.0466917984	0.0578400175	0.0233471905	-0.018364887	0.0016684452	0.0118789985	-0.0196792531	-0.0707576391	0.0635449363	0.0238547967	0.0457933654	-0.0679959981	-0.0207150296	-0.0141944346	0.0780197664	-0.0573111376	-0.103925484	0.0658037687	0.0244165784	-0.0264477464	-0.0670465522	-0.0816216788	-0.0645158866	-0.0223686765	0.0284607885	0.0141080584776887	-0.0038821911406471	0.0001990373140098	1.5071408052519598e-05	0.0429452630774278	-0.0018875025795211	0.0018442956207894	3.562665987698821e-06	-0.0777534173057361	0.0124768693090687	0.0001556722677555	0.0060455939027199	0.0001140528765321	-0.0001160247494103	1.3461742475722911e-08	1.3008058645246446e-08	0.0002499758811955	4.7304094000016294e-08	6.248794117946674e-08	2.237677309162377e-15	-0.0004230137336483	0.0001980144458263	3.9209720755896704e-08	1.789406188550749e-07	0.0	0.0
2001.4571005379469	-3.3396824841131547	4005830.525293765	11.153479094692212	2664.0105029514857	-16.585591452462268	7096951.959835828	275.0818438279894	2077.5043668346243	0.2573344767592971	0.0662210329289812	4316024.394216933	2294.9506720380405	1601.0187086415622	1.124905	26.280544	0.0310803191621035	0.0150541569641563	0.0041088279	0.0763824398	-0.0203426929	0.0370758109	0.0321812627	-0.0563933095	0.0009613262	0.0199529047	-0.008654079	-0.0690835606	-0.0447614966	0.0807817194	0.0682956738	-0.0191517502	0.0522444648	-0.0192572262	0.0122276246	-0.0421467977	0.0743042515	0.0105140163	-0.0337000092	0.0147216047	0.014869047	-0.0050772989	-0.0433767903	0.0707866295	0.0055034283	-0.0017763341	0.0042713659	-0.0922055062	0.0289555725	-0.1233751988	0.0956267823	-0.0076290485	0.036248663	0.0238714004	-0.0164871019	-0.0596203444	0.048920302	0.0964576802	0.089934562	0.0071036252	0.0489256813	-0.0491532538	-0.0256098917	0.0414720749	-0.0005777724	0.1046890735	0.0376384117	0.0449917365	-0.0546629883	-0.0038133502	0.0079983873	0.0320676879	0.0266064648	-0.0400781483	0.0731735261	0.0042023946	0.0272446907	-0.1089158829	-0.0112408512	-0.0152475957	-0.0177558607	-0.0607252634	-0.0551053339	-0.0086835788	-0.1302873565	-0.0298900271	-0.0358069811	0.0650518465	-0.0130317517	0.0225033839	-0.0408687989	0.0822323617	-0.0421133891	0.0071372288	-0.0932357157	0.0175171583	0.005785944	-0.0929055828	0.0093487645	-0.0099194892	-0.0823806573	0.0224882054	0.018363372	0.0524669653	0.0253880924	-0.0007032928	0.0008889204	-0.0016308373	-0.0474618774	-0.0623964596	0.0652939789	0.0227795284	-0.0288611001	-0.0689390864	-0.0813979594	-0.0612463124	-0.0165575133	0.0347647336	0.0179116772034007	0.0038036187257119	0.0003208281802388	1.4467515410586972e-05	0.0353767048881081	-0.0075685581893196	0.0012515112487402	5.728307306511822e-05	-0.0731208210334131	0.004632596272323	2.146094822234096e-05	0.0053466544686004	-9.143507847557664e-05	-0.0002054879550076	4.2225299653236946e-08	8.360373575834861e-09	0.0002500241159206	4.823472509997645e-08	6.251205854187762e-08	2.3265887054702984e-15	-0.0005189884634105	-9.597472976220002e-05	9.211148752927324e-09	2.693490251531919e-07	0.0	0.0
1999.707795698451	-1.749304839495835	3998831.268177158	3.060067421483549	2646.4046369280136	-17.605866023472117	7003457.502354091	309.9665184364499	2074.696674763656	-2.807692070968187	7.883134765377628	4304366.292275372	2289.0487291661066	1602.9784207049415	1.053291	24.607483	0.0164291758083491	0.0080436497756136	-0.0641462749	0.009606784	0.0285872329	0.0111477322	0.0578140081	0.0629100724	0.0449937653	-0.079389733	-0.0063914427	0.0057933816	0.0613396609	0.049982834	-0.0031906914	-0.0470066551	0.0165127285	-0.0331632674	0.0301174555	-0.0621211359	-0.0826057549	0.0762442444	-0.0065375397	-0.024682005	-0.0182093837	0.0772181565	-0.0612733826	-0.0739668837	-0.0460153852	0.0617808349	0.0375237984	-0.0845283748	0.0403385931	-0.023659324	-0.0006290097	0.0756575779	0.0258907089	0.1067935927	-0.1116048058	0.0115437437	0.0557687442	-0.0578458808	0.0418655372	0.0565389464	-0.0416347613	0.0096141392	-0.0050979072	-0.0217793251	-0.0687654786	0.01109825	0.0327189502	0.0790769364	-0.0270636249	0.0202238947	-0.05680908	-0.010287536	-0.0287830973	0.0288572393	0.0161478289	0.0618055929	0.083499423	-0.0299762205	0.0139504675	0.0552206851	-0.043083096	-0.0305552092	0.0291528111	-0.118530186	-0.056067659	0.022364698	-0.0088867086	-0.0057887757	-0.0484358313	0.0637518863	0.0280452217	0.021497378	-0.0378610779	0.0430464874	0.0254485852	0.0718847354	0.0004542288	0.1158967013	-0.0441406409	-0.0581404691	-0.0319408089	0.0602154649	0.1038106103	0.0610996957	-0.0573288939	0.046868138	-0.0556616419	0.0307784378	-0.0034498501	0.0144256249	0.064777029	0.0211324865	-0.0312459714	-0.0707106781	-0.0809511339	-0.0577350269	-0.010657419	0.040824829	0.0179431003632544	3.142315985369889e-05	0.0003219548506458	9.87414975191114e-10	0.0390812431011511	0.003704538213043	0.0015273435623312	1.3723603371895824e-05	-0.0705526963840696	0.0025681246493435	6.595264214565678e-06	0.0049776829670627	1.505282548040291e-05	0.0001064879039559	1.1339673688937926e-08	2.2658755494346707e-10	0.0002499968196263	-2.7296294300013183e-08	6.249840982326479e-08	7.450876825129323e-16	-0.0004230018679386	9.598659547190005e-05	9.213426510286181e-09	1.789305802795448e-07	0.0	0.0
2001.8349598044524	2.127164106001373	4007343.2062952938	4.524827133860622	2656.637538364955	10.232901436941576	7057723.010249808	104.71227181816094	2081.115085633863	6.418410870207026	41.19599809879171	4331039.999652841	2293.0613838235195	1620.145731675219	1.063473	24.845343	0.0548451789615036	0.039834946162711	0.040915077	-0.0870477175	0.0214223346	0.0284981144	-0.0938704651	0.0635160161	-0.0373830912	-0.0387903746	0.0549170767	0.0580330497	-0.0246886146	-0.002029148	0.0282523309	0.0310135263	0.0121570016	0.0620082193	-0.0170722518	0.0704955114	0.0220738811	0.0399141045	0.0188996661	0.0608511533	0.0300255552	0.0090105615	0.0409967112	0.050632802	-0.0935010467	0.024728241	0.0428383386	0.0227680594	0.0656951693	-0.0167416807	-0.0838166172	-0.0939997988	0.0109514741	0.1103627321	-0.0223716687	0.0571520632	-0.0909498487	-0.1043572222	-0.0257805926	-0.0124827664	0.038706928	0.0839199176	0.0774380009	0.0048493121	-0.0163793739	0.0086220601	0.0024154859	-0.091848563	0.0056181335	0.0624677225	-0.0506898684	0.0497386918	-0.0472446686	-0.0858632709	-0.0131054687	-0.0120606378	0.0725854791	-0.0240730825	-0.0032600132	0.0643349598	-0.0019193784	0.0231400191	0.0386669875	4.37062e-05	0.0740089266	0.0213126993	0.0025877138	-0.0159514148	-0.0771143398	-0.0258158732	0.0836662466	-0.0291573104	0.0099266884	-0.0980058251	0.0562555521	0.0128237327	-0.02723555	-0.0248667399	-0.0332159887	-0.0283446273	0.0204997613	0.0286134858	-0.0155559646	0.1092275976	-0.0498631924	0.0536761077	-0.0949095044	0.0166746515	0.027420721	0.0427716266	0.0642529755	0.0194761753	-0.0336000067	-0.0723582192	-0.080282427	-0.0539958877	-0.0047000831	0.0465985677	0.0179974432823257	5.4342919071300594e-05	0.0003239079647005	2.9531528531899252e-09	0.04486324721708	0.0057820041159288	0.0020127109508608	3.343157159661872e-05	-0.0880759458492832	-0.0175232494652136	0.0003070642718201	0.0077573722372458	0.0006440524402691	0.0006289996147886	3.956405154043294e-07	4.1480354581658267e-07	0.000249363287724	-6.335319022999749e-07	6.218204926452242e-08	4.013626712318249e-13	-0.0004230803704734	-7.850253479999578e-08	6.162647970024548e-15	1.789969998799094e-07	0.0	0.0
2000.1781955013023	-1.656764303150112	4000712.813758846	2.7448679561924765	2669.3380960736954	12.700557708740234	7125365.871150341	161.304166113041	2074.61874979484	-6.496335839023232	42.20237933337767	4304042.957000305	2299.111175064376	1620.2964832394905	1.14339	26.71242	0.072354700564453	0.0473386010714645	0.0553843682	0.1147701628	0.0101461337	0.0190307001	0.0330831134	-0.0612744395	-0.0208220567	0.0343718448	-0.0588127392	-0.0267121308	0.0067081047	0.0607733444	0.0627131745	0.0939563851	-0.0746621155	0.0595864845	0.0236310336	0.0208211284	0.0298682178	0.0703684983	-0.0074336351	-0.005704915	-0.0670346831	-0.0491350944	0.0750324065	0.0974318233	0.096946756	0.0195447461	-0.0321088871	-0.0049337058	0.0377083367	-0.0633509796	-0.0739645167	0.0588361627	-0.0739358107	-0.0257641334	0.0160085248	0.1254231602	-0.017008205	-0.1112453861	0.0426924859	-0.0357484709	0.0186571777	-0.099507763	0.0105626124	-0.0340204806	0.007671321	0.0904093147	-0.0525554208	-0.0031454491	0.0002135252	0.0245710796	0.0840353457	-0.0289610341	0.0162393357	-0.0200686388	-0.1074123116	-0.0398087324	-0.0500370959	0.0398367851	-0.0393301799	0.04472557	0.0272282678	-0.0890586961	0.0683745359	-0.0121188788	-0.061216485	-0.0204057767	-0.0217666407	-0.0508443536	-0.0373907001	-0.0836282739	-0.086975838	0.0629544935	-0.0450911795	-0.0020491349	-0.0848957996	0.001694332	-0.0390321685	-0.0066241185	-0.0087198766	-0.0541175254	-0.1168094649	0.056624199	0.076423244	0.0026231243	-0.0012318981	0.0497578189	-0.0372659406	0.043008886	0.141965851	-0.1035874933	0.0637218759	0.0178113211	-0.0359208828	-0.0738788195	-0.0793936715	-0.0500436514	0.0012824971	0.0520454508	0.0179658260366579	-3.161724566779975e-05	0.0003227709051794	9.996502236180019e-10	0.0357783918610437	-0.0090848553560363	0.0012800933241623	8.253459684010145e-05	-0.0492624220053343	0.0388135238439489	0.0015064896331847	0.0024267862218316	0.0002430337616045	-0.0004010186786646	1.6081598063790177e-07	5.906540927963295e-08	0.0001619486007775	-8.741468694650002e-05	2.6227349293790068e-08	7.6413274939546e-09	-0.0004230196537085	6.07167649000059e-08	3.686525539922589e-15	1.7894562742365927e-07	0.0	0.0
2000.8642995190887	0.6861040177864197	4003457.9450900136	0.4707387232226677	2661.6067831856863	-7.731312888009143	7084150.668300057	59.77319897229627	2081.8461944836527	7.227444688812739	52.235956729847466	4334083.577486066	2299.839682705431	1578.7154529903455	1.277904	29.854992	0.0348604359681706	0.0182580521263813	-0.1344460118	-0.0080590007	0.0259483214	0.0320072206	0.0481827897	0.0548330519	0.0139194797	-0.0717771499	-0.0157292345	-0.0311250755	0.0317976863	0.0011788989	-0.0719753443	0.0567915935	-0.0005261731	0.0004413518	-0.081635213	0.0512755669	-0.0661620621	0.0006934657	0.0124254296	-0.0340599347	-0.0834548391	-0.0402995903	0.0397663967	-0.0053629742	0.0530496799	-0.1186638864	-0.0205017517	0.0413027348	-0.01763754	0.0121687523	0.0130223496	-0.1477178269	0.0509264536	0.0992305796	0.0030906843	-0.0196065096	-0.0349304245	0.1852387463	-0.0436560235	0.0110377488	-0.0964110038	0.0202423435	-0.025168258	0.0052149069	0.0270995294	-0.001439307	-0.0701581155	0.0302504306	-0.0991794577	0.0185418372	0.0078158614	-0.0286520294	0.009564573	0.006924035	0.0081070971	0.0242769808	0.0158888584	-0.0159719279	0.0428729424	0.092624194	0.0502690059	0.0372741793	0.0803020486	0.0479739595	0.0424062865	-0.0794939729	0.0150605561	-0.1143177616	0.0039090835	0.1045592387	0.002682142	0.0007074504	-0.0294087771	-0.0421066359	0.0330620743	0.0978570969	0.0121879848	0.0582626672	-0.0637896733	-0.0831879508	-0.0909863833	-0.0200180204	0.1058969258	0.0685159456	0.0207752226	0.0388486716	-0.0375090173	0.0138148651	0.0681126034	-0.0614578728	0.0631837885	0.0161386543	-0.0382063093	-0.0752698111	-0.0782873035	-0.0458939156	0.0072581889	0.0571272725	0.0178932777308062	-7.254830585170027e-05	0.0003201693879517	5.263256681951848e-09	0.0472952850081895	0.0115168931471457	0.0022368439840058	0.0001326388277627	-0.0422408174441883	0.007021604561146	4.930293061310639e-05	0.0017842866583532	9.90645035501572e-05	-0.0001439692580543	2.0727147264717948e-08	9.813775863639111e-09	0.0002499744501265	8.802584934900002e-05	6.248722571604604e-08	7.748550153612849e-09	-0.0005160123453857	-9.299269167720002e-05	8.647640705370786e-09	2.6626874059045094e-07	0.0	0.0
2004.003944871978	3.1396453528893744	4016031.81106245	9.857372941919843	2660.677468981062	-0.9293142046244612	7079204.593943469	0.8636248909167948	2082.6250523158483	0.7788578321956265	0.6066195227724708	4337327.10853359	2297.3508522440766	1628.8227727583046	1.269661	29.662407	0.0570800881502706	0.0340523685063828	0.0662203758	-0.0524478677	-0.0405053985	0.0550711935	-0.1000436003	-0.0228509662	-0.0484592059	-0.0290710308	0.0266559846	0.0189558138	-0.0535862595	0.0072599754	-0.0095527866	0.0140469307	-0.000241945	0.0478382756	-0.0477535534	-0.0390352494	0.0363844732	-0.0101075284	-0.0042686468	-0.049503017	0.0012622949	0.0493977856	-0.0124677211	0.0934336535	0.0684417271	-0.0399435821	-0.0148699588	0.0271217987	0.0349680855	0.0051349639	0.0513270762	-0.0104556663	0.0179505887	-0.0686360847	-0.010503264	-0.0528750998	-0.0404172558	0.0137108996	-0.0836713845	-0.0307593168	0.038255329	0.0278771252	-0.0106344957	0.0460766008	-0.0008901429	-0.0155802239	-0.0215087066	-0.0905215322	0.056548996	-0.0101747083	0.0124767258	0.1059948165	-0.0550158575	-0.0224144844	-0.002133173	0.0177112764	0.058629373	0.0019912117	-0.0247449896	0.0348783917	0.0390446117	-0.0498160358	0.0982485391	0.0151089142	-0.0799453696	-0.0038589166	-0.0449810605	-0.0307276013	0.0608808991	-0.0692562834	0.0825094859	-0.007474412	-0.0171201323	-0.0930719796	-0.0093160234	-0.0562663035	-0.0597516888	0.0149696107	-0.0181356187	-0.0453731052	-0.1106781109	0.0054617886	0.0570857662	0.0765151428	-0.0241462967	-0.024096127	0.0605360713	0.0178417979	0.0465203921	-0.0819284821	0.0626387723	0.0144589085	-0.0404540309	-0.076528754	-0.0769663555	-0.0415630576	0.0131948967	0.0618083875	0.0178188663091134	-7.441142169279866e-05	0.000317511996542	5.537059678343507e-09	0.0267577462342103	-0.0205375387739791	0.0007159769835343	0.0004217904988926	-0.0691070793480648	-0.0268662619038765	0.0007217960286876	0.0047757884160197	0.0001120868760668	1.3022372516642802e-05	1.6958218596221378e-10	1.2563467786414184e-08	0.0002499612133974	-1.3236729100014976e-08	6.248060820310055e-08	1.7521099726718322e-16	-0.0006950142571544	-0.0001790019117686	3.2041684416849446e-08	4.830448176478824e-07	0.0	0.0
2004.8966864697904	0.8927415978123463	4019610.723417545	0.7969875604645411	2665.203035082136	4.525566101074219	7103307.21821103	20.480748535192102	2077.043907357865	-5.58114495798327	31.149179042022077	4314111.393092427	2289.942255804748	1582.1770622955746	1.109857	25.929001	0.0595541767616069	0.0257103572364398	-0.0176166147	0.0335253999	-0.082938856	0.0625016538	0.025385796	-0.0168964164	0.0550777348	0.0540163631	0.0182631109	-0.0303163024	-0.0730115587	0.0668344361	0.002676996	0.0008503996	-0.0018384748	0.0381830214	0.008112667	-0.1318034808	-0.017979798	-0.0551287791	-0.002100994	0.0994376713	-0.022774979	0.0020635476	-0.0696867163	-0.0060787201	0.00750852	0.1257314464	0.0976092035	0.0700122983	-0.0332096828	0.110418859	0.1662444782	0.0548875798	0.0829807853	-0.09157013	-0.1484473054	-0.0298478594	0.0448963644	-0.0649186044	0.0183054708	0.0699764629	0.0291535773	-0.0353160004	-0.0117994452	0.0726387388	-0.0088347324	0.0897900846	0.0399030737	-0.0159566291	-0.0800603959	-0.025242478	0.0493643035	0.0337456023	0.0623180468	-0.0230659221	0.0967069058	-0.0561484995	0.1237105381	-0.006618878	0.020893423	-0.0426165226	0.0655582686	0.0016895274	-0.0166853953	0.0396040562	0.0725117457	0.08054158	-0.0550082172	0.06389143	-0.0061869948	0.0496331158	-0.0065977169	0.0549781976	0.0066307571	-0.0186822306	-0.0670917413	-0.0018981048	0.0952339943	-0.0948582718	-0.0416263187	-0.052636678	-0.0408532326	-0.0156247229	-0.0148757763	0.0772084901	0.0284857072	-0.0340923591	-0.0062055121	-0.0126437493	-0.0035898074	0.0878110721	0.0620868871	0.0127728206	-0.0426618292	-0.0776534394	-0.0754344479	-0.0370681691	0.0190607341	0.066055961	0.0088822693557943	-0.0089365969533191	7.889470890888249e-05	7.986276510607222e-05	0.0432725383213892	0.0165147920871789	0.001872512572776	0.0002727383576827	-0.064404857379273	0.0047022219687918	2.2110891443788263e-05	0.0041479856540444	4.910633984255621e-05	-6.29805362242438e-05	3.966547943093285e-09	2.4114326127326235e-09	0.0005029895824777	0.0002530283690803	2.5299852008109094e-07	6.402335555943651e-08	-0.0004230118474126	0.0002720024097418	7.398531090534604e-08	1.7893902305142077e-07	0.0	0.0
2006.3059854618696	1.4092989920791297	4025263.707300124	1.9861236490752507	2642.4840834481374	-22.718951633998586	6982722.131276743	516.150763347967	2076.83064231552	-0.2132650423450286	0.0454819782864268	4313225.516860696	2285.807695661272	1587.839789040603	1.020026	23.830328	0.0684048181970548	0.0450283197214983	-0.0134858279	-0.0285726883	-0.0704953615	0.000739912	-0.1180759647	0.0059439975	0.1035227663	-0.0432078488	0.0611469805	0.0849674056	0.0589463663	-0.0710098421	0.0890285949	0.0555396267	0.1117604436	-0.0761554083	0.0021461198	-0.0582593571	-0.0067697896	0.0771829838	0.060898382	0.093519468	0.0620945988	0.0659402827	-0.0479678807	-0.1001489779	0.0990811848	0.0632380738	-0.0267618921	0.0058767458	0.0460030395	0.0232577122	-0.0930693094	0.0594262554	-0.0479712354	-0.0890511775	0.0501974277	0.0304879333	0.008682881	-0.0280738439	0.0320812073	0.1088892218	-0.0566652759	0.0484123893	0.0752472453	-0.0089525713	-0.0551867029	0.0553986188	0.0019838954	0.0296261239	0.0979300305	-0.090317613	-0.0892490347	0.0398025713	0.0103082016	0.0621844346	0.0368599233	-0.063851771	0.0330202051	0.0788127968	-0.1426954449	-0.0088461841	-0.0417755514	-0.0044462661	-0.0600250166	0.0157981891	0.0583305334	0.0404346313	-0.0171157294	0.0200569082	-0.0856118589	0.008495384	0.0436324232	-0.0532013676	0.0221559206	0.0063428519	-0.0464912738	-0.0965901757	-0.0385971646	0.0374218488	-0.0852182596	0.023512931	0.0207526038	-0.0420782167	-0.0333879259	0.038041469	0.0392796652	0.0103092488	0.0081267777	0.057245671	0.1143554689	0.0650212894	0.0615281933	0.0110811301	-0.0448275254	-0.0786418943	-0.0736957799	-0.0324269895	0.0248241955	0.0698401994	0.0131202476353848	0.0042379782795905	0.0001721408980138	1.7960459898280853e-05	0.0418516741218439	-0.0014208641995452	0.001751562626801	2.0188550735495e-06	-0.1064799681348702	-0.0420751107555972	0.0017703149450957	0.0113379836140029	-2.8308699850081588e-05	-7.74150396926378e-05	5.993088370612686e-09	8.013824872020093e-10	0.0005060108083987	3.021225920999977e-06	2.560469382163059e-07	9.127806065722156e-12	-0.0007559928810454	-0.0003329810336328	1.108763687591679e-07	5.715252361913243e-07	0.0	0.0
2010.943876010304	4.63789054843437	4043895.272463345	21.510028739256864	2660.9604208809988	18.476337432861328	7080710.361495182	341.37504493295273	2082.1808220358457	5.350179720325741	28.624423039784823	4335476.97565387	2286.0073126630405	1601.2000627890511	0.979379	22.880711	0.0766059532004297	0.0312898788259827	-0.0017057597	0.0214722647	-0.0771211879	-0.0380026503	-0.018600101	0.0088115961	0.0989190511	0.0835409468	0.0472333101	0.0252345049	0.057693095	-0.0572546397	0.1065205792	0.0837379666	0.0084421405	-0.1225909832	-0.0202255079	0.0264979675	0.1210531528	0.1070566787	0.0951118757	0.0035967205	0.007168322	-0.0048572005	0.1893435745	-0.0264590483	0.0113175076	-0.0339586257	0.1147901327	-0.029296277	0.0691965123	-0.0046642953	0.0011947081	0.0196863997	0.0058810755	0.0115632024	-0.0805742426	-0.0341927587	0.0510825184	-0.0127836779	0.0449882719	0.1063332722	0.0144262577	-0.0549185088	0.0883813855	-0.0513722372	-0.0079781524	0.0776959741	-0.0007178917	0.0302116196	0.1047819415	-0.0126478725	0.020696374	0.0016673281	0.0166418102	-0.0635657733	0.0334001933	0.2227769066	-0.0231484536	0.0384775529	0.0491265419	-0.0346859241	0.0509112998	-0.0150840432	-0.0770714316	0.0587184366	0.0760231177	-0.0711703263	-0.0065655308	0.0088190452	-0.0668254747	-0.0022696029	-0.0610278767	-0.0457006188	0.0059915304	-0.0209388139	-0.0260245326	-0.0081695304	0.0939923477	-0.0715062422	-0.0730450688	0.0252135636	0.0038529762	0.0186948152	-0.0314673762	0.0400356188	-0.0040317028	-0.0146204257	-0.0469729515	0.019173337	0.1154850091	0.0561781876	0.0609627523	0.009384579	-0.0469489822	-0.0794923845	-0.0717551168	-0.0276578354	0.0304543249	0.073134559	0.0070208471805131	-0.0060994004548717	4.929229513211875e-05	3.72026859088891e-05	0.0572009027361701	0.0153492286143262	0.0032719432738327	0.0002355988190548	-0.0905902300382308	0.0158897380966394	0.0002524837767797	0.0082065897783795	4.903800169446751e-05	7.73467015445491e-05	5.982512239821554e-09	2.4047256101865982e-09	0.0002499925441079	-0.0002560182642907	6.249627210954034e-08	6.554535165047392e-08	-0.0003040061261889	0.0004519867548565	2.042920265657098e-07	9.241972476038139e-08	0.0	0.0
2010.6554822142184	-0.2883937960855292	4042735.468158091	0.0831709816206217	2656.904314313616	-4.0561065673828125	7059140.535418306	16.452000485965982	2084.766559504661	2.585737468815296	6.686038257635333	4346251.6076289015	2300.2501558970257	1615.149203325731	1.041887	24.341042	0.0525180088205721	0.0270067174655778	-0.0107275533	-0.0626243794	-0.030352734	-0.075694356	-0.0936927088	-0.0122031104	0.0007294375	0.0043617508	0.0721469235	0.0589439634	0.1356734704	-0.0090885429	-0.0313441524	0.0528126957	-0.0382615899	0.0454349429	-0.0458004492	0.0745849314	0.0687051812	0.0655088862	0.0369709107	0.0231046661	-0.0388823311	-0.0434115677	-0.0335952141	0.0186784776	0.0359006511	0.0505576032	0.1181295352	0.0197493387	-0.0636961066	-0.0719060882	-0.0589687382	-0.002389116	0.0014079883	0.0362585675	0.0599901651	0.0354659831	-0.0590901278	0.0356263031	-0.0456472291	0.0061840633	-0.0514934281	0.0632203424	0.0539117455	-0.0667038378	0.1131714627	0.0224685393	0.0039306077	-0.009358252	0.0201636697	-0.0083394528	0.0753392143	0.0030106209	-0.1039603086	-0.008841157	0.0120449522	-0.0947053621	0.0520585199	0.0557588873	-0.0772339923	-0.013322333	-0.0957852891	0.0139481415	-0.0270483545	0.0234793787	-0.0097642614	0.0884445361	0.019267881	-0.0416888275	-0.0410992334	-0.0366302996	0.0088071159	-0.1227134441	0.0228835741	-0.0263331969	-0.0229221972	-0.0747942614	-0.0182404982	0.0189747192	-0.0316935133	0.0564650998	-0.0297729185	-0.0399063214	0.0558879487	0.0319029344	0.0887857116	0.0434144922	0.0384955372	-0.0143116742	0.0696284436	0.0235241533	0.060390626	0.0076839116	-0.0490241061	-0.0802034182	-0.0696177779	-0.0227795284	0.0359208828	0.0759159322	0.0235612937296991	0.016540446549186	0.0005551345622171	0.0002735863720464	0.0557816168844738	-0.0014192858516963	0.0031115887822462	2.0143723288253003e-06	-0.1122962807401108	-0.02170605070188	0.0004711526370725	0.0126104546680617	4.908206591996373e-05	4.4064225496220136e-08	1.9416559685817358e-15	2.4090491949716644e-09	0.0003879896174086	0.0001379970733006	1.505359432168718e-07	1.9043192239558764e-08	-0.0004230095030189	-0.00011900337683	1.4161803696942982e-08	1.7893703964429677e-07	0.0	0.0
2012.884490888542	2.229008674323495	4051703.973659624	4.968479670209385	2675.518376486642	18.614062173026014	7158398.582917716	346.4833105812779	2083.442225864955	-1.3243336397058556	1.753859589256559	4340731.508517119	2301.374036884144	1654.702218776092	1.119375	26.15136	0.0681304344910981	0.0374678913247456	0.0217204545	0.0236762333	-0.0175518601	-0.0643603258	0.099407203	-0.0961463077	-0.0380084316	0.0872417659	0.0089800968	-0.0496343609	0.0285583698	0.0425580098	-0.0034011721	0.0346137819	-0.1298113705	0.0357495672	-0.0379851217	0.0690324171	0.0031778476	-0.0601136348	-0.0194165269	-0.0555519449	-0.0323123157	0.0434809095	0.0037288047	-0.0158385306	-0.0367436917	-0.0890211539	0.0657644506	0.0055137065	-0.0348673922	0.020947899	0.1470024639	0.041857924	-0.0768164584	0.012326653	0.0289342441	-0.0362897563	-0.0358591492	-0.0119716022	-0.0264543063	-0.004730894	0.05863049	-0.0530175754	-0.0225469187	0.0020371022	0.1121395164	0.0290387242	-0.0357526451	0.0170521405	-0.0482723271	0.0570558232	-0.0115299017	-0.1136291578	0.0241547913	0.0170918856	0.0593210663	0.0392889107	0.0028232525	0.0336562056	-0.0341874536	-0.0582177085	0.0544939175	-0.012680643	0.011854376	-0.0117013034	0.0736515322	-0.0138666265	-0.0051956257	0.0090445419	0.077983867	-0.0204450818	-0.0875197511	-0.0421398502	-0.0126902984	-0.0043812266	-0.0524873229	0.0570012523	0.077411634	-0.0851567944	0.0786633721	-0.0137564886	-0.017299481	0.0239557046	0.0740838086	0.047017137	-0.033260739	-0.02721876	-0.0139266528	0.0725113859	-0.0505269739	-0.0186156058	0.0598118772	0.0059798738	-0.0510508491	-0.0807737477	-0.0672896215	-0.0178113211	0.041194508	0.0781648097	0.0204864959012667	-0.0030747978284323	0.0004196965143126	9.4543816857326e-06	0.0866171924269991	0.0308355755425253	0.0075025380239357	0.0009508327190387	-0.1187609942939644	-0.0064647135538535	4.179252133337843e-05	0.014104173765691	0.0002941478368478	0.0002450657709278	6.005723208045471e-08	8.652294992223998e-08	0.0006979379070441	0.0003099482896355	4.871173220890988e-07	9.606794224797183e-08	-0.0004231023937813	-9.289076240002374e-08	8.628693739257665e-15	1.790156356234663e-07	0.0	0.0
2009.2698052210624	-3.6146856674795353	4037165.1501730857	13.065952474681968	2670.970835004534	-4.547541482108045	7134085.201444817	20.680133531493432	2078.3937506154807	-5.04847524947445	25.48710234455611	4319720.582597485	2298.8915326484507	1618.1499326785306	1.051201	24.558649	0.0673209444880553	0.0373328728426419	-0.0430520066	0.0111459559	-0.0251762572	-0.0453928465	0.0073370594	-0.0670091892	-0.062775057	-0.0740656675	0.0671275823	-0.0876635359	-0.0073309847	-0.0052657663	-0.0780069962	0.0284851613	0.0122141978	-0.1157879983	-0.0587117271	0.0121866135	-0.0308830393	0.0141790371	0.0274284964	-0.0009826602	0.0061718248	-0.0505786913	-0.0340056117	0.0259678946	0.0450097006	-0.0423004456	-0.077697818	0.0691311819	0.031435662	0.0036588282	-0.0704052121	-0.0088772829	-0.0314216547	-0.0767583208	0.0097208783	0.0406570484	0.0242883528	-0.0958250746	0.1040622536	0.0018098773	0.0186738927	0.0446046024	-0.1039707451	-0.0106355267	0.008270988	-0.0204803576	-0.0825899048	0.0822629534	0.1159966688	0.003748896	0.0092951925	0.0350014439	-0.0474103178	-0.0466212849	0.0051744861	-0.0100527976	-0.0133794654	-0.0316149222	-0.0129599642	-0.0153945637	0.0953664831	0.0906605693	0.0450812006	0.0191105867	0.0081547133	0.0298403818	-0.0393333318	0.0413807876	0.0503074104	0.0264325824	-0.0166454429	-0.0294789572	-0.0164620779	0.0032164579	-0.070977606	-0.0029271288	-0.1286595327	0.0256651345	0.0068723722	-0.0196102147	-0.0219776584	0.0160899157	0.049772826	-0.0757116916	0.0270507121	-0.0329287129	-0.0161614045	-0.0311309285	-0.0281083184	0.0399052876	0.0592265694	0.0042732129	-0.0530272111	-0.0812023727	-0.064777029	-0.0127728206	0.0462468756	0.0798654172	0.0188231450807165	-0.0016633508205502	0.0003543107907297	2.766735952225029e-06	0.0604393458865928	-0.0261778465404063	0.0036529145311992	0.000685279649493	-0.1122607859054056	0.0065002083885588	4.225270909469024e-05	0.0126024840520993	-0.0001453989132918	-0.0004395467501396	1.93201345558284e-07	2.114084398643637e-08	0.0004780306328302	-0.0002199072742139	2.2851328592404145e-07	4.835920925218744e-08	-0.000422965643364	1.367504172999955e-07	1.8700676631722905e-14	1.7889993546632244e-07	0.0	0.0
2010.4555099664624	1.1857047454000167	4041931.357554509	1.4058957432641184	2656.8357167925155	-14.13511821201837	7058776.0260244	199.80156686773336	2086.505299287684	8.111548672203298	65.7972218615231	4353504.363955588	2296.671788332179	1637.3296329430946	0.999191	23.343569	0.0563106952755739	0.0288920972546936	0.0046884295	0.0057440473	-0.0366885079	-0.0492677437	-0.0708847853	0.0518520567	0.0206970063	-0.0114622237	-0.0018114967	-0.0303690577	-0.0342380529	0.0445645283	0.0112894528	-0.0335874758	0.023956222	-0.1342222033	-0.1025443559	-0.0307438289	-0.052217088	-0.0114838314	-0.1262921448	-0.0820217941	0.0277530233	-0.0094445922	0.0381815798	0.0814619898	-0.035123906	-0.0546917452	0.0208739601	-0.0795368584	-0.0259338114	0.0505515771	-0.1055112621	0.0014035407	-0.0444822783	-0.0439369448	0.0558702969	-0.0353051735	0.0637977562	0.0394233464	-0.0637551794	0.0567727979	0.0063845013	-0.0272601558	-0.0315394635	0.002587862	0.063613701	-0.0616950461	-0.0247541844	-9.40626e-05	0.0359980971	0.0507067897	-0.1025653018	0.062491464	0.0395406409	0.0993948467	0.0673602261	-0.0344206183	-0.0547664877	-0.1292847876	0.0513915346	0.0837186126	-0.0392647822	0.0143035888	-0.0558670393	-0.1040576456	0.0027247097	-0.0005821098	-0.0488538888	0.0647693683	0.0033482829	0.0366611234	-0.0078556311	-0.0128906252	-0.0394937009	-0.0783141213	0.0481226179	-0.0069813753	0.0545441224	0.0943676359	0.0118581702	-0.0840434878	0.0109631528	0.0383266205	0.0447221229	0.0053504208	0.0112982497	-0.0199496202	0.0397166955	-0.0738574782	0.0369838067	0.0530989953	0.0586347667	0.0025646777	-0.0549512416	-0.0814885411	-0.0620868871	-0.0076839116	0.0510508491	0.0810058262	0.0203990511995471	0.0015759061188306	0.0004161212898417	2.4834800953677253e-06	0.0471262707378627	-0.01331307514873	0.0022208853936583	0.0001772379699157	-0.0908156453148123	0.0214451405905932	0.0004598940549503	0.0082474814339457	0.000176117620718	0.0003215165340098	1.0337288164167489e-07	3.10174163273693e-08	0.0005559622375104	7.793160468020006e-05	3.090940095375705e-07	6.073335008030981e-09	-0.0004230489730224	-8.332965839997607e-08	6.9438319690567025e-15	1.7897043357530735e-07	0.0	0.0
2005.6934974317185	-4.762012534743917	4022806.405639879	22.676763381058187	2654.401554652623	-2.434162139892578	7045847.613342262	5.925145323286415	2076.0526943687632	-10.45260491892077	109.25694959104668	4309994.789795801	2289.1892733811924	1638.9100123161325	0.994091	23.224422	0.0221321546572369	0.016400140521052	0.0124705002	-0.0837085316	-0.0086580248	-0.0237580892	-0.0566449085	0.0041074435	-0.035667652	-0.0503721513	0.0796897476	0.0079077448	-0.0418893686	0.0376126072	0.0436516961	0.0147194132	0.0672610497	-0.0652318521	-0.0008166174	-0.0297723777	0.0041958166	0.0116721336	-0.0116983573	-0.018040638	0.0306476244	0.0988096254	-0.1308984328	-0.0439806964	0.018672938	0.0006174441	-0.0142558768	-0.0958636929	-0.0511631317	0.013866073	-0.0725727939	-0.0308683018	-0.0028458268	-0.0156146037	-0.0736997729	0.0391696541	-0.0022745378	-0.0036137148	0.0333207687	0.043713815	0.0725996806	0.0881196209	0.002998438	0.0242472505	-0.0405838556	0.0130185908	-0.0325928594	0.0195910594	0.0057877294	0.0071829988	-0.0548351481	0.058491608	-0.0898558736	0.0771535958	0.0870424239	-0.0379952603	0.0806153802	-0.023561219	-0.0653097722	0.0473059877	0.0757005331	-0.0518746842	-0.0304730047	-0.0726740953	0.014185413	0.0494443013	-0.0783202072	0.0201924741	-0.0596618204	0.0230000644	0.0718074885	-0.0440115122	0.0283309415	-0.0571718374	-0.0038871163	-0.0179762622	-0.0339498004	0.0179789853	0.0449269314	-0.0392354036	-0.035744442	-0.1086436736	0.0510026607	0.0804618312	-0.0576403004	-0.002340094	-0.0154138487	0.0259269471	0.0777921387	0.007795476	0.058036534	0.0008550176	-0.0568210419	-0.081631751	-0.0592265694	-0.0025646777	0.0555806262	0.0815780375	0.016112952701988	-0.0042860984975591	0.0002596272447765	1.8370640330778376e-05	0.0469386010744443	-0.0001876696634183	0.0022032322708258	3.5219902567574804e-08	-0.0908696457225417	-5.400040772940429e-05	2.916044034941906e-09	0.0082572925137402	0.0001300528786202	-4.60647420978e-05	2.121960464536827e-09	1.6913751237400474e-08	0.0002499724971996	-0.0003059897403108	6.248624935620403e-08	9.362972117547085e-08	-0.0004230157336604	3.3239361999979056e-08	1.1048551861656513e-15	1.789423109242465e-07	0.0	0.0
2003.903097134159	-1.7904002975594722	4015627.6227038745	3.2055332255010467	2655.0073078700475	0.6057532174245353	7049063.804843357	0.3669369604201762	2079.9732666015625	3.920572232799259	15.370886632596566	4326288.789777175	2296.691216001002	1640.8939628264343	1.13804	26.587414	0.1286810927863537	0.0804452150958442	0.0376122709	0.0401881948	0.0432063211	-0.0435861224	0.0536360876	-0.0780965779	-0.0544474425	0.0593265095	-0.0799765714	0.0618062463	0.0639607379	0.0628139633	0.0801582157	0.0354161904	0.0174020942	-0.012861477	0.0115788088	0.0677475183	0.0498036449	0.0656128296	-0.079385254	-0.0738783593	0.0218138005	-0.0645687635	-0.0318339048	0.0455073123	0.007228551	-0.0323058306	0.0214786737	-0.0018219346	0.0516413993	0.0117065318	0.0981051408	-0.0150745505	-0.0533882814	-0.0706602902	0.0494721412	-0.0049312204	-0.0885298941	-0.1106139729	-0.0268507926	-0.0481397262	0.01135449	-0.0618036652	0.0832766104	-0.0229622005	0.0454627407	0.0199758953	-0.0108850599	0.0651989244	-0.0025124207	0.0706240265	-0.0063293352	-0.0182431042	0.045513458	-0.0105954152	-0.0621226755	-0.0123473204	0.0350901244	0.021005621	-0.1057265691	0.0769380489	-0.0410185929	0.0287272913	0.0346206876	-0.0848283316	-0.0242355835	0.0901558555	0.0487380728	-0.0024096541	-0.0249501553	-0.0463914687	-0.0776910118	0.0001086224	0.0289499276	0.0231966194	-0.0483799039	0.0078763495	0.0408630282	-0.0793497069	0.0541378382	-0.0065526483	0.021694482	0.0500326327	0.0516602546	-0.0230683199	-0.0232250073	0.0330087476	-0.0377236155	0.0189749995	-0.0677179641	0.0237576041	0.057431937	-0.0008550176	-0.0586347667	-0.081631751	-0.0562039158	0.0025646777	0.0598118772	0.0815780375	0.0211057662333047	0.0049928135313167	0.0004454533682949	2.4928186958499147e-05	0.0756424867756351	0.0287038857011908	0.0057217858056021	0.000823913054347	-0.149416793560583	-0.0585471478380412	0.0034277685199694	0.0223253781979258	0.0008575528643078	0.0007274999856876	5.292562291754581e-07	7.353969150825119e-07	0.0002493187281895	-6.537690100999927e-07	6.21598282260298e-08	4.2741391856712446e-13	-0.0004236068932788	-5.911596183999675e-07	3.494696944267952e-13	1.7944280003331665e-07	0.0	0.0
2002.2494377203168	-1.653659413842206	4009002.810851325	2.7345894569889486	2648.970258985247	-6.037048884800697	7017043.432988365	36.44595923747334	2080.9374220391283	0.9641554375657506	0.929595707787604	4330300.554442853	2297.879257018308	1617.687683918437	1.026866	23.990118	0.069285651909198	0.0370354225570157	-0.0304943843	-0.0283976508	0.0620925282	-0.0416798294	-0.0028702835	-0.0521216097	-0.0423760302	-0.06166952	-0.0364550145	0.0631289599	0.0541454058	-0.0384661217	-0.0503821778	-0.0385944355	-0.0137238511	-0.067050064	-0.0419886558	0.0231203743	0.0089124374	-0.0681897114	0.1187367056	0.0592602395	0.1424579813	-0.1103252697	-0.1048029426	0.0341584819	-0.0848337034	0.0238234657	0.0418183668	0.0822330151	0.0063751097	-0.0117753245	0.0457386747	-0.0082373151	-0.046945708	-0.0139935477	0.0774253068	-0.0260991927	-0.084742995	-0.0260466178	-0.0878401154	-0.0791903215	-0.0535925033	0.0300320761	-0.0104680172	0.0326030515	0.0299038828	-0.0324173887	0.0773065123	0.104870331	0.0548118797	0.0247670243	0.0262603203	0.0542679508	0.0413750291	-0.1307015242	0.0400738775	-0.0260008612	0.0219730787	-0.0613488748	-0.0891487919	-0.0865927702	-0.020573049	0.0166354834	-0.0027063648	0.0085345173	0.0336786788	0.0095430897	0.1029395064	-0.009245572	0.0569500513	-0.0120837368	0.0011188069	-0.0517559953	0.0826132045	0.0341221971	-0.0333989774	-0.037962346	-0.0764869258	-0.0197918466	0.0173131133	0.1319129414	0.1211663709	-0.0043070034	-0.0187037124	-0.0630680945	0.0119793513	0.1003089781	0.0416973758	0.01072956	-0.1125484162	0.0231774235	0.0568210419	-0.0025646777	-0.060390626	-0.0814885411	-0.0530272111	0.0076839116	0.0637218759	0.0810058262	0.0234513044743209	0.0023455382410162	0.0005499636815473	5.501549640069376e-06	0.0721684320970439	-0.0034740546785912	0.0052082825913456	1.2069055909841416e-05	-0.1659639803610986	-0.0165471868005156	0.0002738093910111	0.0275440427772991	0.0013161551158983	0.0004586022515904	2.1031602516387626e-07	1.7322642891052672e-06	0.000728721115087	0.0004794023868975	5.310344635736407e-07	2.298266485630203e-07	-0.0004239796985723	-3.728052935000176e-07	1.3898378686163431e-13	1.7975878480145837e-07	0.0	0.0
2006.032306225031	3.7828685047143153	4024165.613618517	14.31009412395952	2658.6337699890137	9.663511003766873	7068333.522925995	93.3834449199234	2080.658599084165	-0.2788229549632888	0.0777422402144601	4329140.20594288	2298.823271602033	1624.3094765661945	1.032312	24.117359	0.0583695873333777	0.0338633121987179	0.0308337017	0.063363782	-0.0110386227	-0.0114222754	-0.021507779	-0.0769561574	-0.0132633037	0.0078318475	-0.0880255194	0.0009119569	-0.0103504993	0.0316144177	0.0110770496	0.0010290222	-0.0996015292	-0.0770627069	0.0348319979	-0.0093167503	0.0746907037	-0.0283445518	0.0154675089	0.0072654877	0.0380601905	-0.0787853831	-0.000742822	0.0535118288	-0.0186638315	0.0303569543	-0.0911847544	0.0583436024	0.0513202047	0.0143207552	-0.0144929422	-0.0429070119	-0.1162379757	-0.0727704596	0.133877398	-0.1863833815	-0.0897953047	0.1105542129	-0.0320021575	-0.0277157666	-0.0180276159	-0.0739946666	0.0016371526	0.0396410708	0.0491246131	0.0206843121	0.0329669037	0.0260188224	0.0917188555	0.0201776962	-0.0409678911	-0.03386756	0.0543813207	0.0050504276	-6.2078e-06	0.0409454303	-0.0196588325	0.041587554	-0.0602931403	0.1148594342	-0.1180507616	0.0169516828	0.0080689639	0.0227954929	-0.0480381237	0.009951058	0.0648111602	0.0204441928	0.0924487366	-0.0222023579	-0.0539372796	0.0087653826	0.0151574533	-0.0392359505	-0.0242648527	-0.0571219834	0.0831862284	-0.0457526121	0.037890035	0.0685497681	0.0962891206	0.0478922476	-0.0384613278	-0.0253442469	-0.0698297422	-0.0132956095	-0.0071914654	0.0008581042	-0.0600823472	-0.0483707012	0.0562039158	-0.0042732129	-0.0620868871	-0.0812023727	-0.0497051625	0.0127728206	0.0672896215	0.0798654172	0.0181204160817429	-0.005330888392578	0.0003283494789754	2.8418371054122857e-05	0.0755480365438217	0.0033796044467777	0.0057075058256266	1.142172621668021e-05	-0.1569418488321616	0.0090221315289369	8.139885732543899e-05	0.024630743914857	0.0007766695751987	-0.0005394855406995	2.910446486239397e-07	6.032156290393291e-07	0.0009388599708488	0.0002101388557617	8.814580448622096e-07	4.4158338700878576e-08	-0.000360864835732	6.311486284029999e-05	3.98348591134988e-09	1.3022342966788334e-07	0.0	0.0
2004.337297875781	-1.6950083492502015	4017368.003655987	2.8730533040278936	2657.736541748047	-0.8972282409667969	7063563.525342868	0.8050185163883725	2081.096815093225	0.4382160090599427	0.1920332705964238	4330963.953791165	2298.7943456653065	1627.7700704620283	1.030476	24.074453	0.037609869959392	0.0156325924497355	-0.0383699738	-0.043104495	0.0355711873	-0.0210957632	0.0396997579	-0.0652431809	-0.0615107993	-0.0770842722	-0.0052868098	-0.0038152631	-0.0029252816	0.0321438303	-0.0525100507	-0.007692269	-0.010982459	-0.0162765031	-0.0322832556	-0.0178866277	-0.0140054684	-0.0326660398	0.0533357285	0.009849515	0.0461572387	0.0693047384	-0.0240262376	-0.100985417	-0.0152026858	0.02900269	-0.0357890219	-0.029271248	0.0292727451	0.0159508369	0.0826919514	0.0097355162	0.091522513	0.0855134932	0.0685007666	-0.0043913199	0.0444229172	0.0040447742	0.0536627783	-0.0364456421	-0.0194753487	0.0435617805	-0.0492155543	0.0451960237	-0.0001085401	-0.0311751658	0.0012391476	0.0794180469	0.0006350009	-0.0033874116	-0.0304621529	-0.0123809605	0.0023660049	-0.0859546681	-0.0236760372	-0.033509457	-0.1013406594	-0.0159774922	0.0396301616	-0.0201693069	0.018365077	0.0746259895	-0.079076649	0.03613162	0.0384799443	-0.0149410783	0.0412175193	0.0430315539	0.0651565638	0.0444012588	0.0360881285	-0.0367066662	0.0036559552	0.0455354441	-0.0428094851	0.0106578895	-0.0553059932	-0.0074830757	0.0546970656	0.0694289502	0.0730352069	-0.0106866111	-0.0098085007	-0.1044800609	0.0443918289	-0.0993314388	0.0175671565	-0.1218921329	-0.0322065468	0.0396382452	0.0555806262	-0.0059798738	-0.0637218759	-0.0807737477	-0.0462468756	0.0178113211	0.0704959515	0.0781648097	0.0234415276176065	0.0053211115358636	0.000549505217047	2.831422797710068e-05	0.0644681198629655	-0.0110799166808562	0.0041561384786656	0.0001227645536547	-0.1591068027254039	-0.0021649538932422	4.6870253598649184e-06	0.0253149746735005	0.0006317230120897	-0.000144946563109	2.1009506157111333e-08	3.990739640036832e-07	0.0008603359565033	-7.85240143455e-05	7.401779580524481e-07	6.166020828932291e-09	-0.0005182720152661	-0.000157407179534	2.477702016888038e-08	2.686058818079846e-07	0.0	0.0
2001.658967248802	-2.6783306269790046	4006638.62116754	7.173454947413748	2665.8335146222794	8.096972874232506	7106668.327683374	65.56096972605701	2073.42782156808	-7.668993525144742	58.81346168871198	4299102.931252554	2296.3310892495765	1640.9293714140883	1.005989	23.502392	0.0737752901990781	0.0369060852196976	0.0663062719	0.0022171783	-0.0042943208	0.0263806286	0.1077813703	-0.0165218326	-0.0431658045	0.0384209321	-0.0322293525	-0.0639111229	-0.0201192583	0.108725536	-0.0039893585	0.0066155749	0.0738492853	0.0362768808	0.096898455	-0.0832365459	0.0846083506	-0.0198028302	0.0027890844	0.0526829132	-0.0086016553	0.0876667645	0.0017659619	-0.100869318	-0.1076533215	0.0062453805	-0.1153240028	0.0431273425	-0.0328057804	0.0397263334	0.0158055044	-0.0363752626	-0.0372340732	-0.0569490347	-0.0582398289	-0.0452334701	0.008121339	0.1416542939	-0.052841724	-0.0227527605	0.0624883619	-0.035375197	-0.0087535985	0.0595248023	-0.0159064428	0.0983239553	0.0217089781	0.0378267013	-0.09652516	-0.0781817505	-0.06044601	-0.003478303	0.0208937246	0.0104726693	0.0212621945	0.0121381546	0.0373664285	0.0352920733	0.049638668	-0.0889943146	-0.0309714477	0.0222648011	-0.0836338719	-0.0020420026	-0.0602189213	0.0006466958	-0.0075097943	0.0914231913	0.0127601958	-0.0150978594	0.0306074988	0.0348065951	-0.0176552481	0.0410306646	-0.0265211894	0.0414398014	0.1137648346	-0.0512475846	0.0268181379	0.0296959019	0.0660376354	-0.040744324	0.0408374449	-0.0038459211	-0.0080191872	-0.0585254301	0.0563136575	-0.0527390836	0.0151163	0.0018646661	0.0549512416	-0.0076839116	-0.0652939789	-0.0802034182	-0.0426618292	0.0227795284	0.0733236445	0.0759159322	0.0085019505217758	-0.0149395770958307	7.228316267472382e-05	0.0002231909638022	0.0576236970423309	-0.0068444228206345	0.0033204904608263	4.684612374762367e-05	-0.1330806799878061	0.0260261227375978	0.0006773590647525	0.0177104673860168	0.00045410015099	-0.0001776228610996	3.1549880785243306e-08	2.062069471291408e-07	0.0009049500670244	4.461411052109998e-05	8.189346238074661e-07	1.9904188575889237e-09	-0.0002212056359866	0.0002970663792794	8.824843369823172e-08	4.8931933392236195e-08	0.0	0.0
1996.1428268004624	-5.516140448339456	3984586.184986941	30.42780544580662	2639.9316177368164	-25.90189688546297	6969238.946326525	670.9082622651565	2072.4818679424893	-0.945953625590846	0.8948282617684665	4295181.09295039	2288.963270177529	1576.827473658481	1.223059	28.573666	0.066104452731063	0.0297570220171176	-0.0862125789	0.0314734368	0.0529128462	-0.0166033512	-0.0137251329	-0.0357145484	0.059130485	-0.0901288188	0.0114791101	0.0288887309	0.0885217842	-0.0010962988	0.0456401737	-0.0740311415	0.0134805135	0.0033375625	0.0683525576	-0.0328860255	-0.082216912	-0.0250927291	-0.0482004393	-0.0244280835	-0.0129202721	0.0592825925	0.0157238681	-0.0145853593	0.078613962	-0.0394800284	0.1380303328	0.0339202222	0.0348477579	0.0352155045	0.0897550356	0.0189229799	-0.0041192183	-0.0171347662	-0.097993288	-0.0117352211	-0.0032937906	-0.0847162575	0.1835759524	0.0357949307	-0.0565132442	0.0398594367	0.0222463366	-0.0538755507	-0.0984673676	-0.0082306066	0.0579906718	0.0968266416	-0.0061144897	0.0383143891	-0.0615681079	-0.1106437688	-0.0704826662	0.0101059971	0.0281682113	0.0332716609	-0.0456007532	0.0020709578	-0.0578048705	-0.0878835616	0.0838991886	-0.0802043805	-0.0113910509	-0.0141311706	0.1050973397	-0.0036520334	0.0544445076	0.0192327738	-0.0885060308	0.0641249006	-0.0254262177	0.0031172153	0.0259828603	0.0689556593	-0.0777847203	-0.0206074612	-0.1231335703	-0.0122580815	-0.0009805947	0.1190277963	0.1166059281	-0.0195881508	-0.0401016342	-0.0552459832	-0.0583994882	-0.0258516203	-0.057423681	0.003446389	0.0304779655	0.005551948	0.054315831	-0.009384579	-0.0668016447	-0.0794923845	-0.0389598496	0.0276578354	0.0757575129	0.073134559	0.0210304332084518	0.0125284826866759	0.0004422791209351	0.0001569628784303	0.0477692230287374	-0.0098544740135934	0.0022818986687692	9.711065808458952e-05	-0.1345173748005947	-0.0014366948127886	2.064091985093678e-06	0.0180949241232436	0.0008156295377567	0.0003615293867666	1.3070349749590614e-07	6.65251542861208e-07	0.0006173302010108	-0.0002876198660135	3.810965770800348e-07	8.27251873256812e-08	-0.0004177524075664	-0.0001965467715797	3.8630633418442074e-08	1.7451707402752357e-07	0.0	0.0
2004.327961045155	8.185134244692563	4017330.575427429	66.99642260363889	2650.14727129255	10.215653555733752	7023280.55953935	104.35957757077566	2082.2076528853727	9.725784942883363	94.5908927552168	4335588.709734413	2297.245203855321	1618.818961696697	1.223917	28.593712	0.0470250399093604	0.0220123135783104	0.0561772123	0.0137932952	-0.0167795836	0.0073521996	-0.0826573444	0.0700855319	0.0716012123	0.0309304123	-0.1018441802	0.0304971262	0.0565303072	-0.0352250665	-0.0220329014	0.0058473869	0.0461682839	-0.0207523543	-0.0266405543	0.00220898	0.0422440885	0.0387703789	-0.0069605527	-0.0010156087	0.0434434865	-0.0495387933	-0.0192491978	0.0345069319	-0.1162265495	-0.0333281999	0.0578458696	-0.0436230508	-0.0437103621	0.0682384583	-0.108899395	0.032863372	0.0757838229	0.0688142621	-0.0317817491	0.0003711267	-0.0715855798	0.1332488559	0.0570536883	0.0035118316	-0.0640905548	-0.0780463418	0.0747770792	-0.0560650321	0.0114166876	-0.0769649161	-0.0029653585	-0.0779019681	0.0329826906	-0.0869987174	-0.00445048	0.1003866506	-0.0297491021	0.0376995945	-0.0708372374	0.0535299993	-0.095410323	-0.0479702109	0.0748498738	0.0717454285	-0.1018400723	-0.022267095	0.009428561	-0.0229553748	0.0915813102	-0.0048701929	0.0413241373	-0.0246301466	-0.0034574142	-0.0738457132	-0.0080838885	-0.0268600491	0.0242585523	-0.0409621209	0.044701778	-0.0923460011	0.1278330605	0.0875904607	-0.0409862012	0.0526081123	0.089530201	0.0047170415	0.0579926198	-0.0495281264	-0.075849721	0.0153458245	0.0287597637	-0.0067929159	0.0124027562	0.0225674996	0.0536744641	-0.0110811301	-0.0682433853	-0.0786418943	-0.0351510839	0.0324269895	0.0777844842	0.0698401994	0.0189303150491326	-0.0021001181593191	0.0003583568278594	4.410496283102257e-06	0.0574847667373461	0.0097155437086087	0.003304498406847	9.439178955388608e-05	-0.1498689237875723	-0.0153515489869776	0.0002356700562995	0.0224606943172451	0.0008155467609016	-8.277685509998704e-08	6.852007740244249e-15	6.651165192170915e-07	0.0007259476066439	0.0001086174056331	5.269999275920066e-07	1.1797740806465384e-08	-0.0001292960089655	0.0002884563986009	8.32070938938013e-08	1.6717457934406652e-08	0.0	0.0
2003.1473080585145	-1.1806529866405526	4012599.137782073	1.393941474863257	2669.3364399501256	19.189168657575465	7125357.029645611	368.22419376887655	2080.508241284795	-1.699411600577605	2.887999788177737	4328514.542053951	2296.648753601179	1612.697455340045	1.069248	24.980276	0.0424158240474814	0.0242355504031914	0.0089166821	-0.0307304176	0.0153947496	-0.0457640231	0.0076267949	0.1300091246	-0.0039389877	0.1171347748	0.0163298565	0.0987052215	-0.0261068629	-0.1233242202	-0.0366335833	0.0088490118	-0.0076728668	0.10034507	0.0068523632	0.108043234	0.0381806575	-0.0522631907	-0.01866656	-0.047802519	0.0373834161	0.1024645258	0.0543406739	0.021982569	-0.1392037055	0.0667510586	0.0026833317	-0.0974378626	-0.0734005728	0.1379995935	0.0846304488	-0.0627359512	0.0384253268	-0.0311567582	-0.0247554817	-0.02000215	-0.0631907418	-0.0258290122	0.0581771819	-0.0428533803	0.0233316223	0.0380025269	0.0921920912	-0.0093103649	0.0121534463	-0.1120917706	0.0343215215	-0.0643391015	-0.0150784989	-0.02795393	0.0884737361	-0.1165977386	0.0710749966	-0.1358308705	0.0598028269	0.0553498341	-0.0371805038	-0.0306415303	0.0791341222	-0.0300989799	-0.0342604728	-0.1247184908	0.0448741097	-0.0517473056	0.032229584	-0.0670981822	0.0540783733	-0.0049960115	-0.0362902805	-0.0440993281	-0.0265918112	-0.0473514901	0.0555382093	-0.0283751394	0.1125738714	0.0649212182	-0.0528560917	-0.0636502605	-0.04621856	0.0363332951	0.04927862	-0.0480979994	0.0753092606	-0.1461027317	-0.0612614853	0.0322435197	-0.0013574293	-0.0247803472	0.0078746592	0.0546956931	0.0530272111	-0.0127728206	-0.0696177779	-0.0776534394	-0.0312459714	0.0370681691	0.0793936715	0.066055961	0.0133351375423842	-0.0055951775067484	0.0001778258932743	3.130601133202324e-05	0.0690453059483076	0.0115605392109615	0.0047672542734954	0.0001336460668481	-0.1510320648442089	-0.0011631410566365	1.3528971176336849e-06	0.0228106846111053	0.0006981505711395	-0.0001173961897621	1.3781865370658993e-08	4.8741421998241e-07	0.0006768447571952	-4.910284944870005e-05	4.581188253426292e-07	2.4110898239817028e-09	-0.0004447362952174	-0.0003154402862519	9.950257419068063e-08	1.977903722836984e-07	0.0	0.0
2002.129555065152	-1.0177529933623646	4008522.755265384	1.0358211554980534	2667.595937456404	-1.7405024937215785	7116068.085533911	3.0293489306510333	2084.0054572610293	3.4972159762342017	12.23051958442774	4343078.745893751	2308.0359076862696	1624.2138275901727	1.016957	23.758625	0.0411779761373165	0.0203206463007603	-0.0209046551	0.0316415205	0.0469072136	-0.0565639779	-0.0601256555	0.0646349547	0.0153117062	0.0162785946	-0.0626698862	-0.0639050946	-0.0197402615	-0.060589714	-0.0782660721	-0.0632297408	-0.06733356	0.1007455379	-0.0644575434	0.1017883409	-0.0488548187	-0.0141433371	0.0146406202	0.0586707445	0.0079872955	-0.0259971897	-0.0059786484	-0.0611669035	-0.0152112297	0.0033017632	0.0195347272	-0.0141324577	-0.0707203336	0.0097587018	-0.075214207	0.0193645809	0.012960912	0.0105726327	-0.0551837572	-0.0488019592	-0.1286870936	0.0417844665	-0.0137856552	-0.0604955975	-0.03663548	-0.0446395496	-0.0572279809	-0.0580149279	0.0678359974	-0.1050890797	0.0193170475	-0.0797513524	-0.0723798737	-0.0102972496	-0.040368786	0.0447867823	0.0485692121	-0.090849586	-0.0548615508	-0.0223136683	-0.0270886405	0.0503701798	-0.0413938903	0.0012724084	0.031487453	0.0656939397	0.0880189079	0.0930914612	0.1036563875	-0.1436504163	0.051782384	-0.0317946485	0.0395871109	-0.0123432012	-0.0694764213	-0.0285025259	-0.001816602	-0.0488994226	0.0631516611	-0.0414885216	0.0242373241	0.076036411	0.0506459341	0.0444268243	0.04721858	-0.0670273857	0.0464672346	-0.0577754415	0.0462820711	-0.0403557159	0.0244442876	-0.0477448534	-0.0354617796	-0.0064449153	0.0523741431	-0.0144589085	-0.0709234662	-0.076528754	-0.0272552159	0.0415630576	0.0805764318	0.0618083875	0.004625604625474	-0.0087095329169102	2.1396218151206463e-05	7.585596363074228e-05	0.0749465330518148	0.0059012271035071	0.0056169828164867	3.482448132716795e-05	-0.1511022522562015	-7.018741199260603e-05	4.926272802219817e-09	0.0228318906368967	0.0008150306801039	0.0001168801089643	1.3660959871530013e-08	6.642750095106257e-07	0.0007289660023146	5.2121245119399954e-05	5.313914325305293e-07	2.716624192796573e-09	-8.379707520306923e-05	0.0003609392200143	1.302771205445535e-07	7.021949812588841e-09	0.0	0.0
2000.9400470525204	-1.189508012631677	4003761.071898543	1.414929312114962	2679.044888632638	11.448951176234004	7177281.515308664	131.07848303579	2074.592942694656	-9.412514566373376	88.59543046219096	4303935.877878472	2305.343010959855	1626.6337060844162	0.982584	22.955585	0.0662383445465519	0.0323341657247956	0.0118825984	-0.0715979987	0.0374949556	0.0127230134	-0.0623950903	-0.0145293729	-0.0992553556	0.0063503032	0.0265703112	-0.0313802689	-0.0798247796	-0.0866230811	-0.0383259777	0.0792846035	-0.0221010515	-0.0498280213	0.0607060503	0.0220935232	0.0175352205	0.0294232363	-0.0220997075	-0.0097743566	-0.0784506907	-0.0079967185	0.0459640742	-0.0567399756	0.0396463611	0.0198238806	-0.039829847	0.0490633894	0.0129881093	-0.0901490616	0.0154525659	-0.0424347958	0.026364812	-0.0076802172	0.0357154832	0.0129937729	0.0309658695	-0.0490443424	-0.0776546918	-0.0859893765	0.0356862678	0.0540042177	-0.047437319	0.0130668786	-0.010677391	0.0127701936	-0.0807429766	-0.0450302022	0.0289121772	-0.0346535604	0.0044014963	-0.0581427069	0.0586331011	-0.1282734786	0.0344399065	0.0030267266	-0.0376676241	0.0097866472	-0.0002338403	-0.0172142926	-0.0196212134	0.0188742349	0.0046329609	0.0769033021	-0.0607815051	0.0192632788	0.0413497075	-0.0059009937	0.0115060617	0.004986418	0.0513997778	-0.0408325341	0.0342203649	-0.0721383216	0.0165083786	-0.0513181418	-0.0329761739	-0.0825751802	0.0318413842	0.0539943247	0.0431552124	-0.0688808129	0.0398496023	0.0040921681	0.0055050406	0.0426304628	0.0815787081	0.0436885478	-0.0047095707	-0.0807539449	0.0517153317	-0.0161386543	-0.0721591615	-0.0752698111	-0.0231897558	0.0458939156	0.0813264124	0.0571272725	0.0059256471656823	0.0013000425402083	3.511329433215868e-05	1.6901106063512502e-06	0.0548246905597835	-0.0201218424920313	0.003005746694976	0.0004048885452741	-0.1466930296785307	0.0044092225776707	1.944124373944185e-05	0.0215188449562662	0.0004956993510485	-0.0003193313290553	1.0197249771628813e-07	2.45717846629904e-07	0.0008058771361472	7.69111338326001e-05	6.494379585648128e-07	5.915322507416123e-09	-0.0004956993510479	-0.0004119022758448	1.6966348484615106e-07	2.457178466293092e-07	0.0	0.0
2000.6961195651888	-0.2439274873315753	4002784.962843205	0.0595006190758958	2658.694308689662	-20.350579942975852	7068655.427058801	414.1461040154512	2078.2809381565125	3.687995461856645	13.601310526675205	4319251.657904714	2299.17073896871	1626.2887126831208	1.00607	23.504276	0.12546340023397	0.0675667524330272	0.0450931744	0.0633485631	0.0463348456	0.0004305104	0.0403732379	-0.0715526124	-0.0400958019	0.0469755555	-0.0809792224	0.0096274724	0.0502646079	0.0576869314	0.0490742055	-0.0547100525	-0.0319852675	-0.018534916	0.0385941475	0.0255917164	0.0477129342	-0.0667087921	-0.0112489129	0.1243304566	-0.0123520004	0.0253033717	0.072066439	-0.133002019	0.0564449031	0.0198944616	-0.0077073676	0.0535273126	0.0367598451	0.0567492459	0.0485619354	0.0872413822	0.0217692488	0.0546601291	0.1565886119	-0.006210346	0.0562107463	0.0694044568	-0.033506646	-0.0813978666	-0.0072782981	-0.0913607913	0.0325171453	0.0136874979	0.0391710261	0.050548046	0.0675242226	0.0308500038	0.0064179219	-0.0013848386	-0.0125136634	-0.0218082338	0.0097693669	-0.019048646	0.008665053	0.0117806514	-0.0595924598	0.0044062224	0.0096032654	0.0511727373	-0.1023477788	0.0085218768	-0.0871761718	0.0995092831	0.0552768446	-0.0018563443	0.0832445975	0.0279319778	0.0718616335	-0.0588676718	-0.0634100507	0.0210807992	0.0062168096	0.0334678331	-0.0466504597	-0.011593394	0.0474604633	-0.0700908755	0.0448669127	0.0709494083	0.1343468583	-0.0071888204	-0.002751687	0.0118105116	-0.0906287291	-0.0040582403	-0.0039513518	-0.0145415237	-0.0558955049	-0.0505741717	0.0510508491	-0.0178113211	-0.0733236445	-0.0738788195	-0.0190607341	0.0500436514	0.0816395852	0.0520454508	0.0107980790567268	0.0048724318910445	0.0001165985113153	2.3740592532867484e-05	0.0788936557271995	0.024068965167416	0.0062242089140018	0.0005793150842302	-0.2013025576648743	-0.0546095279863435	0.0029822005468912	0.04052271972242	0.0008700361374349	0.0003743367863863	1.4012802964209726e-07	7.569628804426402e-07	0.0008579636981482	5.20865620009999e-05	7.361017073401356e-07	2.713009941084006e-09	-8.387319565198115e-05	0.0004118261553959	1.696007822681835e-07	7.034712948875509e-09	0.0	0.0
2000.7613296785007	0.0652101133118776	4003045.898336882	0.0042523588781479	2649.53763961792	-9.156669071742272	7020049.703752099	83.84458848940147	2076.013332334887	-2.2676058216256934	5.142036162270736	4309831.356032201	2292.8966545590847	1591.2209996130848	1.069723	24.991358	0.1145697347953986	0.05700889898752	-0.0615218447	0.0062062866	-0.0098580861	0.0262326092	-0.0024874211	-0.0532378122	-0.0024150603	-0.1214520883	0.0172735987	-0.0006262747	-0.038924844	0.0136451486	-0.014615107	-0.0313163044	-0.0450741802	-0.0528223104	0.018820326	-0.0535513234	-0.0204707465	-0.040659638	-0.0247689644	0.0934665703	0.03717159	-0.0200646645	0.0749767452	0.0433668789	0.0252889275	-0.0451835512	-0.0131116782	0.0470868369	-0.1103333971	0.0573767943	0.0487228036	-0.0472125353	-0.0251899029	0.0351241162	0.0215028571	0.0599462052	-0.0699476881	-0.0557629056	-0.0333477807	0.0118199983	-0.0095198365	0.0330775823	-0.065622428	0.059906352	-0.0579511688	0.0078576373	-0.0006670898	0.0484732754	0.1169890995	-0.0094175323	0.0123017036	-0.0401500389	-0.0604735626	-0.0966381485	0.0384989336	-0.0300547817	-0.0283817682	-0.0073264412	0.0893366014	0.0155014085	0.027082175	0.037147736	-0.0537291976	0.0742549525	0.025591165	-0.0991566401	0.0133390779	0.0730622983	0.0695490248	0.0676172373	0.011651022	0.0065136242	-0.0237472277	-0.0116900458	-0.0362287587	0.0164052069	-0.1226978006	-0.0677601008	0.0172846812	0.0558682814	0.0459505537	-0.0178690259	0.0098226207	-0.0673954333	-0.054428616	-0.0107437011	0.0416101711	-0.0984761939	-0.0061409013	-0.0308061231	0.0503807682	-0.0194761753	-0.0744157659	-0.0723582192	-0.0148794683	0.0539958877	0.081514268	0.0465985677	0.0175846287380494	0.0067865496813226	0.000309219167855	4.605725657705989e-05	0.0576384178286275	-0.021255237898572	0.0033221872097874	0.0004517851381248	-0.1650059051685062	0.0362966524963681	0.0013174469824421	0.027226948740478	0.0003212190843339	-0.000548817053101	3.0120015777446585e-07	1.0318170014030914e-07	0.0008399163711336	-1.8047327014599958e-05	7.054595104982353e-07	3.2570601237190925e-10	-0.0005216347099191	-0.0004377615142671	1.916351433734409e-07	2.721027705923836e-07	0.0	0.0
2001.325624749451	0.5642950709502657	4005304.25627878	0.3184289270987653	2651.2286943708145	1.6910547528946154	7029013.589855174	2.8596661772874685	2074.2064526982667	-1.806879636620124	3.264814021232472	4302332.408415127	2292.015853697995	1639.2954716159295	1.122972	26.235397	0.0552286523136277	0.0361606750351115	0.0652878587	0.0370932389	-0.0105458303	-0.0051618253	-0.1033102636	0.0164924677	0.0723706393	0.0140181508	-0.0394155237	0.0003872253	-0.059015201	-0.0065033872	0.0580362064	-0.0518523215	-0.0420879933	-0.0523753663	0.0603258712	0.0030015541	-0.0196134165	0.0148129512	-0.0957734944	-0.0205853921	-0.0720584895	-0.0903938543	-0.0037129221	-0.0262963642	0.0366617058	0.0205102849	-0.0685230639	-0.1337660544	0.0062739553	-0.0264041674	-0.0712167485	-0.033723455	-0.0020509429	-0.0099628376	-0.0001062906	-0.0208371015	0.145314722	-0.0027525849	-0.0528530424	0.039652639	0.0072537685	-0.0721856441	-0.0080942146	-0.0156201	-0.0473542734	0.003307577	0.0562147201	-0.0661660812	0.0490048954	0.0018442265	-0.1018088729	-0.00147443	-0.0094542444	0.0801270633	-0.020762759	-0.0498210879	-0.0669488507	-0.0259319133	0.0263126523	0.0042190203	0.0176163082	0.0105752045	-0.0318454761	-0.0307927478	-0.1057557374	-0.0056891198	-0.0299542478	0.0727565662	-0.0451746491	-0.0033428194	0.0153281401	0.0339224518	-0.010134344	-0.0649318607	0.0290271275	-0.0978953611	0.061537977	0.0661700944	0.0215130476	-0.0040688674	0.0907492729	-0.0025364242	-0.002834587	-0.0580741919	-0.0235606296	0.0058128414	0.0432373536	-0.0602964233	0.0747377728	0.0020207741	0.0497051625	-0.0211324865	-0.0754344479	-0.0707106781	-0.010657419	0.0577350269	0.0809511339	0.040824829	0.018018790679406	0.0004341619413565	0.0003246768175482	1.8849659132253108e-07	0.0576788185389034	4.040071027590353e-05	0.0033268461080437	1.632217390797497e-09	-0.1339707411007609	0.0310351640677452	0.0009631814087118	0.0179481594710871	0.0004882683928601	0.0001670493085262	2.7905471479081572e-08	2.38406023466185e-07	0.0011098814602679	0.0002699650891343	1.231836855846406e-06	7.288114935129057e-08	-0.0004842705956946	3.736411422449994e-05	1.3960770317814784e-09	2.3451800985440278e-07	0.0	0.0
2000.989922699335	-0.3357020501159695	4003960.6707442906	0.1126958664520649	2653.469696044922	2.2410016741073377	7040901.42782873	5.02208850335189	2080.923496791295	6.717044093028108	45.11868134768379	4330242.59949811	2296.12618015309	1623.1916975620263	1.044803	24.409174	0.0385867056399937	0.0244056459276209	-0.0028134858	-0.0849390588	0.0354325254	0.0078883883	-0.0460584043	0.0123002574	-0.0269106903	-0.034513916	0.0440685042	0.0589694681	-0.0453221522	-0.0384235886	0.04657955	0.0203006788	0.0612524935	0.0925443784	-0.0111410019	0.0263089654	0.0252212149	0.0690904627	-0.0336667052	-0.0156686187	0.0770432025	0.0165285203	-0.0092379487	0.0007267805	0.0390349417	-0.0454553674	-0.0231619515	-0.0328167359	-0.0805133743	0.0346435679	-0.0896640887	-0.0596398688	0.0898006044	-0.0153127585	-0.0428619364	0.0195452349	0.0017375575	-0.0001668676	-0.0243297263	-0.0048394448	0.0019161801	0.0888876139	0.0247888311	-0.0178549036	-0.038202689	-0.0041386512	0.0218138589	-0.0635522668	-0.0291328075	-0.029080337	-0.016209883	-0.0125704985	-0.0321704145	-0.0223932008	-0.0086432891	-0.0185206169	-0.0044949268	0.0356525923	-0.0260754326	0.106836392	-0.0111573324	-0.0043007127	0.0144908412	-0.0865177597	-0.0580269203	-0.0886647127	-0.0013980089	0.0044704925	-0.071365793	0.0498717346	0.0704764916	-0.0147879921	0.0068336453	-0.0646273397	0.0121428843	0.0041436914	-0.0456908575	-0.0493786147	0.1031145522	-0.0007943211	0.0413350306	-0.1074288831	-0.0139930678	0.0788057927	-0.0738324345	0.0348823801	-0.0131486821	-0.0635340855	0.0798420865	-0.0254575753	0.0490241061	-0.0227795284	-0.0763786853	-0.0689390864	-0.0064061583	0.0612463124	0.0799532077	0.0347647336	0.022182715394905	0.004163924715499	0.0004920728622913	1.7338269036343427e-05	0.0575284787230998	-0.0001503398158035	0.0033095258641941	2.2602060215859665e-08	-0.1343638883684121	-0.0003931472676511	1.545647740615959e-07	0.0180536544974791	0.0008157069665999	0.0003274385737397	1.0721601957275443e-07	6.653778553596103e-07	0.000795788082784	-0.0003140933774839	6.332786727010344e-07	9.865464977924373e-08	-0.0005203245212917	-3.605392559709997e-05	1.2998855509612202e-09	2.707376074574368e-07	0.0	0.0
1996.058219713019	-4.9317029863159405	3984248.416483907	24.321694345237567	2668.07967540196	14.6099793570379	7118649.154293027	213.4514968130736	2075.20752978926	-5.715967002034631	32.67227876834877	4306486.291694043	2302.139541599713	1642.8571194411827	1.116291	26.079298	0.0649101919584992	0.0361631796554118	0.0727716674	0.0800579243	0.0573067845	0.0166630585	-0.0033279097	-0.0818634998	-0.0484991807	0.0378220168	-0.052815689	-0.037134081	0.0066159332	0.0167862196	0.0973134278	0.0708264212	-0.0673593343	0.0713283465	0.0633541779	0.0499817552	0.0037970782	-0.0326449303	-0.0669918734	0.0098515611	0.0269868163	0.0047243094	-0.0255153081	0.0137771571	-0.0685561758	0.0184912749	-0.0594711028	0.0741474544	0.0090948589	0.0137171022	0.0239272271	0.0179520638	0.0147580521	-0.0218653349	0.058578237	-0.0555796013	0.0733876155	-0.046686716	-0.0328843478	-0.0673270182	0.049421748	-0.0645287598	-0.0105128566	-0.0562405609	0.0078819757	0.0795134516	-0.0037926625	-0.0276402692	-0.0491178167	0.0390379194	0.0269937609	-0.0267048123	0.0332951466	-0.0215268084	-0.0274550086	-0.0195407576	0.0081279993	0.033073199	-0.0412424705	-0.0630471315	0.0567100807	-0.0478757861	-0.0085441361	0.0058965302	0.0465337919	0.0239664418	0.0146665995	-0.0190181787	-0.0477495814	-0.0698238631	-0.0456774902	0.0778729951	-0.0087575105	0.0271775417	-0.0678743631	-0.0384903762	0.0311243325	-0.0307288826	0.0746038357	-0.0010163431	-0.0037977823	0.035650634	0.0630396041	-0.0139974901	-0.0466285989	0.0149102345	-0.0516780467	0.0407276421	-0.0326140071	0.0245586154	0.0483376736	-0.0244165784	-0.0772475461	-0.0670465522	-0.0021373389	0.0645158866	0.0785258491	0.0284607885	0.0127428398096327	-0.0094398755852723	0.0001623799664139	8.911125106542005e-05	0.057389221471908	-0.0001392572511918	0.0032935227411517	1.9392582009496162e-08	-0.1109208631202207	0.0234430252481913	0.0005495754327873	0.0123034378753347	0.0008155424078796	-1.645587202999321e-07	2.707957242675128e-14	6.651094190500559e-07	0.0009969664325466	0.0002011783497626	9.939420676246944e-07	4.047272841320304e-08	-8.390675229772462e-05	0.0004364177689939	1.9046046909367886e-07	7.040343081151716e-09	0.0	0.0
1996.4401912569328	0.3819715439137781	3985773.4372660182	0.1459022603598753	2656.195174080985	-11.884501320974778	7055372.802811114	141.24137164825123	2078.519305573792	3.311775784531619	10.96785884701002	4320242.503642958	2301.4419413844	1593.871513010725	1.167965	27.286533	0.0536174074379679	0.0245960867127776	-0.0810464319	-0.0276087277	0.052712615	0.0509791338	0.0527020428	-0.0612779712	-0.028135129	-0.0971317037	0.0056263349	0.0096469768	0.0066045916	0.0049935829	-0.0429683606	0.0178676989	-0.0224088763	0.0414023663	0.0046130116	0.0270449696	-0.0170018945	-0.0113213111	0.0453345509	-0.0486694095	-0.054446408	-0.0097577128	-0.0217516053	0.0387842253	0.0297688091	0.1834485026	-0.0365578043	0.0959414508	0.1363992946	-0.0532268605	-0.0306384955	0.0673793149	-0.0839471498	-0.0309357179	0.0151862299	0.095769507	-0.0818986504	0.0294220097	-0.0198229049	-0.0324435585	-0.069355657	0.0329145775	-0.0454181959	0.0331816013	0.0229196787	0.0019422549	0.0159240993	0.0058639389	-0.0181531508	0.0236625089	0.0408219149	-0.0601421755	0.009120267	0.0184589548	-0.0391132881	-0.033264053	0.0012747696	0.0252341428	-0.0206419231	-0.044397259	-0.0708324237	0.065910886	-0.0447504099	0.0345306885	-0.027438587	0.0940812448	0.0300313858	-0.0898246349	0.0492276765	0.0520364088	0.0287443388	0.0098411663	-0.0227373188	0.0601370457	-0.0360993763	0.0481116254	-0.0601909429	-0.0177872639	0.0151835312	0.0052438142	0.0019234852	-0.0386531085	0.0472872058	-0.0487479436	0.0305911876	-0.004384999	-0.0356350206	-0.0223653341	-0.0274974618	0.0057711308	0.0476459404	-0.0260429185	-0.0780401729	-0.0650363955	0.0021373389	0.0675308461	0.0766767246	0.0219572114	0.006246825629006	-0.0064960141806267	3.902283043920621e-05	4.219820023490317e-05	0.063378374618594	0.0059891531466859	0.0040168183692948	3.586995541445874e-05	-0.1161901958524822	-0.0052693327322615	2.776586744328248e-05	0.0135001616122381	0.0004955950926947	-0.0003199473151849	1.0236628449402575e-07	2.456144959030684e-07	0.0007649383834895	-0.0002320280490571	5.851307305355294e-07	5.3837015549244045e-08	-0.0002491895356236	-0.0001652827833258	2.7318398463948263e-08	6.20954246643054e-08	0.0	0.0
1999.741245059183	3.3010538022501805	3998965.047190852	10.896956205350374	2666.0640869140625	9.868912833077502	7107897.715532914	97.3954405068818	2074.1970943162423	-4.3222112575494975	18.681510154887608	4302293.586069942	2294.2346043283064	1636.6100009326526	1.171958	27.379829	0.0719138138322021	0.0352390906471151	0.0864927588	0.0240266285	-0.0242712488	0.0587682161	0.0411571481	-0.0640186509	-0.0207445654	0.0520417302	-0.0496832228	-0.0079321696	-0.0326425514	0.1002807017	0.0204175538	0.0071176508	-0.0260132609	0.09690927	0.0188502228	-0.028216925	-0.0228682002	-0.0570351351	0.0483363404	0.0380356989	-0.124696297	0.047790478	0.0085467834	0.0448051731	0.1028419053	-0.0996892899	-0.1016358628	0.0470076458	-0.0018464191	0.0329442677	0.0012671257	0.0089507289	0.0218182634	0.0075170134	-0.0098515616	-0.0810034947	-0.0468557868	-0.0420854919	-0.0375503415	-0.0396523155	0.0331691949	-0.0665329098	0.001125012	0.089736364	0.0089719611	0.0555936498	0.0301277883	-0.0161174472	-0.0222731526	0.0447549107	0.0002353043	0.0111257067	0.0034039956	0.0155862362	-0.0937046682	0.0486504494	0.1328847259	0.0695269516	-0.0543364368	-0.0340138789	-0.005849451	-0.0419636121	0.103134993	0.0286565632	0.0662037414	-0.0065551175	-0.0047624696	0.0017618846	0.0758022055	-0.0690863664	0.0096032932	0.0576813247	-0.009922086	0.0228004955	-0.0441663159	-0.0395881053	0.1296499828	0.0067447401	-0.0062738317	0.0183153	0.0216088112	-0.0499420898	-0.0326510859	0.0116712151	0.0144482349	-0.0356068419	0.0027665132	-0.056370273	-0.0983346447	-0.061999713	0.0469489822	-0.0276578354	-0.0787557834	-0.0629121428	0.0064061583	0.0702792922	0.0744157659	0.0152996203	0.0101057065297283	0.0038588809007223	0.0001021253044649	1.489096180595935e-05	0.0808490804546693	0.0174707058360753	0.0065365738103655	0.0003052255624106	-0.1210656669322318	-0.0048754710797495	2.3770218249474616e-05	0.014656895709746	0.0008155996134123	0.0003200045207175	1.0240289327970084e-07	6.652027293982932e-07	0.0012669365349895	0.0005019981515	1.6051281836912004e-06	2.5200214410941694e-07	-0.0001570170875281	9.217244809549998e-05	8.495760187917638e-09	2.4654365775807013e-08	0.0	0.0
2000.6836926407952	0.942447581612214	4002735.237998808	0.8882074440867107	2649.996757507324	-16.06732940673828	7022482.814799332	258.1590742646368	2079.0515054654675	4.854411149225143	23.565307605721376	4322455.162378226	2293.066280502871	1559.530361372766	1.335996	31.212151	0.0872561028025381	0.0421529555371529	-0.1211785373	0.0046139829	-0.0365442243	0.0453222698	-0.0333210059	-0.02570277	0.0408824012	-0.0976794098	0.0617849671	0.0228473767	-0.0085798693	0.0168498717	-0.0264404306	-0.0426527582	-0.0310126072	-0.0037913703	-0.0175347919	-0.0250058636	-0.0877005205	-0.0368678438	0.0961761788	0.0001899352	0.0216967294	0.0177790104	0.0220418825	-0.0073767311	0.0238775843	-0.0454690172	0.0622580882	0.0337051758	0.0295672403	-0.0929297615	0.0181426777	0.0355151035	0.038819387	-0.0103357652	0.0111879361	0.032023852	0.0269973055	0.0441433552	-0.0136032164	0.0461427886	-0.0557268429	0.0690716716	-0.061371112	0.0801244756	-0.0464772394	-0.0107383649	0.0285980267	0.0238944732	0.0460479807	0.036086839	0.0608159568	-0.0597860427	-0.0749608878	-0.1003738678	0.0025111994	-0.094512159	-0.0679753865	0.0494088612	0.0385591399	0.0060445647	0.0236855422	0.0224471467	-0.0370580664	0.0047351763	-0.0291708047	0.1195457277	-0.019773078	0.00214201	0.0362040299	0.1211266663	0.0091189896	0.0305233622	-0.015633486	-0.0294110745	-0.0326323839	0.0188208046	-0.142410648	-0.1101244024	-0.0397619603	0.012671544	-0.0305239774	-0.0067470985	-0.021789832	-0.0343226417	0.0346929026	0.0035469208	0.0262476076	-0.0378739713	-0.019798702	-0.0015594801	0.0462468756	-0.0292606206	-0.0793936715	-0.0606775209	0.010657419	0.0727503781	0.0717551168	0.0085347133	0.007119013097693	-0.0029866934320353	5.0680347485124485e-05	8.9203376569628e-06	0.0575627198690824	-0.0232863605855869	0.0033134667187264	0.0005422545893219	-0.1067014926473604	0.0143641742848713	0.0002063295028861	0.0113852085331747	0.0003590357013568	-0.0004565639120554	2.084506057914223e-07	1.2890663484876929e-07	0.0008649847526824	-0.000401951782307	7.481986223730326e-07	1.615652352998543e-07	-8.315529188980989e-05	7.38617956382901e-05	5.455564854912531e-09	6.914802569279482e-09	0.0	0.0
2004.625996803316	3.942304162520714	4018525.387059688	15.541762109828143	2663.3004025050573	13.303644997733045	7093169.0339836	176.98697022570747	2078.0888569294907	-0.9626485359767684	0.9266922038182156	4318453.297294517	2294.601024319096	1650.9941886584515	1.437684	33.587841	0.0231712744612769	0.0133673369382005	0.111687557	0.023198992	-0.0627814207	0.0231491556	-0.1048805137	0.0500558881	0.1012281848	0.0712940309	0.0061662673	-0.0272318326	-0.0678912388	-0.0131940541	-0.000374383	0.0070736409	-0.066149374	-0.0737479973	-0.0192050796	-0.055163794	-0.073506058	-0.01991392	-0.0765705265	0.0189668867	-0.0277952274	-0.0122445786	0.0854465565	0.0529261403	0.040997632	-0.0592136138	0.0589214363	0.0048681408	0.0057647	-0.0019121782	-0.0528653059	0.0440199113	-0.1009458794	0.0030296105	-0.02670735	0.015618937	0.0961377182	-0.0423943692	0.0388124486	0.0822500705	-0.0025082759	-0.0776375793	-0.0316196525	-0.0078798519	-0.0039032507	-0.0217214435	-0.0064975034	-0.1471484581	-0.000783343	-0.0303593996	-0.1129682894	0.1091536639	0.0122044492	0.0850972211	-0.0091684511	0.0150401791	-0.017149138	-0.0322880817	0.0339351698	-0.0621161279	-0.0151307735	-0.0106535593	0.0526151135	-0.0640583482	0.0531716194	-0.0718105766	-0.1042886273	0.0492564817	-0.015128641	-0.075309029	0.0560987381	0.0399432378	-0.0103430263	-0.0194351116	0.0342702568	-0.1086811382	0.0643378044	0.1828308436	-0.0267650799	-0.0272276163	-0.0216540113	0.0471230235	-0.0089130564	-0.0272532937	-0.0361661483	-0.0294988457	0.0194820735	0.0786108434	0.0119988861	0.0050960996	0.0455396975	-0.0308505711	-0.0799532077	-0.05833645	0.0148794683	0.0749343514	0.0687090676	0.0017099414	0.0058828708318543	-0.0012361422658387	3.46081692242821e-05	1.5280477013928352e-06	0.0494917369581457	-0.0080709829109366	0.0024494320271342	6.514076514863223e-05	-0.0964884200391225	0.0102130726082378	0.0001043068521011	0.0093100152016461	0.0003180348360145	-4.100086534230001e-05	1.681070958817418e-09	1.0114615691876992e-07	0.0008329869578556	-3.199779482679994e-05	6.938672719575272e-07	1.023858873777985e-09	-8.313241853363772e-05	2.2873356172165948e-08	5.231904225787621e-16	6.910999011251912e-09	0.0	0.0
2003.0030862329256	-1.6229105703903317	4012021.363458625	2.6338387194846717	2663.9353109087265	0.6349084036692147	7096551.340706374	0.4031086810497905	2080.592981675092	2.504124745601075	6.270640741531649	4328867.155395648	2288.855614036783	1595.1607001546352	1.371188	32.034325	0.0633574234151725	0.0357049264808261	-0.0589715499	-0.0352185882	0.0087709663	0.0081467347	0.1118752916	0.1167130425	0.0200253623	0.0821439474	0.0854974977	0.0661496221	-0.048630879	-0.0591315687	-0.0507227224	-0.0765888864	0.0275537684	0.0461389555	0.0016558389	-0.0032887704	0.0018437683	-0.0164319357	-0.0839142856	-0.112977592	0.0090821024	0.0756086251	-0.0954352076	-0.0534323237	-0.0364119089	0.0532854786	0.0483914725	-0.05165679	0.0414829698	-0.1217495638	0.0014980426	-0.0630558467	0.0317819387	0.0048282385	-0.0549140744	0.0213941166	-0.021099828	-0.022775279	0.0818491393	0.0521594612	0.0644446177	0.088433817	0.04442432	0.0168403767	-0.0248524879	-0.1072920167	0.0756926597	-0.0059664	-0.0818312115	0.0043744937	0.0619294906	-0.1220337165	0.040768779	0.0293611036	-0.0509394034	-0.0210280264	0.024343663	-0.0520086377	0.007546856	0.0508656905	-0.0055855923	0.0411468059	0.0184825426	-0.0574240245	-0.0134426608	-0.0261431862	-0.0279082073	0.0047397435	-0.0575006767	0.0788814934	-0.0017274056	0.0261184414	0.0384244133	0.0134322594	0.1000678567	0.1625028773	0.0104113924	-0.0918260658	0.0071994358	-0.0543623204	0.0177809707	-0.0666873939	-0.090844004	0.0445577133	-0.0413809171	0.012516243	-0.0353233616	0.0888983574	-0.0232626365	0.0990375194	0.0448275254	-0.0324269895	-0.0804338397	-0.0558930371	0.0190607341	0.0768225931	0.0652939789	-0.0051268245	0.0080514085811103	0.002168537749256	6.482518013997657e-05	4.702555969948278e-06	0.0574863770020925	0.0079946400439467	0.0033046835408267	6.391426943227761e-05	-0.1176890667957692	-0.0212006467566466	0.0004494674229001	0.013850716443259	0.0005157094061303	0.0001976745701158	3.907523567046633e-08	2.659561915712668e-07	0.0008188688965196	-1.4118061336000002e-05	6.705462696872275e-07	1.9931965588705815e-10	-0.0005112117643883	-0.0004280793458546	1.832519263473555e-07	2.613374680489987e-07	0.0	0.0
1998.120077446012	-4.883008786913706	3992483.843892857	23.84377481307646	2664.970724378313	1.0354134695867288	7102068.961793471	1.0720810530016276	2076.3067031988576	-4.286278476234202	18.37218317582859	4311049.525748509	2298.358010690922	1637.0237547192266	1.205844	28.17149	0.0412625766452924	0.0214460312505738	0.0209420802	0.0118625966	0.0247208719	-0.0340402405	0.0259389259	-0.0216707398	0.0261760142	0.0139486529	-0.0045122459	-0.0461934701	0.0806868254	-0.0542725133	0.0389286456	-0.0291964861	0.0168209216	0.1002276269	0.0087075276	0.0097791372	-0.0165737681	0.0467655317	0.0151505298	0.0008391964	-0.0019475772	-0.0545702849	0.0204969585	-0.062221073	0.0293794465	0.0144350237	-0.0591091963	-0.0695401232	-0.0446842669	-0.0029873619	-0.0143234214	0.0343528163	0.1077618425	0.104628684	-0.0326053698	0.020793993	0.0205884841	-0.0523012425	-0.0473371098	0.0157070788	-0.0318874824	0.005924248	-0.0034220899	-0.1154162893	-0.0142662227	0.0198395117	0.016903892	0.0201087787	-0.0117043035	-0.0226910083	0.0331311093	-0.016389583	-0.0055431688	0.0535558472	-0.0779376449	0.0576754164	0.0306634631	0.0891815084	-0.0883710156	-0.0906530373	-0.0031837627	-0.0589784416	0.0149076091	-0.0183632303	-0.1096883985	0.0020490263	-0.0174663903	-0.0224339491	-0.0603761822	-0.0471110882	0.0183538452	0.0213400291	-0.0142314997	0.1137920833	-0.0339981092	-0.0264120285	-0.0414637794	0.1860947346	0.0152350879	-0.0240641352	-0.0067661439	0.0340553786	-0.0485331689	0.0384596449	0.0401007118	0.0039674289	0.0542504106	-0.0014675163	0.0176973629	0.0249940422	0.0441104375	-0.0339891844	-0.0808350932	-0.0533515689	0.0231897558	0.0784076511	0.0615281933	-0.0119276293	0.013496639385309	0.0054452308041986	0.000182159274697	2.9650538510994412e-05	0.0574140745624305	-7.230243966199756e-05	0.0032963759578603	5.227642781076798e-09	-0.1001762094802174	0.0175128573155518	0.0003067001713548	0.0100352729458243	0.0008021911645604	0.00028648175843	8.207179791320217e-08	6.435106644987707e-07	0.000743793620769	-7.507527575060006e-05	5.532289502966589e-07	5.636297029028637e-09	-0.0005142984519252	-3.086687536900043e-06	9.527639950454054e-12	2.6450289765265725e-07	0.0	0.0
2000.5226456305493	2.4025681845373583	4002090.855680653	5.772333881351138	2670.403865814209	5.433141435895777	7131056.806555472	29.519025862447627	2079.4252109046743	3.1185077058166826	9.725090311238027	4324009.207745949	2296.9443678732787	1614.2811639071413	1.05577	24.665392	0.0367503664025374	0.0228719219455507	-0.0131240819	-0.003957353	0.0030346708	0.0176434649	0.1292924811	0.0408639438	-0.0072855645	0.0758907261	-0.0041881057	0.0007662168	0.0144024504	0.0290790769	-0.0828147597	0.0242549952	0.0552442345	0.0436331285	0.0048292471	0.0058274767	0.039719069	0.0034217394	-0.0289815505	-0.0497282052	-0.0194540038	0.0028607084	-0.0849584351	0.0238755813	-0.0541418352	0.0665315658	0.061882915	-0.0555332901	-0.0914169802	-0.0336300625	0.0587505131	-0.004111832	-0.0427979341	0.0052704807	-0.0037808302	0.0416677488	0.1220689358	0.0122385881	-0.0086260076	-0.0075537737	0.0282101116	-0.0201282295	0.0370716122	0.0144682792	0.0306811586	0.0223152295	-0.0422220171	0.0075554463	-0.1433550221	-0.0166399749	0.0843652462	0.0241034873	0.0463005534	0.0722289847	0.0960877256	-0.0498512687	-0.0643724561	0.0071773617	0.0444238213	0.0214839227	0.0262254797	0.0411940763	0.0255111136	0.0113963127	0.0466353372	0.0279555861	-0.0212760742	-0.0817064775	0.0087146873	-0.0014213246	-0.0265013639	0.0366560389	0.0151665155	0.0350223422	0.020117513	0.0863904322	0.0645967558	-0.0888129245	-0.0181348002	-0.0616188242	-0.0830472408	-0.0452143999	-0.0190871482	-0.0019128649	0.0322878118	0.0205703263	0.0494173136	0.0686985442	0.0277201206	0.0459027021	0.0433885123	-0.0355364705	-0.0811565722	-0.0507165039	0.0272552159	0.0796832699	0.057431937	-0.0186447705	0.0095147062419016	-0.0039819331434073	9.052963486968128e-05	1.585579155856633e-05	0.057404176882585	-9.897679845501106e-06	0.0032952395235671	9.796406632403879e-11	-0.0848994389788728	0.0152767705013446	0.0002333797169507	0.0072079147389273	0.0005497012192086	-0.0002524899453517	6.375117250375491e-08	3.0217143039942136e-07	0.0008178652074428	7.407158667380002e-05	6.689034975454543e-07	5.486599952374269e-09	-0.000491224682392	2.307376953320005e-05	5.323988404712308e-10	2.413016885911212e-07	0.0	0.0
2001.783365347068	1.260719716518679	4007136.641780233	1.5894142036189385	2666.137342725481	-4.2665230887278085	7108288.33027529	18.20321926664748	2079.1357298778885	-0.2894810267857792	0.083799264868949	4322805.38325486	2301.658642767218	1613.098228444969	1.014216	23.694593	0.0319837422471971	0.0232334581716877	-0.013869413	0.0184368496	-0.0240066724	0.0169908321	0.0453014687	-0.0616329086	-0.011646404	-0.0481371594	0.0142296291	-0.0908024683	0.0315168613	0.0281156724	-0.0404331412	-0.0032391232	-0.033374942	0.0468596339	-0.0625771806	0.0282462254	-0.0853963183	-0.0530443031	0.0615274251	0.0576736605	-0.0021792249	-0.0162297591	-0.1195022668	0.0745004249	0.0904688076	-0.0574196825	0.0569824772	0.0134100126	0.0364001437	-0.0122424332	0.0140308669	0.0519237435	0.0160307035	0.0726443105	0.0281192128	0.0189122567	0.055165773	0.0285953507	-0.004409469	-0.0044405091	-0.0439472882	0.0091878084	-0.0927674587	0.0050994621	0.0471094743	0.0133858383	-0.0513618918	0.0126411751	-0.0328088944	0.0370542417	0.0115685211	-0.0167614815	-0.0352230115	-0.0126929063	-0.0578350982	0.0347393779	0.0033749446	-0.0262797497	-0.0236793086	-0.0169961756	0.0536515365	-0.0119488922	0.0020928479	0.0798800653	0.0062107341	-0.0058441986	-0.0482141862	-0.055591963	0.0636850749	-0.0302558918	0.0024114466	0.0031457106	0.0084505015	0.0935250623	-0.0464521854	-0.019051548	-0.0783819399	0.1177255373	-0.000674638	-0.048756879	-0.0788394085	-0.0070340483	-0.0168043245	0.0171624832	0.013574035	0.0069611344	0.0779124322	0.0846731007	0.0133331331	-0.0378708472	0.0426618292	-0.0370681691	-0.0813979594	-0.0479924649	0.0312459714	0.0806444153	0.0530272111	-0.0252311319	0.0088104814228415	-0.0007042248190601	7.762458290223517e-05	4.959325957802318e-07	0.0574471601668733	4.298328428829768e-05	0.0033001762112383	1.8475627282086175e-09	-0.0855046344271883	-0.0006051954483154	3.662615306617974e-07	0.0073110425085271	0.0003710326478972	-0.0001786685713114	3.192245837445684e-08	1.376652258056076e-07	0.0007919847518416	-2.588045560120004e-05	6.272398471496007e-07	6.697979821256865e-10	-8.31469353939346e-05	0.000408077746998	1.6652744759501706e-07	6.913412865403134e-09	0.0	0.0
2004.1583935223384	2.3750281752704723	4016650.86632604	5.640758833328589	2663.6135640825546	-2.5237786429265725	7094837.21876457	6.369458638492292	2075.414436917345	-3.721292960543451	13.848021298190243	4307345.08496494	2293.2296657332454	1606.4872878220162	0.991696	23.168455	0.0486068732913258	0.0243426923654179	-0.0070672897	0.0233083488	-0.0595056182	0.0333854603	0.0420709452	-0.0437263447	0.0308888387	0.0301583922	-0.0044892703	-0.025172586	-0.0077460889	0.0507661704	0.0006996352	0.0060610341	-0.0080177266	0.0772785264	-0.0016678621	0.0209828322	0.0181476927	-0.0719721978	0.0326841174	0.0218817877	-0.1152828007	-0.0574820681	-0.0248693324	-0.0092724157	0.0987377781	0.003848951	0.0450016484	-0.0605579809	0.0643952558	-0.0316405095	-0.0424410751	-0.0747518442	-0.0402492317	-0.0049262947	0.0187812068	0.0969342946	-0.0224260842	0.0384865554	0.0603723259	0.0171211837	0.0271105094	-0.0601802828	-0.002686016	0.0699796766	0.0271732302	0.0565362733	0.0087853637	-0.0223410639	-0.0538909056	0.0316318204	0.0077759806	-0.0064136189	0.0052583728	0.0249153804	-0.0396199486	0.041631948	-0.0471970253	0.0062443588	0.0061204608	-0.0041103891	0.1120933326	-0.0190792687	0.0524892065	0.0124902943	0.0016129208	0.0401340706	-0.047009039	-0.0266968817	0.0774398708	0.0218335202	-0.0341544224	0.0241849997	0.0030534548	0.0091956343	-0.0218855521	0.0140552429	0.1202903049	-0.0640397985	-0.0164254609	-0.0709761777	-0.0815572769	0.0146207313	-0.1150714082	0.0231511192	0.0104616066	-0.0785905801	0.0325473829	0.0577288125	-0.0359945485	0.0052730053	0.0419304676	-0.0385836084	-0.0815590168	-0.0451842308	0.0351510839	0.081287294	0.0483376736	-0.0316405151	0.0166252883844464	0.0078148069616049	0.000276400213866	6.107120784714841e-05	0.0574953609600328	4.82007931595016e-05	0.0033057165319244	2.323316461205056e-09	-0.1025420540365615	-0.0170374196093732	0.0002902736669458	0.010514872846037	0.0004070861601113	3.60535122141e-05	1.2998557429722574e-09	1.6571914175416297e-07	0.001164969910258	0.0003729851584163	1.3571548918065323e-06	1.3911792839890698e-07	-0.0001482371833072	-6.50902479132654e-05	4.2367403734103505e-09	2.1974262514852413e-08	0.0	0.0
2003.6038293548088	-0.5545641675296338	4014428.3050052538	0.3075414159078357	2661.367449079241	-2.246115003313662	7082876.699018546	5.045032608110732	2079.676382369354	4.2619454520090585	18.1641790359007	4325053.855384884	2297.903018393328	1611.9537586630668	0.96822	22.619997	0.0415729034101823	0.0233594420696138	-0.0450288428	-0.0128191486	-0.0281014864	-0.0007473484	0.0617810412	-0.0487069792	-0.0158360396	-0.0634384831	0.0693049443	-0.0314507928	0.0267352688	0.0303326927	-0.0448303283	-0.010779487	-0.0422727945	-0.0251784181	-0.0251152424	-0.0541341872	-0.0116881525	-0.0080083575	0.0214952237	-0.0164396107	-0.00975263	-0.0295812401	0.016190889	-0.0022912082	-0.1418548667	0.0310864133	-0.0215496216	-0.0436405474	-0.007450213	0.0076517088	0.041181103	0.0290029939	0.0044982733	0.1279051557	-0.0091518118	-0.060740161	0.0025712429	-0.0478851856	0.0563587618	0.0312822094	-0.0105668909	0.0209302181	-0.0833570788	0.0101901498	0.033011279	-0.0189874259	-0.0257955672	0.039331391	0.0482757857	-0.0025629765	0.0633314299	0.0149554311	-0.0685461229	0.0233447859	-0.0344621015	0.0438244268	-0.0137224275	-0.0580639813	0.083709906	-0.0878919979	-0.0386009222	0.0495412064	0.0644763354	-0.0288100505	-0.0207701186	0.0186209685	-0.0568125262	0.0135475068	0.0447251667	0.0479301856	0.0274755259	-0.0027286456	-0.0366918913	0.081340497	-0.0413862413	0.0363566189	-0.0499986473	0.068272442	0.0256681532	-0.0468133923	-0.0712105384	0.0803155072	-0.0769657262	-0.0424288439	0.0250141349	-0.0429615082	0.063475815	-0.0050606546	0.0008267888	0.0339011168	0.041194508	-0.0400821236	-0.0816395852	-0.0422967282	0.0389598496	0.0816093689	0.0433885123	-0.0378279629	0.008978370172926	-0.0076469182115204	8.061113096208724e-05	5.847535813368237e-05	0.057574874987651	7.951402761820214e-05	0.0033148662298436	6.322480588068213e-09	-0.1055951090754803	-0.0030530550389187	9.321145070667462e-06	0.0111503270606625	0.000357178217359	-4.990794275230002e-05	2.490802749766856e-09	1.2757627895575305e-07	0.0008639264175929	-0.000301043492665	7.463688550149019e-07	9.062718447600205e-08	-0.0004131540705323	-0.0002649168872251	7.018095713703635e-08	1.7069628599740873e-07	0.0	0.0
2001.4049101509493	-2.198919203859532	4005621.61437633	4.835245665102238	2659.4675069536484	-1.899942125592588	7072767.420542254	3.609780080601282	2076.199104886095	-3.4772774832590585	12.091458695580451	4310602.723129822	2288.541255668601	1634.3867865679092	0.99711	23.294935	0.0461680620739566	0.0226020183809955	0.049126668	-0.0318606178	-0.0273956867	0.0074392427	0.0882692459	0.0459746086	-0.0178848984	0.04063807	0.0178336441	0.0217063871	-0.0651029773	0.0304176191	0.0016252451	-0.0530146062	0.0238763451	0.000881034	0.0277796832	-0.071884872	0.0317416739	-0.0206710443	-0.023520107	0.0589489169	-0.0631199479	0.0112510612	-0.0219459881	-0.0372346173	0.0251371816	-0.09419112	-0.0713658651	0.0018961627	-0.0588999542	0.0054572598	0.0118253216	-0.0141280373	-0.007110467	-0.0658336266	-0.0074618791	0.0626622668	-0.0270325694	0.1114345977	0.0644175055	0.0263865861	0.1054403673	0.0294085063	0.0169374966	0.0507122727	-0.0390485041	-0.0090422134	0.0364643108	0.0082451497	-0.0275398175	-0.0172167327	-0.0922907581	-0.0405742162	0.02947544	0.0532937773	-0.1119514118	-0.0605560084	0.0159310509	-0.0416349613	-0.0304694675	-0.0419919474	0.0528580203	0.0993120589	0.0066328072	0.0211682882	0.0175374448	-0.0307001531	-0.0689452376	0.0427479837	-0.0320499384	-0.0100465836	0.0404587195	0.0316944089	-0.008984921	0.0339310301	0.0352743175	0.0887574335	0.038964346	-0.0291012885	0.0261708056	-0.0515013859	-0.0470913765	-0.0440129318	-0.1038404385	0.0326965803	0.1036368217	-0.0270568221	0.0357964633	0.0071439847	0.0339573351	0.0496643218	0.0404540309	-0.0415630576	-0.0816395852	-0.0393350228	0.0426618292	0.0816093689	0.0382063093	-0.0437500746	0.0190137565812449	0.0100353864083189	0.0003615229393308	0.0001007089803642	0.0573179250188218	-0.0002569499688292	0.0032853445284632	6.602328648132879e-08	-0.0959521555291118	0.0096429535463685	9.298655309742088e-05	0.0092068161506828	0.0007102286054353	0.0003530503880763	1.246445765208261e-07	5.04424671978571e-07	0.0009848359425921	0.0001209095249991	9.6990183382127e-07	1.4619113235532152e-08	-0.0004638496004656	-5.06955299333e-05	2.570036755218116e-09	2.1515645185209677e-07	0.0	0.0
1998.546197356989	-2.858712793960194	3994186.902970081	8.1722388383517	2653.3385740007675	-6.128932952880859	7040205.588280426	37.56381914090889	2069.814470563616	-6.384634322479087	40.763555431778	4284131.942554542	2292.266264661044	1603.9564862317425	1.096548	25.618053	0.0515816610877735	0.0253247163859991	-0.081025788	0.0198981771	0.0307969657	-0.0149844216	0.0731070557	0.0306138671	0.06040093	-0.0556123916	-0.006447951	-0.0225785515	0.073866454	0.0188944444	0.0345887588	-0.0335784083	0.0649362724	0.0204485164	0.0689122503	-0.0566306877	-0.1009817857	0.0813712851	0.0590613242	0.0242005516	0.0169186666	0.0268791827	-0.0253772587	0.013582592	-0.0154924703	-0.0442459588	-0.0922063427	0.0425701046	-0.0284608408	0.0470210733	0.0134024112	0.0177814294	-0.0102807534	-0.03344492	0.0289792287	-0.0596580486	0.0540864525	0.026136507	0.0197215277	0.0516123261	-0.0628483303	0.0223008488	0.0056572792	-0.0566890109	-0.0748625908	0.0267568005	0.0038682112	0.0408458714	-0.0142825025	0.0539034256	0.0221773915	-0.038874328	-0.020454144	0.1204986308	-0.0275904238	0.03093738	0.0139173247	0.002801949	-0.0366437452	-0.0158939933	-0.0337894989	0.025926475	-0.0199083106	-0.0283244917	-0.1124034496	-0.0796448222	-0.0194049644	-0.0420620114	-0.0646304565	0.0628827948	-0.0155530947	0.0175285909	-0.0344133421	0.0798074105	0.0082415603	0.0642335408	-0.0429488155	0.0965854554	0.0075578787	-0.0618927506	-0.0725351457	0.0186802995	-0.0497213827	0.0441774999	-0.0807710438	0.0170981916	0.00873999	0.1072193768	0.0567706666	0.0851533517	0.0397091175	-0.0430257605	-0.0815590168	-0.0363043104	0.0462468756	0.081287294	0.0328188985	-0.049365311	0.0082384988695309	-0.0107752577117139	6.787286362326192e-05	0.0001161061787538	0.0406350624711677	-0.016682862547654	0.0016512083020357	0.0002783179027839	-0.0929876533079863	0.0029645022211254	8.788273419057944e-06	0.0086467036677262	0.0005766600734774	-0.0001335685319578	1.7840552729388545e-08	3.325368403429604e-07	0.0007058694333326	-0.0002789665092595	4.982516569132858e-07	7.782231328843068e-08	-0.0004532038695374	1.0645730928200007e-05	1.1333158699563421e-10	2.053937473636727e-07	0.0	0.0
1999.743172056948	1.1969746999589006	3998972.754188384	1.4327484323417	2666.5229203360423	13.184346335274768	7110344.484677455	173.8269882884732	2073.7511417164524	3.936671152836425	15.497379765574468	4300443.79777029	2294.18053274762	1656.2741408892266	1.241879	29.01335	0.0481628635750632	0.023069251671015	0.0937554764	-0.0915996316	0.0156305116	0.0290032946	-0.0059266053	0.1089602476	-0.0592477092	0.0439220151	-0.0016865485	0.0491937454	-0.087510516	-0.0447474791	-0.0356605374	0.0199663033	-0.006114463	0.030975182	0.042189738	0.0577327737	0.0435261686	0.0485846478	0.0812804389	-0.1708539405	-0.0595392079	0.0359885585	0.0505640588	0.0060668554	0.023620595	-0.0283073201	-0.0131863732	0.0168254486	-0.0838375476	0.0489338529	-0.0487300306	0.0101963167	-0.0016579688	-0.0151462063	0.0135123841	-0.035835411	0.0269127555	0.1083939054	-0.0912344756	-0.0582513664	0.0631095377	0.0257885863	0.0673712605	0.0139318649	-0.0102910824	-0.0775518396	-0.0513599619	-0.1006261267	-0.0282618752	0.0469876925	0.0927568182	0.0541166211	-0.0143793158	0.0334680149	0.0164422927	0.0495460536	0.0495363282	0.0052997762	0.0714474145	-0.0004486481	0.055648226	0.0124454908	-0.035323602	0.0182180298	-0.0577330756	0.0138932522	-0.0350235895	-0.0572055489	-0.0341978188	-0.0987895134	0.0617354688	-0.0124566244	-0.0152462466	-0.0426860053	0.1190224027	0.0548818597	0.0303660882	-0.0105760979	-0.0148686439	-0.0676008884	-0.0717425077	0.1075404346	-0.095697239	-0.0763794272	0.0961566462	-0.022197172	-0.0662782402	0.0491635328	0.02033028	0.1465123652	0.0389598496	-0.044469591	-0.0813979594	-0.0332099078	0.0497051625	0.0806444153	0.0272552159	-0.0546342852	0.0149457870332412	0.0067072881637102	0.000223376550043	4.498771451104828e-05	0.0521085278010673	0.0114734653298995	0.0027152986695946	0.0001316404066764	-0.0947149234627247	-0.0017272701547383	2.983462187449988e-06	0.0089709167265497	0.000710171118877	0.0001335110453996	1.7825199243694052e-08	5.043430180870102e-07	0.0005022582016875	-0.000203611231645	2.522633011623615e-07	4.1457533652034554e-08	-0.000681178391027	-0.0002279745214896	5.19723824484121e-08	4.640040004021325e-07	0.0	0.0
2000.236933388182	0.4937613312340545	4000947.7896901583	0.2438002522220257	2654.971694401332	-11.551225934710146	7048874.698072281	133.4308205947203	2075.8200816947874	2.068939978335038	4.280512633952989	4309029.011567354	2298.0381161924483	1595.428416265365	1.297588	30.314848	0.060100598718045	0.0219445867170294	-0.068469243	0.0925583705	0.0156852823	-0.0184201497	-0.0886320408	0.0426576988	0.0502212645	-0.0344255304	-0.0803904427	-0.0579230319	-0.031660644	-0.0144886339	-0.0246732429	-0.0515483553	-0.0267699278	-0.0546533481	-0.0032207877	0.006876077	-0.1113291297	-0.0148720562	-0.035242623	-0.072780012	0.0433934852	-0.105948159	0.0372242647	-0.0678464497	-0.0287372725	-0.0016216108	0.0068429362	0.0689651374	0.074215025	-0.040943458	-0.0190811542	-0.0642912734	-0.1262328947	0.0151475954	-0.0890429974	0.1272356556	0.0850444644	-0.0062745458	0.0847582818	-0.0160294536	-0.0685697926	-0.080832471	-0.0497693253	-0.0322532365	-0.0247476946	-0.0916922123	-0.0381801677	-0.0185601193	-0.0333321988	-0.0114684894	0.0106793042	0.0175771202	-0.054586004	0.0383404116	0.0513885851	-0.0369872059	-0.0475325859	-0.0759056981	-0.0337066752	0.0268476954	0.053721939	0.0772422294	-0.0406695523	-0.0054748221	-0.0175200458	0.0002372733	0.009590672	-0.0708716866	0.0284833228	0.0445225534	-0.0883617574	0.036081156	-0.0252582429	-0.0516247634	0.0445741555	-0.0454300362	-0.0561962662	0.059513879	0.0106602894	-0.0333837489	-0.0977923865	0.0050799064	-0.0394543783	-0.009086365	0.0587302991	-0.03018793	0.0573486699	0.0138862457	0.0552957135	0.0703440709	0.0382063093	-0.0458939156	-0.0811565722	-0.0300572439	0.0530272111	0.0796832699	0.0215451443	-0.0595200392	0.0054691553203269	-0.0094766317129143	2.991165991786004e-05	8.980654862221302e-05	0.0600657475683306	0.0079572197672633	0.0036078940309424	6.331734642452586e-05	-0.1073513531231071	-0.0126364296603824	0.0001596793545617	0.011524313017362	0.000548163375913	-0.000162007742964	2.6246508780289506e-08	3.0048308669233696e-07	0.0007158746500928	0.0002136164484053	5.124765146454889e-07	4.56319870292942e-08	-0.0004561962308466	0.0002249821601804	5.061697239943917e-08	2.0811500103864438e-07	0.0	0.0
2001.3452179934063	1.1082846052242985	4005382.681585075	1.2282947661771793	2668.846560886928	13.874866485595703	7122741.965557982	192.5119199931069	2077.086802250197	1.2667205554093923	1.6045809654966798	4314289.584081948	2297.7171026810925	1628.311029350021	1.210618	28.283012	0.0673755037808478	0.0332806832627168	0.021183235	-0.109457665	-0.0395860655	0.0472178965	-0.091040457	-0.0512229693	-0.063982114	-0.0289723346	0.0610539759	-0.0047638454	-0.0651048694	-0.0100749853	-0.0036968188	0.0310909621	-0.0014619583	0.0024088453	-0.0051940184	-0.0329648842	0.0137385222	-0.035120815	0.0006924583	-0.0183733693	-0.0301300128	-0.0055997464	0.0360648921	0.0624705531	-0.0318544813	-0.0239933227	0.0894428861	0.0200638624	0.0251721738	0.0216622106	-0.124031509	-0.0650655176	0.0634508454	-0.1194051787	0.054226553	0.0329488179	-0.0429309986	0.0114642858	-0.0305590741	-0.0300939124	0.0307942766	0.0851019717	-0.03560233	0.0445004199	0.0037434801	0.0155716546	-0.0226758217	-0.1054634076	0.011372196	-0.0195855755	-0.0072010753	0.0964121439	0.0004890986	-0.0253571544	0.0409255281	-0.0055728891	-0.0553389296	0.0501601344	0.039022616	0.0524930159	-0.0092295651	0.0709239635	0.0343486804	-0.026720918	0.023913253	0.0107327788	-0.049029064	-0.0088009852	0.0426156861	0.0333665964	0.1102059813	-0.0212705819	-0.0091827668	-0.0605722336	0.0030980673	-0.0642587737	0.0296226134	-0.0630225822	0.0149640986	-0.0394112944	-0.098954247	0.0271048298	-0.0411613398	0.0609363282	0.0593574961	-0.067151973	0.0255987845	0.0180561035	-0.0201705783	0.1091681702	0.0374485793	-0.0472981097	-0.0808350932	-0.0268518493	0.0562039158	0.0784076511	0.0157193527	-0.0639883028	0.0147391397915299	0.009269984471203	0.0002172422417942	8.593261209634478e-05	0.0395666641874612	-0.0204990833808694	0.0015655209149233	0.0004202124194558	-0.1072384993175816	0.0001128538055255	1.2735981421588165e-08	0.0115000957358869	0.000216281809359	-0.000331881566554	1.1014537421833717e-07	4.6777821059602826e-08	0.0010569470640005	0.0003410724139076	1.1171370960992769e-06	1.1633039152882537e-07	-0.0005331138928499	-7.691766200330002e-05	5.916326728053904e-09	2.842104227495747e-07	0.0	0.0
1998.1383419246915	-3.2068760687147915	3992556.833469556	10.284054120095636	2659.450866154262	-9.395694732666016	7072678.909488654	88.27907950944791	2071.22608447676	-5.860717773436591	34.34801281987555	4289977.493016931	2291.406339504222	1605.1560431765429	1.214604	28.376135	0.0650596584421956	0.0295322968619435	0.0265251263	0.1179396493	-0.0287273353	0.0130863801	0.0433813474	-0.0522892002	0.0120644058	0.0163437426	0.0078644326	-0.0494324348	-0.0205204585	0.0901575808	0.0775287347	0.0034487968	0.0766702901	0.061972446	0.073705043	-0.0883437735	0.0494984017	0.0998093058	-0.0552749902	0.0627194369	-0.034286047	-0.0364080117	0.0154987079	-0.0351418417	0.0250487534	-0.0104841577	-0.0291770463	-0.1094166121	0.0260335726	-0.1401633704	0.0344764061	-0.0412245931	0.0447814441	-0.042101169	-0.0228704109	-0.0867821944	-0.0187314038	0.020577248	0.0727948741	0.0294468091	0.0431454724	-0.0684531243	-0.0221213533	-0.0082935071	-0.0556155506	0.1078045283	0.0242366484	0.0634072531	-0.0747355515	-0.010378623	-0.0004393757	0.0254844239	-0.0295111323	-0.0424907904	0.0332782704	-0.0584348901	0.0262077489	-0.0393059987	-0.035154439	-0.0376314844	-0.0325643116	-0.0743303559	-0.0170693737	-0.0831623783	-0.1495978133	-0.0916790119	-0.0596738727	0.0403351096	-0.0512393001	-0.0151170523	-0.0685552148	0.100495801	-0.0230780918	0.0685397263	-0.0689184488	-0.0129497282	-0.0416725313	-0.050713331	0.015175198	-0.0389218595	-0.115269177	0.0024309989	0.0484854289	0.0877506712	-0.069571821	0.0365012207	0.0045029457	0.0996262825	-0.0078139368	0.0963939505	0.0366867426	-0.0486815572	-0.0804338397	-0.0235993474	0.0592265694	0.0768225931	0.0098091318	-0.0680077345	0.0089630027594154	-0.0057761370321145	8.033541846528807e-05	3.336375901376452e-05	0.059408418733625	0.0198417545461637	0.0035293602164297	0.0003936952234702	-0.1011331196147793	0.0061053797028022	3.727566131539026e-05	0.0102279078830172	0.0002085348763962	-7.746932962800023e-06	6.001497033011754e-11	4.348679467357841e-08	0.0008479914837606	-0.0002089555802398	7.19089556530504e-07	4.366243451339325e-08	-8.308866283029938e-05	0.0004500252300196	2.025227076541945e-07	6.903725890927174e-09	0.0	0.0
1996.0565848549268	-2.0817570697647625	3984241.8899427135	4.33371249751557	2650.53341456822	-8.917451586041807	7025327.381742667	79.52094278939954	2067.759597393645	-3.4664870831152257	12.016532697404706	4275629.752613529	2287.818863203932	1614.1551069329396	1.193995	27.894663	0.0620246471985969	0.0274044000124082	-0.0590867737	-0.0409160631	0.033599475	0.0069917191	0.0453357519	0.0215837722	0.0467579145	-0.0658565087	0.0095821665	0.019009771	0.0887292864	0.0348311081	0.0374312241	0.0048121529	0.0967582106	0.0334667676	0.042986723	-0.0728791059	-0.0149893602	0.0390185347	0.0563785949	0.0193059229	0.0497105841	-0.0308978144	0.0707401426	0.0018852871	0.0199356911	-0.0072052805	-0.0443373838	0.0195789651	-0.0518709826	0.0485706138	-0.0068397728	-0.0669816098	0.0018806392	0.1223278195	-0.0322942977	0.0364959228	-0.0288085445	-0.034846507	-0.0459388171	0.0603565766	-0.055346791	0.037547056	0.0301696503	-0.0124116246	-0.0791361812	0.0632328189	0.0114583547	0.0655655864	-0.0492746998	-0.024822576	-0.0062723915	0.0034789917	-0.0402001954	0.1302253768	-0.0373134828	0.0821033388	0.0316313039	0.0070550205	-0.0323342898	-0.0136673624	-0.056791789	-0.061832614	0.0301970456	-0.0113102275	0.0085001992	0.0313213724	-0.007556565	-0.0403313193	-0.0616073974	0.0707909096	0.0374671449	0.0029105858	0.0045654695	0.0877379257	0.0228209023	0.0259576929	0.0464460073	0.0837286735	-0.0238483793	-0.0593849929	-0.0405110697	0.0268112839	0.0007372432	0.0131099921	0.0272516047	-0.0102958602	-0.0567205559	-0.0084479549	0.0038278288	0.0282298218	0.0359208828	-0.0500436514	-0.0799532077	-0.0203054443	0.0620868871	0.0749343514	0.0038462256	-0.0715501408	0.0144184122887338	0.0054554095293183	0.0002078906129279	2.9761493132578e-05	0.039571547416159	-0.0198368713174659	0.0015659073649093	0.0003935014636657	-0.0952162789925168	0.0059168406222624	3.5009002949255663e-05	0.0090661397851807	0.0003816954962923	0.0001731606198961	2.998460028280162e-08	1.456914518898252e-07	0.0008069070220697	-4.108446169090007e-05	6.510989422653913e-07	1.6879329924310355e-09	-0.0004851540958343	-0.000402065433004	1.616566124166945e-07	2.353744967047972e-07	0.0	0.0
1999.1034411620224	3.046856307095595	3996414.56846584	9.283333356088209	2654.13686643328	3.603451865059924	7044442.50576027	12.984865343803843	2073.115022034204	5.355424640558795	28.680573080704296	4297805.894583877	2285.496212458652	1612.2303460080266	1.094265	25.564734	0.086521850265314	0.0442595997016671	0.0600912068	0.0269557656	-0.031606139	0.0415245618	0.1114414794	0.0289259759	0.0088251045	0.0767758241	-0.046914726	0.1014075665	0.005287638	0.0759150576	-0.0803573009	0.0397786674	0.0698476062	-0.0401184464	0.0305732725	0.0171748115	0.0705616692	0.0105858297	0.0635010267	-0.0772195727	0.0580277769	-0.0230344715	0.0267267866	-0.0412365079	-0.0238873906	0.0117609249	-0.0076266992	-0.0062739637	-0.0241843168	-0.0167649889	0.024637155	0.0043676209	-0.0701961557	-0.0236376972	0.0300041825	0.0010495802	-0.011203345	-0.0475217285	0.0434464515	0.0097907643	0.0306562674	-0.0534909009	0.1170042049	0.037850224	0.0023814429	-0.0404263562	-0.0308808197	0.0571935437	-0.0364052365	-0.0397267684	0.0197662634	0.0590752565	-0.0161640404	-0.0105561299	0.0741073633	0.031785613	-0.043144069	0.0157954926	-0.0453104703	-0.0140051036	0.0651920404	0.0154498022	-0.0004021983	0.0157667931	0.0103719939	0.1036452035	-0.0261894177	-0.043339815	-0.0156455937	-0.1105213282	-0.035375855	0.0206404067	-0.0147162399	0.0765737957	0.0040174862	0.0356135674	0.0072839888	-0.0118301405	-0.0728348653	-0.0451462786	-0.0628723305	-0.0681171916	0.0280870158	0.0378867105	0.023891079	0.0394897367	-0.046224761	-0.0039821463	0.0077990703	-0.0838775749	0.0351510839	-0.0513837948	-0.0793936715	-0.0169759185	0.064777029	0.0727503781	-0.0021373389	-0.0745906743	0.0071226915432447	-0.0072957207454891	5.073273482020957e-05	5.322754119616002e-05	0.0669634699404468	0.0273919225242878	0.0044841063064651	0.0007503174195765	-0.1114372377250489	-0.016220958732532	0.0002631195022025	0.012418257951789	0.0009091231421541	0.0005274276458618	2.781799216193204e-07	8.265048876001439e-07	0.0007993602538329	-7.546768236800006e-06	6.389768154077982e-07	5.695371081997348e-11	-0.0003078635446728	0.0001772905511615	3.1431939531148444e-08	9.477996213850112e-08	0.0	0.0
2002.280846259394	3.1774050973715475	4009128.587297234	10.095903152802691	2657.626506260463	3.489639827183055	7062978.646778194	12.17758612346218	2082.78860704438	9.67358501017634	93.57824694910836	4338008.381633869	2295.56288512028	1582.444406363883	1.22638	28.65126	0.0273063147759712	0.0153050347632362	-0.126310385	0.0180311011	-0.0082481983	-0.0096057253	0.0105053677	0.0354985663	0.0761433146	-0.0209921411	-0.0316648265	-0.0344471086	0.0770934596	0.0070589974	-0.1174851332	-0.0161726961	0.0471374344	0.0139206662	-0.1098277339	0.0159739725	-0.0753575874	-0.035592437	-0.0177260276	-0.0201766444	0.0489766123	0.0667624637	-0.0005149697	0.0483879253	-0.0136626154	0.0041924344	-0.0554066546	-0.0028277088	-0.0553271841	-0.0072598138	0.0258335588	-0.0289231738	-0.0484446204	0.1351252309	0.0646900697	-0.0897692797	0.0373904452	-0.0587854442	0.0420620897	0.0466330629	-0.0969491272	-0.0027295966	-0.0165646362	-0.0317147637	0.0300287977	-0.0290209076	-0.0288934754	0.0448908705	-0.0710012615	-0.0520727935	0.0292157485	0.0049328196	-0.0213003641	0.0880195066	-0.0446945781	0.0652688424	0.0458425534	0.0223694699	-0.0581653633	0.0196853469	-0.0216157079	-0.0589907198	0.0395151241	-0.0155478289	0.0032035773	-0.014212486	0.0315965881	-0.0585876389	0.0554181841	0.1014911628	-0.0427271985	-0.0230982134	-0.0129993915	-0.0170059563	0.0392081352	0.0405946595	-0.0236792488	0.0336667464	-0.0421928042	-0.0164119503	-0.0532288242	0.0114484932	0.0327280923	0.0255723191	-0.0136397925	0.0190209216	-0.0111616084	-0.0089162638	-0.0398684028	-0.1242973313	0.0343774302	-0.0527013995	-0.0787557834	-0.0136166111	0.0672896215	0.0702792922	-0.0081094236	-0.0771080077	0.0087776543165034	0.0016549627732586	7.704721530003076e-05	2.7389017808721257e-06	0.0684177967468713	0.0014543268064245	0.0046809949116961	2.115066459884892e-06	-0.118502396939732	-0.007065159214683	4.9916474728821406e-05	0.0140428180804618	0.0006236285534443	-0.0002854945887097	8.150716018257783e-08	3.889125726710302e-07	0.000851905099902	5.254484606910005e-05	7.257422992390366e-07	2.760960848425419e-09	-0.0003032656598196	4.597884853199999e-06	2.114054512328598e-11	9.197006042581737e-08	0.0	0.0
2002.601062899648	0.3202166402541024	4010411.0171268	0.1025386966956252	2666.647355760847	9.020849500383974	7111008.119986317	81.3757257085778	2077.0774397649684	-5.711167279411711	32.617431693422965	4314250.690780596	2296.609332453979	1630.3807740325735	1.135617	26.530821	0.0569603830269982	0.0235073740656605	0.0178803829	-0.0856897066	-0.0319382977	0.0322784463	-0.0481529087	-0.0455422023	-0.0437511665	-0.0212425149	0.0909983013	-0.0347762046	-0.0229221138	-0.0057473208	-0.027683904	-0.0053699062	0.0372242143	0.0140509306	-0.014859025	-0.0021432784	0.0533277365	-0.0248691041	-0.0137017022	-0.0060069293	0.0494785731	0.0488936169	0.0457292719	-0.0286953204	0.020389834	0.0777912346	0.0573415987	0.0647698462	0.0177697811	-0.08219766	-0.0709905774	-0.0610693496	-0.0855043118	-0.0378127435	0.0532782667	0.0651379243	0.0476069567	-0.053196864	-0.0473183847	-0.0091432954	0.0522403754	0.0644325677	-0.051541822	0.0104132206	0.0507907449	-0.0155654093	0.0135132174	-0.0485177433	0.0157544056	-0.0283601852	-0.0409156163	0.1187391802	-0.0986484393	0.0467472663	0.0364135616	0.0050372902	-0.0525791224	0.0904110777	0.0194779564	-0.0001127455	0.0511885612	0.0152669687	0.02046351	-0.0044796386	-0.0054813938	0.1183431356	-0.0403603033	-0.0081296464	0.0557170012	0.0022711586	0.0926456778	-0.0475632141	-0.0039763164	-0.0172580213	-0.0042016639	-0.0579251725	-0.0102527775	-0.0013496681	0.0108520292	-0.0392620678	-0.0739041766	-0.0530163819	-0.0134454061	0.0630524269	0.0681445276	-0.0131372256	-0.0002363512	-0.1017701898	-0.0256526968	-0.1205468869	0.0336000067	-0.0539958877	-0.0780401729	-0.0102334157	0.0696177779	0.0675308461	-0.0140379523	-0.0790844839	0.0149631121287541	0.0061854578122507	0.0002238947245776	3.825988834713323e-05	0.058165285162147	-0.0102525115847243	0.0033832003979938	0.0001051139937949	-0.1126676790194238	0.0058347179203081	3.404393320956558e-05	0.0126940058956239	0.0008287876498413	0.0002051590963969	4.2090254834433534e-08	6.868889685294653e-07	0.0011407921824375	0.0002888870825355	1.3014068035105143e-06	8.345574645587282e-08	-0.0005029733950814	-0.0001997077352618	3.988317952339719e-08	2.529822361597101e-07	0.0	0.0
1998.0915352128936	-4.509527686754382	3992369.783089418	20.335839957604325	2664.931834084647	-1.7155216761998415	7101861.680317761	2.9430146215115145	2078.142598641019	1.0651588760506456	1.1345634312294746	4318676.660286448	2294.1581664618857	1649.3717594122677	1.037262	24.232986	0.0622630368831184	0.0277378666887925	0.0823487211	0.0008131622	0.016568085	0.0098895254	0.0204546795	0.0383379689	-0.0502701514	0.0340233581	0.0370369836	-0.0155486815	-0.0535847448	-0.0398330562	0.0910470865	-0.034239218	0.0274534937	0.0083924312	-0.0040223344	0.0104370477	0.0178992834	0.0008853862	-0.0398210767	-0.0545872118	-0.0087665559	-0.0332200871	-0.0484233615	0.0032388048	-0.016969415	0.0075921796	-0.0413909145	-0.0384226039	0.0882015821	0.0745291859	0.0132061855	0.1199598488	0.0707102202	0.0039403642	-0.0975454875	0.0372372811	-0.0248577687	0.0397553195	0.0261758451	-0.0143595938	0.1012674027	0.0528561806	0.0037372455	-0.0527170563	-0.0425395055	-0.01880175	-0.0519077978	-0.0246375186	-0.0067865904	0.0204474133	0.0133254697	-0.1008754807	0.0366630392	0.0854193126	-0.053264539	-0.0194063371	0.1523683526	-0.0322412356	0.0419822786	-0.0162240177	-0.035538105	0.0208440969	-0.0450620604	-0.0016369015	-0.0525054753	0.016114769	-0.0407998233	0.0629210967	-0.0815769806	-0.0474939297	0.0241590061	0.0354302743	0.0048080304	0.0193571144	0.0404051455	0.0310729297	-0.0377425284	-0.0373605458	0.0138261655	0.0086415329	-0.0102588546	-0.0481357034	-0.051695215	-0.0187542973	0.1202744141	-0.0006239534	-0.13825969	-0.08819402	-0.071577091	-0.0839326466	0.0328188985	-0.0552666915	-0.0772475461	-0.0068322673	0.0717551168	0.0645158866	-0.0198910824	-0.0805062393	0.0269410702888706	0.0119779581601164	0.0007258212683098	0.0001434714816855	0.0614027804356425	0.0032374952734954	0.0037703014452277	1.0481375645905685e-05	-0.1197306896852552	-0.0070630106658313	4.9886119665648094e-05	0.0143354380525068	0.000493297415072	-0.0003354902347693	1.1255369762556009e-07	2.43342339716717e-07	0.0008623298796228	-0.0002784623028147	7.436128212902727e-07	7.754125408886576e-08	-0.0006887123131709	-0.0001857389180895	3.449894569305799e-08	4.743246503132119e-07	0.0	0.0
1991.4003036901609	-6.691231522732778	3965675.169537265	44.772579290812814	2644.5343350001745	-20.397499084472656	6993561.848994815	416.0579689010629	2064.1671717026657	-13.975426938353394	195.3125581092537	4260786.112734982	2286.902134486608	1617.7358442020295	1.070547	25.010607	0.0869815086787117	0.048378868075301	-0.0126152651	0.0554822949	0.0677788208	-0.0027879504	-0.1053480659	0.10749239	0.0341780053	-0.0317437977	-0.0873914857	-0.0061244547	0.0165072872	0.0051814589	0.1085020694	-0.0832396485	0.0271816761	-0.0844698638	0.108530356	0.0032061023	-0.0703223768	0.0559019903	-0.0274312167	-0.0543582443	0.0328823973	0.0667894867	0.0088906284	-0.0250854321	0.0851507304	0.0683730372	0.0354495657	0.0024226831	-0.1234952116	-0.128829021	-0.0202611946	-0.0137475405	-0.0393974478	-0.0331411576	-0.0101234138	-0.0085958984	-0.0654169415	-0.0333098995	0.0084454403	-0.0070364758	-0.0198559306	-0.066052142	0.0016405442	-0.0733427037	-0.129177217	-0.0321327035	0.001642744	-0.0066669616	-0.0106184623	0.077840757	0.0464662072	0.0886521582	-0.0224418842	0.0067332623	0.0385725951	-0.0176363526	-0.0808846009	0.0762232952	-0.0179920472	0.0044889153	-0.0338925097	-0.040365907	-0.0031581261	-0.1097358321	-0.0084265463	-0.0457139421	0.0466860005	-0.0460234296	-0.0597305838	0.005988348	-0.0389275678	0.0238018368	0.0036982954	-0.0852409894	0.0962291274	-0.0551744307	-0.0060011759	0.0987005044	-0.0412342991	-0.0371876329	0.0399754672	0.0247092109	0.0362952176	0.0545075761	0.0433476676	-6.37632e-05	-0.1310065025	-0.0644086244	-0.1114074134	-0.0726679172	0.0320341914	-0.0565132535	-0.0763786853	-0.0034191328	0.0736957799	0.0612463124	-0.0256373767	-0.0813633012	0.0143927441212525	-0.012548326167618	0.0002071510833398	0.0001574604896089	0.0802638463003972	0.0188610658647547	0.0064422850229337	0.0003557398055546	-0.1350598562298941	-0.0153291665446389	0.0002349833469532	0.0182411647648396	0.0012247661596595	0.0007314687445875	5.350465243084133e-07	1.5000521458470795e-06	0.0008616234325391	-7.064470836999799e-07	7.42394939500461e-07	4.990674820682064e-13	-0.0006160285028081	7.268381036280001e-05	5.2829362888554754e-09	3.794911162719893e-07	0.0	0.0
1998.639103146311	7.238799456150218	3994558.26462549	52.400217566360695	2656.2803012302943	11.745966230119848	7055825.038704103	137.96772267911587	2072.6929572610293	8.525785558363623	72.68901938720171	4296056.095079471	2288.603354580431	1604.5324617460426	1.058318	24.72492	0.0667427270566114	0.0359814034339336	0.0264364278	-0.0691839372	-0.0355595492	0.0564548607	-0.0324302892	0.0943213409	-0.0078730177	0.0176664907	-0.0335707172	0.1080903927	-0.0618062936	-0.0430016814	-0.0307019045	0.0515892657	-0.0208924132	0.0115192916	0.0368242725	0.0509487584	0.0126553008	0.0728669045	0.0996715822	-0.0691387662	-0.0435368382	0.0013549851	0.0053884933	0.0211349938	-0.0575817056	-0.0475906154	-0.0477958756	0.0422714993	0.0666238556	-0.0619901985	-0.0792565547	0.0093688921	0.0642627726	0.0695546543	0.0156531741	-0.0550015224	0.0001619323	-0.040650083	-0.0138199582	-0.0184965574	-0.0017316756	0.0375362906	0.1068799666	0.0722031194	-0.0375889154	-0.0668886208	-0.039792059	-0.0373309462	0.0154697786	0.0647953564	0.0832139961	0.0018681211	0.0356812783	-0.0141244258	0.0063064126	-0.0136372613	0.0335719497	0.0199241339	0.0467243178	-0.0128730417	-0.087773889	-0.1361688192	0.0168189311	0.027658667	-0.0191963377	0.004411766	0.0036719076	-0.0588133247	0.0025738311	-0.0622266672	0.0367188398	-0.0399604554	0.0145657584	-0.0576666717	0.0972691539	0.0170490799	0.0294597925	-0.0666854294	-0.1044358687	0.0475813007	-0.0504763844	-0.012657997	0.0106421213	-0.0811013877	-0.0529166575	0.0464373662	-0.0442894847	-0.0348546963	-0.0013034626	-0.046930351	0.0312459714	-0.0577350269	-0.0754344479	-0.0	0.0754344479	0.0577350269	-0.0312459714	-0.0816496581	0.0203370895905408	0.0059443454692882	0.0004135972130136	3.533524305824833e-05	0.0631813048581904	-0.0170825414422068	0.0039918772835835	0.0002918132221247	-0.1150464152352128	0.0200134409946813	0.0004005378204475	0.013235677658473	0.0008642160961979	-0.0003605500634615	1.2999634826216378e-07	7.46869460927538e-07	0.0008607824116171	-8.410209219999326e-07	7.409463601493507e-07	7.073161912416168e-13	-0.000503371604183	0.000112656898625	1.2691576807826045e-08	2.533829718977669e-07	0.0	0.0
2003.8052270286123	5.166123882301235	4015235.387867189	26.68883596728319	2658.91478402274	2.634482792445852	7069827.828694695	6.940499583693291	2080.602197470785	7.909240209755808	62.55608069561809	4328905.50412026	2294.4150736245765	1609.845728240428	1.120998	26.189272	0.0782865163850357	0.0340422163367663	-0.0368831286	0.1064484273	-0.0044517078	-0.0316993115	-0.0766716556	0.0346586374	0.0838759946	0.0162449604	-0.0774987261	-0.0339685079	-0.0326909954	-0.0169423604	-0.043351886	0.0120505929	-0.0319672661	-0.0706374556	-0.0706850628	0.0603551966	-0.0687907559	-0.0503103086	-0.060265956	0.0081630363	-0.1018974852	-0.0577671637	0.0138918533	-0.0382467103	-0.0593868581	0.0404698761	0.0059332921	-0.0441937951	-0.006120305	-0.0859021243	0.0133551968	-0.0560913957	-0.052476421	-0.0276892886	0.0146516617	-0.0827476995	0.0111204808	0.0311889855	-0.0715246364	0.0132946981	-0.0573601837	-0.1103046823	-0.0169836567	-0.0141165158	0.0198398711	-0.0878093627	-0.0727401589	-0.0313847618	0.0256966431	0.0150750798	-0.0292206997	0.0349651865	-0.0303382904	0.0321853411	0.0584330322	-0.1116310928	0.007163338	-0.0204807389	0.0511156837	0.0644562347	0.0202604301	-0.0212889756	0.0865493949	0.0667607169	-0.0376694258	0.0286586227	0.0149810566	-0.0367532434	0.0400064859	0.0127743842	-0.121288943	0.014730831	-0.0140181455	-0.0565797592	0.019829965	-0.0474773019	-0.0238195773	0.0273523271	-0.0287460791	0.0258243425	-0.0038206592	-0.0008093885	-0.0341483037	-0.0920876453	0.0850602798	-0.0540070973	-0.1013609908	-0.0418453046	0.0075004122	-0.1084087804	0.0304543249	-0.0589314758	-0.0744157659	0.0034191328	0.0769663555	0.0539958877	-0.0366867426	-0.0813633012	0.0071620698161183	-0.0131750197744225	5.1295244050952816e-05	0.0001735811460564	0.063243151811946	6.184695375559268e-05	0.0039996962511088	3.825045688846421e-09	-0.1283555573732755	-0.0133091421380626	0.0001771332644511	0.0164751491086042	0.0006550533258855	-0.0002091627703124	4.374906448475783e-08	4.29094859753655e-07	0.0012669731391585	0.0004061907275414	1.605220935349144e-06	1.649909071406119e-07	-8.391495166090154e-05	0.000419456652522	1.7594388334504449e-07	7.041719112251441e-09	0.0	0.0
2001.422679850884	-2.382547177728384	4005692.743421494	5.676531054101487	2664.458795819964	5.544011797223902	7099340.674622373	30.7360668077578	2078.0337221802783	-2.56847529050674	6.597065317943682	4318224.150518422	2296.6594356989904	1606.97006153429	1.138461	26.597248	0.0740000362789734	0.0380758618265158	-0.0504305422	-0.0591680608	-0.0403803831	0.0260416818	0.0141052978	-0.1218063934	-0.0379211658	-0.0506391687	0.065622842	0.0015483935	-0.0471626929	-0.0144838761	-0.0376935859	0.0336229067	-0.0523960459	-0.0515875072	-0.031489657	-0.0011757671	0.022955968	-0.0585882775	0.0648141803	0.0705320103	0.0826147054	-0.0125606252	0.0508348895	0.0233514803	-0.0445760428	-0.0283627962	-0.1439159028	0.033204795	-0.0238400876	-0.0158146471	-0.0264864532	0.0911484991	0.0342847147	-0.1068993453	-0.0536760294	0.0728443066	0.0695436896	-0.1253190144	0.0688978146	-0.0115350504	-0.0107772252	0.0757408703	-0.0626683886	0.0735174109	0.0236859866	0.0324576415	-0.0344510236	-0.0250911873	0.060856145	0.0344402585	0.0089554519	0.0121040799	0.0298441652	-0.000125834	-0.0078208787	0.0118715161	-0.0487685618	-0.0188586717	0.108163878	-0.1219022736	0.076908536	0.0420823219	0.039030017	0.0541517946	-0.0267757133	-0.0139815583	-0.0123156168	0.0124908235	0.0897579931	0.0614723058	0.0492706141	-0.0383659426	-0.0005279116	0.0207882592	-0.05918318	-0.0358117322	-0.0190533458	-0.044983627	-0.0141272061	-0.0065602168	0.0077361735	0.0308763771	-0.0199043649	-0.0159147833	0.0091403668	-0.0345397183	-0.0672918269	-0.0337938135	-0.0767688796	-0.0925916097	0.0296593388	-0.0601020755	-0.0733236445	0.0068322673	0.0782873035	0.0500436514	-0.0419304676	-0.0805062393	0.0021895605248403	-0.004972509291278	4.794175291938929e-06	2.472584865184604e-05	0.0632815980158625	3.8446203916506216e-05	0.0040045606474412	1.478110595589578e-09	-0.1451098052326145	-0.0167542478593389	0.0002807048213321	0.0210568555746473	0.0004372051929934	-0.000217848132892	4.7457809004574047e-08	1.9114838078039614e-07	0.0008428937373106	-0.0004240794018479	7.104698523974307e-07	1.7984333907167274e-07	-0.0004866840754097	-0.0004027691237487	1.6222296704537494e-07	2.3686138925739455e-07	0.0	0.0
2004.3663082714213	2.9436284205373795	4017484.2977336063	8.664948278195387	2655.838197980608	-8.620597839355923	7053476.533852884	74.31470710790802	2075.8116814108457	-2.222040769432624	4.937465181020728	4308994.1366817225	2291.584911142897	1614.358345960759	1.095429	25.591928	0.0535624151379066	0.0343392490277118	0.0490342632	0.0623050612	-0.0800258688	-0.0089670989	-0.0981800735	-0.0001013782	0.0901979981	-0.0059741815	0.0083650548	-0.034241135	-0.0254288014	-0.0416000262	0.0527867779	-0.0336055351	-0.0730406793	-0.093584334	0.0063261781	-0.0600815612	-0.0257201622	-0.0378602826	-0.0637207098	0.0916859972	-0.0108769086	-0.0276520877	0.0861371624	0.0163270595	0.0946673171	-0.0107249607	0.0391150526	-0.0095031218	-0.0864531577	0.0509476997	0.0140857475	0.0986851602	-0.0867251528	0.0810877769	0.0177789539	0.0017279102	-0.017504545	-0.024954289	-0.0755304225	0.0661054934	-0.0078688867	-0.0730263305	-0.0578984131	0.0092036768	0.0397652184	0.0328589962	0.0585548984	-0.0630419876	0.1270437459	-0.0194308225	-0.0275462404	-0.0069094869	0.01326254	0.0934593437	0.0523328398	-0.0366868352	0.0034946671	-0.0040788454	-0.0010863898	0.0644849458	0.0229641284	0.0547033876	-0.0370651616	-0.0016292512	0.1372926569	-0.0530096083	-0.0330461801	0.0803196373	-0.0033939016	-0.0270598271	-0.0249484777	0.0066429961	0.017923745	-0.0760711754	-0.0104735384	-0.0830221213	0.0266212313	0.0642739588	-0.061202144	-0.0904468367	0.1285492049	0.0983549558	0.0515321636	0.0902816059	0.0295698217	-0.0473417189	-0.092902229	0.0187861523	-0.0953193549	-0.0206385162	0.0288611001	-0.0612463124	-0.0721591615	0.0102334157	0.0793936715	0.0458939156	-0.0469489822	-0.0790844839	0.0088222840883673	0.0066327235635269	7.783269653585883e-05	4.39930218701663e-05	0.0632260444489958	-5.5553566866706205e-05	0.0039975326966663	3.086198791613597e-09	-0.1425765951245452	0.0025332101080692	6.417153451624392e-06	0.0203280854773084	0.0004380157522062	8.105592127999957e-07	6.570062374549487e-13	1.918577991807632e-07	0.0012669951159522	0.0004241013786416	1.6052766238467288e-06	1.798619793657058e-07	-2.4777455275227427e-05	0.0004619066201344	2.1335772572405197e-07	6.139222899158953e-10	0.0	0.0
2006.7078575379887	2.3415492665674265	4026876.425504705	5.482852967762453	2654.102062225342	-1.736135755266332	7044257.756708812	3.0141673607141977	2081.864957408745	6.053275997899164	36.64215030674212	4334161.700886515	2292.9165417249355	1611.6025495096233	1.147287	26.803452	0.0786694504823208	0.0555912349171783	-0.012698599	-0.1273982999	-0.0407107698	-0.0302462926	-0.0645685322	0.0432681315	0.008117387	-0.0008171303	0.1090015108	0.0881358572	0.0303691904	-0.0068342497	0.0561015902	0.0025173008	-0.0199626838	0.0468984354	-0.0644156102	-0.0438681019	0.0638547228	-0.0480843631	0.0239303791	0.0527895782	0.0266519536	0.1436616925	-0.0055484509	0.0372985112	-0.0497903317	-0.0543902703	0.0968488939	0.0721754565	-0.0006573155	0.0855244028	-0.0102874694	-0.0508110413	0.0787469402	0.0164693841	-0.0112968097	0.0158707896	-0.0739928435	-0.0858545368	-0.0001614513	0.0473274569	0.0124111802	0.1196688709	0.0598257707	-0.000681752	0.0540865908	0.0380305456	0.071458376	-0.0539363821	0.0305742689	-0.0241778617	0.0076387325	-0.0058620998	-0.0065751329	-0.0383600634	0.0765497088	-0.0205352706	-0.0084474491	0.0269244615	-0.0537733079	0.0125117167	-0.092664639	-0.0178579451	-0.0585600705	-0.1327540743	0.1029308157	0.0831496417	0.0036835736	0.0349269626	-0.0662132452	0.0343511448	0.0838680573	-0.1078367183	0.0501087213	-0.0705006541	0.0111531738	-0.0041286815	0.0433318072	-0.0576216268	-0.0433823762	-0.1153747297	0.1513706403	0.0600974822	-0.055203203	0.0224489248	-0.0654655928	0.094985492	-0.0171716247	-0.088919198	0.1283530827	-0.0259997681	0.0280596966	-0.0623636846	-0.0709234662	0.0136166111	0.080282427	0.0415630576	-0.0517153317	-0.0771080077	0.0153738219133714	0.0065515378250041	0.000236354400224	4.292264787245947e-05	0.0631142588309785	-0.0001117856180172	0.0039834096677837	1.24960243955082e-08	-0.1677755326221444	-0.0251989374975991	0.0006349864510079	0.0281486293466442	0.0013140542040786	0.0008760384518724	7.674433691589912e-07	1.7267384512566429e-06	0.0012669447460769	-5.0369875300012794e-08	1.6051489896118606e-06	2.5371243377388384e-15	-8.48324243615321e-05	-6.005496908630467e-05	3.606599311957009e-09	7.196540223055064e-09	0.0	0.0
2002.574446499113	-4.133411038875693	4010304.413771229	17.085086816299434	2674.2672696794784	20.165207454136635	7151705.429678932	406.6355916683677	2075.802451253939	-6.06250615480576	36.75398087705772	4308955.816631862	2296.4927135999355	1648.699218884693	1.30202	30.418402	0.1013818751213492	0.0603703630632157	0.0658649144	0.1106102144	0.0035824259	-0.0798991625	0.0041291735	-0.0908167786	-0.0323357394	0.0843003888	0.0074199012	-0.05675684	0.0454973736	0.0114139665	0.1228015738	0.0202181523	-0.1302583702	-0.0111647142	0.0125350821	0.0239267598	0.0559279387	0.0576026459	-0.0763064328	0.0646979389	-0.009860457	-0.1334806976	-0.0338478811	-0.0060875394	0.0361448368	-0.0259720527	-0.0018667202	-0.037030457	-0.0627611573	0.0231126516	0.0427957543	-0.014841586	0.0239535102	-0.0831039731	-0.0406228276	0.0145477388	0.0057715808	0.0401497632	-0.0151152175	-0.0072632201	0.0674632984	-0.0772392264	0.0020248633	-0.0952961691	0.0199345711	0.086849485	-0.0301358673	0.0462801542	0.0257732957	0.0906450917	0.0324210251	0.0007113739	0.0305336714	-0.0514590412	-0.0014637069	-0.0322816087	-0.0299416454	0.0190095448	0.0111143564	-0.0537375795	0.0323135766	-0.0192566307	0.0275825078	0.0551862592	-0.0143603009	-0.0500730742	-0.011528254	0.0166864953	-0.0552250812	-0.0898444875	-0.1169894724	0.0132825243	0.0107339881	0.0050156365	-0.0694333658	-0.0360613394	-0.0814474262	-0.0276531194	0.0600879633	-0.0630141488	0.0260594516	0.0543237372	-0.0369336799	0.0309036458	-0.1027667713	0.1169339613	0.0346943902	-0.0754777751	0.1505116998	-0.0911363412	0.0272552159	-0.063453702	-0.0696177779	0.0169759185	0.0809511339	0.0370681691	-0.0562039158	-0.0745906743	0.016245268928074	0.0008714470147025	0.0002639087625454	7.594198994340725e-07	0.0609078834695679	-0.0022063753614105	0.0037097702687424	4.868092235439753e-06	-0.1311891767692117	0.0365863558529326	0.0013385614345974	0.0172106001013834	0.0005788068378432	-0.0007352473662353	5.405886895560923e-07	3.350173555340445e-07	0.0011953524400862	-7.15923059907001e-05	1.4288674560200322e-06	5.1254582770660354e-09	-0.0005123466899815	-0.0004275142656199	1.827684473085805e-07	2.624991307349993e-07	0.0	0.0
2000.103479907724	-2.470966591389015	4000413.930338988	6.105675895760647	2665.719966888428	-8.547302791050242	7106062.941867643	73.05638500189526	2078.0338904116334	2.23143915769424	4.979320714491179	4318224.849699308	2301.9775901177254	1623.7614468914865	1.390797	32.492455	0.0714058704277739	0.0330874270900831	-0.0834542447	-0.0884010826	0.0605917602	-0.015172347	0.1114158832	-0.0101023978	-0.0504593498	-0.0406468795	0.0122646872	-0.0039033529	0.0825310816	-0.0038230379	-0.1006208472	0.0238317873	-0.0160931964	0.0126310916	-0.0441875266	0.0040482205	-0.0428960628	0.0022779735	0.0308096576	0.0171994753	-0.0147105776	0.0206548704	-0.022365348	0.0876374453	0.0764579541	0.0307819889	0.0802907401	0.1163761753	0.0122593053	0.0257352765	0.0235024994	0.0584907059	0.05138162	0.0962156319	-0.0537965705	0.0256559329	-0.0079184974	0.0610135366	-0.0012939649	-0.036581198	-0.0964254555	0.068434155	-0.0273432322	-0.0027373656	0.0795185907	0.0283003746	-0.0321082018	0.0547588354	-0.0759412572	0.0135545454	0.0372923056	-0.0197351067	0.0396604628	0.0432257676	0.0054430667	0.0321313383	-0.0069015356	-0.0350077623	0.020419426	-0.014486247	-0.026901108	0.0221970071	-0.0273345631	-0.0451091302	0.0672955042	0.0597421863	0.0599095154	-0.0950983874	0.025502534	0.056552251	0.0415427372	-0.0647211811	0.0140333327	0.0716622073	0.0207431483	0.0680565289	0.0826756705	0.0107326312	-0.0110233217	-0.0211120141	0.0298668948	0.0714959979	0.0223740201	-0.0648294493	-0.0018880919	0.054883407	-0.0197939727	0.0279760551	0.031726947	-0.0607031003	0.0264477464	-0.0645158866	-0.0682433853	0.0203054443	0.0813979594	0.0324269895	-0.060390626	-0.0715501408	-0.0084855209852463	-0.0247307899133202	7.200406639105533e-05	0.0006116119697367	0.063077862137959	0.0021699786683911	0.0039788166918953	4.708807421272422e-06	-0.1268368187763542	0.0043523579928575	1.8943020097990737e-05	0.0160875785973057	0.0007980442246016	0.0002192373867584	4.806503175265226e-08	6.36874584419969e-07	0.001039966638757	-0.0001553858013291	1.0815306097275326e-06	2.414474725471758e-08	-8.391500100499974e-05	0.0004284316889765	1.8355371211925665e-07	7.041727393669107e-09	0.0	0.0
2001.571624651604	1.468144743879975	4006288.968610461	2.1554489889823976	2654.8646420070104	-10.8553248814178	7048306.267379011	117.8380782811284	2074.010555491728	-4.02333491990521	16.187223877728663	4301519.784291107	2286.648214369756	1628.6293348141608	1.236922	28.897539	0.1288232276239305	0.0630349258280626	0.0551341401	0.0265859611	-0.0359404639	0.0006613272	0.0656992767	0.0405434208	-0.0529749037	0.0520105246	-0.0630147538	0.068322064	0.0060245613	0.0616101544	-0.0960198794	-0.0270087851	0.0604501628	-0.1054712929	0.0009594296	0.0022270742	0.0757339286	0.0095968204	0.083756317	-0.1321840283	-0.0228654357	-0.0735863043	-0.0323920934	-0.0471898044	0.0479309276	0.0033178619	0.048611312	-0.0633323662	0.0786062142	0.0651319684	0.0790825685	0.0996988951	-0.0598129517	-0.0009398533	-0.121337259	-0.0030085879	-0.0027611235	-0.1275236541	-0.0421471756	-0.0173683865	0.0750990925	-0.0461900567	0.053340078	0.0706629299	0.0235780948	-0.0820535528	-0.0160077162	0.1187399341	0.0548171422	-0.0529697932	-0.0349607561	0.0287956791	0.0133983209	0.0389483563	0.0054667365	0.0115273944	-0.0081457093	0.0028944772	-0.0652400579	0.0307290339	0.0448473417	0.0025303471	0.023910464	0.0458908522	0.0120103874	0.0464536394	0.0201497148	0.0360330219	0.1015371914	-0.09903831	-0.0252831779	-0.0038361582	0.010620567	0.0193470918	0.0453105439	0.0603163202	-0.044022011	-0.0073811929	-0.0338224605	-0.0646828572	0.1294062972	0.0169680184	-0.0365790217	0.0267060328	0.0324871371	0.0806228848	0.0450425802	-0.0657261183	-0.0175038085	-0.1061700065	0.0256373767	-0.0655497724	-0.0668016447	0.0235993474	0.0816216788	0.0276578354	-0.0642529755	-0.0680077345	0.0057446587197205	0.0142301797049668	3.300110380606077e-05	0.0002024980144356	0.0938843395026793	0.0308064773647202	0.0088142692038543	0.000949039047623	-0.1698874337284976	-0.0430506149521434	0.0018533554477577	0.0288617401388546	0.0010647942394188	0.0002667500148172	7.115557040497645e-08	1.133786772299461e-06	0.001168727794593	0.0001287611558359	1.3659246578542176e-06	1.6579435252222664e-08	-0.0005031229423938	-0.0004192079413888	1.7573529812343578e-07	2.53132695162995e-07	0.0	0.0
2005.3189988487336	3.747374197129602	4021304.2871436873	14.04281337331273	2661.7153113228933	6.850669315882897	7084728.398530726	46.93167007557943	2083.5276022518383	9.517046760110134	90.5741790341228	4341087.269345295	2297.6192578629248	1600.4668860994702	1.12777	26.347488	0.0698014787737651	0.0428437262259014	-0.0894221807	-0.0329650474	-0.0291507406	-0.023646223	0.0758438243	0.0026209443	0.0446898556	-0.0595066946	0.0292083401	-0.0877758908	0.1097657115	0.0374036034	-0.041321148	-0.0374603784	0.0480096602	0.0571432444	-0.1164919103	-0.0200808645	0.0074559584	-0.0394096599	0.0007382511	-0.0323871724	0.0689813964	0.0239381276	-0.0421390566	-0.0643834583	-0.0611184762	0.0774260959	0.0284698996	-0.0785393303	0.0583371973	0.0076921302	0.0529714756	0.0394812009	-0.0629535369	0.0212602111	-0.0435278171	0.0097641804	-0.0257880774	-0.0075623821	0.013779565	0.0513723144	-0.0674583927	0.0488396701	-0.0520665448	-0.0227855017	0.0488134378	0.0168515171	0.0330048129	0.1000461743	-0.0100276337	-0.1025321786	0.0164537861	-0.0267709019	-0.0001130714	-0.0445462916	-0.0843174276	0.0142335971	0.0420249613	-0.0287680278	0.0531332892	0.1031435685	-0.0280339118	-0.0970271032	-0.1106882456	-0.0501879061	-0.0357694262	0.123296845	0.0055283504	0.0482122028	0.0328801283	0.0934748299	0.0203740339	-0.0224606992	0.0106032646	0.0788391645	-0.0160123864	0.0366781428	0.0318620518	0.0128901558	-0.0057654961	-0.001096334	0.0302247512	0.0383410825	0.0456919913	-0.0252488288	-0.0188174168	0.0824508317	0.0378164071	-0.1341388668	0.0431238615	-0.0268538697	0.0248241955	-0.0665549058	-0.0652939789	0.0268518493	0.0816216788	0.0227795284	-0.0677702193	-0.0639883028	0.0034830681052824	-0.002261590614438	1.213176342603553e-05	5.114792107314502e-06	0.0688196572940995	-0.0250646822085797	0.0047361452300773	0.000628238294217	-0.1593620412214704	0.0105253925070271	0.0001107838874269	0.0253962601822736	0.0004682968323358	-0.000596497407083	3.558091566567424e-07	2.193019231757444e-07	0.0012018850570056	3.3157262412600134e-05	1.4445276902533543e-06	1.0994040506980255e-09	-0.000493781343015	9.341599378800016e-06	8.726547895399681e-11	2.4382001470969706e-07	0.0	0.0
2001.9217625883207	-3.3972362604129103	4007690.743524729	11.541214209064297	2671.8376448495046	10.122333526611328	7138716.400434948	102.46163602395973	2074.6985386439733	-8.82906360786501	77.9523641917263	4304374.026251438	2290.8293827864472	1670.6727248404698	1.288643	30.105867	0.0435737171037013	0.0181841456740059	0.1385546144	-0.00721957	0.003697616	-0.0366655234	0.0411169616	0.0451219306	-0.0533599548	0.0889474154	0.040730835	-0.0033396454	-0.0617771376	-0.0484351229	-0.0129765333	-0.0422953266	0.041326844	-0.0273146565	0.0132928957	-0.0327144126	0.0742348154	-0.0444616986	-0.0910553721	0.0550165232	-0.1015413487	0.043460951	-0.0283341508	0.010425706	0.0462063615	-0.0399103351	-0.036530054	0.0112490026	-0.0494045415	0.0680078276	0.0263918752	0.1707433029	0.0442864461	-0.0442736395	-0.0343256024	0.0250299984	0.012389285	0.0300057686	-0.0646018988	-0.0263170482	0.1194848941	-0.0120652514	0.0146134326	-0.0219302282	-0.0048409156	-0.0283217466	0.0319906289	-0.0355209155	0.0604119188	-0.0447713516	-0.0842953539	-0.0310378089	0.0208266573	0.0717101934	-0.0601970406	-0.0168186306	0.1150831856	-0.0298127043	0.0557856416	-0.0087233112	0.0694317365	0.0558649651	-0.0572826112	0.0573869164	-0.0895911864	-0.0596626291	-0.0345106805	0.086950861	-0.0357530042	-0.1057939338	0.0344368297	0.0038223569	0.0428224117	0.0509424816	0.0339085471	0.0143660858	-0.0098241391	0.0286406837	0.045251094	-0.0001555768	0.0586972849	-0.0176435733	-0.029767027	-0.0692655201	0.0883404918	0.073987335	0.0422810433	-0.0574435008	0.0342130374	-0.0085621276	0.024008292	-0.0675308461	-0.0637218759	0.0300572439	0.0813979594	0.0178113211	-0.0709234662	-0.0595200392	0.0069315622301502	0.0034484941248677	4.804655495044481e-05	1.1892111729247731e-05	0.0631791494322442	-0.0056405078618552	0.0039916049229818	3.181532893965143e-05	-0.1456549456773572	0.0137070955441132	0.0001878844682554	0.0212153632002738	0.0006472572330754	0.0001789604007395	3.202682503287821e-08	4.189419257684226e-07	0.0009908322820857	-0.0002110527749199	9.81748611223156e-07	4.454327380139004e-08	-0.0005193205588128	-2.553921579780008e-05	6.522515435666011e-10	2.696938428056389e-07	0.0	0.0
1994.7587361122576	-7.163026476063124	3979062.4152961713	51.30894829678129	2652.8422688075475	-18.995376041957115	7037572.103171976	360.8243109753584	2072.099382672991	-2.5991559709823377	6.755611761493139	4293595.85167379	2293.414431337236	1593.400742924078	1.399564	32.697269	0.0138191479842336	0.008456415461309	-0.1181945879	0.0241278334	0.0821389311	-0.0533159679	-0.0286043654	0.0998151899	0.0346529447	-0.064258638	-0.0558834636	-0.0641951298	0.0262526415	-0.0630959778	0.0497586696	-0.0839636584	0.033046197	-0.017114267	0.0146815031	-0.0315703772	-0.1465674714	0.0657413473	-0.0912055247	-0.0970714889	0.0417593985	0.0327679093	-0.0375793594	0.06476545	0.0157340785	0.039138109	-0.0008159044	0.084136875	-0.0110241825	0.0564965196	-0.0213707828	0.0335031477	0.0800914918	-0.0249643969	0.0171565308	-0.0534549936	0.0297516543	0.0241926492	-0.0630937229	0.0025678489	-0.050801282	0.0054097392	-0.0513275394	-0.1216233931	-0.0876239785	-0.050924459	0.0432647917	0.0109268989	-0.0679765575	0.0630537328	0.0008041952	0.0261232238	0.0760547982	-0.0171700613	0.0200076446	0.0724897174	0.0634804254	0.0469638088	0.0049652573	0.0500551587	0.0288966418	0.0699258955	0.0209010161	-0.017015185	0.0045131843	-0.0185225063	0.0679603347	-0.0087805882	-0.0806021071	0.1306248117	-0.0426214951	0.0277322531	0.0298874954	-0.04347979	0.0679383049	0.0150021075	0.0237990677	0.0450082195	0.0480515143	0.0243606755	0.0595317152	-0.0934781479	-0.0096684944	0.0327112538	-0.0182119759	0.0421749573	0.0396061838	-0.0452673885	0.0111549341	-0.0088228148	0.0231897558	-0.0684771651	-0.0620868871	0.0332099078	0.0809511339	0.0127728206	-0.0736957799	-0.0546342852	0.0081706848453961	0.0012391226152458	6.676009084278549e-05	1.5354248556138384e-06	0.0631567983629963	-2.2351069247902863e-05	0.0039887811794641	4.995702965245491e-10	-0.1450270036138974	0.0006279420634598	3.943112350621681e-07	0.0210328317772254	0.0005557174717537	-9.153976132169998e-05	8.3795279028338e-09	3.088219084123244e-07	0.0008563597757131	-0.0001344725063725	7.333520654593909e-07	1.8082854970128934e-08	-0.0005067381817815	1.2582377031300084e-05	1.5831621175778788e-10	2.567835848752205e-07	0.0	0.0
1992.787164414549	-1.9715716977086688	3971200.682655378	3.8870949592058417	2666.030722481864	13.188453674316406	7107719.81321717	173.93531031958992	2069.878216911765	-2.221165761226075	4.933577338843009	4284395.832845828	2298.893381772066	1641.9866274809476	1.36401	31.866636	0.0406051333347807	0.023362501170212	0.0823594659	-0.0841425696	0.0547530983	0.0264696832	-0.1192441373	-0.0586380602	-0.0955916147	0.0043215152	0.0062252792	0.0684532125	-0.0041263572	-0.0932969691	0.0150253238	0.0790255133	-0.0210496624	-0.0118355847	0.0398748457	0.0529455807	0.0573281571	-0.0091190968	0.0780664991	-0.01182777	-0.0012845009	0.0242546151	-0.0974494568	0.1088417426	-0.0050803899	0.0825624374	0.0347419119	-0.0223519458	0.0033257615	-0.1373014641	0.0088743156	0.0231447582	-0.1683310415	0.0219619277	0.0411775263	-0.0236614797	-0.0157996204	0.0398354522	0.0320813145	-0.1121826314	-0.0099096946	0.0464986172	0.0460900154	0.0148399536	0.0354843654	0.0396814642	-0.0055951084	-0.1022520966	0.0690275472	-0.0013924863	0.0478612228	0.0414305351	-0.0241620424	-0.0150334065	0.0255436376	-0.0325301614	0.007991903	0.0419246997	-0.0639268029	-0.0226392196	-0.0047946465	-0.0122889951	-0.0698258573	0.0175207794	-0.0962270346	0.0036980766	0.0488119613	-0.0547811068	-0.0177017459	-0.0904066351	0.0944038651	-0.0363413599	0.0214327589	-0.073205069	-0.0184856848	-0.0962977248	-0.0100534928	0.0157612153	0.0425414176	0.0198593725	0.0414856171	0.0314309686	-0.0159739054	0.0310972569	0.0190569694	0.0685628442	0.0579244498	0.0080538373	0.046434291	-0.0233431891	0.0223686765	-0.0693934478	-0.060390626	0.0363043104	0.080282427	0.0076839116	-0.0760722702	-0.049365311	0.0224634226461688	0.0142927378007727	0.0005046053569804	0.0002042823538416	0.0632629932404853	0.000106194877489	0.0040022063137456	1.1277352004904147e-08	-0.1440844720715333	0.000942531542364	8.883657083512389e-07	0.0207603350921324	0.0009132363408469	0.0003575188690932	1.278197417576807e-07	8.340006142434352e-07	0.0007947301172424	-6.162965847069995e-05	6.315959592521189e-07	3.798214803215118e-09	-0.0005928630365007	-8.612485471920007e-05	7.417490600403319e-09	3.514865800488304e-07	0.0	0.0
1995.152798899221	2.3656344846720003	3980634.690955395	5.59622651506936	2660.5333099365234	-5.497412545340467	7078437.493281793	30.22154469366675	2076.7536682641808	6.875451352415894	47.27183129943754	4312905.798648731	2293.803505350924	1578.8053672376827	1.213097	28.340931	0.0680421175616248	0.0336549958380491	-0.0400713971	0.0780432988	0.0079768807	0.0604194244	0.0209700504	-0.0649540913	-0.0191249795	0.0014666356	-0.0656370088	-0.0021461156	-0.0094088638	0.0376815555	0.0339059626	0.0426203741	-0.075891142	-0.0004592381	-0.0196043151	0.0796875398	0.0355621084	0.0117479704	0.0012881463	0.0560930704	-0.0458003818	-0.0501119981	0.0337188691	0.0702047633	0.0670692798	-0.0112655894	0.1027168986	-0.0688260859	-0.0330325558	-0.0312370339	0.0859048237	0.0591082338	-0.0583795435	-0.0709271318	-0.0863114611	0.0260687082	-0.0803608294	-0.017311152	0.0046125149	-0.022912418	-0.0348634812	-0.0671561513	0.0050784362	0.0480457974	0.0762669324	0.0737653646	2.74165e-05	0.0297400312	0.0514855295	0.0754961962	0.002780813	-0.0644822379	0.0051927695	-0.0131399536	0.1254394642	-0.002911739	0.0705497037	0.0557324832	0.0236881298	0.1179261281	0.0336193645	0.0466196442	-0.0463990872	-0.0232030334	0.071964789	-0.0251160558	0.0468617368	-0.0629912705	0.0583403704	0.0173975092	-0.0803908082	0.047002436	0.004784856	-0.0039584559	-0.0477679553	-0.0232736353	0.071179134	-0.0967707211	-0.0102411306	0.0225629203	0.0190073513	0.0039543863	-0.0640294158	0.0175006784	-0.0711092916	0.0236111963	-0.033519952	0.1018968452	-0.0127648536	-0.0303321471	0.0215451443	-0.0702792922	-0.0586347667	0.0393350228	0.0793936715	0.0025646777	-0.0780401729	-0.0437500746	0.0051965299013687	-0.0172668927448001	2.7003923015818995e-05	0.0002981455850604	0.0630980985538087	-0.0001648946866766	0.0039813700411061	2.719025769417515e-08	-0.1469240278399723	-0.002839555768439	8.063076962075202e-06	0.0215866699567209	0.0007220445761554	-0.0001911917646914	3.655429088584989e-08	5.213483699554313e-07	0.0010499698428574	0.0002552397256149	1.1024366709099932e-06	6.514731753202046e-08	-8.387903957301769e-05	0.0005089839969276	2.590647091284789e-07	7.035693279691867e-09	0.0	0.0
1999.162843581742	4.010044682521084	3996652.075157837	16.08045835581562	2643.0976943969727	-17.43561553955078	6985965.422126593	304.0006892430247	2074.9799722623425	-1.7736960018382888	3.145997506937131	4305541.885289831	2288.854914601206	1598.267066089683	1.034813	24.175776	0.0668067658755548	0.0313748292266211	-0.0187697703	-0.0094649698	-0.047312555	0.042081397	0.0023226662	-0.0970221053	0.0195826126	-0.093450059	0.0180236812	0.0418697393	0.0257463926	0.1024227307	-0.0079372363	0.0232292717	-0.0503047021	-0.0534709196	-0.0258495469	-0.005036384	-0.0610574608	-0.0577403565	0.1368261245	0.0828427809	0.0140267573	-0.0313281151	0.0891679317	0.0236335303	-0.003439242	0.0574013283	-0.0406755182	0.0277694414	-0.0751945808	-0.0452179893	-0.132422373	-0.0192612222	0.0686312042	-0.1171053388	-0.0190299558	-0.0851784048	-0.0066857871	0.0158700153	-0.0914567707	0.0399254149	-0.0565335719	0.0071570466	-0.0224042968	0.0914007274	0.0209680757	0.0455451494	0.0023069735	0.08274858	0.0756123641	-0.0160609053	-0.0239243164	-0.0128392479	-0.1063606712	-0.012418149	-0.0297690254	-0.0082656474	0.0611566411	0.0467341366	0.0507926289	-0.0362137667	0.0253248501	0.072308131	-0.0101505723	0.0179050158	0.0595809124	0.0029020165	-0.0056878246	0.0286905082	0.1000296347	0.0030095687	0.0380319527	-0.0083609449	-0.018545362	0.0359279858	-0.0750028529	-0.0347867172	-0.066521312	0.0177567829	-0.0272674265	0.0215968489	-0.0008959109	0.0545597895	-0.0241896064	-0.0283549043	-0.0201181878	-0.0256807115	0.0128421576	-0.0089871282	-0.0186249948	0.0064193988	0.0207192494	-0.0711343098	-0.0568210419	0.0422967282	0.0782873035	-0.0025646777	-0.0795889182	-0.0378279629	0.0112277557380053	0.0060312258366366	0.0001260624989123	3.637568509251285e-05	0.0691910398629147	0.0060929413091059	0.0047873999973114	3.712393379621028e-05	-0.1594297370841104	-0.0125057092441381	0.0001563927636989	0.0254178410667085	0.0005813609564762	-0.0001406836196792	1.9791880846041804e-08	3.3798056171492205e-07	0.0012668350059119	0.0002168651630545	1.604870932203804e-06	4.703049894665493e-08	-0.0005698680465528	-0.0004859890069797	2.361853149051949e-07	3.247495904819042e-07	0.0	0.0
2001.59053334487	2.4276897631280008	4006364.663175801	5.893677585996489	2656.816174098424	13.718479701451542	7058672.182950988	188.196685319138	2075.8467063583244	0.866734095981883	0.751227993137532	4309139.548298704	2284.5854840959823	1613.1143292863612	1.033127	24.136404	0.0692730401617377	0.038734584897737	0.0419524296	-7.6525e-05	-0.0509627274	0.0191237131	0.0004072227	-0.0303964691	0.0396868318	0.0876710103	0.0197920636	0.0413900258	0.0048402989	0.0858250516	0.0133483994	0.0080750299	0.0922057034	0.0338989562	-0.0131303456	-0.0174305248	0.0685792193	-0.0016450447	-0.0391959482	0.0739407168	0.0637874168	0.0129254623	-0.0450815165	-0.0688917218	-0.0826143313	-0.0152553138	-0.0103663821	0.0665540536	0.0291763011	-0.0123861686	0.0094618594	-0.1030321506	-0.0274444767	0.0211507276	0.0245735837	0.0437117368	0.0981329854	0.1131958271	0.0934239123	0.0588338843	0.04808432	-0.0290235231	0.071312563	0.0493278093	0.0084992539	0.0722853758	0.0804314875	0.0175778115	-0.098927478	-0.0949083605	-0.0557558078	0.0704996496	0.0061900938	-0.0578533038	0.0700193909	-0.0491317717	-0.0036021251	-0.0305510209	0.0126351179	0.0252539723	-0.0581982463	0.0283673586	-0.0478349924	-0.0224252928	0.0235919544	-0.0241133099	-0.0169836871	0.0590168571	-0.0382483678	0.0077492982	0.0100678989	0.0299078357	0.0438489505	0.0277916189	-0.0575873926	-0.030190187	0.1294150247	-0.0866375741	0.0052072442	0.0228516951	-0.0093297871	-0.0062197872	-0.0372835947	0.0494128719	-0.0311704959	0.0437787674	0.0354350788	0.0296349686	0.0107205482	0.0999853873	0.0198910824	-0.0719581255	-0.0549512416	0.0451842308	0.0769663555	-0.0076839116	-0.0807101879	-0.0316405151	0.0076325254695603	-0.003595230268445	5.825544504348667e-05	1.2925680683143108e-05	0.0633190463378525	-0.0058719935250621	0.0040093016291351	3.448030795837233e-05	-0.1393817869196851	0.0200479501644252	0.0004019203057952	0.0194272825249245	0.0002730529289197	-0.0003083080275564	9.505383985577957e-08	7.455790199162672e-08	0.0012669892614181	1.542555062000045e-07	1.605261788548783e-06	2.3794761193019622e-14	-8.317300553939453e-05	0.0004866950410134	2.368720629470404e-07	6.917748850456153e-09	0.0	0.0
1999.737987709221	-1.852545635648994	3998952.0194873246	3.4319253321621352	2650.9467217581614	-5.8694523402627965	7027518.521600342	34.45047077461642	2081.483750287224	5.637043928899857	31.77626425634673	4332574.602709767	2296.4779893149607	1577.036018487033	1.185369	27.69315	0.1343747917859181	0.0762385972075043	-0.0704957471	-0.0186616253	-0.013552793	-0.0219817851	-0.0527751429	0.005438044	0.0260826655	-0.0225833687	-0.0193806786	0.0679563544	0.0264001283	-0.1060329087	0.0209870229	0.0235989617	-0.0176631882	-0.0043184758	-0.0759572651	0.1010820007	-0.034385062	0.0305527987	0.0494686981	0.0263426668	0.0798494434	-0.0538463757	0.0074036014	0.1035215996	-0.0589126155	0.0256950009	-0.0429105556	-0.0498691069	0.0500444239	0.0993971511	0.0382326482	0.0223022532	0.1362421715	-0.0471772373	-0.0750360625	-0.0428096605	-0.0310016846	0.0393102107	0.0195978552	-0.0189180639	-0.1141232109	0.0489067558	0.0766463202	-0.0638750827	0.0152580151	-0.0252619249	-0.0325659732	-0.0024521911	0.0804433193	-0.0223548157	0.1110665606	-0.0414497723	0.1128787796	-0.0983621043	-0.0979917265	-0.0871248459	-0.0550876946	-0.1303179469	0.0245334824	-0.0576010816	-0.0946132175	0.0122316401	0.0720332146	0.0517122229	-0.0915050223	0.0237230638	0.0702748179	-0.0188897091	-0.0312234285	-0.0007620137	-0.0150153945	-0.0784054667	-0.0148799189	-0.010353409	-0.0091998401	-0.0063566017	-0.1080777781	-0.0685598003	-0.1484284997	0.0599243864	-0.035315315	0.0542569032	0.0561052902	-0.0117008794	0.0190343889	-0.0356588503	0.0006472048	-0.0210597483	0.0044144931	0.15936896	0.0190607341	-0.0727503781	-0.0530272111	0.0479924649	0.0754344479	-0.0127728206	-0.0813979594	-0.0252311319	0.0071757921429309	-0.0004567333266293	5.149199287854884e-05	2.0860533165395794e-07	0.0799007958184176	0.016581749480565	0.0063841371724164	0.0002749544158362	-0.1947971267712134	-0.0554153398515283	0.0030708598908603	0.0379459205983201	0.0005792447441531	0.0003061918152334	9.375342771592456e-08	3.355244736289902e-07	0.0008368309413857	-0.0004301583200324	7.002860244604768e-07	1.850361802930968e-07	-0.0005852422528175	-0.0005020692472781	2.5207352906240345e-07	3.4250849448290265e-07	0.0	0.0
2011.8566923752264	12.118704666005442	4047567.350654986	146.86300278186206	2658.2415657043457	7.294843946184301	7066248.221638291	53.21474819918174	2084.177670775341	2.693920488116873	7.257207596295854	4343796.563358526	2297.151713858784	1616.2205632992682	1.097321	25.636122	0.0594554065575888	0.0294668859617416	-0.0101561407	-0.0140251049	-0.1043798816	-0.0705505051	-0.0227637037	-0.0154784674	0.0700705552	0.0193314644	0.1169128782	-0.0530825067	0.033337965	-0.0132955975	-0.0145750655	-0.0358935289	0.0216775671	-0.0132070111	-0.1039797356	-0.0962709914	0.0655261389	0.0146171314	-0.0118394805	0.0623669663	0.0845952282	0.0733766367	0.0777633162	0.0130370624	-0.1038371004	-0.068049201	0.0841194987	0.014908546	0.1230091557	-0.0367886689	-0.1247234327	0.0245879375	0.1171844373	-0.002106309	0.0447266641	0.0065433978	0.0567032441	0.0835065328	-0.0564442457	0.0872197806	-0.0002930458	0.0102746771	-0.0734870688	-0.0295637058	0.1073503409	0.0104835229	0.0838329066	-0.018184132	0.1054927985	-0.15062901	0.0340601459	0.030339675	-0.0570813317	-0.1279554302	0.0130230234	0.0535769604	0.0166034687	0.0064094323	0.1110356998	-0.0288660138	-0.1017199197	0.0194669893	0.013320621	-0.0663925546	0.0130046147	-0.0942475427	-0.0280773703	0.1399238146	0.0427008105	0.0044569044	0.0031519127	-0.0630030893	0.0293371556	0.0332293916	-0.0156523817	-0.0485422675	-0.0686986312	0.0177126162	-0.1129674745	0.023226939	-0.0754014526	0.0990706997	0.1398527752	-0.0112406756	-0.0418887089	0.03019151	0.0646465719	0.1238934706	0.005398554	0.0511022192	0.0182282956	-0.0735107199	-0.0510508491	0.0507165039	0.0736957799	-0.0178113211	-0.0816485389	-0.0186447705	0.0051647199331767	-0.0020110722097542	2.667433198815273e-05	4.044411432845642e-06	0.0660222260902401	-0.0138785697281774	0.0043589343379107	0.0001926146976998	-0.2125785327065656	-0.0177814059353521	0.0003161783970377	0.0451896325676763	0.0001607639442559	-0.0004184807998971	1.751261798826003e-07	2.5845045772714123e-08	0.0008079475691225	-2.888337226319992e-05	6.52779274450957e-07	8.342491932945866e-10	-0.0006535652543432	-6.832300152569994e-05	4.6680325374807964e-09	4.271475416846917e-07	0.0	0.0
2005.78993092836	-6.066761446866394	4023193.2470135954	36.805594453184426	2683.319188799177	25.077623094831324	7200201.868977874	628.8871800864174	2079.9415478105307	-4.23612296481042	17.944737772994223	4326156.842308466	2301.2391996137453	1686.1975276052276	1.308596	30.572033	0.061578173747555	0.0280056131754016	0.1230759946	0.018714141	0.0646196554	-0.1117810948	-0.0493487238	-0.0290389509	-0.1375375729	0.1413397151	0.0634299813	-0.0208114956	0.0346178941	-0.0507024463	0.0372654003	-0.0374798999	0.013756956	-0.0250973751	-0.010901802	0.0133949769	0.0865171232	-0.0331630973	-0.1465002424	0.0824074565	-0.0135026133	-0.0007401555	-0.0165846278	-0.0974476611	-0.042338965	-0.0237568689	-0.009998997	0.0623783802	0.0436018345	0.0304334234	0.0648053215	0.0650711879	0.0682302811	0.0276237193	0.0894247491	-0.0399149617	-0.0713347359	0.0245306506	-0.0878022638	-0.067164291	0.121034825	0.0407065043	-0.0107317039	-0.0845378273	0.0550929475	-0.0015828445	0.0447777951	0.0438920709	0.032480117	-0.0497064775	-0.1102946408	-0.0982179754	0.096202924	0.019946201	-0.0036292131	-0.1054248698	-0.03293636	-0.0385551929	-0.0516139631	-0.0480648304	-0.1458340636	-0.0503701431	0.0282409511	0.0953349584	0.0569365894	-0.0994654976	0.0344562991	0.1351254203	-0.0462128571	-0.0469852701	-0.0402247354	-0.0194962531	0.0442082281	-0.0318116689	0.0207927117	0.0209573045	-0.0316341162	-0.0248605805	0.1446409649	0.1119112828	-0.005335772	0.0312597762	-0.0548566458	-0.0223082731	0.0331237579	0.0303567674	-0.0612717041	0.0844496251	-0.0163646325	0.0317983349	0.0173938582	-0.0742388174	-0.0490241061	0.0533515689	0.0717551168	-0.0227795284	-0.0814605803	-0.0119276293	0.01633859993116	0.0111738799979832	0.0002669498477105	0.0001248555942093	0.0739677950644193	0.0079455689741792	0.0054712347066919	6.313206632343926e-05	-0.2049403219701631	0.0076382107364025	5.834226325369444e-05	0.0420005355692341	0.0005798237379419	0.000419059793686	1.756111106841529e-07	3.361955670809172e-07	0.0007452485206316	-6.269904849090003e-05	5.553953575035883e-07	3.9311706816642335e-09	-0.0008682166929461	-0.0002146514386029	4.607524009429456e-08	7.538002259102625e-07	0.0	0.0
1989.6956483004028	-16.094282627957227	3958888.77286556	259.0259333085658	2667.2942330496653	-16.02495574951172	7114458.525660003	256.7992067738087	2065.054269999015	-14.88727781151556	221.6310406372435	4264449.138041165	2290.341411859772	1666.2064745880166	1.148123	26.822979	0.1023266530107114	0.064328106097064	0.0499851045	0.0660459199	0.1324802067	-0.0601374244	0.0466675476	0.0179997002	-0.0721624872	0.0242777176	-0.0114117061	-0.1017981768	0.0565523462	-0.0307484682	0.1259329205	-0.0021255277	0.1290415276	-0.0826646374	0.122552672	0.0088044912	-0.0012656853	0.0420731711	0.011059916	0.0125900707	0.0404821655	0.0006429645	-0.0877635152	-0.0553965476	-0.0315238765	-0.0304871503	0.0278128357	-0.0143952931	0.033282712	0.0381691815	-0.0623313171	-0.1255297127	0.0079975142	-0.0445662732	0.0241753926	0.0708418522	0.0152593101	0.0452762397	-0.0235574789	-0.0465004373	0.0946820656	-0.0258970854	-0.0448774771	-0.0909004401	-0.1074405323	0.0644040217	-0.0202690823	0.0889281902	0.0318373069	-0.0026766686	0.0196256525	-0.0546142036	0.0390598191	-0.0766038141	0.1701553814	0.114691335	0.036400192	-0.0553382803	-0.1034917964	-0.0219806328	-0.003555114	-0.0273949187	0.0315331036	0.0523256114	0.0555517328	-0.0477902578	0.0368108533	-0.0139935315	-0.0908639155	-0.0313366073	-0.0788551249	0.0571115461	-0.0025165227	-0.0225452701	0.0130992317	0.0718070123	-0.016445271	0.0090976348	0.1034214789	0.0407884729	-0.0722466753	-0.0440832165	0.0601731639	0.0500915787	-0.01095689	-0.0444330264	0.0103531202	0.0517864314	0.0282219557	0.010123568	0.0165575133	-0.0749343514	-0.0469489822	0.0558930371	0.0696177779	-0.0276578354	-0.0808350932	-0.0051268245	0.0044011714346652	-0.0119374284964947	1.9370309997312938e-05	0.0001425021991089	0.0634414947654846	-0.0105263002989347	0.004024823258079	0.0001108029979833	-0.1407789027640262	0.0641614192061369	0.0041166877145456	0.0198186994634431	0.0007177773057562	0.0001379535678143	1.903118687269468e-08	5.152042606586295e-07	0.0006096743851802	-0.0001355741354514	3.7170285594485483e-07	1.8380346203394568e-08	-0.0009087190898633	-4.050239691719994e-05	1.6404441560384072e-09	8.257703842819842e-07	0.0	0.0
1990.565420701888	0.8697724014850792	3962350.694094084	0.7565040303851217	2653.929440634591	-13.364792415074136	7043341.475867034	178.61767629802313	2069.710113781841	4.655843782825741	21.676881330077105	4283699.95509084	2293.6190772787018	1608.863476718359	1.124803	26.278164	0.0774358242502193	0.0363547663072333	-0.0629929932	0.0487372375	0.1267065463	-0.0024722244	-0.0086957533	0.0257416445	-0.015808106	-0.0578505734	-0.0892098939	-0.0053696005	0.049579973	-0.0411423096	-0.1098175636	-0.0094783974	0.034230723	-0.075043987	0.0411212598	0.0415050161	-0.0885036874	0.0171790115	0.0232432665	-0.0006604337	-0.0093965046	0.012934214	0.0204580583	-0.0161019421	-0.0854015926	-0.1120502406	0.0017652999	0.0046993543	0.0631614438	0.0293990738	0.0056740619	0.0703318817	0.0088861087	0.0078429377	0.0075983031	-0.0403261264	-0.1337987735	-0.0278019628	0.0036709673	-0.0744601189	-0.0624756221	-0.0545647186	-0.0427961002	0.005006567	-0.0263096492	-0.1106164191	-0.0038740499	0.0490830121	-0.0227800907	0.0552215135	-0.0214689088	0.0495887255	-0.0287859761	-0.01074144	0.0332155547	0.0049813131	0.1077599849	-0.1117076392	-0.0458867004	-0.0107512369	-0.0683000286	-0.0323789505	-0.0353277248	0.0363405501	0.1248916619	-0.0782901232	0.0954230536	-0.0566091737	0.0443781691	0.040225738	-0.0432199695	0.0444787842	-0.0083806228	-0.033317569	0.0026576322	0.006532727	0.003955352	0.0475741025	0.0473600067	0.0872131937	0.0201071409	0.0032934416	0.0086617354	0.0191313263	0.0542778945	-0.047844708	0.0537474123	0.0622713356	0.0015993668	0.0597193555	0.0157193527	-0.0755970167	-0.0448275254	0.05833645	0.0672896215	-0.0324269895	-0.0797754371	0.0017099414	0.0009277377841812	-0.003473433650484	8.606973961974428e-07	1.2064741324314608e-05	0.0730334944251893	0.0095919996597047	0.0053338913079541	9.20064574717753e-05	-0.1626154402699668	-0.0218365375059406	0.0004768343702483	0.0264437814141951	0.0011532907928577	0.0004355134871015	1.896719974473084e-07	1.3300796528903424e-06	0.0008220937219867	0.0002124193368065	6.758380877299456e-07	4.5121974649313306e-08	-0.0007059748450895	0.0002027442447738	4.110522878889853e-08	4.984004818991435e-07	0.0	0.0
1993.2817932628984	2.7163725610105303	3973172.307353356	7.378679890210907	2653.946366991316	0.0169263567249799	7043431.318866406	0.0002865015519812	2070.146450523569	0.4363367417281552	0.1903897521819428	4285506.326615332	2291.7210252141376	1589.612566766342	1.076344	25.146048	0.0620058140444901	0.0379219718145513	-0.0286252587	-0.0531444658	0.0016222339	0.0925403579	-0.0300488583	-0.0932526087	-0.0407552151	-0.1067006508	-0.0214701961	0.0102619161	-0.0303319657	0.0427482495	0.0106480225	0.0649675388	0.0067168357	-0.0265032359	0.0196816504	-0.0180651597	0.0522730262	-0.0202856505	0.0710080237	0.0608191704	0.0408903982	-0.0162590308	-0.0360465153	-0.0249522532	0.0297700229	-0.0983273045	0.0766726142	-0.0335201388	-0.0652716921	0.0252284858	-0.0146885272	-0.0532523476	-0.0118494557	-0.0164776157	0.041222974	-0.0209748392	0.0823576097	0.0666198634	0.0267018116	-0.0332332761	-0.0424626646	0.0465165332	-0.0139645233	0.0798341779	-0.0146861245	0.0598350636	-0.0219558072	0.0316869238	0.0494391571	0.0444626152	-0.0437556086	0.0744597419	0.0038901551	-0.0591800421	-0.0237251726	0.0565218338	-0.0197873148	0.0140801708	0.0678797399	0.0455130323	0.1115180317	0.0327793743	-0.0761961132	0.0468494201	0.0430301626	-0.041447926	0.0267607863	-0.0155064797	0.0688746605	0.0387197299	0.0919423702	0.0065379475	-0.0295585263	-0.0124358629	-0.0747171849	-0.0304382513	-0.0047426147	-0.0474148269	-0.0251893649	0.0863139243	-0.0498349201	0.0312478689	0.0641615073	0.0034249538	0.0231205015	-0.0900188279	0.0429054707	0.0213675921	-0.0500344025	0.0501316748	0.0148794683	-0.0762265226	-0.0426618292	0.0606775209	0.064777029	-0.0370681691	-0.0782873035	0.0085347133	0.0009225398119667	-5.197972214499957e-06	8.510797046635542e-07	2.701891514271359e-11	0.0701889083343871	-0.0028445860908022	0.0049264828531729	8.091670027985395e-06	-0.1625497229936883	6.5717276278493e-05	4.318760401463778e-09	0.0264224124453248	0.0006343095779051	-0.0005189812149526	2.693415014736769e-07	4.023486406221461e-07	0.0012668458948614	0.0004447521728747	1.6048985213271814e-06	1.9780449527676705e-07	-0.0004879019788129	0.0002180728662765	4.755577500609185e-08	2.3804834092954354e-07	0.0	0.0
1999.3879086280017	6.106115365103278	3997552.009167855	37.28464485195034	2648.075862884521	-5.870504106795124	7012305.775591601	34.46281846789842	2069.932803883272	-0.2136466402971564	0.0456448869102625	4284621.812592063	2284.8365356655418	1603.0105893013606	1.055945	24.669474	0.0570121025543297	0.0366104268853887	0.0411769334	0.0773853141	-0.0398208522	0.0180347959	-0.020186357	-0.0436674052	0.0648189043	0.011303006	-0.0421169059	0.0501059374	-0.0403026074	0.0206720152	0.1002849405	0.0345441047	-0.0532173552	-0.0491674989	0.0304635208	0.016916369	0.028732144	-0.0389042655	-0.0397773924	0.100581513	-0.0430894414	0.0346765933	0.0644123697	0.0389723135	-0.1405918353	0.0895919002	-0.0146881655	-0.0427086894	0.0082911951	0.0068279614	0.0662979632	-0.0649383215	-0.0280268115	0.0845454054	-0.0908887043	0.0130461309	-0.0638291665	-0.0352435958	0.0213427205	0.0343130717	-0.0256336438	-0.0988785294	0.0394079721	0.0674321798	0.0006901543	0.0535873577	0.0620221178	-0.0329067236	0.096129321	-0.0272529805	-0.0541458999	-0.0336611499	-0.0526272421	-0.0620555444	0.0067554828	0.0413100538	0.1116618951	-0.0437996786	-0.0133061636	0.0485023222	-0.0550541813	-0.0692089723	0.0241247145	-0.0241833049	0.0615596979	0.0294563169	0.0273587666	0.1036581493	-0.0050042725	-0.0255454519	-0.0220509742	0.0580687056	-0.0093470793	0.0045972925	-0.0688446182	-0.0648462472	0.0457487386	-0.0352954948	-0.0351991154	0.0922786929	0.0206461009	0.0905497766	0.0228223344	0.0481548004	-0.0489114216	0.0185670734	0.0575510251	0.0675863459	-0.0282339144	0.0701439149	0.0140379523	-0.0768225931	-0.0404540309	0.0629121428	0.0620868871	-0.0415630576	-0.0763786853	0.0152996203	0.0017471055031705	0.0008245656912037	3.052377639208646e-06	6.799085791104003e-07	0.0802812983609868	0.0100923900265997	0.0064450868665257	0.000101856336449	-0.1988172803729995	-0.0362675573793112	0.0013153357182616	0.0395283109749158	0.0005248306711578	-0.0001094789067472	1.1985631022583998e-08	2.754472333879468e-07	0.0013538724516177	8.702655675629995e-05	1.8329706152493213e-06	7.573621580857496e-09	-0.0004878556531722	4.6325640699971654e-08	2.1460649862628696e-15	2.380031383320739e-07	0.0	0.0
1996.5758911133428	-2.812017514658919	3986315.288975039	7.907442502748524	2638.7912804739817	-9.284582410539317	6963219.421905516	86.20347053809604	2069.16320493041	-0.7695989528619975	0.5922825482462831	4281436.368637885	2285.944878740688	1602.7578376202384	1.13302	26.470148	0.0645778493582325	0.0323586530431324	-0.0785422661	-0.0642306377	0.0195104846	-0.020404312	0.031993966	-0.0363260182	0.0198637287	-0.0723782439	0.0490907708	0.0764288293	0.035984893	0.0564971769	0.0121093765	-0.0060615123	-0.0185422581	0.0389473331	-0.005528013	-0.0613854832	-0.0608405224	0.0127067665	0.0201222288	-0.0502654777	0.1139474249	0.0246166939	0.0355998502	-0.0989115953	0.102491605	-0.0114691051	-0.015566695	-0.0817705555	0.0384259852	0.1198019104	-0.0193162683	-0.0914191364	0.0720420567	-0.0586123381	0.1269049915	0.0034547871	-0.0341665603	-0.0789165816	-0.0148467405	0.0470035442	-0.0385657555	0.0538518699	0.0248114592	0.0263995779	-0.0295405391	0.0383494715	0.0376905146	0.0445791612	0.0063936865	0.0323989289	-0.072163931	-0.0103052667	0.0123927027	-0.0113481581	0.0581390686	0.0494465034	-0.0795399214	-0.0002110204	0.0196329437	-0.0708021069	-0.0054993768	0.020859851	0.0675625117	-0.0223367235	-0.032107493	0.0338829599	0.0396284523	0.0480090968	-0.0186203456	0.111361017	0.0535516046	-0.0508944744	-0.0087952842	0.0600758434	-0.020068399	0.0374083799	0.0628519969	0.0001134898	0.021276661	0.0857583024	0.0273969912	0.0528545999	-0.0093112084	-0.0079904971	-0.0626969075	-0.0917475345	-0.0380959602	0.0664288882	-0.0209912141	0.0368394669	0.0131948967	-0.0773849666	-0.0382063093	0.0650363955	0.0592265694	-0.0458939156	-0.0740598336	0.0219572114	0.0226801388312338	0.0209330333280633	0.000514388697404	0.0004381918843138	0.0632685681866718	-0.0170127301743149	0.0040029117203915	0.000289432987984	-0.2079713312250888	-0.0091540508520892	8.379664700263656e-05	0.0432520746115355	0.0007017886742099	0.000176958003052	3.1314134844187024e-08	4.925073432492891e-07	0.0011813293333686	-0.0001725431182491	1.3955389938771006e-06	2.9771127655122912e-08	-0.0004879152319463	-5.957877409999702e-08	3.5496303232584748e-15	2.3806127356521173e-07	0.0	0.0
1998.665209922784	2.089318809441238	3994662.6213556863	4.365253087484953	2659.771594456264	20.980313982282496	7074384.934676418	440.1735747951584	2073.423928653493	4.260723723083174	18.153766644443746	4299086.787912886	2290.0230679274014	1652.5983397638963	1.25285	29.269663	0.0619601411352039	0.0374725514199399	0.1210777495	0.0290284295	0.030632618	-0.0373620545	0.0538038847	0.0472076736	-0.0422113711	0.0793515484	-0.0224813369	0.0185741292	-0.0068650314	-0.0190839394	-0.0130335581	-0.0485662586	0.0430032495	0.0547305941	0.0182684471	0.0094060673	0.1191335783	0.0356824099	-0.0605539994	-0.002226613	0.0170228339	-0.059573495	-0.0464789211	-0.0508282393	0.0460307736	0.0265292458	-0.0017085245	-0.0290098197	-0.0090922666	-0.0560024377	0.030385001	-0.049139429	0.0570113631	0.0229779481	0.0068019748	0.072739349	0.0082233295	-0.0618461812	-0.0189142934	-0.0334349958	0.1079398898	-0.0052927275	0.054253757	-0.0562385476	-0.0065037698	-0.0352089702	0.0213856274	0.0131429604	-0.0153289251	-0.0943141941	-0.0374779668	-0.040063885	-0.0241555048	-0.0838332144	-0.118665544	-0.0917335815	-0.0402405001	0.0200889373	-0.0104884119	0.0508461922	0.0802769904	0.0434567208	0.0746260867	0.0305909529	-0.0197615388	-0.0389275919	0.0159922083	0.0719663662	-0.0480142966	-0.1145152387	-0.0124106325	0.0112693099	0.0350747715	0.0541190089	0.009655112	0.04884692	-0.0136148253	0.0350721673	0.0526342808	0.0757023301	0.0526089814	-0.1048254538	-0.031821321	0.0285850638	-0.0157594057	-0.0994253915	0.0665770892	0.0207487467	-0.0127355036	0.0453703943	0.0123503943	-0.0779133966	-0.0359208828	0.0670465522	0.0562039158	-0.0500436514	-0.0713432033	0.0284607885	0.016283565628143	-0.0063965732030908	0.000265154509566	4.09161487424993e-05	0.0862840337168222	0.0230154655301503	0.0074449344744457	0.0005297116535695	-0.207057862365076	0.0009134688600127	8.344253582130548e-07	0.0428729583671947	0.0008155842698842	0.0001137955956743	1.2949437594868768e-08	6.651777012825436e-07	0.0012661244693026	8.479513593400009e-05	1.6030711717667906e-06	7.190215078065553e-09	-0.000922017171177	-0.0004341019392307	1.8844449364385436e-07	8.501156639452373e-07	0.0	0.0
1989.9936707664065	-8.671539156377548	3960074.8096903567	75.19559134058905	2651.567844935826	-8.203749520438123	7030812.036297621	67.30150619408873	2063.972548540901	-9.451380112592233	89.32858603270397	4259982.681130421	2289.642611741609	1604.4407081880606	1.342996	31.375689	0.0448624313395811	0.0214328885338514	-0.1011838691	-0.0110398187	0.1235306115	-0.0518607258	-0.0108148937	0.0985136042	0.007870288	-0.0136264314	-0.0608032446	0.0185920709	0.0168378946	-0.1159883391	0.0112820559	-0.0801918135	-0.0138199391	0.0187846601	0.0996018755	-0.003175902	-0.0715327173	0.1451019959	-0.0343874793	-0.0924144025	0.1321370432	-0.0188007597	-0.0501637298	-0.0048804622	-0.08354366	-0.0160362661	0.0353978917	-0.0248528033	0.0313327506	0.0065468574	0.0130837956	-0.0045181812	-0.0293858945	-0.0221264731	0.064077911	-0.1281484893	-0.0060181369	-0.0233372705	0.0379008779	-0.0319080291	-0.0455889255	0.0243951004	0.0322642621	-0.1007538386	-0.1106003194	-0.0812948658	0.0574796913	0.0293998186	-0.0474685462	0.0663231857	0.0116185978	-0.0007815393	0.1123405135	-0.0644408475	0.0010969591	0.0513285684	-0.0380113577	0.0397375811	-0.1038157341	-0.0157665019	-0.0319818217	0.0352164751	0.0580056008	-0.1054468451	0.0013832825	-0.00689166	0.1007206057	-0.0413308003	-0.0735398879	0.1024630838	-0.0342941143	-0.0096600328	0.026969011	-0.0516374583	0.0708953995	0.027820784	0.0318296906	0.0230265549	0.0485686917	0.0450865973	-0.0087006372	-0.080373478	0.0372195592	0.0340921792	-0.1074089421	-0.0545042273	0.0646213989	-0.026523524	-0.0095914736	0.0125013916	0.0115045374	-0.0784076511	-0.0336000067	0.0689390864	0.0530272111	-0.0539958877	-0.0682433853	0.0347647336	0.0118719410385637	-0.0044116245895793	0.0001409429840231	1.9462431519380725e-05	0.0832600256757984	-0.0030240080410237	0.0069322318755346	9.14462463217654e-06	-0.2025414926813979	0.0045163696836781	2.039759511964668e-05	0.0410230562576087	0.001143908056636	0.0003283237867518	1.0779650894704146e-07	1.3085256420367503e-06	0.0011520973941312	-0.0001140270751713	1.3273284055639016e-06	1.30021738721441e-08	-0.0007061594525942	0.0002158577185828	4.659455467177129e-08	4.986611724881402e-07	0.0	0.0
1988.788266051858	-1.205404714548422	3955278.767185556	1.4530005258555625	2658.5888328552246	7.020987919398522	7068094.582182505	49.294271364339984	2072.878924714417	8.906376173516037	79.32353654417416	4296827.036525197	2298.3997488629184	1633.2513293835134	1.279736	29.897785	0.0819860461296549	0.0356429700818811	0.0826917236	-0.0587665519	0.0722729756	0.04286281	-0.0989330347	0.0142711394	-0.0936216154	-0.0175722428	-0.0649923197	0.0578816089	-0.0960046091	-0.1101986453	0.0001721424	0.0665798361	-0.0053436846	-0.0191949761	0.0167394304	0.0905420686	0.0422652059	-0.0174847791	0.0716909135	0.075863165	0.0575895646	0.0142455656	-0.0015412694	0.0615456176	0.0087047524	-0.0038991783	-0.0594016263	0.0670721217	-0.0249231864	0.122458171	0.0331659495	0.0146282615	-0.0711623587	0.0209766524	0.1720899401	-0.0312848377	0.0683711606	0.0409024317	0.0225592623	-0.1374225488	-0.0041618815	0.036381048	0.0449923699	0.0385017935	-0.0255412852	-0.0286502769	-0.0531960667	-0.0877588045	0.0688696023	0.0047095777	0.0127320802	0.0921265986	0.1153957482	-0.0831406465	-0.029656077	-0.0225043381	-0.0042945607	0.0914877117	-0.1084735343	0.0362948713	-0.0091479132	-0.0511425078	-0.0367295231	0.0438059521	-0.0010509944	-0.1234880297	0.041018438	-0.0586000462	-0.0182748597	-0.1164217371	0.0581139916	-0.0133416302	0.0156745393	-0.0831376224	0.020594418	-0.0723653771	-0.0462489597	-0.022048346	0.0101885021	0.0684195774	-0.024258008	0.0082186907	0.077842471	-0.0190494265	-0.0329698783	0.0298291504	0.0339562551	0.0839982729	0.000318807	0.026540601	0.010657419	-0.0788675135	-0.0312459714	0.0707106781	0.0497051625	-0.0577350269	-0.064777029	0.040824829	0.0017894011157437	-0.0100825399228199	3.201956353024798e-06	0.0001016576112952	0.0709467022910246	-0.0123133233847738	0.0050334345659712	0.000151617932778	-0.1767404534933518	0.0258010391880461	0.000665693623183	0.0312371879010356	0.0009987055683216	-0.0001452024883144	2.1083762612693493e-08	9.9741281219657e-07	0.0008397569200131	-0.0003123404741181	7.05191684709888e-07	9.755657177231954e-08	-0.0004879195423464	0.0002182399102478	4.76286584249678e-08	2.3806547980352047e-07	0.0	0.0
1991.9042112874856	3.115945235627578	3967682.38694482	9.7091147114302	2645.3769155229843	-13.21191733224032	6998019.025181898	174.55475959395213	2069.660821994813	-3.2181027196038485	10.356185113921686	4283495.918100245	2291.075020926339	1585.0703803948768	1.134463	26.503841	0.0514155068507337	0.0315906235731622	-0.0513732591	0.0468687792	0.0398256021	0.0241460826	-0.106241708	0.036045157	0.0237022033	-0.0373224713	-0.1093311116	0.0360410329	0.0059603714	0.007914098	-0.0460743677	-0.0366906322	-0.043204707	-0.021784774	0.0076217758	0.0265927774	-0.0947083389	-0.0473440961	0.0162755219	-0.012088874	-0.0034842735	0.0135206698	0.0640458256	0.0479373489	-0.0426038927	0.0831626703	-0.0466457068	-0.0741491383	0.1022519297	0.0019813681	0.0080326209	-0.0138535269	-0.0757301963	0.0681168291	-0.0461838892	0.017195864	0.0271578376	0.0434346704	0.0248432658	-0.0484674659	-0.0933731892	-0.1023679349	0.0227727515	0.0392796033	-0.0039967543	-0.0663206947	0.0319917572	-0.0123212566	0.0150815956	0.0522885964	-0.0092396298	0.0199282431	-0.0427175314	0.0821066539	0.0224166908	0.0253337105	-0.0089731723	-0.0217076409	0.019399847	0.0766046168	-0.034400512	-0.0214991694	-0.0206604594	0.0073812621	-0.0018449852	0.0085814251	0.0836419878	-0.0728006106	0.0658546064	0.0231540368	-0.0377886207	0.0086405933	-0.0093938014	-0.0979460088	0.0423262103	-0.0546624372	0.0428993106	0.0302328787	-0.0108162007	0.075358057	0.0550909697	-0.0253607245	-0.0044112842	-0.0116318231	-0.040848823	-0.0081496374	0.0081976996	0.0989251969	-0.0400370794	0.0204632615	0.0098091318	-0.0792927819	-0.0288611001	0.0723582192	0.0462468756	-0.0612463124	-0.0609627523	0.0465985677	0.0038018297366591	0.0020124286209154	1.4453909346545402e-05	4.049868954279459e-06	0.0856405637267982	0.0146938614357736	0.0073343061554437	0.0002159095638937	-0.1994718336928116	-0.0227313801994598	0.0005167156457723	0.0397890124367726	0.0010081483733845	9.44280506289994e-06	8.916656745592872e-11	1.0163631427578131e-06	0.0006097547941115	-0.0002300021259016	3.718009089419578e-07	5.2900977919255464e-08	-0.0004878077414192	1.1180092720000905e-07	1.2499447322781724e-14	2.379563925885011e-07	0.0	0.0
1994.6173647132948	2.713153425809196	3978498.431615809	7.361201511980177	2654.995178222656	9.618262699671504	7048999.396385551	92.51097735989218	2066.142822265625	-3.517999729187977	12.376322094566682	4268946.161999762	2283.355007362037	1601.5315053345728	1.043647	24.382156	0.0723468583655427	0.0371627855347262	0.02063675	-0.034604245	-0.0316533809	0.0483810689	0.0018372529	0.0697151933	-0.0185348467	0.0268785039	-0.0049584461	0.0795888888	-0.1344659018	-0.0280446099	-0.0496907107	-0.0069914502	-0.0669879161	0.0282717492	0.0381884229	0.0303411487	0.016543849	-0.0196720426	0.0645858126	-0.0332690009	-0.0977842985	-0.0049198403	0.0767571714	0.008343896	-0.0329702268	-0.0083580406	0.0398892153	-0.0887836748	-0.0054189705	0.125032556	0.0052380236	0.01500701	-0.0744783173	-0.0089002747	0.0175457148	0.0134911525	-0.0242195795	-0.0667001666	0.0058292724	-0.0286204919	0.035921689	0.0087035389	0.051708368	0.1133589562	-0.0467931457	-0.1071578059	-0.0597382898	-0.0554944454	0.0324500024	0.0312239987	0.0275913244	-0.0826917771	0.0547966953	-0.0216630247	0.0174207637	0.0501703354	0.0100642303	-0.0296922871	0.0076250911	-0.0807863735	0.0130730448	-0.0546039911	-0.0068386123	-0.0138928082	0.0486362678	0.0665957199	0.022889309	0.0518840816	0.0843817732	-0.0178351217	0.0257270722	-0.0085898734	0.0240037571	-0.0682278838	0.0936639869	0.0537693883	-0.0142936061	-0.0386675488	-0.0177264876	0.0880158854	0.0294223462	-0.1028303223	0.0251483491	0.0618066019	-0.1013536921	-0.0496385523	0.0441075589	0.0073616016	-0.0157459285	0.011592923	0.008959769	-0.0796832699	-0.0264477464	0.0738788195	0.0426618292	-0.0645158866	-0.0568210419	0.0520454508	0.0084554756173105	0.0046536458806514	7.149506791493238e-05	2.1656419982503748e-05	0.0841423017070468	-0.0014982620197513	0.0070799269365596	2.2447890798295302e-06	-0.2273123436536366	-0.0278405099608249	0.0007750939948787	0.0516709015773089	0.0008292925633267	-0.0001788558100577	3.19894007914318e-08	6.877261555889687e-07	0.0011977984061786	0.0005880436120671	1.4347210218439943e-06	3.45795289692922e-07	-0.0004879971293806	-1.8938796139997922e-07	3.5867799923240023e-14	2.3814119828370605e-07	0.0	0.0
1999.88418442764	5.266819714345274	3999536.751123808	27.73938990341604	2650.4270313807897	-4.56814684186611	7024763.448673986	20.86796556885131	2070.850718265822	4.707896000196797	22.164284748669	4288422.69734207	2292.353305626244	1561.6025517813646	1.112742	25.996401	0.0391791255989054	0.0221590581648737	-0.0988203371	0.0356391653	-0.0582653407	-0.000313272	0.0392514426	-0.0032766905	0.1212395687	-0.0360625927	-0.0360548354	-0.0552705012	0.0048133758	-0.0332074477	-0.0283874754	-0.006992553	0.0586196722	-0.0067184452	-0.0378532297	-0.0349521338	-0.0429542353	0.001956583	0.0242907691	-0.0436648724	0.0091626768	-0.023935861	-0.0392191182	0.0209478703	-0.0296691448	-0.0108322453	-0.0716516608	-0.0573014468	0.0802843974	-0.0627508683	0.0815491716	-0.1105393791	0.0402312472	-0.0949669496	-0.027205235	-0.0552952021	-0.03043881	0.1208354765	0.0202413968	0.0592965927	-0.1084145161	-0.0031556605	-0.0292705365	0.0224736822	-0.0309207084	0.0036355055	-0.0043322506	0.0291363315	-0.0385172915	-0.0890431393	0.0183989514	-0.0533436273	-0.0172135315	-0.046212604	-0.0809682428	0.0658613409	0.0570516883	-0.0467685253	0.0319274748	0.0722783802	-0.0266118245	-0.0603964764	-0.0224455401	-0.004341938	-0.0617969485	0.0430152826	0.0060094817	0.063211736	0.0386255593	0.0650306231	-0.0216496437	-0.0088282123	-0.030598712	0.0632484609	-0.0388380193	0.0161244364	-0.0789236925	0.0123658673	-0.0651165555	0.0569241122	0.0035728119	-0.0007105262	0.0557607337	-0.0520393771	-0.0728558764	-0.0202052957	-0.0114533394	-0.0423216429	-0.0219616457	0.0152865848	0.0081094236	-0.0800388062	-0.024008292	0.0752698111	0.0389598496	-0.0675308461	-0.0523741431	0.0571272725	0.0134643618220877	0.0050088862047771	0.000181289039276	2.5088941012407334e-05	0.092839918150517	0.0086976164434701	0.0086192504021946	7.564853179772315e-05	-0.2202224863867385	0.007089857266898	5.026607606498768e-05	0.0484979435103572	0.000797993896814	-3.129866651269998e-05	9.79606525473207e-10	6.367942593523929e-07	0.0012001726640362	2.3742578575999384e-06	1.4404144234997494e-06	5.637100374375049e-12	-0.0008219795186855	-0.0003339823893049	1.1154423636580977e-07	6.756503291384461e-07	0.0	0.0
2003.8030791036151	3.918894675975025	4015226.7798251286	15.357735481385395	2659.507804870605	9.080773489815329	7072981.764167664	82.46044717333287	2071.635116448924	0.7843981831019846	0.6152805096536946	4291672.055704346	2285.579946705068	1654.0362850528347	1.374907	32.121223	0.0405571070676163	0.0209043722003462	0.1448461589	-0.0102780361	-0.0574240986	-0.0493162658	-0.0090384627	0.0412627179	0.0155635518	0.1182146354	0.0535432374	0.0258118415	-0.0526010698	-0.022555437	0.0262610549	-0.0410355904	0.030022289	0.0555466973	0.0210564438	0.0144319148	0.0737013134	-0.0168771433	-0.1274735051	0.0422421028	-0.0894850619	0.0646969759	-0.0127149652	-0.0748630135	0.0885333801	-0.0235862665	-0.0613478006	0.0391478248	-0.0525324337	-0.0961071153	-0.0486249752	0.0004188576	0.0448425263	-0.0124772463	-0.061203008	0.0425358036	-0.0472513926	-0.0284047552	0.0528987031	0.0249808262	0.1105021186	-0.0183814615	0.0643525577	-0.0352846854	0.0083265801	-0.0186470309	0.0152028224	-0.0395572638	-0.0363521791	-0.0872927047	-0.1612847843	-0.1018647419	-0.0440208886	0.0206801475	-0.1173754404	-0.1006457702	-0.083564921	0.0183363861	-0.0325514841	-0.008032507	0.100590777	0.0677821772	-0.0158404178	-0.0003428821	0.0512785403	0.0067153683	-0.0456508222	0.0940539548	-0.0456079145	-0.1108225925	0.0273452012	-0.0175082898	0.0052040337	0.0099641282	0.0366113319	0.0036710164	0.0305246434	0.0489933897	0.0266864722	0.0564616215	0.0357025875	-0.118125093	0.0365486565	-0.0259676207	-0.023638653	-0.0852438888	0.0209720234	-0.0178941683	-0.0371563694	0.0082626031	0.0072581889	-0.0803592349	-0.0215451443	0.076528754	0.0351510839	-0.0702792922	-0.0476459404	0.0618083875	0.0129362635869512	-0.0005280982351365	0.000167346915591	2.78887745954286e-07	0.0847196715955078	-0.0081202465550091	0.0071774227552506	6.59384041141386e-05	-0.2144029153234328	0.0058195710633056	3.3867407360864915e-05	0.045968610099187	0.0007343033423146	-6.369055449939999e-05	4.0564867324410415e-09	5.392013985343926e-07	0.0008612422917528	-0.0003389303722833	7.417382851036151e-07	1.1487379725616409e-07	-0.000702816621185	0.0001191628975004	1.4199796140714656e-08	4.939512030138998e-07	0.0	0.0
1991.1345907277296	-12.668488375885545	3964616.958392483	160.49059772994718	2652.563038962228	-6.944765908377121	7036090.67566853	48.2297735221571	2067.38838977974	-4.246726669183772	18.034687402756692	4274094.754196066	2290.8218984685955	1618.122760366221	1.452413	33.931942	0.0588389446217974	0.0281013671504753	-0.0975394203	0.0570833173	0.1078360157	-0.0827246874	-0.0432817823	0.0754208589	0.0434475449	-0.0009590605	-0.0126426823	-0.0426463361	0.0082838616	-0.1232426754	0.044906845	-0.0589746458	-0.0567480834	0.0301270109	0.0357633857	-5.29141e-05	-0.0650613419	0.0825437843	-0.0912552828	-0.1235827644	2.4944e-06	0.0661425108	0.0729648226	0.0014559047	0.038065603	0.1368009481	0.027596934	0.0248551372	-0.0514712376	0.0467202994	-0.0045588442	-0.0383936405	0.1196578907	0.0229468953	0.1476781297	0.0306759366	0.0923845424	-0.0210045138	-0.0448785638	0.0059331438	-0.0037749538	0.0126902148	-0.0381431376	-0.1345563063	-0.0945291458	-0.1030040308	0.0301850695	-0.0380375161	-0.034867957	0.1112992875	0.0084117593	-0.0053689609	0.0723495865	-0.0378229602	0.0834674421	0.0043809609	-0.0863768654	0.0658238593	0.104264285	-0.0550425833	0.0818528876	-0.069079748	0.0836866427	0.042461116	-0.0765863484	0.032774818	0.0445405964	-0.0276468947	-0.1089280811	0.1137776691	-0.1038363331	0.015954585	0.0137811138	-0.0297796097	0.0494325649	0.0285484487	-0.0670994294	-0.0063343101	0.0487297134	0.0063650662	-0.0053082196	-0.0591013957	0.0297021705	-0.0633464217	0.000154309	-0.0424909263	-0.0393212683	-0.0165216504	-0.0056359748	0.0008990247	0.0064061583	-0.0806444153	-0.0190607341	0.0776534394	0.0312459714	-0.0727503781	-0.0426618292	0.066055961	0.0009316305016682	-0.012004633085283	8.679353916385419e-07	0.0001441112155122	0.101230834527314	0.0165111629318061	0.0102476818590964	0.0002726185013606	-0.1972134734280146	0.0171894418954182	0.0002954769126759	0.0388931541015422	0.0009253160698507	0.0001910127275361	3.6485862080780376e-08	8.562098291239455e-07	0.000838652413535	-2.2589878217799965e-05	7.033378707280807e-07	5.103025978950334e-10	-0.0007518881496169	-4.907152843189994e-05	2.408014902642764e-09	5.653357895343258e-07	0.0	0.0
1990.133978432071	-1.000612295658584	3960633.252109863	1.0012249662231418	2671.404525756836	18.841486794608045	7136402.140234105	355.00162463138935	2068.4028833212974	1.0144935415573857	1.029197145861647	4278290.487731856	2303.359628175089	1659.5166184977354	1.430799	33.426983	0.0842118698941845	0.0441632272320608	0.073952439	-0.1142343723	0.0624053898	0.0358386062	-0.0270098978	-0.0689828754	-0.0986635047	0.0088680011	-0.0314699495	-0.0110074262	-0.0441151842	-0.0977842891	-0.0334027011	0.0982912705	-0.0273055884	0.0060628852	0.0211300856	0.0871642113	-0.0579893215	-0.0490545653	0.0130663991	-0.0651032322	-0.0568578432	0.0293263966	-0.0077338485	-0.0218532433	0.0878957723	0.0672229026	-0.0407448551	0.0596007619	-0.0123436125	0.0398513399	0.0015341453	-0.0077471082	-0.15281162	0.0359717433	-0.0023443189	0.082149733	-0.1618830783	-0.1180047619	-0.0204091773	-0.1249516869	-0.0074769952	0.0561646635	-0.0212511226	0.0049940531	0.0567154607	0.0018580942	-0.0876769405	-0.1139691952	-0.0536356275	0.0043664766	-0.0636043761	0.0337293775	0.0637993681	0.090489059	-0.0395540435	-0.0191384156	-0.0446552922	0.0295775074	-0.0187116007	-0.0043154705	0.1024687035	-0.0227957609	-0.0627702899	0.0237931295	0.0698735933	0.0365560437	-0.0053897984	-0.0897545948	0.0099767119	-0.0797735263	0.1188762632	-0.0414488113	-0.0505941899	-0.0107281339	-0.0366446323	-0.0551744062	0.0592311224	0.0446109176	0.0898663551	0.025956296	-0.0381712109	-0.0327428317	0.0601107153	-0.0989611689	0.0757777933	-0.0162299122	-0.04182165	-0.1026477656	-0.0013519563	0.0227040585	0.0055534252	-0.0808942224	-0.0165575133	0.0786418943	0.0272552159	-0.0749343514	-0.0374485793	0.0698401994	0.012527011004181	0.0115953805025128	0.0001569260046988	0.000134452848998	0.0857818911788825	-0.0154489433484314	0.0073585328542256	0.000238669850583	-0.1589384119001593	0.0382750615278552	0.0014649803349611	0.0252614187773447	0.0011432508144798	0.000217934744629	4.7495552916551006e-08	1.307022424808726e-06	0.0008411607607048	2.508347169799985e-06	7.075514253494778e-07	6.2918055242435945e-12	-0.0005944815511081	0.0001574065985087	2.4776837254110538e-08	3.5340831460789253e-07	0.0	0.0
1989.8553218624768	-0.2786565695942045	3959524.201944421	0.0776494837780097	2661.693213871547	-9.711311885288978	7084610.764769845	94.30957853335497	2068.628942153033	0.2260588317358269	0.0511025954057669	4279225.700313177	2292.256049939154	1592.9683004790568	1.265035	29.554333	0.0692778087203937	0.0343890019784468	-0.0391909019	0.0569324128	0.0184252521	0.055289026	0.1428618821	0.0556817681	-0.0426623061	-0.0282408298	-0.065248793	-0.0777389044	-0.0256847433	0.1071888531	-0.0528071351	0.1015433774	0.0426004904	0.0509939087	0.0238171359	0.0529148383	0.0121509928	-0.0529703069	-0.0222156335	-0.072023246	-0.0206464339	-0.0398315701	-0.0072095204	-0.0173087125	-0.04141072	-0.0112807581	0.0100401046	0.0332393091	-0.0474412855	-0.0099720718	0.0754266071	-0.0264677667	-0.0316810104	-0.0650227683	-0.0055892728	-0.0138873132	0.0493307935	0.1318128467	0.0339254781	-0.0442452317	0.0300997794	-0.039563935	-0.031627435	0.0414454633	0.0088431576	0.0418419597	-0.1003311474	0.0639058714	-0.1591010924	0.007799239	0.04715249	-0.0217129231	-0.0280836075	-0.006010294	0.0901787241	-0.0112390045	-0.0207058136	-0.044794628	0.0299478291	0.1008193327	0.0015210761	-0.0244417272	-0.0279390427	-0.0253096176	-0.0267223152	-0.0463793784	-0.0033150899	-0.0627403371	0.0424623567	-0.0003962275	-0.0592088738	0.0737888544	-0.0486039607	0.0085209228	0.0102455569	0.1327056468	-0.0147736102	-0.0682846269	-0.0256639429	-0.0127929601	-0.006749838	-0.1472588577	0.0742975302	0.0025900192	-0.0040077491	0.0385024134	-0.0167440124	-0.0072880751	0.0221391935	-0.0591838609	0.0047000831	-0.0811085467	-0.0140379523	0.0794923845	0.0231897558	-0.0768225931	-0.0320341914	0.073134559	0.0006242787932393	-0.0119027322109417	3.897240116883168e-07	0.0001416750340853	0.1012979859279852	0.0155160947491026	0.0102612819530662	0.0002407491962631	-0.15712362865127	0.0018147832488893	3.2934382404492475e-06	0.0246878346805421	0.0009089667098884	-0.0002342841045913	5.488904166419404e-08	8.262204796853427e-07	0.0012661660748862	0.0004250053141814	1.6031765291927263e-06	1.806295170824306e-07	-0.0007360761025645	-0.0001415945514563	2.004901700213909e-08	5.418080287665443e-07	0.0	0.0
1994.3221203335315	4.466798471054744	3977320.719651633	19.952288581017	2652.988369532994	-8.704844338552903	7038347.288877334	75.77431495843652	2070.4652653541884	1.83632320115521	3.372082899100918	4286826.41503819	2290.4284895931382	1609.9436281322303	1.020915	23.851093	0.0468915036224983	0.0259085524360937	0.0214309905	-0.0059160161	-0.0394040753	0.0532549407	0.0187909764	-0.0145113202	0.0053932714	-0.0594065885	-0.0113819932	-0.036365963	0.0299488337	0.0764779192	-0.0722775778	0.0274192189	0.0338045724	0.0707902268	-0.0075651687	-0.0074458271	-0.0056195647	0.0169759601	0.082995998	0.0100735212	-0.0689886423	-0.018821445	0.0453894352	-0.0074757432	0.0040110377	-0.075259224	-0.0295123221	-0.0842972115	0.0354152807	-0.0106266025	0.0362838145	-0.0115169577	0.0460973134	0.1033949738	0.0398475962	0.0213028602	0.0240664201	-0.0422459318	0.1616624093	0.0036125255	-0.0365918716	-0.0180962849	-0.0221442487	0.0366258183	0.0040059172	-0.0049424702	-0.0457116493	0.0189648592	-0.0146253845	-0.0419013817	-0.0339415408	0.0133225495	-0.093568091	0.0236883186	-0.0662467725	0.0722679762	-0.001766895	0.0345462447	-0.0101450754	0.0709412129	-0.0083562257	-0.0505729287	-0.0487707941	-0.0590971472	-0.091994266	0.0005468658	-0.0553521481	-0.0081245314	0.0491217043	-0.0364610845	0.0549784444	0.0199404562	-0.0833281886	0.0187935774	-0.0310806134	-0.0208556533	-0.0183774654	0.1162383224	0.011855586	-0.0087755804	-0.0154570552	-0.006674701	0.1245016667	-0.0550587093	-0.0673373227	0.0126691865	0.0007720643	-0.0934424314	0.0225620722	-0.0357846899	0.0038462256	-0.081287294	-0.0115045374	0.0802034182	0.0190607341	-0.0784076511	-0.0264477464	0.0759159322	0.002689178038068	0.0020648992448287	7.231678520427258e-06	4.263808891294136e-06	0.0879791028504541	-0.013318883077531	0.0077403225383707	0.0001773926464329	-0.1785712662572436	-0.0214476376059735	0.0004600011588771	0.0318876971327153	0.0007509393829131	-0.0001580273269752	2.4972636070958363e-08	5.639099568099075e-07	0.0012662403657135	7.429082729982357e-08	1.603364663762258e-06	5.5191270208922095e-15	-0.0006929760464838	4.31000560807e-05	1.8576148341594851e-09	4.802158010003178e-07	0.0	0.0
1989.0684163776605	-5.25370395587106	3956393.165031134	27.601405255935227	2661.0816961015976	8.093326568603516	7081355.793326955	65.50193494606356	2068.733067103795	-1.7321982503935942	3.0005107786666287	4279656.502928674	2288.645289934851	1616.12177501741	1.050298	24.537539	0.0765276838786334	0.0403852935882249	0.0031831774	0.0121107609	0.0263475019	0.0244390573	0.0913365136	0.0451434167	-0.017659201	-0.0082974929	-0.0094186237	-0.0597380018	-0.0657060326	0.0651653111	-0.0164846537	0.0637718797	0.0644915538	0.0882551872	0.037863224	-0.0843148934	-0.0104263289	0.0072670339	-0.048526775	0.036132778	-0.041697808	0.1081386516	-0.1082668793	-0.0311770254	0.0368169448	0.003439104	0.0077543837	-0.0286637716	0.0556955846	-0.0708988542	-0.008776087	-0.0663303865	-0.0123313176	0.0181225732	0.0640332644	0.0043596697	-0.0116034719	-0.0476874154	-0.0622384712	0.0049739416	0.0516454661	0.0288324335	-0.0059126771	0.0203872659	-0.0884154493	0.0475322599	-0.0327879652	0.0155025669	-0.1216745191	-0.0266547146	-0.0597071454	-0.021797293	0.0377249059	-0.042429791	0.0052601847	-0.1388853713	-0.1055307279	-0.003236452	0.0854497351	0.1129732189	0.0196760276	-0.0171019308	0.0306613573	0.0418382144	-0.0269897531	-0.0204957617	-0.0459210802	0.0234985747	-0.0792092607	0.0446192295	0.0167744804	0.0700310146	-0.019237877	0.0316590247	0.0162901922	0.104716089	0.0478470435	-0.0690709016	0.0313555735	-0.0315715282	-0.0209727695	-0.0793917178	0.0762451579	-0.0939745322	0.0210537789	-0.0117459205	-0.0577824295	-0.0735104491	0.0680266051	0.0453080623	0.0029919463	-0.0814303861	-0.008959769	0.0807737477	0.0148794683	-0.0796832699	-0.0207192494	0.0781648097	0.0136854015798348	0.0109962235417668	0.0001872902164013	0.0001209169321805	0.0767219782314754	-0.0112571246189786	0.0058862619437509	0.0001267228546872	-0.1555507062403407	0.0230205600169028	0.0005299461834918	0.0241960222118687	0.0003323089327305	-0.0004186304501826	1.7525145382008638e-07	1.1042922677248399e-07	0.001266919807038	6.794413245001223e-07	1.6050857974652031e-06	4.616405134384807e-13	-0.0004872104239712	0.0002057656225125	4.2339491407997785e-08	2.373739972261965e-07	0.0	0.0
1988.771625552887	-0.2967908247735522	3955212.578604272	0.0880847936697653	2650.1357699802943	-10.945926121303271	7023219.599329047	119.81329865302932	2069.81921694459	1.086149840795315	1.179721476659688	4284151.590833116	2295.767643572336	1608.292701570263	1.04809	24.485962	0.0650630122239689	0.0373155615226004	0.0098403921	-0.0257785037	0.0305715568	0.0611131198	-0.0402952329	-0.0576551664	0.0112697147	-0.0918519574	-0.0075845297	-0.0109283532	0.0035999678	-0.057694964	0.059168021	0.0326526051	-0.0285619541	0.1517745842	-0.0092584764	0.0665864917	-0.0017564898	0.1018238346	0.0092399383	-0.0077462715	-0.0122514809	0.0487139964	-0.0811984588	0.0491615255	0.0743681048	-0.0201077158	0.0554799219	-0.0243221086	0.0015216007	-0.0466204383	-0.0010167704	0.0081749111	0.0172541413	-0.0047360341	0.0508604497	-0.0780227967	-0.0374227532	-0.0856525508	-0.072016575	-0.0235130431	-0.0653804595	0.0382437375	-0.0003764596	-0.0503249213	-0.0220106381	0.0142331124	-0.0297749365	-0.0586875477	-0.0426469293	0.0406532335	-0.0118004936	0.0120357546	-0.0461649429	-0.0213518951	-0.1363038897	-0.0232380345	-0.0092222534	0.0602924569	-0.0438445605	0.0161381391	0.0626955124	-0.0812236497	-0.0353174868	-0.0456554728	0.0016949861	-0.0356998106	-0.0385263474	-0.0957137099	-0.0481330984	-0.035311334	0.0484003627	0.016238182	-0.0233934291	0.0362277862	-0.0475238985	-0.0680776803	-0.0634852377	0.0261904738	0.0294827192	-0.0075101998	0.001270008	-0.0752677508	0.0630576462	-0.0319561405	-0.0594416889	0.0379968995	-0.0675987701	-0.0491349601	-0.0080933544	0.0268454607	0.0021373389	-0.0815377601	-0.0064061583	0.0812023727	0.010657419	-0.0806444153	-0.0148794683	0.0798654172	0.0212589887000831	0.0075735871202482	0.0004519446005502	5.735922186799092e-05	0.0735180693814783	-0.0032039088499971	0.0054049065255798	1.0265031919089776e-05	-0.1687815061877842	-0.0132307999474435	0.0001750540672492	0.028487196831017	0.0007312062371353	0.0003988973044048	1.5911905946141565e-07	5.346625612255645e-07	0.0008453218396469	-0.0004215979673911	7.145690125840193e-07	1.777448461083071e-07	-0.0004878094783009	-5.990543296999717e-07	3.588660899322824e-13	2.3795808712019627e-07	0.0	0.0
1994.142237200363	5.370611647476153	3976603.262186469	28.84346946800652	2661.5970791407995	11.461309160505152	7084099.011690836	131.36160767267933	2076.3435202205883	6.524303275998136	42.56653323720001	4311202.413962024	2295.976442950933	1590.167709215893	1.056859	24.690838	0.0849563873960198	0.0503107327000586	-0.019877165	0.0704269421	-0.025039825	0.0668318125	0.0512626634	-0.0220037382	0.0173456645	0.0196153677	-0.0202953123	-0.0552816328	-0.0229253738	0.029151182	-0.0318593929	0.0278208708	-0.127057382	0.099491479	-0.0759813119	-0.007789302	0.0065285746	-0.1122103542	-0.0150019141	-0.0426416579	-0.0777574791	0.0173930507	-0.0188720119	0.0047652063	0.0644182305	0.0478282274	-0.0059361663	0.0950123112	-0.001769344	0.0520060007	0.0011045172	-0.0034684935	-0.0587193038	0.0081294156	-0.086653147	-0.0563691015	0.0120894746	0.0209623197	0.0501551995	-0.0025164777	-0.00424206	-0.0533073401	-0.0517528681	0.0220998502	0.0693151311	0.0287580559	0.0311004454	-0.0880658614	-0.0656203881	0.0294144428	0.0585859184	-0.0743589774	-0.0037809779	-0.0078808283	-0.0565713311	0.0416616713	0.0106583756	0.0102261033	-0.0428589309	0.0523369315	0.0712556128	-0.0385876566	0.0439046044	0.0206728841	0.0564145315	0.1656218818	-0.0286929086	-0.0664064185	0.056171636	0.0095952766	-0.0581840789	0.0633490752	-0.0359119731	-0.0199139549	-0.0343651673	0.0328602105	0.0273654893	-0.0587945344	-0.0328228484	-0.0167073719	-0.0194759536	-0.0508663918	0.1251348009	-0.0109677098	-0.0068423395	-0.0114693095	-0.0505016527	0.062958326	0.0059764849	0.0141077839	0.0012824971	-0.0816093689	-0.0038462256	0.0814885411	0.0064061583	-0.081287294	-0.008959769	0.0810058262	-0.0122896089569763	-0.0335485976570594	0.0001510344883153	0.0011255084047552	0.0934733831073657	0.0199553137258874	0.0087372733495363	0.0003982145458985	-0.1779427334602772	-0.0091612272724929	8.392808513826943e-05	0.0316636163913152	0.0007318798143917	6.73577256399987e-07	4.5370632033933393e-13	5.356480627140292e-07	0.0008286649705067	-1.6656869140200007e-05	6.866856333448699e-07	2.774512895537473e-10	-0.0009163040067159	-0.000428494528415	1.836075608815933e-07	8.396130327236121e-07	0.0	0.0
1994.9765931307816	0.8343559304184964	3979931.6071397	0.6961498186245149	2656.5789582388743	-5.018120901925158	7057411.761357543	25.181537386338164	2069.917093741793	-6.4264264787952925	41.29895728736126	4284556.77496447	2291.943939471614	1602.0006777220988	0.977654	22.840412	0.044452793227687	0.0240031151021965	-0.0169468277	0.0020668091	-0.077546949	0.0471767783	0.0388580958	-0.0191294563	0.0198022892	-0.0163573635	0.0654515306	-0.0369002797	0.0379426707	0.0704431304	-0.0833507715	0.0222189313	-0.0121798306	0.0461438399	-0.0115189882	-0.04527311	0.0325211838	-0.0435961648	0.0038656261	-0.0957095093	0.0099097946	-0.0371922875	0.0249056737	0.0200277504	0.0263670346	0.0020911448	0.0794092578	0.0727164695	0.0476753104	-0.0498947479	-0.0943451504	0.0150535654	0.111894582	0.1462727072	-0.0638568918	0.0227220991	0.0912132964	0.0716751936	-0.0494582861	0.048868641	-0.0114327034	0.0037679785	-0.0736177899	0.04426116	0.0452445353	0.0080259182	-0.0233935429	0.0229495256	-0.0101676374	-0.0288013812	0.0487862429	0.0063671054	-0.0701175362	0.044757992	-0.0692880384	0.107382328	0.0457860384	0.0533508815	-0.0030870189	0.0001962264	-0.0467309731	-0.0218956735	0.0024103392	-0.0304478874	-0.0283574054	0.0384330776	-0.0929997185	-0.0036962311	0.0615092089	0.0026912197	0.0424550588	0.0378783249	-0.0621569711	0.0568688312	-0.0273047363	0.0246556745	-0.0239573447	0.109087723	-0.0059062615	-0.0354643409	-0.0049681487	0.0042374608	0.0957741335	-0.027368264	-0.0281944511	-0.0422602108	0.0313990315	0.00570789	0.0574163118	-0.0444286888	0.0004275147	-0.0816451812	-0.0012824971	0.081631751	0.0021373389	-0.0816093689	-0.0029919463	0.0815780375	-0.0080931583018895	0.0041964506550868	6.549921129944295e-05	1.761019810057843e-05	0.0767754662128226	-0.0166979168945431	0.0058944722121962	0.000278820428617	-0.17002069502756	0.0079220384327171	6.27586929294482e-05	0.0289070367376545	0.0007320273832787	1.475688870000453e-07	2.1776576410432134e-14	5.358640898698608e-07	0.0010946481696987	0.0002659831991919	1.1982546154247138e-06	7.074706225241111e-08	-0.0009629009835437	-4.659697682779995e-05	2.1712782494905244e-09	9.271783041094248e-07	0.0	0.0
1994.5586206283565	-0.4179725024250729	3978264.091122892	0.1747010127834775	2654.0878977094376	-2.4910605294367087	7044182.568767702	6.205382561317496	2069.918273412881	0.0011796710878115	1.3916238754185673e-06	4284561.658608561	2286.52989325466	1596.659459329343	1.024965	23.945709	0.0625831949255594	0.0302183260226277	-0.0048855712	-0.0104425648	-0.0703493436	0.0313069222	0.0598520247	0.0327020477	0.0864175118	0.0434306491	0.0522561163	-0.0439039817	-0.007190191	0.0670980335	0.0290373203	0.0513352309	0.0878497665	0.0999311356	-0.0175547927	-0.1008865953	0.085169022	-0.0080189037	-0.0416022081	0.0380826581	0.039991054	-0.0157846138	0.0011802407	-0.0985065923	0.0350243728	-0.0585603325	-0.0397257111	0.0652193832	0.0086201926	-0.0831119946	0.0579971319	-0.0195667302	-0.0518235167	0.0400151206	-0.0940552035	0.0326609867	0.0279503392	0.0395996576	0.1104837852	0.0901916694	0.0334662669	-0.015209946	0.0190536612	0.0115608809	-0.0071783339	0.0950859524	0.044961229	-0.0585582201	-0.0937799509	-0.0523106678	0.0005767527	0.067093187	0.0456855294	-0.0447106647	0.0249906362	0.0685831938	-0.0206723011	-0.0688075949	-0.0220217362	-0.0619911873	0.025587468	0.0216384048	-0.0122390999	0.1006510483	0.0058502714	0.0670012448	-0.0643526697	0.0221965609	-0.0638824519	0.0468858686	0.0185855377	0.0257402899	-0.0174915544	0.0200528613	-0.0226815818	0.0506490988	0.1132776869	-0.0827186843	-0.0461657585	0.0154119627	0.0300847976	-0.0443962939	-0.0224480279	-0.0510765168	0.0733616064	-0.0029633269	0.0003844265	-0.0459550933	0.0082126681	-0.0305608029	-0.0004275147	-0.0816451812	0.0012824971	0.081631751	-0.0021373389	-0.0816093689	0.0029919463	0.0815780375	0.0028626663996504	0.0109558247015399	8.194858915687382e-06	0.0001200300948908	0.0935492147860799	0.0167737485732573	0.0087514555870921	0.0002813586411988	-0.1787330329459422	-0.0087123379183821	7.590483200408012e-05	0.0319454970660552	0.0007318211937862	-2.061894925000241e-07	4.251410681741751e-14	5.355622596746589e-07	0.0011923037346937	9.76555649950001e-05	1.421588195764545e-06	9.536609374492689e-09	-0.0005379370633836	0.0004249639201601	1.8059433343783985e-07	2.893762841617713e-07	0.0	0.0
1994.842943199884	0.2843225715275821	3979398.368034376	0.080839324680057	2643.0046424865723	-11.08325522286532	6985473.540205574	122.83854633517136	2071.504428382681	1.5861549698001909	2.5158875882218443	4291130.5968090575	2287.6472039805426	1599.733328502987	0.964703	22.537838	0.064625170859277	0.0368527936191398	-0.0205420852	-0.0095148053	-0.0389089679	-0.0140431634	-0.0298523982	-0.0429469471	0.0538005608	-0.0491208975	0.0860602497	0.0409693811	0.0396421559	0.0138202659	0.0474443887	0.045187851	0.0043595878	0.0102701085	-0.0098428666	0.0032776811	-0.0599113011	0.0807421795	-0.0361833979	-0.0084164644	-0.0181712006	0.0128115083	-0.043554977	0.0160171017	0.1059916409	-0.0270810271	-0.1107864782	0.0348263793	-0.0557396738	-0.0493473853	-0.005428028	0.0300617904	0.0967318413	0.0993781792	-0.0287079839	-0.0665893653	-0.0245381226	0.0484279554	0.0654685694	0.0672474913	-0.0365829497	0.0567370499	0.0175446563	-0.0519688791	-0.0370700216	0.014036133	0.0083894353	0.0045870653	0.0003088817	0.0234779951	-0.0287543357	-0.0223396776	-0.0958358129	0.0614759592	-0.046690036	0.0108922478	0.0032326356	0.0467633448	-0.0684316542	-0.0783967751	0.0212419438	-0.0884299222	0.0371311545	0.0301663147	-0.0223067978	-0.0631247981	-0.0473803303	-0.032193056	-0.0594260528	0.0061259446	0.0178198223	-0.0273376798	-0.026432757	0.0442489573	-0.0741192042	-0.0213868638	-0.057347317	0.0772368176	-0.0019691641	0.0400111872	0.0486036682	-0.0188615921	-0.0318938355	0.0035104694	-0.0521822711	-0.042929233	-0.0476838676	0.0281064992	-0.0549888291	-0.0081129193	-0.0012824971	-0.0816093689	0.0038462256	0.0814885411	-0.0064061583	-0.081287294	0.008959769	0.0810058262	0.0033355257167784	0.000472859317128	1.112573180729006e-05	2.235959337947585e-07	0.0766478532891028	-0.0169013614969771	0.0058748934138278	0.0002856560204515	-0.2072459069676142	-0.0285128740216719	0.0008129839849757	0.042950865954829	0.0009823099515018	0.0002504887577156	6.274461774190463e-08	9.649328408194688e-07	0.0012667616248467	7.445789015299992e-05	1.6046850141842514e-06	5.543977406036202e-09	-0.0004881221907822	4.981487260139996e-05	2.481521532293708e-09	2.382632731340145e-07	0.0	0.0
1990.5744881202047	-4.26845507967937	3962386.792755015	18.21970876724062	2655.3470873151505	12.34244482857821	7050868.154113053	152.33594434649697	2066.1314697265625	-5.372958656118499	28.868684720358704	4268899.250194445	2285.1640115498267	1604.4827441567882	0.942374	22.016172	0.0896228027766454	0.0465631473219142	0.0100283366	0.0087311152	-0.0434310188	0.0050577288	0.0367073267	-0.0001894597	0.0214298744	0.0731102714	0.0126613924	0.0164931198	0.0386990353	0.0595043482	0.0486261279	0.0865194814	-0.0008331846	0.0522854705	0.0375919825	-0.0291472391	0.056688559	0.0494489237	0.0515652663	-0.1007961368	-0.054937332	0.0124517736	0.0553987929	0.0770667022	0.0112373964	-0.0150980729	-0.0053296877	0.0144210973	-0.0093298944	0.0391546202	0.0749592274	-0.0587122252	0.0236873826	0.0079219642	0.1059033451	0.0287226907	-0.0606622458	0.0048347208	0.0583302401	0.0486549103	0.0518146033	-0.0337434544	0.1009476326	-0.0153028479	-0.0165567452	0.0692981819	-0.06724669	-0.0262148138	-0.0938621271	0.0257292836	0.0680158372	0.0547672131	-0.0260823102	-0.0261597362	-0.0342270303	0.1098039389	-0.1118332317	-0.0704211285	0.0191250562	-0.0858174146	-0.0536677631	-0.0474392405	0.0204175613	0.0304975805	-0.0070215936	0.0671922324	-0.039317288	-0.0585432653	-0.0894901673	-0.0180445796	-0.0320735661	-0.0133551883	-0.0399372049	-0.0317022857	-0.0339700586	0.0580191156	0.0894921075	-0.0671364179	-0.0164858259	-0.0982453663	0.0870989042	0.0433475	0.0040947554	0.0644938718	0.0745692846	-0.020678239	0.0137871989	-0.0239159598	-0.0463926108	0.0008096106	-0.0021373389	-0.0815377601	0.0064061583	0.0812023727	-0.010657419	-0.0806444153	0.0148794683	0.0798654172	-0.0070784736490736	-0.010413999365852	5.010478920062932e-05	0.0001084513827919	0.1073538471076602	0.0307059938185574	0.0115248484888148	0.0009428580563852	-0.1878937227654731	0.0193521842021411	0.0003745070333935	0.0353040510546684	0.0015638114494527	0.0005815014979508	3.381439921191404e-07	2.445506249439354e-06	0.0012661188890668	-6.42735779899815e-07	1.603057041251748e-06	4.131092827634235e-13	-0.0004889904648533	-8.68274071099968e-07	7.538998625445122e-13	2.391116747174464e-07	0.0	0.0
1995.0067832931184	4.432295172913655	3980052.0653855554	19.645240499833687	2653.851342337472	-1.4957449776784415	7042926.947226402	2.237253038250281	2070.3253891888785	4.193919462315989	17.588960456392837	4286247.217120081	2295.110418690667	1591.6730865199509	0.996906	23.290182	0.0620871759842693	0.0357212394691001	-0.0288081618	-0.0158548272	-0.0414054312	0.0214295563	-0.038615173	-0.0525084117	0.008396945	-0.0507927077	0.0725531803	0.0172442565	0.029317901	-0.0093736856	-0.0279344182	0.0951810292	-0.0774052098	-0.0066744313	-0.0173832966	0.0211632233	-0.06726333	0.0174925555	0.0592036067	0.0153906533	-0.1168391877	-0.0194384289	-0.0920675036	-0.0508833008	0.0203103662	0.0452925233	-0.0837369344	-0.0509843019	-0.0302198202	-0.030351278	0.029159297	0.1013997112	0.0265726912	-0.1038560822	-0.0246808254	-0.0134841728	0.0595227216	0.0232639752	0.0386687216	0.022253097	-0.0589103098	0.0288342967	-0.0045755016	0.0015503979	0.0516855739	0.0102645776	-0.117883772	-0.0102546336	0.0347891005	0.0121294419	0.0386973113	-0.1108151326	-0.0820670365	-0.0146102595	0.0663047962	-0.042350119	-0.0473527591	0.010153036	-0.0661553243	-0.1353607061	-0.0196738759	0.0083346388	-0.067453621	0.0542180074	-0.1405285975	0.0323364958	-0.0509464947	-0.1109318894	0.0362324608	-0.0350397897	-0.0069853988	-0.0687848948	-0.0713662456	-0.0494914906	-0.0479807452	-0.0202033173	-0.0941668803	-0.0044129522	-0.01776434	-0.0496118687	0.095947187	0.0258588996	-0.0551608998	0.0506875465	0.0293219831	-0.0194098454	-0.0257195555	0.1195240769	-0.0319458385	-0.0148392922	-0.0029919463	-0.0814303861	0.008959769	0.0807737477	-0.0148794683	-0.0796832699	0.0207192494	0.0781648097	-0.0115171408385208	-0.0044386671894472	0.0001326445330943	1.970176641867511e-05	0.0820732801844457	-0.0252805669232145	0.0067360233202345	0.0006391070639591	-0.2065245947583207	-0.0186308719928476	0.0003471093912138	0.0426524082400885	0.0018383123032195	0.0002745008537668	7.535071871870218e-08	3.379392124168183e-06	0.0012660524412939	-6.644777290009361e-08	1.602888784106244e-06	4.415306523382415e-15	-0.0004891645608888	-1.7409603550000256e-07	3.030942957681816e-14	2.392819676295325e-07	0.0	0.0
1998.483251104322	3.4764678112037477	3993935.304944501	12.085828442335773	2659.8869487217494	6.035606384277344	7074998.579980298	36.42854442592943	2072.896575671284	2.5711864824056647	6.610999927305616	4296900.213429736	2289.336646915508	1600.8632694956334	0.965456	22.555439	0.0850140072405555	0.0532851873769243	0.0006131783	0.0319411686	-0.103792298	0.0231324425	-0.033889048	-0.0140024337	0.065090284	0.0625064015	0.0312400719	-0.0454113189	-0.0471237176	0.0504713374	-0.0362208512	0.0885417637	-0.0937848613	-0.0423790736	-0.0414019331	0.0107726274	-0.0235725146	-0.0311760712	-0.0498532286	-0.0765263156	-0.1316588722	-0.0126918682	-0.0581665385	-0.0180532487	-0.016871924	-0.0154208959	0.0273043118	-0.008520998	-0.0191350601	-0.0289293596	-0.0915388465	-0.0358087282	-0.0484445379	0.0405141373	-0.0371116912	-0.0507004752	-0.0691020548	-0.0497366592	0.0163550996	0.0823074906	0.0343436373	-0.0537285826	-0.0365825112	0.0642360615	0.0697629873	0.0059688836	-0.0559082413	-0.0934004119	-0.0146568502	0.0252695989	-0.0147616169	-0.1051099414	-0.0312928031	0.1082668715	0.0840055261	0.0570003828	-0.0252459039	0.0165952181	-0.1025465916	0.0140554414	-0.0209911986	0.0054991002	0.1246751778	0.0124736399	0.0289583027	0.0069017905	-0.0818850595	-0.0223246987	0.0513174417	0.0180565809	-0.0278640832	-0.0191581006	-0.0480361545	-0.0784256495	-0.0154510757	-0.032627253	0.1173842907	-0.0204476374	-0.0260214691	0.0087835999	0.0195640575	0.0007183402	-0.0615105755	-0.0244901306	0.0522817475	-0.0489909796	0.0544629832	0.0302408776	0.0487208951	-0.0841681464	-0.0038462256	-0.081287294	0.0115045374	0.0802034182	-0.0190607341	-0.0784076511	0.0264477464	0.0759159322	0.0116908405767901	0.0232079814153109	0.0001366757533919	0.0005386104013734	0.0898752058363783	0.0078019256519326	0.0080775526241313	6.087004387828403e-05	-0.1960837650122187	0.0104408297461019	0.000109010925787	0.038448842901367	0.0009688099815545	-0.000869502321665	7.560342873808252e-07	9.385927803596306e-07	0.0012667647966817	7.123553878000694e-07	1.6046930501120288e-06	5.074501985277873e-13	-0.0004881138293974	1.0507314913999486e-06	1.1040366670195605e-12	2.3825511044899415e-07	0.0	0.0
2002.563296372155	4.080045267832929	4010259.755976912	16.64676938756588	2646.437123434884	-13.449825286865234	7003629.448294304	180.89780024719948	2073.270320090927	0.3737444196426622	0.1396848912140304	4298449.820169934	2285.863998124193	1592.798448083981	0.941952	22.006329	0.0241455136378201	0.0173760466923055	-0.0237444987	-0.0314256714	-0.1342022133	0.005304403	-0.0872434304	0.0195355511	0.0605795841	-0.0234632664	0.1257252223	0.0142986441	-0.0336851876	0.0289531272	0.007532812	0.0462544579	-0.0603109767	-0.04861298	-0.082974255	-0.0921403901	-0.0364963095	-0.0459995238	0.0709406644	0.0401204654	-0.0410086122	0.0377560576	-0.0017599896	0.0479235435	-0.0971561235	-0.0877301319	0.030152673	0.0532689847	0.0641222004	0.0429471293	-0.0277408798	-0.0508919279	-0.0872276789	-0.1091623953	0.0368047647	0.1043513691	0.0587242445	-0.008502788	-0.0744934427	0.1370481421	0.0234161338	0.077874257	-0.0389561055	0.0289115611	0.0360613109	-0.0028500646	-0.0547150021	-0.0560285934	0.0875325451	0.0342759791	0.0206591129	0.049098826	-0.0227712893	0.0090295484	0.0108338928	-0.1066185621	-0.0074236801	-0.0879961654	-0.028707021	-0.1069119538	-0.0358220865	0.066237145	-0.0413481717	-0.068920321	0.0360813598	0.0867603923	-0.133872123	0.0135942271	-0.0016072117	0.0291784391	0.012918408	-0.0598144638	-0.0499856877	-0.1030538942	-0.0033713239	-0.0096622361	-0.0901549467	-0.0133699127	-0.0241535546	-0.0156295293	0.0048118768	0.0106015846	-0.0546569912	0.0153393589	0.0546358228	0.0030878727	0.0419471412	0.0171007036	0.0105575658	0.0109401389	-0.0047000831	-0.0811085467	0.0140379523	0.0794923845	-0.0231897558	-0.0768225931	0.0320341914	0.073134559	0.0102815121683477	-0.0014093284084423	0.0001057094924678	1.9862065628427864e-06	0.0897887669105017	-8.643892587660573e-05	0.0080620226633084	7.471687906701341e-09	-0.1961856845120948	-0.0001019194998761	1.0387584454998135e-08	0.0384888228074792	0.001259910523164	0.0002911005416094	8.473952532534423e-08	1.587374526379384e-06	0.0012660929773069	-6.718193748000457e-07	1.6029914271858503e-06	4.5134127235672446e-13	-0.0006472980044856	-0.0001591841750881	2.5339601598510697e-08	4.189947066110398e-07	0.0	0.0
2000.5105736943544	-2.0527226778006025	4002042.555462915	4.213670391956876	2655.0597861153738	8.622662680489611	7049342.467847014	74.35031170150829	2076.5661138967307	3.295793805803896	10.86225681037533	4312126.82538417	2290.5088892820163	1622.5115367894214	0.945314	22.084864	0.0248469484313331	0.0124553681061282	0.0078953546	0.0494372143	-0.0866910679	-0.0423909013	-0.058415088	0.0144730647	0.0927319582	0.0482060847	0.0554716355	-0.0467106955	-0.0566068627	-0.0102098546	0.0461178063	0.0517579995	-0.0951125245	-0.0890353139	-0.0831746109	-0.0384947133	-0.0124535061	0.0463585492	-0.1465517526	0.0374827226	-0.1424305183	-0.1157459529	-0.0166627991	0.0078731517	0.0133760257	-0.0047111174	-0.0721502441	0.0756404347	-0.0154517898	0.0369548263	-0.0149670793	-0.1090467945	0.0375324193	-0.0514102323	-0.11275071	0.0998100783	0.0398985666	0.0639560149	-0.113462795	0.1263846576	0.0206179808	-0.0540926699	-0.0219720539	-0.0531624516	0.0596354589	0.0567637664	-0.0258897384	-0.1119882604	0.0425075657	0.0711119853	0.0070418039	-0.0500281716	0.0216062557	0.0098301022	0.0364078694	-0.0450820135	0.0367774926	-0.1069388016	-0.006779289	0.0043944573	0.0179519822	0.069849561	0.0018227387	0.0136282009	-0.0320729758	-0.0232428951	-0.1017739556	0.0300654349	-0.0691513532	0.0431926728	-0.062618968	-0.0207510914	-0.0160375869	-0.0890979784	-0.0055865398	-0.0228987708	0.0416566064	0.0158284357	-0.0083144628	-0.0686102049	0.0579025768	0.0957193952	-0.0859041423	-0.075742106	0.0901927754	0.0306503503	0.004046796	0.0598344548	0.0956678249	-0.0656833949	-0.0055534252	-0.0808942224	0.0165575133	0.0786418943	-0.0272552159	-0.0749343514	0.0374485793	0.0698401994	0.0030357837658527	-0.007245728402495	9.2159830730148e-06	5.250058008272274e-05	0.0897368860789527	-5.188083154900047e-05	0.0080527087231469	2.691620682215763e-09	-0.2004897502831539	-0.0043040657710591	1.8524982161602577e-05	0.0401961399686014	0.0013663098840106	0.0001063993608466	1.1320823988565012e-08	1.866802699145059e-06	0.0012661666003899	7.362308299986575e-08	1.6031778599429164e-06	5.420358350405122e-15	-0.0004888655198906	0.000158432484595	2.510085217494491e-08	2.389894965379066e-07	0.0	0.0
1999.81602907576	-0.6945446185943638	3999264.150148341	0.4823922272183902	2641.634418487549	-13.425367627824926	6978232.40093805	180.24049594224948	2076.0849373440783	-0.4811765526524141	0.2315308748224614	4310128.667066965	2288.1316426419967	1618.369287818257	1.009985	23.595739	0.0749575099660914	0.043588992055994	-0.0190437081	-0.0830915882	-0.0551426957	-0.0478802615	-0.072986029	-0.0194557759	0.0309916516	-0.0303249355	0.0974466093	0.0516392517	0.0242569424	0.0184727003	0.0590942944	0.0062823369	-0.0215329675	-0.0343260975	-0.095146073	-0.0020988016	0.0102929888	0.0285603442	0.0202544965	0.0103216097	-0.0296649048	0.0886161545	-0.0447671012	-0.0379744552	0.0118189397	0.0022222232	-0.0724922806	-0.037370909	0.0473274005	0.0622703982	0.0268099293	0.0128414296	-0.0413623039	0.0404320237	0.0350061969	0.0266393624	0.0075560447	-0.0833153952	0.0242115381	0.0856326258	-0.0017661963	0.0858523816	0.0326260355	-0.0145184048	0.0387824982	0.0040356243	-0.0263526391	-0.0358953177	0.0015374012	0.0705736951	-0.0818223339	0.0418033487	-0.0018511757	0.0578925428	-0.0009618039	-0.0985655199	0.0503374549	-0.0391513474	-0.0318690234	0.009428665	0.0308130518	-0.0391798849	-0.0145885578	-0.0010971951	0.0423786702	0.0634732537	-0.0691160203	-0.0135961507	-0.0605614641	0.022155564	0.0414942621	-0.1005340204	-0.0104588665	-0.0344010452	-0.037685399	-0.0362391544	-0.0213526217	0.025044421	0.0149842806	-0.0618671082	0.0350646891	-0.0152688945	-0.0865209537	0.0870031969	0.0961987341	-0.0236808621	-0.0227034595	-0.0382523865	-0.0270784266	0.0311673262	-0.0064061583	-0.0806444153	0.0190607341	0.0776534394	-0.0312459714	-0.0727503781	0.0426618292	0.066055961	0.0148543789308632	0.0118185951650105	0.0002206525734216	0.0001396791916744	0.0896869730860316	-4.991299292109175e-05	0.0080437531413345	2.491306862340955e-09	-0.2440286920418088	-0.0435389417586548	0.0018956394494635	0.0595500025396359	0.0011838616871072	-0.0001824481969034	3.3287344553301836e-08	1.4015284942003058e-06	0.0014747116812983	0.0002085450809084	2.1747745429576585e-06	4.3491050771091135e-08	-0.0004888734430689	-7.923178299974569e-09	6.27767543731879e-17	2.3899724333804096e-07	0.0	0.0
1999.030204226095	-0.7858248496650049	3996121.757408223	0.6175206943510275	2654.093539101737	12.459120614188125	7044212.514301583	155.22968647888743	2074.221022149094	-1.8639151949842017	3.4741798540929945	4302392.848725232	2288.58105909968	1620.670298062838	1.019383	23.815294	0.0363233216633062	0.0174249603042515	0.0237330823	0.0406296044	-0.0659628029	-0.0498681585	0.0398947613	-0.0189638442	0.0202085091	0.0749131835	-0.0344560619	-0.0047440601	0.0275268032	0.0640397266	0.0578794179	0.0726582894	-0.0386796218	-0.0414993849	-0.0703270396	0.0384440117	0.07057087	0.0903448728	-0.0212187793	0.0116442399	-0.0692361134	-0.0523094609	-0.0577415679	-0.0230527185	0.0007702019	0.0965963557	0.1373777945	0.0118819265	-0.0578874291	0.0771449229	0.0155197328	-0.0226083046	-0.0094072798	-0.0365143935	0.0351398167	0.0370649461	0.0379704059	-0.0518991332	0.0053085842	0.0347300221	0.0417923005	-0.0701868018	0.0786325653	-0.0323292582	0.0634387426	0.0363988158	-0.0961841312	-0.0491359187	-0.0347927702	0.0764016428	0.0458695335	0.0475095672	0.0173268664	-0.0119663394	-0.0290829074	-0.0206288536	-0.0172239804	-0.0119993608	0.0505307394	0.0583117347	0.0194633437	0.1300061414	-0.0864225707	-0.0303880806	0.043957148	0.0778177765	-0.0366518473	-0.0333418112	-0.0600728915	-0.0421754983	-0.0925978549	-0.042175573	-0.0396933654	-0.020663828	-0.0355553267	0.0249056371	0.0434384868	-0.0611928866	-0.0307240103	-0.0653659872	9.4821e-06	0.1107874292	-0.0060232434	0.0232774653	0.0279002806	0.0636478691	0.003374648	0.0217774828	-0.0921442575	-0.0561217981	-0.0072581889	-0.0803592349	0.0215451443	0.076528754	-0.0351510839	-0.0702792922	0.0476459404	0.0618083875	0.003615250646149	-0.0112391282847142	1.3070037234480764e-05	0.0001263180046002	0.0897788729656099	9.18998795782916e-05	0.0080602460309751	8.445587866504497e-09	-0.23746163982306	0.0065670522187487	4.312617484377336e-05	0.0563880303874566	0.0013438098881207	0.0001599482010135	2.5583427007455053e-08	1.8058250154109685e-06	0.0012661770435984	-0.0002085346376999	1.6032043057355844e-06	4.3486695120628585e-08	-0.000488851456177	2.1986891899912316e-08	4.834234154184296e-16	2.389757462063734e-07	0.0	0.0
2003.8122460152308	4.7820417891357465	4015263.517280604	22.86792367304061	2653.7791927882604	-0.3143463134765625	7042544.004075911	0.0988136047963053	2074.04550760734	-0.1755145417541825	0.0308053543671807	4301664.767626189	2291.8096447943	1620.4196398567883	1.041575	24.333763	0.0381412716691509	0.0196828557391911	-0.0404731325	-0.0487632957	-0.0797778506	-0.052172937	-0.0081684301	-0.0612409306	-0.0161748454	-0.0508197598	0.0743854969	-0.0106547785	-0.0148344472	0.0391946094	-0.0310949619	0.0746366792	-0.0993117669	-0.0634560202	-0.1124329262	0.0439637415	-0.0532145845	-0.0188574013	0.0151811864	0.0315223962	-0.0573625956	-0.0040944529	0.01816792	0.0811295093	-0.0079086798	-0.0878339014	-0.0380747779	0.0571659938	-0.0882111224	-0.0014472967	-0.0676050397	0.0471489529	-0.0371550072	-0.0854555104	0.0861522124	-0.0791688541	0.0976652583	-0.0582824653	0.0005273032	0.0549630514	-0.0226191772	0.043551565	-0.0565309892	0.0203310562	0.0779939598	-0.0240818422	-0.0719014712	0.0065812892	0.0608506614	0.1023345966	0.033550713	0.0524070533	-0.0183668488	-0.0569520301	-0.0240469987	-0.0461393881	0.0197261119	-0.0107999614	-0.0201659091	-0.0173517576	0.0115035025	0.0083268641	0.0605189806	-0.0901370245	0.0268754837	-0.0367818283	-0.0765652894	-0.0775956498	0.0676251885	-0.0065625697	-0.012531972	-0.1154828638	-0.0421451182	-0.0562471104	-0.0592849287	0.0136232567	-0.0501292338	0.0289128898	-0.0004166821	-0.0653041949	0.0443931269	-0.0551185739	-0.0962018003	0.0089090401	0.0953561077	0.0651550338	-0.0592159988	-0.0275817543	0.0041862049	-0.0017536475	-0.0081094236	-0.0800388062	0.024008292	0.0752698111	-0.0389598496	-0.0675308461	0.0523741431	0.0571272725	0.0109334554979909	0.0073182048518419	0.0001195404491265	5.355612225352233e-05	0.1003384740836708	0.0105596011180609	0.0100678093814394	0.0001115051757725	-0.2374525004393319	9.139383728123953e-06	8.352833492989684e-11	0.0563836899648909	0.0010968529474612	-0.0002469569406595	6.098773053989989e-08	1.203086388354322e-06	0.0014242372296682	0.0001580601860698	2.0284516863729486e-06	2.4983022420419797e-08	-0.0004887820565959	6.939958110008942e-08	4.8163018568678896e-15	2.389078988501176e-07	0.0	0.0
1997.519945995348	-6.292300019882759	3990085.9346492575	39.59303954021657	2642.71057510376	-11.068617684500168	6983919.183765247	122.51429744562986	2065.4251134535843	-8.62039415375557	74.31119536610319	4265980.899284752	2283.1147760335425	1634.3863782846613	1.019652	23.821583	0.0418989183817131	0.0194930061435448	0.0305213177	0.0323202073	-0.0864235188	-0.0475335036	0.0505804036	-0.0508911504	-0.0413046359	0.097401404	-0.0049972839	0.0605679914	-0.0181531388	0.1046130972	-0.0041445788	-0.0583536977	0.0125976559	-0.1794765904	0.0088360302	0.0310057219	0.0765076111	0.0570789181	0.0157777041	-0.0325491085	0.0203605823	-0.0735699807	0.148206472	-0.0156357837	-0.0537153395	0.011961425	0.0907221047	0.0594174362	-0.1802611145	-0.0050425133	0.0296877994	-0.039168339	-0.0192302115	-0.1005438892	0.0446119475	-0.0342378572	-0.059464453	0.0237499772	0.1374035657	0.0216537269	0.0776440754	-0.0644788364	0.0610923689	0.0416376254	0.0367046605	-0.0403555521	-0.0629838184	0.0948471047	0.0403958925	0.0779792364	0.0844839847	0.0551608276	0.0573355195	-0.0273822512	0.0211324053	0.0835379147	-0.09928825	0.0146547463	-0.2008817844	-0.0113206688	-0.0459633609	0.0874824314	-0.005704319	-0.0720839661	-0.0775392853	-0.0801814041	-0.086428106	-0.0130069295	0.0604569672	-0.0285550532	-0.0825042466	-0.0441885514	-0.070013637	-0.0476645682	-0.0205270101	0.0375706135	0.0482053302	-0.051425478	0.0236321395	-0.0248049717	-0.1309774757	0.0533699644	0.0429474877	0.0470022274	0.012801247	0.0949968279	0.0627009864	-0.0277154495	-0.0628947214	-0.0669668735	-0.008959769	-0.0796832699	0.0264477464	0.0738788195	-0.0426618292	-0.0645158866	0.0568210419	0.0520454508	0.0182923657136768	0.0073589102156858	0.0003346106434028	5.415355956252629e-05	0.0948222081436398	-0.005516265940031	0.0089912511572357	3.042918992114613e-05	-0.2258886098932606	0.0115638905460712	0.0001337235645615	0.0510256640795096	0.0012597234694373	0.0001628705219761	2.6526806928767277e-08	1.586903219451148e-06	0.0014118027982683	-1.243443139989993e-05	1.993187141198202e-06	1.5461508423881734e-10	-0.0003148899763734	0.0001738920802224	3.0238455564108364e-08	9.915569722044041e-08	0.0	0.0
1999.949283511406	2.4293375160580126	3999797.136617786	5.901680766926915	2654.9989144461497	12.288339342389463	7049019.235710233	151.0032837937167	2076.780421152836	11.355307699251624	128.94301294468323	4313016.91768375	2292.2928081256387	1620.3832312989205	1.055945	24.669479	0.0511876599433029	0.0233549376805978	-0.0534203328	-0.0149239042	-0.0934504246	-0.0481334393	0.0649311715	-0.0098206529	-0.0008670837	-0.0514562914	0.05801342	-0.1012904863	0.0080821987	0.1244322941	-0.0777504563	0.0182719824	0.0649843864	-0.0846374828	-0.1751462085	-0.007421986	0.0011348428	-0.000925859	0.0644402831	-0.0335916344	0.0188692657	0.0416784633	0.070179742	0.0952110908	-0.013848298	-0.1057528302	-0.0194736683	-0.0890346674	-0.1140695813	-0.0605854969	-0.0045548484	-0.0319298698	-0.0343000101	-0.0193486979	-0.0721841928	0.0251368693	-0.0076317789	0.0192140871	0.0529104273	0.0831351589	0.024878176	0.0289502004	-0.1209249236	0.0324690466	0.0742788588	-0.011073513	-0.1116439895	0.0711079389	-0.0506519316	-0.0028471794	0.0298735309	0.0126606097	-0.0753731319	-0.0207805562	-0.0265669312	0.0517290759	0.0442698728	-0.0132623582	0.0822431278	0.0975084718	0.0345797695	0.0826896211	0.029217403	-0.0994310632	-0.0095072913	-0.1720350476	-0.1379315169	-0.0079822338	0.0706774366	0.0451064552	-0.0231956821	-0.0553721055	-0.0701411537	0.0505451392	-0.0155317275	0.0549583612	-0.0330384178	0.1156799814	0.0330758486	-0.0234130933	-0.025513406	-0.0027971577	-0.0398641653	0.0536326574	0.0091014777	-0.0423726907	-0.0262394913	-0.0759393935	0.0105206219	-0.0154442557	-0.0098091318	-0.0792927819	0.0288611001	0.0723582192	-0.0462468756	-0.0612463124	0.0609627523	0.0465985677	0.0118376100298576	-0.0064547556838192	0.0001401290112189	4.166387093779627e-05	0.0898080219269275	-0.0050141862167123	0.0080654808024274	2.514206341586765e-05	-0.2200528275043041	0.0058357823889564	3.405635609125472e-05	0.048423246892639	0.0009877324897186	-0.0002719909797187	7.397909304833827e-08	9.75615471245704e-07	0.0011092936228975	-0.0003025091753708	1.2305323418010609e-06	9.151180118352141e-08	-0.0004180485343602	-0.0001031585579868	1.0641688085915978e-08	1.747645770807113e-07	0.0	0.0
2001.6236356894296	1.6743521780235824	4006497.1789505705	2.8034552160523143	2653.122428894043	-1.8764855521067147	7039058.622700626	3.521198027265242	2074.524400727088	-2.25602042574792	5.089628161391826	4303651.489212084	2287.450392179768	1642.626122925651	1.152348	26.921686	0.0413855719661897	0.02382525840574	0.0403986205	-0.0461052716	-0.09722095	-0.0540275232	0.0731810226	0.0449029172	0.0150727386	0.0486561357	0.0523328681	-0.0586868104	-0.0636370774	0.1391397675	-0.0043178303	0.0142734618	0.0864040107	-0.0168302877	-0.0769609772	-0.0767201077	0.0574932548	0.0580088479	-0.0652065378	0.0708688563	-0.0004336214	0.0441401537	-0.0631751676	-0.0414139602	-0.0667007386	-0.129882506	-0.0175628534	-0.0133591299	0.0439736872	-0.0516886062	0.0320228752	0.0614109836	-0.0616065669	-0.0178405254	0.0370423519	0.0489427601	-0.0054153349	-0.0597289628	-0.0087978993	0.0800586869	0.1112556463	-0.005128463	0.0180747619	0.0150157097	0.0472619341	0.0634168706	-0.0168670612	0.0148106177	-0.124130082	0.0012051294	-0.0902080095	0.0947410578	0.0478082648	-0.0543714102	-0.0052984456	-0.0452541164	-0.0084745864	-0.073457929	0.0440100036	0.0411858478	-0.0551969875	-0.0149852296	-0.0258252286	-0.0508152923	-0.0486741533	-0.0711915135	-0.1255995978	0.1014666769	-0.0908052005	0.0313779699	0.0159244161	-0.026680812	-0.0101213372	0.0219683394	-0.0158209286	0.0540013493	0.1126629852	-0.0830147948	-0.06162632	-0.0004938329	-0.0633704296	0.0847212595	0.0653186173	-0.1004642478	0.1390324306	0.0876195445	0.1310953627	0.004577778	0.0337563179	-0.0629543851	-0.010657419	-0.0788675135	0.0312459714	0.0707106781	-0.0497051625	-0.0577350269	0.064777029	0.040824829	0.0109636986330912	-0.0008739113967663	0.0001202026877172	7.637211293981985e-07	0.0897923031014187	-1.5718825508798107e-05	0.008062657696257	2.4708147537604204e-10	-0.2421539541492237	-0.0221011266449195	0.0004884597989747	0.0586385375101043	0.000971245078741	-1.6487410977599967e-05	2.718347207442839e-10	9.433170029786112e-07	0.0013938307677892	0.0002845371448917	1.942764209235831e-06	8.096138682312031e-08	-0.0003511767882496	6.687174611059998e-05	4.471830427880544e-09	1.233251366053044e-07	0.0	0.0
1998.19063560832	-3.43300008110964	3992765.816232782	11.785489556898792	2631.931482042585	-21.190946851458197	6927063.326166877	449.05622846132593	2060.373197667739	-14.151203059348973	200.25654802692773	4245137.713667585	2284.669638444963	1632.489787213589	1.354532	31.645206	0.160536788968312	0.1328053059047972	-0.0451472849	-0.0068829947	0.0081219658	-0.1293388672	0.0140845179	-0.0591344743	0.0002264938	-0.0483065942	0.0956216569	0.0462898426	0.071499641	-0.0305537521	0.0599047433	-0.1040119669	0.01518843	-0.1176784204	0.0070127606	-0.1042792473	-0.0476583802	0.0514563073	0.1286941079	0.0452105109	0.0987929132	-0.0141470416	-0.0158372739	-0.0780440574	-0.0023002333	0.0381788651	-0.1123539523	0.0904849852	-0.0348936938	-0.1327166723	-0.0126938484	0.1163536731	0.0844482794	-0.059659491	-0.0405364822	0.0462561578	0.0512494017	-0.1181420327	-0.0923037163	0.0541888734	0.0058526683	0.0649363472	-0.0203709382	-0.0397311786	-0.0122691987	-0.0512516279	0.0754956448	0.1380052249	0.0794638888	0.054323298	-0.0584234955	0.0263164235	-0.0678897099	0.025948048	-0.0378096311	-0.060074556	0.0991957139	0.0450980386	0.0882967438	-0.1167497415	-0.0761308243	0.0499673689	0.0120203048	0.1451130293	-0.0334985593	-0.0134187099	0.0448118475	0.0628726593	0.080369513	0.0385153999	-0.0600901449	-0.0959256695	0.0553447533	0.0758067736	-0.0299244863	0.0038267699	-0.0937951816	0.1048762495	0.0680372637	0.0154928917	0.0241530063	-0.1116230124	-0.2487256419	0.2213736591	-0.1202219551	-0.0770888427	-0.2279046781	0.0594223943	0.0398577381	-0.0552336852	-0.0115045374	-0.0784076511	0.0336000067	0.0689390864	-0.0530272111	-0.0539958877	0.0682433853	0.0347647336	0.0103529018448256	-0.0006107967882656	0.0001071825766085	3.7307271655557293e-07	0.0972858094995672	0.0074935063981484	0.009464528729986	5.615263813909247e-05	-0.3686998336471916	-0.1265458794979679	0.0160138596179142	0.1359395673314667	0.0014107992636636	0.0004395541849226	1.9320788148297126e-07	1.990354562353756e-06	0.0013962000043736	2.3692365843999696e-06	1.9493744522128407e-06	5.613281992859234e-12	-0.0004269854924212	-7.580870417160001e-05	5.746959628177164e-09	1.8231661073817465e-07	0.0	0.0
1993.693294388692	-4.49734121962797	3974812.952090436	20.226078045764798	2643.5959129333496	11.664430890764834	6988599.35087791	136.0589480054289	2064.988319204635	4.615121536895913	21.29934680032049	4264176.758451584	2287.136519414012	1669.1006630203613	1.344517	31.411238	0.1650261114851779	0.090135609066849	0.0724241449	-0.0244502665	0.0759580594	-0.1439360162	-0.0318229065	-0.0270572089	-0.0726161148	0.1228659104	-0.0556968022	0.1250575882	0.2157853597	-0.0355872309	0.0782059098	-0.1467535399	-0.0363686683	-0.0656033594	0.0782202913	-0.0020746711	0.1307377141	-0.0620998854	0.0585964616	-0.0043642245	0.2258699137	-0.0096930306	0.0463008847	0.2146799893	0.0857177156	0.004056626	-0.0231331172	-0.0692093097	-0.0092965034	-0.0098180446	-0.1406112384	0.0451197406	-0.0795858643	0.0313329168	-0.1597570527	0.0045394158	-0.0209496869	0.0309413484	-0.1686901041	-0.0855941879	0.027055885	-0.0210686624	0.14926136	-0.0930968385	0.0571115434	0.0202234613	0.2235638522	0.0889806527	0.1925998142	-0.0168894779	0.2206012389	0.0884209117	0.006310088	0.1928976994	-0.106100606	-0.0175033062	0.0156247304	0.0290301464	0.1461945255	0.0579509528	0.098983358	0.030882811	0.1092567092	-0.1340630506	0.0601109869	0.0490344044	0.1736087376	0.0953265534	-0.0046532167	-0.0606356198	-0.0488237881	-0.0671509039	0.1474791237	0.0444652703	-0.0043841679	-0.0264551775	0.0986283608	-0.0197634489	-0.0241616098	-0.1353095639	-0.2240342832	0.0480201871	-0.1155101451	0.1733740185	-0.1342580998	-0.2236944801	-0.0600833156	-0.2308913491	-0.0447411058	-0.0631431288	-0.0123503943	-0.0779133966	0.0359208828	0.0670465522	-0.0562039158	-0.0500436514	0.0713432033	0.0284607885	0.0177557496823652	0.0074028478375396	0.0003152666467828	5.480215610576474e-05	0.1467805995622484	0.0494947900626812	0.0215445444078531	0.0024497342433488	-0.4357621687791138	-0.0670623351319221	0.0044973567933462	0.1898886677390768	0.0019303440715952	0.0005195448079316	2.699268074486833e-07	3.726228234742735e-06	0.0016771116524743	0.0002809116481007	2.8127034948650777e-06	7.891135403865155e-08	-0.0004061191793928	2.0866313028399998e-05	4.3540301939917527e-10	1.649327878706813e-07	0.0	0.0
1994.532552661683	0.8392582729909464	3978160.103627129	0.7043544487837459	2644.3316623142787	0.7357493809290645	6992489.940317797	0.5413271515375017	2070.047644350709	5.059325146074116	25.596770933697872	4285097.24988192	2294.064294233995	1631.3715643720398	1.320656	30.853777	0.1775763276364398	0.1032764740033237	-0.0203588301	-0.057670353	0.0415998468	-0.0667126246	-0.0520568999	-0.0513208496	-0.0876062899	-0.0451714397	-0.0568064738	0.0287406783	0.0548381048	-0.0736839735	-0.1394555776	-0.1160566474	0.0227258618	-0.1302789811	0.0133142731	0.0372061742	-0.0280981484	0.0116908035	0.0497264444	0.0390967519	0.0692011832	-0.031237905	0.0733994812	-0.092597508	-0.0226925005	-0.0294406713	0.0212237794	-0.0743967194	0.1348870522	-0.0144908306	0.051927514	0.0964622827	-0.0279374385	0.0140328375	0.1244465024	-0.0161202011	0.0147360874	0.0326899061	0.0185727916	-0.0752498054	-0.0396418269	0.0212777846	-0.0243493632	0.0112831185	0.0210752904	-0.0377834042	0.0547741436	0.1139288505	0.1019741751	-0.0375302402	-0.0090894659	0.1051553664	0.1162845529	-0.0249861385	0.1518406745	-0.0298206318	0.0201497085	0.0220266227	-0.0390384158	-0.0485118338	-0.0648998382	0.044788143	-0.1504422126	0.0345871825	-0.0751102417	0.0159495139	0.0777712198	0.069712941	0.0704460312	0.0120304616	0.0092888842	-0.06951909	0.0582761654	-0.0015496984	0.0344794637	-0.0618673053	-0.067419632	-0.062564737	0.0160498817	0.0281286256	-0.1175516804	0.0604436703	0.0122448264	-0.0363573946	0.122790076	0.1563997252	0.0542341121	0.0963807833	0.0628097094	0.0971405639	-0.0131948967	-0.0773849666	0.0382063093	0.0650363955	-0.0592265694	-0.0458939156	0.0740598336	0.0219572114	0.0095773637239346	-0.0081783859584306	9.172589590053844e-05	6.68859968850548e-05	0.0991176206973136	-0.0476629788649348	0.0098243027326965	0.0022717595542792	-0.3524979254640143	0.0832642433150994	0.006932934214836	0.1242547874564338	0.0014070030517041	-0.0005233410198911	2.738858231006569e-07	1.9796575875046502e-06	0.001637071275284	-4.004037719030013e-05	2.680002360359982e-06	1.6032318055415067e-09	-0.0006121521722709	-0.0002060329928781	4.2449594154307224e-08	3.747302820159817e-07	0.0	0.0
1991.9839827629944	-2.548569898688584	3968000.1875843215	6.4952085285015375	2667.421723502023	23.09006118774414	7115138.651010502	533.1509256537684	2070.1480538504466	0.1004094997374522	0.0100820676375254	4285512.964860791	2294.891328532601	1658.031768683377	1.171275	27.363869	0.1218315710385481	0.0578742162395329	0.0658544181	0.0248077523	0.0583982985	-0.0814818747	0.0404195314	-0.0401133292	-0.09427143	0.0771966817	-0.0448773958	-0.0867544648	0.0776135597	0.0257310518	0.0427027653	0.0390729795	0.0307112939	0.0393642942	0.0181084565	0.0878028267	0.0862940725	-0.0208200023	-0.0294535443	0.0095189903	-0.0072444524	-0.0367243935	0.0915460159	-0.0528551201	-0.045571879	0.0329687663	0.0413498667	-0.0216127649	-0.0105608177	0.0478654654	-0.062343977	0.0827532532	-0.0094141164	-0.0546693905	0.0162860194	0.0313452243	-0.0446489015	0.0101831846	-0.0479073502	-0.0777583744	0.0542949878	-0.0414104685	0.0038593236	-0.0553940122	0.0315962447	0.0655458631	-0.0396680426	0.0347538428	0.0587854924	-0.023105536	-0.0068264818	-0.0340453001	0.007083866	-0.014738324	0.0560698597	-0.0066943667	0.0343947236	0.0586657159	0.0626009245	0.0559482276	0.0303729417	0.0371768704	-0.0064139534	0.0113849257	-0.0512545973	0.0942065297	0.0736389375	-0.0278948163	-0.0323622625	-0.0651824552	-0.0599110994	-0.0246228914	0.0602224683	0.0652446435	0.0020754675	-0.0246764168	0.0467226683	-0.0140417201	0.0621646776	-0.1538496212	0.0240210543	0.0308953985	0.0030740338	0.0623766624	0.0107396014	0.0146676899	0.0407503806	0.0666161319	-0.003579187	0.0023120328	-0.0140379523	-0.0768225931	0.0404540309	0.0629121428	-0.0620868871	-0.0415630576	0.0763786853	0.0152996203	-0.0055571932598894	-0.015134556983824	3.088239692776018e-05	0.0002290548150966	0.1288475486620512	0.0297299279647376	0.0166016907962196	0.0008838686167884	-0.3044524522292278	0.0480454732347865	0.0023083674983545	0.0926912956683902	0.0016414160106158	0.0002344129589117	5.4949435305738396e-08	2.694246519905888e-06	0.0013129777271123	-0.0003240935481717	1.7239105118929811e-06	1.0503662796652205e-07	-0.0006320779222915	-1.9925750020599944e-05	3.970355138834386e-10	3.9952249984833953e-07	0.0	0.0
1987.2100491270376	-4.773933635956837	3949003.779351483	22.790442360520064	2634.4622655596054	-32.95945794241743	6940391.428657449	1086.3258678579834	2064.944004603795	-5.204049246651721	27.082128561576344	4263993.742149157	2283.86348315976	1625.2149740173418	1.156787	27.025393	0.1111360297487352	0.0500871469228317	-0.0404625215	-0.0162939855	0.0756073044	-0.0570573355	0.0187150825	-0.0408637275	0.0036310627	-0.0846951287	0.0580161927	-0.0042404172	0.0649316557	-0.0078449725	0.0502069972	-0.1166628164	0.0608116354	-0.0500757382	-0.0038281767	-0.0609205143	-0.0522344838	0.0510658768	-0.0113060366	0.0116788526	0.095821736	-0.0123702745	0.0250224274	0.0089726328	0.0660662797	-0.0186616101	-0.0794154962	-0.0429238313	0.014351409	-0.0866039945	-0.0069479586	-0.0246503739	0.0606308868	0.0663378608	-0.0765305018	-0.0673804903	-0.0539057127	-0.0170489247	-0.0392978757	0.0416355977	0.014828261	0.0641073468	-0.0457272432	-0.0497026704	-0.0737670846	0.0159806483	0.0822924556	0.118726918	0.0723185934	0.0741649776	-0.0586068791	-0.0224948719	-0.02428787	-0.0332373311	-0.0131129999	0.0811559706	0.0431373822	0.0144589011	0.03975455	0.0539268544	-0.0238820418	0.0101868138	0.0881859312	0.054043339	-0.0401496306	-0.0500318003	0.0253483586	0.0807284387	-0.0469843899	0.062512736	0.0304810935	0.0122488026	0.0747404073	0.122424651	-0.0189326598	-0.0014461839	-0.0911733392	0.0171687672	0.0205881413	0.0094942216	-0.0519024438	0.0809544391	0.0433831355	-0.0804900761	-0.0058054728	-0.0338204413	0.0411586413	0.0682213425	0.0531786405	0.0208896449	-0.0148794683	-0.0762265226	0.0426618292	0.0606775209	-0.064777029	-0.0370681691	0.0782873035	0.0085347133	-0.0016800729703447	0.0038771202895447	2.822645185682863e-06	1.503206173959918e-05	0.1214140654362125	-0.0074334832258387	0.0147413752857488	5.525667286882532e-05	-0.3490897958948196	-0.0446373436655918	0.0019924924495201	0.1218636855978868	0.0012412444478277	-0.0004001715627881	1.6013727966427037e-07	1.5406877792630916e-06	0.0018420017829847	0.0005290240558724	3.3929705685188144e-06	2.798664516916843e-07	-0.0008066439549862	-0.0001745660326947	3.047329977076709e-08	6.506744701157787e-07	0.0	0.0
1983.8348857760664	-3.3751633509712065	3935600.854022138	11.391727645739184	2650.136191231864	15.67392567225852	7023221.83207693	245.6719459794847	2062.5745418772976	-2.369462726497204	5.614353612259564	4254213.740800344	2296.0362932267576	1659.8923096181766	1.367942	31.95849	0.1153216942728012	0.0451555964604217	0.0939115897	-0.0031750444	0.0867977428	-0.0317297637	0.0551222103	-0.038855581	-0.0945836001	0.1046433468	-0.0751083344	0.0487576104	0.1379190105	-0.0413603761	0.0143177634	-0.110648078	0.0420112525	0.0667806235	0.0856912136	0.0454598137	0.0385940039	-0.073269525	-0.0580576887	0.0799035363	0.0403667446	-0.0777361325	0.0107772576	-0.0278665853	-0.0182584574	0.0606966151	-0.0306410211	-0.0829753245	-0.0484218161	-0.0029535402	0.0362304955	0.0609544206	0.022382708	0.033322217	-0.0700011584	-0.101087956	-0.0449099637	-0.1106188418	-0.019166194	-0.1542431553	-0.0175462704	-0.0658960281	0.0323444838	-0.0233193079	0.0773874211	0.0367778593	0.1654993692	0.0447676325	-0.0411993588	-0.0418167529	0.1015014807	0.114179052	0.0160246846	0.1183909004	0.0252013077	-0.0577123369	0.1220157381	-0.0248533049	-0.0400298862	-0.1779304319	0.0241096662	-0.0349047175	0.1093437427	-0.0255103696	0.0172411788	0.0113365695	0.1212866086	0.02734066	0.0859983942	-0.0872681321	-0.0059386036	0.0225829189	0.0755666143	0.0249711783	0.0283566687	-0.0112731516	0.1240354666	0.0203268724	0.0836328047	-0.0393180519	-0.0930835298	0.0064401551	0.0080738262	0.0015399352	0.0193329074	0.0328071761	-0.0122960901	-0.0765740075	0.0080995915	0.1917504679	-0.0157193527	-0.0755970167	0.0448275254	0.05833645	-0.0672896215	-0.0324269895	0.0797754371	0.0017099414	0.0090492853264123	0.010729358296757	8.188956491882098e-05	0.0001151191294601	0.1398075663015561	0.0183935008653436	0.019546155595164	0.0003383208740833	-0.319869698738124	0.0292200971566956	0.0008538140778467	0.1023166241708182	0.0016313634981683	0.0003901190503406	1.5219287343865174e-07	2.661346863155913e-06	0.0013740687811603	-0.0004679330018244	1.888065015359353e-06	2.1896129419639402e-07	-0.0005251212480711	0.0002815227069151	7.92550345088053e-08	2.757523251757498e-07	0.0	0.0
1976.4843899538905	-7.350495822175844	3906490.5437314026	54.02978883182454	2640.371415274484	-9.764775957379698	6971561.210598582	95.3508494978206	2058.015490620076	-4.559051257221654	20.784948365974344	4235427.759632192	2284.623281928635	1606.3838705565558	1.333831	31.161589	0.0641301344824281	0.0289777112248122	-0.0552223371	-0.0015819711	0.170784896	-0.0166025304	0.0347172923	-0.0334997388	-0.0640295195	-0.0802558574	-0.006095574	0.0133650763	0.1151309348	-0.0583944689	0.011290882	-0.1353308635	0.0388640499	-0.0061061514	0.137276276	0.0326037848	-0.0780174359	-0.0005104047	-0.0317602802	-0.0146090916	0.1495954031	-0.0061494453	0.0472133848	-0.0239990713	0.0467146876	-0.0066891991	-0.002415647	-0.0306904765	0.0681981512	0.0214359938	0.0179586112	-0.0290313543	-0.0307717571	0.0268769073	0.0422972838	0.0763963424	-0.0687806933	0.0632539664	-0.0571973772	-0.0816970664	-0.0211572783	0.0530901392	-0.0141785657	-0.0571444172	-0.121442621	-0.0197490385	0.0919242375	0.1489632124	0.0470649015	0.0558834159	-0.030455128	-0.0739568952	-0.0666871269	0.0304729674	0.0895103747	0.068500774	-0.0526654558	-0.0537457033	0.0721725451	0.0224790852	0.0405487601	0.0349400279	0.0417060328	0.0825155236	0.0581592813	0.0805006955	0.1332827922	-0.0638299773	-0.0732974714	0.0125500727	-0.0002520234	0.0400496492	0.1315177441	0.1312071331	-0.0244139166	-0.0042373089	-0.1221182021	-0.0446319457	0.0510804113	-0.1653319733	0.0458499143	0.080084611	-0.0235044186	-0.0899462171	-0.0258423712	0.0183110352	0.0855652759	0.0580432511	-0.0716916755	0.0598343012	-0.0165575133	-0.0749343514	0.0469489822	0.0558930371	-0.0696177779	-0.0276578354	0.0808350932	-0.0051268245	0.0191887800681627	0.0101394947417504	0.0003682092805043	0.0001028093536179	0.1214415696288995	-0.0183659966726566	0.0147480548339308	0.00033730983378	-0.3397102792844251	-0.0198405805463011	0.0003936486364142	0.1154030738515021	0.0016120499643828	-1.9313533785500145e-05	3.730125872836556e-10	2.5987050876665863e-06	0.0014418949246475	6.782614348719998e-05	2.07906097372422e-06	4.600385740346241e-09	-0.0007536628212328	-0.0002285415731616	5.223125066322465e-08	5.680076481085834e-07	0.0	0.0
1980.9344738235816	4.450083869691071	3924101.38958271	19.803246447284653	2622.3177163260325	-18.05369894845171	6876550.205357378	325.9360457213264	2060.6922412519693	2.676750631893356	7.164993945341479	4246452.513156065	2287.331627377955	1641.6764928642167	1.446597	33.796082	0.1024855236425242	0.0485990658831201	0.0715163135	0.0162883533	0.0698144306	0.0459839499	-0.0519125869	-0.0183464784	-0.0418199903	-0.0460567174	-0.1182056824	0.0851239189	-0.0029710069	0.0348228268	-0.0295527183	-0.1594119555	-0.0804737831	-0.0870210827	0.0794000348	-0.0190784133	0.0112735846	-0.1293615733	0.0543542503	-0.0191445929	0.0383457154	-0.0835016301	0.0710935132	-0.0053227207	0.0461529191	0.1228993858	-0.0164485736	0.0432486138	-0.0602117467	-0.0266606153	0.0248460693	0.0817004374	0.0121998138	0.1044162672	-0.0195055843	-0.0184708213	0.0189504468	-0.0122049443	0.1024239366	-0.103070316	-0.0102249389	-0.0656131273	-0.0014976032	0.0788284975	0.0046317966	-0.1188069998	0.1095473096	0.0537634871	0.0976139183	0.0106532648	-0.0584060348	0.0263320487	0.0012086506	0.1756010453	0.0211296795	-0.0749383156	-0.1324935063	0.0952095245	-0.0400937331	-0.0942358345	-0.0367561226	-0.1306522091	-0.0030397537	0.1335424064	0.0335873207	-0.0891071894	0.1161096898	0.0396869211	0.1631359853	-0.0514293731	0.0377917389	0.0540529021	0.0838186987	-0.0288830035	0.0753809199	-0.0884477897	0.0656005156	0.1302547534	0.0465728074	0.037312946	-0.009174334	-0.0252081038	-0.0770654809	0.0540722682	-0.0336090717	0.095264784	-0.1178313812	-0.0614865188	0.027109923	0.1750944758	-0.0173938582	-0.0742388174	0.0490241061	0.0533515689	-0.0717551168	-0.0227795284	0.0814605803	-0.0119276293	0.0194485129879353	0.0002597329197726	0.0003782446574418	6.746118961360011e-08	0.1374886446258756	0.016047074996976	0.0189031274010603	0.0002575086159585	-0.3838783174404057	-0.0441680381559805	0.0019508155945481	0.1473625626008768	0.001480912595554	-0.0001311373688287	1.7197009503340698e-08	2.1931021156704854e-06	0.0018426730097478	0.0004007780851002	3.395443820853016e-06	1.6062307349666324e-07	-0.000445364723766	0.0003082980974667	9.504771690164849e-08	1.9834973717516549e-07	0.0	0.0
1981.605431432235	0.6709576086534526	3926760.0858817343	0.4501841126099596	2638.739803314209	16.42208698817649	6962947.749594711	269.68494104723555	2064.328325031184	3.6360837792144594	13.221105249466506	4261451.433526053	2286.02741991263	1584.9611703889518	1.25665	29.358452	0.0878642004212572	0.04053079932865	-0.0144063111	0.0237140269	0.0288718398	0.0411173993	0.0472809505	0.0738753278	-0.0503375191	0.0147678397	-0.0766327479	0.0543189552	-0.1090984622	-0.002989995	-0.0682421973	-0.1437149184	0.0552567262	-0.0759247917	0.0473479758	-0.0913598299	0.0019026751	-0.1073384295	-0.0216666598	0.0054865601	0.0636091498	-0.0328784382	0.0404046537	-0.0210567524	-0.0188617732	0.0080671878	0.043718475	0.0395367677	0.0985747421	0.0422427209	-0.0444428441	-0.0246290486	0.0127248776	0.1081123341	-0.0674796506	-0.0482992104	-0.002512563	0.0739452836	0.0054884168	-0.0688427804	0.0333916394	0.0086744289	-0.0433523835	0.1106921853	-0.0775069489	-0.1093381294	0.1010381248	0.1015442558	0.0504631665	-0.1035608162	-0.0226909904	-0.1107435883	0.1258996848	0.0212740021	0.002500784	0.0765876567	-0.1113161211	0.0549187897	-0.0532697915	0.0390756314	-0.1606926669	0.0185105762	-0.0878993772	-0.1014786898	0.0514727439	-0.0719802136	0.068926807	0.11768183	0.108267293	0.0609593483	0.0299170668	0.1049424779	0.1116810341	0.0035634075	0.1140730219	0.0701782113	-0.018626832	-0.0381308908	-0.0223839485	-0.0063538915	-0.0275044638	-0.0044590687	-0.0038966752	-0.0218491129	-0.0247348916	0.1066256684	-0.0913605402	0.0406607268	0.1027517386	-0.0193656783	-0.0182282956	-0.0735107199	0.0510508491	0.0507165039	-0.0736957799	-0.0178113211	0.0816485389	-0.0186447705	0.0196011188487119	0.0001526058607765	0.0003842038601213	2.328854874336684e-08	0.1215297493995848	-0.0159588952262907	0.0147694799891258	0.0002546863368437	-0.3561786393350559	0.0276996781053497	0.0007672721671399	0.1268632231185718	0.0012412235911948	-0.0002396890043592	5.7450818810704615e-08	1.540636003338516e-06	0.0016379537607349	-0.0002047192490129	2.682892522305602e-06	4.1909970916405786e-08	-0.0008820168949707	-0.0004366521712047	1.9066511861777866e-07	7.779538030137548e-07	0.0	0.0
1971.19228660524	-10.413144826994994	3885599.030771995	108.4335851879726	2643.9673592703684	5.227555956159449	6990563.396887125	27.32734127477813	2063.184813427324	-1.1435116038596789	1.3076187881617352	4256731.574357143	2292.3507254989545	1611.1771930728253	1.385629	32.371708	0.0761540174091659	0.0466425440570236	-0.0059605894	-0.021339422	0.1855042625	-0.014672602	-0.0136580122	0.0538845004	-0.0375854602	0.0100427611	-0.0834904984	0.0034463504	0.0322321559	-0.1431493669	0.0288802221	-0.1537023281	0.0167975894	0.141991731	0.0940087354	0.0842726716	0.0130954359	0.0048621354	-0.0697687937	0.046128482	0.11936038	-0.0256192643	0.0700803725	0.0730323772	0.0243780236	0.0770860383	-0.0164939109	0.057852365	0.020166731	-0.0710154033	-0.0364115675	0.0516249946	0.0777404056	0.0162421062	-0.0156498497	-0.0881497366	-0.0393143149	0.0524805037	-0.0095660319	-0.130129697	-0.0542464925	0.0133273664	0.0470540876	-0.1152370835	-0.0593811468	-0.009872106	0.1307817997	-0.0493376413	-0.0459114495	-0.0776459266	0.0140416404	-0.0371827728	0.0015593027	0.0230888431	0.0423654401	0.0396015433	0.0806525025	0.0896287324	0.031108921	0.06251492	0.0004468684	0.1165464607	0.0211905084	-0.0102220944	-0.0970725031	0.0111695281	0.2005594806	0.0534236459	-0.1074423281	0.0282008821	0.0569464134	0.076915337	0.0948413899	0.0433129127	0.0387662847	-0.0312737631	-0.0148909568	0.0330441567	-0.0014170742	-0.0647627062	-0.1619284476	0.1386461772	0.0251465968	-0.0296016015	-0.0527294408	-0.1365092499	0.1196861485	-0.1609164697	-0.0090851541	-0.0770876562	-0.0190607341	-0.0727503781	0.0530272111	0.0479924649	-0.0754344479	-0.0127728206	0.0813979594	-0.0252311319	0.0195385234407012	-6.259540801070024e-05	0.0003817538982428	3.9181851040260355e-09	0.1212958827556462	-0.0002338666439385	0.0147126911734714	5.4693607147102105e-08	-0.3914719876637775	-0.0352933483287216	0.0012456204362524	0.1532503171254287	0.0017367119609789	0.000495488369784	2.455087245913049e-07	3.016168435407176e-06	0.0018418337836256	0.0002038800228907	3.3923516865045934e-06	4.1567063733912367e-08	-0.0007701011470756	0.000111915747895	1.2525134626919578e-08	5.930557767271549e-07	0.0	0.0
1969.59993635452	-1.5923502507200735	3879323.909287729	2.535579320968281	2648.993335723877	5.02597645350852	7017165.692709513	25.26043931122208	2057.1668926848083	-6.017920742515798	36.215370063201895	4231935.62435847	2298.110017865127	1616.441559944297	1.173117	27.406906	0.0475258891932215	0.0259261144722834	0.0405959758	-0.0276767605	0.1713639228	0.0805371963	-0.0216377692	-0.0079305405	-0.1109938437	-0.0278094465	-0.0958406358	-0.0104108631	0.0283857113	-0.1615510863	-0.0345277638	-0.0978437429	-0.0296238972	0.1138878522	0.1226812329	0.0894278217	-0.0348114619	-0.1390894524	0.0383467436	0.0204532435	0.0925516057	0.0129595614	-0.0546018525	-0.0769290962	-0.0010308105	0.0430402026	0.1082353671	-0.0236603837	-0.0823894742	-0.0231693176	-0.0384363612	-0.0355619721	-0.0847538092	0.0236773912	-0.1031061901	0.0702459555	0.1438470691	0.0027809214	-0.0636062962	-0.2051989986	-0.0884682793	0.0301651415	-0.0269287392	-0.0036321734	0.0139064912	0.0082123502	0.1334541524	-0.017503894	-0.0052415557	-0.1054432671	0.0135705406	0.0419812583	-0.0569530021	0.1495261824	0.0879264422	-0.0750791245	0.142058149	0.0761347244	0.0732944398	-0.0076436259	0.1367989236	0.0408708473	-0.0525325905	-0.0088627097	0.07179698	0.0615193363	0.1957928792	-0.0059239294	0.0661525266	-0.042828548	0.107960772	0.0965883535	0.112221064	0.0434583807	0.042910185	-0.0616816844	-0.0662050273	-0.0157941958	-0.0156038997	-0.0244204175	-0.1368782335	0.0010226026	-0.0343164557	0.0062251453	0.0592610747	0.0120964095	-0.0410396889	-0.0311189892	0.0790942707	-0.0237279014	-0.0198910824	-0.0719581255	0.0549512416	0.0451842308	-0.0769663555	-0.0076839116	0.0807101879	-0.0316405151	0.0105476116915497	-0.0089909117491515	0.0001112521123957	8.08364940810305e-05	0.1289209809427376	0.0076250981870913	0.0166206193272377	5.814212236278448e-05	-0.3850161017575289	0.0064558859062486	4.1678462834499645e-05	0.1482373986125638	0.0017260224854803	-1.0689475498599835e-05	1.1426488643516623e-10	2.9791536203835925e-06	0.0013803520773005	-0.000461481706325	1.9053718573078055e-06	2.1296536527272574e-07	-0.0007531924618847	1.6908685190899944e-05	2.85903634884959e-10	5.672988846399353e-07	0.0	0.0
1968.90503006583	-0.6949062886899355	3876587.017418527	0.48289475006082	2648.604626246861	-0.3887094770161639	7015106.466176273	0.1510950575221796	2054.337951147256	-2.828941537552509	8.002910222889957	4220304.417523905	2285.4634591659046	1572.3880354459168	1.261193	29.464573	0.1692708039998946	0.1231515576747998	0.0116338588	0.0584198368	0.0266322878	0.1626720095	0.0684183512	-0.0020937729	-0.0420521558	-0.0296987503	-0.077740088	-0.1048778683	-0.072084929	0.0869771045	-0.0188673952	-0.0143911954	0.0970047143	0.1097463808	0.1509674948	-0.0907812204	-0.0059636459	-0.0502679046	0.0139310978	-0.0079475977	0.0075168931	0.0707550181	0.0446363585	-0.0634542342	-0.0108207963	-0.0008482124	0.0497165705	0.0675270373	-0.00865637	-0.0402873933	0.0391385132	-0.0452869486	-0.0326758115	0.0596424881	0.0583520451	-0.0101524471	0.0723004698	0.0795302667	-0.0177984168	-0.078419288	0.0284931365	-0.0300310855	-0.0892484176	0.1094303634	-0.1178441197	0.0697787235	0.0283655194	0.0739659563	-0.1234055414	-0.0885773341	-0.0048528962	0.0317770434	0.0206769905	-0.0194915536	0.0042063532	-0.0367545408	0.0400858647	0.0545020798	0.0467322652	0.05938749	-0.0054603503	-0.0469676058	-0.107000131	0.0070797377	0.0255899451	0.0296541476	0.0380708888	0.0318092307	0.0653276447	0.0137148625	0.0725064383	0.1908125657	0.0391516259	0.0959357732	0.0241477478	-0.0049534464	0.0659369205	0.0187771828	-0.0930702198	-0.0095751877	0.1022546692	-0.0348206727	-0.0281794101	0.0502916017	0.1197266965	0.004744362	-0.0307239572	-0.0485583855	0.0452846984	0.0255131203	-0.0207192494	-0.0711343098	0.0568210419	0.0422967282	-0.0782873035	-0.0025646777	0.0795889182	-0.0378279629	-0.0011849621308783	-0.011732573822428	1.4041352516156417e-06	0.0001376532884987	0.1275741750724535	-0.0013468058702841	0.016275170145417	1.8138860522317155e-06	-0.2743223681292264	0.1106937336283024	0.0122531026645735	0.0752527616560268	0.0010199016864031	-0.0007061207990772	4.986065828894235e-07	1.0401994499278876e-06	0.0014032087562421	2.2856678941599907e-05	1.968994813594501e-06	5.224277722393767e-10	-0.0005722161263259	0.0001809763355588	3.27524340322914e-08	3.274312952274184e-07	0.0	0.0
1970.3040844520008	1.3990543861707463	3882098.185208237	1.957353175463604	2620.3853361947195	-28.21929005214133	6866419.310144313	796.3283310468828	2065.703505572151	11.36555442489498	129.17582738524987	4267130.972933073	2284.9241314623728	1534.289269321052	1.220461	28.512987	0.0883521130401805	0.0487775853498132	-0.0509819501	-0.0050742262	0.0569998857	0.1377105101	-0.0857007154	0.0334789028	0.059833961	-0.0936578584	-0.1038009023	0.0851634716	0.0380496636	-0.0354218128	0.0300411777	-0.0119763309	0.0833566386	0.0815381982	0.0235019286	0.1130541593	-0.0681668418	-0.010835906	0.0510135726	0.150209396	0.0575916492	0.0382316227	-0.1884041896	-0.011182181	0.0392540414	0.0802725958	0.077261542	-0.0529290182	0.0100001658	0.0185901586	-0.0837381011	0.0068703129	-0.0361436751	0.0052846345	-0.0414527137	0.0397676848	0.0411786831	0.1192266298	0.0690162842	-0.0440912437	-0.1779030188	-0.0029129009	0.0821711853	0.0484982971	-0.0629375518	0.0817182453	0.0611356958	-0.0561590121	0.0365898853	-0.1222894942	0.0568980248	-0.0128823389	-0.0604010832	0.0110618781	0.0025089812	-0.1439040947	0.0199078772	0.0642896922	-0.0384276476	0.0746973346	-0.0053940457	0.0546378023	0.012997601	-0.0380415016	-0.0042061172	-0.0115995115	0.0934944051	-0.0677235171	-0.0430213874	0.0115428752	0.0677344888	0.0802266548	0.0624938231	0.0035325351	-0.0038283968	-0.0931134282	-0.0751747535	-0.1097933868	-0.1346880158	0.0166345391	-0.0591001091	-0.0006345795	-0.0156069289	-0.1167557857	0.0041308938	0.0452852023	0.1094655444	0.0098635223	-0.0062459883	-0.10032331	-0.0215451443	-0.0702792922	0.0586347667	0.0393350228	-0.0793936715	0.0025646777	0.0780401729	-0.0437500746	0.0194430285769726	0.0206279907078508	0.0003780313602449	0.0004255140006431	0.1188805735130813	-0.0086936015593721	0.0141325907587991	7.55787080731187e-05	-0.2953177599958039	-0.0209953918665775	0.0004408064796311	0.0872125793689392	0.0016974260602048	0.0006775243738017	4.590392770953857e-07	2.8812552298623896e-06	0.0013679758096822	-3.5232946559899964e-05	1.8713578158756709e-06	1.2413605232927667e-09	-0.0006201613840919	-4.794525776600004e-05	2.2987477422481868e-09	3.8460014231878114e-07	0.0	0.0
1981.510798021888	11.206713569887144	3926385.042677339	125.59042903749264	2637.5401251656667	17.154788970947266	6956617.911858921	294.28678463773394	2064.18122825302	-1.522277319130808	2.31732823634008	4260844.143072146	2287.6268736007087	1577.1029264731485	1.233014	28.806242	0.1281049831771808	0.0671641055575678	-0.0111551229	0.0499567989	-0.0310336036	0.10407821	-0.0396283074	0.0737048331	0.088151827	0.0061045513	0.0061571801	-0.0271891728	-0.0937002216	-0.0104333269	-0.1034024937	-0.0848775585	-0.0365006321	0.0534620439	-0.0032009606	-0.041879891	-0.0457304666	-0.0934633693	-0.0138556832	-0.0279691168	-0.0194710495	-0.0628053093	-0.0640177589	0.0152011023	-0.0681310322	-0.015744198	0.0803391089	0.0292913322	-0.0601516389	-0.0041635068	-0.0444638948	0.1483192452	-0.0203252344	-0.0252768407	0.0415018415	0.1307152169	-0.0141784305	-0.0023393849	-0.0051552497	0.0231314586	-0.0169708912	-0.0699349419	-0.1318000052	0.0303626951	0.0024962289	-0.135379897	0.0873491943	-0.1190649128	-0.0870699591	-0.0430924007	-0.0315551517	0.0660954017	-0.1198077594	-0.0325872891	-0.046032901	0.0097797125	-0.0136325136	-0.0183678441	0.029893356	-0.0563677687	-0.0279186132	-0.0651013466	0.0225820186	0.0006055037	0.0723026169	-0.0032717979	-0.0771706642	-0.0388117495	0.0888411415	0.0031848665	0.0287064348	0.0931354203	0.0704207682	0.026586329	0.1005969938	-0.1019228543	-0.0063172036	0.1265553295	-0.0539298649	-0.0515136639	0.1601329822	-0.0540623446	-0.0221406439	-0.0505764836	-0.0693355551	0.0735338113	0.0202715523	0.0703546591	-0.0273642089	0.0412334822	-0.0223686765	-0.0693934478	0.060390626	0.0363043104	-0.080282427	0.0076839116	0.0760722702	-0.049365311	0.002275405914105	-0.0171676226628675	5.17747207394401e-06	0.0002947272678946	0.0973593640741086	-0.0215212094389727	0.0094788457729148	0.0004631624557161	-0.2656116938101434	0.0297060661856605	0.0008824503682268	0.0705495718886933	0.000863050437138	-0.0008343756230668	6.961826803681107e-07	7.448560570440929e-07	0.0017032276201662	0.0003352518104839	2.900984326097017e-06	1.1239377643279982e-07	-0.0006447356483347	-2.457426424279992e-05	6.038944630749548e-10	4.156840562335659e-07	0.0	0.0
1981.6506452055028	0.1398471836148473	3926939.279643385	0.0195572347650048	2648.731390816825	11.19126565115812	7015777.980698431	125.24442687479156	2076.034034023766	11.852805770745816	140.48900463902535	4309917.31042499	2295.700862234513	1595.2846177715671	1.235968	28.875257	0.1337550873448175	0.081098280674456	0.0558043242	-0.0218376004	0.0426599869	0.0712349249	-0.0293401843	0.0909316334	-0.0096244687	0.0684344338	0.0500773256	0.0466047932	-0.0600854721	-0.1005461438	-0.0014655941	0.0020609048	-0.0272946478	0.1175498902	-0.0372892432	0.0986640162	0.0050931453	-0.0836950908	-0.10719134	-0.0229669411	-0.0163380424	0.0351008132	0.0011376343	0.0398782239	-0.0650401894	-0.0694409877	0.0430700329	0.0580260597	6.14918e-05	0.0114259368	0.0113700404	0.0560016033	0.1675550268	-0.003871386	-0.0550535603	-0.1195666498	0.0159203315	-0.0215735285	0.0039806885	-0.035928156	-0.0010562692	0.0430460803	0.0167424475	-0.0541052711	0.0650853513	-0.0412942583	0.0045958601	-0.1753452607	-0.0685815552	-0.0943519214	0.0707143829	-0.1555664348	-0.0486964594	-0.0060923247	0.0386625228	0.0011409067	-0.0237554936	-0.1076583006	0.0827838462	-0.0872162422	-0.1006005483	-0.0097150546	0.0677924351	-0.0191171814	0.0423977969	-0.0479136009	0.0440642378	0.050891288	-0.0408833768	-0.0267367287	0.0836576006	0.0566523733	-0.0454816601	-0.078678203	0.0957742887	0.0340747799	-0.0282527336	-0.0531952536	-0.0058712346	0.0223404734	0.0138405354	0.1050642001	-0.0152969001	-0.0289839456	-0.1162126209	0.033884116	-0.0354740787	-0.0118857148	0.0337843014	-0.0755158926	-0.0231897558	-0.0684771651	0.0620868871	0.0332099078	-0.0809511339	0.0127728206	0.0736957799	-0.0546342852	0.0099796546146109	0.0077042487005059	9.959350622692464e-05	5.935544803924685e-05	0.0973837532856976	2.4389211588995985e-05	0.0094835954040096	5.948336419328161e-10	-0.319694969534936	-0.0540832757247926	0.0029250007131239	0.1022048735459436	0.001690073477714	0.0008270230405759	6.83967109643572e-07	2.856348360072294e-06	0.0013147634053429	-0.0003884642148233	1.7286028120288583e-06	1.50904446198283e-07	-0.000868111867094	-0.0002233762187593	4.9896935107202656e-08	7.536182137894307e-07	0.0	0.0
1976.5472160272564	-5.103429178246415	3906738.8971850974	26.04498937737688	2656.925896235875	8.194505419050074	7059255.218088808	67.14991906284104	2057.62823332458	-18.405800699185875	338.77349937815126	4233833.946574432	2291.942487864404	1603.5481817142058	1.252458	29.260515	0.1903004225399744	0.1213597364975892	0.003237291	0.0721129959	0.0291833705	0.0899384505	-0.0082188705	-0.0607839378	-0.0261652913	0.0145950184	0.0479238847	-0.1428238884	-0.1229148338	-0.0096993817	0.0886910283	-0.062155292	-0.0441133241	0.1059120613	0.0982672016	-0.1105316585	-0.0563281274	-0.0894107345	0.0001449959	-0.0429552116	0.0244370115	0.021868929	-0.0111997568	-0.0264512705	0.0469027468	0.0320219334	0.0521814034	0.03883702	0.020848564	-0.0631749541	-0.0268996904	0.023731866	-0.059156123	-0.1245078229	-0.0629759773	-0.1786400981	-0.017614567	-0.0002055761	0.0223703168	-0.0141411604	0.0655587617	-0.020619559	-0.208995384	-0.0019136773	-0.0611234816	0.051835447	0.0535408575	-0.0801141534	-0.0652742846	-0.0019509761	0.0981218827	-0.0490632182	0.0502763812	-0.0542212906	-0.0705458989	0.0612032796	-0.009875258	0.1142987461	-0.1584193119	-0.0792188226	0.0194032945	-0.0112638908	-0.0360767348	-0.0162457319	0.0131703536	0.0564409482	-0.0979095464	-0.054987327	0.0114599221	0.0276823306	-0.0027838518	0.1369775757	0.0692769067	0.0367601712	-0.0112758463	-0.0963564409	0.0255058961	-0.0168620753	0.0390984855	-0.073361746	0.1204171283	-0.0431501188	-0.0450510759	-0.0952272285	0.0481315327	0.0459951516	0.0144794018	0.0493352401	-0.0298654459	-0.0651054666	-0.024008292	-0.0675308461	0.0637218759	0.0300572439	-0.0813979594	0.0178113211	0.0709234662	-0.0595200392	0.0195317305363005	0.0095520759216896	0.0003814884977426	9.124215441372224e-05	0.0813922251880825	-0.015991528097615	0.0066246943210675	0.0002557289708968	-0.2138440859215862	0.1058508836133497	0.0112044095617269	0.0457292930836387	0.0010967924115587	-0.0005932810661553	3.519824234583694e-07	1.2029535940527487e-06	0.0014377777809193	0.0001230143755764	2.0672049473052268e-06	1.5132536598451632e-08	-0.0004062886106793	0.0004618232564146	2.132807201654777e-07	1.6507043516771586e-07	0.0	0.0
1977.269685650864	0.7224696236075943	3909595.4097938654	0.5219623570356989	2626.5290696280344	-30.396826607840467	6898654.953601108	923.9670678271182	2063.830309956013	6.202076631433101	38.46575454216857	4259395.548293132	2282.157053752118	1568.4833511756017	1.113564	26.015602	0.1766216096517389	0.1025228153006847	-0.005091365	-0.0338268623	0.0115540315	0.1278034542	-0.0436048983	0.0730726833	0.0284824981	-0.0638368754	-0.0227307347	0.0628427945	-0.1031082664	-0.0172662627	0.0325036784	-0.0193645802	-0.0130344554	0.0612858032	0.0183431934	-0.0032811403	-0.0245406909	-0.0171310364	0.0025563436	0.0033962741	-0.113435003	0.0267219023	0.0449646902	-0.0107205575	-0.1058555947	-0.0458026793	0.010619456	-0.0090678352	0.0295661352	-0.0204406245	0.0124388206	-0.0510161076	-0.0249772491	-0.0360378433	0.0571306755	-0.0520414436	-0.0184627837	-0.1156057987	-0.0792342012	-0.0095386553	-0.0436557765	0.0287151009	0.0240309361	0.0595063631	-0.0485894208	-0.0415405309	-0.0163221784	-0.0990331834	-0.0234404522	0.0178256092	0.0535289444	-0.0864202274	0.0161367344	-0.0273825511	0.0702327606	0.0334452367	-0.0291404213	-0.0045219841	-0.0109314898	-0.0033871954	-0.1227419829	0.0154019031	-0.0077412763	-0.0127536062	0.0267852358	-0.0563865721	-0.0022514394	-0.0740766426	-0.0064169454	-0.0026646759	0.0639611377	0.0342582422	-0.0035958588	-0.0953554713	0.0689495393	-0.0038190427	-0.0515858501	-0.0813965745	-0.057855331	-0.0536815915	0.1132096848	0.0417360956	-0.0475600516	0.0096493197	-0.006073529	0.0157385876	-0.0140424582	0.0168841018	-0.0581726904	-0.0474464057	-0.0248241955	-0.0665549058	0.0652939789	0.0268518493	-0.0816216788	0.0227795284	0.0677702193	-0.0639883028	0.0195792488279948	4.751829169430053e-05	0.0003833469846685	2.25798804554463e-09	0.1129484166750813	0.0315561914869988	0.0127573448294077	0.0009957932211641	-0.284189182930227	-0.0703450970086407	0.004948432673155	0.08076349169455	0.0020170676032624	0.0009202751917037	8.46906428465282e-07	4.068561716130723e-06	0.0013161365908875	-0.0001216411900318	1.7322155258729706e-06	1.4796579112352482e-08	-0.0008578282862319	-0.0004515396755525	2.0388807859814727e-07	7.358693686595585e-07	0.0	0.0
1979.946807739328	2.6771220884641025	3920189.361477156	7.166982676542398	2640.2838314601354	13.75476183210094	6971098.710669813	189.1934730578208	2060.186398289785	-3.6439116662281776	13.278092231273812	4244367.995698236	2283.358351269196	1572.577119918068	1.178289	27.52774	0.126824336418859	0.0717550093347977	-0.0077056799	0.1310726406	-0.010350732	0.0909561743	-0.0286182386	-0.0484883168	0.0779330235	-0.0036717263	-0.0568897057	-0.035739507	-0.0936480338	-0.0199367228	0.0726514053	0.0465321984	-0.1088336899	0.0377461827	0.0597032664	0.0139069738	-0.0587271108	-0.0045623638	-0.0372787892	0.0066510391	-0.0692148563	-0.0661483377	0.017623144	0.044717538	0.0094810601	-0.0360327649	0.0711904782	-0.0153290086	0.0168959384	-0.0534378355	0.0153900099	-0.1471646228	0.0286794335	-0.0768916383	-0.013373071	-0.0021240567	0.039743636	-0.0524938497	0.0718526336	0.0228609719	-0.0333680566	-0.1119487431	-0.0432771153	0.0218906314	-0.0665328894	0.0416120997	-0.0240711621	-0.1168870693	0.0479659344	0.0482365452	0.0009374424	-0.1008496826	-0.0196728068	-0.0755937778	-0.0188535982	0.0385857618	0.0104756896	-0.0716286664	-0.0087886906	0.0320489232	0.0355546922	-0.0308634743	0.0634946825	-0.0530672255	-0.0335729473	-0.0028115057	-0.0550513768	-0.0068959461	-0.0136511522	0.0102465409	-0.0323822113	0.1214250533	-0.101904259	-0.0062955134	-0.0445823821	-0.0256127923	-0.0162451048	-0.0058553797	-0.0035296997	0.0477880902	0.0687561862	0.014397519	-0.0256157627	-0.0564007925	0.0137579797	0.0017383168	-0.0623962416	-0.0082341478	0.064962607	-0.0684905698	-0.0256373767	-0.0655497724	0.0668016447	0.0235993474	-0.0816216788	0.0276578354	0.0642529755	-0.0680077345	0.0044591175514199	-0.0151201312765749	1.9883729337381e-05	0.0002286183698208	0.0891091570063338	-0.0238392596687475	0.0079404418623794	0.0005683103015539	-0.2450231241693004	0.0391660587609266	0.0015339801588643	0.0600363313776843	0.0011240575336943	-0.0008930100695681	7.974669843500229e-07	1.2635053390549126e-06	0.0013590403780019	4.290378711439987e-05	1.846990749039547e-06	1.840734948757744e-09	-0.0008197644086622	3.806387756970003e-05	1.448858775641113e-09	6.720136857092864e-07	0.0	0.0
1981.417221886653	1.4704141473248455	3926014.2071890216	2.1621177646530527	2632.9588225228445	-7.3250089372909315	6932472.161100884	53.65575593139202	2064.120761390493	3.9343631007081967	15.479213008214217	4260594.517603269	2283.5347308948403	1573.491377418008	1.215793	28.403931	0.0495088927745431	0.0323139642427028	-0.0728096957	-0.0560956385	0.015106437	0.079787894	0.016058048	0.0291693142	0.0662453957	-0.0691421174	-0.0105374382	0.0434749988	-0.0196170042	0.0331718	-0.0552244431	0.0743099662	-0.007366003	0.0597854038	-0.0089827402	0.0040461682	-0.1631523691	0.0321237353	0.0775450611	0.0194442668	-0.0972341437	0.0822799339	-0.0543562565	0.0641191278	-0.0235872818	-0.0437868212	0.0947808704	-0.0534200018	0.0170869485	0.0706935447	0.008468107	0.0662454076	0.042491355	0.0507292352	0.098858056	0.028980914	-0.014786412	-0.0277299382	0.0006554335	0.0305848964	-0.1024868217	0.035131183	0.0445852137	0.0772841811	-0.0383494669	0.0116069706	-0.0733362485	-0.0175932259	-0.0802917518	0.0161589494	-0.0069335494	-0.0553529772	0.0255916646	0.0355941035	-0.0656833145	-0.0002846021	-0.0338386629	-0.048368923	0.0754746745	-0.0440965913	-0.0360291339	-0.0357511842	0.0312390967	-0.0310408441	0.0678476443	-0.0850949379	-0.0054390321	-0.0865604976	-0.0060092862	0.0673906712	0.0667154639	0.0078689782	-0.0620986098	0.0250727984	0.0428139562	0.0404997113	0.0285912139	0.0353694261	-0.0129889475	0.000530546	0.0002764957	0.0691173193	0.0448631287	-0.0936031627	-0.1006232066	-0.0169368755	-0.0168321332	-0.0102437844	-0.0401699636	-0.0137676916	-0.0264477464	-0.0645158866	0.0682433853	0.0203054443	-0.0813979594	0.0324269895	0.060390626	-0.0715501408	0.0001917463809348	-0.0042673711704851	3.676667460159344e-08	1.821045670668737e-05	0.0892781816585142	0.0001690246521803	0.0079705937202506	2.85693330447041e-08	-0.269245065141348	-0.0242219409720476	0.0005867024244533	0.0724929051029687	0.0011237769435645	-2.805901298001332e-07	7.873082094125558e-14	1.2628746188871692e-06	0.0013622723202153	3.23194221339999e-06	1.8557858744247763e-06	1.0445450470756828e-11	-0.0004062658214088	0.0004134985872534	1.7098108166055765e-07	1.6505191764496694e-07	0.0	0.0
1984.058026747093	2.6408048604400847	3936486.253499568	6.973850310923975	2624.8482219151088	-8.110600607735705	6889828.188090908	65.78184221820278	2055.9250395959166	-8.195721794576457	67.16985573409553	4226827.768437471	2269.250849554748	1578.6301841302898	1.143057	26.704634	0.0791688203417053	0.0468886272287546	0.0082497256	0.0040369174	-0.0895297909	0.1087667808	0.051422266	0.0991382029	0.0499572319	0.0283864454	0.0015071905	0.0914499032	-0.179313395	0.0543449	-0.0932140284	-0.1536668145	0.0600674945	-0.038248214	0.0588576581	-0.1499962993	0.0424693967	-0.022937826	0.1252044572	-0.0145102663	-0.0046460412	-0.0266275514	-0.0641763194	0.0251298167	-0.0296569728	0.0034073532	-0.076870196	-0.0969152087	0.0475246066	0.1564153746	-0.0494651879	-0.0591771206	-0.0315287913	-0.0403479241	-0.0987102509	0.0189850198	-0.0284642568	-0.030148934	-0.0846700478	0.0649337976	0.0845788246	-0.0165655141	0.0014437674	0.167779248	-0.1184637207	-0.1443128825	0.09453227	0.0014057603	0.0172712382	-0.0214534449	0.0192211842	0.0583599271	0.075225862	0.0369886737	-0.067083588	-0.0179963834	0.0135457314	-0.0808345316	-0.0417080472	-0.0278961143	0.0329216937	0.0290503998	-0.0408877024	-0.0709462413	-0.0216153982	0.0199705714	-0.0919139263	0.0583677412	0.0963668595	0.0113427163	0.0217465645	0.0736605843	0.051934517	0.011656034	0.0973362567	0.054101614	0.0104210899	-0.0153168625	-0.046876856	0.042227978	0.0296207583	-0.0594305499	-0.023059191	-0.0262717839	-0.1145327958	0.1321144774	-0.0397446635	0.0059318118	-0.0494359962	0.0939270837	-0.0272552159	-0.063453702	0.0696177779	0.0169759185	-0.0809511339	0.0370681691	0.0562039158	-0.0745906743	0.0092061454671892	0.0090143990862543	8.475311436304824e-05	8.125939088626414e-05	0.1312827467900064	0.0420045651314922	0.0172351596047289	0.0017643834918857	-0.2586772410919593	0.0105678240493887	0.0001116789051388	0.0669139150589476	0.0012838823084159	0.0001601053648514	2.5633727854199973e-08	1.6483537818633404e-06	0.0014251577578601	6.288543764480011e-05	2.0310746347888274e-06	3.954578267778043e-09	-0.000534915660404	-0.0001286498389952	1.6550781073490888e-08	2.8613476374544744e-07	0.0	0.0
1990.61967975928	6.56165301218698	3962566.709444938	43.05529025234247	2647.862942831857	23.014720916748047	7011178.164022181	529.6773788758001	2066.1455539735425	10.220514377625932	104.4589141432584	4268957.450204637	2285.743194527552	1540.047622170755	1.276349	29.818663	0.0664887424295134	0.0328923002355178	-0.0897081395	-0.0194283994	-0.0948086679	0.0208709345	-0.0510933285	0.0043624956	0.1587972065	-0.0397519542	-0.0442949166	-0.0668914364	-0.0648853716	-0.1956512892	0.0324873549	0.191596403	0.1431038522	-0.0359186961	-0.0179782697	-0.1017275265	-0.0114728541	0.1310741201	-0.0304627755	-0.0099540138	0.0227787972	-0.0456593958	-0.0658571182	0.0203539033	0.0638089519	0.0097834411	0.0042046529	-0.0200344341	0.1224792203	0.097822978	-0.0396740116	0.005286468	-0.0110550142	0.0461749493	0.0652846994	-0.0356102934	-0.0272895625	0.0742847387	0.0029915871	0.1041991744	-0.1239046613	0.0632165109	0.0385516833	-0.0294905504	-0.1368668921	0.0915821109	-0.0752402437	-0.0343012434	-0.0042084338	-0.1241862472	-0.0551016378	0.0447502671	0.2521942768	0.0448515378	-0.1028360279	-0.0024264778	0.0123797574	0.0903902009	0.0972071607	0.140082666	0.0324971008	-0.1504852673	-0.0109725629	0.0802226346	-0.0110100585	0.0599316195	-0.0331074071	-0.004365482	-0.11174143	0.0695383246	-0.0072197919	-0.0501239403	-0.0038506403	0.0898321424	-0.0519441683	-0.0682137688	-0.0066844019	-0.0035468091	-0.1125924148	0.0640408488	0.0182409605	-0.0458393198	-0.0368180071	-0.0234575106	-0.0255322872	0.0036802313	-0.0438756539	-0.0404539679	-0.0767689158	0.0244008089	-0.0280596966	-0.0623636846	0.0709234662	0.0136166111	-0.080282427	0.0415630576	0.0517153317	-0.0771080077	-0.0006280224896073	-0.0098341679567965	3.944122474525513e-07	9.671085940248304e-05	0.11049708928401	-0.0207856575059963	0.0122096067402384	0.0004320435579565	-0.2672801676176348	-0.0086029265256755	7.401034480617137e-05	0.0714386880017109	0.0012838766869764	-5.621439500089892e-09	3.1600582053170896e-17	1.648339347361497e-06	0.0018427403591496	0.0004175826012895	3.395692031238797e-06	1.743752288997056e-07	-0.0004071840743121	0.0001277315860919	1.6315358085552464e-08	1.6579887037340176e-07	0.0	0.0
2000.141157455847	9.52147769656699	4000564.649748815	90.65853752622264	2634.89410672869	-12.968836103166725	6942666.953673582	168.19070987080062	2070.673182896205	4.527628922662643	20.499423661331285	4287687.430365501	2276.087325760912	1629.2288340698426	1.282485	29.962008	0.0567950357465862	0.0326685079078362	0.0689424155	0.0260074261	-0.1037716435	-0.0594678546	0.0565355809	0.0419239214	0.0601369341	0.0915977085	0.0244751116	0.0599675827	0.0183010091	0.0948858457	-0.0097221621	0.0578648824	0.0742956001	-0.0653418554	-0.0522092815	0.0025563628	0.1257598128	0.0246895861	-0.0381470314	-0.0149339124	0.0388877486	0.0291496206	0.0337721805	0.0006875421	-0.0774269325	0.0007684589	-0.0670372279	-0.0122467941	-0.0606936814	0.1163287976	-0.1283513169	0.0478455796	0.0096229152	0.0806441173	0.0089027045	0.0883325158	0.0569426896	0.0568072565	0.0923670522	0.0712496582	0.0811431595	-0.0768575293	0.082767107	-0.027632602	0.0480892266	-0.0523005358	-0.0639399779	0.0160861896	0.0147781582	-0.096603591	0.0284252345	0.0865043245	-0.1164126082	-0.0361744765	0.0342556209	0.1095847543	-0.0521976419	0.0168894427	0.0289346584	-0.0029344867	0.0301395104	-0.0009446484	-0.0053706407	0.0027541525	0.0538830546	-0.0733750702	-0.0784564066	-0.046276859	0.0022899867	-0.1285447621	-0.0942859327	-0.0792939188	-0.0040343263	0.0213167059	0.0173489597	-0.0040969952	0.0040489146	0.0270307735	-0.0258385256	-0.0164175494	0.0400985414	-0.0727385387	0.0197392453	-0.0043600359	-0.0893599282	0.0382845268	0.0672568092	-0.0362305238	0.0005102581	0.0368820337	-0.0288611001	-0.0612463124	0.0721591615	0.0102334157	-0.0793936715	0.0458939156	0.0469489822	-0.0790844839	0.0194446086438659	0.0200726311334732	0.0003780928053131	0.0004029105206204	0.1105240649164187	2.6975632408693384e-05	0.0122155689256487	7.276847438489489e-10	-0.2817080680849742	-0.0144279004673393	0.0002081643118954	0.0793594356241684	0.0011938038956489	-9.00727913274999e-05	8.113107737527342e-09	1.42516774126649e-06	0.0014877582214012	-0.0003549821377484	2.213424525346862e-06	1.2601231812042412e-07	-0.0004068884331207	2.9564119139997933e-07	8.740371405239922e-14	1.6555819700741837e-07	0.0	0.0
1998.9494769803143	-1.1916804755326211	3995799.011519872	1.420102355765654	2642.177929469517	7.283822740826963	6981104.210975824	53.054073719788015	2074.40525189568	3.732068999474905	13.928339016841615	4303157.14909238	2286.64666811078	1599.3574618355174	1.195214	27.923153	0.0813962037222749	0.0441232909812434	-0.0918188917	0.0140345953	-0.0065796094	-0.1320458887	-0.0122067956	0.0653204169	0.0507525368	-0.0115611723	0.0721950633	-0.0280793508	0.0179051131	-0.0344118706	-0.1152690522	0.0246757455	-0.0183502039	-0.0122362744	-0.1160417781	0.0161546554	-0.1010240557	0.0294106783	-0.0968298168	-0.0466201473	-0.0060827788	0.0140018248	-0.0713700836	-0.0184817168	-0.0658770168	0.1291279756	0.0149448112	-0.0345430273	-0.0433869819	-0.1002488206	0.05099183	0.0035262761	-0.0431241548	-0.0388531462	-0.0142021544	0.0648579792	0.0070950713	0.0100198661	-0.0866128361	0.0595161422	-0.0153608143	0.0161275704	-0.0314161048	-0.1037570576	0.0532624959	-0.1292815029	-0.0552747726	0.0108467169	-0.0835281504	0.0476905582	-0.0074115406	-0.0569662877	0.0269203966	-0.0566462969	0.0267295435	-0.1476457014	0.0195096933	0.0223400056	-0.0317885973	0.0137204395	-0.0073841288	0.0677274694	0.0083257388	-0.040584773	-0.0533493212	-0.0107887483	0.0038585818	-0.0074074291	-0.0344254255	0.0733779578	-0.1199388472	-0.0788770989	0.0407358746	-0.0389222173	0.061434341	0.0062141463	-0.0393593849	0.0350372671	0.0233045508	-0.0429560982	0.0611106271	-0.0295539796	-0.0010870423	0.0353446431	0.0243722984	0.0065796193	0.0957447474	-0.0138247773	-0.0470749527	0.0224340123	-0.0296593388	-0.0601020755	0.0733236445	0.0068322673	-0.0782873035	0.0500436514	0.0419304676	-0.0805062393	0.0155398120162999	-0.0039047966275659	0.0002414857575019	1.5247436702650804e-05	0.1241870575811532	0.0136629926647345	0.0154224252706646	0.0001866773685565	-0.3013339380606936	-0.0196258699757194	0.0003851747723038	0.0908021422271659	0.0016860802320317	0.0004922763363827	2.423359913624716e-07	2.8428665488480715e-06	0.0014748393225707	-1.2918898830500049e-05	2.175151027400801e-06	1.6689794699269548e-10	-0.0007857440869925	-0.0003788556538718	1.4353160647062913e-07	6.173937702436775e-07	0.0	0.0
1994.428459783305	-4.521017197009314	3977744.881193606	20.439596495653955	2669.96503666469	27.78710719517312	7128713.29701188	772.1233262760418	2071.429032013196	-2.9762198824842017	8.857884788894275	4290818.234667125	2294.044843716383	1662.0653059617869	1.208168	28.225792	0.0532524536744038	0.0318903232751026	0.047047552	-0.1223136333	0.0530193709	-0.0615980811	-0.004489523	0.0012570228	-0.0979168654	0.0222478501	0.0525102667	-0.0423874169	-0.0237045691	-0.0957067753	-0.0456945214	0.0823554616	-0.0041778932	-0.0274101131	-0.0496924137	0.0761747352	0.0666076958	-0.0165692975	0.0114535765	-0.0280064834	0.1012608021	0.0068686206	-0.0235103838	0.0520861152	0.0640729406	-0.0276015071	0.0002979864	0.0927687063	0.0300036028	0.0466856306	0.0878014903	0.0072169868	0.0488220096	0.0368069214	0.0772824456	0.1108260838	-0.0860874146	0.0234946717	0.008663276	-0.0779411836	0.0384762935	0.0868948923	-0.0098420284	-0.0419832371	0.0520145077	-0.0019108641	-0.0554201058	-0.0661618998	-0.0211114533	0.0506107074	-0.0940235597	0.0746478647	0.0315288573	0.0079743915	0.0080212952	0.1044790941	-0.019130233	-0.0106612608	0.0719004312	0.0870579729	0.0159009666	0.050607368	0.0337223929	0.1552464064	0.0695702311	-0.0335536243	0.0109019256	-0.0263718293	-0.0128642672	-0.0081210459	0.0583256622	-0.0998138219	-0.0121581142	0.0014686496	0.0426783421	0.0053117679	0.0399057617	0.0107576999	0.141231438	0.0818225975	-0.0554167448	-0.0461416187	-0.080722596	-0.0232406453	-0.0044633459	-0.034919342	0.0647037753	0.0454132168	0.0210480139	-0.0167935238	-0.0304543249	-0.0589314758	0.0744157659	0.0034191328	-0.0769663555	0.0539958877	0.0366867426	-0.0813633012	0.0082344896657815	-0.0073053223505184	6.780682005586232e-05	5.336773464498369e-05	0.099248446971373	-0.0249386106097802	0.0098502542262294	0.0006219342991462	-0.2831236044686633	0.0182103335920302	0.000331616249533	0.0801589754073281	0.0016611037405457	-2.4976491486000023e-05	6.238251269502315e-10	2.759265636854916e-06	0.0014878341763655	1.2994853794800164e-05	2.213650536361206e-06	1.6886622514823218e-10	-0.0008037364841532	-1.799239716070004e-05	3.2372635558836677e-10	6.459923359589472e-07	0.0	0.0
1984.1155647320325	-10.312895051272562	3936714.574211912	106.35580433856212	2656.9806545802526	-12.984382084437584	7059546.198813708	168.5941781146637	2063.566075942096	-7.862956071099688	61.826078176043445	4258304.949779061	2288.727781049561	1642.6079961144158	1.015669	23.728527	0.0393992849408076	0.0157982645486976	0.069353756	-0.015304759	0.064943987	0.0012087876	0.0474439167	0.0207856344	-0.1344774187	-0.0425991617	-0.00018384	-0.071091508	-0.0376192977	-0.0698302743	0.0687329928	0.0783979636	0.0377275511	-0.0336717005	0.0380774919	0.0749537337	0.0423040041	0.0073375552	-0.0258030618	-0.091660032	-0.0836818421	0.1271597855	0.0978506322	0.0764566808	-0.0287703587	0.0029199816	-0.0400899028	-0.0433150909	0.019252502	0.004510275	0.0605317946	0.0266615381	0.016594773	-0.0091063098	0.0423802354	0.0156137237	0.0161875826	0.0410576608	-0.0276826444	-0.0883412648	0.0511055435	0.0419184188	-0.0203791077	-0.0379854814	-0.0389426901	0.0388541264	-0.1815589047	-0.0107171762	0.1027294754	-0.0469890587	0.0123505875	-0.0490674989	-0.0239435816	-0.00301012	0.0165357064	0.0539597198	0.0687493669	0.0096251281	0.0959586205	0.0724568064	0.0023028839	-0.0629494255	-0.0522767026	-0.0523352621	-0.0581400207	0.0561864967	-0.0064229588	-0.0190705617	-0.0111206539	-0.0782110646	0.0267507289	0.0099350068	-0.0809246041	-0.0533668609	0.0386932984	0.0932241012	-0.0706357325	-0.0110689138	0.1036957549	0.0009001345	0.0731879764	0.1013810451	-0.0938367984	0.0479057428	0.0770008538	0.0009081913	-0.0806111185	0.0456183467	-0.0596665464	-0.0306364656	-0.0312459714	-0.0577350269	0.0754344479	0.0	-0.0754344479	0.0577350269	0.0312459714	-0.0816496581	0.0102674682654821	0.0020329785997005	0.0001054209045826	4.13300198684061e-06	0.0910164808777125	-0.0082319660936605	0.008283999791363	6.776526576717617e-05	-0.2731670131849668	0.0099565912836965	9.913370999058164e-05	0.0746202170923958	0.001830067313954	0.0001689635734083	2.8548689138902005e-08	3.3491463736028086e-06	0.0013242189314204	-0.0001636152449451	1.753555778332186e-06	2.6769948378445074e-08	-0.0008547126450748	-5.097616092159993e-05	2.598568982304852e-09	7.30533705650761e-07	0.0	0.0
1982.010823081808	-2.1047416502244687	3928366.9028134258	4.429937414189619	2643.015407017299	-13.965247562953664	6985530.441730818	195.0281394945833	2065.0054490546217	1.4393731125255729	2.071794957061555	4264247.50462528	2285.527957148068	1626.5135035136009	1.047511	24.472427	0.0585492357142732	0.025458130192831	0.0415806263	0.0803803996	0.0736333439	0.0174905293	-0.0223199396	-0.0458499453	-0.0483762397	-0.0188473027	-0.0670680668	-0.0522667398	0.0003389198	0.0448613792	0.1298697062	0.0284548477	-0.0141032264	0.0093160961	0.0127082962	0.061805655	-0.0063393017	-0.031427785	-0.0188602994	-0.0101721495	-0.0756149825	-0.0598422552	0.0385739077	-0.0559268757	-0.0676960433	0.0211409706	-0.0561377245	0.0633535144	0.0794044337	-0.008943491	0.0171241576	-0.1260192494	0.0327375531	-0.0219051404	0.0495701082	0.0509147912	0.0362352781	0.0337431457	-0.0027535426	-0.0598663165	0.0092775207	-0.0750736105	-0.0448258062	-0.004780151	-0.0010520018	0.0573187129	-0.0231314877	0.0035983071	0.0264079913	0.0667862784	-0.041018732	-0.0449910183	-0.0553875143	-0.0296237679	-0.0054753193	0.042818351	0.0450406611	-0.0618419851	-0.0568065931	0.0129238297	-0.0045093281	0.0113222566	-0.004274302	0.0276722688	-0.0407725546	0.0057172247	0.0121978508	0.0261096726	-0.0217828572	-0.0246594802	-0.0178171908	0.0791878707	-0.0790394623	-0.0766291685	-0.0578343531	0.0435940444	-0.016073433	0.0101087967	0.1157765147	-0.0252647607	0.0640600558	0.0970673087	0.0653610874	0.1648643759	0.0343473235	0.0256966801	-0.0122015508	0.0112533124	-0.0335007211	-0.0034125696	-0.0320341914	-0.0565132535	0.0763786853	-0.0034191328	-0.0736957799	0.0612463124	0.0256373767	-0.0813633012	-0.0002525002855122	-0.0105199685509943	6.375639418374252e-08	0.0001106697383139	0.1086463039482481	0.0176298230705356	0.0118040193616151	0.0003108106614983	-0.2763052207473251	-0.0031382075623583	9.848346704443015e-06	0.076344575012228	0.0019630707818558	0.0001330034679018	1.7689922473905147e-08	3.853646894575943e-06	0.0015987980502867	0.0002745791188662	2.556155205600553e-06	7.539369251739365e-08	-0.0007170705012352	0.0001376421438395	1.8945359760761123e-08	5.14190103741701e-07	0.0	0.0
1975.0451190769727	-6.965704004835288	3900803.2223897735	48.521032282978375	2634.6696412222727	-8.345765795026182	6941484.118378299	69.651806705429	2055.20711741728	-9.798331637341562	96.00730287532858	4223876.295482646	2280.80132909568	1585.5398952296523	1.193327	27.879051	0.0856247476969022	0.0495852133388764	-0.0907414704	0.0163947514	0.1233152178	0.0306694832	0.0291415506	0.0677515198	-0.0400662724	-0.0965698899	-0.0884918277	-0.0247249595	-0.0015751665	0.0061991038	-0.0510811105	-0.0004284623	0.0449406248	0.0057277311	0.0870909759	0.0302333989	-0.1148821994	0.0607356093	0.0583206903	-0.051315459	-0.0655036852	-0.0507399048	0.0090401901	-0.0064176693	-0.020869961	-0.034486468	0.0514486438	0.0039354322	0.0213849654	-0.0024953333	-0.0072246843	-0.0488209373	0.1177651565	-0.0428286	-0.0107911187	-0.0265314967	-0.0828798397	0.1044448356	0.039678826	-0.0575691446	-0.0423497359	-0.0069973499	-0.0312065676	-0.0178957162	-0.114336128	-0.0410798588	-0.0379797444	0.0573652477	-0.0636056403	0.0877323664	-0.0465890761	0.0239594085	0.0149676766	-0.0812042387	-0.0073928355	0.0827931035	0.0538955965	-0.1087636915	-0.0244833658	0.0023917954	-0.0082335455	0.1011486728	0.0017933471	-0.0567927708	-0.0295041587	-0.0436910517	0.0459587045	-0.0937067776	-0.0561584434	0.0731036537	0.0003291153	0.0703159803	-0.0495915772	0.0166160728	0.051936826	0.0266296261	0.0041515143	0.0425335986	0.0143163151	0.0750864829	-0.0578640346	-0.0219602273	0.0535827807	0.0129576874	0.0470748197	-0.0273490303	0.1243389494	0.0432695795	-0.0471338487	-0.0296779661	-0.0328188985	-0.0552666915	0.0772475461	-0.0068322673	-0.0717551168	0.0645158866	0.0198910824	-0.0805062393	-0.0001057133346051	0.0001467869509071	1.1175309113329832e-08	2.1546408956603393e-08	0.1013899105107043	-0.0072563934375438	0.0102799139533686	5.265524572042882e-05	-0.2396320237157638	0.0366731970315613	0.0013449233805157	0.0574235067901123	0.0014309414575731	-0.0005321293242827	2.831616177615629e-07	2.0475934550014283e-06	0.0013780440364348	-0.0002207540138518	1.8990053663535163e-06	4.873233463172485e-08	-0.000638986433832	7.808406740320007e-05	6.097121582227491e-09	4.083036626213369e-07	0.0	0.0
1979.990256482356	4.945137405383321	3920361.415765066	24.45438395812128	2625.191643851144	-9.477997371128822	6891631.166945871	89.83243416712486	2060.997272395286	5.79015497800583	33.525894669325695	4247709.756820809	2282.503962978028	1575.1258186467207	1.216502	28.420483	0.052901583053162	0.0355323705820839	0.0201806214	-0.0493645042	-0.002217646	0.1297443019	-0.1027760319	-0.0416837047	-0.0085713933	-0.0838566336	-0.0622242325	0.0926475254	-0.0463655278	0.0406421557	0.0688833068	0.0328681208	-0.0539312716	0.0065109722	0.0313877588	0.0719096328	0.0286217241	0.0150206439	0.0389203371	0.1180032975	0.0141166301	0.0565292674	0.009520533	0.0659943453	0.0645320485	-0.0349717336	-0.0490079666	0.0286233463	-0.0119010368	-0.0327356383	-0.0228444999	-0.0395528361	-0.0086139202	0.0653025722	0.0237496186	-0.0532021833	0.0509154832	-0.0761808363	0.0648241335	-0.0483635876	-0.0526467823	0.0306227098	0.0716526113	0.0984520343	0.0038659539	0.0492793972	-0.0103020277	-0.1204425136	0.0425542767	0.0166235607	-0.0307367997	0.0992019686	-0.0351531993	-0.074242972	-0.0382797985	-0.0280646994	-0.0429880646	0.0304397069	-0.0239291393	0.004393761	0.0041173081	-0.0072753009	0.0002066344	0.024616927	-0.0074263533	-0.117211033	0.0197727107	-0.0339620344	0.030126731	-0.020830134	0.1020604666	0.0368408552	-0.0439824011	-0.0793711052	-0.0254676721	-0.067514637	0.0099270359	-0.0568619741	-0.0303995861	0.1109798815	-0.0775954324	-0.0076965705	-0.0077756756	0.0999804022	0.0306738012	0.0238124874	-0.0089805547	-0.0229394504	-0.0603428941	0.0424908002	-0.0336000067	-0.0539958877	0.0780401729	-0.0102334157	-0.0696177779	0.0675308461	0.0140379523	-0.0790844839	0.0001616772860728	0.0002673906206778	2.613954483186601e-08	7.14977440265126e-08	0.1143169007983146	0.0129269902876102	0.0130683538081317	0.0001671070778959	-0.2734594507512327	-0.0338274270354688	0.0011442948198399	0.0747800712051658	0.0013774150892077	-5.352636836540017e-05	2.865072110388512e-09	1.897272327977056e-06	0.0013960879690155	1.804393258070009e-05	1.949061617229824e-06	3.2558350297685005e-10	-0.00059296123259	4.6025201241999946e-05	2.118319149366593e-09	3.516030233546521e-07	0.0	0.0
1982.2361757666013	2.2459192842452467	3929260.2565178	5.044153431344681	2640.034781864711	14.843138013567112	6969783.649455452	220.31874608980107	2056.066538578322	-4.930733816964221	24.312135973754557	4227409.611061442	2270.5550129507988	1567.9592579556595	1.165083	27.219213	0.0693152814395221	0.0482569785255567	0.0311807616	0.0797671518	-0.0546359828	0.0458220018	0.0880993936	0.0817485327	0.0977533548	0.0751396131	-0.0092721513	0.0342595169	-0.0645400937	0.0399792775	-0.0087889106	0.0733234782	0.0499484048	0.0808611742	0.062204669	-0.0719798542	0.0367106702	0.0737316793	0.0270364548	0.0194039264	-0.0495885752	-0.0002581678	-0.0690050581	0.0217152801	0.0113575105	0.0973193238	0.0443813036	-0.0759716641	-0.0266623462	0.0431025662	0.1709701928	-0.0100672382	0.0637982857	-0.0513837794	0.0486464267	0.0701363171	-0.0296515302	-0.0214311656	-0.0109794642	0.0839296148	0.0497532438	-0.0584401018	0.059088342	0.0308361216	-0.0931287388	0.0337209448	0.0352111961	0.0074575549	-0.082112174	-0.0412472234	-0.0012685247	-0.0481316212	-0.0173419269	-0.1410847612	0.0158832666	-0.1593973859	-0.0373622876	0.0290273734	0.0587686804	0.0110843821	0.0437118899	-0.0408789179	0.0188652721	0.1329588241	-0.0423380351	0.0439240912	-0.0489198488	0.0493832647	-0.0754309337	-0.0428565848	-0.0110242197	0.1081304093	-0.062403571	0.0645052203	-0.0169018484	0.0751149719	-0.0424720833	0.0042982362	-0.0686133327	0.0923099111	-0.0015692738	-0.0852387036	0.0137155904	0.0846141359	0.0108956914	-0.018865027	0.028984949	0.0195369424	-0.0088567444	-0.0022257427	-0.0343774302	-0.0527013995	0.0787557834	-0.0136166111	-0.0672896215	0.0702792922	0.0081094236	-0.0771080077	0.009011627678916	0.0088499503928432	8.120943342340496e-05	7.83216219557855e-05	0.114334445380507	1.7544582192399738e-05	0.0130723654004681	3.0781236430587003e-10	-0.2299051800838611	0.0435542706673715	0.0018969744933666	0.0528563918293926	0.0011629752253548	-0.0002144398638528	4.5984455209250245e-08	1.352511374789048e-06	0.001466126320951	7.003835193549997e-05	2.149526388985315e-06	4.9053707418409525e-09	-0.0006463533327439	-5.339210015390002e-05	2.85071635884409e-09	4.177726307491468e-07	0.0	0.0
1985.872473306409	3.6362975398076287	3943689.4802361135	13.222659798011014	2644.981743403844	4.946961539133099	6995928.422939639	24.47242846966212	2065.8814307461266	9.814892167804828	96.33210826563656	4267866.085901664	2280.614186587309	1550.3508230211755	1.072035	25.04538	0.0461611910864861	0.0208831311818685	-0.0772779137	0.042670622	-0.0369349689	-0.0021227977	-0.0683572519	0.0965952207	0.1003244402	-0.0253802346	-0.0400272094	-0.0511709191	0.0716758421	-0.054168316	-0.0239306362	0.1585747983	0.1004519936	0.0371532381	-0.05348191	0.0006398309	-0.1016192038	0.1764153217	-0.0032825684	0.008772058	0.0086105195	0.0287946879	0.0579552025	-0.0435889114	-0.0584220248	0.0391069278	-0.0184544826	-0.0813094477	-0.0419767972	-0.0057625464	0.0693660469	0.064621113	-0.1234669234	0.0023781999	-0.0617738075	-0.077422995	-0.0630952116	0.0301188474	-0.066491731	0.0685004058	-0.079825257	-0.0241491894	0.0194571214	-0.0964714863	-0.0687989008	-0.0056220899	-0.0945622629	0.0164818544	-0.0019187191	-0.0607117232	0.0416690932	0.0536396283	0.0502163821	-0.0654780344	-0.0296104875	-0.054671769	0.0436005308	0.0815458716	-0.0287694753	-0.0237222237	-0.010418881	-0.0258174439	-0.1088993732	-0.0258785631	0.0708647589	0.0332677406	-0.009831603	-0.0681776289	-0.0870431594	0.0435801342	-0.051132577	0.0048750005	-0.0488900722	-0.07235848	0.0464607244	-0.0221138552	0.0321478047	0.0634373628	-0.0852272319	0.0739135581	-0.0049442869	-0.0315314873	0.0382409239	0.032967904	0.0254256116	-0.0684976341	0.101111873	-0.0008242177	-0.0512336409	0.0177246484	-0.0351510839	-0.0513837948	0.0793936715	-0.0169759185	-0.064777029	0.0727503781	0.0021373389	-0.0745906743	-0.0056032566325825	-0.0146148843114984	3.139648489057978e-05	0.0002135948434384	0.1094639139866586	-0.0048705313938483	0.0119823484652785	2.37220760584628e-05	-0.2269147879040218	0.0029903921798392	8.942445389243985e-06	0.0514903209695272	0.0013774299330872	0.0002144547077324	4.599082166858912e-08	1.8973132205646084e-06	0.0016111355784045	0.0001450092574534	2.5957578520008028e-06	2.1027684747215415e-08	-0.0005321096339038	0.0001142436988401	1.3051622724667473e-08	2.831406624932361e-07	0.0	0.0
1997.5171429220925	11.644669615683595	3990074.7362676393	135.59833045842475	2637.674810682024	-7.306932721819976	6957328.406906452	53.39126580120348	2071.7394383534665	5.858007607339914	34.3162531276523	4292104.300429137	2285.485722500773	1574.8799669523107	0.998108	23.318268	0.0569871557388599	0.0317113625162353	-0.0592605151	-0.0704616309	-0.075765951	0.0109236904	-0.0249402864	-0.0063732	0.0479710524	-0.0377475661	0.0649873854	0.0208990556	0.0903335223	0.0116894507	-0.0218043394	0.1034736441	-0.0019790444	0.037078963	-0.1403809904	0.0520546637	0.0225867872	0.0552794454	0.1628217126	0.0649569208	-0.0396728422	-0.0698779179	-0.0393235744	-0.1271892008	0.0171617656	0.0127594138	-0.1008126805	-0.0313860547	-0.0496405968	0.0163092598	-0.0277198581	0.0529325529	-0.0685353462	0.0769711352	-0.0136423839	0.0085791307	-0.0173881305	-0.0746136293	0.0591103099	0.0683640701	-0.0777839945	0.0729151842	0.0663006247	0.014828665	0.1364070908	0.0313222647	-0.0717973698	-0.0180393107	-0.0078560577	-0.0521760596	0.0157857284	0.0557403957	-0.0312608598	0.0645265282	-0.0814403071	-0.0292279064	0.0396210527	-0.0413787745	-0.050683679	-0.0337091145	-0.0212476595	-0.0487342796	-0.0727365935	0.119039053	-0.0329954833	-0.0769649706	-0.0099156375	-0.0654266845	0.0213917159	0.0132003152	0.0341771791	-0.1009622885	-0.0853877156	-0.0161721931	-0.031648719	0.0065753827	0.0210555548	0.0033991742	-0.064073723	0.1230440044	-0.0049570816	-0.0821321454	-0.0417807275	0.0597106857	0.0261977693	-0.0589333034	0.0100151307	0.0728728625	0.0082116369	0.0092353411	-0.0359208828	-0.0500436514	0.0799532077	-0.0203054443	-0.0620868871	0.0749343514	-0.0038462256	-0.0715501408	-0.0068368308678401	-0.0012335742352575	4.674225631545121e-05	1.5217053938913708e-06	0.1013299110540941	-0.0081340029325645	0.0102677508742306	6.616200370696787e-05	-0.2541209368483947	-0.0272061489443729	0.0007401745403834	0.0645774505447058	0.0012279280555328	-0.0001495018775544	2.2350811392290824e-08	1.5078073095645633e-06	0.001421132185265	-0.0001900033931394	2.0196166879960745e-06	3.6101289404523364e-08	-0.0006008729557432	-6.876332183939997e-05	4.728394430388901e-09	3.610483089435696e-07	0.0	0.0
2002.4633641417904	4.946221219697918	4009859.524730057	24.46510435418996	2647.5478150503977	9.873004368373586	7009509.432978135	97.47621525792393	2063.7650351644565	-7.9744031890099905	63.59110622089271	4259126.120367351	2273.003379624805	1633.7904154030705	1.032915	24.131449	0.0477149145053275	0.0208961577021711	0.0682053585	-0.0462489847	-0.1060916076	-0.0354082136	0.0295339015	0.0712745278	0.0439177957	0.1395194997	0.0736709993	0.0839558816	-0.0470574571	-0.0120688909	-0.0556410946	-0.0050236232	-0.0104410503	-0.023028378	-0.0517940784	-0.0030952543	0.0960149487	-0.0453046956	0.0613654201	-0.1278716413	-0.0297445826	0.0125263284	0.0752518705	-0.0830517732	0.0412417172	0.0252032082	0.0058543765	0.0671079276	0.0202872633	0.0939244816	0.0019373622	-0.0329945981	0.0380812742	-0.1204947484	-0.0480376221	-0.0341340165	-0.0276170872	-0.0347835258	0.0862756436	0.0790756904	0.0859337105	-0.0055053871	0.085736395	0.0437563937	0.069925266	-0.1387700534	-0.0302822723	-0.0166072878	0.0177296121	-0.0213239364	-0.0115856942	-0.1182838979	0.0118620633	0.0438793221	-0.0036292825	0.0992339456	-0.0503356963	0.0403920164	-0.0543317868	-0.0682764823	0.072452733	0.0631708023	0.0504745691	0.0918386923	0.0118046928	-0.0085497962	-0.0741311531	0.0357257367	0.0499907382	-0.0833377559	-0.0034219939	-0.077771846	-0.0598493838	-0.0139490009	0.0392601883	0.083956118	0.0150892078	0.0038376345	-0.0472534335	0.0967166675	-0.0187876684	-0.0337813294	-0.0172073652	-0.0299135869	0.0064828124	-0.1075801352	-0.0066196125	0.0223791379	0.0137769174	0.0345168006	-0.0366867426	-0.0486815572	0.0804338397	-0.0235993474	-0.0592265694	0.0768225931	-0.0098091318	-0.0680077345	0.0011070368041004	0.0079438676719405	1.2255304856328275e-06	6.310503358930138e-05	0.0983582459569021	-0.002971665097192	0.0096743445477184	8.830793449869155e-06	-0.2680081058998098	-0.013887169051415	0.0001928534642625	0.0718283448280036	0.0010179485642273	-0.0002099794913055	4.409138676891658e-08	1.0362192794124217e-06	0.0012741439688295	-0.0001469882164354	1.62344285330459e-06	2.1605535770889383e-08	-0.0007021495016978	-0.0001012765459545	1.02569387604942e-08	4.930139227344688e-07	0.0	0.0
1999.8878389948227	-2.5755251469677205	3999551.368559382	6.633329782663099	2662.636854444231	15.089039393833446	7089635.01864467	227.6791098286576	2067.362636021205	3.5976008567486133	12.942731924478355	4273988.268816546	2279.426158281284	1593.900536487863	1.088605	25.432493	0.0639937362699916	0.0359262690292458	-0.0046253394	0.0947918789	-0.0893127798	-0.0597492661	-0.0377942637	-0.0059806522	0.0994347469	0.0994636306	0.0634280318	-0.0852588052	0.0355633511	-0.042094027	0.0539871061	0.0892123933	-0.0278902605	-0.0702124311	-0.0539441444	-0.0507286431	0.0020793433	0.0756688879	-0.0912381052	0.0417599167	-0.0459902056	-0.0557509343	0.0283620917	-0.0130186334	0.0341647342	0.0571853138	0.0587044483	-0.0687576529	-0.0417271861	0.1269352219	0.0548131003	-0.0368255594	0.0365022323	-0.0181394585	-0.0356010296	0.0633600325	0.0696977876	0.0120756087	-0.0182504711	0.1203129038	0.0214226002	-0.0569626932	-0.0154672066	-0.0628194306	0.0222761997	0.0585440184	-0.0544229828	-0.0476390532	0.0724567439	0.0134419135	0.0004108035	-0.0932789622	0.0706776049	0.0026902744	0.079989287	-0.0026336776	0.0367308699	0.0263682685	0.0206576651	-0.0134605913	0.1219850568	-0.009039484	-0.1231556866	0.1112361739	0.0384188945	0.0337667547	-0.0505923439	0.0812665139	-0.0467467708	0.0310704342	-0.1117437666	-0.0218855682	-0.0677792058	-0.0365880856	-0.0234771948	0.0114799516	0.006371702	-0.0661417545	-0.0374272342	0.1191698079	-0.0644876684	0.0408699538	-0.0314277393	0.0195324075	-0.0449454581	-0.0226324288	-0.036435526	0.0766054923	-0.012437828	-0.0192622045	-0.0374485793	-0.0472981097	0.0808350932	-0.0268518493	-0.0562039158	0.0784076511	-0.0157193527	-0.0639883028	-0.0098165842739348	-0.0109236210780352	9.636532680726402e-05	0.0001193254974564	0.0983858448725953	2.759891569320549e-05	0.0096797744712943	7.617001474406644e-10	-0.2584017572239716	0.0096063486758382	9.228193488177844e-05	0.0667714681364363	0.0011039509423074	8.600237808010017e-05	7.396409035432492e-09	1.2187076830213966e-06	0.0018427331567369	0.0005685891879073	3.3956654869375404e-06	3.2329366460519655e-07	-0.0004880177156768	0.0002141317860209	4.585242178454332e-08	2.38161290814402e-07	0.0	0.0
2000.6414112520088	0.7535722571860788	4002566.056416429	0.5678711468005216	2639.824594770159	-22.812259674072266	6968673.891153433	520.3991914373037	2070.176968101694	2.814332080488839	7.920465059268637	4285632.679258722	2278.593081764838	1593.1654537244222	1.107599	25.876253	0.0138047297893097	0.0077914777135366	-0.0748905132	-0.0450313203	-0.0791520182	-0.0730651404	0.0349228597	-0.041684686	0.0667045751	0.012097847	0.0772533663	0.0406957863	0.1077368711	0.023740656	-0.0135711552	0.070519353	0.0184093265	-0.0882440893	-0.1080181222	0.0426904433	-0.0799822455	0.0733995221	-0.041160462	-0.0256654974	-0.0861299187	0.0680452513	-0.0530521748	0.0256185442	0.0729483624	-0.0333271836	-0.1733634336	-0.0365651458	-0.0807991131	-0.0073391907	0.0337831743	-0.0064907626	0.0144284109	0.0299212597	0.0541471005	0.0455301634	0.081601801	-0.03107222	-0.0664248389	0.1167834013	-0.0595418355	0.0620211365	0.080494913	-0.0380446218	0.0416116878	0.0529238825	-0.1087784141	0.0779102026	0.0159020365	0.0443141436	-0.0509679493	-0.0397452311	0.0347231976	0.1396415262	0.0095146349	0.0143503031	0.0107909274	-0.0112248231	0.0269372387	-0.0386278417	0.0084003591	0.0364435063	0.0417248797	0.0093790145	-0.0576344496	-0.0287478623	-0.0338526542	-0.0249770299	-0.0467918013	0.0435411947	-0.0218469465	-0.1326725336	-0.0765632096	0.06601624	-0.0642780312	0.0268097475	0.0668589156	0.0468279967	-0.0278428018	0.065366519	-0.015847618	0.0002447808	-0.0219854394	0.0123262823	-0.0351815133	-0.0964693903	-0.0408935565	-0.0049842128	-0.0393236949	-0.037284057	-0.0382063093	-0.0458939156	0.0811565722	-0.0300572439	-0.0530272111	0.0796832699	-0.0215451443	-0.0595200392	-0.0116007365282797	-0.0017841522543449	0.0001345770879985	3.183199266683989e-06	0.0984542741148288	6.8429242233492e-05	0.0096932440914778	4.682561192649926e-09	-0.2524073968954852	0.0059943603284863	3.593235574773136e-05	0.0637094940075549	0.0010478922538907	-5.605868841670005e-05	3.1425765470006603e-09	1.0980781757641311e-06	0.0018427789528896	4.579615269992288e-08	3.39583426921289e-06	2.097287602114653e-15	-0.0004249664409613	6.305127471549997e-05	3.975463243249446e-09	1.8059647594331408e-07	0.0	0.0
1999.2055409194627	-1.4358703325460738	3996822.7948430814	2.0617236118859723	2639.3652692522323	-0.4593255179265725	6966249.024534909	0.210979931418514	2063.7329419560792	-6.444026145614771	41.52547296536676	4258993.6557146935	2274.4091049955964	1634.8164671865418	1.091074	25.490171	0.0371155315877819	0.0247124069041482	0.0671622594	0.0085479934	-0.0674826017	-0.0933597738	0.0884851242	0.0328115297	-0.0031473659	0.134164287	0.0205549045	0.0899380629	0.0660648947	0.0836092908	-0.0554437458	0.0410378223	0.0418041745	-0.0681915079	0.016574408	-0.0268797775	0.1722631096	0.0748652368	-0.031496144	-0.0208144493	-0.0467874226	0.0472346258	-0.0108384429	0.0418144448	-0.1689000943	-0.0320720261	-0.1114896696	-0.080838778	-0.0165335437	-0.0305876278	-0.0209953777	0.024949993	0.0242391493	-0.0054161304	0.0320759555	0.0203394822	0.0221880573	-0.0167402816	0.0354386348	0.0325002647	0.0807547045	-0.0688257253	0.1343442912	-0.020432094	0.0714368839	-0.0050918362	-0.0638076167	0.0498973985	-0.0442830581	-0.0149570944	0.0025380688	0.0597388289	-0.0897941205	0.0203461481	0.0955182224	0.044810303	0.0227823729	-0.0072946324	0.0586153399	-0.0780928305	-0.0371199264	-0.0302501117	0.0565361174	-0.0679996428	-0.1082706865	0.0274804443	-0.0351256124	-0.0198603352	-0.0542017205	-0.1183856946	-0.0857304359	-0.1027292428	-0.0507632645	0.0207039357	-0.0277305554	0.0533334485	0.027955179	-0.0156905996	-0.0354335409	0.0231934853	-0.0214037614	-0.0242995229	0.0744391628	-0.032561589	0.0329469899	-0.0041610278	0.0803960777	-0.0233390936	0.091830836	-0.0144923766	-0.0389598496	-0.044469591	0.0813979594	-0.0332099078	-0.0497051625	0.0806444153	-0.0272552159	-0.0546342852	-0.0133148851480342	-0.0017141486197544	0.0001772861665053	2.938305490606257e-06	0.0984430780580396	-1.1196056789189446e-05	0.0096910396175412	1.2535168762675507e-10	-0.2480089939766969	0.0043984029187882	1.934594823600536e-05	0.0615084610933332	0.0010698822926301	2.199003873939987e-05	4.83561803760307e-10	1.1446481200834388e-06	0.0013757030651999	-0.0004670758876896	1.8925589236004003e-06	2.1815988486112121e-07	-0.0005557361943812	-0.0001307697534198	1.7100728409501438e-08	3.088427177452989e-07	0.0	0.0
1998.967845019388	-0.237695900074641	3995872.445421456	0.0564993409122937	2650.964720589774	11.599451337541725	7027613.949811619	134.54727133199847	2067.479756844144	3.746814888064818	14.03862180542418	4274472.544960321	2284.64091410284	1609.6299026676866	1.246237	29.115168	0.0480515493660581	0.02398517265093	-0.1171471492	0.0057005936	-0.0132760264	-0.1004009059	0.0635955521	0.0309481513	0.0138892572	-0.0441065723	0.0256027401	-0.0935112102	0.025773614	-0.0115385769	-0.1125769684	-0.0149898427	-0.0387725929	-0.0417641732	-0.077911462	0.0516395147	-0.0747629634	-0.0536622822	0.0279028642	-0.018388489	0.0346024751	-0.0281660581	-0.0073936088	-0.0251460107	0.0155300279	-0.0157735225	-0.024873934	0.0920712331	-0.0846848374	-0.0054040102	0.0965336841	-0.071608744	-0.0171958551	-0.0880590199	0.0145206253	0.0056221186	-0.046754656	0.0683776826	0.023533148	0.0390795817	-0.0252547134	0.013599743	-0.0770413806	-0.0368857979	0.0631309633	-0.0937896096	-0.0836232702	0.0520491877	-0.0535208898	0.0454372313	-0.0165203097	-0.0228741425	-0.0231123822	-0.0094211078	0.0231446126	0.0034697072	-0.0178702404	0.0486751007	-0.0127467504	0.029240844	0.0773711542	0.0533796112	0.0071949603	-0.0191166857	0.00334021	-0.0093014091	-0.0228862057	-0.0680994607	0.0698756647	0.0763501441	-0.0900356987	-0.1028708694	-0.051693328	-0.0298644809	0.0433045259	0.0881032353	-0.0033875591	0.0556365311	0.0414489216	0.0176289505	-0.0107839993	-0.099741631	0.0499301961	0.0477129736	-0.0691620051	-0.0187982718	0.0342721981	0.0071605619	0.1222762724	-0.1091748415	-0.0397091175	-0.0430257605	0.0815590168	-0.0363043104	-0.0462468756	0.081287294	-0.0328188985	-0.049365311	-0.0307577476262537	-0.0174428624782195	0.0009460390390403	0.000304253451434	0.0982497611179553	-0.0001933169400843	0.0096530155597352	3.737143932355722e-08	-0.2558137573041463	-0.0078047633274493	6.091433059749893e-05	0.0654406784260646	0.0008018157285275	-0.0002680665641025	7.18596827897733e-08	6.429084625140856e-07	0.0012382965132438	-0.0001374065519561	1.5333782547117524e-06	1.888056052046442e-08	-0.0005089971780338	4.673901634739996e-05	2.18453564912252e-09	2.590781272463719e-07	0.0	0.0
1998.456270069741	-0.5115749496469562	3993827.463381062	0.2617089291062857	2661.4732551574707	10.508534567696644	7083439.887918503	110.42929876047526	2064.497744263721	-2.9820125804230884	8.892399029801567	4262150.936069992	2283.6903340902672	1655.1372692167083	1.258645	29.405043	0.0335345580551424	0.0218258820651097	0.0711517627	-0.0767176881	-0.0549129594	-0.0457194411	-0.0784274056	-0.0374870195	-0.1178976497	-0.0161398232	0.0681447098	-0.0738493657	-0.0547843187	-0.0214250235	-0.0091972359	0.0735375344	0.0122521113	-0.1241928368	-0.0259959767	0.0061815613	0.0483521523	-0.0527511433	0.0005543994	-0.0275071916	-0.1112020565	0.0759511667	-0.0218097536	0.0424129226	0.0495548889	-0.0446899404	0.0093824546	0.1262197978	-0.0376771844	0.0188437606	-0.0479602692	0.001444957	0.009715468	-0.0452743893	0.0297699318	0.0534908133	-0.0480769943	0.075088954	-0.0167208775	-0.0418598028	0.117108485	0.0562266844	-0.0535461991	0.0063092583	0.0272009557	-0.0124533799	-0.1259512128	-0.0491130537	0.0681221092	-0.0118404205	-0.0607308094	0.1307800077	-0.0262166126	-0.0483434429	0.0046495055	0.0286029369	-0.0594586405	0.0386064764	0.0065376011	0.0019861944	0.0210400971	0.0235042585	-0.0849321039	-0.0710959085	0.0455405369	0.0533498553	-0.0674156597	0.0587918862	0.0566015391	-0.0229209053	0.0492151837	-0.0864976402	-0.0363320518	-0.1012564844	0.0018651381	-0.0195669414	-0.0191913758	-0.0208717293	0.0640052133	0.0800341566	-0.1050663503	0.0063774345	0.0751298451	0.0392870333	-0.0041014848	-0.0348124629	0.0429405821	-0.0272283604	0.0656321579	-0.0388360474	-0.0404540309	-0.0415630576	0.0816395852	-0.0393350228	-0.0426618292	0.0816093689	-0.0382063093	-0.0437500746	-0.017047213082705	0.0137105345435486	0.0002906074738871	0.0001879787574698	0.0983184875511824	6.872643322709815e-05	0.009666524994352	4.723322624118781e-09	-0.2541755542642647	0.0016382030398816	2.6837091998773244e-06	0.0646052123855461	0.0007838761999111	-1.793952861640002e-05	3.2182668697863524e-10	6.144618967870669e-07	0.0015568125422766	0.0003185160290328	2.4236652917897305e-06	1.0145246075082353e-07	-0.0004831108549133	2.5886323120500004e-05	6.701017246989331e-10	2.333960981350596e-07	0.0	0.0
1993.151619440516	-5.30465062922508	3972653.378078352	28.139318298138036	2649.7195499965123	-11.75370516095836	7021013.69363372	138.14958501073923	2063.422997226234	-1.074747037486759	1.1550811945865649	4257714.465482095	2278.920972183937	1628.4445418060802	1.06647	24.915356	0.054000869209988	0.0365967673770245	0.0085372076	0.0506787784	-0.0142442392	-0.0448121885	0.0569702744	-0.0784865527	-0.0456730669	0.0456604854	0.0276240366	-0.0744662757	0.0164646512	0.120766532	0.0778104831	0.0019762042	0.0982182964	-0.0248595169	-0.0128672376	-0.1040237206	0.027565703	0.0223010383	-0.1153428107	0.055710214	-0.0434406249	-0.0650139494	-0.0902320847	-0.0516238113	-0.0415225414	0.0369283721	0.090957061	0.0068448996	-0.025694711	-0.0554153733	0.0332221211	-0.0223770505	0.0450373578	0.0447007697	0.040575125	-0.0376649285	-0.0633495193	-0.062358538	0.0543288062	0.0317353871	0.0972912467	-0.0005328491	-0.0305626278	-0.0188194497	0.0119284961	0.0911182321	-0.028959308	0.1256171651	-0.0709375526	0.0301736939	-0.0564415032	0.0192090814	0.019122073	-0.0561397781	0.0465844271	-0.0832013151	0.0112389267	-0.1093713423	-0.0698848911	-0.121508487	-0.0454328613	-0.0804644707	0.0202596221	-0.0754904617	0.0042924307	0.0457011403	-0.0735216418	0.0480422988	-0.0420735668	0.0349873765	-0.0608848833	0.0182411835	-0.032897488	0.0214051042	-0.0808679066	0.0377274165	0.0081408955	-0.0788600524	0.0782858896	0.001169623	-0.0166582914	0.0099001198	0.0987773496	-0.0069726967	-0.0203733453	0.0303593383	-0.0361478025	0.0515793	0.0226434865	0.0260421817	-0.041194508	-0.0400821236	0.0816395852	-0.0422967282	-0.0389598496	0.0816093689	-0.0433885123	-0.0378279629	-0.0167567469231499	0.0002904661595551	0.0002807885674464	8.437058984668963e-08	0.0983264904705123	8.00291932989694e-06	0.0096680987282477	6.404671780083809e-11	-0.2201837206281567	0.033991833636108	0.0011554447539448	0.0484808708296581	0.0005773271139425	-0.0002065490859686	4.2662524914464145e-08	3.333065964931763e-07	0.0013768634951361	-0.0001799490471405	1.8957530842383968e-06	3.238165956677391e-08	-0.0004753976581225	7.71319679080003e-06	5.949340473360789e-11	2.2600293334835737e-07	0.0	0.0
1993.4550250430489	0.3034056025328482	3973862.9368693824	0.0920549596483206	2631.447056906564	-18.27249308994851	6924513.613302217	333.8840037222161	2060.355432846967	-3.067564379267424	9.409951220950337	4245064.509662012	2279.446272674403	1626.695730442658	0.997153	23.29594	0.0989404845311174	0.0597504989816094	-0.0222317273	-0.022026981	0.0278382846	-0.043690038	0.0329513465	-0.0761421952	-0.0088767494	-0.0983284898	0.0459597726	0.0197898612	0.101793177	0.0536834575	0.0578879318	0.0045767027	-0.0119387722	-0.0615484535	0.0111852141	-0.0455027989	-0.0876792113	0.0947757197	-0.0157128306	-0.058124405	-0.0093258261	0.0420802681	-0.0370012145	-0.1069187945	0.0303533008	-0.0940206501	-0.0098243765	-0.0245428154	0.0749639353	-0.0170100203	-0.0150424161	0.0221933877	-0.0504335314	0.0366135074	-0.0110117722	-0.0412753249	-0.0377510431	-0.0405337381	-0.0821702523	0.0349735042	-0.0377635308	0.05517615	0.0239769022	-0.0489451129	-0.0093718592	0.0301816816	-0.0095883175	0.0757865172	0.0237112891	0.1157469187	-0.0903252827	0.010531576	-0.0244533945	0.0270927761	-0.0624141198	0.0484126623	0.0093571237	-0.0810438968	-0.0710496379	-0.0752711059	-0.0659620999	-0.0302280052	0.000513778	-0.0983729993	-0.0115487173	0.0479512692	-0.0217398396	-0.0204947102	-0.0670234602	0.0116995977	0.0102258912	-0.0502207849	-0.0365847026	0.0832753748	-0.0637390703	0.0309004805	-0.0358986388	0.0864273242	0.0397699747	-0.0496091863	0.0391889817	0.0302471428	0.0663663138	-0.0352425353	-0.0189219402	-0.0439498918	-0.0672072351	-0.0487310131	0.0171724839	0.0720911745	-0.0419304676	-0.0385836084	0.0815590168	-0.0451842308	-0.0351510839	0.081287294	-0.0483376736	-0.0316405151	0.0001135738919799	0.0168703208151297	1.2899028939461992e-08	0.0002846077244054	0.1129133233455377	0.0145868328750254	0.0127494185889339	0.0002127756933239	-0.2340685138628089	-0.0138847932346522	0.000192787483169	0.0547880691819439	0.0015648607835958	0.0009875336696533	9.752227486989129e-07	2.448789272036061e-06	0.001349084914852	-2.7778580284099852e-05	1.8200301074812284e-06	7.716495226001811e-10	-0.0005320561603113	-5.66585021888e-05	3.210185870278254e-09	2.8308375772520376e-07	0.0	0.0
1992.278716503064	-1.1763085399848023	3969174.484231096	1.3837017812411774	2643.156150817871	11.709093911307264	6986274.437606345	137.10288022381283	2060.140568580948	-0.2148642660185942	0.0461666528117092	4244179.162313033	2275.0797909130943	1623.7614135261142	0.971522	22.697157	0.0524994378605934	0.0263871707839787	0.0333057561	0.0027345472	0.005006856	-0.0172372711	0.0605501217	-0.0546815619	-0.0464602431	0.0704359133	-0.0377208409	0.0519535808	0.0710913513	0.1030947676	0.0404041341	0.0401978558	0.0034918793	0.0093543845	0.0172484074	0.0803083392	0.0793655482	-0.0063716728	0.042100061	-0.040256747	0.0159707369	-0.0519421027	-0.052723154	0.0698445097	-0.0422306291	-0.069143124	-0.0512227139	-0.0268424739	0.0045032633	-0.0416477776	0.0530549799	-0.0500884657	0.0173257327	0.0138340936	0.0159932595	0.0846688425	0.1248085244	0.0054672833	-0.0287903504	-0.0351764907	0.0352662036	-0.0386659132	0.1308450148	0.0023437813	0.0401421661	0.0594206739	-0.0340192738	0.0473204963	-0.0284728427	0.0624291306	0.0431702617	0.0703087999	-0.0581936647	-0.0329040321	-0.0556954247	0.0175992916	0.0384214935	-0.0869468614	0.0204206807	0.0375626784	0.0552788078	-0.0300826348	0.0611644245	0.0198028065	-0.0731738568	-0.0211493972	0.0191906176	-0.0335550495	-0.0516799351	-0.0476560371	-0.0413029355	-0.0266462173	-0.0092370075	0.0388758333	-0.0695650421	0.0016810991	0.0941781294	-0.1040805069	-0.0147420062	-0.0050082	-0.0188835765	-0.0098798218	0.0864864997	-0.050464992	-0.0397924619	0.0133413196	-0.0025302068	-0.0660886692	-0.0070456445	0.0883771539	-0.0426618292	-0.0370681691	0.0813979594	-0.0479924649	-0.0312459714	0.0806444153	-0.0530272111	-0.0252311319	0.0075514905546043	0.0074379166626244	5.702500959627796e-05	5.5322604280145694e-05	0.1082573732919343	-0.0046559500536034	0.0117196588720692	2.1677870901649556e-05	-0.2467307667857596	-0.0126622529229506	0.0001603326490847	0.0608760712786888	0.0011088773978086	-0.0004559833857872	2.079208481139585e-07	1.229609083370772e-06	0.0014392104775744	9.012556272239984e-05	2.0713267987599325e-06	8.12261705602923e-09	-0.0005232987443926	8.75741591869995e-06	7.66923335730993e-11	2.738415758828717e-07	0.0	0.0
1996.243500377266	3.964783874201885	3984988.11279848	15.719511169131309	2633.235352652413	-9.920798165458107	6933928.422458477	98.42223623975698	2064.520890436253	4.380321855304828	19.18721955606113	4262246.507047699	2283.2515489903253	1623.4158824810013	0.986781	23.053642	0.0844279146853733	0.050454556722663	-0.0325843094	-0.0169987118	0.0464808442	-0.0537851494	0.0200751515	-0.1046676506	-0.0508676391	-0.070958437	-0.0010391062	0.0731430791	0.0587637733	0.0034742028	-0.0278470696	-0.0078032653	-0.0946611016	-0.0364253538	-0.0473428258	0.0515458117	-0.0310146911	0.0080346363	0.1024588743	-0.043404827	0.0116675859	0.0452291673	0.036667246	-0.0258004392	0.0798203998	-0.0689582121	0.0412773655	0.0187955159	0.0338441598	-0.0058302122	-0.022916436	0.0263194906	-0.1270480524	0.0292380567	-0.0041712809	-0.0888839661	-0.062408735	0.0267019929	0.0021455169	-0.0459560067	-0.0615039753	0.02723971	0.0046806167	0.0234831673	0.0522658172	-0.0160714807	0.0206867464	0.0493222732	0.0404681212	0.125446837	-0.0140738494	0.0062561997	0.003943585	-0.0222664939	-0.0306666718	-0.062980676	-0.0183986358	-0.0379449996	-0.0121525187	-0.0317485893	0.0460575938	-0.0278711993	-0.0362317806	-0.0272494919	-0.0279383018	-0.046146548	0.0641375277	-0.0394712008	0.047614091	-0.0100873883	-0.0109591772	-0.0763773844	-0.0386197949	0.0513671129	-0.0659138213	0.0026685013	-0.087032921	0.0008874281	0.0387892518	-0.0027886303	-0.0192064588	0.0048357426	0.0378323342	-0.0523851066	-0.0159059592	0.0005071276	-0.0767615729	0.0085062675	0.0285370055	0.0713727921	-0.0433885123	-0.0355364705	0.0811565722	-0.0507165039	-0.0272552159	0.0796832699	-0.057431937	-0.0186447705	0.0022980628064743	-0.00525342774813	5.281092662500536e-06	2.7598503104822247e-05	0.1116497179794606	0.0033923446875263	0.012465659524893	1.1508002478987946e-05	-0.2891645449084166	-0.042433778122657	0.0018006255257628	0.0836161340320916	0.0015339320611783	0.0004250546633697	1.806714668523291e-07	2.352947568310708e-06	0.0016721076375703	0.0002328971599959	2.79594395162093e-06	5.4241087134155904e-08	-0.000514283285217	9.015459175600016e-06	8.127850414691053e-11	2.6448729745359016e-07	0.0	0.0
1996.8157120812416	0.572211703975654	3987272.988014516	0.3274262341667215	2653.283471788679	20.048119136266	7039913.181666986	401.9270809019148	2063.8687200466125	-0.6521703896405597	0.4253262171239195	4259554.0935868425	2280.8076290583654	1651.239007947424	1.062366	24.819487	0.1020857942113964	0.0524600309282958	0.0595119623	-0.0033203616	-0.0245375884	-0.0075792944	0.0107846716	-0.0973560296	-0.0857366882	0.0349737466	-0.010985778	-0.0315758226	-0.0043010757	0.0955929064	0.0002912984	0.0250688173	-0.0565909256	0.0048416978	-0.0073572113	0.005074102	0.0543849026	-0.0319143074	-0.0211279353	-0.0326975048	-0.0064626877	0.0356642428	0.0229631686	-0.0721805645	0.0469785337	-0.0909544218	-0.0028024108	0.0582264859	0.0267118556	-0.0492499691	0.0265631974	-0.074266678	-0.0037005747	0.0844424613	-0.0350189854	-0.1302104264	-0.0681592086	-0.0078453167	-0.0279860845	-0.0387283776	0.0693620516	-0.0393480825	-0.0331954904	0.0522675274	0.0630271714	0.0558276446	0.0025469166	0.0378450753	-0.0245346994	0.0409997778	-0.0344324637	-0.0031849098	-0.0127317922	0.0038244159	-0.0178471107	0.0378348341	0.0117216493	0.0080673827	-0.0679957245	0.0505172231	-0.0012826918	-0.0152810536	0.0408698338	0.0158299231	0.0384620234	0.0862926622	-0.0054954916	0.0267313484	0.087923384	-0.0189575682	-0.000132901	-0.0253763718	-0.0123383017	-0.0293437435	-0.0548818099	-0.0328508267	0.1531001766	-0.0144364568	0.0663136203	-0.0282850491	0.0074362562	-0.0065710983	0.0474253967	0.0120076802	0.0634893724	-0.0512805666	-0.0724418715	-0.1026800593	0.0073174639	0.0222269847	-0.0441104375	-0.0339891844	0.0808350932	-0.0533515689	-0.0231897558	0.0784076511	-0.0615281933	-0.0119276293	0.0003187015801984	-0.0019793612262759	1.015706972209572e-07	3.917870864084435e-06	0.1336144127514558	0.0219646947719951	0.0178528112949163	0.0004824478164269	-0.2531485202058263	0.0360160247025903	0.0012971540353775	0.0640841732823996	0.0010068226807806	-0.0005271093803977	2.778442989032473e-07	1.013691910534234e-06	0.0014167726367071	-0.0002553350008632	2.0072447041219884e-06	6.51959626658104e-08	-0.0004542133962672	6.00698889498e-05	3.608391558441304e-09	2.063098093485845e-07	0.0	0.0
1996.8795662907185	0.0638542094768581	3987528.002269408	0.0040773600679144	2633.250352587019	-20.03311920166016	6934007.419399659	401.32586494792486	2059.8320548434217	-4.036665203190751	16.294665962651024	4242908.094160473	2278.614670876587	1603.987830682781	1.08285	25.29805	0.1143449735097251	0.0544750794340843	-0.031048241	-0.0162255552	-0.0230191715	-0.0139761227	-0.0669380939	-0.0086741071	-0.0270203873	-0.0749443216	0.0819727704	0.0450959641	-0.051706278	0.0138546805	0.022876956	-0.0772665374	-0.0401366932	-0.0542632529	-0.0042666374	-0.0490517898	0.069286354	0.006558525	0.0478606028	-0.0768103057	0.0274634489	0.0524363717	0.04501773	0.0657370108	0.023306917	0.0998197686	0.0038674715	-0.0202974072	0.0659601264	-0.0872850906	-0.0954604369	-0.0808533865	0.0454304851	-0.023303237	-0.0425016477	0.0309480689	0.0885951662	-0.0021594615	-0.0456095528	0.0125366401	0.0160236012	0.0663354183	-0.0415512877	0.0179428684	-0.0145616218	-0.034975612	0.032053743	-0.010346069	0.0919131333	0.0041938678	0.056433109	-0.0063480583	-0.0470081713	-0.1365033932	-0.0038734109	-0.0056762082	-0.0741438452	-0.0675699167	-0.0253259083	0.0289756218	0.0108133898	0.0187837442	0.0485224964	-0.0020467836	-0.064216619	0.1462210947	-0.0222668715	0.0603248828	0.0299371595	0.0478713634	0.0125122821	-0.0312878024	0.0109406205	-0.0810053607	-0.0155918423	0.0061306269	-0.142919993	-0.0888720685	-0.0113309705	-0.0790163569	0.0568365949	0.0667954032	0.1043882294	0.0061086271	0.0629784132	0.0149927006	-0.0588952624	-0.0064718813	-0.0266984198	0.0288538642	-0.0448275254	-0.0324269895	0.0804338397	-0.0558930371	-0.0190607341	0.0768225931	-0.0652939789	-0.0051268245	0.0071560135919952	0.0068373120117968	5.120853052882005e-05	4.674883554666081e-05	0.0975096318970258	-0.03610478085443	0.0095081283126934	0.0013035552005464	-0.2696250478180246	-0.0164765276121983	0.0002714759621555	0.072697666410872	0.0016970419495151	0.0006902192687345	4.764026389323881e-07	2.8799513784140115e-06	0.0016059299690414	0.0001891573323342	2.579011065465312e-06	3.57804963758288e-08	-0.0006733638558244	-0.0002191504595572	4.802692392413195e-08	4.534188823307034e-07	0.0	0.0
1995.335770706925	-1.5437955837935533	3981364.837862598	2.383304804540478	2642.1819370814733	8.931584494454455	6981125.388639607	79.77320158157924	2059.472499302455	-0.3595555409665394	0.1292801870397408	4241426.975383101	2279.3129359654017	1638.416702232024	1.017062	23.76108	0.108958712061627	0.0627270644722272	0.0598824124	0.0360200989	-0.0263249218	-0.0116733241	-0.053074622	-0.0632126876	0.010102242	0.0198080346	0.0125950551	-0.0230473217	-0.0381409985	0.0451907482	0.1211161447	-0.0158960574	-0.0820295049	-0.0134850966	0.0368147769	-0.1095659946	0.0260617783	-0.0294921035	-0.0952353962	-0.0046186243	-0.0296274142	-0.0419147147	0.0206122393	0.0373663771	0.1059215513	-0.0916936596	-0.0024313662	-0.0342417953	0.062344929	0.0163153213	-0.0147491945	0.0826003256	-0.0373202339	0.0424821014	0.0236807174	-0.0347053201	-0.1131293176	-0.0942753099	-0.0071592948	0.02599176	0.0390664165	-0.053026221	-0.0786178185	0.0072090609	0.0063279902	0.0756766923	0.0896621688	-0.0450956079	0.0604648461	0.0739148015	-0.0189136951	-0.0243539608	0.0661348632	-0.0099307294	-0.0515207574	0.0070868355	-0.0724232791	-0.0235248542	-0.0150549601	0.0212197179	-0.0711016913	-0.0623618332	0.0166953364	-0.0420023806	0.0507003271	0.0337033333	-0.0386589942	0.0740485613	0.0001755264	0.0061848709	-0.0137449915	0.0254898676	0.0044711878	-0.0265110003	-0.0347855244	-0.0746364675	0.0893139605	0.0013190115	0.0330663334	0.0506063584	-0.0229873837	0.017671472	0.029810624	-0.0885727586	-0.0246073532	0.0042649999	-0.0433188714	-0.000664163	-0.007211423	0.0144525547	-0.0455396975	-0.0308505711	0.0799532077	-0.05833645	-0.0148794683	0.0749343514	-0.0687090676	0.0017099414	-0.0009828511884393	-0.0081388647804345	9.659964586165445e-07	6.624111991419713e-05	0.1085531350217934	0.0110435031247675	0.0117837831230597	0.0001219589612667	-0.2435635861597447	0.0260614616582799	0.0006791997837659	0.0593232205029953	0.0007208978833544	-0.0009761440661607	9.528572379007452e-07	5.196937582248541e-07	0.0016988321903701	9.290222132870012e-05	2.886030811037672e-06	8.630822727806782e-09	-0.0004681124933509	0.0002052513624735	4.2128121797228105e-08	2.1912930643119642e-07	0.0	0.0
1993.086731746344	-2.249038960580947	3972394.720263323	5.058176246211026	2622.709395817348	-19.472541264125084	6878604.574908599	379.17986328305415	2063.4238794150474	3.9513801125922328	15.613404794189409	4257718.106140244	2274.7385343200367	1597.861303288579	1.074444	25.101662	0.0646459186618443	0.0326662104583912	-0.0675305821	-0.0464789071	0.0114279022	-0.0255175721	-0.0618709105	-0.044738097	0.0081252209	-0.1004168636	0.0460765045	0.0787815888	0.0318194289	0.0327167796	0.0754616065	-0.0278629889	-0.0129627017	0.0073496329	-0.0214067758	0.0146120109	-0.0452638714	0.1046263998	-0.0350048088	0.0217801551	0.0119518679	0.0737792518	0.0061466301	0.0655829209	0.0526519688	0.0045417903	-0.005685293	-0.0108248036	0.1319169546	-0.0749687307	0.1400143618	-0.010304777	-0.0140574331	-0.0025068539	-0.0543153835	0.0749585252	-0.0063067356	0.010099888	0.0344086633	0.0411624121	-0.0480368041	0.0849234164	0.0401311189	0.0070950973	-0.0337696273	0.0282224043	0.0412183276	0.0151221718	0.0029111309	0.0871763548	-0.0601091822	-0.0050929722	-0.0139933305	0.0015991655	0.0583687817	-0.0771381647	-0.0364842499	-0.0047061518	-0.0142815971	0.0133695617	-0.0066404082	-0.0086651035	0.0209290972	-0.0111389651	-0.0400585556	0.0571064842	0.0044430084	-0.0106507538	-0.0488718107	0.0713267896	0.0135634498	-0.0505526125	0.0087182498	0.0079223764	-0.0562817696	-0.0374611601	-0.0770754509	-0.0581235066	0.0458958007	0.0111136341	0.0129157696	-0.0849861962	0.0170785974	-0.0027922544	0.0018760887	-0.0445967346	-0.0780385815	0.0303272112	-0.0564307519	0.0225834974	-0.0462468756	-0.0292606206	0.0793936715	-0.0606775209	-0.010657419	0.0727503781	-0.0717551168	0.0085347133	0.0014664995655238	0.002449350753963	2.1506209756814937e-06	5.9993191159396055e-06	0.1036646703991834	-0.00488846462261	0.0107463638889713	2.3897086366509534e-05	-0.2593482053044909	-0.0157846191447461	0.0002491542015446	0.0672614915946603	0.0008771329212916	0.0001562350379371	2.4409387079238306e-08	7.693621616135361e-07	0.0014361160372142	-0.0002627161531559	2.0624292723438173e-06	6.901977712903438e-08	-0.0008796309850683	-0.0004115184917174	1.6934746902536387e-07	7.737506698922278e-07	0.0	0.0
1993.539697600456	0.452965854112108	3974200.5259089177	0.2051780649915115	2641.87934929984	19.16995348249202	6979526.496256948	367.4871165209079	2059.577652105764	-3.846227309283222	14.793464514676051	4241860.105053492	2271.2994841741406	1631.905671903795	1.167181	27.268225	0.0604148253150924	0.0311887871771102	0.0939526528	0.0318196145	-0.0300691272	-0.0033595037	-0.068156313	-0.0373181185	0.0388517992	0.0191307053	-0.0460945151	0.0015105124	-0.0061503375	0.0472164066	0.0886763747	0.075420167	-0.1243196151	0.018621548	0.0218161533	0.0075323608	0.0275535242	0.0952851037	0.0425955312	0.0991709613	-0.0574374087	0.0145610935	0.0193686863	0.0385750903	-0.020730198	-0.0490208657	-0.0345044002	0.0599928498	-0.0141979766	0.0639904221	-0.059492223	-0.0052220142	0.003714218	-0.051631584	-0.011883854	-0.053868015	0.0458863106	-0.0711767103	0.0694889623	0.0229969858	0.0314934942	-0.0872680082	0.0580234575	-0.0083448539	-0.0282699924	0.0728219516	-0.0285251275	-0.0298632714	0.0829808137	0.0863060671	-0.0233483991	0.0100802321	-0.0265816037	0.0253814321	-0.0706240317	0.0273648364	-0.0001709076	0.0331682153	0.0371583209	-0.014930943	-0.0143434226	0.0519024256	-0.00652979	-0.0494186203	0.1258154012	-0.0410242915	-0.0188190379	0.023475652	-0.05647424	-0.0680539838	-0.0137988752	-0.0052340594	-0.0014774657	-0.0393074195	-0.0437573234	-0.0990324611	0.1159953212	0.0535259653	0.0038575578	0.0039781585	0.042167623	0.0310611795	0.0482138921	-0.0294723135	-0.0854999824	-0.0122913681	-0.0268067058	-0.0087399316	-0.0368596935	-0.0156608772	-0.0469489822	-0.0276578354	0.0787557834	-0.0629121428	-0.0064061583	0.0702792922	-0.0744157659	0.0152996203	-0.0032005113021256	-0.0046670108676494	1.0243272595033706e-05	2.1780990438757608e-05	0.1105609971623522	0.0068963267631688	0.0122237340935336	4.755932282439826e-05	-0.2383459147360866	0.0210022905684042	0.0004410962091196	0.0568087750713818	0.0008882837410742	1.1150819782600012e-05	1.2434078182402374e-10	7.890480046567763e-07	0.0013498147286432	-8.630130857099991e-05	1.821999801662116e-06	7.447915861066943e-09	-0.0004200991711045	0.0004595318139638	2.111694880448605e-07	1.76483313562688e-07	0.0	0.0
1996.797131624745	3.257434024288841	3987198.784864809	10.610876422594597	2637.842614855085	-4.036734444755439	6958213.660745511	16.295224977475	2069.294005834756	9.716353728991637	94.40752978688964	4281977.682583651	2276.4184319238448	1575.127126436366	1.262641	29.498404	0.1187601093715971	0.0602778730020431	-0.0580185954	-0.0574148138	-0.0245894023	-0.0091986878	0.0236001978	0.1293396429	0.0164745632	0.0228405128	0.0094040283	0.1371305452	-0.012854361	-0.0716859929	-0.0571752532	0.0258069528	-0.0390395319	0.0030146884	-0.0554636609	0.019136892	-0.0041187749	-0.0444297674	0.0072641419	-0.0628796564	0.0899132334	0.0483707825	0.0865032468	-0.0956405415	-0.1682665587	0.0345752395	0.0184196984	-0.0336274803	0.0092277479	0.0586188944	0.0370362105	-0.0205089669	0.0023339404	0.0516363952	-0.0113088673	0.0940540248	-0.0634347707	-0.0081488805	-0.1342456801	0.0021463894	-0.0270977108	0.0414370357	0.10196651	0.0654198415	0.0244795424	-0.1051703809	0.0028832248	0.0005247242	0.0065018696	-0.0124243046	0.0503330927	-0.0683126099	0.1036054267	-0.047532897	0.0992463977	0.039291312	0.0209972807	-0.0344802952	-0.0148671895	0.0022248784	-0.0211036667	-0.0134587646	-0.0227112349	-0.0789269268	0.0429248379	0.0065618874	0.0436650099	-0.0354604359	0.0069577972	0.0114215764	-0.020268921	-0.0811016388	0.020404141	-0.0694193003	0.0887111751	0.1161786898	-0.0311950569	-0.0818062042	-0.0715670515	-0.093061542	0.1141372631	-0.0342571888	0.0654665183	-0.0034311919	0.0288320748	-0.0505609939	-0.0664655465	-0.0387722029	-0.0061351325	0.097378509	-0.0476459404	-0.0260429185	0.0780401729	-0.0650363955	-0.0021373389	0.0675308461	-0.0766767246	0.0219572114	0.00369310335644	0.0068936146585656	1.3639012401348394e-05	4.752192306079053e-05	0.1105977563264559	3.675916410370017e-05	0.0122318637044461	1.3512361456027591e-09	-0.2726809467289044	-0.0343350319928178	0.0011788944219478	0.0743548987089716	0.0016451658778541	0.0007568821367799	5.728705689765073e-07	2.706570765655452e-06	0.0018419095067589	0.0004920947781156	3.3926306310888137e-06	2.4215727064874e-07	-0.0007210163273311	-0.0003009171562266	9.055113491150402e-08	5.19864544278028e-07	0.0	0.0
2003.343863750132	6.546732125387052	4013386.636425308	42.85970152157487	2650.3466191973007	12.50400434221592	7024337.201890562	156.35012459015462	2064.701683749672	-4.592322085083652	21.089422133147057	4262993.042878731	2280.6545570885664	1621.5808172574712	1.216397	28.41802	0.0714763284359462	0.0471260710782773	0.0175204751	0.046762131	-0.0799623941	-0.0400338526	0.0229571531	-0.038430001	0.094830021	0.0324915999	-0.004830524	-0.0905608913	-0.0081594659	-0.0146791482	-0.057877036	-0.0157826245	-0.009681584	0.0159464589	-0.0601460228	-0.028087819	-0.033039158	-0.1000181935	0.0389217921	0.0316215675	0.0142342026	0.021925388	-0.0094470757	0.0075961396	-0.016912489	-0.0862384663	-0.0113655721	0.0371799754	-0.0752595754	-0.1015035421	-0.0049401427	0.026823799	-0.0268163156	-0.0717788463	0.001950551	-0.0681333891	-0.0400486886	-0.021558534	0.1303715273	0.0672298698	-0.0270638269	-0.0583192071	-0.0857822822	-0.0034919765	0.0463822731	-0.0377249518	0.0226977731	0.0091891878	-0.0048681964	-0.1036965816	-0.0216320122	-0.0126753273	-0.0824590166	-0.0051504749	-0.066511969	0.008718454	0.0194234872	0.0603190441	-0.0512042083	0.0659605511	0.0104628454	-0.1203964756	-0.0230179885	-0.0012282504	0.0210334865	-0.0746711342	-0.0514164044	0.064287827	0.1028507369	-0.0496706918	-0.0202439604	-0.0245917481	0.0105392946	0.0528507252	-0.0615010674	-0.0506580564	-0.0660767074	0.1401087583	0.0032537416	-0.0057821051	0.03618465	0.0035898988	0.0844558462	-0.0616384842	-0.0424176848	0.0044370474	-0.0033074673	-0.0225124214	0.0599482753	0.0521007892	-0.0483376736	-0.0244165784	0.0772475461	-0.0670465522	0.0021373389	0.0645158866	-0.0785258491	0.0284607885	-0.0020964380580892	-0.0057895414145292	4.395052531404816e-06	3.3518789790548763e-05	0.1051658926948277	-0.0054318636316281	0.0110598649863	2.950514251260498e-05	-0.2700086129661656	0.0026723337627388	7.1413677394739445e-06	0.0729046510759126	0.0007759639802481	-0.000869201897606	7.555119388018714e-07	6.021200986424737e-07	0.0017512956258494	-9.061388090949988e-05	3.0670363691192416e-06	8.210875413481027e-09	-0.0005291803133056	0.0001918360140255	3.680105627719186e-08	2.8003180399021294e-07	0.0	0.0
2004.7173149147463	1.37345116461438	4018891.5127189904	1.886368101580597	2653.365354810442	3.0187356131414163	7040347.706108344	9.112764702048285	2070.6082814961924	5.90659774652022	34.88789693919774	4287418.655400615	2281.988766064537	1623.0457576929696	1.126355	26.314436	0.0334740332439188	0.0160145232153471	0.0182383142	-0.0133621357	-0.0709610967	-0.0487253666	-0.0365548725	-0.013894063	0.0581099052	0.0681374368	0.0646209109	-0.0342917101	0.0372678641	-0.010260457	0.0241746896	0.0099014286	-0.0981719678	0.0563163102	-0.067959679	-0.0812434741	0.0787891953	0.0089349006	-0.0941417057	0.0423786198	0.1065197562	-0.0413363652	0.0191565388	0.0430181274	0.0021356115	0.1502042886	0.0515234388	0.0367205359	0.0300132259	0.0765462528	0.0550230193	0.0627933138	-0.036084516	0.0036495729	-0.0281910037	-0.0691057594	0.0937380106	0.0604801957	0.0619565056	0.0732356694	0.0170099994	-0.0138853869	-0.0020980252	-0.0372087855	0.1010764257	0.0636358922	0.1263994953	-0.0606586146	0.0153770106	-0.011026595	0.0252483558	-0.0215049448	0.1223985029	-0.0065466409	-0.025969942	0.1053302336	-0.0413101163	0.0532375069	-0.0501094101	0.0476192949	0.0060827832	0.0182653244	-0.0849450781	0.0220757648	0.0090164631	-0.0224582365	-0.0106134005	0.1137829246	-0.0351049464	0.0525820528	-0.0052057376	-0.0265688117	0.0503445557	-0.0212528616	-0.0174170658	-0.0423119122	0.1086052344	-0.0633697609	-0.0385502407	-0.0289302169	-0.0114548787	0.0335699291	0.083624461	-0.0352476128	0.0208292493	0.0566803288	-0.0886748045	-0.0036785923	-0.0335579416	-0.023105477	-0.0490241061	-0.0227795284	0.0763786853	-0.0689390864	0.0064061583	0.0612463124	-0.0799532077	0.0347647336	0.0082626183797174	0.0103590564378065	6.827086248884378e-05	0.0001073100502816	0.1106708578693513	0.0055049651745235	0.0122480387815381	3.0304641572717543e-05	-0.2673833806573569	0.0026252323088086	6.891844675212944e-06	0.071493872251757	0.0006219382070142	-0.0001540257732339	2.3723938820300784e-08	3.8680713334403787e-07	0.0018428588759413	9.15632500918999e-05	3.3961288366356317e-06	8.383828767391807e-09	-0.0004750737501758	5.410656312979995e-05	2.9275201737190276e-09	2.2569506810609847e-07	0.0	0.0
2001.2465014513043	-3.470813463442028	4004987.5595710855	12.046546098010444	2648.195204053606	-5.1701507568359375	7012937.83877252	26.730458848411217	2069.8263298483457	-0.7819516478466539	0.6114483795700975	4284181.035733473	2283.9176943544267	1645.041720116123	1.040055	24.298252	0.0460634238656673	0.0311501261093187	0.0014553576	-0.0968671535	0.0175217794	-0.0845167871	-0.0251234922	-0.0574035076	-0.0532673483	0.0078594214	0.105408486	0.0034094759	0.0470646315	-0.0467092611	0.0024685891	-0.0322794278	0.0184493588	-0.0150766216	-0.0819704902	-0.0028387487	0.0824902306	0.0291684342	-0.0288204777	-0.0125782136	0.1290807006	0.0874070151	-0.0459800348	-0.0684975065	0.0543867972	-0.070537064	-0.067064567	0.0676927379	-0.0425567833	-0.0378180166	0.0009758815	0.0771251042	-0.127931513	-0.0362172035	-0.027545562	-0.0708298332	0.0104724083	0.0224624468	0.0050394706	0.0051089054	0.0370683376	0.1074442325	-0.0093951479	-0.0844217885	0.0715879278	-0.0018900896	0.051021478	0.0411511711	-0.028921323	0.0106165706	-0.0209548818	0.0331690811	-0.0311739113	0.0238329345	0.0576910498	-0.0015502063	0.0088432133	0.0667716327	-0.1255542842	0.0725110753	-0.0250860709	-0.0201561252	0.0005340868	0.0459767081	0.0185106771	-0.0032382304	0.0102079602	0.0250976756	-0.0519356741	0.0217054363	0.0384348341	-0.0873466691	0.0669035881	0.0174433499	-0.0383173895	-0.0644514315	-0.0156248075	-0.0037979413	0.0433380591	-0.0277137399	-0.0240944403	-0.0972529695	0.0373150729	0.0047568551	-0.0143206389	0.0561474551	-0.0270921631	-0.0401165903	-0.0460994347	-0.0919376447	-0.0497051625	-0.0211324865	0.0754344479	-0.0707106781	0.010657419	0.0577350269	-0.0809511339	0.040824829	0.0074049338994228	-0.0008576844802945	5.483304605482096e-05	7.356226677382169e-07	0.1156593501968927	0.0049884923275414	0.0133770852879674	2.4885055701939493e-05	-0.2707543263830132	-0.0033709457256563	1.136327508532066e-05	0.0733079052551192	0.0011601217958664	0.0005381835888522	2.8964157530983384e-07	1.345882581244281e-06	0.0018421121884197	-7.466875216000177e-07	3.393377314724416e-06	5.575422549131769e-13	-0.0006730695004455	-0.0001979957502697	3.920231712486141e-08	4.5302255242995494e-07	0.0	0.0
1992.9756915624769	-8.270809888827444	3971952.107158933	68.40629621712583	2662.153717041016	13.958512987409904	7087062.413155299	194.84008481969096	2063.6566880170035	-6.169641831342233	38.06448032704794	4258678.925997308	2289.181514405137	1666.4151758913133	1.139857	26.629866	0.0891573640483823	0.0372450627427487	0.1088415907	0.0354059386	0.0723638207	-0.0621876983	0.0524021247	-0.0285332438	-0.1408338644	0.0720857963	-0.0298420323	-0.0599548269	0.0507619857	-0.0027306689	-0.037687411	0.0165536733	0.0393675881	0.0167581283	0.0572768946	0.1047968663	0.0881595237	-0.035626737	-0.1058384633	0.0199475473	0.023830401	-0.1027860716	-0.0924630925	0.0161538505	-0.0523457807	-0.078475887	0.0148251318	0.0655231121	0.0666676868	-0.0375844907	-0.0956441786	-0.0029640898	-0.0531135856	-0.0005159719	0.0132226605	0.0040056843	0.0916770028	-0.0366869494	0.0084526334	-0.1121248352	0.0958544915	-0.0134433294	-0.0077447893	-0.0813094547	0.0427077589	0.0518881231	-0.0970223304	0.0754214553	-0.0737612333	-0.0527703549	0.0282257165	-0.0771497837	0.0158156433	0.0649880343	0.0367920087	-0.1307472912	-0.0374744118	-0.0508559978	-0.0139494645	0.0730324583	-0.070514556	-0.0319027514	0.061958243	-0.0242125838	0.0052528114	0.0278804896	0.027672905	-0.0079832664	-0.0388026083	-0.1254767117	-0.042948136	0.0030876779	0.0122417069	0.0170173882	-0.0354209561	0.0375334008	-0.0315805713	-0.0036495292	0.0730981717	-0.0368087246	-0.0090696091	-0.0327934476	0.0594739459	-0.0734628596	0.0353201239	0.0171415078	0.0030040762	-0.0578356433	-0.0189119007	-0.0218047828	-0.0503807682	-0.0194761753	0.0744157659	-0.0723582192	0.0148794683	0.0539958877	-0.081514268	0.0465985677	0.0140496910707526	0.0066447571713298	0.0001973938191835	4.41527978659388e-05	0.1107711195942613	-0.0048882306026314	0.0122702409361661	2.389479842450224e-05	-0.2427958934665071	0.0279584329165061	0.0007816739711467	0.0589498458841994	0.0015731055951122	0.0004129837992458	1.7055561843949525e-07	2.4746612133733086e-06	0.001431834604197	-0.0004102775842226	2.05015033377598e-06	1.683276961156146e-07	-0.0008431269841353	-0.0001700574836897	2.8919547758906572e-08	7.108631113770864e-07	0.0	0.0
1990.4269606607363	-2.548730901740555	3961799.485725137	6.496029209487223	2649.477670942034	-12.67604609898217	7019731.928820425	160.6821447035211	2057.736706645549	-5.919981371454469	35.046179438367936	4234280.353876471	2283.661216748971	1626.3478224322594	1.150403	26.876259	0.0710138002483034	0.0374330326518983	-0.0494977454	0.0277590562	0.0784646074	-0.0183358125	-0.022825256	0.0465187187	-0.0395977637	-0.0397567537	-0.0588295801	-0.0966685609	0.029357245	-0.0263632374	-0.0918097578	-0.06220146	0.0167001343	-0.0488138234	-0.0026173392	0.0286433195	-0.0332556917	-0.0823673342	0.0359468755	-0.0068663651	0.0098459197	-0.0383519594	0.0364282041	-0.0285692742	0.0346822663	0.0858922592	0.073765442	0.112691641	-0.0918062376	0.0399160704	0.0239782768	-0.06707094	0.0912065964	0.0531141435	0.0041535586	-0.0100247171	0.0045530027	-0.0307595081	-0.0018880322	-0.0709683628	-0.0187582996	-0.0289525338	-0.0865072268	-0.0068171868	0.0198412426	-0.0969023681	0.0048203196	0.0489380822	-0.0476229822	0.0180495446	-0.0110853328	0.0784033881	0.0221845399	0.0043521575	0.0646813608	-0.0111764118	-0.0296549865	0.0062993787	-0.0275315649	-0.0141956141	0.0102741454	0.0262975359	0.0498635807	0.084658811	0.1036004194	-0.049860987	0.0493290376	-0.0638767872	0.080394618	0.0361010845	-0.0426582853	0.0212708001	0.0231645003	-0.0766908899	0.0377796227	-0.0024914424	0.0245442015	0.0470497115	0.0403161517	0.0205676158	0.0058532032	-0.1081960346	-0.0020050408	-0.0489918178	0.0700254766	-0.016521591	0.0479703612	-0.0461683505	0.0319433704	-0.0471929569	-0.0510508491	-0.0178113211	0.0733236445	-0.0738788195	0.0190607341	0.0500436514	-0.0816395852	0.0520454508	0.0071349849070543	-0.0069147061636982	5.090800962389266e-05	4.7813161330287255e-05	0.1105207756152424	-0.0002503439790188	0.0122148418425947	6.267210783101235e-08	-0.2383526364382859	0.0044432570282212	1.974253301883717e-05	0.0568119792970816	0.0011599433021709	-0.0004131622929413	1.7070308030851266e-07	1.3454684642511315e-06	0.0018427247115051	0.0004108901073081	3.395634362391554e-06	1.6883068028366198e-07	-0.0004790695228374	0.0003640574612979	1.3253783512667198e-07	2.295076077116541e-07	0.0	0.0
1992.8792337693244	2.452273108588088	3971567.6403890094	6.013643399104283	2640.436631883894	-9.041039058140086	6971905.606994362	81.74038725081458	2057.191608332786	-0.5450983127630025	0.2971321705770721	4232037.313394835	2276.099458730569	1602.2763478638697	1.044293	24.397261	0.06289624985457	0.0378343550616199	-0.0015878388	-0.0220699227	-0.0198723238	0.0486498415	-0.052258603	-0.0557346971	-0.0603307516	-0.0884603554	0.0070799739	-0.0063369126	-0.0206880408	0.0318476957	0.0328759754	-0.0129619382	0.0163422664	-0.0218795076	0.0449813804	-0.0419162831	0.040023967	0.0016169465	0.0819216243	0.0670872199	-0.0425205961	-0.0306131219	0.0016123524	-0.0144740359	-0.0299199206	0.0603579161	-0.0100358059	-0.0291377126	-0.0425595555	-0.0859368122	-0.0494325237	0.0133534651	0.0838742914	0.0457109228	0.1004381636	0.0077264282	-0.0014730482	-0.0439866926	-0.0809240049	-0.030242092	0.0261872	0.0463392388	-0.0345069986	0.0712138297	-0.0194339467	0.0202716008	0.0193592299	0.0025125464	0.0966310524	0.0005555718	0.0281311361	0.0924291035	-0.0245228162	-0.0722343991	0.019739207	-0.0144677283	0.0228154001	0.0131213349	0.0394533467	0.0019566636	-0.0312436182	-0.0271792108	-0.0658947077	0.13417539	-0.1355399428	-0.0509487759	0.0111533625	0.0453335219	0.0734212344	0.0200074747	0.0540676689	0.0132865831	0.0329952584	-0.0461365035	-0.0455343865	-0.0368852436	-0.0614600897	-0.0556377548	-0.0343061348	0.020518341	0.001672571	0.0306700423	-0.0144959023	-0.0113649677	0.0259227106	0.0256586958	0.0340040846	-0.0132431501	0.0374364781	-0.0582646865	-0.0517153317	-0.0161386543	0.0721591615	-0.0752698111	0.0231897558	0.0458939156	-0.0813264124	0.0571272725	-0.0112638941048999	-0.0183988790119542	0.0001268753104063	0.0003385187488965	0.1106545449030278	0.0001337692877853	0.0122444283076961	1.7894222354612778e-08	-0.2704578911603263	-0.0321052547220404	0.001030747380767	0.0731474708908909	0.0010483877016579	-0.0001115556005129	1.2444652005816034e-08	1.099116772987534e-06	0.0017442681785695	-9.845653293559995e-05	3.042471478770161e-06	9.69368887769888e-09	-0.0004439147196302	3.515480320719999e-05	1.235860188536959e-09	1.970602783043591e-07	0.0	0.0
1994.6971049563829	1.817871187058472	3978816.540521375	3.3046556527373783	2635.252938951765	-5.183692932128906	6944558.052253914	26.870672414603177	2063.887732241334	6.696123908548088	44.83807539862933	4259632.5712962765	2278.385586920786	1622.5135916460958	0.9301640000000002	21.730923	0.0473392144448317	0.0268003017651584	0.020573496	0.043432212	-0.0007994647	0.0038130429	-0.0568106437	0.0119323119	0.0413370922	-0.0026742569	-0.0711512831	-0.0056621281	-0.0462531936	0.0297609043	0.0616470446	-0.0371822313	-0.0609272573	0.0083085311	-0.0225174467	-0.032543321	-0.0234759653	-0.0441033158	-0.0337574754	0.0729995118	-0.0261339794	-0.0663766522	0.0532448832	0.0930828382	0.0399177904	-0.0013583112	0.0151506777	-0.1616492883	0.0785110041	0.0260623709	-0.1227441963	-0.0995006395	-0.008696542	-0.0489579457	0.0058070356	-0.0070710963	-0.0093810146	0.0300223762	0.0895550818	0.0092831836	-0.0405000824	-0.0800141342	-0.0395532485	0.0265578513	-0.0165815036	0.042410699	0.099781344	-0.0680551931	0.0462259468	0.0240243657	-0.0482056017	0.0371091463	-0.0264844944	-0.0269315822	-0.0509407594	0.0076822549	0.0099614485	-0.0489062392	0.048759577	0.0208926605	-0.0315236284	-0.0269529407	0.0525258791	-0.0640597496	0.0293615603	0.078044587	-0.0011307464	0.0754435622	-0.0020159976	0.0255588415	0.0119925582	0.0580332766	0.0416961951	-0.056231415	0.008555455	-0.0335107382	0.0397392471	0.0709795655	-0.0247639913	0.0271615947	0.0225295226	0.0265430654	0.0225491804	-0.0823912018	0.0094817142	0.039307748	0.0623814206	0.0297813046	0.092636789	-0.0627289399	-0.0523741431	-0.0144589085	0.0709234662	-0.076528754	0.0272552159	0.0415630576	-0.0805764318	0.0618083875	0.0039869499629361	0.015250844067836	1.589577000695617e-05	0.0002325882447814	0.1106736079172918	1.906301426400636e-05	0.0122486474894304	3.6339851282971005e-10	-0.2509820238664346	0.0194758672938917	0.0003793094068492	0.0629919763040915	0.000971981089909	-7.640661174890002e-05	5.837970318947146e-09	9.447472391406876e-07	0.0018427484470313	9.848026846179983e-05	3.3957218390362675e-06	9.698363276308171e-09	-0.0005208966407963	-7.69819211661e-05	5.926216186423635e-09	2.713333103928696e-07	0.0	0.0
1993.4255389510977	-1.2715660052851945	3973745.379342474	1.6168801057969473	2630.501366206578	-4.751572745186877	6919537.437614674	22.577443552802755	2064.19736307609	0.3096308347558079	0.0958712538315784	4260910.753730283	2275.7205536361407	1599.1784101007563	0.965692	22.560953	0.0399564857059236	0.022411845908123	-0.0040221062	-0.0649496082	0.0236018703	0.01047117	-0.0534359825	0.0050009421	-0.0196464261	-0.0358155812	0.0443374547	0.0866910794	-0.028478351	-5.61063e-05	0.0511146009	-0.0544040534	-0.0289127689	0.0583647444	0.0003166347	0.0035155448	-0.0052400901	-0.0111480399	-0.0593958487	0.0091051622	0.0513195076	0.0460368541	-0.0424680599	0.0033253898	-0.0202011315	0.0108373114	0.040916208	-0.015501996	0.0195032992	0.0142206261	-0.0204317108	-0.0943200058	0.0521628523	-0.0624255582	0.002453957	0.0332503162	-0.0562657077	-0.0409346754	0.0636456702	-0.0074351454	0.0042536388	0.0788125051	0.0218062008	0.0167530376	-0.0184735759	0.0367337917	0.0819974735	-0.0689662411	-9.26679e-05	0.0498834812	0.008561228	0.0234910112	-0.0539286392	-0.0464520042	0.0593736074	-0.0081096564	0.0590431717	-0.029496495	-0.0444103067	0.0856762849	-0.0109176568	0.0069521563	0.1349220885	0.0013430279	0.0183427683	-0.0015467996	0.0289325399	0.0095098968	-0.0667556918	0.0235926198	0.0808922453	-0.0120470668	0.0631985927	-0.0302009547	-0.0206935176	-0.0229137254	-0.0247795714	-0.0295766004	-0.0043220318	-0.0321797186	0.0555455075	-0.0397836845	-0.0085556307	0.0612599853	-0.0343829127	0.0180316963	0.0418001186	0.0542469837	0.0051499923	-0.1053921373	-0.0530272111	-0.0127728206	0.0696177779	-0.0776534394	0.0312459714	0.0370681691	-0.0793936715	0.066055961	0.0112152878748048	0.0072283379118687	0.0001257826821147	5.224886896815837e-05	0.1105774728978445	-9.613501944730209e-05	0.0122273775124735	9.241941964133148e-09	-0.2651652371168822	-0.0141832132504476	0.0002011635381076	0.0703126029752523	0.0012210914826025	0.0002491103926935	6.205598774790978e-08	1.4910644088843715e-06	0.0018421118090388	-6.366379925000151e-07	3.3933759170002e-06	4.053079334944493e-13	-0.0006401256005935	-0.0001192289597972	1.421554485432234e-08	4.097607845351891e-07	0.0	0.0
1991.0358299532568	-2.3897089978408985	3964223.6761576543	5.710709094361752	2640.916673932757	10.41530772617898	6974440.878656056	108.47863503100356	2056.64609354484	-7.55126953125	57.0216715335846	4229793.154093251	2281.2248478428223	1635.9744608471403	1.009142	23.576036	0.0447464717038003	0.0240064072867268	0.0320560068	0.0681682302	0.0718051282	-0.0348861053	-0.0538365661	-0.0264307318	-0.0016011047	0.0335073301	-0.0653109958	-0.0138764754	0.0532859275	-0.0227594174	0.0817766392	-0.0351360425	-0.0727473053	0.0462405327	0.0796876508	0.0476007252	0.0270883332	0.0688146972	-0.0167205589	0.0380021316	-0.0655736174	-0.0333871239	0.0754525415	0.0642966492	0.0083927025	-0.007352276	0.0614104164	-0.0478861198	-0.1019883881	-0.0168460486	-0.0103019239	0.0256301087	0.0168251416	0.0221346669	0.0432593552	-0.0732328409	0.0689170485	0.007761137	0.0140361143	-0.0502736413	-0.0290610835	-0.0787133016	0.0171920241	-0.0929982253	-0.0223681079	0.057509723	0.0363368276	-0.0338630951	0.045166921	0.0689203836	0.0965126058	-0.0439121154	-0.0119209805	-0.0258859087	-0.0630369422	0.0267270091	-0.0618736845	0.0278258065	0.0935320878	-0.0468105597	0.0372950637	0.0476964776	0.0278152221	-0.0218658427	0.0459348894	-0.0512327327	0.070964348	0.0022690097	-0.0533707031	-0.0304194822	-0.0628228725	0.0318615746	0.0535196921	-0.0129157424	-0.0390877744	-0.0319605924	-0.0067891957	-0.0031843448	0.0061910886	-0.0311196711	-0.0026923568	0.0543793157	-0.0717807688	-0.0777574118	-0.0410852712	-0.0339610141	-0.023473986	-0.0663413161	0.0112974784	-0.0024000506	-0.0536744641	-0.0110811301	0.0682433853	-0.0786418943	0.0351510839	0.0324269895	-0.0777844842	0.0698401994	-0.0079482369651202	-0.019163524839925	6.317447085370317e-05	0.0003672406842904	0.1105213158971025	-5.61570007420048e-05	0.0122149612676271	3.153608732337528e-09	-0.2792006430495206	-0.0140354059326383	0.0001969926196939	0.0779529990792658	0.0011599368535834	-6.115462901909994e-05	3.7398886504637414e-09	1.345453504300958e-06	0.0018427287722007	6.169631619000037e-07	3.395649327896299e-06	3.8064354314165017e-13	-0.0004720695141646	0.0001680560864289	2.8242848185797922e-08	2.228496262036015e-07	0.0	0.0
1990.120951704101	-0.9148782491558904	3960581.402411637	0.8370022107785475	2648.435365949358	7.518692016601108	7014209.887611311	56.53072964050124	2066.9087755219275	10.262681977087595	105.32264136283855	4272111.886329554	2288.9594862079457	1603.7698917942118	1.06106	24.788971	0.0856720005252369	0.0405406862236694	-0.0474108575	-0.0635527188	0.0597005158	0.0268333616	-0.008169178	-0.1014546607	-0.0705158275	-0.0680230799	-0.0006887454	0.0179715536	-0.0029843977	-0.065350137	-0.0357170616	0.0280022986	-0.0757898155	0.0228922734	-0.0193941447	0.0763240377	-0.0247946863	-0.0610940959	-0.0266500917	0.0679356809	0.1066462357	-0.0405063518	-0.020449988	0.0428242151	0.1005581047	-0.0679137915	0.079849637	0.0263489138	0.0185734376	-0.0061401098	-0.0380087586	0.0318393433	-0.00011229	-0.1772040752	0.0019224868	0.062262256	0.0521864526	0.0764967787	-0.0213579101	-0.0963060817	-0.0711328167	0.0629383305	-0.0394072915	0.0256268566	0.0478331112	0.0392498497	0.0467442856	-0.0063294994	-0.0254723003	0.0169527096	0.0119577377	0.0111067183	0.0595785005	0.0099188027	0.0410030842	-0.0903234595	-0.0534225734	-0.0023878164	-0.0152616277	0.0589945654	0.0534662575	0.0313417784	0.0246167887	-0.0398471242	-0.0142127192	-0.0616125099	0.0617575342	-0.0950158231	0.0207144394	0.0105924675	0.0416655693	-0.0246732373	0.0293705636	0.0117154612	-0.0936323716	-0.0240396809	-0.0160364705	-0.068457028	0.0561419464	-0.0159704527	0.0140197192	-0.0510150805	0.0087034563	-0.0128096547	0.0535176307	0.06152618	0.0432087762	0.0502635199	-0.0664225695	0.0438444527	-0.054315831	-0.009384579	0.0668016447	-0.0794923845	0.0389598496	0.0276578354	-0.0757575129	0.073134559	0.0195503048654899	0.0274985418306101	0.0003822144203335	0.0007561698028098	0.1106717450655594	0.0001504291684568	0.0122482351558561	2.2628934722632837e-08	-0.2540242221393356	0.0251764209101849	0.0006338521698467	0.0645283054334945	0.0012389449115617	7.90080579783001e-05	6.242273225502431e-09	1.5349844938846288e-06	0.0014181140505695	-0.0004246147216311	2.0110474604226344e-06	1.8029766182594138e-07	-0.0006253789068748	-0.0001533093927102	2.350376989317032e-08	3.9109877716391973e-07	0.0	0.0
1991.6064261001045	1.4854743960036103	3966496.156483231	2.2066341811822907	2644.5891456604004	-3.8462202889577375	6993851.749344806	14.793410511190148	2060.0670186531643	-6.841756868763241	46.809637051268986	4243876.121342537	2282.4595388389494	1633.5207758707477	1.165321	27.224777	0.0907244483818795	0.0403238702304699	0.0636360666	0.0528816007	-0.0133400386	0.0354457263	-0.0396873985	-0.042320415	-0.0153013924	-0.0146132728	-0.0441687632	-0.0491593845	-0.0098378561	0.0471544758	-0.0204531114	-0.0442633065	-0.1055178659	-0.036721994	0.0207226939	-0.0416014162	-0.0100008117	-0.1406279307	-0.0186864833	0.0961519332	-0.0249208156	-0.0916433714	-0.0284697546	-0.0779664383	0.0151186346	-0.0341856065	-0.0478433775	0.027603455	0.0320542428	0.0539301533	-0.0729496022	-0.0058482887	-0.012278596	0.038825326	0.0930318371	-0.0558286777	-0.0332685649	0.025695026	0.0318422661	-0.0415717932	0.010954722	-0.0796335144	-0.084133066	0.0760538952	0.0438551697	0.0222177232	0.0754842319	0.0191289692	0.0892045206	-0.0303942217	-0.0730071541	-0.049850138	0.0208273343	0.0861880452	-0.0678755277	-0.0798175646	-0.0443910847	-0.0418568666	-0.0754900416	0.0485093828	-0.1008070972	-0.0635371565	0.0680234769	0.0619397877	0.0174786687	0.0179587318	0.002659637	0.0412971783	0.1226910851	-0.0360483783	-0.0014338663	0.0601425392	0.0448089324	-0.0407468218	-0.0015799454	-0.0701743704	0.0539810425	0.0858842305	0.0125505208	0.0391665678	-0.0145847512	0.0073146975	-0.0028644677	0.0560308513	-0.0632347132	0.0137897188	-0.0071657051	0.1094963399	-0.0701206413	-0.0113996205	-0.0549512416	-0.0076839116	0.0652939789	-0.0802034182	0.0426618292	0.0227795284	-0.0733236445	0.0759159322	-0.0028428452594653	-0.0223931501249552	8.08176916926433e-06	0.0005014531725187	0.1107181591990098	4.641413345041201e-05	0.0122585107764172	2.154271783952655e-09	-0.2825551145991696	-0.0285308924598339	0.0008140118245546	0.0798373927861498	0.0009709824282885	-0.0002679624832732	7.180389244194004e-08	9.42806876045032e-07	0.0018427477370255	0.0004246336864559	3.395719222312601e-06	1.8031376767321245e-07	-0.0005228952433312	0.0001024836635435	1.0502901293317798e-08	2.734194354983949e-07	0.0	0.0
1996.362298250764	4.75587215065957	3985462.425877073	22.618319913419285	2637.357729775565	-7.231415884835314	6955655.794806923	52.29337569944852	2065.120680352219	5.053661699054828	25.53949656849373	4264723.424418412	2272.588780624731	1569.230111965165	1.204526	28.140684	0.0237355563407085	0.0120215603434784	-0.0558879632	-0.0425544321	-0.0450642771	0.0323459937	0.0512986691	0.0874153768	0.0488539115	0.0032304721	0.0261623391	0.0648183163	-0.0364069687	-0.0171494513	-0.0299496315	-0.0839645049	0.0106849966	0.0500955085	-0.0618916146	-0.0552566598	0.0641121233	0.0032937073	0.0449124578	-0.0058582161	0.0072181733	0.0243913325	0.0072354365	-0.0879916634	0.0163032925	-0.0835892549	0.0581476896	0.011903406	0.0803062781	-0.0142122527	-0.0842164422	-0.0527216978	0.0294532435	0.0407120668	-0.1259227763	-0.0270929183	0.0177430157	0.0174868303	-0.0179863465	0.0414457349	0.0078125255	0.0628552641	0.0466474196	0.066487723	-0.0207639425	-0.0621509852	0.0683780422	0.0056408708	-0.0148318368	-0.0347070895	0.073480365	-0.0606459766	0.0540345994	-0.0379911028	-0.025494954	-0.043998341	-0.0414322974	-0.0669715698	0.0410475668	0.0655590369	-0.0401557558	-0.0163639245	-0.0238679778	-0.0628098906	0.0311361862	0.0704638352	0.0296736285	0.0874008805	0.0166595603	0.0716598803	0.0456274259	0.0329516091	0.0819993557	-0.0203765945	0.0523466975	0.1015349072	-0.0057882796	-0.0647545122	-0.0806360692	0.0069488783	0.0249955882	-0.0241887029	-0.0089340012	0.0520976264	0.0117627577	0.0138639991	0.03520507	0.0571299229	-0.0146412898	0.0115466465	-0.0555806262	-0.0059798738	0.0637218759	-0.0807737477	0.0462468756	0.0178113211	-0.0704959515	0.0781648097	0.0027293258737302	0.0055721711331955	7.44921972501312e-06	3.104909113761723e-05	0.1105253791361065	-0.0001927800629033	0.01221585943318	3.7164152653004576e-08	-0.2765995688280398	0.0059555457711297	3.546852543202178e-05	0.0765073214758575	0.0011600309030035	0.0001890484747149	3.5739325792067955e-08	1.3456716959231154e-06	0.0018426696125843	-7.81244411998932e-08	3.3954313011415744e-06	6.103428312795569e-15	-0.0005740698316446	-5.1174588313400026e-05	2.618838489045978e-09	3.295561716044595e-07	0.0	0.0
1993.3690858161224	-2.9932124346416917	3973520.3122874033	8.959320678893642	2639.769959586007	2.4122298104421134	6968385.43953271	5.818852658385595	2060.551293124672	-4.56938722754694	20.879299635269117	4245871.631597758	2276.376825066729	1626.7576277012483	1.117129	26.098896	0.0358997211297596	0.0186609293711437	-0.0149140201	0.042292995	0.0628911263	-0.0799051458	0.0312089754	0.0677881477	0.0594796269	0.0432922961	-0.0335154618	-0.0302207312	0.0544418893	-0.0796380913	0.0581575027	-0.0800432468	0.0716749613	0.0280209259	0.0548682642	0.0018850786	-0.0467105517	-0.0007983194	-0.0344040269	0.0419200352	0.0352921824	0.0378834147	-0.0159978863	0.0805628325	-0.0585555055	0.0173741935	0.0216691929	-0.0166149754	0.0395831151	-0.01658637	0.021912017	0.0673963156	0.026803745	0.0171884081	0.0435402886	0.0231216009	-0.0153700347	0.0041409838	-0.0290726779	0.0116464764	-0.0233391803	-0.0437886637	0.0104038722	-0.0913132583	-0.096123944	-0.0297435971	0.0710917683	0.038297141	-0.0077298775	-0.0644121411	-0.0255685299	-0.0312726946	-0.0017136302	-0.0118211183	-0.0612897639	0.0787444993	0.0309190781	0.0478092057	-0.0193030023	-0.0309235529	0.0144545171	-9.77374e-05	0.0720698748	-0.0667760216	-0.0083041264	-0.0721778489	0.0375507706	0.0187250266	-0.0739878679	-0.0099636054	-0.0294292621	0.0278958292	0.053581787	0.0360047589	0.0141313001	0.0332386752	-0.0607267359	0.1422402952	0.0189796837	-0.0646491426	0.0366702099	0.0396298649	-0.0075153157	0.0437915444	-0.0657313786	-0.0522379585	0.0938641915	0.0568344731	-0.0012864033	-0.0010170349	-0.0562039158	-0.0042732129	0.0620868871	-0.0812023727	0.0497051625	0.0127728206	-0.0672896215	0.0798654172	-0.0066575804243456	-0.0093869062980758	4.432337710662974e-05	8.811400984885513e-05	0.1036754335342635	-0.0068499456018429	0.0107485955185174	4.69217547482081e-05	-0.275752270700984	0.0008472981270558	7.179141161122778e-07	0.0760393147967487	0.0014364845387848	0.0002764536357813	7.642661273669971e-08	2.06348783016778e-06	0.0017716095157909	-7.106009679340008e-05	3.138600276440867e-06	5.049537356287388e-09	-0.0005452721421636	2.8797689481000077e-05	8.293069194441022e-10	2.973217090196812e-07	0.0	0.0
1991.878354802504	-1.490731013618415	3967579.3803307298	2.222278954963788	2670.3407750810898	30.57081549508257	7130719.855060675	934.5747600343806	2063.6045588645616	3.053265739889412	9.322431678382436	4258463.7753666015	2294.026097886944	1644.5860758320832	1.150333	26.874617	0.0722395657512719	0.0350068110440907	0.0542246644	-0.1163836661	0.078075029	0.0277422121	-0.0141453214	0.0411920167	-0.0973877047	0.0510744389	0.0386193865	-0.0116161145	-0.0553344022	-0.1547316038	-0.0409216902	0.0543076108	0.0102295616	0.0254777631	0.0428119566	0.1028467772	0.0264513126	-0.0579876523	-0.0080447989	0.0160910794	0.0224483483	0.0435091679	-0.074488053	0.1398827635	-0.0464368284	0.0565149881	-0.1006902308	0.0501917331	0.0373847724	0.0406592675	0.0676670815	0.0241321481	-0.0086719757	0.0144662812	0.0466007202	-0.0151033096	-0.0627141951	0.0571143638	-0.0411015754	-0.1228683385	0.0153632603	0.0887111531	-0.0148844413	-0.0425753968	0.0559692194	0.0388344526	0.0103727608	-0.1396577934	-0.0496617153	-0.0408536974	0.0969659105	0.0174196749	0.0856082293	0.0149089848	0.0334435618	0.0238254721	0.0081420203	-0.0221750748	0.0661291536	-0.0426293282	-0.0412352744	0.0276718146	-0.0166588875	-0.0038361511	-0.1036497077	0.1134821597	0.0421797938	-0.0487180069	-0.017095462	-0.0412495591	0.0936271336	-0.0117100604	0.0417040376	-0.0727918149	0.0420638358	0.0280146026	0.0479115805	-0.0478963784	0.0437317798	-0.0264903363	-0.0393856015	0.0577384714	-0.0597521871	0.0196811771	-0.0613518157	0.059526934	0.0583899437	0.0965271286	-0.036172953	0.0116746761	-0.0568210419	-0.0025646777	0.060390626	-0.0814885411	0.0530272111	0.0076839116	-0.0637218759	0.0810058262	0.0194732976614631	0.0261308780858087	0.0003792093218119	0.0006828227895353	0.1104743127235394	0.0067988791892758	0.0122045737717383	4.622475823036884e-05	-0.2552969759046917	0.0204552947962923	0.0004184190852032	0.0651765459060807	0.0014370772062848	5.926674999999319e-07	3.512547655561693e-13	2.065190896823325e-06	0.0015779745365611	-0.0001936349792297	2.4900036380352185e-06	3.7494505181325055e-08	-0.0007281347690317	-0.0001828626268681	3.343874030510199e-08	5.301802418728472e-07	0.0	0.0
1990.633928820366	-1.2444259821379546	3962623.438570806	1.548596025020013	2660.4944784981863	-9.846296582903506	7078230.870119336	96.94955639849724	2061.311560366334	-2.292998498227462	5.257842112873395	4249005.348899891	2291.033547905349	1625.2512680771672	1.263819	29.525934	0.0681229521883393	0.0353033468301616	0.0180442446	0.1357340076	0.0658943748	0.0239433281	0.0035614805	-0.0907839561	-0.061307298	0.0024062803	-0.0536765635	-0.1260612438	0.0059861036	-0.027777049	0.0107179864	-0.0067344248	-0.0951284314	0.0259419714	0.0061558251	0.0514510559	-0.0209960665	-0.0659923615	-0.0605132547	-0.0123928364	-0.0280421053	-0.0169798683	0.0798753628	0.0624906845	0.0755176901	0.0375336034	-0.0108878797	-0.0521493188	0.0067557838	-0.0487030924	0.0096190348	0.0320458449	0.0649982334	0.1075264631	0.0011769536	0.0165276947	0.0545304755	0.0035871318	-0.0131320937	-0.0821335575	-0.0054987005	-0.0793622194	-0.1334924012	-0.0649833806	0.0517134124	0.0272860637	-0.0293332405	-0.004354722	0.0123433603	0.0075979307	0.0384486778	-0.1355767149	-0.0331813122	0.0240046367	0.0236326301	0.0557967707	9.47635e-05	0.0674439468	-0.0127148914	0.0903716918	-0.0655281547	-0.0052026816	-0.0152161204	0.0132028253	-0.0446585818	-0.074692069	0.0336820168	-0.0335268396	0.0626565771	-0.0376049812	-0.0865363508	0.1037814689	-0.0044216264	-0.0105640522	-0.0788057056	0.0035018725	-0.0729989884	0.0198400621	0.0598371634	-0.0360040406	0.0282439359	0.0331243667	-0.0844783738	0.0461051279	-0.0136096745	0.0224457562	0.0199694041	0.0972097908	0.0545454459	-0.0493824722	-0.057431937	-0.0008550176	0.0586347667	-0.081631751	0.0562039158	0.0025646777	-0.0598118772	0.0815780375	-0.0115830699401726	-0.0310563676016357	0.0001341675092389	0.0009644979686079	0.1104154401147212	-5.887260881820566e-05	0.0121915694157275	3.465984069061467e-09	-0.2675398503478021	-0.0122428744431103	0.0001498879746297	0.0715775715241243	0.0015264596883273	8.938248204250015e-05	7.989228096077861e-09	2.330079180088278e-06	0.0017721071201985	0.0001941325836373	3.140363645458221e-06	3.76874600297321e-08	-0.0005163530840161	0.0002117816850156	4.485148210804685e-08	2.666205073729376e-07	0.0	0.0
1986.9924596920184	-3.641469128347581	3948139.0348729375	13.260297412708487	2652.877643585205	-7.616834912981176	7037759.791834191	58.01617409160896	2064.5501288405985	3.238568474264412	10.488325762499318	4262367.234495732	2284.5383675816547	1597.3212888797025	1.200967	28.057539	0.0314951184906285	0.0221035253196334	-0.0676938874	-0.050031675	0.0338986421	0.0849798094	0.1028548311	-0.0097325119	-0.0543469681	-0.0666472187	0.0193782523	-0.0828031502	0.0052665467	0.0440492235	-0.0940191179	-0.0096415575	0.0560454427	0.1091895344	-0.0071178777	0.0072548645	-0.0001986814	-0.0426059203	-0.0036353593	-0.041382471	0.0117614232	-0.0717878842	0.001589855	0.0470166635	0.0661661662	0.111686475	0.1101791314	0.092314691	0.0422783405	0.0028729618	-0.0379086504	0.032428161	0.0706926934	-0.0737079486	0.0121457356	-0.0126128221	0.0599808437	-0.1006258276	-0.0138626087	-0.0413119098	-0.0287718368	0.0462447159	-0.0879674654	0.041211354	0.0059231111	0.042334037	0.0034962373	0.0306331071	-0.1170703139	-0.0806576386	-0.0088665327	0.0168059606	0.0192986591	-0.0043220905	0.0188685166	0.100517624	0.0089941017	0.0687644464	0.0322997351	0.0017354421	0.0224094055	0.0477435955	-0.0154825294	-0.0377472768	0.0020649787	0.0300662749	0.0055672756	-0.0108760037	0.0482106059	0.0805742241	0.0967558473	0.0656713351	-0.0102106674	0.0404978854	-0.0260302828	0.1178892239	0.060940898	0.0367318578	-0.0168436731	-0.0813444953	0.0397461109	0.0944683161	-0.0145927019	0.0001418102	0.0411014547	0.0008380517	0.0504323197	0.0485930324	0.0392083628	-0.0306519393	-0.058036534	0.0008550176	0.0568210419	-0.081631751	0.0592265694	-0.0025646777	-0.0555806262	0.0815780375	-0.0098125731667835	0.001770496773389	9.628659215347956e-05	3.134658824581211e-06	0.1105682064833786	0.0001527663686574	0.012225328284951	2.3337563392771328e-08	-0.2495239292560001	0.018015921091802	0.000324573412786	0.0622621912713533	0.0013659771750026	-0.0001604825133247	2.575463708301252e-08	1.865893642628084e-06	0.0018426491670291	7.054204683059999e-05	3.395355952753036e-06	4.976180371050562e-09	-0.0005162589590358	9.41249802999429e-08	8.859511916464639e-15	2.665233127847279e-07	0.0	0.0
1988.28804850926	1.2955888172416508	3953289.3638447616	1.6785503833616195	2635.656042916434	-17.22160066877086	6946682.776561917	296.583529594609	2055.048237263656	-9.501891576942398	90.2859435399689	4223223.25748046	2268.569722370929	1622.593784960642	1.174194	27.43206	0.0861320997021508	0.0423592765961271	0.0968378722	0.0231350825	0.0105194518	0.0683121316	0.0677918186	0.0751132481	0.034823987	0.0263904373	-0.0308944397	0.0522047072	-0.0320978404	0.0237515229	0.0053575515	-0.0602414693	0.0774983412	0.0561738095	0.0640114366	-0.0621229407	-0.0012616526	0.043102636	0.0150563281	-0.1025279956	0.0077333848	-0.0762116732	0.0329362523	-0.0491861008	0.0660524845	-0.0976023511	-0.0282287341	-0.0070768314	-0.063355321	0.0157057241	0.0351314956	0.094596541	-0.0245023808	0.0385952002	-0.0220415455	0.0958045317	-0.0106639325	-0.0155804133	-0.0281195204	0.0227555955	0.060650305	-0.0155863883	0.0559983845	0.0211216243	-0.0949557262	-0.0718617795	0.0683440608	0.0144031581	0.0014877988	-0.0671064684	-0.039992465	-0.0474126053	-0.0758825329	0.0496403237	-0.0934322845	-0.033835327	0.0001087294	-0.0721757499	-0.0315782738	0.0539018272	0.0628737225	0.092422733	-0.0119388447	0.0905972166	0.0030315614	-0.1143003086	-0.0150459954	0.0370953712	-0.0451103316	-0.1047522851	0.0562802196	0.0899870897	0.0192324517	0.0402380363	0.0055896914	0.0772219973	-0.0518972369	0.0553274795	-0.0660246828	-0.0862219813	0.1337541898	0.025880827	-0.0375056635	0.0914089408	0.1299037794	-0.0782512981	0.0309005442	0.0821520844	-0.0210579586	0.0242199379	-0.0586347667	0.0025646777	0.0549512416	-0.0814885411	0.0620868871	-0.0076839116	-0.0510508491	0.0810058262	0.0073540405922472	0.0171666137590307	5.408191303241955e-05	0.0002946926279517	0.1047372790143441	-0.0058309274690345	0.0109698976153285	3.399971514914114e-05	-0.2787087352789257	-0.0291848060229256	0.0008517529025957	0.0776785591207782	0.0016611022544225	0.0002951250794198	8.709881250260224e-08	2.759260699647512e-06	0.0016639029803344	-0.0001787461866947	2.7685731279656985e-06	3.1950199257896583e-08	-0.0007213827419444	-0.0002051237829086	4.207576631473447e-08	5.203930603752208e-07	0.0	0.0
1990.1224843425043	1.8344358332442423	3960587.502685581	3.3651548262904982	2641.664285387312	6.008242470877576	6978390.1966908565	36.09897758885708	2057.805485573136	2.757248309480019	7.602418240130423	4234563.416454891	2276.685449596937	1568.3630269111932	1.233702	28.822317	0.066759711258888	0.0282565693224837	-0.102283054	0.0803268465	0.0440117955	0.0267367503	0.0051069186	0.0632586417	0.0839251797	0.0043399105	-0.0903993735	-0.0422299774	0.0466515947	-0.0382088327	-0.062478338	-0.0056670405	0.0732606296	0.0765064319	0.044766111	-0.0109059254	-0.135464823	0.0349045977	0.0409145805	0.035050706	0.061757269	-0.0021760349	-0.0838890569	-0.061226767	-0.0312538651	0.011214001	0.0316682507	-0.036552934	-0.053522581	0.0919904062	-0.0509985514	-0.0025678149	0.0941760661	-0.0143352564	-0.059691651	0.0713128244	-0.0289504216	0.0298944993	0.1452131481	0.0112802488	-0.0955173082	-0.0394185478	0.0229637962	-0.0400433953	-0.1083336287	-0.0401849522	-0.0210528478	-0.0032241638	-0.0439770997	-0.0892462811	0.071244457	0.0368918684	-0.000698589	-0.0233511586	-0.0245058056	-0.0226609994	0.120552378	-0.0123189321	-0.0422607036	-0.0218465556	0.0420182804	0.104440238	-0.0702624734	0.0281808255	0.0942459325	0.043474989	0.0522482734	-0.0578765029	-0.0371046309	0.0826217302	-0.0620150445	0.0799076667	0.0130637565	-0.0046609853	0.0141298758	0.0194818283	0.0142251725	-0.0079002921	-0.0074166016	-0.0242147087	-0.0486246119	-0.0038605322	-0.0720603595	0.0465936913	-0.0186342071	-0.0247345258	0.0723169997	-0.0201411022	0.0109286032	0.0533289587	-0.0592265694	0.0042732129	0.0530272111	-0.0812023727	0.064777029	-0.0127728206	-0.0462468756	0.0798654172	-0.007552416011137	-0.0149064566033842	5.703898760527852e-05	0.0002222024484685	0.1105807862098942	0.0058435071955501	0.0122281102787983	3.4146576344445816e-05	-0.265212420435617	0.0134963148433087	0.0001821505143497	0.0703376279533184	0.0013658651756619	-0.0002952370787606	8.716493267509278e-08	1.8655876780859128e-06	0.0015651842865236	-9.871869381079984e-05	2.449801850780391e-06	9.745380507710453e-09	-0.0004650698621829	0.0002563128797615	6.569629233163318e-08	2.162899767108216e-07	0.0	0.0
1990.06351126302	-0.0589730794843035	3960352.7788605	0.0034778241038619	2632.279038020543	-9.385247366768908	6928892.934002355	88.08286813544272	2058.958840762868	1.153355189731883	1.330228193681468	4239311.5079555735	2279.40243640578	1595.895743717612	1.084586	25.338596	0.0341495033460694	0.0187665122774057	-0.0292098651	-0.0319171304	0.0036893211	0.0669580624	0.0313262062	-0.0938729578	0.0446149305	-0.0382812425	-0.067906062	0.0723877127	0.0686815784	0.0162587553	-0.0732730583	0.0400476367	-0.0234188851	0.0576678067	0.0174151146	0.0412217436	-0.0192791217	-0.0650008588	0.1005958693	0.0497162438	-0.0144690978	0.0158955482	0.0012455978	0.0165012885	0.0256056221	0.0406486101	-0.0642390935	-0.0258702561	0.0298636783	0.039972306	0.0732668374	-0.0502556172	-0.003543798	-0.0104912657	0.013727614	0.0750584259	0.0633888564	-0.025092518	0.0289704172	-0.0162602647	-0.1087461299	-0.0003037219	0.0747068549	0.0784492022	0.0181303567	0.0421368332	0.0070077783	0.0145444963	-0.0295537082	-0.0644587905	0.0104878667	0.0093058634	0.012115417	0.0936589157	-0.0044840136	0.0342459919	-0.0207499604	-0.0822042234	0.046473226	-0.0624405819	0.0641956967	-0.0409188625	-0.0433224707	0.0010859009	0.0217487479	0.0376914669	0.0479043367	-0.0807521958	0.0378304423	-0.0235051922	0.0524964921	-0.0072497686	-0.0074692401	0.0912905155	-0.0664560066	-0.0142955203	0.0151857154	0.0460317385	-0.039994323	-0.0315455122	0.0063919788	0.0905418599	-0.0804656016	-0.0488888304	0.0572434194	-0.0125145358	-0.0444007796	0.0228961652	0.0160997701	0.074343614	-0.0598118772	0.0059798738	0.0510508491	-0.0807737477	0.0672896215	-0.0178113211	-0.041194508	0.0781648097	-0.0071623596626153	0.0003900563485216	5.129939593665876e-05	1.521439550220819e-07	0.1105854441471336	4.657937239402332e-06	0.0122291404572188	2.1696379326211015e-11	-0.2792036024689253	-0.0139911820333082	0.0001957531746891	0.0779546516316256	0.0013660467615572	1.8158589530008039e-07	3.2973437371931745e-14	1.8660837547609136e-06	0.0018290945586696	0.000263910272146	3.345586904554739e-06	6.964863174417578e-08	-0.0005962501446816	-0.0001311802824987	1.720826651643875e-08	3.55514235032829e-07	0.0	0.0
1998.372738329045	8.30922706602496	3993493.6012967257	69.04325443476176	2640.001977103097	7.722939082554149	6969610.439108261	59.64378807284231	2066.460542566636	7.501701803767901	56.27552995265458	4270259.173984795	2272.3762325739904	1603.5302876379872	1.058126	24.72044	0.056030562710876	0.029375209866022	0.0168868181	-0.0062931826	-0.0635154638	0.0535109321	0.1169866854	0.0960612636	0.0564062734	0.0949959862	-0.0350746667	0.0762459089	-0.0255972093	0.0547618541	-0.1401038047	0.0046275367	0.112148103	-0.0235171066	-0.0456201182	-0.0008057165	0.0654257811	-0.0155707088	0.0094286351	-0.0642098783	-0.036157913	-0.0456324906	0.076376743	-0.1172623119	-0.0261315756	0.064735073	-0.1083497758	-0.0081810743	-0.0047592403	-0.0091243001	0.0781685027	-0.1870416095	0.037250385	0.0416935855	0.0627727663	-0.0723053664	-0.0486443215	-0.0165949536	-0.0990499703	0.0413546007	0.0267643181	-0.0508323881	0.0948825118	0.0860210031	0.0338340567	-0.0508764813	0.0154007343	0.0340688797	-0.1064977459	-0.1179398754	-0.0109789595	0.0010374589	0.0315466375	-0.0140526573	0.0662720048	0.054377986	-0.0229493226	0.0252478692	-0.0110359961	0.0288964754	0.0596802845	0.0426169359	0.0768463932	0.0827135649	-0.1346662858	0.0543380842	-0.0096712877	0.0176093106	0.0841739003	-0.0465267096	0.0096840762	0.0268850278	0.0066234793	0.0378907937	0.038256324	0.1151685314	0.0355209365	-0.0210660946	-0.0744507397	-0.0507432564	0.0057863081	-0.069335374	-0.0919218295	0.0748466717	-0.0195536537	0.0458149504	0.1018185484	-0.0461612297	0.1751921441	0.0622367788	-0.060390626	0.0076839116	0.0490241061	-0.0802034182	0.0696177779	-0.0227795284	-0.0359208828	0.0759159322	-0.0201810779317241	-0.0130187182691088	0.0004072759064863	0.0001694870253704	0.1104867255396016	-9.871860753200844e-05	0.0122073165204632	9.745363473058717e-09	-0.3038052893202305	-0.0246016868513052	0.0006052429959296	0.0922976538189489	0.0011679559565965	-0.0001980908049607	3.92399670099781e-08	1.3641211165492451e-06	0.0017321943367745	-9.690022189509996e-05	3.0004972203536502e-06	9.389653003319612e-09	-0.0005250123918788	7.123775280280006e-05	5.074817424392848e-09	2.756380116262987e-07	0.0	0.0
1996.559664393045	-1.8130739359999095	3986250.4934812686	3.2872370974022047	2654.250770568848	14.248793465751078	7045047.153065324	203.0281152296306	2069.2471000607275	2.7865574940915394	7.764902667877719	4281783.56110973	2284.9964730924257	1606.0062230893072	1.108131	25.888681	0.0294739522296145	0.0158849134555902	-0.0407048394	0.107193592	-0.0187337039	-0.0377280951	-0.0586561884	0.0124161975	0.0871249992	0.0380716353	0.0475576127	-0.1103495876	0.0635131399	-0.0315420309	-0.0613919282	-0.0290829938	0.045433522	0.0252386363	-0.0764645616	-0.0304223294	-0.0821065039	-0.0666279404	-0.1360285383	0.0155489864	0.0366645883	-0.010681832	-0.0014038661	0.0711242994	-0.0672153638	0.0573539627	-0.0552166926	-0.090052255	-0.0037094488	-0.0513840843	-0.0345272917	0.0200411045	-0.1065129871	-0.0661514092	0.0131197733	-0.0294724315	-0.0874850004	0.0758076469	0.0261503621	0.0686027612	-0.039640541	-0.0466857962	-0.0933736377	-0.0809769662	0.0513799584	-0.0793910898	0.0276401454	-0.0404148682	-0.0176437217	-0.1035314022	-0.0087820861	-0.0201427042	-0.0484684719	0.0330853924	0.0779463937	-0.0701616675	0.0059616134	-0.0443868805	0.0344040909	-0.0183785399	-0.0147597053	-0.0466276477	-0.021057799	-0.0212431579	-0.0164949148	-0.0189010185	0.010840733	0.0937500943	0.0355384413	0.0662291603	-0.0574019197	0.0652664776	0.0012561118	-0.0305552325	0.01843036	-0.0121295032	-0.0538007478	0.0720916081	-0.0117102873	0.0515168153	-0.0642344787	0.0332434404	-0.0448157232	0.0736122502	0.1076282808	0.0408834577	0.0180009701	0.0068934801	0.0412767993	0.0091690497	-0.0609627523	0.009384579	0.0469489822	-0.0794923845	0.0717551168	-0.0276578354	-0.0304543249	0.073134559	-0.0072214248980202	0.0129596530337038	5.214897755774605e-05	0.0001679526067539	0.114650831906772	0.0041641063671704	0.0131448132569148	1.7339781837109117e-05	-0.3016721260441102	0.0021331632761202	4.550385562588235e-06	0.0910060716319735	0.001294396792718	0.0001264408361214	1.5987285039104008e-08	1.6754630569986448e-06	0.0017392079544689	7.013617694399911e-06	3.024844308887895e-06	4.919083316319952e-11	-0.0004541262546423	7.088613723649998e-05	5.024844452311909e-09	2.062306551554431e-07	0.0	0.0
1993.511549697865	-3.0481146951801747	3974088.298778783	9.29100319497333	2642.3417200360977	-11.90905053275037	6981969.765443323	141.82548459160188	2063.551145409336	-5.695954651391276	32.44389939070591	4258243.329720183	2282.622584961778	1621.408105277775	1.199022	28.012117	0.0321408911583425	0.0153303330637455	-0.0506332894	-0.103034438	0.0139971953	-0.0095805893	0.0281083153	-0.0453535102	0.0246081819	-0.0148424243	0.1152133041	0.0119075738	0.0678251325	-0.0248469487	0.027964061	-0.0333887164	0.0054370529	0.0172468785	-0.0132731133	-0.0378468068	-0.0334778021	0.040966426	-0.0748627859	-0.0014929465	0.0697091824	0.0652426785	0.02003909	0.0084140754	0.1008643982	0.0880734875	-0.0312601791	0.0415859794	0.0293680763	0.0189778723	0.0232335975	0.0803848728	-0.0131366417	0.0346359322	-0.0029285541	-0.0113947847	0.0471737563	-0.0247963337	-0.004206584	0.0475248483	-0.0306117053	0.1034319866	-0.0068165051	-0.0606538584	0.0308732314	0.0525249113	0.0865136241	-0.0104292181	-0.044626628	0.0185642834	-0.0244646122	-0.0368027338	-0.0167219091	0.1007059347	0.0304324918	0.0902021724	-0.065162611	0.0453001328	0.0630249545	-0.0544560592	0.0274263012	0.0159133896	-0.0843118117	0.0542717459	-0.0126253441	-0.0561205471	0.0278629452	0.025022831	-0.0342774519	0.0937758765	0.1013891823	-0.0129800326	0.0355864416	0.0888193193	-0.0283121123	0.0208975443	0.0874630879	0.0169361088	-0.0104620661	0.0108805653	-0.0423321565	0.01213096	-0.0943781485	0.0364732244	0.036241606	-0.0241970819	0.0114272744	0.002044122	-0.0034055329	-0.0329810295	-0.0615281933	0.0110811301	0.0448275254	-0.0786418943	0.0736957799	-0.0324269895	-0.0248241955	0.0698401994	0.0028094736893109	0.0100308985873311	7.893142410930198e-06	0.0001006189264693	0.1105803420172577	-0.0040704898895143	0.0122280120406536	1.6568887940638187e-05	-0.290161182809328	0.0115109432347821	0.0001325018141543	0.0841935120093082	0.0013439182191647	4.952142644670007e-05	2.452371677315925e-09	1.8061161798028183e-06	0.001695171795756	-4.403615871289993e-05	2.8736074171266217e-06	1.939183274187712e-09	-0.000491139858417	-3.701360377469996e-05	1.3700068643904832e-09	2.412183605258708e-07	0.0	0.0
1993.1180651784875	-0.3934845193773526	3972519.6217408376	0.1548300669896262	2652.8167212350027	10.47500119890492	7037436.5564640295	109.72565011705952	2056.911658022584	-6.63948738675208	44.082792758839965	4230885.568909216	2275.832879754229	1635.8897406949673	1.189707	27.794498	0.06651792350228	0.0348514169925092	0.08673765	0.0123481292	0.0026878606	-0.0162454547	0.0588170453	0.0534961238	-0.0176256113	0.1164544764	0.0402602066	0.0189809686	-0.0105401623	-0.0463408475	-0.0043274775	-0.0483946572	0.0277203553	0.1003020063	0.0565799686	-0.0086084661	0.0491184785	0.0589428478	0.079449685	-0.0205202806	-0.0314604651	-0.0074083642	0.0056562773	-0.0783797523	0.0595588908	0.0623208167	0.009278567	0.0486015663	0.0119609451	-0.0139240233	0.0527990978	0.0856881721	-0.0494026326	0.0027283873	-0.0557101814	0.0926328525	0.0188931365	-0.0201342739	-0.0219981471	-0.0022617885	0.0987260838	0.0144821132	0.0672493741	-0.0778357389	-0.0537693386	-0.0600355244	0.0262501292	0.013555994	-0.0089114235	-0.0128557362	0.0635465168	-0.0683064066	-0.0672140177	-0.039007895	-0.1117643955	-0.0452307915	0.040838473	-0.0022754892	0.0454178038	-0.0540487436	0.115867864	0.0122125918	-0.0703974131	0.0654562374	0.0829794492	-0.0265090779	-0.0088439567	-0.0101898943	-0.078392348	-0.1283635413	-0.0194995761	0.0064634985	0.0110737107	0.0834060967	0.0130279999	0.0263875586	-0.0620775686	0.0230128004	-0.0650798161	0.0289120223	-0.0340680757	-0.0633450603	-0.0562943101	-0.0049165396	0.0441552795	-0.1191187311	0.0635760235	-0.0592349644	0.0042914977	0.0457097511	-0.0620868871	0.0127728206	0.0426618292	-0.0776534394	0.0754344479	-0.0370681691	-0.0190607341	0.066055961	-0.0096623245591871	-0.012471798248498	9.336051588707018e-05	0.0001555457515512	0.1397747140350276	0.0291943720177698	0.0195369706835737	0.0008523113575119	-0.2952512278152852	-0.0050900450059571	2.590855816266949e-05	0.0871732875264334	0.0011559233692999	-0.0001879948498647	3.5342063575688686e-08	1.336158835693633e-06	0.0015436857332935	-0.0001514860624624	2.382965643173891e-06	2.2948027120392442e-08	-0.0005468931106908	-5.5753252273800014e-05	3.108425139105986e-09	2.990920745210596e-07	0.0	0.0
1993.8570446839408	0.7389795054532442	3975465.9146357775	0.5460907094799213	2641.3491794041224	-11.467541830880236	6976725.487538831	131.50451564298805	2061.266624130121	4.354966107536711	18.96572979779345	4248820.095752785	2278.0088017737803	1593.3851812730672	1.206853	28.195049	0.0335514274597116	0.0157806089971641	-0.0761654503	0.0095739768	0.0164830519	-0.0256692417	-0.01141406	0.1202928615	0.0654944821	0.0080640993	-0.0845937071	-0.040279634	0.0072743087	-0.0047133319	-0.0337940303	-0.0127358172	0.0588654942	-0.0138829869	-0.0170361358	0.021477367	-0.0848570163	0.0754495392	0.0657071929	-0.0415692129	0.0695215958	0.0264115544	0.0846348012	0.0107846692	-0.0661160109	0.0036436006	0.062395751	0.0012127296	-0.0045736696	-0.1388002584	0.0823621796	-0.036430641	0.0183399333	-0.0133516968	-0.122822756	-0.0091071391	0.0096012536	0.004459469	-0.0610629864	0.0228832518	-0.0710720109	-0.0313306134	0.0245495853	-0.0449947766	-0.0264095185	-0.0668922727	-0.0600475354	0.0376412278	-0.0232772662	0.0106384988	0.0261164096	0.0659877703	0.002341798	-0.0108823896	-0.0043644025	-0.028687795	0.0855189513	-0.0006631556	-0.0243081806	0.0450565817	-0.0317482623	0.0712156475	-0.1183575398	-0.0151092631	0.0407418789	0.1035657219	0.0289340671	-0.0535527351	-0.0247357255	0.0411328235	-0.0390103432	-0.0163205255	-0.0112231686	-0.0358813928	0.1017801001	0.007819372	0.0487092607	0.05546897	-0.0285135719	-0.0494573848	-0.0401218866	0.0225363741	0.0080154809	0.0153764929	-0.0278905856	0.0196452782	0.0914626657	-0.0154802156	-0.0059948238	0.0787786367	-0.0626387723	0.0144589085	0.0404540309	-0.076528754	0.0769663555	-0.0415630576	-0.0131948967	0.0618083875	-0.0117704511800695	-0.0021081266208824	0.0001385435209823	4.444197849673051e-06	0.1296814172995084	-0.0100932967355191	0.0168172699928092	0.0001018746389912	-0.2901417745814001	0.005109453233885	2.610651234925854e-05	0.084182249357244	0.0012978403284104	0.0001419169591104	2.0140423283171323e-08	1.684389518048415e-06	0.0016027273894323	5.904165613879989e-05	2.5687350848364754e-06	3.485917159612286e-09	-0.0004230407085516	0.0001238524021391	1.5339417515650103e-08	1.7896344109183978e-07	0.0	0.0
1996.1930169524087	2.3359722684679127	3984786.56092956	5.456766439051126	2634.267166137696	-7.082013266426202	6939363.502591128	50.15491190583672	2052.9046425699185	-8.361981560202366	69.9227356131644	4214417.471485125	2272.943913523794	1625.6983754565706	1.109169	25.912922	0.0974145799982992	0.0481478709627643	0.0617183636	-0.0474662367	-0.0184965377	0.0143035798	-0.0365075466	0.0665413878	-0.0261033887	0.0412622438	-0.0132465296	0.159348649	-0.087541702	-0.0618047427	0.0202210425	-0.0300027017	-0.0305755173	-0.0886382731	0.0827203927	0.0207313962	0.0137656364	-0.028602264	0.0829848067	-0.0018550227	-0.0463064097	-0.0381363218	0.017389064	0.0048488494	-0.0918166749	0.0240701385	0.0129008511	-0.1022046678	-0.0722436458	0.045609791	-0.0185263131	0.0334043842	0.001296351	-0.0059606538	-0.0132149066	-0.006265585	0.0523205891	-0.0452395594	0.0484820769	-0.0482243753	0.0322456123	0.0031926001	0.0980081159	0.064883079	-0.0314136285	-0.0845339385	0.0127205774	-0.0218042001	0.0938652419	0.0437557321	0.074796602	0.0659612248	0.1072264525	0.0464877032	0.1306726947	-0.0373957584	0.0833830137	0.0296981926	0.0796593433	-0.1287850568	0.0632714752	-0.0673173429	0.0608775212	-0.030243935	-0.0057842794	-8.67992e-05	0.0156595923	-0.0369768316	0.0059997304	-0.1040650932	0.0186873394	-0.0477476475	0.0264949768	-0.0206796173	0.0706005767	0.0071368379	-0.0361857396	-0.01967404	-0.0324068083	-0.0697213055	0.0048828951	0.0663615561	-0.0242384613	0.0015539406	-0.0358559327	0.0532488279	0.0172011893	0.0147791103	-0.0113600155	0.1135796973	-0.0631837885	0.0161386543	0.0382063093	-0.0752698111	0.0782873035	-0.0458939156	-0.0072581889	0.0571272725	0.0018867282393557	0.0136571794194252	3.55974344918226e-06	0.0001865185496943	0.147316389586436	0.0176349722869275	0.0217021186407825	0.0003109922475607	-0.3166216898326865	-0.0264799152512864	0.0007011859117153	0.1002492944725059	0.0017780272230694	0.0004801868946589	2.305794538022535e-07	3.161380805975881e-06	0.0015458990246044	-5.6828364827899965e-05	2.3898037942728352e-06	3.229463049012898e-09	-0.0006788757098779	-0.0002558350013262	6.54515479036279e-08	4.608722294622226e-07	0.0	0.0
1997.475162899185	1.2821459467763816	3989907.026399126	1.643898228835104	2632.304295676095	-1.9628704616011416	6929025.905034823	3.85286044902628	2066.2582864200367	13.35364385011826	178.31980407580124	4269423.306199467	2282.2122948756523	1630.9395380441058	1.08381	25.320475	0.0709976217066804	0.0333064128209717	-0.0356768168	0.0631201698	0.0420129521	-0.0549875503	-0.0781123279	0.0014572463	-0.0035376314	-0.0144120274	-0.1026252141	0.0106843297	-0.0011695396	0.0185018174	-0.0007408843	-0.0691782287	-0.049727062	-0.111753051	-0.0295344226	-0.0159729619	-0.0567665751	0.0069525318	0.0195823827	-0.0294987764	-0.0311862247	0.0023779184	0.0064270552	-0.0277011899	0.0524730049	-0.0009941862	-0.0530248687	-0.1080424956	0.0046625885	0.0696654674	-0.1189011934	-0.011553015	-0.0508399662	0.0657576272	0.058958179	0.0141738358	-0.0017142289	0.0746737848	-0.0229218925	-0.0352775621	-0.0468869733	-0.0803858545	-0.0150189042	0.0197690123	0.0059892031	-0.0770869499	-0.008946698	0.0196430184	0.0462618563	0.0240699395	-0.0703810428	0.1172604845	0.0169560995	0.0440832811	0.0122448696	-0.03779576	-0.0019265243	0.0305683393	0.0790137068	-0.0511691456	0.0442573891	-0.0774595616	0.0200074906	-0.0088060394	-0.063411316	0.0005363859	0.0661980292	-0.0060379363	0.061965637	0.0381504018	-0.0890263354	-0.0009903834	-0.0123698713	-0.0456638939	0.0525789429	-0.0344640811	-0.0243818653	0.0235881187	0.036361093	-0.0064038987	-0.0697841498	-0.0076104761	-0.0965028159	-0.0034549418	0.0654133807	-0.0024976508	-0.0834322935	-0.0206608635	0.0368772177	0.0498132949	-0.0637218759	0.0178113211	0.0359208828	-0.0738788195	0.0793936715	-0.0500436514	-0.0012824971	0.0520454508	-0.0054466489904854	-0.0073333772298411	2.966598522555563e-05	5.377842159515193e-05	0.1442284900078903	-0.0030878995785457	0.0208018573299561	9.535123807182813e-06	-0.3441890129091902	-0.0275673230765036	0.0007599573016043	0.1184660766074026	0.0014258564253963	-0.000352170797673	1.2402427073370746e-07	2.0330665458439147e-06	0.0016141846376169	6.82856130125001e-05	2.605592044318403e-06	4.662924944492923e-09	-0.0004391516841277	0.0002397240257501	5.746760852188253e-08	1.928542016721952e-07	0.0	0.0
1994.88816972552	-2.586993173665178	3979578.809710834	6.69253368059023	2655.803298950196	23.499003274101145	7053291.162714745	552.2031548762162	2059.7054833163734	-6.5528031036633365	42.93922851537985	4242386.678003536	2287.6569828420825	1637.4022646106655	1.133634	26.484478	0.0682652709971255	0.0407791049937809	-0.0223200318	-0.070155401	0.0138187018	0.0323467999	0.0804493841	-0.0977261093	-0.1049904469	-0.0795920869	0.0327628627	-0.0513420381	-0.0387745736	-0.007979071	-0.0063375592	0.0533266323	0.0116228015	-0.0603607381	0.036462354	0.0054562442	-0.0319165132	-0.08446029	0.0078313535	-0.0110749233	0.0354759812	0.124355443	-0.1113389006	-0.0312342067	0.0154412431	0.0414880473	0.0569847694	-0.0205934099	-0.0483519572	0.0094868756	-0.0697006994	0.0223543325	-0.0111383441	0.059099723	0.0055568669	-0.06114633	-0.0413050659	-0.0427272317	-0.000217406	-0.0480648939	0.0113607739	0.0918862959	-0.1113695395	0.0342394956	-0.0016907647	0.0557450769	-0.0685076805	0.0437973395	-0.0081034792	-0.0140423155	-0.022720639	0.001672146	0.0186094656	0.0008367801	-0.0455543032	0.0483039396	-0.058902045	0.0618704898	0.0465638213	-0.0484848447	0.0691273706	0.0355338579	-0.0209591463	-0.1403940127	0.051219893	-0.0091225468	-0.0198536223	0.0160667538	0.0671984674	0.0458531021	0.0824886785	-0.0050473515	-0.0173565158	0.1092158856	-0.0356541778	-0.0070678815	0.0179558931	-0.01109327	0.0272202008	-0.023783276	-0.0316524478	0.0587168752	-0.0144499482	0.0070240162	0.0468666047	-0.0001279325	-0.0802091184	-0.0357176044	-0.0087417603	-0.0256461401	-0.0642529755	0.0194761753	0.0336000067	-0.0723582192	0.080282427	-0.0539958877	0.0047000831	0.0465985677	-0.0084989774976378	-0.0030523285071524	7.223261850535369e-05	9.3167093155752e-06	0.1308866317732935	-0.0133418582345967	0.0171313103769577	0.000178005181152	-0.3085085228502038	0.0356804900589863	0.0012730973708494	0.0951775086712147	0.0013810125577036	-4.4843867692700165e-05	2.010972469640397e-09	1.9071956845350389e-06	0.0017470969686255	0.0001329123310085	3.052347817780412e-06	1.7665687734139622e-08	-0.0005852073693542	-0.0001460556852265	2.1332263186982457e-08	3.424676651464631e-07	0.0	0.0
1992.6118479286856	-2.276321796834281	3970501.9765057713	5.181640922742852	2639.66280419486	-16.14049475533602	6967819.719849872	260.51557094702963	2056.53173828125	-3.1737450351233747	10.072657547970271	4229322.7905581	2274.3989274095543	1651.7735550099935	1.046249	24.442953	0.0605693282012765	0.0260527735048178	0.0798014296	-0.0359376381	0.0146078969	0.0337325917	0.0504360617	0.1099494624	-0.0570411265	-0.0414809402	0.0607186471	-0.0190788997	-0.0572448578	0.0188382323	0.0808971359	-0.0723767454	0.1380949707	0.0050372137	0.0820510138	-0.0562321486	0.053751211	-0.010109904	0.0462039552	-0.0122982245	-0.033101621	0.0542677661	-0.023560542	0.0720916221	-0.0304604502	-0.0376968808	-0.0760229366	0.0481781232	-0.103099944	-0.0383767255	0.0600411694	0.0979825707	0.0803366302	0.088153662	-0.0796111399	0.0342019118	0.0192435868	0.113139684	-0.0516540078	-0.008178489	0.1142740194	0.0616889503	-0.0118313349	0.0116954429	-0.0769115211	0.0207807782	-0.0020214367	-0.0138468515	0.0159858846	-0.0091350322	0.0418909658	0.0103597894	-0.0300638086	0.0325779293	-0.0204759131	0.0365352481	0.1008627208	0.0013794033	0.0625452754	-0.0348460449	-0.0736228531	0.0543108856	-0.0793729398	0.0502083194	-0.0526858814	-0.0927885842	-0.0503770338	0.0498949643	-0.0481130205	-0.0402982573	0.0631117422	0.0450038066	0.0204573262	0.0311489506	0.1230706227	0.0377890329	-0.0336968907	-0.0199391618	-0.005189008	0.0222992382	-0.0548108971	-0.00661288	-0.038099139	-0.0611046302	0.0209996039	-0.0380345828	-0.0701685299	-0.0031056335	-0.0209234486	-0.043565243	-0.064777029	0.0211324865	0.0312459714	-0.0707106781	0.0809511339	-0.0577350269	0.010657419	0.040824829	0.0042480152534096	0.0127469927510474	1.8045633593200625e-05	0.0001624858241952	0.1200232734343558	-0.0108633583389376	0.0144055861658981	0.0001180125544001	-0.2938406403837774	0.0146678824664264	0.0002151467760488	0.0863423219411483	0.0014219688227601	4.095626505650016e-05	1.6774156473782962e-09	2.021995332901745e-06	0.001417031968327	-0.0003300650002985	2.007979599260692e-06	1.089429044220488e-07	-0.0006600079968965	-7.48006275423e-05	5.5951338807218894e-09	4.356105559673304e-07	0.0	0.0
1987.038923420691	-5.572924507994685	3948323.6831888575	31.0574875718078	2631.000886644636	-8.661917550224189	6922165.665524861	75.02881564688181	2053.650298302915	-2.881439978335038	8.302696348747425	4217479.547719652	2271.55374402885	1613.646991893292	1.130789	26.418011	0.0374359903643136	0.0160609112404087	-0.0124361254	0.1062456692	0.0426836625	0.0165863133	-0.087892839	0.0013758979	0.0736400099	-0.0011219756	-0.0808160165	-0.0324678318	-0.0134634166	0.0221592302	0.1121579883	-0.041209176	0.0427792243	-0.0617387932	0.101330771	-0.0388548978	-0.044644669	0.1038310008	-0.0238090534	-0.0395735492	0.0117536413	-0.0372146965	0.0484640175	0.0444954475	0.0331870123	-0.0020201427	0.044911233	0.0086188656	-0.0362250307	0.0022772945	-0.0540565367	-0.0313928801	-0.1199588589	-0.0595122004	-0.0082294707	0.1058721443	-0.0117065299	0.0075144067	0.068500589	0.0407811271	0.0048311356	-0.0759874696	0.0110513001	-0.0582882528	-0.1420535923	-0.0110218187	-0.0266769283	-0.0179800258	0.0476597656	0.047577432	0.0097729246	0.0364695049	-0.0798943937	0.0156362279	0.0403676528	-0.0282217378	-0.125065974	0.0600380582	0.0665528122	-0.0126127205	0.0107134499	0.0092390398	-0.0219908749	0.0094422371	-0.0002034425	0.051846294	-0.0179402343	-0.0456694892	-0.0866669151	0.0156214977	-0.0799690908	0.0704639121	-0.0101492425	-0.0164904044	-0.0016950008	-0.0816716309	-0.0477922774	-0.0283336912	-0.017673746	-0.0063731357	-0.0326988732	0.0317182763	-0.0536023465	-0.0372345389	0.0383670136	-0.0457532929	-0.0375546976	-0.0460105246	-0.0394184379	-0.0921612684	-0.0652939789	0.0227795284	0.0288611001	-0.0689390864	0.0813979594	-0.0612463124	0.0165575133	0.0347647336	-0.0033228669272062	-0.0075708821806157	1.1041444615920774e-05	5.731825699276584e-05	0.1312663959252233	0.0112431224908674	0.0172308666991974	0.0001264078033446	-0.2885553314519171	0.0052853089318603	2.7934490505202265e-05	0.0832641793093257	0.0013968513723047	-2.511745045540004e-05	6.308863173794757e-10	1.951193756309524e-06	0.0014736693752137	5.663740688670012e-05	2.171701427442737e-06	3.207795858849626e-09	-0.0004750293190192	0.0001849786778773	3.421711126923392e-08	2.256528539278449e-07	0.0	0.0
1989.7737640552257	2.7348406345347485	3959199.632122501	7.479353296302426	2626.035993303572	-4.964893341063998	6896065.038125878	24.650165888141636	2064.331096745339	10.68079844242402	114.07945536768736	4261462.876989814	2282.709224313549	1590.1655893265674	1.200625	28.049557	0.0771812442816029	0.0374489248628314	-0.0795006474	-0.0846573247	0.0105050909	0.0669107318	0.0476804455	-0.0275259932	-0.0180792584	-0.1009934117	-0.0160924871	0.1119683578	0.0315890302	0.0334005914	-0.0164356446	0.0372183146	0.0015158888	-0.0275667889	-0.0276636146	0.0243944244	-0.0501029499	0.0039091703	0.1299413564	0.0400409569	0.0227464999	-0.1250374129	-0.0045363573	-0.0586028786	-0.1005077847	-0.0292115777	0.0403714984	-0.0361260953	-0.0152756838	-0.0484886577	0.0427984541	0.101133678	0.0918417789	-0.0454939753	0.1153607829	0.0638272913	-0.0375776473	-0.0114001031	0.0258347624	-0.029951758	-0.1037389106	0.0433128987	0.0481956574	0.0849034406	0.0252353941	0.0131649135	-0.0269290111	0.0346216757	-0.0253913678	0.0237744348	0.0067643047	0.0195263696	0.0043996093	0.0068521855	0.0085422684	-0.0243868432	-0.0175335955	-0.0330733623	0.0597377469	-0.0985247562	-0.0755360204	0.1260993772	-0.049278597	0.0283202647	-0.0249166934	-0.0393632381	0.0269508859	-0.1100262807	0.0250546143	0.0473096581	0.0612389056	-0.0498443241	-0.0511892278	0.0583538344	0.0143515175	0.0092223997	0.0566119769	-0.0387986167	-0.015923044	-0.0239228483	-0.0068565131	-0.0133510044	-0.0339773647	-0.0151388553	-0.0011408806	0.0060223839	-0.0653971605	-0.0250470817	-0.0490025351	-0.0174934407	-0.0658037687	0.0244165784	0.0264477464	-0.0670465522	0.0816216788	-0.0645158866	0.0223686765	0.0284607885	0.0077684330541956	0.0110912999814018	6.034855211751878e-05	0.0001230169352774	0.132174655133511	0.0009082592082877	0.0174701394596625	8.249347894394268e-07	-0.3174581142096855	-0.0289027827577684	0.0008353708511427	0.1007796542775697	0.0015930370347818	0.0001961856624771	3.848881416157863e-08	2.53776699418639e-06	0.001922059560778	0.0004483901855642	3.6943129551781183e-06	2.0105375851038734e-07	-0.0005560315176607	-8.10021986415e-05	6.561356184757024e-09	3.091710486320614e-07	0.0	0.0
1992.652263856344	2.878499801118324	3970663.044651813	8.285761105038228	2637.4565042768204	11.420510973248383	6956176.811952106	130.42807089008673	2061.381974420628	-2.94912232471097	8.697322486108638	4249295.644466287	2272.8654079207454	1645.6369620752514	1.182754	27.632044	0.0665454054734864	0.0299184360800827	0.0842636968	0.0020509098	-0.0364940051	0.045641798	0.0209992922	0.0684358844	-0.0362405557	0.0026025005	-0.0136960693	0.0637495184	-0.0904035924	0.0337993376	-0.0083679706	-0.029628273	0.0218385094	-0.0630083619	0.0166692943	-0.0049897671	0.016156781	-0.0699431114	-0.0158318888	-0.1170423239	0.0220927958	0.010262121	-0.0325007556	-0.0179661114	-0.0134856081	-0.0637044747	-0.0673467815	-0.1040706956	-0.01682678	-0.066373938	-0.0081074584	-0.0325607083	-0.0632614884	-0.0971770962	-0.0168935125	-0.0172208348	-0.0951038675	0.001062544	0.0123724587	-0.0112034055	0.0639611968	-0.019573371	0.0350566033	0.0960722346	-0.0493682389	-0.09125084	-0.0584924857	0.0369329627	0.0565663069	0.0104391347	-0.029289738	-0.0116424106	-0.0496151372	-8.32305e-05	0.0405141648	0.0246157532	0.0231520322	-0.004609828	-0.017854318	-0.016119971	0.0024912594	-0.0508108328	0.1231906274	-0.027543455	-0.1108263526	0.0551703036	-0.0417028638	0.0232109462	0.075329947	-0.0947542936	0.0127280226	0.012755143	-0.0251925165	0.0026005505	0.1064378607	0.0317797458	-0.05992114	-0.0048593992	-0.0239955232	0.0427786418	-0.0564537008	1.08976e-05	-0.0163783519	-0.0442732804	-0.0753014886	0.0059504401	-0.1271842808	-0.0407338303	-0.0038658517	-0.0454483117	-0.0663063423	0.0260429185	0.024008292	-0.0650363955	0.0816216788	-0.0675308461	0.0280596966	0.0219572114	0.0193389356373074	0.0115705025831117	0.0003739944315839	0.0001338765300257	0.1347495892425882	0.0025749341090771	0.0181574518010462	6.630285666089156e-06	-0.327228694838368	-0.0097705806286824	9.54642458215851e-05	0.1070786187256217	0.0013917638872057	-0.0002012731475761	4.0510879935190564e-08	1.9370067177299204e-06	0.0016418574909229	-0.0002802020698551	2.695696020499641e-06	7.851319995108236e-08	-0.0009271440632818	-0.0003711125456211	1.3772452151737305e-07	8.595961140786864e-07	0.0	0.0
1992.429124969252	-0.2231388870920909	3969773.818025739	0.0497909629326969	2646.000874110631	8.544369833810379	7001320.625794223	73.0062558569288	2064.285117269564	2.9031428489361133	8.428238401328892	4261273.045380618	2281.603789915521	1604.6439937192283	1.066911	24.925659	0.0699805378833107	0.0320789667414509	-0.0285659153	0.0674752817	-0.0229546333	0.0269642144	-0.0861145175	0.0308612745	0.0489592738	-0.0029106297	-0.0320713073	-0.0552983247	-0.0935321188	0.0024205009	0.006374405	-0.0158476509	-0.0202969441	-0.0351710274	0.0056258207	0.0075094382	-0.0547870845	-0.015471435	-0.1295005646	-0.0429176507	-0.0161510349	-0.013665769	0.082948962	-0.0989508392	-0.0247218089	-0.1445239266	0.0064965595	0.0416913098	-0.0363377852	0.0590843668	-0.0312551237	-0.0099407435	-0.0848370075	0.0512580262	-0.0823209669	0.025348908	0.0786624899	0.0448094734	-0.0509119786	0.0349893771	-0.0134162574	-0.0541182136	-0.0709828445	0.0096477849	-0.0321958429	-0.0239538627	-0.0152165345	-0.0760857202	0.0011638169	0.0247321997	-0.0626804886	-0.0282437794	0.0310436599	0.000667248	0.0108571046	-0.0096475349	0.0157333129	-0.002911442	0.0111364071	0.0829724625	-0.0235958446	-0.0560824563	-0.0328169809	-0.0199704832	0.0146549421	-0.0512747513	-0.0282679717	0.0574916464	0.0118181868	0.0915545309	-0.0306196757	0.0464246722	-0.0330247038	-0.069136345	0.0807797937	-0.0553547497	0.016540117	-0.0097364856	-0.0195743903	0.0415989563	-0.0599648937	-0.0051678064	-0.0473165231	-0.0151637004	0.0577280798	0.0014221413	-0.0584287494	-0.0678983759	0.0338210132	-0.0876964576	-0.0668016447	0.0276578354	0.0215451443	-0.0629121428	0.0813979594	-0.0702792922	0.0336000067	0.0152996203	0.0083491114860692	-0.0109898241512382	6.970766260681264e-05	0.0001207762348751	0.139474268310181	0.0047246790675928	0.0194530715206603	2.232259229174959e-05	-0.3108578333657732	0.0163708614725947	0.0002680051053548	0.0966325925648628	0.0012270916743073	-0.0001646722128984	2.7116937700856012e-08	1.5057539771542926e-06	0.0019221248668004	0.0002802673758775	3.694564003572456e-06	7.854980198125985e-08	-0.00061418018822	0.0003129638750618	9.794638709369797e-08	3.7721730360195465e-07	0.0	0.0
1990.3014541371435	-2.127670832108379	3961299.878340428	4.526983169804761	2633.454261234828	-12.546612875802566	6935081.346015875	157.41749465525473	2064.6382882254466	0.3531709558824332	0.1247297240789115	4262731.261206502	2277.73183043278	1617.4426114974829	1.125044	26.283808	0.0523161379027415	0.0254014508971319	0.0196694022	-0.0851675124	-0.0051387029	0.037694309	-0.072608781	-0.0077366279	0.0182687801	-0.0167228307	0.0761680541	0.0767511473	-0.0094223769	-0.0047445888	0.0557309769	-0.0063807438	0.0335858866	0.0489736435	0.0080349727	0.0473796305	0.0685758568	0.0327020124	-0.0076135743	-0.0027846427	-0.0262015485	0.0914272466	-0.0316674779	-0.0462738229	0.0091688742	0.059246349	-0.0330600424	0.0634993639	-0.0305167665	-0.0976974488	-0.0014417839	0.0202111959	0.0057388593	0.0043242114	0.0616682035	-0.1432593512	0.0303290619	0.0096108337	-0.0063850897	0.0369547967	0.0086160705	0.0821560137	0.0613554852	0.0089297286	-0.0137342196	0.0461695429	0.019995468	-0.066322363	-0.01971921	0.009998822	-0.0295983649	0.0220510335	-0.0849836279	0.0143743204	0.0407963486	-0.0068992693	-0.0080577801	0.1419580456	-0.0802258183	0.0213119593	-0.0124114084	-0.0243014663	0.0989584361	0.0668319436	-0.0588260175	-0.0092687743	-0.0330892576	-0.0338504642	-0.0957865213	-0.0153783466	0.0738268384	-0.0342334045	0.0207090707	0.0089962476	0.0058953038	-0.1127717387	-0.0152707538	-0.0227804781	-0.0138792954	-0.0014629743	-0.0162107992	-0.0588019576	-0.0024711263	0.0429364255	-0.0704943668	0.0229617245	0.0517734909	0.0002023718	-0.0132858279	-0.1148803477	-0.0672896215	0.0292606206	0.0190607341	-0.0606775209	0.0809511339	-0.0727503781	0.0389598496	0.0085347133	0.008752598109524	0.0004034866234547	7.66079736668431e-05	1.6280145530695533e-07	0.1255878520960323	-0.0138864162141487	0.0157723085940948	0.0001928325552725	-0.3059007991109652	0.004957034254808	2.457218860334025e-05	0.093575298896727	0.001601599098164	0.0003745074238567	1.4025581052378194e-07	2.565119671239738e-06	0.0017169442823052	-0.0002051805844951	2.9478976685405186e-06	4.20990722537919e-08	-0.0006958761960747	-8.169600785469999e-05	6.674237699395202e-09	4.842436802633943e-07	0.0	0.0
1998.106938638821	7.805484501677483	3992431.338236601	60.92558830592739	2638.675097329276	5.2208360944478045	6962606.269265664	27.25712952508901	2061.560697667739	-3.077590557707481	9.471563640890244	4250032.510168295	2282.961214626923	1611.504850428462	1.117145	26.099257	0.0772629329880688	0.0354907233953545	0.0031756625	0.0929616812	-0.0205036394	0.0246623302	-0.0130268177	-0.0616747958	0.0384330221	0.0179597658	-0.052342673	-0.0194730283	0.0284919095	0.0330915282	0.013230131	0.043625428	-0.0254783284	-0.0550605657	0.0474814463	0.0376331852	-0.0310764931	-0.0450713037	-0.0196424864	-0.0191580073	-0.0702812327	-0.0771639795	-0.0657971332	0.0106137844	-0.0241887097	0.0585659468	0.0210389866	0.0201883704	-0.033130157	0.0768532158	-0.0541839722	0.0118581464	0.0051550986	0.0236417063	0.0440403442	-0.120973567	0.0729957638	-0.0743598372	-0.0127928007	-0.0011490221	-0.0420170517	-0.0924292059	-0.0124519006	-0.0066102175	0.0326186612	0.0330602235	-0.0401917618	-0.0309938629	0.0286986985	-0.0156766784	0.0319576648	-0.0424080515	-0.0171355466	0.0832547495	0.004289642	0.0476115558	0.0056235853	0.0096550737	-0.0402183872	-0.0572677654	-0.0482511949	0.0403560509	0.0146684435	-0.0144116503	0.0468043486	0.0754816967	-0.0015440213	-0.0430236693	0.0335631923	-0.0216242145	-0.0947736769	0.0158377885	-0.0476624821	0.0074842346	-0.0079596576	-0.0790878711	0.0089895796	-0.0730369346	0.0059633941	-0.0083468443	0.0076252272	0.0055359257	-0.0268804668	0.034987832	-0.0657926016	0.0125620437	-0.0967699377	-0.0241576714	0.0114008584	-0.0151557742	-0.0677702193	0.0308505711	0.0165575133	-0.05833645	0.080282427	-0.0749343514	0.0441104375	0.0017099414	0.0055006543378226	-0.0032519437717013	3.025719814420659e-05	1.0575138294307522e-05	0.1441796651768498	0.0185918130808175	0.0207877758505085	0.000345655513632	-0.3331619081665451	-0.0272611090555799	0.0007431680669402	0.1109968570531734	0.0017779919594418	0.0001763928612778	3.111444150976919e-08	3.161255407839691e-06	0.0019220464426878	0.0002051021603825	3.6942625278488266e-06	4.2066896193609764e-08	-0.0005142098761357	0.000181666319939	3.3002651800179114e-08	2.644117967154919e-07	0.0	0.0
1997.7959410738472	-0.3109975649738317	3991188.622171139	0.0967194854196526	2650.7463673182897	12.071269989013672	7026456.303851109	145.71555914766213	2060.7790558117777	-0.7816418559614249	0.6109639909908209	4246810.316872482	2282.416812233588	1622.37492770836	1.092089	25.513897	0.0869708647379601	0.0536065024824132	-0.0544623432	-0.0322554546	-0.0467327328	0.0208129151	0.1098122571	-0.0589028528	-0.0366852353	-0.05590661	0.0614451798	-0.04843598	-0.0266455182	0.0502127237	-0.0645403514	0.0304115191	-0.0306328149	0.0128368561	0.0122541457	-0.0871591523	-0.0500567571	-0.0473093354	0.0808293894	0.0358008435	0.0078376191	0.0345210583	0.021282511	-0.0555560253	-0.0888373554	-0.0719735561	-0.0009519386	0.0625721162	-0.0160555154	-0.0920316362	0.0278444536	0.0201519908	0.049338581	0.0044642253	-0.0187311486	-0.0489315473	-0.063863606	-0.0141161395	-0.0596496519	0.0108233278	0.0233796575	0.0420650275	-0.0987893671	0.0788793303	-0.0135828819	0.0123354415	-0.0394296971	0.052064708	-0.0280866433	-0.0069328656	0.0191820517	0.0527788943	-0.0290556952	-0.0432928764	-0.0324981302	0.0067584825	-0.0076547016	0.0321533677	0.0483646393	-0.0711816954	-0.0582686404	0.0344176754	0.0034101393	-0.0337509369	0.1104301971	-0.0780447456	-0.089172337	0.0067419073	0.0665614044	0.0680277117	0.024737276	-0.00710852	-0.0198407146	0.1169543356	-0.0019038417	0.0091612435	-0.0057503975	0.0210068271	0.0353635192	-0.0243356958	0.0228412448	0.0097702381	0.0222153326	-0.0156663908	-0.0078614807	0.0323460364	-0.0436377457	-0.0429345316	-0.0005272417	-0.0790297713	-0.0682433853	0.0324269895	0.0140379523	-0.0558930371	0.0793936715	-0.0768225931	0.0490241061	-0.0051268245	0.0044060511413874	-0.0010946031964352	1.9413286660521213e-05	1.1981561576461573e-06	0.129369864061843	-0.0148098011150067	0.0167365617273797	0.000219330209066	-0.290019035689987	0.0431428724765581	0.0018613074455285	0.0841110410625499	0.0013581290692231	-0.0004198628902187	1.762848465828001e-07	1.844514568668804e-06	0.0019220590260262	1.2583338399908828e-08	3.694310899528784e-06	1.5834040528662006e-16	-0.0006528061615778	-0.0001385962854421	1.9208930338348063e-08	4.261558845939407e-07	0.0	0.0
1991.776454839932	-6.019486233915131	3967173.446054728	36.23421452029377	2640.498206547328	-10.248160770961476	6972230.778779657	105.02479918747372	2061.9562967765232	1.1772409647455788	1.3858962890751012	4251663.769816354	2276.875786943813	1656.8066428558525	1.161511	27.13575	0.0301306127312099	0.017626077590834	0.0949369469	-0.0429940642	-0.0020869306	0.025212866	0.0158773199	0.0885045929	-0.0381259302	-0.0084579315	0.0658907972	0.0057657907	-0.0740015792	-0.0218033741	0.0904944322	-0.0266166586	0.0935517163	0.0495599254	0.0488709273	-0.0535237879	0.0532627963	0.0518194318	-0.0087108899	0.0494354338	-0.0618226804	0.0795332144	0.0443136467	0.0113047331	-0.1062915403	-0.0248313441	-0.0105222445	0.026840692	0.0044865842	0.0006162374	-0.0642558162	0.0094091902	-0.0313513248	0.0585288221	0.0174564066	0.0904151069	-0.025171942	0.0074573289	0.0208440441	-0.0006097836	0.1072759742	0.0403597094	0.0132992733	-0.0075766754	-0.0898855703	0.0165777018	-0.0372100099	-0.0753337485	0.0305279961	-0.0175231918	-0.0200091362	-0.0089716802	-0.0470353155	0.0328883543	-0.0427461419	0.0066525627	0.0358900969	-0.0130585386	-0.000407049	-0.0488217796	-0.1135709289	0.0455169168	-0.0233307022	-0.0112774761	0.0501828265	-0.0155122238	-0.0911028997	0.0284468174	-0.0911995869	-0.0495366815	0.0530341475	0.0200811992	-0.0100248567	0.0223796819	0.0968782423	-0.0200406116	-0.0115971062	-0.0464222468	0.0153194341	0.0730869785	-0.000770296	-0.0229657905	-0.0335286941	-0.0825138819	0.0224680421	-0.0425080762	-0.0179691229	-0.0262898201	-0.0227948356	-0.0670920445	-0.0687090676	0.0339891844	0.0115045374	-0.0533515689	0.0782873035	-0.0784076511	0.0536744641	-0.0119276293	0.0195962813565842	0.0151902302151968	0.0003840142430064	0.0002307430939906	0.1264931212306095	-0.0028767428312335	0.0160005097186616	8.275649317053416e-06	-0.2868235553708373	0.0031954803191496	1.0211094470072938e-05	0.0822677519155677	0.0012066531013435	-0.0001514759678795	2.2944968845061585e-08	1.456011706981887e-06	0.0019220917202844	3.2694258200044464e-08	3.694436581185844e-06	1.0689145192511742e-15	-0.0006786606867526	-2.5854525174799983e-05	6.68456472014366e-10	4.605803277435106e-07	0.0	0.0
1990.412734888218	-1.3637199517140743	3961742.855205196	1.8597321067030368	2638.337199619838	-2.1610069274902344	6960823.178897848	4.669950940660783	2063.732737821691	1.7764410451677577	3.1557427869567154	4258992.813157013	2281.4666932938226	1616.4365842056754	1.1611	27.126156	0.0546291680243491	0.0288765044174894	-0.0229185357	0.126453445	0.0445624219	0.0178816047	-0.0226710134	-0.0209589462	0.0247047784	-0.0101972774	-0.0649373802	-0.0283724735	0.0041478977	0.0103854405	0.067943101	0.001630131	0.0047278652	0.0084178383	0.0454071058	0.0436887431	-0.0361953449	0.0717914499	-0.0401616676	0.0399167549	-0.0324155845	-0.0150178456	-0.0105631564	-0.0029538219	-0.0094194414	-0.0067611156	0.1306490798	-0.0593550601	0.061955936	0.0884595867	-0.0148551594	0.0493274128	-0.0073675168	0.0162828479	0.0255071464	-0.0256313525	-0.0150139337	0.0705229655	-0.0393805301	-0.008397693	-0.0393083406	-0.0886232424	0.0026993703	-0.0378615153	-0.0358387171	-0.006457002	-0.0774273473	-0.0329485888	0.0305837966	0.0808049937	0.0337550733	-0.0557029054	-0.0420076677	0.0242924343	0.0367005015	-0.0423680273	0.045931165	0.0844161477	0.0096614699	-0.0300202942	-0.0601198299	-0.0534543134	-0.022854812	-0.0703401904	0.0078696844	0.012100007	-0.025796941	-0.0789057406	-0.0240231184	0.0085738388	-0.1170972858	0.0638803225	-0.0345011194	0.0120996471	0.0147307678	-0.0705988086	-0.0542453162	-0.0564817818	0.0244740322	-0.0045430557	0.0157237743	0.0055979732	-0.020802194	-0.0499190219	-0.0174912485	-0.0067655801	0.0195496443	0.0260106903	0.0124736882	-0.0427996154	-0.0691672152	0.0355364705	0.008959769	-0.0507165039	0.0769663555	-0.0796832699	0.058036534	-0.0186447705	0.0003882363143503	-0.0192080450422339	1.5072743578030498e-07	0.0003689489943444	0.1330135996186499	0.0065204783880404	0.0176926176835105	4.251663840890195e-05	-0.2919194470951822	-0.0050958917243448	2.596811246624664e-05	0.0852169635923568	0.001586062014176	0.0003794089128325	1.439511231367396e-07	2.51559271281203e-06	0.0019220408882998	-5.083198460005718e-08	3.694241176296284e-06	2.5838906583804506e-15	-0.0005820253741751	9.66353125775e-05	9.338383636951128e-09	3.387535361836652e-07	0.0	0.0
1990.8118604390668	0.3991255508487938	3963331.8636648585	0.1593012053403531	2638.9013023376465	0.5641027178085096	6963800.083479327	0.318211876238947	2067.690963103992	3.958225282301101	15.667547385447628	4275345.918901915	2282.9050307676016	1589.5562578805009	1.098247	25.657764	0.0317766617987173	0.015262996814347	-0.0910248329	-0.0228869206	-0.0152389112	0.0686875506	0.088016974	-0.0257019145	0.0245574302	-0.0547075819	-0.0183142532	0.0095597932	0.0072028454	0.0547942641	-0.075172182	0.1027946706	0.0097953256	-0.004456666	-0.0562086421	0.0284114773	-0.0360674344	-0.0138005417	0.0521870562	0.0632557559	-0.0636390187	0.0138147932	-0.03670102	0.0037934476	-0.0061769601	0.0433107901	0.0066373218	0.0112655903	0.032320032	0.0316550276	0.0499275169	-0.0499671041	-0.0397451831	0.0146996234	-0.0945785644	0.0113412741	-0.0829082708	0.0027478807	-0.0834564848	0.0217411252	-0.078237196	0.0171355903	0.0007257166	0.0785967249	0.0359393528	0.043660252	-0.0856311511	0.0455572091	-0.0814203995	0.0454802222	0.0261203525	-0.0240308492	0.0280312303	0.0337196349	-0.0494904892	-0.0230576045	0.1005831857	0.0287043788	0.0196846668	0.0316351682	-0.0633113837	-0.0130454345	0.0067888608	0.0062329329	-0.0168105935	-0.0865526635	-0.0310414216	-0.1079711669	0.0526691643	0.0517479246	0.0137048068	-0.0169220431	-0.0597205169	0.1007464858	0.03809599	-0.0040504399	0.0526804265	-0.0053157147	0.0099883251	0.0079910041	0.0468717178	0.0102691851	0.042006678	-0.0381262355	-0.1264937776	0.0509523815	-0.0061002726	0.0334801018	0.0276835262	0.0378087377	-0.0696177779	0.0370681691	0.0064061583	-0.0479924649	0.0754344479	-0.0806444153	0.0620868871	-0.0252311319	0.007266368247869	0.0068781319335187	5.28001075136388e-05	4.730869889488969e-05	0.1441621380795084	0.0111485384608585	0.0207827220556552	0.0001242899098132	-0.2935355531135073	-0.0016161060183251	2.61179866246669e-06	0.0861631209416526	0.0014510133096255	-0.0001350487045505	1.8238152600768242e-08	2.105439624710347e-06	0.0018396025366191	-8.243835168069997e-05	3.384137492735427e-06	6.7960818278307685e-09	-0.000556834722686	2.5190651489099997e-05	6.345689224452958e-10	3.100649083887945e-07	0.0	0.0
1997.1231978674275	6.31133742836073	3988501.06746022	39.83298013462704	2638.7055625915527	-0.19573974609375	6962767.046051603	0.0383140482008457	2061.929671087185	-5.761292016807147	33.192485702925765	4251553.968509707	2273.273762530592	1626.984344941821	1.137501	26.574827	0.0922543968820664	0.0645485568911216	0.0561195938	-0.020142809	-0.0806377123	0.0424037693	-0.0243027333	0.0929198864	0.029652793	0.0420274945	-0.009030621	0.0818850138	-0.1041003188	0.0097061235	-0.0385537279	0.0179546516	0.0217925609	-0.0552349984	0.0327474841	0.0105740959	0.0719026137	0.0137024498	0.0384432827	-0.132080064	-0.0735837294	0.0575303891	-0.0436876577	-0.0530265785	-0.0461171633	-0.0177093953	-0.0391558334	0.0110658147	-0.0246040811	0.0069222415	-0.0065619489	-0.042341718	-0.1252776663	-0.0285514807	-0.0628044122	0.0197696599	-0.0735430668	-0.0047518088	0.007230714	0.0307559848	0.044609471	-0.0190081335	0.0840005964	0.0944903065	-0.0582611864	-0.1378267366	-0.0515646715	0.0230147788	0.0577969561	-0.0247470366	-0.059484113	-0.0280960013	0.0184133445	0.0018814003	-0.0338638453	0.0465861325	-0.0124098256	0.0810131283	-0.0696158698	0.0051152793	0.0219174844	-0.0670473374	0.0159519327	-0.0107927046	0.0168003918	0.0055521361	-0.0540862869	0.0327536731	0.0742567324	-0.0488140086	0.018844698	-0.0073240636	-0.0240247177	-0.0193774648	0.1507295866	0.0058766967	-0.0145903008	-0.0397285122	-0.0427241058	0.0490931539	-0.0208037378	-0.0133598551	0.0116093121	0.0031364659	-0.1185094752	0.0226514994	-0.0567948931	-0.0616918851	0.0157122754	0.0695407697	-0.0700607062	0.0385836084	0.0038462256	-0.0451842308	0.0736957799	-0.081287294	0.0658037687	-0.0316405151	0.0193483728022272	0.0120820045543582	0.0003743595300939	0.0001459748340515	0.1440647508494237	-9.738723008470562e-05	0.0207546524373065	9.484272583571392e-09	-0.3543167050206008	-0.0607811519070934	0.0036943484271531	0.1255403274566554	0.0014682291654811	1.7215855855599827e-05	2.963856928407908e-10	2.155696882369327e-06	0.0017468903146231	-9.271222199599991e-05	3.051625771323993e-06	8.595556107435573e-09	-0.000832783708645	-0.000275948985959	7.614784285180039e-08	6.935287053845203e-07	0.0	0.0
1997.215563389016	0.0923655215885901	3988870.006643305	0.0085313895783323	2649.4997280665807	10.794165475027969	7019848.809024885	116.51400830228572	2067.291975774685	5.3623046875	28.754311561584476	4273696.113102401	2282.715650023364	1611.6346157886942	1.050239	24.536173	0.0814310399196453	0.0482555792294439	-0.0158936848	0.0987137692	-0.0450410936	-0.008702371	-0.0474119466	-0.0244850297	0.0813635112	0.0322652536	-0.0022268302	-0.0633125996	-0.0617921846	-0.0319319191	0.0214054926	0.0040427841	-0.0237286288	-0.0059615858	-0.0339249833	-0.0362084872	-0.0529595594	0.0412659702	-0.0755006996	-0.0367090712	-0.1299652137	-0.1028513781	-0.0374282655	0.076144679	-0.0255913941	0.0308267365	0.0883448568	0.0172014364	0.1069073446	-0.002827373	0.0018007218	-0.0002566332	-0.0879584452	0.0037673826	-0.012028679	0.0013952955	-0.0384315748	-0.0962145605	-0.0286418813	0.0683727579	-0.0021335914	-0.0600418212	-0.0700715185	-0.0179645061	-0.0213299307	0.0013400178	-0.0096803236	-0.0654122561	0.0044318587	0.0378618094	-0.0386038775	-0.0494801325	0.0701648974	-0.0256327212	0.0059314605	-0.0761806492	-0.0578949181	-0.0068188949	0.0220566818	-0.025661306	0.0562641032	-0.0628300081	0.0578195572	-0.0552494178	-0.0415638008	0.106364438	-0.0629682263	0.0566861222	-0.0173562079	0.0612547	-0.0808068991	0.049944546	-0.0383185746	0.0165331187	0.0286559217	-0.1058318089	-0.0188103822	-0.0442948788	0.0086812106	0.0771118306	-0.0355399889	0.0293074224	0.0341023357	-0.0391322742	0.0527033128	0.0379906499	-0.0535201227	-0.0342222794	-0.0016812661	-0.0395523745	-0.0704959515	0.0400821236	0.0012824971	-0.0422967282	0.0717551168	-0.0816093689	0.0691672152	-0.0378279629	0.0032348245316029	-0.0161135482706243	1.046408975025992e-05	0.0002596464378697	0.1441937661405319	0.0001290152911082	0.0207918421937904	1.6644945339734417e-08	-0.317045050315663	0.0372716547049378	0.0013891762444441	0.1005175639296612	0.0011662237105674	-0.0003020054549136	9.120729479763087e-08	1.3600777430895949e-06	0.0019220590491586	0.0001751687345354	3.694310988452461e-06	3.0684085558768474e-08	-0.0007516214650347	8.116224361029998e-05	6.587309787857679e-09	5.649348267009089e-07	0.0	0.0
1992.725647385913	-4.48991600310319	3970955.5057496056	20.15934571492212	2638.887328011649	-10.61240005493164	6963726.329940461	112.62303492591307	2061.773685743829	-5.518290030855951	30.45152486464417	4250910.731225694	2283.9424108088324	1629.5737353898537	1.123942	26.258043	0.0319345714731366	0.0150806696056679	-0.0524749109	-0.0578368674	0.0164653503	-0.0074616105	0.0189451057	-0.0368957166	0.0078626773	-0.0389015148	0.0688365182	0.0236328512	0.0243172437	0.0157502894	0.0276937396	0.0416997376	0.0076287776	0.0071122056	0.0116095892	0.0357857059	-0.0326144093	0.0721527517	-0.0240038587	-0.031289601	-0.0057334408	0.0068446608	0.0125117559	-0.0432148548	0.1300991847	0.0559228377	0.032634213	-0.0086406219	-0.0052152749	0.1002780459	-0.0273808567	-0.0237710278	0.0825866846	0.0589128167	0.0079806734	-0.069734608	0.0497906373	0.0094987611	0.1426534262	0.0370932052	-0.0086247991	0.0710090688	0.0023749466	-0.0464780597	-0.0110690434	0.0765933867	-0.0383078153	-9.90283e-05	-0.0695982851	0.0589810005	-0.0256845654	-0.0566703114	0.0250313565	0.0163244139	-0.0262767353	0.0823031566	-0.1575851909	0.0663065521	-0.0112322908	-0.0349390794	0.0304298666	-0.0181042175	0.0208997015	-0.0159974354	-0.0467946531	-0.0178488886	-0.0492392383	-0.073037681	-0.0634992387	0.0650194752	0.0322347646	-0.0338476159	-0.035487871	0.0898670022	0.0241066734	-0.0400403503	0.0383311642	-0.002513814	0.0728450561	-0.0327116849	0.0140765791	0.0306740334	0.0250593845	-0.0455180417	-0.1073041416	-0.0337932483	-0.0226931373	-0.024830097	-0.0495059645	-0.0184450722	-0.0709234662	0.0415630576	-0.0012824971	-0.0393350228	0.0696177779	-0.0816093689	0.0721591615	-0.0437500746	0.01132442055696	0.0080895960253571	0.0001282425009508	6.54415638534734e-05	0.1442183755920041	2.4609451472201727e-05	0.0207989398583963	6.056251017626518e-10	-0.3054856400367356	0.0115594102789273	0.0001336199659965	0.093321476268654	0.0013242442689275	0.0001580205583601	2.497049686443782e-08	1.7536228837873291e-06	0.0018719792830683	-5.007976609029989e-05	3.5043064362369068e-06	2.5079829716591502e-09	-0.0007887402549319	-3.71187898972e-05	1.3778045634324763e-09	6.221111897500387e-07	0.0	0.0
1989.788317333324	-2.9373300525890045	3959257.547796181	8.627907837842525	2642.5759778703964	3.68864985874734	6983207.798817682	13.60613778043677	2063.8543906332065	2.0807048893775573	4.329332836679673	4259494.945735964	2280.321689782988	1635.902781514472	1.072953	25.066837	0.1245155415042501	0.0750280195600107	0.0537256843	-0.0395065894	0.0023774249	0.0147615326	0.054704581	0.1237714813	-0.0183089565	0.0752242627	-0.0201220775	0.0528019701	0.0030753874	-0.0273719575	-0.0555707213	0.0182160456	0.055512839	0.0134131433	0.0128929622	0.0197448852	0.0406210789	0.1008309123	0.0540989256	-0.0021535254	0.0428935797	0.0112118122	0.0286321666	0.0614730414	-0.0341822065	0.0148253822	0.0237306482	0.0944014749	-0.0080296719	0.0492651276	-0.0290418467	-0.0343141128	-0.0258389529	-0.0602692025	-0.0768575614	-0.0628027622	0.0618488127	0.0730994192	-0.1305333974	-0.0159266246	0.0335497763	0.0024561231	0.0679543133	-0.0315460761	0.0031825633	-0.0338540088	0.0009747497	0.0059228049	-0.0469573086	0.0208448654	0.0994068554	-0.017290226	0.0475886743	0.0126760355	-0.0407567625	0.020201285	0.1533534405	-0.0457622915	-0.0202376191	0.0044030325	-0.0097347575	0.1679795278	0.0049282406	-0.0738827832	0.0243025175	-0.0311745793	-0.01426687	-0.0508933362	-0.0531028207	-0.1066049667	-0.0046937371	-0.0204364298	-0.0134265819	0.0506164385	0.1338227926	0.0349823973	-0.023589096	-0.0322637204	-0.0192082732	-0.0932327915	0.0661568413	0.0240861502	0.0911367777	0.0142892506	0.0507938659	0.0414484585	-0.0304189457	-0.0893294467	-0.1169592043	0.0820773679	-0.0713432033	0.0430257605	-0.0038462256	-0.0363043104	0.0672896215	-0.081287294	0.0747635377	-0.049365311	0.0172216294031386	0.0058972088461786	0.000296584519299	3.477707217544714e-05	0.1918955814905274	0.0476772058985233	0.0368239141955876	0.0022731159622901	-0.3264132574554139	-0.0209276174186782	0.0004379651708225	0.1065456146426543	0.0022767529638435	0.000952508694916	9.072728138905816e-07	5.183604058370163e-06	0.0018460811029024	-2.5898180165900104e-05	3.4080154384933418e-06	6.707157359054214e-10	-0.0008106035666674	-2.186331173549994e-05	4.780044000436492e-10	6.5707814229391e-07	0.0	0.0
1997.9271083237747	8.138790990450843	3991712.730175	66.23991878624382	2644.987241472517	2.4112636021204708	6995957.507552395	5.814192158910988	2069.44844837349	5.594057740283461	31.293482001625296	4282616.880475446	2286.0992308729897	1594.867051236416	1.204589	28.142168	0.1096047107434733	0.0526133096541897	-0.0739680984	0.0612342677	-0.0581437307	-0.0369426755	-0.0444003702	0.0126508229	0.082100322	0.0188323669	-0.0547219487	-0.0855972094	-0.0112663224	-0.0132616316	-0.0845246765	0.0213447215	0.0131633423	-0.0345121422	-0.0857752926	-0.0284959343	-0.0653774448	0.0069545229	-0.0050341771	-0.0176482072	-0.0968679299	-0.0235879712	0.0192230018	-0.0973133035	-0.0265056852	-0.0073157765	-0.0075713332	0.0132221746	-0.0387200167	-0.1096288913	0.1215354379	0.1363227861	0.0811527899	-0.0148220495	0.0507964556	0.1274868795	0.0510360373	0.083637897	-0.039745312	0.0474453598	-0.0496423722	-0.0892079846	-0.0504208089	-0.0115175396	0.0156810225	-0.0852021757	-0.0895208752	0.0223945386	-0.0383555123	-0.0206781147	-0.0970217541	0.0165050873	0.0339605706	-0.0811777001	-0.0137098452	-0.0562492465	0.0614058062	0.0075229986	-0.1215291053	-0.0370449024	-0.0061112884	0.006031574	-0.0770137431	0.1352855088	-0.0538051381	0.0476805321	-0.0365697516	-0.0652836107	0.0624041758	0.0452984876	-0.087975239	-0.023347861	-0.0730017514	-0.0303327243	0.0734909791	-0.0654779678	-0.0395037944	0.0474917842	0.0142420362	-0.0482618804	0.0815979787	-0.0345422976	0.0424083048	0.0955525947	0.0023296163	0.0476980749	-0.0135153255	-0.0797378652	0.0105849079	0.0324415648	-0.0717551168	0.044469591	-0.0064061583	-0.0332099078	0.064777029	-0.0806444153	0.0769663555	-0.0546342852	0.0032320044089289	-0.0139896249942097	1.0445852499335848e-05	0.0001957096074786	0.1533508196200586	-0.0385447618704688	0.0235164738781437	0.0014856986676511	-0.3449364190806037	-0.0185231616251898	0.0003431075165929	0.1189811332081498	0.0018010719007132	-0.0004756810631303	2.2627247382077265e-07	3.243859991538659e-06	0.0019219712490068	7.589014610439996e-05	3.693973482008759e-06	5.7593142757471726e-09	-0.00059123153083	0.0002193720358374	4.812409010744551e-08	3.495547230475852e-07	0.0	0.0
1997.222547293777	-0.7045610299976488	3988897.903418644	0.4964062449913478	2651.395875113351	6.4086336408340685	7029900.086568092	41.070585142430126	2067.1836378594408	-2.264810514049259	5.129366664548068	4273248.192633792	2285.7186703706566	1639.411034385614	1.116478	26.083689	0.066956206338494	0.0383582171721256	-0.0329209984	-0.0878136262	-0.0278408252	-0.0060551271	0.0287918611	-0.0497206304	-0.0472799561	-0.0232488008	0.0590169404	-0.03363441	-0.0697753757	-0.0105795127	-0.0412445732	0.0457336565	-0.0067688149	-0.0389507154	-0.0415641989	-0.0346429857	-0.0679289736	-0.0529865933	-0.0093709326	0.0510671716	-0.0144640891	0.0512239553	-0.0669010826	0.0127449424	-0.0685186134	-0.0476403302	0.0002643462	0.0006384646	0.0569692719	-0.0157896378	-0.0611699452	0.0413596302	0.0138844244	-0.0788800884	-0.0631732017	0.0108320127	-0.0013967484	0.0085252787	0.0401433964	0.001787278	0.0264178933	0.0638470569	-0.074006204	0.0330457786	0.006789665	0.0008358665	-0.0461704845	-0.0221895765	-0.0047791053	0.0238015552	-0.0407124375	0.0367257734	-0.0080812804	0.0277098048	-0.0350226507	-0.0437910631	-0.0012776195	-0.0150041902	0.0965430464	-0.0096749355	-0.058037208	0.0311594454	0.0435463636	-0.0289756826	0.0224986324	-0.0308178528	-0.0613487682	0.0171507827	0.0308673771	0.091443468	0.0674792321	-0.0335289323	-0.0383480904	0.090442929	0.0464506814	-0.0177187197	0.0432627181	-0.0430822339	0.0801653252	0.0557271121	-0.0441336698	0.0294257244	0.0474585514	-0.0577128358	0.0270269962	0.0250929595	-0.0527712205	-0.0307637263	-0.0362365245	0.0228882393	-0.0721591615	0.0458939156	-0.008959769	-0.0300572439	0.0620868871	-0.0796832699	0.0787557834	-0.0595200392	-0.0016058732457651	-0.0048378776546939	2.578828881464137e-06	2.340506020178751e-05	0.1421681523624727	-0.0111826672575858	0.0202117835461592	0.0001250520469938	-0.3226279554613995	0.0223084636192041	0.0004976675490493	0.1040887976452027	0.0013131504043723	-0.0004879214963408	2.380673865915428e-07	1.7243639845031352e-06	0.0019220627105904	9.146158360014145e-08	3.694325063442116e-06	8.365221274645664e-15	-0.0006757625290457	-8.453099821570007e-05	7.145489659342689e-09	4.566549956622406e-07	0.0	0.0
1993.344364432	-3.878182861777077	3973421.755212814	15.040302309381438	2629.103826250349	-22.29204886300204	6912186.929204225	496.9354425104704	2060.048996356355	-7.134641503085732	50.90310937755343	4243801.867388826	2277.251879063408	1644.2005741665373	1.02511	23.949099	0.0359771459849187	0.0175450208157134	0.07013049	-0.0538672584	-0.0168682755	0.0169562061	-0.0234438533	0.0443561662	-0.0367551754	-0.0673532555	0.0644365716	0.0301829261	-0.020538285	0.02893076	0.0966496518	-0.000743908	0.0760937837	0.0428538677	0.0318830585	-0.0741781742	0.0064423337	0.0320084852	-0.0218196374	0.0889838372	-0.0425774389	0.0938563325	0.0014855153	0.1046572231	-0.0396225466	-0.0711007218	-0.0053658053	0.0342948429	0.0024611591	0.0221195317	0.0205329661	0.0072585807	0.0510876787	-0.0462117213	-0.0689146774	0.0538926073	-0.0802797681	-0.0029300977	-0.0881842461	0.0122769335	0.069379769	0.0677528191	0.0097697736	0.0029524437	-0.0764734104	0.0631883453	-0.0143966507	-0.061759247	0.0357296216	0.0119837576	-0.0130550444	0.0457134691	-0.0939923195	-0.07425993	-0.0047730477	-0.0499650145	0.1143510412	-0.0210310932	0.0295430355	0.0727042592	-0.1240157396	0.051223332	0.0445821978	-0.0212399542	0.0359561087	-0.0798624804	-0.0813493576	0.0180684716	-0.0757343417	-0.0559649813	0.0581104019	-0.0075943307	-0.0215055257	0.032316926	0.0751477189	-0.080027894	-0.0354010649	-0.0585529138	0.037388639	-0.0001795687	0.0232818948	0.0301286224	0.0005153722	0.0297114059	-0.107515667	0.0693564092	0.0170250808	0.0148869743	0.0318264005	-0.0323840635	-0.0725552932	0.0472981097	-0.0115045374	-0.0268518493	0.0592265694	-0.0784076511	0.0801222105	-0.0639883028	0.0096151084713795	0.0112209817171446	9.245031091639384e-05	0.0001259104306964	0.1505982138467061	0.0084300614842333	0.0226798220138182	7.10659366279553e-05	-0.3283372296317353	-0.0057092741703357	3.2595811552063394e-05	0.1078053363622428	0.0013678037388678	5.465333449549987e-05	2.9869869714769957e-09	1.8708870680607327e-06	0.0019219326992274	-1.30011363000046e-07	3.69382530035952e-06	1.6902954509129734e-14	-0.0008333157554513	-0.0001575532264055	2.482301915081424e-08	6.944151482833708e-07	0.0	0.0
1991.656395960924	-1.6879684710759193	3966695.1995720575	2.849237559346377	2632.3707602364675	3.2669339861186018	6929375.819347918	10.672857669656777	2060.914313821232	0.8653174648770801	0.7487743150212967	4247367.80891324	2277.04688629308	1620.23467902127	1.039033	24.274364	0.0481843566343911	0.0259615292936332	0.0045099788	0.0668435759	0.0027601071	-0.0047784056	-0.0887510118	-0.0338720517	0.0301117469	0.0005650667	-0.0711388215	-0.0074283919	0.0222148141	0.0366792352	0.1494611488	0.0452360782	-0.0101478207	-0.0176955933	0.0339495932	0.051040575	-0.0060330445	0.1312929748	0.0504027622	0.1558697174	-0.0585340837	0.0575765262	0.1185635914	0.0220795305	0.0401781753	0.0715939491	-0.0217201751	0.0963032508	-0.1263286987	-0.0371963479	-0.0005743768	-0.034731781	-0.0589939153	0.0465518061	0.0131124037	0.0728884205	-0.0949877682	0.0036798514	0.0003970953	0.0198277559	0.0098094476	-0.0524991346	0.0629354887	-0.0453740197	-0.0621890775	0.1082716594	-0.0586951795	-0.0040752491	0.0600437887	0.0720468876	0.0050976338	0.0165140854	0.0048826988	-0.0330109166	-0.0650953484	-0.0542272942	-0.0696667942	0.0710444046	0.0081716008	-0.0008189625	-0.004624217	0.0845782349	-0.0311926375	0.0268403184	0.0836035929	0.0040722462	-0.0222266434	-0.0283456895	-0.0704374171	0.0022856434	-0.074015696	0.0168772043	-0.0216056439	-0.011663692	-0.003817816	-0.1306662912	-0.0018447781	-0.1148399198	0.0408159218	-0.0220981902	0.0271185698	0.1186391412	-0.0119124394	0.0399706122	-0.0290751104	0.0218751639	0.0789648901	-0.0927289147	0.0584369441	0.0226655665	-0.0729434684	0.0486815572	-0.0140379523	-0.0235993474	0.0562039158	-0.0768225931	0.0810582975	-0.0680077345	-0.0102581096010538	-0.0198732180724333	0.0001052288125872	0.0003949447965544	0.1506460238964422	4.78100497360856e-05	0.0226942245158074	2.285800855766979e-09	-0.3260771781974085	0.0022600514343267	5.107832485802544e-06	0.1063263261411845	0.0016605843493373	0.0002927806104695	8.572048586689317e-08	2.7575403812639843e-06	0.0019219991296195	6.643039209995248e-08	3.694080654258116e-06	4.412996994553427e-15	-0.000606097254755	0.0002272185006963	5.1628247058674495e-08	3.673538822215473e-07	0.0	0.0
1995.544625593791	3.888229632866796	3982198.352736263	15.11832967790346	2634.296531677246	1.9257714407785895	6939518.216806768	3.708595642118445	2069.244158063616	8.329844242383842	69.38630510237525	4281771.385680403	2288.139394842204	1606.1535179984826	1.099022	25.675856	0.0387917039657247	0.0206291883918724	-0.0455893106	-0.0740379995	-0.0244704434	0.006813435	-0.0233769494	-0.0735416193	-0.0205278459	-0.0565383706	-0.0043247887	0.0971236257	-0.004415895	0.0029218833	-0.0167378655	0.1010122933	-0.0304848599	-0.0085715786	-0.0465330684	0.1027543672	0.0297092011	0.0383696657	0.1012611026	0.0107039988	0.0009878184	0.0585299828	-0.0544161818	-0.0548023793	0.0321613356	-0.0319930212	0.0883549753	-0.1312706022	0.0143272296	0.009708445	0.0993215317	-0.0063350545	0.0131360029	-0.0698204935	-0.0071120766	-0.0579573219	0.120949765	-0.0378528366	-0.0876167062	-0.0254438071	-0.0921644145	0.0531163929	0.0591148754	0.0595335499	0.0807565279	0.0231995282	-0.0446600655	-0.0046440069	-0.0014734378	0.0162436789	-0.0087246658	0.0600868169	0.0734841657	-0.0265903169	0.0065192559	-0.0847889817	-0.0007000202	0.0719756726	-0.0464490594	-0.0271494256	-0.0186197564	-0.0154980454	-0.0850230113	-0.0771922583	-0.0217408597	-0.0721785767	-0.0057140449	-0.106914166	0.0178248445	0.0052400894	0.026441494	-0.0861525687	-0.0275152715	0.0589893498	0.0052802106	-0.1177724752	0.0178172556	-0.0772556818	0.0361481519	0.0828715978	-0.0359502436	-0.0581785956	0.0108376954	0.0187840695	0.0689364922	0.0404315896	0.0996677514	0.0423975186	-0.1131631597	0.1129886569	-0.0733236445	0.0500436514	-0.0165575133	-0.0203054443	0.0530272111	-0.0749343514	0.0815590168	-0.0715501408	0.0068080243950703	0.0170661339961241	4.634919616387232e-05	0.0002912529295736	0.1507173448666776	7.132097023540562e-05	0.022715718043661	5.086680795319615e-09	-0.3335365812114688	-0.0074594030140602	5.564269332617165e-05	0.1112466510062347	0.0016078062824742	-5.277806686309998e-05	2.785524341805852e-09	2.5850410419635075e-06	0.0019218295250436	-1.69604575899927e-07	3.6934287233293097e-06	2.8765712166194094e-14	-0.0008370465030221	-0.0002309492482671	5.3337555275138627e-08	7.006468482215266e-07	0.0	0.0
1998.5846160362369	3.039990442445969	3994340.467456712	9.24154189016284	2650.67159816197	16.375066484723902	7026059.921302532	268.142802379128	2061.6846154477416	-7.559542615874307	57.14668456121976	4250543.453573902	2283.211308543325	1657.5111222140877	1.12868	26.368742	0.0632064007416755	0.0314675806491297	0.0797994632	0.0396356689	-0.0509184617	-0.0244007662	0.081278559	-0.0319101626	-0.0351902739	0.0602766094	-0.010919511	-0.0330516935	-0.0180054529	0.0939197157	-0.0738969356	0.0541695322	-0.0094859808	0.0329613483	0.0072822708	-0.02362901	0.0837134214	0.0010080144	0.0567669822	0.0445979846	-0.0687017962	-0.0377764512	-0.1097172542	-0.1142157465	-0.0754189041	0.0488259563	-0.0196249366	-0.0550262678	-0.1211244109	-0.0052932654	-0.1370755993	-0.003246084	0.0830544723	-0.0129941018	-0.0304356629	-0.0557714311	-0.0081538553	-0.0411257296	0.040611926	-0.0083172831	0.0753484524	-0.0736509197	-0.0235402799	0.056138387	0.0656373554	0.0033923232	-0.0382445512	0.0618246856	-0.0481524468	-0.0459898857	0.0156688138	0.0062822917	0.0141352187	0.0141575924	-0.0197076044	-0.0747095154	0.0612099003	0.1512358101	0.0068651731	-0.0464683885	-0.0279653267	0.0099988477	0.1021645851	-0.0359682468	-0.0471670192	0.0090040097	-0.0467468281	0.02874417	0.0845576149	-0.0815250162	-0.0552191208	0.0140753967	-0.0306249893	0.0836005282	0.0456603599	-0.0278285867	0.0046455833	-0.0266910555	0.0708401057	0.0712348277	-0.0499582103	-0.0429388355	0.0864294664	0.179950294	0.0528076828	0.0293106142	0.0447740891	0.0089551357	-0.0587504166	0.054444181	-0.0736957799	0.0513837948	-0.0190607341	-0.0169759185	0.0497051625	-0.0727503781	0.0816216788	-0.0745906743	0.0015157199061519	-0.0052923044889184	2.2974068339051245e-06	2.8008486803425848e-05	0.1687635921282577	0.0180462472615801	0.0284811500280329	0.000325667040226	-0.3553917316129258	-0.021855150401457	0.0004776475990703	0.1263032828988338	0.0017776246564056	0.0001698183739313	2.883828012470477e-08	3.159949419061128e-06	0.0019219282626989	9.873765529993217e-08	3.693808246960812e-06	9.74912457412822e-15	-0.0006467096428144	0.0001903368602077	3.6228120353725555e-08	4.1823336210912884e-07	0.0	0.0
1995.7812244354964	-2.803391600740497	3983142.695809249	7.859004467102365	2654.399656023298	3.728057861328125	7045837.533896604	13.898415417410432	2066.6353872603727	4.950771812631047	24.510141540742097	4270981.823876831	2286.509362645896	1608.6778043528072	1.161315	27.131178	0.0937984661889353	0.0532202765422352	-0.0740415196	0.0436950504	-0.0317690095	-0.0479747263	-0.0509241415	0.0712301558	0.046114382	0.0163435393	0.069014725	-0.1121910643	0.0162438991	-0.036160184	-0.0546495115	-0.0112667075	-0.0455790637	0.0366399215	-0.0602596858	-0.0641813949	-0.0810248442	-0.0461202514	-0.034706747	-0.0792780311	0.038004934	0.0086897287	0.0230234692	0.0936234806	-0.1135054175	0.0786634861	-0.0458628853	0.0219682885	0.049041213	-0.0151680042	0.0266599465	0.0485304449	0.1000432566	-0.0456976903	0.0024337587	0.0293057273	0.0412354137	-0.0158073916	0.0523345847	0.0618617923	-0.022503674	-0.0060131794	-0.1078948376	-0.0645568189	0.0230941019	-0.0741319233	0.0214447518	-0.0194803977	-0.0636882816	-0.0063674506	0.0058423104	0.0816929574	0.0196884519	-0.0365857416	0.0145220997	0.007075966	0.0756540354	-0.0874997807	-0.0015814344	-0.0854118377	-0.0244057749	-0.0362666753	0.0617104083	0.0463686269	0.0160245919	0.1523632994	-0.0438945531	0.0451719861	-0.0001384762	0.1161677846	-0.0372836795	0.0263133808	-0.0015610868	-0.0363120198	0.0838037584	-0.0105732242	-0.0185469403	0.0446558232	0.0444001731	0.0662714175	-0.0163007366	0.0005005384	0.1211149987	0.1741595051	0.0720432306	0.0587518328	0.0723827331	0.093138179	-0.1540302832	0.0610416958	-0.0740598336	0.0527013995	-0.0215451443	-0.0136166111	0.0462468756	-0.0702792922	0.0812459471	-0.0771080077	0.0050396894963284	0.0035239695901765	2.5398470219402803e-05	1.241836167248873e-05	0.1506349052230007	-0.018128686905257	0.0226908746715424	0.0003286492889088	-0.319041509001444	0.0363502226114818	0.0013213386839042	0.1017874844659184	0.0012619547337576	-0.000515669922648	2.6591546912379425e-07	1.5925297500532152e-06	0.0018882036504745	-3.372461222440003e-05	3.565313025665228e-06	1.137349469686152e-09	-0.0004801924360464	0.000166517206768	2.7727980149816864e-08	2.3058477563617598e-07	0.0	0.0
1991.259317283464	-4.521907152032327	3965113.6686682072	20.447644291601108	2639.205915723528	-15.19374029977007	6965407.865590067	230.8497442968571	2063.2855758025867	-3.349811457786018	11.221236802714486	4257147.367315012	2282.965997009803	1639.593065029736	1.249506	29.191547	0.0978792531645088	0.0493442973142716	0.0334972474	-0.0997078528	0.0095795077	-0.0121553689	-0.0668474873	-0.0401224961	0.0025294258	0.0023235761	0.1005683484	0.0302863443	0.0714408386	-0.0387497501	0.0680398233	0.0221315606	0.008712834	0.0601081241	-0.0422007214	0.0021233041	0.0859440789	0.0243981324	0.0427054734	-0.0980087887	0.1088325401	-0.135722691	-0.1648185591	0.0860893917	0.0678593748	-0.0203997835	-0.221526678	0.0972886437	0.0910525323	0.015391362	0.1316646708	-0.0734411581	0.0350570452	-0.0638742671	-0.0837471935	0.0267887274	0.0256981148	-0.0034412355	0.097181527	0.0309018887	0.0001531888	0.0919257218	0.043511556	-0.069354541	0.0373192072	0.0619323437	0.0671349021	-0.0525261124	-0.0371152665	-0.0076785148	0.0440735845	0.1248551121	-0.0052437613	0.040727661	-0.0974123896	0.0548253974	-0.0219007959	-0.2301333568	-0.202296985	0.0255262302	0.0578202261	-0.0382250155	0.0006338923	0.1844086275	-0.0634099093	0.0791380202	0.0056601954	-0.021604059	-0.0868829197	-0.0287015824	0.0951130002	-0.0622127318	0.0461091747	-0.113464316	-0.1517073017	0.0218845773	0.0423413792	0.0947668066	0.0133385954	-0.0415500646	0.0168333948	-0.1153370819	0.0387164943	-0.0181846556	0.024986765	-0.024422184	0.1215782797	-0.0540658846	-0.0833005258	-0.0107797713	-0.0744157659	0.0539958877	-0.024008292	-0.0102334157	0.0426618292	-0.0675308461	0.0804338397	-0.0790844839	0.0091440610855499	0.0041043715892215	8.361385313626803e-05	1.6845866142408625e-05	0.1686759475892927	0.018041042366292	0.0284515752951458	0.0003254792096623	-0.3353357215251193	-0.0162942125236753	0.0002655013617666	0.1124500461307723	0.0019637854647907	0.000701830731033	4.925663750224553e-07	3.856453351723225e-06	0.002116277563102	0.0002280739126275	4.47863072408894e-06	5.2017709621216564e-08	-0.0007390803260922	-0.0002588878900458	6.702293961236626e-08	5.462397284165528e-07	0.0	0.0
1990.807757780243	-0.4515595032210058	3963315.528437999	0.2039059849492015	2638.6838504246302	-0.5220652988978145	6962652.462491753	0.2725521763132644	2062.479941488314	-0.8056343142725382	0.6490466483333828	4253823.50904164	2280.330066149083	1614.5778008806149	1.191771	27.842712	0.1733581834244431	0.0934063930744628	0.0163569645	0.0559314071	-0.0139176228	-0.008988077	0.0889893066	-0.061653556	-0.0234997579	0.0640467964	-0.0514592308	0.033739033	0.0708578406	0.0560046571	0.010569303	-0.007441567	-0.032259428	0.0013931846	0.0334894817	0.0126364471	0.0814465704	-0.0119152809	-0.0026752183	-0.0619687601	0.0876449518	-0.0443792329	0.1260008461	0.0622691197	0.0822427542	-0.0893898968	0.0732068359	-0.1466631834	-0.0486602396	0.013758945	0.0957715904	0.0547768295	-0.030720513	0.0726035517	-0.0560736788	-0.0365755282	0.0170799184	0.0654880721	0.0262776154	-0.0449006102	0.0132283298	-0.0696146152	0.0657405426	-0.0069201986	0.0653590991	0.0311467535	0.0920581629	0.0778745713	-0.078151528	0.034888912	0.1249494571	0.1188955962	0.0242681907	0.0084988915	0.0614043029	0.059471009	0.0015698556	-0.0404691373	-0.0028513105	0.0534256751	0.1767802497	-0.0243508778	-0.0578081989	-0.0287435422	0.0473848004	-0.0599992876	0.0701945467	-0.0422122896	0.0404702851	-0.078705591	-0.074309476	0.004991565	0.0656308361	-0.0673507966	-0.1982438741	0.1314741958	0.0368602779	0.0442535695	-0.038059234	-0.0534940271	-0.0490926109	-0.0661022077	0.0128148213	0.0790892719	0.0300786538	0.0926497156	0.0180876306	-0.0791001361	-0.173775767	0.161674627	-0.0747635377	0.0552666915	-0.0264477464	-0.0068322673	0.0389598496	-0.0645158866	0.0791897184	-0.0805062393	0.0047975218177782	-0.0043465392677717	2.3016215592057845e-05	1.8892403606281352e-05	0.2298104812730059	0.0611345336837132	0.0528128573029305	0.003737431208725	-0.3681145347560175	-0.0327788132308982	0.0010744505968261	0.1355083106986392	0.0030869770790394	0.0011231916142487	1.2615594023186005e-06	9.529427486514625e-06	0.0021848452272634	6.856766416139977e-05	4.773548667095658e-06	4.7015245685505074e-09	-0.0004288736596611	0.0003102066664311	9.622817589829577e-08	1.8393261595110504e-07	0.0	0.0
1994.380675588577	3.5729178083340685	3977554.279161149	12.765741665110724	2628.91943359375	-9.764416830880236	6911217.388326883	95.34383604717723	2066.8719154165574	4.39197392824326	19.289434986368533	4271959.5147377085	2281.9366173539024	1611.2638883265993	1.124261	26.265516	0.0747182624392002	0.0376917422347386	-0.0343412782	-0.0103083323	-0.0436932542	-0.0180933317	0.0069527762	-0.0463797502	0.01987015	-0.0752752377	0.0737746597	0.013905689	0.0586851534	0.0361721229	-0.0180384145	-0.1441151019	-0.1091746695	-0.0777755683	-0.1073772505	-0.1546091196	0.0764244992	-0.06718164	0.10753756	-0.0551554785	0.1523205365	-0.0809533465	0.0721420581	0.0235739625	0.0282969022	-0.0494781786	0.0397928637	-0.0710372645	-0.0063163542	0.0235091225	0.152117066	-0.1277985624	-0.0556414274	0.0120940982	0.0100554471	-0.0985208598	0.0930631536	-0.0720541899	0.0093183779	0.0526091605	-0.0202007142	0.0446215916	-0.0543212065	0.0502376871	0.0677136499	-0.0148231093	0.1318317694	0.114681644	0.1326287783	-0.0552692979	0.1684035568	0.0398183784	-0.0027461154	-0.0784617044	-0.0146025694	0.0235985146	-0.1721082814	-0.1428179281	-0.0668346819	-0.0011284562	0.2212929586	-0.1517415191	-0.1098325308	-0.0661442971	-0.0974459582	-0.1546554351	0.0474923516	0.0842749692	0.0877260688	0.0151366883	0.0337178037	-0.0106522792	0.1304128816	-0.1584376376	-0.23068966	0.161580961	-0.0666132199	0.1166636942	-0.137780906	0.0140939242	-0.0875129334	-0.0726283798	-0.0528664601	-0.0681489444	-0.0131493595	0.2660096538	-0.0338747704	0.0410244961	-0.0801628671	-0.0502582099	-0.0751031108	0.0565132535	-0.0288611001	-0.0034191328	0.0351510839	-0.0612463124	0.0775202656	-0.0813633012	-0.0112499878266021	-0.0160475096443803	0.0001265622260986	0.0002575225657864	0.2299289177422423	0.0001184364692363	0.0528673072141188	1.4027197245184553e-08	-0.399869898218121	-0.0317553634621035	0.0010084031086102	0.1598959355009704	0.0028011796481126	-0.0002857974309267	8.168017152435893e-08	7.84660742100023e-06	0.0022716771733723	8.683194610890031e-05	5.160517180020763e-06	7.539786865058968e-09	-0.000592183339895	-0.0001633096802338	2.667005165809865e-08	3.5068110804919706e-07	0.0	0.0
1996.752634861922	2.371959273344828	3987021.084828028	5.626190794406525	2639.1946051461355	10.275171552385473	6965348.163832466	105.57915043095169	2071.082447725184	4.210532308626625	17.728582321988657	4289382.50527534	2286.974314704409	1615.6820528185533	1.071632	25.035967	0.1323444960884343	0.0694074422712741	0.0295195508	0.0552915148	-0.0742893988	-0.0595261532	-0.0925385479	-0.0473493283	0.0658525947	0.0589965385	0.0033252154	0.0012522985	0.0016940231	-0.0258255203	0.038139163	0.0088250838	-0.0526041616	-0.0718036783	-0.1079166724	-0.0255562264	0.0190483741	-0.0605841067	-0.0809539601	0.0907804846	0.0463774802	-0.0986830148	0.0112202583	0.0125627487	0.0843795984	-0.0139809745	-0.0369603592	-0.0279807159	0.0726446581	0.0791238295	0.0009128784	-0.0812343818	-0.0248781303	0.056026192	0.1175896432	0.0888277122	-0.0027399851	-0.014263849	0.074316728	0.0447651084	-0.0168398456	-0.0541507869	-0.0270498946	-0.044225854	0.109799173	0.0469292479	0.111064747	-0.0442083441	0.0718509115	-0.0687155169	-0.0430164715	-0.051710796	0.0230895251	-0.0238985144	0.0225961015	0.0495453883	-0.0765643515	-0.2065369642	-0.0984106654	0.1349501895	0.0603436466	-0.0057146312	-0.027628372	0.0553748828	-0.0319482232	-0.0866255159	0.0394678239	0.1482190566	0.011218341	-0.0013654028	-0.016070427	0.0049184815	0.064237501	-0.2013333598	-0.2010991664	0.0697306676	0.0849796403	0.1403190102	-0.1158779983	0.0577404656	-0.0621756822	0.0026945993	-0.0583390114	-0.0472023788	0.0132444808	0.0806221624	-0.0213297768	0.0082309379	-0.029904149	-0.0631115074	-0.0754344479	0.0577350269	-0.0312459714	-0.0	0.0312459714	-0.0577350269	0.0754344479	-0.0816496581	0.0006890645794612	0.0119390524060633	4.748099946680405e-07	0.0001425409723547	0.1922919720445293	-0.037636945697713	0.036976202512774	0.0014165396814525	-0.391589758997533	0.008280139220588	6.856070551231985e-05	0.153342539351746	0.0018239204599263	-0.0009772591881863	9.55035520894546e-07	3.3266858441377663e-06	0.0019151048518377	-0.0003565723215346	3.6676265935322976e-06	1.2714382048457434e-07	-0.0004362476743345	0.0001559356655605	2.4315931793796105e-08	1.9031203336226e-07	0.0	0.0
1990.696084585184	-6.05655027673788	3962870.9011827824	36.68180125465369	2632.2039091927663	-6.990695953369141	6928497.4195696805	48.86982991245168	2059.73051183364	-11.351935891544144	128.86644848572814	4242489.7813784685	2280.7747449759977	1628.4506809119168	1.244977	29.085735	0.087491111535319	0.0391629102845906	-0.0574343024	-0.083253483	0.0736742516	-0.0918199787	0.0080733403	0.0071139357	-0.0390929535	-0.0020432921	0.0912066571	0.0518073121	0.0826516257	-0.0174332642	0.0247498604	-0.0201735977	0.0710865233	-0.0210765741	0.0296916668	-0.0213366082	-0.054142672	-0.0378054925	-0.0864919602	-0.0225105358	0.1228628113	0.0125517146	-0.0484779314	0.0520710748	0.010680225	-0.0586524481	-0.0494017865	0.0943539058	0.0452961816	0.1270180227	0.0928448659	-0.0515723344	-0.0608101714	0.0237053768	0.09128932	0.1104628763	-0.0054218858	-0.0505745026	0.039147359	9.36478e-05	0.0094653506	0.1130573422	0.0089562355	-0.0739526771	-0.0019385029	0.0237342117	0.0662081976	0.0507357499	-0.0283216201	-0.010546566	-0.0488715376	-0.0248720853	-0.0326139008	0.0609465206	0.1430427221	0.0793804862	-0.1475992384	-0.1285117412	-0.0812106595	0.0552110408	0.1040371419	0.0782997572	0.0814098137	-0.0669265177	0.0600159746	0.0282809228	0.0882999983	0.0257379977	-0.0842749698	0.0702057797	0.0634735892	-0.0727001885	0.0704472827	-0.1383258621	-0.1544551142	0.1932905024	0.0512915993	0.0999502182	-0.0147103356	-0.1071430943	0.0183502082	-0.0001351127	-0.0537680247	-0.137259408	-0.0621743642	-0.0324749181	0.0587770247	0.0824098173	-0.0776963256	-0.1084492052	-0.0757575129	0.0589314758	-0.0336000067	0.0034191328	0.0272552159	-0.0539958877	0.0729434684	-0.0813633012	-0.0045145335843272	-0.0052035981637884	2.0381013484018196e-05	2.7077433850182005e-05	0.1647424743396186	-0.0275494977049106	0.0271400828515398	0.0007589748237928	-0.377649546693668	0.0139402123038649	0.0001943295190768	0.1426191801179329	0.0023296139333716	0.0005056934734452	2.557258890851722e-07	5.427101078559098e-06	0.0018327308788539	-8.237397298379982e-05	3.3589024743045893e-06	6.785471425135782e-09	-0.0006641362951605	-0.0002278886208259	5.1933223501976395e-08	4.410770185495147e-07	0.0	0.0
1984.613848775604	-6.08223580957997	3938692.128751916	36.99359244333692	2645.091654641288	12.887745448521857	6996509.861452987	166.0939827458958	2057.213138868829	-2.5173729648108747	6.3371666439606935	4232125.89873454	2286.1699258669723	1655.8899662022632	1.115589	26.062908	0.0431834089824503	0.0243170092307937	0.0839271251	-0.0689128787	0.0820767383	-0.0293669751	-0.0109816773	0.0065724791	-0.1368018921	-0.0050351165	0.012076589	2.30927e-05	0.0366211311	-0.0838289835	0.0595184942	0.0125178462	0.0960800988	-0.0694930363	0.0495273392	0.0501081327	0.0497795019	0.0052587444	-0.0171428091	-0.0743356874	0.1081581765	0.0249671155	-0.0310925636	0.0440357918	0.105454322	-0.1207764466	0.0464533296	-0.0232006734	-0.029530371	-0.0103613808	-0.0471942857	-0.0619170772	0.0104433889	-0.0150383125	0.1059622103	0.0489302407	0.0637982213	-0.0948304443	-0.0282655419	-0.0995793787	0.0579227208	0.0819512823	0.0052799517	-0.0918227362	-0.0291711301	0.0464002852	-0.0249223376	0.0119815777	0.0702029128	-0.078388714	-0.0011231131	0.0450695997	-0.0692558661	-0.0076923994	0.1124887427	0.0666848379	-0.1002009908	-0.0786615595	-0.0882093744	0.1488261898	0.0578504751	0.0235503502	0.0085906306	-0.1113353318	0.0082024155	0.0611586726	0.0532558902	0.0252292198	-0.067090859	-0.0819644361	0.0800454881	-0.0275986916	0.0507792451	-0.1227875082	-0.1218202227	0.100613023	0.0117834684	0.0562356988	0.0399045898	0.011712262	-0.0595180906	-0.056423716	-0.0401612474	-0.0552819394	-0.1573857066	-0.0367740016	0.0796332573	0.0667576578	-0.0561730838	-0.0850920764	-0.0760722702	0.0601020755	-0.0359208828	0.0068322673	0.0231897558	-0.0500436514	0.0700607062	-0.0805062393	0.013380465719635	0.0178949993039622	0.0001790368628743	0.0003202310000888	0.1682621395884069	0.0035196652487883	0.0283121476188685	1.2388043463528013e-05	-0.3630458553645681	0.0146036913290998	0.0002132678004356	0.1318022930973909	0.0023510165844285	2.1402651056900025e-05	4.5807347226342367e-10	5.52727898025785e-06	0.0018098402200161	-2.289065883780009e-05	3.275521621987925e-06	5.239822620285553e-10	-0.0005651285430432	9.90077521173e-05	9.802534979320722e-09	3.193702701621299e-07	0.0	0.0
1977.5282066726384	-7.085642102965721	3910617.808185901	50.20632401132049	2648.903423309326	3.8117686680379848	7016689.346019867	14.529580378636073	2056.2507180606617	-0.9624208081672804	0.9262538119933612	4228167.015524987	2279.304146955428	1631.775923869649	1.018402	23.792387	0.073359952493925	0.0461829447909907	0.0688857421	0.0368266838	0.0883036768	-0.0018920903	0.0010739955	-0.0172695003	-0.0930324065	0.0378590625	-0.087143276	-0.0341789549	0.037517206	0.0072442571	-0.0242733458	0.0262319253	0.0787215771	-0.0126060432	0.0870913538	0.0925747694	0.0605655414	-0.0426352917	-0.0343428882	-0.0009008016	0.0108621776	-0.0585066252	-0.1355254631	0.1284494572	0.0457368417	-0.0050931161	-0.0389486944	-0.0316446352	-0.0192669705	-0.0554841395	0.0356201313	-0.0754421294	0.060025583	0.0791521026	0.0012941204	0.0143857295	0.0588059259	-0.0797249168	-0.0283132691	-0.0989088414	0.0556810373	-0.0167140707	0.0446487004	-0.0185270543	-0.036135968	0.0373332737	-0.093647682	0.0792936391	-0.0135079706	-0.0975872073	0.0140647775	-0.0735404959	0.0100788497	0.0321985574	0.0910241921	-0.1059030818	-0.0422247157	-0.124819066	-0.0903505139	0.0604645953	0.0024212811	-0.0130828004	-0.0745817116	0.0295180745	0.070934651	0.0684097403	0.0444057703	-0.038482198	-0.0663595831	-0.0956416496	0.0052315107	0.0372842598	-0.0279708733	-0.1043582812	-0.1192947512	0.1135900236	-0.0161618231	0.0040320238	-0.0020658204	-0.0524807916	0.0583656273	-0.0662044262	-0.006531372	-0.1024540604	0.1091402051	-0.1103523068	0.1191356811	-0.028388132	0.0461490017	0.0473612247	-0.0763786853	0.0612463124	-0.0382063093	0.0102334157	0.0190607341	-0.0458939156	0.0668016447	-0.0790844839	0.0102710242139067	-0.0031094415057283	0.0001054939384026	9.66862647754588e-06	0.1682572216983402	-4.917890066707953e-06	0.0283104926536444	2.4185642708224748e-11	-0.3252800538659031	0.037765801498665	0.0014262557628365	0.1058071134430048	0.002002738685866	-0.0003482778985625	1.2129749462711116e-07	4.010962243864272e-06	0.0017731713371285	-3.666888288759995e-05	3.144136590814073e-06	1.3446069722245204e-09	-0.0008297775935824	-0.0002646490505392	7.003911995130006e-08	6.885308548113985e-07	0.0	0.0
1981.165870748401	3.6376640757625855	3925018.20741827	13.232599928093672	2633.8534355163574	-15.04998779296875	6937183.919781319	226.5021325685084	2060.04823110885	3.797513048188194	14.421105351159584	4243798.7144947015	2274.599677553685	1603.4197807456326	1.08194	25.276783	0.1109798464907174	0.0606172220248423	-0.0206216374	0.1047060641	0.074277834	0.0356999171	-0.0660012059	0.020129287	0.0219969334	-0.0551689738	-0.0934748	-0.0597838403	0.0247660034	-0.0178861269	-0.0160632722	-0.0561244602	-0.0596264654	-0.0302836139	0.0181349871	0.0375519976	-0.0698942461	-0.0213642435	0.0046199987	-0.031349025	-0.0095436469	-0.0339343576	0.0681988727	-0.0750579161	0.0018905187	0.0510687198	-0.0002485934	0.1065562525	-0.0245202762	0.0427870872	-0.0026526578	0.0484220229	0.0420238243	-0.0474768437	0.0883995921	-0.1127544112	0.1147549996	0.0077591081	-0.0409613863	-0.0246213506	-0.0342300639	-0.1007637328	-0.0169205491	0.0105372931	-0.0089950439	-0.0701474927	0.0355935423	0.0247436712	0.0939268453	0.0846552954	-0.0151418377	-0.0901875436	-0.0205969076	0.0335025103	0.0964875982	0.0589552844	0.092473617	0.0087292084	0.0691110912	0.0153787131	-0.0456391025	-0.0259487048	-0.0283708175	0.1431630429	-0.1122639818	0.0125976456	0.0735999169	-0.0388142393	0.0351242303	0.0035753493	-0.0624417891	0.064908673	-0.0347729379	-0.0937483051	-0.0085018811	0.029901083	-0.0217547052	0.0180646681	-0.0333357011	0.0393922272	0.0689664891	0.0354803003	-0.0636509501	-0.0212643809	0.019343406	-0.1501831547	-0.0643439233	0.0363502938	0.1251148837	0.0325193157	-0.0766767246	0.0623636846	-0.0404540309	0.0136166111	0.0148794683	-0.0415630576	0.0631837885	-0.0771080077	-0.0112507643822965	-0.0215217885962031	0.0001265796991859	0.0004631873843796	0.1684173484553923	0.000160126757052	0.028364403260745	2.5640578324021653e-08	-0.3626877446942202	-0.0374076908283171	0.0013993353331069	0.1315424001513798	0.0026669094979119	0.0006641708120459	4.4112286757371044e-07	7.112406270052702e-06	0.0017738940768503	7.227397217999653e-07	3.146700195884578e-06	5.223527054674912e-13	-0.0004568663391672	0.0003729112544152	1.39062803669518e-07	2.0872685186403907e-07	0.0	0.0
1986.5367841489776	5.370913400576683	3946328.3947769618	28.846710756494183	2629.788730076381	-4.064705439976478	6915788.764836744	16.521830313774377	2061.49834025407	1.4501091452202672	2.102816533051454	4249775.406870286	2276.069655505392	1569.509024717468	1.15433	26.967991	0.1301249856132567	0.0673266259076614	-0.0795110923	-0.0349317591	-0.0147717173	0.0781655243	0.0741343255	-0.0950089387	0.0125805095	-0.0758810907	-0.0348627264	0.0259999468	0.0115088865	0.0820794935	-0.0183306951	0.0508168129	-0.0244601617	0.0389394728	-0.0272948659	-0.0297331232	-0.0120021261	-0.0862853828	0.0502792656	0.0511149581	-0.0503505919	0.0387620454	0.0781771757	-0.0770581155	0.054249824	0.0139112373	0.0264256916	-0.0739775331	0.0178413191	-0.0100745189	0.1113866495	-0.0682308763	0.05779634	-0.0332141626	0.038069428	0.0499170103	-0.0536780635	0.0381935645	0.0385054129	0.0047379836	-0.0655641978	0.0265764917	0.0207928047	0.0998039564	-0.0054063055	0.070402998	0.0042782305	0.0580864483	-0.0567464719	0.0590658655	-0.0802458049	-0.0350316243	-0.0090024759	0.0314425992	-0.0313313397	0.047448046	-0.0271007845	0.0003879335	0.1012359183	0.0241806871	0.0438332878	-0.0367420449	-0.0560801612	0.0078879197	0.0195123284	-0.0057245176	0.0122113869	-0.0081933498	0.0575979004	0.0662314238	0.0698581426	0.0138210586	-0.0776668628	0.0725494841	-0.108325351	0.0399931585	0.0483131925	-0.0207303105	-0.0301972768	0.0918301286	0.03915917	0.0178788092	-0.0164591443	-0.0320008989	-0.0101270152	-0.0569295932	-0.0148039068	0.0198659746	0.0947076529	0.0175255781	-0.0769663555	0.063453702	-0.0426618292	0.0169759185	0.010657419	-0.0370681691	0.0592265694	-0.0745906743	0.0081202285878276	0.0193709929701241	6.59381123185726e-05	0.0003752353686485	0.1371716699424752	-0.031245678512917	0.0188160670348073	0.0009762924257325	-0.3225707014690897	0.0401170432251304	0.0016093771571269	0.1040518574462606	0.0020020213978511	-0.0006648881000608	4.420761856024606e-07	4.008089677453672e-06	0.0017739211060407	2.70291903999801e-08	3.1467960904566605e-06	7.305771336783763e-16	-0.0005797766280177	-0.0001229102888504	1.510693910531333e-08	3.3614093839557445e-07	0.0	0.0
1989.565374752782	3.028590603804332	3958370.380415178	9.17236104545189	2625.2874488830566	-4.501281193324303	6892134.189262908	20.26153238137506	2061.8161898060007	0.3178495519305215	0.1010283376624333	4251086.000546134	2269.9870054996773	1620.1166402436745	1.205908	28.172991	0.0505597093790125	0.0240043481300784	0.0996631374	-0.0150044888	-0.0486160336	0.0290997531	-0.0155722537	0.1087453415	0.0453838917	0.0189200741	0.0257517249	0.0800683887	-0.1085964757	-0.0221300007	0.0656384729	-0.0226073028	0.0203769927	0.0621734377	-0.0007926498	-0.0332765125	0.0257454233	0.044128013	-0.0729492209	-0.060162331	0.0204244142	0.0702252037	0.0842763772	-0.0303947466	-0.001934739	0.0210604891	-0.0961949768	0.0607418013	0.0476451122	0.0771501057	-0.042450842	-0.0426805616	-0.0547244576	0.0632284317	-0.0233242925	0.0551099028	0.0200143793	0.0198591348	-0.0267741894	0.0386565996	0.0514200513	0.0046627078	0.0559342199	0.0345537629	-0.0785326797	-0.0371067618	0.0291044328	-0.1139064094	0.0209709526	0.0219623545	-0.0445558067	0.0070769467	0.0033357504	-0.0218987936	-0.0384913207	0.0016359847	0.047460684	-0.0411909814	0.0145243677	-0.0208111918	-0.0159961857	-0.0882198235	-0.0258646446	0.0754344922	-0.0172633278	-0.0169836714	-0.047023635	0.0568166904	-0.0616119193	-0.0875135812	0.0428826623	0.0055700085	-0.017439315	-0.0236079282	0.0347649463	0.0272089491	-0.0199309518	0.0322747679	-0.0634603927	0.1076428893	0.0477530009	-0.0545368436	-0.0005008367	-0.0896242742	-0.0369044453	-0.1308989191	0.0179265538	0.028473873	0.093380181	0.0544729266	-0.0772475461	0.0645158866	-0.0448275254	0.0203054443	0.0064061583	-0.0324269895	0.0549512416	-0.0715501408	0.0032110890084027	-0.0049091395794248	1.0311092619884632e-05	2.409965141027608e-05	0.1506449837156793	0.013473313773204	0.0226939111186972	0.0001815301840312	-0.3266189184328283	-0.0040482169637385	1.6388060585500826e-05	0.1066799178782305	0.001735222682605	-0.000266798715246	7.11815544569694e-08	3.0109977582268928e-06	0.0018868415315707	0.0001129204255299	3.5601709652600648e-06	1.2751022501876272e-08	-0.0007626382684945	-0.0001828616404768	3.3438379557866483e-08	5.816171285722891e-07	0.0	0.0
1992.2165027089648	2.6511279561827905	3968926.5936659374	7.02847944005394	2635.1301743643626	9.842725481305932	6943911.035845556	96.87924490034912	2062.9006080948006	1.0844182887999525	1.175963025083817	4255558.918877899	2279.9944717486014	1595.1885482384007	1.180161	27.571463	0.0562694573397424	0.0319549118367969	-0.0465672219	0.0856848369	0.0379924374	-0.0387896804	-0.0681241772	-0.0128681677	0.073992743	0.0432781344	-0.0955517675	-0.0169444283	0.053852738	-0.0727787929	-0.0061971091	0.050544257	0.0150084493	-0.0170352764	0.011708941	0.0298592269	0.0034509546	0.0644717132	-0.0453683939	0.0031444296	-0.039102854	0.0235094405	0.1095891952	-0.0223877996	-0.0665414525	-0.0293049365	-0.0396440517	0.0031728299	0.0740382877	-0.0312373193	-0.1743046748	0.0184305781	-0.0542835571	0.0152649435	0.0421579147	-0.0572373632	0.0125028569	-0.0717345901	0.019954744	-0.0011651108	-0.0777391378	-0.0741024833	0.0471044481	-0.0673939294	-0.0135879794	-0.0117870157	-0.0460561904	-0.0338693853	0.048463299	-0.0593929776	-0.032012696	-0.0473489721	-0.0145379416	-0.0074487735	-0.0526173755	0.0594047614	-0.1159518447	0.044717541	0.0568251088	0.0248964908	-0.0565534935	-0.0399295197	-0.0429348621	-0.0720544597	0.0146689444	0.0363994757	0.0737269426	-0.0048728054	-0.0441205111	0.0403292762	-0.1102234801	0.0018583885	-0.0308753183	-0.0669154228	-0.0554400693	0.0068752384	0.0008447254	-0.0541326642	-0.0057824614	0.019112524	0.0121176438	-0.0010958511	-0.0393457652	-0.094727827	-0.0297650669	-0.1219964817	-0.0555341231	0.0157555947	0.0945545961	0.0404807496	-0.0775202656	0.0655497724	-0.0469489822	0.0235993474	0.0021373389	-0.0276578354	0.0503807682	-0.0680077345	0.0101438620593938	0.0069327730509911	0.00010289793748	4.806334217654846e-05	0.1507342509033122	8.926718763288544e-05	0.0227208143953826	7.968630787884775e-09	-0.3503145445697768	-0.0236956261369484	0.000561482698022	0.1227202801371301	0.0018889632189931	0.000153740536388	2.3636152528900643e-08	3.568182042708774e-06	0.0017740083301143	-0.0001128332014564	3.147105555314927e-06	1.2731331350900564e-08	-0.0005181761870556	0.0002444620814389	5.976170926143937e-08	2.685065608314802e-07	0.0	0.0
1991.139100730986	-1.0774019779787525	3964634.9184598	1.1607950221525278	2636.530447823661	1.4002734592982051	6951292.802301234	1.9607657608149625	2067.805041401326	4.904433306525334	24.05346605815502	4275817.68924474	2286.264777388712	1615.8992202008358	1.081805	25.273628	0.0388174269053605	0.0229361093428201	-0.0151028499	-0.0597676039	0.0199742378	-0.0146511957	0.0147335058	-0.0871473085	-0.0183081134	-0.0227543096	0.0097104879	0.0366272391	0.0120187562	-0.058779643	-0.0556493899	0.0528297183	-0.1009807122	0.0089083374	-0.087817064	0.1008783117	0.0083192617	-0.0403244401	0.0124251086	0.038242358	0.0122679384	-0.0015465177	-0.0767891658	-0.0319508137	0.1181845048	-0.0630732948	0.0155767969	0.0779599217	-0.0813777909	0.0228095779	-0.0451910342	0.0469653801	0.0809567792	-0.0671702451	0.0380984689	-0.02146128	-0.0360761347	0.0543573534	0.0470392079	-0.0452442208	-0.0605400531	0.052665518	-0.0078184781	0.012367466	0.1264730262	0.0101187537	-0.0051247811	-0.0091350176	-0.0400249571	0.0391856517	-0.0133391876	-0.0429390907	0.0149797798	-0.0676230573	0.0018372664	-0.0046789703	-0.034831496	0.06196056	-0.0299720753	-0.0896715874	0.0849275054	0.0340414316	0.1037731077	0.0386948592	0.0689761862	-0.0664020189	0.0577456043	-0.0471840423	0.0392709621	-0.0205385795	0.0331588757	-0.0727236719	-0.0099969155	0.029116402	-0.0952652995	-0.00452681	0.0157562525	0.0065649924	-0.0120679483	0.0275439786	0.0045319529	-0.0522858883	0.0368343524	-0.0832843034	0.0131666623	-0.0632931966	-0.0197179191	0.0465016811	0.1007468139	0.0844865355	-0.0777844842	0.0665549058	-0.0490241061	0.0268518493	-0.0021373389	-0.0227795284	0.0455396975	-0.0639883028	-0.0063856220014031	-0.0165294840607969	4.077616834480334e-05	0.0002732238433161	0.1630362628318664	0.0123020119285542	0.0265808229981814	0.0001513394974902	-0.3487170695786474	0.0015974749911293	2.5519263472838395e-06	0.1216035946155192	0.0019400661410634	5.110292207030002e-05	2.611508644123157e-09	3.763856631700632e-06	0.0017738875339214	-1.207961928999593e-07	3.146676983001746e-06	1.4591720219124182e-14	-0.00063472158729	-0.0001165454002344	1.3582830315796485e-08	4.028714933719371e-07	0.0	0.0
1995.8854297174555	4.746328986469507	3983558.648558432	22.52763884780066	2651.21605355399	14.685605730329373	7028946.562622394	215.6670156666829	2066.429474133404	-1.3755672679221789	1.8921853085788876	4270130.771567256	2283.459853994662	1619.1122172068226	1.017312	23.766909	0.0580506236918011	0.0252481805875258	0.0385727312	0.0546774444	-0.037054214	-0.0298844017	0.0604026065	-0.0564049267	-0.0280882912	0.083940432	-0.0075723899	-0.0412950823	0.0164176763	0.0602315809	-0.0658752452	0.0465670127	-0.0595090194	0.0621466172	-0.0594991303	0.0067126186	0.0214403022	-0.0929220445	-0.071925858	0.0163481673	-0.0176908883	0.0582133144	0.0496074101	-0.0007851375	0.0760385821	-0.0753974051	0.0247342683	-0.068744129	-0.0291282455	-0.0460830754	-0.0094071184	-0.0495530185	-0.0533916167	0.046047435	-0.0205333732	-0.046680146	0.0231478914	-0.0309823102	0.0751514214	-0.0235509598	0.0386131073	-0.0635300473	-0.0331394463	0.0193316419	0.0996118951	0.0199543349	0.0195047531	-0.013813708	-0.0469083716	-0.0227601159	-0.027011076	-0.0359888575	-0.0207981421	-0.0618270775	0.0052993878	0.0027517851	0.0507961095	0.0668965591	-0.0283242922	0.0614892759	0.0043096253	-0.067878813	0.04612537	-0.0518667502	0.0358845049	0.0091423492	0.0370537335	0.0518650298	0.0903839037	-0.0437916129	-0.062119513	-0.007461052	-0.0509386925	-0.0058306154	-0.0811794315	0.0299481168	0.0421382813	-0.0087486886	-0.0279615747	-0.0011172058	0.0268580278	-0.0974126826	0.0217882217	0.0397922752	0.0167465089	-0.0382259959	-0.0348990816	-0.0283670549	0.1646942658	0.0051598413	-0.0780401729	0.0675308461	-0.0510508491	0.0300572439	-0.0064061583	-0.0178113211	0.0404540309	-0.0595200392	0.0082787219722746	0.0146643439736777	6.853723749422224e-05	0.0002150429841783	0.1794661026839605	0.016429839852094	0.0322080820125698	0.0002699396375654	-0.3599381260505367	-0.0112210564718893	0.0001259121083453	0.129555454584772	0.0018499870268084	-9.007911425499985e-05	8.114246824965317e-09	3.422451999359384e-06	0.0018750298386838	0.0001011423047624	3.515736895954597e-06	1.0229765812650208e-08	-0.0005112353384246	0.0001234862488653	1.5248853658847498e-08	2.613615712541153e-07	0.0	0.0
1994.8985102065385	-0.986919510917005	3979620.066024266	0.9740101210286604	2646.222227913993	-4.99382563999734	7002492.079506096	24.93829452269484	2065.380145417542	-1.049328715861975	1.1010907539325416	4265795.145084986	2280.899697597589	1598.7660968968123	1.068323	24.958649	0.0775567587866603	0.038286213436073	-0.0802427429	0.0026708747	-0.0173206169	-0.0557918438	0.0363884535	0.0380624317	0.0097927995	-0.0280407436	0.0661790186	-0.0776843375	0.0489423278	-0.0279843047	-0.0828493379	-0.0258700271	-0.0352469661	0.0327575934	-0.0914561562	-0.0386504329	-0.0863062724	-0.0486769186	0.0102361328	-0.0359854505	-0.0512982093	0.0894327118	0.1122243111	0.0409320046	-0.0023526288	0.0440352854	-0.0219366011	0.0479579458	0.0521818718	-0.1568983184	-0.0502582811	-0.0018640332	0.0231578979	-0.0661881446	0.0872721476	0.0136418875	-0.0049181341	0.0770197018	0.0038903288	0.042667361	-0.0271510328	0.0119933366	-0.0897613279	-0.0284147223	0.0416156251	-0.0544578729	0.0352348974	0.0318034924	-0.0517973673	-0.0140424525	-0.0491924864	-0.0461560632	-0.0034784776	-0.0533882059	-0.0127092987	0.0529573371	0.0516460411	-0.0288388973	0.1248901677	0.0024249421	-0.0325156339	-0.0537487477	0.0319969868	0.0055162827	-0.0613317114	-0.032846648	0.0088497486	0.0777493539	0.0257064534	0.0910121143	-0.0285731945	-0.0200373246	-0.011900705	0.0781434019	0.0706201228	0.0063806742	-0.0079548307	0.0205871801	-0.0020019548	0.0387253433	-0.0314308617	0.0549563178	0.0919452095	0.0048786572	-0.0787293578	0.0364775728	0.0365598829	0.0491917899	0.1395733964	-0.0300440158	-0.0782873035	0.0684771651	-0.0530272111	0.0332099078	-0.010657419	-0.0127728206	0.0351510839	-0.0546342852	-0.0061452583691021	-0.0144239803413767	3.776420042301941e-05	0.0002080512088884	0.1571132438844813	-0.0223528587994791	0.0246845714039045	0.0004996502965094	-0.3317993301452873	0.0281387959052494	0.0007917918349972	0.1100907954848613	0.0020020572812618	0.0001520702544534	2.3125362289521824e-08	4.00823335745339e-06	0.0018599048775531	-1.5124961130700025e-05	3.459246153545812e-06	2.2876444920518654e-10	-0.0005968625976516	-8.56272592269999e-05	7.332027522727841e-09	3.562449604754157e-07	0.0	0.0
1992.425497725268	-2.473012481270416	3969759.3639857834	6.115790732519261	2633.337517329625	-12.884710584367896	6934466.480175752	166.01576684292206	2061.112655511424	-4.267489906118044	18.211470098819397	4248185.3787093535	2272.2567628213747	1634.3049699848266	1.129925	26.397827	0.0548748393216286	0.0248330216438074	0.0679266166	-0.1031002588	0.001398612	-0.0339208454	-0.0726529734	0.0236683489	-0.0355092593	-0.0292357711	0.0791449286	0.0214025426	0.006341962	-0.0085033605	0.054601653	0.0083331533	0.0034321854	0.0912197099	0.0073694053	0.0616495471	0.088714935	-0.0019636714	-0.0477324174	0.0003956602	0.0232458635	0.1631838863	-0.0406434624	-0.0093823676	0.1030395765	0.0281524028	0.0662607694	-0.0339324151	0.0117736505	-0.00485019	-0.0329057718	0.0131135806	0.1140125661	-0.040387071	0.0439847799	-0.0218804707	-0.0466664888	-0.0024589327	0.0052892818	-0.0012133365	0.0521729684	0.0817691624	0.0678156325	-0.0154184592	0.0072110938	0.0306897073	0.0585837828	-0.0437782935	0.0325866743	-0.0096127359	-0.1004223175	0.0043200472	-0.0634804279	-0.0967195409	0.0205164942	0.0440181093	0.070614706	0.1475715859	0.0164779004	0.0539247376	-0.0014213803	-0.0526412495	0.0582643302	0.0493431527	-0.0126158504	0.0139730862	0.011719466	0.0805945307	-0.0642312538	-0.0235112458	0.0885129143	-0.0691741546	-0.0172524267	0.0054685575	0.0495598355	-0.0770163579	0.0218914949	-0.0306642913	0.0404649156	0.0213611292	0.0307698795	0.0241251573	-0.0117497225	0.0325552772	-0.0825158921	-0.0504665156	0.034720233	0.064726265	0.0390060911	-0.0632533888	-0.0785258491	0.0693934478	-0.0549512416	0.0363043104	-0.0148794683	-0.0076839116	0.0296593388	-0.049365311	0.0105533102231731	0.0166985685922751	0.0001113723566665	0.0002788421930309	0.1452019059692446	-0.0119113379152367	0.0210835934971013	0.0001418799709309	-0.344076593762459	-0.0122772636171717	0.0001507312019255	0.1183887023751762	0.0020027033430108	6.460617489999904e-07	4.1739578352092653e-13	4.010820680106634e-06	0.0017732123990992	-8.669247845389996e-05	3.1442822123191404e-06	7.515585820479908e-09	-0.0007892774413876	-0.000192414843736	3.702347208994931e-08	6.229588794833563e-07	0.0	0.0
1988.650617148299	-3.774880576969053	3954731.277084311	14.249723370378211	2635.5434712001256	2.205953870500707	6946089.388585608	4.86623247877705	2057.2653880399816	-3.847267471442137	14.801466996816776	4232340.876827296	2271.498700612999	1612.9056174096663	1.092581	25.525377	0.0402532638969849	0.0208375546047632	0.0223373792	0.0747213688	0.0255553525	-0.0592205804	0.0075267389	-0.0780306222	-0.027711118	0.038230806	-0.0469917649	0.0215713718	0.0502527788	0.0443822708	0.1231234529	0.0088572444	-0.0651168476	0.0174643182	0.0772840725	0.0274853333	0.0395545596	0.1044836463	-0.035851866	0.1487097183	-0.0020802013	-0.0026331185	-0.0445698414	-0.0049361759	-0.1009583042	-0.0105699803	0.0102239211	-0.0164813376	0.0152123088	-0.0556147593	-0.0396121152	-0.0402164013	-0.0014545825	0.0222796828	-0.0072056504	-0.0962522019	-0.0693342996	-0.0613076127	0.0817567986	-0.0212485026	0.0253642163	-0.0681744737	0.0828240578	-0.0185035748	-0.0474415888	0.1130802223	0.0010328263	0.0579965319	0.0173767281	0.095164546	-0.0060380179	-0.0190941251	0.008174865	-0.0776175323	0.0436835254	-0.0315327606	-0.0125803705	0.0722427023	0.0367168762	-0.0718861683	-0.1090469141	-0.0148072108	0.0814401291	-0.0075420119	0.1472231579	0.0190071076	0.0505568895	0.0197967126	-0.0608096895	-0.0437838559	-0.1048569176	0.0019102409	-0.0080535673	0.0587787212	-0.0540315593	-0.050275021	-0.024668941	-0.1118466884	0.0239084311	0.0034783106	-0.0413138044	0.0347167641	0.0416051709	0.038069972	-0.086664757	-0.0785796038	0.0520805676	0.0461481572	0.0426491793	-0.0294793348	-0.0787557834	0.0702792922	-0.0568210419	0.0393350228	-0.0190607341	-0.0025646777	0.024008292	-0.0437500746	-0.0006424096150965	-0.0111957198382696	4.1269011356843334e-07	0.000125344142697	0.1451767684621074	-2.5137507137201757e-05	0.0210762941011003	6.318942650728691e-10	-0.3474783746303771	-0.003401780867918	1.1572113073333564e-05	0.1207412208357687	0.0020020634929035	-6.398501073002875e-07	4.094081598121895e-13	4.008258229616962e-06	0.002043954841139	0.0002707424420398	4.177751392615556e-06	7.330146992167457e-08	-0.0005480472198615	0.0002412302215261	5.819201977753129e-08	3.003557551979193e-07	0.0	0.0
1993.9200626735744	5.269445525275387	3975717.216332191	27.7670561438448	2635.101670401437	-0.441800798688746	6943760.813352443	0.1951879457220138	2067.56666680344	10.301278763458413	106.1163441624793	4274831.921676687	2283.080853933312	1606.76614236531	1.12463	26.274122	0.0505604394907316	0.0297676837517498	-0.0629808568	-0.0619436243	0.0214313315	-0.0405672622	0.0706357167	-0.0526598485	-0.0257587207	-0.0722006854	0.0162407206	0.0255792174	0.0947624871	0.0251275209	-0.0374472148	0.0545394201	-0.1037505284	0.0436876323	-0.0917416035	0.0563619748	-0.0332981207	0.0612108882	0.0773012569	0.1069406148	-0.0115135021	0.002363703	0.0220700234	0.0144963018	-0.0458482575	0.0710698401	0.0292070064	0.0109865218	0.0927461959	0.0397514634	-0.050268733	0.0086760515	-0.0003270588	0.0585692494	-0.0448228356	-0.0061925366	-0.0525270095	0.0225419803	-0.0120664644	-0.0111198734	-0.0990674743	0.0553243492	0.0230103209	0.0158920639	0.0917235121	0.0295470703	-0.012832539	0.0618566865	0.0241300402	0.0764618823	-0.0409051929	-0.0702439349	0.0271392014	-0.0233550956	-0.0851456879	-0.0087642597	0.025647442	0.0200503579	0.0599341412	-0.0376212194	-0.0368706183	0.0244739362	-0.039036066	0.0351126203	0.0526687312	0.043067819	0.055309337	-0.0364434749	0.0430581305	0.0356035258	0.0167110392	-0.086238164	-0.0579258119	0.0935578479	0.0029653118	0.0080080601	0.014679462	-0.0144960627	0.0271620043	-0.0165218976	0.0801048722	0.026778494	0.04189812	-0.0529946174	0.0196306319	-0.0272328325	-0.0210343408	0.1215325468	0.0461065464	0.0124429411	-0.0789770813	0.0711343098	-0.0586347667	0.0422967282	-0.0231897558	0.0025646777	0.0182282956	-0.0378279629	-0.003448358876227	-0.0028059492611305	1.189117893925354e-05	7.873351256038801e-06	0.1452055066028634	2.8738140756018327e-05	0.0210846391477942	8.258807341127215e-10	-0.318769380843797	0.02870899378658	0.0008242063242378	0.1016139181635377	0.0020018904362528	-1.730566506997697e-07	2.994860435142209e-14	4.007565318760426e-06	0.0017740632485199	-0.0002698915926191	3.1473004097489804e-06	7.284147176647438e-08	-0.000437776703086	0.0001102705167754	1.2159586869935825e-08	1.9164844176484778e-07	0.0	0.0
1993.853598166335	-0.066464507239516	3975452.170920841	0.0044175307225916	2643.8779678344727	8.77629743303578	6990090.708800541	77.02339663311041	2060.172700769761	-7.393966033679135	54.67073370720076	4244311.55699697	2272.3532394960703	1640.3177918798535	1.078826	25.204031	0.075701006857741	0.0471679817037458	0.074986905	0.0041223487	-0.015230967	-0.0347326989	0.0672337332	0.0514250232	-0.0393087831	0.1042066358	-0.0420321773	0.0448866316	-0.0116357537	0.0277675019	-0.1267055161	-0.0037549096	0.0067893257	-0.0274689327	-0.0012681216	0.0077055974	0.1111372449	-0.0138922439	0.0132914566	-0.0374360681	-0.0271958305	-0.0057554663	0.0030022249	-0.0979802376	0.0210448287	0.071892145	0.0196195576	-0.0026359507	0.1118856603	0.0773776795	-0.0950519494	0.0289910891	0.0134162077	0.0087905898	-0.0455010775	-0.0306377374	0.0016180735	0.0900266616	0.1162241201	-0.019413637	0.0728717699	-0.0526697942	0.0753223773	0.0568705217	0.0482974367	-0.0881789523	-0.0003344705	0.0615653176	0.0206344253	-0.0586226915	-0.0881808499	-0.0494987676	0.0250087758	0.0028946568	-0.0484822645	0.0015661183	-0.0250711364	0.0517425867	0.0490684391	0.0340172887	0.0282209355	0.0406716035	0.0131288313	0.0088471731	0.0075550082	0.1554050436	0.0254626082	0.0654304717	0.060139612	-0.0912739537	-0.0177770951	-0.0365939892	0.0039235217	0.0087919182	0.040969936	0.0731196489	-0.0081595891	0.0129915078	-0.0279510051	-0.0561438254	0.136487589	0.02822815	0.064426351	0.0512112295	0.1050954547	-0.1132239426	-0.0503422432	0.0576505363	0.0884698674	0.0267169605	-0.0791897184	0.0719581255	-0.060390626	0.0451842308	-0.0272552159	0.0076839116	0.0123503943	-0.0316405151	-0.0037674993894114	-0.0003191405131843	1.4194051649215271e-05	1.0185066715560207e-07	0.1383775887946257	-0.0068279178082377	0.0191483570806145	4.662046159604973e-05	-0.359605715046591	-0.0408363342027939	0.0016676061911222	0.12931627029417	0.0023550104827452	0.0003531200464923	1.246937672347947e-07	5.54607437383978e-06	0.0018738647295126	9.980148099269994e-05	3.511369024511329e-06	9.960335608336246e-09	-0.0005392074622714	-0.0001014307591854	1.0288198908926604e-08	2.9074468736916325e-07	0.0	0.0
1994.5565834637985	0.702985297463556	3978255.96463878	0.4941883284499243	2645.587901524135	1.7099336896621935	6999135.344690875	2.923873223041763	2059.9241994649424	-0.2485013048185465	0.0617528984965201	4243287.707541284	2281.811456309333	1604.8898749874638	1.127431	26.339573	0.1022556882603348	0.0619860671105709	-0.0506884255	0.0703416659	0.0164336391	-0.0722684878	-0.0688588139	0.0451622241	0.0455736022	0.0418825863	0.0082762289	-0.0985067597	0.0268830052	-0.0371111742	-0.033940741	-0.0765035952	-0.0868384215	0.0474062904	0.0025779126	5.68642e-05	-0.0487067449	0.0137790095	-0.0803817799	0.097533304	0.0392973672	-0.0012017066	0.0800120343	-0.1151154609	-0.033931827	0.0182028395	-0.0149019676	0.0258149742	0.0430509789	-0.0535194518	-0.0568365582	0.0403873142	-0.0410500524	-0.1478907241	-0.0598401854	0.003542514	-0.0936472014	0.0164033717	-0.0290359283	0.0140667225	-0.0264511516	-0.0364494167	-0.0603407044	-0.0865599795	0.0367855151	-0.0620802794	0.0544507011	-0.0620502687	-0.0390387671	0.0212880838	-0.0676090956	-0.0069410243	0.0254161694	-0.0565544707	-0.0215233635	-0.0327701096	0.0077320723	-0.0117138947	0.0442964715	-0.0686438606	-0.0692997342	-0.0278871084	-0.0651854545	0.0167774398	0.0209807966	0.0927733462	0.0428141436	0.1043498317	0.0066029244	0.1030188133	-0.0521461612	0.0095887225	-0.0345089266	-0.0157463177	0.0734650763	-0.0404856581	7.37326e-05	0.0222311413	0.0379341213	0.0513042144	0.0084827783	-0.0627563311	0.0469095379	0.0526622682	0.0744203532	0.0090688491	0.0529936993	0.0287137408	0.0573735036	-0.0126325518	-0.0793936715	0.0727503781	-0.0620868871	0.0479924649	-0.0312459714	0.0127728206	0.0064061583	-0.0252311319	0.0027971678425586	0.00656466723197	7.824147939443932e-06	4.309485586650067e-05	0.1451346235276958	0.0067570347330701	0.0210640589465259	4.565751838391572e-05	-0.3229892654904063	0.0366164495561847	0.0013407643781006	0.1043220656220321	0.001569001654301	-0.0007860088284441	6.178098783922237e-07	2.461766191199275e-06	0.002075127666361	0.0002012629368484	4.30615483169685e-06	4.0506769748843177e-08	-0.0004801284927818	5.907896948959999e-05	3.4903246359530863e-09	2.3052336958092298e-07	0.0	0.0
1991.523849959588	-3.032733504210455	3966167.24495786	9.197472507560626	2631.457311357771	-14.130590166364073	6924567.581498268	199.67357844974504	2063.798905060071	3.874705595128489	15.01334344892002	4259265.920527147	2275.4792349153868	1614.6914358917732	1.169283	27.317337	0.0841477769540335	0.0460237120246946	0.0153520895	-0.0968071586	0.0101666589	-0.0236433448	-0.1141628161	-0.0253323207	0.010995183	-0.0027543577	0.0650420148	0.0345173524	0.037235792	-0.0500199794	0.0690510804	-0.0034063187	-0.0467252284	0.0637265918	-0.0122404348	0.041467392	-0.0014942587	0.0505745309	-0.0619962015	0.1056291789	0.061859706	-0.0116428666	-0.074638873	0.0080407565	0.004129497	-0.015517818	0.0416681701	0.0361685955	-0.0208002327	-0.0203228072	0.0103558738	0.0127835096	-0.0281087524	0.0619567251	-0.0351853713	-0.0431056959	-0.0217172287	0.0233994707	0.0270640342	0.0073926462	-0.0049711359	0.0902840825	0.0572933073	-0.0537024058	0.03044561	0.062857631	0.0664249304	-0.0917391783	0.0094109642	0.0212981192	-0.0032927098	-0.0178787621	0.0130262193	-0.0323186848	0.0137675948	-0.0182542763	0.027645761	0.0245959395	-0.0103209979	0.0449843157	-0.0212260925	0.0242165445	-0.0032394897	0.0094054375	0.0139151693	-0.037690269	0.034966658	0.0246831769	-0.0726548393	-0.0023408295	0.0668531273	-0.0917464251	0.0196246302	-0.0495610214	0.0088518968	-0.1007252928	-0.0400849889	-0.043330742	-0.0111973065	-0.0817531334	0.1096279354	0.0757052754	0.1068933215	0.1241241436	0.0843465227	-0.130353402	-0.0546631765	0.1017729715	-0.1466072601	-0.0579811027	-0.0795889182	0.0735107199	-0.0637218759	0.0507165039	-0.0351510839	0.0178113211	0.0004275147	-0.0186447705	0.0102818314906585	0.0074846636480999	0.0001057160588022	5.602018992518811e-05	0.1451509175279994	1.6294000303618272e-05	0.02106878885922	2.6549444589431235e-10	-0.3382173811129263	-0.01522811562252	0.0002318955054128	0.1143909968868864	0.0022123275347297	0.0006433258804286	4.138681884293616e-07	4.894393120923191e-06	0.0018840367683032	-0.0001910908980578	3.549594544318366e-06	3.6515731320536555e-08	-0.0008740857879575	-0.0003939572951756	1.552023504221536e-07	7.640259647092835e-07	0.0	0.0
1997.731475686778	6.207625727189907	3990931.048949672	38.53461716887002	2640.828897203718	9.371585845947266	6973977.264306205	87.82662126795913	2066.2265655774027	2.427660517331788	5.893535587411642	4269292.220297788	2282.435825052442	1615.2039689380315	1.217259	28.438169	0.0649053881267543	0.0296386455024324	0.023520881	0.116696804	0.0060569089	-0.0764775083	0.0035062761	-0.0575039911	0.0023665653	0.0689222846	-0.0633961629	-0.0203286788	0.056661968	-0.0335889126	0.0143099707	0.0303299039	-0.1262478786	-0.0515996228	-0.0661701751	0.0795181105	0.0440370332	0.0082269591	-0.0992073622	0.0704121911	-0.0847099384	-0.1127891773	0.0053201437	-0.0300853967	-0.0180842243	0.1111315462	-0.129741282	-0.0280162521	0.0187986579	0.0280394902	0.0268273531	-0.0349768188	-0.0611258012	-0.0885833313	0.0656527604	-0.0743944606	0.0283387513	0.0121551338	-0.0023996746	-0.0336138074	-0.035612637	-0.121371481	0.0116581449	-0.0779330334	0.1039810363	0.0360658984	-0.0204126993	-0.0548078943	0.1046159444	-0.0014295765	-0.0240576656	-0.0981590091	0.028279463	-0.0312074093	0.0248161312	-0.0432758475	0.010132045	-0.0024776403	-0.027646503	0.0651023056	-0.0208276799	0.0441643197	0.0457826078	0.0310765168	-0.1155738015	0.0382175773	0.0895570085	0.0707116229	0.037276014	-0.0489686752	-0.1203735278	-0.0116397071	-0.0780363146	-0.0014051775	-0.0272362001	-0.0059698322	-0.0576121035	-0.018188678	0.0191594284	-0.0677489426	0.0635665302	0.0097198899	0.0465388564	0.0485985096	0.0208956193	0.0062185365	-0.0682100277	0.0564307064	0.1339316739	-0.0482664626	-0.0797754371	0.0742388174	-0.0652939789	0.0533515689	-0.0389598496	0.0227795284	-0.0055534252	-0.0119276293	-0.0006321169354635	-0.010913948426122	3.995718200997666e-07	0.000119114270248	0.1600627512311518	0.0149118337031523	0.0256200843316855	0.0002223627843904	-0.3570205994073063	-0.0188032182943799	0.0003535610182261	0.1274637084011523	0.0022249788650726	1.2651330342900412e-05	1.6005615944519264e-10	4.950530950019756e-06	0.001901944302068	1.7907533764799886e-05	3.617392128168932e-06	3.20679765537448e-10	-0.0004991168980032	0.0003749688899542	1.4060166843355992e-07	2.491176778723367e-07	0.0	0.0
1989.2661821911067	-8.465293495671176	3957179.943609181	71.66119396785272	2639.549746922084	-1.2791502816339744	6967222.866476438	1.636225443004276	2060.913191594997	-5.313373982405665	28.231943076905434	4247363.183290277	2274.3071907818216	1613.0367424136302	1.240451	28.979986	0.09980401127395	0.0539335163346971	-0.0554361208	-0.0304038599	-0.0090745792	-0.0449346444	0.0493446608	0.0361985512	-0.002421676	-0.0179893997	0.0428330047	-0.0525327143	-0.046874548	0.0159490119	-0.1442857165	-0.0210024459	-0.099394105	-0.0197556372	-0.0247892214	-0.0463773482	-0.0558159929	-0.0473219334	-0.0920178166	-0.0843633093	-0.0092449303	0.1145780507	0.0400419498	-0.0065776882	-0.037706557	0.0185394507	0.0518055533	-0.0199006925	-0.0160762542	-0.0394240628	-0.0729539197	0.0344170068	-0.0390847992	0.0319433275	0.0620982773	0.0570294034	-0.0966539515	0.0433785438	0.0070979566	0.0262423758	0.0142772213	0.0113976	-0.0892948443	0.0477365685	0.0298484852	-0.0744936282	0.0258709835	-0.0007509394	-0.0457159302	0.0458157632	-0.0940921663	-0.0193177248	0.0530656257	-0.0376084678	0.0577451307	0.0105547477	0.0722800358	0.0499031792	0.0211923999	0.1311610081	-0.0304358585	-0.0285035795	-0.0519796214	-0.077198849	0.0255011014	-0.0351474409	-0.0031797549	0.0796055755	0.0471744168	0.0823272145	0.0054509774	-0.0303646839	0.0116829532	0.0036404473	0.044342852	0.0514273032	0.0236938768	0.0598547487	-0.0047552204	-0.0941873703	0.1113779232	0.0748780765	0.171261455	0.0932709295	0.0677848623	-0.0495338349	-0.0304318842	0.0804597045	0.0426193405	-0.0362607376	-0.0799532077	0.0749343514	-0.0668016447	0.0558930371	-0.0426618292	0.0276578354	-0.0115045374	-0.0051268245	-0.006313291053928	-0.0056811741184644	3.985764393160731e-05	3.227573936431088e-05	0.1452295354767869	-0.0148332157543648	0.0210916179748033	0.0002200242896155	-0.3273696416930107	0.0296509577142956	0.0008791792933749	0.1071708823022102	0.0016911377751083	-0.0005338410899643	2.8498630933427215e-07	2.8599469743982506e-06	0.0023100389341139	0.0004080946320458	5.336279877122083e-06	1.6654122870467846e-07	-0.0005499544497295	-5.083755172630004e-05	2.5844566655242322e-09	3.024498967772772e-07	0.0	0.0
1994.2471261638088	4.980943972702107	3977021.6002126094	24.80980285919745	2624.9229011535645	-14.626845768519615	6890220.237000446	213.94461713606017	2061.818942029937	0.9057504349398188	0.8203838503936707	4251097.349713448	2270.176997383367	1621.8928770378589	1.21066	28.284008	0.1072260458849646	0.0708388160645105	0.0521436576	-0.0467168409	0.0213236564	-0.0852027422	0.0100228027	0.1133882284	0.0218707108	0.0449131678	-0.0026140556	0.0912608706	0.0380668656	-0.074229069	0.0445381798	-0.1037414768	-0.0653856658	0.0493577914	-0.0048848981	0.0225145503	0.072923161	0.0790661263	-0.0065312186	-0.0086043821	0.0390960537	0.0059151685	-0.0355861744	-0.0252817279	-0.0143118172	-0.003521495	0.0551748244	0.0236011077	0.1830112228	-0.0438636759	0.0518263287	0.0346523889	0.0287592627	-0.0440752166	-0.0360137341	0.0742427899	-0.065467211	0.0290609439	-0.0373005181	0.0021905388	0.0187845489	0.0440252326	0.1186904723	-0.0383724617	0.0090006854	-0.0627851774	0.1127581262	-0.0278183422	0.0077373146	0.0420884585	-0.0123727828	-0.0303479262	0.090784902	-0.0494174767	-0.0834550839	0.0083496914	0.0866019902	-0.0805961757	0.0935080411	0.0228101223	-0.0246044929	-0.0263997886	-0.0306356122	-0.0962779968	0.0330081673	0.0288619014	0.121994919	0.1799135422	-0.0690520906	-0.0495538362	0.0426476358	-0.0431269132	0.0296364805	0.0711740881	0.0992702835	0.0095480607	-0.0249474386	-0.0151871605	-0.107264534	-0.0807849914	0.0368376258	0.060920383	0.1466573282	0.0082541214	0.0533754781	-0.0916719533	-0.1008978911	0.032905949	-0.034044519	-0.0656743701	-0.0801222105	0.0755970167	-0.0682433853	0.05833645	-0.0462468756	0.0324269895	-0.0173938582	0.0017099414	0.0017261427872199	0.0080394338411479	2.979568921871285e-06	6.463249648619408e-05	0.1570398809337376	0.0118103454569507	0.0246615242036824	0.0001394842598125	-0.3858978119170118	-0.058528170224001	0.0034255467097696	0.1489171212423373	0.0022461141675644	0.0005549763924561	3.0799879618358706e-07	5.045028853733517e-06	0.0023099121822744	-1.2675183949997781e-07	5.33569428981968e-06	1.6066028816628137e-14	-0.0005280956667678	2.1858782961700065e-05	4.77806392566709e-10	2.7888503325892724e-07	0.0	0.0
1996.4515828524604	2.204456688651589	3985818.922674095	4.859629292140731	2637.466239929199	12.543338775634766	6956228.166766268	157.33534764034266	2062.772682510504	0.953740480567376	0.9096209042728892	4255031.139711581	2275.7524866836206	1594.39842103619	1.186172	27.711906	0.0826098777148642	0.0437061238534716	-0.063552682	0.0249772986	0.0240563427	-0.1309108878	-0.0387654439	0.0354850657	0.0483591786	0.0539832703	-0.0954477991	-0.0455692336	0.1220973196	-0.1024972777	-0.0446930514	-0.033698878	0.0273993717	0.0210334034	-0.0504694549	0.0458909567	0.0297984462	0.1405591402	-0.0259931174	-0.0378095685	0.0478813537	-0.157743818	-0.0471164215	0.0604457234	0.0814750694	0.0318362247	0.0118766675	-0.0461915951	-0.0508087064	-0.0298458293	-0.0220454188	0.0532063703	0.0106879554	0.0336551329	-0.0473552009	-0.0698575943	-0.0865996506	-0.0185660666	-0.124740632	-0.0231257735	-0.0736757391	-0.0418372682	0.046004473	-0.1395492034	0.0017266786	-0.0524443033	0.009359691	0.0886898901	0.0254732566	-0.0704160415	0.0811229494	0.0628643985	0.0287257967	-0.1063445895	-0.1335919772	-0.0629715406	0.0372068895	0.0121410217	-0.0020008284	0.0985069337	0.0148175936	0.0680856785	0.0646150344	-0.0116538278	-0.0302689152	0.0378806504	0.1244356304	0.0018401218	-0.0200039438	0.016645222	-0.1155442568	-0.0693093074	0.1138906892	0.0329527087	0.0550234176	-0.0915874333	-0.0126654132	-0.0108282276	-0.0393499324	-0.0591351228	-0.0629197656	-0.026452146	0.1303625823	0.0454258027	0.0643184306	-0.0686610885	0.0036316674	-0.0822625139	-0.0286869444	-0.0384740812	-0.080282427	0.0762265226	-0.0696177779	0.0606775209	-0.0497051625	0.0370681691	-0.0231897558	0.0085347133	5.803380291524718e-05	-0.0016681089843046	3.367922280805752e-09	2.7825875835179003e-06	0.1929968035453839	0.0359569226116462	0.0372477661787355	0.0012929002836999	-0.3749746777789084	0.0109231341381033	0.0001193148593989	0.1406060089753961	0.0020019770087766	-0.0002441371587877	5.960295230097943e-08	4.007911943670102e-06	0.0019030049308503	-0.000406907251424	3.621427766840556e-06	1.655735112615156e-07	-0.0004979058373635	3.0189829404299925e-05	9.114257994607323e-10	2.4791022288064815e-07	0.0	0.0
1999.349514756106	2.8979319036454854	3997398.482155476	8.398009318166347	2645.291470663888	7.82523073468883	6997566.964767116	61.234236051118685	2066.34134141938	3.568658908875932	12.735326407899557	4269766.539258843	2286.212859949844	1659.0461367622752	1.250548	29.215876	0.0853836301631979	0.0402269210076396	0.0202885798	-0.0924050684	0.0579093904	-0.1192780174	-0.0241143133	-0.0814016146	-0.0969874837	0.0325694307	0.0096511359	-0.0061781383	0.0444204228	-0.0678288092	-0.0301390892	0.002394925	-0.1429264953	-0.0689328771	-0.0770005665	0.0874413835	0.0809778112	-0.0713296043	-0.0254092688	0.0291908161	0.0563710267	0.049683017	0.0904856778	-0.0153902103	0.0690877533	0.1021591454	-0.0208090236	-0.0659396632	0.0313616797	-0.0028625092	-0.0336902833	0.0327569839	0.0345040813	0.0020121813	0.0602779376	-0.0289446323	-0.0722474914	-0.0486723422	-0.002126391	-0.1049468364	0.0034681459	0.040306716	-0.0152590088	-0.0136759426	0.1569686263	-0.0210338459	0.0621416885	0.0013647153	0.0532094658	-0.017458055	-0.0567517785	0.0297579548	0.0931701027	-0.0091280071	0.0116845964	0.0190520698	-0.084906163	0.1077908067	0.0659012565	-0.0115426248	-0.0203438796	-0.0235652412	0.0321036942	0.0152882083	-0.0923576881	0.033872513	0.150651275	0.1071922405	0.0933811088	-0.0017351459	0.0504551245	-0.1226105509	-0.0415391532	0.0399730241	0.0198833519	-0.076281237	-0.0006752682	-0.0251435334	0.0572207745	-0.0214930176	-0.0441306857	-0.0844183285	0.07694659	-0.0499858307	0.1894071435	0.1096995726	-0.022049501	0.0479654955	0.0634670091	0.0026853064	-0.0804338397	0.0768225931	-0.0709234662	0.0629121428	-0.0530272111	0.0415630576	-0.0288611001	0.0152996203	0.0050552074314538	0.0049971736285385	2.5555122175025724e-05	2.4971744273761164e-05	0.1650965378312179	-0.027900265714166	0.0272568668038547	0.000778424826921	-0.35363615898207	0.0213385187968384	0.000455332384443	0.1250585329395919	0.0020573488597942	5.5371851017599946e-05	3.066041885115284e-09	4.2326843308964944e-06	0.0022077204168788	0.0003047154860284	4.874029439103502e-06	9.285152742558492e-08	-0.0007607719407905	-0.000262866103427	6.909858833089427e-08	5.787739458941441e-07	0.0	0.0
1989.283893496902	-10.065621259203908	3957250.4089261936	101.31673133373768	2649.6288675580704	4.337396894182348	7020533.135797063	18.81301181766268	2040.70883255646	-25.63250886292008	657.0255106076762	4164492.5392739503	2265.150885419468	1641.9603971887807	1.83667	42.909138	0.3443925378184024	0.2929619074548326	0.0343043543	-0.029506214	-0.0608207035	-0.0097092956	0.1130202426	0.0266749103	-0.0757844963	0.0310010017	0.0921485997	-0.1926238047	-0.0150857174	0.1300655671	0.0805350184	-0.0624828322	0.1566543983	-0.0853785902	0.1213742967	-0.2888504217	0.1085359918	-0.0472954217	0.0776644158	-0.0338688894	0.0137588854	-0.1857131029	-0.0565453538	0.0899974887	-0.0549334885	0.0163371306	0.0032870815	0.0402904653	-0.1187520674	-0.0968695737	0.0314789279	0.0654367282	0.0327417928	0.0169627503	0.1494543346	0.1108854854	-0.1971557551	-0.0323549475	-0.0115389656	0.0468499814	0.1757714383	0.0624714949	-0.1956363143	0.0070356537	-0.1311443914	0.0814146288	-0.0070088616	0.1217386242	0.0278210231	-0.1168189708	0.1938018665	0.1686583561	0.0638477176	0.1042017101	-0.1491293392	0.0060034838	-0.1734211207	0.0401164886	0.0286390435	0.0546465401	-0.2773228141	0.0962605072	0.0811627959	0.1156321623	-0.0062797665	0.0906237207	-0.2363150264	-0.111582479	0.0153451345	0.012347807	-0.0473393896	0.049643543	0.5538372834	0.1944196068	0.0196070755	-0.0242629162	0.0736173436	0.0235360988	0.0460646804	0.1106637789	-0.0111504416	-0.0870852334	0.0387900675	0.0106764728	0.1326214777	-0.033558163	-0.0342250168	0.1232110028	0.0282827134	-0.1188288453	-0.0805764318	0.0773849666	-0.0721591615	0.0650363955	-0.0562039158	0.0458939156	-0.0343774302	0.0219572114	-0.000954099296365	-0.0060093067278188	9.10305467324188e-07	3.611176734900829e-05	0.1787312741429474	0.0136347363117295	0.0319448683567614	0.0001859060342903	-0.0579471532632709	0.2956890057187991	0.087431988102972	0.003357872571317	0.0021200159238756	6.26670640814001e-05	3.927160920582307e-09	4.494467517486114e-06	0.0019159373632526	-0.0002917830536261	3.670815979907325e-06	8.513735038342987e-08	-0.000534032277297	0.0002267396634935	5.1410875001145645e-08	2.8519047319501986e-07	1.0	0.0
1988.1296420538145	-1.15425144308756	3952659.473613029	1.3322963938697143	2637.198367527553	-12.430500030517578	6954815.229689989	154.5173310086975	2053.44686453683	12.738031980370124	162.25745873293204	4216644.025476139	2255.4514288319574	1578.7283227831538	1.464232	34.208057	0.1026601665088366	0.0791502404060525	-0.0490131324	-0.0078131731	-0.1760578524	0.0893695628	-0.0414453394	0.0012876007	0.0818886387	-0.0059122178	0.1426438791	-0.1375963471	-0.1092083899	0.0717749684	-0.0360482671	-0.1666572346	0.0250955101	-0.0345877787	-0.0570182733	-0.1389832171	0.0139125066	-0.0479525371	0.1439294846	-0.1710764223	-0.1007708803	-0.044351945	-0.2098869354	0.128853645	-0.0079214539	0.0552631818	0.0918285751	0.0616121467	-0.0443196089	0.0376445465	-0.0394613243	-0.0086211747	-0.0073450767	0.1573933878	0.0283227212	-0.0647219003	-0.006312426	0.1202530297	-0.0626810237	0.1437900927	0.0981503218	0.0611337211	-0.1204437719	0.1013039019	-0.0642933878	-0.1015963159	-0.05972101	0.0005812614	-0.037352152	0.1890260898	0.41844043	0.0416314923	0.0219680064	0.1923346154	0.0090377913	-0.0420960907	0.028678679	0.0124168613	-0.0658227173	0.1861360389	-0.021322298	-0.1369354322	-0.0170377588	0.1952764917	0.1279812344	-0.0923656211	-0.2927873856	-0.2363795686	0.0702203009	-0.003337153	-0.0640740853	-0.0059368614	0.409068187	-0.15259733	-0.0466590816	0.1167530449	-0.0977684253	-0.0137301403	-0.032424731	0.220853523	0.0118679803	0.3180283715	0.0839306719	0.0887710476	-0.0546469989	-0.0837461286	-0.0045829871	-0.2151204086	0.0757605754	0.0737440945	-0.0807101879	0.0779133966	-0.0733236445	0.0670465522	-0.0592265694	0.0500436514	-0.0397091175	0.0284607885	-0.0029547588843001	-0.0020006595879351	8.730600064350373e-06	4.002638786796644e-06	0.1765052444191326	-0.0022260297238148	0.0311541013074577	4.955208331307013e-06	-0.0708683914542476	-0.0129212381909767	0.0001669583963879	0.0050223289073124	0.0035803560295603	0.0014603401056847	2.132593224271201e-06	1.2818949298408797e-05	0.0018143152561973	-0.0001016221070552	3.2917398488702746e-06	1.0327052642358844e-08	-0.0003857497099148	0.0001482825673821	2.1987719789456665e-08	1.4880283869935236e-07	0.0	0.0
1994.277304844378	6.147662790563572	3977141.968617357	37.79375778647989	2629.2841328212194	-7.914234706333445	6913135.051105431	62.63511098693284	2061.204685243238	7.757820706407983	60.18378211277246	4248564.754468677	2272.5233951640826	1642.4111039882048	1.590961	37.168774	0.2280775660217219	0.1063969976876255	0.0466804189	0.0457110907	-0.0736809213	-0.030009086	-0.0281661404	-0.0501378793	0.0269180958	0.031611417	0.0862743883	-0.0534753214	-0.0557070274	0.0721868635	0.102714402	-0.0678552828	-0.0641650169	-0.0165258279	-0.0520193719	-0.14114251	0.0196828098	-0.0049458431	-0.0766806263	0.0125059301	-0.0954350171	-0.0845807973	-0.0181420374	0.0504477542	-0.0084951762	-0.0895975286	0.0883898516	0.0089941177	0.0126241003	-0.0817982505	-0.0345981734	0.0263737318	-0.0405413253	0.1472452302	-0.0107698454	-0.0401552133	0.0801435485	-0.0321387559	-0.0531594762	0.0858533872	0.0797664836	-0.0418554795	-0.1152284017	-0.0031065404	0.0444096988	0.0126328663	0.0794206611	-0.0639554705	0.002804542	0.114881143	0.0231202272	0.0416328867	0.0289951682	0.0378996101	-0.0961399446	-0.0874352249	0.0601910887	-0.0276354759	-0.085993117	-0.0645619532	0.0041225386	-0.0144070218	-0.0143887395	-0.1715887191	-0.021047879	0.0389669212	-0.1821663666	0.0252156903	-0.0235063854	0.0391968774	-0.037500477	0.0222933743	-0.0165518869	-0.0663837457	-0.0184229942	-0.0432292781	0.0693054286	0.0456610423	0.1567163008	-0.0234399642	0.0282346717	-0.0235029398	-0.0813610254	-0.0894248712	0.0297827795	0.0622339687	0.0338000011	0.0737565697	-0.0706329281	0.062834321	-0.0808350932	0.0784076511	-0.0744157659	0.0689390864	-0.0620868871	0.0539958877	-0.0448275254	0.0347647336	0.0070833207144573	0.0100380795987574	5.017343234385988e-05	0.0001007630420309	0.1329053954899137	-0.0435998489292188	0.0176638441503303	0.0019009468266507	-0.1330850633018983	-0.0622166718476506	0.0038709142557982	0.0177116340740702	0.0019440886281704	-0.0016362674013899	2.6773710088512565e-06	3.779480594181468e-06	0.0023050150116379	0.0004906997554405	5.313094203876068e-06	2.4078624998946453e-07	-0.0005032418660062	-0.0001174921560913	1.3804406743005896e-08	2.5325237570140216e-07	0.0	1.0
1984.163227519061	-10.114077325317112	3936903.713438857	102.29456014249376	2626.803866795131	-2.480266026088429	6900098.554609852	6.15171956016849	2060.1121887719933	-1.0924964712448857	1.193548539682527	4244062.230326933	2274.243735334754	1650.1392304274957	1.322755	30.902819	0.1524593722979424	0.094788304332919	-0.0021263095	-0.0990548666	0.101384768	-0.0262095476	-0.0072190831	-0.0269605102	-0.0894100765	-0.0440616681	0.0443903245	0.0480783217	-0.0202335617	-0.0241057871	-0.0235463087	0.0273008879	0.0270404284	-0.04045773	-0.0174889084	0.0453012956	-0.0034017767	-0.0038839347	0.0222405911	-0.0423535007	-0.039061707	0.0378089794	-0.0323749564	-0.0453587471	-0.0842483602	0.0628369346	-0.0925051127	0.0106544126	0.0552699705	-0.0213024951	0.0124944062	0.0426670803	-0.0098917127	0.0132785286	-0.0082049453	0.054346217	0.1106287268	-0.0063062119	0.001400613	-0.0676480794	0.0111941411	0.0874773654	-0.0096642816	-0.0172936739	0.0150180925	-0.06033009	-0.0082119587	-0.0171883349	-0.0164306579	0.0538800743	-0.0343351789	0.0185169647	-4.74389e-05	0.0444918361	0.0021509974	-0.0656561759	-0.0589882976	-0.0082258652	-0.0182327976	-0.0716990914	-0.0244714234	0.0637050729	-0.0664375561	-0.0181003996	-0.1336159153	0.0092119941	-0.0412037884	-0.0986014526	-0.0313562707	0.0515765313	0.0515296434	-0.0453316028	0.055820127	-0.0898618858	-0.0033642966	0.0968396683	-0.0059879565	-0.0330276211	0.2752339258	0.0381875972	0.0072405654	0.0684323519	-0.0625464299	0.0096488946	-0.0913266907	-0.0247594539	-0.0437458363	-0.0941587275	0.0201107573	0.0884430244	-0.0809511339	0.0788675135	-0.0754344479	0.0707106781	-0.064777029	0.0577350269	-0.0497051625	0.040824829	0.0213046198497153	0.0142212991352579	0.0004538868269408	0.0002022453490944	0.1208000320923048	-0.0121053633976088	0.0145926477535018	0.0001465398229881	-0.2165177527684889	-0.0834326894665906	0.0069610136716285	0.0468799372639164	0.002308201124126	0.0003641124959555	1.3257790971101677e-07	5.32779242941653e-06	0.002006702190562	-0.0002983128210758	4.02685368160633e-06	8.89905392182618e-08	-0.0006948169549444	-0.0001915750889382	3.6701014701679265e-08	4.827706008782085e-07	0.0	0.0
1966.931711587262	-17.231515931798867	3868820.358047596	296.9251413078382	2662.5519158499583	35.748049054827334	7089182.704596283	1277.9230112263415	2047.4820751542804	-12.630113617712825	159.5197699963349	4192182.848078079	2287.5028417590565	1700.508618105856	1.408045	32.895409	0.1185127574910852	0.0511116827692707	0.123974207	-0.0077597873	0.2166430049	-0.0127610796	0.0931920779	0.0097639973	-0.2046575474	-0.0107313396	-0.0215879163	-0.0997957445	-0.0092206834	-0.1107752314	0.0448461743	0.1425455946	0.0232237248	-0.0626707494	0.1674922659	0.0963371908	-0.0701221282	-0.1785398826	-0.1120421268	0.0553487811	0.0457136051	-0.0105142848	-0.0143803127	-0.0108336403	-0.1025728801	-0.1333866429	0.0039102112	-0.0426973852	-0.0546615426	0.0432438041	0.0307113796	-0.0182140136	-0.0088453032	-0.0627379532	-0.1026726816	0.0382027372	0.0780519347	-0.1377129068	-0.0466282217	-0.1849269647	0.0203154952	0.058823515	-0.1019012719	-0.0905103215	-0.0454177733	0.0791036024	-0.1632537606	0.0022443752	0.0972533835	-0.2206375303	-0.0464481497	-0.0949783986	-0.0284190482	0.1313941623	0.0645556504	-0.0234808114	0.0222961336	-0.129035005	-0.0679234801	-0.0771530646	-0.0168603741	-0.0550114392	0.0417976638	-0.1057495377	0.0863617358	-0.143744408	0.0380565879	0.0141671183	-0.0261843418	-0.0529883635	0.1041759813	0.1042985978	-0.1063841035	-0.0483626175	0.0360594236	0.1534974715	-0.0291904661	0.0464461823	0.3210200656	0.0461826266	-0.0419289987	0.0993109697	-0.0149287651	-0.038033706	-0.000265394	0.1173157649	-0.097028412	-0.0525989215	0.0387065159	-0.0260387579	-0.0810582975	0.0792927819	-0.0763786853	0.0723582192	-0.0672896215	0.0612463124	-0.054315831	0.0465985677	0.0152324268231041	-0.0060721930266111	0.0002320268269212	3.687152815242566e-05	0.1455198904754837	0.0247198583831788	0.0211760385239967	0.0006110713984844	-0.1859588884582237	0.0305588643102651	0.0009338441879331	0.034580708196618	0.0029221222192106	0.0006139210950845	3.7689911098987435e-07	8.53879826400428e-06	0.0015653594609328	-0.0004413427296292	2.4503502419318266e-06	1.9478340499655326e-07	-0.0007827899656512	-8.797301070680001e-05	7.739250612818751e-09	6.127601303242069e-07	0.0	0.0
1949.0127865989173	-17.91892498834477	3798650.8423260767	321.0878727379266	2625.6360795157298	-36.91583633422852	6893964.822054732	1362.7789722555465	2042.2643550584296	-5.2177200958508365	27.22460299864566	4170843.695942224	2267.09772411353	1597.412423180752	1.278487	29.86861	0.0672722699198312	0.0318319795590993	0.0429617808	0.0402710651	0.1872194735	0.173936419	0.0312391556	-0.0022793686	-0.0772290563	-0.0943358785	-0.0580874528	-0.056695014	-0.0442333475	-0.0075482723	0.0731335253	-0.0248817301	0.1410249896	0.1213574118	0.2028616797	0.0474017673	-0.0594273784	-0.0789661346	-0.0306059269	-0.037288249	-0.0033534689	0.0493716217	-0.0086745258	0.1408436959	-0.0187936647	0.0168109158	-0.1155492307	-0.0392488959	-0.0265422291	-0.0198166206	0.0183250597	0.0032606586	0.0381581505	-0.0043211869	-0.0427287879	-0.0182476592	0.0244815877	-0.0179688272	0.0147607341	-0.1220053761	0.008510412	0.0232557162	-0.0719265228	-0.0350587064	-0.1705839451	0.0429295079	-0.0159379193	-0.0975549085	-0.0365898223	-0.1077397116	0.0937180263	-0.0718259866	-0.1822356489	0.0605783822	0.1135709373	0.0577485155	0.0576724392	-0.1224157978	0.0572992726	-0.0786461764	-0.0088765653	-0.0543522314	0.0437651146	0.081891083	-0.0331492259	-0.0167294367	0.0360966032	-0.0724620052	-0.0463524727	-0.0326773422	0.1237329764	0.2295616082	-0.0539291946	-0.013593333	-0.021284889	0.0470641256	-0.0192876773	-0.0209364814	0.0717975763	0.0816808445	-0.0072231005	0.0165990738	-0.0128842395	0.0921104795	0.0456915153	0.0508137326	-0.0917277997	-0.0886199114	-0.0984378792	-0.103768225	-0.0811565722	0.0796832699	-0.0772475461	0.0738788195	-0.0696177779	0.0645158866	-0.0586347667	0.0520454508	0.0044819967506981	-0.010750430072406	2.0088294873268328e-05	0.0001155717467416	0.1486796758719464	0.0031597853964626	0.022105646017387	9.984243751698906e-06	-0.1678730039125611	0.0180858845456625	0.000327099219799	0.0281813454426267	0.0027119490333845	-0.000210173185826	4.417276804029231e-08	7.354667559675124e-06	0.0017758290526141	0.0002104695916812	3.153568824108292e-06	4.42974490224931e-08	-0.0004979093450526	0.0002848806205986	8.11569679926435e-08	2.479137158907091e-07	0.0	0.0
1947.402809001084	-1.6099775978332218	3792377.700505313	2.592027865524831	2611.115502493722	-14.520577022007728	6817924.167363043	210.84715705205883	2043.3511809020483	1.086825843618726	1.1811904143575558	4175284.048493796	2265.266884992537	1543.9324335673116	1.062327	24.818575	0.0347948425568524	0.0197328401351827	-0.0008863643	0.1028880438	0.1397360715	0.2301773888	0.0346297631	0.0048040979	-0.0130019282	-0.0299609844	-0.1775662057	0.0480785202	-0.1000541296	0.0458562083	0.0604857619	0.0244243261	0.0970249233	0.1151249336	0.1663178156	0.0804311579	-0.0704564341	-0.0405616233	0.0316515073	0.0155404349	-0.0605175397	0.0399417944	-0.0722711906	0.0175741245	-0.0353825314	-0.0365076109	0.0640162883	-0.0081492077	0.0125330662	-0.0476287012	0.1280655784	-0.0105660701	-0.0405936711	0.0223456287	-0.0327119509	-0.0300479338	0.0594089972	0.0657414935	0.02891951	-0.1263718544	-0.0358665534	-0.1087294729	0.0319089834	0.0805436315	-0.0971813001	0.0780090943	0.0214104952	-0.0295916924	-0.1681535356	-0.0064311504	0.0008121218	-0.0257158184	-0.0685863785	-0.0145183723	0.0623595496	-0.0625061846	0.0330097107	-0.0727646317	-0.0219059754	-0.1105968447	0.0185720097	-0.0850590307	-0.055162678	-0.0542122994	-0.02738219	-0.0525325327	0.0723171784	-0.1065323141	-0.033828108	-0.0288143685	0.0752922622	0.2575943345	-0.1368372439	0.0114193418	-0.0421965527	0.0335076309	0.0199023367	-0.0110773312	-0.0405700955	0.0118526684	0.0054000002	0.004850816	0.0803314161	0.0691321973	-0.0146100195	0.0979906637	0.0647041888	-0.0726438289	0.0065045668	-0.0029494439	-0.0812459471	0.0800388062	-0.0780401729	0.0752698111	-0.0717551168	0.0675308461	-0.0626387723	0.0571272725	0.0087041589946608	0.0042221622439627	7.57623838043345e-05	1.7826654014344138e-05	0.1548024342502003	0.0061227583782539	0.0239637936497875	3.74881701584784e-05	-0.1544578976702553	0.0134151062423057	0.0001799650754923	0.023857242152715	0.0025129529609799	-0.0001989960724046	3.9599436832456817e-08	6.314932584097647e-06	0.0017968789996261	2.104994701200005e-05	3.228774139297294e-06	4.4310026920800973e-10	-0.0004972590506226	6.502944300000634e-07	4.2288284568910733e-13	2.472665634260895e-07	0.0	0.0
1953.317025546629	5.91421654554506	3815447.4022903303	34.97795734759894	2603.5132996695384	-7.602202824183678	6778281.501556167	57.79348778002629	2045.26197930344	1.9107984013917303	3.651150530761192	4183096.563984225	2263.9206329713384	1495.2435642256862	1.106836	25.858423	0.0773762323569866	0.0446616552191702	-0.0722989678	0.0276263351	0.0427209266	0.2612863375	0.0613345557	-0.0091892013	0.0462850964	-0.1356914384	-0.1482659124	0.100241408	-0.0740645479	0.011901201	-0.008744428	0.0599009809	0.0299073373	0.0991370641	0.0757508522	0.0264709695	-0.0985187112	0.0192883064	0.1440084534	-0.0056557486	-0.0186172998	-0.0005954163	0.0719339981	-0.109645297	0.1130123742	-0.0597843655	-0.0179080913	-0.0996696525	0.0938079332	0.0405173359	0.030007232	0.0033220063	0.0714263984	-0.0231419486	-0.1222600449	0.0011517102	-0.0672615979	0.0395100217	-0.0178609484	-0.0634419069	-0.1774014508	-0.0342039077	0.0507140965	0.1265926394	-0.1072567623	0.0286088536	-0.0111801787	0.0496327121	-0.0880641387	0.0305280457	-0.0072599225	-0.0924599579	0.0330549887	-0.0080544419	-0.1309647026	-0.0061246685	-0.0481470772	-0.0750957734	0.0582668285	0.0095943736	0.074787027	0.0570536792	0.0043956182	-0.0386830485	-0.0311413453	-0.1054810865	0.0523736474	-0.1475468396	0.0246999122	-0.0032885442	0.1048251522	0.1705196658	-0.0552353479	0.0930799674	-0.0633447439	0.0232005122	-0.0561249221	0.0356754791	-0.1562145705	0.0236270297	0.0562590657	-0.0119948454	-0.0002669751	0.0365818397	-0.0533809364	-0.0116154218	0.0081198293	-0.0814722957	-0.0467004365	0.0370393985	-0.0813264124	0.0803592349	-0.0787557834	0.076528754	-0.0736957799	0.0702792922	-0.0663063423	0.0618083875	-0.002389417012182	-0.0110935760068428	5.709313658104755e-06	0.0001230674286195	0.1378434998855056	-0.0169589343646947	0.0190008304606853	0.000287605454786	-0.1951479947627845	-0.0406900970925291	0.0016556840013994	0.0380827398599357	0.0025099905065704	-2.962454409500062e-06	8.776136128366361e-12	6.300052343073533e-06	0.0019658793456551	0.0001690003460289	3.864681601673324e-06	2.8561116957921677e-08	-0.0004979687480425	-7.096974199000388e-07	5.03670427812772e-13	2.479728740270149e-07	0.0	0.0
1972.4923222759528	19.17529672932369	3890725.961437581	367.6920046576119	2609.6456336975098	6.13233402797141	6810250.333476477	37.60552063061606	2047.1003674418987	1.83838813845864	3.3796709476254247	4190619.9143807567	2256.9056208441466	1540.7954290373175	1.250935	29.224926	0.0553789293000268	0.037771509682907	0.0286728414	0.057514485	-0.058537091	0.2036416065	-0.0557603179	-0.0159850805	0.112140834	-0.0622250959	-0.0912519018	0.0639073355	-0.1471638495	-0.0467973659	0.0354878318	0.1199112951	0.0091659151	-0.0224167717	0.0680332005	-0.0640087016	0.0336529406	-0.0401900827	0.0477166876	0.0226632718	-0.0401057102	0.0168913305	0.0397115064	-0.0226401539	0.062436641	0.0183051982	-0.0466318308	-0.1107159691	-0.0393342269	0.0468405245	0.0206354302	-0.0911588484	0.0178418993	0.0396315109	0.0491619234	-0.0256535778	-0.0218551406	-0.0247869456	0.0220565381	0.0236550916	-0.0680499991	-0.1020569288	0.0296962969	0.1285306979	-0.1344496975	0.0564199522	-0.0099411	-0.0893906554	0.0631415824	-0.0612498796	-0.052368806	0.0638359831	0.059354807	-0.0345125206	0.0052221287	0.127857425	-0.0260536036	-0.0164424456	-0.04152509	-0.0052703763	0.1136584578	-0.0529773077	0.0636085566	0.0743241758	0.0985546053	0.0737317064	-9.36383e-05	0.0093541713	0.0636682867	-0.0260523095	0.0649745801	0.1377471102	-0.1242149509	-0.0289617136	-0.0291594742	-0.0880881147	0.0893860363	0.0221261454	-0.138874577	0.0773777597	0.0261466963	-0.0213190274	-0.0207476606	0.0342198152	-0.0251618954	-0.0154074733	-0.0035797667	-0.0780906486	-0.0466908966	0.0381402375	-0.0813979594	0.0806444153	-0.0793936715	0.0776534394	-0.0754344479	0.0727503781	-0.0696177779	0.066055961	-0.0025260669897733	-0.0001366499775913	6.381014436822343e-06	1.8673216375702907e-08	0.1368324748464289	-0.0010110250390766	0.0187231261725986	1.0221716296400126e-06	-0.2101990395945634	-0.0150510448317789	0.0002265339505282	0.0441836362464768	0.001790974857139	-0.0007190156494313	5.169835041272577e-07	3.207590938904061e-06	0.0019030542557219	-6.282508993319985e-05	3.6216155002212345e-06	3.9469919251146506e-09	-0.0004962052983755	1.7634496670000362e-06	3.1097547280425384e-12	2.4621969813591894e-07	0.0	0.0
1979.7074155491337	7.215093273180855	3919241.4511802304	52.05757094069963	2598.3980832781112	-11.247550419398522	6751672.599183362	126.50739043691186	2058.690143489036	11.58977604713732	134.32290882279798	4238205.106898908	2256.8562649383807	1517.0521137001836	1.235512	28.864613	0.0334571718205375	0.0204712777503805	-0.0930821956	-0.0283366907	-0.0878590438	0.0992206086	-0.0517013113	0.0608096028	0.1192574072	-0.1009384785	0.0586923289	0.1123721447	-0.0798145691	-0.0125661224	0.0417746299	-0.0083021006	0.0816816447	-0.032226617	-0.0699728764	-0.0849264388	-0.0925619727	0.0605284897	0.018884278	0.0414020391	0.0264513991	-0.0112827424	-0.0854112829	0.0142665755	-0.028764076	-0.0296201685	0.0350103028	0.0117585785	-0.0209904201	0.0728634456	0.0354741211	-0.091627925	-0.0276638016	-0.0463939274	-0.0161390547	-0.050095799	-0.0468826894	-0.0020157685	0.0060761001	0.1216752689	-0.0626136921	0.0695376283	0.0502146454	0.0665444373	-0.0763219706	0.0270399229	0.0124644502	-0.0240453697	0.0334132306	0.0057935824	0.0064196594	0.0269542488	0.0474503861	-0.0310939864	0.065156475	-0.113469716	0.0017544306	-0.0115033577	-0.0894150349	0.0111683814	0.047469403	0.0460669214	0.0432583015	0.0028591145	0.0235068993	-0.0197343869	-0.0461025726	0.0114768033	-0.0612551019	0.0989164919	0.0447779148	0.0307251983	-0.0268605612	-0.0136978026	0.0253782214	-0.0427923845	-0.0693929153	-0.0959373985	-0.1426681074	0.0333985203	-0.0205560695	-0.0673887135	-0.0666754493	-0.0131694025	-0.0149698418	-0.0077189924	0.0272550685	0.0175884729	-0.0487030617	0.0035391035	-0.0814605803	0.0808942224	-0.0799532077	0.0786418943	-0.0769663555	0.0749343514	-0.0725552932	0.0698401994	-0.0028672321118961	-0.0003411651221227	8.22101998348817e-06	1.1639364055306489e-07	0.1305528159118267	-0.0062796589346022	0.0170440377425073	3.943411633492952e-05	-0.1919949377191159	0.0182041018754474	0.0003313893250916	0.0368620561097672	0.0016859572124961	-0.0001050176446429	1.1028705686342432e-08	2.84245172236762e-06	0.0018355844154065	-6.746984031540007e-05	3.369370146083222e-06	4.552179352185584e-09	-0.0004960478655665	1.574328089999893e-07	2.4785089349627102e-14	2.4606348493308044e-07	0.0	0.0
1987.258998263591	7.551582714457254	3949198.326179611	57.02640149328959	2622.94193322318	24.54384994506881	6879824.385060553	602.4005701260544	2055.290635052849	-3.399508436186806	11.556657607705269	4224219.594535944	2264.991951133216	1582.131671232053	1.201541	28.070955	0.0348932852371243	0.018308260831091	0.0268840145	0.0480356861	-0.0577408819	-0.013535139	-0.0438385249	0.1017247223	0.0641937332	0.0085192302	-0.0417703996	-0.0054891028	-0.0312853815	-0.0753376214	0.029966162	0.0613102585	0.1121620869	-0.0708721394	-0.0288822815	-0.003066615	-0.0252656734	0.0805089876	0.0729032814	-0.0698222934	-0.0685706306	0.0266534832	0.0379640712	0.0847609958	0.0054564105	0.0049492606	-0.0063990759	0.0772046652	-0.1016458924	0.0727778566	0.0269769581	0.0953107025	-0.0761645416	0.0218445524	0.0419068585	0.0444844414	0.1062667606	0.0216188212	0.0439060076	0.0573554564	-0.0264398414	-0.0822459866	0.0223193623	-0.0667558661	-0.0585759899	-0.0483394565	-0.1245877379	-0.0181694927	0.0382361967	-0.1120550655	0.0017043483	0.1482520828	0.025590262	-0.0283729628	-0.0095063869	0.0687620255	0.0198593651	0.0948026528	-0.0670307272	-0.1476490272	0.0398176353	-0.0112708235	0.0261295772	-0.0447823032	0.0280448993	-0.0106900149	-0.0446879084	-0.0259334766	-0.036780328	-0.0773937512	-0.0533907094	-0.0099526031	-0.0832614707	0.0255092247	0.0997187686	-0.0947872767	-0.0028128683	0.1288414298	-0.0674601212	-0.068311872	-0.0329602971	0.0013832026	-0.0563372054	-0.0666375071	-0.1229632742	0.0343419807	0.0453667529	-0.0218192092	-0.1184964376	0.0837332209	-0.081514268	0.0811085467	-0.0804338397	0.0794923845	-0.0782873035	0.0768225931	-0.0751031108	0.073134559	0.0045983863032432	0.0074656184151393	2.1145156593854666e-05	5.573545832046704e-05	0.1304035760598338	-0.0001492398519928	0.0170050926491928	2.2272533422859223e-08	-0.2002066144042231	-0.0082116766851071	6.743163398073308e-05	0.0400826884512012	0.0019329975133329	0.0002470403008367	6.102891023753661e-08	3.736479386551175e-06	0.0019690230077806	0.000133438592374	3.87705160516936e-06	1.7805857934781198e-08	-0.0004969039780533	-8.561124867999649e-07	7.329285900548201e-13	2.469135634051944e-07	0.0	0.0
1992.6412052495748	5.382206985983885	3970618.972858478	28.96815203997373	2626.8343527657644	3.892419542584321	6900258.716870332	15.150929895492334	2059.291882426799	4.001247373949809	16.009980547540245	4240683.057028909	2257.7380814412786	1558.0778880943114	1.214105	28.364492	0.0381296967671995	0.0213017684946462	-0.0603702534	-0.0595958448	-0.085313813	0.0315045033	0.0821730803	0.0759250923	0.0528412328	0.1140685469	0.0274778364	0.1198514856	0.0325926244	0.0294571126	-0.1346593976	0.0575903607	0.0652360696	0.0068218983	-0.0495652383	0.020964059	0.0564161703	0.021985489	-0.0093784737	-0.0434855462	0.0596052135	0.0357350542	-0.0201673516	-0.0696718129	-0.0332080696	0.0596433208	0.0228202859	0.0257340442	0.034567072	-0.02515712	-0.0082980487	0.0122245572	0.0042767694	-0.1504424942	-0.0353334658	-0.0092609157	0.0297935125	0.0288992118	-0.0103598447	0.0771613774	0.022051719	0.0483281609	0.1297616243	0.0543859698	0.0708347529	-0.0584252838	-0.006866334	0.0443444654	-0.0963687446	0.00245375	0.0224090581	-0.075297159	0.0439247945	0.0335024176	0.0827864862	0.0494823895	-0.0758085732	0.0375464432	0.0961330177	0.0378058494	-0.0498243189	0.133776869	0.003643792	0.0338133046	-0.030022184	0.0090709091	-0.0111339773	-0.0666521086	0.0240332321	0.0293735536	-0.028833882	-0.079473205	-0.0269737262	0.0392878211	0.0841863822	0.0714030516	0.0778387494	-0.1264041614	-0.0990401695	-0.0999911597	-0.0058347565	-0.0639938922	-0.1059684271	-0.0399472415	-0.0823090201	0.0844045217	0.0456946431	0.0491083576	0.0224519589	0.025041523	-0.0815590168	0.081287294	-0.0808350932	0.0802034182	-0.0793936715	0.0784076511	-0.0772475461	0.0759159322	-0.0014498747212314	-0.0060482610244746	2.10213670726583e-06	3.658146142017854e-05	0.1303617970515631	-4.177900827070924e-05	0.0169941981305129	1.745485532083991e-09	-0.2195865458725023	-0.0193799314682791	0.0003755817437151	0.0482182511282165	0.0019391306144355	6.133101102599996e-06	3.7614929134713286e-11	3.760227539841e-06	0.0021219302053967	0.0001529071976161	4.5025877965748805e-06	2.3380611082809062e-08	-0.0005910581846581	-9.415420660480003e-05	8.865014621379373e-09	3.4934977765132866e-07	0.0	0.0
2000.762119571043	8.120914321468263	4003049.059110413	65.94924941662833	2626.799295152937	-0.0350576128275861	6900074.537015965	0.0012290362171689	2055.9894198890493	-3.3024625377497614	10.906258813240594	4227092.494695709	2266.411656181086	1596.4055829667504	1.178477	27.532125	0.0733112102181938	0.0423935394927801	-0.0218274531	0.038557638	-0.0857162698	-0.0788132897	0.0081176151	-0.0908974044	0.0402181913	-0.0060934347	0.0455735828	-0.0118138183	0.1162302768	-0.0041533145	-0.0821069911	-0.0267621046	0.0136720595	0.0402365719	-0.0514523804	0.0348231004	-0.0529976788	0.007213593	0.0909065267	0.016409723	0.0133562583	-0.0843340236	0.0386217589	-0.1325644257	0.0144555866	0.0157293613	-0.0525436046	0.0745533031	-0.0557242873	-0.054908145	-0.0555733571	-0.0675111867	0.0182482409	0.0191683496	-0.0437691156	-0.0183207091	0.0836543412	-0.0629458571	-0.0597628672	0.0522045288	-0.0469058509	-0.0069663982	-0.0217406367	0.0033590433	0.080087746	-0.0268363546	-0.0435311706	0.0873562486	0.0683373039	-0.049208265	0.0285947494	-0.0644286914	-0.1082304669	0.044662098	-0.0284078007	-0.0403226354	0.017275937	0.0822339033	-0.0751224731	-0.0884294909	0.0635068373	0.0713633109	-0.0733735615	-0.0315473066	-0.0571681935	-0.0503290542	-0.0147745233	0.0363186476	0.0904210862	-0.0389296178	-0.0656014337	-0.0923238437	-0.0880593133	0.0949404452	-0.0405758594	-0.0554849789	-0.1234609276	0.0500645259	-0.0353805753	-0.0390513562	-0.0812373946	-0.0011998288	-0.1248302566	-0.0229592547	-0.0484386579	0.0625525608	0.010577326	-0.0298097572	-0.0384777263	0.0054453332	-0.0815948217	0.0814303861	-0.0811565722	0.0807737477	-0.080282427	0.0796832699	-0.0789770813	0.0781648097	0.0045230640092768	0.0059729387305082	2.045810803201512e-05	3.56759970784049e-05	0.1360888626116718	0.0057270655601087	0.0185201785269384	3.279927992978332e-05	-0.2551947941362442	-0.0356082482637419	0.0012679473444122	0.06512438295424	0.0017440521142887	-0.0001950785001467	3.8055621219524995e-08	3.041717777354885e-06	0.0018129732611098	-0.0003089569442868	3.286872045499103e-06	9.545439342309849e-08	-0.0006070818935011	-1.6023708843000022e-05	2.5675924508523713e-10	3.6854842541688093e-07	0.0	0.0
1997.2989831959903	-3.463136375052727	3989203.228275737	11.993313552213342	2637.701057434082	10.901762281145238	6957466.868388874	118.84842083460104	2056.97620449547	0.9867846064207696	0.9737438594689932	4231151.10586059	2264.772156707186	1620.8644705865	1.12497	26.282064	0.0865022854629334	0.0494471627432709	0.0257103917	-0.0443740385	-0.095547428	-0.0478935501	0.0208675668	-0.0301280348	-0.0008742678	0.1051847344	0.0833264653	-0.0102953313	-0.0103671098	0.1058617597	0.0021689053	-0.038449115	-0.0701255919	0.0055320999	-0.0149240609	-0.066372946	0.0783397679	-0.0302925543	-0.0184251738	0.0091525234	0.0042241971	0.0131454605	0.0202289114	-0.0628282754	-0.0322665781	0.0735950832	0.120778525	0.0427744536	-0.0120205874	-0.0139997164	-0.0443072993	0.0154367442	-0.044917311	-0.0007483973	-0.0087078783	0.0358388287	0.0862896872	-0.0379407874	-0.0272887118	0.0593910607	0.1009767284	-0.0135298273	0.0059662011	0.044121164	0.0848478386	0.0508131806	0.0413405438	-0.0102963777	-0.0826277855	0.0351307711	-0.0355487588	0.0150527033	-0.0003959429	0.011606817	0.0390335169	0.0325412527	0.016531477	0.0353076071	0.0463945473	-0.0548751991	-0.0011792962	0.0267517654	-0.0600488739	0.037317359	0.0446666368	0.0371444914	-0.0632943414	0.0692897424	0.0284670731	0.0480224255	-0.0047089112	-0.0690190116	-0.042775311	0.0043961443	0.0351556561	-0.0488630696	0.1679887559	-0.0768011249	0.0082149635	-0.0530498606	-0.0856626074	-0.0243755402	-0.1301896704	-0.0235446227	0.0011245668	0.0516694689	0.0343253049	-0.0362236346	-0.027862986	-0.0203508903	-0.0816216788	0.0815377601	-0.0813979594	0.0812023727	-0.0809511339	0.0806444153	-0.080282427	0.0798654172	0.0019207110068464	-0.0026023530024304	3.689130771820912e-06	6.772241149258517e-06	0.1304314042102277	-0.0056574584014441	0.0170123512042518	3.200683556407048e-05	-0.2248107005299502	0.0303840936062939	0.000923193144276	0.0505398510727669	0.0014350220542616	-0.0003090300600271	9.54995780003531e-08	2.0592882962171824e-06	0.0023051841756429	0.000492210914533	5.313874083634436e-06	2.422715843855106e-07	-0.000451155259006	0.0001559266344951	2.4313115344968522e-08	2.0354106772877094e-07	0.0	0.0
1991.0352218931264	-6.263761302863941	3964221.254819011	39.23470565925577	2612.920799255371	-24.780258178710938	6827355.103181328	614.0611954035703	2054.7994323217567	-2.176772173713289	4.738337096252477	4222200.707069814	2255.6572478880366	1605.294901632571	1.086768	25.389572	0.0837214036784726	0.0417661913824571	-0.0291697942	-0.0290672624	-0.0288088724	-0.0887362519	-0.0622285141	0.0081179942	-0.0045311885	-0.0438213355	0.0738167759	0.0553760784	0.0108410994	0.0236005736	0.0015206233	-0.0845771897	0.0299334474	-0.068331134	0.0130057788	-0.0015582629	-0.0228717687	0.0891748243	-0.0119358294	-0.0022953995	0.0261446345	0.0857941309	0.0230678239	0.0587785874	0.0441781854	-0.1113439815	0.0017400213	0.0054510156	-0.059735277	0.1393810063	0.0698303164	0.0026491258	0.0777481677	-0.0970866857	-0.0560842792	0.0508001736	-0.0255117056	0.0432799802	-0.0300719497	0.0621199865	0.0590040049	0.0693411882	0.044422924	-0.0200932737	-0.0651068573	-0.0510893427	-0.0209031878	0.0174073241	0.0317151093	0.1009673196	-0.0654564788	0.0180895549	-0.1140782169	-0.019299563	0.1278740791	0.0117123529	0.0849336709	0.1086745977	0.0303175579	0.0495726598	0.0814950777	0.0062723201	0.0533218303	-0.0148629237	-0.0250838019	-0.0128600536	-0.0470908426	0.0422243847	-0.0675900664	0.0375529325	-0.037529604	-0.0816988512	-0.0343836744	0.0047837026	0.0360626615	-0.0432952625	-0.1431306992	-0.0414610598	-0.0019724424	-0.083366808	-0.0921345939	-0.0766432575	-0.1734002128	-0.0494483369	-0.0419776416	0.0531783144	0.0241564219	-0.0154346984	-0.0708873109	-0.0398155291	-0.0816395852	0.0816093689	-0.0815590168	0.0814885411	-0.0813979594	0.081287294	-0.0811565722	0.0810058262	0.023695318591308	0.0217746075844616	0.0005614681231435	0.0004741335354572	0.1304999030409561	6.84988307284029e-05	0.0170302246936989	4.692089811158394e-09	-0.2230849365508476	0.0017257639791025	2.978261311568025e-06	0.0497668889158957	0.0018436838051533	0.0004086617508917	1.6700442664186988e-07	3.3991699733845515e-06	0.0018108110460288	-0.0004943731296141	3.279036644419917e-06	2.4440479128443976e-07	-0.0007511710441838	-0.0003000157851778	9.000947135585185e-08	5.642579376201804e-07	0.0	0.0
1993.3881441618728	2.352922268746397	3973596.293285115	5.536243202762693	2623.5309622628347	10.610163007463598	6882914.709951756	112.57555904494896	2058.676340311515	3.876907989758365	15.030415561052248	4238148.2741584135	2273.4139964223523	1621.0624598518748	1.069259	24.980522	0.3386711502065893	0.2068685793671459	0.0036774796	0.0183877809	0.0145245231	-0.0830311951	-0.0359037259	0.0274614957	-0.0161642028	0.0122724869	-0.0743049195	-0.0091273447	0.0601660334	0.0585754418	-0.0098234327	-0.0376084395	-0.0229063799	-0.0693032679	-0.0597226236	0.0715863859	-0.0921665445	0.0254491688	-0.0154784149	-0.0052850557	0.0437101202	0.010732371	0.1108961811	0.0045502869	-0.0605266097	-0.0490921104	-0.0840293546	-0.0125915069	-0.0390229364	-0.0216904285	-0.0305910183	0.0466023543	-0.0567744482	0.0839499415	0.073346463	0.0840213952	0.0098777456	0.0121667454	0.0923517348	-0.0293774781	-0.0416888948	-0.0644831794	-0.0086919382	-0.0637636186	0.0783333738	-0.0659734232	-0.0052240015	-0.0129250506	0.0026682231	0.0658815962	-0.0914107984	0.1152476615	-0.0629162711	0.0329553267	-0.091535948	0.0387150306	-0.0187036694	-0.0252086807	0.0232862441	-0.0013405882	-0.0299523104	0.0382324883	-0.1358465488	-0.034802658	-0.0446254896	-0.0049198716	0.027865145	-0.018441485	-0.0066734964	-0.017804862	-0.0716831786	-0.062343554	-0.012426077	0.0114560852	0.0954133705	-0.0827498534	0.0612134462	0.0827988085	-0.013539254	-0.0927127943	-0.0814793828	-0.0223704672	-0.1000105599	-0.0844693036	0.0234808284	0.0308928703	0.0511970784	0.0271362604	-0.0236245743	0.0140407827	-0.0816485389	0.0816451812	-0.0816395852	0.081631751	-0.0816216788	0.0816093689	-0.0815948217	0.0815780375	-0.0295139741012491	-0.0532092926925571	0.0008710746672492	0.0028312288288422	0.1515665728597923	0.0210666698188362	0.0229724260084627	0.0004438045772558	-0.2198696605367516	0.0032152760140959	1.0337999846821003e-05	0.0483426676245463	0.002428013577738	0.0005843297725847	3.414412831288872e-07	5.895249933680082e-06	0.0053292646718006	0.0035184536257717	2.8401061942101955e-05	1.2379515916706725e-05	-0.0018719858794493	-0.0011208148352655	1.2562258949512297e-06	3.5043311328575687e-06	0.0	0.0
