#!ascii label  , from subject sub-v1s20x0050378_ses-1 vox2ras=TkReg
3476
24472  11.186  -46.672  54.616 0.2222220004
24477  12.024  -46.987  54.341 0.2222220004
24470  12.753  -47.199  54.775 0.2222220004
24471  11.769  -46.829  55.142 0.2222220004
24483  11.202  -46.606  54.069 0.2222220004
138203  13.435  -47.566  54.782 0.1111110002
25514  12.923  -46.981  55.563 0.2222220004
25515  12.241  -46.949  55.735 0.2222220004
25534  10.519  -46.500  53.528 0.2222220004
27665  13.306  -46.191  55.833 0.2222220004
124408  13.745  -47.237  54.819 0.1111110002
133329  12.521  -46.111  56.022 0.1111110002
26569  12.670  -46.894  56.016 0.2222220004
27660  12.784  -45.260  56.024 0.1111110002
26570  11.923  -46.580  56.022 0.1111110002
28696  11.552  -44.677  55.931 0.2222220004
27661  11.959  -45.520  56.014 0.1111110002
143940  11.682  -45.946  55.922 0.2222220004
26571  11.305  -46.483  55.788 0.2222220004
25517  11.018  -46.750  55.531 0.2222220004
26572  10.789  -46.317  55.528 0.2222220004
25519  11.009  -46.806  55.095 0.2222220004
133028  10.597  -46.658  55.188 0.2222220004
25520  10.525  -46.558  54.812 0.2222220004
27670  15.654  -45.694  54.576 0.1111110002
135504  15.537  -46.539  54.624 0.1111110002
26574  13.920  -46.664  55.112 0.1111110002
28701  13.585  -44.982  55.774 0.1111110002
28694  13.050  -44.341  56.258 0.1111110002
29701  11.920  -43.867  56.181 0.3333329856
28695  12.286  -44.527  56.171 0.2222220004
28697  10.856  -44.819  55.679 0.3333329856
27666  10.470  -45.598  55.483 0.3333329856
131761  10.296  -44.963  55.415 0.4444440007
27667  9.800  -45.594  55.097 0.4444440007
26576  10.184  -46.272  55.198 0.4444440007
140323  10.131  -46.532  54.921 0.2222220004
25525  10.529  -46.430  54.171 0.2222220004
27671  9.330  -45.916  54.571 0.4444440007
26577  9.734  -46.254  54.732 0.3333329856
25526  9.906  -46.333  54.364 0.2222220004
25535  9.847  -46.373  53.622 0.2222220004
26581  9.248  -46.179  54.109 0.2222220004
140156  9.450  -46.252  53.694 0.2222220004
28706  15.783  -44.726  54.459 0.1111110002
29705  14.824  -43.728  55.903 0.1111110002
28700  14.510  -44.626  55.529 0.1111110002
28693  13.879  -43.934  56.228 0.1111110002
130932  13.242  -43.656  56.518 0.1111110002
132781  12.628  -43.754  56.407 0.1111110002
29706  12.408  -43.252  56.256 0.3333329856
30701  11.565  -42.886  55.244 0.4444440007
29708  10.939  -43.542  55.283 0.3333329856
29713  10.442  -43.372  54.513 0.4444440007
29709  10.162  -43.989  54.927 0.4444440007
28703  9.904  -44.702  55.069 0.4444440007
27672  8.822  -45.783  54.091 0.4444440007
25536  8.993  -46.245  53.332 0.2222220004
28699  15.323  -44.284  55.220 0.1111110002
36311  18.689  -36.154  52.257 0.4444440007
36296  19.329  -36.660  53.011 0.3333329856
134418  14.549  -43.167  56.622 0.1111110002
36285  19.121  -36.865  53.758 0.2222220004
35385  19.090  -37.141  53.922 0.2222220004
29699  13.762  -43.194  56.657 0.2222220004
30695  13.542  -42.722  56.532 0.2222220004
29700  13.033  -43.196  56.552 0.2222220004
30705  12.137  -42.299  54.890 0.3333329856
30700  12.372  -42.702  55.797 0.3333329856
30711  10.760  -43.070  53.098 0.6666669846
30706  11.448  -42.559  54.392 0.5555559993
29717  10.137  -43.261  53.651 0.6666669846
29714  9.739  -43.755  54.262 0.6666669846
139142  9.630  -44.370  54.576 0.4444440007
28710  9.006  -44.276  54.043 0.5555559993
26586  7.754  -46.049  52.876 0.4444440007
26595  7.147  -46.055  52.167 0.2222220004
25555  7.600  -47.099  50.824 0.2222220004
35387  17.742  -37.284  54.397 0.3333329856
28698  16.071  -43.773  54.791 0.1111110002
35383  18.526  -37.392  54.529 0.2222220004
135630  18.217  -37.676  55.004 0.2222220004
29698  15.332  -42.930  56.484 0.1111110002
129042  16.035  -42.916  55.752 0.1111110002
29704  15.486  -43.531  55.617 0.1111110002
34490  18.699  -37.891  55.028 0.2222220004
31720  15.011  -41.986  56.762 0.1111110002
36281  18.917  -37.110  54.207 0.2222220004
34493  18.894  -38.316  54.884 0.2222220004
33623  18.810  -39.574  54.867 0.1111110002
31723  14.587  -41.561  56.180 0.2222220004
126313  14.477  -42.624  56.702 0.1111110002
120726  18.009  -35.985  51.273 0.4444440007
36297  18.267  -36.598  53.076 0.3333329856
130655  18.609  -38.622  54.223 0.2222220004
31725  12.872  -41.980  55.367 0.2222220004
31729  12.771  -41.796  54.312 0.5555559993
30709  12.006  -42.062  53.907 0.5555559993
30713  12.130  -42.514  52.924 0.6666669846
29723  9.264  -43.660  52.268 0.5555559993
29719  8.652  -43.933  53.233 0.5555559993
136748  8.066  -44.249  53.017 0.4444440007
26587  7.255  -45.688  52.421 0.4444440007
29712  16.717  -43.335  54.070 0.1111110002
29703  16.600  -42.993  55.005 0.1111110002
30694  16.150  -42.162  56.631 0.1111110002
140215  18.562  -38.511  55.198 0.2222220004
34492  17.543  -38.970  55.704 0.2222220004
30693  16.743  -42.305  55.671 0.1111110002
140649  16.453  -41.762  56.601 0.1111110002
36286  17.367  -36.972  53.603 0.3333329856
35394  16.517  -37.700  52.878 0.4444440007
31717  17.377  -41.366  55.958 0.1111110002
32700  15.554  -41.353  56.450 0.3333329856
31727  14.297  -41.243  55.143 0.4444440007
37314  18.985  -35.891  51.498 0.4444440007
36327  17.029  -36.427  50.761 0.5555559993
36312  17.334  -36.546  51.887 0.4444440007
35406  16.373  -37.339  51.978 0.4444440007
31731  14.174  -41.165  54.014 0.3333329856
37342  17.658  -35.841  49.700 0.5555559993
36341  16.973  -36.320  49.849 0.4444440007
36328  16.282  -36.918  50.092 0.4444440007
35419  15.855  -37.506  50.524 0.4444440007
132331  13.536  -41.641  53.619 0.5555559993
31732  12.779  -41.989  53.265 0.5555559993
37360  17.794  -35.626  48.820 0.6666669846
36358  16.500  -36.498  48.362 0.4444440007
36342  15.895  -36.969  48.688 0.5555559993
35458  15.521  -37.527  47.310 0.5555559993
31735  13.523  -41.854  52.493 0.5555559993
31736  12.712  -42.243  52.428 0.6666669846
37371  17.237  -35.947  48.000 0.6666669846
36370  16.496  -36.418  47.454 0.6666669846
36359  15.923  -36.930  47.829 0.5555559993
35471  15.463  -37.484  46.429 0.6666669846
36380  15.872  -36.858  46.055 0.6666669846
29722  10.112  -43.445  52.644 0.5555559993
28713  7.097  -44.953  52.299 0.5555559993
27675  7.591  -45.470  52.834 0.4444440007
27677  6.599  -45.484  52.058 0.5555559993
34497  16.742  -37.590  53.978 0.2222220004
34494  17.326  -37.909  54.792 0.3333329856
34498  16.435  -38.557  54.252 0.2222220004
33621  17.261  -39.757  56.023 0.2222220004
33622  16.437  -39.860  55.650 0.2222220004
32702  15.936  -40.547  56.070 0.4444440007
35395  15.936  -38.069  52.098 0.3333329856
123310  15.946  -39.061  53.348 0.4444440007
32707  15.414  -40.295  53.701 0.4444440007
32706  14.899  -40.724  54.425 0.4444440007
31734  14.294  -41.488  53.021 0.5555559993
126846  15.741  -37.952  51.259 0.5555559993
33636  15.547  -38.939  50.832 0.4444440007
120418  15.732  -37.581  49.825 0.5555559993
121753  17.978  -35.512  48.059 0.6666669846
37382  17.042  -35.894  47.003 0.5555559993
36371  15.850  -36.842  46.938 0.6666669846
35448  15.594  -37.630  48.183 0.5555559993
30718  12.079  -42.622  51.884 0.5555559993
36379  16.439  -36.373  46.551 0.5555559993
30719  11.641  -42.819  51.134 0.5555559993
29728  10.255  -43.457  51.590 0.5555559993
29729  9.380  -43.574  51.153 0.5555559993
29724  8.282  -43.880  52.502 0.5555559993
29730  8.546  -43.661  51.654 0.5555559993
120380  7.805  -43.699  52.023 0.6666669846
33624  16.416  -39.361  54.901 0.2222220004
34501  15.974  -38.605  52.661 0.4444440007
128527  15.724  -39.861  53.227 0.4444440007
32708  14.860  -40.899  53.365 0.5555559993
34525  15.446  -38.339  49.518 0.4444440007
34515  15.570  -38.197  50.345 0.5555559993
34507  15.708  -38.973  51.763 0.4444440007
33628  15.756  -39.568  52.557 0.4444440007
125466  15.513  -40.046  51.824 0.4444440007
37359  18.589  -35.365  48.542 0.5555559993
37369  18.574  -35.245  47.574 0.5555559993
35433  15.592  -37.624  49.045 0.4444440007
34526  15.469  -39.084  50.007 0.4444440007
33630  15.488  -39.654  51.176 0.4444440007
37370  17.780  -35.577  47.331 0.6666669846
34541  15.310  -38.523  48.581 0.4444440007
31740  13.815  -41.748  51.472 0.5555559993
30728  12.414  -42.497  50.848 0.5555559993
37392  17.602  -35.597  45.585 0.5555559993
31741  12.968  -42.153  51.637 0.5555559993
134314  16.921  -35.959  45.413 0.6666669846
34553  15.271  -38.313  47.646 0.5555559993
130639  15.220  -39.199  49.245 0.5555559993
36394  16.448  -36.382  45.689 0.6666669846
35484  15.422  -37.476  45.536 0.6666669846
35459  15.131  -38.171  46.795 0.6666669846
34554  14.894  -38.910  47.105 0.6666669846
37358  19.942  -35.180  48.725 0.4444440007
124852  14.366  -41.437  52.111 0.5555559993
37368  19.342  -35.072  48.091 0.5555559993
142794  14.805  -41.063  52.601 0.4444440007
32710  15.389  -40.448  52.701 0.4444440007
119517  18.239  -35.320  46.846 0.7777780294
33637  15.349  -39.782  50.472 0.4444440007
32711  14.974  -40.796  51.895 0.4444440007
37380  18.267  -35.264  46.132 0.5555559993
37381  17.658  -35.594  46.497 0.7777780294
31739  14.560  -41.264  51.265 0.4444440007
124922  15.033  -39.156  47.841 0.5555559993
32713  15.095  -40.461  51.033 0.4444440007
32719  14.911  -40.538  50.150 0.5555559993
31747  14.637  -41.081  50.565 0.4444440007
30715  11.154  -42.992  51.706 0.5555559993
131877  16.523  -36.332  44.773 0.6666669846
36395  15.871  -36.852  45.153 0.6666669846
35472  15.031  -38.129  45.908 0.6666669846
128537  14.071  -41.586  50.639 0.5555559993
29738  9.375  -43.376  50.420 0.5555559993
36410  15.847  -36.865  44.202 0.6666669846
141490  20.373  -35.017  48.390 0.4444440007
38396  20.138  -34.898  47.997 0.5555559993
38413  19.718  -34.827  47.204 0.5555559993
38414  18.885  -34.960  46.751 0.6666669846
37391  18.306  -35.189  45.337 0.5555559993
33642  15.149  -39.864  49.710 0.5555559993
37406  17.187  -35.812  44.814 0.6666669846
140401  14.936  -39.899  49.056 0.5555559993
37421  16.902  -35.959  43.563 0.6666669846
36421  16.422  -36.407  43.843 0.6666669846
33650  14.981  -39.502  48.530 0.5555559993
32720  14.337  -41.282  49.812 0.5555559993
35485  14.882  -38.067  45.002 0.6666669846
35495  15.349  -37.469  44.598 0.6666669846
35503  15.238  -37.466  43.608 0.6666669846
38426  20.347  -34.613  46.505 0.6666669846
38427  19.556  -34.758  46.211 0.6666669846
38445  18.816  -34.881  45.128 0.5555559993
37405  17.825  -35.431  44.742 0.6666669846
38458  18.434  -35.034  44.581 0.5555559993
38469  17.971  -35.307  43.955 0.6666669846
123276  17.390  -35.685  44.112 0.6666669846
141138  16.858  -35.996  44.213 0.6666669846
32729  14.650  -40.374  48.467 0.5555559993
37420  17.487  -35.599  43.339 0.6666669846
127227  14.792  -39.862  47.935 0.5555559993
34565  14.765  -38.860  46.276 0.6666669846
33671  14.572  -39.459  46.636 0.6666669846
125846  16.500  -36.338  43.121 0.6666669846
36422  15.820  -36.843  43.099 0.6666669846
35496  14.722  -38.039  44.055 0.6666669846
33681  14.204  -39.596  45.848 0.6666669846
120487  16.920  -35.926  42.773 0.6666669846
36430  16.288  -36.418  42.331 0.6666669846
38444  19.388  -34.709  45.379 0.5555559993
38457  19.158  -34.644  44.521 0.5555559993
38468  18.586  -34.853  43.772 0.6666669846
38486  18.709  -34.669  42.885 0.6666669846
38487  18.073  -35.132  43.093 0.6666669846
37437  17.519  -35.502  42.438 0.6666669846
35504  14.542  -37.978  43.108 0.6666669846
38501  18.187  -34.926  42.079 0.6666669846
37438  16.823  -35.901  41.883 0.6666669846
35512  15.037  -37.438  42.607 0.5555559993
36440  16.052  -36.346  41.271 0.5555559993
39464  20.558  -34.145  44.911 0.7777780294
39465  19.883  -34.225  44.210 0.5555559993
38467  19.266  -34.427  43.540 0.5555559993
37452  17.453  -35.412  41.488 0.5555559993
36441  15.430  -36.905  41.886 0.5555559993
37453  16.732  -35.775  40.985 0.4444440007
39449  21.510  -34.030  45.217 0.7777780294
135675  21.173  -33.876  44.393 0.6666669846
38441  22.298  -34.260  45.774 0.7777780294
120400  20.614  -33.890  43.940 0.5555559993
39479  20.004  -33.929  43.266 0.6666669846
38485  19.345  -34.223  42.672 0.6666669846
38500  19.312  -34.030  41.846 0.5555559993
127534  18.686  -34.445  41.432 0.5555559993
38517  17.977  -34.873  41.029 0.6666669846
37470  16.623  -35.584  40.170 0.4444440007
37469  17.302  -35.314  40.568 0.4444440007
39477  21.374  -33.734  43.549 0.6666669846
127132  21.162  -33.582  42.703 0.7777780294
39492  19.938  -33.761  42.337 0.6666669846
38516  18.496  -34.416  40.509 0.5555559993
39527  18.989  -33.882  39.990 0.4444440007
37482  17.093  -35.158  39.767 0.4444440007
39448  22.292  -34.129  44.896 0.6666669846
39462  22.724  -34.141  44.062 0.6666669846
124469  22.110  -33.783  43.567 0.6666669846
128617  21.907  -33.619  42.876 0.7777780294
39490  21.651  -33.439  42.076 0.7777780294
39491  20.714  -33.480  41.930 0.6666669846
39508  21.361  -33.222  41.169 0.6666669846
39510  19.903  -33.603  41.445 0.6666669846
39526  19.883  -33.457  40.422 0.5555559993
38530  18.214  -34.342  39.593 0.3333329856
41392  29.363  -31.488  49.381 0.5555559993
42478  29.442  -30.992  47.974 0.7777780294
41408  28.478  -31.666  48.272 0.8888890147
42489  29.517  -30.490  46.566 0.7777780294
41422  28.378  -31.493  47.497 0.8888890147
42500  29.226  -30.183  45.758 0.8888890147
42490  28.724  -30.713  46.268 0.8888890147
42491  28.049  -31.040  45.915 0.7777780294
40451  27.247  -32.079  46.701 0.7777780294
42501  28.477  -30.478  45.438 0.8888890147
41432  27.644  -31.544  46.346 0.7777780294
40443  26.792  -32.744  47.046 0.7777780294
42510  27.804  -30.841  45.149 0.7777780294
41442  26.783  -31.878  45.398 0.7777780294
40463  26.163  -32.695  45.584 0.7777780294
39446  25.579  -33.515  45.754 0.7777780294
38440  23.787  -34.616  45.810 0.7777780294
39459  25.512  -33.038  44.885 0.7777780294
38454  24.137  -34.301  44.893 0.7777780294
38455  23.122  -34.460  45.080 0.7777780294
39460  24.809  -33.537  44.507 0.7777780294
39461  23.525  -34.185  44.278 0.6666669846
39476  22.618  -33.717  43.143 0.7777780294
39489  22.434  -33.459  42.350 0.7777780294
39523  22.061  -33.002  40.765 0.7777780294
39524  21.501  -33.009  40.409 0.7777780294
39525  20.805  -33.137  40.400 0.5555559993
43540  32.069  -30.306  48.796 0.5555559993
42462  31.490  -30.399  48.160 0.5555559993
42444  29.906  -30.994  48.787 0.6666669846
43568  31.143  -30.105  46.962 0.5555559993
42488  30.381  -30.310  46.796 0.6666669846
43580  30.956  -29.887  46.305 0.7777780294
43581  30.065  -30.002  46.062 0.8888890147
43609  30.392  -29.336  44.912 0.8888890147
43610  29.745  -29.350  44.531 0.8888890147
43611  28.949  -29.824  44.880 0.8888890147
42509  28.190  -30.283  44.666 0.7777780294
43626  29.080  -29.367  44.033 0.7777780294
124695  28.499  -29.814  44.206 0.7777780294
41441  27.432  -31.385  45.620 0.7777780294
44736  29.168  -28.949  43.263 0.7777780294
127817  27.961  -30.122  43.921 0.6666669846
41451  27.195  -31.245  44.871 0.7777780294
40475  26.205  -32.236  44.761 0.7777780294
44735  30.263  -28.112  42.617 0.7777780294
44750  29.447  -28.465  42.400 0.7777780294
44751  28.668  -28.989  42.678 0.7777780294
137612  28.138  -29.478  42.797 0.7777780294
41453  26.330  -31.768  44.053 0.7777780294
119064  24.162  -33.756  44.024 0.6666669846
143522  29.834  -27.676  41.483 0.7777780294
122738  28.753  -28.620  41.875 0.7777780294
128860  27.783  -29.933  43.184 0.6666669846
120453  27.280  -30.325  42.764 0.6666669846
139588  26.969  -31.183  44.013 0.6666669846
40476  25.613  -32.439  44.057 0.8888890147
45980  29.329  -28.019  41.509 0.8888890147
43643  27.720  -29.727  42.402 0.7777780294
139166  26.485  -31.373  43.493 0.7777780294
41460  25.928  -31.796  43.375 0.7777780294
40477  24.831  -33.031  43.776 0.8888890147
40489  24.581  -32.781  42.969 0.7777780294
39475  23.430  -33.743  43.422 0.6666669846
47235  31.102  -26.164  39.444 0.7777780294
45993  29.589  -27.089  40.230 0.7777780294
45994  29.026  -27.761  40.689 0.7777780294
136101  28.253  -28.838  41.493 0.7777780294
43658  27.481  -29.540  41.059 0.7777780294
42528  27.219  -30.085  41.792 0.7777780294
42529  26.722  -30.738  42.351 0.7777780294
39488  23.809  -33.184  42.600 0.7777780294
137986  23.075  -33.508  42.653 0.7777780294
47236  30.044  -26.487  39.487 0.6666669846
46005  28.737  -27.553  39.886 0.6666669846
44778  28.330  -28.213  40.303 0.7777780294
43669  27.382  -29.402  40.321 0.6666669846
40513  22.737  -32.889  41.039 0.7777780294
39506  23.075  -33.133  41.880 0.7777780294
47246  30.519  -26.021  38.738 0.5555559993
46004  29.158  -26.936  39.400 0.5555559993
125504  28.500  -27.410  39.196 0.5555559993
44793  28.013  -28.042  39.423 0.6666669846
47247  29.589  -26.413  38.769 0.5555559993
43554  32.653  -29.728  48.352 0.4444440007
43555  32.076  -30.008  48.040 0.5555559993
43567  31.671  -30.078  47.473 0.5555559993
142383  32.573  -29.360  46.706 0.4444440007
43579  31.860  -29.746  46.656 0.5555559993
43594  31.515  -29.497  45.788 0.5555559993
44704  31.116  -29.125  45.046 0.7777780294
44719  30.623  -28.860  44.246 0.7777780294
44720  29.812  -28.899  43.758 0.8888890147
45963  30.675  -27.568  42.116 0.8888890147
132579  30.511  -28.454  43.336 0.8888890147
45978  31.013  -27.086  41.644 0.8888890147
45979  30.333  -27.344  41.428 0.7777780294
47221  30.969  -26.728  40.936 0.8888890147
45992  30.185  -27.007  40.791 0.8888890147
125374  31.277  -26.415  40.197 0.7777780294
47222  30.499  -26.622  40.197 0.7777780294
122237  29.704  -27.479  41.027 0.7777780294
127347  31.982  -26.033  39.102 0.8888890147
125735  27.550  -28.654  39.240 0.6666669846
138661  32.048  -26.078  38.563 0.8888890147
47245  31.485  -25.887  38.471 0.8888890147
47263  30.062  -25.964  38.097 0.5555559993
46017  28.736  -26.915  38.679 0.5555559993
46036  27.759  -27.545  37.750 0.5555559993
47260  32.093  -26.237  38.010 0.5555559993
47261  31.402  -25.910  37.476 0.5555559993
136944  29.665  -25.872  37.463 0.5555559993
124208  28.344  -26.947  37.929 0.5555559993
122878  30.114  -25.551  36.789 0.4444440007
43524  33.124  -29.989  50.173 0.2222220004
44671  33.043  -29.068  47.970 0.4444440007
44678  33.639  -28.647  47.545 0.4444440007
44679  33.048  -29.019  47.129 0.4444440007
142548  34.565  -27.840  46.125 0.5555559993
119085  34.078  -27.906  45.652 0.5555559993
44688  33.605  -28.584  46.720 0.4444440007
44701  33.508  -28.392  45.935 0.4444440007
44702  32.770  -28.660  45.551 0.5555559993
45921  34.828  -27.676  45.466 0.5555559993
44690  32.295  -29.231  46.039 0.6666669846
119439  34.170  -27.630  44.844 0.5555559993
45922  33.346  -27.977  45.062 0.7777780294
44717  32.469  -28.375  44.729 0.6666669846
44718  31.607  -28.644  44.454 0.7777780294
45946  33.535  -27.214  43.550 0.7777780294
45935  32.918  -27.723  44.181 0.7777780294
45936  32.075  -27.991  43.977 0.7777780294
45947  32.560  -27.383  43.293 0.8888890147
45948  31.753  -27.733  43.313 0.8888890147
44734  31.283  -28.285  43.671 0.8888890147
135315  33.251  -26.922  42.839 0.8888890147
139003  32.064  -26.939  42.107 0.8888890147
127275  33.559  -26.703  42.034 0.7777780294
45962  31.410  -27.234  42.154 0.8888890147
47209  33.124  -26.608  41.145 0.7777780294
47211  31.776  -26.741  41.467 0.7777780294
45991  33.428  -26.769  40.495 0.7777780294
47210  32.456  -26.495  41.062 0.8888890147
46002  33.601  -27.218  39.780 0.7777780294
47219  32.713  -26.466  40.410 0.8888890147
44792  33.636  -27.732  38.878 0.8888890147
137008  33.093  -26.664  39.920 0.8888890147
47234  31.889  -26.205  39.838 0.7777780294
44809  33.872  -28.133  38.288 0.8888890147
46032  33.370  -27.788  38.021 0.7777780294
47244  32.496  -26.503  38.689 0.8888890147
46034  32.122  -26.629  37.132 0.7777780294
44821  33.848  -28.040  37.615 0.4444440007
138566  32.630  -27.216  36.933 0.6666669846
47282  30.885  -25.761  36.708 0.4444440007
44828  34.211  -27.909  37.164 0.3333329856
120815  33.187  -27.641  37.224 0.5555559993
129216  31.679  -26.652  35.867 0.4444440007
48474  30.365  -25.550  36.066 0.4444440007
43523  33.863  -29.853  50.304 0.2222220004
43538  33.630  -29.544  49.586 0.3333329856
44652  34.348  -29.375  49.585 0.3333329856
44670  33.777  -28.737  48.384 0.4444440007
45878  34.241  -28.230  47.981 0.3333329856
45909  35.159  -27.618  46.340 0.6666669846
45895  34.751  -27.845  47.584 0.4444440007
45896  34.148  -28.185  47.152 0.4444440007
45933  34.830  -27.500  44.565 0.6666669846
45945  34.300  -27.274  43.973 0.7777780294
143402  34.138  -27.035  43.412 0.7777780294
126830  34.454  -26.919  42.395 0.7777780294
45975  35.063  -27.443  41.878 0.7777780294
45976  34.344  -26.913  41.705 0.7777780294
125728  35.356  -28.020  41.092 0.8888890147
44763  34.614  -27.419  41.099 0.7777780294
121118  34.903  -28.259  39.378 0.8888890147
44791  34.246  -27.933  39.595 0.7777780294
46015  35.594  -27.988  38.873 0.8888890147
136918  34.301  -28.198  38.837 0.8888890147
129384  35.694  -27.605  38.169 0.8888890147
141034  34.841  -28.238  38.701 0.8888890147
44808  34.397  -28.208  38.200 0.7777780294
46029  36.067  -27.084  37.757 0.8888890147
46030  35.349  -27.548  37.547 0.7777780294
44820  34.605  -27.963  37.574 0.6666669846
46031  34.737  -27.525  36.818 0.4444440007
44659  35.835  -28.162  49.103 0.2222220004
45877  34.898  -27.876  48.411 0.3333329856
44660  34.859  -28.654  49.182 0.3333329856
129102  35.427  -27.524  48.055 0.4444440007
45931  35.996  -27.854  44.805 0.7777780294
45920  35.756  -27.638  45.725 0.6666669846
138840  37.684  -28.697  44.591 0.6666669846
44715  36.801  -28.431  44.520 0.7777780294
138963  38.057  -28.755  43.915 0.8888890147
133413  36.803  -28.570  43.598 0.7777780294
44716  36.084  -28.076  43.938 0.7777780294
45932  35.424  -27.633  44.258 0.8888890147
44730  38.189  -28.490  43.286 0.8888890147
129227  37.538  -28.647  43.336 0.8888890147
45959  35.084  -27.271  42.672 0.8888890147
44747  37.780  -28.283  42.521 0.8888890147
44731  36.957  -28.565  42.751 0.8888890147
44748  36.327  -28.333  42.250 0.8888890147
44749  35.645  -27.851  42.493 0.7777780294
119718  37.033  -28.372  41.922 0.8888890147
141991  36.380  -28.318  41.604 0.8888890147
119746  35.781  -28.152  41.723 0.7777780294
44762  36.010  -28.340  41.087 0.8888890147
45989  36.656  -27.784  40.149 0.8888890147
44790  35.780  -28.142  39.865 0.8888890147
46001  36.455  -27.588  39.334 0.8888890147
46000  36.983  -26.912  38.904 0.8888890147
46014  36.280  -27.323  38.519 0.8888890147
47243  36.745  -26.688  38.119 0.8888890147
47258  37.253  -26.219  37.666 0.6666669846
47259  36.545  -26.534  37.311 0.5555559993
124417  36.008  -28.567  49.074 0.2222220004
133394  37.710  -27.176  48.787 0.3333329856
44657  37.291  -28.207  49.082 0.4444440007
47088  35.939  -27.120  48.607 0.5555559993
47135  36.862  -26.789  47.886 0.4444440007
45908  35.883  -27.432  46.746 0.6666669846
45906  37.853  -27.583  46.722 0.6666669846
45919  36.625  -27.948  45.394 0.7777780294
44699  38.018  -28.539  45.331 0.6666669846
44700  37.285  -28.388  45.163 0.6666669846
45944  38.625  -27.981  42.877 0.8888890147
45957  39.118  -27.353  42.412 0.8888890147
45958  38.365  -27.622  42.024 0.8888890147
120133  37.557  -27.526  40.934 0.8888890147
47208  38.595  -26.629  40.656 0.8888890147
45987  37.812  -27.083  40.479 0.8888890147
44761  36.855  -28.006  41.021 0.8888890147
45988  37.264  -27.514  40.448 0.8888890147
141372  38.277  -26.295  39.369 0.8888890147
121207  37.288  -27.144  39.764 0.8888890147
136724  38.765  -25.938  39.154 0.8888890147
126277  37.695  -26.554  39.197 0.8888890147
48448  38.739  -25.747  38.425 0.8888890147
47241  38.170  -26.143  38.752 0.7777780294
47242  37.474  -26.384  38.438 0.7777780294
48461  38.732  -25.570  37.779 0.7777780294
45841  38.216  -28.048  48.986 0.3333329856
47085  38.254  -27.210  48.725 0.3333329856
120340  38.699  -27.637  46.828 0.5555559993
45905  38.365  -28.142  46.074 0.7777780294
44729  38.893  -28.428  43.772 0.8888890147
45943  39.428  -27.775  43.218 0.8888890147
47196  39.577  -26.682  42.032 0.8888890147
45972  38.845  -26.945  41.596 0.8888890147
48422  40.023  -25.915  40.841 0.8888890147
47207  39.412  -26.405  41.177 0.8888890147
119950  39.943  -25.626  40.093 0.8888890147
47218  39.322  -26.084  40.374 0.8888890147
47231  38.710  -26.212  39.850 0.8888890147
48434  40.622  -25.258  39.672 0.8888890147
127157  39.907  -25.487  39.436 0.8888890147
48446  40.254  -25.230  38.897 0.8888890147
128800  39.450  -25.546  38.848 0.8888890147
119820  39.311  -25.412  38.070 0.8888890147
45840  38.949  -28.110  49.308 0.3333329856
47107  38.844  -27.049  48.657 0.3333329856
44687  39.248  -28.230  46.184 0.7777780294
124425  40.948  -27.918  45.053 0.7777780294
44712  40.257  -28.330  45.289 0.8888890147
47194  41.227  -26.482  42.910 1.0000000000
45941  41.040  -27.048  43.624 1.0000000000
45930  39.706  -28.103  43.944 0.8888890147
139685  40.555  -26.939  43.060 0.8888890147
48395  40.906  -25.968  42.083 1.0000000000
47206  40.140  -26.167  41.644 0.8888890147
48408  40.740  -25.720  41.281 0.8888890147
48420  41.302  -25.135  40.202 1.0000000000
139552  41.304  -24.911  39.598 0.8888890147
49598  40.571  -24.784  38.185 0.8888890147
48447  39.891  -25.218  38.331 0.8888890147
132994  39.351  -27.128  48.951 0.3333329856
45904  40.597  -27.737  46.637 0.5555559993
45889  40.306  -27.383  47.704 0.3333329856
45928  40.996  -27.539  44.300 0.7777780294
45917  40.822  -28.037  45.824 0.7777780294
47187  41.522  -27.042  44.175 0.7777780294
48394  41.767  -25.804  42.439 1.0000000000
48406  42.241  -25.289  41.892 1.0000000000
119270  41.360  -25.365  40.910 1.0000000000
48421  40.655  -25.496  40.503 1.0000000000
49588  41.713  -24.560  39.207 1.0000000000
49597  41.513  -24.364  38.383 1.0000000000
50723  41.657  -23.875  37.637 1.0000000000
49606  41.067  -24.311  37.690 0.8888890147
50715  42.263  -23.796  38.240 1.0000000000
47131  40.428  -27.033  48.563 0.3333329856
47083  40.076  -27.081  49.026 0.3333329856
45903  41.351  -27.644  46.309 0.5555559993
47178  41.658  -27.326  44.950 0.6666669846
45916  41.372  -27.705  45.589 0.7777780294
48393  42.620  -25.468  42.791 0.8888890147
48386  42.063  -26.162  43.303 0.6666669846
48407  41.947  -25.212  41.244 1.0000000000
49571  41.947  -24.971  40.621 1.0000000000
49578  42.507  -24.501  40.305 1.0000000000
49587  42.376  -24.313  39.519 1.0000000000
49596  42.176  -24.201  38.848 1.0000000000
50714  42.850  -23.747  38.997 1.0000000000
50722  42.271  -23.301  37.497 1.0000000000
47082  41.172  -26.885  48.907 0.3333329856
47105  41.358  -26.819  48.646 0.3333329856
47152  42.369  -26.598  46.393 0.5555559993
47153  41.797  -27.071  46.849 0.4444440007
48371  42.765  -25.848  44.531 0.6666669846
47167  42.293  -26.696  45.407 0.6666669846
48385  42.683  -25.774  43.778 0.6666669846
49570  42.596  -24.775  41.193 1.0000000000
49577  43.210  -24.244  40.686 1.0000000000
50695  43.053  -24.021  39.875 1.0000000000
50705  43.597  -23.487  39.492 1.0000000000
50713  43.474  -23.219  38.839 1.0000000000
51883  42.815  -22.441  37.187 1.0000000000
48296  42.676  -26.049  48.650 0.3333329856
48297  42.016  -26.314  48.647 0.3333329856
48323  42.674  -25.510  47.954 0.4444440007
48310  42.065  -25.973  48.080 0.3333329856
48337  42.747  -25.978  45.863 0.5555559993
47129  42.232  -26.271  47.505 0.3333329856
48370  43.202  -25.357  44.258 0.6666669846
49559  43.639  -24.527  42.300 0.8888890147
49548  43.787  -24.562  43.215 0.7777780294
48384  43.204  -25.192  43.431 0.7777780294
49569  43.416  -24.432  41.496 0.8888890147
50685  43.920  -23.904  41.023 0.8888890147
50694  43.745  -23.713  40.257 1.0000000000
51870  43.703  -22.706  38.461 1.0000000000
51882  43.584  -22.237  37.822 1.0000000000
52945  42.884  -21.771  36.626 1.0000000000
52944  43.402  -21.607  37.133 1.0000000000
52963  43.174  -21.124  36.431 1.0000000000
48309  42.706  -25.743  48.439 0.4444440007
49510  43.162  -24.886  47.472 0.4444440007
49501  43.776  -24.386  47.927 0.2222220004
126828  42.755  -25.726  46.916 0.4444440007
49520  43.547  -24.501  45.688 0.4444440007
48336  43.124  -25.098  46.315 0.5555559993
137409  43.582  -24.851  43.932 0.6666669846
49558  44.276  -24.109  42.606 0.8888890147
49568  44.120  -24.063  41.794 0.8888890147
50693  44.470  -23.421  40.581 0.8888890147
52943  44.195  -21.386  37.705 1.0000000000
54032  43.863  -20.744  36.956 1.0000000000
54050  42.775  -20.047  35.410 0.8888890147
50646  44.512  -23.409  44.380 0.5555559993
49547  44.431  -23.927  43.434 0.7777780294
124730  44.044  -24.281  44.120 0.6666669846
50675  44.721  -23.635  42.129 0.8888890147
51856  44.933  -22.863  40.200 0.8888890147
138295  44.753  -22.690  39.591 0.8888890147
51857  44.148  -22.838  39.099 0.8888890147
119179  44.265  -22.146  38.393 0.8888890147
55157  43.276  -19.408  35.689 1.0000000000
54041  43.388  -20.219  36.160 0.8888890147
55158  42.817  -19.328  35.233 0.8888890147
56232  42.573  -18.849  34.854 1.0000000000
50660  44.924  -23.269  43.434 0.6666669846
50674  45.217  -23.190  42.610 0.8888890147
50683  45.268  -23.115  41.749 0.8888890147
51869  44.892  -22.178  39.014 0.8888890147
52927  44.921  -21.495  38.393 0.8888890147
141218  44.371  -20.742  37.431 1.0000000000
54040  44.009  -19.972  36.638 1.0000000000
56223  43.646  -18.731  35.836 1.0000000000
56224  43.131  -18.730  35.330 1.0000000000
142273  42.215  -18.288  34.447 1.0000000000
56239  41.564  -18.465  34.014 0.8888890147
51793  45.434  -22.502  43.286 0.7777780294
52885  45.832  -22.456  41.265 0.8888890147
51855  45.461  -22.245  39.757 0.8888890147
119474  45.589  -21.549  39.029 0.8888890147
136176  45.542  -20.959  38.465 0.8888890147
54031  44.534  -20.119  37.205 0.8888890147
55149  44.395  -19.359  36.718 1.0000000000
133450  43.506  -18.077  35.492 1.0000000000
132757  42.891  -18.009  34.930 1.0000000000
57162  41.853  -17.776  34.087 1.0000000000
57172  41.344  -17.667  33.504 1.0000000000
58160  40.175  -16.198  31.732 0.7777780294
51814  46.234  -22.041  41.878 0.7777780294
52912  46.184  -21.488  39.691 0.8888890147
52926  46.249  -20.755  39.003 0.8888890147
54021  45.836  -20.183  38.188 0.8888890147
54030  45.214  -19.960  37.616 0.8888890147
55142  44.977  -19.350  37.249 1.0000000000
56211  44.172  -18.675  36.315 1.0000000000
57141  43.812  -17.493  35.852 1.0000000000
59037  41.814  -15.200  34.391 1.0000000000
58118  43.012  -16.614  35.128 1.0000000000
58132  42.032  -16.017  34.043 1.0000000000
58131  42.522  -16.608  34.501 1.0000000000
127747  41.496  -15.375  33.755 1.0000000000
58140  41.676  -16.190  33.550 1.0000000000
57161  42.406  -17.490  34.430 1.0000000000
59043  40.862  -14.682  33.584 1.0000000000
58146  41.124  -15.815  33.016 1.0000000000
130848  41.462  -16.767  33.312 1.0000000000
57182  40.999  -17.033  32.843 1.0000000000
60058  39.129  -14.304  32.898 1.0000000000
59044  40.475  -14.863  33.040 1.0000000000
125747  39.831  -14.648  32.739 0.8888890147
59052  40.436  -15.487  32.441 0.8888890147
58147  40.700  -16.383  32.374 1.0000000000
61050  38.132  -14.084  32.593 0.7777780294
60059  38.273  -14.102  32.610 0.7777780294
126744  46.896  -20.919  41.150 0.8888890147
52911  46.661  -20.849  39.751 0.8888890147
54020  46.504  -19.949  38.726 0.8888890147
55141  45.642  -19.393  37.736 0.8888890147
56210  44.732  -18.623  36.847 0.8888890147
57140  44.377  -17.819  36.445 1.0000000000
59036  42.315  -15.788  34.542 1.0000000000
60057  40.189  -14.224  33.341 1.0000000000
60051  40.749  -14.138  34.090 1.0000000000
61049  38.747  -14.308  32.847 1.0000000000
61048  39.993  -14.193  33.156 1.0000000000
55117  46.911  -19.224  39.851 0.7777780294
56180  46.303  -18.722  38.488 0.7777780294
54003  46.978  -20.518  40.379 0.7777780294
54011  46.892  -20.058  39.523 0.7777780294
129413  45.911  -18.076  38.426 0.7777780294
55130  46.239  -19.381  38.283 0.8888890147
57126  44.966  -17.896  37.149 0.8888890147
57125  45.477  -18.002  37.778 0.8888890147
58105  44.565  -17.096  37.003 1.0000000000
58106  44.042  -16.890  36.362 1.0000000000
58117  43.530  -16.664  35.711 1.0000000000
142639  41.254  -13.945  35.174 1.0000000000
60031  41.744  -14.222  35.478 1.0000000000
60994  41.624  -13.624  35.646 1.0000000000
59006  42.397  -14.642  35.904 1.0000000000
59022  42.213  -15.141  35.090 1.0000000000
62081  41.624  -13.353  35.430 1.0000000000
60043  41.500  -14.437  34.844 1.0000000000
60050  41.205  -14.545  34.218 1.0000000000
61025  41.342  -13.504  34.910 1.0000000000
61026  40.961  -13.889  34.481 1.0000000000
60044  40.973  -14.016  34.733 1.0000000000
62101  41.286  -13.415  34.366 1.0000000000
62102  40.702  -13.789  33.864 1.0000000000
61035  40.560  -14.049  33.820 1.0000000000
62135  40.587  -13.563  33.070 1.0000000000
61065  38.675  -13.801  32.422 1.0000000000
61064  39.748  -13.709  32.502 1.0000000000
61093  38.800  -13.647  31.526 0.7777780294
62149  39.471  -13.558  31.758 1.0000000000
56165  46.709  -18.442  39.744 0.7777780294
56179  46.361  -18.218  39.031 0.7777780294
57113  44.972  -17.257  37.725 0.8888890147
58094  44.599  -16.482  37.629 1.0000000000
59996  42.767  -13.775  37.413 0.8888890147
60013  42.446  -14.039  36.711 1.0000000000
60012  43.154  -14.501  37.240 1.0000000000
59005  43.045  -15.049  36.486 1.0000000000
127846  43.594  -16.005  36.364 1.0000000000
59021  42.960  -15.726  35.638 1.0000000000
60993  42.022  -13.450  36.375 1.0000000000
60014  41.910  -13.911  36.095 1.0000000000
141304  41.874  -13.279  36.016 1.0000000000
62080  41.857  -12.905  34.970 1.0000000000
62115  41.253  -13.205  33.548 1.0000000000
120061  40.765  -13.186  32.112 1.0000000000
128833  40.960  -12.973  31.424 1.0000000000
62148  40.342  -13.227  31.381 1.0000000000
57073  46.974  -17.960  41.262 0.4444440007
57090  46.770  -17.831  40.379 0.5555559993
57102  46.479  -17.516  39.631 0.6666669846
57103  45.942  -17.418  38.972 0.7777780294
58082  44.987  -16.609  38.286 1.0000000000
59976  44.410  -14.335  39.020 0.8888890147
59977  43.816  -14.212  38.446 0.7777780294
58990  44.216  -15.679  37.681 1.0000000000
127874  44.650  -15.953  38.159 1.0000000000
59995  43.229  -14.003  37.912 0.8888890147
58975  43.745  -14.828  37.809 0.8888890147
58991  43.666  -15.399  37.088 1.0000000000
126698  43.363  -13.564  38.406 0.8888890147
60972  42.865  -13.293  37.900 0.8888890147
134519  42.591  -13.056  37.424 0.8888890147
63088  42.856  -12.637  37.130 0.8888890147
63100  42.757  -12.572  36.247 0.8888890147
62065  42.208  -13.047  36.681 1.0000000000
62100  42.051  -12.754  33.919 1.0000000000
62114  42.008  -12.622  33.024 1.0000000000
62134  41.366  -12.924  32.585 1.0000000000
62147  41.537  -12.750  31.521 1.0000000000
61142  37.390  -13.507  28.127 0.5555559993
119835  36.677  -13.540  26.663 0.3333329856
57072  47.563  -17.339  41.760 0.5555559993
133301  46.772  -17.212  40.181 0.5555559993
58081  45.519  -16.630  38.854 0.6666669846
58962  44.992  -15.102  39.123 0.6666669846
58961  45.690  -15.824  39.333 0.5555559993
130198  45.512  -14.985  39.552 0.6666669846
58974  44.422  -15.134  38.422 0.8888890147
131842  44.479  -13.724  39.500 0.7777780294
60944  44.214  -13.027  39.758 0.7777780294
60958  43.300  -13.088  38.616 0.8888890147
60945  43.678  -12.946  39.196 0.7777780294
62038  43.584  -12.593  38.783 0.7777780294
63087  43.585  -12.161  37.470 0.7777780294
63099  43.512  -12.113  36.596 0.8888890147
63118  42.706  -12.516  35.332 0.8888890147
63117  43.459  -12.000  35.695 0.8888890147
63141  42.624  -12.484  34.496 1.0000000000
62133  42.167  -12.445  32.100 1.0000000000
63187  41.787  -12.516  30.553 1.0000000000
121935  41.103  -12.883  30.828 1.0000000000
62171  40.583  -12.883  29.471 1.0000000000
62188  39.881  -13.021  29.024 0.7777780294
62170  41.293  -12.571  29.092 0.7777780294
62187  40.636  -12.767  28.596 0.7777780294
61155  39.070  -13.102  27.738 0.5555559993
126305  39.910  -12.950  28.122 0.5555559993
61167  39.002  -13.023  26.865 0.5555559993
61156  38.146  -13.259  27.351 0.4444440007
61169  37.625  -13.348  26.587 0.3333329856
61186  36.300  -13.384  25.623 0.1111110002
62229  34.936  -12.863  25.078 0.1111110002
133907  34.328  -12.576  25.122 0.1111110002
63277  32.578  -11.644  25.788 0.1111110002
63276  33.346  -11.806  25.387 0.1111110002
134391  33.174  -11.192  25.584 0.1111110002
58068  46.563  -16.833  39.861 0.5555559993
58046  47.842  -16.665  41.272 0.5555559993
132950  46.563  -16.104  39.835 0.5555559993
58056  48.189  -15.981  40.713 0.5555559993
134375  47.327  -16.033  40.315 0.5555559993
58948  46.946  -15.356  40.179 0.5555559993
59959  45.663  -14.416  39.982 0.7777780294
60927  44.781  -12.823  40.367 0.5555559993
62020  44.487  -12.335  40.103 0.4444440007
63058  43.963  -12.042  38.953 0.5555559993
63039  46.042  -11.109  41.108 0.4444440007
63040  45.451  -11.529  40.575 0.5555559993
64105  47.510  -10.228  41.524 0.3333329856
63056  45.333  -11.321  39.774 0.5555559993
63074  45.228  -11.231  38.867 0.4444440007
63086  44.398  -11.721  37.707 0.6666669846
63098  44.293  -11.743  36.921 0.6666669846
63116  44.293  -11.673  36.098 0.6666669846
63140  43.452  -11.906  34.644 0.8888890147
63139  44.252  -11.531  35.230 0.6666669846
63158  42.734  -12.017  32.696 1.0000000000
63176  42.292  -12.247  31.180 1.0000000000
63186  42.461  -12.003  30.324 1.0000000000
62157  41.236  -12.743  29.965 1.0000000000
63205  42.653  -11.880  29.435 1.0000000000
63206  41.917  -12.314  29.653 1.0000000000
63225  42.859  -11.808  28.568 1.0000000000
63226  41.996  -12.129  28.642 1.0000000000
62186  41.284  -12.510  28.319 0.8888890147
63249  42.430  -11.954  27.812 1.0000000000
62202  41.669  -12.301  27.712 0.7777780294
121874  42.148  -12.182  27.108 0.6666669846
62214  41.436  -12.428  26.831 0.6666669846
62204  39.852  -12.887  27.210 0.5555559993
61168  38.342  -13.190  26.547 0.3333329856
62216  39.713  -12.907  26.332 0.3333329856
119099  38.897  -13.077  25.981 0.3333329856
120690  38.061  -13.269  25.907 0.3333329856
61202  36.499  -13.085  24.815 0.1111110002
61183  39.587  -13.015  25.615 0.3333329856
61184  38.485  -13.219  25.248 0.3333329856
141080  36.823  -13.281  25.255 0.2222220004
58045  48.722  -16.305  41.513 0.4444440007
58044  49.716  -16.104  41.858 0.2222220004
58043  50.749  -16.281  42.019 0.3333329856
58931  49.279  -15.681  40.899 0.5555559993
59945  47.387  -14.606  40.367 0.5555559993
59946  46.450  -14.554  40.259 0.4444440007
60925  46.790  -13.838  40.764 0.5555559993
60926  45.418  -12.990  40.802 0.4444440007
60906  45.843  -12.360  41.349 0.4444440007
64093  47.595  -10.652  42.167 0.4444440007
64114  49.467  -9.781  41.035 0.1111110002
63054  50.290  -10.696  39.790 0.1111110002
65211  47.594  -9.874  40.806 0.1111110002
65212  47.314  -9.899  40.177 0.1111110002
64125  45.932  -10.713  39.275 0.2222220004
64138  45.842  -10.720  38.427 0.2222220004
64139  45.172  -11.189  37.881 0.4444440007
139999  45.731  -10.772  37.688 0.2222220004
64159  44.919  -11.241  36.578 0.4444440007
121431  45.348  -10.964  37.127 0.4444440007
64180  44.934  -10.967  35.710 0.5555559993
143160  44.730  -10.928  34.939 0.5555559993
64202  43.814  -11.463  33.728 0.8888890147
64215  44.428  -10.843  33.658 0.7777780294
64228  44.564  -10.576  32.885 0.8888890147
64229  43.952  -10.944  32.334 1.0000000000
63157  43.529  -11.562  32.926 1.0000000000
142419  43.718  -11.195  31.812 1.0000000000
63175  42.811  -11.888  31.714 1.0000000000
64246  44.032  -10.861  31.526 1.0000000000
63174  43.463  -11.437  31.285 1.0000000000
128304  42.854  -11.795  30.937 1.0000000000
64266  43.964  -11.004  30.695 1.0000000000
64281  43.990  -11.257  29.835 1.0000000000
138891  43.282  -11.581  30.252 1.0000000000
63203  44.127  -11.418  29.021 1.0000000000
63204  43.428  -11.604  29.264 1.0000000000
63247  43.741  -11.746  27.630 1.0000000000
63224  43.603  -11.632  28.427 1.0000000000
62201  42.985  -11.979  27.064 0.6666669846
62213  42.303  -12.394  26.185 0.5555559993
62228  40.332  -12.876  25.663 0.4444440007
130740  39.145  -13.159  25.225 0.3333329856
124779  50.342  -15.612  41.260 0.3333329856
132608  48.898  -15.270  40.428 0.5555559993
59944  48.412  -14.556  40.347 0.5555559993
60924  47.829  -13.848  40.761 0.4444440007
60905  46.233  -13.095  41.245 0.4444440007
61995  47.671  -12.447  42.179 0.4444440007
63009  48.591  -10.876  42.595 0.3333329856
64091  49.100  -10.193  42.333 0.3333329856
63038  51.187  -10.937  40.455 0.1111110002
63055  49.266  -10.607  39.647 0.1111110002
65220  48.074  -9.643  40.311 0.1111110002
62049  49.721  -12.475  37.719 0.1111110002
64123  47.424  -9.885  39.455 0.1111110002
64137  46.680  -10.250  38.762 0.2222220004
65239  45.908  -10.522  37.126 0.2222220004
64158  45.515  -10.800  36.434 0.3333329856
64200  45.318  -10.370  35.010 0.5555559993
65284  44.858  -10.581  34.289 0.6666669846
65313  45.123  -9.969  32.728 0.7777780294
65296  44.959  -10.186  33.540 0.7777780294
65329  46.009  -9.797  31.616 0.7777780294
65312  45.839  -9.612  32.519 0.7777780294
64245  44.711  -10.434  31.984 0.8888890147
65328  46.957  -9.703  31.596 0.8888890147
65330  45.355  -9.936  32.026 0.8888890147
65345  47.431  -10.112  30.960 0.8888890147
65346  46.560  -10.112  30.911 0.8888890147
64264  45.772  -10.284  30.838 0.8888890147
64265  45.158  -10.531  30.753 1.0000000000
125358  44.688  -10.867  30.242 1.0000000000
129083  44.631  -10.629  31.092 1.0000000000
120084  46.252  -10.568  30.241 0.8888890147
122268  45.492  -10.695  30.207 1.0000000000
139183  44.560  -11.178  29.515 1.0000000000
64295  44.845  -11.338  28.878 1.0000000000
63223  44.349  -11.548  28.233 1.0000000000
58946  49.871  -15.161  40.638 0.3333329856
59943  49.445  -14.511  40.433 0.4444440007
60922  49.953  -13.740  40.920 0.3333329856
60923  48.912  -13.800  40.704 0.4444440007
61973  49.038  -11.596  42.400 0.3333329856
63022  50.583  -10.741  41.200 0.3333329856
63037  51.701  -11.475  40.366 0.2222220004
64115  48.814  -9.905  40.203 0.1111110002
63072  48.716  -11.108  38.913 0.1111110002
119513  48.032  -9.858  39.532 0.1111110002
63095  46.725  -11.032  37.103 0.1111110002
63085  47.261  -11.248  37.824 0.1111110002
63084  48.094  -11.662  38.305 0.1111110002
64136  47.645  -10.374  38.575 0.1111110002
64146  46.367  -10.454  37.896 0.2222220004
65254  45.942  -9.957  36.424 0.5555559993
66422  45.896  -9.406  34.296 0.6666669846
65271  45.781  -9.829  35.495 0.6666669846
66436  47.465  -8.662  33.590 0.6666669846
66451  47.032  -8.929  32.907 0.7777780294
66437  46.760  -8.840  33.684 0.7777780294
66438  46.194  -9.121  33.780 0.7777780294
65295  45.671  -9.625  33.448 0.6666669846
66450  47.820  -8.893  32.877 0.7777780294
66452  46.334  -9.177  33.072 0.7777780294
65310  47.398  -9.304  32.253 0.7777780294
64263  47.064  -10.542  30.301 1.0000000000
64279  45.940  -10.905  29.548 1.0000000000
64278  46.735  -10.890  29.588 1.0000000000
64294  45.622  -11.266  28.872 1.0000000000
64293  46.409  -11.250  28.932 1.0000000000
63222  45.260  -11.558  28.060 1.0000000000
63246  44.572  -11.789  27.427 1.0000000000
62212  43.956  -12.047  26.813 0.7777780294
63245  45.398  -11.912  27.192 1.0000000000
63264  44.811  -12.084  26.626 0.7777780294
59942  50.463  -14.464  40.815 0.3333329856
60921  51.037  -13.593  41.175 0.3333329856
61994  48.686  -12.439  42.194 0.4444440007
60901  50.349  -12.939  41.759 0.3333329856
60900  51.100  -12.493  41.388 0.2222220004
65252  47.515  -9.514  37.420 0.1111110002
65237  47.302  -9.506  37.514 0.1111110002
126373  47.222  -10.362  37.682 0.1111110002
124618  46.754  -8.861  36.450 0.3333329856
65238  46.811  -10.064  37.142 0.3333329856
67466  46.925  -8.451  35.052 0.5555559993
66396  46.592  -8.843  35.475 0.5555559993
141698  46.566  -9.430  36.676 0.3333329856
66417  52.379  -8.264  34.655 0.3333329856
66418  51.388  -8.417  34.291 0.3333329856
67473  50.010  -8.165  34.269 0.5555559993
67474  49.313  -8.121  34.192 0.5555559993
67475  48.540  -8.120  34.141 0.5555559993
67476  47.807  -8.220  34.212 0.6666669846
66420  47.134  -8.490  34.350 0.5555559993
66397  46.066  -9.283  35.077 0.5555559993
65253  46.300  -9.359  35.916 0.5555559993
66416  53.426  -8.041  35.277 0.2222220004
66447  50.443  -9.123  33.246 0.5555559993
66448  49.511  -9.034  33.033 0.5555559993
66434  49.012  -8.609  33.600 0.5555559993
66435  48.222  -8.581  33.546 0.5555559993
66421  46.486  -8.886  34.513 0.6666669846
65293  52.819  -9.386  33.411 0.4444440007
65308  49.115  -9.513  32.416 0.6666669846
65305  51.898  -9.702  32.839 0.5555559993
65306  50.901  -9.716  32.658 0.5555559993
65324  50.485  -10.128  31.956 0.6666669846
65309  48.249  -9.377  32.302 0.6666669846
64243  50.061  -10.537  31.248 0.7777780294
65326  48.716  -9.836  31.709 0.8888890147
65327  47.835  -9.738  31.634 0.8888890147
65343  49.181  -10.350  31.141 0.8888890147
64261  48.772  -10.757  30.477 0.8888890147
64276  48.397  -11.089  29.746 1.0000000000
64262  47.914  -10.638  30.387 0.8888890147
64277  47.556  -10.954  29.647 1.0000000000
64292  47.194  -11.339  28.968 1.0000000000
63221  46.137  -11.529  28.248 1.0000000000
138288  46.829  -11.554  28.386 1.0000000000
133459  45.952  -11.773  27.611 1.0000000000
122353  44.280  -12.301  26.032 0.4444440007
63263  45.597  -12.053  26.414 0.6666669846
62225  43.859  -12.467  25.331 0.4444440007
62239  44.409  -12.312  24.733 0.3333329856
62240  43.472  -12.499  24.399 0.3333329856
65236  47.937  -8.792  37.723 0.2222220004
66357  47.780  -8.479  37.689 0.2222220004
67414  48.292  -7.899  38.046 0.2222220004
66376  47.297  -8.364  36.999 0.2222220004
66377  46.960  -9.040  37.315 0.3333329856
65229  47.155  -10.249  37.944 0.1111110002
68438  50.819  -6.834  36.330 0.2222220004
68425  49.117  -6.852  36.969 0.4444440007
67449  49.114  -6.968  35.753 0.4444440007
123574  48.346  -7.304  36.652 0.4444440007
67445  52.828  -7.469  36.378 0.2222220004
68437  51.577  -6.969  36.339 0.3333329856
67448  50.192  -7.008  35.548 0.3333329856
67464  48.833  -7.651  34.806 0.5555559993
67465  47.494  -7.991  35.129 0.5555559993
67450  47.638  -7.821  36.338 0.5555559993
66431  54.243  -8.506  34.922 0.2222220004
65282  55.238  -8.965  34.925 0.2222220004
126269  53.682  -9.067  33.904 0.4444440007
65291  56.062  -9.579  34.592 0.3333329856
119007  53.699  -9.716  33.094 0.4444440007
140725  52.770  -9.863  32.701 0.4444440007
65323  51.397  -10.197  32.059 0.5555559993
64242  50.967  -10.631  31.327 0.7777780294
64260  49.626  -10.872  30.544 0.8888890147
64275  49.235  -11.231  29.857 0.8888890147
63201  48.864  -11.542  29.130 1.0000000000
63202  48.022  -11.439  29.020 1.0000000000
63241  50.185  -11.552  27.269 1.0000000000
63242  49.256  -11.701  27.586 1.0000000000
63218  49.228  -11.729  28.438 1.0000000000
63219  48.500  -11.683  28.417 1.0000000000
64329  49.438  -10.803  25.950 0.8888890147
63260  49.425  -11.382  26.705 1.0000000000
119013  48.593  -11.633  26.924 1.0000000000
119423  47.669  -11.787  27.087 1.0000000000
137755  46.865  -11.854  26.788 1.0000000000
119999  46.173  -11.971  26.968 1.0000000000
64341  49.504  -10.251  25.257 0.8888890147
64342  48.691  -10.655  25.385 0.8888890147
64330  48.697  -11.221  26.190 0.8888890147
134497  48.047  -11.539  26.419 1.0000000000
63272  47.991  -11.157  25.766 0.7777780294
63273  47.333  -11.154  25.279 0.7777780294
63274  46.493  -11.613  25.341 0.5555559993
63262  46.373  -11.903  26.195 0.5555559993
62211  45.041  -12.225  25.874 0.7777780294
62238  45.122  -12.160  25.143 0.3333329856
64352  48.286  -10.297  24.634 0.7777780294
64343  47.936  -10.727  25.140 0.7777780294
121308  57.130  -10.708  34.420 0.3333329856
65302  55.843  -9.820  33.514 0.4444440007
65280  56.469  -10.146  34.974 0.3333329856
65303  54.808  -9.794  33.224 0.4444440007
65304  53.223  -10.298  32.208 0.5555559993
64240  52.783  -10.733  31.467 0.6666669846
64241  51.878  -10.673  31.401 0.6666669846
64259  50.548  -11.053  30.495 0.8888890147
127938  51.398  -11.765  28.654 1.0000000000
63216  50.689  -11.771  28.841 1.0000000000
63200  49.796  -11.669  29.193 1.0000000000
64311  50.951  -11.242  27.044 1.0000000000
63240  51.025  -11.707  27.900 1.0000000000
63217  50.039  -11.763  28.195 1.0000000000
64328  50.300  -10.903  26.407 0.8888890147
64340  50.719  -10.227  25.773 1.0000000000
119519  50.040  -10.428  25.706 0.8888890147
65415  50.249  -9.897  25.192 0.8888890147
64351  48.987  -10.127  24.781 0.7777780294
65430  50.642  -9.524  24.519 0.8888890147
65431  49.686  -9.740  24.473 0.8888890147
65447  50.291  -9.309  23.764 0.6666669846
65432  48.790  -9.811  24.131 0.6666669846
65450  47.880  -9.584  23.075 0.6666669846
64362  47.869  -9.936  23.849 0.6666669846
65467  49.128  -9.128  22.789 0.5555559993
64226  55.242  -10.354  32.507 0.4444440007
64237  55.741  -10.746  31.758 0.5555559993
64239  53.716  -10.762  31.523 0.4444440007
64256  53.287  -11.152  30.745 0.7777780294
64257  52.379  -11.122  30.696 0.7777780294
64258  51.486  -11.066  30.638 0.8888890147
64273  51.176  -11.445  30.024 0.8888890147
139126  49.955  -11.314  29.972 0.8888890147
64291  53.202  -11.327  27.994 1.0000000000
125574  52.771  -11.679  28.596 1.0000000000
138788  52.604  -11.702  29.359 1.0000000000
63185  51.981  -11.554  29.883 1.0000000000
139304  52.521  -11.479  27.891 1.0000000000
63215  51.950  -11.699  28.212 1.0000000000
63199  51.303  -11.687  29.356 1.0000000000
64274  50.576  -11.547  29.664 1.0000000000
64309  52.768  -10.936  27.389 1.0000000000
64326  52.354  -10.514  26.641 1.0000000000
64310  51.860  -11.244  27.321 1.0000000000
65400  52.018  -9.918  25.983 1.0000000000
64327  51.377  -10.597  26.396 1.0000000000
65414  51.019  -9.718  25.193 1.0000000000
65446  51.121  -9.117  23.884 0.7777780294
66558  50.770  -8.834  23.132 0.5555559993
65466  49.944  -8.980  22.994 0.6666669846
66568  50.457  -8.729  22.362 0.4444440007
65478  48.866  -8.967  21.953 0.4444440007
66578  49.428  -8.758  21.367 0.3333329856
64236  56.881  -10.717  31.954 0.3333329856
65342  57.369  -10.429  30.360 0.7777780294
133634  56.033  -11.021  30.442 0.6666669846
64254  55.285  -11.076  30.733 0.5555559993
64238  54.704  -10.780  31.593 0.4444440007
64255  54.232  -11.118  30.736 0.5555559993
120180  55.560  -11.139  29.728 0.7777780294
63183  53.771  -11.461  29.990 0.7777780294
65370  55.018  -10.450  28.040 1.0000000000
63213  54.469  -11.131  28.517 1.0000000000
63182  54.660  -11.378  29.947 0.7777780294
63184  52.895  -11.503  30.000 0.7777780294
65382  54.728  -9.973  27.303 1.0000000000
64307  54.308  -10.679  27.689 1.0000000000
64290  53.846  -11.111  28.065 1.0000000000
63214  53.653  -11.513  28.605 1.0000000000
66520  54.135  -9.128  25.821 0.8888890147
65397  54.447  -9.570  26.542 1.0000000000
65383  53.966  -10.134  27.057 1.0000000000
64308  53.572  -10.791  27.473 1.0000000000
65411  53.349  -9.309  25.601 1.0000000000
65399  52.838  -9.803  26.162 1.0000000000
64325  53.191  -10.323  26.822 1.0000000000
66533  53.037  -8.967  24.924 0.7777780294
65412  52.530  -9.459  25.429 1.0000000000
65428  52.222  -9.163  24.737 0.8888890147
65429  51.443  -9.350  24.596 0.8888890147
66546  52.754  -8.734  24.232 0.6666669846
66547  51.926  -8.918  24.034 0.6666669846
66557  51.626  -8.701  23.255 0.5555559993
66567  51.265  -8.605  22.423 0.5555559993
122708  50.881  -8.613  21.783 0.5555559993
66577  50.214  -8.672  21.595 0.4444440007
65339  59.489  -9.983  30.287 0.3333329856
65340  59.077  -10.010  30.592 0.3333329856
66475  57.344  -9.401  29.089 0.7777780294
65356  56.937  -10.202  29.509 0.6666669846
64272  56.471  -10.817  29.974 0.7777780294
66490  56.970  -8.849  28.286 0.7777780294
65368  56.561  -9.811  28.691 0.7777780294
65357  56.116  -10.579  29.146 0.7777780294
66502  55.842  -9.023  27.208 1.0000000000
65381  55.468  -9.750  27.564 1.0000000000
65369  55.775  -10.170  28.347 1.0000000000
66518  55.774  -8.628  26.466 0.7777780294
66503  55.193  -9.313  26.838 1.0000000000
66519  54.906  -8.881  26.112 0.7777780294
66531  54.648  -8.629  25.331 0.7777780294
66544  54.368  -8.413  24.581 0.7777780294
66532  53.832  -8.771  25.135 0.8888890147
66555  53.294  -8.442  23.717 0.7777780294
66556  52.487  -8.573  23.454 0.5555559993
125864  50.781  -8.569  21.049 0.4444440007
66593  50.513  -8.535  20.314 0.2222220004
64251  59.618  -10.821  30.410 0.2222220004
66465  59.373  -9.329  29.988 0.5555559993
65338  60.005  -10.273  29.726 0.3333329856
126949  58.187  -8.988  29.431 0.6666669846
127260  56.497  -8.690  27.431 0.8888890147
143975  56.176  -8.599  26.957 1.0000000000
66530  55.454  -8.387  25.601 0.7777780294
66543  55.192  -8.205  24.792 0.7777780294
67570  54.421  -7.977  23.216 0.6666669846
143036  53.742  -8.210  23.300 0.6666669846
66565  53.124  -8.305  22.974 0.5555559993
66575  52.528  -8.266  21.617 0.4444440007
66576  51.641  -8.445  21.480 0.5555559993
67613  53.271  -7.676  19.539 0.4444440007
67603  53.293  -7.912  20.410 0.4444440007
67604  52.707  -8.036  19.895 0.3333329856
66591  52.411  -8.214  20.689 0.3333329856
67612  54.051  -7.131  19.147 0.4444440007
67624  53.059  -7.334  18.695 0.2222220004
67614  52.362  -7.918  19.080 0.3333329856
66607  52.078  -8.206  19.834 0.3333329856
66608  51.474  -8.242  19.268 0.3333329856
66592  51.357  -8.401  20.294 0.3333329856
67625  52.226  -7.471  18.198 0.2222220004
66474  59.007  -8.774  29.546 0.4444440007
65352  60.549  -9.856  29.195 0.3333329856
65353  59.884  -9.439  29.668 0.2222220004
66488  58.515  -8.312  28.871 0.6666669846
66501  57.163  -8.105  27.588 0.8888890147
66517  56.587  -8.148  26.780 0.6666669846
67535  56.214  -7.974  25.959 0.7777780294
67557  55.801  -7.861  24.253 0.7777780294
67558  54.907  -8.041  23.940 0.6666669846
67582  53.796  -8.065  22.660 0.6666669846
67591  53.880  -7.952  21.836 0.6666669846
66574  53.132  -8.180  22.149 0.6666669846
119912  54.080  -7.576  20.077 0.5555559993
66590  53.208  -8.056  21.280 0.6666669846
68612  53.608  -6.662  18.353 0.4444440007
68611  54.445  -6.457  18.559 0.3333329856
68613  52.794  -6.914  17.960 0.2222220004
68626  53.222  -6.239  17.673 0.2222220004
68627  52.440  -6.425  17.428 0.2222220004
66473  59.688  -8.769  29.418 0.2222220004
137412  59.318  -8.288  29.088 0.5555559993
66486  60.719  -8.368  28.410 0.2222220004
67517  58.878  -7.042  28.007 0.5555559993
67518  57.963  -7.538  27.751 0.5555559993
68502  58.292  -7.006  27.256 0.6666669846
135391  57.948  -7.032  26.584 0.6666669846
128524  57.467  -7.554  26.902 0.6666669846
67534  56.906  -7.724  26.252 0.6666669846
137836  57.610  -7.311  25.492 0.6666669846
67546  56.917  -7.641  25.467 0.6666669846
67556  56.698  -7.681  24.538 0.6666669846
67569  55.614  -7.819  23.404 0.6666669846
143653  54.983  -7.878  23.379 0.6666669846
119890  55.235  -7.802  22.109 0.6666669846
67581  54.499  -7.866  22.371 0.6666669846
67602  54.951  -7.605  20.653 0.6666669846
118965  54.019  -7.838  20.961 0.6666669846
67611  54.864  -7.227  19.772 0.5555559993
68601  54.948  -6.727  19.070 0.4444440007
69617  52.849  -5.691  17.039 0.1111110002
66472  60.313  -8.932  29.089 0.3333329856
66487  59.999  -8.047  28.861 0.3333329856
67503  59.193  -7.728  28.588 0.3333329856
66500  61.195  -8.288  27.770 0.2222220004
67515  60.666  -7.432  27.866 0.2222220004
67516  59.875  -7.184  28.208 0.2222220004
138561  59.690  -6.567  27.648 0.4444440007
68521  58.736  -6.682  26.631 0.5555559993
68531  58.042  -6.928  25.963 0.6666669846
126355  58.115  -6.974  25.178 0.6666669846
67545  57.508  -7.410  24.795 0.6666669846
67568  56.514  -7.715  23.678 0.6666669846
67578  57.257  -7.685  21.979 0.5555559993
67567  57.182  -7.662  22.935 0.6666669846
122196  56.321  -7.772  22.983 0.6666669846
67579  56.507  -7.775  22.301 0.6666669846
136617  55.773  -7.792  22.588 0.7777780294
67580  55.067  -7.800  22.857 0.6666669846
121859  55.912  -7.788  21.948 0.6666669846
67589  55.533  -7.731  21.388 0.6666669846
67601  55.511  -7.287  20.163 0.4444440007
68600  55.617  -6.863  19.542 0.4444440007
141227  55.014  -6.336  18.634 0.4444440007
68625  54.034  -6.005  17.973 0.3333329856
69601  54.966  -5.896  18.128 0.4444440007
68500  60.424  -6.552  27.598 0.2222220004
68499  61.048  -6.675  27.246 0.2222220004
69511  60.288  -6.171  27.348 0.3333329856
69523  60.455  -5.881  26.717 0.3333329856
67532  61.586  -7.137  26.513 0.2222220004
133393  59.610  -6.251  27.095 0.3333329856
68520  59.496  -6.189  26.260 0.4444440007
68517  61.820  -6.267  25.946 0.2222220004
68530  58.769  -6.688  25.706 0.6666669846
68529  59.403  -6.337  25.307 0.6666669846
139050  58.763  -6.768  24.938 0.6666669846
124545  58.224  -7.037  24.277 0.6666669846
68551  58.038  -7.288  23.328 0.6666669846
68561  57.991  -7.387  22.430 0.6666669846
68575  57.257  -7.522  21.279 0.5555559993
67588  56.474  -7.688  21.453 0.5555559993
68588  56.781  -7.402  20.702 0.5555559993
67600  55.920  -7.536  20.731 0.5555559993
68589  56.215  -7.086  20.101 0.4444440007
68599  56.443  -6.664  19.375 0.4444440007
68610  55.678  -6.280  18.767 0.4444440007
69600  55.923  -5.739  18.022 0.4444440007
69615  55.244  -5.523  17.296 0.4444440007
69616  54.360  -5.580  17.380 0.4444440007
130310  53.622  -5.735  17.372 0.3333329856
68519  60.895  -6.105  27.129 0.3333329856
68518  61.392  -6.152  26.603 0.2222220004
69531  60.186  -5.779  25.792 0.3333329856
67531  62.006  -7.144  25.754 0.2222220004
69521  61.694  -5.811  25.840 0.2222220004
68528  62.232  -6.559  25.297 0.2222220004
69520  62.080  -5.742  25.373 0.2222220004
68550  58.710  -6.916  23.613 0.6666669846
68573  58.719  -6.937  21.935 0.6666669846
68574  57.913  -7.347  21.581 0.5555559993
68587  57.693  -7.138  20.723 0.5555559993
133908  57.042  -6.958  20.037 0.4444440007
68598  57.335  -6.614  19.349 0.6666669846
69589  56.747  -6.122  18.585 0.5555559993
120924  56.691  -5.707  17.871 0.4444440007
69614  56.181  -5.564  17.225 0.4444440007
69629  54.526  -5.210  16.613 0.4444440007
140096  52.734  -3.497  16.276 0.1111110002
69522  61.311  -5.930  26.386 0.3333329856
69530  61.084  -5.669  25.954 0.3333329856
69529  62.037  -5.412  25.248 0.2222220004
69539  60.027  -5.856  24.850 0.4444440007
69547  59.976  -6.055  23.867 0.4444440007
68538  62.621  -5.918  24.222 0.2222220004
68549  59.370  -6.669  23.362 0.6666669846
68547  62.810  -5.793  23.451 0.3333329856
68572  59.503  -6.610  21.826 0.6666669846
68559  63.018  -5.715  22.725 0.3333329856
136125  59.429  -6.676  22.544 0.6666669846
127288  58.401  -6.960  21.159 0.5555559993
68585  59.124  -6.673  21.163 0.6666669846
68586  58.523  -6.720  20.386 0.5555559993
68597  58.167  -6.535  19.535 0.5555559993
120218  57.770  -6.236  18.792 0.5555559993
69598  58.268  -5.884  18.313 0.5555559993
69612  57.960  -5.654  17.691 0.5555559993
69599  57.441  -5.831  18.101 0.5555559993
69613  57.202  -5.545  17.268 0.4444440007
72824  52.104  -3.039  17.190 0.1111110002
69628  55.470  -5.293  16.268 0.4444440007
72831  52.372  -3.258  16.614 0.1111110002
71751  53.312  -3.506  15.903 0.1111110002
70603  53.609  -4.103  15.719 0.1111110002
70604  52.869  -3.997  16.169 0.1111110002
69640  54.639  -4.859  15.777 0.4444440007
124721  54.201  -4.446  15.559 0.1111110002
71750  53.997  -3.525  15.401 0.1111110002
70513  61.595  -5.435  25.404 0.3333329856
70521  61.581  -5.036  24.880 0.3333329856
69538  60.889  -5.440  25.293 0.3333329856
69537  62.368  -5.356  24.699 0.2222220004
69546  60.773  -5.410  24.402 0.3333329856
69536  62.668  -5.217  23.973 0.3333329856
70527  61.488  -4.823  24.011 0.3333329856
69555  60.681  -5.593  23.273 0.4444440007
69556  60.082  -6.055  22.261 0.5555559993
70524  62.875  -5.035  23.133 0.3333329856
120134  60.906  -5.409  22.305 0.4444440007
69567  59.912  -6.207  21.272 0.5555559993
122658  60.541  -5.792  20.934 0.5555559993
69577  59.475  -6.272  20.405 0.5555559993
124239  59.498  -5.925  19.425 0.5555559993
69578  58.861  -6.315  19.773 0.5555559993
124055  58.617  -6.116  19.062 0.5555559993
121159  59.089  -5.744  18.525 0.5555559993
139247  58.689  -5.519  17.772 0.5555559993
69611  59.134  -5.258  17.162 0.5555559993
122194  58.201  -5.409  16.991 0.5555559993
71728  51.957  -3.107  18.578 0.1111110002
72815  52.358  -2.790  17.970 0.1111110002
69626  57.411  -5.446  16.327 0.4444440007
72823  52.636  -2.783  16.800 0.1111110002
69627  56.529  -5.453  16.398 0.4444440007
119920  56.097  -5.313  15.463 0.4444440007
69648  55.970  -5.056  14.572 0.3333329856
69639  55.299  -5.006  15.192 0.4444440007
70602  54.720  -4.544  15.103 0.3333329856
70511  62.310  -5.053  24.642 0.3333329856
70520  62.153  -4.737  24.360 0.3333329856
70519  62.571  -4.834  24.016 0.3333329856
70525  62.704  -4.649  23.206 0.3333329856
71672  62.445  -4.597  23.659 0.3333329856
70533  61.444  -4.815  23.044 0.4444440007
70531  63.096  -4.580  22.012 0.3333329856
71685  62.477  -3.990  21.884 0.4444440007
134312  61.489  -4.799  22.264 0.5555559993
138406  63.572  -3.601  20.114 0.3333329856
71695  63.150  -4.038  21.520 0.3333329856
70543  61.135  -5.145  21.461 0.5555559993
70558  63.834  -4.217  19.855 0.2222220004
70551  61.009  -5.228  20.504 0.4444440007
69574  63.827  -4.955  19.951 0.2222220004
69587  60.253  -5.609  19.329 0.4444440007
69588  59.878  -5.526  18.688 0.4444440007
69597  59.482  -5.307  17.943 0.5555559993
70584  59.955  -4.979  17.350 0.5555559993
70591  60.611  -4.767  16.789 0.5555559993
70592  59.657  -5.048  16.401 0.5555559993
143725  58.831  -5.288  16.475 0.5555559993
70601  59.737  -5.133  15.369 0.5555559993
69624  58.961  -5.304  15.722 0.5555559993
69625  58.196  -5.397  16.030 0.4444440007
69638  56.727  -5.348  14.894 0.4444440007
69636  58.265  -5.431  15.137 0.4444440007
69637  57.480  -5.440  15.431 0.4444440007
69646  57.516  -5.392  14.542 0.4444440007
69635  59.053  -5.352  14.829 0.4444440007
69645  58.348  -5.381  14.233 0.4444440007
69644  59.173  -5.346  13.963 0.4444440007
71696  62.991  -3.789  21.525 0.3333329856
72786  63.275  -3.604  20.693 0.3333329856
71697  62.394  -3.902  21.315 0.4444440007
71703  63.767  -4.006  19.973 0.3333329856
70542  61.860  -4.357  21.808 0.4444440007
71713  64.143  -3.772  19.129 0.2222220004
70559  61.538  -4.650  19.992 0.4444440007
124568  64.124  -3.899  18.971 0.3333329856
70560  60.855  -5.229  19.632 0.4444440007
121471  64.303  -4.304  18.528 0.1111110002
70561  60.586  -5.177  18.844 0.4444440007
70572  60.901  -4.854  18.338 0.4444440007
70573  60.241  -5.074  18.135 0.5555559993
70583  60.787  -4.787  17.643 0.5555559993
70600  60.517  -4.841  15.856 0.5555559993
119284  61.262  -4.669  15.350 0.5555559993
70608  61.916  -4.493  14.720 0.5555559993
139687  61.169  -4.855  14.573 0.5555559993
70610  59.784  -5.238  14.494 0.4444440007
143661  60.243  -5.182  14.253 0.4444440007
70609  60.696  -5.093  14.031 0.5555559993
70617  61.435  -4.878  13.900 0.5555559993
71705  62.841  -3.539  20.786 0.3333329856
71706  62.160  -3.902  20.459 0.3333329856
72793  63.060  -3.295  20.330 0.3333329856
72792  63.483  -3.406  19.925 0.3333329856
71726  62.696  -3.416  19.198 0.4444440007
71715  62.009  -3.929  19.554 0.4444440007
72799  64.072  -3.284  18.968 0.3333329856
72813  63.412  -2.947  18.928 0.4444440007
71727  62.035  -3.906  18.626 0.4444440007
134180  61.376  -4.656  19.002 0.4444440007
71725  64.214  -3.440  18.633 0.3333329856
72821  63.533  -2.914  18.031 0.4444440007
70570  64.484  -3.705  17.594 0.3333329856
71740  62.859  -3.192  17.384 0.4444440007
71736  62.132  -3.863  17.701 0.4444440007
70582  61.468  -4.448  18.080 0.4444440007
72829  63.623  -2.867  17.133 0.4444440007
125093  62.974  -3.135  16.517 0.4444440007
70590  61.443  -4.401  17.188 0.4444440007
71741  62.198  -3.846  16.677 0.4444440007
71748  61.961  -4.171  15.698 0.5555559993
70607  62.133  -4.559  13.902 0.4444440007
71766  62.641  -4.215  13.328 0.4444440007
70616  61.825  -4.814  13.173 0.5555559993
72810  64.392  -3.431  17.878 0.3333329856
72820  64.155  -2.916  17.740 0.4444440007
72819  64.537  -3.248  17.233 0.3333329856
72818  64.737  -3.351  16.475 0.3333329856
71739  64.826  -3.508  16.306 0.3333329856
129370  62.555  -3.677  15.962 0.4444440007
71747  63.120  -3.209  15.703 0.4444440007
128124  62.569  -3.858  15.213 0.4444440007
71755  62.621  -4.030  14.336 0.4444440007
72828  64.328  -2.854  16.778 0.4444440007
72836  63.731  -2.859  16.251 0.4444440007
72827  64.789  -3.131  16.136 0.3333329856
136357  65.341  -3.141  14.951 0.3333329856
73945  65.074  -2.945  15.299 0.3333329856
72835  63.797  -2.863  15.371 0.4444440007
71754  63.185  -3.364  14.861 0.4444440007
71753  65.601  -3.344  13.738 0.2222220004
72845  63.807  -2.887  14.514 0.4444440007
71763  65.638  -3.627  13.180 0.2222220004
140033  63.781  -2.973  13.734 0.4444440007
72859  64.259  -2.801  13.079 0.4444440007
73953  65.104  -2.559  14.445 0.4444440007
72844  64.517  -2.726  14.954 0.4444440007
73952  65.411  -2.762  13.803 0.4444440007
72858  64.463  -2.667  14.072 0.4444440007
72872  64.819  -2.584  12.592 0.4444440007
25557  6.184  -46.636  50.636 0.2222220004
28711  8.371  -44.651  53.497 0.4444440007
25550  7.324  -46.689  51.450 0.2222220004
29718  9.391  -43.650  53.409 0.6666669846
28702  11.240  -44.055  55.767 0.4444440007
27663  15.120  -45.210  55.005 0.1111110002
26573  14.862  -46.198  54.893 0.1111110002
27664  14.267  -45.664  55.380 0.1111110002
29707  11.743  -43.380  55.800 0.3333329856
132746  10.567  -44.314  55.404 0.4444440007
28707  9.262  -45.140  54.542 0.4444440007
30702  10.985  -42.985  54.765 0.4444440007
30707  10.733  -42.783  53.996 0.6666669846
133696  8.659  -45.086  53.994 0.4444440007
128532  8.619  -46.116  53.383 0.3333329856
26585  8.352  -46.411  52.775 0.3333329856
34496  18.827  -37.678  54.100 0.2222220004
35382  18.765  -37.566  54.422 0.2222220004
30699  13.215  -42.322  56.115 0.3333329856
31721  14.074  -42.148  56.462 0.2222220004
30710  11.421  -42.654  53.485 0.6666669846
30714  11.398  -42.882  52.562 0.5555559993
134743  10.746  -43.211  52.293 0.5555559993
27674  8.218  -45.498  53.416 0.4444440007
26594  7.786  -46.336  52.364 0.3333329856
121222  6.847  -46.235  51.638 0.2222220004
26596  6.320  -45.868  51.735 0.4444440007
25556  6.819  -46.892  50.705 0.2222220004
36298  17.064  -36.920  52.692 0.4444440007
31719  16.074  -41.832  56.733 0.1111110002
31724  13.694  -41.751  55.800 0.3333329856
135743  17.561  -36.038  50.411 0.5555559993
31728  13.529  -41.559  54.736 0.5555559993
29720  7.512  -44.182  52.401 0.5555559993
28712  7.752  -44.829  53.007 0.4444440007
29711  17.463  -42.912  53.730 0.1111110002
34495  17.068  -38.623  55.227 0.2222220004
30698  17.554  -41.819  55.360 0.1111110002
30692  16.764  -41.694  56.353 0.2222220004
32699  16.444  -41.111  56.549 0.2222220004
139408  16.264  -38.263  53.413 0.3333329856
32698  17.098  -40.697  56.362 0.2222220004
32703  15.092  -40.847  55.605 0.4444440007
36326  18.336  -35.806  50.525 0.5555559993
35418  16.329  -37.065  51.087 0.4444440007
37343  16.990  -36.003  49.008 0.6666669846
136210  16.402  -36.610  49.232 0.4444440007
139830  15.912  -37.074  49.381 0.4444440007
32705  15.725  -40.184  54.879 0.3333329856
33626  15.882  -39.530  54.048 0.3333329856
37393  16.976  -35.903  46.141 0.5555559993
141717  19.135  -34.966  47.423 0.5555559993
32725  14.738  -40.543  49.340 0.5555559993
34578  14.554  -38.821  45.379 0.6666669846
38428  18.860  -34.930  45.823 0.6666669846
38412  20.615  -34.737  47.339 0.6666669846
38456  19.814  -34.456  44.939 0.5555559993
129154  18.839  -34.447  42.184 0.6666669846
137604  16.179  -35.999  40.526 0.4444440007
128181  17.761  -34.820  40.104 0.3333329856
39463  21.847  -33.905  44.284 0.6666669846
39478  20.746  -33.726  43.216 0.6666669846
121670  20.522  -33.682  42.682 0.6666669846
39511  19.204  -33.930  40.950 0.5555559993
38531  17.445  -34.670  39.316 0.3333329856
39509  20.525  -33.353  41.076 0.6666669846
41393  28.667  -31.757  49.047 0.6666669846
41407  29.099  -31.361  48.556 0.7777780294
120004  30.106  -30.750  48.031 0.6666669846
42479  28.963  -30.941  47.194 0.8888890147
41431  28.261  -31.264  46.706 0.8888890147
41423  27.793  -31.767  47.101 0.6666669846
41433  27.153  -31.823  46.057 0.7777780294
40452  26.714  -32.378  46.213 0.7777780294
120818  27.572  -30.684  44.373 0.7777780294
41452  26.690  -31.632  44.628 0.7777780294
39447  24.949  -33.883  45.254 0.7777780294
142711  25.198  -33.007  44.304 0.7777780294
39507  22.227  -33.218  41.536 0.7777780294
42463  30.713  -30.685  48.416 0.6666669846
139344  29.854  -28.576  43.055 0.8888890147
42518  27.397  -30.517  43.582 0.6666669846
43642  28.217  -29.139  42.127 0.6666669846
44764  28.602  -28.380  41.108 0.7777780294
43657  27.906  -28.861  40.831 0.7777780294
40499  24.424  -32.552  42.238 0.7777780294
42537  26.988  -30.115  40.821 0.6666669846
44794  27.730  -28.720  39.926 0.6666669846
40512  23.514  -32.661  41.195 0.7777780294
122134  30.835  -25.697  38.050 0.5555559993
44810  27.993  -27.621  38.548 0.5555559993
43539  32.843  -29.879  49.243 0.3333329856
45949  31.091  -27.786  42.861 0.8888890147
47220  31.924  -26.374  40.590 0.8888890147
47233  32.524  -26.389  39.614 0.8888890147
47262  30.554  -25.678  37.418 0.4444440007
47248  29.179  -26.397  38.065 0.5555559993
47281  31.560  -26.339  36.543 0.4444440007
47283  29.250  -25.725  36.837 0.4444440007
47264  28.779  -26.333  37.367 0.5555559993
47284  28.450  -26.168  36.654 0.5555559993
48475  29.563  -25.345  36.198 0.4444440007
130005  35.342  -27.660  44.970 0.6666669846
45961  32.652  -26.911  42.454 0.7777780294
47197  32.628  -26.692  41.699 0.7777780294
45977  33.884  -26.834  41.160 0.7777780294
46016  33.055  -27.247  38.506 0.8888890147
45990  34.114  -27.355  40.422 0.7777780294
46033  32.695  -27.113  37.771 0.7777780294
46052  32.199  -26.986  36.274 0.4444440007
120282  31.101  -26.091  35.917 0.4444440007
44661  34.043  -28.908  49.151 0.3333329856
45960  34.642  -27.082  43.230 0.8888890147
44777  34.910  -28.074  40.300 0.7777780294
44776  35.653  -28.219  40.568 0.8888890147
44807  35.099  -28.029  38.166 0.8888890147
46049  35.729  -26.899  36.886 0.5555559993
44658  36.688  -28.130  49.129 0.3333329856
44714  38.539  -28.678  44.611 0.7777780294
44733  35.435  -27.580  43.369 0.7777780294
44732  36.193  -28.201  43.067 0.7777780294
44775  36.188  -28.168  40.538 0.8888890147
43536  36.693  -28.623  49.040 0.2222220004
47086  37.219  -27.310  48.959 0.3333329856
45892  37.362  -27.008  47.311 0.5555559993
45891  38.156  -27.072  47.447 0.4444440007
47087  36.555  -27.074  48.987 0.5555559993
45894  36.043  -27.106  47.761 0.6666669846
45893  36.609  -27.182  47.122 0.5555559993
45918  37.420  -27.920  45.918 0.6666669846
45973  38.146  -27.277  41.195 0.8888890147
47232  38.050  -26.620  39.893 0.8888890147
48449  38.052  -25.901  37.924 0.8888890147
47084  38.756  -27.325  48.892 0.4444440007
142707  39.534  -27.312  47.662 0.6666669846
44698  38.906  -28.558  45.421 0.7777780294
44713  39.506  -28.474  44.708 0.7777780294
45942  40.305  -27.569  43.594 0.8888890147
45890  39.631  -27.599  46.937 0.6666669846
44697  39.634  -28.464  45.532 0.7777780294
45929  40.313  -28.046  44.469 0.7777780294
128236  41.481  -25.534  41.656 1.0000000000
49607  40.434  -24.501  37.341 0.8888890147
47130  41.332  -26.964  47.775 0.3333329856
47177  42.205  -26.522  44.334 0.6666669846
49560  42.946  -24.889  42.068 0.8888890147
51871  43.031  -23.130  38.124 1.0000000000
143772  41.653  -27.031  49.172 0.3333329856
48354  43.117  -25.408  45.191 0.5555559993
131296  43.589  -24.737  44.693 0.5555559993
138769  44.735  -23.659  42.835 0.8888890147
50684  44.627  -23.550  41.349 0.8888890147
50618  43.939  -23.637  46.125 0.3333329856
51774  44.794  -22.453  45.072 0.4444440007
51842  45.521  -22.559  40.482 0.8888890147
51794  44.962  -22.744  44.077 0.5555559993
51815  45.730  -22.563  42.244 0.7777780294
52897  46.056  -21.972  40.445 0.8888890147
57153  42.866  -17.236  34.829 1.0000000000
52884  46.477  -21.703  41.178 0.8888890147
56195  45.904  -18.724  37.946 0.8888890147
125425  42.068  -12.930  35.890 1.0000000000
58973  45.013  -15.890  38.727 0.7777780294
62053  43.084  -12.741  38.035 0.7777780294
61157  37.292  -13.457  27.295 0.3333329856
61141  38.287  -13.362  28.343 0.5555559993
61185  37.226  -13.362  25.740 0.2222220004
58058  46.957  -16.657  40.260 0.5555559993
58949  46.131  -15.226  39.851 0.5555559993
60943  45.035  -13.580  40.107 0.6666669846
63057  44.567  -11.806  39.483 0.4444440007
127434  42.915  -12.014  33.681 1.0000000000
141066  42.470  -12.410  33.312 1.0000000000
61203  35.713  -12.997  24.976 0.1111110002
58947  47.882  -15.355  40.336 0.5555559993
63041  44.868  -11.795  40.221 0.5555559993
63011  47.019  -11.351  42.239 0.4444440007
64106  46.761  -10.859  41.712 0.4444440007
63024  46.249  -11.626  41.700 0.5555559993
139218  48.089  -9.972  42.033 0.3333329856
65203  49.040  -9.517  41.474 0.2222220004
64117  45.973  -10.842  40.211 0.3333329856
64124  46.664  -10.300  39.741 0.3333329856
64147  44.885  -11.361  37.213 0.5555559993
64201  44.282  -11.237  34.410 0.8888890147
63248  43.108  -11.785  27.884 0.8888890147
62203  40.769  -12.654  27.620 0.5555559993
62215  40.563  -12.702  26.584 0.5555559993
123452  41.264  -12.639  25.847 0.5555559993
129290  37.821  -13.268  25.280 0.2222220004
134814  46.691  -12.299  42.002 0.4444440007
63053  51.100  -10.882  39.816 0.1111110002
64122  49.708  -10.198  40.344 0.1111110002
65210  48.805  -9.549  40.912 0.1111110002
64103  49.406  -9.794  41.778 0.2222220004
63070  50.863  -11.214  39.109 0.1111110002
63071  49.813  -11.184  39.003 0.1111110002
64216  44.015  -11.002  33.096 0.8888890147
63169  43.403  -11.550  32.117 1.0000000000
120516  43.388  -12.325  26.119 0.5555559993
62226  42.939  -12.561  25.267 0.2222220004
60903  48.262  -13.192  41.556 0.4444440007
60902  49.374  -13.129  41.718 0.4444440007
61974  48.144  -11.643  42.536 0.4444440007
61972  49.841  -11.453  42.137 0.3333329856
64135  48.331  -10.313  39.256 0.1111110002
62036  50.311  -11.848  38.391 0.1111110002
62037  49.202  -11.824  38.352 0.1111110002
62050  48.601  -12.404  37.739 0.1111110002
64179  45.586  -10.487  35.775 0.4444440007
126803  45.693  -9.749  34.800 0.6666669846
65283  45.357  -9.934  34.229 0.7777780294
65311  46.590  -9.398  32.310 0.7777780294
64244  45.251  -10.215  31.367 0.8888890147
64280  45.173  -10.984  29.535 1.0000000000
61991  51.287  -11.485  41.056 0.2222220004
62052  46.686  -11.849  37.274 0.1111110002
63073  47.761  -10.788  38.518 0.1111110002
65344  48.307  -10.197  31.032 0.8888890147
67461  51.750  -7.739  35.081 0.2222220004
67459  53.415  -7.689  36.026 0.2222220004
123446  51.112  -8.878  33.652 0.5555559993
67462  50.677  -7.828  34.763 0.3333329856
66419  50.566  -8.526  33.960 0.5555559993
126909  49.806  -8.646  33.725 0.5555559993
67463  49.689  -7.604  34.831 0.3333329856
139760  48.159  -7.846  34.722 0.5555559993
66432  53.079  -8.715  34.281 0.3333329856
65294  51.250  -9.307  33.214 0.5555559993
66433  51.975  -8.941  33.701 0.3333329856
65307  49.998  -9.642  32.558 0.5555559993
66449  48.659  -8.941  32.913 0.6666669846
65322  52.309  -10.261  32.120 0.6666669846
65325  49.597  -9.983  31.826 0.7777780294
63244  46.762  -11.775  27.603 1.0000000000
67431  47.879  -7.822  37.477 0.3333329856
68439  49.915  -6.772  36.486 0.3333329856
125064  48.233  -7.551  35.535 0.5555559993
68421  52.139  -7.190  36.701 0.2222220004
136467  55.162  -9.146  35.789 0.2222220004
65292  54.575  -9.133  34.012 0.3333329856
132879  55.387  -9.353  34.070 0.3333329856
65281  55.871  -9.586  35.440 0.3333329856
63243  48.413  -11.745  27.695 1.0000000000
63220  47.627  -11.681  28.178 1.0000000000
63261  47.280  -11.662  26.101 0.8888890147
63275  45.734  -11.971  25.643 0.4444440007
64353  47.435  -10.587  24.538 0.6666669846
62253  44.142  -12.124  23.885 0.3333329856
64209  57.530  -10.711  33.832 0.3333329856
65290  56.810  -10.189  34.002 0.3333329856
64227  54.196  -10.338  32.356 0.4444440007
63198  52.013  -11.791  29.002 1.0000000000
65448  49.411  -9.427  23.587 0.7777780294
65449  48.569  -9.513  23.348 0.6666669846
66569  49.664  -8.838  22.179 0.3333329856
64225  56.335  -10.361  32.800 0.5555559993
129171  56.124  -10.938  31.128 0.5555559993
63196  54.142  -11.505  29.267 0.8888890147
63197  53.327  -11.644  29.288 0.8888890147
64339  51.360  -9.961  25.744 1.0000000000
65413  51.749  -9.578  25.279 1.0000000000
64253  56.763  -10.810  30.855 0.4444440007
64289  55.322  -10.878  28.811 0.7777780294
142453  54.837  -11.272  29.264 0.7777780294
65398  53.654  -9.701  26.314 1.0000000000
66545  53.557  -8.575  24.421 0.7777780294
65354  58.742  -9.424  30.062 0.5555559993
65355  57.841  -9.766  29.862 0.6666669846
65341  58.383  -10.109  30.674 0.3333329856
66491  56.172  -9.387  27.911 1.0000000000
66566  52.254  -8.418  22.489 0.5555559993
66609  50.554  -8.430  19.438 0.2222220004
141739  57.724  -8.735  28.786 0.7777780294
66489  57.760  -8.182  28.270 0.7777780294
67504  58.451  -7.735  28.301 0.6666669846
67547  56.012  -7.882  25.110 0.6666669846
67533  57.473  -7.383  26.104 0.6666669846
67590  54.680  -7.803  21.545 0.6666669846
67555  57.380  -7.512  23.917 0.6666669846
68540  59.245  -6.610  24.305 0.5555559993
127432  62.412  -6.107  24.836 0.2222220004
68560  58.697  -6.965  22.859 0.6666669846
136284  57.763  -6.816  20.001 0.5555559993
127496  59.915  -6.261  23.049 0.5555559993
68548  62.785  -6.832  23.574 0.2222220004
139672  62.963  -6.375  22.917 0.2222220004
69566  60.552  -5.800  21.621 0.5555559993
71684  62.810  -4.287  22.298 0.3333329856
143745  60.025  -5.984  20.698 0.5555559993
69576  60.274  -5.795  20.124 0.5555559993
139836  56.832  -5.427  15.685 0.4444440007
70526  61.933  -4.455  23.473 0.3333329856
70532  61.961  -4.297  22.689 0.4444440007
72800  63.762  -3.170  19.308 0.4444440007
70599  61.358  -4.483  16.274 0.5555559993
125253  60.479  -4.984  14.848 0.5555559993
71714  62.693  -3.501  20.026 0.3333329856
71735  62.776  -3.296  18.307 0.4444440007
71765  63.250  -3.501  13.989 0.4444440007
128735  65.463  -3.436  14.510 0.2222220004
73967  64.952  -2.471  13.565 0.4444440007
27678  5.792  -45.310  51.776 0.2222220004
28716  6.127  -44.689  52.059 0.4444440007
29726  5.657  -43.879  52.025 0.3333329856
29732  6.113  -43.175  52.083 0.1111110002
30723  5.738  -42.346  51.888 0.1111110002
29731  7.050  -43.452  52.068 0.2222220004
30722  6.741  -42.486  51.808 0.2222220004
31742  6.894  -41.485  51.435 0.1111110002
29725  6.555  -44.030  52.140 0.3333329856
30721  7.785  -43.214  51.398 0.2222220004
30732  7.549  -42.297  51.081 0.2222220004
32714  6.986  -40.583  51.187 0.1111110002
31749  8.016  -42.021  50.278 0.1111110002
31750  7.384  -41.308  50.769 0.2222220004
30738  8.599  -42.488  49.767 0.2222220004
30731  8.264  -42.905  50.473 0.2222220004
31755  8.263  -41.636  49.585 0.1111110002
31756  7.721  -41.073  50.062 0.1111110002
133414  7.938  -40.851  49.519 0.1111110002
29739  8.701  -43.389  50.764 0.4444440007
143626  9.186  -42.709  49.466 0.3333329856
29744  8.930  -43.154  50.026 0.2222220004
29743  9.822  -43.104  49.804 0.3333329856
30737  9.821  -42.595  49.053 0.2222220004
30745  8.955  -42.072  49.015 0.1111110002
31768  9.690  -41.834  47.650 0.1111110002
31760  9.000  -41.525  48.210 0.1111110002
31761  8.349  -41.148  48.915 0.1111110002
128151  9.260  -40.938  47.586 0.1111110002
31767  10.002  -41.251  47.103 0.1111110002
32740  9.038  -40.096  47.585 0.1111110002
32731  8.633  -40.363  48.313 0.1111110002
33673  9.873  -39.741  46.460 0.1111110002
32747  9.538  -40.354  47.026 0.1111110002
30736  10.646  -42.734  49.295 0.5555559993
30743  10.466  -42.530  48.510 0.4444440007
143793  10.254  -42.348  47.880 0.1111110002
30742  11.298  -42.532  48.744 0.4444440007
31773  10.871  -41.496  46.802 0.2222220004
32746  10.321  -40.755  46.510 0.1111110002
33672  10.386  -39.533  45.837 0.1111110002
34566  9.912  -38.822  46.257 0.1111110002
30720  10.918  -43.118  50.886 0.4444440007
30729  11.592  -42.778  50.408 0.5555559993
30730  10.762  -43.004  50.068 0.4444440007
30735  11.457  -42.680  49.572 0.5555559993
31765  12.468  -41.757  47.567 0.4444440007
31759  11.914  -42.254  48.163 0.4444440007
125590  11.558  -41.901  47.316 0.4444440007
31771  12.162  -41.495  46.740 0.4444440007
31772  11.547  -41.468  46.610 0.3333329856
32745  11.147  -41.102  46.153 0.2222220004
31776  11.870  -41.175  46.052 0.4444440007
32752  11.500  -40.645  45.567 0.1111110002
33684  10.989  -39.879  45.298 0.1111110002
32751  12.239  -40.696  45.479 0.2222220004
34580  10.478  -38.829  45.415 0.1111110002
30734  12.243  -42.502  49.921 0.5555559993
31748  12.894  -42.239  50.213 0.4444440007
31754  12.870  -42.072  49.504 0.5555559993
121084  12.841  -41.858  48.546 0.4444440007
31764  13.301  -41.431  47.787 0.4444440007
32744  12.552  -41.029  46.170 0.4444440007
33692  11.875  -39.386  44.231 0.3333329856
34594  11.410  -38.875  44.196 0.1111110002
35516  11.879  -37.294  42.950 0.1111110002
121569  13.550  -41.856  50.024 0.4444440007
32730  13.979  -40.919  48.092 0.4444440007
31753  13.610  -41.643  49.209 0.5555559993
32738  13.656  -40.803  47.267 0.4444440007
32743  13.306  -40.715  46.422 0.4444440007
125192  13.638  -40.223  45.962 0.5555559993
33682  13.458  -39.967  45.285 0.4444440007
33683  12.688  -40.184  44.961 0.4444440007
34607  13.399  -38.745  43.372 0.3333329856
33696  12.987  -39.248  43.883 0.4444440007
33691  12.486  -39.637  44.383 0.4444440007
34606  14.083  -38.546  43.590 0.3333329856
34620  13.155  -38.382  42.704 0.3333329856
34608  12.673  -38.774  43.327 0.3333329856
35525  14.154  -37.419  41.537 0.4444440007
35514  13.505  -37.862  42.022 0.3333329856
35515  12.796  -37.994  42.253 0.2222220004
34621  12.639  -38.288  42.822 0.1111110002
35540  14.148  -36.919  40.912 0.3333329856
122465  12.261  -37.341  42.281 0.1111110002
35526  13.521  -37.193  41.326 0.2222220004
36431  12.204  -36.569  41.883 0.1111110002
129632  13.285  -42.011  50.797 0.4444440007
32726  14.184  -41.057  48.903 0.4444440007
33661  14.657  -39.673  47.302 0.5555559993
33662  14.090  -40.136  46.709 0.5555559993
34579  13.916  -39.339  44.917 0.5555559993
34593  13.634  -39.051  44.116 0.3333329856
35513  14.296  -37.792  42.259 0.4444440007
35524  14.728  -37.352  41.861 0.3333329856
125441  15.310  -36.700  41.004 0.3333329856
36442  14.753  -37.044  41.209 0.3333329856
36453  14.766  -36.535  40.481 0.3333329856
37472  14.395  -35.960  40.014 0.3333329856
36454  14.083  -36.408  40.439 0.2222220004
37454  12.980  -35.745  41.017 0.2222220004
36462  15.158  -35.977  39.829 0.3333329856
142586  14.054  -35.256  39.969 0.2222220004
37485  14.695  -35.309  39.602 0.2222220004
37483  16.411  -35.293  39.502 0.3333329856
37471  15.923  -35.818  39.865 0.3333329856
38532  16.846  -34.896  39.223 0.2222220004
37484  15.573  -35.216  39.330 0.2222220004
38534  14.893  -34.445  39.317 0.1111110002
124732  27.390  -27.900  37.127 0.3333329856
123997  27.058  -28.745  37.081 0.3333329856
38553  16.966  -34.415  38.693 0.2222220004
38554  16.299  -34.208  38.687 0.2222220004
39543  15.145  -33.593  39.141 0.1111110002
46035  27.920  -26.982  37.094 0.4444440007
44829  26.982  -28.266  36.390 0.3333329856
47285  27.778  -26.670  36.266 0.3333329856
44842  26.960  -27.804  35.864 0.3333329856
44843  26.652  -28.426  35.593 0.3333329856
47304  28.143  -25.843  35.892 0.3333329856
46070  27.269  -27.073  35.659 0.3333329856
46088  26.907  -26.979  34.940 0.3333329856
46089  26.393  -27.392  34.340 0.2222220004
47305  27.483  -26.248  35.159 0.3333329856
46071  26.719  -27.703  35.178 0.2222220004
47325  26.885  -26.492  34.301 0.2222220004
42542  26.384  -30.713  40.419 0.5555559993
43680  26.894  -30.016  39.888 0.5555559993
43679  27.267  -29.263  39.477 0.4444440007
42549  26.366  -30.508  39.412 0.4444440007
43689  26.852  -29.830  38.960 0.4444440007
44811  27.606  -28.316  38.764 0.4444440007
43688  27.241  -29.037  38.594 0.4444440007
43698  26.784  -29.706  38.057 0.4444440007
42557  26.336  -30.373  38.473 0.4444440007
42558  25.659  -30.841  38.035 0.4444440007
43697  27.077  -29.094  37.754 0.3333329856
44822  27.421  -28.321  37.956 0.4444440007
127206  26.686  -29.519  37.140 0.3333329856
42565  26.281  -30.252  37.507 0.3333329856
38552  17.823  -34.155  38.799 0.2222220004
42576  26.084  -30.035  36.390 0.3333329856
42577  25.362  -30.639  36.298 0.2222220004
39562  17.405  -33.744  38.236 0.2222220004
43707  26.606  -29.137  36.164 0.3333329856
43719  26.012  -29.571  35.467 0.3333329856
121742  26.332  -29.000  35.310 0.2222220004
43734  25.864  -29.167  34.811 0.2222220004
43720  25.506  -29.673  34.933 0.2222220004
48476  28.852  -25.501  36.272 0.3333329856
48493  28.117  -25.526  35.123 0.3333329856
47324  30.638  -25.874  35.129 0.3333329856
48492  28.887  -25.173  35.546 0.3333329856
48513  27.557  -25.587  34.209 0.2222220004
48511  29.345  -25.083  34.637 0.3333329856
48512  28.499  -25.103  34.547 0.2222220004
48532  28.080  -24.904  33.568 0.2222220004
41465  26.292  -31.279  42.833 0.6666669846
41466  25.584  -31.744  42.540 0.6666669846
40510  25.000  -32.034  41.969 0.5555559993
41472  26.150  -31.210  42.000 0.6666669846
41474  25.033  -31.828  41.336 0.4444440007
41482  24.778  -31.833  40.691 0.4444440007
42543  25.871  -31.045  39.791 0.4444440007
40524  23.990  -32.300  40.522 0.4444440007
42550  25.806  -30.879  38.962 0.4444440007
127014  24.740  -31.522  38.874 0.4444440007
41489  24.538  -31.798  39.761 0.4444440007
40538  23.996  -31.901  39.004 0.2222220004
135419  23.621  -31.959  38.397 0.3333329856
41506  25.148  -31.112  37.386 0.2222220004
41495  24.268  -31.653  38.278 0.2222220004
42566  25.701  -30.658  37.051 0.2222220004
41507  24.472  -31.461  37.506 0.2222220004
41508  23.711  -31.798  37.684 0.2222220004
39542  18.651  -33.783  39.066 0.2222220004
120206  23.901  -31.591  36.793 0.2222220004
39561  18.234  -33.573  38.265 0.2222220004
42589  25.393  -30.212  35.430 0.2222220004
41520  24.728  -31.177  36.634 0.2222220004
42602  24.938  -29.966  34.687 0.2222220004
42578  24.761  -30.822  35.660 0.2222220004
42603  24.124  -30.305  34.508 0.2222220004
40488  25.255  -32.321  43.228 0.7777780294
40511  24.373  -32.296  41.401 0.5555559993
40525  23.137  -32.587  40.430 0.3333329856
128432  23.583  -32.280  39.724 0.3333329856
128412  23.170  -32.252  38.952 0.3333329856
40540  21.945  -32.695  39.384 0.3333329856
127442  22.340  -32.495  38.811 0.2222220004
120718  22.875  -32.222  38.017 0.3333329856
40567  22.222  -32.307  37.196 0.2222220004
39579  18.621  -33.046  37.670 0.2222220004
40571  18.192  -32.570  37.195 0.2222220004
40566  23.054  -31.962  36.993 0.2222220004
123279  18.973  -32.547  37.094 0.2222220004
41535  23.410  -31.296  35.243 0.2222220004
40582  22.433  -32.071  36.244 0.2222220004
40599  21.850  -31.960  35.582 0.1111110002
41549  22.728  -31.062  34.744 0.2222220004
40526  22.503  -32.768  40.401 0.4444440007
40553  21.504  -32.658  38.696 0.2222220004
40554  20.664  -32.859  38.853 0.3333329856
39540  20.347  -33.135  39.610 0.3333329856
39541  19.508  -33.449  39.398 0.2222220004
39559  19.957  -33.111  38.902 0.2222220004
120955  21.981  -32.480  38.051 0.2222220004
142303  21.464  -32.562  38.063 0.1111110002
134084  20.153  -32.605  37.434 0.1111110002
40570  19.418  -32.819  37.621 0.1111110002
40568  21.481  -32.475  37.469 0.1111110002
40583  21.511  -32.322  36.459 0.1111110002
40569  20.820  -32.467  37.046 0.1111110002
40585  19.457  -32.187  36.538 0.2222220004
128048  22.091  -31.482  35.038 0.2222220004
41537  21.419  -31.549  35.103 0.2222220004
41538  20.619  -31.491  35.269 0.1111110002
41550  21.879  -31.032  34.697 0.2222220004
41551  21.110  -30.958  34.790 0.2222220004
48473  37.685  -25.864  37.230 0.4444440007
49608  39.718  -24.730  36.969 0.5555559993
49599  39.843  -24.985  37.710 0.7777780294
49617  40.337  -24.283  36.523 0.5555559993
48460  39.175  -25.232  37.370 0.7777780294
132221  38.386  -25.512  37.094 0.4444440007
48472  39.045  -25.056  36.596 0.3333329856
49618  39.638  -24.593  36.144 0.4444440007
49619  38.949  -24.877  35.786 0.3333329856
49628  39.454  -24.384  35.324 0.3333329856
49629  38.764  -24.729  34.988 0.3333329856
50733  41.078  -23.930  36.965 0.6666669846
119507  40.822  -23.692  36.074 0.5555559993
50741  40.591  -23.423  35.226 0.4444440007
49627  40.167  -24.075  35.678 0.4444440007
50753  40.331  -23.103  34.377 0.4444440007
136456  39.598  -23.508  33.907 0.3333329856
49637  39.199  -24.173  34.478 0.2222220004
135330  39.498  -23.159  33.089 0.3333329856
50754  38.905  -23.997  33.630 0.2222220004
128302  41.695  -23.456  37.070 0.7777780294
50740  41.247  -23.060  35.591 0.5555559993
51914  40.975  -22.720  34.783 0.4444440007
50767  40.103  -22.788  33.569 0.3333329856
51948  39.902  -22.387  32.775 0.2222220004
135250  42.076  -22.904  36.756 0.6666669846
50732  41.466  -23.297  36.408 0.5555559993
51899  41.810  -22.609  35.985 0.5555559993
51929  41.307  -22.003  34.404 0.4444440007
51930  40.694  -22.405  34.016 0.4444440007
51947  40.447  -22.167  33.368 0.2222220004
53027  39.810  -21.665  32.311 0.2222220004
51898  42.396  -22.189  36.360 0.6666669846
51913  41.579  -22.331  35.183 0.5555559993
51912  42.129  -21.933  35.604 0.4444440007
52997  40.892  -21.694  33.719 0.1111110002
52979  42.345  -21.243  35.365 0.6666669846
52995  42.066  -20.836  34.805 0.6666669846
52996  41.453  -21.080  34.180 0.5555559993
52964  42.631  -21.520  36.015 0.7777780294
54042  42.817  -20.819  35.755 0.6666669846
54059  42.302  -20.255  34.930 0.6666669846
132413  41.811  -20.079  34.390 0.5555559993
55165  42.379  -19.618  34.853 0.7777780294
55172  40.750  -19.533  33.308 0.3333329856
55171  41.344  -19.348  33.902 0.5555559993
56249  40.408  -18.811  32.900 0.4444440007
56240  40.959  -18.623  33.473 0.4444440007
56250  39.909  -18.908  32.316 0.3333329856
56259  39.464  -18.937  31.660 0.1111110002
133496  41.983  -19.116  34.397 0.6666669846
57173  40.661  -17.945  32.949 0.5555559993
130554  40.225  -18.221  32.465 0.3333329856
57184  39.834  -18.133  31.891 0.2222220004
56270  39.361  -18.150  31.145 0.2222220004
62158  40.490  -13.027  30.364 0.7777780294
62159  39.693  -13.371  30.866 0.7777780294
61140  39.089  -13.370  29.526 0.7777780294
61123  37.460  -13.671  29.255 0.7777780294
61124  36.441  -13.952  29.948 0.4444440007
138006  35.933  -14.001  29.379 0.3333329856
61145  35.072  -14.161  28.156 0.2222220004
57190  39.820  -17.274  31.399 0.3333329856
57183  40.389  -17.336  32.200 0.6666669846
57198  39.256  -17.237  30.615 0.3333329856
129808  38.496  -14.776  31.775 0.7777780294
137712  37.307  -15.159  30.704 0.5555559993
58192  36.659  -16.378  29.471 0.2222220004
61066  38.060  -13.910  32.147 0.6666669846
60064  37.365  -13.964  31.569 0.5555559993
59065  36.557  -14.731  30.619 0.5555559993
59081  36.723  -15.164  30.430 0.2222220004
61121  38.956  -13.519  30.513 0.6666669846
61095  37.306  -13.932  31.036 0.6666669846
61097  36.401  -14.019  30.321 0.5555559993
61125  35.999  -14.315  29.838 0.2222220004
59053  39.131  -14.666  32.326 0.7777780294
140716  39.135  -16.492  30.658 0.4444440007
63281  46.799  -11.074  24.783 0.5555559993
63282  46.063  -11.340  24.463 0.4444440007
64354  46.667  -10.720  24.193 0.4444440007
135629  46.096  -10.834  23.853 0.4444440007
64365  44.214  -11.190  22.557 0.2222220004
136574  47.124  -10.280  23.855 0.5555559993
137828  45.422  -10.373  22.510 0.3333329856
128693  43.629  -10.940  21.972 0.2222220004
139071  46.214  -10.067  22.764 0.3333329856
140936  44.765  -10.662  22.343 0.2222220004
64389  43.430  -10.245  21.438 0.2222220004
135721  41.145  -8.631  22.121 0.1111110002
141411  41.424  -7.261  27.463 0.1111110002
66549  41.320  -8.109  24.569 0.1111110002
65451  47.100  -9.820  23.136 0.4444440007
65471  45.794  -9.785  21.838 0.2222220004
65484  43.684  -9.380  21.017 0.2222220004
66570  41.177  -7.881  22.116 0.1111110002
68481  42.620  -6.286  29.608 0.1111110002
67539  42.697  -7.508  26.555 0.1111110002
67506  42.155  -7.030  27.893 0.1111110002
141928  41.886  -7.702  26.116 0.1111110002
66548  42.045  -7.874  25.198 0.1111110002
67562  41.421  -8.080  23.701 0.1111110002
67574  41.522  -7.750  22.748 0.1111110002
65468  48.342  -9.270  22.536 0.4444440007
65470  46.710  -9.565  22.182 0.3333329856
65482  45.110  -9.641  21.207 0.2222220004
66581  41.597  -8.012  21.659 0.1111110002
67584  42.508  -7.287  21.977 0.1111110002
65480  46.890  -8.978  20.943 0.2222220004
140139  45.766  -9.345  21.109 0.2222220004
66600  43.860  -8.604  20.658 0.2222220004
135415  43.188  -7.945  20.832 0.1111110002
67592  43.194  -7.417  21.158 0.1111110002
134580  47.653  -8.821  20.819 0.2222220004
65493  46.189  -8.884  20.585 0.2222220004
66599  44.675  -8.501  20.338 0.2222220004
68593  43.630  -7.426  20.775 0.2222220004
66595  48.377  -8.650  20.233 0.2222220004
65492  46.935  -8.736  20.362 0.2222220004
66598  45.545  -8.378  19.969 0.2222220004
67606  44.102  -7.840  20.316 0.1111110002
29737  10.094  -43.386  50.605 0.4444440007
32737  14.381  -40.350  47.610 0.5555559993
34592  14.318  -38.689  44.479 0.5555559993
42538  26.582  -30.689  41.430 0.6666669846
58161  39.489  -16.399  31.085 0.6666669846
59054  37.841  -14.174  31.777 0.6666669846
59062  39.375  -15.442  31.593 0.7777780294
60060  37.939  -13.903  32.040 0.6666669846
65479  48.041  -9.042  21.735 0.2222220004
66579  48.603  -8.816  21.115 0.2222220004
137074  50.011  -8.639  20.811 0.2222220004
36452  15.552  -36.284  40.446 0.3333329856
48491  29.805  -25.300  35.422 0.3333329856
31743  6.158  -41.577  51.660 0.1111110002
32732  8.065  -40.170  49.202 0.1111110002
30744  9.630  -42.277  48.286 0.2222220004
33663  9.252  -39.496  47.253 0.1111110002
33651  8.894  -39.380  48.058 0.1111110002
30747  11.026  -42.417  47.936 0.4444440007
31766  10.581  -41.981  47.399 0.3333329856
32753  10.684  -40.349  45.897 0.1111110002
30741  12.120  -42.387  49.057 0.5555559993
130376  11.829  -40.084  44.834 0.2222220004
33693  11.231  -39.342  44.687 0.1111110002
34595  10.881  -38.448  44.697 0.1111110002
31758  13.631  -41.447  48.488 0.5555559993
32739  12.888  -41.212  46.982 0.4444440007
32750  12.991  -40.563  45.643 0.4444440007
34609  11.901  -38.829  43.722 0.1111110002
118942  11.386  -37.244  43.586 0.1111110002
35505  11.984  -38.119  43.240 0.1111110002
33690  13.201  -39.635  44.549 0.4444440007
33697  12.389  -39.188  43.890 0.3333329856
34619  13.820  -38.310  42.762 0.3333329856
35527  12.822  -37.371  41.720 0.1111110002
36443  13.526  -36.494  40.827 0.2222220004
36444  12.860  -36.570  41.313 0.2222220004
37473  13.640  -35.692  40.427 0.2222220004
38518  14.172  -34.472  39.805 0.1111110002
37498  16.291  -34.760  39.030 0.2222220004
38533  15.669  -34.336  38.969 0.2222220004
46053  27.367  -27.462  36.412 0.3333329856
39563  16.659  -33.750  38.338 0.2222220004
41480  26.037  -31.184  41.144 0.4444440007
41481  25.452  -31.512  40.911 0.4444440007
132895  25.324  -31.458  40.160 0.4444440007
134594  25.308  -31.196  38.675 0.4444440007
41494  24.961  -31.332  38.133 0.2222220004
39560  19.203  -33.272  38.420 0.2222220004
39580  17.793  -33.136  37.724 0.1111110002
41534  24.133  -30.906  35.084 0.2222220004
41548  23.531  -30.813  34.743 0.2222220004
40539  22.650  -32.564  39.688 0.3333329856
39539  21.248  -32.868  39.643 0.3333329856
41521  23.266  -31.705  36.053 0.2222220004
41536  22.637  -31.652  35.426 0.2222220004
40600  21.033  -32.080  35.663 0.1111110002
42605  22.400  -30.427  34.549 0.2222220004
120481  20.878  -32.633  37.978 0.1111110002
40555  20.038  -32.851  38.212 0.1111110002
119308  20.148  -32.391  36.683 0.1111110002
40601  20.138  -31.994  35.913 0.1111110002
42606  21.652  -30.386  34.649 0.1111110002
50742  39.894  -23.774  34.845 0.4444440007
62172  39.832  -13.228  29.918 0.7777780294
61122  38.048  -13.652  30.152 0.6666669846
61096  36.800  -13.899  30.816 0.4444440007
124259  37.123  -13.855  30.299 0.5555559993
61144  35.824  -13.872  28.495 0.2222220004
59064  37.199  -14.333  31.023 0.5555559993
59063  37.870  -15.012  31.184 0.5555559993
58162  38.773  -15.763  30.928 0.5555559993
59080  37.982  -15.906  30.311 0.4444440007
58177  36.259  -15.468  29.999 0.3333329856
58191  37.543  -16.589  29.562 0.3333329856
61094  38.054  -13.776  31.261 0.6666669846
60065  36.935  -14.052  30.939 0.5555559993
61068  37.158  -13.991  31.142 0.5555559993
59082  36.009  -15.016  30.053 0.2222220004
60079  36.161  -14.603  30.051 0.3333329856
58178  35.684  -15.250  29.764 0.2222220004
143685  35.722  -14.711  29.637 0.1111110002
64363  46.500  -10.370  23.527 0.4444440007
121922  45.779  -10.602  23.258 0.3333329856
64364  45.040  -10.927  22.986 0.3333329856
63292  45.459  -11.202  23.727 0.3333329856
64388  44.227  -10.581  21.857 0.2222220004
64379  42.887  -10.936  21.849 0.1111110002
64378  44.941  -10.189  21.814 0.2222220004
65483  44.329  -9.947  21.297 0.2222220004
65485  42.799  -9.310  21.201 0.2222220004
65472  41.904  -8.966  21.559 0.2222220004
64380  42.380  -10.046  21.553 0.2222220004
65452  40.671  -9.133  22.860 0.1111110002
119409  41.710  -6.737  28.713 0.1111110002
141406  42.051  -7.376  27.009 0.1111110002
66534  41.214  -7.918  25.390 0.1111110002
65469  47.548  -9.397  22.372 0.4444440007
68470  42.419  -6.147  30.376 0.1111110002
129898  40.997  -7.772  26.027 0.1111110002
67561  41.967  -7.951  24.434 0.1111110002
127040  42.184  -7.738  23.755 0.1111110002
65481  46.431  -9.286  21.367 0.2222220004
122661  47.213  -9.148  21.576 0.2222220004
65495  44.493  -9.230  20.813 0.2222220004
136852  43.159  -8.708  20.932 0.2222220004
66580  42.445  -8.359  21.238 0.2222220004
67585  41.792  -7.592  22.028 0.1111110002
67593  42.478  -7.663  21.501 0.1111110002
65494  45.290  -9.024  20.627 0.2222220004
38364  26.228  -34.570  50.656 0.4444440007
38355  25.723  -35.185  51.257 0.4444440007
40399  28.593  -32.710  51.507 0.3333329856
39378  26.743  -34.065  50.840 0.4444440007
38345  26.101  -35.393  51.996 0.3333329856
36307  25.686  -36.152  51.240 0.2222220004
40414  28.373  -32.164  49.443 0.6666669846
138664  27.562  -32.737  49.016 0.6666669846
36306  26.007  -36.560  51.924 0.2222220004
126202  30.732  -30.821  49.209 0.4444440007
41409  27.941  -32.012  47.891 0.7777780294
38366  25.008  -35.269  50.222 0.4444440007
38376  26.103  -34.505  49.900 0.4444440007
37324  25.418  -35.573  50.776 0.3333329856
125084  26.643  -33.830  49.297 0.4444440007
37312  25.788  -35.883  51.575 0.4444440007
36324  25.366  -36.050  50.680 0.3333329856
40428  27.502  -32.584  48.300 0.4444440007
36323  25.914  -36.623  51.241 0.2222220004
38377  25.251  -34.863  49.842 0.5555559993
39407  25.976  -34.424  49.033 0.5555559993
38390  25.054  -34.739  48.969 0.5555559993
40429  26.936  -33.017  47.910 0.5555559993
39423  25.735  -34.304  48.034 0.5555559993
39422  26.355  -33.558  47.469 0.5555559993
37355  22.632  -35.281  48.356 0.3333329856
37356  21.801  -35.412  48.237 0.3333329856
129894  21.330  -36.216  48.449 0.3333329856
36357  20.924  -36.788  48.951 0.3333329856
37325  20.256  -36.432  50.152 0.3333329856
36325  20.350  -36.979  50.747 0.3333329856
37326  19.992  -36.221  50.804 0.3333329856
38379  23.843  -35.083  49.150 0.4444440007
38392  23.146  -34.918  48.605 0.4444440007
38393  22.288  -34.909  48.107 0.3333329856
136425  21.217  -35.278  48.328 0.3333329856
38391  24.030  -34.821  48.848 0.4444440007
138276  23.571  -34.664  48.083 0.4444440007
38409  22.724  -34.601  47.813 0.4444440007
131038  24.850  -34.670  48.117 0.5555559993
141802  24.244  -34.694  48.148 0.5555559993
39434  25.698  -34.021  47.076 0.6666669846
38408  24.455  -34.711  47.374 0.5555559993
39433  26.156  -33.276  46.488 0.6666669846
37357  20.682  -35.550  48.644 0.3333329856
37339  20.333  -36.002  49.385 0.3333329856
37313  19.663  -36.286  51.506 0.3333329856
38394  21.605  -34.880  47.997 0.4444440007
141241  19.764  -35.469  49.274 0.3333329856
37327  19.234  -35.825  50.657 0.3333329856
38395  20.859  -34.902  48.065 0.4444440007
37341  18.598  -35.564  49.598 0.3333329856
44651  35.073  -29.138  49.302 0.2222220004
38425  23.481  -34.671  46.923 0.6666669846
38410  22.067  -34.667  47.560 0.5555559993
38423  25.125  -34.459  46.726 0.6666669846
123830  25.529  -33.909  46.396 0.6666669846
120858  22.390  -34.460  46.846 0.5555559993
141664  21.778  -34.516  47.009 0.6666669846
122603  21.140  -34.517  46.753 0.6666669846
38424  24.427  -34.616  46.377 0.6666669846
38438  25.057  -34.215  45.990 0.6666669846
38439  24.479  -34.380  45.643 0.6666669846
134434  23.020  -34.522  46.095 0.6666669846
38442  21.657  -34.300  46.255 0.6666669846
39435  20.887  -34.290  45.893 0.6666669846
38443  20.100  -34.507  45.641 0.5555559993
124403  40.663  -29.984  49.592 0.1111110002
42440  39.312  -29.716  49.470 0.2222220004
43549  38.322  -29.345  49.079 0.3333329856
43520  38.472  -28.837  49.282 0.2222220004
44649  37.868  -28.317  49.004 0.3333329856
42437  41.180  -30.240  49.358 0.1111110002
43533  41.083  -29.517  49.534 0.1111110002
43518  39.839  -29.488  49.616 0.1111110002
43519  39.160  -29.238  49.489 0.2222220004
44647  39.374  -28.805  49.566 0.2222220004
43548  42.144  -29.311  48.912 0.1111110002
43532  41.596  -29.619  49.207 0.1111110002
43517  40.436  -29.613  49.634 0.1111110002
44655  41.726  -29.003  49.232 0.2222220004
43516  40.698  -29.086  49.631 0.2222220004
44646  40.095  -28.985  49.680 0.2222220004
45858  40.340  -27.483  49.287 0.2222220004
45839  39.743  -28.176  49.512 0.2222220004
45855  42.814  -26.584  48.682 0.2222220004
47081  42.032  -26.548  48.802 0.2222220004
45857  41.274  -27.551  49.218 0.2222220004
55077  46.814  -19.647  42.800 0.6666669846
56135  47.007  -18.765  41.597 0.5555559993
139476  47.208  -20.152  41.106 0.7777780294
55105  47.148  -19.738  40.431 0.6666669846
54064  41.166  -20.260  33.703 0.1111110002
54072  40.224  -19.689  32.643 0.1111110002
139649  38.429  -13.474  29.142 0.5555559993
61158  36.582  -13.633  27.783 0.2222220004
61199  38.920  -13.263  24.444 0.2222220004
62227  41.987  -12.701  25.087 0.1111110002
62243  40.964  -12.946  24.756 0.2222220004
61182  39.855  -13.169  24.814 0.2222220004
61210  40.272  -13.256  23.399 0.1111110002
61211  39.538  -13.177  23.162 0.1111110002
119257  45.712  -11.821  24.981 0.3333329856
61197  41.031  -13.153  23.723 0.1111110002
36310  19.487  -36.447  52.234 0.2222220004
123323  19.288  -35.308  49.036 0.4444440007
42443  31.491  -30.655  49.486 0.4444440007
55089  47.127  -19.448  41.090 0.6666669846
134570  39.144  -13.231  28.618 0.5555559993
40406  28.391  -32.405  50.075 0.5555559993
40427  28.041  -32.181  48.788 0.6666669846
41473  25.548  -31.563  41.661 0.5555559993
38354  26.404  -34.640  51.400 0.4444440007
38365  25.454  -34.979  50.570 0.4444440007
40400  27.910  -33.032  51.077 0.3333329856
39389  26.719  -33.890  50.154 0.4444440007
39388  27.332  -33.249  49.654 0.5555559993
39377  27.343  -33.530  50.660 0.4444440007
37303  26.286  -36.279  52.419 0.2222220004
40415  27.910  -32.580  49.546 0.6666669846
40407  27.854  -32.876  50.285 0.4444440007
39406  26.501  -33.750  48.394 0.5555559993
39405  27.102  -33.206  48.753 0.4444440007
35414  25.658  -36.818  50.380 0.3333329856
38378  24.470  -35.123  49.621 0.5555559993
38407  25.226  -34.518  47.424 0.5555559993
36309  19.921  -36.746  52.033 0.3333329856
37340  19.633  -35.753  49.853 0.3333329856
38411  21.402  -34.717  47.473 0.5555559993
42439  40.089  -30.191  49.589 0.1111110002
135588  47.009  -19.563  41.802 0.6666669846
62242  41.805  -12.923  24.139 0.1111110002
61198  40.376  -13.267  24.094 0.1111110002
126798  39.662  -13.323  23.885 0.1111110002
141373  39.006  -13.223  23.632 0.1111110002
138702  6.159  -46.123  51.407 0.2222220004
40500  23.819  -32.771  41.863 0.5555559993
47278  37.091  -26.085  36.893 0.4444440007
48488  38.367  -25.329  36.164 0.2222220004
125850  37.689  -25.690  36.513 0.2222220004
47298  36.994  -25.936  36.078 0.2222220004
47280  35.785  -26.475  36.164 0.2222220004
46065  35.138  -26.873  36.114 0.2222220004
136382  38.387  -25.166  35.433 0.2222220004
48490  36.849  -25.812  35.314 0.2222220004
48505  38.062  -25.173  34.709 0.2222220004
52871  45.993  -21.846  42.695 0.6666669846
52870  46.558  -21.258  42.052 0.6666669846
57208  38.613  -17.462  29.972 0.1111110002
71791  62.402  -3.806  11.225 0.3333329856
69658  57.599  -5.211  13.711 0.3333329856
70630  62.184  -4.565  12.532 0.3333329856
69655  59.882  -5.166  12.816 0.2222220004
69669  59.032  -5.053  12.711 0.2222220004
70654  61.966  -4.424  11.725 0.3333329856
70655  61.113  -4.471  11.464 0.2222220004
70632  60.426  -4.829  12.062 0.3333329856
70633  59.476  -4.743  12.130 0.2222220004
69647  56.718  -5.155  14.044 0.3333329856
70656  60.267  -4.213  11.255 0.2222220004
33618  17.683  -40.245  55.941 0.1111110002
46066  34.245  -27.262  35.948 0.3333329856
47279  36.393  -26.322  36.511 0.3333329856
52860  45.701  -21.547  43.708 0.5555559993
53978  46.604  -20.502  42.629 0.6666669846
69643  60.005  -5.256  13.689 0.2222220004
70618  60.857  -5.174  13.104 0.2222220004
130935  39.709  -19.712  31.983 0.1111110002
58175  38.752  -16.591  30.294 0.2222220004
58190  38.248  -16.799  29.806 0.2222220004
26606  5.608  -45.803  51.406 0.2222220004
48489  37.658  -25.542  35.532 0.2222220004
52859  46.214  -21.010  43.106 0.6666669846
57209  37.898  -17.572  29.302 0.1111110002
71792  61.574  -3.939  10.953 0.3333329856
41389  40.479  -30.968  49.255 0.1111110002
41403  39.998  -31.675  48.628 0.1111110002
42458  38.765  -30.247  48.811 0.1111110002
46068  32.591  -27.140  35.696 0.3333329856
46051  32.921  -27.430  36.418 0.3333329856
46067  33.339  -27.339  35.805 0.2222220004
53965  46.125  -20.656  44.288 0.3333329856
53964  46.514  -20.189  43.517 0.5555559993
55061  46.842  -19.355  44.024 0.5555559993
56118  47.082  -18.790  42.519 0.4444440007
56134  47.319  -18.020  42.208 0.4444440007
56152  46.916  -18.759  40.626 0.4444440007
41391  30.150  -31.148  49.855 0.4444440007
46050  33.756  -27.725  36.694 0.3333329856
43535  37.884  -28.646  49.119 0.2222220004
59941  51.515  -14.367  41.005 0.1111110002
42457  39.723  -30.619  49.235 0.1111110002
40422  40.457  -32.602  48.247 0.1111110002
41404  39.167  -31.111  48.296 0.1111110002
41417  39.308  -31.945  47.760 0.1111110002
121143  46.609  -19.924  44.436 0.4444440007
124634  14.132  -49.378  53.659 0.1111110002
23521  13.342  -48.722  53.946 0.1111110002
23520  13.802  -49.164  54.082 0.1111110002
24480  13.513  -48.744  53.750 0.1111110002
25531  13.008  -48.062  53.656 0.1111110002
25530  13.923  -48.311  53.348 0.1111110002
24481  12.749  -48.133  53.875 0.1111110002
23516  13.471  -48.415  54.321 0.1111110002
25532  12.303  -47.484  53.700 0.1111110002
26592  12.029  -46.736  52.991 0.1111110002
26584  12.729  -47.326  53.466 0.1111110002
26593  10.948  -46.634  52.422 0.1111110002
26601  12.178  -46.081  51.338 0.1111110002
24476  12.607  -48.016  54.150 0.1111110002
24482  12.057  -47.191  53.859 0.1111110002
25533  11.196  -46.711  53.514 0.1111110002
25540  10.982  -46.848  53.115 0.1111110002
138872  10.508  -46.680  53.116 0.1111110002
128143  10.101  -46.789  52.542 0.1111110002
26614  4.942  -45.805  51.053 0.1111110002
25564  5.689  -46.485  50.183 0.1111110002
25541  9.290  -46.784  52.356 0.1111110002
26611  10.598  -46.675  50.849 0.1111110002
25548  8.813  -47.115  51.667 0.1111110002
26630  7.139  -46.738  48.429 0.1111110002
26622  5.843  -46.644  49.324 0.1111110002
26623  5.113  -46.206  49.581 0.1111110002
134232  5.016  -46.106  50.412 0.1111110002
26604  9.877  -47.001  51.078 0.1111110002
26624  4.687  -45.693  49.863 0.1111110002
28718  5.343  -44.561  51.773 0.2222220004
27682  5.096  -45.214  51.423 0.1111110002
28719  4.767  -44.429  51.319 0.2222220004
138335  4.729  -45.584  50.515 0.1111110002
27683  4.652  -45.112  50.923 0.1111110002
26621  6.726  -46.950  49.238 0.1111110002
25563  6.362  -46.928  50.042 0.1111110002
27690  4.484  -45.055  50.180 0.1111110002
26617  10.864  -46.417  50.004 0.1111110002
26629  8.685  -46.734  48.861 0.1111110002
26620  7.776  -47.043  49.261 0.1111110002
27705  10.068  -46.187  47.964 0.1111110002
27715  9.204  -46.003  47.504 0.1111110002
26641  7.529  -46.363  47.703 0.1111110002
29734  4.538  -43.500  51.091 0.1111110002
28721  4.443  -44.343  50.604 0.1111110002
119447  9.873  -46.834  50.180 0.1111110002
26619  9.483  -46.630  49.218 0.1111110002
28723  4.279  -44.391  49.737 0.1111110002
29740  4.308  -43.577  50.138 0.1111110002
27697  11.137  -46.002  49.234 0.1111110002
27714  10.191  -45.627  47.273 0.1111110002
30725  4.656  -42.681  51.158 0.1111110002
136657  4.404  -42.647  50.395 0.1111110002
38502  12.985  -34.252  41.154 0.1111110002
133718  13.112  -35.034  40.843 0.1111110002
47303  31.524  -26.541  35.143 0.2222220004
46087  32.242  -26.831  35.034 0.1111110002
40586  18.608  -31.960  36.614 0.1111110002
136919  30.928  -30.850  49.949 0.2222220004
46086  32.952  -26.975  35.074 0.1111110002
47323  31.854  -26.605  34.284 0.1111110002
131066  31.127  -26.250  34.324 0.1111110002
140800  30.602  -25.878  34.412 0.2222220004
39351  27.766  -34.233  53.371 0.2222220004
38344  26.710  -35.711  52.828 0.2222220004
40391  28.546  -33.095  52.550 0.2222220004
39359  27.449  -33.985  52.294 0.2222220004
41374  28.930  -32.176  50.707 0.2222220004
47301  34.759  -26.640  35.353 0.1111110002
48510  30.098  -25.446  34.530 0.2222220004
47348  30.694  -25.768  33.681 0.1111110002
42591  20.317  -30.729  35.103 0.1111110002
41523  18.657  -31.241  36.107 0.1111110002
42592  19.563  -30.547  35.497 0.1111110002
43722  19.266  -29.833  35.849 0.1111110002
39368  27.008  -34.004  51.456 0.2222220004
39367  27.577  -33.580  51.430 0.3333329856
142913  35.840  -26.208  35.139 0.1111110002
48506  37.113  -25.510  34.508 0.1111110002
121373  29.807  -25.105  33.543 0.1111110002
43737  23.645  -29.590  34.143 0.1111110002
48523  36.749  -25.144  33.588 0.1111110002
49659  28.461  -24.433  32.864 0.1111110002
44858  25.566  -28.730  34.266 0.1111110002
43759  24.880  -28.872  33.966 0.1111110002
48533  27.202  -25.150  33.107 0.1111110002
44884  24.626  -28.221  33.706 0.1111110002
43760  24.112  -28.845  33.857 0.1111110002
43738  22.800  -29.677  34.357 0.1111110002
125187  26.877  -24.513  32.752 0.1111110002
53013  31.065  -21.797  33.454 0.1111110002
49639  37.642  -24.945  33.852 0.1111110002
51968  31.007  -22.672  32.303 0.1111110002
50795  28.476  -23.027  32.107 0.1111110002
49660  27.082  -23.662  32.642 0.1111110002
47349  26.612  -25.948  33.449 0.1111110002
47351  25.352  -26.510  33.218 0.1111110002
44883  25.220  -28.340  33.882 0.1111110002
49638  38.471  -24.584  34.149 0.1111110002
127176  27.624  -24.439  32.782 0.1111110002
47352  24.483  -26.536  33.270 0.1111110002
44885  23.911  -27.986  33.732 0.1111110002
53016  28.509  -21.412  33.616 0.1111110002
53030  29.355  -21.847  32.415 0.1111110002
53032  27.821  -21.873  32.849 0.1111110002
50774  26.370  -23.133  32.974 0.1111110002
49661  25.472  -24.469  33.019 0.1111110002
134046  24.954  -25.807  33.015 0.1111110002
49650  38.122  -24.375  33.268 0.1111110002
141457  39.200  -23.588  33.314 0.1111110002
124096  37.909  -23.603  31.951 0.1111110002
50787  39.251  -22.929  32.434 0.1111110002
50632  44.383  -23.145  45.540 0.3333329856
51754  44.763  -22.517  46.096 0.3333329856
51753  45.240  -21.965  46.041 0.1111110002
52847  45.667  -21.318  45.824 0.1111110002
53935  46.299  -21.022  46.279 0.1111110002
132893  45.579  -21.290  44.785 0.1111110002
53934  46.729  -20.427  45.938 0.2222220004
53950  46.120  -20.734  45.464 0.1111110002
61143  36.572  -13.777  28.841 0.2222220004
55010  47.339  -20.221  45.936 0.2222220004
53949  46.626  -20.139  45.215 0.2222220004
55028  47.076  -19.923  45.635 0.2222220004
55045  47.147  -19.439  45.065 0.2222220004
56075  48.283  -18.391  44.690 0.2222220004
56095  47.801  -18.057  44.120 0.3333329856
56096  47.189  -18.708  43.563 0.3333329856
56117  47.536  -17.996  43.210 0.3333329856
56094  48.464  -17.887  44.222 0.3333329856
57048  48.840  -17.492  43.864 0.1111110002
57062  47.866  -17.346  42.816 0.3333329856
58033  50.537  -16.904  42.572 0.1111110002
58034  49.901  -16.679  42.673 0.1111110002
58026  49.318  -16.993  43.388 0.3333329856
58035  49.104  -16.592  42.637 0.2222220004
57089  47.181  -17.205  40.795 0.3333329856
66356  48.533  -8.105  38.122 0.1111110002
66341  49.076  -7.780  38.179 0.1111110002
136438  49.331  -7.401  37.992 0.1111110002
68410  49.279  -7.063  37.795 0.2222220004
68409  50.033  -7.073  37.656 0.1111110002
67411  50.606  -7.289  37.488 0.1111110002
66353  51.221  -7.611  37.226 0.1111110002
67410  51.613  -7.296  37.179 0.1111110002
66351  52.858  -7.775  36.928 0.1111110002
67444  53.397  -7.822  36.522 0.1111110002
66394  54.093  -8.042  36.000 0.1111110002
66393  54.460  -8.664  36.141 0.1111110002
64192  56.609  -10.682  35.038 0.2222220004
64223  57.895  -10.950  33.229 0.2222220004
64224  57.327  -10.603  33.121 0.3333329856
62105  58.342  -12.169  33.256 0.2222220004
64235  57.909  -10.787  32.394 0.2222220004
64233  59.255  -11.248  31.232 0.1111110002
65321  58.580  -10.695  31.476 0.2222220004
123028  58.245  -11.097  32.462 0.2222220004
64234  58.740  -11.093  31.755 0.2222220004
64252  57.786  -10.586  31.368 0.2222220004
126437  4.982  -43.876  51.700 0.2222220004
131355  9.850  -46.599  53.001 0.1111110002
121738  9.161  -46.456  52.977 0.1111110002
25544  7.452  -46.405  51.960 0.1111110002
25561  7.942  -47.241  50.168 0.1111110002
25554  8.393  -47.239  50.873 0.1111110002
25562  7.184  -47.145  50.031 0.1111110002
41381  29.506  -31.655  50.259 0.2222220004
46069  32.033  -26.898  35.590 0.2222220004
51773  45.248  -22.049  44.332 0.4444440007
58036  48.260  -16.805  42.273 0.3333329856
65263  55.551  -9.743  35.840 0.1111110002
63130  57.305  -11.156  34.475 0.2222220004
63131  56.731  -11.210  34.952 0.2222220004
65320  59.164  -10.556  31.029 0.2222220004
26613  5.660  -46.258  50.959 0.1111110002
25549  8.051  -47.046  51.616 0.1111110002
64154  55.257  -9.915  36.062 0.1111110002
64208  57.819  -11.075  33.808 0.2222220004
46112  25.777  -27.175  33.630 0.1111110002
44882  25.767  -28.006  34.038 0.1111110002
48531  28.928  -24.780  33.743 0.1111110002
39581  16.992  -33.140  37.885 0.1111110002
43736  24.500  -29.523  34.188 0.1111110002
42604  23.209  -30.339  34.451 0.1111110002
41522  19.306  -31.646  36.033 0.1111110002
50768  38.679  -23.633  32.705 0.1111110002
53010  40.925  -21.001  33.504 0.1111110002
41540  19.207  -31.104  35.721 0.1111110002
40392  28.008  -33.297  51.896 0.2222220004
122133  26.774  -34.728  52.180 0.2222220004
37302  26.724  -36.544  53.416 0.2222220004
25543  7.916  -46.654  52.118 0.1111110002
47300  35.519  -26.421  35.529 0.1111110002
47299  36.225  -26.135  35.659 0.1111110002
48507  36.204  -25.904  34.756 0.1111110002
47302  33.835  -26.814  35.067 0.1111110002
23519  14.190  -49.098  54.315 0.1111110002
25539  13.635  -47.403  53.262 0.1111110002
25538  14.446  -47.595  52.892 0.1111110002
134402  11.666  -46.992  53.541 0.1111110002
26591  13.156  -46.660  52.923 0.1111110002
119524  11.744  -46.387  52.146 0.1111110002
127106  12.611  -46.231  52.246 0.1111110002
25547  9.527  -47.016  51.726 0.1111110002
25542  8.546  -46.755  52.291 0.1111110002
124043  8.043  -46.659  48.316 0.1111110002
25553  9.196  -47.205  50.923 0.1111110002
27696  11.702  -46.027  49.893 0.1111110002
26618  10.315  -46.366  49.311 0.1111110002
26628  9.367  -46.439  48.359 0.1111110002
142137  8.744  -46.477  48.113 0.1111110002
120535  10.849  -45.813  47.803 0.1111110002
26640  8.338  -46.228  47.654 0.1111110002
27717  7.889  -45.869  47.031 0.1111110002
27716  8.707  -45.587  46.799 0.1111110002
26612  8.758  -47.115  49.921 0.1111110002
27704  10.624  -46.093  48.553 0.1111110002
27703  11.417  -45.723  48.452 0.1111110002
47322  32.572  -26.656  34.386 0.1111110002
38343  27.232  -34.951  53.056 0.2222220004
38333  26.964  -35.833  53.858 0.2222220004
39358  28.041  -33.629  52.717 0.2222220004
48530  30.563  -25.315  32.905 0.1111110002
43723  18.689  -30.022  36.212 0.1111110002
43721  20.122  -29.748  35.346 0.1111110002
49658  29.303  -24.507  32.793 0.1111110002
49657  30.147  -24.693  32.509 0.1111110002
49677  28.871  -23.804  32.302 0.1111110002
47350  26.009  -26.475  33.386 0.1111110002
49678  28.011  -23.724  32.463 0.1111110002
46114  24.488  -27.447  33.480 0.1111110002
128296  22.650  -28.145  34.443 0.1111110002
44859  23.237  -28.716  34.125 0.1111110002
51953  30.663  -21.967  32.705 0.1111110002
51952  31.489  -22.328  32.979 0.1111110002
133689  30.021  -22.454  32.070 0.1111110002
50793  30.627  -23.158  31.996 0.1111110002
53029  29.927  -21.743  32.657 0.1111110002
50796  27.651  -22.972  32.429 0.1111110002
51970  28.110  -22.327  32.400 0.1111110002
51969  28.975  -22.347  32.106 0.1111110002
50794  29.365  -23.104  31.899 0.1111110002
50797  26.996  -22.843  32.729 0.1111110002
126397  25.766  -25.860  33.057 0.1111110002
132146  26.229  -25.086  32.813 0.1111110002
136785  25.403  -25.240  32.950 0.1111110002
124598  25.061  -27.101  33.373 0.1111110002
48534  24.294  -25.731  33.283 0.1111110002
133328  27.923  -21.592  33.271 0.1111110002
53031  28.534  -21.716  32.720 0.1111110002
53015  29.302  -21.490  33.120 0.1111110002
51971  27.410  -22.317  32.788 0.1111110002
130210  26.254  -24.073  32.814 0.1111110002
49662  24.661  -24.966  33.246 0.1111110002
50769  37.609  -24.118  32.446 0.1111110002
132967  37.033  -23.746  31.794 0.1111110002
50788  38.558  -22.988  31.788 0.1111110002
52835  45.892  -21.637  46.663 0.1111110002
53919  46.384  -21.467  46.605 0.1111110002
57061  48.606  -16.998  43.276 0.2222220004
143399  58.101  -11.207  33.097 0.2222220004
63147  57.898  -11.628  33.895 0.2222220004
64222  58.463  -11.420  32.522 0.2222220004
49676  29.733  -23.931  32.070 0.1111110002
60110  35.456  -14.399  29.162 0.1111110002
62254  43.319  -12.333  23.512 0.1111110002
63284  44.635  -11.568  23.419 0.2222220004
63293  43.788  -11.866  23.074 0.2222220004
69656  59.329  -5.270  13.282 0.2222220004
69657  58.503  -5.209  13.347 0.2222220004
71746  65.155  -3.585  15.430 0.2222220004
71779  63.603  -3.230  12.249 0.3333329856
70581  64.497  -4.348  17.690 0.1111110002
70588  64.607  -3.954  17.012 0.2222220004
69565  63.344  -5.014  21.575 0.2222220004
70548  63.462  -4.268  20.903 0.2222220004
143768  42.867  -12.588  23.840 0.1111110002
67615  51.517  -7.899  18.450 0.2222220004
134177  64.888  -4.134  16.134 0.2222220004
126495  63.402  -3.509  13.100 0.3333329856
63283  45.086  -11.828  24.340 0.2222220004
62255  42.572  -12.527  23.283 0.1111110002
62270  42.989  -12.146  22.816 0.1111110002
40371  31.635  -33.390  53.968 0.1111110002
40372  30.812  -33.405  54.207 0.1111110002
38317  31.142  -33.959  53.875 0.1111110002
38318  30.553  -34.218  54.123 0.1111110002
37292  30.074  -34.887  53.662 0.1111110002
37322  29.203  -35.821  51.325 0.1111110002
40373  29.949  -33.396  54.277 0.1111110002
39340  29.490  -34.064  54.418 0.1111110002
37293  29.491  -35.253  54.074 0.1111110002
37353  28.666  -36.063  48.614 0.1111110002
38405  29.291  -34.357  47.948 0.1111110002
38406  28.774  -34.895  47.436 0.1111110002
37285  28.095  -35.944  54.256 0.1111110002
37336  28.770  -36.292  49.505 0.1111110002
36368  28.108  -36.671  48.187 0.1111110002
124209  28.466  -35.748  47.771 0.1111110002
41390  35.631  -31.668  49.905 0.1111110002
42406  34.655  -30.872  51.371 0.1111110002
42407  34.163  -30.713  51.669 0.1111110002
42397  33.449  -30.975  52.276 0.1111110002
42461  35.844  -30.377  48.837 0.1111110002
43552  35.391  -30.076  49.329 0.1111110002
42421  34.761  -30.628  50.674 0.1111110002
138103  33.693  -30.544  51.503 0.1111110002
43537  35.582  -29.251  49.141 0.1111110002
43522  34.353  -29.953  50.113 0.1111110002
42423  34.053  -30.216  50.995 0.1111110002
42408  32.989  -30.646  51.562 0.1111110002
120461  33.458  -30.263  50.924 0.1111110002
34520  25.617  -38.231  48.829 0.1111110002
42424  32.590  -30.472  50.735 0.1111110002
133751  25.587  -38.897  48.192 0.1111110002
42442  32.289  -30.368  49.810 0.1111110002
42425  31.615  -30.733  50.471 0.1111110002
34519  26.238  -38.435  49.003 0.1111110002
41355  29.872  -32.365  53.150 0.1111110002
139598  26.405  -37.034  51.828 0.1111110002
35443  26.669  -38.307  49.315 0.1111110002
35401  27.397  -37.615  51.337 0.1111110002
131783  27.042  -38.136  49.864 0.1111110002
130424  26.725  -38.677  47.198 0.1111110002
36305  27.961  -37.226  51.913 0.1111110002
36336  27.595  -37.751  49.544 0.1111110002
35470  27.226  -37.818  47.066 0.1111110002
34570  26.101  -38.286  45.400 0.1111110002
36369  27.613  -37.403  47.764 0.1111110002
42476  37.412  -30.791  47.957 0.1111110002
43550  37.228  -29.260  48.760 0.1111110002
34534  24.933  -38.821  48.126 0.1111110002
40398  29.257  -32.272  51.503 0.1111110002
34500  18.322  -39.098  53.227 0.1111110002
34506  18.256  -38.698  52.252 0.1111110002
35444  24.686  -37.807  48.430 0.2222220004
34499  18.685  -38.146  53.362 0.1111110002
132318  18.900  -37.895  52.740 0.1111110002
139706  24.493  -36.721  48.992 0.2222220004
35429  25.231  -37.288  49.411 0.2222220004
35445  23.749  -38.044  47.989 0.1111110002
123722  41.855  -28.121  49.080 0.1111110002
36337  24.793  -36.079  49.856 0.2222220004
35393  19.307  -37.271  53.331 0.1111110002
36338  24.042  -35.794  49.022 0.2222220004
35405  19.559  -37.462  52.433 0.1111110002
36353  23.846  -36.895  48.380 0.2222220004
124017  19.860  -38.436  49.876 0.1111110002
34536  22.389  -38.944  48.212 0.1111110002
34521  21.583  -38.731  48.691 0.1111110002
34537  20.983  -38.846  49.009 0.1111110002
34538  19.971  -38.724  48.968 0.1111110002
37337  24.933  -35.462  50.112 0.2222220004
48308  43.409  -25.459  48.414 0.1111110002
50593  44.292  -24.121  48.021 0.1111110002
49509  43.640  -24.194  46.907 0.2222220004
35384  19.403  -36.984  53.409 0.1111110002
35404  20.010  -37.312  51.858 0.1111110002
35403  20.211  -37.399  51.192 0.1111110002
35417  19.644  -37.815  51.541 0.1111110002
35432  20.345  -38.173  50.297 0.1111110002
34512  19.734  -38.156  50.687 0.1111110002
37338  24.319  -35.246  49.451 0.2222220004
131847  22.295  -37.748  48.293 0.1111110002
35447  21.880  -38.557  48.681 0.2222220004
35430  21.258  -38.379  49.204 0.2222220004
138875  21.082  -38.558  49.303 0.1111110002
37354  23.533  -35.153  48.933 0.2222220004
36354  23.175  -36.031  48.344 0.2222220004
36355  22.222  -36.475  48.209 0.2222220004
36356  21.526  -37.540  48.671 0.2222220004
49489  44.076  -24.688  48.315 0.1111110002
50607  44.205  -23.807  47.639 0.1111110002
138770  44.154  -23.496  46.969 0.2222220004
36308  20.108  -36.789  51.428 0.1111110002
35415  20.435  -37.750  50.583 0.1111110002
35431  20.875  -38.184  49.876 0.1111110002
131332  44.515  -23.010  46.586 0.1111110002
50606  44.732  -23.809  47.878 0.1111110002
36340  20.653  -37.234  49.907 0.2222220004
36339  21.084  -37.761  49.429 0.1111110002
131671  35.337  -12.488  24.661 0.1111110002
61200  38.071  -13.199  24.634 0.1111110002
62244  36.049  -12.520  24.252 0.1111110002
63285  35.331  -11.769  24.325 0.1111110002
61212  38.308  -13.095  23.859 0.1111110002
62259  36.763  -12.178  23.702 0.1111110002
62260  36.073  -11.769  23.841 0.1111110002
133962  35.094  -10.990  24.454 0.1111110002
62258  37.683  -12.566  23.592 0.1111110002
132864  49.215  -8.674  20.544 0.1111110002
66597  46.493  -8.430  19.821 0.1111110002
136716  44.856  -8.006  19.903 0.1111110002
66594  49.832  -8.582  19.981 0.1111110002
125820  49.022  -8.550  19.716 0.1111110002
138888  48.303  -8.450  19.482 0.1111110002
66596  47.480  -8.485  19.761 0.1111110002
66611  48.802  -8.349  18.987 0.1111110002
133427  46.112  -8.013  19.521 0.1111110002
66612  47.925  -8.148  18.957 0.1111110002
140534  46.922  -7.957  19.295 0.1111110002
66623  50.160  -8.213  18.573 0.1111110002
66624  49.358  -8.119  18.506 0.1111110002
66626  46.883  -7.483  19.131 0.1111110002
66622  50.883  -8.193  18.710 0.1111110002
67630  47.407  -7.546  18.906 0.1111110002
67626  50.697  -7.832  18.100 0.1111110002
67629  48.199  -7.550  18.575 0.1111110002
68614  48.509  -6.878  18.366 0.1111110002
67638  51.386  -7.335  17.715 0.1111110002
67627  49.891  -7.729  18.054 0.1111110002
67628  49.088  -7.506  18.230 0.1111110002
67637  52.126  -7.020  17.667 0.1111110002
67640  49.736  -7.189  17.809 0.1111110002
68628  51.712  -6.603  17.360 0.1111110002
68630  50.099  -6.474  17.614 0.1111110002
72856  65.729  -3.164  12.939 0.2222220004
70612  55.295  -4.557  14.500 0.1111110002
73965  65.770  -2.814  12.442 0.2222220004
70620  56.902  -4.767  13.306 0.1111110002
71756  55.261  -3.971  14.150 0.1111110002
71757  54.689  -3.554  14.745 0.1111110002
143337  58.330  -4.827  12.724 0.1111110002
70635  57.210  -4.378  12.827 0.1111110002
70611  55.977  -4.482  13.740 0.1111110002
73996  65.877  -2.346  11.184 0.2222220004
72885  64.816  -2.468  11.566 0.2222220004
71790  63.109  -3.474  11.524 0.2222220004
71813  66.169  -3.126  10.362 0.2222220004
74011  65.851  -2.119  10.391 0.2222220004
72886  63.826  -2.834  11.297 0.2222220004
72911  66.108  -2.515  10.108 0.2222220004
70658  58.601  -4.411  12.142 0.1111110002
70619  57.706  -4.864  13.018 0.1111110002
72848  55.332  -3.284  14.210 0.1111110002
70657  59.158  -4.201  11.669 0.1111110002
71781  57.947  -3.677  12.097 0.1111110002
70634  57.817  -4.366  12.516 0.1111110002
71768  56.499  -3.994  12.938 0.1111110002
72862  55.950  -2.815  13.891 0.1111110002
72896  64.597  -2.321  10.617 0.2222220004
71802  62.921  -3.207  10.697 0.2222220004
72876  57.551  -3.084  12.492 0.1111110002
71767  56.954  -3.317  12.802 0.1111110002
74028  65.708  -2.061  9.516 0.2222220004
72914  63.412  -2.167  9.265 0.1111110002
71803  62.037  -3.380  10.364 0.1111110002
71804  61.199  -3.372  10.271 0.1111110002
70679  60.116  -3.634  10.780 0.1111110002
71794  58.682  -3.586  11.620 0.1111110002
72875  58.330  -2.788  11.996 0.1111110002
74041  65.472  -1.960  8.517 0.2222220004
72929  63.249  -1.674  8.395 0.1111110002
139231  61.656  -2.702  9.608 0.1111110002
71805  60.473  -3.259  10.343 0.1111110002
71806  59.760  -3.044  10.603 0.1111110002
72887  59.139  -2.801  11.237 0.1111110002
72860  57.945  -2.275  12.806 0.1111110002
72930  62.546  -1.646  8.476 0.1111110002
72917  61.097  -2.168  9.481 0.1111110002
72899  60.322  -2.488  10.166 0.1111110002
72874  58.970  -2.228  11.809 0.1111110002
73984  58.672  -1.898  12.501 0.1111110002
74031  61.770  -1.419  8.956 0.1111110002
74014  60.643  -1.856  9.950 0.1111110002
73999  59.638  -1.921  11.346 0.1111110002
75151  62.036  -0.665  8.392 0.1111110002
128856  61.949  -0.473  9.353 0.1111110002
76176  59.316  0.122  7.712 0.1111110002
73969  58.464  -1.511  13.334 0.1111110002
75141  60.915  -1.250  10.416 0.1111110002
74015  60.201  -1.858  10.579 0.1111110002
73983  59.435  -1.551  12.251 0.1111110002
138606  62.147  -0.547  7.371 0.1111110002
75150  62.029  0.256  9.069 0.1111110002
75140  61.789  -0.427  10.276 0.1111110002
73998  60.506  -1.243  11.269 0.1111110002
76172  61.839  -0.090  7.105 0.1111110002
76151  61.767  0.453  8.784 0.1111110002
75126  62.081  0.356  10.062 0.1111110002
75127  62.044  0.283  11.036 0.1111110002
75128  61.454  -0.470  11.193 0.1111110002
73982  60.127  -1.235  11.979 0.1111110002
75114  60.050  -0.813  12.677 0.1111110002
77270  61.573  0.563  8.497 0.1111110002
76140  61.808  0.649  9.718 0.1111110002
75112  61.855  0.214  11.898 0.1111110002
75113  61.012  -0.502  12.141 0.1111110002
77260  61.337  1.066  9.458 0.1111110002
77273  60.604  1.284  8.918 0.1111110002
76166  59.000  0.395  8.581 0.1111110002
76153  58.714  0.561  9.439 0.1111110002
73968  59.236  -1.157  13.020 0.1111110002
73954  59.031  -0.833  13.818 0.1111110002
76128  61.753  0.699  10.758 0.1111110002
75094  61.582  0.367  12.680 0.1111110002
75096  59.899  -0.565  13.481 0.1111110002
77243  61.535  0.968  10.079 0.1111110002
132367  61.608  0.807  11.674 0.1111110002
76113  61.690  0.693  12.562 0.1111110002
77244  61.228  1.189  10.253 0.1111110002
78219  61.191  1.461  12.220 0.1111110002
77229  61.497  1.162  12.404 0.1111110002
76141  59.372  1.147  10.000 0.1111110002
77231  60.692  1.571  11.313 0.1111110002
77247  59.177  1.213  10.797 0.1111110002
76142  58.505  0.671  10.298 0.1111110002
75095  60.809  -0.194  13.079 0.1111110002
138427  61.749  1.070  13.293 0.1111110002
76092  61.775  0.947  13.235 0.1111110002
78205  61.399  1.966  13.179 0.1111110002
78204  61.382  1.858  13.006 0.1111110002
78206  61.175  2.055  12.976 0.1111110002
77232  59.081  1.281  11.592 0.1111110002
119168  60.033  1.697  12.001 0.1111110002
76130  58.344  0.766  11.133 0.1111110002
76091  62.022  1.447  14.205 0.1111110002
77211  61.760  1.586  13.566 0.1111110002
122740  30.346  -32.690  54.020 0.1111110002
41353  31.626  -31.960  53.516 0.1111110002
134602  32.365  -31.902  53.425 0.1111110002
41360  32.849  -31.518  52.968 0.1111110002
40382  29.623  -32.856  53.922 0.1111110002
39337  32.360  -33.348  53.681 0.1111110002
39350  28.422  -33.638  53.591 0.1111110002
42398  32.501  -31.021  52.268 0.1111110002
36294  26.848  -37.029  53.664 0.1111110002
36295  26.600  -36.778  52.754 0.1111110002
42409  32.063  -30.807  51.410 0.1111110002
42410  31.279  -30.990  51.263 0.1111110002
39349  29.163  -33.437  54.138 0.1111110002
40383  29.088  -32.909  53.363 0.1111110002
36293  27.295  -37.233  53.540 0.1111110002
138968  26.076  -37.779  49.958 0.1111110002
35391  26.839  -37.077  52.754 0.1111110002
35428  26.662  -38.011  49.919 0.1111110002
35392  19.783  -36.962  52.721 0.1111110002
43521  34.775  -30.061  49.838 0.1111110002
43551  36.170  -29.505  48.877 0.1111110002
61201  37.283  -13.200  24.850 0.1111110002
72857  65.634  -2.881  13.199 0.2222220004
71778  65.733  -3.577  12.470 0.2222220004
73966  65.500  -2.684  12.738 0.2222220004
72873  64.317  -2.764  12.159 0.2222220004
66610  49.624  -8.456  19.146 0.1111110002
63305  43.350  -11.495  22.404 0.1111110002
35413  26.197  -37.161  50.898 0.1111110002
42459  37.750  -30.072  48.463 0.1111110002
35412  26.596  -37.479  50.804 0.1111110002
71780  62.787  -3.968  12.233 0.2222220004
71793  59.482  -3.693  11.176 0.1111110002
70678  60.784  -3.873  10.797 0.1111110002
41380  30.107  -31.410  50.701 0.1111110002
42426  30.747  -31.076  50.649 0.1111110002
38332  27.537  -35.024  54.008 0.1111110002
40390  29.209  -32.577  52.320 0.1111110002
41363  29.818  -32.027  52.043 0.1111110002
37286  27.469  -35.836  54.143 0.1111110002
40381  31.244  -32.674  53.980 0.1111110002
39338  31.055  -33.821  54.001 0.1111110002
39339  30.321  -33.989  54.345 0.1111110002
38319  29.737  -34.606  54.276 0.1111110002
37300  29.308  -35.624  53.562 0.1111110002
38342  30.014  -35.156  52.892 0.1111110002
37310  29.242  -35.811  52.595 0.1111110002
38363  29.855  -34.751  50.806 0.1111110002
37284  28.863  -35.290  54.282 0.1111110002
39341  28.711  -34.196  54.310 0.1111110002
37294  28.621  -36.118  54.069 0.1111110002
37301  28.574  -36.432  53.363 0.1111110002
37323  28.754  -36.506  50.488 0.1111110002
37311  28.618  -36.588  52.283 0.1111110002
128030  28.582  -36.749  51.362 0.1111110002
38389  28.933  -35.153  48.275 0.1111110002
37352  29.121  -35.418  49.069 0.1111110002
36278  27.925  -36.621  54.109 0.1111110002
36351  28.207  -36.959  49.077 0.1111110002
37335  29.244  -35.399  50.023 0.1111110002
36352  27.695  -37.564  48.669 0.1111110002
37367  28.026  -36.345  47.278 0.1111110002
36377  27.557  -36.850  46.770 0.1111110002
42441  35.185  -30.781  49.890 0.1111110002
34533  26.029  -39.022  48.202 0.1111110002
41372  30.592  -31.485  51.641 0.1111110002
138041  30.426  -31.872  52.619 0.1111110002
35402  26.893  -37.378  51.654 0.1111110002
34531  27.049  -38.387  48.012 0.1111110002
35411  27.492  -37.772  50.410 0.1111110002
35442  27.096  -38.183  48.959 0.1111110002
123893  26.996  -37.816  50.656 0.1111110002
34559  26.394  -38.576  46.331 0.1111110002
36335  28.207  -37.212  49.994 0.1111110002
36292  27.917  -37.115  53.037 0.1111110002
142920  27.384  -37.955  48.372 0.1111110002
125088  23.048  -37.264  48.101 0.2222220004
34522  20.628  -38.473  49.583 0.1111110002
35446  22.719  -38.506  48.176 0.1111110002
35416  20.134  -37.886  51.090 0.1111110002
132897  36.954  -12.848  24.151 0.1111110002
61213  37.645  -13.013  24.179 0.1111110002
66625  48.660  -7.997  18.599 0.1111110002
68615  47.700  -6.933  18.685 0.1111110002
67639  50.428  -7.260  17.646 0.1111110002
73981  65.554  -2.439  11.816 0.2222220004
73979  65.937  -2.694  11.882 0.2222220004
71769  55.837  -3.668  13.596 0.1111110002
71782  57.267  -3.842  12.518 0.1111110002
71800  66.104  -3.361  11.005 0.2222220004
73997  65.459  -2.183  10.947 0.2222220004
74010  66.023  -2.278  10.667 0.2222220004
71801  66.032  -4.018  10.234 0.2222220004
72913  64.443  -1.984  9.632 0.2222220004
72912  65.938  -2.330  9.209 0.2222220004
72897  63.628  -2.579  10.211 0.2222220004
74029  65.154  -1.842  8.994 0.2222220004
72898  62.647  -2.776  9.812 0.1111110002
72915  62.473  -2.196  9.037 0.1111110002
74030  64.266  -1.673  8.589 0.1111110002
74042  64.841  -1.647  7.944 0.1111110002
72916  61.886  -1.975  8.923 0.1111110002
71815  60.877  -2.820  9.880 0.1111110002
72900  59.780  -2.435  10.764 0.1111110002
72931  62.261  -1.342  8.278 0.1111110002
74013  61.323  -1.333  9.662 0.1111110002
126976  62.038  -0.054  8.062 0.1111110002
76163  61.922  0.029  7.824 0.1111110002
74057  62.826  -1.209  7.108 0.1111110002
77278  61.587  0.458  7.818 0.1111110002
76173  61.699  -0.557  6.729 0.1111110002
77271  61.382  0.840  8.654 0.1111110002
77259  61.536  0.800  9.258 0.1111110002
76129  61.756  0.573  11.743 0.1111110002
77261  61.126  1.338  9.601 0.1111110002
126774  60.943  1.440  10.412 0.1111110002
77262  60.376  1.416  9.771 0.1111110002
76152  59.599  1.051  9.150 0.1111110002
76093  61.429  0.509  13.463 0.1111110002
77230  61.344  1.056  11.143 0.1111110002
76112  61.652  0.800  12.644 0.1111110002
77245  60.996  1.317  11.149 0.1111110002
78220  60.655  1.690  12.165 0.1111110002
138277  59.874  1.560  11.233 0.1111110002
41371  31.583  -31.178  52.063 0.1111110002
41362  31.154  -31.615  52.740 0.1111110002
36284  27.348  -37.022  54.080 0.1111110002
58193  35.173  -15.653  29.384 0.1111110002
50615  46.859  -23.183  46.686 0.1111110002
49519  47.825  -23.933  45.675 0.1111110002
129698  47.315  -23.839  46.295 0.1111110002
52822  46.684  -21.630  46.601 0.1111110002
49518  48.212  -24.745  45.195 0.1111110002
62106  57.855  -12.300  33.813 0.1111110002
62107  57.088  -12.502  34.095 0.1111110002
61030  57.466  -12.967  33.367 0.1111110002
51733  47.080  -22.380  46.518 0.1111110002
51751  48.294  -22.275  45.384 0.1111110002
51752  47.722  -22.375  45.990 0.1111110002
127008  47.346  -21.770  46.311 0.1111110002
52821  47.404  -21.092  46.233 0.1111110002
53918  46.941  -20.840  46.365 0.1111110002
63111  56.166  -10.668  35.495 0.1111110002
62121  58.142  -12.754  33.172 0.1111110002
52820  48.028  -20.770  45.800 0.1111110002
52833  48.467  -21.368  45.330 0.1111110002
52834  47.889  -21.579  45.903 0.1111110002
55027  47.635  -19.692  45.562 0.1111110002
137137  47.850  -20.000  45.749 0.1111110002
55060  47.525  -18.727  44.572 0.1111110002
62094  57.351  -11.759  34.422 0.1111110002
62120  58.572  -12.763  32.429 0.1111110002
61039  58.102  -13.459  31.531 0.1111110002
53948  48.552  -20.486  45.276 0.1111110002
53933  48.148  -20.094  45.630 0.1111110002
55044  48.593  -18.924  44.916 0.1111110002
56056  47.929  -18.988  45.245 0.1111110002
62119  58.989  -12.258  31.817 0.1111110002
63180  59.860  -11.460  29.869 0.1111110002
65442  60.777  -9.332  23.390 0.1111110002
64372  60.498  -10.200  21.677 0.1111110002
65463  60.038  -9.671  22.587 0.1111110002
64250  60.057  -11.000  29.642 0.1111110002
63235  60.480  -11.067  27.764 0.1111110002
64336  58.989  -10.074  26.540 0.1111110002
65396  60.203  -10.141  26.537 0.1111110002
65409  59.540  -9.594  25.604 0.1111110002
65408  60.574  -9.689  25.780 0.1111110002
67566  62.701  -7.908  23.124 0.1111110002
137956  61.594  -8.970  24.331 0.1111110002
127094  61.616  -9.456  21.825 0.1111110002
65477  61.160  -9.812  21.418 0.1111110002
64305  61.330  -10.118  27.891 0.1111110002
64320  61.228  -10.391  27.272 0.1111110002
64321  60.875  -10.534  27.179 0.1111110002
64322  60.453  -10.650  27.216 0.1111110002
65394  61.313  -9.853  26.608 0.1111110002
65395  60.841  -10.127  26.594 0.1111110002
65422  61.356  -9.145  25.058 0.1111110002
67554  62.517  -7.775  24.067 0.1111110002
66573  62.127  -9.092  21.339 0.1111110002
66564  62.069  -9.169  21.844 0.1111110002
66572  62.492  -8.699  21.741 0.1111110002
66485  61.325  -9.176  27.890 0.1111110002
67587  62.854  -7.986  21.497 0.1111110002
68584  63.423  -6.308  20.880 0.1111110002
69575  63.641  -5.585  20.409 0.1111110002
70549  63.586  -4.918  20.685 0.1111110002
70598  65.069  -4.377  15.429 0.1111110002
126530  65.300  -4.161  14.765 0.1111110002
70653  65.382  -4.791  11.357 0.1111110002
68706  64.672  -5.859  10.502 0.1111110002
120188  65.469  -4.863  9.926 0.1111110002
68731  63.025  -5.994  8.984 0.1111110002
68732  61.894  -5.891  9.129 0.1111110002
69730  61.195  -5.328  8.643 0.1111110002
71764  65.482  -4.380  12.795 0.1111110002
70676  65.830  -4.095  11.150 0.1111110002
70677  65.564  -4.652  10.646 0.1111110002
128063  65.744  -4.273  9.089 0.1111110002
69712  65.174  -5.069  9.234 0.1111110002
69725  65.176  -4.631  8.280 0.1111110002
71827  65.431  -3.286  7.892 0.1111110002
72943  65.245  -2.558  7.544 0.1111110002
69727  63.998  -5.552  8.633 0.1111110002
70732  64.128  -4.329  7.251 0.1111110002
71829  64.345  -3.581  6.922 0.1111110002
69738  63.664  -4.963  7.814 0.1111110002
69739  62.660  -4.909  7.804 0.1111110002
70760  61.483  -3.550  6.687 0.1111110002
69741  60.340  -4.810  8.081 0.1111110002
71814  66.099  -3.228  9.581 0.1111110002
72928  65.542  -2.415  8.200 0.1111110002
74055  64.313  -1.531  7.074 0.1111110002
71835  63.812  -2.791  6.506 0.1111110002
61033  55.608  -13.211  33.280 0.1111110002
61032  56.113  -12.695  34.086 0.1111110002
62095  56.633  -11.982  34.763 0.1111110002
67599  62.804  -7.799  20.802 0.1111110002
67586  63.127  -7.114  21.220 0.1111110002
66587  62.452  -8.626  21.106 0.1111110002
133624  61.535  -8.934  27.098 0.1111110002
133898  61.666  -8.219  26.577 0.1111110002
68571  63.286  -6.411  21.603 0.1111110002
127749  63.449  -5.660  21.222 0.1111110002
67577  62.806  -8.013  22.249 0.1111110002
134481  63.137  -6.431  22.292 0.1111110002
65461  61.844  -9.174  22.510 0.1111110002
65407  61.104  -9.577  25.875 0.1111110002
130573  63.254  -5.715  21.985 0.1111110002
65462  61.112  -9.526  22.353 0.1111110002
68539  62.524  -6.789  24.532 0.1111110002
65441  61.557  -9.097  23.406 0.1111110002
63181  59.621  -11.790  30.567 0.1111110002
64288  61.032  -10.451  28.547 0.1111110002
65367  61.014  -9.441  28.591 0.1111110002
67514  61.339  -7.744  27.255 0.1111110002
67544  61.911  -8.029  25.886 0.1111110002
67543  62.258  -7.686  25.059 0.1111110002
66529  61.837  -8.591  25.323 0.1111110002
69554  63.095  -5.122  22.455 0.1111110002
67565  62.975  -7.164  22.671 0.1111110002
59086  35.566  -15.067  29.674 0.1111110002
63132  56.076  -11.354  35.254 0.1111110002
29733  5.147  -43.091  51.751 0.1111110002
62096  55.625  -12.186  34.675 0.1111110002
74054  65.099  -1.911  7.494 0.1111110002
71789  65.924  -3.467  11.714 0.1111110002
127286  34.582  -16.011  29.047 0.1111110002
50631  47.500  -23.134  46.121 0.1111110002
48334  47.089  -25.712  46.263 0.1111110002
123535  61.224  -9.181  24.244 0.1111110002
65464  59.222  -10.210  22.373 0.1111110002
65421  61.933  -8.831  23.986 0.1111110002
66541  62.142  -8.467  24.477 0.1111110002
66542  61.712  -8.859  24.832 0.1111110002
65380  61.412  -9.815  27.338 0.1111110002
66516  61.617  -8.915  26.169 0.1111110002
65406  61.465  -9.193  25.671 0.1111110002
66563  62.358  -8.688  22.596 0.1111110002
70629  65.333  -4.855  12.069 0.1111110002
69668  64.974  -5.478  11.744 0.1111110002
69688  65.060  -5.296  10.712 0.1111110002
133078  65.014  -5.383  9.942 0.1111110002
69728  63.146  -5.424  8.311 0.1111110002
69729  62.255  -5.413  8.470 0.1111110002
69740  61.573  -4.813  7.950 0.1111110002
70733  62.086  -4.257  7.262 0.1111110002
133305  65.539  -4.019  8.246 0.1111110002
69726  64.734  -5.272  8.826 0.1111110002
71828  64.958  -3.276  7.277 0.1111110002
70731  64.788  -4.203  7.526 0.1111110002
71834  64.506  -2.590  6.767 0.1111110002
123417  63.190  -4.312  7.194 0.1111110002
70759  62.625  -3.623  6.668 0.1111110002
70735  59.720  -4.177  7.214 0.1111110002
67576  63.074  -7.204  21.918 0.1111110002
65460  62.034  -8.889  23.210 0.1111110002
66553  62.310  -8.498  23.585 0.1111110002
25516  11.492  -46.842  55.692 0.2222220004
26575  13.216  -47.035  55.569 0.1111110002
26605  6.499  -46.453  51.117 0.2222220004
26627  9.968  -46.359  48.661 0.1111110002
27662  11.190  -45.620  55.806 0.2222220004
29702  17.181  -42.513  54.665 0.1111110002
30696  12.871  -42.828  56.342 0.2222220004
31718  16.774  -41.432  56.484 0.2222220004
32697  17.458  -40.919  56.190 0.1111110002
33620  18.092  -39.217  55.649 0.2222220004
34491  18.088  -38.286  55.430 0.2222220004
34532  26.531  -38.603  48.593 0.1111110002
35386  18.432  -36.859  54.073 0.2222220004
35390  27.324  -37.362  52.428 0.1111110002
36279  27.527  -36.464  54.148 0.1111110002
36280  26.955  -36.563  54.078 0.1111110002
36283  27.956  -36.985  53.887 0.1111110002
36322  28.094  -37.325  50.921 0.1111110002
38320  29.011  -34.648  54.409 0.1111110002
38321  28.223  -35.041  54.299 0.1111110002
38331  30.129  -34.651  54.065 0.1111110002
39342  28.066  -34.396  54.111 0.1111110002
39474  24.183  -33.352  43.341 0.6666669846
40436  39.683  -32.645  47.723 0.1111110002
40442  27.376  -32.355  47.484 0.4444440007
40498  24.976  -32.271  42.596 0.5555559993
40527  21.989  -32.836  40.049 0.3333329856
40584  20.724  -32.327  36.301 0.1111110002
41354  30.752  -32.089  53.449 0.1111110002
41361  32.017  -31.455  52.896 0.1111110002
41373  29.671  -31.796  51.133 0.1111110002
41382  28.860  -31.924  49.818 0.6666669846
41421  28.860  -31.298  47.891 0.8888890147
41488  25.292  -31.329  39.366 0.4444440007
41519  25.237  -30.937  36.865 0.2222220004
41539  19.836  -31.298  35.523 0.1111110002
42422  34.421  -30.411  50.854 0.1111110002
42477  30.762  -30.472  47.585 0.6666669846
42519  26.848  -30.883  43.185 0.6666669846
42590  24.687  -30.467  35.017 0.2222220004
42593  18.884  -30.550  35.865 0.1111110002
43534  38.696  -29.102  49.424 0.2222220004
43553  33.333  -29.329  48.782 0.4444440007
43566  32.473  -29.631  47.450 0.5555559993
43595  30.653  -29.638  45.548 0.7777780294
43627  28.442  -29.529  43.462 0.7777780294
43735  25.241  -29.362  34.417 0.1111110002
44648  38.648  -28.601  49.271 0.3333329856
44650  37.232  -27.994  49.097 0.4444440007
44656  41.238  -28.622  49.438 0.2222220004
44669  34.515  -28.404  48.722 0.3333329856
44686  40.079  -28.256  46.112 0.7777780294
44689  32.954  -28.860  46.345 0.5555559993
44703  31.982  -28.966  45.256 0.6666669846
44857  26.220  -28.393  34.746 0.2222220004
45838  40.568  -28.313  49.516 0.2222220004
45842  37.477  -27.824  48.992 0.3333329856
45856  42.074  -27.138  48.912 0.2222220004
45859  39.359  -27.486  49.198 0.4444440007
45860  36.786  -27.700  49.065 0.5555559993
45861  35.971  -27.490  49.021 0.5555559993
45862  35.237  -27.937  49.013 0.3333329856
45876  35.509  -27.576  48.698 0.5555559993
45888  41.117  -27.358  47.091 0.3333329856
45907  36.566  -27.585  46.259 0.7777780294
45910  34.092  -28.116  46.385 0.5555559993
45934  33.649  -27.544  44.336 0.7777780294
45956  39.886  -27.142  42.774 0.8888890147
45964  29.970  -27.843  41.946 0.7777780294
45974  37.631  -27.850  41.594 0.8888890147
46003  33.082  -26.907  39.237 0.8888890147
46113  25.177  -27.742  33.627 0.1111110002
47068  38.631  -27.692  49.007 0.3333329856
47069  37.971  -27.539  48.801 0.3333329856
47106  39.749  -27.030  48.804 0.3333329856
47108  38.011  -26.935  48.474 0.3333329856
47109  37.199  -26.854  48.599 0.4444440007
47110  36.486  -26.896  48.417 0.5555559993
47132  39.416  -27.081  48.255 0.3333329856
47133  38.470  -26.867  48.114 0.3333329856
47134  37.661  -26.719  47.993 0.3333329856
47168  41.875  -27.272  45.901 0.7777780294
47195  40.368  -26.541  42.403 0.8888890147
47230  39.330  -25.794  39.634 0.8888890147
47326  26.365  -26.728  33.791 0.1111110002
48352  48.064  -25.527  45.233 0.1111110002
48355  42.653  -26.130  45.059 0.5555559993
48392  43.236  -24.938  42.745 0.8888890147
49502  43.271  -25.019  48.268 0.1111110002
49579  41.860  -24.722  39.914 1.0000000000
49589  41.008  -24.871  38.980 0.8888890147
50617  44.693  -23.242  47.366 0.1111110002
50633  43.990  -23.944  45.069 0.6666669846
50704  44.309  -23.233  39.852 0.8888890147
51843  45.131  -22.991  40.946 0.8888890147
52896  46.641  -21.290  40.396 0.8888890147
52980  41.845  -21.593  34.892 0.4444440007
53917  47.605  -20.456  45.925 0.1111110002
53990  46.876  -20.357  41.883 0.6666669846
54022  44.935  -20.693  37.863 0.8888890147
55026  48.185  -19.563  45.429 0.1111110002
55129  46.660  -19.160  39.032 0.7777780294
55150  43.811  -19.389  36.230 1.0000000000
56196  45.331  -18.666  37.401 0.8888890147
57046  49.960  -17.173  43.116 0.1111110002
57049  48.181  -17.533  43.680 0.3333329856
57112  45.465  -17.328  38.344 0.8888890147
57152  43.324  -17.357  35.280 1.0000000000
57171  41.944  -16.956  33.877 1.0000000000
58057  47.463  -16.526  40.669 0.5555559993
58069  46.112  -16.725  39.410 0.6666669846
58095  44.117  -16.278  37.018 1.0000000000
58176  37.042  -15.731  30.150 0.3333329856
59066  36.651  -14.316  30.465 0.3333329856
59960  45.013  -14.356  39.547 0.7777780294
60904  47.174  -13.160  41.525 0.4444440007
60957  43.810  -13.507  39.040 0.7777780294
60973  42.422  -13.353  37.117 0.8888890147
61013  41.265  -13.758  35.062 1.0000000000
61040  57.813  -13.294  32.565 0.1111110002
61067  37.472  -13.902  31.805 0.6666669846
61069  36.850  -13.969  30.790 0.5555559993
61975  47.427  -11.735  42.378 0.5555559993
61992  50.522  -11.455  41.636 0.3333329856
61993  49.645  -12.308  42.108 0.3333329856
62008  45.092  -12.230  40.772 0.4444440007
62021  44.001  -12.469  39.444 0.7777780294
62224  44.562  -12.331  25.411 0.3333329856
63008  49.315  -10.850  42.380 0.3333329856
63010  47.812  -11.068  42.564 0.4444440007
63023  49.855  -10.508  41.914 0.3333329856
63025  45.660  -11.799  41.188 0.5555559993
63075  44.537  -11.697  38.526 0.6666669846
63076  43.752  -12.101  38.292 0.5555559993
63146  58.235  -11.534  33.207 0.2222220004
63162  58.699  -11.978  32.598 0.2222220004
63173  58.902  -11.632  31.898 0.1111110002
64092  48.365  -10.372  42.373 0.4444440007
64102  49.934  -10.153  41.352 0.2222220004
64104  48.783  -9.709  42.025 0.3333329856
64113  50.363  -10.432  40.601 0.1111110002
64116  46.797  -10.407  40.779 0.3333329856
65204  48.317  -9.678  41.332 0.2222220004
65245  54.896  -9.275  36.063 0.1111110002
65262  56.122  -10.165  35.580 0.1111110002
66369  53.788  -8.208  36.500 0.1111110002
66373  50.739  -8.136  37.080 0.1111110002
66395  47.079  -8.339  35.915 0.5555559993
66415  54.702  -8.628  35.688 0.1111110002
66554  54.054  -8.287  23.866 0.7777780294
67412  49.684  -7.502  37.919 0.1111110002
67413  48.852  -7.638  38.130 0.2222220004
67427  53.265  -7.916  36.769 0.1111110002
67428  52.701  -7.557  36.844 0.1111110002
67429  51.919  -7.200  37.022 0.1111110002
67430  48.593  -7.390  37.646 0.2222220004
67446  52.096  -7.266  35.956 0.2222220004
67447  51.189  -7.245  35.628 0.3333329856
67460  52.705  -7.674  35.562 0.2222220004
68408  51.065  -7.067  37.271 0.1111110002
68422  51.418  -6.915  36.911 0.1111110002
68423  50.539  -6.840  37.079 0.1111110002
68424  49.776  -6.870  37.278 0.4444440007
68501  59.024  -6.658  27.383 0.5555559993
68695  64.698  -6.126  12.024 0.1111110002
69545  62.845  -5.168  23.264 0.3333329856
70507  61.718  -5.681  25.625 0.3333329856
70512  61.949  -5.130  25.099 0.3333329856
70518  62.729  -5.026  23.663 0.3333329856
70550  61.698  -4.530  20.919 0.4444440007
70571  64.345  -3.773  18.244 0.1111110002
70631  61.436  -4.825  12.317 0.3333329856
70652  65.652  -4.183  11.926 0.1111110002
70712  64.539  -4.897  7.978 0.1111110002
70730  65.222  -4.016  7.773 0.1111110002
70758  63.596  -3.690  6.700 0.1111110002
71678  62.504  -4.317  22.979 0.3333329856
71683  62.903  -4.494  22.404 0.3333329856
71704  63.470  -3.825  20.628 0.3333329856
71734  64.594  -3.462  17.089 0.3333329856
71821  65.812  -3.249  8.657 0.1111110002
72791  63.774  -3.495  19.548 0.4444440007
72801  62.931  -3.133  19.692 0.3333329856
72811  64.279  -3.245  18.261 0.3333329856
72812  63.978  -2.942  18.617 0.4444440007
72826  65.025  -3.248  15.671 0.3333329856
72834  64.481  -2.812  15.850 0.3333329856
72843  65.558  -3.002  14.029 0.2222220004
72871  65.928  -3.112  12.058 0.2222220004
72884  66.056  -2.865  11.533 0.2222220004
72895  66.117  -2.688  10.854 0.2222220004
72944  64.959  -2.340  7.069 0.1111110002
73980  65.824  -2.613  11.879 0.2222220004
73995  65.996  -2.487  11.371 0.2222220004
74012  65.319  -1.975  10.016 0.2222220004
74027  66.007  -2.137  9.986 0.2222220004
76183  61.866  -1.035  6.476 0.1111110002
77246  60.152  1.523  10.571 0.1111110002
119025  31.897  -27.305  42.708 0.8888890147
119182  33.947  -26.868  42.898 0.7777780294
119444  16.900  -39.232  55.594 0.2222220004
119769  54.826  -4.152  14.670 0.1111110002
119844  31.350  -30.601  48.777 0.5555559993
120156  35.321  -27.561  47.199 0.6666669846
120332  28.333  -32.630  50.716 0.3333329856
120398  24.071  -31.320  35.850 0.2222220004
122021  15.318  -42.345  56.759 0.1111110002
122818  65.507  -4.078  13.845 0.2222220004
123386  19.618  -32.515  37.059 0.2222220004
124562  38.958  -27.205  47.578 0.6666669846
125261  39.777  -29.755  49.578 0.1111110002
125310  12.346  -37.857  42.689 0.1111110002
125344  27.808  -29.338  41.601 0.7777780294
125419  42.682  -15.989  34.931 1.0000000000
125900  62.548  -5.021  24.217 0.3333329856
127165  45.890  -13.766  40.563 0.6666669846
128128  39.832  -15.250  32.144 0.7777780294
128406  29.814  -29.722  45.285 0.8888890147
129040  29.840  -30.650  47.361 0.6666669846
129202  42.463  -20.651  35.247 0.6666669846
129376  62.148  -0.959  6.872 0.1111110002
131034  37.158  -27.473  46.665 0.5555559993
132315  59.746  -4.372  11.611 0.1111110002
133525  43.912  -18.153  35.982 1.0000000000
133775  65.394  -2.918  14.666 0.3333329856
134034  40.549  -26.962  48.829 0.3333329856
134140  64.883  -5.915  12.451 0.1111110002
134761  30.099  -23.301  31.898 0.1111110002
134816  50.316  -12.171  41.879 0.3333329856
136191  34.945  -27.317  43.885 0.8888890147
136685  34.654  -27.838  46.784 0.5555559993
137525  25.850  -31.204  40.475 0.4444440007
138640  45.235  -21.776  45.204 0.1111110002
140239  41.646  -26.681  43.655 0.7777780294
141962  48.848  -11.764  28.027 1.0000000000
142163  64.054  -1.640  6.755 0.1111110002
142228  16.666  -40.381  56.232 0.2222220004
142241  35.494  -30.587  49.347 0.1111110002
142402  60.312  -7.688  28.378 0.2222220004
142445  8.546  -45.902  47.255 0.1111110002
142477  65.246  -3.109  15.153 0.3333329856
142550  27.650  -26.456  35.768 0.3333329856
143489  32.290  -26.305  40.107 0.7777780294
143585  37.367  -28.762  43.996 0.6666669846
143977  14.937  -42.775  56.768 0.1111110002
