#!ascii label  , from subject sub-v1s20x0050280_ses-1 vox2ras=TkReg
5170
68875  28.534  -8.962  44.839 0.0000000000
86770  17.473  9.137  47.798 0.0000000000
141809  24.523  0.896  50.557 0.0000000000
132758  6.980  -7.222  48.753 0.0000000000
58936  46.038  -20.487  39.997 0.0000000000
78460  13.533  0.472  38.748 0.0000000000
120285  50.882  0.292  26.918 0.0000000000
124484  64.492  3.991  10.416 0.0000000000
73417  24.028  -5.012  43.933 0.0000000000
68935  23.774  -9.382  36.454 0.0000000000
70673  22.117  -6.981  52.424 0.0000000000
69854  14.695  -8.006  43.449 0.0000000000
66939  36.044  -11.539  40.619 0.0000000000
67058  33.742  -11.168  32.864 0.0000000000
91307  13.322  15.535  44.694 0.0000000000
94969  15.218  22.059  47.133 0.0000000000
80312  12.497  2.225  48.700 0.0000000000
73425  12.636  -4.522  43.558 0.0000000000
84114  10.639  6.330  44.056 0.0000000000
86883  14.029  9.253  37.995 0.0000000000
69926  47.041  -8.235  36.911 0.0000000000
128841  46.566  0.089  38.250 0.0000000000
121900  53.274  -5.440  30.447 0.0000000000
63060  9.129  -14.077  52.635 0.0000000000
138829  16.274  -0.198  54.471 0.0000000000
64324  44.831  -14.754  33.852 0.0000000000
67943  42.738  -10.717  36.302 0.0000000000
80542  58.767  3.008  19.440 0.0000000000
69843  26.072  -8.395  43.029 0.0000000000
72575  24.796  -6.006  40.972 0.0000000000
67913  26.401  -10.575  40.923 0.0000000000
70708  25.805  -7.541  49.066 0.0000000000
68861  21.970  -9.472  45.381 0.0000000000
70702  31.892  -7.234  48.778 0.0000000000
69759  26.651  -8.690  51.653 0.0000000000
130286  32.046  -11.285  42.899 0.0000000000
67859  35.915  -10.739  45.995 0.0000000000
66974  30.379  -11.567  38.349 0.0000000000
89267  15.541  12.169  47.816 0.0000000000
92678  12.662  17.961  48.181 0.0000000000
89915  17.191  13.905  52.005 0.0000000000
82299  13.198  4.437  44.459 0.0000000000
81333  9.711  4.011  47.095 0.0000000000
84991  11.664  8.073  48.430 0.0000000000
87704  10.492  10.712  45.147 0.0000000000
68961  48.277  -9.376  32.815 0.0000000000
128054  51.165  -7.010  34.005 0.0000000000
64177  14.808  -13.027  53.928 0.0000000000
76317  18.863  -1.723  47.299 0.0000000000
74290  14.965  -3.902  48.047 0.0000000000
77269  21.101  -0.392  53.888 0.0000000000
80274  19.549  1.943  51.394 0.0000000000
60026  45.748  -18.513  36.379 0.0000000000
62121  39.306  -16.434  35.943 0.0000000000
127117  39.510  -12.257  33.598 0.0000000000
63271  44.365  -16.178  37.958 0.0000000000
122082  46.879  -14.926  39.417 0.0000000000
74380  10.497  -2.958  38.910 0.0000000000
69932  11.138  -8.285  37.066 0.0000000000
135008  12.450  -4.779  34.691 0.0000000000
80406  16.574  2.300  36.009 0.0000000000
85416  64.402  7.750  7.750 0.0000000000
76327  24.203  -1.964  46.916 0.0000000000
130848  23.024  1.337  45.847 0.0000000000
75388  23.828  -2.467  42.596 0.0000000000
74387  21.647  -3.849  38.460 0.0000000000
72654  23.636  -5.798  33.183 0.0000000000
68760  18.580  -9.752  56.235 0.0000000000
67817  15.024  -10.843  51.053 0.0000000000
141690  18.512  -9.645  47.348 0.0000000000
73431  19.565  -5.014  42.760 0.0000000000
65985  21.200  -12.127  51.291 0.0000000000
62072  40.307  -16.991  40.117 0.0000000000
56866  41.364  -21.981  42.240 0.0000000000
63164  37.880  -16.142  43.695 0.0000000000
70860  28.353  -7.778  31.638 0.0000000000
67047  27.908  -11.256  34.209 0.0000000000
66984  34.842  -11.701  36.977 0.0000000000
95594  12.358  22.397  41.312 0.0000000000
76283  10.623  -1.543  50.359 0.0000000000
72536  9.533  -6.195  45.901 0.0000000000
77324  8.848  -0.685  47.293 0.0000000000
78407  8.344  0.517  42.949 0.0000000000
122981  8.244  3.344  39.431 0.0000000000
82376  9.784  5.087  36.636 0.0000000000
129380  12.576  7.247  40.751 0.0000000000
89309  10.152  12.275  41.610 0.0000000000
119522  42.919  -5.778  40.132 0.0000000000
142701  43.958  -0.759  42.237 0.0000000000
74393  47.874  -2.731  37.813 0.0000000000
75459  51.965  -1.859  35.062 0.0000000000
77574  54.879  -0.073  24.758 0.0000000000
73618  52.676  -3.845  25.551 0.0000000000
66877  6.392  -11.377  49.499 0.0000000000
66899  12.108  -11.442  46.356 0.0000000000
142168  10.837  -6.277  49.340 0.0000000000
133492  12.223  -2.002  51.664 0.0000000000
81282  14.365  4.005  53.147 0.0000000000
79369  16.855  1.371  46.759 0.0000000000
71752  33.874  -6.665  32.156 0.0000000000
71714  38.151  -6.178  35.350 0.0000000000
70788  41.302  -6.739  38.510 0.0000000000
68911  44.845  -10.216  39.291 0.0000000000
119227  48.923  -12.255  36.787 0.0000000000
67926  7.851  -10.042  39.465 0.0000000000
83357  11.468  6.281  32.677 0.0000000000
81608  62.280  3.694  15.757 0.0000000000
77630  57.867  -0.267  20.634 0.0000000000
120500  27.513  -8.821  43.747 0.0000000000
69858  26.866  -8.549  42.462 0.0000000000
67901  27.747  -9.824  43.455 0.0000000000
69799  27.456  -8.078  46.968 0.0000000000
69825  26.159  -9.030  45.673 0.0000000000
69814  30.148  -8.408  46.826 0.0000000000
119743  28.735  -7.082  48.247 0.0000000000
66909  29.861  -10.863  45.025 0.0000000000
67873  32.151  -9.948  45.792 0.0000000000
66934  29.492  -11.767  42.040 0.0000000000
88509  16.603  10.595  49.138 0.0000000000
89255  15.066  12.230  52.579 0.0000000000
121395  18.604  11.259  51.186 0.0000000000
85021  15.389  7.576  45.788 0.0000000000
84073  12.806  6.860  46.649 0.0000000000
85923  14.686  8.334  47.691 0.0000000000
87675  14.787  10.020  47.908 0.0000000000
81274  24.844  3.224  52.228 0.0000000000
122130  15.975  -14.507  55.224 0.0000000000
77307  21.873  -0.597  49.883 0.0000000000
76286  20.250  -1.370  50.399 0.0000000000
78314  22.839  0.258  52.535 0.0000000000
80247  22.693  2.717  54.770 0.0000000000
58960  45.661  -20.322  38.100 0.0000000000
57950  44.229  -19.990  35.543 0.0000000000
56920  44.673  -21.669  37.282 0.0000000000
59998  42.890  -18.799  38.202 0.0000000000
141466  42.696  -16.810  36.166 0.0000000000
136272  45.594  -18.971  38.533 0.0000000000
60984  46.054  -17.686  38.351 0.0000000000
66028  6.354  -12.614  46.796 0.0000000000
66910  6.933  -11.170  45.400 0.0000000000
77425  11.325  -1.270  38.399 0.0000000000
73493  12.498  -3.870  37.153 0.0000000000
76444  12.648  -1.896  35.624 0.0000000000
74451  13.148  -3.893  34.178 0.0000000000
77467  14.809  -0.997  36.033 0.0000000000
79428  15.691  1.768  37.544 0.0000000000
84470  64.719  6.392  9.346 0.0000000000
74304  23.832  -3.375  45.239 0.0000000000
129010  25.486  -2.281  45.030 0.0000000000
139607  25.503  -3.373  43.758 0.0000000000
70781  23.737  -7.875  39.183 0.0000000000
72584  23.021  -5.654  39.926 0.0000000000
71699  22.488  -6.694  37.329 0.0000000000
72625  22.564  -5.438  35.394 0.0000000000
120651  23.183  -7.993  34.352 0.0000000000
71576  19.787  -7.071  54.126 0.0000000000
69765  18.963  -9.058  52.067 0.0000000000
69768  20.514  -8.442  50.224 0.0000000000
71647  22.798  -7.080  42.706 0.0000000000
69861  20.470  -8.035  42.710 0.0000000000
72547  21.491  -5.088  42.928 0.0000000000
75364  21.849  -2.820  44.768 0.0000000000
125578  25.289  -5.655  53.282 0.0000000000
67815  23.774  -9.578  51.142 0.0000000000
69741  22.904  -8.672  54.040 0.0000000000
66843  21.077  -11.576  54.318 0.0000000000
65170  38.076  -14.122  40.207 0.0000000000
63218  40.237  -16.386  41.913 0.0000000000
66037  37.818  -13.227  42.478 0.0000000000
66889  33.806  -11.683  47.417 0.0000000000
63115  32.112  -14.466  46.936 0.0000000000
68983  25.348  -9.470  32.656 0.0000000000
67954  25.427  -10.646  35.313 0.0000000000
118691  32.867  -11.471  39.153 0.0000000000
134575  31.996  -11.516  37.307 0.0000000000
66056  35.880  -12.064  38.855 0.0000000000
64292  37.620  -14.405  38.435 0.0000000000
91979  12.020  16.612  41.989 0.0000000000
93317  13.402  19.288  40.518 0.0000000000
119975  12.755  18.108  44.057 0.0000000000
94417  13.445  20.780  48.023 0.0000000000
95550  12.291  22.667  45.322 0.0000000000
80292  12.329  1.587  50.143 0.0000000000
77309  9.935  -0.607  48.842 0.0000000000
79349  10.187  1.475  48.331 0.0000000000
83234  9.407  5.361  45.857 0.0000000000
80343  8.583  2.626  45.109 0.0000000000
82314  8.664  3.892  43.577 0.0000000000
128612  8.173  1.884  41.361 0.0000000000
82332  9.166  4.985  41.994 0.0000000000
83279  9.942  5.474  40.406 0.0000000000
84130  11.351  6.441  42.418 0.0000000000
89294  13.549  12.489  44.034 0.0000000000
89299  10.339  11.859  42.505 0.0000000000
90635  10.544  14.408  42.299 0.0000000000
91344  9.687  15.202  40.575 0.0000000000
139618  44.527  -7.340  37.502 0.0000000000
73467  45.118  -3.730  38.212 0.0000000000
72599  46.569  -5.398  36.149 0.0000000000
70841  53.067  -7.306  31.891 0.0000000000
142512  51.253  -4.474  34.115 0.0000000000
74454  53.001  -3.944  32.952 0.0000000000
74501  54.638  -2.944  30.122 0.0000000000
75557  55.042  -2.401  27.761 0.0000000000
74512  53.026  -3.476  28.371 0.0000000000
121226  11.832  -15.299  49.128 0.0000000000
63112  8.725  -15.203  48.926 0.0000000000
134888  7.768  -13.981  49.940 0.0000000000
67863  15.479  -10.722  46.518 0.0000000000
67846  14.056  -11.252  48.919 0.0000000000
131242  13.570  -9.499  44.588 0.0000000000
74268  15.880  -3.090  52.086 0.0000000000
72518  12.883  -5.102  49.196 0.0000000000
73372  13.675  -4.000  51.632 0.0000000000
117542  10.854  -5.548  51.042 0.0000000000
133636  13.928  -0.957  54.543 0.0000000000
79304  13.068  1.796  53.878 0.0000000000
81260  15.670  2.907  56.088 0.0000000000
79329  18.406  1.287  49.598 0.0000000000
81357  17.966  3.836  42.693 0.0000000000
68997  30.939  -9.432  31.370 0.0000000000
71772  30.917  -6.974  31.919 0.0000000000
68994  33.979  -9.290  31.324 0.0000000000
67007  41.805  -11.694  35.485 0.0000000000
69957  38.659  -8.592  33.599 0.0000000000
69939  40.804  -8.252  35.541 0.0000000000
71704  39.821  -6.264  36.729 0.0000000000
70793  41.656  -7.751  37.120 0.0000000000
69902  43.199  -8.745  38.488 0.0000000000
68924  43.586  -10.388  38.138 0.0000000000
63293  47.754  -15.246  36.754 0.0000000000
65182  48.515  -13.673  37.685 0.0000000000
65195  47.139  -13.387  35.579 0.0000000000
72534  11.217  -4.994  45.181 0.0000000000
69855  8.796  -8.193  43.219 0.0000000000
69866  10.631  -8.050  42.214 0.0000000000
70833  8.036  -7.773  34.323 0.0000000000
85131  11.223  7.188  36.965 0.0000000000
83343  10.211  6.176  34.698 0.0000000000
86067  12.063  8.287  35.262 0.0000000000
78424  46.392  0.708  40.663 0.0000000000
135727  42.497  0.577  42.302 0.0000000000
77410  43.485  -0.359  39.229 0.0000000000
80551  56.641  2.146  18.761 0.0000000000
80568  58.609  2.798  17.330 0.0000000000
82569  60.195  4.110  15.466 0.0000000000
81577  61.030  3.507  18.140 0.0000000000
76578  54.559  -1.729  22.733 0.0000000000
78605  55.943  0.689  22.954 0.0000000000
121446  24.348  -7.031  42.806 0.0000000000
72543  25.383  -5.405  42.651 0.0000000000
71655  26.103  -6.817  42.021 0.0000000000
69878  25.468  -8.743  40.699 0.0000000000
68919  25.083  -9.924  39.045 0.0000000000
70695  24.426  -7.101  50.208 0.0000000000
69787  22.206  -8.474  48.486 0.0000000000
68825  24.086  -9.371  47.238 0.0000000000
69835  23.839  -9.158  43.665 0.0000000000
67831  31.304  -10.106  49.021 0.0000000000
67821  28.755  -10.781  49.934 0.0000000000
122224  29.621  -7.464  50.693 0.0000000000
71603  26.606  -5.731  51.271 0.0000000000
67911  34.315  -10.849  41.836 0.0000000000
67894  36.330  -10.784  43.252 0.0000000000
67885  34.457  -9.879  44.651 0.0000000000
69794  34.339  -8.610  47.502 0.0000000000
66989  26.964  -11.456  37.296 0.0000000000
66963  28.212  -11.727  39.390 0.0000000000
118568  30.940  -11.659  41.031 0.0000000000
89940  15.106  13.332  46.549 0.0000000000
137733  13.189  16.154  46.699 0.0000000000
129853  14.350  14.588  49.869 0.0000000000
91265  14.740  15.547  50.764 0.0000000000
92677  15.325  17.443  48.830 0.0000000000
119151  13.325  2.085  45.924 0.0000000000
80329  11.317  3.062  47.347 0.0000000000
82288  11.982  4.674  45.680 0.0000000000
84075  10.686  6.523  47.399 0.0000000000
125119  10.308  8.084  47.337 0.0000000000
85959  10.567  8.929  44.870 0.0000000000
87679  10.190  10.223  47.754 0.0000000000
87695  13.961  10.901  46.093 0.0000000000
68937  48.796  -9.316  35.575 0.0000000000
70812  48.224  -7.153  35.592 0.0000000000
68944  50.175  -8.875  33.696 0.0000000000
69974  51.735  -8.592  31.584 0.0000000000
63046  12.934  -14.214  51.790 0.0000000000
74323  16.827  -3.799  44.836 0.0000000000
72532  14.329  -5.458  45.685 0.0000000000
75319  17.343  -2.328  48.019 0.0000000000
75302  18.150  -2.147  51.150 0.0000000000
77272  18.506  -0.302  53.392 0.0000000000
80241  18.095  2.106  55.188 0.0000000000
138607  20.335  2.224  54.741 0.0000000000
62130  45.791  -16.406  34.919 0.0000000000
62149  43.755  -16.442  32.905 0.0000000000
60043  43.928  -18.674  33.557 0.0000000000
65202  36.730  -13.439  34.455 0.0000000000
66104  37.501  -12.062  32.649 0.0000000000
64316  40.214  -14.647  34.719 0.0000000000
64305  42.433  -14.383  36.067 0.0000000000
65186  43.206  -13.422  37.333 0.0000000000
141419  44.836  -12.578  39.510 0.0000000000
63245  45.634  -15.296  39.685 0.0000000000
61005  47.144  -16.493  37.726 0.0000000000
74359  12.422  -3.655  41.324 0.0000000000
70770  13.289  -7.122  41.116 0.0000000000
73466  13.200  -4.828  38.879 0.0000000000
71708  12.624  -6.744  35.802 0.0000000000
120742  8.682  -6.242  33.220 0.0000000000
124434  17.220  2.597  33.128 0.0000000000
89322  15.043  12.749  38.118 0.0000000000
87768  15.022  10.155  35.992 0.0000000000
136907  15.520  13.091  36.154 0.0000000000
81549  56.452  3.273  21.475 0.0000000000
77317  24.204  -0.657  48.646 0.0000000000
79354  24.352  1.462  48.001 0.0000000000
78367  24.591  -0.250  46.207 0.0000000000
78392  23.156  -0.187  44.354 0.0000000000
77371  21.914  -0.854  41.923 0.0000000000
73441  23.907  -4.211  41.285 0.0000000000
75409  21.952  -3.037  40.767 0.0000000000
76387  21.150  -1.129  39.253 0.0000000000
75456  22.095  -2.218  36.184 0.0000000000
74447  23.144  -2.911  33.740 0.0000000000
74466  24.646  -3.989  32.222 0.0000000000
65966  15.049  -12.122  56.723 0.0000000000
69744  17.042  -9.991  54.072 0.0000000000
68808  16.908  -10.167  49.283 0.0000000000
68866  17.224  -10.262  45.018 0.0000000000
118462  20.027  -9.400  46.202 0.0000000000
69850  18.600  -8.900  43.199 0.0000000000
72564  17.029  -6.024  42.741 0.0000000000
75367  18.913  -2.646  44.868 0.0000000000
119752  21.321  -1.407  46.793 0.0000000000
66863  26.485  -11.984  50.068 0.0000000000
59971  42.958  -19.337  40.425 0.0000000000
56880  44.284  -22.307  40.867 0.0000000000
59950  41.788  -18.840  42.143 0.0000000000
128385  39.839  -18.948  42.908 0.0000000000
120533  36.826  -13.175  44.907 0.0000000000
72661  26.828  -4.911  32.482 0.0000000000
122764  25.591  -6.977  31.929 0.0000000000
68980  28.065  -10.200  31.836 0.0000000000
67973  30.946  -11.124  32.972 0.0000000000
138538  29.075  -11.554  36.237 0.0000000000
67013  31.062  -11.474  35.023 0.0000000000
67023  34.342  -11.619  34.740 0.0000000000
63284  37.535  -14.901  36.410 0.0000000000
60987  39.808  -17.053  38.311 0.0000000000
94434  12.505  20.796  44.222 0.0000000000
73384  8.527  -4.143  50.229 0.0000000000
71630  7.981  -6.664  47.481 0.0000000000
74287  9.406  -3.537  49.054 0.0000000000
141198  10.432  -3.057  47.290 0.0000000000
75355  10.741  -2.549  45.594 0.0000000000
79372  9.089  1.596  47.025 0.0000000000
77337  8.475  -0.504  45.342 0.0000000000
75380  9.589  -1.797  43.309 0.0000000000
76374  8.641  -1.350  41.240 0.0000000000
78451  9.281  -0.098  40.143 0.0000000000
79405  11.715  2.005  40.262 0.0000000000
81383  12.741  3.387  38.975 0.0000000000
81398  8.903  4.042  38.346 0.0000000000
84197  10.135  6.190  38.092 0.0000000000
86022  13.772  8.511  39.337 0.0000000000
127710  11.632  8.996  42.946 0.0000000000
87736  12.407  10.280  41.793 0.0000000000
88566  14.327  11.159  40.021 0.0000000000
89967  12.078  13.873  39.764 0.0000000000
120728  42.221  -5.448  41.345 0.0000000000
74326  41.641  -3.421  43.247 0.0000000000
73435  42.599  -4.527  41.033 0.0000000000
75416  46.222  -2.009  39.904 0.0000000000
76383  48.398  -0.632  39.525 0.0000000000
73511  48.424  -4.147  35.752 0.0000000000
74402  49.486  -2.636  36.964 0.0000000000
77442  49.896  -0.704  37.161 0.0000000000
77481  50.246  -0.799  34.279 0.0000000000
122698  54.044  1.809  27.154 0.0000000000
77552  55.515  -0.166  27.511 0.0000000000
75587  54.678  -2.628  25.248 0.0000000000
74587  53.666  -3.901  23.336 0.0000000000
84432  63.057  6.555  11.892 0.0000000000
85941  17.094  8.788  45.233 0.0000000000
88508  18.985  11.300  48.272 0.0000000000
63128  6.937  -14.803  47.732 0.0000000000
130849  6.347  -9.246  49.951 0.0000000000
67804  14.114  -11.799  53.803 0.0000000000
66854  12.248  -12.514  51.649 0.0000000000
66016  10.849  -12.603  48.644 0.0000000000
71633  12.509  -7.108  46.390 0.0000000000
69807  10.635  -8.680  46.791 0.0000000000
67847  8.899  -11.093  48.032 0.0000000000
69778  8.632  -8.774  50.230 0.0000000000
71597  8.215  -7.031  52.146 0.0000000000
73377  7.293  -4.893  52.566 0.0000000000
76274  11.592  -1.551  50.795 0.0000000000
80272  12.612  2.209  52.427 0.0000000000
81306  13.811  2.476  50.964 0.0000000000
80271  16.826  2.534  52.438 0.0000000000
79319  15.879  1.729  50.534 0.0000000000
79358  14.381  1.474  47.569 0.0000000000
80350  15.151  2.010  44.003 0.0000000000
84111  15.626  5.892  43.047 0.0000000000
55949  41.914  -22.557  38.993 0.0000000000
140903  28.373  -5.970  33.651 0.0000000000
72633  32.665  -5.500  34.784 0.0000000000
69967  36.817  -8.602  32.093 0.0000000000
71737  35.749  -6.424  33.349 0.0000000000
72604  35.470  -5.050  36.045 0.0000000000
73484  37.284  -4.711  37.513 0.0000000000
141977  38.911  -4.652  38.860 0.0000000000
72574  40.367  -5.248  40.676 0.0000000000
70780  42.507  -6.540  39.411 0.0000000000
70777  43.959  -7.894  38.783 0.0000000000
128363  46.000  -9.201  38.471 0.0000000000
66952  45.325  -11.718  40.266 0.0000000000
135691  47.146  -10.055  39.647 0.0000000000
67932  48.085  -9.872  37.925 0.0000000000
67951  47.683  -10.706  34.956 0.0000000000
67979  45.468  -9.984  32.762 0.0000000000
89918  19.914  13.472  50.180 0.0000000000
91267  17.412  15.063  49.555 0.0000000000
68902  7.548  -9.430  44.057 0.0000000000
69895  9.138  -8.642  39.072 0.0000000000
81414  13.955  3.899  37.066 0.0000000000
132981  14.540  4.206  34.286 0.0000000000
82432  14.077  4.374  32.433 0.0000000000
86073  14.002  8.529  34.217 0.0000000000
133060  13.202  6.492  31.268 0.0000000000
78370  41.655  0.030  44.611 0.0000000000
83511  61.722  5.414  13.715 0.0000000000
82574  63.079  4.241  13.640 0.0000000000
80495  55.037  2.485  24.951 0.0000000000
79547  57.124  2.236  22.598 0.0000000000
79554  59.148  2.091  21.195 0.0000000000
77648  58.920  -0.291  19.041 0.0000000000
136568  61.035  1.668  19.015 0.0000000000
78669  62.323  1.609  16.663 0.0000000000
126643  63.193  1.879  14.490 0.0000000000
68876  28.058  -8.796  44.335 0.0000000000
68893  27.636  -8.982  43.630 0.0000000000
68892  28.135  -9.272  44.124 0.0000000000
69822  28.670  -8.417  45.504 0.0000000000
69824  27.298  -8.532  45.112 0.0000000000
69821  29.223  -8.468  46.008 0.0000000000
70731  29.217  -7.866  46.430 0.0000000000
67890  29.112  -9.857  45.130 0.0000000000
67875  29.976  -9.850  45.843 0.0000000000
67899  28.997  -10.756  44.487 0.0000000000
86762  17.231  9.301  48.310 0.0000000000
88505  16.974  10.641  49.987 0.0000000000
87666  17.580  10.199  48.840 0.0000000000
85930  16.424  8.409  46.951 0.0000000000
85932  15.027  8.114  47.430 0.0000000000
86771  16.474  8.753  48.174 0.0000000000
122668  16.427  9.409  48.531 0.0000000000
80267  24.693  2.099  51.276 0.0000000000
123967  24.525  3.336  50.479 0.0000000000
135456  24.679  2.218  50.281 0.0000000000
78325  23.860  0.443  50.699 0.0000000000
77288  22.959  0.117  51.056 0.0000000000
123247  24.193  1.008  51.675 0.0000000000
79300  24.962  1.879  52.980 0.0000000000
57904  46.076  -20.797  38.370 0.0000000000
57911  45.623  -21.497  37.830 0.0000000000
57905  46.096  -21.351  38.875 0.0000000000
58947  43.685  -19.083  38.990 0.0000000000
59997  43.915  -18.766  38.312 0.0000000000
121464  45.828  -19.411  39.071 0.0000000000
130617  45.849  -19.826  38.587 0.0000000000
67858  6.406  -10.507  47.556 0.0000000000
66905  6.643  -11.328  46.208 0.0000000000
69820  7.154  -8.763  46.801 0.0000000000
77424  12.129  -0.589  38.814 0.0000000000
76416  11.937  -1.606  36.700 0.0000000000
77456  12.700  -1.077  36.565 0.0000000000
76443  13.342  -1.708  35.366 0.0000000000
134532  14.348  -0.206  37.332 0.0000000000
77454  14.948  -0.399  36.788 0.0000000000
134369  14.774  0.537  37.828 0.0000000000
122000  49.619  -0.305  26.852 0.0000000000
78558  50.412  0.644  26.507 0.0000000000
79500  51.679  1.320  26.446 0.0000000000
83527  64.411  5.490  10.306 0.0000000000
73405  23.682  -4.426  44.343 0.0000000000
74315  25.058  -3.766  44.704 0.0000000000
73403  25.284  -4.064  44.178 0.0000000000
69916  23.923  -9.174  38.005 0.0000000000
70790  22.817  -7.293  38.038 0.0000000000
69918  23.045  -8.239  37.162 0.0000000000
69942  22.599  -7.767  35.927 0.0000000000
68942  23.494  -9.115  35.808 0.0000000000
137344  20.741  -6.569  53.334 0.0000000000
132976  20.827  -7.696  52.223 0.0000000000
70682  21.274  -7.651  51.533 0.0000000000
137246  23.288  -6.320  42.917 0.0000000000
71657  21.948  -6.716  42.623 0.0000000000
73418  23.044  -4.826  43.749 0.0000000000
74332  22.718  -4.151  44.072 0.0000000000
72506  23.723  -6.174  53.084 0.0000000000
70668  23.858  -7.687  54.078 0.0000000000
71574  22.450  -5.884  54.077 0.0000000000
70660  21.581  -7.253  54.365 0.0000000000
66046  37.271  -12.676  40.713 0.0000000000
65156  37.822  -13.154  41.222 0.0000000000
66041  37.386  -12.493  41.558 0.0000000000
66880  31.839  -12.088  48.484 0.0000000000
65137  32.925  -13.133  47.575 0.0000000000
68954  23.894  -9.359  34.967 0.0000000000
67955  24.847  -10.331  35.766 0.0000000000
66940  35.311  -11.550  39.975 0.0000000000
120169  33.753  -11.466  38.804 0.0000000000
66955  35.980  -11.913  39.714 0.0000000000
66055  36.484  -12.459  39.397 0.0000000000
91315  12.743  15.622  43.106 0.0000000000
92701  12.611  17.218  42.676 0.0000000000
91962  12.805  16.771  44.392 0.0000000000
94968  14.188  21.064  48.088 0.0000000000
95546  13.219  22.442  47.347 0.0000000000
142556  14.380  24.050  47.037 0.0000000000
118427  11.870  1.974  49.471 0.0000000000
138274  11.058  1.249  49.353 0.0000000000
137480  11.597  2.223  48.535 0.0000000000
142339  9.615  5.415  45.042 0.0000000000
82301  9.219  4.896  44.919 0.0000000000
83248  9.621  5.167  43.938 0.0000000000
82326  8.785  4.225  42.961 0.0000000000
83262  9.740  5.280  42.770 0.0000000000
83261  10.527  5.751  42.389 0.0000000000
84131  10.828  6.195  43.140 0.0000000000
89945  13.890  14.229  44.203 0.0000000000
89951  12.635  13.489  42.932 0.0000000000
128587  12.816  14.914  42.960 0.0000000000
91325  10.722  15.418  42.123 0.0000000000
70801  45.422  -7.463  36.121 0.0000000000
72601  44.857  -6.619  36.430 0.0000000000
70815  45.797  -7.204  35.653 0.0000000000
72673  53.446  -6.184  31.400 0.0000000000
73533  52.993  -5.246  32.452 0.0000000000
73544  53.717  -4.914  31.546 0.0000000000
74472  54.585  -3.124  31.436 0.0000000000
73554  54.324  -3.856  30.568 0.0000000000
74511  53.864  -3.194  28.781 0.0000000000
73579  52.451  -4.049  28.885 0.0000000000
63084  12.948  -15.029  50.427 0.0000000000
63096  13.407  -14.980  49.479 0.0000000000
63086  11.519  -15.279  50.083 0.0000000000
63088  9.741  -14.997  50.130 0.0000000000
64205  9.022  -14.054  51.663 0.0000000000
68888  15.030  -9.735  43.873 0.0000000000
137060  14.436  -10.192  44.701 0.0000000000
69836  14.255  -8.462  43.797 0.0000000000
75286  15.803  -1.902  53.112 0.0000000000
73373  14.712  -3.654  51.947 0.0000000000
75287  15.299  -2.212  53.232 0.0000000000
74262  14.490  -2.432  52.780 0.0000000000
78300  14.890  0.106  55.574 0.0000000000
79288  14.201  1.360  56.396 0.0000000000
79292  15.779  1.438  56.130 0.0000000000
125462  44.571  -14.171  33.467 0.0000000000
64331  43.755  -14.881  32.853 0.0000000000
131261  31.936  -10.280  31.753 0.0000000000
68996  32.298  -9.589  31.428 0.0000000000
68008  33.598  -10.191  31.586 0.0000000000
67006  42.304  -11.219  35.949 0.0000000000
68949  41.181  -10.040  34.982 0.0000000000
68939  41.829  -9.804  35.536 0.0000000000
69929  41.284  -7.985  36.300 0.0000000000
68932  42.948  -9.994  36.609 0.0000000000
68925  43.265  -9.982  37.509 0.0000000000
67934  43.495  -10.889  37.797 0.0000000000
64314  46.547  -15.028  35.386 0.0000000000
124621  47.332  -14.408  35.820 0.0000000000
64323  45.577  -14.711  34.555 0.0000000000
65197  45.346  -13.433  34.321 0.0000000000
73409  12.218  -4.542  44.341 0.0000000000
71653  10.770  -6.555  43.719 0.0000000000
71651  12.241  -6.150  43.146 0.0000000000
86045  12.696  8.173  36.939 0.0000000000
86056  11.367  7.945  35.641 0.0000000000
86054  13.243  8.735  36.561 0.0000000000
78453  46.573  1.170  39.887 0.0000000000
134513  45.249  0.666  40.541 0.0000000000
137393  44.870  -0.344  38.608 0.0000000000
128068  57.219  2.587  19.017 0.0000000000
80557  58.689  2.897  18.295 0.0000000000
81578  60.050  3.392  17.836 0.0000000000
81570  60.435  3.239  18.770 0.0000000000
75616  54.640  -2.626  21.801 0.0000000000
137605  55.040  -2.136  21.518 0.0000000000
69860  25.714  -7.821  42.745 0.0000000000
71644  25.661  -6.424  42.308 0.0000000000
70756  26.090  -7.180  42.238 0.0000000000
68908  26.388  -9.658  41.477 0.0000000000
69871  26.200  -8.016  41.452 0.0000000000
67917  25.800  -9.814  40.632 0.0000000000
68913  25.171  -9.492  39.942 0.0000000000
67924  25.611  -10.289  39.630 0.0000000000
70709  24.824  -7.670  49.221 0.0000000000
69785  24.244  -8.432  48.634 0.0000000000
69802  24.645  -9.072  47.978 0.0000000000
69834  25.345  -9.106  44.038 0.0000000000
138313  24.689  -9.367  44.626 0.0000000000
69844  24.889  -8.678  43.315 0.0000000000
69845  23.697  -8.513  43.122 0.0000000000
69772  32.285  -8.157  49.186 0.0000000000
134853  30.635  -8.498  50.238 0.0000000000
70692  30.993  -7.012  49.831 0.0000000000
126123  27.662  -7.146  48.474 0.0000000000
71612  27.849  -6.436  50.026 0.0000000000
70694  26.386  -6.731  49.604 0.0000000000
71615  25.466  -6.083  50.954 0.0000000000
67906  33.391  -10.941  42.275 0.0000000000
67905  34.147  -10.626  42.973 0.0000000000
139046  33.210  -10.789  43.151 0.0000000000
69813  31.789  -8.174  47.526 0.0000000000
68836  33.509  -8.790  46.744 0.0000000000
69795  33.619  -8.152  47.881 0.0000000000
68814  33.233  -9.126  48.674 0.0000000000
66965  26.839  -11.436  39.049 0.0000000000
66947  27.481  -11.501  40.632 0.0000000000
66922  30.368  -11.717  42.696 0.0000000000
66944  29.938  -11.794  41.157 0.0000000000
66932  31.185  -11.649  41.963 0.0000000000
66943  32.714  -11.403  40.939 0.0000000000
89933  15.231  13.232  47.548 0.0000000000
90607  14.587  14.335  47.470 0.0000000000
130070  14.680  13.627  49.728 0.0000000000
89242  16.771  12.849  54.276 0.0000000000
117688  14.848  13.413  54.044 0.0000000000
139237  15.276  14.571  51.688 0.0000000000
91940  15.450  15.974  50.433 0.0000000000
91263  16.222  15.513  50.399 0.0000000000
81351  13.193  3.354  44.446 0.0000000000
81343  12.007  3.835  45.637 0.0000000000
83232  12.644  4.967  45.090 0.0000000000
84999  12.101  7.369  48.267 0.0000000000
84074  11.830  6.434  47.197 0.0000000000
84067  10.585  7.177  47.930 0.0000000000
85010  10.401  7.193  47.472 0.0000000000
85001  10.261  8.051  48.015 0.0000000000
85933  9.885  9.139  47.920 0.0000000000
86765  11.033  9.611  48.422 0.0000000000
88513  15.557  11.216  47.877 0.0000000000
87685  14.323  10.555  47.017 0.0000000000
88522  15.156  11.688  46.471 0.0000000000
89279  15.129  12.401  45.972 0.0000000000
68946  48.773  -9.569  34.605 0.0000000000
69948  48.996  -8.981  35.017 0.0000000000
63044  16.753  -14.853  53.354 0.0000000000
64193  16.838  -14.194  52.751 0.0000000000
64188  13.993  -13.644  52.543 0.0000000000
75354  17.780  -2.703  45.925 0.0000000000
74293  17.031  -3.067  46.140 0.0000000000
118141  17.947  -2.068  47.442 0.0000000000
77291  20.727  -1.039  51.982 0.0000000000
76282  18.834  -1.937  50.553 0.0000000000
76271  19.509  -1.197  52.460 0.0000000000
76269  17.853  -1.233  52.775 0.0000000000
77271  19.443  -0.195  53.696 0.0000000000
78296  19.458  0.609  55.071 0.0000000000
79296  20.927  1.265  55.188 0.0000000000
61018  46.262  -17.629  36.155 0.0000000000
137742  44.593  -17.582  33.856 0.0000000000
60032  44.908  -18.598  34.774 0.0000000000
57937  43.173  -20.532  35.482 0.0000000000
57961  43.235  -19.964  34.276 0.0000000000
63312  38.352  -15.270  35.081 0.0000000000
64318  38.442  -14.749  34.531 0.0000000000
141894  40.192  -15.848  35.258 0.0000000000
62096  43.808  -16.838  37.082 0.0000000000
121922  42.490  -16.098  35.951 0.0000000000
63281  43.739  -15.832  37.008 0.0000000000
64304  43.117  -14.249  36.833 0.0000000000
64296  44.329  -14.997  38.188 0.0000000000
126737  44.935  -14.686  39.248 0.0000000000
63260  45.073  -15.783  39.049 0.0000000000
60008  45.985  -18.016  37.581 0.0000000000
60994  46.747  -17.174  37.805 0.0000000000
133221  46.603  -17.315  37.387 0.0000000000
62117  46.902  -16.269  36.517 0.0000000000
137089  10.690  -3.045  40.307 0.0000000000
139225  12.862  -4.324  39.806 0.0000000000
136644  12.012  -3.704  39.457 0.0000000000
73508  12.712  -4.246  36.351 0.0000000000
72611  12.973  -5.331  36.234 0.0000000000
71728  12.343  -5.890  34.949 0.0000000000
71730  10.284  -6.515  34.481 0.0000000000
72642  10.783  -5.884  33.935 0.0000000000
120486  10.143  -6.179  32.563 0.0000000000
72657  11.366  -5.655  33.431 0.0000000000
129929  13.953  -3.961  33.881 0.0000000000
73542  13.928  -5.109  33.202 0.0000000000
80420  16.837  2.798  34.520 0.0000000000
139988  14.030  13.946  38.296 0.0000000000
89321  15.324  12.670  37.384 0.0000000000
126440  56.014  3.352  22.228 0.0000000000
76312  24.472  -1.425  47.515 0.0000000000
77323  25.058  -0.738  47.690 0.0000000000
76326  25.022  -1.731  46.871 0.0000000000
76353  24.799  -1.950  44.025 0.0000000000
134293  24.405  -1.302  44.364 0.0000000000
76354  23.906  -1.484  43.622 0.0000000000
77359  22.208  -0.467  42.664 0.0000000000
76362  22.587  -1.315  42.446 0.0000000000
72570  25.459  -5.953  41.629 0.0000000000
73440  25.016  -4.483  41.776 0.0000000000
73451  24.208  -4.874  41.091 0.0000000000
73465  21.936  -4.538  38.987 0.0000000000
73453  22.157  -4.489  39.903 0.0000000000
74378  21.669  -3.844  39.451 0.0000000000
75419  21.229  -2.029  39.624 0.0000000000
75440  21.247  -2.429  38.343 0.0000000000
132684  21.322  -1.599  37.855 0.0000000000
74409  21.692  -2.905  36.939 0.0000000000
72640  22.872  -5.348  34.486 0.0000000000
121356  22.638  -4.102  34.988 0.0000000000
73527  23.463  -4.497  33.451 0.0000000000
73538  24.418  -4.794  32.413 0.0000000000
66831  18.322  -11.107  57.098 0.0000000000
68759  16.362  -9.928  56.791 0.0000000000
69735  17.714  -9.895  54.764 0.0000000000
69777  19.006  -9.122  50.045 0.0000000000
68806  18.156  -9.505  50.529 0.0000000000
139801  18.044  -9.700  48.371 0.0000000000
67851  17.174  -10.276  46.731 0.0000000000
68846  17.899  -9.968  46.313 0.0000000000
68827  22.217  -9.196  47.095 0.0000000000
69806  20.885  -8.907  47.753 0.0000000000
119591  21.284  -9.462  45.444 0.0000000000
70759  19.990  -7.380  42.437 0.0000000000
69848  19.967  -8.641  43.204 0.0000000000
70760  19.051  -7.616  42.382 0.0000000000
69864  17.615  -8.128  42.495 0.0000000000
72563  17.986  -5.715  42.572 0.0000000000
73423  17.532  -4.497  43.428 0.0000000000
73422  19.157  -4.307  43.135 0.0000000000
75350  22.328  -2.462  45.439 0.0000000000
122753  21.329  -2.305  45.380 0.0000000000
136732  22.409  -1.605  46.731 0.0000000000
118700  22.760  -0.791  48.111 0.0000000000
68785  27.438  -9.677  50.752 0.0000000000
128669  27.313  -11.317  50.024 0.0000000000
67813  26.527  -10.213  50.530 0.0000000000
67816  22.975  -10.043  51.365 0.0000000000
66866  23.370  -10.874  49.850 0.0000000000
65994  21.414  -12.053  49.971 0.0000000000
65135  21.598  -14.172  49.134 0.0000000000
65114  20.775  -13.062  50.499 0.0000000000
126002  21.081  -13.123  52.927 0.0000000000
66840  19.756  -10.788  55.854 0.0000000000
65973  20.446  -12.734  55.472 0.0000000000
65968  19.629  -12.339  56.576 0.0000000000
65085  18.621  -13.559  57.293 0.0000000000
60970  41.496  -18.270  40.568 0.0000000000
130369  42.872  -19.453  41.122 0.0000000000
60956  41.472  -17.844  41.461 0.0000000000
63183  39.488  -16.446  42.731 0.0000000000
60926  40.550  -17.210  42.589 0.0000000000
60913  39.322  -17.278  43.233 0.0000000000
67883  36.473  -10.737  44.397 0.0000000000
66907  36.978  -11.309  44.258 0.0000000000
129165  36.271  -12.007  45.681 0.0000000000
72663  24.922  -5.445  32.127 0.0000000000
71761  24.743  -6.737  32.231 0.0000000000
67977  26.197  -10.492  33.444 0.0000000000
140416  26.444  -9.989  32.153 0.0000000000
67993  27.566  -10.629  32.547 0.0000000000
67992  28.897  -10.447  31.983 0.0000000000
142561  29.558  -11.255  33.449 0.0000000000
66976  28.431  -11.666  38.356 0.0000000000
67001  27.572  -11.492  36.629 0.0000000000
119711  29.416  -11.559  37.073 0.0000000000
66996  33.143  -11.475  36.759 0.0000000000
66998  31.443  -11.523  36.667 0.0000000000
119837  32.788  -11.456  36.189 0.0000000000
67011  32.773  -11.482  35.433 0.0000000000
66994  35.004  -11.825  36.114 0.0000000000
66081  35.539  -12.329  35.770 0.0000000000
66074  36.038  -12.838  36.390 0.0000000000
63261  39.202  -15.982  39.200 0.0000000000
62087  39.172  -16.271  38.271 0.0000000000
62085  39.891  -16.896  39.228 0.0000000000
59982  41.541  -18.557  39.425 0.0000000000
94454  13.239  20.556  41.269 0.0000000000
120200  12.609  17.555  47.141 0.0000000000
93281  12.564  18.934  45.548 0.0000000000
93897  12.391  19.508  46.434 0.0000000000
75306  9.779  -2.976  50.662 0.0000000000
123405  8.974  -4.210  49.381 0.0000000000
141014  9.532  -2.062  49.599 0.0000000000
77319  9.245  -0.584  48.176 0.0000000000
75322  9.502  -2.123  47.932 0.0000000000
124681  9.575  -1.920  47.075 0.0000000000
132538  10.791  -2.850  46.308 0.0000000000
140650  9.463  -1.792  46.516 0.0000000000
131365  10.394  3.377  47.355 0.0000000000
137020  9.778  3.036  47.388 0.0000000000
138385  9.163  3.001  47.116 0.0000000000
79390  8.476  1.946  44.306 0.0000000000
79382  8.542  1.761  45.310 0.0000000000
78393  8.323  0.283  44.039 0.0000000000
76347  9.071  -1.433  44.105 0.0000000000
76356  8.489  -1.103  42.966 0.0000000000
75391  9.478  -2.085  42.210 0.0000000000
77361  8.354  -0.490  42.436 0.0000000000
80372  8.092  2.543  40.648 0.0000000000
79409  8.462  1.198  40.574 0.0000000000
79408  8.774  1.320  40.261 0.0000000000
78435  10.395  0.873  40.329 0.0000000000
80377  9.843  2.273  39.865 0.0000000000
80385  10.092  2.944  39.404 0.0000000000
81387  8.615  3.490  38.929 0.0000000000
84162  11.422  6.263  40.764 0.0000000000
84179  10.136  5.885  38.908 0.0000000000
84177  11.945  6.608  39.607 0.0000000000
84195  12.094  6.820  38.847 0.0000000000
85105  13.139  7.742  40.506 0.0000000000
86801  10.270  9.981  45.185 0.0000000000
85975  11.234  8.627  43.880 0.0000000000
86817  10.447  10.330  44.442 0.0000000000
88556  9.591  12.006  41.945 0.0000000000
87737  11.165  10.835  42.199 0.0000000000
131157  11.925  11.128  41.611 0.0000000000
87735  13.055  10.826  41.157 0.0000000000
89314  12.539  12.390  40.766 0.0000000000
89313  13.305  12.596  40.128 0.0000000000
89964  11.050  13.675  40.598 0.0000000000
91993  10.034  15.771  40.091 0.0000000000
91350  9.859  15.248  39.708 0.0000000000
71672  42.645  -5.431  40.598 0.0000000000
72566  42.424  -5.330  41.115 0.0000000000
72572  42.730  -5.013  40.485 0.0000000000
74395  46.195  -3.249  37.995 0.0000000000
74374  45.485  -2.662  39.398 0.0000000000
74373  46.536  -2.330  39.195 0.0000000000
124346  47.619  -1.290  40.106 0.0000000000
75423  48.147  -1.885  38.862 0.0000000000
135637  49.852  -6.675  35.005 0.0000000000
71710  48.469  -6.226  35.494 0.0000000000
71723  50.021  -5.691  34.687 0.0000000000
74421  51.578  -2.835  34.836 0.0000000000
74412  50.496  -2.751  35.887 0.0000000000
75461  50.811  -2.215  36.155 0.0000000000
75430  50.212  -1.521  37.182 0.0000000000
77457  51.044  -1.186  36.158 0.0000000000
77459  50.154  -0.517  35.651 0.0000000000
137963  51.911  -0.971  35.086 0.0000000000
74533  53.702  -3.274  26.793 0.0000000000
75574  54.944  -2.482  26.933 0.0000000000
125584  54.171  -3.313  25.091 0.0000000000
74569  54.421  -2.944  24.295 0.0000000000
73642  53.094  -4.345  24.013 0.0000000000
72749  51.648  -5.680  21.434 0.0000000000
79367  23.388  1.558  46.634 0.0000000000
64229  7.367  -14.473  49.299 0.0000000000
121214  8.030  -15.209  48.294 0.0000000000
65140  6.543  -13.156  48.572 0.0000000000
66886  5.951  -11.477  49.059 0.0000000000
68811  6.462  -9.876  50.010 0.0000000000
127245  15.139  -10.743  54.186 0.0000000000
67800  14.029  -11.295  55.279 0.0000000000
68783  14.782  -11.280  52.890 0.0000000000
66890  13.179  -11.585  48.150 0.0000000000
66867  13.332  -11.628  50.581 0.0000000000
66882  12.473  -11.971  48.717 0.0000000000
65995  11.736  -12.405  50.791 0.0000000000
66892  11.175  -12.222  47.340 0.0000000000
73393  14.500  -4.817  46.454 0.0000000000
72533  13.647  -5.989  46.046 0.0000000000
72522  13.872  -5.049  47.125 0.0000000000
72520  11.423  -6.093  48.753 0.0000000000
71629  11.456  -6.663  47.943 0.0000000000
134733  10.761  -7.135  48.273 0.0000000000
127050  9.749  -10.049  47.182 0.0000000000
69791  9.920  -8.125  48.687 0.0000000000
124135  8.869  -10.453  48.592 0.0000000000
70714  9.524  -8.153  49.558 0.0000000000
133892  11.786  -3.785  52.059 0.0000000000
117198  9.689  -6.029  51.999 0.0000000000
73368  9.410  -4.066  52.999 0.0000000000
72511  7.326  -5.209  53.105 0.0000000000
74266  8.961  -3.718  52.425 0.0000000000
74271  9.400  -3.597  51.580 0.0000000000
76273  12.066  -1.472  51.152 0.0000000000
81273  13.807  2.754  54.193 0.0000000000
80264  12.435  2.508  53.127 0.0000000000
82241  12.541  3.637  52.763 0.0000000000
81299  13.086  2.688  51.855 0.0000000000
127459  14.049  2.876  51.945 0.0000000000
120288  18.844  1.740  53.809 0.0000000000
80252  17.424  2.159  54.250 0.0000000000
80270  17.645  2.116  52.301 0.0000000000
118270  17.910  1.381  47.942 0.0000000000
79330  17.367  1.285  49.595 0.0000000000
125490  16.881  1.268  48.643 0.0000000000
79333  14.826  1.755  49.283 0.0000000000
118861  16.156  1.293  47.027 0.0000000000
79380  14.771  1.514  45.746 0.0000000000
79379  15.668  1.535  45.511 0.0000000000
82323  16.434  4.251  42.461 0.0000000000
85076  17.122  6.843  42.494 0.0000000000
85058  16.490  7.401  43.147 0.0000000000
119541  43.092  -21.632  42.163 0.0000000000
121815  43.343  -22.890  40.337 0.0000000000
55921  41.380  -22.661  40.483 0.0000000000
71758  27.452  -6.560  32.524 0.0000000000
71745  27.797  -5.876  33.180 0.0000000000
71757  28.363  -6.566  32.952 0.0000000000
71771  32.032  -6.997  31.751 0.0000000000
136151  30.730  -6.428  33.093 0.0000000000
71741  32.254  -6.103  33.185 0.0000000000
72649  32.002  -5.774  34.106 0.0000000000
72648  32.933  -5.739  33.749 0.0000000000
66103  38.203  -12.139  32.831 0.0000000000
68005  37.103  -10.341  31.837 0.0000000000
67983  38.324  -10.768  32.487 0.0000000000
70829  38.398  -7.404  34.259 0.0000000000
70835  36.905  -7.284  33.263 0.0000000000
71725  36.790  -6.227  34.438 0.0000000000
72629  35.971  -5.779  34.608 0.0000000000
72618  36.679  -5.670  35.228 0.0000000000
127823  35.845  -4.806  36.577 0.0000000000
72617  37.556  -5.594  35.818 0.0000000000
71703  40.497  -6.609  37.242 0.0000000000
72593  39.137  -5.307  37.463 0.0000000000
71693  40.382  -5.938  38.569 0.0000000000
72582  40.213  -5.443  39.770 0.0000000000
71685  40.658  -5.906  39.409 0.0000000000
71675  41.536  -5.887  40.563 0.0000000000
71691  41.808  -6.601  39.145 0.0000000000
69901  43.699  -9.512  38.700 0.0000000000
69889  43.590  -8.342  38.794 0.0000000000
69887  44.582  -9.497  38.941 0.0000000000
69900  44.720  -8.950  38.678 0.0000000000
69886  45.225  -9.676  39.160 0.0000000000
64277  45.336  -13.947  39.478 0.0000000000
66052  45.345  -12.354  39.912 0.0000000000
65159  46.025  -13.303  39.856 0.0000000000
66065  48.857  -13.011  37.268 0.0000000000
66058  48.143  -12.787  38.297 0.0000000000
131909  48.664  -12.009  37.538 0.0000000000
67927  47.748  -10.381  38.854 0.0000000000
67942  48.766  -10.512  36.839 0.0000000000
67950  48.724  -10.581  35.628 0.0000000000
67004  48.151  -11.454  35.584 0.0000000000
132196  19.709  12.511  50.167 0.0000000000
72530  8.633  -6.402  46.903 0.0000000000
134682  7.859  -7.887  45.912 0.0000000000
70738  8.249  -7.499  45.823 0.0000000000
69876  7.704  -8.994  41.092 0.0000000000
67915  7.304  -10.226  41.749 0.0000000000
69907  12.459  -8.272  38.852 0.0000000000
138601  11.856  -8.486  40.117 0.0000000000
69909  10.611  -8.566  38.443 0.0000000000
82363  11.152  4.397  37.492 0.0000000000
82361  13.166  4.094  37.471 0.0000000000
82374  12.096  4.436  36.874 0.0000000000
83350  10.467  6.289  33.826 0.0000000000
82409  11.622  5.088  34.452 0.0000000000
82423  12.711  4.851  33.237 0.0000000000
82421  14.365  4.326  33.409 0.0000000000
82434  12.399  5.171  32.408 0.0000000000
86924  14.559  9.097  34.922 0.0000000000
85191  14.437  7.579  32.315 0.0000000000
75382  42.385  -2.004  42.770 0.0000000000
76351  41.789  -1.782  43.817 0.0000000000
77346  42.602  -0.195  43.411 0.0000000000
82567  61.605  4.306  15.651 0.0000000000
82576  62.289  4.536  14.614 0.0000000000
83498  62.591  4.978  13.915 0.0000000000
81618  62.774  3.833  14.502 0.0000000000
122985  55.046  1.506  26.348 0.0000000000
80496  54.590  2.400  25.737 0.0000000000
129488  55.165  1.587  24.932 0.0000000000
78615  57.149  0.635  21.723 0.0000000000
78604  56.499  1.501  22.860 0.0000000000
78614  58.012  1.023  21.442 0.0000000000
79545  58.373  2.227  21.660 0.0000000000
78613  58.679  1.287  21.234 0.0000000000
77655  59.489  0.145  17.777 0.0000000000
78641  60.007  0.820  18.958 0.0000000000
78648  60.816  0.706  18.226 0.0000000000
79584  61.829  1.570  17.978 0.0000000000
78658  61.427  0.649  17.026 0.0000000000
78696  64.905  0.437  13.309 0.0000000000
137826  26.266  -8.711  43.637 0.0000000000
133067  26.785  -8.376  42.453 0.0000000000
69841  27.084  -8.752  43.001 0.0000000000
68903  27.250  -9.172  42.924 0.0000000000
67912  26.823  -10.497  41.714 0.0000000000
70724  27.103  -7.854  47.924 0.0000000000
69801  25.623  -8.939  47.784 0.0000000000
69817  26.860  -8.566  46.324 0.0000000000
118263  26.283  -8.926  44.557 0.0000000000
69797  31.287  -7.764  47.765 0.0000000000
71621  30.260  -6.527  48.848 0.0000000000
140823  29.763  -7.451  47.401 0.0000000000
70723  28.082  -7.531  47.538 0.0000000000
66913  31.649  -11.294  43.661 0.0000000000
67898  32.271  -10.946  44.098 0.0000000000
133092  31.666  -10.468  45.335 0.0000000000
68838  31.169  -8.723  47.206 0.0000000000
66936  27.560  -11.325  41.634 0.0000000000
66925  27.963  -11.324  42.440 0.0000000000
66915  29.831  -11.497  43.899 0.0000000000
88510  15.835  11.273  48.629 0.0000000000
89263  15.515  12.058  50.089 0.0000000000
127035  16.296  11.220  50.297 0.0000000000
119084  17.279  10.801  52.214 0.0000000000
89249  18.707  12.234  53.248 0.0000000000
84096  14.417  6.464  44.552 0.0000000000
83219  12.913  5.752  45.362 0.0000000000
85023  13.721  7.225  46.306 0.0000000000
84997  14.052  8.075  47.479 0.0000000000
85915  13.589  8.527  48.049 0.0000000000
87671  12.801  9.413  48.097 0.0000000000
86763  14.813  9.186  48.252 0.0000000000
87669  15.602  9.716  48.409 0.0000000000
68974  47.794  -9.259  32.025 0.0000000000
68973  48.489  -9.092  31.903 0.0000000000
63045  16.321  -15.687  54.000 0.0000000000
124822  15.281  -13.672  54.913 0.0000000000
136087  20.602  -1.186  48.350 0.0000000000
76300  19.670  -1.574  48.802 0.0000000000
76285  20.988  -0.990  50.101 0.0000000000
77290  21.410  -0.754  51.813 0.0000000000
77276  22.314  -0.123  53.271 0.0000000000
78294  21.731  0.660  55.055 0.0000000000
78303  23.832  1.282  54.255 0.0000000000
81267  24.662  3.263  53.377 0.0000000000
60020  45.550  -18.877  37.263 0.0000000000
58980  44.878  -19.772  36.130 0.0000000000
58972  45.222  -20.370  36.997 0.0000000000
57923  44.271  -20.918  36.661 0.0000000000
56931  43.579  -21.301  36.791 0.0000000000
60997  41.632  -18.172  36.994 0.0000000000
61019  41.568  -17.282  36.034 0.0000000000
60021  42.360  -18.180  36.816 0.0000000000
60996  43.851  -17.792  37.268 0.0000000000
62095  44.503  -17.341  37.939 0.0000000000
122772  45.893  -17.352  38.785 0.0000000000
60985  45.643  -18.215  38.325 0.0000000000
60009  45.501  -19.221  37.909 0.0000000000
75429  10.187  -1.973  38.701 0.0000000000
74390  11.058  -2.780  38.234 0.0000000000
75442  11.022  -2.179  37.793 0.0000000000
74410  12.443  -3.238  36.327 0.0000000000
125605  12.590  -3.532  35.571 0.0000000000
73523  12.667  -4.494  34.249 0.0000000000
75473  12.972  -2.370  34.995 0.0000000000
76458  13.795  -2.091  34.881 0.0000000000
76441  15.321  -1.457  35.399 0.0000000000
78482  16.273  -0.029  36.150 0.0000000000
79434  16.527  1.610  36.459 0.0000000000
80516  53.367  3.148  24.256 0.0000000000
85407  64.636  7.615  9.123 0.0000000000
75348  24.347  -2.927  45.803 0.0000000000
75329  25.322  -2.226  46.167 0.0000000000
74302  25.300  -3.117  45.113 0.0000000000
75376  25.566  -2.946  44.095 0.0000000000
75387  24.745  -2.782  42.996 0.0000000000
71686  23.773  -6.946  39.789 0.0000000000
71678  23.889  -6.043  40.308 0.0000000000
71687  23.241  -6.338  39.620 0.0000000000
71688  22.662  -5.990  38.979 0.0000000000
124021  22.189  -5.196  37.714 0.0000000000
73492  22.146  -4.650  37.023 0.0000000000
128160  22.413  -5.767  36.118 0.0000000000
127681  22.712  -6.254  34.793 0.0000000000
70831  23.277  -7.301  33.802 0.0000000000
69727  19.446  -9.303  54.699 0.0000000000
69742  18.799  -9.411  53.678 0.0000000000
69753  19.672  -8.617  52.821 0.0000000000
69769  19.762  -8.724  50.636 0.0000000000
69790  19.825  -8.898  48.761 0.0000000000
69846  22.014  -8.860  43.346 0.0000000000
68895  21.391  -9.253  43.909 0.0000000000
69847  21.793  -8.294  42.909 0.0000000000
71658  21.184  -6.564  42.580 0.0000000000
73430  20.533  -4.999  42.805 0.0000000000
132977  20.407  -3.781  43.507 0.0000000000
74333  21.794  -3.869  43.829 0.0000000000
74305  22.852  -3.033  44.932 0.0000000000
69747  26.241  -7.927  52.467 0.0000000000
68788  25.282  -9.196  51.265 0.0000000000
69749  24.716  -8.339  52.761 0.0000000000
68779  23.513  -8.897  52.316 0.0000000000
140485  21.967  -10.841  52.437 0.0000000000
66847  21.380  -11.841  53.572 0.0000000000
134594  21.188  -10.220  54.073 0.0000000000
68773  20.363  -9.142  54.384 0.0000000000
63246  39.316  -15.843  40.063 0.0000000000
63232  40.088  -16.353  41.445 0.0000000000
64273  38.971  -15.416  41.170 0.0000000000
64271  38.452  -14.719  42.224 0.0000000000
64267  38.020  -14.732  43.035 0.0000000000
67849  35.162  -10.581  46.823 0.0000000000
66027  35.284  -12.442  46.334 0.0000000000
66021  34.265  -12.312  47.020 0.0000000000
64238  33.925  -13.808  46.599 0.0000000000
70838  24.294  -8.011  32.728 0.0000000000
69959  24.205  -8.785  33.379 0.0000000000
68952  24.928  -9.934  33.983 0.0000000000
67030  27.128  -11.141  34.383 0.0000000000
124141  31.900  -11.507  38.774 0.0000000000
125717  30.659  -11.534  37.768 0.0000000000
134787  32.861  -11.490  38.143 0.0000000000
66971  33.954  -11.479  38.041 0.0000000000
119848  34.860  -11.640  37.906 0.0000000000
66068  36.059  -12.626  37.325 0.0000000000
135748  36.350  -12.617  38.708 0.0000000000
64285  38.017  -14.483  39.377 0.0000000000
91991  11.946  16.781  41.205 0.0000000000
140499  13.249  18.691  40.046 0.0000000000
93302  13.154  18.306  41.654 0.0000000000
121370  13.280  19.145  41.977 0.0000000000
94446  13.110  20.613  42.226 0.0000000000
93893  12.600  19.436  47.857 0.0000000000
94421  12.284  21.080  46.083 0.0000000000
94972  12.812  21.587  47.056 0.0000000000
135051  11.703  0.159  50.078 0.0000000000
76289  10.368  -1.277  49.909 0.0000000000
78332  11.104  -0.073  49.672 0.0000000000
78339  10.190  0.845  48.800 0.0000000000
79350  9.629  0.876  48.158 0.0000000000
83213  9.490  5.193  46.461 0.0000000000
81344  8.865  3.966  46.324 0.0000000000
82291  8.742  3.946  45.537 0.0000000000
80353  8.540  2.802  44.418 0.0000000000
80362  8.470  2.635  43.690 0.0000000000
134331  8.214  1.250  42.057 0.0000000000
129621  8.381  2.668  42.814 0.0000000000
81373  8.229  3.484  41.324 0.0000000000
82333  8.332  4.135  40.799 0.0000000000
83281  8.562  4.588  39.399 0.0000000000
83269  9.315  5.160  41.062 0.0000000000
83260  11.053  5.993  41.569 0.0000000000
84129  11.996  6.963  41.966 0.0000000000
88543  11.477  11.406  44.286 0.0000000000
88544  10.544  11.023  44.341 0.0000000000
89298  11.401  12.186  43.027 0.0000000000
89303  10.678  12.651  42.596 0.0000000000
89956  8.796  12.957  41.916 0.0000000000
89959  9.889  13.799  41.241 0.0000000000
91326  9.586  14.832  41.965 0.0000000000
91335  10.103  15.570  41.744 0.0000000000
72587  43.526  -6.259  38.671 0.0000000000
72580  43.206  -5.524  39.463 0.0000000000
120125  44.045  -5.664  37.865 0.0000000000
73482  45.533  -4.075  37.446 0.0000000000
73497  46.905  -4.108  36.502 0.0000000000
125985  52.138  -7.251  32.937 0.0000000000
72628  50.714  -5.012  34.318 0.0000000000
72645  52.144  -5.362  33.129 0.0000000000
138403  52.419  -3.889  33.487 0.0000000000
74420  52.248  -2.473  34.549 0.0000000000
76445  52.943  -1.169  34.195 0.0000000000
75509  54.091  -2.425  33.042 0.0000000000
75525  54.891  -2.344  31.816 0.0000000000
75535  55.474  -2.088  30.773 0.0000000000
75542  55.866  -1.526  29.369 0.0000000000
75543  55.270  -2.468  29.611 0.0000000000
74521  53.690  -3.084  27.811 0.0000000000
140382  52.791  -3.547  26.423 0.0000000000
79387  22.007  1.594  44.340 0.0000000000
81356  21.395  3.108  43.134 0.0000000000
63099  10.809  -15.245  49.107 0.0000000000
63102  8.113  -14.794  49.790 0.0000000000
66011  6.959  -12.395  49.507 0.0000000000
67834  15.514  -10.667  49.507 0.0000000000
67835  14.590  -11.082  49.924 0.0000000000
67854  14.750  -11.009  47.274 0.0000000000
67865  13.855  -11.054  46.552 0.0000000000
126883  12.932  -10.952  45.859 0.0000000000
74275  15.413  -3.503  50.384 0.0000000000
73387  13.520  -4.808  48.654 0.0000000000
73382  14.046  -4.268  50.101 0.0000000000
72512  12.835  -4.874  49.874 0.0000000000
72513  12.008  -5.178  50.089 0.0000000000
136342  10.894  -5.771  50.239 0.0000000000
117562  12.746  -4.322  51.202 0.0000000000
116565  13.372  -2.669  52.219 0.0000000000
133787  13.310  -1.397  52.551 0.0000000000
116563  13.046  0.108  53.888 0.0000000000
117355  13.358  0.814  55.819 0.0000000000
140395  13.949  2.842  56.180 0.0000000000
81263  15.141  2.843  54.902 0.0000000000
79311  19.237  1.678  50.882 0.0000000000
121442  20.367  2.501  49.321 0.0000000000
80326  18.148  1.944  46.416 0.0000000000
80338  17.391  2.080  45.153 0.0000000000
121181  18.706  3.400  44.607 0.0000000000
55910  40.580  -21.629  40.879 0.0000000000
69982  29.491  -8.438  31.227 0.0000000000
70859  29.165  -7.759  31.540 0.0000000000
69981  30.775  -8.459  31.192 0.0000000000
132875  32.295  -7.862  31.310 0.0000000000
70856  33.686  -7.430  31.597 0.0000000000
138868  40.490  -11.832  34.281 0.0000000000
68965  39.313  -10.051  33.371 0.0000000000
68964  39.966  -9.948  33.913 0.0000000000
69950  39.626  -8.273  34.517 0.0000000000
70828  39.203  -7.493  34.693 0.0000000000
71713  38.967  -6.347  35.660 0.0000000000
139045  40.086  -6.987  35.754 0.0000000000
70802  40.973  -7.225  36.780 0.0000000000
70794  41.258  -7.074  37.743 0.0000000000
70787  41.907  -7.191  38.419 0.0000000000
69915  42.279  -8.328  37.499 0.0000000000
68918  43.433  -9.668  38.229 0.0000000000
68912  44.192  -10.344  39.001 0.0000000000
64295  48.087  -15.107  37.251 0.0000000000
65174  47.924  -13.926  38.517 0.0000000000
64294  48.511  -14.596  37.057 0.0000000000
65191  48.095  -13.883  36.237 0.0000000000
66077  48.121  -13.042  36.059 0.0000000000
66078  47.585  -12.327  35.614 0.0000000000
66083  46.490  -12.435  35.143 0.0000000000
72535  10.382  -5.561  45.493 0.0000000000
70743  9.022  -7.432  44.525 0.0000000000
71642  10.230  -6.484  44.295 0.0000000000
69867  9.617  -8.113  42.632 0.0000000000
120996  8.977  -8.605  40.965 0.0000000000
70808  9.689  -8.135  36.087 0.0000000000
68955  8.373  -8.832  34.568 0.0000000000
84228  9.924  6.268  36.439 0.0000000000
83332  10.100  5.654  36.157 0.0000000000
85156  10.113  7.129  35.302 0.0000000000
118743  10.353  7.470  34.724 0.0000000000
135739  11.234  7.747  33.696 0.0000000000
77364  45.101  -0.062  42.111 0.0000000000
77354  43.930  0.066  42.572 0.0000000000
78426  44.766  0.655  41.407 0.0000000000
78427  43.270  0.610  41.271 0.0000000000
77390  41.994  -0.264  39.978 0.0000000000
117799  59.299  3.355  16.187 0.0000000000
82558  60.682  3.860  16.484 0.0000000000
81594  61.778  3.538  16.901 0.0000000000
77575  54.698  -0.374  23.969 0.0000000000
121038  55.174  0.566  23.829 0.0000000000
76577  55.205  -0.956  22.348 0.0000000000
76592  56.043  -0.656  21.707 0.0000000000
76607  56.975  -1.093  20.556 0.0000000000
77676  60.469  -0.013  15.490 0.0000000000
71646  24.020  -6.280  43.190 0.0000000000
72544  25.045  -5.289  43.355 0.0000000000
71645  25.020  -6.116  42.985 0.0000000000
121143  25.724  -6.085  42.074 0.0000000000
71669  25.851  -6.661  41.769 0.0000000000
135806  26.733  -7.874  42.092 0.0000000000
70769  25.720  -7.313  41.353 0.0000000000
70773  25.048  -7.401  40.735 0.0000000000
69891  24.397  -8.431  39.657 0.0000000000
69904  24.079  -8.817  38.865 0.0000000000
67938  24.453  -9.907  37.476 0.0000000000
130287  23.309  -7.138  51.029 0.0000000000
70696  22.674  -7.629  50.162 0.0000000000
70710  23.368  -7.698  49.621 0.0000000000
69804  22.669  -8.863  47.894 0.0000000000
68841  22.762  -9.428  46.313 0.0000000000
68824  25.010  -9.339  47.111 0.0000000000
68858  24.370  -9.478  45.518 0.0000000000
68879  23.130  -9.406  44.265 0.0000000000
122354  22.934  -9.043  43.435 0.0000000000
141751  23.591  -6.869  42.798 0.0000000000
66869  31.217  -11.230  48.664 0.0000000000
66859  29.668  -11.623  49.455 0.0000000000
126293  29.674  -10.511  49.713 0.0000000000
139666  28.598  -9.575  50.573 0.0000000000
70677  28.114  -8.057  51.410 0.0000000000
71600  29.304  -6.708  50.427 0.0000000000
71590  27.986  -6.816  51.406 0.0000000000
70678  27.437  -7.124  51.855 0.0000000000
71592  26.601  -4.951  52.085 0.0000000000
71594  24.822  -5.201  52.256 0.0000000000
138924  35.285  -11.250  40.637 0.0000000000
66927  36.378  -11.312  41.577 0.0000000000
67910  35.170  -10.811  41.749 0.0000000000
124473  35.091  -10.436  43.403 0.0000000000
123177  35.270  -9.659  45.101 0.0000000000
67886  33.460  -10.138  44.678 0.0000000000
68871  34.839  -9.317  45.572 0.0000000000
68850  35.229  -9.432  46.433 0.0000000000
67840  34.313  -9.536  47.971 0.0000000000
67842  32.799  -10.108  48.577 0.0000000000
67937  25.331  -10.621  37.156 0.0000000000
131251  25.801  -10.895  37.916 0.0000000000
66977  27.190  -11.552  38.184 0.0000000000
125699  29.115  -11.715  39.168 0.0000000000
66946  28.415  -11.724  40.853 0.0000000000
66962  29.689  -11.695  39.795 0.0000000000
66961  30.541  -11.600  39.650 0.0000000000
66959  31.852  -11.519  40.400 0.0000000000
66942  33.551  -11.329  40.546 0.0000000000
90622  14.378  14.051  45.058 0.0000000000
91291  13.358  15.698  45.721 0.0000000000
90616  13.960  15.024  46.875 0.0000000000
90608  13.868  15.295  47.932 0.0000000000
91274  13.753  15.654  48.968 0.0000000000
89921  13.617  13.590  50.861 0.0000000000
90594  13.794  14.677  50.560 0.0000000000
135236  13.553  17.316  49.168 0.0000000000
92674  13.956  17.690  49.284 0.0000000000
93891  14.377  19.559  48.409 0.0000000000
93890  14.968  19.658  48.010 0.0000000000
80317  12.771  1.937  47.633 0.0000000000
80318  11.955  2.324  47.733 0.0000000000
80328  12.181  2.680  46.948 0.0000000000
81331  11.643  3.533  46.522 0.0000000000
82278  10.359  5.063  46.845 0.0000000000
83220  12.147  5.400  45.906 0.0000000000
83221  11.301  5.191  46.615 0.0000000000
83212  9.895  5.596  46.647 0.0000000000
84076  10.228  6.382  46.810 0.0000000000
84086  10.033  6.475  46.178 0.0000000000
85042  10.331  7.335  45.602 0.0000000000
84098  10.809  7.040  44.418 0.0000000000
128873  10.262  8.150  46.321 0.0000000000
86787  10.087  9.955  46.307 0.0000000000
87698  10.575  10.603  45.895 0.0000000000
87677  12.240  10.136  47.770 0.0000000000
87687  11.825  10.428  46.896 0.0000000000
88531  12.301  11.083  45.012 0.0000000000
88541  14.139  11.889  44.736 0.0000000000
89293  14.425  12.881  44.732 0.0000000000
69925  47.867  -8.329  36.537 0.0000000000
70813  47.559  -7.262  35.711 0.0000000000
130964  48.531  -7.794  35.595 0.0000000000
69936  49.650  -8.000  34.823 0.0000000000
69946  50.425  -8.307  34.203 0.0000000000
69956  50.883  -8.667  33.169 0.0000000000
70834  51.993  -8.022  32.954 0.0000000000
69963  52.614  -8.254  32.077 0.0000000000
70872  53.051  -7.820  31.245 0.0000000000
72680  51.901  -5.845  29.517 0.0000000000
72679  52.049  -4.874  29.254 0.0000000000
64216  14.025  -14.463  50.841 0.0000000000
129483  11.835  -14.824  50.955 0.0000000000
72550  15.682  -5.815  43.635 0.0000000000
71640  14.292  -6.674  44.422 0.0000000000
73397  15.432  -4.537  45.438 0.0000000000
74295  15.615  -3.882  46.611 0.0000000000
74283  16.136  -3.156  48.140 0.0000000000
76288  18.881  -1.913  49.077 0.0000000000
75308  17.345  -2.560  49.812 0.0000000000
139206  16.639  -2.850  49.710 0.0000000000
75299  16.546  -2.863  51.458 0.0000000000
76263  17.127  -1.199  53.002 0.0000000000
133161  16.884  0.083  54.003 0.0000000000
78288  17.083  1.032  55.587 0.0000000000
78297  18.448  0.687  55.104 0.0000000000
121255  18.959  1.924  54.833 0.0000000000
80259  19.628  2.274  53.526 0.0000000000
80238  21.892  2.418  55.030 0.0000000000
123096  20.739  3.492  53.238 0.0000000000
121496  45.461  -15.828  34.491 0.0000000000
131100  44.419  -15.750  33.576 0.0000000000
62139  44.543  -16.336  33.691 0.0000000000
61045  43.933  -17.174  33.113 0.0000000000
58998  44.259  -19.047  34.293 0.0000000000
59009  43.297  -19.088  33.104 0.0000000000
66097  35.729  -12.130  33.771 0.0000000000
67056  35.493  -11.351  32.347 0.0000000000
65211  37.050  -13.056  33.570 0.0000000000
65209  38.679  -13.460  33.648 0.0000000000
65208  39.435  -13.442  33.874 0.0000000000
124019  41.686  -16.014  35.645 0.0000000000
64315  41.004  -14.534  35.034 0.0000000000
129851  40.975  -13.251  34.633 0.0000000000
65192  42.031  -13.499  35.633 0.0000000000
66079  42.378  -12.838  36.197 0.0000000000
129328  42.941  -11.931  37.049 0.0000000000
66067  43.369  -12.158  37.812 0.0000000000
65183  43.702  -13.318  38.178 0.0000000000
64284  45.329  -14.335  39.568 0.0000000000
63243  46.482  -15.887  39.491 0.0000000000
62082  46.398  -16.908  38.951 0.0000000000
62081  46.946  -16.566  38.680 0.0000000000
63259  47.287  -16.022  38.429 0.0000000000
62107  47.399  -15.923  37.331 0.0000000000
63294  47.009  -15.624  36.103 0.0000000000
74349  12.504  -3.640  42.295 0.0000000000
73433  13.251  -4.865  42.256 0.0000000000
73442  13.376  -4.839  41.404 0.0000000000
71689  13.595  -6.560  39.777 0.0000000000
128822  13.267  -7.263  37.906 0.0000000000
73479  12.797  -4.318  38.024 0.0000000000
132930  13.294  -6.848  37.092 0.0000000000
124560  11.994  -7.841  36.507 0.0000000000
71720  9.711  -7.175  35.036 0.0000000000
71749  7.688  -6.979  33.484 0.0000000000
80435  17.123  2.681  32.398 0.0000000000
87751  14.746  10.649  38.329 0.0000000000
86893  14.560  9.918  36.648 0.0000000000
130790  15.300  11.284  37.080 0.0000000000
76418  47.243  -0.933  36.438 0.0000000000
130558  45.947  -1.324  36.919 0.0000000000
119241  56.497  2.498  19.495 0.0000000000
81555  57.834  3.187  20.660 0.0000000000
78331  24.532  0.490  49.712 0.0000000000
127129  24.781  1.129  49.300 0.0000000000
78345  25.097  0.098  47.968 0.0000000000
78355  24.629  0.092  46.976 0.0000000000
78356  23.841  0.616  46.302 0.0000000000
77335  25.194  -1.006  45.922 0.0000000000
77336  24.369  -0.464  45.447 0.0000000000
78379  22.547  0.538  44.349 0.0000000000
131186  21.904  0.902  43.564 0.0000000000
78406  21.371  0.797  42.228 0.0000000000
125032  20.823  -0.032  40.534 0.0000000000
73429  25.379  -4.456  42.786 0.0000000000
74348  25.044  -3.822  42.416 0.0000000000
75397  24.284  -3.214  42.271 0.0000000000
73452  23.334  -4.624  40.804 0.0000000000
74367  22.956  -4.045  40.994 0.0000000000
142162  22.609  -2.375  41.656 0.0000000000
75400  21.936  -2.286  41.168 0.0000000000
77385  21.159  -0.789  40.690 0.0000000000
78434  20.794  -0.096  39.663 0.0000000000
125907  22.504  -1.028  35.050 0.0000000000
74419  22.315  -3.889  35.728 0.0000000000
75486  22.733  -2.686  34.529 0.0000000000
76469  22.911  -2.051  33.899 0.0000000000
75503  23.523  -2.251  33.198 0.0000000000
74485  25.828  -3.149  31.752 0.0000000000
141372  16.311  -14.302  56.341 0.0000000000
65964  16.411  -12.088  57.235 0.0000000000
124357  15.801  -9.991  55.332 0.0000000000
135703  15.621  -10.587  52.794 0.0000000000
69755  18.038  -9.560  53.200 0.0000000000
68792  16.891  -9.999  51.496 0.0000000000
67828  15.972  -10.467  50.198 0.0000000000
67843  16.349  -10.482  48.053 0.0000000000
67862  16.401  -10.479  46.166 0.0000000000
68887  15.835  -9.888  43.815 0.0000000000
69774  21.227  -8.329  49.093 0.0000000000
69789  20.618  -8.704  48.519 0.0000000000
68844  19.546  -9.397  46.889 0.0000000000
68896  20.481  -9.199  43.865 0.0000000000
140721  19.510  -9.500  44.978 0.0000000000
68864  18.512  -9.719  45.812 0.0000000000
68885  17.784  -9.986  44.471 0.0000000000
140546  16.834  -9.126  42.980 0.0000000000
70764  15.995  -7.131  42.819 0.0000000000
73424  16.777  -4.773  43.686 0.0000000000
74322  17.568  -3.433  44.534 0.0000000000
118203  19.131  -1.941  46.368 0.0000000000
75366  19.847  -2.617  44.744 0.0000000000
75351  20.371  -2.244  45.418 0.0000000000
76315  20.482  -1.316  47.344 0.0000000000
119943  21.671  -0.838  48.239 0.0000000000
77318  23.385  -0.504  48.781 0.0000000000
65989  28.210  -12.607  49.808 0.0000000000
122660  25.220  -10.688  50.305 0.0000000000
132928  21.143  -13.181  53.875 0.0000000000
58938  43.941  -19.441  39.926 0.0000000000
57896  45.509  -21.020  40.415 0.0000000000
58929  43.979  -19.789  41.001 0.0000000000
58921  43.194  -19.763  41.638 0.0000000000
57873  41.899  -20.204  42.869 0.0000000000
62038  41.036  -16.978  41.945 0.0000000000
58903  41.134  -18.705  42.633 0.0000000000
140225  40.617  -20.049  42.950 0.0000000000
66918  37.106  -11.700  42.804 0.0000000000
66035  37.561  -13.096  43.348 0.0000000000
64263  37.324  -14.556  43.908 0.0000000000
63165  36.927  -15.549  44.353 0.0000000000
74464  26.319  -3.741  31.914 0.0000000000
73536  26.150  -4.457  31.976 0.0000000000
71760  26.089  -6.208  32.010 0.0000000000
70862  26.841  -7.979  31.640 0.0000000000
129238  24.937  -8.229  32.264 0.0000000000
69969  26.221  -8.568  31.749 0.0000000000
69984  27.944  -8.587  31.472 0.0000000000
68012  29.476  -10.024  31.520 0.0000000000
67990  30.607  -10.690  32.229 0.0000000000
67972  31.852  -11.099  33.073 0.0000000000
67944  25.897  -11.033  36.576 0.0000000000
126385  27.246  -11.378  35.708 0.0000000000
67015  28.049  -11.464  35.149 0.0000000000
119712  30.488  -11.544  37.053 0.0000000000
118566  30.335  -11.529  35.555 0.0000000000
67045  29.552  -11.407  34.207 0.0000000000
125235  30.948  -11.413  34.348 0.0000000000
67042  32.165  -11.300  33.901 0.0000000000
67040  34.296  -11.457  33.697 0.0000000000
66089  35.575  -12.319  34.762 0.0000000000
65194  36.775  -13.773  35.249 0.0000000000
62122  38.747  -16.097  36.255 0.0000000000
64299  37.493  -14.616  37.453 0.0000000000
62098  38.972  -16.224  37.437 0.0000000000
60998  40.066  -17.362  37.360 0.0000000000
60014  41.324  -18.261  37.644 0.0000000000
59981  42.719  -19.055  39.287 0.0000000000
91959  12.758  17.216  45.341 0.0000000000
123125  12.744  19.435  44.280 0.0000000000
95000  12.690  21.394  42.680 0.0000000000
94985  12.265  21.618  44.650 0.0000000000
95569  12.173  22.473  43.187 0.0000000000
124983  7.852  -5.687  49.344 0.0000000000
71631  7.401  -6.901  48.110 0.0000000000
72521  8.407  -5.461  48.699 0.0000000000
72525  9.186  -5.178  48.131 0.0000000000
73391  9.705  -5.127  47.353 0.0000000000
119359  9.348  -1.966  48.916 0.0000000000
74291  10.352  -3.645  47.453 0.0000000000
73396  10.215  -4.938  46.710 0.0000000000
73394  11.208  -3.635  46.130 0.0000000000
74309  11.597  -3.541  45.323 0.0000000000
74325  11.856  -3.391  44.576 0.0000000000
123057  10.936  2.264  47.983 0.0000000000
79361  9.636  1.539  47.712 0.0000000000
78357  9.163  0.853  47.380 0.0000000000
80330  8.922  2.411  46.775 0.0000000000
78358  8.701  0.847  46.557 0.0000000000
77329  8.625  -0.780  46.291 0.0000000000
76339  9.227  -1.518  45.023 0.0000000000
75370  9.909  -1.794  44.384 0.0000000000
75389  11.338  -2.643  43.268 0.0000000000
75401  11.149  -2.736  42.261 0.0000000000
75403  9.362  -2.227  41.233 0.0000000000
75413  9.263  -2.195  40.422 0.0000000000
124628  8.395  -0.185  41.055 0.0000000000
77386  8.958  -0.626  40.302 0.0000000000
76389  9.861  -1.548  39.394 0.0000000000
77402  10.435  -0.727  39.615 0.0000000000
78448  12.117  0.293  39.695 0.0000000000
78447  13.084  0.918  39.473 0.0000000000
79422  13.882  1.404  39.102 0.0000000000
80383  12.227  3.014  39.559 0.0000000000
81384  11.583  3.666  38.870 0.0000000000
82353  9.288  4.474  37.827 0.0000000000
138338  8.809  5.058  39.072 0.0000000000
83297  9.401  5.581  38.285 0.0000000000
84212  9.752  6.237  37.143 0.0000000000
84211  10.677  6.673  37.480 0.0000000000
85121  12.599  7.389  38.290 0.0000000000
86873  14.143  9.221  38.929 0.0000000000
85060  11.310  7.598  43.670 0.0000000000
85988  11.695  8.117  42.898 0.0000000000
85987  12.255  8.534  42.246 0.0000000000
87717  10.620  10.587  43.378 0.0000000000
86832  12.229  9.456  42.233 0.0000000000
132596  12.900  8.791  41.644 0.0000000000
86853  13.795  9.491  40.691 0.0000000000
86852  14.251  9.901  40.114 0.0000000000
141478  14.577  10.344  38.894 0.0000000000
125029  14.636  11.834  39.342 0.0000000000
89966  14.077  13.190  39.018 0.0000000000
90664  12.450  14.522  38.372 0.0000000000
90650  10.745  14.301  39.804 0.0000000000
126574  10.326  14.743  39.012 0.0000000000
90675  10.859  15.070  37.679 0.0000000000
72556  41.273  -4.883  42.348 0.0000000000
73413  40.951  -3.961  43.370 0.0000000000
72542  41.693  -4.738  42.318 0.0000000000
122976  42.147  -3.913  42.078 0.0000000000
124909  43.104  -2.284  41.848 0.0000000000
73456  43.585  -4.295  39.402 0.0000000000
74362  44.022  -2.905  40.491 0.0000000000
75393  44.712  -1.315  41.503 0.0000000000
76377  46.404  -0.912  41.159 0.0000000000
76375  47.577  0.103  40.607 0.0000000000
78452  47.395  0.425  39.147 0.0000000000
71711  47.680  -6.583  35.623 0.0000000000
72615  47.917  -5.264  35.585 0.0000000000
73495  48.329  -3.507  36.479 0.0000000000
72612  49.948  -4.487  34.878 0.0000000000
73494  49.002  -3.331  36.400 0.0000000000
74392  48.497  -2.463  37.757 0.0000000000
126843  49.174  -1.621  38.211 0.0000000000
77428  48.939  -0.370  38.263 0.0000000000
77444  48.398  -0.077  37.493 0.0000000000
118836  48.834  -0.520  35.944 0.0000000000
77479  52.097  -0.579  34.016 0.0000000000
137989  54.970  1.198  27.718 0.0000000000
77559  55.373  -0.535  26.551 0.0000000000
76525  55.769  -1.482  27.822 0.0000000000
76544  55.489  -1.497  26.938 0.0000000000
76561  54.790  -0.928  25.095 0.0000000000
75593  54.567  -2.061  24.339 0.0000000000
74595  54.035  -3.427  22.783 0.0000000000
73655  53.941  -3.965  21.614 0.0000000000
73591  51.260  -4.030  27.606 0.0000000000
73605  51.105  -3.905  26.645 0.0000000000
131382  51.941  -4.168  25.329 0.0000000000
72703  50.759  -4.976  23.910 0.0000000000
118424  52.251  -4.594  24.096 0.0000000000
73643  52.447  -4.774  23.434 0.0000000000
73652  53.089  -4.826  22.312 0.0000000000
86296  63.886  8.408  10.091 0.0000000000
118287  63.595  7.390  10.784 0.0000000000
83529  63.796  5.835  11.331 0.0000000000
85929  17.031  8.768  46.405 0.0000000000
86769  18.032  9.795  47.294 0.0000000000
80307  24.298  2.470  48.657 0.0000000000
120593  6.327  -12.994  47.224 0.0000000000
66895  6.133  -11.330  48.051 0.0000000000
69780  6.419  -8.527  49.490 0.0000000000
65093  14.529  -13.224  56.041 0.0000000000
142376  14.219  -13.346  55.197 0.0000000000
64174  14.185  -13.058  54.087 0.0000000000
67819  13.844  -11.528  51.452 0.0000000000
66848  13.296  -11.955  52.820 0.0000000000
64179  13.622  -13.024  53.116 0.0000000000
65101  11.682  -13.461  52.247 0.0000000000
65107  10.149  -13.579  52.173 0.0000000000
65987  9.966  -13.495  51.248 0.0000000000
70740  13.595  -7.203  44.899 0.0000000000
70741  13.032  -7.957  45.099 0.0000000000
68868  12.104  -9.253  45.555 0.0000000000
72524  12.679  -5.675  47.878 0.0000000000
122167  12.028  -7.643  46.324 0.0000000000
67867  11.098  -10.505  46.139 0.0000000000
66901  10.658  -11.076  46.529 0.0000000000
66024  9.854  -12.237  47.820 0.0000000000
65117  9.042  -13.770  50.758 0.0000000000
66018  8.414  -12.423  49.008 0.0000000000
67837  7.543  -11.280  49.562 0.0000000000
68820  7.736  -10.381  49.733 0.0000000000
71617  9.560  -6.829  50.353 0.0000000000
116568  8.655  -7.351  50.982 0.0000000000
129786  7.301  -8.497  50.881 0.0000000000
70689  6.925  -8.151  51.062 0.0000000000
71606  7.364  -6.967  51.244 0.0000000000
71618  7.432  -6.467  49.852 0.0000000000
73381  8.286  -4.138  51.271 0.0000000000
75301  9.954  -3.100  50.888 0.0000000000
131143  10.856  -1.743  50.603 0.0000000000
129726  12.667  0.872  52.517 0.0000000000
79309  12.675  0.660  51.943 0.0000000000
126986  11.871  -0.695  50.774 0.0000000000
80281  12.752  1.432  51.261 0.0000000000
80291  12.575  2.202  50.006 0.0000000000
80300  13.167  2.276  49.376 0.0000000000
81258  16.550  2.595  55.544 0.0000000000
127108  16.095  2.963  54.506 0.0000000000
81280  15.904  3.457  52.967 0.0000000000
80286  17.375  1.570  51.107 0.0000000000
80287  16.486  1.757  51.267 0.0000000000
81296  15.619  2.705  52.039 0.0000000000
80289  14.604  2.273  50.646 0.0000000000
80310  13.883  2.004  49.320 0.0000000000
80311  13.276  1.917  48.610 0.0000000000
79359  13.623  1.663  46.896 0.0000000000
80340  13.973  1.881  45.110 0.0000000000
81360  13.832  3.066  43.839 0.0000000000
80359  16.234  2.583  43.029 0.0000000000
81358  15.066  3.795  42.976 0.0000000000
83245  14.545  5.159  43.617 0.0000000000
84095  15.148  6.749  44.194 0.0000000000
85020  16.028  7.831  45.322 0.0000000000
63336  42.918  -15.588  32.040 0.0000000000
118915  44.822  -22.617  39.097 0.0000000000
56922  42.974  -22.252  37.855 0.0000000000
73526  27.406  -4.308  32.964 0.0000000000
73520  27.851  -4.483  33.788 0.0000000000
73519  28.293  -4.454  34.439 0.0000000000
71756  29.356  -6.771  32.806 0.0000000000
72651  29.566  -6.091  34.145 0.0000000000
67065  35.900  -10.756  31.705 0.0000000000
139773  35.442  -9.246  31.408 0.0000000000
134745  35.351  -7.865  31.772 0.0000000000
123778  37.593  -9.052  32.442 0.0000000000
70842  36.541  -7.760  32.497 0.0000000000
71751  34.662  -6.677  32.383 0.0000000000
72631  34.436  -5.628  34.095 0.0000000000
120787  34.241  -5.425  34.864 0.0000000000
127918  38.476  -5.372  36.774 0.0000000000
72573  41.101  -5.513  41.070 0.0000000000
71674  41.955  -5.844  40.612 0.0000000000
71682  43.043  -6.021  39.805 0.0000000000
70786  42.545  -7.165  38.847 0.0000000000
70779  43.059  -7.133  39.069 0.0000000000
71680  43.647  -6.820  39.091 0.0000000000
71690  43.735  -7.248  38.719 0.0000000000
70784  45.337  -8.681  38.302 0.0000000000
69913  45.891  -8.640  37.821 0.0000000000
66969  44.036  -11.549  38.904 0.0000000000
66954  44.665  -11.606  39.603 0.0000000000
130439  45.269  -11.440  40.117 0.0000000000
66049  47.216  -13.233  39.307 0.0000000000
66951  46.038  -11.499  40.238 0.0000000000
67920  45.981  -10.103  40.116 0.0000000000
67928  46.610  -9.807  39.742 0.0000000000
68923  47.323  -9.342  38.207 0.0000000000
68931  47.681  -9.060  37.313 0.0000000000
68930  48.412  -9.100  36.446 0.0000000000
67949  48.788  -9.871  35.344 0.0000000000
67958  48.207  -10.019  34.804 0.0000000000
68962  47.358  -9.607  33.139 0.0000000000
88503  18.362  11.020  50.204 0.0000000000
134833  19.396  11.920  51.434 0.0000000000
89920  18.712  13.808  51.107 0.0000000000
90587  19.163  14.028  50.273 0.0000000000
91262  17.195  14.983  50.102 0.0000000000
133273  7.400  -8.758  46.091 0.0000000000
122952  7.317  -9.963  44.735 0.0000000000
69857  7.825  -8.855  43.861 0.0000000000
70771  12.675  -7.649  41.419 0.0000000000
69882  10.461  -8.614  40.605 0.0000000000
69897  7.706  -8.957  39.263 0.0000000000
80393  14.488  2.649  38.476 0.0000000000
81405  14.945  2.918  37.773 0.0000000000
118082  15.238  3.523  36.019 0.0000000000
120876  12.507  4.585  36.109 0.0000000000
82390  14.295  4.085  35.799 0.0000000000
128122  15.529  3.528  35.238 0.0000000000
142405  15.776  3.598  34.070 0.0000000000
81453  15.748  3.640  32.482 0.0000000000
86925  13.758  8.954  35.435 0.0000000000
122463  12.981  8.346  34.262 0.0000000000
85179  11.607  7.382  33.056 0.0000000000
122964  13.488  7.394  32.333 0.0000000000
84270  12.067  6.404  32.100 0.0000000000
78396  42.326  0.345  43.240 0.0000000000
76405  44.471  -1.198  37.851 0.0000000000
83508  63.170  5.191  12.726 0.0000000000
82597  63.761  4.324  11.895 0.0000000000
80486  53.005  2.191  26.381 0.0000000000
80506  53.635  2.992  25.184 0.0000000000
81526  55.156  2.908  24.250 0.0000000000
78590  55.794  1.198  23.439 0.0000000000
80515  55.801  2.648  23.618 0.0000000000
81543  56.455  3.186  22.826 0.0000000000
81542  57.711  3.060  22.224 0.0000000000
80527  58.237  2.840  21.677 0.0000000000
80532  59.481  2.264  20.630 0.0000000000
76606  57.615  -0.996  20.189 0.0000000000
77629  58.653  0.181  20.450 0.0000000000
78632  59.171  0.560  20.243 0.0000000000
79572  59.850  1.586  20.060 0.0000000000
80540  60.638  2.396  19.509 0.0000000000
80549  61.615  2.515  18.585 0.0000000000
80556  62.159  2.550  17.413 0.0000000000
80567  62.342  2.836  16.712 0.0000000000
79612  62.925  1.794  15.342 0.0000000000
80580  62.704  2.856  15.396 0.0000000000
80592  63.117  2.843  13.909 0.0000000000
80604  63.929  2.259  12.328 0.0000000000
80624  64.557  2.140  11.043 0.0000000000
69831  28.399  -8.613  45.029 0.0000000000
69830  28.699  -8.709  45.290 0.0000000000
128257  28.745  -8.467  45.564 0.0000000000
68874  29.128  -8.991  45.561 0.0000000000
67891  28.569  -9.764  44.533 0.0000000000
85921  16.990  8.731  47.431 0.0000000000
85922  16.423  8.483  47.743 0.0000000000
125406  16.996  8.720  48.000 0.0000000000
79310  24.656  1.766  51.123 0.0000000000
80273  24.646  2.238  51.083 0.0000000000
79315  24.605  1.708  50.842 0.0000000000
78324  24.448  0.726  50.371 0.0000000000
78317  24.396  0.993  50.998 0.0000000000
133271  24.590  1.444  51.305 0.0000000000
135956  46.230  -20.192  39.240 0.0000000000
58946  45.101  -19.343  39.527 0.0000000000
70729  6.575  -8.189  48.334 0.0000000000
68849  6.751  -9.583  47.159 0.0000000000
70728  6.915  -7.453  48.006 0.0000000000
77423  12.871  -0.410  38.192 0.0000000000
77440  13.315  -0.566  37.314 0.0000000000
78467  13.901  0.092  38.010 0.0000000000
78459  14.375  0.954  38.469 0.0000000000
76526  50.215  -0.871  27.430 0.0000000000
77554  50.536  -0.211  27.159 0.0000000000
78545  50.003  0.214  26.669 0.0000000000
79501  50.830  1.148  26.264 0.0000000000
78557  51.262  0.752  26.676 0.0000000000
82608  64.432  4.847  10.363 0.0000000000
82616  64.813  4.301  9.707 0.0000000000
81651  64.935  3.384  9.653 0.0000000000
73404  24.753  -4.475  44.295 0.0000000000
140063  24.783  -5.007  43.809 0.0000000000
68928  23.811  -9.318  37.157 0.0000000000
69917  23.433  -8.688  37.540 0.0000000000
69930  23.264  -8.787  36.651 0.0000000000
71586  21.613  -6.523  53.114 0.0000000000
70674  21.315  -7.206  52.533 0.0000000000
70681  21.966  -7.247  51.687 0.0000000000
132480  23.379  -5.611  43.381 0.0000000000
71596  23.528  -6.518  52.572 0.0000000000
72502  23.028  -5.862  53.752 0.0000000000
71585  22.561  -6.642  52.791 0.0000000000
128074  21.680  -5.965  54.049 0.0000000000
66047  36.623  -12.246  40.224 0.0000000000
66042  36.820  -11.971  41.083 0.0000000000
66015  31.602  -13.039  48.511 0.0000000000
68941  24.204  -9.782  35.878 0.0000000000
68934  24.158  -9.762  36.715 0.0000000000
90629  13.198  15.255  43.755 0.0000000000
91965  12.688  16.403  43.347 0.0000000000
91308  13.024  16.011  44.120 0.0000000000
94970  14.492  21.874  47.722 0.0000000000
95545  13.991  22.435  47.712 0.0000000000
95544  14.786  22.694  47.325 0.0000000000
80301  12.273  2.280  49.234 0.0000000000
83233  10.124  5.788  44.586 0.0000000000
83247  10.296  5.713  43.482 0.0000000000
90628  13.542  14.911  44.223 0.0000000000
90632  13.265  14.355  43.362 0.0000000000
69927  46.117  -8.175  37.028 0.0000000000
70800  46.316  -7.638  36.025 0.0000000000
140058  53.522  -5.802  30.986 0.0000000000
72672  53.786  -4.950  30.964 0.0000000000
73566  53.760  -4.389  30.130 0.0000000000
73567  52.942  -4.645  29.619 0.0000000000
119119  11.249  -15.021  50.702 0.0000000000
63085  12.026  -15.271  50.287 0.0000000000
63072  10.693  -14.923  50.941 0.0000000000
63073  10.255  -14.947  50.703 0.0000000000
120808  9.197  -14.093  51.837 0.0000000000
68901  14.813  -8.883  43.546 0.0000000000
119418  14.216  -9.308  43.981 0.0000000000
77274  16.333  -0.982  53.993 0.0000000000
75290  15.414  -2.276  52.828 0.0000000000
134376  15.573  -1.472  54.221 0.0000000000
133094  15.033  -2.110  54.129 0.0000000000
77266  15.452  -0.563  54.679 0.0000000000
78290  15.421  0.632  55.976 0.0000000000
78299  15.825  0.265  55.251 0.0000000000
64330  44.308  -14.798  33.351 0.0000000000
122943  33.209  -10.774  32.220 0.0000000000
68009  32.746  -10.246  31.714 0.0000000000
67987  34.091  -10.833  31.979 0.0000000000
67952  42.244  -10.535  35.780 0.0000000000
68938  42.571  -10.070  35.959 0.0000000000
68933  42.335  -9.374  36.233 0.0000000000
67935  43.140  -10.781  37.035 0.0000000000
63308  45.744  -15.335  34.758 0.0000000000
65204  45.115  -14.155  34.019 0.0000000000
74324  12.346  -3.856  44.109 0.0000000000
72539  12.294  -5.118  43.960 0.0000000000
72552  12.560  -5.388  43.373 0.0000000000
86044  13.470  8.651  37.454 0.0000000000
86894  13.949  9.279  37.075 0.0000000000
141786  46.325  0.436  39.059 0.0000000000
77408  45.778  0.417  39.224 0.0000000000
77431  45.715  -0.281  38.240 0.0000000000
80550  57.951  2.707  18.670 0.0000000000
81571  59.558  3.140  18.666 0.0000000000
81561  59.812  2.943  19.417 0.0000000000
67916  26.168  -10.731  40.096 0.0000000000
69784  25.237  -8.415  48.542 0.0000000000
141971  25.615  -8.746  43.502 0.0000000000
122226  32.231  -7.680  48.996 0.0000000000
69766  31.163  -7.688  50.043 0.0000000000
70691  31.709  -7.437  49.479 0.0000000000
70707  26.709  -7.292  48.753 0.0000000000
120451  25.498  -6.807  49.875 0.0000000000
66920  32.648  -11.123  42.594 0.0000000000
135808  32.479  -11.042  43.374 0.0000000000
69796  32.110  -7.764  47.842 0.0000000000
69812  32.929  -8.208  47.499 0.0000000000
70717  32.979  -7.848  48.304 0.0000000000
70690  32.827  -7.994  48.757 0.0000000000
66948  26.757  -11.222  40.376 0.0000000000
66921  31.363  -11.518  42.797 0.0000000000
66931  31.990  -11.395  42.222 0.0000000000
128090  32.694  -11.270  41.802 0.0000000000
89928  15.273  13.105  48.470 0.0000000000
89913  16.653  13.554  53.077 0.0000000000
90586  16.494  14.536  51.356 0.0000000000
91259  15.919  15.177  51.006 0.0000000000
90589  16.908  14.857  50.662 0.0000000000
82300  12.545  4.099  45.010 0.0000000000
84066  11.385  6.826  48.048 0.0000000000
85000  11.000  7.531  48.328 0.0000000000
84992  10.646  8.472  48.367 0.0000000000
136784  10.395  9.439  48.349 0.0000000000
85917  11.290  8.903  48.482 0.0000000000
88514  15.106  11.034  47.233 0.0000000000
88521  15.433  11.700  47.159 0.0000000000
89278  15.419  12.402  46.840 0.0000000000
68960  48.839  -9.408  33.514 0.0000000000
64185  16.534  -13.959  53.618 0.0000000000
64186  15.939  -13.146  53.493 0.0000000000
64194  16.006  -13.238  52.735 0.0000000000
64187  14.755  -13.155  53.400 0.0000000000
127510  18.276  -2.166  46.575 0.0000000000
75334  17.489  -2.518  46.712 0.0000000000
77278  20.579  -0.642  53.160 0.0000000000
77284  20.336  -0.972  52.540 0.0000000000
77279  19.735  -0.604  53.242 0.0000000000
77270  20.256  -0.341  53.895 0.0000000000
77263  19.885  -0.001  54.701 0.0000000000
78306  20.674  -0.071  54.593 0.0000000000
124378  45.634  -18.012  35.291 0.0000000000
56946  42.895  -20.769  36.137 0.0000000000
57952  42.818  -20.325  34.759 0.0000000000
63298  39.508  -15.952  35.330 0.0000000000
62120  40.215  -16.589  35.651 0.0000000000
130638  43.744  -14.940  37.179 0.0000000000
130675  45.192  -16.895  38.745 0.0000000000
60019  46.220  -17.925  36.974 0.0000000000
74372  10.164  -2.922  39.637 0.0000000000
74371  11.136  -3.336  39.672 0.0000000000
74379  11.422  -3.369  38.809 0.0000000000
125595  12.641  -4.466  35.507 0.0000000000
72626  12.680  -5.287  35.402 0.0000000000
72641  11.927  -5.446  34.135 0.0000000000
141491  12.328  -4.854  34.207 0.0000000000
79440  16.963  1.449  35.846 0.0000000000
79445  17.530  1.616  34.327 0.0000000000
79439  17.153  2.109  35.095 0.0000000000
90673  13.179  14.659  37.692 0.0000000000
80528  55.040  3.086  22.102 0.0000000000
76311  25.020  -1.156  47.572 0.0000000000
76360  24.331  -2.154  43.298 0.0000000000
76361  23.429  -1.744  42.890 0.0000000000
76370  22.958  -2.086  42.209 0.0000000000
72571  25.035  -5.292  41.389 0.0000000000
72576  24.313  -5.470  40.851 0.0000000000
74388  21.330  -3.159  38.860 0.0000000000
74399  21.449  -3.115  37.935 0.0000000000
74398  21.791  -3.822  37.500 0.0000000000
72639  23.111  -5.970  33.916 0.0000000000
124724  23.327  -5.176  33.711 0.0000000000
73539  23.802  -4.986  32.988 0.0000000000
72664  24.211  -5.596  32.582 0.0000000000
67793  18.464  -10.387  56.741 0.0000000000
67794  17.864  -9.817  56.660 0.0000000000
68761  18.114  -9.316  55.928 0.0000000000
134988  18.436  -9.518  48.658 0.0000000000
135471  18.388  -9.600  47.916 0.0000000000
68830  17.934  -9.921  47.261 0.0000000000
68842  21.833  -9.399  46.175 0.0000000000
72561  19.974  -5.810  42.578 0.0000000000
71660  19.492  -6.650  42.403 0.0000000000
72562  19.028  -5.799  42.544 0.0000000000
71661  18.528  -6.660  42.359 0.0000000000
73432  18.654  -4.996  42.791 0.0000000000
75331  23.837  -2.447  46.323 0.0000000000
75332  22.828  -2.165  46.127 0.0000000000
76328  23.311  -1.927  46.708 0.0000000000
76313  23.311  -1.411  47.382 0.0000000000
67812  27.079  -10.348  50.400 0.0000000000
68786  26.872  -9.563  50.944 0.0000000000
66851  22.173  -10.696  51.662 0.0000000000
65993  22.259  -11.164  50.036 0.0000000000
66856  21.732  -11.239  50.929 0.0000000000
121801  20.966  -13.033  51.820 0.0000000000
141629  19.111  -9.778  55.823 0.0000000000
66836  19.585  -11.428  56.370 0.0000000000
118723  18.944  -11.028  56.759 0.0000000000
65969  18.949  -11.928  57.042 0.0000000000
60957  40.984  -17.407  40.944 0.0000000000
63184  38.690  -16.119  43.169 0.0000000000
62027  39.588  -16.897  42.980 0.0000000000
62028  38.971  -16.656  43.455 0.0000000000
60914  38.607  -17.287  43.723 0.0000000000
62012  38.351  -16.866  43.926 0.0000000000
67871  36.117  -10.587  45.401 0.0000000000
67870  36.625  -11.189  44.993 0.0000000000
71762  24.054  -6.473  32.700 0.0000000000
67962  27.143  -10.898  33.507 0.0000000000
67994  26.708  -10.430  32.662 0.0000000000
67976  28.122  -11.032  33.170 0.0000000000
67046  28.814  -11.279  33.727 0.0000000000
66975  29.527  -11.629  38.416 0.0000000000
66987  28.694  -11.590  37.503 0.0000000000
125716  29.955  -11.569  37.747 0.0000000000
66995  33.969  -11.497  36.829 0.0000000000
141428  34.388  -11.585  36.320 0.0000000000
67010  33.599  -11.471  36.044 0.0000000000
66075  35.562  -12.161  36.694 0.0000000000
62073  39.684  -16.392  39.685 0.0000000000
60971  40.861  -17.860  39.936 0.0000000000
95006  12.861  21.430  41.740 0.0000000000
92681  12.507  18.128  47.573 0.0000000000
93279  12.520  18.145  46.801 0.0000000000
93277  12.386  18.971  47.230 0.0000000000
75310  9.543  -2.770  50.066 0.0000000000
76284  9.937  -1.958  50.129 0.0000000000
76318  9.130  -1.344  47.671 0.0000000000
76332  9.003  -1.405  46.714 0.0000000000
130604  9.177  3.719  46.984 0.0000000000
79394  8.353  1.093  43.828 0.0000000000
129403  8.379  1.007  44.669 0.0000000000
77351  8.380  -0.445  43.446 0.0000000000
140013  8.129  2.774  39.827 0.0000000000
135552  8.330  2.068  40.084 0.0000000000
80378  8.808  2.122  39.809 0.0000000000
80387  8.431  2.771  39.497 0.0000000000
80386  8.949  2.741  39.182 0.0000000000
84144  12.064  6.834  41.167 0.0000000000
122347  11.502  6.298  39.932 0.0000000000
84161  12.076  6.698  40.347 0.0000000000
85112  12.675  7.095  39.829 0.0000000000
87705  10.399  10.635  44.850 0.0000000000
88562  10.592  11.486  41.859 0.0000000000
89308  11.606  11.950  41.388 0.0000000000
88561  12.741  11.636  41.047 0.0000000000
89315  11.456  12.811  41.058 0.0000000000
92006  10.987  16.465  39.535 0.0000000000
118888  42.889  -5.764  40.163 0.0000000000
74394  47.152  -3.001  37.914 0.0000000000
74382  46.845  -2.647  38.546 0.0000000000
75424  47.377  -2.116  39.018 0.0000000000
74381  47.637  -2.419  38.410 0.0000000000
71722  50.544  -6.821  34.515 0.0000000000
123221  51.692  -2.309  35.178 0.0000000000
74411  51.186  -2.513  35.546 0.0000000000
75460  51.417  -2.003  35.679 0.0000000000
75443  51.014  -1.704  36.180 0.0000000000
76432  51.604  -1.374  35.535 0.0000000000
117937  51.432  -0.841  35.538 0.0000000000
74550  53.593  -3.523  25.803 0.0000000000
74549  54.496  -2.965  26.169 0.0000000000
73617  53.323  -3.826  24.904 0.0000000000
65136  6.764  -12.859  49.197 0.0000000000
128479  6.896  -13.688  49.163 0.0000000000
66012  6.364  -11.992  49.242 0.0000000000
66019  6.240  -12.263  48.829 0.0000000000
134544  15.053  -10.902  52.339 0.0000000000
68777  15.120  -10.852  53.612 0.0000000000
67818  14.724  -11.068  51.812 0.0000000000
66891  12.165  -11.961  47.397 0.0000000000
66883  11.531  -12.324  48.159 0.0000000000
73389  14.531  -4.422  47.396 0.0000000000
136057  13.886  -4.772  47.852 0.0000000000
71624  10.786  -6.693  48.812 0.0000000000
70727  10.416  -7.719  48.099 0.0000000000
70713  10.193  -7.446  49.020 0.0000000000
71625  10.203  -6.806  49.573 0.0000000000
133786  12.134  -2.266  51.819 0.0000000000
133632  10.693  -4.010  52.490 0.0000000000
133419  11.481  -2.886  51.758 0.0000000000
119962  11.184  -2.920  51.934 0.0000000000
75291  11.040  -2.889  51.386 0.0000000000
76270  12.380  -1.417  51.558 0.0000000000
130547  14.053  3.457  53.704 0.0000000000
81283  12.990  3.428  53.318 0.0000000000
82240  13.381  4.061  53.010 0.0000000000
82251  13.493  3.610  52.322 0.0000000000
138312  14.196  3.596  52.358 0.0000000000
80268  19.175  2.294  52.842 0.0000000000
80260  18.262  2.150  52.965 0.0000000000
80269  18.690  2.085  52.065 0.0000000000
79368  17.589  1.492  46.961 0.0000000000
139754  16.896  1.322  47.547 0.0000000000
79345  16.022  1.354  47.947 0.0000000000
122256  16.344  1.404  46.175 0.0000000000
135852  42.249  -21.820  42.535 0.0000000000
56882  42.137  -22.456  41.585 0.0000000000
55909  41.029  -22.257  41.251 0.0000000000
70847  27.936  -7.203  32.202 0.0000000000
71770  33.021  -6.811  31.964 0.0000000000
71753  32.429  -6.505  32.418 0.0000000000
71740  33.227  -6.193  32.789 0.0000000000
66102  38.876  -12.199  33.173 0.0000000000
67052  38.638  -11.483  32.829 0.0000000000
67037  39.320  -11.527  33.321 0.0000000000
71724  37.746  -6.675  34.515 0.0000000000
71715  37.392  -6.033  35.063 0.0000000000
71697  40.704  -6.462  38.130 0.0000000000
71692  41.000  -6.344  38.959 0.0000000000
69888  44.128  -9.476  38.932 0.0000000000
64276  45.678  -14.276  39.578 0.0000000000
65160  45.487  -13.411  39.561 0.0000000000
65168  46.257  -14.338  39.615 0.0000000000
66981  48.809  -11.448  36.987 0.0000000000
130185  48.370  -10.930  37.749 0.0000000000
66992  48.778  -11.410  36.316 0.0000000000
140886  9.064  -6.399  46.401 0.0000000000
71634  8.766  -6.858  46.073 0.0000000000
68909  7.538  -9.385  40.436 0.0000000000
69919  12.065  -8.300  38.165 0.0000000000
69908  11.540  -8.461  38.656 0.0000000000
69921  10.211  -8.545  37.594 0.0000000000
82364  9.881  4.620  37.226 0.0000000000
82375  10.729  4.729  36.649 0.0000000000
84258  10.776  6.732  33.200 0.0000000000
83349  11.022  6.100  33.174 0.0000000000
83348  11.716  5.495  32.912 0.0000000000
83356  12.034  5.722  32.097 0.0000000000
75381  43.155  -1.516  42.340 0.0000000000
76350  42.383  -1.196  43.318 0.0000000000
136738  42.908  -1.060  42.806 0.0000000000
82556  61.943  3.895  16.135 0.0000000000
82566  62.078  4.194  15.368 0.0000000000
82565  62.436  4.027  14.983 0.0000000000
77567  55.152  0.285  25.668 0.0000000000
78570  55.116  1.216  25.664 0.0000000000
78579  55.038  0.886  24.782 0.0000000000
77616  57.620  0.264  21.179 0.0000000000
78623  58.381  0.577  20.960 0.0000000000
77666  58.896  -0.429  17.140 0.0000000000
77665  59.594  0.044  16.881 0.0000000000
77654  60.313  0.374  17.596 0.0000000000
127838  61.034  0.508  17.531 0.0000000000
77664  60.576  0.235  16.675 0.0000000000
69833  27.170  -8.638  44.005 0.0000000000
69842  26.888  -8.607  43.024 0.0000000000
67908  27.375  -10.434  42.582 0.0000000000
69800  26.532  -8.546  47.403 0.0000000000
69832  27.926  -8.614  44.516 0.0000000000
69798  30.427  -7.854  47.317 0.0000000000
70721  30.326  -7.466  47.624 0.0000000000
70732  28.440  -7.796  46.623 0.0000000000
70722  29.200  -7.456  47.218 0.0000000000
66908  30.772  -11.295  44.396 0.0000000000
67888  31.644  -10.944  44.627 0.0000000000
67889  30.835  -10.678  45.292 0.0000000000
68855  30.552  -9.264  46.624 0.0000000000
127861  31.007  -8.189  47.441 0.0000000000
67907  28.026  -10.972  43.229 0.0000000000
66916  28.812  -11.297  43.624 0.0000000000
66914  30.807  -11.555  43.497 0.0000000000
88506  16.110  11.266  49.478 0.0000000000
88504  17.692  10.673  50.711 0.0000000000
88502  16.922  10.867  51.138 0.0000000000
88501  17.979  10.769  51.779 0.0000000000
88497  18.104  10.914  52.993 0.0000000000
118826  19.089  11.413  52.310 0.0000000000
85040  14.844  7.129  45.116 0.0000000000
84083  14.103  6.829  45.454 0.0000000000
85022  14.642  7.411  46.093 0.0000000000
85007  14.352  7.788  46.905 0.0000000000
85924  13.806  8.258  47.799 0.0000000000
85914  14.610  8.654  47.996 0.0000000000
87668  16.117  10.394  48.566 0.0000000000
68989  47.094  -9.593  30.790 0.0000000000
81312  24.643  3.311  49.964 0.0000000000
131890  15.868  -16.156  54.930 0.0000000000
63037  16.133  -15.105  54.803 0.0000000000
117897  21.261  -0.835  49.150 0.0000000000
78319  22.634  0.072  51.833 0.0000000000
77289  22.135  -0.357  51.458 0.0000000000
77282  21.972  -0.336  52.407 0.0000000000
138969  22.605  -0.034  53.916 0.0000000000
78310  23.121  0.285  53.382 0.0000000000
136222  24.998  2.334  52.414 0.0000000000
80245  24.921  2.513  53.335 0.0000000000
81275  24.744  3.732  52.568 0.0000000000
58971  45.402  -20.013  37.530 0.0000000000
57922  45.053  -21.017  37.223 0.0000000000
56921  43.868  -22.181  37.485 0.0000000000
60013  42.196  -18.502  37.467 0.0000000000
60012  43.097  -18.497  37.369 0.0000000000
59996  44.942  -18.804  38.602 0.0000000000
60010  43.943  -18.427  37.640 0.0000000000
60995  44.825  -18.243  38.212 0.0000000000
121113  6.389  -13.332  46.467 0.0000000000
128971  6.871  -10.790  45.898 0.0000000000
76401  10.723  -1.877  38.185 0.0000000000
76400  11.406  -1.662  37.496 0.0000000000
75458  12.144  -2.234  36.278 0.0000000000
75474  12.563  -2.659  35.590 0.0000000000
75490  12.718  -3.038  35.044 0.0000000000
77468  13.826  -1.268  35.818 0.0000000000
76442  14.282  -1.586  35.381 0.0000000000
75488  14.312  -2.571  34.512 0.0000000000
76457  14.784  -2.040  34.915 0.0000000000
78466  15.496  0.921  37.485 0.0000000000
78474  15.765  0.298  36.824 0.0000000000
79435  16.115  1.267  36.995 0.0000000000
78473  16.506  0.845  36.377 0.0000000000
84483  64.819  6.685  9.006 0.0000000000
84482  64.950  5.830  8.787 0.0000000000
75347  25.094  -2.788  45.750 0.0000000000
74303  24.742  -3.370  45.275 0.0000000000
74314  25.443  -3.415  44.352 0.0000000000
75377  25.135  -2.560  43.715 0.0000000000
75386  25.372  -3.098  43.425 0.0000000000
70782  23.105  -6.986  38.928 0.0000000000
71694  22.649  -6.582  38.262 0.0000000000
124563  22.376  -5.900  37.980 0.0000000000
72596  22.311  -5.686  36.962 0.0000000000
71706  22.430  -6.438  36.349 0.0000000000
70819  22.814  -7.868  35.216 0.0000000000
70820  22.550  -7.004  35.571 0.0000000000
137532  22.877  -7.184  34.614 0.0000000000
71727  23.029  -6.658  34.081 0.0000000000
70662  20.045  -8.245  54.098 0.0000000000
70669  19.982  -8.420  53.920 0.0000000000
70675  19.875  -7.445  53.470 0.0000000000
69763  20.569  -8.250  51.350 0.0000000000
69776  19.773  -8.792  49.657 0.0000000000
70748  22.670  -8.249  42.871 0.0000000000
70757  21.978  -7.601  42.673 0.0000000000
72559  21.755  -5.917  42.704 0.0000000000
72560  20.879  -5.822  42.630 0.0000000000
73420  21.081  -4.286  43.299 0.0000000000
73419  22.108  -4.564  43.505 0.0000000000
74317  23.285  -3.771  44.652 0.0000000000
75349  23.348  -2.729  45.606 0.0000000000
70672  25.779  -6.867  53.152 0.0000000000
69748  25.484  -8.182  52.674 0.0000000000
69738  25.125  -7.741  53.194 0.0000000000
69732  23.139  -7.914  54.174 0.0000000000
69750  23.918  -8.465  52.887 0.0000000000
69751  23.085  -8.678  53.048 0.0000000000
68780  22.750  -9.317  52.631 0.0000000000
68775  22.490  -9.210  53.506 0.0000000000
135559  21.860  -9.882  53.756 0.0000000000
68771  22.257  -9.144  54.039 0.0000000000
70661  20.389  -7.245  54.320 0.0000000000
69734  20.986  -8.234  54.331 0.0000000000
69726  20.089  -8.444  54.352 0.0000000000
135366  19.985  -9.409  54.965 0.0000000000
63234  38.863  -15.332  40.423 0.0000000000
63233  39.470  -15.901  40.925 0.0000000000
64278  38.510  -14.680  40.725 0.0000000000
65155  38.180  -13.743  41.851 0.0000000000
66034  37.967  -13.907  42.741 0.0000000000
66888  34.578  -11.304  47.071 0.0000000000
65143  32.671  -13.813  47.382 0.0000000000
65142  33.480  -13.513  47.078 0.0000000000
64239  33.178  -14.026  46.928 0.0000000000
64249  33.580  -14.189  46.491 0.0000000000
69960  23.676  -8.043  33.530 0.0000000000
69952  23.701  -8.746  34.192 0.0000000000
67965  24.688  -10.068  34.889 0.0000000000
67964  25.580  -10.456  34.310 0.0000000000
67963  26.477  -10.862  34.271 0.0000000000
122296  26.059  -10.918  34.928 0.0000000000
135322  32.170  -11.501  39.569 0.0000000000
66970  35.165  -11.679  38.671 0.0000000000
139570  34.479  -11.534  38.542 0.0000000000
66061  35.544  -11.911  38.198 0.0000000000
66060  35.990  -12.398  38.123 0.0000000000
64286  37.482  -13.684  39.549 0.0000000000
124001  38.435  -14.756  40.068 0.0000000000
92712  12.773  17.563  40.925 0.0000000000
92706  12.628  17.394  41.806 0.0000000000
121692  12.881  18.035  43.153 0.0000000000
125360  12.945  17.926  42.369 0.0000000000
93297  13.126  18.683  42.568 0.0000000000
93919  13.329  19.842  41.739 0.0000000000
93915  13.165  19.706  42.719 0.0000000000
94414  13.036  20.148  48.014 0.0000000000
130205  12.596  20.194  47.471 0.0000000000
94418  12.900  20.844  47.543 0.0000000000
96269  13.010  23.285  46.950 0.0000000000
79321  11.393  0.711  49.668 0.0000000000
79335  10.618  1.414  48.965 0.0000000000
131753  10.777  0.759  49.273 0.0000000000
78340  9.779  0.140  48.511 0.0000000000
82290  9.049  4.658  45.892 0.0000000000
82302  8.782  4.143  44.692 0.0000000000
124899  8.589  3.379  44.099 0.0000000000
81361  8.519  3.248  43.346 0.0000000000
127355  8.667  4.320  41.961 0.0000000000
136277  8.771  4.685  41.254 0.0000000000
82339  8.637  4.656  40.367 0.0000000000
83268  10.264  5.563  41.376 0.0000000000
84145  11.626  6.483  41.594 0.0000000000
88542  13.015  11.592  44.400 0.0000000000
88549  12.230  11.940  43.691 0.0000000000
89953  11.382  13.503  42.620 0.0000000000
131346  11.866  12.885  42.845 0.0000000000
89954  9.870  13.334  42.389 0.0000000000
120668  9.536  12.495  42.233 0.0000000000
90636  9.190  13.876  42.081 0.0000000000
90637  8.854  13.438  41.950 0.0000000000
91971  11.247  16.044  42.102 0.0000000000
91980  10.884  16.184  41.538 0.0000000000
71696  43.970  -6.910  38.072 0.0000000000
135350  44.388  -6.582  37.182 0.0000000000
72600  45.658  -6.078  36.367 0.0000000000
72592  44.910  -5.374  37.031 0.0000000000
73498  45.993  -4.658  36.712 0.0000000000
71734  52.645  -6.860  32.449 0.0000000000
128047  52.129  -6.258  32.997 0.0000000000
72644  52.614  -5.853  32.669 0.0000000000
73524  52.501  -4.790  33.005 0.0000000000
74434  52.694  -3.093  33.778 0.0000000000
75492  52.984  -2.277  34.006 0.0000000000
74433  53.407  -2.816  33.391 0.0000000000
74452  54.329  -2.830  32.209 0.0000000000
74471  55.119  -2.535  31.106 0.0000000000
75524  55.306  -1.923  31.399 0.0000000000
74500  55.225  -2.513  30.439 0.0000000000
74522  52.863  -3.398  27.401 0.0000000000
137690  21.603  1.711  43.496 0.0000000000
80356  21.609  2.486  43.764 0.0000000000
80357  21.311  2.230  43.037 0.0000000000
81364  21.243  3.670  42.460 0.0000000000
63109  12.805  -15.029  48.690 0.0000000000
118586  11.271  -15.183  48.743 0.0000000000
64217  8.741  -14.446  50.621 0.0000000000
63089  8.887  -14.930  50.048 0.0000000000
64218  7.884  -14.319  49.976 0.0000000000
64219  7.307  -13.914  49.596 0.0000000000
67853  15.634  -10.753  47.606 0.0000000000
121683  15.094  -10.894  48.098 0.0000000000
67879  13.962  -10.629  45.628 0.0000000000
68889  13.359  -10.247  45.152 0.0000000000
131258  15.306  -3.582  51.145 0.0000000000
74276  14.698  -3.851  50.573 0.0000000000
128845  14.086  -4.042  51.381 0.0000000000
141399  13.606  -4.311  50.749 0.0000000000
73380  12.943  -4.632  50.387 0.0000000000
73375  13.263  -4.321  50.958 0.0000000000
73376  12.348  -4.743  50.596 0.0000000000
76266  14.160  -2.025  54.157 0.0000000000
117649  14.003  -2.107  52.691 0.0000000000
133888  14.049  -1.934  53.321 0.0000000000
117157  13.819  -1.628  52.791 0.0000000000
117437  13.560  -1.551  53.863 0.0000000000
116562  13.569  -0.489  54.358 0.0000000000
117494  13.834  0.206  55.428 0.0000000000
80235  15.004  2.283  56.222 0.0000000000
135166  13.847  2.537  56.273 0.0000000000
82229  14.016  3.373  56.342 0.0000000000
82232  14.901  3.277  55.970 0.0000000000
117159  15.552  4.397  56.325 0.0000000000
80337  18.194  2.679  45.081 0.0000000000
81341  18.965  3.195  45.522 0.0000000000
68998  30.038  -9.174  31.241 0.0000000000
132993  30.111  -8.265  31.169 0.0000000000
68995  33.108  -9.498  31.408 0.0000000000
69980  31.712  -8.774  31.270 0.0000000000
69979  32.658  -8.742  31.305 0.0000000000
127829  33.130  -8.044  31.308 0.0000000000
69978  33.889  -8.323  31.325 0.0000000000
67020  41.081  -11.522  34.786 0.0000000000
67021  40.407  -11.149  34.243 0.0000000000
67961  40.834  -10.637  34.698 0.0000000000
68940  41.001  -9.154  34.989 0.0000000000
68950  40.030  -9.142  34.356 0.0000000000
69949  40.324  -8.485  34.896 0.0000000000
69940  40.040  -7.665  35.234 0.0000000000
70817  39.468  -6.912  35.350 0.0000000000
69928  41.977  -8.543  36.671 0.0000000000
136710  41.949  -7.639  37.823 0.0000000000
69914  42.862  -8.990  37.907 0.0000000000
68917  43.811  -10.343  38.602 0.0000000000
123594  47.834  -15.377  37.088 0.0000000000
64303  48.253  -14.902  36.921 0.0000000000
66071  48.699  -13.261  36.685 0.0000000000
65205  44.819  -13.469  33.728 0.0000000000
66085  45.051  -12.796  34.068 0.0000000000
72541  10.727  -5.720  44.718 0.0000000000
71637  9.877  -6.241  45.068 0.0000000000
70751  10.977  -6.988  43.218 0.0000000000
70767  10.378  -7.579  43.013 0.0000000000
69874  9.251  -8.439  41.785 0.0000000000
135405  10.019  -8.338  41.842 0.0000000000
70825  8.374  -7.936  34.706 0.0000000000
69944  8.572  -8.181  34.992 0.0000000000
69953  8.261  -8.233  34.536 0.0000000000
85132  10.340  6.753  36.638 0.0000000000
85143  10.191  6.855  36.015 0.0000000000
85142  10.693  7.395  36.040 0.0000000000
85155  10.643  7.603  35.274 0.0000000000
86068  11.066  7.912  34.743 0.0000000000
85168  10.508  7.525  34.011 0.0000000000
85167  11.885  8.137  34.373 0.0000000000
77363  45.814  0.131  41.744 0.0000000000
77352  45.109  0.250  41.975 0.0000000000
78425  45.631  0.675  41.054 0.0000000000
77389  44.217  0.308  39.896 0.0000000000
78441  44.119  0.641  40.908 0.0000000000
134337  43.117  0.132  40.180 0.0000000000
77411  42.485  -0.553  39.224 0.0000000000
79585  56.711  1.737  18.011 0.0000000000
118868  60.657  3.601  17.338 0.0000000000
81595  61.281  3.671  17.221 0.0000000000
81576  61.646  3.331  17.746 0.0000000000
76569  54.527  -1.168  23.424 0.0000000000
75615  55.549  -1.456  21.490 0.0000000000
75626  56.045  -1.627  20.756 0.0000000000
76591  56.458  -0.890  21.164 0.0000000000
69877  26.076  -8.953  41.268 0.0000000000
125169  25.476  -7.923  40.945 0.0000000000
69879  24.930  -8.156  40.358 0.0000000000
68914  24.644  -9.193  39.349 0.0000000000
68920  24.519  -9.571  38.488 0.0000000000
68927  25.121  -10.274  38.132 0.0000000000
135635  24.036  -6.867  50.949 0.0000000000
119596  23.541  -7.331  50.392 0.0000000000
69803  23.640  -8.991  48.006 0.0000000000
69786  23.202  -8.274  48.688 0.0000000000
68826  23.152  -9.274  47.182 0.0000000000
69818  25.925  -9.078  46.783 0.0000000000
68857  25.214  -9.330  46.121 0.0000000000
68878  23.964  -9.435  44.531 0.0000000000
68859  23.267  -9.528  45.357 0.0000000000
70746  24.562  -7.902  42.860 0.0000000000
70747  23.570  -7.675  42.791 0.0000000000
66870  30.392  -10.831  49.126 0.0000000000
67832  30.695  -9.820  49.543 0.0000000000
120260  29.777  -8.377  50.588 0.0000000000
134813  29.805  -9.083  50.424 0.0000000000
69767  29.127  -9.074  50.661 0.0000000000
68784  28.439  -9.028  50.920 0.0000000000
69757  28.980  -8.230  50.920 0.0000000000
71622  29.294  -6.507  48.950 0.0000000000
71610  29.768  -6.491  49.592 0.0000000000
71613  26.946  -6.313  50.312 0.0000000000
71601  28.398  -6.630  50.673 0.0000000000
71602  27.404  -6.337  50.891 0.0000000000
71591  27.008  -6.172  51.527 0.0000000000
70679  26.806  -6.254  52.205 0.0000000000
71605  24.810  -6.225  51.380 0.0000000000
138941  25.355  -5.098  51.688 0.0000000000
70685  24.141  -6.520  51.640 0.0000000000
66929  34.853  -10.988  41.107 0.0000000000
67895  34.509  -10.303  43.824 0.0000000000
118960  35.252  -10.068  44.311 0.0000000000
67887  32.480  -10.451  44.841 0.0000000000
68873  33.083  -9.747  45.449 0.0000000000
69811  34.446  -8.756  46.886 0.0000000000
68852  34.311  -9.033  46.134 0.0000000000
68851  34.996  -9.002  46.318 0.0000000000
68835  34.878  -8.918  46.993 0.0000000000
68822  35.028  -9.462  47.049 0.0000000000
68823  34.581  -8.864  47.561 0.0000000000
67830  32.211  -9.431  48.992 0.0000000000
136541  31.977  -10.356  48.738 0.0000000000
67930  25.661  -10.597  38.730 0.0000000000
66964  27.341  -11.563  39.745 0.0000000000
128146  27.592  -11.651  38.950 0.0000000000
66935  28.528  -11.641  41.824 0.0000000000
120888  29.154  -11.754  41.268 0.0000000000
119724  30.248  -11.692  40.391 0.0000000000
140495  30.993  -11.572  40.202 0.0000000000
66960  31.398  -11.533  39.570 0.0000000000
66930  33.458  -11.169  41.410 0.0000000000
117965  34.122  -11.120  41.040 0.0000000000
66941  34.496  -11.319  40.316 0.0000000000
90615  14.531  14.200  46.204 0.0000000000
130207  13.919  14.928  45.887 0.0000000000
90599  14.241  14.897  48.775 0.0000000000
125215  13.307  16.038  48.230 0.0000000000
129966  14.935  12.169  51.770 0.0000000000
89260  14.385  12.742  51.115 0.0000000000
89256  14.024  13.005  52.151 0.0000000000
139624  14.210  14.668  51.988 0.0000000000
90590  13.471  14.206  52.021 0.0000000000
124824  13.920  15.003  50.827 0.0000000000
140292  14.384  15.310  50.053 0.0000000000
91269  14.405  15.592  50.306 0.0000000000
91945  13.999  17.015  49.698 0.0000000000
91944  14.652  16.533  49.904 0.0000000000
92672  15.062  17.086  49.516 0.0000000000
93271  14.875  17.807  49.004 0.0000000000
93275  14.756  18.733  48.542 0.0000000000
80327  12.833  2.196  46.648 0.0000000000
80342  12.529  2.909  45.913 0.0000000000
82289  11.368  4.445  46.515 0.0000000000
81332  10.567  4.098  46.998 0.0000000000
84084  13.276  6.494  45.778 0.0000000000
84085  12.452  6.096  46.253 0.0000000000
83210  11.432  5.836  46.840 0.0000000000
83211  10.444  5.846  46.873 0.0000000000
85024  10.295  7.194  46.738 0.0000000000
132491  9.887  9.850  48.125 0.0000000000
86780  9.959  9.919  47.496 0.0000000000
87689  10.308  10.187  46.714 0.0000000000
87688  10.716  10.394  46.916 0.0000000000
87670  14.028  9.311  47.992 0.0000000000
87676  13.609  9.850  47.631 0.0000000000
87686  13.194  10.419  46.896 0.0000000000
87696  12.798  10.735  45.897 0.0000000000
88530  13.597  11.214  45.185 0.0000000000
89288  14.770  12.337  45.219 0.0000000000
89944  14.865  13.227  45.554 0.0000000000
69924  48.478  -8.535  35.812 0.0000000000
69947  49.606  -8.664  34.532 0.0000000000
69955  51.618  -8.451  32.807 0.0000000000
69964  51.924  -8.535  32.169 0.0000000000
69954  52.244  -8.257  32.461 0.0000000000
70885  51.677  -7.684  30.267 0.0000000000
70873  52.687  -7.947  30.904 0.0000000000
70884  52.405  -7.206  30.461 0.0000000000
64203  14.851  -13.823  51.617 0.0000000000
64204  14.016  -14.267  51.710 0.0000000000
63069  13.211  -14.850  51.064 0.0000000000
63056  12.438  -14.729  51.039 0.0000000000
72537  16.006  -5.074  43.981 0.0000000000
73408  15.664  -4.756  44.703 0.0000000000
134892  16.118  -4.182  45.141 0.0000000000
75335  16.802  -2.930  46.914 0.0000000000
74294  16.314  -3.465  46.390 0.0000000000
74288  16.064  -3.377  47.263 0.0000000000
75313  16.779  -2.710  48.480 0.0000000000
76287  19.482  -1.707  49.845 0.0000000000
76277  18.854  -1.745  51.425 0.0000000000
75307  18.131  -2.273  50.249 0.0000000000
75303  17.389  -2.516  50.832 0.0000000000
75304  16.677  -2.854  50.457 0.0000000000
75298  17.353  -2.289  51.723 0.0000000000
76268  18.167  -0.869  53.059 0.0000000000
77273  17.531  -0.789  53.227 0.0000000000
134812  17.042  -0.669  53.536 0.0000000000
77265  17.800  0.215  53.763 0.0000000000
78298  17.537  0.474  55.040 0.0000000000
79297  19.870  1.393  55.155 0.0000000000
122565  18.973  1.762  55.035 0.0000000000
80240  19.798  1.926  54.910 0.0000000000
80250  19.740  2.092  54.355 0.0000000000
80237  22.722  2.253  55.077 0.0000000000
79295  21.962  1.625  55.174 0.0000000000
81286  20.560  3.060  52.049 0.0000000000
62138  45.138  -16.388  34.248 0.0000000000
61044  44.392  -17.064  33.546 0.0000000000
60052  44.179  -17.836  33.451 0.0000000000
60053  43.582  -18.121  32.860 0.0000000000
58989  44.586  -19.367  35.155 0.0000000000
58990  43.906  -19.705  34.652 0.0000000000
59000  42.945  -19.685  33.527 0.0000000000
66088  36.225  -12.764  34.161 0.0000000000
66096  36.467  -12.405  33.315 0.0000000000
65201  37.443  -13.733  34.063 0.0000000000
64317  39.354  -14.775  34.504 0.0000000000
64326  38.180  -13.993  34.018 0.0000000000
64325  38.975  -14.112  34.096 0.0000000000
65200  39.824  -14.032  34.292 0.0000000000
61008  42.385  -17.496  36.333 0.0000000000
62119  41.178  -16.737  35.696 0.0000000000
62118  42.013  -16.765  35.903 0.0000000000
63295  42.125  -15.246  35.780 0.0000000000
64310  41.746  -14.446  35.444 0.0000000000
65198  41.347  -13.761  35.028 0.0000000000
66086  41.527  -12.953  34.985 0.0000000000
65187  42.648  -13.503  36.507 0.0000000000
66073  42.878  -12.655  37.011 0.0000000000
66072  43.337  -12.847  37.785 0.0000000000
64283  45.640  -14.924  39.636 0.0000000000
63244  46.063  -15.725  39.718 0.0000000000
60982  47.068  -16.751  38.108 0.0000000000
62070  46.861  -16.144  39.108 0.0000000000
62094  47.281  -16.275  37.939 0.0000000000
63270  47.596  -15.700  37.579 0.0000000000
61026  46.539  -16.897  36.122 0.0000000000
62129  46.445  -16.349  35.702 0.0000000000
63307  46.187  -15.764  35.199 0.0000000000
74360  11.823  -3.160  41.784 0.0000000000
73443  13.002  -4.204  41.830 0.0000000000
73454  13.421  -5.032  39.732 0.0000000000
72586  13.571  -5.725  39.282 0.0000000000
71695  13.548  -6.736  38.747 0.0000000000
74389  11.949  -3.403  37.950 0.0000000000
71707  13.071  -6.363  36.362 0.0000000000
132189  13.336  -5.925  37.061 0.0000000000
70805  12.795  -7.202  36.418 0.0000000000
70806  12.254  -7.301  35.885 0.0000000000
70822  10.315  -7.654  35.597 0.0000000000
71719  10.909  -7.026  35.090 0.0000000000
72643  9.772  -6.164  33.923 0.0000000000
71731  9.186  -6.735  34.484 0.0000000000
71767  8.005  -6.417  32.980 0.0000000000
71780  8.064  -6.474  32.091 0.0000000000
142642  8.696  -6.369  32.019 0.0000000000
73530  12.892  -4.573  33.904 0.0000000000
88574  15.058  12.074  38.509 0.0000000000
88575  15.168  11.478  37.897 0.0000000000
139209  15.305  12.198  37.866 0.0000000000
89995  15.253  13.240  36.806 0.0000000000
89328  15.599  12.489  36.632 0.0000000000
76435  46.823  -1.507  36.092 0.0000000000
80535  55.908  2.902  20.759 0.0000000000
80534  56.746  3.054  20.517 0.0000000000
80543  57.348  2.902  19.802 0.0000000000
77304  24.469  -0.016  49.120 0.0000000000
77303  24.677  0.170  48.958 0.0000000000
77316  24.862  -0.293  48.330 0.0000000000
77328  25.173  -0.799  46.876 0.0000000000
78354  24.981  -0.301  47.526 0.0000000000
75346  25.408  -2.439  45.505 0.0000000000
141811  25.490  -2.063  45.924 0.0000000000
76338  25.441  -1.806  45.541 0.0000000000
77349  23.483  -0.781  43.971 0.0000000000
77343  23.975  -0.616  44.707 0.0000000000
78378  23.446  0.151  45.038 0.0000000000
77350  22.480  -0.117  43.588 0.0000000000
78405  21.800  0.411  42.808 0.0000000000
77360  21.684  0.056  42.038 0.0000000000
78421  21.010  0.586  41.441 0.0000000000
122519  21.342  -0.388  41.333 0.0000000000
73416  25.198  -4.623  43.562 0.0000000000
74356  24.406  -3.831  41.810 0.0000000000
72577  23.588  -5.256  40.540 0.0000000000
72578  22.795  -4.957  40.252 0.0000000000
74368  22.077  -3.821  40.446 0.0000000000
74358  22.577  -3.508  41.059 0.0000000000
75399  22.632  -2.934  41.338 0.0000000000
76380  21.293  -1.463  40.285 0.0000000000
77400  21.006  -0.679  39.949 0.0000000000
135385  20.980  -0.461  39.233 0.0000000000
77422  21.097  -0.523  38.600 0.0000000000
75457  21.673  -1.812  36.967 0.0000000000
76415  21.588  -1.149  37.297 0.0000000000
76429  22.089  -1.384  36.278 0.0000000000
77464  22.304  -0.986  35.768 0.0000000000
76440  22.347  -1.657  35.568 0.0000000000
73507  22.255  -4.413  36.217 0.0000000000
73516  22.478  -4.621  35.576 0.0000000000
74432  22.883  -3.537  34.356 0.0000000000
75472  22.527  -3.298  35.157 0.0000000000
74467  24.211  -3.405  32.527 0.0000000000
74465  25.494  -3.860  31.887 0.0000000000
69730  16.462  -9.557  55.538 0.0000000000
129771  15.924  -9.668  56.145 0.0000000000
69731  16.488  -10.147  54.994 0.0000000000
69737  16.240  -10.250  54.254 0.0000000000
69745  16.350  -10.250  53.460 0.0000000000
69754  18.903  -9.157  53.016 0.0000000000
137213  18.223  -9.428  52.276 0.0000000000
68807  17.480  -9.845  49.789 0.0000000000
68797  17.217  -9.893  50.650 0.0000000000
68798  16.434  -10.256  50.780 0.0000000000
118009  16.713  -10.184  50.033 0.0000000000
67833  16.288  -10.440  48.911 0.0000000000
68818  17.010  -10.207  48.490 0.0000000000
67861  17.191  -10.262  45.827 0.0000000000
67876  16.472  -10.393  45.219 0.0000000000
68886  16.679  -10.149  44.234 0.0000000000
70697  21.864  -8.025  49.588 0.0000000000
70712  21.813  -8.232  48.942 0.0000000000
117947  20.409  -9.248  46.999 0.0000000000
68829  19.909  -9.090  47.798 0.0000000000
121831  21.045  -8.629  43.230 0.0000000000
68882  20.880  -9.427  44.663 0.0000000000
69849  19.260  -8.895  43.379 0.0000000000
68897  19.655  -9.230  43.864 0.0000000000
134893  19.288  -9.477  44.494 0.0000000000
120473  19.036  -9.591  45.205 0.0000000000
68884  18.609  -9.648  44.467 0.0000000000
122600  18.372  -9.818  45.083 0.0000000000
128097  18.176  -9.488  43.711 0.0000000000
70762  17.212  -7.493  42.417 0.0000000000
70763  16.529  -7.542  42.557 0.0000000000
71663  16.740  -6.847  42.561 0.0000000000
71648  16.209  -6.305  43.028 0.0000000000
74321  18.385  -3.175  44.294 0.0000000000
74337  17.915  -3.800  43.811 0.0000000000
74306  18.056  -2.855  45.073 0.0000000000
74318  21.368  -3.225  44.190 0.0000000000
74319  20.327  -3.177  44.041 0.0000000000
75365  20.832  -2.662  44.705 0.0000000000
76329  21.830  -1.912  46.050 0.0000000000
137943  20.862  -1.838  46.048 0.0000000000
76330  20.458  -1.545  46.638 0.0000000000
135550  21.215  -1.117  47.616 0.0000000000
76314  22.094  -1.123  47.443 0.0000000000
76297  23.937  -1.038  48.116 0.0000000000
77305  23.885  -0.203  49.385 0.0000000000
66860  29.068  -11.425  49.677 0.0000000000
66861  28.435  -11.731  49.767 0.0000000000
67824  26.772  -11.170  50.177 0.0000000000
126450  26.613  -12.841  50.014 0.0000000000
65991  26.247  -12.732  50.032 0.0000000000
67814  25.740  -9.985  50.656 0.0000000000
67826  24.709  -9.698  50.824 0.0000000000
64212  20.966  -14.639  49.601 0.0000000000
65980  21.259  -12.553  53.451 0.0000000000
65976  21.148  -12.409  54.191 0.0000000000
65090  20.014  -13.155  56.278 0.0000000000
58937  45.161  -19.900  40.606 0.0000000000
59960  42.325  -19.119  41.642 0.0000000000
57880  43.125  -20.479  42.078 0.0000000000
58913  42.475  -19.670  42.278 0.0000000000
62052  40.631  -16.651  41.786 0.0000000000
62039  40.609  -16.651  42.154 0.0000000000
137475  40.242  -17.580  42.732 0.0000000000
59941  40.812  -17.793  42.594 0.0000000000
59942  40.225  -18.296  42.797 0.0000000000
58915  41.193  -19.697  42.915 0.0000000000
58904  40.471  -19.264  42.882 0.0000000000
57866  39.954  -19.743  42.878 0.0000000000
58905  39.247  -18.986  42.902 0.0000000000
66919  36.632  -11.226  42.521 0.0000000000
66926  37.017  -11.797  41.976 0.0000000000
138837  36.930  -12.433  44.990 0.0000000000
66032  37.262  -12.667  44.321 0.0000000000
65153  37.222  -13.594  44.154 0.0000000000
65151  36.682  -13.983  44.709 0.0000000000
73537  25.254  -4.661  32.011 0.0000000000
140297  25.300  -6.140  32.038 0.0000000000
71759  26.589  -6.717  32.074 0.0000000000
70849  26.284  -7.572  31.762 0.0000000000
69971  24.788  -8.808  32.687 0.0000000000
68981  27.128  -10.140  31.985 0.0000000000
69002  26.701  -9.434  31.789 0.0000000000
69985  27.121  -8.654  31.571 0.0000000000
69001  27.539  -9.454  31.619 0.0000000000
69000  28.363  -9.369  31.482 0.0000000000
68013  28.783  -9.947  31.572 0.0000000000
67974  30.040  -11.085  32.851 0.0000000000
67991  29.727  -10.615  32.106 0.0000000000
67989  31.471  -10.731  32.320 0.0000000000
67936  26.153  -11.154  37.212 0.0000000000
67002  26.648  -11.314  36.531 0.0000000000
121027  28.482  -11.555  36.813 0.0000000000
67000  28.210  -11.511  36.001 0.0000000000
67014  28.854  -11.529  35.463 0.0000000000
119713  31.280  -11.525  37.490 0.0000000000
118567  31.247  -11.511  35.799 0.0000000000
66999  30.693  -11.536  36.285 0.0000000000
67028  29.550  -11.524  35.038 0.0000000000
67027  30.305  -11.470  34.656 0.0000000000
67024  33.630  -11.532  35.158 0.0000000000
67025  32.403  -11.444  34.663 0.0000000000
125682  33.626  -11.453  34.370 0.0000000000
67041  32.924  -11.349  34.106 0.0000000000
67022  35.029  -11.807  34.265 0.0000000000
65189  36.527  -13.513  36.073 0.0000000000
128457  36.128  -13.028  35.277 0.0000000000
65188  37.048  -14.186  35.968 0.0000000000
63300  37.952  -15.277  35.619 0.0000000000
65184  37.046  -13.889  37.792 0.0000000000
64298  37.939  -15.037  37.926 0.0000000000
63272  38.514  -15.659  37.870 0.0000000000
62097  39.483  -16.768  37.424 0.0000000000
126564  40.502  -17.802  37.927 0.0000000000
59999  41.931  -18.662  38.364 0.0000000000
122903  12.974  16.597  46.048 0.0000000000
123126  12.602  19.424  44.912 0.0000000000
93286  12.719  18.819  44.543 0.0000000000
93906  12.572  20.058  44.682 0.0000000000
94439  12.809  20.676  43.203 0.0000000000
94976  12.247  21.760  45.515 0.0000000000
73385  8.214  -4.899  49.580 0.0000000000
135724  8.853  -4.808  48.863 0.0000000000
73388  9.458  -4.338  48.647 0.0000000000
73390  9.898  -4.417  47.896 0.0000000000
77308  10.529  -0.707  49.448 0.0000000000
76290  9.869  -1.365  49.340 0.0000000000
75321  10.032  -2.944  47.741 0.0000000000
73395  10.698  -4.088  46.774 0.0000000000
74296  10.700  -3.266  46.856 0.0000000000
137584  11.202  -3.075  45.716 0.0000000000
75368  11.314  -2.933  45.050 0.0000000000
80319  11.347  2.492  47.774 0.0000000000
81324  10.694  2.682  47.650 0.0000000000
80320  9.466  2.284  47.346 0.0000000000
79360  10.285  2.085  47.759 0.0000000000
81345  8.674  3.305  45.760 0.0000000000
81334  8.848  3.205  46.574 0.0000000000
80331  8.656  2.512  45.981 0.0000000000
78369  8.449  0.807  45.606 0.0000000000
140002  8.420  0.127  45.474 0.0000000000
136868  8.483  0.063  46.037 0.0000000000
76340  8.774  -1.196  45.578 0.0000000000
75379  10.591  -2.226  43.783 0.0000000000
75390  10.399  -2.309  42.759 0.0000000000
76363  8.861  -1.795  41.702 0.0000000000
75412  9.982  -2.631  40.578 0.0000000000
78422  8.280  0.262  41.673 0.0000000000
79401  8.189  1.105  41.110 0.0000000000
78437  8.744  0.368  40.396 0.0000000000
131233  8.593  -0.148  40.664 0.0000000000
137610  9.349  -1.350  39.994 0.0000000000
77403  9.667  -0.757  39.938 0.0000000000
78450  10.025  -0.018  40.079 0.0000000000
79406  10.713  1.762  40.303 0.0000000000
78449  11.009  0.114  40.015 0.0000000000
79416  11.462  1.107  40.276 0.0000000000
79415  12.445  1.434  40.057 0.0000000000
126361  12.512  2.299  39.954 0.0000000000
141322  11.787  2.605  39.938 0.0000000000
81386  9.219  3.420  38.739 0.0000000000
81385  10.343  3.573  38.858 0.0000000000
81397  9.491  3.952  38.338 0.0000000000
81396  10.452  4.158  38.127 0.0000000000
83280  9.023  5.138  39.920 0.0000000000
83290  9.491  5.469  39.263 0.0000000000
84198  9.362  5.741  37.572 0.0000000000
84196  11.148  6.601  38.273 0.0000000000
139377  12.886  7.328  39.074 0.0000000000
85120  13.298  7.871  38.755 0.0000000000
86033  13.673  8.558  38.378 0.0000000000
85041  10.787  7.927  44.632 0.0000000000
132131  11.153  9.437  43.591 0.0000000000
85077  12.139  7.717  42.143 0.0000000000
88551  10.604  11.118  43.245 0.0000000000
87727  10.788  10.688  42.791 0.0000000000
87726  11.585  10.214  42.451 0.0000000000
86843  13.101  9.480  41.454 0.0000000000
137024  13.456  8.895  41.123 0.0000000000
88567  13.611  11.341  40.570 0.0000000000
87744  13.919  10.458  40.542 0.0000000000
87743  14.395  10.464  39.906 0.0000000000
86862  14.420  9.980  39.384 0.0000000000
87747  14.650  10.836  39.264 0.0000000000
89962  13.274  13.365  39.527 0.0000000000
89977  13.750  13.751  38.771 0.0000000000
90648  12.863  14.088  39.015 0.0000000000
90644  9.570  14.543  41.238 0.0000000000
90643  9.945  14.444  40.568 0.0000000000
90651  9.781  14.905  39.928 0.0000000000
91365  10.147  15.416  38.481 0.0000000000
133024  9.978  15.139  39.059 0.0000000000
90666  10.288  15.069  38.362 0.0000000000
90665  11.149  14.710  38.321 0.0000000000
90676  10.281  15.505  37.799 0.0000000000
139527  41.836  -5.426  41.675 0.0000000000
71654  42.172  -5.203  41.684 0.0000000000
72554  42.341  -4.735  41.571 0.0000000000
74351  42.676  -3.484  41.568 0.0000000000
74363  43.115  -3.483  40.888 0.0000000000
73468  43.969  -4.681  38.578 0.0000000000
74384  44.668  -3.484  38.937 0.0000000000
74375  44.310  -3.243  39.718 0.0000000000
74361  45.152  -2.357  40.130 0.0000000000
75406  44.821  -1.920  40.819 0.0000000000
75405  45.884  -1.640  40.635 0.0000000000
75392  45.546  -1.268  41.211 0.0000000000
75414  48.214  -1.308  39.577 0.0000000000
76384  47.880  -0.609  40.171 0.0000000000
77388  47.691  0.129  39.988 0.0000000000
77406  48.168  0.095  39.230 0.0000000000
72614  48.615  -5.082  35.288 0.0000000000
73512  47.900  -4.179  35.901 0.0000000000
73518  50.729  -3.990  34.705 0.0000000000
74401  50.182  -2.440  36.604 0.0000000000
74413  49.738  -3.049  36.180 0.0000000000
74403  48.802  -2.853  37.157 0.0000000000
74391  49.185  -2.159  37.681 0.0000000000
76402  49.890  -1.146  37.521 0.0000000000
77427  49.527  -0.793  37.750 0.0000000000
77443  49.226  -0.348  37.362 0.0000000000
118762  48.596  -0.319  36.683 0.0000000000
137100  49.407  -0.401  36.580 0.0000000000
77469  49.960  -0.696  34.919 0.0000000000
76461  50.545  -0.910  33.425 0.0000000000
76460  53.628  -1.413  33.682 0.0000000000
117837  52.326  -0.858  34.501 0.0000000000
123863  55.443  0.079  28.289 0.0000000000
78541  55.240  0.724  27.634 0.0000000000
78556  55.259  0.683  26.666 0.0000000000
127167  55.612  -1.963  28.206 0.0000000000
76509  55.935  -1.473  28.644 0.0000000000
75573  55.108  -2.189  26.261 0.0000000000
76552  55.157  -1.326  25.963 0.0000000000
76553  54.906  -1.854  25.235 0.0000000000
74586  54.210  -3.181  23.443 0.0000000000
73651  53.688  -4.100  22.444 0.0000000000
72682  51.571  -4.415  28.505 0.0000000000
72686  50.597  -4.856  28.185 0.0000000000
119343  51.885  -3.773  26.086 0.0000000000
73619  51.020  -4.217  25.632 0.0000000000
73631  51.524  -4.583  24.599 0.0000000000
73644  51.653  -4.882  23.668 0.0000000000
72716  51.927  -5.184  22.908 0.0000000000
72733  52.341  -5.381  22.097 0.0000000000
86311  64.079  8.877  9.733 0.0000000000
85372  63.259  7.819  10.795 0.0000000000
84445  63.267  7.031  11.228 0.0000000000
84444  63.734  6.656  11.033 0.0000000000
84431  63.419  6.244  11.684 0.0000000000
86779  17.517  9.262  46.859 0.0000000000
86786  17.606  9.330  45.704 0.0000000000
79342  24.626  1.545  48.823 0.0000000000
63111  10.605  -14.856  48.100 0.0000000000
135887  9.797  -14.863  47.859 0.0000000000
132170  7.331  -14.891  48.446 0.0000000000
63126  8.221  -15.256  47.326 0.0000000000
63127  7.376  -15.135  47.564 0.0000000000
63145  8.416  -15.325  46.356 0.0000000000
63147  6.817  -15.057  46.912 0.0000000000
64245  6.643  -14.425  47.320 0.0000000000
68821  6.378  -9.968  49.350 0.0000000000
134410  6.160  -11.914  48.380 0.0000000000
69793  6.445  -9.087  48.864 0.0000000000
65088  15.914  -13.161  56.724 0.0000000000
65092  15.617  -13.556  56.254 0.0000000000
65089  15.155  -12.830  56.505 0.0000000000
66841  13.596  -11.751  55.243 0.0000000000
65971  13.690  -12.384  55.919 0.0000000000
65974  13.458  -12.332  55.345 0.0000000000
65097  13.560  -13.011  54.863 0.0000000000
65975  13.545  -12.401  54.362 0.0000000000
131630  14.069  -11.291  50.739 0.0000000000
67836  13.877  -11.317  49.977 0.0000000000
119130  12.525  -12.034  50.769 0.0000000000
67820  13.108  -11.976  51.289 0.0000000000
66857  12.976  -12.170  51.532 0.0000000000
66846  13.324  -12.183  52.336 0.0000000000
66849  13.009  -12.231  52.025 0.0000000000
65978  12.512  -12.777  52.265 0.0000000000
65981  12.069  -12.876  52.023 0.0000000000
66007  11.210  -12.585  49.710 0.0000000000
66855  11.128  -13.018  51.452 0.0000000000
65986  10.917  -13.128  51.437 0.0000000000
65984  10.268  -13.444  51.754 0.0000000000
120712  10.587  -13.179  50.903 0.0000000000
72538  14.574  -5.815  44.766 0.0000000000
71636  13.930  -6.249  45.230 0.0000000000
71632  13.063  -6.511  46.322 0.0000000000
70736  13.055  -7.189  45.711 0.0000000000
69826  12.557  -8.587  45.326 0.0000000000
70737  12.496  -7.763  45.753 0.0000000000
117998  12.945  -5.297  48.481 0.0000000000
72523  13.347  -5.225  47.815 0.0000000000
70726  11.083  -7.399  47.554 0.0000000000
70725  11.814  -7.171  46.992 0.0000000000
70733  11.328  -7.963  46.654 0.0000000000
68847  11.338  -8.913  46.078 0.0000000000
68848  10.772  -9.570  46.308 0.0000000000
67868  10.301  -10.217  46.594 0.0000000000
67857  9.374  -10.500  47.618 0.0000000000
67856  9.887  -10.788  46.993 0.0000000000
66884  9.321  -11.726  47.843 0.0000000000
66017  9.270  -12.421  48.450 0.0000000000
66009  8.917  -13.006  49.215 0.0000000000
68819  8.770  -9.712  49.393 0.0000000000
139979  8.407  -11.049  48.994 0.0000000000
139755  10.409  -5.922  50.776 0.0000000000
117540  9.976  -6.362  50.592 0.0000000000
133880  9.609  -6.364  51.113 0.0000000000
72509  8.953  -6.356  53.125 0.0000000000
117574  9.052  -6.614  52.035 0.0000000000
139469  8.139  -7.323  51.550 0.0000000000
116569  8.045  -7.861  51.023 0.0000000000
117238  7.344  -7.915  51.152 0.0000000000
117568  7.771  -7.357  51.509 0.0000000000
73378  7.209  -4.131  53.058 0.0000000000
72510  7.433  -6.186  52.815 0.0000000000
72514  7.412  -5.814  51.759 0.0000000000
72517  7.544  -5.738  50.374 0.0000000000
130073  7.587  -4.621  51.744 0.0000000000
75296  10.124  -3.069  50.873 0.0000000000
75300  10.650  -2.156  50.614 0.0000000000
76278  11.300  -1.631  50.723 0.0000000000
79303  13.494  1.023  54.496 0.0000000000
78311  12.773  -0.039  52.632 0.0000000000
131304  12.877  0.935  53.352 0.0000000000
80265  12.224  2.507  53.108 0.0000000000
79307  12.635  1.669  52.534 0.0000000000
78316  12.350  -0.264  51.258 0.0000000000
79313  12.603  0.563  51.351 0.0000000000
142641  12.509  0.631  50.869 0.0000000000
81298  13.339  2.777  51.875 0.0000000000
80280  12.841  2.045  51.093 0.0000000000
81307  13.092  2.351  50.964 0.0000000000
80290  13.174  2.397  50.042 0.0000000000
79290  17.400  1.744  55.638 0.0000000000
80232  17.014  2.306  55.860 0.0000000000
81257  17.352  2.343  55.416 0.0000000000
80261  17.311  2.345  53.210 0.0000000000
80253  16.648  2.670  53.912 0.0000000000
80262  16.516  3.035  53.064 0.0000000000
81270  15.976  3.300  53.645 0.0000000000
79316  18.876  1.464  50.329 0.0000000000
79312  18.315  1.562  50.968 0.0000000000
79317  17.847  1.376  50.368 0.0000000000
79331  16.378  1.455  49.647 0.0000000000
79318  16.848  1.469  50.448 0.0000000000
117817  15.753  2.096  51.416 0.0000000000
80278  15.130  2.388  51.446 0.0000000000
80298  15.088  1.959  50.155 0.0000000000
79346  15.078  1.492  48.250 0.0000000000
79347  14.141  1.684  48.498 0.0000000000
79348  13.599  1.656  47.851 0.0000000000
79389  14.943  1.719  44.844 0.0000000000
80351  14.424  2.058  44.330 0.0000000000
80352  13.779  2.505  44.327 0.0000000000
80361  14.485  2.560  43.641 0.0000000000
127592  17.526  2.467  44.263 0.0000000000
123768  16.875  2.421  43.551 0.0000000000
80358  16.892  2.779  42.864 0.0000000000
83259  15.945  5.155  42.678 0.0000000000
128314  15.825  3.802  42.677 0.0000000000
82324  15.526  4.505  42.822 0.0000000000
82310  14.929  4.632  43.211 0.0000000000
83244  15.203  5.257  43.165 0.0000000000
84112  14.883  5.991  43.701 0.0000000000
133261  15.509  6.454  43.481 0.0000000000
85958  16.613  8.249  44.703 0.0000000000
85038  16.175  7.683  44.154 0.0000000000
85942  16.512  8.319  45.891 0.0000000000
62148  44.103  -15.990  33.278 0.0000000000
63329  43.601  -15.632  32.727 0.0000000000
57888  44.828  -20.964  40.968 0.0000000000
56896  45.103  -22.164  40.223 0.0000000000
55934  42.586  -23.068  39.478 0.0000000000
55948  42.802  -22.953  38.554 0.0000000000
56910  42.211  -21.967  38.356 0.0000000000
55936  40.872  -21.968  39.885 0.0000000000
72653  27.546  -5.143  33.171 0.0000000000
72638  28.149  -5.277  33.938 0.0000000000
70845  29.839  -7.274  31.967 0.0000000000
71743  29.888  -6.457  33.397 0.0000000000
72622  32.961  -5.255  35.806 0.0000000000
66105  36.756  -11.992  32.663 0.0000000000
67986  35.000  -10.800  31.797 0.0000000000
67055  36.416  -11.361  32.131 0.0000000000
68979  36.996  -9.525  31.876 0.0000000000
68992  36.401  -10.068  31.544 0.0000000000
69975  36.100  -9.149  31.539 0.0000000000
69976  35.282  -8.602  31.515 0.0000000000
69968  36.006  -8.213  31.851 0.0000000000
68966  38.810  -9.313  33.320 0.0000000000
68978  38.209  -9.436  32.754 0.0000000000
69965  38.163  -8.737  33.079 0.0000000000
70836  36.157  -7.044  32.920 0.0000000000
70837  35.412  -6.821  32.630 0.0000000000
71738  34.995  -6.250  33.073 0.0000000000
72646  34.549  -5.891  33.464 0.0000000000
72630  35.288  -5.872  33.870 0.0000000000
72619  35.784  -5.407  35.361 0.0000000000
121287  35.099  -5.532  34.694 0.0000000000
73499  36.493  -4.746  36.967 0.0000000000
71705  39.246  -6.112  36.274 0.0000000000
72603  38.541  -5.796  36.135 0.0000000000
72602  39.225  -5.755  36.804 0.0000000000
72589  38.891  -4.817  38.209 0.0000000000
73445  39.621  -4.863  40.092 0.0000000000
72569  40.599  -5.124  41.571 0.0000000000
71683  42.018  -6.188  39.972 0.0000000000
70772  42.725  -6.040  39.915 0.0000000000
69903  42.582  -7.972  38.263 0.0000000000
141151  42.965  -7.917  38.649 0.0000000000
130908  44.068  -8.602  38.840 0.0000000000
70778  43.680  -7.064  38.759 0.0000000000
69899  45.461  -9.335  38.784 0.0000000000
66066  43.751  -12.638  38.457 0.0000000000
126666  43.832  -12.032  38.660 0.0000000000
66059  44.286  -12.376  39.098 0.0000000000
121975  45.343  -12.023  40.352 0.0000000000
66953  45.333  -11.835  40.213 0.0000000000
67919  47.127  -10.878  39.615 0.0000000000
66950  47.176  -12.097  39.472 0.0000000000
127390  46.383  -10.325  40.107 0.0000000000
67933  47.357  -9.738  39.000 0.0000000000
131838  48.523  -9.642  37.005 0.0000000000
67941  48.921  -9.819  36.181 0.0000000000
67005  47.043  -11.502  35.094 0.0000000000
67969  45.788  -10.238  33.380 0.0000000000
67968  46.498  -10.086  33.734 0.0000000000
68963  46.448  -9.698  32.773 0.0000000000
68976  45.999  -9.565  32.020 0.0000000000
128869  18.477  10.514  47.745 0.0000000000
87673  18.333  10.636  48.674 0.0000000000
88507  19.059  11.571  49.459 0.0000000000
88500  19.251  11.832  50.612 0.0000000000
89257  19.762  12.727  50.793 0.0000000000
89258  19.429  12.378  51.741 0.0000000000
89919  19.599  13.295  51.060 0.0000000000
91272  17.571  15.171  48.916 0.0000000000
91266  18.377  14.631  49.274 0.0000000000
90593  18.231  14.546  49.852 0.0000000000
90588  17.980  14.429  50.453 0.0000000000
70734  7.571  -7.347  47.166 0.0000000000
69819  7.552  -8.056  46.452 0.0000000000
69839  7.754  -8.731  44.714 0.0000000000
69828  7.643  -8.519  45.570 0.0000000000
69840  7.482  -9.268  45.011 0.0000000000
128021  7.332  -10.943  44.080 0.0000000000
67902  7.391  -10.273  43.849 0.0000000000
70754  8.656  -7.984  44.112 0.0000000000
69856  8.231  -8.491  43.625 0.0000000000
122606  7.696  -10.930  41.307 0.0000000000
71670  13.382  -6.349  41.463 0.0000000000
71671  13.022  -6.978  41.894 0.0000000000
118839  10.046  -8.643  38.969 0.0000000000
118840  11.076  -8.615  39.981 0.0000000000
118564  10.004  -8.638  39.763 0.0000000000
120186  8.783  -8.644  39.975 0.0000000000
69896  8.169  -8.749  39.115 0.0000000000
68936  8.682  -8.872  36.454 0.0000000000
67957  8.782  -9.523  35.498 0.0000000000
80382  13.152  2.690  39.456 0.0000000000
80394  13.949  2.293  39.137 0.0000000000
81394  13.687  3.099  38.825 0.0000000000
81406  14.066  3.446  37.945 0.0000000000
121467  14.585  3.430  37.295 0.0000000000
81412  15.182  3.171  36.968 0.0000000000
81413  14.555  3.718  36.596 0.0000000000
83331  10.426  5.648  35.345 0.0000000000
118807  11.520  4.816  36.015 0.0000000000
82393  11.109  5.128  35.236 0.0000000000
82407  12.723  4.723  34.360 0.0000000000
142179  13.034  4.565  35.067 0.0000000000
82406  13.789  4.379  34.903 0.0000000000
81420  14.808  3.957  35.139 0.0000000000
81428  15.326  3.765  34.542 0.0000000000
81441  15.043  4.063  32.920 0.0000000000
81454  14.899  4.025  32.021 0.0000000000
86909  13.842  9.220  36.208 0.0000000000
86908  14.483  9.559  35.758 0.0000000000
86074  13.652  8.685  34.789 0.0000000000
86086  12.243  7.907  33.609 0.0000000000
86085  13.341  8.080  33.559 0.0000000000
85207  13.757  7.056  31.741 0.0000000000
85208  12.743  6.921  31.934 0.0000000000
84281  12.591  6.294  31.485 0.0000000000
73412  41.433  -4.096  43.017 0.0000000000
73402  40.685  -3.376  44.144 0.0000000000
74327  41.221  -3.482  43.669 0.0000000000
76342  41.788  -1.298  44.314 0.0000000000
75357  41.445  -2.158  44.436 0.0000000000
76334  41.355  -0.763  45.641 0.0000000000
127762  43.572  0.365  42.509 0.0000000000
78395  42.908  0.325  42.902 0.0000000000
127519  42.753  0.455  42.767 0.0000000000
75446  45.420  -1.819  36.641 0.0000000000
76404  45.366  -1.186  37.463 0.0000000000
76420  44.646  -1.805  37.084 0.0000000000
82579  59.794  4.482  14.467 0.0000000000
83500  61.414  5.041  14.356 0.0000000000
83501  60.523  4.994  14.118 0.0000000000
83510  62.341  5.438  13.462 0.0000000000
82589  62.923  4.825  13.469 0.0000000000
82588  63.159  4.684  13.007 0.0000000000
82598  63.480  4.875  12.375 0.0000000000
82587  63.358  4.323  12.757 0.0000000000
132065  53.548  1.333  27.338 0.0000000000
79499  52.512  1.504  26.653 0.0000000000
79498  53.332  1.719  26.877 0.0000000000
130255  54.100  2.724  25.734 0.0000000000
80505  54.571  2.865  25.108 0.0000000000
81527  54.345  3.176  24.393 0.0000000000
79536  56.307  2.227  23.226 0.0000000000
81536  55.813  3.047  23.406 0.0000000000
80514  56.702  2.863  23.028 0.0000000000
80520  57.519  2.786  22.408 0.0000000000
79555  58.790  1.897  21.428 0.0000000000
80526  58.593  2.393  21.505 0.0000000000
80533  58.907  2.660  21.152 0.0000000000
75641  57.121  -1.746  19.387 0.0000000000
77656  58.898  -0.331  18.084 0.0000000000
76617  58.371  -0.845  19.297 0.0000000000
77638  58.870  -0.136  19.879 0.0000000000
77637  59.327  0.382  19.531 0.0000000000
136564  60.708  1.191  18.787 0.0000000000
78630  60.286  1.410  19.386 0.0000000000
79571  60.545  1.911  19.555 0.0000000000
79563  60.007  2.050  20.090 0.0000000000
81559  61.188  2.788  19.042 0.0000000000
79570  61.219  2.197  19.108 0.0000000000
78657  61.853  1.296  17.254 0.0000000000
79578  61.956  2.216  18.061 0.0000000000
79592  62.162  1.913  17.408 0.0000000000
124255  62.415  2.260  16.754 0.0000000000
78685  61.122  0.012  15.082 0.0000000000
78683  62.883  1.169  14.708 0.0000000000
79611  62.856  2.321  15.391 0.0000000000
118892  62.987  2.573  14.669 0.0000000000
79610  63.267  2.070  13.773 0.0000000000
79621  64.044  1.052  12.484 0.0000000000
79630  65.079  1.273  12.130 0.0000000000
80615  64.285  2.426  11.747 0.0000000000
70735  28.654  -8.095  46.035 0.0000000000
69816  27.851  -8.187  46.003 0.0000000000
69823  28.264  -8.399  45.254 0.0000000000
124918  29.655  -8.090  46.566 0.0000000000
69815  29.119  -8.243  46.033 0.0000000000
68856  29.709  -8.982  46.249 0.0000000000
67900  28.320  -10.376  43.966 0.0000000000
87667  16.943  9.952  48.840 0.0000000000
87664  17.195  10.323  49.277 0.0000000000
87663  17.604  10.508  49.760 0.0000000000
85943  15.903  7.989  46.423 0.0000000000
85006  15.234  7.820  46.753 0.0000000000
85931  15.796  8.192  47.310 0.0000000000
85913  15.601  8.457  47.857 0.0000000000
123825  15.652  8.923  48.327 0.0000000000
80266  24.739  2.311  51.660 0.0000000000
141570  24.510  3.017  51.460 0.0000000000
81293  24.617  2.430  51.411 0.0000000000
130655  24.607  2.668  50.472 0.0000000000
80296  24.652  2.834  49.888 0.0000000000
77294  23.409  -0.050  50.236 0.0000000000
77295  22.454  -0.328  50.548 0.0000000000
78318  23.495  0.618  51.617 0.0000000000
78313  23.786  0.732  52.538 0.0000000000
121840  24.351  1.010  52.824 0.0000000000
78312  24.238  1.130  52.098 0.0000000000
79305  24.845  1.884  52.057 0.0000000000
57921  45.591  -20.828  37.689 0.0000000000
56908  45.069  -22.283  38.184 0.0000000000
140564  6.363  -11.034  47.335 0.0000000000
123129  6.449  -11.994  46.576 0.0000000000
128972  6.633  -10.788  46.643 0.0000000000
134350  6.758  -10.137  46.659 0.0000000000
67869  6.955  -10.262  45.992 0.0000000000
126093  11.984  -1.034  38.012 0.0000000000
77441  12.248  -1.033  37.268 0.0000000000
76431  12.425  -1.582  36.167 0.0000000000
76430  13.048  -1.327  35.937 0.0000000000
77455  13.850  -0.831  36.538 0.0000000000
141766  15.105  0.191  37.293 0.0000000000
79429  15.110  1.416  38.077 0.0000000000
76527  49.308  -1.002  27.106 0.0000000000
79513  51.352  1.742  25.926 0.0000000000
80487  52.159  1.983  26.178 0.0000000000
128496  64.551  5.820  9.954 0.0000000000
84455  64.797  5.748  9.326 0.0000000000
74316  24.280  -3.934  44.816 0.0000000000
69905  23.558  -8.413  38.336 0.0000000000
70789  23.251  -7.727  38.472 0.0000000000
70795  23.121  -8.010  37.814 0.0000000000
70796  22.765  -7.592  37.232 0.0000000000
70804  22.534  -7.269  36.493 0.0000000000
69931  22.783  -8.036  36.550 0.0000000000
69941  22.908  -8.426  35.858 0.0000000000
127814  23.282  -8.619  35.051 0.0000000000
71580  20.312  -6.466  54.052 0.0000000000
120317  20.366  -7.100  53.036 0.0000000000
70688  21.192  -7.991  50.677 0.0000000000
72558  22.617  -6.096  42.820 0.0000000000
72546  22.403  -5.308  43.166 0.0000000000
72499  24.629  -5.740  53.425 0.0000000000
71577  24.626  -5.926  53.653 0.0000000000
71572  24.014  -6.193  54.199 0.0000000000
70658  23.495  -6.958  54.281 0.0000000000
70659  22.595  -7.227  54.321 0.0000000000
69733  22.187  -8.324  54.204 0.0000000000
127557  21.997  -6.345  54.232 0.0000000000
71575  21.138  -6.368  54.152 0.0000000000
65163  37.713  -13.382  40.420 0.0000000000
65162  38.253  -13.867  40.967 0.0000000000
66040  37.801  -12.977  41.916 0.0000000000
121891  32.537  -11.812  48.146 0.0000000000
66013  33.060  -12.179  47.685 0.0000000000
66014  32.373  -12.672  48.108 0.0000000000
65138  32.129  -13.477  47.933 0.0000000000
63103  31.550  -14.382  47.506 0.0000000000
66958  33.692  -11.421  39.679 0.0000000000
66957  34.621  -11.511  39.317 0.0000000000
66956  35.415  -11.699  39.291 0.0000000000
66054  37.100  -12.904  39.881 0.0000000000
91970  12.246  16.478  42.612 0.0000000000
135278  12.585  16.833  43.082 0.0000000000
92694  12.692  17.262  43.636 0.0000000000
94413  13.853  20.241  48.291 0.0000000000
94971  13.522  21.605  47.789 0.0000000000
96268  13.631  23.976  47.041 0.0000000000
79334  11.613  1.352  49.631 0.0000000000
80302  11.177  1.773  49.127 0.0000000000
80303  10.776  1.922  48.468 0.0000000000
82313  9.050  4.494  43.836 0.0000000000
82325  9.193  4.725  42.904 0.0000000000
125889  9.764  5.371  41.938 0.0000000000
89950  13.487  13.419  43.595 0.0000000000
89297  12.647  12.701  43.290 0.0000000000
90634  12.224  14.282  42.675 0.0000000000
91324  11.947  15.086  42.497 0.0000000000
122402  11.988  15.856  42.556 0.0000000000
124683  44.815  -7.228  36.512 0.0000000000
71702  45.201  -7.077  35.736 0.0000000000
71701  46.040  -6.725  35.657 0.0000000000
71750  53.232  -6.619  31.784 0.0000000000
135502  53.044  -6.341  32.189 0.0000000000
72660  53.345  -5.718  31.937 0.0000000000
73532  53.470  -4.537  32.191 0.0000000000
74453  53.722  -3.371  32.595 0.0000000000
73531  54.069  -3.842  31.816 0.0000000000
73543  54.366  -4.066  31.176 0.0000000000
74502  54.125  -3.480  29.709 0.0000000000
73578  53.356  -3.811  29.267 0.0000000000
139488  21.068  1.942  42.613 0.0000000000
64228  14.113  -14.614  50.118 0.0000000000
119426  14.398  -14.665  49.258 0.0000000000
63097  12.397  -15.224  49.643 0.0000000000
134543  11.767  -15.366  49.736 0.0000000000
63098  11.386  -15.349  49.443 0.0000000000
141155  10.505  -15.074  50.196 0.0000000000
63074  9.441  -14.728  50.763 0.0000000000
64206  8.574  -14.074  50.732 0.0000000000
140447  15.135  -10.456  45.075 0.0000000000
67878  14.864  -10.604  45.594 0.0000000000
74263  15.732  -2.625  52.549 0.0000000000
74273  15.273  -3.510  51.804 0.0000000000
74269  15.243  -3.234  52.372 0.0000000000
74264  15.065  -2.844  52.734 0.0000000000
130088  14.670  -2.796  52.756 0.0000000000
73367  13.987  -3.542  52.226 0.0000000000
116564  14.645  -2.151  53.170 0.0000000000
77275  14.710  -1.336  54.489 0.0000000000
77267  14.378  -0.243  55.016 0.0000000000
78301  13.965  0.170  56.060 0.0000000000
127620  14.573  0.487  56.114 0.0000000000
79293  14.964  1.737  56.257 0.0000000000
80234  15.722  2.131  56.150 0.0000000000
65215  43.961  -14.148  32.988 0.0000000000
68010  31.148  -10.222  31.708 0.0000000000
140794  31.611  -9.711  31.454 0.0000000000
67953  41.583  -10.774  35.347 0.0000000000
69938  41.579  -8.815  35.834 0.0000000000
68926  42.630  -9.184  37.086 0.0000000000
64309  47.423  -15.019  36.133 0.0000000000
133234  46.386  -14.201  35.137 0.0000000000
65196  46.024  -13.357  34.970 0.0000000000
137604  45.669  -14.039  34.568 0.0000000000
72540  11.678  -5.245  44.441 0.0000000000
71641  11.086  -5.973  44.023 0.0000000000
72553  11.909  -5.729  43.755 0.0000000000
71652  11.449  -6.378  43.461 0.0000000000
71666  11.802  -6.855  42.876 0.0000000000
85130  12.202  7.567  37.380 0.0000000000
85141  11.728  7.793  36.486 0.0000000000
86055  12.320  8.339  36.087 0.0000000000
86066  13.014  8.697  35.767 0.0000000000
135837  46.573  1.074  40.106 0.0000000000
136661  45.946  0.774  40.602 0.0000000000
78454  45.881  0.758  40.049 0.0000000000
77409  45.071  0.357  39.564 0.0000000000
124204  44.286  -0.165  39.136 0.0000000000
118753  57.299  2.268  18.267 0.0000000000
80558  57.951  2.526  17.800 0.0000000000
81597  59.278  3.156  17.036 0.0000000000
81579  59.233  3.122  17.826 0.0000000000
75609  54.396  -2.626  22.608 0.0000000000
75608  54.825  -1.882  22.051 0.0000000000
71656  25.314  -7.108  42.622 0.0000000000
70755  26.435  -7.375  42.034 0.0000000000
69870  26.671  -8.593  41.859 0.0000000000
69890  24.882  -8.816  40.034 0.0000000000
139520  23.981  -7.809  49.238 0.0000000000
68877  25.340  -9.301  45.088 0.0000000000
140898  24.520  -9.244  43.976 0.0000000000
68804  31.904  -8.747  49.416 0.0000000000
68805  31.140  -8.990  49.846 0.0000000000
69773  31.534  -8.213  49.772 0.0000000000
70683  30.457  -7.594  50.355 0.0000000000
70706  28.262  -6.606  49.152 0.0000000000
70693  27.277  -6.703  49.350 0.0000000000
71614  26.215  -6.084  50.647 0.0000000000
67896  33.772  -10.450  43.887 0.0000000000
68837  32.304  -8.799  47.066 0.0000000000
68853  32.725  -9.329  46.283 0.0000000000
135473  33.872  -8.483  47.359 0.0000000000
69781  34.180  -8.443  48.020 0.0000000000
69782  33.520  -8.238  48.352 0.0000000000
68803  32.568  -8.720  48.986 0.0000000000
67923  26.179  -10.941  39.268 0.0000000000
138331  26.620  -11.249  39.701 0.0000000000
66933  30.391  -11.758  41.749 0.0000000000
118569  31.908  -11.486  41.391 0.0000000000
89929  14.798  14.033  48.604 0.0000000000
88493  15.961  11.979  54.060 0.0000000000
89251  15.113  12.466  53.581 0.0000000000
89243  15.826  13.017  54.329 0.0000000000
116905  15.383  13.694  53.756 0.0000000000
91260  14.900  15.219  51.295 0.0000000000
91941  14.948  16.148  50.384 0.0000000000
91264  15.487  15.600  50.791 0.0000000000
91942  15.918  15.947  50.023 0.0000000000
80341  13.164  2.585  45.075 0.0000000000
81342  12.627  3.314  45.151 0.0000000000
85009  12.444  7.017  47.697 0.0000000000
86773  10.432  10.109  48.213 0.0000000000
131478  14.667  11.195  46.438 0.0000000000
88529  14.611  11.577  45.632 0.0000000000
68945  49.400  -9.268  34.139 0.0000000000
68959  49.540  -9.119  33.153 0.0000000000
61955  16.640  -15.851  52.997 0.0000000000
63054  17.126  -15.087  52.423 0.0000000000
64195  15.190  -13.410  52.466 0.0000000000
64196  13.900  -14.042  51.962 0.0000000000
74307  17.285  -3.213  45.337 0.0000000000
134968  16.565  -3.609  45.614 0.0000000000
76280  20.293  -1.303  51.328 0.0000000000
76281  19.549  -1.593  50.876 0.0000000000
76275  20.102  -1.223  52.045 0.0000000000
76276  19.540  -1.451  51.742 0.0000000000
120518  18.834  -1.495  52.149 0.0000000000
140247  18.141  -1.484  52.421 0.0000000000
76267  18.992  -0.947  52.895 0.0000000000
77280  19.003  -0.606  53.191 0.0000000000
77264  18.967  0.340  54.136 0.0000000000
78295  20.311  0.516  55.091 0.0000000000
80239  20.512  1.962  55.050 0.0000000000
81277  23.021  4.446  53.189 0.0000000000
81269  22.395  3.490  53.694 0.0000000000
61027  46.056  -17.083  35.445 0.0000000000
61033  45.418  -17.099  34.684 0.0000000000
60041  45.021  -17.768  34.390 0.0000000000
60042  44.499  -18.271  34.015 0.0000000000
57936  43.901  -20.464  35.857 0.0000000000
57951  43.541  -20.209  35.033 0.0000000000
64311  37.806  -14.886  35.009 0.0000000000
64319  37.687  -14.337  34.518 0.0000000000
63311  38.976  -15.419  34.889 0.0000000000
63310  39.800  -15.335  34.940 0.0000000000
61007  43.202  -17.300  36.586 0.0000000000
62109  43.193  -16.380  36.426 0.0000000000
63282  42.984  -15.290  36.407 0.0000000000
64297  43.721  -14.111  37.702 0.0000000000
62083  45.944  -16.378  39.435 0.0000000000
59994  46.014  -17.952  37.938 0.0000000000
60983  46.683  -17.190  38.341 0.0000000000
61006  47.016  -16.604  37.414 0.0000000000
62108  47.148  -16.233  37.081 0.0000000000
61017  46.736  -16.977  36.859 0.0000000000
127072  11.574  -3.260  40.765 0.0000000000
74370  12.210  -3.723  40.315 0.0000000000
142675  13.085  -4.915  37.231 0.0000000000
71717  12.779  -6.034  35.673 0.0000000000
141150  12.465  -6.395  35.427 0.0000000000
71718  12.007  -6.819  35.278 0.0000000000
71729  11.388  -6.263  34.551 0.0000000000
72659  9.484  -6.057  33.344 0.0000000000
71766  9.382  -6.061  32.749 0.0000000000
72658  10.348  -5.859  33.372 0.0000000000
72670  10.689  -5.848  32.936 0.0000000000
72669  11.399  -5.845  32.877 0.0000000000
73529  13.542  -4.518  33.717 0.0000000000
80427  17.047  2.777  33.757 0.0000000000
89976  14.442  13.444  38.346 0.0000000000
89984  14.900  13.376  37.556 0.0000000000
89996  14.781  13.797  36.945 0.0000000000
81550  55.499  3.017  21.353 0.0000000000
76296  24.707  -1.036  48.015 0.0000000000
76295  24.911  -0.740  48.117 0.0000000000
76310  25.197  -1.225  47.084 0.0000000000
76345  25.375  -2.418  44.429 0.0000000000
76346  25.208  -1.829  44.757 0.0000000000
77358  22.985  -1.002  43.214 0.0000000000
73439  25.588  -5.213  42.043 0.0000000000
72585  22.420  -5.150  39.451 0.0000000000
74369  21.436  -3.002  39.854 0.0000000000
75410  21.532  -2.314  40.411 0.0000000000
137764  21.169  -2.484  39.095 0.0000000000
75428  21.151  -1.788  38.773 0.0000000000
76399  21.197  -1.121  38.452 0.0000000000
129643  21.434  -2.384  37.594 0.0000000000
73522  22.690  -4.794  34.924 0.0000000000
73521  23.023  -4.462  34.216 0.0000000000
74446  23.324  -3.773  33.581 0.0000000000
121548  23.886  -4.088  32.833 0.0000000000
65963  18.053  -11.860  57.436 0.0000000000
121481  17.243  -11.897  57.456 0.0000000000
133143  17.454  -10.252  57.087 0.0000000000
69724  16.974  -9.191  55.623 0.0000000000
69736  17.039  -10.058  54.667 0.0000000000
69770  18.999  -9.085  51.043 0.0000000000
142451  18.401  -9.353  51.447 0.0000000000
117967  18.303  -9.511  49.484 0.0000000000
68817  17.680  -9.824  48.871 0.0000000000
124442  17.683  -9.896  48.089 0.0000000000
69805  21.760  -8.854  47.785 0.0000000000
68828  21.310  -9.203  47.029 0.0000000000
68843  20.880  -9.390  46.226 0.0000000000
128312  19.735  -8.060  42.606 0.0000000000
69862  19.161  -8.403  42.818 0.0000000000
69863  18.355  -8.265  42.603 0.0000000000
70761  18.052  -7.490  42.353 0.0000000000
72548  17.256  -5.190  43.030 0.0000000000
137262  17.937  -4.919  42.923 0.0000000000
122623  18.313  -4.346  43.242 0.0000000000
74336  18.760  -3.668  43.638 0.0000000000
134917  28.340  -10.186  50.274 0.0000000000
67822  28.005  -11.047  49.965 0.0000000000
67823  27.651  -10.338  50.297 0.0000000000
67825  26.184  -10.987  50.287 0.0000000000
67827  23.866  -10.184  50.482 0.0000000000
122423  22.638  -10.575  50.692 0.0000000000
123258  23.030  -12.955  48.775 0.0000000000
66006  21.797  -13.032  49.109 0.0000000000
65125  20.984  -13.649  49.588 0.0000000000
65126  20.585  -14.130  50.305 0.0000000000
65115  20.581  -13.839  51.290 0.0000000000
66838  20.653  -11.325  54.993 0.0000000000
65972  20.897  -12.179  54.930 0.0000000000
66839  20.146  -11.385  55.673 0.0000000000
65967  20.130  -12.143  56.047 0.0000000000
65091  19.242  -13.109  56.946 0.0000000000
65962  18.420  -12.762  57.379 0.0000000000
120517  42.106  -18.951  40.153 0.0000000000
59972  42.048  -18.876  41.057 0.0000000000
59961  41.718  -18.348  41.771 0.0000000000
63202  39.688  -16.142  42.130 0.0000000000
63201  40.155  -16.507  42.355 0.0000000000
142412  39.830  -16.688  42.725 0.0000000000
60927  39.952  -17.205  42.810 0.0000000000
59932  39.655  -17.688  42.922 0.0000000000
59933  38.935  -17.765  43.326 0.0000000000
59934  38.085  -17.823  43.674 0.0000000000
66912  36.904  -11.218  43.478 0.0000000000
66903  36.653  -11.851  45.305 0.0000000000
66029  36.474  -12.624  45.407 0.0000000000
132402  24.614  -6.079  32.306 0.0000000000
68967  25.431  -10.027  33.368 0.0000000000
120506  28.335  -10.696  32.430 0.0000000000
67975  29.058  -10.986  32.782 0.0000000000
66988  27.889  -11.586  37.458 0.0000000000
120420  32.685  -11.499  37.341 0.0000000000
66997  32.346  -11.496  36.713 0.0000000000
119202  32.074  -11.486  36.006 0.0000000000
67012  31.866  -11.473  35.240 0.0000000000
67009  34.364  -11.609  35.608 0.0000000000
67008  34.996  -11.885  35.231 0.0000000000
141340  36.798  -13.787  36.509 0.0000000000
64291  38.265  -15.080  38.650 0.0000000000
63262  38.778  -15.655  38.704 0.0000000000
62086  39.539  -16.501  38.935 0.0000000000
60986  40.407  -17.586  39.039 0.0000000000
60000  41.053  -18.242  38.572 0.0000000000
59983  40.908  -18.117  39.235 0.0000000000
93924  13.416  19.817  41.020 0.0000000000
91956  12.813  16.884  46.966 0.0000000000
92684  12.698  17.392  46.381 0.0000000000
135590  12.465  18.734  46.417 0.0000000000
93899  12.439  19.871  45.555 0.0000000000
74277  9.085  -3.581  50.653 0.0000000000
74282  9.160  -3.480  49.856 0.0000000000
130526  9.390  -2.691  49.392 0.0000000000
76302  9.397  -1.285  48.526 0.0000000000
75336  10.245  -2.618  47.090 0.0000000000
127797  10.092  -2.187  46.303 0.0000000000
122312  9.286  -1.645  45.947 0.0000000000
78380  8.382  0.189  44.917 0.0000000000
76348  8.662  -1.096  44.718 0.0000000000
77344  8.411  -0.499  44.384 0.0000000000
125984  8.538  -1.063  43.837 0.0000000000
139342  8.842  -1.409  43.364 0.0000000000
76355  8.883  -1.599  42.598 0.0000000000
76364  8.504  -1.229  42.070 0.0000000000
77372  8.398  -0.657  41.525 0.0000000000
134501  8.210  1.746  40.654 0.0000000000
78436  9.390  0.639  40.281 0.0000000000
79407  9.600  1.514  40.210 0.0000000000
80376  10.956  2.486  39.995 0.0000000000
81399  8.719  4.141  38.518 0.0000000000
83278  10.721  5.788  40.810 0.0000000000
84163  10.678  5.859  39.877 0.0000000000
84178  11.125  6.284  39.068 0.0000000000
85111  13.324  7.794  39.657 0.0000000000
86800  10.730  9.598  44.298 0.0000000000
88555  10.304  11.551  42.263 0.0000000000
137027  13.319  10.099  41.144 0.0000000000
88568  13.288  11.997  40.522 0.0000000000
89312  13.963  11.943  40.059 0.0000000000
89963  12.365  13.146  40.320 0.0000000000
92007  10.090  15.692  39.045 0.0000000000
92022  10.167  15.873  38.154 0.0000000000
71667  42.427  -5.381  41.092 0.0000000000
74383  45.852  -2.961  38.708 0.0000000000
75404  46.840  -1.413  40.460 0.0000000000
75415  47.110  -1.817  39.689 0.0000000000
141056  47.744  -1.715  39.463 0.0000000000
70811  49.165  -7.200  35.323 0.0000000000
71709  49.229  -5.995  35.216 0.0000000000
72613  49.279  -5.002  34.988 0.0000000000
73517  51.417  -3.641  34.431 0.0000000000
74422  50.934  -3.141  35.165 0.0000000000
75445  49.908  -2.075  37.253 0.0000000000
75444  50.493  -1.939  36.737 0.0000000000
76417  50.670  -1.453  36.659 0.0000000000
77426  50.490  -1.041  36.810 0.0000000000
119739  50.129  -0.570  36.391 0.0000000000
77458  50.782  -0.715  36.012 0.0000000000
118461  50.851  -0.611  35.100 0.0000000000
125551  51.702  -0.718  34.775 0.0000000000
74532  54.402  -2.812  27.264 0.0000000000
74570  53.842  -3.620  24.193 0.0000000000
79355  23.732  1.751  47.325 0.0000000000
63113  7.922  -15.080  49.125 0.0000000000
118584  8.989  -15.054  48.080 0.0000000000
64237  6.794  -14.185  48.353 0.0000000000
65144  6.464  -13.524  47.705 0.0000000000
68801  6.466  -9.162  50.433 0.0000000000
67799  14.668  -10.851  55.577 0.0000000000
67796  14.314  -11.227  55.949 0.0000000000
138365  14.528  -11.065  54.942 0.0000000000
68778  14.830  -11.130  53.628 0.0000000000
67806  14.486  -11.475  53.706 0.0000000000
66881  13.285  -11.585  49.424 0.0000000000
66873  12.587  -11.912  49.885 0.0000000000
123522  11.973  -12.411  51.213 0.0000000000
142507  11.982  -12.165  50.152 0.0000000000
66874  11.781  -12.261  49.228 0.0000000000
117987  13.912  -5.414  46.445 0.0000000000
72527  13.254  -5.733  46.958 0.0000000000
72519  12.218  -5.560  48.792 0.0000000000
71623  12.036  -6.053  48.114 0.0000000000
136492  10.683  -8.013  47.350 0.0000000000
68832  10.041  -9.380  47.021 0.0000000000
69808  9.990  -8.558  47.769 0.0000000000
68833  9.441  -9.615  47.975 0.0000000000
69792  9.551  -8.911  48.994 0.0000000000
133902  12.015  -4.283  51.762 0.0000000000
136312  10.452  -5.696  51.510 0.0000000000
133500  11.120  -4.678  52.219 0.0000000000
139586  9.587  -5.728  52.561 0.0000000000
134107  8.738  -5.971  53.894 0.0000000000
71598  7.888  -7.020  53.000 0.0000000000
72504  7.994  -5.206  53.711 0.0000000000
73370  7.533  -4.510  53.329 0.0000000000
74267  7.640  -3.749  52.998 0.0000000000
123362  8.256  -3.779  52.493 0.0000000000
74270  10.216  -3.312  51.403 0.0000000000
75295  11.056  -2.411  50.922 0.0000000000
80254  13.883  1.911  54.764 0.0000000000
80263  12.933  2.698  53.638 0.0000000000
81284  12.289  3.096  53.037 0.0000000000
81292  12.305  2.990  52.739 0.0000000000
81300  12.668  2.513  52.206 0.0000000000
82252  12.840  3.445  52.405 0.0000000000
80251  18.187  2.064  54.736 0.0000000000
80242  17.628  2.342  55.019 0.0000000000
79302  17.983  1.781  53.770 0.0000000000
79344  17.894  1.162  48.897 0.0000000000
79332  15.566  1.682  49.735 0.0000000000
125147  15.787  1.475  48.927 0.0000000000
79357  15.293  1.347  47.306 0.0000000000
79371  14.590  1.425  46.662 0.0000000000
79370  15.480  1.350  46.407 0.0000000000
79388  15.849  1.802  44.629 0.0000000000
82321  18.197  4.784  42.306 0.0000000000
81365  17.089  3.399  42.479 0.0000000000
82322  17.416  4.405  42.247 0.0000000000
83258  16.800  5.139  42.273 0.0000000000
84128  16.301  5.748  42.600 0.0000000000
84110  16.200  6.527  42.875 0.0000000000
85974  16.819  8.125  43.544 0.0000000000
56881  43.327  -22.404  41.334 0.0000000000
55920  42.388  -22.868  40.467 0.0000000000
55935  41.637  -22.768  39.686 0.0000000000
125069  26.920  -5.836  32.493 0.0000000000
141298  30.879  -6.646  32.516 0.0000000000
71754  31.524  -6.503  32.587 0.0000000000
71742  31.338  -6.128  33.576 0.0000000000
67985  37.038  -10.967  31.865 0.0000000000
67053  37.971  -11.475  32.410 0.0000000000
67984  37.633  -10.839  32.070 0.0000000000
69951  38.910  -8.079  34.074 0.0000000000
69958  38.200  -8.048  33.605 0.0000000000
70830  37.628  -7.401  33.750 0.0000000000
71735  37.114  -6.836  33.928 0.0000000000
71736  36.475  -6.641  33.650 0.0000000000
71726  36.067  -6.149  33.983 0.0000000000
141279  36.493  -5.180  36.085 0.0000000000
72595  37.526  -5.111  36.662 0.0000000000
71698  39.939  -5.954  37.599 0.0000000000
72588  39.704  -5.414  38.301 0.0000000000
72583  39.542  -4.984  39.070 0.0000000000
124835  40.139  -5.551  39.019 0.0000000000
72581  40.849  -5.778  40.256 0.0000000000
71684  41.303  -6.182  39.771 0.0000000000
65169  44.809  -13.253  39.382 0.0000000000
65161  45.398  -13.039  39.621 0.0000000000
66045  45.479  -12.578  39.895 0.0000000000
66051  45.396  -12.223  40.136 0.0000000000
66968  47.897  -11.504  38.560 0.0000000000
88512  19.055  11.256  47.227 0.0000000000
131896  19.551  12.017  48.715 0.0000000000
89262  19.959  12.821  49.357 0.0000000000
71635  8.180  -7.101  46.657 0.0000000000
129341  7.900  -7.557  46.414 0.0000000000
69868  8.202  -8.589  42.718 0.0000000000
69869  7.696  -9.045  42.194 0.0000000000
68907  7.427  -9.531  41.425 0.0000000000
69892  13.098  -8.007  40.069 0.0000000000
70776  13.061  -7.732  40.740 0.0000000000
69893  12.491  -8.311  39.745 0.0000000000
120893  10.852  -8.581  39.207 0.0000000000
69910  9.570  -8.644  38.323 0.0000000000
81395  12.305  3.898  38.480 0.0000000000
81407  13.109  3.755  38.308 0.0000000000
82362  12.281  4.206  37.846 0.0000000000
82373  13.192  4.313  36.610 0.0000000000
83342  10.755  5.591  34.519 0.0000000000
120080  11.187  5.569  33.725 0.0000000000
82408  11.961  5.112  33.721 0.0000000000
130525  13.648  4.531  33.891 0.0000000000
82422  13.592  4.581  33.079 0.0000000000
82433  13.111  4.749  32.384 0.0000000000
86937  14.993  8.813  34.098 0.0000000000
74341  42.039  -3.185  42.765 0.0000000000
75371  41.494  -2.756  43.796 0.0000000000
124173  41.898  -2.418  43.301 0.0000000000
76341  42.063  -0.777  43.879 0.0000000000
78429  41.557  0.438  41.919 0.0000000000
78412  42.071  0.589  42.685 0.0000000000
82568  61.020  4.278  15.848 0.0000000000
82578  60.933  4.594  15.012 0.0000000000
82577  61.799  4.623  14.908 0.0000000000
83499  62.113  5.045  14.232 0.0000000000
82575  62.695  4.417  14.229 0.0000000000
79497  54.680  1.909  26.591 0.0000000000
127403  55.038  1.973  25.573 0.0000000000
79527  55.296  2.082  24.628 0.0000000000
132239  56.684  0.886  22.337 0.0000000000
78603  57.438  1.492  22.064 0.0000000000
79546  57.883  2.247  22.019 0.0000000000
79556  58.274  1.740  21.603 0.0000000000
79565  59.142  1.526  21.056 0.0000000000
77647  59.438  0.243  18.642 0.0000000000
78649  60.032  0.487  18.267 0.0000000000
78647  61.320  1.297  18.426 0.0000000000
118172  61.465  0.933  17.794 0.0000000000
78670  61.911  0.914  16.450 0.0000000000
77685  63.689  0.723  13.138 0.0000000000
78682  63.378  1.303  13.352 0.0000000000
77696  64.643  -0.066  13.334 0.0000000000
69859  26.589  -7.879  42.352 0.0000000000
68906  26.861  -9.420  42.232 0.0000000000
69783  26.192  -8.224  48.300 0.0000000000
70719  31.630  -7.400  48.192 0.0000000000
70703  31.278  -6.951  48.528 0.0000000000
70704  30.669  -6.970  48.307 0.0000000000
70705  29.817  -7.115  48.090 0.0000000000
70730  29.817  -7.741  46.899 0.0000000000
67874  31.123  -10.007  46.029 0.0000000000
68854  31.654  -9.390  46.603 0.0000000000
66937  26.932  -11.121  41.081 0.0000000000
66924  28.672  -11.546  42.717 0.0000000000
66923  29.415  -11.648  43.013 0.0000000000
89264  15.481  12.353  49.089 0.0000000000
89259  15.761  11.745  50.997 0.0000000000
88498  16.961  10.848  52.926 0.0000000000
88496  17.044  11.350  53.610 0.0000000000
89250  17.819  12.617  54.045 0.0000000000
89912  17.953  13.125  52.940 0.0000000000
83230  14.093  5.695  44.195 0.0000000000
83231  13.367  5.343  44.625 0.0000000000
84097  13.654  6.141  44.928 0.0000000000
85008  13.297  7.611  47.116 0.0000000000
84998  13.070  7.710  47.828 0.0000000000
85925  12.790  8.092  48.216 0.0000000000
136415  12.129  8.590  48.422 0.0000000000
85916  12.851  8.776  48.243 0.0000000000
128463  13.811  8.938  48.165 0.0000000000
87674  15.449  10.563  48.067 0.0000000000
61956  16.021  -16.604  53.397 0.0000000000
63036  16.484  -14.654  54.138 0.0000000000
64176  16.026  -13.679  54.507 0.0000000000
76316  19.706  -1.468  47.807 0.0000000000
76299  20.366  -1.301  49.446 0.0000000000
76279  20.809  -1.138  50.826 0.0000000000
77296  21.508  -0.759  50.882 0.0000000000
77297  20.969  -1.045  51.389 0.0000000000
77283  21.105  -0.738  52.538 0.0000000000
77277  21.520  -0.472  53.208 0.0000000000
77268  21.952  -0.306  53.924 0.0000000000
78305  21.467  0.016  54.492 0.0000000000
125346  22.244  0.243  54.421 0.0000000000
78293  22.550  0.842  55.038 0.0000000000
80236  23.645  1.946  55.033 0.0000000000
78302  24.497  1.334  53.394 0.0000000000
80246  24.174  2.482  54.198 0.0000000000
81268  23.494  3.200  53.836 0.0000000000
58988  45.266  -18.999  35.717 0.0000000000
58979  45.329  -19.448  36.716 0.0000000000
57935  44.608  -20.421  36.465 0.0000000000
142640  43.563  -20.774  36.159 0.0000000000
61020  40.824  -17.321  36.110 0.0000000000
61009  41.559  -17.764  36.505 0.0000000000
60011  43.193  -18.079  36.817 0.0000000000
62084  45.302  -17.732  38.427 0.0000000000
59995  45.554  -18.727  38.128 0.0000000000
75420  10.479  -2.329  38.480 0.0000000000
135809  11.441  -2.638  37.571 0.0000000000
75441  11.515  -2.148  37.042 0.0000000000
74400  11.959  -2.928  37.011 0.0000000000
134496  12.665  -3.816  34.768 0.0000000000
75489  13.082  -3.131  34.616 0.0000000000
136630  13.558  -2.653  34.618 0.0000000000
74450  13.907  -3.247  34.228 0.0000000000
77453  15.558  -0.428  36.355 0.0000000000
77466  15.837  -0.793  35.812 0.0000000000
78481  16.903  0.531  35.694 0.0000000000
120163  64.605  7.957  8.460 0.0000000000
84494  64.576  6.569  8.015 0.0000000000
84484  64.697  7.084  8.529 0.0000000000
125014  65.167  5.202  7.827 0.0000000000
75330  24.761  -2.419  46.353 0.0000000000
75363  25.482  -2.784  44.786 0.0000000000
71677  24.520  -6.773  40.515 0.0000000000
72590  22.223  -5.222  38.535 0.0000000000
73477  21.936  -4.556  38.044 0.0000000000
72610  22.377  -5.095  36.224 0.0000000000
71716  22.494  -6.178  35.643 0.0000000000
71746  23.454  -6.582  33.427 0.0000000000
68768  18.783  -9.502  55.456 0.0000000000
69728  18.690  -9.527  55.160 0.0000000000
70663  19.531  -9.333  54.002 0.0000000000
70676  19.686  -8.642  53.528 0.0000000000
69752  20.329  -8.104  52.580 0.0000000000
69764  19.727  -8.675  51.731 0.0000000000
68816  19.084  -9.198  49.125 0.0000000000
68815  19.116  -9.278  48.274 0.0000000000
68894  22.276  -9.338  44.042 0.0000000000
68881  21.712  -9.450  44.713 0.0000000000
135178  21.248  -7.878  42.731 0.0000000000
140243  21.424  -7.181  42.594 0.0000000000
70758  20.781  -7.261  42.560 0.0000000000
71659  20.380  -6.574  42.497 0.0000000000
73421  20.058  -4.311  43.119 0.0000000000
74334  21.011  -3.626  43.727 0.0000000000
123438  22.323  -3.476  44.380 0.0000000000
68787  26.163  -9.388  51.112 0.0000000000
69760  25.777  -8.689  51.797 0.0000000000
69761  24.956  -8.665  51.990 0.0000000000
68789  24.209  -9.026  51.547 0.0000000000
69739  24.427  -7.885  53.507 0.0000000000
69762  24.251  -8.641  52.247 0.0000000000
68790  23.215  -9.474  51.863 0.0000000000
66852  21.667  -11.419  51.989 0.0000000000
131072  21.382  -12.225  52.587 0.0000000000
121079  21.699  -11.327  52.949 0.0000000000
67805  21.408  -10.891  53.747 0.0000000000
68772  21.345  -9.298  54.119 0.0000000000
67802  20.558  -10.098  54.479 0.0000000000
68766  19.995  -9.836  55.022 0.0000000000
68767  19.388  -9.568  55.217 0.0000000000
62062  39.887  -16.355  40.616 0.0000000000
62061  40.524  -16.756  41.198 0.0000000000
63219  39.618  -16.038  41.602 0.0000000000
64274  38.562  -14.682  41.435 0.0000000000
64270  39.014  -15.535  41.822 0.0000000000
63203  38.776  -15.664  42.568 0.0000000000
123932  37.982  -15.453  43.352 0.0000000000
67860  35.508  -10.141  46.433 0.0000000000
66897  35.591  -11.351  46.345 0.0000000000
66887  35.106  -11.618  46.627 0.0000000000
66020  34.780  -12.402  46.670 0.0000000000
65146  34.977  -13.197  46.364 0.0000000000
66022  33.673  -12.724  47.241 0.0000000000
65141  34.298  -13.171  46.745 0.0000000000
70839  23.793  -7.281  33.068 0.0000000000
68968  24.808  -9.439  33.341 0.0000000000
68953  24.326  -9.437  34.101 0.0000000000
125701  30.906  -11.551  38.921 0.0000000000
66973  31.176  -11.521  38.204 0.0000000000
66972  31.923  -11.520  37.934 0.0000000000
139697  32.355  -11.511  37.684 0.0000000000
66986  33.475  -11.486  37.427 0.0000000000
66985  34.236  -11.528  37.437 0.0000000000
66069  35.561  -11.989  37.526 0.0000000000
65178  36.545  -13.119  38.118 0.0000000000
65177  37.155  -13.707  38.682 0.0000000000
65171  36.837  -13.090  39.062 0.0000000000
141212  37.549  -14.072  39.039 0.0000000000
63247  38.705  -15.288  39.509 0.0000000000
92720  12.826  17.826  39.945 0.0000000000
93308  13.237  18.449  40.719 0.0000000000
93301  13.385  19.144  41.265 0.0000000000
134253  12.545  18.663  47.858 0.0000000000
93895  12.381  19.893  47.077 0.0000000000
94420  12.498  20.771  46.822 0.0000000000
135969  12.342  22.301  45.962 0.0000000000
95547  12.651  22.380  46.597 0.0000000000
95549  12.448  23.205  46.039 0.0000000000
78326  11.534  -0.487  50.318 0.0000000000
77298  10.943  -0.915  50.059 0.0000000000
78333  10.474  0.042  49.064 0.0000000000
78347  9.172  0.133  47.776 0.0000000000
82280  9.235  4.513  46.697 0.0000000000
81352  8.622  3.389  44.926 0.0000000000
131954  8.349  1.738  43.138 0.0000000000
136681  8.243  2.054  42.246 0.0000000000
80367  8.220  2.717  41.827 0.0000000000
81368  8.486  3.557  42.546 0.0000000000
81377  8.095  3.364  40.210 0.0000000000
82340  8.246  3.996  39.780 0.0000000000
85093  12.423  7.427  41.471 0.0000000000
88550  10.890  11.471  43.452 0.0000000000
124864  9.562  12.037  42.077 0.0000000000
89304  9.145  12.552  41.844 0.0000000000
129884  9.316  12.979  41.626 0.0000000000
129114  10.431  13.141  41.294 0.0000000000
89960  8.979  13.604  41.788 0.0000000000
90640  9.209  14.097  41.824 0.0000000000
91336  9.515  15.042  41.498 0.0000000000
91981  9.946  15.718  41.070 0.0000000000
91992  10.862  16.330  40.655 0.0000000000
126565  43.206  -6.147  39.695 0.0000000000
73483  44.663  -4.604  37.811 0.0000000000
73481  46.541  -3.627  37.255 0.0000000000
73480  47.418  -3.329  37.199 0.0000000000
71721  51.588  -6.622  33.496 0.0000000000
120562  50.930  -6.102  34.096 0.0000000000
72627  51.518  -5.456  33.637 0.0000000000
73525  51.878  -4.385  33.632 0.0000000000
74435  52.044  -3.338  34.125 0.0000000000
76446  52.241  -1.287  34.830 0.0000000000
75476  52.625  -1.778  34.502 0.0000000000
75475  53.200  -1.707  34.039 0.0000000000
75491  54.209  -1.717  33.240 0.0000000000
76484  55.190  -1.384  31.622 0.0000000000
76495  55.504  -1.430  30.851 0.0000000000
76502  55.745  -1.190  29.951 0.0000000000
126268  55.724  -1.951  30.030 0.0000000000
75549  55.729  -2.010  29.083 0.0000000000
75550  55.183  -2.415  28.685 0.0000000000
74510  54.572  -2.829  29.221 0.0000000000
74520  54.432  -2.739  28.258 0.0000000000
80347  21.983  2.720  44.588 0.0000000000
80365  20.879  2.643  42.391 0.0000000000
118585  9.790  -15.113  48.790 0.0000000000
118587  10.215  -15.139  49.575 0.0000000000
63100  9.266  -15.124  49.498 0.0000000000
63101  8.515  -15.081  49.507 0.0000000000
141070  7.050  -13.481  49.385 0.0000000000
66876  6.837  -11.544  49.708 0.0000000000
67829  15.176  -10.801  50.415 0.0000000000
67845  14.876  -10.886  48.886 0.0000000000
138343  14.548  -11.098  48.193 0.0000000000
67864  14.576  -10.825  46.294 0.0000000000
67855  13.925  -11.293  47.644 0.0000000000
66898  13.031  -11.451  46.907 0.0000000000
67880  12.469  -10.205  45.487 0.0000000000
74280  15.368  -3.528  49.540 0.0000000000
121705  14.267  -4.348  48.344 0.0000000000
74281  14.610  -3.897  49.766 0.0000000000
73386  14.082  -4.324  49.249 0.0000000000
73383  13.444  -4.653  49.600 0.0000000000
73374  14.685  -3.822  51.326 0.0000000000
126680  13.492  -4.482  50.272 0.0000000000
72515  12.274  -5.265  49.531 0.0000000000
72516  11.415  -5.714  49.533 0.0000000000
71616  10.472  -6.274  49.954 0.0000000000
116566  11.370  -5.358  50.556 0.0000000000
72508  11.770  -4.895  50.923 0.0000000000
117453  13.295  -3.826  51.858 0.0000000000
133498  12.645  -4.114  51.615 0.0000000000
133802  12.324  -2.870  51.824 0.0000000000
133393  13.135  -2.026  52.233 0.0000000000
133605  12.888  -1.782  52.113 0.0000000000
117092  12.739  -1.282  52.119 0.0000000000
117294  13.225  -0.723  52.987 0.0000000000
124584  13.508  1.649  55.598 0.0000000000
133877  13.639  1.605  56.611 0.0000000000
117400  13.276  2.165  56.394 0.0000000000
80244  12.967  2.423  55.989 0.0000000000
80243  14.120  2.406  55.436 0.0000000000
81272  14.624  2.757  54.645 0.0000000000
81271  15.018  3.460  53.906 0.0000000000
130764  19.640  1.804  50.334 0.0000000000
79328  19.516  1.752  49.593 0.0000000000
79343  18.778  1.439  48.735 0.0000000000
80309  18.959  1.850  47.792 0.0000000000
79356  18.339  1.739  47.153 0.0000000000
79377  17.279  1.672  46.055 0.0000000000
141043  17.928  2.181  45.731 0.0000000000
81350  18.393  3.573  43.618 0.0000000000
81340  19.371  3.920  45.100 0.0000000000
82309  18.663  4.393  43.107 0.0000000000
56867  40.727  -21.621  41.763 0.0000000000
69983  28.736  -8.509  31.359 0.0000000000
139105  29.808  -7.808  31.368 0.0000000000
70858  30.465  -7.659  31.423 0.0000000000
70857  31.363  -7.672  31.349 0.0000000000
127366  32.835  -7.397  31.551 0.0000000000
67036  39.942  -11.655  33.853 0.0000000000
67982  39.026  -10.772  33.036 0.0000000000
67971  39.791  -10.784  33.657 0.0000000000
141185  39.466  -9.464  33.779 0.0000000000
128699  40.587  -9.887  34.482 0.0000000000
68951  39.238  -8.822  33.946 0.0000000000
70818  38.686  -6.775  34.936 0.0000000000
71712  39.685  -6.506  36.007 0.0000000000
70803  40.318  -6.779  36.396 0.0000000000
70816  40.622  -7.442  35.971 0.0000000000
64289  47.733  -15.391  38.104 0.0000000000
121016  47.598  -14.849  38.756 0.0000000000
65181  48.277  -14.561  37.714 0.0000000000
66064  48.793  -13.950  37.104 0.0000000000
64308  48.012  -14.667  36.501 0.0000000000
65185  48.556  -14.278  36.822 0.0000000000
130851  48.560  -12.285  36.175 0.0000000000
135397  9.239  -6.725  45.434 0.0000000000
71643  9.436  -6.887  44.805 0.0000000000
70753  9.464  -7.637  43.648 0.0000000000
70752  10.245  -7.065  43.689 0.0000000000
120959  8.797  -8.385  42.428 0.0000000000
69875  8.300  -8.656  41.686 0.0000000000
69885  7.679  -8.950  40.316 0.0000000000
69933  10.111  -8.389  36.787 0.0000000000
70809  8.962  -8.260  35.751 0.0000000000
68943  8.580  -8.517  35.090 0.0000000000
84229  9.865  6.010  36.320 0.0000000000
125916  10.005  5.946  36.144 0.0000000000
84241  10.115  6.379  35.611 0.0000000000
84249  9.999  6.598  34.913 0.0000000000
85169  9.939  7.068  34.491 0.0000000000
84259  10.168  7.007  33.700 0.0000000000
85180  10.779  7.227  33.326 0.0000000000
76367  44.680  -0.573  42.008 0.0000000000
76358  43.612  -0.529  42.564 0.0000000000
77353  44.677  0.103  42.269 0.0000000000
78394  44.449  0.340  42.198 0.0000000000
78411  43.336  0.636  42.129 0.0000000000
127002  43.994  0.702  41.665 0.0000000000
78428  42.465  0.519  41.580 0.0000000000
77375  42.444  0.295  40.740 0.0000000000
77376  41.491  0.025  40.787 0.0000000000
81609  59.392  3.668  15.446 0.0000000000
82559  59.925  3.687  16.078 0.0000000000
81596  59.986  3.509  16.835 0.0000000000
82557  61.455  3.982  16.394 0.0000000000
81593  62.181  3.388  16.518 0.0000000000
77582  55.218  -0.157  23.096 0.0000000000
77597  56.165  0.071  22.196 0.0000000000
77617  56.789  -0.124  21.441 0.0000000000
123917  57.180  -0.396  20.981 0.0000000000
72545  24.416  -5.561  43.530 0.0000000000
71676  25.253  -6.666  41.186 0.0000000000
70768  26.303  -7.284  41.852 0.0000000000
70774  24.357  -7.611  40.059 0.0000000000
70680  23.045  -6.897  51.895 0.0000000000
70686  22.401  -7.349  50.999 0.0000000000
70711  22.489  -7.982  49.196 0.0000000000
68860  22.470  -9.486  45.633 0.0000000000
68839  24.465  -9.451  46.475 0.0000000000
68840  23.673  -9.481  46.357 0.0000000000
68880  22.481  -9.501  44.890 0.0000000000
66000  30.979  -12.464  48.837 0.0000000000
137364  29.750  -12.446  49.456 0.0000000000
128283  30.347  -11.968  49.160 0.0000000000
68794  30.208  -9.445  50.057 0.0000000000
68795  29.206  -9.817  50.277 0.0000000000
68796  28.017  -9.672  50.647 0.0000000000
135902  27.863  -9.158  51.043 0.0000000000
131955  27.361  -8.961  51.261 0.0000000000
71609  30.628  -6.586  49.398 0.0000000000
71599  30.204  -6.789  50.169 0.0000000000
71611  28.817  -6.465  49.809 0.0000000000
70684  28.845  -7.198  51.146 0.0000000000
69758  27.353  -8.132  51.734 0.0000000000
69746  26.916  -7.532  52.200 0.0000000000
135308  26.464  -6.748  52.698 0.0000000000
71582  26.170  -5.070  53.084 0.0000000000
71604  26.126  -5.065  51.525 0.0000000000
71593  25.722  -4.874  52.347 0.0000000000
71583  25.097  -5.005  53.199 0.0000000000
71584  24.467  -5.999  52.687 0.0000000000
71595  24.176  -6.344  52.148 0.0000000000
66928  35.649  -11.008  41.268 0.0000000000
67903  35.903  -10.809  42.215 0.0000000000
67904  35.054  -10.658  42.502 0.0000000000
141256  35.688  -10.606  43.044 0.0000000000
120807  35.902  -10.381  43.934 0.0000000000
67884  35.883  -10.014  45.068 0.0000000000
67872  35.703  -9.965  45.913 0.0000000000
67897  32.965  -10.712  44.010 0.0000000000
129722  33.574  -9.253  45.971 0.0000000000
68872  33.993  -9.499  45.372 0.0000000000
68870  35.422  -9.479  45.805 0.0000000000
67850  34.690  -10.028  47.380 0.0000000000
66878  34.055  -10.534  47.685 0.0000000000
120406  33.972  -9.124  48.348 0.0000000000
67841  33.660  -9.854  48.285 0.0000000000
123023  33.181  -11.014  48.031 0.0000000000
66879  32.265  -11.087  48.428 0.0000000000
136928  26.460  -11.304  37.808 0.0000000000
66978  26.319  -11.181  38.478 0.0000000000
123707  28.040  -11.711  40.116 0.0000000000
66945  29.383  -11.753  40.561 0.0000000000
119977  28.805  -11.749  39.976 0.0000000000
125700  30.027  -11.646  39.041 0.0000000000
118470  32.813  -11.452  40.031 0.0000000000
127800  13.752  14.922  44.983 0.0000000000
91290  13.535  15.507  46.504 0.0000000000
91281  13.423  15.733  47.308 0.0000000000
91282  13.002  16.457  47.576 0.0000000000
91952  12.965  16.698  48.297 0.0000000000
91946  12.993  17.255  48.581 0.0000000000
126778  14.869  12.948  50.155 0.0000000000
89925  13.203  14.219  50.817 0.0000000000
89917  13.820  13.573  52.154 0.0000000000
89922  13.271  13.808  51.601 0.0000000000
90600  14.199  15.235  49.704 0.0000000000
91949  13.436  16.576  49.084 0.0000000000
92675  13.345  17.885  48.704 0.0000000000
93273  13.783  18.430  48.748 0.0000000000
93892  13.524  19.361  48.409 0.0000000000
92673  14.479  17.357  49.477 0.0000000000
93272  14.373  18.093  48.975 0.0000000000
93889  14.196  18.851  48.672 0.0000000000
94412  14.663  20.402  48.052 0.0000000000
94416  14.896  21.229  47.571 0.0000000000
82279  9.732  4.844  46.792 0.0000000000
83222  9.767  5.806  46.393 0.0000000000
137967  9.793  5.884  45.640 0.0000000000
84099  10.294  6.455  45.115 0.0000000000
139168  10.402  8.272  45.444 0.0000000000
85944  10.204  9.097  46.902 0.0000000000
85960  10.190  9.120  45.824 0.0000000000
87699  10.287  10.439  45.677 0.0000000000
86764  11.921  9.252  48.430 0.0000000000
86772  11.433  9.938  48.249 0.0000000000
87678  10.916  10.364  47.856 0.0000000000
87697  11.383  10.790  45.930 0.0000000000
88532  10.933  11.051  45.086 0.0000000000
136303  14.061  13.419  44.282 0.0000000000
70799  47.259  -7.672  36.043 0.0000000000
69937  48.010  -7.777  35.963 0.0000000000
126756  49.029  -8.216  35.210 0.0000000000
70810  50.145  -7.485  34.747 0.0000000000
70827  50.940  -7.672  34.169 0.0000000000
68958  50.229  -8.814  32.820 0.0000000000
140038  50.705  -8.562  33.625 0.0000000000
69945  51.233  -8.249  33.527 0.0000000000
70826  51.559  -7.567  33.538 0.0000000000
137258  52.656  -7.822  32.354 0.0000000000
69962  52.994  -7.987  31.765 0.0000000000
69988  52.481  -8.281  31.234 0.0000000000
69987  52.984  -8.014  31.369 0.0000000000
70854  53.137  -7.694  31.461 0.0000000000
71782  53.173  -7.233  31.310 0.0000000000
71787  52.655  -6.361  30.279 0.0000000000
72678  52.608  -5.448  29.786 0.0000000000
64214  15.997  -14.054  50.381 0.0000000000
64227  15.128  -14.306  49.810 0.0000000000
63057  11.756  -14.946  50.750 0.0000000000
63058  11.113  -14.870  51.056 0.0000000000
71649  15.440  -6.650  43.339 0.0000000000
71650  14.742  -7.093  43.664 0.0000000000
71639  14.935  -6.192  43.983 0.0000000000
72531  14.985  -5.110  45.098 0.0000000000
74308  15.865  -3.995  45.881 0.0000000000
121957  15.219  -4.396  46.150 0.0000000000
73392  15.027  -4.281  46.775 0.0000000000
74289  15.292  -3.901  47.313 0.0000000000
74284  15.505  -3.521  48.578 0.0000000000
76301  18.961  -1.730  48.208 0.0000000000
75318  18.182  -2.073  48.401 0.0000000000
133180  18.722  -2.043  49.811 0.0000000000
75311  18.161  -2.264  49.364 0.0000000000
75312  17.478  -2.472  48.865 0.0000000000
75309  16.897  -2.725  49.193 0.0000000000
74279  16.240  -3.151  49.082 0.0000000000
74274  16.067  -3.183  50.010 0.0000000000
74272  16.010  -3.265  50.874 0.0000000000
75293  16.529  -2.453  52.221 0.0000000000
75292  17.286  -1.802  52.430 0.0000000000
75288  16.897  -1.531  52.809 0.0000000000
75289  16.363  -1.988  52.682 0.0000000000
75285  16.300  -1.614  52.960 0.0000000000
76264  16.512  -1.340  53.325 0.0000000000
132050  16.680  0.374  55.116 0.0000000000
79299  17.736  1.115  55.410 0.0000000000
79298  18.177  1.587  55.357 0.0000000000
138516  18.999  1.190  55.236 0.0000000000
133152  21.237  2.013  55.107 0.0000000000
80249  21.034  2.460  54.676 0.0000000000
80248  21.763  2.871  54.259 0.0000000000
80257  21.070  3.012  53.912 0.0000000000
80258  20.394  2.617  53.893 0.0000000000
81279  20.005  3.050  52.894 0.0000000000
81287  19.789  2.383  52.077 0.0000000000
63319  45.116  -15.296  34.194 0.0000000000
63320  44.578  -15.306  33.682 0.0000000000
130148  44.839  -15.806  33.942 0.0000000000
138087  44.144  -16.564  33.327 0.0000000000
61034  44.847  -17.017  34.034 0.0000000000
61057  43.423  -17.155  32.543 0.0000000000
58999  43.606  -19.419  33.865 0.0000000000
67039  35.183  -11.656  33.256 0.0000000000
67057  34.620  -11.271  32.614 0.0000000000
67038  35.973  -11.878  32.878 0.0000000000
142358  37.071  -12.494  32.999 0.0000000000
65210  37.908  -13.359  33.503 0.0000000000
66095  37.695  -12.689  33.073 0.0000000000
66094  38.427  -12.809  33.235 0.0000000000
66093  39.124  -12.871  33.477 0.0000000000
142605  39.696  -12.848  33.807 0.0000000000
63297  40.875  -15.965  35.418 0.0000000000
63309  40.583  -15.257  35.122 0.0000000000
63296  41.363  -15.239  35.379 0.0000000000
65199  40.628  -13.899  34.630 0.0000000000
65207  40.265  -13.195  34.200 0.0000000000
66092  40.129  -12.375  34.046 0.0000000000
66087  40.898  -12.473  34.511 0.0000000000
121438  41.519  -12.221  34.996 0.0000000000
66080  41.937  -12.536  35.581 0.0000000000
131192  42.439  -12.022  36.285 0.0000000000
66983  43.237  -11.474  37.430 0.0000000000
65176  44.364  -13.122  38.993 0.0000000000
64290  44.262  -13.986  38.667 0.0000000000
65175  44.851  -13.854  39.310 0.0000000000
64282  46.229  -15.235  39.674 0.0000000000
62071  46.456  -16.299  39.377 0.0000000000
64281  47.084  -15.608  39.146 0.0000000000
141814  47.665  -15.524  37.068 0.0000000000
63280  47.413  -15.758  36.873 0.0000000000
74338  12.487  -3.700  43.220 0.0000000000
72551  12.994  -4.921  42.946 0.0000000000
71664  13.383  -5.592  41.843 0.0000000000
72579  13.547  -5.599  41.016 0.0000000000
73455  12.969  -4.228  40.879 0.0000000000
132292  13.414  -4.887  40.509 0.0000000000
71679  13.534  -6.435  40.651 0.0000000000
70783  13.389  -7.469  39.492 0.0000000000
132398  13.175  -7.733  38.699 0.0000000000
70798  12.065  -8.135  37.459 0.0000000000
126990  12.397  -3.967  38.812 0.0000000000
73478  13.230  -5.068  38.062 0.0000000000
72597  13.384  -5.607  37.714 0.0000000000
72591  13.499  -5.710  38.411 0.0000000000
71700  13.485  -6.387  37.803 0.0000000000
70797  12.796  -7.603  37.210 0.0000000000
70807  10.832  -8.051  36.251 0.0000000000
126551  9.223  -7.763  35.471 0.0000000000
70832  8.325  -7.613  34.572 0.0000000000
71732  8.372  -7.015  34.362 0.0000000000
71733  7.957  -7.265  34.112 0.0000000000
70840  7.373  -7.398  33.130 0.0000000000
72656  12.329  -5.065  33.801 0.0000000000
72655  13.039  -5.101  33.461 0.0000000000
86882  14.440  9.929  37.643 0.0000000000
87754  14.916  10.646  37.353 0.0000000000
87758  15.230  10.697  36.538 0.0000000000
88578  15.480  11.951  37.233 0.0000000000
77445  46.974  -0.378  37.319 0.0000000000
76403  46.170  -0.713  37.442 0.0000000000
76419  46.546  -1.118  36.753 0.0000000000
76436  46.152  -1.687  36.312 0.0000000000
134484  57.860  2.875  19.349 0.0000000000
81562  58.102  3.049  19.962 0.0000000000
137228  24.593  0.919  50.280 0.0000000000
128100  24.579  1.288  50.609 0.0000000000
78330  24.678  0.816  49.749 0.0000000000
78338  24.778  0.344  48.789 0.0000000000
79341  24.807  0.738  48.486 0.0000000000
78346  24.761  0.443  47.733 0.0000000000
79366  24.105  0.965  47.169 0.0000000000
77334  25.328  -1.597  46.347 0.0000000000
77342  24.868  -1.174  45.123 0.0000000000
78368  23.937  0.143  45.699 0.0000000000
126580  23.399  0.652  45.585 0.0000000000
79386  22.759  1.013  45.097 0.0000000000
140101  25.419  -3.909  43.672 0.0000000000
74347  25.386  -3.659  43.170 0.0000000000
135443  25.053  -3.319  42.846 0.0000000000
141924  22.627  -4.404  40.518 0.0000000000
74357  23.444  -3.500  41.483 0.0000000000
75398  23.298  -2.765  41.877 0.0000000000
76371  22.252  -1.711  41.759 0.0000000000
76372  21.565  -1.360  41.179 0.0000000000
140043  21.553  -1.875  40.770 0.0000000000
130575  21.339  -0.708  37.801 0.0000000000
74408  22.053  -3.798  36.551 0.0000000000
117994  22.183  -3.095  35.978 0.0000000000
119921  22.416  -2.465  35.358 0.0000000000
76454  22.600  -1.839  34.737 0.0000000000
121773  22.814  -1.112  34.097 0.0000000000
76468  23.223  -1.530  33.482 0.0000000000
134814  15.644  -11.909  57.020 0.0000000000
66833  16.684  -11.147  57.312 0.0000000000
67791  15.564  -10.823  56.838 0.0000000000
68765  15.207  -10.139  55.912 0.0000000000
68774  15.738  -10.432  54.630 0.0000000000
68776  15.583  -10.541  53.587 0.0000000000
68793  15.448  -10.616  51.849 0.0000000000
70664  18.659  -9.713  54.433 0.0000000000
70665  17.750  -9.862  54.380 0.0000000000
69756  17.175  -9.887  53.294 0.0000000000
68791  17.708  -9.641  51.433 0.0000000000
68781  17.403  -9.758  52.351 0.0000000000
68782  16.422  -10.216  52.417 0.0000000000
123536  16.168  -10.317  51.475 0.0000000000
68799  15.627  -10.538  50.968 0.0000000000
67844  15.634  -10.676  48.522 0.0000000000
67852  16.381  -10.544  47.129 0.0000000000
67877  15.664  -10.515  45.529 0.0000000000
67892  15.594  -10.280  44.560 0.0000000000
69853  15.352  -8.425  43.133 0.0000000000
70687  21.824  -7.776  50.353 0.0000000000
70698  21.209  -8.207  49.854 0.0000000000
69788  21.406  -8.584  48.433 0.0000000000
69775  20.520  -8.546  49.330 0.0000000000
127815  19.028  -9.437  47.486 0.0000000000
68862  20.454  -9.445  45.455 0.0000000000
68883  19.996  -9.409  44.686 0.0000000000
68863  19.708  -9.472  45.445 0.0000000000
119093  19.246  -9.520  46.051 0.0000000000
68845  18.672  -9.651  46.744 0.0000000000
68865  17.854  -10.031  45.430 0.0000000000
69851  17.673  -8.907  42.931 0.0000000000
127133  17.274  -9.628  43.571 0.0000000000
69852  16.105  -8.818  42.947 0.0000000000
70749  15.946  -7.996  42.725 0.0000000000
70750  15.304  -7.554  43.118 0.0000000000
73407  16.394  -4.424  44.386 0.0000000000
73406  17.126  -4.066  44.068 0.0000000000
75353  18.596  -2.426  45.727 0.0000000000
74335  19.645  -3.673  43.551 0.0000000000
75352  19.463  -2.272  45.544 0.0000000000
76331  19.740  -1.543  46.922 0.0000000000
76298  22.271  -0.532  48.941 0.0000000000
77306  22.885  -0.321  49.638 0.0000000000
77293  24.194  0.182  49.922 0.0000000000
127110  27.776  -11.985  49.854 0.0000000000
66865  24.409  -10.904  49.993 0.0000000000
66871  25.189  -11.675  50.013 0.0000000000
66864  25.931  -11.809  50.137 0.0000000000
65095  20.919  -13.172  54.782 0.0000000000
57889  43.819  -21.010  41.536 0.0000000000
56850  42.538  -20.787  42.558 0.0000000000
56851  41.672  -21.248  42.836 0.0000000000
62051  41.031  -17.089  41.684 0.0000000000
60946  41.365  -17.473  41.957 0.0000000000
62025  40.774  -16.919  42.340 0.0000000000
59951  41.400  -18.015  42.277 0.0000000000
58914  41.765  -19.339  42.602 0.0000000000
57874  41.112  -20.602  42.909 0.0000000000
56852  40.908  -21.263  42.442 0.0000000000
129822  40.448  -20.570  42.683 0.0000000000
66038  37.466  -12.448  42.522 0.0000000000
66911  37.313  -11.968  43.630 0.0000000000
65152  37.643  -13.972  43.474 0.0000000000
122413  37.326  -15.300  43.960 0.0000000000
64264  36.716  -14.730  44.519 0.0000000000
62013  37.270  -16.455  44.219 0.0000000000
60915  37.533  -17.283  44.104 0.0000000000
72662  25.948  -5.388  32.011 0.0000000000
70848  27.112  -7.289  31.964 0.0000000000
70861  27.550  -7.863  31.639 0.0000000000
70851  24.311  -7.213  32.548 0.0000000000
70850  24.852  -7.531  32.199 0.0000000000
131670  25.505  -7.955  31.906 0.0000000000
68982  25.950  -9.453  32.079 0.0000000000
68999  29.145  -9.281  31.340 0.0000000000
68011  30.322  -10.112  31.572 0.0000000000
67988  32.340  -10.748  32.341 0.0000000000
67059  32.815  -11.127  33.173 0.0000000000
67946  24.694  -10.232  36.538 0.0000000000
67945  25.369  -10.698  36.195 0.0000000000
126232  26.164  -11.103  35.753 0.0000000000
67016  26.730  -11.188  34.991 0.0000000000
136480  27.403  -11.326  34.894 0.0000000000
118449  29.931  -11.550  36.327 0.0000000000
135706  29.546  -11.542  35.729 0.0000000000
67029  28.772  -11.450  34.631 0.0000000000
67044  30.380  -11.324  33.747 0.0000000000
67043  31.327  -11.309  33.766 0.0000000000
67026  31.634  -11.415  34.502 0.0000000000
65193  37.269  -14.381  35.122 0.0000000000
63299  38.672  -15.789  35.593 0.0000000000
123480  36.586  -13.388  37.032 0.0000000000
125412  37.070  -14.108  36.879 0.0000000000
63273  37.993  -15.326  37.148 0.0000000000
129270  38.575  -15.919  36.932 0.0000000000
62110  39.170  -16.441  36.698 0.0000000000
61010  39.944  -17.060  36.488 0.0000000000
127763  40.797  -17.789  36.900 0.0000000000
91299  13.030  16.297  45.089 0.0000000000
92689  12.707  17.470  44.491 0.0000000000
119666  12.681  18.089  44.981 0.0000000000
134578  12.960  18.959  43.577 0.0000000000
93910  12.837  19.939  43.774 0.0000000000
130090  12.352  20.365  46.276 0.0000000000
94428  12.308  20.828  45.332 0.0000000000
94977  12.216  22.259  44.850 0.0000000000
94986  12.195  22.344  44.127 0.0000000000
122487  12.417  21.613  43.601 0.0000000000
95583  12.429  22.099  42.364 0.0000000000
71627  7.203  -6.850  49.204 0.0000000000
71626  7.799  -6.207  48.571 0.0000000000
72526  8.466  -5.955  47.817 0.0000000000
121501  9.062  -5.743  47.369 0.0000000000
72529  9.456  -5.800  46.679 0.0000000000
75314  9.502  -2.776  48.555 0.0000000000
74286  9.856  -3.615  48.253 0.0000000000
139019  10.236  -4.437  47.252 0.0000000000
72528  10.101  -5.467  46.155 0.0000000000
73401  10.850  -4.706  46.018 0.0000000000
73400  11.554  -4.205  45.436 0.0000000000
73399  12.032  -4.012  44.846 0.0000000000
77325  8.822  0.054  46.875 0.0000000000
79373  8.663  1.669  46.231 0.0000000000
142789  8.860  -1.290  46.127 0.0000000000
75356  10.021  -1.972  45.342 0.0000000000
75369  10.697  -2.346  44.734 0.0000000000
75378  11.391  -2.736  44.212 0.0000000000
74339  12.003  -3.185  43.723 0.0000000000
138860  12.002  -3.077  42.777 0.0000000000
75402  10.206  -2.475  41.701 0.0000000000
75411  10.927  -2.858  41.225 0.0000000000
137675  9.652  -2.483  39.837 0.0000000000
78438  8.379  0.416  40.847 0.0000000000
77387  8.595  -0.762  40.836 0.0000000000
76382  8.958  -1.515  40.480 0.0000000000
76381  9.348  -2.018  39.791 0.0000000000
75421  9.867  -2.417  39.134 0.0000000000
76388  10.603  -1.411  38.890 0.0000000000
77401  11.305  -0.668  39.277 0.0000000000
78461  12.808  0.083  39.035 0.0000000000
79414  13.282  1.854  39.686 0.0000000000
80384  11.217  3.104  39.541 0.0000000000
82365  9.166  4.912  37.173 0.0000000000
82346  8.416  3.981  38.996 0.0000000000
83299  8.775  4.647  38.544 0.0000000000
83291  8.960  5.181  38.512 0.0000000000
82354  9.053  4.694  37.924 0.0000000000
83298  9.037  5.180  37.769 0.0000000000
83308  9.087  5.138  37.238 0.0000000000
84213  9.330  5.666  37.002 0.0000000000
85122  11.689  7.007  37.859 0.0000000000
86034  13.066  7.975  37.844 0.0000000000
84113  11.182  6.793  43.418 0.0000000000
85078  11.661  7.246  42.747 0.0000000000
87718  10.476  10.745  44.064 0.0000000000
86833  11.206  9.940  43.021 0.0000000000
85998  12.667  8.089  41.625 0.0000000000
86011  12.860  7.751  41.121 0.0000000000
85997  13.211  8.292  41.121 0.0000000000
131700  13.664  8.533  40.378 0.0000000000
86863  14.134  9.241  39.849 0.0000000000
86872  14.407  9.898  38.534 0.0000000000
129648  14.896  11.397  38.698 0.0000000000
89319  14.611  12.657  38.827 0.0000000000
89317  14.053  12.625  39.524 0.0000000000
90663  13.490  14.249  38.334 0.0000000000
90649  11.606  14.339  39.043 0.0000000000
90674  12.000  14.881  37.653 0.0000000000
130949  41.212  -4.450  42.790 0.0000000000
73411  41.809  -4.106  42.559 0.0000000000
72555  42.286  -5.223  41.454 0.0000000000
123225  42.097  -4.771  41.952 0.0000000000
74340  42.531  -2.774  42.276 0.0000000000
75394  43.862  -1.419  41.864 0.0000000000
73457  42.967  -5.061  39.959 0.0000000000
73444  43.147  -4.098  40.216 0.0000000000
74350  43.702  -2.371  41.269 0.0000000000
76366  45.617  -0.508  41.673 0.0000000000
76365  46.590  -0.134  41.452 0.0000000000
76376  47.257  -0.540  40.816 0.0000000000
77374  47.066  0.424  40.937 0.0000000000
78440  46.392  0.999  40.066 0.0000000000
77407  46.858  0.624  39.480 0.0000000000
77430  47.200  0.261  38.308 0.0000000000
70814  46.706  -7.077  35.616 0.0000000000
72616  47.129  -6.050  35.816 0.0000000000
72598  47.337  -4.700  35.918 0.0000000000
73496  47.670  -3.722  36.462 0.0000000000
74404  48.141  -3.083  37.190 0.0000000000
73510  49.236  -4.024  35.534 0.0000000000
73509  50.172  -3.515  35.430 0.0000000000
75433  48.190  -2.256  38.238 0.0000000000
75432  48.688  -1.943  38.293 0.0000000000
75422  48.832  -1.334  38.905 0.0000000000
75431  49.645  -1.588  37.736 0.0000000000
77404  49.373  -1.099  38.266 0.0000000000
77405  48.910  -0.695  38.957 0.0000000000
77429  48.027  0.202  38.331 0.0000000000
117982  47.657  0.010  37.610 0.0000000000
134898  47.757  -0.359  36.882 0.0000000000
77460  48.012  -0.731  36.111 0.0000000000
76433  48.334  -1.084  35.428 0.0000000000
141990  49.582  -0.411  35.963 0.0000000000
77470  49.245  -0.800  35.255 0.0000000000
77480  51.240  -0.596  34.173 0.0000000000
77493  51.593  -0.622  33.165 0.0000000000
79489  52.108  0.882  26.900 0.0000000000
79487  53.991  1.314  27.707 0.0000000000
79479  54.574  1.564  27.440 0.0000000000
79496  55.051  1.362  27.112 0.0000000000
76501  55.986  -0.966  29.160 0.0000000000
129181  55.879  -0.790  28.291 0.0000000000
75556  55.419  -2.018  27.314 0.0000000000
132190  55.721  -0.953  27.454 0.0000000000
138976  55.063  -0.536  25.613 0.0000000000
76562  54.592  -1.161  24.413 0.0000000000
75600  54.399  -2.289  23.453 0.0000000000
74594  54.238  -3.344  22.102 0.0000000000
73590  52.148  -3.737  27.975 0.0000000000
73604  51.970  -3.615  27.009 0.0000000000
73630  52.504  -4.294  24.758 0.0000000000
117997  53.130  -4.551  23.078 0.0000000000
135840  52.594  -4.978  22.784 0.0000000000
127968  53.534  -4.557  21.834 0.0000000000
73656  53.574  -4.574  21.157 0.0000000000
86332  64.490  8.654  7.857 0.0000000000
86321  64.454  8.649  8.898 0.0000000000
85399  64.312  8.150  9.734 0.0000000000
85385  64.479  7.195  9.712 0.0000000000
118729  63.377  8.202  10.477 0.0000000000
85371  63.782  7.781  10.487 0.0000000000
84457  64.088  7.134  10.443 0.0000000000
84443  64.207  6.128  10.584 0.0000000000
83528  64.101  5.354  10.893 0.0000000000
83515  64.084  4.592  11.064 0.0000000000
86761  17.926  9.763  48.179 0.0000000000
79326  24.681  1.591  50.287 0.0000000000
79327  24.662  2.096  49.552 0.0000000000
125436  6.468  -13.895  46.850 0.0000000000
120315  6.329  -12.607  48.043 0.0000000000
66025  6.326  -12.106  47.481 0.0000000000
68834  6.418  -9.795  48.256 0.0000000000
70716  6.634  -7.789  49.046 0.0000000000
64169  15.921  -14.168  55.881 0.0000000000
64173  15.655  -13.948  55.401 0.0000000000
65970  14.269  -12.421  56.284 0.0000000000
64170  15.090  -13.618  55.644 0.0000000000
142719  14.910  -13.577  55.147 0.0000000000
120215  14.593  -13.235  54.470 0.0000000000
126164  14.349  -11.248  51.344 0.0000000000
67810  14.327  -11.431  52.078 0.0000000000
67807  13.942  -12.170  52.994 0.0000000000
132267  13.614  -11.813  51.731 0.0000000000
66845  13.892  -12.005  53.726 0.0000000000
65098  13.897  -12.918  53.820 0.0000000000
64178  13.847  -13.316  53.105 0.0000000000
64189  12.863  -13.955  51.944 0.0000000000
63038  11.913  -14.270  52.057 0.0000000000
139550  11.851  -12.456  51.514 0.0000000000
65102  10.197  -13.882  52.451 0.0000000000
64181  11.039  -14.044  52.376 0.0000000000
63040  9.981  -14.040  52.523 0.0000000000
63041  9.011  -14.025  53.708 0.0000000000
65113  8.021  -13.942  53.880 0.0000000000
70739  14.147  -7.620  44.043 0.0000000000
69837  13.621  -8.411  44.354 0.0000000000
135185  13.451  -6.618  45.657 0.0000000000
68890  13.096  -8.803  44.832 0.0000000000
68867  12.849  -9.497  45.091 0.0000000000
67866  11.929  -10.810  45.868 0.0000000000
71628  12.415  -6.404  47.235 0.0000000000
69827  11.946  -8.325  45.897 0.0000000000
67881  11.603  -9.900  45.827 0.0000000000
135015  11.407  -11.168  46.233 0.0000000000
66900  11.267  -11.734  46.679 0.0000000000
66023  10.577  -12.414  47.803 0.0000000000
66893  10.208  -11.718  47.201 0.0000000000
135633  10.078  -12.604  48.248 0.0000000000
66008  10.072  -12.931  49.127 0.0000000000
65997  9.659  -13.328  50.154 0.0000000000
64197  8.809  -14.076  52.900 0.0000000000
142208  8.757  -14.055  51.226 0.0000000000
65998  8.486  -13.451  49.835 0.0000000000
66010  7.907  -12.829  49.385 0.0000000000
66885  8.507  -11.719  48.760 0.0000000000
66875  7.590  -12.059  49.422 0.0000000000
67838  6.618  -10.657  49.821 0.0000000000
70699  9.456  -7.425  49.945 0.0000000000
117754  8.868  -7.969  50.351 0.0000000000
68809  7.599  -9.413  50.369 0.0000000000
68810  6.735  -9.691  50.270 0.0000000000
68800  6.771  -9.021  50.625 0.0000000000
69771  6.603  -8.564  50.744 0.0000000000
119879  7.682  -6.979  52.374 0.0000000000
71607  7.128  -7.805  51.157 0.0000000000
70700  6.702  -7.966  50.731 0.0000000000
71619  7.028  -7.292  50.429 0.0000000000
70715  6.783  -7.498  49.736 0.0000000000
124979  7.787  -4.776  50.728 0.0000000000
74278  8.957  -3.717  51.575 0.0000000000
75305  10.344  -2.232  50.571 0.0000000000
77292  10.995  -0.985  50.280 0.0000000000
117435  12.716  -0.797  52.191 0.0000000000
77281  12.468  -0.731  51.737 0.0000000000
77286  12.199  -0.861  51.247 0.0000000000
79306  12.499  1.866  52.989 0.0000000000
78315  12.563  -0.060  51.865 0.0000000000
77287  11.830  -1.089  50.896 0.0000000000
78320  12.154  0.030  50.698 0.0000000000
79320  12.130  0.784  50.246 0.0000000000
127186  12.720  2.322  49.455 0.0000000000
79291  16.695  1.666  56.000 0.0000000000
136739  16.319  1.928  56.035 0.0000000000
80233  16.278  2.728  55.925 0.0000000000
81262  16.832  2.564  54.845 0.0000000000
124486  15.967  2.853  54.955 0.0000000000
81259  16.219  3.238  56.013 0.0000000000
121018  15.640  3.148  54.344 0.0000000000
142219  15.511  3.414  53.731 0.0000000000
81281  15.279  3.715  53.203 0.0000000000
80275  18.720  1.803  51.375 0.0000000000
80276  17.932  1.801  51.593 0.0000000000
119074  17.058  1.963  51.785 0.0000000000
80277  16.284  2.337  51.964 0.0000000000
81288  16.154  3.048  52.467 0.0000000000
81297  14.827  2.964  52.159 0.0000000000
80279  14.525  2.543  51.443 0.0000000000
80299  14.423  2.067  49.888 0.0000000000
119901  13.812  2.294  49.999 0.0000000000
79381  14.031  1.624  46.052 0.0000000000
82312  13.779  3.891  43.895 0.0000000000
79378  16.561  1.707  45.324 0.0000000000
80349  16.037  2.156  43.780 0.0000000000
80360  15.379  2.491  43.255 0.0000000000
80366  16.479  2.998  42.629 0.0000000000
81367  15.712  3.079  42.704 0.0000000000
142781  14.913  2.969  43.005 0.0000000000
81359  14.378  3.389  43.419 0.0000000000
82311  14.420  4.308  43.511 0.0000000000
83246  13.870  4.840  44.003 0.0000000000
85039  15.532  7.370  44.705 0.0000000000
85059  15.810  7.046  43.720 0.0000000000
63328  44.130  -15.393  33.274 0.0000000000
56895  45.679  -21.839  39.522 0.0000000000
56897  43.941  -23.013  39.530 0.0000000000
56909  43.907  -22.838  38.283 0.0000000000
121667  43.046  -21.656  37.240 0.0000000000
56932  42.743  -21.113  36.783 0.0000000000
55922  40.777  -22.066  40.304 0.0000000000
126055  41.089  -22.425  39.903 0.0000000000
55950  41.242  -22.049  39.511 0.0000000000
142204  40.926  -21.069  38.384 0.0000000000
128672  41.488  -21.642  38.822 0.0000000000
56924  41.534  -21.178  37.988 0.0000000000
70846  28.826  -7.224  32.216 0.0000000000
71744  29.021  -6.311  33.588 0.0000000000
71755  30.274  -6.748  32.597 0.0000000000
72652  28.785  -5.769  34.198 0.0000000000
72637  28.702  -5.091  34.629 0.0000000000
68007  34.496  -10.123  31.456 0.0000000000
68006  36.587  -10.703  31.751 0.0000000000
127893  35.478  -9.946  31.386 0.0000000000
68993  34.869  -9.319  31.363 0.0000000000
69977  34.530  -8.668  31.367 0.0000000000
70855  34.610  -7.866  31.557 0.0000000000
70844  34.389  -7.138  31.855 0.0000000000
68977  38.608  -10.062  32.818 0.0000000000
69966  37.439  -8.095  32.908 0.0000000000
70843  35.758  -7.484  32.253 0.0000000000
123925  35.047  -7.268  31.998 0.0000000000
71739  34.197  -6.178  32.857 0.0000000000
72647  33.825  -5.791  33.514 0.0000000000
72632  33.599  -5.548  34.323 0.0000000000
120786  33.488  -5.387  35.065 0.0000000000
141041  38.036  -5.458  36.337 0.0000000000
72594  38.270  -4.941  37.388 0.0000000000
72568  41.335  -5.296  41.804 0.0000000000
71668  41.743  -5.588  41.273 0.0000000000
71673  42.698  -5.493  40.558 0.0000000000
71681  43.247  -6.246  39.651 0.0000000000
70785  44.501  -7.923  38.327 0.0000000000
70792  45.212  -7.933  37.385 0.0000000000
66982  43.604  -11.528  38.209 0.0000000000
67929  43.783  -10.976  38.473 0.0000000000
66053  44.815  -12.092  39.687 0.0000000000
131170  44.216  -11.032  39.014 0.0000000000
67922  44.768  -10.985  39.522 0.0000000000
67921  45.416  -10.717  39.873 0.0000000000
65167  47.106  -14.198  39.322 0.0000000000
132873  46.409  -13.584  39.657 0.0000000000
66050  46.222  -12.670  39.972 0.0000000000
121584  45.668  -10.972  40.179 0.0000000000
68910  45.525  -10.073  39.697 0.0000000000
68916  45.984  -9.625  39.459 0.0000000000
69898  46.673  -9.418  38.818 0.0000000000
69912  46.675  -8.919  37.808 0.0000000000
68947  48.103  -9.644  33.859 0.0000000000
139965  47.170  -9.445  32.411 0.0000000000
68975  46.989  -9.406  31.732 0.0000000000
87665  18.173  10.692  49.417 0.0000000000
89253  19.205  12.032  52.617 0.0000000000
89911  19.078  12.977  52.131 0.0000000000
89914  18.221  13.706  51.813 0.0000000000
140819  19.863  13.985  49.729 0.0000000000
90585  17.603  14.231  51.115 0.0000000000
140386  15.130  18.991  47.969 0.0000000000
94415  15.250  20.557  47.370 0.0000000000
69809  7.014  -8.011  47.337 0.0000000000
68869  7.111  -9.493  46.208 0.0000000000
69829  7.384  -9.155  45.625 0.0000000000
67882  7.105  -10.438  45.370 0.0000000000
71638  8.801  -7.221  45.295 0.0000000000
69838  8.142  -8.334  44.469 0.0000000000
119862  7.823  -8.823  43.083 0.0000000000
68904  7.555  -9.229  43.095 0.0000000000
68905  7.431  -9.767  43.198 0.0000000000
72565  12.965  -5.699  42.641 0.0000000000
71665  12.600  -6.590  42.516 0.0000000000
69872  11.670  -8.064  41.651 0.0000000000
69880  12.396  -8.210  40.662 0.0000000000
69881  11.402  -8.501  40.758 0.0000000000
69873  10.698  -8.420  41.394 0.0000000000
118456  9.855  -8.560  41.191 0.0000000000
124359  7.866  -8.808  39.826 0.0000000000
68915  7.663  -9.426  39.634 0.0000000000
139630  8.780  -8.781  36.948 0.0000000000
69922  9.083  -8.683  37.486 0.0000000000
79421  14.603  1.852  38.643 0.0000000000
79420  15.163  2.205  38.060 0.0000000000
80400  15.562  2.493  37.345 0.0000000000
80407  15.849  2.795  36.518 0.0000000000
82394  10.555  5.218  36.011 0.0000000000
82392  12.240  4.738  35.268 0.0000000000
82391  13.310  4.445  35.737 0.0000000000
82372  13.889  4.148  36.362 0.0000000000
80412  16.594  2.740  35.229 0.0000000000
81427  16.118  3.304  34.747 0.0000000000
81439  16.414  3.273  33.916 0.0000000000
81429  15.158  3.965  33.770 0.0000000000
81440  15.805  3.639  33.364 0.0000000000
133035  16.594  3.180  33.008 0.0000000000
81465  16.446  3.226  32.002 0.0000000000
118704  12.877  8.541  34.989 0.0000000000
86084  14.379  8.286  33.521 0.0000000000
86097  13.837  7.821  32.918 0.0000000000
85192  12.714  7.518  32.814 0.0000000000
85193  12.006  7.018  32.465 0.0000000000
121505  14.157  4.296  31.600 0.0000000000
81467  14.703  4.036  31.109 0.0000000000
74310  41.138  -2.955  44.172 0.0000000000
76349  43.110  -0.328  42.953 0.0000000000
78382  41.823  0.217  43.903 0.0000000000
78383  41.268  0.438  44.151 0.0000000000
134590  45.091  -0.782  38.015 0.0000000000
76390  43.916  -0.794  38.530 0.0000000000
76406  43.477  -1.455  37.898 0.0000000000
76391  42.978  -1.004  38.523 0.0000000000
76392  41.991  -1.102  38.454 0.0000000000
83509  62.768  5.436  12.994 0.0000000000
83517  63.148  5.856  12.340 0.0000000000
83516  63.499  5.520  12.046 0.0000000000
134891  63.801  5.105  11.630 0.0000000000
82609  64.162  3.740  11.132 0.0000000000
80498  52.761  2.580  25.737 0.0000000000
80485  53.951  2.324  26.440 0.0000000000
80497  53.492  2.613  25.930 0.0000000000
81537  54.954  3.222  23.648 0.0000000000
120274  55.386  1.484  24.102 0.0000000000
79537  55.620  2.134  23.848 0.0000000000
78589  55.917  1.718  23.477 0.0000000000
130076  55.330  2.469  24.248 0.0000000000
81544  55.519  3.281  22.928 0.0000000000
81548  57.578  3.265  21.577 0.0000000000
80519  58.083  2.655  21.891 0.0000000000
81547  58.350  3.074  21.264 0.0000000000
81554  58.613  3.049  20.528 0.0000000000
81553  59.343  2.813  20.279 0.0000000000
76618  57.654  -1.341  19.502 0.0000000000
77639  58.246  -0.584  20.053 0.0000000000
78622  58.952  0.889  20.781 0.0000000000
78621  59.379  1.214  20.520 0.0000000000
78631  59.644  0.999  19.847 0.0000000000
79564  59.515  1.787  20.698 0.0000000000
80541  59.961  2.491  19.833 0.0000000000
81560  60.579  2.927  19.282 0.0000000000
81569  61.002  3.211  18.811 0.0000000000
81568  61.485  3.132  18.479 0.0000000000
79579  61.609  1.907  18.593 0.0000000000
81567  61.920  2.864  18.021 0.0000000000
81575  62.067  3.137  17.291 0.0000000000
80566  62.466  3.115  15.999 0.0000000000
78671  61.297  0.262  16.068 0.0000000000
127383  62.387  0.405  14.881 0.0000000000
119781  62.529  1.142  15.729 0.0000000000
79601  62.709  1.986  16.061 0.0000000000
80581  62.580  2.557  16.084 0.0000000000
81607  62.554  3.439  15.259 0.0000000000
80593  62.831  3.196  14.667 0.0000000000
81617  63.070  3.547  13.899 0.0000000000
80591  63.457  2.155  12.990 0.0000000000
80605  63.333  3.045  13.119 0.0000000000
81627  63.299  3.762  13.073 0.0000000000
81626  63.580  3.875  12.403 0.0000000000
81635  63.913  3.463  11.774 0.0000000000
56853  40.394  -20.898  42.095 0.0000000000
60925  41.057  -17.309  42.337 0.0000000000
62011  39.048  -16.969  43.603 0.0000000000
62026  40.286  -16.837  42.585 0.0000000000
63039  10.977  -14.388  52.065 0.0000000000
63042  8.515  -14.183  54.069 0.0000000000
63047  12.072  -14.491  51.505 0.0000000000
63048  11.443  -14.594  51.621 0.0000000000
63049  10.524  -14.502  51.830 0.0000000000
63050  9.541  -14.023  52.428 0.0000000000
63051  8.305  -13.991  53.730 0.0000000000
63052  8.154  -14.288  54.030 0.0000000000
63055  13.104  -14.536  51.425 0.0000000000
63059  10.155  -14.576  51.628 0.0000000000
63070  12.351  -14.924  50.927 0.0000000000
63071  11.756  -15.138  50.456 0.0000000000
63087  10.979  -15.256  49.838 0.0000000000
63114  32.913  -14.357  46.668 0.0000000000
63283  38.183  -15.618  36.304 0.0000000000
64180  12.456  -13.709  52.334 0.0000000000
64182  9.184  -13.920  52.778 0.0000000000
64183  9.095  -14.045  53.817 0.0000000000
64190  8.101  -14.055  54.054 0.0000000000
64198  7.976  -14.097  53.740 0.0000000000
64215  14.985  -14.049  50.686 0.0000000000
64230  31.849  -14.051  47.710 0.0000000000
64240  32.382  -14.237  47.192 0.0000000000
65094  13.730  -12.909  55.741 0.0000000000
65100  12.897  -13.110  52.822 0.0000000000
65103  9.053  -13.997  53.485 0.0000000000
65104  8.609  -13.980  54.074 0.0000000000
65106  16.403  -13.560  52.997 0.0000000000
65108  9.109  -13.935  53.132 0.0000000000
65109  8.543  -13.713  54.150 0.0000000000
65111  9.371  -13.921  51.875 0.0000000000
65112  8.869  -13.924  52.947 0.0000000000
65116  15.705  -13.429  52.117 0.0000000000
65118  8.982  -14.042  51.995 0.0000000000
65127  8.180  -13.826  50.158 0.0000000000
65128  7.349  -13.428  49.502 0.0000000000
65965  15.775  -12.533  56.908 0.0000000000
65977  13.697  -12.470  53.061 0.0000000000
65979  11.256  -13.281  52.051 0.0000000000
65982  11.001  -13.170  51.710 0.0000000000
65983  10.223  -13.465  51.871 0.0000000000
65996  10.779  -12.931  50.288 0.0000000000
65999  7.666  -13.277  49.546 0.0000000000
66001  30.247  -12.872  49.280 0.0000000000
66832  17.508  -10.973  57.276 0.0000000000
66834  15.919  -11.301  57.130 0.0000000000
66835  15.240  -11.428  56.785 0.0000000000
66837  14.562  -11.621  56.367 0.0000000000
66842  13.475  -11.948  54.777 0.0000000000
66844  13.803  -11.639  54.683 0.0000000000
66850  11.970  -12.586  51.600 0.0000000000
66853  13.276  -12.242  52.077 0.0000000000
66858  11.484  -12.788  51.458 0.0000000000
66862  26.900  -12.103  49.981 0.0000000000
66868  11.223  -12.764  50.867 0.0000000000
66894  9.481  -11.150  47.446 0.0000000000
66902  6.421  -11.427  47.055 0.0000000000
66904  36.260  -11.277  45.622 0.0000000000
66906  37.079  -11.835  44.635 0.0000000000
66993  42.821  -11.394  36.675 0.0000000000
67054  37.246  -11.477  32.211 0.0000000000
67788  17.914  -10.466  57.057 0.0000000000
67789  16.881  -10.384  57.182 0.0000000000
67790  16.158  -10.560  57.084 0.0000000000
67792  19.182  -10.423  56.256 0.0000000000
67795  14.968  -10.835  56.333 0.0000000000
67797  20.176  -10.611  55.201 0.0000000000
67798  19.585  -10.159  55.559 0.0000000000
67801  20.889  -10.817  54.374 0.0000000000
67803  14.253  -11.338  54.554 0.0000000000
67808  21.905  -10.479  53.088 0.0000000000
67809  14.838  -11.030  52.131 0.0000000000
67811  13.812  -11.841  52.089 0.0000000000
67839  6.212  -10.711  49.514 0.0000000000
67848  6.010  -10.731  48.797 0.0000000000
67970  40.323  -10.478  34.189 0.0000000000
67995  25.953  -10.068  32.652 0.0000000000
68758  17.102  -9.798  56.811 0.0000000000
68762  17.392  -9.334  56.185 0.0000000000
68763  16.655  -9.472  56.249 0.0000000000
68764  15.671  -10.254  56.556 0.0000000000
68769  15.140  -10.691  54.998 0.0000000000
68770  14.724  -11.069  54.371 0.0000000000
68802  33.082  -8.453  48.699 0.0000000000
68812  34.365  -8.865  48.063 0.0000000000
68813  33.816  -8.637  48.379 0.0000000000
68831  17.107  -10.252  47.639 0.0000000000
68891  7.216  -9.782  45.455 0.0000000000
68898  18.938  -9.323  43.835 0.0000000000
68899  16.373  -9.536  43.432 0.0000000000
68900  15.555  -9.241  43.400 0.0000000000
68922  7.892  -9.501  38.886 0.0000000000
69723  17.665  -9.356  55.369 0.0000000000
69725  8.927  -5.339  53.781 0.0000000000
69729  18.096  -9.644  54.907 0.0000000000
69740  23.613  -8.290  53.677 0.0000000000
69743  17.846  -9.733  53.891 0.0000000000
69779  6.472  -8.194  50.138 0.0000000000
69810  6.657  -8.849  47.734 0.0000000000
69865  16.823  -8.327  42.606 0.0000000000
69883  9.624  -8.618  40.505 0.0000000000
69884  8.108  -8.743  40.634 0.0000000000
69894  11.740  -8.489  39.420 0.0000000000
69906  13.015  -8.078  39.366 0.0000000000
69911  8.021  -8.910  38.493 0.0000000000
69920  11.315  -8.426  37.892 0.0000000000
69923  8.532  -8.908  37.423 0.0000000000
69934  9.180  -8.549  36.645 0.0000000000
69943  8.729  -8.481  35.604 0.0000000000
69961  7.763  -8.119  33.945 0.0000000000
69970  25.403  -8.777  32.115 0.0000000000
69973  52.597  -8.316  31.682 0.0000000000
70656  19.785  -9.182  54.316 0.0000000000
70657  18.996  -9.569  54.585 0.0000000000
70666  24.987  -6.876  53.512 0.0000000000
70667  24.332  -6.940  54.057 0.0000000000
70670  19.600  -9.104  53.733 0.0000000000
70671  18.455  -9.696  54.058 0.0000000000
70701  32.424  -7.675  48.630 0.0000000000
70718  32.287  -7.602  48.273 0.0000000000
70720  30.958  -7.399  47.968 0.0000000000
70742  9.656  -7.104  44.200 0.0000000000
70744  8.428  -7.747  44.948 0.0000000000
70745  7.996  -8.089  45.268 0.0000000000
70765  12.229  -7.356  42.208 0.0000000000
70766  11.284  -7.499  42.543 0.0000000000
70775  13.407  -7.279  40.320 0.0000000000
70791  12.703  -7.932  38.033 0.0000000000
70821  11.467  -7.529  35.711 0.0000000000
70823  8.728  -7.482  34.921 0.0000000000
70824  8.598  -7.988  35.096 0.0000000000
71573  22.882  -6.341  54.270 0.0000000000
71578  22.113  -5.930  53.678 0.0000000000
71579  20.954  -6.008  53.891 0.0000000000
71581  7.734  -5.565  53.430 0.0000000000
71587  20.012  -6.621  53.828 0.0000000000
71588  8.395  -6.821  53.085 0.0000000000
71589  7.844  -6.339  53.273 0.0000000000
71608  31.288  -6.812  49.158 0.0000000000
71620  30.898  -6.601  48.834 0.0000000000
71662  17.582  -6.692  42.416 0.0000000000
71747  8.836  -6.424  33.889 0.0000000000
71748  8.132  -6.678  33.742 0.0000000000
71769  53.212  -7.113  31.540 0.0000000000
71783  53.008  -7.269  30.914 0.0000000000
71786  53.288  -6.455  30.933 0.0000000000
72497  23.753  -5.936  54.148 0.0000000000
72498  23.237  -5.926  54.130 0.0000000000
72500  24.237  -5.893  53.836 0.0000000000
72501  23.766  -5.867  53.848 0.0000000000
72503  8.750  -4.949  53.510 0.0000000000
72505  24.351  -5.780  53.291 0.0000000000
72507  23.000  -6.279  53.052 0.0000000000
72549  16.475  -5.502  43.328 0.0000000000
72567  41.796  -5.237  41.917 0.0000000000
72671  10.010  -5.894  32.954 0.0000000000
73366  14.614  -3.292  52.500 0.0000000000
73369  8.171  -4.142  53.331 0.0000000000
73371  14.261  -3.737  51.964 0.0000000000
73379  14.104  -4.153  50.783 0.0000000000
73398  14.868  -4.851  45.753 0.0000000000
73410  11.791  -4.577  44.860 0.0000000000
73434  12.894  -4.268  42.700 0.0000000000
74261  14.952  -2.377  52.877 0.0000000000
74265  14.242  -2.929  52.625 0.0000000000
74285  14.764  -3.860  48.906 0.0000000000
74320  19.286  -3.072  44.130 0.0000000000
74489  54.729  -3.161  30.827 0.0000000000
75294  11.710  -2.376  51.365 0.0000000000
75297  18.126  -1.848  51.929 0.0000000000
75320  16.702  -2.768  47.683 0.0000000000
75333  19.980  -1.841  46.141 0.0000000000
76265  15.847  -1.791  53.789 0.0000000000
76272  18.677  -1.254  52.594 0.0000000000
76333  41.622  -1.165  44.963 0.0000000000
76357  44.439  -0.198  42.349 0.0000000000
76373  8.906  -1.893  40.973 0.0000000000
77285  19.865  -0.873  52.856 0.0000000000
77330  41.551  -0.332  45.183 0.0000000000
77338  42.040  -0.087  43.890 0.0000000000
77339  41.804  -0.498  44.505 0.0000000000
77345  43.124  0.153  42.899 0.0000000000
77362  46.488  0.526  41.127 0.0000000000
77373  47.255  0.657  40.315 0.0000000000
78287  13.591  1.124  56.589 0.0000000000
78289  16.276  0.849  55.743 0.0000000000
78291  13.979  0.716  56.373 0.0000000000
78292  23.210  1.237  54.927 0.0000000000
78304  23.114  0.582  54.257 0.0000000000
78307  24.603  1.522  51.810 0.0000000000
78308  24.674  1.448  52.428 0.0000000000
78309  23.906  0.763  53.510 0.0000000000
78323  24.611  1.405  50.852 0.0000000000
78381  42.512  0.184  43.299 0.0000000000
78408  45.753  0.481  41.388 0.0000000000
78409  45.002  0.510  41.740 0.0000000000
78410  44.228  0.616  42.031 0.0000000000
78423  46.618  0.839  40.382 0.0000000000
78439  47.121  0.622  39.829 0.0000000000
78681  63.564  1.164  12.857 0.0000000000
78697  64.601  0.487  13.213 0.0000000000
79289  13.642  1.606  56.570 0.0000000000
79294  22.729  1.648  55.082 0.0000000000
79301  24.491  1.895  54.050 0.0000000000
79308  24.715  1.840  51.392 0.0000000000
79427  16.162  2.075  36.891 0.0000000000
80229  14.187  1.964  56.333 0.0000000000
80230  13.453  1.963  56.511 0.0000000000
80231  17.624  2.090  55.551 0.0000000000
80255  24.881  2.706  52.170 0.0000000000
80256  24.833  2.022  51.894 0.0000000000
80284  24.617  2.057  50.793 0.0000000000
80288  15.296  2.090  50.833 0.0000000000
80339  16.731  2.042  44.438 0.0000000000
80348  18.133  2.961  44.152 0.0000000000
80419  17.280  2.315  34.286 0.0000000000
80552  56.225  2.070  19.104 0.0000000000
81261  15.269  2.963  56.150 0.0000000000
81264  14.636  2.884  55.512 0.0000000000
81265  13.779  2.868  56.213 0.0000000000
81266  25.017  3.010  52.653 0.0000000000
81285  24.643  2.994  51.734 0.0000000000
81289  15.437  3.362  52.583 0.0000000000
81290  14.675  3.898  52.718 0.0000000000
81291  12.506  3.183  52.507 0.0000000000
81303  24.564  2.546  50.770 0.0000000000
81366  16.346  3.454  42.563 0.0000000000
81419  16.046  3.085  35.659 0.0000000000
81644  64.259  2.946  11.185 0.0000000000
82227  16.095  4.768  56.284 0.0000000000
82228  16.104  3.800  56.398 0.0000000000
82230  15.813  3.753  56.318 0.0000000000
82231  15.319  3.547  56.165 0.0000000000
82233  14.585  3.317  56.132 0.0000000000
82246  13.838  4.070  52.717 0.0000000000
82247  13.101  3.998  52.596 0.0000000000
82352  11.580  4.127  38.205 0.0000000000
82377  9.501  5.449  36.729 0.0000000000
83174  15.997  4.913  56.245 0.0000000000
83175  14.772  5.265  56.249 0.0000000000
83176  15.022  4.136  56.270 0.0000000000
83177  14.744  3.784  56.214 0.0000000000
83257  17.625  5.360  42.054 0.0000000000
83333  10.159  6.064  35.447 0.0000000000
84048  14.980  4.194  56.266 0.0000000000
84049  14.872  4.105  56.239 0.0000000000
84127  16.971  5.974  42.260 0.0000000000
84248  10.020  6.718  34.273 0.0000000000
84271  11.359  6.863  32.758 0.0000000000
84456  64.503  6.431  9.903 0.0000000000
84493  64.940  6.020  8.345 0.0000000000
85144  10.102  6.540  35.750 0.0000000000
85157  9.970  6.792  35.149 0.0000000000
85386  64.107  7.811  10.197 0.0000000000
86816  10.696  10.161  43.778 0.0000000000
88492  17.025  12.194  54.135 0.0000000000
88494  18.859  11.557  53.111 0.0000000000
88495  18.113  11.757  53.648 0.0000000000
88499  15.991  11.523  53.200 0.0000000000
88557  9.101  12.446  41.890 0.0000000000
89244  15.366  12.891  54.233 0.0000000000
89245  14.943  13.093  54.169 0.0000000000
89246  15.995  12.560  54.282 0.0000000000
89247  15.162  12.739  54.181 0.0000000000
89248  14.619  13.144  53.919 0.0000000000
89252  14.587  13.084  52.827 0.0000000000
89254  16.142  11.360  52.070 0.0000000000
89908  17.221  13.205  54.029 0.0000000000
89909  16.249  13.371  54.089 0.0000000000
89910  15.472  13.408  54.108 0.0000000000
89916  15.876  13.904  52.272 0.0000000000
89955  8.876  13.080  42.080 0.0000000000
91261  13.938  14.928  51.402 0.0000000000
91270  14.078  16.020  49.802 0.0000000000
91943  15.365  16.402  49.915 0.0000000000
91953  12.623  17.255  47.829 0.0000000000
93274  15.185  18.254  48.353 0.0000000000
93276  12.994  18.643  48.342 0.0000000000
94974  12.423  21.625  46.325 0.0000000000
116567  9.966  -6.059  51.331 0.0000000000
116904  15.232  13.149  54.213 0.0000000000
116983  8.930  -5.330  53.831 0.0000000000
116986  8.928  -5.336  53.799 0.0000000000
116987  10.036  -1.883  54.008 0.0000000000
116988  10.152  -1.988  53.903 0.0000000000
116989  10.266  -2.586  53.392 0.0000000000
116990  9.995  -2.003  53.993 0.0000000000
117045  11.281  -5.072  51.507 0.0000000000
117062  15.152  4.244  56.326 0.0000000000
117103  14.268  3.509  56.285 0.0000000000
117195  9.008  -6.813  51.205 0.0000000000
117231  13.595  0.670  56.405 0.0000000000
117284  10.430  -3.240  52.136 0.0000000000
117679  13.635  -3.162  52.286 0.0000000000
118074  24.439  3.174  50.918 0.0000000000
118092  8.581  -8.747  38.316 0.0000000000
118549  16.087  4.593  56.345 0.0000000000
118588  11.042  -15.123  50.514 0.0000000000
118812  12.376  -12.072  50.981 0.0000000000
118847  15.522  5.063  56.240 0.0000000000
119010  19.795  -7.482  53.844 0.0000000000
119052  37.493  -14.763  35.598 0.0000000000
119570  14.494  -11.578  52.825 0.0000000000
119667  12.599  18.071  45.919 0.0000000000
119677  41.654  0.385  43.631 0.0000000000
120003  15.959  5.002  56.218 0.0000000000
120239  15.227  -14.531  49.071 0.0000000000
120540  12.735  1.306  51.955 0.0000000000
120650  13.049  14.589  51.264 0.0000000000
121162  15.097  -10.936  52.953 0.0000000000
121525  7.668  -7.577  33.786 0.0000000000
121904  7.649  -3.883  52.582 0.0000000000
122351  9.902  -14.634  51.411 0.0000000000
123139  22.429  -10.128  52.326 0.0000000000
123755  56.982  3.305  22.289 0.0000000000
124215  14.012  23.285  47.411 0.0000000000
124481  15.711  3.054  55.453 0.0000000000
124706  20.455  -11.946  55.438 0.0000000000
125305  37.825  -9.997  32.238 0.0000000000
125715  29.215  -11.601  37.819 0.0000000000
127266  13.582  -5.674  40.164 0.0000000000
127332  63.668  3.201  12.398 0.0000000000
127683  21.711  -7.571  51.002 0.0000000000
128681  9.590  -8.555  37.140 0.0000000000
128735  32.839  -7.814  47.942 0.0000000000
128736  13.718  0.398  54.751 0.0000000000
128777  14.859  1.042  56.296 0.0000000000
128835  8.662  -6.231  32.504 0.0000000000
129053  37.146  -13.974  34.648 0.0000000000
129110  9.717  -13.648  52.012 0.0000000000
129462  13.961  2.907  56.253 0.0000000000
129548  17.171  -9.703  55.134 0.0000000000
129706  31.480  -9.345  49.420 0.0000000000
129951  13.586  2.718  56.235 0.0000000000
129982  44.291  -11.938  39.221 0.0000000000
131113  12.952  -13.740  52.227 0.0000000000
131156  15.574  -3.549  47.854 0.0000000000
131236  15.274  -5.427  44.343 0.0000000000
131510  12.318  -15.109  50.771 0.0000000000
131564  21.015  0.455  55.053 0.0000000000
131702  23.378  2.521  54.954 0.0000000000
131837  33.360  -8.764  31.314 0.0000000000
132365  54.688  -0.615  24.533 0.0000000000
132382  24.730  -0.299  48.537 0.0000000000
133275  9.948  -4.965  52.879 0.0000000000
133278  8.927  -5.322  53.846 0.0000000000
133279  8.915  -5.362  53.826 0.0000000000
133280  9.980  -1.999  54.004 0.0000000000
133281  10.022  -3.274  53.105 0.0000000000
133282  9.988  -3.159  52.809 0.0000000000
133290  10.762  -2.615  53.313 0.0000000000
133303  8.874  -5.423  54.045 0.0000000000
133427  14.875  4.428  56.253 0.0000000000
133442  15.300  4.732  56.236 0.0000000000
133459  8.929  -5.333  53.823 0.0000000000
133486  12.789  -3.505  51.928 0.0000000000
133499  8.929  -5.333  53.817 0.0000000000
133503  13.614  1.290  56.490 0.0000000000
133596  14.624  4.134  56.253 0.0000000000
133785  11.425  -3.304  52.056 0.0000000000
133788  11.267  -2.769  52.669 0.0000000000
133803  10.051  -1.941  54.013 0.0000000000
133900  8.928  -5.336  53.801 0.0000000000
133901  8.975  -5.149  53.726 0.0000000000
133903  9.028  -5.374  53.756 0.0000000000
133905  8.613  -6.152  54.193 0.0000000000
133906  10.406  -5.459  52.086 0.0000000000
133907  10.156  -2.239  52.840 0.0000000000
133908  10.696  -2.493  53.283 0.0000000000
133909  10.272  -3.107  52.794 0.0000000000
133914  11.080  -2.328  53.264 0.0000000000
133915  10.392  -2.842  53.190 0.0000000000
133941  8.929  -5.331  53.828 0.0000000000
133962  8.928  -5.334  53.832 0.0000000000
134097  8.928  -5.334  53.811 0.0000000000
134101  9.000  -4.916  54.153 0.0000000000
134102  8.929  -5.333  53.818 0.0000000000
134103  8.940  -5.328  53.837 0.0000000000
134104  9.174  -5.602  53.368 0.0000000000
134105  8.928  -5.335  53.807 0.0000000000
134106  8.928  -5.336  53.797 0.0000000000
134108  9.932  -2.834  53.026 0.0000000000
134109  10.029  -2.274  53.591 0.0000000000
134110  9.939  -2.186  53.705 0.0000000000
134111  10.217  -2.800  53.268 0.0000000000
134119  10.729  -2.589  53.331 0.0000000000
134194  53.687  -2.037  33.665 0.0000000000
134203  8.928  -5.334  53.809 0.0000000000
134389  9.005  -5.561  53.708 0.0000000000
134602  14.302  -11.386  51.854 0.0000000000
134846  7.559  -9.000  39.851 0.0000000000
135037  15.496  -10.499  54.043 0.0000000000
135538  15.018  -3.665  50.072 0.0000000000
135658  14.635  13.680  52.690 0.0000000000
136035  13.999  -2.599  52.545 0.0000000000
136497  17.629  2.945  43.263 0.0000000000
136634  34.655  -9.239  47.646 0.0000000000
136706  33.482  -11.308  33.655 0.0000000000
136983  17.242  -2.481  47.345 0.0000000000
137327  57.160  3.080  22.619 0.0000000000
137454  13.140  -6.275  42.115 0.0000000000
137554  15.832  -2.057  52.824 0.0000000000
137558  21.843  -1.090  36.786 0.0000000000
137897  13.805  -11.790  55.913 0.0000000000
137991  33.065  -11.481  34.751 0.0000000000
138594  10.022  9.076  48.171 0.0000000000
138748  6.396  -8.785  50.326 0.0000000000
139407  12.428  21.900  42.960 0.0000000000
139523  12.096  -4.494  51.303 0.0000000000
139537  11.089  7.909  34.151 0.0000000000
139688  14.572  -11.086  50.752 0.0000000000
139809  22.232  -9.756  53.034 0.0000000000
140093  16.293  -10.397  49.587 0.0000000000
140157  8.731  -14.112  53.053 0.0000000000
140377  18.478  -1.842  47.835 0.0000000000
140714  23.489  -6.172  54.266 0.0000000000
140785  15.764  4.879  56.254 0.0000000000
140825  11.237  -1.933  50.803 0.0000000000
140931  52.945  -8.010  31.214 0.0000000000
140998  15.802  -3.306  51.546 0.0000000000
141392  21.100  -12.928  49.697 0.0000000000
141520  24.481  3.551  51.649 0.0000000000
141635  29.456  -7.971  46.461 0.0000000000
141735  8.353  -6.237  53.633 0.0000000000
142130  8.753  -7.920  35.280 0.0000000000
142349  65.004  5.442  8.918 0.0000000000
142365  44.036  -15.469  37.563 0.0000000000
142700  20.540  -10.729  54.751 0.0000000000
142754  11.727  -2.123  51.085 0.0000000000
