
Thu Mar 12 16:35:24 CET 2026
cd /out/sourcedata/freesurfer/sub-v1s20x0050281_ses-1
setenv SUBJECTS_DIR /out/sourcedata/freesurfer
/opt/freesurfer/bin/recon-all -autorecon-hemi lh -noparcstats -noparcstats2 -noparcstats3 -nohyporelabel -nobalabels -lh-only -openmp 16 -subjid sub-v1s20x0050281_ses-1 -sd /out/sourcedata/freesurfer

subjid sub-v1s20x0050281_ses-1
setenv SUBJECTS_DIR /out/sourcedata/freesurfer
FREESURFER_HOME /opt/freesurfer
Actual FREESURFER_HOME /opt/freesurfer
build-stamp.txt: freesurfer-linux-ubuntu22_x86_64-7.3.2-20220804-6354275
Linux dna038 5.14.0-427.37.1.el9_4.x86_64 #1 SMP PREEMPT_DYNAMIC Fri Sep 13 12:41:50 EDT 2024 x86_64 x86_64 x86_64 GNU/Linux
cputime      unlimited
filesize     unlimited
datasize     unlimited
stacksize    8192 kbytes
coredumpsize 0 kbytes
memoryuse    67108864 kbytes
vmemoryuse   unlimited
descriptors  1024 
memorylocked unlimited
maxproc      2061970 
maxlocks     unlimited
maxsignal    2061970 
maxmessage   819200 
maxnice      0 
maxrtprio    0 
maxrttime    unlimited

               total        used        free      shared  buff/cache   available
Mem:           503Gi        46Gi       405Gi        18Gi        50Gi       434Gi
Swap:             0B          0B          0B

########################################
program versions used
7.3.2 (freesurfer-linux-ubuntu22_x86_64-7.3.2-20220804-6354275)
7.3.2

ProgramName: lta_convert  ProgramArguments: lta_convert -all-info  ProgramVersion: 7.3.2  TimeStamp: 2026/03/12-15:35:24-GMT  BuildTime: Aug  4 2022 06:17:15  BuildStamp: freesurfer-linux-ubuntu22_x86_64-7.3.2-20220804-6354275  User: oesteban  Machine: dna038  Platform: Linux  PlatformVersion: 5.14.0-427.37.1.el9_4.x86_64  CompilerName: GCC  CompilerVersion: 8.4.0
ProgramName: mri_and  ProgramArguments: mri_and -all-info  ProgramVersion: 7.3.2  TimeStamp: 2026/03/12-15:35:24-GMT  BuildTime: Aug  4 2022 06:17:15  BuildStamp: freesurfer-linux-ubuntu22_x86_64-7.3.2-20220804-6354275  User: oesteban  Machine: dna038  Platform: Linux  PlatformVersion: 5.14.0-427.37.1.el9_4.x86_64  CompilerName: GCC  CompilerVersion: 8.4.0
ProgramName: mri_annotation2label  ProgramArguments: mri_annotation2label -all-info  ProgramVersion: 7.3.2  TimeStamp: 2026/03/12-15:35:24-GMT  BuildTime: Aug  4 2022 06:17:15  BuildStamp: freesurfer-linux-ubuntu22_x86_64-7.3.2-20220804-6354275  User: oesteban  Machine: dna038  Platform: Linux  PlatformVersion: 5.14.0-427.37.1.el9_4.x86_64  CompilerName: GCC  CompilerVersion: 8.4.0
ProgramName: mri_aparc2aseg  ProgramArguments: mri_aparc2aseg -all-info  ProgramVersion: 7.3.2  TimeStamp: 2026/03/12-15:35:24-GMT  BuildTime: Aug  4 2022 06:17:15  BuildStamp: freesurfer-linux-ubuntu22_x86_64-7.3.2-20220804-6354275  User: oesteban  Machine: dna038  Platform: Linux  PlatformVersion: 5.14.0-427.37.1.el9_4.x86_64  CompilerName: GCC  CompilerVersion: 8.4.0
ProgramName: mri_surf2volseg  ProgramArguments: mri_surf2volseg -all-info  ProgramVersion: 7.3.2  TimeStamp: 2026/03/12-15:35:24-GMT  BuildTime: Aug  4 2022 06:17:15  BuildStamp: freesurfer-linux-ubuntu22_x86_64-7.3.2-20220804-6354275  User: oesteban  Machine: dna038  Platform: Linux  PlatformVersion: 5.14.0-427.37.1.el9_4.x86_64  CompilerName: GCC  CompilerVersion: 8.4.0
ProgramName: mri_binarize  ProgramArguments: mri_binarize -all-info  ProgramVersion: 7.3.2  TimeStamp: 2026/03/12-15:35:24-GMT  BuildTime: Aug  4 2022 06:17:15  BuildStamp: freesurfer-linux-ubuntu22_x86_64-7.3.2-20220804-6354275  User: oesteban  Machine: dna038  Platform: Linux  PlatformVersion: 5.14.0-427.37.1.el9_4.x86_64  CompilerName: GCC  CompilerVersion: 8.4.0
ProgramName: mri_ca_label  ProgramArguments: mri_ca_label -all-info  ProgramVersion: 7.3.2  TimeStamp: 2026/03/12-15:35:24-GMT  BuildTime: Aug  4 2022 06:17:15  BuildStamp: freesurfer-linux-ubuntu22_x86_64-7.3.2-20220804-6354275  User: oesteban  Machine: dna038  Platform: Linux  PlatformVersion: 5.14.0-427.37.1.el9_4.x86_64  CompilerName: GCC  CompilerVersion: 8.4.0
ProgramName: mri_ca_normalize  ProgramArguments: mri_ca_normalize -all-info  ProgramVersion: 7.3.2  TimeStamp: 2026/03/12-15:35:24-GMT  BuildTime: Aug  4 2022 06:17:15  BuildStamp: freesurfer-linux-ubuntu22_x86_64-7.3.2-20220804-6354275  User: oesteban  Machine: dna038  Platform: Linux  PlatformVersion: 5.14.0-427.37.1.el9_4.x86_64  CompilerName: GCC  CompilerVersion: 8.4.0
ProgramName: mri_ca_register  ProgramArguments: mri_ca_register -all-info  ProgramVersion: 7.3.2  TimeStamp: 2026/03/12-15:35:24-GMT  BuildTime: Aug  4 2022 06:17:15  BuildStamp: freesurfer-linux-ubuntu22_x86_64-7.3.2-20220804-6354275  User: oesteban  Machine: dna038  Platform: Linux  PlatformVersion: 5.14.0-427.37.1.el9_4.x86_64  CompilerName: GCC  CompilerVersion: 8.4.0
ProgramName: mri_cc  ProgramArguments: mri_cc -all-info  ProgramVersion: 7.3.2  TimeStamp: 2026/03/12-15:35:24-GMT  BuildTime: Aug  4 2022 06:17:15  BuildStamp: freesurfer-linux-ubuntu22_x86_64-7.3.2-20220804-6354275  User: oesteban  Machine: dna038  Platform: Linux  PlatformVersion: 5.14.0-427.37.1.el9_4.x86_64  CompilerName: GCC  CompilerVersion: 8.4.0
ProgramName: mri_compute_overlap  ProgramArguments: mri_compute_overlap -all-info  ProgramVersion: 7.3.2  TimeStamp: 2026/03/12-15:35:24-GMT  BuildTime: Aug  4 2022 06:17:15  BuildStamp: freesurfer-linux-ubuntu22_x86_64-7.3.2-20220804-6354275  User: oesteban  Machine: dna038  Platform: Linux  PlatformVersion: 5.14.0-427.37.1.el9_4.x86_64  CompilerName: GCC  CompilerVersion: 8.4.0
ProgramName: mri_compute_seg_overlap  ProgramArguments: mri_compute_seg_overlap -all-info  ProgramVersion: 7.3.2  TimeStamp: 2026/03/12-15:35:24-GMT  BuildTime: Aug  4 2022 06:17:15  BuildStamp: freesurfer-linux-ubuntu22_x86_64-7.3.2-20220804-6354275  User: oesteban  Machine: dna038  Platform: Linux  PlatformVersion: 5.14.0-427.37.1.el9_4.x86_64  CompilerName: GCC  CompilerVersion: 8.4.0
ProgramName: mri_concat  ProgramArguments: mri_concat -all-info  ProgramVersion: 7.3.2  TimeStamp: 2026/03/12-15:35:24-GMT  BuildTime: Aug  4 2022 06:17:15  BuildStamp: freesurfer-linux-ubuntu22_x86_64-7.3.2-20220804-6354275  User: oesteban  Machine: dna038  Platform: Linux  PlatformVersion: 5.14.0-427.37.1.el9_4.x86_64  CompilerName: GCC  CompilerVersion: 8.4.0
ProgramName: mri_concatenate_lta  ProgramArguments: mri_concatenate_lta -all-info  ProgramVersion: 7.3.2  TimeStamp: 2026/03/12-15:35:24-GMT  BuildTime: Aug  4 2022 06:17:15  BuildStamp: freesurfer-linux-ubuntu22_x86_64-7.3.2-20220804-6354275  User: oesteban  Machine: dna038  Platform: Linux  PlatformVersion: 5.14.0-427.37.1.el9_4.x86_64  CompilerName: GCC  CompilerVersion: 8.4.0
mri_convert -all-info 
ProgramName: mri_convert  ProgramArguments: mri_convert -all-info  ProgramVersion: 7.3.2  TimeStamp: 2026/03/12-15:35:24-GMT  BuildTime: Aug  4 2022 06:17:15  BuildStamp: freesurfer-linux-ubuntu22_x86_64-7.3.2-20220804-6354275  User: oesteban  Machine: dna038  Platform: Linux  PlatformVersion: 5.14.0-427.37.1.el9_4.x86_64  CompilerName: GCC  CompilerVersion: 8.4.0
ProgramName: mri_diff  ProgramArguments: mri_diff -all-info  ProgramVersion: 7.3.2  TimeStamp: 2026/03/12-15:35:24-GMT  BuildTime: Aug  4 2022 06:17:15  BuildStamp: freesurfer-linux-ubuntu22_x86_64-7.3.2-20220804-6354275  User: oesteban  Machine: dna038  Platform: Linux  PlatformVersion: 5.14.0-427.37.1.el9_4.x86_64  CompilerName: GCC  CompilerVersion: 8.4.0
ProgramName: mri_edit_wm_with_aseg  ProgramArguments: mri_edit_wm_with_aseg -all-info  ProgramVersion: 7.3.2  TimeStamp: 2026/03/12-15:35:24-GMT  BuildTime: Aug  4 2022 06:17:15  BuildStamp: freesurfer-linux-ubuntu22_x86_64-7.3.2-20220804-6354275  User: oesteban  Machine: dna038  Platform: Linux  PlatformVersion: 5.14.0-427.37.1.el9_4.x86_64  CompilerName: GCC  CompilerVersion: 8.4.0
ProgramName: mri_em_register  ProgramArguments: mri_em_register -all-info  ProgramVersion: 7.3.2  TimeStamp: 2026/03/12-15:35:24-GMT  BuildTime: Aug  4 2022 06:17:15  BuildStamp: freesurfer-linux-ubuntu22_x86_64-7.3.2-20220804-6354275  User: oesteban  Machine: dna038  Platform: Linux  PlatformVersion: 5.14.0-427.37.1.el9_4.x86_64  CompilerName: GCC  CompilerVersion: 8.4.0
ProgramName: mri_fill  ProgramArguments: mri_fill -all-info  ProgramVersion: 7.3.2  TimeStamp: 2026/03/12-15:35:24-GMT  BuildTime: Aug  4 2022 06:17:15  BuildStamp: freesurfer-linux-ubuntu22_x86_64-7.3.2-20220804-6354275  User: oesteban  Machine: dna038  Platform: Linux  PlatformVersion: 5.14.0-427.37.1.el9_4.x86_64  CompilerName: GCC  CompilerVersion: 8.4.0
ProgramName: mri_fuse_segmentations  ProgramArguments: mri_fuse_segmentations -all-info  ProgramVersion: 7.3.2  TimeStamp: 2026/03/12-15:35:24-GMT  BuildTime: Aug  4 2022 06:17:15  BuildStamp: freesurfer-linux-ubuntu22_x86_64-7.3.2-20220804-6354275  User: oesteban  Machine: dna038  Platform: Linux  PlatformVersion: 5.14.0-427.37.1.el9_4.x86_64  CompilerName: GCC  CompilerVersion: 8.4.0
ProgramName: mri_fwhm  ProgramArguments: mri_fwhm -all-info  ProgramVersion: 7.3.2  TimeStamp: 2026/03/12-15:35:24-GMT  BuildTime: Aug  4 2022 06:17:15  BuildStamp: freesurfer-linux-ubuntu22_x86_64-7.3.2-20220804-6354275  User: oesteban  Machine: dna038  Platform: Linux  PlatformVersion: 5.14.0-427.37.1.el9_4.x86_64  CompilerName: GCC  CompilerVersion: 8.4.0
ProgramName: mri_gcut  ProgramArguments: mri_gcut -all-info  ProgramVersion: 7.3.2  TimeStamp: 2026/03/12-15:35:24-GMT  BuildTime: Aug  4 2022 06:17:15  BuildStamp: freesurfer-linux-ubuntu22_x86_64-7.3.2-20220804-6354275  User: oesteban  Machine: dna038  Platform: Linux  PlatformVersion: 5.14.0-427.37.1.el9_4.x86_64  CompilerName: GCC  CompilerVersion: 8.4.0
ProgramName: mri_info  ProgramArguments: mri_info -all-info  ProgramVersion: 7.3.2  TimeStamp: 2026/03/12-15:35:24-GMT  BuildTime: Aug  4 2022 06:17:15  BuildStamp: freesurfer-linux-ubuntu22_x86_64-7.3.2-20220804-6354275  User: oesteban  Machine: dna038  Platform: Linux  PlatformVersion: 5.14.0-427.37.1.el9_4.x86_64  CompilerName: GCC  CompilerVersion: 8.4.0
ProgramName: mri_label2label  ProgramArguments: mri_label2label -all-info  ProgramVersion: 7.3.2  TimeStamp: 2026/03/12-15:35:24-GMT  BuildTime: Aug  4 2022 06:17:15  BuildStamp: freesurfer-linux-ubuntu22_x86_64-7.3.2-20220804-6354275  User: oesteban  Machine: dna038  Platform: Linux  PlatformVersion: 5.14.0-427.37.1.el9_4.x86_64  CompilerName: GCC  CompilerVersion: 8.4.0
ProgramName: mri_label2vol  ProgramArguments: mri_label2vol -all-info  ProgramVersion: 7.3.2  TimeStamp: 2026/03/12-15:35:24-GMT  BuildTime: Aug  4 2022 06:17:15  BuildStamp: freesurfer-linux-ubuntu22_x86_64-7.3.2-20220804-6354275  User: oesteban  Machine: dna038  Platform: Linux  PlatformVersion: 5.14.0-427.37.1.el9_4.x86_64  CompilerName: GCC  CompilerVersion: 8.4.0
ProgramName: mri_log_likelihood  ProgramArguments: mri_log_likelihood -all-info  ProgramVersion: 7.3.2  TimeStamp: 2026/03/12-15:35:24-GMT  BuildTime: Aug  4 2022 06:17:15  BuildStamp: freesurfer-linux-ubuntu22_x86_64-7.3.2-20220804-6354275  User: oesteban  Machine: dna038  Platform: Linux  PlatformVersion: 5.14.0-427.37.1.el9_4.x86_64  CompilerName: GCC  CompilerVersion: 8.4.0
ProgramName: mri_mask  ProgramArguments: mri_mask -all-info  ProgramVersion: 7.3.2  TimeStamp: 2026/03/12-15:35:24-GMT  BuildTime: Aug  4 2022 06:17:15  BuildStamp: freesurfer-linux-ubuntu22_x86_64-7.3.2-20220804-6354275  User: oesteban  Machine: dna038  Platform: Linux  PlatformVersion: 5.14.0-427.37.1.el9_4.x86_64  CompilerName: GCC  CompilerVersion: 8.4.0
ProgramName: mri_matrix_multiply  ProgramArguments: mri_matrix_multiply -all-info  ProgramVersion: 7.3.2  TimeStamp: 2026/03/12-15:35:24-GMT  BuildTime: Aug  4 2022 06:17:15  BuildStamp: freesurfer-linux-ubuntu22_x86_64-7.3.2-20220804-6354275  User: oesteban  Machine: dna038  Platform: Linux  PlatformVersion: 5.14.0-427.37.1.el9_4.x86_64  CompilerName: GCC  CompilerVersion: 8.4.0
ProgramName: mri_normalize  ProgramArguments: mri_normalize -all-info  ProgramVersion: 7.3.2  TimeStamp: 2026/03/12-15:35:24-GMT  BuildTime: Aug  4 2022 06:17:15  BuildStamp: freesurfer-linux-ubuntu22_x86_64-7.3.2-20220804-6354275  User: oesteban  Machine: dna038  Platform: Linux  PlatformVersion: 5.14.0-427.37.1.el9_4.x86_64  CompilerName: GCC  CompilerVersion: 8.4.0
ProgramName: mri_normalize_tp2  ProgramArguments: mri_normalize_tp2 -all-info  ProgramVersion: 7.3.2  TimeStamp: 2026/03/12-15:35:24-GMT  BuildTime: Aug  4 2022 06:17:15  BuildStamp: freesurfer-linux-ubuntu22_x86_64-7.3.2-20220804-6354275  User: oesteban  Machine: dna038  Platform: Linux  PlatformVersion: 5.14.0-427.37.1.el9_4.x86_64  CompilerName: GCC  CompilerVersion: 8.4.0
ProgramName: mri_or  ProgramArguments: mri_or -all-info  ProgramVersion: 7.3.2  TimeStamp: 2026/03/12-15:35:24-GMT  BuildTime: Aug  4 2022 06:17:15  BuildStamp: freesurfer-linux-ubuntu22_x86_64-7.3.2-20220804-6354275  User: oesteban  Machine: dna038  Platform: Linux  PlatformVersion: 5.14.0-427.37.1.el9_4.x86_64  CompilerName: GCC  CompilerVersion: 8.4.0
ProgramName: mri_relabel_hypointensities  ProgramArguments: mri_relabel_hypointensities -all-info  ProgramVersion: 7.3.2  TimeStamp: 2026/03/12-15:35:24-GMT  BuildTime: Aug  4 2022 06:17:15  BuildStamp: freesurfer-linux-ubuntu22_x86_64-7.3.2-20220804-6354275  User: oesteban  Machine: dna038  Platform: Linux  PlatformVersion: 5.14.0-427.37.1.el9_4.x86_64  CompilerName: GCC  CompilerVersion: 8.4.0
ProgramName: mri_relabel_nonwm_hypos  ProgramArguments: mri_relabel_nonwm_hypos -all-info  ProgramVersion: 7.3.2  TimeStamp: 2026/03/12-15:35:24-GMT  BuildTime: Aug  4 2022 06:17:15  BuildStamp: freesurfer-linux-ubuntu22_x86_64-7.3.2-20220804-6354275  User: oesteban  Machine: dna038  Platform: Linux  PlatformVersion: 5.14.0-427.37.1.el9_4.x86_64  CompilerName: GCC  CompilerVersion: 8.4.0
ProgramName: mri_remove_neck  ProgramArguments: mri_remove_neck -all-info  ProgramVersion: 7.3.2  TimeStamp: 2026/03/12-15:35:24-GMT  BuildTime: Aug  4 2022 06:17:15  BuildStamp: freesurfer-linux-ubuntu22_x86_64-7.3.2-20220804-6354275  User: oesteban  Machine: dna038  Platform: Linux  PlatformVersion: 5.14.0-427.37.1.el9_4.x86_64  CompilerName: GCC  CompilerVersion: 8.4.0
7.3.2

ProgramName: mri_robust_register  ProgramArguments: mri_robust_register -all-info  ProgramVersion: 7.3.2  TimeStamp: 2026/03/12-15:35:24-GMT  BuildTime: Aug  4 2022 06:17:15  BuildStamp: freesurfer-linux-ubuntu22_x86_64-7.3.2-20220804-6354275  User: oesteban  Machine: dna038  Platform: Linux  PlatformVersion: 5.14.0-427.37.1.el9_4.x86_64  CompilerName: GCC  CompilerVersion: 8.4.0
7.3.2

ProgramName: mri_robust_template  ProgramArguments: mri_robust_template -all-info  ProgramVersion: 7.3.2  TimeStamp: 2026/03/12-15:35:24-GMT  BuildTime: Aug  4 2022 06:17:15  BuildStamp: freesurfer-linux-ubuntu22_x86_64-7.3.2-20220804-6354275  User: oesteban  Machine: dna038  Platform: Linux  PlatformVersion: 5.14.0-427.37.1.el9_4.x86_64  CompilerName: GCC  CompilerVersion: 8.4.0
ProgramName: mris_anatomical_stats  ProgramArguments: mris_anatomical_stats -all-info  ProgramVersion: 7.3.2  TimeStamp: 2026/03/12-15:35:24-GMT  BuildTime: Aug  4 2022 06:17:15  BuildStamp: freesurfer-linux-ubuntu22_x86_64-7.3.2-20220804-6354275  User: oesteban  Machine: dna038  Platform: Linux  PlatformVersion: 5.14.0-427.37.1.el9_4.x86_64  CompilerName: GCC  CompilerVersion: 8.4.0
ProgramName: mris_ca_label  ProgramArguments: mris_ca_label -all-info  ProgramVersion: 7.3.2  TimeStamp: 2026/03/12-15:35:24-GMT  BuildTime: Aug  4 2022 06:17:15  BuildStamp: freesurfer-linux-ubuntu22_x86_64-7.3.2-20220804-6354275  User: oesteban  Machine: dna038  Platform: Linux  PlatformVersion: 5.14.0-427.37.1.el9_4.x86_64  CompilerName: GCC  CompilerVersion: 8.4.0
ProgramName: mris_calc  ProgramArguments: mris_calc -all-info  ProgramVersion: 7.3.2  TimeStamp: 2026/03/12-15:35:24-GMT  BuildTime: Aug  4 2022 06:17:15  BuildStamp: freesurfer-linux-ubuntu22_x86_64-7.3.2-20220804-6354275  User: oesteban  Machine: dna038  Platform: Linux  PlatformVersion: 5.14.0-427.37.1.el9_4.x86_64  CompilerName: GCC  CompilerVersion: 8.4.0
ProgramName: mris_convert  ProgramArguments: mris_convert -all-info  ProgramVersion: 7.3.2  TimeStamp: 2026/03/12-15:35:24-GMT  BuildTime: Aug  4 2022 06:17:15  BuildStamp: freesurfer-linux-ubuntu22_x86_64-7.3.2-20220804-6354275  User: oesteban  Machine: dna038  Platform: Linux  PlatformVersion: 5.14.0-427.37.1.el9_4.x86_64  CompilerName: GCC  CompilerVersion: 8.4.0
ProgramName: mris_curvature  ProgramArguments: mris_curvature -all-info  ProgramVersion: 7.3.2  TimeStamp: 2026/03/12-15:35:24-GMT  BuildTime: Aug  4 2022 06:17:15  BuildStamp: freesurfer-linux-ubuntu22_x86_64-7.3.2-20220804-6354275  User: oesteban  Machine: dna038  Platform: Linux  PlatformVersion: 5.14.0-427.37.1.el9_4.x86_64  CompilerName: GCC  CompilerVersion: 8.4.0
ProgramName: mris_curvature_stats  ProgramArguments: mris_curvature_stats -all-info  ProgramVersion: 7.3.2  TimeStamp: 2026/03/12-15:35:24-GMT  BuildTime: Aug  4 2022 06:17:15  BuildStamp: freesurfer-linux-ubuntu22_x86_64-7.3.2-20220804-6354275  User: oesteban  Machine: dna038  Platform: Linux  PlatformVersion: 5.14.0-427.37.1.el9_4.x86_64  CompilerName: GCC  CompilerVersion: 8.4.0
ProgramName: mris_diff  ProgramArguments: mris_diff -all-info  ProgramVersion: 7.3.2  TimeStamp: 2026/03/12-15:35:24-GMT  BuildTime: Aug  4 2022 06:17:15  BuildStamp: freesurfer-linux-ubuntu22_x86_64-7.3.2-20220804-6354275  User: oesteban  Machine: dna038  Platform: Linux  PlatformVersion: 5.14.0-427.37.1.el9_4.x86_64  CompilerName: GCC  CompilerVersion: 8.4.0
ProgramName: mris_divide_parcellation  ProgramArguments: mris_divide_parcellation -all-info  ProgramVersion: 7.3.2  TimeStamp: 2026/03/12-15:35:24-GMT  BuildTime: Aug  4 2022 06:17:15  BuildStamp: freesurfer-linux-ubuntu22_x86_64-7.3.2-20220804-6354275  User: oesteban  Machine: dna038  Platform: Linux  PlatformVersion: 5.14.0-427.37.1.el9_4.x86_64  CompilerName: GCC  CompilerVersion: 8.4.0
ProgramName: mri_segment  ProgramArguments: mri_segment -all-info  ProgramVersion: 7.3.2  TimeStamp: 2026/03/12-15:35:24-GMT  BuildTime: Aug  4 2022 06:17:15  BuildStamp: freesurfer-linux-ubuntu22_x86_64-7.3.2-20220804-6354275  User: oesteban  Machine: dna038  Platform: Linux  PlatformVersion: 5.14.0-427.37.1.el9_4.x86_64  CompilerName: GCC  CompilerVersion: 8.4.0
ProgramName: mri_segstats  ProgramArguments: mri_segstats -all-info  ProgramVersion: 7.3.2  TimeStamp: 2026/03/12-15:35:24-GMT  BuildTime: Aug  4 2022 06:17:15  BuildStamp: freesurfer-linux-ubuntu22_x86_64-7.3.2-20220804-6354275  User: oesteban  Machine: dna038  Platform: Linux  PlatformVersion: 5.14.0-427.37.1.el9_4.x86_64  CompilerName: GCC  CompilerVersion: 8.4.0
ProgramName: mris_euler_number  ProgramArguments: mris_euler_number -all-info  ProgramVersion: 7.3.2  TimeStamp: 2026/03/12-15:35:24-GMT  BuildTime: Aug  4 2022 06:17:15  BuildStamp: freesurfer-linux-ubuntu22_x86_64-7.3.2-20220804-6354275  User: oesteban  Machine: dna038  Platform: Linux  PlatformVersion: 5.14.0-427.37.1.el9_4.x86_64  CompilerName: GCC  CompilerVersion: 8.4.0
ProgramName: mris_fix_topology  ProgramArguments: mris_fix_topology -all-info  ProgramVersion: 7.3.2  TimeStamp: 2026/03/12-15:35:24-GMT  BuildTime: Aug  4 2022 06:17:15  BuildStamp: freesurfer-linux-ubuntu22_x86_64-7.3.2-20220804-6354275  User: oesteban  Machine: dna038  Platform: Linux  PlatformVersion: 5.14.0-427.37.1.el9_4.x86_64  CompilerName: GCC  CompilerVersion: 8.4.0
ProgramName: mris_topo_fixer  ProgramArguments: mris_topo_fixer -all-info  ProgramVersion: 7.3.2  TimeStamp: 2026/03/12-15:35:24-GMT  BuildTime: Aug  4 2022 06:17:15  BuildStamp: freesurfer-linux-ubuntu22_x86_64-7.3.2-20220804-6354275  User: oesteban  Machine: dna038  Platform: Linux  PlatformVersion: 5.14.0-427.37.1.el9_4.x86_64  CompilerName: GCC  CompilerVersion: 8.4.0
ProgramName: mris_jacobian  ProgramArguments: mris_jacobian -all-info  ProgramVersion: 7.3.2  TimeStamp: 2026/03/12-15:35:24-GMT  BuildTime: Aug  4 2022 06:17:15  BuildStamp: freesurfer-linux-ubuntu22_x86_64-7.3.2-20220804-6354275  User: oesteban  Machine: dna038  Platform: Linux  PlatformVersion: 5.14.0-427.37.1.el9_4.x86_64  CompilerName: GCC  CompilerVersion: 8.4.0
ProgramName: mris_label2annot  ProgramArguments: mris_label2annot -all-info  ProgramVersion: 7.3.2  TimeStamp: 2026/03/12-15:35:24-GMT  BuildTime: Aug  4 2022 06:17:15  BuildStamp: freesurfer-linux-ubuntu22_x86_64-7.3.2-20220804-6354275  User: oesteban  Machine: dna038  Platform: Linux  PlatformVersion: 5.14.0-427.37.1.el9_4.x86_64  CompilerName: GCC  CompilerVersion: 8.4.0
ProgramName: mris_left_right_register  ProgramArguments: mris_left_right_register -all-info  ProgramVersion: 7.3.2  TimeStamp: 2026/03/12-15:35:24-GMT  BuildTime: Aug  4 2022 06:17:15  BuildStamp: freesurfer-linux-ubuntu22_x86_64-7.3.2-20220804-6354275  User: oesteban  Machine: dna038  Platform: Linux  PlatformVersion: 5.14.0-427.37.1.el9_4.x86_64  CompilerName: GCC  CompilerVersion: 8.4.0
ProgramName: mris_place_surface  ProgramArguments: mris_place_surface -all-info  ProgramVersion: 7.3.2  TimeStamp: 2026/03/12-15:35:24-GMT  BuildTime: Aug  4 2022 06:17:15  BuildStamp: freesurfer-linux-ubuntu22_x86_64-7.3.2-20220804-6354275  User: oesteban  Machine: dna038  Platform: Linux  PlatformVersion: 5.14.0-427.37.1.el9_4.x86_64  CompilerName: GCC  CompilerVersion: 8.4.0
ProgramName: mrisp_paint  ProgramArguments: mrisp_paint -all-info  ProgramVersion: 7.3.2  TimeStamp: 2026/03/12-15:35:24-GMT  BuildTime: Aug  4 2022 06:17:15  BuildStamp: freesurfer-linux-ubuntu22_x86_64-7.3.2-20220804-6354275  User: oesteban  Machine: dna038  Platform: Linux  PlatformVersion: 5.14.0-427.37.1.el9_4.x86_64  CompilerName: GCC  CompilerVersion: 8.4.0
ProgramName: mris_register  ProgramArguments: mris_register -all-info  ProgramVersion: 7.3.2  TimeStamp: 2026/03/12-15:35:24-GMT  BuildTime: Aug  4 2022 06:17:15  BuildStamp: freesurfer-linux-ubuntu22_x86_64-7.3.2-20220804-6354275  User: oesteban  Machine: dna038  Platform: Linux  PlatformVersion: 5.14.0-427.37.1.el9_4.x86_64  CompilerName: GCC  CompilerVersion: 8.4.0
ProgramName: mris_smooth  ProgramArguments: mris_smooth -all-info  ProgramVersion: 7.3.2  TimeStamp: 2026/03/12-15:35:24-GMT  BuildTime: Aug  4 2022 06:17:15  BuildStamp: freesurfer-linux-ubuntu22_x86_64-7.3.2-20220804-6354275  User: oesteban  Machine: dna038  Platform: Linux  PlatformVersion: 5.14.0-427.37.1.el9_4.x86_64  CompilerName: GCC  CompilerVersion: 8.4.0
ProgramName: mris_sphere  ProgramArguments: mris_sphere -all-info  ProgramVersion: 7.3.2  TimeStamp: 2026/03/12-15:35:24-GMT  BuildTime: Aug  4 2022 06:17:15  BuildStamp: freesurfer-linux-ubuntu22_x86_64-7.3.2-20220804-6354275  User: oesteban  Machine: dna038  Platform: Linux  PlatformVersion: 5.14.0-427.37.1.el9_4.x86_64  CompilerName: GCC  CompilerVersion: 8.4.0
ProgramName: mris_surface_stats  ProgramArguments: mris_surface_stats -all-info  ProgramVersion: 7.3.2  TimeStamp: 2026/03/12-15:35:24-GMT  BuildTime: Aug  4 2022 06:17:15  BuildStamp: freesurfer-linux-ubuntu22_x86_64-7.3.2-20220804-6354275  User: oesteban  Machine: dna038  Platform: Linux  PlatformVersion: 5.14.0-427.37.1.el9_4.x86_64  CompilerName: GCC  CompilerVersion: 8.4.0
ProgramName: mri_stats2seg  ProgramArguments: mri_stats2seg -all-info  ProgramVersion: 7.3.2  TimeStamp: 2026/03/12-15:35:24-GMT  BuildTime: Aug  4 2022 06:17:15  BuildStamp: freesurfer-linux-ubuntu22_x86_64-7.3.2-20220804-6354275  User: oesteban  Machine: dna038  Platform: Linux  PlatformVersion: 5.14.0-427.37.1.el9_4.x86_64  CompilerName: GCC  CompilerVersion: 8.4.0
ProgramName: mris_thickness  ProgramArguments: mris_thickness -all-info  ProgramVersion: 7.3.2  TimeStamp: 2026/03/12-15:35:24-GMT  BuildTime: Aug  4 2022 06:17:15  BuildStamp: freesurfer-linux-ubuntu22_x86_64-7.3.2-20220804-6354275  User: oesteban  Machine: dna038  Platform: Linux  PlatformVersion: 5.14.0-427.37.1.el9_4.x86_64  CompilerName: GCC  CompilerVersion: 8.4.0
ProgramName: mris_thickness_diff  ProgramArguments: mris_thickness_diff -all-info  ProgramVersion: 7.3.2  TimeStamp: 2026/03/12-15:35:24-GMT  BuildTime: Aug  4 2022 06:17:15  BuildStamp: freesurfer-linux-ubuntu22_x86_64-7.3.2-20220804-6354275  User: oesteban  Machine: dna038  Platform: Linux  PlatformVersion: 5.14.0-427.37.1.el9_4.x86_64  CompilerName: GCC  CompilerVersion: 8.4.0
ProgramName: mris_topo_fixer  ProgramArguments: mris_topo_fixer -all-info  ProgramVersion: 7.3.2  TimeStamp: 2026/03/12-15:35:24-GMT  BuildTime: Aug  4 2022 06:17:15  BuildStamp: freesurfer-linux-ubuntu22_x86_64-7.3.2-20220804-6354275  User: oesteban  Machine: dna038  Platform: Linux  PlatformVersion: 5.14.0-427.37.1.el9_4.x86_64  CompilerName: GCC  CompilerVersion: 8.4.0
ProgramName: mri_surf2surf  ProgramArguments: mri_surf2surf -all-info  ProgramVersion: 7.3.2  TimeStamp: 2026/03/12-15:35:24-GMT  BuildTime: Aug  4 2022 06:17:15  BuildStamp: freesurfer-linux-ubuntu22_x86_64-7.3.2-20220804-6354275  User: oesteban  Machine: dna038  Platform: Linux  PlatformVersion: 5.14.0-427.37.1.el9_4.x86_64  CompilerName: GCC  CompilerVersion: 8.4.0
ProgramName: mri_surf2vol  ProgramArguments: mri_surf2vol -all-info  ProgramVersion: 7.3.2  TimeStamp: 2026/03/12-15:35:24-GMT  BuildTime: Aug  4 2022 06:17:15  BuildStamp: freesurfer-linux-ubuntu22_x86_64-7.3.2-20220804-6354275  User: oesteban  Machine: dna038  Platform: Linux  PlatformVersion: 5.14.0-427.37.1.el9_4.x86_64  CompilerName: GCC  CompilerVersion: 8.4.0
ProgramName: mri_surfcluster  ProgramArguments: mri_surfcluster -all-info  ProgramVersion: 7.3.2  TimeStamp: 2026/03/12-15:35:24-GMT  BuildTime: Aug  4 2022 06:17:15  BuildStamp: freesurfer-linux-ubuntu22_x86_64-7.3.2-20220804-6354275  User: oesteban  Machine: dna038  Platform: Linux  PlatformVersion: 5.14.0-427.37.1.el9_4.x86_64  CompilerName: GCC  CompilerVersion: 8.4.0
ProgramName: mris_volmask  ProgramArguments: mris_volmask -all-info  ProgramVersion: 7.3.2  TimeStamp: 2026/03/12-15:35:24-GMT  BuildTime: Aug  4 2022 06:17:15  BuildStamp: freesurfer-linux-ubuntu22_x86_64-7.3.2-20220804-6354275  User: oesteban  Machine: dna038  Platform: Linux  PlatformVersion: 5.14.0-427.37.1.el9_4.x86_64  CompilerName: GCC  CompilerVersion: 8.4.0
ProgramName: mri_tessellate  ProgramArguments: mri_tessellate -all-info  ProgramVersion: 7.3.2  TimeStamp: 2026/03/12-15:35:24-GMT  BuildTime: Aug  4 2022 06:17:15  BuildStamp: freesurfer-linux-ubuntu22_x86_64-7.3.2-20220804-6354275  User: oesteban  Machine: dna038  Platform: Linux  PlatformVersion: 5.14.0-427.37.1.el9_4.x86_64  CompilerName: GCC  CompilerVersion: 8.4.0
ProgramName: mri_vol2surf  ProgramArguments: mri_vol2surf -all-info  ProgramVersion: 7.3.2  TimeStamp: 2026/03/12-15:35:24-GMT  BuildTime: Aug  4 2022 06:17:15  BuildStamp: freesurfer-linux-ubuntu22_x86_64-7.3.2-20220804-6354275  User: oesteban  Machine: dna038  Platform: Linux  PlatformVersion: 5.14.0-427.37.1.el9_4.x86_64  CompilerName: GCC  CompilerVersion: 8.4.0
ProgramName: mri_vol2vol  ProgramArguments: mri_vol2vol -all-info  ProgramVersion: 7.3.2  TimeStamp: 2026/03/12-15:35:24-GMT  BuildTime: Aug  4 2022 06:17:15  BuildStamp: freesurfer-linux-ubuntu22_x86_64-7.3.2-20220804-6354275  User: oesteban  Machine: dna038  Platform: Linux  PlatformVersion: 5.14.0-427.37.1.el9_4.x86_64  CompilerName: GCC  CompilerVersion: 8.4.0
ProgramName: mri_voldiff  ProgramArguments: mri_voldiff -all-info  ProgramVersion: 7.3.2  TimeStamp: 2026/03/12-15:35:24-GMT  BuildTime: Aug  4 2022 06:17:15  BuildStamp: freesurfer-linux-ubuntu22_x86_64-7.3.2-20220804-6354275  User: oesteban  Machine: dna038  Platform: Linux  PlatformVersion: 5.14.0-427.37.1.el9_4.x86_64  CompilerName: GCC  CompilerVersion: 8.4.0
ProgramName: mri_watershed  ProgramArguments: mri_watershed -all-info  ProgramVersion: 7.3.2  TimeStamp: 2026/03/12-15:35:24-GMT  BuildTime: Aug  4 2022 06:17:15  BuildStamp: freesurfer-linux-ubuntu22_x86_64-7.3.2-20220804-6354275  User: oesteban  Machine: dna038  Platform: Linux  PlatformVersion: 5.14.0-427.37.1.el9_4.x86_64  CompilerName: GCC  CompilerVersion: 8.4.0
ProgramName: tkregister2  ProgramArguments: tkregister2_cmdl -all-info  ProgramVersion: 7.3.2  TimeStamp: 2026/03/12-15:35:24-GMT  BuildTime: Aug  4 2022 06:17:15  BuildStamp: freesurfer-linux-ubuntu22_x86_64-7.3.2-20220804-6354275  User: oesteban  Machine: dna038  Platform: Linux  PlatformVersion: 5.14.0-427.37.1.el9_4.x86_64  CompilerName: GCC  CompilerVersion: 8.4.0
mri_motion_correct.fsl 7.3.2
mri_convert -all-info 
ProgramName: mri_convert  ProgramArguments: mri_convert -all-info  ProgramVersion: 7.3.2  TimeStamp: 2026/03/12-15:35:24-GMT  BuildTime: Aug  4 2022 06:17:15  BuildStamp: freesurfer-linux-ubuntu22_x86_64-7.3.2-20220804-6354275  User: oesteban  Machine: dna038  Platform: Linux  PlatformVersion: 5.14.0-427.37.1.el9_4.x86_64  CompilerName: GCC  CompilerVersion: 8.4.0
Program nu_correct, built from:
Package MNI N3, version 1.12.0, compiled by nicks@terrier (x86_64-unknown-linux-gnu) on 2015-06-19 at 01:25:34
#######################################
GCADIR /opt/freesurfer/average
GCA RB_all_2020-01-02.gca
GCASkull RB_all_withskull_2020_01_02.gca
AvgCurvTif folding.atlas.acfb40.noaparc.i12.2016-08-02.tif
GCSDIR /opt/freesurfer/average
GCS DKaparc.atlas.acfb40.noaparc.i12.2016-08-02.gcs
#######################################
#--------------------------------------------
#@# Tessellate lh Thu Mar 12 16:35:24 CET 2026
/out/sourcedata/freesurfer/sub-v1s20x0050281_ses-1/scripts

 mri_pretess ../mri/filled.mgz 255 ../mri/norm.mgz ../mri/filled-pretess255.mgz 


Iteration Number : 1
pass   1 (xy+):   1 found -   1 modified     |    TOTAL:   1
pass   2 (xy+):   0 found -   1 modified     |    TOTAL:   1
pass   1 (xy-):   1 found -   1 modified     |    TOTAL:   2
pass   2 (xy-):   0 found -   1 modified     |    TOTAL:   2
pass   1 (yz+):   3 found -   3 modified     |    TOTAL:   5
pass   2 (yz+):   0 found -   3 modified     |    TOTAL:   5
pass   1 (yz-):   3 found -   3 modified     |    TOTAL:   8
pass   2 (yz-):   0 found -   3 modified     |    TOTAL:   8
pass   1 (xz+):   1 found -   1 modified     |    TOTAL:   9
pass   2 (xz+):   0 found -   1 modified     |    TOTAL:   9
pass   1 (xz-):   1 found -   1 modified     |    TOTAL:  10
pass   2 (xz-):   0 found -   1 modified     |    TOTAL:  10
Iteration Number : 1
pass   1 (+++):   0 found -   0 modified     |    TOTAL:   0
pass   1 (+++):   0 found -   0 modified     |    TOTAL:   0
pass   1 (+++):   0 found -   0 modified     |    TOTAL:   0
pass   1 (+++):   0 found -   0 modified     |    TOTAL:   0
Iteration Number : 1
pass   1 (++):   0 found -   0 modified     |    TOTAL:   0
pass   1 (+-):   0 found -   0 modified     |    TOTAL:   0
pass   1 (--):   0 found -   0 modified     |    TOTAL:   0
pass   1 (-+):   1 found -   1 modified     |    TOTAL:   1
pass   2 (-+):   0 found -   1 modified     |    TOTAL:   1
Iteration Number : 2
pass   1 (xy+):   0 found -   0 modified     |    TOTAL:   0
pass   1 (xy-):   0 found -   0 modified     |    TOTAL:   0
pass   1 (yz+):   0 found -   0 modified     |    TOTAL:   0
pass   1 (yz-):   0 found -   0 modified     |    TOTAL:   0
pass   1 (xz+):   0 found -   0 modified     |    TOTAL:   0
pass   1 (xz-):   0 found -   0 modified     |    TOTAL:   0
Iteration Number : 2
pass   1 (+++):   0 found -   0 modified     |    TOTAL:   0
pass   1 (+++):   0 found -   0 modified     |    TOTAL:   0
pass   1 (+++):   0 found -   0 modified     |    TOTAL:   0
pass   1 (+++):   0 found -   0 modified     |    TOTAL:   0
Iteration Number : 2
pass   1 (++):   0 found -   0 modified     |    TOTAL:   0
pass   1 (+-):   0 found -   0 modified     |    TOTAL:   0
pass   1 (--):   0 found -   0 modified     |    TOTAL:   0
pass   1 (-+):   0 found -   0 modified     |    TOTAL:   0

Total Number of Modified Voxels = 11 (out of 254270: 0.004326)
Ambiguous edge configurations... 

mri_pretess done


 mri_tessellate ../mri/filled-pretess255.mgz 255 ../surf/lh.orig.nofix 

7.3.2
  7.3.2
slice 30: 158 vertices, 171 faces
slice 40: 2946 vertices, 3098 faces
slice 50: 8676 vertices, 8887 faces
slice 60: 15504 vertices, 15756 faces
slice 70: 23748 vertices, 24034 faces
slice 80: 33450 vertices, 33771 faces
slice 90: 43181 vertices, 43555 faces
slice 100: 55024 vertices, 55418 faces
slice 110: 67772 vertices, 68216 faces
slice 120: 79936 vertices, 80386 faces
slice 130: 90835 vertices, 91212 faces
slice 140: 100800 vertices, 101146 faces
slice 150: 108386 vertices, 108726 faces
slice 160: 116542 vertices, 116856 faces
slice 170: 123060 vertices, 123351 faces
slice 180: 128677 vertices, 128912 faces
slice 190: 131841 vertices, 132005 faces
slice 200: 132410 vertices, 132502 faces
slice 210: 132410 vertices, 132502 faces
slice 220: 132410 vertices, 132502 faces
slice 230: 132410 vertices, 132502 faces
slice 240: 132410 vertices, 132502 faces
slice 250: 132410 vertices, 132502 faces
using the conformed surface RAS to save vertex points...
writing ../surf/lh.orig.nofix
using vox2ras matrix:
-1.00000   0.00000   0.00000   128.00000;
 0.00000   0.00000   1.00000  -128.00000;
 0.00000  -1.00000   0.00000   128.00000;
 0.00000   0.00000   0.00000   1.00000;

 rm -f ../mri/filled-pretess255.mgz 


 mris_extract_main_component ../surf/lh.orig.nofix ../surf/lh.orig.nofix 


counting number of connected components...
   132410 voxel in cpt #1: X=-92 [v=132410,e=397506,f=265004] located at (-29.929846, -19.356144, 3.675614)
For the whole surface: X=-92 [v=132410,e=397506,f=265004]
One single component has been found
nothing to do
done

#--------------------------------------------
#@# Smooth1 lh Thu Mar 12 16:35:28 CET 2026
/out/sourcedata/freesurfer/sub-v1s20x0050281_ses-1/scripts

 mris_smooth -nw -seed 1234 ../surf/lh.orig.nofix ../surf/lh.smoothwm.nofix 

setting seed for random number generator to 1234
smoothing surface tessellation for 10 iterations...
smoothing complete - recomputing first and second fundamental forms...
#--------------------------------------------
#@# Inflation1 lh Thu Mar 12 16:35:30 CET 2026
/out/sourcedata/freesurfer/sub-v1s20x0050281_ses-1/scripts

 mris_inflate -no-save-sulc ../surf/lh.smoothwm.nofix ../surf/lh.inflated.nofix 

Not saving sulc
Reading ../surf/lh.smoothwm.nofix
avg radius = 46.6 mm, total surface area = 71135 mm^2
step 000: RMS=0.160 (target=0.015)   step 005: RMS=0.125 (target=0.015)   step 010: RMS=0.100 (target=0.015)   step 015: RMS=0.088 (target=0.015)   step 020: RMS=0.080 (target=0.015)   step 025: RMS=0.075 (target=0.015)   step 030: RMS=0.071 (target=0.015)   step 035: RMS=0.068 (target=0.015)   step 040: RMS=0.064 (target=0.015)   step 045: RMS=0.063 (target=0.015)   step 050: RMS=0.062 (target=0.015)   step 055: RMS=0.062 (target=0.015)   step 060: RMS=0.063 (target=0.015)   writing inflated surface to ../surf/lh.inflated.nofix
inflation took 0.2 minutes

inflation complete.
Not saving sulc
mris_inflate utimesec    54.487177
mris_inflate stimesec    1.833466
mris_inflate ru_maxrss   209432
mris_inflate ru_ixrss    0
mris_inflate ru_idrss    0
mris_inflate ru_isrss    0
mris_inflate ru_minflt   569054
mris_inflate ru_majflt   44
mris_inflate ru_nswap    0
mris_inflate ru_inblock  1672
mris_inflate ru_oublock  9320
mris_inflate ru_msgsnd   0
mris_inflate ru_msgrcv   0
mris_inflate ru_nsignals 0
mris_inflate ru_nvcsw    10798
mris_inflate ru_nivcsw   351
#--------------------------------------------
#@# QSphere lh Thu Mar 12 16:35:42 CET 2026
/out/sourcedata/freesurfer/sub-v1s20x0050281_ses-1/scripts

 mris_sphere -q -p 6 -a 128 -seed 1234 ../surf/lh.inflated.nofix ../surf/lh.qsphere.nofix 

doing quick spherical unfolding.
limitting unfolding to 6 passes
using n_averages = 128
setting seed for random number genererator to 1234
version: 7.3.2
available threads: 16
scaling brain by 0.308...
inflating...
projecting onto sphere...
surface projected - minimizing metric distortion...
vertex spacing 1.00 +- 0.60 (0.00-->8.93) (max @ vno 43913 --> 45146)
face area 0.03 +- 0.03 (-0.26-->0.80)
Entering MRISinflateToSphere()
inflating to sphere (rms error < 2.00)
000: dt: 0.0000, rms radial error=177.393, avgs=0
005/300: dt: 0.9000, rms radial error=177.134, avgs=0
010/300: dt: 0.9000, rms radial error=176.577, avgs=0
015/300: dt: 0.9000, rms radial error=175.846, avgs=0
020/300: dt: 0.9000, rms radial error=175.014, avgs=0
025/300: dt: 0.9000, rms radial error=174.123, avgs=0
030/300: dt: 0.9000, rms radial error=173.201, avgs=0
035/300: dt: 0.9000, rms radial error=172.262, avgs=0
040/300: dt: 0.9000, rms radial error=171.314, avgs=0
045/300: dt: 0.9000, rms radial error=170.365, avgs=0
050/300: dt: 0.9000, rms radial error=169.416, avgs=0
055/300: dt: 0.9000, rms radial error=168.470, avgs=0
060/300: dt: 0.9000, rms radial error=167.527, avgs=0
065/300: dt: 0.9000, rms radial error=166.588, avgs=0
070/300: dt: 0.9000, rms radial error=165.654, avgs=0
075/300: dt: 0.9000, rms radial error=164.724, avgs=0
080/300: dt: 0.9000, rms radial error=163.799, avgs=0
085/300: dt: 0.9000, rms radial error=162.879, avgs=0
090/300: dt: 0.9000, rms radial error=161.964, avgs=0
095/300: dt: 0.9000, rms radial error=161.054, avgs=0
100/300: dt: 0.9000, rms radial error=160.149, avgs=0
105/300: dt: 0.9000, rms radial error=159.249, avgs=0
110/300: dt: 0.9000, rms radial error=158.353, avgs=0
115/300: dt: 0.9000, rms radial error=157.462, avgs=0
120/300: dt: 0.9000, rms radial error=156.577, avgs=0
125/300: dt: 0.9000, rms radial error=155.695, avgs=0
130/300: dt: 0.9000, rms radial error=154.819, avgs=0
135/300: dt: 0.9000, rms radial error=153.947, avgs=0
140/300: dt: 0.9000, rms radial error=153.080, avgs=0
145/300: dt: 0.9000, rms radial error=152.218, avgs=0
150/300: dt: 0.9000, rms radial error=151.360, avgs=0
155/300: dt: 0.9000, rms radial error=150.507, avgs=0
160/300: dt: 0.9000, rms radial error=149.659, avgs=0
165/300: dt: 0.9000, rms radial error=148.815, avgs=0
170/300: dt: 0.9000, rms radial error=147.976, avgs=0
175/300: dt: 0.9000, rms radial error=147.141, avgs=0
180/300: dt: 0.9000, rms radial error=146.312, avgs=0
185/300: dt: 0.9000, rms radial error=145.486, avgs=0
190/300: dt: 0.9000, rms radial error=144.665, avgs=0
195/300: dt: 0.9000, rms radial error=143.849, avgs=0
200/300: dt: 0.9000, rms radial error=143.037, avgs=0
205/300: dt: 0.9000, rms radial error=142.229, avgs=0
210/300: dt: 0.9000, rms radial error=141.426, avgs=0
215/300: dt: 0.9000, rms radial error=140.628, avgs=0
220/300: dt: 0.9000, rms radial error=139.834, avgs=0
225/300: dt: 0.9000, rms radial error=139.044, avgs=0
230/300: dt: 0.9000, rms radial error=138.260, avgs=0
235/300: dt: 0.9000, rms radial error=137.479, avgs=0
240/300: dt: 0.9000, rms radial error=136.704, avgs=0
245/300: dt: 0.9000, rms radial error=135.932, avgs=0
250/300: dt: 0.9000, rms radial error=135.165, avgs=0
255/300: dt: 0.9000, rms radial error=134.403, avgs=0
260/300: dt: 0.9000, rms radial error=133.644, avgs=0
265/300: dt: 0.9000, rms radial error=132.890, avgs=0
270/300: dt: 0.9000, rms radial error=132.140, avgs=0
275/300: dt: 0.9000, rms radial error=131.394, avgs=0
280/300: dt: 0.9000, rms radial error=130.652, avgs=0
285/300: dt: 0.9000, rms radial error=129.915, avgs=0
290/300: dt: 0.9000, rms radial error=129.181, avgs=0
295/300: dt: 0.9000, rms radial error=128.452, avgs=0
300/300: dt: 0.9000, rms radial error=127.726, avgs=0

spherical inflation complete.
epoch 1 (K=10.0), pass 1, starting sse = 15500.25
taking momentum steps...
taking momentum steps...
taking momentum steps...
taking momentum steps...
pass 1 complete, delta sse/iter = 0.00/13 = 0.00032
epoch 2 (K=40.0), pass 1, starting sse = 2555.45
taking momentum steps...
taking momentum steps...
taking momentum steps...
taking momentum steps...
pass 1 complete, delta sse/iter = 0.00/13 = 0.00038
epoch 3 (K=160.0), pass 1, starting sse = 270.49
taking momentum steps...
taking momentum steps...
taking momentum steps...
taking momentum steps...
pass 1 complete, delta sse/iter = 0.04/13 = 0.00287
epoch 4 (K=640.0), pass 1, starting sse = 31.85
taking momentum steps...
taking momentum steps...
taking momentum steps...
taking momentum steps...
pass 1 complete, delta sse/iter = 0.06/13 = 0.00449
final distance error %100000.00
writing spherical brain to ../surf/lh.qsphere.nofix
spherical transformation took 0.0155 hours
FSRUNTIME@ mris_sphere  0.0155 hours 16 threads
#VMPC# mris_sphere VmPeak  1601880
mris_sphere done
#@# Fix Topology lh Thu Mar 12 16:36:38 CET 2026

 mris_fix_topology -mgz -sphere qsphere.nofix -inflated inflated.nofix -orig orig.nofix -out orig.premesh -ga -seed 1234 sub-v1s20x0050281_ses-1 lh 

reading spherical homeomorphism from 'qsphere.nofix'
reading inflated coordinates from 'inflated.nofix'
reading original coordinates from 'orig.nofix'
using genetic algorithm with optimized parameters
setting seed for random number genererator to 1234

*************************************************************
Topology Correction Parameters
retessellation mode:           genetic search
number of patches/generation : 10
number of generations :        10
surface mri loglikelihood coefficient :         1.0
volume mri loglikelihood coefficient :          10.0
normal dot loglikelihood coefficient :          1.0
quadratic curvature loglikelihood coefficient : 1.0
volume resolution :                             2
eliminate vertices during search :              1
initial patch selection :                       1
select all defect vertices :                    0
ordering dependant retessellation:              0
use precomputed edge table :                    0
smooth retessellated patch :                    2
match retessellated patch :                     1
verbose mode :                                  0

*************************************************************
INFO: assuming .mgz format
writing corrected surface to 'orig.premesh'
7.3.2
  7.3.2
before topology correction, eno=-92 (nv=132410, nf=265004, ne=397506, g=47)
using quasi-homeomorphic spherical map to tessellate cortical surface...

Correction of the Topology
Finding true center and radius of Spherical Surface...done
Surface centered at (0,0,0) with radius 100.0 in 10 iterations
marking ambiguous vertices...
15325 ambiguous faces found in tessellation
segmenting defects...
72 defects found, arbitrating ambiguous regions...
analyzing neighboring defects...
      -merging segment 45 into 40
71 defects to be corrected 
0 vertices coincident
reading input surface /out/sourcedata/freesurfer/sub-v1s20x0050281_ses-1/surf/lh.qsphere.nofix...
reading brain volume from brain...
reading wm segmentation from wm...
Reading original properties of orig.nofix
Reading vertex positions of inflated.nofix
Computing Initial Surface Statistics
      -face       loglikelihood: -9.1533  (-4.5767)
      -vertex     loglikelihood: -6.2405  (-3.1203)
      -normal dot loglikelihood: -3.6232  (-3.6232)
      -quad curv  loglikelihood: -5.9350  (-2.9675)
      Total Loglikelihood : -24.9521
CORRECTING DEFECT 0 (vertices=321, convex hull=101, v0=0)
After retessellation of defect 0 (v0=0), euler #=-66 (123527,368118,244525) : difference with theory (-68) = -2 
CORRECTING DEFECT 1 (vertices=81, convex hull=54, v0=338)
After retessellation of defect 1 (v0=338), euler #=-65 (123536,368166,244565) : difference with theory (-67) = -2 
CORRECTING DEFECT 2 (vertices=12, convex hull=32, v0=602)
After retessellation of defect 2 (v0=602), euler #=-64 (123539,368188,244585) : difference with theory (-66) = -2 
CORRECTING DEFECT 3 (vertices=120, convex hull=98, v0=867)
After retessellation of defect 3 (v0=867), euler #=-63 (123578,368347,244706) : difference with theory (-65) = -2 
CORRECTING DEFECT 4 (vertices=211, convex hull=105, v0=976)
After retessellation of defect 4 (v0=976), euler #=-62 (123613,368500,244825) : difference with theory (-64) = -2 
CORRECTING DEFECT 5 (vertices=363, convex hull=166, v0=1939)
After retessellation of defect 5 (v0=1939), euler #=-61 (123662,368729,245006) : difference with theory (-63) = -2 
CORRECTING DEFECT 6 (vertices=48, convex hull=43, v0=1953)
After retessellation of defect 6 (v0=1953), euler #=-60 (123668,368766,245038) : difference with theory (-62) = -2 
CORRECTING DEFECT 7 (vertices=230, convex hull=59, v0=2894)
After retessellation of defect 7 (v0=2894), euler #=-60 (123680,368833,245093) : difference with theory (-61) = -1 
CORRECTING DEFECT 8 (vertices=62, convex hull=42, v0=7068)
After retessellation of defect 8 (v0=7068), euler #=-59 (123686,368867,245122) : difference with theory (-60) = -1 
CORRECTING DEFECT 9 (vertices=27, convex hull=84, v0=10393)
After retessellation of defect 9 (v0=10393), euler #=-58 (123698,368937,245181) : difference with theory (-59) = -1 
CORRECTING DEFECT 10 (vertices=11, convex hull=25, v0=14458)
After retessellation of defect 10 (v0=14458), euler #=-57 (123699,368948,245192) : difference with theory (-58) = -1 
CORRECTING DEFECT 11 (vertices=39, convex hull=70, v0=14755)
After retessellation of defect 11 (v0=14755), euler #=-56 (123721,369046,245269) : difference with theory (-57) = -1 
CORRECTING DEFECT 12 (vertices=106, convex hull=64, v0=15654)
After retessellation of defect 12 (v0=15654), euler #=-55 (123746,369149,245348) : difference with theory (-56) = -1 
CORRECTING DEFECT 13 (vertices=24, convex hull=27, v0=21083)
After retessellation of defect 13 (v0=21083), euler #=-54 (123750,369168,245364) : difference with theory (-55) = -1 
CORRECTING DEFECT 14 (vertices=10, convex hull=25, v0=21779)
After retessellation of defect 14 (v0=21779), euler #=-53 (123751,369179,245375) : difference with theory (-54) = -1 
CORRECTING DEFECT 15 (vertices=59, convex hull=82, v0=22242)
After retessellation of defect 15 (v0=22242), euler #=-52 (123772,369274,245450) : difference with theory (-53) = -1 
CORRECTING DEFECT 16 (vertices=30, convex hull=65, v0=25935)
After retessellation of defect 16 (v0=25935), euler #=-51 (123792,369360,245517) : difference with theory (-52) = -1 
CORRECTING DEFECT 17 (vertices=111, convex hull=104, v0=26832)
After retessellation of defect 17 (v0=26832), euler #=-50 (123865,369625,245710) : difference with theory (-51) = -1 
CORRECTING DEFECT 18 (vertices=93, convex hull=159, v0=30207)
After retessellation of defect 18 (v0=30207), euler #=-49 (123930,369891,245912) : difference with theory (-50) = -1 
CORRECTING DEFECT 19 (vertices=463, convex hull=465, v0=36707)
A large defect has been detected...
This often happens because cerebellum or dura has not been removed from wm.mgz.
This may cause recon-all to run very slowly or crash.
if so, see https://surfer.nmr.mgh.harvard.edu/fswiki/FsTutorial/TopologicalDefect_freeview
After retessellation of defect 19 (v0=36707), euler #=-48 (124169,370838,246621) : difference with theory (-49) = -1 
CORRECTING DEFECT 20 (vertices=376, convex hull=169, v0=40597)
After retessellation of defect 20 (v0=40597), euler #=-47 (124208,371040,246785) : difference with theory (-48) = -1 
CORRECTING DEFECT 21 (vertices=6, convex hull=29, v0=40908)
After retessellation of defect 21 (v0=40908), euler #=-46 (124209,371050,246795) : difference with theory (-47) = -1 
CORRECTING DEFECT 22 (vertices=7, convex hull=22, v0=41690)
After retessellation of defect 22 (v0=41690), euler #=-45 (124212,371064,246807) : difference with theory (-46) = -1 
CORRECTING DEFECT 23 (vertices=6, convex hull=36, v0=44056)
After retessellation of defect 23 (v0=44056), euler #=-44 (124215,371085,246826) : difference with theory (-45) = -1 
CORRECTING DEFECT 24 (vertices=28, convex hull=18, v0=47574)
After retessellation of defect 24 (v0=47574), euler #=-43 (124217,371096,246836) : difference with theory (-44) = -1 
CORRECTING DEFECT 25 (vertices=119, convex hull=36, v0=49010)
After retessellation of defect 25 (v0=49010), euler #=-42 (124229,371150,246879) : difference with theory (-43) = -1 
CORRECTING DEFECT 26 (vertices=163, convex hull=186, v0=53981)
After retessellation of defect 26 (v0=53981), euler #=-41 (124295,371428,247092) : difference with theory (-42) = -1 
CORRECTING DEFECT 27 (vertices=40, convex hull=55, v0=55471)
After retessellation of defect 27 (v0=55471), euler #=-40 (124304,371477,247133) : difference with theory (-41) = -1 
CORRECTING DEFECT 28 (vertices=6, convex hull=12, v0=55821)
After retessellation of defect 28 (v0=55821), euler #=-39 (124305,371482,247138) : difference with theory (-40) = -1 
CORRECTING DEFECT 29 (vertices=65, convex hull=97, v0=65165)
After retessellation of defect 29 (v0=65165), euler #=-38 (124345,371644,247261) : difference with theory (-39) = -1 
CORRECTING DEFECT 30 (vertices=12, convex hull=35, v0=73294)
After retessellation of defect 30 (v0=73294), euler #=-37 (124348,371664,247279) : difference with theory (-38) = -1 
CORRECTING DEFECT 31 (vertices=34, convex hull=40, v0=74993)
After retessellation of defect 31 (v0=74993), euler #=-36 (124355,371697,247306) : difference with theory (-37) = -1 
CORRECTING DEFECT 32 (vertices=10, convex hull=31, v0=76160)
After retessellation of defect 32 (v0=76160), euler #=-35 (124357,371712,247320) : difference with theory (-36) = -1 
CORRECTING DEFECT 33 (vertices=125, convex hull=128, v0=79157)
After retessellation of defect 33 (v0=79157), euler #=-34 (124418,371959,247507) : difference with theory (-35) = -1 
CORRECTING DEFECT 34 (vertices=18, convex hull=45, v0=82718)
After retessellation of defect 34 (v0=82718), euler #=-33 (124426,371997,247538) : difference with theory (-34) = -1 
CORRECTING DEFECT 35 (vertices=596, convex hull=152, v0=82962)
After retessellation of defect 35 (v0=82962), euler #=-32 (124448,372132,247652) : difference with theory (-33) = -1 
CORRECTING DEFECT 36 (vertices=51, convex hull=75, v0=83867)
After retessellation of defect 36 (v0=83867), euler #=-31 (124484,372271,247756) : difference with theory (-32) = -1 
CORRECTING DEFECT 37 (vertices=73, convex hull=59, v0=85225)
After retessellation of defect 37 (v0=85225), euler #=-30 (124499,372344,247815) : difference with theory (-31) = -1 
CORRECTING DEFECT 38 (vertices=120, convex hull=48, v0=85924)
After retessellation of defect 38 (v0=85924), euler #=-29 (124508,372388,247851) : difference with theory (-30) = -1 
CORRECTING DEFECT 39 (vertices=45, convex hull=69, v0=88481)
After retessellation of defect 39 (v0=88481), euler #=-28 (124525,372468,247915) : difference with theory (-29) = -1 
CORRECTING DEFECT 40 (vertices=2049, convex hull=797, v0=89575)
An extra large defect has been detected...
This often happens because cerebellum or dura has not been removed from wm.mgz.
This may cause recon-all to run very slowly or crash.
if so, see https://surfer.nmr.mgh.harvard.edu/fswiki/FsTutorial/TopologicalDefect_freeview
After retessellation of defect 40 (v0=89575), euler #=-28 (124893,374020,249099) : difference with theory (-28) = 0 
CORRECTING DEFECT 41 (vertices=472, convex hull=193, v0=91671)
After retessellation of defect 41 (v0=91671), euler #=-27 (124985,374384,249372) : difference with theory (-27) = 0 
CORRECTING DEFECT 42 (vertices=21, convex hull=60, v0=93442)
After retessellation of defect 42 (v0=93442), euler #=-26 (124996,374439,249417) : difference with theory (-26) = 0 
CORRECTING DEFECT 43 (vertices=13, convex hull=43, v0=94604)
After retessellation of defect 43 (v0=94604), euler #=-25 (124999,374461,249437) : difference with theory (-25) = 0 
CORRECTING DEFECT 44 (vertices=84, convex hull=106, v0=96764)
After retessellation of defect 44 (v0=96764), euler #=-24 (125050,374662,249588) : difference with theory (-24) = 0 
CORRECTING DEFECT 45 (vertices=14, convex hull=41, v0=98411)
After retessellation of defect 45 (v0=98411), euler #=-23 (125053,374684,249608) : difference with theory (-23) = 0 
CORRECTING DEFECT 46 (vertices=64, convex hull=54, v0=98916)
After retessellation of defect 46 (v0=98916), euler #=-22 (125058,374720,249640) : difference with theory (-22) = 0 
CORRECTING DEFECT 47 (vertices=36, convex hull=25, v0=103190)
After retessellation of defect 47 (v0=103190), euler #=-21 (125062,374740,249657) : difference with theory (-21) = 0 
CORRECTING DEFECT 48 (vertices=23, convex hull=33, v0=104997)
After retessellation of defect 48 (v0=104997), euler #=-20 (125068,374769,249681) : difference with theory (-20) = 0 
CORRECTING DEFECT 49 (vertices=16, convex hull=27, v0=108168)
After retessellation of defect 49 (v0=108168), euler #=-19 (125071,374789,249699) : difference with theory (-19) = 0 
CORRECTING DEFECT 50 (vertices=239, convex hull=175, v0=108224)
After retessellation of defect 50 (v0=108224), euler #=-18 (125143,375090,249929) : difference with theory (-18) = 0 
CORRECTING DEFECT 51 (vertices=28, convex hull=28, v0=108865)
After retessellation of defect 51 (v0=108865), euler #=-17 (125150,375122,249955) : difference with theory (-17) = 0 
CORRECTING DEFECT 52 (vertices=45, convex hull=39, v0=109681)
After retessellation of defect 52 (v0=109681), euler #=-16 (125156,375157,249985) : difference with theory (-16) = 0 
CORRECTING DEFECT 53 (vertices=7, convex hull=24, v0=110376)
After retessellation of defect 53 (v0=110376), euler #=-15 (125157,375165,249993) : difference with theory (-15) = 0 
CORRECTING DEFECT 54 (vertices=5, convex hull=19, v0=113051)
After retessellation of defect 54 (v0=113051), euler #=-14 (125158,375173,250001) : difference with theory (-14) = 0 
CORRECTING DEFECT 55 (vertices=137, convex hull=48, v0=115692)
After retessellation of defect 55 (v0=115692), euler #=-13 (125170,375227,250044) : difference with theory (-13) = 0 
CORRECTING DEFECT 56 (vertices=115, convex hull=29, v0=121215)
After retessellation of defect 56 (v0=121215), euler #=-12 (125174,375247,250061) : difference with theory (-12) = 0 
CORRECTING DEFECT 57 (vertices=58, convex hull=30, v0=122450)
After retessellation of defect 57 (v0=122450), euler #=-11 (125177,375266,250078) : difference with theory (-11) = 0 
CORRECTING DEFECT 58 (vertices=31, convex hull=26, v0=122573)
After retessellation of defect 58 (v0=122573), euler #=-10 (125180,375282,250092) : difference with theory (-10) = 0 
CORRECTING DEFECT 59 (vertices=75, convex hull=46, v0=122630)
After retessellation of defect 59 (v0=122630), euler #=-9 (125199,375355,250147) : difference with theory (-9) = 0 
CORRECTING DEFECT 60 (vertices=65, convex hull=44, v0=124760)
After retessellation of defect 60 (v0=124760), euler #=-8 (125209,375405,250188) : difference with theory (-8) = 0 
CORRECTING DEFECT 61 (vertices=35, convex hull=66, v0=125750)
After retessellation of defect 61 (v0=125750), euler #=-7 (125227,375485,250251) : difference with theory (-7) = 0 
CORRECTING DEFECT 62 (vertices=26, convex hull=37, v0=126290)
After retessellation of defect 62 (v0=126290), euler #=-6 (125232,375516,250278) : difference with theory (-6) = 0 
CORRECTING DEFECT 63 (vertices=642, convex hull=164, v0=126692)
After retessellation of defect 63 (v0=126692), euler #=-5 (125404,376107,250698) : difference with theory (-5) = 0 
CORRECTING DEFECT 64 (vertices=17, convex hull=30, v0=127687)
After retessellation of defect 64 (v0=127687), euler #=-4 (125408,376129,250717) : difference with theory (-4) = 0 
CORRECTING DEFECT 65 (vertices=61, convex hull=76, v0=127867)
After retessellation of defect 65 (v0=127867), euler #=-3 (125433,376233,250797) : difference with theory (-3) = 0 
CORRECTING DEFECT 66 (vertices=27, convex hull=24, v0=130069)
After retessellation of defect 66 (v0=130069), euler #=-2 (125435,376246,250809) : difference with theory (-2) = 0 
CORRECTING DEFECT 67 (vertices=7, convex hull=21, v0=130188)
After retessellation of defect 67 (v0=130188), euler #=-1 (125436,376256,250819) : difference with theory (-1) = 0 
CORRECTING DEFECT 68 (vertices=108, convex hull=41, v0=130616)
After retessellation of defect 68 (v0=130616), euler #=0 (125445,376296,250851) : difference with theory (0) = 0 
CORRECTING DEFECT 69 (vertices=32, convex hull=33, v0=131975)
After retessellation of defect 69 (v0=131975), euler #=1 (125453,376333,250881) : difference with theory (1) = 0 
CORRECTING DEFECT 70 (vertices=38, convex hull=39, v0=132237)
After retessellation of defect 70 (v0=132237), euler #=2 (125454,376356,250904) : difference with theory (2) = 0 
computing original vertex metric properties...
storing new metric properties...
computing tessellation statistics...
vertex spacing 0.90 +- 0.27 (0.03-->17.84) (max @ vno 112736 --> 120828)
face area -nan +- -nan (1000.00-->-1.00)
performing soap bubble on retessellated vertices for 0 iterations...
vertex spacing 0.90 +- 0.27 (0.03-->17.84) (max @ vno 112736 --> 120828)
face area -nan +- -nan (1000.00-->-1.00)
tessellation finished, orienting corrected surface...
267 mutations (36.4%), 467 crossovers (63.6%), 552 vertices were eliminated
building final representation...
6956 vertices and 0 faces have been removed from triangulation
after topology correction, eno=2 (nv=125454, nf=250904, ne=376356, g=0)
writing corrected surface to /out/sourcedata/freesurfer/sub-v1s20x0050281_ses-1/surf/lh.orig.premesh...

defective orientation at vertex 120827(120828) with faces 239377 and 248804

defective orientation at vertex 120827(121119) with faces 239376 and 249079

defective orientation at vertex 120828(120827) with faces 239377 and 248804

defective orientation at vertex 120828(121120) with faces 239377 and 249080

defective orientation at vertex 121118(121119) with faces 239945 and 248653

defective orientation at vertex 121118(121120) with faces 239945 and 249080

defective orientation at vertex 121119(121118) with faces 239945 and 248653

defective orientation at vertex 121119(120827) with faces 239376 and 249079

defective orientation at vertex 121120(120828) with faces 239377 and 249080

defective orientation at vertex 121120(121118) with faces 239945 and 249080

0.008 % of the vertices (10 vertices) exhibit an orientation change
removing intersecting faces
000: 663 intersecting
001: 46 intersecting
002: 4 intersecting
003: 2 intersecting
terminating search with 0 intersecting
topology fixing took 3.9 minutes
FSRUNTIME@ mris_fix_topology lh  0.0655 hours 16 threads
#VMPC# mris_fix_topology VmPeak  1848624

 mris_euler_number ../surf/lh.orig.premesh 

euler # = v-e+f = 2g-2: 125454 - 376356 + 250904 = 2 --> 0 holes
      F =2V-4:          250904 = 250908-4 (0)
      2E=3F:            752712 = 752712 (0)

total defect index = 0
Thu Mar 12 16:40:34 CET 2026

setenv SUBJECTS_DIR /out/sourcedata/freesurfer
cd /out/sourcedata/freesurfer/sub-v1s20x0050281_ses-1/scripts
/opt/freesurfer/bin/defect2seg --s sub-v1s20x0050281_ses-1 --lh-only --cortex

freesurfer-linux-ubuntu22_x86_64-7.3.2-20220804-6354275
defect2seg 7.3.2
Linux dna038 5.14.0-427.37.1.el9_4.x86_64 #1 SMP PREEMPT_DYNAMIC Fri Sep 13 12:41:50 EDT 2024 x86_64 x86_64 x86_64 GNU/Linux
pid 948763
mri_label2label --label-cortex /out/sourcedata/freesurfer/sub-v1s20x0050281_ses-1/surf/lh.orig.nofix /out/sourcedata/freesurfer/sub-v1s20x0050281_ses-1/mri/aseg.presurf.mgz 0 /out/sourcedata/freesurfer/sub-v1s20x0050281_ses-1/label/lh.nofix.cortex.label

 Generating cortex label... RemoveHipAmgy=0
 NucAccIsMedialWall=0
 mris->useRealRAS=0
8 non-cortical segments detected
only using segment with 6954 vertices
erasing segment 0 (vno[0] = 31117)
erasing segment 2 (vno[0] = 66299)
erasing segment 3 (vno[0] = 89453)
erasing segment 4 (vno[0] = 90491)
erasing segment 5 (vno[0] = 91599)
erasing segment 6 (vno[0] = 93332)
erasing segment 7 (vno[0] = 94435)
mri_label2vol --defects /out/sourcedata/freesurfer/sub-v1s20x0050281_ses-1/surf/lh.orig.nofix /out/sourcedata/freesurfer/sub-v1s20x0050281_ses-1/surf/lh.defect_labels /out/sourcedata/freesurfer/sub-v1s20x0050281_ses-1/mri/orig.mgz 1000 0 /out/sourcedata/freesurfer/sub-v1s20x0050281_ses-1/mri/lh.surface.defects.mgz /out/sourcedata/freesurfer/sub-v1s20x0050281_ses-1/label/lh.nofix.cortex.label
mri_label2vol supposed to be reproducible but seed not set
Contraining to label /out/sourcedata/freesurfer/sub-v1s20x0050281_ses-1/label/lh.nofix.cortex.label
Changing input type 0 to MRI_INT
Converting defects to volume: offset=1000, merge=0
Writing to /out/sourcedata/freesurfer/sub-v1s20x0050281_ses-1/mri/lh.surface.defects.mgz
mris_defects_pointset -s /out/sourcedata/freesurfer/sub-v1s20x0050281_ses-1/surf/lh.orig.nofix -d /out/sourcedata/freesurfer/sub-v1s20x0050281_ses-1/surf/lh.defect_labels -o /out/sourcedata/freesurfer/sub-v1s20x0050281_ses-1/surf/lh.defects.pointset --label /out/sourcedata/freesurfer/sub-v1s20x0050281_ses-1/label/lh.nofix.cortex.label
Reading in surface /out/sourcedata/freesurfer/sub-v1s20x0050281_ses-1/surf/lh.orig.nofix
Reading in defect segmentation /out/sourcedata/freesurfer/sub-v1s20x0050281_ses-1/surf/lh.defect_labels
Reading in label /out/sourcedata/freesurfer/sub-v1s20x0050281_ses-1/label/lh.nofix.cortex.label
#VMPC# mris_defects_pointset 1341204
mris_defects_pointset done
 
Started at Thu Mar 12 16:40:34 CET 2026 
Ended   at Thu Mar 12 16:40:50 CET 2026
Defect2seg-Run-Time-Sec 16
Defect2seg-Run-Time-Min 0.32
Defect2seg-Run-Time-Hours 0.00
 
tkmeditfv sub-v1s20x0050281_ses-1 brain.finalsurfs.mgz -defect
defect2seg Done

 mris_remesh --remesh --iters 3 --input /out/sourcedata/freesurfer/sub-v1s20x0050281_ses-1/surf/lh.orig.premesh --output /out/sourcedata/freesurfer/sub-v1s20x0050281_ses-1/surf/lh.orig 

iters = 3
standard remeshing without target
   adjusted l: 0.717665
remeshing to edge length 0.717665 with 3 iterations

avg qual before   : 0.887224  after: 0.971328

Removing intersections
Remeshed surface quality stats nv0 = 125454  nv = 130007  1.03629
Area    260010  0.30818  0.03417 0.093729   0.5101
Corner  780030 60.00000  8.76978 21.170588 136.9830
Edge    390015  0.85164  0.08299 0.480945   1.2892
Hinge   390015  9.83458 10.54821 0.000005 152.0775
mris_remesh done
/out/sourcedata/freesurfer/sub-v1s20x0050281_ses-1/scripts

 mris_remove_intersection ../surf/lh.orig ../surf/lh.orig 

intersection removal took 0.00 hours
writing corrected surface to ../surf/lh.orig

 rm -f ../surf/lh.inflated 

#--------------------------------------------
#@# AutoDetGWStats lh Thu Mar 12 16:41:19 CET 2026
cd /out/sourcedata/freesurfer/sub-v1s20x0050281_ses-1/mri
mris_autodet_gwstats --o ../surf/autodet.gw.stats.lh.dat --i brain.finalsurfs.mgz --wm wm.mgz --surf ../surf/lh.orig.premesh
7.3.2

cd /out/sourcedata/freesurfer/sub-v1s20x0050281_ses-1/mri
setenv SUBJECTS_DIR /out/sourcedata/freesurfer
mris_autodet_gwstats --o ../surf/autodet.gw.stats.lh.dat --i brain.finalsurfs.mgz --wm wm.mgz --surf ../surf/lh.orig.premesh 

border white:    242855 voxels (1.45%)
border gray      281849 voxels (1.68%)
Reading in intensity volume brain.finalsurfs.mgz
Reading in wm volume wm.mgz
Reading in surf ../surf/lh.orig.premesh
Auto detecting stats
MRIclipBrightWM(): nthresh=14830, wmmin=5, clip=110 
Binarizing thresholding at 5
computing class statistics... low=30, hi=110.000000
CCS WM (96.0): 97.1 +- 7.7 [70.0 --> 110.0]
CCS GM (76.0) : 75.3 +- 10.0 [30.0 --> 110.0]
white_mean = 97.0961 +/- 7.70595, gray_mean = 75.334 +/- 10.0294
using class modes intead of means, discounting robust sigmas....
MRIScomputeClassModes(): min=0 max=222 nbins=223
intensity peaks found at WM=101+-7.0,    GM=72+-7.8
white_mode = 101, gray_mode = 72
std_scale = 1
Applying sanity checks, max_scale_down = 0.2
setting MIN_GRAY_AT_WHITE_BORDER to 62.0 (was 70.000000)
setting MAX_BORDER_WHITE to 108.7 (was 105.000000)
setting MIN_BORDER_WHITE to 72.0 (was 85.000000)
setting MAX_CSF to 51.9 (was 40.000000)
setting MAX_GRAY to 93.3 (was 95.000000)
setting MAX_GRAY_AT_CSF_BORDER to 62.0 (was 75.000000)
setting MIN_GRAY_AT_CSF_BORDER to 41.9 (was 40.000000)
When placing the white surface
  white_border_hi   = 108.706;
  white_border_low  = 72;
  white_outside_low = 61.9706;
  white_inside_hi   = 120;
  white_outside_hi  = 108.706;
When placing the pial surface
  pial_border_hi   = 61.9706;
  pial_border_low  = 41.9118;
  pial_outside_low = 10;
  pial_inside_hi   = 93.294;
  pial_outside_hi  = 56.9559;
#VMPC# mris_autodet_gwstats VmPeak  1391056
mris_autodet_gwstats done
#--------------------------------------------
#@# WhitePreAparc lh Thu Mar 12 16:41:22 CET 2026
cd /out/sourcedata/freesurfer/sub-v1s20x0050281_ses-1/mri
mris_place_surface --adgws-in ../surf/autodet.gw.stats.lh.dat --wm wm.mgz --threads 16 --invol brain.finalsurfs.mgz --lh --i ../surf/lh.orig --o ../surf/lh.white.preaparc --white --seg aseg.presurf.mgz --nsmooth 5
7.3.2
7.3.2

cd /out/sourcedata/freesurfer/sub-v1s20x0050281_ses-1/mri
setenv SUBJECTS_DIR /out/sourcedata/freesurfer
mris_place_surface --adgws-in ../surf/autodet.gw.stats.lh.dat --wm wm.mgz --threads 16 --invol brain.finalsurfs.mgz --lh --i ../surf/lh.orig --o ../surf/lh.white.preaparc --white --seg aseg.presurf.mgz --nsmooth 5 

Reading in input surface ../surf/lh.orig
Smoothing surface before ripping with 5 iterations
Area    260010  0.27267  0.06642 0.001262   0.5958
Corner  780030 60.00000  9.41741 4.916689 147.5065
Edge    390015  0.79646  0.11923 0.032234   1.3705
Hinge   390015  6.47280  6.81622 0.000016 159.1496
Not reading in aparc
Reading in input volume brain.finalsurfs.mgz
Reading in wm volume wm.mgz
MRIclipBrightWM(): nthresh=14830, wmmin=5, clip=110 
MRIfindBrightNonWM(): 334 bright non-wm voxels segmented.
Masking bright non-wm for white surface
MRImask(): AllowDiffGeom = 1
MRImask(): AllowDiffGeom = 1
Reading in seg volume aseg.presurf.mgz
Ripping frozen voxels
INFO: rip surface needed but not specified, so using input surface
Freezing midline and others
Entering: MRISripMidline(): inhibiting deformation at non-cortical midline structures...
  which=1, fix_mtl=0, using annot = 0
#FML0# MRISripMidline(): nripped=0
#FML# MRISripMidline(): nmarked=6520, nmarked2=62, nripped=6520
Ripping segs (eg, WMSA, BG, frozen)
Starting MRISripSegs() d = (-2 2 0.5) segnos: 247 
MRISripSegs(): -2 2 0.5 ripped 0
vertex 65004: xyz = (-46.7197,-8.88936,14.8286) oxyz = (-46.7197,-8.88936,14.8286) wxzy = (-46.7197,-8.88936,14.8286) pxyz = (0,0,0) 
CBVO Creating mask 130007
n_averages 4
Iteration 0 =========================================
n_averages=4, current_sigma=2
Freezing midline and others
Ripping frozen voxels
INFO: rip surface needed but not specified, so using input surface
Freezing midline and others
Entering: MRISripMidline(): inhibiting deformation at non-cortical midline structures...
  which=1, fix_mtl=0, using annot = 0
#FML0# MRISripMidline(): nripped=6520
#FML# MRISripMidline(): nmarked=6520, nmarked2=62, nripped=6520
Ripping segs (eg, WMSA, BG, frozen)
Starting MRISripSegs() d = (-2 2 0.5) segnos: 247 247 
MRISripSegs(): -2 2 0.5 ripped 0
Computing target border values 
Entering MRIScomputeBorderValues_new(): 
  inside_hi   = 120.0000000;
  border_hi   = 108.7059560;
  border_low  =  72.0000000;
  outside_low =  61.9705920;
  outside_hi  = 108.7059560;
  sigma = 2;
  max_thickness = 10;
  step_size=0.5;
  STEP_SIZE=0.1;
  which = 1
  thresh = 0
  flags = 0
  CBVfindFirstPeakD1=0
  CBVfindFirstPeakD2=0
  nvertices=130007
  Gdiag_no=-1
  vno start=0, stop=130007
Replacing 255s with 0s
#SI# sigma=2 had to be increased for 277 vertices, nripped=6520
mean border=82.7, 88 (88) missing vertices, mean dist 0.3 [0.6 (%36.3)->0.8 (%63.7))]
%71 local maxima, %24 large gradients and % 0 min vals, 0 gradients ignored
nFirstPeakD1 0
MRIScomputeBorderValues_new() finished in 0.0119 min


Finding expansion regions
mean absolute distance = 0.70 +- 0.86
4380 vertices more than 2 sigmas from mean.
Averaging target values for 5 iterations...
Positioning Surface: tspring = 0.3, nspring = 0.3, spring = 0, niters = 100 l_repulse = 5, l_surf_repulse = 0, checktol = 0
Positioning pial surface
Entering MRISpositionSurface()
  max_mm = 0.3
  MAX_REDUCTIONS = 2, REDUCTION_PCT = 0.5
  parms->check_tol = 0, niterations = 100
tol=1.0e-04, sigma=2.0, host=dna03, nav=4, nbrs=2, l_repulse=5.000, l_tspring=0.300, l_nspring=0.300, l_intensity=0.200, l_curv=1.000
mom=0.00, dt=0.50
complete_dist_mat 0
rms 0
smooth_averages 0
remove_neg 0
ico_order 0
which_surface 0
target_radius 0.000000
nfields 0
scale 0.000000
desired_rms_height 0.000000
momentum 0.000000
nbhd_size 0
max_nbrs 0
niterations 100
nsurfaces 0
SURFACES 3
flags 0 (0)
use curv 0
no sulc 0
no rigid align 0
mris->nsize 2
mris->hemisphere 0
randomSeed 0

000: dt: 0.0000, sse=2015029.6, rms=8.698
001: dt: 0.5000, sse=1104107.1, rms=6.236 (28.296%)
002: dt: 0.5000, sse=709179.1, rms=4.765 (23.588%)
003: dt: 0.5000, sse=518440.0, rms=3.892 (18.336%)
004: dt: 0.5000, sse=430657.5, rms=3.379 (13.169%)
005: dt: 0.5000, sse=388970.7, rms=3.095 (8.406%)
006: dt: 0.5000, sse=363232.0, rms=2.943 (4.902%)
007: dt: 0.5000, sse=351467.0, rms=2.869 (2.529%)
rms = 2.8233/2.8689, sse=346852.2/351467.0, time step reduction 1 of 3 to 0.250  0 0 1
008: dt: 0.5000, sse=346852.2, rms=2.823 (1.589%)
009: dt: 0.2500, sse=235727.1, rms=1.833 (35.080%)
010: dt: 0.2500, sse=219806.0, rms=1.662 (9.342%)
rms = 1.6130/1.6617, sse=215452.7/219806.0, time step reduction 2 of 3 to 0.125  0 0 1
011: dt: 0.2500, sse=215452.7, rms=1.613 (2.928%)
rms = 1.5743/1.6130, sse=212117.0/215452.7, time step reduction 3 of 3 to 0.062  0 0 1
012: dt: 0.1250, sse=212117.0, rms=1.574 (2.401%)
  maximum number of reductions reached, breaking from loop
positioning took 1.0 minutes
Iteration 1 =========================================
n_averages=2, current_sigma=1
Freezing midline and others
Ripping frozen voxels
INFO: rip surface needed but not specified, so using input surface
Freezing midline and others
Entering: MRISripMidline(): inhibiting deformation at non-cortical midline structures...
  which=1, fix_mtl=0, using annot = 0
#FML0# MRISripMidline(): nripped=6520
removing 2 vertices from ripped group in thread:0
removing 4 vertices from ripped group in thread:0
removing 3 vertices from ripped group in thread:0
removing 2 vertices from ripped group in thread:0
removing 2 vertices from ripped group in thread:0
removing 3 vertices from ripped group in thread:0
#FML# MRISripMidline(): nmarked=6690, nmarked2=72, nripped=6690
Ripping segs (eg, WMSA, BG, frozen)
Starting MRISripSegs() d = (-2 2 0.5) segnos: 247 247 247 
MRISripSegs(): -2 2 0.5 ripped 0
Computing target border values 
Entering MRIScomputeBorderValues_new(): 
  inside_hi   = 120.0000000;
  border_hi   = 108.7059560;
  border_low  =  72.0000000;
  outside_low =  61.9705920;
  outside_hi  = 108.7059560;
  sigma = 1;
  max_thickness = 10;
  step_size=0.5;
  STEP_SIZE=0.1;
  which = 1
  thresh = 0
  flags = 0
  CBVfindFirstPeakD1=0
  CBVfindFirstPeakD2=0
  nvertices=130007
  Gdiag_no=-1
  vno start=0, stop=130007
Replacing 255s with 0s
#SI# sigma=1 had to be increased for 224 vertices, nripped=6690
mean border=84.8, 112 (11) missing vertices, mean dist -0.2 [0.4 (%67.0)->0.3 (%33.0))]
%77 local maxima, %18 large gradients and % 0 min vals, 0 gradients ignored
nFirstPeakD1 0
MRIScomputeBorderValues_new() finished in 0.0086 min


Finding expansion regions
mean absolute distance = 0.37 +- 0.64
4032 vertices more than 2 sigmas from mean.
Averaging target values for 5 iterations...
Positioning Surface: tspring = 0.3, nspring = 0.3, spring = 0, niters = 100 l_repulse = 5, l_surf_repulse = 0, checktol = 0
Positioning pial surface
Entering MRISpositionSurface()
  max_mm = 0.3
  MAX_REDUCTIONS = 2, REDUCTION_PCT = 0.5
  parms->check_tol = 0, niterations = 100
tol=1.0e-04, sigma=1.0, host=dna03, nav=2, nbrs=2, l_repulse=5.000, l_tspring=0.300, l_nspring=0.300, l_intensity=0.200, l_curv=1.000
mom=0.00, dt=0.50
000: dt: 0.0000, sse=525481.1, rms=3.658
013: dt: 0.5000, sse=338639.0, rms=2.394 (34.550%)
014: dt: 0.5000, sse=322493.4, rms=2.274 (5.044%)
rms = 2.2713/2.2737, sse=325373.7/322493.4, time step reduction 1 of 3 to 0.250  0 1 1
015: dt: 0.5000, sse=325373.7, rms=2.271 (0.104%)
016: dt: 0.2500, sse=252981.9, rms=1.501 (33.914%)
017: dt: 0.2500, sse=243732.5, rms=1.371 (8.673%)
rms = 1.3433/1.3708, sse=246497.1/243732.5, time step reduction 2 of 3 to 0.125  0 1 1
018: dt: 0.2500, sse=246497.1, rms=1.343 (2.010%)
rms = 1.3100/1.3433, sse=249728.2/246497.1, time step reduction 3 of 3 to 0.062  0 1 1
019: dt: 0.1250, sse=249728.2, rms=1.310 (2.476%)
  maximum number of reductions reached, breaking from loop
positioning took 0.5 minutes
Iteration 2 =========================================
n_averages=1, current_sigma=0.5
Freezing midline and others
Ripping frozen voxels
INFO: rip surface needed but not specified, so using input surface
Freezing midline and others
Entering: MRISripMidline(): inhibiting deformation at non-cortical midline structures...
  which=1, fix_mtl=0, using annot = 0
#FML0# MRISripMidline(): nripped=6690
removing 2 vertices from ripped group in thread:0
removing 2 vertices from ripped group in thread:0
removing 2 vertices from ripped group in thread:0
removing 3 vertices from ripped group in thread:0
removing 3 vertices from ripped group in thread:0
#FML# MRISripMidline(): nmarked=6767, nmarked2=75, nripped=6767
Ripping segs (eg, WMSA, BG, frozen)
Starting MRISripSegs() d = (-2 2 0.5) segnos: 247 247 247 247 
MRISripSegs(): -2 2 0.5 ripped 0
Computing target border values 
Entering MRIScomputeBorderValues_new(): 
  inside_hi   = 120.0000000;
  border_hi   = 108.7059560;
  border_low  =  72.0000000;
  outside_low =  61.9705920;
  outside_hi  = 108.7059560;
  sigma = 0.5;
  max_thickness = 10;
  step_size=0.5;
  STEP_SIZE=0.1;
  which = 1
  thresh = 0
  flags = 0
  CBVfindFirstPeakD1=0
  CBVfindFirstPeakD2=0
  nvertices=130007
  Gdiag_no=-1
  vno start=0, stop=130007
Replacing 255s with 0s
#SI# sigma=0.5 had to be increased for 181 vertices, nripped=6767
mean border=86.1, 166 (7) missing vertices, mean dist -0.1 [0.3 (%59.7)->0.3 (%40.3))]
%81 local maxima, %14 large gradients and % 0 min vals, 0 gradients ignored
nFirstPeakD1 0
MRIScomputeBorderValues_new() finished in 0.0050 min


Finding expansion regions
mean absolute distance = 0.31 +- 0.51
4096 vertices more than 2 sigmas from mean.
Averaging target values for 5 iterations...
Positioning Surface: tspring = 0.3, nspring = 0.3, spring = 0, niters = 100 l_repulse = 5, l_surf_repulse = 0, checktol = 0
Positioning pial surface
Entering MRISpositionSurface()
  max_mm = 0.3
  MAX_REDUCTIONS = 2, REDUCTION_PCT = 0.5
  parms->check_tol = 0, niterations = 100
tol=1.0e-04, sigma=0.5, host=dna03, nav=1, nbrs=2, l_repulse=5.000, l_tspring=0.300, l_nspring=0.300, l_intensity=0.200, l_curv=1.000
mom=0.00, dt=0.50
000: dt: 0.0000, sse=330364.9, rms=2.240
020: dt: 0.5000, sse=308719.1, rms=1.787 (20.233%)
rms = 1.8750/1.7869, sse=288963.4/308719.1, time step reduction 1 of 3 to 0.250  0 0 1
   RMS increased, rejecting step
021: dt: 0.2500, sse=250492.7, rms=1.376 (22.992%)
022: dt: 0.2500, sse=235693.9, rms=1.171 (14.899%)
rms = 1.1214/1.1710, sse=231784.5/235693.9, time step reduction 2 of 3 to 0.125  0 0 1
023: dt: 0.2500, sse=231784.5, rms=1.121 (4.237%)
rms = 1.0987/1.1214, sse=231317.0/231784.5, time step reduction 3 of 3 to 0.062  0 0 1
024: dt: 0.1250, sse=231317.0, rms=1.099 (2.025%)
  maximum number of reductions reached, breaking from loop
positioning took 0.4 minutes
Iteration 3 =========================================
n_averages=0, current_sigma=0.25
Freezing midline and others
Ripping frozen voxels
INFO: rip surface needed but not specified, so using input surface
Freezing midline and others
Entering: MRISripMidline(): inhibiting deformation at non-cortical midline structures...
  which=1, fix_mtl=0, using annot = 0
#FML0# MRISripMidline(): nripped=6767
removing 4 vertices from ripped group in thread:0
removing 3 vertices from ripped group in thread:0
removing 2 vertices from ripped group in thread:0
#FML# MRISripMidline(): nmarked=6804, nmarked2=75, nripped=6804
Ripping segs (eg, WMSA, BG, frozen)
Starting MRISripSegs() d = (-2 2 0.5) segnos: 247 247 247 247 247 
MRISripSegs(): -2 2 0.5 ripped 0
Computing target border values 
Entering MRIScomputeBorderValues_new(): 
  inside_hi   = 120.0000000;
  border_hi   = 108.7059560;
  border_low  =  72.0000000;
  outside_low =  61.9705920;
  outside_hi  = 108.7059560;
  sigma = 0.25;
  max_thickness = 10;
  step_size=0.5;
  STEP_SIZE=0.1;
  which = 1
  thresh = 0
  flags = 0
  CBVfindFirstPeakD1=0
  CBVfindFirstPeakD2=0
  nvertices=130007
  Gdiag_no=-1
  vno start=0, stop=130007
Replacing 255s with 0s
#SI# sigma=0.25 had to be increased for 187 vertices, nripped=6804
mean border=86.6, 220 (7) missing vertices, mean dist -0.0 [0.3 (%52.6)->0.3 (%47.4))]
%83 local maxima, %11 large gradients and % 0 min vals, 0 gradients ignored
nFirstPeakD1 0
MRIScomputeBorderValues_new() finished in 0.0033 min


Finding expansion regions
mean absolute distance = 0.30 +- 0.45
3786 vertices more than 2 sigmas from mean.
Averaging target values for 5 iterations...
Positioning Surface: tspring = 0.3, nspring = 0.3, spring = 0, niters = 100 l_repulse = 5, l_surf_repulse = 0, checktol = 0
Positioning pial surface
Entering MRISpositionSurface()
  max_mm = 0.3
  MAX_REDUCTIONS = 2, REDUCTION_PCT = 0.5
  parms->check_tol = 0, niterations = 100
tol=1.0e-04, sigma=0.2, host=dna03, nav=0, nbrs=2, l_repulse=5.000, l_tspring=0.300, l_nspring=0.300, l_intensity=0.200, l_curv=1.000
mom=0.00, dt=0.50
000: dt: 0.0000, sse=253228.6, rms=1.458
025: dt: 0.5000, sse=243757.8, rms=1.240 (14.941%)
rms = 1.5211/1.2399, sse=259813.2/243757.8, time step reduction 1 of 3 to 0.250  0 1 1
   RMS increased, rejecting step
026: dt: 0.2500, sse=226672.2, rms=0.968 (21.913%)
027: dt: 0.2500, sse=224413.1, rms=0.904 (6.625%)
rms = 0.8723/0.9040, sse=221471.5/224413.1, time step reduction 2 of 3 to 0.125  0 0 1
028: dt: 0.2500, sse=221471.5, rms=0.872 (3.505%)
rms = 0.8575/0.8723, sse=226938.1/221471.5, time step reduction 3 of 3 to 0.062  0 1 1
029: dt: 0.1250, sse=226938.1, rms=0.857 (1.705%)
  maximum number of reductions reached, breaking from loop
positioning took 0.4 minutes


Writing output to ../surf/lh.white.preaparc
#ET# mris_place_surface  2.46 minutes
#VMPC# mris_place_surfaces VmPeak  3038184
mris_place_surface done
#--------------------------------------------
#@# CortexLabel lh Thu Mar 12 16:43:55 CET 2026
cd /out/sourcedata/freesurfer/sub-v1s20x0050281_ses-1/mri
mri_label2label --label-cortex ../surf/lh.white.preaparc aseg.presurf.mgz 0 ../label/lh.cortex.label

 Generating cortex label... RemoveHipAmgy=0
 NucAccIsMedialWall=0
 mris->useRealRAS=0
4 non-cortical segments detected
only using segment with 7670 vertices
erasing segment 0 (vno[0] = 23043)
erasing segment 2 (vno[0] = 73925)
erasing segment 3 (vno[0] = 75447)
#--------------------------------------------
#@# CortexLabel+HipAmyg lh Thu Mar 12 16:44:09 CET 2026
cd /out/sourcedata/freesurfer/sub-v1s20x0050281_ses-1/mri
mri_label2label --label-cortex ../surf/lh.white.preaparc aseg.presurf.mgz 1 ../label/lh.cortex+hipamyg.label

 Generating cortex label... RemoveHipAmgy=1
 NucAccIsMedialWall=0
 mris->useRealRAS=0
10 non-cortical segments detected
only using segment with 5311 vertices
erasing segment 0 (vno[0] = 23043)
erasing segment 2 (vno[0] = 37526)
erasing segment 3 (vno[0] = 37529)
erasing segment 4 (vno[0] = 39354)
erasing segment 5 (vno[0] = 73185)
erasing segment 6 (vno[0] = 73925)
erasing segment 7 (vno[0] = 75447)
erasing segment 8 (vno[0] = 107125)
erasing segment 9 (vno[0] = 119771)
#--------------------------------------------
#@# Smooth2 lh Thu Mar 12 16:44:22 CET 2026
/out/sourcedata/freesurfer/sub-v1s20x0050281_ses-1/scripts

 mris_smooth -n 3 -nw -seed 1234 ../surf/lh.white.preaparc ../surf/lh.smoothwm 

smoothing for 3 iterations
setting seed for random number generator to 1234
smoothing surface tessellation for 3 iterations...
smoothing complete - recomputing first and second fundamental forms...
#--------------------------------------------
#@# Inflation2 lh Thu Mar 12 16:44:25 CET 2026
/out/sourcedata/freesurfer/sub-v1s20x0050281_ses-1/scripts

 mris_inflate ../surf/lh.smoothwm ../surf/lh.inflated 

Reading ../surf/lh.smoothwm
avg radius = 45.9 mm, total surface area = 82255 mm^2
step 000: RMS=0.173 (target=0.015)   step 005: RMS=0.118 (target=0.015)   step 010: RMS=0.091 (target=0.015)   step 015: RMS=0.075 (target=0.015)   step 020: RMS=0.063 (target=0.015)   step 025: RMS=0.054 (target=0.015)   step 030: RMS=0.046 (target=0.015)   step 035: RMS=0.040 (target=0.015)   step 040: RMS=0.034 (target=0.015)   step 045: RMS=0.031 (target=0.015)   step 050: RMS=0.029 (target=0.015)   step 055: RMS=0.028 (target=0.015)   step 060: RMS=0.027 (target=0.015)   writing inflated surface to ../surf/lh.inflated
writing sulcal depths to ../surf/lh.sulc

inflation complete.
inflation took 0.2 minutes
mris_inflate utimesec    60.256541
mris_inflate stimesec    2.031003
mris_inflate ru_maxrss   199744
mris_inflate ru_ixrss    0
mris_inflate ru_idrss    0
mris_inflate ru_isrss    0
mris_inflate ru_minflt   523955
mris_inflate ru_majflt   2
mris_inflate ru_nswap    0
mris_inflate ru_inblock  130
mris_inflate ru_oublock  10168
mris_inflate ru_msgsnd   0
mris_inflate ru_msgrcv   0
mris_inflate ru_nsignals 0
mris_inflate ru_nvcsw    28295
mris_inflate ru_nivcsw   374
#--------------------------------------------
#@# Curv .H and .K lh Thu Mar 12 16:44:36 CET 2026
/out/sourcedata/freesurfer/sub-v1s20x0050281_ses-1/surf

 mris_curvature -w -seed 1234 lh.white.preaparc 

setting seed for random number generator to 1234
total integrated curvature = 30.601*4pi (384.549) --> -30 handles
ICI = 200.3, FI = 1469.0, variation=24903.408
writing Gaussian curvature to ./lh.white.preaparc.K...done.
writing mean curvature to ./lh.white.preaparc.H...done.
rm -f lh.white.H
ln -s lh.white.preaparc.H lh.white.H
rm -f lh.white.K
ln -s lh.white.preaparc.K lh.white.K

 mris_curvature -seed 1234 -thresh .999 -n -a 5 -w -distances 10 10 lh.inflated 

setting seed for random number generator to 1234
normalizing curvature values.
averaging curvature patterns 5 times.
sampling 10 neighbors out to a distance of 10 mm
167 vertices thresholded to be in k1 ~ [-1.31 0.58], k2 ~ [-0.32 0.34]
total integrated curvature = 0.182*4pi (2.283) --> 1 handles
ICI = 1.4, FI = 10.4, variation=176.676
163 vertices thresholded to be in [-0.15 0.05]
writing Gaussian curvature to ./lh.inflated.K...thresholding curvature at 99.90% level
curvature mean = 0.000, std = 0.004
111 vertices thresholded to be in [-0.48 0.17]
done.
writing mean curvature to ./lh.inflated.H...curvature mean = -0.017, std = 0.027
done.
#--------------------------------------------
#@# Sphere lh Thu Mar 12 16:45:19 CET 2026
/out/sourcedata/freesurfer/sub-v1s20x0050281_ses-1/scripts

 mris_sphere -seed 1234 ../surf/lh.inflated ../surf/lh.sphere 

setting seed for random number genererator to 1234
version: 7.3.2
available threads: 16
reading original vertex positions...
projecting onto sphere...
surface projected - minimizing metric distortion...
scaling brain by 0.289...
MRISunfold() max_passes = 1 -------
tol=5.0e-01, sigma=0.0, host=dna03, nav=1024, nbrs=2, l_area=1.000, l_dist=1.000
using quadratic fit line minimization
complete_dist_mat 0
rms 0
smooth_averages 0
remove_neg 0
ico_order 0
which_surface 0
target_radius 0.000000
nfields 0
scale 1.000000
desired_rms_height -1.000000
momentum 0.900000
nbhd_size 7
max_nbrs 8
niterations 25
nsurfaces 0
SURFACES 3
flags 0 (0)
use curv 0
no sulc 0
no rigid align 0
mris->nsize 2
mris->hemisphere 0
randomSeed 1234

singular matrix in quadratic form
singular matrix in quadratic form
--------------------
  mrisRemoveNegativeArea()
pass 1: epoch 1 of 3 starting distance error %20.79
pass 1: epoch 2 of 3 starting distance error %20.73
unfolding complete - removing small folds...
starting distance error %20.60
removing remaining folds...
final distance error %20.65
MRISunfold() return, current seed 1234
-01: dt=0.0000,  38 negative triangles  VmPeak 1585784
225: dt=0.9900,  38 negative triangles
226: dt=0.9900,  35 negative triangles
227: dt=0.9900,  39 negative triangles
228: dt=0.9900,  31 negative triangles
229: dt=0.9900,  33 negative triangles
230: dt=0.9900,  29 negative triangles
231: dt=0.9900,  31 negative triangles
232: dt=0.9900,  32 negative triangles
233: dt=0.9900,  31 negative triangles
234: dt=0.9900,  31 negative triangles
235: dt=0.9900,  30 negative triangles
236: dt=0.9900,  30 negative triangles
237: dt=0.9900,  28 negative triangles
238: dt=0.9900,  32 negative triangles
239: dt=0.9900,  28 negative triangles
240: dt=0.9900,  29 negative triangles
241: dt=0.9900,  27 negative triangles
242: dt=0.9900,  27 negative triangles
243: dt=0.9900,  29 negative triangles
244: dt=0.9900,  32 negative triangles
245: dt=0.9900,  27 negative triangles
246: dt=0.9900,  29 negative triangles
247: dt=0.9900,  27 negative triangles
248: dt=0.9900,  30 negative triangles
249: dt=0.9900,  29 negative triangles
250: dt=0.9900,  29 negative triangles
251: dt=0.9405,  28 negative triangles
252: dt=0.9405,  34 negative triangles
253: dt=0.9405,  28 negative triangles
254: dt=0.9405,  28 negative triangles
255: dt=0.9405,  27 negative triangles
256: dt=0.9405,  30 negative triangles
257: dt=0.9405,  30 negative triangles
258: dt=0.9405,  27 negative triangles
259: dt=0.9405,  28 negative triangles
260: dt=0.9405,  29 negative triangles
261: dt=0.8935,  28 negative triangles
262: dt=0.8935,  27 negative triangles
263: dt=0.8935,  28 negative triangles
264: dt=0.8935,  31 negative triangles
265: dt=0.8935,  29 negative triangles
266: dt=0.8935,  28 negative triangles
267: dt=0.8935,  29 negative triangles
268: dt=0.8935,  28 negative triangles
269: dt=0.8935,  30 negative triangles
270: dt=0.8935,  27 negative triangles
271: dt=0.8488,  28 negative triangles
272: dt=0.8488,  27 negative triangles
273: dt=0.8488,  31 negative triangles
274: dt=0.8488,  27 negative triangles
275: dt=0.8488,  28 negative triangles
276: dt=0.8488,  28 negative triangles
277: dt=0.8488,  30 negative triangles
278: dt=0.8488,  27 negative triangles
279: dt=0.8488,  29 negative triangles
280: dt=0.8488,  26 negative triangles
281: dt=0.8488,  31 negative triangles
282: dt=0.8488,  27 negative triangles
283: dt=0.8488,  28 negative triangles
284: dt=0.8488,  24 negative triangles
285: dt=0.8488,  27 negative triangles
286: dt=0.8488,  25 negative triangles
287: dt=0.8488,  23 negative triangles
288: dt=0.8488,  24 negative triangles
289: dt=0.8488,  25 negative triangles
290: dt=0.8488,  24 negative triangles
291: dt=0.8488,  24 negative triangles
292: dt=0.8488,  24 negative triangles
293: dt=0.8488,  27 negative triangles
294: dt=0.8488,  23 negative triangles
295: dt=0.8488,  26 negative triangles
296: dt=0.8488,  23 negative triangles
297: dt=0.8064,  26 negative triangles
298: dt=0.8064,  23 negative triangles
299: dt=0.8064,  25 negative triangles
300: dt=0.8064,  23 negative triangles
301: dt=0.8064,  28 negative triangles
302: dt=0.8064,  23 negative triangles
303: dt=0.8064,  24 negative triangles
304: dt=0.8064,  23 negative triangles
305: dt=0.8064,  26 negative triangles
306: dt=0.8064,  23 negative triangles
307: dt=0.7660,  26 negative triangles
308: dt=0.7660,  23 negative triangles
309: dt=0.7660,  29 negative triangles
310: dt=0.7660,  23 negative triangles
311: dt=0.7660,  24 negative triangles
312: dt=0.7660,  24 negative triangles
313: dt=0.7660,  24 negative triangles
314: dt=0.7660,  25 negative triangles
315: dt=0.7660,  23 negative triangles
316: dt=0.7660,  26 negative triangles
317: dt=0.7277,  23 negative triangles
318: dt=0.7277,  23 negative triangles
319: dt=0.7277,  24 negative triangles
320: dt=0.7277,  27 negative triangles
321: dt=0.7277,  22 negative triangles
322: dt=0.7277,  23 negative triangles
323: dt=0.7277,  22 negative triangles
324: dt=0.7277,  25 negative triangles
325: dt=0.7277,  22 negative triangles
326: dt=0.7277,  25 negative triangles
327: dt=0.7277,  22 negative triangles
328: dt=0.7277,  27 negative triangles
329: dt=0.7277,  22 negative triangles
330: dt=0.7277,  23 negative triangles
331: dt=0.6914,  24 negative triangles
332: dt=0.6914,  23 negative triangles
333: dt=0.6914,  22 negative triangles
334: dt=0.6914,  26 negative triangles
335: dt=0.6914,  22 negative triangles
336: dt=0.6914,  23 negative triangles
337: dt=0.6914,  22 negative triangles
338: dt=0.6914,  25 negative triangles
339: dt=0.6914,  22 negative triangles
340: dt=0.6914,  26 negative triangles
341: dt=0.6568,  22 negative triangles
342: dt=0.6568,  25 negative triangles
343: dt=0.6568,  22 negative triangles
344: dt=0.6568,  23 negative triangles
345: dt=0.6568,  24 negative triangles
346: dt=0.6568,  25 negative triangles
347: dt=0.6568,  22 negative triangles
348: dt=0.6568,  23 negative triangles
349: dt=0.6568,  21 negative triangles
350: dt=0.6568,  22 negative triangles
351: dt=0.6568,  21 negative triangles
352: dt=0.6568,  28 negative triangles
353: dt=0.6568,  21 negative triangles
354: dt=0.6568,  22 negative triangles
355: dt=0.6568,  21 negative triangles
356: dt=0.6568,  21 negative triangles
357: dt=0.6568,  22 negative triangles
358: dt=0.6568,  20 negative triangles
359: dt=0.6568,  23 negative triangles
360: dt=0.6568,  20 negative triangles
361: dt=0.6568,  22 negative triangles
362: dt=0.6568,  20 negative triangles
363: dt=0.6568,  25 negative triangles
364: dt=0.6568,  21 negative triangles
365: dt=0.6568,  22 negative triangles
366: dt=0.6568,  20 negative triangles
367: dt=0.6568,  21 negative triangles
368: dt=0.6239,  21 negative triangles
369: dt=0.6239,  23 negative triangles
370: dt=0.6239,  20 negative triangles
371: dt=0.6239,  21 negative triangles
372: dt=0.6239,  22 negative triangles
373: dt=0.6239,  20 negative triangles
374: dt=0.6239,  19 negative triangles
375: dt=0.6239,  22 negative triangles
376: dt=0.6239,  21 negative triangles
377: dt=0.6239,  19 negative triangles
378: dt=0.6239,  17 negative triangles
379: dt=0.6239,  19 negative triangles
380: dt=0.6239,  16 negative triangles
381: dt=0.6239,  17 negative triangles
382: dt=0.6239,  18 negative triangles
383: dt=0.6239,  17 negative triangles
384: dt=0.6239,  16 negative triangles
385: dt=0.6239,  17 negative triangles
386: dt=0.6239,  19 negative triangles
387: dt=0.6239,  16 negative triangles
388: dt=0.6239,  17 negative triangles
389: dt=0.6239,  16 negative triangles
390: dt=0.5927,  18 negative triangles
391: dt=0.5927,  16 negative triangles
392: dt=0.5927,  17 negative triangles
393: dt=0.5927,  16 negative triangles
394: dt=0.5927,  20 negative triangles
395: dt=0.5927,  16 negative triangles
396: dt=0.5927,  17 negative triangles
397: dt=0.5927,  16 negative triangles
398: dt=0.5927,  20 negative triangles
399: dt=0.5927,  16 negative triangles
400: dt=0.5631,  18 negative triangles
401: dt=0.5631,  20 negative triangles
402: dt=0.5631,  16 negative triangles
403: dt=0.5631,  17 negative triangles
404: dt=0.5631,  16 negative triangles
405: dt=0.5631,  17 negative triangles
406: dt=0.5631,  18 negative triangles
407: dt=0.5631,  16 negative triangles
408: dt=0.5631,  17 negative triangles
409: dt=0.5631,  18 negative triangles
410: dt=0.5350,  17 negative triangles
411: dt=0.5350,  17 negative triangles
412: dt=0.5350,  16 negative triangles
413: dt=0.5350,  16 negative triangles
414: dt=0.5350,  17 negative triangles
415: dt=0.5350,  16 negative triangles
416: dt=0.5350,  18 negative triangles
417: dt=0.5350,  16 negative triangles
418: dt=0.5350,  17 negative triangles
419: dt=0.5350,  18 negative triangles
420: dt=0.5350,  15 negative triangles
421: dt=0.5350,  15 negative triangles
422: dt=0.5350,  15 negative triangles
423: dt=0.5350,  14 negative triangles
424: dt=0.5350,  14 negative triangles
425: dt=0.5350,  15 negative triangles
426: dt=0.5350,  14 negative triangles
427: dt=0.5350,  17 negative triangles
428: dt=0.5350,  14 negative triangles
429: dt=0.5350,  15 negative triangles
430: dt=0.5350,  14 negative triangles
431: dt=0.5350,  17 negative triangles
432: dt=0.5350,  15 negative triangles
433: dt=0.5082,  15 negative triangles
434: dt=0.5082,  13 negative triangles
435: dt=0.5082,  12 negative triangles
436: dt=0.5082,  13 negative triangles
437: dt=0.5082,  12 negative triangles
438: dt=0.5082,  13 negative triangles
439: dt=0.5082,  12 negative triangles
440: dt=0.5082,  11 negative triangles
441: dt=0.5082,  10 negative triangles
442: dt=0.5082,  12 negative triangles
443: dt=0.5082,  10 negative triangles
444: dt=0.5082,  14 negative triangles
445: dt=0.5082,  10 negative triangles
446: dt=0.5082,   7 negative triangles
447: dt=0.5082,   8 negative triangles
448: dt=0.5082,   7 negative triangles
449: dt=0.5082,   7 negative triangles
450: dt=0.5082,   8 negative triangles
451: dt=0.5082,   8 negative triangles
452: dt=0.5082,   7 negative triangles
453: dt=0.5082,   7 negative triangles
454: dt=0.5082,   5 negative triangles
455: dt=0.5082,   7 negative triangles
456: dt=0.5082,   5 negative triangles
457: dt=0.5082,   6 negative triangles
458: dt=0.5082,   6 negative triangles
459: dt=0.5082,   5 negative triangles
460: dt=0.5082,  10 negative triangles
461: dt=0.5082,   5 negative triangles
462: dt=0.5082,   6 negative triangles
463: dt=0.5082,   6 negative triangles
464: dt=0.4828,   5 negative triangles
465: dt=0.4828,   5 negative triangles
466: dt=0.4828,   6 negative triangles
467: dt=0.4828,   5 negative triangles
468: dt=0.4828,   4 negative triangles
469: dt=0.4828,   4 negative triangles
470: dt=0.4828,   6 negative triangles
471: dt=0.4828,   3 negative triangles
472: dt=0.4828,   4 negative triangles
473: dt=0.4828,   2 negative triangles
474: dt=0.4828,   5 negative triangles
475: dt=0.4828,   3 negative triangles
476: dt=0.4828,   4 negative triangles
477: dt=0.4828,   2 negative triangles
478: dt=0.4828,   2 negative triangles
479: dt=0.4828,   1 negative triangles
480: dt=0.4828,   1 negative triangles
481: dt=0.4828,   1 negative triangles
482: dt=0.4828,   1 negative triangles
483: dt=0.4828,   1 negative triangles
484: dt=0.4828,   1 negative triangles
485: dt=0.4828,   1 negative triangles
486: dt=0.4828,   1 negative triangles
487: dt=0.4828,   1 negative triangles
488: dt=0.4828,   1 negative triangles
489: dt=0.4587,   1 negative triangles
490: dt=0.4587,   1 negative triangles
491: dt=0.4587,   1 negative triangles
492: dt=0.4587,   1 negative triangles
493: dt=0.4587,   1 negative triangles
494: dt=0.4587,   1 negative triangles
495: dt=0.4587,   1 negative triangles
496: dt=0.4587,   1 negative triangles
497: dt=0.4587,   1 negative triangles
498: dt=0.4587,   1 negative triangles
499: dt=0.4357,   1 negative triangles
500: dt=0.4357,   1 negative triangles
501: dt=0.4357,   1 negative triangles
502: dt=0.4357,   1 negative triangles
503: dt=0.4357,   1 negative triangles
504: dt=0.4357,   1 negative triangles
505: dt=0.4357,   1 negative triangles
expanding nbhd size to 1
506: dt=0.9900,   1 negative triangles
507: dt=0.9900,   2 negative triangles
508: dt=0.9900,   1 negative triangles
509: dt=0.9405,   1 negative triangles
510: dt=0.9405,   1 negative triangles
511: dt=0.9405,   2 negative triangles
512: dt=0.9405,   2 negative triangles
513: dt=0.9405,   2 negative triangles
514: dt=0.9405,   3 negative triangles
515: dt=0.9405,   2 negative triangles
516: dt=0.9405,   3 negative triangles
517: dt=0.9405,   2 negative triangles
518: dt=0.9405,   2 negative triangles
519: dt=0.8935,   2 negative triangles
520: dt=0.8935,   1 negative triangles
521: dt=0.8935,   2 negative triangles
writing spherical brain to ../surf/lh.sphere
spherical transformation took 0.0685 hours
FSRUNTIME@ mris_sphere  0.0685 hours 16 threads
#VMPC# mris_sphere VmPeak  1585784
mris_sphere done
#--------------------------------------------
#@# Surf Reg lh Thu Mar 12 16:49:26 CET 2026
/out/sourcedata/freesurfer/sub-v1s20x0050281_ses-1/scripts

 mris_register -curv ../surf/lh.sphere /opt/freesurfer/average/lh.folding.atlas.acfb40.noaparc.i12.2016-08-02.tif ../surf/lh.sphere.reg 

using smoothwm curvature for final alignment

cwd /out/sourcedata/freesurfer/sub-v1s20x0050281_ses-1/scripts
cmdline mris_register -curv ../surf/lh.sphere /opt/freesurfer/average/lh.folding.atlas.acfb40.noaparc.i12.2016-08-02.tif ../surf/lh.sphere.reg 

0 inflated.H
1 sulc
2 smoothwm (computed)
7.3.2
  7.3.2
reading surface from ../surf/lh.sphere...
reading template parameterization from /opt/freesurfer/average/lh.folding.atlas.acfb40.noaparc.i12.2016-08-02.tif...
MRISregister() -------
max_passes = 4 
min_degrees = 0.500000 
max_degrees = 64.000000 
nangles = 8 
tol=5.0e-01, sigma=0.0, host=dna03, nav=1024, nbrs=1, l_extern=10000.000, l_parea=0.200, l_nlarea=1.000, l_corr=1.000, l_dist=5.000
using quadratic fit line minimization
complete_dist_mat 0
rms 0
smooth_averages 0
remove_neg 0
ico_order 0
which_surface 0
target_radius 0.000000
nfields 0
scale 0.000000
desired_rms_height -1.000000
momentum 0.950000
nbhd_size -10
max_nbrs 10
niterations 25
nsurfaces 0
SURFACES 3
flags 16 (10)
use curv 16
no sulc 0
no rigid align 0
mris->nsize 1
mris->hemisphere 0
randomSeed 0

tol=5.0e-01, sigma=0.0, host=dna03, nav=1024, nbrs=1, l_extern=10000.000, l_parea=0.200, l_nlarea=1.000, l_corr=1.000, l_dist=5.000
using quadratic fit line minimization
--------------------
1 Reading lh.sulc
tol=1.0e+00, sigma=0.5, host=dna03, nav=1024, nbrs=1, l_extern=10000.000, l_parea=0.200, l_nlarea=1.000, l_corr=0.050, l_spring=0.500, l_dist=5.000
using quadratic fit line minimization
curvature mean = -0.000, std = 5.744
curvature mean = 0.053, std = 0.817
curvature mean = 0.005, std = 0.877
Starting MRISrigidBodyAlignGlobal()
Starting new MRISrigidBodyAlignGlobal_findMinSSE()
  new MRISrigidBodyAlignGlobal_findMinSSE min @ (5.00, -8.00, 16.50) sse = 225514.7, elapsed since starting=0.1117 min
MRISrigidBodyAlignGlobal() done   0.11 min
curvature mean = 0.042, std = 0.849
curvature mean = 0.002, std = 0.954
curvature mean = 0.042, std = 0.862
curvature mean = 0.001, std = 0.982
curvature mean = 0.041, std = 0.865
curvature mean = 0.000, std = 0.993
2 Reading smoothwm
curvature mean = -0.027, std = 0.352
curvature mean = 0.047, std = 0.250
curvature mean = 0.038, std = 0.292
curvature mean = 0.039, std = 0.311
curvature mean = 0.032, std = 0.427
curvature mean = 0.038, std = 0.339
curvature mean = 0.018, std = 0.535
curvature mean = 0.038, std = 0.351
curvature mean = 0.007, std = 0.620
MRISregister() return, current seed 0
-01: dt=0.0000,  47 negative triangles  VmPeak 1590364
113: dt=0.9900,  47 negative triangles
expanding nbhd size to 1
114: dt=0.9900,  48 negative triangles
115: dt=0.9900,  43 negative triangles
116: dt=0.9900,  45 negative triangles
117: dt=0.9900,  47 negative triangles
118: dt=0.9900,  44 negative triangles
119: dt=0.9900,  43 negative triangles
120: dt=0.9900,  43 negative triangles
121: dt=0.9900,  45 negative triangles
122: dt=0.9900,  43 negative triangles
123: dt=0.9900,  43 negative triangles
124: dt=0.9900,  44 negative triangles
125: dt=0.9405,  43 negative triangles
126: dt=0.9405,  43 negative triangles
127: dt=0.9405,  43 negative triangles
128: dt=0.9405,  41 negative triangles
129: dt=0.9405,  40 negative triangles
130: dt=0.9405,  40 negative triangles
131: dt=0.9405,  40 negative triangles
132: dt=0.9405,  40 negative triangles
133: dt=0.9405,  41 negative triangles
134: dt=0.9405,  41 negative triangles
135: dt=0.9405,  41 negative triangles
136: dt=0.9405,  41 negative triangles
137: dt=0.9405,  40 negative triangles
138: dt=0.9405,  40 negative triangles
139: dt=0.8935,  40 negative triangles
140: dt=0.8935,  39 negative triangles
141: dt=0.8935,  39 negative triangles
142: dt=0.8935,  39 negative triangles
143: dt=0.8935,  39 negative triangles
144: dt=0.8935,  39 negative triangles
145: dt=0.8935,  39 negative triangles
146: dt=0.8935,  39 negative triangles
147: dt=0.8935,  39 negative triangles
148: dt=0.8935,  39 negative triangles
149: dt=0.8935,  39 negative triangles
150: dt=0.8488,  39 negative triangles
151: dt=0.8488,  39 negative triangles
152: dt=0.8488,  39 negative triangles
153: dt=0.8488,  39 negative triangles
154: dt=0.8488,  39 negative triangles
155: dt=0.8488,  39 negative triangles
156: dt=0.8488,  40 negative triangles
157: dt=0.8488,  40 negative triangles
158: dt=0.8488,  40 negative triangles
159: dt=0.8488,  40 negative triangles
160: dt=0.8064,  40 negative triangles
161: dt=0.8064,  41 negative triangles
162: dt=0.8064,  40 negative triangles
163: dt=0.8064,  39 negative triangles
164: dt=0.8064,  39 negative triangles
165: dt=0.8064,  39 negative triangles
166: dt=0.8064,  39 negative triangles
167: dt=0.8064,  38 negative triangles
168: dt=0.8064,  38 negative triangles
169: dt=0.8064,  37 negative triangles
170: dt=0.8064,  37 negative triangles
171: dt=0.8064,  37 negative triangles
172: dt=0.8064,  37 negative triangles
173: dt=0.8064,  37 negative triangles
174: dt=0.8064,  37 negative triangles
175: dt=0.8064,  37 negative triangles
176: dt=0.8064,  37 negative triangles
177: dt=0.8064,  37 negative triangles
178: dt=0.8064,  37 negative triangles
179: dt=0.7660,  37 negative triangles
180: dt=0.7660,  37 negative triangles
181: dt=0.7660,  37 negative triangles
182: dt=0.7660,  37 negative triangles
183: dt=0.7660,  38 negative triangles
184: dt=0.7660,  37 negative triangles
185: dt=0.7660,  37 negative triangles
186: dt=0.7660,  37 negative triangles
187: dt=0.7660,  37 negative triangles
188: dt=0.7660,  37 negative triangles
189: dt=0.7277,  37 negative triangles
190: dt=0.7277,  37 negative triangles
191: dt=0.7277,  37 negative triangles
192: dt=0.7277,  37 negative triangles
193: dt=0.7277,  37 negative triangles
194: dt=0.7277,  37 negative triangles
195: dt=0.7277,  37 negative triangles
196: dt=0.7277,  37 negative triangles
197: dt=0.7277,  36 negative triangles
198: dt=0.7277,  36 negative triangles
199: dt=0.7277,  36 negative triangles
200: dt=0.7277,  36 negative triangles
201: dt=0.7277,  36 negative triangles
202: dt=0.7277,  36 negative triangles
203: dt=0.7277,  36 negative triangles
204: dt=0.7277,  36 negative triangles
205: dt=0.7277,  36 negative triangles
206: dt=0.7277,  37 negative triangles
207: dt=0.6914,  36 negative triangles
208: dt=0.6914,  36 negative triangles
209: dt=0.6914,  36 negative triangles
210: dt=0.6914,  35 negative triangles
211: dt=0.6914,  35 negative triangles
212: dt=0.6914,  35 negative triangles
213: dt=0.6914,  35 negative triangles
214: dt=0.6914,  35 negative triangles
215: dt=0.6914,  34 negative triangles
216: dt=0.6914,  33 negative triangles
217: dt=0.6914,  33 negative triangles
218: dt=0.6914,  33 negative triangles
219: dt=0.6914,  33 negative triangles
220: dt=0.6914,  33 negative triangles
221: dt=0.6914,  33 negative triangles
222: dt=0.6914,  33 negative triangles
223: dt=0.6914,  33 negative triangles
224: dt=0.6914,  33 negative triangles
225: dt=0.6914,  32 negative triangles
226: dt=0.6914,  32 negative triangles
227: dt=0.6914,  31 negative triangles
228: dt=0.6914,  30 negative triangles
229: dt=0.6914,  30 negative triangles
230: dt=0.6914,  30 negative triangles
231: dt=0.6914,  32 negative triangles
232: dt=0.6914,  31 negative triangles
233: dt=0.6914,  31 negative triangles
234: dt=0.6914,  31 negative triangles
235: dt=0.6914,  30 negative triangles
236: dt=0.6914,  30 negative triangles
237: dt=0.6914,  30 negative triangles
238: dt=0.6568,  30 negative triangles
239: dt=0.6568,  30 negative triangles
240: dt=0.6568,  30 negative triangles
241: dt=0.6568,  30 negative triangles
242: dt=0.6568,  30 negative triangles
243: dt=0.6568,  30 negative triangles
244: dt=0.6568,  30 negative triangles
245: dt=0.6568,  30 negative triangles
246: dt=0.6568,  29 negative triangles
247: dt=0.6568,  28 negative triangles
248: dt=0.6568,  28 negative triangles
249: dt=0.6568,  28 negative triangles
250: dt=0.6568,  28 negative triangles
251: dt=0.6568,  27 negative triangles
252: dt=0.6568,  26 negative triangles
253: dt=0.6568,  27 negative triangles
254: dt=0.6568,  25 negative triangles
255: dt=0.6568,  25 negative triangles
256: dt=0.6568,  25 negative triangles
257: dt=0.6568,  25 negative triangles
258: dt=0.6568,  26 negative triangles
259: dt=0.6568,  25 negative triangles
260: dt=0.6568,  26 negative triangles
261: dt=0.6568,  27 negative triangles
262: dt=0.6568,  26 negative triangles
263: dt=0.6568,  25 negative triangles
264: dt=0.6568,  24 negative triangles
265: dt=0.6568,  24 negative triangles
266: dt=0.6568,  25 negative triangles
267: dt=0.6568,  24 negative triangles
268: dt=0.6568,  24 negative triangles
269: dt=0.6568,  24 negative triangles
270: dt=0.6568,  24 negative triangles
271: dt=0.6568,  24 negative triangles
272: dt=0.6568,  24 negative triangles
273: dt=0.6568,  23 negative triangles
274: dt=0.6568,  22 negative triangles
275: dt=0.6568,  22 negative triangles
276: dt=0.6568,  21 negative triangles
277: dt=0.6568,  21 negative triangles
278: dt=0.6568,  21 negative triangles
279: dt=0.6568,  21 negative triangles
280: dt=0.6568,  21 negative triangles
281: dt=0.6568,  20 negative triangles
282: dt=0.6568,  20 negative triangles
283: dt=0.6568,  20 negative triangles
284: dt=0.6568,  19 negative triangles
285: dt=0.6568,  19 negative triangles
286: dt=0.6568,  19 negative triangles
287: dt=0.6568,  19 negative triangles
288: dt=0.6568,  19 negative triangles
289: dt=0.6568,  19 negative triangles
290: dt=0.6568,  19 negative triangles
291: dt=0.6568,  19 negative triangles
292: dt=0.6568,  18 negative triangles
293: dt=0.6568,  17 negative triangles
294: dt=0.6568,  17 negative triangles
295: dt=0.6568,  17 negative triangles
296: dt=0.6568,  17 negative triangles
297: dt=0.6568,  17 negative triangles
298: dt=0.6568,  18 negative triangles
299: dt=0.6568,  17 negative triangles
300: dt=0.6568,  17 negative triangles
301: dt=0.6568,  17 negative triangles
302: dt=0.6568,  17 negative triangles
303: dt=0.6239,  17 negative triangles
304: dt=0.6239,  17 negative triangles
305: dt=0.6239,  17 negative triangles
306: dt=0.6239,  17 negative triangles
307: dt=0.6239,  17 negative triangles
308: dt=0.6239,  17 negative triangles
309: dt=0.6239,  17 negative triangles
310: dt=0.6239,  17 negative triangles
311: dt=0.6239,  17 negative triangles
312: dt=0.6239,  17 negative triangles
313: dt=0.5927,  17 negative triangles
314: dt=0.5927,  17 negative triangles
315: dt=0.5927,  17 negative triangles
316: dt=0.5927,  17 negative triangles
317: dt=0.5927,  17 negative triangles
318: dt=0.5927,  17 negative triangles
319: dt=0.5927,  17 negative triangles
320: dt=0.5927,  17 negative triangles
321: dt=0.5927,  17 negative triangles
322: dt=0.5927,  17 negative triangles
323: dt=0.5927,  16 negative triangles
324: dt=0.5927,  16 negative triangles
325: dt=0.5927,  15 negative triangles
326: dt=0.5927,  15 negative triangles
327: dt=0.5927,  15 negative triangles
328: dt=0.5927,  15 negative triangles
329: dt=0.5927,  15 negative triangles
330: dt=0.5927,  15 negative triangles
331: dt=0.5927,  15 negative triangles
332: dt=0.5927,  13 negative triangles
333: dt=0.5927,  13 negative triangles
334: dt=0.5927,  13 negative triangles
335: dt=0.5927,  13 negative triangles
336: dt=0.5927,  13 negative triangles
337: dt=0.5927,  12 negative triangles
338: dt=0.5927,  12 negative triangles
339: dt=0.5927,  12 negative triangles
340: dt=0.5927,  12 negative triangles
341: dt=0.5927,  13 negative triangles
342: dt=0.5927,  13 negative triangles
343: dt=0.5927,  12 negative triangles
344: dt=0.5927,  12 negative triangles
345: dt=0.5927,  11 negative triangles
346: dt=0.5927,  11 negative triangles
347: dt=0.5927,  11 negative triangles
348: dt=0.5927,  11 negative triangles
349: dt=0.5927,  11 negative triangles
350: dt=0.5927,  11 negative triangles
351: dt=0.5927,  13 negative triangles
352: dt=0.5927,  13 negative triangles
353: dt=0.5927,  11 negative triangles
354: dt=0.5927,  11 negative triangles
355: dt=0.5631,  11 negative triangles
356: dt=0.5631,  11 negative triangles
357: dt=0.5631,  11 negative triangles
358: dt=0.5631,  11 negative triangles
359: dt=0.5631,  11 negative triangles
360: dt=0.5631,  11 negative triangles
361: dt=0.5631,  11 negative triangles
362: dt=0.5631,  11 negative triangles
363: dt=0.5631,  11 negative triangles
364: dt=0.5631,  11 negative triangles
365: dt=0.5350,  11 negative triangles
366: dt=0.5350,  12 negative triangles
367: dt=0.5350,  13 negative triangles
368: dt=0.5350,  11 negative triangles
369: dt=0.5350,  11 negative triangles
370: dt=0.5350,  11 negative triangles
371: dt=0.5350,  11 negative triangles
372: dt=0.5350,  11 negative triangles
373: dt=0.5350,  11 negative triangles
374: dt=0.5350,  11 negative triangles
375: dt=0.5082,  11 negative triangles
376: dt=0.5082,  11 negative triangles
377: dt=0.5082,  11 negative triangles
378: dt=0.5082,  11 negative triangles
379: dt=0.5082,  11 negative triangles
380: dt=0.5082,  11 negative triangles
381: dt=0.5082,  11 negative triangles
382: dt=0.5082,  12 negative triangles
383: dt=0.5082,  13 negative triangles
384: dt=0.5082,  10 negative triangles
385: dt=0.5082,  10 negative triangles
386: dt=0.5082,  10 negative triangles
387: dt=0.5082,  10 negative triangles
388: dt=0.5082,  10 negative triangles
389: dt=0.5082,  10 negative triangles
390: dt=0.5082,   9 negative triangles
391: dt=0.5082,   9 negative triangles
392: dt=0.5082,   8 negative triangles
393: dt=0.5082,   8 negative triangles
394: dt=0.5082,   8 negative triangles
395: dt=0.5082,   8 negative triangles
396: dt=0.5082,   8 negative triangles
397: dt=0.5082,   8 negative triangles
398: dt=0.5082,   7 negative triangles
399: dt=0.5082,   8 negative triangles
400: dt=0.5082,   7 negative triangles
401: dt=0.5082,   7 negative triangles
402: dt=0.5082,   7 negative triangles
403: dt=0.5082,   7 negative triangles
404: dt=0.5082,   7 negative triangles
405: dt=0.5082,   7 negative triangles
406: dt=0.5082,   7 negative triangles
407: dt=0.5082,   7 negative triangles
408: dt=0.4828,   7 negative triangles
409: dt=0.4828,   6 negative triangles
410: dt=0.4828,   6 negative triangles
411: dt=0.4828,   7 negative triangles
412: dt=0.4828,   6 negative triangles
413: dt=0.4828,   6 negative triangles
414: dt=0.4828,   6 negative triangles
415: dt=0.4828,   6 negative triangles
416: dt=0.4828,   6 negative triangles
417: dt=0.4828,   6 negative triangles
418: dt=0.4828,   5 negative triangles
419: dt=0.4828,   4 negative triangles
420: dt=0.4828,   4 negative triangles
421: dt=0.4828,   4 negative triangles
422: dt=0.4828,   4 negative triangles
423: dt=0.4828,   4 negative triangles
424: dt=0.4828,   5 negative triangles
425: dt=0.4828,   4 negative triangles
426: dt=0.4828,   4 negative triangles
427: dt=0.4828,   4 negative triangles
428: dt=0.4828,   4 negative triangles
429: dt=0.4587,   4 negative triangles
430: dt=0.4587,   4 negative triangles
431: dt=0.4587,   3 negative triangles
432: dt=0.4587,   3 negative triangles
433: dt=0.4587,   3 negative triangles
434: dt=0.4587,   3 negative triangles
435: dt=0.4587,   3 negative triangles
436: dt=0.4587,   3 negative triangles
437: dt=0.4587,   3 negative triangles
438: dt=0.4587,   3 negative triangles
439: dt=0.4587,   3 negative triangles
440: dt=0.4587,   3 negative triangles
441: dt=0.4357,   4 negative triangles
442: dt=0.4357,   3 negative triangles
443: dt=0.4357,   3 negative triangles
444: dt=0.4357,   2 negative triangles
445: dt=0.4357,   2 negative triangles
446: dt=0.4357,   2 negative triangles
447: dt=0.4357,   2 negative triangles
448: dt=0.4357,   2 negative triangles
449: dt=0.4357,   2 negative triangles
450: dt=0.4357,   2 negative triangles
451: dt=0.4357,   2 negative triangles
452: dt=0.4357,   2 negative triangles
453: dt=0.4357,   2 negative triangles
454: dt=0.4139,   2 negative triangles
455: dt=0.4139,   2 negative triangles
456: dt=0.4139,   2 negative triangles
457: dt=0.4139,   2 negative triangles
458: dt=0.4139,   2 negative triangles
459: dt=0.4139,   2 negative triangles
460: dt=0.4139,   1 negative triangles
461: dt=0.4139,   1 negative triangles
462: dt=0.4139,   1 negative triangles
463: dt=0.4139,   1 negative triangles
464: dt=0.4139,   1 negative triangles
465: dt=0.4139,   1 negative triangles
466: dt=0.4139,   1 negative triangles
467: dt=0.4139,   1 negative triangles
468: dt=0.4139,   1 negative triangles
469: dt=0.4139,   1 negative triangles
470: dt=0.3932,   1 negative triangles
471: dt=0.3932,   2 negative triangles
472: dt=0.3932,   1 negative triangles
473: dt=0.3932,   1 negative triangles
474: dt=0.3932,   1 negative triangles
475: dt=0.3932,   1 negative triangles
476: dt=0.3932,   1 negative triangles
477: dt=0.3932,   1 negative triangles
478: dt=0.3932,   1 negative triangles
479: dt=0.3932,   1 negative triangles
480: dt=0.3736,   1 negative triangles
481: dt=0.3736,   1 negative triangles
482: dt=0.3736,   1 negative triangles
483: dt=0.3736,   1 negative triangles
writing registered surface to ../surf/lh.sphere.reg...
registration took 0.07 hours
#VMPC# mris_register VmPeak  1590364
FSRUNTIME@ mris_register  0.0687 hours 16 threads

 ln -sf lh.sphere.reg lh.fsaverage.sphere.reg 

#--------------------------------------------
#@# Jacobian white lh Thu Mar 12 16:53:33 CET 2026
/out/sourcedata/freesurfer/sub-v1s20x0050281_ses-1/scripts

 mris_jacobian ../surf/lh.white.preaparc ../surf/lh.sphere.reg ../surf/lh.jacobian_white 

reading surface from ../surf/lh.white.preaparc...
writing curvature file ../surf/lh.jacobian_white
#--------------------------------------------
#@# AvgCurv lh Thu Mar 12 16:53:34 CET 2026
/out/sourcedata/freesurfer/sub-v1s20x0050281_ses-1/scripts

 mrisp_paint -a 5 /opt/freesurfer/average/lh.folding.atlas.acfb40.noaparc.i12.2016-08-02.tif#6 ../surf/lh.sphere.reg ../surf/lh.avg_curv 

averaging curvature patterns 5 times...
reading surface from ../surf/lh.sphere.reg...
reading template parameterization from /opt/freesurfer/average/lh.folding.atlas.acfb40.noaparc.i12.2016-08-02.tif...
writing curvature file to ../surf/lh.avg_curv...
#-----------------------------------------
#@# Cortical Parc lh Thu Mar 12 16:53:35 CET 2026
/out/sourcedata/freesurfer/sub-v1s20x0050281_ses-1/scripts

 mris_ca_label -l ../label/lh.cortex.label -aseg ../mri/aseg.presurf.mgz -seed 1234 sub-v1s20x0050281_ses-1 lh ../surf/lh.sphere.reg /opt/freesurfer/average/lh.DKaparc.atlas.acfb40.noaparc.i12.2016-08-02.gcs ../label/lh.aparc.annot 

setting seed for random number generator to 1234
using ../mri/aseg.presurf.mgz aseg volume to correct midline
7.3.2
  7.3.2
reading atlas from /opt/freesurfer/average/lh.DKaparc.atlas.acfb40.noaparc.i12.2016-08-02.gcs...
reading color table from GCSA file....
average std = 0.8   using min determinant for regularization = 0.006
0 singular and 342 ill-conditioned covariance matrices regularized
input 0: MEAN CURVATURE, flags 0, avgs 5, name mean_curvature
labeling surface...
1277 labels changed using aseg
relabeling using gibbs priors...
000:   2970 changed, 130007 examined...
001:    719 changed, 12554 examined...
002:    182 changed, 4022 examined...
003:     66 changed, 1122 examined...
004:     25 changed, 412 examined...
005:      9 changed, 160 examined...
006:      3 changed, 64 examined...
007:      1 changed, 23 examined...
008:      1 changed, 7 examined...
009:      2 changed, 8 examined...
010:      2 changed, 11 examined...
011:      1 changed, 9 examined...
012:      1 changed, 8 examined...
013:      1 changed, 7 examined...
014:      0 changed, 7 examined...
176 labels changed using aseg
000: 105 total segments, 65 labels (266 vertices) changed
001: 41 total segments, 1 labels (1 vertices) changed
002: 40 total segments, 0 labels (0 vertices) changed
10 filter iterations complete (10 requested, 5 changed)
rationalizing unknown annotations with cortex label
relabeling unknown label...
relabeling corpuscallosum label...
2019 vertices marked for relabeling...
2019 labels changed in reclassification.
writing output to ../label/lh.aparc.annot...
classification took 0 minutes and 9 seconds.
#--------------------------------------------
#@# WhiteSurfs lh Thu Mar 12 16:53:44 CET 2026
cd /out/sourcedata/freesurfer/sub-v1s20x0050281_ses-1/mri
mris_place_surface --adgws-in ../surf/autodet.gw.stats.lh.dat --seg aseg.presurf.mgz --threads 16 --wm wm.mgz --invol brain.finalsurfs.mgz --lh --i ../surf/lh.white.preaparc --o ../surf/lh.white --white --nsmooth 0 --rip-label ../label/lh.cortex.label --rip-bg --rip-surf ../surf/lh.white.preaparc --aparc ../label/lh.aparc.annot
7.3.2
7.3.2

cd /out/sourcedata/freesurfer/sub-v1s20x0050281_ses-1/mri
setenv SUBJECTS_DIR /out/sourcedata/freesurfer
mris_place_surface --adgws-in ../surf/autodet.gw.stats.lh.dat --seg aseg.presurf.mgz --threads 16 --wm wm.mgz --invol brain.finalsurfs.mgz --lh --i ../surf/lh.white.preaparc --o ../surf/lh.white --white --nsmooth 0 --rip-label ../label/lh.cortex.label --rip-bg --rip-surf ../surf/lh.white.preaparc --aparc ../label/lh.aparc.annot 

Reading in input surface ../surf/lh.white.preaparc
Not smoothing input surface
Area    260010  0.35167  0.12078 0.001828   2.2067
Corner  780030 60.00000 13.24778 0.583231 178.4576
Edge    390015  0.91194  0.19633 0.022892   3.1852
Hinge   390015 10.81736 12.00839 0.000044 179.9903
Reading in aparc ../label/lh.aparc.annot
Reading in input volume brain.finalsurfs.mgz
Reading in wm volume wm.mgz
MRIclipBrightWM(): nthresh=14830, wmmin=5, clip=110 
MRIfindBrightNonWM(): 334 bright non-wm voxels segmented.
Masking bright non-wm for white surface
MRImask(): AllowDiffGeom = 1
MRImask(): AllowDiffGeom = 1
Reading in seg volume aseg.presurf.mgz
Ripping frozen voxels
Ripping vertices not in label ../label/lh.cortex.label
MRISripNotLabel() ripped 7914/130007 vertices (122093 unripped)
Reading in ripping surface ../surf/lh.white.preaparc
Reading in aparc ../label/lh.aparc.annot for ripsurf
Ripping BG
MRISripBasalGanglia(): 1 -2 2 0.5 ripped 575
Ripping segs (eg, WMSA, BG, frozen)
Starting MRISripSegs() d = (-2 2 0.5) segnos: 247 
MRISripSegs(): -2 2 0.5 ripped 0
vertex 65004: xyz = (-46.6348,-8.97967,14.6862) oxyz = (-46.6348,-8.97967,14.6862) wxzy = (-46.6348,-8.97967,14.6862) pxyz = (0,0,0) 
CBVO Creating mask 130007
n_averages 4
Iteration 0 =========================================
n_averages=4, current_sigma=2
Computing target border values 
Entering MRIScomputeBorderValues_new(): 
  inside_hi   = 120.0000000;
  border_hi   = 108.7059560;
  border_low  =  72.0000000;
  outside_low =  61.9705920;
  outside_hi  = 108.7059560;
  sigma = 2;
  max_thickness = 10;
  step_size=0.5;
  STEP_SIZE=0.1;
  which = 1
  thresh = 0
  flags = 0
  CBVfindFirstPeakD1=0
  CBVfindFirstPeakD2=0
  nvertices=130007
  Gdiag_no=-1
  vno start=0, stop=130007
Replacing 255s with 0s
#SI# sigma=2 had to be increased for 232 vertices, nripped=8489
mean border=82.4, 150 (150) missing vertices, mean dist 0.3 [0.6 (%18.8)->0.5 (%81.2))]
%67 local maxima, %27 large gradients and % 0 min vals, 0 gradients ignored
nFirstPeakD1 0
MRIScomputeBorderValues_new() finished in 0.0112 min


Finding expansion regions
mean absolute distance = 0.54 +- 0.83
3222 vertices more than 2 sigmas from mean.
Averaging target values for 5 iterations...
Positioning Surface: tspring = 0.3, nspring = 0.3, spring = 0, niters = 100 l_repulse = 5, l_surf_repulse = 0, checktol = 0
Positioning pial surface
Entering MRISpositionSurface()
  max_mm = 0.3
  MAX_REDUCTIONS = 2, REDUCTION_PCT = 0.5
  parms->check_tol = 0, niterations = 100
tol=1.0e-04, sigma=2.0, host=dna03, nav=4, nbrs=2, l_repulse=5.000, l_tspring=0.300, l_nspring=0.300, l_intensity=0.200, l_curv=1.000
mom=0.00, dt=0.50
complete_dist_mat 0
rms 0
smooth_averages 0
remove_neg 0
ico_order 0
which_surface 0
target_radius 0.000000
nfields 0
scale 0.000000
desired_rms_height 0.000000
momentum 0.000000
nbhd_size 0
max_nbrs 0
niterations 100
nsurfaces 0
SURFACES 3
flags 0 (0)
use curv 0
no sulc 0
no rigid align 0
mris->nsize 2
mris->hemisphere 0
randomSeed 0

000: dt: 0.0000, sse=1043522.8, rms=5.875
001: dt: 0.5000, sse=513041.8, rms=3.639 (38.056%)
002: dt: 0.5000, sse=388349.4, rms=2.831 (22.210%)
003: dt: 0.5000, sse=362541.4, rms=2.634 (6.964%)
004: dt: 0.5000, sse=350023.0, rms=2.514 (4.544%)
rms = 2.5559/2.5142, sse=354798.6/350023.0, time step reduction 1 of 3 to 0.250  0 1 1
   RMS increased, rejecting step
005: dt: 0.2500, sse=289934.2, rms=1.949 (22.489%)
006: dt: 0.2500, sse=267260.3, rms=1.671 (14.269%)
007: dt: 0.2500, sse=261471.3, rms=1.591 (4.773%)
rms = 1.5572/1.5909, sse=256095.5/261471.3, time step reduction 2 of 3 to 0.125  0 0 1
008: dt: 0.2500, sse=256095.5, rms=1.557 (2.123%)
rms = 1.5285/1.5572, sse=253841.2/256095.5, time step reduction 3 of 3 to 0.062  0 0 1
009: dt: 0.1250, sse=253841.2, rms=1.528 (1.842%)
  maximum number of reductions reached, breaking from loop
positioning took 0.8 minutes
Iteration 1 =========================================
n_averages=2, current_sigma=1
Computing target border values 
Entering MRIScomputeBorderValues_new(): 
  inside_hi   = 120.0000000;
  border_hi   = 108.7059560;
  border_low  =  72.0000000;
  outside_low =  61.9705920;
  outside_hi  = 108.7059560;
  sigma = 1;
  max_thickness = 10;
  step_size=0.5;
  STEP_SIZE=0.1;
  which = 1
  thresh = 0
  flags = 0
  CBVfindFirstPeakD1=0
  CBVfindFirstPeakD2=0
  nvertices=130007
  Gdiag_no=-1
  vno start=0, stop=130007
Replacing 255s with 0s
#SI# sigma=1 had to be increased for 262 vertices, nripped=8489
mean border=84.6, 152 (42) missing vertices, mean dist -0.2 [0.4 (%67.3)->0.3 (%32.7))]
%75 local maxima, %18 large gradients and % 0 min vals, 0 gradients ignored
nFirstPeakD1 0
MRIScomputeBorderValues_new() finished in 0.0088 min


Finding expansion regions
mean absolute distance = 0.38 +- 0.66
3565 vertices more than 2 sigmas from mean.
Averaging target values for 5 iterations...
Positioning Surface: tspring = 0.3, nspring = 0.3, spring = 0, niters = 100 l_repulse = 5, l_surf_repulse = 0, checktol = 0
Positioning pial surface
Entering MRISpositionSurface()
  max_mm = 0.3
  MAX_REDUCTIONS = 2, REDUCTION_PCT = 0.5
  parms->check_tol = 0, niterations = 100
tol=1.0e-04, sigma=1.0, host=dna03, nav=2, nbrs=2, l_repulse=5.000, l_tspring=0.300, l_nspring=0.300, l_intensity=0.200, l_curv=1.000
mom=0.00, dt=0.50
000: dt: 0.0000, sse=511763.1, rms=3.546
010: dt: 0.5000, sse=335741.9, rms=2.303 (35.059%)
011: dt: 0.5000, sse=319685.5, rms=2.164 (6.024%)
rms = 2.1763/2.1641, sse=322467.8/319685.5, time step reduction 1 of 3 to 0.250  0 1 1
   RMS increased, rejecting step
012: dt: 0.2500, sse=273959.2, rms=1.663 (23.155%)
013: dt: 0.2500, sse=253761.5, rms=1.378 (17.131%)
014: dt: 0.2500, sse=249561.1, rms=1.301 (5.604%)
rms = 1.2680/1.3009, sse=249768.8/249561.1, time step reduction 2 of 3 to 0.125  0 1 1
015: dt: 0.2500, sse=249768.8, rms=1.268 (2.526%)
rms = 1.2453/1.2680, sse=248855.7/249768.8, time step reduction 3 of 3 to 0.062  0 0 1
016: dt: 0.1250, sse=248855.8, rms=1.245 (1.788%)
  maximum number of reductions reached, breaking from loop
positioning took 0.6 minutes
Iteration 2 =========================================
n_averages=1, current_sigma=0.5
Computing target border values 
Entering MRIScomputeBorderValues_new(): 
  inside_hi   = 120.0000000;
  border_hi   = 108.7059560;
  border_low  =  72.0000000;
  outside_low =  61.9705920;
  outside_hi  = 108.7059560;
  sigma = 0.5;
  max_thickness = 10;
  step_size=0.5;
  STEP_SIZE=0.1;
  which = 1
  thresh = 0
  flags = 0
  CBVfindFirstPeakD1=0
  CBVfindFirstPeakD2=0
  nvertices=130007
  Gdiag_no=-1
  vno start=0, stop=130007
Replacing 255s with 0s
#SI# sigma=0.5 had to be increased for 222 vertices, nripped=8489
mean border=86.0, 208 (23) missing vertices, mean dist -0.1 [0.4 (%59.9)->0.3 (%40.1))]
%79 local maxima, %14 large gradients and % 0 min vals, 0 gradients ignored
nFirstPeakD1 0
MRIScomputeBorderValues_new() finished in 0.0051 min


Finding expansion regions
mean absolute distance = 0.32 +- 0.53
3745 vertices more than 2 sigmas from mean.
Averaging target values for 5 iterations...
Positioning Surface: tspring = 0.3, nspring = 0.3, spring = 0, niters = 100 l_repulse = 5, l_surf_repulse = 0, checktol = 0
Positioning pial surface
Entering MRISpositionSurface()
  max_mm = 0.3
  MAX_REDUCTIONS = 2, REDUCTION_PCT = 0.5
  parms->check_tol = 0, niterations = 100
tol=1.0e-04, sigma=0.5, host=dna03, nav=1, nbrs=2, l_repulse=5.000, l_tspring=0.300, l_nspring=0.300, l_intensity=0.200, l_curv=1.000
mom=0.00, dt=0.50
000: dt: 0.0000, sse=332057.2, rms=2.264
017: dt: 0.5000, sse=294296.2, rms=1.799 (20.557%)
rms = 1.8588/1.7989, sse=292154.6/294296.3, time step reduction 1 of 3 to 0.250  0 0 1
   RMS increased, rejecting step
018: dt: 0.2500, sse=259981.4, rms=1.394 (22.487%)
019: dt: 0.2500, sse=254571.9, rms=1.185 (15.046%)
020: dt: 0.2500, sse=240185.3, rms=1.134 (4.268%)
rms = 1.1241/1.1340, sse=253380.8/240185.3, time step reduction 2 of 3 to 0.125  0 1 1
021: dt: 0.2500, sse=253380.8, rms=1.124 (0.874%)
rms = 1.1036/1.1241, sse=237871.7/253380.8, time step reduction 3 of 3 to 0.062  0 0 1
022: dt: 0.1250, sse=237871.8, rms=1.104 (1.829%)
  maximum number of reductions reached, breaking from loop
positioning took 0.5 minutes
Iteration 3 =========================================
n_averages=0, current_sigma=0.25
Computing target border values 
Entering MRIScomputeBorderValues_new(): 
  inside_hi   = 120.0000000;
  border_hi   = 108.7059560;
  border_low  =  72.0000000;
  outside_low =  61.9705920;
  outside_hi  = 108.7059560;
  sigma = 0.25;
  max_thickness = 10;
  step_size=0.5;
  STEP_SIZE=0.1;
  which = 1
  thresh = 0
  flags = 0
  CBVfindFirstPeakD1=0
  CBVfindFirstPeakD2=0
  nvertices=130007
  Gdiag_no=-1
  vno start=0, stop=130007
Replacing 255s with 0s
#SI# sigma=0.25 had to be increased for 209 vertices, nripped=8489
mean border=86.6, 271 (18) missing vertices, mean dist -0.1 [0.3 (%52.7)->0.3 (%47.3))]
%82 local maxima, %11 large gradients and % 0 min vals, 0 gradients ignored
nFirstPeakD1 0
MRIScomputeBorderValues_new() finished in 0.0033 min


Finding expansion regions
mean absolute distance = 0.31 +- 0.46
3807 vertices more than 2 sigmas from mean.
Averaging target values for 5 iterations...
Positioning Surface: tspring = 0.3, nspring = 0.3, spring = 0, niters = 100 l_repulse = 5, l_surf_repulse = 0, checktol = 0
Positioning pial surface
Entering MRISpositionSurface()
  max_mm = 0.3
  MAX_REDUCTIONS = 2, REDUCTION_PCT = 0.5
  parms->check_tol = 0, niterations = 100
tol=1.0e-04, sigma=0.2, host=dna03, nav=0, nbrs=2, l_repulse=5.000, l_tspring=0.300, l_nspring=0.300, l_intensity=0.200, l_curv=1.000
mom=0.00, dt=0.50
000: dt: 0.0000, sse=258601.6, rms=1.462
rms = 1.2561/1.4617, sse=262412.8/258601.6, time step reduction 1 of 3 to 0.250  0 1 0
023: dt: 0.5000, sse=262412.8, rms=1.256 (14.063%)
024: dt: 0.2500, sse=234030.9, rms=0.976 (22.320%)
025: dt: 0.2500, sse=222138.0, rms=0.908 (6.976%)
rms = 0.9326/0.9077, sse=224212.0/222138.0, time step reduction 2 of 3 to 0.125  0 1 1
   RMS increased, rejecting step
rms = 0.8906/0.9077, sse=220296.1/222138.0, time step reduction 3 of 3 to 0.062  0 0 1
026: dt: 0.1250, sse=220296.1, rms=0.891 (1.889%)
  maximum number of reductions reached, breaking from loop
positioning took 0.4 minutes


Writing output to ../surf/lh.white
#ET# mris_place_surface  2.32 minutes
#VMPC# mris_place_surfaces VmPeak  2986072
mris_place_surface done
#--------------------------------------------
#@# T1PialSurf lh Thu Mar 12 16:56:08 CET 2026
cd /out/sourcedata/freesurfer/sub-v1s20x0050281_ses-1/mri
mris_place_surface --adgws-in ../surf/autodet.gw.stats.lh.dat --seg aseg.presurf.mgz --threads 16 --wm wm.mgz --invol brain.finalsurfs.mgz --lh --i ../surf/lh.white --o ../surf/lh.pial.T1 --pial --nsmooth 0 --rip-label ../label/lh.cortex+hipamyg.label --pin-medial-wall ../label/lh.cortex.label --aparc ../label/lh.aparc.annot --repulse-surf ../surf/lh.white --white-surf ../surf/lh.white
7.3.2
7.3.2

cd /out/sourcedata/freesurfer/sub-v1s20x0050281_ses-1/mri
setenv SUBJECTS_DIR /out/sourcedata/freesurfer
mris_place_surface --adgws-in ../surf/autodet.gw.stats.lh.dat --seg aseg.presurf.mgz --threads 16 --wm wm.mgz --invol brain.finalsurfs.mgz --lh --i ../surf/lh.white --o ../surf/lh.pial.T1 --pial --nsmooth 0 --rip-label ../label/lh.cortex+hipamyg.label --pin-medial-wall ../label/lh.cortex.label --aparc ../label/lh.aparc.annot --repulse-surf ../surf/lh.white --white-surf ../surf/lh.white 

Reading in input surface ../surf/lh.white
Not smoothing input surface
Area    260010  0.35706  0.13978 0.001586   2.4421
Corner  780030 60.00000 14.98841 0.405359 178.6355
Edge    390015  0.92156  0.22401 0.010214   4.0247
Hinge   390015 11.07344 12.44367 0.000049 179.8896
Reading white surface coordinates from ../surf/lh.white
Reading repulsion surface coordinates from ../surf/lh.white
Reading in aparc ../label/lh.aparc.annot
Reading in input volume brain.finalsurfs.mgz
Reading in wm volume wm.mgz
MRIclipBrightWM(): nthresh=14830, wmmin=5, clip=110 
MRIfindBrightNonWM(): 334 bright non-wm voxels segmented.
Masking bright non-wm for pial surface mid_gray = 67.6029
MRImask(): AllowDiffGeom = 1
MRImask(): AllowDiffGeom = 1
MRImask(): AllowDiffGeom = 1
Reading in seg volume aseg.presurf.mgz
Ripping frozen voxels
Ripping vertices not in label ../label/lh.cortex+hipamyg.label
MRISripNotLabel() ripped 5692/130007 vertices (124315 unripped)
INFO: rip surface needed but not specified, so using input surface
Ripping segs (eg, WMSA, BG, frozen)
Starting MRISripSegs() d = (-2 2 0.5) segnos: 247 
MRISripSegs(): -2 2 0.5 ripped 0
vertex 65004: xyz = (-46.5952,-8.95108,14.6859) oxyz = (-46.5952,-8.95108,14.6859) wxzy = (-46.5952,-8.95108,14.6859) pxyz = (-46.5952,-8.95108,14.6859) 
CBVO Creating mask 130007
n_averages 16
Iteration 0 =========================================
n_averages=16, current_sigma=2
Computing target border values 
Entering MRIScomputeBorderValues_new(): 
  inside_hi   =  93.2940440;
  border_hi   =  61.9705920;
  border_low  =  41.9117770;
  outside_low =  10.0000000;
  outside_hi  =  56.9558870;
  sigma = 2;
  max_thickness = 10;
  step_size=0.5;
  STEP_SIZE=0.1;
  which = 2
  thresh = 0
  flags = 0
  CBVfindFirstPeakD1=0
  CBVfindFirstPeakD2=0
  nvertices=130007
  Gdiag_no=-1
  vno start=0, stop=130007
Replacing 255s with 0s
#SI# sigma=2 had to be increased for 348 vertices, nripped=5692
mean border=60.2, 196 (196) missing vertices, mean dist 1.8 [1.9 (%0.0)->3.2 (%100.0))]
%14 local maxima, %40 large gradients and %42 min vals, 0 gradients ignored
nFirstPeakD1 0
MRIScomputeBorderValues_new() finished in 0.0142 min


Averaging target values for 5 iterations...
Positioning Surface: tspring = 0.3, nspring = 0.3, spring = 0, niters = 100 l_repulse = 0, l_surf_repulse = 5, checktol = 0
Positioning pial surface
Entering MRISpositionSurface()
  max_mm = 0.3
  MAX_REDUCTIONS = 2, REDUCTION_PCT = 0.5
  parms->check_tol = 0, niterations = 100
tol=1.0e-04, sigma=2.0, host=dna03, nav=16, nbrs=2, l_surf_repulse=5.000, l_tspring=0.300, l_nspring=0.300, l_intensity=0.200, l_curv=1.000
mom=0.00, dt=0.50
complete_dist_mat 0
rms 0
smooth_averages 0
remove_neg 0
ico_order 0
which_surface 0
target_radius 0.000000
nfields 0
scale 0.000000
desired_rms_height 0.000000
momentum 0.000000
nbhd_size 0
max_nbrs 0
niterations 100
nsurfaces 0
SURFACES 3
flags 0 (0)
use curv 0
no sulc 0
no rigid align 0
mris->nsize 2
mris->hemisphere 0
randomSeed 0

000: dt: 0.0000, sse=18233194.0, rms=26.954
001: dt: 0.5000, sse=12964046.0, rms=22.677 (15.869%)
002: dt: 0.5000, sse=9082167.0, rms=18.915 (16.587%)
003: dt: 0.5000, sse=6498792.0, rms=15.925 (15.807%)
004: dt: 0.5000, sse=4887246.0, rms=13.732 (13.771%)
005: dt: 0.5000, sse=3870997.0, rms=12.146 (11.552%)
006: dt: 0.5000, sse=3193187.2, rms=10.959 (9.774%)
007: dt: 0.5000, sse=2712380.5, rms=10.030 (8.478%)
008: dt: 0.5000, sse=2341043.8, rms=9.247 (7.810%)
009: dt: 0.5000, sse=2037991.4, rms=8.552 (7.506%)
010: dt: 0.5000, sse=1789720.9, rms=7.937 (7.191%)
011: dt: 0.5000, sse=1589671.1, rms=7.404 (6.727%)
012: dt: 0.5000, sse=1425006.8, rms=6.932 (6.368%)
013: dt: 0.5000, sse=1289375.6, rms=6.517 (5.984%)
014: dt: 0.5000, sse=1178957.5, rms=6.158 (5.510%)
015: dt: 0.5000, sse=1095170.5, rms=5.870 (4.680%)
016: dt: 0.5000, sse=1033324.5, rms=5.646 (3.812%)
017: dt: 0.5000, sse=985690.8, rms=5.467 (3.180%)
018: dt: 0.5000, sse=944322.4, rms=5.305 (2.956%)
019: dt: 0.5000, sse=912228.6, rms=5.175 (2.451%)
020: dt: 0.5000, sse=884593.7, rms=5.061 (2.208%)
021: dt: 0.5000, sse=864734.7, rms=4.975 (1.686%)
022: dt: 0.5000, sse=846349.8, rms=4.896 (1.599%)
rms = 4.8464/4.8958, sse=835632.5/846349.8, time step reduction 1 of 3 to 0.250  0 0 1
023: dt: 0.5000, sse=835632.6, rms=4.846 (1.009%)
024: dt: 0.2500, sse=765262.8, rms=4.529 (6.546%)
025: dt: 0.2500, sse=745646.9, rms=4.438 (2.014%)
rms = 4.4238/4.4380, sse=743023.0/745646.9, time step reduction 2 of 3 to 0.125  0 0 1
026: dt: 0.2500, sse=743023.0, rms=4.424 (0.319%)
027: dt: 0.1250, sse=728018.3, rms=4.351 (1.638%)
rms = 4.3322/4.3513, sse=724158.1/728018.3, time step reduction 3 of 3 to 0.062  0 0 1
028: dt: 0.1250, sse=724158.1, rms=4.332 (0.441%)
  maximum number of reductions reached, breaking from loop
positioning took 2.0 minutes
Iteration 1 =========================================
n_averages=8, current_sigma=1
Computing target border values 
Entering MRIScomputeBorderValues_new(): 
  inside_hi   =  93.2940440;
  border_hi   =  61.9705920;
  border_low  =  41.9117770;
  outside_low =  10.0000000;
  outside_hi  =  56.9558870;
  sigma = 1;
  max_thickness = 10;
  step_size=0.5;
  STEP_SIZE=0.1;
  which = 2
  thresh = 0
  flags = 0
  CBVfindFirstPeakD1=0
  CBVfindFirstPeakD2=0
  nvertices=130007
  Gdiag_no=-1
  vno start=0, stop=130007
Replacing 255s with 0s
#SI# sigma=1 had to be increased for 12846 vertices, nripped=5692
mean border=59.0, 2097 (37) missing vertices, mean dist 0.3 [0.2 (%44.1)->0.9 (%55.9))]
%24 local maxima, %33 large gradients and %37 min vals, 0 gradients ignored
nFirstPeakD1 0
MRIScomputeBorderValues_new() finished in 0.0052 min


Averaging target values for 5 iterations...
Positioning Surface: tspring = 0.3, nspring = 0.3, spring = 0, niters = 100 l_repulse = 0, l_surf_repulse = 5, checktol = 0
Positioning pial surface
Entering MRISpositionSurface()
  max_mm = 0.3
  MAX_REDUCTIONS = 2, REDUCTION_PCT = 0.5
  parms->check_tol = 0, niterations = 100
tol=1.0e-04, sigma=1.0, host=dna03, nav=8, nbrs=2, l_surf_repulse=5.000, l_tspring=0.300, l_nspring=0.300, l_intensity=0.200, l_curv=1.000
mom=0.00, dt=0.50
000: dt: 0.0000, sse=979624.9, rms=5.064
029: dt: 0.5000, sse=936442.7, rms=4.892 (3.392%)
030: dt: 0.5000, sse=894615.2, rms=4.729 (3.330%)
rms = 4.7715/4.7294, sse=904871.5/894615.2, time step reduction 1 of 3 to 0.250  0 1 1
   RMS increased, rejecting step
031: dt: 0.2500, sse=832016.9, rms=4.446 (6.000%)
032: dt: 0.2500, sse=812382.5, rms=4.350 (2.149%)
rms = 4.3357/4.3501, sse=809451.8/812382.5, time step reduction 2 of 3 to 0.125  0 0 1
033: dt: 0.2500, sse=809451.8, rms=4.336 (0.329%)
034: dt: 0.1250, sse=788230.8, rms=4.233 (2.380%)
rms = 4.2020/4.2326, sse=781974.9/788230.7, time step reduction 3 of 3 to 0.062  0 0 1
035: dt: 0.1250, sse=781974.9, rms=4.202 (0.723%)
  maximum number of reductions reached, breaking from loop
positioning took 0.5 minutes
Iteration 2 =========================================
n_averages=4, current_sigma=0.5
Computing target border values 
Entering MRIScomputeBorderValues_new(): 
  inside_hi   =  93.2940440;
  border_hi   =  61.9705920;
  border_low  =  41.9117770;
  outside_low =  10.0000000;
  outside_hi  =  56.9558870;
  sigma = 0.5;
  max_thickness = 10;
  step_size=0.5;
  STEP_SIZE=0.1;
  which = 2
  thresh = 0
  flags = 0
  CBVfindFirstPeakD1=0
  CBVfindFirstPeakD2=0
  nvertices=130007
  Gdiag_no=-1
  vno start=0, stop=130007
Replacing 255s with 0s
#SI# sigma=0.5 had to be increased for 14053 vertices, nripped=5692
mean border=58.5, 2811 (25) missing vertices, mean dist 0.2 [0.2 (%44.5)->0.7 (%55.5))]
%32 local maxima, %25 large gradients and %37 min vals, 0 gradients ignored
nFirstPeakD1 0
MRIScomputeBorderValues_new() finished in 0.0030 min


Averaging target values for 5 iterations...
Positioning Surface: tspring = 0.3, nspring = 0.3, spring = 0, niters = 100 l_repulse = 0, l_surf_repulse = 5, checktol = 0
Positioning pial surface
Entering MRISpositionSurface()
  max_mm = 0.3
  MAX_REDUCTIONS = 2, REDUCTION_PCT = 0.5
  parms->check_tol = 0, niterations = 100
tol=1.0e-04, sigma=0.5, host=dna03, nav=4, nbrs=2, l_surf_repulse=5.000, l_tspring=0.300, l_nspring=0.300, l_intensity=0.200, l_curv=1.000
mom=0.00, dt=0.50
000: dt: 0.0000, sse=823001.8, rms=4.354
rms = 4.5504/4.3537, sse=864319.8/823001.8, time step reduction 1 of 3 to 0.250  0 1 1
   RMS increased, rejecting step
036: dt: 0.2500, sse=801382.0, rms=4.252 (2.340%)
rms = 4.2029/4.2518, sse=790362.6/801382.0, time step reduction 2 of 3 to 0.125  0 0 1
037: dt: 0.2500, sse=790362.6, rms=4.203 (1.152%)
038: dt: 0.1250, sse=779492.2, rms=4.149 (1.280%)
rms = 4.1175/4.1491, sse=772780.3/779492.2, time step reduction 3 of 3 to 0.062  0 0 1
039: dt: 0.1250, sse=772780.3, rms=4.118 (0.761%)
  maximum number of reductions reached, breaking from loop
positioning took 0.3 minutes
Iteration 3 =========================================
n_averages=2, current_sigma=0.25
Computing target border values 
Entering MRIScomputeBorderValues_new(): 
  inside_hi   =  93.2940440;
  border_hi   =  61.9705920;
  border_low  =  41.9117770;
  outside_low =  10.0000000;
  outside_hi  =  56.9558870;
  sigma = 0.25;
  max_thickness = 10;
  step_size=0.5;
  STEP_SIZE=0.1;
  which = 2
  thresh = 0
  flags = 0
  CBVfindFirstPeakD1=0
  CBVfindFirstPeakD2=0
  nvertices=130007
  Gdiag_no=-1
  vno start=0, stop=130007
Replacing 255s with 0s
#SI# sigma=0.25 had to be increased for 11704 vertices, nripped=5692
mean border=58.1, 6229 (23) missing vertices, mean dist 0.1 [0.2 (%43.3)->0.6 (%56.7))]
%36 local maxima, %20 large gradients and %35 min vals, 0 gradients ignored
nFirstPeakD1 0
MRIScomputeBorderValues_new() finished in 0.0025 min


Averaging target values for 5 iterations...
Positioning Surface: tspring = 0.3, nspring = 0.3, spring = 0, niters = 100 l_repulse = 0, l_surf_repulse = 5, checktol = 0
Positioning pial surface
Entering MRISpositionSurface()
  max_mm = 0.3
  MAX_REDUCTIONS = 2, REDUCTION_PCT = 0.5
  parms->check_tol = 0, niterations = 100
tol=1.0e-04, sigma=0.2, host=dna03, nav=2, nbrs=2, l_surf_repulse=5.000, l_tspring=0.300, l_nspring=0.300, l_intensity=0.200, l_curv=1.000
mom=0.00, dt=0.50
000: dt: 0.0000, sse=786514.3, rms=4.173
rms = 4.2654/4.1733, sse=801324.0/786514.3, time step reduction 1 of 3 to 0.250  0 1 1
   RMS increased, rejecting step
040: dt: 0.2500, sse=769625.2, rms=4.093 (1.932%)
041: dt: 0.2500, sse=753802.6, rms=4.024 (1.688%)
rms = 4.0006/4.0236, sse=748045.5/753802.6, time step reduction 2 of 3 to 0.125  0 0 1
042: dt: 0.2500, sse=748045.6, rms=4.001 (0.570%)
043: dt: 0.1250, sse=727268.4, rms=3.894 (2.657%)
rms = 3.8558/3.8943, sse=719348.5/727268.5, time step reduction 3 of 3 to 0.062  0 0 1
044: dt: 0.1250, sse=719348.5, rms=3.856 (0.990%)
  maximum number of reductions reached, breaking from loop
positioning took 0.4 minutes
Pinning medial wall to white surface
removing intersecting faces
000: 9 intersecting
step 1 with no progress (num=10, old_num=9)
001: 10 intersecting
terminating search with 0 intersecting


Writing output to ../surf/lh.pial.T1
#ET# mris_place_surface  3.49 minutes
#VMPC# mris_place_surfaces VmPeak  2409956
mris_place_surface done
#@# white curv lh Thu Mar 12 16:59:43 CET 2026
cd /out/sourcedata/freesurfer/sub-v1s20x0050281_ses-1/mri
mris_place_surface --curv-map ../surf/lh.white 2 10 ../surf/lh.curv
insurf  ../surf/lh.white, nbrs 2, curvature_avgs 10
writing curvature file ../surf/lh.curv
#@# white area lh Thu Mar 12 16:59:45 CET 2026
cd /out/sourcedata/freesurfer/sub-v1s20x0050281_ses-1/mri
mris_place_surface --area-map ../surf/lh.white ../surf/lh.area
writing curvature file ../surf/lh.area
#@# pial curv lh Thu Mar 12 16:59:45 CET 2026
cd /out/sourcedata/freesurfer/sub-v1s20x0050281_ses-1/mri
mris_place_surface --curv-map ../surf/lh.pial 2 10 ../surf/lh.curv.pial
insurf  ../surf/lh.pial, nbrs 2, curvature_avgs 10
writing curvature file ../surf/lh.curv.pial
#@# pial area lh Thu Mar 12 16:59:47 CET 2026
cd /out/sourcedata/freesurfer/sub-v1s20x0050281_ses-1/mri
mris_place_surface --area-map ../surf/lh.pial ../surf/lh.area.pial
writing curvature file ../surf/lh.area.pial
#@# thickness lh Thu Mar 12 16:59:47 CET 2026
cd /out/sourcedata/freesurfer/sub-v1s20x0050281_ses-1/mri
mris_place_surface --thickness ../surf/lh.white ../surf/lh.pial 20 5 ../surf/lh.thickness
0 of 130007 vertices processed
25000 of 130007 vertices processed
50000 of 130007 vertices processed
75000 of 130007 vertices processed
100000 of 130007 vertices processed
125000 of 130007 vertices processed
0 of 130007 vertices processed
25000 of 130007 vertices processed
50000 of 130007 vertices processed
75000 of 130007 vertices processed
100000 of 130007 vertices processed
125000 of 130007 vertices processed
thickness calculation complete, 614:5358 truncations.
47481 vertices at 0 distance
92131 vertices at 1 distance
69189 vertices at 2 distance
30387 vertices at 3 distance
11636 vertices at 4 distance
4483 vertices at 5 distance
1954 vertices at 6 distance
903 vertices at 7 distance
542 vertices at 8 distance
339 vertices at 9 distance
203 vertices at 10 distance
151 vertices at 11 distance
115 vertices at 12 distance
104 vertices at 13 distance
69 vertices at 14 distance
75 vertices at 15 distance
65 vertices at 16 distance
53 vertices at 17 distance
39 vertices at 18 distance
37 vertices at 19 distance
58 vertices at 20 distance
writing curvature file ../surf/lh.thickness
#@# area and vertex vol lh Thu Mar 12 17:00:14 CET 2026
cd /out/sourcedata/freesurfer/sub-v1s20x0050281_ses-1/mri
mris_place_surface --thickness ../surf/lh.white ../surf/lh.pial 20 5 ../surf/lh.thickness
/out/sourcedata/freesurfer/sub-v1s20x0050281_ses-1/surf
mris_calc -o lh.area.mid lh.area add lh.area.pial
Saving result to 'lh.area.mid' (type = MRI_CURV_FILE)                       [ ok ]
mris_calc -o lh.area.mid lh.area.mid div 2
Saving result to 'lh.area.mid' (type = MRI_CURV_FILE)                       [ ok ]
mris_convert --volume sub-v1s20x0050281_ses-1 lh /out/sourcedata/freesurfer/sub-v1s20x0050281_ses-1/surf/lh.volume
masking with /out/sourcedata/freesurfer/sub-v1s20x0050281_ses-1/label/lh.cortex.label
Total face volume 286450
Total vertex volume 286247 (mask=0)
#@# sub-v1s20x0050281_ses-1 lh 286247
 
vertexvol Done

#-----------------------------------------
#@# Curvature Stats lh Thu Mar 12 17:00:15 CET 2026
/out/sourcedata/freesurfer/sub-v1s20x0050281_ses-1/surf

 mris_curvature_stats -m --writeCurvatureFiles -G -o ../stats/lh.curv.stats -F smoothwm sub-v1s20x0050281_ses-1 lh curv sulc 

             Toggling save flag on curvature files                       [ ok ]
                 Outputting results using filestem   [ ../stats/lh.curv.stats ]
             Toggling save flag on curvature files                       [ ok ]
                                   Setting surface [ sub-v1s20x0050281_ses-1/lh.smoothwm ]
                                Reading surface...                       [ ok ]
                                   Setting texture                     [ curv ]
                                Reading texture...                       [ ok ]
                                   Setting texture                     [ sulc ]
                                Reading texture...Gb_filter = 0
                       [ ok ]
      Calculating Discrete Principal Curvatures...
      Determining geometric order for vno faces... [####################] [ ok ]
                      Determining KH curvatures... [####################] [ ok ]
                    Determining k1k2 curvatures... [####################] [ ok ]
                                   deltaViolations                      [ 263 ]
Gb_filter = 0

WARN:    S lookup   min:                          -0.132640
WARN:    S explicit min:                          0.000000	vertex = 111
#-----------------------------------------
#@# Cortical Parc 2 lh Thu Mar 12 17:00:17 CET 2026
/out/sourcedata/freesurfer/sub-v1s20x0050281_ses-1/scripts

 mris_ca_label -l ../label/lh.cortex.label -aseg ../mri/aseg.presurf.mgz -seed 1234 sub-v1s20x0050281_ses-1 lh ../surf/lh.sphere.reg /opt/freesurfer/average/lh.CDaparc.atlas.acfb40.noaparc.i12.2016-08-02.gcs ../label/lh.aparc.a2009s.annot 

setting seed for random number generator to 1234
using ../mri/aseg.presurf.mgz aseg volume to correct midline
7.3.2
  7.3.2
reading atlas from /opt/freesurfer/average/lh.CDaparc.atlas.acfb40.noaparc.i12.2016-08-02.gcs...
reading color table from GCSA file....
average std = 3.0   using min determinant for regularization = 0.088
0 singular and 0 ill-conditioned covariance matrices regularized
input 0: MEAN CURVATURE, flags 0, avgs 5, name mean_curvature
labeling surface...
16 labels changed using aseg
relabeling using gibbs priors...
000:   8744 changed, 130007 examined...
001:   1990 changed, 33752 examined...
002:    564 changed, 10616 examined...
003:    205 changed, 3272 examined...
004:    100 changed, 1216 examined...
005:     38 changed, 572 examined...
006:     15 changed, 208 examined...
007:      7 changed, 92 examined...
008:      6 changed, 39 examined...
009:      6 changed, 31 examined...
010:      1 changed, 33 examined...
011:      2 changed, 7 examined...
012:      0 changed, 10 examined...
7 labels changed using aseg
000: 236 total segments, 155 labels (1893 vertices) changed
001: 95 total segments, 14 labels (25 vertices) changed
002: 81 total segments, 0 labels (0 vertices) changed
10 filter iterations complete (10 requested, 26 changed)
rationalizing unknown annotations with cortex label
relabeling Medial_wall label...
1389 vertices marked for relabeling...
1389 labels changed in reclassification.
writing output to ../label/lh.aparc.a2009s.annot...
classification took 0 minutes and 12 seconds.
#-----------------------------------------
#@# Cortical Parc 3 lh Thu Mar 12 17:00:29 CET 2026
/out/sourcedata/freesurfer/sub-v1s20x0050281_ses-1/scripts

 mris_ca_label -l ../label/lh.cortex.label -aseg ../mri/aseg.presurf.mgz -seed 1234 sub-v1s20x0050281_ses-1 lh ../surf/lh.sphere.reg /opt/freesurfer/average/lh.DKTaparc.atlas.acfb40.noaparc.i12.2016-08-02.gcs ../label/lh.aparc.DKTatlas.annot 

setting seed for random number generator to 1234
using ../mri/aseg.presurf.mgz aseg volume to correct midline
7.3.2
  7.3.2
reading atlas from /opt/freesurfer/average/lh.DKTaparc.atlas.acfb40.noaparc.i12.2016-08-02.gcs...
reading color table from GCSA file....
average std = 1.4   using min determinant for regularization = 0.020
0 singular and 383 ill-conditioned covariance matrices regularized
input 0: MEAN CURVATURE, flags 0, avgs 5, name mean_curvature
labeling surface...
1417 labels changed using aseg
relabeling using gibbs priors...
000:   1854 changed, 130007 examined...
001:    407 changed, 8797 examined...
002:    117 changed, 2362 examined...
003:     34 changed, 697 examined...
004:     16 changed, 213 examined...
005:      5 changed, 94 examined...
006:      2 changed, 36 examined...
007:      2 changed, 14 examined...
008:      1 changed, 14 examined...
009:      1 changed, 8 examined...
010:      0 changed, 7 examined...
158 labels changed using aseg
000: 50 total segments, 17 labels (140 vertices) changed
001: 33 total segments, 0 labels (0 vertices) changed
10 filter iterations complete (10 requested, 10 changed)
rationalizing unknown annotations with cortex label
relabeling unknown label...
relabeling corpuscallosum label...
844 vertices marked for relabeling...
844 labels changed in reclassification.
writing output to ../label/lh.aparc.DKTatlas.annot...
classification took 0 minutes and 9 seconds.
#-----------------------------------------
#@# WM/GM Contrast lh Thu Mar 12 17:00:39 CET 2026
/out/sourcedata/freesurfer/sub-v1s20x0050281_ses-1/scripts

 pctsurfcon --s sub-v1s20x0050281_ses-1 --lh-only 

Log file is /out/sourcedata/freesurfer/sub-v1s20x0050281_ses-1/scripts/pctsurfcon.log
Thu Mar 12 17:00:39 CET 2026
setenv SUBJECTS_DIR /out/sourcedata/freesurfer
cd /out/sourcedata/freesurfer/sub-v1s20x0050281_ses-1/scripts
/opt/freesurfer/bin/pctsurfcon
pctsurfcon 7.3.2
Linux dna038 5.14.0-427.37.1.el9_4.x86_64 #1 SMP PREEMPT_DYNAMIC Fri Sep 13 12:41:50 EDT 2024 x86_64 x86_64 x86_64 GNU/Linux
FREESURFER_HOME /opt/freesurfer
mri_vol2surf --mov /out/sourcedata/freesurfer/sub-v1s20x0050281_ses-1/mri/rawavg.mgz --hemi lh --noreshape --interp trilinear --projdist -1 --o /out/sourcedata/freesurfer/sub-v1s20x0050281_ses-1/surf/tmp.pctsurfcon.960328/lh.wm.mgh --regheader sub-v1s20x0050281_ses-1 --cortex
srcvol = /out/sourcedata/freesurfer/sub-v1s20x0050281_ses-1/mri/rawavg.mgz
srcreg unspecified
srcregold = 0
srcwarp unspecified
surf = white
hemi = lh
ProjDist = -1
reshape = 0
interp = trilinear
float2int = round
GetProjMax = 0
INFO: float2int code = 0
Done loading volume
Computing registration from header.
  Using /out/sourcedata/freesurfer/sub-v1s20x0050281_ses-1/mri/orig.mgz as target reference.
-------- original matrix -----------
-1.00000   0.00000   0.00000   0.00000;
 0.00000   0.00000   1.00000   0.00000;
 0.00000  -1.00000   0.00000   0.00000;
 0.00000   0.00000   0.00000   1.00000;
-------- original matrix -----------
Loading label /out/sourcedata/freesurfer/sub-v1s20x0050281_ses-1/label/lh.cortex.label
Reading surface /out/sourcedata/freesurfer/sub-v1s20x0050281_ses-1/surf/lh.white
Done reading source surface
Mapping Source Volume onto Source Subject Surface
Projecting -1 -1 1
 1 -1 -1 -1
using old
Done mapping volume to surface
Number of source voxels hit = 67630
Masking with /out/sourcedata/freesurfer/sub-v1s20x0050281_ses-1/label/lh.cortex.label
Writing to /out/sourcedata/freesurfer/sub-v1s20x0050281_ses-1/surf/tmp.pctsurfcon.960328/lh.wm.mgh
Dim: 130007 1 1
mri_vol2surf --mov /out/sourcedata/freesurfer/sub-v1s20x0050281_ses-1/mri/rawavg.mgz --hemi lh --noreshape --interp trilinear --o /out/sourcedata/freesurfer/sub-v1s20x0050281_ses-1/surf/tmp.pctsurfcon.960328/lh.gm.mgh --projfrac 0.3 --regheader sub-v1s20x0050281_ses-1 --cortex
srcvol = /out/sourcedata/freesurfer/sub-v1s20x0050281_ses-1/mri/rawavg.mgz
srcreg unspecified
srcregold = 0
srcwarp unspecified
surf = white
hemi = lh
ProjFrac = 0.3
thickness = thickness
reshape = 0
interp = trilinear
float2int = round
GetProjMax = 0
INFO: float2int code = 0
Done loading volume
Computing registration from header.
  Using /out/sourcedata/freesurfer/sub-v1s20x0050281_ses-1/mri/orig.mgz as target reference.
-------- original matrix -----------
-1.00000   0.00000   0.00000   0.00000;
 0.00000   0.00000   1.00000   0.00000;
 0.00000  -1.00000   0.00000   0.00000;
 0.00000   0.00000   0.00000   1.00000;
-------- original matrix -----------
Loading label /out/sourcedata/freesurfer/sub-v1s20x0050281_ses-1/label/lh.cortex.label
Reading surface /out/sourcedata/freesurfer/sub-v1s20x0050281_ses-1/surf/lh.white
Done reading source surface
Reading thickness /out/sourcedata/freesurfer/sub-v1s20x0050281_ses-1/surf/lh.thickness
Done
Mapping Source Volume onto Source Subject Surface
Projecting 0.3 0.3 1
 1 0.3 0.3 0.3
using old
Done mapping volume to surface
Number of source voxels hit = 78222
Masking with /out/sourcedata/freesurfer/sub-v1s20x0050281_ses-1/label/lh.cortex.label
Writing to /out/sourcedata/freesurfer/sub-v1s20x0050281_ses-1/surf/tmp.pctsurfcon.960328/lh.gm.mgh
Dim: 130007 1 1
mri_concat /out/sourcedata/freesurfer/sub-v1s20x0050281_ses-1/surf/tmp.pctsurfcon.960328/lh.wm.mgh /out/sourcedata/freesurfer/sub-v1s20x0050281_ses-1/surf/tmp.pctsurfcon.960328/lh.gm.mgh --paired-diff-norm --mul 100 --o /out/sourcedata/freesurfer/sub-v1s20x0050281_ses-1/surf/lh.w-g.pct.mgh
ninputs = 2
Checking inputs
nframestot = 2
Allocing output
Done allocing
Combining pairs
nframes = 1
Multiplying by 100.000000
Writing to /out/sourcedata/freesurfer/sub-v1s20x0050281_ses-1/surf/lh.w-g.pct.mgh
mri_segstats --in /out/sourcedata/freesurfer/sub-v1s20x0050281_ses-1/surf/lh.w-g.pct.mgh --annot sub-v1s20x0050281_ses-1 lh aparc --sum /out/sourcedata/freesurfer/sub-v1s20x0050281_ses-1/stats/lh.w-g.pct.stats --snr

7.3.2
cwd 
cmdline mri_segstats --in /out/sourcedata/freesurfer/sub-v1s20x0050281_ses-1/surf/lh.w-g.pct.mgh --annot sub-v1s20x0050281_ses-1 lh aparc --sum /out/sourcedata/freesurfer/sub-v1s20x0050281_ses-1/stats/lh.w-g.pct.stats --snr 
sysname  Linux
hostname dna038
machine  x86_64
user     oesteban
whitesurfname  white
UseRobust  0
Constructing seg from annotation

Reading annotation /out/sourcedata/freesurfer/sub-v1s20x0050281_ses-1/label/lh.aparc.annot
Seg base 1000
Loading /out/sourcedata/freesurfer/sub-v1s20x0050281_ses-1/surf/lh.w-g.pct.mgh
Vertex Area is 0.714118 mm^3
Generating list of segmentation ids
Found  36 segmentations
Computing statistics for each segmentation

Reporting on  35 segmentations
Using PrintSegStat
mri_segstats done
Cleaning up

Started at Thu Mar 12 16:35:24 CET 2026 
Ended   at Thu Mar 12 17:00:42 CET 2026
#@#%# recon-all-run-time-hours 0.422
recon-all -s sub-v1s20x0050281_ses-1 finished without error at Thu Mar 12 17:00:42 CET 2026



#New# invocation of recon-all 




Thu Mar 12 17:33:37 CET 2026
cd /out/sourcedata/freesurfer/sub-v1s20x0050281_ses-1
setenv SUBJECTS_DIR /out/sourcedata/freesurfer
/opt/freesurfer/bin/recon-all -autorecon-hemi lh -nohyporelabel -lh-only -openmp 16 -subjid sub-v1s20x0050281_ses-1 -sd /out/sourcedata/freesurfer -notessellate -nosmooth1 -noinflate1 -noqsphere -nofix -nowhite -nosmooth2 -noinflate2 -nocurvHK -nocurvstats -nosphere -nosurfreg -nojacobian_white -noavgcurv -nocortparc -nopial -nocortparc2 -nocortparc3 -nopctsurfcon

subjid sub-v1s20x0050281_ses-1
setenv SUBJECTS_DIR /out/sourcedata/freesurfer
FREESURFER_HOME /opt/freesurfer
Actual FREESURFER_HOME /opt/freesurfer
build-stamp.txt: freesurfer-linux-ubuntu22_x86_64-7.3.2-20220804-6354275
Linux dna038 5.14.0-427.37.1.el9_4.x86_64 #1 SMP PREEMPT_DYNAMIC Fri Sep 13 12:41:50 EDT 2024 x86_64 x86_64 x86_64 GNU/Linux
cputime      unlimited
filesize     unlimited
datasize     unlimited
stacksize    8192 kbytes
coredumpsize 0 kbytes
memoryuse    67108864 kbytes
vmemoryuse   unlimited
descriptors  1024 
memorylocked unlimited
maxproc      2061970 
maxlocks     unlimited
maxsignal    2061970 
maxmessage   819200 
maxnice      0 
maxrtprio    0 
maxrttime    unlimited

               total        used        free      shared  buff/cache   available
Mem:           503Gi        51Gi       399Gi        18Gi        52Gi       430Gi
Swap:             0B          0B          0B

########################################
program versions used
7.3.2 (freesurfer-linux-ubuntu22_x86_64-7.3.2-20220804-6354275)
7.3.2

ProgramName: lta_convert  ProgramArguments: lta_convert -all-info  ProgramVersion: 7.3.2  TimeStamp: 2026/03/12-16:33:37-GMT  BuildTime: Aug  4 2022 06:17:15  BuildStamp: freesurfer-linux-ubuntu22_x86_64-7.3.2-20220804-6354275  User: oesteban  Machine: dna038  Platform: Linux  PlatformVersion: 5.14.0-427.37.1.el9_4.x86_64  CompilerName: GCC  CompilerVersion: 8.4.0
ProgramName: mri_and  ProgramArguments: mri_and -all-info  ProgramVersion: 7.3.2  TimeStamp: 2026/03/12-16:33:37-GMT  BuildTime: Aug  4 2022 06:17:15  BuildStamp: freesurfer-linux-ubuntu22_x86_64-7.3.2-20220804-6354275  User: oesteban  Machine: dna038  Platform: Linux  PlatformVersion: 5.14.0-427.37.1.el9_4.x86_64  CompilerName: GCC  CompilerVersion: 8.4.0
ProgramName: mri_annotation2label  ProgramArguments: mri_annotation2label -all-info  ProgramVersion: 7.3.2  TimeStamp: 2026/03/12-16:33:37-GMT  BuildTime: Aug  4 2022 06:17:15  BuildStamp: freesurfer-linux-ubuntu22_x86_64-7.3.2-20220804-6354275  User: oesteban  Machine: dna038  Platform: Linux  PlatformVersion: 5.14.0-427.37.1.el9_4.x86_64  CompilerName: GCC  CompilerVersion: 8.4.0
ProgramName: mri_aparc2aseg  ProgramArguments: mri_aparc2aseg -all-info  ProgramVersion: 7.3.2  TimeStamp: 2026/03/12-16:33:37-GMT  BuildTime: Aug  4 2022 06:17:15  BuildStamp: freesurfer-linux-ubuntu22_x86_64-7.3.2-20220804-6354275  User: oesteban  Machine: dna038  Platform: Linux  PlatformVersion: 5.14.0-427.37.1.el9_4.x86_64  CompilerName: GCC  CompilerVersion: 8.4.0
ProgramName: mri_surf2volseg  ProgramArguments: mri_surf2volseg -all-info  ProgramVersion: 7.3.2  TimeStamp: 2026/03/12-16:33:37-GMT  BuildTime: Aug  4 2022 06:17:15  BuildStamp: freesurfer-linux-ubuntu22_x86_64-7.3.2-20220804-6354275  User: oesteban  Machine: dna038  Platform: Linux  PlatformVersion: 5.14.0-427.37.1.el9_4.x86_64  CompilerName: GCC  CompilerVersion: 8.4.0
ProgramName: mri_binarize  ProgramArguments: mri_binarize -all-info  ProgramVersion: 7.3.2  TimeStamp: 2026/03/12-16:33:37-GMT  BuildTime: Aug  4 2022 06:17:15  BuildStamp: freesurfer-linux-ubuntu22_x86_64-7.3.2-20220804-6354275  User: oesteban  Machine: dna038  Platform: Linux  PlatformVersion: 5.14.0-427.37.1.el9_4.x86_64  CompilerName: GCC  CompilerVersion: 8.4.0
ProgramName: mri_ca_label  ProgramArguments: mri_ca_label -all-info  ProgramVersion: 7.3.2  TimeStamp: 2026/03/12-16:33:37-GMT  BuildTime: Aug  4 2022 06:17:15  BuildStamp: freesurfer-linux-ubuntu22_x86_64-7.3.2-20220804-6354275  User: oesteban  Machine: dna038  Platform: Linux  PlatformVersion: 5.14.0-427.37.1.el9_4.x86_64  CompilerName: GCC  CompilerVersion: 8.4.0
ProgramName: mri_ca_normalize  ProgramArguments: mri_ca_normalize -all-info  ProgramVersion: 7.3.2  TimeStamp: 2026/03/12-16:33:37-GMT  BuildTime: Aug  4 2022 06:17:15  BuildStamp: freesurfer-linux-ubuntu22_x86_64-7.3.2-20220804-6354275  User: oesteban  Machine: dna038  Platform: Linux  PlatformVersion: 5.14.0-427.37.1.el9_4.x86_64  CompilerName: GCC  CompilerVersion: 8.4.0
ProgramName: mri_ca_register  ProgramArguments: mri_ca_register -all-info  ProgramVersion: 7.3.2  TimeStamp: 2026/03/12-16:33:37-GMT  BuildTime: Aug  4 2022 06:17:15  BuildStamp: freesurfer-linux-ubuntu22_x86_64-7.3.2-20220804-6354275  User: oesteban  Machine: dna038  Platform: Linux  PlatformVersion: 5.14.0-427.37.1.el9_4.x86_64  CompilerName: GCC  CompilerVersion: 8.4.0
ProgramName: mri_cc  ProgramArguments: mri_cc -all-info  ProgramVersion: 7.3.2  TimeStamp: 2026/03/12-16:33:37-GMT  BuildTime: Aug  4 2022 06:17:15  BuildStamp: freesurfer-linux-ubuntu22_x86_64-7.3.2-20220804-6354275  User: oesteban  Machine: dna038  Platform: Linux  PlatformVersion: 5.14.0-427.37.1.el9_4.x86_64  CompilerName: GCC  CompilerVersion: 8.4.0
ProgramName: mri_compute_overlap  ProgramArguments: mri_compute_overlap -all-info  ProgramVersion: 7.3.2  TimeStamp: 2026/03/12-16:33:37-GMT  BuildTime: Aug  4 2022 06:17:15  BuildStamp: freesurfer-linux-ubuntu22_x86_64-7.3.2-20220804-6354275  User: oesteban  Machine: dna038  Platform: Linux  PlatformVersion: 5.14.0-427.37.1.el9_4.x86_64  CompilerName: GCC  CompilerVersion: 8.4.0
ProgramName: mri_compute_seg_overlap  ProgramArguments: mri_compute_seg_overlap -all-info  ProgramVersion: 7.3.2  TimeStamp: 2026/03/12-16:33:37-GMT  BuildTime: Aug  4 2022 06:17:15  BuildStamp: freesurfer-linux-ubuntu22_x86_64-7.3.2-20220804-6354275  User: oesteban  Machine: dna038  Platform: Linux  PlatformVersion: 5.14.0-427.37.1.el9_4.x86_64  CompilerName: GCC  CompilerVersion: 8.4.0
ProgramName: mri_concat  ProgramArguments: mri_concat -all-info  ProgramVersion: 7.3.2  TimeStamp: 2026/03/12-16:33:37-GMT  BuildTime: Aug  4 2022 06:17:15  BuildStamp: freesurfer-linux-ubuntu22_x86_64-7.3.2-20220804-6354275  User: oesteban  Machine: dna038  Platform: Linux  PlatformVersion: 5.14.0-427.37.1.el9_4.x86_64  CompilerName: GCC  CompilerVersion: 8.4.0
ProgramName: mri_concatenate_lta  ProgramArguments: mri_concatenate_lta -all-info  ProgramVersion: 7.3.2  TimeStamp: 2026/03/12-16:33:37-GMT  BuildTime: Aug  4 2022 06:17:15  BuildStamp: freesurfer-linux-ubuntu22_x86_64-7.3.2-20220804-6354275  User: oesteban  Machine: dna038  Platform: Linux  PlatformVersion: 5.14.0-427.37.1.el9_4.x86_64  CompilerName: GCC  CompilerVersion: 8.4.0
mri_convert -all-info 
ProgramName: mri_convert  ProgramArguments: mri_convert -all-info  ProgramVersion: 7.3.2  TimeStamp: 2026/03/12-16:33:37-GMT  BuildTime: Aug  4 2022 06:17:15  BuildStamp: freesurfer-linux-ubuntu22_x86_64-7.3.2-20220804-6354275  User: oesteban  Machine: dna038  Platform: Linux  PlatformVersion: 5.14.0-427.37.1.el9_4.x86_64  CompilerName: GCC  CompilerVersion: 8.4.0
ProgramName: mri_diff  ProgramArguments: mri_diff -all-info  ProgramVersion: 7.3.2  TimeStamp: 2026/03/12-16:33:37-GMT  BuildTime: Aug  4 2022 06:17:15  BuildStamp: freesurfer-linux-ubuntu22_x86_64-7.3.2-20220804-6354275  User: oesteban  Machine: dna038  Platform: Linux  PlatformVersion: 5.14.0-427.37.1.el9_4.x86_64  CompilerName: GCC  CompilerVersion: 8.4.0
ProgramName: mri_edit_wm_with_aseg  ProgramArguments: mri_edit_wm_with_aseg -all-info  ProgramVersion: 7.3.2  TimeStamp: 2026/03/12-16:33:37-GMT  BuildTime: Aug  4 2022 06:17:15  BuildStamp: freesurfer-linux-ubuntu22_x86_64-7.3.2-20220804-6354275  User: oesteban  Machine: dna038  Platform: Linux  PlatformVersion: 5.14.0-427.37.1.el9_4.x86_64  CompilerName: GCC  CompilerVersion: 8.4.0
ProgramName: mri_em_register  ProgramArguments: mri_em_register -all-info  ProgramVersion: 7.3.2  TimeStamp: 2026/03/12-16:33:37-GMT  BuildTime: Aug  4 2022 06:17:15  BuildStamp: freesurfer-linux-ubuntu22_x86_64-7.3.2-20220804-6354275  User: oesteban  Machine: dna038  Platform: Linux  PlatformVersion: 5.14.0-427.37.1.el9_4.x86_64  CompilerName: GCC  CompilerVersion: 8.4.0
ProgramName: mri_fill  ProgramArguments: mri_fill -all-info  ProgramVersion: 7.3.2  TimeStamp: 2026/03/12-16:33:37-GMT  BuildTime: Aug  4 2022 06:17:15  BuildStamp: freesurfer-linux-ubuntu22_x86_64-7.3.2-20220804-6354275  User: oesteban  Machine: dna038  Platform: Linux  PlatformVersion: 5.14.0-427.37.1.el9_4.x86_64  CompilerName: GCC  CompilerVersion: 8.4.0
ProgramName: mri_fuse_segmentations  ProgramArguments: mri_fuse_segmentations -all-info  ProgramVersion: 7.3.2  TimeStamp: 2026/03/12-16:33:37-GMT  BuildTime: Aug  4 2022 06:17:15  BuildStamp: freesurfer-linux-ubuntu22_x86_64-7.3.2-20220804-6354275  User: oesteban  Machine: dna038  Platform: Linux  PlatformVersion: 5.14.0-427.37.1.el9_4.x86_64  CompilerName: GCC  CompilerVersion: 8.4.0
ProgramName: mri_fwhm  ProgramArguments: mri_fwhm -all-info  ProgramVersion: 7.3.2  TimeStamp: 2026/03/12-16:33:37-GMT  BuildTime: Aug  4 2022 06:17:15  BuildStamp: freesurfer-linux-ubuntu22_x86_64-7.3.2-20220804-6354275  User: oesteban  Machine: dna038  Platform: Linux  PlatformVersion: 5.14.0-427.37.1.el9_4.x86_64  CompilerName: GCC  CompilerVersion: 8.4.0
ProgramName: mri_gcut  ProgramArguments: mri_gcut -all-info  ProgramVersion: 7.3.2  TimeStamp: 2026/03/12-16:33:37-GMT  BuildTime: Aug  4 2022 06:17:15  BuildStamp: freesurfer-linux-ubuntu22_x86_64-7.3.2-20220804-6354275  User: oesteban  Machine: dna038  Platform: Linux  PlatformVersion: 5.14.0-427.37.1.el9_4.x86_64  CompilerName: GCC  CompilerVersion: 8.4.0
ProgramName: mri_info  ProgramArguments: mri_info -all-info  ProgramVersion: 7.3.2  TimeStamp: 2026/03/12-16:33:37-GMT  BuildTime: Aug  4 2022 06:17:15  BuildStamp: freesurfer-linux-ubuntu22_x86_64-7.3.2-20220804-6354275  User: oesteban  Machine: dna038  Platform: Linux  PlatformVersion: 5.14.0-427.37.1.el9_4.x86_64  CompilerName: GCC  CompilerVersion: 8.4.0
ProgramName: mri_label2label  ProgramArguments: mri_label2label -all-info  ProgramVersion: 7.3.2  TimeStamp: 2026/03/12-16:33:37-GMT  BuildTime: Aug  4 2022 06:17:15  BuildStamp: freesurfer-linux-ubuntu22_x86_64-7.3.2-20220804-6354275  User: oesteban  Machine: dna038  Platform: Linux  PlatformVersion: 5.14.0-427.37.1.el9_4.x86_64  CompilerName: GCC  CompilerVersion: 8.4.0
ProgramName: mri_label2vol  ProgramArguments: mri_label2vol -all-info  ProgramVersion: 7.3.2  TimeStamp: 2026/03/12-16:33:37-GMT  BuildTime: Aug  4 2022 06:17:15  BuildStamp: freesurfer-linux-ubuntu22_x86_64-7.3.2-20220804-6354275  User: oesteban  Machine: dna038  Platform: Linux  PlatformVersion: 5.14.0-427.37.1.el9_4.x86_64  CompilerName: GCC  CompilerVersion: 8.4.0
ProgramName: mri_log_likelihood  ProgramArguments: mri_log_likelihood -all-info  ProgramVersion: 7.3.2  TimeStamp: 2026/03/12-16:33:37-GMT  BuildTime: Aug  4 2022 06:17:15  BuildStamp: freesurfer-linux-ubuntu22_x86_64-7.3.2-20220804-6354275  User: oesteban  Machine: dna038  Platform: Linux  PlatformVersion: 5.14.0-427.37.1.el9_4.x86_64  CompilerName: GCC  CompilerVersion: 8.4.0
ProgramName: mri_mask  ProgramArguments: mri_mask -all-info  ProgramVersion: 7.3.2  TimeStamp: 2026/03/12-16:33:37-GMT  BuildTime: Aug  4 2022 06:17:15  BuildStamp: freesurfer-linux-ubuntu22_x86_64-7.3.2-20220804-6354275  User: oesteban  Machine: dna038  Platform: Linux  PlatformVersion: 5.14.0-427.37.1.el9_4.x86_64  CompilerName: GCC  CompilerVersion: 8.4.0
ProgramName: mri_matrix_multiply  ProgramArguments: mri_matrix_multiply -all-info  ProgramVersion: 7.3.2  TimeStamp: 2026/03/12-16:33:37-GMT  BuildTime: Aug  4 2022 06:17:15  BuildStamp: freesurfer-linux-ubuntu22_x86_64-7.3.2-20220804-6354275  User: oesteban  Machine: dna038  Platform: Linux  PlatformVersion: 5.14.0-427.37.1.el9_4.x86_64  CompilerName: GCC  CompilerVersion: 8.4.0
ProgramName: mri_normalize  ProgramArguments: mri_normalize -all-info  ProgramVersion: 7.3.2  TimeStamp: 2026/03/12-16:33:37-GMT  BuildTime: Aug  4 2022 06:17:15  BuildStamp: freesurfer-linux-ubuntu22_x86_64-7.3.2-20220804-6354275  User: oesteban  Machine: dna038  Platform: Linux  PlatformVersion: 5.14.0-427.37.1.el9_4.x86_64  CompilerName: GCC  CompilerVersion: 8.4.0
ProgramName: mri_normalize_tp2  ProgramArguments: mri_normalize_tp2 -all-info  ProgramVersion: 7.3.2  TimeStamp: 2026/03/12-16:33:37-GMT  BuildTime: Aug  4 2022 06:17:15  BuildStamp: freesurfer-linux-ubuntu22_x86_64-7.3.2-20220804-6354275  User: oesteban  Machine: dna038  Platform: Linux  PlatformVersion: 5.14.0-427.37.1.el9_4.x86_64  CompilerName: GCC  CompilerVersion: 8.4.0
ProgramName: mri_or  ProgramArguments: mri_or -all-info  ProgramVersion: 7.3.2  TimeStamp: 2026/03/12-16:33:37-GMT  BuildTime: Aug  4 2022 06:17:15  BuildStamp: freesurfer-linux-ubuntu22_x86_64-7.3.2-20220804-6354275  User: oesteban  Machine: dna038  Platform: Linux  PlatformVersion: 5.14.0-427.37.1.el9_4.x86_64  CompilerName: GCC  CompilerVersion: 8.4.0
ProgramName: mri_relabel_hypointensities  ProgramArguments: mri_relabel_hypointensities -all-info  ProgramVersion: 7.3.2  TimeStamp: 2026/03/12-16:33:37-GMT  BuildTime: Aug  4 2022 06:17:15  BuildStamp: freesurfer-linux-ubuntu22_x86_64-7.3.2-20220804-6354275  User: oesteban  Machine: dna038  Platform: Linux  PlatformVersion: 5.14.0-427.37.1.el9_4.x86_64  CompilerName: GCC  CompilerVersion: 8.4.0
ProgramName: mri_relabel_nonwm_hypos  ProgramArguments: mri_relabel_nonwm_hypos -all-info  ProgramVersion: 7.3.2  TimeStamp: 2026/03/12-16:33:37-GMT  BuildTime: Aug  4 2022 06:17:15  BuildStamp: freesurfer-linux-ubuntu22_x86_64-7.3.2-20220804-6354275  User: oesteban  Machine: dna038  Platform: Linux  PlatformVersion: 5.14.0-427.37.1.el9_4.x86_64  CompilerName: GCC  CompilerVersion: 8.4.0
ProgramName: mri_remove_neck  ProgramArguments: mri_remove_neck -all-info  ProgramVersion: 7.3.2  TimeStamp: 2026/03/12-16:33:37-GMT  BuildTime: Aug  4 2022 06:17:15  BuildStamp: freesurfer-linux-ubuntu22_x86_64-7.3.2-20220804-6354275  User: oesteban  Machine: dna038  Platform: Linux  PlatformVersion: 5.14.0-427.37.1.el9_4.x86_64  CompilerName: GCC  CompilerVersion: 8.4.0
7.3.2

ProgramName: mri_robust_register  ProgramArguments: mri_robust_register -all-info  ProgramVersion: 7.3.2  TimeStamp: 2026/03/12-16:33:37-GMT  BuildTime: Aug  4 2022 06:17:15  BuildStamp: freesurfer-linux-ubuntu22_x86_64-7.3.2-20220804-6354275  User: oesteban  Machine: dna038  Platform: Linux  PlatformVersion: 5.14.0-427.37.1.el9_4.x86_64  CompilerName: GCC  CompilerVersion: 8.4.0
7.3.2

ProgramName: mri_robust_template  ProgramArguments: mri_robust_template -all-info  ProgramVersion: 7.3.2  TimeStamp: 2026/03/12-16:33:37-GMT  BuildTime: Aug  4 2022 06:17:15  BuildStamp: freesurfer-linux-ubuntu22_x86_64-7.3.2-20220804-6354275  User: oesteban  Machine: dna038  Platform: Linux  PlatformVersion: 5.14.0-427.37.1.el9_4.x86_64  CompilerName: GCC  CompilerVersion: 8.4.0
ProgramName: mris_anatomical_stats  ProgramArguments: mris_anatomical_stats -all-info  ProgramVersion: 7.3.2  TimeStamp: 2026/03/12-16:33:37-GMT  BuildTime: Aug  4 2022 06:17:15  BuildStamp: freesurfer-linux-ubuntu22_x86_64-7.3.2-20220804-6354275  User: oesteban  Machine: dna038  Platform: Linux  PlatformVersion: 5.14.0-427.37.1.el9_4.x86_64  CompilerName: GCC  CompilerVersion: 8.4.0
ProgramName: mris_ca_label  ProgramArguments: mris_ca_label -all-info  ProgramVersion: 7.3.2  TimeStamp: 2026/03/12-16:33:37-GMT  BuildTime: Aug  4 2022 06:17:15  BuildStamp: freesurfer-linux-ubuntu22_x86_64-7.3.2-20220804-6354275  User: oesteban  Machine: dna038  Platform: Linux  PlatformVersion: 5.14.0-427.37.1.el9_4.x86_64  CompilerName: GCC  CompilerVersion: 8.4.0
ProgramName: mris_calc  ProgramArguments: mris_calc -all-info  ProgramVersion: 7.3.2  TimeStamp: 2026/03/12-16:33:37-GMT  BuildTime: Aug  4 2022 06:17:15  BuildStamp: freesurfer-linux-ubuntu22_x86_64-7.3.2-20220804-6354275  User: oesteban  Machine: dna038  Platform: Linux  PlatformVersion: 5.14.0-427.37.1.el9_4.x86_64  CompilerName: GCC  CompilerVersion: 8.4.0
ProgramName: mris_convert  ProgramArguments: mris_convert -all-info  ProgramVersion: 7.3.2  TimeStamp: 2026/03/12-16:33:37-GMT  BuildTime: Aug  4 2022 06:17:15  BuildStamp: freesurfer-linux-ubuntu22_x86_64-7.3.2-20220804-6354275  User: oesteban  Machine: dna038  Platform: Linux  PlatformVersion: 5.14.0-427.37.1.el9_4.x86_64  CompilerName: GCC  CompilerVersion: 8.4.0
ProgramName: mris_curvature  ProgramArguments: mris_curvature -all-info  ProgramVersion: 7.3.2  TimeStamp: 2026/03/12-16:33:37-GMT  BuildTime: Aug  4 2022 06:17:15  BuildStamp: freesurfer-linux-ubuntu22_x86_64-7.3.2-20220804-6354275  User: oesteban  Machine: dna038  Platform: Linux  PlatformVersion: 5.14.0-427.37.1.el9_4.x86_64  CompilerName: GCC  CompilerVersion: 8.4.0
ProgramName: mris_curvature_stats  ProgramArguments: mris_curvature_stats -all-info  ProgramVersion: 7.3.2  TimeStamp: 2026/03/12-16:33:37-GMT  BuildTime: Aug  4 2022 06:17:15  BuildStamp: freesurfer-linux-ubuntu22_x86_64-7.3.2-20220804-6354275  User: oesteban  Machine: dna038  Platform: Linux  PlatformVersion: 5.14.0-427.37.1.el9_4.x86_64  CompilerName: GCC  CompilerVersion: 8.4.0
ProgramName: mris_diff  ProgramArguments: mris_diff -all-info  ProgramVersion: 7.3.2  TimeStamp: 2026/03/12-16:33:37-GMT  BuildTime: Aug  4 2022 06:17:15  BuildStamp: freesurfer-linux-ubuntu22_x86_64-7.3.2-20220804-6354275  User: oesteban  Machine: dna038  Platform: Linux  PlatformVersion: 5.14.0-427.37.1.el9_4.x86_64  CompilerName: GCC  CompilerVersion: 8.4.0
ProgramName: mris_divide_parcellation  ProgramArguments: mris_divide_parcellation -all-info  ProgramVersion: 7.3.2  TimeStamp: 2026/03/12-16:33:37-GMT  BuildTime: Aug  4 2022 06:17:15  BuildStamp: freesurfer-linux-ubuntu22_x86_64-7.3.2-20220804-6354275  User: oesteban  Machine: dna038  Platform: Linux  PlatformVersion: 5.14.0-427.37.1.el9_4.x86_64  CompilerName: GCC  CompilerVersion: 8.4.0
ProgramName: mri_segment  ProgramArguments: mri_segment -all-info  ProgramVersion: 7.3.2  TimeStamp: 2026/03/12-16:33:37-GMT  BuildTime: Aug  4 2022 06:17:15  BuildStamp: freesurfer-linux-ubuntu22_x86_64-7.3.2-20220804-6354275  User: oesteban  Machine: dna038  Platform: Linux  PlatformVersion: 5.14.0-427.37.1.el9_4.x86_64  CompilerName: GCC  CompilerVersion: 8.4.0
ProgramName: mri_segstats  ProgramArguments: mri_segstats -all-info  ProgramVersion: 7.3.2  TimeStamp: 2026/03/12-16:33:37-GMT  BuildTime: Aug  4 2022 06:17:15  BuildStamp: freesurfer-linux-ubuntu22_x86_64-7.3.2-20220804-6354275  User: oesteban  Machine: dna038  Platform: Linux  PlatformVersion: 5.14.0-427.37.1.el9_4.x86_64  CompilerName: GCC  CompilerVersion: 8.4.0
ProgramName: mris_euler_number  ProgramArguments: mris_euler_number -all-info  ProgramVersion: 7.3.2  TimeStamp: 2026/03/12-16:33:37-GMT  BuildTime: Aug  4 2022 06:17:15  BuildStamp: freesurfer-linux-ubuntu22_x86_64-7.3.2-20220804-6354275  User: oesteban  Machine: dna038  Platform: Linux  PlatformVersion: 5.14.0-427.37.1.el9_4.x86_64  CompilerName: GCC  CompilerVersion: 8.4.0
ProgramName: mris_fix_topology  ProgramArguments: mris_fix_topology -all-info  ProgramVersion: 7.3.2  TimeStamp: 2026/03/12-16:33:37-GMT  BuildTime: Aug  4 2022 06:17:15  BuildStamp: freesurfer-linux-ubuntu22_x86_64-7.3.2-20220804-6354275  User: oesteban  Machine: dna038  Platform: Linux  PlatformVersion: 5.14.0-427.37.1.el9_4.x86_64  CompilerName: GCC  CompilerVersion: 8.4.0
ProgramName: mris_topo_fixer  ProgramArguments: mris_topo_fixer -all-info  ProgramVersion: 7.3.2  TimeStamp: 2026/03/12-16:33:37-GMT  BuildTime: Aug  4 2022 06:17:15  BuildStamp: freesurfer-linux-ubuntu22_x86_64-7.3.2-20220804-6354275  User: oesteban  Machine: dna038  Platform: Linux  PlatformVersion: 5.14.0-427.37.1.el9_4.x86_64  CompilerName: GCC  CompilerVersion: 8.4.0
ProgramName: mris_jacobian  ProgramArguments: mris_jacobian -all-info  ProgramVersion: 7.3.2  TimeStamp: 2026/03/12-16:33:37-GMT  BuildTime: Aug  4 2022 06:17:15  BuildStamp: freesurfer-linux-ubuntu22_x86_64-7.3.2-20220804-6354275  User: oesteban  Machine: dna038  Platform: Linux  PlatformVersion: 5.14.0-427.37.1.el9_4.x86_64  CompilerName: GCC  CompilerVersion: 8.4.0
ProgramName: mris_label2annot  ProgramArguments: mris_label2annot -all-info  ProgramVersion: 7.3.2  TimeStamp: 2026/03/12-16:33:37-GMT  BuildTime: Aug  4 2022 06:17:15  BuildStamp: freesurfer-linux-ubuntu22_x86_64-7.3.2-20220804-6354275  User: oesteban  Machine: dna038  Platform: Linux  PlatformVersion: 5.14.0-427.37.1.el9_4.x86_64  CompilerName: GCC  CompilerVersion: 8.4.0
ProgramName: mris_left_right_register  ProgramArguments: mris_left_right_register -all-info  ProgramVersion: 7.3.2  TimeStamp: 2026/03/12-16:33:37-GMT  BuildTime: Aug  4 2022 06:17:15  BuildStamp: freesurfer-linux-ubuntu22_x86_64-7.3.2-20220804-6354275  User: oesteban  Machine: dna038  Platform: Linux  PlatformVersion: 5.14.0-427.37.1.el9_4.x86_64  CompilerName: GCC  CompilerVersion: 8.4.0
ProgramName: mris_place_surface  ProgramArguments: mris_place_surface -all-info  ProgramVersion: 7.3.2  TimeStamp: 2026/03/12-16:33:37-GMT  BuildTime: Aug  4 2022 06:17:15  BuildStamp: freesurfer-linux-ubuntu22_x86_64-7.3.2-20220804-6354275  User: oesteban  Machine: dna038  Platform: Linux  PlatformVersion: 5.14.0-427.37.1.el9_4.x86_64  CompilerName: GCC  CompilerVersion: 8.4.0
ProgramName: mrisp_paint  ProgramArguments: mrisp_paint -all-info  ProgramVersion: 7.3.2  TimeStamp: 2026/03/12-16:33:37-GMT  BuildTime: Aug  4 2022 06:17:15  BuildStamp: freesurfer-linux-ubuntu22_x86_64-7.3.2-20220804-6354275  User: oesteban  Machine: dna038  Platform: Linux  PlatformVersion: 5.14.0-427.37.1.el9_4.x86_64  CompilerName: GCC  CompilerVersion: 8.4.0
ProgramName: mris_register  ProgramArguments: mris_register -all-info  ProgramVersion: 7.3.2  TimeStamp: 2026/03/12-16:33:37-GMT  BuildTime: Aug  4 2022 06:17:15  BuildStamp: freesurfer-linux-ubuntu22_x86_64-7.3.2-20220804-6354275  User: oesteban  Machine: dna038  Platform: Linux  PlatformVersion: 5.14.0-427.37.1.el9_4.x86_64  CompilerName: GCC  CompilerVersion: 8.4.0
ProgramName: mris_smooth  ProgramArguments: mris_smooth -all-info  ProgramVersion: 7.3.2  TimeStamp: 2026/03/12-16:33:37-GMT  BuildTime: Aug  4 2022 06:17:15  BuildStamp: freesurfer-linux-ubuntu22_x86_64-7.3.2-20220804-6354275  User: oesteban  Machine: dna038  Platform: Linux  PlatformVersion: 5.14.0-427.37.1.el9_4.x86_64  CompilerName: GCC  CompilerVersion: 8.4.0
ProgramName: mris_sphere  ProgramArguments: mris_sphere -all-info  ProgramVersion: 7.3.2  TimeStamp: 2026/03/12-16:33:37-GMT  BuildTime: Aug  4 2022 06:17:15  BuildStamp: freesurfer-linux-ubuntu22_x86_64-7.3.2-20220804-6354275  User: oesteban  Machine: dna038  Platform: Linux  PlatformVersion: 5.14.0-427.37.1.el9_4.x86_64  CompilerName: GCC  CompilerVersion: 8.4.0
ProgramName: mris_surface_stats  ProgramArguments: mris_surface_stats -all-info  ProgramVersion: 7.3.2  TimeStamp: 2026/03/12-16:33:37-GMT  BuildTime: Aug  4 2022 06:17:15  BuildStamp: freesurfer-linux-ubuntu22_x86_64-7.3.2-20220804-6354275  User: oesteban  Machine: dna038  Platform: Linux  PlatformVersion: 5.14.0-427.37.1.el9_4.x86_64  CompilerName: GCC  CompilerVersion: 8.4.0
ProgramName: mri_stats2seg  ProgramArguments: mri_stats2seg -all-info  ProgramVersion: 7.3.2  TimeStamp: 2026/03/12-16:33:37-GMT  BuildTime: Aug  4 2022 06:17:15  BuildStamp: freesurfer-linux-ubuntu22_x86_64-7.3.2-20220804-6354275  User: oesteban  Machine: dna038  Platform: Linux  PlatformVersion: 5.14.0-427.37.1.el9_4.x86_64  CompilerName: GCC  CompilerVersion: 8.4.0
ProgramName: mris_thickness  ProgramArguments: mris_thickness -all-info  ProgramVersion: 7.3.2  TimeStamp: 2026/03/12-16:33:37-GMT  BuildTime: Aug  4 2022 06:17:15  BuildStamp: freesurfer-linux-ubuntu22_x86_64-7.3.2-20220804-6354275  User: oesteban  Machine: dna038  Platform: Linux  PlatformVersion: 5.14.0-427.37.1.el9_4.x86_64  CompilerName: GCC  CompilerVersion: 8.4.0
ProgramName: mris_thickness_diff  ProgramArguments: mris_thickness_diff -all-info  ProgramVersion: 7.3.2  TimeStamp: 2026/03/12-16:33:37-GMT  BuildTime: Aug  4 2022 06:17:15  BuildStamp: freesurfer-linux-ubuntu22_x86_64-7.3.2-20220804-6354275  User: oesteban  Machine: dna038  Platform: Linux  PlatformVersion: 5.14.0-427.37.1.el9_4.x86_64  CompilerName: GCC  CompilerVersion: 8.4.0
ProgramName: mris_topo_fixer  ProgramArguments: mris_topo_fixer -all-info  ProgramVersion: 7.3.2  TimeStamp: 2026/03/12-16:33:37-GMT  BuildTime: Aug  4 2022 06:17:15  BuildStamp: freesurfer-linux-ubuntu22_x86_64-7.3.2-20220804-6354275  User: oesteban  Machine: dna038  Platform: Linux  PlatformVersion: 5.14.0-427.37.1.el9_4.x86_64  CompilerName: GCC  CompilerVersion: 8.4.0
ProgramName: mri_surf2surf  ProgramArguments: mri_surf2surf -all-info  ProgramVersion: 7.3.2  TimeStamp: 2026/03/12-16:33:37-GMT  BuildTime: Aug  4 2022 06:17:15  BuildStamp: freesurfer-linux-ubuntu22_x86_64-7.3.2-20220804-6354275  User: oesteban  Machine: dna038  Platform: Linux  PlatformVersion: 5.14.0-427.37.1.el9_4.x86_64  CompilerName: GCC  CompilerVersion: 8.4.0
ProgramName: mri_surf2vol  ProgramArguments: mri_surf2vol -all-info  ProgramVersion: 7.3.2  TimeStamp: 2026/03/12-16:33:37-GMT  BuildTime: Aug  4 2022 06:17:15  BuildStamp: freesurfer-linux-ubuntu22_x86_64-7.3.2-20220804-6354275  User: oesteban  Machine: dna038  Platform: Linux  PlatformVersion: 5.14.0-427.37.1.el9_4.x86_64  CompilerName: GCC  CompilerVersion: 8.4.0
ProgramName: mri_surfcluster  ProgramArguments: mri_surfcluster -all-info  ProgramVersion: 7.3.2  TimeStamp: 2026/03/12-16:33:37-GMT  BuildTime: Aug  4 2022 06:17:15  BuildStamp: freesurfer-linux-ubuntu22_x86_64-7.3.2-20220804-6354275  User: oesteban  Machine: dna038  Platform: Linux  PlatformVersion: 5.14.0-427.37.1.el9_4.x86_64  CompilerName: GCC  CompilerVersion: 8.4.0
ProgramName: mris_volmask  ProgramArguments: mris_volmask -all-info  ProgramVersion: 7.3.2  TimeStamp: 2026/03/12-16:33:37-GMT  BuildTime: Aug  4 2022 06:17:15  BuildStamp: freesurfer-linux-ubuntu22_x86_64-7.3.2-20220804-6354275  User: oesteban  Machine: dna038  Platform: Linux  PlatformVersion: 5.14.0-427.37.1.el9_4.x86_64  CompilerName: GCC  CompilerVersion: 8.4.0
ProgramName: mri_tessellate  ProgramArguments: mri_tessellate -all-info  ProgramVersion: 7.3.2  TimeStamp: 2026/03/12-16:33:37-GMT  BuildTime: Aug  4 2022 06:17:15  BuildStamp: freesurfer-linux-ubuntu22_x86_64-7.3.2-20220804-6354275  User: oesteban  Machine: dna038  Platform: Linux  PlatformVersion: 5.14.0-427.37.1.el9_4.x86_64  CompilerName: GCC  CompilerVersion: 8.4.0
ProgramName: mri_vol2surf  ProgramArguments: mri_vol2surf -all-info  ProgramVersion: 7.3.2  TimeStamp: 2026/03/12-16:33:37-GMT  BuildTime: Aug  4 2022 06:17:15  BuildStamp: freesurfer-linux-ubuntu22_x86_64-7.3.2-20220804-6354275  User: oesteban  Machine: dna038  Platform: Linux  PlatformVersion: 5.14.0-427.37.1.el9_4.x86_64  CompilerName: GCC  CompilerVersion: 8.4.0
ProgramName: mri_vol2vol  ProgramArguments: mri_vol2vol -all-info  ProgramVersion: 7.3.2  TimeStamp: 2026/03/12-16:33:37-GMT  BuildTime: Aug  4 2022 06:17:15  BuildStamp: freesurfer-linux-ubuntu22_x86_64-7.3.2-20220804-6354275  User: oesteban  Machine: dna038  Platform: Linux  PlatformVersion: 5.14.0-427.37.1.el9_4.x86_64  CompilerName: GCC  CompilerVersion: 8.4.0
ProgramName: mri_voldiff  ProgramArguments: mri_voldiff -all-info  ProgramVersion: 7.3.2  TimeStamp: 2026/03/12-16:33:37-GMT  BuildTime: Aug  4 2022 06:17:15  BuildStamp: freesurfer-linux-ubuntu22_x86_64-7.3.2-20220804-6354275  User: oesteban  Machine: dna038  Platform: Linux  PlatformVersion: 5.14.0-427.37.1.el9_4.x86_64  CompilerName: GCC  CompilerVersion: 8.4.0
ProgramName: mri_watershed  ProgramArguments: mri_watershed -all-info  ProgramVersion: 7.3.2  TimeStamp: 2026/03/12-16:33:37-GMT  BuildTime: Aug  4 2022 06:17:15  BuildStamp: freesurfer-linux-ubuntu22_x86_64-7.3.2-20220804-6354275  User: oesteban  Machine: dna038  Platform: Linux  PlatformVersion: 5.14.0-427.37.1.el9_4.x86_64  CompilerName: GCC  CompilerVersion: 8.4.0
ProgramName: tkregister2  ProgramArguments: tkregister2_cmdl -all-info  ProgramVersion: 7.3.2  TimeStamp: 2026/03/12-16:33:37-GMT  BuildTime: Aug  4 2022 06:17:15  BuildStamp: freesurfer-linux-ubuntu22_x86_64-7.3.2-20220804-6354275  User: oesteban  Machine: dna038  Platform: Linux  PlatformVersion: 5.14.0-427.37.1.el9_4.x86_64  CompilerName: GCC  CompilerVersion: 8.4.0
mri_motion_correct.fsl 7.3.2
mri_convert -all-info 
ProgramName: mri_convert  ProgramArguments: mri_convert -all-info  ProgramVersion: 7.3.2  TimeStamp: 2026/03/12-16:33:37-GMT  BuildTime: Aug  4 2022 06:17:15  BuildStamp: freesurfer-linux-ubuntu22_x86_64-7.3.2-20220804-6354275  User: oesteban  Machine: dna038  Platform: Linux  PlatformVersion: 5.14.0-427.37.1.el9_4.x86_64  CompilerName: GCC  CompilerVersion: 8.4.0
Program nu_correct, built from:
Package MNI N3, version 1.12.0, compiled by nicks@terrier (x86_64-unknown-linux-gnu) on 2015-06-19 at 01:25:34
#######################################
GCADIR /opt/freesurfer/average
GCA RB_all_2020-01-02.gca
GCASkull RB_all_withskull_2020_01_02.gca
AvgCurvTif folding.atlas.acfb40.noaparc.i12.2016-08-02.tif
GCSDIR /opt/freesurfer/average
GCS DKaparc.atlas.acfb40.noaparc.i12.2016-08-02.gcs
#######################################
#--------------------------------------------
#@# AutoDetGWStats lh Thu Mar 12 17:33:37 CET 2026
cd /out/sourcedata/freesurfer/sub-v1s20x0050281_ses-1/mri
mris_autodet_gwstats --o ../surf/autodet.gw.stats.lh.dat --i brain.finalsurfs.mgz --wm wm.mgz --surf ../surf/lh.orig.premesh
  Update not needed
#--------------------------------------------
#@# WhitePreAparc lh Thu Mar 12 17:33:37 CET 2026
cd /out/sourcedata/freesurfer/sub-v1s20x0050281_ses-1/mri
mris_place_surface --adgws-in ../surf/autodet.gw.stats.lh.dat --wm wm.mgz --threads 16 --invol brain.finalsurfs.mgz --lh --i ../surf/lh.orig --o ../surf/lh.white.preaparc --white --seg aseg.presurf.mgz --nsmooth 5
   Update not needed
#--------------------------------------------
#@# CortexLabel lh Thu Mar 12 17:33:37 CET 2026
cd /out/sourcedata/freesurfer/sub-v1s20x0050281_ses-1/mri
mri_label2label --label-cortex ../surf/lh.white.preaparc aseg.presurf.mgz 0 ../label/lh.cortex.label
   Update not needed
#--------------------------------------------
#@# CortexLabel+HipAmyg lh Thu Mar 12 17:33:37 CET 2026
cd /out/sourcedata/freesurfer/sub-v1s20x0050281_ses-1/mri
mri_label2label --label-cortex ../surf/lh.white.preaparc aseg.presurf.mgz 1 ../label/lh.cortex+hipamyg.label
   Update not needed
#@# white curv lh Thu Mar 12 17:33:37 CET 2026
cd /out/sourcedata/freesurfer/sub-v1s20x0050281_ses-1/mri
mris_place_surface --curv-map ../surf/lh.white 2 10 ../surf/lh.curv
   Update not needed
#@# white area lh Thu Mar 12 17:33:37 CET 2026
cd /out/sourcedata/freesurfer/sub-v1s20x0050281_ses-1/mri
mris_place_surface --area-map ../surf/lh.white ../surf/lh.area
   Update not needed
#@# pial curv lh Thu Mar 12 17:33:37 CET 2026
cd /out/sourcedata/freesurfer/sub-v1s20x0050281_ses-1/mri
mris_place_surface --curv-map ../surf/lh.pial 2 10 ../surf/lh.curv.pial
   Update not needed
#@# pial area lh Thu Mar 12 17:33:37 CET 2026
cd /out/sourcedata/freesurfer/sub-v1s20x0050281_ses-1/mri
mris_place_surface --area-map ../surf/lh.pial ../surf/lh.area.pial
   Update not needed
#@# thickness lh Thu Mar 12 17:33:37 CET 2026
cd /out/sourcedata/freesurfer/sub-v1s20x0050281_ses-1/mri
mris_place_surface --thickness ../surf/lh.white ../surf/lh.pial 20 5 ../surf/lh.thickness
   Update not needed
#@# area and vertex vol lh Thu Mar 12 17:33:37 CET 2026
cd /out/sourcedata/freesurfer/sub-v1s20x0050281_ses-1/mri
mris_place_surface --thickness ../surf/lh.white ../surf/lh.pial 20 5 ../surf/lh.thickness
   Update not needed
#-----------------------------------------
#@# Parcellation Stats lh Thu Mar 12 17:33:37 CET 2026
/out/sourcedata/freesurfer/sub-v1s20x0050281_ses-1/scripts

 mris_anatomical_stats -th3 -mgz -noglobal -cortex ../label/lh.cortex.label -f ../stats/lh.aparc.stats -b -a ../label/lh.aparc.annot -c ../label/aparc.annot.ctab sub-v1s20x0050281_ses-1 lh white 

computing statistics for each annotation in ../label/lh.aparc.annot.
reading volume /out/sourcedata/freesurfer/sub-v1s20x0050281_ses-1/mri/wm.mgz...
reading input surface /out/sourcedata/freesurfer/sub-v1s20x0050281_ses-1/surf/lh.white...
reading input pial surface /out/sourcedata/freesurfer/sub-v1s20x0050281_ses-1/surf/lh.pial...
reading input white surface /out/sourcedata/freesurfer/sub-v1s20x0050281_ses-1/surf/lh.white...
INFO: using TH3 volume calc
INFO: assuming MGZ format for volumes.
INFO: not computing global stats
INFO: using ../label/lh.cortex.label as mask to calc cortex NumVert, SurfArea and MeanThickness.
Using TH3 vertex volume calc
Total face volume 286450
Total vertex volume 286247 (mask=0)
Saving annotation colortable ../label/aparc.annot.ctab

table columns are:
    number of vertices
    total surface area (mm^2)
    total gray matter volume (mm^3)
    average cortical thickness +- standard deviation (mm)
    integrated rectified mean curvature
    integrated rectified Gaussian curvature
    folding index
    intrinsic curvature index
    structure name

 1559   1086   3042  2.459 0.718     0.111     0.029       14     1.8  bankssts
  764    513   1499  2.742 0.562     0.112     0.019        7     0.6  caudalanteriorcingulate
 3015   2161   7397  3.005 0.713     0.118     0.029       27     3.6  caudalmiddlefrontal
 1952   1517   3948  2.288 0.628     0.155     0.044       28     3.7  cuneus
  783    608   2109  2.695 0.874     0.167     0.061       18     1.9  entorhinal
 4465   3217  10472  2.646 0.835     0.129     0.036       57     6.7  fusiform
 5395   4009  14415  2.697 0.804     0.125     0.031       71     7.5  inferiorparietal
 3897   2757   9217  2.603 0.875     0.131     0.039       50     6.5  inferiortemporal
 1522   1036   3190  2.700 1.140     0.113     0.027       15     1.4  isthmuscingulate
 7143   5300  15904  2.486 0.752     0.145     0.043       94    12.9  lateraloccipital
 4322   3089   9022  2.535 0.884     0.147     0.051       67     9.5  lateralorbitofrontal
 5232   3940   9364  2.159 0.673     0.143     0.038       64     8.6  lingual
 2645   1972   5273  2.324 0.936     0.148     0.050       40     6.3  medialorbitofrontal
 3691   2743  11517  2.795 0.866     0.127     0.037       51     5.2  middletemporal
 1131    716   2388  2.850 0.862     0.077     0.017        5     0.6  parahippocampal
 2238   1507   4652  2.689 0.723     0.112     0.030       16     2.6  paracentral
 2341   1646   5766  2.734 0.708     0.116     0.029       29     2.5  parsopercularis
 1003    773   3300  2.903 0.911     0.151     0.047       14     2.0  parsorbitalis
 2010   1476   5568  3.025 0.919     0.127     0.036       23     2.9  parstriangularis
 2204   1597   2654  1.832 0.607     0.137     0.033       24     3.2  pericalcarine
 6187   4250  11507  2.326 0.720     0.109     0.027       54     6.7  postcentral
 1794   1283   3480  2.635 0.712     0.137     0.031       21     2.4  posteriorcingulate
 7436   5124  16948  2.941 0.762     0.117     0.032       64     9.4  precentral
 5457   3928  12915  2.716 0.820     0.114     0.024       54     5.7  precuneus
 1259    875   2621  2.585 0.863     0.126     0.032       14     1.6  rostralanteriorcingulate
 6747   5019  18593  2.705 0.841     0.137     0.042       81    11.5  rostralmiddlefrontal
10206   7521  30064  3.022 0.870     0.136     0.040      107    16.4  superiorfrontal
 7825   5605  17532  2.573 0.770     0.119     0.028       75     9.0  superiorparietal
 6385   4509  14339  2.642 0.806     0.115     0.033       64     8.7  superiortemporal
 6204   4435  14924  2.726 0.781     0.122     0.030       67     7.4  supramarginal
  396    335   1808  3.290 0.938     0.201     0.079        9     1.5  frontalpole
  645    508   1723  2.174 0.883     0.171     0.074       14     2.0  temporalpole
  678    471   1180  2.598 0.444     0.141     0.030        6     0.9  transversetemporal
 3562   2417   7920  3.221 0.869     0.110     0.031       29     4.0  insula

 mris_anatomical_stats -th3 -mgz -noglobal -cortex ../label/lh.cortex.label -f ../stats/lh.aparc.pial.stats -b -a ../label/lh.aparc.annot -c ../label/aparc.annot.ctab sub-v1s20x0050281_ses-1 lh pial 

computing statistics for each annotation in ../label/lh.aparc.annot.
reading volume /out/sourcedata/freesurfer/sub-v1s20x0050281_ses-1/mri/wm.mgz...
reading input surface /out/sourcedata/freesurfer/sub-v1s20x0050281_ses-1/surf/lh.pial...
reading input pial surface /out/sourcedata/freesurfer/sub-v1s20x0050281_ses-1/surf/lh.pial...
reading input white surface /out/sourcedata/freesurfer/sub-v1s20x0050281_ses-1/surf/lh.white...
INFO: using TH3 volume calc
INFO: assuming MGZ format for volumes.
INFO: not computing global stats
INFO: using ../label/lh.cortex.label as mask to calc cortex NumVert, SurfArea and MeanThickness.
Using TH3 vertex volume calc
Total face volume 286450
Total vertex volume 286247 (mask=0)
Saving annotation colortable ../label/aparc.annot.ctab

table columns are:
    number of vertices
    total surface area (mm^2)
    total gray matter volume (mm^3)
    average cortical thickness +- standard deviation (mm)
    integrated rectified mean curvature
    integrated rectified Gaussian curvature
    folding index
    intrinsic curvature index
    structure name

 1559   1314   3042  2.459 0.718     0.156     0.040       26     2.9  bankssts
  764    598   1499  2.742 0.562     0.125     0.030        7     0.9  caudalanteriorcingulate
 3015   2633   7397  3.005 0.713     0.163     0.047       81     5.8  caudalmiddlefrontal
 1952   2092   3948  2.288 0.628     0.194     0.047       39     4.3  cuneus
  783    996   2109  2.695 0.874     0.268     0.074       36     2.5  entorhinal
 4465   4676  10472  2.646 0.835     0.195     0.050       87     9.9  fusiform
 5395   6145  14415  2.697 0.804     0.193     0.046       99    11.1  inferiorparietal
 3897   4024   9217  2.603 0.875     0.196     0.050       87     8.6  inferiortemporal
 1522   1336   3190  2.700 1.140     0.165     0.049       49     2.5  isthmuscingulate
 7143   7771  15904  2.486 0.752     0.186     0.047      150    14.3  lateraloccipital
 4322   3968   9022  2.535 0.884     0.185     0.055      121     9.4  lateralorbitofrontal
 5232   5147   9364  2.159 0.673     0.180     0.048      117     9.9  lingual
 2645   2681   5273  2.324 0.936     0.199     0.058      106     6.3  medialorbitofrontal
 3691   5128  11517  2.795 0.866     0.230     0.052       74     9.2  middletemporal
 1131   1071   2388  2.850 0.862     0.219     0.064      371     3.3  parahippocampal
 2238   1941   4652  2.689 0.723     0.144     0.042       58     3.3  paracentral
 2341   2515   5766  2.734 0.708     0.181     0.045       37     4.6  parsopercularis
 1003   1472   3300  2.903 0.911     0.246     0.052       20     2.3  parsorbitalis
 2010   2148   5568  3.025 0.919     0.183     0.041       34     3.6  parstriangularis
 2204   1423   2654  1.832 0.607     0.139     0.039       48     3.2  pericalcarine
 6187   5638  11507  2.326 0.720     0.145     0.035       83     9.1  postcentral
 1794   1482   3480  2.635 0.712     0.174     0.059       67     4.1  posteriorcingulate
 7436   6166  16948  2.941 0.762     0.137     0.036      120    10.2  precentral
 5457   5180  12915  2.716 0.820     0.165     0.041      119     9.7  precuneus
 1259   1190   2621  2.585 0.863     0.167     0.045       33     2.3  rostralanteriorcingulate
 6747   8081  18593  2.705 0.841     0.212     0.070      275    15.0  rostralmiddlefrontal
10206  11396  30064  3.022 0.870     0.195     0.050      227    21.9  superiorfrontal
 7825   7607  17532  2.573 0.770     0.166     0.042      240    13.7  superiorparietal
 6385   6518  14339  2.642 0.806     0.177     0.046      127    11.7  superiortemporal
 6204   6214  14924  2.726 0.781     0.176     0.045      135    12.1  supramarginal
  396    762   1808  3.290 0.938     0.314     0.072        8     1.3  frontalpole
  645   1010   1723  2.174 0.883     0.248     0.055        8     1.7  temporalpole
  678    469   1180  2.598 0.444     0.126     0.038       11     0.9  transversetemporal
 3562   2432   7920  3.221 0.869     0.152     0.048       82     6.1  insula
#-----------------------------------------
#@# Parcellation Stats 2 lh Thu Mar 12 17:33:53 CET 2026
/out/sourcedata/freesurfer/sub-v1s20x0050281_ses-1/scripts

 mris_anatomical_stats -th3 -mgz -noglobal -cortex ../label/lh.cortex.label -f ../stats/lh.aparc.a2009s.stats -b -a ../label/lh.aparc.a2009s.annot -c ../label/aparc.annot.a2009s.ctab sub-v1s20x0050281_ses-1 lh white 

computing statistics for each annotation in ../label/lh.aparc.a2009s.annot.
reading volume /out/sourcedata/freesurfer/sub-v1s20x0050281_ses-1/mri/wm.mgz...
reading input surface /out/sourcedata/freesurfer/sub-v1s20x0050281_ses-1/surf/lh.white...
reading input pial surface /out/sourcedata/freesurfer/sub-v1s20x0050281_ses-1/surf/lh.pial...
reading input white surface /out/sourcedata/freesurfer/sub-v1s20x0050281_ses-1/surf/lh.white...
INFO: using TH3 volume calc
INFO: assuming MGZ format for volumes.
INFO: not computing global stats
INFO: using ../label/lh.cortex.label as mask to calc cortex NumVert, SurfArea and MeanThickness.
Using TH3 vertex volume calc
Total face volume 286450
Total vertex volume 286247 (mask=0)
Saving annotation colortable ../label/aparc.annot.a2009s.ctab

table columns are:
    number of vertices
    total surface area (mm^2)
    total gray matter volume (mm^3)
    average cortical thickness +- standard deviation (mm)
    integrated rectified mean curvature
    integrated rectified Gaussian curvature
    folding index
    intrinsic curvature index
    structure name

 1135    847   2972  2.499 0.840     0.153     0.058       18     2.8  G_and_S_frontomargin
 1256    952   3031  2.459 0.786     0.151     0.043       21     2.2  G_and_S_occipital_inf
 1907   1301   3568  2.342 0.708     0.134     0.037       19     3.0  G_and_S_paracentral
 1622   1135   4037  2.931 0.729     0.126     0.036       18     2.5  G_and_S_subcentral
  691    538   3747  3.725 0.919     0.174     0.057       14     1.6  G_and_S_transv_frontopol
 2281   1632   5354  2.771 0.788     0.129     0.034       24     3.2  G_and_S_cingul-Ant
 1158    790   2195  2.824 0.602     0.102     0.024        7     1.1  G_and_S_cingul-Mid-Ant
 1323    918   2670  2.784 0.637     0.119     0.029       12     1.5  G_and_S_cingul-Mid-Post
  603    410   1765  3.279 1.017     0.133     0.036        7     0.8  G_cingul-Post-dorsal
  355    240   1207  3.234 1.083     0.125     0.034        5     0.3  G_cingul-Post-ventral
 1786   1432   3932  2.231 0.706     0.167     0.050       31     3.8  G_cuneus
 1426   1015   4602  3.098 0.595     0.122     0.030       20     1.6  G_front_inf-Opercular
  312    284   1160  2.770 0.831     0.225     0.084       10     1.5  G_front_inf-Orbital
 1050    785   4094  3.393 0.956     0.144     0.044       15     1.7  G_front_inf-Triangul
 3641   2896  14619  3.132 0.838     0.155     0.047       59     7.1  G_front_middle
 6956   5157  22690  3.134 0.880     0.141     0.042       78    11.9  G_front_sup
  686    454   1842  3.558 0.815     0.108     0.033        6     0.7  G_Ins_lg_and_S_cent_ins
  761    536   2479  3.314 0.910     0.131     0.041       10     1.1  G_insular_short
 2177   1691   6697  2.719 0.810     0.174     0.055       45     5.7  G_occipital_middle
 1315    981   3519  2.715 0.713     0.129     0.032       15     1.7  G_occipital_sup
 1946   1434   6094  3.091 0.775     0.150     0.050       34     4.0  G_oc-temp_lat-fusifor
 3375   2640   6847  2.180 0.709     0.160     0.045       51     6.7  G_oc-temp_med-Lingual
 1507   1035   3827  2.848 0.902     0.124     0.039       20     2.2  G_oc-temp_med-Parahip
 2660   1951   7702  2.641 0.971     0.163     0.061       52     6.8  G_orbital
 1806   1482   6918  2.988 0.802     0.153     0.041       31     3.0  G_pariet_inf-Angular
 3230   2372   9344  2.835 0.762     0.135     0.037       43     4.4  G_pariet_inf-Supramar
 3034   2350   8682  2.748 0.846     0.148     0.038       42     4.6  G_parietal_sup
 2127   1508   4713  2.403 0.792     0.121     0.032       25     2.5  G_postcentral
 2565   1791   7961  3.191 0.773     0.126     0.039       27     4.0  G_precentral
 2475   1870   8478  3.108 0.838     0.135     0.035       39     3.5  G_precuneus
  895    792   2383  2.207 0.770     0.214     0.084       26     3.9  G_rectus
  822    545   1038  2.112 0.783     0.129     0.050       11     1.6  G_subcallosal
  429    309    989  2.620 0.518     0.148     0.037        5     0.7  G_temp_sup-G_T_transv
 2085   1575   6822  2.807 0.883     0.151     0.053       36     4.5  G_temp_sup-Lateral
  545    368   1170  2.544 0.838     0.099     0.037        3     0.7  G_temp_sup-Plan_polar
 1499   1026   2686  2.343 0.646     0.101     0.025       13     1.4  G_temp_sup-Plan_tempo
 1894   1392   5981  2.920 0.943     0.150     0.054       35     4.1  G_temporal_inf
 2049   1629   8732  2.995 0.951     0.154     0.051       42     3.9  G_temporal_middle
  355    266    730  2.702 0.696     0.116     0.029        3     0.5  Lat_Fis-ant-Horizont
  388    271    672  2.460 0.701     0.131     0.046        8     0.6  Lat_Fis-ant-Vertical
 1431    994   1969  2.611 0.745     0.124     0.028       13     1.9  Lat_Fis-post
 2134   1621   5188  2.552 0.836     0.150     0.049       33     4.0  Pole_occipital
 1550   1220   3920  2.277 0.843     0.173     0.069       35     4.3  Pole_temporal
 3055   2184   3846  2.022 0.726     0.125     0.030       26     4.0  S_calcarine
 3094   2049   3986  2.228 0.666     0.095     0.021       15     2.7  S_central
 1256    829   1971  2.600 0.699     0.093     0.019        6     1.0  S_cingul-Marginalis
  625    432   1104  3.003 0.789     0.105     0.029        4     0.7  S_circular_insula_ant
 1427    945   2220  2.785 1.086     0.078     0.015        5     0.9  S_circular_insula_inf
 1820   1221   2665  2.775 0.619     0.099     0.021        9     1.7  S_circular_insula_sup
  941    634   1448  2.403 0.717     0.095     0.018        4     0.8  S_collat_transv_ant
  390    266    510  2.125 0.665     0.113     0.025        2     0.4  S_collat_transv_post
 2189   1524   3505  2.431 0.626     0.110     0.025       16     2.1  S_front_inf
  842    606   1447  2.442 0.644     0.118     0.036        6     1.0  S_front_middle
 2605   1856   5045  2.753 0.687     0.117     0.029       18     3.2  S_front_sup
  302    209    482  2.045 0.663     0.100     0.019        1     0.3  S_interm_prim-Jensen
 2966   1955   4470  2.474 0.663     0.093     0.018       15     2.3  S_intrapariet_and_P_trans
 1148    787   1571  2.153 0.507     0.111     0.028        7     1.2  S_oc_middle_and_Lunatus
  919    622   1485  2.624 0.750     0.102     0.023        5     0.9  S_oc_sup_and_transversal
  859    580   1150  2.187 0.587     0.104     0.023        5     0.9  S_occipital_ant
  823    581   1294  2.169 0.555     0.094     0.019        6     0.8  S_oc-temp_lat
 2387   1635   3708  2.407 0.631     0.102     0.020       14     2.0  S_oc-temp_med_and_Lingual
  466    327    567  2.038 0.599     0.106     0.023        2     0.5  S_orbital_lateral
  711    511    844  1.943 0.575     0.150     0.044       10     1.4  S_orbital_med-olfact
 1419   1010   2921  2.694 0.747     0.132     0.041       16     2.4  S_orbital-H_Shaped
 2179   1492   3423  2.335 0.580     0.098     0.017       13     1.6  S_parieto_occipital
 1332    930   1385  1.851 0.609     0.119     0.022       15     1.3  S_pericallosal
 2991   2048   5481  2.495 0.676     0.099     0.022       20     2.6  S_postcentral
 1599   1112   2615  2.669 0.651     0.103     0.025       10     1.6  S_precentral-inf-part
 1531   1038   2597  3.046 0.589     0.103     0.019        8     1.3  S_precentral-sup-part
  721    482   1125  2.699 1.055     0.111     0.027        4     0.9  S_suborbital
  956    665   1782  2.886 0.630     0.112     0.019        6     0.9  S_subparietal
 1136    770   1573  2.210 0.655     0.101     0.017        5     1.0  S_temporal_inf
 5738   3933  10393  2.574 0.731     0.098     0.020       41     5.1  S_temporal_sup
  424    272    610  2.569 0.551     0.085     0.012        2     0.2  S_temporal_transverse
#-----------------------------------------
#@# Parcellation Stats 3 lh Thu Mar 12 17:34:01 CET 2026
/out/sourcedata/freesurfer/sub-v1s20x0050281_ses-1/scripts

 mris_anatomical_stats -th3 -mgz -noglobal -cortex ../label/lh.cortex.label -f ../stats/lh.aparc.DKTatlas.stats -b -a ../label/lh.aparc.DKTatlas.annot -c ../label/aparc.annot.DKTatlas.ctab sub-v1s20x0050281_ses-1 lh white 

computing statistics for each annotation in ../label/lh.aparc.DKTatlas.annot.
reading volume /out/sourcedata/freesurfer/sub-v1s20x0050281_ses-1/mri/wm.mgz...
reading input surface /out/sourcedata/freesurfer/sub-v1s20x0050281_ses-1/surf/lh.white...
reading input pial surface /out/sourcedata/freesurfer/sub-v1s20x0050281_ses-1/surf/lh.pial...
reading input white surface /out/sourcedata/freesurfer/sub-v1s20x0050281_ses-1/surf/lh.white...
INFO: using TH3 volume calc
INFO: assuming MGZ format for volumes.
INFO: not computing global stats
INFO: using ../label/lh.cortex.label as mask to calc cortex NumVert, SurfArea and MeanThickness.
Using TH3 vertex volume calc
Total face volume 286450
Total vertex volume 286247 (mask=0)
Saving annotation colortable ../label/aparc.annot.DKTatlas.ctab

table columns are:
    number of vertices
    total surface area (mm^2)
    total gray matter volume (mm^3)
    average cortical thickness +- standard deviation (mm)
    integrated rectified mean curvature
    integrated rectified Gaussian curvature
    folding index
    intrinsic curvature index
    structure name

 1249    840   2293  2.703 0.568     0.110     0.023       10     1.3  caudalanteriorcingulate
 3145   2261   7655  2.992 0.719     0.118     0.030       29     3.8  caudalmiddlefrontal
 2743   2073   5539  2.360 0.648     0.138     0.037       34     4.3  cuneus
  706    553   2064  2.782 0.843     0.167     0.062       17     1.7  entorhinal
 4156   2977   9717  2.681 0.814     0.129     0.036       52     6.3  fusiform
 5527   4083  14294  2.658 0.815     0.124     0.031       72     7.6  inferiorparietal
 4013   2884   9738  2.599 0.886     0.133     0.041       55     6.8  inferiortemporal
 1526   1036   3232  2.739 1.137     0.113     0.027       14     1.4  isthmuscingulate
 7099   5247  15806  2.489 0.754     0.145     0.043       92    12.4  lateraloccipital
 4729   3381  10027  2.464 0.871     0.153     0.057       80    11.4  lateralorbitofrontal
 5259   3983   9559  2.163 0.674     0.143     0.038       65     8.8  lingual
 2168   1672   4504  2.311 0.919     0.158     0.053       37     5.6  medialorbitofrontal
 4902   3565  13438  2.663 0.861     0.121     0.034       59     6.3  middletemporal
 1188    755   2481  2.848 0.858     0.079     0.018        5     0.7  parahippocampal
 2634   1787   5431  2.691 0.738     0.114     0.031       19     3.3  paracentral
 2184   1524   5318  2.726 0.710     0.116     0.029       27     2.4  parsopercularis
 1024    775   2816  2.942 0.884     0.149     0.046       14     2.4  parsorbitalis
 2414   1752   6244  2.909 0.919     0.127     0.034       26     3.2  parstriangularis
 2168   1564   2570  1.834 0.610     0.136     0.032       23     3.1  pericalcarine
 6969   4804  13094  2.377 0.766     0.111     0.028       61     7.9  postcentral
 1932   1374   3584  2.594 0.719     0.134     0.032       22     2.5  posteriorcingulate
 7443   5116  17080  2.947 0.760     0.116     0.031       63     9.3  precentral
 5306   3867  13051  2.726 0.828     0.118     0.025       56     5.8  precuneus
 1875   1320   4494  2.726 0.866     0.128     0.035       21     2.7  rostralanteriorcingulate
 5048   3805  14666  2.712 0.831     0.138     0.041       62     8.4  rostralmiddlefrontal
10676   7910  32485  3.042 0.892     0.138     0.041      115    17.5  superiorfrontal
 6337   4538  14043  2.553 0.742     0.119     0.027       61     6.9  superiorparietal
 8199   5821  18380  2.590 0.807     0.120     0.036       90    12.3  superiortemporal
 5839   4187  14458  2.792 0.781     0.123     0.031       64     7.0  supramarginal
  675    471   1181  2.601 0.441     0.141     0.030        6     0.9  transversetemporal
 2960   2019   7003  3.300 0.863     0.102     0.027       21     3.0  insula
/out/sourcedata/freesurfer/sub-v1s20x0050281_ses-1/label
#--------------------------------------------
#@# BA_exvivo Labels lh Thu Mar 12 17:34:09 CET 2026

 mri_label2label --srcsubject fsaverage --srclabel /out/sourcedata/freesurfer/fsaverage/label/lh.BA1_exvivo.label --trgsubject sub-v1s20x0050281_ses-1 --trglabel ./lh.BA1_exvivo.label --hemi lh --regmethod surface 


srclabel = /out/sourcedata/freesurfer/fsaverage/label/lh.BA1_exvivo.label
srcsubject = fsaverage
trgsubject = sub-v1s20x0050281_ses-1
trglabel = ./lh.BA1_exvivo.label
regmethod = surface

srchemi = lh
trghemi = lh
trgsurface = white
srcsurfreg = sphere.reg
trgsurfreg = sphere.reg
usehash = 1
Use ProjAbs  = 0, 0
Use ProjFrac = 0, 0
DoPaint 0

SUBJECTS_DIR    /out/sourcedata/freesurfer
FREESURFER_HOME /opt/freesurfer
Loading source label.
Found 4129 points in source label.
Starting surface-based mapping
Reading source registration 
 /out/sourcedata/freesurfer/fsaverage/surf/lh.sphere.reg
Rescaling ...  original radius = 100
Reading target surface 
 /out/sourcedata/freesurfer/sub-v1s20x0050281_ses-1/surf/lh.white
Reading target registration 
 /out/sourcedata/freesurfer/sub-v1s20x0050281_ses-1/surf/lh.sphere.reg
Rescaling ...  original radius = 100
Building target registration hash (res=16).
Building source registration hash (res=16).
INFO: found  4129 nlabel points
Performing mapping from target back to the source label 130007
Number of reverse mapping hits = 151
Checking for and removing duplicates
Writing label file ./lh.BA1_exvivo.label 4280
mri_label2label: Done


 mri_label2label --srcsubject fsaverage --srclabel /out/sourcedata/freesurfer/fsaverage/label/lh.BA2_exvivo.label --trgsubject sub-v1s20x0050281_ses-1 --trglabel ./lh.BA2_exvivo.label --hemi lh --regmethod surface 


srclabel = /out/sourcedata/freesurfer/fsaverage/label/lh.BA2_exvivo.label
srcsubject = fsaverage
trgsubject = sub-v1s20x0050281_ses-1
trglabel = ./lh.BA2_exvivo.label
regmethod = surface

srchemi = lh
trghemi = lh
trgsurface = white
srcsurfreg = sphere.reg
trgsurfreg = sphere.reg
usehash = 1
Use ProjAbs  = 0, 0
Use ProjFrac = 0, 0
DoPaint 0

SUBJECTS_DIR    /out/sourcedata/freesurfer
FREESURFER_HOME /opt/freesurfer
Loading source label.
Found 7909 points in source label.
Starting surface-based mapping
Reading source registration 
 /out/sourcedata/freesurfer/fsaverage/surf/lh.sphere.reg
Rescaling ...  original radius = 100
Reading target surface 
 /out/sourcedata/freesurfer/sub-v1s20x0050281_ses-1/surf/lh.white
Reading target registration 
 /out/sourcedata/freesurfer/sub-v1s20x0050281_ses-1/surf/lh.sphere.reg
Rescaling ...  original radius = 100
Building target registration hash (res=16).
Building source registration hash (res=16).
INFO: found  7909 nlabel points
Performing mapping from target back to the source label 130007
Number of reverse mapping hits = 275
Checking for and removing duplicates
Writing label file ./lh.BA2_exvivo.label 8184
mri_label2label: Done


 mri_label2label --srcsubject fsaverage --srclabel /out/sourcedata/freesurfer/fsaverage/label/lh.BA3a_exvivo.label --trgsubject sub-v1s20x0050281_ses-1 --trglabel ./lh.BA3a_exvivo.label --hemi lh --regmethod surface 


srclabel = /out/sourcedata/freesurfer/fsaverage/label/lh.BA3a_exvivo.label
srcsubject = fsaverage
trgsubject = sub-v1s20x0050281_ses-1
trglabel = ./lh.BA3a_exvivo.label
regmethod = surface

srchemi = lh
trghemi = lh
trgsurface = white
srcsurfreg = sphere.reg
trgsurfreg = sphere.reg
usehash = 1
Use ProjAbs  = 0, 0
Use ProjFrac = 0, 0
DoPaint 0

SUBJECTS_DIR    /out/sourcedata/freesurfer
FREESURFER_HOME /opt/freesurfer
Loading source label.
Found 4077 points in source label.
Starting surface-based mapping
Reading source registration 
 /out/sourcedata/freesurfer/fsaverage/surf/lh.sphere.reg
Rescaling ...  original radius = 100
Reading target surface 
 /out/sourcedata/freesurfer/sub-v1s20x0050281_ses-1/surf/lh.white
Reading target registration 
 /out/sourcedata/freesurfer/sub-v1s20x0050281_ses-1/surf/lh.sphere.reg
Rescaling ...  original radius = 100
Building target registration hash (res=16).
Building source registration hash (res=16).
INFO: found  4077 nlabel points
Performing mapping from target back to the source label 130007
Number of reverse mapping hits = 46
Checking for and removing duplicates
Writing label file ./lh.BA3a_exvivo.label 4123
mri_label2label: Done


 mri_label2label --srcsubject fsaverage --srclabel /out/sourcedata/freesurfer/fsaverage/label/lh.BA3b_exvivo.label --trgsubject sub-v1s20x0050281_ses-1 --trglabel ./lh.BA3b_exvivo.label --hemi lh --regmethod surface 


srclabel = /out/sourcedata/freesurfer/fsaverage/label/lh.BA3b_exvivo.label
srcsubject = fsaverage
trgsubject = sub-v1s20x0050281_ses-1
trglabel = ./lh.BA3b_exvivo.label
regmethod = surface

srchemi = lh
trghemi = lh
trgsurface = white
srcsurfreg = sphere.reg
trgsurfreg = sphere.reg
usehash = 1
Use ProjAbs  = 0, 0
Use ProjFrac = 0, 0
DoPaint 0

SUBJECTS_DIR    /out/sourcedata/freesurfer
FREESURFER_HOME /opt/freesurfer
Loading source label.
Found 5983 points in source label.
Starting surface-based mapping
Reading source registration 
 /out/sourcedata/freesurfer/fsaverage/surf/lh.sphere.reg
Rescaling ...  original radius = 100
Reading target surface 
 /out/sourcedata/freesurfer/sub-v1s20x0050281_ses-1/surf/lh.white
Reading target registration 
 /out/sourcedata/freesurfer/sub-v1s20x0050281_ses-1/surf/lh.sphere.reg
Rescaling ...  original radius = 100
Building target registration hash (res=16).
Building source registration hash (res=16).
INFO: found  5983 nlabel points
Performing mapping from target back to the source label 130007
Number of reverse mapping hits = 168
Checking for and removing duplicates
Writing label file ./lh.BA3b_exvivo.label 6151
mri_label2label: Done


 mri_label2label --srcsubject fsaverage --srclabel /out/sourcedata/freesurfer/fsaverage/label/lh.BA4a_exvivo.label --trgsubject sub-v1s20x0050281_ses-1 --trglabel ./lh.BA4a_exvivo.label --hemi lh --regmethod surface 


srclabel = /out/sourcedata/freesurfer/fsaverage/label/lh.BA4a_exvivo.label
srcsubject = fsaverage
trgsubject = sub-v1s20x0050281_ses-1
trglabel = ./lh.BA4a_exvivo.label
regmethod = surface

srchemi = lh
trghemi = lh
trgsurface = white
srcsurfreg = sphere.reg
trgsurfreg = sphere.reg
usehash = 1
Use ProjAbs  = 0, 0
Use ProjFrac = 0, 0
DoPaint 0

SUBJECTS_DIR    /out/sourcedata/freesurfer
FREESURFER_HOME /opt/freesurfer
Loading source label.
Found 5784 points in source label.
Starting surface-based mapping
Reading source registration 
 /out/sourcedata/freesurfer/fsaverage/surf/lh.sphere.reg
Rescaling ...  original radius = 100
Reading target surface 
 /out/sourcedata/freesurfer/sub-v1s20x0050281_ses-1/surf/lh.white
Reading target registration 
 /out/sourcedata/freesurfer/sub-v1s20x0050281_ses-1/surf/lh.sphere.reg
Rescaling ...  original radius = 100
Building target registration hash (res=16).
Building source registration hash (res=16).
INFO: found  5784 nlabel points
Performing mapping from target back to the source label 130007
Number of reverse mapping hits = 214
Checking for and removing duplicates
Writing label file ./lh.BA4a_exvivo.label 5998
mri_label2label: Done


 mri_label2label --srcsubject fsaverage --srclabel /out/sourcedata/freesurfer/fsaverage/label/lh.BA4p_exvivo.label --trgsubject sub-v1s20x0050281_ses-1 --trglabel ./lh.BA4p_exvivo.label --hemi lh --regmethod surface 


srclabel = /out/sourcedata/freesurfer/fsaverage/label/lh.BA4p_exvivo.label
srcsubject = fsaverage
trgsubject = sub-v1s20x0050281_ses-1
trglabel = ./lh.BA4p_exvivo.label
regmethod = surface

srchemi = lh
trghemi = lh
trgsurface = white
srcsurfreg = sphere.reg
trgsurfreg = sphere.reg
usehash = 1
Use ProjAbs  = 0, 0
Use ProjFrac = 0, 0
DoPaint 0

SUBJECTS_DIR    /out/sourcedata/freesurfer
FREESURFER_HOME /opt/freesurfer
Loading source label.
Found 4070 points in source label.
Starting surface-based mapping
Reading source registration 
 /out/sourcedata/freesurfer/fsaverage/surf/lh.sphere.reg
Rescaling ...  original radius = 100
Reading target surface 
 /out/sourcedata/freesurfer/sub-v1s20x0050281_ses-1/surf/lh.white
Reading target registration 
 /out/sourcedata/freesurfer/sub-v1s20x0050281_ses-1/surf/lh.sphere.reg
Rescaling ...  original radius = 100
Building target registration hash (res=16).
Building source registration hash (res=16).
INFO: found  4070 nlabel points
Performing mapping from target back to the source label 130007
Number of reverse mapping hits = 105
Checking for and removing duplicates
Writing label file ./lh.BA4p_exvivo.label 4175
mri_label2label: Done


 mri_label2label --srcsubject fsaverage --srclabel /out/sourcedata/freesurfer/fsaverage/label/lh.BA6_exvivo.label --trgsubject sub-v1s20x0050281_ses-1 --trglabel ./lh.BA6_exvivo.label --hemi lh --regmethod surface 


srclabel = /out/sourcedata/freesurfer/fsaverage/label/lh.BA6_exvivo.label
srcsubject = fsaverage
trgsubject = sub-v1s20x0050281_ses-1
trglabel = ./lh.BA6_exvivo.label
regmethod = surface

srchemi = lh
trghemi = lh
trgsurface = white
srcsurfreg = sphere.reg
trgsurfreg = sphere.reg
usehash = 1
Use ProjAbs  = 0, 0
Use ProjFrac = 0, 0
DoPaint 0

SUBJECTS_DIR    /out/sourcedata/freesurfer
FREESURFER_HOME /opt/freesurfer
Loading source label.
Found 13589 points in source label.
Starting surface-based mapping
Reading source registration 
 /out/sourcedata/freesurfer/fsaverage/surf/lh.sphere.reg
Rescaling ...  original radius = 100
Reading target surface 
 /out/sourcedata/freesurfer/sub-v1s20x0050281_ses-1/surf/lh.white
Reading target registration 
 /out/sourcedata/freesurfer/sub-v1s20x0050281_ses-1/surf/lh.sphere.reg
Rescaling ...  original radius = 100
Building target registration hash (res=16).
Building source registration hash (res=16).
INFO: found  13589 nlabel points
Performing mapping from target back to the source label 130007
Number of reverse mapping hits = 653
Checking for and removing duplicates
Writing label file ./lh.BA6_exvivo.label 14242
mri_label2label: Done


 mri_label2label --srcsubject fsaverage --srclabel /out/sourcedata/freesurfer/fsaverage/label/lh.BA44_exvivo.label --trgsubject sub-v1s20x0050281_ses-1 --trglabel ./lh.BA44_exvivo.label --hemi lh --regmethod surface 


srclabel = /out/sourcedata/freesurfer/fsaverage/label/lh.BA44_exvivo.label
srcsubject = fsaverage
trgsubject = sub-v1s20x0050281_ses-1
trglabel = ./lh.BA44_exvivo.label
regmethod = surface

srchemi = lh
trghemi = lh
trgsurface = white
srcsurfreg = sphere.reg
trgsurfreg = sphere.reg
usehash = 1
Use ProjAbs  = 0, 0
Use ProjFrac = 0, 0
DoPaint 0

SUBJECTS_DIR    /out/sourcedata/freesurfer
FREESURFER_HOME /opt/freesurfer
Loading source label.
Found 4181 points in source label.
Starting surface-based mapping
Reading source registration 
 /out/sourcedata/freesurfer/fsaverage/surf/lh.sphere.reg
Rescaling ...  original radius = 100
Reading target surface 
 /out/sourcedata/freesurfer/sub-v1s20x0050281_ses-1/surf/lh.white
Reading target registration 
 /out/sourcedata/freesurfer/sub-v1s20x0050281_ses-1/surf/lh.sphere.reg
Rescaling ...  original radius = 100
Building target registration hash (res=16).
Building source registration hash (res=16).
INFO: found  4181 nlabel points
Performing mapping from target back to the source label 130007
Number of reverse mapping hits = 171
Checking for and removing duplicates
Writing label file ./lh.BA44_exvivo.label 4352
mri_label2label: Done


 mri_label2label --srcsubject fsaverage --srclabel /out/sourcedata/freesurfer/fsaverage/label/lh.BA45_exvivo.label --trgsubject sub-v1s20x0050281_ses-1 --trglabel ./lh.BA45_exvivo.label --hemi lh --regmethod surface 


srclabel = /out/sourcedata/freesurfer/fsaverage/label/lh.BA45_exvivo.label
srcsubject = fsaverage
trgsubject = sub-v1s20x0050281_ses-1
trglabel = ./lh.BA45_exvivo.label
regmethod = surface

srchemi = lh
trghemi = lh
trgsurface = white
srcsurfreg = sphere.reg
trgsurfreg = sphere.reg
usehash = 1
Use ProjAbs  = 0, 0
Use ProjFrac = 0, 0
DoPaint 0

SUBJECTS_DIR    /out/sourcedata/freesurfer
FREESURFER_HOME /opt/freesurfer
Loading source label.
Found 3422 points in source label.
Starting surface-based mapping
Reading source registration 
 /out/sourcedata/freesurfer/fsaverage/surf/lh.sphere.reg
Rescaling ...  original radius = 100
Reading target surface 
 /out/sourcedata/freesurfer/sub-v1s20x0050281_ses-1/surf/lh.white
Reading target registration 
 /out/sourcedata/freesurfer/sub-v1s20x0050281_ses-1/surf/lh.sphere.reg
Rescaling ...  original radius = 100
Building target registration hash (res=16).
Building source registration hash (res=16).
INFO: found  3422 nlabel points
Performing mapping from target back to the source label 130007
Number of reverse mapping hits = 521
Checking for and removing duplicates
Writing label file ./lh.BA45_exvivo.label 3943
mri_label2label: Done


 mri_label2label --srcsubject fsaverage --srclabel /out/sourcedata/freesurfer/fsaverage/label/lh.V1_exvivo.label --trgsubject sub-v1s20x0050281_ses-1 --trglabel ./lh.V1_exvivo.label --hemi lh --regmethod surface 


srclabel = /out/sourcedata/freesurfer/fsaverage/label/lh.V1_exvivo.label
srcsubject = fsaverage
trgsubject = sub-v1s20x0050281_ses-1
trglabel = ./lh.V1_exvivo.label
regmethod = surface

srchemi = lh
trghemi = lh
trgsurface = white
srcsurfreg = sphere.reg
trgsurfreg = sphere.reg
usehash = 1
Use ProjAbs  = 0, 0
Use ProjFrac = 0, 0
DoPaint 0

SUBJECTS_DIR    /out/sourcedata/freesurfer
FREESURFER_HOME /opt/freesurfer
Loading source label.
Found 4641 points in source label.
Starting surface-based mapping
Reading source registration 
 /out/sourcedata/freesurfer/fsaverage/surf/lh.sphere.reg
Rescaling ...  original radius = 100
Reading target surface 
 /out/sourcedata/freesurfer/sub-v1s20x0050281_ses-1/surf/lh.white
Reading target registration 
 /out/sourcedata/freesurfer/sub-v1s20x0050281_ses-1/surf/lh.sphere.reg
Rescaling ...  original radius = 100
Building target registration hash (res=16).
Building source registration hash (res=16).
INFO: found  4641 nlabel points
Performing mapping from target back to the source label 130007
Number of reverse mapping hits = 1239
Checking for and removing duplicates
Writing label file ./lh.V1_exvivo.label 5880
mri_label2label: Done


 mri_label2label --srcsubject fsaverage --srclabel /out/sourcedata/freesurfer/fsaverage/label/lh.V2_exvivo.label --trgsubject sub-v1s20x0050281_ses-1 --trglabel ./lh.V2_exvivo.label --hemi lh --regmethod surface 


srclabel = /out/sourcedata/freesurfer/fsaverage/label/lh.V2_exvivo.label
srcsubject = fsaverage
trgsubject = sub-v1s20x0050281_ses-1
trglabel = ./lh.V2_exvivo.label
regmethod = surface

srchemi = lh
trghemi = lh
trgsurface = white
srcsurfreg = sphere.reg
trgsurfreg = sphere.reg
usehash = 1
Use ProjAbs  = 0, 0
Use ProjFrac = 0, 0
DoPaint 0

SUBJECTS_DIR    /out/sourcedata/freesurfer
FREESURFER_HOME /opt/freesurfer
Loading source label.
Found 8114 points in source label.
Starting surface-based mapping
Reading source registration 
 /out/sourcedata/freesurfer/fsaverage/surf/lh.sphere.reg
Rescaling ...  original radius = 100
Reading target surface 
 /out/sourcedata/freesurfer/sub-v1s20x0050281_ses-1/surf/lh.white
Reading target registration 
 /out/sourcedata/freesurfer/sub-v1s20x0050281_ses-1/surf/lh.sphere.reg
Rescaling ...  original radius = 100
Building target registration hash (res=16).
Building source registration hash (res=16).
INFO: found  8114 nlabel points
Performing mapping from target back to the source label 130007
Number of reverse mapping hits = 2152
Checking for and removing duplicates
Writing label file ./lh.V2_exvivo.label 10266
mri_label2label: Done


 mri_label2label --srcsubject fsaverage --srclabel /out/sourcedata/freesurfer/fsaverage/label/lh.MT_exvivo.label --trgsubject sub-v1s20x0050281_ses-1 --trglabel ./lh.MT_exvivo.label --hemi lh --regmethod surface 


srclabel = /out/sourcedata/freesurfer/fsaverage/label/lh.MT_exvivo.label
srcsubject = fsaverage
trgsubject = sub-v1s20x0050281_ses-1
trglabel = ./lh.MT_exvivo.label
regmethod = surface

srchemi = lh
trghemi = lh
trgsurface = white
srcsurfreg = sphere.reg
trgsurfreg = sphere.reg
usehash = 1
Use ProjAbs  = 0, 0
Use ProjFrac = 0, 0
DoPaint 0

SUBJECTS_DIR    /out/sourcedata/freesurfer
FREESURFER_HOME /opt/freesurfer
Loading source label.
Found 2018 points in source label.
Starting surface-based mapping
Reading source registration 
 /out/sourcedata/freesurfer/fsaverage/surf/lh.sphere.reg
Rescaling ...  original radius = 100
Reading target surface 
 /out/sourcedata/freesurfer/sub-v1s20x0050281_ses-1/surf/lh.white
Reading target registration 
 /out/sourcedata/freesurfer/sub-v1s20x0050281_ses-1/surf/lh.sphere.reg
Rescaling ...  original radius = 100
Building target registration hash (res=16).
Building source registration hash (res=16).
INFO: found  2018 nlabel points
Performing mapping from target back to the source label 130007
Number of reverse mapping hits = 217
Checking for and removing duplicates
Writing label file ./lh.MT_exvivo.label 2235
mri_label2label: Done


 mri_label2label --srcsubject fsaverage --srclabel /out/sourcedata/freesurfer/fsaverage/label/lh.entorhinal_exvivo.label --trgsubject sub-v1s20x0050281_ses-1 --trglabel ./lh.entorhinal_exvivo.label --hemi lh --regmethod surface 


srclabel = /out/sourcedata/freesurfer/fsaverage/label/lh.entorhinal_exvivo.label
srcsubject = fsaverage
trgsubject = sub-v1s20x0050281_ses-1
trglabel = ./lh.entorhinal_exvivo.label
regmethod = surface

srchemi = lh
trghemi = lh
trgsurface = white
srcsurfreg = sphere.reg
trgsurfreg = sphere.reg
usehash = 1
Use ProjAbs  = 0, 0
Use ProjFrac = 0, 0
DoPaint 0

SUBJECTS_DIR    /out/sourcedata/freesurfer
FREESURFER_HOME /opt/freesurfer
Loading source label.
Found 1290 points in source label.
Starting surface-based mapping
Reading source registration 
 /out/sourcedata/freesurfer/fsaverage/surf/lh.sphere.reg
Rescaling ...  original radius = 100
Reading target surface 
 /out/sourcedata/freesurfer/sub-v1s20x0050281_ses-1/surf/lh.white
Reading target registration 
 /out/sourcedata/freesurfer/sub-v1s20x0050281_ses-1/surf/lh.sphere.reg
Rescaling ...  original radius = 100
Building target registration hash (res=16).
Building source registration hash (res=16).
INFO: found  1290 nlabel points
Performing mapping from target back to the source label 130007
Number of reverse mapping hits = 151
Checking for and removing duplicates
Writing label file ./lh.entorhinal_exvivo.label 1441
mri_label2label: Done


 mri_label2label --srcsubject fsaverage --srclabel /out/sourcedata/freesurfer/fsaverage/label/lh.perirhinal_exvivo.label --trgsubject sub-v1s20x0050281_ses-1 --trglabel ./lh.perirhinal_exvivo.label --hemi lh --regmethod surface 


srclabel = /out/sourcedata/freesurfer/fsaverage/label/lh.perirhinal_exvivo.label
srcsubject = fsaverage
trgsubject = sub-v1s20x0050281_ses-1
trglabel = ./lh.perirhinal_exvivo.label
regmethod = surface

srchemi = lh
trghemi = lh
trgsurface = white
srcsurfreg = sphere.reg
trgsurfreg = sphere.reg
usehash = 1
Use ProjAbs  = 0, 0
Use ProjFrac = 0, 0
DoPaint 0

SUBJECTS_DIR    /out/sourcedata/freesurfer
FREESURFER_HOME /opt/freesurfer
Loading source label.
Found 1199 points in source label.
Starting surface-based mapping
Reading source registration 
 /out/sourcedata/freesurfer/fsaverage/surf/lh.sphere.reg
Rescaling ...  original radius = 100
Reading target surface 
 /out/sourcedata/freesurfer/sub-v1s20x0050281_ses-1/surf/lh.white
Reading target registration 
 /out/sourcedata/freesurfer/sub-v1s20x0050281_ses-1/surf/lh.sphere.reg
Rescaling ...  original radius = 100
Building target registration hash (res=16).
Building source registration hash (res=16).
INFO: found  1199 nlabel points
Performing mapping from target back to the source label 130007
Number of reverse mapping hits = 139
Checking for and removing duplicates
Writing label file ./lh.perirhinal_exvivo.label 1338
mri_label2label: Done


 mri_label2label --srcsubject fsaverage --srclabel /out/sourcedata/freesurfer/fsaverage/label/lh.FG1.mpm.vpnl.label --trgsubject sub-v1s20x0050281_ses-1 --trglabel ./lh.FG1.mpm.vpnl.label --hemi lh --regmethod surface 


srclabel = /out/sourcedata/freesurfer/fsaverage/label/lh.FG1.mpm.vpnl.label
srcsubject = fsaverage
trgsubject = sub-v1s20x0050281_ses-1
trglabel = ./lh.FG1.mpm.vpnl.label
regmethod = surface

srchemi = lh
trghemi = lh
trgsurface = white
srcsurfreg = sphere.reg
trgsurfreg = sphere.reg
usehash = 1
Use ProjAbs  = 0, 0
Use ProjFrac = 0, 0
DoPaint 0

SUBJECTS_DIR    /out/sourcedata/freesurfer
FREESURFER_HOME /opt/freesurfer
Loading source label.
Found 414 points in source label.
Starting surface-based mapping
Reading source registration 
 /out/sourcedata/freesurfer/fsaverage/surf/lh.sphere.reg
Rescaling ...  original radius = 100
Reading target surface 
 /out/sourcedata/freesurfer/sub-v1s20x0050281_ses-1/surf/lh.white
Reading target registration 
 /out/sourcedata/freesurfer/sub-v1s20x0050281_ses-1/surf/lh.sphere.reg
Rescaling ...  original radius = 100
Building target registration hash (res=16).
Building source registration hash (res=16).
INFO: found  414 nlabel points
Performing mapping from target back to the source label 130007
Number of reverse mapping hits = 100
Checking for and removing duplicates
Writing label file ./lh.FG1.mpm.vpnl.label 514
mri_label2label: Done


 mri_label2label --srcsubject fsaverage --srclabel /out/sourcedata/freesurfer/fsaverage/label/lh.FG2.mpm.vpnl.label --trgsubject sub-v1s20x0050281_ses-1 --trglabel ./lh.FG2.mpm.vpnl.label --hemi lh --regmethod surface 


srclabel = /out/sourcedata/freesurfer/fsaverage/label/lh.FG2.mpm.vpnl.label
srcsubject = fsaverage
trgsubject = sub-v1s20x0050281_ses-1
trglabel = ./lh.FG2.mpm.vpnl.label
regmethod = surface

srchemi = lh
trghemi = lh
trgsurface = white
srcsurfreg = sphere.reg
trgsurfreg = sphere.reg
usehash = 1
Use ProjAbs  = 0, 0
Use ProjFrac = 0, 0
DoPaint 0

SUBJECTS_DIR    /out/sourcedata/freesurfer
FREESURFER_HOME /opt/freesurfer
Loading source label.
Found 703 points in source label.
Starting surface-based mapping
Reading source registration 
 /out/sourcedata/freesurfer/fsaverage/surf/lh.sphere.reg
Rescaling ...  original radius = 100
Reading target surface 
 /out/sourcedata/freesurfer/sub-v1s20x0050281_ses-1/surf/lh.white
Reading target registration 
 /out/sourcedata/freesurfer/sub-v1s20x0050281_ses-1/surf/lh.sphere.reg
Rescaling ...  original radius = 100
Building target registration hash (res=16).
Building source registration hash (res=16).
INFO: found  703 nlabel points
Performing mapping from target back to the source label 130007
Number of reverse mapping hits = 117
Checking for and removing duplicates
Writing label file ./lh.FG2.mpm.vpnl.label 820
mri_label2label: Done


 mri_label2label --srcsubject fsaverage --srclabel /out/sourcedata/freesurfer/fsaverage/label/lh.FG3.mpm.vpnl.label --trgsubject sub-v1s20x0050281_ses-1 --trglabel ./lh.FG3.mpm.vpnl.label --hemi lh --regmethod surface 


srclabel = /out/sourcedata/freesurfer/fsaverage/label/lh.FG3.mpm.vpnl.label
srcsubject = fsaverage
trgsubject = sub-v1s20x0050281_ses-1
trglabel = ./lh.FG3.mpm.vpnl.label
regmethod = surface

srchemi = lh
trghemi = lh
trgsurface = white
srcsurfreg = sphere.reg
trgsurfreg = sphere.reg
usehash = 1
Use ProjAbs  = 0, 0
Use ProjFrac = 0, 0
DoPaint 0

SUBJECTS_DIR    /out/sourcedata/freesurfer
FREESURFER_HOME /opt/freesurfer
Loading source label.
Found 1873 points in source label.
Starting surface-based mapping
Reading source registration 
 /out/sourcedata/freesurfer/fsaverage/surf/lh.sphere.reg
Rescaling ...  original radius = 100
Reading target surface 
 /out/sourcedata/freesurfer/sub-v1s20x0050281_ses-1/surf/lh.white
Reading target registration 
 /out/sourcedata/freesurfer/sub-v1s20x0050281_ses-1/surf/lh.sphere.reg
Rescaling ...  original radius = 100
Building target registration hash (res=16).
Building source registration hash (res=16).
INFO: found  1873 nlabel points
Performing mapping from target back to the source label 130007
Number of reverse mapping hits = 183
Checking for and removing duplicates
Writing label file ./lh.FG3.mpm.vpnl.label 2056
mri_label2label: Done


 mri_label2label --srcsubject fsaverage --srclabel /out/sourcedata/freesurfer/fsaverage/label/lh.FG4.mpm.vpnl.label --trgsubject sub-v1s20x0050281_ses-1 --trglabel ./lh.FG4.mpm.vpnl.label --hemi lh --regmethod surface 


srclabel = /out/sourcedata/freesurfer/fsaverage/label/lh.FG4.mpm.vpnl.label
srcsubject = fsaverage
trgsubject = sub-v1s20x0050281_ses-1
trglabel = ./lh.FG4.mpm.vpnl.label
regmethod = surface

srchemi = lh
trghemi = lh
trgsurface = white
srcsurfreg = sphere.reg
trgsurfreg = sphere.reg
usehash = 1
Use ProjAbs  = 0, 0
Use ProjFrac = 0, 0
DoPaint 0

SUBJECTS_DIR    /out/sourcedata/freesurfer
FREESURFER_HOME /opt/freesurfer
Loading source label.
Found 2101 points in source label.
Starting surface-based mapping
Reading source registration 
 /out/sourcedata/freesurfer/fsaverage/surf/lh.sphere.reg
Rescaling ...  original radius = 100
Reading target surface 
 /out/sourcedata/freesurfer/sub-v1s20x0050281_ses-1/surf/lh.white
Reading target registration 
 /out/sourcedata/freesurfer/sub-v1s20x0050281_ses-1/surf/lh.sphere.reg
Rescaling ...  original radius = 100
Building target registration hash (res=16).
Building source registration hash (res=16).
INFO: found  2101 nlabel points
Performing mapping from target back to the source label 130007
Number of reverse mapping hits = 255
Checking for and removing duplicates
Writing label file ./lh.FG4.mpm.vpnl.label 2356
mri_label2label: Done


 mri_label2label --srcsubject fsaverage --srclabel /out/sourcedata/freesurfer/fsaverage/label/lh.hOc1.mpm.vpnl.label --trgsubject sub-v1s20x0050281_ses-1 --trglabel ./lh.hOc1.mpm.vpnl.label --hemi lh --regmethod surface 


srclabel = /out/sourcedata/freesurfer/fsaverage/label/lh.hOc1.mpm.vpnl.label
srcsubject = fsaverage
trgsubject = sub-v1s20x0050281_ses-1
trglabel = ./lh.hOc1.mpm.vpnl.label
regmethod = surface

srchemi = lh
trghemi = lh
trgsurface = white
srcsurfreg = sphere.reg
trgsurfreg = sphere.reg
usehash = 1
Use ProjAbs  = 0, 0
Use ProjFrac = 0, 0
DoPaint 0

SUBJECTS_DIR    /out/sourcedata/freesurfer
FREESURFER_HOME /opt/freesurfer
Loading source label.
Found 3877 points in source label.
Starting surface-based mapping
Reading source registration 
 /out/sourcedata/freesurfer/fsaverage/surf/lh.sphere.reg
Rescaling ...  original radius = 100
Reading target surface 
 /out/sourcedata/freesurfer/sub-v1s20x0050281_ses-1/surf/lh.white
Reading target registration 
 /out/sourcedata/freesurfer/sub-v1s20x0050281_ses-1/surf/lh.sphere.reg
Rescaling ...  original radius = 100
Building target registration hash (res=16).
Building source registration hash (res=16).
INFO: found  3877 nlabel points
Performing mapping from target back to the source label 130007
Number of reverse mapping hits = 1076
Checking for and removing duplicates
Writing label file ./lh.hOc1.mpm.vpnl.label 4953
mri_label2label: Done


 mri_label2label --srcsubject fsaverage --srclabel /out/sourcedata/freesurfer/fsaverage/label/lh.hOc2.mpm.vpnl.label --trgsubject sub-v1s20x0050281_ses-1 --trglabel ./lh.hOc2.mpm.vpnl.label --hemi lh --regmethod surface 


srclabel = /out/sourcedata/freesurfer/fsaverage/label/lh.hOc2.mpm.vpnl.label
srcsubject = fsaverage
trgsubject = sub-v1s20x0050281_ses-1
trglabel = ./lh.hOc2.mpm.vpnl.label
regmethod = surface

srchemi = lh
trghemi = lh
trgsurface = white
srcsurfreg = sphere.reg
trgsurfreg = sphere.reg
usehash = 1
Use ProjAbs  = 0, 0
Use ProjFrac = 0, 0
DoPaint 0

SUBJECTS_DIR    /out/sourcedata/freesurfer
FREESURFER_HOME /opt/freesurfer
Loading source label.
Found 2919 points in source label.
Starting surface-based mapping
Reading source registration 
 /out/sourcedata/freesurfer/fsaverage/surf/lh.sphere.reg
Rescaling ...  original radius = 100
Reading target surface 
 /out/sourcedata/freesurfer/sub-v1s20x0050281_ses-1/surf/lh.white
Reading target registration 
 /out/sourcedata/freesurfer/sub-v1s20x0050281_ses-1/surf/lh.sphere.reg
Rescaling ...  original radius = 100
Building target registration hash (res=16).
Building source registration hash (res=16).
INFO: found  2919 nlabel points
Performing mapping from target back to the source label 130007
Number of reverse mapping hits = 716
Checking for and removing duplicates
Writing label file ./lh.hOc2.mpm.vpnl.label 3635
mri_label2label: Done


 mri_label2label --srcsubject fsaverage --srclabel /out/sourcedata/freesurfer/fsaverage/label/lh.hOc3v.mpm.vpnl.label --trgsubject sub-v1s20x0050281_ses-1 --trglabel ./lh.hOc3v.mpm.vpnl.label --hemi lh --regmethod surface 


srclabel = /out/sourcedata/freesurfer/fsaverage/label/lh.hOc3v.mpm.vpnl.label
srcsubject = fsaverage
trgsubject = sub-v1s20x0050281_ses-1
trglabel = ./lh.hOc3v.mpm.vpnl.label
regmethod = surface

srchemi = lh
trghemi = lh
trgsurface = white
srcsurfreg = sphere.reg
trgsurfreg = sphere.reg
usehash = 1
Use ProjAbs  = 0, 0
Use ProjFrac = 0, 0
DoPaint 0

SUBJECTS_DIR    /out/sourcedata/freesurfer
FREESURFER_HOME /opt/freesurfer
Loading source label.
Found 1286 points in source label.
Starting surface-based mapping
Reading source registration 
 /out/sourcedata/freesurfer/fsaverage/surf/lh.sphere.reg
Rescaling ...  original radius = 100
Reading target surface 
 /out/sourcedata/freesurfer/sub-v1s20x0050281_ses-1/surf/lh.white
Reading target registration 
 /out/sourcedata/freesurfer/sub-v1s20x0050281_ses-1/surf/lh.sphere.reg
Rescaling ...  original radius = 100
Building target registration hash (res=16).
Building source registration hash (res=16).
INFO: found  1286 nlabel points
Performing mapping from target back to the source label 130007
Number of reverse mapping hits = 452
Checking for and removing duplicates
Writing label file ./lh.hOc3v.mpm.vpnl.label 1738
mri_label2label: Done


 mri_label2label --srcsubject fsaverage --srclabel /out/sourcedata/freesurfer/fsaverage/label/lh.hOc4v.mpm.vpnl.label --trgsubject sub-v1s20x0050281_ses-1 --trglabel ./lh.hOc4v.mpm.vpnl.label --hemi lh --regmethod surface 


srclabel = /out/sourcedata/freesurfer/fsaverage/label/lh.hOc4v.mpm.vpnl.label
srcsubject = fsaverage
trgsubject = sub-v1s20x0050281_ses-1
trglabel = ./lh.hOc4v.mpm.vpnl.label
regmethod = surface

srchemi = lh
trghemi = lh
trgsurface = white
srcsurfreg = sphere.reg
trgsurfreg = sphere.reg
usehash = 1
Use ProjAbs  = 0, 0
Use ProjFrac = 0, 0
DoPaint 0

SUBJECTS_DIR    /out/sourcedata/freesurfer
FREESURFER_HOME /opt/freesurfer
Loading source label.
Found 1006 points in source label.
Starting surface-based mapping
Reading source registration 
 /out/sourcedata/freesurfer/fsaverage/surf/lh.sphere.reg
Rescaling ...  original radius = 100
Reading target surface 
 /out/sourcedata/freesurfer/sub-v1s20x0050281_ses-1/surf/lh.white
Reading target registration 
 /out/sourcedata/freesurfer/sub-v1s20x0050281_ses-1/surf/lh.sphere.reg
Rescaling ...  original radius = 100
Building target registration hash (res=16).
Building source registration hash (res=16).
INFO: found  1006 nlabel points
Performing mapping from target back to the source label 130007
Number of reverse mapping hits = 304
Checking for and removing duplicates
Writing label file ./lh.hOc4v.mpm.vpnl.label 1310
mri_label2label: Done


 mris_label2annot --s sub-v1s20x0050281_ses-1 --ctab /opt/freesurfer/average/colortable_vpnl.txt --hemi lh --a mpm.vpnl --maxstatwinner --noverbose --l lh.FG1.mpm.vpnl.label --l lh.FG2.mpm.vpnl.label --l lh.FG3.mpm.vpnl.label --l lh.FG4.mpm.vpnl.label --l lh.hOc1.mpm.vpnl.label --l lh.hOc2.mpm.vpnl.label --l lh.hOc3v.mpm.vpnl.label --l lh.hOc4v.mpm.vpnl.label 

Reading ctab /opt/freesurfer/average/colortable_vpnl.txt
Number of ctab entries 9

7.3.2
cwd /out/sourcedata/freesurfer/sub-v1s20x0050281_ses-1/label
cmdline mris_label2annot --s sub-v1s20x0050281_ses-1 --ctab /opt/freesurfer/average/colortable_vpnl.txt --hemi lh --a mpm.vpnl --maxstatwinner --noverbose --l lh.FG1.mpm.vpnl.label --l lh.FG2.mpm.vpnl.label --l lh.FG3.mpm.vpnl.label --l lh.FG4.mpm.vpnl.label --l lh.hOc1.mpm.vpnl.label --l lh.hOc2.mpm.vpnl.label --l lh.hOc3v.mpm.vpnl.label --l lh.hOc4v.mpm.vpnl.label 
sysname  Linux
hostname dna038
machine  x86_64
user     oesteban

subject sub-v1s20x0050281_ses-1
hemi    lh
SUBJECTS_DIR /out/sourcedata/freesurfer
ColorTable /opt/freesurfer/average/colortable_vpnl.txt
AnnotName  mpm.vpnl
nlables 8
LabelThresh 0 0.000000
Loading /out/sourcedata/freesurfer/sub-v1s20x0050281_ses-1/surf/lh.orig
 1 1376057 FG1
 2 16711935 FG2
 3 16711680 FG3
 4 1705837 FG4
 5 25600 hOc1
 6 255 hOc2
 7 16776960 hOc3v
 8 65535 hOc4v
Mapping unhit to unknown
Found 114234 unhit vertices
Writing annot to /out/sourcedata/freesurfer/sub-v1s20x0050281_ses-1/label/lh.mpm.vpnl.annot

 mri_label2label --srcsubject fsaverage --srclabel /out/sourcedata/freesurfer/fsaverage/label/lh.BA1_exvivo.thresh.label --trgsubject sub-v1s20x0050281_ses-1 --trglabel ./lh.BA1_exvivo.thresh.label --hemi lh --regmethod surface 


srclabel = /out/sourcedata/freesurfer/fsaverage/label/lh.BA1_exvivo.thresh.label
srcsubject = fsaverage
trgsubject = sub-v1s20x0050281_ses-1
trglabel = ./lh.BA1_exvivo.thresh.label
regmethod = surface

srchemi = lh
trghemi = lh
trgsurface = white
srcsurfreg = sphere.reg
trgsurfreg = sphere.reg
usehash = 1
Use ProjAbs  = 0, 0
Use ProjFrac = 0, 0
DoPaint 0

SUBJECTS_DIR    /out/sourcedata/freesurfer
FREESURFER_HOME /opt/freesurfer
Loading source label.
Found 1014 points in source label.
Starting surface-based mapping
Reading source registration 
 /out/sourcedata/freesurfer/fsaverage/surf/lh.sphere.reg
Rescaling ...  original radius = 100
Reading target surface 
 /out/sourcedata/freesurfer/sub-v1s20x0050281_ses-1/surf/lh.white
Reading target registration 
 /out/sourcedata/freesurfer/sub-v1s20x0050281_ses-1/surf/lh.sphere.reg
Rescaling ...  original radius = 100
Building target registration hash (res=16).
Building source registration hash (res=16).
INFO: found  1014 nlabel points
Performing mapping from target back to the source label 130007
Number of reverse mapping hits = 23
Checking for and removing duplicates
Writing label file ./lh.BA1_exvivo.thresh.label 1037
mri_label2label: Done


 mri_label2label --srcsubject fsaverage --srclabel /out/sourcedata/freesurfer/fsaverage/label/lh.BA2_exvivo.thresh.label --trgsubject sub-v1s20x0050281_ses-1 --trglabel ./lh.BA2_exvivo.thresh.label --hemi lh --regmethod surface 


srclabel = /out/sourcedata/freesurfer/fsaverage/label/lh.BA2_exvivo.thresh.label
srcsubject = fsaverage
trgsubject = sub-v1s20x0050281_ses-1
trglabel = ./lh.BA2_exvivo.thresh.label
regmethod = surface

srchemi = lh
trghemi = lh
trgsurface = white
srcsurfreg = sphere.reg
trgsurfreg = sphere.reg
usehash = 1
Use ProjAbs  = 0, 0
Use ProjFrac = 0, 0
DoPaint 0

SUBJECTS_DIR    /out/sourcedata/freesurfer
FREESURFER_HOME /opt/freesurfer
Loading source label.
Found 2092 points in source label.
Starting surface-based mapping
Reading source registration 
 /out/sourcedata/freesurfer/fsaverage/surf/lh.sphere.reg
Rescaling ...  original radius = 100
Reading target surface 
 /out/sourcedata/freesurfer/sub-v1s20x0050281_ses-1/surf/lh.white
Reading target registration 
 /out/sourcedata/freesurfer/sub-v1s20x0050281_ses-1/surf/lh.sphere.reg
Rescaling ...  original radius = 100
Building target registration hash (res=16).
Building source registration hash (res=16).
INFO: found  2092 nlabel points
Performing mapping from target back to the source label 130007
Number of reverse mapping hits = 36
Checking for and removing duplicates
Writing label file ./lh.BA2_exvivo.thresh.label 2128
mri_label2label: Done


 mri_label2label --srcsubject fsaverage --srclabel /out/sourcedata/freesurfer/fsaverage/label/lh.BA3a_exvivo.thresh.label --trgsubject sub-v1s20x0050281_ses-1 --trglabel ./lh.BA3a_exvivo.thresh.label --hemi lh --regmethod surface 


srclabel = /out/sourcedata/freesurfer/fsaverage/label/lh.BA3a_exvivo.thresh.label
srcsubject = fsaverage
trgsubject = sub-v1s20x0050281_ses-1
trglabel = ./lh.BA3a_exvivo.thresh.label
regmethod = surface

srchemi = lh
trghemi = lh
trgsurface = white
srcsurfreg = sphere.reg
trgsurfreg = sphere.reg
usehash = 1
Use ProjAbs  = 0, 0
Use ProjFrac = 0, 0
DoPaint 0

SUBJECTS_DIR    /out/sourcedata/freesurfer
FREESURFER_HOME /opt/freesurfer
Loading source label.
Found 1504 points in source label.
Starting surface-based mapping
Reading source registration 
 /out/sourcedata/freesurfer/fsaverage/surf/lh.sphere.reg
Rescaling ...  original radius = 100
Reading target surface 
 /out/sourcedata/freesurfer/sub-v1s20x0050281_ses-1/surf/lh.white
Reading target registration 
 /out/sourcedata/freesurfer/sub-v1s20x0050281_ses-1/surf/lh.sphere.reg
Rescaling ...  original radius = 100
Building target registration hash (res=16).
Building source registration hash (res=16).
INFO: found  1504 nlabel points
Performing mapping from target back to the source label 130007
Number of reverse mapping hits = 12
Checking for and removing duplicates
Writing label file ./lh.BA3a_exvivo.thresh.label 1516
mri_label2label: Done


 mri_label2label --srcsubject fsaverage --srclabel /out/sourcedata/freesurfer/fsaverage/label/lh.BA3b_exvivo.thresh.label --trgsubject sub-v1s20x0050281_ses-1 --trglabel ./lh.BA3b_exvivo.thresh.label --hemi lh --regmethod surface 


srclabel = /out/sourcedata/freesurfer/fsaverage/label/lh.BA3b_exvivo.thresh.label
srcsubject = fsaverage
trgsubject = sub-v1s20x0050281_ses-1
trglabel = ./lh.BA3b_exvivo.thresh.label
regmethod = surface

srchemi = lh
trghemi = lh
trgsurface = white
srcsurfreg = sphere.reg
trgsurfreg = sphere.reg
usehash = 1
Use ProjAbs  = 0, 0
Use ProjFrac = 0, 0
DoPaint 0

SUBJECTS_DIR    /out/sourcedata/freesurfer
FREESURFER_HOME /opt/freesurfer
Loading source label.
Found 1996 points in source label.
Starting surface-based mapping
Reading source registration 
 /out/sourcedata/freesurfer/fsaverage/surf/lh.sphere.reg
Rescaling ...  original radius = 100
Reading target surface 
 /out/sourcedata/freesurfer/sub-v1s20x0050281_ses-1/surf/lh.white
Reading target registration 
 /out/sourcedata/freesurfer/sub-v1s20x0050281_ses-1/surf/lh.sphere.reg
Rescaling ...  original radius = 100
Building target registration hash (res=16).
Building source registration hash (res=16).
INFO: found  1996 nlabel points
Performing mapping from target back to the source label 130007
Number of reverse mapping hits = 58
Checking for and removing duplicates
Writing label file ./lh.BA3b_exvivo.thresh.label 2054
mri_label2label: Done


 mri_label2label --srcsubject fsaverage --srclabel /out/sourcedata/freesurfer/fsaverage/label/lh.BA4a_exvivo.thresh.label --trgsubject sub-v1s20x0050281_ses-1 --trglabel ./lh.BA4a_exvivo.thresh.label --hemi lh --regmethod surface 


srclabel = /out/sourcedata/freesurfer/fsaverage/label/lh.BA4a_exvivo.thresh.label
srcsubject = fsaverage
trgsubject = sub-v1s20x0050281_ses-1
trglabel = ./lh.BA4a_exvivo.thresh.label
regmethod = surface

srchemi = lh
trghemi = lh
trgsurface = white
srcsurfreg = sphere.reg
trgsurfreg = sphere.reg
usehash = 1
Use ProjAbs  = 0, 0
Use ProjFrac = 0, 0
DoPaint 0

SUBJECTS_DIR    /out/sourcedata/freesurfer
FREESURFER_HOME /opt/freesurfer
Loading source label.
Found 2319 points in source label.
Starting surface-based mapping
Reading source registration 
 /out/sourcedata/freesurfer/fsaverage/surf/lh.sphere.reg
Rescaling ...  original radius = 100
Reading target surface 
 /out/sourcedata/freesurfer/sub-v1s20x0050281_ses-1/surf/lh.white
Reading target registration 
 /out/sourcedata/freesurfer/sub-v1s20x0050281_ses-1/surf/lh.sphere.reg
Rescaling ...  original radius = 100
Building target registration hash (res=16).
Building source registration hash (res=16).
INFO: found  2319 nlabel points
Performing mapping from target back to the source label 130007
Number of reverse mapping hits = 109
Checking for and removing duplicates
Writing label file ./lh.BA4a_exvivo.thresh.label 2428
mri_label2label: Done


 mri_label2label --srcsubject fsaverage --srclabel /out/sourcedata/freesurfer/fsaverage/label/lh.BA4p_exvivo.thresh.label --trgsubject sub-v1s20x0050281_ses-1 --trglabel ./lh.BA4p_exvivo.thresh.label --hemi lh --regmethod surface 


srclabel = /out/sourcedata/freesurfer/fsaverage/label/lh.BA4p_exvivo.thresh.label
srcsubject = fsaverage
trgsubject = sub-v1s20x0050281_ses-1
trglabel = ./lh.BA4p_exvivo.thresh.label
regmethod = surface

srchemi = lh
trghemi = lh
trgsurface = white
srcsurfreg = sphere.reg
trgsurfreg = sphere.reg
usehash = 1
Use ProjAbs  = 0, 0
Use ProjFrac = 0, 0
DoPaint 0

SUBJECTS_DIR    /out/sourcedata/freesurfer
FREESURFER_HOME /opt/freesurfer
Loading source label.
Found 1549 points in source label.
Starting surface-based mapping
Reading source registration 
 /out/sourcedata/freesurfer/fsaverage/surf/lh.sphere.reg
Rescaling ...  original radius = 100
Reading target surface 
 /out/sourcedata/freesurfer/sub-v1s20x0050281_ses-1/surf/lh.white
Reading target registration 
 /out/sourcedata/freesurfer/sub-v1s20x0050281_ses-1/surf/lh.sphere.reg
Rescaling ...  original radius = 100
Building target registration hash (res=16).
Building source registration hash (res=16).
INFO: found  1549 nlabel points
Performing mapping from target back to the source label 130007
Number of reverse mapping hits = 40
Checking for and removing duplicates
Writing label file ./lh.BA4p_exvivo.thresh.label 1589
mri_label2label: Done


 mri_label2label --srcsubject fsaverage --srclabel /out/sourcedata/freesurfer/fsaverage/label/lh.BA6_exvivo.thresh.label --trgsubject sub-v1s20x0050281_ses-1 --trglabel ./lh.BA6_exvivo.thresh.label --hemi lh --regmethod surface 


srclabel = /out/sourcedata/freesurfer/fsaverage/label/lh.BA6_exvivo.thresh.label
srcsubject = fsaverage
trgsubject = sub-v1s20x0050281_ses-1
trglabel = ./lh.BA6_exvivo.thresh.label
regmethod = surface

srchemi = lh
trghemi = lh
trgsurface = white
srcsurfreg = sphere.reg
trgsurfreg = sphere.reg
usehash = 1
Use ProjAbs  = 0, 0
Use ProjFrac = 0, 0
DoPaint 0

SUBJECTS_DIR    /out/sourcedata/freesurfer
FREESURFER_HOME /opt/freesurfer
Loading source label.
Found 7035 points in source label.
Starting surface-based mapping
Reading source registration 
 /out/sourcedata/freesurfer/fsaverage/surf/lh.sphere.reg
Rescaling ...  original radius = 100
Reading target surface 
 /out/sourcedata/freesurfer/sub-v1s20x0050281_ses-1/surf/lh.white
Reading target registration 
 /out/sourcedata/freesurfer/sub-v1s20x0050281_ses-1/surf/lh.sphere.reg
Rescaling ...  original radius = 100
Building target registration hash (res=16).
Building source registration hash (res=16).
INFO: found  7035 nlabel points
Performing mapping from target back to the source label 130007
Number of reverse mapping hits = 253
Checking for and removing duplicates
Writing label file ./lh.BA6_exvivo.thresh.label 7288
mri_label2label: Done


 mri_label2label --srcsubject fsaverage --srclabel /out/sourcedata/freesurfer/fsaverage/label/lh.BA44_exvivo.thresh.label --trgsubject sub-v1s20x0050281_ses-1 --trglabel ./lh.BA44_exvivo.thresh.label --hemi lh --regmethod surface 


srclabel = /out/sourcedata/freesurfer/fsaverage/label/lh.BA44_exvivo.thresh.label
srcsubject = fsaverage
trgsubject = sub-v1s20x0050281_ses-1
trglabel = ./lh.BA44_exvivo.thresh.label
regmethod = surface

srchemi = lh
trghemi = lh
trgsurface = white
srcsurfreg = sphere.reg
trgsurfreg = sphere.reg
usehash = 1
Use ProjAbs  = 0, 0
Use ProjFrac = 0, 0
DoPaint 0

SUBJECTS_DIR    /out/sourcedata/freesurfer
FREESURFER_HOME /opt/freesurfer
Loading source label.
Found 1912 points in source label.
Starting surface-based mapping
Reading source registration 
 /out/sourcedata/freesurfer/fsaverage/surf/lh.sphere.reg
Rescaling ...  original radius = 100
Reading target surface 
 /out/sourcedata/freesurfer/sub-v1s20x0050281_ses-1/surf/lh.white
Reading target registration 
 /out/sourcedata/freesurfer/sub-v1s20x0050281_ses-1/surf/lh.sphere.reg
Rescaling ...  original radius = 100
Building target registration hash (res=16).
Building source registration hash (res=16).
INFO: found  1912 nlabel points
Performing mapping from target back to the source label 130007
Number of reverse mapping hits = 77
Checking for and removing duplicates
Writing label file ./lh.BA44_exvivo.thresh.label 1989
mri_label2label: Done


 mri_label2label --srcsubject fsaverage --srclabel /out/sourcedata/freesurfer/fsaverage/label/lh.BA45_exvivo.thresh.label --trgsubject sub-v1s20x0050281_ses-1 --trglabel ./lh.BA45_exvivo.thresh.label --hemi lh --regmethod surface 


srclabel = /out/sourcedata/freesurfer/fsaverage/label/lh.BA45_exvivo.thresh.label
srcsubject = fsaverage
trgsubject = sub-v1s20x0050281_ses-1
trglabel = ./lh.BA45_exvivo.thresh.label
regmethod = surface

srchemi = lh
trghemi = lh
trgsurface = white
srcsurfreg = sphere.reg
trgsurfreg = sphere.reg
usehash = 1
Use ProjAbs  = 0, 0
Use ProjFrac = 0, 0
DoPaint 0

SUBJECTS_DIR    /out/sourcedata/freesurfer
FREESURFER_HOME /opt/freesurfer
Loading source label.
Found 1151 points in source label.
Starting surface-based mapping
Reading source registration 
 /out/sourcedata/freesurfer/fsaverage/surf/lh.sphere.reg
Rescaling ...  original radius = 100
Reading target surface 
 /out/sourcedata/freesurfer/sub-v1s20x0050281_ses-1/surf/lh.white
Reading target registration 
 /out/sourcedata/freesurfer/sub-v1s20x0050281_ses-1/surf/lh.sphere.reg
Rescaling ...  original radius = 100
Building target registration hash (res=16).
Building source registration hash (res=16).
INFO: found  1151 nlabel points
Performing mapping from target back to the source label 130007
Number of reverse mapping hits = 171
Checking for and removing duplicates
Writing label file ./lh.BA45_exvivo.thresh.label 1322
mri_label2label: Done


 mri_label2label --srcsubject fsaverage --srclabel /out/sourcedata/freesurfer/fsaverage/label/lh.V1_exvivo.thresh.label --trgsubject sub-v1s20x0050281_ses-1 --trglabel ./lh.V1_exvivo.thresh.label --hemi lh --regmethod surface 


srclabel = /out/sourcedata/freesurfer/fsaverage/label/lh.V1_exvivo.thresh.label
srcsubject = fsaverage
trgsubject = sub-v1s20x0050281_ses-1
trglabel = ./lh.V1_exvivo.thresh.label
regmethod = surface

srchemi = lh
trghemi = lh
trgsurface = white
srcsurfreg = sphere.reg
trgsurfreg = sphere.reg
usehash = 1
Use ProjAbs  = 0, 0
Use ProjFrac = 0, 0
DoPaint 0

SUBJECTS_DIR    /out/sourcedata/freesurfer
FREESURFER_HOME /opt/freesurfer
Loading source label.
Found 3405 points in source label.
Starting surface-based mapping
Reading source registration 
 /out/sourcedata/freesurfer/fsaverage/surf/lh.sphere.reg
Rescaling ...  original radius = 100
Reading target surface 
 /out/sourcedata/freesurfer/sub-v1s20x0050281_ses-1/surf/lh.white
Reading target registration 
 /out/sourcedata/freesurfer/sub-v1s20x0050281_ses-1/surf/lh.sphere.reg
Rescaling ...  original radius = 100
Building target registration hash (res=16).
Building source registration hash (res=16).
INFO: found  3405 nlabel points
Performing mapping from target back to the source label 130007
Number of reverse mapping hits = 936
Checking for and removing duplicates
Writing label file ./lh.V1_exvivo.thresh.label 4341
mri_label2label: Done


 mri_label2label --srcsubject fsaverage --srclabel /out/sourcedata/freesurfer/fsaverage/label/lh.V2_exvivo.thresh.label --trgsubject sub-v1s20x0050281_ses-1 --trglabel ./lh.V2_exvivo.thresh.label --hemi lh --regmethod surface 


srclabel = /out/sourcedata/freesurfer/fsaverage/label/lh.V2_exvivo.thresh.label
srcsubject = fsaverage
trgsubject = sub-v1s20x0050281_ses-1
trglabel = ./lh.V2_exvivo.thresh.label
regmethod = surface

srchemi = lh
trghemi = lh
trgsurface = white
srcsurfreg = sphere.reg
trgsurfreg = sphere.reg
usehash = 1
Use ProjAbs  = 0, 0
Use ProjFrac = 0, 0
DoPaint 0

SUBJECTS_DIR    /out/sourcedata/freesurfer
FREESURFER_HOME /opt/freesurfer
Loading source label.
Found 3334 points in source label.
Starting surface-based mapping
Reading source registration 
 /out/sourcedata/freesurfer/fsaverage/surf/lh.sphere.reg
Rescaling ...  original radius = 100
Reading target surface 
 /out/sourcedata/freesurfer/sub-v1s20x0050281_ses-1/surf/lh.white
Reading target registration 
 /out/sourcedata/freesurfer/sub-v1s20x0050281_ses-1/surf/lh.sphere.reg
Rescaling ...  original radius = 100
Building target registration hash (res=16).
Building source registration hash (res=16).
INFO: found  3334 nlabel points
Performing mapping from target back to the source label 130007
Number of reverse mapping hits = 944
Checking for and removing duplicates
Writing label file ./lh.V2_exvivo.thresh.label 4278
mri_label2label: Done


 mri_label2label --srcsubject fsaverage --srclabel /out/sourcedata/freesurfer/fsaverage/label/lh.MT_exvivo.thresh.label --trgsubject sub-v1s20x0050281_ses-1 --trglabel ./lh.MT_exvivo.thresh.label --hemi lh --regmethod surface 


srclabel = /out/sourcedata/freesurfer/fsaverage/label/lh.MT_exvivo.thresh.label
srcsubject = fsaverage
trgsubject = sub-v1s20x0050281_ses-1
trglabel = ./lh.MT_exvivo.thresh.label
regmethod = surface

srchemi = lh
trghemi = lh
trgsurface = white
srcsurfreg = sphere.reg
trgsurfreg = sphere.reg
usehash = 1
Use ProjAbs  = 0, 0
Use ProjFrac = 0, 0
DoPaint 0

SUBJECTS_DIR    /out/sourcedata/freesurfer
FREESURFER_HOME /opt/freesurfer
Loading source label.
Found 513 points in source label.
Starting surface-based mapping
Reading source registration 
 /out/sourcedata/freesurfer/fsaverage/surf/lh.sphere.reg
Rescaling ...  original radius = 100
Reading target surface 
 /out/sourcedata/freesurfer/sub-v1s20x0050281_ses-1/surf/lh.white
Reading target registration 
 /out/sourcedata/freesurfer/sub-v1s20x0050281_ses-1/surf/lh.sphere.reg
Rescaling ...  original radius = 100
Building target registration hash (res=16).
Building source registration hash (res=16).
INFO: found  513 nlabel points
Performing mapping from target back to the source label 130007
Number of reverse mapping hits = 55
Checking for and removing duplicates
Writing label file ./lh.MT_exvivo.thresh.label 568
mri_label2label: Done


 mri_label2label --srcsubject fsaverage --srclabel /out/sourcedata/freesurfer/fsaverage/label/lh.entorhinal_exvivo.thresh.label --trgsubject sub-v1s20x0050281_ses-1 --trglabel ./lh.entorhinal_exvivo.thresh.label --hemi lh --regmethod surface 


srclabel = /out/sourcedata/freesurfer/fsaverage/label/lh.entorhinal_exvivo.thresh.label
srcsubject = fsaverage
trgsubject = sub-v1s20x0050281_ses-1
trglabel = ./lh.entorhinal_exvivo.thresh.label
regmethod = surface

srchemi = lh
trghemi = lh
trgsurface = white
srcsurfreg = sphere.reg
trgsurfreg = sphere.reg
usehash = 1
Use ProjAbs  = 0, 0
Use ProjFrac = 0, 0
DoPaint 0

SUBJECTS_DIR    /out/sourcedata/freesurfer
FREESURFER_HOME /opt/freesurfer
Loading source label.
Found 470 points in source label.
Starting surface-based mapping
Reading source registration 
 /out/sourcedata/freesurfer/fsaverage/surf/lh.sphere.reg
Rescaling ...  original radius = 100
Reading target surface 
 /out/sourcedata/freesurfer/sub-v1s20x0050281_ses-1/surf/lh.white
Reading target registration 
 /out/sourcedata/freesurfer/sub-v1s20x0050281_ses-1/surf/lh.sphere.reg
Rescaling ...  original radius = 100
Building target registration hash (res=16).
Building source registration hash (res=16).
INFO: found  470 nlabel points
Performing mapping from target back to the source label 130007
Number of reverse mapping hits = 53
Checking for and removing duplicates
Writing label file ./lh.entorhinal_exvivo.thresh.label 523
mri_label2label: Done


 mri_label2label --srcsubject fsaverage --srclabel /out/sourcedata/freesurfer/fsaverage/label/lh.perirhinal_exvivo.thresh.label --trgsubject sub-v1s20x0050281_ses-1 --trglabel ./lh.perirhinal_exvivo.thresh.label --hemi lh --regmethod surface 


srclabel = /out/sourcedata/freesurfer/fsaverage/label/lh.perirhinal_exvivo.thresh.label
srcsubject = fsaverage
trgsubject = sub-v1s20x0050281_ses-1
trglabel = ./lh.perirhinal_exvivo.thresh.label
regmethod = surface

srchemi = lh
trghemi = lh
trgsurface = white
srcsurfreg = sphere.reg
trgsurfreg = sphere.reg
usehash = 1
Use ProjAbs  = 0, 0
Use ProjFrac = 0, 0
DoPaint 0

SUBJECTS_DIR    /out/sourcedata/freesurfer
FREESURFER_HOME /opt/freesurfer
Loading source label.
Found 450 points in source label.
Starting surface-based mapping
Reading source registration 
 /out/sourcedata/freesurfer/fsaverage/surf/lh.sphere.reg
Rescaling ...  original radius = 100
Reading target surface 
 /out/sourcedata/freesurfer/sub-v1s20x0050281_ses-1/surf/lh.white
Reading target registration 
 /out/sourcedata/freesurfer/sub-v1s20x0050281_ses-1/surf/lh.sphere.reg
Rescaling ...  original radius = 100
Building target registration hash (res=16).
Building source registration hash (res=16).
INFO: found  450 nlabel points
Performing mapping from target back to the source label 130007
Number of reverse mapping hits = 75
Checking for and removing duplicates
Writing label file ./lh.perirhinal_exvivo.thresh.label 525
mri_label2label: Done


 mris_label2annot --s sub-v1s20x0050281_ses-1 --hemi lh --ctab /opt/freesurfer/average/colortable_BA.txt --l lh.BA1_exvivo.label --l lh.BA2_exvivo.label --l lh.BA3a_exvivo.label --l lh.BA3b_exvivo.label --l lh.BA4a_exvivo.label --l lh.BA4p_exvivo.label --l lh.BA6_exvivo.label --l lh.BA44_exvivo.label --l lh.BA45_exvivo.label --l lh.V1_exvivo.label --l lh.V2_exvivo.label --l lh.MT_exvivo.label --l lh.perirhinal_exvivo.label --l lh.entorhinal_exvivo.label --a BA_exvivo --maxstatwinner --noverbose 

Reading ctab /opt/freesurfer/average/colortable_BA.txt
Number of ctab entries 15

7.3.2
cwd /out/sourcedata/freesurfer/sub-v1s20x0050281_ses-1/label
cmdline mris_label2annot --s sub-v1s20x0050281_ses-1 --hemi lh --ctab /opt/freesurfer/average/colortable_BA.txt --l lh.BA1_exvivo.label --l lh.BA2_exvivo.label --l lh.BA3a_exvivo.label --l lh.BA3b_exvivo.label --l lh.BA4a_exvivo.label --l lh.BA4p_exvivo.label --l lh.BA6_exvivo.label --l lh.BA44_exvivo.label --l lh.BA45_exvivo.label --l lh.V1_exvivo.label --l lh.V2_exvivo.label --l lh.MT_exvivo.label --l lh.perirhinal_exvivo.label --l lh.entorhinal_exvivo.label --a BA_exvivo --maxstatwinner --noverbose 
sysname  Linux
hostname dna038
machine  x86_64
user     oesteban

subject sub-v1s20x0050281_ses-1
hemi    lh
SUBJECTS_DIR /out/sourcedata/freesurfer
ColorTable /opt/freesurfer/average/colortable_BA.txt
AnnotName  BA_exvivo
nlables 14
LabelThresh 0 0.000000
Loading /out/sourcedata/freesurfer/sub-v1s20x0050281_ses-1/surf/lh.orig
 1 1530880 BA1_exvivo
 2 16749699 BA2_exvivo
 3 16711680 BA3a_exvivo
 4 3368703 BA3b_exvivo
 5 1376196 BA4a_exvivo
 6 13382655 BA4p_exvivo
 7 10036737 BA6_exvivo
 8 2490521 BA44_exvivo
 9 39283 BA45_exvivo
10 3993 V1_exvivo
11 8508928 V2_exvivo
12 10027163 MT_exvivo
13 16422433 perirhinal_exvivo
14 16392598 entorhinal_exvivo
Mapping unhit to unknown
Found 88941 unhit vertices
Writing annot to /out/sourcedata/freesurfer/sub-v1s20x0050281_ses-1/label/lh.BA_exvivo.annot

 mris_label2annot --s sub-v1s20x0050281_ses-1 --hemi lh --ctab /opt/freesurfer/average/colortable_BA.txt --l lh.BA1_exvivo.thresh.label --l lh.BA2_exvivo.thresh.label --l lh.BA3a_exvivo.thresh.label --l lh.BA3b_exvivo.thresh.label --l lh.BA4a_exvivo.thresh.label --l lh.BA4p_exvivo.thresh.label --l lh.BA6_exvivo.thresh.label --l lh.BA44_exvivo.thresh.label --l lh.BA45_exvivo.thresh.label --l lh.V1_exvivo.thresh.label --l lh.V2_exvivo.thresh.label --l lh.MT_exvivo.thresh.label --l lh.perirhinal_exvivo.thresh.label --l lh.entorhinal_exvivo.thresh.label --a BA_exvivo.thresh --maxstatwinner --noverbose 

Reading ctab /opt/freesurfer/average/colortable_BA.txt
Number of ctab entries 15

7.3.2
cwd /out/sourcedata/freesurfer/sub-v1s20x0050281_ses-1/label
cmdline mris_label2annot --s sub-v1s20x0050281_ses-1 --hemi lh --ctab /opt/freesurfer/average/colortable_BA.txt --l lh.BA1_exvivo.thresh.label --l lh.BA2_exvivo.thresh.label --l lh.BA3a_exvivo.thresh.label --l lh.BA3b_exvivo.thresh.label --l lh.BA4a_exvivo.thresh.label --l lh.BA4p_exvivo.thresh.label --l lh.BA6_exvivo.thresh.label --l lh.BA44_exvivo.thresh.label --l lh.BA45_exvivo.thresh.label --l lh.V1_exvivo.thresh.label --l lh.V2_exvivo.thresh.label --l lh.MT_exvivo.thresh.label --l lh.perirhinal_exvivo.thresh.label --l lh.entorhinal_exvivo.thresh.label --a BA_exvivo.thresh --maxstatwinner --noverbose 
sysname  Linux
hostname dna038
machine  x86_64
user     oesteban

subject sub-v1s20x0050281_ses-1
hemi    lh
SUBJECTS_DIR /out/sourcedata/freesurfer
ColorTable /opt/freesurfer/average/colortable_BA.txt
AnnotName  BA_exvivo.thresh
nlables 14
LabelThresh 0 0.000000
Loading /out/sourcedata/freesurfer/sub-v1s20x0050281_ses-1/surf/lh.orig
 1 1530880 BA1_exvivo
 2 16749699 BA2_exvivo
 3 16711680 BA3a_exvivo
 4 3368703 BA3b_exvivo
 5 1376196 BA4a_exvivo
 6 13382655 BA4p_exvivo
 7 10036737 BA6_exvivo
 8 2490521 BA44_exvivo
 9 39283 BA45_exvivo
10 3993 V1_exvivo
11 8508928 V2_exvivo
12 10027163 MT_exvivo
13 16422433 perirhinal_exvivo
14 16392598 entorhinal_exvivo
Mapping unhit to unknown
Found 105781 unhit vertices
Writing annot to /out/sourcedata/freesurfer/sub-v1s20x0050281_ses-1/label/lh.BA_exvivo.thresh.annot

 mris_anatomical_stats -th3 -mgz -noglobal -f ../stats/lh.BA_exvivo.stats -b -a ./lh.BA_exvivo.annot -c ./BA_exvivo.ctab sub-v1s20x0050281_ses-1 lh white 

computing statistics for each annotation in ./lh.BA_exvivo.annot.
reading volume /out/sourcedata/freesurfer/sub-v1s20x0050281_ses-1/mri/wm.mgz...
reading input surface /out/sourcedata/freesurfer/sub-v1s20x0050281_ses-1/surf/lh.white...
reading input pial surface /out/sourcedata/freesurfer/sub-v1s20x0050281_ses-1/surf/lh.pial...
reading input white surface /out/sourcedata/freesurfer/sub-v1s20x0050281_ses-1/surf/lh.white...
INFO: using TH3 volume calc
INFO: assuming MGZ format for volumes.
INFO: not computing global stats
Using TH3 vertex volume calc
Total face volume 286450
Total vertex volume 286247 (mask=0)
Saving annotation colortable ./BA_exvivo.ctab

table columns are:
    number of vertices
    total surface area (mm^2)
    total gray matter volume (mm^3)
    average cortical thickness +- standard deviation (mm)
    integrated rectified mean curvature
    integrated rectified Gaussian curvature
    folding index
    intrinsic curvature index
    structure name

 1111    765   2527  2.441 0.731     0.148     0.042       16     1.9  BA1_exvivo
 3847   2673   7887  2.579 0.695     0.099     0.023       28     3.2  BA2_exvivo
 1011    674   1117  2.154 0.589     0.123     0.031        7     1.2  BA3a_exvivo
 2362   1598   4027  2.063 0.780     0.098     0.022       18     2.1  BA3b_exvivo
 1763   1169   3755  2.680 0.756     0.121     0.037       15     2.6  BA4a_exvivo
 1339    920   2228  2.581 0.709     0.109     0.030        8     1.6  BA4p_exvivo
 9144   6544  25012  3.117 0.780     0.126     0.034       85    12.8  BA6_exvivo
 2319   1634   5764  2.964 0.659     0.113     0.028       21     2.5  BA44_exvivo
 2990   2129   7774  2.793 0.927     0.122     0.032       38     3.5  BA45_exvivo
 3769   2972   5987  1.892 0.615     0.157     0.045       57     8.3  V1_exvivo
 8081   6115  17280  2.401 0.746     0.149     0.042      103    13.7  V2_exvivo
 1838   1324   3966  2.445 0.721     0.139     0.035       23     2.9  MT_exvivo
  810    612   1721  2.761 1.050     0.154     0.053       17     1.5  perirhinal_exvivo
  682    496   1842  2.669 0.995     0.137     0.049       11     1.4  entorhinal_exvivo

 mris_anatomical_stats -th3 -mgz -f ../stats/lh.BA_exvivo.thresh.stats -noglobal -b -a ./lh.BA_exvivo.thresh.annot -c ./BA_exvivo.thresh.ctab sub-v1s20x0050281_ses-1 lh white 

computing statistics for each annotation in ./lh.BA_exvivo.thresh.annot.
reading volume /out/sourcedata/freesurfer/sub-v1s20x0050281_ses-1/mri/wm.mgz...
reading input surface /out/sourcedata/freesurfer/sub-v1s20x0050281_ses-1/surf/lh.white...
reading input pial surface /out/sourcedata/freesurfer/sub-v1s20x0050281_ses-1/surf/lh.pial...
reading input white surface /out/sourcedata/freesurfer/sub-v1s20x0050281_ses-1/surf/lh.white...
INFO: using TH3 volume calc
INFO: assuming MGZ format for volumes.
INFO: not computing global stats
Using TH3 vertex volume calc
Total face volume 286450
Total vertex volume 286247 (mask=0)
Saving annotation colortable ./BA_exvivo.thresh.ctab

table columns are:
    number of vertices
    total surface area (mm^2)
    total gray matter volume (mm^3)
    average cortical thickness +- standard deviation (mm)
    integrated rectified mean curvature
    integrated rectified Gaussian curvature
    folding index
    intrinsic curvature index
    structure name

  609    436   1531  2.470 0.663     0.160     0.049        9     1.2  BA1_exvivo
 1380    952   2858  2.643 0.618     0.088     0.018        9     0.9  BA2_exvivo
  866    572    896  2.158 0.526     0.124     0.032        6     1.1  BA3a_exvivo
 1432    960   1720  1.708 0.490     0.080     0.015        6     0.9  BA3b_exvivo
 1759   1174   3553  2.681 0.714     0.113     0.033       12     2.4  BA4a_exvivo
 1100    743   1617  2.384 0.671     0.114     0.031        7     1.4  BA4p_exvivo
 5074   3540  13603  3.101 0.763     0.120     0.032       44     6.5  BA6_exvivo
 1475   1040   3742  2.876 0.636     0.116     0.029       15     1.7  BA44_exvivo
 1139    852   4138  3.297 0.949     0.140     0.035       17     1.5  BA45_exvivo
 4065   3193   6548  1.897 0.621     0.159     0.047       65     8.9  V1_exvivo
 4030   3107   8500  2.370 0.776     0.156     0.044       53     7.1  V2_exvivo
  495    354    813  2.179 0.529     0.134     0.036        5     0.7  MT_exvivo
  371    272    872  3.119 1.045     0.166     0.059        7     0.8  perirhinal_exvivo
  431    311   1157  2.927 0.763     0.096     0.026        2     0.4  entorhinal_exvivo

Started at Thu Mar 12 17:33:37 CET 2026 
Ended   at Thu Mar 12 17:36:27 CET 2026
#@#%# recon-all-run-time-hours 0.047
recon-all -s sub-v1s20x0050281_ses-1 finished without error at Thu Mar 12 17:36:27 CET 2026
