#!ascii label  , from subject sub-v1s20x0050278_ses-1 vox2ras=TkReg
5405
57175  5.488  -14.701  59.583 0.1250000000
141041  5.735  -15.097  60.955 0.1250000000
56096  5.723  -15.455  60.212 0.1250000000
57136  5.102  -14.353  62.316 0.1250000000
57192  5.306  -14.936  58.663 0.1250000000
56112  5.139  -15.906  58.559 0.1250000000
57176  2.304  -15.084  59.801 0.1250000000
56120  4.743  -15.987  57.024 0.1250000000
57248  4.097  -15.021  56.270 0.1250000000
56104  2.516  -15.928  59.389 0.1250000000
138783  1.600  -14.569  58.510 0.1250000000
147501  1.733  -15.411  58.113 0.1250000000
56136  3.830  -15.630  55.792 0.1250000000
57267  3.307  -14.591  55.329 0.2500000000
57194  1.322  -14.623  57.698 0.1250000000
57212  0.755  -14.664  56.793 0.1250000000
56153  3.204  -15.432  54.784 0.2500000000
57268  2.843  -14.487  55.022 0.2500000000
57269  2.150  -14.375  54.594 0.2500000000
56127  0.175  -15.469  56.219 0.1250000000
55054  3.287  -16.230  54.029 0.2500000000
56155  1.785  -15.307  53.834 0.3750000000
57288  1.380  -14.279  53.970 0.2500000000
56139  -1.386  -15.509  55.112 0.1250000000
155345  1.102  -14.909  53.424 0.2500000000
57313  0.334  -14.194  52.661 0.2500000000
57333  0.078  -15.007  52.071 0.2500000000
58356  -0.059  -13.412  52.019 0.3750000000
59369  -0.490  -12.586  51.346 0.3750000000
60335  -0.453  -11.727  51.115 0.5000000000
59386  -0.886  -12.310  50.641 0.3750000000
60350  -0.697  -11.470  50.346 0.5000000000
59387  -1.379  -12.925  50.172 0.3750000000
136898  5.238  -13.792  59.800 0.1250000000
58217  5.288  -13.664  61.875 0.1250000000
58202  4.973  -13.587  62.189 0.1250000000
134523  4.605  -13.911  62.318 0.1250000000
58219  3.686  -13.968  62.178 0.1250000000
57161  2.466  -14.605  60.724 0.1250000000
57193  4.952  -14.295  58.021 0.1250000000
56086  3.120  -14.869  61.484 0.1250000000
57162  1.971  -14.199  60.166 0.1250000000
58298  4.258  -14.437  56.727 0.1250000000
58314  4.008  -14.180  55.996 0.1250000000
56105  2.115  -15.326  58.903 0.1250000000
158169  4.080  -13.748  56.446 0.1250000000
59314  3.939  -13.471  55.923 0.2500000000
58332  3.099  -13.628  55.293 0.2500000000
57195  0.956  -13.835  57.457 0.1250000000
59323  2.407  -12.703  54.755 0.3750000000
58334  1.875  -13.433  54.512 0.3750000000
158089  0.337  -14.040  56.474 0.1250000000
161330  1.194  -12.516  53.712 0.3750000000
60302  0.890  -11.947  53.270 0.3750000000
57230  0.086  -14.577  56.051 0.1250000000
56138  -0.504  -15.286  55.526 0.1250000000
58355  0.234  -13.325  52.488 0.2500000000
60321  0.592  -11.124  52.406 0.5000000000
59368  -0.078  -11.950  51.850 0.5000000000
57250  -1.141  -14.710  54.910 0.1250000000
59349  0.332  -12.335  52.542 0.3750000000
154258  -0.002  -11.229  51.533 0.5000000000
61292  0.277  -10.289  50.477 0.5000000000
62388  0.921  -9.734  50.030 0.5000000000
59406  -1.684  -12.577  49.425 0.5000000000
59405  -1.222  -11.993  49.919 0.5000000000
61305  0.209  -10.223  49.595 0.6250000000
57353  -2.301  -13.988  48.986 0.3750000000
60364  -0.982  -11.001  48.894 0.5000000000
62421  0.644  -9.780  48.300 0.6250000000
59424  -1.898  -12.220  48.696 0.3750000000
57367  -3.095  -13.974  47.177 0.2500000000
58433  -3.183  -13.310  46.923 0.2500000000
61153  0.657  -10.028  60.984 0.2500000000
62247  0.266  -8.689  60.453 0.2500000000
61163  0.592  -10.298  60.086 0.2500000000
61154  0.556  -9.452  60.160 0.2500000000
148859  0.262  -8.882  59.595 0.3750000000
59275  5.106  -13.034  59.937 0.1250000000
59249  5.208  -13.132  61.518 0.1250000000
138868  4.535  -12.803  62.152 0.1250000000
58204  3.276  -12.935  62.194 0.1250000000
59251  2.419  -12.773  61.770 0.2500000000
144002  1.444  -12.599  60.359 0.2500000000
59263  0.790  -11.960  60.011 0.2500000000
60203  0.665  -11.175  60.081 0.3750000000
61164  0.608  -9.667  59.398 0.2500000000
58244  5.181  -13.179  59.075 0.1250000000
58203  4.185  -13.217  62.303 0.1250000000
58221  2.086  -13.499  60.967 0.1250000000
137501  1.586  -13.379  59.872 0.2500000000
59264  0.519  -11.300  59.059 0.3750000000
58260  4.865  -13.388  58.234 0.1250000000
58246  0.984  -12.719  58.481 0.2500000000
58280  4.353  -13.726  57.304 0.1250000000
141391  4.021  -12.913  56.492 0.1250000000
57177  1.698  -14.304  59.340 0.2500000000
156097  1.371  -14.017  58.864 0.1250000000
59315  3.238  -12.899  55.372 0.3750000000
60285  2.915  -11.418  55.051 0.3750000000
58261  1.201  -13.710  58.267 0.1250000000
58282  0.380  -12.175  57.303 0.1250000000
148416  2.863  -12.831  55.142 0.3750000000
156938  2.801  -12.120  54.933 0.3750000000
153516  0.055  -12.554  56.737 0.1250000000
142003  1.594  -11.892  53.945 0.3750000000
58299  -0.044  -13.391  56.211 0.1250000000
58300  -0.727  -12.915  55.763 0.1250000000
61249  1.732  -10.577  53.813 0.3750000000
61264  1.295  -10.314  52.946 0.5000000000
61278  0.391  -10.500  51.369 0.5000000000
58317  -1.176  -13.595  55.059 0.1250000000
62387  1.765  -9.337  50.437 0.5000000000
63508  2.644  -8.612  49.511 0.5000000000
62402  1.627  -9.352  49.553 0.6250000000
63525  2.473  -8.618  48.582 0.6250000000
62420  1.459  -9.388  48.749 0.6250000000
60383  -1.505  -11.450  48.472 0.5000000000
62440  2.204  -8.892  47.655 0.6250000000
64631  2.563  -7.762  47.353 0.6250000000
57366  -2.627  -14.286  47.666 0.2500000000
59439  -2.032  -11.860  48.015 0.3750000000
145274  -1.596  -11.276  47.864 0.5000000000
61346  -0.167  -10.209  48.098 0.5000000000
62442  0.800  -9.604  47.502 0.5000000000
63546  2.460  -8.603  47.006 0.6250000000
59441  -2.899  -12.613  47.109 0.2500000000
60398  -2.080  -11.424  47.308 0.5000000000
59460  -3.178  -12.523  46.644 0.2500000000
64438  0.491  -7.402  63.445 0.7500000000
65670  0.161  -6.639  63.622 0.7500000000
155603  -1.034  -6.148  63.584 0.8750000000
157706  1.762  -9.346  62.424 0.7500000000
63340  1.370  -8.858  62.734 0.8750000000
158215  0.309  -8.318  62.951 0.7500000000
145972  -0.244  -7.305  63.378 0.7500000000
64440  -0.652  -6.726  63.473 0.7500000000
65671  -1.420  -6.682  63.217 0.8750000000
61131  3.153  -10.721  62.163 0.5000000000
62222  2.392  -9.560  62.234 0.6250000000
135693  1.865  -10.012  62.219 0.6250000000
62223  1.238  -9.370  62.160 0.7500000000
63341  0.624  -8.723  62.293 0.8750000000
62225  0.290  -8.694  61.357 0.6250000000
63342  -0.131  -8.187  62.227 0.7500000000
140578  -1.315  -7.242  61.927 0.7500000000
61132  2.410  -10.742  62.196 0.5000000000
61133  1.732  -10.695  62.001 0.5000000000
61134  1.253  -10.018  61.750 0.5000000000
62224  0.701  -9.314  61.528 0.5000000000
154325  0.500  -9.186  60.822 0.6250000000
63358  -0.205  -8.164  61.024 0.6250000000
64450  -0.784  -7.674  61.633 0.7500000000
60190  4.325  -11.533  61.811 0.1250000000
60171  3.634  -11.524  62.139 0.2500000000
59234  2.740  -12.119  62.173 0.2500000000
60192  1.575  -11.260  61.541 0.3750000000
61152  1.186  -10.615  61.399 0.3750000000
60193  0.882  -10.926  60.873 0.2500000000
63359  -0.735  -7.679  60.627 0.7500000000
60216  4.892  -11.526  60.125 0.2500000000
59250  4.791  -12.378  61.698 0.1250000000
59233  3.643  -12.314  62.213 0.2500000000
59235  1.949  -12.007  61.746 0.2500000000
64483  -1.142  -7.193  60.213 0.6250000000
64468  -1.710  -6.802  60.668 0.7500000000
151671  4.748  -11.519  59.205 0.2500000000
154777  4.859  -12.658  58.546 0.1250000000
148165  4.526  -11.099  58.543 0.3750000000
62301  3.752  -9.702  57.643 0.5000000000
59293  4.465  -12.570  57.630 0.2500000000
60241  4.343  -11.515  57.663 0.3750000000
60256  3.756  -11.472  56.231 0.5000000000
160535  3.331  -10.696  55.693 0.5000000000
59302  3.739  -12.103  55.930 0.3750000000
60272  3.406  -11.328  55.575 0.5000000000
62329  2.548  -9.338  54.961 0.6250000000
60286  2.498  -11.441  54.663 0.3750000000
62330  2.324  -9.760  54.586 0.5000000000
157531  3.074  -8.099  53.405 0.5000000000
60287  1.950  -11.317  54.226 0.3750000000
62342  1.752  -9.759  53.364 0.5000000000
63461  2.531  -8.534  53.133 0.5000000000
62356  2.084  -9.043  52.753 0.5000000000
62372  2.173  -8.991  51.708 0.5000000000
63495  2.617  -8.607  50.296 0.6250000000
62386  2.334  -9.001  50.763 0.5000000000
64612  2.826  -8.138  49.128 0.6250000000
64623  2.649  -7.868  48.245 0.6250000000
65853  1.968  -6.387  47.372 0.7500000000
65852  2.403  -7.000  46.877 0.7500000000
61348  -1.383  -10.803  47.457 0.3750000000
62464  0.324  -9.654  46.836 0.5000000000
62463  1.361  -9.400  46.601 0.5000000000
141343  2.499  -8.742  46.092 0.6250000000
65865  2.413  -7.070  45.920 0.6250000000
67189  1.192  -5.908  46.031 0.6250000000
59459  -2.718  -11.931  46.920 0.3750000000
60411  -1.739  -10.690  46.827 0.3750000000
136943  -1.067  -10.355  47.022 0.5000000000
60412  -2.478  -11.178  46.556 0.3750000000
61367  -2.125  -10.395  46.118 0.3750000000
60413  -3.132  -11.748  46.308 0.3750000000
65669  0.941  -6.693  63.540 1.0000000000
66959  -0.273  -5.802  63.769 0.7500000000
143079  2.340  -8.028  62.427 0.8750000000
64436  1.977  -7.471  62.899 0.8750000000
63327  1.650  -8.245  63.058 0.8750000000
64437  1.274  -7.510  63.334 0.8750000000
68231  -1.768  -4.708  63.816 0.8750000000
62221  2.952  -9.116  62.036 0.7500000000
63339  2.164  -8.839  62.476 0.7500000000
63328  0.829  -8.220  63.211 0.8750000000
66960  -1.620  -6.034  63.417 0.8750000000
66961  -2.197  -5.476  63.400 0.8750000000
62246  3.738  -9.424  61.571 0.6250000000
138474  3.095  -9.879  62.064 0.7500000000
65672  -2.129  -6.296  62.959 0.8750000000
160419  -2.931  -5.135  63.043 0.8750000000
62245  4.433  -9.920  60.927 0.6250000000
61151  3.797  -10.267  61.702 0.5000000000
140321  4.059  -6.792  60.909 0.8750000000
137299  4.351  -6.947  59.979 0.8750000000
65682  -1.689  -6.830  62.510 0.7500000000
66971  -2.789  -5.714  62.443 0.7500000000
157746  4.787  -10.082  60.153 0.5000000000
61150  4.396  -10.803  61.358 0.2500000000
63369  4.204  -7.800  60.597 0.8750000000
65683  -2.300  -6.344  62.042 0.7500000000
66978  -2.882  -5.931  61.538 0.8750000000
144845  4.796  -10.718  60.575 0.2500000000
60201  4.848  -11.525  61.102 0.2500000000
64467  -1.240  -7.197  61.082 0.7500000000
65693  -2.274  -6.389  61.073 0.7500000000
140643  4.578  -9.869  59.388 0.7500000000
61162  4.693  -10.741  59.524 0.5000000000
61173  4.443  -10.398  58.742 0.7500000000
63425  2.763  -8.610  57.012 0.6250000000
64548  2.685  -7.428  56.165 0.6250000000
61197  3.556  -10.348  56.941 0.6250000000
140241  2.945  -9.209  56.175 0.6250000000
63436  2.701  -8.315  56.207 0.6250000000
62340  2.671  -8.679  54.119 0.5000000000
141822  3.307  -7.392  53.095 0.5000000000
63483  2.736  -8.082  51.624 0.5000000000
63484  2.504  -8.594  51.137 0.5000000000
65822  2.882  -7.368  50.184 0.6250000000
65832  2.846  -7.579  49.572 0.7500000000
67133  1.375  -5.798  48.702 0.7500000000
65842  2.027  -6.332  48.331 0.7500000000
67134  0.744  -5.649  48.264 0.7500000000
67148  1.343  -5.883  47.846 0.7500000000
67149  0.368  -5.614  47.498 0.6250000000
67167  0.417  -5.638  46.516 0.6250000000
67150  -0.431  -5.414  46.858 0.6250000000
62465  -0.467  -9.945  46.920 0.5000000000
144481  0.610  -9.546  46.187 0.5000000000
64652  2.697  -7.921  45.512 0.6250000000
62466  -1.157  -9.998  46.371 0.5000000000
62485  0.278  -9.538  45.572 0.5000000000
63558  2.557  -8.760  45.176 0.6250000000
65881  2.616  -7.111  44.957 0.6250000000
65899  2.252  -6.533  44.442 0.6250000000
62486  -0.676  -9.622  45.613 0.5000000000
138230  0.871  -9.485  44.832 0.6250000000
61385  -1.615  -9.807  45.577 0.2500000000
139993  0.605  -5.862  63.667 0.8750000000
66947  -0.389  -4.745  64.046 0.8750000000
159579  2.150  -6.859  62.625 1.0000000000
65681  1.670  -6.646  63.113 1.0000000000
66958  0.333  -4.987  63.856 0.8750000000
68218  -1.073  -4.288  64.163 0.8750000000
152714  2.709  -7.178  62.251 0.8750000000
65680  2.522  -6.199  62.414 1.0000000000
68239  1.980  -4.406  63.018 1.0000000000
64449  3.143  -7.924  62.029 0.8750000000
64466  3.605  -7.358  61.608 0.8750000000
137188  4.158  -5.853  61.091 0.8750000000
66977  4.059  -4.840  61.107 1.0000000000
66972  -3.389  -5.071  62.414 0.8750000000
152273  3.578  -8.508  61.588 0.7500000000
66984  4.381  -5.278  60.348 1.0000000000
68260  4.207  -4.337  60.336 1.0000000000
69438  3.135  -3.063  59.564 1.0000000000
68251  -3.899  -4.949  61.646 0.8750000000
62257  4.294  -8.912  60.880 0.7500000000
64498  5.070  -7.300  59.274 0.8750000000
65718  4.981  -6.655  59.018 0.8750000000
160016  3.889  -5.460  58.922 0.8750000000
68271  3.367  -3.994  58.960 1.0000000000
69442  2.696  -3.586  58.944 1.0000000000
66979  -3.401  -5.476  61.132 0.7500000000
62256  4.661  -9.358  60.180 0.7500000000
62269  4.495  -8.952  59.189 0.7500000000
64497  5.115  -7.230  58.841 0.8750000000
65733  3.960  -6.390  58.377 0.8750000000
65745  3.704  -5.602  57.571 0.7500000000
65694  -2.811  -5.974  60.625 0.7500000000
63401  4.683  -8.037  58.883 0.7500000000
63402  3.970  -8.206  58.260 0.8750000000
64537  2.939  -6.575  57.505 0.6250000000
67029  3.992  -5.136  56.172 0.7500000000
67034  3.761  -5.350  55.492 0.7500000000
139386  4.272  -9.736  58.486 0.6250000000
63415  2.822  -8.127  57.689 0.6250000000
68330  3.507  -5.057  55.050 0.6250000000
153875  3.564  -6.936  54.589 0.6250000000
161354  3.208  -5.269  54.376 0.6250000000
152666  3.239  -7.848  55.118 0.6250000000
64568  3.501  -7.001  53.854 0.6250000000
67055  3.107  -5.965  52.757 0.5000000000
67077  1.784  -5.287  52.470 0.7500000000
63460  3.354  -7.814  54.117 0.6250000000
65780  3.371  -6.497  53.329 0.5000000000
67076  2.599  -5.642  52.199 0.5000000000
67092  1.872  -5.462  51.539 0.6250000000
64578  3.094  -7.453  52.076 0.5000000000
152948  0.774  -5.367  51.131 0.7500000000
65823  2.811  -6.727  50.397 0.6250000000
67109  1.803  -5.783  50.148 0.7500000000
137463  0.358  -5.484  49.695 0.7500000000
147094  -0.438  -5.276  49.855 0.7500000000
143915  2.678  -6.836  49.749 0.6250000000
136593  1.227  -5.653  49.514 0.7500000000
67122  0.587  -5.552  48.937 0.7500000000
67124  -1.010  -5.098  49.350 0.7500000000
144897  -0.661  -5.340  47.708 0.6250000000
67136  -0.893  -5.227  48.550 0.6250000000
67168  -0.274  -5.415  46.040 0.6250000000
138235  2.970  -7.800  43.571 0.6250000000
65898  2.870  -7.133  44.035 0.6250000000
67222  1.614  -6.025  43.973 0.6250000000
150199  1.083  -5.780  45.199 0.6250000000
63574  2.551  -8.796  44.430 0.6250000000
64667  2.862  -8.013  44.476 0.6250000000
62511  -0.665  -9.354  44.313 0.5000000000
136627  -0.176  -9.465  44.874 0.5000000000
62487  -1.906  -9.600  44.945 0.3750000000
68230  0.705  -4.100  63.804 1.0000000000
68229  1.417  -3.742  63.519 1.0000000000
66946  0.157  -4.214  64.059 0.8750000000
68219  -1.918  -3.841  64.135 0.8750000000
68250  3.380  -4.398  61.835 1.0000000000
69417  2.390  -2.945  62.168 1.0000000000
68233  -2.906  -3.911  63.688 1.0000000000
68249  3.779  -3.593  60.960 1.0000000000
70456  2.471  -2.502  60.822 1.0000000000
70457  1.857  -2.464  60.933 1.0000000000
140677  -3.638  -3.888  63.110 0.8750000000
137034  2.053  -3.063  59.746 1.0000000000
135681  1.544  -2.666  60.561 1.0000000000
70458  0.306  -2.435  60.695 1.0000000000
65732  4.254  -6.150  58.819 0.8750000000
67007  3.569  -5.164  57.771 0.8750000000
69443  2.194  -4.054  58.183 1.0000000000
139536  1.669  -3.681  58.720 1.0000000000
70474  -0.754  -2.579  58.707 1.0000000000
140052  -0.307  -2.517  59.668 1.0000000000
146408  -4.315  -4.519  61.073 0.8750000000
68300  3.795  -4.852  56.396 0.7500000000
69457  1.325  -3.828  57.684 1.0000000000
69458  0.230  -3.460  57.449 1.0000000000
69459  -0.781  -3.219  57.277 1.0000000000
66985  -3.278  -5.470  60.196 0.7500000000
68315  3.153  -4.551  55.888 0.7500000000
160030  3.181  -4.710  55.301 0.7500000000
69473  -0.260  -3.592  56.604 1.0000000000
146486  1.743  -4.443  54.779 0.7500000000
68331  2.668  -4.758  54.630 0.7500000000
69486  -0.635  -3.785  55.744 1.0000000000
68345  1.574  -4.687  54.025 1.0000000000
67058  0.969  -4.998  52.769 0.7500000000
133555  0.960  -5.205  52.004 0.8750000000
68383  0.226  -4.814  52.344 0.8750000000
67093  0.249  -5.022  51.685 0.7500000000
148827  0.115  -5.361  50.437 0.7500000000
67111  -0.649  -5.027  50.510 0.7500000000
68411  -1.608  -4.619  49.686 0.7500000000
68422  -1.599  -4.721  48.843 0.7500000000
137019  -1.549  -4.845  47.888 0.6250000000
67151  -1.231  -5.080  47.066 0.6250000000
158166  0.434  -5.409  43.012 0.6250000000
67224  -0.013  -5.188  43.329 0.6250000000
67192  -0.791  -5.170  45.489 0.6250000000
68473  -1.545  -4.812  45.660 0.6250000000
67237  0.918  -5.653  42.714 0.6250000000
67236  1.668  -6.047  43.125 0.6250000000
67223  0.804  -5.569  43.535 0.6250000000
67207  0.923  -5.657  44.419 0.6250000000
67190  0.344  -5.444  44.935 0.6250000000
65919  2.907  -7.276  43.109 0.6250000000
138432  2.625  -8.547  43.622 0.6250000000
63593  1.942  -9.107  43.473 0.6250000000
62510  0.344  -9.402  44.026 0.6250000000
62535  0.429  -9.172  43.176 0.5000000000
62512  -1.612  -9.288  44.246 0.3750000000
69399  0.741  -2.683  63.750 1.0000000000
69409  1.434  -2.918  63.472 1.0000000000
69400  0.156  -3.127  64.330 1.0000000000
69401  -0.272  -2.919  64.381 1.0000000000
142561  -1.669  -2.806  64.409 1.0000000000
70449  1.845  -2.763  62.183 1.0000000000
71385  0.942  -2.515  62.740 1.0000000000
69403  -2.545  -3.169  64.177 1.0000000000
160734  -3.002  -2.833  64.161 1.0000000000
70453  1.680  -2.733  61.510 1.0000000000
71398  0.913  -2.809  61.374 1.0000000000
71411  -0.718  -1.762  60.230 1.0000000000
68241  -4.056  -3.790  62.486 0.8750000000
68301  2.888  -4.563  56.680 0.8750000000
68292  2.630  -4.481  57.596 1.0000000000
69445  -0.283  -3.058  58.094 1.0000000000
70466  -1.294  -1.904  59.260 1.0000000000
69426  -4.734  -3.342  61.346 1.0000000000
68316  2.158  -4.226  56.053 0.8750000000
134067  1.843  -4.172  56.932 0.8750000000
69460  -1.616  -2.817  57.174 1.0000000000
70488  -1.767  -2.354  57.722 1.0000000000
68262  -4.370  -4.352  60.183 0.8750000000
68317  1.234  -4.214  55.443 0.8750000000
69472  0.790  -3.788  56.794 1.0000000000
69474  -1.322  -3.327  56.374 1.0000000000
70498  -2.054  -2.731  56.453 1.0000000000
68272  -4.305  -4.393  59.111 0.6250000000
68332  0.798  -4.370  54.599 1.0000000000
68318  0.084  -4.100  55.169 1.0000000000
69499  -0.859  -3.891  54.856 1.0000000000
69488  -2.220  -3.041  54.981 1.0000000000
67021  -3.481  -5.096  57.753 0.5000000000
68346  0.479  -4.522  53.834 1.0000000000
68333  -0.203  -4.245  54.344 1.0000000000
69500  -1.659  -3.587  54.485 0.8750000000
68367  -0.558  -4.537  52.736 0.8750000000
68348  -1.269  -4.229  53.195 0.7500000000
69510  -1.832  -3.744  53.628 0.8750000000
68384  -0.548  -4.679  51.822 0.7500000000
68368  -1.346  -4.318  52.332 0.7500000000
68399  -0.851  -4.750  51.096 0.7500000000
68400  -1.436  -4.563  50.559 0.7500000000
68401  -2.223  -4.121  50.115 0.7500000000
68423  -2.227  -4.286  48.331 0.7500000000
68457  -1.724  -4.747  46.472 0.6250000000
68435  -1.821  -4.686  47.148 0.6250000000
68496  -0.772  -4.965  42.875 0.6250000000
68486  -0.797  -4.889  43.908 0.6250000000
68487  -1.820  -4.645  44.137 0.6250000000
67209  -1.239  -4.859  44.825 0.6250000000
67251  1.699  -6.083  42.262 0.6250000000
67208  0.150  -5.262  44.148 0.6250000000
65938  2.981  -7.421  42.171 0.6250000000
65956  2.443  -6.707  41.779 0.6250000000
64709  2.930  -8.059  41.737 0.6250000000
150153  2.770  -8.376  42.047 0.5000000000
62536  -0.358  -8.810  42.756 0.3750000000
71382  -0.869  -2.405  63.242 1.0000000000
71383  -2.276  -1.571  64.332 1.0000000000
69411  -4.015  -3.081  63.157 1.0000000000
72366  -0.108  -1.902  62.070 1.0000000000
72389  -0.219  -1.016  61.776 1.0000000000
70454  -4.739  -2.585  61.740 1.0000000000
71412  -1.488  -1.120  59.928 1.0000000000
146830  -5.034  -3.282  60.670 1.0000000000
69440  -5.135  -3.500  59.335 0.7500000000
71419  -1.943  -1.084  59.125 1.0000000000
68284  -5.011  -3.963  58.584 0.7500000000
69446  -5.360  -3.009  58.577 0.7500000000
70507  -1.941  -3.096  55.802 1.0000000000
147129  -2.534  -3.283  53.193 0.8750000000
69525  -1.980  -3.876  52.769 0.8750000000
69537  -2.697  -3.492  51.435 0.7500000000
69526  -2.639  -3.372  52.286 0.8750000000
69544  -2.855  -3.497  50.549 0.7500000000
69554  -2.823  -3.595  49.595 0.7500000000
69566  -2.820  -3.678  48.678 0.7500000000
69583  -2.785  -3.815  47.779 0.5000000000
69634  -3.465  -3.458  43.701 0.7500000000
69633  -3.013  -4.022  43.090 0.7500000000
68458  -2.290  -4.358  46.764 0.5000000000
68509  -2.294  -4.349  42.462 0.6250000000
68498  -2.441  -4.399  43.509 0.6250000000
139085  -2.064  -4.526  45.002 0.6250000000
68474  -2.312  -4.344  45.894 0.6250000000
68507  -0.780  -4.959  41.889 0.6250000000
67238  0.075  -5.327  42.463 0.6250000000
67252  0.838  -5.688  41.887 0.6250000000
63612  1.798  -8.627  41.992 0.5000000000
63632  0.748  -8.551  41.537 0.5000000000
62554  0.642  -8.780  42.404 0.5000000000
134210  -0.216  -8.489  41.973 0.1250000000
72361  -2.157  -0.420  63.926 1.0000000000
71380  -2.591  -0.933  64.412 1.0000000000
71384  -3.630  -0.861  64.378 1.0000000000
72360  -2.075  -0.910  63.314 1.0000000000
73355  -1.257  0.556  63.175 1.0000000000
71378  -1.748  -1.605  62.839 1.0000000000
70444  -1.723  -2.002  64.162 1.0000000000
70446  -4.004  -1.631  64.044 1.0000000000
70451  -4.354  -2.370  62.585 1.0000000000
70452  -4.803  -1.805  62.130 1.0000000000
73366  -0.837  0.195  62.713 1.0000000000
71386  -0.406  -2.000  62.574 1.0000000000
70448  -4.092  -2.214  63.409 1.0000000000
160098  -0.910  1.140  62.860 1.0000000000
72379  -0.909  0.074  61.781 1.0000000000
70455  -5.089  -2.006  61.415 1.0000000000
72397  -1.950  -0.284  59.656 1.0000000000
69435  -5.236  -2.629  60.295 1.0000000000
142143  -5.550  -1.918  59.799 1.0000000000
71420  -2.311  -1.046  58.356 1.0000000000
140540  -2.303  -2.123  57.167 1.0000000000
72383  -15.026  0.824  59.696 0.7500000000
73373  -15.670  1.373  60.200 0.7500000000
71452  -2.743  -1.556  55.689 1.0000000000
70518  -2.666  -2.635  54.378 1.0000000000
70529  -2.903  -2.572  53.658 0.8750000000
142732  -3.198  -2.473  52.652 0.8750000000
70542  -3.187  -2.895  51.723 0.8750000000
69555  -3.387  -3.022  49.943 0.7500000000
69567  -3.393  -3.049  49.055 0.7500000000
137357  -2.988  0.449  45.173 0.8750000000
73585  -4.172  -0.057  45.541 0.8750000000
69584  -3.392  -3.094  48.049 0.6250000000
72538  -3.783  -0.343  43.309 0.8750000000
73623  -3.836  -0.019  44.029 0.8750000000
149855  -4.474  -1.160  44.511 0.8750000000
72528  -4.429  -0.494  44.966 0.8750000000
69603  -2.799  -3.913  46.430 0.5000000000
141382  -3.222  -3.398  47.005 0.5000000000
70652  -3.647  -2.653  42.259 0.7500000000
70637  -4.055  -1.932  43.426 0.7500000000
70628  -4.222  -1.861  44.225 0.7500000000
70627  -4.049  -2.439  44.831 0.7500000000
70619  -3.697  -2.922  45.479 0.7500000000
69613  -2.915  -3.909  45.763 0.6250000000
69655  -3.276  -3.288  41.891 0.7500000000
69654  -2.738  -3.841  41.696 0.7500000000
69644  -3.413  -3.370  42.739 0.7500000000
68488  -2.605  -4.338  44.342 0.6250000000
147640  -2.784  -4.157  45.129 0.6250000000
68520  -1.315  -4.546  41.171 0.6250000000
67266  1.621  -6.142  41.393 0.6250000000
67267  0.800  -5.611  40.922 0.6250000000
155660  1.718  -6.188  40.540 0.6250000000
65955  2.659  -7.494  41.354 0.6250000000
149749  2.192  -6.802  40.948 0.6250000000
65970  2.217  -6.765  40.116 0.6250000000
63630  2.227  -8.094  40.705 0.5000000000
63631  1.668  -8.394  40.904 0.2500000000
137337  0.170  -8.291  40.259 0.1250000000
73359  -3.508  0.664  64.125 1.0000000000
71387  -4.290  -0.766  63.864 1.0000000000
71388  -4.607  -0.578  63.119 1.0000000000
73352  -1.936  0.020  63.674 1.0000000000
71390  -4.994  -0.907  62.313 1.0000000000
138675  -1.568  1.586  62.957 1.0000000000
74549  -1.081  1.279  62.783 1.0000000000
73379  -0.885  1.070  62.573 1.0000000000
71403  -5.595  -1.215  60.244 1.0000000000
73387  -1.434  0.462  61.139 1.0000000000
147375  -5.597  -1.976  58.921 0.7500000000
73406  -2.618  0.649  57.593 1.0000000000
72402  -2.281  -0.245  58.798 1.0000000000
70476  -5.484  -1.915  57.970 0.7500000000
155795  -13.649  1.405  59.369 0.8750000000
134859  -13.926  1.716  60.367 0.7500000000
146886  -14.667  2.297  60.808 0.8750000000
153588  -15.209  2.013  60.766 0.7500000000
150327  -2.840  -0.196  56.998 1.0000000000
72393  -13.938  0.862  59.101 0.8750000000
73383  -14.460  1.198  59.909 0.8750000000
77943  -17.178  3.134  60.743 0.6250000000
79135  -18.378  4.346  59.481 0.8750000000
77962  -18.458  3.994  60.069 1.0000000000
71444  -2.651  -1.298  56.634 1.0000000000
146779  -13.543  0.475  56.046 0.6250000000
74547  -17.051  1.903  60.520 0.7500000000
76755  -18.032  3.004  60.741 0.8750000000
77956  -18.796  3.613  60.361 0.8750000000
79126  -19.038  4.834  59.503 0.8750000000
79116  -19.446  4.171  59.768 0.7500000000
146850  -3.086  -0.743  55.328 1.0000000000
146249  -13.559  0.525  55.554 0.6250000000
76756  -18.589  2.676  60.739 0.8750000000
77957  -19.506  3.232  60.666 0.8750000000
79137  -19.227  5.748  59.094 0.5000000000
71471  -3.111  -1.943  54.230 0.8750000000
135561  2.194  0.615  49.184 0.8750000000
141782  1.170  0.503  49.124 0.8750000000
158426  0.523  0.543  49.515 0.8750000000
72450  -3.452  -0.628  53.258 0.8750000000
73527  0.129  0.480  48.956 0.8750000000
148555  0.877  0.483  48.174 0.8750000000
136767  -0.152  0.530  48.048 0.7500000000
73529  -2.105  0.532  48.335 0.8750000000
70556  -3.643  -2.325  50.321 0.7500000000
73545  0.527  0.494  47.322 0.7500000000
73546  -0.471  0.581  47.209 0.7500000000
73528  -1.205  0.611  47.982 1.0000000000
73548  -2.886  0.483  47.276 0.8750000000
73530  -2.875  0.461  48.071 1.0000000000
70567  -3.737  -2.290  49.487 0.7500000000
73562  -0.702  0.569  46.346 0.8750000000
73563  -1.567  0.588  46.209 0.8750000000
73565  -3.720  0.243  46.245 0.8750000000
155193  -3.443  0.338  46.967 0.8750000000
72510  -4.215  -0.371  47.220 0.8750000000
73602  -2.276  0.454  44.764 0.7500000000
72522  -4.404  -0.657  45.802 0.8750000000
71538  -4.281  -1.135  47.445 0.7500000000
72552  -3.735  -0.604  42.449 0.7500000000
71556  -4.474  -1.247  45.313 0.7500000000
70611  -4.148  -1.838  46.734 0.7500000000
70610  -3.715  -2.734  46.369 0.7500000000
70658  -3.453  -2.596  41.418 0.7500000000
70595  -3.703  -2.611  47.286 0.7500000000
145201  -2.458  -3.793  41.036 0.7500000000
68534  -1.915  -4.104  40.673 0.6250000000
67268  -0.317  -4.970  40.811 0.6250000000
140003  1.383  -5.730  39.954 0.6250000000
73353  -2.195  0.292  63.968 1.0000000000
73358  -2.658  0.849  64.075 1.0000000000
73361  -4.217  0.766  63.756 1.0000000000
75691  -2.048  1.782  62.983 1.0000000000
75688  -2.693  1.897  63.406 1.0000000000
75694  -3.711  2.310  63.098 1.0000000000
73368  -4.910  0.720  62.677 1.0000000000
76745  -2.037  2.322  62.740 0.8750000000
73369  -5.203  0.602  61.978 1.0000000000
72381  -5.473  -0.045  60.981 1.0000000000
72372  -5.270  -0.167  61.622 1.0000000000
75710  -1.149  2.501  61.553 1.0000000000
74559  -1.181  1.573  62.443 1.0000000000
72392  -5.798  -0.463  59.951 1.0000000000
73395  -1.792  0.613  60.188 1.0000000000
71436  -6.171  -0.847  57.131 0.7500000000
148965  -5.991  -0.636  58.583 0.6250000000
73400  -2.434  0.622  58.417 1.0000000000
160297  -6.343  -0.692  56.769 0.7500000000
70489  -5.598  -1.815  56.956 0.7500000000
73389  -13.316  1.874  59.349 0.7500000000
74674  4.052  1.733  51.889 0.7500000000
73402  -13.680  1.199  58.494 0.7500000000
73408  -13.759  1.206  57.641 0.7500000000
76753  -15.950  2.955  60.911 0.7500000000
73491  3.367  1.280  51.378 0.7500000000
73416  -13.586  1.077  56.639 0.7500000000
74682  3.814  1.722  50.789 0.8750000000
152651  1.769  0.629  50.350 0.8750000000
73493  1.467  0.673  51.035 0.8750000000
147494  -20.134  3.049  60.838 0.7500000000
79127  -19.793  4.918  59.512 0.5000000000
73507  3.158  1.125  50.390 0.8750000000
73508  2.381  0.727  50.001 0.8750000000
134101  0.964  0.598  50.087 0.8750000000
73445  -3.356  0.208  53.138 0.8750000000
74697  3.329  1.335  49.052 0.7500000000
73511  -0.658  0.569  49.273 0.8750000000
72466  -3.574  -0.083  51.167 0.8750000000
71489  -3.638  -0.927  51.458 0.8750000000
73526  1.943  0.547  48.325 0.7500000000
73512  -1.534  0.543  48.994 0.8750000000
143494  -2.775  0.483  49.018 1.0000000000
144608  -3.700  -1.624  50.861 0.8750000000
71511  -3.963  -1.308  49.928 0.8750000000
140056  2.620  0.812  47.705 0.7500000000
72495  -3.606  0.224  48.531 1.0000000000
73544  1.725  0.539  47.315 0.7500000000
73549  -3.511  0.287  47.634 0.8750000000
72485  -4.099  -0.308  48.493 0.7500000000
70596  -4.000  -1.939  47.729 0.7500000000
70581  -3.791  -2.267  48.536 0.7500000000
134396  -0.979  0.542  45.533 0.8750000000
141857  -4.215  -0.566  47.883 0.7500000000
161585  -3.709  -2.496  47.912 0.7500000000
73621  -2.461  0.291  43.889 0.7500000000
72565  -3.646  -0.791  41.587 0.7500000000
72576  -3.513  -0.968  40.824 0.6250000000
144886  -3.301  -2.435  40.482 0.7500000000
69673  -2.931  -3.040  40.100 0.6250000000
69671  -1.693  -3.766  38.893 0.6250000000
69681  -2.163  -3.213  38.327 0.6250000000
73362  -4.593  0.531  63.156 1.0000000000
144100  -5.513  1.155  60.727 1.0000000000
74568  -5.679  1.520  60.167 0.8750000000
76765  -1.141  3.137  60.994 0.7500000000
146055  -5.624  0.075  60.465 1.0000000000
152499  -5.841  0.254  59.735 0.8750000000
75722  -0.814  3.231  58.999 1.0000000000
75715  -1.038  3.360  59.743 1.0000000000
72405  -6.433  0.008  57.970 0.6250000000
75730  -1.487  2.529  58.289 0.8750000000
74572  -1.850  1.746  59.648 1.0000000000
71446  -6.307  -1.057  56.461 0.7500000000
75750  -12.206  2.340  55.364 0.7500000000
75745  -12.377  2.170  56.204 0.7500000000
74582  -13.308  1.711  58.331 0.6250000000
74673  4.299  1.950  52.368 0.7500000000
73457  2.809  1.165  52.667 0.8750000000
74598  -1.997  2.014  56.796 0.8750000000
74587  -2.416  1.424  57.236 0.8750000000
70510  -6.446  -1.780  55.435 0.3750000000
75769  -11.922  2.943  53.759 0.7500000000
75760  -12.296  2.286  54.344 0.6250000000
74601  -13.048  1.569  56.446 0.7500000000
75776  4.309  2.062  52.736 0.7500000000
73458  1.794  1.064  52.502 0.8750000000
72429  -3.111  0.054  55.375 1.0000000000
75782  -12.365  2.172  52.394 0.7500000000
74666  -12.461  1.468  53.029 0.6250000000
74634  -12.783  1.613  54.885 0.6250000000
146874  -13.256  0.942  55.330 0.6250000000
76848  3.846  2.662  51.624 0.5000000000
75787  -12.249  2.397  51.170 0.5000000000
161492  -12.349  2.322  51.745 0.6250000000
154229  -12.548  1.427  52.328 0.7500000000
74651  -12.637  1.554  53.906 0.6250000000
75789  4.070  2.275  51.157 0.6250000000
73494  0.406  0.759  51.019 0.8750000000
73431  -2.766  0.896  54.548 1.0000000000
75798  3.841  2.403  50.281 0.7500000000
73510  -0.084  0.661  49.915 1.0000000000
73495  -0.736  0.882  50.735 1.0000000000
74648  -2.444  1.227  53.249 1.0000000000
73462  -3.022  0.799  52.885 1.0000000000
150097  -3.467  -0.247  52.611 0.8750000000
73524  3.007  0.952  49.477 0.8750000000
142631  -1.175  0.692  49.877 1.0000000000
144597  -2.245  0.621  49.818 1.0000000000
141135  -2.843  0.824  52.129 1.0000000000
72457  -3.519  -0.203  51.910 0.8750000000
76787  -21.863  3.538  57.619 0.5000000000
76794  -21.796  3.851  56.854 0.6250000000
73525  2.798  0.847  48.600 0.7500000000
73513  -3.104  0.474  49.884 0.8750000000
73498  -3.475  0.198  50.423 0.8750000000
72476  -3.882  -0.238  49.786 0.8750000000
159401  -20.666  2.665  56.907 0.6250000000
74603  -21.078  2.694  56.550 0.6250000000
75746  -21.454  3.194  56.302 0.7500000000
74713  3.070  1.273  48.132 0.7500000000
72484  -3.923  -0.054  49.104 0.7500000000
73514  -3.544  0.215  49.474 0.8750000000
71512  -4.085  -0.738  49.148 0.7500000000
71522  -3.996  -1.573  49.104 0.7500000000
75761  -21.072  2.330  54.920 0.7500000000
135133  0.219  0.513  46.508 0.7500000000
153640  1.078  0.490  46.679 0.7500000000
71523  -4.161  -1.223  48.355 0.7500000000
134397  0.022  0.528  45.549 0.7500000000
156909  -0.901  0.492  44.228 0.7500000000
157583  -1.809  0.349  43.240 0.7500000000
72564  -3.136  -0.275  41.879 0.6250000000
160388  -3.203  -0.783  40.558 0.6250000000
71613  -3.242  -1.905  39.796 0.6250000000
70672  -2.653  -2.674  38.731 0.6250000000
69689  -1.191  -3.104  37.129 0.6250000000
69680  -1.256  -3.584  37.878 0.6250000000
69688  -0.237  -3.624  37.014 0.6250000000
69700  1.785  -3.793  35.283 0.2500000000
144825  1.905  -3.701  34.932 0.1250000000
74580  -6.192  1.432  58.626 0.7500000000
138632  0.168  3.275  51.910 0.5000000000
76824  0.720  3.214  53.557 0.6250000000
76814  0.737  3.524  54.463 0.6250000000
76771  -0.732  3.573  59.237 0.8750000000
145168  1.118  3.100  51.873 0.5000000000
76851  0.371  3.409  51.199 0.5000000000
76823  1.840  2.817  53.471 0.6250000000
76813  2.319  2.795  54.571 0.6250000000
74594  2.134  2.271  56.041 0.6250000000
133519  1.047  2.926  57.761 0.7500000000
75728  0.262  2.745  58.249 0.8750000000
70500  -6.579  -1.244  55.814 0.6250000000
159522  -6.586  0.410  56.143 0.6250000000
161280  0.436  3.662  50.656 0.5000000000
137753  1.487  3.487  51.382 0.5000000000
76835  1.964  2.859  52.557 0.5000000000
75778  2.958  2.652  53.225 0.6250000000
75767  3.906  2.063  54.457 0.7500000000
139683  2.833  1.501  54.660 0.7500000000
74628  2.219  1.597  55.248 0.7500000000
139376  1.902  1.972  55.991 0.7500000000
74613  -0.210  1.892  55.931 0.8750000000
74597  -0.583  2.260  56.898 0.7500000000
75738  -1.476  2.344  57.525 0.8750000000
72432  -6.890  -0.877  55.502 0.6250000000
75759  -11.857  2.985  54.661 0.6250000000
76850  2.378  3.098  52.053 0.5000000000
76834  3.173  2.770  52.506 0.5000000000
74641  4.145  1.900  53.768 0.7500000000
74644  2.731  1.369  54.018 0.8750000000
74645  1.014  1.424  53.793 0.8750000000
74631  -1.121  1.541  54.343 1.0000000000
74630  -0.084  1.628  55.014 1.0000000000
74599  -2.123  1.598  55.821 0.8750000000
150508  -2.480  1.241  56.373 0.8750000000
70520  -6.619  -1.957  54.673 0.2500000000
71462  -6.871  -1.362  55.112 0.5000000000
75781  -11.924  2.897  52.820 0.5000000000
76817  -11.549  3.630  54.089 0.6250000000
76849  3.578  2.969  51.959 0.5000000000
76833  4.025  2.501  52.261 0.6250000000
75803  -11.959  2.211  49.719 0.3750000000
75786  -12.061  2.906  51.810 0.5000000000
76865  3.440  3.684  51.358 0.5000000000
75792  -11.801  3.019  50.868 0.2500000000
73480  -1.415  1.072  51.401 1.0000000000
73460  -0.019  1.105  52.261 1.0000000000
74647  -1.454  1.426  53.447 1.0000000000
143437  3.877  3.917  50.838 0.6250000000
75811  3.663  2.370  49.284 0.6250000000
73496  -1.853  0.851  50.615 1.0000000000
134819  -2.457  0.877  51.366 1.0000000000
78005  -22.568  4.220  57.355 0.5000000000
73497  -2.852  0.610  50.598 0.8750000000
76803  -21.697  3.981  56.006 0.6250000000
75751  -21.464  3.115  55.461 0.6250000000
73560  1.919  0.553  46.329 0.7500000000
73543  2.536  0.820  46.801 0.7500000000
142508  -20.676  2.007  54.258 0.7500000000
74652  -20.442  1.652  53.760 0.7500000000
73561  1.015  0.511  45.927 0.6250000000
73466  -20.056  0.298  52.649 0.7500000000
73467  -20.238  1.092  53.290 0.7500000000
134393  -0.935  0.455  43.497 0.7500000000
73653  -1.378  0.277  41.536 0.6250000000
73667  -2.407  -0.172  40.624 0.6250000000
72601  -2.013  -1.193  38.865 0.6250000000
71638  -1.934  -2.071  37.792 0.6250000000
71637  -1.167  -1.795  37.256 0.6250000000
69703  -0.322  -3.086  36.491 0.6250000000
69702  0.833  -3.521  36.169 0.3750000000
69715  2.054  -3.110  35.352 0.2500000000
74588  -6.572  1.697  57.828 0.7500000000
74616  -6.652  0.967  56.286 0.6250000000
76868  -0.396  3.609  50.556 0.5000000000
72431  -6.934  -0.272  55.132 0.6250000000
73432  -6.851  0.404  54.768 0.6250000000
73433  -7.057  -0.175  54.246 0.3750000000
144084  -7.237  -0.913  54.042 0.2500000000
73447  -6.943  0.431  53.469 0.3750000000
76872  -10.780  3.746  49.979 0.3750000000
78065  -11.180  4.280  51.717 0.5000000000
76840  -11.614  3.617  52.268 0.3750000000
78075  2.511  4.069  51.394 0.5000000000
70531  -6.735  -2.119  53.799 0.2500000000
71484  -7.153  -1.354  53.341 0.3750000000
155217  -11.328  3.546  50.539 0.2500000000
76855  -11.526  3.616  51.325 0.3750000000
78074  3.707  4.704  51.846 0.5000000000
70544  -6.847  -2.223  52.863 0.2500000000
147471  -7.318  -0.631  52.552 0.1250000000
73516  -9.543  1.730  48.780 0.1250000000
75812  -10.005  2.219  48.717 0.1250000000
76891  -10.830  3.127  49.467 0.3750000000
143719  -11.455  2.997  49.965 0.3750000000
76864  3.706  3.032  50.878 0.5000000000
152831  -7.335  -1.487  51.493 0.1250000000
148955  -7.227  -1.872  50.860 0.1250000000
74699  -10.814  1.567  48.506 0.3750000000
78017  -22.267  4.563  56.445 0.3750000000
74712  3.097  1.727  47.580 0.6250000000
75762  -21.376  3.143  54.667 0.7500000000
74725  2.910  2.221  46.749 0.6250000000
157810  -21.082  2.539  54.278 0.7500000000
134394  0.257  0.534  44.674 0.7500000000
73580  1.013  0.540  45.037 0.7500000000
74667  -20.301  1.244  52.633 0.7500000000
74668  -20.512  1.877  53.205 0.8750000000
73600  -0.114  0.499  43.937 0.7500000000
73598  1.915  0.637  44.569 0.7500000000
73502  -19.900  0.689  50.929 0.6250000000
137358  -1.015  0.396  42.480 0.7500000000
73652  -0.513  0.378  41.658 0.7500000000
135136  -0.759  0.262  39.929 0.6250000000
71624  -1.669  -1.469  38.013 0.6250000000
73682  -0.858  -0.083  39.215 0.6250000000
72600  -1.019  -0.604  38.496 0.6250000000
70695  0.785  -2.504  35.930 0.6250000000
69714  2.246  -3.069  34.781 0.2500000000
69729  1.760  -3.025  34.299 0.1250000000
76886  -0.039  3.868  49.927 0.5000000000
74650  -6.897  1.084  52.885 0.3750000000
139098  -7.152  0.242  52.715 0.2500000000
78094  0.610  4.565  49.838 0.5000000000
76867  1.077  3.958  50.580 0.5000000000
142460  -7.437  0.114  51.909 0.1250000000
78100  -10.080  4.065  49.773 0.3750000000
78093  1.641  4.679  50.806 0.5000000000
73515  -9.008  1.031  48.924 0.1250000000
75800  -9.472  2.618  49.099 0.2500000000
78073  4.051  4.872  51.507 0.5000000000
144181  -7.600  -0.870  50.628 0.1250000000
145128  -8.543  0.452  49.134 0.1250000000
72477  -8.064  0.098  49.933 0.1250000000
72487  -8.253  -0.188  48.930 0.1250000000
76885  3.701  3.181  49.877 0.5000000000
76904  3.484  3.058  48.878 0.6250000000
76915  3.262  3.156  48.032 0.6250000000
76822  -21.657  4.054  54.356 0.7500000000
76811  -21.665  4.032  55.171 0.6250000000
158903  -22.459  5.472  54.503 0.3750000000
75772  -21.324  3.150  53.942 0.7500000000
76832  -21.679  3.996  53.510 0.7500000000
78047  -22.236  4.978  53.974 0.7500000000
73559  2.461  0.848  45.890 0.6250000000
146208  2.745  1.955  45.772 0.5000000000
74678  -20.582  2.167  52.416 0.7500000000
144072  -21.060  2.820  52.279 0.8750000000
76847  -21.719  3.921  52.665 0.8750000000
73578  2.380  0.880  45.029 0.6250000000
140454  -20.154  1.256  51.280 0.8750000000
158533  -20.518  2.135  51.804 0.8750000000
73619  -0.141  0.473  42.981 0.7500000000
138181  -19.778  0.972  50.199 0.7500000000
151716  0.228  0.408  41.360 0.7500000000
137346  -0.384  0.373  40.807 0.6250000000
73665  0.808  0.628  40.663 0.7500000000
73681  0.176  0.496  39.837 0.6250000000
73697  0.055  -0.054  38.701 0.6250000000
71636  -0.297  -1.260  37.008 0.6250000000
71654  -0.102  -1.696  36.477 0.6250000000
145903  -0.061  0.219  39.271 0.6250000000
139264  0.462  0.295  38.798 0.5000000000
72637  0.584  -0.899  36.329 0.3750000000
144807  2.509  -2.473  34.767 0.2500000000
70709  2.356  -2.508  34.448 0.2500000000
70724  2.047  -2.323  34.300 0.2500000000
69732  -1.724  -3.139  34.131 0.1250000000
79218  3.658  5.433  52.537 0.5000000000
79217  4.254  5.550  52.344 0.5000000000
78092  4.056  4.703  50.713 0.3750000000
78112  3.510  4.675  49.170 0.6250000000
76916  2.914  3.159  47.139 0.5000000000
79201  -22.644  5.610  53.292 0.5000000000
79191  -22.690  5.986  54.161 0.3750000000
76928  2.580  3.046  46.097 0.5000000000
76862  -21.741  3.933  51.836 0.7500000000
78059  -22.167  4.739  52.983 0.6250000000
73617  1.451  0.561  43.033 0.7500000000
157897  2.064  0.693  43.633 0.7500000000
74749  2.585  1.160  44.654 0.7500000000
75788  -20.896  2.649  51.586 0.8750000000
76861  -21.364  3.310  51.690 0.8750000000
73651  0.986  0.467  41.613 0.6250000000
135421  1.760  0.611  42.078 0.7500000000
74692  -19.998  1.660  49.592 0.7500000000
75804  -20.432  2.238  50.095 0.7500000000
73650  1.939  0.872  41.068 0.7500000000
73518  -19.505  0.911  49.432 0.6250000000
72617  0.397  -0.537  37.225 0.5000000000
74801  1.244  1.084  40.158 0.6250000000
73680  0.425  0.724  39.638 0.6250000000
72616  1.302  0.084  37.490 0.5000000000
142504  1.678  -0.526  35.583 0.2500000000
71667  2.580  -1.005  34.944 0.2500000000
134811  1.514  1.914  39.658 0.6250000000
74816  0.734  1.238  39.228 0.6250000000
73696  1.241  0.244  37.975 0.5000000000
72661  2.590  0.054  35.019 0.2500000000
71683  2.373  -1.052  34.356 0.2500000000
72685  0.844  -0.795  34.141 0.1250000000
70726  -0.736  -2.731  34.164 0.1250000000
74831  1.078  1.058  38.258 0.5000000000
73715  1.497  0.732  37.450 0.3750000000
73736  1.938  0.722  35.787 0.2500000000
73766  2.260  0.112  34.294 0.1250000000
73767  1.309  -0.031  34.150 0.1250000000
71668  -0.753  -0.925  34.734 0.1250000000
71686  -1.326  -1.874  34.402 0.1250000000
73735  1.661  0.972  36.604 0.2500000000
75953  1.006  1.472  36.704 0.2500000000
74862  1.651  1.161  35.817 0.2500000000
73756  1.064  0.738  34.585 0.1250000000
79233  2.344  5.415  51.486 0.5000000000
149721  4.065  5.987  53.029 0.3750000000
150288  -23.113  6.689  54.041 0.2500000000
153394  2.987  4.090  47.872 0.5000000000
79212  -22.673  5.366  52.387 0.3750000000
79202  -23.088  6.091  52.714 0.3750000000
137433  2.580  4.012  46.726 0.3750000000
138305  -22.239  4.592  52.080 0.6250000000
79213  -23.182  5.899  51.862 0.3750000000
73616  2.505  1.020  43.303 0.7500000000
74761  2.627  1.319  43.963 0.7500000000
76943  2.477  3.381  45.201 0.6250000000
150633  -21.265  3.222  50.991 0.8750000000
76879  -21.646  3.950  50.870 0.8750000000
152589  -22.179  4.588  51.252 0.6250000000
74773  2.649  1.275  42.387 0.7500000000
73636  2.263  0.841  42.663 0.7500000000
147767  2.529  2.811  44.745 0.6250000000
75815  -20.398  2.397  49.147 0.6250000000
75805  -20.852  2.928  49.641 0.7500000000
76898  -21.734  4.132  49.756 0.6250000000
74786  2.480  1.065  41.737 0.7500000000
75876  2.679  2.074  42.242 0.7500000000
154993  2.319  4.213  44.121 0.7500000000
75822  -20.462  2.382  48.219 0.8750000000
75816  -20.846  3.010  48.682 0.7500000000
156838  2.691  1.431  41.070 0.8750000000
74785  2.887  1.909  40.862 0.7500000000
75904  2.371  2.137  40.377 0.6250000000
77045  1.542  2.602  39.836 0.5000000000
74815  0.853  1.744  38.819 0.5000000000
75926  0.789  1.853  38.122 0.2500000000
75940  0.540  1.925  37.424 0.2500000000
74863  0.553  1.488  36.164 0.1250000000
73757  -0.722  1.123  35.465 0.1250000000
72638  -1.039  0.211  35.286 0.1250000000
71669  -1.982  -1.291  35.098 0.1250000000
74876  1.127  1.271  35.331 0.2500000000
138608  -0.165  0.785  34.878 0.1250000000
79216  4.599  5.458  51.629 0.3750000000
149963  4.715  6.043  51.326 0.3750000000
79244  3.581  5.626  48.974 0.5000000000
80288  -24.093  7.369  52.722 0.3750000000
80287  -23.622  6.555  52.270 0.3750000000
78086  -22.296  4.756  50.322 0.6250000000
158563  -22.510  5.008  50.908 0.5000000000
79227  -23.369  5.818  50.964 0.3750000000
76960  2.462  3.464  44.414 0.7500000000
78153  2.430  4.153  44.896 0.5000000000
78106  -22.937  5.370  49.624 0.5000000000
76979  2.404  3.396  43.482 0.7500000000
76911  -21.797  4.168  48.752 0.6250000000
78105  -22.320  4.772  49.200 0.5000000000
75890  2.611  2.345  40.915 0.7500000000
75828  -20.423  2.286  47.306 0.8750000000
75823  -20.860  3.020  47.686 0.8750000000
75927  0.377  2.550  38.086 0.2500000000
75954  0.060  1.858  36.909 0.1250000000
140183  -0.522  1.711  36.525 0.1250000000
73737  -1.566  0.893  36.032 0.1250000000
72640  -3.025  -0.279  36.315 0.1250000000
72664  -3.546  -0.838  35.763 0.1250000000
72641  -4.020  -0.434  36.392 0.1250000000
72665  -4.375  -0.857  35.781 0.1250000000
72642  -5.078  -0.585  36.312 0.1250000000
81346  -24.780  8.082  52.024 0.2500000000
142076  -24.316  6.827  51.044 0.3750000000
78087  -22.880  5.370  50.564 0.3750000000
79228  -24.105  6.343  50.449 0.3750000000
79239  -24.353  6.301  49.478 0.3750000000
76999  2.456  2.845  42.633 0.7500000000
78123  -23.018  5.337  48.578 0.5000000000
77018  1.697  3.726  41.908 0.5000000000
77017  2.410  2.794  41.794 0.6250000000
76910  -21.369  3.609  48.238 0.6250000000
78122  -22.374  4.718  48.200 0.5000000000
77032  1.842  3.068  41.160 0.5000000000
78131  -22.319  4.487  47.295 0.5000000000
157286  2.033  2.627  40.487 0.5000000000
77033  1.132  3.332  40.430 0.5000000000
78142  -22.979  4.699  46.592 0.6250000000
77046  0.803  3.228  39.360 0.5000000000
77063  0.402  3.068  38.646 0.5000000000
75941  -0.184  2.426  37.519 0.2500000000
75955  -0.742  2.150  37.146 0.1250000000
74847  -1.421  1.898  36.925 0.1250000000
74848  -1.905  1.353  36.714 0.1250000000
73738  -2.474  0.520  36.619 0.1250000000
77034  0.147  3.778  40.009 0.2500000000
77064  -0.332  3.045  38.237 0.2500000000
77048  -0.945  3.527  38.987 0.2500000000
75942  -1.312  2.282  37.404 0.1250000000
75943  -1.948  2.157  37.569 0.1250000000
73717  -2.860  1.052  37.285 0.1250000000
73739  -3.465  0.213  36.941 0.1250000000
72619  -5.574  -0.078  37.042 0.1250000000
81356  -25.015  7.546  51.207 0.3750000000
80309  -24.809  6.943  50.484 0.3750000000
79303  2.105  5.490  44.741 0.5000000000
78199  1.619  4.567  42.555 0.6250000000
78184  2.052  4.373  43.331 0.5000000000
79254  -24.709  6.117  48.433 0.3750000000
141502  -23.165  5.164  47.484 0.5000000000
79271  -23.890  5.638  48.040 0.5000000000
78215  1.160  4.714  41.948 0.3750000000
136107  -23.871  5.055  46.644 0.6250000000
78253  -1.608  4.095  39.709 0.2500000000
75928  -1.670  2.583  37.917 0.1250000000
76936  -22.825  4.369  45.910 0.7500000000
77047  -0.017  3.555  39.056 0.2500000000
77065  -1.302  3.065  38.333 0.1250000000
144454  -2.237  1.703  37.318 0.1250000000
141364  -3.478  1.366  37.812 0.1250000000
73718  -3.969  0.689  37.498 0.1250000000
73740  -4.532  0.009  37.004 0.1250000000
76950  -23.143  4.256  45.244 0.6250000000
78143  -23.597  4.607  45.932 0.6250000000
75930  -3.552  2.499  38.469 0.1250000000
74833  -5.100  1.845  38.300 0.1250000000
73719  -5.039  0.582  37.491 0.1250000000
73720  -6.000  0.601  37.421 0.1250000000
76968  -23.497  4.070  44.498 0.8750000000
76967  -22.621  3.764  44.654 0.8750000000
74834  -6.015  1.895  38.102 0.1250000000
75854  -22.985  3.494  43.916 0.7500000000
75877  -22.772  2.615  42.664 0.5000000000
141081  -23.335  3.267  43.127 0.7500000000
157111  -25.519  7.336  50.653 0.3750000000
78169  2.020  4.986  44.011 0.5000000000
80326  -25.357  6.702  49.185 0.3750000000
81375  -26.232  7.475  50.507 0.3750000000
79311  1.639  5.237  43.285 0.2500000000
79255  -25.748  6.285  48.289 0.2500000000
79320  1.174  5.659  42.541 0.3750000000
80420  0.987  6.648  42.233 0.3750000000
79330  0.762  5.739  41.942 0.3750000000
79273  -25.547  5.489  47.156 0.5000000000
79272  -24.751  5.633  47.546 0.5000000000
80421  0.504  6.639  41.807 0.3750000000
78216  0.530  4.770  41.558 0.3750000000
79331  0.151  5.747  41.602 0.2500000000
78235  0.248  4.063  40.921 0.2500000000
78133  -24.872  5.195  46.748 0.6250000000
80422  -0.266  6.609  41.557 0.2500000000
157260  -0.682  5.759  41.367 0.2500000000
78236  -0.537  4.352  40.564 0.2500000000
77066  -2.232  3.018  38.571 0.1250000000
75929  -2.516  2.483  38.217 0.1250000000
78158  -24.158  4.445  45.233 0.6250000000
150127  -25.213  4.886  46.187 0.6250000000
76899  -30.991  3.887  49.242 0.5000000000
76880  -31.899  3.762  50.260 0.5000000000
76881  -32.676  3.751  50.701 0.2500000000
76863  -34.095  4.426  50.761 0.2500000000
79345  -1.031  5.055  40.967 0.2500000000
78237  -1.333  4.557  40.385 0.2500000000
78238  -2.219  4.831  40.306 0.1250000000
78254  -2.481  4.193  39.669 0.1250000000
77067  -3.207  3.075  38.731 0.1250000000
77068  -4.244  3.218  38.819 0.1250000000
74832  -4.015  1.867  38.252 0.1250000000
76969  -24.341  4.264  44.398 0.7500000000
76924  -30.580  3.443  47.561 0.5000000000
76913  -30.788  3.665  48.408 0.5000000000
76900  -31.527  3.382  49.594 0.5000000000
76901  -32.296  3.037  50.032 0.5000000000
75795  -33.292  2.984  50.418 0.3750000000
76883  -34.546  3.879  50.548 0.3750000000
79368  -2.938  4.768  39.978 0.1250000000
77051  -3.776  3.765  39.220 0.1250000000
76985  -23.797  3.837  43.783 0.8750000000
138091  -30.833  2.667  47.200 0.6250000000
75824  -31.060  2.958  47.979 0.5000000000
75806  -31.930  2.486  49.152 0.5000000000
139045  -32.858  2.311  49.698 0.3750000000
75807  -33.943  2.226  50.037 0.3750000000
79369  -3.587  5.071  39.801 0.1250000000
79348  -3.847  5.958  39.908 0.1250000000
76987  -25.259  4.237  43.458 0.8750000000
75842  -29.854  3.003  45.632 0.6250000000
75818  -32.616  1.840  49.014 0.5000000000
75819  -33.453  1.637  49.299 0.3750000000
77008  -25.394  3.846  42.610 0.8750000000
76988  -26.001  4.273  43.261 0.8750000000
76990  -28.340  3.978  43.556 0.6250000000
75855  -28.966  3.722  44.302 0.5000000000
139716  -29.945  2.568  45.004 0.5000000000
77009  -26.438  3.925  42.534 0.8750000000
77010  -27.523  3.997  42.772 0.8750000000
80342  -26.426  6.772  48.903 0.2500000000
79256  -26.685  6.239  48.159 0.2500000000
79287  -26.322  5.442  46.946 0.3750000000
155284  -26.098  5.804  47.590 0.2500000000
79230  -31.854  5.630  50.774 0.3750000000
154011  -32.095  6.214  50.717 0.2500000000
79231  -32.590  5.644  50.784 0.2500000000
79286  -25.740  5.144  46.525 0.6250000000
78108  -30.944  4.749  49.641 0.3750000000
79240  -30.799  5.612  49.932 0.3750000000
79214  -33.525  5.641  50.296 0.2500000000
78088  -31.285  5.077  50.415 0.3750000000
144023  -32.494  5.132  50.924 0.2500000000
157132  -33.271  5.437  50.592 0.2500000000
78091  -33.588  4.609  50.885 0.2500000000
79232  -34.216  5.184  50.261 0.2500000000
78172  -24.870  4.424  44.962 0.6250000000
137091  -25.763  4.792  45.913 0.6250000000
78124  -30.208  5.149  48.288 0.5000000000
78125  -30.698  4.492  48.773 0.5000000000
78109  -31.331  4.215  50.092 0.5000000000
78090  -32.934  4.503  50.981 0.2500000000
157281  -34.630  4.627  50.157 0.2500000000
80423  -1.133  6.539  41.387 0.2500000000
79332  -1.473  5.762  41.160 0.1250000000
79346  -1.679  5.163  40.781 0.2500000000
78160  -25.574  4.547  45.190 0.6250000000
78161  -26.405  4.734  45.486 0.6250000000
78162  -27.427  4.936  45.609 0.5000000000
78147  -28.464  5.037  45.993 0.5000000000
78136  -29.800  4.851  47.367 0.5000000000
80439  -1.924  6.473  41.178 0.1250000000
144835  -2.200  5.690  40.823 0.1250000000
80440  -2.657  6.494  40.792 0.1250000000
78173  -25.212  4.400  44.321 0.7500000000
78174  -26.226  4.534  44.657 0.6250000000
155885  -26.988  4.690  45.071 0.7500000000
76951  -28.325  4.718  45.356 0.5000000000
76937  -29.531  3.705  45.741 0.5000000000
75830  -29.901  3.482  46.253 0.6250000000
74693  -34.461  1.606  49.428 0.3750000000
80441  -3.416  6.647  40.374 0.1250000000
78188  -25.815  4.412  43.918 0.6250000000
78175  -27.183  4.589  44.465 0.7500000000
76970  -27.825  4.702  44.954 0.5000000000
76953  -29.372  3.459  45.075 0.5000000000
76938  -30.338  3.121  46.760 0.6250000000
74705  -34.063  1.010  48.819 0.3750000000
78189  -26.530  4.467  43.889 0.7500000000
133948  -28.140  4.391  44.321 0.6250000000
73553  -34.311  1.060  47.292 0.3750000000
157138  -30.392  6.070  49.489 0.3750000000
80330  -30.492  6.599  50.039 0.3750000000
80313  -31.518  6.613  50.524 0.2500000000
81365  -32.252  7.024  50.151 0.2500000000
80345  -29.204  6.448  48.751 0.3750000000
79259  -29.994  5.978  48.815 0.3750000000
79229  -31.149  6.114  50.376 0.3750000000
80315  -33.124  6.366  49.900 0.2500000000
78145  -26.578  5.090  46.233 0.5000000000
79288  -27.165  5.455  46.834 0.5000000000
79275  -27.824  5.778  47.410 0.3750000000
79277  -29.384  5.705  47.897 0.3750000000
80332  -34.349  6.300  49.304 0.1250000000
79242  -35.060  4.372  49.334 0.2500000000
78146  -27.494  5.243  46.242 0.5000000000
79276  -28.608  5.721  47.356 0.5000000000
78107  -30.608  5.357  49.121 0.3750000000
76884  -34.968  3.886  50.071 0.2500000000
81473  -1.583  7.263  41.255 0.2500000000
78135  -29.030  5.306  46.879 0.5000000000
75797  -35.107  3.146  50.088 0.3750000000
76902  -35.390  3.060  49.442 0.1250000000
75809  -35.307  2.548  49.489 0.2500000000
73537  -34.619  1.012  48.191 0.2500000000
149823  -35.294  1.518  48.713 0.2500000000
73570  -33.909  1.221  46.322 0.6250000000
73554  -34.876  1.162  47.429 0.2500000000
80311  -29.956  7.550  50.314 0.3750000000
80312  -30.732  7.296  50.385 0.3750000000
149798  -31.817  6.876  50.507 0.2500000000
156429  -29.765  6.806  49.621 0.3750000000
81381  -32.904  7.292  49.498 0.1250000000
80331  -34.006  6.970  49.446 0.1250000000
79241  -34.568  5.158  49.733 0.1250000000
78111  -35.256  3.615  49.466 0.1250000000
78127  -35.485  3.492  48.704 0.1250000000
76914  -35.668  3.041  48.732 0.1250000000
74695  -35.370  2.073  48.841 0.2500000000
76903  -35.703  2.723  48.568 0.1250000000
74707  -35.549  1.724  48.326 0.1250000000
156561  -33.395  1.227  45.493 0.6250000000
73591  -34.147  1.342  45.681 0.6250000000
73571  -34.779  1.283  46.667 0.5000000000
73610  -33.116  0.966  44.749 0.6250000000
153520  -35.181  1.486  45.877 0.6250000000
81393  -32.728  8.059  49.032 0.1250000000
81410  -33.721  7.324  48.521 0.1250000000
80346  -34.187  7.120  49.030 0.1250000000
79260  -34.189  6.384  48.493 0.1250000000
73572  -35.503  1.454  46.857 0.2500000000
74719  -35.811  1.671  47.695 0.2500000000
74720  -36.407  2.068  47.174 0.2500000000
73592  -36.076  1.678  46.285 0.2500000000
72533  -33.345  0.903  43.911 0.6250000000
134664  -34.144  1.376  44.879 0.6250000000
72558  -32.198  -0.077  42.506 0.6250000000
72545  -32.703  0.315  43.166 0.6250000000
140073  -33.818  1.255  43.541 0.6250000000
74732  -36.668  1.919  46.477 0.2500000000
74733  -37.129  2.359  46.588 0.2500000000
74743  -36.659  1.913  45.813 0.2500000000
74744  -37.251  1.996  45.878 0.2500000000
73611  -34.175  1.426  44.161 0.6250000000
73612  -34.987  1.666  44.790 0.5000000000
74742  -35.900  1.865  45.467 0.3750000000
72560  -33.186  0.786  42.387 0.6250000000
72546  -33.267  0.768  43.036 0.6250000000
73630  -33.817  1.286  43.026 0.6250000000
74754  -35.614  2.025  44.580 0.5000000000
72571  -33.190  0.788  41.896 0.6250000000
73661  -34.279  1.793  42.531 0.6250000000
74765  -35.262  2.041  43.798 0.6250000000
73675  -33.582  1.230  41.031 0.6250000000
73660  -33.591  1.288  41.822 0.6250000000
74767  -36.944  2.366  44.654 0.2500000000
74756  -37.146  2.145  45.349 0.2500000000
75858  -37.756  2.454  45.535 0.2500000000
74779  -35.799  2.452  43.356 0.5000000000
74766  -36.130  2.292  44.315 0.3750000000
75871  -37.535  2.764  44.320 0.2500000000
73645  -34.417  1.705  43.149 0.5000000000
73674  -33.280  0.345  40.461 0.5000000000
73688  -33.624  1.286  40.174 0.6250000000
74841  -34.109  2.137  38.930 0.7500000000
75936  -34.321  2.946  38.670 0.6250000000
156021  -37.579  2.414  44.922 0.2500000000
75870  -36.733  2.660  43.877 0.5000000000
74778  -35.092  2.327  42.550 0.6250000000
75884  -36.657  2.967  42.987 0.5000000000
154008  -37.667  3.786  43.270 0.3750000000
74792  -34.344  2.087  41.663 0.6250000000
75897  -35.366  2.779  41.756 0.6250000000
74808  -34.180  2.048  40.613 0.7500000000
74824  -34.159  2.046  39.736 0.6250000000
75948  -34.045  3.299  37.992 0.7500000000
77075  -34.649  3.637  38.436 0.7500000000
77085  -34.448  3.945  37.771 0.8750000000
76992  -38.138  3.460  44.112 0.2500000000
76991  -37.340  3.180  43.520 0.3750000000
136651  -37.177  3.584  42.725 0.3750000000
148491  -34.943  2.758  40.923 0.6250000000
75910  -35.415  3.338  40.307 0.5000000000
75911  -35.723  3.339  41.120 0.6250000000
153429  -36.036  3.249  41.787 0.6250000000
77040  -36.087  3.938  40.570 0.5000000000
154517  -34.818  3.305  38.998 0.6250000000
138719  -35.177  3.962  38.974 0.5000000000
77086  -34.939  4.257  38.178 0.7500000000
78292  -35.046  4.663  38.018 0.8750000000
78291  -34.714  4.509  37.639 0.7500000000
80504  -35.670  6.619  38.145 0.6250000000
80503  -35.184  6.221  37.633 0.7500000000
81511  -35.975  7.635  37.650 0.7500000000
81518  -36.002  7.978  36.710 0.7500000000
77041  -36.700  4.292  41.193 0.5000000000
75898  -36.396  3.717  41.449 0.5000000000
78262  -35.622  4.488  39.332 0.5000000000
77058  -35.988  4.362  39.962 0.5000000000
78246  -36.981  4.895  41.061 0.5000000000
78275  -35.686  5.116  39.036 0.7500000000
78263  -36.098  4.938  39.792 0.5000000000
79399  -35.741  5.777  38.668 0.6250000000
80484  -36.143  6.450  38.834 0.6250000000
82429  -36.401  8.141  38.038 0.6250000000
82446  -36.419  8.718  36.167 0.7500000000
82440  -36.354  8.454  37.077 0.6250000000
82456  -36.583  8.881  35.370 0.7500000000
79380  -36.388  5.867  39.538 0.5000000000
143190  -36.926  6.628  39.931 0.5000000000
81503  -36.710  7.748  38.915 0.5000000000
80485  -36.589  6.864  39.258 0.5000000000
81502  -36.237  7.238  38.496 0.6250000000
82430  -36.891  8.628  38.457 0.5000000000
82441  -36.739  8.929  37.478 0.5000000000
82447  -36.761  9.169  36.529 0.6250000000
82470  -37.163  9.407  34.864 0.7500000000
82457  -36.909  9.339  35.649 0.7500000000
83368  -37.348  9.710  36.028 0.7500000000
83403  -38.298  10.204  34.912 0.7500000000
83356  -37.251  9.534  36.919 0.5000000000
83343  -37.280  9.368  37.882 0.5000000000
83369  -37.856  10.038  36.455 0.6250000000
149009  -38.316  10.334  36.873 0.2500000000
84990  -39.182  10.955  38.073 0.1250000000
84155  -38.852  10.428  35.427 0.6250000000
84139  -38.598  10.432  36.200 0.5000000000
147611  -39.083  10.789  37.012 0.2500000000
83404  -38.703  10.174  34.288 0.6250000000
84172  -38.985  10.370  34.791 0.5000000000
84140  -39.524  10.732  36.070 0.3750000000
84190  -39.954  10.501  33.609 0.3750000000
84174  -40.235  10.625  34.375 0.3750000000
84192  -41.766  10.414  33.809 0.3750000000
84176  -42.413  10.747  34.422 0.3750000000
155753  -39.735  11.097  37.585 0.1250000000
85009  -40.690  11.415  37.063 0.1250000000
153523  -40.255  10.863  35.782 0.2500000000
84141  -40.552  11.182  36.385 0.1250000000
85010  -41.348  11.567  36.642 0.1250000000
85011  -42.339  11.769  36.517 0.1250000000
84142  -40.960  11.136  35.771 0.3750000000
85024  -41.769  11.406  35.760 0.2500000000
84158  -42.114  11.192  35.061 0.1250000000
84159  -42.991  11.201  34.993 0.1250000000
84157  -41.347  10.999  35.117 0.3750000000
156455  -41.702  10.811  34.579 0.3750000000
84160  -43.979  11.101  34.937 0.1250000000
84177  -43.345  10.692  34.313 0.2500000000
84178  -44.323  10.600  34.199 0.1250000000
84195  -45.265  10.346  33.996 0.2500000000
149695  -45.110  10.979  34.817 0.1250000000
85026  -43.593  11.474  35.699 0.1250000000
150404  -44.579  11.409  35.676 0.1250000000
84179  -45.887  10.597  34.397 0.1250000000
84196  -46.063  10.165  33.823 0.1250000000
152932  -45.115  11.653  36.528 0.1250000000
84161  -46.105  11.141  34.933 0.1250000000
84180  -46.599  10.803  34.303 0.1250000000
84181  -47.112  10.989  33.974 0.1250000000
153069  -47.338  11.401  34.605 0.1250000000
85053  -47.854  11.668  33.986 0.1250000000
84199  -47.936  11.531  32.928 0.1250000000
86872  -49.926  13.288  33.429 0.1250000000
158627  -49.335  12.858  34.419 0.1250000000
85039  -48.175  11.932  35.032 0.1250000000
73492  2.454  0.817  50.987 0.8750000000
73476  2.842  1.067  51.868 0.8750000000
74614  -1.284  1.734  55.324 1.0000000000
73478  1.173  0.818  51.799 1.0000000000
73443  0.417  1.297  52.960 0.8750000000
138063  0.431  0.897  51.826 1.0000000000
74646  -0.299  1.434  53.584 1.0000000000
74661  -0.674  1.342  52.825 1.0000000000
74579  -2.346  1.442  58.070 1.0000000000
74632  -2.306  1.293  54.051 1.0000000000
72442  -3.287  -0.399  54.693 1.0000000000
71461  -3.352  -0.991  54.058 1.0000000000
72430  -3.135  0.359  54.620 1.0000000000
72443  -3.404  -0.061  53.934 1.0000000000
73444  -3.088  0.722  53.788 1.0000000000
57160  5.507  -14.364  60.645 0.1250000000
56103  5.419  -15.755  59.407 0.1250000000
145121  5.385  -13.774  61.371 0.1250000000
57148  5.502  -14.383  61.597 0.1250000000
58233  5.261  -13.417  60.731 0.1250000000
58259  5.368  -14.001  58.835 0.1250000000
56119  4.955  -15.947  57.640 0.1250000000
57210  5.002  -15.165  57.808 0.1250000000
57229  4.630  -15.296  56.996 0.1250000000
57249  3.695  -14.766  55.692 0.1250000000
56137  3.523  -15.495  55.195 0.1250000000
58315  3.592  -13.737  55.606 0.2500000000
56154  2.678  -15.347  54.395 0.3750000000
56168  2.562  -16.144  53.686 0.3750000000
58344  1.127  -13.337  53.787 0.3750000000
57289  0.763  -14.232  53.346 0.2500000000
58316  -0.516  -14.145  55.493 0.1250000000
58345  0.559  -13.596  53.113 0.2500000000
58367  -0.440  -13.484  51.565 0.3750000000
60349  -0.230  -10.934  50.830 0.5000000000
61293  -0.338  -10.753  50.001 0.5000000000
58218  5.052  -13.124  61.963 0.1250000000
155568  2.785  -13.470  61.838 0.1250000000
58220  2.760  -14.114  61.513 0.1250000000
142072  4.629  -14.583  57.352 0.1250000000
154219  3.655  -12.865  55.694 0.2500000000
58281  0.487  -13.344  56.937 0.1250000000
149952  2.274  -11.983  54.484 0.3750000000
150030  1.768  -12.597  54.274 0.3750000000
59330  0.643  -12.855  53.188 0.3750000000
61277  1.077  -10.031  51.921 0.5000000000
58335  -1.630  -14.174  54.358 0.1250000000
60365  -1.411  -11.698  49.184 0.5000000000
58414  -2.178  -13.142  48.891 0.3750000000
61306  -0.406  -10.642  49.244 0.5000000000
62403  0.799  -9.768  49.160 0.6250000000
61323  0.110  -10.219  48.820 0.6250000000
61324  -0.491  -10.557  48.637 0.6250000000
157447  1.358  -9.435  48.047 0.6250000000
59440  -2.538  -12.255  47.510 0.3750000000
60204  0.871  -10.412  59.324 0.2500000000
153252  4.939  -12.323  59.424 0.1250000000
59262  5.060  -12.453  60.698 0.1250000000
59232  4.186  -12.124  62.101 0.1250000000
59252  1.801  -12.546  61.184 0.2500000000
60202  1.235  -11.823  60.861 0.2500000000
59276  1.078  -12.397  59.292 0.2500000000
58245  1.265  -13.449  59.078 0.1250000000
60255  4.077  -11.933  56.774 0.3750000000
58262  0.786  -12.978  57.743 0.1250000000
158611  3.031  -12.459  55.196 0.3750000000
141110  3.269  -12.161  55.335 0.3750000000
61222  2.861  -10.440  55.252 0.5000000000
61235  2.484  -10.745  54.725 0.6250000000
59303  -0.189  -12.373  56.213 0.1250000000
62357  1.656  -9.524  52.361 0.5000000000
61291  0.998  -9.801  50.949 0.5000000000
62373  1.716  -9.386  51.355 0.5000000000
62419  2.287  -9.020  49.097 0.6250000000
65833  2.620  -7.129  48.872 0.7500000000
65841  2.499  -6.995  47.830 0.7500000000
62441  1.717  -9.268  47.467 0.6250000000
64640  2.588  -7.832  46.452 0.6250000000
59425  -2.366  -12.718  48.154 0.3750000000
61347  -0.673  -10.322  47.518 0.5000000000
136262  2.134  -9.097  46.751 0.6250000000
64439  -0.879  -7.447  62.823 0.7500000000
153316  2.573  -10.184  62.183 0.5000000000
60191  3.874  -10.945  61.916 0.3750000000
60172  2.947  -11.464  62.240 0.2500000000
60173  2.218  -11.390  62.112 0.3750000000
60228  4.710  -11.925  58.467 0.2500000000
61181  4.102  -10.566  57.832 0.5000000000
61196  3.872  -11.126  56.942 0.3750000000
61209  3.591  -10.846  56.159 0.6250000000
157843  2.807  -9.704  55.468 0.6250000000
62321  2.770  -8.956  55.468 0.6250000000
63446  2.902  -8.498  54.743 0.6250000000
61236  2.170  -10.871  54.386 0.3750000000
61248  2.050  -10.150  54.177 0.5000000000
63473  2.875  -8.033  52.568 0.5000000000
63474  2.469  -8.534  52.119 0.5000000000
64599  2.847  -7.670  50.584 0.6250000000
67166  1.259  -5.901  46.942 0.6250000000
65866  1.890  -6.435  46.416 0.6250000000
62462  2.054  -9.155  45.825 0.6250000000
65882  1.892  -6.386  45.387 0.6250000000
143421  -0.202  -9.689  46.267 0.5000000000
149734  1.221  -5.968  63.399 1.0000000000
65704  4.497  -6.137  60.151 0.8750000000
63368  4.556  -8.590  60.046 0.7500000000
63414  3.420  -8.880  57.571 0.8750000000
149114  3.183  -9.526  56.913 0.6250000000
63426  2.555  -7.616  57.146 0.6250000000
133779  2.857  -6.605  56.533 0.6250000000
143157  3.779  -5.682  55.848 0.6250000000
65794  3.266  -6.632  52.340 0.5000000000
64588  2.938  -7.539  51.245 0.5000000000
151642  2.079  -6.182  49.348 0.7500000000
67123  -0.255  -5.383  49.122 0.7500000000
67135  -0.040  -5.501  48.348 0.6250000000
62484  1.237  -9.432  45.640 0.5000000000
62483  1.954  -9.232  44.858 0.6250000000
137479  -1.127  -9.505  44.917 0.3750000000
66970  1.812  -5.557  62.931 1.0000000000
66957  1.128  -4.964  63.447 1.0000000000
65690  3.531  -6.501  61.783 1.0000000000
65691  3.488  -5.514  61.838 1.0000000000
66969  2.644  -5.047  62.445 1.0000000000
68238  2.595  -3.915  62.394 1.0000000000
68228  2.055  -3.282  63.062 1.0000000000
159128  3.674  -7.901  61.514 0.8750000000
69433  3.280  -2.794  60.342 1.0000000000
68270  3.987  -4.734  59.463 0.8750000000
70463  2.719  -2.607  60.109 1.0000000000
68252  -4.348  -4.104  61.716 1.0000000000
141578  4.355  -5.753  59.493 0.8750000000
147571  4.906  -6.835  58.793 0.8750000000
66996  3.534  -4.951  58.596 0.8750000000
68282  2.807  -4.218  58.431 0.8750000000
69439  1.003  -3.371  59.198 1.0000000000
64513  4.052  -7.397  59.477 0.7500000000
157119  3.793  -5.623  58.274 0.8750000000
67019  3.836  -5.134  56.901 0.7500000000
68291  3.482  -4.892  57.228 0.7500000000
62285  4.094  -8.947  58.260 0.7500000000
64514  3.109  -7.419  58.205 0.8750000000
65767  3.451  -6.677  55.398 0.6250000000
67044  2.536  -5.142  53.813 0.6250000000
137683  3.277  -5.754  53.721 0.5000000000
67057  1.717  -5.071  53.255 0.6250000000
67075  2.721  -5.829  51.488 0.5000000000
136252  2.282  -5.776  50.830 0.7500000000
65808  2.807  -6.276  50.900 0.6250000000
67110  0.976  -5.536  50.283 0.7500000000
67094  -0.169  -5.085  51.118 0.7500000000
67169  -1.040  -5.171  46.269 0.6250000000
63575  2.196  -9.079  44.088 0.6250000000
62537  -0.684  -9.121  43.567 0.5000000000
140753  3.119  -3.411  61.759 1.0000000000
69408  1.794  -2.734  62.874 1.0000000000
69425  2.960  -2.766  61.262 1.0000000000
144841  1.105  -2.740  61.096 1.0000000000
70465  0.759  -2.921  59.851 1.0000000000
158073  1.985  -4.150  57.581 1.0000000000
69444  0.652  -3.443  58.350 1.0000000000
70475  -1.513  -2.190  58.366 1.0000000000
68261  -3.932  -5.012  60.703 0.7500000000
70487  -1.137  -2.732  57.890 1.0000000000
153312  2.378  -4.432  55.323 0.7500000000
69485  0.374  -3.948  56.002 1.0000000000
156005  0.987  -4.788  53.393 1.0000000000
68366  0.255  -4.685  53.107 0.8750000000
68412  -2.232  -4.185  49.216 0.7500000000
140813  -0.403  -5.149  44.774 0.6250000000
65939  2.463  -6.641  42.668 0.6250000000
63592  2.361  -8.667  42.773 0.6250000000
63594  1.425  -9.039  42.880 0.5000000000
70440  0.416  -2.360  63.123 1.0000000000
70438  -1.066  -2.341  63.498 1.0000000000
71389  1.194  -2.811  62.224 1.0000000000
145056  -3.109  -1.665  64.412 1.0000000000
72378  -0.415  -0.852  62.147 1.0000000000
71401  -1.009  -0.993  60.616 1.0000000000
71400  -0.444  -1.236  60.932 1.0000000000
69418  -4.344  -3.234  62.125 1.0000000000
69427  -5.103  -2.691  61.060 1.0000000000
68302  1.267  -4.034  56.232 0.8750000000
71434  -2.530  -1.136  57.535 1.0000000000
69434  -4.821  -3.703  60.105 0.8750000000
70499  -2.450  -2.093  56.344 1.0000000000
67009  -3.598  -4.909  58.722 0.5000000000
143097  -2.736  -2.218  54.976 1.0000000000
68283  -4.254  -4.517  58.024 0.6250000000
68347  -0.440  -4.399  53.548 0.8750000000
68334  -1.093  -4.065  54.021 0.8750000000
69501  -2.342  -3.209  54.063 0.8750000000
68385  -1.421  -4.398  51.463 0.7500000000
69536  -2.057  -3.944  51.893 0.7500000000
68386  -2.146  -4.030  51.015 0.7500000000
68497  -1.624  -4.681  43.227 0.6250000000
68508  -1.426  -4.713  42.459 0.6250000000
63611  2.503  -8.246  41.393 0.5000000000
63595  -1.154  -8.791  42.983 0.1250000000
140601  -1.324  -1.673  62.752 1.0000000000
73378  -0.753  0.168  62.668 1.0000000000
72390  -0.966  -0.396  61.372 1.0000000000
70467  -5.352  -2.708  59.471 0.7500000000
69545  -3.358  -2.959  50.601 0.7500000000
70636  -3.863  -2.608  43.999 0.7500000000
69643  -3.021  -3.856  42.364 0.7500000000
144058  -1.596  -4.577  41.891 0.6250000000
67253  0.089  -5.349  41.592 0.6250000000
154924  0.712  -8.438  40.761 0.1250000000
73354  -0.915  -0.186  63.163 1.0000000000
73386  -1.135  0.399  61.887 1.0000000000
70459  -5.309  -1.968  60.644 1.0000000000
73399  -2.173  0.667  59.263 1.0000000000
72403  -2.582  -0.239  57.961 1.0000000000
74546  -16.329  1.897  60.529 0.7500000000
71460  -3.120  -1.329  54.838 1.0000000000
71472  -3.338  -1.648  53.389 0.8750000000
71483  -3.525  -1.163  52.435 0.8750000000
157613  -3.530  -1.986  51.715 0.8750000000
70549  -3.459  -2.538  51.059 0.8750000000
73583  -3.079  0.489  45.804 0.8750000000
134395  -2.374  0.570  46.050 0.8750000000
73582  -1.812  0.542  45.472 0.8750000000
73604  -4.091  0.024  44.708 0.8750000000
73603  -3.288  0.266  44.498 0.8750000000
151860  -2.610  0.153  43.141 0.7500000000
71565  -4.323  -1.223  43.669 0.8750000000
71571  -4.149  -1.370  42.974 0.8750000000
73622  -3.241  0.038  43.588 0.7500000000
149755  -4.364  -1.772  44.918 0.7500000000
71578  -3.983  -1.204  42.235 0.7500000000
70620  -4.172  -2.066  45.672 0.7500000000
69624  -3.613  -3.175  44.636 0.7500000000
69665  -2.997  -3.232  40.980 0.7500000000
145997  0.493  -5.250  40.135 0.6250000000
63655  1.802  -8.048  40.063 0.3750000000
63656  1.092  -8.293  40.104 0.2500000000
75693  -3.049  2.371  63.137 1.0000000000
75687  -2.306  1.744  63.386 1.0000000000
76757  -1.200  2.715  61.878 1.0000000000
74566  -1.127  2.074  61.519 1.0000000000
74567  -1.461  1.417  60.854 1.0000000000
71413  -5.799  -1.078  59.263 0.6250000000
71422  -6.156  -0.623  57.917 0.7500000000
71421  -5.828  -1.208  58.363 0.7500000000
75707  -13.841  2.349  60.768 0.7500000000
77941  -15.803  3.127  60.798 0.8750000000
79113  -17.313  3.858  59.954 0.7500000000
72419  -2.877  -0.550  56.028 1.0000000000
153122  -0.682  0.546  48.654 0.8750000000
134399  -1.378  0.620  47.028 0.8750000000
73564  -2.993  0.505  46.530 0.8750000000
72518  -4.190  -0.185  46.416 0.8750000000
73601  -1.333  0.503  44.813 0.7500000000
140881  -4.362  -1.352  46.025 0.7500000000
73639  -3.172  -0.128  42.759 0.7500000000
71588  -3.703  -1.370  41.353 0.6250000000
69664  -2.504  -3.558  40.308 0.7500000000
68547  -1.869  -3.924  39.811 0.6250000000
68533  -1.164  -4.442  40.261 0.6250000000
148057  -1.098  2.796  60.887 1.0000000000
73388  -5.719  0.762  60.282 0.8750000000
75716  -1.193  2.683  60.420 1.0000000000
156533  -6.597  0.254  57.357 0.7500000000
73401  -6.168  0.429  58.617 0.6250000000
72398  -5.915  -0.191  59.067 0.7500000000
74578  -2.029  2.079  58.630 1.0000000000
153099  -6.494  -0.296  56.764 0.7500000000
74575  -13.196  1.866  58.813 0.5000000000
73479  -0.370  0.992  51.567 1.0000000000
74687  3.693  1.846  49.808 0.7500000000
155045  -3.212  0.417  51.421 0.8750000000
71499  -3.763  -0.569  50.613 0.8750000000
72575  -3.122  -0.468  40.980 0.6250000000
71600  -3.456  -1.618  40.603 0.6250000000
70664  -3.012  -2.601  39.560 0.6250000000
69690  -1.830  -3.075  37.697 0.6250000000
141389  -5.938  0.926  59.432 0.8750000000
76764  -1.056  3.588  60.047 0.7500000000
76779  0.707  3.315  58.081 0.7500000000
75723  -1.424  2.712  59.168 1.0000000000
74586  -2.076  2.036  57.774 0.8750000000
75729  -0.432  2.956  58.524 0.8750000000
75737  -0.442  2.619  57.832 0.8750000000
161128  -11.709  3.065  55.402 0.7500000000
74617  -12.769  1.494  55.757 0.7500000000
75740  -12.737  2.245  57.091 0.7500000000
75739  -12.340  2.819  57.692 0.7500000000
74589  -12.861  2.274  58.074 0.6250000000
73456  3.612  1.419  53.062 0.8750000000
153533  -2.698  0.746  56.870 0.8750000000
134524  -1.379  1.969  56.131 0.8750000000
75770  -12.268  2.226  53.385 0.6250000000
75777  3.890  2.379  53.032 0.7500000000
73440  3.234  1.370  53.542 0.8750000000
73459  0.883  1.069  52.382 1.0000000000
73441  2.362  1.260  53.265 0.8750000000
73422  -2.693  0.856  55.392 0.8750000000
146872  -12.778  0.773  53.403 0.5000000000
74615  -2.175  1.376  54.899 1.0000000000
74663  -2.484  1.146  52.612 1.0000000000
74662  -1.710  1.347  52.707 1.0000000000
73463  -3.273  0.354  52.345 1.0000000000
73481  -2.047  1.194  52.050 1.0000000000
75821  3.393  2.380  48.300 0.7500000000
73638  -2.261  0.164  42.319 0.8750000000
72588  -2.412  -0.831  39.597 0.6250000000
70673  -2.930  -2.145  39.126 0.6250000000
71625  -2.443  -1.972  38.466 0.6250000000
68580  1.024  -4.326  36.725 0.3750000000
68609  1.626  -4.157  34.981 0.1250000000
76836  0.907  2.998  52.607 0.6250000000
134161  -0.036  3.426  52.828 0.6250000000
136561  1.408  3.118  54.200 0.6250000000
143904  1.669  3.299  55.114 0.6250000000
140620  -0.372  4.039  59.114 0.8750000000
77975  0.363  4.053  58.449 0.7500000000
75757  3.157  2.526  54.149 0.6250000000
75756  3.312  2.276  54.994 0.6250000000
74611  2.463  1.996  55.736 0.6250000000
74596  0.871  2.068  56.503 0.7500000000
72420  -6.561  -0.201  55.986 0.6250000000
145137  -6.719  1.640  56.488 0.7500000000
158044  3.871  2.278  53.800 0.7500000000
74609  3.464  1.945  55.126 0.7500000000
74629  1.096  1.499  54.718 0.8750000000
74643  3.423  1.598  54.302 0.7500000000
74612  1.053  1.705  55.624 0.8750000000
74585  0.474  2.371  57.158 0.8750000000
76866  3.206  3.493  51.736 0.5000000000
160636  0.099  1.504  54.265 0.8750000000
73414  -2.833  0.411  56.165 1.0000000000
72444  -7.155  -0.890  54.753 0.3750000000
76826  -11.579  3.590  53.209 0.5000000000
147832  3.676  3.970  49.739 0.5000000000
73449  -20.177  1.102  53.747 0.7500000000
73579  1.898  0.595  45.461 0.6250000000
73666  -1.564  0.162  40.665 0.6250000000
73683  -1.835  -0.146  39.894 0.6250000000
72587  -1.634  -0.566  39.212 0.6250000000
74600  -6.727  1.093  57.141 0.7500000000
76852  -0.389  3.477  51.321 0.5000000000
72451  -7.171  -0.433  53.394 0.3750000000
157192  -6.756  1.157  53.534 0.3750000000
76890  -10.346  3.459  49.481 0.3750000000
75801  -10.315  2.839  49.010 0.2500000000
78054  -11.260  4.264  52.673 0.5000000000
75802  -11.194  2.471  49.126 0.3750000000
146056  2.806  4.737  51.679 0.5000000000
150207  -7.261  -1.504  52.314 0.1250000000
159959  3.132  2.501  47.525 0.6250000000
75783  -20.900  2.632  52.944 0.8750000000
76831  -21.286  3.183  53.209 0.8750000000
73599  1.009  0.567  44.029 0.7500000000
73484  -20.115  0.600  51.831 0.6250000000
74677  -20.322  1.569  51.901 0.7500000000
73637  0.039  0.401  42.105 0.6250000000
135120  -0.118  -0.405  38.013 0.6250000000
71653  1.248  -1.374  35.655 0.3750000000
74665  -7.006  1.817  52.371 0.2500000000
74688  -8.876  1.800  49.283 0.1250000000
71513  -7.459  -1.486  49.670 0.1250000000
73500  -8.482  0.978  49.651 0.1250000000
147671  3.385  3.760  48.771 0.6250000000
78037  -22.188  4.974  54.868 0.6250000000
155735  2.586  2.597  45.307 0.6250000000
150130  -20.404  2.051  51.126 0.8750000000
72599  0.845  -0.050  38.165 0.5000000000
141505  0.665  0.596  38.743 0.5000000000
72636  1.496  -0.001  36.210 0.2500000000
70725  0.913  -2.653  34.250 0.1250000000
71684  1.730  -1.571  34.246 0.1250000000
79243  4.147  5.446  50.350 0.5000000000
155212  2.610  4.739  47.260 0.5000000000
79192  -23.075  6.381  53.462 0.3750000000
73597  2.406  0.906  44.194 0.7500000000
75851  2.688  1.880  44.710 0.7500000000
76878  -21.287  3.437  50.176 0.8750000000
71666  2.598  -0.598  34.567 0.2500000000
73716  1.647  0.533  36.893 0.2500000000
134174  2.218  0.598  34.980 0.2500000000
152805  2.504  -0.360  34.319 0.2500000000
71685  0.120  -1.809  34.201 0.1250000000
75917  0.893  2.501  38.918 0.5000000000
71687  -2.501  -1.927  34.571 0.1250000000
74846  1.163  1.282  37.424 0.2500000000
150289  0.203  1.224  35.083 0.1250000000
80276  -23.593  7.151  53.496 0.2500000000
145275  -23.500  6.678  52.967 0.2500000000
78069  -22.707  5.255  51.436 0.6250000000
149657  2.694  1.914  43.820 0.7500000000
147073  2.598  2.391  43.223 0.7500000000
159854  2.228  4.751  44.617 0.5000000000
74715  -20.086  1.777  47.894 0.7500000000
155170  2.836  2.103  41.324 0.8750000000
74864  -1.119  1.494  36.186 0.1250000000
72639  -2.096  -0.047  35.966 0.1250000000
147589  -1.731  -0.624  35.440 0.1250000000
72663  -2.584  -0.762  35.687 0.1250000000
80277  -24.173  7.848  53.267 0.2500000000
80299  -24.229  7.106  51.791 0.3750000000
80298  -23.757  6.376  51.394 0.3750000000
79238  -23.596  5.801  50.045 0.3750000000
77000  2.126  3.620  42.607 0.6250000000
79253  -23.727  5.831  49.022 0.2500000000
144243  -24.783  6.642  49.889 0.3750000000
77019  1.024  3.847  41.367 0.5000000000
77080  -0.902  2.628  37.671 0.1250000000
78252  -0.725  3.982  39.772 0.2500000000
77049  -1.895  3.547  39.070 0.1250000000
74849  -2.856  1.922  37.936 0.1250000000
148501  1.412  5.960  43.328 0.2500000000
136942  1.757  5.742  43.963 0.5000000000
161205  -25.371  5.858  47.761 0.2500000000
74850  -4.544  1.216  37.945 0.1250000000
75931  -4.653  2.570  38.529 0.1250000000
74851  -5.541  1.211  37.865 0.1250000000
75932  -5.608  2.616  38.383 0.1250000000
75866  -22.497  2.875  43.395 0.6250000000
156117  -22.036  2.123  42.909 0.5000000000
76986  -24.555  4.132  43.674 0.8750000000
78217  -0.276  4.875  41.237 0.2500000000
77050  -2.840  3.612  39.183 0.1250000000
78255  -3.306  4.297  39.596 0.1250000000
77007  -24.743  3.947  43.076 0.8750000000
135261  -26.756  4.316  43.224 0.7500000000
152330  -26.059  3.456  41.567 0.7500000000
77026  -27.129  3.582  41.794 0.8750000000
77011  -28.510  3.621  42.769 0.7500000000
79274  -26.913  5.766  47.484 0.2500000000
76912  -30.393  4.279  47.900 0.5000000000
78148  -29.443  4.429  46.349 0.5000000000
76923  -30.105  3.960  47.016 0.6250000000
76952  -29.024  4.316  45.515 0.5000000000
76971  -28.658  4.253  44.917 0.5000000000
78134  -28.109  5.482  46.743 0.5000000000
73573  -36.044  1.687  47.007 0.2500000000
73644  -33.673  1.309  42.456 0.6250000000
72582  -33.184  0.343  41.187 0.6250000000
75920  -34.557  2.735  39.343 0.6250000000
75883  -35.953  2.852  42.448 0.6250000000
77057  -35.630  3.903  39.753 0.5000000000
79415  -35.373  5.783  38.114 0.8750000000
81510  -35.491  7.163  37.290 0.7500000000
81494  -37.123  7.369  39.723 0.3750000000
83384  -37.558  9.837  35.195 0.6250000000
83385  -38.052  10.152  35.658 0.6250000000
83357  -37.785  9.953  37.320 0.3750000000
84131  -40.019  11.077  36.860 0.1250000000
84173  -39.437  10.424  34.300 0.3750000000
84156  -39.710  10.570  35.120 0.3750000000
84175  -41.050  10.712  34.455 0.3750000000
85025  -42.660  11.507  35.719 0.1250000000
84194  -43.703  10.207  33.603 0.2500000000
85040  -48.847  12.451  34.492 0.1250000000
85948  -50.021  12.970  33.342 0.1250000000
139497  -0.930  -13.203  50.875 0.2500000000
57344  -1.387  -13.955  50.369 0.3750000000
60229  0.900  -10.828  58.160 0.1250000000
61174  0.566  -9.835  58.702 0.1250000000
61183  0.255  -9.989  57.853 0.1250000000
144562  0.656  -11.430  57.680 0.1250000000
60242  0.343  -11.325  57.259 0.1250000000
60243  0.191  -10.901  57.021 0.1250000000
60244  -0.066  -10.479  56.488 0.1250000000
59295  0.028  -11.111  56.290 0.1250000000
60257  -0.449  -10.879  55.678 0.1250000000
62270  0.191  -9.207  58.857 0.1250000000
61175  0.168  -9.588  58.299 0.1250000000
61198  0.059  -10.214  57.320 0.1250000000
61199  -0.236  -9.685  56.648 0.1250000000
153486  -0.492  -10.106  55.690 0.1250000000
158932  -1.088  -9.832  55.100 0.1250000000
61224  -1.585  -10.075  54.615 0.1250000000
61223  -1.098  -10.557  55.095 0.1250000000
60288  -2.146  -11.435  54.434 0.1250000000
60274  -2.024  -10.776  54.241 0.1250000000
62258  -0.211  -8.429  59.187 0.2500000000
62286  -0.173  -8.843  58.493 0.2500000000
61184  -0.109  -9.373  57.709 0.2500000000
62302  -0.486  -8.566  56.611 0.1250000000
61210  -0.677  -9.250  55.625 0.2500000000
61211  -1.449  -9.176  54.971 0.1250000000
62322  -1.825  -9.195  54.607 0.1250000000
61237  -1.963  -10.058  54.117 0.1250000000
61250  -2.300  -10.047  53.511 0.1250000000
62358  -2.768  -9.759  52.671 0.1250000000
61265  -2.912  -10.652  53.014 0.1250000000
60322  -3.424  -11.416  52.546 0.1250000000
62359  -3.127  -8.920  52.038 0.1250000000
61386  -3.030  -10.888  45.758 0.1250000000
63371  -0.655  -7.722  59.688 0.3750000000
62287  -0.429  -8.296  57.900 0.2500000000
154042  -0.837  -7.445  57.125 0.2500000000
63427  -1.189  -7.859  55.858 0.2500000000
62312  -1.720  -8.399  55.118 0.1250000000
159871  -1.914  -8.047  55.107 0.1250000000
141949  -2.003  -9.509  54.097 0.1250000000
63462  -2.287  -8.386  53.873 0.1250000000
62343  -2.229  -9.263  53.596 0.1250000000
62344  -2.527  -8.716  52.905 0.1250000000
141980  -3.557  -9.786  51.771 0.1250000000
61279  -4.139  -10.635  51.516 0.1250000000
135064  -2.474  -10.061  45.338 0.1250000000
63370  -0.151  -8.141  60.020 0.3750000000
63386  -1.013  -7.160  59.459 0.5000000000
133931  -0.995  -7.027  58.825 0.2500000000
63385  -0.568  -7.863  58.849 0.2500000000
63428  -1.840  -7.655  55.420 0.1250000000
63416  -1.574  -7.057  56.165 0.1250000000
64538  -2.259  -6.829  55.652 0.1250000000
136129  -1.965  -8.388  54.908 0.1250000000
63447  -2.172  -8.031  54.651 0.1250000000
158041  -2.443  -7.601  54.177 0.1250000000
63463  -2.628  -7.672  53.195 0.1250000000
140495  -2.950  -8.168  52.384 0.1250000000
62513  -2.559  -9.641  44.585 0.1250000000
65705  -2.115  -6.424  60.106 0.6250000000
65706  -2.653  -5.921  59.751 0.6250000000
64499  -1.541  -6.673  59.373 0.5000000000
65734  -2.250  -5.958  57.955 0.2500000000
64515  -1.069  -6.929  58.047 0.2500000000
67020  -2.828  -5.548  57.552 0.3750000000
65746  -2.401  -5.920  56.961 0.2500000000
65758  -2.721  -6.004  56.122 0.2500000000
64528  -1.600  -6.531  57.289 0.2500000000
144511  -2.066  -6.415  56.336 0.1250000000
65769  -3.265  -5.684  55.453 0.1250000000
64549  -2.475  -6.817  55.309 0.1250000000
64550  -2.807  -6.337  55.059 0.1250000000
64558  -2.460  -7.190  54.812 0.1250000000
157048  -3.389  -5.742  54.537 0.1250000000
63448  -2.865  -6.726  54.032 0.1250000000
77965  -20.422  3.058  60.568 0.5000000000
65781  -3.535  -5.960  53.375 0.1250000000
79128  -20.720  4.624  59.538 0.2500000000
79149  -20.017  6.074  58.664 0.2500000000
64569  -3.189  -6.794  52.875 0.1250000000
73394  -19.533  2.034  59.797 0.7500000000
76777  -21.033  3.052  59.694 0.2500000000
64500  -2.083  -6.238  59.356 0.3750000000
65719  -2.441  -5.903  58.937 0.3750000000
65768  -2.817  -6.171  55.607 0.2500000000
150730  -3.640  -5.298  55.212 0.1250000000
67059  -4.027  -5.231  53.750 0.1250000000
67078  -4.214  -5.384  52.777 0.1250000000
79148  -19.493  5.919  58.593 0.2500000000
79139  -21.328  5.345  59.342 0.2500000000
73392  -18.709  1.734  59.522 0.6250000000
75713  -20.197  2.399  60.897 0.7500000000
72395  -18.315  1.251  58.693 0.6250000000
75727  -21.529  2.983  58.767 0.3750000000
155339  -19.769  2.220  57.760 0.7500000000
66997  -3.105  -5.430  59.299 0.6250000000
141174  -3.986  -4.936  57.234 0.3750000000
67030  -4.046  -4.974  56.543 0.5000000000
65759  -3.375  -5.565  56.037 0.3750000000
79123  -16.948  3.822  59.813 0.7500000000
77981  -18.134  3.968  59.145 0.7500000000
156043  -18.360  4.242  58.962 0.7500000000
67035  -3.791  -5.157  55.819 0.2500000000
77982  -18.658  4.963  59.149 0.7500000000
77994  -18.709  5.102  58.791 0.7500000000
67060  -4.377  -4.563  54.179 0.1250000000
79136  -18.752  5.099  59.199 0.7500000000
79164  -19.327  5.264  57.072 0.3750000000
80250  -20.290  6.619  56.029 0.2500000000
80258  -20.637  7.074  55.544 0.2500000000
67079  -4.710  -4.623  53.177 0.1250000000
73375  -17.196  1.489  60.135 0.6250000000
79147  -18.892  5.672  58.951 0.6250000000
79158  -19.792  5.922  57.572 0.3750000000
79165  -19.858  6.050  56.565 0.2500000000
80251  -20.661  6.982  56.391 0.2500000000
80241  -20.713  6.760  57.195 0.2500000000
72377  -18.029  1.577  60.119 0.7500000000
74557  -18.971  2.013  60.554 0.7500000000
76763  -19.914  2.776  61.099 0.7500000000
80231  -20.195  6.240  57.864 0.2500000000
80224  -20.984  6.080  58.824 0.2500000000
71410  -17.873  0.834  58.493 0.6250000000
79140  -22.200  4.973  59.083 0.2500000000
70472  -17.511  -0.447  57.406 0.6250000000
76782  -21.829  3.071  58.755 0.3750000000
75733  -21.376  3.191  57.875 0.3750000000
74591  -20.358  2.590  57.394 0.5000000000
73417  -19.806  0.738  56.225 0.7500000000
73418  -20.469  1.436  55.925 0.6250000000
74551  -5.308  1.186  61.369 0.8750000000
156915  -5.374  2.178  60.436 0.8750000000
149204  -6.440  6.253  54.925 0.6250000000
142444  -6.470  5.436  55.004 0.6250000000
149526  -6.575  6.077  54.259 0.5000000000
78032  -6.574  4.515  54.590 0.3750000000
143087  -5.100  -3.506  57.923 0.6250000000
69461  -4.976  -3.439  57.142 0.6250000000
81316  -6.862  7.347  54.074 0.3750000000
68293  -4.352  -4.545  57.224 0.6250000000
68303  -4.536  -4.215  56.701 0.5000000000
69475  -4.900  -3.314  56.265 0.6250000000
141942  -6.677  5.252  54.054 0.3750000000
67036  -4.225  -4.684  56.074 0.5000000000
155615  -5.440  -2.610  55.899 0.5000000000
68319  -4.517  -4.010  55.753 0.3750000000
67046  -4.113  -4.678  55.203 0.1250000000
68335  -4.650  -3.905  54.776 0.1250000000
69511  -5.501  -3.477  53.788 0.1250000000
71425  -15.390  0.226  57.862 0.6250000000
72374  -16.045  1.064  59.884 0.6250000000
76793  -18.674  4.354  56.899 0.3750000000
68350  -5.313  -4.022  53.163 0.1250000000
70468  -15.829  0.233  57.762 0.6250000000
72385  -16.346  0.910  59.573 0.6250000000
78027  -19.554  5.471  55.481 0.5000000000
79172  -19.903  6.157  55.687 0.5000000000
69512  -5.739  -3.518  53.170 0.1250000000
69464  -15.735  -1.485  55.927 0.5000000000
70460  -16.142  0.318  58.069 0.5000000000
71408  -16.859  0.570  58.472 0.5000000000
81283  -21.161  7.225  56.673 0.2500000000
81284  -21.928  7.329  56.800 0.2500000000
69448  -16.365  -1.299  56.461 0.5000000000
70462  -17.165  0.118  57.847 0.6250000000
79151  -22.703  5.548  58.358 0.2500000000
80233  -21.932  6.452  58.187 0.2500000000
79152  -23.151  5.284  57.650 0.3750000000
74618  -20.808  1.831  55.413 0.6250000000
73435  -20.115  1.147  54.614 0.6250000000
152745  -19.747  0.187  53.958 0.6250000000
146463  -4.930  3.616  61.024 0.8750000000
75705  -4.829  2.267  62.078 0.8750000000
74560  -5.163  1.796  61.531 0.8750000000
77968  -5.559  4.004  59.848 0.7500000000
76774  -5.639  3.181  59.571 0.7500000000
75717  -5.624  2.359  59.668 0.7500000000
143893  -6.086  3.576  59.062 0.7500000000
74573  -5.871  1.683  59.377 0.7500000000
75724  -6.048  2.288  58.955 0.7500000000
160400  -6.541  2.948  58.173 0.6250000000
73407  -6.542  0.798  57.939 0.5000000000
146330  -6.649  2.585  57.674 0.7500000000
76789  -6.736  2.946  56.905 0.6250000000
142685  -6.401  5.328  55.997 0.7500000000
78022  -6.490  4.587  55.509 0.7500000000
75748  -6.711  2.374  56.259 0.6250000000
76797  -6.633  3.261  56.073 0.6250000000
75758  -6.595  2.643  55.380 0.5000000000
144428  -6.550  3.662  55.154 0.5000000000
139354  -6.634  1.636  55.642 0.5000000000
140684  -6.528  2.033  54.709 0.5000000000
76816  -6.601  3.721  54.112 0.3750000000
81317  -7.392  7.551  53.380 0.3750000000
158128  -5.757  -2.103  56.272 0.6250000000
74633  -6.664  1.169  54.806 0.5000000000
75768  -6.552  2.886  54.457 0.5000000000
78040  -6.722  4.479  53.744 0.2500000000
79099  -15.808  3.913  60.049 0.6250000000
69489  -5.017  -3.237  55.375 0.2500000000
70509  -6.120  -2.335  54.950 0.2500000000
74649  -6.623  1.560  54.046 0.2500000000
145141  -6.562  2.276  53.966 0.2500000000
80271  -7.250  6.725  52.890 0.3750000000
75779  -6.639  2.962  53.478 0.2500000000
72399  -14.000  0.785  58.591 0.7500000000
69502  -5.261  -3.332  54.534 0.1250000000
71437  -14.256  0.048  56.326 0.5000000000
72394  -14.370  0.626  59.185 0.6250000000
159890  -14.579  -0.287  54.929 0.5000000000
70477  -15.413  -0.026  56.957 0.6250000000
156086  -21.575  7.762  55.508 0.2500000000
70530  -6.297  -2.905  53.274 0.1250000000
70491  -15.175  -0.778  56.031 0.5000000000
81293  -22.383  7.506  56.121 0.2500000000
80243  -22.408  6.802  57.278 0.2500000000
74635  -20.536  1.674  54.747 0.6250000000
139981  -20.019  0.840  54.062 0.6250000000
71492  -19.353  -1.399  52.206 0.6250000000
76759  -4.675  3.273  61.461 0.8750000000
140182  -4.061  3.088  62.358 0.7500000000
79105  -4.320  5.064  61.474 0.8750000000
77967  -4.893  4.716  60.534 0.8750000000
77976  -5.335  5.028  59.705 0.7500000000
79132  -5.754  5.351  58.914 0.7500000000
141712  -5.179  7.424  59.252 0.6250000000
145647  -2.627  3.399  62.230 0.7500000000
80199  -3.150  5.795  61.182 0.7500000000
79092  -4.480  5.519  63.106 0.7500000000
81251  -4.068  6.158  60.600 0.8750000000
158176  -4.238  7.020  60.386 0.8750000000
80205  -4.651  6.109  60.525 0.8750000000
77977  -5.903  4.458  59.069 0.7500000000
79143  -5.645  6.200  58.832 0.7500000000
79144  -6.072  5.676  58.073 0.7500000000
81280  -6.017  7.106  57.058 0.7500000000
80247  -6.278  6.923  56.095 0.7500000000
80253  -6.407  6.867  55.236 0.7500000000
75690  -1.658  2.150  62.596 0.6250000000
77945  -1.722  3.898  61.543 0.6250000000
79095  -2.799  5.532  61.318 0.7500000000
81253  -1.554  7.411  61.103 0.7500000000
143861  -6.315  2.927  58.699 0.7500000000
77987  -6.167  4.816  58.299 0.7500000000
79160  -6.252  5.654  57.305 0.7500000000
143399  -6.294  6.076  56.637 0.6250000000
149413  -6.607  3.356  57.600 0.6250000000
149871  -6.356  5.210  56.810 0.7500000000
145560  -6.550  3.870  56.800 0.7500000000
81308  -6.629  7.527  54.710 0.6250000000
79196  -7.242  5.812  52.515 0.2500000000
75706  -13.478  2.571  60.640 0.6250000000
77939  -14.324  3.216  61.202 0.6250000000
80280  -7.667  6.685  52.026 0.3750000000
74569  -13.046  2.435  59.732 0.3750000000
139064  -7.786  5.105  51.383 0.1250000000
70519  -6.229  -2.578  54.156 0.1250000000
72413  -13.929  0.761  56.821 0.6250000000
72433  -13.867  0.194  54.554 0.5000000000
149022  -13.877  0.219  56.169 0.5000000000
71453  -13.998  -0.016  54.373 0.5000000000
80244  -22.974  6.457  56.710 0.2500000000
80252  -22.910  6.643  55.903 0.2500000000
79166  -22.897  5.939  56.364 0.2500000000
140743  -19.846  -0.328  51.876 0.6250000000
81255  -4.466  7.267  60.180 0.7500000000
80213  -5.103  6.677  60.237 0.7500000000
80221  -5.312  6.865  59.604 0.7500000000
82233  -6.293  8.846  56.750 0.7500000000
82244  -6.752  8.484  55.919 0.6250000000
81254  -1.932  7.810  61.070 0.7500000000
81249  -2.767  7.064  60.710 0.7500000000
82200  -3.099  7.198  60.464 0.7500000000
82205  -3.958  7.402  60.153 0.7500000000
82209  -4.167  7.693  59.778 0.6250000000
152667  -5.147  7.115  60.144 0.7500000000
82217  -4.777  7.859  59.142 0.6250000000
80237  -5.762  7.021  57.930 0.6250000000
81288  -5.873  8.080  57.159 0.7500000000
81297  -6.425  7.670  55.543 0.7500000000
82245  -7.326  9.081  55.238 0.5000000000
82253  -7.566  8.850  54.369 0.3750000000
77944  -1.268  3.467  61.229 0.6250000000
77959  -1.465  4.438  60.972 0.6250000000
80203  -1.227  6.385  60.499 0.6250000000
82206  -0.224  8.688  60.507 0.7500000000
82207  -0.933  9.306  60.896 0.6250000000
83132  -1.021  9.921  59.846 0.6250000000
83126  -1.699  9.435  60.017 0.6250000000
83134  -2.763  8.996  59.144 0.7500000000
83128  -3.703  8.310  59.218 0.7500000000
144669  -3.667  9.256  58.422 0.6250000000
81267  -5.043  7.413  59.871 0.7500000000
82252  -6.857  8.345  54.930 0.3750000000
77966  -0.965  4.169  60.106 0.6250000000
79103  -1.309  4.931  60.506 0.6250000000
81266  0.058  7.955  60.121 0.6250000000
82224  -1.076  9.184  59.071 0.5000000000
82215  -0.543  9.535  59.736 0.6250000000
83139  -1.327  9.486  59.300 0.6250000000
83140  -2.252  9.429  58.493 0.5000000000
83141  -2.910  9.498  58.444 0.6250000000
81309  -7.169  8.023  54.167 0.3750000000
80211  -0.908  5.417  59.682 0.6250000000
81277  -1.057  7.047  58.459 0.3750000000
81271  -0.183  7.960  59.673 0.3750000000
82231  -1.576  8.610  57.884 0.3750000000
82232  -2.076  9.138  57.393 0.3750000000
83155  -2.601  9.618  56.946 0.3750000000
82262  -7.930  8.413  53.645 0.3750000000
76780  0.053  3.592  58.504 0.6250000000
79129  -0.473  4.522  59.289 0.6250000000
145538  -0.902  6.523  59.226 0.5000000000
81278  -1.322  7.744  57.825 0.3750000000
81272  -1.027  8.275  58.769 0.3750000000
80291  -8.297  6.604  51.503 0.2500000000
75718  -12.455  2.889  59.699 0.3750000000
78063  -8.464  4.965  50.673 0.1250000000
146873  -13.145  0.929  54.309 0.5000000000
73434  -13.589  0.444  54.561 0.5000000000
78018  -22.529  5.420  56.067 0.2500000000
79174  -22.783  6.167  55.560 0.2500000000
79182  -22.964  6.609  54.752 0.2500000000
79173  -22.477  5.486  55.428 0.3750000000
141929  1.998  -6.252  39.761 0.5000000000
83143  -4.881  9.115  57.703 0.5000000000
153137  -5.765  8.625  57.251 0.6250000000
82225  -4.542  8.545  58.449 0.6250000000
82226  -4.922  8.365  58.367 0.6250000000
142906  -5.590  9.159  57.309 0.6250000000
83164  -7.864  9.724  55.600 0.5000000000
83981  -3.619  11.213  57.166 0.6250000000
83142  -4.186  8.857  58.410 0.6250000000
83161  -2.835  9.313  56.111 0.3750000000
83148  -2.510  9.655  57.718 0.5000000000
83975  -3.252  10.050  57.674 0.6250000000
82254  -8.490  9.035  54.058 0.2500000000
148301  0.409  4.522  57.438 0.5000000000
80235  -0.840  6.009  56.933 0.5000000000
80246  -1.262  6.747  56.384 0.3750000000
80236  -1.168  6.926  57.307 0.3750000000
82237  -1.868  8.500  56.953 0.3750000000
82238  -2.315  8.854  56.553 0.3750000000
77997  1.118  3.457  57.809 0.5000000000
77986  0.589  4.014  58.284 0.5000000000
79153  0.326  4.336  58.272 0.6250000000
80225  -0.830  5.815  58.539 0.6250000000
81286  -1.529  7.735  56.871 0.3750000000
81328  -7.827  7.318  52.464 0.5000000000
82275  -8.992  7.845  52.821 0.3750000000
81331  -9.815  6.934  52.449 0.3750000000
81320  -10.089  7.085  53.266 0.3750000000
149835  -10.474  6.304  53.729 0.3750000000
79177  -10.874  5.731  54.961 0.5000000000
81340  -8.193  7.114  51.847 0.5000000000
81341  -8.770  7.040  51.602 0.3750000000
80281  -9.543  6.771  51.856 0.3750000000
80272  -10.340  6.313  52.850 0.3750000000
79186  -10.709  5.584  53.376 0.3750000000
79187  -11.053  4.946  53.872 0.3750000000
79178  -11.062  5.005  54.685 0.5000000000
79206  -8.393  5.790  51.220 0.3750000000
78042  -11.284  4.269  53.553 0.3750000000
78033  -11.275  4.309  54.393 0.3750000000
76806  -11.486  3.657  54.943 0.5000000000
150566  -11.644  3.248  56.465 0.5000000000
79222  -8.890  5.579  50.847 0.2500000000
78078  -8.382  4.059  50.361 0.1250000000
75744  -12.143  2.774  56.765 0.6250000000
143178  -8.882  3.961  49.854 0.1250000000
68545  0.495  -4.762  38.594 0.5000000000
68532  -0.226  -4.707  39.635 0.5000000000
85696  -3.844  12.580  56.741 0.6250000000
83149  -4.818  10.174  57.628 0.6250000000
83150  -5.364  10.074  57.474 0.5000000000
83151  -6.124  9.850  57.129 0.6250000000
84814  -3.561  12.139  56.737 0.6250000000
140634  -4.324  10.137  57.710 0.6250000000
83156  -3.138  10.215  56.457 0.5000000000
138763  -3.495  10.904  55.931 0.5000000000
83976  -3.943  10.920  57.534 0.6250000000
78009  -0.427  5.097  56.711 0.5000000000
141197  -1.479  6.482  55.447 0.3750000000
81306  -2.468  7.422  54.751 0.3750000000
82250  -2.795  8.160  54.970 0.3750000000
82242  -2.560  8.507  55.759 0.3750000000
78008  0.524  4.548  56.394 0.5000000000
79167  -0.469  5.113  55.860 0.5000000000
81295  -1.682  7.356  55.903 0.3750000000
81287  -1.983  8.124  56.223 0.3750000000
78020  0.851  4.197  55.675 0.5000000000
78007  1.124  4.027  57.296 0.5000000000
81342  -9.147  6.853  51.557 0.5000000000
76788  1.374  2.896  57.382 0.5000000000
156093  1.389  3.398  57.187 0.5000000000
80293  -9.469  6.269  51.457 0.3750000000
80282  -10.066  6.184  51.985 0.3750000000
79197  -10.567  5.536  52.534 0.3750000000
78041  -10.972  4.903  53.043 0.3750000000
75742  1.582  2.517  56.706 0.5000000000
75736  0.667  2.844  57.954 0.5000000000
135520  -9.080  5.134  50.437 0.2500000000
79207  -9.397  5.524  50.897 0.3750000000
146076  -10.395  5.419  51.808 0.3750000000
78080  -9.643  4.755  50.232 0.2500000000
78081  -10.332  4.502  50.343 0.3750000000
68558  0.098  -4.179  37.805 0.5000000000
68559  -0.688  -4.214  38.721 0.5000000000
74714  -19.449  1.163  47.664 0.6250000000
74702  -19.683  1.376  48.551 0.6250000000
83998  -4.478  11.634  54.578 0.3750000000
84822  -3.626  12.668  55.914 0.6250000000
83997  -3.816  10.402  55.130 0.3750000000
83992  -3.855  11.596  55.397 0.3750000000
84807  -3.917  11.952  57.267 0.6250000000
83162  -3.369  9.829  55.632 0.3750000000
83986  -3.401  11.223  56.627 0.6250000000
84821  -3.466  12.055  56.153 0.6250000000
79168  -1.079  5.650  55.434 0.3750000000
81305  -2.025  7.112  55.244 0.3750000000
82243  -3.153  8.923  55.302 0.3750000000
79175  -0.846  5.007  55.088 0.5000000000
79176  -1.485  5.775  54.640 0.3750000000
80261  -2.574  7.113  54.046 0.3750000000
78021  0.001  4.581  55.419 0.5000000000
78030  -0.496  4.367  54.596 0.5000000000
78019  1.403  3.790  56.454 0.5000000000
76805  0.946  3.754  55.159 0.5000000000
76795  2.136  2.442  56.184 0.5000000000
78064  -10.529  4.869  51.199 0.2500000000
78053  -10.810  4.863  52.170 0.2500000000
78082  -11.002  4.163  50.780 0.1250000000
74685  -12.450  1.789  50.536 0.3750000000
75829  -20.883  2.889  46.546 0.6250000000
148847  -19.987  1.727  47.158 0.6250000000
83170  -4.202  9.971  54.346 0.3750000000
83169  -3.650  9.443  54.791 0.3750000000
82251  -3.363  8.594  54.445 0.3750000000
78031  -1.167  4.865  54.234 0.5000000000
78029  0.245  3.969  54.888 0.5000000000
76934  -21.583  3.587  46.067 0.7500000000
76921  -21.546  3.735  47.169 0.5000000000
74739  -20.753  2.350  45.040 0.5000000000
75839  -20.639  2.470  45.783 0.6250000000
78048  -0.783  3.980  53.093 0.5000000000
76935  -22.204  4.201  46.400 0.5000000000
75840  -21.202  3.034  45.443 0.6250000000
75852  -21.373  2.814  44.513 0.6250000000
76949  -22.215  3.956  45.472 0.7500000000
75853  -22.147  3.181  44.140 0.7500000000
75865  -21.708  2.532  43.703 0.6250000000
161097  -22.437  2.055  42.264 0.3750000000
74775  -22.970  2.378  41.987 0.5000000000
73670  -22.417  1.353  41.015 0.2500000000
75891  -23.641  2.617  41.696 0.5000000000
75878  -23.422  2.924  42.360 0.6250000000
74789  -23.885  2.223  40.958 0.3750000000
74817  -23.757  1.483  39.544 0.2500000000
74835  -24.621  1.531  38.844 0.1250000000
148398  -24.100  3.148  42.068 0.6250000000
75892  -24.428  2.822  41.345 0.3750000000
75880  -24.946  3.339  41.840 0.5000000000
75893  -25.340  3.029  40.923 0.5000000000
75894  -26.963  3.266  40.989 0.7500000000
74804  -24.344  2.129  40.277 0.3750000000
75905  -24.750  2.524  40.562 0.3750000000
75907  -26.439  2.923  40.439 0.5000000000
75919  -27.171  2.418  39.916 0.6250000000
74818  -24.422  1.846  39.690 0.3750000000
147106  -25.084  1.875  39.262 0.2500000000
74820  -26.648  1.820  39.119 0.3750000000
74838  -27.194  1.315  38.713 0.6250000000
73703  -26.064  1.167  38.012 0.2500000000
136739  -26.899  0.920  38.041 0.2500000000
73704  -27.756  0.573  38.314 0.5000000000
77027  -28.200  3.493  41.904 0.7500000000
75895  -27.821  3.117  41.076 0.7500000000
75908  -27.454  2.722  40.425 0.7500000000
74806  -27.975  1.923  40.023 0.7500000000
74821  -27.428  1.761  39.407 0.7500000000
74822  -28.375  1.119  39.781 0.7500000000
73727  -27.449  0.163  37.570 0.2500000000
73707  -33.117  0.882  38.894 0.5000000000
74840  -33.484  1.667  38.497 0.6250000000
70689  -30.168  -1.981  37.401 0.6250000000
72626  -31.528  -0.605  37.363 0.5000000000
72627  -32.090  -0.199  37.925 0.6250000000
74839  -32.863  1.193  38.062 0.6250000000
75935  -33.777  2.486  38.193 0.6250000000
75856  -29.635  2.916  44.313 0.5000000000
75882  -29.757  2.320  42.712 0.6250000000
75869  -29.892  2.472  43.587 0.6250000000
75909  -28.399  2.191  40.608 0.7500000000
74776  -29.491  1.831  41.813 0.7500000000
73627  -30.383  0.972  42.796 0.6250000000
74791  -29.720  0.915  41.550 0.7500000000
74777  -29.968  1.278  42.333 0.7500000000
73705  -28.484  0.109  38.825 0.6250000000
73673  -29.585  0.440  40.814 0.7500000000
158700  -29.031  0.181  39.905 0.7500000000
72604  -28.256  -0.256  37.964 0.5000000000
72592  -29.609  -0.571  39.778 0.7500000000
72593  -32.611  -0.493  40.008 0.5000000000
73687  -33.279  0.578  39.732 0.6250000000
72624  -28.004  -0.650  37.165 0.3750000000
72625  -28.708  -1.032  37.590 0.3750000000
70677  -29.616  -1.590  38.499 0.5000000000
70678  -30.102  -1.862  38.540 0.5000000000
144748  -31.107  -1.625  39.005 0.5000000000
155447  -32.345  -0.783  39.450 0.6250000000
71641  -28.496  -1.425  36.739 0.3750000000
71628  -29.219  -1.312  38.029 0.3750000000
143908  -29.823  -1.892  37.832 0.3750000000
71630  -31.220  -1.459  38.309 0.5000000000
72607  -32.346  -0.545  38.843 0.5000000000
73706  -32.591  0.332  38.451 0.7500000000
70688  -29.691  -1.917  37.031 0.3750000000
82469  -36.796  8.930  34.658 0.5000000000
72567  -30.296  0.205  41.669 0.6250000000
73659  -29.900  0.457  41.368 0.7500000000
154110  -29.903  -0.169  40.476 0.7500000000
71591  -30.284  -0.113  40.895 0.7500000000
71629  -29.318  -1.079  38.978 0.5000000000
71604  -30.081  -0.586  40.163 0.7500000000
70667  -30.548  -1.621  39.165 0.5000000000
71618  -31.102  -1.064  39.753 0.6250000000
82431  -37.470  9.196  38.924 0.2500000000
82479  -37.476  9.335  34.157 0.6250000000
82488  -37.167  8.886  32.884 0.6250000000
139469  -37.954  9.349  32.534 0.7500000000
82489  -37.723  9.340  33.418 0.5000000000
82504  -38.301  9.333  31.572 0.6250000000
86937  -45.655  12.956  28.513 0.5000000000
140556  -47.860  14.463  28.530 0.6250000000
89647  -50.510  16.806  28.058 0.3750000000
90499  -50.715  17.478  27.829 0.2500000000
88749  -47.941  15.419  28.163 0.6250000000
88766  -48.665  15.922  28.046 0.5000000000
90498  -49.804  17.520  27.434 0.3750000000
91330  -50.821  18.976  27.398 0.3750000000
92087  -51.724  19.661  27.956 0.1250000000
93670  -51.534  21.485  27.567 0.1250000000
93678  -52.166  21.186  27.015 0.1250000000
137350  -48.906  17.252  27.258 0.6250000000
91342  -49.855  18.489  26.981 0.3750000000
92086  -51.551  19.765  27.605 0.2500000000
83415  -38.579  9.943  33.825 0.6250000000
82505  -39.221  9.457  31.477 0.6250000000
82522  -38.319  8.692  29.781 0.3750000000
81584  -39.377  8.412  29.910 0.3750000000
82529  -43.730  8.326  28.527 0.5000000000
83478  -44.307  9.884  28.433 0.3750000000
147171  -45.215  11.691  28.749 0.5000000000
134812  -46.565  12.838  28.886 0.6250000000
87878  -48.793  14.142  28.784 0.6250000000
90486  -51.238  17.131  28.323 0.2500000000
155587  -51.658  18.328  28.408 0.1250000000
88767  -49.452  15.746  28.333 0.5000000000
91331  -51.868  18.933  27.952 0.1250000000
82516  -39.790  8.852  30.744 0.7500000000
60217  0.905  -10.409  58.626 0.2500000000
68294  -4.767  -4.073  57.620 0.5000000000
71394  -15.427  0.421  59.257 0.6250000000
136999  -14.933  0.259  58.514 0.6250000000
76751  -14.625  2.965  61.195 0.6250000000
71423  -14.406  0.590  57.870 0.6250000000
72445  -13.515  -0.267  53.672 0.5000000000
73424  -13.228  0.818  55.961 0.5000000000
74563  -19.198  1.899  60.528 0.6250000000
67282  0.969  -5.268  39.288 0.5000000000
67281  2.037  -5.991  38.983 0.5000000000
154976  -4.072  1.659  63.407 0.8750000000
77935  -2.000  3.255  62.267 0.8750000000
77937  -4.211  4.937  62.473 0.7500000000
77936  -3.609  4.600  61.786 0.7500000000
148132  -4.541  1.719  62.746 0.8750000000
75711  -5.142  2.530  61.129 0.8750000000
139086  -6.000  -2.155  55.680 0.5000000000
74581  -12.842  2.360  58.816 0.5000000000
73448  -13.203  0.138  53.619 0.5000000000
145828  -22.229  3.606  58.185 0.3750000000
75731  -6.391  2.334  58.349 0.6250000000
72459  -19.656  -0.582  52.347 0.6250000000
79159  -23.205  5.581  57.058 0.1250000000
79223  -10.016  5.116  50.686 0.3750000000
75841  -21.814  3.444  44.891 0.6250000000
160816  -23.874  3.344  42.654 0.6250000000
74823  -33.643  1.434  39.349 0.5000000000
146588  -36.204  8.441  35.172 0.5000000000
82420  -37.252  8.291  39.375 0.2500000000
141580  -0.136  4.152  58.899 0.6250000000
77985  1.106  3.666  57.919 0.5000000000
75732  -12.392  2.858  58.596 0.5000000000
75725  -12.384  2.909  59.243 0.3750000000
76815  -0.159  3.733  53.918 0.5000000000
75734  1.771  2.747  56.775 0.5000000000
75868  -29.265  3.248  43.339 0.5000000000
75881  -29.181  3.047  42.200 0.6250000000
61182  0.468  -10.160  58.150 0.1250000000
62311  -1.092  -8.558  55.502 0.1250000000
60273  -1.718  -10.968  54.790 0.1250000000
146049  -2.407  -10.726  53.665 0.1250000000
59325  -2.502  -11.472  53.895 0.1250000000
60303  -2.993  -11.442  53.255 0.1250000000
61266  -3.503  -10.611  52.261 0.1250000000
142238  -4.274  -9.838  51.077 0.1250000000
64516  -1.659  -6.431  58.579 0.3750000000
63475  -3.143  -7.509  52.379 0.1250000000
76778  -21.615  3.181  59.250 0.2500000000
78004  -18.790  4.651  57.901 0.3750000000
79157  -19.214  5.478  58.220 0.3750000000
156959  -19.539  5.600  56.160 0.5000000000
80240  -20.254  6.485  56.946 0.2500000000
71396  -16.573  0.733  59.091 0.6250000000
160194  -17.977  1.517  59.906 0.6250000000
69466  -16.886  -1.800  56.203 0.5000000000
76766  -5.197  3.090  60.263 0.8750000000
144029  -6.383  6.125  55.657 0.7500000000
70492  -15.695  -0.672  56.504 0.6250000000
154672  -15.353  0.257  58.878 0.6250000000
78016  -19.101  4.905  56.161 0.3750000000
69447  -15.935  -0.830  56.524 0.5000000000
71406  -15.757  0.282  58.844 0.6250000000
79180  -19.923  6.100  54.898 0.3750000000
80264  -20.337  6.550  54.403 0.5000000000
70470  -16.646  -0.102  57.458 0.5000000000
69465  -16.532  -1.861  56.109 0.3750000000
153242  -5.017  5.113  62.542 0.8750000000
76749  -4.285  4.203  61.711 0.8750000000
145561  -6.410  3.502  58.327 0.6250000000
146064  -6.517  3.999  55.973 0.6250000000
72406  -14.247  0.559  56.960 0.5000000000
71424  -14.878  0.270  57.735 0.6250000000
154815  -14.176  -0.033  55.471 0.5000000000
70490  -14.565  -0.342  55.703 0.5000000000
79096  -5.152  5.480  62.922 0.7500000000
80200  -3.599  5.418  61.369 0.7500000000
79119  -4.830  5.715  60.355 0.7500000000
79131  -5.288  5.999  59.611 0.7500000000
80226  -5.494  6.932  58.700 0.6250000000
79094  -2.022  5.018  61.286 0.7500000000
82204  -3.078  7.648  60.197 0.6250000000
152032  -5.851  6.419  58.200 0.7500000000
80227  -6.086  6.300  57.516 0.7500000000
81279  -5.718  7.667  57.698 0.7500000000
137631  -6.215  7.830  56.413 0.7500000000
80204  -1.668  6.624  60.898 0.7500000000
143547  -6.306  5.032  57.534 0.6250000000
150649  -6.419  4.597  57.041 0.7500000000
81259  -4.915  7.103  60.297 0.7500000000
82202  -1.665  8.659  61.074 0.6250000000
83123  -2.117  8.620  60.530 0.6250000000
83127  -2.815  8.329  59.748 0.6250000000
82216  -4.337  8.009  59.127 0.6250000000
137846  -5.427  8.401  57.740 0.6250000000
81273  -5.316  7.734  58.471 0.6250000000
83171  -8.158  9.436  54.801 0.5000000000
79118  -1.065  5.285  60.052 0.6250000000
80212  -0.767  6.702  60.098 0.6250000000
82223  -0.273  9.006  59.531 0.3750000000
83147  -1.810  9.302  58.364 0.6250000000
80220  -0.617  6.810  59.863 0.6250000000
83980  -3.111  10.342  57.150 0.5000000000
79142  -0.344  4.876  58.635 0.6250000000
154466  -0.894  6.200  57.742 0.3750000000
84802  -4.544  11.536  57.427 0.6250000000
79154  -0.486  5.163  57.748 0.5000000000
80245  -0.970  5.839  56.099 0.5000000000
81318  -8.269  7.905  52.955 0.3750000000
81330  -9.209  7.278  52.086 0.3750000000
81319  -9.525  7.583  52.924 0.3750000000
81310  -10.312  7.072  54.292 0.3750000000
161616  -10.633  6.232  54.461 0.3750000000
149754  -10.786  5.608  54.184 0.3750000000
79170  -10.993  5.092  55.494 0.5000000000
76798  -11.333  3.563  55.854 0.5000000000
78023  -11.201  4.337  55.237 0.5000000000
76790  -11.813  3.338  57.226 0.5000000000
85705  -3.904  12.908  55.856 0.6250000000
85703  -3.745  12.854  56.057 0.6250000000
85690  -4.334  12.304  57.151 0.6250000000
81296  -2.242  7.770  55.465 0.3750000000
76804  1.437  3.713  55.712 0.5000000000
160972  -4.224  10.838  54.654 0.3750000000
78039  -1.311  4.647  53.406 0.5000000000
78038  -0.823  4.293  53.851 0.5000000000
74728  -20.235  2.040  46.392 0.5000000000
74788  -23.221  2.115  41.453 0.5000000000
73671  -23.000  1.391  40.267 0.2500000000
75906  -25.630  2.563  40.088 0.5000000000
74819  -25.817  2.045  39.289 0.5000000000
74836  -25.542  1.626  38.656 0.2500000000
73685  -28.037  0.901  39.110 0.6250000000
73702  -25.266  1.200  38.132 0.2500000000
75896  -28.785  2.574  41.331 0.7500000000
74807  -28.789  1.243  40.415 0.7500000000
73658  -29.420  0.755  40.896 0.7500000000
73686  -28.721  0.407  39.607 0.7500000000
72608  -32.821  0.077  39.272 0.6250000000
74857  -33.178  2.027  37.730 0.7500000000
72606  -31.715  -0.900  38.158 0.5000000000
74763  -30.210  1.697  43.194 0.6250000000
74790  -29.160  1.459  41.062 0.7500000000
140346  -29.964  0.188  41.093 0.7500000000
71616  -29.788  -1.194  39.426 0.6250000000
71617  -30.331  -1.111  39.741 0.6250000000
82490  -38.513  9.652  32.967 0.6250000000
160733  -38.700  9.602  32.237 0.7500000000
82515  -38.821  9.102  30.627 0.6250000000
86034  -45.099  12.352  28.507 0.5000000000
86938  -46.110  13.836  28.443 0.6250000000
86939  -47.197  13.630  28.745 0.6250000000
90500  -51.288  18.054  27.991 0.3750000000
90487  -51.567  17.595  28.597 0.1250000000
157512  -47.936  16.098  27.699 0.6250000000
91329  -50.482  18.106  27.481 0.3750000000
92878  -51.600  20.528  27.361 0.1250000000
90515  -48.877  18.067  26.666 0.3750000000
89634  -50.322  16.022  28.427 0.1250000000
81269  -13.475  7.372  58.647 0.2500000000
83138  -12.477  9.789  58.237 0.2500000000
82221  -12.885  8.885  57.904 0.2500000000
153684  -12.926  9.343  57.033 0.2500000000
80208  -13.467  5.573  60.690 0.2500000000
80209  -14.113  5.288  60.330 0.3750000000
81265  -13.884  6.661  59.393 0.2500000000
80218  -13.672  6.281  60.139 0.2500000000
145752  -14.096  4.012  61.003 0.3750000000
84798  -10.844  11.614  58.832 0.3750000000
83973  -11.879  10.370  58.997 0.2500000000
153490  -13.049  8.057  58.107 0.1250000000
82222  -13.711  7.656  57.793 0.2500000000
81270  -14.032  6.950  58.460 0.2500000000
76760  -12.683  3.345  60.584 0.3750000000
146989  -13.448  3.206  61.046 0.3750000000
83979  -12.655  10.493  57.422 0.2500000000
82229  -13.295  8.340  57.319 0.2500000000
82230  -13.935  7.967  57.150 0.1250000000
161367  -14.256  7.728  57.090 0.1250000000
84806  -12.819  11.112  56.843 0.2500000000
146484  -12.880  10.220  56.478 0.2500000000
83154  -13.097  9.324  56.241 0.2500000000
82240  -13.965  7.963  56.455 0.2500000000
84819  -13.437  11.128  55.750 0.2500000000
83996  -13.105  10.239  55.816 0.2500000000
83160  -13.116  9.390  55.976 0.2500000000
136897  -13.415  8.580  56.068 0.2500000000
83175  -12.821  9.989  55.049 0.2500000000
146877  -12.847  10.086  54.342 0.2500000000
83182  -12.675  9.269  53.795 0.2500000000
69493  -15.467  -2.262  54.500 0.2500000000
133729  -14.068  6.144  59.120 0.2500000000
80219  -14.205  5.868  59.926 0.2500000000
80210  -14.690  4.614  60.005 0.2500000000
157951  -13.780  3.250  61.194 0.5000000000
85688  -11.784  12.258  58.328 0.2500000000
84800  -12.190  11.675  58.476 0.2500000000
138598  -14.256  6.526  58.229 0.2500000000
79146  -14.288  5.469  58.682 0.2500000000
85701  -13.249  12.520  56.429 0.2500000000
142210  -13.068  11.748  56.586 0.2500000000
81282  -14.315  7.461  56.973 0.3750000000
139225  -13.555  11.810  55.972 0.2500000000
84813  -13.271  11.016  56.173 0.2500000000
81290  -13.841  7.796  56.054 0.2500000000
81300  -14.037  7.116  55.840 0.2500000000
84820  -13.791  12.130  55.306 0.2500000000
84823  -13.460  11.323  55.200 0.2500000000
84000  -13.196  10.773  54.810 0.2500000000
133961  -12.794  9.077  54.859 0.2500000000
138726  -13.046  7.920  54.892 0.2500000000
81299  -13.598  7.478  55.456 0.2500000000
84827  -13.725  11.617  54.298 0.2500000000
84003  -13.395  10.974  53.864 0.2500000000
82267  -12.765  8.254  54.071 0.2500000000
81311  -13.057  7.368  54.213 0.2500000000
68304  -15.944  -2.380  54.820 0.2500000000
69477  -15.780  -1.906  55.067 0.2500000000
84830  -14.082  11.814  53.408 0.2500000000
140533  -13.040  10.285  53.344 0.2500000000
83188  -12.709  9.475  52.857 0.2500000000
82266  -12.631  8.510  53.197 0.2500000000
68339  -15.801  -3.284  53.952 0.2500000000
83189  -13.223  10.552  52.296 0.2500000000
82276  -12.519  8.797  52.473 0.2500000000
83199  -13.147  10.202  51.368 0.2500000000
149514  -12.712  9.199  51.214 0.1250000000
145761  -14.774  3.840  60.699 0.5000000000
87536  -10.006  13.784  57.886 0.2500000000
144411  -14.383  6.786  57.513 0.3750000000
80230  -14.354  6.083  57.976 0.3750000000
79111  -15.398  4.006  60.146 0.5000000000
87544  -11.224  14.338  56.514 0.2500000000
86599  -11.955  12.739  57.832 0.2500000000
80239  -14.351  6.781  56.893 0.3750000000
87551  -12.005  14.257  56.218 0.2500000000
85704  -13.727  12.711  55.841 0.2500000000
86621  -14.354  13.188  54.446 0.2500000000
84824  -14.070  12.314  54.600 0.2500000000
150422  -13.425  7.211  54.851 0.2500000000
85716  -14.616  13.000  53.438 0.2500000000
84828  -14.394  12.552  53.790 0.2500000000
81321  -12.795  7.600  53.412 0.2500000000
84831  -14.576  12.522  52.852 0.2500000000
84005  -13.791  11.219  52.947 0.2500000000
142728  -14.504  11.587  52.192 0.2500000000
82285  -12.453  8.599  51.807 0.1250000000
146187  -12.539  7.889  52.498 0.1250000000
83209  -13.158  9.790  50.579 0.1250000000
146767  -12.524  8.440  51.145 0.1250000000
153517  2.087  -7.533  39.422 0.1250000000
63675  1.393  -7.948  39.371 0.1250000000
83987  -6.692  10.566  56.783 0.5000000000
85694  -7.672  12.405  57.398 0.5000000000
77990  -14.619  4.648  58.554 0.3750000000
155820  -15.202  4.227  59.560 0.3750000000
86595  -8.624  13.621  58.109 0.3750000000
79156  -14.446  5.234  57.989 0.3750000000
88460  -10.457  14.386  56.923 0.2500000000
79163  -14.285  5.829  56.677 0.3750000000
147478  -14.372  6.000  57.399 0.3750000000
87550  -11.097  14.583  55.893 0.2500000000
80256  -13.946  6.430  55.491 0.2500000000
87560  -13.267  13.610  55.348 0.2500000000
80263  -13.453  6.714  54.453 0.2500000000
87567  -13.819  13.414  54.583 0.2500000000
80273  -13.114  6.668  53.561 0.1250000000
68322  -16.112  -2.840  54.516 0.2500000000
85725  -14.670  12.561  52.454 0.2500000000
80283  -12.729  7.001  52.086 0.1250000000
81332  -12.798  7.089  52.858 0.1250000000
68340  -16.390  -3.323  54.183 0.2500000000
84835  -15.147  12.192  51.969 0.2500000000
144666  -14.169  11.166  51.547 0.2500000000
81343  -12.481  7.712  51.502 0.1250000000
152155  -15.239  11.854  51.627 0.2500000000
82298  -12.698  8.816  50.546 0.1250000000
81353  -12.466  7.851  50.645 0.1250000000
65985  2.269  -6.704  39.259 0.2500000000
66001  2.422  -6.674  38.350 0.1250000000
141465  1.674  -7.596  38.625 0.1250000000
156543  1.029  -7.706  38.478 0.1250000000
84809  -6.487  11.863  57.131 0.3750000000
152590  -15.613  3.872  58.168 0.3750000000
77991  -15.381  3.969  58.833 0.5000000000
79122  -15.692  4.029  59.907 0.6250000000
145202  -7.881  13.831  58.258 0.3750000000
139740  -14.885  4.364  58.046 0.3750000000
88454  -9.453  14.975  57.599 0.2500000000
149720  -14.537  4.917  57.260 0.3750000000
88468  -10.334  14.760  55.888 0.2500000000
80249  -14.183  6.640  56.226 0.2500000000
144772  -13.039  13.460  54.424 0.2500000000
79179  -13.767  6.241  54.766 0.2500000000
140201  -16.776  -1.000  56.878 0.3750000000
86641  -14.409  13.183  53.250 0.2500000000
79188  -13.566  6.056  54.024 0.2500000000
67048  -16.776  -3.936  53.822 0.2500000000
68295  -16.572  -2.160  55.550 0.2500000000
85736  -15.317  12.198  51.455 0.1250000000
84838  -15.506  12.032  51.239 0.1250000000
85748  -15.649  12.006  50.695 0.1250000000
160443  -15.108  11.361  50.142 0.1250000000
84020  -14.053  10.776  50.758 0.1250000000
83210  -13.881  10.352  49.928 0.1250000000
84029  -14.755  10.701  49.291 0.1250000000
83223  -12.897  9.375  49.722 0.1250000000
143071  -12.525  8.322  49.841 0.1250000000
81371  -12.431  7.456  49.883 0.1250000000
83224  -13.390  10.005  48.942 0.1250000000
159038  -12.717  9.386  48.961 0.1250000000
84039  -14.562  10.404  48.598 0.1250000000
83239  -12.782  9.231  48.290 0.1250000000
83257  -13.050  9.308  47.343 0.1250000000
82340  -12.645  8.327  47.459 0.1250000000
68557  1.259  -4.951  37.601 0.2500000000
67296  1.600  -5.470  38.307 0.2500000000
67307  2.198  -5.769  37.376 0.1250000000
146039  2.386  -6.456  37.534 0.1250000000
77992  -16.457  3.695  58.586 0.3750000000
77980  -16.626  3.690  58.870 0.6250000000
77971  -17.809  3.879  59.243 0.6250000000
83983  -5.852  10.770  57.268 0.3750000000
88449  -7.740  14.624  58.108 0.3750000000
78002  -15.254  4.037  57.390 0.3750000000
87564  -10.253  14.444  55.383 0.2500000000
88467  -9.772  14.865  55.850 0.2500000000
158534  -14.821  4.439  56.900 0.3750000000
86627  -11.414  13.388  53.507 0.2500000000
87565  -11.032  14.302  55.455 0.2500000000
78013  -14.510  4.761  56.347 0.3750000000
138236  -12.293  13.406  52.969 0.2500000000
86628  -12.633  13.412  53.688 0.2500000000
143681  -14.029  5.615  55.007 0.2500000000
71426  -17.974  -0.440  57.504 0.3750000000
85735  -14.590  12.629  51.605 0.1250000000
85734  -13.151  12.712  51.617 0.1250000000
85724  -14.029  13.051  52.416 0.2500000000
147614  -13.887  5.606  54.370 0.2500000000
67037  -17.069  -3.269  54.327 0.2500000000
68297  -16.962  -2.090  55.805 0.5000000000
70504  -18.862  -0.851  55.349 0.5000000000
155611  -19.369  -0.401  55.520 0.6250000000
80295  -13.197  6.159  51.673 0.1250000000
79198  -13.433  5.827  53.175 0.1250000000
67066  -19.969  -5.014  52.738 0.5000000000
69513  -18.927  -3.315  52.935 0.5000000000
72422  -19.740  0.128  55.158 0.6250000000
72434  -19.638  -0.015  54.523 0.6250000000
85758  -15.663  12.094  49.807 0.1250000000
84855  -15.732  11.981  49.959 0.1250000000
68374  -19.341  -3.968  52.425 0.5000000000
153788  -19.085  -0.799  53.615 0.6250000000
80305  -12.519  6.926  50.488 0.1250000000
70534  -18.988  -2.342  52.797 0.6250000000
71486  -19.187  -1.420  52.711 0.6250000000
81388  -12.374  7.662  49.003 0.1250000000
70546  -19.258  -2.323  52.203 0.6250000000
83240  -13.934  9.914  47.966 0.1250000000
82323  -12.538  8.286  48.318 0.1250000000
68393  -19.649  -4.222  51.449 0.6250000000
68406  -19.794  -4.705  50.955 0.6250000000
82354  -12.738  8.761  46.573 0.1250000000
82367  -12.762  8.301  45.835 0.1250000000
77993  -17.598  3.768  58.931 0.5000000000
152038  -5.648  13.517  56.417 0.3750000000
87543  -6.526  13.866  56.695 0.3750000000
87554  -7.666  14.513  55.871 0.3750000000
87548  -8.177  14.865  56.330 0.3750000000
86625  -9.304  13.634  53.468 0.3750000000
86618  -9.824  13.860  54.463 0.3750000000
87556  -9.722  14.890  55.815 0.2500000000
72396  -18.865  1.822  58.872 0.6250000000
86626  -10.256  13.490  53.518 0.3750000000
86639  -11.635  13.230  52.639 0.2500000000
78025  -15.023  4.086  55.735 0.3750000000
72400  -18.617  0.238  57.833 0.5000000000
71428  -18.630  -0.386  57.265 0.5000000000
85722  -11.421  12.815  52.030 0.2500000000
85723  -12.533  13.011  52.323 0.2500000000
78024  -14.400  4.822  55.372 0.3750000000
143085  -18.098  -0.730  57.054 0.5000000000
69469  -17.984  -1.573  55.873 0.5000000000
137092  -18.272  -1.566  55.649 0.3750000000
71448  -19.185  -0.558  56.032 0.5000000000
160122  -14.375  4.743  54.365 0.1250000000
85746  -13.520  12.558  50.720 0.1250000000
79189  -13.873  5.297  53.683 0.1250000000
84856  -16.010  12.002  49.193 0.1250000000
84030  -15.712  11.560  49.307 0.1250000000
71475  -19.404  -0.488  53.282 0.5000000000
142041  -19.433  -0.761  52.676 0.6250000000
81413  -12.582  7.353  47.264 0.1250000000
80338  -12.517  6.680  48.482 0.1250000000
80353  -12.573  6.647  47.601 0.1250000000
148420  -20.780  -6.098  49.843 0.1250000000
82355  -13.016  9.016  45.985 0.1250000000
154499  -12.588  7.713  46.476 0.1250000000
81423  -12.709  7.564  45.716 0.1250000000
146669  -19.990  -5.253  50.148 0.1250000000
76785  -17.321  3.656  58.174 0.3750000000
86601  -5.541  12.464  56.949 0.3750000000
84803  -5.175  11.693  57.378 0.3750000000
76791  -17.094  3.540  57.295 0.3750000000
158340  -6.701  14.206  55.795 0.3750000000
78015  -16.155  3.681  56.931 0.3750000000
87562  -8.113  14.416  55.208 0.3750000000
76799  -16.016  3.570  56.055 0.3750000000
86637  -9.680  13.328  52.638 0.3750000000
72401  -18.646  1.296  58.500 0.6250000000
147487  -19.023  0.879  57.917 0.6250000000
86646  -10.672  12.811  51.772 0.2500000000
73403  -19.096  1.781  58.583 0.5000000000
72407  -19.050  0.014  57.298 0.6250000000
71440  -18.859  -0.550  56.683 0.5000000000
153973  -12.034  12.675  51.638 0.1250000000
150359  -19.409  1.621  57.814 0.6250000000
73409  -19.450  0.745  57.126 0.6250000000
158917  -13.119  12.470  50.098 0.1250000000
72423  -19.985  0.728  55.538 0.6250000000
85757  -14.118  12.396  49.872 0.1250000000
160721  -19.959  0.800  55.019 0.5000000000
72453  -19.955  0.422  53.406 0.5000000000
70552  -19.312  -2.223  51.575 0.5000000000
80361  -12.598  6.739  46.765 0.1250000000
153508  -19.554  -3.940  51.129 0.6250000000
146250  -19.453  -1.230  51.676 0.5000000000
69559  -19.567  -4.134  50.584 0.5000000000
70559  -19.289  -2.349  50.898 0.6250000000
135377  -19.517  -4.242  49.879 0.1250000000
149850  -19.341  -3.287  50.411 0.2500000000
68416  -19.840  -5.068  49.289 0.1250000000
160720  -4.890  12.044  57.303 0.5000000000
76786  -18.287  3.971  58.521 0.3750000000
86614  -6.340  13.780  54.680 0.3750000000
86610  -5.086  13.398  55.779 0.3750000000
159015  -17.648  3.540  56.775 0.2500000000
86635  -7.924  13.378  52.824 0.2500000000
86623  -7.578  13.770  53.580 0.3750000000
86615  -7.284  14.076  54.398 0.3750000000
76800  -16.968  3.383  56.434 0.2500000000
85721  -9.126  12.961  51.969 0.2500000000
86636  -8.782  13.364  52.709 0.2500000000
85744  -10.460  12.498  50.460 0.2500000000
86645  -9.962  12.963  51.889 0.2500000000
73398  -19.517  2.290  59.261 0.6250000000
138990  -11.165  12.637  51.191 0.1250000000
74577  -20.819  2.763  58.758 0.3750000000
152159  -12.392  12.499  50.207 0.1250000000
72468  -19.556  -0.798  51.340 0.6250000000
161351  -19.220  -1.986  50.655 0.5000000000
142531  -19.186  -2.471  50.320 0.5000000000
68429  -19.694  -4.980  48.476 0.1250000000
85714  -6.285  12.843  53.364 0.3750000000
86622  -6.695  13.574  53.823 0.3750000000
86609  -4.205  13.108  55.997 0.5000000000
158020  -18.167  3.737  56.655 0.2500000000
76792  -18.092  3.744  57.515 0.3750000000
85715  -7.119  13.224  53.064 0.2500000000
72478  -19.424  -0.799  50.789 0.5000000000
71530  -18.626  -1.972  49.037 0.3750000000
70571  -18.968  -2.269  49.777 0.3750000000
71517  -19.192  -1.612  50.376 0.6250000000
159349  -18.864  -2.770  49.188 0.2500000000
70586  -18.951  -3.495  48.804 0.3750000000
69572  -19.360  -4.260  49.095 0.2500000000
84825  -4.159  12.423  55.308 0.5000000000
85706  -4.608  13.110  55.526 0.5000000000
85710  -5.062  12.997  54.763 0.5000000000
85711  -5.833  13.270  54.217 0.5000000000
76802  -18.640  3.981  56.051 0.2500000000
76801  -17.863  3.431  55.947 0.2500000000
148470  -18.794  0.184  48.161 0.3750000000
138970  -18.853  -0.113  49.395 0.3750000000
71516  -18.828  -1.301  49.665 0.3750000000
72500  -18.540  -0.913  48.723 0.3750000000
72519  -18.583  -0.456  46.674 0.3750000000
71550  -18.489  -1.262  47.246 0.3750000000
137231  -18.644  -2.682  48.358 0.3750000000
70601  -18.371  -2.233  47.422 0.2500000000
69591  -18.700  -3.477  47.976 0.2500000000
80257  -20.285  6.647  55.203 0.2500000000
145872  2.401  4.072  45.771 0.2500000000
73551  -18.948  0.502  46.904 0.3750000000
74727  -19.627  1.364  46.620 0.3750000000
78026  -19.173  4.549  55.346 0.1250000000
78036  -19.624  5.254  54.668 0.1250000000
76810  -18.583  3.729  55.165 0.2500000000
78035  -19.214  4.305  54.455 0.2500000000
78046  -19.636  5.042  53.762 0.2500000000
142320  2.866  5.097  48.125 0.3750000000
138396  2.390  4.952  46.334 0.2500000000
79281  1.943  6.221  45.897 0.2500000000
79292  2.115  5.599  45.660 0.2500000000
79293  2.041  6.215  45.152 0.2500000000
73587  -19.683  1.260  45.273 0.3750000000
73566  -19.318  0.988  45.947 0.3750000000
79190  -20.031  5.893  54.067 0.2500000000
74738  -20.236  1.721  44.912 0.3750000000
73606  -19.795  1.205  44.515 0.3750000000
74751  -20.937  2.047  44.104 0.5000000000
81471  0.268  7.460  41.525 0.1250000000
75843  -30.349  2.250  45.622 0.5000000000
75857  -30.425  1.931  44.914 0.5000000000
71642  -29.064  -1.621  37.162 0.2500000000
74729  -30.948  1.749  45.986 0.5000000000
74716  -31.863  1.583  47.247 0.5000000000
74730  -31.620  1.489  46.304 0.5000000000
74752  -30.274  2.036  44.180 0.5000000000
73588  -31.305  0.884  44.618 0.5000000000
73728  -31.751  0.217  37.208 0.5000000000
73729  -32.278  0.677  37.671 0.5000000000
74856  -32.443  1.622  37.303 0.5000000000
75946  -32.825  2.384  37.193 0.5000000000
78310  -33.673  4.332  36.676 0.5000000000
75959  -32.759  2.972  36.680 0.3750000000
80523  -35.006  6.720  36.949 0.6250000000
81528  -36.070  8.272  35.890 0.5000000000
82503  -37.256  8.901  31.723 0.5000000000
73569  -32.995  1.272  45.978 0.5000000000
74718  -33.682  1.005  47.934 0.3750000000
73589  -31.857  0.688  44.851 0.5000000000
73607  -31.072  0.682  43.887 0.5000000000
73608  -31.574  0.439  44.124 0.5000000000
73628  -30.751  0.542  42.920 0.5000000000
77099  -34.141  4.163  37.231 0.5000000000
78311  -34.374  4.845  37.141 0.6250000000
79426  -34.742  5.670  37.282 0.6250000000
81517  -35.557  7.550  36.420 0.6250000000
83402  -37.955  9.820  34.384 0.5000000000
83416  -39.203  10.216  33.681 0.3750000000
83433  -39.031  9.953  33.149 0.5000000000
83435  -40.520  9.980  32.360 0.2500000000
83451  -39.390  9.848  32.240 0.6250000000
82507  -40.985  8.887  31.479 0.5000000000
82506  -40.113  9.305  31.456 0.3750000000
82517  -40.667  8.362  30.987 0.3750000000
149184  -40.577  6.822  30.206 0.3750000000
81587  -41.749  6.853  30.997 0.3750000000
73609  -32.185  0.512  44.454 0.5000000000
73629  -31.160  0.388  43.467 0.5000000000
72531  -31.919  0.243  43.932 0.5000000000
144351  -30.888  -0.057  42.113 0.3750000000
71581  -31.772  -0.362  41.962 0.5000000000
71606  -31.304  -0.479  40.648 0.6250000000
75947  -33.415  2.932  37.437 0.5000000000
79414  -35.104  5.455  37.792 0.6250000000
84191  -40.816  10.507  33.655 0.2500000000
82491  -41.257  9.310  31.843 0.2500000000
82492  -42.122  8.829  31.852 0.2500000000
80607  -41.970  6.015  30.706 0.2500000000
80592  -42.356  6.659  31.342 0.3750000000
80606  -41.159  6.122  30.497 0.5000000000
72570  -32.878  0.074  41.778 0.5000000000
71607  -32.223  -0.448  40.797 0.3750000000
72581  -32.989  -0.200  40.592 0.3750000000
83418  -41.509  10.018  32.948 0.2500000000
82493  -42.873  8.240  32.069 0.2500000000
83419  -42.374  9.779  32.983 0.2500000000
83420  -43.235  9.661  32.999 0.2500000000
82509  -42.616  7.730  31.893 0.2500000000
81560  -43.291  7.254  32.326 0.1250000000
82494  -43.507  7.931  32.245 0.2500000000
150152  -44.461  9.206  32.479 0.2500000000
80608  -42.677  6.120  30.719 0.3750000000
80593  -43.104  6.587  31.509 0.2500000000
81573  -43.584  6.847  32.259 0.2500000000
81561  -43.951  7.204  32.432 0.3750000000
79480  -42.293  5.337  30.393 0.2500000000
79481  -42.910  5.677  30.205 0.3750000000
81574  -44.613  6.848  31.243 0.2500000000
160244  -44.710  7.021  31.742 0.2500000000
80624  -42.964  5.559  29.589 0.2500000000
155157  -43.619  6.139  30.039 0.2500000000
153120  -44.177  6.612  30.149 0.3750000000
80644  -43.334  6.395  29.193 0.2500000000
152190  -44.817  8.427  31.729 0.2500000000
81575  -44.829  7.466  31.356 0.2500000000
81616  -44.116  7.780  29.217 0.3750000000
81589  -44.863  7.556  30.521 0.2500000000
81614  -42.919  6.962  28.380 0.3750000000
81615  -43.538  7.382  28.796 0.3750000000
81628  -42.503  7.486  27.618 0.2500000000
81629  -43.159  7.903  28.013 0.3750000000
82519  -45.800  8.961  31.096 0.3750000000
83459  -46.281  9.599  30.842 0.3750000000
138994  -44.702  8.114  29.644 0.2500000000
83458  -45.770  9.063  30.522 0.3750000000
82530  -44.396  8.628  28.976 0.3750000000
82523  -44.982  8.947  29.404 0.3750000000
83477  -43.255  8.907  27.704 0.2500000000
83486  -42.323  9.034  26.933 0.2500000000
83465  -45.487  9.370  29.871 0.3750000000
85101  -47.472  11.560  30.130 0.3750000000
83470  -44.632  9.369  28.880 0.3750000000
83464  -45.146  9.698  29.303 0.3750000000
85103  -45.542  11.209  29.119 0.5000000000
86036  -46.770  12.070  29.451 0.5000000000
83469  -43.981  9.170  28.412 0.3750000000
84237  -44.629  10.405  28.630 0.3750000000
84246  -44.001  10.685  28.073 0.3750000000
85112  -44.039  11.677  28.151 0.2500000000
86037  -47.551  12.787  29.369 0.5000000000
138980  -48.210  13.550  29.024 0.2500000000
86035  -45.902  12.033  28.970 0.5000000000
86950  -44.709  13.890  27.547 0.5000000000
86951  -45.355  14.397  27.807 0.5000000000
88750  -48.908  15.028  28.485 0.5000000000
87877  -46.792  14.522  28.383 0.5000000000
87876  -46.017  14.710  28.036 0.5000000000
88765  -47.162  15.830  27.626 0.5000000000
90497  -48.136  17.408  26.857 0.5000000000
87891  -45.524  15.364  27.266 0.3750000000
89660  -45.779  16.368  25.777 0.3750000000
90513  -47.431  17.364  26.346 0.3750000000
90514  -48.050  17.892  26.036 0.3750000000
89691  -45.865  16.383  25.016 0.3750000000
88809  -45.694  15.664  24.472 0.3750000000
153325  -46.235  16.192  24.541 0.3750000000
90512  -46.831  17.192  25.797 0.5000000000
90529  -47.426  17.611  25.477 0.5000000000
90530  -48.092  18.034  25.126 0.3750000000
89692  -47.277  16.746  24.316 0.6250000000
90550  -47.626  17.501  24.661 0.6250000000
90551  -48.409  17.757  24.315 0.3750000000
87935  -46.999  14.327  23.523 0.2500000000
88814  -47.138  15.199  23.656 0.3750000000
87936  -47.822  14.710  23.517 0.3750000000
134982  -47.236  13.361  23.449 0.1250000000
86986  -47.890  13.898  23.482 0.3750000000
134370  -48.422  14.306  23.506 0.3750000000
135011  -48.121  13.046  23.465 0.3750000000
85141  -49.341  11.859  23.705 0.2500000000
83506  -50.916  9.258  23.185 0.1250000000
82568  -51.994  8.940  22.597 0.1250000000
82586  -52.292  8.905  21.143 0.1250000000
84305  -52.098  10.055  20.620 0.2500000000
82593  -51.598  8.358  20.722 0.1250000000
83530  -51.857  9.157  20.571 0.1250000000
153867  -49.927  8.527  19.539 0.1250000000
88811  -47.298  15.937  23.922 0.5000000000
89693  -48.083  17.087  23.987 0.6250000000
89699  -47.984  16.294  23.797 0.3750000000
134369  -49.123  14.309  23.531 0.3750000000
86987  -48.690  13.643  23.540 0.3750000000
135710  -49.899  12.706  23.654 0.3750000000
142684  -50.357  12.009  23.736 0.1250000000
86076  -51.361  12.115  23.665 0.3750000000
148355  -49.370  10.753  23.585 0.2500000000
146724  -51.224  10.531  23.546 0.1250000000
147340  -52.847  10.716  23.185 0.2500000000
84298  -53.106  10.262  21.550 0.2500000000
84276  -52.117  10.291  23.314 0.1250000000
83527  -52.721  9.511  21.700 0.1250000000
83531  -52.549  9.703  20.980 0.2500000000
85164  -51.104  11.013  20.470 0.2500000000
83528  -50.207  9.454  20.268 0.2500000000
86077  -52.564  12.295  23.463 0.2500000000
85145  -53.371  11.392  23.174 0.2500000000
84307  -53.434  10.850  21.356 0.2500000000
85166  -52.954  11.396  20.860 0.2500000000
73519  -19.414  0.119  50.378 0.3750000000
73535  -19.211  0.738  48.651 0.3750000000
135054  2.543  5.504  47.304 0.2500000000
144265  2.289  4.847  45.328 0.2500000000
75832  -31.179  1.964  46.820 0.5000000000
75831  -30.601  2.396  46.430 0.5000000000
74703  -32.124  1.825  48.228 0.5000000000
73552  -33.370  1.173  46.982 0.5000000000
72544  -32.022  0.093  43.261 0.5000000000
137759  -39.784  10.291  32.981 0.2500000000
79112  -16.405  3.774  59.776 0.6250000000
68569  1.886  -5.264  36.646 0.2500000000
74762  -21.363  1.951  43.335 0.5000000000
83439  -43.714  8.958  32.437 0.2500000000
76770  -20.610  2.944  60.496 0.5000000000
75726  -20.851  2.714  59.365 0.5000000000
158019  -18.435  0.735  58.239 0.6250000000
149080  -19.690  0.000  55.838 0.6250000000
83157  -6.776  9.661  56.624 0.5000000000
83158  -7.428  10.057  56.238 0.5000000000
67295  2.333  -6.086  38.058 0.1250000000
85691  -5.395  12.044  57.205 0.3750000000
72511  -18.620  -0.584  47.566 0.3750000000
154465  -20.324  2.029  45.568 0.5000000000
74764  -30.632  1.163  43.582 0.5000000000
73643  -30.218  0.514  42.073 0.6250000000
71619  -31.946  -0.810  39.946 0.6250000000
72568  -30.654  -0.002  41.756 0.5000000000
72542  -30.986  0.196  42.717 0.5000000000
71593  -31.507  -0.344  41.410 0.3750000000
159671  -45.307  13.665  28.161 0.3750000000
87892  -46.499  15.242  27.835 0.5000000000
89645  -48.423  16.653  27.462 0.5000000000
81585  -40.315  7.896  30.238 0.3750000000
136168  -44.803  9.941  28.872 0.3750000000
144808  -43.645  9.819  27.815 0.3750000000
155745  -44.674  11.857  28.472 0.5000000000
155680  -16.908  -2.712  54.743 0.2500000000
85709  -4.478  12.838  55.279 0.5000000000
86607  -4.121  12.963  56.214 0.5000000000
83434  -39.780  10.098  32.489 0.5000000000
91357  -48.715  18.370  25.650 0.3750000000
79134  -14.420  5.038  59.609 0.2500000000
84799  -11.535  11.708  58.795 0.2500000000
83974  -12.363  10.913  58.448 0.2500000000
81276  -14.246  7.313  57.563 0.3750000000
84801  -12.566  11.415  57.782 0.2500000000
83146  -13.440  8.551  56.672 0.1250000000
82236  -14.000  8.042  56.743 0.1250000000
147728  -13.087  10.220  56.049 0.2500000000
82235  -13.450  8.596  56.291 0.2500000000
81291  -14.222  7.326  56.443 0.2500000000
161564  -13.295  10.766  55.676 0.2500000000
83168  -13.007  9.490  55.730 0.2500000000
156930  -13.128  10.481  55.558 0.2500000000
82247  -13.231  8.368  55.631 0.2500000000
157655  -14.827  4.528  59.848 0.3750000000
77979  -14.663  4.573  59.150 0.2500000000
85689  -12.375  12.205  57.827 0.2500000000
86603  -12.298  12.871  57.353 0.2500000000
157278  -12.686  11.782  57.211 0.2500000000
138865  -13.304  13.418  56.205 0.2500000000
83198  -12.615  9.502  51.990 0.2500000000
133580  -9.411  13.728  58.088 0.3750000000
86597  -10.672  13.264  57.739 0.2500000000
88455  -9.830  14.424  57.777 0.2500000000
156984  -11.872  14.337  55.856 0.2500000000
87545  -11.909  13.878  56.861 0.2500000000
87546  -12.267  13.391  57.005 0.2500000000
148526  -12.863  14.026  55.924 0.2500000000
85708  -14.291  12.872  54.793 0.2500000000
86612  -14.018  13.301  54.984 0.2500000000
80255  -13.767  6.862  55.164 0.2500000000
86630  -14.439  13.209  53.931 0.2500000000
85712  -14.545  12.990  54.156 0.2500000000
84834  -14.552  11.955  52.651 0.2500000000
84815  -6.945  11.408  56.821 0.5000000000
85678  -8.009  13.214  57.828 0.5000000000
86591  -7.845  13.227  57.816 0.5000000000
85677  -7.156  13.151  57.935 0.5000000000
83988  -7.566  10.881  56.379 0.5000000000
87535  -8.718  14.264  58.379 0.3750000000
88465  -10.546  14.726  56.109 0.2500000000
150347  -11.807  14.086  55.469 0.2500000000
87566  -12.729  13.662  55.155 0.2500000000
86629  -13.784  13.451  53.778 0.2500000000
80294  -12.685  6.881  51.278 0.1250000000
84021  -15.197  11.630  51.050 0.1250000000
85683  -6.872  13.192  58.095 0.3750000000
85682  -6.785  13.194  58.132 0.3750000000
85699  -6.232  12.211  57.218 0.3750000000
88452  -8.192  15.120  57.704 0.3750000000
88464  -10.087  14.982  56.128 0.2500000000
141704  -9.434  15.083  56.665 0.2500000000
87557  -10.326  14.742  55.785 0.2500000000
79171  -14.100  5.682  55.856 0.3750000000
86620  -11.868  13.520  54.729 0.2500000000
86640  -13.366  13.394  53.027 0.2500000000
80284  -13.099  6.364  52.614 0.1250000000
159764  -15.644  11.947  50.681 0.1250000000
142280  -12.460  8.796  49.011 0.1250000000
78003  -16.293  3.695  57.789 0.3750000000
85681  -6.401  12.724  57.168 0.3750000000
88456  -7.483  14.623  57.421 0.3750000000
88462  -8.683  15.106  56.424 0.3750000000
86619  -10.757  13.620  54.615 0.2500000000
88466  -9.403  15.035  55.934 0.3750000000
78014  -15.205  4.016  56.567 0.3750000000
157852  -17.481  -2.442  54.938 0.3750000000
70503  -18.269  -1.708  55.073 0.5000000000
85747  -15.084  12.383  50.736 0.1250000000
142744  -18.633  -2.181  53.589 0.5000000000
143909  -18.782  -1.066  53.974 0.6250000000
69530  -19.294  -3.246  52.311 0.6250000000
81403  -12.577  7.453  48.010 0.1250000000
135956  -7.122  14.359  55.980 0.3750000000
87553  -5.913  13.809  56.052 0.3750000000
88461  -7.529  14.582  56.491 0.3750000000
141112  -6.409  13.398  56.756 0.3750000000
143551  -8.780  14.351  54.901 0.3750000000
87561  -6.978  14.233  55.235 0.3750000000
142111  -8.831  14.613  55.468 0.3750000000
86617  -8.962  14.036  54.264 0.3750000000
87563  -9.389  14.243  54.915 0.3750000000
86638  -10.703  13.213  52.522 0.2500000000
85745  -12.217  12.595  50.939 0.1250000000
86600  -4.689  12.694  56.735 0.3750000000
86611  -6.030  13.821  55.477 0.3750000000
86616  -8.151  14.191  54.195 0.3750000000
86624  -8.427  13.783  53.463 0.3750000000
85756  -12.765  12.337  49.620 0.1250000000
85763  -14.999  12.249  49.100 0.1250000000
69549  -19.437  -3.207  51.043 0.6250000000
86613  -5.440  13.426  55.058 0.3750000000
85720  -8.282  12.926  52.085 0.2500000000
85732  -9.456  12.711  51.365 0.2500000000
85733  -10.180  12.660  51.207 0.1250000000
85755  -11.747  12.298  49.636 0.1250000000
70572  -19.156  -3.282  49.683 0.2500000000
85718  -6.862  12.615  52.684 0.3750000000
84829  -5.808  12.152  53.335 0.3750000000
154154  -19.198  -0.777  50.188 0.5000000000
71540  -18.553  -1.651  48.062 0.3750000000
80359  2.642  6.410  47.480 0.2500000000
74717  -32.720  1.282  47.622 0.5000000000
74731  -32.421  1.316  46.658 0.5000000000
74740  -30.838  1.521  45.165 0.5000000000
74741  -31.427  1.211  45.395 0.5000000000
83452  -40.376  9.694  31.940 0.6250000000
81570  -41.484  7.813  31.246 0.3750000000
83437  -42.226  9.301  32.311 0.2500000000
81572  -42.792  6.966  32.104 0.2500000000
83438  -42.984  8.948  32.366 0.2500000000
80595  -44.155  6.418  30.681 0.3750000000
148635  -44.384  6.881  32.021 0.2500000000
82510  -45.067  8.266  31.361 0.3750000000
81599  -43.914  6.874  29.541 0.3750000000
82518  -45.278  8.275  30.848 0.3750000000
83466  -46.024  9.866  30.256 0.3750000000
84233  -46.324  10.678  29.946 0.3750000000
84234  -47.060  10.997  30.253 0.3750000000
86021  -47.513  12.021  29.825 0.3750000000
85104  -46.229  11.327  29.497 0.3750000000
84238  -45.220  10.448  29.108 0.3750000000
86022  -48.146  12.453  29.824 0.3750000000
84245  -43.096  10.587  27.453 0.2500000000
86045  -44.281  12.476  28.142 0.3750000000
86926  -48.559  12.969  29.548 0.3750000000
88764  -46.330  15.831  27.297 0.5000000000
89644  -47.489  16.732  27.130 0.5000000000
89643  -46.653  16.440  26.964 0.5000000000
88784  -45.917  16.176  26.673 0.3750000000
89677  -46.341  16.804  25.408 0.5000000000
156380  -46.923  16.937  26.525 0.6250000000
142540  -46.493  16.693  24.767 0.5000000000
88801  -44.770  15.235  24.878 0.3750000000
87931  -46.221  14.949  23.755 0.3750000000
88810  -46.570  15.706  24.068 0.5000000000
86074  -46.510  12.710  23.398 0.2500000000
87937  -48.576  14.970  23.488 0.3750000000
85140  -47.669  11.587  23.489 0.2500000000
139990  -48.347  12.151  23.607 0.3750000000
135711  -48.991  12.812  23.615 0.3750000000
84275  -50.610  9.921  23.467 0.1250000000
82573  -52.278  8.801  21.948 0.1250000000
82572  -51.608  8.426  22.255 0.1250000000
83507  -52.125  9.582  22.957 0.1250000000
83529  -50.966  9.113  20.297 0.1250000000
84304  -51.150  9.939  20.392 0.2500000000
84306  -52.771  10.485  20.942 0.2500000000
160422  -51.623  10.465  20.517 0.2500000000
82592  -51.080  8.479  20.245 0.1250000000
82597  -49.322  8.591  19.191 0.1250000000
83537  -49.599  8.962  19.920 0.1250000000
85143  -50.874  11.325  23.678 0.1250000000
145555  -50.309  10.667  23.619 0.2500000000
85144  -52.089  11.212  23.525 0.2500000000
84277  -52.756  10.154  22.817 0.2500000000
84299  -53.791  10.831  22.100 0.2500000000
83163  -7.161  9.255  56.153 0.3750000000
83993  -8.229  10.413  55.866 0.3750000000
83165  -8.681  9.908  55.301 0.3750000000
83166  -9.327  9.807  55.263 0.3750000000
83172  -8.945  9.458  54.596 0.2500000000
83173  -9.479  9.247  54.690 0.2500000000
81304  -23.220  8.105  54.792 0.1250000000
81303  -22.790  7.848  55.303 0.1250000000
81294  -22.927  7.158  56.065 0.1250000000
80260  -2.102  6.660  54.597 0.2500000000
83989  -8.450  10.997  56.208 0.3750000000
83994  -9.069  10.481  55.718 0.3750000000
83167  -9.928  9.520  55.372 0.2500000000
83174  -10.039  8.841  54.910 0.2500000000
85713  -5.459  12.642  53.968 0.2500000000
82256  -10.111  8.043  54.564 0.2500000000
84826  -4.792  12.445  54.605 0.2500000000
139542  -10.509  7.498  55.169 0.2500000000
83999  -5.195  11.697  53.780 0.2500000000
83176  -23.421  9.446  53.850 0.1250000000
84001  -4.712  10.669  53.869 0.2500000000
84833  -6.370  12.007  52.716 0.2500000000
85729  -6.975  12.074  51.980 0.2500000000
81314  -23.541  8.147  54.306 0.1250000000
83177  -23.777  9.523  53.552 0.1250000000
81315  -23.825  8.760  53.845 0.1250000000
78049  -1.419  4.343  52.584 0.3750000000
79193  -1.826  5.057  52.953 0.3750000000
84002  -5.337  10.846  53.253 0.2500000000
84832  -5.827  11.366  52.971 0.2500000000
79194  -2.299  5.383  52.585 0.2500000000
80278  -2.694  6.047  52.623 0.2500000000
83178  -3.940  9.094  53.967 0.2500000000
83180  -5.099  10.110  53.051 0.2500000000
141679  -5.672  10.573  52.588 0.2500000000
84004  -6.315  11.165  52.136 0.2500000000
84837  -7.275  11.992  51.199 0.2500000000
82258  -23.090  9.155  54.372 0.1250000000
161229  -23.005  6.809  55.308 0.1250000000
80259  -23.192  7.363  54.810 0.1250000000
80266  -23.376  7.308  54.202 0.1250000000
80267  -2.088  6.153  53.939 0.2500000000
80279  -3.200  6.850  52.756 0.2500000000
83179  -4.528  9.628  53.538 0.2500000000
82248  -22.678  8.541  54.855 0.1250000000
80268  -2.571  6.612  53.420 0.2500000000
80269  -3.080  7.389  53.461 0.2500000000
81307  -2.958  7.823  54.170 0.2500000000
82260  -3.595  8.224  53.546 0.2500000000
82261  -4.274  8.800  53.204 0.2500000000
83186  -4.811  9.303  52.755 0.2500000000
83187  -5.379  9.799  52.292 0.2500000000
84009  -6.336  10.758  51.375 0.2500000000
84843  -6.752  11.421  51.276 0.2500000000
81326  -3.657  7.612  52.853 0.2500000000
82272  -4.059  8.199  52.872 0.2500000000
82273  -4.533  8.559  52.477 0.2500000000
84008  -5.914  10.315  51.835 0.2500000000
82274  -5.080  9.012  52.015 0.2500000000
83197  -6.080  10.104  51.039 0.2500000000
84816  -7.763  11.494  56.642 0.3750000000
82246  -10.408  8.951  55.608 0.2500000000
140035  -2.126  4.143  49.915 0.2500000000
81298  -10.743  8.014  55.932 0.2500000000
78076  -1.687  3.938  50.403 0.3750000000
136556  -2.347  4.390  50.559 0.2500000000
78061  -2.276  4.575  51.442 0.2500000000
76853  -1.150  3.688  51.034 0.3750000000
78060  -1.828  4.104  51.039 0.3750000000
85719  -7.497  12.799  52.335 0.1250000000
79204  -3.225  5.553  51.316 0.2500000000
85730  -7.725  12.487  51.569 0.1250000000
76837  -0.783  3.655  52.050 0.3750000000
78050  -2.083  4.746  52.235 0.3750000000
79203  -2.711  5.318  51.895 0.2500000000
83190  -23.511  9.760  53.290 0.1250000000
80289  -3.321  6.238  51.901 0.2500000000
85741  -7.813  12.241  50.771 0.1250000000
83201  -23.750  9.853  52.056 0.1250000000
81337  -3.797  7.134  52.141 0.2500000000
82268  -22.352  8.891  53.990 0.1250000000
84844  -7.190  11.607  50.489 0.2500000000
82283  -4.723  8.277  51.731 0.2500000000
84845  -7.838  11.949  50.114 0.2500000000
83196  -5.578  9.556  51.511 0.2500000000
141297  -6.572  10.787  50.567 0.2500000000
83159  -10.279  9.755  55.999 0.3750000000
83995  -9.701  10.208  55.804 0.3750000000
78097  -2.382  4.320  49.200 0.2500000000
78117  -3.005  4.572  48.621 0.2500000000
145745  -2.592  4.427  49.845 0.2500000000
79169  -11.010  5.995  55.835 0.3750000000
80254  -10.699  6.565  55.111 0.3750000000
83185  -24.217  9.650  53.257 0.1250000000
83202  -24.349  10.122  52.369 0.1250000000
78077  -2.995  4.774  50.206 0.2500000000
79220  -3.406  5.360  50.616 0.2500000000
142612  -23.738  9.935  52.762 0.1250000000
79219  -2.846  4.969  51.022 0.2500000000
79221  -3.983  5.815  50.244 0.2500000000
80303  -3.709  6.046  51.061 0.2500000000
83200  -23.165  9.577  52.542 0.1250000000
81338  -4.364  7.454  51.443 0.2500000000
85742  -8.499  12.272  50.303 0.1250000000
81327  -4.200  7.867  52.264 0.2500000000
144050  -12.660  1.120  51.099 0.3750000000
81323  -21.672  8.141  53.735 0.1250000000
82284  -5.246  8.772  51.219 0.2500000000
84850  -7.482  11.463  49.707 0.2500000000
84019  -6.946  11.082  49.945 0.2500000000
84817  -8.633  11.436  56.615 0.3750000000
83990  -9.275  10.873  56.249 0.3750000000
80349  -2.624  5.682  46.827 0.1250000000
81399  -3.063  6.363  46.196 0.1250000000
78128  -2.802  4.677  48.071 0.1250000000
80350  -3.536  5.293  47.317 0.1250000000
141530  -3.638  5.825  46.677 0.1250000000
82239  -10.563  8.823  56.329 0.3750000000
83153  -10.373  9.317  56.715 0.2500000000
79266  -3.378  4.859  48.044 0.1250000000
80248  -10.840  6.969  55.864 0.2500000000
78096  -1.530  4.005  49.675 0.3750000000
78098  -3.073  4.606  49.387 0.2500000000
79248  -3.626  4.928  48.865 0.2500000000
156776  -4.208  5.412  48.263 0.1250000000
148289  -10.720  7.159  56.622 0.2500000000
81289  -10.570  7.924  56.884 0.2500000000
76869  -1.120  3.735  50.291 0.3750000000
79234  -3.572  5.137  49.775 0.2500000000
79235  -4.182  5.555  49.343 0.2500000000
79161  -10.937  5.739  56.722 0.3750000000
152089  -10.880  6.468  56.435 0.2500000000
76887  -0.795  3.789  49.928 0.3750000000
85731  -8.604  12.604  51.215 0.1250000000
78012  -11.031  4.383  56.076 0.3750000000
79162  -10.973  5.181  56.220 0.3750000000
82271  -24.943  9.356  52.763 0.1250000000
80304  -4.519  6.293  49.847 0.2500000000
78011  -11.136  4.784  57.019 0.3750000000
79145  -10.737  5.307  58.632 0.3750000000
81325  -24.352  8.627  53.322 0.1250000000
153134  -4.702  7.346  50.709 0.2500000000
81368  -4.747  6.929  50.189 0.2500000000
85743  -9.433  12.479  50.584 0.1250000000
78001  -11.438  3.971  57.636 0.3750000000
83211  -23.214  9.337  51.513 0.1250000000
81339  -4.934  7.996  50.945 0.2500000000
85752  -9.094  12.221  49.855 0.1250000000
72467  -13.038  -0.672  51.005 0.2500000000
146902  -12.614  0.758  52.703 0.3750000000
82299  -22.058  8.253  51.641 0.1250000000
82296  -5.522  8.432  50.413 0.2500000000
83207  -5.786  9.296  50.718 0.2500000000
83208  -6.290  9.857  50.237 0.2500000000
84851  -8.384  11.779  49.447 0.1250000000
159725  -12.899  -0.851  50.379 0.2500000000
73483  -12.901  0.137  52.262 0.3750000000
81354  -20.915  6.977  51.749 0.1250000000
71515  -12.896  -1.959  49.749 0.2500000000
71491  -13.348  -1.256  51.845 0.2500000000
72458  -13.055  -0.717  52.677 0.3750000000
70558  -13.278  -2.328  50.655 0.2500000000
143500  -13.395  -1.839  51.806 0.3750000000
151955  -13.536  -2.861  50.796 0.2500000000
70545  -13.443  -1.851  52.631 0.2500000000
70511  -14.116  -0.599  53.875 0.3750000000
80274  -20.413  6.345  53.565 0.1250000000
80285  -20.406  6.115  52.677 0.1250000000
69548  -13.685  -3.220  50.420 0.2500000000
68351  -14.003  -2.610  52.586 0.3750000000
141624  -14.449  -1.614  53.789 0.3750000000
79200  -20.048  5.667  53.166 0.1250000000
80296  -20.304  5.935  51.700 0.1250000000
155356  -15.389  -1.790  54.619 0.2500000000
79226  -19.655  5.334  51.394 0.1250000000
78058  -19.454  4.872  52.748 0.1250000000
78085  -19.005  4.543  51.158 0.1250000000
79251  -19.072  5.011  49.390 0.1250000000
76877  -18.416  3.928  50.709 0.1250000000
78057  -18.979  4.235  52.062 0.1250000000
79225  -19.363  5.124  50.468 0.1250000000
79269  -19.050  5.114  47.641 0.1250000000
78104  -18.696  4.518  50.165 0.1250000000
78121  -18.587  4.667  48.386 0.1250000000
134104  -19.432  5.465  46.880 0.1250000000
78116  -2.450  4.530  48.482 0.2500000000
79265  -2.747  4.974  47.487 0.2500000000
81400  -4.355  6.263  46.355 0.1250000000
82234  -10.402  8.583  57.207 0.3750000000
78115  -2.171  4.769  47.972 0.2500000000
80352  -5.055  6.277  47.326 0.1250000000
139192  -1.644  4.428  48.718 0.3750000000
79247  -1.295  5.056  48.042 0.3750000000
81401  -5.588  6.724  46.886 0.2500000000
80337  -4.922  6.108  48.138 0.2500000000
81281  -10.340  7.800  57.784 0.3750000000
80321  -5.148  6.580  48.776 0.2500000000
80320  -4.713  6.095  48.987 0.2500000000
81260  -10.288  7.486  59.539 0.3750000000
80228  -10.017  6.817  59.001 0.3750000000
147891  -10.470  7.118  57.508 0.2500000000
78095  -0.844  4.140  49.354 0.3750000000
146975  -0.139  4.446  49.287 0.3750000000
141258  -4.978  6.777  49.505 0.2500000000
80222  -10.237  6.686  59.290 0.3750000000
80223  -10.402  5.835  59.127 0.2500000000
84010  -25.040  10.446  51.660 0.1250000000
84006  -25.136  10.401  52.213 0.1250000000
82279  -24.930  8.922  52.773 0.1250000000
81369  -5.473  7.210  49.119 0.2500000000
157875  -12.181  6.298  60.208 0.1250000000
80215  -11.179  6.290  59.999 0.2500000000
154407  -10.918  4.899  59.046 0.2500000000
83213  -24.523  9.802  50.823 0.1250000000
81335  -24.649  8.296  52.776 0.1250000000
81352  -5.188  7.533  50.081 0.2500000000
80216  -11.851  5.914  60.336 0.1250000000
77989  -11.471  3.899  58.569 0.3750000000
83225  -23.945  9.365  50.173 0.1250000000
82311  -5.811  8.030  49.544 0.2500000000
85753  -9.883  12.271  49.818 0.1250000000
80217  -12.605  5.841  60.652 0.1250000000
79107  -12.029  4.351  60.378 0.2500000000
147815  -11.968  3.283  58.791 0.2500000000
82325  -23.714  8.585  48.883 0.1250000000
82297  -6.081  8.933  49.911 0.2500000000
83222  -6.521  9.506  49.413 0.2500000000
84861  -7.674  11.291  49.006 0.1250000000
77961  -12.100  3.679  60.189 0.2500000000
146445  -11.953  3.335  59.594 0.2500000000
82313  -22.790  8.439  50.033 0.1250000000
136110  -6.743  10.387  49.756 0.2500000000
84028  -7.168  10.866  49.339 0.1250000000
84862  -8.204  11.481  48.669 0.1250000000
84852  -9.373  11.882  49.261 0.1250000000
84853  -10.254  11.889  49.153 0.1250000000
76768  -12.246  3.193  60.082 0.2500000000
156860  -8.875  11.628  48.677 0.1250000000
76808  -16.915  3.309  55.502 0.1250000000
76820  -17.711  3.339  53.892 0.1250000000
79237  -19.735  5.531  49.854 0.1250000000
80324  -20.091  5.933  49.272 0.1250000000
150171  -20.456  6.154  50.916 0.1250000000
76829  -17.636  3.313  52.993 0.1250000000
76830  -18.495  3.597  53.283 0.1250000000
79252  -19.299  5.289  48.445 0.1250000000
161255  -19.598  5.515  49.083 0.1250000000
80354  -20.101  6.033  47.906 0.1250000000
76821  -18.533  3.618  54.199 0.1250000000
79270  -19.632  5.610  47.745 0.1250000000
145343  -19.496  5.548  46.088 0.1250000000
83274  -2.945  9.563  45.276 0.1250000000
84063  -3.603  9.917  44.551 0.1250000000
83276  -4.171  9.123  44.310 0.1250000000
83286  -4.854  9.232  43.881 0.1250000000
83296  -5.342  9.472  43.688 0.1250000000
84061  -2.565  10.329  45.516 0.1250000000
83252  -2.856  8.367  45.727 0.1250000000
83264  -3.328  8.671  45.204 0.1250000000
83275  -3.494  9.251  44.779 0.1250000000
83265  -4.477  8.164  44.726 0.1250000000
83297  -5.908  9.415  43.714 0.1250000000
82336  -3.341  7.136  45.722 0.1250000000
83277  -5.138  8.494  44.230 0.1250000000
79264  -1.909  5.341  47.407 0.3750000000
80348  -1.661  6.218  47.136 0.1250000000
81398  -2.271  7.314  46.408 0.1250000000
82337  -4.855  6.819  45.718 0.1250000000
83254  -5.286  7.466  45.311 0.1250000000
83287  -5.568  8.900  43.919 0.1250000000
82377  -5.974  8.518  44.363 0.1250000000
83145  -10.262  9.247  57.417 0.3750000000
83985  -10.160  9.986  56.763 0.3750000000
79263  -1.140  5.931  47.736 0.3750000000
81397  -1.474  7.283  47.213 0.1250000000
156919  -2.159  6.564  46.622 0.1250000000
83266  -5.720  7.991  44.910 0.1250000000
82352  -6.153  7.877  45.790 0.1250000000
80347  -1.129  6.736  47.651 0.2500000000
81402  -6.242  7.462  47.126 0.1250000000
158574  -6.327  8.199  45.508 0.1250000000
82378  -6.770  9.005  44.490 0.1250000000
78114  -0.639  4.717  48.676 0.3750000000
79246  -0.352  5.690  48.414 0.2500000000
81386  -5.609  6.727  48.127 0.2500000000
82339  -6.475  8.061  46.790 0.1250000000
82353  -6.894  8.722  46.213 0.1250000000
82210  -10.267  8.126  59.270 0.3750000000
81274  -10.051  7.507  59.201 0.3750000000
78113  0.252  5.119  49.047 0.3750000000
81387  -6.101  7.281  47.773 0.2500000000
81370  -5.989  7.647  48.597 0.2500000000
82322  -6.433  8.156  47.919 0.2500000000
83267  -7.543  9.856  46.276 0.1250000000
81261  -10.714  7.378  59.972 0.3750000000
83194  -26.621  9.828  52.388 0.1250000000
145246  -26.529  10.396  52.137 0.1250000000
83255  -6.821  9.003  47.476 0.2500000000
83256  -7.339  9.846  47.166 0.1250000000
81262  -11.602  7.011  60.057 0.1250000000
81336  -25.416  8.643  52.227 0.1250000000
82288  -26.407  8.670  51.971 0.1250000000
81348  -26.825  8.298  51.642 0.1250000000
82312  -6.262  8.578  48.990 0.2500000000
83237  -6.656  9.225  48.489 0.2500000000
83238  -7.166  9.943  48.110 0.1250000000
82315  -24.068  9.122  49.391 0.1250000000
81347  -25.807  8.313  51.696 0.2500000000
81357  -26.077  7.824  51.130 0.2500000000
84027  -7.029  10.062  48.989 0.1250000000
84038  -7.343  10.759  48.571 0.1250000000
84872  -7.728  11.234  48.223 0.1250000000
85754  -10.802  12.280  49.726 0.1250000000
82341  -24.006  8.325  48.081 0.1250000000
81392  -23.120  7.941  48.269 0.1250000000
81373  -21.542  7.422  49.813 0.1250000000
84863  -9.693  11.671  48.578 0.1250000000
81391  -22.224  7.556  48.083 0.1250000000
81405  -22.695  7.597  47.395 0.1250000000
81404  -21.897  7.340  47.308 0.1250000000
81390  -21.454  7.206  48.071 0.1250000000
76819  -16.836  3.343  54.491 0.1250000000
81414  -21.681  7.146  46.646 0.1250000000
80356  -21.158  6.875  47.245 0.1250000000
80341  -20.896  6.795  48.077 0.1250000000
80364  -21.187  6.794  46.291 0.1250000000
80363  -20.555  6.427  46.746 0.1250000000
80340  -20.427  6.371  48.534 0.1250000000
80325  -20.554  6.455  49.547 0.1250000000
76844  -17.541  3.339  52.149 0.1250000000
76860  -18.307  3.651  51.515 0.1250000000
79297  -19.974  5.809  45.466 0.1250000000
80382  -20.787  6.204  44.871 0.1250000000
80371  -20.585  6.384  45.845 0.1250000000
80362  -20.043  5.981  47.191 0.1250000000
76876  -17.734  3.473  50.768 0.1250000000
76896  -18.052  3.783  50.037 0.1250000000
78141  -18.363  4.553  46.724 0.1250000000
79296  -19.283  5.282  45.515 0.1250000000
78120  -17.848  3.916  48.601 0.1250000000
143816  -18.477  4.620  47.481 0.1250000000
84896  -2.884  11.144  45.252 0.1250000000
84062  -3.152  10.206  45.021 0.1250000000
84897  -3.483  10.891  44.538 0.1250000000
84912  -4.085  10.928  43.805 0.1250000000
148224  -4.601  10.960  43.245 0.1250000000
84092  -5.117  10.735  43.003 0.1250000000
84082  -5.549  10.075  43.410 0.1250000000
83263  -2.433  9.471  45.714 0.1250000000
83984  -9.717  10.828  56.836 0.3750000000
83262  -1.746  9.842  46.288 0.1250000000
82335  -2.252  8.204  46.334 0.1250000000
83298  -6.548  9.511  43.900 0.1250000000
83991  -9.882  10.396  56.255 0.3750000000
82334  -1.608  8.186  47.013 0.1250000000
82228  -10.293  8.274  57.789 0.3750000000
81396  -0.751  7.447  47.949 0.1250000000
83278  -7.223  9.200  45.426 0.1250000000
82218  -10.178  8.229  59.256 0.3750000000
80335  0.206  6.564  48.841 0.1250000000
81385  -0.080  7.422  48.648 0.1250000000
152795  -7.382  9.612  44.924 0.1250000000
82212  -11.152  8.457  59.519 0.3750000000
157257  -10.770  8.429  59.012 0.2500000000
79245  0.487  5.818  49.041 0.3750000000
143140  -7.691  10.099  45.522 0.1250000000
82213  -11.956  8.222  59.303 0.2500000000
84022  -25.951  10.598  51.153 0.1250000000
84023  -26.718  10.561  50.652 0.1250000000
84013  -27.761  10.334  51.908 0.1250000000
83203  -28.128  9.847  52.316 0.1250000000
152563  1.074  5.466  50.072 0.3750000000
84045  -7.663  10.741  46.984 0.1250000000
154809  -7.814  11.188  47.549 0.1250000000
81268  -12.764  7.833  59.007 0.1250000000
83226  -24.719  9.542  49.716 0.1250000000
83227  -25.586  9.818  49.676 0.1250000000
83215  -26.000  10.299  50.309 0.1250000000
82289  -27.352  8.730  52.070 0.1250000000
82290  -28.176  9.080  52.213 0.1250000000
84873  -8.412  11.467  47.921 0.1250000000
82326  -24.543  8.982  48.765 0.1250000000
83241  -25.186  9.473  49.045 0.1250000000
83242  -25.901  9.561  48.934 0.1250000000
82302  -27.635  8.344  51.770 0.2500000000
81376  -27.040  7.634  50.372 0.2500000000
82327  -25.381  9.015  48.435 0.1250000000
144398  -26.283  7.148  49.741 0.2500000000
84854  -11.183  11.878  49.040 0.1250000000
81406  -23.517  7.823  47.428 0.1250000000
81407  -24.318  8.042  47.260 0.1250000000
161249  -23.110  7.599  46.810 0.1250000000
76807  -15.799  3.653  55.058 0.1250000000
81415  -22.414  7.403  46.523 0.1250000000
76818  -15.872  3.609  54.107 0.1250000000
81425  -21.872  7.120  45.906 0.1250000000
76843  -16.717  3.321  52.691 0.1250000000
137858  -19.630  5.391  44.837 0.1250000000
78130  -18.043  4.174  47.928 0.1250000000
78156  -18.725  4.826  45.504 0.1250000000
140174  -3.169  11.982  44.871 0.1250000000
85779  -3.484  12.696  44.544 0.1250000000
84911  -3.713  11.870  44.170 0.1250000000
84924  -4.258  11.743  43.507 0.1250000000
85804  -4.486  12.455  43.247 0.1250000000
148771  -2.603  12.053  45.529 0.1250000000
84936  -4.793  11.578  42.954 0.1250000000
84937  -5.483  11.436  42.703 0.1250000000
155891  -5.889  12.102  42.510 0.1250000000
84938  -6.317  11.360  42.569 0.1250000000
84804  -8.637  12.250  57.353 0.3750000000
84812  -9.100  11.607  56.930 0.3750000000
84881  -1.733  11.308  46.423 0.1250000000
84093  -5.877  10.668  42.886 0.1250000000
84094  -6.763  10.684  42.812 0.1250000000
83250  -1.347  9.626  46.917 0.1250000000
84084  -7.163  10.379  43.396 0.1250000000
146471  -1.211  8.938  47.443 0.1250000000
83288  -7.180  9.776  44.337 0.1250000000
84064  -7.709  10.261  44.804 0.1250000000
83144  -10.239  9.133  57.867 0.3750000000
82321  -0.301  8.197  48.375 0.1250000000
83129  -10.120  8.916  58.963 0.3750000000
80319  0.815  6.491  49.933 0.1250000000
81384  0.519  7.373  49.648 0.1250000000
82310  1.001  8.176  50.335 0.2500000000
84065  -8.222  10.940  45.351 0.1250000000
82219  -11.651  8.972  59.097 0.2500000000
83130  -10.394  9.274  58.826 0.2500000000
81367  1.556  7.318  50.773 0.2500000000
82309  2.389  8.201  51.381 0.2500000000
84052  -7.988  10.766  46.212 0.1250000000
84883  -8.301  11.325  46.943 0.1250000000
82220  -12.489  8.807  58.766 0.2500000000
84024  -27.691  10.581  51.071 0.1250000000
80318  1.944  6.349  51.212 0.3750000000
80302  3.270  6.220  52.724 0.3750000000
83204  -28.737  9.541  52.069 0.1250000000
82303  -28.277  8.505  51.674 0.2500000000
82328  -26.229  9.028  48.250 0.1250000000
81359  -27.709  8.112  51.108 0.2500000000
82304  -28.950  8.637  51.307 0.2500000000
82342  -24.843  8.510  47.877 0.1250000000
81377  -27.825  7.754  50.282 0.2500000000
81360  -28.350  8.192  50.970 0.2500000000
80327  -27.188  7.185  49.618 0.2500000000
81416  -23.785  7.706  46.643 0.1250000000
156091  -14.858  4.239  54.989 0.1250000000
78044  -14.985  3.974  53.749 0.1250000000
81426  -22.647  7.305  45.584 0.1250000000
76858  -16.676  3.329  51.849 0.1250000000
76875  -16.691  3.279  50.907 0.1250000000
80372  -21.389  6.648  45.371 0.1250000000
135946  -17.160  3.325  50.068 0.1250000000
76895  -17.524  3.567  49.349 0.1250000000
159430  -17.128  3.390  48.770 0.1250000000
136421  -17.852  4.053  47.266 0.1250000000
78157  -18.976  4.940  44.889 0.1250000000
81351  2.795  7.172  52.384 0.2500000000
82294  3.184  8.524  51.598 0.2500000000
80301  3.830  6.697  52.865 0.2500000000
83206  2.903  9.303  51.081 0.2500000000
83205  3.163  9.600  50.763 0.1250000000
83219  3.380  9.621  50.323 0.1250000000
80300  4.677  6.244  52.460 0.2500000000
142742  4.368  7.397  52.388 0.2500000000
82293  3.449  8.749  51.090 0.2500000000
84025  3.360  10.374  49.734 0.1250000000
82292  -29.178  9.251  51.541 0.1250000000
80317  4.639  6.991  51.245 0.2500000000
81382  3.973  7.714  50.292 0.2500000000
82318  3.529  8.691  50.015 0.1250000000
81378  -28.578  7.830  50.175 0.2500000000
149957  -28.907  8.183  50.721 0.2500000000
80333  4.129  6.259  50.048 0.2500000000
80328  -28.064  7.214  49.552 0.2500000000
81379  -29.289  7.707  50.189 0.2500000000
81361  -29.477  8.235  50.780 0.2500000000
80344  -28.327  6.646  48.776 0.2500000000
80329  -28.913  7.175  49.505 0.2500000000
79257  -27.618  6.198  48.085 0.1250000000
155381  -19.976  5.481  44.010 0.1250000000
150176  -20.586  6.010  44.156 0.1250000000
83233  3.180  9.637  49.223 0.1250000000
84034  3.173  10.465  48.784 0.1250000000
137400  3.408  7.938  48.921 0.1250000000
82319  3.079  8.871  48.341 0.1250000000
83234  3.001  9.807  48.124 0.1250000000
81383  3.894  7.061  49.545 0.2500000000
83248  2.827  9.365  47.506 0.1250000000
81362  -30.121  8.224  50.671 0.2500000000
83232  -30.853  9.092  50.147 0.1250000000
158431  -31.211  7.408  50.443 0.1250000000
74704  -33.075  1.319  48.508 0.3750000000
82307  -31.034  8.608  50.317 0.1250000000
134886  -31.651  5.689  33.362 0.1250000000
79461  -32.009  6.294  32.979 0.1250000000
80578  -31.738  6.527  32.153 0.1250000000
75844  -37.681  2.711  46.251 0.1250000000
75845  -38.156  3.250  45.831 0.1250000000
74855  -31.896  0.996  37.100 0.3750000000
74869  -31.720  1.727  36.630 0.2500000000
75958  -31.971  2.601  36.295 0.2500000000
139944  -32.902  3.778  36.180 0.2500000000
150054  -33.395  5.525  35.800 0.3750000000
73751  -31.369  0.739  36.625 0.2500000000
74881  -31.242  2.204  35.942 0.2500000000
77098  -32.184  3.591  35.687 0.2500000000
79437  -32.588  5.278  35.297 0.2500000000
80561  -33.500  6.465  34.511 0.3750000000
74880  -30.539  1.609  35.536 0.2500000000
77124  -31.080  3.282  34.837 0.2500000000
78330  -31.691  4.755  34.825 0.2500000000
79448  -32.763  5.903  34.560 0.2500000000
81549  -34.774  7.729  33.533 0.5000000000
81568  -35.535  8.046  31.832 0.2500000000
82513  -36.957  8.700  30.716 0.2500000000
75970  -30.848  2.571  35.255 0.2500000000
147134  -31.121  4.018  34.439 0.2500000000
80573  -34.094  7.188  34.055 0.2500000000
81558  -35.659  8.194  33.022 0.5000000000
82514  -37.797  9.029  30.658 0.3750000000
81597  -38.853  7.835  29.211 0.2500000000
80623  -39.702  5.852  29.659 0.2500000000
79498  -40.539  4.397  30.190 0.2500000000
78410  -41.796  4.212  28.942 0.2500000000
79454  -31.625  5.271  33.989 0.2500000000
80571  -32.709  6.562  33.291 0.1250000000
145469  -33.801  7.322  32.375 0.1250000000
81583  -36.345  8.354  30.197 0.2500000000
81596  -37.799  8.256  29.017 0.2500000000
79543  -41.653  5.326  27.633 0.2500000000
80590  -33.205  7.134  31.951 0.2500000000
81567  -34.760  7.664  31.292 0.2500000000
79497  -39.871  4.842  30.077 0.2500000000
80603  -33.329  7.133  30.939 0.1250000000
81581  -34.769  7.598  30.356 0.1250000000
76973  -38.495  3.967  45.977 0.1250000000
77012  -38.202  4.337  43.450 0.1250000000
78207  -37.608  4.323  42.592 0.2500000000
80542  -34.358  6.697  35.808 0.5000000000
79438  -33.945  5.924  36.218 0.5000000000
80541  -33.749  6.244  35.416 0.5000000000
81542  -35.599  8.069  34.911 0.5000000000
78394  -41.935  4.438  29.737 0.2500000000
152065  -41.826  6.148  27.552 0.2500000000
80664  -42.362  6.527  27.884 0.2500000000
138460  -41.449  7.846  26.572 0.1250000000
81639  -42.033  8.089  27.006 0.2500000000
79301  -38.881  5.175  46.473 0.1250000000
78182  -39.280  5.020  45.399 0.1250000000
78194  -39.356  5.095  44.355 0.1250000000
79340  -37.440  5.146  41.567 0.2500000000
79341  -37.788  5.697  41.812 0.2500000000
79318  -38.884  5.068  43.462 0.2500000000
79360  -37.252  5.576  41.110 0.2500000000
81527  -35.613  7.842  35.657 0.5000000000
81526  -34.938  7.451  35.347 0.5000000000
81550  -35.578  8.169  34.071 0.5000000000
81551  -36.261  8.451  33.770 0.5000000000
143739  -36.406  8.475  32.328 0.5000000000
80605  -40.339  5.810  30.115 0.2500000000
153055  -41.971  4.829  28.352 0.2500000000
79544  -42.215  5.576  28.179 0.2500000000
147198  -42.185  9.869  26.732 0.2500000000
84244  -42.356  10.539  26.908 0.2500000000
156435  -42.647  12.204  27.204 0.2500000000
86044  -43.403  12.409  27.657 0.3750000000
137834  -44.798  13.140  28.133 0.3750000000
81598  -39.847  7.049  29.669 0.2500000000
79478  -40.731  5.035  30.416 0.2500000000
86949  -43.917  13.291  27.402 0.3750000000
80437  -38.350  6.396  41.946 0.2500000000
80663  -41.720  7.099  27.178 0.2500000000
80438  -39.016  6.907  42.389 0.1250000000
80457  -37.040  6.116  40.492 0.1250000000
141977  -37.966  6.930  41.356 0.2500000000
81486  -37.492  6.974  40.588 0.1250000000
81487  -38.068  7.624  41.055 0.2500000000
81477  -38.537  7.282  41.723 0.1250000000
82411  -38.325  8.551  40.783 0.2500000000
135350  -44.130  14.164  26.685 0.3750000000
79499  -42.485  4.987  29.926 0.2500000000
153866  -44.833  15.318  26.568 0.2500000000
88802  -45.275  15.897  25.303 0.3750000000
90552  -49.185  17.992  23.942 0.3750000000
91400  -49.909  18.196  23.731 0.2500000000
90565  -48.867  17.295  23.796 0.3750000000
90566  -49.811  17.462  23.583 0.3750000000
91401  -50.703  18.158  23.451 0.2500000000
92160  -51.208  19.138  23.547 0.2500000000
91402  -51.819  18.490  23.310 0.2500000000
90567  -51.420  17.547  23.312 0.2500000000
92950  -52.696  20.753  23.918 0.1250000000
92162  -52.738  20.103  23.596 0.1250000000
149792  -52.866  19.151  23.391 0.1250000000
151643  -50.687  17.248  23.394 0.2500000000
145367  -52.030  17.066  23.289 0.2500000000
151634  -52.167  17.667  23.280 0.2500000000
91404  -53.814  18.738  23.125 0.1250000000
92164  -54.093  19.920  22.789 0.1250000000
89702  -52.493  16.407  23.315 0.2500000000
90568  -52.843  17.150  23.305 0.2500000000
90569  -53.729  17.442  23.116 0.1250000000
87938  -51.886  14.192  23.518 0.2500000000
87940  -53.778  14.591  23.005 0.2500000000
88818  -53.537  15.568  22.823 0.1250000000
86990  -51.659  13.171  23.585 0.2500000000
157948  -52.574  13.035  23.462 0.2500000000
149200  -54.143  17.288  22.748 0.1250000000
86980  -53.445  14.150  23.216 0.2500000000
88822  -53.962  14.730  22.532 0.1250000000
88823  -53.785  15.904  22.363 0.1250000000
152647  -53.563  12.233  23.173 0.2500000000
86079  -54.059  12.816  22.862 0.2500000000
87943  -54.478  14.153  22.515 0.2500000000
142144  -54.429  14.368  22.280 0.1250000000
85146  -53.962  11.887  22.776 0.2500000000
86081  -54.333  12.511  22.255 0.2500000000
87003  -53.989  13.124  21.047 0.2500000000
87945  -54.822  14.040  22.001 0.1250000000
85157  -53.860  11.567  21.546 0.1250000000
86093  -53.502  12.272  20.958 0.1250000000
82596  -48.715  8.719  18.771 0.1250000000
88832  -53.882  15.969  21.857 0.1250000000
87952  -54.276  13.908  21.425 0.2500000000
87002  -52.963  12.945  20.707 0.2500000000
145542  -50.023  10.561  20.399 0.1250000000
85162  -49.436  11.396  20.440 0.1250000000
84312  -48.392  10.092  19.973 0.1250000000
83545  -48.024  9.183  18.713 0.1250000000
141839  -47.202  9.340  18.596 0.1250000000
88846  -54.107  14.746  21.736 0.1250000000
84302  -47.916  11.105  20.122 0.1250000000
150576  -48.632  11.721  20.460 0.2500000000
83534  -46.510  9.907  18.851 0.1250000000
83543  -44.644  9.419  18.215 0.1250000000
83544  -45.537  9.486  18.514 0.1250000000
82616  -44.637  8.122  17.759 0.1250000000
81705  -44.390  7.359  17.438 0.1250000000
153198  -46.970  10.377  19.282 0.1250000000
155338  -45.498  11.181  19.354 0.1250000000
82604  -44.071  8.918  17.739 0.1250000000
141274  -43.539  8.799  17.037 0.1250000000
136409  -43.333  8.773  16.385 0.1250000000
82615  -43.904  8.050  17.279 0.1250000000
80766  -43.570  6.623  16.407 0.1250000000
81735  -43.465  7.356  15.171 0.1250000000
80736  -44.194  6.517  17.284 0.1250000000
81704  -43.725  7.112  16.931 0.1250000000
80780  -43.557  6.614  15.662 0.1250000000
158193  -44.573  6.182  13.993 0.1250000000
80754  -43.777  6.250  16.938 0.1250000000
79668  -43.717  6.019  16.262 0.1250000000
79691  -44.337  5.947  14.551 0.1250000000
79709  -45.599  5.872  13.373 0.1250000000
79721  -47.995  5.320  12.414 0.1250000000
159721  -44.372  5.468  15.246 0.1250000000
78591  -46.608  4.582  13.768 0.1250000000
83556  -43.324  9.462  16.622 0.1250000000
156025  -46.202  6.093  12.814 0.1250000000
83212  -23.809  9.623  51.143 0.1250000000
82301  -23.290  9.083  50.555 0.1250000000
82314  -23.469  8.812  49.673 0.1250000000
82277  -22.193  8.796  53.324 0.1250000000
82300  -22.675  8.688  50.987 0.1250000000
81355  -22.119  7.957  50.488 0.1250000000
157553  -21.351  7.384  50.981 0.1250000000
80286  -20.758  6.720  53.097 0.1250000000
150648  -20.613  6.446  51.528 0.1250000000
160294  -20.605  6.431  50.328 0.1250000000
81389  -21.022  6.998  48.989 0.1250000000
74676  -12.701  0.919  51.869 0.3750000000
81358  -26.938  8.029  51.084 0.2500000000
146123  -31.517  2.495  48.368 0.3750000000
80343  -27.391  6.712  48.818 0.2500000000
79258  -28.552  6.143  47.998 0.1250000000
135289  -38.624  3.584  45.152 0.1250000000
78193  -38.898  4.342  44.440 0.1250000000
77028  -36.974  3.995  41.971 0.2500000000
78227  -37.783  5.053  42.200 0.2500000000
79359  -36.674  5.322  40.417 0.1250000000
73465  -12.827  -0.012  53.036 0.3750000000
81363  -30.764  8.124  50.528 0.1250000000
81495  -37.684  7.919  40.248 0.2500000000
81301  -21.083  7.372  55.889 0.1250000000
152834  -13.853  -1.617  53.246 0.3750000000
81302  -21.929  8.241  54.989 0.1250000000
81313  -21.793  8.249  54.399 0.1250000000
69504  -14.627  -2.196  53.770 0.2500000000
71474  -13.326  -1.033  53.084 0.3750000000
70522  -13.602  -1.122  53.159 0.3750000000
72452  -13.148  -0.731  53.170 0.3750000000
142266  -11.345  3.857  56.684 0.3750000000
76784  -11.904  3.354  58.157 0.3750000000
79183  -1.684  5.385  53.720 0.3750000000
79184  -2.162  5.808  53.188 0.2500000000
138904  -1.616  4.123  51.737 0.3750000000
81559  -36.524  8.558  33.202 0.5000000000
82521  -37.284  8.639  29.863 0.2500000000
71485  -13.244  -1.441  52.828 0.3750000000
81264  -13.178  7.088  59.564 0.1250000000
83137  -12.112  9.564  58.981 0.2500000000
77948  -12.561  3.876  60.695 0.2500000000
149617  -12.559  4.510  60.825 0.1250000000
158864  -13.136  6.108  60.431 0.1250000000
154825  -11.479  7.871  60.015 0.1250000000
76809  -17.792  3.355  54.874 0.1250000000
80334  3.483  6.400  48.658 0.2500000000
160251  -32.303  3.212  36.055 0.2500000000
79425  -33.783  5.118  36.502 0.3750000000
78322  -33.158  4.694  36.006 0.2500000000
85163  -50.214  11.582  20.465 0.1250000000
84313  -49.268  9.768  20.206 0.1250000000
85154  -54.128  11.590  22.297 0.1250000000
159033  -52.597  12.238  20.666 0.1250000000
82278  -22.882  9.489  53.309 0.1250000000
136826  -3.896  6.740  51.469 0.2500000000
82287  -22.461  8.937  52.569 0.1250000000
80290  -4.275  6.673  50.718 0.2500000000
154028  -22.715  8.959  51.848 0.1250000000
81334  -21.511  7.904  52.983 0.1250000000
81322  -21.171  7.523  54.215 0.1250000000
81333  -21.144  7.358  53.443 0.1250000000
80351  -4.366  5.810  47.279 0.1250000000
80238  -10.702  6.392  57.200 0.2500000000
79155  -10.841  5.546  57.669 0.3750000000
80229  -10.406  6.307  58.280 0.2500000000
83193  -25.775  9.463  52.471 0.1250000000
78000  -11.154  4.680  58.103 0.3750000000
77988  -11.121  4.486  58.925 0.3750000000
144372  -13.091  -1.488  50.677 0.2500000000
81345  -21.408  7.639  52.102 0.1250000000
82286  -21.879  8.313  52.537 0.1250000000
81344  -21.050  7.160  52.620 0.1250000000
80297  -20.659  6.556  52.241 0.1250000000
71500  -13.328  -1.975  51.368 0.2500000000
145294  -13.483  -3.251  49.606 0.2500000000
69540  -13.762  -2.976  51.392 0.2500000000
68389  -13.847  -2.814  52.034 0.2500000000
68415  -14.152  -3.781  49.570 0.2500000000
68390  -14.072  -3.241  51.647 0.3750000000
68352  -14.276  -2.681  52.810 0.3750000000
79211  -19.895  5.525  52.264 0.1250000000
78068  -19.382  4.990  51.909 0.1250000000
78045  -19.161  4.152  53.523 0.1250000000
159185  -18.998  4.004  52.785 0.1250000000
78103  -18.313  4.271  49.303 0.1250000000
76845  -18.416  3.604  52.448 0.1250000000
83253  -4.046  7.621  45.257 0.1250000000
80214  -10.581  6.566  59.641 0.2500000000
84011  -25.873  10.660  51.942 0.1250000000
79133  -11.019  5.030  59.358 0.2500000000
77978  -11.260  4.342  59.383 0.3750000000
79106  -11.658  4.264  59.942 0.1250000000
76781  -11.536  3.803  59.252 0.3750000000
82324  -22.986  8.220  49.163 0.1250000000
81374  -22.302  7.839  49.498 0.1250000000
145861  -20.005  5.656  50.764 0.1250000000
80339  -19.865  5.793  48.490 0.1250000000
80307  -20.281  5.987  50.127 0.1250000000
76828  -16.777  3.341  53.561 0.1250000000
82338  -5.895  7.307  46.189 0.1250000000
80336  -0.564  6.668  48.186 0.2500000000
83214  -25.298  10.052  50.550 0.1250000000
82282  -27.480  9.424  52.391 0.1250000000
145458  -7.478  10.761  47.747 0.1250000000
159723  -22.501  7.778  48.760 0.1250000000
141090  -21.810  7.475  48.853 0.1250000000
81372  -20.964  6.897  50.088 0.1250000000
159694  -21.026  6.298  44.258 0.1250000000
76859  -17.404  3.353  51.434 0.1250000000
85778  -2.926  12.802  45.222 0.1250000000
84882  -2.274  11.250  45.841 0.1250000000
84051  -1.960  10.462  46.052 0.1250000000
83251  -1.969  9.099  46.304 0.1250000000
138782  -1.642  8.847  46.836 0.1250000000
82333  -0.979  8.201  47.682 0.1250000000
78034  -15.075  3.978  54.457 0.1250000000
76827  -15.830  3.505  53.233 0.1250000000
84050  -1.449  10.503  46.665 0.1250000000
148708  -0.611  8.963  48.137 0.1250000000
82320  0.243  8.149  49.289 0.1250000000
138864  1.417  9.037  50.662 0.2500000000
78056  -14.993  3.870  52.878 0.1250000000
76842  -15.847  3.473  52.372 0.1250000000
76857  -15.840  3.414  51.526 0.1250000000
76894  -16.262  3.193  50.012 0.1250000000
81350  3.538  7.695  52.358 0.2500000000
81349  3.907  8.087  51.988 0.2500000000
81366  4.138  7.966  51.398 0.2500000000
82332  2.759  7.981  47.726 0.1250000000
138689  2.664  8.742  47.195 0.1250000000
82306  -30.472  8.774  50.746 0.1250000000
79455  -32.240  5.947  33.823 0.1250000000
80579  -32.542  6.771  32.465 0.1250000000
74868  -31.053  1.364  36.166 0.2500000000
75971  -31.630  3.038  35.567 0.2500000000
78321  -32.355  4.328  35.538 0.2500000000
77113  -31.663  3.803  35.148 0.2500000000
78331  -32.125  5.470  34.538 0.2500000000
156758  -33.238  5.853  35.100 0.3750000000
79456  -32.903  6.371  33.984 0.2500000000
81557  -34.631  7.665  32.389 0.2500000000
81569  -36.316  8.377  31.261 0.2500000000
80580  -33.259  7.026  32.811 0.1250000000
80591  -33.979  7.384  31.622 0.2500000000
143276  -35.522  7.979  30.756 0.2500000000
81595  -36.706  8.243  29.181 0.1250000000
80604  -34.163  7.412  30.862 0.1250000000
81582  -35.594  7.884  29.587 0.1250000000
80619  -33.190  6.875  29.930 0.1250000000
78181  -38.897  4.391  45.754 0.1250000000
78208  -38.190  4.889  42.856 0.2500000000
79328  -38.431  5.583  42.577 0.2500000000
79329  -39.071  5.750  43.106 0.2500000000
80458  -37.611  6.308  41.261 0.2500000000
80419  -38.882  6.185  42.620 0.1250000000
82403  -38.637  8.205  41.551 0.2500000000
89703  -53.358  16.424  23.148 0.1250000000
135363  -51.982  15.080  23.405 0.2500000000
88817  -53.016  15.476  23.250 0.2500000000
87939  -52.888  14.530  23.327 0.2500000000
86995  -54.558  13.354  21.704 0.2500000000
86083  -54.114  12.488  21.535 0.2500000000
83536  -48.749  9.243  19.542 0.1250000000
84303  -48.927  10.772  20.301 0.1250000000
83535  -47.404  9.800  19.066 0.1250000000
82606  -46.506  9.063  18.421 0.1250000000
84321  -45.534  10.426  18.940 0.1250000000
84310  -46.992  11.008  19.731 0.1250000000
84309  -46.274  10.750  19.348 0.1250000000
84320  -44.736  10.173  18.470 0.1250000000
82617  -45.560  8.143  18.002 0.1250000000
79639  -44.678  5.864  17.331 0.1250000000
85161  -47.823  11.984  20.463 0.2500000000
84328  -44.074  9.886  17.876 0.1250000000
80781  -43.789  6.621  14.817 0.1250000000
81736  -43.844  7.388  14.351 0.1250000000
80797  -44.940  6.544  13.560 0.1250000000
156152  -44.931  5.738  13.973 0.1250000000
79711  -47.235  5.038  13.092 0.1250000000
79710  -46.382  5.406  13.248 0.1250000000
79720  -46.973  5.857  12.428 0.1250000000
80275  -20.714  6.934  53.925 0.1250000000
59277  1.088  -11.717  58.377 0.1250000000
79195  -6.980  5.119  53.275 0.2500000000
76825  -6.722  3.839  53.298 0.1250000000
78051  -6.920  4.069  52.602 0.1250000000
76838  -6.786  3.396  52.776 0.1250000000
75780  -6.830  2.681  52.590 0.1250000000
75785  -7.186  2.542  51.845 0.1250000000
75790  -7.633  2.455  51.166 0.1250000000
76870  -7.928  3.244  50.762 0.1250000000
73482  -7.622  0.877  51.353 0.1250000000
80270  -6.840  6.762  53.728 0.2500000000
75791  -8.109  2.488  50.437 0.1250000000
68321  -15.613  -2.748  54.236 0.1250000000
67047  -16.049  -3.857  53.625 0.1250000000
67063  -16.484  -4.439  53.175 0.1250000000
74689  -11.721  1.726  49.030 0.1250000000
68320  -15.095  -2.496  53.961 0.1250000000
74701  -12.083  0.989  48.850 0.1250000000
67098  -15.025  -4.462  51.375 0.1250000000
68373  -14.807  -3.741  52.401 0.1250000000
67081  -15.567  -4.666  52.259 0.1250000000
72499  -11.011  -0.077  48.181 0.1250000000
152810  -12.010  -0.317  48.512 0.1250000000
67080  -15.082  -4.386  52.022 0.1250000000
67038  -17.575  -3.510  54.192 0.1250000000
68325  -17.732  -2.675  54.634 0.2500000000
65796  -16.832  -5.370  52.064 0.1250000000
67083  -17.094  -5.072  52.739 0.1250000000
65797  -17.747  -5.932  52.406 0.1250000000
67065  -18.020  -4.738  53.532 0.1250000000
68371  -14.110  -2.998  52.238 0.2500000000
68353  -14.782  -3.144  52.887 0.1250000000
67097  -14.603  -3.970  51.018 0.1250000000
68372  -14.430  -3.463  52.025 0.1250000000
67128  -14.927  -4.268  49.587 0.1250000000
67050  -17.966  -4.097  53.886 0.2500000000
71528  -11.731  -2.069  48.383 0.1250000000
139548  -18.513  -5.958  52.874 0.1250000000
154818  -18.467  -4.658  53.493 0.2500000000
67051  -18.422  -4.072  53.686 0.2500000000
67129  -15.594  -4.749  49.767 0.1250000000
64580  -18.874  -6.428  52.132 0.2500000000
65773  -19.105  -4.925  53.309 0.2500000000
79280  2.196  5.884  46.530 0.1250000000
80360  2.146  6.673  46.481 0.1250000000
80368  1.910  6.832  45.642 0.1250000000
74690  -12.296  1.373  49.587 0.1250000000
73517  -12.488  0.508  49.366 0.1250000000
67115  -14.598  -4.114  50.186 0.1250000000
68414  -13.857  -3.527  49.841 0.1250000000
154369  -14.402  -3.949  49.359 0.1250000000
67116  -14.961  -4.423  50.791 0.1250000000
69570  -11.686  -2.835  48.165 0.1250000000
68327  -18.423  -2.973  53.929 0.3750000000
69494  -18.157  -2.366  54.528 0.3750000000
69589  -12.313  -3.338  48.134 0.1250000000
67139  -15.430  -4.519  48.763 0.1250000000
65798  -19.420  -6.037  52.818 0.2500000000
65774  -19.810  -5.177  52.999 0.3750000000
136389  -12.280  -3.835  46.952 0.1250000000
69590  -12.504  -3.592  47.663 0.1250000000
65799  -20.262  -5.916  52.592 0.2500000000
79262  2.918  5.821  48.098 0.1250000000
81395  3.153  7.160  48.159 0.1250000000
82350  2.352  8.060  46.768 0.1250000000
81412  2.090  7.444  46.228 0.1250000000
81422  1.805  7.578  45.385 0.1250000000
82351  2.095  8.156  45.923 0.1250000000
152492  1.905  6.192  44.486 0.2500000000
81440  1.655  7.802  44.606 0.1250000000
80391  1.669  6.576  43.805 0.1250000000
158640  1.776  7.321  43.985 0.1250000000
142994  1.904  7.984  43.755 0.1250000000
155817  -12.545  1.762  51.588 0.2500000000
73501  -12.634  0.829  50.304 0.1250000000
72488  -12.578  -0.312  49.053 0.1250000000
138626  -12.767  -1.031  49.751 0.1250000000
71529  -12.402  -1.317  48.791 0.1250000000
70570  -13.251  -2.762  49.893 0.1250000000
82295  2.375  9.188  51.116 0.1250000000
70569  -12.557  -2.419  48.909 0.1250000000
69558  -12.871  -3.066  48.933 0.1250000000
144661  -13.355  -3.383  48.963 0.1250000000
68426  -13.807  -3.609  48.987 0.1250000000
68342  -18.808  -3.684  53.318 0.3750000000
69571  -13.199  -3.590  48.339 0.1250000000
68427  -13.897  -3.850  48.496 0.1250000000
68428  -14.246  -4.233  47.858 0.1250000000
67127  -14.572  -4.104  48.742 0.1250000000
68442  -13.092  -3.821  47.576 0.1250000000
68443  -13.625  -4.184  47.339 0.1250000000
146952  -14.850  -4.368  48.088 0.1250000000
67155  -14.049  -4.512  47.078 0.1250000000
67156  -14.697  -4.582  47.305 0.1250000000
67157  -15.460  -4.747  47.714 0.1250000000
67158  -16.096  -5.055  48.241 0.1250000000
65800  -20.609  -6.139  51.976 0.2500000000
68375  -20.041  -4.943  51.622 0.5000000000
82364  2.293  8.768  46.351 0.1250000000
155190  1.985  8.747  45.693 0.1250000000
83273  1.844  9.068  45.116 0.1250000000
82376  1.771  8.579  44.427 0.1250000000
84073  2.204  10.383  44.494 0.1250000000
81452  1.795  7.424  43.176 0.1250000000
80405  1.338  6.604  42.920 0.1250000000
158849  1.950  7.883  42.511 0.1250000000
81464  1.467  7.333  42.401 0.1250000000
155054  2.081  8.526  42.257 0.1250000000
138361  2.353  9.962  51.225 0.1250000000
135908  1.532  8.008  41.793 0.1250000000
81470  0.997  7.326  41.861 0.1250000000
69592  -19.117  -4.252  48.239 0.1250000000
151749  -18.758  -4.097  47.274 0.1250000000
68444  -19.410  -4.917  47.641 0.1250000000
143821  -18.148  -2.401  46.567 0.1250000000
71557  -18.100  -1.567  45.820 0.1250000000
71549  -18.304  -1.410  46.606 0.1250000000
72523  -18.417  -0.599  45.937 0.1250000000
71566  -18.074  -1.786  44.848 0.1250000000
150561  -18.614  0.022  45.384 0.2500000000
73605  -19.403  0.681  44.109 0.2500000000
73624  -19.612  0.653  43.182 0.2500000000
138412  -20.195  0.988  42.763 0.2500000000
73625  -19.963  1.157  43.597 0.2500000000
73626  -20.683  1.528  43.230 0.2500000000
73640  -19.897  0.534  42.542 0.2500000000
74774  -21.813  1.559  42.152 0.2500000000
72577  -19.752  -0.403  41.275 0.1250000000
73656  -21.405  1.119  41.751 0.2500000000
83460  -46.745  10.172  31.127 0.2500000000
84228  -47.755  11.390  30.553 0.2500000000
145277  -48.258  11.987  30.270 0.2500000000
86023  -48.910  12.546  30.007 0.1250000000
86927  -49.325  12.956  29.713 0.2500000000
86940  -49.294  13.545  29.275 0.1250000000
84227  -47.254  10.770  30.802 0.2500000000
73464  -7.262  0.968  52.143 0.1250000000
140913  -21.357  1.648  42.764 0.2500000000
68354  -15.152  -3.743  52.980 0.1250000000
67064  -17.321  -4.591  53.386 0.1250000000
69495  -18.355  -2.310  54.181 0.3750000000
67084  -20.377  -5.435  52.231 0.3750000000
69480  -18.229  -2.087  54.996 0.3750000000
72524  -18.785  0.261  45.993 0.2500000000
73586  -19.184  0.683  45.131 0.2500000000
87879  -49.727  14.357  28.877 0.1250000000
81411  2.493  7.292  47.126 0.1250000000
140390  -12.731  -0.191  50.141 0.1250000000
68405  -14.246  -3.745  50.426 0.1250000000
76839  -7.074  3.474  52.008 0.1250000000
76854  -7.476  3.144  51.393 0.1250000000
67117  -15.447  -4.875  50.976 0.1250000000
67140  -16.208  -5.145  49.113 0.1250000000
80380  1.876  6.921  44.704 0.1250000000
82365  1.715  8.331  45.205 0.1250000000
64593  -21.043  -7.064  50.817 0.2500000000
83272  2.124  9.365  45.862 0.1250000000
83285  1.979  9.495  44.234 0.1250000000
155844  2.163  8.204  42.946 0.1250000000
72530  -18.748  0.114  44.630 0.2500000000
73641  -20.339  0.626  42.162 0.2500000000
73642  -20.923  1.155  42.313 0.2500000000
160051  -20.542  0.374  41.446 0.2500000000
149626  -10.313  9.765  58.401 0.2500000000
83136  -10.932  10.160  59.199 0.1250000000
85679  -9.175  12.733  57.469 0.2500000000
84794  -9.865  11.976  57.645 0.2500000000
140589  -10.785  12.693  57.943 0.1250000000
83970  -10.220  10.939  58.354 0.2500000000
83972  -11.239  11.002  59.056 0.1250000000
55060  3.988  -17.082  53.531 0.1250000000
53934  4.021  -17.648  52.586 0.2500000000
154695  2.393  -16.640  53.034 0.2500000000
159807  1.851  -16.182  53.300 0.2500000000
83344  -37.885  9.939  38.344 0.1250000000
82421  -37.915  8.888  39.903 0.1250000000
83323  -38.773  9.646  40.530 0.1250000000
146351  -49.471  18.713  26.171 0.2500000000
92108  -50.088  19.269  25.739 0.2500000000
88845  -53.218  14.711  21.155 0.1250000000
87950  -52.087  14.329  20.718 0.1250000000
87934  -45.755  14.242  23.686 0.2500000000
87951  -53.202  13.742  20.902 0.1250000000
153058  -50.738  12.675  23.654 0.1250000000
137057  -51.841  12.790  20.555 0.1250000000
87001  -51.396  13.646  20.609 0.1250000000
86091  -51.141  12.366  20.488 0.1250000000
86089  -49.431  12.284  20.570 0.1250000000
86088  -48.331  12.702  20.603 0.1250000000
91379  -49.621  18.518  24.290 0.2500000000
135705  -50.234  15.362  23.463 0.3750000000
134368  -50.110  14.343  23.556 0.1250000000
86988  -49.547  13.526  23.597 0.2500000000
134113  -51.027  13.967  23.646 0.1250000000
86989  -50.492  13.392  23.623 0.1250000000
87000  -49.419  13.803  20.614 0.1250000000
85687  -11.124  12.195  58.484 0.2500000000
83971  -10.621  10.705  58.896 0.2500000000
160485  -10.094  10.190  57.963 0.2500000000
86596  -10.165  13.145  57.696 0.2500000000
91378  -48.844  18.303  24.705 0.2500000000
86075  -47.486  12.449  23.469 0.1250000000
159612  -48.580  16.647  23.716 0.3750000000
89700  -49.293  16.614  23.596 0.2500000000
88816  -49.584  15.873  23.519 0.2500000000
139820  -50.922  11.830  20.434 0.1250000000
83152  -10.097  10.064  57.495 0.2500000000
142722  -9.965  10.959  57.935 0.2500000000
151785  -50.277  16.410  23.435 0.2500000000
85686  -10.549  12.308  57.949 0.2500000000
160950  3.993  -18.028  51.831 0.1250000000
55062  1.853  -16.463  52.667 0.1250000000
92133  -50.156  19.104  24.699 0.2500000000
92109  -50.765  19.963  26.307 0.2500000000
154149  -52.298  13.494  20.652 0.1250000000
86090  -50.400  12.363  20.534 0.1250000000
135709  -49.917  13.081  20.654 0.1250000000
135665  -49.115  13.115  20.653 0.1250000000
64591  -19.624  -6.856  51.402 0.1250000000
82265  -9.812  7.805  53.763 0.1250000000
64581  -20.040  -6.391  52.023 0.1250000000
64592  -20.651  -6.899  51.190 0.1250000000
63498  -20.266  -7.962  50.135 0.1250000000
141254  -20.752  -8.313  49.655 0.1250000000
83181  -9.112  8.942  54.015 0.1250000000
82263  -8.750  8.438  53.490 0.2500000000
147693  -7.134  4.853  52.593 0.1250000000
148450  -7.379  5.245  51.964 0.1250000000
78052  -7.274  4.463  51.919 0.1250000000
78062  -7.716  4.070  51.178 0.1250000000
64605  -20.944  -7.666  50.406 0.1250000000
155445  -21.311  -7.347  50.255 0.1250000000
67101  -20.645  -5.874  51.546 0.1250000000
65838  -21.185  -6.585  50.284 0.2500000000
68394  -20.382  -5.508  50.906 0.2500000000
72529  -18.293  -0.681  45.153 0.1250000000
161261  -18.195  -1.247  43.925 0.1250000000
72540  -18.398  -0.600  44.264 0.1250000000
72553  -18.583  -0.529  43.370 0.1250000000
72554  -19.343  0.060  42.747 0.1250000000
150045  -18.769  -0.655  42.541 0.1250000000
73668  -20.893  0.466  41.013 0.1250000000
73657  -21.946  1.333  41.530 0.1250000000
73669  -21.471  0.605  40.311 0.1250000000
144488  -22.255  1.035  40.433 0.1250000000
74802  -23.148  1.721  40.967 0.1250000000
80643  -38.556  6.178  28.605 0.1250000000
79517  -38.493  4.970  28.989 0.1250000000
77203  -39.547  3.500  29.137 0.1250000000
80622  -39.164  6.598  29.076 0.1250000000
79496  -39.154  5.350  29.401 0.1250000000
78391  -39.161  4.378  29.615 0.1250000000
77187  -40.486  3.631  29.157 0.1250000000
78423  -41.502  4.393  27.986 0.1250000000
79542  -40.958  4.917  27.035 0.1250000000
79479  -41.562  5.170  30.519 0.1250000000
85111  -43.205  11.512  27.657 0.1250000000
82536  -42.662  8.297  27.447 0.1250000000
83476  -42.819  9.777  27.214 0.1250000000
81674  -49.830  7.341  21.820 0.1250000000
79603  -50.741  5.749  21.107 0.1250000000
79616  -51.096  5.451  20.429 0.1250000000
83514  -48.427  9.551  22.970 0.1250000000
83515  -49.230  9.056  22.825 0.1250000000
81663  -49.330  8.265  22.149 0.1250000000
81664  -50.396  7.916  22.113 0.1250000000
80707  -51.000  6.531  21.260 0.1250000000
80720  -51.188  6.300  19.300 0.1250000000
84273  -48.479  10.303  23.346 0.1250000000
83505  -49.210  9.797  23.308 0.1250000000
82570  -50.093  8.572  22.676 0.1250000000
82566  -50.645  8.799  22.920 0.1250000000
82571  -50.906  8.320  22.518 0.1250000000
81676  -51.260  7.334  21.351 0.1250000000
137046  -51.390  7.693  20.833 0.1250000000
81685  -51.186  6.890  20.434 0.1250000000
81689  -51.046  7.367  19.090 0.1250000000
81698  -50.917  7.297  18.228 0.1250000000
81688  -50.600  7.954  19.028 0.1250000000
82264  -9.271  8.238  53.510 0.2500000000
137098  -21.607  0.932  41.147 0.1250000000
138411  -42.727  5.959  28.722 0.1250000000
141627  -48.482  11.224  23.572 0.1250000000
81665  -51.134  7.863  21.944 0.1250000000
82255  -9.617  8.568  54.209 0.1250000000
72541  -18.979  0.136  43.692 0.1250000000
71580  -19.487  -0.307  41.981 0.1250000000
64604  -20.069  -7.424  50.751 0.1250000000
154122  -21.236  -6.936  50.581 0.1250000000
71579  -18.887  -0.878  41.881 0.1250000000
80705  -50.111  6.510  21.607 0.1250000000
79602  -50.296  5.817  21.349 0.1250000000
80706  -50.590  6.345  21.360 0.1250000000
80717  -51.040  6.111  20.647 0.1250000000
81675  -50.694  7.094  21.665 0.1250000000
55053  3.624  -16.246  54.429 0.1250000000
55070  2.134  -16.710  51.642 0.1250000000
56203  0.467  -15.686  51.483 0.1250000000
56224  0.467  -15.877  50.723 0.1250000000
56243  -0.453  -15.538  49.444 0.1250000000
56258  -0.572  -15.599  48.415 0.1250000000
56268  -0.316  -15.769  47.393 0.1250000000
56277  -1.088  -15.491  46.649 0.1250000000
56278  -2.076  -15.102  46.248 0.1250000000
56292  -1.314  -15.453  45.628 0.1250000000
56291  -0.549  -15.635  44.932 0.1250000000
57373  -2.703  -14.526  46.791 0.1250000000
56293  -2.185  -15.144  45.341 0.1250000000
56225  -0.355  -15.408  50.364 0.1250000000
57343  -0.822  -14.648  50.795 0.1250000000
57352  -1.719  -14.364  49.502 0.1250000000
56259  -1.462  -15.150  48.405 0.1250000000
56269  -1.284  -15.351  47.668 0.1250000000
56307  -1.463  -15.435  44.644 0.1250000000
57374  -3.348  -14.058  46.596 0.1250000000
141477  -2.839  -14.774  44.924 0.1250000000
58449  -3.541  -13.301  46.370 0.1250000000
57357  -1.906  -14.629  48.750 0.1250000000
73724  -25.048  0.785  37.592 0.1250000000
72651  -25.504  0.031  36.330 0.1250000000
73725  -25.732  0.835  37.613 0.1250000000
72623  -27.166  -0.292  36.871 0.1250000000
72652  -26.920  -0.669  36.180 0.1250000000
72677  -26.493  -0.911  35.640 0.1250000000
71657  -27.315  -1.581  35.665 0.1250000000
70714  -27.920  -2.628  35.355 0.1250000000
69718  -29.265  -3.398  35.086 0.1250000000
69717  -28.578  -3.336  35.085 0.1250000000
153309  -28.559  -2.731  35.666 0.1250000000
70700  -28.909  -2.172  36.284 0.1250000000
70716  -29.530  -2.942  35.344 0.1250000000
71678  -29.706  -1.703  35.292 0.1250000000
73769  -29.587  0.676  34.789 0.1250000000
72654  -30.668  -0.880  36.198 0.1250000000
73761  -30.623  0.315  35.942 0.1250000000
73760  -29.853  0.016  35.293 0.1250000000
74879  -30.102  0.851  35.323 0.1250000000
75984  -29.774  2.300  34.339 0.1250000000
75985  -30.455  2.848  34.583 0.1250000000
77123  -30.580  3.538  34.184 0.1250000000
156189  -31.167  4.655  34.044 0.1250000000
70702  -30.011  -1.982  36.642 0.1250000000
71659  -30.965  -1.079  36.829 0.1250000000
73750  -31.208  -0.261  36.657 0.1250000000
84193  -42.758  10.243  33.679 0.1250000000
141778  -45.725  9.532  32.475 0.1250000000
82496  -45.618  9.126  31.711 0.1250000000
83453  -46.277  9.607  31.455 0.1250000000
83421  -44.133  9.698  32.993 0.1250000000
83423  -46.166  9.884  33.083 0.1250000000
83441  -46.236  9.748  32.257 0.1250000000
83422  -45.240  9.742  33.088 0.1250000000
83454  -46.742  10.241  31.905 0.1250000000
84218  -47.322  10.742  31.492 0.1250000000
84219  -47.970  11.287  31.126 0.1250000000
86050  -42.889  13.016  26.986 0.1250000000
85092  -48.662  11.761  30.820 0.1250000000
86962  -43.407  13.717  26.344 0.1250000000
87928  -43.544  14.227  24.970 0.1250000000
87908  -43.808  14.401  25.646 0.1250000000
87929  -44.104  14.634  24.941 0.1250000000
87923  -44.340  14.936  25.442 0.1250000000
88782  -44.737  15.411  25.750 0.1250000000
86982  -43.702  13.146  24.115 0.1250000000
139678  -44.603  14.574  24.475 0.1250000000
86983  -44.515  13.293  23.796 0.1250000000
86979  -44.914  14.090  23.956 0.1250000000
86073  -44.954  12.574  23.367 0.1250000000
89701  -51.403  16.595  23.337 0.1250000000
91343  -50.236  19.239  26.665 0.1250000000
135704  -51.032  14.769  23.503 0.1250000000
92110  -51.274  20.361  25.675 0.1250000000
92134  -50.911  19.586  24.207 0.1250000000
80265  -20.652  7.081  54.728 0.1250000000
56169  0.665  -15.025  52.828 0.1250000000
57334  -0.461  -14.401  51.504 0.1250000000
58397  -1.827  -13.513  49.587 0.1250000000
57365  -1.993  -14.840  48.003 0.1250000000
58415  -2.550  -13.670  48.307 0.1250000000
59479  -3.600  -12.479  46.051 0.1250000000
57351  -1.144  -14.891  49.999 0.1250000000
73726  -26.499  0.502  37.355 0.1250000000
72653  -27.714  -1.084  36.415 0.1250000000
70701  -29.441  -2.230  36.128 0.1250000000
74889  -30.274  2.212  34.958 0.1250000000
91380  -50.376  18.788  23.859 0.1250000000
142682  -51.995  15.844  23.359 0.1250000000
145575  -50.722  19.800  25.235 0.1250000000
92901  -51.503  20.497  26.291 0.1250000000
55071  1.292  -16.284  51.140 0.1250000000
56183  1.012  -15.922  52.156 0.1250000000
56242  0.470  -15.980  49.850 0.1250000000
56204  -0.208  -15.230  51.209 0.1250000000
55091  1.432  -16.390  50.247 0.1250000000
56257  0.487  -16.020  48.929 0.1250000000
56244  -1.301  -15.092  49.116 0.1250000000
57372  -2.036  -15.038  47.167 0.1250000000
57383  -2.913  -14.583  45.876 0.1250000000
57384  -3.571  -14.335  45.247 0.1250000000
72650  -24.566  0.156  36.257 0.1250000000
73748  -25.687  0.478  37.032 0.1250000000
72676  -25.717  -0.493  35.675 0.1250000000
133951  -26.208  -0.401  36.093 0.1250000000
70699  -28.230  -1.926  35.951 0.1250000000
70717  -29.707  -2.090  35.841 0.1250000000
72679  -30.120  -0.776  35.643 0.1250000000
55061  3.210  -16.895  53.177 0.2500000000
56125  4.303  -15.787  56.477 0.1250000000
57314  -0.102  -13.975  52.092 0.3750000000
57358  -2.366  -14.293  48.374 0.1250000000
58263  0.838  -12.163  57.868 0.1250000000
58333  2.546  -13.535  54.980 0.3750000000
58432  -2.840  -13.253  47.569 0.3750000000
59350  -0.060  -12.850  51.951 0.3750000000
60230  0.400  -10.656  57.613 0.1250000000
60301  1.331  -11.166  53.477 0.3750000000
61325  -0.973  -10.784  48.136 0.5000000000
62310  3.264  -10.047  55.986 0.6250000000
62331  -2.039  -8.834  54.392 0.1250000000
62341  2.144  -9.259  53.757 0.5000000000
62401  2.410  -9.018  49.926 0.5000000000
62443  -0.009  -9.881  47.459 0.5000000000
62509  1.470  -9.345  44.110 0.6250000000
62534  1.153  -9.297  43.507 0.6250000000
63329  -0.014  -7.946  63.172 0.7500000000
63338  2.791  -8.485  62.123 0.8750000000
63384  4.919  -7.926  59.172 0.8750000000
63403  -0.711  -7.510  58.218 0.2500000000
63437  -2.135  -7.601  55.156 0.1250000000
63494  2.714  -8.145  50.769 0.6250000000
63507  2.822  -8.117  49.978 0.7500000000
63538  2.480  -8.404  47.778 0.6250000000
63633  -0.092  -8.398  41.090 0.1250000000
64582  -20.790  -6.641  51.344 0.2500000000
64606  -21.460  -7.068  50.184 0.1250000000
64689  3.022  -8.103  42.647 0.6250000000
64725  2.499  -7.946  41.007 0.6250000000
64749  2.106  -7.745  40.100 0.3750000000
64774  1.879  -7.690  39.346 0.1250000000
64798  2.206  -7.321  38.861 0.1250000000
65692  -1.792  -6.832  61.555 0.7500000000
65747  -3.287  -5.407  56.821 0.3750000000
65757  3.717  -5.552  56.735 0.7500000000
65772  3.604  -6.288  54.196 0.6250000000
65782  -17.912  -5.375  53.080 0.1250000000
65783  -18.750  -5.406  53.226 0.2500000000
65784  -19.597  -5.548  53.071 0.2500000000
65785  -20.331  -5.596  52.576 0.5000000000
65807  3.091  -6.412  51.551 0.5000000000
65815  -20.845  -6.623  51.198 0.2500000000
65828  -20.868  -6.303  50.823 0.2500000000
65920  2.405  -6.574  43.571 0.6250000000
65969  2.363  -7.415  40.511 0.5000000000
65984  2.270  -7.311  39.660 0.6250000000
66948  -1.181  -5.317  63.788 0.8750000000
66986  -3.795  -4.967  59.713 0.6250000000
67008  -2.924  -5.465  58.377 0.3750000000
67039  -17.802  -3.401  54.192 0.2500000000
67040  -18.099  -3.245  54.113 0.3750000000
67043  3.600  -5.634  54.691 0.6250000000
67045  -3.873  -5.116  54.593 0.1250000000
67049  -17.500  -4.029  53.915 0.1250000000
67052  -19.043  -4.482  53.296 0.3750000000
67056  2.518  -5.510  53.047 0.5000000000
67061  -15.213  -4.208  52.537 0.1250000000
67062  -15.683  -4.251  52.941 0.2500000000
67082  -16.239  -4.834  52.493 0.1250000000
67108  2.429  -6.237  50.234 0.6250000000
67112  -1.043  -4.945  49.994 0.7500000000
67118  -20.692  -5.946  50.371 0.2500000000
67191  -0.138  -5.353  45.384 0.6250000000
67206  1.582  -6.029  44.693 0.6250000000
68215  0.879  -3.262  63.872 1.0000000000
68216  0.373  -3.537  64.138 1.0000000000
68217  -0.271  -3.715  64.279 0.8750000000
68232  -2.523  -4.615  63.554 0.8750000000
68240  -3.299  -4.572  63.079 0.8750000000
68273  -4.790  -4.002  59.449 0.6250000000
68281  3.164  -4.716  58.153 0.8750000000
68296  -16.887  -2.093  55.716 0.5000000000
68305  -16.397  -2.358  55.018 0.2500000000
68306  -16.827  -2.341  55.158 0.2500000000
68307  -17.189  -2.511  55.154 0.5000000000
68308  -17.539  -2.179  55.262 0.3750000000
68309  -17.935  -2.276  54.986 0.2500000000
68314  3.754  -4.912  55.730 0.7500000000
68323  -16.647  -2.771  54.672 0.2500000000
68324  -17.409  -2.831  54.601 0.3750000000
68326  -18.091  -2.731  54.423 0.3750000000
68336  -14.185  -2.150  53.349 0.3750000000
68337  -14.683  -2.606  53.367 0.1250000000
68338  -15.248  -3.092  53.529 0.1250000000
68341  -18.566  -3.655  53.655 0.3750000000
68349  -4.961  -3.948  53.882 0.1250000000
68355  -15.547  -3.678  53.418 0.2500000000
68356  -19.321  -4.255  52.783 0.5000000000
68357  -19.817  -4.653  52.309 0.5000000000
68391  -14.392  -3.605  51.530 0.1250000000
68392  -14.711  -3.934  51.744 0.1250000000
68404  -13.999  -3.407  50.829 0.2500000000
68436  -2.251  -4.350  47.507 0.5000000000
68521  -2.082  -4.222  41.492 0.6250000000
68546  -1.171  -4.234  39.468 0.6250000000
69402  -0.963  -3.297  64.457 1.0000000000
69410  -3.313  -3.255  63.723 1.0000000000
69432  3.818  -3.568  59.844 1.0000000000
69441  -16.966  -0.700  57.005 0.3750000000
69449  -16.750  -1.143  56.658 0.5000000000
69450  -17.339  -0.911  56.827 0.5000000000
69451  -17.650  -1.337  56.416 0.5000000000
69462  -5.278  -2.721  57.543 0.6250000000
69463  -15.561  -1.249  55.066 0.2500000000
69467  -17.298  -1.562  56.327 0.5000000000
69468  -17.560  -1.781  55.873 0.3750000000
69476  -5.308  -2.608  56.658 0.6250000000
69478  -15.885  -1.930  55.679 0.2500000000
69479  -17.878  -1.846  55.535 0.2500000000
69487  -1.476  -3.480  55.378 1.0000000000
69490  -5.592  -2.693  55.147 0.3750000000
69491  -14.574  -0.767  54.212 0.5000000000
69492  -14.947  -2.020  54.232 0.2500000000
69503  -5.758  -2.913  54.396 0.2500000000
69505  -18.564  -2.987  53.572 0.3750000000
69527  -6.034  -3.457  52.537 0.2500000000
69528  -13.706  -2.356  52.389 0.2500000000
69529  -13.635  -2.406  52.027 0.2500000000
69538  -3.176  -3.133  51.087 0.7500000000
69541  -19.477  -3.321  51.662 0.6250000000
69604  -3.271  -3.416  46.054 0.7500000000
69614  -3.284  -3.614  45.267 0.7500000000
69623  -3.208  -3.894  44.485 0.7500000000
69672  -2.521  -3.300  39.323 0.6250000000
69701  1.446  -3.920  35.793 0.2500000000
69728  2.006  -3.326  34.540 0.1250000000
70439  -1.749  -1.949  63.504 1.0000000000
70441  0.051  -2.415  63.689 1.0000000000
70442  -0.297  -2.461  64.040 1.0000000000
70443  -0.960  -2.503  64.197 1.0000000000
70445  -3.500  -2.470  63.981 1.0000000000
70447  1.220  -2.591  63.158 1.0000000000
70450  1.456  -2.680  62.672 1.0000000000
70461  -16.657  0.239  57.906 0.5000000000
70464  2.243  -2.508  60.428 1.0000000000
70469  -16.180  0.120  57.483 0.5000000000
70471  -17.069  -0.358  57.416 0.3750000000
70473  0.148  -3.007  58.987 1.0000000000
70478  -15.922  -0.067  57.049 0.6250000000
70479  -16.313  -0.431  56.920 0.5000000000
70480  -16.637  -0.452  57.104 0.5000000000
70481  -17.780  -0.821  56.934 0.3750000000
70482  -17.998  -1.129  56.570 0.5000000000
70493  -18.515  -1.123  56.019 0.3750000000
70501  -14.336  -0.195  54.664 0.5000000000
70502  -15.190  -0.741  55.012 0.3750000000
70508  -2.363  -2.509  55.708 1.0000000000
70512  -18.517  -1.433  54.545 0.3750000000
70521  -13.587  -1.665  53.286 0.3750000000
70523  -18.975  -1.374  53.294 0.6250000000
70532  -13.571  -2.028  52.748 0.3750000000
70533  -13.340  -1.464  52.747 0.3750000000
70551  -13.526  -2.492  51.443 0.2500000000
70612  -18.409  -3.121  47.257 0.2500000000
70645  -3.768  -2.689  43.131 0.7500000000
70646  -3.920  -1.943  42.627 0.7500000000
70653  -3.759  -1.937  41.821 0.7500000000
70666  -30.019  -1.633  39.145 0.5000000000
70676  -29.451  -1.734  37.551 0.3750000000
70679  -30.655  -1.790  38.479 0.5000000000
70684  -1.614  -2.557  37.435 0.6250000000
70685  -2.208  -2.626  38.017 0.6250000000
70690  -30.682  -1.701  37.793 0.6250000000
70696  -0.768  -2.482  36.742 0.6250000000
70710  2.454  -2.114  35.173 0.2500000000
70715  -29.081  -3.008  35.595 0.1250000000
70737  -29.502  -3.110  34.684 0.1250000000
71379  -2.133  -1.192  64.013 1.0000000000
71381  -0.628  -2.231  62.899 1.0000000000
71391  0.633  -2.645  61.818 1.0000000000
71392  0.059  -1.951  61.649 1.0000000000
71393  -5.492  -0.566  60.815 1.0000000000
71395  -15.994  0.467  59.245 0.6250000000
71397  -17.128  1.037  58.945 0.5000000000
71399  0.380  -2.107  61.454 1.0000000000
71402  -5.314  -1.343  61.059 1.0000000000
71404  -14.741  0.308  58.892 0.6250000000
71405  -14.909  0.401  59.172 0.6250000000
71407  -16.249  0.400  58.611 0.6250000000
71409  -17.359  0.610  58.415 0.6250000000
71414  -14.444  0.458  58.682 0.6250000000
71415  -15.212  0.270  58.629 0.6250000000
71416  -15.693  0.305  58.338 0.6250000000
71417  -17.693  0.081  57.931 0.6250000000
71418  -18.219  0.234  58.028 0.6250000000
71427  -18.324  -0.386  57.439 0.5000000000
71433  -2.099  -1.773  57.972 1.0000000000
71435  -5.873  -1.212  57.515 0.7500000000
71438  -14.827  -0.033  56.612 0.5000000000
71439  -18.346  -0.822  56.777 0.5000000000
71445  -5.988  -1.231  56.809 0.7500000000
71447  -13.935  0.233  55.323 0.5000000000
71454  -19.148  -0.563  54.797 0.6250000000
71463  -13.789  -0.390  53.746 0.3750000000
71464  -19.282  -0.411  54.019 0.6250000000
71473  -7.037  -1.434  54.326 0.2500000000
71501  -19.349  -1.517  51.005 0.5000000000
71548  -4.375  -0.901  46.611 0.8750000000
71582  -32.395  -0.217  42.006 0.5000000000
71587  -3.552  -1.988  41.133 0.6250000000
71592  -30.782  -0.156  41.281 0.7500000000
71594  -32.253  -0.334  41.549 0.5000000000
71595  -32.778  -0.207  41.192 0.3750000000
71605  -30.604  -0.486  40.445 0.6250000000
71612  -2.769  -1.566  39.318 0.6250000000
71631  -31.824  -1.251  39.052 0.5000000000
71643  -30.578  -1.648  37.076 0.6250000000
71644  -31.121  -1.232  37.575 0.6250000000
71658  -30.345  -1.562  36.413 0.1250000000
72359  -1.845  -0.385  63.205 1.0000000000
72362  -1.047  -1.269  62.697 1.0000000000
72363  -1.448  -0.478  62.893 1.0000000000
72364  -2.915  -0.039  64.341 1.0000000000
72365  -4.000  -0.041  64.187 1.0000000000
72367  -0.662  -1.158  62.501 1.0000000000
72368  -4.445  0.001  63.496 1.0000000000
72369  -4.939  0.040  62.689 1.0000000000
72370  0.066  -2.090  62.031 1.0000000000
72371  -0.570  -0.840  62.394 1.0000000000
72373  -15.145  1.160  60.009 0.7500000000
72375  -16.775  1.259  59.852 0.6250000000
72376  -17.477  1.412  59.770 0.6250000000
72380  -5.236  -0.884  61.510 1.0000000000
72382  -14.501  1.034  59.641 0.8750000000
72384  -15.661  0.789  59.658 0.6250000000
72386  -16.998  1.193  59.482 0.6250000000
72387  -17.653  1.394  59.499 0.6250000000
72388  -18.068  1.423  59.283 0.6250000000
72391  -1.496  -0.321  60.493 1.0000000000
72404  -6.162  -0.208  58.417 0.6250000000
72412  -6.392  -0.383  57.353 0.7500000000
72414  -19.389  -0.023  56.530 0.6250000000
72421  -6.532  -0.794  56.201 0.7500000000
72435  -19.872  0.548  54.560 0.6250000000
72532  -32.494  0.414  43.956 0.5000000000
72539  -4.254  -0.483  44.005 0.8750000000
72543  -31.472  0.223  43.381 0.5000000000
72555  -19.896  0.246  42.193 0.2500000000
72556  -30.601  0.166  42.122 0.5000000000
72557  -31.437  -0.033  42.506 0.3750000000
72559  -32.786  0.238  42.423 0.6250000000
72566  -20.189  0.206  41.710 0.1250000000
72569  -31.104  -0.221  41.849 0.5000000000
72580  -29.435  0.091  40.266 0.7500000000
72589  -3.160  -1.148  40.120 0.6250000000
72591  -29.051  -0.263  39.432 0.7500000000
72594  -33.032  -0.155  39.965 0.5000000000
72605  -28.857  -0.699  38.487 0.5000000000
72618  -0.747  -1.045  37.630 0.6250000000
72660  2.634  -0.042  34.532 0.2500000000
72662  0.120  0.079  34.449 0.1250000000
72684  2.000  -0.538  34.068 0.1250000000
73356  -1.578  0.767  63.403 1.0000000000
73357  -2.121  0.843  63.873 1.0000000000
73360  -0.996  0.758  63.120 1.0000000000
73363  -15.834  1.673  60.415 0.7500000000
73364  -16.774  1.647  60.336 0.7500000000
73365  -17.689  1.743  60.328 0.6250000000
73367  -0.829  0.851  63.006 1.0000000000
73370  -13.780  1.945  60.365 0.7500000000
73371  -13.790  1.940  60.554 0.7500000000
73372  -14.645  1.688  60.430 0.8750000000
73374  -16.377  1.388  60.146 0.6250000000
73376  -18.036  1.669  60.195 0.6250000000
73377  -18.589  1.814  60.324 0.7500000000
73380  -1.327  1.086  61.842 1.0000000000
73381  -5.445  0.520  61.041 1.0000000000
73382  -13.840  1.452  59.936 0.7500000000
73384  -18.821  1.683  59.874 0.6250000000
73385  -19.278  1.865  60.317 0.6250000000
73390  -13.488  1.890  59.746 0.7500000000
73391  -14.090  1.281  59.721 0.8750000000
73393  -19.175  1.877  59.774 0.6250000000
73396  -13.645  1.117  58.865 0.7500000000
73397  -19.043  1.977  59.195 0.6250000000
73404  -19.616  2.318  58.513 0.5000000000
73410  -19.868  1.725  56.887 0.7500000000
73415  -6.622  0.349  56.677 0.7500000000
73423  -6.681  0.572  55.538 0.6250000000
73425  -20.297  1.291  55.199 0.5000000000
73442  1.433  1.273  53.090 0.8750000000
73446  -6.785  0.755  54.132 0.3750000000
73461  -1.025  1.210  52.123 1.0000000000
73475  3.524  1.376  52.322 0.8750000000
73477  2.083  0.860  51.846 0.8750000000
73509  1.673  0.576  49.730 0.8750000000
73534  -11.637  0.520  48.468 0.1250000000
73538  -35.335  1.321  48.185 0.2500000000
73547  -2.116  0.557  47.588 0.8750000000
73550  -4.010  0.006  47.819 0.8750000000
73555  -35.567  1.481  47.486 0.2500000000
73567  -19.889  1.577  45.786 0.3750000000
73568  -32.131  1.182  45.665 0.5000000000
73581  -0.518  0.524  44.793 0.7500000000
73584  -3.659  0.275  45.333 0.8750000000
73590  -32.593  0.922  45.121 0.5000000000
73618  0.570  0.508  43.307 0.7500000000
73620  -1.603  0.432  44.077 0.7500000000
73631  -34.613  1.676  43.820 0.6250000000
73654  -2.380  -0.018  41.322 0.6250000000
73655  -20.827  0.701  41.670 0.2500000000
73672  -29.053  0.550  40.263 0.7500000000
73747  -24.838  0.484  36.919 0.1250000000
73749  -26.348  -0.045  36.629 0.1250000000
74537  -1.420  1.043  63.328 1.0000000000
74538  -1.911  1.242  63.581 1.0000000000
74539  -2.323  1.386  63.632 1.0000000000
74540  -3.040  1.462  63.934 1.0000000000
74541  -3.653  1.298  63.931 1.0000000000
74542  -1.200  1.206  63.164 1.0000000000
74543  -4.566  1.112  63.061 1.0000000000
74544  -14.803  2.118  60.714 0.8750000000
74545  -15.764  2.246  60.692 0.7500000000
74548  -17.825  2.133  60.666 0.8750000000
74550  -5.018  1.346  62.261 0.8750000000
74552  -13.168  2.676  60.407 0.6250000000
74553  -13.567  2.216  60.373 0.7500000000
74554  -14.267  2.192  60.743 0.7500000000
74555  -14.334  1.949  60.600 0.7500000000
74556  -18.376  1.891  60.402 0.8750000000
74558  -19.546  1.938  60.816 0.6250000000
74561  -5.414  1.710  60.893 0.8750000000
74562  -13.343  2.186  59.880 0.7500000000
74564  -19.907  1.928  60.864 0.7500000000
74565  -20.213  2.217  60.538 0.7500000000
74570  -19.780  1.889  60.452 0.7500000000
74571  -20.161  2.336  59.901 0.5000000000
74574  -12.888  2.437  59.311 0.5000000000
74576  -20.191  2.633  59.089 0.5000000000
74583  -20.248  2.664  58.310 0.3750000000
74584  -20.854  2.999  58.102 0.3750000000
74590  -13.321  1.669  57.407 0.6250000000
74592  -20.895  3.026  57.340 0.6250000000
74595  1.818  2.175  56.266 0.7500000000
74602  -20.562  2.220  56.556 0.6250000000
74610  2.938  1.996  55.495 0.6250000000
74619  -21.268  2.427  55.769 0.7500000000
74626  3.884  1.954  54.459 0.7500000000
74627  3.200  1.756  55.095 0.7500000000
74642  3.936  1.701  53.646 0.8750000000
74659  4.240  1.908  53.208 0.8750000000
74660  4.074  1.693  52.804 0.7500000000
74664  -6.702  1.935  53.241 0.3750000000
74681  4.227  1.999  51.500 0.7500000000
74683  -7.829  1.674  50.868 0.1250000000
74686  -20.107  1.475  50.533 0.7500000000
74691  -20.047  1.892  48.723 0.6250000000
74694  -35.144  1.816  49.259 0.2500000000
74696  -35.674  2.257  48.390 0.1250000000
74706  -34.931  1.106  48.905 0.2500000000
74726  2.777  1.312  46.477 0.6250000000
74737  2.639  1.233  45.403 0.6250000000
74750  -20.312  1.551  44.062 0.2500000000
74753  -30.783  1.321  44.420 0.5000000000
74755  -36.441  2.131  45.098 0.3750000000
74787  -22.560  1.756  41.625 0.2500000000
74800  2.378  1.629  40.517 0.6250000000
74803  -23.748  1.798  40.299 0.3750000000
74805  -24.995  2.207  39.847 0.3750000000
74825  -34.720  2.729  40.073 0.6250000000
74837  -26.366  1.554  38.587 0.2500000000
74870  -32.332  2.284  36.828 0.5000000000
74877  -0.126  1.434  35.758 0.1250000000
74888  -29.911  1.531  34.904 0.1250000000
75686  -1.688  1.440  63.196 1.0000000000
75689  -3.377  1.859  63.567 1.0000000000
75692  -2.423  2.029  63.142 1.0000000000
75695  -4.289  2.310  62.734 0.8750000000
75696  -13.803  2.807  61.069 0.6250000000
75697  -14.255  2.554  61.000 0.6250000000
75698  -14.872  2.686  60.998 0.8750000000
75699  -15.648  2.680  60.833 0.7500000000
75700  -16.250  2.117  60.640 0.7500000000
75701  -17.073  2.453  60.685 0.7500000000
75702  -17.811  2.603  60.720 0.8750000000
75703  -18.497  2.222  60.612 0.8750000000
75704  -1.345  1.937  62.452 1.0000000000
75708  -19.211  2.219  60.803 0.7500000000
75709  -19.801  2.200  60.997 0.7500000000
75712  -12.765  2.775  60.089 0.3750000000
75714  -20.466  2.649  60.569 0.5000000000
75719  -21.224  2.847  59.347 0.2500000000
75720  0.949  3.170  58.116 0.8750000000
75721  0.017  3.124  58.374 0.7500000000
75735  1.325  2.773  57.286 0.5000000000
75741  -21.323  3.365  57.137 0.5000000000
75743  -6.710  2.060  57.063 0.6250000000
75747  2.974  2.055  55.499 0.6250000000
75749  -11.791  2.820  56.013 0.7500000000
75766  4.206  1.985  53.707 0.7500000000
75771  -20.863  2.407  53.685 0.8750000000
75784  4.283  2.140  51.936 0.5000000000
75793  -12.024  2.511  50.440 0.3750000000
75794  -20.883  2.772  50.599 0.8750000000
75796  -34.381  3.084  50.444 0.3750000000
75808  -34.942  2.330  49.983 0.2500000000
75810  -35.437  2.577  48.971 0.2500000000
75813  -10.607  2.118  48.670 0.3750000000
75817  -31.143  3.035  48.861 0.5000000000
75825  -31.404  2.198  47.637 0.3750000000
75859  -38.121  2.836  44.927 0.2500000000
75864  2.578  2.650  44.068 0.7500000000
75867  -24.122  3.690  43.148 0.7500000000
75879  -24.510  3.566  42.569 0.6250000000
75899  -36.566  3.416  42.218 0.6250000000
75918  -26.523  2.323  39.653 0.6250000000
75921  -35.109  3.322  39.559 0.6250000000
75960  -33.481  3.641  36.907 0.3750000000
76746  -2.311  2.528  62.755 0.8750000000
76747  -3.321  3.463  62.177 0.7500000000
76748  -3.844  4.038  61.830 0.7500000000
76750  -14.019  2.921  61.239 0.6250000000
76752  -15.206  2.856  61.199 0.8750000000
76754  -17.099  2.868  60.733 0.7500000000
76758  -1.505  2.976  62.136 0.6250000000
76761  -18.728  3.177  60.626 0.8750000000
76762  -19.398  2.687  60.832 0.8750000000
76767  -11.838  3.773  60.021 0.2500000000
76769  -20.392  2.855  60.811 0.5000000000
76772  -1.143  3.161  60.447 1.0000000000
76773  -5.141  3.975  60.619 0.8750000000
76775  -11.652  3.740  59.640 0.2500000000
76776  -11.941  3.402  59.798 0.2500000000
76783  1.121  3.053  57.780 0.5000000000
76796  1.652  3.097  56.839 0.5000000000
76812  2.470  2.602  55.476 0.6250000000
76846  -21.355  3.277  52.456 0.8750000000
76882  -33.735  3.888  50.914 0.2500000000
76889  -9.836  3.464  49.380 0.3750000000
76897  -21.318  3.550  49.201 0.7500000000
76922  -21.840  4.175  47.934 0.5000000000
76989  -27.407  4.391  43.718 0.7500000000
77938  -4.787  4.933  63.070 0.7500000000
77940  -15.031  3.180  61.035 0.6250000000
77942  -16.734  3.010  60.744 0.7500000000
77946  -2.656  4.444  61.609 0.7500000000
77947  -5.180  5.074  62.966 0.7500000000
77949  -13.211  3.554  61.017 0.3750000000
77950  -13.822  3.741  61.124 0.5000000000
77951  -14.567  3.478  61.037 0.6250000000
77952  -15.384  3.327  60.826 0.5000000000
77953  -16.183  3.297  60.578 0.8750000000
77954  -16.888  3.409  60.358 0.7500000000
77955  -18.087  3.582  60.390 0.8750000000
77958  -1.181  3.583  60.631 0.7500000000
77960  -4.557  4.549  61.243 0.8750000000
77963  -19.161  3.833  60.143 0.8750000000
77964  -19.834  3.459  60.269 0.7500000000
77969  -11.443  4.265  59.634 0.3750000000
77970  -16.016  3.959  59.765 0.6250000000
77972  -20.175  3.839  59.721 0.5000000000
77973  -20.823  3.476  59.711 0.2500000000
77974  -21.457  3.556  59.448 0.2500000000
77983  -21.512  4.349  59.428 0.2500000000
77984  -22.180  3.807  59.044 0.3750000000
77995  -22.754  4.524  58.136 0.2500000000
77996  -23.102  4.873  57.342 0.3750000000
77998  0.938  4.027  57.986 0.5000000000
77999  -6.429  4.203  57.734 0.6250000000
78006  -22.909  5.075  56.750 0.3750000000
78010  -6.443  4.600  56.347 0.7500000000
78028  -22.103  4.792  55.681 0.2500000000
78070  -33.138  5.102  50.853 0.2500000000
78071  -33.773  4.929  50.686 0.2500000000
78072  -34.353  4.586  50.469 0.2500000000
78079  -8.980  4.587  50.072 0.1250000000
78089  -31.992  4.579  50.742 0.2500000000
78099  -9.453  4.082  49.779 0.2500000000
78110  -34.917  4.311  49.854 0.2500000000
78132  -24.105  5.409  47.264 0.5000000000
78144  -24.491  4.793  46.056 0.6250000000
78159  -25.032  4.630  45.604 0.6250000000
78226  -37.276  4.603  41.737 0.2500000000
78245  -36.420  4.607  40.486 0.5000000000
78274  -35.282  4.606  38.599 0.7500000000
78338  -31.050  5.067  33.291 0.1250000000
78374  -41.306  4.518  30.251 0.2500000000
78375  -41.981  4.748  30.246 0.1250000000
78392  -40.032  3.996  29.871 0.1250000000
78393  -41.079  3.994  29.624 0.2500000000
78409  -41.159  3.706  28.631 0.1250000000
79090  -3.464  5.330  61.947 0.7500000000
79091  -3.818  5.691  62.976 0.7500000000
79093  -4.976  5.413  63.075 0.7500000000
79097  -13.115  4.211  61.039 0.3750000000
79098  -13.571  4.340  61.009 0.3750000000
79100  -16.658  3.660  59.895 0.8750000000
79101  -16.985  3.719  60.047 0.7500000000
79102  -18.025  3.905  60.115 0.6250000000
79104  -1.647  5.580  60.812 0.6250000000
79108  -13.017  4.953  61.037 0.1250000000
79109  -13.893  4.635  60.786 0.3750000000
79110  -14.529  4.416  60.400 0.2500000000
79114  -18.199  4.123  60.012 0.8750000000
79115  -19.005  4.180  59.936 0.8750000000
79117  -0.654  4.421  59.511 0.6250000000
79120  -10.670  5.785  59.369 0.2500000000
79121  -11.232  4.982  59.612 0.2500000000
79124  -17.950  4.092  59.724 0.7500000000
79125  -18.545  4.400  59.558 1.0000000000
79130  -0.748  5.341  59.229 0.6250000000
79138  -20.307  5.669  59.278 0.2500000000
79141  -0.071  4.318  58.845 0.6250000000
79150  -21.818  5.733  58.843 0.2500000000
79181  -22.630  5.818  54.903 0.3750000000
79185  -6.883  5.959  53.442 0.2500000000
79205  -7.722  5.934  51.672 0.1250000000
79208  -9.977  5.595  51.288 0.3750000000
79215  -33.871  5.166  50.491 0.2500000000
79295  -18.922  5.040  46.232 0.1250000000
79305  -20.187  5.766  44.682 0.1250000000
79347  -3.001  5.616  40.299 0.1250000000
79398  -35.298  5.105  38.245 0.8750000000
79413  -34.921  4.946  37.677 0.7500000000
79518  -42.471  4.868  29.102 0.2500000000
80195  -4.020  5.497  62.322 0.7500000000
80196  -4.028  5.877  63.007 0.7500000000
80197  -4.779  5.836  63.002 0.7500000000
80198  -2.316  5.921  61.043 0.7500000000
80201  -4.194  5.263  61.122 0.7500000000
80202  -4.219  5.122  61.214 0.8750000000
80206  -11.517  5.139  60.102 0.1250000000
80207  -12.195  5.088  60.660 0.1250000000
80232  -20.808  6.426  58.001 0.2500000000
80234  -23.017  6.090  57.603 0.2500000000
80242  -21.416  6.962  57.405 0.2500000000
80262  -6.577  6.805  54.478 0.6250000000
80292  -8.938  6.365  51.249 0.5000000000
80308  -20.797  6.701  50.939 0.1250000000
80310  -25.465  7.047  50.029 0.3750000000
80314  -32.628  6.115  50.454 0.2500000000
80316  -33.989  5.906  49.878 0.1250000000
80522  -34.490  6.315  36.591 0.5000000000
80543  -35.007  7.128  36.144 0.5000000000
80562  -34.244  6.955  34.938 0.3750000000
80572  -33.395  6.841  33.638 0.1250000000
80581  -33.967  7.337  33.136 0.1250000000
80594  -43.978  6.554  31.447 0.2500000000
80609  -43.455  6.248  30.720 0.2500000000
80796  -44.276  6.662  14.118 0.1250000000
81248  -2.398  6.725  60.882 0.7500000000
81250  -3.522  6.300  60.747 0.7500000000
81252  -1.012  8.238  61.236 0.6250000000
81256  -4.502  6.557  60.445 0.8750000000
81257  -0.547  7.647  60.669 0.6250000000
81258  -4.638  7.552  59.808 0.6250000000
81263  -12.247  7.456  59.681 0.1250000000
81275  -10.107  7.639  58.638 0.3750000000
81285  -22.601  7.081  56.628 0.2500000000
81292  -21.671  7.557  56.138 0.2500000000
81324  -23.862  7.986  53.762 0.2500000000
81329  -8.572  7.462  52.246 0.5000000000
81394  -33.604  7.561  49.015 0.1250000000
81478  -39.039  7.854  42.263 0.1250000000
81541  -34.845  7.660  34.498 0.5000000000
81543  -36.299  8.497  34.460 0.5000000000
81562  -44.549  7.406  31.932 0.2500000000
81571  -42.185  7.298  31.607 0.2500000000
81586  -41.066  7.324  30.626 0.3750000000
81588  -44.505  6.830  30.504 0.2500000000
81600  -44.432  7.248  29.899 0.3750000000
81724  -43.422  7.294  16.093 0.1250000000
82201  -3.750  7.045  60.438 0.8750000000
82203  -2.422  7.874  60.687 0.6250000000
82208  -3.594  7.799  59.849 0.7500000000
82211  -10.902  7.985  59.995 0.3750000000
82214  0.108  8.956  59.945 0.7500000000
82227  -9.781  7.829  58.897 0.3750000000
82241  -22.169  8.003  55.548 0.1250000000
82249  -23.079  8.644  54.661 0.1250000000
82257  -22.561  8.826  54.433 0.1250000000
82259  -23.425  9.008  54.203 0.1250000000
82269  -22.993  9.380  54.117 0.1250000000
82270  -24.334  9.349  53.256 0.1250000000
82280  -25.713  8.952  52.283 0.1250000000
82281  -26.650  9.048  52.246 0.1250000000
82291  -28.710  9.021  51.876 0.1250000000
82366  -6.518  8.491  45.119 0.1250000000
82384  -6.150  8.944  43.983 0.1250000000
82478  -36.958  8.846  33.858 0.5000000000
82480  -38.194  9.674  33.675 0.6250000000
82495  -44.253  8.241  32.147 0.2500000000
82508  -41.832  8.371  31.584 0.2500000000
82524  -45.210  8.547  30.110 0.2500000000
82605  -44.970  8.759  18.198 0.1250000000
82624  -43.531  8.025  16.606 0.1250000000
82628  -43.341  8.245  15.688 0.1250000000
83122  -1.489  9.322  60.647 0.6250000000
83124  -0.468  9.596  60.178 0.6250000000
83125  -1.089  9.797  60.312 0.6250000000
83131  -10.873  8.882  59.113 0.2500000000
83133  -1.825  9.415  59.248 0.5000000000
83135  -9.947  9.192  58.915 0.3750000000
83183  -23.309  9.556  53.730 0.1250000000
83184  -23.769  9.663  53.532 0.1250000000
83191  -24.091  9.925  53.011 0.1250000000
83192  -24.849  9.850  52.688 0.1250000000
83195  -27.328  10.137  52.245 0.1250000000
83299  -6.925  10.027  43.850 0.1250000000
83417  -40.619  10.257  32.917 0.2500000000
83436  -41.375  9.647  32.319 0.2500000000
83440  -45.011  9.115  32.183 0.2500000000
83516  -52.527  9.495  22.388 0.1250000000
83538  -50.356  8.732  20.061 0.1250000000
83977  -4.833  10.994  57.525 0.6250000000
83978  -9.805  10.938  57.479 0.2500000000
83982  -5.224  10.970  57.482 0.3750000000
84007  -25.784  10.249  52.316 0.1250000000
84012  -26.852  10.618  51.615 0.1250000000
84014  -28.424  10.125  51.783 0.1250000000
84074  -4.088  10.021  44.089 0.1250000000
84081  -4.794  10.153  43.578 0.1250000000
84083  -6.353  10.113  43.437 0.1250000000
84130  -38.431  10.461  37.698 0.3750000000
84226  -46.609  10.340  30.519 0.3750000000
84232  -45.667  10.135  29.695 0.3750000000
84239  -45.800  10.749  29.516 0.3750000000
84274  -49.886  10.072  23.501 0.2500000000
84278  -53.444  10.732  22.733 0.2500000000
84290  -53.112  10.181  22.239 0.2500000000
84311  -47.612  10.340  19.597 0.1250000000
84795  -10.444  11.522  58.400 0.2500000000
84796  -8.849  12.502  57.383 0.3750000000
84797  -9.620  11.785  57.501 0.2500000000
84805  -9.388  11.679  57.383 0.3750000000
84808  -5.764  11.627  57.274 0.3750000000
84810  -7.173  11.881  56.989 0.5000000000
84811  -7.945  11.944  57.039 0.5000000000
84818  -9.199  11.238  56.643 0.3750000000
85030  -48.737  12.567  35.294 0.1250000000
85041  -49.458  12.749  33.880 0.1250000000
85100  -46.899  11.413  29.846 0.3750000000
85110  -42.511  11.347  27.126 0.2500000000
85142  -50.030  11.343  23.697 0.1250000000
85165  -52.074  10.854  20.640 0.2500000000
85676  -6.713  13.212  58.365 0.3750000000
85680  -10.030  12.334  57.631 0.2500000000
85684  -7.583  12.816  57.672 0.5000000000
85685  -9.535  13.132  57.688 0.2500000000
85692  -6.217  12.563  57.175 0.3750000000
85693  -6.864  12.719  57.528 0.3750000000
85695  -12.673  12.352  57.002 0.2500000000
85697  -4.186  12.658  56.732 0.5000000000
85698  -5.596  11.973  57.246 0.3750000000
85700  -7.021  12.237  57.186 0.5000000000
85702  -3.637  12.721  56.199 0.6250000000
85707  -14.022  12.920  55.313 0.2500000000
86078  -53.321  12.964  23.280 0.2500000000
86092  -51.789  11.782  20.531 0.1250000000
86589  -6.688  13.240  58.193 0.3750000000
86590  -7.056  13.351  58.072 0.3750000000
86592  -8.593  13.235  57.830 0.5000000000
86593  -6.101  12.940  56.929 0.3750000000
86594  -6.757  13.089  57.860 0.3750000000
86598  -11.326  12.829  57.936 0.2500000000
86602  -11.763  13.323  57.478 0.2500000000
86604  -3.869  12.774  56.322 0.6250000000
86605  -4.198  12.797  56.426 0.5000000000
86606  -12.747  13.070  56.772 0.2500000000
86608  -13.628  13.420  55.584 0.2500000000
86978  -44.024  14.015  24.412 0.1250000000
86991  -53.991  13.738  23.037 0.2500000000
86993  -54.556  13.539  22.405 0.2500000000
87531  -7.286  13.230  57.822 0.3750000000
87532  -6.085  13.202  56.824 0.3750000000
87533  -6.943  14.019  57.060 0.3750000000
87534  -7.442  14.183  58.028 0.3750000000
87537  -10.566  13.849  57.629 0.2500000000
87538  -11.133  13.430  57.638 0.2500000000
87539  -5.475  12.810  56.830 0.3750000000
87540  -6.898  14.112  56.817 0.3750000000
87541  -11.233  13.892  57.256 0.2500000000
87542  -4.821  13.035  56.478 0.3750000000
87547  -4.829  13.289  56.181 0.3750000000
87549  -9.037  15.081  56.127 0.3750000000
87552  -12.600  13.785  56.487 0.2500000000
87555  -8.729  14.780  55.823 0.3750000000
87558  -11.144  14.476  55.710 0.2500000000
87559  -12.290  14.083  55.633 0.2500000000
87808  -50.014  13.850  33.095 0.1250000000
87890  -44.710  14.765  27.079 0.3750000000
87893  -47.229  15.120  28.206 0.6250000000
87909  -44.369  14.882  26.205 0.2500000000
87930  -45.313  14.812  24.172 0.1250000000
88448  -7.261  14.146  57.777 0.3750000000
88450  -8.453  14.870  58.272 0.3750000000
88451  -9.153  14.765  58.153 0.2500000000
88453  -8.903  15.170  57.742 0.2500000000
88457  -8.070  15.097  56.905 0.3750000000
88458  -8.725  15.235  57.156 0.3750000000
88459  -10.021  14.878  56.316 0.2500000000
88463  -9.414  14.963  55.919 0.3750000000
88783  -45.274  15.837  26.258 0.1250000000
88815  -48.770  15.852  23.603 0.3750000000
88831  -53.891  15.118  22.153 0.1250000000
89646  -49.446  16.526  27.835 0.5000000000
89661  -46.352  16.726  26.202 0.6250000000
89678  -46.859  17.276  25.008 0.5000000000
89704  -53.796  16.622  22.805 0.1250000000
89712  -54.241  16.849  22.339 0.1250000000
91317  -51.779  18.936  28.542 0.1250000000
91358  -49.443  18.714  25.205 0.2500000000
91403  -52.949  18.089  23.291 0.2500000000
92096  -50.840  19.770  27.060 0.2500000000
92871  -51.462  20.575  27.593 0.1250000000
133865  -29.307  -1.896  36.806 0.3750000000
134392  0.764  0.466  42.523 0.6250000000
134398  -2.219  0.569  46.793 0.8750000000
134558  -52.826  13.684  23.385 0.2500000000
135192  -13.721  1.812  60.064 0.8750000000
135471  -47.942  15.488  23.638 0.3750000000
135706  -49.393  15.115  23.474 0.2500000000
135708  -50.824  13.021  20.613 0.1250000000
135911  3.651  2.018  54.963 0.7500000000
136227  -46.781  16.254  24.313 0.6250000000
137434  -29.662  -2.658  35.120 0.1250000000
137496  -48.038  9.716  19.401 0.1250000000
137581  -20.310  1.421  54.188 0.6250000000
137706  -9.096  15.112  56.291 0.3750000000
137903  -4.684  -3.931  60.897 1.0000000000
137927  -13.170  3.054  60.781 0.3750000000
138083  -12.858  0.253  51.215 0.2500000000
138750  2.074  1.409  54.380 0.7500000000
138860  2.306  -2.634  61.558 1.0000000000
139058  2.814  1.623  41.527 0.7500000000
139418  -4.430  4.547  61.535 0.8750000000
139623  -2.764  -0.554  40.285 0.6250000000
139658  -6.586  14.086  56.261 0.3750000000
139792  0.430  -5.595  45.689 0.6250000000
140406  -9.836  14.779  57.044 0.2500000000
140847  -23.038  7.283  55.369 0.1250000000
141139  -12.794  2.925  60.351 0.3750000000
141250  1.288  2.652  57.188 0.8750000000
141474  -14.498  -3.217  52.472 0.1250000000
141618  -23.217  7.514  46.087 0.1250000000
141729  -43.912  5.976  15.392 0.1250000000
141991  -15.051  -1.323  54.412 0.3750000000
142118  -2.478  -2.321  64.349 1.0000000000
142139  -15.118  1.640  60.429 0.7500000000
142159  -36.017  2.823  47.964 0.1250000000
142319  -3.905  0.104  47.062 0.8750000000
142683  -51.124  15.674  23.377 0.1250000000
143024  -20.761  2.545  59.816 0.5000000000
143120  -3.147  6.213  60.907 0.7500000000
143253  -5.868  13.275  56.712 0.3750000000
143260  -17.466  3.523  60.335 0.6250000000
143667  -0.872  -11.223  49.591 0.5000000000
144009  -19.694  -0.100  51.242 0.5000000000
144124  -40.601  10.759  35.116 0.3750000000
144230  -4.163  -0.833  43.065 0.8750000000
144683  1.268  -15.728  53.077 0.2500000000
144929  -24.270  10.054  51.684 0.1250000000
144942  -6.674  12.816  57.982 0.3750000000
145048  3.051  -6.994  50.906 0.6250000000
145502  3.813  -6.020  55.014 0.6250000000
145735  -8.728  11.885  57.070 0.3750000000
145766  -21.024  2.020  56.008 0.6250000000
145812  2.667  1.580  43.135 0.7500000000
146099  1.997  -9.066  48.266 0.6250000000
146109  -2.649  2.450  62.887 0.7500000000
146116  -14.252  -3.574  51.100 0.3750000000
146166  -10.199  7.125  58.307 0.3750000000
146322  -13.776  -2.105  53.008 0.3750000000
146558  -1.735  -8.925  43.453 0.1250000000
146784  3.445  1.764  48.667 0.7500000000
146810  -21.678  3.524  45.442 0.6250000000
146855  -11.018  5.843  59.766 0.2500000000
146857  2.879  1.134  47.315 0.7500000000
146964  -6.291  11.287  57.084 0.5000000000
147179  -10.625  9.804  58.643 0.1250000000
147259  1.996  3.189  56.056 0.5000000000
147515  -14.576  0.380  57.072 0.5000000000
147625  -44.774  11.120  28.625 0.5000000000
147639  -3.029  -4.123  43.817 0.7500000000
147641  2.566  -1.687  34.617 0.2500000000
147679  -3.621  2.977  62.606 0.7500000000
147871  -3.703  9.964  57.899 0.6250000000
147902  -4.789  12.388  57.049 0.3750000000
148055  -15.981  -1.762  56.009 0.5000000000
148193  0.428  -2.499  62.249 1.0000000000
148575  -51.994  19.466  23.458 0.1250000000
148764  -19.563  -4.094  51.943 0.5000000000
148959  -6.136  -1.599  56.188 0.7500000000
148969  -35.982  2.197  47.881 0.1250000000
149035  -4.435  2.942  62.082 0.8750000000
149450  -3.718  -14.052  45.969 0.1250000000
149553  -5.903  -3.129  53.763 0.1250000000
149558  -54.252  16.494  21.917 0.1250000000
149560  -10.097  10.074  58.225 0.3750000000
149578  4.020  2.030  50.734 0.7500000000
149620  -2.233  1.400  58.799 1.0000000000
149629  -3.222  1.097  64.050 1.0000000000
149702  -16.374  2.757  60.756 0.7500000000
149766  0.219  -2.725  64.173 1.0000000000
149795  2.372  -1.858  34.346 0.2500000000
149947  -14.080  0.866  57.795 0.7500000000
150435  -18.099  -1.321  56.235 0.5000000000
150570  -1.212  4.022  60.698 0.6250000000
150695  -30.402  0.070  41.478 0.7500000000
151967  -54.178  11.994  21.909 0.2500000000
151988  3.422  1.434  49.877 0.8750000000
152227  -12.176  3.159  59.871 0.2500000000
152442  -2.491  0.514  45.455 0.8750000000
152586  3.534  3.515  49.258 0.6250000000
152627  -19.253  -4.438  53.091 0.3750000000
152946  -13.138  -0.439  51.815 0.3750000000
153080  -3.814  -4.436  62.391 0.8750000000
153092  -11.968  11.197  58.943 0.1250000000
153412  -6.006  2.878  59.174 0.7500000000
153785  -4.471  9.349  57.906 0.6250000000
153829  -30.138  -1.466  35.906 0.1250000000
154029  -20.889  2.749  59.877 0.5000000000
154040  -51.426  9.773  23.312 0.1250000000
154380  -1.042  7.331  61.053 0.7500000000
154441  1.989  1.336  53.727 0.8750000000
154558  -3.338  -5.472  61.852 0.8750000000
154646  -17.590  1.171  58.891 0.6250000000
154690  -22.774  9.351  53.775 0.1250000000
155317  -33.902  3.611  37.432 0.5000000000
155402  -0.897  -13.951  51.068 0.1250000000
155692  -30.261  -1.934  38.017 0.3750000000
155708  -34.922  2.053  43.169 0.5000000000
155737  -1.522  -6.832  59.947 0.6250000000
156072  -6.882  4.463  53.117 0.1250000000
156185  -6.242  4.111  58.522 0.7500000000
156261  -44.536  10.130  33.570 0.2500000000
156409  -4.419  -1.449  63.055 1.0000000000
156417  -45.813  8.734  18.284 0.1250000000
156617  -1.607  0.243  63.378 1.0000000000
156731  -7.031  13.820  57.216 0.3750000000
156815  -12.673  6.634  60.098 0.1250000000
156816  -34.260  5.542  36.800 0.3750000000
156949  0.310  -2.364  62.705 1.0000000000
157095  -1.846  -1.613  58.609 1.0000000000
157287  -14.096  -1.098  53.534 0.3750000000
157456  -20.604  -6.342  51.783 0.1250000000
157492  -12.273  0.292  48.768 0.1250000000
157647  -2.348  6.646  54.000 0.2500000000
157718  -7.051  14.248  56.941 0.3750000000
157737  -8.010  14.361  58.381 0.3750000000
158509  -44.078  6.008  17.216 0.1250000000
158528  -19.746  -0.193  52.876 0.5000000000
158602  -12.510  7.340  50.988 0.1250000000
158695  -15.121  2.368  60.808 0.7500000000
158823  1.568  -5.568  50.779 0.7500000000
158881  -9.456  14.226  58.182 0.2500000000
158894  -19.303  -1.823  51.292 0.5000000000
159073  -40.105  10.955  36.273 0.2500000000
159227  -11.411  9.615  59.061 0.2500000000
159255  -32.635  -0.449  39.532 0.6250000000
159457  -18.518  -2.912  47.766 0.2500000000
159628  2.900  -9.526  55.755 0.6250000000
159700  -2.812  1.538  37.605 0.1250000000
159836  -19.781  1.516  49.065 0.6250000000
159874  -16.079  3.787  59.940 0.6250000000
159944  -3.622  12.891  56.054 0.6250000000
160029  -42.267  11.855  26.700 0.2500000000
160070  -2.632  2.118  63.223 1.0000000000
160144  3.096  -5.988  52.036 0.5000000000
160190  -30.174  2.827  46.126 0.6250000000
160386  0.303  -9.863  47.829 0.5000000000
160474  -21.849  3.193  58.330 0.3750000000
160656  3.194  -6.994  51.606 0.5000000000
160679  -5.905  0.368  59.157 0.7500000000
160759  -5.109  -3.172  59.986 0.8750000000
160962  -10.378  8.293  55.231 0.2500000000
161007  -14.012  -2.828  52.322 0.3750000000
161082  0.520  -3.009  64.163 1.0000000000
161107  -5.088  -1.428  61.703 1.0000000000
161176  -2.691  -3.987  47.097 0.5000000000
161191  -51.571  9.214  23.023 0.1250000000
161210  -19.631  1.881  60.703 0.7500000000
161314  -13.248  2.325  59.910 0.3750000000
161544  -16.566  -5.427  51.532 0.1250000000
161587  -53.879  11.231  22.667 0.2500000000
