
Mon Mar  9 08:39:44 CET 2026
cd /out/sourcedata/freesurfer/sub-v1s20x0050337_ses-1
setenv SUBJECTS_DIR /out/sourcedata/freesurfer
/opt/freesurfer/bin/recon-all -autorecon1 -i /work/fmriprep_25_2_wf/sub_v1s20x0050337_ses_1_wf/anat_fit_wf/anat_validate/sub-v1s20x0050337_ses-1_T1w_noise_corrected_ras_valid.nii.gz -noskullstrip -noT2pial -noFLAIRpial -cw256 -openmp 16 -subjid sub-v1s20x0050337_ses-1 -sd /out/sourcedata/freesurfer

subjid sub-v1s20x0050337_ses-1
setenv SUBJECTS_DIR /out/sourcedata/freesurfer
FREESURFER_HOME /opt/freesurfer
Actual FREESURFER_HOME /opt/freesurfer
build-stamp.txt: freesurfer-linux-ubuntu22_x86_64-7.3.2-20220804-6354275
Linux dna066 5.14.0-427.37.1.el9_4.x86_64 #1 SMP PREEMPT_DYNAMIC Fri Sep 13 12:41:50 EDT 2024 x86_64 x86_64 x86_64 GNU/Linux
cputime      unlimited
filesize     unlimited
datasize     unlimited
stacksize    8192 kbytes
coredumpsize 0 kbytes
memoryuse    67108864 kbytes
vmemoryuse   unlimited
descriptors  1024 
memorylocked unlimited
maxproc      2061970 
maxlocks     unlimited
maxsignal    2062029 
maxmessage   819200 
maxnice      0 
maxrtprio    0 
maxrttime    unlimited

               total        used        free      shared  buff/cache   available
Mem:           503Gi        37Gi       443Gi       9.1Gi        22Gi       453Gi
Swap:             0B          0B          0B

########################################
program versions used
7.3.2 (freesurfer-linux-ubuntu22_x86_64-7.3.2-20220804-6354275)
7.3.2

ProgramName: lta_convert  ProgramArguments: lta_convert -all-info  ProgramVersion: 7.3.2  TimeStamp: 2026/03/09-07:39:44-GMT  BuildTime: Aug  4 2022 06:17:15  BuildStamp: freesurfer-linux-ubuntu22_x86_64-7.3.2-20220804-6354275  User: oesteban  Machine: dna066  Platform: Linux  PlatformVersion: 5.14.0-427.37.1.el9_4.x86_64  CompilerName: GCC  CompilerVersion: 8.4.0
ProgramName: mri_and  ProgramArguments: mri_and -all-info  ProgramVersion: 7.3.2  TimeStamp: 2026/03/09-07:39:44-GMT  BuildTime: Aug  4 2022 06:17:15  BuildStamp: freesurfer-linux-ubuntu22_x86_64-7.3.2-20220804-6354275  User: oesteban  Machine: dna066  Platform: Linux  PlatformVersion: 5.14.0-427.37.1.el9_4.x86_64  CompilerName: GCC  CompilerVersion: 8.4.0
ProgramName: mri_annotation2label  ProgramArguments: mri_annotation2label -all-info  ProgramVersion: 7.3.2  TimeStamp: 2026/03/09-07:39:44-GMT  BuildTime: Aug  4 2022 06:17:15  BuildStamp: freesurfer-linux-ubuntu22_x86_64-7.3.2-20220804-6354275  User: oesteban  Machine: dna066  Platform: Linux  PlatformVersion: 5.14.0-427.37.1.el9_4.x86_64  CompilerName: GCC  CompilerVersion: 8.4.0
ProgramName: mri_aparc2aseg  ProgramArguments: mri_aparc2aseg -all-info  ProgramVersion: 7.3.2  TimeStamp: 2026/03/09-07:39:44-GMT  BuildTime: Aug  4 2022 06:17:15  BuildStamp: freesurfer-linux-ubuntu22_x86_64-7.3.2-20220804-6354275  User: oesteban  Machine: dna066  Platform: Linux  PlatformVersion: 5.14.0-427.37.1.el9_4.x86_64  CompilerName: GCC  CompilerVersion: 8.4.0
ProgramName: mri_surf2volseg  ProgramArguments: mri_surf2volseg -all-info  ProgramVersion: 7.3.2  TimeStamp: 2026/03/09-07:39:44-GMT  BuildTime: Aug  4 2022 06:17:15  BuildStamp: freesurfer-linux-ubuntu22_x86_64-7.3.2-20220804-6354275  User: oesteban  Machine: dna066  Platform: Linux  PlatformVersion: 5.14.0-427.37.1.el9_4.x86_64  CompilerName: GCC  CompilerVersion: 8.4.0
ProgramName: mri_binarize  ProgramArguments: mri_binarize -all-info  ProgramVersion: 7.3.2  TimeStamp: 2026/03/09-07:39:44-GMT  BuildTime: Aug  4 2022 06:17:15  BuildStamp: freesurfer-linux-ubuntu22_x86_64-7.3.2-20220804-6354275  User: oesteban  Machine: dna066  Platform: Linux  PlatformVersion: 5.14.0-427.37.1.el9_4.x86_64  CompilerName: GCC  CompilerVersion: 8.4.0
ProgramName: mri_ca_label  ProgramArguments: mri_ca_label -all-info  ProgramVersion: 7.3.2  TimeStamp: 2026/03/09-07:39:44-GMT  BuildTime: Aug  4 2022 06:17:15  BuildStamp: freesurfer-linux-ubuntu22_x86_64-7.3.2-20220804-6354275  User: oesteban  Machine: dna066  Platform: Linux  PlatformVersion: 5.14.0-427.37.1.el9_4.x86_64  CompilerName: GCC  CompilerVersion: 8.4.0
ProgramName: mri_ca_normalize  ProgramArguments: mri_ca_normalize -all-info  ProgramVersion: 7.3.2  TimeStamp: 2026/03/09-07:39:44-GMT  BuildTime: Aug  4 2022 06:17:15  BuildStamp: freesurfer-linux-ubuntu22_x86_64-7.3.2-20220804-6354275  User: oesteban  Machine: dna066  Platform: Linux  PlatformVersion: 5.14.0-427.37.1.el9_4.x86_64  CompilerName: GCC  CompilerVersion: 8.4.0
ProgramName: mri_ca_register  ProgramArguments: mri_ca_register -all-info  ProgramVersion: 7.3.2  TimeStamp: 2026/03/09-07:39:44-GMT  BuildTime: Aug  4 2022 06:17:15  BuildStamp: freesurfer-linux-ubuntu22_x86_64-7.3.2-20220804-6354275  User: oesteban  Machine: dna066  Platform: Linux  PlatformVersion: 5.14.0-427.37.1.el9_4.x86_64  CompilerName: GCC  CompilerVersion: 8.4.0
ProgramName: mri_cc  ProgramArguments: mri_cc -all-info  ProgramVersion: 7.3.2  TimeStamp: 2026/03/09-07:39:44-GMT  BuildTime: Aug  4 2022 06:17:15  BuildStamp: freesurfer-linux-ubuntu22_x86_64-7.3.2-20220804-6354275  User: oesteban  Machine: dna066  Platform: Linux  PlatformVersion: 5.14.0-427.37.1.el9_4.x86_64  CompilerName: GCC  CompilerVersion: 8.4.0
ProgramName: mri_compute_overlap  ProgramArguments: mri_compute_overlap -all-info  ProgramVersion: 7.3.2  TimeStamp: 2026/03/09-07:39:44-GMT  BuildTime: Aug  4 2022 06:17:15  BuildStamp: freesurfer-linux-ubuntu22_x86_64-7.3.2-20220804-6354275  User: oesteban  Machine: dna066  Platform: Linux  PlatformVersion: 5.14.0-427.37.1.el9_4.x86_64  CompilerName: GCC  CompilerVersion: 8.4.0
ProgramName: mri_compute_seg_overlap  ProgramArguments: mri_compute_seg_overlap -all-info  ProgramVersion: 7.3.2  TimeStamp: 2026/03/09-07:39:44-GMT  BuildTime: Aug  4 2022 06:17:15  BuildStamp: freesurfer-linux-ubuntu22_x86_64-7.3.2-20220804-6354275  User: oesteban  Machine: dna066  Platform: Linux  PlatformVersion: 5.14.0-427.37.1.el9_4.x86_64  CompilerName: GCC  CompilerVersion: 8.4.0
ProgramName: mri_concat  ProgramArguments: mri_concat -all-info  ProgramVersion: 7.3.2  TimeStamp: 2026/03/09-07:39:44-GMT  BuildTime: Aug  4 2022 06:17:15  BuildStamp: freesurfer-linux-ubuntu22_x86_64-7.3.2-20220804-6354275  User: oesteban  Machine: dna066  Platform: Linux  PlatformVersion: 5.14.0-427.37.1.el9_4.x86_64  CompilerName: GCC  CompilerVersion: 8.4.0
ProgramName: mri_concatenate_lta  ProgramArguments: mri_concatenate_lta -all-info  ProgramVersion: 7.3.2  TimeStamp: 2026/03/09-07:39:44-GMT  BuildTime: Aug  4 2022 06:17:15  BuildStamp: freesurfer-linux-ubuntu22_x86_64-7.3.2-20220804-6354275  User: oesteban  Machine: dna066  Platform: Linux  PlatformVersion: 5.14.0-427.37.1.el9_4.x86_64  CompilerName: GCC  CompilerVersion: 8.4.0
mri_convert -all-info 
ProgramName: mri_convert  ProgramArguments: mri_convert -all-info  ProgramVersion: 7.3.2  TimeStamp: 2026/03/09-07:39:44-GMT  BuildTime: Aug  4 2022 06:17:15  BuildStamp: freesurfer-linux-ubuntu22_x86_64-7.3.2-20220804-6354275  User: oesteban  Machine: dna066  Platform: Linux  PlatformVersion: 5.14.0-427.37.1.el9_4.x86_64  CompilerName: GCC  CompilerVersion: 8.4.0
ProgramName: mri_diff  ProgramArguments: mri_diff -all-info  ProgramVersion: 7.3.2  TimeStamp: 2026/03/09-07:39:44-GMT  BuildTime: Aug  4 2022 06:17:15  BuildStamp: freesurfer-linux-ubuntu22_x86_64-7.3.2-20220804-6354275  User: oesteban  Machine: dna066  Platform: Linux  PlatformVersion: 5.14.0-427.37.1.el9_4.x86_64  CompilerName: GCC  CompilerVersion: 8.4.0
ProgramName: mri_edit_wm_with_aseg  ProgramArguments: mri_edit_wm_with_aseg -all-info  ProgramVersion: 7.3.2  TimeStamp: 2026/03/09-07:39:44-GMT  BuildTime: Aug  4 2022 06:17:15  BuildStamp: freesurfer-linux-ubuntu22_x86_64-7.3.2-20220804-6354275  User: oesteban  Machine: dna066  Platform: Linux  PlatformVersion: 5.14.0-427.37.1.el9_4.x86_64  CompilerName: GCC  CompilerVersion: 8.4.0
ProgramName: mri_em_register  ProgramArguments: mri_em_register -all-info  ProgramVersion: 7.3.2  TimeStamp: 2026/03/09-07:39:44-GMT  BuildTime: Aug  4 2022 06:17:15  BuildStamp: freesurfer-linux-ubuntu22_x86_64-7.3.2-20220804-6354275  User: oesteban  Machine: dna066  Platform: Linux  PlatformVersion: 5.14.0-427.37.1.el9_4.x86_64  CompilerName: GCC  CompilerVersion: 8.4.0
ProgramName: mri_fill  ProgramArguments: mri_fill -all-info  ProgramVersion: 7.3.2  TimeStamp: 2026/03/09-07:39:44-GMT  BuildTime: Aug  4 2022 06:17:15  BuildStamp: freesurfer-linux-ubuntu22_x86_64-7.3.2-20220804-6354275  User: oesteban  Machine: dna066  Platform: Linux  PlatformVersion: 5.14.0-427.37.1.el9_4.x86_64  CompilerName: GCC  CompilerVersion: 8.4.0
ProgramName: mri_fuse_segmentations  ProgramArguments: mri_fuse_segmentations -all-info  ProgramVersion: 7.3.2  TimeStamp: 2026/03/09-07:39:44-GMT  BuildTime: Aug  4 2022 06:17:15  BuildStamp: freesurfer-linux-ubuntu22_x86_64-7.3.2-20220804-6354275  User: oesteban  Machine: dna066  Platform: Linux  PlatformVersion: 5.14.0-427.37.1.el9_4.x86_64  CompilerName: GCC  CompilerVersion: 8.4.0
ProgramName: mri_fwhm  ProgramArguments: mri_fwhm -all-info  ProgramVersion: 7.3.2  TimeStamp: 2026/03/09-07:39:44-GMT  BuildTime: Aug  4 2022 06:17:15  BuildStamp: freesurfer-linux-ubuntu22_x86_64-7.3.2-20220804-6354275  User: oesteban  Machine: dna066  Platform: Linux  PlatformVersion: 5.14.0-427.37.1.el9_4.x86_64  CompilerName: GCC  CompilerVersion: 8.4.0
ProgramName: mri_gcut  ProgramArguments: mri_gcut -all-info  ProgramVersion: 7.3.2  TimeStamp: 2026/03/09-07:39:44-GMT  BuildTime: Aug  4 2022 06:17:15  BuildStamp: freesurfer-linux-ubuntu22_x86_64-7.3.2-20220804-6354275  User: oesteban  Machine: dna066  Platform: Linux  PlatformVersion: 5.14.0-427.37.1.el9_4.x86_64  CompilerName: GCC  CompilerVersion: 8.4.0
ProgramName: mri_info  ProgramArguments: mri_info -all-info  ProgramVersion: 7.3.2  TimeStamp: 2026/03/09-07:39:44-GMT  BuildTime: Aug  4 2022 06:17:15  BuildStamp: freesurfer-linux-ubuntu22_x86_64-7.3.2-20220804-6354275  User: oesteban  Machine: dna066  Platform: Linux  PlatformVersion: 5.14.0-427.37.1.el9_4.x86_64  CompilerName: GCC  CompilerVersion: 8.4.0
ProgramName: mri_label2label  ProgramArguments: mri_label2label -all-info  ProgramVersion: 7.3.2  TimeStamp: 2026/03/09-07:39:44-GMT  BuildTime: Aug  4 2022 06:17:15  BuildStamp: freesurfer-linux-ubuntu22_x86_64-7.3.2-20220804-6354275  User: oesteban  Machine: dna066  Platform: Linux  PlatformVersion: 5.14.0-427.37.1.el9_4.x86_64  CompilerName: GCC  CompilerVersion: 8.4.0
ProgramName: mri_label2vol  ProgramArguments: mri_label2vol -all-info  ProgramVersion: 7.3.2  TimeStamp: 2026/03/09-07:39:44-GMT  BuildTime: Aug  4 2022 06:17:15  BuildStamp: freesurfer-linux-ubuntu22_x86_64-7.3.2-20220804-6354275  User: oesteban  Machine: dna066  Platform: Linux  PlatformVersion: 5.14.0-427.37.1.el9_4.x86_64  CompilerName: GCC  CompilerVersion: 8.4.0
ProgramName: mri_log_likelihood  ProgramArguments: mri_log_likelihood -all-info  ProgramVersion: 7.3.2  TimeStamp: 2026/03/09-07:39:44-GMT  BuildTime: Aug  4 2022 06:17:15  BuildStamp: freesurfer-linux-ubuntu22_x86_64-7.3.2-20220804-6354275  User: oesteban  Machine: dna066  Platform: Linux  PlatformVersion: 5.14.0-427.37.1.el9_4.x86_64  CompilerName: GCC  CompilerVersion: 8.4.0
ProgramName: mri_mask  ProgramArguments: mri_mask -all-info  ProgramVersion: 7.3.2  TimeStamp: 2026/03/09-07:39:44-GMT  BuildTime: Aug  4 2022 06:17:15  BuildStamp: freesurfer-linux-ubuntu22_x86_64-7.3.2-20220804-6354275  User: oesteban  Machine: dna066  Platform: Linux  PlatformVersion: 5.14.0-427.37.1.el9_4.x86_64  CompilerName: GCC  CompilerVersion: 8.4.0
ProgramName: mri_matrix_multiply  ProgramArguments: mri_matrix_multiply -all-info  ProgramVersion: 7.3.2  TimeStamp: 2026/03/09-07:39:44-GMT  BuildTime: Aug  4 2022 06:17:15  BuildStamp: freesurfer-linux-ubuntu22_x86_64-7.3.2-20220804-6354275  User: oesteban  Machine: dna066  Platform: Linux  PlatformVersion: 5.14.0-427.37.1.el9_4.x86_64  CompilerName: GCC  CompilerVersion: 8.4.0
ProgramName: mri_normalize  ProgramArguments: mri_normalize -all-info  ProgramVersion: 7.3.2  TimeStamp: 2026/03/09-07:39:44-GMT  BuildTime: Aug  4 2022 06:17:15  BuildStamp: freesurfer-linux-ubuntu22_x86_64-7.3.2-20220804-6354275  User: oesteban  Machine: dna066  Platform: Linux  PlatformVersion: 5.14.0-427.37.1.el9_4.x86_64  CompilerName: GCC  CompilerVersion: 8.4.0
ProgramName: mri_normalize_tp2  ProgramArguments: mri_normalize_tp2 -all-info  ProgramVersion: 7.3.2  TimeStamp: 2026/03/09-07:39:44-GMT  BuildTime: Aug  4 2022 06:17:15  BuildStamp: freesurfer-linux-ubuntu22_x86_64-7.3.2-20220804-6354275  User: oesteban  Machine: dna066  Platform: Linux  PlatformVersion: 5.14.0-427.37.1.el9_4.x86_64  CompilerName: GCC  CompilerVersion: 8.4.0
ProgramName: mri_or  ProgramArguments: mri_or -all-info  ProgramVersion: 7.3.2  TimeStamp: 2026/03/09-07:39:44-GMT  BuildTime: Aug  4 2022 06:17:15  BuildStamp: freesurfer-linux-ubuntu22_x86_64-7.3.2-20220804-6354275  User: oesteban  Machine: dna066  Platform: Linux  PlatformVersion: 5.14.0-427.37.1.el9_4.x86_64  CompilerName: GCC  CompilerVersion: 8.4.0
ProgramName: mri_relabel_hypointensities  ProgramArguments: mri_relabel_hypointensities -all-info  ProgramVersion: 7.3.2  TimeStamp: 2026/03/09-07:39:44-GMT  BuildTime: Aug  4 2022 06:17:15  BuildStamp: freesurfer-linux-ubuntu22_x86_64-7.3.2-20220804-6354275  User: oesteban  Machine: dna066  Platform: Linux  PlatformVersion: 5.14.0-427.37.1.el9_4.x86_64  CompilerName: GCC  CompilerVersion: 8.4.0
ProgramName: mri_relabel_nonwm_hypos  ProgramArguments: mri_relabel_nonwm_hypos -all-info  ProgramVersion: 7.3.2  TimeStamp: 2026/03/09-07:39:44-GMT  BuildTime: Aug  4 2022 06:17:15  BuildStamp: freesurfer-linux-ubuntu22_x86_64-7.3.2-20220804-6354275  User: oesteban  Machine: dna066  Platform: Linux  PlatformVersion: 5.14.0-427.37.1.el9_4.x86_64  CompilerName: GCC  CompilerVersion: 8.4.0
ProgramName: mri_remove_neck  ProgramArguments: mri_remove_neck -all-info  ProgramVersion: 7.3.2  TimeStamp: 2026/03/09-07:39:44-GMT  BuildTime: Aug  4 2022 06:17:15  BuildStamp: freesurfer-linux-ubuntu22_x86_64-7.3.2-20220804-6354275  User: oesteban  Machine: dna066  Platform: Linux  PlatformVersion: 5.14.0-427.37.1.el9_4.x86_64  CompilerName: GCC  CompilerVersion: 8.4.0
7.3.2

ProgramName: mri_robust_register  ProgramArguments: mri_robust_register -all-info  ProgramVersion: 7.3.2  TimeStamp: 2026/03/09-07:39:44-GMT  BuildTime: Aug  4 2022 06:17:15  BuildStamp: freesurfer-linux-ubuntu22_x86_64-7.3.2-20220804-6354275  User: oesteban  Machine: dna066  Platform: Linux  PlatformVersion: 5.14.0-427.37.1.el9_4.x86_64  CompilerName: GCC  CompilerVersion: 8.4.0
7.3.2

ProgramName: mri_robust_template  ProgramArguments: mri_robust_template -all-info  ProgramVersion: 7.3.2  TimeStamp: 2026/03/09-07:39:44-GMT  BuildTime: Aug  4 2022 06:17:15  BuildStamp: freesurfer-linux-ubuntu22_x86_64-7.3.2-20220804-6354275  User: oesteban  Machine: dna066  Platform: Linux  PlatformVersion: 5.14.0-427.37.1.el9_4.x86_64  CompilerName: GCC  CompilerVersion: 8.4.0
ProgramName: mris_anatomical_stats  ProgramArguments: mris_anatomical_stats -all-info  ProgramVersion: 7.3.2  TimeStamp: 2026/03/09-07:39:44-GMT  BuildTime: Aug  4 2022 06:17:15  BuildStamp: freesurfer-linux-ubuntu22_x86_64-7.3.2-20220804-6354275  User: oesteban  Machine: dna066  Platform: Linux  PlatformVersion: 5.14.0-427.37.1.el9_4.x86_64  CompilerName: GCC  CompilerVersion: 8.4.0
ProgramName: mris_ca_label  ProgramArguments: mris_ca_label -all-info  ProgramVersion: 7.3.2  TimeStamp: 2026/03/09-07:39:44-GMT  BuildTime: Aug  4 2022 06:17:15  BuildStamp: freesurfer-linux-ubuntu22_x86_64-7.3.2-20220804-6354275  User: oesteban  Machine: dna066  Platform: Linux  PlatformVersion: 5.14.0-427.37.1.el9_4.x86_64  CompilerName: GCC  CompilerVersion: 8.4.0
ProgramName: mris_calc  ProgramArguments: mris_calc -all-info  ProgramVersion: 7.3.2  TimeStamp: 2026/03/09-07:39:44-GMT  BuildTime: Aug  4 2022 06:17:15  BuildStamp: freesurfer-linux-ubuntu22_x86_64-7.3.2-20220804-6354275  User: oesteban  Machine: dna066  Platform: Linux  PlatformVersion: 5.14.0-427.37.1.el9_4.x86_64  CompilerName: GCC  CompilerVersion: 8.4.0
ProgramName: mris_convert  ProgramArguments: mris_convert -all-info  ProgramVersion: 7.3.2  TimeStamp: 2026/03/09-07:39:44-GMT  BuildTime: Aug  4 2022 06:17:15  BuildStamp: freesurfer-linux-ubuntu22_x86_64-7.3.2-20220804-6354275  User: oesteban  Machine: dna066  Platform: Linux  PlatformVersion: 5.14.0-427.37.1.el9_4.x86_64  CompilerName: GCC  CompilerVersion: 8.4.0
ProgramName: mris_curvature  ProgramArguments: mris_curvature -all-info  ProgramVersion: 7.3.2  TimeStamp: 2026/03/09-07:39:44-GMT  BuildTime: Aug  4 2022 06:17:15  BuildStamp: freesurfer-linux-ubuntu22_x86_64-7.3.2-20220804-6354275  User: oesteban  Machine: dna066  Platform: Linux  PlatformVersion: 5.14.0-427.37.1.el9_4.x86_64  CompilerName: GCC  CompilerVersion: 8.4.0
ProgramName: mris_curvature_stats  ProgramArguments: mris_curvature_stats -all-info  ProgramVersion: 7.3.2  TimeStamp: 2026/03/09-07:39:44-GMT  BuildTime: Aug  4 2022 06:17:15  BuildStamp: freesurfer-linux-ubuntu22_x86_64-7.3.2-20220804-6354275  User: oesteban  Machine: dna066  Platform: Linux  PlatformVersion: 5.14.0-427.37.1.el9_4.x86_64  CompilerName: GCC  CompilerVersion: 8.4.0
ProgramName: mris_diff  ProgramArguments: mris_diff -all-info  ProgramVersion: 7.3.2  TimeStamp: 2026/03/09-07:39:44-GMT  BuildTime: Aug  4 2022 06:17:15  BuildStamp: freesurfer-linux-ubuntu22_x86_64-7.3.2-20220804-6354275  User: oesteban  Machine: dna066  Platform: Linux  PlatformVersion: 5.14.0-427.37.1.el9_4.x86_64  CompilerName: GCC  CompilerVersion: 8.4.0
ProgramName: mris_divide_parcellation  ProgramArguments: mris_divide_parcellation -all-info  ProgramVersion: 7.3.2  TimeStamp: 2026/03/09-07:39:44-GMT  BuildTime: Aug  4 2022 06:17:15  BuildStamp: freesurfer-linux-ubuntu22_x86_64-7.3.2-20220804-6354275  User: oesteban  Machine: dna066  Platform: Linux  PlatformVersion: 5.14.0-427.37.1.el9_4.x86_64  CompilerName: GCC  CompilerVersion: 8.4.0
ProgramName: mri_segment  ProgramArguments: mri_segment -all-info  ProgramVersion: 7.3.2  TimeStamp: 2026/03/09-07:39:44-GMT  BuildTime: Aug  4 2022 06:17:15  BuildStamp: freesurfer-linux-ubuntu22_x86_64-7.3.2-20220804-6354275  User: oesteban  Machine: dna066  Platform: Linux  PlatformVersion: 5.14.0-427.37.1.el9_4.x86_64  CompilerName: GCC  CompilerVersion: 8.4.0
ProgramName: mri_segstats  ProgramArguments: mri_segstats -all-info  ProgramVersion: 7.3.2  TimeStamp: 2026/03/09-07:39:44-GMT  BuildTime: Aug  4 2022 06:17:15  BuildStamp: freesurfer-linux-ubuntu22_x86_64-7.3.2-20220804-6354275  User: oesteban  Machine: dna066  Platform: Linux  PlatformVersion: 5.14.0-427.37.1.el9_4.x86_64  CompilerName: GCC  CompilerVersion: 8.4.0
ProgramName: mris_euler_number  ProgramArguments: mris_euler_number -all-info  ProgramVersion: 7.3.2  TimeStamp: 2026/03/09-07:39:44-GMT  BuildTime: Aug  4 2022 06:17:15  BuildStamp: freesurfer-linux-ubuntu22_x86_64-7.3.2-20220804-6354275  User: oesteban  Machine: dna066  Platform: Linux  PlatformVersion: 5.14.0-427.37.1.el9_4.x86_64  CompilerName: GCC  CompilerVersion: 8.4.0
ProgramName: mris_fix_topology  ProgramArguments: mris_fix_topology -all-info  ProgramVersion: 7.3.2  TimeStamp: 2026/03/09-07:39:44-GMT  BuildTime: Aug  4 2022 06:17:15  BuildStamp: freesurfer-linux-ubuntu22_x86_64-7.3.2-20220804-6354275  User: oesteban  Machine: dna066  Platform: Linux  PlatformVersion: 5.14.0-427.37.1.el9_4.x86_64  CompilerName: GCC  CompilerVersion: 8.4.0
ProgramName: mris_topo_fixer  ProgramArguments: mris_topo_fixer -all-info  ProgramVersion: 7.3.2  TimeStamp: 2026/03/09-07:39:44-GMT  BuildTime: Aug  4 2022 06:17:15  BuildStamp: freesurfer-linux-ubuntu22_x86_64-7.3.2-20220804-6354275  User: oesteban  Machine: dna066  Platform: Linux  PlatformVersion: 5.14.0-427.37.1.el9_4.x86_64  CompilerName: GCC  CompilerVersion: 8.4.0
ProgramName: mris_jacobian  ProgramArguments: mris_jacobian -all-info  ProgramVersion: 7.3.2  TimeStamp: 2026/03/09-07:39:44-GMT  BuildTime: Aug  4 2022 06:17:15  BuildStamp: freesurfer-linux-ubuntu22_x86_64-7.3.2-20220804-6354275  User: oesteban  Machine: dna066  Platform: Linux  PlatformVersion: 5.14.0-427.37.1.el9_4.x86_64  CompilerName: GCC  CompilerVersion: 8.4.0
ProgramName: mris_label2annot  ProgramArguments: mris_label2annot -all-info  ProgramVersion: 7.3.2  TimeStamp: 2026/03/09-07:39:44-GMT  BuildTime: Aug  4 2022 06:17:15  BuildStamp: freesurfer-linux-ubuntu22_x86_64-7.3.2-20220804-6354275  User: oesteban  Machine: dna066  Platform: Linux  PlatformVersion: 5.14.0-427.37.1.el9_4.x86_64  CompilerName: GCC  CompilerVersion: 8.4.0
ProgramName: mris_left_right_register  ProgramArguments: mris_left_right_register -all-info  ProgramVersion: 7.3.2  TimeStamp: 2026/03/09-07:39:44-GMT  BuildTime: Aug  4 2022 06:17:15  BuildStamp: freesurfer-linux-ubuntu22_x86_64-7.3.2-20220804-6354275  User: oesteban  Machine: dna066  Platform: Linux  PlatformVersion: 5.14.0-427.37.1.el9_4.x86_64  CompilerName: GCC  CompilerVersion: 8.4.0
ProgramName: mris_place_surface  ProgramArguments: mris_place_surface -all-info  ProgramVersion: 7.3.2  TimeStamp: 2026/03/09-07:39:44-GMT  BuildTime: Aug  4 2022 06:17:15  BuildStamp: freesurfer-linux-ubuntu22_x86_64-7.3.2-20220804-6354275  User: oesteban  Machine: dna066  Platform: Linux  PlatformVersion: 5.14.0-427.37.1.el9_4.x86_64  CompilerName: GCC  CompilerVersion: 8.4.0
ProgramName: mrisp_paint  ProgramArguments: mrisp_paint -all-info  ProgramVersion: 7.3.2  TimeStamp: 2026/03/09-07:39:44-GMT  BuildTime: Aug  4 2022 06:17:15  BuildStamp: freesurfer-linux-ubuntu22_x86_64-7.3.2-20220804-6354275  User: oesteban  Machine: dna066  Platform: Linux  PlatformVersion: 5.14.0-427.37.1.el9_4.x86_64  CompilerName: GCC  CompilerVersion: 8.4.0
ProgramName: mris_register  ProgramArguments: mris_register -all-info  ProgramVersion: 7.3.2  TimeStamp: 2026/03/09-07:39:44-GMT  BuildTime: Aug  4 2022 06:17:15  BuildStamp: freesurfer-linux-ubuntu22_x86_64-7.3.2-20220804-6354275  User: oesteban  Machine: dna066  Platform: Linux  PlatformVersion: 5.14.0-427.37.1.el9_4.x86_64  CompilerName: GCC  CompilerVersion: 8.4.0
ProgramName: mris_smooth  ProgramArguments: mris_smooth -all-info  ProgramVersion: 7.3.2  TimeStamp: 2026/03/09-07:39:44-GMT  BuildTime: Aug  4 2022 06:17:15  BuildStamp: freesurfer-linux-ubuntu22_x86_64-7.3.2-20220804-6354275  User: oesteban  Machine: dna066  Platform: Linux  PlatformVersion: 5.14.0-427.37.1.el9_4.x86_64  CompilerName: GCC  CompilerVersion: 8.4.0
ProgramName: mris_sphere  ProgramArguments: mris_sphere -all-info  ProgramVersion: 7.3.2  TimeStamp: 2026/03/09-07:39:44-GMT  BuildTime: Aug  4 2022 06:17:15  BuildStamp: freesurfer-linux-ubuntu22_x86_64-7.3.2-20220804-6354275  User: oesteban  Machine: dna066  Platform: Linux  PlatformVersion: 5.14.0-427.37.1.el9_4.x86_64  CompilerName: GCC  CompilerVersion: 8.4.0
ProgramName: mris_surface_stats  ProgramArguments: mris_surface_stats -all-info  ProgramVersion: 7.3.2  TimeStamp: 2026/03/09-07:39:44-GMT  BuildTime: Aug  4 2022 06:17:15  BuildStamp: freesurfer-linux-ubuntu22_x86_64-7.3.2-20220804-6354275  User: oesteban  Machine: dna066  Platform: Linux  PlatformVersion: 5.14.0-427.37.1.el9_4.x86_64  CompilerName: GCC  CompilerVersion: 8.4.0
ProgramName: mri_stats2seg  ProgramArguments: mri_stats2seg -all-info  ProgramVersion: 7.3.2  TimeStamp: 2026/03/09-07:39:44-GMT  BuildTime: Aug  4 2022 06:17:15  BuildStamp: freesurfer-linux-ubuntu22_x86_64-7.3.2-20220804-6354275  User: oesteban  Machine: dna066  Platform: Linux  PlatformVersion: 5.14.0-427.37.1.el9_4.x86_64  CompilerName: GCC  CompilerVersion: 8.4.0
ProgramName: mris_thickness  ProgramArguments: mris_thickness -all-info  ProgramVersion: 7.3.2  TimeStamp: 2026/03/09-07:39:44-GMT  BuildTime: Aug  4 2022 06:17:15  BuildStamp: freesurfer-linux-ubuntu22_x86_64-7.3.2-20220804-6354275  User: oesteban  Machine: dna066  Platform: Linux  PlatformVersion: 5.14.0-427.37.1.el9_4.x86_64  CompilerName: GCC  CompilerVersion: 8.4.0
ProgramName: mris_thickness_diff  ProgramArguments: mris_thickness_diff -all-info  ProgramVersion: 7.3.2  TimeStamp: 2026/03/09-07:39:44-GMT  BuildTime: Aug  4 2022 06:17:15  BuildStamp: freesurfer-linux-ubuntu22_x86_64-7.3.2-20220804-6354275  User: oesteban  Machine: dna066  Platform: Linux  PlatformVersion: 5.14.0-427.37.1.el9_4.x86_64  CompilerName: GCC  CompilerVersion: 8.4.0
ProgramName: mris_topo_fixer  ProgramArguments: mris_topo_fixer -all-info  ProgramVersion: 7.3.2  TimeStamp: 2026/03/09-07:39:44-GMT  BuildTime: Aug  4 2022 06:17:15  BuildStamp: freesurfer-linux-ubuntu22_x86_64-7.3.2-20220804-6354275  User: oesteban  Machine: dna066  Platform: Linux  PlatformVersion: 5.14.0-427.37.1.el9_4.x86_64  CompilerName: GCC  CompilerVersion: 8.4.0
ProgramName: mri_surf2surf  ProgramArguments: mri_surf2surf -all-info  ProgramVersion: 7.3.2  TimeStamp: 2026/03/09-07:39:44-GMT  BuildTime: Aug  4 2022 06:17:15  BuildStamp: freesurfer-linux-ubuntu22_x86_64-7.3.2-20220804-6354275  User: oesteban  Machine: dna066  Platform: Linux  PlatformVersion: 5.14.0-427.37.1.el9_4.x86_64  CompilerName: GCC  CompilerVersion: 8.4.0
ProgramName: mri_surf2vol  ProgramArguments: mri_surf2vol -all-info  ProgramVersion: 7.3.2  TimeStamp: 2026/03/09-07:39:44-GMT  BuildTime: Aug  4 2022 06:17:15  BuildStamp: freesurfer-linux-ubuntu22_x86_64-7.3.2-20220804-6354275  User: oesteban  Machine: dna066  Platform: Linux  PlatformVersion: 5.14.0-427.37.1.el9_4.x86_64  CompilerName: GCC  CompilerVersion: 8.4.0
ProgramName: mri_surfcluster  ProgramArguments: mri_surfcluster -all-info  ProgramVersion: 7.3.2  TimeStamp: 2026/03/09-07:39:44-GMT  BuildTime: Aug  4 2022 06:17:15  BuildStamp: freesurfer-linux-ubuntu22_x86_64-7.3.2-20220804-6354275  User: oesteban  Machine: dna066  Platform: Linux  PlatformVersion: 5.14.0-427.37.1.el9_4.x86_64  CompilerName: GCC  CompilerVersion: 8.4.0
ProgramName: mris_volmask  ProgramArguments: mris_volmask -all-info  ProgramVersion: 7.3.2  TimeStamp: 2026/03/09-07:39:45-GMT  BuildTime: Aug  4 2022 06:17:15  BuildStamp: freesurfer-linux-ubuntu22_x86_64-7.3.2-20220804-6354275  User: oesteban  Machine: dna066  Platform: Linux  PlatformVersion: 5.14.0-427.37.1.el9_4.x86_64  CompilerName: GCC  CompilerVersion: 8.4.0
ProgramName: mri_tessellate  ProgramArguments: mri_tessellate -all-info  ProgramVersion: 7.3.2  TimeStamp: 2026/03/09-07:39:45-GMT  BuildTime: Aug  4 2022 06:17:15  BuildStamp: freesurfer-linux-ubuntu22_x86_64-7.3.2-20220804-6354275  User: oesteban  Machine: dna066  Platform: Linux  PlatformVersion: 5.14.0-427.37.1.el9_4.x86_64  CompilerName: GCC  CompilerVersion: 8.4.0
ProgramName: mri_vol2surf  ProgramArguments: mri_vol2surf -all-info  ProgramVersion: 7.3.2  TimeStamp: 2026/03/09-07:39:45-GMT  BuildTime: Aug  4 2022 06:17:15  BuildStamp: freesurfer-linux-ubuntu22_x86_64-7.3.2-20220804-6354275  User: oesteban  Machine: dna066  Platform: Linux  PlatformVersion: 5.14.0-427.37.1.el9_4.x86_64  CompilerName: GCC  CompilerVersion: 8.4.0
ProgramName: mri_vol2vol  ProgramArguments: mri_vol2vol -all-info  ProgramVersion: 7.3.2  TimeStamp: 2026/03/09-07:39:45-GMT  BuildTime: Aug  4 2022 06:17:15  BuildStamp: freesurfer-linux-ubuntu22_x86_64-7.3.2-20220804-6354275  User: oesteban  Machine: dna066  Platform: Linux  PlatformVersion: 5.14.0-427.37.1.el9_4.x86_64  CompilerName: GCC  CompilerVersion: 8.4.0
ProgramName: mri_voldiff  ProgramArguments: mri_voldiff -all-info  ProgramVersion: 7.3.2  TimeStamp: 2026/03/09-07:39:45-GMT  BuildTime: Aug  4 2022 06:17:15  BuildStamp: freesurfer-linux-ubuntu22_x86_64-7.3.2-20220804-6354275  User: oesteban  Machine: dna066  Platform: Linux  PlatformVersion: 5.14.0-427.37.1.el9_4.x86_64  CompilerName: GCC  CompilerVersion: 8.4.0
ProgramName: mri_watershed  ProgramArguments: mri_watershed -all-info  ProgramVersion: 7.3.2  TimeStamp: 2026/03/09-07:39:45-GMT  BuildTime: Aug  4 2022 06:17:15  BuildStamp: freesurfer-linux-ubuntu22_x86_64-7.3.2-20220804-6354275  User: oesteban  Machine: dna066  Platform: Linux  PlatformVersion: 5.14.0-427.37.1.el9_4.x86_64  CompilerName: GCC  CompilerVersion: 8.4.0
ProgramName: tkregister2  ProgramArguments: tkregister2_cmdl -all-info  ProgramVersion: 7.3.2  TimeStamp: 2026/03/09-07:39:45-GMT  BuildTime: Aug  4 2022 06:17:15  BuildStamp: freesurfer-linux-ubuntu22_x86_64-7.3.2-20220804-6354275  User: oesteban  Machine: dna066  Platform: Linux  PlatformVersion: 5.14.0-427.37.1.el9_4.x86_64  CompilerName: GCC  CompilerVersion: 8.4.0
mri_motion_correct.fsl 7.3.2
mri_convert -all-info 
ProgramName: mri_convert  ProgramArguments: mri_convert -all-info  ProgramVersion: 7.3.2  TimeStamp: 2026/03/09-07:39:45-GMT  BuildTime: Aug  4 2022 06:17:15  BuildStamp: freesurfer-linux-ubuntu22_x86_64-7.3.2-20220804-6354275  User: oesteban  Machine: dna066  Platform: Linux  PlatformVersion: 5.14.0-427.37.1.el9_4.x86_64  CompilerName: GCC  CompilerVersion: 8.4.0
Program nu_correct, built from:
Package MNI N3, version 1.12.0, compiled by nicks@terrier (x86_64-unknown-linux-gnu) on 2015-06-19 at 01:25:34
#######################################
GCADIR /opt/freesurfer/average
GCA RB_all_2020-01-02.gca
GCASkull RB_all_withskull_2020_01_02.gca
AvgCurvTif folding.atlas.acfb40.noaparc.i12.2016-08-02.tif
GCSDIR /opt/freesurfer/average
GCS DKaparc.atlas.acfb40.noaparc.i12.2016-08-02.gcs
#######################################
-cw256 option is now persistent (remove with -clean-cw256)
/out/sourcedata/freesurfer/sub-v1s20x0050337_ses-1

 mri_convert /work/fmriprep_25_2_wf/sub_v1s20x0050337_ses_1_wf/anat_fit_wf/anat_validate/sub-v1s20x0050337_ses-1_T1w_noise_corrected_ras_valid.nii.gz /out/sourcedata/freesurfer/sub-v1s20x0050337_ses-1/mri/orig/001.mgz 

mri_convert /work/fmriprep_25_2_wf/sub_v1s20x0050337_ses_1_wf/anat_fit_wf/anat_validate/sub-v1s20x0050337_ses-1_T1w_noise_corrected_ras_valid.nii.gz /out/sourcedata/freesurfer/sub-v1s20x0050337_ses-1/mri/orig/001.mgz 
reading from /work/fmriprep_25_2_wf/sub_v1s20x0050337_ses_1_wf/anat_fit_wf/anat_validate/sub-v1s20x0050337_ses-1_T1w_noise_corrected_ras_valid.nii.gz...
TR=0.00, TE=0.00, TI=0.00, flip angle=0.00
i_ras = (1, 0, 0)
j_ras = (0, 1, 0)
k_ras = (0, 0, 1)
writing to /out/sourcedata/freesurfer/sub-v1s20x0050337_ses-1/mri/orig/001.mgz...
#--------------------------------------------
#@# MotionCor Mon Mar  9 08:39:46 CET 2026
Found 1 runs
/out/sourcedata/freesurfer/sub-v1s20x0050337_ses-1/mri/orig/001.mgz
Checking for (invalid) multi-frame inputs...
Only one run found so motion
correction will not be performed. I'll
copy the run to rawavg and continue.

 cp /out/sourcedata/freesurfer/sub-v1s20x0050337_ses-1/mri/orig/001.mgz /out/sourcedata/freesurfer/sub-v1s20x0050337_ses-1/mri/rawavg.mgz 


 mri_info /out/sourcedata/freesurfer/sub-v1s20x0050337_ses-1/mri/rawavg.mgz 

rawavg.mgz ========================================
Volume information for /out/sourcedata/freesurfer/sub-v1s20x0050337_ses-1/mri/rawavg.mgz
          type: MGH
    dimensions: 256 x 256 x 124
   voxel sizes: 1.015620, 1.015620, 1.200000
          type: FLOAT (3)
           fov: 259.999
           dof: 1
        xstart: -130.0, xend: 130.0
        ystart: -130.0, yend: 130.0
        zstart: -74.4, zend: 74.4
            TR: 0.00 msec, TE: 0.00 msec, TI: 0.00 msec, flip angle: 0.00 degrees
       nframes: 1
       PhEncDir: UNKNOWN
       FieldStrength: 0.000000
ras xform present
    xform info: x_r =   1.0000, y_r =   0.0000, z_r =   0.0000, c_r =     0.5078
              : x_a =   0.0000, y_a =   1.0000, z_a =   0.0000, c_a =     0.5078
              : x_s =   0.0000, y_s =   0.0000, z_s =   1.0000, c_s =     0.6000

talairach xfm : 
Orientation   : RAS
Primary Slice Direction: axial

voxel to ras transform:
                1.0156   0.0000   0.0000  -129.4915
                0.0000   1.0156   0.0000  -129.4915
                0.0000   0.0000   1.2000   -73.8000
                0.0000   0.0000   0.0000     1.0000

voxel-to-ras determinant 1.23778

ras to voxel transform:
                0.9846   0.0000   0.0000   127.5000
                0.0000   0.9846   0.0000   127.5000
                0.0000   0.0000   0.8333    61.5000
                0.0000   0.0000   0.0000     1.0000
/out/sourcedata/freesurfer/sub-v1s20x0050337_ses-1

 mri_convert /out/sourcedata/freesurfer/sub-v1s20x0050337_ses-1/mri/rawavg.mgz /out/sourcedata/freesurfer/sub-v1s20x0050337_ses-1/mri/orig.mgz --conform --cw256 

mri_convert /out/sourcedata/freesurfer/sub-v1s20x0050337_ses-1/mri/rawavg.mgz /out/sourcedata/freesurfer/sub-v1s20x0050337_ses-1/mri/orig.mgz --conform --cw256 
reading from /out/sourcedata/freesurfer/sub-v1s20x0050337_ses-1/mri/rawavg.mgz...
TR=0.00, TE=0.00, TI=0.00, flip angle=0.00
i_ras = (1, 0, 0)
j_ras = (0, 1, 0)
k_ras = (0, 0, 1)
changing data type from float to uchar (noscale = 0)...
MRIchangeType: Building histogram -0.00172043 7133.25 1000, flo=0, fhi=0.999, dest_type=0
Reslicing using trilinear interpolation 
writing to /out/sourcedata/freesurfer/sub-v1s20x0050337_ses-1/mri/orig.mgz...

 mri_add_xform_to_header -c /out/sourcedata/freesurfer/sub-v1s20x0050337_ses-1/mri/transforms/talairach.xfm /out/sourcedata/freesurfer/sub-v1s20x0050337_ses-1/mri/orig.mgz /out/sourcedata/freesurfer/sub-v1s20x0050337_ses-1/mri/orig.mgz 

INFO: extension is mgz

 mri_info /out/sourcedata/freesurfer/sub-v1s20x0050337_ses-1/mri/orig.mgz 

orig.mgz ========================================
Volume information for /out/sourcedata/freesurfer/sub-v1s20x0050337_ses-1/mri/orig.mgz
          type: MGH
    dimensions: 256 x 256 x 256
   voxel sizes: 1.000000, 1.000000, 1.000000
          type: UCHAR (0)
           fov: 256.000
           dof: 1
        xstart: -128.0, xend: 128.0
        ystart: -128.0, yend: 128.0
        zstart: -128.0, zend: 128.0
            TR: 0.00 msec, TE: 0.00 msec, TI: 0.00 msec, flip angle: 0.00 degrees
       nframes: 1
       PhEncDir: UNKNOWN
       FieldStrength: 0.000000
ras xform present
    xform info: x_r =  -1.0000, y_r =   0.0000, z_r =   0.0000, c_r =     0.5078
              : x_a =   0.0000, y_a =   0.0000, z_a =   1.0000, c_a =     0.5078
              : x_s =   0.0000, y_s =  -1.0000, z_s =   0.0000, c_s =     0.6000

talairach xfm : /out/sourcedata/freesurfer/sub-v1s20x0050337_ses-1/mri/transforms/talairach.xfm
Orientation   : LIA
Primary Slice Direction: coronal

voxel to ras transform:
               -1.0000   0.0000   0.0000   128.5078
                0.0000   0.0000   1.0000  -127.4922
                0.0000  -1.0000   0.0000   128.6000
                0.0000   0.0000   0.0000     1.0000

voxel-to-ras determinant -1

ras to voxel transform:
               -1.0000  -0.0000  -0.0000   128.5078
               -0.0000  -0.0000  -1.0000   128.6000
               -0.0000   1.0000  -0.0000   127.4922
               -0.0000  -0.0000  -0.0000     1.0000
#--------------------------------------------
#@# Talairach Mon Mar  9 08:39:51 CET 2026
/out/sourcedata/freesurfer/sub-v1s20x0050337_ses-1/mri

 mri_nu_correct.mni --no-rescale --i orig.mgz --o orig_nu.mgz --ants-n4 --n 1 --proto-iters 1000 --distance 50 

/usr/bin/bc
/out/sourcedata/freesurfer/sub-v1s20x0050337_ses-1/mri
/opt/freesurfer/bin/mri_nu_correct.mni
--no-rescale --i orig.mgz --o orig_nu.mgz --ants-n4 --n 1 --proto-iters 1000 --distance 50
nIters 1
mri_nu_correct.mni 7.3.2
Linux dna066 5.14.0-427.37.1.el9_4.x86_64 #1 SMP PREEMPT_DYNAMIC Fri Sep 13 12:41:50 EDT 2024 x86_64 x86_64 x86_64 GNU/Linux
Mon Mar  9 08:39:51 CET 2026
tmpdir is ./tmp.mri_nu_correct.mni.16914
cd /out/sourcedata/freesurfer/sub-v1s20x0050337_ses-1/mri
AntsN4BiasFieldCorrectionFs -i orig.mgz -o ./tmp.mri_nu_correct.mni.16914/nu0.mgz --dtype uchar
AntsN4BiasFieldCorrectionFs done
mri_convert ./tmp.mri_nu_correct.mni.16914/nu0.mgz orig_nu.mgz --like orig.mgz --conform
mri_convert ./tmp.mri_nu_correct.mni.16914/nu0.mgz orig_nu.mgz --like orig.mgz --conform 
reading from ./tmp.mri_nu_correct.mni.16914/nu0.mgz...
TR=0.00, TE=0.00, TI=0.00, flip angle=0.00
i_ras = (-1, 0, 0)
j_ras = (0, 0, -1)
k_ras = (0, 1, 0)
INFO: transform src into the like-volume: orig.mgz
writing to orig_nu.mgz...
 
 
Mon Mar  9 08:42:24 CET 2026
mri_nu_correct.mni done

 talairach_avi --i orig_nu.mgz --xfm transforms/talairach.auto.xfm 

talairach_avi log file is transforms/talairach_avi.log...
mv -f /out/sourcedata/freesurfer/sub-v1s20x0050337_ses-1/mri/talsrcimg_to_711-2C_as_mni_average_305_t4_vox2vox.txt /out/sourcedata/freesurfer/sub-v1s20x0050337_ses-1/mri/transforms/talsrcimg_to_711-2C_as_mni_average_305_t4_vox2vox.txt
Started at Mon Mar 9 08:42:24 CET 2026
Ended   at Mon Mar  9 08:42:39 CET 2026
talairach_avi done

 cp transforms/talairach.auto.xfm transforms/talairach.xfm 

lta_convert --src orig.mgz --trg /opt/freesurfer/average/mni305.cor.mgz --inxfm transforms/talairach.xfm --outlta transforms/talairach.xfm.lta --subject fsaverage --ltavox2vox
7.3.2

--src: orig.mgz src image (geometry).
--trg: /opt/freesurfer/average/mni305.cor.mgz trg image (geometry).
--inmni: transforms/talairach.xfm input MNI/XFM transform.
--outlta: transforms/talairach.xfm.lta output LTA.
--s: fsaverage subject name
--ltavox2vox: output LTA as VOX_TO_VOX transform.
 LTA read, type : 1
 1.01223  -0.14969  -0.04916  -9.94774;
 0.12589   1.02572  -0.00395  -11.68898;
 0.04805   0.09371   1.12481   15.39227;
 0.00000   0.00000   0.00000   1.00000;
setting subject to fsaverage
Writing  LTA to file transforms/talairach.xfm.lta...
lta_convert successful.
#--------------------------------------------
#@# Talairach Failure Detection Mon Mar  9 08:42:41 CET 2026
/out/sourcedata/freesurfer/sub-v1s20x0050337_ses-1/mri

 talairach_afd -T 0.005 -xfm transforms/talairach.xfm 

talairach_afd: Talairach Transform: transforms/talairach.xfm OK (p=0.5390, pval=0.2115 >= threshold=0.0050)

 awk -f /opt/freesurfer/bin/extract_talairach_avi_QA.awk /out/sourcedata/freesurfer/sub-v1s20x0050337_ses-1/mri/transforms/talairach_avi.log 


 tal_QC_AZS /out/sourcedata/freesurfer/sub-v1s20x0050337_ses-1/mri/transforms/talairach_avi.log 

TalAviQA: 0.97607
z-score: 0
#--------------------------------------------
#@# Nu Intensity Correction Mon Mar  9 08:42:41 CET 2026

 mri_nu_correct.mni --i orig.mgz --o nu.mgz --uchar transforms/talairach.xfm --n 2 --ants-n4 

/usr/bin/bc
/out/sourcedata/freesurfer/sub-v1s20x0050337_ses-1/mri
/opt/freesurfer/bin/mri_nu_correct.mni
--i orig.mgz --o nu.mgz --uchar transforms/talairach.xfm --n 2 --ants-n4
nIters 2
mri_nu_correct.mni 7.3.2
Linux dna066 5.14.0-427.37.1.el9_4.x86_64 #1 SMP PREEMPT_DYNAMIC Fri Sep 13 12:41:50 EDT 2024 x86_64 x86_64 x86_64 GNU/Linux
Mon Mar  9 08:42:41 CET 2026
tmpdir is ./tmp.mri_nu_correct.mni.17821
cd /out/sourcedata/freesurfer/sub-v1s20x0050337_ses-1/mri
AntsN4BiasFieldCorrectionFs -i orig.mgz -o ./tmp.mri_nu_correct.mni.17821/nu0.mgz --dtype uchar
AntsN4BiasFieldCorrectionFs done
mri_binarize --i ./tmp.mri_nu_correct.mni.17821/nu0.mgz --min -1 --o ./tmp.mri_nu_correct.mni.17821/ones.mgz

7.3.2
cwd /out/sourcedata/freesurfer/sub-v1s20x0050337_ses-1/mri
cmdline mri_binarize --i ./tmp.mri_nu_correct.mni.17821/nu0.mgz --min -1 --o ./tmp.mri_nu_correct.mni.17821/ones.mgz 
sysname  Linux
hostname dna066
machine  x86_64
user     oesteban

input      ./tmp.mri_nu_correct.mni.17821/nu0.mgz
frame      0
nErode3d   0
nErode2d   0
output     ./tmp.mri_nu_correct.mni.17821/ones.mgz
Binarizing based on threshold
min        -1
max        +infinity
binval        1
binvalnot     0
fstart = 0, fend = 0, nframes = 1
Starting parallel 1
Found 16777216 values in range
Counting number of voxels in first frame
Found 16777215 voxels in final mask
Writing output to ./tmp.mri_nu_correct.mni.17821/ones.mgz
Count: 16777215 16777215.000000 16777216 99.999994
mri_binarize done
mri_segstats --id 1 --seg ./tmp.mri_nu_correct.mni.17821/ones.mgz --i orig.mgz --sum ./tmp.mri_nu_correct.mni.17821/sum.junk --avgwf ./tmp.mri_nu_correct.mni.17821/input.mean.dat

7.3.2
cwd 
cmdline mri_segstats --id 1 --seg ./tmp.mri_nu_correct.mni.17821/ones.mgz --i orig.mgz --sum ./tmp.mri_nu_correct.mni.17821/sum.junk --avgwf ./tmp.mri_nu_correct.mni.17821/input.mean.dat 
sysname  Linux
hostname dna066
machine  x86_64
user     oesteban
whitesurfname  white
UseRobust  0
Loading ./tmp.mri_nu_correct.mni.17821/ones.mgz
Loading orig.mgz
Voxel Volume is 1 mm^3
Generating list of segmentation ids
Found   1 segmentations
Computing statistics for each segmentation

Reporting on   1 segmentations
Using PrintSegStat
Computing spatial average of each frame

Writing to ./tmp.mri_nu_correct.mni.17821/input.mean.dat
mri_segstats done
mri_segstats --id 1 --seg ./tmp.mri_nu_correct.mni.17821/ones.mgz --i ./tmp.mri_nu_correct.mni.17821/nu0.mgz --sum ./tmp.mri_nu_correct.mni.17821/sum.junk --avgwf ./tmp.mri_nu_correct.mni.17821/output.mean.dat

7.3.2
cwd 
cmdline mri_segstats --id 1 --seg ./tmp.mri_nu_correct.mni.17821/ones.mgz --i ./tmp.mri_nu_correct.mni.17821/nu0.mgz --sum ./tmp.mri_nu_correct.mni.17821/sum.junk --avgwf ./tmp.mri_nu_correct.mni.17821/output.mean.dat 
sysname  Linux
hostname dna066
machine  x86_64
user     oesteban
whitesurfname  white
UseRobust  0
Loading ./tmp.mri_nu_correct.mni.17821/ones.mgz
Loading ./tmp.mri_nu_correct.mni.17821/nu0.mgz
Voxel Volume is 1 mm^3
Generating list of segmentation ids
Found   1 segmentations
Computing statistics for each segmentation

Reporting on   1 segmentations
Using PrintSegStat
Computing spatial average of each frame

Writing to ./tmp.mri_nu_correct.mni.17821/output.mean.dat
mri_segstats done
mris_calc -o ./tmp.mri_nu_correct.mni.17821/nu0.mgz ./tmp.mri_nu_correct.mni.17821/nu0.mgz mul 1.08496392222148110313
Saving result to './tmp.mri_nu_correct.mni.17821/nu0.mgz' (type = MGH )                       [ ok ]
mri_convert ./tmp.mri_nu_correct.mni.17821/nu0.mgz nu.mgz --like orig.mgz
mri_convert ./tmp.mri_nu_correct.mni.17821/nu0.mgz nu.mgz --like orig.mgz 
reading from ./tmp.mri_nu_correct.mni.17821/nu0.mgz...
TR=0.00, TE=0.00, TI=0.00, flip angle=0.00
i_ras = (-1, 0, 0)
j_ras = (0, 0, -1)
k_ras = (0, 1, 0)
INFO: transform src into the like-volume: orig.mgz
writing to nu.mgz...
mri_make_uchar nu.mgz transforms/talairach.xfm nu.mgz
type change took 0 minutes and 3 seconds.
FIRST_PERCENTILE 0.010000
WM_PERCENTILE    0.900000
MAX_R 50.000000
i1 = 7, i2 = 47
#mri_make_uchar# mapping 18 121 to  3 110  :  b -16.2537 m 1.0429 : thresh 15.5852 maxsat 260.096 : nzero 14459139 nsat 1082
 
 
Mon Mar  9 08:45:25 CET 2026
mri_nu_correct.mni done

 mri_add_xform_to_header -c /out/sourcedata/freesurfer/sub-v1s20x0050337_ses-1/mri/transforms/talairach.xfm nu.mgz nu.mgz 

INFO: extension is mgz
#--------------------------------------------
#@# Intensity Normalization Mon Mar  9 08:45:26 CET 2026
/out/sourcedata/freesurfer/sub-v1s20x0050337_ses-1/mri

 mri_normalize -g 1 -seed 1234 -mprage nu.mgz T1.mgz 

using max gradient = 1.000
setting seed for random number genererator to 1234
assuming input volume is MGH (Van der Kouwe) MP-RAGE
reading mri_src from nu.mgz...
normalizing image...
NOT doing gentle normalization with control points/label
talairach transform
 1.01223  -0.14969  -0.04916  -9.94774;
 0.12589   1.02572  -0.00395  -11.68898;
 0.04805   0.09371   1.12481   15.39227;
 0.00000   0.00000   0.00000   1.00000;
processing without aseg, no1d=0
MRInormInit(): 
INFO: Modifying talairach volume c_(r,a,s) based on average_305
MRInormalize(): 
MRIsplineNormalize(): npeaks = 21
Starting OpenSpline(): npoints = 21
building Voronoi diagram...
performing soap bubble smoothing, sigma = 8...

Iterating 2 times
---------------------------------
3d normalization pass 1 of 2
white matter peak found at 110
white matter peak found at 109
gm peak at 65 (65), valley at 40 (40)
csf peak at 33, setting threshold to 54
building Voronoi diagram...
performing soap bubble smoothing, sigma = 8...
---------------------------------
3d normalization pass 2 of 2
white matter peak found at 110
white matter peak found at 110
gm peak at 66 (66), valley at 40 (40)
csf peak at 34, setting threshold to 55
building Voronoi diagram...
performing soap bubble smoothing, sigma = 8...
Done iterating ---------------------------------
writing output to T1.mgz
3D bias adjustment took 0 minutes and 54 seconds.

Started at Mon Mar 9 08:39:44 CET 2026 
Ended   at Mon Mar 9 08:46:20 CET 2026
#@#%# recon-all-run-time-hours 0.110
recon-all -s sub-v1s20x0050337_ses-1 finished without error at Mon Mar  9 08:46:20 CET 2026



#New# invocation of recon-all 




Mon Mar  9 08:51:55 CET 2026
cd /out/sourcedata/freesurfer/sub-v1s20x0050337_ses-1
setenv SUBJECTS_DIR /out/sourcedata/freesurfer
/opt/freesurfer/bin/recon-all -openmp 16 -subjid sub-v1s20x0050337_ses-1 -sd /out/sourcedata/freesurfer -gcareg

subjid sub-v1s20x0050337_ses-1
setenv SUBJECTS_DIR /out/sourcedata/freesurfer
FREESURFER_HOME /opt/freesurfer
Actual FREESURFER_HOME /opt/freesurfer
build-stamp.txt: freesurfer-linux-ubuntu22_x86_64-7.3.2-20220804-6354275
Linux dna066 5.14.0-427.37.1.el9_4.x86_64 #1 SMP PREEMPT_DYNAMIC Fri Sep 13 12:41:50 EDT 2024 x86_64 x86_64 x86_64 GNU/Linux
cputime      unlimited
filesize     unlimited
datasize     unlimited
stacksize    8192 kbytes
coredumpsize 0 kbytes
memoryuse    67108864 kbytes
vmemoryuse   unlimited
descriptors  1024 
memorylocked unlimited
maxproc      2061970 
maxlocks     unlimited
maxsignal    2062029 
maxmessage   819200 
maxnice      0 
maxrtprio    0 
maxrttime    unlimited

               total        used        free      shared  buff/cache   available
Mem:           503Gi        39Gi       441Gi       9.1Gi        23Gi       452Gi
Swap:             0B          0B          0B

########################################
program versions used
7.3.2 (freesurfer-linux-ubuntu22_x86_64-7.3.2-20220804-6354275)
7.3.2

ProgramName: lta_convert  ProgramArguments: lta_convert -all-info  ProgramVersion: 7.3.2  TimeStamp: 2026/03/09-07:51:55-GMT  BuildTime: Aug  4 2022 06:17:15  BuildStamp: freesurfer-linux-ubuntu22_x86_64-7.3.2-20220804-6354275  User: oesteban  Machine: dna066  Platform: Linux  PlatformVersion: 5.14.0-427.37.1.el9_4.x86_64  CompilerName: GCC  CompilerVersion: 8.4.0
ProgramName: mri_and  ProgramArguments: mri_and -all-info  ProgramVersion: 7.3.2  TimeStamp: 2026/03/09-07:51:55-GMT  BuildTime: Aug  4 2022 06:17:15  BuildStamp: freesurfer-linux-ubuntu22_x86_64-7.3.2-20220804-6354275  User: oesteban  Machine: dna066  Platform: Linux  PlatformVersion: 5.14.0-427.37.1.el9_4.x86_64  CompilerName: GCC  CompilerVersion: 8.4.0
ProgramName: mri_annotation2label  ProgramArguments: mri_annotation2label -all-info  ProgramVersion: 7.3.2  TimeStamp: 2026/03/09-07:51:55-GMT  BuildTime: Aug  4 2022 06:17:15  BuildStamp: freesurfer-linux-ubuntu22_x86_64-7.3.2-20220804-6354275  User: oesteban  Machine: dna066  Platform: Linux  PlatformVersion: 5.14.0-427.37.1.el9_4.x86_64  CompilerName: GCC  CompilerVersion: 8.4.0
ProgramName: mri_aparc2aseg  ProgramArguments: mri_aparc2aseg -all-info  ProgramVersion: 7.3.2  TimeStamp: 2026/03/09-07:51:55-GMT  BuildTime: Aug  4 2022 06:17:15  BuildStamp: freesurfer-linux-ubuntu22_x86_64-7.3.2-20220804-6354275  User: oesteban  Machine: dna066  Platform: Linux  PlatformVersion: 5.14.0-427.37.1.el9_4.x86_64  CompilerName: GCC  CompilerVersion: 8.4.0
ProgramName: mri_surf2volseg  ProgramArguments: mri_surf2volseg -all-info  ProgramVersion: 7.3.2  TimeStamp: 2026/03/09-07:51:55-GMT  BuildTime: Aug  4 2022 06:17:15  BuildStamp: freesurfer-linux-ubuntu22_x86_64-7.3.2-20220804-6354275  User: oesteban  Machine: dna066  Platform: Linux  PlatformVersion: 5.14.0-427.37.1.el9_4.x86_64  CompilerName: GCC  CompilerVersion: 8.4.0
ProgramName: mri_binarize  ProgramArguments: mri_binarize -all-info  ProgramVersion: 7.3.2  TimeStamp: 2026/03/09-07:51:55-GMT  BuildTime: Aug  4 2022 06:17:15  BuildStamp: freesurfer-linux-ubuntu22_x86_64-7.3.2-20220804-6354275  User: oesteban  Machine: dna066  Platform: Linux  PlatformVersion: 5.14.0-427.37.1.el9_4.x86_64  CompilerName: GCC  CompilerVersion: 8.4.0
ProgramName: mri_ca_label  ProgramArguments: mri_ca_label -all-info  ProgramVersion: 7.3.2  TimeStamp: 2026/03/09-07:51:55-GMT  BuildTime: Aug  4 2022 06:17:15  BuildStamp: freesurfer-linux-ubuntu22_x86_64-7.3.2-20220804-6354275  User: oesteban  Machine: dna066  Platform: Linux  PlatformVersion: 5.14.0-427.37.1.el9_4.x86_64  CompilerName: GCC  CompilerVersion: 8.4.0
ProgramName: mri_ca_normalize  ProgramArguments: mri_ca_normalize -all-info  ProgramVersion: 7.3.2  TimeStamp: 2026/03/09-07:51:55-GMT  BuildTime: Aug  4 2022 06:17:15  BuildStamp: freesurfer-linux-ubuntu22_x86_64-7.3.2-20220804-6354275  User: oesteban  Machine: dna066  Platform: Linux  PlatformVersion: 5.14.0-427.37.1.el9_4.x86_64  CompilerName: GCC  CompilerVersion: 8.4.0
ProgramName: mri_ca_register  ProgramArguments: mri_ca_register -all-info  ProgramVersion: 7.3.2  TimeStamp: 2026/03/09-07:51:55-GMT  BuildTime: Aug  4 2022 06:17:15  BuildStamp: freesurfer-linux-ubuntu22_x86_64-7.3.2-20220804-6354275  User: oesteban  Machine: dna066  Platform: Linux  PlatformVersion: 5.14.0-427.37.1.el9_4.x86_64  CompilerName: GCC  CompilerVersion: 8.4.0
ProgramName: mri_cc  ProgramArguments: mri_cc -all-info  ProgramVersion: 7.3.2  TimeStamp: 2026/03/09-07:51:55-GMT  BuildTime: Aug  4 2022 06:17:15  BuildStamp: freesurfer-linux-ubuntu22_x86_64-7.3.2-20220804-6354275  User: oesteban  Machine: dna066  Platform: Linux  PlatformVersion: 5.14.0-427.37.1.el9_4.x86_64  CompilerName: GCC  CompilerVersion: 8.4.0
ProgramName: mri_compute_overlap  ProgramArguments: mri_compute_overlap -all-info  ProgramVersion: 7.3.2  TimeStamp: 2026/03/09-07:51:55-GMT  BuildTime: Aug  4 2022 06:17:15  BuildStamp: freesurfer-linux-ubuntu22_x86_64-7.3.2-20220804-6354275  User: oesteban  Machine: dna066  Platform: Linux  PlatformVersion: 5.14.0-427.37.1.el9_4.x86_64  CompilerName: GCC  CompilerVersion: 8.4.0
ProgramName: mri_compute_seg_overlap  ProgramArguments: mri_compute_seg_overlap -all-info  ProgramVersion: 7.3.2  TimeStamp: 2026/03/09-07:51:55-GMT  BuildTime: Aug  4 2022 06:17:15  BuildStamp: freesurfer-linux-ubuntu22_x86_64-7.3.2-20220804-6354275  User: oesteban  Machine: dna066  Platform: Linux  PlatformVersion: 5.14.0-427.37.1.el9_4.x86_64  CompilerName: GCC  CompilerVersion: 8.4.0
ProgramName: mri_concat  ProgramArguments: mri_concat -all-info  ProgramVersion: 7.3.2  TimeStamp: 2026/03/09-07:51:55-GMT  BuildTime: Aug  4 2022 06:17:15  BuildStamp: freesurfer-linux-ubuntu22_x86_64-7.3.2-20220804-6354275  User: oesteban  Machine: dna066  Platform: Linux  PlatformVersion: 5.14.0-427.37.1.el9_4.x86_64  CompilerName: GCC  CompilerVersion: 8.4.0
ProgramName: mri_concatenate_lta  ProgramArguments: mri_concatenate_lta -all-info  ProgramVersion: 7.3.2  TimeStamp: 2026/03/09-07:51:55-GMT  BuildTime: Aug  4 2022 06:17:15  BuildStamp: freesurfer-linux-ubuntu22_x86_64-7.3.2-20220804-6354275  User: oesteban  Machine: dna066  Platform: Linux  PlatformVersion: 5.14.0-427.37.1.el9_4.x86_64  CompilerName: GCC  CompilerVersion: 8.4.0
mri_convert -all-info 
ProgramName: mri_convert  ProgramArguments: mri_convert -all-info  ProgramVersion: 7.3.2  TimeStamp: 2026/03/09-07:51:55-GMT  BuildTime: Aug  4 2022 06:17:15  BuildStamp: freesurfer-linux-ubuntu22_x86_64-7.3.2-20220804-6354275  User: oesteban  Machine: dna066  Platform: Linux  PlatformVersion: 5.14.0-427.37.1.el9_4.x86_64  CompilerName: GCC  CompilerVersion: 8.4.0
ProgramName: mri_diff  ProgramArguments: mri_diff -all-info  ProgramVersion: 7.3.2  TimeStamp: 2026/03/09-07:51:55-GMT  BuildTime: Aug  4 2022 06:17:15  BuildStamp: freesurfer-linux-ubuntu22_x86_64-7.3.2-20220804-6354275  User: oesteban  Machine: dna066  Platform: Linux  PlatformVersion: 5.14.0-427.37.1.el9_4.x86_64  CompilerName: GCC  CompilerVersion: 8.4.0
ProgramName: mri_edit_wm_with_aseg  ProgramArguments: mri_edit_wm_with_aseg -all-info  ProgramVersion: 7.3.2  TimeStamp: 2026/03/09-07:51:55-GMT  BuildTime: Aug  4 2022 06:17:15  BuildStamp: freesurfer-linux-ubuntu22_x86_64-7.3.2-20220804-6354275  User: oesteban  Machine: dna066  Platform: Linux  PlatformVersion: 5.14.0-427.37.1.el9_4.x86_64  CompilerName: GCC  CompilerVersion: 8.4.0
ProgramName: mri_em_register  ProgramArguments: mri_em_register -all-info  ProgramVersion: 7.3.2  TimeStamp: 2026/03/09-07:51:55-GMT  BuildTime: Aug  4 2022 06:17:15  BuildStamp: freesurfer-linux-ubuntu22_x86_64-7.3.2-20220804-6354275  User: oesteban  Machine: dna066  Platform: Linux  PlatformVersion: 5.14.0-427.37.1.el9_4.x86_64  CompilerName: GCC  CompilerVersion: 8.4.0
ProgramName: mri_fill  ProgramArguments: mri_fill -all-info  ProgramVersion: 7.3.2  TimeStamp: 2026/03/09-07:51:55-GMT  BuildTime: Aug  4 2022 06:17:15  BuildStamp: freesurfer-linux-ubuntu22_x86_64-7.3.2-20220804-6354275  User: oesteban  Machine: dna066  Platform: Linux  PlatformVersion: 5.14.0-427.37.1.el9_4.x86_64  CompilerName: GCC  CompilerVersion: 8.4.0
ProgramName: mri_fuse_segmentations  ProgramArguments: mri_fuse_segmentations -all-info  ProgramVersion: 7.3.2  TimeStamp: 2026/03/09-07:51:55-GMT  BuildTime: Aug  4 2022 06:17:15  BuildStamp: freesurfer-linux-ubuntu22_x86_64-7.3.2-20220804-6354275  User: oesteban  Machine: dna066  Platform: Linux  PlatformVersion: 5.14.0-427.37.1.el9_4.x86_64  CompilerName: GCC  CompilerVersion: 8.4.0
ProgramName: mri_fwhm  ProgramArguments: mri_fwhm -all-info  ProgramVersion: 7.3.2  TimeStamp: 2026/03/09-07:51:55-GMT  BuildTime: Aug  4 2022 06:17:15  BuildStamp: freesurfer-linux-ubuntu22_x86_64-7.3.2-20220804-6354275  User: oesteban  Machine: dna066  Platform: Linux  PlatformVersion: 5.14.0-427.37.1.el9_4.x86_64  CompilerName: GCC  CompilerVersion: 8.4.0
ProgramName: mri_gcut  ProgramArguments: mri_gcut -all-info  ProgramVersion: 7.3.2  TimeStamp: 2026/03/09-07:51:55-GMT  BuildTime: Aug  4 2022 06:17:15  BuildStamp: freesurfer-linux-ubuntu22_x86_64-7.3.2-20220804-6354275  User: oesteban  Machine: dna066  Platform: Linux  PlatformVersion: 5.14.0-427.37.1.el9_4.x86_64  CompilerName: GCC  CompilerVersion: 8.4.0
ProgramName: mri_info  ProgramArguments: mri_info -all-info  ProgramVersion: 7.3.2  TimeStamp: 2026/03/09-07:51:55-GMT  BuildTime: Aug  4 2022 06:17:15  BuildStamp: freesurfer-linux-ubuntu22_x86_64-7.3.2-20220804-6354275  User: oesteban  Machine: dna066  Platform: Linux  PlatformVersion: 5.14.0-427.37.1.el9_4.x86_64  CompilerName: GCC  CompilerVersion: 8.4.0
ProgramName: mri_label2label  ProgramArguments: mri_label2label -all-info  ProgramVersion: 7.3.2  TimeStamp: 2026/03/09-07:51:55-GMT  BuildTime: Aug  4 2022 06:17:15  BuildStamp: freesurfer-linux-ubuntu22_x86_64-7.3.2-20220804-6354275  User: oesteban  Machine: dna066  Platform: Linux  PlatformVersion: 5.14.0-427.37.1.el9_4.x86_64  CompilerName: GCC  CompilerVersion: 8.4.0
ProgramName: mri_label2vol  ProgramArguments: mri_label2vol -all-info  ProgramVersion: 7.3.2  TimeStamp: 2026/03/09-07:51:55-GMT  BuildTime: Aug  4 2022 06:17:15  BuildStamp: freesurfer-linux-ubuntu22_x86_64-7.3.2-20220804-6354275  User: oesteban  Machine: dna066  Platform: Linux  PlatformVersion: 5.14.0-427.37.1.el9_4.x86_64  CompilerName: GCC  CompilerVersion: 8.4.0
ProgramName: mri_log_likelihood  ProgramArguments: mri_log_likelihood -all-info  ProgramVersion: 7.3.2  TimeStamp: 2026/03/09-07:51:55-GMT  BuildTime: Aug  4 2022 06:17:15  BuildStamp: freesurfer-linux-ubuntu22_x86_64-7.3.2-20220804-6354275  User: oesteban  Machine: dna066  Platform: Linux  PlatformVersion: 5.14.0-427.37.1.el9_4.x86_64  CompilerName: GCC  CompilerVersion: 8.4.0
ProgramName: mri_mask  ProgramArguments: mri_mask -all-info  ProgramVersion: 7.3.2  TimeStamp: 2026/03/09-07:51:55-GMT  BuildTime: Aug  4 2022 06:17:15  BuildStamp: freesurfer-linux-ubuntu22_x86_64-7.3.2-20220804-6354275  User: oesteban  Machine: dna066  Platform: Linux  PlatformVersion: 5.14.0-427.37.1.el9_4.x86_64  CompilerName: GCC  CompilerVersion: 8.4.0
ProgramName: mri_matrix_multiply  ProgramArguments: mri_matrix_multiply -all-info  ProgramVersion: 7.3.2  TimeStamp: 2026/03/09-07:51:55-GMT  BuildTime: Aug  4 2022 06:17:15  BuildStamp: freesurfer-linux-ubuntu22_x86_64-7.3.2-20220804-6354275  User: oesteban  Machine: dna066  Platform: Linux  PlatformVersion: 5.14.0-427.37.1.el9_4.x86_64  CompilerName: GCC  CompilerVersion: 8.4.0
ProgramName: mri_normalize  ProgramArguments: mri_normalize -all-info  ProgramVersion: 7.3.2  TimeStamp: 2026/03/09-07:51:55-GMT  BuildTime: Aug  4 2022 06:17:15  BuildStamp: freesurfer-linux-ubuntu22_x86_64-7.3.2-20220804-6354275  User: oesteban  Machine: dna066  Platform: Linux  PlatformVersion: 5.14.0-427.37.1.el9_4.x86_64  CompilerName: GCC  CompilerVersion: 8.4.0
ProgramName: mri_normalize_tp2  ProgramArguments: mri_normalize_tp2 -all-info  ProgramVersion: 7.3.2  TimeStamp: 2026/03/09-07:51:55-GMT  BuildTime: Aug  4 2022 06:17:15  BuildStamp: freesurfer-linux-ubuntu22_x86_64-7.3.2-20220804-6354275  User: oesteban  Machine: dna066  Platform: Linux  PlatformVersion: 5.14.0-427.37.1.el9_4.x86_64  CompilerName: GCC  CompilerVersion: 8.4.0
ProgramName: mri_or  ProgramArguments: mri_or -all-info  ProgramVersion: 7.3.2  TimeStamp: 2026/03/09-07:51:55-GMT  BuildTime: Aug  4 2022 06:17:15  BuildStamp: freesurfer-linux-ubuntu22_x86_64-7.3.2-20220804-6354275  User: oesteban  Machine: dna066  Platform: Linux  PlatformVersion: 5.14.0-427.37.1.el9_4.x86_64  CompilerName: GCC  CompilerVersion: 8.4.0
ProgramName: mri_relabel_hypointensities  ProgramArguments: mri_relabel_hypointensities -all-info  ProgramVersion: 7.3.2  TimeStamp: 2026/03/09-07:51:55-GMT  BuildTime: Aug  4 2022 06:17:15  BuildStamp: freesurfer-linux-ubuntu22_x86_64-7.3.2-20220804-6354275  User: oesteban  Machine: dna066  Platform: Linux  PlatformVersion: 5.14.0-427.37.1.el9_4.x86_64  CompilerName: GCC  CompilerVersion: 8.4.0
ProgramName: mri_relabel_nonwm_hypos  ProgramArguments: mri_relabel_nonwm_hypos -all-info  ProgramVersion: 7.3.2  TimeStamp: 2026/03/09-07:51:55-GMT  BuildTime: Aug  4 2022 06:17:15  BuildStamp: freesurfer-linux-ubuntu22_x86_64-7.3.2-20220804-6354275  User: oesteban  Machine: dna066  Platform: Linux  PlatformVersion: 5.14.0-427.37.1.el9_4.x86_64  CompilerName: GCC  CompilerVersion: 8.4.0
ProgramName: mri_remove_neck  ProgramArguments: mri_remove_neck -all-info  ProgramVersion: 7.3.2  TimeStamp: 2026/03/09-07:51:55-GMT  BuildTime: Aug  4 2022 06:17:15  BuildStamp: freesurfer-linux-ubuntu22_x86_64-7.3.2-20220804-6354275  User: oesteban  Machine: dna066  Platform: Linux  PlatformVersion: 5.14.0-427.37.1.el9_4.x86_64  CompilerName: GCC  CompilerVersion: 8.4.0
7.3.2

ProgramName: mri_robust_register  ProgramArguments: mri_robust_register -all-info  ProgramVersion: 7.3.2  TimeStamp: 2026/03/09-07:51:55-GMT  BuildTime: Aug  4 2022 06:17:15  BuildStamp: freesurfer-linux-ubuntu22_x86_64-7.3.2-20220804-6354275  User: oesteban  Machine: dna066  Platform: Linux  PlatformVersion: 5.14.0-427.37.1.el9_4.x86_64  CompilerName: GCC  CompilerVersion: 8.4.0
7.3.2

ProgramName: mri_robust_template  ProgramArguments: mri_robust_template -all-info  ProgramVersion: 7.3.2  TimeStamp: 2026/03/09-07:51:55-GMT  BuildTime: Aug  4 2022 06:17:15  BuildStamp: freesurfer-linux-ubuntu22_x86_64-7.3.2-20220804-6354275  User: oesteban  Machine: dna066  Platform: Linux  PlatformVersion: 5.14.0-427.37.1.el9_4.x86_64  CompilerName: GCC  CompilerVersion: 8.4.0
ProgramName: mris_anatomical_stats  ProgramArguments: mris_anatomical_stats -all-info  ProgramVersion: 7.3.2  TimeStamp: 2026/03/09-07:51:55-GMT  BuildTime: Aug  4 2022 06:17:15  BuildStamp: freesurfer-linux-ubuntu22_x86_64-7.3.2-20220804-6354275  User: oesteban  Machine: dna066  Platform: Linux  PlatformVersion: 5.14.0-427.37.1.el9_4.x86_64  CompilerName: GCC  CompilerVersion: 8.4.0
ProgramName: mris_ca_label  ProgramArguments: mris_ca_label -all-info  ProgramVersion: 7.3.2  TimeStamp: 2026/03/09-07:51:55-GMT  BuildTime: Aug  4 2022 06:17:15  BuildStamp: freesurfer-linux-ubuntu22_x86_64-7.3.2-20220804-6354275  User: oesteban  Machine: dna066  Platform: Linux  PlatformVersion: 5.14.0-427.37.1.el9_4.x86_64  CompilerName: GCC  CompilerVersion: 8.4.0
ProgramName: mris_calc  ProgramArguments: mris_calc -all-info  ProgramVersion: 7.3.2  TimeStamp: 2026/03/09-07:51:55-GMT  BuildTime: Aug  4 2022 06:17:15  BuildStamp: freesurfer-linux-ubuntu22_x86_64-7.3.2-20220804-6354275  User: oesteban  Machine: dna066  Platform: Linux  PlatformVersion: 5.14.0-427.37.1.el9_4.x86_64  CompilerName: GCC  CompilerVersion: 8.4.0
ProgramName: mris_convert  ProgramArguments: mris_convert -all-info  ProgramVersion: 7.3.2  TimeStamp: 2026/03/09-07:51:55-GMT  BuildTime: Aug  4 2022 06:17:15  BuildStamp: freesurfer-linux-ubuntu22_x86_64-7.3.2-20220804-6354275  User: oesteban  Machine: dna066  Platform: Linux  PlatformVersion: 5.14.0-427.37.1.el9_4.x86_64  CompilerName: GCC  CompilerVersion: 8.4.0
ProgramName: mris_curvature  ProgramArguments: mris_curvature -all-info  ProgramVersion: 7.3.2  TimeStamp: 2026/03/09-07:51:55-GMT  BuildTime: Aug  4 2022 06:17:15  BuildStamp: freesurfer-linux-ubuntu22_x86_64-7.3.2-20220804-6354275  User: oesteban  Machine: dna066  Platform: Linux  PlatformVersion: 5.14.0-427.37.1.el9_4.x86_64  CompilerName: GCC  CompilerVersion: 8.4.0
ProgramName: mris_curvature_stats  ProgramArguments: mris_curvature_stats -all-info  ProgramVersion: 7.3.2  TimeStamp: 2026/03/09-07:51:55-GMT  BuildTime: Aug  4 2022 06:17:15  BuildStamp: freesurfer-linux-ubuntu22_x86_64-7.3.2-20220804-6354275  User: oesteban  Machine: dna066  Platform: Linux  PlatformVersion: 5.14.0-427.37.1.el9_4.x86_64  CompilerName: GCC  CompilerVersion: 8.4.0
ProgramName: mris_diff  ProgramArguments: mris_diff -all-info  ProgramVersion: 7.3.2  TimeStamp: 2026/03/09-07:51:55-GMT  BuildTime: Aug  4 2022 06:17:15  BuildStamp: freesurfer-linux-ubuntu22_x86_64-7.3.2-20220804-6354275  User: oesteban  Machine: dna066  Platform: Linux  PlatformVersion: 5.14.0-427.37.1.el9_4.x86_64  CompilerName: GCC  CompilerVersion: 8.4.0
ProgramName: mris_divide_parcellation  ProgramArguments: mris_divide_parcellation -all-info  ProgramVersion: 7.3.2  TimeStamp: 2026/03/09-07:51:55-GMT  BuildTime: Aug  4 2022 06:17:15  BuildStamp: freesurfer-linux-ubuntu22_x86_64-7.3.2-20220804-6354275  User: oesteban  Machine: dna066  Platform: Linux  PlatformVersion: 5.14.0-427.37.1.el9_4.x86_64  CompilerName: GCC  CompilerVersion: 8.4.0
ProgramName: mri_segment  ProgramArguments: mri_segment -all-info  ProgramVersion: 7.3.2  TimeStamp: 2026/03/09-07:51:55-GMT  BuildTime: Aug  4 2022 06:17:15  BuildStamp: freesurfer-linux-ubuntu22_x86_64-7.3.2-20220804-6354275  User: oesteban  Machine: dna066  Platform: Linux  PlatformVersion: 5.14.0-427.37.1.el9_4.x86_64  CompilerName: GCC  CompilerVersion: 8.4.0
ProgramName: mri_segstats  ProgramArguments: mri_segstats -all-info  ProgramVersion: 7.3.2  TimeStamp: 2026/03/09-07:51:55-GMT  BuildTime: Aug  4 2022 06:17:15  BuildStamp: freesurfer-linux-ubuntu22_x86_64-7.3.2-20220804-6354275  User: oesteban  Machine: dna066  Platform: Linux  PlatformVersion: 5.14.0-427.37.1.el9_4.x86_64  CompilerName: GCC  CompilerVersion: 8.4.0
ProgramName: mris_euler_number  ProgramArguments: mris_euler_number -all-info  ProgramVersion: 7.3.2  TimeStamp: 2026/03/09-07:51:55-GMT  BuildTime: Aug  4 2022 06:17:15  BuildStamp: freesurfer-linux-ubuntu22_x86_64-7.3.2-20220804-6354275  User: oesteban  Machine: dna066  Platform: Linux  PlatformVersion: 5.14.0-427.37.1.el9_4.x86_64  CompilerName: GCC  CompilerVersion: 8.4.0
ProgramName: mris_fix_topology  ProgramArguments: mris_fix_topology -all-info  ProgramVersion: 7.3.2  TimeStamp: 2026/03/09-07:51:55-GMT  BuildTime: Aug  4 2022 06:17:15  BuildStamp: freesurfer-linux-ubuntu22_x86_64-7.3.2-20220804-6354275  User: oesteban  Machine: dna066  Platform: Linux  PlatformVersion: 5.14.0-427.37.1.el9_4.x86_64  CompilerName: GCC  CompilerVersion: 8.4.0
ProgramName: mris_topo_fixer  ProgramArguments: mris_topo_fixer -all-info  ProgramVersion: 7.3.2  TimeStamp: 2026/03/09-07:51:55-GMT  BuildTime: Aug  4 2022 06:17:15  BuildStamp: freesurfer-linux-ubuntu22_x86_64-7.3.2-20220804-6354275  User: oesteban  Machine: dna066  Platform: Linux  PlatformVersion: 5.14.0-427.37.1.el9_4.x86_64  CompilerName: GCC  CompilerVersion: 8.4.0
ProgramName: mris_jacobian  ProgramArguments: mris_jacobian -all-info  ProgramVersion: 7.3.2  TimeStamp: 2026/03/09-07:51:55-GMT  BuildTime: Aug  4 2022 06:17:15  BuildStamp: freesurfer-linux-ubuntu22_x86_64-7.3.2-20220804-6354275  User: oesteban  Machine: dna066  Platform: Linux  PlatformVersion: 5.14.0-427.37.1.el9_4.x86_64  CompilerName: GCC  CompilerVersion: 8.4.0
ProgramName: mris_label2annot  ProgramArguments: mris_label2annot -all-info  ProgramVersion: 7.3.2  TimeStamp: 2026/03/09-07:51:55-GMT  BuildTime: Aug  4 2022 06:17:15  BuildStamp: freesurfer-linux-ubuntu22_x86_64-7.3.2-20220804-6354275  User: oesteban  Machine: dna066  Platform: Linux  PlatformVersion: 5.14.0-427.37.1.el9_4.x86_64  CompilerName: GCC  CompilerVersion: 8.4.0
ProgramName: mris_left_right_register  ProgramArguments: mris_left_right_register -all-info  ProgramVersion: 7.3.2  TimeStamp: 2026/03/09-07:51:55-GMT  BuildTime: Aug  4 2022 06:17:15  BuildStamp: freesurfer-linux-ubuntu22_x86_64-7.3.2-20220804-6354275  User: oesteban  Machine: dna066  Platform: Linux  PlatformVersion: 5.14.0-427.37.1.el9_4.x86_64  CompilerName: GCC  CompilerVersion: 8.4.0
ProgramName: mris_place_surface  ProgramArguments: mris_place_surface -all-info  ProgramVersion: 7.3.2  TimeStamp: 2026/03/09-07:51:55-GMT  BuildTime: Aug  4 2022 06:17:15  BuildStamp: freesurfer-linux-ubuntu22_x86_64-7.3.2-20220804-6354275  User: oesteban  Machine: dna066  Platform: Linux  PlatformVersion: 5.14.0-427.37.1.el9_4.x86_64  CompilerName: GCC  CompilerVersion: 8.4.0
ProgramName: mrisp_paint  ProgramArguments: mrisp_paint -all-info  ProgramVersion: 7.3.2  TimeStamp: 2026/03/09-07:51:55-GMT  BuildTime: Aug  4 2022 06:17:15  BuildStamp: freesurfer-linux-ubuntu22_x86_64-7.3.2-20220804-6354275  User: oesteban  Machine: dna066  Platform: Linux  PlatformVersion: 5.14.0-427.37.1.el9_4.x86_64  CompilerName: GCC  CompilerVersion: 8.4.0
ProgramName: mris_register  ProgramArguments: mris_register -all-info  ProgramVersion: 7.3.2  TimeStamp: 2026/03/09-07:51:55-GMT  BuildTime: Aug  4 2022 06:17:15  BuildStamp: freesurfer-linux-ubuntu22_x86_64-7.3.2-20220804-6354275  User: oesteban  Machine: dna066  Platform: Linux  PlatformVersion: 5.14.0-427.37.1.el9_4.x86_64  CompilerName: GCC  CompilerVersion: 8.4.0
ProgramName: mris_smooth  ProgramArguments: mris_smooth -all-info  ProgramVersion: 7.3.2  TimeStamp: 2026/03/09-07:51:55-GMT  BuildTime: Aug  4 2022 06:17:15  BuildStamp: freesurfer-linux-ubuntu22_x86_64-7.3.2-20220804-6354275  User: oesteban  Machine: dna066  Platform: Linux  PlatformVersion: 5.14.0-427.37.1.el9_4.x86_64  CompilerName: GCC  CompilerVersion: 8.4.0
ProgramName: mris_sphere  ProgramArguments: mris_sphere -all-info  ProgramVersion: 7.3.2  TimeStamp: 2026/03/09-07:51:55-GMT  BuildTime: Aug  4 2022 06:17:15  BuildStamp: freesurfer-linux-ubuntu22_x86_64-7.3.2-20220804-6354275  User: oesteban  Machine: dna066  Platform: Linux  PlatformVersion: 5.14.0-427.37.1.el9_4.x86_64  CompilerName: GCC  CompilerVersion: 8.4.0
ProgramName: mris_surface_stats  ProgramArguments: mris_surface_stats -all-info  ProgramVersion: 7.3.2  TimeStamp: 2026/03/09-07:51:55-GMT  BuildTime: Aug  4 2022 06:17:15  BuildStamp: freesurfer-linux-ubuntu22_x86_64-7.3.2-20220804-6354275  User: oesteban  Machine: dna066  Platform: Linux  PlatformVersion: 5.14.0-427.37.1.el9_4.x86_64  CompilerName: GCC  CompilerVersion: 8.4.0
ProgramName: mri_stats2seg  ProgramArguments: mri_stats2seg -all-info  ProgramVersion: 7.3.2  TimeStamp: 2026/03/09-07:51:55-GMT  BuildTime: Aug  4 2022 06:17:15  BuildStamp: freesurfer-linux-ubuntu22_x86_64-7.3.2-20220804-6354275  User: oesteban  Machine: dna066  Platform: Linux  PlatformVersion: 5.14.0-427.37.1.el9_4.x86_64  CompilerName: GCC  CompilerVersion: 8.4.0
ProgramName: mris_thickness  ProgramArguments: mris_thickness -all-info  ProgramVersion: 7.3.2  TimeStamp: 2026/03/09-07:51:55-GMT  BuildTime: Aug  4 2022 06:17:15  BuildStamp: freesurfer-linux-ubuntu22_x86_64-7.3.2-20220804-6354275  User: oesteban  Machine: dna066  Platform: Linux  PlatformVersion: 5.14.0-427.37.1.el9_4.x86_64  CompilerName: GCC  CompilerVersion: 8.4.0
ProgramName: mris_thickness_diff  ProgramArguments: mris_thickness_diff -all-info  ProgramVersion: 7.3.2  TimeStamp: 2026/03/09-07:51:55-GMT  BuildTime: Aug  4 2022 06:17:15  BuildStamp: freesurfer-linux-ubuntu22_x86_64-7.3.2-20220804-6354275  User: oesteban  Machine: dna066  Platform: Linux  PlatformVersion: 5.14.0-427.37.1.el9_4.x86_64  CompilerName: GCC  CompilerVersion: 8.4.0
ProgramName: mris_topo_fixer  ProgramArguments: mris_topo_fixer -all-info  ProgramVersion: 7.3.2  TimeStamp: 2026/03/09-07:51:55-GMT  BuildTime: Aug  4 2022 06:17:15  BuildStamp: freesurfer-linux-ubuntu22_x86_64-7.3.2-20220804-6354275  User: oesteban  Machine: dna066  Platform: Linux  PlatformVersion: 5.14.0-427.37.1.el9_4.x86_64  CompilerName: GCC  CompilerVersion: 8.4.0
ProgramName: mri_surf2surf  ProgramArguments: mri_surf2surf -all-info  ProgramVersion: 7.3.2  TimeStamp: 2026/03/09-07:51:55-GMT  BuildTime: Aug  4 2022 06:17:15  BuildStamp: freesurfer-linux-ubuntu22_x86_64-7.3.2-20220804-6354275  User: oesteban  Machine: dna066  Platform: Linux  PlatformVersion: 5.14.0-427.37.1.el9_4.x86_64  CompilerName: GCC  CompilerVersion: 8.4.0
ProgramName: mri_surf2vol  ProgramArguments: mri_surf2vol -all-info  ProgramVersion: 7.3.2  TimeStamp: 2026/03/09-07:51:55-GMT  BuildTime: Aug  4 2022 06:17:15  BuildStamp: freesurfer-linux-ubuntu22_x86_64-7.3.2-20220804-6354275  User: oesteban  Machine: dna066  Platform: Linux  PlatformVersion: 5.14.0-427.37.1.el9_4.x86_64  CompilerName: GCC  CompilerVersion: 8.4.0
ProgramName: mri_surfcluster  ProgramArguments: mri_surfcluster -all-info  ProgramVersion: 7.3.2  TimeStamp: 2026/03/09-07:51:55-GMT  BuildTime: Aug  4 2022 06:17:15  BuildStamp: freesurfer-linux-ubuntu22_x86_64-7.3.2-20220804-6354275  User: oesteban  Machine: dna066  Platform: Linux  PlatformVersion: 5.14.0-427.37.1.el9_4.x86_64  CompilerName: GCC  CompilerVersion: 8.4.0
ProgramName: mris_volmask  ProgramArguments: mris_volmask -all-info  ProgramVersion: 7.3.2  TimeStamp: 2026/03/09-07:51:55-GMT  BuildTime: Aug  4 2022 06:17:15  BuildStamp: freesurfer-linux-ubuntu22_x86_64-7.3.2-20220804-6354275  User: oesteban  Machine: dna066  Platform: Linux  PlatformVersion: 5.14.0-427.37.1.el9_4.x86_64  CompilerName: GCC  CompilerVersion: 8.4.0
ProgramName: mri_tessellate  ProgramArguments: mri_tessellate -all-info  ProgramVersion: 7.3.2  TimeStamp: 2026/03/09-07:51:55-GMT  BuildTime: Aug  4 2022 06:17:15  BuildStamp: freesurfer-linux-ubuntu22_x86_64-7.3.2-20220804-6354275  User: oesteban  Machine: dna066  Platform: Linux  PlatformVersion: 5.14.0-427.37.1.el9_4.x86_64  CompilerName: GCC  CompilerVersion: 8.4.0
ProgramName: mri_vol2surf  ProgramArguments: mri_vol2surf -all-info  ProgramVersion: 7.3.2  TimeStamp: 2026/03/09-07:51:55-GMT  BuildTime: Aug  4 2022 06:17:15  BuildStamp: freesurfer-linux-ubuntu22_x86_64-7.3.2-20220804-6354275  User: oesteban  Machine: dna066  Platform: Linux  PlatformVersion: 5.14.0-427.37.1.el9_4.x86_64  CompilerName: GCC  CompilerVersion: 8.4.0
ProgramName: mri_vol2vol  ProgramArguments: mri_vol2vol -all-info  ProgramVersion: 7.3.2  TimeStamp: 2026/03/09-07:51:55-GMT  BuildTime: Aug  4 2022 06:17:15  BuildStamp: freesurfer-linux-ubuntu22_x86_64-7.3.2-20220804-6354275  User: oesteban  Machine: dna066  Platform: Linux  PlatformVersion: 5.14.0-427.37.1.el9_4.x86_64  CompilerName: GCC  CompilerVersion: 8.4.0
ProgramName: mri_voldiff  ProgramArguments: mri_voldiff -all-info  ProgramVersion: 7.3.2  TimeStamp: 2026/03/09-07:51:55-GMT  BuildTime: Aug  4 2022 06:17:15  BuildStamp: freesurfer-linux-ubuntu22_x86_64-7.3.2-20220804-6354275  User: oesteban  Machine: dna066  Platform: Linux  PlatformVersion: 5.14.0-427.37.1.el9_4.x86_64  CompilerName: GCC  CompilerVersion: 8.4.0
ProgramName: mri_watershed  ProgramArguments: mri_watershed -all-info  ProgramVersion: 7.3.2  TimeStamp: 2026/03/09-07:51:55-GMT  BuildTime: Aug  4 2022 06:17:15  BuildStamp: freesurfer-linux-ubuntu22_x86_64-7.3.2-20220804-6354275  User: oesteban  Machine: dna066  Platform: Linux  PlatformVersion: 5.14.0-427.37.1.el9_4.x86_64  CompilerName: GCC  CompilerVersion: 8.4.0
ProgramName: tkregister2  ProgramArguments: tkregister2_cmdl -all-info  ProgramVersion: 7.3.2  TimeStamp: 2026/03/09-07:51:55-GMT  BuildTime: Aug  4 2022 06:17:15  BuildStamp: freesurfer-linux-ubuntu22_x86_64-7.3.2-20220804-6354275  User: oesteban  Machine: dna066  Platform: Linux  PlatformVersion: 5.14.0-427.37.1.el9_4.x86_64  CompilerName: GCC  CompilerVersion: 8.4.0
mri_motion_correct.fsl 7.3.2
mri_convert -all-info 
ProgramName: mri_convert  ProgramArguments: mri_convert -all-info  ProgramVersion: 7.3.2  TimeStamp: 2026/03/09-07:51:55-GMT  BuildTime: Aug  4 2022 06:17:15  BuildStamp: freesurfer-linux-ubuntu22_x86_64-7.3.2-20220804-6354275  User: oesteban  Machine: dna066  Platform: Linux  PlatformVersion: 5.14.0-427.37.1.el9_4.x86_64  CompilerName: GCC  CompilerVersion: 8.4.0
Program nu_correct, built from:
Package MNI N3, version 1.12.0, compiled by nicks@terrier (x86_64-unknown-linux-gnu) on 2015-06-19 at 01:25:34
#######################################
GCADIR /opt/freesurfer/average
GCA RB_all_2020-01-02.gca
GCASkull RB_all_withskull_2020_01_02.gca
AvgCurvTif folding.atlas.acfb40.noaparc.i12.2016-08-02.tif
GCSDIR /opt/freesurfer/average
GCS DKaparc.atlas.acfb40.noaparc.i12.2016-08-02.gcs
#######################################
#-------------------------------------
#@# EM Registration Mon Mar  9 08:51:56 CET 2026
/out/sourcedata/freesurfer/sub-v1s20x0050337_ses-1/mri

 mri_em_register -uns 3 -mask brainmask.mgz nu.mgz /opt/freesurfer/average/RB_all_2020-01-02.gca transforms/talairach.lta 

setting unknown_nbr_spacing = 3
using MR volume brainmask.mgz to mask input volume...

== Number of threads available to mri_em_register for OpenMP = 16 == 
reading 1 input volumes...
logging results to talairach.log
reading '/opt/freesurfer/average/RB_all_2020-01-02.gca'...
GCAread took 0 minutes and 1 seconds.
average std = 7.2   using min determinant for regularization = 5.2
0 singular and 884 ill-conditioned covariance matrices regularized
reading 'nu.mgz'...
MRImask(): AllowDiffGeom = 1
MRImask(): AllowDiffGeom = 1
MRImask(): AllowDiffGeom = 1
MRImask(): AllowDiffGeom = 1
MRImask(): AllowDiffGeom = 1
freeing gibbs priors...done.
accounting for voxel sizes in initial transform
bounding unknown intensity as < 5.9 or > 519.0 
total sample mean = 79.1 (1017 zeros)
************************************************
spacing=8, using 2841 sample points, tol=1.00e-05...
************************************************
register_mri: find_optimal_transform
find_optimal_transform: nsamples 2841, passno 0, spacing 8
resetting wm mean[0]: 98 --> 107
resetting gm mean[0]: 61 --> 61
input volume #1 is the most T1-like
using real data threshold=28.9
skull bounding box = (50, 75, 33) --> (194, 182, 204)
finding center of left hemi white matter
using (98, 111, 119) as brain centroid of Right_Cerebral_White_Matter...
MRImask(): AllowDiffGeom = 1
mean wm in atlas = 107, using box (80,98,98) --> (115, 124,140) to find MRI wm
before smoothing, mri peak at 109
robust fit to distribution - 108 +- 4.9
after smoothing, mri peak at 108, scaling input intensities by 0.991
scaling channel 0 by 0.990741
initial log_p = -4.251
************************************************
First Search limited to translation only.
************************************************
max log p =    -3.955447 @ (10.526, -10.526, -10.526)
max log p =    -3.767168 @ (-5.263, -5.263, 5.263)
max log p =    -3.727468 @ (2.632, -2.632, -2.632)
max log p =    -3.679218 @ (-1.316, 1.316, 1.316)
max log p =    -3.679218 @ (0.000, 0.000, 0.000)
max log p =    -3.679218 @ (0.000, 0.000, 0.000)
max log p =    -3.679218 @ (0.000, 0.000, 0.000)
max log p =    -3.679218 @ (0.000, 0.000, 0.000)
Found translation: (6.6, -17.1, -6.6): log p = -3.679
****************************************
Nine parameter search.  iteration 0 nscales = 0 ...
****************************************
Result so far: scale 1.000: max_log_p=-3.504, old_max_log_p =-3.679 (thresh=-3.7)
 0.99144   0.00000   0.13053  -7.01144;
 0.00000   1.07500   0.00000  -27.33494;
-0.13053   0.00000   0.99144   10.07149;
 0.00000   0.00000   0.00000   1.00000;
iteration took 0 minutes and 8 seconds.
****************************************
Nine parameter search.  iteration 1 nscales = 0 ...
****************************************
Result so far: scale 1.000: max_log_p=-3.504, old_max_log_p =-3.504 (thresh=-3.5)
 0.99144   0.00000   0.13053  -7.01144;
 0.00000   1.07500   0.00000  -27.33494;
-0.13053   0.00000   0.99144   10.07149;
 0.00000   0.00000   0.00000   1.00000;
reducing scale to 0.2500
iteration took 0 minutes and 8 seconds.
****************************************
Nine parameter search.  iteration 2 nscales = 1 ...
****************************************
Result so far: scale 0.250: max_log_p=-3.305, old_max_log_p =-3.504 (thresh=-3.5)
 0.96632  -0.03467   0.16429  -5.16818;
 0.04066   1.13326  -0.06320  -31.41157;
-0.16316   0.07154   1.00260   0.95252;
 0.00000   0.00000   0.00000   1.00000;
iteration took 0 minutes and 7 seconds.
****************************************
Nine parameter search.  iteration 3 nscales = 1 ...
****************************************
Result so far: scale 0.250: max_log_p=-3.300, old_max_log_p =-3.305 (thresh=-3.3)
 0.96731   0.00234   0.16106  -9.91386;
 0.01461   1.15205  -0.10319  -24.31862;
-0.16175   0.10858   1.00000  -3.92238;
 0.00000   0.00000   0.00000   1.00000;
iteration took 0 minutes and 7 seconds.
****************************************
Nine parameter search.  iteration 4 nscales = 1 ...
****************************************
Result so far: scale 0.250: max_log_p=-3.297, old_max_log_p =-3.300 (thresh=-3.3)
 0.96731   0.00234   0.16106  -9.91386;
 0.01433   1.13045  -0.10125  -21.62595;
-0.16175   0.10858   1.00000  -3.92238;
 0.00000   0.00000   0.00000   1.00000;
reducing scale to 0.0625
iteration took 0 minutes and 7 seconds.
****************************************
Nine parameter search.  iteration 5 nscales = 2 ...
****************************************
Result so far: scale 0.062: max_log_p=-3.255, old_max_log_p =-3.297 (thresh=-3.3)
 0.96519  -0.03461   0.16409  -4.13888;
 0.04338   1.13287  -0.07969  -28.89994;
-0.16191   0.08972   0.99792  -0.66480;
 0.00000   0.00000   0.00000   1.00000;
iteration took 0 minutes and 7 seconds.
****************************************
Nine parameter search.  iteration 6 nscales = 2 ...
****************************************
Result so far: scale 0.062: max_log_p=-3.250, old_max_log_p =-3.255 (thresh=-3.3)
 0.96761  -0.03546   0.15613  -2.94240;
 0.04465   1.13077  -0.08773  -27.38773;
-0.15309   0.09837   0.99504  -2.09720;
 0.00000   0.00000   0.00000   1.00000;
iteration took 0 minutes and 7 seconds.
****************************************
Nine parameter search.  iteration 7 nscales = 2 ...
****************************************
Result so far: scale 0.062: max_log_p=-3.244, old_max_log_p =-3.250 (thresh=-3.2)
 0.96874  -0.03550   0.15631  -3.56284;
 0.04470   1.13209  -0.08783  -27.55961;
-0.15255   0.09803   0.99154  -1.71949;
 0.00000   0.00000   0.00000   1.00000;
iteration took 0 minutes and 7 seconds.
****************************************
Nine parameter search.  iteration 8 nscales = 2 ...
****************************************
Result so far: scale 0.062: max_log_p=-3.243, old_max_log_p =-3.244 (thresh=-3.2)
 0.96874  -0.03550   0.15631  -3.56284;
 0.04480   1.13475  -0.08804  -27.90379;
-0.15273   0.09814   0.99270  -1.84504;
 0.00000   0.00000   0.00000   1.00000;
min search scale 0.025000 reached
***********************************************
Computing MAP estimate using 2841 samples...
***********************************************
dt = 5.00e-06, momentum=0.80, tol=1.00e-05
l_intensity = 1.0000
Aligning input volume to GCA...
Transform matrix
 0.96874  -0.03550   0.15631  -3.56284;
 0.04480   1.13475  -0.08804  -27.90379;
-0.15273   0.09814   0.99270  -1.84504;
 0.00000   0.00000   0.00000   1.00000;
nsamples 2841
Quasinewton: input matrix
 0.96874  -0.03550   0.15631  -3.56284;
 0.04480   1.13475  -0.08804  -27.90379;
-0.15273   0.09814   0.99270  -1.84504;
 0.00000   0.00000   0.00000   1.00000;
 IFLAG= -1  LINE SEARCH FAILED. SEE DOCUMENTATION OF ROUTINE MCSRCH ERROR RETURN OF LINE SEARCH: INFO= 4 POSSIBLE CAUSES: FUNCTION OR GRADIENT ARE INCORRECT OR INCORRECT TOLERANCESoutof QuasiNewtonEMA: 011: -log(p) =   -0.0  tol 0.000010
Resulting transform:
 0.96874  -0.03550   0.15631  -3.56284;
 0.04480   1.13475  -0.08804  -27.90379;
-0.15273   0.09814   0.99270  -1.84504;
 0.00000   0.00000   0.00000   1.00000;

pass 1, spacing 8: log(p) = -3.243 (old=-4.251)
transform before final EM align:
 0.96874  -0.03550   0.15631  -3.56284;
 0.04480   1.13475  -0.08804  -27.90379;
-0.15273   0.09814   0.99270  -1.84504;
 0.00000   0.00000   0.00000   1.00000;

**************************************************
 EM alignment process ...
 Computing final MAP estimate using 315638 samples. 
**************************************************
dt = 5.00e-06, momentum=0.80, tol=1.00e-07
l_intensity = 1.0000
Aligning input volume to GCA...
Transform matrix
 0.96874  -0.03550   0.15631  -3.56284;
 0.04480   1.13475  -0.08804  -27.90379;
-0.15273   0.09814   0.99270  -1.84504;
 0.00000   0.00000   0.00000   1.00000;
nsamples 315638
Quasinewton: input matrix
 0.96874  -0.03550   0.15631  -3.56284;
 0.04480   1.13475  -0.08804  -27.90379;
-0.15273   0.09814   0.99270  -1.84504;
 0.00000   0.00000   0.00000   1.00000;
 IFLAG= -1  LINE SEARCH FAILED. SEE DOCUMENTATION OF ROUTINE MCSRCH ERROR RETURN OF LINE SEARCH: INFO= 6 POSSIBLE CAUSES: FUNCTION OR GRADIENT ARE INCORRECT OR INCORRECT TOLERANCESoutof QuasiNewtonEMA: 013: -log(p) =    3.8  tol 0.000000
final transform:
 0.96874  -0.03550   0.15631  -3.56284;
 0.04480   1.13475  -0.08804  -27.90379;
-0.15273   0.09814   0.99270  -1.84504;
 0.00000   0.00000   0.00000   1.00000;

writing output transformation to transforms/talairach.lta...
#VMPC# mri_em_register VmPeak  891288
FSRUNTIME@ mri_em_register  0.0243 hours 16 threads
registration took 1 minutes and 27 seconds.

Started at Mon Mar 9 08:51:55 CET 2026 
Ended   at Mon Mar 9 08:53:23 CET 2026
#@#%# recon-all-run-time-hours 0.024
recon-all -s sub-v1s20x0050337_ses-1 finished without error at Mon Mar  9 08:53:23 CET 2026



#New# invocation of recon-all 




Mon Mar  9 08:53:24 CET 2026
cd /out/sourcedata/freesurfer/sub-v1s20x0050337_ses-1
setenv SUBJECTS_DIR /out/sourcedata/freesurfer
/opt/freesurfer/bin/recon-all -autorecon2-volonly -openmp 16 -subjid sub-v1s20x0050337_ses-1 -sd /out/sourcedata/freesurfer -nogcareg

subjid sub-v1s20x0050337_ses-1
setenv SUBJECTS_DIR /out/sourcedata/freesurfer
FREESURFER_HOME /opt/freesurfer
Actual FREESURFER_HOME /opt/freesurfer
build-stamp.txt: freesurfer-linux-ubuntu22_x86_64-7.3.2-20220804-6354275
Linux dna066 5.14.0-427.37.1.el9_4.x86_64 #1 SMP PREEMPT_DYNAMIC Fri Sep 13 12:41:50 EDT 2024 x86_64 x86_64 x86_64 GNU/Linux
cputime      unlimited
filesize     unlimited
datasize     unlimited
stacksize    8192 kbytes
coredumpsize 0 kbytes
memoryuse    67108864 kbytes
vmemoryuse   unlimited
descriptors  1024 
memorylocked unlimited
maxproc      2061970 
maxlocks     unlimited
maxsignal    2062029 
maxmessage   819200 
maxnice      0 
maxrtprio    0 
maxrttime    unlimited

               total        used        free      shared  buff/cache   available
Mem:           503Gi        39Gi       440Gi       9.1Gi        23Gi       452Gi
Swap:             0B          0B          0B

########################################
program versions used
7.3.2 (freesurfer-linux-ubuntu22_x86_64-7.3.2-20220804-6354275)
7.3.2

ProgramName: lta_convert  ProgramArguments: lta_convert -all-info  ProgramVersion: 7.3.2  TimeStamp: 2026/03/09-07:53:24-GMT  BuildTime: Aug  4 2022 06:17:15  BuildStamp: freesurfer-linux-ubuntu22_x86_64-7.3.2-20220804-6354275  User: oesteban  Machine: dna066  Platform: Linux  PlatformVersion: 5.14.0-427.37.1.el9_4.x86_64  CompilerName: GCC  CompilerVersion: 8.4.0
ProgramName: mri_and  ProgramArguments: mri_and -all-info  ProgramVersion: 7.3.2  TimeStamp: 2026/03/09-07:53:24-GMT  BuildTime: Aug  4 2022 06:17:15  BuildStamp: freesurfer-linux-ubuntu22_x86_64-7.3.2-20220804-6354275  User: oesteban  Machine: dna066  Platform: Linux  PlatformVersion: 5.14.0-427.37.1.el9_4.x86_64  CompilerName: GCC  CompilerVersion: 8.4.0
ProgramName: mri_annotation2label  ProgramArguments: mri_annotation2label -all-info  ProgramVersion: 7.3.2  TimeStamp: 2026/03/09-07:53:24-GMT  BuildTime: Aug  4 2022 06:17:15  BuildStamp: freesurfer-linux-ubuntu22_x86_64-7.3.2-20220804-6354275  User: oesteban  Machine: dna066  Platform: Linux  PlatformVersion: 5.14.0-427.37.1.el9_4.x86_64  CompilerName: GCC  CompilerVersion: 8.4.0
ProgramName: mri_aparc2aseg  ProgramArguments: mri_aparc2aseg -all-info  ProgramVersion: 7.3.2  TimeStamp: 2026/03/09-07:53:24-GMT  BuildTime: Aug  4 2022 06:17:15  BuildStamp: freesurfer-linux-ubuntu22_x86_64-7.3.2-20220804-6354275  User: oesteban  Machine: dna066  Platform: Linux  PlatformVersion: 5.14.0-427.37.1.el9_4.x86_64  CompilerName: GCC  CompilerVersion: 8.4.0
ProgramName: mri_surf2volseg  ProgramArguments: mri_surf2volseg -all-info  ProgramVersion: 7.3.2  TimeStamp: 2026/03/09-07:53:24-GMT  BuildTime: Aug  4 2022 06:17:15  BuildStamp: freesurfer-linux-ubuntu22_x86_64-7.3.2-20220804-6354275  User: oesteban  Machine: dna066  Platform: Linux  PlatformVersion: 5.14.0-427.37.1.el9_4.x86_64  CompilerName: GCC  CompilerVersion: 8.4.0
ProgramName: mri_binarize  ProgramArguments: mri_binarize -all-info  ProgramVersion: 7.3.2  TimeStamp: 2026/03/09-07:53:24-GMT  BuildTime: Aug  4 2022 06:17:15  BuildStamp: freesurfer-linux-ubuntu22_x86_64-7.3.2-20220804-6354275  User: oesteban  Machine: dna066  Platform: Linux  PlatformVersion: 5.14.0-427.37.1.el9_4.x86_64  CompilerName: GCC  CompilerVersion: 8.4.0
ProgramName: mri_ca_label  ProgramArguments: mri_ca_label -all-info  ProgramVersion: 7.3.2  TimeStamp: 2026/03/09-07:53:24-GMT  BuildTime: Aug  4 2022 06:17:15  BuildStamp: freesurfer-linux-ubuntu22_x86_64-7.3.2-20220804-6354275  User: oesteban  Machine: dna066  Platform: Linux  PlatformVersion: 5.14.0-427.37.1.el9_4.x86_64  CompilerName: GCC  CompilerVersion: 8.4.0
ProgramName: mri_ca_normalize  ProgramArguments: mri_ca_normalize -all-info  ProgramVersion: 7.3.2  TimeStamp: 2026/03/09-07:53:24-GMT  BuildTime: Aug  4 2022 06:17:15  BuildStamp: freesurfer-linux-ubuntu22_x86_64-7.3.2-20220804-6354275  User: oesteban  Machine: dna066  Platform: Linux  PlatformVersion: 5.14.0-427.37.1.el9_4.x86_64  CompilerName: GCC  CompilerVersion: 8.4.0
ProgramName: mri_ca_register  ProgramArguments: mri_ca_register -all-info  ProgramVersion: 7.3.2  TimeStamp: 2026/03/09-07:53:24-GMT  BuildTime: Aug  4 2022 06:17:15  BuildStamp: freesurfer-linux-ubuntu22_x86_64-7.3.2-20220804-6354275  User: oesteban  Machine: dna066  Platform: Linux  PlatformVersion: 5.14.0-427.37.1.el9_4.x86_64  CompilerName: GCC  CompilerVersion: 8.4.0
ProgramName: mri_cc  ProgramArguments: mri_cc -all-info  ProgramVersion: 7.3.2  TimeStamp: 2026/03/09-07:53:24-GMT  BuildTime: Aug  4 2022 06:17:15  BuildStamp: freesurfer-linux-ubuntu22_x86_64-7.3.2-20220804-6354275  User: oesteban  Machine: dna066  Platform: Linux  PlatformVersion: 5.14.0-427.37.1.el9_4.x86_64  CompilerName: GCC  CompilerVersion: 8.4.0
ProgramName: mri_compute_overlap  ProgramArguments: mri_compute_overlap -all-info  ProgramVersion: 7.3.2  TimeStamp: 2026/03/09-07:53:24-GMT  BuildTime: Aug  4 2022 06:17:15  BuildStamp: freesurfer-linux-ubuntu22_x86_64-7.3.2-20220804-6354275  User: oesteban  Machine: dna066  Platform: Linux  PlatformVersion: 5.14.0-427.37.1.el9_4.x86_64  CompilerName: GCC  CompilerVersion: 8.4.0
ProgramName: mri_compute_seg_overlap  ProgramArguments: mri_compute_seg_overlap -all-info  ProgramVersion: 7.3.2  TimeStamp: 2026/03/09-07:53:24-GMT  BuildTime: Aug  4 2022 06:17:15  BuildStamp: freesurfer-linux-ubuntu22_x86_64-7.3.2-20220804-6354275  User: oesteban  Machine: dna066  Platform: Linux  PlatformVersion: 5.14.0-427.37.1.el9_4.x86_64  CompilerName: GCC  CompilerVersion: 8.4.0
ProgramName: mri_concat  ProgramArguments: mri_concat -all-info  ProgramVersion: 7.3.2  TimeStamp: 2026/03/09-07:53:24-GMT  BuildTime: Aug  4 2022 06:17:15  BuildStamp: freesurfer-linux-ubuntu22_x86_64-7.3.2-20220804-6354275  User: oesteban  Machine: dna066  Platform: Linux  PlatformVersion: 5.14.0-427.37.1.el9_4.x86_64  CompilerName: GCC  CompilerVersion: 8.4.0
ProgramName: mri_concatenate_lta  ProgramArguments: mri_concatenate_lta -all-info  ProgramVersion: 7.3.2  TimeStamp: 2026/03/09-07:53:24-GMT  BuildTime: Aug  4 2022 06:17:15  BuildStamp: freesurfer-linux-ubuntu22_x86_64-7.3.2-20220804-6354275  User: oesteban  Machine: dna066  Platform: Linux  PlatformVersion: 5.14.0-427.37.1.el9_4.x86_64  CompilerName: GCC  CompilerVersion: 8.4.0
mri_convert -all-info 
ProgramName: mri_convert  ProgramArguments: mri_convert -all-info  ProgramVersion: 7.3.2  TimeStamp: 2026/03/09-07:53:24-GMT  BuildTime: Aug  4 2022 06:17:15  BuildStamp: freesurfer-linux-ubuntu22_x86_64-7.3.2-20220804-6354275  User: oesteban  Machine: dna066  Platform: Linux  PlatformVersion: 5.14.0-427.37.1.el9_4.x86_64  CompilerName: GCC  CompilerVersion: 8.4.0
ProgramName: mri_diff  ProgramArguments: mri_diff -all-info  ProgramVersion: 7.3.2  TimeStamp: 2026/03/09-07:53:24-GMT  BuildTime: Aug  4 2022 06:17:15  BuildStamp: freesurfer-linux-ubuntu22_x86_64-7.3.2-20220804-6354275  User: oesteban  Machine: dna066  Platform: Linux  PlatformVersion: 5.14.0-427.37.1.el9_4.x86_64  CompilerName: GCC  CompilerVersion: 8.4.0
ProgramName: mri_edit_wm_with_aseg  ProgramArguments: mri_edit_wm_with_aseg -all-info  ProgramVersion: 7.3.2  TimeStamp: 2026/03/09-07:53:24-GMT  BuildTime: Aug  4 2022 06:17:15  BuildStamp: freesurfer-linux-ubuntu22_x86_64-7.3.2-20220804-6354275  User: oesteban  Machine: dna066  Platform: Linux  PlatformVersion: 5.14.0-427.37.1.el9_4.x86_64  CompilerName: GCC  CompilerVersion: 8.4.0
ProgramName: mri_em_register  ProgramArguments: mri_em_register -all-info  ProgramVersion: 7.3.2  TimeStamp: 2026/03/09-07:53:24-GMT  BuildTime: Aug  4 2022 06:17:15  BuildStamp: freesurfer-linux-ubuntu22_x86_64-7.3.2-20220804-6354275  User: oesteban  Machine: dna066  Platform: Linux  PlatformVersion: 5.14.0-427.37.1.el9_4.x86_64  CompilerName: GCC  CompilerVersion: 8.4.0
ProgramName: mri_fill  ProgramArguments: mri_fill -all-info  ProgramVersion: 7.3.2  TimeStamp: 2026/03/09-07:53:24-GMT  BuildTime: Aug  4 2022 06:17:15  BuildStamp: freesurfer-linux-ubuntu22_x86_64-7.3.2-20220804-6354275  User: oesteban  Machine: dna066  Platform: Linux  PlatformVersion: 5.14.0-427.37.1.el9_4.x86_64  CompilerName: GCC  CompilerVersion: 8.4.0
ProgramName: mri_fuse_segmentations  ProgramArguments: mri_fuse_segmentations -all-info  ProgramVersion: 7.3.2  TimeStamp: 2026/03/09-07:53:24-GMT  BuildTime: Aug  4 2022 06:17:15  BuildStamp: freesurfer-linux-ubuntu22_x86_64-7.3.2-20220804-6354275  User: oesteban  Machine: dna066  Platform: Linux  PlatformVersion: 5.14.0-427.37.1.el9_4.x86_64  CompilerName: GCC  CompilerVersion: 8.4.0
ProgramName: mri_fwhm  ProgramArguments: mri_fwhm -all-info  ProgramVersion: 7.3.2  TimeStamp: 2026/03/09-07:53:24-GMT  BuildTime: Aug  4 2022 06:17:15  BuildStamp: freesurfer-linux-ubuntu22_x86_64-7.3.2-20220804-6354275  User: oesteban  Machine: dna066  Platform: Linux  PlatformVersion: 5.14.0-427.37.1.el9_4.x86_64  CompilerName: GCC  CompilerVersion: 8.4.0
ProgramName: mri_gcut  ProgramArguments: mri_gcut -all-info  ProgramVersion: 7.3.2  TimeStamp: 2026/03/09-07:53:24-GMT  BuildTime: Aug  4 2022 06:17:15  BuildStamp: freesurfer-linux-ubuntu22_x86_64-7.3.2-20220804-6354275  User: oesteban  Machine: dna066  Platform: Linux  PlatformVersion: 5.14.0-427.37.1.el9_4.x86_64  CompilerName: GCC  CompilerVersion: 8.4.0
ProgramName: mri_info  ProgramArguments: mri_info -all-info  ProgramVersion: 7.3.2  TimeStamp: 2026/03/09-07:53:24-GMT  BuildTime: Aug  4 2022 06:17:15  BuildStamp: freesurfer-linux-ubuntu22_x86_64-7.3.2-20220804-6354275  User: oesteban  Machine: dna066  Platform: Linux  PlatformVersion: 5.14.0-427.37.1.el9_4.x86_64  CompilerName: GCC  CompilerVersion: 8.4.0
ProgramName: mri_label2label  ProgramArguments: mri_label2label -all-info  ProgramVersion: 7.3.2  TimeStamp: 2026/03/09-07:53:24-GMT  BuildTime: Aug  4 2022 06:17:15  BuildStamp: freesurfer-linux-ubuntu22_x86_64-7.3.2-20220804-6354275  User: oesteban  Machine: dna066  Platform: Linux  PlatformVersion: 5.14.0-427.37.1.el9_4.x86_64  CompilerName: GCC  CompilerVersion: 8.4.0
ProgramName: mri_label2vol  ProgramArguments: mri_label2vol -all-info  ProgramVersion: 7.3.2  TimeStamp: 2026/03/09-07:53:24-GMT  BuildTime: Aug  4 2022 06:17:15  BuildStamp: freesurfer-linux-ubuntu22_x86_64-7.3.2-20220804-6354275  User: oesteban  Machine: dna066  Platform: Linux  PlatformVersion: 5.14.0-427.37.1.el9_4.x86_64  CompilerName: GCC  CompilerVersion: 8.4.0
ProgramName: mri_log_likelihood  ProgramArguments: mri_log_likelihood -all-info  ProgramVersion: 7.3.2  TimeStamp: 2026/03/09-07:53:24-GMT  BuildTime: Aug  4 2022 06:17:15  BuildStamp: freesurfer-linux-ubuntu22_x86_64-7.3.2-20220804-6354275  User: oesteban  Machine: dna066  Platform: Linux  PlatformVersion: 5.14.0-427.37.1.el9_4.x86_64  CompilerName: GCC  CompilerVersion: 8.4.0
ProgramName: mri_mask  ProgramArguments: mri_mask -all-info  ProgramVersion: 7.3.2  TimeStamp: 2026/03/09-07:53:24-GMT  BuildTime: Aug  4 2022 06:17:15  BuildStamp: freesurfer-linux-ubuntu22_x86_64-7.3.2-20220804-6354275  User: oesteban  Machine: dna066  Platform: Linux  PlatformVersion: 5.14.0-427.37.1.el9_4.x86_64  CompilerName: GCC  CompilerVersion: 8.4.0
ProgramName: mri_matrix_multiply  ProgramArguments: mri_matrix_multiply -all-info  ProgramVersion: 7.3.2  TimeStamp: 2026/03/09-07:53:24-GMT  BuildTime: Aug  4 2022 06:17:15  BuildStamp: freesurfer-linux-ubuntu22_x86_64-7.3.2-20220804-6354275  User: oesteban  Machine: dna066  Platform: Linux  PlatformVersion: 5.14.0-427.37.1.el9_4.x86_64  CompilerName: GCC  CompilerVersion: 8.4.0
ProgramName: mri_normalize  ProgramArguments: mri_normalize -all-info  ProgramVersion: 7.3.2  TimeStamp: 2026/03/09-07:53:24-GMT  BuildTime: Aug  4 2022 06:17:15  BuildStamp: freesurfer-linux-ubuntu22_x86_64-7.3.2-20220804-6354275  User: oesteban  Machine: dna066  Platform: Linux  PlatformVersion: 5.14.0-427.37.1.el9_4.x86_64  CompilerName: GCC  CompilerVersion: 8.4.0
ProgramName: mri_normalize_tp2  ProgramArguments: mri_normalize_tp2 -all-info  ProgramVersion: 7.3.2  TimeStamp: 2026/03/09-07:53:24-GMT  BuildTime: Aug  4 2022 06:17:15  BuildStamp: freesurfer-linux-ubuntu22_x86_64-7.3.2-20220804-6354275  User: oesteban  Machine: dna066  Platform: Linux  PlatformVersion: 5.14.0-427.37.1.el9_4.x86_64  CompilerName: GCC  CompilerVersion: 8.4.0
ProgramName: mri_or  ProgramArguments: mri_or -all-info  ProgramVersion: 7.3.2  TimeStamp: 2026/03/09-07:53:24-GMT  BuildTime: Aug  4 2022 06:17:15  BuildStamp: freesurfer-linux-ubuntu22_x86_64-7.3.2-20220804-6354275  User: oesteban  Machine: dna066  Platform: Linux  PlatformVersion: 5.14.0-427.37.1.el9_4.x86_64  CompilerName: GCC  CompilerVersion: 8.4.0
ProgramName: mri_relabel_hypointensities  ProgramArguments: mri_relabel_hypointensities -all-info  ProgramVersion: 7.3.2  TimeStamp: 2026/03/09-07:53:24-GMT  BuildTime: Aug  4 2022 06:17:15  BuildStamp: freesurfer-linux-ubuntu22_x86_64-7.3.2-20220804-6354275  User: oesteban  Machine: dna066  Platform: Linux  PlatformVersion: 5.14.0-427.37.1.el9_4.x86_64  CompilerName: GCC  CompilerVersion: 8.4.0
ProgramName: mri_relabel_nonwm_hypos  ProgramArguments: mri_relabel_nonwm_hypos -all-info  ProgramVersion: 7.3.2  TimeStamp: 2026/03/09-07:53:24-GMT  BuildTime: Aug  4 2022 06:17:15  BuildStamp: freesurfer-linux-ubuntu22_x86_64-7.3.2-20220804-6354275  User: oesteban  Machine: dna066  Platform: Linux  PlatformVersion: 5.14.0-427.37.1.el9_4.x86_64  CompilerName: GCC  CompilerVersion: 8.4.0
ProgramName: mri_remove_neck  ProgramArguments: mri_remove_neck -all-info  ProgramVersion: 7.3.2  TimeStamp: 2026/03/09-07:53:24-GMT  BuildTime: Aug  4 2022 06:17:15  BuildStamp: freesurfer-linux-ubuntu22_x86_64-7.3.2-20220804-6354275  User: oesteban  Machine: dna066  Platform: Linux  PlatformVersion: 5.14.0-427.37.1.el9_4.x86_64  CompilerName: GCC  CompilerVersion: 8.4.0
7.3.2

ProgramName: mri_robust_register  ProgramArguments: mri_robust_register -all-info  ProgramVersion: 7.3.2  TimeStamp: 2026/03/09-07:53:24-GMT  BuildTime: Aug  4 2022 06:17:15  BuildStamp: freesurfer-linux-ubuntu22_x86_64-7.3.2-20220804-6354275  User: oesteban  Machine: dna066  Platform: Linux  PlatformVersion: 5.14.0-427.37.1.el9_4.x86_64  CompilerName: GCC  CompilerVersion: 8.4.0
7.3.2

ProgramName: mri_robust_template  ProgramArguments: mri_robust_template -all-info  ProgramVersion: 7.3.2  TimeStamp: 2026/03/09-07:53:24-GMT  BuildTime: Aug  4 2022 06:17:15  BuildStamp: freesurfer-linux-ubuntu22_x86_64-7.3.2-20220804-6354275  User: oesteban  Machine: dna066  Platform: Linux  PlatformVersion: 5.14.0-427.37.1.el9_4.x86_64  CompilerName: GCC  CompilerVersion: 8.4.0
ProgramName: mris_anatomical_stats  ProgramArguments: mris_anatomical_stats -all-info  ProgramVersion: 7.3.2  TimeStamp: 2026/03/09-07:53:24-GMT  BuildTime: Aug  4 2022 06:17:15  BuildStamp: freesurfer-linux-ubuntu22_x86_64-7.3.2-20220804-6354275  User: oesteban  Machine: dna066  Platform: Linux  PlatformVersion: 5.14.0-427.37.1.el9_4.x86_64  CompilerName: GCC  CompilerVersion: 8.4.0
ProgramName: mris_ca_label  ProgramArguments: mris_ca_label -all-info  ProgramVersion: 7.3.2  TimeStamp: 2026/03/09-07:53:24-GMT  BuildTime: Aug  4 2022 06:17:15  BuildStamp: freesurfer-linux-ubuntu22_x86_64-7.3.2-20220804-6354275  User: oesteban  Machine: dna066  Platform: Linux  PlatformVersion: 5.14.0-427.37.1.el9_4.x86_64  CompilerName: GCC  CompilerVersion: 8.4.0
ProgramName: mris_calc  ProgramArguments: mris_calc -all-info  ProgramVersion: 7.3.2  TimeStamp: 2026/03/09-07:53:24-GMT  BuildTime: Aug  4 2022 06:17:15  BuildStamp: freesurfer-linux-ubuntu22_x86_64-7.3.2-20220804-6354275  User: oesteban  Machine: dna066  Platform: Linux  PlatformVersion: 5.14.0-427.37.1.el9_4.x86_64  CompilerName: GCC  CompilerVersion: 8.4.0
ProgramName: mris_convert  ProgramArguments: mris_convert -all-info  ProgramVersion: 7.3.2  TimeStamp: 2026/03/09-07:53:24-GMT  BuildTime: Aug  4 2022 06:17:15  BuildStamp: freesurfer-linux-ubuntu22_x86_64-7.3.2-20220804-6354275  User: oesteban  Machine: dna066  Platform: Linux  PlatformVersion: 5.14.0-427.37.1.el9_4.x86_64  CompilerName: GCC  CompilerVersion: 8.4.0
ProgramName: mris_curvature  ProgramArguments: mris_curvature -all-info  ProgramVersion: 7.3.2  TimeStamp: 2026/03/09-07:53:24-GMT  BuildTime: Aug  4 2022 06:17:15  BuildStamp: freesurfer-linux-ubuntu22_x86_64-7.3.2-20220804-6354275  User: oesteban  Machine: dna066  Platform: Linux  PlatformVersion: 5.14.0-427.37.1.el9_4.x86_64  CompilerName: GCC  CompilerVersion: 8.4.0
ProgramName: mris_curvature_stats  ProgramArguments: mris_curvature_stats -all-info  ProgramVersion: 7.3.2  TimeStamp: 2026/03/09-07:53:24-GMT  BuildTime: Aug  4 2022 06:17:15  BuildStamp: freesurfer-linux-ubuntu22_x86_64-7.3.2-20220804-6354275  User: oesteban  Machine: dna066  Platform: Linux  PlatformVersion: 5.14.0-427.37.1.el9_4.x86_64  CompilerName: GCC  CompilerVersion: 8.4.0
ProgramName: mris_diff  ProgramArguments: mris_diff -all-info  ProgramVersion: 7.3.2  TimeStamp: 2026/03/09-07:53:24-GMT  BuildTime: Aug  4 2022 06:17:15  BuildStamp: freesurfer-linux-ubuntu22_x86_64-7.3.2-20220804-6354275  User: oesteban  Machine: dna066  Platform: Linux  PlatformVersion: 5.14.0-427.37.1.el9_4.x86_64  CompilerName: GCC  CompilerVersion: 8.4.0
ProgramName: mris_divide_parcellation  ProgramArguments: mris_divide_parcellation -all-info  ProgramVersion: 7.3.2  TimeStamp: 2026/03/09-07:53:24-GMT  BuildTime: Aug  4 2022 06:17:15  BuildStamp: freesurfer-linux-ubuntu22_x86_64-7.3.2-20220804-6354275  User: oesteban  Machine: dna066  Platform: Linux  PlatformVersion: 5.14.0-427.37.1.el9_4.x86_64  CompilerName: GCC  CompilerVersion: 8.4.0
ProgramName: mri_segment  ProgramArguments: mri_segment -all-info  ProgramVersion: 7.3.2  TimeStamp: 2026/03/09-07:53:24-GMT  BuildTime: Aug  4 2022 06:17:15  BuildStamp: freesurfer-linux-ubuntu22_x86_64-7.3.2-20220804-6354275  User: oesteban  Machine: dna066  Platform: Linux  PlatformVersion: 5.14.0-427.37.1.el9_4.x86_64  CompilerName: GCC  CompilerVersion: 8.4.0
ProgramName: mri_segstats  ProgramArguments: mri_segstats -all-info  ProgramVersion: 7.3.2  TimeStamp: 2026/03/09-07:53:24-GMT  BuildTime: Aug  4 2022 06:17:15  BuildStamp: freesurfer-linux-ubuntu22_x86_64-7.3.2-20220804-6354275  User: oesteban  Machine: dna066  Platform: Linux  PlatformVersion: 5.14.0-427.37.1.el9_4.x86_64  CompilerName: GCC  CompilerVersion: 8.4.0
ProgramName: mris_euler_number  ProgramArguments: mris_euler_number -all-info  ProgramVersion: 7.3.2  TimeStamp: 2026/03/09-07:53:24-GMT  BuildTime: Aug  4 2022 06:17:15  BuildStamp: freesurfer-linux-ubuntu22_x86_64-7.3.2-20220804-6354275  User: oesteban  Machine: dna066  Platform: Linux  PlatformVersion: 5.14.0-427.37.1.el9_4.x86_64  CompilerName: GCC  CompilerVersion: 8.4.0
ProgramName: mris_fix_topology  ProgramArguments: mris_fix_topology -all-info  ProgramVersion: 7.3.2  TimeStamp: 2026/03/09-07:53:24-GMT  BuildTime: Aug  4 2022 06:17:15  BuildStamp: freesurfer-linux-ubuntu22_x86_64-7.3.2-20220804-6354275  User: oesteban  Machine: dna066  Platform: Linux  PlatformVersion: 5.14.0-427.37.1.el9_4.x86_64  CompilerName: GCC  CompilerVersion: 8.4.0
ProgramName: mris_topo_fixer  ProgramArguments: mris_topo_fixer -all-info  ProgramVersion: 7.3.2  TimeStamp: 2026/03/09-07:53:24-GMT  BuildTime: Aug  4 2022 06:17:15  BuildStamp: freesurfer-linux-ubuntu22_x86_64-7.3.2-20220804-6354275  User: oesteban  Machine: dna066  Platform: Linux  PlatformVersion: 5.14.0-427.37.1.el9_4.x86_64  CompilerName: GCC  CompilerVersion: 8.4.0
ProgramName: mris_jacobian  ProgramArguments: mris_jacobian -all-info  ProgramVersion: 7.3.2  TimeStamp: 2026/03/09-07:53:24-GMT  BuildTime: Aug  4 2022 06:17:15  BuildStamp: freesurfer-linux-ubuntu22_x86_64-7.3.2-20220804-6354275  User: oesteban  Machine: dna066  Platform: Linux  PlatformVersion: 5.14.0-427.37.1.el9_4.x86_64  CompilerName: GCC  CompilerVersion: 8.4.0
ProgramName: mris_label2annot  ProgramArguments: mris_label2annot -all-info  ProgramVersion: 7.3.2  TimeStamp: 2026/03/09-07:53:24-GMT  BuildTime: Aug  4 2022 06:17:15  BuildStamp: freesurfer-linux-ubuntu22_x86_64-7.3.2-20220804-6354275  User: oesteban  Machine: dna066  Platform: Linux  PlatformVersion: 5.14.0-427.37.1.el9_4.x86_64  CompilerName: GCC  CompilerVersion: 8.4.0
ProgramName: mris_left_right_register  ProgramArguments: mris_left_right_register -all-info  ProgramVersion: 7.3.2  TimeStamp: 2026/03/09-07:53:24-GMT  BuildTime: Aug  4 2022 06:17:15  BuildStamp: freesurfer-linux-ubuntu22_x86_64-7.3.2-20220804-6354275  User: oesteban  Machine: dna066  Platform: Linux  PlatformVersion: 5.14.0-427.37.1.el9_4.x86_64  CompilerName: GCC  CompilerVersion: 8.4.0
ProgramName: mris_place_surface  ProgramArguments: mris_place_surface -all-info  ProgramVersion: 7.3.2  TimeStamp: 2026/03/09-07:53:24-GMT  BuildTime: Aug  4 2022 06:17:15  BuildStamp: freesurfer-linux-ubuntu22_x86_64-7.3.2-20220804-6354275  User: oesteban  Machine: dna066  Platform: Linux  PlatformVersion: 5.14.0-427.37.1.el9_4.x86_64  CompilerName: GCC  CompilerVersion: 8.4.0
ProgramName: mrisp_paint  ProgramArguments: mrisp_paint -all-info  ProgramVersion: 7.3.2  TimeStamp: 2026/03/09-07:53:24-GMT  BuildTime: Aug  4 2022 06:17:15  BuildStamp: freesurfer-linux-ubuntu22_x86_64-7.3.2-20220804-6354275  User: oesteban  Machine: dna066  Platform: Linux  PlatformVersion: 5.14.0-427.37.1.el9_4.x86_64  CompilerName: GCC  CompilerVersion: 8.4.0
ProgramName: mris_register  ProgramArguments: mris_register -all-info  ProgramVersion: 7.3.2  TimeStamp: 2026/03/09-07:53:24-GMT  BuildTime: Aug  4 2022 06:17:15  BuildStamp: freesurfer-linux-ubuntu22_x86_64-7.3.2-20220804-6354275  User: oesteban  Machine: dna066  Platform: Linux  PlatformVersion: 5.14.0-427.37.1.el9_4.x86_64  CompilerName: GCC  CompilerVersion: 8.4.0
ProgramName: mris_smooth  ProgramArguments: mris_smooth -all-info  ProgramVersion: 7.3.2  TimeStamp: 2026/03/09-07:53:24-GMT  BuildTime: Aug  4 2022 06:17:15  BuildStamp: freesurfer-linux-ubuntu22_x86_64-7.3.2-20220804-6354275  User: oesteban  Machine: dna066  Platform: Linux  PlatformVersion: 5.14.0-427.37.1.el9_4.x86_64  CompilerName: GCC  CompilerVersion: 8.4.0
ProgramName: mris_sphere  ProgramArguments: mris_sphere -all-info  ProgramVersion: 7.3.2  TimeStamp: 2026/03/09-07:53:24-GMT  BuildTime: Aug  4 2022 06:17:15  BuildStamp: freesurfer-linux-ubuntu22_x86_64-7.3.2-20220804-6354275  User: oesteban  Machine: dna066  Platform: Linux  PlatformVersion: 5.14.0-427.37.1.el9_4.x86_64  CompilerName: GCC  CompilerVersion: 8.4.0
ProgramName: mris_surface_stats  ProgramArguments: mris_surface_stats -all-info  ProgramVersion: 7.3.2  TimeStamp: 2026/03/09-07:53:24-GMT  BuildTime: Aug  4 2022 06:17:15  BuildStamp: freesurfer-linux-ubuntu22_x86_64-7.3.2-20220804-6354275  User: oesteban  Machine: dna066  Platform: Linux  PlatformVersion: 5.14.0-427.37.1.el9_4.x86_64  CompilerName: GCC  CompilerVersion: 8.4.0
ProgramName: mri_stats2seg  ProgramArguments: mri_stats2seg -all-info  ProgramVersion: 7.3.2  TimeStamp: 2026/03/09-07:53:24-GMT  BuildTime: Aug  4 2022 06:17:15  BuildStamp: freesurfer-linux-ubuntu22_x86_64-7.3.2-20220804-6354275  User: oesteban  Machine: dna066  Platform: Linux  PlatformVersion: 5.14.0-427.37.1.el9_4.x86_64  CompilerName: GCC  CompilerVersion: 8.4.0
ProgramName: mris_thickness  ProgramArguments: mris_thickness -all-info  ProgramVersion: 7.3.2  TimeStamp: 2026/03/09-07:53:24-GMT  BuildTime: Aug  4 2022 06:17:15  BuildStamp: freesurfer-linux-ubuntu22_x86_64-7.3.2-20220804-6354275  User: oesteban  Machine: dna066  Platform: Linux  PlatformVersion: 5.14.0-427.37.1.el9_4.x86_64  CompilerName: GCC  CompilerVersion: 8.4.0
ProgramName: mris_thickness_diff  ProgramArguments: mris_thickness_diff -all-info  ProgramVersion: 7.3.2  TimeStamp: 2026/03/09-07:53:24-GMT  BuildTime: Aug  4 2022 06:17:15  BuildStamp: freesurfer-linux-ubuntu22_x86_64-7.3.2-20220804-6354275  User: oesteban  Machine: dna066  Platform: Linux  PlatformVersion: 5.14.0-427.37.1.el9_4.x86_64  CompilerName: GCC  CompilerVersion: 8.4.0
ProgramName: mris_topo_fixer  ProgramArguments: mris_topo_fixer -all-info  ProgramVersion: 7.3.2  TimeStamp: 2026/03/09-07:53:24-GMT  BuildTime: Aug  4 2022 06:17:15  BuildStamp: freesurfer-linux-ubuntu22_x86_64-7.3.2-20220804-6354275  User: oesteban  Machine: dna066  Platform: Linux  PlatformVersion: 5.14.0-427.37.1.el9_4.x86_64  CompilerName: GCC  CompilerVersion: 8.4.0
ProgramName: mri_surf2surf  ProgramArguments: mri_surf2surf -all-info  ProgramVersion: 7.3.2  TimeStamp: 2026/03/09-07:53:24-GMT  BuildTime: Aug  4 2022 06:17:15  BuildStamp: freesurfer-linux-ubuntu22_x86_64-7.3.2-20220804-6354275  User: oesteban  Machine: dna066  Platform: Linux  PlatformVersion: 5.14.0-427.37.1.el9_4.x86_64  CompilerName: GCC  CompilerVersion: 8.4.0
ProgramName: mri_surf2vol  ProgramArguments: mri_surf2vol -all-info  ProgramVersion: 7.3.2  TimeStamp: 2026/03/09-07:53:24-GMT  BuildTime: Aug  4 2022 06:17:15  BuildStamp: freesurfer-linux-ubuntu22_x86_64-7.3.2-20220804-6354275  User: oesteban  Machine: dna066  Platform: Linux  PlatformVersion: 5.14.0-427.37.1.el9_4.x86_64  CompilerName: GCC  CompilerVersion: 8.4.0
ProgramName: mri_surfcluster  ProgramArguments: mri_surfcluster -all-info  ProgramVersion: 7.3.2  TimeStamp: 2026/03/09-07:53:24-GMT  BuildTime: Aug  4 2022 06:17:15  BuildStamp: freesurfer-linux-ubuntu22_x86_64-7.3.2-20220804-6354275  User: oesteban  Machine: dna066  Platform: Linux  PlatformVersion: 5.14.0-427.37.1.el9_4.x86_64  CompilerName: GCC  CompilerVersion: 8.4.0
ProgramName: mris_volmask  ProgramArguments: mris_volmask -all-info  ProgramVersion: 7.3.2  TimeStamp: 2026/03/09-07:53:24-GMT  BuildTime: Aug  4 2022 06:17:15  BuildStamp: freesurfer-linux-ubuntu22_x86_64-7.3.2-20220804-6354275  User: oesteban  Machine: dna066  Platform: Linux  PlatformVersion: 5.14.0-427.37.1.el9_4.x86_64  CompilerName: GCC  CompilerVersion: 8.4.0
ProgramName: mri_tessellate  ProgramArguments: mri_tessellate -all-info  ProgramVersion: 7.3.2  TimeStamp: 2026/03/09-07:53:24-GMT  BuildTime: Aug  4 2022 06:17:15  BuildStamp: freesurfer-linux-ubuntu22_x86_64-7.3.2-20220804-6354275  User: oesteban  Machine: dna066  Platform: Linux  PlatformVersion: 5.14.0-427.37.1.el9_4.x86_64  CompilerName: GCC  CompilerVersion: 8.4.0
ProgramName: mri_vol2surf  ProgramArguments: mri_vol2surf -all-info  ProgramVersion: 7.3.2  TimeStamp: 2026/03/09-07:53:24-GMT  BuildTime: Aug  4 2022 06:17:15  BuildStamp: freesurfer-linux-ubuntu22_x86_64-7.3.2-20220804-6354275  User: oesteban  Machine: dna066  Platform: Linux  PlatformVersion: 5.14.0-427.37.1.el9_4.x86_64  CompilerName: GCC  CompilerVersion: 8.4.0
ProgramName: mri_vol2vol  ProgramArguments: mri_vol2vol -all-info  ProgramVersion: 7.3.2  TimeStamp: 2026/03/09-07:53:24-GMT  BuildTime: Aug  4 2022 06:17:15  BuildStamp: freesurfer-linux-ubuntu22_x86_64-7.3.2-20220804-6354275  User: oesteban  Machine: dna066  Platform: Linux  PlatformVersion: 5.14.0-427.37.1.el9_4.x86_64  CompilerName: GCC  CompilerVersion: 8.4.0
ProgramName: mri_voldiff  ProgramArguments: mri_voldiff -all-info  ProgramVersion: 7.3.2  TimeStamp: 2026/03/09-07:53:24-GMT  BuildTime: Aug  4 2022 06:17:15  BuildStamp: freesurfer-linux-ubuntu22_x86_64-7.3.2-20220804-6354275  User: oesteban  Machine: dna066  Platform: Linux  PlatformVersion: 5.14.0-427.37.1.el9_4.x86_64  CompilerName: GCC  CompilerVersion: 8.4.0
ProgramName: mri_watershed  ProgramArguments: mri_watershed -all-info  ProgramVersion: 7.3.2  TimeStamp: 2026/03/09-07:53:24-GMT  BuildTime: Aug  4 2022 06:17:15  BuildStamp: freesurfer-linux-ubuntu22_x86_64-7.3.2-20220804-6354275  User: oesteban  Machine: dna066  Platform: Linux  PlatformVersion: 5.14.0-427.37.1.el9_4.x86_64  CompilerName: GCC  CompilerVersion: 8.4.0
ProgramName: tkregister2  ProgramArguments: tkregister2_cmdl -all-info  ProgramVersion: 7.3.2  TimeStamp: 2026/03/09-07:53:24-GMT  BuildTime: Aug  4 2022 06:17:15  BuildStamp: freesurfer-linux-ubuntu22_x86_64-7.3.2-20220804-6354275  User: oesteban  Machine: dna066  Platform: Linux  PlatformVersion: 5.14.0-427.37.1.el9_4.x86_64  CompilerName: GCC  CompilerVersion: 8.4.0
mri_motion_correct.fsl 7.3.2
mri_convert -all-info 
ProgramName: mri_convert  ProgramArguments: mri_convert -all-info  ProgramVersion: 7.3.2  TimeStamp: 2026/03/09-07:53:24-GMT  BuildTime: Aug  4 2022 06:17:15  BuildStamp: freesurfer-linux-ubuntu22_x86_64-7.3.2-20220804-6354275  User: oesteban  Machine: dna066  Platform: Linux  PlatformVersion: 5.14.0-427.37.1.el9_4.x86_64  CompilerName: GCC  CompilerVersion: 8.4.0
Program nu_correct, built from:
Package MNI N3, version 1.12.0, compiled by nicks@terrier (x86_64-unknown-linux-gnu) on 2015-06-19 at 01:25:34
#######################################
GCADIR /opt/freesurfer/average
GCA RB_all_2020-01-02.gca
GCASkull RB_all_withskull_2020_01_02.gca
AvgCurvTif folding.atlas.acfb40.noaparc.i12.2016-08-02.tif
GCSDIR /opt/freesurfer/average
GCS DKaparc.atlas.acfb40.noaparc.i12.2016-08-02.gcs
#######################################
#--------------------------------------
#@# CA Normalize Mon Mar  9 08:53:24 CET 2026
/out/sourcedata/freesurfer/sub-v1s20x0050337_ses-1/mri

 mri_ca_normalize -c ctrl_pts.mgz -mask brainmask.mgz nu.mgz /opt/freesurfer/average/RB_all_2020-01-02.gca transforms/talairach.lta norm.mgz 

writing control point volume to ctrl_pts.mgz
using MR volume brainmask.mgz to mask input volume...
reading 1 input volume
reading atlas from '/opt/freesurfer/average/RB_all_2020-01-02.gca'...
reading transform from 'transforms/talairach.lta'...
reading input volume from nu.mgz...
resetting wm mean[0]: 98 --> 107
resetting gm mean[0]: 61 --> 61
input volume #1 is the most T1-like
using real data threshold=29.0
skull bounding box = (50, 75, 33) --> (194, 182, 204)
finding center of left hemi white matter
using (98, 111, 119) as brain centroid of Right_Cerebral_White_Matter...
mean wm in atlas = 107, using box (80,98,98) --> (115, 124,140) to find MRI wm
before smoothing, mri peak at 109
robust fit to distribution - 108 +- 4.9
after smoothing, mri peak at 108, scaling input intensities by 0.991
scaling channel 0 by 0.990741
using 246437 sample points...
INFO: compute sample coordinates transform
 0.96874  -0.03550   0.15631  -3.56284;
 0.04480   1.13475  -0.08804  -27.90379;
-0.15273   0.09814   0.99270  -1.84504;
 0.00000   0.00000   0.00000   1.00000;
INFO: transform used
finding control points in Left_Cerebral_White_Matter....
found 40230 control points for structure...
bounding box (114, 73, 35) --> (191, 179, 202)
Left_Cerebral_White_Matter: limiting intensities to 94.0 --> 132.0
0 of 6883 (0.0%) samples deleted
finding control points in Right_Cerebral_White_Matter....
found 39478 control points for structure...
bounding box (55, 74, 33) --> (127, 183, 198)
Right_Cerebral_White_Matter: limiting intensities to 93.0 --> 132.0
3 of 7069 (0.0%) samples deleted
finding control points in Left_Cerebellum_White_Matter....
found 3105 control points for structure...
bounding box (127, 144, 55) --> (178, 184, 110)
Left_Cerebellum_White_Matter: limiting intensities to 92.0 --> 132.0
2 of 383 (0.5%) samples deleted
finding control points in Right_Cerebellum_White_Matter....
found 2710 control points for structure...
bounding box (83, 144, 49) --> (129, 185, 106)
Right_Cerebellum_White_Matter: limiting intensities to 92.0 --> 132.0
0 of 379 (0.0%) samples deleted
finding control points in Brain_Stem....
found 3475 control points for structure...
bounding box (105, 142, 86) --> (141, 202, 121)
Brain_Stem: limiting intensities to 88.0 --> 132.0
0 of 609 (0.0%) samples deleted
using 15323 total control points for intensity normalization...
bias field = 0.976 +- 0.069
14 of 15318 control points discarded
finding control points in Left_Cerebral_White_Matter....
found 40230 control points for structure...
bounding box (114, 73, 35) --> (191, 179, 202)
Left_Cerebral_White_Matter: limiting intensities to 88.0 --> 132.0
0 of 7110 (0.0%) samples deleted
finding control points in Right_Cerebral_White_Matter....
found 39478 control points for structure...
bounding box (55, 74, 33) --> (127, 183, 198)
Right_Cerebral_White_Matter: limiting intensities to 88.0 --> 132.0
5 of 7455 (0.1%) samples deleted
finding control points in Left_Cerebellum_White_Matter....
found 3105 control points for structure...
bounding box (127, 144, 55) --> (178, 184, 110)
Left_Cerebellum_White_Matter: limiting intensities to 88.0 --> 132.0
44 of 436 (10.1%) samples deleted
finding control points in Right_Cerebellum_White_Matter....
found 2710 control points for structure...
bounding box (83, 144, 49) --> (129, 185, 106)
Right_Cerebellum_White_Matter: limiting intensities to 88.0 --> 132.0
48 of 412 (11.7%) samples deleted
finding control points in Brain_Stem....
found 3475 control points for structure...
bounding box (105, 142, 86) --> (141, 202, 121)
Brain_Stem: limiting intensities to 88.0 --> 132.0
129 of 678 (19.0%) samples deleted
using 16091 total control points for intensity normalization...
bias field = 1.044 +- 0.061
15 of 15750 control points discarded
finding control points in Left_Cerebral_White_Matter....
found 40230 control points for structure...
bounding box (114, 73, 35) --> (191, 179, 202)
Left_Cerebral_White_Matter: limiting intensities to 88.0 --> 132.0
1 of 7093 (0.0%) samples deleted
finding control points in Right_Cerebral_White_Matter....
found 39478 control points for structure...
bounding box (55, 74, 33) --> (127, 183, 198)
Right_Cerebral_White_Matter: limiting intensities to 88.0 --> 132.0
16 of 7478 (0.2%) samples deleted
finding control points in Left_Cerebellum_White_Matter....
found 3105 control points for structure...
bounding box (127, 144, 55) --> (178, 184, 110)
Left_Cerebellum_White_Matter: limiting intensities to 88.0 --> 132.0
133 of 470 (28.3%) samples deleted
finding control points in Right_Cerebellum_White_Matter....
found 2710 control points for structure...
bounding box (83, 144, 49) --> (129, 185, 106)
Right_Cerebellum_White_Matter: limiting intensities to 88.0 --> 132.0
116 of 426 (27.2%) samples deleted
finding control points in Brain_Stem....
found 3475 control points for structure...
bounding box (105, 142, 86) --> (141, 202, 121)
Brain_Stem: limiting intensities to 88.0 --> 132.0
350 of 747 (46.9%) samples deleted
using 16214 total control points for intensity normalization...
bias field = 1.041 +- 0.053
9 of 15387 control points discarded
writing normalized volume to norm.mgz...
writing control points to ctrl_pts.mgz
freeing GCA...done.
normalization took 0 minutes and 52 seconds.
#--------------------------------------
#@# CA Reg Mon Mar  9 08:54:17 CET 2026
/out/sourcedata/freesurfer/sub-v1s20x0050337_ses-1/mri

 mri_ca_register -nobigventricles -T transforms/talairach.lta -align-after -mask brainmask.mgz norm.mgz /opt/freesurfer/average/RB_all_2020-01-02.gca transforms/talairach.m3z 

not handling expanded ventricles...
using previously computed transform transforms/talairach.lta
renormalizing sequences with structure alignment, equivalent to:
	-renormalize
	-regularize_mean 0.500
	-regularize 0.500
using MR volume brainmask.mgz to mask input volume...

== Number of threads available to mri_ca_register for OpenMP = 16 == 
reading 1 input volumes...
logging results to talairach.log
reading input volume 'norm.mgz'...
reading GCA '/opt/freesurfer/average/RB_all_2020-01-02.gca'...
label assignment complete, 0 changed (0.00%)
freeing gibbs priors...done.
average std[0] = 5.0
Starting GCAMregister()
label assignment complete, 0 changed (0.00%)
npasses = 1, nlevels = 6
#pass# 1 of 1 ************************
enabling zero nodes
setting smoothness cost coefficient to 0.156

#GCAMreg# pass 0 level1 5 level2 0 tsec 0 sigma 2
l_jacobian=1.00 l_label=1.00 l_log_likelihood=0.20 l_smoothness=0.16 
tol=2.50e-01, dt=5.00e-02, exp_k=20.0, momentum=0.90, levels=6, niter=500, lbl_dist=10.00, avgs=256, sigma=2.0,type=2, relabel=0, neg=no

blurring input image with Gaussian with sigma=2.000...
GCAMRegisterLevel(): init RMS 0.805406
#FOTS# QuadFit found better minimum quadopt=(dt=241.929,rms=0.740133) vs oldopt=(dt=369.92,rms=0.752374)
#GCMRL#    0 dt 241.929220 rms  0.740  8.104% neg 0  invalid 762 tFOTS 2.5600 tGradient 2.3200 tsec 5.1580
#FOTS# QuadFit found better minimum quadopt=(dt=196.95,rms=0.726298) vs oldopt=(dt=92.48,rms=0.73058)
#GCMRL#    1 dt 196.950276 rms  0.726  1.869% neg 0  invalid 762 tFOTS 2.8020 tGradient 2.2960 tsec 5.3290
#FOTS# QuadFit found better minimum quadopt=(dt=298.945,rms=0.714778) vs oldopt=(dt=369.92,rms=0.715338)
#GCMRL#    2 dt 298.945014 rms  0.715  1.586% neg 0  invalid 762 tFOTS 2.7470 tGradient 2.3010 tsec 5.2820
#FOTS# QuadFit found better minimum quadopt=(dt=138.884,rms=0.709197) vs oldopt=(dt=92.48,rms=0.71006)
#GCMRL#    3 dt 138.884354 rms  0.709  0.781% neg 0  invalid 762 tFOTS 2.7180 tGradient 2.1440 tsec 5.0840
#FOTS# QuadFit found better minimum quadopt=(dt=517.888,rms=0.700775) vs oldopt=(dt=369.92,rms=0.702365)
#GCMRL#    4 dt 517.888000 rms  0.701  1.188% neg 0  invalid 762 tFOTS 2.7340 tGradient 2.1840 tsec 5.1420
#FOTS# QuadFit found better minimum quadopt=(dt=129.472,rms=0.698169) vs oldopt=(dt=92.48,rms=0.698486)
#GCMRL#    5 dt 129.472000 rms  0.698  0.372% neg 0  invalid 762 tFOTS 2.9120 tGradient 2.1820 tsec 5.2970
#FOTS# QuadFit found better minimum quadopt=(dt=1183.74,rms=0.692549) vs oldopt=(dt=1479.68,rms=0.693261)
#GCMRL#    6 dt 1183.744000 rms  0.693  0.805% neg 0  invalid 762 tFOTS 2.6850 tGradient 2.2030 tsec 5.1200
#FOTS# QuadFit found better minimum quadopt=(dt=110.976,rms=0.688644) vs oldopt=(dt=92.48,rms=0.688763)
#GCMRL#    7 dt 110.976000 rms  0.689  0.564% neg 0  invalid 762 tFOTS 2.8680 tGradient 2.2400 tsec 5.3350
#FOTS# QuadFit found better minimum quadopt=(dt=2071.55,rms=0.683954) vs oldopt=(dt=1479.68,rms=0.684845)
#GCMRL#    8 dt 2071.552000 rms  0.684  0.681% neg 0  invalid 762 tFOTS 2.8850 tGradient 2.1360 tsec 5.2420
#FOTS# QuadFit found better minimum quadopt=(dt=129.472,rms=0.682914) vs oldopt=(dt=92.48,rms=0.683098)
#GCMRL#    9 dt 129.472000 rms  0.683  0.000% neg 0  invalid 762 tFOTS 2.6910 tGradient 2.3040 tsec 5.2530
#GCMRL#   10 dt 129.472000 rms  0.683  0.045% neg 0  invalid 762 tFOTS 0.0000 tGradient 2.1870 tsec 2.3800
#GCMRL#   11 dt 129.472000 rms  0.682  0.079% neg 0  invalid 762 tFOTS 0.0000 tGradient 2.2580 tsec 2.4490
#GCMRL#   12 dt 129.472000 rms  0.681  0.096% neg 0  invalid 762 tFOTS 0.0000 tGradient 2.2690 tsec 2.4620
#GCMRL#   13 dt 129.472000 rms  0.681  0.122% neg 0  invalid 762 tFOTS 0.0000 tGradient 2.3020 tsec 2.4950
#GCMRL#   14 dt 129.472000 rms  0.680  0.135% neg 0  invalid 762 tFOTS 0.0000 tGradient 2.2250 tsec 2.4170
#GCMRL#   15 dt 129.472000 rms  0.679  0.131% neg 0  invalid 762 tFOTS 0.0000 tGradient 2.2160 tsec 2.4150
#GCMRL#   16 dt 129.472000 rms  0.678  0.115% neg 0  invalid 762 tFOTS 0.0000 tGradient 2.2930 tsec 2.4930
#GCMRL#   17 dt 129.472000 rms  0.677  0.114% neg 0  invalid 762 tFOTS 0.0000 tGradient 2.2610 tsec 2.4690
#FOTS# QuadFit found better minimum quadopt=(dt=517.888,rms=0.676875) vs oldopt=(dt=369.92,rms=0.676932)
#GCMRL#   18 dt 517.888000 rms  0.677  0.000% neg 0  invalid 762 tFOTS 2.9070 tGradient 2.1710 tsec 5.3040

#GCAMreg# pass 0 level1 5 level2 1 tsec 87.411 sigma 0.5
l_jacobian=1.00 l_label=1.00 l_log_likelihood=0.20 l_smoothness=0.16 
tol=2.50e-01, dt=5.00e-02, exp_k=20.0, momentum=0.90, levels=6, niter=500, lbl_dist=10.00, avgs=256, sigma=0.5,type=2, relabel=0, neg=no

blurring input image with Gaussian with sigma=0.500...
GCAMRegisterLevel(): init RMS 0.677253
#FOTS# QuadFit found better minimum quadopt=(dt=295.936,rms=0.67602) vs oldopt=(dt=369.92,rms=0.676112)
#GCMRL#   20 dt 295.936000 rms  0.676  0.182% neg 0  invalid 762 tFOTS 2.7630 tGradient 2.1510 tsec 5.1270
#FOTS# QuadFit found better minimum quadopt=(dt=129.472,rms=0.67581) vs oldopt=(dt=92.48,rms=0.675848)
#GCMRL#   21 dt 129.472000 rms  0.676  0.000% neg 0  invalid 762 tFOTS 2.8930 tGradient 2.2730 tsec 5.4140
#GCMRL#   22 dt 129.472000 rms  0.676  0.015% neg 0  invalid 762 tFOTS 0.0000 tGradient 2.3120 tsec 2.5170
#GCMRL#   23 dt 129.472000 rms  0.676  0.019% neg 0  invalid 762 tFOTS 0.0000 tGradient 2.1140 tsec 2.3160
#GCMRL#   24 dt 129.472000 rms  0.675  0.027% neg 0  invalid 762 tFOTS 0.0000 tGradient 2.1010 tsec 2.3010
#GCMRL#   25 dt 129.472000 rms  0.675  0.034% neg 0  invalid 762 tFOTS 0.0000 tGradient 2.1900 tsec 2.3850
#GCMRL#   26 dt 129.472000 rms  0.675  0.043% neg 0  invalid 762 tFOTS 0.0000 tGradient 2.1840 tsec 2.3860
#GCMRL#   27 dt 129.472000 rms  0.675  0.045% neg 0  invalid 762 tFOTS 0.0000 tGradient 2.1750 tsec 2.3740
#GCMRL#   28 dt 129.472000 rms  0.674  0.051% neg 0  invalid 762 tFOTS 0.0000 tGradient 2.1800 tsec 2.3760
#GCMRL#   29 dt 129.472000 rms  0.674  0.058% neg 0  invalid 762 tFOTS 0.0000 tGradient 2.1680 tsec 2.3620
#GCMRL#   30 dt 129.472000 rms  0.673  0.060% neg 0  invalid 762 tFOTS 0.0000 tGradient 2.0810 tsec 2.2780
#GCMRL#   31 dt 129.472000 rms  0.673  0.059% neg 0  invalid 762 tFOTS 0.0000 tGradient 2.0170 tsec 2.2150
#GCMRL#   32 dt 129.472000 rms  0.673  0.062% neg 0  invalid 762 tFOTS 0.0000 tGradient 2.0390 tsec 2.2330
setting smoothness cost coefficient to 0.615

#GCAMreg# pass 0 level1 4 level2 0 tsec 0 sigma 2
l_jacobian=1.00 l_label=1.00 l_log_likelihood=0.20 l_smoothness=0.62 
tol=2.50e-01, dt=5.00e-02, exp_k=20.0, momentum=0.90, levels=6, niter=500, lbl_dist=10.00, avgs=64, sigma=2.0,type=2, relabel=0, neg=no

blurring input image with Gaussian with sigma=2.000...
GCAMRegisterLevel(): init RMS 0.681964
#FOTS# QuadFit found better minimum quadopt=(dt=36.288,rms=0.680227) vs oldopt=(dt=25.92,rms=0.680512)
#GCMRL#   34 dt  36.288000 rms  0.680  0.255% neg 0  invalid 762 tFOTS 2.7810 tGradient 1.5260 tsec 4.5360
#FOTS# QuadFit found better minimum quadopt=(dt=87.1325,rms=0.678758) vs oldopt=(dt=103.68,rms=0.678812)
#GCMRL#   35 dt  87.132530 rms  0.679  0.000% neg 0  invalid 762 tFOTS 2.9220 tGradient 1.5520 tsec 4.6970
#GCMRL#   36 dt  87.132530 rms  0.676  0.472% neg 0  invalid 762 tFOTS 0.0000 tGradient 1.5850 tsec 1.7760
#GCMRL#   37 dt  87.132530 rms  0.671  0.615% neg 0  invalid 762 tFOTS 0.0000 tGradient 1.6020 tsec 1.8060
#GCMRL#   38 dt  87.132530 rms  0.668  0.575% neg 0  invalid 762 tFOTS 0.0000 tGradient 1.6330 tsec 1.8300
#GCMRL#   39 dt  87.132530 rms  0.664  0.566% neg 0  invalid 762 tFOTS 0.0000 tGradient 1.6400 tsec 1.8380
#GCMRL#   40 dt  87.132530 rms  0.660  0.598% neg 0  invalid 762 tFOTS 0.0000 tGradient 1.7050 tsec 1.9030
#GCMRL#   41 dt  87.132530 rms  0.656  0.538% neg 0  invalid 762 tFOTS 0.0000 tGradient 1.6650 tsec 1.8620
#GCMRL#   42 dt  87.132530 rms  0.654  0.368% neg 0  invalid 762 tFOTS 0.0000 tGradient 1.6560 tsec 1.8520
#GCMRL#   43 dt  87.132530 rms  0.653  0.171% neg 0  invalid 762 tFOTS 0.0000 tGradient 1.6140 tsec 1.8080
#GCMRL#   44 dt  87.132530 rms  0.653  0.007% neg 0  invalid 762 tFOTS 0.0000 tGradient 1.6610 tsec 1.8550
#GCMRL#   45 dt  87.132530 rms  0.653 -0.030% neg 0  invalid 762 tFOTS 0.0000 tGradient 1.7120 tsec 2.0680
#FOTS# QuadFit found better minimum quadopt=(dt=145.152,rms=0.652278) vs oldopt=(dt=103.68,rms=0.652332)
#GCMRL#   46 dt 145.152000 rms  0.652  0.059% neg 0  invalid 762 tFOTS 2.7610 tGradient 1.7900 tsec 4.7690

#GCAMreg# pass 0 level1 4 level2 1 tsec 45.225 sigma 0.5
l_jacobian=1.00 l_label=1.00 l_log_likelihood=0.20 l_smoothness=0.62 
tol=2.50e-01, dt=5.00e-02, exp_k=20.0, momentum=0.90, levels=6, niter=500, lbl_dist=10.00, avgs=64, sigma=0.5,type=2, relabel=0, neg=no

blurring input image with Gaussian with sigma=0.500...
GCAMRegisterLevel(): init RMS 0.652839
#FOTS# QuadFit found better minimum quadopt=(dt=0.0012207,rms=0.652284) vs oldopt=(dt=0.00158203,rms=0.652284)
#GCMRL#   48 dt   0.001221 rms  0.652  0.085% neg 0  invalid 762 tFOTS 3.7750 tGradient 1.6520 tsec 5.6390
setting smoothness cost coefficient to 2.353

#GCAMreg# pass 0 level1 3 level2 0 tsec 0 sigma 2
l_jacobian=1.00 l_label=1.00 l_log_likelihood=0.20 l_smoothness=2.35 
tol=2.50e-01, dt=5.00e-02, exp_k=20.0, momentum=0.90, levels=6, niter=500, lbl_dist=10.00, avgs=16, sigma=2.0,type=2, relabel=0, neg=no

blurring input image with Gaussian with sigma=2.000...
GCAMRegisterLevel(): init RMS 0.685507
#FOTS# QuadFit found better minimum quadopt=(dt=2.8,rms=0.684277) vs oldopt=(dt=2,rms=0.684315)
#GCMRL#   50 dt   2.800000 rms  0.684  0.179% neg 0  invalid 762 tFOTS 2.3660 tGradient 1.4050 tsec 3.9840
#FOTS# QuadFit found better minimum quadopt=(dt=0.04375,rms=0.684278) vs oldopt=(dt=0.03125,rms=0.684278)

#GCAMreg# pass 0 level1 3 level2 1 tsec 15.871 sigma 0.5
l_jacobian=1.00 l_label=1.00 l_log_likelihood=0.20 l_smoothness=2.35 
tol=2.50e-01, dt=5.00e-02, exp_k=20.0, momentum=0.90, levels=6, niter=500, lbl_dist=10.00, avgs=16, sigma=0.5,type=2, relabel=0, neg=no

blurring input image with Gaussian with sigma=0.500...
GCAMRegisterLevel(): init RMS 0.684802
#GCMRL#   52 dt   0.125000 rms  0.684  0.077% neg 0  invalid 762 tFOTS 2.4760 tGradient 1.3660 tsec 4.0650
#GCMRL#   53 dt   0.007812 rms  0.684  0.000% neg 0  invalid 762 tFOTS 2.5020 tGradient 1.4070 tsec 4.1410
setting smoothness cost coefficient to 8.000

#GCAMreg# pass 0 level1 2 level2 0 tsec 0 sigma 2
l_jacobian=1.00 l_label=1.00 l_log_likelihood=0.20 l_smoothness=8.00 
tol=2.50e-01, dt=5.00e-02, exp_k=20.0, momentum=0.90, levels=6, niter=500, lbl_dist=10.00, avgs=4, sigma=2.0,type=2, relabel=0, neg=no

blurring input image with Gaussian with sigma=2.000...
GCAMRegisterLevel(): init RMS 0.767297
#FOTS# QuadFit found better minimum quadopt=(dt=2.62617,rms=0.738568) vs oldopt=(dt=2.88,rms=0.738848)
#GCMRL#   55 dt   2.626168 rms  0.739  3.744% neg 0  invalid 762 tFOTS 2.5080 tGradient 1.2350 tsec 3.9570
#FOTS# QuadFit found better minimum quadopt=(dt=1.89451,rms=0.735079) vs oldopt=(dt=2.88,rms=0.735962)
#GCMRL#   56 dt   1.894515 rms  0.735  0.472% neg 0  invalid 762 tFOTS 2.5740 tGradient 1.2690 tsec 4.0560
#FOTS# QuadFit found better minimum quadopt=(dt=1.125,rms=0.734597) vs oldopt=(dt=0.72,rms=0.734669)
#GCMRL#   57 dt   1.125000 rms  0.735  0.000% neg 0  invalid 762 tFOTS 2.5230 tGradient 1.1910 tsec 3.9430

#GCAMreg# pass 0 level1 2 level2 1 tsec 21.325 sigma 0.5
l_jacobian=1.00 l_label=1.00 l_log_likelihood=0.20 l_smoothness=8.00 
tol=2.50e-01, dt=5.00e-02, exp_k=20.0, momentum=0.90, levels=6, niter=500, lbl_dist=10.00, avgs=4, sigma=0.5,type=2, relabel=0, neg=no

blurring input image with Gaussian with sigma=0.500...
GCAMRegisterLevel(): init RMS 0.735049
#GCMRL#   59 dt   0.000000 rms  0.735  0.062% neg 0  invalid 762 tFOTS 2.3560 tGradient 1.2060 tsec 3.7780
setting smoothness cost coefficient to 20.000

#GCAMreg# pass 0 level1 1 level2 0 tsec 0 sigma 2
l_jacobian=1.00 l_label=1.00 l_log_likelihood=0.20 l_smoothness=20.00 
tol=2.50e-01, dt=5.00e-02, exp_k=20.0, momentum=0.90, levels=6, niter=500, lbl_dist=10.00, avgs=1, sigma=2.0,type=2, relabel=0, neg=no

blurring input image with Gaussian with sigma=2.000...
GCAMRegisterLevel(): init RMS 0.793268
#FOTS# QuadFit found better minimum quadopt=(dt=0.448,rms=0.79052) vs oldopt=(dt=0.32,rms=0.790798)
#GCMRL#   61 dt   0.448000 rms  0.791  0.346% neg 0  invalid 762 tFOTS 2.5640 tGradient 1.0090 tsec 3.7800
#FOTS# QuadFit found better minimum quadopt=(dt=0.850168,rms=0.783495) vs oldopt=(dt=1.28,rms=0.784941)
#GCMRL#   62 dt   0.850168 rms  0.783  0.889% neg 0  invalid 762 tFOTS 2.5630 tGradient 1.0230 tsec 3.8000
#FOTS# QuadFit found better minimum quadopt=(dt=0.192,rms=0.781749) vs oldopt=(dt=0.32,rms=0.782141)
#GCMRL#   63 dt   0.192000 rms  0.782  0.000% neg 0  invalid 762 tFOTS 2.4990 tGradient 1.0270 tsec 3.7450
#GCMRL#   64 dt   0.192000 rms  0.781  0.073% neg 0  invalid 762 tFOTS 0.0000 tGradient 1.0400 tsec 1.2280
#GCMRL#   65 dt   0.192000 rms  0.781  0.070% neg 0  invalid 762 tFOTS 0.0000 tGradient 1.0170 tsec 1.2130
#GCMRL#   66 dt   0.192000 rms  0.779  0.233% neg 0  invalid 762 tFOTS 0.0000 tGradient 1.0720 tsec 1.2720
#GCMRL#   67 dt   0.192000 rms  0.776  0.364% neg 0  invalid 762 tFOTS 0.0000 tGradient 1.0410 tsec 1.2420
#GCMRL#   68 dt   0.192000 rms  0.774  0.272% neg 0  invalid 762 tFOTS 0.0000 tGradient 1.0160 tsec 1.2130
#GCMRL#   69 dt   0.192000 rms  0.773  0.121% neg 0  invalid 762 tFOTS 0.0000 tGradient 1.1190 tsec 1.3190
#GCMRL#   70 dt   0.192000 rms  0.773 -0.024% neg 0  invalid 762 tFOTS 0.0000 tGradient 1.0860 tsec 1.4340
#GCMRL#   71 dt   0.080000 rms  0.773  0.005% neg 0  invalid 762 tFOTS 2.5750 tGradient 1.0370 tsec 3.8250
#FOTS# QuadFit found better minimum quadopt=(dt=0.112,rms=0.77285) vs oldopt=(dt=0.08,rms=0.772862)
#GCMRL#   72 dt   0.112000 rms  0.773  0.008% neg 0  invalid 762 tFOTS 2.5260 tGradient 1.0490 tsec 3.7920
#FOTS# QuadFit found better minimum quadopt=(dt=1.024,rms=0.772307) vs oldopt=(dt=1.28,rms=0.772377)
#GCMRL#   73 dt   1.024000 rms  0.772  0.070% neg 0  invalid 762 tFOTS 2.6160 tGradient 1.0290 tsec 3.8660
#FOTS# QuadFit found better minimum quadopt=(dt=0.448,rms=0.770517) vs oldopt=(dt=0.32,rms=0.770789)
#GCMRL#   74 dt   0.448000 rms  0.771  0.232% neg 0  invalid 762 tFOTS 2.6040 tGradient 0.9950 tsec 3.8290
#FOTS# QuadFit found better minimum quadopt=(dt=0.00175,rms=0.770514) vs oldopt=(dt=0.00125,rms=0.770514)

#GCAMreg# pass 0 level1 1 level2 1 tsec 47.44 sigma 0.5
l_jacobian=1.00 l_label=1.00 l_log_likelihood=0.20 l_smoothness=20.00 
tol=2.50e-01, dt=5.00e-02, exp_k=20.0, momentum=0.90, levels=6, niter=500, lbl_dist=10.00, avgs=1, sigma=0.5,type=2, relabel=0, neg=no

blurring input image with Gaussian with sigma=0.500...
GCAMRegisterLevel(): init RMS 0.77093
#FOTS# QuadFit found better minimum quadopt=(dt=0.064,rms=0.770484) vs oldopt=(dt=0.08,rms=0.770489)
#GCMRL#   76 dt   0.064000 rms  0.770  0.058% neg 0  invalid 762 tFOTS 2.6070 tGradient 1.0510 tsec 3.8680
#FOTS# QuadFit found better minimum quadopt=(dt=0.007,rms=0.770484) vs oldopt=(dt=0.005,rms=0.770484)
#GCMRL#   77 dt   0.007000 rms  0.770  0.000% neg 0  invalid 762 tFOTS 2.6180 tGradient 1.0610 tsec 3.9150
#GCMRL#   78 dt   0.007000 rms  0.770  0.000% neg 0  invalid 762 tFOTS 0.0000 tGradient 1.0990 tsec 1.3010
resetting metric properties...
setting smoothness cost coefficient to 40.000

#GCAMreg# pass 0 level1 0 level2 0 tsec 0 sigma 2
l_jacobian=1.00 l_label=1.00 l_log_likelihood=0.20 l_smoothness=40.00 
tol=2.50e-01, dt=5.00e-02, exp_k=20.0, momentum=0.90, levels=6, niter=500, lbl_dist=10.00, avgs=0, sigma=2.0,type=2, relabel=0, neg=no

blurring input image with Gaussian with sigma=2.000...
GCAMRegisterLevel(): init RMS 0.735591
#FOTS# QuadFit found better minimum quadopt=(dt=0.201987,rms=0.731067) vs oldopt=(dt=0.32,rms=0.732128)
#GCMRL#   80 dt   0.201987 rms  0.731  0.615% neg 0  invalid 762 tFOTS 2.6100 tGradient 0.6850 tsec 3.5140
#GCMRL#   81 dt   0.020000 rms  0.731  0.000% neg 0  invalid 762 tFOTS 2.5750 tGradient 0.6520 tsec 3.4580

#GCAMreg# pass 0 level1 0 level2 1 tsec 15.658 sigma 0.5
l_jacobian=1.00 l_label=1.00 l_log_likelihood=0.20 l_smoothness=40.00 
tol=2.50e-01, dt=5.00e-02, exp_k=20.0, momentum=0.90, levels=6, niter=500, lbl_dist=10.00, avgs=0, sigma=0.5,type=2, relabel=0, neg=no

blurring input image with Gaussian with sigma=0.500...
GCAMRegisterLevel(): init RMS 0.7313
#FOTS# QuadFit found better minimum quadopt=(dt=0.007,rms=0.730822) vs oldopt=(dt=0.005,rms=0.730827)
#GCMRL#   83 dt   0.007000 rms  0.731  0.065% neg 0  invalid 762 tFOTS 2.6070 tGradient 0.6470 tsec 3.4680
#FOTS# QuadFit found better minimum quadopt=(dt=0.00175,rms=0.730828) vs oldopt=(dt=0.00125,rms=0.730828)
GCAMregister done in 5.37942 min
Starting GCAmapRenormalizeWithAlignment() without scales
renormalizing by structure alignment....
renormalizing input #0
gca peak = 0.10253 (16)
mri peak = 0.06413 (18)
Left_Lateral_Ventricle (4): linear fit = 1.15 x + 0.0 (935 voxels, overlap=0.734)
Left_Lateral_Ventricle (4): linear fit = 1.15 x + 0.0 (935 voxels, peak = 18), gca=18.5
gca peak = 0.17690 (16)
mri peak = 0.09227 (20)
Right_Lateral_Ventricle (43): linear fit = 1.27 x + 0.0 (1092 voxels, overlap=0.582)
Right_Lateral_Ventricle (43): linear fit = 1.27 x + 0.0 (1092 voxels, peak = 20), gca=20.4
gca peak = 0.28275 (96)
mri peak = 0.08188 (92)
Right_Pallidum (52): linear fit = 0.94 x + 0.0 (1068 voxels, overlap=1.000)
Right_Pallidum (52): linear fit = 0.94 x + 0.0 (1068 voxels, peak = 91), gca=90.7
gca peak = 0.18948 (93)
mri peak = 0.05905 (92)
Left_Pallidum (13): linear fit = 0.95 x + 0.0 (898 voxels, overlap=0.850)
Left_Pallidum (13): linear fit = 0.95 x + 0.0 (898 voxels, peak = 89), gca=88.8
gca peak = 0.20755 (55)
mri peak = 0.09898 (63)
Right_Hippocampus (53): linear fit = 1.10 x + 0.0 (1112 voxels, overlap=0.557)
Right_Hippocampus (53): linear fit = 1.10 x + 0.0 (1112 voxels, peak = 60), gca=60.2
gca peak = 0.31831 (58)
mri peak = 0.10397 (64)
Left_Hippocampus (17): linear fit = 1.12 x + 0.0 (1117 voxels, overlap=0.304)
Left_Hippocampus (17): linear fit = 1.12 x + 0.0 (1117 voxels, peak = 65), gca=64.7
gca peak = 0.11957 (102)
mri peak = 0.10633 (103)
Right_Cerebral_White_Matter (41): linear fit = 1.02 x + 0.0 (71710 voxels, overlap=0.772)
Right_Cerebral_White_Matter (41): linear fit = 1.02 x + 0.0 (71710 voxels, peak = 105), gca=104.5
gca peak = 0.11429 (102)
mri peak = 0.11052 (104)
Left_Cerebral_White_Matter (2): linear fit = 1.01 x + 0.0 (74166 voxels, overlap=0.785)
Left_Cerebral_White_Matter (2): linear fit = 1.01 x + 0.0 (74166 voxels, peak = 104), gca=103.5
gca peak = 0.14521 (59)
mri peak = 0.04249 (61)
Left_Cerebral_Cortex (3): linear fit = 1.08 x + 0.0 (34588 voxels, overlap=0.850)
Left_Cerebral_Cortex (3): linear fit = 1.08 x + 0.0 (34588 voxels, peak = 63), gca=63.4
gca peak = 0.14336 (58)
mri peak = 0.04463 (62)
Right_Cerebral_Cortex (42): linear fit = 1.10 x + 0.0 (32980 voxels, overlap=0.869)
Right_Cerebral_Cortex (42): linear fit = 1.10 x + 0.0 (32980 voxels, peak = 64), gca=63.5
gca peak = 0.13305 (70)
mri peak = 0.10703 (72)
Right_Caudate (50): linear fit = 1.01 x + 0.0 (997 voxels, overlap=0.863)
Right_Caudate (50): linear fit = 1.01 x + 0.0 (997 voxels, peak = 71), gca=71.0
gca peak = 0.15761 (71)
mri peak = 0.08722 (72)
Left_Caudate (11): linear fit = 1.00 x + 0.0 (1150 voxels, overlap=0.987)
Left_Caudate (11): linear fit = 1.00 x + 0.0 (1150 voxels, peak = 71), gca=71.0
gca peak = 0.13537 (57)
mri peak = 0.05298 (63)
Left_Cerebellum_Cortex (8): linear fit = 1.09 x + 0.0 (23742 voxels, overlap=0.797)
Left_Cerebellum_Cortex (8): linear fit = 1.09 x + 0.0 (23742 voxels, peak = 62), gca=61.8
gca peak = 0.13487 (56)
mri peak = 0.04266 (64)
Right_Cerebellum_Cortex (47): linear fit = 1.04 x + 0.0 (27492 voxels, overlap=0.947)
Right_Cerebellum_Cortex (47): linear fit = 1.04 x + 0.0 (27492 voxels, peak = 59), gca=58.5
gca peak = 0.19040 (84)
mri peak = 0.06181 (89)
Left_Cerebellum_White_Matter (7): linear fit = 1.07 x + 0.0 (11225 voxels, overlap=0.671)
Left_Cerebellum_White_Matter (7): linear fit = 1.07 x + 0.0 (11225 voxels, peak = 89), gca=89.5
gca peak = 0.18871 (83)
mri peak = 0.07749 (87)
Right_Cerebellum_White_Matter (46): linear fit = 1.05 x + 0.0 (9661 voxels, overlap=0.890)
Right_Cerebellum_White_Matter (46): linear fit = 1.05 x + 0.0 (9661 voxels, peak = 88), gca=87.6
gca peak = 0.24248 (57)
mri peak = 0.10782 (68)
Left_Amygdala (18): linear fit = 1.12 x + 0.0 (469 voxels, overlap=0.103)
Left_Amygdala (18): linear fit = 1.12 x + 0.0 (469 voxels, peak = 64), gca=64.1
gca peak = 0.35833 (56)
mri peak = 0.09318 (70)
Right_Amygdala (54): linear fit = 1.23 x + 0.0 (602 voxels, overlap=0.033)
Right_Amygdala (54): linear fit = 1.23 x + 0.0 (602 voxels, peak = 69), gca=68.6
gca peak = 0.12897 (85)
mri peak = 0.05243 (92)
Left_Thalamus (10): linear fit = 1.07 x + 0.0 (6058 voxels, overlap=0.751)
Left_Thalamus (10): linear fit = 1.07 x + 0.0 (6058 voxels, peak = 91), gca=90.5
gca peak = 0.13127 (83)
mri peak = 0.06098 (91)
Right_Thalamus (49): linear fit = 1.08 x + 0.0 (5150 voxels, overlap=0.883)
Right_Thalamus (49): linear fit = 1.08 x + 0.0 (5150 voxels, peak = 89), gca=89.2
gca peak = 0.12974 (78)
mri peak = 0.06328 (83)
Left_Putamen (12): linear fit = 1.04 x + 0.0 (2693 voxels, overlap=0.641)
Left_Putamen (12): linear fit = 1.04 x + 0.0 (2693 voxels, peak = 82), gca=81.5
gca peak = 0.17796 (79)
mri peak = 0.08437 (78)
Right_Putamen (51): linear fit = 0.98 x + 0.0 (2752 voxels, overlap=0.888)
Right_Putamen (51): linear fit = 0.98 x + 0.0 (2752 voxels, peak = 77), gca=77.0
gca peak = 0.10999 (80)
mri peak = 0.09495 (87)
Brain_Stem (16): linear fit = 1.10 x + 0.0 (12310 voxels, overlap=0.415)
Brain_Stem (16): linear fit = 1.10 x + 0.0 (12310 voxels, peak = 88), gca=87.6
gca peak = 0.13215 (88)
mri peak = 0.07085 (94)
Right_VentralDC (60): linear fit = 1.09 x + 0.0 (1598 voxels, overlap=0.632)
Right_VentralDC (60): linear fit = 1.09 x + 0.0 (1598 voxels, peak = 95), gca=95.5
gca peak = 0.11941 (89)
mri peak = 0.07379 (96)
Left_VentralDC (28): linear fit = 1.07 x + 0.0 (1689 voxels, overlap=0.659)
Left_VentralDC (28): linear fit = 1.07 x + 0.0 (1689 voxels, peak = 95), gca=94.8
gca peak = 0.20775 (25)
uniform distribution in MR - rejecting arbitrary fit
gca peak = 0.13297 (21)
mri peak = 0.12521 (17)
Fourth_Ventricle (15): linear fit = 0.87 x + 0.0 (436 voxels, overlap=0.378)
Fourth_Ventricle (15): linear fit = 0.87 x + 0.0 (436 voxels, peak = 18), gca=18.2
gca peak Unknown = 0.94777 ( 0)
gca peak Left_Inf_Lat_Vent = 0.19087 (28)
gca peak Third_Ventricle = 0.20775 (25)
gca peak CSF = 0.16821 (33)
gca peak Left_Accumbens_area = 0.32850 (63)
gca peak Left_undetermined = 0.98480 (28)
gca peak Left_vessel = 0.40887 (53)
gca peak Left_choroid_plexus = 0.10898 (46)
gca peak Right_Inf_Lat_Vent = 0.17798 (26)
gca peak Right_Accumbens_area = 0.30137 (64)
gca peak Right_vessel = 0.47828 (52)
gca peak Right_choroid_plexus = 0.11612 (45)
gca peak Fifth_Ventricle = 0.59466 (35)
gca peak WM_hypointensities = 0.10053 (78)
gca peak non_WM_hypointensities = 0.07253 (60)
gca peak Optic_Chiasm = 0.25330 (73)
not using caudate to estimate GM means
estimating mean gm scale to be 1.12 x + 0.0
estimating mean wm scale to be 1.02 x + 0.0
estimating mean csf scale to be 1.10 x + 0.0
saving intensity scales to talairach.label_intensities.txt
GCAmapRenormalizeWithAlignment() took 2.12125 min
noneg pre
Starting GCAMregister()
label assignment complete, 0 changed (0.00%)
npasses = 1, nlevels = 6
#pass# 1 of 1 ************************
enabling zero nodes
setting smoothness cost coefficient to 0.008

#GCAMreg# pass 0 level1 5 level2 0 tsec 0 sigma 2
l_jacobian=1.00 l_label=1.00 l_log_likelihood=0.20 l_smoothness=0.01 
tol=5.00e-02, dt=5.00e-02, exp_k=20.0, momentum=0.90, levels=6, niter=500, lbl_dist=10.00, avgs=256, sigma=2.0,type=2, relabel=0, neg=no

blurring input image with Gaussian with sigma=2.000...
GCAMRegisterLevel(): init RMS 0.730894
#FOTS# QuadFit found better minimum quadopt=(dt=221.952,rms=0.702591) vs oldopt=(dt=369.92,rms=0.707974)
#GCMRL#   85 dt 221.952000 rms  0.703  3.872% neg 0  invalid 762 tFOTS 2.7140 tGradient 1.9870 tsec 4.9220
#FOTS# QuadFit found better minimum quadopt=(dt=295.936,rms=0.693989) vs oldopt=(dt=369.92,rms=0.694815)
#GCMRL#   86 dt 295.936000 rms  0.694  1.224% neg 0  invalid 762 tFOTS 2.5810 tGradient 1.8440 tsec 4.6530
#FOTS# QuadFit found better minimum quadopt=(dt=165.477,rms=0.687468) vs oldopt=(dt=92.48,rms=0.688936)
#GCMRL#   87 dt 165.477477 rms  0.687  0.940% neg 0  invalid 762 tFOTS 2.7540 tGradient 1.9290 tsec 4.9010
#FOTS# QuadFit found better minimum quadopt=(dt=295.936,rms=0.683863) vs oldopt=(dt=369.92,rms=0.684124)
#GCMRL#   88 dt 295.936000 rms  0.684  0.524% neg 0  invalid 762 tFOTS 2.5830 tGradient 1.8810 tsec 4.6830
#FOTS# QuadFit found better minimum quadopt=(dt=141.151,rms=0.680519) vs oldopt=(dt=92.48,rms=0.681104)
#GCMRL#   89 dt 141.150685 rms  0.681  0.489% neg 0  invalid 762 tFOTS 2.7110 tGradient 2.0900 tsec 5.0170
#FOTS# QuadFit found better minimum quadopt=(dt=443.904,rms=0.677801) vs oldopt=(dt=369.92,rms=0.677898)
#GCMRL#   90 dt 443.904000 rms  0.678  0.399% neg 0  invalid 762 tFOTS 2.7380 tGradient 1.8730 tsec 4.8340
#FOTS# QuadFit found better minimum quadopt=(dt=129.472,rms=0.675192) vs oldopt=(dt=92.48,rms=0.675536)
#GCMRL#   91 dt 129.472000 rms  0.675  0.385% neg 0  invalid 762 tFOTS 2.8950 tGradient 1.9640 tsec 5.0850
#FOTS# QuadFit found better minimum quadopt=(dt=517.888,rms=0.673054) vs oldopt=(dt=369.92,rms=0.673376)
#GCMRL#   92 dt 517.888000 rms  0.673  0.317% neg 0  invalid 762 tFOTS 2.7100 tGradient 1.8510 tsec 4.7810
#FOTS# QuadFit found better minimum quadopt=(dt=129.472,rms=0.671195) vs oldopt=(dt=92.48,rms=0.671446)
#GCMRL#   93 dt 129.472000 rms  0.671  0.276% neg 0  invalid 762 tFOTS 2.7460 tGradient 2.1020 tsec 5.0680
#FOTS# QuadFit found better minimum quadopt=(dt=517.888,rms=0.669964) vs oldopt=(dt=369.92,rms=0.670098)
#GCMRL#   94 dt 517.888000 rms  0.670  0.183% neg 0  invalid 762 tFOTS 2.7310 tGradient 1.8730 tsec 4.8190
#FOTS# QuadFit found better minimum quadopt=(dt=129.472,rms=0.668488) vs oldopt=(dt=92.48,rms=0.66867)
#GCMRL#   95 dt 129.472000 rms  0.668  0.220% neg 0  invalid 762 tFOTS 2.6600 tGradient 1.9930 tsec 4.8670
#FOTS# QuadFit found better minimum quadopt=(dt=517.888,rms=0.667486) vs oldopt=(dt=369.92,rms=0.667574)
#GCMRL#   96 dt 517.888000 rms  0.667  0.150% neg 0  invalid 762 tFOTS 2.8510 tGradient 1.8350 tsec 4.9050
#FOTS# QuadFit found better minimum quadopt=(dt=129.472,rms=0.666271) vs oldopt=(dt=92.48,rms=0.666392)
#GCMRL#   97 dt 129.472000 rms  0.666  0.182% neg 0  invalid 762 tFOTS 2.7260 tGradient 1.9380 tsec 4.8860
#GCMRL#   98 dt 369.920000 rms  0.666  0.090% neg 0  invalid 762 tFOTS 2.9790 tGradient 1.8560 tsec 5.0560
#FOTS# QuadFit found better minimum quadopt=(dt=129.472,rms=0.664911) vs oldopt=(dt=92.48,rms=0.665024)
#GCMRL#   99 dt 129.472000 rms  0.665  0.114% neg 0  invalid 762 tFOTS 2.6880 tGradient 1.8880 tsec 4.7800
#FOTS# QuadFit found better minimum quadopt=(dt=517.888,rms=0.664068) vs oldopt=(dt=369.92,rms=0.664196)
#GCMRL#  100 dt 517.888000 rms  0.664  0.127% neg 0  invalid 762 tFOTS 2.8190 tGradient 1.8510 tsec 4.8960
#FOTS# QuadFit found better minimum quadopt=(dt=129.472,rms=0.66334) vs oldopt=(dt=92.48,rms=0.663426)
#GCMRL#  101 dt 129.472000 rms  0.663  0.110% neg 0  invalid 762 tFOTS 2.7340 tGradient 1.9050 tsec 4.8520
#FOTS# QuadFit found better minimum quadopt=(dt=443.904,rms=0.662753) vs oldopt=(dt=369.92,rms=0.662776)
#GCMRL#  102 dt 443.904000 rms  0.663  0.089% neg 0  invalid 762 tFOTS 2.7790 tGradient 1.8860 tsec 4.8740
#FOTS# QuadFit found better minimum quadopt=(dt=129.472,rms=0.662148) vs oldopt=(dt=92.48,rms=0.66222)
#GCMRL#  103 dt 129.472000 rms  0.662  0.091% neg 0  invalid 762 tFOTS 2.6450 tGradient 1.8260 tsec 4.6880
#FOTS# QuadFit found better minimum quadopt=(dt=443.904,rms=0.66165) vs oldopt=(dt=369.92,rms=0.661664)
#GCMRL#  104 dt 443.904000 rms  0.662  0.075% neg 0  invalid 762 tFOTS 2.7770 tGradient 1.8560 tsec 4.8370
#FOTS# QuadFit found better minimum quadopt=(dt=129.472,rms=0.661105) vs oldopt=(dt=92.48,rms=0.661168)
#GCMRL#  105 dt 129.472000 rms  0.661  0.082% neg 0  invalid 762 tFOTS 2.6300 tGradient 1.8530 tsec 4.6920
#FOTS# QuadFit found better minimum quadopt=(dt=443.904,rms=0.660605) vs oldopt=(dt=369.92,rms=0.66062)
#GCMRL#  106 dt 443.904000 rms  0.661  0.076% neg 0  invalid 762 tFOTS 2.7690 tGradient 1.9060 tsec 4.8850
#FOTS# QuadFit found better minimum quadopt=(dt=129.472,rms=0.660147) vs oldopt=(dt=92.48,rms=0.66019)
#GCMRL#  107 dt 129.472000 rms  0.660  0.069% neg 0  invalid 762 tFOTS 2.7860 tGradient 1.8770 tsec 4.8720
#FOTS# QuadFit found better minimum quadopt=(dt=443.904,rms=0.659734) vs oldopt=(dt=369.92,rms=0.659734)
#GCMRL#  108 dt 443.904000 rms  0.660  0.063% neg 0  invalid 762 tFOTS 2.9460 tGradient 1.9070 tsec 5.0640
#FOTS# QuadFit found better minimum quadopt=(dt=129.472,rms=0.659289) vs oldopt=(dt=92.48,rms=0.659325)
#GCMRL#  109 dt 129.472000 rms  0.659  0.067% neg 0  invalid 762 tFOTS 2.7630 tGradient 1.8700 tsec 4.8360
#GCMRL#  110 dt 369.920000 rms  0.659  0.054% neg 0  invalid 762 tFOTS 2.9020 tGradient 1.8910 tsec 4.9990
#FOTS# QuadFit found better minimum quadopt=(dt=129.472,rms=0.658603) vs oldopt=(dt=92.48,rms=0.658639)
#GCMRL#  111 dt 129.472000 rms  0.659  0.000% neg 0  invalid 762 tFOTS 2.7580 tGradient 1.8640 tsec 4.8420
#GCMRL#  112 dt 129.472000 rms  0.658  0.028% neg 0  invalid 762 tFOTS 0.0000 tGradient 1.8550 tsec 2.0480
#GCMRL#  113 dt 129.472000 rms  0.658  0.042% neg 0  invalid 762 tFOTS 0.0000 tGradient 1.8170 tsec 2.0120
#GCMRL#  114 dt 129.472000 rms  0.658  0.066% neg 0  invalid 762 tFOTS 0.0000 tGradient 1.8190 tsec 2.0150
#GCMRL#  115 dt 129.472000 rms  0.657  0.079% neg 0  invalid 762 tFOTS 0.0000 tGradient 1.8140 tsec 2.0110
#GCMRL#  116 dt 129.472000 rms  0.657  0.091% neg 0  invalid 762 tFOTS 0.0000 tGradient 1.8600 tsec 2.0550
#GCMRL#  117 dt 129.472000 rms  0.656  0.102% neg 0  invalid 762 tFOTS 0.0000 tGradient 2.3480 tsec 2.5790
#GCMRL#  118 dt 129.472000 rms  0.655  0.106% neg 0  invalid 762 tFOTS 0.0000 tGradient 1.8780 tsec 2.0720
#GCMRL#  119 dt 129.472000 rms  0.655  0.106% neg 0  invalid 762 tFOTS 0.0000 tGradient 1.8480 tsec 2.0400
#GCMRL#  120 dt 129.472000 rms  0.654  0.102% neg 0  invalid 762 tFOTS 0.0000 tGradient 1.8880 tsec 2.0860
#GCMRL#  121 dt 129.472000 rms  0.653  0.101% neg 0  invalid 762 tFOTS 0.0000 tGradient 1.9750 tsec 2.1640
#GCMRL#  122 dt 129.472000 rms  0.653  0.098% neg 0  invalid 762 tFOTS 0.0000 tGradient 1.9490 tsec 2.1450
#GCMRL#  123 dt 129.472000 rms  0.652  0.094% neg 0  invalid 762 tFOTS 0.0000 tGradient 1.9460 tsec 2.1380
#GCMRL#  124 dt 129.472000 rms  0.651  0.094% neg 0  invalid 762 tFOTS 0.0000 tGradient 2.0130 tsec 2.2120
#GCMRL#  125 dt 129.472000 rms  0.651  0.081% neg 0  invalid 762 tFOTS 0.0000 tGradient 1.9510 tsec 2.1440
#GCMRL#  126 dt 129.472000 rms  0.650  0.076% neg 0  invalid 762 tFOTS 0.0000 tGradient 1.9110 tsec 2.1050
#GCMRL#  127 dt 129.472000 rms  0.650  0.077% neg 0  invalid 762 tFOTS 0.0000 tGradient 1.8780 tsec 2.0840
#GCMRL#  128 dt 129.472000 rms  0.649  0.074% neg 0  invalid 762 tFOTS 0.0000 tGradient 1.9200 tsec 2.1200
#GCMRL#  129 dt 129.472000 rms  0.649  0.072% neg 0  invalid 762 tFOTS 0.0000 tGradient 1.8550 tsec 2.0420
#GCMRL#  130 dt 129.472000 rms  0.648  0.076% neg 0  invalid 762 tFOTS 0.0000 tGradient 1.8860 tsec 2.0810
#GCMRL#  131 dt 129.472000 rms  0.648  0.067% neg 0  invalid 762 tFOTS 0.0000 tGradient 1.8900 tsec 2.0860
#GCMRL#  132 dt 129.472000 rms  0.648  0.063% neg 0  invalid 762 tFOTS 0.0000 tGradient 1.8830 tsec 2.0730
#GCMRL#  133 dt 129.472000 rms  0.647  0.063% neg 0  invalid 762 tFOTS 0.0000 tGradient 1.8670 tsec 2.0640
#GCMRL#  134 dt 129.472000 rms  0.647  0.064% neg 0  invalid 762 tFOTS 0.0000 tGradient 1.8570 tsec 2.0490
#GCMRL#  135 dt 129.472000 rms  0.646  0.060% neg 0  invalid 762 tFOTS 0.0000 tGradient 1.8700 tsec 2.0710
#GCMRL#  136 dt 129.472000 rms  0.646  0.053% neg 0  invalid 762 tFOTS 0.0000 tGradient 1.8540 tsec 2.0490
#GCMRL#  137 dt 129.472000 rms  0.646  0.054% neg 0  invalid 762 tFOTS 0.0000 tGradient 1.9130 tsec 2.1040
#GCMRL#  138 dt 129.472000 rms  0.645  0.056% neg 0  invalid 762 tFOTS 0.0000 tGradient 1.8520 tsec 2.0480
#GCMRL#  139 dt 129.472000 rms  0.645  0.057% neg 0  invalid 762 tFOTS 0.0000 tGradient 1.8660 tsec 2.0580
#GCMRL#  140 dt 129.472000 rms  0.645  0.056% neg 0  invalid 762 tFOTS 0.0000 tGradient 1.8670 tsec 2.0570
#GCMRL#  141 dt 129.472000 rms  0.644  0.052% neg 0  invalid 762 tFOTS 0.0000 tGradient 1.8030 tsec 2.0000
#GCMRL#  142 dt 129.472000 rms  0.644  0.047% neg 0  invalid 762 tFOTS 0.0000 tGradient 1.8640 tsec 2.0550
#GCMRL#  143 dt 129.472000 rms  0.644  0.045% neg 0  invalid 762 tFOTS 0.0000 tGradient 1.8360 tsec 2.0290
#GCMRL#  144 dt 129.472000 rms  0.643  0.042% neg 0  invalid 762 tFOTS 0.0000 tGradient 1.8680 tsec 2.0590
#GCMRL#  145 dt 129.472000 rms  0.643  0.049% neg 0  invalid 762 tFOTS 0.0000 tGradient 1.9200 tsec 2.1200
#GCMRL#  146 dt 129.472000 rms  0.643  0.049% neg 0  invalid 762 tFOTS 0.0000 tGradient 1.9070 tsec 2.1020
#GCMRL#  147 dt 129.472000 rms  0.642  0.049% neg 0  invalid 762 tFOTS 0.0000 tGradient 1.8730 tsec 2.0640
#GCMRL#  148 dt 129.472000 rms  0.642  0.049% neg 0  invalid 762 tFOTS 0.0000 tGradient 1.8910 tsec 2.0940
#GCMRL#  149 dt 129.472000 rms  0.642  0.047% neg 0  invalid 762 tFOTS 0.0000 tGradient 1.9190 tsec 2.1120
#GCMRL#  150 dt 129.472000 rms  0.641  0.047% neg 0  invalid 762 tFOTS 0.0000 tGradient 1.8800 tsec 2.0780
#GCMRL#  151 dt 129.472000 rms  0.641  0.043% neg 0  invalid 762 tFOTS 0.0000 tGradient 1.9200 tsec 2.1120
#GCMRL#  152 dt 129.472000 rms  0.641  0.040% neg 0  invalid 762 tFOTS 0.0000 tGradient 1.9190 tsec 2.1150
#GCMRL#  153 dt 129.472000 rms  0.641  0.040% neg 0  invalid 762 tFOTS 0.0000 tGradient 2.0710 tsec 2.2720
#GCMRL#  154 dt 129.472000 rms  0.640  0.042% neg 0  invalid 762 tFOTS 0.0000 tGradient 1.8720 tsec 2.0670
#GCMRL#  155 dt 129.472000 rms  0.640  0.046% neg 0  invalid 762 tFOTS 0.0000 tGradient 1.8900 tsec 2.0810
#GCMRL#  156 dt 129.472000 rms  0.640  0.047% neg 0  invalid 762 tFOTS 0.0000 tGradient 1.8890 tsec 2.0770
#GCMRL#  157 dt 129.472000 rms  0.640  0.045% neg 0  invalid 762 tFOTS 0.0000 tGradient 1.8960 tsec 2.0840
#GCMRL#  158 dt 129.472000 rms  0.639  0.041% neg 0  invalid 762 tFOTS 0.0000 tGradient 1.8680 tsec 2.0580
#GCMRL#  159 dt 129.472000 rms  0.639  0.046% neg 0  invalid 762 tFOTS 0.0000 tGradient 1.8960 tsec 2.1130
#GCMRL#  160 dt 129.472000 rms  0.639  0.041% neg 0  invalid 762 tFOTS 0.0000 tGradient 1.8280 tsec 2.0100
#GCMRL#  161 dt 129.472000 rms  0.638  0.040% neg 0  invalid 762 tFOTS 0.0000 tGradient 1.8500 tsec 2.0370
#GCMRL#  162 dt 129.472000 rms  0.638  0.041% neg 0  invalid 762 tFOTS 0.0000 tGradient 1.8360 tsec 2.0200
#GCMRL#  163 dt 129.472000 rms  0.638  0.040% neg 0  invalid 762 tFOTS 0.0000 tGradient 1.8480 tsec 2.0340
#GCMRL#  164 dt 129.472000 rms  0.638  0.044% neg 0  invalid 762 tFOTS 0.0000 tGradient 1.9160 tsec 2.1020
#GCMRL#  165 dt 129.472000 rms  0.637  0.047% neg 0  invalid 762 tFOTS 0.0000 tGradient 1.8820 tsec 2.0670
#GCMRL#  166 dt 129.472000 rms  0.637  0.047% neg 0  invalid 762 tFOTS 0.0000 tGradient 1.9500 tsec 2.1350
#GCMRL#  167 dt 129.472000 rms  0.637  0.045% neg 0  invalid 762 tFOTS 0.0000 tGradient 1.9230 tsec 2.1120
#GCMRL#  168 dt 129.472000 rms  0.637  0.043% neg 0  invalid 762 tFOTS 0.0000 tGradient 1.9950 tsec 2.1840
#GCMRL#  169 dt 129.472000 rms  0.636  0.039% neg 0  invalid 762 tFOTS 0.0000 tGradient 1.8280 tsec 2.0160
#GCMRL#  170 dt 129.472000 rms  0.636  0.039% neg 0  invalid 762 tFOTS 0.0000 tGradient 1.8980 tsec 2.0920
#GCMRL#  171 dt 129.472000 rms  0.636  0.039% neg 0  invalid 762 tFOTS 0.0000 tGradient 1.8720 tsec 2.0720
#GCMRL#  172 dt 129.472000 rms  0.636  0.036% neg 0  invalid 762 tFOTS 0.0000 tGradient 1.8330 tsec 2.0630
#GCMRL#  173 dt 129.472000 rms  0.635  0.041% neg 0  invalid 762 tFOTS 0.0000 tGradient 1.8730 tsec 2.0650
#GCMRL#  174 dt 129.472000 rms  0.635  0.040% neg 0  invalid 762 tFOTS 0.0000 tGradient 1.8130 tsec 2.0010
#GCMRL#  175 dt 129.472000 rms  0.635  0.037% neg 0  invalid 762 tFOTS 0.0000 tGradient 1.8120 tsec 2.0000
#GCMRL#  176 dt 129.472000 rms  0.635  0.035% neg 0  invalid 762 tFOTS 0.0000 tGradient 1.8140 tsec 2.0050
#GCMRL#  177 dt 129.472000 rms  0.634  0.032% neg 0  invalid 762 tFOTS 0.0000 tGradient 1.8330 tsec 2.0180
#GCMRL#  178 dt 129.472000 rms  0.634  0.029% neg 0  invalid 762 tFOTS 0.0000 tGradient 1.8280 tsec 2.0150
#GCMRL#  179 dt 129.472000 rms  0.634  0.029% neg 0  invalid 762 tFOTS 0.0000 tGradient 1.8450 tsec 2.0370
#GCMRL#  180 dt 129.472000 rms  0.634  0.028% neg 0  invalid 762 tFOTS 0.0000 tGradient 1.8300 tsec 2.0260
#GCMRL#  181 dt 129.472000 rms  0.634  0.028% neg 0  invalid 762 tFOTS 0.0000 tGradient 1.8110 tsec 2.0000
#GCMRL#  182 dt 129.472000 rms  0.633  0.026% neg 0  invalid 762 tFOTS 0.0000 tGradient 1.8380 tsec 2.0270
#GCMRL#  183 dt 129.472000 rms  0.633  0.026% neg 0  invalid 762 tFOTS 0.0000 tGradient 1.8230 tsec 2.0430
#GCMRL#  184 dt 129.472000 rms  0.633  0.025% neg 0  invalid 762 tFOTS 0.0000 tGradient 1.8160 tsec 2.0030
#GCMRL#  185 dt 129.472000 rms  0.633  0.028% neg 0  invalid 762 tFOTS 0.0000 tGradient 1.8790 tsec 2.0760
#GCMRL#  186 dt 129.472000 rms  0.633  0.025% neg 0  invalid 762 tFOTS 0.0000 tGradient 1.8560 tsec 2.0420
#GCMRL#  187 dt 129.472000 rms  0.633  0.022% neg 0  invalid 762 tFOTS 0.0000 tGradient 1.9130 tsec 2.1010
#GCMRL#  188 dt 129.472000 rms  0.633  0.020% neg 0  invalid 762 tFOTS 0.0000 tGradient 1.8860 tsec 2.0930
#FOTS# QuadFit found better minimum quadopt=(dt=887.808,rms=0.632521) vs oldopt=(dt=1479.68,rms=0.632524)
#GCMRL#  189 dt 887.808000 rms  0.633  0.000% neg 0  invalid 762 tFOTS 2.7770 tGradient 1.9060 tsec 4.9100
#GCMRL#  190 dt 887.808000 rms  0.632  0.010% neg 0  invalid 762 tFOTS 0.0000 tGradient 1.9400 tsec 2.1280

#GCAMreg# pass 0 level1 5 level2 1 tsec 308.609 sigma 0.5
l_jacobian=1.00 l_label=1.00 l_log_likelihood=0.20 l_smoothness=0.01 
tol=5.00e-02, dt=5.00e-02, exp_k=20.0, momentum=0.90, levels=6, niter=500, lbl_dist=10.00, avgs=256, sigma=0.5,type=2, relabel=0, neg=no

blurring input image with Gaussian with sigma=0.500...
GCAMRegisterLevel(): init RMS 0.632809
#FOTS# QuadFit found better minimum quadopt=(dt=129.472,rms=0.631865) vs oldopt=(dt=92.48,rms=0.631971)
#GCMRL#  192 dt 129.472000 rms  0.632  0.149% neg 0  invalid 762 tFOTS 2.6200 tGradient 1.8470 tsec 4.6840
#GCMRL#  193 dt 369.920000 rms  0.632  0.051% neg 0  invalid 762 tFOTS 2.8490 tGradient 1.9060 tsec 4.9760
#GCMRL#  194 dt 369.920000 rms  0.631  0.000% neg 0  invalid 762 tFOTS 2.7940 tGradient 1.9320 tsec 4.9610
setting smoothness cost coefficient to 0.031

#GCAMreg# pass 0 level1 4 level2 0 tsec 0 sigma 2
l_jacobian=1.00 l_label=1.00 l_log_likelihood=0.20 l_smoothness=0.03 
tol=5.00e-02, dt=5.00e-02, exp_k=20.0, momentum=0.90, levels=6, niter=500, lbl_dist=10.00, avgs=64, sigma=2.0,type=2, relabel=0, neg=no

blurring input image with Gaussian with sigma=2.000...
GCAMRegisterLevel(): init RMS 0.633594
#FOTS# QuadFit found better minimum quadopt=(dt=199.877,rms=0.628495) vs oldopt=(dt=103.68,rms=0.629433)
#GCMRL#  196 dt 199.876923 rms  0.628  0.805% neg 0  invalid 762 tFOTS 2.6340 tGradient 1.4560 tsec 4.3100
#FOTS# QuadFit found better minimum quadopt=(dt=101.209,rms=0.622256) vs oldopt=(dt=103.68,rms=0.622266)
#GCMRL#  197 dt 101.209302 rms  0.622  0.993% neg 0  invalid 762 tFOTS 2.6360 tGradient 1.5480 tsec 4.3960
#FOTS# QuadFit found better minimum quadopt=(dt=64.3422,rms=0.619978) vs oldopt=(dt=103.68,rms=0.620494)
#GCMRL#  198 dt  64.342246 rms  0.620  0.366% neg 0  invalid 762 tFOTS 2.6220 tGradient 1.3760 tsec 4.2060
#FOTS# QuadFit found better minimum quadopt=(dt=580.608,rms=0.610483) vs oldopt=(dt=414.72,rms=0.611095)
#GCMRL#  199 dt 580.608000 rms  0.610  1.531% neg 0  invalid 762 tFOTS 2.6590 tGradient 1.4180 tsec 4.2780
#FOTS# QuadFit found better minimum quadopt=(dt=59.6078,rms=0.605471) vs oldopt=(dt=25.92,rms=0.606802)
#GCMRL#  200 dt  59.607843 rms  0.605  0.821% neg 0  invalid 762 tFOTS 2.6790 tGradient 1.4380 tsec 4.3400
#FOTS# QuadFit found better minimum quadopt=(dt=580.608,rms=0.599184) vs oldopt=(dt=414.72,rms=0.600088)
#GCMRL#  201 dt 580.608000 rms  0.599  1.038% neg 0  invalid 762 tFOTS 2.6950 tGradient 1.4420 tsec 4.3470
#FOTS# QuadFit found better minimum quadopt=(dt=36.288,rms=0.597562) vs oldopt=(dt=25.92,rms=0.59786)
#GCMRL#  202 dt  36.288000 rms  0.598  0.271% neg 0  invalid 762 tFOTS 2.6410 tGradient 1.4250 tsec 4.2730
#FOTS# QuadFit found better minimum quadopt=(dt=62.208,rms=0.596929) vs oldopt=(dt=103.68,rms=0.597029)
#GCMRL#  203 dt  62.208000 rms  0.597  0.106% neg 0  invalid 762 tFOTS 2.3780 tGradient 1.4560 tsec 4.0460
#FOTS# QuadFit found better minimum quadopt=(dt=580.608,rms=0.592917) vs oldopt=(dt=414.72,rms=0.593534)
#GCMRL#  204 dt 580.608000 rms  0.593  0.672% neg 0  invalid 762 tFOTS 2.5790 tGradient 1.4180 tsec 4.2000
#FOTS# QuadFit found better minimum quadopt=(dt=36.288,rms=0.591882) vs oldopt=(dt=25.92,rms=0.592089)
#GCMRL#  205 dt  36.288000 rms  0.592  0.175% neg 0  invalid 762 tFOTS 2.5410 tGradient 1.4730 tsec 4.2250
#GCMRL#  206 dt 103.680000 rms  0.591  0.131% neg 0  invalid 762 tFOTS 2.5980 tGradient 1.4860 tsec 4.2950
#FOTS# QuadFit found better minimum quadopt=(dt=145.152,rms=0.589729) vs oldopt=(dt=103.68,rms=0.589944)
#GCMRL#  207 dt 145.152000 rms  0.590  0.233% neg 0  invalid 762 tFOTS 2.5680 tGradient 1.4470 tsec 4.2250
#FOTS# QuadFit found better minimum quadopt=(dt=36.288,rms=0.589548) vs oldopt=(dt=25.92,rms=0.589571)
#GCMRL#  208 dt  36.288000 rms  0.590  0.000% neg 0  invalid 762 tFOTS 2.5550 tGradient 1.4910 tsec 4.2680
#GCMRL#  209 dt  36.288000 rms  0.589  0.035% neg 0  invalid 762 tFOTS 0.0000 tGradient 1.4480 tsec 1.6370
#GCMRL#  210 dt  36.288000 rms  0.589  0.059% neg 0  invalid 762 tFOTS 0.0000 tGradient 1.4690 tsec 1.6560
#GCMRL#  211 dt  36.288000 rms  0.588  0.100% neg 0  invalid 762 tFOTS 0.0000 tGradient 1.4520 tsec 1.6380
#GCMRL#  212 dt  36.288000 rms  0.588  0.148% neg 0  invalid 762 tFOTS 0.0000 tGradient 1.4660 tsec 1.6580
#GCMRL#  213 dt  36.288000 rms  0.587  0.175% neg 0  invalid 762 tFOTS 0.0000 tGradient 1.4800 tsec 1.6720
#GCMRL#  214 dt  36.288000 rms  0.585  0.176% neg 0  invalid 762 tFOTS 0.0000 tGradient 1.4960 tsec 1.6830
#GCMRL#  215 dt  36.288000 rms  0.584  0.173% neg 0  invalid 762 tFOTS 0.0000 tGradient 1.5300 tsec 1.7170
#GCMRL#  216 dt  36.288000 rms  0.583  0.171% neg 0  invalid 762 tFOTS 0.0000 tGradient 1.4760 tsec 1.6600
#GCMRL#  217 dt  36.288000 rms  0.582  0.184% neg 0  invalid 762 tFOTS 0.0000 tGradient 1.4490 tsec 1.6350
#GCMRL#  218 dt  36.288000 rms  0.581  0.193% neg 0  invalid 762 tFOTS 0.0000 tGradient 1.4710 tsec 1.6560
#GCMRL#  219 dt  36.288000 rms  0.580  0.202% neg 0  invalid 762 tFOTS 0.0000 tGradient 1.4520 tsec 1.6400
#GCMRL#  220 dt  36.288000 rms  0.579  0.196% neg 0  invalid 762 tFOTS 0.0000 tGradient 1.4530 tsec 1.6400
#GCMRL#  221 dt  36.288000 rms  0.578  0.182% neg 0  invalid 762 tFOTS 0.0000 tGradient 1.5240 tsec 1.7100
#GCMRL#  222 dt  36.288000 rms  0.577  0.167% neg 0  invalid 762 tFOTS 0.0000 tGradient 1.5400 tsec 1.7270
#GCMRL#  223 dt  36.288000 rms  0.576  0.153% neg 0  invalid 762 tFOTS 0.0000 tGradient 1.5250 tsec 1.7130
#GCMRL#  224 dt  36.288000 rms  0.575  0.148% neg 0  invalid 762 tFOTS 0.0000 tGradient 1.5260 tsec 1.7140
#GCMRL#  225 dt  36.288000 rms  0.574  0.148% neg 0  invalid 762 tFOTS 0.0000 tGradient 1.5000 tsec 1.6870
#GCMRL#  226 dt  36.288000 rms  0.573  0.152% neg 0  invalid 762 tFOTS 0.0000 tGradient 1.5130 tsec 1.7010
#GCMRL#  227 dt  36.288000 rms  0.573  0.146% neg 0  invalid 762 tFOTS 0.0000 tGradient 1.4920 tsec 1.6860
#GCMRL#  228 dt  36.288000 rms  0.572  0.131% neg 0  invalid 762 tFOTS 0.0000 tGradient 1.5070 tsec 1.6980
#GCMRL#  229 dt  36.288000 rms  0.571  0.111% neg 0  invalid 762 tFOTS 0.0000 tGradient 1.4370 tsec 1.6260
#GCMRL#  230 dt  36.288000 rms  0.571  0.106% neg 0  invalid 762 tFOTS 0.0000 tGradient 1.4890 tsec 1.6780
#GCMRL#  231 dt  36.288000 rms  0.570  0.108% neg 0  invalid 762 tFOTS 0.0000 tGradient 1.4600 tsec 1.6470
#GCMRL#  232 dt  36.288000 rms  0.569  0.109% neg 0  invalid 762 tFOTS 0.0000 tGradient 1.4640 tsec 1.6510
#GCMRL#  233 dt  36.288000 rms  0.569  0.109% neg 0  invalid 762 tFOTS 0.0000 tGradient 1.4590 tsec 1.6430
#GCMRL#  234 dt  36.288000 rms  0.568  0.109% neg 0  invalid 762 tFOTS 0.0000 tGradient 1.4290 tsec 1.6220
#GCMRL#  235 dt  36.288000 rms  0.568  0.102% neg 0  invalid 762 tFOTS 0.0000 tGradient 1.4340 tsec 1.6300
#GCMRL#  236 dt  36.288000 rms  0.567  0.091% neg 0  invalid 762 tFOTS 0.0000 tGradient 1.4390 tsec 1.6260
#GCMRL#  237 dt  36.288000 rms  0.567  0.088% neg 0  invalid 762 tFOTS 0.0000 tGradient 1.4720 tsec 1.6610
#GCMRL#  238 dt  36.288000 rms  0.566  0.089% neg 0  invalid 762 tFOTS 0.0000 tGradient 1.4520 tsec 1.6390
#GCMRL#  239 dt  36.288000 rms  0.566  0.090% neg 0  invalid 762 tFOTS 0.0000 tGradient 1.5030 tsec 1.6870
#GCMRL#  240 dt  36.288000 rms  0.565  0.085% neg 0  invalid 762 tFOTS 0.0000 tGradient 1.4750 tsec 1.6590
#GCMRL#  241 dt  36.288000 rms  0.565  0.075% neg 0  invalid 762 tFOTS 0.0000 tGradient 1.4540 tsec 1.6370
#GCMRL#  242 dt  36.288000 rms  0.564  0.072% neg 0  invalid 762 tFOTS 0.0000 tGradient 1.5080 tsec 1.6970
#GCMRL#  243 dt  36.288000 rms  0.564  0.065% neg 0  invalid 762 tFOTS 0.0000 tGradient 1.5210 tsec 1.7130
#GCMRL#  244 dt  36.288000 rms  0.563  0.070% neg 0  invalid 762 tFOTS 0.0000 tGradient 1.4680 tsec 1.6560
#GCMRL#  245 dt  36.288000 rms  0.563  0.070% neg 0  invalid 762 tFOTS 0.0000 tGradient 1.4440 tsec 1.6380
#GCMRL#  246 dt  36.288000 rms  0.563  0.071% neg 0  invalid 762 tFOTS 0.0000 tGradient 1.4620 tsec 1.6550
#GCMRL#  247 dt  36.288000 rms  0.562  0.063% neg 0  invalid 762 tFOTS 0.0000 tGradient 1.4750 tsec 1.6680
#GCMRL#  248 dt  36.288000 rms  0.562  0.057% neg 0  invalid 762 tFOTS 0.0000 tGradient 1.4940 tsec 1.6950
#GCMRL#  249 dt  36.288000 rms  0.562  0.055% neg 0  invalid 762 tFOTS 0.0000 tGradient 1.4500 tsec 1.6490
#GCMRL#  250 dt  36.288000 rms  0.561  0.053% neg 0  invalid 762 tFOTS 0.0000 tGradient 1.4940 tsec 1.6930
#GCMRL#  251 dt  36.288000 rms  0.561  0.052% neg 0  invalid 762 tFOTS 0.0000 tGradient 1.4600 tsec 1.6550
#GCMRL#  252 dt  36.288000 rms  0.561  0.054% neg 0  invalid 762 tFOTS 0.0000 tGradient 1.4990 tsec 1.6900
#GCMRL#  253 dt  36.288000 rms  0.561  0.050% neg 0  invalid 762 tFOTS 0.0000 tGradient 1.4820 tsec 1.6780
#GCMRL#  254 dt  36.288000 rms  0.560  0.046% neg 0  invalid 762 tFOTS 0.0000 tGradient 1.4810 tsec 1.6800
#GCMRL#  255 dt  36.288000 rms  0.560  0.045% neg 0  invalid 762 tFOTS 0.0000 tGradient 1.4690 tsec 1.6610
#GCMRL#  256 dt  36.288000 rms  0.560  0.046% neg 0  invalid 762 tFOTS 0.0000 tGradient 1.4930 tsec 1.6820
#GCMRL#  257 dt  36.288000 rms  0.560  0.043% neg 0  invalid 762 tFOTS 0.0000 tGradient 1.4800 tsec 1.6670
#GCMRL#  258 dt  36.288000 rms  0.559  0.043% neg 0  invalid 762 tFOTS 0.0000 tGradient 1.4910 tsec 1.6800
#GCMRL#  259 dt  36.288000 rms  0.559  0.041% neg 0  invalid 762 tFOTS 0.0000 tGradient 1.4640 tsec 1.6540
#GCMRL#  260 dt  36.288000 rms  0.559  0.043% neg 0  invalid 762 tFOTS 0.0000 tGradient 1.4640 tsec 1.6570
#GCMRL#  261 dt  36.288000 rms  0.559  0.040% neg 0  invalid 762 tFOTS 0.0000 tGradient 1.4610 tsec 1.6530
#GCMRL#  262 dt  36.288000 rms  0.558  0.040% neg 0  invalid 762 tFOTS 0.0000 tGradient 1.4450 tsec 1.6380
#GCMRL#  263 dt  36.288000 rms  0.558  0.035% neg 0  invalid 762 tFOTS 0.0000 tGradient 1.4600 tsec 1.6530
#GCMRL#  264 dt  36.288000 rms  0.558  0.028% neg 0  invalid 762 tFOTS 0.0000 tGradient 1.4650 tsec 1.6550
#GCMRL#  265 dt  36.288000 rms  0.558  0.030% neg 0  invalid 762 tFOTS 0.0000 tGradient 1.4520 tsec 1.6460
#GCMRL#  266 dt  36.288000 rms  0.558  0.033% neg 0  invalid 762 tFOTS 0.0000 tGradient 1.4770 tsec 1.6720
#GCMRL#  267 dt  36.288000 rms  0.557  0.033% neg 0  invalid 762 tFOTS 0.0000 tGradient 1.4290 tsec 1.6220
#GCMRL#  268 dt  36.288000 rms  0.557  0.034% neg 0  invalid 762 tFOTS 0.0000 tGradient 1.4360 tsec 1.6280
#GCMRL#  269 dt  36.288000 rms  0.557  0.031% neg 0  invalid 762 tFOTS 0.0000 tGradient 1.4450 tsec 1.6380
#GCMRL#  270 dt  36.288000 rms  0.557  0.029% neg 0  invalid 762 tFOTS 0.0000 tGradient 1.4930 tsec 1.6850
#GCMRL#  271 dt  36.288000 rms  0.557  0.031% neg 0  invalid 762 tFOTS 0.0000 tGradient 1.4940 tsec 1.6860
#GCMRL#  272 dt  36.288000 rms  0.557  0.030% neg 0  invalid 762 tFOTS 0.0000 tGradient 1.4200 tsec 1.6110
#GCMRL#  273 dt  36.288000 rms  0.556  0.032% neg 0  invalid 762 tFOTS 0.0000 tGradient 1.4490 tsec 1.6410
#GCMRL#  274 dt  36.288000 rms  0.556  0.031% neg 0  invalid 762 tFOTS 0.0000 tGradient 1.4430 tsec 1.6360
#GCMRL#  275 dt  36.288000 rms  0.556  0.027% neg 0  invalid 762 tFOTS 0.0000 tGradient 1.4370 tsec 1.6240
#GCMRL#  276 dt  36.288000 rms  0.556  0.023% neg 0  invalid 762 tFOTS 0.0000 tGradient 1.4430 tsec 1.6350
#GCMRL#  277 dt  36.288000 rms  0.556  0.021% neg 0  invalid 762 tFOTS 0.0000 tGradient 1.4360 tsec 1.6420
#FOTS# QuadFit found better minimum quadopt=(dt=497.664,rms=0.555757) vs oldopt=(dt=414.72,rms=0.555765)
#GCMRL#  278 dt 497.664000 rms  0.556  0.022% neg 0  invalid 762 tFOTS 2.7780 tGradient 1.4260 tsec 4.4140
#FOTS# QuadFit found better minimum quadopt=(dt=36.288,rms=0.555714) vs oldopt=(dt=25.92,rms=0.555722)
#GCMRL#  279 dt  36.288000 rms  0.556  0.000% neg 0  invalid 762 tFOTS 2.6260 tGradient 1.4140 tsec 4.2650
#GCMRL#  280 dt  36.288000 rms  0.556  0.006% neg 0  invalid 762 tFOTS 0.0000 tGradient 1.4220 tsec 1.6090
#GCMRL#  281 dt  36.288000 rms  0.556  0.007% neg 0  invalid 762 tFOTS 0.0000 tGradient 1.4200 tsec 1.6080
#GCMRL#  282 dt  36.288000 rms  0.556  0.009% neg 0  invalid 762 tFOTS 0.0000 tGradient 1.4360 tsec 1.6270
#GCMRL#  283 dt  36.288000 rms  0.556  0.009% neg 0  invalid 762 tFOTS 0.0000 tGradient 1.4200 tsec 1.6080
#GCMRL#  284 dt  36.288000 rms  0.556  0.007% neg 0  invalid 762 tFOTS 0.0000 tGradient 1.4370 tsec 1.6260
#GCMRL#  285 dt  36.288000 rms  0.555  0.008% neg 0  invalid 762 tFOTS 0.0000 tGradient 1.4600 tsec 1.6550

#GCAMreg# pass 0 level1 4 level2 1 tsec 198.147 sigma 0.5
l_jacobian=1.00 l_label=1.00 l_log_likelihood=0.20 l_smoothness=0.03 
tol=5.00e-02, dt=5.00e-02, exp_k=20.0, momentum=0.90, levels=6, niter=500, lbl_dist=10.00, avgs=64, sigma=0.5,type=2, relabel=0, neg=no

blurring input image with Gaussian with sigma=0.500...
GCAMRegisterLevel(): init RMS 0.556111
#FOTS# QuadFit found better minimum quadopt=(dt=78.3551,rms=0.554075) vs oldopt=(dt=103.68,rms=0.554206)
#GCMRL#  287 dt  78.355140 rms  0.554  0.366% neg 0  invalid 762 tFOTS 2.6110 tGradient 1.4850 tsec 4.3020
#GCMRL#  288 dt 103.680000 rms  0.553  0.167% neg 0  invalid 762 tFOTS 2.4370 tGradient 1.4570 tsec 4.1070
#FOTS# QuadFit found better minimum quadopt=(dt=36.288,rms=0.552861) vs oldopt=(dt=25.92,rms=0.55291)
#GCMRL#  289 dt  36.288000 rms  0.553  0.052% neg 0  invalid 762 tFOTS 2.4490 tGradient 1.4370 tsec 4.0950
#FOTS# QuadFit found better minimum quadopt=(dt=331.776,rms=0.55217) vs oldopt=(dt=414.72,rms=0.552207)
#GCMRL#  290 dt 331.776000 rms  0.552  0.125% neg 0  invalid 762 tFOTS 2.6050 tGradient 1.4410 tsec 4.2520
#FOTS# QuadFit found better minimum quadopt=(dt=36.288,rms=0.551735) vs oldopt=(dt=25.92,rms=0.551824)
#GCMRL#  291 dt  36.288000 rms  0.552  0.079% neg 0  invalid 762 tFOTS 2.5050 tGradient 1.4370 tsec 4.1400
#FOTS# QuadFit found better minimum quadopt=(dt=331.776,rms=0.551267) vs oldopt=(dt=414.72,rms=0.551306)
#GCMRL#  292 dt 331.776000 rms  0.551  0.085% neg 0  invalid 762 tFOTS 2.6170 tGradient 1.4310 tsec 4.2480
#FOTS# QuadFit found better minimum quadopt=(dt=36.288,rms=0.551016) vs oldopt=(dt=25.92,rms=0.551038)
#GCMRL#  293 dt  36.288000 rms  0.551  0.000% neg 0  invalid 762 tFOTS 2.4370 tGradient 1.4810 tsec 4.1470
#GCMRL#  294 dt  36.288000 rms  0.551  0.008% neg 0  invalid 762 tFOTS 0.0000 tGradient 1.4370 tsec 1.6340
#GCMRL#  295 dt  36.288000 rms  0.551  0.015% neg 0  invalid 762 tFOTS 0.0000 tGradient 1.4760 tsec 1.6650
#GCMRL#  296 dt  36.288000 rms  0.551  0.025% neg 0  invalid 762 tFOTS 0.0000 tGradient 1.3680 tsec 1.5570
#GCMRL#  297 dt  36.288000 rms  0.551  0.038% neg 0  invalid 762 tFOTS 0.0000 tGradient 1.4330 tsec 1.6240
#GCMRL#  298 dt  36.288000 rms  0.550  0.041% neg 0  invalid 762 tFOTS 0.0000 tGradient 1.4220 tsec 1.6110
#GCMRL#  299 dt  36.288000 rms  0.550  0.040% neg 0  invalid 762 tFOTS 0.0000 tGradient 1.4140 tsec 1.6040
#GCMRL#  300 dt  36.288000 rms  0.550  0.040% neg 0  invalid 762 tFOTS 0.0000 tGradient 1.4500 tsec 1.6370
#GCMRL#  301 dt  36.288000 rms  0.550  0.038% neg 0  invalid 762 tFOTS 0.0000 tGradient 1.4470 tsec 1.6460
#GCMRL#  302 dt  36.288000 rms  0.549  0.039% neg 0  invalid 762 tFOTS 0.0000 tGradient 1.4600 tsec 1.6640
#GCMRL#  303 dt  36.288000 rms  0.549  0.041% neg 0  invalid 762 tFOTS 0.0000 tGradient 1.4290 tsec 1.6330
#GCMRL#  304 dt  36.288000 rms  0.549  0.047% neg 0  invalid 762 tFOTS 0.0000 tGradient 1.4270 tsec 1.6200
#GCMRL#  305 dt  36.288000 rms  0.549  0.044% neg 0  invalid 762 tFOTS 0.0000 tGradient 1.4520 tsec 1.6460
#GCMRL#  306 dt  36.288000 rms  0.548  0.041% neg 0  invalid 762 tFOTS 0.0000 tGradient 1.4590 tsec 1.6500
#GCMRL#  307 dt  36.288000 rms  0.548  0.039% neg 0  invalid 762 tFOTS 0.0000 tGradient 1.4320 tsec 1.6230
#GCMRL#  308 dt  36.288000 rms  0.548  0.038% neg 0  invalid 762 tFOTS 0.0000 tGradient 1.4060 tsec 1.5950
#GCMRL#  309 dt  36.288000 rms  0.548  0.036% neg 0  invalid 762 tFOTS 0.0000 tGradient 1.4330 tsec 1.6280
#GCMRL#  310 dt  36.288000 rms  0.548  0.037% neg 0  invalid 762 tFOTS 0.0000 tGradient 1.4190 tsec 1.6080
#GCMRL#  311 dt  36.288000 rms  0.547  0.035% neg 0  invalid 762 tFOTS 0.0000 tGradient 1.4150 tsec 1.6050
#GCMRL#  312 dt  36.288000 rms  0.547  0.035% neg 0  invalid 762 tFOTS 0.0000 tGradient 1.4300 tsec 1.6210
#GCMRL#  313 dt  36.288000 rms  0.547  0.035% neg 0  invalid 762 tFOTS 0.0000 tGradient 1.4270 tsec 1.6150
#GCMRL#  314 dt  36.288000 rms  0.547  0.033% neg 0  invalid 762 tFOTS 0.0000 tGradient 1.4390 tsec 1.6310
#GCMRL#  315 dt  36.288000 rms  0.547  0.029% neg 0  invalid 762 tFOTS 0.0000 tGradient 1.4230 tsec 1.6140
#GCMRL#  316 dt  36.288000 rms  0.547  0.030% neg 0  invalid 762 tFOTS 0.0000 tGradient 1.4420 tsec 1.6310
#GCMRL#  317 dt  36.288000 rms  0.546  0.031% neg 0  invalid 762 tFOTS 0.0000 tGradient 1.4260 tsec 1.6130
#GCMRL#  318 dt  36.288000 rms  0.546  0.029% neg 0  invalid 762 tFOTS 0.0000 tGradient 1.4480 tsec 1.6340
#GCMRL#  319 dt  36.288000 rms  0.546  0.028% neg 0  invalid 762 tFOTS 0.0000 tGradient 1.4640 tsec 1.6550
#GCMRL#  320 dt  36.288000 rms  0.546  0.027% neg 0  invalid 762 tFOTS 0.0000 tGradient 1.4450 tsec 1.6400
#GCMRL#  321 dt  36.288000 rms  0.546  0.029% neg 0  invalid 762 tFOTS 0.0000 tGradient 1.4160 tsec 1.6080
#GCMRL#  322 dt  36.288000 rms  0.546  0.026% neg 0  invalid 762 tFOTS 0.0000 tGradient 1.4090 tsec 1.6020
#GCMRL#  323 dt  36.288000 rms  0.546  0.026% neg 0  invalid 762 tFOTS 0.0000 tGradient 1.4190 tsec 1.6130
#GCMRL#  324 dt  36.288000 rms  0.545  0.021% neg 0  invalid 762 tFOTS 0.0000 tGradient 1.4550 tsec 1.6470
#GCMRL#  325 dt  36.288000 rms  0.545  0.022% neg 0  invalid 762 tFOTS 0.0000 tGradient 1.4080 tsec 1.6050
#GCMRL#  326 dt  36.288000 rms  0.545  0.022% neg 0  invalid 762 tFOTS 0.0000 tGradient 1.4640 tsec 1.6710
#FOTS# QuadFit found better minimum quadopt=(dt=580.608,rms=0.544932) vs oldopt=(dt=414.72,rms=0.544958)
#GCMRL#  327 dt 580.608000 rms  0.545  0.045% neg 0  invalid 762 tFOTS 2.7610 tGradient 1.4400 tsec 4.4160
#GCMRL#  328 dt  25.920000 rms  0.545  0.000% neg 0  invalid 762 tFOTS 2.6100 tGradient 1.4350 tsec 4.2700
#GCMRL#  329 dt  25.920000 rms  0.545  0.002% neg 0  invalid 762 tFOTS 0.0000 tGradient 1.3990 tsec 1.5930
setting smoothness cost coefficient to 0.118

#GCAMreg# pass 0 level1 3 level2 0 tsec 0 sigma 2
l_jacobian=1.00 l_label=1.00 l_log_likelihood=0.20 l_smoothness=0.12 
tol=5.00e-02, dt=5.00e-02, exp_k=20.0, momentum=0.90, levels=6, niter=500, lbl_dist=10.00, avgs=16, sigma=2.0,type=2, relabel=0, neg=no

blurring input image with Gaussian with sigma=2.000...
GCAMRegisterLevel(): init RMS 0.558354
#FOTS# QuadFit found better minimum quadopt=(dt=25.0272,rms=0.556366) vs oldopt=(dt=32,rms=0.556518)
#GCMRL#  331 dt  25.027237 rms  0.556  0.356% neg 0  invalid 762 tFOTS 2.5990 tGradient 1.2100 tsec 4.0160
#FOTS# QuadFit found better minimum quadopt=(dt=81.2632,rms=0.5533) vs oldopt=(dt=32,rms=0.554149)
#GCMRL#  332 dt  81.263158 rms  0.553  0.551% neg 0  invalid 762 tFOTS 2.6020 tGradient 1.2100 tsec 4.0300
#FOTS# QuadFit found better minimum quadopt=(dt=50.4615,rms=0.550519) vs oldopt=(dt=32,rms=0.550763)
#GCMRL#  333 dt  50.461538 rms  0.551  0.503% neg 0  invalid 762 tFOTS 2.6330 tGradient 1.2360 tsec 4.0800
#FOTS# QuadFit found better minimum quadopt=(dt=30.9286,rms=0.547485) vs oldopt=(dt=32,rms=0.547502)
#GCMRL#  334 dt  30.928571 rms  0.547  0.551% neg 0  invalid 762 tFOTS 2.4630 tGradient 1.2260 tsec 3.9000
#FOTS# QuadFit found better minimum quadopt=(dt=25.6,rms=0.546463) vs oldopt=(dt=32,rms=0.54652)
#GCMRL#  335 dt  25.600000 rms  0.546  0.187% neg 0  invalid 762 tFOTS 2.5940 tGradient 1.2230 tsec 4.0290
#FOTS# QuadFit found better minimum quadopt=(dt=102.4,rms=0.543136) vs oldopt=(dt=128,rms=0.543346)
#GCMRL#  336 dt 102.400000 rms  0.543  0.609% neg 0  invalid 762 tFOTS 2.6040 tGradient 1.2140 tsec 4.0330
#FOTS# QuadFit found better minimum quadopt=(dt=11.2,rms=0.54185) vs oldopt=(dt=8,rms=0.542142)
#GCMRL#  337 dt  11.200000 rms  0.542  0.237% neg 0  invalid 762 tFOTS 2.4260 tGradient 1.2150 tsec 3.8540
#FOTS# QuadFit found better minimum quadopt=(dt=19.2,rms=0.541221) vs oldopt=(dt=32,rms=0.541366)
#GCMRL#  338 dt  19.200000 rms  0.541  0.116% neg 0  invalid 762 tFOTS 2.6370 tGradient 1.2710 tsec 4.1110
#FOTS# QuadFit found better minimum quadopt=(dt=179.2,rms=0.536808) vs oldopt=(dt=128,rms=0.537686)
#GCMRL#  339 dt 179.200000 rms  0.537  0.815% neg 0  invalid 762 tFOTS 2.4410 tGradient 1.2400 tsec 3.8880
#FOTS# QuadFit found better minimum quadopt=(dt=25.1018,rms=0.536035) vs oldopt=(dt=32,rms=0.53615)
#GCMRL#  340 dt  25.101796 rms  0.536  0.144% neg 0  invalid 762 tFOTS 2.6150 tGradient 1.1930 tsec 4.0120
#FOTS# QuadFit found better minimum quadopt=(dt=44.8,rms=0.534791) vs oldopt=(dt=32,rms=0.534963)
#GCMRL#  341 dt  44.800000 rms  0.535  0.232% neg 0  invalid 762 tFOTS 2.5660 tGradient 1.2280 tsec 4.0080
#FOTS# QuadFit found better minimum quadopt=(dt=11.2,rms=0.53452) vs oldopt=(dt=8,rms=0.534566)
#GCMRL#  342 dt  11.200000 rms  0.535  0.051% neg 0  invalid 762 tFOTS 2.6050 tGradient 1.2250 tsec 4.0320
#FOTS# QuadFit found better minimum quadopt=(dt=76.8,rms=0.53392) vs oldopt=(dt=128,rms=0.534059)
#GCMRL#  343 dt  76.800000 rms  0.534  0.112% neg 0  invalid 762 tFOTS 2.4370 tGradient 1.2550 tsec 3.9050
#GCMRL#  344 dt  32.000000 rms  0.533  0.199% neg 0  invalid 762 tFOTS 2.6060 tGradient 1.1930 tsec 4.0120
#FOTS# QuadFit found better minimum quadopt=(dt=11.2,rms=0.532639) vs oldopt=(dt=8,rms=0.532681)
#GCMRL#  345 dt  11.200000 rms  0.533  0.000% neg 0  invalid 762 tFOTS 2.5880 tGradient 1.2440 tsec 4.0640
#GCMRL#  346 dt  11.200000 rms  0.532  0.027% neg 0  invalid 762 tFOTS 0.0000 tGradient 1.2400 tsec 1.4330
#GCMRL#  347 dt  11.200000 rms  0.532  0.043% neg 0  invalid 762 tFOTS 0.0000 tGradient 1.2400 tsec 1.4340
#GCMRL#  348 dt  11.200000 rms  0.532  0.070% neg 0  invalid 762 tFOTS 0.0000 tGradient 1.2290 tsec 1.4210
#GCMRL#  349 dt  11.200000 rms  0.531  0.105% neg 0  invalid 762 tFOTS 0.0000 tGradient 1.2110 tsec 1.4030
#GCMRL#  350 dt  11.200000 rms  0.531  0.124% neg 0  invalid 762 tFOTS 0.0000 tGradient 1.2020 tsec 1.3940
#GCMRL#  351 dt  11.200000 rms  0.530  0.136% neg 0  invalid 762 tFOTS 0.0000 tGradient 1.2380 tsec 1.4320
#GCMRL#  352 dt  11.200000 rms  0.529  0.139% neg 0  invalid 762 tFOTS 0.0000 tGradient 1.2100 tsec 1.4040
#GCMRL#  353 dt  11.200000 rms  0.528  0.144% neg 0  invalid 762 tFOTS 0.0000 tGradient 1.2020 tsec 1.3970
#GCMRL#  354 dt  11.200000 rms  0.528  0.142% neg 0  invalid 762 tFOTS 0.0000 tGradient 1.2070 tsec 1.4000
#GCMRL#  355 dt  11.200000 rms  0.527  0.147% neg 0  invalid 762 tFOTS 0.0000 tGradient 1.2220 tsec 1.4130
#GCMRL#  356 dt  11.200000 rms  0.526  0.151% neg 0  invalid 762 tFOTS 0.0000 tGradient 1.2070 tsec 1.4000
#GCMRL#  357 dt  11.200000 rms  0.525  0.152% neg 0  invalid 762 tFOTS 0.0000 tGradient 1.2010 tsec 1.3970
#GCMRL#  358 dt  11.200000 rms  0.525  0.145% neg 0  invalid 762 tFOTS 0.0000 tGradient 1.2300 tsec 1.4200
#GCMRL#  359 dt  11.200000 rms  0.524  0.138% neg 0  invalid 762 tFOTS 0.0000 tGradient 1.2120 tsec 1.4030
#GCMRL#  360 dt  11.200000 rms  0.523  0.127% neg 0  invalid 762 tFOTS 0.0000 tGradient 1.2190 tsec 1.4200
#GCMRL#  361 dt  11.200000 rms  0.523  0.117% neg 0  invalid 762 tFOTS 0.0000 tGradient 1.2220 tsec 1.4100
#GCMRL#  362 dt  11.200000 rms  0.522  0.105% neg 0  invalid 762 tFOTS 0.0000 tGradient 1.2250 tsec 1.4170
#GCMRL#  363 dt  11.200000 rms  0.521  0.103% neg 0  invalid 762 tFOTS 0.0000 tGradient 1.2070 tsec 1.3990
#GCMRL#  364 dt  11.200000 rms  0.521  0.098% neg 0  invalid 762 tFOTS 0.0000 tGradient 1.1900 tsec 1.3800
#GCMRL#  365 dt  11.200000 rms  0.520  0.093% neg 0  invalid 762 tFOTS 0.0000 tGradient 1.2160 tsec 1.4100
#GCMRL#  366 dt  11.200000 rms  0.520  0.086% neg 0  invalid 762 tFOTS 0.0000 tGradient 1.2200 tsec 1.4150
#GCMRL#  367 dt  11.200000 rms  0.520  0.075% neg 0  invalid 762 tFOTS 0.0000 tGradient 1.2180 tsec 1.4100
#GCMRL#  368 dt  11.200000 rms  0.519  0.066% neg 0  invalid 762 tFOTS 0.0000 tGradient 1.2150 tsec 1.4040
#GCMRL#  369 dt  11.200000 rms  0.519  0.067% neg 0  invalid 762 tFOTS 0.0000 tGradient 1.1860 tsec 1.3760
#GCMRL#  370 dt  11.200000 rms  0.519  0.065% neg 0  invalid 762 tFOTS 0.0000 tGradient 1.4620 tsec 1.6710
#GCMRL#  371 dt  11.200000 rms  0.518  0.073% neg 0  invalid 762 tFOTS 0.0000 tGradient 1.1910 tsec 1.3880
#GCMRL#  372 dt  11.200000 rms  0.518  0.070% neg 0  invalid 762 tFOTS 0.0000 tGradient 1.2050 tsec 1.4030
#GCMRL#  373 dt  11.200000 rms  0.518  0.062% neg 0  invalid 762 tFOTS 0.0000 tGradient 1.1900 tsec 1.3810
#GCMRL#  374 dt  11.200000 rms  0.517  0.056% neg 0  invalid 762 tFOTS 0.0000 tGradient 1.2120 tsec 1.4070
#GCMRL#  375 dt  11.200000 rms  0.517  0.046% neg 0  invalid 762 tFOTS 0.0000 tGradient 1.2240 tsec 1.4150
#GCMRL#  376 dt  11.200000 rms  0.517  0.041% neg 0  invalid 762 tFOTS 0.0000 tGradient 1.2150 tsec 1.4060
#GCMRL#  377 dt  11.200000 rms  0.517  0.040% neg 0  invalid 762 tFOTS 0.0000 tGradient 1.2040 tsec 1.3990
#GCMRL#  378 dt  11.200000 rms  0.516  0.041% neg 0  invalid 762 tFOTS 0.0000 tGradient 1.1920 tsec 1.3880
#GCMRL#  379 dt  11.200000 rms  0.516  0.046% neg 0  invalid 762 tFOTS 0.0000 tGradient 1.1960 tsec 1.3960
#GCMRL#  380 dt  11.200000 rms  0.516  0.042% neg 0  invalid 762 tFOTS 0.0000 tGradient 1.2210 tsec 1.4170
#GCMRL#  381 dt  11.200000 rms  0.516  0.038% neg 0  invalid 762 tFOTS 0.0000 tGradient 1.2130 tsec 1.4140
#GCMRL#  382 dt  11.200000 rms  0.516  0.030% neg 0  invalid 762 tFOTS 0.0000 tGradient 1.1950 tsec 1.3870
#GCMRL#  383 dt  11.200000 rms  0.515  0.033% neg 0  invalid 762 tFOTS 0.0000 tGradient 1.1930 tsec 1.3880
#GCMRL#  384 dt  11.200000 rms  0.515  0.033% neg 0  invalid 762 tFOTS 0.0000 tGradient 1.2060 tsec 1.4020
#GCMRL#  385 dt  11.200000 rms  0.515  0.033% neg 0  invalid 762 tFOTS 0.0000 tGradient 1.1980 tsec 1.3980
#GCMRL#  386 dt  11.200000 rms  0.515  0.039% neg 0  invalid 762 tFOTS 0.0000 tGradient 1.1750 tsec 1.3710
#GCMRL#  387 dt  11.200000 rms  0.515  0.038% neg 0  invalid 762 tFOTS 0.0000 tGradient 1.2390 tsec 1.4360
#GCMRL#  388 dt  11.200000 rms  0.514  0.039% neg 0  invalid 762 tFOTS 0.0000 tGradient 1.1790 tsec 1.3720
#GCMRL#  389 dt  11.200000 rms  0.514  0.031% neg 0  invalid 762 tFOTS 0.0000 tGradient 1.1870 tsec 1.3790
#GCMRL#  390 dt  11.200000 rms  0.514  0.030% neg 0  invalid 762 tFOTS 0.0000 tGradient 1.1950 tsec 1.3850
#GCMRL#  391 dt  11.200000 rms  0.514  0.026% neg 0  invalid 762 tFOTS 0.0000 tGradient 1.1910 tsec 1.3830
#GCMRL#  392 dt  11.200000 rms  0.514  0.026% neg 0  invalid 762 tFOTS 0.0000 tGradient 1.1720 tsec 1.3650
#GCMRL#  393 dt  11.200000 rms  0.514  0.028% neg 0  invalid 762 tFOTS 0.0000 tGradient 1.1860 tsec 1.3810
#GCMRL#  394 dt  11.200000 rms  0.514  0.031% neg 0  invalid 762 tFOTS 0.0000 tGradient 1.1760 tsec 1.3690
#GCMRL#  395 dt  11.200000 rms  0.513  0.034% neg 0  invalid 762 tFOTS 0.0000 tGradient 1.2000 tsec 1.3970
#GCMRL#  396 dt  11.200000 rms  0.513  0.029% neg 0  invalid 762 tFOTS 0.0000 tGradient 1.1840 tsec 1.3750
#GCMRL#  397 dt  11.200000 rms  0.513  0.024% neg 0  invalid 762 tFOTS 0.0000 tGradient 1.1870 tsec 1.3790
#GCMRL#  398 dt  11.200000 rms  0.513  0.021% neg 0  invalid 762 tFOTS 0.0000 tGradient 1.1860 tsec 1.3930
#FOTS# QuadFit found better minimum quadopt=(dt=44.8,rms=0.513033) vs oldopt=(dt=32,rms=0.513036)
#GCMRL#  399 dt  44.800000 rms  0.513  0.000% neg 0  invalid 762 tFOTS 2.6470 tGradient 1.1830 tsec 4.0460
#GCMRL#  400 dt  44.800000 rms  0.513  0.000% neg 0  invalid 762 tFOTS 0.0000 tGradient 1.1850 tsec 1.3770
#GCMRL#  401 dt  44.800000 rms  0.513  0.038% neg 0  invalid 762 tFOTS 0.0000 tGradient 1.1700 tsec 1.3710
#GCMRL#  402 dt  44.800000 rms  0.513 -0.010% neg 0  invalid 762 tFOTS 0.0000 tGradient 1.1710 tsec 1.5120

#GCAMreg# pass 0 level1 3 level2 1 tsec 154.593 sigma 0.5
l_jacobian=1.00 l_label=1.00 l_log_likelihood=0.20 l_smoothness=0.12 
tol=5.00e-02, dt=5.00e-02, exp_k=20.0, momentum=0.90, levels=6, niter=500, lbl_dist=10.00, avgs=16, sigma=0.5,type=2, relabel=0, neg=no

blurring input image with Gaussian with sigma=0.500...
GCAMRegisterLevel(): init RMS 0.513419
#GCMRL#  404 dt  32.000000 rms  0.511  0.415% neg 0  invalid 762 tFOTS 2.5060 tGradient 1.1650 tsec 3.8940
#FOTS# QuadFit found better minimum quadopt=(dt=38.4,rms=0.51014) vs oldopt=(dt=32,rms=0.510161)
#GCMRL#  405 dt  38.400000 rms  0.510  0.225% neg 0  invalid 762 tFOTS 2.6930 tGradient 1.2030 tsec 4.1130
#FOTS# QuadFit found better minimum quadopt=(dt=11.2,rms=0.509939) vs oldopt=(dt=8,rms=0.509984)
#GCMRL#  406 dt  11.200000 rms  0.510  0.000% neg 0  invalid 762 tFOTS 2.6460 tGradient 1.2070 tsec 4.0820
#GCMRL#  407 dt  11.200000 rms  0.510  0.024% neg 0  invalid 762 tFOTS 0.0000 tGradient 1.1970 tsec 1.3910
#GCMRL#  408 dt  11.200000 rms  0.510  0.021% neg 0  invalid 762 tFOTS 0.0000 tGradient 1.1900 tsec 1.3890
#GCMRL#  409 dt  11.200000 rms  0.510  0.033% neg 0  invalid 762 tFOTS 0.0000 tGradient 1.2300 tsec 1.4220
#GCMRL#  410 dt  11.200000 rms  0.509  0.052% neg 0  invalid 762 tFOTS 0.0000 tGradient 1.1980 tsec 1.3880
#GCMRL#  411 dt  11.200000 rms  0.509  0.046% neg 0  invalid 762 tFOTS 0.0000 tGradient 1.2080 tsec 1.3960
#GCMRL#  412 dt  11.200000 rms  0.509  0.029% neg 0  invalid 762 tFOTS 0.0000 tGradient 1.2290 tsec 1.4260
#GCMRL#  413 dt  11.200000 rms  0.509  0.018% neg 0  invalid 762 tFOTS 0.0000 tGradient 1.2510 tsec 1.4420
#GCMRL#  414 dt  11.200000 rms  0.509  0.016% neg 0  invalid 762 tFOTS 0.0000 tGradient 1.2080 tsec 1.4200
#FOTS# QuadFit found better minimum quadopt=(dt=102.4,rms=0.508269) vs oldopt=(dt=128,rms=0.50827)
#GCMRL#  415 dt 102.400000 rms  0.508  0.090% neg 0  invalid 762 tFOTS 2.6620 tGradient 1.1920 tsec 4.0640
#FOTS# QuadFit found better minimum quadopt=(dt=11.2,rms=0.50825) vs oldopt=(dt=8,rms=0.508268)
#GCMRL#  416 dt  11.200000 rms  0.508  0.000% neg 0  invalid 762 tFOTS 2.6480 tGradient 1.2270 tsec 4.1080
#GCMRL#  417 dt  11.200000 rms  0.508  0.017% neg 0  invalid 762 tFOTS 0.0000 tGradient 1.2090 tsec 1.4050
#GCMRL#  418 dt  11.200000 rms  0.508  0.015% neg 0  invalid 762 tFOTS 0.0000 tGradient 1.1960 tsec 1.3870
#GCMRL#  419 dt  11.200000 rms  0.508  0.025% neg 0  invalid 762 tFOTS 0.0000 tGradient 1.2050 tsec 1.3940
#GCMRL#  420 dt  11.200000 rms  0.508  0.035% neg 0  invalid 762 tFOTS 0.0000 tGradient 1.1880 tsec 1.3800
#GCMRL#  421 dt  11.200000 rms  0.508  0.036% neg 0  invalid 762 tFOTS 0.0000 tGradient 1.2280 tsec 1.4200
#GCMRL#  422 dt  11.200000 rms  0.507  0.024% neg 0  invalid 762 tFOTS 0.0000 tGradient 1.2010 tsec 1.3950
#GCMRL#  423 dt  11.200000 rms  0.507  0.019% neg 0  invalid 762 tFOTS 0.0000 tGradient 1.2120 tsec 1.4180
#GCMRL#  424 dt   8.000000 rms  0.507  0.000% neg 0  invalid 762 tFOTS 2.6530 tGradient 1.1910 tsec 4.0720
#GCMRL#  425 dt   8.000000 rms  0.507  0.002% neg 0  invalid 762 tFOTS 0.0000 tGradient 1.1960 tsec 1.3850
#GCMRL#  426 dt   8.000000 rms  0.507  0.004% neg 0  invalid 762 tFOTS 0.0000 tGradient 1.2050 tsec 1.3950
#GCMRL#  427 dt   8.000000 rms  0.507  0.007% neg 0  invalid 762 tFOTS 0.0000 tGradient 1.2110 tsec 1.4080
#GCMRL#  428 dt   8.000000 rms  0.507  0.007% neg 0  invalid 762 tFOTS 0.0000 tGradient 1.1960 tsec 1.3890
#GCMRL#  429 dt   8.000000 rms  0.507  0.010% neg 0  invalid 762 tFOTS 0.0000 tGradient 1.2760 tsec 1.4690
#GCMRL#  430 dt   8.000000 rms  0.507  0.010% neg 0  invalid 762 tFOTS 0.0000 tGradient 1.1890 tsec 1.3800
#GCMRL#  431 dt   8.000000 rms  0.507  0.012% neg 0  invalid 762 tFOTS 0.0000 tGradient 1.1760 tsec 1.3720
#GCMRL#  432 dt   8.000000 rms  0.507  0.016% neg 0  invalid 762 tFOTS 0.0000 tGradient 1.1850 tsec 1.3790
#GCMRL#  433 dt   8.000000 rms  0.507  0.017% neg 0  invalid 762 tFOTS 0.0000 tGradient 1.1800 tsec 1.3690
#GCMRL#  434 dt   8.000000 rms  0.507  0.019% neg 0  invalid 762 tFOTS 0.0000 tGradient 1.1650 tsec 1.3610
#GCMRL#  435 dt   8.000000 rms  0.507  0.020% neg 0  invalid 762 tFOTS 0.0000 tGradient 1.1870 tsec 1.3770
setting smoothness cost coefficient to 0.400

#GCAMreg# pass 0 level1 2 level2 0 tsec 0 sigma 2
l_jacobian=1.00 l_label=1.00 l_log_likelihood=0.20 l_smoothness=0.40 
tol=5.00e-02, dt=5.00e-02, exp_k=20.0, momentum=0.90, levels=6, niter=500, lbl_dist=10.00, avgs=4, sigma=2.0,type=2, relabel=0, neg=no

blurring input image with Gaussian with sigma=2.000...
GCAMRegisterLevel(): init RMS 0.536145
#GCMRL#  437 dt   0.000000 rms  0.536  0.104% neg 0  invalid 762 tFOTS 2.5110 tGradient 1.0860 tsec 3.8090
#GCMRL#  438 dt   0.150000 rms  0.536  0.000% neg 0  invalid 762 tFOTS 2.4980 tGradient 1.1430 tsec 3.9910

#GCAMreg# pass 0 level1 2 level2 1 tsec 17.039 sigma 0.5
l_jacobian=1.00 l_label=1.00 l_log_likelihood=0.20 l_smoothness=0.40 
tol=5.00e-02, dt=5.00e-02, exp_k=20.0, momentum=0.90, levels=6, niter=500, lbl_dist=10.00, avgs=4, sigma=0.5,type=2, relabel=0, neg=no

blurring input image with Gaussian with sigma=0.500...
GCAMRegisterLevel(): init RMS 0.536145
#GCMRL#  440 dt   0.000000 rms  0.536  0.104% neg 0  invalid 762 tFOTS 2.4800 tGradient 1.1040 tsec 3.7850
#GCMRL#  441 dt   0.150000 rms  0.536  0.000% neg 0  invalid 762 tFOTS 2.5630 tGradient 1.1030 tsec 4.0310
setting smoothness cost coefficient to 1.000

#GCAMreg# pass 0 level1 1 level2 0 tsec 0 sigma 2
l_jacobian=1.00 l_label=1.00 l_log_likelihood=0.20 l_smoothness=1.00 
tol=5.00e-02, dt=5.00e-02, exp_k=20.0, momentum=0.90, levels=6, niter=500, lbl_dist=10.00, avgs=1, sigma=2.0,type=2, relabel=0, neg=no

blurring input image with Gaussian with sigma=2.000...
GCAMRegisterLevel(): init RMS 0.59296
#FOTS# QuadFit found better minimum quadopt=(dt=1.85433,rms=0.585092) vs oldopt=(dt=1.28,rms=0.58595)
#GCMRL#  443 dt   1.854331 rms  0.585  1.327% neg 0  invalid 762 tFOTS 2.5130 tGradient 0.9360 tsec 3.6620
#FOTS# QuadFit found better minimum quadopt=(dt=0.448,rms=0.584737) vs oldopt=(dt=0.32,rms=0.584806)
#GCMRL#  444 dt   0.448000 rms  0.585  0.061% neg 0  invalid 762 tFOTS 2.4980 tGradient 0.9060 tsec 3.6130
#FOTS# QuadFit found better minimum quadopt=(dt=0.384,rms=0.584641) vs oldopt=(dt=0.32,rms=0.584642)
#GCMRL#  445 dt   0.384000 rms  0.585  0.000% neg 0  invalid 762 tFOTS 2.5630 tGradient 0.9020 tsec 3.6840

#GCAMreg# pass 0 level1 1 level2 1 tsec 20.075 sigma 0.5
l_jacobian=1.00 l_label=1.00 l_log_likelihood=0.20 l_smoothness=1.00 
tol=5.00e-02, dt=5.00e-02, exp_k=20.0, momentum=0.90, levels=6, niter=500, lbl_dist=10.00, avgs=1, sigma=0.5,type=2, relabel=0, neg=no

blurring input image with Gaussian with sigma=0.500...
GCAMRegisterLevel(): init RMS 0.585134
#FOTS# QuadFit found better minimum quadopt=(dt=1.024,rms=0.58407) vs oldopt=(dt=1.28,rms=0.584125)
#GCMRL#  447 dt   1.024000 rms  0.584  0.182% neg 0  invalid 762 tFOTS 2.5950 tGradient 0.9420 tsec 3.7560
#FOTS# QuadFit found better minimum quadopt=(dt=0.256,rms=0.584037) vs oldopt=(dt=0.32,rms=0.584038)
#GCMRL#  448 dt   0.256000 rms  0.584  0.000% neg 0  invalid 762 tFOTS 2.5270 tGradient 0.8970 tsec 3.6540
resetting metric properties...
setting smoothness cost coefficient to 2.000

#GCAMreg# pass 0 level1 0 level2 0 tsec 0 sigma 2
l_jacobian=1.00 l_label=1.00 l_log_likelihood=0.20 l_smoothness=2.00 
tol=5.00e-02, dt=5.00e-02, exp_k=20.0, momentum=0.90, levels=6, niter=500, lbl_dist=10.00, avgs=0, sigma=2.0,type=2, relabel=0, neg=no

blurring input image with Gaussian with sigma=2.000...
GCAMRegisterLevel(): init RMS 0.529633
#FOTS# QuadFit found better minimum quadopt=(dt=0.448,rms=0.515742) vs oldopt=(dt=0.32,rms=0.519408)
#GCMRL#  450 dt   0.448000 rms  0.516  2.623% neg 0  invalid 762 tFOTS 2.3290 tGradient 0.5150 tsec 3.0590
#FOTS# QuadFit found better minimum quadopt=(dt=0.448,rms=0.512318) vs oldopt=(dt=0.32,rms=0.513278)
#GCMRL#  451 dt   0.448000 rms  0.512  0.664% neg 0  invalid 762 tFOTS 2.3280 tGradient 0.4950 tsec 3.0350
#FOTS# QuadFit found better minimum quadopt=(dt=0.448,rms=0.510233) vs oldopt=(dt=0.32,rms=0.510821)
#GCMRL#  452 dt   0.448000 rms  0.510  0.407% neg 0  invalid 762 tFOTS 2.3370 tGradient 0.5030 tsec 3.0490
#FOTS# QuadFit found better minimum quadopt=(dt=0.448,rms=0.508906) vs oldopt=(dt=0.32,rms=0.509277)
#GCMRL#  453 dt   0.448000 rms  0.509  0.260% neg 0  invalid 762 tFOTS 2.3130 tGradient 0.4790 tsec 2.9980
#FOTS# QuadFit found better minimum quadopt=(dt=0.448,rms=0.507907) vs oldopt=(dt=0.32,rms=0.508189)
#GCMRL#  454 dt   0.448000 rms  0.508  0.196% neg 0  invalid 762 tFOTS 2.2320 tGradient 0.4730 tsec 2.9100
#FOTS# QuadFit found better minimum quadopt=(dt=0.464286,rms=0.507121) vs oldopt=(dt=0.32,rms=0.507363)
#GCMRL#  455 dt   0.464286 rms  0.507  0.155% neg 0  invalid 762 tFOTS 2.2880 tGradient 0.4860 tsec 2.9750
#FOTS# QuadFit found better minimum quadopt=(dt=0.448,rms=0.506491) vs oldopt=(dt=0.32,rms=0.506667)
#GCMRL#  456 dt   0.448000 rms  0.506  0.124% neg 0  invalid 762 tFOTS 2.5030 tGradient 0.4820 tsec 3.1870
#FOTS# QuadFit found better minimum quadopt=(dt=0.448,rms=0.506011) vs oldopt=(dt=0.32,rms=0.506144)
#GCMRL#  457 dt   0.448000 rms  0.506  0.095% neg 0  invalid 762 tFOTS 2.2490 tGradient 0.4800 tsec 2.9360
#FOTS# QuadFit found better minimum quadopt=(dt=0.448,rms=0.505576) vs oldopt=(dt=0.32,rms=0.505694)
#GCMRL#  458 dt   0.448000 rms  0.506  0.086% neg 0  invalid 762 tFOTS 2.2560 tGradient 0.4830 tsec 2.9460
#FOTS# QuadFit found better minimum quadopt=(dt=0.448,rms=0.505242) vs oldopt=(dt=0.32,rms=0.505333)
#GCMRL#  459 dt   0.448000 rms  0.505  0.066% neg 0  invalid 762 tFOTS 2.2220 tGradient 0.5140 tsec 2.9380
#FOTS# QuadFit found better minimum quadopt=(dt=0.448,rms=0.504933) vs oldopt=(dt=0.32,rms=0.505017)
#GCMRL#  460 dt   0.448000 rms  0.505  0.061% neg 0  invalid 762 tFOTS 2.2180 tGradient 0.4880 tsec 2.9110
#FOTS# QuadFit found better minimum quadopt=(dt=0.448,rms=0.50469) vs oldopt=(dt=0.32,rms=0.504756)
#GCMRL#  461 dt   0.448000 rms  0.505  0.000% neg 0  invalid 762 tFOTS 2.2450 tGradient 0.4790 tsec 2.9440
#GCMRL#  462 dt   0.448000 rms  0.504  0.046% neg 0  invalid 762 tFOTS 0.0000 tGradient 0.4930 tsec 0.6910
#GCMRL#  463 dt   0.448000 rms  0.504  0.078% neg 0  invalid 762 tFOTS 0.0000 tGradient 0.4790 tsec 0.6820
#GCMRL#  464 dt   0.448000 rms  0.504  0.095% neg 0  invalid 762 tFOTS 0.0000 tGradient 0.4900 tsec 0.6960
#GCMRL#  465 dt   0.448000 rms  0.503  0.104% neg 0  invalid 762 tFOTS 0.0000 tGradient 0.5300 tsec 0.7380
#GCMRL#  466 dt   0.448000 rms  0.503  0.096% neg 0  invalid 762 tFOTS 0.0000 tGradient 0.4950 tsec 0.7010
#GCMRL#  467 dt   0.448000 rms  0.503 -0.002% neg 0  invalid 762 tFOTS 0.0000 tGradient 0.4860 tsec 0.9510
#FOTS# QuadFit found better minimum quadopt=(dt=0.096,rms=0.502573) vs oldopt=(dt=0.08,rms=0.502573)
#GCMRL#  468 dt   0.096000 rms  0.503  0.000% neg 0  invalid 762 tFOTS 2.2270 tGradient 0.4930 tsec 2.9230
#GCMRL#  469 dt   0.080000 rms  0.503  0.000% neg 0  invalid 762 tFOTS 2.3230 tGradient 0.4730 tsec 2.9950
#FOTS# QuadFit found better minimum quadopt=(dt=0.112,rms=0.502576) vs oldopt=(dt=0.08,rms=0.502576)

#GCAMreg# pass 0 level1 0 level2 1 tsec 57.222 sigma 0.5
l_jacobian=1.00 l_label=1.00 l_log_likelihood=0.20 l_smoothness=2.00 
tol=5.00e-02, dt=5.00e-02, exp_k=20.0, momentum=0.90, levels=6, niter=500, lbl_dist=10.00, avgs=0, sigma=0.5,type=2, relabel=0, neg=no

blurring input image with Gaussian with sigma=0.500...
GCAMRegisterLevel(): init RMS 0.503187
#FOTS# QuadFit found better minimum quadopt=(dt=0.448,rms=0.499193) vs oldopt=(dt=0.32,rms=0.500092)
#GCMRL#  471 dt   0.448000 rms  0.499  0.794% neg 0  invalid 762 tFOTS 2.2300 tGradient 0.4790 tsec 2.9180
#FOTS# QuadFit found better minimum quadopt=(dt=0.448,rms=0.498791) vs oldopt=(dt=0.32,rms=0.498899)
#GCMRL#  472 dt   0.448000 rms  0.499  0.080% neg 0  invalid 762 tFOTS 2.2130 tGradient 0.4980 tsec 2.9110
#FOTS# QuadFit found better minimum quadopt=(dt=0.448,rms=0.498665) vs oldopt=(dt=0.32,rms=0.498695)
#GCMRL#  473 dt   0.448000 rms  0.499  0.000% neg 0  invalid 762 tFOTS 2.2250 tGradient 0.4980 tsec 2.9390
#GCMRL#  474 dt   0.448000 rms  0.499  0.010% neg 0  invalid 762 tFOTS 0.0000 tGradient 0.4850 tsec 0.7050
#GCMRL#  475 dt   0.448000 rms  0.499  0.016% neg 0  invalid 762 tFOTS 0.0000 tGradient 0.4840 tsec 0.7480
#GCMRL#  476 dt   0.448000 rms  0.499  0.005% neg 0  invalid 762 tFOTS 0.0000 tGradient 0.4900 tsec 0.6950
GCAMregister done in 16.082 min
********************* ALLOWING NEGATIVE NODES IN DEFORMATION********************************
noneg post
Starting GCAMregister()
label assignment complete, 0 changed (0.00%)
npasses = 1, nlevels = 6
#pass# 1 of 1 ************************
enabling zero nodes
setting smoothness cost coefficient to 0.008

#GCAMreg# pass 0 level1 5 level2 0 tsec 0 sigma 2
l_jacobian=1.00 l_label=1.00 l_log_likelihood=0.20 l_smoothness=0.01 
tol=2.50e-01, dt=5.00e-02, exp_k=20.0, momentum=0.90, levels=6, niter=500, lbl_dist=10.00, avgs=256, sigma=2.0,type=2, relabel=0, neg=yes

blurring input image with Gaussian with sigma=2.000...
GCAMRegisterLevel(): init RMS 0.496557
#FOTS# QuadFit found better minimum quadopt=(dt=2.023,rms=0.49594) vs oldopt=(dt=1.445,rms=0.49594)
#GCMRL#  478 dt   2.023000 rms  0.496  0.124% neg 0  invalid 762 tFOTS 2.9570 tGradient 1.8180 tsec 4.9860
#FOTS# QuadFit found better minimum quadopt=(dt=0.4335,rms=0.49594) vs oldopt=(dt=0.36125,rms=0.49594)
#GCMRL#  479 dt   0.433500 rms  0.496  0.000% neg 0  invalid 762 tFOTS 2.9190 tGradient 1.7810 tsec 4.9190

#GCAMreg# pass 0 level1 5 level2 1 tsec 19.933 sigma 0.5
l_jacobian=1.00 l_label=1.00 l_log_likelihood=0.20 l_smoothness=0.01 
tol=2.50e-01, dt=5.00e-02, exp_k=20.0, momentum=0.90, levels=6, niter=500, lbl_dist=10.00, avgs=256, sigma=0.5,type=2, relabel=0, neg=yes

blurring input image with Gaussian with sigma=0.500...
GCAMRegisterLevel(): init RMS 0.496557
#FOTS# QuadFit found better minimum quadopt=(dt=221.952,rms=0.495504) vs oldopt=(dt=369.92,rms=0.495608)
#GCMRL#  481 dt 221.952000 rms  0.496  0.212% neg 0  invalid 762 tFOTS 2.7650 tGradient 1.7930 tsec 4.7660
#FOTS# QuadFit found better minimum quadopt=(dt=129.472,rms=0.495309) vs oldopt=(dt=92.48,rms=0.495323)
#GCMRL#  482 dt 129.472000 rms  0.495  0.000% neg 0  invalid 762 tFOTS 2.7200 tGradient 1.7960 tsec 4.7390
#GCMRL#  483 dt 129.472000 rms  0.495  0.029% neg 0  invalid 762 tFOTS 0.0000 tGradient 1.7860 tsec 1.9770
#GCMRL#  484 dt 129.472000 rms  0.495  0.043% neg 0  invalid 762 tFOTS 0.0000 tGradient 1.7650 tsec 1.9520
#GCMRL#  485 dt 129.472000 rms  0.495  0.021% neg 0  invalid 762 tFOTS 0.0000 tGradient 1.7770 tsec 1.9660
#GCMRL#  486 dt 129.472000 rms  0.495  0.042% neg 0  invalid 762 tFOTS 0.0000 tGradient 1.7640 tsec 1.9550
setting smoothness cost coefficient to 0.031

#GCAMreg# pass 0 level1 4 level2 0 tsec 0 sigma 2
l_jacobian=1.00 l_label=1.00 l_log_likelihood=0.20 l_smoothness=0.03 
tol=2.50e-01, dt=5.00e-02, exp_k=20.0, momentum=0.90, levels=6, niter=500, lbl_dist=10.00, avgs=64, sigma=2.0,type=2, relabel=0, neg=yes

blurring input image with Gaussian with sigma=2.000...
GCAMRegisterLevel(): init RMS 0.495139
#GCMRL#  488 dt  25.920000 rms  0.494  0.174% neg 0  invalid 762 tFOTS 2.9100 tGradient 1.3920 tsec 4.5070
#FOTS# QuadFit found better minimum quadopt=(dt=31.104,rms=0.49414) vs oldopt=(dt=25.92,rms=0.494146)
#GCMRL#  489 dt  31.104000 rms  0.494  0.000% neg 0  invalid 762 tFOTS 2.8210 tGradient 1.3680 tsec 4.4180
#GCMRL#  490 dt  31.104000 rms  0.494  0.034% neg 0  invalid 762 tFOTS 0.0000 tGradient 1.3610 tsec 1.5560
#GCMRL#  491 dt  31.104000 rms  0.494  0.036% neg 0  invalid 762 tFOTS 0.0000 tGradient 1.3900 tsec 1.5940
#GCMRL#  492 dt  31.104000 rms  0.494  0.020% neg 0  invalid 762 tFOTS 0.0000 tGradient 1.3730 tsec 1.5740
iter 0, gcam->neg = 2
after 0 iterations, nbhd size=0, neg = 0

#GCAMreg# pass 0 level1 4 level2 1 tsec 23.208 sigma 0.5
l_jacobian=1.00 l_label=1.00 l_log_likelihood=0.20 l_smoothness=0.03 
tol=2.50e-01, dt=5.00e-02, exp_k=20.0, momentum=0.90, levels=6, niter=500, lbl_dist=10.00, avgs=64, sigma=0.5,type=2, relabel=0, neg=yes

blurring input image with Gaussian with sigma=0.500...
GCAMRegisterLevel(): init RMS 0.494253
#FOTS# QuadFit found better minimum quadopt=(dt=72.8681,rms=0.490771) vs oldopt=(dt=103.68,rms=0.491299)
#GCMRL#  494 dt  72.868114 rms  0.491  0.705% neg 0  invalid 762 tFOTS 2.9730 tGradient 1.5060 tsec 4.6970
#FOTS# QuadFit found better minimum quadopt=(dt=36.288,rms=0.49001) vs oldopt=(dt=25.92,rms=0.490137)
#GCMRL#  495 dt  36.288000 rms  0.490  0.000% neg 0  invalid 762 tFOTS 2.9920 tGradient 1.4680 tsec 4.6860
#GCMRL#  496 dt  36.288000 rms  0.490  0.079% neg 0  invalid 762 tFOTS 0.0000 tGradient 1.4900 tsec 1.6810
#GCMRL#  497 dt  36.288000 rms  0.489  0.123% neg 0  invalid 762 tFOTS 0.0000 tGradient 1.4810 tsec 1.7190
#GCMRL#  498 dt  36.288000 rms  0.488  0.138% neg 0  invalid 762 tFOTS 0.0000 tGradient 1.5090 tsec 1.7040
#GCMRL#  499 dt  36.288000 rms  0.488  0.136% neg 0  invalid 762 tFOTS 0.0000 tGradient 1.5020 tsec 1.6960
#GCMRL#  500 dt  36.288000 rms  0.487  0.124% neg 0  invalid 762 tFOTS 0.0000 tGradient 1.4650 tsec 1.6590
iter 0, gcam->neg = 1
after 0 iterations, nbhd size=0, neg = 0
#GCMRL#  501 dt  36.288000 rms  0.487  0.108% neg 0  invalid 762 tFOTS 0.0000 tGradient 1.4730 tsec 2.1310
#FOTS# QuadFit found better minimum quadopt=(dt=145.152,rms=0.486334) vs oldopt=(dt=103.68,rms=0.486373)
#GCMRL#  502 dt 145.152000 rms  0.486  0.000% neg 0  invalid 762 tFOTS 2.7840 tGradient 1.4830 tsec 4.4980
#GCMRL#  503 dt 145.152000 rms  0.486  0.060% neg 0  invalid 762 tFOTS 0.0000 tGradient 1.4750 tsec 1.6770
setting smoothness cost coefficient to 0.118

#GCAMreg# pass 0 level1 3 level2 0 tsec 0 sigma 2
l_jacobian=1.00 l_label=1.00 l_log_likelihood=0.20 l_smoothness=0.12 
tol=2.50e-01, dt=5.00e-02, exp_k=20.0, momentum=0.90, levels=6, niter=500, lbl_dist=10.00, avgs=16, sigma=2.0,type=2, relabel=0, neg=yes

blurring input image with Gaussian with sigma=2.000...
GCAMRegisterLevel(): init RMS 0.487147
#FOTS# QuadFit found better minimum quadopt=(dt=30.1118,rms=0.484331) vs oldopt=(dt=32,rms=0.484358)
iter 0, gcam->neg = 2
after 1 iterations, nbhd size=0, neg = 0
#GCMRL#  505 dt  30.111801 rms  0.484  0.576% neg 0  invalid 762 tFOTS 2.9320 tGradient 1.2460 tsec 5.0440
#FOTS# QuadFit found better minimum quadopt=(dt=65.1034,rms=0.480262) vs oldopt=(dt=32,rms=0.481094)
iter 0, gcam->neg = 13
after 3 iterations, nbhd size=0, neg = 0
#GCMRL#  506 dt  65.103448 rms  0.480  0.836% neg 0  invalid 762 tFOTS 2.9560 tGradient 1.2200 tsec 5.4900
#FOTS# QuadFit found better minimum quadopt=(dt=21.568,rms=0.478636) vs oldopt=(dt=32,rms=0.479123)
iter 0, gcam->neg = 3
after 2 iterations, nbhd size=0, neg = 0
#GCMRL#  507 dt  21.568000 rms  0.479  0.342% neg 0  invalid 762 tFOTS 2.9780 tGradient 1.4700 tsec 5.5560
#FOTS# QuadFit found better minimum quadopt=(dt=75.6364,rms=0.476497) vs oldopt=(dt=32,rms=0.476844)
iter 0, gcam->neg = 8
after 3 iterations, nbhd size=0, neg = 0
#GCMRL#  508 dt  75.636364 rms  0.477  0.445% neg 0  invalid 762 tFOTS 2.9770 tGradient 1.2460 tsec 5.5440
#FOTS# QuadFit found better minimum quadopt=(dt=23.5214,rms=0.4753) vs oldopt=(dt=32,rms=0.475554)
iter 0, gcam->neg = 1
after 1 iterations, nbhd size=0, neg = 0
#GCMRL#  509 dt  23.521368 rms  0.475  0.256% neg 0  invalid 762 tFOTS 3.0600 tGradient 1.1990 tsec 5.1460
#FOTS# QuadFit found better minimum quadopt=(dt=44.8,rms=0.473682) vs oldopt=(dt=32,rms=0.473789)
iter 0, gcam->neg = 1
after 1 iterations, nbhd size=0, neg = 0
#GCMRL#  510 dt  44.800000 rms  0.474  0.341% neg 0  invalid 762 tFOTS 3.0370 tGradient 1.2250 tsec 5.1160
#FOTS# QuadFit found better minimum quadopt=(dt=11.2,rms=0.473349) vs oldopt=(dt=8,rms=0.473426)
iter 0, gcam->neg = 1
after 0 iterations, nbhd size=0, neg = 0
#GCMRL#  511 dt  11.200000 rms  0.473  0.000% neg 0  invalid 762 tFOTS 2.9460 tGradient 1.2460 tsec 4.8600
iter 0, gcam->neg = 1
after 0 iterations, nbhd size=0, neg = 0
#GCMRL#  512 dt  11.200000 rms  0.473  0.064% neg 0  invalid 762 tFOTS 0.0000 tGradient 1.2370 tsec 1.8670
iter 0, gcam->neg = 1
after 0 iterations, nbhd size=0, neg = 0
#GCMRL#  513 dt  11.200000 rms  0.473  0.052% neg 0  invalid 762 tFOTS 0.0000 tGradient 1.2670 tsec 1.8950
iter 0, gcam->neg = 3
after 2 iterations, nbhd size=0, neg = 0
#GCMRL#  514 dt  11.200000 rms  0.472  0.093% neg 0  invalid 762 tFOTS 0.0000 tGradient 1.2060 tsec 2.2520
iter 0, gcam->neg = 1
after 1 iterations, nbhd size=0, neg = 0
#GCMRL#  515 dt  11.200000 rms  0.472  0.145% neg 0  invalid 762 tFOTS 0.0000 tGradient 1.1970 tsec 2.0470
iter 0, gcam->neg = 2
after 3 iterations, nbhd size=0, neg = 0
#GCMRL#  516 dt  11.200000 rms  0.471  0.158% neg 0  invalid 762 tFOTS 0.0000 tGradient 1.1930 tsec 2.4350
iter 0, gcam->neg = 3
after 2 iterations, nbhd size=0, neg = 0
#GCMRL#  517 dt  11.200000 rms  0.470  0.161% neg 0  invalid 762 tFOTS 0.0000 tGradient 1.2130 tsec 2.2400
iter 0, gcam->neg = 7
after 1 iterations, nbhd size=0, neg = 0
#GCMRL#  518 dt  11.200000 rms  0.469  0.143% neg 0  invalid 762 tFOTS 0.0000 tGradient 1.2240 tsec 2.0570
iter 0, gcam->neg = 4
after 2 iterations, nbhd size=0, neg = 0
#GCMRL#  519 dt  11.200000 rms  0.469  0.124% neg 0  invalid 762 tFOTS 0.0000 tGradient 1.1980 tsec 2.2500
iter 0, gcam->neg = 5
after 2 iterations, nbhd size=0, neg = 0
#GCMRL#  520 dt  11.200000 rms  0.468  0.119% neg 0  invalid 762 tFOTS 0.0000 tGradient 1.2180 tsec 2.2600
#FOTS# QuadFit found better minimum quadopt=(dt=38.4,rms=0.468007) vs oldopt=(dt=32,rms=0.468027)
iter 0, gcam->neg = 1
after 0 iterations, nbhd size=0, neg = 0
#GCMRL#  521 dt  38.400000 rms  0.468  0.000% neg 0  invalid 762 tFOTS 2.8830 tGradient 1.2120 tsec 4.7680
iter 0, gcam->neg = 1
after 0 iterations, nbhd size=0, neg = 0

#GCAMreg# pass 0 level1 3 level2 1 tsec 70.66 sigma 0.5
l_jacobian=1.00 l_label=1.00 l_log_likelihood=0.20 l_smoothness=0.12 
tol=2.50e-01, dt=5.00e-02, exp_k=20.0, momentum=0.90, levels=6, niter=500, lbl_dist=10.00, avgs=16, sigma=0.5,type=2, relabel=0, neg=yes

blurring input image with Gaussian with sigma=0.500...
GCAMRegisterLevel(): init RMS 0.468667
#GCMRL#  523 dt  32.000000 rms  0.465  0.699% neg 0  invalid 762 tFOTS 2.9760 tGradient 1.2640 tsec 4.4610
#FOTS# QuadFit found better minimum quadopt=(dt=31.7023,rms=0.463914) vs oldopt=(dt=32,rms=0.463916)
#GCMRL#  524 dt  31.702326 rms  0.464  0.317% neg 0  invalid 762 tFOTS 3.0090 tGradient 1.2230 tsec 4.4480
#FOTS# QuadFit found better minimum quadopt=(dt=23.04,rms=0.463152) vs oldopt=(dt=32,rms=0.463344)
#GCMRL#  525 dt  23.040000 rms  0.463  0.000% neg 0  invalid 762 tFOTS 2.9920 tGradient 1.2460 tsec 4.4640
#GCMRL#  526 dt  23.040000 rms  0.462  0.151% neg 0  invalid 762 tFOTS 0.0000 tGradient 1.2140 tsec 1.4030
#GCMRL#  527 dt  23.040000 rms  0.462  0.164% neg 0  invalid 762 tFOTS 0.0000 tGradient 1.2130 tsec 1.4050
#GCMRL#  528 dt  23.040000 rms  0.461  0.178% neg 0  invalid 762 tFOTS 0.0000 tGradient 1.2060 tsec 1.4020
#GCMRL#  529 dt  23.040000 rms  0.460  0.145% neg 0  invalid 762 tFOTS 0.0000 tGradient 1.2020 tsec 1.3920
#GCMRL#  530 dt  23.040000 rms  0.460  0.102% neg 0  invalid 762 tFOTS 0.0000 tGradient 1.2400 tsec 1.4290
#GCMRL#  531 dt  23.040000 rms  0.459  0.094% neg 0  invalid 762 tFOTS 0.0000 tGradient 1.2100 tsec 1.4120
#FOTS# QuadFit found better minimum quadopt=(dt=38.4,rms=0.458943) vs oldopt=(dt=32,rms=0.458952)
#GCMRL#  532 dt  38.400000 rms  0.459  0.000% neg 0  invalid 762 tFOTS 2.8920 tGradient 1.1940 tsec 4.3000
setting smoothness cost coefficient to 0.400

#GCAMreg# pass 0 level1 2 level2 0 tsec 0 sigma 2
l_jacobian=1.00 l_label=1.00 l_log_likelihood=0.20 l_smoothness=0.40 
tol=2.50e-01, dt=5.00e-02, exp_k=20.0, momentum=0.90, levels=6, niter=500, lbl_dist=10.00, avgs=4, sigma=2.0,type=2, relabel=0, neg=yes

blurring input image with Gaussian with sigma=2.000...
GCAMRegisterLevel(): init RMS 0.465707
#FOTS# QuadFit found better minimum quadopt=(dt=2.2069,rms=0.464992) vs oldopt=(dt=2.88,rms=0.465007)
#GCMRL#  534 dt   2.206897 rms  0.465  0.153% neg 0  invalid 762 tFOTS 2.9440 tGradient 1.0770 tsec 4.2200
#FOTS# QuadFit found better minimum quadopt=(dt=0.576,rms=0.464953) vs oldopt=(dt=0.72,rms=0.464954)
#GCMRL#  535 dt   0.576000 rms  0.465  0.000% neg 0  invalid 762 tFOTS 3.0840 tGradient 1.0790 tsec 4.3880

#GCAMreg# pass 0 level1 2 level2 1 tsec 18.048 sigma 0.5
l_jacobian=1.00 l_label=1.00 l_log_likelihood=0.20 l_smoothness=0.40 
tol=2.50e-01, dt=5.00e-02, exp_k=20.0, momentum=0.90, levels=6, niter=500, lbl_dist=10.00, avgs=4, sigma=0.5,type=2, relabel=0, neg=yes

blurring input image with Gaussian with sigma=0.500...
GCAMRegisterLevel(): init RMS 0.465576
#GCMRL#  537 dt   2.880000 rms  0.465  0.155% neg 0  invalid 762 tFOTS 3.1050 tGradient 1.1080 tsec 4.4310
#FOTS# QuadFit found better minimum quadopt=(dt=2.304,rms=0.464818) vs oldopt=(dt=2.88,rms=0.464823)
#GCMRL#  538 dt   2.304000 rms  0.465  0.000% neg 0  invalid 762 tFOTS 3.1020 tGradient 1.0930 tsec 4.4270
#GCMRL#  539 dt   2.304000 rms  0.465  0.006% neg 0  invalid 762 tFOTS 0.0000 tGradient 1.1160 tsec 1.3130
setting smoothness cost coefficient to 1.000

#GCAMreg# pass 0 level1 1 level2 0 tsec 0 sigma 2
l_jacobian=1.00 l_label=1.00 l_log_likelihood=0.20 l_smoothness=1.00 
tol=2.50e-01, dt=5.00e-02, exp_k=20.0, momentum=0.90, levels=6, niter=500, lbl_dist=10.00, avgs=1, sigma=2.0,type=2, relabel=0, neg=yes

blurring input image with Gaussian with sigma=2.000...
GCAMRegisterLevel(): init RMS 0.474939
#GCMRL#  541 dt   0.000000 rms  0.474  0.129% neg 0  invalid 762 tFOTS 2.9490 tGradient 0.9110 tsec 4.0730

#GCAMreg# pass 0 level1 1 level2 1 tsec 15.846 sigma 0.5
l_jacobian=1.00 l_label=1.00 l_log_likelihood=0.20 l_smoothness=1.00 
tol=2.50e-01, dt=5.00e-02, exp_k=20.0, momentum=0.90, levels=6, niter=500, lbl_dist=10.00, avgs=1, sigma=0.5,type=2, relabel=0, neg=yes

blurring input image with Gaussian with sigma=0.500...
GCAMRegisterLevel(): init RMS 0.474939
#FOTS# QuadFit found better minimum quadopt=(dt=0.768,rms=0.474024) vs oldopt=(dt=1.28,rms=0.474096)
#GCMRL#  543 dt   0.768000 rms  0.474  0.193% neg 0  invalid 762 tFOTS 2.9400 tGradient 0.8990 tsec 4.0400
#FOTS# QuadFit found better minimum quadopt=(dt=0.448,rms=0.473967) vs oldopt=(dt=0.32,rms=0.47397)
#GCMRL#  544 dt   0.448000 rms  0.474  0.000% neg 0  invalid 762 tFOTS 2.8730 tGradient 0.8900 tsec 4.0000
resetting metric properties...
setting smoothness cost coefficient to 2.000

#GCAMreg# pass 0 level1 0 level2 0 tsec 0 sigma 2
l_jacobian=1.00 l_label=1.00 l_log_likelihood=0.20 l_smoothness=2.00 
tol=2.50e-01, dt=5.00e-02, exp_k=20.0, momentum=0.90, levels=6, niter=500, lbl_dist=10.00, avgs=0, sigma=2.0,type=2, relabel=0, neg=yes

blurring input image with Gaussian with sigma=2.000...
GCAMRegisterLevel(): init RMS 0.461604
#FOTS# QuadFit found better minimum quadopt=(dt=2.10306,rms=0.432309) vs oldopt=(dt=1.28,rms=0.436901)
iter 0, gcam->neg = 661
after 20 iterations, nbhd size=1, neg = 0
#GCMRL#  546 dt   2.103058 rms  0.433  6.197% neg 0  invalid 762 tFOTS 2.9220 tGradient 0.4880 tsec 8.3560
#FOTS# QuadFit found better minimum quadopt=(dt=0.048,rms=0.432846) vs oldopt=(dt=0.08,rms=0.432873)
#GCMRL#  547 dt   0.048000 rms  0.433  0.000% neg 0  invalid 762 tFOTS 2.9820 tGradient 0.4790 tsec 3.6820

#GCAMreg# pass 0 level1 0 level2 1 tsec 20.316 sigma 0.5
l_jacobian=1.00 l_label=1.00 l_log_likelihood=0.20 l_smoothness=2.00 
tol=2.50e-01, dt=5.00e-02, exp_k=20.0, momentum=0.90, levels=6, niter=500, lbl_dist=10.00, avgs=0, sigma=0.5,type=2, relabel=0, neg=yes

blurring input image with Gaussian with sigma=0.500...
GCAMRegisterLevel(): init RMS 0.433613
#FOTS# QuadFit found better minimum quadopt=(dt=0.064,rms=0.432719) vs oldopt=(dt=0.08,rms=0.432732)
#GCMRL#  549 dt   0.064000 rms  0.433  0.206% neg 0  invalid 762 tFOTS 2.9520 tGradient 0.4950 tsec 3.6600
#GCMRL#  550 dt   0.050000 rms  0.433  0.000% neg 0  invalid 762 tFOTS 2.8000 tGradient 0.4910 tsec 3.5150
label assignment complete, 0 changed (0.00%)
GCAMregister done in 4.62602 min
Starting GCAMcomputeMaxPriorLabels()
Morphing with label term set to 0 *******************************
Starting GCAMregister()
label assignment complete, 0 changed (0.00%)
npasses = 1, nlevels = 6
#pass# 1 of 1 ************************
enabling zero nodes
setting smoothness cost coefficient to 0.008

#GCAMreg# pass 0 level1 5 level2 0 tsec 0 sigma 2
l_jacobian=1.00 l_log_likelihood=0.20 l_smoothness=0.01 
tol=2.50e-01, dt=5.00e-02, exp_k=20.0, momentum=0.90, levels=6, niter=500, lbl_dist=10.00, avgs=256, sigma=2.0,type=2, relabel=0, neg=yes

blurring input image with Gaussian with sigma=2.000...
GCAMRegisterLevel(): init RMS 0.418773

#GCAMreg# pass 0 level1 5 level2 1 tsec 11.958 sigma 0.5
l_jacobian=1.00 l_log_likelihood=0.20 l_smoothness=0.01 
tol=2.50e-01, dt=5.00e-02, exp_k=20.0, momentum=0.90, levels=6, niter=500, lbl_dist=10.00, avgs=256, sigma=0.5,type=2, relabel=0, neg=yes

blurring input image with Gaussian with sigma=0.500...
GCAMRegisterLevel(): init RMS 0.418773
#FOTS# QuadFit found better minimum quadopt=(dt=18.496,rms=0.418769) vs oldopt=(dt=23.12,rms=0.418769)
#GCMRL#  553 dt  18.496000 rms  0.419  0.001% neg 0  invalid 762 tFOTS 2.6970 tGradient 1.6890 tsec 4.5920
#FOTS# QuadFit found better minimum quadopt=(dt=0.0270937,rms=0.418769) vs oldopt=(dt=0.0225781,rms=0.418769)
#GCMRL#  554 dt   0.027094 rms  0.419  0.000% neg 0  invalid 762 tFOTS 2.6740 tGradient 1.6610 tsec 4.5410
#GCMRL#  555 dt   0.027094 rms  0.419  0.000% neg 0  invalid 762 tFOTS 0.0000 tGradient 1.6470 tsec 1.8260
setting smoothness cost coefficient to 0.031

#GCAMreg# pass 0 level1 4 level2 0 tsec 0 sigma 2
l_jacobian=1.00 l_log_likelihood=0.20 l_smoothness=0.03 
tol=2.50e-01, dt=5.00e-02, exp_k=20.0, momentum=0.90, levels=6, niter=500, lbl_dist=10.00, avgs=64, sigma=2.0,type=2, relabel=0, neg=yes

blurring input image with Gaussian with sigma=2.000...
GCAMRegisterLevel(): init RMS 0.418941

#GCAMreg# pass 0 level1 4 level2 1 tsec 11.907 sigma 0.5
l_jacobian=1.00 l_log_likelihood=0.20 l_smoothness=0.03 
tol=2.50e-01, dt=5.00e-02, exp_k=20.0, momentum=0.90, levels=6, niter=500, lbl_dist=10.00, avgs=64, sigma=0.5,type=2, relabel=0, neg=yes

blurring input image with Gaussian with sigma=0.500...
GCAMRegisterLevel(): init RMS 0.418941
#FOTS# QuadFit found better minimum quadopt=(dt=36.288,rms=0.418847) vs oldopt=(dt=25.92,rms=0.418854)
#GCMRL#  558 dt  36.288000 rms  0.419  0.022% neg 0  invalid 762 tFOTS 2.6260 tGradient 1.1600 tsec 4.0100
#FOTS# QuadFit found better minimum quadopt=(dt=62.208,rms=0.418773) vs oldopt=(dt=103.68,rms=0.418789)
#GCMRL#  559 dt  62.208000 rms  0.419  0.000% neg 0  invalid 762 tFOTS 2.6340 tGradient 1.1640 tsec 4.0230
#GCMRL#  560 dt  62.208000 rms  0.419  0.021% neg 0  invalid 762 tFOTS 0.0000 tGradient 1.1890 tsec 1.3720
#GCMRL#  561 dt  62.208000 rms  0.419  0.019% neg 0  invalid 762 tFOTS 0.0000 tGradient 1.1660 tsec 1.3550
setting smoothness cost coefficient to 0.118

#GCAMreg# pass 0 level1 3 level2 0 tsec 0 sigma 2
l_jacobian=1.00 l_log_likelihood=0.20 l_smoothness=0.12 
tol=2.50e-01, dt=5.00e-02, exp_k=20.0, momentum=0.90, levels=6, niter=500, lbl_dist=10.00, avgs=16, sigma=2.0,type=2, relabel=0, neg=yes

blurring input image with Gaussian with sigma=2.000...
GCAMRegisterLevel(): init RMS 0.419254
#FOTS# QuadFit found better minimum quadopt=(dt=9.6,rms=0.419021) vs oldopt=(dt=8,rms=0.419026)
#GCMRL#  563 dt   9.600000 rms  0.419  0.056% neg 0  invalid 762 tFOTS 2.7540 tGradient 0.9360 tsec 3.8870
#FOTS# QuadFit found better minimum quadopt=(dt=4.8,rms=0.418983) vs oldopt=(dt=8,rms=0.418991)
#GCMRL#  564 dt   4.800000 rms  0.419  0.000% neg 0  invalid 762 tFOTS 2.6010 tGradient 0.9210 tsec 3.7390
#GCMRL#  565 dt   4.800000 rms  0.419  0.003% neg 0  invalid 762 tFOTS 0.0000 tGradient 0.9220 tsec 1.1060

#GCAMreg# pass 0 level1 3 level2 1 tsec 17.346 sigma 0.5
l_jacobian=1.00 l_log_likelihood=0.20 l_smoothness=0.12 
tol=2.50e-01, dt=5.00e-02, exp_k=20.0, momentum=0.90, levels=6, niter=500, lbl_dist=10.00, avgs=16, sigma=0.5,type=2, relabel=0, neg=yes

blurring input image with Gaussian with sigma=0.500...
GCAMRegisterLevel(): init RMS 0.418969
#FOTS# QuadFit found better minimum quadopt=(dt=38.4,rms=0.417053) vs oldopt=(dt=32,rms=0.417121)
iter 0, gcam->neg = 1
after 2 iterations, nbhd size=0, neg = 0
#GCMRL#  567 dt  38.400000 rms  0.417  0.457% neg 0  invalid 762 tFOTS 2.6730 tGradient 0.9040 tsec 4.6230
#FOTS# QuadFit found better minimum quadopt=(dt=25.6,rms=0.416173) vs oldopt=(dt=32,rms=0.416193)
#GCMRL#  568 dt  25.600000 rms  0.416  0.000% neg 0  invalid 762 tFOTS 2.6890 tGradient 0.9180 tsec 3.8200
#GCMRL#  569 dt  25.600000 rms  0.416  0.143% neg 0  invalid 762 tFOTS 0.0000 tGradient 0.9140 tsec 1.1000
iter 0, gcam->neg = 2
after 1 iterations, nbhd size=0, neg = 0
#GCMRL#  570 dt  25.600000 rms  0.415  0.187% neg 0  invalid 762 tFOTS 0.0000 tGradient 0.9360 tsec 1.7680
iter 0, gcam->neg = 2
after 7 iterations, nbhd size=1, neg = 0
#GCMRL#  571 dt  25.600000 rms  0.414  0.237% neg 0  invalid 762 tFOTS 0.0000 tGradient 0.9330 tsec 3.0400
iter 0, gcam->neg = 4
after 7 iterations, nbhd size=1, neg = 0
#GCMRL#  572 dt  25.600000 rms  0.413  0.169% neg 0  invalid 762 tFOTS 0.0000 tGradient 0.9140 tsec 3.0300
iter 0, gcam->neg = 8
after 10 iterations, nbhd size=1, neg = 0
#GCMRL#  573 dt  25.600000 rms  0.412  0.176% neg 0  invalid 762 tFOTS 0.0000 tGradient 0.9320 tsec 3.7420
iter 0, gcam->neg = 9
after 12 iterations, nbhd size=1, neg = 0
#GCMRL#  574 dt  25.600000 rms  0.412  0.137% neg 0  invalid 762 tFOTS 0.0000 tGradient 0.9180 tsec 4.0790
iter 0, gcam->neg = 13
after 4 iterations, nbhd size=0, neg = 0
#GCMRL#  575 dt  25.600000 rms  0.411  0.124% neg 0  invalid 762 tFOTS 0.0000 tGradient 0.9180 tsec 2.3940
iter 0, gcam->neg = 10
after 9 iterations, nbhd size=1, neg = 0
#GCMRL#  576 dt  25.600000 rms  0.411  0.108% neg 0  invalid 762 tFOTS 0.0000 tGradient 0.9460 tsec 3.4890
#FOTS# QuadFit found better minimum quadopt=(dt=44.8,rms=0.410666) vs oldopt=(dt=32,rms=0.410696)
iter 0, gcam->neg = 2
after 2 iterations, nbhd size=0, neg = 0
#GCMRL#  577 dt  44.800000 rms  0.411  0.000% neg 0  invalid 762 tFOTS 2.4800 tGradient 0.9550 tsec 4.5090
iter 0, gcam->neg = 1
after 0 iterations, nbhd size=0, neg = 0
#GCMRL#  578 dt  44.800000 rms  0.411  0.008% neg 0  invalid 762 tFOTS 0.0000 tGradient 0.9260 tsec 1.5590
iter 0, gcam->neg = 2
after 7 iterations, nbhd size=1, neg = 0
#GCMRL#  579 dt  44.800000 rms  0.410  0.072% neg 0  invalid 762 tFOTS 0.0000 tGradient 0.9320 tsec 3.0770
iter 0, gcam->neg = 1
after 0 iterations, nbhd size=0, neg = 0
#GCMRL#  580 dt  44.800000 rms  0.410  0.033% neg 0  invalid 762 tFOTS 0.0000 tGradient 0.9250 tsec 1.5450
iter 0, gcam->neg = 1
after 1 iterations, nbhd size=0, neg = 0
setting smoothness cost coefficient to 0.400

#GCAMreg# pass 0 level1 2 level2 0 tsec 0 sigma 2
l_jacobian=1.00 l_log_likelihood=0.20 l_smoothness=0.40 
tol=2.50e-01, dt=5.00e-02, exp_k=20.0, momentum=0.90, levels=6, niter=500, lbl_dist=10.00, avgs=4, sigma=2.0,type=2, relabel=0, neg=yes

blurring input image with Gaussian with sigma=2.000...
GCAMRegisterLevel(): init RMS 0.414294
#FOTS# QuadFit found better minimum quadopt=(dt=0.252,rms=0.414293) vs oldopt=(dt=0.18,rms=0.414293)
#GCMRL#  582 dt   0.252000 rms  0.414  0.000% neg 0  invalid 762 tFOTS 2.7290 tGradient 0.7870 tsec 3.7130
#FOTS# QuadFit found better minimum quadopt=(dt=0.108,rms=0.414293) vs oldopt=(dt=0.18,rms=0.414293)
#GCMRL#  583 dt   0.108000 rms  0.414  0.000% neg 0  invalid 762 tFOTS 2.7400 tGradient 0.8020 tsec 3.7470

#GCAMreg# pass 0 level1 2 level2 1 tsec 16.088 sigma 0.5
l_jacobian=1.00 l_log_likelihood=0.20 l_smoothness=0.40 
tol=2.50e-01, dt=5.00e-02, exp_k=20.0, momentum=0.90, levels=6, niter=500, lbl_dist=10.00, avgs=4, sigma=0.5,type=2, relabel=0, neg=yes

blurring input image with Gaussian with sigma=0.500...
GCAMRegisterLevel(): init RMS 0.414293
#FOTS# QuadFit found better minimum quadopt=(dt=7.37864,rms=0.413975) vs oldopt=(dt=11.52,rms=0.414076)
iter 0, gcam->neg = 1
after 3 iterations, nbhd size=0, neg = 0
#GCMRL#  585 dt   7.378641 rms  0.414  0.075% neg 0  invalid 762 tFOTS 2.7710 tGradient 0.7920 tsec 4.9240
iter 0, gcam->neg = 1
after 0 iterations, nbhd size=0, neg = 0
#GCMRL#  586 dt  11.520000 rms  0.414  0.000% neg 0  invalid 762 tFOTS 2.7560 tGradient 0.8670 tsec 4.3090
iter 0, gcam->neg = 3
after 7 iterations, nbhd size=0, neg = 0
#GCMRL#  587 dt  11.520000 rms  0.413  0.082% neg 0  invalid 762 tFOTS 0.0000 tGradient 0.7980 tsec 2.9270
iter 0, gcam->neg = 9
after 4 iterations, nbhd size=0, neg = 0
#GCMRL#  588 dt  11.520000 rms  0.413  0.079% neg 0  invalid 762 tFOTS 0.0000 tGradient 0.7950 tsec 2.2880
iter 0, gcam->neg = 10
after 14 iterations, nbhd size=1, neg = 0
setting smoothness cost coefficient to 1.000

#GCAMreg# pass 0 level1 1 level2 0 tsec 0 sigma 2
l_jacobian=1.00 l_log_likelihood=0.20 l_smoothness=1.00 
tol=2.50e-01, dt=5.00e-02, exp_k=20.0, momentum=0.90, levels=6, niter=500, lbl_dist=10.00, avgs=1, sigma=2.0,type=2, relabel=0, neg=yes

blurring input image with Gaussian with sigma=2.000...
GCAMRegisterLevel(): init RMS 0.418988
#GCMRL#  590 dt   0.000050 rms  0.419  0.000% neg 0  invalid 762 tFOTS 3.4290 tGradient 0.6080 tsec 4.2230

#GCAMreg# pass 0 level1 1 level2 1 tsec 15.569 sigma 0.5
l_jacobian=1.00 l_log_likelihood=0.20 l_smoothness=1.00 
tol=2.50e-01, dt=5.00e-02, exp_k=20.0, momentum=0.90, levels=6, niter=500, lbl_dist=10.00, avgs=1, sigma=0.5,type=2, relabel=0, neg=yes

blurring input image with Gaussian with sigma=0.500...
GCAMRegisterLevel(): init RMS 0.418988
resetting metric properties...
setting smoothness cost coefficient to 2.000

#GCAMreg# pass 0 level1 0 level2 0 tsec 0 sigma 2
l_jacobian=1.00 l_log_likelihood=0.20 l_smoothness=2.00 
tol=2.50e-01, dt=5.00e-02, exp_k=20.0, momentum=0.90, levels=6, niter=500, lbl_dist=10.00, avgs=0, sigma=2.0,type=2, relabel=0, neg=yes

blurring input image with Gaussian with sigma=2.000...
GCAMRegisterLevel(): init RMS 0.408589
#FOTS# QuadFit found better minimum quadopt=(dt=1.1462,rms=0.399812) vs oldopt=(dt=1.28,rms=0.399892)
iter 0, gcam->neg = 444
after 17 iterations, nbhd size=1, neg = 0
#GCMRL#  593 dt   1.146199 rms  0.401  1.778% neg 0  invalid 762 tFOTS 2.7030 tGradient 0.1890 tsec 7.2730
#FOTS# QuadFit found better minimum quadopt=(dt=2.73438e-05,rms=0.401326) vs oldopt=(dt=1.95313e-05,rms=0.401326)
#GCMRL#  594 dt   0.000027 rms  0.401  0.000% neg 0  invalid 762 tFOTS 3.3430 tGradient 0.1900 tsec 3.7460

#GCAMreg# pass 0 level1 0 level2 1 tsec 19.236 sigma 0.5
l_jacobian=1.00 l_log_likelihood=0.20 l_smoothness=2.00 
tol=2.50e-01, dt=5.00e-02, exp_k=20.0, momentum=0.90, levels=6, niter=500, lbl_dist=10.00, avgs=0, sigma=0.5,type=2, relabel=0, neg=yes

blurring input image with Gaussian with sigma=0.500...
GCAMRegisterLevel(): init RMS 0.401326
#FOTS# QuadFit found better minimum quadopt=(dt=0.112,rms=0.401033) vs oldopt=(dt=0.08,rms=0.401072)
#GCMRL#  596 dt   0.112000 rms  0.401  0.073% neg 0  invalid 762 tFOTS 2.6660 tGradient 0.1890 tsec 3.0510
#FOTS# QuadFit found better minimum quadopt=(dt=0.112,rms=0.400882) vs oldopt=(dt=0.08,rms=0.400901)
#GCMRL#  597 dt   0.112000 rms  0.401  0.000% neg 0  invalid 762 tFOTS 2.6680 tGradient 0.1890 tsec 3.0510
#GCMRL#  598 dt   0.112000 rms  0.401  0.034% neg 0  invalid 762 tFOTS 0.0000 tGradient 0.1880 tsec 0.3760
#GCMRL#  599 dt   0.112000 rms  0.401  0.006% neg 0  invalid 762 tFOTS 0.0000 tGradient 0.1940 tsec 0.3830
GCAMregister done in 3.26692 min
writing output transformation to transforms/talairach.m3z...
GCAMwrite
Calls to gcamLogLikelihoodEnergy 4270 tmin = 1.00957
Calls to gcamLabelEnergy         3756 tmin = 0.695817
Calls to gcamJacobianEnergy      4270 tmin = 0.53575
Calls to gcamSmoothnessEnergy    4270 tmin = 2.99872
Calls to gcamLogLikelihoodTerm 601 tmin = 0.403
Calls to gcamLabelTerm         552 tmin = 3.35672
Calls to gcamJacobianTerm      601 tmin = 0.579967
Calls to gcamSmoothnessTerm    601 tmin = 0.279667
Calls to gcamComputeGradient    601 tmin = 13.9179
Calls to gcamComputeMetricProperties    5966 tmin = 1.41727
mri_ca_register took 0 hours, 31 minutes and 39 seconds.
#VMPC# mri_ca_register VmPeak  3423796
FSRUNTIME@ mri_ca_register  0.5275 hours 16 threads
#--------------------------------------
#@# SubCort Seg Mon Mar  9 09:25:56 CET 2026

 mri_ca_label -relabel_unlikely 9 .3 -prior 0.5 -align norm.mgz transforms/talairach.m3z /opt/freesurfer/average/RB_all_2020-01-02.gca aseg.auto_noCCseg.mgz 

sysname  Linux
hostname dna066
machine  x86_64

setenv SUBJECTS_DIR /out/sourcedata/freesurfer
cd /out/sourcedata/freesurfer/sub-v1s20x0050337_ses-1/mri
mri_ca_label -relabel_unlikely 9 .3 -prior 0.5 -align norm.mgz transforms/talairach.m3z /opt/freesurfer/average/RB_all_2020-01-02.gca aseg.auto_noCCseg.mgz 

relabeling unlikely voxels with window_size = 9 and prior threshold 0.30
using Gibbs prior factor = 0.500
renormalizing sequences with structure alignment, equivalent to:
	-renormalize
	-renormalize_mean 0.500
	-regularize 0.500

== Number of threads available to for OpenMP = 16 == 
reading 1 input volumes
reading classifier array from /opt/freesurfer/average/RB_all_2020-01-02.gca
reading input volume from norm.mgz
average std[0] = 7.2
reading transform from transforms/talairach.m3z
setting orig areas to linear transform determinant scaled 7.09
Atlas used for the 3D morph was /opt/freesurfer/average/RB_all_2020-01-02.gca
average std = 7.2   using min determinant for regularization = 5.2
0 singular and 0 ill-conditioned covariance matrices regularized
labeling volume...
renormalizing by structure alignment....
renormalizing input #0
gca peak = 0.15521 (20)
mri peak = 0.06831 (17)
Left_Lateral_Ventricle (4): linear fit = 0.96 x + 0.0 (344 voxels, overlap=0.862)
Left_Lateral_Ventricle (4): linear fit = 0.96 x + 0.0 (344 voxels, peak = 19), gca=19.3
gca peak = 0.20380 (13)
mri peak = 0.07336 (19)
Right_Lateral_Ventricle (43): linear fit = 1.27 x + 0.0 (510 voxels, overlap=0.969)
Right_Lateral_Ventricle (43): linear fit = 1.27 x + 0.0 (510 voxels, peak = 17), gca=16.6
gca peak = 0.26283 (96)
mri peak = 0.09987 (100)
Right_Pallidum (52): linear fit = 1.03 x + 0.0 (757 voxels, overlap=0.805)
Right_Pallidum (52): linear fit = 1.03 x + 0.0 (757 voxels, peak = 99), gca=99.4
gca peak = 0.15814 (97)
mri peak = 0.11120 (100)
Left_Pallidum (13): linear fit = 1.03 x + 0.0 (633 voxels, overlap=1.004)
Left_Pallidum (13): linear fit = 1.03 x + 0.0 (633 voxels, peak = 100), gca=100.4
gca peak = 0.27624 (56)
mri peak = 0.09524 (62)
Right_Hippocampus (53): linear fit = 1.13 x + 0.0 (1237 voxels, overlap=0.762)
Right_Hippocampus (53): linear fit = 1.13 x + 0.0 (1237 voxels, peak = 64), gca=63.6
gca peak = 0.28723 (59)
mri peak = 0.11197 (64)
Left_Hippocampus (17): linear fit = 1.13 x + 0.0 (1230 voxels, overlap=0.426)
Left_Hippocampus (17): linear fit = 1.13 x + 0.0 (1230 voxels, peak = 67), gca=67.0
gca peak = 0.07623 (103)
mri peak = 0.11241 (104)
Right_Cerebral_White_Matter (41): linear fit = 1.00 x + 0.0 (46921 voxels, overlap=0.711)
Right_Cerebral_White_Matter (41): linear fit = 1.00 x + 0.0 (46921 voxels, peak = 103), gca=103.0
gca peak = 0.07837 (105)
mri peak = 0.12025 (104)
Left_Cerebral_White_Matter (2): linear fit = 1.00 x + 0.0 (50352 voxels, overlap=0.666)
Left_Cerebral_White_Matter (2): linear fit = 1.00 x + 0.0 (50352 voxels, peak = 104), gca=104.5
gca peak = 0.10165 (58)
mri peak = 0.04741 (61)
Left_Cerebral_Cortex (3): linear fit = 1.04 x + 0.0 (44493 voxels, overlap=0.803)
Left_Cerebral_Cortex (3): linear fit = 1.04 x + 0.0 (44493 voxels, peak = 61), gca=60.6
gca peak = 0.11113 (58)
mri peak = 0.04896 (62)
Right_Cerebral_Cortex (42): linear fit = 1.10 x + 0.0 (43650 voxels, overlap=0.812)
Right_Cerebral_Cortex (42): linear fit = 1.10 x + 0.0 (43650 voxels, peak = 64), gca=63.5
gca peak = 0.27796 (67)
mri peak = 0.13802 (72)
Right_Caudate (50): linear fit = 1.07 x + 0.0 (795 voxels, overlap=1.010)
Right_Caudate (50): linear fit = 1.07 x + 0.0 (795 voxels, peak = 71), gca=71.4
gca peak = 0.14473 (69)
mri peak = 0.14374 (75)
Left_Caudate (11): linear fit = 0.96 x + 0.0 (808 voxels, overlap=0.895)
Left_Caudate (11): linear fit = 0.96 x + 0.0 (808 voxels, peak = 67), gca=66.6
gca peak = 0.14301 (56)
mri peak = 0.06821 (63)
Left_Cerebellum_Cortex (8): linear fit = 1.12 x + 0.0 (25700 voxels, overlap=0.872)
Left_Cerebellum_Cortex (8): linear fit = 1.12 x + 0.0 (25700 voxels, peak = 62), gca=62.4
gca peak = 0.14610 (55)
mri peak = 0.05638 (62)
Right_Cerebellum_Cortex (47): linear fit = 1.09 x + 0.0 (24115 voxels, overlap=0.949)
Right_Cerebellum_Cortex (47): linear fit = 1.09 x + 0.0 (24115 voxels, peak = 60), gca=59.7
gca peak = 0.16309 (85)
mri peak = 0.11829 (89)
Left_Cerebellum_White_Matter (7): linear fit = 1.07 x + 0.0 (6065 voxels, overlap=0.744)
Left_Cerebellum_White_Matter (7): linear fit = 1.07 x + 0.0 (6065 voxels, peak = 91), gca=90.5
gca peak = 0.15172 (84)
mri peak = 0.12053 (89)
Right_Cerebellum_White_Matter (46): linear fit = 1.04 x + 0.0 (6455 voxels, overlap=0.826)
Right_Cerebellum_White_Matter (46): linear fit = 1.04 x + 0.0 (6455 voxels, peak = 88), gca=87.8
gca peak = 0.30461 (58)
mri peak = 0.10893 (70)
Left_Amygdala (18): linear fit = 1.20 x + 0.0 (556 voxels, overlap=0.053)
Left_Amygdala (18): linear fit = 1.20 x + 0.0 (556 voxels, peak = 69), gca=69.3
gca peak = 0.32293 (57)
mri peak = 0.11969 (71)
Right_Amygdala (54): linear fit = 1.24 x + 0.0 (717 voxels, overlap=0.047)
Right_Amygdala (54): linear fit = 1.24 x + 0.0 (717 voxels, peak = 70), gca=70.4
gca peak = 0.11083 (90)
mri peak = 0.06163 (91)
Left_Thalamus (10): linear fit = 1.02 x + 0.0 (4858 voxels, overlap=0.998)
Left_Thalamus (10): linear fit = 1.02 x + 0.0 (4858 voxels, peak = 92), gca=92.2
gca peak = 0.11393 (83)
mri peak = 0.06973 (91)
Right_Thalamus (49): linear fit = 1.04 x + 0.0 (4341 voxels, overlap=0.866)
Right_Thalamus (49): linear fit = 1.04 x + 0.0 (4341 voxels, peak = 87), gca=86.7
gca peak = 0.08575 (81)
mri peak = 0.08512 (83)
Left_Putamen (12): linear fit = 1.01 x + 0.0 (2333 voxels, overlap=0.908)
Left_Putamen (12): linear fit = 1.01 x + 0.0 (2333 voxels, peak = 82), gca=82.2
gca peak = 0.08618 (78)
mri peak = 0.08992 (77)
Right_Putamen (51): linear fit = 0.99 x + 0.0 (2194 voxels, overlap=0.864)
Right_Putamen (51): linear fit = 0.99 x + 0.0 (2194 voxels, peak = 77), gca=76.8
gca peak = 0.08005 (78)
mri peak = 0.08474 (87)
Brain_Stem (16): linear fit = 1.09 x + 0.0 (12059 voxels, overlap=0.492)
Brain_Stem (16): linear fit = 1.09 x + 0.0 (12059 voxels, peak = 85), gca=84.6
gca peak = 0.12854 (88)
mri peak = 0.09573 (90)
Right_VentralDC (60): linear fit = 1.07 x + 0.0 (1845 voxels, overlap=0.736)
Right_VentralDC (60): linear fit = 1.07 x + 0.0 (1845 voxels, peak = 94), gca=93.7
gca peak = 0.15703 (87)
mri peak = 0.07789 (96)
Left_VentralDC (28): linear fit = 1.08 x + 0.0 (1697 voxels, overlap=0.780)
Left_VentralDC (28): linear fit = 1.08 x + 0.0 (1697 voxels, peak = 94), gca=93.5
gca peak = 0.17522 (25)
mri peak = 0.10015 (32)
gca peak = 0.17113 (14)
mri peak = 0.24111 (17)
Fourth_Ventricle (15): linear fit = 0.98 x + 0.0 (309 voxels, overlap=0.770)
Fourth_Ventricle (15): linear fit = 0.98 x + 0.0 (309 voxels, peak = 14), gca=13.7
gca peak Unknown = 0.94777 ( 0)
gca peak Left_Inf_Lat_Vent = 0.16627 (28)
gca peak Third_Ventricle = 0.17522 (25)
gca peak CSF = 0.20346 (36)
gca peak Left_Accumbens_area = 0.70646 (62)
gca peak Left_undetermined = 1.00000 (28)
gca peak Left_vessel = 0.89917 (53)
gca peak Left_choroid_plexus = 0.11689 (35)
gca peak Right_Inf_Lat_Vent = 0.25504 (23)
gca peak Right_Accumbens_area = 0.31650 (65)
gca peak Right_vessel = 0.77268 (52)
gca peak Right_choroid_plexus = 0.13275 (38)
gca peak Fifth_Ventricle = 0.60973 (33)
gca peak WM_hypointensities = 0.11013 (77)
gca peak non_WM_hypointensities = 0.11354 (41)
gca peak Optic_Chiasm = 0.51646 (76)
not using caudate to estimate GM means
estimating mean gm scale to be 1.14 x + 0.0
estimating mean wm scale to be 1.00 x + 0.0
estimating mean csf scale to be 1.07 x + 0.0
Left_Pallidum too bright - rescaling by 1.002 (from 1.035) to 100.6 (was 100.4)
saving intensity scales to aseg.auto_noCCseg.label_intensities.txt
renormalizing by structure alignment....
renormalizing input #0
gca peak = 0.17336 (18)
mri peak = 0.06831 (17)
Left_Lateral_Ventricle (4): linear fit = 1.02 x + 0.0 (344 voxels, overlap=0.914)
Left_Lateral_Ventricle (4): linear fit = 1.02 x + 0.0 (344 voxels, peak = 18), gca=18.4
gca peak = 0.16231 (16)
mri peak = 0.07336 (19)
Right_Lateral_Ventricle (43): linear fit = 0.96 x + 0.0 (510 voxels, overlap=0.866)
Right_Lateral_Ventricle (43): linear fit = 0.96 x + 0.0 (510 voxels, peak = 15), gca=15.4
gca peak = 0.20739 (99)
mri peak = 0.09987 (100)
Right_Pallidum (52): linear fit = 1.00 x + 0.0 (757 voxels, overlap=0.999)
Right_Pallidum (52): linear fit = 1.00 x + 0.0 (757 voxels, peak = 99), gca=99.0
gca peak = 0.18256 (98)
mri peak = 0.11120 (100)
Left_Pallidum (13): linear fit = 1.00 x + 0.0 (633 voxels, overlap=1.004)
Left_Pallidum (13): linear fit = 1.00 x + 0.0 (633 voxels, peak = 98), gca=98.5
gca peak = 0.24492 (63)
mri peak = 0.09524 (62)
Right_Hippocampus (53): linear fit = 0.99 x + 0.0 (1237 voxels, overlap=1.005)
Right_Hippocampus (53): linear fit = 0.99 x + 0.0 (1237 voxels, peak = 62), gca=62.1
gca peak = 0.32465 (64)
mri peak = 0.11197 (64)
Left_Hippocampus (17): linear fit = 0.99 x + 0.0 (1230 voxels, overlap=1.005)
Left_Hippocampus (17): linear fit = 0.99 x + 0.0 (1230 voxels, peak = 63), gca=63.0
gca peak = 0.07622 (103)
mri peak = 0.11241 (104)
Right_Cerebral_White_Matter (41): linear fit = 1.00 x + 0.0 (46921 voxels, overlap=0.711)
Right_Cerebral_White_Matter (41): linear fit = 1.00 x + 0.0 (46921 voxels, peak = 103), gca=103.0
gca peak = 0.08124 (104)
mri peak = 0.12025 (104)
Left_Cerebral_White_Matter (2): linear fit = 1.00 x + 0.0 (50352 voxels, overlap=0.645)
Left_Cerebral_White_Matter (2): linear fit = 1.00 x + 0.0 (50352 voxels, peak = 104), gca=104.0
gca peak = 0.09136 (61)
mri peak = 0.04741 (61)
Left_Cerebral_Cortex (3): linear fit = 1.02 x + 0.0 (44493 voxels, overlap=0.928)
Left_Cerebral_Cortex (3): linear fit = 1.02 x + 0.0 (44493 voxels, peak = 63), gca=62.5
gca peak = 0.10303 (64)
mri peak = 0.04896 (62)
Right_Cerebral_Cortex (42): linear fit = 0.96 x + 0.0 (43650 voxels, overlap=0.922)
Right_Cerebral_Cortex (42): linear fit = 0.96 x + 0.0 (43650 voxels, peak = 62), gca=61.8
gca peak = 0.22830 (72)
mri peak = 0.13802 (72)
Right_Caudate (50): linear fit = 1.01 x + 0.0 (795 voxels, overlap=1.006)
Right_Caudate (50): linear fit = 1.01 x + 0.0 (795 voxels, peak = 73), gca=73.1
gca peak = 0.15637 (75)
mri peak = 0.14374 (75)
Left_Caudate (11): linear fit = 1.01 x + 0.0 (808 voxels, overlap=1.000)
Left_Caudate (11): linear fit = 1.01 x + 0.0 (808 voxels, peak = 76), gca=76.1
gca peak = 0.12634 (62)
mri peak = 0.06821 (63)
Left_Cerebellum_Cortex (8): linear fit = 0.99 x + 0.0 (25700 voxels, overlap=0.999)
Left_Cerebellum_Cortex (8): linear fit = 0.99 x + 0.0 (25700 voxels, peak = 61), gca=61.1
gca peak = 0.14571 (60)
mri peak = 0.05638 (62)
Right_Cerebellum_Cortex (47): linear fit = 1.02 x + 0.0 (24115 voxels, overlap=0.996)
Right_Cerebellum_Cortex (47): linear fit = 1.02 x + 0.0 (24115 voxels, peak = 62), gca=61.5
gca peak = 0.15236 (90)
mri peak = 0.11829 (89)
Left_Cerebellum_White_Matter (7): linear fit = 0.99 x + 0.0 (6065 voxels, overlap=0.963)
Left_Cerebellum_White_Matter (7): linear fit = 0.99 x + 0.0 (6065 voxels, peak = 89), gca=88.7
gca peak = 0.15333 (88)
mri peak = 0.12053 (89)
Right_Cerebellum_White_Matter (46): linear fit = 1.00 x + 0.0 (6455 voxels, overlap=0.964)
Right_Cerebellum_White_Matter (46): linear fit = 1.00 x + 0.0 (6455 voxels, peak = 88), gca=87.6
gca peak = 0.27347 (69)
mri peak = 0.10893 (70)
Left_Amygdala (18): linear fit = 0.99 x + 0.0 (556 voxels, overlap=1.008)
Left_Amygdala (18): linear fit = 0.99 x + 0.0 (556 voxels, peak = 68), gca=68.0
gca peak = 0.26114 (71)
mri peak = 0.11969 (71)
Right_Amygdala (54): linear fit = 1.03 x + 0.0 (717 voxels, overlap=0.968)
Right_Amygdala (54): linear fit = 1.03 x + 0.0 (717 voxels, peak = 73), gca=73.5
gca peak = 0.09561 (90)
mri peak = 0.06163 (91)
Left_Thalamus (10): linear fit = 1.00 x + 0.0 (4858 voxels, overlap=0.998)
Left_Thalamus (10): linear fit = 1.00 x + 0.0 (4858 voxels, peak = 90), gca=89.6
gca peak = 0.09464 (86)
mri peak = 0.06973 (91)
Right_Thalamus (49): linear fit = 1.02 x + 0.0 (4341 voxels, overlap=0.974)
Right_Thalamus (49): linear fit = 1.02 x + 0.0 (4341 voxels, peak = 88), gca=88.2
gca peak = 0.08227 (82)
mri peak = 0.08512 (83)
Left_Putamen (12): linear fit = 1.00 x + 0.0 (2333 voxels, overlap=0.911)
Left_Putamen (12): linear fit = 1.00 x + 0.0 (2333 voxels, peak = 82), gca=82.0
gca peak = 0.09459 (76)
mri peak = 0.08992 (77)
Right_Putamen (51): linear fit = 1.00 x + 0.0 (2194 voxels, overlap=0.890)
Right_Putamen (51): linear fit = 1.00 x + 0.0 (2194 voxels, peak = 76), gca=76.0
gca peak = 0.07967 (85)
mri peak = 0.08474 (87)
Brain_Stem (16): linear fit = 1.01 x + 0.0 (12059 voxels, overlap=0.774)
Brain_Stem (16): linear fit = 1.01 x + 0.0 (12059 voxels, peak = 86), gca=86.3
gca peak = 0.12327 (95)
mri peak = 0.09573 (90)
Right_VentralDC (60): linear fit = 0.99 x + 0.0 (1845 voxels, overlap=0.837)
Right_VentralDC (60): linear fit = 0.99 x + 0.0 (1845 voxels, peak = 94), gca=93.6
gca peak = 0.14685 (92)
mri peak = 0.07789 (96)
Left_VentralDC (28): linear fit = 0.98 x + 0.0 (1697 voxels, overlap=0.867)
Left_VentralDC (28): linear fit = 0.98 x + 0.0 (1697 voxels, peak = 90), gca=89.7
gca peak = 0.16500 (28)
mri peak = 0.10015 (32)
gca peak = 0.21684 (14)
mri peak = 0.24111 (17)
Fourth_Ventricle (15): linear fit = 0.98 x + 0.0 (309 voxels, overlap=0.771)
Fourth_Ventricle (15): linear fit = 0.98 x + 0.0 (309 voxels, peak = 14), gca=13.7
gca peak Unknown = 0.94777 ( 0)
gca peak Left_Inf_Lat_Vent = 0.19694 (32)
gca peak Third_Ventricle = 0.16500 (28)
gca peak CSF = 0.21528 (33)
gca peak Left_Accumbens_area = 0.77070 (60)
gca peak Left_undetermined = 1.00000 (28)
gca peak Left_vessel = 0.89837 (53)
gca peak Left_choroid_plexus = 0.11541 (35)
gca peak Right_Inf_Lat_Vent = 0.23431 (26)
gca peak Right_Accumbens_area = 0.29187 (69)
gca peak Right_vessel = 0.77268 (52)
gca peak Right_choroid_plexus = 0.13275 (38)
gca peak Fifth_Ventricle = 0.60973 (35)
gca peak WM_hypointensities = 0.11378 (76)
gca peak non_WM_hypointensities = 0.10953 (41)
gca peak Optic_Chiasm = 0.51666 (76)
not using caudate to estimate GM means
estimating mean gm scale to be 1.00 x + 0.0
estimating mean wm scale to be 1.00 x + 0.0
estimating mean csf scale to be 0.99 x + 0.0
saving intensity scales to aseg.auto_noCCseg.label_intensities.txt
saving sequentially combined intensity scales to aseg.auto_noCCseg.label_intensities.txt
52854 voxels changed in iteration 0 of unlikely voxel relabeling
304 voxels changed in iteration 1 of unlikely voxel relabeling
7 voxels changed in iteration 2 of unlikely voxel relabeling
0 voxels changed in iteration 3 of unlikely voxel relabeling
44042 gm and wm labels changed (%27 to gray, %73 to white out of all changed labels)
738 hippocampal voxels changed.
0 amygdala voxels changed.
Reclassifying using Gibbs Priors
pass 1: 64569 changed. image ll: -2.107, PF=0.500
pass 2: 16999 changed. image ll: -2.106, PF=0.500
pass 3: 5435 changed.
pass 4: 1997 changed.
38071 voxels changed in iteration 0 of unlikely voxel relabeling
364 voxels changed in iteration 1 of unlikely voxel relabeling
11 voxels changed in iteration 2 of unlikely voxel relabeling
0 voxels changed in iteration 3 of unlikely voxel relabeling
7063 voxels changed in iteration 0 of unlikely voxel relabeling
167 voxels changed in iteration 1 of unlikely voxel relabeling
5 voxels changed in iteration 2 of unlikely voxel relabeling
0 voxels changed in iteration 3 of unlikely voxel relabeling
6311 voxels changed in iteration 0 of unlikely voxel relabeling
74 voxels changed in iteration 1 of unlikely voxel relabeling
2 voxels changed in iteration 2 of unlikely voxel relabeling
0 voxels changed in iteration 3 of unlikely voxel relabeling
6712 voxels changed in iteration 0 of unlikely voxel relabeling
50 voxels changed in iteration 1 of unlikely voxel relabeling
0 voxels changed in iteration 2 of unlikely voxel relabeling
 !!!!!!!!! ventricle segment 2 with volume 3516 above threshold 100 - not erasing !!!!!!!!!!
 !!!!!!!!! ventricle segment 2 with volume 162 above threshold 100 - not erasing !!!!!!!!!!
 !!!!!!!!! ventricle segment 1 with volume 3606 above threshold 100 - not erasing !!!!!!!!!!
 !!!!!!!!! ventricle segment 9 with volume 248 above threshold 100 - not erasing !!!!!!!!!!
 !!!!!!!!! ventricle segment 0 with volume 449 above threshold 100 - not erasing !!!!!!!!!!
writing labeled volume to aseg.auto_noCCseg.mgz
mri_ca_label utimesec    1421.709893
mri_ca_label stimesec    3.844387
mri_ca_label ru_maxrss   2118828
mri_ca_label ru_ixrss    0
mri_ca_label ru_idrss    0
mri_ca_label ru_isrss    0
mri_ca_label ru_minflt   3153822
mri_ca_label ru_majflt   9
mri_ca_label ru_nswap    0
mri_ca_label ru_inblock  1142
mri_ca_label ru_oublock  664
mri_ca_label ru_msgsnd   0
mri_ca_label ru_msgrcv   0
mri_ca_label ru_nsignals 0
mri_ca_label ru_nvcsw    2313
mri_ca_label ru_nivcsw   13104
auto-labeling took 22 minutes and 35 seconds.
#--------------------------------------
#@# CC Seg Mon Mar  9 09:48:31 CET 2026

 mri_cc -aseg aseg.auto_noCCseg.mgz -o aseg.auto.mgz -lta /out/sourcedata/freesurfer/sub-v1s20x0050337_ses-1/mri/transforms/cc_up.lta sub-v1s20x0050337_ses-1 

will read input aseg from aseg.auto_noCCseg.mgz
writing aseg with cc labels to aseg.auto.mgz
will write lta as /out/sourcedata/freesurfer/sub-v1s20x0050337_ses-1/mri/transforms/cc_up.lta
reading aseg from /out/sourcedata/freesurfer/sub-v1s20x0050337_ses-1/mri/aseg.auto_noCCseg.mgz
reading norm from /out/sourcedata/freesurfer/sub-v1s20x0050337_ses-1/mri/norm.mgz
135983 voxels in left wm, 126511 in right wm, xrange [107, 133]
searching rotation angles z=[-6  8], y=[ 2 16]
searching scale 1 Z rot -5.7  searching scale 1 Z rot -5.5  searching scale 1 Z rot -5.2  searching scale 1 Z rot -5.0  searching scale 1 Z rot -4.7  searching scale 1 Z rot -4.5  searching scale 1 Z rot -4.2  searching scale 1 Z rot -4.0  searching scale 1 Z rot -3.7  searching scale 1 Z rot -3.5  searching scale 1 Z rot -3.2  searching scale 1 Z rot -3.0  searching scale 1 Z rot -2.7  searching scale 1 Z rot -2.5  searching scale 1 Z rot -2.2  searching scale 1 Z rot -2.0  searching scale 1 Z rot -1.7  searching scale 1 Z rot -1.5  searching scale 1 Z rot -1.2  searching scale 1 Z rot -1.0  searching scale 1 Z rot -0.7  searching scale 1 Z rot -0.5  searching scale 1 Z rot -0.2  searching scale 1 Z rot 0.0  searching scale 1 Z rot 0.3  searching scale 1 Z rot 0.5  searching scale 1 Z rot 0.8  searching scale 1 Z rot 1.0  searching scale 1 Z rot 1.3  searching scale 1 Z rot 1.5  searching scale 1 Z rot 1.8  searching scale 1 Z rot 2.0  searching scale 1 Z rot 2.3  searching scale 1 Z rot 2.5  searching scale 1 Z rot 2.8  searching scale 1 Z rot 3.0  searching scale 1 Z rot 3.3  searching scale 1 Z rot 3.5  searching scale 1 Z rot 3.8  searching scale 1 Z rot 4.0  searching scale 1 Z rot 4.3  searching scale 1 Z rot 4.5  searching scale 1 Z rot 4.8  searching scale 1 Z rot 5.0  searching scale 1 Z rot 5.3  searching scale 1 Z rot 5.5  searching scale 1 Z rot 5.8  searching scale 1 Z rot 6.0  searching scale 1 Z rot 6.3  searching scale 1 Z rot 6.5  searching scale 1 Z rot 6.8  searching scale 1 Z rot 7.0  searching scale 1 Z rot 7.3  searching scale 1 Z rot 7.5  searching scale 1 Z rot 7.8  searching scale 1 Z rot 8.0  global minimum found at slice 119.8, rotations (8.66, 1.26)
final transformation (x=119.8, yr=8.662, zr=1.256):
 0.98836  -0.02191   0.15056  -5.17252;
 0.02166   0.99976   0.00330   8.05303;
-0.15060   0.00000   0.98860   32.35561;
 0.00000   0.00000   0.00000   1.00000;
updating x range to be [126, 130] in xformed coordinates
best xformed slice 128
min_x_fornix = 146
WARNING: min_x_fornix not set
WARNING: min_x_fornix not set
WARNING: min_x_fornix not set
min_x_fornix = 143
cc center is found at 128 117 115
eigenvectors:
 0.00121   0.00486   0.99999;
 0.13520  -0.99081   0.00465;
 0.99082   0.13519  -0.00185;
writing aseg with callosum to /out/sourcedata/freesurfer/sub-v1s20x0050337_ses-1/mri/aseg.auto.mgz...
corpus callosum segmentation took 1.0 minutes
#VMPC# mri_cc VmPeak  559852
mri_cc done
#--------------------------------------
#@# Merge ASeg Mon Mar  9 09:49:30 CET 2026

 cp aseg.auto.mgz aseg.presurf.mgz 

#--------------------------------------------
#@# Intensity Normalization2 Mon Mar  9 09:49:30 CET 2026
/out/sourcedata/freesurfer/sub-v1s20x0050337_ses-1/mri

 mri_normalize -seed 1234 -mprage -aseg aseg.presurf.mgz -mask brainmask.mgz norm.mgz brain.mgz 

setting seed for random number genererator to 1234
assuming input volume is MGH (Van der Kouwe) MP-RAGE
using segmentation for initial intensity normalization
using MR volume brainmask.mgz to mask input volume...
reading mri_src from norm.mgz...
Reading aseg aseg.presurf.mgz
normalizing image...
NOT doing gentle normalization with control points/label
processing with aseg
removing outliers in the aseg WM...
1306 control points removed
Building bias image
building Voronoi diagram...
performing soap bubble smoothing, sigma = 0...
Smoothing with sigma 8
Applying bias correction
building Voronoi diagram...
performing soap bubble smoothing, sigma = 8...

Iterating 2 times
---------------------------------
3d normalization pass 1 of 2
white matter peak found at 110
white matter peak found at 109
gm peak at 71 (71), valley at 30 (30)
csf peak at 36, setting threshold to 59
building Voronoi diagram...
performing soap bubble smoothing, sigma = 8...
---------------------------------
3d normalization pass 2 of 2
white matter peak found at 110
white matter peak found at 110
gm peak at 70 (70), valley at 30 (30)
csf peak at 35, setting threshold to 58
building Voronoi diagram...
performing soap bubble smoothing, sigma = 8...
Done iterating ---------------------------------
writing output to brain.mgz
3D bias adjustment took 1 minutes and 22 seconds.
#--------------------------------------------
#@# Mask BFS Mon Mar  9 09:50:53 CET 2026
/out/sourcedata/freesurfer/sub-v1s20x0050337_ses-1/mri

 mri_mask -T 5 brain.mgz brainmask.mgz brain.finalsurfs.mgz 

threshold mask volume at 5
DoAbs = 0
Found 1591148 voxels in mask (pct=  9.48)
Writing masked volume to brain.finalsurfs.mgz...done.
#--------------------------------------------
#@# WM Segmentation Mon Mar  9 09:50:54 CET 2026

 AntsDenoiseImageFs -i brain.mgz -o antsdn.brain.mgz 


 mri_segment -wsizemm 13 -mprage antsdn.brain.mgz wm.seg.mgz 

wsizemm = 13, voxres = 1, wsize = 13
Widening wm low from 89 to 79
assuming input volume is MGH (Van der Kouwe) MP-RAGE
wm mean:  110
wsize:    13
wm low:   79
wm hi:    125
gray low: 30
gray hi:  99
Doing initial trinary intensity segmentation 
Using local statistics to label ambiguous voxels
Autodetecting stats
Computing class statistics for intensity windows...
CCS WM (101.0): 100.7 +- 6.3 [79.0 --> 125.0]
CCS GM (75.0) : 73.5 +- 9.7 [30.0 --> 95.0]
 white_mean 100.673
 white_sigma 6.31162
 gray_mean 73.5257
 gray_sigma 9.70612
setting bottom of white matter range wm_low to 83.2
setting top of gray matter range gray_hi to 92.9
 wm_low 83.2318
 wm_hi  125
 gray_low 30
 gray_hi  92.9379
Redoing initial intensity segmentation...
Recomputing local statistics to label ambiguous voxels...
 wm_low 83.2318
 wm_hi  125
 gray_low 30
 gray_hi  92.9379
using local geometry to label remaining ambiguous voxels...
polvwsize = 5, polvlen = 3, gray_hi = 92.9379, wm_low = 83.2318
MRIcpolvMedianCurveSegment(): wsize=5, len=3, gmhi=92.9379, wmlow=83.2318
    142810 voxels processed (0.85%)
     66633 voxels white (0.40%)
     76177 voxels non-white (0.45%)

Reclassifying voxels using Gaussian border classifier niter=1
MRIreclassify(): wm_low=78.2318, gray_hi=92.9379, wsize=13
    260556 voxels tested (1.55%)
     50291 voxels changed (0.30%)
     58596 multi-scale searches  (0.35%)
Recovering bright white
MRIrecoverBrightWhite()
 wm_low 83.2318
 wm_hi 125
 slack 6.31162
 pct_thresh 0.33
 intensity_thresh 131.312
 nvox_thresh 8.58
      113 voxels tested (0.00%)
       45 voxels changed (0.00%)

removing voxels with positive offset direction...
MRIremoveWrongDirection() wsize=3, lowthr=78.2318, hithr=92.9379
  smoothing input volume with sigma = 0.250
    95636 voxels tested (0.57%)
    16290 voxels changed (0.10%)
thicken = 1
removing 1-dimensional structures...
MRIremove1dStructures(): max_iter=10000, thresh=2, WM_MIN_VAL=5
 2262 sparsely connected voxels removed in 1 iterations
thickening thin strands....
thickness 4
nsegments 20
wm_hi 125
1199 diagonally connected voxels added...
MRIthickenThinWMStrands(): thickness=4, nsegments=20
  20 segments, 2336 filled
MRIfindBrightNonWM(): 753 bright non-wm voxels segmented.
MRIfilterMorphology() WM_MIN_VAL=5, DIAGONAL_FILL=230
white matter segmentation took 0.8 minutes
writing output to wm.seg.mgz...

 mri_edit_wm_with_aseg -keep-in wm.seg.mgz brain.mgz aseg.presurf.mgz wm.asegedit.mgz 

preserving editing changes in input volume...
auto filling took 0.34 minutes
reading wm segmentation from wm.seg.mgz...
0 voxels added to wm to prevent paths from MTL structures to cortex
3789 additional wm voxels added
0 additional wm voxels added
SEG EDIT: 37891 voxels turned on, 38627 voxels turned off.
propagating editing to output volume from wm.seg.mgz
writing edited volume to wm.asegedit.mgz....

 mri_pretess wm.asegedit.mgz wm norm.mgz wm.mgz 


Iteration Number : 1
pass   1 (xy+):  21 found -  21 modified     |    TOTAL:  21
pass   2 (xy+):   0 found -  21 modified     |    TOTAL:  21
pass   1 (xy-):  16 found -  16 modified     |    TOTAL:  37
pass   2 (xy-):   0 found -  16 modified     |    TOTAL:  37
pass   1 (yz+):  16 found -  16 modified     |    TOTAL:  53
pass   2 (yz+):   0 found -  16 modified     |    TOTAL:  53
pass   1 (yz-):  19 found -  19 modified     |    TOTAL:  72
pass   2 (yz-):   0 found -  19 modified     |    TOTAL:  72
pass   1 (xz+):  34 found -  34 modified     |    TOTAL: 106
pass   2 (xz+):   0 found -  34 modified     |    TOTAL: 106
pass   1 (xz-):  17 found -  17 modified     |    TOTAL: 123
pass   2 (xz-):   0 found -  17 modified     |    TOTAL: 123
Iteration Number : 1
pass   1 (+++):  13 found -  13 modified     |    TOTAL:  13
pass   2 (+++):   0 found -  13 modified     |    TOTAL:  13
pass   1 (+++):  14 found -  14 modified     |    TOTAL:  27
pass   2 (+++):   0 found -  14 modified     |    TOTAL:  27
pass   1 (+++):   5 found -   5 modified     |    TOTAL:  32
pass   2 (+++):   0 found -   5 modified     |    TOTAL:  32
pass   1 (+++):   4 found -   4 modified     |    TOTAL:  36
pass   2 (+++):   0 found -   4 modified     |    TOTAL:  36
Iteration Number : 1
pass   1 (++):  49 found -  49 modified     |    TOTAL:  49
pass   2 (++):   0 found -  49 modified     |    TOTAL:  49
pass   1 (+-):  63 found -  63 modified     |    TOTAL: 112
pass   2 (+-):   0 found -  63 modified     |    TOTAL: 112
pass   1 (--):  36 found -  36 modified     |    TOTAL: 148
pass   2 (--):   0 found -  36 modified     |    TOTAL: 148
pass   1 (-+):  40 found -  40 modified     |    TOTAL: 188
pass   2 (-+):   0 found -  40 modified     |    TOTAL: 188
Iteration Number : 2
pass   1 (xy+):   3 found -   3 modified     |    TOTAL:   3
pass   2 (xy+):   0 found -   3 modified     |    TOTAL:   3
pass   1 (xy-):   2 found -   2 modified     |    TOTAL:   5
pass   2 (xy-):   0 found -   2 modified     |    TOTAL:   5
pass   1 (yz+):   1 found -   1 modified     |    TOTAL:   6
pass   2 (yz+):   0 found -   1 modified     |    TOTAL:   6
pass   1 (yz-):   2 found -   2 modified     |    TOTAL:   8
pass   2 (yz-):   0 found -   2 modified     |    TOTAL:   8
pass   1 (xz+):   2 found -   2 modified     |    TOTAL:  10
pass   2 (xz+):   0 found -   2 modified     |    TOTAL:  10
pass   1 (xz-):   3 found -   3 modified     |    TOTAL:  13
pass   2 (xz-):   0 found -   3 modified     |    TOTAL:  13
Iteration Number : 2
pass   1 (+++):   0 found -   0 modified     |    TOTAL:   0
pass   1 (+++):   0 found -   0 modified     |    TOTAL:   0
pass   1 (+++):   0 found -   0 modified     |    TOTAL:   0
pass   1 (+++):   2 found -   2 modified     |    TOTAL:   2
pass   2 (+++):   0 found -   2 modified     |    TOTAL:   2
Iteration Number : 2
pass   1 (++):   2 found -   2 modified     |    TOTAL:   2
pass   2 (++):   0 found -   2 modified     |    TOTAL:   2
pass   1 (+-):   2 found -   2 modified     |    TOTAL:   4
pass   2 (+-):   0 found -   2 modified     |    TOTAL:   4
pass   1 (--):   2 found -   2 modified     |    TOTAL:   6
pass   2 (--):   0 found -   2 modified     |    TOTAL:   6
pass   1 (-+):   1 found -   1 modified     |    TOTAL:   7
pass   2 (-+):   0 found -   1 modified     |    TOTAL:   7
Iteration Number : 3
pass   1 (xy+):   0 found -   0 modified     |    TOTAL:   0
pass   1 (xy-):   0 found -   0 modified     |    TOTAL:   0
pass   1 (yz+):   0 found -   0 modified     |    TOTAL:   0
pass   1 (yz-):   1 found -   1 modified     |    TOTAL:   1
pass   2 (yz-):   0 found -   1 modified     |    TOTAL:   1
pass   1 (xz+):   0 found -   0 modified     |    TOTAL:   1
pass   1 (xz-):   0 found -   0 modified     |    TOTAL:   1
Iteration Number : 3
pass   1 (+++):   0 found -   0 modified     |    TOTAL:   0
pass   1 (+++):   0 found -   0 modified     |    TOTAL:   0
pass   1 (+++):   0 found -   0 modified     |    TOTAL:   0
pass   1 (+++):   0 found -   0 modified     |    TOTAL:   0
Iteration Number : 3
pass   1 (++):   0 found -   0 modified     |    TOTAL:   0
pass   1 (+-):   0 found -   0 modified     |    TOTAL:   0
pass   1 (--):   1 found -   1 modified     |    TOTAL:   1
pass   2 (--):   0 found -   1 modified     |    TOTAL:   1
pass   1 (-+):   0 found -   0 modified     |    TOTAL:   1
Iteration Number : 4
pass   1 (xy+):   0 found -   0 modified     |    TOTAL:   0
pass   1 (xy-):   0 found -   0 modified     |    TOTAL:   0
pass   1 (yz+):   0 found -   0 modified     |    TOTAL:   0
pass   1 (yz-):   0 found -   0 modified     |    TOTAL:   0
pass   1 (xz+):   0 found -   0 modified     |    TOTAL:   0
pass   1 (xz-):   0 found -   0 modified     |    TOTAL:   0
Iteration Number : 4
pass   1 (+++):   0 found -   0 modified     |    TOTAL:   0
pass   1 (+++):   0 found -   0 modified     |    TOTAL:   0
pass   1 (+++):   0 found -   0 modified     |    TOTAL:   0
pass   1 (+++):   0 found -   0 modified     |    TOTAL:   0
Iteration Number : 4
pass   1 (++):   0 found -   0 modified     |    TOTAL:   0
pass   1 (+-):   0 found -   0 modified     |    TOTAL:   0
pass   1 (--):   0 found -   0 modified     |    TOTAL:   0
pass   1 (-+):   0 found -   0 modified     |    TOTAL:   0

Total Number of Modified Voxels = 371 (out of 586304: 0.063278)
binarizing input wm segmentation...
Ambiguous edge configurations... 

mri_pretess done

#--------------------------------------------
#@# Fill Mon Mar  9 09:52:36 CET 2026
/out/sourcedata/freesurfer/sub-v1s20x0050337_ses-1/mri

 mri_fill -a ../scripts/ponscc.cut.log -xform transforms/talairach.lta -segmentation aseg.presurf.mgz -ctab /opt/freesurfer/SubCorticalMassLUT.txt wm.mgz filled.mgz 

logging cutting plane coordinates to ../scripts/ponscc.cut.log...
INFO: Using transforms/talairach.lta and its offset for Talairach volume ...
using segmentation aseg.presurf.mgz...
reading input volume...done.
searching for cutting planes...voxel to talairach voxel transform
 0.96874  -0.03550   0.15631  -3.56284;
 0.04480   1.13475  -0.08804  -27.90376;
-0.15273   0.09814   0.99270  -1.84503;
 0.00000   0.00000   0.00000   1.00000;
voxel to talairach voxel transform
 0.96874  -0.03550   0.15631  -3.56284;
 0.04480   1.13475  -0.08804  -27.90376;
-0.15273   0.09814   0.99270  -1.84503;
 0.00000   0.00000   0.00000   1.00000;
reading segmented volume aseg.presurf.mgz
removing CC from segmentation
Looking for area (min, max) = (350, 1400)
area[0] = 792 (min = 350, max = 1400), aspect = 0.48 (min = 0.10, max = 0.75)
no need to search
using seed (126, 110, 119), TAL = (2.0, -9.0, 18.0)
talairach voxel to voxel transform
 1.00585   0.04482  -0.15441   4.54957;
-0.02750   0.87332   0.08178   24.42182;
 0.15747  -0.07944   0.97551   0.14417;
 0.00000   0.00000   0.00000   1.00000;
segmentation indicates cc at (126,  110,  119) --> (2.0, -9.0, 18.0)
done.
filling took 0.6 minutes
talairach cc position changed to (2.00, -9.00, 18.00)
Erasing brainstem...done.
seed_search_size = 9, min_neighbors = 5
search rh wm seed point around talairach space:(20.00, -9.00, 18.00) SRC: (99.74, 127.25, 124.50)
search lh wm seed point around talairach space (-16.00, -9.00, 18.00), SRC: (135.95, 126.26, 130.17)
compute mri_fill using aseg
Erasing Brain Stem and Cerebellum ...
Define left and right masks using aseg:
Building Voronoi diagram ...
Using the Voronoi diagram for separating WM into two hemispheres ...
Find the largest connected component for each hemisphere ...
Embedding colortable
mri_fill done, writing output to filled.mgz...
 cp filled.mgz filled.auto.mgz

Started at Mon Mar 9 08:53:24 CET 2026 
Ended   at Mon Mar 9 09:53:13 CET 2026
#@#%# recon-all-run-time-hours 0.997
recon-all -s sub-v1s20x0050337_ses-1 finished without error at Mon Mar  9 09:53:13 CET 2026



#New# invocation of recon-all 




Mon Mar  9 10:29:58 CET 2026
cd /out/sourcedata/freesurfer/sub-v1s20x0050337_ses-1
setenv SUBJECTS_DIR /out/sourcedata/freesurfer
/opt/freesurfer/bin/recon-all -parallel -subjid sub-v1s20x0050337_ses-1 -sd /out/sourcedata/freesurfer -cortribbon

subjid sub-v1s20x0050337_ses-1
setenv SUBJECTS_DIR /out/sourcedata/freesurfer
FREESURFER_HOME /opt/freesurfer
Actual FREESURFER_HOME /opt/freesurfer
build-stamp.txt: freesurfer-linux-ubuntu22_x86_64-7.3.2-20220804-6354275
Linux dna066 5.14.0-427.37.1.el9_4.x86_64 #1 SMP PREEMPT_DYNAMIC Fri Sep 13 12:41:50 EDT 2024 x86_64 x86_64 x86_64 GNU/Linux
cputime      unlimited
filesize     unlimited
datasize     unlimited
stacksize    8192 kbytes
coredumpsize 0 kbytes
memoryuse    67108864 kbytes
vmemoryuse   unlimited
descriptors  1024 
memorylocked unlimited
maxproc      2061970 
maxlocks     unlimited
maxsignal    2062029 
maxmessage   819200 
maxnice      0 
maxrtprio    0 
maxrttime    unlimited

               total        used        free      shared  buff/cache   available
Mem:           503Gi        51Gi       427Gi       9.2Gi        24Gi       439Gi
Swap:             0B          0B          0B

########################################
program versions used
7.3.2 (freesurfer-linux-ubuntu22_x86_64-7.3.2-20220804-6354275)
7.3.2

ProgramName: lta_convert  ProgramArguments: lta_convert -all-info  ProgramVersion: 7.3.2  TimeStamp: 2026/03/09-09:29:58-GMT  BuildTime: Aug  4 2022 06:17:15  BuildStamp: freesurfer-linux-ubuntu22_x86_64-7.3.2-20220804-6354275  User: oesteban  Machine: dna066  Platform: Linux  PlatformVersion: 5.14.0-427.37.1.el9_4.x86_64  CompilerName: GCC  CompilerVersion: 8.4.0
ProgramName: mri_and  ProgramArguments: mri_and -all-info  ProgramVersion: 7.3.2  TimeStamp: 2026/03/09-09:29:58-GMT  BuildTime: Aug  4 2022 06:17:15  BuildStamp: freesurfer-linux-ubuntu22_x86_64-7.3.2-20220804-6354275  User: oesteban  Machine: dna066  Platform: Linux  PlatformVersion: 5.14.0-427.37.1.el9_4.x86_64  CompilerName: GCC  CompilerVersion: 8.4.0
ProgramName: mri_annotation2label  ProgramArguments: mri_annotation2label -all-info  ProgramVersion: 7.3.2  TimeStamp: 2026/03/09-09:29:58-GMT  BuildTime: Aug  4 2022 06:17:15  BuildStamp: freesurfer-linux-ubuntu22_x86_64-7.3.2-20220804-6354275  User: oesteban  Machine: dna066  Platform: Linux  PlatformVersion: 5.14.0-427.37.1.el9_4.x86_64  CompilerName: GCC  CompilerVersion: 8.4.0
ProgramName: mri_aparc2aseg  ProgramArguments: mri_aparc2aseg -all-info  ProgramVersion: 7.3.2  TimeStamp: 2026/03/09-09:29:58-GMT  BuildTime: Aug  4 2022 06:17:15  BuildStamp: freesurfer-linux-ubuntu22_x86_64-7.3.2-20220804-6354275  User: oesteban  Machine: dna066  Platform: Linux  PlatformVersion: 5.14.0-427.37.1.el9_4.x86_64  CompilerName: GCC  CompilerVersion: 8.4.0
ProgramName: mri_surf2volseg  ProgramArguments: mri_surf2volseg -all-info  ProgramVersion: 7.3.2  TimeStamp: 2026/03/09-09:29:58-GMT  BuildTime: Aug  4 2022 06:17:15  BuildStamp: freesurfer-linux-ubuntu22_x86_64-7.3.2-20220804-6354275  User: oesteban  Machine: dna066  Platform: Linux  PlatformVersion: 5.14.0-427.37.1.el9_4.x86_64  CompilerName: GCC  CompilerVersion: 8.4.0
ProgramName: mri_binarize  ProgramArguments: mri_binarize -all-info  ProgramVersion: 7.3.2  TimeStamp: 2026/03/09-09:29:58-GMT  BuildTime: Aug  4 2022 06:17:15  BuildStamp: freesurfer-linux-ubuntu22_x86_64-7.3.2-20220804-6354275  User: oesteban  Machine: dna066  Platform: Linux  PlatformVersion: 5.14.0-427.37.1.el9_4.x86_64  CompilerName: GCC  CompilerVersion: 8.4.0
ProgramName: mri_ca_label  ProgramArguments: mri_ca_label -all-info  ProgramVersion: 7.3.2  TimeStamp: 2026/03/09-09:29:58-GMT  BuildTime: Aug  4 2022 06:17:15  BuildStamp: freesurfer-linux-ubuntu22_x86_64-7.3.2-20220804-6354275  User: oesteban  Machine: dna066  Platform: Linux  PlatformVersion: 5.14.0-427.37.1.el9_4.x86_64  CompilerName: GCC  CompilerVersion: 8.4.0
ProgramName: mri_ca_normalize  ProgramArguments: mri_ca_normalize -all-info  ProgramVersion: 7.3.2  TimeStamp: 2026/03/09-09:29:58-GMT  BuildTime: Aug  4 2022 06:17:15  BuildStamp: freesurfer-linux-ubuntu22_x86_64-7.3.2-20220804-6354275  User: oesteban  Machine: dna066  Platform: Linux  PlatformVersion: 5.14.0-427.37.1.el9_4.x86_64  CompilerName: GCC  CompilerVersion: 8.4.0
ProgramName: mri_ca_register  ProgramArguments: mri_ca_register -all-info  ProgramVersion: 7.3.2  TimeStamp: 2026/03/09-09:29:58-GMT  BuildTime: Aug  4 2022 06:17:15  BuildStamp: freesurfer-linux-ubuntu22_x86_64-7.3.2-20220804-6354275  User: oesteban  Machine: dna066  Platform: Linux  PlatformVersion: 5.14.0-427.37.1.el9_4.x86_64  CompilerName: GCC  CompilerVersion: 8.4.0
ProgramName: mri_cc  ProgramArguments: mri_cc -all-info  ProgramVersion: 7.3.2  TimeStamp: 2026/03/09-09:29:58-GMT  BuildTime: Aug  4 2022 06:17:15  BuildStamp: freesurfer-linux-ubuntu22_x86_64-7.3.2-20220804-6354275  User: oesteban  Machine: dna066  Platform: Linux  PlatformVersion: 5.14.0-427.37.1.el9_4.x86_64  CompilerName: GCC  CompilerVersion: 8.4.0
ProgramName: mri_compute_overlap  ProgramArguments: mri_compute_overlap -all-info  ProgramVersion: 7.3.2  TimeStamp: 2026/03/09-09:29:58-GMT  BuildTime: Aug  4 2022 06:17:15  BuildStamp: freesurfer-linux-ubuntu22_x86_64-7.3.2-20220804-6354275  User: oesteban  Machine: dna066  Platform: Linux  PlatformVersion: 5.14.0-427.37.1.el9_4.x86_64  CompilerName: GCC  CompilerVersion: 8.4.0
ProgramName: mri_compute_seg_overlap  ProgramArguments: mri_compute_seg_overlap -all-info  ProgramVersion: 7.3.2  TimeStamp: 2026/03/09-09:29:58-GMT  BuildTime: Aug  4 2022 06:17:15  BuildStamp: freesurfer-linux-ubuntu22_x86_64-7.3.2-20220804-6354275  User: oesteban  Machine: dna066  Platform: Linux  PlatformVersion: 5.14.0-427.37.1.el9_4.x86_64  CompilerName: GCC  CompilerVersion: 8.4.0
ProgramName: mri_concat  ProgramArguments: mri_concat -all-info  ProgramVersion: 7.3.2  TimeStamp: 2026/03/09-09:29:58-GMT  BuildTime: Aug  4 2022 06:17:15  BuildStamp: freesurfer-linux-ubuntu22_x86_64-7.3.2-20220804-6354275  User: oesteban  Machine: dna066  Platform: Linux  PlatformVersion: 5.14.0-427.37.1.el9_4.x86_64  CompilerName: GCC  CompilerVersion: 8.4.0
ProgramName: mri_concatenate_lta  ProgramArguments: mri_concatenate_lta -all-info  ProgramVersion: 7.3.2  TimeStamp: 2026/03/09-09:29:58-GMT  BuildTime: Aug  4 2022 06:17:15  BuildStamp: freesurfer-linux-ubuntu22_x86_64-7.3.2-20220804-6354275  User: oesteban  Machine: dna066  Platform: Linux  PlatformVersion: 5.14.0-427.37.1.el9_4.x86_64  CompilerName: GCC  CompilerVersion: 8.4.0
mri_convert -all-info 
ProgramName: mri_convert  ProgramArguments: mri_convert -all-info  ProgramVersion: 7.3.2  TimeStamp: 2026/03/09-09:29:58-GMT  BuildTime: Aug  4 2022 06:17:15  BuildStamp: freesurfer-linux-ubuntu22_x86_64-7.3.2-20220804-6354275  User: oesteban  Machine: dna066  Platform: Linux  PlatformVersion: 5.14.0-427.37.1.el9_4.x86_64  CompilerName: GCC  CompilerVersion: 8.4.0
ProgramName: mri_diff  ProgramArguments: mri_diff -all-info  ProgramVersion: 7.3.2  TimeStamp: 2026/03/09-09:29:58-GMT  BuildTime: Aug  4 2022 06:17:15  BuildStamp: freesurfer-linux-ubuntu22_x86_64-7.3.2-20220804-6354275  User: oesteban  Machine: dna066  Platform: Linux  PlatformVersion: 5.14.0-427.37.1.el9_4.x86_64  CompilerName: GCC  CompilerVersion: 8.4.0
ProgramName: mri_edit_wm_with_aseg  ProgramArguments: mri_edit_wm_with_aseg -all-info  ProgramVersion: 7.3.2  TimeStamp: 2026/03/09-09:29:58-GMT  BuildTime: Aug  4 2022 06:17:15  BuildStamp: freesurfer-linux-ubuntu22_x86_64-7.3.2-20220804-6354275  User: oesteban  Machine: dna066  Platform: Linux  PlatformVersion: 5.14.0-427.37.1.el9_4.x86_64  CompilerName: GCC  CompilerVersion: 8.4.0
ProgramName: mri_em_register  ProgramArguments: mri_em_register -all-info  ProgramVersion: 7.3.2  TimeStamp: 2026/03/09-09:29:58-GMT  BuildTime: Aug  4 2022 06:17:15  BuildStamp: freesurfer-linux-ubuntu22_x86_64-7.3.2-20220804-6354275  User: oesteban  Machine: dna066  Platform: Linux  PlatformVersion: 5.14.0-427.37.1.el9_4.x86_64  CompilerName: GCC  CompilerVersion: 8.4.0
ProgramName: mri_fill  ProgramArguments: mri_fill -all-info  ProgramVersion: 7.3.2  TimeStamp: 2026/03/09-09:29:59-GMT  BuildTime: Aug  4 2022 06:17:15  BuildStamp: freesurfer-linux-ubuntu22_x86_64-7.3.2-20220804-6354275  User: oesteban  Machine: dna066  Platform: Linux  PlatformVersion: 5.14.0-427.37.1.el9_4.x86_64  CompilerName: GCC  CompilerVersion: 8.4.0
ProgramName: mri_fuse_segmentations  ProgramArguments: mri_fuse_segmentations -all-info  ProgramVersion: 7.3.2  TimeStamp: 2026/03/09-09:29:59-GMT  BuildTime: Aug  4 2022 06:17:15  BuildStamp: freesurfer-linux-ubuntu22_x86_64-7.3.2-20220804-6354275  User: oesteban  Machine: dna066  Platform: Linux  PlatformVersion: 5.14.0-427.37.1.el9_4.x86_64  CompilerName: GCC  CompilerVersion: 8.4.0
ProgramName: mri_fwhm  ProgramArguments: mri_fwhm -all-info  ProgramVersion: 7.3.2  TimeStamp: 2026/03/09-09:29:59-GMT  BuildTime: Aug  4 2022 06:17:15  BuildStamp: freesurfer-linux-ubuntu22_x86_64-7.3.2-20220804-6354275  User: oesteban  Machine: dna066  Platform: Linux  PlatformVersion: 5.14.0-427.37.1.el9_4.x86_64  CompilerName: GCC  CompilerVersion: 8.4.0
ProgramName: mri_gcut  ProgramArguments: mri_gcut -all-info  ProgramVersion: 7.3.2  TimeStamp: 2026/03/09-09:29:59-GMT  BuildTime: Aug  4 2022 06:17:15  BuildStamp: freesurfer-linux-ubuntu22_x86_64-7.3.2-20220804-6354275  User: oesteban  Machine: dna066  Platform: Linux  PlatformVersion: 5.14.0-427.37.1.el9_4.x86_64  CompilerName: GCC  CompilerVersion: 8.4.0
ProgramName: mri_info  ProgramArguments: mri_info -all-info  ProgramVersion: 7.3.2  TimeStamp: 2026/03/09-09:29:59-GMT  BuildTime: Aug  4 2022 06:17:15  BuildStamp: freesurfer-linux-ubuntu22_x86_64-7.3.2-20220804-6354275  User: oesteban  Machine: dna066  Platform: Linux  PlatformVersion: 5.14.0-427.37.1.el9_4.x86_64  CompilerName: GCC  CompilerVersion: 8.4.0
ProgramName: mri_label2label  ProgramArguments: mri_label2label -all-info  ProgramVersion: 7.3.2  TimeStamp: 2026/03/09-09:29:59-GMT  BuildTime: Aug  4 2022 06:17:15  BuildStamp: freesurfer-linux-ubuntu22_x86_64-7.3.2-20220804-6354275  User: oesteban  Machine: dna066  Platform: Linux  PlatformVersion: 5.14.0-427.37.1.el9_4.x86_64  CompilerName: GCC  CompilerVersion: 8.4.0
ProgramName: mri_label2vol  ProgramArguments: mri_label2vol -all-info  ProgramVersion: 7.3.2  TimeStamp: 2026/03/09-09:29:59-GMT  BuildTime: Aug  4 2022 06:17:15  BuildStamp: freesurfer-linux-ubuntu22_x86_64-7.3.2-20220804-6354275  User: oesteban  Machine: dna066  Platform: Linux  PlatformVersion: 5.14.0-427.37.1.el9_4.x86_64  CompilerName: GCC  CompilerVersion: 8.4.0
ProgramName: mri_log_likelihood  ProgramArguments: mri_log_likelihood -all-info  ProgramVersion: 7.3.2  TimeStamp: 2026/03/09-09:29:59-GMT  BuildTime: Aug  4 2022 06:17:15  BuildStamp: freesurfer-linux-ubuntu22_x86_64-7.3.2-20220804-6354275  User: oesteban  Machine: dna066  Platform: Linux  PlatformVersion: 5.14.0-427.37.1.el9_4.x86_64  CompilerName: GCC  CompilerVersion: 8.4.0
ProgramName: mri_mask  ProgramArguments: mri_mask -all-info  ProgramVersion: 7.3.2  TimeStamp: 2026/03/09-09:29:59-GMT  BuildTime: Aug  4 2022 06:17:15  BuildStamp: freesurfer-linux-ubuntu22_x86_64-7.3.2-20220804-6354275  User: oesteban  Machine: dna066  Platform: Linux  PlatformVersion: 5.14.0-427.37.1.el9_4.x86_64  CompilerName: GCC  CompilerVersion: 8.4.0
ProgramName: mri_matrix_multiply  ProgramArguments: mri_matrix_multiply -all-info  ProgramVersion: 7.3.2  TimeStamp: 2026/03/09-09:29:59-GMT  BuildTime: Aug  4 2022 06:17:15  BuildStamp: freesurfer-linux-ubuntu22_x86_64-7.3.2-20220804-6354275  User: oesteban  Machine: dna066  Platform: Linux  PlatformVersion: 5.14.0-427.37.1.el9_4.x86_64  CompilerName: GCC  CompilerVersion: 8.4.0
ProgramName: mri_normalize  ProgramArguments: mri_normalize -all-info  ProgramVersion: 7.3.2  TimeStamp: 2026/03/09-09:29:59-GMT  BuildTime: Aug  4 2022 06:17:15  BuildStamp: freesurfer-linux-ubuntu22_x86_64-7.3.2-20220804-6354275  User: oesteban  Machine: dna066  Platform: Linux  PlatformVersion: 5.14.0-427.37.1.el9_4.x86_64  CompilerName: GCC  CompilerVersion: 8.4.0
ProgramName: mri_normalize_tp2  ProgramArguments: mri_normalize_tp2 -all-info  ProgramVersion: 7.3.2  TimeStamp: 2026/03/09-09:29:59-GMT  BuildTime: Aug  4 2022 06:17:15  BuildStamp: freesurfer-linux-ubuntu22_x86_64-7.3.2-20220804-6354275  User: oesteban  Machine: dna066  Platform: Linux  PlatformVersion: 5.14.0-427.37.1.el9_4.x86_64  CompilerName: GCC  CompilerVersion: 8.4.0
ProgramName: mri_or  ProgramArguments: mri_or -all-info  ProgramVersion: 7.3.2  TimeStamp: 2026/03/09-09:29:59-GMT  BuildTime: Aug  4 2022 06:17:15  BuildStamp: freesurfer-linux-ubuntu22_x86_64-7.3.2-20220804-6354275  User: oesteban  Machine: dna066  Platform: Linux  PlatformVersion: 5.14.0-427.37.1.el9_4.x86_64  CompilerName: GCC  CompilerVersion: 8.4.0
ProgramName: mri_relabel_hypointensities  ProgramArguments: mri_relabel_hypointensities -all-info  ProgramVersion: 7.3.2  TimeStamp: 2026/03/09-09:29:59-GMT  BuildTime: Aug  4 2022 06:17:15  BuildStamp: freesurfer-linux-ubuntu22_x86_64-7.3.2-20220804-6354275  User: oesteban  Machine: dna066  Platform: Linux  PlatformVersion: 5.14.0-427.37.1.el9_4.x86_64  CompilerName: GCC  CompilerVersion: 8.4.0
ProgramName: mri_relabel_nonwm_hypos  ProgramArguments: mri_relabel_nonwm_hypos -all-info  ProgramVersion: 7.3.2  TimeStamp: 2026/03/09-09:29:59-GMT  BuildTime: Aug  4 2022 06:17:15  BuildStamp: freesurfer-linux-ubuntu22_x86_64-7.3.2-20220804-6354275  User: oesteban  Machine: dna066  Platform: Linux  PlatformVersion: 5.14.0-427.37.1.el9_4.x86_64  CompilerName: GCC  CompilerVersion: 8.4.0
ProgramName: mri_remove_neck  ProgramArguments: mri_remove_neck -all-info  ProgramVersion: 7.3.2  TimeStamp: 2026/03/09-09:29:59-GMT  BuildTime: Aug  4 2022 06:17:15  BuildStamp: freesurfer-linux-ubuntu22_x86_64-7.3.2-20220804-6354275  User: oesteban  Machine: dna066  Platform: Linux  PlatformVersion: 5.14.0-427.37.1.el9_4.x86_64  CompilerName: GCC  CompilerVersion: 8.4.0
7.3.2

ProgramName: mri_robust_register  ProgramArguments: mri_robust_register -all-info  ProgramVersion: 7.3.2  TimeStamp: 2026/03/09-09:29:59-GMT  BuildTime: Aug  4 2022 06:17:15  BuildStamp: freesurfer-linux-ubuntu22_x86_64-7.3.2-20220804-6354275  User: oesteban  Machine: dna066  Platform: Linux  PlatformVersion: 5.14.0-427.37.1.el9_4.x86_64  CompilerName: GCC  CompilerVersion: 8.4.0
7.3.2

ProgramName: mri_robust_template  ProgramArguments: mri_robust_template -all-info  ProgramVersion: 7.3.2  TimeStamp: 2026/03/09-09:29:59-GMT  BuildTime: Aug  4 2022 06:17:15  BuildStamp: freesurfer-linux-ubuntu22_x86_64-7.3.2-20220804-6354275  User: oesteban  Machine: dna066  Platform: Linux  PlatformVersion: 5.14.0-427.37.1.el9_4.x86_64  CompilerName: GCC  CompilerVersion: 8.4.0
ProgramName: mris_anatomical_stats  ProgramArguments: mris_anatomical_stats -all-info  ProgramVersion: 7.3.2  TimeStamp: 2026/03/09-09:29:59-GMT  BuildTime: Aug  4 2022 06:17:15  BuildStamp: freesurfer-linux-ubuntu22_x86_64-7.3.2-20220804-6354275  User: oesteban  Machine: dna066  Platform: Linux  PlatformVersion: 5.14.0-427.37.1.el9_4.x86_64  CompilerName: GCC  CompilerVersion: 8.4.0
ProgramName: mris_ca_label  ProgramArguments: mris_ca_label -all-info  ProgramVersion: 7.3.2  TimeStamp: 2026/03/09-09:29:59-GMT  BuildTime: Aug  4 2022 06:17:15  BuildStamp: freesurfer-linux-ubuntu22_x86_64-7.3.2-20220804-6354275  User: oesteban  Machine: dna066  Platform: Linux  PlatformVersion: 5.14.0-427.37.1.el9_4.x86_64  CompilerName: GCC  CompilerVersion: 8.4.0
ProgramName: mris_calc  ProgramArguments: mris_calc -all-info  ProgramVersion: 7.3.2  TimeStamp: 2026/03/09-09:29:59-GMT  BuildTime: Aug  4 2022 06:17:15  BuildStamp: freesurfer-linux-ubuntu22_x86_64-7.3.2-20220804-6354275  User: oesteban  Machine: dna066  Platform: Linux  PlatformVersion: 5.14.0-427.37.1.el9_4.x86_64  CompilerName: GCC  CompilerVersion: 8.4.0
ProgramName: mris_convert  ProgramArguments: mris_convert -all-info  ProgramVersion: 7.3.2  TimeStamp: 2026/03/09-09:29:59-GMT  BuildTime: Aug  4 2022 06:17:15  BuildStamp: freesurfer-linux-ubuntu22_x86_64-7.3.2-20220804-6354275  User: oesteban  Machine: dna066  Platform: Linux  PlatformVersion: 5.14.0-427.37.1.el9_4.x86_64  CompilerName: GCC  CompilerVersion: 8.4.0
ProgramName: mris_curvature  ProgramArguments: mris_curvature -all-info  ProgramVersion: 7.3.2  TimeStamp: 2026/03/09-09:29:59-GMT  BuildTime: Aug  4 2022 06:17:15  BuildStamp: freesurfer-linux-ubuntu22_x86_64-7.3.2-20220804-6354275  User: oesteban  Machine: dna066  Platform: Linux  PlatformVersion: 5.14.0-427.37.1.el9_4.x86_64  CompilerName: GCC  CompilerVersion: 8.4.0
ProgramName: mris_curvature_stats  ProgramArguments: mris_curvature_stats -all-info  ProgramVersion: 7.3.2  TimeStamp: 2026/03/09-09:29:59-GMT  BuildTime: Aug  4 2022 06:17:15  BuildStamp: freesurfer-linux-ubuntu22_x86_64-7.3.2-20220804-6354275  User: oesteban  Machine: dna066  Platform: Linux  PlatformVersion: 5.14.0-427.37.1.el9_4.x86_64  CompilerName: GCC  CompilerVersion: 8.4.0
ProgramName: mris_diff  ProgramArguments: mris_diff -all-info  ProgramVersion: 7.3.2  TimeStamp: 2026/03/09-09:29:59-GMT  BuildTime: Aug  4 2022 06:17:15  BuildStamp: freesurfer-linux-ubuntu22_x86_64-7.3.2-20220804-6354275  User: oesteban  Machine: dna066  Platform: Linux  PlatformVersion: 5.14.0-427.37.1.el9_4.x86_64  CompilerName: GCC  CompilerVersion: 8.4.0
ProgramName: mris_divide_parcellation  ProgramArguments: mris_divide_parcellation -all-info  ProgramVersion: 7.3.2  TimeStamp: 2026/03/09-09:29:59-GMT  BuildTime: Aug  4 2022 06:17:15  BuildStamp: freesurfer-linux-ubuntu22_x86_64-7.3.2-20220804-6354275  User: oesteban  Machine: dna066  Platform: Linux  PlatformVersion: 5.14.0-427.37.1.el9_4.x86_64  CompilerName: GCC  CompilerVersion: 8.4.0
ProgramName: mri_segment  ProgramArguments: mri_segment -all-info  ProgramVersion: 7.3.2  TimeStamp: 2026/03/09-09:29:59-GMT  BuildTime: Aug  4 2022 06:17:15  BuildStamp: freesurfer-linux-ubuntu22_x86_64-7.3.2-20220804-6354275  User: oesteban  Machine: dna066  Platform: Linux  PlatformVersion: 5.14.0-427.37.1.el9_4.x86_64  CompilerName: GCC  CompilerVersion: 8.4.0
ProgramName: mri_segstats  ProgramArguments: mri_segstats -all-info  ProgramVersion: 7.3.2  TimeStamp: 2026/03/09-09:29:59-GMT  BuildTime: Aug  4 2022 06:17:15  BuildStamp: freesurfer-linux-ubuntu22_x86_64-7.3.2-20220804-6354275  User: oesteban  Machine: dna066  Platform: Linux  PlatformVersion: 5.14.0-427.37.1.el9_4.x86_64  CompilerName: GCC  CompilerVersion: 8.4.0
ProgramName: mris_euler_number  ProgramArguments: mris_euler_number -all-info  ProgramVersion: 7.3.2  TimeStamp: 2026/03/09-09:29:59-GMT  BuildTime: Aug  4 2022 06:17:15  BuildStamp: freesurfer-linux-ubuntu22_x86_64-7.3.2-20220804-6354275  User: oesteban  Machine: dna066  Platform: Linux  PlatformVersion: 5.14.0-427.37.1.el9_4.x86_64  CompilerName: GCC  CompilerVersion: 8.4.0
ProgramName: mris_fix_topology  ProgramArguments: mris_fix_topology -all-info  ProgramVersion: 7.3.2  TimeStamp: 2026/03/09-09:29:59-GMT  BuildTime: Aug  4 2022 06:17:15  BuildStamp: freesurfer-linux-ubuntu22_x86_64-7.3.2-20220804-6354275  User: oesteban  Machine: dna066  Platform: Linux  PlatformVersion: 5.14.0-427.37.1.el9_4.x86_64  CompilerName: GCC  CompilerVersion: 8.4.0
ProgramName: mris_topo_fixer  ProgramArguments: mris_topo_fixer -all-info  ProgramVersion: 7.3.2  TimeStamp: 2026/03/09-09:29:59-GMT  BuildTime: Aug  4 2022 06:17:15  BuildStamp: freesurfer-linux-ubuntu22_x86_64-7.3.2-20220804-6354275  User: oesteban  Machine: dna066  Platform: Linux  PlatformVersion: 5.14.0-427.37.1.el9_4.x86_64  CompilerName: GCC  CompilerVersion: 8.4.0
ProgramName: mris_jacobian  ProgramArguments: mris_jacobian -all-info  ProgramVersion: 7.3.2  TimeStamp: 2026/03/09-09:29:59-GMT  BuildTime: Aug  4 2022 06:17:15  BuildStamp: freesurfer-linux-ubuntu22_x86_64-7.3.2-20220804-6354275  User: oesteban  Machine: dna066  Platform: Linux  PlatformVersion: 5.14.0-427.37.1.el9_4.x86_64  CompilerName: GCC  CompilerVersion: 8.4.0
ProgramName: mris_label2annot  ProgramArguments: mris_label2annot -all-info  ProgramVersion: 7.3.2  TimeStamp: 2026/03/09-09:29:59-GMT  BuildTime: Aug  4 2022 06:17:15  BuildStamp: freesurfer-linux-ubuntu22_x86_64-7.3.2-20220804-6354275  User: oesteban  Machine: dna066  Platform: Linux  PlatformVersion: 5.14.0-427.37.1.el9_4.x86_64  CompilerName: GCC  CompilerVersion: 8.4.0
ProgramName: mris_left_right_register  ProgramArguments: mris_left_right_register -all-info  ProgramVersion: 7.3.2  TimeStamp: 2026/03/09-09:29:59-GMT  BuildTime: Aug  4 2022 06:17:15  BuildStamp: freesurfer-linux-ubuntu22_x86_64-7.3.2-20220804-6354275  User: oesteban  Machine: dna066  Platform: Linux  PlatformVersion: 5.14.0-427.37.1.el9_4.x86_64  CompilerName: GCC  CompilerVersion: 8.4.0
ProgramName: mris_place_surface  ProgramArguments: mris_place_surface -all-info  ProgramVersion: 7.3.2  TimeStamp: 2026/03/09-09:29:59-GMT  BuildTime: Aug  4 2022 06:17:15  BuildStamp: freesurfer-linux-ubuntu22_x86_64-7.3.2-20220804-6354275  User: oesteban  Machine: dna066  Platform: Linux  PlatformVersion: 5.14.0-427.37.1.el9_4.x86_64  CompilerName: GCC  CompilerVersion: 8.4.0
ProgramName: mrisp_paint  ProgramArguments: mrisp_paint -all-info  ProgramVersion: 7.3.2  TimeStamp: 2026/03/09-09:29:59-GMT  BuildTime: Aug  4 2022 06:17:15  BuildStamp: freesurfer-linux-ubuntu22_x86_64-7.3.2-20220804-6354275  User: oesteban  Machine: dna066  Platform: Linux  PlatformVersion: 5.14.0-427.37.1.el9_4.x86_64  CompilerName: GCC  CompilerVersion: 8.4.0
ProgramName: mris_register  ProgramArguments: mris_register -all-info  ProgramVersion: 7.3.2  TimeStamp: 2026/03/09-09:29:59-GMT  BuildTime: Aug  4 2022 06:17:15  BuildStamp: freesurfer-linux-ubuntu22_x86_64-7.3.2-20220804-6354275  User: oesteban  Machine: dna066  Platform: Linux  PlatformVersion: 5.14.0-427.37.1.el9_4.x86_64  CompilerName: GCC  CompilerVersion: 8.4.0
ProgramName: mris_smooth  ProgramArguments: mris_smooth -all-info  ProgramVersion: 7.3.2  TimeStamp: 2026/03/09-09:29:59-GMT  BuildTime: Aug  4 2022 06:17:15  BuildStamp: freesurfer-linux-ubuntu22_x86_64-7.3.2-20220804-6354275  User: oesteban  Machine: dna066  Platform: Linux  PlatformVersion: 5.14.0-427.37.1.el9_4.x86_64  CompilerName: GCC  CompilerVersion: 8.4.0
ProgramName: mris_sphere  ProgramArguments: mris_sphere -all-info  ProgramVersion: 7.3.2  TimeStamp: 2026/03/09-09:29:59-GMT  BuildTime: Aug  4 2022 06:17:15  BuildStamp: freesurfer-linux-ubuntu22_x86_64-7.3.2-20220804-6354275  User: oesteban  Machine: dna066  Platform: Linux  PlatformVersion: 5.14.0-427.37.1.el9_4.x86_64  CompilerName: GCC  CompilerVersion: 8.4.0
ProgramName: mris_surface_stats  ProgramArguments: mris_surface_stats -all-info  ProgramVersion: 7.3.2  TimeStamp: 2026/03/09-09:29:59-GMT  BuildTime: Aug  4 2022 06:17:15  BuildStamp: freesurfer-linux-ubuntu22_x86_64-7.3.2-20220804-6354275  User: oesteban  Machine: dna066  Platform: Linux  PlatformVersion: 5.14.0-427.37.1.el9_4.x86_64  CompilerName: GCC  CompilerVersion: 8.4.0
ProgramName: mri_stats2seg  ProgramArguments: mri_stats2seg -all-info  ProgramVersion: 7.3.2  TimeStamp: 2026/03/09-09:29:59-GMT  BuildTime: Aug  4 2022 06:17:15  BuildStamp: freesurfer-linux-ubuntu22_x86_64-7.3.2-20220804-6354275  User: oesteban  Machine: dna066  Platform: Linux  PlatformVersion: 5.14.0-427.37.1.el9_4.x86_64  CompilerName: GCC  CompilerVersion: 8.4.0
ProgramName: mris_thickness  ProgramArguments: mris_thickness -all-info  ProgramVersion: 7.3.2  TimeStamp: 2026/03/09-09:29:59-GMT  BuildTime: Aug  4 2022 06:17:15  BuildStamp: freesurfer-linux-ubuntu22_x86_64-7.3.2-20220804-6354275  User: oesteban  Machine: dna066  Platform: Linux  PlatformVersion: 5.14.0-427.37.1.el9_4.x86_64  CompilerName: GCC  CompilerVersion: 8.4.0
ProgramName: mris_thickness_diff  ProgramArguments: mris_thickness_diff -all-info  ProgramVersion: 7.3.2  TimeStamp: 2026/03/09-09:29:59-GMT  BuildTime: Aug  4 2022 06:17:15  BuildStamp: freesurfer-linux-ubuntu22_x86_64-7.3.2-20220804-6354275  User: oesteban  Machine: dna066  Platform: Linux  PlatformVersion: 5.14.0-427.37.1.el9_4.x86_64  CompilerName: GCC  CompilerVersion: 8.4.0
ProgramName: mris_topo_fixer  ProgramArguments: mris_topo_fixer -all-info  ProgramVersion: 7.3.2  TimeStamp: 2026/03/09-09:29:59-GMT  BuildTime: Aug  4 2022 06:17:15  BuildStamp: freesurfer-linux-ubuntu22_x86_64-7.3.2-20220804-6354275  User: oesteban  Machine: dna066  Platform: Linux  PlatformVersion: 5.14.0-427.37.1.el9_4.x86_64  CompilerName: GCC  CompilerVersion: 8.4.0
ProgramName: mri_surf2surf  ProgramArguments: mri_surf2surf -all-info  ProgramVersion: 7.3.2  TimeStamp: 2026/03/09-09:29:59-GMT  BuildTime: Aug  4 2022 06:17:15  BuildStamp: freesurfer-linux-ubuntu22_x86_64-7.3.2-20220804-6354275  User: oesteban  Machine: dna066  Platform: Linux  PlatformVersion: 5.14.0-427.37.1.el9_4.x86_64  CompilerName: GCC  CompilerVersion: 8.4.0
ProgramName: mri_surf2vol  ProgramArguments: mri_surf2vol -all-info  ProgramVersion: 7.3.2  TimeStamp: 2026/03/09-09:29:59-GMT  BuildTime: Aug  4 2022 06:17:15  BuildStamp: freesurfer-linux-ubuntu22_x86_64-7.3.2-20220804-6354275  User: oesteban  Machine: dna066  Platform: Linux  PlatformVersion: 5.14.0-427.37.1.el9_4.x86_64  CompilerName: GCC  CompilerVersion: 8.4.0
ProgramName: mri_surfcluster  ProgramArguments: mri_surfcluster -all-info  ProgramVersion: 7.3.2  TimeStamp: 2026/03/09-09:29:59-GMT  BuildTime: Aug  4 2022 06:17:15  BuildStamp: freesurfer-linux-ubuntu22_x86_64-7.3.2-20220804-6354275  User: oesteban  Machine: dna066  Platform: Linux  PlatformVersion: 5.14.0-427.37.1.el9_4.x86_64  CompilerName: GCC  CompilerVersion: 8.4.0
ProgramName: mris_volmask  ProgramArguments: mris_volmask -all-info  ProgramVersion: 7.3.2  TimeStamp: 2026/03/09-09:29:59-GMT  BuildTime: Aug  4 2022 06:17:15  BuildStamp: freesurfer-linux-ubuntu22_x86_64-7.3.2-20220804-6354275  User: oesteban  Machine: dna066  Platform: Linux  PlatformVersion: 5.14.0-427.37.1.el9_4.x86_64  CompilerName: GCC  CompilerVersion: 8.4.0
ProgramName: mri_tessellate  ProgramArguments: mri_tessellate -all-info  ProgramVersion: 7.3.2  TimeStamp: 2026/03/09-09:29:59-GMT  BuildTime: Aug  4 2022 06:17:15  BuildStamp: freesurfer-linux-ubuntu22_x86_64-7.3.2-20220804-6354275  User: oesteban  Machine: dna066  Platform: Linux  PlatformVersion: 5.14.0-427.37.1.el9_4.x86_64  CompilerName: GCC  CompilerVersion: 8.4.0
ProgramName: mri_vol2surf  ProgramArguments: mri_vol2surf -all-info  ProgramVersion: 7.3.2  TimeStamp: 2026/03/09-09:29:59-GMT  BuildTime: Aug  4 2022 06:17:15  BuildStamp: freesurfer-linux-ubuntu22_x86_64-7.3.2-20220804-6354275  User: oesteban  Machine: dna066  Platform: Linux  PlatformVersion: 5.14.0-427.37.1.el9_4.x86_64  CompilerName: GCC  CompilerVersion: 8.4.0
ProgramName: mri_vol2vol  ProgramArguments: mri_vol2vol -all-info  ProgramVersion: 7.3.2  TimeStamp: 2026/03/09-09:29:59-GMT  BuildTime: Aug  4 2022 06:17:15  BuildStamp: freesurfer-linux-ubuntu22_x86_64-7.3.2-20220804-6354275  User: oesteban  Machine: dna066  Platform: Linux  PlatformVersion: 5.14.0-427.37.1.el9_4.x86_64  CompilerName: GCC  CompilerVersion: 8.4.0
ProgramName: mri_voldiff  ProgramArguments: mri_voldiff -all-info  ProgramVersion: 7.3.2  TimeStamp: 2026/03/09-09:29:59-GMT  BuildTime: Aug  4 2022 06:17:15  BuildStamp: freesurfer-linux-ubuntu22_x86_64-7.3.2-20220804-6354275  User: oesteban  Machine: dna066  Platform: Linux  PlatformVersion: 5.14.0-427.37.1.el9_4.x86_64  CompilerName: GCC  CompilerVersion: 8.4.0
ProgramName: mri_watershed  ProgramArguments: mri_watershed -all-info  ProgramVersion: 7.3.2  TimeStamp: 2026/03/09-09:29:59-GMT  BuildTime: Aug  4 2022 06:17:15  BuildStamp: freesurfer-linux-ubuntu22_x86_64-7.3.2-20220804-6354275  User: oesteban  Machine: dna066  Platform: Linux  PlatformVersion: 5.14.0-427.37.1.el9_4.x86_64  CompilerName: GCC  CompilerVersion: 8.4.0
ProgramName: tkregister2  ProgramArguments: tkregister2_cmdl -all-info  ProgramVersion: 7.3.2  TimeStamp: 2026/03/09-09:29:59-GMT  BuildTime: Aug  4 2022 06:17:15  BuildStamp: freesurfer-linux-ubuntu22_x86_64-7.3.2-20220804-6354275  User: oesteban  Machine: dna066  Platform: Linux  PlatformVersion: 5.14.0-427.37.1.el9_4.x86_64  CompilerName: GCC  CompilerVersion: 8.4.0
mri_motion_correct.fsl 7.3.2
mri_convert -all-info 
ProgramName: mri_convert  ProgramArguments: mri_convert -all-info  ProgramVersion: 7.3.2  TimeStamp: 2026/03/09-09:29:59-GMT  BuildTime: Aug  4 2022 06:17:15  BuildStamp: freesurfer-linux-ubuntu22_x86_64-7.3.2-20220804-6354275  User: oesteban  Machine: dna066  Platform: Linux  PlatformVersion: 5.14.0-427.37.1.el9_4.x86_64  CompilerName: GCC  CompilerVersion: 8.4.0
Program nu_correct, built from:
Package MNI N3, version 1.12.0, compiled by nicks@terrier (x86_64-unknown-linux-gnu) on 2015-06-19 at 01:25:34
#######################################
GCADIR /opt/freesurfer/average
GCA RB_all_2020-01-02.gca
GCASkull RB_all_withskull_2020_01_02.gca
AvgCurvTif folding.atlas.acfb40.noaparc.i12.2016-08-02.tif
GCSDIR /opt/freesurfer/average
GCS DKaparc.atlas.acfb40.noaparc.i12.2016-08-02.gcs
#######################################
#@# white curv lh Mon Mar  9 10:29:59 CET 2026
cd /out/sourcedata/freesurfer/sub-v1s20x0050337_ses-1/mri
mris_place_surface --curv-map ../surf/lh.white 2 10 ../surf/lh.curv
   Update not needed
#@# white area lh Mon Mar  9 10:29:59 CET 2026
cd /out/sourcedata/freesurfer/sub-v1s20x0050337_ses-1/mri
mris_place_surface --area-map ../surf/lh.white ../surf/lh.area
   Update not needed
#@# pial curv lh Mon Mar  9 10:29:59 CET 2026
cd /out/sourcedata/freesurfer/sub-v1s20x0050337_ses-1/mri
mris_place_surface --curv-map ../surf/lh.pial 2 10 ../surf/lh.curv.pial
   Update not needed
#@# pial area lh Mon Mar  9 10:29:59 CET 2026
cd /out/sourcedata/freesurfer/sub-v1s20x0050337_ses-1/mri
mris_place_surface --area-map ../surf/lh.pial ../surf/lh.area.pial
   Update not needed
#@# thickness lh Mon Mar  9 10:29:59 CET 2026
cd /out/sourcedata/freesurfer/sub-v1s20x0050337_ses-1/mri
mris_place_surface --thickness ../surf/lh.white ../surf/lh.pial 20 5 ../surf/lh.thickness
   Update not needed
#@# area and vertex vol lh Mon Mar  9 10:29:59 CET 2026
cd /out/sourcedata/freesurfer/sub-v1s20x0050337_ses-1/mri
mris_place_surface --thickness ../surf/lh.white ../surf/lh.pial 20 5 ../surf/lh.thickness
   Update not needed
#@# white curv rh Mon Mar  9 10:29:59 CET 2026
cd /out/sourcedata/freesurfer/sub-v1s20x0050337_ses-1/mri
mris_place_surface --curv-map ../surf/rh.white 2 10 ../surf/rh.curv
   Update not needed
#@# white area rh Mon Mar  9 10:29:59 CET 2026
cd /out/sourcedata/freesurfer/sub-v1s20x0050337_ses-1/mri
mris_place_surface --area-map ../surf/rh.white ../surf/rh.area
   Update not needed
#@# pial curv rh Mon Mar  9 10:29:59 CET 2026
cd /out/sourcedata/freesurfer/sub-v1s20x0050337_ses-1/mri
mris_place_surface --curv-map ../surf/rh.pial 2 10 ../surf/rh.curv.pial
   Update not needed
#@# pial area rh Mon Mar  9 10:29:59 CET 2026
cd /out/sourcedata/freesurfer/sub-v1s20x0050337_ses-1/mri
mris_place_surface --area-map ../surf/rh.pial ../surf/rh.area.pial
   Update not needed
#@# thickness rh Mon Mar  9 10:29:59 CET 2026
cd /out/sourcedata/freesurfer/sub-v1s20x0050337_ses-1/mri
mris_place_surface --thickness ../surf/rh.white ../surf/rh.pial 20 5 ../surf/rh.thickness
   Update not needed
#@# area and vertex vol rh Mon Mar  9 10:29:59 CET 2026
cd /out/sourcedata/freesurfer/sub-v1s20x0050337_ses-1/mri
mris_place_surface --thickness ../surf/rh.white ../surf/rh.pial 20 5 ../surf/rh.thickness
   Update not needed
#--------------------------------------------
#@# Cortical ribbon mask Mon Mar  9 10:29:59 CET 2026
/out/sourcedata/freesurfer/sub-v1s20x0050337_ses-1/mri

 mris_volmask --aseg_name aseg.presurf --label_left_white 2 --label_left_ribbon 3 --label_right_white 41 --label_right_ribbon 42 --save_ribbon sub-v1s20x0050337_ses-1 

SUBJECTS_DIR is /out/sourcedata/freesurfer
loading input data...
Running hemis serially
Processing left hemi
computing distance to left white surface 
computing distance to left pial surface 
Processing right hemi
computing distance to right white surface 
computing distance to right pial surface 
 hemi masks overlap voxels = 480
writing volume /out/sourcedata/freesurfer/sub-v1s20x0050337_ses-1/mri/ribbon.mgz
mris_volmask took 4.80 minutes
 writing ribbon files

Started at Mon Mar 9 10:29:58 CET 2026 
Ended   at Mon Mar 9 10:34:47 CET 2026
#@#%# recon-all-run-time-hours 0.080
recon-all -s sub-v1s20x0050337_ses-1 finished without error at Mon Mar  9 10:34:47 CET 2026



#New# invocation of recon-all 




Mon Mar  9 10:39:51 CET 2026
cd /out/sourcedata/freesurfer/sub-v1s20x0050337_ses-1
setenv SUBJECTS_DIR /out/sourcedata/freesurfer
/opt/freesurfer/bin/recon-all -autorecon3 -openmp 16 -subjid sub-v1s20x0050337_ses-1 -sd /out/sourcedata/freesurfer -nosphere -nosurfreg -nojacobian_white -noavgcurv -nocortparc -nopial -noparcstats -nocortparc2 -noparcstats2 -nocortparc3 -noparcstats3 -nopctsurfcon -nocortribbon -nobalabels

subjid sub-v1s20x0050337_ses-1
setenv SUBJECTS_DIR /out/sourcedata/freesurfer
FREESURFER_HOME /opt/freesurfer
Actual FREESURFER_HOME /opt/freesurfer
build-stamp.txt: freesurfer-linux-ubuntu22_x86_64-7.3.2-20220804-6354275
Linux dna066 5.14.0-427.37.1.el9_4.x86_64 #1 SMP PREEMPT_DYNAMIC Fri Sep 13 12:41:50 EDT 2024 x86_64 x86_64 x86_64 GNU/Linux
cputime      unlimited
filesize     unlimited
datasize     unlimited
stacksize    8192 kbytes
coredumpsize 0 kbytes
memoryuse    67108864 kbytes
vmemoryuse   unlimited
descriptors  1024 
memorylocked unlimited
maxproc      2061970 
maxlocks     unlimited
maxsignal    2062029 
maxmessage   819200 
maxnice      0 
maxrtprio    0 
maxrttime    unlimited

               total        used        free      shared  buff/cache   available
Mem:           503Gi        53Gi       426Gi       9.2Gi        24Gi       437Gi
Swap:             0B          0B          0B

########################################
program versions used
7.3.2 (freesurfer-linux-ubuntu22_x86_64-7.3.2-20220804-6354275)
7.3.2

ProgramName: lta_convert  ProgramArguments: lta_convert -all-info  ProgramVersion: 7.3.2  TimeStamp: 2026/03/09-09:39:51-GMT  BuildTime: Aug  4 2022 06:17:15  BuildStamp: freesurfer-linux-ubuntu22_x86_64-7.3.2-20220804-6354275  User: oesteban  Machine: dna066  Platform: Linux  PlatformVersion: 5.14.0-427.37.1.el9_4.x86_64  CompilerName: GCC  CompilerVersion: 8.4.0
ProgramName: mri_and  ProgramArguments: mri_and -all-info  ProgramVersion: 7.3.2  TimeStamp: 2026/03/09-09:39:51-GMT  BuildTime: Aug  4 2022 06:17:15  BuildStamp: freesurfer-linux-ubuntu22_x86_64-7.3.2-20220804-6354275  User: oesteban  Machine: dna066  Platform: Linux  PlatformVersion: 5.14.0-427.37.1.el9_4.x86_64  CompilerName: GCC  CompilerVersion: 8.4.0
ProgramName: mri_annotation2label  ProgramArguments: mri_annotation2label -all-info  ProgramVersion: 7.3.2  TimeStamp: 2026/03/09-09:39:51-GMT  BuildTime: Aug  4 2022 06:17:15  BuildStamp: freesurfer-linux-ubuntu22_x86_64-7.3.2-20220804-6354275  User: oesteban  Machine: dna066  Platform: Linux  PlatformVersion: 5.14.0-427.37.1.el9_4.x86_64  CompilerName: GCC  CompilerVersion: 8.4.0
ProgramName: mri_aparc2aseg  ProgramArguments: mri_aparc2aseg -all-info  ProgramVersion: 7.3.2  TimeStamp: 2026/03/09-09:39:51-GMT  BuildTime: Aug  4 2022 06:17:15  BuildStamp: freesurfer-linux-ubuntu22_x86_64-7.3.2-20220804-6354275  User: oesteban  Machine: dna066  Platform: Linux  PlatformVersion: 5.14.0-427.37.1.el9_4.x86_64  CompilerName: GCC  CompilerVersion: 8.4.0
ProgramName: mri_surf2volseg  ProgramArguments: mri_surf2volseg -all-info  ProgramVersion: 7.3.2  TimeStamp: 2026/03/09-09:39:51-GMT  BuildTime: Aug  4 2022 06:17:15  BuildStamp: freesurfer-linux-ubuntu22_x86_64-7.3.2-20220804-6354275  User: oesteban  Machine: dna066  Platform: Linux  PlatformVersion: 5.14.0-427.37.1.el9_4.x86_64  CompilerName: GCC  CompilerVersion: 8.4.0
ProgramName: mri_binarize  ProgramArguments: mri_binarize -all-info  ProgramVersion: 7.3.2  TimeStamp: 2026/03/09-09:39:51-GMT  BuildTime: Aug  4 2022 06:17:15  BuildStamp: freesurfer-linux-ubuntu22_x86_64-7.3.2-20220804-6354275  User: oesteban  Machine: dna066  Platform: Linux  PlatformVersion: 5.14.0-427.37.1.el9_4.x86_64  CompilerName: GCC  CompilerVersion: 8.4.0
ProgramName: mri_ca_label  ProgramArguments: mri_ca_label -all-info  ProgramVersion: 7.3.2  TimeStamp: 2026/03/09-09:39:51-GMT  BuildTime: Aug  4 2022 06:17:15  BuildStamp: freesurfer-linux-ubuntu22_x86_64-7.3.2-20220804-6354275  User: oesteban  Machine: dna066  Platform: Linux  PlatformVersion: 5.14.0-427.37.1.el9_4.x86_64  CompilerName: GCC  CompilerVersion: 8.4.0
ProgramName: mri_ca_normalize  ProgramArguments: mri_ca_normalize -all-info  ProgramVersion: 7.3.2  TimeStamp: 2026/03/09-09:39:51-GMT  BuildTime: Aug  4 2022 06:17:15  BuildStamp: freesurfer-linux-ubuntu22_x86_64-7.3.2-20220804-6354275  User: oesteban  Machine: dna066  Platform: Linux  PlatformVersion: 5.14.0-427.37.1.el9_4.x86_64  CompilerName: GCC  CompilerVersion: 8.4.0
ProgramName: mri_ca_register  ProgramArguments: mri_ca_register -all-info  ProgramVersion: 7.3.2  TimeStamp: 2026/03/09-09:39:51-GMT  BuildTime: Aug  4 2022 06:17:15  BuildStamp: freesurfer-linux-ubuntu22_x86_64-7.3.2-20220804-6354275  User: oesteban  Machine: dna066  Platform: Linux  PlatformVersion: 5.14.0-427.37.1.el9_4.x86_64  CompilerName: GCC  CompilerVersion: 8.4.0
ProgramName: mri_cc  ProgramArguments: mri_cc -all-info  ProgramVersion: 7.3.2  TimeStamp: 2026/03/09-09:39:51-GMT  BuildTime: Aug  4 2022 06:17:15  BuildStamp: freesurfer-linux-ubuntu22_x86_64-7.3.2-20220804-6354275  User: oesteban  Machine: dna066  Platform: Linux  PlatformVersion: 5.14.0-427.37.1.el9_4.x86_64  CompilerName: GCC  CompilerVersion: 8.4.0
ProgramName: mri_compute_overlap  ProgramArguments: mri_compute_overlap -all-info  ProgramVersion: 7.3.2  TimeStamp: 2026/03/09-09:39:51-GMT  BuildTime: Aug  4 2022 06:17:15  BuildStamp: freesurfer-linux-ubuntu22_x86_64-7.3.2-20220804-6354275  User: oesteban  Machine: dna066  Platform: Linux  PlatformVersion: 5.14.0-427.37.1.el9_4.x86_64  CompilerName: GCC  CompilerVersion: 8.4.0
ProgramName: mri_compute_seg_overlap  ProgramArguments: mri_compute_seg_overlap -all-info  ProgramVersion: 7.3.2  TimeStamp: 2026/03/09-09:39:51-GMT  BuildTime: Aug  4 2022 06:17:15  BuildStamp: freesurfer-linux-ubuntu22_x86_64-7.3.2-20220804-6354275  User: oesteban  Machine: dna066  Platform: Linux  PlatformVersion: 5.14.0-427.37.1.el9_4.x86_64  CompilerName: GCC  CompilerVersion: 8.4.0
ProgramName: mri_concat  ProgramArguments: mri_concat -all-info  ProgramVersion: 7.3.2  TimeStamp: 2026/03/09-09:39:51-GMT  BuildTime: Aug  4 2022 06:17:15  BuildStamp: freesurfer-linux-ubuntu22_x86_64-7.3.2-20220804-6354275  User: oesteban  Machine: dna066  Platform: Linux  PlatformVersion: 5.14.0-427.37.1.el9_4.x86_64  CompilerName: GCC  CompilerVersion: 8.4.0
ProgramName: mri_concatenate_lta  ProgramArguments: mri_concatenate_lta -all-info  ProgramVersion: 7.3.2  TimeStamp: 2026/03/09-09:39:51-GMT  BuildTime: Aug  4 2022 06:17:15  BuildStamp: freesurfer-linux-ubuntu22_x86_64-7.3.2-20220804-6354275  User: oesteban  Machine: dna066  Platform: Linux  PlatformVersion: 5.14.0-427.37.1.el9_4.x86_64  CompilerName: GCC  CompilerVersion: 8.4.0
mri_convert -all-info 
ProgramName: mri_convert  ProgramArguments: mri_convert -all-info  ProgramVersion: 7.3.2  TimeStamp: 2026/03/09-09:39:51-GMT  BuildTime: Aug  4 2022 06:17:15  BuildStamp: freesurfer-linux-ubuntu22_x86_64-7.3.2-20220804-6354275  User: oesteban  Machine: dna066  Platform: Linux  PlatformVersion: 5.14.0-427.37.1.el9_4.x86_64  CompilerName: GCC  CompilerVersion: 8.4.0
ProgramName: mri_diff  ProgramArguments: mri_diff -all-info  ProgramVersion: 7.3.2  TimeStamp: 2026/03/09-09:39:51-GMT  BuildTime: Aug  4 2022 06:17:15  BuildStamp: freesurfer-linux-ubuntu22_x86_64-7.3.2-20220804-6354275  User: oesteban  Machine: dna066  Platform: Linux  PlatformVersion: 5.14.0-427.37.1.el9_4.x86_64  CompilerName: GCC  CompilerVersion: 8.4.0
ProgramName: mri_edit_wm_with_aseg  ProgramArguments: mri_edit_wm_with_aseg -all-info  ProgramVersion: 7.3.2  TimeStamp: 2026/03/09-09:39:51-GMT  BuildTime: Aug  4 2022 06:17:15  BuildStamp: freesurfer-linux-ubuntu22_x86_64-7.3.2-20220804-6354275  User: oesteban  Machine: dna066  Platform: Linux  PlatformVersion: 5.14.0-427.37.1.el9_4.x86_64  CompilerName: GCC  CompilerVersion: 8.4.0
ProgramName: mri_em_register  ProgramArguments: mri_em_register -all-info  ProgramVersion: 7.3.2  TimeStamp: 2026/03/09-09:39:51-GMT  BuildTime: Aug  4 2022 06:17:15  BuildStamp: freesurfer-linux-ubuntu22_x86_64-7.3.2-20220804-6354275  User: oesteban  Machine: dna066  Platform: Linux  PlatformVersion: 5.14.0-427.37.1.el9_4.x86_64  CompilerName: GCC  CompilerVersion: 8.4.0
ProgramName: mri_fill  ProgramArguments: mri_fill -all-info  ProgramVersion: 7.3.2  TimeStamp: 2026/03/09-09:39:51-GMT  BuildTime: Aug  4 2022 06:17:15  BuildStamp: freesurfer-linux-ubuntu22_x86_64-7.3.2-20220804-6354275  User: oesteban  Machine: dna066  Platform: Linux  PlatformVersion: 5.14.0-427.37.1.el9_4.x86_64  CompilerName: GCC  CompilerVersion: 8.4.0
ProgramName: mri_fuse_segmentations  ProgramArguments: mri_fuse_segmentations -all-info  ProgramVersion: 7.3.2  TimeStamp: 2026/03/09-09:39:51-GMT  BuildTime: Aug  4 2022 06:17:15  BuildStamp: freesurfer-linux-ubuntu22_x86_64-7.3.2-20220804-6354275  User: oesteban  Machine: dna066  Platform: Linux  PlatformVersion: 5.14.0-427.37.1.el9_4.x86_64  CompilerName: GCC  CompilerVersion: 8.4.0
ProgramName: mri_fwhm  ProgramArguments: mri_fwhm -all-info  ProgramVersion: 7.3.2  TimeStamp: 2026/03/09-09:39:51-GMT  BuildTime: Aug  4 2022 06:17:15  BuildStamp: freesurfer-linux-ubuntu22_x86_64-7.3.2-20220804-6354275  User: oesteban  Machine: dna066  Platform: Linux  PlatformVersion: 5.14.0-427.37.1.el9_4.x86_64  CompilerName: GCC  CompilerVersion: 8.4.0
ProgramName: mri_gcut  ProgramArguments: mri_gcut -all-info  ProgramVersion: 7.3.2  TimeStamp: 2026/03/09-09:39:51-GMT  BuildTime: Aug  4 2022 06:17:15  BuildStamp: freesurfer-linux-ubuntu22_x86_64-7.3.2-20220804-6354275  User: oesteban  Machine: dna066  Platform: Linux  PlatformVersion: 5.14.0-427.37.1.el9_4.x86_64  CompilerName: GCC  CompilerVersion: 8.4.0
ProgramName: mri_info  ProgramArguments: mri_info -all-info  ProgramVersion: 7.3.2  TimeStamp: 2026/03/09-09:39:51-GMT  BuildTime: Aug  4 2022 06:17:15  BuildStamp: freesurfer-linux-ubuntu22_x86_64-7.3.2-20220804-6354275  User: oesteban  Machine: dna066  Platform: Linux  PlatformVersion: 5.14.0-427.37.1.el9_4.x86_64  CompilerName: GCC  CompilerVersion: 8.4.0
ProgramName: mri_label2label  ProgramArguments: mri_label2label -all-info  ProgramVersion: 7.3.2  TimeStamp: 2026/03/09-09:39:51-GMT  BuildTime: Aug  4 2022 06:17:15  BuildStamp: freesurfer-linux-ubuntu22_x86_64-7.3.2-20220804-6354275  User: oesteban  Machine: dna066  Platform: Linux  PlatformVersion: 5.14.0-427.37.1.el9_4.x86_64  CompilerName: GCC  CompilerVersion: 8.4.0
ProgramName: mri_label2vol  ProgramArguments: mri_label2vol -all-info  ProgramVersion: 7.3.2  TimeStamp: 2026/03/09-09:39:51-GMT  BuildTime: Aug  4 2022 06:17:15  BuildStamp: freesurfer-linux-ubuntu22_x86_64-7.3.2-20220804-6354275  User: oesteban  Machine: dna066  Platform: Linux  PlatformVersion: 5.14.0-427.37.1.el9_4.x86_64  CompilerName: GCC  CompilerVersion: 8.4.0
ProgramName: mri_log_likelihood  ProgramArguments: mri_log_likelihood -all-info  ProgramVersion: 7.3.2  TimeStamp: 2026/03/09-09:39:51-GMT  BuildTime: Aug  4 2022 06:17:15  BuildStamp: freesurfer-linux-ubuntu22_x86_64-7.3.2-20220804-6354275  User: oesteban  Machine: dna066  Platform: Linux  PlatformVersion: 5.14.0-427.37.1.el9_4.x86_64  CompilerName: GCC  CompilerVersion: 8.4.0
ProgramName: mri_mask  ProgramArguments: mri_mask -all-info  ProgramVersion: 7.3.2  TimeStamp: 2026/03/09-09:39:51-GMT  BuildTime: Aug  4 2022 06:17:15  BuildStamp: freesurfer-linux-ubuntu22_x86_64-7.3.2-20220804-6354275  User: oesteban  Machine: dna066  Platform: Linux  PlatformVersion: 5.14.0-427.37.1.el9_4.x86_64  CompilerName: GCC  CompilerVersion: 8.4.0
ProgramName: mri_matrix_multiply  ProgramArguments: mri_matrix_multiply -all-info  ProgramVersion: 7.3.2  TimeStamp: 2026/03/09-09:39:51-GMT  BuildTime: Aug  4 2022 06:17:15  BuildStamp: freesurfer-linux-ubuntu22_x86_64-7.3.2-20220804-6354275  User: oesteban  Machine: dna066  Platform: Linux  PlatformVersion: 5.14.0-427.37.1.el9_4.x86_64  CompilerName: GCC  CompilerVersion: 8.4.0
ProgramName: mri_normalize  ProgramArguments: mri_normalize -all-info  ProgramVersion: 7.3.2  TimeStamp: 2026/03/09-09:39:51-GMT  BuildTime: Aug  4 2022 06:17:15  BuildStamp: freesurfer-linux-ubuntu22_x86_64-7.3.2-20220804-6354275  User: oesteban  Machine: dna066  Platform: Linux  PlatformVersion: 5.14.0-427.37.1.el9_4.x86_64  CompilerName: GCC  CompilerVersion: 8.4.0
ProgramName: mri_normalize_tp2  ProgramArguments: mri_normalize_tp2 -all-info  ProgramVersion: 7.3.2  TimeStamp: 2026/03/09-09:39:51-GMT  BuildTime: Aug  4 2022 06:17:15  BuildStamp: freesurfer-linux-ubuntu22_x86_64-7.3.2-20220804-6354275  User: oesteban  Machine: dna066  Platform: Linux  PlatformVersion: 5.14.0-427.37.1.el9_4.x86_64  CompilerName: GCC  CompilerVersion: 8.4.0
ProgramName: mri_or  ProgramArguments: mri_or -all-info  ProgramVersion: 7.3.2  TimeStamp: 2026/03/09-09:39:51-GMT  BuildTime: Aug  4 2022 06:17:15  BuildStamp: freesurfer-linux-ubuntu22_x86_64-7.3.2-20220804-6354275  User: oesteban  Machine: dna066  Platform: Linux  PlatformVersion: 5.14.0-427.37.1.el9_4.x86_64  CompilerName: GCC  CompilerVersion: 8.4.0
ProgramName: mri_relabel_hypointensities  ProgramArguments: mri_relabel_hypointensities -all-info  ProgramVersion: 7.3.2  TimeStamp: 2026/03/09-09:39:51-GMT  BuildTime: Aug  4 2022 06:17:15  BuildStamp: freesurfer-linux-ubuntu22_x86_64-7.3.2-20220804-6354275  User: oesteban  Machine: dna066  Platform: Linux  PlatformVersion: 5.14.0-427.37.1.el9_4.x86_64  CompilerName: GCC  CompilerVersion: 8.4.0
ProgramName: mri_relabel_nonwm_hypos  ProgramArguments: mri_relabel_nonwm_hypos -all-info  ProgramVersion: 7.3.2  TimeStamp: 2026/03/09-09:39:51-GMT  BuildTime: Aug  4 2022 06:17:15  BuildStamp: freesurfer-linux-ubuntu22_x86_64-7.3.2-20220804-6354275  User: oesteban  Machine: dna066  Platform: Linux  PlatformVersion: 5.14.0-427.37.1.el9_4.x86_64  CompilerName: GCC  CompilerVersion: 8.4.0
ProgramName: mri_remove_neck  ProgramArguments: mri_remove_neck -all-info  ProgramVersion: 7.3.2  TimeStamp: 2026/03/09-09:39:51-GMT  BuildTime: Aug  4 2022 06:17:15  BuildStamp: freesurfer-linux-ubuntu22_x86_64-7.3.2-20220804-6354275  User: oesteban  Machine: dna066  Platform: Linux  PlatformVersion: 5.14.0-427.37.1.el9_4.x86_64  CompilerName: GCC  CompilerVersion: 8.4.0
7.3.2

ProgramName: mri_robust_register  ProgramArguments: mri_robust_register -all-info  ProgramVersion: 7.3.2  TimeStamp: 2026/03/09-09:39:51-GMT  BuildTime: Aug  4 2022 06:17:15  BuildStamp: freesurfer-linux-ubuntu22_x86_64-7.3.2-20220804-6354275  User: oesteban  Machine: dna066  Platform: Linux  PlatformVersion: 5.14.0-427.37.1.el9_4.x86_64  CompilerName: GCC  CompilerVersion: 8.4.0
7.3.2

ProgramName: mri_robust_template  ProgramArguments: mri_robust_template -all-info  ProgramVersion: 7.3.2  TimeStamp: 2026/03/09-09:39:51-GMT  BuildTime: Aug  4 2022 06:17:15  BuildStamp: freesurfer-linux-ubuntu22_x86_64-7.3.2-20220804-6354275  User: oesteban  Machine: dna066  Platform: Linux  PlatformVersion: 5.14.0-427.37.1.el9_4.x86_64  CompilerName: GCC  CompilerVersion: 8.4.0
ProgramName: mris_anatomical_stats  ProgramArguments: mris_anatomical_stats -all-info  ProgramVersion: 7.3.2  TimeStamp: 2026/03/09-09:39:51-GMT  BuildTime: Aug  4 2022 06:17:15  BuildStamp: freesurfer-linux-ubuntu22_x86_64-7.3.2-20220804-6354275  User: oesteban  Machine: dna066  Platform: Linux  PlatformVersion: 5.14.0-427.37.1.el9_4.x86_64  CompilerName: GCC  CompilerVersion: 8.4.0
ProgramName: mris_ca_label  ProgramArguments: mris_ca_label -all-info  ProgramVersion: 7.3.2  TimeStamp: 2026/03/09-09:39:51-GMT  BuildTime: Aug  4 2022 06:17:15  BuildStamp: freesurfer-linux-ubuntu22_x86_64-7.3.2-20220804-6354275  User: oesteban  Machine: dna066  Platform: Linux  PlatformVersion: 5.14.0-427.37.1.el9_4.x86_64  CompilerName: GCC  CompilerVersion: 8.4.0
ProgramName: mris_calc  ProgramArguments: mris_calc -all-info  ProgramVersion: 7.3.2  TimeStamp: 2026/03/09-09:39:51-GMT  BuildTime: Aug  4 2022 06:17:15  BuildStamp: freesurfer-linux-ubuntu22_x86_64-7.3.2-20220804-6354275  User: oesteban  Machine: dna066  Platform: Linux  PlatformVersion: 5.14.0-427.37.1.el9_4.x86_64  CompilerName: GCC  CompilerVersion: 8.4.0
ProgramName: mris_convert  ProgramArguments: mris_convert -all-info  ProgramVersion: 7.3.2  TimeStamp: 2026/03/09-09:39:51-GMT  BuildTime: Aug  4 2022 06:17:15  BuildStamp: freesurfer-linux-ubuntu22_x86_64-7.3.2-20220804-6354275  User: oesteban  Machine: dna066  Platform: Linux  PlatformVersion: 5.14.0-427.37.1.el9_4.x86_64  CompilerName: GCC  CompilerVersion: 8.4.0
ProgramName: mris_curvature  ProgramArguments: mris_curvature -all-info  ProgramVersion: 7.3.2  TimeStamp: 2026/03/09-09:39:51-GMT  BuildTime: Aug  4 2022 06:17:15  BuildStamp: freesurfer-linux-ubuntu22_x86_64-7.3.2-20220804-6354275  User: oesteban  Machine: dna066  Platform: Linux  PlatformVersion: 5.14.0-427.37.1.el9_4.x86_64  CompilerName: GCC  CompilerVersion: 8.4.0
ProgramName: mris_curvature_stats  ProgramArguments: mris_curvature_stats -all-info  ProgramVersion: 7.3.2  TimeStamp: 2026/03/09-09:39:51-GMT  BuildTime: Aug  4 2022 06:17:15  BuildStamp: freesurfer-linux-ubuntu22_x86_64-7.3.2-20220804-6354275  User: oesteban  Machine: dna066  Platform: Linux  PlatformVersion: 5.14.0-427.37.1.el9_4.x86_64  CompilerName: GCC  CompilerVersion: 8.4.0
ProgramName: mris_diff  ProgramArguments: mris_diff -all-info  ProgramVersion: 7.3.2  TimeStamp: 2026/03/09-09:39:51-GMT  BuildTime: Aug  4 2022 06:17:15  BuildStamp: freesurfer-linux-ubuntu22_x86_64-7.3.2-20220804-6354275  User: oesteban  Machine: dna066  Platform: Linux  PlatformVersion: 5.14.0-427.37.1.el9_4.x86_64  CompilerName: GCC  CompilerVersion: 8.4.0
ProgramName: mris_divide_parcellation  ProgramArguments: mris_divide_parcellation -all-info  ProgramVersion: 7.3.2  TimeStamp: 2026/03/09-09:39:51-GMT  BuildTime: Aug  4 2022 06:17:15  BuildStamp: freesurfer-linux-ubuntu22_x86_64-7.3.2-20220804-6354275  User: oesteban  Machine: dna066  Platform: Linux  PlatformVersion: 5.14.0-427.37.1.el9_4.x86_64  CompilerName: GCC  CompilerVersion: 8.4.0
ProgramName: mri_segment  ProgramArguments: mri_segment -all-info  ProgramVersion: 7.3.2  TimeStamp: 2026/03/09-09:39:51-GMT  BuildTime: Aug  4 2022 06:17:15  BuildStamp: freesurfer-linux-ubuntu22_x86_64-7.3.2-20220804-6354275  User: oesteban  Machine: dna066  Platform: Linux  PlatformVersion: 5.14.0-427.37.1.el9_4.x86_64  CompilerName: GCC  CompilerVersion: 8.4.0
ProgramName: mri_segstats  ProgramArguments: mri_segstats -all-info  ProgramVersion: 7.3.2  TimeStamp: 2026/03/09-09:39:51-GMT  BuildTime: Aug  4 2022 06:17:15  BuildStamp: freesurfer-linux-ubuntu22_x86_64-7.3.2-20220804-6354275  User: oesteban  Machine: dna066  Platform: Linux  PlatformVersion: 5.14.0-427.37.1.el9_4.x86_64  CompilerName: GCC  CompilerVersion: 8.4.0
ProgramName: mris_euler_number  ProgramArguments: mris_euler_number -all-info  ProgramVersion: 7.3.2  TimeStamp: 2026/03/09-09:39:51-GMT  BuildTime: Aug  4 2022 06:17:15  BuildStamp: freesurfer-linux-ubuntu22_x86_64-7.3.2-20220804-6354275  User: oesteban  Machine: dna066  Platform: Linux  PlatformVersion: 5.14.0-427.37.1.el9_4.x86_64  CompilerName: GCC  CompilerVersion: 8.4.0
ProgramName: mris_fix_topology  ProgramArguments: mris_fix_topology -all-info  ProgramVersion: 7.3.2  TimeStamp: 2026/03/09-09:39:51-GMT  BuildTime: Aug  4 2022 06:17:15  BuildStamp: freesurfer-linux-ubuntu22_x86_64-7.3.2-20220804-6354275  User: oesteban  Machine: dna066  Platform: Linux  PlatformVersion: 5.14.0-427.37.1.el9_4.x86_64  CompilerName: GCC  CompilerVersion: 8.4.0
ProgramName: mris_topo_fixer  ProgramArguments: mris_topo_fixer -all-info  ProgramVersion: 7.3.2  TimeStamp: 2026/03/09-09:39:51-GMT  BuildTime: Aug  4 2022 06:17:15  BuildStamp: freesurfer-linux-ubuntu22_x86_64-7.3.2-20220804-6354275  User: oesteban  Machine: dna066  Platform: Linux  PlatformVersion: 5.14.0-427.37.1.el9_4.x86_64  CompilerName: GCC  CompilerVersion: 8.4.0
ProgramName: mris_jacobian  ProgramArguments: mris_jacobian -all-info  ProgramVersion: 7.3.2  TimeStamp: 2026/03/09-09:39:51-GMT  BuildTime: Aug  4 2022 06:17:15  BuildStamp: freesurfer-linux-ubuntu22_x86_64-7.3.2-20220804-6354275  User: oesteban  Machine: dna066  Platform: Linux  PlatformVersion: 5.14.0-427.37.1.el9_4.x86_64  CompilerName: GCC  CompilerVersion: 8.4.0
ProgramName: mris_label2annot  ProgramArguments: mris_label2annot -all-info  ProgramVersion: 7.3.2  TimeStamp: 2026/03/09-09:39:51-GMT  BuildTime: Aug  4 2022 06:17:15  BuildStamp: freesurfer-linux-ubuntu22_x86_64-7.3.2-20220804-6354275  User: oesteban  Machine: dna066  Platform: Linux  PlatformVersion: 5.14.0-427.37.1.el9_4.x86_64  CompilerName: GCC  CompilerVersion: 8.4.0
ProgramName: mris_left_right_register  ProgramArguments: mris_left_right_register -all-info  ProgramVersion: 7.3.2  TimeStamp: 2026/03/09-09:39:51-GMT  BuildTime: Aug  4 2022 06:17:15  BuildStamp: freesurfer-linux-ubuntu22_x86_64-7.3.2-20220804-6354275  User: oesteban  Machine: dna066  Platform: Linux  PlatformVersion: 5.14.0-427.37.1.el9_4.x86_64  CompilerName: GCC  CompilerVersion: 8.4.0
ProgramName: mris_place_surface  ProgramArguments: mris_place_surface -all-info  ProgramVersion: 7.3.2  TimeStamp: 2026/03/09-09:39:51-GMT  BuildTime: Aug  4 2022 06:17:15  BuildStamp: freesurfer-linux-ubuntu22_x86_64-7.3.2-20220804-6354275  User: oesteban  Machine: dna066  Platform: Linux  PlatformVersion: 5.14.0-427.37.1.el9_4.x86_64  CompilerName: GCC  CompilerVersion: 8.4.0
ProgramName: mrisp_paint  ProgramArguments: mrisp_paint -all-info  ProgramVersion: 7.3.2  TimeStamp: 2026/03/09-09:39:51-GMT  BuildTime: Aug  4 2022 06:17:15  BuildStamp: freesurfer-linux-ubuntu22_x86_64-7.3.2-20220804-6354275  User: oesteban  Machine: dna066  Platform: Linux  PlatformVersion: 5.14.0-427.37.1.el9_4.x86_64  CompilerName: GCC  CompilerVersion: 8.4.0
ProgramName: mris_register  ProgramArguments: mris_register -all-info  ProgramVersion: 7.3.2  TimeStamp: 2026/03/09-09:39:51-GMT  BuildTime: Aug  4 2022 06:17:15  BuildStamp: freesurfer-linux-ubuntu22_x86_64-7.3.2-20220804-6354275  User: oesteban  Machine: dna066  Platform: Linux  PlatformVersion: 5.14.0-427.37.1.el9_4.x86_64  CompilerName: GCC  CompilerVersion: 8.4.0
ProgramName: mris_smooth  ProgramArguments: mris_smooth -all-info  ProgramVersion: 7.3.2  TimeStamp: 2026/03/09-09:39:51-GMT  BuildTime: Aug  4 2022 06:17:15  BuildStamp: freesurfer-linux-ubuntu22_x86_64-7.3.2-20220804-6354275  User: oesteban  Machine: dna066  Platform: Linux  PlatformVersion: 5.14.0-427.37.1.el9_4.x86_64  CompilerName: GCC  CompilerVersion: 8.4.0
ProgramName: mris_sphere  ProgramArguments: mris_sphere -all-info  ProgramVersion: 7.3.2  TimeStamp: 2026/03/09-09:39:51-GMT  BuildTime: Aug  4 2022 06:17:15  BuildStamp: freesurfer-linux-ubuntu22_x86_64-7.3.2-20220804-6354275  User: oesteban  Machine: dna066  Platform: Linux  PlatformVersion: 5.14.0-427.37.1.el9_4.x86_64  CompilerName: GCC  CompilerVersion: 8.4.0
ProgramName: mris_surface_stats  ProgramArguments: mris_surface_stats -all-info  ProgramVersion: 7.3.2  TimeStamp: 2026/03/09-09:39:51-GMT  BuildTime: Aug  4 2022 06:17:15  BuildStamp: freesurfer-linux-ubuntu22_x86_64-7.3.2-20220804-6354275  User: oesteban  Machine: dna066  Platform: Linux  PlatformVersion: 5.14.0-427.37.1.el9_4.x86_64  CompilerName: GCC  CompilerVersion: 8.4.0
ProgramName: mri_stats2seg  ProgramArguments: mri_stats2seg -all-info  ProgramVersion: 7.3.2  TimeStamp: 2026/03/09-09:39:51-GMT  BuildTime: Aug  4 2022 06:17:15  BuildStamp: freesurfer-linux-ubuntu22_x86_64-7.3.2-20220804-6354275  User: oesteban  Machine: dna066  Platform: Linux  PlatformVersion: 5.14.0-427.37.1.el9_4.x86_64  CompilerName: GCC  CompilerVersion: 8.4.0
ProgramName: mris_thickness  ProgramArguments: mris_thickness -all-info  ProgramVersion: 7.3.2  TimeStamp: 2026/03/09-09:39:51-GMT  BuildTime: Aug  4 2022 06:17:15  BuildStamp: freesurfer-linux-ubuntu22_x86_64-7.3.2-20220804-6354275  User: oesteban  Machine: dna066  Platform: Linux  PlatformVersion: 5.14.0-427.37.1.el9_4.x86_64  CompilerName: GCC  CompilerVersion: 8.4.0
ProgramName: mris_thickness_diff  ProgramArguments: mris_thickness_diff -all-info  ProgramVersion: 7.3.2  TimeStamp: 2026/03/09-09:39:51-GMT  BuildTime: Aug  4 2022 06:17:15  BuildStamp: freesurfer-linux-ubuntu22_x86_64-7.3.2-20220804-6354275  User: oesteban  Machine: dna066  Platform: Linux  PlatformVersion: 5.14.0-427.37.1.el9_4.x86_64  CompilerName: GCC  CompilerVersion: 8.4.0
ProgramName: mris_topo_fixer  ProgramArguments: mris_topo_fixer -all-info  ProgramVersion: 7.3.2  TimeStamp: 2026/03/09-09:39:51-GMT  BuildTime: Aug  4 2022 06:17:15  BuildStamp: freesurfer-linux-ubuntu22_x86_64-7.3.2-20220804-6354275  User: oesteban  Machine: dna066  Platform: Linux  PlatformVersion: 5.14.0-427.37.1.el9_4.x86_64  CompilerName: GCC  CompilerVersion: 8.4.0
ProgramName: mri_surf2surf  ProgramArguments: mri_surf2surf -all-info  ProgramVersion: 7.3.2  TimeStamp: 2026/03/09-09:39:51-GMT  BuildTime: Aug  4 2022 06:17:15  BuildStamp: freesurfer-linux-ubuntu22_x86_64-7.3.2-20220804-6354275  User: oesteban  Machine: dna066  Platform: Linux  PlatformVersion: 5.14.0-427.37.1.el9_4.x86_64  CompilerName: GCC  CompilerVersion: 8.4.0
ProgramName: mri_surf2vol  ProgramArguments: mri_surf2vol -all-info  ProgramVersion: 7.3.2  TimeStamp: 2026/03/09-09:39:51-GMT  BuildTime: Aug  4 2022 06:17:15  BuildStamp: freesurfer-linux-ubuntu22_x86_64-7.3.2-20220804-6354275  User: oesteban  Machine: dna066  Platform: Linux  PlatformVersion: 5.14.0-427.37.1.el9_4.x86_64  CompilerName: GCC  CompilerVersion: 8.4.0
ProgramName: mri_surfcluster  ProgramArguments: mri_surfcluster -all-info  ProgramVersion: 7.3.2  TimeStamp: 2026/03/09-09:39:51-GMT  BuildTime: Aug  4 2022 06:17:15  BuildStamp: freesurfer-linux-ubuntu22_x86_64-7.3.2-20220804-6354275  User: oesteban  Machine: dna066  Platform: Linux  PlatformVersion: 5.14.0-427.37.1.el9_4.x86_64  CompilerName: GCC  CompilerVersion: 8.4.0
ProgramName: mris_volmask  ProgramArguments: mris_volmask -all-info  ProgramVersion: 7.3.2  TimeStamp: 2026/03/09-09:39:51-GMT  BuildTime: Aug  4 2022 06:17:15  BuildStamp: freesurfer-linux-ubuntu22_x86_64-7.3.2-20220804-6354275  User: oesteban  Machine: dna066  Platform: Linux  PlatformVersion: 5.14.0-427.37.1.el9_4.x86_64  CompilerName: GCC  CompilerVersion: 8.4.0
ProgramName: mri_tessellate  ProgramArguments: mri_tessellate -all-info  ProgramVersion: 7.3.2  TimeStamp: 2026/03/09-09:39:51-GMT  BuildTime: Aug  4 2022 06:17:15  BuildStamp: freesurfer-linux-ubuntu22_x86_64-7.3.2-20220804-6354275  User: oesteban  Machine: dna066  Platform: Linux  PlatformVersion: 5.14.0-427.37.1.el9_4.x86_64  CompilerName: GCC  CompilerVersion: 8.4.0
ProgramName: mri_vol2surf  ProgramArguments: mri_vol2surf -all-info  ProgramVersion: 7.3.2  TimeStamp: 2026/03/09-09:39:51-GMT  BuildTime: Aug  4 2022 06:17:15  BuildStamp: freesurfer-linux-ubuntu22_x86_64-7.3.2-20220804-6354275  User: oesteban  Machine: dna066  Platform: Linux  PlatformVersion: 5.14.0-427.37.1.el9_4.x86_64  CompilerName: GCC  CompilerVersion: 8.4.0
ProgramName: mri_vol2vol  ProgramArguments: mri_vol2vol -all-info  ProgramVersion: 7.3.2  TimeStamp: 2026/03/09-09:39:51-GMT  BuildTime: Aug  4 2022 06:17:15  BuildStamp: freesurfer-linux-ubuntu22_x86_64-7.3.2-20220804-6354275  User: oesteban  Machine: dna066  Platform: Linux  PlatformVersion: 5.14.0-427.37.1.el9_4.x86_64  CompilerName: GCC  CompilerVersion: 8.4.0
ProgramName: mri_voldiff  ProgramArguments: mri_voldiff -all-info  ProgramVersion: 7.3.2  TimeStamp: 2026/03/09-09:39:51-GMT  BuildTime: Aug  4 2022 06:17:15  BuildStamp: freesurfer-linux-ubuntu22_x86_64-7.3.2-20220804-6354275  User: oesteban  Machine: dna066  Platform: Linux  PlatformVersion: 5.14.0-427.37.1.el9_4.x86_64  CompilerName: GCC  CompilerVersion: 8.4.0
ProgramName: mri_watershed  ProgramArguments: mri_watershed -all-info  ProgramVersion: 7.3.2  TimeStamp: 2026/03/09-09:39:51-GMT  BuildTime: Aug  4 2022 06:17:15  BuildStamp: freesurfer-linux-ubuntu22_x86_64-7.3.2-20220804-6354275  User: oesteban  Machine: dna066  Platform: Linux  PlatformVersion: 5.14.0-427.37.1.el9_4.x86_64  CompilerName: GCC  CompilerVersion: 8.4.0
ProgramName: tkregister2  ProgramArguments: tkregister2_cmdl -all-info  ProgramVersion: 7.3.2  TimeStamp: 2026/03/09-09:39:51-GMT  BuildTime: Aug  4 2022 06:17:15  BuildStamp: freesurfer-linux-ubuntu22_x86_64-7.3.2-20220804-6354275  User: oesteban  Machine: dna066  Platform: Linux  PlatformVersion: 5.14.0-427.37.1.el9_4.x86_64  CompilerName: GCC  CompilerVersion: 8.4.0
mri_motion_correct.fsl 7.3.2
mri_convert -all-info 
ProgramName: mri_convert  ProgramArguments: mri_convert -all-info  ProgramVersion: 7.3.2  TimeStamp: 2026/03/09-09:39:51-GMT  BuildTime: Aug  4 2022 06:17:15  BuildStamp: freesurfer-linux-ubuntu22_x86_64-7.3.2-20220804-6354275  User: oesteban  Machine: dna066  Platform: Linux  PlatformVersion: 5.14.0-427.37.1.el9_4.x86_64  CompilerName: GCC  CompilerVersion: 8.4.0
Program nu_correct, built from:
Package MNI N3, version 1.12.0, compiled by nicks@terrier (x86_64-unknown-linux-gnu) on 2015-06-19 at 01:25:34
#######################################
GCADIR /opt/freesurfer/average
GCA RB_all_2020-01-02.gca
GCASkull RB_all_withskull_2020_01_02.gca
AvgCurvTif folding.atlas.acfb40.noaparc.i12.2016-08-02.tif
GCSDIR /opt/freesurfer/average
GCS DKaparc.atlas.acfb40.noaparc.i12.2016-08-02.gcs
#######################################
#--------------------------------------------
#@# WhiteSurfs lh Mon Mar  9 10:39:51 CET 2026
cd /out/sourcedata/freesurfer/sub-v1s20x0050337_ses-1/mri
mris_place_surface --adgws-in ../surf/autodet.gw.stats.lh.dat --seg aseg.presurf.mgz --threads 16 --wm wm.mgz --invol brain.finalsurfs.mgz --lh --i ../surf/lh.white.preaparc --o ../surf/lh.white --white --nsmooth 0 --rip-label ../label/lh.cortex.label --rip-bg --rip-surf ../surf/lh.white.preaparc --aparc ../label/lh.aparc.annot
   Update not needed
#--------------------------------------------
#@# WhiteSurfs rh Mon Mar  9 10:39:51 CET 2026
cd /out/sourcedata/freesurfer/sub-v1s20x0050337_ses-1/mri
mris_place_surface --adgws-in ../surf/autodet.gw.stats.rh.dat --seg aseg.presurf.mgz --threads 16 --wm wm.mgz --invol brain.finalsurfs.mgz --rh --i ../surf/rh.white.preaparc --o ../surf/rh.white --white --nsmooth 0 --rip-label ../label/rh.cortex.label --rip-bg --rip-surf ../surf/rh.white.preaparc --aparc ../label/rh.aparc.annot
   Update not needed
#@# white curv lh Mon Mar  9 10:39:51 CET 2026
cd /out/sourcedata/freesurfer/sub-v1s20x0050337_ses-1/mri
mris_place_surface --curv-map ../surf/lh.white 2 10 ../surf/lh.curv
   Update not needed
#@# white area lh Mon Mar  9 10:39:51 CET 2026
cd /out/sourcedata/freesurfer/sub-v1s20x0050337_ses-1/mri
mris_place_surface --area-map ../surf/lh.white ../surf/lh.area
   Update not needed
#@# pial curv lh Mon Mar  9 10:39:51 CET 2026
cd /out/sourcedata/freesurfer/sub-v1s20x0050337_ses-1/mri
mris_place_surface --curv-map ../surf/lh.pial 2 10 ../surf/lh.curv.pial
   Update not needed
#@# pial area lh Mon Mar  9 10:39:51 CET 2026
cd /out/sourcedata/freesurfer/sub-v1s20x0050337_ses-1/mri
mris_place_surface --area-map ../surf/lh.pial ../surf/lh.area.pial
   Update not needed
#@# thickness lh Mon Mar  9 10:39:51 CET 2026
cd /out/sourcedata/freesurfer/sub-v1s20x0050337_ses-1/mri
mris_place_surface --thickness ../surf/lh.white ../surf/lh.pial 20 5 ../surf/lh.thickness
   Update not needed
#@# area and vertex vol lh Mon Mar  9 10:39:51 CET 2026
cd /out/sourcedata/freesurfer/sub-v1s20x0050337_ses-1/mri
mris_place_surface --thickness ../surf/lh.white ../surf/lh.pial 20 5 ../surf/lh.thickness
   Update not needed
#@# white curv rh Mon Mar  9 10:39:51 CET 2026
cd /out/sourcedata/freesurfer/sub-v1s20x0050337_ses-1/mri
mris_place_surface --curv-map ../surf/rh.white 2 10 ../surf/rh.curv
   Update not needed
#@# white area rh Mon Mar  9 10:39:51 CET 2026
cd /out/sourcedata/freesurfer/sub-v1s20x0050337_ses-1/mri
mris_place_surface --area-map ../surf/rh.white ../surf/rh.area
   Update not needed
#@# pial curv rh Mon Mar  9 10:39:51 CET 2026
cd /out/sourcedata/freesurfer/sub-v1s20x0050337_ses-1/mri
mris_place_surface --curv-map ../surf/rh.pial 2 10 ../surf/rh.curv.pial
   Update not needed
#@# pial area rh Mon Mar  9 10:39:51 CET 2026
cd /out/sourcedata/freesurfer/sub-v1s20x0050337_ses-1/mri
mris_place_surface --area-map ../surf/rh.pial ../surf/rh.area.pial
   Update not needed
#@# thickness rh Mon Mar  9 10:39:51 CET 2026
cd /out/sourcedata/freesurfer/sub-v1s20x0050337_ses-1/mri
mris_place_surface --thickness ../surf/rh.white ../surf/rh.pial 20 5 ../surf/rh.thickness
   Update not needed
#@# area and vertex vol rh Mon Mar  9 10:39:51 CET 2026
cd /out/sourcedata/freesurfer/sub-v1s20x0050337_ses-1/mri
mris_place_surface --thickness ../surf/rh.white ../surf/rh.pial 20 5 ../surf/rh.thickness
   Update not needed

#-----------------------------------------
#@# Curvature Stats lh Mon Mar  9 10:39:51 CET 2026
/out/sourcedata/freesurfer/sub-v1s20x0050337_ses-1/surf

 mris_curvature_stats -m --writeCurvatureFiles -G -o ../stats/lh.curv.stats -F smoothwm sub-v1s20x0050337_ses-1 lh curv sulc 

             Toggling save flag on curvature files                       [ ok ]
                 Outputting results using filestem   [ ../stats/lh.curv.stats ]
             Toggling save flag on curvature files                       [ ok ]
                                   Setting surface [ sub-v1s20x0050337_ses-1/lh.smoothwm ]
                                Reading surface...                       [ ok ]
                                   Setting texture                     [ curv ]
                                Reading texture...                       [ ok ]
                                   Setting texture                     [ sulc ]
                                Reading texture...Gb_filter = 0
                       [ ok ]
      Calculating Discrete Principal Curvatures...
      Determining geometric order for vno faces... [####################] [ ok ]
                      Determining KH curvatures... [####################] [ ok ]
                    Determining k1k2 curvatures... [####################] [ ok ]
                                   deltaViolations                      [ 269 ]
Gb_filter = 0

WARN:    S lookup   min:                          -0.164198
WARN:    S explicit min:                          0.000000	vertex = 478

#-----------------------------------------
#@# Curvature Stats rh Mon Mar  9 10:39:53 CET 2026
/out/sourcedata/freesurfer/sub-v1s20x0050337_ses-1/surf

 mris_curvature_stats -m --writeCurvatureFiles -G -o ../stats/rh.curv.stats -F smoothwm sub-v1s20x0050337_ses-1 rh curv sulc 

             Toggling save flag on curvature files                       [ ok ]
                 Outputting results using filestem   [ ../stats/rh.curv.stats ]
             Toggling save flag on curvature files                       [ ok ]
                                   Setting surface [ sub-v1s20x0050337_ses-1/rh.smoothwm ]
                                Reading surface...                       [ ok ]
                                   Setting texture                     [ curv ]
                                Reading texture...                       [ ok ]
                                   Setting texture                     [ sulc ]
                                Reading texture...Gb_filter = 0
                       [ ok ]
      Calculating Discrete Principal Curvatures...
      Determining geometric order for vno faces... [####################] [ ok ]
                      Determining KH curvatures... [####################] [ ok ]
                    Determining k1k2 curvatures... [####################] [ ok ]
                                   deltaViolations                      [ 260 ]
Gb_filter = 0

WARN:    S lookup   min:                          -0.031898
WARN:    S explicit min:                          0.000000	vertex = 1360
#-----------------------------------------
#@# Relabel Hypointensities Mon Mar  9 10:39:54 CET 2026
/out/sourcedata/freesurfer/sub-v1s20x0050337_ses-1/mri

 mri_relabel_hypointensities aseg.presurf.mgz ../surf aseg.presurf.hypos.mgz 

reading input surface ../surf/lh.white...
relabeling lh hypointensities...
2872 voxels changed to hypointensity...
reading input surface ../surf/rh.white...
relabeling rh hypointensities...
2780 voxels changed to hypointensity...
5691 hypointense voxels neighboring cortex changed
#-----------------------------------------
#@# APas-to-ASeg Mon Mar  9 10:40:06 CET 2026
/out/sourcedata/freesurfer/sub-v1s20x0050337_ses-1/mri

 mri_surf2volseg --o aseg.mgz --i aseg.presurf.hypos.mgz --fix-presurf-with-ribbon /out/sourcedata/freesurfer/sub-v1s20x0050337_ses-1/mri/ribbon.mgz --threads 16 --lh-cortex-mask /out/sourcedata/freesurfer/sub-v1s20x0050337_ses-1/label/lh.cortex.label --lh-white /out/sourcedata/freesurfer/sub-v1s20x0050337_ses-1/surf/lh.white --lh-pial /out/sourcedata/freesurfer/sub-v1s20x0050337_ses-1/surf/lh.pial --rh-cortex-mask /out/sourcedata/freesurfer/sub-v1s20x0050337_ses-1/label/rh.cortex.label --rh-white /out/sourcedata/freesurfer/sub-v1s20x0050337_ses-1/surf/rh.white --rh-pial /out/sourcedata/freesurfer/sub-v1s20x0050337_ses-1/surf/rh.pial 

SUBJECTS_DIR /out/sourcedata/freesurfer
outvol aseg.mgz
16 avail.processors, using 16
Loading aseg.presurf.hypos.mgz
Loading /out/sourcedata/freesurfer/sub-v1s20x0050337_ses-1/mri/ribbon.mgz
Loading /out/sourcedata/freesurfer/sub-v1s20x0050337_ses-1/surf/lh.white
Loading /out/sourcedata/freesurfer/sub-v1s20x0050337_ses-1/surf/lh.pial
Loading /out/sourcedata/freesurfer/sub-v1s20x0050337_ses-1/label/lh.cortex.label
Loading /out/sourcedata/freesurfer/sub-v1s20x0050337_ses-1/surf/rh.white
Loading /out/sourcedata/freesurfer/sub-v1s20x0050337_ses-1/surf/rh.pial
Loading /out/sourcedata/freesurfer/sub-v1s20x0050337_ses-1/label/rh.cortex.label
Done loading
112 192   0  48 160  96 144 208 176  32  64 128  80  16 224 240 241  49  17   1  33 209 225 242  18  50 226   2 210  34 193 177 243  65 227  19 
  3  35 211 194  51 244  97 228  20   4  36 212  81 245 195 229 161  21   5  37 178  66 213 196 246 230  52  22  38   6 214 247 197 129 231  23   7  39 
 67 248 198 215  53 232  24 179 
  8  40 249 199 
162 216 233  82  25   9 250  41  68 200 145  54 234 217  26 130  10  42 251 201  98 235 180 218  55  27 202 252  11  43  69 236 163 203 219 
237  28  44  12 253  56 204 238  83  29  70  13 254  45 181 220 239 
205  30  14 255  46 221 146 206 131  57  47  15  31 164 222  71 207 182 223  99 
 84  72  58 165 183 147 132  59  73 
184 166 185 167  60  74 133 113  85 148 186 100 187 168  61 188  75 169 149  62 189  86 134 190 170  63  76 191 101 150 171  87 135  77 172 151 173 102  88 152  78 174 136 175 153  79 
 89 114 103 154  90 137 155  91 104 138  92 156  93 115 157 105 139 
 94 158 106  95 140 159 
107 116 141 108 142 109 143 117 110 118 111 119 
120 121 122 123 124 125 126 127 
nrelabeled = 182232
ndotcheck = 0
Starting Surf2VolSeg free
free done
#VMPC# mri_surf2volseg VmPeak  1974608
mri_surf2volseg done

 mri_brainvol_stats sub-v1s20x0050337_ses-1 

ComputeBrainVolumeStats2 VoxelVol=1, KeepCSF=1
  #CBVS2 MaskVol              1597982.0
  #CBVS2 BrainSegVol          1308394.0
  #CBVS2 BrainSegVolNotVent   1296449.0
  #CBVS2 SupraTentVol         1180546.0
  #CBVS2 SupraTentVolNotVent  1168601.0
  #CBVS2 lhCtxGM               294187.6
  #CBVS2 rhCtxGM               296665.2
  #CBVS2 lhCerebralWM          258682.0
  #CBVS2 rhCerebralWM          256902.0
  #CBVS2 SubCortGMVol           63305.0
  #CBVS2 CerebellumVol         127848.0
  #CBVS2 CerebellumGMVol       100564.0
  #CBVS2 VentChorVol             8865.0
  #CBVS2 3rd4th5thCSF            3080.0
  #CBVS2 AllCSF                 11945.0
  #CBVS2 CCVol                   3746.0
#-----------------------------------------
#@# AParc-to-ASeg aparc Mon Mar  9 10:40:12 CET 2026
/out/sourcedata/freesurfer/sub-v1s20x0050337_ses-1/mri

 mri_surf2volseg --o aparc+aseg.mgz --label-cortex --i aseg.mgz --threads 16 --lh-annot /out/sourcedata/freesurfer/sub-v1s20x0050337_ses-1/label/lh.aparc.annot 1000 --lh-cortex-mask /out/sourcedata/freesurfer/sub-v1s20x0050337_ses-1/label/lh.cortex.label --lh-white /out/sourcedata/freesurfer/sub-v1s20x0050337_ses-1/surf/lh.white --lh-pial /out/sourcedata/freesurfer/sub-v1s20x0050337_ses-1/surf/lh.pial --rh-annot /out/sourcedata/freesurfer/sub-v1s20x0050337_ses-1/label/rh.aparc.annot 2000 --rh-cortex-mask /out/sourcedata/freesurfer/sub-v1s20x0050337_ses-1/label/rh.cortex.label --rh-white /out/sourcedata/freesurfer/sub-v1s20x0050337_ses-1/surf/rh.white --rh-pial /out/sourcedata/freesurfer/sub-v1s20x0050337_ses-1/surf/rh.pial 

SUBJECTS_DIR /out/sourcedata/freesurfer
outvol aparc+aseg.mgz
16 avail.processors, using 16
Loading aseg.mgz
Loading /out/sourcedata/freesurfer/sub-v1s20x0050337_ses-1/surf/lh.white
Loading /out/sourcedata/freesurfer/sub-v1s20x0050337_ses-1/surf/lh.pial
Loading /out/sourcedata/freesurfer/sub-v1s20x0050337_ses-1/label/lh.cortex.label
Ripping lh vertices labeled not in lh.cortex.label
  ripped 8629 vertices from lh hemi
Loading /out/sourcedata/freesurfer/sub-v1s20x0050337_ses-1/label/lh.aparc.annot
Loading /out/sourcedata/freesurfer/sub-v1s20x0050337_ses-1/surf/rh.white
Loading /out/sourcedata/freesurfer/sub-v1s20x0050337_ses-1/surf/rh.pial
Loading /out/sourcedata/freesurfer/sub-v1s20x0050337_ses-1/label/rh.cortex.label
Ripping rh vertices labeled not in rh.cortex.label
  ripped 8482 vertices from rh hemi
Loading /out/sourcedata/freesurfer/sub-v1s20x0050337_ses-1/label/rh.aparc.annot
Done loading
  0 176 128 224 240  64 144  96  80 160 208  48  16 192  32 112  49   1  17 225 241  33 209   2 210  50 226  34  18 242   3 211  35 227  19 
243  51   4 212  36  20 228 244   5 213  37  21 229 245   6 214 230  38  22 246   7 215  39 
 23 231 247   8 216  52  24  40 232 248   9 217  41  25 233 249  10 218  42  26 234 250  11 219 
235  43  27 251 220  12 236  28  44 252 221  13 237  45  29 253 222  14  46 238  30 254 223  15  47 239 
 31 255  53 193  54 194 195 196 197 198 199 
200 201 202 203 204 205 206 207  55  56  97  57 177  65 161 113 129 145  98  58  81 178  99 
 66 162  59 
114 130 100 179 
146  60  67 163 101 115 180 131  82  61 147 164 102  68 181 132 116  62 103 165 182 148  69  83 133  63 104 117 183 166  70 134 105 149 184 185 167 118  84 106 186  71 135 150 187 188 168 107 189 119 
136 190  72 151 191  85 108 169 137 120 152 109  73 170  86 138 121 110 171 153  74 111  87 139 
172 122 154  75 173 123 140  88 174 141 155  76 124  89 175 142 125  77 156  90 143  91 126  78 157  92 127  93  79 
158  94  95 159 

nrelabeled = 589669
ndotcheck = 42712
Starting Surf2VolSeg free
free done
#VMPC# mri_surf2volseg VmPeak  1958880
mri_surf2volseg done
#-----------------------------------------
#@# AParc-to-ASeg aparc.a2009s Mon Mar  9 10:40:35 CET 2026
/out/sourcedata/freesurfer/sub-v1s20x0050337_ses-1/mri

 mri_surf2volseg --o aparc.a2009s+aseg.mgz --label-cortex --i aseg.mgz --threads 16 --lh-annot /out/sourcedata/freesurfer/sub-v1s20x0050337_ses-1/label/lh.aparc.a2009s.annot 11100 --lh-cortex-mask /out/sourcedata/freesurfer/sub-v1s20x0050337_ses-1/label/lh.cortex.label --lh-white /out/sourcedata/freesurfer/sub-v1s20x0050337_ses-1/surf/lh.white --lh-pial /out/sourcedata/freesurfer/sub-v1s20x0050337_ses-1/surf/lh.pial --rh-annot /out/sourcedata/freesurfer/sub-v1s20x0050337_ses-1/label/rh.aparc.a2009s.annot 12100 --rh-cortex-mask /out/sourcedata/freesurfer/sub-v1s20x0050337_ses-1/label/rh.cortex.label --rh-white /out/sourcedata/freesurfer/sub-v1s20x0050337_ses-1/surf/rh.white --rh-pial /out/sourcedata/freesurfer/sub-v1s20x0050337_ses-1/surf/rh.pial 

SUBJECTS_DIR /out/sourcedata/freesurfer
outvol aparc.a2009s+aseg.mgz
16 avail.processors, using 16
Loading aseg.mgz
Loading /out/sourcedata/freesurfer/sub-v1s20x0050337_ses-1/surf/lh.white
Loading /out/sourcedata/freesurfer/sub-v1s20x0050337_ses-1/surf/lh.pial
Loading /out/sourcedata/freesurfer/sub-v1s20x0050337_ses-1/label/lh.cortex.label
Ripping lh vertices labeled not in lh.cortex.label
  ripped 8629 vertices from lh hemi
Loading /out/sourcedata/freesurfer/sub-v1s20x0050337_ses-1/label/lh.aparc.a2009s.annot
Loading /out/sourcedata/freesurfer/sub-v1s20x0050337_ses-1/surf/rh.white
Loading /out/sourcedata/freesurfer/sub-v1s20x0050337_ses-1/surf/rh.pial
Loading /out/sourcedata/freesurfer/sub-v1s20x0050337_ses-1/label/rh.cortex.label
Ripping rh vertices labeled not in rh.cortex.label
  ripped 8482 vertices from rh hemi
Loading /out/sourcedata/freesurfer/sub-v1s20x0050337_ses-1/label/rh.aparc.a2009s.annot
Done loading
112  48 224  32  96 208 128 192 144  64  16 240   0 160 176  80  17 241  49   1  33 209 225  18 242  50  34   2 226 210  19 
243  35   3 227  20 211 244  51  36   4 228  21 245 212  37   5 229  22 246 213  38   6 230  23 247 214  39 
  7 231  24 248 215  40   8 232  52  25 249 216  41   9 233  26 250 217  42  10 234  27 251 218  43  11 235  28 252 219 
 44  12 236 220  29 253  13  45 237  30 254 221  46  14 238  31 255 222 239 
 15  47 223  53 193 194 195 196 197 198 199 
200 201  54 202 203 204 205 206 207  55  56  97 177 113 145  57 161  81  65 129  98  58 178 114  99 
146 162  82  66 100 130  59 
179 
115 147 163 101  60 180  83 131 116  67 102 148 164 181  61 132 103  84 117 149 165  68 182 104 133  62  85 166 150 118 183 105 134  69  63 184  86 167 106 151 185 119 
135 186  87 187 107  70 168 188 152 189 136 120 190 191 108  88 169 153  71 137 121 109  89 170 154 110  90 171  72 138 122 172 111 155  91 173 123  73 139 
 92 156 174 124  93 140  74 175 157  94 125 141 158  75  95 126 142 159 
 76 127 143  77  78  79 

nrelabeled = 589669
ndotcheck = 42712
Starting Surf2VolSeg free
free done
#VMPC# mri_surf2volseg VmPeak  1958976
mri_surf2volseg done
#-----------------------------------------
#@# AParc-to-ASeg aparc.DKTatlas Mon Mar  9 10:40:59 CET 2026
/out/sourcedata/freesurfer/sub-v1s20x0050337_ses-1/mri

 mri_surf2volseg --o aparc.DKTatlas+aseg.mgz --label-cortex --i aseg.mgz --threads 16 --lh-annot /out/sourcedata/freesurfer/sub-v1s20x0050337_ses-1/label/lh.aparc.DKTatlas.annot 1000 --lh-cortex-mask /out/sourcedata/freesurfer/sub-v1s20x0050337_ses-1/label/lh.cortex.label --lh-white /out/sourcedata/freesurfer/sub-v1s20x0050337_ses-1/surf/lh.white --lh-pial /out/sourcedata/freesurfer/sub-v1s20x0050337_ses-1/surf/lh.pial --rh-annot /out/sourcedata/freesurfer/sub-v1s20x0050337_ses-1/label/rh.aparc.DKTatlas.annot 2000 --rh-cortex-mask /out/sourcedata/freesurfer/sub-v1s20x0050337_ses-1/label/rh.cortex.label --rh-white /out/sourcedata/freesurfer/sub-v1s20x0050337_ses-1/surf/rh.white --rh-pial /out/sourcedata/freesurfer/sub-v1s20x0050337_ses-1/surf/rh.pial 

SUBJECTS_DIR /out/sourcedata/freesurfer
outvol aparc.DKTatlas+aseg.mgz
16 avail.processors, using 16
Loading aseg.mgz
Loading /out/sourcedata/freesurfer/sub-v1s20x0050337_ses-1/surf/lh.white
Loading /out/sourcedata/freesurfer/sub-v1s20x0050337_ses-1/surf/lh.pial
Loading /out/sourcedata/freesurfer/sub-v1s20x0050337_ses-1/label/lh.cortex.label
Ripping lh vertices labeled not in lh.cortex.label
  ripped 8629 vertices from lh hemi
Loading /out/sourcedata/freesurfer/sub-v1s20x0050337_ses-1/label/lh.aparc.DKTatlas.annot
Loading /out/sourcedata/freesurfer/sub-v1s20x0050337_ses-1/surf/rh.white
Loading /out/sourcedata/freesurfer/sub-v1s20x0050337_ses-1/surf/rh.pial
Loading /out/sourcedata/freesurfer/sub-v1s20x0050337_ses-1/label/rh.cortex.label
Ripping rh vertices labeled not in rh.cortex.label
  ripped 8482 vertices from rh hemi
Loading /out/sourcedata/freesurfer/sub-v1s20x0050337_ses-1/label/rh.aparc.DKTatlas.annot
Done loading
240 208  64  80 112  32 224 192 160 144   0  48 176  16  96 128 241 225  33  17  49   1 209 242  34  18 226   2  50 210 243 227  19 
 35   3 211  51 244 228  20  36   4 212 245 229  37  21   5 213 246 230  22  38   6 214 247 231  23  39 
  7 215 248 232  24  40  52   8 216 249 233  25  41   9 217 250 234  26  42  10 218 251 235  27  43  11 219 
236 252  28  44  12 220 253 237  29  45  13 254 221 238  30  46  14 255 222 239 
 31  47  15 223  53 193  54 194 195 196 197 198 199 
200 201 202 203 204 205 206 207  55  56 161  97  57 177  65 113 145  81  58 129  98 162 178  66  59 
114  99 
163 179 
146  82 100  60  67 164 130 115 180 101  61 165 147  68  83 181 116 131 102  62 166 182  69 148  84 103 167  63 132 117 183  70 149 168 104 184  85 185 133 118 169  71 186 105 150 187  86 188 170 189 119 
134  72 190 106 191 151 171  87 172 120 135  73 107 152 173  88 108 121 136  74 174 153  89 109 175 122  75 137  90 154 110 123  76  91 111 138 124 155  77  92 139 
125  78  93 140 156 126  79 
141  94 127 157 142  95 143 158 159 

nrelabeled = 589669
ndotcheck = 42712
Starting Surf2VolSeg free
free done
#VMPC# mri_surf2volseg VmPeak  1958892
mri_surf2volseg done
#-----------------------------------------
#@# WMParc Mon Mar  9 10:41:22 CET 2026
/out/sourcedata/freesurfer/sub-v1s20x0050337_ses-1/mri

 mri_surf2volseg --o wmparc.mgz --label-wm --i aparc+aseg.mgz --threads 16 --lh-annot /out/sourcedata/freesurfer/sub-v1s20x0050337_ses-1/label/lh.aparc.annot 3000 --lh-cortex-mask /out/sourcedata/freesurfer/sub-v1s20x0050337_ses-1/label/lh.cortex.label --lh-white /out/sourcedata/freesurfer/sub-v1s20x0050337_ses-1/surf/lh.white --lh-pial /out/sourcedata/freesurfer/sub-v1s20x0050337_ses-1/surf/lh.pial --rh-annot /out/sourcedata/freesurfer/sub-v1s20x0050337_ses-1/label/rh.aparc.annot 4000 --rh-cortex-mask /out/sourcedata/freesurfer/sub-v1s20x0050337_ses-1/label/rh.cortex.label --rh-white /out/sourcedata/freesurfer/sub-v1s20x0050337_ses-1/surf/rh.white --rh-pial /out/sourcedata/freesurfer/sub-v1s20x0050337_ses-1/surf/rh.pial 

SUBJECTS_DIR /out/sourcedata/freesurfer
outvol wmparc.mgz
16 avail.processors, using 16
Loading aparc+aseg.mgz
Loading /out/sourcedata/freesurfer/sub-v1s20x0050337_ses-1/surf/lh.white
Loading /out/sourcedata/freesurfer/sub-v1s20x0050337_ses-1/surf/lh.pial
Loading /out/sourcedata/freesurfer/sub-v1s20x0050337_ses-1/label/lh.cortex.label
Ripping lh vertices labeled not in lh.cortex.label
  ripped 8629 vertices from lh hemi
Loading /out/sourcedata/freesurfer/sub-v1s20x0050337_ses-1/label/lh.aparc.annot
Loading /out/sourcedata/freesurfer/sub-v1s20x0050337_ses-1/surf/rh.white
Loading /out/sourcedata/freesurfer/sub-v1s20x0050337_ses-1/surf/rh.pial
Loading /out/sourcedata/freesurfer/sub-v1s20x0050337_ses-1/label/rh.cortex.label
Ripping rh vertices labeled not in rh.cortex.label
  ripped 8482 vertices from rh hemi
Loading /out/sourcedata/freesurfer/sub-v1s20x0050337_ses-1/label/rh.aparc.annot
Done loading
112  64 240 176  48  32 208 192 160 224  96  80  16 128   0 144   1  33 209 225 193 241  17  49  34 226 210 194   2  50 242  18  35 227 195  51   3 211 243  19 
 36 228  52 196   4 212 244  20  37  53 229 197   5 245  21 213  38  54 230 198   6 246  22 214  39 
231 199 
 55 247   7  23 215  40 200 232 248   8  24  41 216 201 233  56 249   9  25  42 217 202 234  10 250  26  43 218 203 235 251  11  27  44 204 219 
236 252  28 205  12  45 253 220 237  29 206  46  13 254  30 221 238 207  47 255  14  31 239 
222  15 223  57  58 177  65  59 
 60 113 129  81 178  66  61 161 179 
 62 145 114  67  97 130  63 180  82  68 162 181 115 182  69 131 183 146 184  83  98 185 163  70 116 186 187 188 189 190 191 132  71  84 117 164 147  99 
 72 133 118 165  85  73 148 119 
100 134 166  74 120  86 149 121 167 135  75 101 122 168  87  76 150 136 123 169 102  77 170  88 151 137  78 124 171 103  89  79 
172 152 173 138 125 104 174  90 175 153 105 126 139 
 91 106 154 127  92 107 140 155 108  93 156 141 109 157  94 110 142 158 111  95 159 
143 
nrelabeled = 511838
ndotcheck = 4694
Starting Surf2VolSeg free
free done
#VMPC# mri_surf2volseg VmPeak  1958880
mri_surf2volseg done

 mri_segstats --seed 1234 --seg mri/wmparc.mgz --sum stats/wmparc.stats --pv mri/norm.mgz --excludeid 0 --brainmask mri/brainmask.mgz --in mri/norm.mgz --in-intensity-name norm --in-intensity-units MR --subject sub-v1s20x0050337_ses-1 --surf-wm-vol --ctab /opt/freesurfer/WMParcStatsLUT.txt --etiv 

setting seed for random number genererator to 1234

7.3.2
cwd 
cmdline mri_segstats --seed 1234 --seg mri/wmparc.mgz --sum stats/wmparc.stats --pv mri/norm.mgz --excludeid 0 --brainmask mri/brainmask.mgz --in mri/norm.mgz --in-intensity-name norm --in-intensity-units MR --subject sub-v1s20x0050337_ses-1 --surf-wm-vol --ctab /opt/freesurfer/WMParcStatsLUT.txt --etiv 
sysname  Linux
hostname dna066
machine  x86_64
user     oesteban
whitesurfname  white
UseRobust  0
atlas_icv (eTIV) = 1635301 mm^3    (det: 1.191282 )
Loading mri/wmparc.mgz
Getting Brain Volume Statistics
Loading mri/norm.mgz
Loading mri/norm.mgz
Voxel Volume is 1 mm^3
Generating list of segmentation ids
Found 390 segmentations
Computing statistics for each segmentation

Reporting on  70 segmentations
Using PrintSegStat
mri_segstats done
#--------------------------------------------
#@# ASeg Stats Mon Mar  9 10:43:18 CET 2026
/out/sourcedata/freesurfer/sub-v1s20x0050337_ses-1

 mri_segstats --seed 1234 --seg mri/aseg.mgz --sum stats/aseg.stats --pv mri/norm.mgz --empty --brainmask mri/brainmask.mgz --brain-vol-from-seg --excludeid 0 --excl-ctxgmwm --supratent --subcortgray --in mri/norm.mgz --in-intensity-name norm --in-intensity-units MR --etiv --surf-wm-vol --surf-ctx-vol --totalgray --euler --ctab /opt/freesurfer/ASegStatsLUT.txt --subject sub-v1s20x0050337_ses-1 

setting seed for random number genererator to 1234

7.3.2
cwd 
cmdline mri_segstats --seed 1234 --seg mri/aseg.mgz --sum stats/aseg.stats --pv mri/norm.mgz --empty --brainmask mri/brainmask.mgz --brain-vol-from-seg --excludeid 0 --excl-ctxgmwm --supratent --subcortgray --in mri/norm.mgz --in-intensity-name norm --in-intensity-units MR --etiv --surf-wm-vol --surf-ctx-vol --totalgray --euler --ctab /opt/freesurfer/ASegStatsLUT.txt --subject sub-v1s20x0050337_ses-1 
sysname  Linux
hostname dna066
machine  x86_64
user     oesteban
whitesurfname  white
UseRobust  0
atlas_icv (eTIV) = 1635301 mm^3    (det: 1.191282 )
Computing euler number
orig.nofix lheno =  -54, rheno = -56
orig.nofix lhholes =   28, rhholes = 29
Loading mri/aseg.mgz
Getting Brain Volume Statistics
Loading mri/norm.mgz
Loading mri/norm.mgz
Voxel Volume is 1 mm^3
Generating list of segmentation ids
Found  50 segmentations
Computing statistics for each segmentation

Reporting on  45 segmentations
Using PrintSegStat
mri_segstats done

Started at Mon Mar 9 10:39:50 CET 2026 
Ended   at Mon Mar 9 10:43:34 CET 2026
#@#%# recon-all-run-time-hours 0.062
recon-all -s sub-v1s20x0050337_ses-1 finished without error at Mon Mar  9 10:43:34 CET 2026
