#!ascii label  , from subject sub-v1s20x0050305_ses-1 vox2ras=TkReg
3011
30521  14.210  -31.584  60.907 0.2222220004
116677  14.949  -32.152  60.366 0.2222220004
30516  15.420  -31.574  61.019 0.2222220004
30522  13.881  -32.112  59.977 0.2222220004
31390  16.816  -30.988  60.752 0.1111110002
32253  16.452  -30.770  60.954 0.2222220004
31391  16.052  -31.091  61.111 0.2222220004
31392  14.911  -31.080  61.289 0.2222220004
124822  13.506  -32.899  59.498 0.2222220004
33217  16.119  -30.000  61.244 0.2222220004
120919  15.872  -29.117  61.473 0.1111110002
32254  15.519  -30.413  61.365 0.2222220004
33218  14.590  -28.933  61.557 0.2222220004
124739  15.388  -29.450  61.498 0.1111110002
118527  14.720  -29.707  61.523 0.2222220004
32255  14.388  -30.340  61.408 0.2222220004
130203  14.027  -30.938  61.163 0.2222220004
31396  13.597  -31.515  60.372 0.2222220004
34147  17.076  -29.167  60.800 0.1111110002
33216  16.307  -29.429  61.276 0.1111110002
126205  16.055  -28.219  61.623 0.1111110002
34141  15.024  -27.779  61.601 0.3333329856
34143  15.319  -28.456  61.582 0.2222220004
34144  14.615  -28.233  61.551 0.3333329856
129836  13.857  -29.405  61.444 0.4444440007
33221  13.383  -29.573  61.130 0.4444440007
32256  13.664  -30.339  61.182 0.4444440007
118244  13.702  -31.051  60.932 0.2222220004
30528  13.085  -32.416  59.633 0.2222220004
32259  13.319  -30.516  60.598 0.4444440007
31397  12.951  -31.412  59.722 0.2222220004
135933  12.382  -32.140  59.388 0.2222220004
35035  17.284  -28.047  61.075 0.1111110002
35030  16.972  -27.365  61.800 0.1111110002
35031  16.362  -27.493  61.779 0.1111110002
35026  16.141  -27.119  61.884 0.1111110002
34140  15.648  -27.539  61.694 0.1111110002
35028  15.222  -27.090  61.627 0.3333329856
35921  14.780  -26.803  61.369 0.4444440007
35032  14.420  -27.655  61.414 0.3333329856
35037  13.830  -27.998  61.305 0.4444440007
34148  13.502  -28.614  61.202 0.4444440007
32263  12.739  -30.561  59.651 0.4444440007
32260  12.769  -29.579  59.916 0.4444440007
31398  12.181  -31.251  59.288 0.2222220004
30530  11.656  -32.175  58.927 0.2222220004
113799  25.030  -22.806  59.561 0.4444440007
38735  24.899  -22.917  59.873 0.3333329856
35917  17.042  -26.122  62.346 0.1111110002
38724  24.215  -23.321  60.037 0.2222220004
37784  24.032  -24.036  60.004 0.2222220004
35025  16.553  -26.675  62.123 0.2222220004
35918  16.451  -25.949  62.282 0.2222220004
125447  16.188  -26.410  62.063 0.2222220004
36843  15.204  -26.043  61.279 0.3333329856
35919  15.728  -26.244  61.812 0.3333329856
35935  14.813  -26.933  60.306 0.6666669846
35928  14.522  -26.679  61.122 0.5555559993
133298  13.409  -27.883  60.305 0.6666669846
115763  13.593  -27.941  61.066 0.6666669846
130850  12.638  -28.242  60.058 0.5555559993
33222  13.045  -28.919  60.592 0.4444440007
113540  11.879  -30.087  59.225 0.4444440007
129681  11.078  -31.434  58.159 0.2222220004
132429  10.924  -31.995  56.176 0.2222220004
39737  22.449  -23.280  59.862 0.3333329856
35029  17.677  -27.016  61.387 0.1111110002
126895  22.617  -23.609  60.018 0.2222220004
38726  21.925  -23.654  60.199 0.2222220004
35916  17.697  -25.802  62.059 0.1111110002
35920  18.089  -26.175  61.660 0.1111110002
35024  17.381  -26.553  62.018 0.1111110002
39743  24.295  -22.897  60.003 0.3333329856
119613  22.592  -24.137  60.079 0.2222220004
36835  18.044  -25.099  61.964 0.1111110002
38725  23.432  -23.758  60.081 0.2222220004
37785  23.245  -24.512  60.055 0.2222220004
36844  22.401  -24.788  60.047 0.1111110002
38719  17.159  -24.495  61.892 0.2222220004
36836  17.129  -25.500  62.213 0.1111110002
114038  24.943  -22.767  58.759 0.4444440007
133939  22.984  -25.052  60.000 0.2222220004
37790  16.187  -25.039  61.481 0.2222220004
36850  15.585  -25.479  61.224 0.5555559993
35927  14.947  -26.013  60.976 0.5555559993
132767  15.541  -26.585  60.135 0.6666669846
35041  13.980  -27.452  60.602 0.5555559993
115419  12.863  -27.892  59.684 0.5555559993
116076  11.921  -28.072  59.678 0.4444440007
32266  11.152  -30.134  58.406 0.4444440007
35924  19.184  -26.162  60.310 0.1111110002
36847  18.613  -25.722  60.864 0.1111110002
36841  18.400  -25.311  61.832 0.1111110002
37778  21.920  -23.949  60.423 0.2222220004
37779  21.308  -24.113  60.503 0.2222220004
39736  23.481  -23.130  60.006 0.3333329856
39746  21.783  -23.247  59.613 0.4444440007
36839  19.879  -24.812  60.437 0.1111110002
135707  18.371  -24.477  61.604 0.3333329856
38730  17.179  -24.332  61.616 0.4444440007
39752  25.872  -22.746  59.125 0.4444440007
114293  24.059  -22.826  58.255 0.5555559993
114292  23.296  -22.864  57.685 0.4444440007
39753  23.325  -22.911  58.765 0.4444440007
39755  21.816  -23.011  58.845 0.4444440007
37789  16.806  -24.508  61.161 0.3333329856
39762  24.710  -22.771  57.702 0.5555559993
114290  23.447  -22.831  56.635 0.4444440007
39763  22.593  -22.911  57.064 0.4444440007
39764  21.904  -23.046  57.332 0.4444440007
36848  17.044  -25.014  60.182 0.5555559993
36849  16.592  -25.678  59.903 0.5555559993
39775  25.368  -22.687  57.074 0.5555559993
39788  25.061  -22.668  56.149 0.6666669846
114288  23.260  -22.826  55.632 0.4444440007
39789  22.484  -22.931  55.260 0.5555559993
39776  22.580  -22.891  56.137 0.5555559993
39804  21.680  -23.124  54.730 0.5555559993
135299  17.142  -25.405  59.316 0.5555559993
36857  16.691  -25.883  58.834 0.6666669846
114731  24.823  -22.707  55.319 0.6666669846
114289  24.126  -22.721  55.898 0.6666669846
115334  23.088  -22.839  54.908 0.6666669846
38790  21.172  -23.287  53.875 0.6666669846
35934  15.388  -26.938  59.108 0.5555559993
39817  21.890  -22.977  53.760 0.6666669846
117950  13.695  -27.731  59.444 0.5555559993
35042  12.195  -27.834  59.716 0.6666669846
33227  10.295  -28.653  58.971 0.5555559993
33226  11.052  -29.156  58.997 0.4444440007
33229  10.232  -29.283  58.225 0.5555559993
39738  21.589  -23.565  60.123 0.2222220004
38720  21.390  -23.869  60.394 0.3333329856
39739  21.037  -23.555  59.875 0.2222220004
38721  20.533  -24.067  60.404 0.2222220004
37773  19.505  -24.201  60.427 0.2222220004
38722  18.411  -24.226  60.774 0.4444440007
37788  17.616  -24.459  60.406 0.5555559993
39756  21.240  -23.395  58.312 0.3333329856
38736  20.499  -23.673  59.532 0.4444440007
38738  18.855  -23.921  60.188 0.4444440007
37787  18.005  -24.180  60.622 0.4444440007
36856  17.808  -24.918  59.379 0.5555559993
126673  21.746  -23.175  58.008 0.5555559993
39777  21.922  -22.968  56.541 0.5555559993
35933  16.094  -26.296  59.461 0.5555559993
128899  25.615  -22.636  55.580 0.6666669846
115335  23.907  -22.739  54.965 0.5555559993
39803  22.515  -22.919  54.418 0.6666669846
38791  20.845  -23.507  54.631 0.5555559993
35945  16.107  -26.494  58.388 0.5555559993
120536  24.162  -22.764  54.093 0.5555559993
39816  22.728  -22.859  53.585 0.5555559993
35049  14.107  -27.452  58.424 0.5555559993
35050  13.195  -27.614  58.564 0.5555559993
35051  12.169  -27.546  58.878 0.5555559993
38727  20.238  -23.693  60.140 0.2222220004
120998  19.893  -23.950  60.324 0.2222220004
38742  20.615  -23.726  58.646 0.4444440007
37796  18.365  -24.212  59.878 0.5555559993
39778  21.330  -23.288  56.200 0.4444440007
39765  21.304  -23.389  57.479 0.5555559993
38749  20.681  -23.739  57.710 0.4444440007
38743  19.949  -23.995  59.060 0.4444440007
39774  26.161  -22.616  56.383 0.5555559993
39787  26.431  -22.629  55.400 0.5555559993
39791  21.158  -23.382  55.424 0.4444440007
38762  20.816  -23.638  56.753 0.4444440007
38750  19.981  -24.032  58.081 0.4444440007
39800  25.615  -22.638  54.743 0.6666669846
126169  20.783  -23.624  55.949 0.4444440007
38778  20.154  -24.101  56.066 0.4444440007
36867  17.504  -25.575  58.423 0.5555559993
36868  16.784  -26.084  57.885 0.5555559993
39815  23.576  -22.763  53.450 0.6666669846
125657  23.029  -22.742  52.785 0.6666669846
39827  22.178  -23.003  52.825 0.6666669846
38803  21.526  -23.315  53.177 0.6666669846
37846  20.220  -24.043  54.616 0.6666669846
37862  20.523  -23.826  53.914 0.6666669846
38760  28.108  -23.640  56.786 0.4444440007
37795  19.206  -24.108  59.488 0.5555559993
36866  18.245  -25.195  58.529 0.5555559993
38761  27.576  -22.962  57.170 0.5555559993
38776  27.641  -23.167  56.033 0.5555559993
37802  18.744  -24.807  59.026 0.4444440007
39786  27.089  -22.727  56.180 0.5555559993
37801  19.415  -24.538  58.584 0.4444440007
38763  20.079  -24.099  57.101 0.4444440007
37806  18.796  -24.949  58.055 0.4444440007
119217  25.082  -22.621  53.939 0.5555559993
39801  24.705  -22.710  54.617 0.7777780294
37805  19.458  -24.633  57.567 0.4444440007
39814  24.461  -22.686  53.283 0.5555559993
37819  19.474  -24.678  56.559 0.5555559993
37820  18.706  -25.110  57.029 0.4444440007
35048  14.830  -27.234  58.411 0.5555559993
39826  22.656  -22.896  52.159 0.6666669846
38818  21.441  -23.410  52.392 0.6666669846
38804  20.843  -23.844  53.012 0.6666669846
36874  18.162  -25.402  57.754 0.5555559993
39836  22.039  -23.114  51.854 0.6666669846
37818  28.683  -24.473  56.487 0.4444440007
39798  27.159  -22.788  55.082 0.5555559993
39799  26.496  -22.649  54.598 0.6666669846
113802  26.095  -22.589  53.814 0.6666669846
117904  25.457  -22.622  53.080 0.5555559993
120562  23.856  -22.666  52.638 0.6666669846
37833  19.444  -24.677  55.586 0.5555559993
39835  22.728  -22.873  51.296 0.6666669846
37832  19.954  -24.223  55.235 0.5555559993
130445  19.942  -24.315  54.011 0.6666669846
38834  21.321  -23.485  51.439 0.6666669846
38775  28.244  -23.884  55.810 0.5555559993
38789  27.724  -23.358  55.067 0.6666669846
126375  27.351  -23.046  54.394 0.6666669846
39812  26.893  -22.794  54.080 0.6666669846
134847  26.142  -22.589  53.176 0.5555559993
115266  26.171  -22.674  52.674 0.5555559993
120275  24.715  -22.653  52.453 0.6666669846
39824  25.522  -22.698  52.217 0.5555559993
115326  24.139  -22.586  51.823 0.6666669846
116416  24.940  -22.611  51.646 0.6666669846
39825  23.334  -22.740  51.985 0.6666669846
39834  23.618  -22.627  51.160 0.6666669846
117307  20.103  -24.407  53.291 0.6666669846
37863  19.407  -24.676  53.648 0.6666669846
132305  22.465  -22.969  50.470 0.6666669846
39849  21.927  -23.151  50.922 0.6666669846
38819  20.702  -23.850  51.950 0.6666669846
39848  23.157  -22.768  50.439 0.6666669846
37905  20.536  -23.902  50.937 0.6666669846
38850  21.184  -23.536  50.443 0.5555559993
119493  26.670  -22.882  52.512 0.5555559993
39823  26.257  -22.897  51.924 0.5555559993
123811  25.607  -22.760  51.529 0.6666669846
115519  25.279  -22.613  50.811 0.6666669846
39847  23.967  -22.496  50.350 0.6666669846
39863  22.685  -22.920  49.722 0.6666669846
37861  27.666  -24.285  53.330 0.7777780294
132863  27.195  -23.459  52.205 0.5555559993
38832  26.655  -23.290  51.402 0.5555559993
39846  24.677  -22.479  50.322 0.6666669846
39861  24.426  -22.499  49.509 0.6666669846
39862  23.474  -22.637  49.588 0.5555559993
38869  21.016  -23.517  49.487 0.5555559993
39864  21.877  -23.211  49.878 0.5555559993
37877  28.163  -25.071  53.080 0.7777780294
37878  27.721  -24.663  52.490 0.6666669846
120246  29.285  -25.673  53.781 0.7777780294
38831  27.120  -23.569  51.665 0.5555559993
130482  26.989  -23.704  51.078 0.6666669846
38848  26.585  -23.461  50.510 0.6666669846
38849  25.932  -22.868  50.195 0.5555559993
39860  25.184  -22.625  49.134 0.5555559993
39877  22.846  -22.648  48.807 0.4444440007
39876  23.803  -22.383  48.678 0.4444440007
36965  28.250  -25.405  52.192 0.6666669846
37904  27.544  -24.700  50.760 0.6666669846
36966  27.781  -24.863  51.513 0.6666669846
38867  26.377  -23.315  49.595 0.6666669846
39875  24.768  -22.486  48.581 0.5555559993
38884  25.691  -22.814  48.469 0.4444440007
40821  23.145  -22.158  48.210 0.4444440007
36964  28.928  -25.886  51.872 0.6666669846
36981  28.452  -25.491  51.286 0.6666669846
36994  28.022  -25.150  50.624 0.7777780294
117448  27.480  -24.899  49.924 0.7777780294
38866  26.889  -24.097  49.735 0.6666669846
37929  27.211  -24.623  49.006 0.6666669846
38883  26.436  -23.482  48.086 0.5555559993
132304  24.375  -22.232  48.006 0.3333329856
39874  25.954  -22.897  47.658 0.5555559993
129422  36.499  -24.353  55.330 0.5555559993
37872  37.030  -24.131  53.079 0.7777780294
114447  35.879  -24.286  54.327 0.8888890147
38814  36.498  -23.946  52.250 0.8888890147
37873  35.989  -24.022  53.257 0.8888890147
38815  35.828  -23.848  51.863 0.8888890147
130149  35.674  -23.889  52.476 0.8888890147
114455  34.988  -24.039  52.977 0.7777780294
113552  34.005  -24.510  53.107 0.7777780294
38829  35.512  -23.796  51.170 0.8888890147
37888  35.175  -23.977  52.012 0.7777780294
37874  34.367  -24.281  52.209 0.7777780294
36944  33.073  -25.001  53.251 0.7777780294
37889  34.669  -24.140  51.360 0.7777780294
114958  33.856  -24.514  51.499 0.7777780294
36977  32.149  -25.387  51.770 0.7777780294
36962  31.591  -25.846  52.367 0.7777780294
36022  30.360  -26.416  53.199 0.7777780294
37876  33.058  -24.958  51.594 0.7777780294
36961  32.825  -25.100  52.337 0.7777780294
36979  30.429  -26.008  51.900 0.7777780294
36034  29.665  -26.044  52.322 0.7777780294
36978  31.209  -25.794  51.691 0.7777780294
36980  29.749  -25.914  51.465 0.6666669846
37003  28.151  -25.253  49.882 0.7777780294
129668  27.541  -24.874  48.330 0.7777780294
37930  26.994  -24.332  48.211 0.7777780294
129292  39.267  -24.068  54.004 0.5555559993
37854  38.496  -24.305  53.898 0.5555559993
37855  37.532  -24.376  53.928 0.6666669846
37871  38.070  -24.189  52.999 0.5555559993
38813  37.559  -24.072  52.183 0.6666669846
38827  38.027  -23.931  51.236 0.7777780294
123308  37.116  -23.953  51.572 0.8888890147
38828  36.376  -23.811  51.393 0.8888890147
38843  37.108  -23.842  50.867 0.8888890147
38844  36.279  -23.658  50.610 0.8888890147
38863  36.320  -23.498  49.664 0.8888890147
38845  35.507  -23.616  50.261 0.7777780294
38830  34.866  -23.879  50.581 0.7777780294
38878  35.949  -23.210  48.761 0.7777780294
38846  34.956  -23.630  49.942 0.6666669846
37912  34.365  -24.153  49.878 0.6666669846
37902  33.704  -24.575  50.169 0.7777780294
36989  32.549  -25.132  50.843 0.7777780294
39871  36.483  -22.658  48.141 0.7777780294
38864  35.351  -23.437  49.470 0.7777780294
38865  34.759  -23.548  49.317 0.7777780294
114565  30.577  -25.782  51.118 0.6666669846
118047  36.065  -22.166  47.530 0.7777780294
38879  35.076  -23.097  48.757 0.7777780294
37922  34.201  -23.999  49.118 0.6666669846
36990  31.526  -25.504  50.797 0.8888890147
39887  35.301  -22.352  47.518 0.8888890147
38880  34.418  -23.416  48.536 0.7777780294
37913  33.479  -24.484  49.400 0.7777780294
37903  32.967  -24.809  50.122 0.7777780294
36999  32.153  -25.171  50.016 0.7777780294
36991  30.716  -25.638  50.359 0.7777780294
36992  29.826  -25.706  50.533 0.6666669846
41895  36.169  -21.091  45.056 0.7777780294
134866  35.739  -21.910  46.373 0.7777780294
39898  35.103  -22.280  46.739 0.7777780294
39873  34.855  -22.802  48.063 0.7777780294
38881  33.810  -23.703  47.955 0.7777780294
37936  33.169  -24.090  47.842 0.7777780294
130006  29.478  -25.458  49.810 0.7777780294
40857  36.024  -21.583  45.737 0.6666669846
118023  34.664  -22.550  46.084 0.6666669846
39889  34.060  -22.936  47.209 0.7777780294
38902  33.035  -23.184  46.902 0.6666669846
37928  27.967  -25.189  49.001 0.7777780294
37002  28.812  -25.284  49.461 0.7777780294
41909  35.991  -20.462  44.425 0.5555559993
40858  35.167  -21.996  44.790 0.5555559993
39912  34.459  -22.560  45.229 0.5555559993
115981  33.968  -22.836  46.073 0.6666669846
40872  35.566  -21.260  44.545 0.5555559993
38800  39.887  -23.700  53.584 0.4444440007
38812  39.164  -24.024  53.006 0.5555559993
116047  39.389  -23.783  52.116 0.4444440007
121524  38.584  -24.010  52.118 0.5555559993
38842  38.729  -23.560  50.502 0.7777780294
38862  37.386  -23.417  49.582 0.7777780294
117842  36.984  -23.628  50.204 0.8888890147
39870  37.428  -22.529  48.252 0.8888890147
38877  36.913  -23.186  48.820 0.8888890147
39886  37.043  -22.066  47.597 0.8888890147
41874  36.871  -20.666  46.572 0.8888890147
40835  35.810  -21.885  47.007 0.8888890147
41908  36.565  -20.272  45.140 0.7777780294
40856  36.335  -21.453  46.443 0.7777780294
43048  36.363  -19.567  44.486 0.8888890147
39901  33.148  -23.085  46.267 0.6666669846
44097  36.108  -18.815  43.994 0.8888890147
43059  35.508  -19.612  43.847 0.8888890147
41910  35.254  -20.675  43.964 0.5555559993
131406  34.774  -21.048  43.592 0.5555559993
39923  34.531  -22.228  44.267 0.5555559993
39924  33.805  -22.761  44.468 0.5555559993
44108  35.364  -18.580  43.351 0.5555559993
43060  34.876  -19.280  43.277 0.5555559993
41926  34.741  -20.216  43.307 0.5555559993
41941  34.304  -20.450  42.597 0.5555559993
40887  34.472  -21.761  43.541 0.5555559993
43075  34.410  -19.577  42.601 0.4444440007
41957  34.085  -20.213  41.988 0.4444440007
136512  39.961  -23.832  55.417 0.2222220004
38799  40.373  -23.141  53.162 0.4444440007
38810  40.373  -22.960  52.220 0.4444440007
38811  39.923  -23.553  52.585 0.4444440007
40776  40.435  -21.269  52.008 0.5555559993
40785  40.102  -21.242  51.248 0.5555559993
125744  40.605  -22.204  52.001 0.4444440007
39833  40.192  -22.574  51.318 0.4444440007
38825  39.851  -23.366  51.701 0.5555559993
41810  39.603  -20.442  50.972 0.5555559993
133197  40.220  -21.913  50.900 0.5555559993
39844  39.772  -22.293  50.362 0.6666669846
38826  39.095  -23.733  51.364 0.6666669846
40796  39.784  -21.338  50.559 0.6666669846
40797  39.465  -21.534  49.930 0.7777780294
38860  39.172  -22.936  49.924 0.6666669846
38861  38.328  -23.269  49.700 0.7777780294
40808  38.909  -21.205  49.373 0.7777780294
39857  39.231  -22.147  49.550 0.7777780294
39858  38.618  -22.564  49.254 0.7777780294
124173  38.764  -21.941  48.965 0.8888890147
39869  38.199  -22.142  48.449 0.8888890147
39859  37.853  -22.919  48.969 0.8888890147
41822  38.319  -20.324  49.084 0.8888890147
39885  37.953  -21.358  47.952 0.8888890147
41835  37.934  -19.742  47.926 0.7777780294
40833  37.385  -21.348  47.411 0.8888890147
43029  37.216  -19.723  46.915 0.7777780294
41851  37.121  -20.635  47.045 0.7777780294
43039  37.288  -19.167  46.180 0.7777780294
44084  37.353  -18.855  45.302 0.7777780294
43040  36.932  -19.454  45.298 0.8888890147
44095  37.435  -18.493  44.544 0.8888890147
44096  36.812  -18.910  44.586 0.8888890147
43030  36.901  -19.972  46.049 0.7777780294
45111  37.689  -17.943  43.815 0.8888890147
45112  36.801  -17.721  43.258 0.7777780294
45125  36.533  -17.462  42.552 0.6666669846
44107  36.137  -18.200  43.520 0.7777780294
45140  36.867  -17.157  41.912 0.4444440007
44124  34.920  -18.176  42.656 0.5555559993
44109  34.740  -18.786  42.907 0.4444440007
46109  37.304  -16.787  41.197 0.3333329856
113605  36.007  -17.405  42.010 0.5555559993
45142  34.534  -18.001  41.927 0.4444440007
44125  34.411  -18.725  42.226 0.4444440007
38772  40.488  -23.231  55.077 0.2222220004
38785  40.392  -23.213  54.231 0.3333329856
39797  40.697  -22.292  54.838 0.3333329856
40767  40.653  -21.652  53.417 0.3333329856
41799  39.984  -20.394  51.683 0.6666669846
118385  40.569  -20.966  52.905 0.4444440007
125892  40.638  -21.736  52.591 0.4444440007
42987  38.847  -19.533  49.901 0.6666669846
123715  39.143  -20.536  50.199 0.7777780294
42988  38.481  -19.591  49.369 0.7777780294
42998  38.240  -19.473  48.592 0.7777780294
129198  38.303  -18.631  47.486 0.7777780294
43012  38.058  -19.032  47.782 0.8888890147
44072  38.414  -18.400  46.796 0.7777780294
44081  38.918  -18.312  45.749 0.8888890147
122118  38.643  -17.871  43.986 0.8888890147
44094  38.155  -18.217  44.556 0.7777780294
45109  39.199  -17.628  43.366 0.8888890147
45123  38.925  -17.385  42.666 0.8888890147
45110  38.358  -17.605  43.263 0.8888890147
135979  37.625  -17.549  43.128 0.7777780294
46089  39.479  -16.999  42.081 0.8888890147
45138  38.591  -16.965  41.998 0.7777780294
45139  37.729  -17.034  41.926 0.6666669846
46125  37.803  -16.485  40.404 0.4444440007
40755  40.900  -21.264  55.214 0.2222220004
41773  40.649  -20.749  53.957 0.5555559993
40761  40.674  -21.485  54.510 0.3333329856
41787  40.321  -20.282  52.420 0.4444440007
44012  39.988  -18.908  50.631 0.7777780294
42976  39.815  -19.599  51.270 0.6666669846
44024  41.339  -18.293  49.550 0.6666669846
44025  40.315  -18.528  49.838 0.7777780294
45040  41.717  -17.913  48.040 0.8888890147
121785  40.692  -18.439  48.990 0.7777780294
116562  39.712  -18.525  49.235 0.7777780294
44027  38.780  -18.864  49.234 0.8888890147
44041  40.919  -18.394  48.213 0.8888890147
113726  40.235  -18.468  47.787 0.7777780294
45057  41.826  -17.902  47.042 0.8888890147
45041  41.087  -18.337  47.394 0.8888890147
44053  40.322  -18.430  46.785 0.8888890147
44054  39.187  -18.460  47.467 0.7777780294
45058  41.197  -18.220  46.662 0.8888890147
44071  39.362  -18.404  46.525 0.7777780294
45074  40.004  -18.349  45.865 0.8888890147
125569  40.264  -17.771  44.625 0.8888890147
45099  39.578  -17.754  44.181 0.8888890147
45098  40.527  -17.532  43.954 0.8888890147
128800  39.922  -17.578  43.451 0.8888890147
45108  40.567  -17.396  43.092 0.8888890147
45122  39.782  -17.406  42.782 0.8888890147
46107  39.897  -16.778  41.508 0.8888890147
46123  39.794  -16.505  40.804 0.6666669846
117578  39.127  -16.720  41.339 0.5555559993
41759  40.712  -20.557  55.063 0.2222220004
43986  41.603  -18.459  52.530 0.3333329856
42930  41.059  -19.826  55.391 0.4444440007
118736  40.534  -20.105  53.319 0.5555559993
43987  41.139  -18.994  53.104 0.4444440007
42968  40.255  -19.561  51.955 0.6666669846
44985  41.968  -18.139  51.055 0.6666669846
118767  40.582  -18.844  51.320 0.7777780294
45001  41.739  -18.235  50.334 0.6666669846
44011  40.906  -18.506  50.441 0.6666669846
45056  42.494  -17.361  47.547 0.8888890147
45071  42.419  -17.194  46.540 0.8888890147
45072  41.647  -17.774  46.205 0.8888890147
45083  41.335  -17.671  45.415 0.8888890147
46066  42.383  -16.573  44.285 0.8888890147
45084  40.546  -17.969  45.264 0.8888890147
45097  40.975  -17.583  44.675 0.8888890147
46074  41.856  -16.988  43.654 0.8888890147
46068  41.282  -17.331  44.102 0.8888890147
47081  42.237  -16.635  42.737 0.8888890147
113215  41.418  -17.138  42.852 0.8888890147
47098  42.223  -16.453  41.761 0.8888890147
46087  41.676  -16.893  42.133 0.7777780294
46088  40.602  -17.001  42.129 0.7777780294
47111  42.573  -15.573  41.410 0.7777780294
47112  41.974  -16.256  40.930 0.7777780294
46106  40.584  -16.674  41.135 0.7777780294
43958  41.448  -18.306  54.958 0.3333329856
43973  41.823  -18.449  53.713 0.3333329856
44970  42.105  -17.983  51.895 0.5555559993
45000  42.382  -17.770  50.454 0.7777780294
45020  41.940  -17.909  48.935 0.8888890147
47044  42.993  -16.131  45.607 0.8888890147
118644  43.101  -16.708  47.177 0.8888890147
118399  42.590  -16.722  45.861 0.8888890147
47057  42.878  -15.959  44.776 0.8888890147
47069  43.329  -15.339  44.342 0.8888890147
47070  42.799  -15.913  43.947 0.8888890147
46073  42.426  -16.469  43.536 0.8888890147
48102  43.641  -14.714  43.853 0.8888890147
47079  43.174  -15.344  43.526 0.8888890147
47080  42.775  -15.982  43.137 0.8888890147
47096  43.056  -15.417  42.821 0.8888890147
47097  42.741  -15.931  42.310 0.8888890147
44938  42.199  -17.988  55.281 0.3333329856
44958  42.272  -17.900  52.859 0.3333329856
44984  42.594  -17.607  51.262 0.7777780294
117372  43.828  -16.226  50.236 0.7777780294
124170  43.167  -16.966  49.060 0.8888890147
46041  43.727  -16.110  47.734 1.0000000000
46042  43.190  -16.886  48.070 0.8888890147
46055  43.461  -16.048  46.885 0.8888890147
48050  43.885  -15.235  46.998 1.0000000000
47043  43.493  -15.710  46.193 0.8888890147
47056  43.531  -15.373  45.283 0.8888890147
48127  43.407  -14.755  43.016 0.8888890147
49186  43.949  -14.079  43.334 0.8888890147
48151  43.655  -14.092  42.308 0.8888890147
48128  43.137  -15.077  42.196 0.8888890147
121652  42.898  -17.488  53.172 0.3333329856
44968  43.505  -16.907  52.144 0.5555559993
47009  43.883  -16.208  49.383 0.7777780294
45998  43.521  -16.624  50.798 0.7777780294
47030  44.135  -15.170  47.953 0.7777780294
47022  44.087  -15.801  48.573 0.7777780294
48049  44.376  -14.470  47.523 1.0000000000
48056  44.404  -14.437  46.620 1.0000000000
48068  44.033  -14.711  45.361 1.0000000000
48084  43.834  -14.725  44.679 1.0000000000
49168  44.453  -13.443  43.784 1.0000000000
49185  44.221  -13.342  42.894 1.0000000000
50183  43.982  -13.116  42.033 1.0000000000
49212  43.427  -13.583  41.427 0.8888890147
50182  44.429  -12.520  42.577 1.0000000000
44956  43.550  -16.965  53.080 0.3333329856
47008  44.348  -15.418  49.245 0.6666669846
49142  44.781  -13.875  48.042 0.8888890147
48042  44.506  -14.469  48.322 0.6666669846
49147  44.894  -13.900  47.165 1.0000000000
118642  44.839  -13.668  45.464 1.0000000000
49161  44.151  -14.106  44.212 1.0000000000
49160  44.667  -13.542  44.634 1.0000000000
50166  44.988  -12.888  44.248 1.0000000000
50172  44.704  -12.722  43.410 1.0000000000
51202  44.864  -11.897  43.084 1.0000000000
50200  44.185  -12.261  41.780 1.0000000000
45971  43.842  -16.701  54.174 0.3333329856
45978  44.210  -16.259  53.446 0.3333329856
126479  44.360  -15.231  50.802 0.5555559993
46999  43.991  -15.877  50.969 0.4444440007
48036  44.656  -14.713  49.092 0.6666669846
125155  44.546  -14.903  49.734 0.6666669846
49139  44.948  -14.057  48.851 0.6666669846
49159  45.290  -13.064  45.084 1.0000000000
50171  45.227  -12.158  43.885 1.0000000000
51213  45.137  -11.157  42.713 1.0000000000
51231  44.988  -11.037  41.899 1.0000000000
46977  44.669  -15.583  53.812 0.3333329856
48013  44.643  -14.923  52.084 0.4444440007
46982  44.562  -15.709  52.798 0.3333329856
49122  44.876  -13.972  50.778 0.5555559993
48021  44.592  -14.663  51.196 0.5555559993
46991  44.343  -15.295  51.377 0.3333329856
49138  45.392  -13.533  48.584 0.6666669846
50146  46.150  -13.018  47.417 0.8888890147
49141  45.480  -13.482  47.725 0.7777780294
49153  45.487  -13.251  45.957 0.8888890147
50158  45.992  -12.514  45.595 0.8888890147
50165  45.584  -12.392  44.684 1.0000000000
51193  45.795  -11.661  44.309 1.0000000000
51201  45.457  -11.370  43.514 1.0000000000
52325  45.834  -10.582  43.049 1.0000000000
119451  45.469  -10.629  42.286 1.0000000000
53323  46.058  -10.026  42.147 1.0000000000
53336  45.804  -9.717  41.250 1.0000000000
48000  45.144  -14.938  53.154 0.4444440007
48012  45.170  -14.343  52.465 0.4444440007
49080  45.516  -13.600  52.432 0.2222220004
48020  44.976  -14.091  51.700 0.4444440007
49100  45.382  -13.348  51.336 0.4444440007
50131  45.759  -13.062  49.215 0.6666669846
50140  46.608  -12.522  48.010 0.8888890147
50141  46.018  -13.044  48.306 0.7777780294
50152  46.135  -12.863  46.535 0.8888890147
51185  46.054  -11.902  45.007 0.8888890147
52313  46.458  -10.339  43.608 1.0000000000
53335  46.395  -9.275  41.687 1.0000000000
53350  45.473  -9.340  40.520 0.8888890147
51128  46.562  -12.065  50.377 0.5555559993
50111  46.024  -12.583  50.941 0.6666669846
50130  46.368  -12.478  48.925 0.7777780294
119566  46.114  -12.538  49.871 0.6666669846
50145  46.687  -12.457  47.149 0.8888890147
136051  46.667  -11.103  45.351 0.8888890147
119870  46.820  -10.625  45.132 0.8888890147
51192  46.360  -11.190  44.812 0.8888890147
52304  46.084  -10.921  43.935 0.8888890147
54463  46.627  -8.507  41.392 1.0000000000
54464  46.097  -8.966  40.940 0.8888890147
121788  46.274  -8.172  40.705 0.8888890147
131129  45.800  -7.533  39.445 1.0000000000
51140  46.729  -11.883  49.576 0.6666669846
51164  47.069  -11.812  46.945 0.8888890147
51177  46.940  -11.569  46.302 0.8888890147
52303  46.647  -10.458  44.342 0.8888890147
52324  46.595  -9.917  42.977 0.8888890147
53322  46.668  -9.461  42.380 1.0000000000
54448  46.946  -8.801  42.153 1.0000000000
54462  47.171  -8.012  41.837 1.0000000000
55474  46.445  -7.423  40.444 1.0000000000
55491  46.177  -7.103  39.745 1.0000000000
55492  45.848  -6.951  39.020 0.8888890147
51152  47.311  -11.206  48.250 0.7777780294
51176  47.345  -11.000  46.769 0.8888890147
52289  47.308  -10.199  45.589 0.8888890147
52302  47.215  -9.991  44.770 0.8888890147
53301  47.108  -9.792  43.818 0.8888890147
53321  47.281  -9.194  42.980 0.8888890147
55473  46.899  -7.052  40.793 1.0000000000
56459  46.624  -6.666  40.219 1.0000000000
56496  45.264  -6.298  37.980 1.0000000000
57471  44.694  -5.628  37.915 0.7777780294
115362  47.548  -10.039  46.926 0.7777780294
53288  47.738  -9.529  45.328 0.8888890147
53300  47.715  -9.350  44.470 0.8888890147
53309  47.664  -9.146  43.751 0.8888890147
54430  47.895  -8.575  43.398 0.8888890147
54447  47.544  -8.342  42.626 1.0000000000
55455  47.351  -7.093  41.464 1.0000000000
56433  47.711  -6.317  41.403 1.0000000000
58393  46.524  -4.595  39.934 1.0000000000
57440  46.806  -5.890  40.103 1.0000000000
58394  45.869  -4.624  39.463 1.0000000000
125507  46.869  -5.193  40.118 1.0000000000
59244  45.314  -3.743  39.297 1.0000000000
57460  46.378  -5.355  39.665 1.0000000000
56476  46.238  -6.247  39.442 1.0000000000
58407  45.262  -4.713  38.867 1.0000000000
57461  45.812  -5.464  39.072 1.0000000000
56487  45.717  -6.246  38.618 1.0000000000
59254  44.059  -2.800  38.553 1.0000000000
58408  44.527  -3.926  38.619 1.0000000000
57470  45.302  -5.545  38.409 1.0000000000
60109  43.674  -1.822  38.431 0.7777780294
59255  43.266  -2.640  38.185 0.7777780294
129390  44.740  -4.920  38.346 0.8888890147
54384  47.821  -9.087  47.025 0.8888890147
54416  48.172  -8.865  45.044 0.8888890147
125229  48.127  -8.732  44.181 0.8888890147
55417  48.101  -7.847  43.078 0.8888890147
55436  47.701  -7.504  42.339 0.8888890147
56413  47.887  -6.656  42.087 1.0000000000
57439  47.387  -5.459  40.497 1.0000000000
136840  45.581  -3.327  39.675 1.0000000000
59245  44.712  -2.906  39.034 1.0000000000
123241  45.245  -2.815  39.558 1.0000000000
60100  44.808  -2.068  39.351 1.0000000000
60108  44.313  -2.122  38.883 1.0000000000
55396  48.593  -7.474  45.371 0.7777780294
55404  48.642  -7.462  44.358 0.7777780294
54399  48.042  -8.953  45.999 0.7777780294
54415  48.454  -8.176  44.722 0.7777780294
56386  48.883  -6.748  43.967 0.7777780294
54429  48.380  -8.072  43.843 0.8888890147
55435  48.268  -7.051  42.791 0.8888890147
56397  48.732  -6.538  43.199 0.8888890147
56432  48.245  -5.905  41.708 1.0000000000
57420  48.659  -5.106  41.288 1.0000000000
57421  47.879  -5.655  41.050 1.0000000000
60086  47.016  -2.913  41.021 1.0000000000
59207  47.929  -3.524  41.135 1.0000000000
60072  46.850  -2.134  41.323 1.0000000000
59223  47.235  -3.736  40.584 1.0000000000
58371  47.271  -4.601  40.349 1.0000000000
60996  46.482  -1.470  41.186 1.0000000000
59224  46.422  -3.162  40.438 1.0000000000
119356  46.730  -3.966  40.184 1.0000000000
61010  45.959  -1.661  40.636 1.0000000000
60099  45.390  -1.910  39.998 1.0000000000
59225  45.745  -2.915  40.006 1.0000000000
61020  45.521  -0.968  39.598 1.0000000000
61021  45.070  -1.454  39.360 1.0000000000
61029  45.225  -0.965  38.909 1.0000000000
61030  44.547  -1.496  38.802 1.0000000000
61039  44.085  -1.239  38.177 1.0000000000
61038  44.816  -1.074  38.375 1.0000000000
119856  43.895  -1.152  37.538 0.7777780294
61053  44.780  -1.048  37.577 1.0000000000
56375  48.829  -6.777  44.915 0.7777780294
56411  49.102  -5.793  42.769 0.8888890147
57406  48.900  -5.511  41.999 1.0000000000
60055  48.725  -2.319  42.329 0.8888890147
59190  48.411  -2.905  41.677 1.0000000000
59206  49.030  -3.761  41.340 1.0000000000
57419  49.301  -4.880  41.640 1.0000000000
57438  47.996  -4.957  40.757 1.0000000000
60071  47.505  -2.496  41.514 1.0000000000
58369  48.498  -4.385  41.064 1.0000000000
61905  46.878  -0.598  41.418 1.0000000000
115224  46.205  -0.408  39.910 1.0000000000
61945  45.667  -0.818  38.148 1.0000000000
56366  48.702  -6.699  46.098 0.5555559993
55388  48.785  -6.715  47.047 0.4444440007
56365  49.008  -5.923  46.617 0.5555559993
56374  49.098  -6.057  45.448 0.6666669846
57386  49.488  -5.407  44.777 0.5555559993
56385  49.179  -6.125  44.398 0.7777780294
57394  49.771  -5.284  43.059 1.0000000000
60053  50.793  -2.671  42.808 0.8888890147
59187  51.298  -3.348  42.778 0.7777780294
58339  50.219  -4.575  42.275 1.0000000000
57405  49.548  -5.098  42.213 1.0000000000
60054  49.787  -2.530  42.486 0.8888890147
59205  49.902  -3.893  41.513 0.8888890147
58356  49.299  -4.391  41.365 1.0000000000
60982  48.144  -1.400  42.785 0.8888890147
60968  48.456  -0.832  43.310 0.8888890147
61894  47.664  -0.276  42.530 0.8888890147
60995  47.104  -1.433  41.763 1.0000000000
62861  47.759  0.061  42.039 0.8888890147
60983  47.514  -1.016  42.494 1.0000000000
62873  47.359  -0.057  41.337 1.0000000000
61917  46.833  -0.242  40.625 1.0000000000
118564  46.756  -0.192  39.176 1.0000000000
61960  45.853  -0.990  37.058 1.0000000000
61117  42.719  -2.132  33.812 0.5555559993
60169  42.017  -2.493  33.155 0.3333329856
128836  49.226  -5.846  47.235 0.5555559993
58337  51.433  -3.801  43.102 0.6666669846
58307  49.944  -4.760  45.197 0.5555559993
59173  51.799  -3.296  43.446 0.6666669846
58338  50.900  -4.080  42.471 0.8888890147
58327  50.461  -4.704  42.944 0.8888890147
133784  50.893  -2.118  43.539 0.7777780294
60954  50.288  -1.195  44.209 0.7777780294
60034  49.961  -1.872  43.351 0.8888890147
60967  49.222  -1.006  43.752 0.7777780294
61866  49.572  -0.238  44.205 0.7777780294
62848  48.867  0.149  43.285 0.7777780294
63809  49.544  0.507  43.507 0.7777780294
133398  48.264  0.069  42.685 0.8888890147
62872  48.231  0.087  41.233 0.8888890147
61922  46.971  -0.072  39.885 1.0000000000
62888  47.735  0.005  40.334 1.0000000000
61931  46.632  -0.489  38.352 1.0000000000
61944  46.619  -0.757  37.439 1.0000000000
61959  46.602  -0.901  36.629 1.0000000000
61071  45.382  -1.286  35.663 1.0000000000
61091  44.750  -1.413  35.455 0.7777780294
61070  46.124  -1.209  35.186 0.7777780294
128928  45.200  -1.492  34.753 0.7777780294
61092  44.266  -1.594  34.986 0.5555559993
61116  43.720  -2.159  33.514 0.5555559993
116382  44.420  -1.742  34.103 0.5555559993
61115  44.646  -1.909  33.110 0.5555559993
60188  42.275  -2.715  32.310 0.3333329856
60198  41.552  -2.688  31.593 0.1111110002
60199  40.008  -2.082  31.213 0.1111110002
61140  39.402  -1.619  31.524 0.1111110002
62027  38.702  -0.862  32.411 0.1111110002
62041  39.115  -1.185  31.888 0.1111110002
62996  39.250  -0.070  32.495 0.1111110002
57377  49.381  -5.233  45.982 0.5555559993
56353  50.106  -5.397  47.858 0.5555559993
125221  49.955  -4.526  46.519 0.5555559993
58284  50.566  -4.253  47.872 0.5555559993
123957  50.617  -4.353  45.453 0.5555559993
58316  50.805  -4.438  44.413 0.5555559993
58306  50.994  -3.918  46.229 0.5555559993
60033  52.056  -2.787  43.767 0.7777780294
60941  51.008  -1.014  44.977 0.5555559993
61865  50.268  -0.218  44.858 0.4444440007
62847  49.401  0.367  43.926 0.5555559993
63754  51.870  0.893  45.284 0.4444440007
62834  50.967  0.649  45.309 0.5555559993
63752  53.903  1.400  44.809 0.3333329856
63774  51.253  1.087  44.829 0.5555559993
63789  51.744  1.383  43.903 0.4444440007
62859  49.915  0.544  42.619 0.6666669846
62886  49.346  0.120  41.131 0.7777780294
134673  49.556  0.085  40.377 0.6666669846
62896  48.555  -0.038  39.508 0.8888890147
61930  47.453  -0.261  38.546 1.0000000000
61943  47.395  -0.485  37.757 1.0000000000
114965  46.960  -0.882  35.801 1.0000000000
61979  46.052  -1.111  36.129 1.0000000000
61998  46.939  -0.978  34.747 1.0000000000
62013  47.112  -0.929  33.789 1.0000000000
62014  46.424  -1.144  33.119 0.7777780294
61999  46.088  -1.264  34.076 0.6666669846
61114  45.176  -1.527  33.825 0.5555559993
118754  45.571  -1.459  33.139 0.5555559993
61130  43.866  -2.440  32.618 0.4444440007
60168  43.024  -2.612  32.945 0.3333329856
62025  45.915  -1.237  32.387 0.6666669846
61128  45.159  -1.665  32.295 0.3333329856
60197  42.424  -2.698  31.471 0.3333329856
60208  40.972  -2.369  30.905 0.1111110002
61139  44.677  -1.881  31.276 0.3333329856
61129  44.491  -2.125  32.220 0.3333329856
60196  43.227  -2.583  31.214 0.3333329856
122260  41.777  -2.551  30.925 0.2222220004
113911  50.461  -6.707  47.599 0.4444440007
55387  52.338  -7.407  47.067 0.2222220004
56343  50.955  -5.593  48.066 0.4444440007
57342  50.657  -4.703  48.080 0.5555559993
58285  49.887  -4.555  47.609 0.5555559993
56352  52.389  -6.613  47.330 0.3333329856
57354  51.975  -5.744  48.099 0.5555559993
59156  51.724  -3.544  46.472 0.5555559993
59154  52.309  -2.856  45.120 0.4444440007
60011  52.330  -2.254  45.160 0.5555559993
60940  51.550  -0.895  45.541 0.4444440007
61850  50.961  -0.085  45.496 0.4444440007
62816  53.797  0.679  45.358 0.4444440007
61847  55.140  -0.381  45.727 0.1111110002
61879  54.710  -0.225  44.381 0.1111110002
63751  54.378  1.534  44.422 0.1111110002
64640  53.914  2.109  44.094 0.1111110002
63788  52.423  1.828  43.125 0.2222220004
63807  51.627  1.355  42.717 0.4444440007
63806  52.509  1.938  42.098 0.2222220004
63826  50.813  0.850  42.171 0.4444440007
63825  51.656  1.245  41.638 0.4444440007
62869  50.965  0.697  41.110 0.5555559993
62885  50.282  0.255  40.487 0.5555559993
62895  49.653  0.077  39.638 0.7777780294
115426  49.159  -0.008  38.732 0.8888890147
117016  49.554  0.068  37.906 0.8888890147
61929  48.002  -0.295  38.080 1.0000000000
62914  48.934  -0.003  37.232 1.0000000000
120436  47.424  -0.624  36.791 1.0000000000
61958  48.347  -0.310  36.571 1.0000000000
61977  48.540  -0.275  35.620 1.0000000000
130442  47.811  -0.590  35.990 1.0000000000
61996  48.265  -0.304  34.588 1.0000000000
61978  47.686  -0.645  35.197 1.0000000000
62011  48.336  -0.222  33.684 1.0000000000
126450  47.813  -0.588  33.952 1.0000000000
61997  47.577  -0.728  34.454 1.0000000000
62022  48.321  -0.185  32.792 1.0000000000
62023  47.546  -0.664  32.273 0.8888890147
62024  46.669  -0.964  32.350 0.6666669846
62037  46.849  -0.853  31.539 0.5555559993
62038  46.201  -1.051  31.796 0.6666669846
61138  45.572  -1.366  31.589 0.4444440007
120385  46.107  -1.010  31.066 0.3333329856
57341  51.568  -4.840  48.171 0.5555559993
57340  52.618  -5.004  48.147 0.3333329856
58273  51.385  -4.330  47.967 0.5555559993
59123  52.279  -4.058  47.650 0.5555559993
115741  52.340  -3.067  46.114 0.4444440007
59965  53.009  -3.730  47.337 0.4444440007
59143  52.811  -2.962  46.739 0.4444440007
60939  52.313  -1.429  45.790 0.4444440007
60921  53.510  -1.441  46.498 0.4444440007
61833  54.553  -0.282  46.535 0.3333329856
62801  54.263  0.157  45.828 0.3333329856
60938  55.967  -0.999  45.859 0.1111110002
62845  54.683  0.644  43.606 0.1111110002
63771  54.640  1.774  44.066 0.1111110002
60051  54.343  -2.444  43.068 0.1111110002
64657  54.649  2.068  43.800 0.1111110002
64674  54.022  2.614  42.618 0.2222220004
62884  51.099  0.663  40.257 0.5555559993
62894  50.818  0.442  39.438 0.6666669846
62905  50.175  0.175  38.641 0.7777780294
114095  50.506  0.291  37.734 0.7777780294
122666  50.834  0.633  36.102 0.7777780294
62912  50.697  0.481  36.888 0.7777780294
62913  49.829  0.176  37.076 0.8888890147
136013  50.802  0.975  35.198 0.8888890147
62951  50.183  0.457  35.599 0.7777780294
62929  50.056  0.266  36.281 0.8888890147
62930  49.181  0.031  36.402 1.0000000000
63912  51.354  1.241  34.511 0.8888890147
62952  49.448  0.142  35.616 1.0000000000
62953  48.964  0.073  34.968 1.0000000000
62971  49.760  0.439  34.796 0.8888890147
62972  48.956  0.157  34.204 1.0000000000
62984  48.938  0.242  33.331 1.0000000000
57353  53.658  -5.026  48.005 0.3333329856
58272  52.289  -4.340  47.866 0.5555559993
59122  53.030  -3.991  47.505 0.4444440007
59121  53.775  -3.842  47.536 0.3333329856
59977  53.423  -2.959  47.177 0.4444440007
60905  54.992  -1.385  47.427 0.3333329856
61832  55.308  -0.569  46.355 0.3333329856
60937  56.031  -1.938  45.540 0.2222220004
115926  54.855  1.887  43.796 0.1111110002
62858  54.763  0.738  42.720 0.1111110002
64639  55.188  2.087  43.334 0.1111110002
61915  54.804  -0.043  40.214 0.1111110002
61904  54.124  -0.285  41.493 0.1111110002
61893  54.261  -0.305  42.566 0.1111110002
63805  55.481  1.978  42.200 0.1111110002
116962  53.419  2.579  41.944 0.2222220004
63839  52.576  1.700  40.439 0.5555559993
62903  51.495  1.094  38.917 0.6666669846
134377  52.176  1.411  40.079 0.6666669846
63865  52.258  1.852  37.209 0.6666669846
114345  51.393  1.264  36.697 0.7777780294
63858  51.241  1.187  37.502 0.7777780294
63857  51.943  1.686  38.142 0.6666669846
62904  51.014  0.710  38.411 0.6666669846
63877  52.176  1.633  36.498 0.7777780294
115348  51.626  1.160  35.941 0.7777780294
62982  50.413  0.887  34.201 1.0000000000
62983  49.612  0.516  33.820 1.0000000000
114475  50.181  0.794  33.305 1.0000000000
125342  49.519  0.529  33.069 1.0000000000
62994  49.054  0.313  32.394 1.0000000000
62035  48.332  -0.133  31.848 0.7777780294
136017  48.933  0.230  31.543 0.7777780294
62036  47.650  -0.548  31.232 0.6666669846
58283  54.081  -4.402  47.671 0.3333329856
59963  54.186  -3.144  47.590 0.3333329856
124814  54.419  -1.759  47.477 0.4444440007
59120  54.730  -3.104  47.522 0.3333329856
115813  55.496  -1.838  46.926 0.2222220004
62893  55.319  0.514  39.373 0.1111110002
62892  55.935  1.499  39.283 0.1111110002
61920  54.817  0.118  38.639 0.1111110002
117704  54.682  -0.196  39.427 0.1111110002
62883  55.643  0.985  40.036 0.1111110002
63838  56.131  1.943  40.013 0.1111110002
62857  55.428  1.640  41.922 0.1111110002
61916  54.001  -0.671  39.941 0.1111110002
64716  54.666  2.497  39.489 0.3333329856
64707  54.521  2.647  40.295 0.3333329856
135091  54.175  2.673  41.683 0.1111110002
63864  52.822  2.098  37.797 0.5555559993
64722  53.673  2.347  39.009 0.5555559993
64708  53.542  2.385  40.087 0.3333329856
63893  54.689  1.941  35.306 0.3333329856
63894  54.082  2.095  35.841 0.3333329856
63895  53.501  2.052  36.080 0.5555559993
63876  53.041  1.975  36.677 0.5555559993
63856  52.814  2.160  38.503 0.5555559993
114939  52.120  1.660  38.927 0.5555559993
63848  52.636  1.918  39.505 0.5555559993
64747  54.442  2.121  35.297 0.3333329856
64748  53.774  2.191  35.544 0.5555559993
63911  52.961  2.061  35.509 0.5555559993
63896  52.547  1.692  35.995 0.5555559993
63908  54.976  1.946  34.915 0.4444440007
63909  53.818  2.178  34.722 0.5555559993
117280  51.920  1.412  35.322 0.7777780294
130500  54.577  2.107  34.331 0.5555559993
63910  53.004  2.023  34.830 0.6666669846
129613  52.268  1.587  34.822 0.6666669846
63925  52.968  1.652  33.895 0.6666669846
63926  52.018  1.429  33.971 0.8888890147
126795  51.508  1.176  33.122 1.0000000000
63927  51.002  1.105  33.619 0.8888890147
62992  50.808  0.876  32.655 1.0000000000
62993  49.906  0.636  32.487 1.0000000000
125667  49.613  0.445  31.694 1.0000000000
63005  49.316  0.313  30.919 0.6666669846
62050  48.440  -0.027  30.861 0.5555559993
62051  47.701  -0.389  30.444 0.4444440007
63021  48.133  0.016  29.913 0.3333329856
62063  47.298  -0.332  29.695 0.3333329856
130416  55.420  0.984  38.784 0.2222220004
62901  55.716  1.816  38.756 0.2222220004
63846  56.091  2.089  39.277 0.1111110002
61937  54.294  0.673  37.547 0.2222220004
62902  54.838  1.051  38.239 0.2222220004
63854  54.854  1.886  38.523 0.2222220004
64721  54.580  2.232  38.840 0.3333329856
64705  55.962  2.145  40.461 0.1111110002
62926  53.774  1.036  36.019 0.2222220004
62911  53.950  1.127  36.827 0.4444440007
132851  53.339  1.883  37.248 0.4444440007
62910  54.116  1.500  37.747 0.4444440007
63855  53.715  2.050  38.209 0.4444440007
62948  54.328  1.038  35.533 0.2222220004
63875  53.454  1.797  36.471 0.3333329856
62967  55.202  1.461  34.871 0.2222220004
62966  55.803  0.622  34.355 0.2222220004
63907  55.470  1.698  34.551 0.4444440007
62965  56.429  0.105  34.930 0.3333329856
64762  55.248  2.035  34.437 0.4444440007
63924  53.745  1.903  33.801 0.5555559993
114173  53.084  1.430  33.003 0.8888890147
117135  52.234  1.334  33.072 0.8888890147
62991  51.623  1.097  32.382 1.0000000000
119721  51.763  1.004  31.465 1.0000000000
63964  52.734  1.204  30.377 1.0000000000
63016  52.129  1.084  30.757 1.0000000000
130712  51.115  0.799  31.887 1.0000000000
116592  50.410  0.641  31.821 1.0000000000
63978  52.743  1.288  29.374 0.8888890147
63031  51.993  1.098  30.033 1.0000000000
63017  51.447  0.852  30.619 1.0000000000
63004  50.141  0.477  31.048 1.0000000000
63977  53.600  1.291  29.497 0.8888890147
63018  50.665  0.628  30.438 1.0000000000
63979  51.758  1.148  29.247 0.7777780294
63049  50.928  1.023  29.038 0.7777780294
63033  50.375  0.705  29.650 0.5555559993
63019  49.841  0.454  30.273 0.5555559993
63020  48.969  0.311  30.128 0.3333329856
133201  52.173  1.317  28.728 0.7777780294
63035  48.627  0.366  29.281 0.3333329856
62946  56.940  -0.671  35.680 0.3333329856
63906  56.201  1.163  34.400 0.4444440007
63923  55.084  1.895  33.636 0.5555559993
63922  55.714  1.628  34.112 0.4444440007
113579  54.068  1.546  32.874 0.6666669846
133580  53.964  1.223  31.238 1.0000000000
63963  53.521  1.212  30.777 1.0000000000
63002  52.754  1.209  31.341 1.0000000000
63939  52.415  1.242  32.221 1.0000000000
114264  54.897  1.128  30.044 1.0000000000
114545  53.997  1.183  30.064 1.0000000000
63976  54.309  1.286  29.320 1.0000000000
63993  53.644  1.447  28.714 0.8888890147
63994  52.758  1.470  28.395 0.7777780294
115033  55.072  1.638  28.103 0.8888890147
63992  54.493  1.478  28.626 0.8888890147
64831  54.860  1.864  27.307 0.6666669846
64009  53.386  1.679  27.805 0.6666669846
64010  52.512  1.623  27.563 0.6666669846
120951  52.079  1.446  28.126 0.6666669846
64832  54.006  1.940  27.156 0.5555559993
62979  56.890  1.245  34.685 0.4444440007
63905  57.682  1.278  34.936 0.5555559993
116195  56.143  1.138  33.258 0.4444440007
63937  55.544  1.283  32.973 0.5555559993
63938  54.872  1.350  32.630 0.5555559993
114172  53.172  1.310  32.214 0.8888890147
63951  54.446  1.235  31.733 0.8888890147
63960  56.406  1.049  30.462 1.0000000000
114268  55.853  1.037  31.251 1.0000000000
63950  55.309  1.131  31.957 1.0000000000
63952  53.636  1.279  31.687 1.0000000000
63961  55.593  1.050  30.481 1.0000000000
114267  55.062  1.092  31.017 1.0000000000
63962  54.312  1.162  30.797 1.0000000000
135248  56.492  1.157  29.630 1.0000000000
114263  56.193  1.332  29.004 1.0000000000
114265  55.793  1.110  29.759 1.0000000000
114448  55.231  1.328  29.006 1.0000000000
64024  55.700  1.815  27.454 0.5555559993
64844  54.636  2.092  26.475 0.4444440007
64845  53.775  2.143  26.269 0.4444440007
63904  58.667  1.241  35.357 0.3333329856
63919  60.210  1.818  34.798 0.7777780294
63920  58.347  1.542  34.334 0.6666669846
63921  57.432  1.495  33.890 0.5555559993
114739  56.526  1.070  34.034 0.4444440007
63935  58.329  1.615  33.145 0.7777780294
114464  57.676  1.453  32.662 0.7777780294
63936  56.842  1.171  32.750 0.6666669846
115582  56.062  1.073  32.252 0.7777780294
63947  58.323  1.556  31.858 1.0000000000
63948  57.434  1.260  31.731 1.0000000000
63959  58.671  1.497  30.683 1.0000000000
114270  57.914  1.420  31.020 1.0000000000
63974  58.762  1.382  29.622 0.8888890147
63975  57.926  1.345  30.180 1.0000000000
63990  57.868  1.293  29.182 1.0000000000
114266  57.153  1.188  29.882 1.0000000000
131830  57.561  1.333  28.425 0.7777780294
114487  57.000  1.284  29.068 1.0000000000
63991  56.769  1.471  28.328 0.8888890147
116745  55.917  1.592  28.253 0.7777780294
64007  56.544  1.687  27.564 0.6666669846
64023  56.313  1.930  26.789 0.5555559993
64843  55.482  2.032  26.652 0.5555559993
114966  56.085  2.192  26.010 0.5555559993
64861  55.270  2.289  25.802 0.4444440007
62977  62.858  1.695  34.785 0.3333329856
63900  62.685  2.135  35.053 0.3333329856
64745  62.247  2.105  35.635 0.3333329856
63932  61.854  2.303  33.327 0.7777780294
63933  60.779  1.945  33.672 0.6666669846
63934  59.384  1.639  33.605 0.7777780294
63945  60.834  1.711  31.638 0.7777780294
116726  60.039  1.580  32.330 0.7777780294
130417  59.023  1.640  32.450 0.7777780294
130505  60.076  1.449  31.145 1.0000000000
63946  59.236  1.550  31.482 1.0000000000
136845  60.115  1.430  30.360 0.7777780294
136172  59.143  1.454  30.142 1.0000000000
63973  59.698  1.415  29.738 0.7777780294
63989  58.605  1.302  28.635 0.7777780294
63988  59.442  1.404  28.824 0.7777780294
133681  58.081  1.287  28.511 0.8888890147
64005  58.254  1.322  27.854 0.7777780294
64006  57.392  1.471  27.648 0.5555559993
64022  57.148  1.708  26.857 0.5555559993
129283  55.857  2.460  25.310 0.4444440007
65613  56.098  2.848  24.707 0.2222220004
62989  63.095  0.980  33.329 0.2222220004
62988  63.268  1.666  33.873 0.4444440007
63917  63.087  2.234  34.341 0.5555559993
114134  63.677  1.581  32.896 0.3333329856
64774  62.767  2.522  34.082 0.6666669846
63944  61.757  2.174  32.231 0.7777780294
63957  60.736  1.613  30.674 1.0000000000
63972  60.567  1.566  29.823 0.7777780294
64822  60.029  1.717  28.140 0.7777780294
64004  59.168  1.434  27.948 0.7777780294
64830  58.862  1.597  27.102 0.6666669846
64021  58.014  1.431  26.912 0.5555559993
64859  57.429  2.062  25.491 0.4444440007
64842  56.893  1.988  26.097 0.5555559993
118196  59.085  3.237  24.247 0.4444440007
134585  58.840  2.599  24.910 0.4444440007
65624  58.239  2.712  24.438 0.3333329856
64872  57.509  2.430  24.811 0.3333329856
64860  56.675  2.344  25.269 0.4444440007
65647  58.258  3.390  23.618 0.2222220004
65625  57.406  3.185  24.078 0.3333329856
64873  56.843  2.804  24.613 0.3333329856
126847  58.953  3.673  23.429 0.2222220004
65648  57.541  3.949  23.235 0.2222220004
64773  63.139  2.484  33.809 0.4444440007
129510  64.157  1.706  32.121 0.3333329856
64781  63.313  2.615  33.414 0.6666669846
63956  61.567  2.024  31.171 0.8888890147
63971  61.373  1.913  30.173 0.6666669846
64811  61.162  1.826  29.240 0.7777780294
64821  60.914  1.965  28.347 0.7777780294
64829  59.713  1.955  27.326 0.6666669846
64840  58.577  1.799  26.222 0.6666669846
64857  59.100  2.319  25.618 0.5555559993
64858  58.239  2.104  25.298 0.6666669846
64841  57.749  1.734  26.105 0.5555559993
66353  59.294  4.018  22.910 0.3333329856
65646  59.741  3.747  23.786 0.3333329856
66354  58.391  4.083  22.843 0.2222220004
66362  58.947  4.580  22.575 0.2222220004
63931  63.475  2.287  33.451 0.2222220004
64780  63.506  2.570  33.040 0.5555559993
63012  64.681  1.598  31.041 0.2222220004
64800  63.726  2.670  31.596 0.5555559993
64809  63.182  2.534  30.215 0.6666669846
64801  62.383  2.322  30.751 0.6666669846
64819  62.765  2.448  29.143 0.6666669846
64820  61.816  2.218  28.677 0.6666669846
64828  60.586  2.183  27.506 0.6666669846
64838  60.248  2.473  26.726 0.6666669846
64839  59.418  2.135  26.484 0.6666669846
65612  60.274  3.195  25.255 0.6666669846
65598  59.901  2.819  25.941 0.6666669846
124279  59.554  3.019  25.112 0.5555559993
65623  59.906  3.478  24.562 0.5555559993
63943  64.022  2.368  32.503 0.2222220004
62999  64.566  2.053  31.780 0.2222220004
64789  64.433  2.579  31.740 0.3333329856
64790  64.031  2.681  32.305 0.3333329856
63011  65.061  1.457  30.348 0.2222220004
63955  64.910  2.272  31.317 0.2222220004
65558  64.907  3.415  30.593 0.4444440007
64808  64.368  3.120  30.691 0.5555559993
64818  63.737  2.901  29.600 0.6666669846
133457  63.348  2.714  28.723 0.6666669846
64827  62.583  2.531  28.199 0.6666669846
121517  61.595  2.384  27.629 0.6666669846
65587  61.778  2.542  26.632 0.5555559993
64837  60.999  2.522  26.909 0.6666669846
65622  60.494  3.362  24.470 0.4444440007
136086  60.130  3.628  24.190 0.4444440007
65645  60.399  3.602  23.660 0.4444440007
66352  60.014  4.040  22.970 0.3333329856
64797  65.211  2.566  30.631 0.2222220004
64798  64.842  2.959  31.131 0.2222220004
63970  65.432  1.937  29.871 0.2222220004
65557  65.083  3.513  30.421 0.3333329856
65566  65.316  3.849  29.611 0.3333329856
63043  65.456  1.111  28.380 0.2222220004
65567  65.008  4.046  29.993 0.4444440007
63058  65.601  0.948  27.525 0.2222220004
65568  64.677  3.796  29.958 0.6666669846
65577  64.783  4.102  29.216 0.6666669846
65579  63.538  2.902  27.957 0.6666669846
65586  62.666  2.618  27.264 0.6666669846
65596  62.818  2.656  26.413 0.6666669846
118923  61.900  2.653  25.739 0.5555559993
65597  60.844  2.834  26.065 0.5555559993
65611  61.099  2.979  25.050 0.5555559993
65621  61.259  3.090  23.915 0.4444440007
123577  62.062  2.749  24.798 0.4444440007
115027  60.920  3.437  22.919 0.4444440007
136540  60.431  3.715  22.975 0.4444440007
65658  60.548  3.894  22.372 0.4444440007
66361  59.594  4.681  22.524 0.3333329856
64817  65.677  3.165  28.860 0.3333329856
63985  65.902  1.619  28.073 0.2222220004
63986  65.731  2.008  28.959 0.3333329856
66298  65.195  4.122  29.154 0.3333329856
62085  65.204  0.686  27.587 0.2222220004
64003  66.261  1.801  27.373 0.2222220004
62096  65.707  0.750  26.724 0.2222220004
65585  63.715  3.002  27.128 0.6666669846
65595  63.771  2.859  26.428 0.6666669846
65620  62.281  2.930  23.793 0.5555559993
65644  61.706  3.171  22.859 0.4444440007
65657  61.303  3.669  22.053 0.4444440007
66359  60.934  4.556  21.745 0.4444440007
67832  59.975  7.082  22.769 0.1111110002
64816  66.040  2.460  28.075 0.3333329856
63070  66.258  1.210  26.673 0.2222220004
124718  65.359  4.106  28.236 0.4444440007
66314  64.885  4.085  27.698 0.4444440007
136452  66.714  0.892  25.563 0.2222220004
66324  64.385  3.528  27.086 0.6666669846
62123  66.373  -0.245  24.616 0.3333329856
66335  64.550  3.172  26.427 0.6666669846
115731  66.910  -0.220  24.215 0.3333329856
65609  63.815  2.761  25.669 0.5555559993
122810  63.026  2.813  24.714 0.5555559993
65642  63.195  2.941  23.632 0.5555559993
65643  62.468  3.084  22.932 0.5555559993
117541  62.932  3.165  22.628 0.5555559993
65656  62.251  3.428  22.022 0.4444440007
68672  59.367  8.237  24.167 0.1111110002
68684  59.667  7.757  23.261 0.1111110002
67845  60.258  6.451  22.270 0.1111110002
129545  61.869  4.417  21.410 0.4444440007
67074  60.572  5.598  21.897 0.4444440007
67844  61.079  6.637  21.554 0.1111110002
68691  60.678  7.440  22.164 0.1111110002
64826  66.229  2.695  27.223 0.3333329856
136820  66.192  2.873  26.544 0.3333329856
65575  65.924  3.405  27.906 0.3333329856
64020  66.701  1.443  25.999 0.2222220004
66313  66.005  3.452  27.084 0.3333329856
121385  65.464  3.997  27.365 0.4444440007
65593  65.906  3.218  26.374 0.3333329856
66322  65.545  3.494  26.690 0.4444440007
66334  65.196  3.269  26.295 0.5555559993
63087  66.968  0.571  24.917 0.3333329856
65594  65.704  3.028  26.084 0.4444440007
65606  65.934  2.844  25.279 0.5555559993
65608  64.668  2.866  25.706 0.5555559993
65607  65.446  2.879  25.638 0.5555559993
65618  64.862  2.690  24.879 0.5555559993
65619  63.938  2.730  24.808 0.5555559993
65655  63.539  2.897  22.715 0.5555559993
120801  64.282  2.603  22.672 0.5555559993
68665  58.328  8.233  25.494 0.1111110002
121577  63.142  3.365  21.901 0.4444440007
65662  62.790  4.103  21.428 0.4444440007
66368  62.629  5.047  21.250 0.3333329856
67073  61.518  5.608  21.302 0.4444440007
133936  62.084  5.223  21.220 0.3333329856
115422  66.613  2.128  26.516 0.3333329856
64019  66.868  2.014  25.906 0.3333329856
64836  66.401  2.665  25.928 0.3333329856
64037  67.008  1.635  25.377 0.3333329856
121909  66.017  2.905  25.772 0.4444440007
64042  67.207  1.584  24.569 0.4444440007
64856  66.415  2.673  25.345 0.5555559993
116419  67.347  0.092  23.460 0.3333329856
63098  67.355  0.760  24.112 0.3333329856
62164  67.450  -0.871  21.645 0.2222220004
129582  65.617  2.754  24.918 0.4444440007
65640  65.249  2.491  24.051 0.4444440007
64889  64.889  2.401  23.132 0.4444440007
64896  64.956  2.277  22.087 0.5555559993
64900  65.545  2.275  21.240 0.5555559993
65654  64.014  2.858  21.755 0.5555559993
64901  64.760  2.570  21.056 0.5555559993
65661  63.573  3.762  21.300 0.4444440007
66367  63.428  4.818  21.138 0.4444440007
65660  64.233  3.360  20.906 0.4444440007
65667  64.866  3.091  20.287 0.4444440007
64886  66.956  2.204  24.173 0.4444440007
62155  67.330  -0.615  22.636 0.3333329856
64870  66.497  2.573  24.697 0.4444440007
114492  67.560  0.032  21.863 0.2222220004
64871  66.057  2.603  24.387 0.4444440007
64887  66.582  2.356  23.783 0.4444440007
114273  67.659  -0.035  21.096 0.3333329856
62171  67.535  -0.943  20.692 0.1111110002
64888  65.836  2.367  23.192 0.4444440007
64895  65.915  2.209  22.115 0.5555559993
64899  66.573  2.237  21.637 0.5555559993
64904  66.225  2.483  20.552 0.5555559993
64905  65.297  2.578  20.483 0.5555559993
124224  67.034  2.556  20.380 0.5555559993
65665  66.602  2.849  19.944 0.5555559993
65666  65.735  3.109  19.938 0.5555559993
64049  67.314  1.686  23.730 0.3333329856
117233  67.501  1.016  23.346 0.3333329856
63111  67.516  0.713  22.490 0.3333329856
64051  67.337  1.707  22.826 0.4444440007
64893  67.019  2.181  23.255 0.4444440007
64894  66.665  2.296  22.725 0.4444440007
63124  67.571  0.774  21.475 0.4444440007
64898  67.041  2.110  22.259 0.4444440007
117882  67.711  -0.072  19.412 0.3333329856
64056  67.382  1.609  21.835 0.4444440007
64061  67.469  1.480  20.813 0.4444440007
125573  67.089  2.151  21.111 0.4444440007
65664  67.116  2.921  19.727 0.4444440007
63135  67.697  0.047  20.209 0.3333329856
130210  67.634  0.649  20.766 0.4444440007
63147  67.733  0.749  19.609 0.3333329856
63166  67.787  0.401  18.836 0.3333329856
64903  67.257  2.223  20.279 0.4444440007
64908  67.461  2.382  19.597 0.4444440007
119963  67.491  2.949  19.065 0.4444440007
117167  67.667  0.927  20.247 0.4444440007
64069  67.610  1.639  19.821 0.4444440007
117952  67.826  1.030  18.144 0.3333329856
64109  68.395  1.282  16.679 0.2222220004
64916  67.743  2.214  19.077 0.4444440007
64117  68.500  0.978  15.878 0.2222220004
129989  67.814  2.781  18.561 0.4444440007
64084  67.831  1.396  19.010 0.4444440007
64097  68.156  1.627  17.518 0.4444440007
64083  67.948  2.110  18.291 0.4444440007
64928  68.222  2.430  17.599 0.4444440007
31413  10.727  -31.489  56.728 0.2222220004
33225  11.933  -28.869  59.466 0.4444440007
125482  10.788  -31.167  57.419 0.2222220004
34151  13.128  -28.229  60.390 0.6666669846
32252  16.595  -30.423  60.909 0.1111110002
34145  13.998  -28.434  61.459 0.4444440007
34142  16.584  -28.535  61.375 0.1111110002
33215  16.660  -29.913  60.991 0.1111110002
35027  15.861  -26.814  61.848 0.3333329856
133918  13.146  -29.650  60.706 0.4444440007
35036  14.147  -27.452  61.203 0.4444440007
131303  11.545  -31.070  58.780 0.3333329856
36837  16.225  -25.685  62.078 0.3333329856
37782  16.297  -25.210  61.891 0.2222220004
36842  15.879  -25.536  61.664 0.5555559993
35040  14.529  -27.413  59.342 0.5555559993
132882  12.497  -28.644  59.972 0.4444440007
32267  10.696  -30.144  57.668 0.2222220004
39745  22.521  -22.984  59.291 0.4444440007
36834  18.486  -24.739  61.824 0.1111110002
38718  17.733  -24.240  61.931 0.2222220004
115205  24.202  -22.854  59.318 0.4444440007
37781  16.660  -24.741  61.752 0.3333329856
39744  23.410  -22.948  59.758 0.2222220004
118616  16.175  -25.061  60.869 0.5555559993
35926  15.804  -25.838  60.507 0.5555559993
34152  10.904  -28.165  59.412 0.5555559993
39735  20.831  -23.800  60.244 0.2222220004
36846  19.502  -25.402  60.401 0.1111110002
36840  18.899  -25.038  60.772 0.2222220004
39747  21.199  -23.371  59.192 0.3333329856
37780  19.662  -24.456  60.472 0.2222220004
136874  17.975  -24.078  61.382 0.4444440007
37774  18.897  -24.616  60.730 0.3333329856
39761  25.655  -22.737  58.143 0.5555559993
130005  23.963  -22.822  57.378 0.4444440007
39754  22.457  -22.957  58.146 0.4444440007
114291  24.416  -22.759  56.778 0.6666669846
126672  21.449  -23.265  56.852 0.5555559993
39790  21.827  -22.992  55.720 0.5555559993
39802  23.323  -22.848  54.245 0.5555559993
38728  19.319  -23.913  60.284 0.3333329856
38737  19.696  -23.750  59.899 0.4444440007
135317  11.613  -27.448  59.446 0.5555559993
35043  11.246  -27.476  59.523 0.4444440007
37834  18.833  -25.137  56.009 0.5555559993
37879  20.099  -24.348  52.398 0.6666669846
39813  26.690  -22.743  53.182 0.6666669846
114445  24.431  -22.508  51.023 0.6666669846
38817  26.883  -23.134  52.071 0.5555559993
38802  27.064  -23.109  52.672 0.5555559993
38833  26.059  -22.960  51.060 0.6666669846
124802  22.219  -23.045  49.111 0.5555559993
38816  27.372  -23.800  52.701 0.5555559993
39845  25.254  -22.570  49.893 0.6666669846
124212  27.423  -24.064  51.966 0.6666669846
37891  27.330  -24.176  51.256 0.5555559993
38868  25.809  -22.849  49.364 0.5555559993
121328  21.985  -22.702  48.473 0.4444440007
38847  27.128  -24.203  50.531 0.6666669846
121936  25.164  -22.483  47.646 0.4444440007
39891  23.672  -21.974  47.800 0.3333329856
118560  29.131  -25.739  51.103 0.6666669846
38882  26.685  -23.828  48.912 0.6666669846
122641  26.234  -23.192  48.886 0.5555559993
136601  36.345  -24.197  54.926 0.6666669846
37856  36.638  -24.341  54.028 0.7777780294
37841  36.924  -24.300  54.946 0.6666669846
37857  35.324  -24.328  53.831 0.7777780294
37875  33.510  -24.687  52.334 0.7777780294
113761  34.173  -24.385  50.703 0.7777780294
37890  33.402  -24.776  50.810 0.7777780294
36963  30.948  -26.051  52.261 0.7777780294
36033  30.388  -26.151  52.609 0.7777780294
36993  28.821  -25.470  50.382 0.6666669846
39872  35.541  -22.685  48.125 0.7777780294
37923  33.652  -24.132  48.518 0.7777780294
38891  34.243  -23.140  47.744 0.7777780294
37000  30.335  -25.461  49.619 0.7777780294
41894  36.575  -20.885  45.803 0.7777780294
39911  35.316  -22.158  45.704 0.6666669846
136435  35.691  -21.668  45.136 0.5555559993
39888  34.633  -22.645  47.366 0.7777780294
39900  33.637  -22.955  46.788 0.6666669846
37010  28.896  -25.238  48.583 0.7777780294
40873  34.967  -21.499  44.116 0.5555559993
38786  39.737  -23.844  54.785 0.3333329856
40834  36.608  -21.432  47.069 0.7777780294
40897  34.380  -21.107  42.973 0.5555559993
40898  33.982  -21.974  42.738 0.5555559993
43097  34.075  -19.518  41.625 0.4444440007
39822  40.589  -22.408  52.827 0.4444440007
42977  39.344  -19.610  50.580 0.6666669846
41834  38.048  -20.473  48.280 0.7777780294
126725  37.653  -20.406  47.539 0.7777780294
44055  37.687  -18.797  47.044 0.7777780294
44106  36.823  -18.338  43.953 0.8888890147
119452  37.843  -18.529  45.100 0.7777780294
44123  35.787  -17.809  42.861 0.6666669846
45126  35.194  -17.690  42.110 0.4444440007
39811  40.602  -22.411  53.838 0.3333329856
44082  38.341  -18.352  45.228 0.7777780294
45086  38.885  -18.062  44.795 0.8888890147
130512  40.732  -19.795  54.487 0.3333329856
44026  39.407  -18.900  49.971 0.8888890147
126958  42.159  -17.914  49.698 0.7777780294
44042  39.398  -18.493  48.463 0.7777780294
45039  42.528  -17.438  48.462 0.8888890147
45085  39.701  -18.048  45.064 0.8888890147
42944  41.101  -18.989  54.159 0.3333329856
44000  41.411  -18.459  51.632 0.5555559993
130678  40.806  -19.501  53.527 0.5555559993
42956  40.594  -19.540  52.718 0.6666669846
44001  40.864  -18.918  52.192 0.5555559993
126312  41.356  -18.433  50.938 0.6666669846
46061  42.055  -17.220  45.640 0.8888890147
46067  41.777  -17.146  44.702 0.8888890147
46105  41.457  -16.666  41.416 0.8888890147
44957  42.594  -17.876  53.869 0.4444440007
44969  42.911  -17.453  52.227 0.6666669846
45019  42.531  -17.534  49.188 0.7777780294
44983  43.230  -17.082  51.428 0.6666669846
45018  42.779  -17.378  49.829 0.7777780294
46025  43.659  -16.426  48.552 0.7777780294
48057  44.014  -15.002  46.027 1.0000000000
48152  43.045  -14.534  41.461 0.8888890147
45982  43.993  -16.398  52.474 0.3333329856
47021  44.372  -15.131  48.637 0.6666669846
49146  45.563  -13.430  46.833 0.8888890147
51214  44.636  -11.712  42.265 1.0000000000
46967  44.344  -16.046  54.027 0.3333329856
49131  44.925  -14.184  49.782 0.5555559993
118721  45.425  -13.281  50.184 0.5555559993
119876  46.895  -11.849  48.621 0.8888890147
50151  46.616  -12.204  46.345 0.8888890147
123745  47.108  -11.330  50.451 0.4444440007
52290  47.008  -10.953  45.859 0.8888890147
51139  47.269  -11.078  49.306 0.5555559993
51163  47.304  -11.326  47.469 0.7777780294
128754  47.382  -10.391  46.261 0.8888890147
56458  47.263  -6.318  40.752 1.0000000000
53274  47.667  -9.708  46.183 0.8888890147
55416  48.526  -7.323  43.526 0.8888890147
61918  46.248  -0.843  40.729 1.0000000000
59189  49.435  -3.191  41.846 0.8888890147
61923  45.939  -0.499  39.024 1.0000000000
58326  50.953  -4.341  43.374 0.7777780294
61882  48.223  -0.202  43.126 0.7777780294
61093  43.454  -1.818  34.502 0.5555559993
60189  41.283  -2.682  32.408 0.1111110002
57367  49.395  -5.090  47.217 0.5555559993
58305  51.509  -3.930  44.861 0.5555559993
59155  51.944  -3.442  45.433 0.5555559993
60012  52.172  -2.544  44.421 0.6666669846
60953  51.894  -1.757  44.937 0.6666669846
62860  49.016  0.300  42.807 0.7777780294
62846  49.977  0.749  44.174 0.4444440007
62897  47.617  -0.095  39.351 1.0000000000
60187  43.181  -2.729  32.089 0.3333329856
59133  51.583  -3.959  47.687 0.5555559993
123853  50.425  0.387  45.066 0.5555559993
62817  52.707  0.403  45.665 0.4444440007
63753  53.080  1.116  45.033 0.4444440007
62818  51.609  0.291  45.756 0.5555559993
63790  50.697  1.007  44.330 0.5555559993
62815  54.290  0.776  45.018 0.2222220004
63773  52.388  1.459  44.627 0.3333329856
64641  53.532  1.760  44.517 0.3333329856
63808  50.561  0.933  43.436 0.5555559993
62870  50.175  0.367  41.570 0.5555559993
62887  48.853  0.035  40.351 0.8888890147
62906  48.261  -0.154  38.701 1.0000000000
122713  47.115  -0.909  32.954 0.8888890147
60186  43.942  -2.473  31.737 0.2222220004
60206  42.441  -2.416  30.637 0.2222220004
60195  43.895  -2.327  30.968 0.3333329856
61835  52.821  -0.801  46.141 0.4444440007
61836  52.225  -0.086  46.040 0.5555559993
118760  55.343  -0.836  45.147 0.1111110002
61864  54.787  -0.174  44.916 0.1111110002
62833  54.425  1.472  44.422 0.1111110002
61848  54.699  -0.053  46.098 0.2222220004
60965  55.054  -1.427  44.326 0.1111110002
62832  54.663  0.893  44.087 0.1111110002
61880  54.477  -0.360  43.525 0.1111110002
64675  53.167  2.458  42.899 0.2222220004
119339  48.681  -0.110  38.015 1.0000000000
61942  48.132  -0.294  37.407 1.0000000000
62012  47.719  -0.631  33.235 1.0000000000
128930  46.856  -0.706  30.514 0.2222220004
59983  53.336  -2.197  46.646 0.4444440007
59976  54.068  -2.558  47.455 0.4444440007
61834  53.859  -0.742  46.484 0.4444440007
60920  54.989  -0.540  46.934 0.3333329856
114718  55.098  1.701  43.106 0.1111110002
60966  54.377  -1.430  43.362 0.1111110002
60981  53.800  -1.345  42.553 0.1111110002
60069  53.707  -2.469  42.444 0.1111110002
64690  55.026  2.414  41.903 0.1111110002
64692  53.002  2.224  41.124 0.3333329856
63840  51.768  1.167  40.616 0.4444440007
129909  51.702  1.149  39.671 0.6666669846
60918  55.922  -1.817  46.239 0.2222220004
61007  53.782  -0.730  40.861 0.1111110002
61903  55.061  0.567  40.764 0.1111110002
61892  54.855  0.675  41.690 0.1111110002
64689  55.760  2.056  41.500 0.1111110002
63847  55.643  2.242  39.128 0.2222220004
62868  55.646  1.398  40.875 0.1111110002
63823  55.891  1.986  41.116 0.1111110002
119244  55.604  2.407  40.908 0.1111110002
62980  55.270  0.090  34.396 0.2222220004
118279  53.317  1.226  30.012 0.8888890147
63003  50.941  0.651  31.205 1.0000000000
63032  51.191  0.898  29.842 0.7777780294
63995  51.514  1.261  28.454 0.6666669846
62945  57.640  -0.478  35.948 0.3333329856
62964  57.264  0.480  35.296 0.3333329856
64008  54.240  1.687  27.964 0.8888890147
64025  53.142  1.892  26.923 0.6666669846
63949  56.652  1.046  31.507 0.8888890147
116994  59.233  1.522  34.782 0.4444440007
114269  57.241  1.148  30.780 1.0000000000
64761  62.763  2.380  34.744 0.5555559993
126029  61.793  2.327  34.289 0.6666669846
64746  61.755  2.116  36.294 0.3333329856
125666  61.026  1.882  32.605 0.7777780294
63958  59.480  1.457  30.570 0.8888890147
65627  55.583  3.481  24.071 0.2222220004
64782  62.802  2.564  33.043 0.7777780294
63987  60.319  1.558  28.987 0.7777780294
64792  62.654  2.398  31.917 0.7777780294
64791  63.565  2.641  32.762 0.6666669846
64799  64.567  2.818  31.397 0.4444440007
64810  62.052  2.243  29.665 0.6666669846
65578  64.107  3.422  28.917 0.6666669846
64807  65.436  2.908  29.798 0.2222220004
66315  64.362  3.790  28.060 0.5555559993
66306  64.882  4.173  28.542 0.4444440007
66360  60.180  4.711  22.322 0.4444440007
63080  66.255  0.720  26.029 0.2222220004
65610  62.899  2.706  25.627 0.5555559993
66323  65.003  3.857  26.894 0.5555559993
62124  66.057  0.100  24.985 0.2222220004
65641  64.244  2.655  23.745 0.4444440007
64855  66.774  2.298  25.498 0.3333329856
64869  66.928  2.283  24.954 0.4444440007
63179  68.011  0.656  17.303 0.2222220004
33232  9.699  -29.458  57.453 0.2222220004
33230  8.991  -29.117  58.085 0.4444440007
34156  8.972  -28.466  58.692 0.3333329856
34154  9.564  -27.422  59.180 0.1111110002
129410  9.577  -28.697  58.652 0.4444440007
35044  10.370  -27.592  59.497 0.2222220004
35053  10.561  -27.114  59.506 0.2222220004
35959  11.107  -26.339  59.024 0.2222220004
35947  10.471  -26.559  59.302 0.1111110002
35960  10.629  -25.869  58.739 0.1111110002
34153  9.844  -28.119  59.233 0.3333329856
35052  11.248  -26.964  59.414 0.2222220004
35061  11.853  -26.911  58.257 0.2222220004
35958  12.526  -26.518  57.357 0.1111110002
118887  11.506  -26.195  57.964 0.2222220004
35060  12.784  -27.213  57.867 0.2222220004
35982  13.325  -26.366  56.640 0.1111110002
36899  13.452  -25.822  56.256 0.1111110002
35059  13.706  -27.236  57.656 0.3333329856
35957  13.417  -26.848  57.110 0.3333329856
35075  14.120  -26.949  56.866 0.3333329856
115861  14.481  -26.599  56.137 0.2222220004
36001  14.538  -26.260  55.546 0.1111110002
36002  13.926  -26.311  56.099 0.1111110002
36016  14.956  -26.225  54.923 0.1111110002
36015  15.386  -26.298  54.416 0.1111110002
36917  14.657  -25.835  55.221 0.1111110002
37849  15.420  -24.863  54.301 0.1111110002
36939  15.101  -25.804  54.548 0.1111110002
35956  14.707  -26.858  56.679 0.5555559993
35981  15.183  -26.650  56.101 0.4444440007
36000  15.152  -26.508  55.211 0.1111110002
114519  15.820  -26.561  55.404 0.4444440007
36938  15.532  -25.773  53.942 0.1111110002
37865  15.851  -25.042  53.597 0.1111110002
38805  15.868  -23.990  53.825 0.1111110002
35946  15.404  -26.942  57.919 0.4444440007
35058  14.592  -27.118  57.497 0.4444440007
35955  15.303  -26.807  56.981 0.5555559993
35980  15.915  -26.465  56.448 0.5555559993
35999  16.563  -26.424  54.858 0.4444440007
36014  15.870  -26.492  54.554 0.4444440007
36028  15.912  -26.200  53.934 0.3333329856
36027  16.543  -26.277  54.094 0.4444440007
36957  15.972  -25.679  53.626 0.2222220004
36956  16.470  -25.800  53.586 0.4444440007
37864  16.345  -25.110  53.311 0.1111110002
36973  16.991  -25.080  53.144 0.2222220004
37883  16.714  -24.426  52.748 0.1111110002
38821  16.216  -24.286  53.148 0.1111110002
35954  16.053  -26.512  57.420 0.5555559993
36876  16.705  -26.055  56.946 0.4444440007
36898  16.608  -26.088  55.947 0.5555559993
36937  17.301  -26.009  54.479 0.4444440007
36955  17.310  -25.642  53.700 0.4444440007
36972  17.869  -24.834  52.960 0.4444440007
37882  17.341  -24.526  52.338 0.3333329856
37896  16.896  -23.988  51.976 0.1111110002
39851  17.732  -22.895  50.250 0.1111110002
36897  17.378  -25.702  56.525 0.4444440007
37848  18.687  -25.152  54.998 0.4444440007
36896  18.092  -25.396  56.280 0.5555559993
36936  18.030  -25.513  54.253 0.4444440007
36954  18.711  -24.883  53.220 0.5555559993
130260  18.137  -25.235  53.612 0.4444440007
132673  19.203  -24.526  50.917 0.3333329856
37894  18.507  -24.562  51.217 0.4444440007
117203  17.990  -24.609  51.982 0.4444440007
37908  18.181  -24.331  50.596 0.3333329856
38870  20.226  -23.759  49.064 0.4444440007
38852  19.516  -24.187  49.493 0.3333329856
38853  18.370  -23.856  49.942 0.2222220004
38871  19.445  -23.598  48.981 0.3333329856
37917  18.972  -24.170  49.393 0.2222220004
38886  20.250  -23.034  48.704 0.3333329856
40814  18.364  -21.779  49.425 0.1111110002
36875  17.444  -25.721  57.423 0.4444440007
36915  18.215  -25.401  55.554 0.4444440007
132453  17.982  -25.473  57.013 0.4444440007
37847  19.486  -24.594  54.591 0.5555559993
37893  19.295  -24.561  51.831 0.5555559993
37892  19.924  -24.276  51.408 0.5555559993
38851  20.338  -23.948  49.877 0.4444440007
39878  21.526  -23.192  48.925 0.3333329856
38885  20.820  -23.300  48.823 0.3333329856
39879  21.060  -22.625  48.410 0.3333329856
39880  20.265  -22.063  48.392 0.3333329856
40813  18.938  -21.628  48.855 0.2222220004
40825  19.578  -21.419  48.450 0.2222220004
40823  21.632  -21.945  48.017 0.2222220004
123950  20.831  -21.665  48.017 0.2222220004
40824  20.191  -21.203  48.125 0.2222220004
40822  22.455  -22.110  48.103 0.3333329856
40837  22.883  -21.672  47.587 0.2222220004
40839  21.240  -21.185  47.525 0.1111110002
39932  33.476  -22.596  43.092 0.4444440007
39925  33.291  -22.973  43.767 0.3333329856
38941  32.471  -23.328  43.904 0.3333329856
40838  22.068  -21.452  47.530 0.2222220004
41857  21.743  -20.620  47.168 0.1111110002
39933  32.698  -22.988  43.038 0.3333329856
118455  33.549  -21.817  41.938 0.3333329856
39948  32.341  -22.675  42.118 0.3333329856
39949  31.337  -22.701  41.996 0.3333329856
41942  34.018  -21.095  42.028 0.3333329856
39966  32.844  -22.099  41.422 0.3333329856
134046  32.166  -21.968  40.728 0.3333329856
39968  30.893  -22.463  41.133 0.2222220004
40912  33.453  -21.286  41.210 0.3333329856
40913  32.729  -21.413  40.571 0.3333329856
39967  31.873  -22.393  41.289 0.2222220004
130781  31.862  -21.510  39.897 0.2222220004
37937  32.252  -24.250  47.761 0.5555559993
38893  32.691  -23.633  47.269 0.5555559993
38894  31.870  -23.823  47.087 0.5555559993
38904  31.723  -23.760  46.251 0.4444440007
38903  32.463  -23.416  46.600 0.4444440007
39913  33.484  -23.000  45.374 0.4444440007
38916  32.480  -23.391  45.609 0.4444440007
38917  31.573  -23.827  45.389 0.4444440007
38918  30.874  -24.136  45.202 0.4444440007
38928  32.085  -23.575  44.689 0.3333329856
116481  32.952  -23.204  44.628 0.3333329856
38929  31.256  -23.886  44.634 0.3333329856
118592  31.666  -23.619  43.974 0.3333329856
124608  30.797  -23.791  43.943 0.3333329856
119635  29.859  -23.888  43.945 0.2222220004
40836  23.512  -21.441  46.882 0.2222220004
39934  31.749  -23.063  42.749 0.3333329856
38942  31.219  -23.420  43.322 0.3333329856
38943  30.308  -23.560  43.234 0.2222220004
38959  30.796  -23.097  42.628 0.2222220004
38960  29.816  -23.245  42.460 0.2222220004
41958  33.830  -20.376  41.046 0.3333329856
40934  33.299  -20.692  40.323 0.3333329856
40935  32.611  -20.890  39.698 0.3333329856
44137  34.034  -18.562  41.311 0.3333329856
43098  33.812  -19.516  40.626 0.3333329856
41983  32.452  -20.370  38.822 0.2222220004
44150  33.208  -18.266  39.854 0.3333329856
41982  33.144  -19.846  39.108 0.2222220004
43132  32.296  -19.634  38.576 0.2222220004
37914  32.632  -24.807  49.470 0.6666669846
37915  31.921  -25.025  49.189 0.6666669846
37916  31.019  -25.117  48.989 0.5555559993
37925  31.650  -24.713  48.369 0.6666669846
37926  30.609  -24.826  48.168 0.4444440007
37927  29.875  -24.968  47.682 0.4444440007
37948  31.083  -24.188  46.764 0.4444440007
37015  29.146  -25.173  47.742 0.4444440007
130547  29.507  -24.710  46.109 0.4444440007
37950  29.512  -24.921  46.937 0.4444440007
37960  30.082  -24.440  45.470 0.4444440007
37951  28.658  -24.796  46.331 0.3333329856
38930  30.386  -24.083  44.643 0.2222220004
37961  29.033  -24.585  45.452 0.2222220004
37973  29.454  -24.274  44.683 0.2222220004
39890  24.364  -22.000  47.228 0.2222220004
37974  28.491  -24.413  44.688 0.2222220004
38944  29.333  -23.683  43.162 0.2222220004
38931  28.903  -24.074  43.932 0.2222220004
38961  28.816  -23.294  42.325 0.2222220004
122737  31.295  -25.406  49.802 0.7777780294
37008  30.264  -25.154  48.845 0.6666669846
37009  29.730  -25.113  48.350 0.5555559993
113589  28.714  -25.014  47.172 0.3333329856
37940  28.223  -25.121  47.900 0.4444440007
116930  28.053  -24.804  47.000 0.3333329856
37941  27.477  -24.679  47.592 0.3333329856
120629  27.414  -24.418  46.807 0.2222220004
37952  27.799  -24.607  46.221 0.3333329856
37962  28.112  -24.618  45.474 0.2222220004
37963  27.302  -24.332  45.582 0.2222220004
40848  24.406  -21.650  46.359 0.2222220004
41878  23.862  -20.938  46.003 0.2222220004
37975  27.638  -24.344  44.717 0.2222220004
38919  27.010  -24.099  44.798 0.1111110002
40860  24.588  -21.302  45.573 0.2222220004
134280  27.769  -23.851  43.579 0.2222220004
38933  27.183  -23.857  43.968 0.2222220004
38934  26.655  -23.665  44.558 0.1111110002
38946  27.613  -23.479  43.163 0.2222220004
38947  26.913  -23.053  43.264 0.2222220004
37953  26.881  -23.941  46.389 0.2222220004
38895  26.446  -23.280  47.124 0.3333329856
38896  25.834  -22.678  46.914 0.2222220004
136431  27.339  -24.366  46.240 0.2222220004
39902  26.102  -22.932  45.538 0.1111110002
40859  25.103  -21.941  45.867 0.1111110002
38920  26.603  -23.663  45.397 0.1111110002
39914  26.211  -23.077  44.807 0.1111110002
118441  25.139  -21.671  45.225 0.2222220004
129203  26.445  -23.203  44.008 0.2222220004
39926  25.897  -22.473  44.262 0.1111110002
39935  26.242  -22.433  43.440 0.2222220004
39936  25.699  -21.705  43.683 0.2222220004
46122  41.234  -16.428  40.626 0.4444440007
49213  42.785  -13.921  40.758 0.5555559993
48162  42.471  -14.878  40.709 0.7777780294
49239  42.598  -13.376  40.036 0.5555559993
47122  42.134  -15.666  40.618 0.7777780294
47123  41.581  -15.950  40.220 0.4444440007
47124  40.881  -16.104  39.949 0.4444440007
48163  41.915  -15.251  40.002 0.3333329856
48174  42.256  -14.319  40.023 0.4444440007
48175  41.686  -14.709  39.286 0.3333329856
48189  41.560  -14.134  38.626 0.3333329856
49268  41.061  -14.207  37.946 0.3333329856
49238  43.145  -13.047  40.717 0.6666669846
50227  43.131  -12.450  39.924 0.4444440007
50250  42.465  -12.916  39.252 0.4444440007
50269  42.282  -12.545  38.466 0.4444440007
49253  42.081  -13.797  39.316 0.5555559993
51290  42.593  -11.720  38.208 0.3333329856
50286  42.045  -12.226  37.710 0.3333329856
50270  41.757  -13.004  37.949 0.2222220004
49267  41.513  -13.663  38.119 0.2222220004
51309  41.733  -11.983  37.122 0.3333329856
49280  41.197  -13.479  37.538 0.2222220004
50201  43.702  -12.724  41.289 0.7777780294
131937  43.546  -12.399  40.657 0.5555559993
51252  43.774  -11.806  40.281 0.5555559993
51272  42.855  -12.072  39.016 0.4444440007
51308  42.300  -11.343  37.341 0.2222220004
51232  44.530  -11.553  41.424 0.6666669846
51233  43.995  -11.999  41.028 0.5555559993
51271  43.435  -11.553  39.517 0.5555559993
122325  43.637  -10.695  39.197 0.4444440007
51289  43.097  -11.208  38.748 0.4444440007
52383  42.878  -10.899  37.977 0.2222220004
52397  42.755  -10.424  37.259 0.2222220004
51251  44.367  -11.344  40.663 0.6666669846
52351  43.976  -11.004  39.964 0.5555559993
52350  44.585  -10.549  40.378 0.4444440007
52382  43.382  -10.457  38.423 0.1111110002
52336  44.930  -10.894  41.064 0.7777780294
52349  45.210  -10.133  40.796 0.6666669846
122171  44.811  -9.695  40.072 0.6666669846
52366  44.172  -10.142  39.635 0.5555559993
53364  44.566  -9.274  39.125 0.3333329856
52335  45.416  -10.410  41.561 0.7777780294
53363  45.169  -8.894  39.770 0.6666669846
54479  45.707  -8.543  40.285 0.7777780294
54504  45.135  -8.440  38.910 0.6666669846
125157  44.672  -8.656  38.397 0.3333329856
55509  44.959  -7.782  38.061 0.4444440007
131332  44.347  -7.830  37.493 0.3333329856
55536  43.372  -7.540  36.662 0.1111110002
54489  45.533  -8.148  39.557 0.6666669846
54503  45.509  -7.651  38.835 0.5555559993
55508  45.491  -6.956  38.252 0.5555559993
55521  45.127  -6.909  37.737 0.3333329856
56498  43.928  -6.635  37.304 0.2222220004
55523  43.908  -7.381  37.163 0.2222220004
113973  44.738  -1.206  36.055 0.7777780294
61054  44.292  -1.124  36.791 0.7777780294
61072  43.993  -1.293  35.923 0.7777780294
115247  42.946  -1.711  35.227 0.7777780294
61074  42.102  -1.740  35.753 0.4444440007
61095  41.325  -1.922  35.141 0.3333329856
60151  40.658  -2.411  34.431 0.2222220004
56497  44.683  -6.420  37.591 0.3333329856
57484  43.915  -5.808  37.530 0.6666669846
57495  43.199  -6.118  36.987 0.3333329856
58417  43.159  -3.658  37.743 0.7777780294
58418  42.435  -3.652  37.180 0.5555559993
58430  41.495  -4.299  35.977 0.2222220004
119191  45.213  -1.121  36.529 0.8888890147
61040  43.358  -1.509  37.822 0.6666669846
60117  42.084  -2.228  37.428 0.5555559993
59263  41.724  -2.881  37.283 0.5555559993
59264  40.903  -2.928  37.014 0.2222220004
118478  43.080  -1.576  35.965 0.6666669846
61055  43.344  -1.359  36.921 0.6666669846
61041  42.618  -1.794  37.373 0.6666669846
61057  41.038  -2.079  36.689 0.5555559993
58409  43.795  -3.553  38.200 0.7777780294
58416  43.882  -4.688  37.893 0.7777780294
135917  43.324  -5.283  37.303 0.4444440007
63996  50.680  1.156  28.115 0.4444440007
63063  48.651  0.926  27.777 0.2222220004
64012  50.416  1.299  27.129 0.3333329856
64014  48.193  1.298  27.041 0.2222220004
126786  48.740  1.598  26.522 0.2222220004
124426  47.965  1.787  26.521 0.2222220004
64833  46.577  2.476  27.004 0.1111110002
66269  47.438  4.380  33.314 0.1111110002
65562  46.705  3.911  30.274 0.1111110002
64011  51.452  1.440  27.360 0.4444440007
64028  50.238  1.525  26.042 0.2222220004
64030  48.645  2.050  25.987 0.2222220004
65591  46.480  3.196  27.723 0.1111110002
66998  48.931  5.161  33.971 0.1111110002
65539  48.126  4.126  31.918 0.1111110002
115126  47.797  4.259  32.647 0.1111110002
65551  47.540  3.972  31.267 0.1111110002
65561  47.686  4.196  30.604 0.1111110002
65571  47.148  4.192  29.832 0.1111110002
65570  47.696  4.396  29.127 0.1111110002
64027  51.257  1.628  26.014 0.3333329856
64039  49.827  1.932  25.063 0.2222220004
64868  48.680  2.618  25.666 0.2222220004
65601  47.704  3.136  26.662 0.1111110002
65589  47.960  3.844  27.049 0.1111110002
64847  52.081  2.063  25.557 0.2222220004
64038  50.558  1.813  25.206 0.2222220004
132011  49.113  2.818  25.068 0.2222220004
65600  48.339  3.334  26.180 0.1111110002
65588  48.688  4.191  26.744 0.1111110002
64864  52.666  2.554  25.062 0.2222220004
64866  50.449  2.388  24.517 0.2222220004
65616  49.406  3.509  24.892 0.2222220004
65599  49.001  3.837  25.787 0.2222220004
64874  53.139  3.185  24.514 0.2222220004
64876  51.258  3.014  24.135 0.2222220004
64877  50.429  3.390  24.102 0.2222220004
64867  49.693  2.779  24.589 0.2222220004
64862  54.405  2.424  25.570 0.2222220004
36935  18.752  -25.054  54.036 0.5555559993
37880  19.411  -24.669  52.782 0.4444440007
37906  19.696  -24.320  50.395 0.4444440007
37924  32.698  -24.561  48.614 0.6666669846
39931  33.973  -22.415  43.622 0.4444440007
60116  42.803  -1.982  37.976 0.6666669846
64026  52.243  1.775  26.599 0.5555559993
64846  52.916  2.145  26.001 0.2222220004
131410  33.664  -18.747  40.471 0.3333329856
35948  9.731  -26.398  58.663 0.1111110002
36877  12.042  -25.835  57.449 0.1111110002
122652  13.858  -26.658  56.528 0.1111110002
36918  14.082  -25.822  55.754 0.1111110002
37835  15.076  -25.006  55.184 0.1111110002
37836  14.485  -25.105  55.672 0.1111110002
38820  16.433  -23.694  52.498 0.1111110002
36916  17.445  -25.790  55.516 0.5555559993
116412  17.956  -25.604  54.945 0.5555559993
37895  17.621  -24.265  51.383 0.1111110002
38835  17.070  -23.530  51.383 0.1111110002
39837  17.176  -22.856  50.913 0.1111110002
38854  17.658  -23.721  50.696 0.1111110002
37881  18.637  -24.672  52.312 0.4444440007
37907  18.886  -24.430  50.148 0.3333329856
38872  18.829  -23.594  49.304 0.1111110002
39850  18.330  -22.770  49.640 0.1111110002
39865  19.580  -22.425  48.714 0.2222220004
39866  18.926  -22.659  49.096 0.2222220004
40840  20.636  -20.958  47.761 0.1111110002
39947  33.221  -22.421  42.357 0.3333329856
136243  31.976  -23.332  43.380 0.3333329856
41856  22.566  -21.008  46.996 0.2222220004
41972  33.620  -20.058  39.915 0.3333329856
40957  31.949  -20.951  39.154 0.2222220004
37938  31.304  -24.382  47.573 0.4444440007
131170  33.137  -20.327  39.497 0.2222220004
37939  30.438  -24.669  47.246 0.4444440007
37949  30.269  -24.589  46.389 0.4444440007
38932  28.015  -24.141  43.985 0.2222220004
39904  25.096  -22.200  46.680 0.2222220004
38945  28.359  -23.727  43.240 0.2222220004
38962  28.091  -23.309  42.608 0.2222220004
37942  26.928  -24.034  47.377 0.3333329856
39954  26.710  -22.208  42.647 0.2222220004
38906  26.295  -23.124  46.246 0.1111110002
39903  25.680  -22.525  46.072 0.1111110002
39915  25.651  -22.338  45.190 0.1111110002
40874  25.408  -21.713  44.543 0.2222220004
40888  26.080  -21.573  42.866 0.1111110002
49266  41.937  -13.340  38.630 0.4444440007
55522  44.568  -7.173  37.475 0.2222220004
56509  43.472  -6.893  36.918 0.2222220004
61073  43.570  -1.587  35.296 0.6666669846
122774  41.623  -1.849  36.451 0.4444440007
61075  41.027  -1.855  36.074 0.3333329856
61056  42.419  -1.728  36.621 0.5555559993
59262  42.529  -2.738  37.712 0.5555559993
58428  42.981  -4.497  37.207 0.5555559993
58429  42.303  -4.409  36.515 0.4444440007
59273  41.651  -3.611  36.704 0.3333329856
61042  41.784  -1.983  36.975 0.5555559993
60118  41.270  -2.387  37.084 0.3333329856
60127  40.483  -2.287  36.384 0.1111110002
63997  49.650  1.062  27.778 0.3333329856
131047  48.951  1.218  27.159 0.2222220004
63051  49.128  0.736  28.624 0.3333329856
64013  49.550  1.378  26.731 0.3333329856
64015  47.352  1.468  26.998 0.1111110002
134360  50.848  1.413  26.645 0.4444440007
64029  49.325  1.781  25.848 0.2222220004
64848  47.945  2.455  26.283 0.2222220004
64031  47.232  2.032  26.674 0.2222220004
64823  46.008  2.668  27.547 0.1111110002
65540  47.269  3.943  31.938 0.1111110002
65552  46.617  3.764  31.038 0.1111110002
119322  47.132  4.000  30.644 0.1111110002
65581  46.888  3.893  28.563 0.1111110002
65590  47.156  3.403  27.289 0.1111110002
131312  48.630  5.215  34.769 0.1111110002
66268  48.191  4.699  33.435 0.1111110002
116175  47.810  4.427  29.949 0.1111110002
65572  46.449  3.775  29.516 0.1111110002
64040  49.175  2.237  25.245 0.2222220004
64849  47.293  2.644  26.726 0.1111110002
64865  51.257  2.099  24.900 0.2222220004
122337  51.919  2.509  24.696 0.2222220004
133130  48.880  3.197  25.455 0.2222220004
64875  52.204  3.167  24.212 0.2222220004
64863  53.508  2.540  25.374 0.2222220004
64878  49.947  3.709  24.208 0.1111110002
65631  51.079  3.884  23.769 0.2222220004
36889  34.365  -26.106  55.354 0.4444440007
35967  34.386  -26.876  55.290 0.4444440007
37814  36.783  -24.762  55.959 0.3333329856
36888  34.906  -25.649  55.587 0.4444440007
123629  35.069  -27.246  55.720 0.3333329856
34164  34.574  -27.905  55.330 0.2222220004
37842  35.945  -24.292  55.206 0.6666669846
37844  34.773  -24.869  55.227 0.6666669846
37840  37.925  -24.489  54.854 0.4444440007
37858  34.552  -24.494  53.897 0.7777780294
134650  33.797  -27.256  54.990 0.4444440007
35067  34.178  -27.542  55.215 0.3333329856
36924  34.040  -25.264  54.936 0.4444440007
34165  33.636  -28.169  55.122 0.3333329856
34182  34.002  -28.760  55.008 0.2222220004
118476  33.119  -27.366  54.639 0.3333329856
35968  33.763  -26.707  54.923 0.5555559993
36907  33.686  -25.952  54.941 0.5555559993
35989  33.020  -26.780  54.431 0.5555559993
131710  33.642  -25.067  54.467 0.5555559993
36926  32.592  -25.780  54.138 0.5555559993
119227  33.012  -25.162  54.122 0.5555559993
35971  29.678  -26.912  55.533 0.3333329856
35972  29.340  -26.472  56.942 0.3333329856
36869  29.214  -25.848  57.403 0.3333329856
113917  28.030  -24.661  57.418 0.3333329856
37798  27.492  -23.899  57.926 0.3333329856
37791  27.007  -23.367  58.662 0.3333329856
39742  25.644  -22.785  59.153 0.3333329856
35991  31.147  -27.354  54.043 0.4444440007
35970  30.525  -27.607  54.430 0.4444440007
36909  29.680  -26.479  55.373 0.3333329856
36890  29.413  -25.947  56.435 0.3333329856
35990  32.179  -26.882  54.129 0.4444440007
132209  30.548  -27.100  53.845 0.4444440007
36006  32.102  -26.463  54.015 0.5555559993
35082  31.701  -27.033  54.033 0.5555559993
36007  31.252  -26.958  53.730 0.5555559993
36945  32.462  -25.600  53.622 0.6666669846
37804  28.363  -24.313  57.184 0.3333329856
37797  27.961  -24.016  57.564 0.3333329856
38740  27.422  -23.216  58.235 0.3333329856
38733  26.439  -23.102  59.056 0.3333329856
37803  29.074  -25.131  56.994 0.3333329856
38741  27.020  -22.982  58.792 0.3333329856
36927  29.850  -26.635  54.503 0.4444440007
37817  29.208  -25.224  56.144 0.4444440007
38747  27.810  -23.460  57.584 0.3333329856
126621  27.180  -22.778  57.902 0.4444440007
39760  26.613  -22.770  58.561 0.3333329856
36008  30.366  -26.876  53.677 0.6666669846
36928  29.489  -25.797  54.608 0.5555559993
36910  29.508  -25.879  55.476 0.5555559993
37831  28.798  -24.672  55.543 0.5555559993
135970  26.993  -22.679  57.032 0.4444440007
116729  26.357  -22.679  57.505 0.3333329856
36946  31.831  -26.051  52.971 0.6666669846
36020  31.953  -26.270  53.688 0.6666669846
36911  29.248  -25.306  55.308 0.6666669846
36021  31.111  -26.610  53.288 0.6666669846
36032  31.058  -26.255  52.781 0.6666669846
36009  29.748  -26.376  53.781 0.6666669846
36929  28.925  -25.040  54.532 0.6666669846
38788  28.256  -24.229  54.847 0.5555559993
37860  28.267  -24.597  53.925 0.6666669846
129553  27.722  -23.805  54.181 0.6666669846
36023  29.720  -26.036  53.124 0.6666669846
36948  28.718  -25.227  53.631 0.6666669846
36947  28.896  -25.721  52.858 0.6666669846
38801  27.275  -23.274  53.500 0.5555559993
43940  43.995  -18.581  55.594 0.1111110002
42891  42.899  -19.562  55.742 0.2222220004
42892  42.416  -19.571  55.747 0.3333329856
43943  41.809  -18.643  55.427 0.2222220004
42912  41.700  -19.351  55.614 0.3333329856
43939  44.374  -18.549  55.408 0.1111110002
44935  44.091  -18.174  55.552 0.1111110002
43941  43.349  -18.504  55.677 0.1111110002
43942  42.696  -18.535  55.646 0.2222220004
44947  42.702  -17.547  54.950 0.2222220004
124430  44.697  -17.329  55.012 0.1111110002
44934  44.614  -17.969  55.273 0.1111110002
44936  43.803  -18.022  55.610 0.1111110002
124136  44.282  -17.627  55.235 0.2222220004
45963  44.027  -17.522  55.286 0.2222220004
44937  43.235  -17.875  55.511 0.2222220004
45964  43.631  -17.267  54.933 0.2222220004
44946  43.251  -17.348  54.045 0.2222220004
46965  45.356  -15.552  54.458 0.2222220004
46966  44.775  -15.883  54.441 0.2222220004
45970  44.363  -16.777  54.744 0.2222220004
50091  45.926  -12.835  52.002 0.3333329856
54368  48.234  -8.501  47.473 0.6666669846
55377  48.515  -7.748  47.177 0.5555559993
54383  48.139  -8.243  46.763 0.7777780294
54398  48.366  -8.211  45.716 0.6666669846
53381  44.192  -9.225  38.235 0.1111110002
54515  44.332  -8.491  37.778 0.1111110002
60150  41.670  -2.127  34.102 0.2222220004
60204  44.090  -1.945  30.351 0.2222220004
61147  45.365  -1.353  30.723 0.2222220004
136473  44.719  -1.577  30.385 0.2222220004
129749  45.077  -1.149  29.909 0.1111110002
61159  44.296  -1.402  29.730 0.1111110002
63034  49.512  0.554  29.469 0.3333329856
61158  45.492  -0.683  29.329 0.1111110002
38734  25.530  -23.276  59.327 0.2222220004
39751  26.552  -22.866  58.911 0.3333329856
37859  33.656  -24.730  54.003 0.5555559993
124016  32.340  -25.532  52.714 0.6666669846
38787  38.885  -24.347  54.843 0.4444440007
55389  48.474  -7.466  46.462 0.6666669846
61094  42.378  -1.849  34.733 0.4444440007
37829  36.335  -24.528  55.539 0.5555559993
37843  35.116  -24.429  54.837 0.6666669846
126661  34.972  -26.329  55.704 0.4444440007
37815  35.967  -24.889  55.684 0.3333329856
36906  34.510  -25.440  55.338 0.4444440007
37816  35.185  -25.095  55.553 0.5555559993
36887  35.569  -25.600  55.830 0.4444440007
34163  35.394  -27.672  55.619 0.2222220004
37830  35.547  -24.622  55.399 0.6666669846
37845  34.276  -24.782  54.625 0.4444440007
36925  33.309  -25.553  54.525 0.5555559993
36908  32.823  -26.162  54.379 0.5555559993
36870  28.622  -25.133  57.281 0.3333329856
36859  28.390  -25.645  57.529 0.3333329856
37792  26.300  -23.655  58.972 0.3333329856
35992  30.094  -27.189  54.558 0.4444440007
38748  27.508  -22.992  58.035 0.3333329856
39759  27.171  -22.937  58.575 0.3333329856
43930  43.275  -18.992  55.677 0.1111110002
62052  45.891  -0.931  30.169 0.1111110002
121486  43.717  -0.910  29.173 0.1111110002
32269  10.484  -30.201  56.984 0.2222220004
37001  29.594  -25.250  49.116 0.5555559993
132348  40.493  -16.379  40.478 0.4444440007
47136  41.190  -15.523  39.394 0.2222220004
132617  40.459  -15.727  39.397 0.2222220004
47125  39.878  -16.028  39.986 0.2222220004
46124  38.859  -16.340  40.442 0.2222220004
48176  41.073  -14.858  38.584 0.2222220004
47137  40.460  -15.291  38.743 0.2222220004
47138  39.636  -15.573  39.065 0.2222220004
47139  38.612  -15.636  38.973 0.2222220004
48190  40.290  -14.688  37.865 0.2222220004
35969  31.945  -27.503  54.323 0.3333329856
52258  47.506  -10.477  47.714 0.6666669846
132106  47.697  -9.647  47.585 0.6666669846
57496  42.516  -6.016  36.179 0.1111110002
66375  67.151  3.874  19.073 0.3333329856
66373  64.619  3.919  20.468 0.3333329856
65669  66.614  3.581  19.699 0.3333329856
66372  65.232  3.894  20.158 0.2222220004
66371  66.092  4.187  20.039 0.2222220004
66370  66.802  4.666  19.660 0.2222220004
36838  20.586  -24.417  60.435 0.1111110002
46126  36.903  -16.606  40.390 0.3333329856
52235  47.620  -10.287  49.406 0.5555559993
53265  47.993  -9.090  47.902 0.6666669846
54516  43.758  -8.230  37.110 0.1111110002
114020  42.745  -5.220  36.650 0.2222220004
58441  42.109  -5.110  35.817 0.2222220004
47156  39.727  -15.127  38.353 0.2222220004
47126  39.031  -15.871  39.654 0.2222220004
53254  48.224  -9.179  48.691 0.6666669846
42911  43.556  -19.566  55.623 0.1111110002
41739  44.104  -19.875  55.406 0.1111110002
41724  43.080  -20.146  55.751 0.1111110002
45141  35.361  -17.238  41.438 0.3333329856
129691  36.149  -16.649  40.364 0.2222220004
53242  48.339  -9.214  49.527 0.3333329856
53266  47.753  -9.718  48.288 0.5555559993
54350  48.547  -8.679  48.222 0.5555559993
116707  48.742  -8.243  47.734 0.4444440007
55376  48.905  -7.449  47.475 0.4444440007
46110  36.281  -16.900  41.188 0.3333329856
41741  41.769  -19.955  55.728 0.2222220004
58282  54.646  -4.432  47.474 0.1111110002
53243  47.856  -9.742  49.075 0.5555559993
41758  44.650  -20.322  55.021 0.1111110002
41740  43.489  -20.258  55.633 0.1111110002
40751  44.007  -20.655  55.307 0.1111110002
54332  48.748  -8.613  49.151 0.4444440007
30525  16.746  -32.223  59.970 0.1111110002
30526  15.959  -32.288  60.275 0.1111110002
30519  16.680  -31.720  60.507 0.1111110002
30535  16.042  -31.950  59.236 0.1111110002
30543  15.255  -31.899  58.673 0.1111110002
31401  16.190  -31.764  58.158 0.1111110002
117591  15.081  -32.466  59.775 0.1111110002
30537  13.599  -33.438  58.568 0.1111110002
30544  14.479  -32.289  58.079 0.1111110002
30551  14.656  -32.291  56.724 0.1111110002
30515  16.449  -31.312  60.864 0.1111110002
30520  15.923  -31.850  60.705 0.1111110002
30527  14.167  -32.676  59.566 0.1111110002
29672  12.869  -33.352  59.274 0.1111110002
29676  12.962  -33.765  58.737 0.1111110002
33240  9.450  -29.411  56.637 0.1111110002
32276  10.596  -30.248  56.123 0.1111110002
29682  12.390  -33.860  57.905 0.1111110002
30552  13.577  -33.092  56.389 0.1111110002
29683  11.622  -33.356  58.198 0.1111110002
31439  11.003  -31.214  54.722 0.1111110002
32290  10.749  -30.409  55.066 0.1111110002
33253  10.029  -29.476  55.575 0.1111110002
29686  12.683  -33.352  56.226 0.1111110002
33233  8.503  -29.183  57.315 0.2222220004
33241  8.275  -29.096  56.675 0.1111110002
30546  11.057  -32.964  57.526 0.1111110002
30547  10.862  -32.468  56.838 0.1111110002
31428  11.232  -31.797  55.464 0.1111110002
31429  10.942  -31.270  55.674 0.1111110002
134007  8.921  -29.180  56.174 0.1111110002
30564  13.206  -32.731  55.632 0.1111110002
31438  12.068  -31.499  54.234 0.1111110002
30578  11.550  -31.443  54.689 0.1111110002
31448  12.791  -31.263  53.944 0.1111110002
31460  11.981  -31.029  53.580 0.1111110002
31449  11.352  -31.110  53.844 0.1111110002
133800  8.101  -29.080  57.170 0.1111110002
34173  8.045  -28.911  56.993 0.1111110002
30565  12.402  -32.664  55.572 0.1111110002
30576  12.795  -32.245  55.127 0.1111110002
33254  8.853  -29.023  55.834 0.1111110002
34187  8.346  -28.547  56.207 0.1111110002
122496  13.586  -31.328  54.436 0.1111110002
32312  13.590  -30.629  53.726 0.1111110002
32326  13.151  -29.961  53.015 0.1111110002
35076  8.213  -28.047  56.620 0.1111110002
41827  18.983  -20.517  48.683 0.1111110002
45143  34.251  -17.714  41.207 0.2222220004
46127  35.431  -16.832  40.695 0.1111110002
45156  34.582  -17.130  40.902 0.1111110002
38774  38.384  -24.504  55.736 0.2222220004
46139  37.321  -16.319  39.596 0.1111110002
46141  35.610  -16.510  39.836 0.1111110002
126865  34.736  -16.691  40.080 0.1111110002
45157  33.936  -17.327  40.472 0.1111110002
44138  33.710  -17.958  40.642 0.2222220004
124010  36.640  -26.738  56.045 0.2222220004
35066  35.948  -27.302  55.994 0.2222220004
121728  37.181  -25.061  56.329 0.2222220004
133562  36.287  -26.022  56.011 0.2222220004
47141  36.799  -16.116  38.823 0.1111110002
44151  33.202  -17.473  39.803 0.1111110002
41914  25.218  -20.912  43.961 0.1111110002
41915  24.660  -20.085  44.259 0.1111110002
43053  24.364  -19.061  44.235 0.1111110002
46138  38.200  -16.063  39.666 0.1111110002
47140  37.680  -15.866  38.854 0.1111110002
48191  39.060  -14.772  37.664 0.1111110002
47178  38.100  -14.819  37.219 0.1111110002
46129  32.408  -16.910  38.742 0.1111110002
118097  28.184  -22.949  42.042 0.1111110002
39953  27.493  -22.790  42.417 0.1111110002
44162  31.572  -18.608  38.670 0.1111110002
40914  31.367  -22.081  40.502 0.1111110002
39950  30.357  -22.759  41.845 0.1111110002
39951  29.413  -22.863  41.638 0.1111110002
42003  31.711  -20.086  38.410 0.1111110002
129389  31.492  -20.605  38.678 0.1111110002
39970  29.164  -22.472  40.934 0.1111110002
39952  28.640  -22.759  41.504 0.1111110002
40899  27.207  -21.888  41.857 0.1111110002
43133  31.219  -19.447  38.517 0.1111110002
48165  30.414  -13.612  39.869 0.1111110002
47146  30.247  -15.425  38.467 0.1111110002
131492  30.276  -16.898  38.127 0.1111110002
44163  30.532  -18.491  38.666 0.1111110002
41985  30.719  -20.723  38.846 0.1111110002
40936  30.199  -21.578  39.870 0.1111110002
49281  40.497  -13.929  37.218 0.1111110002
40937  29.490  -21.398  40.224 0.1111110002
39971  28.504  -22.190  40.977 0.1111110002
47128  29.701  -15.581  40.075 0.1111110002
135892  29.802  -15.202  39.264 0.1111110002
45171  30.057  -17.454  38.607 0.1111110002
44164  30.023  -18.334  39.079 0.1111110002
43135  30.022  -20.126  39.388 0.1111110002
41973  29.644  -20.680  40.073 0.1111110002
49297  40.000  -13.557  36.352 0.1111110002
50287  41.451  -12.689  37.284 0.1111110002
50302  40.270  -12.753  35.998 0.1111110002
50318  39.743  -12.266  35.307 0.1111110002
51324  41.608  -11.372  36.700 0.1111110002
51111  46.703  -11.914  51.157 0.3333329856
51110  47.273  -11.311  51.580 0.3333329856
52178  47.816  -10.599  52.457 0.1111110002
52200  47.639  -10.554  51.150 0.3333329856
52199  48.226  -9.781  51.753 0.1111110002
52234  47.918  -9.805  49.833 0.1111110002
53229  48.579  -9.173  51.061 0.2222220004
121979  48.338  -9.335  50.242 0.1111110002
54301  49.293  -8.503  51.455 0.2222220004
54315  48.898  -8.608  50.252 0.2222220004
54314  49.765  -7.975  50.797 0.2222220004
54331  49.424  -8.137  49.651 0.2222220004
61927  54.487  0.179  37.891 0.1111110002
54330  50.956  -8.370  49.133 0.2222220004
54349  49.241  -8.263  48.532 0.3333329856
54367  49.720  -8.183  47.824 0.3333329856
54348  50.365  -8.457  48.256 0.3333329856
54366  50.844  -8.286  47.730 0.1111110002
55375  50.100  -7.785  47.553 0.3333329856
132234  53.027  -7.653  46.843 0.1111110002
54365  52.503  -8.025  47.227 0.1111110002
55374  51.378  -7.861  47.298 0.3333329856
56354  49.441  -6.369  47.440 0.3333329856
57356  49.655  -5.227  47.570 0.3333329856
119284  51.544  -6.789  47.427 0.3333329856
62927  53.333  0.030  36.024 0.1111110002
62944  58.792  -0.132  36.461 0.2222220004
62963  58.191  0.596  35.722 0.3333329856
131278  59.467  -0.863  36.363 0.2222220004
63892  59.376  0.958  36.296 0.2222220004
62962  61.389  0.450  35.422 0.1111110002
62924  61.186  1.529  37.012 0.2222220004
114548  60.494  1.549  36.749 0.2222220004
63903  59.813  1.580  35.852 0.2222220004
62942  60.847  0.631  36.669 0.2222220004
63902  61.018  2.172  36.096 0.2222220004
33234  8.298  -28.896  57.747 0.2222220004
30529  12.188  -32.965  59.305 0.1111110002
30554  11.250  -32.493  56.165 0.1111110002
30553  11.334  -33.195  56.790 0.1111110002
37828  37.248  -24.536  55.721 0.2222220004
131777  34.770  -17.545  41.548 0.2222220004
52217  47.576  -10.491  50.131 0.4444440007
62947  54.759  1.089  35.097 0.1111110002
61973  57.160  -1.519  35.988 0.2222220004
62961  62.428  1.098  35.284 0.2222220004
62941  61.884  1.323  36.385 0.2222220004
63890  61.834  1.892  36.512 0.2222220004
31405  10.823  -32.121  57.531 0.1111110002
39996  30.488  -22.133  40.389 0.1111110002
40958  31.221  -21.168  39.156 0.1111110002
43117  33.483  -19.330  39.740 0.2222220004
44161  32.815  -18.976  39.003 0.1111110002
41879  23.085  -20.535  46.414 0.1111110002
40875  24.904  -21.013  44.829 0.1111110002
50301  41.000  -12.156  36.616 0.1111110002
50288  40.740  -13.119  36.838 0.1111110002
52381  43.885  -9.904  38.803 0.1111110002
36886  36.428  -25.259  56.065 0.2222220004
124009  35.702  -26.566  56.033 0.2222220004
30539  11.238  -32.551  58.268 0.1111110002
47157  39.028  -15.242  38.461 0.1111110002
47158  38.114  -15.266  38.094 0.1111110002
46140  36.469  -16.438  39.646 0.1111110002
30550  15.610  -31.736  57.490 0.1111110002
30536  14.258  -32.896  59.144 0.1111110002
29671  13.540  -33.381  59.162 0.1111110002
132215  13.104  -33.774  58.010 0.1111110002
30545  13.716  -33.178  57.458 0.1111110002
29677  12.241  -33.517  58.889 0.1111110002
29688  11.659  -33.553  57.405 0.1111110002
30538  11.691  -33.036  58.915 0.1111110002
29687  12.087  -33.766  56.852 0.1111110002
121897  11.848  -33.091  56.156 0.1111110002
30563  14.101  -32.349  55.718 0.1111110002
31427  13.437  -31.980  55.097 0.1111110002
30577  12.220  -31.972  54.938 0.1111110002
32313  12.612  -30.561  53.395 0.1111110002
32314  11.306  -30.675  53.169 0.1111110002
135244  11.897  -30.559  53.088 0.1111110002
30566  11.721  -32.248  55.499 0.1111110002
31437  12.797  -31.768  54.594 0.1111110002
132753  34.084  -16.896  40.203 0.1111110002
123355  36.698  -27.421  56.027 0.2222220004
124012  36.925  -25.852  56.044 0.2222220004
46128  33.397  -16.862  39.667 0.1111110002
135560  24.299  -19.703  44.725 0.1111110002
41928  25.055  -20.006  43.236 0.1111110002
47159  37.086  -15.712  37.998 0.1111110002
47179  37.289  -15.172  37.239 0.1111110002
45169  32.113  -17.745  38.961 0.1111110002
124955  31.161  -16.883  38.119 0.1111110002
39972  27.922  -22.418  41.554 0.1111110002
45170  30.781  -17.654  38.428 0.1111110002
129701  30.929  -21.705  39.748 0.1111110002
39969  29.963  -22.542  40.979 0.1111110002
43134  30.420  -19.460  38.883 0.1111110002
39998  29.060  -21.988  40.602 0.1111110002
40916  27.862  -21.514  41.232 0.1111110002
47127  30.083  -14.550  39.207 0.1111110002
48204  39.644  -14.230  36.877 0.1111110002
48178  31.003  -14.412  38.470 0.1111110002
46144  31.354  -15.964  37.626 0.1111110002
46146  29.790  -16.314  38.787 0.1111110002
46145  30.410  -16.251  37.971 0.1111110002
41986  30.114  -20.869  39.382 0.1111110002
118714  30.420  -20.286  38.899 0.1111110002
39997  29.692  -22.093  40.425 0.1111110002
40915  28.675  -21.520  40.684 0.1111110002
131536  29.023  -20.996  40.468 0.1111110002
46130  29.576  -16.538  40.076 0.1111110002
45158  29.660  -17.392  39.313 0.1111110002
43118  30.017  -19.268  39.678 0.1111110002
43119  29.782  -19.956  40.289 0.1111110002
50303  39.542  -13.110  35.582 0.1111110002
50319  39.007  -12.490  35.079 0.1111110002
133365  40.960  -11.386  36.227 0.1111110002
53217  48.824  -8.976  52.174 0.1111110002
62943  60.100  0.717  36.928 0.2222220004
61970  59.562  -0.232  36.665 0.2222220004
61971  58.756  -1.024  36.439 0.2222220004
61953  60.198  0.409  36.851 0.2222220004
61969  60.066  -0.311  36.531 0.2222220004
60136  40.426  -2.249  35.587 0.1111110002
63036  47.737  0.133  29.050 0.2222220004
63050  50.056  0.868  28.801 0.2222220004
63052  48.205  0.559  28.429 0.2222220004
66366  64.111  4.428  20.847 0.2222220004
63165  67.953  -0.224  18.008 0.2222220004
64915  68.135  3.099  17.937 0.3333329856
62180  67.570  -1.038  19.585 0.1111110002
62198  67.768  -0.633  18.779 0.2222220004
62139  66.893  -0.916  23.535 0.2222220004
63037  46.827  -0.095  28.818 0.1111110002
63053  47.255  0.398  28.149 0.1111110002
118735  39.546  -26.314  56.144 0.1111110002
35964  38.804  -26.287  56.114 0.1111110002
35080  39.542  -27.569  55.502 0.1111110002
35081  38.772  -27.629  56.007 0.1111110002
34192  38.541  -27.728  54.694 0.1111110002
35965  37.987  -26.344  56.073 0.1111110002
119970  38.448  -27.104  56.132 0.1111110002
121285  38.024  -27.484  56.028 0.1111110002
34208  37.958  -27.688  54.109 0.1111110002
35111  37.776  -27.481  52.642 0.1111110002
133040  38.172  -27.318  52.030 0.1111110002
36044  38.032  -27.183  51.244 0.1111110002
124011  37.457  -27.076  56.024 0.1111110002
35101  37.255  -27.741  53.387 0.1111110002
114808  36.474  -28.097  53.027 0.1111110002
35123  37.461  -27.524  51.859 0.1111110002
34222  36.182  -28.440  52.267 0.1111110002
38770  42.187  -23.314  55.406 0.1111110002
38758  40.558  -23.912  55.620 0.1111110002
37810  40.080  -24.386  56.060 0.1111110002
39771  42.022  -21.828  55.562 0.1111110002
39772  41.399  -22.169  55.369 0.1111110002
38757  41.087  -23.211  55.472 0.1111110002
118989  39.779  -24.146  55.786 0.1111110002
40754  41.341  -21.117  55.479 0.1111110002
39773  40.632  -23.357  55.324 0.1111110002
32279  32.983  -30.496  55.013 0.1111110002
38773  39.289  -24.248  55.566 0.1111110002
31415  33.242  -30.794  54.418 0.1111110002
32292  34.062  -30.380  53.998 0.1111110002
36885  37.859  -24.923  56.478 0.1111110002
34180  35.597  -27.948  55.108 0.1111110002
32291  34.555  -29.888  53.801 0.1111110002
33242  35.767  -28.204  54.463 0.1111110002
33258  35.038  -29.000  53.924 0.1111110002
33272  34.738  -29.889  53.465 0.1111110002
34194  36.689  -27.871  54.657 0.1111110002
34209  36.475  -28.207  53.626 0.1111110002
34223  35.452  -29.037  52.488 0.1111110002
33303  34.487  -29.512  51.710 0.1111110002
40753  42.998  -21.369  55.635 0.1111110002
119754  41.877  -20.419  55.747 0.1111110002
33246  32.636  -29.763  55.050 0.2222220004
31416  32.683  -31.419  55.031 0.1111110002
36853  23.724  -24.809  59.752 0.1111110002
36852  24.372  -24.994  59.020 0.1111110002
33247  31.675  -29.716  55.109 0.2222220004
32280  32.152  -30.554  55.026 0.2222220004
37794  24.574  -24.359  59.605 0.1111110002
34184  32.079  -28.995  55.050 0.2222220004
34166  32.640  -28.354  55.045 0.2222220004
34183  33.111  -28.964  55.055 0.2222220004
33235  30.993  -28.970  55.426 0.1111110002
45962  44.506  -17.171  54.939 0.1111110002
34167  31.561  -28.483  54.953 0.2222220004
37793  25.331  -23.946  59.168 0.1111110002
34168  30.544  -28.318  54.991 0.2222220004
35950  27.048  -25.937  57.138 0.1111110002
35068  33.301  -27.773  54.994 0.2222220004
130882  30.123  -28.627  55.329 0.1111110002
33237  29.218  -29.364  55.595 0.1111110002
33238  28.512  -29.428  55.657 0.1111110002
34171  27.760  -28.159  56.433 0.1111110002
35083  27.325  -27.479  55.659 0.1111110002
47999  45.696  -14.467  53.669 0.1111110002
47985  45.226  -15.173  54.027 0.1111110002
49079  46.076  -12.963  53.022 0.1111110002
37783  24.794  -23.600  59.959 0.1111110002
37800  25.998  -24.240  58.541 0.1111110002
36861  26.592  -24.692  57.739 0.1111110002
35939  27.219  -25.592  57.408 0.1111110002
36871  26.349  -25.133  57.308 0.1111110002
35069  32.308  -27.992  54.742 0.2222220004
35973  27.422  -26.879  56.973 0.1111110002
35070  31.073  -28.060  54.515 0.2222220004
119687  29.547  -28.035  55.316 0.1111110002
34158  28.724  -27.749  56.217 0.2222220004
128690  28.049  -27.877  56.741 0.2222220004
35073  27.794  -27.519  57.132 0.1111110002
35071  29.940  -27.776  55.122 0.2222220004
35072  29.276  -27.233  55.964 0.2222220004
35054  28.982  -27.004  57.192 0.2222220004
49054  45.898  -13.693  53.380 0.1111110002
50075  46.484  -12.385  52.549 0.1111110002
50090  46.405  -12.318  51.712 0.2222220004
36860  27.505  -24.893  57.477 0.1111110002
35938  27.976  -26.131  57.664 0.1111110002
36858  28.956  -25.987  57.690 0.2222220004
51094  46.889  -11.875  52.033 0.1111110002
51093  47.044  -11.865  52.995 0.1111110002
37799  26.868  -24.020  58.262 0.1111110002
35937  28.646  -26.441  57.843 0.1111110002
60207  41.573  -2.075  30.323 0.1111110002
61150  41.444  -1.466  29.823 0.1111110002
62054  40.306  -0.680  30.191 0.1111110002
61148  43.423  -1.622  29.687 0.1111110002
61161  41.863  -0.972  29.442 0.1111110002
61162  41.022  -0.891  29.712 0.1111110002
63023  40.460  0.260  30.581 0.1111110002
61160  42.785  -1.003  29.247 0.1111110002
62053  40.863  -0.113  29.990 0.1111110002
65614  55.133  2.752  24.785 0.1111110002
65615  54.089  3.014  24.676 0.1111110002
117529  51.780  3.743  23.806 0.1111110002
65628  54.627  3.601  23.941 0.1111110002
65629  53.697  3.811  23.933 0.1111110002
65630  52.683  3.967  23.767 0.1111110002
65651  54.195  4.451  23.410 0.1111110002
65652  53.450  4.491  23.576 0.1111110002
65649  56.052  4.205  23.686 0.1111110002
65650  55.065  4.360  23.305 0.1111110002
66342  51.961  4.351  23.682 0.1111110002
65626  56.470  3.380  24.163 0.1111110002
66357  54.609  5.024  23.056 0.1111110002
119541  56.738  4.759  23.203 0.1111110002
66356  55.543  5.090  23.167 0.1111110002
66355  57.683  4.793  22.750 0.1111110002
64108  68.610  1.857  16.233 0.2222220004
67083  62.357  5.907  21.213 0.1111110002
67855  61.928  6.875  21.167 0.1111110002
64096  69.276  1.826  16.370 0.2222220004
116321  68.342  2.925  17.228 0.2222220004
67088  64.868  4.733  20.584 0.1111110002
67081  64.288  5.525  21.145 0.1111110002
67082  63.223  5.747  21.397 0.1111110002
65701  68.484  3.032  16.219 0.2222220004
65703  68.191  3.621  17.322 0.2222220004
65671  67.694  3.536  18.437 0.2222220004
65725  68.789  3.127  15.138 0.2222220004
66405  68.425  3.702  16.300 0.2222220004
65678  67.965  4.026  17.758 0.2222220004
66420  68.759  3.749  15.082 0.2222220004
67087  65.747  4.831  20.498 0.1111110002
67854  62.856  6.724  21.654 0.1111110002
67853  63.875  6.364  21.774 0.1111110002
110490  68.285  3.814  16.795 0.2222220004
67080  65.448  5.529  21.057 0.1111110002
66421  68.513  4.152  15.705 0.2222220004
66381  67.998  4.540  17.044 0.1111110002
66382  67.814  4.734  17.586 0.1111110002
120697  67.334  4.962  18.809 0.1111110002
67086  66.359  5.091  20.331 0.1111110002
67079  66.234  5.547  21.046 0.1111110002
67852  65.010  6.340  21.635 0.1111110002
126581  68.437  4.908  15.386 0.2222220004
67106  67.832  5.346  16.469 0.1111110002
120788  67.652  5.292  17.946 0.1111110002
67090  67.186  5.532  19.349 0.1111110002
67085  66.919  5.573  20.111 0.1111110002
67851  66.102  6.034  21.781 0.1111110002
67107  67.263  5.904  16.675 0.1111110002
67091  67.415  6.093  18.362 0.1111110002
67078  66.669  5.690  20.807 0.1111110002
115878  67.321  6.108  17.403 0.1111110002
67849  67.085  6.207  20.615 0.1111110002
67865  66.920  6.493  17.033 0.1111110002
67861  67.316  7.135  17.554 0.1111110002
134273  64.417  7.269  15.406 0.1111110002
135309  67.463  7.117  18.262 0.1111110002
126043  67.274  6.435  19.408 0.1111110002
67876  67.051  6.289  16.191 0.1111110002
67850  66.648  6.178  21.486 0.1111110002
68719  67.003  7.310  15.185 0.1111110002
117437  67.136  7.453  17.516 0.1111110002
124119  67.295  7.840  17.756 0.1111110002
68695  67.285  7.184  19.941 0.1111110002
120386  67.076  6.951  21.091 0.1111110002
67877  66.724  6.466  16.400 0.1111110002
67094  66.837  6.441  17.113 0.1111110002
67858  67.408  7.561  18.679 0.1111110002
67866  65.742  5.953  17.533 0.1111110002
67879  65.146  6.135  17.283 0.1111110002
126727  63.511  7.288  15.944 0.1111110002
67839  66.234  6.729  22.227 0.1111110002
124760  67.254  8.357  17.970 0.1111110002
68697  67.377  8.296  19.047 0.1111110002
124341  67.225  7.929  20.489 0.1111110002
67838  66.656  7.096  21.914 0.1111110002
67862  66.674  7.418  17.719 0.1111110002
68706  67.061  8.288  17.848 0.1111110002
68703  65.746  7.293  18.882 0.1111110002
69548  67.053  8.887  17.899 0.1111110002
68711  64.182  6.576  17.683 0.1111110002
67859  64.814  6.685  18.996 0.1111110002
68712  63.398  7.142  16.964 0.1111110002
68704  63.233  7.365  18.864 0.1111110002
130625  67.192  8.878  18.101 0.1111110002
115471  66.819  9.256  18.110 0.1111110002
70439  64.985  8.783  19.741 0.1111110002
68699  63.915  7.382  19.250 0.1111110002
69549  62.458  7.769  18.557 0.1111110002
69552  62.613  7.690  17.391 0.1111110002
69542  67.176  8.909  19.936 0.1111110002
69544  67.251  9.260  18.673 0.1111110002
36884  38.400  -25.517  56.201 0.1111110002
36883  39.312  -25.424  56.289 0.1111110002
36882  40.149  -24.991  56.380 0.1111110002
35966  37.615  -25.665  56.157 0.1111110002
35064  40.149  -26.977  55.930 0.1111110002
134872  37.358  -26.366  56.089 0.1111110002
37811  39.431  -24.587  56.293 0.1111110002
34162  36.229  -27.741  55.896 0.1111110002
38759  38.901  -24.476  56.059 0.1111110002
34179  36.475  -27.795  55.372 0.1111110002
33244  34.250  -29.398  54.901 0.1111110002
32277  34.380  -29.724  54.180 0.1111110002
39785  40.971  -22.213  55.191 0.1111110002
40747  41.926  -21.080  55.701 0.1111110002
60205  43.264  -2.210  30.391 0.1111110002
64944  68.644  2.148  16.862 0.2222220004
133481  56.815  3.872  23.668 0.1111110002
63064  47.717  0.887  27.573 0.1111110002
35936  29.047  -26.426  57.712 0.2222220004
125499  42.448  -19.995  55.793 0.1111110002
34181  34.798  -28.364  55.037 0.1111110002
66377  67.631  4.407  18.274 0.1111110002
115369  38.061  -24.690  56.123 0.1111110002
37813  37.448  -24.761  56.141 0.1111110002
35065  39.201  -27.075  56.145 0.1111110002
34177  39.032  -27.822  55.182 0.1111110002
34207  38.883  -27.722  54.028 0.1111110002
34160  38.084  -27.694  55.451 0.1111110002
34193  37.615  -27.700  54.746 0.1111110002
35112  36.947  -27.815  52.466 0.1111110002
34161  37.172  -27.688  55.944 0.1111110002
113328  37.008  -27.911  54.120 0.1111110002
34210  35.821  -28.710  53.216 0.1111110002
35124  36.708  -27.918  51.561 0.1111110002
34230  36.101  -28.411  51.426 0.1111110002
38756  41.739  -22.745  55.464 0.1111110002
33245  33.504  -29.696  54.997 0.1111110002
32278  33.793  -30.322  54.463 0.1111110002
31414  33.590  -30.596  54.093 0.1111110002
33243  34.936  -28.725  54.468 0.1111110002
33257  35.975  -28.466  53.914 0.1111110002
33271  35.152  -29.239  53.599 0.1111110002
33286  35.191  -29.319  53.141 0.1111110002
33287  34.795  -29.655  52.599 0.1111110002
32332  34.074  -30.085  52.210 0.1111110002
34178  37.236  -27.714  55.358 0.1111110002
122096  35.600  -28.834  51.653 0.1111110002
36851  25.159  -24.642  58.829 0.1111110002
33236  30.061  -29.211  55.464 0.1111110002
34170  28.606  -28.634  55.882 0.1111110002
34169  29.328  -28.613  55.499 0.1111110002
34185  27.710  -28.828  55.744 0.1111110002
35056  28.174  -27.186  57.589 0.1111110002
117639  27.541  -27.612  56.513 0.1111110002
35949  27.773  -26.726  57.559 0.1111110002
35055  28.469  -27.282  57.310 0.2222220004
35046  28.302  -26.792  57.859 0.1111110002
35045  28.614  -26.868  57.799 0.2222220004
61151  40.655  -1.602  30.302 0.1111110002
61152  39.807  -1.259  30.778 0.1111110002
61149  42.363  -1.743  29.814 0.1111110002
66358  53.765  4.997  23.273 0.1111110002
127286  68.756  2.146  16.512 0.2222220004
115540  69.659  2.098  16.851 0.2222220004
64954  68.737  2.615  15.494 0.2222220004
111245  68.463  3.014  16.611 0.2222220004
65715  68.561  3.288  15.772 0.2222220004
65726  69.051  3.233  14.267 0.2222220004
67117  68.207  4.598  16.226 0.2222220004
128956  68.700  4.409  15.016 0.2222220004
67093  67.676  5.356  17.159 0.1111110002
67118  68.093  5.459  15.720 0.1111110002
67893  66.864  6.824  15.802 0.1111110002
67894  66.137  6.697  15.997 0.1111110002
67878  65.945  6.064  16.727 0.1111110002
67867  64.880  6.080  18.206 0.1111110002
68721  65.262  6.681  16.211 0.1111110002
114384  64.317  6.850  16.558 0.1111110002
68702  66.753  8.487  18.036 0.1111110002
67863  65.497  6.415  18.379 0.1111110002
119719  67.041  9.387  18.093 0.1111110002
68708  63.273  7.150  18.095 0.1111110002
68707  64.081  6.796  18.594 0.1111110002
68698  64.911  7.661  19.469 0.1111110002
37812  38.622  -24.758  56.445 0.1111110002
59274  40.741  -3.459  36.382 0.1111110002
52150  49.052  -10.327  54.370 0.1111110002
51076  50.224  -11.080  53.606 0.1111110002
51077  49.660  -11.577  53.793 0.1111110002
123033  48.931  -9.085  53.872 0.1111110002
50057  50.240  -11.908  53.090 0.1111110002
61066  58.036  -1.677  35.813 0.1111110002
61085  57.548  -2.072  35.520 0.1111110002
61103  58.169  -1.906  34.893 0.1111110002
52163  49.123  -9.496  54.193 0.1111110002
53171  50.923  -9.372  53.270 0.1111110002
125345  49.792  -9.427  53.910 0.1111110002
53173  49.586  -8.916  53.564 0.1111110002
54287  49.927  -8.379  52.936 0.1111110002
54288  49.512  -8.516  52.383 0.1111110002
62006  55.661  -1.081  34.944 0.1111110002
61991  59.001  -1.291  35.433 0.1111110002
129467  50.535  -8.157  52.674 0.1111110002
54286  51.032  -8.366  52.742 0.1111110002
54276  50.364  -8.503  53.156 0.1111110002
54300  50.164  -8.009  52.054 0.1111110002
120892  49.974  -8.181  49.126 0.1111110002
61972  57.900  -1.215  36.067 0.1111110002
61990  59.945  -0.793  35.633 0.1111110002
62004  59.742  -0.808  34.177 0.1111110002
54299  51.064  -7.848  52.191 0.1111110002
117871  50.762  -7.689  51.211 0.1111110002
54313  51.488  -7.776  50.393 0.1111110002
116716  50.327  -7.839  50.062 0.1111110002
61989  60.598  -0.136  35.740 0.1111110002
62990  62.066  0.331  33.036 0.1111110002
63099  64.012  0.354  24.150 0.1111110002
62167  63.348  0.269  21.244 0.1111110002
63112  62.844  0.389  22.240 0.1111110002
63101  62.470  0.475  23.003 0.1111110002
122925  62.812  0.706  32.356 0.1111110002
63029  63.222  0.833  29.597 0.1111110002
116316  61.498  0.543  27.307 0.1111110002
63074  61.363  0.478  26.344 0.1111110002
63073  62.313  0.898  26.789 0.1111110002
63083  62.289  0.726  25.750 0.1111110002
63072  63.282  0.907  26.406 0.1111110002
61184  66.145  -0.687  24.215 0.1111110002
63088  64.248  0.544  25.060 0.1111110002
62158  63.745  0.163  22.275 0.1111110002
62166  64.332  -0.077  21.774 0.1111110002
117194  63.995  1.056  30.192 0.1111110002
63028  64.345  0.845  29.452 0.1111110002
63046  64.120  0.749  28.879 0.1111110002
63047  62.835  0.818  28.633 0.1111110002
63060  63.648  0.898  28.058 0.1111110002
119394  63.204  1.045  27.248 0.1111110002
63081  64.293  0.820  26.023 0.1111110002
62114  65.809  0.449  25.791 0.1111110002
62165  65.307  -0.796  21.857 0.1111110002
62156  65.588  -1.117  22.910 0.1111110002
63027  64.472  1.169  30.177 0.1111110002
60244  66.189  -2.341  22.739 0.1111110002
61198  65.831  -2.017  22.516 0.1111110002
60242  67.101  -2.545  21.891 0.1111110002
61197  67.271  -1.820  22.293 0.1111110002
61203  67.245  -1.918  21.326 0.1111110002
64964  69.062  1.846  13.442 0.1111110002
64968  69.004  2.046  11.895 0.1111110002
65734  69.122  3.071  12.770 0.1111110002
117489  68.547  4.469  10.648 0.1111110002
108839  67.861  5.321  10.925 0.1111110002
113351  66.888  6.306  10.978 0.1111110002
64116  68.720  1.457  15.412 0.1111110002
64963  69.037  2.590  14.522 0.1111110002
66435  69.026  4.030  13.987 0.1111110002
66445  69.133  3.874  12.073 0.1111110002
119349  69.000  4.699  13.375 0.1111110002
67909  68.796  5.620  13.668 0.1111110002
67890  68.472  5.648  14.883 0.1111110002
67166  69.041  5.111  11.025 0.1111110002
67964  68.471  5.934  11.468 0.1111110002
131749  68.720  6.469  13.387 0.1111110002
67965  68.302  6.891  11.296 0.1111110002
67982  68.058  6.911  10.756 0.1111110002
69612  67.485  8.267  10.841 0.1111110002
67968  66.085  6.811  11.259 0.1111110002
67136  68.769  4.928  14.487 0.1111110002
67944  68.594  6.853  12.463 0.1111110002
67910  68.526  6.591  14.341 0.1111110002
121069  68.491  7.813  12.890 0.1111110002
61105  56.639  -2.042  34.222 0.1111110002
61086  56.971  -2.029  35.484 0.1111110002
60252  66.328  -2.496  21.954 0.1111110002
60234  66.349  -2.129  23.157 0.1111110002
63059  64.674  0.568  28.316 0.1111110002
60233  66.936  -2.213  22.766 0.1111110002
63045  64.780  0.607  28.901 0.1111110002
130494  64.814  0.541  28.801 0.1111110002
61188  66.573  -1.737  23.461 0.1111110002
114372  64.620  0.820  29.384 0.1111110002
62112  66.317  0.339  25.337 0.1111110002
119330  67.100  -1.514  22.927 0.1111110002
61190  65.900  -1.883  23.407 0.1111110002
61189  66.141  -1.557  23.711 0.1111110002
129204  65.335  -0.465  23.300 0.1111110002
63071  64.305  0.887  27.239 0.1111110002
62141  64.186  0.197  23.159 0.1111110002
62113  65.917  0.481  25.930 0.1111110002
116842  62.778  0.960  34.153 0.1111110002
63000  63.548  1.105  31.804 0.1111110002
63013  64.179  1.383  31.139 0.1111110002
63044  65.154  1.061  29.161 0.1111110002
121279  65.092  0.520  28.299 0.1111110002
62097  65.552  0.761  26.764 0.1111110002
62086  65.079  0.609  27.616 0.1111110002
61183  66.353  -0.976  23.944 0.1111110002
60128  40.388  -2.809  36.522 0.1111110002
61992  56.535  -1.433  35.497 0.1111110002
34157  8.598  -28.140  58.415 0.1111110002
61087  56.166  -1.781  34.758 0.1111110002
64107  68.712  2.059  15.918 0.1111110002
59275  40.025  -3.453  35.874 0.1111110002
52162  49.640  -10.145  54.160 0.1111110002
50058  49.522  -12.170  53.617 0.1111110002
63100  63.099  0.393  23.538 0.1111110002
125519  63.250  0.333  22.812 0.1111110002
63125  62.241  0.716  21.632 0.1111110002
62140  65.982  -0.951  23.944 0.1111110002
62125  65.971  -0.069  24.798 0.1111110002
62126  65.226  0.272  24.525 0.1111110002
62115  65.231  0.553  25.478 0.1111110002
62157  64.793  -0.195  22.513 0.1111110002
63014  63.299  0.882  30.710 0.1111110002
62098  65.190  0.721  26.561 0.1111110002
134878  65.860  -1.396  23.564 0.1111110002
60243  66.716  -2.490  22.329 0.1111110002
64115  68.868  1.969  14.840 0.1111110002
64125  68.898  1.029  14.000 0.1111110002
129367  69.123  2.584  13.431 0.1111110002
132547  68.387  5.267  10.823 0.1111110002
108838  67.990  6.172  10.819 0.1111110002
108837  67.759  5.966  10.873 0.1111110002
67967  66.627  7.114  10.851 0.1111110002
67966  67.507  6.778  10.722 0.1111110002
115183  69.022  4.976  12.138 0.1111110002
67928  68.752  5.797  12.391 0.1111110002
67929  68.581  7.315  13.552 0.1111110002
68769  68.360  7.799  11.966 0.1111110002
69611  68.014  8.313  10.918 0.1111110002
67169  64.884  6.328  12.367 0.1111110002
62071  64.969  0.482  28.384 0.1111110002
126729  65.073  0.130  23.777 0.1111110002
37775  18.160  -24.450  62.026 0.2222220004
37776  17.336  -25.023  62.101 0.1111110002
37777  16.648  -25.187  62.127 0.2222220004
38716  18.717  -24.292  60.614 0.3333329856
38717  18.135  -24.229  61.587 0.3333329856
38723  17.691  -24.135  61.714 0.2222220004
38729  17.710  -24.164  61.069 0.4444440007
38777  20.522  -23.813  55.319 0.4444440007
38841  39.568  -23.169  50.802 0.6666669846
38892  33.509  -23.354  47.369 0.6666669846
38905  30.955  -24.203  45.905 0.4444440007
39899  34.332  -22.693  46.729 0.6666669846
40809  38.424  -21.319  48.609 0.7777780294
40959  30.593  -21.224  39.301 0.1111110002
41725  42.490  -20.441  55.794 0.1111110002
41742  41.197  -20.446  55.499 0.2222220004
41821  38.623  -20.169  49.664 0.7777780294
41984  30.925  -20.146  38.510 0.1111110002
42890  43.204  -19.407  55.688 0.1111110002
42929  41.096  -19.039  55.168 0.3333329856
43013  37.662  -19.437  47.460 0.7777780294
43931  42.913  -19.093  55.733 0.2222220004
43932  42.242  -18.916  55.646 0.2222220004
44040  41.330  -18.230  48.727 0.6666669846
44083  37.895  -18.544  45.978 0.7777780294
44999  42.989  -17.220  50.619 0.7777780294
45073  40.881  -18.188  46.003 0.8888890147
45124  37.267  -17.340  42.585 0.7777780294
45989  43.723  -16.468  51.600 0.3333329856
46008  43.376  -16.783  49.984 0.8888890147
46056  43.027  -16.429  46.371 0.8888890147
46060  42.451  -16.637  45.143 0.8888890147
46075  41.147  -17.315  43.526 0.8888890147
46108  38.233  -16.726  41.218 0.7777780294
46992  44.189  -15.788  51.880 0.4444440007
46998  44.254  -15.542  50.101 0.6666669846
48028  44.578  -14.725  50.404 0.6666669846
48067  44.424  -14.288  45.796 1.0000000000
48083  44.318  -14.159  45.024 1.0000000000
49130  45.310  -13.629  49.328 0.6666669846
49154  44.926  -13.813  46.300 1.0000000000
51064  49.377  -10.976  54.257 0.1111110002
51153  47.022  -11.902  47.729 0.8888890147
51184  46.538  -11.668  45.607 0.8888890147
52216  48.010  -9.851  50.670 0.1111110002
52246  47.545  -10.404  48.684 0.5555559993
53172  50.333  -9.064  53.530 0.1111110002
53196  50.837  -8.778  53.152 0.1111110002
53197  49.198  -8.817  53.128 0.1111110002
54478  46.800  -7.722  41.103 1.0000000000
55475  45.953  -7.812  40.054 1.0000000000
56396  49.160  -6.001  43.557 0.8888890147
56412  48.489  -6.229  42.467 0.8888890147
57355  49.997  -4.727  47.845 0.5555559993
58270  54.410  -3.799  47.523 0.1111110002
58271  53.244  -4.368  47.739 0.4444440007
58296  50.349  -4.152  47.310 0.5555559993
58317  50.073  -4.890  43.939 0.5555559993
58325  51.609  -3.881  43.834 0.6666669846
58354  50.386  -4.062  41.827 1.0000000000
58355  49.854  -4.427  41.691 1.0000000000
58370  47.833  -4.260  40.722 1.0000000000
59132  52.533  -3.647  47.292 0.4444440007
59134  51.124  -3.855  47.277 0.5555559993
59144  51.999  -3.496  47.066 0.5555559993
59164  52.092  -3.287  44.291 0.5555559993
59188  50.447  -3.467  42.142 0.8888890147
59243  46.015  -3.778  39.864 1.0000000000
59964  53.626  -3.408  47.392 0.4444440007
59974  55.133  -2.395  47.334 0.2222220004
59975  54.556  -2.346  47.574 0.3333329856
59982  54.000  -1.784  47.105 0.4444440007
59995  52.688  -2.361  45.986 0.5555559993
60013  51.571  -2.051  44.061 0.6666669846
60035  49.004  -1.646  43.042 0.8888890147
60052  51.580  -2.709  43.295 0.8888890147
60056  47.799  -1.980  42.179 0.8888890147
60087  46.370  -2.311  40.913 1.0000000000
60088  45.932  -2.399  40.427 1.0000000000
60906  54.574  -0.968  47.166 0.3333329856
60919  55.581  -1.044  46.756 0.2222220004
60922  52.967  -1.645  46.249 0.4444440007
60969  47.905  -0.695  42.948 0.8888890147
61019  45.772  -1.123  40.233 1.0000000000
61067  57.432  -1.900  35.938 0.1111110002
61849  51.822  -0.378  45.890 0.4444440007
61881  48.882  -0.223  43.623 0.7777780294
62163  70.179  1.067  19.110 0.2222220004
62170  70.231  1.172  18.988 0.2222220004
62179  70.217  1.110  18.634 0.2222220004
62195  70.187  0.953  18.232 0.2222220004
62196  70.190  1.099  18.247 0.2222220004
62802  53.764  0.059  46.012 0.3333329856
62803  53.021  -0.213  46.065 0.4444440007
62814  54.360  0.463  45.151 0.1111110002
62835  50.461  0.774  44.745 0.5555559993
62836  49.930  0.416  44.546 0.5555559993
62871  49.445  0.255  42.042 0.6666669846
62925  60.604  1.013  37.165 0.2222220004
62940  62.365  1.790  35.691 0.3333329856
63133  70.224  1.150  19.128 0.2222220004
63134  70.235  1.236  19.003 0.2222220004
63145  70.267  1.192  19.023 0.2222220004
63146  70.253  1.173  18.674 0.2222220004
63164  70.157  1.042  17.842 0.2222220004
63178  70.147  1.654  17.633 0.2222220004
63194  69.825  1.966  16.780 0.2222220004
63770  54.935  1.953  43.658 0.1111110002
63772  54.350  1.802  44.347 0.1111110002
63787  55.194  2.063  43.153 0.1111110002
63824  52.336  1.547  41.177 0.3333329856
63874  60.826  1.356  37.116 0.2222220004
63891  61.259  1.891  36.882 0.2222220004
63901  62.064  2.329  35.283 0.6666669846
63918  61.205  2.240  34.911 0.6666669846
64068  70.249  1.886  18.905 0.2222220004
64082  70.189  2.006  17.897 0.2222220004
64095  70.090  1.853  17.104 0.2222220004
64658  53.806  2.394  43.460 0.2222220004
64659  52.994  2.117  43.879 0.2222220004
64672  55.361  2.023  42.579 0.1111110002
64673  54.846  2.263  42.987 0.1111110002
64691  53.887  2.628  41.013 0.1111110002
64706  55.545  2.505  40.067 0.1111110002
64715  56.036  2.184  39.700 0.1111110002
64926  69.204  2.414  16.881 0.2222220004
64927  68.944  2.077  16.737 0.2222220004
64943  68.636  2.441  15.920 0.2222220004
65576  65.562  3.871  28.623 0.3333329856
65584  65.734  3.825  27.693 0.3333329856
65702  68.392  3.057  16.971 0.2222220004
67179  68.136  6.155  10.964 0.1111110002
67983  67.210  7.530  10.683 0.1111110002
68785  68.160  7.769  10.981 0.1111110002
68786  66.704  8.023  10.956 0.1111110002
68802  67.905  7.630  10.619 0.1111110002
110488  70.237  2.105  18.616 0.2222220004
110489  70.248  2.095  18.738 0.2222220004
112042  70.265  1.493  19.062 0.2222220004
114580  70.153  1.228  17.916 0.2222220004
114756  69.708  1.849  17.329 0.2222220004
115155  38.639  -18.777  48.195 0.8888890147
116622  54.866  2.707  40.952 0.1111110002
119691  45.502  -14.199  53.046 0.1111110002
120350  49.532  -5.558  43.920 0.7777780294
121005  47.227  -0.585  42.099 1.0000000000
121511  47.292  -0.180  41.962 0.8888890147
121766  69.645  2.015  17.217 0.2222220004
125639  68.541  2.594  16.866 0.2222220004
125928  40.228  -18.466  48.527 0.7777780294
126451  37.797  -23.679  50.312 0.7777780294
127251  70.027  2.118  17.312 0.2222220004
129792  65.802  3.655  27.004 0.3333329856
129865  40.433  -21.886  51.431 0.5555559993
130008  40.690  -2.437  36.882 0.2222220004
130279  69.584  2.029  16.776 0.2222220004
130311  70.064  2.159  17.108 0.2222220004
131275  38.086  -17.317  42.595 0.8888890147
131286  70.274  0.926  18.561 0.2222220004
131779  42.001  -17.896  54.768 0.3333329856
133271  48.632  0.160  42.036 0.8888890147
133389  37.681  -21.966  47.848 0.8888890147
133686  54.319  2.407  43.263 0.1111110002
134392  16.180  -26.047  62.152 0.3333329856
136662  49.696  -4.816  47.676 0.5555559993
136907  70.148  2.000  17.968 0.2222220004
