#!ascii label  , from subject sub-v1s20x0050364_ses-1 vox2ras=TkReg
9870
925  14.274  -81.410  10.894 0.6000000238
691  15.065  -81.914  10.104 0.5000000000
915  15.542  -81.511  12.020 0.6999999881
924  15.290  -81.665  11.209 0.5000000000
690  16.573  -81.901  10.138 0.4000000060
703  15.937  -82.178  8.991 0.2000000030
683  16.400  -81.908  11.224 0.5000000000
113626  15.071  -79.656  10.441 0.8999999762
1138  13.896  -80.533  11.009 0.6999999881
1123  15.656  -80.658  12.341 0.8000000119
916  14.582  -81.154  11.771 0.6999999881
911  15.079  -81.096  12.279 0.8000000119
676  16.396  -82.203  12.069 0.6999999881
910  16.170  -81.670  12.428 0.6999999881
122084  17.261  -82.152  10.476 0.4000000060
689  17.730  -82.191  9.646 0.3000000119
1165  12.836  -79.942  8.313 0.6999999881
134659  16.915  -79.598  9.059 0.8999999762
1398  15.526  -79.489  9.412 0.8999999762
1399  14.528  -79.530  9.577 0.8000000119
918  13.616  -80.753  10.672 0.6999999881
693  13.520  -81.182  9.611 0.6999999881
1383  17.078  -79.755  10.356 0.8999999762
1384  16.023  -79.716  10.869 0.8999999762
692  14.110  -81.669  9.884 0.5000000000
1108  22.433  -80.999  12.434 1.0000000000
1109  21.555  -80.975  12.241 1.0000000000
1133  21.145  -80.515  10.603 1.0000000000
1153  19.033  -80.249  10.110 0.8999999762
1136  18.579  -80.276  10.873 0.8999999762
1376  16.673  -79.875  11.238 0.8999999762
131116  22.008  -81.314  12.879 0.8999999762
1110  20.683  -81.031  12.230 1.0000000000
116389  17.962  -80.336  11.783 0.8999999762
1137  17.563  -80.011  11.049 0.8999999762
1122  16.752  -80.261  12.025 0.8999999762
704  14.717  -82.229  9.036 0.2000000030
127990  21.613  -82.767  13.675 0.8999999762
901  21.288  -81.428  12.915 0.8999999762
902  20.387  -81.509  12.891 0.8999999762
134898  17.827  -81.027  12.696 0.8999999762
896  17.067  -82.272  13.342 0.8000000119
906  16.496  -81.675  12.738 0.8000000119
671  16.684  -82.451  13.068 0.8999999762
476  17.140  -83.427  11.105 0.5000000000
329  17.373  -83.981  10.130 0.3000000119
129898  18.103  -87.407  3.498 0.3000000119
51  17.788  -87.073  2.753 0.3000000119
134084  18.124  -86.868  1.517 0.2000000030
56  18.282  -87.179  1.543 0.3000000119
219  18.052  -86.572  0.518 0.2000000030
1452  12.694  -79.138  6.587 0.8000000119
1460  13.396  -78.876  5.477 1.0000000000
1462  12.545  -79.158  5.757 0.6999999881
1437  12.779  -79.526  7.502 0.8000000119
1176  12.660  -79.774  6.906 0.4000000060
131600  13.512  -79.046  7.324 0.8000000119
932  12.828  -80.212  7.629 0.5000000000
120219  12.873  -80.515  6.356 0.4000000060
123691  15.105  -79.548  7.045 1.0000000000
124443  14.443  -79.331  7.871 0.8000000119
1419  13.318  -79.611  8.857 0.6999999881
123716  16.179  -79.723  6.921 0.8999999762
129656  17.244  -79.584  5.978 1.0000000000
1417  15.119  -79.453  8.690 0.8000000119
1418  13.989  -79.438  8.813 0.8000000119
1154  13.331  -80.050  9.550 0.6999999881
120548  13.695  -81.629  8.189 0.5000000000
123686  17.205  -79.552  6.842 1.0000000000
1416  16.312  -79.545  8.683 0.8000000119
1433  17.579  -79.503  7.662 0.8999999762
1434  16.771  -79.574  7.730 1.0000000000
1386  14.044  -79.870  10.317 0.6999999881
1147  24.766  -80.216  10.030 0.6999999881
1392  24.313  -79.993  9.130 0.6999999881
1148  23.735  -80.219  9.850 0.8000000119
1397  17.399  -79.699  9.412 0.8999999762
119942  24.344  -80.388  10.677 0.8000000119
1131  23.587  -80.470  10.981 1.0000000000
118988  22.958  -80.141  9.344 0.8000000119
120540  18.264  -79.788  8.938 0.8999999762
118142  18.287  -79.575  8.026 0.8999999762
124287  24.496  -80.649  11.495 0.8999999762
1107  23.911  -81.150  12.600 0.8999999762
1117  23.120  -80.762  11.905 1.0000000000
1149  22.135  -80.218  9.301 0.8000000119
1150  21.133  -80.368  9.595 1.0000000000
1152  19.714  -80.328  9.765 0.8999999762
1395  19.034  -80.116  9.337 0.8999999762
317  22.360  -83.724  12.387 0.8999999762
661  23.023  -82.514  13.215 1.0000000000
900  22.677  -81.506  13.044 0.8999999762
1120  20.101  -80.702  11.538 1.0000000000
1135  19.626  -80.460  10.694 0.8999999762
458  21.495  -83.338  13.571 0.8999999762
459  20.507  -83.516  13.674 0.8999999762
664  19.550  -82.691  13.702 0.8999999762
904  18.370  -81.387  12.890 0.8999999762
895  17.908  -82.090  13.446 0.8999999762
324  22.115  -84.100  11.333 0.8999999762
325  21.691  -84.268  11.927 0.8999999762
312  20.764  -83.868  13.327 0.8999999762
313  19.047  -84.017  13.629 0.8999999762
658  19.052  -83.215  13.944 0.8999999762
660  17.447  -83.305  13.891 0.8999999762
88  21.744  -85.557  9.280 0.8999999762
188  20.973  -85.336  10.532 0.8999999762
183  20.295  -85.284  11.118 0.8999999762
177  19.042  -84.907  12.100 0.8999999762
320  18.612  -84.483  12.880 0.8999999762
179  17.195  -84.854  12.180 0.6999999881
327  16.712  -84.201  12.145 0.6999999881
15  21.154  -86.409  8.153 0.8000000119
98  20.555  -86.472  8.662 0.8000000119
85  18.918  -86.194  10.437 0.6999999881
92  18.238  -86.558  9.877 0.6999999881
185  17.419  -85.505  11.546 0.5000000000
127865  16.638  -86.083  9.566 0.5000000000
330  16.778  -84.640  10.850 0.6000000238
27  21.563  -86.877  6.143 0.6999999881
114719  19.887  -87.158  7.361 0.6999999881
22  18.957  -87.280  7.553 0.6000000238
13  18.162  -86.804  9.218 0.6000000238
100  16.776  -86.534  8.747 0.5000000000
101  16.591  -86.263  8.286 0.4000000060
197  17.380  -85.329  7.542 0.3000000119
118381  21.058  -87.138  3.031 0.6000000238
39  20.919  -87.228  4.570 0.6000000238
35  20.301  -87.318  5.206 0.6000000238
29  19.040  -87.413  6.665 0.6000000238
30  17.800  -87.503  6.386 0.6000000238
31  17.068  -87.290  6.332 0.6000000238
104  16.653  -86.515  7.450 0.4000000060
58  21.559  -86.737  0.414 0.5000000000
132203  21.231  -87.037  1.947 0.5000000000
44  20.518  -87.300  3.789 0.5000000000
0  19.226  -87.558  5.056 0.6000000238
1  18.205  -87.581  4.844 0.6000000238
2  17.633  -87.252  4.534 0.4000000060
128526  20.738  -87.029  0.173 0.5000000000
49  20.434  -87.214  2.253 0.5000000000
54  19.587  -87.329  1.505 0.3000000119
5  18.693  -87.489  3.517 0.5000000000
129  18.151  -86.510  1.899 0.2000000030
148  20.647  -86.962  -2.074 0.5000000000
62  20.047  -87.183  -0.360 0.3000000119
120809  19.916  -87.241  0.583 0.3000000119
9  18.408  -87.332  2.312 0.2000000030
121930  18.062  -86.902  -0.557 0.2000000030
145  18.192  -86.575  -1.212 0.2000000030
216  18.317  -86.223  1.182 0.2000000030
65  20.308  -87.134  -1.206 0.3000000119
117119  19.231  -87.242  -1.000 0.3000000119
66  18.647  -87.117  -1.614 0.2000000030
149  18.092  -86.607  -2.181 0.2000000030
68  19.865  -87.051  -2.808 0.3000000119
70  18.276  -86.927  -2.287 0.2000000030
158  19.456  -86.875  -4.896 0.2000000030
72  18.827  -87.193  -3.315 0.2000000030
119070  18.143  -87.268  -3.666 0.2000000030
74  17.707  -87.159  -3.565 0.2000000030
244  17.792  -85.781  -3.359 0.2000000030
79  18.361  -87.234  -4.941 0.2000000030
163  17.731  -87.083  -5.432 0.2000000030
159  17.144  -86.915  -4.682 0.2000000030
254  17.116  -86.053  -4.902 0.2000000030
1470  12.565  -79.017  4.777 0.8000000119
1178  12.496  -79.620  5.195 0.4000000060
1181  12.469  -79.440  4.018 0.4000000060
128673  12.312  -78.899  3.442 0.6000000238
118539  15.508  -79.754  6.033 1.0000000000
121485  14.140  -79.231  6.481 1.0000000000
951  12.741  -80.505  4.295 0.4000000060
1183  12.261  -79.455  3.218 0.4000000060
1481  11.883  -78.600  2.238 0.6000000238
133493  16.116  -79.880  5.533 1.0000000000
944  13.372  -81.429  5.711 0.3000000119
1457  17.746  -79.378  5.389 1.0000000000
118098  16.724  -79.818  5.180 1.0000000000
129550  18.437  -79.033  5.830 1.0000000000
127826  18.117  -79.365  7.177 1.0000000000
1146  25.773  -80.307  10.292 0.8000000119
126859  24.692  -79.724  8.574 0.6999999881
1409  23.998  -79.683  8.371 0.6999999881
1449  19.577  -79.126  6.778 1.0000000000
1432  19.003  -79.391  7.454 1.0000000000
1115  25.540  -81.105  11.880 0.8999999762
119785  25.198  -80.557  11.104 0.8999999762
1410  23.213  -79.657  8.142 0.8000000119
1394  22.696  -79.954  8.690 0.8000000119
115768  19.218  -79.841  8.374 0.8999999762
897  25.121  -81.499  12.264 0.8999999762
898  24.421  -81.660  12.646 1.0000000000
1162  22.044  -79.985  8.532 0.8000000119
1431  20.035  -79.609  7.595 0.8999999762
675  24.865  -82.150  12.174 0.8999999762
467  24.280  -82.382  12.190 1.0000000000
670  23.711  -82.265  12.903 1.0000000000
134568  20.092  -80.037  8.373 0.8999999762
133357  22.298  -83.575  10.171 0.8999999762
1163  21.382  -80.137  8.718 0.8000000119
331  22.039  -84.328  9.643 0.8999999762
115375  22.166  -85.470  8.803 0.8999999762
199  23.173  -85.627  7.063 0.8999999762
96  22.410  -85.680  8.044 0.8000000119
115723  23.327  -85.794  6.433 0.8999999762
114196  22.494  -86.712  4.091 0.6000000238
26  22.255  -86.467  6.262 0.6999999881
111  22.976  -86.275  5.990 0.8000000119
48  21.657  -86.917  2.513 0.6000000238
115  22.978  -86.430  5.042 0.6999999881
142  23.154  -85.959  -1.256 0.6999999881
134  22.469  -86.433  0.418 0.6000000238
52  21.979  -86.749  1.861 0.6000000238
119  23.049  -86.515  3.386 0.6000000238
124  23.622  -86.311  2.590 0.8000000119
117131  22.312  -86.157  -1.598 0.6000000238
125186  21.774  -86.513  -1.071 0.6000000238
64  21.124  -86.900  -1.358 0.5000000000
135236  20.658  -86.847  -2.726 0.4000000060
157  20.543  -86.566  -4.343 0.4000000060
125209  19.649  -86.579  -5.952 0.3000000119
162  18.604  -86.996  -5.770 0.2000000030
169  17.571  -86.423  -6.119 0.2000000030
1461  12.686  -78.946  5.731 1.0000000000
135725  12.495  -78.267  3.134 0.8999999762
1459  14.671  -79.567  5.421 1.0000000000
123949  12.215  -77.824  2.992 0.8000000119
116816  12.925  -80.881  5.058 0.3000000119
2146  11.521  -77.363  2.035 0.8000000119
1466  16.349  -79.911  4.108 1.0000000000
1467  15.523  -79.708  3.884 1.0000000000
1187  12.492  -80.023  2.584 0.3000000119
120887  11.921  -78.914  1.701 0.3000000119
1787  11.833  -78.202  1.650 0.6999999881
2544  11.606  -77.282  1.859 0.8000000119
972  13.663  -81.665  2.606 0.3000000119
1472  17.862  -79.254  3.496 1.0000000000
1770  18.657  -78.654  4.171 1.0000000000
1776  18.560  -78.586  3.155 1.0000000000
1775  19.192  -78.104  3.807 0.8999999762
1765  18.799  -78.651  5.194 1.0000000000
2127  19.777  -77.825  4.204 0.8000000119
1129  26.823  -80.484  10.373 0.8999999762
1745  25.074  -78.756  6.691 0.8000000119
1428  23.809  -79.387  7.620 0.8000000119
1764  19.696  -78.432  5.407 1.0000000000
2126  20.550  -77.575  4.102 0.8000000119
672  26.997  -82.024  11.178 0.8999999762
1130  26.183  -80.775  11.209 0.8999999762
1759  25.028  -78.200  5.916 0.8000000119
1746  24.235  -78.658  6.472 0.8000000119
1429  22.950  -79.337  7.281 0.8000000119
1750  20.054  -78.782  6.112 0.8000000119
1768  20.165  -78.073  4.785 0.8000000119
679  26.753  -82.630  10.836 0.8000000119
680  26.068  -82.708  11.039 0.8999999762
1747  23.160  -78.746  6.305 0.8000000119
1446  22.370  -79.160  6.688 0.8000000119
1430  21.988  -79.506  7.305 0.8000000119
130673  20.833  -78.885  6.143 0.8000000119
135282  24.380  -82.629  10.655 0.8999999762
474  24.143  -82.568  11.336 0.8999999762
127942  21.075  -79.587  7.383 0.8000000119
688  22.936  -82.753  9.172 0.8999999762
483  22.743  -82.963  10.168 1.0000000000
334  21.981  -84.127  8.732 1.0000000000
115846  22.015  -84.055  7.851 1.0000000000
341  22.744  -85.105  7.280 0.8999999762
109  23.939  -85.786  4.972 0.8999999762
122195  23.970  -86.015  -0.075 0.8000000119
127  23.694  -86.266  1.681 0.8000000119
114  23.480  -86.288  4.239 0.8000000119
133  23.367  -86.221  0.343 0.6999999881
117641  23.041  -86.362  1.064 0.6999999881
118101  24.341  -86.106  2.175 0.8999999762
150  22.869  -85.674  -2.859 0.6000000238
155  22.251  -85.780  -4.095 0.5000000000
152  21.561  -86.283  -3.179 0.5000000000
156  21.489  -86.176  -3.979 0.6000000238
160  21.300  -85.908  -5.443 0.5000000000
161  20.478  -86.388  -5.254 0.4000000060
1468  13.780  -78.849  4.418 1.0000000000
1771  13.672  -78.531  3.856 1.0000000000
1475  14.750  -79.139  3.740 1.0000000000
2136  14.411  -77.791  3.617 1.0000000000
1480  15.865  -78.948  2.714 1.0000000000
960  13.289  -81.358  3.484 0.3000000119
2532  13.327  -76.951  4.008 1.0000000000
1479  16.434  -79.295  2.744 1.0000000000
973  13.089  -80.841  2.662 0.3000000119
114647  12.417  -79.680  1.667 0.3000000119
1473  16.896  -79.650  3.405 1.0000000000
1784  17.078  -78.878  2.114 1.0000000000
767  14.280  -82.316  2.433 0.3000000119
986  13.491  -81.175  1.929 0.3000000119
995  14.131  -81.231  0.640 0.3000000119
1497  12.725  -79.185  0.514 0.3000000119
115090  12.387  -78.000  0.887 0.6000000238
1777  17.849  -78.872  2.465 1.0000000000
1798  14.886  -77.615  0.042 0.4000000060
2154  13.163  -76.884  1.181 0.6999999881
118766  19.287  -77.687  2.579 1.0000000000
2143  18.599  -78.209  2.217 1.0000000000
2141  19.973  -77.161  2.478 0.8000000119
133401  25.684  -78.534  6.242 0.6999999881
2132  20.616  -77.145  3.283 0.8000000119
923  27.923  -81.328  9.845 0.8000000119
2110  24.714  -77.776  5.185 0.8000000119
678  27.348  -82.349  10.495 0.8000000119
1760  24.017  -78.201  5.727 0.8000000119
124777  21.439  -78.364  5.246 0.8000000119
2114  21.023  -78.028  4.774 0.8000000119
114472  25.783  -83.049  10.286 0.8000000119
1761  23.092  -78.245  5.379 0.6999999881
134287  22.660  -78.558  5.805 0.8000000119
1762  22.187  -78.427  5.420 0.8000000119
2113  21.866  -78.065  4.775 0.8000000119
116812  24.729  -82.759  9.070 0.8999999762
1447  21.500  -79.177  6.575 0.8000000119
699  23.428  -82.624  8.370 0.8999999762
700  22.817  -82.866  8.273 0.8999999762
493  22.383  -83.337  8.524 0.8999999762
719  22.667  -83.137  6.906 0.8999999762
342  22.223  -83.938  7.073 0.8999999762
353  23.285  -85.171  5.806 0.8999999762
207  23.865  -85.500  5.038 0.8999999762
117  24.495  -85.768  3.579 0.8999999762
132  24.258  -86.018  0.593 0.8999999762
122  24.514  -86.012  1.456 1.0000000000
130130  24.780  -85.787  2.239 0.8999999762
113  24.188  -85.870  4.322 0.8999999762
138  23.304  -86.106  -0.468 0.8999999762
130811  23.417  -85.439  -2.372 0.6999999881
234  24.098  -85.108  -2.266 0.8000000119
115519  23.195  -85.114  -5.105 0.5000000000
243  22.984  -85.442  -3.745 0.6999999881
251  22.652  -85.450  -4.601 0.5000000000
252  21.843  -85.790  -4.725 0.5000000000
269  21.503  -85.734  -6.296 0.5000000000
117896  20.599  -86.153  -6.145 0.4000000060
166  19.821  -86.347  -6.896 0.2000000030
171  19.059  -86.283  -7.594 0.1000000015
276  22.042  -85.483  -7.427 0.5000000000
1778  15.336  -78.800  3.189 1.0000000000
1779  14.521  -78.435  3.548 1.0000000000
2516  11.780  -76.688  4.315 0.8999999762
2542  16.140  -77.049  3.184 1.0000000000
2530  15.819  -76.486  3.940 1.0000000000
2135  15.421  -77.364  3.592 1.0000000000
2517  10.987  -76.534  3.756 0.8999999762
2940  11.000  -75.913  3.118 0.8999999762
2153  17.073  -77.213  1.681 1.0000000000
1785  16.443  -78.589  2.339 1.0000000000
117614  16.265  -76.278  3.461 1.0000000000
3385  12.093  -74.792  2.672 0.8000000119
2550  17.621  -76.740  1.139 1.0000000000
1783  17.735  -78.318  1.751 1.0000000000
788  14.530  -81.901  1.095 0.3000000119
123968  13.755  -75.199  1.422 0.6999999881
2150  19.035  -77.173  1.084 0.8999999762
2549  18.268  -77.082  0.890 1.0000000000
1806  15.103  -78.374  -0.523 0.4000000060
2557  14.478  -76.747  0.518 0.5000000000
2565  14.614  -76.176  -0.499 0.5000000000
2576  15.044  -76.958  -0.912 0.4000000060
2988  13.909  -75.693  -0.837 0.6000000238
2955  21.516  -75.442  1.359 0.6999999881
130087  20.355  -76.657  1.987 0.8000000119
2578  13.172  -76.262  -1.512 0.6000000238
2527  22.276  -76.646  3.141 0.6999999881
2538  21.692  -76.355  2.574 0.8000000119
129444  26.174  -77.498  4.816 0.6999999881
2509  25.275  -76.794  4.073 0.6999999881
2131  21.943  -77.188  3.695 0.8000000119
118047  21.206  -77.262  3.714 0.8000000119
117429  27.229  -83.312  8.991 0.8000000119
480  26.414  -83.326  9.484 0.8000000119
2122  24.565  -77.281  4.560 0.6999999881
2512  22.783  -77.030  3.663 0.6999999881
481  25.514  -83.168  9.370 0.8000000119
2123  23.793  -77.294  4.344 0.6999999881
130412  22.558  -78.069  4.869 0.8000000119
698  24.300  -82.602  8.416 0.8999999762
708  23.961  -82.538  7.610 0.8999999762
709  23.053  -82.759  7.606 0.8999999762
730  22.909  -82.881  5.967 0.8999999762
510  22.477  -83.649  6.287 0.8000000119
359  22.943  -84.513  5.018 0.8000000119
362  24.514  -85.400  3.496 0.8000000119
212  24.774  -85.648  2.854 0.8000000119
222  24.780  -85.034  -0.717 0.8999999762
131  24.660  -85.463  0.827 1.0000000000
214  24.797  -85.444  1.562 0.8999999762
137  24.016  -85.612  -0.798 0.8999999762
227  24.514  -85.110  -1.478 0.8999999762
125906  23.952  -84.931  -3.820 0.8000000119
241  24.456  -84.889  -2.972 0.8000000119
258  24.665  -84.867  -5.349 0.8000000119
250  23.934  -84.903  -4.733 0.8000000119
249  24.734  -84.894  -4.367 0.8000000119
114991  24.045  -84.778  -6.100 0.5000000000
259  23.192  -85.072  -5.927 0.5000000000
268  22.406  -85.355  -6.625 0.5000000000
275  23.700  -84.870  -7.560 0.6000000238
267  23.408  -84.943  -6.751 0.5000000000
133112  22.807  -85.175  -7.437 0.5000000000
277  21.161  -85.749  -7.851 0.5000000000
170  20.054  -86.063  -7.756 0.5000000000
290  24.496  -85.070  -9.471 0.5000000000
133983  23.112  -85.102  -8.106 0.5000000000
282  22.917  -85.293  -8.848 0.5000000000
125513  23.541  -85.221  -9.507 0.5000000000
124754  22.527  -85.386  -9.673 0.5000000000
131044  22.049  -85.504  -9.062 0.5000000000
283  21.231  -85.646  -8.813 0.5000000000
117220  23.979  -85.070  -10.947 0.5000000000
129286  23.204  -85.097  -11.180 0.5000000000
121014  22.458  -85.175  -11.124 0.5000000000
301  21.920  -85.060  -11.694 0.5000000000
299  23.983  -84.640  -11.552 0.5000000000
304  23.306  -84.551  -12.032 0.5000000000
306  22.094  -84.798  -12.505 0.4000000060
436  23.611  -84.166  -12.203 0.5000000000
441  22.782  -84.379  -13.766 0.4000000060
646  22.131  -83.529  -15.140 0.4000000060
2531  14.443  -77.153  3.941 1.0000000000
3376  10.983  -75.010  3.404 1.0000000000
124546  15.201  -76.652  4.199 1.0000000000
2932  13.569  -76.169  5.388 1.0000000000
2933  12.355  -76.445  5.320 0.8999999762
2551  17.120  -76.255  1.762 1.0000000000
2541  16.628  -76.572  2.533 1.0000000000
3395  12.905  -74.146  2.092 0.6999999881
2965  18.462  -75.670  0.585 1.0000000000
2958  17.615  -75.745  1.048 1.0000000000
135013  13.249  -74.029  1.519 0.8999999762
2555  18.949  -76.450  0.651 0.8999999762
3411  18.815  -74.709  0.450 0.8000000119
3412  18.042  -75.003  0.751 0.8000000119
3393  17.451  -74.714  1.280 0.8000000119
2967  14.053  -75.228  0.778 0.6999999881
3427  13.755  -74.605  0.487 0.8000000119
3414  12.521  -73.837  0.821 0.8000000119
2957  19.797  -76.045  0.793 0.8999999762
3410  19.773  -74.679  0.301 0.8000000119
123599  13.476  -74.958  -0.318 0.6999999881
2977  12.315  -74.880  -0.504 0.8000000119
2579  11.951  -76.175  -1.666 0.6999999881
3435  10.751  -74.623  -1.252 0.8000000119
2948  22.014  -75.795  1.987 0.6999999881
2526  23.239  -76.404  3.068 0.6999999881
2947  22.863  -75.557  2.027 0.6999999881
490  26.595  -83.611  8.486 0.8000000119
491  25.996  -83.525  8.750 0.8000000119
2524  25.140  -76.337  3.347 0.6999999881
2510  24.421  -76.793  3.922 0.6999999881
2511  23.596  -76.868  3.737 0.6999999881
499  26.068  -83.698  7.972 0.8000000119
500  24.822  -82.737  7.462 0.8999999762
729  23.676  -82.506  5.887 0.8999999762
116674  23.307  -82.523  5.149 0.8999999762
124506  22.798  -82.870  5.225 0.8999999762
545  22.829  -82.948  3.761 0.8999999762
363  22.998  -83.926  3.694 0.8000000119
373  24.407  -84.195  1.883 0.8999999762
554  23.902  -84.138  2.503 0.8000000119
368  24.704  -84.941  2.586 0.8000000119
221  24.802  -84.873  0.051 1.0000000000
217  24.857  -84.934  0.847 1.0000000000
134760  24.892  -85.020  1.475 1.0000000000
226  25.240  -84.656  -1.506 1.0000000000
126816  25.350  -84.753  -3.014 1.0000000000
240  25.535  -84.923  -3.868 0.8999999762
266  24.303  -84.748  -6.885 0.6999999881
248  25.551  -85.008  -4.776 0.8000000119
6553  8.991  -71.340  -19.113 0.6000000238
7191  8.636  -70.022  -18.542 0.6000000238
265  25.528  -84.873  -6.479 0.8000000119
257  25.676  -85.005  -5.743 0.8999999762
124791  24.632  -84.781  -7.695 0.6000000238
274  25.111  -84.742  -6.978 0.6999999881
129925  25.746  -84.823  -6.955 0.8999999762
5892  10.329  -71.905  -17.975 0.6000000238
280  25.171  -84.869  -8.627 0.6000000238
5270  9.497  -72.201  -19.020 0.5000000000
295  24.726  -85.028  -10.345 0.5000000000
294  25.401  -84.648  -10.531 0.5000000000
298  24.698  -84.687  -11.097 0.5000000000
638  24.158  -83.311  -12.491 0.6000000238
634  24.595  -83.795  -11.583 0.5000000000
430  25.855  -83.903  -11.166 0.6999999881
435  23.729  -83.568  -12.392 0.5000000000
440  23.834  -83.868  -13.204 0.5000000000
445  23.921  -83.773  -14.078 0.5000000000
642  24.619  -83.159  -13.381 0.5000000000
446  22.942  -84.074  -14.487 0.4000000060
645  24.629  -83.353  -14.516 0.5000000000
449  23.755  -83.552  -14.890 0.4000000060
652  23.541  -83.168  -15.554 0.4000000060
2927  10.550  -76.049  5.517 0.8999999762
3864  11.835  -74.230  2.700 1.0000000000
3881  12.176  -73.803  2.164 1.0000000000
3905  11.912  -73.677  1.451 0.8999999762
3429  11.849  -74.324  0.030 0.8000000119
129726  11.361  -74.732  -0.659 0.8000000119
3447  10.389  -74.211  -2.019 0.6999999881
2535  23.981  -75.884  2.618 0.6999999881
127281  27.670  -83.288  8.346 0.8000000119
340  26.716  -83.797  7.659 0.8000000119
2525  24.212  -76.373  3.225 0.6999999881
136353  25.170  -82.831  6.841 0.8000000119
717  24.345  -82.533  6.648 0.8000000119
740  24.001  -82.063  5.055 0.8000000119
741  23.461  -82.190  4.232 0.8000000119
555  23.157  -83.415  2.915 0.6999999881
561  24.873  -84.092  1.143 0.8999999762
383  25.094  -84.266  -0.077 1.0000000000
379  25.002  -84.426  0.747 0.8999999762
220  25.268  -84.285  -0.914 1.0000000000
232  25.742  -84.532  -2.312 1.0000000000
133179  25.886  -83.882  -1.386 0.8999999762
239  26.248  -84.629  -3.227 1.0000000000
247  26.313  -84.884  -4.205 1.0000000000
7899  9.074  -67.607  -18.356 0.8000000119
114738  8.828  -68.694  -18.331 0.8000000119
131113  8.303  -69.034  -18.516 0.6999999881
256  26.512  -84.883  -5.731 0.8999999762
132115  26.764  -84.802  -5.219 0.8999999762
7179  9.481  -69.246  -17.792 0.8000000119
6529  9.603  -70.490  -18.302 0.6000000238
7917  8.161  -67.196  -18.948 0.6999999881
279  26.131  -84.746  -8.239 0.8000000119
273  26.383  -84.763  -7.260 0.8999999762
133077  10.051  -69.698  -17.094 0.8000000119
417  26.726  -84.552  -8.839 1.0000000000
416  27.469  -84.308  -8.575 0.8999999762
5250  11.453  -72.040  -16.164 0.5000000000
5226  11.249  -71.615  -15.863 0.6000000238
289  25.330  -84.916  -9.690 0.6000000238
423  25.925  -84.644  -9.972 0.8000000119
426  26.720  -83.735  -10.800 0.8999999762
130356  27.389  -83.739  -10.416 0.8999999762
639  23.518  -83.093  -11.783 0.6999999881
633  25.967  -83.682  -11.061 0.8999999762
632  26.870  -83.332  -10.846 0.8000000119
863  23.870  -82.374  -10.981 0.6000000238
857  24.307  -82.819  -10.713 0.6999999881
871  25.590  -82.229  -12.989 0.6999999881
866  24.165  -82.504  -12.262 0.6999999881
641  25.569  -82.763  -13.591 0.5000000000
644  25.277  -83.132  -14.083 0.5000000000
3377  10.247  -75.260  4.540 1.0000000000
3852  10.742  -74.401  3.491 1.0000000000
3415  11.300  -73.885  0.547 0.8000000119
3913  9.927  -73.470  -0.555 0.8000000119
3933  9.901  -73.145  -3.015 0.4000000060
127584  10.281  -73.859  -2.778 0.6000000238
3923  9.575  -72.975  -1.089 0.8000000119
2938  24.924  -75.839  2.696 0.6999999881
3946  9.721  -73.034  -3.900 0.3000000119
346  27.435  -83.954  6.218 0.8000000119
117854  26.468  -83.841  6.418 0.8000000119
520  26.330  -83.591  5.742 0.8000000119
509  26.272  -83.785  7.137 0.8000000119
521  25.656  -82.852  5.552 0.8000000119
948  24.131  -81.760  4.171 0.8000000119
955  24.400  -81.465  3.434 0.8000000119
762  23.329  -82.505  2.428 0.6999999881
752  23.176  -82.331  3.260 0.6999999881
129462  23.813  -82.613  1.009 0.8000000119
562  23.599  -83.347  2.079 0.6999999881
568  23.985  -83.354  1.343 0.8000000119
792  26.144  -83.219  -0.945 0.8999999762
567  25.273  -83.808  0.360 0.8999999762
573  25.973  -83.543  -0.924 0.8999999762
378  25.439  -83.818  -0.250 1.0000000000
387  26.155  -83.540  -1.446 0.8999999762
388  26.894  -83.979  -2.492 0.8999999762
238  26.987  -84.274  -3.106 0.8999999762
9956  10.306  -64.816  -17.679 1.0000000000
9296  10.251  -65.499  -17.317 0.8999999762
9957  9.787  -64.642  -18.748 0.8999999762
246  27.074  -84.623  -4.578 0.8999999762
8591  9.722  -66.860  -17.262 0.8000000119
8630  8.430  -66.718  -19.108 0.6999999881
9310  8.032  -66.091  -18.969 0.6999999881
255  27.157  -84.616  -5.441 0.8999999762
7876  9.669  -67.953  -17.089 0.8999999762
119516  27.924  -84.271  -6.717 0.8000000119
7167  10.047  -68.758  -16.282 0.8000000119
415  28.200  -84.048  -8.314 0.8999999762
6539  10.417  -70.751  -17.228 0.8000000119
422  26.531  -84.439  -9.723 1.0000000000
5225  11.975  -71.493  -14.899 0.8999999762
627  27.457  -83.330  -10.619 0.8999999762
1313  26.200  -80.434  -12.247 0.8000000119
1076  26.142  -81.368  -12.666 0.6999999881
1307  24.987  -80.450  -10.924 0.8000000119
1298  24.568  -81.150  -10.558 0.6000000238
121636  24.995  -81.732  -9.861 0.6000000238
860  26.899  -82.869  -10.670 0.6999999881
1070  24.585  -81.220  -11.297 0.6999999881
1084  26.693  -81.909  -13.268 0.6999999881
125833  10.245  -73.531  0.221 0.8000000119
127456  9.191  -71.682  -4.688 0.3000000119
4495  9.742  -72.633  -2.468 0.6999999881
338  27.748  -83.793  6.811 0.8000000119
4514  9.467  -72.350  -4.269 0.3000000119
518  28.422  -83.719  5.581 0.8000000119
519  26.877  -83.762  5.180 0.8000000119
532  26.232  -83.183  4.929 0.8000000119
124474  24.644  -81.974  4.676 0.8000000119
784  23.748  -81.829  1.163 0.8000000119
967  23.979  -81.394  2.607 0.8000000119
990  24.096  -81.240  0.442 0.8999999762
793  25.279  -82.558  -0.582 0.8999999762
783  23.997  -82.234  0.449 0.8999999762
782  24.819  -82.884  0.049 0.8999999762
9950  10.609  -64.947  -16.681 1.0000000000
9317  8.816  -65.097  -19.361 0.6999999881
406  28.453  -83.792  -5.939 0.8000000119
137006  28.632  -83.810  -6.647 0.8000000119
1901  26.219  -78.428  -11.125 0.8000000119
410  28.876  -83.698  -7.999 0.8000000119
7875  10.183  -67.832  -15.439 0.8999999762
133279  10.720  -70.286  -15.486 0.8000000119
1600  26.082  -78.792  -11.535 0.8999999762
1601  25.707  -79.100  -10.935 0.6000000238
621  28.474  -83.496  -9.926 0.8000000119
5249  12.309  -71.806  -15.538 0.8999999762
1609  27.305  -79.386  -12.560 0.8999999762
1610  26.399  -79.497  -12.128 0.8999999762
1591  25.674  -79.573  -10.395 0.5000000000
1296  25.627  -80.210  -9.852 0.6000000238
1295  27.274  -80.742  -9.869 0.5000000000
1060  29.001  -81.928  -10.490 0.6000000238
854  28.341  -82.552  -10.603 0.6999999881
124949  13.437  -72.044  -17.321 0.6000000238
5268  13.250  -71.727  -16.531 0.8000000119
1312  27.183  -80.421  -12.741 0.8999999762
1611  25.607  -79.736  -11.404 0.5000000000
1062  25.507  -81.084  -9.666 0.5000000000
115556  26.687  -81.436  -9.804 0.6000000238
855  27.274  -82.280  -10.276 0.6000000238
626  28.355  -83.042  -10.551 0.8000000119
1083  27.433  -81.986  -13.581 0.6000000238
136611  26.744  -80.956  -12.730 0.6999999881
869  28.008  -82.036  -13.829 0.5000000000
117194  26.569  -82.313  -13.633 0.6000000238
648  27.142  -82.273  -14.596 0.4000000060
5742  8.765  -70.908  -5.083 0.3000000119
125442  9.307  -71.119  -4.355 0.6999999881
4502  9.697  -72.318  -3.277 0.6999999881
351  27.606  -83.885  5.481 0.8000000119
531  26.803  -83.451  4.499 0.8000000119
947  24.885  -81.733  4.093 0.8000000119
966  24.786  -81.163  2.831 0.8000000119
979  24.103  -81.118  1.557 0.8000000119
12055  10.390  -61.057  -15.657 0.8999999762
11363  10.544  -61.939  -15.967 1.0000000000
11382  10.750  -62.166  -17.173 1.0000000000
11400  10.589  -62.606  -17.996 1.0000000000
115396  10.890  -62.844  -16.280 1.0000000000
10616  10.796  -64.140  -17.010 1.0000000000
129061  10.465  -63.199  -18.309 0.8999999762
10653  9.322  -63.700  -19.391 0.6999999881
10654  8.325  -64.034  -19.176 0.6000000238
605  29.048  -83.285  -6.225 0.8000000119
113605  10.839  -64.226  -16.071 1.0000000000
405  29.047  -83.551  -7.105 0.8000000119
120127  10.763  -65.952  -15.132 1.0000000000
8590  10.347  -65.900  -16.468 0.8999999762
6519  10.728  -69.544  -14.476 0.8000000119
125152  26.576  -78.315  -10.670 0.6999999881
849  30.599  -82.655  -9.222 0.6999999881
619  29.980  -83.126  -8.984 0.8000000119
126553  11.148  -70.544  -14.704 0.8000000119
1907  27.443  -78.444  -12.647 0.8999999762
129735  26.208  -79.162  -10.317 0.6000000238
126192  27.058  -79.043  -10.259 0.6000000238
624  29.964  -82.832  -9.828 0.8000000119
5902  13.360  -70.876  -16.225 0.8999999762
122688  28.446  -80.922  -10.154 0.6000000238
1294  29.574  -81.099  -10.422 0.6000000238
852  30.645  -82.344  -10.022 0.6000000238
625  29.225  -82.934  -10.225 0.8000000119
5310  12.374  -71.299  -20.713 0.6000000238
5924  13.330  -71.356  -18.290 0.6999999881
5912  13.397  -71.292  -17.238 0.8000000119
1081  29.101  -81.254  -13.574 0.8000000119
1061  27.885  -81.671  -10.167 0.6000000238
1082  28.194  -81.677  -13.543 0.6000000238
874  29.041  -81.781  -14.682 0.6000000238
880  27.369  -82.024  -15.304 0.4000000060
888  27.692  -81.311  -15.879 0.4000000060
5733  8.544  -69.971  -5.147 0.6000000238
115746  10.679  -62.627  -15.296 0.8999999762
133513  10.595  -61.362  -17.730 1.0000000000
126842  10.495  -61.881  -18.332 1.0000000000
10652  9.765  -63.007  -19.303 0.8999999762
10599  10.904  -63.457  -15.655 0.8999999762
11419  9.721  -62.140  -19.338 0.6999999881
833  30.764  -81.826  -7.142 0.6000000238
604  29.909  -82.583  -6.789 0.6999999881
120628  10.529  -67.010  -14.689 0.8999999762
1923  30.172  -78.526  -14.006 0.8999999762
122622  28.878  -77.609  -13.542 0.8000000119
128842  30.759  -82.393  -7.793 0.8000000119
610  30.195  -82.874  -7.455 0.8000000119
7869  10.518  -67.892  -14.236 0.8999999762
1914  29.473  -78.501  -13.600 0.8000000119
1915  28.408  -78.309  -13.180 0.8000000119
1909  26.490  -77.984  -11.706 0.8000000119
2261  26.751  -77.639  -11.334 0.6999999881
7166  10.396  -68.678  -14.911 0.8999999762
5875  12.170  -70.575  -14.206 0.8999999762
6551  13.205  -70.107  -17.033 0.8999999762
1922  30.890  -79.168  -14.181 0.8999999762
1913  30.239  -79.379  -13.727 0.8999999762
1618  29.406  -79.579  -13.329 0.8999999762
2259  27.931  -77.670  -10.691 0.6999999881
1890  28.497  -78.321  -10.596 0.6000000238
1589  28.152  -79.122  -10.375 0.5000000000
848  31.242  -82.179  -9.424 0.6000000238
847  31.906  -81.723  -9.644 0.5000000000
1627  30.899  -80.023  -13.933 1.0000000000
1617  30.261  -80.118  -13.648 0.8999999762
1322  28.875  -80.370  -13.185 1.0000000000
1588  29.207  -79.191  -10.621 0.5000000000
1587  30.067  -80.159  -10.673 0.5000000000
851  31.297  -81.999  -10.127 0.6000000238
4702  13.090  -72.231  -22.265 0.5000000000
5293  12.785  -71.255  -19.466 0.8999999762
117129  31.522  -79.787  -14.484 1.0000000000
1080  29.970  -81.106  -13.896 1.0000000000
1888  30.137  -79.135  -10.964 0.5000000000
1599  30.945  -79.798  -11.035 0.5000000000
1068  31.396  -81.102  -10.646 0.5000000000
1092  30.462  -81.138  -15.058 1.0000000000
113774  29.874  -81.314  -14.482 1.0000000000
1088  29.371  -81.509  -14.068 0.8000000119
124372  30.075  -81.091  -15.710 0.6999999881
1093  29.651  -81.412  -15.206 0.6999999881
885  28.388  -81.410  -15.731 0.4000000060
1097  30.741  -80.506  -16.692 0.6999999881
884  29.286  -81.120  -15.885 0.6000000238
118034  27.263  -81.174  -15.964 0.4000000060
112864  28.813  -80.675  -16.255 0.4000000060
112101  27.994  -80.967  -16.192 0.4000000060
6358  9.908  -70.069  -3.911 0.8000000119
5724  10.333  -70.280  -3.165 0.6999999881
5719  9.866  -71.125  -2.106 0.6999999881
5075  9.441  -71.682  -1.391 0.6999999881
7032  9.414  -68.449  -4.860 0.8000000119
119427  9.796  -71.453  -3.039 0.6000000238
7791  8.836  -67.540  -7.430 0.1000000015
12803  10.699  -60.289  -16.626 1.0000000000
127629  10.301  -60.779  -14.521 0.8999999762
131753  10.354  -61.742  -14.910 0.8999999762
12088  10.361  -60.964  -18.559 1.0000000000
12103  10.194  -61.693  -19.055 0.8000000119
12840  9.686  -60.321  -18.778 0.8000000119
1045  31.179  -81.396  -7.388 0.5000000000
9937  10.754  -65.016  -15.704 1.0000000000
2300  29.664  -77.555  -13.982 0.8999999762
609  31.072  -82.306  -8.514 0.4000000060
2299  30.655  -78.049  -14.434 0.8999999762
2698  27.596  -76.797  -12.635 0.8000000119
2270  27.268  -77.153  -11.321 0.8000000119
1052  32.507  -81.264  -9.027 0.4000000060
845  31.724  -81.796  -8.751 0.4000000060
8553  10.958  -67.210  -13.544 1.0000000000
6503  11.658  -69.399  -13.594 0.8999999762
1921  31.534  -78.862  -14.652 0.8000000119
119438  27.584  -76.639  -11.716 0.8000000119
2679  28.266  -76.344  -11.560 0.6999999881
136831  29.689  -77.710  -11.074 0.6000000238
128556  13.711  -71.265  -24.859 0.8000000119
6527  12.773  -70.156  -14.569 0.8999999762
124199  13.259  -69.910  -16.144 0.8999999762
1634  32.659  -79.533  -15.848 0.8999999762
1900  30.281  -78.317  -11.158 0.5000000000
1058  31.721  -81.498  -10.314 0.5000000000
6618  16.360  -69.689  -24.123 0.8000000119
5973  15.038  -69.414  -24.143 0.8999999762
5332  12.874  -71.633  -23.492 0.6999999881
5318  12.137  -71.001  -21.784 0.8000000119
5913  13.139  -70.535  -17.804 0.8999999762
1329  31.112  -80.396  -14.414 1.0000000000
1598  31.686  -79.528  -11.397 0.5000000000
1305  31.810  -80.371  -11.096 0.5000000000
1067  32.237  -80.972  -10.704 0.5000000000
5333  12.352  -70.673  -23.593 0.8000000119
1333  32.225  -80.038  -15.847 1.0000000000
1334  31.617  -80.414  -15.697 0.8999999762
1337  31.935  -80.171  -16.378 0.8999999762
1339  31.446  -80.170  -16.815 0.8000000119
1098  30.104  -80.578  -16.522 0.6000000238
1340  30.324  -80.054  -16.749 0.6000000238
1646  29.625  -79.349  -16.496 0.5000000000
112102  28.748  -78.805  -16.291 0.5000000000
112714  28.258  -80.518  -16.212 0.4000000060
7023  11.125  -68.863  -3.747 0.8000000119
6364  10.174  -69.343  -4.126 0.8000000119
132127  8.362  -66.484  -5.641 0.4000000060
13620  10.887  -59.615  -15.905 0.8999999762
13619  11.320  -58.829  -16.300 0.8999999762
13633  11.080  -59.380  -17.083 1.0000000000
12819  10.753  -59.883  -17.628 1.0000000000
13632  11.107  -58.634  -17.173 1.0000000000
13644  10.566  -59.345  -17.801 1.0000000000
13655  10.084  -59.828  -18.440 1.0000000000
12841  9.019  -60.196  -18.596 0.8000000119
13656  9.523  -59.637  -18.436 0.8999999762
12089  8.440  -60.924  -18.373 0.8000000119
11344  10.582  -62.442  -14.341 0.8999999762
10586  10.917  -63.304  -14.785 0.8999999762
9921  11.110  -64.947  -14.757 0.8999999762
2709  29.615  -76.487  -14.000 0.6999999881
9244  11.195  -65.623  -14.057 1.0000000000
8559  10.883  -66.387  -14.081 1.0000000000
1932  32.100  -78.458  -15.139 0.8000000119
2697  28.258  -76.179  -12.939 0.8000000119
133344  28.098  -76.108  -11.940 0.6999999881
2678  29.039  -75.961  -11.478 0.6999999881
7147  12.115  -68.572  -13.264 0.8999999762
1931  32.843  -78.920  -15.603 0.8000000119
2268  29.437  -76.926  -11.206 0.6000000238
114736  31.013  -78.258  -11.394 0.4000000060
1057  32.679  -81.276  -10.001 0.4000000060
6517  13.013  -69.153  -14.441 0.8999999762
6537  13.232  -69.104  -16.440 0.8999999762
1633  33.385  -79.023  -16.086 0.8999999762
124554  30.962  -78.963  -11.262 0.5000000000
130425  32.132  -79.318  -11.592 0.5000000000
1293  33.020  -80.871  -10.607 0.4000000060
6617  17.765  -68.965  -23.518 0.6000000238
1336  32.620  -79.886  -16.524 1.0000000000
1597  32.500  -79.789  -11.481 0.5000000000
122308  13.789  -70.024  -24.657 0.8999999762
5974  12.782  -70.724  -24.413 0.8000000119
5936  12.068  -70.273  -19.528 0.8999999762
1335  32.826  -79.808  -16.980 0.8999999762
5948  11.698  -70.478  -21.033 0.8999999762
134306  31.860  -79.375  -17.343 0.8000000119
133898  31.168  -79.792  -17.099 0.5000000000
1645  30.322  -78.939  -16.833 0.5000000000
1640  29.465  -78.407  -16.745 0.5000000000
128265  28.518  -77.789  -17.290 0.4000000060
2313  29.283  -77.870  -17.189 0.6000000238
128446  27.953  -78.199  -17.955 0.3000000119
121385  10.651  -70.352  1.221 1.0000000000
5704  9.304  -70.933  -0.279 1.0000000000
6349  11.912  -69.397  -2.131 0.8999999762
5718  10.479  -70.439  -2.379 0.6999999881
5711  10.430  -70.567  -1.535 0.8000000119
5703  10.248  -70.571  -0.638 0.8000000119
122901  9.141  -71.448  -0.666 0.8000000119
6350  11.046  -69.803  -2.651 0.8000000119
136654  11.347  -59.418  -13.456 0.8999999762
13587  10.474  -60.186  -13.899 0.8999999762
13602  11.167  -59.141  -15.103 0.8999999762
14401  11.631  -58.345  -15.438 0.8999999762
124679  11.751  -56.916  -16.030 1.0000000000
14418  11.435  -58.108  -16.451 1.0000000000
14432  10.233  -58.247  -17.636 1.0000000000
15286  9.466  -57.351  -18.093 1.0000000000
12772  10.367  -60.815  -13.429 0.8999999762
12032  10.341  -61.583  -13.911 0.8999999762
13646  9.307  -59.001  -18.004 0.8000000119
124797  8.729  -59.538  -17.970 0.8000000119
12820  8.054  -60.099  -17.134 0.6999999881
1056  33.178  -80.944  -9.468 0.4000000060
11328  10.672  -62.251  -13.355 0.8999999762
10585  11.270  -64.063  -14.272 0.8999999762
13635  7.760  -59.914  -16.315 0.6000000238
12072  7.470  -61.597  -16.677 0.5000000000
3119  29.733  -75.572  -13.944 0.6999999881
134312  34.033  -80.017  -11.212 0.5000000000
10574  11.426  -63.639  -13.404 0.8999999762
9920  11.496  -64.887  -13.868 0.8999999762
118157  11.886  -67.094  -12.995 1.0000000000
2305  32.661  -77.947  -15.562 0.8000000119
3101  28.521  -75.659  -12.271 0.6999999881
2677  30.100  -76.329  -11.360 0.6000000238
7856  12.404  -67.677  -13.038 1.0000000000
7868  13.523  -68.286  -14.281 0.8999999762
2304  33.479  -78.465  -16.005 0.8000000119
2267  30.492  -77.441  -11.321 0.5000000000
1899  31.777  -78.755  -11.578 0.5000000000
1608  33.184  -79.466  -11.645 0.5000000000
1940  34.020  -78.734  -16.523 0.8999999762
5971  16.859  -69.171  -23.462 0.8999999762
133708  12.649  -68.995  -17.912 0.8999999762
6552  12.708  -69.647  -18.005 0.8999999762
1639  33.318  -79.312  -16.681 0.8999999762
127876  33.700  -79.084  -17.437 0.8999999762
5972  15.994  -69.297  -23.662 0.8000000119
1647  33.260  -78.993  -17.863 0.8999999762
1959  33.472  -78.314  -18.251 1.0000000000
6620  12.179  -70.030  -23.922 0.8999999762
6621  12.195  -70.108  -22.860 0.8999999762
1948  31.969  -78.540  -17.508 0.8999999762
2317  32.076  -77.774  -17.722 1.0000000000
2318  31.273  -77.596  -17.592 1.0000000000
2319  30.536  -77.625  -17.551 0.8999999762
1949  31.057  -78.528  -17.265 0.6999999881
1950  30.071  -78.083  -17.220 0.6000000238
112939  28.716  -78.017  -18.125 0.5000000000
128245  28.289  -79.077  -18.806 0.3000000119
135781  28.339  -79.988  -19.207 0.4000000060
5674  11.413  -69.851  1.581 1.0000000000
6336  12.013  -69.585  0.206 1.0000000000
5689  10.091  -70.552  0.357 0.8999999762
6335  12.483  -69.142  -0.475 1.0000000000
6340  12.002  -69.612  -1.250 0.8999999762
119643  11.172  -70.143  -0.152 1.0000000000
7022  12.064  -68.405  -3.305 0.6999999881
6356  11.605  -69.143  -2.975 0.8000000119
13585  11.975  -58.966  -13.306 0.8000000119
14372  12.381  -58.201  -13.812 0.8999999762
15225  12.634  -57.474  -14.068 0.8000000119
14373  11.657  -58.776  -14.246 0.8999999762
16088  12.569  -56.918  -14.566 0.8999999762
16089  12.198  -56.964  -15.352 0.8999999762
14431  10.846  -57.763  -17.209 1.0000000000
15285  10.171  -57.301  -17.985 1.0000000000
12753  11.207  -60.440  -12.209 0.8000000119
16144  8.810  -56.849  -18.044 1.0000000000
126863  8.458  -57.937  -17.077 0.8000000119
3100  29.128  -74.921  -12.565 0.6000000238
136671  10.704  -61.771  -12.644 0.8999999762
11313  11.039  -62.438  -12.536 0.8999999762
14402  8.164  -58.598  -16.532 0.6999999881
3532  30.028  -74.491  -11.826 0.6000000238
3088  29.838  -75.323  -11.579 0.6000000238
123029  11.643  -64.337  -13.553 0.8999999762
8551  12.391  -66.369  -13.002 1.0000000000
3089  29.138  -75.060  -11.931 0.6000000238
2266  31.568  -77.803  -11.613 0.5000000000
1906  33.372  -78.881  -11.922 0.5000000000
9230  12.910  -65.674  -12.880 0.8999999762
115046  13.228  -67.355  -13.147 1.0000000000
124130  34.654  -78.142  -18.145 0.8000000119
2310  34.463  -78.123  -16.918 0.6999999881
7177  13.472  -68.497  -16.018 0.8999999762
2326  33.586  -77.456  -18.748 1.0000000000
1642  33.971  -78.505  -18.149 0.8999999762
2733  32.430  -76.663  -18.467 0.8999999762
6566  12.110  -69.608  -18.947 0.8999999762
2327  32.695  -77.618  -18.132 1.0000000000
5963  11.680  -70.068  -21.946 0.8999999762
5937  11.481  -70.004  -20.349 0.8999999762
2735  30.907  -76.469  -18.852 1.0000000000
2328  31.592  -76.902  -18.092 1.0000000000
5961  14.448  -69.161  -23.221 0.8000000119
2331  30.375  -77.108  -19.234 1.0000000000
2329  30.533  -77.017  -18.142 1.0000000000
1966  30.130  -78.078  -19.693 1.0000000000
112108  29.911  -77.507  -18.691 0.8000000119
112107  29.041  -78.611  -18.882 0.6000000238
112109  28.953  -79.783  -19.267 0.4000000060
112110  29.975  -79.250  -19.691 1.0000000000
112749  28.994  -80.320  -19.567 0.5000000000
112717  27.391  -81.084  -19.295 0.4000000060
128403  28.235  -81.005  -19.575 0.6000000238
128421  29.738  -79.950  -19.528 0.6999999881
6996  12.138  -68.468  0.807 1.0000000000
6305  11.748  -69.194  1.877 1.0000000000
6306  11.411  -69.319  2.767 1.0000000000
7006  12.435  -68.545  -0.127 1.0000000000
7706  12.534  -68.046  -0.768 1.0000000000
6329  11.994  -69.411  1.052 1.0000000000
6339  12.583  -68.821  -1.497 1.0000000000
7015  12.669  -67.914  -2.706 0.8999999762
14371  13.023  -57.696  -13.382 0.8000000119
16047  12.896  -56.254  -13.131 0.6999999881
14360  12.784  -58.573  -13.124 0.6999999881
16068  13.183  -57.084  -13.185 0.6999999881
16103  12.373  -56.173  -15.057 0.8999999762
13570  14.068  -58.843  -12.318 0.6000000238
118401  12.657  -56.191  -14.258 0.8999999762
16122  11.213  -56.357  -16.684 1.0000000000
13552  12.836  -59.807  -12.079 0.6999999881
17868  11.903  -54.444  -15.337 0.8999999762
123170  11.402  -54.761  -16.125 1.0000000000
16123  10.434  -56.028  -17.520 1.0000000000
16143  9.805  -56.586  -18.101 1.0000000000
12752  11.948  -60.071  -12.051 0.6999999881
114162  11.189  -61.113  -11.826 0.6000000238
16992  10.847  -55.620  -16.980 1.0000000000
16993  10.304  -55.467  -17.130 1.0000000000
17009  9.265  -56.212  -17.513 1.0000000000
126149  32.268  -77.362  -11.878 0.5000000000
126329  32.531  -78.252  -11.868 0.5000000000
135802  11.362  -62.586  -11.894 0.6999999881
10564  12.252  -63.784  -12.075 0.8000000119
9885  12.762  -64.465  -12.529 0.8000000119
17869  10.717  -54.422  -16.232 1.0000000000
15271  7.917  -56.584  -16.599 1.0000000000
15250  8.012  -57.831  -16.312 0.6999999881
3530  30.890  -74.165  -11.739 0.6000000238
3087  30.705  -74.990  -11.639 0.5000000000
120585  30.666  -75.811  -11.507 0.5000000000
2675  32.282  -76.491  -12.007 0.5000000000
9886  11.954  -64.094  -12.899 0.8999999762
9903  12.210  -64.885  -13.099 0.8000000119
8550  13.479  -66.542  -12.953 1.0000000000
116754  7.752  -57.035  -15.320 0.6000000238
2676  31.284  -76.721  -11.599 0.5000000000
7867  14.296  -67.379  -14.433 1.0000000000
134524  25.833  -71.253  -14.939 0.8000000119
5869  24.900  -70.086  -14.597 0.8000000119
6526  24.505  -69.608  -15.287 0.8999999762
7886  13.540  -67.682  -16.545 0.8999999762
112917  34.210  -76.801  -19.471 0.8000000119
112121  32.801  -75.684  -19.182 0.6999999881
3630  30.589  -75.084  -23.129 0.6000000238
3626  29.987  -74.283  -23.154 0.5000000000
4641  27.010  -72.265  -15.567 0.8000000119
5239  25.918  -71.408  -15.493 0.8000000119
6536  24.707  -69.699  -16.173 0.8999999762
117531  23.923  -68.588  -16.750 0.8000000119
7915  12.565  -67.487  -18.311 0.8000000119
7190  12.705  -68.360  -17.899 0.8000000119
3147  32.223  -75.937  -18.858 0.8999999762
112897  31.342  -76.292  -20.843 0.8000000119
115193  31.803  -76.265  -22.701 0.8000000119
3174  31.206  -76.109  -23.117 0.6000000238
3175  29.948  -75.810  -23.035 0.6000000238
4651  26.820  -72.454  -16.355 0.8000000119
5258  26.316  -71.797  -15.954 0.8999999762
5898  25.324  -70.501  -16.351 0.8999999762
7203  23.795  -67.750  -18.262 0.8999999762
131407  23.833  -67.297  -19.127 0.8999999762
8656  22.401  -66.270  -20.605 0.8999999762
8657  21.617  -66.414  -20.480 0.8999999762
115912  12.053  -68.115  -18.819 0.8999999762
7221  11.610  -68.799  -19.507 0.8000000119
112113  31.417  -75.958  -19.480 0.8999999762
116364  26.449  -71.945  -16.731 0.8000000119
5275  26.354  -71.610  -17.586 0.8000000119
127469  25.303  -69.639  -17.851 0.8999999762
6557  25.645  -69.480  -18.670 0.8999999762
7214  24.976  -67.729  -19.775 0.8000000119
8672  21.295  -66.231  -21.690 0.8999999762
7244  18.621  -67.521  -22.024 0.8999999762
5958  17.286  -69.741  -21.325 0.8999999762
122550  16.570  -69.910  -21.325 0.8999999762
6607  11.396  -69.105  -21.622 0.8999999762
6583  11.255  -69.201  -20.459 0.8999999762
2739  30.904  -76.732  -19.943 0.8999999762
4102  26.766  -73.534  -17.356 0.8000000119
4663  26.619  -72.638  -17.182 0.8000000119
6572  26.054  -69.290  -19.553 0.8999999762
5962  13.089  -69.442  -23.590 1.0000000000
113008  30.838  -78.275  -20.513 0.8999999762
128353  30.303  -79.739  -19.944 1.0000000000
1342  30.693  -79.306  -20.441 0.8999999762
1349  27.481  -80.573  -21.505 0.6999999881
1350  26.661  -80.755  -21.915 0.6999999881
1104  25.557  -81.136  -21.917 0.6999999881
1344  29.707  -80.166  -20.199 0.8000000119
1348  29.020  -80.306  -21.046 0.8000000119
1346  28.036  -80.735  -20.658 0.6999999881
1101  27.004  -81.130  -20.834 0.6999999881
1659  25.586  -80.444  -22.529 0.6999999881
136392  25.612  -79.854  -21.677 0.6999999881
2742  24.995  -76.645  -19.831 0.6000000238
1345  28.833  -80.521  -20.131 0.8999999762
116518  11.529  -67.642  0.033 1.0000000000
7714  12.522  -67.628  -1.514 1.0000000000
7021  12.338  -67.587  -3.515 0.8999999762
117120  11.174  -66.458  -4.572 0.6999999881
9138  11.794  -65.696  -4.335 0.6999999881
125840  9.257  -64.598  -4.678 0.5000000000
129450  8.190  -64.312  -4.854 0.6000000238
15146  15.585  -57.334  -9.379 0.4000000060
115877  14.516  -56.817  -10.651 0.4000000060
16029  14.188  -56.929  -11.467 0.4000000060
119755  13.616  -56.651  -11.853 0.5000000000
119140  12.895  -55.544  -11.696 0.5000000000
115629  15.683  -57.763  -10.361 0.4000000060
16013  15.098  -57.063  -9.973 0.4000000060
15182  14.195  -57.416  -12.187 0.4000000060
16925  12.827  -55.480  -12.502 0.6999999881
17830  12.693  -54.694  -12.831 0.6999999881
18710  12.602  -53.919  -13.242 0.8999999762
17846  12.594  -54.733  -13.754 0.8999999762
14345  15.887  -58.761  -11.215 0.4000000060
133124  15.161  -57.406  -10.812 0.4000000060
14358  14.277  -58.148  -12.416 0.6000000238
16938  12.692  -55.677  -13.780 0.8999999762
16955  12.454  -55.280  -14.636 0.8999999762
135259  12.347  -54.391  -14.533 0.8999999762
19644  11.779  -52.317  -14.521 0.8999999762
14346  15.308  -58.531  -11.573 0.4000000060
18742  11.393  -53.623  -15.424 0.8999999762
17892  9.674  -54.943  -16.214 1.0000000000
18744  9.842  -53.686  -15.330 1.0000000000
1905  34.382  -78.644  -12.293 0.4000000060
12741  13.893  -60.321  -11.284 0.6000000238
130596  13.219  -60.226  -11.554 0.6000000238
12743  11.726  -60.838  -11.532 0.6000000238
133810  8.817  -55.859  -16.836 1.0000000000
16978  8.616  -54.787  -15.143 1.0000000000
116822  31.504  -75.728  -11.738 0.5000000000
120892  33.347  -78.104  -12.207 0.5000000000
12010  11.615  -61.600  -11.262 0.6000000238
10557  11.855  -63.026  -11.591 0.6000000238
9884  13.759  -64.571  -12.375 0.6999999881
16105  7.830  -56.340  -15.703 1.0000000000
9243  15.483  -65.967  -14.058 0.8000000119
131131  14.849  -66.750  -14.018 0.8000000119
9955  14.237  -64.427  -17.477 0.6000000238
9294  14.343  -65.092  -16.905 0.6000000238
8588  14.658  -66.281  -15.779 0.6000000238
8570  14.445  -67.049  -15.345 0.8000000119
8589  14.093  -66.992  -16.205 0.8999999762
16957  7.960  -55.797  -14.854 0.8000000119
135211  13.674  -64.769  -18.043 0.5000000000
132143  14.075  -65.992  -16.772 0.6999999881
121514  13.484  -66.838  -17.071 0.8000000119
4130  29.727  -73.028  -21.187 0.5000000000
4099  28.843  -73.229  -17.793 0.6000000238
4089  28.110  -72.814  -16.508 0.8000000119
4650  27.363  -72.712  -16.277 0.8000000119
7174  24.109  -68.950  -15.941 0.8999999762
7881  22.304  -67.408  -16.616 0.8999999762
8603  21.697  -67.099  -17.629 0.8000000119
9306  13.228  -65.381  -18.251 0.6000000238
8627  12.805  -66.132  -18.456 0.6000000238
7887  13.060  -67.574  -17.437 0.8000000119
3627  29.444  -74.619  -22.295 0.5000000000
4100  28.024  -73.507  -17.334 0.8000000119
7880  22.872  -67.817  -16.423 0.8000000119
7894  22.905  -67.541  -17.289 0.8000000119
8623  22.969  -66.633  -19.121 0.8000000119
119476  22.193  -66.455  -19.461 0.8999999762
7931  20.303  -67.344  -19.627 1.0000000000
128907  19.065  -67.710  -21.001 1.0000000000
7937  11.526  -67.388  -20.214 0.8000000119
2757  31.552  -77.625  -23.535 0.6999999881
2755  29.510  -76.825  -22.659 0.6999999881
2752  28.992  -76.084  -22.498 0.6999999881
3597  27.915  -74.593  -18.694 0.8000000119
4090  27.425  -73.273  -16.925 0.8000000119
8640  23.553  -66.611  -19.749 0.8000000119
119163  23.725  -66.317  -20.634 0.8999999762
5932  17.934  -70.002  -20.467 1.0000000000
5944  17.055  -70.280  -20.417 1.0000000000
7222  11.242  -68.297  -20.565 0.8999999762
2343  31.156  -77.857  -23.550 0.8000000119
136294  30.796  -77.701  -23.424 0.6999999881
2342  29.759  -77.770  -22.974 0.6999999881
3155  27.918  -75.251  -19.572 0.8000000119
3587  27.562  -74.179  -17.866 0.8000000119
4673  26.211  -72.910  -18.615 0.8999999762
133499  26.574  -71.041  -19.184 0.8999999762
6571  26.680  -70.492  -20.069 0.8999999762
7930  24.305  -66.854  -20.079 0.8999999762
8654  24.476  -66.472  -20.928 0.8000000119
5945  16.152  -70.068  -20.712 0.8999999762
5947  14.434  -69.155  -22.071 0.8999999762
127561  12.207  -68.633  -22.272 0.8999999762
7234  11.319  -68.354  -21.329 1.0000000000
1666  30.827  -78.873  -23.271 0.8000000119
1977  30.456  -78.449  -23.480 0.6999999881
4683  26.459  -72.040  -19.150 0.6999999881
134801  26.571  -71.390  -20.146 0.6999999881
6594  14.267  -68.993  -21.742 0.8000000119
128415  31.740  -78.833  -21.725 0.8999999762
1655  30.696  -79.351  -21.720 0.8000000119
1356  27.984  -80.182  -22.803 0.8000000119
133694  26.697  -80.348  -22.849 0.8000000119
1358  26.326  -80.105  -23.474 0.8000000119
133299  25.396  -74.613  -19.575 0.6999999881
4693  26.329  -72.348  -20.340 0.6999999881
1656  29.934  -79.611  -22.222 0.8000000119
1352  29.147  -80.074  -22.238 0.8000000119
2337  26.207  -78.189  -20.463 0.6999999881
2332  25.618  -77.367  -20.015 0.6999999881
3611  25.043  -75.273  -19.831 0.6000000238
7707  12.003  -67.478  -0.789 1.0000000000
118948  12.523  -67.031  -2.156 0.8999999762
9126  12.410  -65.793  -3.674 0.8000000119
9797  10.327  -64.416  -4.397 0.8000000119
10488  9.207  -63.930  -4.416 0.6999999881
8476  7.798  -65.916  -6.339 0.3000000119
9799  7.508  -63.908  -5.229 0.5000000000
9151  7.446  -65.046  -5.967 0.4000000060
15138  16.816  -57.725  -8.225 0.3000000119
15139  16.127  -57.503  -8.807 0.3000000119
15140  15.560  -57.054  -8.568 0.3000000119
15986  14.366  -56.215  -7.855 0.2000000030
116189  14.544  -56.554  -9.692 0.4000000060
16900  13.089  -55.762  -10.049 0.2000000030
16918  12.952  -55.664  -10.912 0.4000000060
15145  16.202  -57.861  -9.683 0.4000000060
17822  12.719  -54.773  -11.962 0.6000000238
115776  12.662  -53.080  -12.862 0.8999999762
13548  16.456  -59.579  -10.871 0.3000000119
13549  15.565  -59.164  -11.383 0.4000000060
19636  12.380  -52.386  -13.702 0.8999999762
133163  15.095  -59.551  -11.402 0.4000000060
12740  14.729  -60.371  -10.948 0.6000000238
11994  14.511  -62.036  -10.196 0.5000000000
11296  14.007  -62.990  -10.806 0.5000000000
19645  11.013  -52.388  -14.971 1.0000000000
17870  10.095  -54.300  -16.034 1.0000000000
12722  13.211  -60.922  -10.955 0.6000000238
11285  13.748  -62.321  -10.400 0.5000000000
10555  13.525  -63.425  -11.391 0.5000000000
10562  14.194  -64.013  -11.941 0.6999999881
18743  10.687  -53.719  -15.698 1.0000000000
18727  8.647  -53.458  -14.386 1.0000000000
11996  12.362  -61.441  -10.844 0.6000000238
11298  12.259  -62.631  -10.936 0.5000000000
9901  14.486  -65.021  -12.727 0.8000000119
16956  8.174  -54.977  -14.740 1.0000000000
9919  15.279  -64.290  -13.773 0.6000000238
9242  15.637  -65.226  -14.481 0.8000000119
9949  14.830  -64.417  -16.592 0.5000000000
9262  15.376  -65.596  -15.216 0.6000000238
4120  29.183  -73.496  -19.682 0.6000000238
4661  29.303  -72.515  -17.495 0.6999999881
8583  21.734  -67.226  -16.726 0.8999999762
131255  20.927  -67.253  -17.393 0.8999999762
3166  28.858  -75.020  -21.501 0.6999999881
4121  28.654  -74.007  -19.121 0.6999999881
8625  20.850  -67.031  -18.720 0.8999999762
7218  18.728  -69.078  -19.091 1.0000000000
9307  12.615  -65.414  -19.255 0.5000000000
8645  11.761  -66.666  -19.945 0.6999999881
3620  28.587  -74.776  -20.420 0.8000000119
3610  28.415  -74.553  -19.540 0.8000000119
6580  15.277  -69.571  -19.974 0.8000000119
8663  11.679  -66.690  -20.685 0.6999999881
7953  11.445  -67.524  -21.018 0.8000000119
131889  29.178  -78.419  -23.454 0.6999999881
2756  28.808  -76.808  -22.304 0.6999999881
3167  28.276  -75.534  -20.700 0.8000000119
2748  27.155  -76.917  -20.300 0.8000000119
6595  13.103  -68.692  -22.351 0.8999999762
125070  11.677  -68.479  -21.877 0.8000000119
4684  26.092  -73.072  -19.553 0.8000000119
1663  28.674  -79.754  -23.154 0.8999999762
1661  30.351  -79.251  -22.839 0.8000000119
1357  27.101  -80.153  -23.285 0.6999999881
1658  25.849  -79.709  -22.688 0.8000000119
3600  25.665  -74.673  -18.856 0.8999999762
7715  12.162  -67.075  -1.627 0.8999999762
8408  12.219  -66.352  -2.057 0.8000000119
135481  12.523  -65.625  -2.652 0.8999999762
8416  12.662  -66.040  -3.030 0.8999999762
9771  12.272  -64.467  -2.865 0.8999999762
9784  11.439  -64.300  -3.816 0.6999999881
9785  10.446  -63.525  -3.898 0.8000000119
10476  8.979  -63.153  -4.107 0.8000000119
11205  7.923  -61.681  -4.041 0.5000000000
11219  7.928  -62.656  -4.488 0.5000000000
11220  7.556  -62.215  -4.869 0.5000000000
122176  9.137  -63.829  -6.597 0.2000000030
9824  8.419  -64.329  -6.692 0.2000000030
10491  7.563  -63.591  -5.485 0.5000000000
129305  7.510  -63.906  -5.905 0.4000000060
15123  15.997  -57.068  -7.834 0.3000000119
16883  13.299  -55.752  -9.064 0.2000000030
16901  12.601  -55.100  -10.148 0.2000000030
17793  12.255  -54.352  -10.407 0.3000000119
17808  12.522  -54.081  -11.370 0.5000000000
21414  12.269  -50.322  -13.597 0.8999999762
14329  16.633  -58.831  -10.781 0.4000000060
12738  16.764  -60.853  -10.586 0.3000000119
12719  16.031  -61.409  -10.392 0.3000000119
20498  11.797  -50.934  -14.179 0.8999999762
11284  14.743  -62.587  -10.530 0.5000000000
20512  11.356  -51.644  -14.472 0.8999999762
21433  11.116  -50.830  -14.426 1.0000000000
19646  10.202  -52.419  -14.840 1.0000000000
20514  9.729  -51.863  -14.409 1.0000000000
11993  15.607  -62.251  -10.296 0.3000000119
19647  9.219  -52.708  -14.518 1.0000000000
11312  14.728  -63.417  -12.019 0.6000000238
9883  14.595  -64.426  -12.557 0.8000000119
19637  8.242  -52.864  -14.034 1.0000000000
14446  13.840  -58.826  -18.862 0.5000000000
121951  13.658  -59.674  -18.714 0.5000000000
12838  13.914  -60.569  -18.460 0.5000000000
113940  8.187  -53.590  -14.011 0.8999999762
11399  14.229  -62.708  -17.993 0.6000000238
11380  14.437  -62.979  -17.143 0.5000000000
10598  15.145  -63.899  -15.779 0.5000000000
10584  15.215  -63.852  -14.660 0.6000000238
17831  8.227  -54.424  -14.136 0.8999999762
117441  8.385  -53.977  -13.259 0.8999999762
10651  14.156  -63.341  -18.678 0.6000000238
10634  14.576  -63.802  -17.143 0.6000000238
122674  20.364  -67.547  -17.656 1.0000000000
9966  13.870  -64.120  -18.309 0.5000000000
10688  13.265  -64.222  -20.674 0.5000000000
9316  12.340  -65.064  -20.278 0.6000000238
8644  11.950  -65.851  -20.304 0.6999999881
1978  28.942  -78.264  -23.010 0.8000000119
2340  28.340  -77.230  -21.929 0.8000000119
133891  27.808  -78.198  -21.849 0.8000000119
2336  27.110  -77.777  -20.809 0.6999999881
7246  12.948  -67.992  -21.807 0.8000000119
7248  11.724  -67.672  -21.469 0.6999999881
1668  29.017  -79.174  -23.832 0.6999999881
123363  28.249  -78.610  -23.003 0.8000000119
1976  27.533  -79.039  -22.705 0.6999999881
1969  26.925  -78.637  -21.202 0.8999999762
1669  27.946  -79.419  -23.551 0.8999999762
130837  26.912  -79.500  -23.253 0.8000000119
2749  26.412  -77.462  -20.244 0.8000000119
8409  11.357  -66.533  -1.784 0.8000000119
9108  11.853  -65.511  -1.819 0.8000000119
9756  12.225  -64.733  -1.871 0.8000000119
10465  12.286  -63.742  -2.078 0.8000000119
11203  11.029  -62.819  -3.237 0.8000000119
132688  9.893  -62.815  -3.650 0.8000000119
11922  8.947  -61.796  -3.320 0.8000000119
10512  8.450  -63.608  -6.420 0.2000000030
11936  7.556  -61.245  -4.671 0.5000000000
11237  7.881  -62.409  -5.591 0.4000000060
115942  7.616  -61.823  -5.063 0.5000000000
16860  14.003  -55.781  -6.985 0.2000000030
16872  12.808  -55.341  -8.374 0.2000000030
17777  11.696  -54.078  -8.159 0.2000000030
18672  11.474  -53.240  -8.192 0.4000000060
14291  17.653  -58.234  -8.051 0.2000000030
16871  13.467  -55.682  -7.887 0.2000000030
16884  12.597  -55.266  -9.210 0.2000000030
18680  11.474  -52.942  -9.109 0.4000000060
18687  11.843  -53.015  -10.026 0.4000000060
14306  17.338  -58.386  -9.034 0.2000000030
19608  12.497  -52.026  -11.455 0.8000000119
19619  12.672  -51.992  -12.576 0.8999999762
21401  12.578  -50.374  -12.641 0.8999999762
14317  16.904  -58.398  -9.964 0.3000000119
14316  17.428  -59.114  -10.286 0.3000000119
13547  17.549  -60.476  -10.552 0.3000000119
11992  16.760  -62.089  -10.405 0.3000000119
22468  11.926  -49.291  -13.784 0.8999999762
21415  11.573  -50.001  -14.219 0.8999999762
21416  10.751  -49.971  -14.221 1.0000000000
21417  9.624  -50.482  -13.771 1.0000000000
11311  15.708  -62.881  -11.733 0.4000000060
115774  14.845  -63.137  -11.136 0.5000000000
20500  9.145  -51.300  -13.944 1.0000000000
11326  15.043  -62.881  -12.938 0.5000000000
116696  14.929  -62.843  -13.745 0.5000000000
19620  7.934  -52.486  -12.937 1.0000000000
13642  13.995  -58.892  -17.490 0.4000000060
12070  13.885  -61.242  -17.111 0.5000000000
12069  14.255  -61.443  -16.108 0.5000000000
126220  15.012  -63.519  -13.888 0.6000000238
19609  8.250  -52.553  -11.919 0.8999999762
17823  8.721  -54.103  -12.180 0.6000000238
12087  13.841  -61.260  -17.905 0.5000000000
117713  14.110  -62.141  -16.579 0.5000000000
121396  14.592  -62.993  -16.157 0.5000000000
122833  14.816  -63.049  -14.411 0.5000000000
18711  8.321  -53.259  -12.578 0.8999999762
9330  12.543  -65.252  -21.718 0.6000000238
7969  12.119  -66.867  -21.489 0.6999999881
128605  10.882  -65.931  -1.965 0.8999999762
122894  10.936  -65.167  -1.583 0.8999999762
10430  12.110  -63.212  -0.884 0.8000000119
11202  11.957  -62.946  -2.325 0.8000000119
129279  11.322  -61.488  -1.872 0.8999999762
12653  8.998  -61.177  -2.937 0.8000000119
133714  8.348  -61.450  -3.388 0.6999999881
11923  7.533  -60.872  -4.050 0.6999999881
11952  7.829  -61.393  -5.315 0.4000000060
14275  18.713  -58.304  -6.867 0.2000000030
15099  17.606  -57.286  -6.404 0.2000000030
15121  17.379  -57.623  -7.291 0.2000000030
15964  16.212  -56.753  -6.945 0.2000000030
15947  15.162  -56.137  -6.616 0.2000000030
16851  14.066  -55.195  -6.613 0.2000000030
14289  19.356  -59.154  -7.306 0.2000000030
14290  18.045  -58.133  -7.375 0.2000000030
17769  12.216  -54.240  -7.483 0.2000000030
19602  11.588  -52.252  -9.790 0.4000000060
20470  11.855  -51.511  -10.513 0.6999999881
21396  12.419  -49.926  -11.839 0.8999999762
126448  18.469  -58.784  -7.800 0.2000000030
121586  17.984  -58.741  -8.589 0.2000000030
13518  18.107  -59.621  -10.058 0.3000000119
22459  12.028  -48.560  -13.272 0.8999999762
23469  11.361  -48.036  -13.337 0.8999999762
23471  9.705  -48.620  -12.442 1.0000000000
22462  8.906  -49.422  -12.229 1.0000000000
13546  18.500  -60.841  -10.474 0.3000000119
12737  18.262  -61.589  -10.685 0.3000000119
132919  17.496  -61.538  -10.534 0.3000000119
23476  11.094  -48.389  -13.730 0.8999999762
22470  10.644  -49.111  -13.777 0.8999999762
12008  18.511  -62.149  -11.310 0.3000000119
11295  17.791  -62.411  -11.124 0.3000000119
125515  16.496  -62.861  -11.000 0.3000000119
131304  14.762  -57.796  -18.532 0.4000000060
12019  17.116  -62.311  -12.565 0.3000000119
12020  16.148  -62.275  -12.786 0.4000000060
11325  15.446  -62.409  -13.101 0.4000000060
14429  13.942  -58.335  -18.175 0.4000000060
12818  14.018  -60.336  -17.179 0.5000000000
12031  15.012  -62.180  -13.797 0.5000000000
117028  8.513  -52.969  -11.006 0.6000000238
116705  14.608  -60.830  -15.786 0.4000000060
11362  14.415  -62.204  -15.615 0.5000000000
124303  8.212  -50.065  -9.827 1.0000000000
114147  8.314  -52.229  -10.940 0.8000000119
115528  8.208  -51.958  -10.063 0.6999999881
10447  11.074  -64.281  -1.019 0.8999999762
10431  11.339  -63.414  -0.688 0.8999999762
11879  11.846  -61.890  -0.513 0.8000000119
12628  11.021  -60.791  -1.634 0.8999999762
11909  10.374  -61.172  -2.459 0.8999999762
13408  10.870  -60.184  -1.117 0.8999999762
12629  10.150  -60.162  -1.802 0.8999999762
13428  8.774  -59.959  -2.058 0.8999999762
120789  8.208  -60.533  -2.747 0.6000000238
133702  7.381  -60.294  -4.234 0.6999999881
13430  7.250  -59.290  -3.287 0.5000000000
13466  7.429  -60.072  -4.569 0.4000000060
15945  16.448  -56.483  -6.154 0.2000000030
17758  13.604  -54.723  -6.747 0.2000000030
19594  11.400  -52.357  -8.336 0.4000000060
20471  11.449  -50.889  -9.870 0.6999999881
21397  11.830  -50.497  -10.671 0.6999999881
116117  11.902  -48.302  -11.421 0.6999999881
23462  9.023  -48.509  -11.689 1.0000000000
23456  8.554  -48.328  -10.901 1.0000000000
13507  19.470  -59.885  -8.627 0.2000000030
13517  18.845  -59.918  -9.466 0.2000000030
13526  18.663  -60.321  -10.171 0.3000000119
22453  12.231  -48.839  -12.213 0.8999999762
23460  11.619  -47.836  -12.516 0.8999999762
24413  11.054  -47.435  -12.667 0.8999999762
23461  9.753  -47.744  -12.132 0.8999999762
12030  15.795  -61.598  -13.665 0.5000000000
134985  15.270  -61.681  -13.923 0.4000000060
12041  15.463  -61.069  -14.397 0.4000000060
12054  14.580  -61.465  -15.195 0.4000000060
11862  10.685  -61.218  0.532 0.8000000119
12617  11.671  -60.541  0.040 0.8999999762
13407  11.385  -60.043  -0.396 0.8000000119
14203  9.949  -59.138  -0.881 0.8999999762
127242  9.005  -59.403  -1.526 0.8999999762
13410  7.773  -59.368  -1.902 0.6999999881
14205  7.169  -58.699  -1.655 0.6000000238
13429  7.570  -59.749  -2.665 0.6000000238
13465  7.670  -59.584  -4.705 0.4000000060
19565  11.965  -52.886  -7.310 0.3000000119
20461  11.414  -50.812  -9.218 0.4000000060
22448  11.900  -49.382  -10.729 0.6999999881
23455  11.559  -47.431  -11.227 0.8999999762
24401  9.189  -47.604  -11.312 1.0000000000
24399  10.723  -46.595  -11.974 0.8999999762
24390  9.308  -46.715  -10.923 0.8999999762
13369  10.800  -59.704  2.087 0.8000000119
12588  10.431  -60.220  1.545 0.8000000119
117515  9.146  -60.268  1.550 0.8000000119
12605  11.075  -60.560  0.923 0.8000000119
14168  11.321  -58.485  1.765 0.8999999762
13379  11.476  -59.489  0.937 0.8999999762
13393  11.111  -59.258  -0.320 0.8999999762
14189  10.554  -58.593  -0.214 0.8999999762
14190  9.273  -58.572  -0.510 0.8999999762
14204  8.433  -58.977  -1.212 0.8999999762
14237  8.229  -58.041  -4.109 0.3000000119
14238  7.306  -58.499  -3.606 0.3000000119
14217  6.952  -58.417  -2.653 0.6000000238
15045  9.024  -57.557  -3.595 0.3000000119
15047  6.994  -57.893  -3.048 0.3000000119
21377  11.577  -50.249  -9.196 0.6000000238
21389  11.524  -50.248  -9.790 0.6999999881
21361  11.609  -50.676  -8.787 0.4000000060
23440  11.874  -48.014  -10.037 0.6999999881
24389  11.484  -46.803  -10.353 0.8999999762
22414  12.362  -49.469  -9.149 0.4000000060
22435  12.126  -48.822  -9.508 0.6999999881
25293  10.625  -46.197  -11.199 0.8999999762
25281  9.351  -46.045  -10.266 0.8999999762
25282  8.769  -46.593  -10.170 0.8999999762
120935  12.798  -47.821  -9.348 0.6000000238
123296  11.964  -47.031  -9.630 0.6999999881
25246  8.840  -46.118  -8.722 0.8999999762
24341  8.913  -46.636  -7.979 0.8999999762
23438  13.568  -48.040  -9.211 0.3000000119
24339  13.225  -47.130  -7.997 0.6000000238
127879  12.551  -46.809  -7.598 0.6999999881
23391  13.783  -47.719  -7.827 0.4000000060
24300  13.036  -47.474  -6.128 0.6999999881
23368  14.114  -48.638  -6.208 0.5000000000
23369  13.620  -47.908  -6.708 0.5000000000
23349  13.626  -48.716  -5.296 0.5000000000
22347  14.497  -49.527  -5.328 0.4000000060
22348  13.830  -49.479  -4.601 0.5000000000
23335  12.982  -48.901  -4.611 0.6000000238
13356  10.252  -59.563  2.788 0.8000000119
13343  9.682  -59.420  3.417 0.8000000119
13342  10.524  -59.241  3.390 0.8000000119
14963  11.148  -58.158  2.994 0.8000000119
14159  11.283  -58.665  2.501 0.8000000119
14977  10.741  -57.761  1.707 0.8999999762
14179  11.115  -58.289  1.004 0.8999999762
14965  9.952  -57.320  2.296 0.8999999762
14991  10.320  -57.756  0.772 0.8999999762
14992  9.229  -57.615  0.584 0.8999999762
15002  8.517  -58.193  0.023 0.8999999762
14191  7.755  -58.514  -0.730 0.8000000119
120180  6.791  -58.179  -1.887 0.6000000238
15034  8.661  -57.051  -3.085 0.3000000119
15035  7.518  -57.242  -2.853 0.4000000060
15036  6.828  -57.574  -2.289 0.4000000060
15903  6.781  -56.694  -1.659 0.4000000060
126353  11.462  -46.440  -9.675 0.8000000119
124610  10.540  -45.951  -9.095 0.8999999762
25245  9.308  -45.947  -8.578 0.8999999762
25228  11.625  -46.477  -7.840 0.6999999881
24316  10.879  -47.023  -6.452 0.8999999762
133847  9.068  -46.146  -8.236 0.8999999762
125770  11.709  -47.123  -6.265 0.8999999762
114354  9.608  -47.810  -6.820 0.8999999762
23392  9.081  -47.934  -7.406 0.8999999762
23413  14.137  -48.107  -8.706 0.3000000119
23350  12.789  -48.013  -5.257 0.6000000238
24315  12.441  -47.085  -6.602 0.6999999881
24302  11.283  -47.606  -5.856 0.8999999762
23372  8.826  -49.311  -7.209 1.0000000000
134151  8.470  -48.518  -8.552 1.0000000000
120873  14.539  -48.800  -6.955 0.3000000119
23336  12.069  -48.706  -4.647 0.8999999762
22416  8.204  -49.425  -8.310 1.0000000000
22394  15.098  -49.231  -7.208 0.3000000119
22325  13.273  -49.682  -3.947 0.6999999881
21348  7.804  -49.965  -7.712 0.8999999762
21362  7.754  -50.133  -8.258 0.8000000119
22371  14.867  -49.377  -6.302 0.4000000060
22324  14.173  -50.074  -3.821 0.6999999881
117191  14.541  -49.987  -4.477 0.4000000060
14978  9.632  -57.368  1.334 1.0000000000
14979  8.319  -57.229  1.034 1.0000000000
125198  7.406  -57.501  0.503 0.8000000119
15004  6.562  -57.483  -0.593 0.6999999881
15005  6.264  -56.863  -0.141 0.6999999881
15019  6.581  -57.534  -1.404 0.5000000000
15020  6.341  -56.906  -0.824 0.6000000238
15911  9.485  -56.558  -2.575 0.2000000030
15902  7.698  -56.120  -2.049 0.2000000030
25208  10.148  -46.573  -6.976 0.8999999762
136342  10.600  -47.698  -6.147 0.8999999762
24317  10.098  -47.286  -6.590 0.8999999762
23371  9.391  -48.863  -6.789 0.8999999762
23352  10.669  -48.623  -5.687 0.8999999762
22349  10.333  -50.205  -5.676 0.8999999762
22350  9.355  -50.472  -5.976 0.8000000119
18681  8.428  -53.845  -9.826 0.4000000060
20462  8.045  -51.795  -9.210 0.6000000238
23390  14.587  -48.426  -7.896 0.3000000119
22326  12.380  -49.451  -4.064 0.8000000119
23337  11.113  -49.083  -4.878 0.8999999762
22372  8.933  -50.068  -6.642 0.8999999762
22373  8.277  -50.122  -6.824 0.8999999762
21363  7.586  -50.870  -8.085 0.6000000238
21279  12.014  -50.493  -2.659 0.8999999762
21280  10.899  -50.761  -3.107 0.8999999762
22396  7.812  -50.224  -7.017 0.8999999762
116868  7.405  -50.848  -7.067 0.6999999881
21278  13.013  -50.450  -2.529 0.8999999762
120849  13.805  -50.360  -2.479 0.6999999881
14941  10.895  -57.814  4.400 0.8000000119
14964  10.805  -57.726  2.683 0.8999999762
15831  9.732  -56.740  3.865 0.8999999762
16708  9.837  -56.035  5.564 0.8000000119
15848  9.161  -56.949  2.918 1.0000000000
15863  8.756  -57.085  1.953 1.0000000000
15864  7.646  -56.938  1.661 0.8999999762
14980  6.987  -56.954  0.928 0.8999999762
16807  8.519  -55.594  -1.426 0.2000000030
16801  6.365  -55.853  -0.263 0.4000000060
16808  7.319  -55.782  -1.330 0.2000000030
119285  7.397  -51.669  -6.590 0.4000000060
18659  7.698  -53.496  -7.580 0.2000000030
22328  10.629  -50.440  -4.746 0.8999999762
21293  9.775  -50.796  -5.121 0.8999999762
132577  8.837  -50.421  -5.214 0.8000000119
20448  7.786  -51.744  -8.394 0.5000000000
21261  10.462  -50.602  -2.484 0.8999999762
21282  9.155  -50.452  -4.186 0.8000000119
115491  8.087  -50.095  -5.455 0.8999999762
22352  7.325  -50.194  -5.437 0.8999999762
21239  10.938  -50.297  -1.836 0.8999999762
22329  8.050  -49.693  -4.406 0.8999999762
22310  7.552  -49.239  -3.685 0.8999999762
21315  7.220  -50.253  -5.837 0.6999999881
23389  15.314  -48.962  -8.013 0.3000000119
21257  14.255  -50.224  -2.164 0.6000000238
22265  12.371  -49.943  -1.451 0.8999999762
21238  11.926  -50.297  -1.732 0.8999999762
130108  9.258  -55.191  5.976 0.8000000119
15816  9.241  -56.138  4.477 0.8000000119
15832  8.480  -56.421  3.526 0.8999999762
15849  7.696  -56.672  2.536 0.8999999762
15865  6.702  -56.510  1.707 0.8999999762
15866  6.173  -56.364  0.957 0.8000000119
15891  6.162  -56.377  -0.211 0.6999999881
16799  8.049  -55.125  -0.777 0.2000000030
16800  6.995  -55.452  -0.593 0.4000000060
20407  7.240  -51.626  -5.643 0.6000000238
20408  6.978  -50.945  -5.438 0.6999999881
23280  14.014  -49.379  -1.586 0.6000000238
23281  13.285  -48.806  -1.487 0.8000000119
21294  7.264  -49.995  -4.572 0.6999999881
22264  13.140  -49.698  -1.434 0.8000000119
133276  12.676  -48.299  -1.625 0.8999999762
136681  9.882  -50.497  -2.674 0.8999999762
21262  9.317  -50.089  -3.026 0.8000000119
121130  7.098  -49.042  -3.153 0.8000000119
22331  7.324  -50.009  -4.611 0.8000000119
22266  11.577  -49.794  -1.503 0.8999999762
22285  9.915  -49.983  -2.206 0.8999999762
23307  8.786  -48.916  -2.580 0.8000000119
22286  7.674  -48.765  -2.842 0.8999999762
22330  7.506  -49.869  -4.410 0.8999999762
17559  8.761  -54.244  7.128 0.6999999881
16709  8.691  -55.517  5.065 0.8000000119
16725  7.927  -55.813  4.115 0.8999999762
17601  8.153  -54.772  5.528 0.8999999762
15833  7.242  -56.040  3.238 0.8999999762
15850  6.495  -56.053  2.429 1.0000000000
16765  5.901  -55.805  0.844 0.6999999881
17664  6.975  -54.217  1.206 0.3000000119
17680  5.965  -55.306  0.751 0.6000000238
25148  13.022  -47.232  -2.491 0.6000000238
24256  12.467  -47.631  -2.017 0.8000000119
25149  12.188  -46.940  -2.564 0.8000000119
24257  11.651  -47.419  -2.080 0.8999999762
24254  14.640  -48.062  -2.256 0.5000000000
23306  14.041  -48.443  -1.776 0.6000000238
24234  11.952  -48.172  -1.652 0.8999999762
127361  11.152  -47.980  -1.760 0.8999999762
20389  6.949  -51.505  -3.900 0.5000000000
131938  10.731  -48.521  -1.750 0.8999999762
22312  7.012  -49.558  -3.456 0.6000000238
21263  6.814  -50.488  -2.792 0.6999999881
23282  12.343  -49.115  -1.396 0.8999999762
23284  10.054  -48.436  -1.938 0.8999999762
22268  9.789  -48.967  -2.177 0.6999999881
23308  7.501  -48.188  -2.245 0.8999999762
130343  8.780  -54.549  6.478 0.8000000119
18465  6.692  -53.097  6.222 0.8999999762
17602  6.673  -54.435  4.996 0.8999999762
16711  6.225  -54.728  4.111 0.8999999762
16746  5.979  -55.201  2.343 0.6999999881
18529  6.488  -53.501  2.256 0.3000000119
124937  5.932  -54.565  2.048 0.5000000000
17665  6.119  -54.675  1.302 0.5000000000
25171  12.763  -46.523  -3.081 0.6000000238
24273  14.403  -47.259  -2.859 0.5000000000
24274  13.589  -46.874  -2.978 0.5000000000
25150  11.298  -46.707  -2.518 0.6999999881
24258  10.774  -47.269  -2.091 0.8999999762
24235  10.339  -47.830  -1.873 0.8999999762
22270  6.850  -49.781  -1.336 0.6000000238
22288  6.838  -49.605  -2.445 0.6000000238
22287  6.971  -48.876  -1.955 0.8000000119
23285  8.707  -47.992  -2.162 0.8000000119
19320  13.205  -51.985  10.269 0.8000000119
18443  6.994  -52.576  8.397 0.8999999762
17573  5.778  -54.005  4.386 0.8999999762
18466  5.844  -52.569  5.201 0.8000000119
18530  5.877  -53.884  2.457 0.4000000060
25172  11.890  -46.190  -3.070 0.6999999881
26032  10.168  -45.661  -3.554 0.8999999762
25174  9.692  -46.065  -2.946 0.8999999762
25151  10.286  -46.617  -2.433 0.8999999762
25152  9.027  -46.495  -2.284 0.8999999762
25133  9.724  -47.102  -2.060 0.8999999762
24236  9.183  -47.519  -2.054 0.8000000119
25134  8.253  -46.812  -1.867 0.8000000119
23287  6.843  -48.384  -1.101 0.6999999881
22269  6.802  -49.098  -0.728 0.6999999881
23286  7.058  -47.733  -1.643 0.8999999762
20156  13.941  -51.544  10.565 0.8000000119
20176  12.577  -51.532  9.738 0.8000000119
21047  11.876  -50.518  9.188 0.8000000119
21071  10.582  -50.565  8.453 0.8000000119
20215  9.620  -50.663  8.343 0.8999999762
20217  7.260  -50.612  8.092 0.8999999762
19348  6.196  -51.248  7.172 0.8999999762
19347  6.475  -51.753  7.822 0.8999999762
20216  8.437  -50.557  8.296 0.8999999762
123367  6.698  -50.428  7.316 0.8000000119
19360  6.224  -51.974  6.549 0.8000000119
119493  5.991  -51.449  3.898 0.6000000238
20243  5.826  -51.021  5.239 0.6999999881
19398  6.175  -52.603  3.058 0.4000000060
19381  5.760  -52.507  3.879 0.5000000000
115734  5.755  -51.669  4.600 0.6999999881
26058  9.001  -45.624  -3.908 1.0000000000
26033  7.476  -45.462  -3.279 1.0000000000
115028  6.571  -45.100  -1.989 0.8000000119
26812  6.778  -44.625  -1.574 0.8000000119
26016  8.338  -45.916  -2.684 1.0000000000
26002  6.866  -45.183  -1.185 0.8000000119
133371  13.337  -46.206  -3.558 0.5000000000
25153  7.652  -46.138  -1.927 0.8999999762
26001  6.882  -45.639  -1.522 0.8000000119
25136  7.035  -45.887  -0.707 0.8000000119
25135  6.981  -46.363  -1.227 0.8000000119
24237  7.268  -47.137  -1.550 0.6999999881
23266  6.651  -48.418  -0.112 0.4000000060
24238  6.656  -47.699  -0.523 0.8000000119
21070  11.388  -50.148  8.740 0.8000000119
133027  10.125  -50.168  8.029 0.8999999762
21094  9.317  -50.140  7.733 0.8000000119
118728  13.538  -50.107  10.077 0.8000000119
21096  7.228  -49.890  7.095 0.8000000119
21097  6.532  -49.882  6.320 0.8000000119
21124  6.267  -49.738  5.007 0.6999999881
26823  6.900  -43.961  -1.957 0.8000000119
26797  7.954  -44.691  -0.365 0.6000000238
129974  8.697  -45.044  0.063 0.5000000000
26059  7.744  -45.214  -4.102 1.0000000000
26018  6.499  -45.019  -2.854 1.0000000000
26824  6.443  -44.508  -2.409 0.8999999762
26798  7.168  -44.790  -0.885 0.8000000119
25983  7.909  -46.129  0.413 0.5000000000
26031  11.592  -45.467  -3.576 0.6999999881
25173  10.859  -46.028  -3.128 0.8000000119
25993  7.253  -45.318  -0.423 0.6999999881
25122  7.157  -46.130  0.124 0.6999999881
26030  12.536  -45.693  -3.624 0.6000000238
122110  6.748  -46.771  -0.280 0.6999999881
24208  7.280  -47.605  0.660 0.3000000119
24219  6.810  -47.613  0.201 0.5000000000
24272  15.722  -47.897  -3.026 0.5000000000
22078  11.589  -49.117  8.588 0.8999999762
22061  12.944  -49.426  9.672 0.8000000119
22097  9.076  -49.497  7.020 0.8000000119
22099  7.263  -49.361  6.153 0.6999999881
27560  8.147  -43.657  -1.709 0.8000000119
26796  9.230  -44.547  -0.317 0.6000000238
25991  9.739  -45.125  0.057 0.5000000000
26034  6.762  -44.817  -3.691 1.0000000000
27571  6.523  -43.879  -2.850 1.0000000000
25169  15.052  -46.994  -3.427 0.5000000000
25170  14.131  -46.576  -3.500 0.5000000000
22076  13.349  -48.448  9.457 0.8000000119
23086  14.378  -48.454  9.640 0.8000000119
119572  12.768  -48.103  8.979 0.8999999762
23103  12.159  -48.243  8.537 0.8999999762
27570  7.500  -43.393  -2.511 0.8000000119
26055  12.108  -44.964  -4.102 0.6000000238
116183  13.982  -47.757  9.191 0.8000000119
24072  12.768  -47.510  8.389 0.8000000119
23117  12.005  -47.721  7.823 0.8000000119
24140  10.015  -46.997  3.972 0.5000000000
24141  9.394  -47.366  4.165 0.5000000000
26870  6.550  -44.165  -4.069 1.0000000000
26057  10.222  -45.273  -4.178 0.8000000119
26869  7.282  -44.685  -4.499 0.8999999762
135339  13.195  -45.653  -3.985 0.5000000000
130879  15.292  -46.498  -4.128 0.5000000000
25195  14.587  -46.276  -4.073 0.5000000000
120255  14.236  -45.739  -4.630 0.5000000000
23100  16.789  -48.017  9.193 0.8000000119
24069  15.430  -47.438  8.597 0.8000000119
24071  13.627  -47.256  8.585 0.8999999762
24082  15.022  -46.860  8.050 0.8000000119
24085  12.440  -47.040  7.482 0.8000000119
23141  10.998  -47.637  6.707 0.8000000119
24165  10.192  -47.301  3.360 0.5000000000
24115  9.939  -47.340  4.908 0.6000000238
24097  10.414  -47.287  5.831 0.6000000238
25047  11.440  -46.258  3.946 0.5000000000
25035  11.698  -46.378  5.317 0.6000000238
27558  10.653  -43.554  -1.419 0.4000000060
27568  10.214  -43.136  -2.117 0.4000000060
27569  8.929  -43.091  -2.350 0.6999999881
28359  9.862  -42.668  -2.588 0.5000000000
27588  7.947  -42.887  -2.947 0.8000000119
26056  11.180  -44.937  -4.119 0.6999999881
26867  9.462  -45.159  -4.940 0.8999999762
119913  12.812  -45.221  -4.181 0.6000000238
26865  11.646  -44.254  -4.719 0.6000000238
26054  13.456  -45.314  -4.548 0.5000000000
26864  12.737  -44.627  -4.708 0.6000000238
24081  15.932  -46.966  8.066 0.6999999881
25015  14.665  -46.374  7.353 0.8000000119
24083  14.116  -46.773  8.011 0.8000000119
24094  12.894  -46.456  6.936 0.8000000119
25977  21.109  -46.321  1.084 0.4000000060
120175  18.911  -46.248  1.085 0.3000000119
25079  17.337  -46.304  1.560 0.4000000060
25061  16.764  -46.593  2.161 0.2000000030
25067  11.604  -46.531  3.147 0.5000000000
25028  12.522  -46.054  5.929 0.8000000119
25967  21.227  -45.764  1.370 0.5000000000
25954  18.846  -45.480  1.627 0.4000000060
25080  16.673  -46.014  1.897 0.3000000119
24160  14.764  -46.499  2.861 0.2000000030
25064  14.068  -45.873  2.540 0.4000000060
24162  12.788  -46.882  2.820 0.3000000119
25066  12.441  -46.181  2.711 0.6000000238
26764  19.921  -45.336  2.040 0.5000000000
26766  17.503  -44.958  2.415 0.4000000060
25939  15.415  -45.384  2.537 0.4000000060
25923  14.230  -44.784  3.179 0.4000000060
25046  12.116  -45.850  3.318 0.6000000238
25938  16.269  -45.514  2.352 0.5000000000
26749  15.164  -44.825  2.864 0.5000000000
26868  8.379  -45.124  -4.826 0.8999999762
27609  6.671  -43.370  -4.475 1.0000000000
28378  6.642  -43.026  -3.951 1.0000000000
27632  7.176  -43.697  -5.387 1.0000000000
26866  10.494  -44.600  -4.752 0.6999999881
26890  8.818  -44.849  -5.674 0.8000000119
26888  10.746  -43.895  -5.364 0.6999999881
130240  16.007  -45.971  7.174 0.8000000119
25026  14.258  -45.812  6.612 0.8000000119
26787  22.302  -45.519  1.134 0.6000000238
25065  13.169  -46.078  2.522 0.3000000119
130242  17.180  -44.667  3.513 0.5000000000
25081  12.929  -45.733  2.564 0.5000000000
25034  12.290  -45.727  4.578 0.6999999881
25955  17.949  -45.310  1.805 0.5000000000
28375  10.177  -42.096  -2.988 0.5000000000
28377  7.446  -42.428  -3.637 0.6999999881
28396  7.388  -41.667  -4.277 0.8999999762
27631  8.128  -44.249  -6.100 0.8999999762
26891  7.762  -44.512  -5.271 0.8999999762
28397  6.756  -42.426  -4.436 1.0000000000
29180  6.896  -41.711  -5.060 0.8999999762
119776  6.805  -42.692  -5.238 1.0000000000
26889  9.765  -44.499  -5.582 0.8000000119
27630  9.085  -44.320  -6.369 0.8999999762
27650  8.350  -43.880  -6.794 1.0000000000
27629  10.013  -43.778  -6.146 0.8000000119
26745  19.873  -44.881  3.490 0.5000000000
25025  15.256  -45.784  6.798 0.8000000119
121925  14.700  -45.249  6.156 0.8000000119
25078  24.199  -45.770  2.030 0.8000000119
26762  21.645  -45.085  2.430 0.6999999881
26763  20.866  -45.093  2.440 0.6000000238
26721  18.373  -44.490  5.484 0.6999999881
26722  17.421  -44.409  5.451 0.6999999881
26723  16.375  -44.466  5.295 0.6999999881
26778  21.403  -45.376  1.884 0.5000000000
116940  19.330  -45.012  2.488 0.5000000000
26732  18.674  -44.689  4.498 0.5000000000
26733  17.743  -44.557  4.558 0.5000000000
26713  15.664  -44.655  5.564 0.6000000238
25912  14.794  -44.786  5.318 0.6999999881
25027  13.359  -45.873  6.355 0.8000000119
26746  18.974  -44.874  3.464 0.4000000060
26735  15.919  -44.508  4.087 0.6000000238
26736  15.128  -44.615  3.702 0.5000000000
25914  13.095  -45.162  4.487 0.6999999881
25965  23.728  -45.442  0.955 0.6000000238
26747  16.454  -44.598  3.572 0.5000000000
25913  14.683  -44.654  4.250 0.6000000238
25925  12.650  -45.359  3.631 0.6000000238
29136  10.556  -41.485  -3.505 0.5000000000
29137  9.437  -41.524  -3.478 0.6000000238
29162  9.804  -40.848  -3.980 0.6999999881
29138  8.276  -41.650  -3.700 0.6999999881
29163  8.690  -41.040  -4.093 0.8999999762
27651  7.384  -43.256  -6.318 1.0000000000
28438  8.067  -43.348  -7.501 0.8999999762
122971  19.726  -44.806  6.804 0.6999999881
24186  25.534  -47.650  1.425 0.8999999762
24187  25.174  -46.711  1.191 0.8999999762
25935  23.331  -45.280  2.936 0.6000000238
26744  20.840  -44.887  3.441 0.6000000238
26710  18.143  -44.524  6.172 0.6999999881
26712  16.289  -44.746  6.099 0.6999999881
25903  15.458  -45.021  6.135 0.8000000119
21209  26.971  -50.832  -0.069 0.8999999762
23243  26.231  -47.894  0.238 0.8999999762
125251  25.740  -47.030  0.338 0.8999999762
24196  25.589  -46.237  -0.102 0.8000000119
25091  24.197  -45.500  1.223 0.8999999762
25100  24.585  -45.840  0.306 0.8000000119
29945  10.222  -40.288  -4.552 0.5000000000
132310  7.969  -41.257  -4.172 0.8999999762
29164  7.716  -40.901  -4.749 0.8999999762
29946  8.916  -40.251  -4.672 0.6999999881
29199  6.881  -42.112  -5.870 1.0000000000
25910  20.600  -45.044  5.741 0.8000000119
25911  19.940  -44.728  6.029 0.6999999881
26709  19.059  -44.520  6.196 0.6999999881
25900  17.917  -44.899  6.699 0.8000000119
23232  25.752  -48.734  1.683 0.8000000119
25059  23.871  -45.734  3.113 0.8000000119
25921  21.794  -45.395  4.907 0.8000000119
25922  20.931  -45.090  5.072 0.6999999881
21184  28.025  -51.103  0.470 0.8999999762
22216  26.249  -49.142  0.637 0.8000000119
25937  21.871  -45.044  3.752 0.8000000119
26730  20.442  -44.866  4.347 0.6999999881
26731  19.577  -44.765  4.414 0.6999999881
134433  29.276  -49.445  0.777 0.8000000119
21207  28.439  -50.544  0.123 0.8999999762
119129  26.740  -50.638  0.251 0.8000000119
132524  29.590  -48.835  0.588 0.8999999762
29179  7.212  -41.096  -5.928 1.0000000000
29969  8.152  -40.275  -5.491 1.0000000000
125325  8.868  -39.759  -5.400 1.0000000000
127796  7.326  -42.286  -6.900 1.0000000000
27649  9.263  -43.492  -6.996 0.8000000119
28453  8.147  -42.500  -7.898 1.0000000000
28452  8.890  -42.299  -8.333 0.8000000119
22200  29.090  -49.891  1.264 0.8999999762
23231  29.732  -48.262  1.215 0.8999999762
30873  8.730  -39.702  -5.914 1.0000000000
29968  9.603  -39.649  -5.127 0.6999999881
30005  8.527  -40.733  -7.343 1.0000000000
29198  7.800  -41.376  -7.182 1.0000000000
29980  8.094  -40.402  -6.362 1.0000000000
23222  29.575  -48.437  2.098 0.6999999881
127605  29.869  -46.445  1.998 0.8000000119
28329  28.820  -41.826  3.068 0.6000000238
29095  28.339  -41.490  3.624 0.6000000238
28464  9.497  -41.937  -8.682 0.8000000119
24175  29.715  -47.845  2.683 0.6999999881
25951  29.664  -45.750  2.956 0.4000000060
27525  29.375  -43.844  3.897 0.4000000060
26760  29.507  -44.381  3.031 0.5000000000
29089  28.431  -42.014  4.343 0.3000000119
29090  27.888  -41.367  4.443 0.1000000015
29879  25.788  -40.071  5.068 0.1000000015
28323  28.779  -42.247  3.610 0.4000000060
30779  24.256  -39.370  5.756 0.2000000030
30790  23.772  -38.959  5.397 0.1000000015
29096  27.814  -40.952  3.860 0.4000000060
29878  26.475  -40.151  4.393 0.3000000119
30788  25.162  -39.612  4.570 0.2000000030
30789  24.332  -39.242  4.819 0.2000000030
31775  23.246  -38.559  5.454 0.1000000015
29885  28.071  -40.786  3.236 0.5000000000
29894  27.785  -40.141  2.951 0.5000000000
29887  26.948  -40.150  3.849 0.4000000060
30787  25.837  -39.783  4.302 0.2000000030
31788  23.547  -38.697  4.760 0.2000000030
31789  22.923  -38.316  4.877 0.2000000030
32825  21.954  -37.721  5.252 0.2000000030
32835  21.379  -37.439  4.797 0.2000000030
136260  20.779  -37.209  4.685 0.2000000030
27521  28.707  -42.538  5.034 0.2000000030
29868  26.630  -40.567  5.158 0.1000000015
30778  24.945  -39.757  5.361 0.2000000030
29082  27.391  -41.216  5.314 0.1000000015
29893  28.397  -40.449  2.579 0.5000000000
29870  25.444  -40.173  5.841 0.1000000015
29858  24.845  -39.861  6.167 0.1000000015
30799  25.446  -39.424  3.839 0.4000000060
30800  24.758  -39.245  4.091 0.2000000030
31801  24.084  -38.765  3.919 0.2000000030
32834  22.283  -37.817  4.622 0.2000000030
115980  21.643  -37.416  4.158 0.2000000030
28300  27.914  -41.880  6.482 0.1000000015
28307  27.821  -41.699  5.809 0.1000000015
29081  28.110  -41.822  5.139 0.2000000030
29869  26.054  -40.479  5.799 0.1000000015
30767  24.267  -39.427  6.601 0.1000000015
117049  29.598  -40.389  1.575 0.6999999881
29902  28.805  -39.873  1.944 0.6999999881
30806  27.506  -39.484  2.631 0.4000000060
128961  26.720  -39.239  2.868 0.3000000119
31800  24.925  -38.972  3.407 0.3000000119
31802  23.128  -38.186  4.068 0.2000000030
29083  26.710  -40.922  5.975 0.1000000015
29841  26.067  -40.676  6.545 0.1000000015
30822  31.466  -39.769  0.812 0.8999999762
31824  29.685  -38.639  1.139 0.6000000238
126701  29.084  -38.072  1.196 0.5000000000
31827  27.037  -38.113  1.840 0.5000000000
32899  26.358  -37.734  1.745 0.4000000060
32871  25.564  -37.945  1.993 0.4000000060
133078  25.731  -40.417  6.171 0.1000000015
29843  24.844  -39.948  7.000 0.1000000015
30812  29.580  -39.501  1.373 0.6000000238
31826  27.663  -38.422  1.805 0.4000000060
31813  26.285  -38.506  2.340 0.4000000060
32872  24.695  -37.921  2.285 0.2000000030
32873  23.265  -37.261  2.452 0.1000000015
129670  22.671  -37.262  2.894 0.1000000015
32874  22.031  -36.916  2.906 0.1000000015
30813  28.063  -39.110  2.000 0.5000000000
31814  25.268  -38.511  2.666 0.4000000060
31816  23.716  -38.226  3.373 0.2000000030
32852  23.167  -37.726  3.192 0.2000000030
32853  22.338  -37.508  3.637 0.2000000030
129276  19.985  -36.848  3.707 0.2000000030
34108  11.178  -36.727  -9.075 0.8000000119
33065  10.960  -37.668  -9.363 0.8000000119
129127  11.006  -38.175  -9.897 0.8000000119
31965  11.446  -37.921  -10.547 0.8000000119
31942  11.299  -38.890  -9.963 0.8000000119
30036  11.504  -40.460  -9.871 0.6999999881
117051  33.917  -39.750  -0.806 1.0000000000
30820  32.993  -38.991  0.181 1.0000000000
32923  32.064  -37.833  0.509 1.0000000000
32895  29.948  -37.728  0.933 0.6000000238
32897  28.527  -37.599  1.248 0.6000000238
119338  27.007  -37.441  1.531 0.5000000000
32900  25.801  -37.307  1.607 0.3000000119
32901  25.041  -37.330  1.680 0.1000000015
31850  33.434  -38.505  -0.964 1.0000000000
31835  32.609  -38.067  0.203 1.0000000000
32902  24.089  -37.177  1.905 0.1000000015
33959  22.582  -36.784  2.319 0.1000000015
29919  34.214  -39.854  -1.828 1.0000000000
30830  33.761  -39.079  -1.389 1.0000000000
35140  11.240  -34.913  -11.392 0.6999999881
34107  11.402  -35.846  -9.934 0.6999999881
34139  11.055  -36.304  -11.929 0.8000000119
29261  12.648  -41.674  -10.190 0.6000000238
132317  31.648  -37.250  0.481 0.6000000238
32925  30.289  -36.818  0.640 0.6000000238
33972  27.427  -36.801  1.240 0.5000000000
33973  26.497  -36.827  1.355 0.4000000060
33974  25.538  -36.585  1.279 0.1000000015
33975  24.703  -36.605  1.364 0.1000000015
116554  23.911  -36.309  1.307 0.1000000015
32944  32.701  -37.605  -0.339 1.0000000000
32922  32.281  -37.275  0.172 0.8000000119
118151  30.572  -36.234  0.207 0.6999999881
33958  23.225  -36.632  1.798 0.1000000015
30834  33.995  -38.926  -2.786 1.0000000000
32978  32.858  -37.936  -2.028 1.0000000000
30838  34.582  -39.000  -4.241 0.8999999762
30839  34.341  -37.883  -4.273 1.0000000000
132353  12.421  -33.861  -11.416 0.6000000238
35157  11.073  -35.203  -12.490 0.6999999881
119331  11.968  -38.958  -10.536 0.8000000119
30048  12.746  -40.659  -10.465 0.6000000238
28491  12.685  -42.575  -10.201 0.5000000000
30049  12.137  -40.341  -10.156 0.6999999881
33993  26.212  -35.948  0.869 0.3000000119
33994  25.415  -35.813  0.777 0.2000000030
33995  24.606  -35.848  0.813 0.1000000015
33990  29.783  -36.175  0.419 0.6000000238
125974  27.951  -36.072  0.811 0.5000000000
34011  32.293  -36.998  -0.301 0.6999999881
33989  31.147  -36.231  -0.088 0.6000000238
34982  30.223  -35.842  -0.028 0.6000000238
34984  28.428  -35.520  0.257 0.5000000000
32958  32.574  -37.486  -0.997 0.8000000119
34026  31.737  -36.945  -1.429 0.6999999881
129354  31.283  -36.527  -0.861 0.6000000238
31856  33.577  -37.958  -3.104 1.0000000000
32979  33.152  -37.381  -3.302 0.8999999762
32996  33.620  -37.162  -4.300 0.6999999881
34041  32.586  -36.824  -3.431 0.6999999881
30977  13.729  -39.143  -11.287 0.8000000119
35155  13.247  -34.352  -11.851 0.6000000238
33100  12.612  -37.121  -11.576 0.6999999881
31986  13.327  -38.178  -11.262 0.6000000238
33079  11.641  -37.018  -11.410 0.8000000119
31964  12.314  -38.068  -11.014 0.6999999881
30978  12.848  -39.046  -10.926 0.6999999881
30065  13.852  -40.010  -11.301 0.6999999881
30064  14.485  -40.353  -11.613 0.6999999881
29281  14.209  -41.277  -11.879 0.6999999881
118404  14.798  -41.733  -12.361 0.3000000119
34985  26.780  -35.237  0.389 0.3000000119
135218  27.280  -34.899  -0.172 0.4000000060
35014  25.602  -34.782  -0.420 0.4000000060
34987  25.089  -35.204  0.242 0.3000000119
35011  29.603  -35.747  -0.649 0.6000000238
35041  29.065  -35.625  -1.563 0.6000000238
35013  27.975  -35.115  -0.378 0.4000000060
126471  26.523  -34.764  -0.422 0.3000000119
34042  31.741  -36.909  -2.463 0.6999999881
34027  31.015  -36.750  -1.797 0.6000000238
35040  29.714  -35.834  -2.205 0.6000000238
34057  31.298  -35.688  -3.360 0.6999999881
35057  30.570  -35.688  -2.834 0.6999999881
127707  34.560  -37.254  -4.883 0.6999999881
34055  32.599  -36.372  -4.163 0.6999999881
33009  33.351  -37.055  -4.708 0.6999999881
33019  32.705  -36.949  -5.281 0.6999999881
113345  24.276  -40.394  -8.658 0.5000000000
30013  23.545  -40.700  -8.700 0.3000000119
30031  22.365  -40.219  -9.415 0.4000000060
30033  20.697  -40.138  -9.149 0.5000000000
30934  20.142  -39.651  -9.700 0.6000000238
30935  18.298  -39.573  -9.344 0.5000000000
136202  13.838  -36.664  -11.504 0.8000000119
114391  13.800  -37.281  -11.439 0.8000000119
31984  15.937  -38.144  -11.197 0.4000000060
33098  14.554  -36.919  -11.309 0.8000000119
130875  14.712  -37.605  -11.391 0.6999999881
28527  16.027  -42.396  -13.452 0.3000000119
35015  24.742  -34.887  -0.494 0.2000000030
116406  28.275  -35.177  -1.248 0.3000000119
35042  27.376  -34.856  -1.026 0.3000000119
35955  26.053  -34.668  -1.063 0.3000000119
129484  28.499  -35.231  -1.825 0.4000000060
35043  26.645  -34.680  -1.252 0.3000000119
35058  29.844  -35.024  -3.000 0.5000000000
35059  29.005  -35.369  -2.245 0.4000000060
34069  31.591  -35.678  -4.052 0.6999999881
35067  30.746  -35.292  -3.615 0.6000000238
117671  31.161  -36.527  -5.319 0.6999999881
34076  31.241  -35.913  -4.783 0.6000000238
31905  27.590  -38.346  -7.306 0.6000000238
30912  26.118  -39.077  -8.002 0.3000000119
30913  25.419  -39.573  -8.340 0.5000000000
30914  24.631  -39.780  -8.813 0.4000000060
30915  23.918  -40.001  -9.146 0.4000000060
30030  23.157  -40.155  -9.350 0.4000000060
30032  21.551  -40.213  -9.315 0.5000000000
30932  21.886  -39.765  -9.960 0.4000000060
30933  21.026  -39.733  -9.852 0.4000000060
120285  19.249  -39.561  -9.521 0.5000000000
31937  17.859  -38.935  -10.074 0.4000000060
31985  14.305  -38.291  -11.419 0.6999999881
30976  14.660  -39.284  -11.485 0.6000000238
31983  16.794  -38.480  -11.123 0.5000000000
119781  15.167  -38.221  -11.425 0.6000000238
30974  16.549  -38.978  -11.409 0.5000000000
30063  16.145  -40.053  -11.619 0.5000000000
30078  15.277  -40.847  -11.907 0.5000000000
29279  16.371  -41.591  -12.818 0.3000000119
35016  23.919  -35.105  -0.600 0.2000000030
35973  25.308  -34.686  -1.304 0.2000000030
35972  26.178  -34.636  -1.755 0.3000000119
35060  23.996  -34.905  -1.979 0.1000000015
35061  23.319  -35.081  -2.321 0.1000000015
35998  28.268  -34.830  -2.286 0.4000000060
35971  27.038  -34.695  -1.710 0.4000000060
120715  25.902  -34.504  -2.397 0.2000000030
36002  24.107  -34.638  -2.684 0.1000000015
35997  29.000  -34.768  -2.796 0.5000000000
35999  27.414  -34.684  -2.176 0.4000000060
35078  30.728  -35.354  -4.329 0.6000000238
35068  30.100  -34.739  -3.903 0.5000000000
36024  29.296  -34.485  -3.495 0.5000000000
34077  30.477  -36.090  -5.320 0.6999999881
35079  29.953  -35.069  -4.698 0.6000000238
36050  28.684  -34.190  -3.920 0.4000000060
33021  30.300  -36.857  -5.685 0.6999999881
35092  29.675  -35.593  -5.404 0.6000000238
33026  29.575  -37.119  -6.045 0.8000000119
34082  29.661  -36.409  -5.793 0.6999999881
33027  28.968  -37.760  -6.440 0.6999999881
31904  28.310  -38.314  -6.850 0.6000000238
31906  26.841  -38.744  -7.717 0.6000000238
31922  25.674  -38.676  -8.620 0.4000000060
31923  24.959  -39.000  -8.990 0.4000000060
30929  24.281  -39.309  -9.450 0.5000000000
30930  23.526  -39.533  -9.749 0.5000000000
30931  22.722  -39.688  -9.920 0.6000000238
30954  22.228  -39.230  -10.494 0.5000000000
30956  20.464  -39.224  -10.392 0.4000000060
30957  19.563  -39.075  -10.237 0.4000000060
31958  19.878  -38.617  -10.906 0.6000000238
31959  18.996  -38.538  -10.870 0.5000000000
31960  18.178  -38.595  -10.776 0.5000000000
127215  22.541  -38.545  -10.879 0.5000000000
31956  21.660  -38.697  -11.007 0.5000000000
31978  20.993  -38.117  -11.474 0.5000000000
31979  20.197  -38.184  -11.346 0.5000000000
31981  18.547  -38.214  -11.527 0.5000000000
32000  18.191  -38.663  -11.780 0.4000000060
30991  17.889  -39.474  -12.108 0.5000000000
30077  17.034  -40.827  -12.467 0.4000000060
31022  17.894  -40.032  -14.035 0.4000000060
30105  17.533  -40.791  -14.179 0.3000000119
30123  18.219  -41.347  -14.856 0.2000000030
35044  24.347  -34.851  -1.308 0.2000000030
36000  26.665  -34.573  -2.250 0.3000000119
117739  27.694  -34.454  -2.812 0.4000000060
123401  27.046  -34.464  -2.680 0.3000000119
36027  26.380  -34.226  -3.041 0.3000000119
36028  25.484  -34.207  -3.062 0.2000000030
124244  24.305  -34.259  -3.409 0.2000000030
36030  23.602  -34.433  -3.472 0.1000000015
126877  27.928  -34.133  -3.630 0.3000000119
36026  27.157  -34.159  -3.343 0.3000000119
36918  26.623  -33.867  -3.857 0.3000000119
36029  24.892  -33.961  -3.673 0.2000000030
36068  29.163  -34.887  -5.089 0.5000000000
35102  28.959  -36.001  -6.016 0.6000000238
34083  28.411  -37.062  -6.744 0.5000000000
33035  28.069  -37.633  -7.008 0.5000000000
33036  27.473  -37.518  -7.492 0.5000000000
33037  26.948  -37.884  -7.871 0.5000000000
33048  26.496  -37.452  -8.502 0.4000000060
31934  25.270  -38.228  -9.228 0.5000000000
31935  24.583  -38.510  -9.626 0.5000000000
30953  23.060  -39.042  -10.315 0.5000000000
33075  23.638  -37.443  -10.801 0.6000000238
31957  20.767  -38.727  -10.964 0.5000000000
31980  19.329  -37.896  -11.487 0.5000000000
33096  19.284  -37.098  -11.810 0.5000000000
31999  18.752  -38.001  -12.275 0.3000000119
30990  18.442  -38.959  -12.700 0.4000000060
31004  18.069  -39.843  -12.986 0.3000000119
30089  17.539  -40.527  -13.294 0.3000000119
29305  17.756  -41.197  -14.598 0.2000000030
31021  18.431  -39.610  -14.653 0.2000000030
31033  18.891  -40.156  -15.170 0.2000000030
32030  19.110  -39.099  -15.223 0.2000000030
32043  19.795  -38.893  -15.737 0.2000000030
134362  28.111  -34.065  -4.315 0.3000000119
36919  25.775  -33.814  -3.961 0.3000000119
118366  24.931  -33.717  -4.513 0.2000000030
129808  24.109  -33.930  -4.129 0.1000000015
36931  23.466  -33.816  -4.767 0.1000000015
132596  28.621  -34.356  -4.694 0.5000000000
36928  27.133  -33.975  -5.298 0.3000000119
36929  26.476  -33.772  -4.690 0.3000000119
36930  25.639  -33.688  -5.021 0.2000000030
113253  24.263  -33.669  -5.056 0.1000000015
35093  28.793  -35.302  -5.731 0.5000000000
36069  28.397  -34.674  -5.436 0.5000000000
36070  27.659  -34.490  -5.768 0.4000000060
36943  24.944  -33.659  -5.302 0.2000000030
36944  24.538  -33.620  -5.881 0.1000000015
35103  28.106  -35.060  -6.077 0.4000000060
36071  26.950  -34.296  -6.175 0.4000000060
126935  28.275  -36.276  -6.613 0.4000000060
129384  27.865  -35.519  -6.640 0.4000000060
35104  27.737  -35.978  -7.144 0.4000000060
34086  27.752  -36.784  -7.265 0.4000000060
33047  27.067  -36.937  -7.991 0.5000000000
33049  25.891  -37.867  -8.863 0.5000000000
130476  25.508  -37.555  -9.377 0.5000000000
33062  24.895  -37.693  -9.761 0.5000000000
31954  24.139  -37.949  -10.189 0.6000000238
33074  24.551  -37.012  -10.436 0.5000000000
33076  22.826  -37.770  -11.149 0.4000000060
33093  22.252  -37.218  -11.693 0.4000000060
33094  21.235  -37.301  -11.787 0.4000000060
33095  20.075  -37.312  -11.669 0.5000000000
34136  19.770  -36.745  -11.963 0.4000000060
128893  19.203  -36.922  -11.952 0.3000000119
32010  18.850  -38.314  -13.418 0.3000000119
31003  18.329  -39.237  -13.766 0.3000000119
34154  19.611  -36.851  -12.389 0.3000000119
33111  19.208  -37.241  -12.403 0.3000000119
33125  19.176  -37.391  -13.543 0.3000000119
32023  18.685  -38.720  -14.484 0.3000000119
32029  19.466  -38.165  -15.548 0.2000000030
119868  18.938  -38.203  -15.054 0.2000000030
36942  26.301  -33.911  -5.663 0.3000000119
36945  23.624  -33.559  -5.736 0.1000000015
36965  25.425  -33.771  -6.028 0.4000000060
36091  27.490  -34.839  -6.527 0.4000000060
36964  26.232  -34.035  -6.709 0.4000000060
36966  24.866  -33.598  -6.557 0.2000000030
125371  24.153  -33.477  -6.553 0.2000000030
35108  26.954  -34.743  -7.688 0.4000000060
125827  27.344  -36.068  -7.742 0.5000000000
117019  26.620  -36.647  -8.723 0.5000000000
33060  26.083  -37.032  -9.200 0.5000000000
33061  25.394  -36.955  -9.798 0.5000000000
34116  25.257  -36.217  -10.277 0.5000000000
34118  23.825  -36.624  -11.096 0.4000000060
33092  23.099  -37.015  -11.392 0.4000000060
34133  22.612  -36.536  -11.870 0.3000000119
34152  21.729  -35.981  -12.528 0.3000000119
35154  21.076  -36.374  -12.372 0.3000000119
35195  19.398  -35.895  -14.018 0.3000000119
114211  19.007  -37.100  -14.383 0.3000000119
33138  18.915  -37.828  -14.393 0.3000000119
121588  19.876  -35.651  -13.809 0.3000000119
33151  19.127  -37.288  -15.209 0.2000000030
36100  26.952  -34.533  -7.018 0.4000000060
121916  25.458  -33.687  -6.982 0.3000000119
36101  26.523  -34.260  -7.553 0.4000000060
36985  25.990  -33.801  -7.556 0.4000000060
121918  25.472  -33.452  -7.701 0.2000000030
34094  26.953  -36.161  -8.338 0.4000000060
35112  26.999  -35.334  -8.190 0.4000000060
35122  26.661  -34.928  -8.807 0.4000000060
37000  26.336  -33.982  -8.114 0.4000000060
121048  26.636  -35.805  -8.964 0.4000000060
35123  26.254  -35.074  -9.527 0.4000000060
135740  26.370  -36.424  -9.164 0.4000000060
34104  26.017  -36.166  -9.633 0.4000000060
131050  25.714  -35.547  -10.075 0.4000000060
35136  25.169  -35.416  -10.577 0.4000000060
34117  24.553  -36.068  -10.889 0.4000000060
34131  23.832  -35.790  -11.542 0.4000000060
34132  23.289  -36.393  -11.597 0.3000000119
131826  22.294  -36.073  -12.221 0.3000000119
34175  19.177  -36.578  -14.124 0.3000000119
118107  18.680  -34.855  -15.070 0.1000000015
35209  19.083  -35.783  -14.724 0.1000000015
34198  19.146  -36.337  -15.382 0.2000000030
37001  25.901  -33.535  -8.274 0.2000000030
37869  25.186  -33.008  -8.324 0.2000000030
36112  26.321  -34.102  -8.936 0.4000000060
35135  25.694  -34.820  -10.151 0.4000000060
35151  24.566  -35.200  -11.173 0.3000000119
131842  24.043  -34.982  -11.679 0.3000000119
37007  25.769  -33.315  -9.032 0.3000000119
36113  26.015  -34.332  -9.682 0.4000000060
125531  25.909  -33.767  -9.529 0.3000000119
37882  25.254  -32.685  -9.268 0.2000000030
36123  25.631  -34.025  -10.128 0.3000000119
36124  25.144  -34.545  -10.711 0.3000000119
129952  25.141  -33.527  -10.670 0.3000000119
36135  24.547  -34.255  -11.416 0.3000000119
37022  24.632  -33.299  -11.409 0.3000000119
36136  23.826  -34.401  -12.048 0.3000000119
37031  23.615  -33.632  -12.513 0.2000000030
2137  12.938  -77.478  3.555 1.0000000000
5743  8.479  -70.241  -6.052 0.4000000060
6387  8.276  -69.564  -6.594 0.3000000119
123735  8.063  -68.357  -5.943 0.5000000000
7756  7.988  -67.267  -6.066 0.4000000060
9150  7.903  -65.625  -5.704 0.4000000060
7031  10.383  -68.648  -4.340 0.6999999881
9798  8.488  -65.095  -5.011 0.4000000060
7742  11.836  -67.142  -4.155 0.8000000119
8457  10.050  -66.096  -4.938 0.6000000238
6545  25.601  -70.346  -17.335 0.8999999762
115079  24.486  -69.057  -16.848 0.8999999762
7175  23.453  -68.337  -16.183 0.8000000119
7186  24.144  -68.443  -17.645 0.8999999762
4672  26.420  -72.325  -18.084 0.8000000119
127698  26.331  -70.892  -18.376 0.8999999762
3599  26.247  -74.783  -18.369 0.8000000119
8584  21.143  -67.095  -15.879 0.8999999762
2741  26.028  -76.851  -19.751 0.8999999762
112114  31.639  -75.472  -20.341 0.6999999881
112118  32.590  -76.978  -23.103 0.8000000119
112112  31.637  -77.671  -21.230 0.8000000119
3608  33.020  -75.109  -19.587 0.6000000238
3625  31.727  -74.390  -21.906 0.6000000238
128321  32.167  -77.194  -23.271 0.8000000119
112719  32.294  -78.184  -22.745 0.8000000119
122983  31.727  -74.904  -21.060 0.6999999881
136113  8.104  -51.340  -12.967 1.0000000000
22454  8.592  -49.155  -11.313 1.0000000000
114895  8.451  -52.903  -10.143 0.5000000000
20447  7.870  -50.483  -8.984 0.8999999762
21378  8.082  -49.712  -9.082 1.0000000000
24342  8.660  -47.699  -8.275 0.8999999762
24391  8.633  -47.410  -10.517 0.8999999762
23416  8.381  -47.827  -9.130 1.0000000000
24360  8.560  -46.804  -8.884 0.8999999762
25969  19.852  -45.945  1.347 0.5000000000
26777  22.213  -45.239  1.946 0.6000000238
1378  15.053  -80.511  12.154 0.8000000119
465  16.723  -83.666  12.713 0.6999999881
477  16.764  -84.217  11.602 0.8000000119
1132  22.679  -80.488  10.921 0.8999999762
115929  21.969  -80.430  10.292 1.0000000000
1134  20.450  -80.554  10.866 1.0000000000
1121  19.063  -80.576  11.720 1.0000000000
662  22.395  -82.698  13.484 0.8999999762
663  20.610  -82.707  13.690 0.8999999762
903  19.425  -81.507  12.880 0.8999999762
316  16.923  -83.840  13.196 0.8999999762
336  17.723  -84.226  9.142 0.4000000060
41  17.573  -86.930  3.993 0.3000000119
126  17.917  -86.765  2.606 0.2000000030
63  18.437  -87.100  -0.766 0.2000000030
224  18.151  -86.433  -0.292 0.2000000030
1393  23.471  -79.966  8.898 0.8000000119
899  23.449  -81.726  12.988 1.0000000000
1151  20.333  -80.349  9.448 0.8999999762
463  23.011  -83.110  12.656 1.0000000000
469  22.805  -83.416  11.855 1.0000000000
328  22.015  -84.267  10.424 0.8999999762
464  22.387  -83.219  13.220 0.8999999762
318  21.672  -83.833  12.901 0.8999999762
452  20.085  -83.211  13.833 0.8999999762
119271  19.945  -83.820  13.570 0.8999999762
894  18.959  -82.074  13.394 0.8999999762
659  18.116  -83.235  14.056 0.8999999762
181  21.778  -84.606  10.390 0.8999999762
187  21.620  -85.144  10.022 0.8999999762
126739  20.961  -84.766  11.420 0.8999999762
176  20.060  -84.810  11.829 0.8999999762
310  18.367  -83.816  13.849 0.8999999762
315  17.405  -84.067  13.348 0.8999999762
97  21.828  -86.143  8.121 0.8000000119
83  21.287  -85.595  9.830 0.8999999762
84  20.620  -85.923  9.992 0.8000000119
80  19.278  -85.524  11.264 0.6999999881
117906  19.821  -86.172  10.011 0.6999999881
81  18.091  -86.024  11.147 0.6999999881
321  17.660  -84.490  12.837 0.8999999762
190  16.844  -85.594  11.034 0.6000000238
21  20.654  -87.021  7.216 0.8000000119
20  21.347  -86.553  7.445 0.8000000119
99  19.739  -86.676  8.931 0.8000000119
12  18.955  -86.948  8.794 0.6999999881
86  17.666  -86.306  10.437 0.6000000238
87  16.845  -86.083  10.375 0.5000000000
332  16.771  -85.127  10.064 0.5000000000
113419  21.099  -87.005  6.731 0.6999999881
38  21.907  -86.931  4.770 0.6000000238
106  21.878  -86.497  6.778 0.8000000119
28  20.204  -87.201  6.651 0.6999999881
114192  19.663  -87.395  5.873 0.6000000238
119717  18.733  -87.176  8.203 0.6999999881
14  17.335  -86.920  8.858 0.5000000000
125238  17.992  -87.330  7.795 0.5000000000
25  16.792  -87.003  7.507 0.4000000060
195  17.004  -85.211  8.501 0.3000000119
114264  21.439  -86.931  1.241 0.5000000000
40  19.913  -87.446  4.438 0.6000000238
37  16.835  -87.038  6.005 0.4000000060
107  16.882  -86.551  5.878 0.3000000119
140  22.011  -86.483  -0.285 0.6000000238
121149  20.055  -87.363  3.052 0.5000000000
126241  19.292  -87.421  3.114 0.5000000000
55  18.763  -87.354  1.696 0.4000000060
128709  21.226  -86.579  -2.628 0.5000000000
118725  18.967  -87.285  -0.131 0.3000000119
245  17.287  -86.380  -3.921 0.2000000030
1751  19.182  -78.779  6.022 1.0000000000
1427  24.575  -79.435  7.895 0.6999999881
674  25.512  -82.253  11.765 0.8999999762
673  26.328  -82.227  11.437 0.8999999762
1411  22.413  -79.712  7.992 0.8000000119
473  25.115  -82.607  11.052 0.8999999762
117947  23.159  -82.893  11.113 1.0000000000
484  22.366  -83.365  9.414 1.0000000000
113070  22.255  -85.091  8.888 0.8999999762
102  22.958  -85.744  7.234 0.8999999762
202  23.651  -85.755  5.722 0.8999999762
105  22.763  -86.185  6.737 0.8000000119
110  23.651  -85.969  5.579 0.8999999762
42  22.037  -86.840  3.240 0.6000000238
128  22.824  -86.477  1.808 0.6999999881
147  22.087  -86.125  -2.520 0.5000000000
129675  11.792  -76.857  3.387 0.8999999762
116409  11.123  -76.432  2.842 0.8999999762
2960  13.181  -75.769  1.665 0.6999999881
2950  11.903  -75.810  2.330 0.8999999762
913  27.456  -81.637  10.603 0.8000000119
1144  27.562  -80.615  9.655 0.6999999881
681  23.631  -82.652  10.227 0.8999999762
687  23.874  -82.586  9.206 0.8999999762
354  22.568  -84.297  5.782 0.8000000119
2514  14.342  -76.464  4.593 1.0000000000
1198  13.346  -80.674  1.108 0.3000000119
2564  14.926  -76.847  -0.185 0.4000000060
2540  19.710  -76.954  1.582 0.8999999762
686  27.618  -82.517  9.882 0.8000000119
492  25.240  -82.974  8.316 0.8000000119
2178  13.492  -77.036  -1.938 0.4000000060
121679  22.845  -84.095  4.303 0.8000000119
369  23.851  -84.540  3.205 0.8000000119
281  23.947  -84.967  -8.532 0.5000000000
121455  22.044  -85.290  -10.439 0.5000000000
305  22.755  -84.662  -12.522 0.5000000000
432  24.321  -84.217  -11.617 0.5000000000
437  23.214  -84.360  -12.957 0.5000000000
442  21.905  -84.301  -14.223 0.4000000060
2989  11.506  -75.346  -1.275 0.8000000119
136434  27.263  -83.745  7.409 0.8000000119
716  25.082  -82.630  6.121 0.8000000119
6554  8.122  -70.943  -19.018 0.5000000000
431  25.257  -84.254  -11.177 0.5000000000
872  24.662  -82.798  -12.986 0.5000000000
727  24.895  -82.304  5.324 0.8000000119
956  23.745  -81.743  3.428 0.8000000119
382  25.652  -83.767  -0.859 1.0000000000
231  26.424  -84.222  -2.424 0.8999999762
122183  26.855  -84.562  -3.756 0.8999999762
9308  9.160  -65.382  -19.199 0.6999999881
272  27.193  -84.567  -7.200 0.8999999762
288  25.986  -84.742  -9.167 0.8999999762
421  27.257  -84.251  -9.438 0.8999999762
420  28.004  -84.026  -9.228 0.8999999762
861  26.071  -83.139  -10.693 0.8000000119
739  25.477  -82.364  4.663 0.8000000119
9968  9.305  -64.490  -19.315 0.8000000119
407  27.789  -84.269  -5.756 0.8999999762
615  28.712  -83.700  -8.947 0.8000000119
5891  12.586  -71.101  -14.867 0.8999999762
1297  25.141  -80.433  -10.227 0.6000000238
856  26.006  -82.173  -9.957 0.6999999881
5732  9.255  -70.466  -4.485 0.6000000238
1000  24.356  -81.072  -0.281 0.8999999762
614  29.383  -83.423  -8.558 0.8000000119
620  29.297  -83.277  -9.487 0.8000000119
1619  28.291  -79.387  -12.892 0.8999999762
1311  28.026  -80.130  -12.888 0.8000000119
1590  26.519  -79.860  -9.918 0.6000000238
119393  27.732  -79.945  -10.113 0.6000000238
1059  29.911  -81.942  -10.527 0.6000000238
120854  29.929  -82.353  -10.276 0.6999999881
1075  27.297  -81.415  -13.134 0.6999999881
128183  10.626  -61.239  -16.795 1.0000000000
5855  11.194  -69.814  -13.951 0.8999999762
1916  27.523  -77.538  -12.761 0.8000000119
115801  28.901  -80.073  -10.334 0.6000000238
1069  30.534  -81.198  -10.592 0.5000000000
5309  12.727  -71.883  -21.477 0.6999999881
6375  8.613  -69.049  -5.258 0.5000000000
2291  28.111  -77.133  -13.252 0.8000000119
2281  26.890  -77.347  -11.886 0.8000000119
2258  28.780  -77.505  -10.904 0.6999999881
1087  30.582  -80.891  -14.386 1.0000000000
129347  10.158  -67.519  -4.674 0.6999999881
7041  8.539  -68.054  -5.395 0.6000000238
7792  7.837  -67.147  -7.072 0.2000000030
9178  9.238  -65.977  -7.192 0.2000000030
7790  10.158  -67.508  -7.513 0.1000000015
123793  30.227  -77.106  -14.360 0.6999999881
117885  14.508  -72.313  -24.559 0.6000000238
8458  9.133  -66.540  -5.147 0.6999999881
9149  8.862  -65.863  -5.152 0.4000000060
12090  7.754  -61.817  -17.899 0.6999999881
2696  28.970  -75.825  -13.483 0.6999999881
132735  29.382  -77.800  -18.312 0.6999999881
15226  12.193  -57.787  -14.754 0.8999999762
16104  11.887  -56.237  -15.854 0.8999999762
3110  29.248  -75.039  -13.307 0.6000000238
1946  34.568  -78.068  -17.448 0.8000000119
6605  12.464  -69.362  -22.959 0.8999999762
8549  14.675  -66.358  -13.336 0.8000000119
1957  34.563  -77.992  -18.897 0.6999999881
128385  27.217  -81.225  -19.905 0.4000000060
14359  13.623  -58.297  -12.882 0.6999999881
16046  13.416  -56.932  -12.606 0.6000000238
122745  11.240  -54.123  -15.875 1.0000000000
9229  14.124  -65.737  -12.841 0.8000000119
5238  26.464  -71.688  -14.995 0.8000000119
5886  24.980  -70.306  -15.465 0.8999999762
112692  35.039  -77.068  -20.356 0.6999999881
3629  31.143  -74.800  -22.866 0.6000000238
6546  25.092  -69.670  -17.005 0.8999999762
129425  23.487  -67.751  -17.679 0.8000000119
133844  12.502  -66.804  -18.606 0.8000000119
112115  31.492  -75.752  -21.590 0.8000000119
112111  32.756  -78.020  -22.512 0.8000000119
3170  31.420  -75.209  -22.287 0.6999999881
2754  30.759  -77.050  -23.078 0.6999999881
3171  29.222  -75.325  -22.476 0.6999999881
5259  25.964  -71.204  -16.818 0.8000000119
6558  24.909  -68.939  -18.264 0.8999999762
7202  24.474  -68.153  -18.693 0.8999999762
7910  23.073  -67.197  -18.200 0.8999999762
124848  22.123  -66.021  -21.641 0.8999999762
120979  22.973  -66.338  -20.119 0.8999999762
7950  20.292  -67.004  -20.690 0.8999999762
8658  20.925  -66.770  -19.949 1.0000000000
5908  26.067  -70.851  -17.675 0.8999999762
7201  25.341  -68.651  -19.125 0.8000000119
117446  21.813  -65.673  -22.603 0.6999999881
6592  18.517  -69.181  -20.614 1.0000000000
112742  31.796  -78.792  -20.968 0.8999999762
3588  26.809  -74.253  -17.776 0.8000000119
4112  26.293  -73.272  -17.922 0.8000000119
5929  26.322  -70.165  -19.135 0.8999999762
7213  25.898  -68.488  -20.086 0.8999999762
129157  26.590  -69.800  -20.025 0.8999999762
7929  25.147  -66.987  -20.775 0.8999999762
120787  25.904  -67.689  -20.834 0.8999999762
8442  12.168  -66.383  -4.085 0.8999999762
16014  13.623  -56.296  -10.936 0.4000000060
15181  14.946  -58.012  -11.978 0.4000000060
16919  12.685  -54.922  -11.086 0.6000000238
125295  12.643  -53.928  -12.329 0.8999999762
124138  12.490  -53.254  -13.638 0.8999999762
13569  14.826  -58.758  -11.854 0.4000000060
18745  8.929  -53.946  -14.998 1.0000000000
9967  13.230  -64.671  -18.749 0.5000000000
4131  29.370  -73.637  -20.706 0.6999999881
4110  29.048  -73.394  -18.714 0.6000000238
8624  21.585  -66.822  -18.544 0.8000000119
7911  22.297  -66.792  -18.419 0.8000000119
8628  12.246  -66.347  -19.281 0.6999999881
8641  21.451  -66.623  -19.406 1.0000000000
7230  19.140  -68.389  -20.262 1.0000000000
2753  28.450  -76.501  -21.802 0.8000000119
115253  32.826  -77.661  -23.094 0.8000000119
3598  27.074  -74.801  -18.265 0.6999999881
3168  27.560  -76.055  -20.032 0.8000000119
4113  25.845  -73.856  -18.800 0.8999999762
7233  14.261  -68.517  -21.181 0.8000000119
9166  7.725  -65.284  -6.363 0.2000000030
15966  14.718  -56.228  -7.049 0.2000000030
12720  15.108  -61.361  -10.395 0.4000000060
20513  10.668  -51.703  -14.589 1.0000000000
9261  15.497  -64.669  -15.091 0.6000000238
4682  29.586  -72.900  -19.317 0.6000000238
3609  28.881  -74.098  -20.100 0.6999999881
1672  28.631  -78.778  -23.759 0.8000000119
2747  28.023  -76.313  -20.963 0.8000000119
2740  26.814  -76.409  -19.611 0.8999999762
3157  26.184  -76.071  -19.260 0.8000000119
7968  12.766  -67.130  -21.645 0.8000000119
1979  27.700  -79.224  -23.336 0.6999999881
10475  11.735  -63.587  -3.063 0.8000000119
9164  8.845  -65.148  -7.112 0.2000000030
9163  9.983  -65.359  -6.970 0.2000000030
10504  7.719  -63.305  -5.758 0.3000000119
17784  11.988  -54.507  -9.254 0.3000000119
19601  12.196  -52.547  -10.690 0.6000000238
20475  12.559  -51.044  -11.788 0.8999999762
22469  11.297  -49.147  -14.041 0.8999999762
20499  10.259  -51.022  -14.277 1.0000000000
133310  11.912  -63.836  -0.960 0.8999999762
11921  10.090  -62.216  -3.175 0.8000000119
16862  12.767  -54.989  -7.590 0.2000000030
22471  9.975  -49.775  -13.598 1.0000000000
21418  8.581  -50.855  -13.220 1.0000000000
114182  8.134  -51.093  -12.482 1.0000000000
132979  14.484  -59.341  -16.731 0.4000000060
20472  8.279  -51.309  -10.833 0.8999999762
11895  11.910  -61.563  -0.967 0.8000000119
132611  10.330  -47.996  -12.679 0.8999999762
135144  8.353  -49.618  -10.459 1.0000000000
115331  8.337  -50.310  -10.760 1.0000000000
134559  10.980  -62.287  -0.079 0.8999999762
120780  11.762  -61.265  -0.253 0.8000000119
11861  11.568  -60.936  0.344 0.8000000119
20445  11.791  -51.297  -8.289 0.4000000060
122196  11.833  -48.511  -10.484 0.6999999881
22436  8.318  -48.832  -9.192 1.0000000000
130819  8.438  -49.576  -11.010 1.0000000000
24398  11.100  -46.448  -11.398 0.8999999762
24400  9.989  -46.806  -11.835 0.8999999762
14178  11.357  -58.873  0.405 0.8999999762
121788  11.768  -49.409  -9.687 0.6999999881
26122  9.742  -45.870  -9.888 0.8999999762
22415  11.760  -49.874  -9.034 0.6000000238
23439  12.219  -47.783  -9.631 0.6999999881
25279  10.949  -46.097  -10.412 0.8999999762
130917  12.798  -48.502  -9.407 0.4000000060
23414  13.298  -47.475  -8.674 0.4000000060
23415  12.609  -47.099  -9.138 0.6000000238
134226  12.307  -46.612  -8.201 0.6999999881
24359  12.734  -46.878  -8.439 0.6999999881
119257  14.112  -48.303  -7.132 0.5000000000
24314  13.136  -47.332  -7.142 0.6999999881
25262  11.102  -46.101  -9.416 0.8999999762
25207  10.967  -46.598  -7.134 0.8999999762
25244  10.124  -45.944  -8.441 0.8999999762
24301  12.184  -47.460  -5.807 0.6999999881
23370  10.058  -48.295  -6.358 0.8999999762
22395  8.268  -49.697  -7.488 1.0000000000
22327  11.518  -49.622  -4.277 0.8999999762
21281  10.204  -50.759  -4.071 0.8999999762
19596  8.008  -52.531  -8.759 0.5000000000
19595  8.187  -53.228  -9.252 0.3000000119
22351  8.097  -50.042  -6.085 0.8999999762
19583  7.746  -52.580  -7.941 0.3000000119
22267  10.638  -49.383  -1.769 0.8999999762
18464  8.031  -53.693  6.802 0.8999999762
17572  6.116  -53.623  5.214 0.8999999762
18477  5.635  -53.475  3.740 0.5000000000
20233  5.840  -51.140  6.333 0.8000000119
20200  8.899  -51.064  8.943 0.8999999762
26017  6.998  -45.581  -2.366 1.0000000000
26811  7.486  -44.247  -1.150 0.8000000119
26810  8.684  -44.068  -0.908 0.6999999881
25992  7.862  -45.431  0.132 0.6000000238
25111  7.555  -46.811  0.577 0.4000000060
25112  6.975  -46.930  0.365 0.5000000000
26892  6.916  -44.064  -4.750 1.0000000000
27590  6.507  -43.715  -3.679 1.0000000000
24086  11.705  -47.315  7.020 0.8000000119
27559  9.486  -43.593  -1.586 0.6999999881
24096  11.209  -46.904  6.085 0.6000000238
27567  11.243  -43.044  -1.945 0.4000000060
27557  11.685  -43.513  -1.294 0.4000000060
28376  8.892  -42.295  -3.000 0.6000000238
25016  13.761  -46.378  7.196 0.8000000119
25092  19.791  -46.616  1.034 0.4000000060
25974  23.661  -45.720  0.224 0.6999999881
25952  23.647  -45.346  1.999 0.6000000238
25077  24.694  -46.455  2.155 0.8000000119
25936  22.754  -45.124  3.341 0.6000000238
25060  23.317  -45.544  3.790 0.8000000119
23261  26.629  -48.741  -0.583 0.8000000119
22215  26.597  -49.791  -0.003 0.8999999762
21208  27.697  -50.834  -0.034 0.8999999762
24213  26.918  -47.579  -0.768 0.8999999762
24195  26.604  -46.810  -0.690 0.8999999762
23242  26.561  -48.574  -0.220 0.8999999762
22201  26.356  -50.210  0.712 0.8000000119
21183  28.699  -50.658  0.994 0.8000000119
22214  29.001  -50.006  0.470 0.8999999762
22237  28.872  -50.020  -0.388 0.8000000119
22213  29.357  -49.422  0.031 0.8000000119
22199  29.366  -49.092  1.480 0.8000000119
24185  29.782  -47.651  1.783 0.8000000119
30004  9.181  -40.121  -7.581 1.0000000000
24152  29.789  -47.203  3.203 0.3000000119
24174  29.792  -47.078  2.302 0.6999999881
25089  30.181  -46.021  1.504 0.8000000119
131487  29.854  -45.825  2.178 0.6999999881
25076  29.739  -46.465  2.709 0.4000000060
28328  29.181  -42.522  2.828 0.6000000238
26742  29.615  -45.110  3.168 0.4000000060
26759  29.792  -44.990  2.401 0.6999999881
28322  29.101  -42.984  3.646 0.3000000119
120370  29.350  -43.475  2.941 0.5000000000
27533  29.850  -43.929  2.206 0.6000000238
28315  28.827  -42.592  4.204 0.2000000030
29877  27.256  -40.674  4.390 0.2000000030
29886  27.502  -40.429  3.590 0.4000000060
30797  27.147  -39.833  3.267 0.4000000060
32828  20.198  -37.021  4.623 0.1000000015
28306  28.325  -42.179  5.847 0.1000000015
30805  28.113  -39.809  2.424 0.5000000000
32836  20.775  -37.111  4.126 0.2000000030
128942  25.821  -39.093  3.096 0.4000000060
31815  24.407  -38.414  3.036 0.3000000119
31822  31.028  -38.998  0.929 0.6999999881
30821  32.454  -39.774  0.494 1.0000000000
31825  28.312  -38.326  1.531 0.6000000238
31823  30.516  -38.340  0.921 0.6999999881
125205  28.897  -38.949  1.508 0.6000000238
32898  27.741  -37.660  1.471 0.5000000000
31812  27.221  -38.795  2.274 0.4000000060
117146  23.878  -37.828  2.686 0.2000000030
32854  21.437  -37.080  3.518 0.2000000030
34121  11.130  -36.865  -10.270 0.8000000119
127200  33.494  -39.022  -0.532 1.0000000000
31836  32.057  -38.765  0.643 0.8999999762
31837  31.384  -38.088  0.735 0.6999999881
32896  29.254  -37.053  0.907 0.6000000238
33971  28.291  -36.848  1.086 0.6000000238
31855  33.403  -38.442  -1.809 1.0000000000
33991  28.846  -36.145  0.641 0.6000000238
33992  27.079  -36.019  0.864 0.4000000060
132403  25.081  -36.233  1.074 0.1000000015
130935  34.734  -37.084  -5.007 1.0000000000
31862  34.150  -37.283  -4.444 0.8000000119
34138  12.383  -35.297  -12.670 0.6999999881
30960  12.451  -39.797  -10.499 0.6999999881
30047  13.344  -40.534  -10.970 0.6999999881
131184  27.591  -35.390  0.368 0.4000000060
34012  31.804  -36.649  -0.418 0.6999999881
35012  28.772  -35.424  -0.558 0.5000000000
35010  30.468  -36.253  -0.944 0.6000000238
115756  13.449  -41.825  -11.489 0.6999999881
132636  15.718  -41.492  -12.327 0.5000000000
127005  29.791  -36.062  -1.594 0.6000000238
34043  31.065  -36.483  -2.601 0.6999999881
34056  31.880  -36.182  -3.449 0.6999999881
130110  32.490  -36.505  -4.962 0.6999999881
34067  31.878  -36.451  -5.106 0.6999999881
33020  31.879  -36.995  -5.404 0.6999999881
127070  14.551  -36.568  -11.193 0.6999999881
30975  15.665  -39.044  -11.467 0.5000000000
29292  16.618  -41.886  -13.920 0.4000000060
35970  27.835  -34.874  -1.710 0.4000000060
35091  30.483  -35.576  -4.931 0.6000000238
30955  21.350  -39.291  -10.499 0.5000000000
30958  18.672  -38.977  -10.099 0.5000000000
134157  15.255  -39.928  -11.633 0.6000000238
31982  17.646  -38.530  -11.185 0.5000000000
30973  17.372  -38.924  -11.451 0.5000000000
30062  17.082  -40.028  -11.754 0.5000000000
116089  16.355  -40.896  -12.017 0.4000000060
30090  17.048  -41.202  -13.539 0.4000000060
131449  25.462  -34.665  -1.996 0.3000000119
35974  24.734  -34.759  -1.981 0.1000000015
36001  25.093  -34.534  -2.494 0.2000000030
36049  29.365  -34.479  -4.286 0.6000000238
131347  28.983  -36.784  -6.302 0.5000000000
31921  26.329  -38.285  -8.265 0.4000000060
31936  23.827  -38.776  -9.990 0.5000000000
31955  23.363  -38.282  -10.591 0.5000000000
33097  18.891  -37.391  -11.854 0.4000000060
30076  17.573  -40.218  -12.417 0.3000000119
128237  18.174  -40.564  -14.731 0.2000000030
133516  23.314  -34.182  -4.076 0.1000000015
31977  21.948  -38.018  -11.455 0.4000000060
34135  20.606  -36.715  -12.023 0.5000000000
136677  19.150  -37.784  -12.860 0.3000000119
36051  27.354  -33.883  -4.315 0.3000000119
115821  27.913  -34.126  -5.014 0.4000000060
34134  21.657  -36.567  -12.112 0.4000000060
135111  20.053  -36.639  -12.481 0.3000000119
34174  19.519  -36.779  -13.291 0.3000000119
33150  19.652  -37.473  -15.894 0.2000000030
36946  22.777  -33.743  -5.193 0.1000000015
35107  27.363  -35.257  -7.309 0.4000000060
36104  26.664  -34.538  -8.232 0.4000000060
34184  19.055  -36.590  -14.717 0.2000000030
36986  24.740  -33.344  -7.323 0.2000000030
35153  22.996  -35.897  -11.972 0.3000000119
35152  23.386  -35.173  -12.061 0.3000000119
37014  25.583  -33.255  -9.819 0.3000000119
37023  24.220  -33.726  -11.930 0.2000000030
7774  7.822  -67.750  -6.582 0.2000000030
3607  34.295  -75.035  -20.208 0.5000000000
21403  8.469  -50.327  -12.421 1.0000000000
7224  26.918  -69.116  -21.286 0.8000000119
6586  27.065  -69.872  -20.990 0.6999999881
117856  25.867  -73.237  -20.784 0.5000000000
3612  24.424  -75.302  -20.766 0.3000000119
125367  24.890  -74.777  -20.849 0.5000000000
132370  23.620  -75.801  -20.317 0.1000000015
2743  24.239  -76.162  -20.073 0.4000000060
7225  26.574  -68.437  -21.052 0.8000000119
7949  25.971  -66.899  -21.761 0.8000000119
8668  25.728  -66.232  -22.788 0.4000000060
9342  24.023  -65.152  -23.723 0.2000000030
8687  24.322  -64.907  -22.848 0.4000000060
126140  22.593  -78.711  -18.088 0.2000000030
1968  23.497  -77.944  -18.954 0.1000000015
1972  24.977  -78.542  -19.978 0.5000000000
2338  25.349  -77.898  -20.094 0.5000000000
1649  24.230  -78.895  -18.425 0.3000000119
127180  24.034  -78.598  -19.007 0.3000000119
1967  24.557  -78.741  -19.497 0.3000000119
112633  24.930  -81.311  -19.775 0.4000000060
129192  24.490  -80.894  -20.112 0.5000000000
1651  24.520  -79.128  -19.087 0.4000000060
112100  24.498  -80.708  -20.534 0.5000000000
1653  25.311  -80.101  -20.918 0.6000000238
386  26.635  -83.634  -2.054 0.8000000119
8653  25.096  -66.323  -21.712 0.6999999881
9326  22.814  -64.786  -23.277 0.4000000060
8699  22.768  -65.409  -23.822 0.2000000030
7995  21.975  -67.148  -23.842 0.3000000119
7996  21.305  -67.596  -24.085 0.3000000119
7272  21.984  -68.319  -24.298 0.3000000119
6630  21.153  -69.769  -24.806 0.3000000119
5970  20.128  -71.104  -24.191 0.2000000030
1962  22.698  -78.026  -18.460 0.1000000015
128273  25.342  -81.378  -20.425 0.5000000000
130025  24.550  -81.147  -21.666 0.6000000238
749  27.069  -82.678  3.184 0.6999999881
124771  27.217  -83.360  3.889 0.6999999881
738  26.351  -82.754  4.050 0.6999999881
772  27.988  -82.027  2.085 0.6000000238
750  26.134  -82.006  3.337 0.6999999881
760  27.507  -82.326  2.487 0.6999999881
761  26.678  -81.871  2.656 0.6999999881
579  26.435  -83.474  -1.492 0.8000000119
394  27.453  -83.916  -3.305 0.8000000119
123346  27.233  -83.514  -2.844 0.8000000119
8655  22.990  -65.885  -21.508 0.6999999881
8671  22.432  -65.035  -22.569 0.6000000238
8669  24.077  -65.831  -21.831 0.6999999881
8688  22.085  -65.102  -23.295 0.6000000238
7273  20.199  -68.851  -24.613 0.4000000060
5982  19.781  -70.899  -24.540 0.2000000030
5340  19.237  -71.459  -24.191 0.2000000030
118757  18.896  -71.237  -24.410 0.2000000030
5328  18.763  -72.152  -23.604 0.2000000030
5317  18.986  -72.115  -22.363 0.1000000015
115641  17.497  -72.479  -21.513 0.1000000015
544  27.805  -83.239  3.286 0.6999999881
976  28.597  -81.696  1.873 0.5000000000
771  28.769  -82.368  1.935 0.6000000238
553  28.344  -83.081  2.756 0.6999999881
131977  27.800  -82.893  2.757 0.6999999881
965  25.754  -81.279  2.738 0.6999999881
977  27.680  -81.192  1.997 0.6000000238
978  26.772  -80.830  1.952 0.6999999881
1185  25.802  -80.633  2.074 0.6000000238
132315  25.100  -80.829  2.380 0.8000000119
1202  30.016  -81.283  0.895 0.4000000060
975  29.430  -82.090  1.341 0.4000000060
120518  29.297  -81.316  1.654 0.4000000060
1191  28.503  -80.500  1.927 0.6000000238
794  24.359  -81.837  -0.178 0.8000000119
802  26.428  -82.893  -1.639 0.8000000119
809  26.546  -82.431  -2.529 0.6999999881
132925  27.830  -84.015  -4.057 0.8000000119
589  27.454  -83.647  -3.348 0.6999999881
815  27.163  -83.063  -3.440 0.6999999881
399  27.728  -84.228  -4.928 0.8000000119
814  27.659  -83.329  -4.179 0.6999999881
824  27.113  -82.577  -4.125 0.6999999881
1026  26.771  -81.895  -4.349 0.5000000000
823  27.259  -82.308  -4.927 0.5000000000
7980  20.512  -66.732  -23.305 0.6000000238
7258  19.056  -67.788  -23.512 0.5000000000
7981  20.271  -67.715  -23.991 0.3000000119
5327  19.516  -71.592  -23.304 0.2000000030
6632  18.743  -70.207  -24.246 0.4000000060
7259  18.908  -68.919  -24.034 0.5000000000
5983  17.988  -71.105  -24.420 0.3000000119
134854  17.827  -72.491  -20.726 0.1000000015
6633  17.382  -69.917  -23.982 0.3000000119
131166  17.584  -72.245  -24.228 0.2000000030
4712  16.973  -72.632  -22.742 0.1000000015
4727  15.309  -73.059  -23.868 0.3000000119
5342  17.360  -71.802  -24.456 0.3000000119
357  27.430  -83.699  4.607 0.6999999881
770  29.405  -82.554  1.730 0.4000000060
543  28.470  -83.322  3.415 0.6999999881
530  27.950  -83.568  3.984 0.6999999881
780  30.499  -82.244  0.617 0.4000000060
781  29.942  -82.406  1.126 0.4000000060
552  29.573  -82.912  2.292 0.5000000000
120700  28.970  -83.150  2.826 0.6999999881
1486  25.884  -79.540  1.175 0.6000000238
1194  25.422  -80.106  1.456 0.6000000238
1195  24.848  -80.539  1.817 0.6999999881
790  31.371  -82.080  -0.458 0.3000000119
791  30.756  -82.000  -0.141 0.3000000119
989  30.202  -82.007  0.602 0.4000000060
1484  27.862  -79.433  1.674 0.6000000238
1192  27.270  -80.238  1.832 0.5000000000
1193  26.298  -80.077  1.682 0.6000000238
1203  25.225  -79.853  0.842 0.6000000238
1204  24.612  -80.430  0.855 0.6999999881
999  24.902  -81.558  -0.780 0.6999999881
1010  25.348  -81.245  -1.441 0.5000000000
1190  29.634  -80.338  1.555 0.3000000119
1796  26.576  -78.152  0.605 0.4000000060
1492  25.543  -79.288  0.510 0.5000000000
1214  25.131  -79.819  -0.613 0.4000000060
1223  25.330  -80.236  -1.533 0.5000000000
803  25.706  -82.229  -1.226 0.6999999881
1009  26.002  -81.822  -1.933 0.5000000000
998  30.695  -81.666  -0.685 0.3000000119
1201  30.515  -81.491  -0.035 0.4000000060
118822  30.395  -80.634  0.132 0.3000000119
127292  28.999  -79.467  1.701 0.4000000060
1790  28.424  -78.681  1.417 0.3000000119
1791  27.281  -78.545  1.216 0.4000000060
1231  26.138  -81.203  -2.777 0.5000000000
1213  30.543  -81.026  -0.727 0.3000000119
1789  29.240  -78.842  1.333 0.3000000119
134090  26.467  -81.875  -3.091 0.6000000238
816  26.759  -82.380  -3.447 0.6000000238
120325  26.563  -80.962  -4.343 0.4000000060
397  28.090  -83.341  -5.165 0.8000000119
1036  26.883  -81.318  -5.241 0.6000000238
821  28.370  -82.496  -5.730 0.6999999881
822  28.129  -82.939  -5.106 0.6000000238
131633  29.433  -82.847  -6.327 0.6999999881
599  29.458  -82.448  -6.365 0.6000000238
116078  28.749  -82.611  -5.616 0.5000000000
1042  28.139  -81.317  -6.291 0.6000000238
7966  20.333  -66.524  -21.877 0.8000000119
4698  17.144  -72.634  -20.434 0.1000000015
123508  16.489  -72.539  -21.561 0.1000000015
4726  16.305  -72.893  -23.749 0.2000000030
488  28.323  -82.978  8.083 0.6999999881
135205  29.249  -83.372  4.299 0.6999999881
529  29.107  -83.530  4.942 0.6999999881
517  29.158  -83.418  5.916 0.6999999881
560  29.926  -82.668  1.628 0.4000000060
136027  29.901  -83.100  3.539 0.6999999881
1011  24.853  -80.678  -0.790 0.6000000238
1803  26.161  -77.852  -0.000 0.4000000060
1804  25.710  -78.448  -0.435 0.4000000060
114053  25.477  -79.039  -0.778 0.4000000060
1483  29.771  -79.464  1.256 0.3000000119
1795  28.035  -77.972  0.991 0.3000000119
1812  25.616  -78.482  -1.226 0.4000000060
1519  25.518  -79.612  -2.052 0.5000000000
1232  25.704  -80.290  -2.380 0.5000000000
1794  28.953  -78.197  0.994 0.3000000119
1242  26.319  -80.612  -3.585 0.4000000060
1021  26.491  -81.482  -3.607 0.4000000060
1252  26.430  -80.196  -4.207 0.4000000060
1541  26.435  -79.440  -4.550 0.4000000060
1259  26.621  -80.332  -4.974 0.4000000060
1271  27.627  -80.440  -6.271 0.4000000060
133068  27.337  -81.118  -5.970 0.4000000060
835  29.655  -81.944  -6.528 0.6000000238
1041  29.720  -81.381  -6.669 0.5000000000
130461  28.957  -81.113  -6.560 0.4000000060
7164  23.547  -68.477  -15.285 0.6999999881
117957  19.545  -67.180  -21.420 0.8000000119
7245  18.014  -68.035  -22.933 0.8000000119
4677  15.880  -73.191  -18.714 0.1000000015
5343  16.242  -71.468  -24.429 0.4000000060
116226  15.973  -73.182  -19.300 0.1000000015
5330  15.677  -72.511  -24.466 0.5000000000
135043  15.058  -72.929  -22.936 0.4000000060
4700  14.814  -72.878  -20.991 0.1000000015
4689  15.508  -73.179  -19.973 0.1000000015
133139  15.903  -72.671  -22.738 0.2000000030
685  28.081  -82.378  9.342 0.6999999881
478  27.935  -82.935  8.859 0.6999999881
697  28.385  -82.374  8.599 0.6999999881
497  28.903  -82.661  7.483 0.6999999881
2161  26.873  -77.455  0.290 0.4000000060
2168  25.967  -77.759  -0.768 0.4000000060
1530  25.789  -79.560  -2.739 0.4000000060
2158  29.331  -77.938  0.391 0.2000000030
2160  27.696  -77.397  0.436 0.2000000030
2172  26.263  -77.054  -1.122 0.4000000060
2173  25.796  -77.744  -1.655 0.4000000060
1529  26.169  -79.691  -3.590 0.4000000060
2166  27.327  -76.853  -0.236 0.3000000119
2563  26.838  -76.664  -0.780 0.4000000060
2181  26.047  -76.887  -1.971 0.4000000060
1820  25.865  -77.762  -2.710 0.4000000060
1831  26.129  -78.216  -3.698 0.4000000060
1550  26.808  -79.604  -5.448 0.4000000060
1849  27.107  -79.012  -5.812 0.4000000060
1549  27.321  -79.683  -6.071 0.4000000060
1270  28.513  -80.324  -6.582 0.4000000060
1857  27.846  -78.787  -6.288 0.4000000060
1040  30.474  -81.567  -6.913 0.5000000000
1268  30.338  -80.809  -6.950 0.4000000060
1555  28.593  -79.356  -6.601 0.4000000060
1281  30.954  -80.349  -7.257 0.4000000060
7872  22.963  -67.956  -15.497 0.8000000119
126538  24.470  -69.531  -14.487 0.8000000119
7865  23.249  -67.794  -13.875 0.6999999881
6604  17.424  -68.778  -22.491 0.8000000119
4115  15.165  -73.692  -19.362 0.1000000015
5985  15.950  -70.340  -24.456 0.6999999881
4125  14.118  -74.083  -19.717 0.1000000015
4728  14.408  -72.755  -23.651 0.4000000060
5331  13.519  -71.965  -24.296 0.5000000000
4701  13.813  -72.708  -21.705 0.4000000060
119218  13.561  -73.256  -19.974 0.2000000030
4715  13.641  -72.415  -23.039 0.4000000060
4690  13.356  -72.699  -20.983 0.4000000060
3367  15.245  -75.302  4.496 0.8999999762
3353  12.048  -75.487  6.653 0.8999999762
2925  12.860  -76.020  6.208 0.8999999762
3336  11.344  -74.608  6.770 0.8999999762
3839  10.015  -74.269  5.648 0.8999999762
2588  26.466  -76.095  -2.400 0.4000000060
115819  26.053  -76.835  -2.768 0.4000000060
2193  26.140  -77.297  -3.519 0.4000000060
2206  26.448  -77.807  -4.453 0.4000000060
1842  26.352  -78.626  -4.373 0.4000000060
130279  26.842  -77.859  -5.223 0.4000000060
2218  27.194  -78.246  -5.782 0.4000000060
1554  29.201  -79.798  -6.753 0.4000000060
1570  29.395  -79.069  -6.834 0.4000000060
1866  29.564  -78.210  -7.201 0.4000000060
1867  28.770  -78.495  -6.699 0.4000000060
8566  21.737  -67.207  -15.779 0.8000000119
7853  22.918  -67.051  -13.602 0.6000000238
7866  22.634  -67.375  -14.576 0.6000000238
7873  22.354  -67.490  -15.640 0.8000000119
7912  20.047  -67.727  -18.511 0.8999999762
7932  19.625  -67.986  -19.436 0.8999999762
7896  19.508  -68.027  -17.381 0.8999999762
7204  19.267  -68.481  -18.486 0.8999999762
5959  16.614  -69.347  -22.594 0.8000000119
3581  13.277  -74.815  -17.690 0.1000000015
3591  13.710  -74.739  -18.287 0.1000000015
3614  13.167  -74.105  -19.816 0.1000000015
3602  13.789  -74.471  -19.180 0.1000000015
4117  12.815  -73.974  -19.808 0.2000000030
4124  14.525  -73.340  -20.073 0.1000000015
4380  9.836  -71.584  8.197 0.8999999762
4382  9.399  -72.121  7.648 0.8999999762
2939  15.961  -75.694  3.966 0.8999999762
134094  16.816  -75.921  2.375 0.8999999762
121352  16.135  -75.016  3.443 0.8999999762
3374  15.699  -74.898  3.930 0.8999999762
4994  9.314  -71.630  7.251 0.8999999762
3368  14.549  -74.965  5.007 0.8999999762
2924  13.806  -75.573  5.690 0.8999999762
3369  13.973  -74.751  5.529 0.8999999762
4403  12.845  -73.163  5.719 0.8999999762
3822  12.531  -74.263  6.360 0.8999999762
3337  10.524  -74.413  6.630 0.8999999762
3853  10.305  -73.839  3.581 0.8999999762
2645  27.748  -76.714  -6.047 0.4000000060
130180  28.314  -77.962  -6.533 0.4000000060
2652  28.919  -76.760  -7.027 0.4000000060
2651  29.517  -76.367  -7.541 0.3000000119
8548  22.396  -66.233  -13.856 0.6000000238
7852  23.498  -67.394  -13.064 0.5000000000
8567  21.141  -66.460  -15.029 0.6000000238
132219  23.939  -68.323  -13.280 0.6999999881
8585  20.392  -67.191  -15.932 0.6999999881
7882  19.941  -67.481  -16.606 0.8000000119
7176  18.676  -68.193  -16.957 0.6999999881
7188  18.121  -68.664  -17.427 0.8000000119
7189  17.452  -68.752  -17.828 0.8000000119
6563  18.137  -69.607  -18.846 0.8000000119
5933  17.562  -70.217  -19.480 0.8999999762
5934  16.550  -70.235  -19.620 0.8999999762
3138  12.778  -74.706  -16.520 0.1000000015
3592  12.634  -74.581  -18.495 0.1000000015
3593  11.603  -74.281  -18.389 0.1000000015
4678  13.510  -73.143  -20.071 0.3000000119
5301  13.049  -72.175  -20.323 0.4000000060
6261  12.489  -69.861  5.853 0.8000000119
121980  14.288  -68.026  3.374 0.8000000119
126401  13.556  -69.013  4.238 0.8000000119
5622  12.366  -70.817  6.093 0.8000000119
5002  11.142  -71.725  7.368 0.8999999762
5606  11.103  -70.899  7.622 0.8000000119
2959  16.958  -75.316  2.025 0.8999999762
117997  9.590  -71.536  5.244 0.8999999762
3383  16.447  -74.694  2.711 0.8999999762
3384  15.818  -74.177  3.318 0.8999999762
3375  15.146  -74.309  4.232 0.8999999762
3394  16.853  -74.295  1.893 0.8000000119
3862  16.288  -73.759  2.432 0.8000000119
3838  14.418  -74.063  4.861 0.8999999762
5013  9.865  -71.258  4.300 0.8999999762
3821  13.581  -73.847  5.459 0.8999999762
5037  9.494  -71.609  2.718 0.8999999762
3823  11.820  -73.529  6.481 0.8999999762
5026  9.463  -71.880  3.620 0.8999999762
5047  9.215  -71.634  1.795 0.8999999762
4473  8.943  -72.204  0.474 0.8000000119
136858  8.930  -72.098  -0.115 0.8000000119
3883  9.896  -73.265  1.740 0.6999999881
2610  10.959  -77.034  -3.311 0.4000000060
3004  11.113  -75.879  -2.068 0.5000000000
2594  10.790  -76.072  -2.879 0.5000000000
7844  24.056  -66.850  -12.503 0.5000000000
8547  23.263  -66.320  -12.886 0.5000000000
120904  21.944  -66.811  -14.867 0.6000000238
114341  20.549  -66.571  -15.329 0.6000000238
9277  19.073  -65.913  -15.774 0.6000000238
125483  18.595  -67.205  -16.150 0.6000000238
9278  18.536  -66.495  -16.173 0.5000000000
8587  18.051  -67.036  -16.521 0.5000000000
6564  17.366  -69.736  -18.636 0.8000000119
6579  15.974  -69.827  -19.458 0.6999999881
5935  15.680  -69.969  -20.190 0.8000000119
122117  12.821  -74.849  -14.650 0.1000000015
3582  11.813  -74.619  -17.347 0.1000000015
3568  12.012  -74.456  -14.271 0.1000000015
4107  11.455  -73.889  -18.752 0.3000000119
3583  10.839  -74.265  -17.934 0.1000000015
118855  13.430  -73.031  -19.080 0.3000000119
3863  15.707  -73.213  2.874 0.8000000119
4436  14.672  -72.703  3.719 0.8999999762
4437  14.011  -72.307  4.189 0.8999999762
118334  10.358  -72.955  7.157 0.8999999762
4463  9.193  -72.231  2.259 0.8999999762
3906  9.612  -73.039  0.791 0.6999999881
3840  9.655  -73.450  5.765 0.8999999762
3854  9.651  -73.181  3.346 0.8999999762
9226  22.854  -65.246  -13.108 0.5000000000
9240  22.097  -65.027  -13.767 0.5000000000
8558  21.616  -65.767  -14.377 0.5000000000
9947  19.954  -64.184  -15.959 0.4000000060
9259  20.958  -65.404  -14.653 0.5000000000
9935  20.003  -64.719  -15.446 0.4000000060
9260  19.655  -65.446  -15.515 0.6000000238
9291  18.619  -65.490  -16.684 0.4000000060
9304  18.154  -65.466  -18.331 0.4000000060
8604  18.057  -66.263  -16.955 0.6000000238
8605  17.570  -67.028  -17.349 0.6000000238
9293  17.764  -66.151  -17.862 0.6000000238
8626  17.350  -66.840  -18.369 0.6000000238
7913  17.075  -67.648  -17.981 0.6999999881
8642  17.213  -66.725  -19.452 0.6000000238
7933  16.903  -67.529  -18.949 0.6999999881
7219  15.608  -69.124  -19.517 0.6999999881
7934  16.156  -68.258  -19.351 0.6999999881
7935  15.394  -68.548  -19.823 0.6999999881
133604  10.152  -73.717  -17.097 0.1000000015
4085  10.843  -74.070  -16.021 0.1000000015
117929  10.967  -73.596  -13.774 0.1000000015
121305  13.965  -67.707  -21.312 0.6999999881
4096  10.093  -73.332  -18.467 0.2000000030
3584  10.179  -73.755  -18.234 0.1000000015
4667  13.293  -72.719  -18.092 0.4000000060
4668  12.357  -73.315  -18.165 0.3000000119
5292  13.428  -72.249  -19.128 0.4000000060
6248  11.997  -69.333  6.783 0.8000000119
6967  14.576  -68.399  2.671 0.8000000119
7685  14.865  -67.795  1.949 0.6999999881
5661  9.734  -71.048  2.172 0.8999999762
5057  8.935  -71.596  0.895 0.8999999762
4420  13.101  -72.212  5.262 0.8999999762
3824  10.034  -73.972  6.345 0.8999999762
9917  21.982  -64.164  -13.821 0.5000000000
115370  21.006  -63.883  -14.688 0.4000000060
9241  21.364  -64.606  -14.307 0.4000000060
10596  21.381  -63.075  -14.984 0.3000000119
9934  20.619  -64.627  -14.874 0.4000000060
11379  20.839  -62.785  -16.784 0.3000000119
10633  19.681  -63.822  -17.652 0.4000000060
9953  19.125  -64.542  -17.152 0.4000000060
9964  19.161  -64.306  -18.216 0.4000000060
9954  18.578  -64.975  -17.749 0.4000000060
9314  18.213  -65.428  -19.359 0.6000000238
9315  17.619  -65.977  -20.063 0.6000000238
129782  16.553  -66.436  -21.403 0.6000000238
8659  16.893  -66.619  -20.516 0.6000000238
8643  16.463  -67.313  -19.883 0.6999999881
5252  9.405  -72.846  -17.229 0.1000000015
115581  9.914  -73.399  -16.829 0.1000000015
130893  9.600  -72.611  -14.636 0.1000000015
4061  10.659  -73.044  -12.937 0.1000000015
8660  15.989  -67.087  -21.031 0.6000000238
7952  15.578  -67.856  -20.152 0.6999999881
5251  10.326  -72.280  -17.675 0.3000000119
136726  10.045  -73.003  -18.574 0.1000000015
4086  9.830  -73.361  -18.002 0.1000000015
8661  14.868  -67.467  -20.945 0.6000000238
5269  12.677  -72.129  -16.293 0.5000000000
4644  11.724  -72.436  -16.647 0.4000000060
6292  13.834  -69.531  3.678 0.8000000119
5588  9.398  -70.707  7.808 0.8999999762
5607  9.444  -70.620  6.803 0.8999999762
6275  13.440  -69.920  4.235 0.8000000119
5003  9.600  -71.101  6.061 0.8999999762
6983  14.970  -68.526  1.996 0.6000000238
6304  14.852  -69.219  2.467 0.6999999881
5638  13.056  -70.526  5.100 0.8000000119
5648  10.470  -70.528  3.847 0.8999999762
117090  9.210  -72.036  6.223 0.8999999762
3825  9.642  -73.163  6.620 0.8999999762
4438  9.454  -72.644  3.966 0.8999999762
4404  12.330  -72.476  6.101 0.8999999762
130694  20.239  -63.355  -17.174 0.4000000060
135306  20.673  -62.797  -17.540 0.4000000060
10632  20.292  -63.186  -18.046 0.4000000060
9965  18.669  -64.833  -18.793 0.4000000060
9978  19.383  -64.240  -19.408 0.4000000060
9979  18.753  -64.853  -19.877 0.5000000000
129273  18.232  -65.395  -20.401 0.6000000238
9322  17.179  -66.035  -21.118 0.6000000238
116808  9.028  -72.563  -18.340 0.3000000119
4634  9.299  -72.672  -15.992 0.1000000015
130548  9.442  -72.042  -13.578 0.1000000015
8674  15.908  -66.376  -21.906 0.6000000238
115592  16.644  -65.852  -22.069 0.6000000238
9328  15.176  -66.054  -22.290 0.6000000238
8675  15.022  -66.700  -21.588 0.6000000238
8677  12.587  -66.137  -21.711 0.6000000238
116125  9.961  -70.122  8.188 0.8000000119
5640  10.187  -70.557  4.868 0.8999999762
5001  11.984  -71.722  6.503 0.8000000119
4391  10.238  -72.265  7.797 0.8999999762
5012  12.742  -71.514  5.621 0.8000000119
4450  15.051  -72.095  3.129 0.8000000119
129666  13.558  -72.034  4.610 0.8000000119
4405  11.198  -72.665  6.906 0.8999999762
11433  21.295  -62.178  -19.294 0.3000000119
10650  19.814  -63.659  -18.652 0.4000000060
10666  20.113  -63.575  -19.674 0.3000000119
135564  19.842  -63.993  -20.306 0.3000000119
9990  19.351  -64.446  -20.567 0.5000000000
9991  18.770  -64.955  -21.003 0.5000000000
5271  8.925  -72.332  -19.125 0.3000000119
5253  8.663  -72.271  -18.098 0.2000000030
5228  8.685  -71.631  -15.243 0.1000000015
5209  8.941  -71.507  -13.781 0.1000000015
6505  8.036  -69.784  -14.219 0.1000000015
129877  15.878  -65.853  -22.405 0.6000000238
120716  17.475  -65.587  -21.725 0.6000000238
5893  8.159  -71.445  -17.484 0.1000000015
5877  8.179  -70.803  -15.648 0.1000000015
119844  8.499  -70.742  -14.048 0.1000000015
6530  7.866  -70.395  -16.906 0.1000000015
6262  9.640  -69.996  6.113 0.8999999762
5675  10.666  -70.392  2.125 0.8999999762
5673  15.693  -70.528  2.009 0.6999999881
5647  14.066  -70.983  3.588 0.8000000119
5637  13.570  -70.760  4.192 0.8000000119
5036  14.954  -71.278  2.962 0.8000000119
12116  21.823  -61.646  -19.953 0.4000000060
11434  20.755  -62.895  -20.103 0.4000000060
10685  20.354  -63.518  -20.754 0.4000000060
10686  19.902  -64.010  -21.284 0.4000000060
10009  18.393  -64.424  -22.987 0.5000000000
10008  19.166  -64.219  -22.807 0.5000000000
10010  17.668  -64.520  -22.912 0.6000000238
10000  17.966  -64.928  -22.669 0.6000000238
9336  16.243  -65.199  -22.594 0.6000000238
6540  7.843  -70.078  -17.996 0.2000000030
6520  7.791  -69.829  -15.559 0.1000000015
122761  13.378  -65.626  -21.968 0.6000000238
9337  15.350  -65.386  -22.537 0.6000000238
7192  8.067  -69.667  -18.444 0.3000000119
8678  12.094  -65.952  -21.418 0.6000000238
6293  11.174  -69.438  3.392 0.8999999762
11445  20.908  -62.866  -21.312 0.4000000060
10721  19.536  -63.529  -23.005 0.5000000000
10012  15.533  -64.683  -22.500 0.5000000000
6531  7.590  -69.254  -16.477 0.1000000015
7180  7.678  -68.977  -17.802 0.2000000030
6955  10.958  -68.799  3.559 0.8999999762
120054  9.393  -69.015  4.615 0.8000000119
6277  10.299  -69.826  4.830 0.8999999762
119624  11.221  -68.653  2.915 0.8999999762
7667  11.301  -68.297  2.222 0.8999999762
10724  16.582  -63.740  -22.470 0.6000000238
7168  7.475  -68.184  -16.577 0.1000000015
7159  7.430  -68.292  -15.334 0.1000000015
132792  14.034  -64.474  -22.138 0.5000000000
6935  8.382  -68.653  4.646 0.8000000119
126523  8.528  -69.024  5.426 0.8000000119
6956  8.703  -68.618  3.733 0.8000000119
114955  10.139  -68.664  3.780 0.8000000119
6278  9.667  -69.521  5.365 0.8000000119
6985  10.374  -68.146  2.183 0.8000000119
7696  11.634  -67.899  0.764 0.8999999762
7877  7.312  -67.228  -16.456 0.1000000015
8609  7.722  -66.569  -18.690 0.4000000060
7888  7.645  -67.815  -17.801 0.3000000119
8325  8.444  -66.881  6.306 0.8000000119
6936  7.944  -68.310  4.160 0.8000000119
124167  8.190  -68.050  6.659 0.8000000119
115415  8.973  -68.472  1.831 0.8000000119
6972  7.951  -68.257  2.364 0.8000000119
6986  8.831  -68.345  0.776 0.8000000119
7697  10.795  -67.709  0.554 0.8000000119
7688  9.961  -68.028  1.200 0.8000000119
7708  10.620  -67.541  -0.584 0.8000000119
114853  7.253  -66.228  -17.777 0.3000000119
8592  7.347  -66.887  -17.388 0.2000000030
126944  7.725  -67.139  4.052 0.8000000119
8353  7.835  -66.901  4.881 0.8000000119
8351  8.999  -66.314  5.003 0.8000000119
6987  8.374  -68.315  1.308 0.8000000119
7709  9.285  -68.014  -0.992 0.8000000119
10637  7.935  -63.505  -18.678 0.6000000238
9958  7.288  -64.546  -17.541 0.4000000060
9281  6.853  -65.208  -17.073 0.2000000030
117477  8.042  -66.583  3.776 0.6999999881
8352  8.509  -66.415  4.441 0.8000000119
9053  9.482  -65.872  4.079 0.6999999881
7689  7.770  -67.203  1.347 0.8000000119
7668  7.790  -67.560  2.217 0.8000000119
6998  8.101  -67.998  -0.268 0.8000000119
116005  9.046  -67.876  -1.776 0.8000000119
7716  11.104  -67.110  -1.401 0.6999999881
117555  8.512  -63.171  -19.147 0.6000000238
9938  6.718  -64.796  -15.979 0.1000000015
8363  8.259  -66.109  2.596 0.6999999881
9065  10.338  -65.170  3.341 0.6999999881
8377  7.856  -66.712  2.065 0.6999999881
7710  8.478  -67.954  -1.170 0.8000000119
11402  7.574  -63.030  -17.658 0.4000000060
127071  7.299  -63.827  -17.145 0.2000000030
9066  9.534  -65.333  2.871 0.6999999881
9716  10.952  -64.476  2.722 0.6999999881
7699  7.808  -67.535  0.353 0.8000000119
8418  9.486  -67.007  -2.549 0.8000000119
113330  8.596  -61.639  -18.899 0.6999999881
11401  8.134  -62.557  -18.723 0.6000000238
10617  7.209  -63.282  -16.353 0.1000000015
9080  8.030  -65.832  1.701 0.6999999881
9730  9.980  -64.179  2.011 0.6999999881
11136  11.653  -63.051  2.354 0.6999999881
8395  7.653  -66.633  -0.390 0.6999999881
9095  7.813  -65.693  0.894 0.6999999881
9079  8.528  -65.225  1.959 0.6999999881
7727  8.793  -67.023  -2.650 0.8000000119
8403  7.701  -66.683  -1.313 0.6999999881
11383  7.441  -62.405  -16.870 0.3000000119
9098  7.585  -65.553  -0.098 0.6999999881
9731  8.468  -64.587  1.823 0.6999999881
11138  9.605  -63.340  2.412 0.6999999881
9111  7.979  -65.825  -2.137 0.6999999881
9103  7.536  -65.821  -1.041 0.6999999881
9758  9.578  -64.878  -1.506 0.8000000119
9110  8.810  -65.751  -2.241 0.6999999881
9094  8.049  -64.945  1.225 0.6999999881
10398  8.309  -63.704  2.525 0.6999999881
11127  10.144  -62.555  3.117 0.6999999881
9759  8.270  -65.057  -1.637 0.6999999881
136641  8.373  -60.988  -5.489 0.3000000119
119198  7.245  -61.930  -15.075 0.2000000030
9732  7.724  -64.140  1.418 0.6999999881
10399  7.582  -63.244  2.703 0.6999999881
11116  8.034  -63.154  4.381 0.6999999881
9744  7.300  -64.390  -0.154 0.6999999881
9742  7.363  -64.171  0.601 0.6999999881
10450  7.705  -64.401  -1.223 0.6999999881
118962  7.376  -63.691  -0.660 0.6999999881
12668  9.189  -59.822  -5.122 0.3000000119
13477  8.087  -59.884  -5.167 0.3000000119
13464  8.571  -59.260  -4.827 0.3000000119
13622  7.480  -60.071  -15.518 0.3000000119
11102  8.525  -62.792  5.304 0.6999999881
11129  7.815  -63.291  3.415 0.6999999881
11085  8.278  -63.112  6.431 0.6999999881
11146  7.077  -62.131  1.013 0.6999999881
129998  7.762  -63.605  -1.036 0.6999999881
11167  7.551  -62.092  -0.375 0.6999999881
11153  7.185  -61.964  0.087 0.6999999881
10448  9.812  -63.777  -0.956 0.6999999881
11166  8.457  -62.371  -0.548 0.6999999881
11130  7.420  -62.843  3.291 0.6999999881
11843  7.223  -61.563  1.703 0.6999999881
116173  7.195  -61.934  2.614 0.6999999881
11117  7.543  -62.695  5.290 0.6999999881
11882  8.320  -61.687  -0.225 0.6999999881
11864  7.770  -61.407  0.049 0.6999999881
116611  7.423  -62.334  4.179 0.6999999881
11165  10.136  -62.812  -0.450 0.6999999881
11881  9.976  -61.927  0.020 0.6999999881
12590  7.605  -60.806  1.399 0.6999999881
12577  7.919  -60.095  2.762 0.6999999881
12606  9.763  -60.673  0.939 0.6999999881
12607  8.270  -60.742  0.831 0.6999999881
12576  8.422  -59.893  2.530 0.6999999881
14403  7.769  -58.533  -15.571 0.6000000238
13604  7.488  -59.335  -14.869 0.4000000060
13345  7.735  -59.976  3.689 0.6999999881
13344  8.520  -59.579  3.311 0.6999999881
118248  9.212  -59.695  2.704 0.6999999881
14386  7.614  -58.375  -14.669 0.5000000000
13321  7.694  -59.523  5.317 0.6999999881
14137  7.953  -59.225  4.836 0.6999999881
113331  7.641  -58.177  -13.929 0.4000000060
14136  8.707  -58.968  4.987 0.6999999881
13328  10.315  -59.105  4.095 0.6999999881
14133  11.113  -58.278  3.750 0.6999999881
16939  8.126  -55.343  -14.133 0.6000000238
16070  8.367  -55.910  -13.230 0.3000000119
16090  7.844  -56.639  -14.708 0.5000000000
14118  10.834  -57.853  5.124 0.6999999881
15770  9.386  -55.754  7.112 0.6000000238
15830  10.525  -57.250  4.183 0.6000000238
14931  10.496  -57.398  5.804 0.6999999881
20373  6.911  -51.466  -3.039 0.4000000060
14914  10.090  -56.595  6.194 0.6000000238
16663  9.598  -55.705  6.511 0.6999999881
19380  6.470  -51.746  3.461 0.2000000030
21241  6.887  -50.572  -1.820 0.4000000060
17548  9.202  -54.943  7.069 0.6999999881
21146  7.629  -49.817  3.026 0.3000000119
20253  7.012  -50.739  3.147 0.3000000119
22176  8.701  -49.239  2.941 0.2000000030
20252  8.282  -51.101  3.899 0.1000000015
25044  23.894  -46.698  4.826 0.6000000238
22189  9.736  -47.804  2.931 0.4000000060
22190  8.795  -48.098  2.924 0.3000000119
23175  8.261  -48.001  4.423 0.6000000238
23224  25.095  -47.829  3.173 0.6000000238
23211  24.814  -47.957  3.912 0.6000000238
25908  22.566  -45.811  5.263 0.6000000238
25110  8.553  -46.721  0.620 0.3000000119
129094  10.914  -48.992  7.786 0.8000000119
22096  10.108  -49.532  7.478 0.6999999881
23118  10.919  -48.298  7.277 0.6999999881
23143  9.330  -48.157  5.953 0.6999999881
23144  8.620  -48.206  5.372 0.6000000238
22159  6.617  -49.195  4.046 0.6000000238
23210  25.170  -48.655  3.434 0.5000000000
24131  24.441  -47.296  4.335 0.5000000000
24108  23.059  -46.510  5.470 0.5000000000
23174  9.094  -47.728  4.924 0.6000000238
23223  25.397  -48.178  2.533 0.6999999881
24154  24.251  -46.450  3.841 0.6999999881
132051  21.914  -45.699  5.703 0.6000000238
24153  24.715  -47.064  3.293 0.6999999881
25920  22.650  -45.429  4.332 0.6999999881
26809  9.961  -44.043  -0.849 0.5000000000
25021  22.176  -46.224  6.054 0.6000000238
118110  25.500  -48.913  2.725 0.6000000238
114423  24.727  -48.793  4.208 0.4000000060
23189  24.434  -48.148  4.623 0.4000000060
24107  23.403  -47.590  5.505 0.4000000060
22185  25.407  -49.478  3.229 0.6000000238
25023  21.027  -45.748  7.054 0.6000000238
25898  20.285  -45.357  7.360 0.8000000119
21170  26.150  -50.794  1.371 0.6000000238
25899  18.826  -44.752  6.811 0.6000000238
21169  26.596  -51.104  0.703 0.6999999881
25099  26.370  -46.315  -1.145 0.5000000000
21154  25.290  -50.226  3.617 0.4000000060
24092  22.533  -47.182  6.112 0.5000000000
131280  21.535  -46.164  6.678 0.5000000000
20259  25.545  -51.018  2.988 0.3000000119
20270  25.905  -51.406  1.990 0.6000000238
21159  25.840  -50.423  2.257 0.6000000238
25009  21.258  -46.465  7.301 0.6000000238
25901  16.991  -45.122  6.655 0.6999999881
20283  27.701  -52.209  1.427 0.5000000000
20282  28.184  -51.810  1.526 0.6000000238
20303  27.614  -51.684  0.923 0.6000000238
21168  28.926  -50.376  1.886 0.6000000238
24214  27.007  -46.850  -1.150 0.6999999881
23162  23.934  -48.377  5.150 0.4000000060
23163  23.264  -48.661  5.549 0.4000000060
23133  22.578  -48.398  6.120 0.5000000000
25011  19.885  -45.768  8.047 0.6000000238
25012  19.048  -45.754  8.035 0.6999999881
25893  17.609  -45.520  7.269 0.6999999881
25024  16.730  -45.760  7.216 0.8000000119
25891  19.414  -45.201  7.462 0.6999999881
24212  30.198  -48.075  -0.744 0.6000000238
126508  28.277  -50.689  -0.478 0.6999999881
22238  27.482  -51.033  -0.345 0.8000000119
27628  10.908  -43.368  -6.035 0.5000000000
134429  10.266  -43.215  -6.591 0.5000000000
25098  30.904  -46.167  0.359 0.6999999881
136916  30.300  -47.508  0.431 0.8000000119
117542  31.822  -44.960  0.128 0.8000000119
26786  31.357  -44.841  0.675 0.8000000119
26776  30.756  -44.709  1.279 0.8000000119
136439  12.384  -44.047  -5.243 0.5000000000
27647  10.939  -42.981  -6.760 0.5000000000
119096  30.208  -44.577  1.791 0.6999999881
122423  30.572  -43.947  1.505 0.8000000119
29102  28.599  -41.199  2.820 0.5000000000
131091  31.988  -42.737  0.622 0.8000000119
27543  31.023  -43.407  1.180 0.8000000119
30811  30.425  -39.908  1.136 0.8000000119
29901  30.202  -40.760  1.296 0.6999999881
29909  31.844  -40.434  0.694 0.8999999762
129292  31.005  -40.746  0.963 0.8000000119
127250  29.715  -41.351  1.696 0.8000000119
28347  33.137  -42.635  -0.281 0.8999999762
118729  31.232  -42.670  1.013 0.8000000119
133440  30.715  -42.366  1.260 0.8000000119
27544  30.354  -42.968  1.605 0.8000000119
29169  34.615  -41.693  -5.295 0.6999999881
29234  8.978  -41.104  -8.266 0.6999999881
30886  8.860  -39.821  -6.642 0.8999999762
28451  9.695  -42.391  -8.140 0.6000000238
32827  20.739  -37.180  5.238 0.1000000015
29915  34.270  -40.660  -1.070 0.8999999762
29907  33.096  -40.171  0.192 0.8999999762
133100  33.957  -41.652  -5.729 0.6000000238
29956  34.853  -41.043  -5.065 0.8000000119
30872  9.302  -39.163  -5.687 0.8000000119
31898  10.010  -38.588  -6.565 0.8999999762
30885  9.346  -39.095  -6.197 0.8999999762
29233  9.511  -41.391  -8.770 0.6999999881
30023  9.628  -40.512  -8.475 0.6999999881
30923  9.824  -39.494  -7.929 0.6999999881
30901  9.551  -39.245  -6.963 0.8999999762
29248  10.568  -41.187  -9.319 0.6999999881
30022  10.060  -40.888  -9.143 0.6999999881
29231  10.927  -41.717  -8.980 0.6000000238
134358  20.151  -36.957  4.153 0.1000000015
133583  34.934  -40.421  -3.840 0.8000000119
29958  33.918  -40.717  -5.734 0.6999999881
30849  34.710  -39.199  -5.129 0.8000000119
30871  10.062  -39.006  -5.500 0.6000000238
127604  10.976  -39.222  -5.449 0.6000000238
30884  9.824  -38.566  -5.994 0.6000000238
31910  10.572  -37.999  -7.023 0.8999999762
31926  10.343  -38.785  -8.302 0.6999999881
31911  10.155  -38.639  -7.353 0.8000000119
29247  11.378  -41.291  -9.531 0.6999999881
30037  10.739  -40.584  -9.522 0.6999999881
30922  10.297  -39.836  -8.945 0.6999999881
30865  33.645  -39.136  -5.750 0.8000000119
30850  34.355  -38.331  -5.474 0.8999999762
29959  32.428  -40.051  -5.795 0.8000000119
30866  32.603  -38.804  -5.762 0.8000000119
120004  33.777  -37.496  -5.303 0.6000000238
30878  28.587  -39.476  -6.615 0.5000000000
31897  10.413  -38.121  -6.465 0.6999999881
30879  27.953  -39.805  -6.789 0.4000000060
33041  11.381  -37.114  -7.257 0.8000000119
33029  10.904  -37.591  -6.950 0.8999999762
33038  13.948  -37.117  -8.015 0.3000000119
31943  10.728  -38.752  -9.258 0.6999999881
133556  10.743  -38.127  -8.569 0.6999999881
30939  11.002  -39.724  -9.654 0.6999999881
131858  31.469  -37.722  -5.622 0.6000000238
31887  32.642  -37.687  -5.596 0.6000000238
31892  29.699  -38.533  -6.209 0.6000000238
31891  30.628  -38.186  -5.813 0.6999999881
30877  29.405  -39.546  -6.325 0.6000000238
29994  27.126  -40.204  -7.001 0.5000000000
33028  11.722  -37.533  -6.868 0.5000000000
33039  13.068  -36.775  -7.365 0.4000000060
33040  12.151  -36.908  -7.246 0.4000000060
34089  11.616  -36.597  -7.646 0.6999999881
34087  13.260  -35.851  -8.112 0.5000000000
34088  12.395  -36.097  -7.709 0.5000000000
34098  11.270  -36.575  -8.180 0.8000000119
36105  12.817  -34.376  -9.943 0.6000000238
35125  11.826  -34.764  -10.079 0.6000000238
31941  15.005  -37.646  -9.635 0.5000000000
31888  30.896  -37.327  -5.626 0.5000000000
33025  29.996  -37.667  -5.955 0.6999999881
31893  28.845  -38.784  -6.576 0.6000000238
35137  13.586  -35.232  -11.458 0.4000000060
31940  15.626  -38.088  -10.245 0.4000000060
33064  14.742  -36.711  -9.997 0.4000000060
35138  13.317  -34.385  -10.977 0.5000000000
121676  13.191  -41.299  -10.824 0.6000000238
31938  17.131  -38.847  -10.182 0.4000000060
33063  15.236  -37.338  -10.471 0.5000000000
112979  13.903  -36.173  -11.533 0.5000000000
126103  17.548  -38.631  -10.675 0.5000000000
31963  15.570  -37.600  -10.972 0.4000000060
31961  16.979  -38.509  -10.852 0.3000000119
136330  23.432  -33.421  -6.536 0.1000000015
34153  20.498  -36.526  -12.408 0.2000000030
37847  24.211  -32.837  -7.944 0.1000000015
35175  22.539  -35.409  -12.524 0.2000000030
35176  21.049  -35.936  -12.942 0.2000000030
37870  24.559  -32.378  -8.775 0.1000000015
36151  23.112  -34.543  -12.600 0.1000000015
36152  22.342  -34.668  -13.104 0.2000000030
36153  21.772  -35.352  -13.059 0.2000000030
35194  19.924  -36.458  -13.203 0.2000000030
37891  25.179  -32.644  -10.132 0.1000000015
37883  24.738  -32.093  -9.622 0.1000000015
37900  24.554  -32.439  -11.364 0.1000000015
37030  24.249  -33.008  -12.064 0.1000000015
36154  21.071  -35.078  -13.560 0.1000000015
35193  20.423  -35.398  -13.663 0.2000000030
37892  24.743  -32.084  -10.513 0.1000000015
125681  23.771  -32.803  -12.551 0.1000000015
37032  22.790  -33.837  -13.145 0.1000000015
36169  21.120  -34.264  -13.981 0.1000000015
36168  21.954  -34.004  -13.619 0.1000000015
37046  20.200  -33.570  -14.344 0.1000000015
36170  20.276  -34.502  -14.148 0.2000000030
36172  19.330  -35.031  -14.346 0.2000000030
37047  19.225  -33.715  -14.374 0.1000000015
36188  18.779  -34.054  -14.442 0.1000000015
36189  18.964  -34.914  -14.570 0.1000000015
35238  18.759  -34.758  -15.892 0.1000000015
38765  24.303  -31.492  -11.085 0.1000000015
37043  23.200  -33.000  -13.090 0.1000000015
37901  24.092  -32.091  -12.088 0.1000000015
37044  22.290  -33.060  -13.711 0.1000000015
37045  21.284  -33.398  -14.154 0.1000000015
128758  21.404  -32.637  -14.152 0.1000000015
37067  18.152  -32.893  -14.128 0.1000000015
37924  23.510  -32.245  -12.820 0.1000000015
3866  10.276  -73.434  2.684 0.8000000119
3354  10.785  -75.440  6.486 0.8999999762
7193  7.987  -68.578  -18.430 0.3000000119
115868  9.778  -73.511  4.575 0.8999999762
9970  7.845  -64.425  -18.562 0.4000000060
508  28.468  -83.576  6.375 0.6999999881
594  28.294  -83.081  -5.279 0.6999999881
751  25.614  -82.059  3.921 0.6999999881
1186  24.522  -81.000  2.220 0.8000000119
128428  26.372  -81.310  -20.312 0.4000000060
2750  24.941  -77.001  -19.877 0.5000000000
121255  21.207  -67.228  -16.713 0.8000000119
21148  6.311  -49.912  3.750 0.4000000060
22130  6.820  -49.078  5.122 0.6000000238
25982  8.952  -45.827  0.334 0.4000000060
22127  9.683  -48.848  6.729 0.6999999881
22128  8.749  -48.727  6.232 0.6000000238
23199  8.311  -48.026  3.696 0.5000000000
23173  9.772  -47.664  5.671 0.6999999881
21185  27.193  -51.157  0.350 0.6999999881
119408  30.077  -47.541  0.956 0.8000000119
24194  30.079  -48.077  0.301 0.6999999881
27648  10.012  -42.816  -7.277 0.6999999881
24184  30.075  -46.844  1.419 0.6999999881
27534  29.638  -43.050  2.293 0.5000000000
28463  10.373  -42.043  -8.559 0.6000000238
29892  29.025  -40.835  2.145 0.6999999881
122606  30.222  -39.103  1.061 0.6000000238
29908  32.500  -40.675  0.445 0.8999999762
125409  11.491  -36.006  -8.715 0.8000000119
33051  10.935  -37.349  -8.341 0.8000000119
29918  34.582  -40.703  -2.156 0.8999999762
30827  33.439  -39.640  -0.115 0.8999999762
30833  34.537  -39.996  -3.200 0.8000000119
36114  12.260  -34.177  -10.457 0.5000000000
30848  34.785  -40.288  -5.093 0.8000000119
126702  34.621  -37.912  -5.145 0.8999999762
31872  34.602  -37.435  -4.976 0.6999999881
31962  16.211  -38.197  -10.916 0.4000000060
30895  27.387  -39.283  -7.234 0.5000000000
30894  28.115  -39.009  -6.907 0.5000000000
133003  24.886  -32.777  -10.826 0.2000000030
126021  7.885  -71.022  -18.274 0.2000000030
20302  28.280  -51.308  1.102 0.6999999881
23241  29.756  -48.759  -0.361 0.6000000238
21167  29.148  -49.692  1.942 0.6999999881
25964  30.228  -45.271  1.663 0.6999999881
34119  14.335  -36.127  -10.838 0.4000000060
118441  20.403  -36.211  -13.096 0.2000000030
36987  23.763  -33.275  -7.203 0.1000000015
1973  24.260  -77.926  -19.527 0.3000000119
131220  24.790  -79.541  -19.029 0.3000000119
8701  21.396  -66.561  -23.525 0.3000000119
118868  30.610  -82.545  1.240 0.4000000060
119896  30.167  -82.965  2.923 0.5000000000
1493  24.956  -79.846  0.188 0.6000000238
1485  26.768  -79.393  1.453 0.5000000000
1797  25.862  -78.578  0.251 0.4000000060
1501  25.383  -79.167  -0.161 0.4000000060
1500  30.398  -79.937  -0.680 0.3000000119
1490  29.753  -78.687  0.639 0.3000000119
1033  29.019  -81.920  -6.231 0.5000000000
1832  25.900  -78.819  -3.151 0.4000000060
2159  28.603  -77.576  0.498 0.2000000030
125485  26.175  -78.967  -3.891 0.4000000060
2574  26.648  -76.341  -1.483 0.4000000060
2573  27.419  -76.228  -1.070 0.4000000060
2243  28.906  -77.642  -6.904 0.4000000060
7898  17.457  -68.031  -17.314 0.8000000119
7206  16.943  -69.079  -18.340 0.6999999881
3131  11.980  -74.463  -15.312 0.1000000015
134159  11.570  -74.229  -15.074 0.1000000015
10597  20.543  -63.806  -15.392 0.4000000060
4633  9.655  -73.071  -16.124 0.1000000015
4657  10.505  -72.834  -18.081 0.3000000119
116859  8.963  -72.471  -16.797 0.1000000015
5227  9.119  -72.208  -14.960 0.1000000015
10649  20.509  -62.971  -18.996 0.3000000119
9335  17.256  -65.169  -22.526 0.6000000238
6921  7.892  -68.301  5.241 0.8000000119
9054  8.756  -65.963  3.364 0.6999999881
117276  7.714  -66.559  0.571 0.8000000119
9078  9.300  -64.695  2.153 0.6999999881
9729  10.626  -64.041  2.140 0.6999999881
11137  10.678  -63.019  2.301 0.6999999881
11128  8.723  -63.140  3.259 0.6999999881
11115  9.098  -62.604  4.132 0.6999999881
10418  7.139  -63.445  0.940 0.6999999881
118663  7.021  -63.467  0.052 0.6999999881
113597  7.461  -60.838  2.349 0.6999999881
15789  9.796  -56.327  6.713 0.6000000238
22178  6.895  -49.184  3.187 0.5000000000
134053  24.622  -49.512  4.445 0.4000000060
20304  26.909  -51.797  0.856 0.6000000238
19434  26.693  -52.460  1.413 0.3000000119
24211  30.472  -47.457  -0.128 0.6999999881
124325  30.450  -46.282  0.932 0.8000000119
24193  30.467  -46.928  0.518 0.8000000119
25972  31.370  -45.504  0.260 0.8000000119
26785  31.977  -44.190  0.324 0.8000000119
26775  31.247  -44.080  0.969 0.8000000119
25973  30.747  -45.534  0.949 0.6999999881
29101  29.166  -41.672  2.428 0.6000000238
28339  29.666  -42.286  2.001 0.6999999881
27548  31.673  -43.387  0.738 0.8000000119
29109  30.425  -41.340  1.268 0.8000000119
115010  32.559  -41.504  0.394 0.8999999762
29115  31.797  -41.199  0.701 0.8999999762
28343  31.874  -42.040  0.695 0.8000000119
28337  31.033  -41.775  1.028 0.8000000119
28338  30.288  -42.025  1.460 0.8000000119
28342  32.574  -42.330  0.292 0.8000000119
27599  34.485  -43.352  -5.099 0.6000000238
29912  33.683  -40.379  -0.320 0.8999999762
29114  33.185  -40.952  0.081 0.8999999762
28402  33.688  -42.566  -5.671 0.6000000238
119857  32.981  -41.063  -5.814 0.6000000238
29957  34.441  -40.861  -5.463 0.6000000238
30864  34.293  -39.809  -5.563 0.8000000119
128152  33.518  -40.170  -5.778 0.6999999881
33042  11.040  -37.279  -7.556 0.8999999762
115289  10.671  -38.013  -7.785 0.8000000119
31886  33.928  -38.031  -5.688 0.8000000119
30867  31.359  -39.539  -5.846 0.6999999881
30875  31.478  -38.520  -5.747 0.6999999881
30876  30.450  -39.093  -6.015 0.6000000238
34097  11.791  -35.845  -8.136 0.5000000000
35114  12.379  -34.658  -9.247 0.6000000238
31939  16.399  -38.596  -10.284 0.4000000060
130019  21.669  -34.695  -13.468 0.1000000015
36171  19.627  -34.725  -14.275 0.1000000015
37066  19.036  -32.751  -14.186 0.1000000015
36202  18.306  -34.096  -15.239 0.1000000015
2954  22.405  -75.220  1.430 0.5000000000
3392  21.061  -75.033  0.774 0.5000000000
123632  19.440  -73.949  0.158 0.6999999881
126880  20.634  -74.581  0.290 0.5000000000
1391  25.306  -79.966  9.229 0.6000000238
4417  19.007  -72.189  5.046 0.3000000119
4434  20.031  -72.073  3.956 0.3000000119
4433  20.912  -72.112  3.569 0.2000000030
4414  21.287  -72.925  3.888 0.2000000030
5020  21.597  -71.695  3.187 0.4000000060
4447  22.332  -71.667  2.932 0.4000000060
4445  24.188  -71.792  2.468 0.4000000060
3389  24.785  -73.935  1.190 0.5000000000
130357  24.935  -73.139  0.790 0.5000000000
4459  24.998  -71.935  1.107 0.5000000000
5031  24.432  -71.522  1.529 0.5000000000
2946  23.689  -75.412  2.069 0.6000000238
2953  23.287  -75.018  1.482 0.5000000000
125150  24.505  -72.607  0.432 0.5000000000
4469  24.140  -71.919  0.024 0.5000000000
3390  22.817  -74.624  0.879 0.5000000000
3406  23.195  -73.832  0.435 0.5000000000
3899  22.601  -73.402  -0.106 0.5000000000
4476  22.431  -72.101  -0.538 0.5000000000
133334  18.701  -73.840  0.425 0.6999999881
3407  22.287  -74.189  0.336 0.5000000000
3912  20.957  -73.285  -0.401 0.6000000238
3902  19.955  -73.229  -0.225 0.6999999881
1408  25.344  -79.575  8.274 0.6000000238
3408  21.446  -74.435  0.310 0.5000000000
123944  20.447  -85.588  -9.261 0.4000000060
127928  20.010  -85.448  -9.415 0.3000000119
133664  20.384  -84.410  -10.440 0.2000000030
636  21.283  -83.677  -11.649 0.1000000015
124139  18.434  -81.482  -11.067 0.1000000015
1072  21.112  -81.086  -10.456 0.1000000015
1301  18.545  -81.170  -10.303 0.1000000015
126244  17.947  -72.119  6.120 0.2000000030
4415  20.458  -72.774  4.139 0.2000000030
3835  21.775  -73.348  4.454 0.2000000030
4432  21.792  -72.327  3.437 0.3000000119
4431  22.700  -72.292  3.348 0.4000000060
5033  22.931  -70.949  2.133 0.5000000000
5034  21.970  -71.009  2.686 0.5000000000
5021  21.196  -71.185  3.194 0.4000000060
3834  22.699  -73.296  4.475 0.3000000119
5032  23.746  -71.312  2.039 0.5000000000
4428  25.363  -72.606  2.699 0.5000000000
4429  24.618  -72.348  2.986 0.4000000060
3845  25.901  -73.020  3.017 0.5000000000
3877  25.501  -73.216  1.334 0.5000000000
4458  25.453  -72.586  1.538 0.4000000060
1426  26.180  -79.418  7.740 0.6000000238
1445  25.874  -78.976  6.842 0.6000000238
2523  26.094  -76.367  3.442 0.6000000238
121587  25.676  -75.049  2.275 0.6000000238
2945  24.600  -75.299  2.141 0.5000000000
3878  17.345  -73.042  1.072 0.6999999881
132152  26.146  -76.911  4.165 0.6000000238
120010  18.179  -73.224  0.632 0.6999999881
1757  27.073  -78.269  5.569 0.6000000238
1758  26.102  -78.126  5.540 0.6000000238
4477  21.482  -72.315  -0.545 0.6000000238
4471  18.682  -72.453  0.393 0.6999999881
1744  26.441  -78.662  6.184 0.6000000238
119530  26.126  -79.833  8.764 0.6000000238
291  21.383  -85.460  -9.684 0.4000000060
296  21.172  -85.244  -10.453 0.3000000119
302  21.379  -85.032  -11.225 0.4000000060
134357  21.177  -84.830  -11.316 0.3000000119
640  21.150  -83.622  -12.770 0.1000000015
1319  17.513  -81.134  -12.014 0.1000000015
118676  18.319  -78.942  -11.321 0.1000000015
868  21.624  -82.638  -12.797 0.1000000015
127480  21.585  -80.709  -11.347 0.1000000015
1326  19.612  -80.167  -13.452 0.1000000015
1327  18.315  -80.546  -13.124 0.1000000015
4400  19.431  -72.934  5.326 0.2000000030
125333  18.752  -72.700  5.776 0.2000000030
3836  20.936  -73.296  4.571 0.2000000030
5009  19.700  -71.299  4.128 0.4000000060
5022  20.417  -71.302  3.627 0.4000000060
3846  25.044  -72.911  3.438 0.4000000060
3831  25.569  -73.498  3.948 0.5000000000
2944  26.496  -75.110  2.638 0.6000000238
3860  26.222  -73.467  2.546 0.5000000000
124827  16.762  -72.672  1.522 0.6999999881
2120  27.035  -77.136  4.224 0.6000000238
2943  27.115  -74.767  2.966 0.5000000000
3362  27.144  -74.087  3.822 0.5000000000
5701  21.469  -70.774  -0.300 0.6000000238
5063  21.953  -71.447  -0.490 0.5000000000
4472  17.883  -72.366  0.780 0.6999999881
2108  27.000  -77.679  4.965 0.6000000238
2508  26.995  -76.506  3.571 0.6000000238
3360  28.180  -75.030  3.877 0.5000000000
4478  20.532  -72.435  -0.423 0.6000000238
4470  19.584  -72.350  -0.090 0.6999999881
4460  17.124  -72.153  1.149 0.6000000238
129432  27.263  -74.877  5.382 0.5000000000
126146  19.045  -71.831  0.262 0.6999999881
1443  27.546  -79.365  6.690 0.6000000238
125586  19.856  -70.571  0.162 0.6999999881
1145  26.869  -80.128  9.325 0.6000000238
131423  21.725  -82.733  -13.890 0.1000000015
1325  22.828  -80.502  -12.676 0.1000000015
132960  21.192  -79.746  -12.761 0.1000000015
124460  21.888  -79.135  -16.291 0.1000000015
1952  23.912  -78.654  -17.295 0.2000000030
136059  22.959  -78.845  -16.723 0.1000000015
112122  33.683  -75.798  -19.505 0.6000000238
2872  11.459  -75.609  10.386 0.1000000015
2848  11.550  -75.841  12.120 0.1000000015
2429  11.763  -76.622  12.643 0.1000000015
4377  16.403  -72.848  7.402 0.2000000030
124062  15.829  -73.380  7.726 0.2000000030
123633  14.494  -73.873  8.446 0.2000000030
3311  12.399  -75.402  9.380 0.1000000015
4389  17.699  -72.646  6.578 0.2000000030
3787  12.904  -74.434  9.054 0.1000000015
4390  17.005  -72.347  7.041 0.2000000030
4975  16.323  -72.003  7.337 0.2000000030
4378  15.728  -72.533  7.677 0.2000000030
3797  13.693  -73.584  8.800 0.1000000015
3818  19.913  -73.479  5.696 0.2000000030
3819  19.082  -73.399  6.172 0.2000000030
4999  18.517  -71.455  5.290 0.2000000030
5000  18.000  -71.551  5.865 0.2000000030
5655  22.861  -70.389  1.206 0.5000000000
5656  22.258  -70.209  1.911 0.5000000000
5657  21.579  -70.276  2.666 0.5000000000
5061  23.592  -71.248  -0.072 0.5000000000
5670  22.565  -70.113  0.698 0.5000000000
3364  24.893  -73.866  4.629 0.5000000000
3363  26.330  -73.981  4.264 0.4000000060
4448  16.196  -72.762  2.154 0.6999999881
1085  23.095  -81.365  -14.147 0.2000000030
873  22.431  -82.006  -14.077 0.2000000030
1315  23.098  -79.563  -12.773 0.1000000015
1919  22.339  -79.023  -13.473 0.1000000015
136736  24.183  -79.794  -13.876 0.2000000030
1935  23.849  -78.291  -14.982 0.1000000015
1934  24.823  -78.153  -15.056 0.1000000015
128219  25.297  -78.643  -17.842 0.1000000015
2428  11.945  -76.593  12.599 0.1000000015
129744  12.064  -77.252  12.976 0.1000000015
3795  15.308  -74.094  8.148 0.2000000030
3310  13.147  -75.640  8.857 0.1000000015
125942  12.009  -77.357  13.623 0.1000000015
3316  13.759  -74.765  8.683 0.1000000015
3312  11.574  -75.012  9.881 0.1000000015
3292  10.923  -74.908  10.500 0.1000000015
3322  16.046  -74.134  7.798 0.2000000030
4369  14.426  -72.660  8.495 0.2000000030
2849  11.047  -75.473  11.548 0.1000000015
2830  10.995  -75.880  13.058 0.1000000015
3349  20.484  -73.916  6.118 0.2000000030
3348  21.294  -73.963  5.875 0.2000000030
5645  20.073  -70.435  3.850 0.4000000060
121710  21.966  -73.974  5.633 0.3000000119
5644  20.842  -70.399  3.297 0.4000000060
6316  22.012  -69.518  0.648 0.5000000000
5671  22.295  -69.582  1.202 0.5000000000
5700  22.352  -70.707  -0.228 0.5000000000
5684  20.910  -70.018  0.061 0.5000000000
5053  20.534  -71.029  -0.224 0.6000000238
5044  17.641  -71.558  0.868 0.6000000238
4461  16.461  -71.992  1.665 0.6000000238
876  22.957  -82.379  -15.439 0.2000000030
882  23.278  -82.482  -15.774 0.3000000119
1332  23.848  -80.621  -14.143 0.3000000119
655  25.072  -82.617  -15.751 0.3000000119
129315  25.365  -81.317  -15.801 0.3000000119
128640  26.328  -82.610  -14.254 0.3000000119
1100  26.496  -81.469  -15.824 0.3000000119
112853  26.365  -78.254  -15.581 0.3000000119
128443  27.100  -78.268  -17.838 0.2000000030
112097  27.180  -80.521  -15.911 0.3000000119
112638  27.642  -77.814  -17.232 0.2000000030
3618  32.324  -74.384  -20.881 0.5000000000
2400  13.527  -77.419  13.930 0.1000000015
2056  12.635  -77.376  13.685 0.1000000015
2438  11.893  -75.917  12.048 0.1000000015
2414  12.781  -77.125  13.258 0.1000000015
122914  13.858  -77.700  15.108 0.1000000015
2035  13.814  -77.471  15.710 0.1000000015
126815  11.938  -76.029  10.452 0.1000000015
114794  13.062  -73.327  9.136 0.2000000030
136889  12.634  -77.375  14.723 0.1000000015
2041  13.059  -77.341  15.394 0.1000000015
2023  15.181  -77.224  16.227 0.1000000015
4991  16.847  -71.617  6.969 0.2000000030
3774  11.154  -74.057  10.340 0.1000000015
4976  15.586  -71.559  7.686 0.2000000030
5634  19.307  -70.501  4.401 0.3000000119
5620  18.070  -70.822  5.586 0.3000000119
123104  21.247  -69.576  2.845 0.5000000000
6289  20.495  -69.428  3.381 0.4000000060
6272  19.602  -69.632  4.007 0.4000000060
6317  21.863  -68.691  1.174 0.5000000000
119734  21.476  -69.408  0.414 0.5000000000
5055  19.015  -71.121  0.397 0.6000000238
5045  16.862  -71.215  1.276 0.6000000238
5023  14.418  -71.713  3.543 0.6999999881
881  26.617  -82.011  -15.606 0.3000000119
112105  27.925  -77.861  -16.772 0.2000000030
3624  32.235  -73.902  -21.654 0.5000000000
2031  18.303  -76.944  17.088 0.1000000015
2032  17.343  -76.849  16.436 0.1000000015
2394  16.115  -77.093  15.242 0.1000000015
2039  15.384  -77.424  15.073 0.1000000015
135311  15.041  -77.438  14.641 0.1000000015
2043  14.368  -77.567  14.669 0.1000000015
2040  14.649  -77.556  15.454 0.1000000015
115429  15.599  -77.313  15.685 0.1000000015
2427  12.300  -76.618  12.688 0.1000000015
3306  10.696  -74.012  10.945 0.1000000015
2402  11.520  -76.622  14.124 0.1000000015
2395  12.224  -76.818  15.267 0.1000000015
2034  14.245  -77.191  16.215 0.1000000015
3788  12.455  -73.591  9.474 0.2000000030
120826  11.137  -76.023  13.762 0.1000000015
2388  13.279  -76.805  16.229 0.1000000015
6273  18.698  -69.633  4.585 0.3000000119
4379  15.128  -72.297  7.994 0.2000000030
2396  11.575  -76.314  15.057 0.1000000015
3744  10.654  -74.147  12.412 0.1000000015
6981  21.425  -68.032  1.129 0.5000000000
6964  21.586  -68.174  1.798 0.5000000000
114800  19.992  -69.624  0.328 0.6000000238
4462  15.864  -71.895  2.222 0.6000000238
114228  30.658  -74.378  -23.109 0.4000000060
4137  31.364  -73.789  -22.784 0.4000000060
4370  13.552  -72.572  9.023 0.2000000030
4992  16.306  -71.149  7.164 0.2000000030
4354  12.810  -72.617  9.477 0.2000000030
4341  12.130  -72.897  9.965 0.2000000030
118312  11.054  -73.192  10.805 0.1000000015
3757  10.562  -74.007  11.705 0.1000000015
130948  21.154  -67.794  1.619 0.5000000000
6949  20.375  -68.471  2.999 0.4000000060
6323  20.774  -68.979  0.430 0.5000000000
130127  17.513  -70.836  0.894 0.6000000238
5046  16.107  -71.221  1.845 0.6000000238
4138  29.886  -73.351  -22.821 0.3000000119
136998  30.221  -73.110  -23.370 0.3000000119
116424  30.901  -73.219  -23.396 0.3000000119
4143  31.856  -73.065  -22.975 0.3000000119
6290  19.043  -68.888  3.907 0.4000000060
5636  18.113  -69.984  5.310 0.4000000060
5604  16.774  -69.956  6.468 0.4000000060
4977  14.794  -71.612  8.252 0.2000000030
4961  14.034  -71.667  8.844 0.2000000030
6966  20.023  -67.810  2.524 0.5000000000
6274  17.873  -69.142  4.948 0.4000000060
124452  17.604  -69.501  5.518 0.4000000060
5584  15.678  -70.452  7.412 0.3000000119
120561  15.112  -70.864  7.985 0.2000000030
4947  12.554  -71.836  10.049 0.2000000030
4342  11.724  -72.390  10.616 0.2000000030
5572  14.456  -70.662  8.585 0.2000000030
5573  13.717  -70.887  9.297 0.2000000030
4328  11.248  -72.505  11.322 0.1000000015
6929  18.195  -68.629  4.301 0.4000000060
6260  17.121  -69.354  5.962 0.3000000119
5685  18.941  -70.136  0.483 0.6000000238
6247  16.058  -69.715  6.874 0.2000000030
6326  17.490  -69.438  0.795 0.6000000238
5686  17.026  -70.211  1.073 0.6000000238
3005  10.779  -75.075  -2.063 0.6000000238
2378  15.869  -76.769  17.126 0.1000000015
2379  14.758  -76.607  16.857 0.1000000015
2390  11.775  -76.128  15.727 0.1000000015
2380  13.889  -76.503  16.682 0.1000000015
7691  20.139  -67.798  0.813 0.5000000000
3264  10.854  -74.964  13.805 0.1000000015
7681  19.934  -67.564  1.254 0.5000000000
6951  18.523  -68.088  3.574 0.5000000000
3743  10.745  -73.318  12.370 0.1000000015
136625  10.979  -73.190  13.048 0.1000000015
6324  19.333  -68.992  0.471 0.6000000238
120112  19.364  -68.039  0.611 0.5000000000
7649  18.991  -67.631  2.736 0.5000000000
132426  13.193  -71.139  9.837 0.2000000030
4929  11.792  -71.913  11.232 0.2000000030
4917  11.745  -71.977  12.042 0.1000000015
6994  18.540  -68.395  0.560 0.6000000238
7682  18.774  -67.385  1.374 0.5000000000
6952  17.803  -67.768  4.007 0.5000000000
5585  15.001  -70.042  7.967 0.2000000030
131310  18.522  -67.587  0.773 0.5000000000
7665  18.441  -67.141  2.207 0.5000000000
6259  17.282  -68.773  5.354 0.4000000060
115623  10.525  -75.540  -4.216 0.4000000060
126503  17.451  -77.020  17.523 0.1000000015
2375  16.924  -76.705  17.775 0.1000000015
1705  19.221  -77.767  17.974 0.1000000015
2823  11.088  -75.548  14.773 0.1000000015
4937  12.971  -71.011  10.461 0.2000000030
6916  16.846  -68.554  5.888 0.3000000119
6227  14.627  -69.711  8.619 0.2000000030
5563  13.617  -70.367  9.994 0.2000000030
7650  18.220  -67.255  3.174 0.5000000000
6905  15.857  -68.891  6.865 0.3000000119
119842  15.845  -69.802  1.657 0.6000000238
5646  14.512  -70.542  3.079 0.6000000238
114886  10.651  -75.169  -2.933 0.4000000060
115974  17.848  -68.739  0.613 0.6000000238
6915  17.017  -67.956  5.228 0.4000000060
6327  16.795  -69.418  1.038 0.6000000238
6303  15.291  -69.870  2.179 0.6000000238
6514  24.844  -69.689  -13.808 0.6999999881
4640  27.857  -72.264  -15.571 0.6999999881
6904  16.409  -68.304  6.473 0.4000000060
7636  17.454  -67.482  4.620 0.4000000060
7692  17.684  -67.341  0.766 0.6000000238
7156  24.198  -69.087  -13.921 0.6999999881
7666  17.918  -66.507  2.711 0.5000000000
7694  16.241  -67.976  0.784 0.6000000238
124056  13.893  -70.230  3.587 0.6999999881
6236  9.364  -69.715  7.705 0.6999999881
6250  9.241  -69.850  7.188 0.6999999881
6249  10.990  -69.927  7.679 0.6999999881
6907  11.344  -68.846  7.280 0.6999999881
6234  10.386  -69.273  7.776 0.6999999881
6899  9.210  -68.997  7.577 0.6999999881
6918  12.700  -68.809  5.794 0.6999999881
6906  12.184  -68.344  6.767 0.6999999881
6897  10.723  -68.292  7.354 0.6999999881
7637  14.239  -67.299  4.017 0.6999999881
7638  13.631  -67.656  4.782 0.6999999881
6931  13.470  -68.344  4.620 0.6999999881
6917  13.171  -68.099  5.313 0.6999999881
7629  12.810  -67.785  6.221 0.6999999881
7617  11.362  -67.470  7.116 0.6999999881
133011  14.618  -67.380  2.795 0.6000000238
7628  13.350  -67.247  5.740 0.6999999881
7615  12.948  -66.999  6.319 0.6999999881
8322  11.822  -66.881  6.802 0.6999999881
7605  9.618  -68.068  7.305 0.6999999881
7604  10.526  -67.511  7.246 0.6999999881
134689  8.435  -68.698  6.746 0.6999999881
8376  15.036  -66.518  2.462 0.6000000238
9064  14.866  -65.901  3.948 0.6999999881
8349  14.421  -66.319  4.528 0.6999999881
8375  15.425  -66.596  1.725 0.6000000238
9713  16.043  -64.473  3.742 0.6000000238
9726  17.247  -64.752  2.870 0.6000000238
9061  18.123  -64.748  3.980 0.5000000000
9712  16.977  -64.255  3.458 0.6000000238
9063  15.344  -65.263  3.855 0.6999999881
9050  14.832  -65.452  4.914 0.6999999881
114181  13.887  -65.520  5.776 0.6999999881
8320  13.016  -66.389  6.114 0.6999999881
130839  16.253  -65.253  2.323 0.6000000238
8361  15.192  -65.839  3.058 0.6000000238
8336  13.519  -66.439  5.878 0.6999999881
9092  16.541  -65.796  1.785 0.6000000238
8324  9.330  -66.724  6.666 0.6999999881
10368  17.048  -63.150  5.673 0.6999999881
10367  17.865  -63.473  5.664 0.6000000238
9684  16.611  -63.364  5.116 0.6000000238
10381  17.424  -63.570  4.982 0.6000000238
9039  15.120  -64.562  5.304 0.6999999881
9697  17.713  -64.137  4.217 0.6000000238
9699  15.962  -64.048  4.796 0.6999999881
9041  12.907  -65.716  5.923 0.6999999881
9029  12.283  -66.369  6.303 0.6999999881
8323  10.350  -66.531  6.586 0.6999999881
8337  9.869  -66.352  6.033 0.6999999881
16650  8.651  -55.009  7.784 0.6000000238
124721  6.959  -54.766  11.443 0.6000000238
17530  6.951  -54.599  10.309 0.6000000238
17520  10.232  -54.482  11.395 0.6000000238
17503  8.209  -54.274  12.128 0.6000000238
123867  7.016  -53.787  10.917 0.6000000238
17537  8.286  -54.229  8.122 0.6000000238
121322  9.266  -54.171  11.784 0.6000000238
18415  7.746  -53.345  11.413 0.6000000238
126657  7.494  -53.514  8.766 0.6000000238
18442  8.111  -53.646  7.670 0.6000000238
19305  8.127  -52.540  11.029 0.6000000238
19306  7.303  -52.578  10.870 0.6000000238
125482  9.864  -53.625  11.219 0.6000000238
18427  9.343  -52.750  10.824 0.6000000238
19325  7.449  -51.881  10.433 0.6000000238
19336  6.669  -51.708  8.924 0.6000000238
19324  8.689  -51.984  10.339 0.6999999881
20181  7.282  -51.476  9.739 0.6999999881
19322  11.032  -52.623  9.738 0.6999999881
20177  11.692  -51.996  9.443 0.6999999881
20178  10.634  -51.926  9.251 0.6999999881
20179  9.460  -51.682  9.443 0.6999999881
20202  6.941  -51.302  9.086 0.6999999881
20199  10.119  -51.271  8.770 0.6999999881
21048  11.224  -51.147  8.929 0.6999999881
21045  13.362  -51.068  10.074 0.6999999881
20155  14.672  -51.254  10.891 0.6999999881
21030  14.156  -50.718  10.439 0.6999999881
22043  15.348  -49.742  10.530 0.6999999881
22060  13.884  -49.205  9.958 0.6999999881
22059  14.854  -49.122  10.091 0.6999999881
22042  16.257  -49.662  10.710 0.6999999881
22041  17.214  -49.677  10.826 0.6000000238
22077  12.437  -48.799  9.167 0.6999999881
22058  15.803  -49.086  10.203 0.6999999881
23084  16.307  -48.542  9.722 0.6999999881
125703  17.307  -48.483  9.868 0.6000000238
23102  14.910  -47.901  9.158 0.6999999881
24057  17.982  -47.389  8.945 0.6000000238
24066  18.735  -46.980  8.990 0.6000000238
23083  17.631  -47.872  9.336 0.6999999881
24068  16.356  -47.516  8.605 0.6999999881
24080  16.849  -46.926  8.175 0.6999999881
25003  19.374  -46.371  8.523 0.6000000238
25004  17.862  -46.800  8.379 0.6000000238
24078  20.907  -46.911  7.987 0.5000000000
24079  20.183  -46.558  8.373 0.5000000000
116559  18.186  -46.024  7.838 0.6000000238
115215  16.391  -46.412  7.632 0.6000000238
20370  26.597  -51.890  -3.294 0.1000000015
21251  24.234  -51.290  -2.897 0.1000000015
19490  26.431  -52.895  -1.931 0.1000000015
20350  26.050  -52.617  -1.141 0.1000000015
136895  25.864  -52.933  -2.140 0.1000000015
20371  25.660  -51.589  -3.200 0.1000000015
22301  22.581  -49.272  -3.985 0.1000000015
22297  26.954  -50.216  -4.007 0.1000000015
120821  24.402  -49.957  -3.681 0.1000000015
22300  23.578  -49.517  -3.957 0.1000000015
124849  25.056  -50.310  -0.471 0.1000000015
21231  26.192  -51.772  -0.649 0.1000000015
22261  26.387  -50.721  -0.466 0.2000000030
123255  25.633  -48.205  -1.221 0.3000000119
23263  24.748  -47.873  -0.846 0.4000000060
24197  23.397  -46.431  -0.029 0.4000000060
25102  22.644  -46.048  0.335 0.4000000060
136329  26.508  -52.181  -0.981 0.1000000015
21230  26.902  -51.765  -0.863 0.2000000030
20357  27.731  -52.397  -2.576 0.1000000015
20348  28.172  -52.110  -2.072 0.1000000015
126771  27.464  -52.099  -1.470 0.2000000030
127403  27.998  -51.572  -3.625 0.1000000015
21270  27.237  -51.256  -3.727 0.1000000015
22296  28.079  -50.729  -4.150 0.1000000015
22318  27.602  -49.521  -4.344 0.1000000015
22319  26.622  -49.192  -4.163 0.1000000015
22321  24.354  -49.262  -4.032 0.1000000015
23331  23.962  -48.735  -4.379 0.1000000015
23329  26.309  -48.341  -4.364 0.1000000015
24284  25.424  -47.995  -4.480 0.1000000015
22240  25.874  -49.424  -0.904 0.2000000030
23275  26.482  -49.095  -0.930 0.3000000119
23262  25.836  -46.969  -1.361 0.4000000060
25117  25.660  -46.211  -1.124 0.4000000060
22281  31.618  -49.603  -3.211 0.1000000015
21250  29.020  -51.644  -2.648 0.1000000015
21228  28.865  -51.340  -1.738 0.2000000030
22260  27.255  -51.325  -0.599 0.2000000030
22259  28.128  -51.075  -0.889 0.2000000030
22294  30.246  -50.545  -3.775 0.1000000015
22295  29.263  -50.734  -4.077 0.1000000015
26795  10.422  -44.563  -0.328 0.3000000119
22316  29.703  -49.954  -4.391 0.1000000015
22317  28.673  -49.850  -4.470 0.1000000015
23327  28.226  -48.663  -4.504 0.1000000015
24282  27.506  -47.756  -4.470 0.1000000015
24283  26.769  -47.869  -4.449 0.1000000015
24249  31.742  -48.478  -2.037 0.3000000119
126946  31.154  -49.993  -2.568 0.2000000030
22257  30.635  -49.841  -1.842 0.4000000060
113487  28.902  -50.352  -1.122 0.4000000060
23324  31.954  -48.789  -4.180 0.1000000015
23317  32.138  -49.034  -3.470 0.2000000030
26794  11.518  -44.548  -0.229 0.2000000030
120501  31.010  -49.015  -4.423 0.1000000015
23326  29.144  -49.188  -4.565 0.1000000015
24281  29.200  -48.361  -4.626 0.1000000015
23325  29.998  -49.128  -4.571 0.1000000015
24280  30.184  -48.252  -4.671 0.1000000015
116148  29.380  -47.449  -4.630 0.1000000015
120349  27.114  -46.169  -4.537 0.1000000015
23274  31.181  -49.236  -1.918 0.2000000030
24248  32.557  -48.323  -2.858 0.3000000119
22236  29.316  -49.424  -0.895 0.5000000000
24267  32.585  -48.263  -3.816 0.2000000030
25181  33.040  -46.786  -4.637 0.3000000119
25183  31.107  -46.201  -4.839 0.1000000015
24279  31.208  -48.135  -4.588 0.1000000015
115615  30.325  -47.348  -4.693 0.1000000015
26044  30.020  -45.699  -4.723 0.1000000015
119667  28.970  -45.813  -4.559 0.1000000015
26853  29.415  -44.072  -4.825 0.2000000030
26047  27.441  -45.327  -4.615 0.1000000015
28358  10.781  -42.596  -2.532 0.3000000119
26854  28.565  -44.292  -4.754 0.2000000030
27619  26.786  -43.438  -5.431 0.2000000030
24225  32.016  -47.554  -1.995 0.6000000238
116187  32.820  -47.008  -2.561 0.6000000238
26789  32.838  -44.314  -1.149 0.6999999881
26026  33.615  -46.189  -4.129 0.5000000000
122809  34.120  -43.981  -2.596 0.6999999881
27553  33.709  -43.752  -1.534 0.6999999881
26041  33.622  -45.763  -4.786 0.4000000060
26851  31.589  -44.830  -5.146 0.2000000030
120994  30.889  -45.256  -4.905 0.2000000030
26876  33.058  -44.672  -5.496 0.3000000119
26852  30.813  -44.485  -4.940 0.2000000030
26878  31.318  -43.988  -5.157 0.2000000030
131931  30.192  -43.047  -5.230 0.2000000030
27601  29.548  -43.327  -5.115 0.2000000030
135873  28.334  -43.131  -5.280 0.2000000030
27618  27.625  -42.992  -5.411 0.2000000030
28407  28.354  -42.516  -5.519 0.2000000030
28409  26.905  -42.588  -5.769 0.2000000030
28428  25.410  -42.691  -6.533 0.2000000030
128489  33.930  -42.954  -1.123 0.6999999881
27550  33.187  -43.392  -0.680 0.6999999881
27600  34.420  -44.104  -4.636 0.5000000000
28353  34.348  -43.104  -2.021 0.6999999881
28401  34.326  -42.547  -5.436 0.5000000000
27615  33.050  -43.944  -5.592 0.5000000000
29170  32.952  -42.112  -5.741 0.4000000060
115454  31.237  -42.288  -5.516 0.2000000030
29171  31.957  -41.764  -5.663 0.5000000000
28405  30.467  -42.413  -5.443 0.3000000119
113530  29.902  -41.870  -5.625 0.3000000119
120151  29.087  -42.183  -5.582 0.3000000119
29173  29.251  -41.421  -5.896 0.2000000030
29174  28.460  -41.790  -5.843 0.2000000030
28426  27.060  -41.850  -6.228 0.3000000119
28427  26.284  -42.276  -6.338 0.2000000030
29188  28.582  -41.045  -6.240 0.5000000000
29974  27.882  -40.650  -6.560 0.4000000060
29190  26.448  -41.511  -6.722 0.2000000030
133606  24.817  -42.660  -6.816 0.2000000030
29975  27.159  -41.090  -6.614 0.3000000119
117434  25.212  -41.602  -7.360 0.2000000030
29192  24.966  -42.203  -7.057 0.2000000030
135130  33.772  -41.689  -0.547 0.8000000119
29132  34.951  -41.714  -3.194 0.6999999881
29121  34.508  -41.320  -1.556 0.6999999881
28391  34.782  -42.478  -4.908 0.6999999881
132514  31.850  -40.992  -5.760 0.5000000000
29961  30.130  -41.023  -5.900 0.4000000060
29160  11.940  -41.115  -4.288 0.4000000060
29960  31.131  -40.545  -5.827 0.6999999881
29972  30.290  -40.070  -6.036 0.6000000238
29187  29.377  -40.576  -6.175 0.5000000000
29942  13.177  -40.781  -4.840 0.2000000030
29944  11.333  -40.478  -4.695 0.4000000060
29973  28.631  -40.207  -6.467 0.5000000000
28448  22.008  -42.064  -7.082 0.1000000015
29979  13.964  -40.108  -6.037 0.1000000015
30869  12.582  -39.566  -5.629 0.3000000119
29966  11.786  -39.897  -5.254 0.3000000119
123641  26.321  -40.294  -7.435 0.4000000060
29213  24.425  -41.729  -7.619 0.2000000030
28447  22.777  -42.158  -7.331 0.1000000015
29962  15.086  -41.112  -6.223 0.1000000015
29978  14.630  -40.548  -6.537 0.1000000015
29996  25.595  -40.339  -7.824 0.4000000060
29997  24.300  -40.958  -8.201 0.2000000030
131307  13.045  -39.348  -5.831 0.2000000030
29967  10.659  -39.745  -5.063 0.4000000060
30896  26.644  -39.560  -7.546 0.3000000119
123002  22.997  -41.711  -7.808 0.2000000030
29215  22.294  -41.627  -7.686 0.1000000015
29218  19.612  -41.539  -7.303 0.1000000015
29219  18.762  -41.554  -7.302 0.1000000015
136775  15.957  -40.926  -7.391 0.1000000015
29977  15.454  -40.910  -6.958 0.1000000015
30881  13.446  -39.300  -6.246 0.2000000030
30012  24.886  -40.347  -8.270 0.3000000119
29227  22.725  -41.168  -8.344 0.2000000030
30882  12.641  -38.841  -5.947 0.4000000060
29229  20.906  -41.062  -7.928 0.1000000015
29230  20.015  -41.062  -7.858 0.1000000015
29999  18.301  -41.064  -7.813 0.1000000015
30002  15.675  -40.450  -7.760 0.1000000015
30003  14.871  -40.187  -7.326 0.1000000015
30880  14.165  -39.767  -6.816 0.2000000030
30883  11.741  -38.462  -5.999 0.5000000000
30019  17.902  -40.554  -8.294 0.3000000119
30898  15.079  -39.770  -8.071 0.2000000030
31907  14.142  -38.413  -7.820 0.2000000030
30900  13.778  -38.878  -7.047 0.2000000030
31909  12.677  -37.569  -6.880 0.3000000119
31896  11.221  -38.000  -6.422 0.5000000000
30921  14.731  -38.996  -8.404 0.2000000030
31908  13.447  -37.849  -7.255 0.2000000030
4430  23.656  -72.263  3.236 0.4000000060
4446  23.255  -71.679  2.734 0.4000000060
3847  24.108  -72.787  3.750 0.4000000060
3365  24.116  -73.860  4.889 0.4000000060
3366  23.192  -73.773  5.041 0.4000000060
4719  32.199  -72.501  -23.132 0.3000000119
29135  11.602  -41.573  -3.637 0.4000000060
173  19.570  -85.901  -8.244 0.2000000030
2956  20.635  -75.697  1.132 0.6999999881
309  21.398  -84.401  -13.310 0.3000000119
877  22.223  -82.817  -14.874 0.2000000030
647  21.450  -83.614  -14.363 0.3000000119
2937  25.921  -75.790  2.814 0.6000000238
650  25.515  -82.901  -15.005 0.3000000119
112090  23.948  -82.374  -15.905 0.3000000119
654  25.905  -82.305  -15.610 0.3000000119
112798  26.008  -81.396  -15.917 0.3000000119
112951  27.957  -78.849  -16.021 0.3000000119
112103  27.972  -78.278  -16.382 0.3000000119
128308  27.606  -80.255  -19.079 0.2000000030
128387  26.702  -81.014  -19.111 0.3000000119
26808  11.085  -43.964  -0.705 0.3000000119
29161  10.930  -41.002  -4.140 0.4000000060
29922  34.876  -40.934  -3.275 0.6999999881
30897  26.010  -39.759  -7.815 0.4000000060
112106  25.879  -80.944  -19.206 0.2000000030
26807  12.117  -43.963  -0.624 0.2000000030
25101  24.626  -46.009  -0.414 0.4000000060
1954  21.753  -78.859  -17.852 0.1000000015
1953  23.450  -78.805  -17.859 0.2000000030
133803  23.926  -78.854  -17.878 0.2000000030
1648  25.007  -79.366  -18.655 0.2000000030
23260  30.096  -48.962  -1.280 0.5000000000
134284  33.541  -42.824  -0.668 0.8000000119
29118  33.285  -41.796  -0.124 0.8000000119
29155  34.973  -41.624  -4.655 0.6999999881
30870  11.762  -39.094  -5.678 0.3000000119
31895  12.218  -38.127  -6.412 0.3000000119
123130  35.084  -41.468  -3.913 0.6999999881
26875  33.746  -44.438  -5.410 0.4000000060
27614  33.911  -43.468  -5.513 0.4000000060
113632  32.083  -43.508  -5.475 0.2000000030
4444  25.124  -72.124  2.026 0.4000000060
3381  25.853  -74.268  1.920 0.5000000000
3405  24.159  -73.470  0.589 0.6000000238
2952  24.203  -74.791  1.591 0.5000000000
4475  23.335  -71.955  -0.375 0.5000000000
297  20.598  -85.200  -10.170 0.3000000119
433  21.223  -84.422  -11.717 0.1000000015
1318  18.040  -81.322  -12.168 0.1000000015
1066  17.630  -81.310  -10.937 0.1000000015
1603  20.061  -80.909  -11.228 0.1000000015
1309  20.869  -80.871  -10.664 0.1000000015
1602  21.339  -80.357  -11.581 0.1000000015
129650  21.493  -81.467  -11.114 0.1000000015
3848  23.152  -72.801  3.872 0.4000000060
3830  26.470  -73.620  3.395 0.5000000000
2935  27.678  -75.279  3.365 0.5000000000
3380  26.463  -74.247  2.436 0.5000000000
438  21.001  -84.250  -12.908 0.1000000015
124566  18.218  -79.996  -13.354 0.1000000015
1911  17.757  -79.557  -12.551 0.1000000015
1604  17.310  -80.739  -11.201 0.1000000015
128823  21.922  -81.524  -11.861 0.1000000015
1079  22.318  -81.619  -12.907 0.1000000015
1308  22.037  -80.016  -11.954 0.1000000015
1316  22.234  -80.592  -12.098 0.1000000015
1615  20.723  -80.225  -12.179 0.1000000015
3373  26.944  -74.059  3.087 0.5000000000
5699  23.024  -70.769  -0.078 0.5000000000
133569  22.571  -79.949  -12.364 0.1000000015
124404  22.842  -81.191  -13.395 0.2000000030
1324  23.339  -80.425  -13.315 0.2000000030
1622  22.078  -79.349  -12.796 0.1000000015
1623  20.987  -79.624  -13.767 0.1000000015
1937  20.746  -79.220  -16.474 0.1000000015
1943  23.120  -78.609  -15.986 0.1000000015
1929  21.462  -79.342  -14.567 0.1000000015
1936  22.825  -78.647  -15.099 0.1000000015
1951  24.958  -78.226  -17.143 0.1000000015
1960  24.413  -78.806  -17.913 0.2000000030
3809  17.104  -73.284  7.162 0.2000000030
5603  17.004  -70.875  6.602 0.3000000119
1090  24.301  -81.224  -15.050 0.3000000119
1612  22.870  -79.033  -12.887 0.1000000015
1917  23.754  -78.781  -13.762 0.1000000015
1918  23.160  -78.739  -13.495 0.1000000015
1928  22.579  -78.762  -14.249 0.1000000015
1629  24.956  -79.051  -14.400 0.2000000030
1942  24.261  -78.152  -15.718 0.1000000015
1926  24.374  -78.544  -14.345 0.1000000015
1628  25.572  -78.992  -14.774 0.2000000030
2314  25.603  -77.894  -16.400 0.1000000015
128369  26.061  -77.894  -15.822 0.3000000119
1941  24.632  -78.114  -16.425 0.1000000015
2321  25.942  -78.055  -17.097 0.1000000015
112933  25.794  -79.900  -18.934 0.2000000030
128402  26.441  -79.055  -18.485 0.2000000030
3274  10.762  -74.813  11.990 0.1000000015
1094  23.814  -82.025  -15.709 0.3000000119
112094  25.063  -80.803  -15.296 0.3000000119
129422  25.524  -82.132  -15.909 0.3000000119
112092  25.133  -81.791  -16.087 0.3000000119
128433  25.903  -80.567  -15.495 0.3000000119
128368  27.306  -77.953  -16.355 0.3000000119
112104  27.223  -78.457  -15.895 0.3000000119
1635  26.057  -79.491  -15.168 0.3000000119
112099  26.663  -78.968  -15.413 0.3000000119
128307  26.834  -77.873  -17.167 0.2000000030
135568  7.024  -52.148  10.505 0.6000000238
20360  24.984  -52.200  -2.637 0.1000000015
20359  25.983  -52.520  -2.630 0.1000000015
21272  25.269  -50.492  -3.500 0.1000000015
20372  24.929  -51.229  -3.102 0.1000000015
19489  27.334  -52.534  -1.985 0.1000000015
20349  26.797  -52.400  -1.414 0.1000000015
20369  27.506  -52.076  -3.243 0.1000000015
21271  26.275  -50.898  -3.652 0.1000000015
22298  25.993  -49.820  -3.827 0.1000000015
22299  25.080  -49.482  -3.868 0.1000000015
21210  25.655  -50.981  -0.484 0.2000000030
24215  24.676  -46.657  -0.773 0.4000000060
21229  27.915  -51.635  -1.295 0.2000000030
20368  28.310  -52.066  -2.969 0.1000000015
21249  29.781  -51.113  -2.408 0.1000000015
21268  29.732  -51.202  -3.256 0.1000000015
21269  28.781  -51.417  -3.554 0.1000000015
22320  25.703  -48.892  -4.130 0.1000000015
23330  24.812  -48.712  -4.248 0.1000000015
23328  27.169  -48.537  -4.385 0.1000000015
23276  26.356  -47.924  -1.344 0.5000000000
23299  31.875  -49.218  -2.684 0.3000000119
21248  30.495  -50.698  -2.917 0.1000000015
22293  31.038  -50.098  -3.426 0.1000000015
21227  29.651  -50.783  -1.780 0.2000000030
22258  29.832  -49.980  -1.439 0.2000000030
23318  31.517  -49.472  -3.848 0.1000000015
116147  28.438  -47.609  -4.547 0.1000000015
25186  27.742  -46.864  -4.497 0.1000000015
22282  30.380  -50.530  -2.141 0.1000000015
24227  30.740  -48.242  -1.407 0.6000000238
24277  32.899  -47.481  -4.307 0.2000000030
134742  31.261  -47.175  -4.722 0.1000000015
131681  30.439  -46.577  -4.721 0.1000000015
25184  29.610  -46.571  -4.628 0.1000000015
25185  28.680  -46.693  -4.544 0.1000000015
120411  28.037  -45.984  -4.520 0.1000000015
136703  31.211  -47.679  -1.529 0.6000000238
24266  33.070  -47.542  -3.508 0.5000000000
24278  32.155  -47.879  -4.474 0.2000000030
25182  32.255  -46.811  -4.798 0.1000000015
26042  33.008  -46.084  -5.093 0.2000000030
121062  33.906  -45.518  -4.301 0.5000000000
26043  31.910  -45.755  -5.095 0.2000000030
116874  30.091  -44.686  -4.805 0.2000000030
26046  28.319  -45.126  -4.586 0.1000000015
26879  30.326  -43.792  -4.994 0.2000000030
26855  27.723  -44.507  -4.765 0.1000000015
27602  28.791  -43.560  -5.041 0.2000000030
134798  27.392  -43.529  -5.239 0.2000000030
24226  31.202  -46.908  -1.310 0.6000000238
25115  31.280  -46.079  -1.032 0.6999999881
25127  31.909  -46.470  -1.679 0.6999999881
25996  32.632  -45.816  -1.927 0.6999999881
26819  33.370  -45.352  -2.362 0.5000000000
26802  32.865  -44.988  -1.728 0.6000000238
26011  33.278  -46.144  -2.664 0.5000000000
26801  33.492  -44.546  -1.997 0.6999999881
26818  33.912  -44.821  -2.886 0.6000000238
26027  33.418  -46.642  -3.371 0.6000000238
25165  33.300  -46.892  -4.097 0.3000000119
26834  34.189  -44.818  -3.907 0.6000000238
26850  34.101  -44.926  -4.899 0.6000000238
26063  33.459  -45.239  -5.260 0.3000000119
26877  32.256  -44.358  -5.394 0.3000000119
28357  11.745  -42.562  -2.493 0.4000000060
28404  32.004  -42.628  -5.574 0.3000000119
27616  31.053  -43.091  -5.338 0.2000000030
28406  29.675  -42.623  -5.377 0.2000000030
27617  28.957  -42.887  -5.313 0.2000000030
27603  27.946  -43.702  -5.055 0.2000000030
28408  27.699  -42.179  -5.789 0.2000000030
28349  34.420  -42.172  -1.548 0.6999999881
28367  34.919  -42.297  -3.883 0.6999999881
27562  34.548  -43.161  -3.174 0.6999999881
27582  34.395  -43.961  -3.654 0.6000000238
29172  30.918  -41.555  -5.643 0.4000000060
29189  27.818  -41.448  -6.225 0.3000000119
29191  25.696  -41.894  -6.874 0.2000000030
29212  25.845  -41.059  -7.283 0.2000000030
29995  26.572  -40.814  -6.979 0.3000000119
28446  23.568  -42.072  -7.510 0.2000000030
28352  34.714  -42.339  -2.661 0.6999999881
29943  12.309  -40.619  -4.821 0.3000000119
29964  13.619  -40.477  -5.416 0.1000000015
29216  21.470  -41.562  -7.447 0.1000000015
113192  25.049  -41.012  -7.769 0.3000000119
29214  23.599  -41.418  -8.060 0.2000000030
30000  17.446  -41.031  -7.792 0.1000000015
29220  17.904  -41.578  -7.297 0.1000000015
31894  13.106  -38.392  -6.545 0.2000000030
29228  21.780  -41.120  -8.130 0.3000000119
30899  14.410  -39.398  -7.624 0.2000000030
136099  16.751  -86.023  7.129 0.2000000030
201  17.073  -85.912  6.401 0.2000000030
116  17.593  -86.441  4.567 0.2000000030
133364  32.254  -78.063  12.187 0.4000000060
1369  33.257  -78.258  10.577 0.3000000119
127151  32.237  -78.571  11.429 0.4000000060
1365  31.187  -78.792  12.198 0.3000000119
1372  31.186  -79.140  11.524 0.4000000060
1125  32.921  -78.830  10.186 0.4000000060
1380  32.221  -78.903  10.784 0.4000000060
1126  32.199  -79.255  9.936 0.4000000060
1381  31.637  -79.212  10.628 0.5000000000
1156  32.704  -79.650  8.535 0.4000000060
1141  32.184  -79.618  8.916 0.5000000000
1389  31.572  -79.473  9.384 0.5000000000
920  31.884  -80.140  7.995 0.5000000000
921  31.345  -80.289  7.571 0.5000000000
1157  31.519  -79.840  8.159 0.5000000000
694  30.419  -81.154  6.870 0.6000000238
930  30.118  -80.958  7.300 0.5000000000
1158  30.701  -80.588  7.395 0.5000000000
1406  27.552  -80.097  8.084 0.5000000000
1161  27.379  -80.233  8.874 0.5000000000
714  30.691  -81.583  6.632 0.6000000238
496  29.541  -82.438  6.994 0.6000000238
695  29.602  -81.314  7.155 0.6000000238
115310  29.144  -81.388  7.654 0.5000000000
1143  28.387  -81.266  8.923 0.6000000238
1160  27.971  -80.627  8.741 0.5000000000
506  29.748  -82.908  6.324 0.6000000238
1379  33.536  -78.407  9.856 0.4000000060
115677  30.694  -79.103  12.311 0.3000000119
1373  30.637  -79.232  11.556 0.4000000060
1388  33.291  -78.803  9.460 0.4000000060
1382  31.149  -79.351  10.847 0.5000000000
136948  32.718  -79.926  7.897 0.4000000060
1390  31.124  -79.243  10.144 0.5000000000
1168  32.341  -80.291  7.427 0.5000000000
939  31.381  -81.324  6.483 0.6000000238
1405  31.082  -79.924  7.756 0.5000000000
1423  28.643  -80.094  6.863 0.5000000000
1424  27.862  -79.851  7.236 0.5000000000
726  30.267  -82.623  5.968 0.6000000238
1170  29.814  -80.908  7.561 0.5000000000
1171  29.090  -80.689  7.402 0.5000000000
1175  29.498  -80.051  6.637 0.5000000000
516  29.824  -83.101  5.480 0.6000000238
2707  31.008  -75.840  -14.808 0.5000000000
127929  31.157  -76.563  -14.831 0.6000000238
2716  31.614  -76.256  -15.239 0.5000000000
2312  33.188  -77.431  -16.063 0.6999999881
2721  34.518  -77.422  -17.001 0.6999999881
123239  22.071  -74.505  6.273 0.2000000030
2069  33.195  -77.679  11.199 0.2000000030
2058  32.080  -77.851  12.462 0.2000000030
3329  23.141  -74.837  6.203 0.3000000119
3347  23.675  -74.389  5.540 0.3000000119
1726  33.595  -78.136  10.149 0.3000000119
2045  31.328  -78.103  12.987 0.3000000119
1359  30.623  -78.836  12.911 0.3000000119
1155  33.253  -79.498  7.988 0.4000000060
933  32.549  -80.501  6.746 0.5000000000
1722  29.775  -79.092  11.507 0.4000000060
1727  30.510  -79.084  10.717 0.4000000060
937  32.718  -80.616  6.048 0.4000000060
1743  27.304  -78.844  6.109 0.5000000000
934  31.910  -80.839  6.905 0.5000000000
943  31.640  -81.540  5.753 0.6000000238
1732  31.190  -79.033  9.383 0.5000000000
1422  30.983  -79.409  7.466 0.5000000000
1742  28.240  -79.033  6.031 0.5000000000
1442  28.987  -79.496  6.177 0.5000000000
2107  27.711  -77.915  5.065 0.5000000000
117083  30.909  -82.079  6.069 0.6000000238
1440  30.346  -79.675  6.731 0.5000000000
1441  29.764  -79.409  6.230 0.5000000000
119270  30.519  -82.628  5.282 0.6000000238
3564  29.910  -74.628  -13.919 0.5000000000
3118  30.448  -75.371  -14.434 0.5000000000
4068  30.816  -73.711  -14.654 0.5000000000
3125  32.142  -75.800  -15.713 0.5000000000
2723  32.869  -76.346  -16.155 0.5000000000
2722  33.695  -76.917  -16.589 0.6000000238
2728  34.264  -76.411  -17.122 0.6000000238
2316  34.886  -77.573  -17.501 0.6999999881
2727  35.046  -76.893  -17.625 0.6000000238
2726  35.520  -77.066  -18.157 0.6999999881
1956  35.232  -77.676  -18.876 0.5000000000
112950  35.665  -76.741  -20.399 0.5000000000
3164  34.934  -75.958  -20.092 0.3000000119
124565  14.535  -69.437  9.236 0.1000000015
6226  15.055  -69.207  8.060 0.2000000030
3351  18.985  -74.038  6.801 0.1000000015
3350  19.700  -73.910  6.416 0.1000000015
124250  18.908  -74.500  7.204 0.1000000015
3330  21.092  -74.389  6.553 0.1000000015
136938  21.660  -74.935  7.053 0.1000000015
2897  22.129  -75.500  7.648 0.2000000030
2059  31.461  -77.752  13.004 0.2000000030
118607  22.723  -74.192  5.649 0.3000000119
119360  30.792  -78.086  13.474 0.3000000119
2046  30.016  -78.014  13.704 0.3000000119
2912  22.621  -75.189  6.922 0.3000000119
2896  23.668  -75.454  6.880 0.3000000119
120320  23.048  -75.712  7.587 0.3000000119
127816  24.369  -75.725  7.239 0.3000000119
1730  34.080  -77.943  8.685 0.3000000119
2911  24.557  -75.454  6.656 0.3000000119
3345  25.941  -74.525  5.090 0.3000000119
1402  33.811  -78.826  8.050 0.4000000060
1173  33.806  -79.545  6.623 0.4000000060
1360  29.937  -78.866  13.498 0.3000000119
1375  28.829  -79.312  12.969 0.3000000119
2923  24.864  -75.170  6.061 0.3000000119
1166  33.840  -79.229  7.337 0.3000000119
1374  29.508  -79.267  12.538 0.3000000119
1723  28.729  -79.064  12.093 0.4000000060
1174  33.233  -80.149  6.358 0.4000000060
1728  29.769  -78.459  10.377 0.5000000000
2089  29.370  -77.829  9.590 0.5000000000
2521  28.185  -75.789  3.718 0.5000000000
1735  30.907  -78.462  8.766 0.5000000000
134857  30.006  -78.117  9.657 0.5000000000
1456  29.496  -78.803  5.803 0.5000000000
132170  28.797  -78.538  5.521 0.5000000000
122720  28.274  -76.863  4.139 0.5000000000
1737  30.964  -78.472  7.689 0.5000000000
1741  30.318  -78.727  6.246 0.5000000000
125073  28.590  -77.801  4.973 0.5000000000
2119  27.918  -77.339  4.426 0.5000000000
725  31.224  -82.097  5.185 0.6000000238
120144  30.818  -78.868  6.926 0.5000000000
528  29.935  -83.136  4.420 0.5000000000
119491  30.924  -72.951  -14.492 0.4000000060
4069  30.438  -73.213  -13.956 0.5000000000
4054  29.958  -73.829  -12.897 0.5000000000
3556  29.592  -74.339  -13.058 0.5000000000
3571  31.400  -74.289  -15.205 0.4000000060
3133  32.667  -75.380  -16.189 0.5000000000
3132  33.410  -75.844  -16.624 0.5000000000
3140  33.985  -75.337  -17.159 0.5000000000
3139  34.846  -75.873  -17.746 0.5000000000
2732  35.633  -76.284  -18.365 0.4000000060
2324  36.319  -76.493  -19.551 0.5000000000
5555  13.493  -70.359  10.923 0.2000000030
5544  13.523  -70.385  11.887 0.2000000030
6890  15.419  -68.516  8.379 0.2000000030
129241  14.927  -68.983  8.851 0.2000000030
6895  16.014  -68.100  7.149 0.2000000030
133231  16.368  -74.636  7.887 0.1000000015
2903  16.407  -75.271  8.158 0.1000000015
135315  17.823  -73.370  6.829 0.1000000015
3334  17.585  -74.076  7.240 0.1000000015
2902  17.175  -75.336  8.059 0.1000000015
3333  18.337  -74.371  7.192 0.1000000015
2901  18.504  -74.973  7.618 0.1000000015
3331  20.253  -74.339  6.748 0.1000000015
2900  19.755  -75.080  7.741 0.1000000015
128220  32.716  -77.348  11.895 0.2000000030
2430  33.248  -77.143  11.151 0.2000000030
2913  20.783  -74.777  7.196 0.1000000015
2417  31.379  -76.954  12.671 0.2000000030
2879  21.626  -75.822  8.310 0.2000000030
2460  21.430  -76.595  9.709 0.1000000015
2077  33.705  -77.535  10.108 0.2000000030
2060  30.770  -77.523  13.253 0.2000000030
2495  22.592  -76.011  8.357 0.2000000030
2477  21.954  -76.273  8.984 0.2000000030
2403  30.078  -77.187  13.242 0.2000000030
2494  23.412  -76.053  8.176 0.2000000030
2047  28.935  -78.171  13.922 0.2000000030
129681  23.890  -75.899  7.678 0.3000000119
1421  34.353  -78.596  7.336 0.3000000119
1361  29.185  -79.012  13.855 0.3000000119
1362  27.981  -79.077  13.724 0.3000000119
121590  23.933  -76.673  9.378 0.3000000119
2895  25.053  -75.704  7.224 0.3000000119
1368  28.136  -79.196  13.110 0.3000000119
1717  27.300  -78.788  13.260 0.3000000119
1725  26.002  -78.263  12.317 0.2000000030
2071  25.163  -78.196  12.415 0.3000000119
127830  25.810  -76.292  8.397 0.3000000119
2894  25.888  -75.673  7.186 0.3000000119
136931  26.511  -74.952  5.603 0.4000000060
132019  33.292  -80.280  5.469 0.4000000060
1729  28.247  -78.383  11.057 0.3000000119
1724  27.388  -78.267  11.426 0.3000000119
2070  26.606  -77.922  11.176 0.3000000119
2909  26.214  -75.363  6.391 0.4000000060
3361  27.748  -74.563  4.210 0.4000000060
126055  28.970  -78.211  10.374 0.5000000000
2079  27.535  -77.831  10.518 0.4000000060
2921  27.902  -75.013  5.471 0.4000000060
942  32.414  -81.028  5.348 0.4000000060
2890  29.267  -75.827  5.818 0.5000000000
135052  28.720  -75.387  4.870 0.4000000060
117807  30.688  -77.893  8.167 0.5000000000
2487  30.185  -76.992  7.256 0.5000000000
130647  30.102  -76.732  6.611 0.5000000000
2502  29.627  -76.483  5.428 0.5000000000
2919  29.098  -75.766  5.061 0.5000000000
736  31.518  -82.054  4.409 0.4000000060
1740  30.775  -78.084  6.801 0.5000000000
133978  30.357  -77.304  6.057 0.5000000000
2117  29.320  -77.187  4.982 0.5000000000
2118  28.683  -77.004  4.456 0.5000000000
540  31.004  -82.584  2.986 0.4000000060
737  30.818  -82.561  4.476 0.4000000060
119488  35.258  -72.274  -14.483 0.2000000030
128714  35.972  -72.265  -15.102 0.1000000015
4624  35.882  -73.094  -15.191 0.1000000015
5842  35.271  -70.852  -14.168 0.1000000015
4067  34.947  -73.185  -14.347 0.2000000030
3552  35.134  -74.149  -14.442 0.2000000030
5843  34.442  -70.423  -13.755 0.2000000030
132001  33.330  -71.544  -13.183 0.3000000119
4611  33.370  -72.272  -13.009 0.2000000030
4038  33.398  -73.250  -12.821 0.2000000030
127596  32.994  -74.034  -12.513 0.3000000119
5203  32.721  -70.963  -13.295 0.2000000030
5192  31.729  -71.932  -12.935 0.4000000060
3541  31.800  -74.015  -11.945 0.4000000060
5214  31.984  -71.032  -14.232 0.2000000030
4080  31.419  -73.311  -15.170 0.3000000119
3570  32.072  -74.809  -15.789 0.5000000000
4079  31.923  -73.887  -15.718 0.3000000119
3578  32.502  -74.236  -16.198 0.3000000119
131630  31.309  -72.807  -23.448 0.2000000030
3577  33.120  -74.805  -16.602 0.4000000060
4129  33.060  -73.855  -20.961 0.4000000060
3145  36.553  -75.761  -19.109 0.5000000000
112888  36.028  -76.361  -21.090 0.3000000119
4128  34.232  -74.167  -20.678 0.3000000119
3154  37.250  -75.426  -20.042 0.3000000119
3162  37.264  -76.053  -20.988 0.3000000119
7271  22.529  -67.607  -23.787 0.2000000030
121474  35.895  -75.570  -21.123 0.3000000119
7962  26.446  -67.011  -22.880 0.4000000060
7268  26.330  -68.098  -24.004 0.3000000119
5545  12.924  -70.909  11.960 0.2000000030
5530  13.456  -70.627  12.854 0.2000000030
6211  14.149  -69.787  10.652 0.2000000030
6198  14.240  -69.821  11.664 0.2000000030
7591  15.959  -67.942  8.823 0.2000000030
6210  14.853  -69.249  11.349 0.2000000030
121134  15.014  -75.882  8.407 0.1000000015
7614  16.572  -67.480  6.773 0.2000000030
7603  15.890  -67.982  7.990 0.2000000030
2483  15.927  -76.565  9.063 0.1000000015
2884  16.593  -75.968  8.558 0.1000000015
123213  17.850  -75.343  7.957 0.1000000015
2883  17.539  -75.928  8.546 0.1000000015
2481  18.254  -76.206  8.932 0.1000000015
2463  18.028  -76.555  9.721 0.1000000015
2480  19.165  -75.932  8.760 0.1000000015
132452  18.708  -76.433  9.444 0.1000000015
2881  19.907  -75.513  8.230 0.1000000015
2479  20.147  -76.035  8.926 0.1000000015
2462  19.451  -76.547  9.734 0.1000000015
2461  20.487  -76.530  9.714 0.1000000015
118872  18.813  -76.827  11.876 0.1000000015
2444  20.823  -76.969  10.677 0.2000000030
2434  19.839  -77.130  11.527 0.1000000015
2443  21.869  -76.971  10.485 0.2000000030
2086  20.708  -77.197  11.646 0.1000000015
2405  28.359  -77.421  13.609 0.2000000030
132321  22.665  -76.376  9.069 0.2000000030
2085  21.482  -77.219  11.398 0.2000000030
2421  27.880  -76.678  13.195 0.2000000030
2442  22.751  -77.088  10.361 0.2000000030
2084  22.354  -77.344  11.253 0.2000000030
2048  27.928  -78.220  13.930 0.2000000030
1714  27.603  -78.581  13.746 0.1000000015
2062  23.948  -77.992  12.956 0.2000000030
2072  23.633  -77.792  12.188 0.2000000030
2082  24.186  -77.657  11.151 0.2000000030
1719  25.586  -78.261  13.081 0.1000000015
2061  24.745  -78.138  13.043 0.1000000015
2081  25.099  -77.531  10.667 0.3000000119
2093  25.377  -77.059  9.754 0.3000000119
2092  26.220  -76.950  9.517 0.3000000119
2491  26.431  -76.062  7.921 0.4000000060
2893  26.834  -75.647  7.056 0.4000000060
2090  28.582  -77.339  9.162 0.5000000000
2091  27.707  -77.349  9.601 0.5000000000
2490  27.408  -76.026  7.665 0.5000000000
2892  27.860  -75.660  6.860 0.5000000000
2908  27.232  -75.231  6.152 0.4000000060
2471  28.703  -76.853  8.385 0.5000000000
115627  28.007  -76.423  8.093 0.5000000000
2891  28.672  -76.051  6.974 0.5000000000
127415  28.077  -75.302  6.093 0.5000000000
735  32.266  -81.375  4.275 0.4000000060
2095  30.213  -77.367  8.052 0.5000000000
2470  29.507  -76.864  7.852 0.5000000000
133742  29.211  -76.005  6.475 0.5000000000
5230  39.397  -72.370  -16.216 0.1000000015
4077  38.634  -73.886  -15.831 0.1000000015
5231  38.555  -72.195  -16.197 0.1000000015
3569  37.988  -74.474  -15.590 0.1000000015
5880  38.045  -71.152  -15.773 0.1000000015
5232  37.474  -71.895  -15.819 0.1000000015
117350  36.876  -72.788  -15.662 0.1000000015
4065  36.943  -73.923  -15.588 0.1000000015
5862  37.037  -70.714  -15.325 0.1000000015
122954  36.051  -70.799  -14.629 0.1000000015
4066  35.949  -74.127  -15.104 0.2000000030
4052  33.869  -74.347  -13.256 0.2000000030
136284  34.399  -74.886  -13.616 0.3000000119
3539  33.332  -74.764  -12.809 0.4000000060
132962  32.931  -70.399  -13.558 0.3000000119
135300  32.404  -73.996  -12.198 0.4000000060
3540  32.548  -74.664  -12.275 0.4000000060
122782  32.429  -70.599  -13.791 0.2000000030
5234  31.762  -71.697  -14.864 0.2000000030
4088  32.358  -73.306  -16.124 0.3000000119
4087  33.094  -73.816  -16.682 0.4000000060
4720  30.410  -72.641  -23.578 0.2000000030
4098  33.797  -73.445  -17.293 0.2000000030
3586  33.832  -74.354  -17.208 0.2000000030
5323  29.852  -72.030  -23.388 0.2000000030
3596  35.500  -74.444  -18.495 0.2000000030
3585  34.697  -74.859  -17.752 0.4000000060
3595  36.454  -74.937  -19.291 0.4000000060
131860  36.323  -74.159  -19.271 0.2000000030
4136  34.275  -73.497  -21.311 0.3000000119
3606  36.839  -74.513  -20.270 0.2000000030
3615  36.454  -74.784  -20.950 0.2000000030
4127  35.570  -74.013  -21.160 0.2000000030
6612  26.577  -69.000  -22.957 0.3000000119
6197  14.879  -69.231  12.296 0.2000000030
6186  14.290  -69.882  12.793 0.2000000030
6865  15.923  -68.014  11.351 0.3000000119
7590  16.348  -67.349  8.656 0.3000000119
6878  15.847  -68.166  10.367 0.2000000030
6866  15.356  -68.695  10.917 0.2000000030
8308  16.997  -66.775  7.281 0.3000000119
8294  16.830  -66.704  8.235 0.3000000119
125343  16.589  -66.726  9.221 0.3000000119
7626  17.242  -67.250  5.350 0.3000000119
8334  17.812  -66.584  5.641 0.3000000119
126601  17.685  -66.369  7.009 0.4000000060
2482  16.903  -76.471  9.132 0.1000000015
8348  17.882  -66.595  4.741 0.3000000119
7651  17.927  -66.841  3.740 0.4000000060
124740  18.190  -66.070  4.018 0.4000000060
2464  17.293  -76.559  9.838 0.1000000015
2446  17.773  -76.532  10.654 0.1000000015
2859  17.552  -75.706  11.292 0.1000000015
8373  17.746  -66.536  1.869 0.4000000060
2436  18.056  -76.336  11.620 0.1000000015
2445  19.095  -76.959  10.871 0.1000000015
2845  17.705  -75.096  11.466 0.1000000015
134238  18.496  -76.375  12.135 0.1000000015
121823  19.003  -75.609  12.604 0.1000000015
2425  19.805  -76.507  12.959 0.1000000015
2067  20.209  -76.900  12.814 0.1000000015
2065  21.663  -77.182  12.840 0.2000000030
2054  23.005  -77.307  13.159 0.2000000030
2073  22.832  -77.535  12.099 0.2000000030
2074  21.991  -77.361  12.138 0.2000000030
128137  26.563  -77.449  13.712 0.1000000015
2409  24.178  -77.134  13.414 0.1000000015
131442  23.611  -77.603  13.088 0.2000000030
2406  27.425  -77.472  13.694 0.2000000030
2051  25.380  -77.887  13.370 0.1000000015
2408  24.892  -77.275  13.469 0.1000000015
4034  41.267  -73.409  -13.070 0.1000000015
128646  41.854  -72.864  -13.079 0.1000000015
4604  41.369  -72.754  -13.633 0.1000000015
4605  40.572  -72.993  -13.894 0.1000000015
131563  41.429  -72.092  -13.765 0.1000000015
5198  40.710  -72.292  -14.303 0.1000000015
4621  40.017  -72.810  -14.963 0.1000000015
5185  40.867  -71.465  -13.935 0.1000000015
5211  39.895  -71.658  -15.457 0.1000000015
5229  39.865  -72.380  -15.895 0.1000000015
4635  39.892  -72.776  -15.705 0.1000000015
4063  39.393  -73.553  -15.727 0.1000000015
5879  38.950  -71.489  -16.014 0.1000000015
4064  38.890  -74.036  -15.436 0.1000000015
5859  39.292  -71.062  -15.487 0.1000000015
5861  37.791  -70.281  -15.386 0.1000000015
3560  38.064  -75.218  -15.239 0.1000000015
129420  37.839  -75.821  -15.014 0.1000000015
6508  37.234  -69.713  -14.913 0.1000000015
6489  35.292  -69.995  -13.978 0.1000000015
3561  37.294  -75.086  -15.360 0.1000000015
3562  35.930  -75.182  -14.802 0.2000000030
5863  36.364  -69.945  -14.519 0.1000000015
127822  35.659  -69.224  -13.997 0.1000000015
113255  35.960  -77.069  -13.809 0.3000000119
3108  35.017  -76.265  -13.774 0.4000000060
3099  33.240  -75.496  -12.692 0.4000000060
2685  34.508  -77.332  -13.088 0.4000000060
6491  33.400  -69.429  -14.056 0.1000000015
3109  34.033  -76.364  -13.110 0.4000000060
2686  33.109  -76.342  -12.488 0.4000000060
5882  32.676  -70.422  -15.348 0.1000000015
134873  32.421  -72.480  -16.112 0.2000000030
5255  32.613  -71.147  -15.856 0.1000000015
122287  33.072  -72.781  -16.743 0.2000000030
5313  29.932  -71.875  -22.285 0.3000000119
124586  30.366  -71.668  -21.248 0.3000000119
135273  29.996  -72.461  -20.852 0.4000000060
5254  33.164  -71.226  -16.544 0.1000000015
4109  35.457  -73.533  -18.608 0.2000000030
4097  34.583  -73.961  -17.838 0.2000000030
5322  32.576  -71.813  -23.425 0.2000000030
4108  36.504  -73.607  -19.695 0.1000000015
4718  33.522  -72.214  -22.591 0.2000000030
4705  34.343  -72.888  -22.016 0.2000000030
130823  36.490  -74.151  -20.689 0.1000000015
4135  35.638  -73.448  -21.638 0.2000000030
7239  26.514  -67.717  -21.887 0.6000000238
7238  26.815  -68.619  -22.018 0.4000000060
4126  36.406  -73.705  -21.071 0.2000000030
117868  27.064  -70.368  -22.075 0.4000000060
5954  26.459  -70.707  -23.019 0.3000000119
4140  24.771  -73.578  -22.164 0.2000000030
5507  13.498  -70.299  14.715 0.3000000119
5518  12.985  -71.148  13.297 0.2000000030
113515  13.883  -70.094  14.050 0.2000000030
6168  12.838  -69.654  15.042 0.3000000119
5517  13.584  -70.679  13.960 0.2000000030
6167  13.628  -69.521  14.324 0.3000000119
4928  12.331  -71.410  11.577 0.1000000015
6828  14.125  -68.998  13.701 0.3000000119
7537  14.909  -67.869  12.607 0.3000000119
7566  16.031  -67.314  11.052 0.4000000060
8273  15.887  -66.458  10.657 0.4000000060
8307  17.583  -66.150  7.832 0.4000000060
8293  17.058  -66.156  8.606 0.3000000119
9038  18.741  -65.141  5.394 0.4000000060
9027  18.650  -65.366  6.373 0.4000000060
8333  18.392  -65.925  5.542 0.4000000060
8374  17.648  -65.769  2.561 0.4000000060
8359  18.220  -65.367  3.934 0.5000000000
9091  17.214  -65.728  2.076 0.5000000000
2826  21.104  -76.443  13.333 0.2000000030
2825  21.903  -76.616  13.383 0.2000000030
2053  23.581  -77.229  13.291 0.1000000015
4591  42.358  -72.495  -12.552 0.1000000015
4592  41.689  -73.324  -12.166 0.1000000015
5831  41.041  -70.918  -13.041 0.1000000015
4607  39.204  -73.084  -14.239 0.1000000015
4623  39.206  -73.718  -14.992 0.1000000015
5841  40.171  -70.853  -14.253 0.1000000015
6506  39.005  -70.140  -14.973 0.1000000015
3550  38.117  -74.971  -14.678 0.1000000015
3105  37.996  -75.878  -14.716 0.1000000015
1267  30.976  -81.059  -7.186 0.3000000119
6509  36.531  -69.146  -14.275 0.1000000015
2692  37.947  -76.436  -14.660 0.1000000015
1886  35.340  -78.908  -10.762 0.3000000119
1585  35.005  -79.415  -10.372 0.3000000119
1881  34.511  -78.968  -9.545 0.3000000119
117591  37.021  -77.005  -13.963 0.4000000060
1904  35.451  -78.493  -12.398 0.3000000119
1606  35.042  -78.988  -11.831 0.3000000119
1607  34.073  -79.464  -11.689 0.4000000060
1595  34.784  -79.648  -11.184 0.4000000060
1586  34.746  -79.771  -10.460 0.3000000119
1291  34.220  -80.183  -9.964 0.3000000119
6510  34.764  -69.145  -13.900 0.1000000015
6511  34.026  -68.770  -14.206 0.1000000015
2684  37.212  -77.174  -13.323 0.3000000119
2289  36.488  -77.495  -13.399 0.4000000060
2276  36.617  -77.700  -12.904 0.3000000119
2694  35.542  -77.607  -13.326 0.4000000060
6523  32.945  -69.711  -14.988 0.1000000015
5881  33.138  -69.975  -15.801 0.1000000015
5296  30.545  -71.673  -19.562 0.3000000119
5894  33.529  -70.427  -16.627 0.1000000015
5953  29.823  -71.257  -22.793 0.3000000119
5312  30.602  -70.934  -21.525 0.3000000119
5304  30.316  -71.951  -20.594 0.3000000119
5273  33.835  -71.292  -17.256 0.1000000015
135772  33.866  -71.922  -17.410 0.1000000015
5339  29.730  -71.308  -23.755 0.2000000030
4681  29.983  -72.441  -20.075 0.4000000060
4119  29.555  -73.063  -20.181 0.5000000000
4658  34.851  -72.692  -18.231 0.1000000015
5338  30.306  -71.907  -23.868 0.2000000030
121914  35.123  -72.174  -18.547 0.1000000015
5294  36.292  -71.848  -20.595 0.1000000015
4680  35.535  -72.074  -19.167 0.1000000015
4679  36.381  -72.458  -20.058 0.1000000015
4704  35.924  -72.982  -22.095 0.2000000030
4691  36.839  -73.081  -20.874 0.1000000015
4134  36.479  -73.231  -21.551 0.1000000015
5305  26.486  -71.815  -21.284 0.5000000000
5940  26.874  -70.864  -21.111 0.5000000000
4708  25.980  -72.300  -22.429 0.2000000030
5314  26.634  -71.306  -22.258 0.4000000060
2333  24.318  -76.981  -19.765 0.3000000119
6169  11.471  -69.473  14.769 0.3000000119
4916  12.590  -71.289  12.445 0.2000000030
4900  12.954  -71.467  14.137 0.2000000030
6829  13.062  -68.691  14.074 0.3000000119
6843  13.461  -68.196  13.407 0.3000000119
7553  15.283  -67.317  12.148 0.4000000060
7538  13.904  -67.632  12.891 0.3000000119
8983  15.611  -65.783  10.048 0.4000000060
8274  14.766  -66.134  11.048 0.4000000060
9667  17.128  -64.169  8.256 0.5000000000
8994  16.496  -65.404  9.249 0.5000000000
10366  18.430  -63.955  5.619 0.5000000000
8394  16.382  -67.124  0.776 0.5000000000
8390  15.828  -66.801  1.159 0.5000000000
129943  15.778  -67.446  1.001 0.5000000000
6318  16.131  -68.988  1.219 0.5000000000
2620  26.435  -76.811  -4.142 0.3000000119
4606  39.884  -73.095  -14.293 0.1000000015
5832  40.238  -70.474  -13.392 0.1000000015
7143  39.083  -69.083  -13.622 0.1000000015
2252  33.769  -77.384  -9.518 0.3000000119
120707  34.334  -78.137  -9.655 0.3000000119
1864  31.231  -78.597  -7.940 0.3000000119
1568  30.871  -79.342  -7.466 0.3000000119
2251  34.493  -77.647  -9.936 0.3000000119
1887  34.997  -78.399  -10.157 0.3000000119
1873  33.779  -79.174  -9.001 0.3000000119
120877  33.074  -79.495  -8.572 0.3000000119
131675  32.164  -78.836  -8.349 0.3000000119
1279  32.199  -80.633  -8.027 0.3000000119
133293  35.915  -78.540  -11.989 0.3000000119
1581  34.195  -79.606  -9.324 0.3000000119
1284  33.548  -80.358  -9.039 0.3000000119
1285  33.017  -80.372  -8.543 0.3000000119
1048  33.125  -80.752  -8.954 0.3000000119
7153  33.910  -68.402  -14.841 0.1000000015
2673  36.589  -77.509  -12.576 0.3000000119
5218  26.902  -71.487  -14.325 0.6000000238
5965  29.673  -70.582  -23.292 0.3000000119
117094  30.041  -72.210  -18.976 0.5000000000
4671  29.503  -72.741  -18.366 0.5000000000
3622  24.159  -74.893  -21.253 0.3000000119
6160  10.614  -70.063  15.283 0.2000000030
6170  10.109  -69.753  14.502 0.2000000030
4872  12.895  -71.437  15.926 0.2000000030
5496  12.561  -70.628  15.870 0.3000000119
6159  12.048  -69.973  15.553 0.3000000119
6171  9.484  -69.631  14.566 0.2000000030
6179  10.616  -69.178  13.931 0.3000000119
6830  11.814  -68.849  14.059 0.3000000119
122986  11.001  -68.719  13.384 0.3000000119
7554  13.208  -66.973  12.362 0.4000000060
7539  12.621  -67.581  12.755 0.3000000119
8261  14.607  -66.570  11.805 0.4000000060
8275  13.432  -66.212  11.042 0.4000000060
8996  15.037  -65.191  9.820 0.4000000060
8984  14.924  -65.674  10.399 0.4000000060
129285  16.438  -64.208  8.615 0.5000000000
9642  16.163  -64.674  9.140 0.5000000000
119552  16.261  -62.905  5.572 0.6000000238
9685  15.836  -63.566  5.091 0.6000000238
2604  26.292  -76.430  -3.303 0.3000000119
2634  26.770  -76.298  -4.674 0.3000000119
2219  26.830  -77.134  -4.917 0.3000000119
123938  27.285  -77.388  -5.607 0.3000000119
1865  30.399  -78.396  -7.592 0.3000000119
115727  30.064  -78.939  -7.160 0.3000000119
116932  32.282  -77.883  -8.600 0.3000000119
129045  31.594  -78.050  -8.288 0.3000000119
1875  30.796  -77.665  -8.017 0.3000000119
2253  33.023  -77.634  -9.008 0.3000000119
1874  33.030  -78.555  -8.770 0.3000000119
4670  29.988  -72.013  -18.008 0.6000000238
6814  8.907  -69.038  15.597 0.2000000030
6162  9.332  -69.772  15.223 0.2000000030
5499  9.681  -70.110  15.873 0.1000000015
5498  10.166  -70.349  15.913 0.1000000015
117317  9.131  -69.382  14.750 0.2000000030
117223  12.838  -71.969  15.507 0.2000000030
6180  9.748  -69.294  13.893 0.2000000030
7540  11.376  -67.677  12.402 0.3000000119
6845  10.729  -68.305  12.777 0.2000000030
8262  12.616  -66.644  11.469 0.4000000060
8985  13.769  -65.707  10.429 0.4000000060
9653  15.695  -64.047  8.692 0.6000000238
9644  14.400  -64.669  9.400 0.4000000060
9655  13.746  -64.275  8.894 0.5000000000
10339  15.727  -62.788  7.146 0.6000000238
10326  15.220  -63.426  8.080 0.6000000238
9654  14.729  -64.062  8.794 0.6000000238
10327  14.078  -63.505  8.168 0.5000000000
9686  15.153  -63.901  5.316 0.6000000238
9040  14.637  -64.843  5.532 0.6000000238
2242  29.502  -77.272  -7.381 0.3000000119
2657  30.830  -76.708  -8.259 0.3000000119
2241  30.141  -76.946  -7.814 0.3000000119
118388  30.051  -77.698  -7.635 0.3000000119
2656  31.573  -76.420  -8.601 0.2000000030
2248  31.556  -77.276  -8.425 0.3000000119
6496  24.679  -69.084  -13.133 0.6000000238
6145  9.255  -69.199  17.436 0.1000000015
6807  8.488  -67.998  16.061 0.2000000030
5485  9.985  -70.674  16.708 0.1000000015
125259  9.566  -70.105  16.754 0.1000000015
6815  8.746  -68.399  14.771 0.2000000030
4276  12.689  -72.262  16.207 0.1000000015
4863  12.469  -71.823  16.716 0.2000000030
4865  10.631  -71.241  17.397 0.1000000015
4277  12.320  -72.727  15.456 0.1000000015
5483  12.137  -71.074  16.535 0.2000000030
5484  10.858  -70.911  16.658 0.2000000030
4292  12.625  -72.091  14.758 0.1000000015
126986  9.612  -67.899  12.553 0.2000000030
6832  9.437  -68.778  13.382 0.2000000030
7555  11.990  -67.074  11.970 0.3000000119
7541  10.271  -67.638  12.247 0.2000000030
127983  10.043  -68.290  12.689 0.2000000030
8276  12.168  -66.183  10.701 0.4000000060
8264  10.674  -66.470  11.200 0.3000000119
10328  13.181  -63.414  7.793 0.6000000238
11080  14.094  -61.912  6.361 0.6000000238
11078  15.584  -62.344  6.294 0.6000000238
10371  14.666  -63.574  5.040 0.6000000238
11096  15.662  -62.408  5.675 0.6000000238
9701  13.098  -64.281  4.524 0.6000000238
9688  12.546  -65.101  5.290 0.6000000238
9051  11.551  -65.358  4.884 0.6000000238
6806  8.729  -68.621  16.786 0.2000000030
131072  8.414  -67.103  15.338 0.2000000030
6833  8.937  -68.327  13.663 0.2000000030
7543  9.176  -67.400  12.575 0.2000000030
7557  10.096  -66.892  11.737 0.2000000030
7558  9.594  -66.625  11.918 0.2000000030
9656  12.163  -64.387  8.605 0.3000000119
8999  11.377  -65.098  9.445 0.3000000119
8988  10.340  -65.147  10.310 0.3000000119
10341  12.846  -62.733  7.154 0.5000000000
9668  12.398  -63.644  7.974 0.5000000000
11098  13.758  -61.632  5.393 0.5000000000
122725  14.596  -61.746  5.389 0.6000000238
11813  14.356  -61.778  4.606 0.6000000238
11097  15.132  -62.099  5.002 0.6000000238
11112  14.399  -62.216  4.300 0.6000000238
11834  13.395  -61.938  3.335 0.6000000238
10383  13.545  -63.272  3.731 0.6000000238
9714  12.671  -63.791  3.415 0.6000000238
117420  12.164  -64.637  4.143 0.6000000238
9052  10.543  -65.605  4.469 0.6000000238
7507  8.423  -67.081  16.474 0.2000000030
8213  8.891  -66.415  16.650 0.2000000030
8931  9.488  -65.841  16.621 0.2000000030
8229  8.634  -66.149  15.330 0.2000000030
8242  8.559  -66.444  14.487 0.2000000030
8253  8.950  -66.765  12.709 0.2000000030
8266  9.678  -66.156  11.668 0.2000000030
10342  11.894  -62.917  7.594 0.4000000060
9657  11.603  -63.893  8.344 0.3000000119
120508  10.692  -64.736  9.609 0.3000000119
9636  10.103  -65.031  10.878 0.3000000119
11099  12.725  -61.627  5.376 0.6000000238
10353  12.038  -62.306  6.716 0.6000000238
114475  11.274  -62.157  7.185 0.4000000060
11062  11.160  -62.457  7.996 0.4000000060
9646  10.852  -63.882  9.329 0.3000000119
11814  13.468  -61.570  4.496 0.6000000238
11100  11.715  -61.673  5.477 0.6000000238
118204  11.139  -61.683  4.557 0.6000000238
11126  11.356  -62.402  2.762 0.6000000238
11113  11.167  -61.924  3.468 0.6000000238
11835  12.770  -61.851  3.129 0.6000000238
9715  11.790  -64.201  3.075 0.6000000238
12852  14.265  -60.972  -18.702 0.5000000000
12119  14.439  -61.800  -18.804 0.5000000000
11435  14.531  -62.860  -19.247 0.5000000000
8942  9.300  -65.621  15.377 0.2000000030
8943  8.821  -65.875  14.656 0.2000000030
8975  9.375  -65.735  12.586 0.2000000030
9629  10.167  -64.930  11.550 0.3000000119
8978  9.773  -65.651  11.737 0.3000000119
10317  11.089  -62.749  9.495 0.3000000119
11101  9.813  -62.119  4.991 0.6000000238
125495  9.445  -62.276  6.078 0.5000000000
11064  9.731  -62.244  7.811 0.5000000000
11114  10.232  -61.987  3.980 0.6000000238
12851  14.419  -60.339  -18.836 0.5000000000
12117  15.046  -61.264  -19.219 0.5000000000
127676  16.094  -60.865  -19.223 0.5000000000
8956  9.449  -65.519  14.236 0.2000000030
9608  9.962  -65.213  13.274 0.2000000030
9628  10.795  -64.316  12.060 0.2000000030
10310  11.060  -63.128  10.828 0.3000000119
11052  8.748  -62.713  8.320 0.4000000060
11041  10.643  -62.258  9.529 0.4000000060
130093  8.023  -63.442  8.003 0.6000000238
121450  7.721  -63.042  4.395 0.6000000238
116272  7.385  -62.581  6.180 0.6000000238
11827  7.447  -61.472  4.726 0.6000000238
13654  13.892  -59.558  -19.054 0.5000000000
13653  15.234  -58.973  -18.798 0.4000000060
13665  15.962  -60.115  -18.774 0.5000000000
10303  11.014  -63.223  11.748 0.2000000030
11014  10.852  -61.980  11.227 0.2000000030
126033  7.271  -62.722  9.378 0.3000000119
116536  8.594  -62.171  10.068 0.3000000119
123268  7.275  -61.550  7.319 0.4000000060
10332  7.455  -63.375  8.214 0.5000000000
13315  7.591  -59.667  6.085 0.5000000000
12556  7.490  -60.493  5.860 0.5000000000
11789  7.342  -61.976  10.048 0.3000000119
117460  7.743  -58.876  5.971 0.6000000238
14121  8.011  -58.822  5.435 0.6000000238
13329  9.204  -59.232  4.163 0.6000000238
129949  9.662  -58.528  5.576 0.6000000238
11950  9.849  -61.480  -5.602 0.2000000030
14253  9.036  -58.564  -4.467 0.2000000030
14236  9.359  -57.964  -4.101 0.2000000030
13446  11.451  -58.998  -4.055 0.1000000015
15032  11.054  -57.148  -3.196 0.1000000015
15031  11.983  -57.185  -2.752 0.1000000015
117033  11.749  -56.196  -1.829 0.1000000015
18528  7.482  -53.654  1.878 0.2000000030
18497  7.091  -52.949  2.584 0.2000000030
17651  8.660  -53.909  1.876 0.1000000015
18527  8.653  -53.374  2.538 0.2000000030
19397  7.235  -52.274  3.179 0.2000000030
116617  8.184  -52.767  3.154 0.2000000030
18389  15.956  -53.135  11.845 0.5000000000
17498  17.272  -53.771  12.200 0.3000000119
18386  18.473  -53.334  11.430 0.4000000060
14907  22.340  -57.628  6.084 0.1000000015
15764  21.059  -56.893  7.330 0.1000000015
15785  21.425  -56.994  6.502 0.1000000015
16633  21.088  -54.822  9.071 0.1000000015
20134  15.035  -51.824  11.337 0.6000000238
18388  16.886  -53.105  11.966 0.4000000060
19278  18.035  -52.543  11.398 0.4000000060
19279  17.264  -52.466  11.663 0.4000000060
20154  15.550  -51.102  11.169 0.6000000238
19300  19.433  -52.919  10.309 0.1000000015
21013  16.728  -50.791  11.223 0.4000000060
17528  20.711  -54.459  9.539 0.1000000015
18423  19.995  -53.281  9.797 0.1000000015
129289  21.508  -55.423  7.643 0.1000000015
17536  21.162  -54.074  8.995 0.1000000015
121992  15.737  -51.783  11.504 0.6000000238
20132  17.136  -51.169  11.309 0.4000000060
20133  16.387  -51.369  11.400 0.5000000000
133733  18.434  -51.108  10.705 0.4000000060
21026  17.256  -50.467  11.122 0.4000000060
17554  21.761  -55.255  6.728 0.1000000015
17535  21.414  -54.464  8.589 0.1000000015
127319  21.164  -53.188  8.753 0.1000000015
19319  19.839  -52.427  9.742 0.2000000030
115834  19.204  -52.065  10.310 0.3000000119
126467  20.476  -52.820  9.281 0.1000000015
22039  18.774  -49.799  10.288 0.5000000000
123109  17.890  -50.132  10.850 0.5000000000
20151  18.933  -51.219  10.356 0.5000000000
16658  22.068  -55.628  5.641 0.1000000015
17541  22.168  -54.166  7.111 0.1000000015
17542  21.727  -54.552  7.852 0.1000000015
20175  19.728  -51.412  9.700 0.4000000060
22040  18.094  -49.440  10.522 0.5000000000
18437  22.449  -53.375  7.297 0.1000000015
136826  22.196  -53.157  7.618 0.2000000030
19334  21.358  -52.498  8.294 0.1000000015
20198  20.539  -51.261  8.885 0.4000000060
25128  26.225  -46.428  -1.352 0.3000000119
129527  25.440  -46.110  -0.646 0.4000000060
24228  26.871  -47.643  -1.133 0.4000000060
24290  15.986  -47.128  -3.871 0.3000000119
23320  16.532  -49.244  -3.328 0.3000000119
22055  18.778  -49.010  10.086 0.5000000000
21043  20.008  -50.412  9.392 0.5000000000
19340  22.501  -52.615  7.380 0.2000000030
19341  21.797  -52.166  7.778 0.2000000030
21068  21.139  -50.775  8.188 0.3000000119
22053  20.235  -49.651  9.198 0.5000000000
22239  26.521  -50.458  -0.237 0.6000000238
122226  15.089  -47.695  -2.725 0.4000000060
23321  15.996  -48.978  -2.811 0.4000000060
23305  14.795  -49.051  -1.883 0.4000000060
23334  17.069  -48.754  -3.785 0.3000000119
23304  15.330  -49.477  -2.396 0.4000000060
22303  16.959  -49.870  -3.844 0.4000000060
127093  18.652  -48.285  9.792 0.5000000000
18448  22.660  -53.646  6.651 0.2000000030
118949  22.899  -53.015  6.965 0.2000000030
19354  23.187  -52.444  6.801 0.2000000030
23081  19.377  -48.555  9.590 0.5000000000
20209  22.358  -51.729  7.312 0.2000000030
118597  22.200  -50.878  7.101 0.3000000119
21089  21.687  -50.364  7.596 0.3000000119
23096  21.188  -48.830  8.118 0.4000000060
23098  19.912  -47.996  9.119 0.4000000060
21276  16.262  -50.251  -3.645 0.4000000060
22304  15.998  -49.821  -3.096 0.4000000060
21256  15.106  -50.039  -2.553 0.4000000060
23333  17.649  -49.153  -4.272 0.3000000119
21291  15.832  -50.412  -4.077 0.4000000060
127478  23.728  -52.680  5.762 0.2000000030
20239  23.893  -51.559  5.917 0.2000000030
21115  22.703  -50.346  6.461 0.3000000119
20224  22.821  -51.330  6.746 0.3000000119
22150  22.924  -49.423  5.916 0.3000000119
23134  21.943  -47.795  6.717 0.4000000060
23099  19.137  -47.700  9.428 0.5000000000
22092  22.113  -50.073  7.028 0.3000000119
22117  22.305  -49.387  6.594 0.3000000119
24064  20.421  -47.457  8.563 0.4000000060
120142  30.622  -47.410  -1.015 0.6000000238
25116  30.885  -46.692  -0.396 0.6000000238
21292  15.066  -50.251  -3.830 0.4000000060
21313  15.967  -50.596  -4.941 0.4000000060
21289  17.316  -50.349  -4.618 0.4000000060
21290  16.565  -50.441  -4.313 0.4000000060
19363  24.213  -52.111  5.502 0.1000000015
22149  23.702  -49.473  5.330 0.3000000119
25097  31.279  -45.981  -0.224 0.6000000238
134467  14.651  -45.545  -5.140 0.4000000060
130803  13.434  -44.808  -5.099 0.4000000060
20238  24.410  -51.329  5.324 0.3000000119
21133  23.957  -50.632  5.489 0.3000000119
120015  24.911  -51.802  4.320 0.1000000015
21132  24.539  -50.684  5.025 0.2000000030
19386  25.211  -51.922  3.393 0.1000000015
20260  25.140  -51.060  3.958 0.3000000119
22148  24.327  -49.946  4.911 0.3000000119
20284  26.360  -51.710  1.255 0.4000000060
27547  32.479  -43.246  0.143 0.6999999881
26784  32.550  -43.955  -0.337 0.6999999881
116839  32.198  -44.645  -0.454 0.6999999881
18548  26.806  -53.060  1.805 0.2000000030
19432  28.064  -52.425  1.927 0.4000000060
22184  29.425  -49.398  3.216 0.2000000030
27627  11.716  -43.320  -6.311 0.4000000060
28436  10.870  -42.506  -7.647 0.4000000060
30021  16.301  -40.232  -8.323 0.3000000119
130149  15.402  -39.345  -8.742 0.3000000119
31925  14.543  -38.071  -8.706 0.3000000119
29246  12.144  -41.767  -9.609 0.5000000000
115511  22.777  -40.613  -8.948 0.2000000030
30015  21.232  -40.634  -8.630 0.3000000119
30917  18.303  -40.127  -8.692 0.4000000060
30919  16.830  -39.846  -8.873 0.4000000060
31924  15.179  -38.545  -9.214 0.4000000060
34095  14.136  -36.340  -8.899 0.4000000060
28490  12.906  -42.314  -10.875 0.4000000060
26162  13.455  -45.286  -11.876 0.4000000060
27700  12.588  -43.284  -10.971 0.5000000000
26961  12.632  -43.997  -10.887 0.4000000060
30034  19.828  -40.066  -8.982 0.4000000060
30916  18.988  -40.017  -8.813 0.4000000060
30918  17.630  -40.000  -8.813 0.4000000060
30938  15.851  -38.927  -9.484 0.4000000060
35124  13.507  -34.980  -9.758 0.4000000060
26974  12.574  -43.989  -11.615 0.5000000000
26161  14.276  -45.671  -12.279 0.3000000119
27730  12.922  -43.876  -12.299 0.4000000060
30936  17.385  -39.405  -9.457 0.3000000119
26984  12.968  -44.695  -12.052 0.4000000060
27729  13.544  -43.091  -12.544 0.3000000119
26993  14.857  -45.039  -13.249 0.3000000119
2904  15.644  -75.021  8.229 0.1000000015
3315  14.618  -75.117  8.461 0.1000000015
11935  10.432  -60.832  -5.269 0.1000000015
13463  9.794  -59.208  -4.746 0.2000000030
16782  10.838  -55.046  0.363 0.1000000015
116755  9.857  -54.758  -0.105 0.1000000015
14235  11.513  -58.452  -3.626 0.1000000015
16783  8.765  -54.560  -0.014 0.1000000015
15018  11.479  -56.592  -2.515 0.1000000015
121150  12.153  -56.703  -2.209 0.1000000015
16806  9.761  -55.621  -1.367 0.1000000015
1044  31.813  -81.167  -7.885 0.3000000119
2298  30.931  -77.196  -14.668 0.6999999881
2306  31.742  -77.303  -15.116 0.6000000238
2708  30.429  -76.292  -14.462 0.5000000000
2715  32.342  -76.830  -15.657 0.6000000238
3542  29.769  -74.254  -12.333 0.5000000000
3529  31.633  -74.826  -11.831 0.4000000060
4040  30.351  -73.546  -12.435 0.5000000000
6513  25.497  -70.363  -13.916 0.6000000238
2277  35.022  -78.091  -12.861 0.4000000060
4692  29.887  -72.455  -21.746 0.4000000060
15033  9.906  -57.018  -3.206 0.1000000015
15910  10.582  -56.556  -2.634 0.1000000015
16798  9.260  -55.186  -0.708 0.1000000015
124897  21.453  -46.865  0.791 0.2000000030
22193  29.377  -49.199  2.398 0.5000000000
3617  33.118  -74.460  -20.210 0.4000000060
205  17.244  -86.242  5.463 0.2000000030
27715  12.853  -42.961  -11.799 0.5000000000
684  28.505  -82.054  8.836 0.6000000238
707  29.239  -82.038  7.519 0.6000000238
1567  31.625  -80.099  -7.714 0.3000000119
9043  9.800  -66.121  5.174 0.6000000238
10397  12.174  -63.415  2.678 0.6000000238
11084  9.260  -62.564  6.931 0.5000000000
11104  7.551  -63.120  6.061 0.6000000238
11065  8.534  -62.982  7.437 0.5000000000
11086  7.417  -63.166  6.744 0.6000000238
12567  7.444  -61.053  3.898 0.6000000238
12560  7.489  -60.478  5.030 0.6000000238
14120  8.686  -58.371  5.844 0.6000000238
19405  25.575  -52.078  2.477 0.2000000030
21152  28.878  -50.899  2.716 0.4000000060
118271  28.623  -51.164  1.740 0.3000000119
21158  29.143  -49.952  2.618 0.4000000060
25985  31.692  -45.396  -0.565 0.6000000238
116570  31.810  -45.697  -1.326 0.6000000238
34106  13.603  -35.588  -9.000 0.4000000060
33050  14.538  -37.188  -9.001 0.4000000060
30937  16.594  -39.211  -9.516 0.4000000060
19404  28.286  -52.484  2.715 0.2000000030
1425  27.102  -79.613  7.505 0.5000000000
3346  24.815  -74.522  5.350 0.3000000119
120723  32.779  -73.277  -21.974 0.3000000119
9075  17.389  -65.240  2.559 0.4000000060
9675  18.758  -64.491  5.957 0.4000000060
10338  17.308  -63.568  7.472 0.5000000000
115238  16.676  -63.031  7.077 0.5000000000
10337  18.013  -63.735  7.016 0.4000000060
121203  13.511  -64.852  5.577 0.6000000238
9031  10.774  -65.983  5.677 0.6000000238
23115  21.551  -48.314  7.414 0.4000000060
23116  21.083  -47.858  8.083 0.4000000060
4706  32.876  -72.732  -22.470 0.2000000030
26790  32.235  -45.083  -1.235 0.6000000238
204  18.069  -85.776  5.151 0.2000000030
919  32.228  -80.002  8.074 0.5000000000
1142  31.849  -79.772  8.688 0.5000000000
929  31.144  -80.878  7.137 0.5000000000
935  31.208  -80.964  6.932 0.6000000238
126621  29.234  -81.120  7.729 0.5000000000
119392  28.533  -80.886  8.187 0.5000000000
931  28.681  -81.624  8.386 0.5000000000
1167  33.129  -79.936  7.229 0.5000000000
3126  31.412  -75.279  -15.176 0.5000000000
2738  37.033  -76.172  -20.022 0.4000000060
2898  21.238  -75.280  7.722 0.1000000015
2493  24.681  -75.990  7.816 0.3000000119
2096  29.467  -77.314  8.669 0.5000000000
2106  29.421  -77.992  5.393 0.5000000000
4625  30.967  -72.403  -13.849 0.3000000119
126199  31.337  -72.396  -14.668 0.2000000030
4598  30.774  -72.908  -12.673 0.4000000060
3146  35.592  -75.362  -18.445 0.3000000119
6879  14.968  -68.908  9.821 0.2000000030
2476  23.324  -76.336  8.831 0.2000000030
119094  24.796  -76.648  9.176 0.3000000119
2441  23.622  -77.156  10.230 0.2000000030
2457  24.508  -77.151  10.003 0.2000000030
2492  25.492  -75.999  7.837 0.3000000119
118542  26.863  -78.465  12.303 0.3000000119
1718  26.380  -78.438  13.113 0.2000000030
2080  25.969  -77.457  10.378 0.3000000119
118232  24.393  -78.057  12.372 0.2000000030
2456  25.623  -76.605  9.008 0.3000000119
2473  26.395  -76.501  8.762 0.3000000119
117750  26.845  -77.408  10.020 0.4000000060
2078  28.403  -77.809  10.020 0.5000000000
116469  34.107  -72.886  -13.437 0.2000000030
5212  36.461  -71.641  -15.279 0.1000000015
4610  34.287  -72.062  -13.594 0.2000000030
4051  34.375  -73.716  -13.687 0.2000000030
3553  34.739  -74.587  -13.976 0.2000000030
6490  34.184  -69.558  -13.799 0.2000000030
5191  32.531  -71.647  -12.974 0.3000000119
4596  32.457  -72.462  -12.656 0.2000000030
4039  32.249  -73.366  -12.282 0.3000000119
5205  31.417  -71.913  -13.480 0.3000000119
4597  31.556  -72.671  -12.508 0.4000000060
5233  32.228  -71.014  -15.051 0.2000000030
129547  31.855  -72.602  -15.516 0.2000000030
126116  18.544  -76.732  10.265 0.1000000015
127308  19.933  -76.870  10.486 0.1000000015
2083  23.219  -77.521  11.188 0.2000000030
2050  26.224  -77.954  13.730 0.1000000015
2455  27.049  -76.842  9.222 0.4000000060
2454  27.870  -76.851  8.824 0.5000000000
2489  28.760  -76.422  7.660 0.5000000000
4638  38.080  -72.997  -16.091 0.1000000015
125917  35.025  -75.430  -14.026 0.2000000030
6492  33.009  -69.675  -14.379 0.1000000015
4639  32.221  -71.794  -15.654 0.2000000030
121803  34.496  -73.230  -17.856 0.2000000030
4118  36.676  -73.642  -20.424 0.1000000015
6178  14.145  -69.666  13.574 0.2000000030
6841  15.102  -68.627  12.521 0.3000000119
119047  16.136  -67.579  10.620 0.2000000030
7552  15.764  -67.560  11.682 0.3000000119
8319  18.122  -66.203  6.350 0.4000000060
136648  16.468  -66.514  9.577 0.4000000060
2422  26.222  -76.696  13.348 0.1000000015
5858  40.322  -71.574  -14.754 0.1000000015
3107  36.337  -76.358  -14.400 0.2000000030
2695  34.968  -76.965  -13.503 0.4000000060
4899  13.445  -70.971  14.694 0.2000000030
8272  16.251  -66.122  9.787 0.4000000060
9652  17.508  -64.961  8.399 0.4000000060
9016  18.407  -65.130  7.226 0.4000000060
9006  17.065  -65.514  8.813 0.5000000000
126223  37.643  -76.806  -13.616 0.1000000015
1594  35.394  -78.925  -11.487 0.3000000119
5303  30.917  -71.075  -20.295 0.3000000119
4293  11.981  -72.704  14.500 0.1000000015
2664  33.035  -76.744  -9.152 0.2000000030
127888  32.333  -79.857  -8.180 0.3000000119
10325  16.316  -63.546  7.940 0.6000000238
3726  12.296  -73.117  16.452 0.1000000015
114144  12.949  -65.226  9.793 0.4000000060
11061  14.911  -62.338  6.768 0.6000000238
8263  11.500  -66.632  11.162 0.2000000030
8986  11.854  -65.559  9.969 0.4000000060
9645  12.865  -64.651  8.998 0.4000000060
8278  10.548  -65.774  10.761 0.3000000119
125044  13.000  -64.072  8.330 0.5000000000
7526  8.618  -67.401  14.145 0.2000000030
9007  11.441  -64.650  8.985 0.3000000119
9000  10.970  -64.878  9.333 0.3000000119
8971  8.901  -66.144  12.998 0.2000000030
11082  11.322  -61.848  6.353 0.6000000238
9635  10.654  -64.303  10.177 0.3000000119
11826  12.106  -61.612  3.675 0.6000000238
11063  10.623  -62.098  7.704 0.4000000060
113510  10.631  -61.804  5.767 0.6000000238
10316  11.041  -62.564  8.801 0.4000000060
11050  10.490  -62.136  8.588 0.5000000000
11028  10.058  -61.781  10.460 0.3000000119
10331  7.874  -63.266  8.744 0.4000000060
122014  7.355  -61.541  6.443 0.6000000238
11807  7.225  -62.529  7.036 0.5000000000
11800  7.121  -62.443  7.977 0.4000000060
128511  7.223  -61.578  8.122 0.4000000060
12541  7.412  -60.675  7.687 0.5000000000
13307  7.449  -59.048  7.418 0.6000000238
115405  7.533  -58.251  6.686 0.6000000238
13447  10.461  -58.462  -4.174 0.2000000030
15043  11.026  -57.900  -3.594 0.1000000015
16796  11.420  -55.469  -0.420 0.1000000015
15889  10.981  -55.733  -1.376 0.1000000015
17676  9.787  -54.623  0.787 0.1000000015
20152  18.394  -51.767  10.837 0.3000000119
19318  20.288  -52.038  9.268 0.1000000015
121811  21.996  -53.668  7.733 0.2000000030
20197  21.192  -51.726  8.221 0.3000000119
20210  21.692  -51.292  7.658 0.3000000119
23080  20.130  -48.882  9.249 0.3000000119
22074  21.246  -49.791  8.191 0.3000000119
16704  23.090  -55.258  4.599 0.2000000030
18458  23.388  -53.407  5.362 0.2000000030
22093  21.736  -49.349  7.413 0.4000000060
18493  24.627  -53.627  3.312 0.1000000015
16797  10.396  -55.283  -0.595 0.1000000015
1014  30.837  -81.025  -2.072 0.2000000030
1230  30.653  -80.195  -2.348 0.2000000030
541  30.498  -82.834  3.694 0.3000000119
131481  32.110  -81.193  -2.278 0.1000000015
1013  31.307  -81.119  -2.417 0.2000000030
1510  30.239  -79.433  -1.756 0.2000000030
1528  30.788  -79.273  -3.387 0.2000000030
1222  30.572  -80.561  -1.521 0.2000000030
758  31.218  -82.491  2.022 0.3000000119
748  31.813  -82.093  2.713 0.3000000119
551  30.386  -82.750  2.136 0.3000000119
1008  30.761  -81.379  -1.291 0.2000000030
2101  34.958  -77.662  6.141 0.1000000015
1471  33.961  -79.165  3.703 0.1000000015
129075  33.390  -79.884  2.199 0.1000000015
997  32.775  -81.460  -0.162 0.1000000015
1240  31.502  -80.210  -3.376 0.2000000030
769  31.564  -82.305  1.276 0.3000000119
1830  30.772  -78.552  -3.659 0.2000000030
779  31.210  -82.267  0.419 0.3000000119
113533  30.422  -78.848  -3.057 0.2000000030
1518  30.465  -79.396  -2.732 0.2000000030
2103  35.143  -77.970  5.598 0.2000000030
1753  34.822  -78.467  4.912 0.2000000030
1477  33.779  -79.005  3.188 0.1000000015
1188  33.398  -80.322  0.877 0.1000000015
120371  33.267  -80.342  1.689 0.1000000015
114810  32.857  -81.273  -0.884 0.1000000015
953  32.384  -81.467  3.254 0.3000000119
963  32.440  -81.535  2.374 0.3000000119
2192  30.532  -77.807  -3.532 0.2000000030
800  31.509  -81.920  -1.084 0.2000000030
2619  30.889  -77.296  -4.024 0.2000000030
136897  34.226  -76.800  8.285 0.2000000030
130978  34.602  -77.712  7.935 0.2000000030
123271  33.917  -76.274  7.350 0.1000000015
126466  35.071  -77.668  6.930 0.2000000030
131701  34.736  -78.430  6.849 0.2000000030
1454  34.617  -78.750  5.409 0.2000000030
128966  33.582  -79.656  3.026 0.1000000015
1455  34.462  -79.074  4.865 0.2000000030
1184  33.254  -80.301  2.501 0.1000000015
1006  32.140  -81.614  -1.421 0.1000000015
987  33.222  -80.901  0.366 0.1000000015
117550  32.943  -80.870  2.847 0.3000000119
2205  30.938  -77.985  -4.187 0.2000000030
768  32.428  -81.690  1.455 0.2000000030
1007  31.279  -81.552  -1.684 0.2000000030
1734  34.472  -77.869  7.926 0.2000000030
127393  34.364  -78.911  6.759 0.3000000119
121162  34.078  -79.520  5.255 0.2000000030
1182  33.825  -79.581  3.819 0.1000000015
974  33.066  -80.979  1.166 0.1000000015
789  32.125  -81.871  -0.699 0.1000000015
962  32.973  -80.961  1.999 0.1000000015
946  33.059  -80.649  4.597 0.3000000119
988  32.635  -81.565  0.598 0.2000000030
10001  14.405  -63.922  -21.881 0.4000000060
7977  26.193  -66.710  -23.646 0.3000000119
114610  34.160  -77.379  9.002 0.2000000030
2087  34.250  -77.687  8.631 0.2000000030
130001  33.631  -80.044  4.755 0.2000000030
1180  33.536  -80.147  4.081 0.2000000030
118645  33.396  -80.220  3.312 0.1000000015
952  32.991  -80.810  3.711 0.3000000119
115558  14.201  -63.688  -21.142 0.4000000060
10002  13.651  -64.185  -21.658 0.4000000060
10704  16.510  -63.062  -21.981 0.5000000000
115933  16.196  -62.576  -21.391 0.4000000060
10705  15.800  -63.337  -21.818 0.4000000060
114534  18.007  -63.436  -23.054 0.5000000000
2439  33.441  -76.918  10.430 0.2000000030
12859  16.630  -61.338  -19.786 0.4000000060
10668  13.381  -64.146  -19.931 0.4000000060
12146  16.693  -62.035  -21.091 0.4000000060
12134  15.644  -61.948  -19.938 0.4000000060
10687  14.781  -63.158  -20.610 0.4000000060
12857  18.363  -61.039  -20.174 0.3000000119
12144  18.553  -61.771  -21.815 0.4000000060
11462  18.702  -62.914  -23.026 0.4000000060
4694  25.568  -73.201  -21.991 0.3000000119
128234  16.091  -58.432  -18.629 0.3000000119
13652  16.539  -59.241  -18.632 0.4000000060
12849  16.844  -60.758  -19.272 0.4000000060
13651  17.630  -59.287  -18.587 0.3000000119
13663  18.181  -60.025  -18.728 0.4000000060
12848  17.807  -60.711  -19.276 0.4000000060
12847  18.785  -60.487  -19.364 0.4000000060
4132  25.183  -73.937  -21.373 0.2000000030
15297  16.376  -57.568  -18.591 0.3000000119
12152  19.193  -62.338  -22.601 0.4000000060
14445  14.486  -58.428  -18.829 0.3000000119
12151  20.079  -62.212  -22.673 0.4000000060
14400  14.640  -58.626  -16.707 0.3000000119
14443  17.094  -58.426  -18.584 0.3000000119
14417  14.142  -57.959  -17.376 0.3000000119
133332  15.131  -56.499  -18.392 0.3000000119
126212  15.512  -60.593  -15.067 0.3000000119
120379  19.074  -59.761  -18.823 0.3000000119
14399  15.516  -58.462  -16.192 0.3000000119
13618  15.278  -59.462  -16.182 0.3000000119
15266  15.688  -56.566  -16.284 0.3000000119
16121  14.330  -56.144  -17.265 0.3000000119
14416  14.726  -57.702  -16.643 0.3000000119
13617  16.175  -59.196  -15.797 0.3000000119
13601  16.628  -59.832  -15.298 0.3000000119
16142  14.289  -56.443  -17.756 0.3000000119
12770  16.321  -61.023  -14.192 0.4000000060
122693  16.832  -57.602  -15.952 0.3000000119
13616  17.058  -59.014  -15.568 0.3000000119
13600  17.586  -59.729  -15.226 0.3000000119
12786  16.979  -60.453  -14.752 0.3000000119
12029  16.676  -61.658  -13.456 0.3000000119
12785  18.033  -60.502  -14.744 0.2000000030
12028  17.758  -61.809  -13.299 0.3000000119
131824  18.098  -62.370  -12.383 0.2000000030
6797  8.539  -67.726  17.139 0.1000000015
7494  9.468  -67.150  17.780 0.1000000015
19581  12.045  -51.900  -7.720 0.3000000119
20434  11.585  -51.977  -7.879 0.3000000119
20444  12.434  -51.184  -8.414 0.3000000119
14932  9.923  -57.900  6.173 0.5000000000
14097  7.306  -58.143  7.608 0.5000000000
14916  8.876  -57.495  6.599 0.5000000000
15790  9.365  -56.550  6.986 0.5000000000
15771  8.605  -55.979  7.501 0.5000000000
22346  15.352  -50.149  -5.621 0.3000000119
14859  8.106  -57.514  11.366 0.4000000060
14873  7.163  -57.130  10.968 0.4000000060
14885  7.064  -57.595  9.232 0.5000000000
15791  8.007  -56.912  6.983 0.5000000000
15742  10.993  -56.298  10.102 0.3000000119
14871  10.325  -56.942  10.042 0.4000000060
15733  7.223  -56.469  11.648 0.4000000060
14880  6.952  -56.946  10.026 0.4000000060
15758  7.104  -56.604  8.795 0.5000000000
14077  10.566  -57.812  10.206 0.3000000119
16617  6.883  -55.696  11.805 0.5000000000
15752  6.937  -56.141  9.759 0.5000000000
15772  7.521  -56.700  7.666 0.5000000000
16651  7.666  -55.771  8.227 0.5000000000
16628  10.044  -55.212  11.209 0.4000000060
15744  9.078  -55.862  11.479 0.4000000060
16627  10.996  -54.942  10.886 0.5000000000
17521  9.222  -54.869  12.048 0.5000000000
21314  15.216  -50.257  -4.698 0.3000000119
21334  16.130  -50.584  -5.855 0.3000000119
21333  16.938  -50.700  -6.031 0.3000000119
21312  16.736  -50.638  -5.186 0.3000000119
134662  12.281  -55.223  10.932 0.4000000060
17518  12.250  -54.527  11.080 0.5000000000
17519  11.347  -54.536  11.001 0.5000000000
18412  11.799  -53.934  10.776 0.5000000000
18425  11.388  -53.260  10.292 0.5000000000
22392  16.738  -49.945  -7.716 0.3000000119
22391  17.725  -50.086  -7.491 0.3000000119
21347  17.248  -50.467  -6.799 0.3000000119
21311  17.499  -50.542  -5.429 0.3000000119
21346  18.087  -50.358  -6.639 0.3000000119
21310  18.215  -50.371  -5.776 0.3000000119
18392  12.978  -54.362  11.348 0.5000000000
18411  12.586  -53.792  10.938 0.5000000000
18410  13.752  -53.136  11.295 0.5000000000
122908  11.752  -52.715  9.892 0.5000000000
19379  7.656  -51.728  3.619 0.2000000030
19282  14.526  -52.594  11.406 0.5000000000
23196  11.097  -48.595  3.387 0.2000000030
23197  10.324  -48.430  3.042 0.2000000030
23214  11.472  -47.792  3.030 0.2000000030
24289  16.787  -47.655  -4.136 0.3000000119
25193  16.463  -46.811  -4.720 0.3000000119
25194  15.736  -46.348  -4.693 0.3000000119
24299  17.074  -47.236  -4.771 0.3000000119
25201  16.186  -46.210  -5.274 0.3000000119
135237  14.988  -46.005  -4.699 0.3000000119
26886  13.091  -44.304  -5.476 0.3000000119
26065  15.445  -45.641  -5.491 0.3000000119
26066  14.589  -45.100  -5.685 0.3000000119
26885  13.830  -44.697  -5.698 0.3000000119
26072  15.149  -44.996  -6.156 0.3000000119
26900  14.425  -44.517  -6.431 0.3000000119
26902  12.568  -43.716  -6.000 0.3000000119
26910  13.833  -43.936  -7.030 0.3000000119
27646  12.321  -43.366  -6.670 0.3000000119
27658  11.718  -42.993  -7.047 0.3000000119
27657  12.488  -43.246  -7.317 0.3000000119
28450  11.891  -42.773  -7.831 0.3000000119
26929  13.961  -43.764  -7.890 0.3000000119
27672  12.650  -43.189  -8.087 0.3000000119
28462  11.336  -42.244  -8.408 0.4000000060
28461  12.237  -42.692  -8.659 0.4000000060
28478  11.721  -42.032  -9.053 0.4000000060
126857  23.727  -35.684  0.640 0.1000000015
132177  23.584  -35.341  0.011 0.1000000015
126758  23.119  -35.280  -0.592 0.1000000015
35045  23.443  -35.119  -1.486 0.1000000015
12018  18.854  -62.255  -12.128 0.2000000030
23215  10.625  -47.855  2.928 0.2000000030
34988  24.274  -35.294  0.140 0.1000000015
17504  7.307  -55.015  12.192 0.5000000000
16629  6.886  -55.420  10.732 0.5000000000
126608  31.119  -82.434  3.840 0.4000000060
12135  15.083  -62.016  -19.650 0.4000000060
130176  7.756  -57.605  6.683 0.5000000000
10706  14.932  -63.410  -21.413 0.4000000060
11463  17.793  -62.707  -22.397 0.5000000000
12145  17.600  -61.964  -21.608 0.4000000060
133568  15.613  -62.360  -20.405 0.4000000060
12131  17.961  -61.442  -20.984 0.4000000060
14398  16.469  -58.313  -15.907 0.3000000119
14896  7.212  -57.421  8.088 0.5000000000
122352  8.512  -56.725  11.235 0.4000000060
15731  8.045  -56.121  12.041 0.4000000060
26901  13.470  -44.140  -6.241 0.3000000119
27656  13.206  -43.582  -7.583 0.3000000119
34989  22.885  -35.535  0.300 0.1000000015
940  13.564  -81.584  6.636 0.3000000119
128824  14.015  -82.289  5.985 0.2000000030
2592  12.340  -76.902  -2.094 0.3000000119
2189  11.730  -77.406  -2.746 0.3000000119
950  13.361  -81.561  4.360 0.2000000030
734  14.077  -82.392  5.308 0.2000000030
559  14.710  -82.876  2.966 0.2000000030
1799  12.885  -78.693  0.449 0.3000000119
1508  13.419  -79.441  0.117 0.2000000030
1496  13.189  -79.769  0.261 0.2000000030
1507  14.741  -79.443  -0.505 0.2000000030
1824  14.934  -78.860  -2.402 0.2000000030
2187  13.850  -77.746  -2.411 0.2000000030
1835  13.414  -78.925  -3.262 0.2000000030
1837  12.100  -78.114  -3.130 0.2000000030
2198  11.446  -77.740  -3.393 0.2000000030
2627  10.679  -76.976  -4.306 0.3000000119
756  13.965  -82.276  3.161 0.2000000030
1836  12.557  -78.862  -3.688 0.2000000030
2626  11.066  -77.691  -4.035 0.2000000030
1825  14.098  -78.487  -2.768 0.2000000030
994  14.795  -81.532  -0.047 0.2000000030
776  15.148  -82.606  1.165 0.2000000030
766  14.981  -82.894  2.148 0.2000000030
3465  10.450  -74.415  -3.302 0.3000000119
8685  25.514  -66.381  -23.639 0.2000000030
6495  25.580  -69.643  -13.117 0.5000000000
5867  27.020  -70.959  -13.724 0.5000000000
4649  29.008  -72.346  -16.680 0.5000000000
5257  28.625  -72.214  -16.001 0.5000000000
5237  27.302  -71.851  -14.866 0.5000000000
5217  27.584  -71.330  -14.227 0.5000000000
5235  29.517  -71.511  -16.117 0.4000000060
4660  29.802  -71.767  -17.101 0.4000000060
5256  30.334  -70.868  -16.755 0.4000000060
5907  30.890  -70.232  -17.464 0.2000000030
123087  24.804  -67.288  -12.329 0.4000000060
8542  24.901  -66.259  -12.234 0.3000000119
7140  24.772  -68.273  -12.577 0.5000000000
125045  25.603  -66.956  -12.224 0.4000000060
7139  25.698  -68.334  -12.344 0.5000000000
6478  25.307  -68.944  -12.665 0.5000000000
6476  26.817  -68.922  -12.474 0.5000000000
6494  26.589  -69.621  -12.794 0.5000000000
5866  27.917  -70.528  -13.694 0.5000000000
5884  29.099  -70.255  -14.771 0.5000000000
135905  28.775  -71.103  -14.908 0.5000000000
5286  30.555  -71.470  -18.547 0.4000000060
125596  29.655  -69.808  -15.415 0.4000000060
5883  29.389  -70.817  -15.382 0.5000000000
5285  31.132  -70.770  -19.013 0.2000000030
5917  30.886  -70.758  -18.163 0.2000000030
5916  31.287  -70.084  -18.240 0.2000000030
6556  31.409  -69.366  -18.487 0.1000000015
121133  31.844  -69.227  -19.345 0.2000000030
6569  32.227  -68.768  -20.157 0.1000000015
114207  32.087  -67.968  -20.416 0.1000000015
7926  31.503  -67.569  -19.971 0.1000000015
117359  7.241  -58.568  9.574 0.4000000060
14088  7.224  -58.150  8.569 0.4000000060
9220  23.719  -65.293  -12.496 0.3000000119
9219  24.593  -65.340  -12.264 0.3000000119
8541  25.657  -66.209  -12.373 0.3000000119
7138  26.524  -68.291  -12.328 0.5000000000
7841  26.809  -67.586  -12.454 0.3000000119
6493  27.443  -69.191  -12.762 0.5000000000
5865  28.683  -69.854  -14.054 0.5000000000
7145  27.984  -68.493  -13.139 0.4000000060
7154  28.651  -68.939  -13.861 0.4000000060
7849  27.434  -67.668  -12.848 0.3000000119
7171  29.636  -68.840  -16.336 0.1000000015
5896  30.535  -69.865  -16.663 0.3000000119
5928  31.594  -70.145  -19.664 0.2000000030
7184  29.127  -68.592  -17.605 0.1000000015
7183  30.406  -68.760  -17.695 0.1000000015
5952  30.399  -70.351  -22.239 0.2000000030
5939  31.501  -70.179  -20.601 0.2000000030
6585  31.999  -69.380  -20.795 0.2000000030
7200  29.361  -68.306  -18.552 0.1000000015
7182  30.538  -68.493  -18.533 0.1000000015
6543  31.202  -68.963  -17.980 0.1000000015
4729  31.299  -72.295  -23.687 0.1000000015
7212  31.113  -67.993  -19.305 0.1000000015
7947  32.038  -67.714  -21.091 0.1000000015
7960  31.747  -67.263  -21.615 0.1000000015
113431  30.609  -66.853  -20.000 0.1000000015
5335  35.002  -71.257  -23.226 0.1000000015
4717  35.124  -72.327  -22.450 0.1000000015
5321  34.234  -71.665  -22.870 0.1000000015
129677  31.427  -67.125  -22.547 0.1000000015
8666  31.326  -66.433  -21.936 0.1000000015
8667  30.892  -65.639  -21.413 0.1000000015
8652  30.715  -65.921  -20.521 0.1000000015
9325  30.617  -64.579  -21.814 0.1000000015
5977  34.192  -70.521  -23.552 0.1000000015
10582  22.523  -63.492  -13.882 0.2000000030
124939  22.679  -64.341  -13.424 0.4000000060
9898  24.630  -64.319  -12.998 0.3000000119
129309  23.987  -64.093  -12.943 0.3000000119
8546  26.272  -66.283  -12.657 0.3000000119
115110  28.606  -68.654  -14.557 0.1000000015
7155  28.151  -68.291  -14.032 0.3000000119
7185  28.412  -68.582  -16.877 0.1000000015
7863  27.330  -67.735  -14.555 0.3000000119
7162  27.734  -68.221  -15.303 0.2000000030
7892  28.762  -68.162  -18.347 0.1000000015
6600  31.333  -69.292  -21.811 0.1000000015
6599  32.176  -68.487  -20.976 0.1000000015
7909  28.674  -67.895  -18.399 0.1000000015
5981  29.462  -70.479  -24.066 0.1000000015
6610  30.233  -69.821  -22.759 0.1000000015
7252  30.542  -68.929  -22.884 0.1000000015
7908  28.958  -67.896  -18.946 0.1000000015
7927  30.395  -67.469  -19.539 0.1000000015
5337  31.277  -71.602  -24.066 0.1000000015
5980  30.146  -71.027  -24.315 0.1000000015
132781  29.721  -70.203  -24.552 0.1000000015
127755  29.392  -68.591  -24.565 0.1000000015
7253  29.588  -68.755  -23.862 0.1000000015
7265  30.682  -67.792  -23.385 0.1000000015
7237  31.625  -68.071  -21.997 0.1000000015
8621  29.796  -66.479  -19.074 0.1000000015
8639  30.285  -66.248  -19.754 0.1000000015
5336  33.510  -71.152  -23.469 0.1000000015
122599  32.344  -71.214  -23.919 0.1000000015
7266  29.636  -67.955  -24.453 0.1000000015
7989  30.265  -67.076  -24.406 0.1000000015
8694  30.885  -66.838  -23.479 0.1000000015
8682  31.049  -66.285  -22.905 0.1000000015
8683  30.873  -65.344  -22.631 0.1000000015
9320  30.544  -64.887  -20.785 0.1000000015
9341  30.847  -65.006  -23.439 0.1000000015
10007  30.735  -64.506  -22.801 0.1000000015
9989  30.473  -63.957  -21.061 0.1000000015
6623  34.615  -69.760  -23.657 0.1000000015
9997  30.624  -63.955  -22.168 0.1000000015
10683  31.374  -63.457  -21.118 0.1000000015
10583  21.649  -63.623  -14.274 0.3000000119
10571  24.016  -63.780  -13.498 0.2000000030
9225  25.606  -65.497  -12.605 0.3000000119
7850  27.159  -67.110  -13.526 0.3000000119
7864  26.532  -67.146  -15.037 0.2000000030
7173  27.427  -67.873  -16.242 0.2000000030
8622  29.017  -67.252  -18.675 0.1000000015
5979  31.578  -70.730  -24.515 0.1000000015
5987  30.528  -70.176  -24.850 0.1000000015
6637  29.866  -69.510  -25.075 0.1000000015
8602  28.542  -67.516  -17.855 0.1000000015
134077  30.523  -65.345  -20.066 0.1000000015
5978  32.921  -70.551  -23.973 0.1000000015
5986  31.487  -69.933  -25.030 0.1000000015
7281  29.707  -67.897  -25.509 0.1000000015
8004  29.731  -67.421  -25.079 0.1000000015
8695  30.859  -65.932  -23.841 0.1000000015
10739  30.887  -64.040  -23.048 0.1000000015
6625  32.419  -69.936  -24.703 0.1000000015
6635  31.941  -69.322  -25.456 0.1000000015
7277  31.219  -68.650  -26.019 0.1000000015
6624  33.428  -69.783  -23.980 0.1000000015
7276  32.256  -68.369  -25.553 0.1000000015
12101  22.003  -61.352  -19.042 0.2000000030
17501  13.435  -54.912  11.612 0.4000000060
12115  22.469  -61.234  -19.937 0.2000000030
11454  21.448  -62.136  -21.743 0.3000000119
11459  20.968  -62.192  -22.346 0.3000000119
10703  19.801  -63.832  -22.406 0.3000000119
136086  14.324  -53.388  11.629 0.4000000060
17500  14.226  -54.814  11.866 0.3000000119
18391  13.765  -54.045  11.614 0.4000000060
17479  15.119  -54.732  12.023 0.3000000119
17478  16.067  -54.641  12.205 0.2000000030
12868  18.869  -61.209  -21.173 0.3000000119
17497  17.897  -54.145  12.298 0.1000000015
18387  17.789  -53.287  12.003 0.2000000030
124938  18.355  -53.891  11.973 0.1000000015
18409  19.104  -53.477  10.839 0.2000000030
14374  7.714  -58.432  -13.142 0.1000000015
16016  9.534  -57.054  -10.534 0.1000000015
17809  8.844  -54.298  -11.239 0.3000000119
16015  9.341  -56.409  -10.997 0.1000000015
113780  8.882  -54.946  -11.773 0.1000000015
15154  9.051  -57.201  -11.298 0.1000000015
15204  7.836  -57.624  -13.491 0.1000000015
17778  7.646  -54.276  -8.089 0.1000000015
17787  7.909  -54.234  -9.001 0.1000000015
18645  7.830  -53.598  -6.715 0.1000000015
19566  7.603  -52.628  -7.060 0.2000000030
19499  7.734  -52.251  -1.903 0.1000000015
19522  7.219  -52.220  -3.183 0.1000000015
20339  8.403  -51.299  -0.354 0.1000000015
20364  7.463  -51.922  -1.971 0.1000000015
135305  7.283  -51.124  -1.182 0.2000000030
114386  22.190  -46.612  0.378 0.2000000030
115123  7.539  -50.984  -0.744 0.1000000015
135097  6.920  -49.775  -0.471 0.3000000119
22226  8.163  -49.222  0.830 0.1000000015
21214  7.201  -50.021  -0.019 0.2000000030
131185  8.694  -48.639  0.943 0.1000000015
22227  7.328  -49.184  0.579 0.1000000015
22245  6.797  -49.190  0.123 0.2000000030
23255  6.987  -48.411  0.501 0.2000000030
127650  9.935  -47.527  0.743 0.1000000015
134171  8.422  -48.197  0.974 0.1000000015
25109  9.747  -46.710  0.558 0.1000000015
24206  9.116  -47.348  0.765 0.2000000030
23254  7.774  -48.417  0.903 0.1000000015
21141  29.302  -50.352  4.409 0.1000000015
20258  28.653  -51.758  3.213 0.2000000030
20269  28.501  -51.790  2.284 0.2000000030
25989  12.959  -45.240  0.179 0.1000000015
25979  11.923  -45.317  0.179 0.1000000015
25980  11.153  -45.804  0.272 0.2000000030
26793  12.531  -44.570  -0.157 0.1000000015
25990  10.860  -45.166  0.071 0.1000000015
25981  10.247  -45.854  0.307 0.2000000030
22147  29.642  -49.688  5.024 0.1000000015
22170  29.515  -49.524  4.075 0.1000000015
135514  29.963  -47.959  4.295 0.1000000015
23209  29.584  -48.636  2.972 0.1000000015
27555  13.640  -43.596  -1.260 0.1000000015
25008  30.692  -46.302  7.571 0.1000000015
26696  30.367  -44.828  8.364 0.1000000015
22115  30.084  -49.194  6.638 0.1000000015
24076  30.430  -47.821  7.609 0.1000000015
116084  30.648  -47.096  7.167 0.1000000015
25890  30.596  -45.570  7.067 0.1000000015
120516  30.404  -47.811  6.085 0.1000000015
23160  30.211  -48.196  5.496 0.1000000015
25032  30.455  -46.543  5.654 0.1000000015
23188  30.138  -47.769  4.814 0.1000000015
134030  30.252  -46.394  4.908 0.1000000015
24130  29.972  -47.305  4.130 0.1000000015
119390  30.060  -45.993  4.403 0.1000000015
25934  29.767  -45.560  3.750 0.2000000030
126965  13.957  -42.195  -3.022 0.1000000015
27564  14.139  -43.131  -1.938 0.1000000015
27566  12.214  -43.017  -1.867 0.2000000030
26708  30.035  -44.186  7.115 0.1000000015
25896  30.426  -45.650  6.113 0.1000000015
26717  30.041  -44.839  5.537 0.1000000015
25919  29.937  -45.214  4.556 0.2000000030
27520  29.417  -43.713  4.743 0.2000000030
28373  12.202  -42.079  -3.073 0.3000000119
28356  12.700  -42.582  -2.486 0.2000000030
26718  29.820  -44.140  6.266 0.1000000015
28372  13.166  -42.120  -3.056 0.2000000030
29134  12.703  -41.602  -3.768 0.2000000030
29133  13.718  -41.791  -3.600 0.1000000015
121638  13.802  -43.763  -8.843 0.3000000119
129581  12.817  -43.122  -9.365 0.3000000119
28477  12.465  -42.494  -9.436 0.3000000119
26959  13.806  -44.596  -10.418 0.3000000119
26960  12.975  -44.435  -10.669 0.3000000119
26137  14.264  -45.096  -10.932 0.3000000119
26138  13.474  -45.039  -11.209 0.3000000119
28514  13.790  -42.203  -12.205 0.3000000119
114347  12.272  -78.537  0.847 0.2000000030
1004  14.205  -80.842  0.127 0.2000000030
1506  15.288  -78.956  -1.052 0.2000000030
2176  15.227  -77.758  -1.269 0.3000000119
2186  14.808  -78.047  -2.099 0.3000000119
17794  8.665  -54.475  -10.367 0.1000000015
19538  7.236  -52.265  -3.938 0.2000000030
24207  8.207  -47.601  0.874 0.2000000030
28374  11.203  -42.053  -3.028 0.3000000119
26743  29.604  -44.763  3.835 0.2000000030
117098  12.751  -43.271  -10.195 0.3000000119
27556  12.667  -43.529  -1.246 0.1000000015
25057  29.847  -46.427  3.651 0.2000000030
11398  21.245  -62.178  -17.416 0.2000000030
11416  20.902  -62.458  -18.252 0.2000000030
12130  22.041  -61.575  -20.909 0.3000000119
10720  20.123  -63.147  -22.792 0.3000000119
132548  8.614  -56.401  -12.506 0.1000000015
23245  22.564  -47.322  0.428 0.1000000015
29159  13.469  -41.322  -4.280 0.1000000015
30017  19.510  -40.517  -8.347 0.1000000015
26806  13.097  -44.015  -0.610 0.1000000015
6611  29.571  -69.748  -23.597 0.1000000015
120575  7.492  -59.912  8.083 0.4000000060
17499  15.539  -53.928  11.968 0.2000000030
21151  29.206  -50.189  3.479 0.1000000015
122343  29.639  -48.860  3.708 0.1000000015
30016  20.369  -40.565  -8.469 0.2000000030
26152  14.337  -45.620  -11.661 0.3000000119
12531  7.322  -60.960  8.608 0.4000000060
13297  7.421  -59.038  8.508 0.4000000060
27671  13.254  -43.506  -8.382 0.3000000119
136968  12.810  -43.213  -8.733 0.3000000119
1523  14.958  -79.731  -2.647 0.2000000030
5236  28.715  -71.669  -15.427 0.5000000000
6544  30.892  -69.356  -17.321 0.2000000030
5846  28.127  -69.521  -13.326 0.5000000000
6535  30.188  -69.446  -16.008 0.2000000030
6525  29.243  -69.146  -14.778 0.2000000030
7948  31.518  -66.938  -20.890 0.1000000015
134789  7.373  -59.421  9.473 0.4000000060
7928  29.663  -67.239  -19.386 0.1000000015
7172  27.988  -68.411  -16.180 0.1000000015
16902  8.928  -55.102  -10.902 0.1000000015
16030  8.913  -56.439  -11.762 0.1000000015
16048  8.591  -57.120  -12.127 0.1000000015
19486  8.015  -51.749  -1.146 0.1000000015
120614  8.481  -52.376  -1.439 0.1000000015
20354  7.490  -51.566  -1.452 0.1000000015
136675  7.592  -52.384  -2.328 0.1000000015
20314  7.975  -50.542  0.102 0.1000000015
23253  9.157  -48.074  0.950 0.2000000030
134175  10.397  -47.090  0.638 0.1000000015
20257  28.970  -51.021  3.792 0.1000000015
25988  13.790  -45.289  0.026 0.1000000015
26792  13.443  -44.647  -0.222 0.1000000015
25107  12.556  -46.117  0.356 0.1000000015
119708  30.270  -48.440  6.295 0.1000000015
23161  29.884  -48.649  4.591 0.1000000015
23208  29.810  -48.074  3.658 0.1000000015
27565  13.173  -43.092  -1.897 0.2000000030
117084  14.892  -44.192  -0.966 0.1000000015
25886  30.598  -45.525  7.971 0.1000000015
24091  30.473  -47.816  6.765 0.1000000015
128851  30.567  -47.180  6.305 0.1000000015
25020  30.641  -46.384  6.644 0.1000000015
24106  30.377  -47.426  5.535 0.1000000015
118335  30.249  -47.021  4.898 0.1000000015
131820  30.076  -46.637  4.393 0.1000000015
25907  30.260  -45.761  5.189 0.1000000015
27587  15.469  -42.927  -2.514 0.1000000015
28355  13.644  -42.595  -2.499 0.1000000015
26707  30.277  -44.849  6.595 0.1000000015
117973  29.600  -43.958  5.427 0.1000000015
26728  29.661  -44.392  4.664 0.1000000015
120871  13.394  -44.035  -9.819 0.3000000119
335  18.481  -83.563  8.575 0.2000000030
485  18.254  -82.605  9.366 0.2000000030
6628  25.997  -68.923  -23.635 0.1000000015
7269  25.926  -68.064  -24.501 0.1000000015
7993  23.506  -66.376  -24.016 0.1000000015
7992  24.767  -67.234  -24.205 0.1000000015
8696  25.244  -66.715  -24.230 0.1000000015
2840  22.384  -76.127  13.415 0.1000000015
2841  21.667  -75.897  13.364 0.1000000015
6616  21.408  -70.152  -24.347 0.1000000015
8698  23.553  -65.473  -23.905 0.1000000015
8697  24.255  -66.139  -23.882 0.1000000015
7270  25.348  -68.027  -24.548 0.1000000015
3283  22.105  -74.415  12.195 0.1000000015
129970  22.551  -73.944  11.559 0.1000000015
3269  21.467  -75.028  12.873 0.1000000015
2842  20.819  -75.725  13.237 0.1000000015
123929  10.559  -76.161  -4.756 0.2000000030
131569  10.395  -74.937  -4.430 0.2000000030
3964  9.491  -72.955  -4.662 0.2000000030
3973  9.521  -73.229  -5.457 0.2000000030
115861  9.128  -72.042  -6.384 0.1000000015
11030  7.730  -62.074  10.336 0.2000000030
124732  7.333  -58.705  10.658 0.3000000119
124794  8.082  -59.202  11.693 0.2000000030
13291  7.379  -60.189  10.134 0.2000000030
12524  7.290  -61.204  9.643 0.2000000030
129337  7.336  -59.302  10.199 0.2000000030
12514  8.001  -60.511  11.822 0.2000000030
11751  9.233  -60.533  11.580 0.2000000030
11016  8.705  -61.091  11.338 0.2000000030
11015  9.800  -61.259  11.207 0.2000000030
14065  8.441  -58.491  11.396 0.3000000119
11768  8.302  -60.814  11.540 0.2000000030
14858  9.049  -57.698  11.022 0.2000000030
14078  7.435  -58.001  11.067 0.3000000119
14082  7.090  -57.822  10.341 0.3000000119
127506  9.888  -58.250  10.828 0.2000000030
11749  11.255  -60.813  12.113 0.2000000030
13278  8.212  -59.952  11.978 0.2000000030
12506  9.357  -60.188  11.767 0.2000000030
135074  9.869  -57.489  10.432 0.3000000119
14063  10.720  -58.740  10.922 0.2000000030
13263  9.788  -59.773  11.836 0.2000000030
133175  10.534  -59.443  11.622 0.2000000030
14064  9.215  -58.601  11.295 0.2000000030
13277  8.840  -59.364  11.770 0.2000000030
14857  13.663  -56.256  10.865 0.2000000030
15741  12.879  -56.879  9.907 0.2000000030
14869  12.112  -57.573  9.590 0.2000000030
15729  14.506  -56.237  11.585 0.2000000030
132807  11.686  -55.512  10.580 0.3000000119
16596  14.752  -55.523  11.940 0.1000000015
17567  22.543  -54.976  5.192 0.1000000015
17566  23.073  -54.339  4.830 0.1000000015
16677  24.786  -55.898  4.909 0.1000000015
21360  11.941  -50.420  -8.651 0.2000000030
19372  23.908  -52.894  4.966 0.1000000015
129793  13.207  -49.661  -9.468 0.2000000030
21376  13.250  -50.676  -9.323 0.2000000030
129188  12.510  -50.235  -8.871 0.2000000030
22446  15.676  -49.294  -10.892 0.2000000030
21387  15.677  -50.082  -11.123 0.2000000030
127155  14.599  -49.638  -10.540 0.2000000030
23437  14.425  -48.582  -9.499 0.2000000030
20459  16.014  -52.040  -10.325 0.2000000030
21388  14.801  -50.439  -10.757 0.2000000030
21375  13.998  -50.098  -10.162 0.2000000030
22433  14.107  -49.194  -10.013 0.2000000030
133988  14.896  -51.192  -10.593 0.2000000030
20469  14.260  -51.180  -10.092 0.2000000030
19592  15.319  -52.532  -9.531 0.2000000030
19593  14.508  -52.014  -9.660 0.2000000030
20443  13.615  -51.747  -8.972 0.2000000030
23412  15.121  -48.635  -8.880 0.2000000030
20458  17.040  -51.977  -10.217 0.2000000030
126878  16.290  -50.646  -11.157 0.2000000030
127902  16.512  -52.736  -9.507 0.2000000030
20465  18.500  -50.910  -10.791 0.2000000030
21392  18.134  -49.304  -11.574 0.2000000030
22444  18.014  -48.724  -11.250 0.2000000030
114876  17.839  -48.504  -10.877 0.2000000030
20456  19.547  -50.763  -10.528 0.2000000030
21393  17.433  -49.790  -11.456 0.2000000030
23434  17.172  -48.633  -10.337 0.2000000030
23411  16.037  -48.818  -9.328 0.2000000030
20457  18.000  -51.795  -10.191 0.2000000030
20466  17.537  -51.187  -10.827 0.2000000030
23453  16.577  -48.718  -10.638 0.2000000030
23436  15.481  -48.746  -9.841 0.2000000030
21395  16.063  -49.541  -11.135 0.2000000030
21384  19.017  -49.748  -11.335 0.2000000030
22443  18.825  -48.826  -11.312 0.2000000030
20455  20.355  -51.162  -9.821 0.2000000030
23451  18.569  -48.477  -10.941 0.2000000030
22432  16.730  -48.842  -9.596 0.2000000030
22431  17.579  -49.068  -9.290 0.2000000030
22413  15.973  -49.192  -8.368 0.2000000030
22370  15.595  -49.971  -6.538 0.2000000030
21383  19.842  -49.769  -10.881 0.2000000030
23450  19.319  -48.614  -10.807 0.2000000030
22430  18.715  -48.869  -9.345 0.2000000030
126960  17.390  -49.652  -8.279 0.2000000030
22412  16.725  -49.281  -8.770 0.2000000030
22429  21.033  -49.521  -9.666 0.2000000030
23432  19.799  -48.659  -10.093 0.2000000030
23410  19.648  -48.750  -9.334 0.2000000030
22410  19.318  -49.293  -8.135 0.2000000030
22390  18.653  -49.930  -7.291 0.2000000030
21373  21.125  -49.992  -9.912 0.2000000030
23449  19.890  -48.825  -10.512 0.2000000030
123583  19.080  -48.529  -10.269 0.2000000030
23431  20.521  -49.048  -9.696 0.2000000030
116659  20.414  -48.880  -9.139 0.2000000030
22345  17.997  -50.155  -5.012 0.2000000030
22409  20.283  -48.954  -8.322 0.2000000030
120526  19.361  -49.682  -7.104 0.2000000030
22343  19.348  -49.273  -5.851 0.2000000030
22322  18.211  -49.474  -4.818 0.2000000030
22367  19.653  -49.361  -6.605 0.2000000030
22389  19.979  -49.229  -7.357 0.2000000030
23347  18.791  -48.860  -5.235 0.2000000030
23367  19.958  -48.593  -6.269 0.2000000030
24296  19.324  -48.258  -5.674 0.2000000030
24297  18.490  -47.573  -5.366 0.2000000030
24311  20.326  -47.691  -6.392 0.2000000030
24313  19.115  -47.181  -5.812 0.2000000030
24298  17.677  -47.340  -5.046 0.2000000030
25200  16.935  -46.524  -5.520 0.2000000030
24312  19.756  -47.765  -5.997 0.2000000030
25227  17.220  -46.121  -6.294 0.2000000030
25206  16.313  -45.866  -5.918 0.2000000030
25204  19.750  -46.917  -6.191 0.2000000030
136772  18.385  -46.698  -5.936 0.2000000030
133466  16.782  -46.037  -6.126 0.2000000030
25225  18.829  -46.257  -6.459 0.2000000030
118229  17.369  -45.628  -6.991 0.2000000030
26086  18.086  -45.604  -7.341 0.2000000030
25226  17.910  -46.166  -6.481 0.2000000030
26071  15.839  -45.266  -6.375 0.2000000030
26070  16.654  -45.564  -6.630 0.2000000030
26088  16.109  -44.896  -7.170 0.2000000030
26087  16.849  -45.122  -7.491 0.2000000030
26899  15.326  -44.631  -6.832 0.2000000030
26909  14.676  -44.143  -7.333 0.2000000030
121664  17.451  -45.231  -7.713 0.2000000030
26107  16.243  -44.651  -8.108 0.2000000030
26928  14.706  -43.997  -8.310 0.2000000030
26105  17.763  -45.096  -8.344 0.2000000030
26106  17.013  -44.889  -8.499 0.2000000030
26927  15.472  -44.300  -8.723 0.2000000030
136463  15.412  -44.428  -9.614 0.2000000030
26945  14.486  -44.151  -9.464 0.2000000030
26944  14.859  -44.632  -10.319 0.2000000030
26160  14.882  -45.848  -12.623 0.2000000030
26994  13.497  -44.539  -12.606 0.2000000030
26990  18.229  -44.204  -13.353 0.2000000030
127537  15.674  -44.664  -13.653 0.2000000030
27741  14.389  -43.395  -13.031 0.2000000030
28512  19.871  -42.278  -12.974 0.2000000030
27001  18.089  -44.125  -14.172 0.2000000030
27752  16.245  -43.988  -14.273 0.2000000030
29280  15.546  -42.156  -12.786 0.2000000030
27748  18.829  -42.727  -13.982 0.2000000030
27002  17.068  -44.428  -14.488 0.2000000030
120931  16.985  -42.323  -14.676 0.2000000030
28525  19.546  -42.226  -13.765 0.2000000030
27763  18.027  -43.056  -14.844 0.2000000030
29304  19.581  -41.597  -14.670 0.2000000030
28551  18.336  -42.301  -14.811 0.1000000015
28535  19.946  -41.812  -14.100 0.2000000030
29319  19.312  -41.393  -15.015 0.1000000015
29320  17.666  -41.825  -14.751 0.1000000015
29318  19.830  -41.045  -15.008 0.1000000015
30104  20.507  -40.735  -14.873 0.1000000015
31032  19.599  -39.827  -15.501 0.1000000015
31019  22.360  -39.360  -14.492 0.1000000015
122958  20.789  -39.241  -15.628 0.1000000015
32022  22.763  -38.536  -14.634 0.1000000015
32027  22.431  -37.933  -15.095 0.1000000015
127209  21.681  -37.960  -15.527 0.1000000015
133826  20.383  -37.751  -16.102 0.1000000015
33149  22.197  -37.298  -15.508 0.1000000015
128631  20.962  -37.893  -15.926 0.1000000015
35226  18.990  -35.551  -15.616 0.1000000015
135413  22.784  -37.310  -15.141 0.1000000015
34197  19.529  -36.772  -15.992 0.1000000015
33148  22.697  -36.743  -15.442 0.1000000015
32041  20.740  -37.144  -16.243 0.1000000015
33160  20.066  -37.129  -16.311 0.1000000015
34208  19.843  -36.254  -16.550 0.1000000015
35225  19.395  -36.072  -16.090 0.1000000015
34207  20.468  -36.381  -16.557 0.1000000015
22434  13.419  -48.750  -9.460 0.2000000030
22393  15.847  -49.667  -7.435 0.2000000030
19544  7.440  -52.511  -4.894 0.2000000030
28513  14.540  -42.554  -12.741 0.2000000030
28528  15.258  -42.900  -13.320 0.2000000030
28539  15.888  -43.136  -14.022 0.2000000030
30122  18.684  -40.902  -15.098 0.1000000015
121489  19.934  -38.020  -16.056 0.1000000015
11780  7.755  -61.403  10.947 0.2000000030
24288  17.448  -48.053  -4.415 0.2000000030
26173  14.446  -45.515  -12.740 0.2000000030
26172  15.659  -45.429  -13.332 0.2000000030
27740  15.198  -43.909  -13.587 0.2000000030
22369  16.397  -50.340  -6.743 0.2000000030
22368  18.940  -49.982  -6.357 0.2000000030
22344  18.642  -49.775  -5.465 0.2000000030
23348  18.121  -48.413  -4.772 0.2000000030
113400  15.105  -45.239  -11.012 0.2000000030
3268  22.462  -75.227  12.958 0.1000000015
13279  7.813  -59.893  11.721 0.2000000030
12521  7.481  -61.085  10.587 0.2000000030
23454  15.910  -48.821  -10.537 0.2000000030
23452  17.215  -48.693  -11.011 0.2000000030
23435  16.307  -48.706  -10.092 0.2000000030
22442  19.589  -49.060  -11.031 0.2000000030
21374  20.418  -50.256  -10.327 0.2000000030
22411  18.239  -49.556  -8.274 0.2000000030
21382  20.299  -49.424  -10.380 0.2000000030
26085  19.002  -45.592  -7.255 0.2000000030
26104  18.445  -45.162  -8.125 0.2000000030
26908  15.471  -44.392  -7.720 0.2000000030
26121  16.200  -44.582  -9.151 0.2000000030
114245  18.027  -44.947  -9.223 0.2000000030
26171  16.469  -45.627  -13.254 0.2000000030
27739  18.513  -43.410  -13.760 0.2000000030
26992  17.142  -45.021  -13.801 0.2000000030
124990  16.365  -44.922  -13.893 0.2000000030
27738  19.087  -42.702  -13.318 0.1000000015
136525  17.623  -44.502  -14.264 0.2000000030
27749  18.243  -43.323  -14.459 0.2000000030
28553  17.180  -42.996  -14.925 0.2000000030
27764  17.583  -43.263  -14.927 0.2000000030
29303  20.236  -41.346  -14.455 0.2000000030
28550  18.969  -41.930  -14.813 0.1000000015
117021  18.090  -41.891  -14.868 0.1000000015
30121  19.312  -40.764  -15.249 0.1000000015
30120  20.070  -40.356  -15.418 0.1000000015
30119  20.836  -39.974  -15.359 0.1000000015
31030  21.233  -39.295  -15.358 0.1000000015
31020  21.579  -39.694  -14.889 0.1000000015
31031  20.264  -39.527  -15.691 0.1000000015
32042  20.448  -38.585  -15.881 0.1000000015
32028  21.164  -38.645  -15.618 0.1000000015
31029  21.882  -38.779  -15.093 0.1000000015
33159  21.477  -37.228  -15.918 0.1000000015
34196  22.033  -36.611  -15.871 0.1000000015
34206  21.267  -36.482  -16.333 0.1000000015
293  20.020  -85.182  -9.787 0.1000000015
230  18.413  -85.901  -1.100 0.1000000015
271  17.539  -85.817  -6.539 0.1000000015
236  18.072  -86.023  -2.504 0.1000000015
229  19.119  -84.939  -1.057 0.1000000015
512  19.058  -83.517  7.256 0.1000000015
511  19.252  -83.409  6.589 0.1000000015
355  18.905  -84.986  5.911 0.1000000015
203  19.155  -85.202  4.943 0.1000000015
523  19.454  -83.256  5.727 0.1000000015
949  19.025  -82.142  4.108 0.1000000015
209  18.393  -85.848  4.267 0.1000000015
210  19.441  -85.236  2.907 0.1000000015
360  19.742  -84.480  4.594 0.1000000015
753  19.996  -82.601  3.442 0.1000000015
764  19.719  -81.996  3.050 0.1000000015
957  19.043  -81.926  3.302 0.1000000015
120076  19.392  -85.136  1.950 0.1000000015
556  20.561  -83.059  2.079 0.1000000015
381  19.253  -84.969  0.544 0.1000000015
134990  20.408  -82.176  2.079 0.1000000015
391  19.509  -84.424  -1.860 0.1000000015
385  19.627  -84.528  -0.207 0.1000000015
796  20.932  -82.115  0.089 0.1000000015
403  18.266  -84.653  -5.914 0.1000000015
603  19.241  -84.123  -6.006 0.1000000015
400  18.323  -84.791  -4.746 0.1000000015
396  18.436  -85.015  -3.764 0.1000000015
392  18.619  -85.182  -2.824 0.1000000015
592  19.808  -84.010  -3.261 0.1000000015
795  21.264  -82.123  -1.337 0.1000000015
118996  19.305  -84.283  -4.092 0.1000000015
390  20.116  -83.860  -2.477 0.1000000015
711  17.762  -82.102  8.128 0.1000000015
721  18.596  -82.405  6.883 0.1000000015
722  17.960  -82.269  6.360 0.1000000015
744  18.742  -82.204  4.713 0.1000000015
364  20.167  -84.199  2.992 0.1000000015
370  20.359  -83.837  2.378 0.1000000015
124528  20.684  -83.318  1.181 0.1000000015
113304  20.805  -82.669  0.678 0.1000000015
575  20.626  -83.358  -0.857 0.1000000015
384  19.958  -84.096  -0.969 0.1000000015
580  20.360  -83.648  -1.664 0.1000000015
606  20.962  -83.167  -6.340 0.1000000015
134736  20.245  -83.670  -3.917 0.1000000015
596  21.308  -82.972  -4.736 0.1000000015
804  20.936  -82.922  -1.501 0.1000000015
1012  21.321  -81.281  -1.312 0.1000000015
4022  35.659  -73.607  -11.499 0.1000000015
585  20.787  -83.191  -2.297 0.1000000015
705  13.961  -81.793  8.964 0.2000000030
123874  15.080  -82.785  8.094 0.1000000015
504  15.280  -83.173  7.257 0.1000000015
513  15.613  -83.274  6.497 0.1000000015
119329  16.131  -82.891  7.362 0.1000000015
524  16.016  -83.286  5.758 0.1000000015
733  17.103  -82.709  5.719 0.1000000015
746  17.222  -82.659  4.870 0.1000000015
745  17.329  -82.757  4.057 0.1000000015
958  18.343  -82.280  3.895 0.1000000015
119429  16.192  -83.719  2.753 0.1000000015
564  16.330  -83.660  1.516 0.1000000015
131056  16.824  -83.335  2.810 0.1000000015
132291  16.933  -83.311  1.743 0.1000000015
120999  21.022  -82.550  -0.711 0.1000000015
959  18.172  -82.207  2.963 0.1000000015
3528  35.185  -75.111  -11.020 0.1000000015
3077  34.613  -75.576  -10.531 0.2000000030
810  21.249  -82.454  -2.103 0.1000000015
4023  35.048  -73.992  -10.768 0.1000000015
2670  34.805  -76.533  -10.532 0.2000000030
832  21.506  -82.815  -5.500 0.1000000015
123024  21.657  -82.577  -4.216 0.1000000015
116022  21.442  -81.781  -1.893 0.1000000015
836  22.194  -82.111  -6.391 0.1000000015
831  22.112  -82.217  -5.579 0.1000000015
4583  35.548  -72.645  -11.502 0.1000000015
136979  30.183  -79.297  -0.981 0.1000000015
713  14.012  -82.177  7.402 0.1000000015
1802  29.792  -78.196  -0.191 0.1000000015
136832  29.899  -78.592  -1.738 0.1000000015
1819  29.936  -77.965  -2.540 0.1000000015
505  14.755  -82.936  7.316 0.1000000015
2164  29.185  -77.371  -0.230 0.1000000015
2171  29.385  -77.154  -1.209 0.1000000015
514  15.047  -83.297  6.342 0.1000000015
539  14.841  -83.012  4.251 0.1000000015
2561  28.647  -76.649  -0.673 0.1000000015
2571  29.030  -76.316  -1.361 0.1000000015
526  15.327  -83.184  5.309 0.1000000015
361  15.238  -83.196  3.580 0.1000000015
2572  28.204  -76.050  -1.081 0.1000000015
549  15.779  -83.370  4.117 0.1000000015
547  16.604  -83.341  3.406 0.1000000015
571  15.892  -83.404  0.258 0.1000000015
129411  26.594  -75.762  -3.123 0.2000000030
3029  26.865  -75.516  -4.402 0.2000000030
1002  20.773  -81.151  0.290 0.1000000015
3042  27.077  -75.809  -5.170 0.2000000030
1022  22.021  -81.490  -3.452 0.1000000015
2644  28.320  -76.268  -6.625 0.2000000030
3041  27.445  -75.363  -5.615 0.2000000030
1028  22.072  -81.986  -4.177 0.1000000015
118129  28.914  -75.838  -7.108 0.2000000030
1253  22.626  -80.367  -4.214 0.1000000015
5834  37.153  -71.228  -12.185 0.1000000015
5190  36.113  -72.018  -12.084 0.1000000015
120917  22.713  -80.932  -4.910 0.1000000015
1527  31.315  -79.661  -3.727 0.1000000015
124323  35.829  -78.239  -6.120 0.1000000015
127124  29.669  -77.100  -2.120 0.1000000015
2997  29.143  -75.307  -2.322 0.1000000015
120322  15.535  -83.181  2.323 0.1000000015
2985  28.623  -75.636  -1.709 0.1000000015
2998  28.376  -75.075  -2.223 0.1000000015
365  15.949  -83.572  2.782 0.1000000015
133065  15.645  -83.160  -0.143 0.1000000015
2987  27.164  -75.658  -1.858 0.2000000030
2986  27.872  -75.557  -1.677 0.1000000015
3443  28.913  -74.599  -2.660 0.1000000015
3000  26.971  -75.353  -2.661 0.2000000030
3444  28.227  -74.577  -2.665 0.1000000015
377  15.901  -83.411  2.173 0.1000000015
3015  26.926  -75.206  -3.534 0.2000000030
3028  27.192  -75.071  -4.915 0.2000000030
2671  34.068  -76.015  -10.089 0.2000000030
2663  33.598  -76.432  -9.600 0.2000000030
2257  34.993  -77.482  -10.418 0.2000000030
3051  28.321  -75.346  -6.624 0.2000000030
3492  27.808  -74.895  -6.088 0.2000000030
2669  35.510  -77.210  -11.116 0.2000000030
2650  30.220  -75.993  -8.036 0.2000000030
3058  29.591  -75.377  -7.605 0.2000000030
122770  22.659  -81.443  -5.766 0.1000000015
5812  38.191  -71.044  -11.462 0.1000000015
1829  31.206  -79.079  -3.918 0.1000000015
1840  32.343  -78.993  -4.918 0.1000000015
1841  31.409  -78.558  -4.495 0.1000000015
2216  34.854  -77.986  -6.092 0.1000000015
1847  34.121  -78.642  -5.626 0.1000000015
125758  31.892  -78.275  -5.087 0.1000000015
2204  31.464  -77.631  -4.725 0.1000000015
2603  30.404  -77.033  -3.353 0.1000000015
2231  36.448  -77.630  -6.383 0.1000000015
2232  35.546  -77.351  -6.398 0.1000000015
2217  33.845  -77.443  -5.873 0.1000000015
3027  31.726  -75.500  -4.360 0.1000000015
2602  30.823  -76.553  -3.740 0.1000000015
3012  30.361  -76.024  -3.177 0.1000000015
2229  37.642  -77.333  -6.237 0.1000000015
2996  29.738  -75.800  -2.627 0.1000000015
2629  37.725  -76.927  -6.369 0.1000000015
2641  37.008  -77.041  -6.506 0.1000000015
3013  29.808  -75.023  -2.923 0.1000000015
583  15.294  -83.383  -1.542 0.1000000015
3455  29.451  -74.083  -3.125 0.1000000015
566  15.610  -83.148  1.651 0.1000000015
3014  27.336  -74.842  -3.019 0.2000000030
3456  28.510  -74.018  -3.155 0.2000000030
3939  28.363  -73.490  -3.850 0.2000000030
3457  27.453  -74.469  -3.701 0.2000000030
3458  27.116  -74.891  -4.209 0.2000000030
3940  27.794  -73.824  -4.225 0.2000000030
3954  28.259  -73.119  -4.663 0.2000000030
3484  27.519  -74.567  -5.389 0.2000000030
3967  27.729  -73.789  -5.066 0.2000000030
4519  28.528  -72.409  -5.206 0.2000000030
3483  27.868  -74.011  -5.873 0.2000000030
3966  28.178  -73.201  -5.554 0.2000000030
3491  28.335  -74.426  -6.493 0.2000000030
3974  28.399  -73.507  -6.325 0.2000000030
4529  28.533  -72.490  -6.129 0.2000000030
3076  35.359  -76.173  -11.133 0.2000000030
3509  30.669  -74.295  -8.152 0.2000000030
134148  30.141  -75.341  -7.945 0.2000000030
3059  28.911  -74.895  -7.050 0.2000000030
3985  30.089  -73.905  -7.697 0.2000000030
3500  29.514  -74.406  -7.397 0.2000000030
3501  28.912  -73.965  -6.899 0.2000000030
3527  35.792  -74.650  -11.581 0.1000000015
3085  36.029  -75.798  -11.757 0.2000000030
5156  38.888  -71.808  -9.920 0.1000000015
5797  38.243  -70.944  -10.639 0.1000000015
2265  36.128  -77.861  -11.709 0.2000000030
127710  32.837  -76.846  -5.461 0.1000000015
117064  31.985  -76.946  -5.012 0.1000000015
2618  31.459  -76.546  -4.340 0.1000000015
2630  34.605  -76.830  -6.246 0.1000000015
2617  32.226  -76.097  -4.901 0.1000000015
3011  31.027  -75.761  -3.824 0.1000000015
3039  34.487  -75.772  -6.149 0.1000000015
2631  33.703  -76.255  -5.943 0.1000000015
2632  32.985  -75.702  -5.393 0.1000000015
3453  31.200  -74.731  -3.918 0.1000000015
3454  30.333  -74.359  -3.444 0.1000000015
1019  14.931  -81.928  -2.672 0.1000000015
3037  37.107  -76.369  -6.194 0.1000000015
2643  35.384  -76.371  -6.369 0.1000000015
3038  35.292  -75.491  -6.008 0.1000000015
3937  30.000  -73.520  -3.597 0.1000000015
126584  14.954  -82.221  -1.864 0.1000000015
3024  38.325  -76.008  -5.437 0.1000000015
3953  29.617  -72.804  -3.917 0.2000000030
4506  30.075  -72.098  -4.215 0.1000000015
799  15.183  -82.430  -0.509 0.1000000015
4498  28.831  -72.856  -4.100 0.2000000030
3987  28.873  -73.050  -6.842 0.2000000030
3040  33.731  -75.252  -5.715 0.1000000015
3482  33.109  -74.754  -5.231 0.1000000015
3470  31.694  -73.954  -4.381 0.1000000015
3471  30.895  -73.737  -3.883 0.1000000015
3480  36.167  -75.456  -5.671 0.1000000015
3951  31.368  -73.116  -4.487 0.1000000015
1236  14.965  -80.799  -2.856 0.1000000015
1227  15.078  -81.065  -1.576 0.1000000015
4595  36.272  -73.125  -12.157 0.1000000015
2674  36.146  -76.927  -11.863 0.2000000030
3469  32.484  -74.146  -4.908 0.1000000015
115224  14.970  -81.944  -1.000 0.1000000015
1025  14.930  -81.595  -3.487 0.1000000015
1248  14.760  -80.776  -3.921 0.1000000015
1896  36.232  -78.108  -12.233 0.2000000030
1219  14.830  -80.354  -0.791 0.1000000015
1032  15.056  -81.513  -4.150 0.1000000015
1249  14.203  -80.118  -4.269 0.1000000015
120807  14.549  -80.249  -5.451 0.1000000015
129346  36.947  -71.809  -12.511 0.1000000015
3098  36.619  -75.359  -12.451 0.1000000015
12068  22.577  -61.741  -16.575 0.1000000015
136369  22.762  -62.064  -15.798 0.1000000015
10595  22.071  -62.965  -14.441 0.1000000015
9916  24.584  -63.950  -13.908 0.1000000015
11342  22.849  -62.808  -14.501 0.1000000015
9897  25.325  -64.802  -12.953 0.1000000015
133369  15.200  -80.174  -1.990 0.1000000015
124822  11.711  -78.411  -7.029 0.1000000015
116889  14.040  -80.161  -5.446 0.1000000015
1553  13.334  -79.875  -5.767 0.1000000015
1576  13.256  -79.310  -7.577 0.1000000015
5833  37.806  -71.140  -11.993 0.1000000015
3084  36.964  -76.635  -12.730 0.2000000030
11414  24.305  -62.345  -18.577 0.1000000015
12099  23.288  -61.571  -18.172 0.1000000015
12085  22.689  -61.453  -17.446 0.1000000015
11361  21.680  -62.504  -15.648 0.1000000015
10594  23.758  -62.886  -15.816 0.1000000015
11376  23.404  -62.272  -16.317 0.1000000015
9933  24.605  -63.797  -15.025 0.1000000015
9932  25.317  -64.394  -15.633 0.1000000015
137008  25.593  -64.920  -15.232 0.1000000015
9239  25.582  -65.135  -14.117 0.1000000015
8556  26.438  -66.473  -14.161 0.2000000030
9258  26.327  -65.903  -15.865 0.1000000015
8563  26.568  -66.839  -15.954 0.1000000015
1535  13.556  -79.545  -3.887 0.1000000015
1863  12.027  -78.876  -6.355 0.1000000015
12126  25.542  -61.606  -21.089 0.1000000015
12138  25.049  -61.379  -21.693 0.1000000015
12139  24.234  -61.164  -21.417 0.2000000030
12129  22.907  -61.024  -20.832 0.1000000015
3097  37.496  -76.028  -13.362 0.1000000015
11431  24.784  -62.214  -19.404 0.1000000015
12112  25.205  -61.922  -20.231 0.1000000015
12113  24.281  -61.672  -20.093 0.1000000015
12114  23.327  -61.206  -19.947 0.1000000015
120805  22.826  -61.128  -19.015 0.1000000015
11395  25.507  -62.897  -17.954 0.1000000015
11413  25.161  -62.636  -18.673 0.1000000015
125822  23.912  -62.363  -17.865 0.1000000015
10611  24.903  -63.718  -16.725 0.1000000015
9945  25.525  -64.123  -16.307 0.1000000015
9276  25.984  -64.887  -15.906 0.1000000015
9944  26.072  -64.223  -16.347 0.1000000015
9931  26.567  -65.117  -16.006 0.1000000015
1536  12.845  -79.468  -4.657 0.1000000015
2227  11.125  -78.076  -5.602 0.1000000015
119266  11.138  -77.938  -6.575 0.1000000015
2640  10.546  -76.766  -6.480 0.1000000015
116153  24.399  -58.467  -22.595 0.2000000030
15334  23.087  -57.704  -21.953 0.2000000030
14466  25.198  -57.965  -22.599 0.2000000030
14467  23.361  -58.604  -22.447 0.2000000030
13677  23.151  -59.668  -22.306 0.2000000030
4037  36.384  -74.215  -12.278 0.1000000015
12870  25.877  -60.540  -22.621 0.2000000030
13675  25.153  -59.257  -22.741 0.2000000030
12863  24.601  -60.803  -22.119 0.2000000030
12872  23.836  -60.212  -22.125 0.2000000030
12873  22.919  -60.397  -21.836 0.2000000030
12098  26.204  -61.800  -19.228 0.1000000015
124973  26.052  -61.593  -20.246 0.1000000015
11430  25.575  -62.147  -19.383 0.1000000015
10629  25.220  -63.397  -17.410 0.1000000015
11394  26.135  -62.511  -17.757 0.1000000015
10610  25.646  -63.722  -16.880 0.1000000015
1845  11.968  -78.885  -4.568 0.1000000015
2228  10.763  -77.452  -5.964 0.1000000015
3049  10.206  -75.471  -6.271 0.1000000015
3497  10.079  -75.081  -7.365 0.1000000015
15333  24.196  -57.603  -22.190 0.2000000030
15313  24.842  -57.330  -21.180 0.2000000030
15324  22.645  -57.067  -21.465 0.2000000030
14448  26.579  -59.012  -20.511 0.1000000015
12149  21.476  -61.588  -21.939 0.2000000030
12854  26.828  -60.678  -20.453 0.1000000015
12111  26.581  -61.192  -19.666 0.1000000015
11412  25.866  -62.387  -18.572 0.1000000015
3490  10.009  -74.810  -6.018 0.1000000015
3983  9.826  -74.314  -6.736 0.1000000015
3498  9.919  -74.086  -7.952 0.1000000015
3984  9.577  -73.506  -6.678 0.1000000015
17056  21.649  -55.257  -20.305 0.2000000030
16189  21.452  -55.798  -20.841 0.2000000030
16188  22.791  -56.055  -20.343 0.2000000030
16203  22.108  -56.395  -21.172 0.2000000030
15325  21.779  -57.409  -21.482 0.2000000030
16187  23.399  -56.610  -20.611 0.2000000030
15314  24.130  -57.021  -20.875 0.2000000030
14468  22.429  -58.524  -22.093 0.2000000030
14457  25.231  -58.006  -20.577 0.2000000030
13678  22.004  -59.297  -21.921 0.2000000030
12874  21.978  -60.754  -21.784 0.2000000030
12865  21.594  -60.235  -21.684 0.2000000030
12875  21.170  -61.274  -21.950 0.2000000030
12150  20.810  -61.957  -22.472 0.2000000030
129987  19.868  -54.494  -19.754 0.2000000030
16190  20.786  -55.624  -20.604 0.2000000030
15315  20.523  -57.378  -20.652 0.2000000030
14464  21.041  -57.932  -21.092 0.2000000030
13671  20.578  -59.605  -20.195 0.2000000030
12866  20.700  -60.758  -21.584 0.2000000030
17933  19.687  -53.949  -19.309 0.2000000030
128236  20.621  -56.387  -20.790 0.2000000030
15316  19.955  -56.795  -20.219 0.2000000030
15306  20.172  -57.838  -19.820 0.2000000030
126097  20.731  -59.033  -19.922 0.2000000030
13662  19.866  -59.241  -19.007 0.2000000030
12856  19.805  -60.002  -19.599 0.2000000030
17042  19.432  -55.114  -19.768 0.2000000030
16174  19.692  -55.896  -20.032 0.2000000030
15295  19.079  -57.934  -18.748 0.2000000030
17934  18.441  -54.289  -19.218 0.2000000030
16176  17.894  -55.871  -18.891 0.2000000030
15308  18.974  -57.078  -18.961 0.2000000030
16159  17.156  -56.697  -18.624 0.2000000030
15296  18.447  -57.584  -18.664 0.2000000030
17935  17.612  -54.101  -18.860 0.2000000030
17044  17.650  -54.934  -19.007 0.2000000030
17920  15.657  -54.599  -18.403 0.2000000030
17027  16.683  -55.692  -18.685 0.2000000030
17028  14.889  -55.165  -18.374 0.2000000030
16160  16.019  -56.589  -18.569 0.2000000030
16161  14.520  -55.858  -18.170 0.2000000030
13615  18.059  -58.858  -15.456 0.2000000030
13599  18.646  -59.695  -15.188 0.2000000030
12784  19.069  -60.522  -14.660 0.1000000015
12027  18.709  -61.802  -13.092 0.1000000015
14385  19.055  -58.716  -15.180 0.1000000015
13598  19.560  -59.696  -14.903 0.1000000015
120534  19.336  -61.125  -13.809 0.1000000015
16937  17.178  -55.354  -13.428 0.1000000015
130103  18.127  -57.054  -15.344 0.2000000030
15223  19.469  -58.213  -14.540 0.1000000015
14384  19.895  -58.982  -14.666 0.1000000015
12783  19.898  -60.381  -14.314 0.1000000015
12736  19.112  -61.544  -11.030 0.2000000030
16066  18.524  -56.527  -13.434 0.1000000015
133497  18.766  -57.052  -14.158 0.1000000015
15203  19.275  -57.430  -13.803 0.1000000015
14357  20.522  -58.238  -13.049 0.1000000015
115818  20.126  -58.328  -13.885 0.1000000015
14370  20.770  -58.990  -13.408 0.1000000015
13583  20.591  -59.998  -13.767 0.1000000015
12734  20.838  -60.553  -11.915 0.1000000015
128872  20.088  -61.127  -12.863 0.1000000015
12735  20.028  -61.184  -11.308 0.2000000030
12718  19.357  -60.972  -10.566 0.2000000030
17495  19.263  -54.894  11.329 0.1000000015
17516  19.477  -54.214  10.708 0.1000000015
18634  7.920  -53.216  -5.526 0.1000000015
18622  7.952  -53.171  -4.691 0.1000000015
19537  7.608  -52.703  -3.990 0.1000000015
218  18.470  -85.865  0.465 0.1000000015
213  18.705  -85.783  1.971 0.1000000015
16595  15.628  -55.450  12.208 0.1000000015
16625  19.992  -54.991  10.482 0.1000000015
702  17.298  -82.061  8.962 0.1000000015
701  18.142  -82.227  8.794 0.1000000015
200  18.225  -85.092  6.733 0.1000000015
343  18.631  -84.153  7.656 0.1000000015
261  17.569  -85.304  -5.351 0.1000000015
404  17.590  -85.230  -6.350 0.1000000015
270  17.821  -86.211  -6.927 0.1000000015
3963  9.816  -73.702  -4.603 0.1000000015
3052  27.812  -75.772  -6.161 0.2000000030
2180  30.037  -77.531  -2.936 0.1000000015
123107  19.298  -60.673  -20.398 0.2000000030
14442  18.229  -58.446  -18.564 0.2000000030
12142  20.357  -61.505  -22.099 0.2000000030
12007  19.412  -61.804  -11.789 0.2000000030
515  14.676  -82.905  5.743 0.1000000015
8557  26.109  -65.799  -13.345 0.2000000030
10593  23.737  -63.131  -14.937 0.1000000015
11415  21.605  -61.691  -18.206 0.1000000015
12141  22.127  -61.286  -21.449 0.2000000030
12086  21.965  -61.567  -17.344 0.1000000015
12140  22.925  -60.838  -21.441 0.2000000030
710  18.541  -82.473  7.903 0.1000000015
131757  19.031  -84.845  -2.311 0.1000000015
136582  19.423  -84.112  6.144 0.1000000015
720  19.039  -82.687  6.349 0.1000000015
211  18.691  -85.821  3.487 0.1000000015
136638  19.479  -82.759  5.020 0.1000000015
135555  19.959  -83.719  4.273 0.1000000015
375  19.747  -84.695  1.385 0.1000000015
374  20.388  -83.997  1.654 0.1000000015
569  20.355  -83.763  -0.163 0.1000000015
598  19.183  -84.219  -5.096 0.1000000015
602  20.010  -83.768  -5.300 0.1000000015
121904  16.805  -82.730  6.661 0.1000000015
601  20.807  -83.345  -5.430 0.1000000015
817  21.690  -82.328  -3.532 0.1000000015
132348  16.350  -83.137  5.107 0.1000000015
121313  29.732  -77.952  -1.064 0.1000000015
1811  29.775  -77.962  -1.925 0.1000000015
2587  29.395  -76.049  -2.064 0.1000000015
2586  29.918  -76.648  -2.736 0.1000000015
2999  27.675  -75.039  -2.428 0.1000000015
120590  32.531  -78.393  -5.293 0.1000000015
126460  30.560  -75.182  -3.440 0.1000000015
3938  29.108  -73.402  -3.549 0.2000000030
3472  27.428  -74.391  -4.575 0.2000000030
3994  29.945  -73.025  -7.734 0.2000000030
3026  32.440  -75.151  -4.844 0.1000000015
115360  31.920  -74.697  -4.479 0.1000000015
130023  23.323  -61.866  -17.224 0.1000000015
11359  23.160  -62.470  -15.359 0.1000000015
9915  25.125  -64.429  -14.628 0.1000000015
10631  24.156  -63.139  -16.597 0.1000000015
9946  24.939  -63.990  -16.022 0.1000000015
8564  26.155  -66.411  -15.322 0.1000000015
9257  27.014  -66.121  -16.081 0.1000000015
8582  27.050  -67.236  -16.267 0.1000000015
126528  26.851  -60.413  -21.365 0.2000000030
12128  23.846  -61.273  -20.748 0.1000000015
11396  24.670  -62.960  -17.914 0.1000000015
13676  24.030  -59.412  -22.561 0.2000000030
14459  26.325  -58.942  -22.303 0.2000000030
14456  25.965  -58.342  -21.027 0.2000000030
10609  26.143  -63.621  -16.683 0.1000000015
16202  22.797  -56.462  -20.858 0.2000000030
14437  26.389  -59.163  -19.488 0.1000000015
131179  21.514  -59.397  -21.475 0.2000000030
2431  32.700  -76.572  11.378 0.1000000015
2432  32.029  -76.521  11.988 0.1000000015
2851  31.542  -75.712  11.451 0.1000000015
2832  30.132  -75.739  12.158 0.1000000015
2419  29.666  -76.497  12.832 0.1000000015
3277  28.887  -74.824  11.129 0.1000000015
2468  33.956  -76.739  8.833 0.1000000015
2453  32.914  -76.006  10.141 0.1000000015
2485  34.644  -77.033  6.883 0.1000000015
2866  32.515  -75.957  10.797 0.1000000015
2469  33.443  -75.863  8.734 0.1000000015
18779  16.250  -53.368  -17.814 0.1000000015
18803  18.465  -53.665  -18.940 0.1000000015
122220  10.680  -64.287  -6.495 0.1000000015
9179  8.266  -65.857  -7.108 0.1000000015
19671  16.900  -52.350  -17.352 0.1000000015
19672  16.187  -52.733  -17.159 0.1000000015
18792  16.948  -53.183  -18.107 0.1000000015
19670  18.227  -52.743  -17.899 0.1000000015
18790  18.545  -53.277  -18.532 0.1000000015
18789  18.947  -53.179  -18.241 0.1000000015
17917  20.281  -54.017  -19.045 0.1000000015
17916  20.931  -54.511  -19.448 0.1000000015
17041  21.586  -54.939  -19.776 0.1000000015
15303  24.477  -57.685  -20.239 0.1000000015
10502  11.134  -63.782  -6.176 0.1000000015
19661  15.871  -52.106  -16.297 0.1000000015
20537  16.471  -51.866  -16.674 0.1000000015
18780  15.539  -53.565  -17.368 0.1000000015
18793  15.514  -54.022  -17.999 0.1000000015
126235  17.592  -52.294  -17.313 0.1000000015
17921  14.702  -54.645  -18.140 0.1000000015
114309  20.159  -54.912  -16.809 0.1000000015
17007  20.604  -55.273  -17.653 0.1000000015
17025  21.260  -54.927  -18.885 0.1000000015
17024  21.350  -55.853  -18.093 0.1000000015
16157  22.055  -56.438  -18.402 0.1000000015
16173  22.652  -56.147  -19.528 0.1000000015
15283  22.242  -57.304  -17.541 0.1000000015
15294  22.693  -57.083  -18.590 0.1000000015
15304  23.721  -57.181  -19.893 0.1000000015
14449  25.806  -58.643  -20.010 0.1000000015
12650  13.203  -60.693  -3.162 0.1000000015
11920  12.797  -61.170  -3.883 0.1000000015
10503  9.179  -63.116  -6.312 0.1000000015
11932  13.087  -61.929  -4.172 0.1000000015
9822  11.549  -64.450  -6.444 0.1000000015
17867  15.236  -54.060  -16.242 0.1000000015
19662  15.601  -53.056  -16.609 0.1000000015
17889  14.685  -54.489  -16.980 0.1000000015
126911  15.390  -52.755  -14.878 0.1000000015
14440  23.996  -58.282  -18.386 0.1000000015
14451  24.182  -58.005  -19.249 0.1000000015
14439  24.805  -58.416  -18.607 0.1000000015
14450  25.011  -58.288  -19.589 0.1000000015
11236  8.600  -62.494  -5.995 0.1000000015
11235  9.847  -62.270  -5.864 0.1000000015
11234  11.155  -62.491  -5.584 0.1000000015
19635  15.544  -52.534  -14.196 0.1000000015
17829  15.946  -54.076  -13.939 0.1000000015
18741  15.465  -53.481  -15.370 0.1000000015
17845  15.764  -54.086  -14.773 0.1000000015
133426  15.620  -54.219  -15.604 0.1000000015
16975  15.393  -55.006  -16.268 0.1000000015
16120  15.019  -55.939  -16.613 0.1000000015
11949  10.818  -61.698  -5.422 0.1000000015
11934  11.526  -61.147  -5.003 0.1000000015
11218  11.796  -61.974  -5.151 0.1000000015
18719  15.947  -53.317  -13.564 0.1000000015
16954  16.684  -55.002  -13.933 0.1000000015
16974  16.476  -55.429  -15.705 0.1000000015
15247  16.741  -56.815  -16.032 0.1000000015
116463  16.717  -55.110  -14.874 0.1000000015
16953  17.269  -55.535  -14.464 0.1000000015
23167  16.167  -48.028  5.770 0.1000000015
117818  18.037  -48.216  6.093 0.1000000015
125173  15.576  -50.127  6.765 0.1000000015
21121  13.213  -50.552  6.735 0.1000000015
20231  12.734  -51.444  6.648 0.1000000015
20232  11.813  -51.196  6.537 0.1000000015
23139  14.766  -48.587  6.252 0.1000000015
124817  14.430  -49.152  6.560 0.1000000015
23166  17.128  -48.114  5.941 0.1000000015
22123  15.191  -49.289  6.574 0.1000000015
119562  17.775  -47.128  3.533 0.1000000015
24109  17.678  -47.556  5.382 0.1000000015
23140  13.911  -48.647  6.204 0.1000000015
22125  12.727  -49.754  6.520 0.1000000015
24157  18.565  -47.149  3.321 0.1000000015
24189  20.229  -47.014  1.422 0.1000000015
20241  11.306  -51.729  6.119 0.1000000015
122531  10.580  -51.210  5.765 0.1000000015
20242  10.557  -51.816  5.649 0.1000000015
23168  15.207  -47.992  5.682 0.1000000015
24110  16.732  -47.416  5.153 0.1000000015
24158  16.972  -47.090  3.076 0.1000000015
24134  17.323  -47.209  4.391 0.1000000015
24180  17.700  -46.923  2.242 0.1000000015
24190  19.202  -46.809  1.396 0.1000000015
21123  11.577  -50.475  6.278 0.1000000015
21137  9.983  -50.583  5.098 0.1000000015
20251  9.711  -51.385  4.988 0.1000000015
19367  10.234  -52.321  5.082 0.1000000015
22154  13.058  -48.934  6.029 0.1000000015
22155  12.263  -49.315  5.742 0.1000000015
24135  16.384  -47.138  3.999 0.1000000015
24111  15.633  -47.343  4.791 0.1000000015
24112  14.673  -47.539  4.885 0.1000000015
24159  16.174  -46.767  2.897 0.1000000015
19378  9.034  -51.949  4.380 0.1000000015
18496  9.281  -52.997  3.380 0.1000000015
23169  14.315  -48.072  5.600 0.1000000015
23172  11.763  -49.027  4.596 0.1000000015
122750  15.524  -46.979  3.440 0.1000000015
21136  10.871  -50.509  5.720 0.1000000015
129415  15.490  -46.442  2.709 0.1000000015
21145  8.929  -50.414  4.105 0.1000000015
23170  13.401  -48.200  5.172 0.1000000015
24137  14.121  -47.417  3.997 0.1000000015
9810  12.193  -63.896  -5.976 0.1000000015
2418  30.530  -76.626  12.731 0.1000000015
2433  31.070  -76.125  12.079 0.1000000015
2420  28.765  -76.569  13.026 0.1000000015
17008  14.094  -55.545  -17.815 0.1000000015
15246  17.533  -57.359  -15.747 0.1000000015
16102  17.069  -56.132  -15.812 0.1000000015
125599  30.145  -75.151  11.491 0.1000000015
2833  29.133  -75.856  12.336 0.1000000015
2853  29.440  -75.271  11.655 0.1000000015
125550  33.073  -76.024  -9.237 0.1000000015
2665  32.368  -76.069  -8.935 0.1000000015
129082  30.923  -75.970  -8.423 0.1000000015
3522  34.497  -74.646  -10.397 0.1000000015
3070  33.481  -75.607  -9.574 0.1000000015
3071  32.780  -75.319  -9.123 0.1000000015
3062  31.564  -75.517  -8.653 0.1000000015
3063  30.688  -75.217  -8.246 0.1000000015
3078  33.984  -75.138  -9.984 0.1000000015
4003  32.492  -73.631  -9.203 0.1000000015
3508  31.330  -74.638  -8.534 0.1000000015
132670  33.772  -72.764  -9.883 0.1000000015
4002  33.230  -73.939  -9.542 0.1000000015
4004  31.746  -73.320  -8.847 0.1000000015
3992  31.203  -73.792  -8.502 0.1000000015
3993  30.560  -73.424  -8.144 0.1000000015
4539  29.338  -72.609  -7.322 0.1000000015
4562  33.075  -73.002  -9.488 0.1000000015
121855  32.272  -72.938  -9.157 0.1000000015
4549  31.050  -72.941  -8.565 0.1000000015
4565  30.844  -72.063  -8.758 0.1000000015
4550  30.390  -72.552  -8.237 0.1000000015
4551  29.776  -72.168  -7.828 0.1000000015
4528  28.918  -72.279  -6.832 0.1000000015
4507  29.249  -72.199  -4.336 0.1000000015
5101  28.753  -71.651  -5.576 0.1000000015
5120  29.249  -71.661  -7.248 0.1000000015
5112  28.848  -71.615  -6.397 0.1000000015
5100  29.184  -70.917  -5.159 0.1000000015
9620  10.711  -64.491  12.870 0.1000000015
10275  11.216  -63.847  13.338 0.1000000015
10258  12.175  -63.072  14.477 0.1000000015
10953  12.852  -63.072  15.133 0.1000000015
11001  11.339  -61.996  12.275 0.1000000015
11766  10.652  -61.347  11.649 0.1000000015
10952  13.708  -62.955  15.249 0.1000000015
10983  12.179  -62.410  13.743 0.1000000015
117585  11.885  -61.712  12.916 0.1000000015
11767  9.466  -60.849  11.440 0.1000000015
10244  14.363  -63.378  15.598 0.1000000015
11707  12.934  -62.015  14.060 0.1000000015
10964  14.391  -62.547  14.868 0.1000000015
11725  12.488  -61.579  13.367 0.1000000015
11706  13.874  -61.869  14.252 0.1000000015
11724  13.341  -61.394  13.639 0.1000000015
12477  12.786  -60.956  13.091 0.1000000015
11723  14.317  -61.233  13.793 0.1000000015
12476  13.776  -60.886  13.154 0.1000000015
12504  12.262  -60.619  12.509 0.1000000015
13262  10.919  -60.072  11.906 0.1000000015
12502  14.288  -60.541  12.381 0.1000000015
13260  12.726  -60.213  11.681 0.1000000015
13261  11.761  -60.096  11.913 0.1000000015
13259  13.790  -60.300  11.496 0.1000000015
13274  12.248  -59.414  10.922 0.1000000015
127645  14.249  -59.841  10.758 0.1000000015
126298  13.201  -58.916  9.915 0.1000000015
14062  11.555  -58.850  10.642 0.1000000015
13286  14.142  -59.220  10.135 0.1000000015
15081  18.734  -57.238  -5.561 0.1000000015
15097  19.181  -57.958  -6.029 0.1000000015
14075  12.256  -58.508  9.866 0.1000000015
14073  14.785  -58.576  10.269 0.1000000015
18657  12.588  -53.496  -7.164 0.1000000015
16838  17.169  -55.730  -5.417 0.1000000015
16839  16.513  -55.734  -5.674 0.1000000015
15936  16.101  -55.979  -5.906 0.1000000015
17757  14.168  -54.593  -6.568 0.1000000015
15926  19.008  -56.217  -5.100 0.1000000015
15933  18.364  -56.524  -5.289 0.1000000015
15934  17.536  -56.305  -5.416 0.1000000015
17756  14.930  -55.083  -6.326 0.1000000015
15061  20.553  -57.223  -4.957 0.1000000015
15080  19.662  -57.460  -5.370 0.1000000015
15079  20.487  -57.882  -5.425 0.1000000015
14273  20.640  -58.931  -6.420 0.1000000015
14274  19.688  -58.703  -6.572 0.1000000015
13506  20.086  -59.858  -7.848 0.1000000015
115767  13.056  -57.945  9.597 0.1000000015
14868  13.825  -57.330  10.116 0.1000000015
18656  14.247  -53.952  -6.771 0.1000000015
19563  12.992  -52.894  -7.318 0.1000000015
130022  14.918  -54.390  -6.581 0.1000000015
134901  15.034  -53.869  -7.121 0.1000000015
17740  15.919  -55.305  -5.928 0.1000000015
16837  18.132  -55.772  -5.184 0.1000000015
124584  21.190  -56.554  -4.637 0.1000000015
14259  22.688  -58.037  -5.671 0.1000000015
15078  21.227  -57.901  -5.271 0.1000000015
14260  21.844  -58.378  -5.707 0.1000000015
14272  21.589  -58.874  -6.430 0.1000000015
13483  21.194  -59.422  -7.018 0.1000000015
13505  21.157  -60.025  -8.329 0.1000000015
13515  20.947  -60.314  -9.204 0.1000000015
13516  19.963  -60.399  -9.279 0.1000000015
19580  12.897  -52.192  -7.856 0.1000000015
18655  15.757  -54.160  -7.114 0.1000000015
19579  14.351  -52.464  -8.900 0.1000000015
17738  17.625  -55.139  -5.670 0.1000000015
17766  16.507  -54.418  -6.788 0.1000000015
19578  14.957  -53.037  -8.535 0.1000000015
16835  20.766  -55.278  -5.140 0.1000000015
16836  19.980  -55.447  -5.173 0.1000000015
132657  19.009  -54.706  -6.185 0.1000000015
16824  22.864  -55.781  -4.596 0.1000000015
16825  21.317  -55.695  -4.733 0.1000000015
16826  20.538  -55.862  -4.770 0.1000000015
15923  22.737  -56.574  -4.544 0.1000000015
120230  22.729  -57.591  -5.044 0.1000000015
15057  23.743  -57.113  -4.850 0.1000000015
15076  23.465  -57.485  -5.319 0.1000000015
14271  22.255  -58.498  -6.199 0.1000000015
13491  21.541  -59.553  -7.718 0.1000000015
13525  19.601  -60.586  -9.994 0.1000000015
18654  16.684  -53.996  -7.862 0.1000000015
18669  16.526  -53.423  -8.688 0.1000000015
18678  15.809  -53.123  -8.928 0.1000000015
17736  20.268  -54.872  -5.640 0.1000000015
17752  19.093  -54.314  -6.887 0.1000000015
18653  17.638  -53.874  -8.022 0.1000000015
17719  23.392  -55.060  -4.799 0.1000000015
117704  21.064  -54.723  -5.543 0.1000000015
17751  20.581  -54.328  -6.186 0.1000000015
122742  24.469  -55.175  -4.747 0.1000000015
15921  24.291  -56.655  -4.800 0.1000000015
115195  17.169  -53.617  -8.464 0.1000000015
17764  18.347  -54.093  -7.453 0.1000000015
19576  18.052  -52.844  -8.866 0.1000000015
17735  21.920  -54.627  -5.245 0.1000000015
17750  21.427  -54.154  -5.974 0.1000000015
18644  20.009  -53.929  -6.959 0.1000000015
17763  19.193  -53.731  -7.551 0.1000000015
18667  18.460  -53.404  -8.192 0.1000000015
17718  25.434  -55.012  -4.885 0.1000000015
18643  20.975  -53.781  -6.736 0.1000000015
19591  17.561  -52.484  -9.533 0.1000000015
128143  23.814  -54.244  -5.185 0.1000000015
18666  19.385  -53.023  -8.065 0.1000000015
19575  18.910  -52.584  -8.728 0.1000000015
19590  18.455  -52.193  -9.447 0.1000000015
127272  19.872  -53.380  -7.585 0.1000000015
18633  22.261  -53.956  -5.772 0.1000000015
18642  21.814  -53.596  -6.525 0.1000000015
121772  18.796  -51.530  -10.071 0.1000000015
17732  25.750  -54.265  -5.090 0.1000000015
18631  23.746  -53.515  -5.624 0.1000000015
18641  22.611  -53.365  -6.309 0.1000000015
18651  21.421  -53.236  -7.280 0.1000000015
19574  19.787  -52.378  -8.603 0.1000000015
19573  20.636  -52.257  -8.488 0.1000000015
19588  20.249  -51.801  -9.073 0.1000000015
19541  26.565  -52.657  -5.441 0.1000000015
18629  26.023  -53.396  -5.249 0.1000000015
19543  25.029  -52.940  -5.575 0.1000000015
19553  22.995  -52.772  -6.860 0.1000000015
19561  21.820  -52.644  -7.763 0.1000000015
18628  27.029  -53.466  -5.344 0.1000000015
20442  21.108  -51.547  -9.125 0.1000000015
20405  26.946  -51.895  -5.650 0.1000000015
19542  25.770  -52.597  -5.555 0.1000000015
19551  24.457  -52.377  -6.232 0.1000000015
19559  23.441  -52.126  -7.281 0.1000000015
19571  22.103  -52.105  -8.154 0.1000000015
19549  28.784  -52.263  -6.378 0.1000000015
20404  27.809  -51.955  -5.792 0.1000000015
121565  21.138  -50.715  -9.747 0.1000000015
22174  10.418  -49.104  3.519 0.1000000015
23195  11.997  -48.360  3.734 0.1000000015
20419  27.308  -51.197  -6.007 0.1000000015
20406  26.042  -51.952  -5.803 0.1000000015
20421  25.476  -51.498  -6.462 0.1000000015
20433  22.574  -51.787  -8.301 0.1000000015
20454  21.775  -51.092  -9.370 0.1000000015
136735  23.384  -51.162  -8.754 0.1000000015
20452  23.111  -50.873  -9.115 0.1000000015
132942  21.147  -48.935  -8.759 0.1000000015
23409  21.081  -48.660  -8.165 0.1000000015
21331  25.661  -50.917  -6.896 0.1000000015
132749  24.158  -51.548  -7.570 0.1000000015
20432  23.278  -51.637  -8.151 0.1000000015
21345  24.695  -50.899  -8.060 0.1000000015
20440  23.966  -51.129  -8.456 0.1000000015
21372  21.969  -50.437  -9.502 0.1000000015
23430  21.717  -49.187  -8.929 0.1000000015
21330  26.215  -50.309  -7.006 0.1000000015
133362  26.884  -50.577  -6.418 0.1000000015
21344  25.427  -50.581  -7.621 0.1000000015
21370  23.433  -50.307  -9.229 0.1000000015
22427  22.630  -49.920  -9.384 0.1000000015
22428  21.862  -49.750  -9.427 0.1000000015
22388  20.657  -48.691  -7.423 0.1000000015
23366  20.623  -48.296  -6.818 0.1000000015
23408  21.881  -48.433  -8.114 0.1000000015
23388  21.318  -48.103  -7.422 0.1000000015
24337  21.707  -47.288  -7.430 0.1000000015
23407  22.658  -48.517  -8.597 0.1000000015
25203  20.463  -46.770  -6.600 0.1000000015
24338  20.995  -47.495  -6.868 0.1000000015
18471  27.999  -53.184  4.086 0.1000000015
114189  20.530  -45.895  -6.987 0.1000000015
25224  19.732  -46.096  -6.692 0.1000000015
26083  21.326  -45.745  -7.406 0.1000000015
20237  28.801  -51.882  5.087 0.1000000015
18519  27.821  -53.022  2.319 0.1000000015
27641  24.645  -43.091  -6.533 0.1000000015
26103  19.337  -45.086  -7.908 0.1000000015
26925  19.788  -44.579  -8.547 0.1000000015
26120  16.798  -44.823  -9.649 0.1000000015
114435  15.882  -44.783  -10.264 0.1000000015
28429  24.235  -42.555  -7.052 0.1000000015
28430  23.314  -42.669  -6.968 0.1000000015
26924  20.731  -44.433  -8.652 0.1000000015
130348  19.365  -44.325  -9.239 0.1000000015
26926  18.860  -44.804  -8.766 0.1000000015
26941  21.029  -43.864  -9.444 0.1000000015
26942  20.152  -43.911  -9.279 0.1000000015
26943  18.607  -44.543  -9.674 0.1000000015
130405  16.626  -45.061  -10.646 0.1000000015
27684  21.286  -43.621  -10.334 0.1000000015
26957  19.440  -43.566  -9.994 0.1000000015
26135  17.207  -45.189  -11.007 0.1000000015
26136  15.921  -45.247  -11.063 0.1000000015
27699  19.123  -43.257  -10.964 0.1000000015
26972  18.374  -44.279  -11.542 0.1000000015
26150  16.454  -45.557  -11.493 0.1000000015
27728  18.712  -43.387  -12.889 0.1000000015
26983  17.887  -44.872  -12.894 0.1000000015
134650  16.567  -45.970  -12.598 0.1000000015
25292  15.057  -46.007  -12.249 0.1000000015
19564  12.277  -52.615  -7.384 0.1000000015
27620  25.225  -43.461  -6.029 0.1000000015
9593  10.436  -64.997  14.179 0.1000000015
126646  11.134  -62.340  11.979 0.1000000015
10293  11.182  -63.332  12.565 0.1000000015
26151  15.468  -45.760  -11.657 0.1000000015
11726  11.493  -61.647  12.433 0.1000000015
126332  11.645  -60.596  12.304 0.1000000015
19589  19.431  -51.781  -9.440 0.1000000015
26119  17.440  -44.882  -9.156 0.1000000015
26170  17.287  -45.444  -12.894 0.1000000015
27727  19.395  -42.733  -12.470 0.1000000015
3523  33.897  -74.301  -9.898 0.1000000015
3516  33.365  -74.782  -9.522 0.1000000015
3517  32.656  -74.446  -9.184 0.1000000015
129557  10.720  -64.618  13.551 0.1000000015
129333  11.491  -63.490  13.790 0.1000000015
10984  11.789  -63.057  13.904 0.1000000015
17739  16.750  -55.201  -5.730 0.1000000015
18670  14.570  -53.441  -7.524 0.1000000015
116308  15.649  -53.608  -8.024 0.1000000015
17754  17.130  -54.690  -6.252 0.1000000015
17753  18.182  -54.603  -6.471 0.1000000015
135151  21.410  -55.117  -5.059 0.1000000015
18630  24.451  -53.605  -5.398 0.1000000015
18665  20.204  -52.839  -7.973 0.1000000015
18650  22.226  -53.034  -7.115 0.1000000015
19552  23.721  -52.570  -6.542 0.1000000015
19560  22.625  -52.314  -7.673 0.1000000015
19558  24.043  -52.015  -6.844 0.1000000015
20441  22.041  -51.560  -8.755 0.1000000015
20418  29.036  -51.496  -6.353 0.1000000015
20420  26.331  -51.143  -6.245 0.1000000015
21359  23.724  -50.696  -8.957 0.1000000015
25223  21.174  -46.596  -7.032 0.1000000015
26084  19.795  -45.516  -7.260 0.1000000015
26102  20.439  -45.094  -7.751 0.1000000015
20247  28.718  -51.789  4.179 0.1000000015
117377  17.356  -44.913  -10.051 0.1000000015
26923  21.433  -44.484  -9.017 0.1000000015
27685  20.469  -43.243  -10.027 0.1000000015
26118  17.880  -44.877  -10.337 0.1000000015
27698  19.963  -42.750  -10.705 0.1000000015
26958  18.499  -44.289  -10.605 0.1000000015
26134  17.783  -45.002  -11.293 0.1000000015
25291  16.100  -46.005  -12.170 0.1000000015
27713  19.670  -42.711  -11.543 0.1000000015
26982  18.316  -44.253  -12.459 0.1000000015
26148  17.838  -45.197  -12.140 0.1000000015
27714  18.895  -43.333  -11.947 0.1000000015
26149  17.164  -45.797  -11.956 0.1000000015
3  18.917  -87.577  4.278 0.6000000238
4  18.149  -87.494  4.063 0.4000000060
6  18.267  -87.371  3.004 0.3000000119
7  17.825  -87.214  3.753 0.3000000119
8  18.769  -87.407  2.868 0.5000000000
10  18.018  -87.271  2.657 0.3000000119
11  18.019  -87.091  2.133 0.3000000119
16  19.667  -87.018  8.224 0.8000000119
17  18.017  -87.127  8.524 0.6000000238
18  17.122  -87.106  8.100 0.4000000060
19  16.727  -86.733  8.012 0.5000000000
23  18.190  -87.411  7.109 0.6000000238
24  17.280  -87.293  7.139 0.4000000060
32  16.784  -87.010  6.803 0.4000000060
33  22.158  -86.678  5.612 0.6999999881
34  21.284  -87.099  5.378 0.6999999881
36  18.478  -87.601  5.711 0.6000000238
43  21.496  -87.065  3.909 0.6000000238
45  19.567  -87.474  3.714 0.5000000000
46  17.721  -87.070  3.360 0.3000000119
47  22.505  -86.615  2.563 0.6000000238
50  19.305  -87.394  2.386 0.5000000000
53  20.603  -87.139  1.381 0.5000000000
57  22.215  -86.602  1.131 0.6000000238
59  18.710  -87.276  0.847 0.2000000030
60  18.119  -87.013  0.856 0.3000000119
61  21.129  -86.918  -0.529 0.5000000000
67  18.297  -86.794  -1.391 0.2000000030
69  18.777  -87.162  -2.473 0.2000000030
71  17.794  -86.946  -2.929 0.2000000030
73  18.140  -87.182  -3.032 0.2000000030
75  19.721  -86.988  -3.819 0.3000000119
76  18.675  -87.225  -4.163 0.2000000030
77  17.797  -87.253  -4.346 0.2000000030
78  17.323  -87.065  -3.964 0.2000000030
82  17.215  -86.035  10.964 0.5000000000
89  21.057  -86.039  9.369 0.8000000119
90  20.188  -86.311  9.423 0.6999999881
91  19.177  -86.538  9.537 0.6999999881
93  17.205  -86.525  9.607 0.5000000000
94  16.523  -86.091  8.946 0.4000000060
95  22.774  -85.506  7.625 0.8999999762
103  22.287  -86.148  7.417 0.8000000119
108  16.726  -86.528  6.580 0.2000000030
112  17.158  -86.902  5.118 0.3000000119
118  24.073  -86.153  3.551 0.8999999762
120  17.953  -86.478  3.538 0.2000000030
121  17.729  -86.891  3.235 0.2000000030
123  24.633  -86.023  2.893 0.8999999762
125  18.439  -86.161  2.725 0.1000000015
130  17.990  -86.853  1.920 0.2000000030
135  18.003  -86.788  1.136 0.2000000030
136  24.425  -85.492  0.043 0.8999999762
139  22.723  -86.305  -0.159 0.6999999881
141  17.955  -86.894  0.258 0.2000000030
143  22.524  -86.238  -0.806 0.6000000238
144  21.542  -86.531  -1.875 0.5000000000
146  22.913  -85.799  -2.059 0.6000000238
151  22.221  -85.936  -3.406 0.5000000000
153  20.758  -86.673  -3.361 0.5000000000
154  17.433  -86.881  -3.456 0.2000000030
164  17.313  -86.511  -5.392 0.2000000030
165  20.770  -85.941  -7.007 0.4000000060
167  18.861  -86.634  -6.686 0.1000000015
168  18.072  -86.778  -6.432 0.2000000030
172  18.384  -85.980  -7.653 0.1000000015
178  18.016  -85.005  12.209 0.8999999762
180  16.858  -84.549  12.114 0.6999999881
182  21.552  -84.648  10.886 0.8999999762
184  18.372  -85.428  11.648 0.6999999881
186  16.769  -84.894  11.405 0.6000000238
189  20.028  -85.793  10.580 0.6999999881
191  16.718  -85.542  10.387 0.5000000000
192  21.973  -85.035  9.598 0.8999999762
193  16.575  -85.717  9.479 0.5000000000
194  22.473  -85.450  8.277 0.8999999762
196  16.588  -85.787  8.733 0.4000000060
198  16.671  -85.877  7.918 0.3000000119
206  24.255  -85.676  4.280 0.8999999762
208  19.317  -85.251  4.013 0.1000000015
215  18.915  -85.407  1.243 0.1000000015
223  18.768  -85.440  -0.287 0.1000000015
225  25.859  -84.205  -1.723 0.8999999762
228  23.678  -85.474  -1.694 0.8000000119
233  24.975  -84.838  -2.197 1.0000000000
235  18.647  -85.392  -1.912 0.1000000015
237  17.657  -86.491  -3.050 0.2000000030
242  23.608  -85.189  -3.001 0.8000000119
253  17.628  -85.532  -4.325 0.2000000030
260  22.297  -85.481  -5.530 0.5000000000
262  17.374  -85.878  -5.794 0.1000000015
263  27.036  -84.699  -6.376 0.8999999762
264  26.151  -84.911  -6.435 0.8999999762
284  20.295  -85.838  -8.549 0.4000000060
285  19.705  -85.644  -8.869 0.1000000015
292  20.567  -85.379  -9.780 0.3000000119
300  22.770  -84.976  -11.826 0.5000000000
303  20.904  -85.060  -10.714 0.3000000119
307  21.554  -84.531  -12.066 0.4000000060
308  22.325  -84.603  -13.270 0.4000000060
311  17.807  -83.847  13.759 0.8999999762
314  18.127  -84.124  13.472 0.8999999762
319  19.792  -84.295  12.871 0.8999999762
322  17.014  -84.338  12.751 0.6999999881
323  16.798  -84.131  12.615 0.6999999881
326  20.891  -84.318  12.420 0.8999999762
333  22.375  -84.927  7.963 0.8999999762
337  16.850  -85.111  9.348 0.5000000000
339  27.758  -83.515  7.657 0.8000000119
344  17.897  -84.511  8.335 0.3000000119
345  27.961  -83.892  6.087 0.8000000119
347  23.321  -85.548  6.546 0.8999999762
348  22.644  -84.656  6.473 0.8000000119
349  19.567  -84.345  5.425 0.1000000015
350  19.052  -84.254  6.759 0.1000000015
352  26.919  -84.005  5.946 0.8000000119
356  28.203  -83.705  4.780 0.8000000119
358  23.794  -84.921  4.169 0.8000000119
366  15.763  -83.391  3.474 0.1000000015
367  24.902  -84.793  1.680 0.8999999762
371  20.006  -84.555  2.219 0.1000000015
372  15.644  -83.336  2.854 0.1000000015
376  16.077  -83.683  2.119 0.1000000015
380  20.208  -84.138  0.692 0.1000000015
389  26.361  -83.853  -1.911 0.8999999762
393  27.698  -83.678  -4.006 0.6999999881
395  19.118  -84.564  -3.317 0.1000000015
398  27.921  -83.744  -4.593 0.8000000119
401  28.546  -83.251  -5.562 0.8000000119
402  28.163  -83.745  -5.244 0.8000000119
408  18.549  -84.386  -6.707 0.1000000015
411  28.419  -84.010  -7.418 0.8000000119
412  27.688  -84.308  -7.702 0.8000000119
413  26.934  -84.580  -7.971 0.8999999762
425  27.710  -83.915  -9.968 0.8999999762
427  26.171  -84.264  -10.628 0.8000000119
428  20.398  -84.954  -10.341 0.3000000119
434  20.845  -84.715  -10.860 0.3000000119
439  24.126  -83.472  -13.078 0.5000000000
443  21.193  -84.134  -14.065 0.3000000119
444  24.436  -83.442  -13.732 0.5000000000
447  22.102  -84.062  -14.967 0.4000000060
448  21.611  -84.051  -14.733 0.4000000060
450  22.834  -83.596  -15.166 0.4000000060
451  21.065  -83.162  13.838 0.8999999762
453  19.454  -83.639  13.796 0.8999999762
454  18.617  -83.600  13.940 0.8999999762
455  17.911  -83.623  13.950 0.8999999762
456  23.067  -82.775  13.098 1.0000000000
457  22.107  -83.048  13.673 0.8999999762
460  17.382  -83.691  13.680 0.8999999762
461  17.062  -83.439  13.579 0.8999999762
462  23.640  -82.500  12.641 1.0000000000
466  24.858  -82.377  11.796 0.8999999762
468  23.533  -82.795  12.057 1.0000000000
470  16.752  -83.341  12.066 0.6999999881
471  27.114  -82.976  10.012 0.8000000119
472  26.464  -83.007  10.393 0.8000000119
475  22.517  -83.511  10.911 0.8999999762
479  27.603  -82.861  9.454 0.8000000119
482  24.702  -82.756  10.001 0.8999999762
486  17.784  -82.743  10.206 0.4000000060
487  28.679  -82.297  7.989 0.6000000238
489  27.193  -83.598  8.098 0.8000000119
494  18.576  -82.795  8.715 0.2000000030
495  18.250  -83.182  9.427 0.2000000030
498  28.413  -83.322  7.199 0.6999999881
501  22.451  -83.300  7.700 0.8999999762
502  18.999  -82.848  7.202 0.1000000015
503  18.979  -83.071  7.965 0.1000000015
507  29.099  -83.125  6.755 0.6000000238
522  22.551  -83.476  5.511 0.8000000119
525  15.395  -83.366  5.567 0.1000000015
527  14.770  -82.987  4.939 0.1000000015
533  22.649  -83.523  4.770 0.8000000119
534  19.738  -83.530  4.918 0.1000000015
535  16.255  -83.314  4.251 0.1000000015
536  15.637  -83.434  4.907 0.1000000015
537  15.652  -83.222  4.752 0.1000000015
538  15.353  -83.129  4.487 0.1000000015
542  29.241  -83.279  3.648 0.6999999881
546  20.317  -83.245  2.902 0.1000000015
548  15.927  -83.641  3.425 0.1000000015
550  14.465  -82.752  3.715 0.2000000030
557  16.545  -83.558  2.208 0.1000000015
558  15.252  -83.157  2.791 0.1000000015
563  16.820  -83.366  1.084 0.1000000015
565  15.976  -83.468  1.321 0.1000000015
570  16.224  -83.662  0.700 0.1000000015
572  15.448  -82.762  0.132 0.1000000015
574  25.726  -83.486  -0.333 0.8999999762
578  15.388  -83.120  -0.858 0.1000000015
584  27.117  -83.718  -2.709 0.8000000119
590  21.101  -83.060  -3.856 0.1000000015
591  20.599  -83.444  -3.117 0.1000000015
595  27.850  -83.273  -4.779 0.8000000119
597  20.606  -83.457  -4.627 0.1000000015
600  29.037  -82.815  -5.843 0.6999999881
607  19.320  -84.023  -6.904 0.1000000015
611  29.530  -83.338  -7.663 0.8000000119
613  30.499  -82.825  -8.337 0.8000000119
628  23.919  -83.165  -11.263 0.6999999881
629  23.912  -82.680  -10.900 0.6000000238
631  27.663  -82.954  -10.794 0.6999999881
635  23.680  -82.837  -11.270 0.6999999881
637  20.806  -84.019  -10.919 0.1000000015
643  20.987  -83.975  -13.650 0.1000000015
649  26.504  -82.385  -15.093 0.3000000119
651  24.472  -83.117  -15.369 0.3000000119
653  22.845  -83.152  -15.516 0.4000000060
656  24.187  -82.740  -15.853 0.3000000119
657  23.351  -82.785  -15.821 0.3000000119
665  18.492  -82.698  13.807 0.8999999762
666  17.590  -82.770  13.822 0.8999999762
667  17.022  -82.944  13.600 0.8999999762
668  25.034  -81.894  12.271 0.8999999762
669  24.353  -82.100  12.522 1.0000000000
677  27.854  -82.011  9.986 0.8000000119
682  17.062  -82.534  11.212 0.5000000000
696  28.778  -81.835  8.044 0.5000000000
706  30.026  -81.902  6.848 0.6000000238
712  15.703  -82.721  7.930 0.2000000030
715  30.210  -82.249  6.538 0.6000000238
718  23.364  -82.685  6.774 0.8999999762
723  14.425  -82.638  6.574 0.2000000030
724  31.824  -81.638  5.006 0.4000000060
728  24.385  -82.381  5.806 0.8000000119
731  19.057  -82.406  5.455 0.1000000015
732  18.215  -82.278  5.429 0.1000000015
742  22.879  -82.758  4.577 0.8999999762
743  19.233  -82.389  4.577 0.1000000015
747  14.078  -82.472  4.489 0.2000000030
754  19.435  -82.278  3.799 0.1000000015
755  17.441  -82.749  3.271 0.1000000015
757  31.932  -82.099  1.970 0.3000000119
759  28.864  -82.852  2.252 0.5000000000
763  20.227  -82.404  2.692 0.1000000015
765  17.349  -82.828  2.415 0.1000000015
773  23.566  -82.527  1.644 0.8000000119
774  20.649  -82.415  1.442 0.1000000015
775  17.461  -82.545  1.564 0.1000000015
777  14.502  -82.165  1.733 0.3000000119
778  32.027  -82.037  0.033 0.2000000030
785  20.715  -81.805  0.875 0.1000000015
787  14.920  -82.041  0.446 0.2000000030
801  30.953  -81.923  -0.962 0.3000000119
807  15.105  -82.945  -1.532 0.1000000015
808  26.877  -83.412  -2.235 0.8000000119
813  14.993  -82.882  -2.510 0.1000000015
820  15.097  -82.477  -3.420 0.1000000015
825  22.384  -81.729  -4.899 0.1000000015
826  21.897  -82.413  -4.842 0.1000000015
829  29.045  -82.447  -6.005 0.6000000238
830  28.047  -82.634  -5.238 0.6000000238
834  30.146  -82.116  -6.739 0.6999999881
839  31.979  -81.338  -8.348 0.4000000060
840  31.273  -81.810  -7.802 0.5000000000
841  30.525  -82.248  -7.203 0.6000000238
853  29.148  -82.482  -10.417 0.6999999881
862  25.044  -83.444  -11.005 0.6999999881
867  23.835  -82.445  -11.496 0.6999999881
870  27.320  -82.247  -13.989 0.5000000000
875  28.039  -82.105  -14.484 0.5000000000
878  28.943  -81.592  -15.404 0.6999999881
879  28.292  -81.846  -15.294 0.4000000060
883  22.702  -82.849  -15.561 0.3000000119
886  27.090  -81.626  -15.678 0.3000000119
887  26.279  -81.797  -15.789 0.3000000119
889  26.958  -81.470  -15.776 0.4000000060
890  22.742  -82.117  13.295 1.0000000000
891  22.010  -81.964  13.397 0.8999999762
892  21.024  -82.068  13.436 0.8999999762
893  20.023  -82.070  13.434 0.8999999762
905  17.284  -81.433  12.943 0.8000000119
907  15.660  -81.127  12.464 0.8000000119
908  26.513  -81.719  11.540 0.8999999762
909  25.787  -81.730  11.885 0.8999999762
912  14.469  -80.762  11.863 0.8000000119
914  26.956  -81.194  11.196 0.8999999762
917  13.911  -80.970  11.261 0.6000000238
922  28.293  -81.836  9.304 0.6000000238
926  13.732  -81.193  10.466 0.6999999881
927  13.376  -80.630  10.016 0.6999999881
928  31.734  -80.415  7.429 0.6000000238
936  13.311  -81.183  7.524 0.5000000000
938  32.090  -80.995  6.255 0.4000000060
941  12.954  -80.630  7.009 0.5000000000
945  12.741  -80.348  5.706 0.4000000060
954  25.264  -81.547  3.422 0.6999999881
961  12.648  -80.278  3.421 0.3000000119
964  27.181  -81.592  2.182 0.6000000238
980  23.612  -81.784  2.025 0.8000000119
985  13.952  -81.512  1.401 0.3000000119
1001  21.102  -81.552  -0.543 0.1000000015
1015  25.639  -80.944  -2.057 0.5000000000
1016  21.648  -81.857  -2.657 0.1000000015
1027  22.405  -81.204  -4.172 0.1000000015
1034  28.359  -81.991  -6.023 0.5000000000
1035  27.587  -81.873  -5.711 0.6000000238
1039  15.021  -80.774  -4.864 0.1000000015
1049  32.494  -80.931  -8.421 0.4000000060
1053  25.195  -80.682  -9.830 0.5000000000
1063  24.816  -81.121  -9.958 0.5000000000
1064  24.307  -81.989  -10.428 0.6000000238
1071  24.065  -81.776  -11.018 0.6000000238
1073  17.654  -81.295  -11.534 0.1000000015
1074  28.184  -80.950  -13.197 0.6999999881
1077  24.952  -81.629  -12.156 0.6999999881
1078  24.266  -81.874  -11.656 0.6999999881
1086  31.195  -80.764  -15.014 1.0000000000
1089  28.690  -81.812  -13.959 0.6000000238
1091  23.446  -81.696  -14.938 0.2000000030
1095  30.131  -80.850  -16.299 0.6000000238
1096  26.870  -81.123  -16.015 0.4000000060
1099  29.445  -80.729  -16.235 0.6000000238
1102  26.057  -81.248  -21.101 0.5000000000
1103  25.049  -81.272  -21.409 0.5000000000
1105  24.898  -80.993  -22.371 0.6999999881
1106  24.731  -81.089  12.275 0.8999999762
1111  19.781  -81.027  12.279 1.0000000000
1112  18.286  -80.772  12.353 0.8999999762
1113  17.406  -80.746  12.454 0.8999999762
1114  26.264  -81.298  11.635 0.8999999762
1116  24.007  -80.783  11.954 0.8999999762
1118  21.972  -80.654  11.404 1.0000000000
1119  20.978  -80.708  11.468 1.0000000000
1124  15.011  -80.860  12.374 0.8000000119
1127  31.816  -79.430  9.691 0.5000000000
1128  27.457  -80.974  10.469 0.8000000119
1139  13.604  -80.322  10.274 0.6999999881
1140  32.720  -79.226  9.310 0.4000000060
1159  28.915  -81.203  8.038 0.5000000000
1164  20.591  -80.228  8.856 0.8999999762
1169  30.532  -80.074  7.188 0.5000000000
1172  28.260  -80.398  7.741 0.5000000000
1177  33.755  -79.750  5.951 0.4000000060
1179  34.027  -79.525  4.484 0.2000000030
1189  30.173  -80.202  1.017 0.3000000119
1199  12.923  -80.454  1.877 0.3000000119
1209  13.538  -80.365  0.395 0.2000000030
1210  12.841  -79.813  0.760 0.3000000119
1220  14.031  -80.215  -0.116 0.2000000030
1229  31.061  -80.626  -2.770 0.2000000030
1241  30.913  -79.907  -3.075 0.2000000030
1243  26.051  -80.255  -3.011 0.4000000060
1257  14.542  -80.400  -4.736 0.1000000015
1258  27.007  -80.430  -5.755 0.4000000060
1269  29.478  -80.524  -6.751 0.4000000060
1280  31.520  -80.849  -7.549 0.3000000119
1283  34.033  -80.062  -9.415 0.3000000119
1287  33.650  -80.527  -9.470 0.3000000119
1292  33.580  -80.735  -10.130 0.4000000060
1300  19.665  -81.229  -10.152 0.1000000015
1302  34.203  -80.173  -10.648 0.5000000000
1303  33.530  -80.456  -10.882 0.5000000000
1304  32.759  -80.479  -11.105 0.4000000060
1306  30.999  -80.569  -10.804 0.5000000000
1310  17.374  -81.151  -11.544 0.1000000015
1314  25.362  -80.772  -11.741 0.8000000119
1317  19.147  -80.925  -12.416 0.1000000015
1320  30.509  -80.577  -13.918 1.0000000000
1321  29.791  -80.582  -13.537 0.8999999762
1323  23.735  -79.597  -13.432 0.2000000030
1328  17.771  -80.718  -12.723 0.1000000015
1330  25.416  -79.801  -14.874 0.3000000119
1331  24.667  -80.058  -14.390 0.2000000030
1338  32.238  -79.952  -17.186 0.8999999762
1341  29.591  -80.333  -16.466 0.4000000060
1343  30.459  -79.666  -20.696 0.8000000119
1347  29.918  -80.063  -21.327 0.8000000119
1351  24.400  -80.707  -21.872 0.6000000238
1353  28.211  -80.273  -21.898 0.8000000119
1354  27.347  -80.326  -22.420 0.8000000119
1355  25.913  -80.534  -22.673 0.6999999881
1363  32.540  -78.182  11.703 0.4000000060
1364  31.865  -78.415  12.073 0.3000000119
1366  30.134  -79.212  12.954 0.3000000119
1367  29.387  -79.197  13.341 0.3000000119
1370  32.747  -78.457  11.026 0.4000000060
1371  31.699  -78.872  11.451 0.4000000060
1377  15.812  -80.113  11.795 0.8000000119
1385  15.005  -80.077  11.538 0.8000000119
1387  33.752  -78.433  8.936 0.4000000060
1396  18.151  -80.015  9.983 0.8999999762
1400  13.699  -79.719  9.558 0.8000000119
1401  34.191  -78.240  7.987 0.3000000119
1403  33.264  -79.084  8.738 0.4000000060
1404  31.305  -79.270  8.432 0.5000000000
1407  26.861  -79.883  8.388 0.5000000000
1412  21.614  -79.842  8.000 0.8000000119
1413  20.797  -79.972  8.129 0.8000000119
1414  19.827  -80.223  8.999 0.8999999762
1415  17.397  -79.592  8.498 0.8999999762
1420  13.040  -79.552  8.140 0.6999999881
1435  15.712  -79.543  7.810 0.8999999762
1436  12.975  -79.134  7.367 0.8000000119
1438  34.675  -78.484  6.187 0.2000000030
1439  34.248  -79.152  6.030 0.3000000119
1444  26.722  -79.150  6.844 0.6000000238
1448  20.508  -79.210  6.760 0.8999999762
1450  17.903  -79.315  6.320 1.0000000000
1451  12.990  -78.851  6.585 0.8000000119
1453  12.580  -79.553  6.107 0.4000000060
1458  15.629  -79.901  4.879 1.0000000000
1463  34.366  -78.940  4.325 0.1000000015
1464  18.139  -79.131  4.657 1.0000000000
1465  17.319  -79.642  4.342 1.0000000000
1469  12.886  -78.768  4.697 1.0000000000
1474  15.670  -79.363  3.207 1.0000000000
1476  12.063  -78.964  2.952 0.6000000238
1478  17.226  -79.296  2.743 1.0000000000
1482  12.017  -78.481  1.234 0.2000000030
1487  12.291  -79.054  1.024 0.2000000030
1489  30.235  -79.616  0.450 0.3000000119
1491  26.272  -78.868  0.897 0.5000000000
1511  25.454  -79.299  -1.395 0.4000000060
1516  15.122  -79.879  -1.276 0.1000000015
1522  15.241  -79.360  -1.770 0.2000000030
1524  14.277  -79.226  -3.143 0.2000000030
1534  14.526  -79.994  -3.559 0.1000000015
1540  31.761  -79.357  -4.320 0.1000000015
1546  13.714  -79.937  -4.820 0.1000000015
1556  27.922  -79.726  -6.425 0.4000000060
1565  12.824  -79.412  -6.626 0.1000000015
1566  12.417  -78.925  -7.358 0.1000000015
1569  30.077  -79.801  -6.940 0.4000000060
1577  33.693  -79.913  -8.923 0.3000000119
1580  34.661  -79.668  -9.837 0.3000000119
1592  25.401  -79.820  -10.734 0.5000000000
1593  17.912  -80.646  -10.434 0.1000000015
1596  33.358  -79.986  -11.378 0.5000000000
1605  35.672  -78.659  -12.045 0.3000000119
1613  22.468  -79.565  -12.487 0.1000000015
1614  21.780  -79.772  -12.213 0.1000000015
1616  17.448  -80.558  -12.121 0.1000000015
1620  24.208  -79.114  -13.822 0.2000000030
1621  23.464  -79.029  -13.273 0.1000000015
1625  17.963  -79.848  -12.991 0.1000000015
1626  31.819  -80.071  -15.130 1.0000000000
1638  34.121  -79.008  -16.948 0.8999999762
1643  32.994  -79.490  -17.331 0.8999999762
1644  32.581  -79.239  -17.486 0.8999999762
1650  25.130  -79.576  -19.648 0.4000000060
1652  31.262  -79.158  -20.871 0.8999999762
1654  25.420  -79.611  -20.163 0.6000000238
1657  26.685  -79.422  -22.660 0.8000000119
1660  31.299  -78.920  -22.590 0.8000000119
1662  29.466  -79.449  -23.081 0.8000000119
1664  26.076  -79.851  -23.383 0.8000000119
1665  25.671  -80.292  -23.086 0.8000000119
1667  29.913  -79.137  -23.478 0.8000000119
1670  26.811  -79.820  -23.563 0.6999999881
1671  29.466  -78.531  -23.689 0.6999999881
1709  31.762  -78.131  12.531 0.3000000119
1710  31.213  -78.425  12.718 0.3000000119
1711  30.623  -78.393  13.230 0.3000000119
1712  29.487  -78.643  13.870 0.3000000119
1713  28.509  -78.848  13.990 0.3000000119
1715  26.730  -78.360  13.622 0.1000000015
1716  26.046  -78.227  13.479 0.1000000015
1720  33.342  -77.984  10.778 0.2000000030
1721  33.022  -78.027  11.246 0.3000000119
1731  33.808  -78.045  9.467 0.3000000119
1733  30.542  -78.572  9.748 0.4000000060
1736  34.748  -78.175  7.306 0.2000000030
1738  24.436  -79.116  7.153 0.8000000119
1739  23.719  -79.090  6.942 0.8000000119
1748  22.224  -78.807  6.094 0.8000000119
1749  21.472  -78.702  5.824 0.8000000119
1752  34.973  -78.172  5.541 0.2000000030
1754  30.414  -77.820  6.123 0.5000000000
1755  29.997  -78.182  5.749 0.5000000000
1756  27.952  -78.421  5.509 0.5000000000
1763  20.662  -78.463  5.479 0.8000000119
1766  35.146  -78.051  5.002 0.2000000030
1767  34.746  -78.297  4.549 0.2000000030
1769  19.364  -78.230  4.634 1.0000000000
1772  12.778  -78.609  3.734 0.8999999762
1780  13.318  -78.052  3.413 0.8999999762
1781  12.032  -78.294  2.621 0.8000000119
1786  11.732  -77.880  2.017 0.6000000238
1792  17.055  -78.111  1.801 1.0000000000
1801  30.213  -79.009  -0.269 0.1000000015
1807  14.268  -78.616  0.097 0.2000000030
1810  29.972  -78.761  -1.074 0.1000000015
1817  15.275  -78.529  -1.542 0.2000000030
1818  30.218  -78.269  -3.046 0.2000000030
1821  25.599  -78.727  -2.157 0.4000000060
1826  13.043  -78.332  -2.935 0.2000000030
1850  26.686  -78.667  -5.139 0.4000000060
1855  12.408  -79.226  -5.548 0.1000000015
1856  11.674  -78.635  -5.448 0.1000000015
1880  35.015  -79.151  -10.093 0.3000000119
1882  33.746  -78.304  -9.237 0.3000000119
1889  29.441  -78.359  -10.851 0.5000000000
1891  27.511  -78.261  -10.498 0.6000000238
1892  25.980  -78.869  -10.701 0.6000000238
1895  17.756  -79.922  -10.911 0.1000000015
1897  35.770  -78.442  -11.570 0.3000000119
1898  32.584  -79.103  -11.707 0.5000000000
1902  17.560  -79.761  -11.771 0.1000000015
1903  36.043  -78.284  -12.419 0.3000000119
1908  26.896  -77.740  -12.268 0.8000000119
1912  35.956  -77.977  -12.865 0.3000000119
1924  25.954  -78.629  -15.108 0.2000000030
1925  25.226  -78.514  -14.823 0.2000000030
1927  23.469  -78.507  -14.223 0.1000000015
1933  25.639  -78.106  -15.282 0.1000000015
1939  34.304  -78.563  -16.983 0.8000000119
1944  22.181  -79.078  -17.019 0.1000000015
1945  35.159  -77.637  -18.083 0.8000000119
1947  32.756  -78.531  -17.843 1.0000000000
1958  34.072  -78.057  -18.708 1.0000000000
1961  23.390  -78.582  -18.433 0.3000000119
1964  35.052  -77.354  -19.639 0.5000000000
1965  30.521  -79.081  -20.149 1.0000000000
1970  26.234  -79.055  -20.964 0.6999999881
1971  25.676  -79.007  -20.506 0.6999999881
1974  26.534  -79.342  -21.736 0.8000000119
1975  28.793  -77.720  -22.487 0.8000000119
1980  30.095  -78.075  -23.275 0.6999999881
2038  16.594  -76.939  15.671 0.1000000015
2042  12.523  -77.467  14.108 0.1000000015
2044  13.262  -77.602  14.438 0.1000000015
2049  27.025  -78.067  13.831 0.1000000015
2052  24.305  -77.663  13.201 0.2000000030
2055  22.200  -77.064  13.221 0.2000000030
2057  32.692  -77.868  11.843 0.4000000060
2063  23.281  -77.602  12.810 0.2000000030
2064  22.505  -77.343  12.795 0.2000000030
2066  20.860  -77.049  12.859 0.2000000030
2068  33.536  -77.768  10.479 0.3000000119
2075  21.160  -77.232  12.245 0.2000000030
2076  20.355  -77.132  12.328 0.1000000015
2088  33.954  -77.610  9.405 0.2000000030
2094  34.434  -77.292  8.317 0.2000000030
2097  34.942  -77.863  7.366 0.2000000030
2098  34.789  -77.462  7.553 0.2000000030
2099  30.637  -77.661  7.395 0.5000000000
2100  35.061  -78.072  6.504 0.2000000030
2102  30.448  -77.312  6.589 0.5000000000
2105  30.007  -77.401  5.592 0.5000000000
2109  25.464  -77.789  5.239 0.6000000238
2111  23.893  -77.800  4.952 0.6999999881
2112  23.162  -77.751  4.643 0.6999999881
2121  25.374  -77.326  4.705 0.6999999881
2124  22.430  -77.600  4.278 0.6999999881
2125  21.505  -77.616  4.230 0.8000000119
2133  19.750  -77.562  3.410 0.8000000119
2134  19.045  -77.998  3.042 0.8999999762
2138  11.696  -77.246  2.667 0.8999999762
2142  19.171  -77.536  1.817 1.0000000000
2144  16.498  -77.671  2.278 1.0000000000
2145  15.825  -78.137  2.840 1.0000000000
2147  11.714  -77.676  1.698 0.6999999881
2151  18.407  -77.711  1.424 1.0000000000
2152  17.657  -77.561  1.352 1.0000000000
2155  11.937  -77.543  1.476 0.6000000238
2156  11.915  -78.059  1.241 0.6999999881
2165  28.230  -76.956  -0.031 0.2000000030
2167  26.538  -77.200  -0.366 0.4000000060
2169  15.361  -78.246  -0.951 0.3000000119
2170  15.188  -77.618  -0.630 0.4000000060
2177  14.563  -77.288  -1.683 0.3000000119
2188  12.687  -77.637  -2.502 0.2000000030
2203  32.254  -77.671  -5.248 0.1000000015
2212  11.324  -78.237  -4.695 0.1000000015
2213  10.869  -77.568  -4.956 0.2000000030
2230  37.071  -77.669  -6.270 0.1000000015
2233  28.331  -77.175  -6.568 0.4000000060
2234  27.774  -77.725  -6.172 0.3000000119
2240  10.820  -77.362  -6.948 0.1000000015
2247  32.307  -76.999  -8.793 0.2000000030
2256  35.548  -78.146  -10.958 0.2000000030
2260  27.223  -77.569  -10.836 0.6999999881
2269  27.896  -77.023  -11.100 0.8000000119
2278  33.987  -77.773  -12.627 0.5000000000
2279  33.064  -77.240  -12.264 0.4000000060
2280  27.168  -77.193  -12.325 0.8000000119
2288  37.108  -77.158  -13.478 0.3000000119
2290  28.851  -76.745  -13.593 0.6999999881
2307  25.221  -77.929  -15.711 0.1000000015
2311  34.024  -77.968  -16.471 0.6999999881
2320  29.844  -77.556  -17.768 0.6999999881
2325  35.723  -77.112  -18.828 0.6999999881
2330  34.482  -77.578  -19.358 0.6999999881
2334  23.640  -77.200  -19.398 0.3000000119
2339  24.781  -77.592  -19.872 0.3000000119
2341  27.854  -77.133  -21.245 0.8000000119
2399  14.626  -77.179  14.179 0.1000000015
2401  12.055  -77.117  14.461 0.1000000015
2404  29.314  -77.308  13.460 0.2000000030
2410  22.819  -76.777  13.400 0.1000000015
2411  21.367  -76.890  13.180 0.2000000030
2412  20.605  -76.735  13.089 0.1000000015
2415  11.501  -76.839  13.148 0.1000000015
2416  32.024  -77.343  12.486 0.2000000030
2426  18.989  -76.361  12.549 0.1000000015
2435  19.582  -76.930  12.475 0.1000000015
2437  17.268  -76.080  10.909 0.1000000015
2440  33.096  -76.540  10.719 0.1000000015
2452  33.788  -77.084  9.666 0.2000000030
2458  23.112  -76.693  9.571 0.2000000030
2459  22.309  -76.651  9.673 0.2000000030
2472  27.197  -76.406  8.443 0.4000000060
2474  25.099  -76.317  8.442 0.3000000119
2475  24.171  -76.275  8.491 0.3000000119
2478  21.069  -76.196  8.938 0.2000000030
2488  29.506  -76.428  7.030 0.5000000000
2498  30.198  -76.841  6.031 0.5000000000
2499  29.742  -76.302  6.235 0.5000000000
2505  29.087  -76.378  4.652 0.5000000000
2506  28.513  -76.379  4.128 0.5000000000
2507  27.860  -76.618  3.816 0.5000000000
2513  15.286  -76.071  4.474 1.0000000000
2515  12.952  -76.654  4.417 1.0000000000
2522  27.617  -75.997  3.380 0.6000000238
2528  21.420  -76.843  3.198 0.8000000119
2529  16.480  -75.637  2.993 0.8999999762
2536  23.260  -75.866  2.490 0.6999999881
2537  22.559  -76.104  2.560 0.6999999881
2539  20.838  -76.671  2.607 0.8000000119
2543  11.498  -76.764  2.281 0.8999999762
2547  21.037  -76.130  1.873 0.6999999881
2548  19.518  -76.642  1.015 0.8999999762
2552  12.000  -76.678  1.757 0.8000000119
2556  18.140  -76.384  0.732 1.0000000000
2558  14.075  -75.871  1.016 0.6999999881
2562  27.923  -76.488  -0.557 0.1000000015
2577  14.294  -76.474  -1.286 0.4000000060
2593  11.398  -76.623  -2.430 0.5000000000
2611  10.637  -76.259  -3.790 0.3000000119
2628  38.229  -77.055  -6.131 0.1000000015
2633  27.183  -76.578  -5.383 0.3000000119
2642  36.151  -76.911  -6.514 0.1000000015
2662  34.275  -76.897  -10.020 0.2000000030
2680  27.112  -77.106  -11.694 0.8000000119
2687  27.842  -76.349  -12.230 0.8000000119
2688  27.275  -76.857  -12.083 0.8000000119
2693  37.755  -76.933  -14.019 0.4000000060
2706  37.506  -76.654  -14.495 0.4000000060
2731  36.115  -76.356  -18.935 0.5000000000
2734  31.661  -76.294  -18.652 1.0000000000
2737  37.168  -76.096  -20.780 0.3000000119
2746  36.937  -76.193  -20.905 0.4000000060
2751  37.244  -76.221  -21.166 0.3000000119
2831  11.044  -75.569  12.362 0.1000000015
2844  18.317  -75.863  12.108 0.1000000015
2850  32.146  -76.004  11.320 0.1000000015
2864  12.088  -76.017  11.064 0.1000000015
2865  11.581  -75.833  11.143 0.1000000015
2873  33.414  -76.272  9.510 0.1000000015
2877  12.073  -75.870  9.865 0.1000000015
2880  20.742  -75.660  8.298 0.1000000015
2882  18.407  -75.598  8.272 0.1000000015
2885  15.716  -75.945  8.484 0.1000000015
2899  20.413  -75.148  7.753 0.1000000015
2907  28.655  -75.632  6.306 0.5000000000
2910  25.346  -75.435  6.547 0.3000000119
2914  19.996  -74.723  7.308 0.1000000015
2915  19.287  -74.805  7.452 0.1000000015
2920  28.313  -75.006  4.707 0.4000000060
2922  25.589  -75.078  5.811 0.3000000119
2926  11.558  -76.199  6.103 0.8999999762
2930  28.668  -75.627  4.368 0.4000000060
2931  14.471  -75.765  4.948 0.8999999762
2934  11.108  -76.530  4.971 0.8999999762
2936  26.955  -75.730  2.998 0.5000000000
2941  10.476  -76.135  4.210 0.8999999762
2949  13.131  -74.919  2.055 0.6999999881
2963  20.202  -75.269  0.613 0.8000000119
2964  19.338  -75.525  0.492 0.8999999762
2966  14.457  -76.021  0.266 0.5000000000
2976  14.262  -75.347  -0.019 0.5000000000
3022  10.613  -75.611  -3.494 0.4000000060
3036  37.952  -76.537  -6.012 0.1000000015
3050  36.209  -76.263  -6.324 0.1000000015
3072  32.054  -74.903  -8.851 0.1000000015
3086  32.397  -75.592  -12.163 0.5000000000
3090  28.545  -75.763  -11.830 0.6999999881
3106  37.991  -76.454  -14.158 0.1000000015
3111  28.731  -75.436  -12.886 0.6000000238
3116  37.315  -76.048  -14.965 0.1000000015
3117  30.921  -75.292  -14.757 0.5000000000
3124  12.559  -74.851  -14.125 0.1000000015
3143  12.521  -74.733  -17.664 0.1000000015
3144  37.086  -76.023  -19.635 0.4000000060
3148  27.359  -75.221  -18.814 0.6999999881
3149  26.569  -75.403  -18.734 0.8000000119
3150  25.568  -75.501  -19.145 0.8999999762
3153  37.385  -75.879  -20.515 0.3000000119
3156  27.104  -75.816  -19.217 0.8999999762
3158  24.607  -75.884  -20.108 0.6000000238
3159  23.940  -75.501  -20.796 0.4000000060
3163  37.071  -76.035  -21.412 0.3000000119
3165  32.268  -74.931  -20.147 0.6000000238
3169  23.607  -75.108  -21.028 0.1000000015
3172  28.638  -75.763  -21.709 0.6999999881
3173  31.369  -75.641  -22.962 0.6000000238
3265  10.777  -74.895  12.802 0.1000000015
3293  10.692  -74.823  11.189 0.1000000015
3299  28.360  -74.440  10.489 0.1000000015
3320  17.723  -74.827  7.577 0.1000000015
3321  16.999  -74.705  7.728 0.1000000015
3328  24.107  -75.027  6.086 0.3000000119
3332  19.507  -74.369  6.977 0.1000000015
3335  16.750  -74.081  7.525 0.1000000015
3343  27.690  -74.733  4.896 0.4000000060
3344  26.972  -74.498  4.753 0.5000000000
3352  13.237  -75.151  6.235 0.8999999762
3355  10.254  -74.764  6.286 0.8999999762
3370  10.188  -75.205  5.709 0.8999999762
3372  27.547  -74.567  3.524 0.5000000000
3378  10.138  -74.393  4.655 1.0000000000
3382  25.141  -74.569  1.740 0.5000000000
3387  26.012  -73.638  1.910 0.5000000000
3388  25.537  -73.915  1.575 0.5000000000
3391  21.927  -74.843  0.837 0.5000000000
3409  21.012  -74.061  -0.095 0.5000000000
3413  13.287  -73.994  0.995 0.8999999762
3428  13.005  -74.286  0.242 0.8000000119
3430  10.727  -74.121  -0.405 0.8000000119
3445  27.828  -74.416  -3.017 0.2000000030
3479  10.263  -74.370  -4.100 0.3000000119
3499  30.113  -74.761  -7.846 0.2000000030
3518  31.898  -74.120  -8.843 0.1000000015
3531  30.374  -73.884  -11.955 0.5000000000
3554  34.079  -75.334  -13.337 0.3000000119
3555  29.991  -73.840  -13.577 0.5000000000
3563  30.724  -74.644  -14.642 0.5000000000
3574  12.305  -74.586  -16.036 0.1000000015
3575  11.348  -74.416  -16.760 0.1000000015
3576  10.409  -74.005  -17.456 0.1000000015
3589  26.157  -74.087  -18.048 0.8000000119
3594  10.662  -73.822  -18.403 0.1000000015
3603  12.900  -74.347  -19.310 0.1000000015
3604  12.252  -73.849  -19.109 0.1000000015
3605  37.348  -75.500  -20.859 0.3000000119
3616  35.419  -74.610  -20.786 0.2000000030
3619  29.138  -74.323  -21.160 0.6999999881
3621  24.545  -74.267  -21.523 0.3000000119
3631  29.807  -74.962  -23.022 0.6000000238
3740  10.819  -73.915  13.188 0.1000000015
3756  10.739  -73.211  11.494 0.1000000015
3789  11.775  -73.892  9.864 0.2000000030
3796  15.134  -73.129  8.027 0.2000000030
3802  16.428  -73.549  7.515 0.2000000030
3808  18.375  -73.719  6.794 0.1000000015
3810  10.194  -73.451  6.757 0.8999999762
3811  9.765  -72.586  7.331 0.8999999762
3815  22.293  -73.685  5.092 0.3000000119
3816  21.479  -73.628  5.165 0.2000000030
3817  20.692  -73.569  5.370 0.2000000030
3820  18.332  -73.065  6.368 0.1000000015
3832  24.552  -73.354  4.208 0.4000000060
3833  23.636  -73.282  4.421 0.4000000060
3837  20.171  -73.138  4.891 0.2000000030
3849  22.188  -72.915  3.847 0.3000000119
3850  15.223  -73.426  3.572 0.8000000119
3851  14.735  -73.510  4.168 0.8999999762
3861  25.863  -73.092  1.872 0.5000000000
3865  11.226  -73.861  2.771 0.8999999762
3867  9.443  -72.932  2.386 0.8999999762
3879  16.769  -73.404  1.696 0.6999999881
3880  12.847  -73.838  1.543 0.8999999762
3882  11.134  -73.590  2.085 0.8000000119
3884  9.113  -72.456  1.476 0.8999999762
3897  25.153  -72.506  0.887 0.5000000000
3898  23.577  -72.829  0.002 0.5000000000
3900  21.712  -73.761  -0.148 0.6000000238
3901  20.276  -73.982  -0.080 0.5000000000
3903  19.080  -73.185  0.189 0.6999999881
3904  17.999  -74.124  0.759 0.8000000119
3911  22.803  -72.647  -0.378 0.5000000000
3914  9.474  -72.721  -0.165 0.8000000119
3922  10.104  -73.835  -1.246 0.8000000119
3932  9.909  -73.310  -2.045 0.8000000119
3945  10.111  -73.735  -3.612 0.4000000060
3972  9.750  -74.031  -5.703 0.1000000015
3986  29.437  -73.494  -7.312 0.2000000030
4011  34.371  -73.886  -10.216 0.1000000015
4012  33.836  -73.486  -9.860 0.1000000015
4024  31.130  -73.421  -12.032 0.5000000000
4048  40.993  -73.275  -13.488 0.1000000015
4049  38.450  -74.053  -14.740 0.1000000015
4053  30.280  -73.298  -13.146 0.4000000060
4062  39.761  -73.148  -15.636 0.1000000015
4075  11.309  -73.999  -14.615 0.1000000015
4076  10.435  -73.539  -15.250 0.1000000015
4078  37.750  -73.687  -15.825 0.1000000015
4091  26.973  -73.014  -16.758 0.8000000119
4095  10.902  -73.498  -18.332 0.2000000030
4101  27.315  -73.799  -17.401 0.8000000119
4105  14.430  -74.522  -18.440 0.1000000015
4106  12.361  -73.796  -19.259 0.3000000119
4111  28.341  -73.857  -18.186 0.6999999881
4116  14.694  -74.264  -18.949 0.1000000015
4122  25.537  -74.002  -20.091 0.6999999881
4139  29.623  -73.892  -21.945 0.5000000000
4144  30.461  -73.667  -23.222 0.4000000060
4321  11.003  -72.637  11.995 0.1000000015
4355  11.531  -73.258  10.317 0.2000000030
4381  9.622  -72.045  7.914 0.8999999762
4392  9.395  -72.407  6.953 0.8999999762
4401  18.390  -72.101  5.672 0.2000000030
4402  18.224  -72.524  6.094 0.2000000030
4406  9.346  -72.739  6.048 0.8999999762
4416  19.737  -72.543  4.583 0.2000000030
4418  14.178  -73.165  4.528 0.8999999762
4419  13.556  -72.763  4.910 0.8999999762
4421  9.402  -72.812  5.019 0.8999999762
4435  15.245  -72.759  3.187 0.8000000119
4443  25.715  -72.796  2.234 0.5000000000
4449  15.570  -72.410  2.694 0.8000000119
4451  9.361  -72.426  3.012 0.8999999762
4468  24.733  -71.988  0.545 0.5000000000
4479  9.076  -72.125  -0.732 0.8000000119
4488  9.555  -72.435  -1.666 0.6999999881
4508  28.709  -72.446  -4.631 0.2000000030
4527  9.247  -72.393  -5.238 0.2000000030
4603  9.998  -72.461  -13.148 0.1000000015
4612  31.085  -72.340  -13.087 0.4000000060
4613  30.649  -72.779  -13.337 0.3000000119
4620  10.229  -73.038  -14.253 0.1000000015
4622  39.734  -73.349  -15.122 0.1000000015
4636  39.728  -73.001  -16.060 0.1000000015
4637  39.113  -73.145  -16.232 0.1000000015
4645  10.413  -72.516  -17.846 0.3000000119
4646  9.640  -72.924  -17.844 0.1000000015
4647  33.388  -71.949  -17.006 0.1000000015
4648  32.761  -71.896  -16.365 0.2000000030
4655  13.026  -72.407  -17.179 0.6000000238
4656  12.006  -72.903  -17.351 0.4000000060
4659  33.956  -72.557  -17.474 0.1000000015
4662  28.633  -72.912  -17.126 0.8000000119
4669  35.842  -72.803  -19.172 0.1000000015
4688  16.510  -72.928  -19.717 0.1000000015
4699  16.011  -72.741  -20.683 0.1000000015
4707  29.866  -72.636  -23.067 0.2000000030
4711  18.061  -72.517  -22.759 0.2000000030
4713  15.455  -72.656  -21.783 0.2000000030
4714  14.471  -72.773  -22.313 0.4000000060
4724  18.044  -72.354  -23.830 0.2000000030
4725  17.288  -72.519  -23.642 0.2000000030
4871  13.241  -70.838  15.320 0.2000000030
4882  13.166  -71.468  15.086 0.2000000030
4901  12.240  -71.735  13.102 0.2000000030
4938  12.297  -71.528  10.825 0.2000000030
4946  13.293  -71.757  9.414 0.2000000030
4978  9.474  -71.605  7.997 0.8999999762
4990  17.456  -71.746  6.480 0.2000000030
4993  10.460  -71.507  8.008 0.8999999762
5010  19.085  -71.353  4.696 0.4000000060
5011  13.332  -71.415  4.798 0.8000000119
5014  9.382  -72.091  4.539 0.8999999762
5024  13.792  -71.533  4.104 0.8000000119
5025  9.854  -71.212  3.466 0.8999999762
5035  15.538  -71.205  2.384 0.6000000238
5042  24.222  -71.442  0.613 0.5000000000
5043  23.677  -70.992  1.261 0.5000000000
5054  19.696  -71.458  0.004 0.6999999881
5056  18.385  -71.716  0.564 0.6999999881
5062  22.848  -71.309  -0.370 0.5000000000
5064  21.033  -71.620  -0.475 0.6000000238
5065  20.265  -71.782  -0.309 0.6000000238
5066  8.852  -71.575  -0.006 0.8000000119
5083  9.652  -71.936  -2.331 0.6999999881
5086  9.563  -71.629  -3.891 0.6000000238
5091  28.912  -71.772  -4.865 0.1000000015
5184  42.061  -72.127  -13.288 0.1000000015
5189  36.415  -71.195  -11.989 0.1000000015
5201  34.812  -71.371  -13.965 0.2000000030
5202  33.713  -70.927  -13.451 0.3000000119
5204  31.906  -71.275  -13.483 0.2000000030
5210  40.127  -72.291  -15.260 0.1000000015
5213  35.653  -71.555  -14.600 0.1000000015
5215  31.468  -71.698  -14.058 0.2000000030
5216  28.409  -70.857  -14.342 0.5000000000
5219  26.182  -71.089  -14.210 0.6000000238
5248  12.982  -71.428  -15.658 0.8999999762
5274  30.476  -71.220  -17.643 0.2000000030
5283  13.559  -72.119  -18.080 0.4000000060
5284  9.192  -72.067  -19.152 0.6000000238
5287  26.460  -71.536  -18.458 0.8000000119
5320  35.727  -71.843  -22.795 0.1000000015
5324  26.069  -71.573  -23.000 0.3000000119
5329  16.746  -72.378  -24.205 0.3000000119
5341  18.327  -71.883  -24.355 0.2000000030
5344  14.991  -70.857  -24.709 0.6999999881
5497  11.354  -70.477  16.052 0.3000000119
5508  12.949  -70.232  15.368 0.3000000119
5556  12.862  -70.909  11.222 0.2000000030
5562  14.141  -70.060  9.244 0.2000000030
5586  10.254  -70.844  8.162 0.8999999762
5587  9.663  -70.885  8.216 0.8999999762
5605  11.854  -70.303  6.839 0.8000000119
5621  17.518  -70.213  5.978 0.4000000060
5623  11.738  -71.083  6.856 0.8999999762
5624  9.823  -70.365  5.717 0.8999999762
5635  18.641  -70.634  4.991 0.3000000119
5639  10.847  -69.861  3.971 0.8999999762
5658  15.143  -70.563  2.548 0.6000000238
5659  11.087  -70.009  3.132 0.8999999762
5660  10.175  -70.766  2.927 0.8999999762
5669  23.259  -70.733  0.456 0.5000000000
5672  16.299  -70.473  1.519 0.6000000238
5676  9.643  -70.921  1.289 1.0000000000
5682  22.539  -70.334  0.229 0.5000000000
5683  21.881  -70.062  0.076 0.5000000000
5687  16.391  -69.788  1.305 0.6000000238
5688  11.318  -70.031  0.722 0.8999999762
5690  9.147  -71.039  0.431 1.0000000000
5702  11.242  -70.213  -1.007 0.8999999762
5710  11.216  -70.024  -1.835 0.6999999881
5712  9.624  -71.034  -1.094 0.8000000119
5725  9.765  -70.838  -3.679 0.6999999881
5844  33.512  -70.033  -13.644 0.3000000119
5845  32.850  -69.965  -13.916 0.2000000030
5847  27.275  -70.124  -13.149 0.5000000000
5848  26.339  -70.363  -13.429 0.5000000000
5854  11.681  -70.218  -14.005 0.8999999762
5860  38.527  -70.588  -15.455 0.1000000015
5864  32.565  -70.302  -14.455 0.1000000015
5868  25.416  -70.739  -14.743 0.8000000119
5876  11.678  -70.954  -14.523 0.8000000119
5878  39.569  -71.801  -15.942 0.1000000015
5885  25.472  -70.938  -15.518 0.8999999762
5890  13.098  -70.543  -15.374 0.8999999762
5895  32.974  -70.622  -16.060 0.1000000015
5897  30.081  -70.391  -15.970 0.5000000000
5903  9.737  -71.667  -18.752 0.6000000238
5904  8.358  -71.794  -18.778 0.3000000119
5906  31.193  -69.550  -17.844 0.1000000015
5914  8.781  -71.867  -19.131 0.3000000119
5918  25.898  -70.230  -18.186 0.8999999762
5923  16.960  -70.220  -19.032 0.8000000119
5925  12.686  -70.437  -18.624 0.8999999762
5946  15.251  -69.620  -21.368 0.8999999762
5949  11.275  -69.602  -21.122 0.8999999762
5960  15.669  -69.478  -22.327 0.8000000119
5966  26.281  -69.903  -23.266 0.3000000119
5969  20.726  -70.572  -24.619 0.2000000030
5984  16.850  -70.665  -24.273 0.3000000119
6153  9.221  -69.567  16.206 0.2000000030
6161  9.743  -69.995  15.134 0.2000000030
6177  14.667  -69.210  13.051 0.3000000119
6221  14.280  -69.629  9.836 0.2000000030
6233  15.451  -69.482  7.395 0.2000000030
6235  9.600  -69.569  7.947 0.6999999881
6246  16.470  -69.135  6.380 0.3000000119
6276  13.088  -69.477  4.994 0.8000000119
6291  14.356  -69.626  3.095 0.6999999881
6301  21.807  -69.206  2.010 0.5000000000
6302  21.202  -68.674  2.614 0.5000000000
6319  15.414  -69.092  1.813 0.6000000238
6320  12.158  -68.959  1.196 1.0000000000
6325  18.331  -69.341  0.581 0.6000000238
6328  12.375  -69.010  0.495 1.0000000000
6348  12.378  -68.662  -2.443 0.8000000119
6357  10.699  -69.575  -3.423 0.8000000119
6365  9.245  -69.731  -4.631 0.8000000119
6477  26.066  -69.042  -12.476 0.5000000000
6487  38.686  -69.353  -14.326 0.1000000015
6502  12.063  -69.888  -13.743 0.8999999762
6504  11.024  -69.242  -13.719 0.8999999762
6512  33.430  -69.090  -14.738 0.1000000015
6518  12.475  -69.697  -13.934 0.8999999762
6524  29.708  -69.132  -15.573 0.2000000030
6528  10.390  -69.571  -15.781 0.8000000119
6534  30.352  -69.020  -16.800 0.1000000015
6538  12.948  -69.131  -17.280 0.8999999762
6550  17.865  -69.185  -18.158 0.8000000119
6565  16.638  -69.916  -18.900 0.8000000119
6570  32.010  -69.531  -20.088 0.2000000030
6577  18.887  -69.110  -19.846 1.0000000000
6578  18.436  -69.727  -19.740 0.8999999762
6581  14.800  -69.198  -20.579 0.8000000119
6582  11.618  -69.591  -19.745 0.8999999762
6587  26.578  -69.156  -20.447 0.8000000119
6593  14.989  -69.544  -20.805 0.8000000119
6596  11.104  -68.904  -21.097 0.8999999762
6601  27.026  -69.503  -22.008 0.4000000060
6606  11.868  -69.297  -22.347 0.8999999762
6615  21.854  -69.305  -24.541 0.1000000015
6619  15.632  -69.733  -24.398 0.8000000119
6626  29.384  -69.460  -24.397 0.1000000015
6627  29.467  -68.701  -25.074 0.1000000015
6629  21.316  -68.725  -24.645 0.3000000119
6631  20.105  -70.046  -24.691 0.4000000060
6636  30.877  -69.407  -25.415 0.1000000015
6796  8.931  -67.595  17.763 0.1000000015
6821  12.634  -69.130  14.579 0.3000000119
6822  9.181  -69.112  14.087 0.2000000030
6831  10.118  -68.797  13.193 0.2000000030
6840  15.606  -68.057  12.115 0.3000000119
6842  14.497  -68.474  13.070 0.3000000119
6844  11.989  -68.266  13.263 0.3000000119
6846  9.673  -68.452  12.911 0.2000000030
6847  9.193  -68.161  12.945 0.2000000030
6856  15.442  -68.634  11.868 0.3000000119
6896  15.522  -68.690  7.557 0.2000000030
6898  9.815  -68.895  7.638 0.6999999881
6908  8.737  -68.395  7.129 0.6999999881
6909  7.812  -67.954  6.060 0.8000000119
6919  8.747  -69.288  6.421 0.8000000119
6920  8.145  -68.579  6.132 0.8000000119
6930  17.449  -68.261  4.687 0.4000000060
6932  13.194  -68.750  4.948 0.6999999881
6933  10.932  -69.302  3.819 0.8999999762
6934  10.429  -69.160  4.342 0.8999999762
6950  19.459  -68.296  3.248 0.5000000000
6953  14.155  -68.834  3.425 0.8000000119
6954  11.314  -69.011  3.218 1.0000000000
6957  7.997  -68.306  3.208 0.8000000119
6965  20.971  -67.933  2.285 0.5000000000
6968  11.527  -68.838  2.473 1.0000000000
6969  10.732  -68.427  2.994 0.8999999762
6970  9.643  -68.435  2.943 0.8000000119
6971  8.431  -68.473  2.635 0.8000000119
6982  15.425  -68.160  1.352 0.5000000000
6984  11.809  -68.665  1.670 1.0000000000
6988  7.916  -68.040  1.437 0.8000000119
6991  21.477  -68.661  0.768 0.5000000000
6992  20.894  -68.124  0.743 0.5000000000
6993  20.137  -68.412  0.561 0.5000000000
6995  17.791  -67.986  0.575 0.6000000238
6997  8.656  -68.201  -0.199 0.8000000119
6999  8.214  -68.142  0.565 0.8000000119
7008  12.694  -68.145  -1.445 1.0000000000
7030  11.400  -68.049  -4.108 0.8000000119
7042  8.296  -69.272  -5.895 0.3000000119
7056  8.012  -68.677  -6.525 0.2000000030
7137  27.251  -68.329  -12.587 0.5000000000
7146  12.721  -68.844  -13.725 0.8999999762
7148  11.276  -68.643  -13.403 0.8999999762
7157  23.631  -68.492  -14.317 0.6999999881
7158  10.693  -68.675  -13.910 0.8999999762
7163  24.049  -69.038  -14.893 0.8000000119
7165  13.448  -68.619  -15.134 0.8999999762
7178  13.157  -68.371  -16.943 0.8000000119
7187  23.440  -68.094  -17.022 0.8000000119
7198  31.350  -68.679  -18.875 0.1000000015
7199  29.844  -68.004  -19.186 0.1000000015
7205  18.503  -68.943  -18.238 0.8000000119
7207  16.314  -69.143  -18.945 0.6999999881
7208  12.275  -68.905  -18.493 0.8000000119
7211  31.950  -68.318  -19.620 0.1000000015
7217  19.164  -68.613  -19.408 1.0000000000
7220  14.978  -68.956  -20.115 0.8000000119
7231  18.088  -68.338  -21.775 0.8000000119
7232  14.881  -68.296  -20.518 0.6999999881
7247  12.055  -67.769  -21.851 0.8000000119
7267  29.409  -68.076  -24.981 0.1000000015
7278  30.175  -68.695  -25.666 0.1000000015
7495  8.806  -67.018  17.266 0.1000000015
7531  8.846  -67.487  13.188 0.2000000030
7542  9.596  -67.189  12.200 0.2000000030
7556  10.880  -67.090  11.698 0.2000000030
7565  16.381  -66.957  10.171 0.4000000060
7576  16.265  -67.536  9.714 0.3000000119
7602  16.387  -67.356  7.642 0.2000000030
7613  17.247  -66.902  6.312 0.3000000119
7616  12.232  -67.441  6.776 0.6999999881
7618  9.866  -67.070  7.166 0.6999999881
7619  8.735  -67.377  7.022 0.6999999881
7620  8.017  -67.382  6.324 0.8000000119
7627  16.866  -67.728  6.004 0.4000000060
7630  7.719  -67.472  5.556 0.8000000119
7639  7.703  -67.649  4.617 0.8000000119
7652  7.802  -67.851  2.907 0.8000000119
7663  20.496  -67.635  1.778 0.5000000000
7664  19.510  -67.468  1.907 0.5000000000
7680  20.776  -67.719  1.155 0.5000000000
7683  17.840  -66.966  1.114 0.4000000060
7684  15.320  -67.301  1.478 0.6999999881
7686  11.595  -68.217  1.408 0.8999999762
7687  11.043  -67.868  1.466 0.8999999762
7693  17.051  -67.595  0.633 0.6000000238
7695  12.193  -67.987  0.029 1.0000000000
7698  9.609  -67.992  0.111 0.8000000119
7711  7.866  -67.475  -0.758 0.8000000119
7717  9.289  -67.431  -2.275 0.8000000119
7718  8.555  -67.555  -2.093 0.8000000119
7719  8.000  -67.409  -1.599 0.8000000119
7726  12.683  -66.960  -2.872 0.8999999762
7735  12.411  -66.891  -3.640 0.8999999762
7743  10.868  -67.372  -4.499 0.8000000119
7744  9.485  -67.708  -4.915 0.6000000238
7755  8.808  -67.198  -5.335 0.4000000060
7757  7.735  -67.093  -6.656 0.4000000060
7793  7.761  -66.573  -6.796 0.3000000119
7842  26.126  -67.591  -12.234 0.4000000060
7843  25.421  -67.691  -12.264 0.5000000000
7851  24.144  -67.680  -12.700 0.5000000000
7854  14.125  -67.091  -13.511 1.0000000000
7855  13.691  -67.692  -13.668 1.0000000000
7857  11.530  -67.887  -13.089 1.0000000000
7858  10.873  -68.051  -13.491 0.8999999762
7870  7.322  -67.595  -15.601 0.1000000015
7874  13.894  -67.826  -15.458 0.8999999762
7883  19.036  -67.687  -16.403 0.8000000119
7884  18.356  -67.680  -16.526 0.6999999881
7885  17.841  -67.589  -16.824 0.5000000000
7893  28.335  -68.180  -17.702 0.1000000015
7895  22.319  -67.168  -17.532 0.8000000119
7897  18.036  -68.129  -16.850 0.8000000119
7900  8.361  -67.971  -18.582 0.6999999881
7901  7.950  -67.627  -18.648 0.3000000119
7914  16.714  -68.311  -18.545 0.6999999881
7916  8.677  -67.129  -18.926 0.6999999881
7918  7.863  -67.081  -18.897 0.4000000060
7936  11.976  -67.242  -19.233 0.6999999881
7951  19.678  -67.595  -20.407 1.0000000000
7961  26.591  -67.943  -22.989 0.4000000060
7967  19.498  -66.940  -22.756 0.5000000000
7970  11.831  -66.778  -21.214 0.6999999881
7976  26.446  -67.326  -23.979 0.3000000119
7990  26.180  -67.601  -24.474 0.1000000015
7991  25.746  -67.523  -24.543 0.1000000015
7994  22.643  -66.540  -23.929 0.2000000030
8006  30.199  -67.158  -25.592 0.1000000015
8214  8.565  -66.494  15.986 0.2000000030
8228  8.952  -65.944  16.033 0.2000000030
8246  8.703  -66.632  13.538 0.2000000030
8251  14.338  -67.029  12.463 0.3000000119
8252  9.254  -66.303  12.231 0.2000000030
8260  15.547  -66.859  11.510 0.4000000060
8265  10.091  -66.302  11.426 0.2000000030
8277  11.219  -66.013  10.572 0.3000000119
8279  10.121  -65.667  11.145 0.3000000119
8286  16.695  -66.110  9.227 0.5000000000
8321  12.488  -66.853  6.489 0.6999999881
8335  14.169  -65.905  5.523 0.6999999881
8338  9.107  -66.511  5.804 0.8000000119
8339  7.949  -67.010  5.782 0.8000000119
8347  18.414  -65.649  4.700 0.4000000060
8350  13.866  -66.787  5.131 0.6999999881
8360  17.998  -65.906  3.247 0.4000000060
8362  14.707  -66.549  3.438 0.6999999881
8364  7.826  -67.088  3.073 0.6999999881
8388  17.180  -66.378  1.442 0.5000000000
8389  16.497  -66.496  1.188 0.5000000000
8393  17.145  -66.860  0.835 0.5000000000
8407  12.521  -66.263  -2.524 0.8000000119
8410  10.148  -67.093  -2.140 0.8000000119
8411  7.968  -66.741  -2.215 0.8000000119
8417  10.129  -66.569  -2.316 0.8000000119
8427  12.519  -66.394  -3.440 0.8999999762
8443  9.912  -66.983  -4.790 0.6999999881
8459  7.958  -66.383  -6.118 0.4000000060
8491  9.641  -66.773  -7.388 0.2000000030
8492  8.496  -66.619  -7.277 0.1000000015
8493  7.891  -66.433  -7.068 0.1000000015
8494  7.888  -65.891  -6.763 0.3000000119
8540  26.892  -66.943  -12.688 0.3000000119
8543  24.090  -65.990  -12.363 0.3000000119
8545  26.726  -66.442  -13.114 0.3000000119
8552  11.491  -66.351  -13.414 1.0000000000
8565  25.991  -65.935  -14.600 0.1000000015
8568  19.794  -66.263  -15.417 0.6000000238
8569  14.947  -66.546  -14.791 0.8000000119
8571  10.156  -66.907  -15.941 0.8999999762
8586  19.232  -66.970  -15.786 0.6000000238
8606  13.380  -66.068  -17.644 0.6000000238
8607  12.973  -66.814  -17.908 0.8000000119
8608  9.286  -66.652  -18.381 0.8000000119
8629  8.941  -66.332  -19.044 0.6999999881
8631  8.068  -66.708  -19.054 0.6999999881
8662  11.851  -66.030  -21.067 0.6999999881
8670  23.383  -64.844  -22.585 0.4000000060
8673  20.881  -66.546  -20.904 0.8999999762
8676  13.773  -66.726  -21.533 0.6000000238
8684  26.052  -66.992  -24.397 0.3000000119
8686  24.908  -65.530  -23.084 0.4000000060
8689  21.101  -66.188  -22.699 0.6000000238
8700  22.002  -65.944  -23.697 0.3000000119
8957  8.767  -65.973  13.857 0.2000000030
8970  9.175  -65.729  13.356 0.2000000030
8987  10.861  -65.349  9.902 0.3000000119
8995  15.880  -65.263  9.638 0.4000000060
8997  14.091  -65.211  9.902 0.4000000060
8998  12.052  -64.944  9.278 0.3000000119
9017  17.972  -65.399  7.836 0.4000000060
9028  18.169  -65.811  7.131 0.4000000060
9030  11.361  -66.375  6.436 0.6999999881
9042  11.915  -65.765  5.878 0.6999999881
9049  18.544  -64.945  4.625 0.5000000000
9062  17.833  -65.142  3.176 0.4000000060
9067  8.914  -65.429  2.503 0.6999999881
9076  16.875  -65.143  2.313 0.6000000238
9077  15.672  -65.811  2.135 0.6000000238
9093  15.943  -66.234  1.499 0.5000000000
9107  12.297  -65.563  -2.232 0.8999999762
9109  9.887  -65.826  -2.181 0.8999999762
9112  7.660  -66.040  -1.734 0.6999999881
9117  12.513  -65.316  -3.069 0.8000000119
9118  9.220  -66.461  -2.621 0.6999999881
9119  8.476  -66.339  -2.567 0.8000000119
9127  12.089  -65.060  -3.801 0.8000000119
9165  7.983  -65.154  -6.794 0.2000000030
9218  25.173  -65.539  -12.293 0.3000000119
9227  15.559  -65.099  -13.787 0.8000000119
9228  15.145  -65.511  -13.239 0.8000000119
9231  11.889  -65.585  -13.311 0.8999999762
9279  14.842  -65.373  -16.219 0.6000000238
9280  9.892  -66.115  -17.525 0.8000000119
9292  18.200  -65.627  -17.500 0.4000000060
9295  13.802  -65.282  -17.500 0.5000000000
9297  9.613  -65.625  -18.304 0.8999999762
9298  7.588  -65.499  -18.263 0.4000000060
9305  17.758  -66.096  -18.889 0.6000000238
9309  8.512  -65.970  -19.163 0.6999999881
9313  30.439  -65.422  -19.342 0.1000000015
9321  18.144  -65.346  -21.396 0.6000000238
9323  12.084  -65.179  -21.159 0.6999999881
9327  17.896  -65.246  -22.167 0.6000000238
9329  13.321  -64.779  -22.024 0.6000000238
9332  24.677  -65.826  -23.566 0.2000000030
9333  24.373  -65.001  -23.266 0.2000000030
9334  23.742  -64.779  -23.278 0.2000000030
9338  14.318  -65.297  -22.337 0.6000000238
9343  23.357  -64.989  -23.754 0.2000000030
9355  30.947  -65.312  -24.183 0.1000000015
9607  11.148  -64.252  14.173 0.1000000015
9621  10.079  -65.123  12.307 0.3000000119
9641  16.832  -64.787  8.799 0.5000000000
9643  15.325  -64.616  9.303 0.6000000238
9658  10.963  -64.380  8.966 0.3000000119
9665  18.495  -64.447  6.808 0.4000000060
9666  17.922  -64.410  7.669 0.4000000060
9683  18.595  -64.461  5.195 0.4000000060
9687  14.375  -64.528  5.491 0.6000000238
9696  18.310  -64.429  4.592 0.5000000000
9698  16.817  -63.821  4.329 0.6000000238
9700  13.945  -63.866  4.920 0.6000000238
9702  11.238  -64.934  3.752 0.6000000238
9711  17.633  -64.578  3.490 0.6000000238
9717  10.149  -64.608  2.399 0.6999999881
9727  16.489  -64.763  2.840 0.6000000238
9728  11.358  -63.774  2.429 0.6999999881
9750  7.462  -64.818  -0.855 0.6999999881
9757  11.829  -64.500  -1.409 0.8999999762
9770  12.414  -64.998  -2.415 0.8999999762
9796  11.202  -65.030  -4.420 0.6999999881
9811  7.626  -64.692  -5.468 0.5000000000
9812  7.436  -64.274  -5.743 0.4000000060
9823  9.715  -64.492  -6.792 0.1000000015
9825  7.591  -64.538  -6.231 0.4000000060
9881  25.016  -64.888  -12.390 0.3000000119
9882  24.263  -64.656  -12.524 0.3000000119
9899  23.462  -64.501  -12.871 0.3000000119
9900  15.143  -64.690  -13.138 0.6000000238
9902  13.392  -65.096  -12.686 0.8000000119
9918  15.527  -64.654  -14.355 0.6000000238
9936  15.292  -64.789  -15.832 0.5000000000
9948  19.370  -64.874  -16.111 0.4000000060
9951  6.857  -64.335  -16.528 0.1000000015
9969  8.306  -65.107  -19.115 0.6999999881
9980  13.466  -64.014  -19.093 0.5000000000
9981  12.880  -64.607  -19.650 0.5000000000
9982  8.798  -64.370  -19.387 0.6000000238
9992  12.646  -64.556  -20.622 0.5000000000
9998  19.337  -64.480  -21.747 0.4000000060
9999  18.582  -64.902  -22.185 0.6000000238
10003  12.841  -64.515  -21.394 0.4000000060
10011  16.884  -64.543  -22.729 0.6000000238
10013  14.797  -64.578  -22.335 0.5000000000
10318  7.327  -63.233  8.909 0.3000000119
10329  11.482  -62.985  8.223 0.4000000060
10330  11.223  -63.372  8.770 0.4000000060
10340  13.985  -62.712  7.367 0.6000000238
10350  18.282  -63.764  6.277 0.5000000000
10351  17.412  -63.255  6.488 0.5000000000
10352  16.361  -62.752  6.241 0.6000000238
10354  7.713  -63.424  7.257 0.6000000238
10355  7.660  -63.312  6.407 0.6000000238
10369  15.760  -62.797  5.272 0.6000000238
10370  15.044  -62.745  4.803 0.6000000238
10380  18.153  -63.910  5.010 0.6000000238
10382  14.323  -62.883  4.221 0.6000000238
10395  13.668  -62.382  3.509 0.6000000238
10396  13.014  -62.923  2.820 0.6000000238
10408  12.379  -62.955  2.531 0.6000000238
10409  10.925  -63.524  2.195 0.6999999881
10410  9.224  -64.037  1.973 0.6999999881
10411  8.163  -64.134  1.991 0.6999999881
10412  7.494  -63.469  1.881 0.6999999881
10424  7.006  -62.712  0.441 0.6999999881
10432  7.625  -62.882  -0.709 0.6999999881
10446  12.200  -63.884  -1.442 0.8000000119
10449  8.457  -64.123  -1.242 0.6999999881
10489  8.035  -63.512  -4.683 0.5000000000
10490  7.441  -63.121  -5.045 0.5000000000
10511  10.080  -63.755  -6.430 0.1000000015
10513  7.823  -63.772  -6.231 0.2000000030
10554  14.215  -63.386  -11.450 0.5000000000
10556  12.649  -63.307  -11.413 0.6000000238
10563  13.153  -64.002  -11.928 0.6999999881
10565  11.523  -63.259  -12.477 0.8999999762
10572  23.337  -63.841  -13.362 0.2000000030
10573  14.956  -63.725  -12.921 0.6000000238
10575  10.995  -63.106  -13.899 0.8999999762
10581  23.424  -63.320  -13.988 0.2000000030
10612  21.037  -62.940  -15.899 0.3000000119
10613  20.360  -63.516  -16.304 0.4000000060
10614  19.736  -64.036  -16.705 0.4000000060
10615  14.760  -63.619  -16.574 0.5000000000
10628  25.863  -63.186  -17.315 0.1000000015
10630  24.602  -63.263  -17.224 0.1000000015
10635  14.290  -63.584  -17.826 0.6000000238
10636  10.011  -63.651  -19.061 0.8000000119
10638  7.587  -63.876  -17.946 0.4000000060
10667  13.942  -63.639  -19.432 0.5000000000
10669  8.794  -63.663  -19.358 0.6999999881
10670  9.178  -62.993  -19.367 0.6999999881
10701  30.856  -63.689  -21.634 0.1000000015
10702  20.366  -63.395  -21.895 0.3000000119
10707  13.561  -64.057  -21.056 0.4000000060
10719  31.060  -63.677  -22.487 0.1000000015
10722  18.817  -63.634  -23.113 0.5000000000
10723  17.386  -63.959  -22.979 0.5000000000
10725  16.040  -64.249  -22.376 0.5000000000
10726  15.214  -63.947  -22.106 0.5000000000
10965  13.390  -62.471  14.689 0.1000000015
10966  12.652  -62.599  14.418 0.1000000015
10985  11.580  -62.700  13.168 0.1000000015
11027  10.882  -62.455  10.292 0.3000000119
11029  8.736  -61.536  10.859 0.2000000030
11042  9.852  -62.040  9.456 0.4000000060
11043  8.694  -62.547  9.195 0.4000000060
11044  7.688  -62.837  9.477 0.4000000060
11051  9.626  -62.226  8.687 0.4000000060
11053  7.079  -63.048  8.591 0.5000000000
11066  7.260  -63.128  7.649 0.5000000000
11079  15.125  -61.912  5.862 0.6000000238
11081  12.904  -61.951  6.192 0.6000000238
11083  10.339  -61.988  6.858 0.4000000060
11103  7.783  -63.134  5.559 0.6000000238
11124  13.138  -62.267  2.997 0.6000000238
11125  12.385  -62.417  2.672 0.6000000238
11139  7.193  -62.648  2.139 0.6999999881
11163  12.041  -62.444  -0.913 0.8000000119
11164  11.616  -62.504  -0.487 0.8999999762
11179  8.507  -63.212  -0.914 0.6999999881
11190  11.834  -62.236  -1.751 0.8000000119
11191  11.258  -62.345  -2.661 0.8000000119
11204  8.858  -62.418  -3.742 0.8000000119
11221  7.593  -62.813  -5.261 0.5000000000
11251  8.119  -63.092  -6.124 0.2000000030
11281  17.080  -62.484  -10.816 0.3000000119
11282  16.323  -62.572  -10.630 0.3000000119
11283  15.652  -62.836  -10.713 0.4000000060
11286  12.720  -62.216  -10.533 0.5000000000
11287  12.011  -62.076  -10.763 0.6000000238
11297  13.107  -62.847  -10.792 0.5000000000
11299  11.621  -62.293  -11.267 0.6000000238
11309  17.373  -62.578  -11.543 0.3000000119
11310  16.551  -62.648  -11.871 0.4000000060
11327  11.142  -62.929  -13.143 0.8999999762
11343  14.688  -62.243  -14.590 0.5000000000
11360  22.281  -62.465  -15.160 0.1000000015
11377  22.184  -62.116  -15.896 0.1000000015
11378  21.619  -62.161  -16.471 0.1000000015
11381  13.934  -62.031  -17.451 0.5000000000
11397  23.977  -62.724  -17.239 0.1000000015
11417  14.306  -62.341  -18.547 0.6000000238
11418  10.288  -62.582  -18.987 1.0000000000
11420  8.906  -62.302  -19.304 0.6000000238
11432  23.795  -61.673  -19.209 0.1000000015
11444  21.419  -62.268  -20.625 0.4000000060
11446  15.240  -62.507  -20.216 0.4000000060
11447  14.834  -62.732  -19.826 0.4000000060
11448  14.128  -63.674  -20.213 0.4000000060
11455  20.713  -62.686  -22.255 0.3000000119
11456  16.961  -62.519  -21.827 0.5000000000
11457  15.460  -62.736  -20.936 0.4000000060
11460  20.367  -62.487  -22.649 0.3000000119
11461  19.634  -62.942  -23.055 0.4000000060
11464  17.160  -63.212  -22.536 0.5000000000
11705  14.843  -61.745  14.329 0.1000000015
11750  10.618  -60.947  11.743 0.1000000015
11752  8.386  -60.390  11.763 0.2000000030
11769  7.975  -60.935  11.578 0.2000000030
11779  8.049  -61.311  11.220 0.2000000030
11794  6.999  -62.238  9.024 0.3000000119
11815  12.390  -61.508  4.544 0.6000000238
11816  7.427  -61.570  5.583 0.6000000238
11824  13.861  -61.848  3.836 0.6000000238
11825  13.111  -61.605  3.710 0.6000000238
11836  11.972  -61.901  3.057 0.6000000238
11837  7.326  -61.617  3.286 0.6999999881
11849  7.404  -61.322  0.707 0.6999999881
11863  8.973  -61.141  0.238 0.6999999881
11880  11.452  -61.742  0.026 0.8999999762
11908  10.881  -61.779  -2.570 0.8999999762
11919  13.479  -61.592  -3.425 0.1000000015
11951  8.701  -61.688  -5.727 0.3000000119
11953  7.564  -60.917  -4.898 0.4000000060
11995  13.298  -61.736  -10.420 0.6000000238
12009  17.683  -62.180  -10.740 0.3000000119
12017  19.547  -61.543  -12.780 0.1000000015
12021  11.066  -61.820  -11.892 0.6999999881
12022  10.460  -61.467  -13.123 0.8999999762
12042  14.928  -61.509  -14.433 0.4000000060
12071  7.863  -60.890  -17.401 0.6999999881
12100  22.342  -61.300  -18.155 0.1000000015
12102  14.115  -61.412  -18.379 0.5000000000
12104  9.855  -61.092  -19.130 0.8000000119
12105  9.255  -60.910  -19.020 0.6999999881
12118  14.692  -61.732  -19.143 0.5000000000
12125  26.308  -61.150  -21.378 0.1000000015
12127  24.706  -61.621  -20.923 0.1000000015
12132  17.112  -61.633  -20.652 0.4000000060
12133  16.364  -61.775  -20.254 0.4000000060
12137  26.104  -60.944  -22.207 0.2000000030
12143  19.465  -61.649  -22.027 0.4000000060
12147  16.007  -62.211  -20.665 0.4000000060
12148  22.265  -60.941  -21.616 0.2000000030
12475  14.758  -60.739  13.233 0.1000000015
12478  11.997  -60.994  12.853 0.1000000015
12503  13.225  -60.650  12.442 0.1000000015
12505  10.132  -60.425  11.697 0.2000000030
12515  7.716  -60.664  11.378 0.2000000030
12549  7.462  -60.406  6.750 0.5000000000
12587  11.255  -59.935  1.344 0.8000000119
12589  8.872  -59.979  2.139 0.6999999881
12604  11.479  -60.207  0.596 0.8999999762
12627  11.638  -60.786  -0.624 0.8000000119
12638  9.664  -60.557  -2.358 0.8000000119
12639  7.446  -60.246  -3.506 0.6999999881
12666  11.246  -60.295  -4.762 0.1000000015
12667  9.623  -60.393  -5.263 0.3000000119
12669  7.466  -60.556  -4.629 0.5000000000
12683  9.291  -60.949  -5.528 0.2000000030
12684  8.682  -60.414  -5.347 0.3000000119
12685  7.760  -60.547  -5.177 0.4000000060
12686  7.498  -60.374  -4.854 0.4000000060
12711  20.656  -60.512  -10.077 0.1000000015
12717  20.122  -60.852  -10.577 0.1000000015
12721  14.081  -61.305  -10.527 0.6000000238
12739  15.732  -60.264  -10.838 0.4000000060
12742  12.515  -60.525  -11.457 0.6000000238
12751  20.518  -60.631  -12.863 0.1000000015
12754  10.647  -61.018  -12.478 0.8999999762
12767  20.051  -60.857  -13.474 0.1000000015
12768  18.413  -61.203  -14.007 0.1000000015
12769  17.354  -61.116  -14.096 0.3000000119
12771  10.792  -60.105  -13.088 0.8999999762
12787  14.968  -60.925  -14.991 0.4000000060
12788  10.510  -60.336  -15.434 0.8999999762
12801  15.849  -60.002  -15.485 0.3000000119
12802  15.173  -60.348  -15.683 0.3000000119
12804  7.321  -60.941  -15.111 0.2000000030
12817  14.561  -60.110  -16.443 0.4000000060
12821  7.509  -60.710  -16.264 0.5000000000
12830  13.837  -60.456  -17.972 0.5000000000
12831  10.447  -60.120  -18.257 1.0000000000
12832  8.364  -60.275  -18.009 0.8000000119
12839  10.082  -60.411  -18.708 1.0000000000
12850  15.284  -60.660  -18.962 0.5000000000
12855  20.219  -60.352  -20.693 0.2000000030
12858  17.468  -61.292  -19.983 0.4000000060
12860  15.839  -61.318  -19.549 0.5000000000
12861  26.552  -60.593  -21.920 0.2000000030
12862  25.476  -61.022  -22.318 0.2000000030
12864  23.705  -60.707  -21.670 0.2000000030
12867  19.789  -60.979  -21.400 0.2000000030
12869  26.327  -60.310  -22.410 0.2000000030
12871  25.267  -60.372  -22.596 0.2000000030
12876  26.077  -60.034  -22.703 0.2000000030
12877  25.728  -59.979  -22.723 0.2000000030
13258  14.871  -59.996  11.525 0.1000000015
13264  8.816  -59.982  11.946 0.2000000030
13273  13.391  -59.762  10.697 0.1000000015
13275  11.254  -59.435  11.474 0.1000000015
13276  9.851  -59.045  11.454 0.2000000030
13287  7.481  -59.741  10.999 0.2000000030
13330  8.199  -59.389  4.213 0.6999999881
13331  7.694  -59.751  4.529 0.6999999881
13341  10.982  -59.194  2.814 0.8000000119
13368  11.375  -59.267  1.845 0.8000000119
13370  9.821  -59.957  2.167 0.8000000119
13392  11.535  -59.724  0.224 0.8999999762
13409  9.979  -59.679  -1.445 0.8999999762
13411  7.103  -58.993  -2.391 0.6000000238
13448  7.329  -59.889  -4.012 0.5000000000
13478  7.562  -60.031  -5.006 0.4000000060
13484  20.310  -59.398  -7.073 0.1000000015
13492  20.917  -59.779  -7.553 0.1000000015
13527  17.880  -59.907  -10.459 0.3000000119
13528  17.161  -59.509  -10.631 0.3000000119
13550  14.407  -59.544  -11.685 0.6000000238
13551  13.635  -59.618  -11.954 0.6000000238
13568  21.143  -59.702  -12.700 0.1000000015
13571  13.292  -59.062  -12.594 0.6999999881
13572  12.382  -59.359  -12.667 0.6999999881
13573  11.552  -59.703  -12.758 0.8000000119
13584  20.165  -59.691  -14.465 0.1000000015
13586  10.914  -59.567  -14.036 0.8999999762
13603  10.608  -59.912  -14.756 0.8999999762
13621  7.768  -59.302  -15.915 0.6000000238
13631  14.160  -59.658  -17.136 0.4000000060
13634  8.229  -59.346  -16.889 0.6999999881
13643  13.855  -59.654  -17.908 0.5000000000
13645  9.940  -59.084  -18.090 0.8999999762
13650  18.461  -59.326  -18.610 0.3000000119
13660  26.907  -59.693  -19.971 0.1000000015
13661  20.325  -59.333  -19.559 0.2000000030
13664  17.173  -60.078  -18.778 0.4000000060
13666  14.697  -59.775  -18.837 0.5000000000
13667  13.948  -60.205  -18.850 0.5000000000
13669  26.979  -59.657  -20.981 0.1000000015
13670  21.137  -59.003  -20.699 0.2000000030
13672  26.724  -59.726  -21.918 0.2000000030
13673  21.028  -59.946  -21.060 0.2000000030
13674  25.974  -59.397  -22.713 0.2000000030
14066  7.862  -58.243  11.405 0.3000000119
14074  14.000  -58.318  9.795 0.1000000015
14076  11.397  -58.147  9.985 0.1000000015
14108  7.928  -58.172  6.119 0.6000000238
14119  10.469  -58.251  5.483 0.6999999881
14134  10.819  -58.493  4.573 0.6999999881
14135  10.025  -58.926  4.956 0.6999999881
14148  11.155  -58.652  3.167 0.6999999881
14149  10.922  -58.891  3.682 0.6999999881
14192  6.813  -58.149  -1.065 0.6000000238
14202  12.689  -57.303  -2.163 0.1000000015
14216  11.726  -57.839  -3.205 0.1000000015
14254  7.838  -58.827  -4.372 0.4000000060
14255  7.387  -59.396  -4.084 0.5000000000
14261  20.992  -58.463  -5.799 0.1000000015
14262  20.084  -58.269  -5.895 0.1000000015
14288  22.039  -59.004  -7.756 0.1000000015
14304  19.154  -59.443  -7.999 0.2000000030
14305  18.606  -59.314  -8.630 0.2000000030
14307  16.679  -57.954  -9.152 0.3000000119
14315  17.928  -59.095  -9.442 0.2000000030
14397  17.405  -58.161  -15.713 0.3000000119
14419  8.803  -58.609  -17.500 0.8000000119
14430  13.655  -59.002  -18.411 0.4000000060
14433  9.408  -58.290  -17.767 1.0000000000
14441  19.122  -58.871  -18.674 0.2000000030
14444  15.298  -58.046  -18.681 0.3000000119
14452  20.355  -58.724  -19.504 0.2000000030
14453  19.775  -58.314  -19.079 0.2000000030
14454  14.228  -59.023  -19.093 0.5000000000
14455  26.581  -58.853  -21.528 0.1000000015
14458  20.690  -58.350  -20.244 0.2000000030
14460  25.905  -58.059  -22.055 0.2000000030
14461  25.082  -57.427  -21.947 0.2000000030
14462  22.285  -57.830  -21.762 0.2000000030
14463  21.656  -58.491  -21.592 0.2000000030
14465  25.834  -58.571  -22.637 0.2000000030
14860  7.635  -57.270  11.332 0.4000000060
14870  11.189  -57.238  9.710 0.2000000030
14872  9.496  -56.798  10.658 0.4000000060
14915  9.986  -57.042  6.550 0.6000000238
14917  7.420  -57.457  7.160 0.5000000000
14952  10.876  -57.765  3.562 0.8000000119
14953  10.240  -57.295  3.262 0.8999999762
14976  11.159  -58.120  2.325 0.8000000119
14981  6.680  -57.318  0.164 0.8999999762
14993  8.133  -57.750  0.457 0.8999999762
15001  9.887  -58.059  0.102 0.8999999762
15003  7.273  -57.948  -0.142 0.8000000119
15044  10.181  -57.677  -3.640 0.2000000030
15046  7.764  -57.690  -3.464 0.3000000119
15058  23.095  -57.160  -4.713 0.1000000015
15059  22.197  -57.099  -4.664 0.1000000015
15060  21.437  -57.362  -4.871 0.1000000015
15075  24.134  -57.152  -5.222 0.1000000015
15077  22.045  -57.826  -5.126 0.1000000015
15082  17.927  -56.954  -5.703 0.1000000015
15098  18.353  -57.593  -6.199 0.1000000015
15100  16.912  -56.992  -6.690 0.2000000030
15120  18.013  -57.780  -6.830 0.2000000030
15122  16.657  -57.231  -7.406 0.2000000030
15152  16.300  -58.230  -10.401 0.4000000060
15153  14.824  -57.456  -11.543 0.4000000060
15162  15.996  -58.365  -10.896 0.4000000060
15163  15.460  -58.044  -11.316 0.4000000060
15180  19.871  -57.610  -13.002 0.1000000015
15183  13.673  -57.659  -12.868 0.6000000238
15224  18.799  -57.583  -14.778 0.2000000030
15227  7.742  -57.511  -14.477 0.5000000000
15245  18.205  -57.948  -15.412 0.2000000030
15248  15.759  -57.457  -16.152 0.3000000119
15249  11.811  -57.588  -15.750 1.0000000000
15251  7.752  -57.032  -16.206 0.6999999881
15267  14.790  -56.798  -16.615 0.3000000119
15268  14.261  -57.048  -17.278 0.3000000119
15269  11.339  -57.296  -16.570 1.0000000000
15270  10.658  -56.885  -17.382 1.0000000000
15284  14.264  -57.489  -17.853 0.3000000119
15287  8.782  -57.558  -17.820 0.8000000119
15293  23.415  -57.684  -18.724 0.1000000015
15298  15.358  -57.242  -18.513 0.3000000119
15299  14.296  -58.053  -18.426 0.4000000060
15305  23.166  -56.863  -19.387 0.1000000015
15307  19.567  -57.433  -19.381 0.2000000030
15312  25.432  -57.710  -21.448 0.2000000030
15323  23.570  -57.079  -21.338 0.2000000030
15326  21.178  -56.850  -21.201 0.2000000030
15730  12.641  -55.774  10.682 0.3000000119
15732  7.727  -56.598  11.718 0.4000000060
15743  10.137  -56.107  10.629 0.4000000060
15745  6.968  -56.252  10.812 0.5000000000
15756  21.169  -56.037  8.049 0.1000000015
15814  10.378  -56.790  5.520 0.6000000238
15815  10.205  -56.651  4.798 0.8000000119
15851  6.044  -55.850  1.593 0.6999999881
15878  6.051  -56.301  0.331 0.6999999881
15890  6.599  -56.188  -0.835 0.4000000060
15900  10.196  -56.011  -2.082 0.1000000015
15901  9.015  -56.050  -2.038 0.2000000030
15912  8.260  -56.597  -2.551 0.2000000030
15913  7.239  -56.790  -2.379 0.4000000060
15922  23.464  -56.567  -4.586 0.1000000015
15924  20.343  -56.449  -4.786 0.1000000015
15925  19.715  -56.704  -4.997 0.1000000015
15932  19.071  -56.811  -5.207 0.1000000015
15935  16.773  -56.176  -5.641 0.1000000015
15944  17.153  -56.712  -5.882 0.2000000030
15946  15.761  -56.288  -6.435 0.1000000015
15965  15.476  -56.529  -7.087 0.2000000030
15985  15.177  -56.624  -7.861 0.2000000030
16001  14.934  -56.704  -8.897 0.2000000030
16002  13.900  -56.191  -9.913 0.4000000060
16049  8.172  -56.867  -13.089 0.3000000119
16069  12.902  -56.840  -13.805 0.8000000119
16071  7.901  -56.987  -13.913 0.3000000119
16086  18.361  -56.709  -14.534 0.1000000015
16087  17.822  -56.003  -13.971 0.1000000015
16101  17.750  -56.198  -15.131 0.1000000015
16119  16.126  -55.994  -16.168 0.1000000015
16124  9.891  -55.928  -17.588 1.0000000000
16125  8.468  -56.433  -17.147 1.0000000000
16126  8.244  -56.018  -16.314 1.0000000000
16158  18.201  -56.821  -18.758 0.2000000030
16162  14.655  -57.048  -18.155 0.3000000119
16172  23.215  -56.442  -20.020 0.1000000015
16175  18.884  -56.071  -19.310 0.2000000030
16191  20.234  -55.922  -20.495 0.2000000030
16594  16.547  -55.344  12.390 0.2000000030
16613  13.932  -55.540  11.644 0.4000000060
16614  11.927  -54.943  10.969 0.5000000000
16615  8.142  -55.343  12.271 0.5000000000
16616  7.433  -55.879  12.107 0.4000000060
16635  6.946  -55.400  9.777 0.5000000000
16639  21.375  -55.144  8.415 0.1000000015
16641  7.479  -54.714  8.957 0.6000000238
16710  7.313  -55.178  4.625 0.8999999762
16726  6.741  -55.432  3.746 0.8999999762
16727  5.962  -54.921  3.252 0.8999999762
16745  6.374  -55.563  3.004 0.8999999762
16784  7.446  -54.783  -0.098 0.2000000030
16785  6.458  -55.324  0.099 0.4000000060
16786  5.967  -55.863  0.272 0.6999999881
16823  23.867  -55.874  -4.588 0.1000000015
16827  19.757  -56.021  -4.873 0.1000000015
16849  15.419  -55.726  -6.290 0.1000000015
16850  14.674  -55.692  -6.595 0.2000000030
16861  13.397  -55.183  -6.993 0.2000000030
16882  14.111  -56.166  -8.905 0.4000000060
16920  9.003  -55.741  -11.400 0.1000000015
16924  13.069  -56.183  -12.226 0.5000000000
16926  8.456  -54.993  -13.319 0.8999999762
16940  8.023  -56.242  -13.982 0.5000000000
16973  17.129  -55.672  -15.264 0.1000000015
16976  11.997  -55.396  -15.606 0.8999999762
16977  11.413  -55.533  -16.384 1.0000000000
16979  8.242  -55.574  -15.442 1.0000000000
16991  14.405  -55.280  -17.154 0.1000000015
16994  9.589  -55.513  -16.904 1.0000000000
16995  8.917  -55.349  -16.032 1.0000000000
17026  20.619  -54.511  -18.649 0.1000000015
17029  14.299  -55.153  -18.133 0.2000000030
17040  21.922  -55.491  -19.236 0.1000000015
17043  18.574  -55.084  -19.366 0.2000000030
17055  22.220  -55.451  -20.073 0.1000000015
17057  21.144  -55.202  -20.459 0.2000000030
17058  20.378  -55.038  -20.227 0.2000000030
17496  18.585  -54.695  12.112 0.1000000015
17502  12.674  -55.040  11.282 0.5000000000
17517  18.889  -54.082  11.445 0.1000000015
17522  7.239  -54.014  11.726 0.6000000238
17529  20.124  -54.150  10.013 0.1000000015
17549  8.718  -54.426  7.488 0.6999999881
17553  22.275  -54.584  6.150 0.1000000015
17571  7.487  -53.996  5.906 0.8999999762
17627  5.683  -54.192  3.565 0.8999999762
17650  9.519  -54.055  2.194 0.1000000015
17652  5.774  -54.386  2.806 0.5000000000
17662  9.214  -54.314  1.475 0.1000000015
17663  8.169  -54.161  1.313 0.2000000030
17677  8.786  -54.434  0.854 0.1000000015
17678  7.810  -54.443  0.616 0.3000000119
17679  6.705  -54.750  0.611 0.5000000000
17720  22.587  -55.014  -4.861 0.1000000015
17721  22.013  -55.365  -4.753 0.1000000015
17733  24.877  -54.337  -5.043 0.1000000015
17734  22.823  -54.420  -5.228 0.1000000015
17737  18.563  -55.116  -5.652 0.1000000015
17755  16.371  -54.796  -6.093 0.1000000015
17765  17.432  -54.299  -7.196 0.1000000015
17767  15.688  -54.667  -6.334 0.1000000015
17768  12.972  -54.463  -7.054 0.2000000030
17776  12.240  -54.795  -8.304 0.2000000030
17785  11.582  -53.762  -8.872 0.3000000119
17786  8.311  -54.606  -9.666 0.1000000015
17828  16.328  -54.221  -13.258 0.1000000015
17844  16.240  -54.581  -14.361 0.1000000015
17847  8.420  -54.194  -14.486 1.0000000000
17866  16.091  -54.686  -15.289 0.1000000015
17871  9.388  -54.541  -15.553 1.0000000000
17890  10.828  -55.021  -16.716 1.0000000000
17891  10.214  -54.928  -16.567 1.0000000000
17902  19.985  -54.328  -17.755 0.1000000015
17904  14.841  -54.213  -17.566 0.1000000015
17905  14.234  -54.828  -17.738 0.1000000015
17918  19.567  -53.618  -18.625 0.1000000015
17919  16.673  -54.729  -18.700 0.2000000030
17932  21.096  -54.794  -20.048 0.2000000030
17942  20.419  -54.431  -19.651 0.1000000015
18368  16.483  -53.852  12.093 0.3000000119
18390  15.042  -53.229  11.774 0.5000000000
18408  19.620  -53.612  10.315 0.1000000015
18413  10.861  -53.875  10.922 0.6000000238
18414  8.760  -53.408  11.496 0.6000000238
18416  7.153  -53.247  11.147 0.6000000238
18422  20.641  -53.676  9.397 0.1000000015
18424  12.183  -53.211  10.343 0.5000000000
18426  10.482  -53.085  10.449 0.6000000238
18428  7.000  -52.711  10.489 0.6000000238
18433  21.588  -53.819  8.376 0.1000000015
18447  23.299  -53.044  6.330 0.2000000030
18454  7.152  -52.764  7.266 0.8999999762
18459  22.805  -53.953  5.728 0.2000000030
18476  9.676  -52.688  4.263 0.1000000015
18498  6.018  -53.244  2.739 0.4000000060
18499  5.658  -53.690  3.079 0.5000000000
18549  26.241  -52.974  1.881 0.2000000030
18553  6.329  -54.039  1.834 0.3000000119
18626  28.229  -52.681  -5.983 0.1000000015
18632  23.073  -53.725  -5.645 0.1000000015
18639  24.112  -53.003  -5.887 0.1000000015
18640  23.369  -53.146  -6.125 0.1000000015
18652  20.595  -53.352  -7.423 0.1000000015
18658  11.816  -53.449  -7.488 0.3000000119
18668  17.713  -53.403  -8.528 0.1000000015
18671  13.598  -53.448  -7.103 0.1000000015
18673  7.839  -53.404  -8.415 0.3000000119
18679  11.789  -53.752  -9.740 0.4000000060
18686  12.251  -53.472  -10.658 0.4000000060
18688  8.665  -53.661  -10.656 0.6000000238
18695  12.593  -53.018  -11.702 0.8000000119
18696  8.600  -53.482  -11.577 0.6000000238
18720  12.441  -53.834  -14.064 0.8999999762
18721  8.004  -53.051  -13.485 0.8999999762
18724  15.611  -53.387  -14.417 0.1000000015
18725  12.028  -53.696  -14.818 0.8999999762
18726  11.542  -52.975  -14.968 0.8999999762
18791  17.727  -53.321  -18.435 0.1000000015
18802  19.087  -53.512  -18.918 0.1000000015
19280  16.368  -52.279  11.687 0.4000000060
19281  15.424  -52.449  11.639 0.6000000238
19301  18.762  -52.688  10.842 0.3000000119
19302  14.401  -51.911  11.004 0.8000000119
19303  13.808  -52.345  10.864 0.5000000000
19304  13.029  -52.945  10.665 0.5000000000
19321  12.416  -52.426  9.987 0.8000000119
19323  10.010  -52.358  9.931 0.6999999881
19326  6.888  -51.853  9.945 0.6000000238
19335  20.816  -52.272  8.754 0.1000000015
19353  23.688  -52.267  6.226 0.2000000030
19362  24.493  -52.366  4.657 0.1000000015
19368  5.848  -51.685  5.603 0.6999999881
19385  28.379  -52.484  3.638 0.1000000015
19387  24.723  -52.666  3.695 0.1000000015
19396  8.527  -52.370  3.783 0.2000000030
19399  5.785  -53.118  3.263 0.5000000000
19433  27.395  -52.751  1.680 0.3000000119
19435  26.032  -52.291  1.774 0.2000000030
19460  27.228  -52.224  1.197 0.5000000000
19509  7.322  -52.134  -2.529 0.1000000015
19540  27.445  -52.700  -5.581 0.1000000015
19545  7.017  -51.561  -4.746 0.2000000030
19550  25.226  -52.151  -6.003 0.1000000015
19554  7.625  -52.670  -6.047 0.2000000030
19562  21.037  -52.788  -7.896 0.1000000015
19572  21.456  -52.152  -8.339 0.1000000015
19577  17.260  -53.106  -8.955 0.1000000015
19582  11.640  -52.681  -7.688 0.3000000119
19651  15.485  -52.559  -15.671 0.1000000015
19652  11.009  -53.099  -15.329 1.0000000000
19653  10.476  -53.032  -15.204 1.0000000000
19654  9.809  -52.998  -15.006 1.0000000000
19660  17.149  -51.746  -16.847 0.1000000015
19682  17.367  -52.749  -17.883 0.1000000015
19683  16.734  -52.852  -17.725 0.1000000015
20131  17.595  -51.779  11.301 0.4000000060
20153  17.909  -50.954  11.043 0.4000000060
20180  8.097  -51.370  9.782 0.6999999881
20201  7.635  -50.958  9.116 0.6999999881
20218  6.550  -51.072  7.960 0.8999999762
20219  6.228  -50.671  6.901 0.8000000119
20223  23.403  -51.809  6.552 0.3000000119
20248  24.820  -51.163  4.744 0.2000000030
20254  6.459  -50.652  3.550 0.4000000060
20255  5.948  -50.824  4.158 0.6000000238
20355  7.240  -51.252  -1.532 0.2000000030
20358  26.971  -52.528  -2.645 0.1000000015
20365  7.066  -51.390  -2.222 0.4000000060
20403  28.441  -51.948  -6.071 0.1000000015
20422  24.709  -51.769  -6.714 0.1000000015
20423  7.277  -50.759  -6.183 0.6999999881
20431  25.012  -51.202  -7.237 0.1000000015
20435  7.540  -51.690  -7.533 0.5000000000
20446  11.449  -51.498  -8.631 0.4000000060
20453  22.449  -51.022  -9.250 0.1000000015
20460  15.071  -51.772  -10.282 0.2000000030
20467  16.587  -51.343  -10.868 0.2000000030
20468  15.582  -51.164  -10.887 0.2000000030
20476  8.170  -51.619  -11.749 0.8999999762
20479  12.631  -51.014  -12.878 0.8999999762
20480  7.991  -51.805  -12.578 1.0000000000
20497  12.326  -51.369  -13.575 0.8999999762
20501  8.225  -51.725  -13.382 1.0000000000
20511  11.944  -51.707  -14.154 0.8999999762
20515  8.687  -52.106  -14.049 1.0000000000
21014  16.227  -50.760  11.160 0.4000000060
21024  19.278  -50.468  10.033 0.5000000000
21025  18.505  -50.512  10.556 0.5000000000
21027  16.594  -50.245  11.072 0.4000000060
21028  15.828  -50.312  10.943 0.4000000060
21029  14.986  -50.487  10.743 0.6999999881
21044  14.436  -49.878  10.350 0.6999999881
21046  12.624  -50.492  9.635 0.8000000119
21069  20.642  -50.191  8.756 0.3000000119
21095  8.165  -49.969  7.521 0.8000000119
21114  23.348  -51.019  6.145 0.3000000119
21122  12.327  -50.552  6.609 0.1000000015
21125  5.891  -50.374  5.888 0.6999999881
21134  23.325  -50.196  5.848 0.3000000119
21138  6.002  -50.374  4.793 0.6000000238
21142  24.837  -50.294  4.407 0.3000000119
21147  6.863  -49.828  3.109 0.3000000119
21153  25.598  -50.116  2.962 0.6000000238
21236  13.758  -50.060  -1.730 0.6000000238
21237  12.850  -50.229  -1.678 0.8999999762
21240  7.080  -50.560  -0.955 0.2000000030
21258  13.388  -50.396  -1.981 0.8000000119
21259  12.438  -50.514  -2.010 0.8999999762
21260  11.413  -50.577  -2.205 0.8999999762
21277  15.559  -50.200  -3.317 0.4000000060
21283  7.234  -49.674  -4.119 0.8000000119
21284  7.011  -50.421  -3.822 0.6999999881
21316  7.223  -50.163  -5.181 0.6999999881
21332  17.622  -50.593  -6.117 0.3000000119
21349  7.576  -50.372  -7.413 0.8000000119
21371  22.791  -50.451  -9.329 0.1000000015
21385  17.979  -50.237  -11.364 0.2000000030
21386  17.072  -50.545  -11.228 0.2000000030
21394  16.589  -49.823  -11.300 0.2000000030
21398  8.227  -50.742  -11.685 1.0000000000
21402  9.085  -49.987  -13.117 1.0000000000
22054  19.538  -49.526  9.722 0.5000000000
22056  18.102  -48.690  10.185 0.6000000238
22057  16.744  -49.055  10.354 0.6000000238
22062  12.096  -49.713  9.253 0.8000000119
22075  20.708  -49.284  8.726 0.3000000119
22079  10.800  -49.749  8.208 0.8999999762
22095  11.506  -48.370  7.935 0.8999999762
22098  8.043  -49.323  6.621 0.6999999881
22118  21.994  -48.661  6.825 0.3000000119
22122  16.082  -49.416  6.666 0.1000000015
22124  13.716  -49.601  6.665 0.1000000015
22126  12.041  -49.930  6.255 0.1000000015
22129  7.807  -48.639  5.401 0.6000000238
22146  29.991  -49.037  5.682 0.1000000015
22156  11.438  -49.744  5.495 0.1000000015
22157  10.547  -49.833  4.752 0.1000000015
22158  7.367  -48.554  3.934 0.5000000000
22171  24.284  -49.033  4.769 0.4000000060
22175  9.672  -48.760  2.966 0.2000000030
22177  7.692  -48.762  2.980 0.3000000119
22186  25.013  -49.488  3.910 0.4000000060
22194  25.702  -49.557  2.459 0.6000000238
22202  26.036  -49.788  1.561 0.6000000238
22284  14.612  -49.814  -1.954 0.4000000060
22305  13.625  -50.273  -3.168 0.6999999881
22306  12.695  -50.148  -3.334 0.8999999762
22307  11.749  -50.247  -3.526 0.8999999762
22308  10.991  -50.530  -3.939 0.8999999762
22309  8.377  -49.286  -3.527 0.8999999762
22311  7.269  -49.579  -3.858 0.8000000119
22315  30.654  -49.786  -4.162 0.1000000015
22323  17.659  -49.903  -4.486 0.3000000119
22365  27.071  -49.919  -6.758 0.1000000015
22366  20.213  -48.889  -6.841 0.1000000015
22374  7.521  -50.238  -6.209 0.8999999762
22445  16.435  -49.041  -11.055 0.2000000030
22447  15.025  -49.007  -10.418 0.2000000030
22449  8.289  -49.229  -9.897 1.0000000000
22452  17.308  -49.130  -11.375 0.2000000030
22458  12.421  -49.518  -12.978 0.8999999762
22460  10.471  -48.500  -13.195 0.8999999762
22461  9.754  -49.239  -13.077 1.0000000000
23082  18.375  -47.705  9.432 0.6000000238
23085  15.345  -48.513  9.662 0.6999999881
23097  20.612  -48.382  8.677 0.4000000060
23101  15.857  -48.026  9.115 0.8000000119
23114  30.315  -48.518  7.133 0.1000000015
23138  15.664  -48.647  6.308 0.1000000015
23142  10.216  -48.087  6.512 0.8000000119
23190  24.130  -47.575  4.983 0.4000000060
23198  8.794  -47.652  4.123 0.6000000238
23216  9.187  -47.584  3.740 0.5000000000
23228  9.691  -47.425  3.551 0.4000000060
23283  11.384  -48.842  -1.539 0.8999999762
23351  11.667  -48.100  -5.215 0.8999999762
23353  9.863  -49.623  -6.334 0.8999999762
23354  7.605  -49.922  -5.016 0.8999999762
23393  8.648  -48.788  -7.867 1.0000000000
23433  18.167  -48.566  -10.300 0.2000000030
23441  8.269  -48.191  -10.067 1.0000000000
23470  10.924  -47.827  -13.177 0.8999999762
24065  19.644  -47.103  8.947 0.4000000060
24067  17.256  -47.463  8.730 0.6999999881
24070  14.503  -47.292  8.643 0.8999999762
24077  21.434  -47.350  7.380 0.4000000060
24084  13.245  -46.832  7.845 0.8000000119
24093  21.812  -46.830  6.702 0.5000000000
24095  12.063  -46.653  6.518 0.8000000119
24113  13.989  -47.767  4.764 0.1000000015
24114  10.738  -46.782  4.751 0.6000000238
24136  14.753  -47.153  3.760 0.1000000015
24138  12.344  -47.668  3.209 0.1000000015
24139  10.790  -46.807  3.566 0.5000000000
24163  11.925  -47.009  2.892 0.2000000030
24164  11.030  -47.171  2.935 0.5000000000
24166  9.673  -47.276  3.769 0.5000000000
24176  25.111  -47.309  2.348 0.8000000119
24179  18.738  -47.045  2.040 0.1000000015
24199  20.998  -47.010  1.189 0.2000000030
24200  20.608  -46.766  1.071 0.1000000015
24229  26.625  -46.835  -1.350 0.4000000060
24233  13.255  -47.944  -1.876 0.8000000119
24253  15.347  -48.550  -2.416 0.4000000060
24255  13.848  -47.583  -2.330 0.5000000000
24271  16.432  -48.260  -3.405 0.3000000119
24318  9.503  -46.933  -7.175 0.8999999762
24340  11.702  -46.790  -6.927 0.8999999762
24374  11.936  -46.509  -8.855 0.6999999881
24375  8.415  -47.085  -9.726 0.8999999762
24414  10.516  -47.362  -12.422 0.8999999762
25010  20.650  -46.052  7.772 0.6000000238
25013  17.281  -46.261  7.738 0.6000000238
25014  15.546  -46.422  7.506 0.8000000119
25022  21.463  -45.709  6.322 0.6000000238
25033  12.990  -45.550  5.453 0.8000000119
25045  23.287  -45.951  4.702 0.6999999881
25058  24.372  -46.225  2.923 0.8000000119
25062  15.938  -46.086  2.259 0.1000000015
25063  15.023  -45.838  2.452 0.4000000060
25090  24.676  -45.945  1.042 0.8999999762
25093  18.255  -46.527  1.528 0.3000000119
25094  18.019  -45.918  1.445 0.4000000060
25103  21.778  -46.407  0.715 0.4000000060
25104  21.190  -46.761  0.945 0.4000000060
25164  33.377  -46.388  -4.599 0.5000000000
25196  13.813  -45.967  -4.068 0.5000000000
25205  17.759  -46.677  -5.770 0.2000000030
25229  10.554  -46.266  -7.727 0.8999999762
25230  9.526  -46.212  -7.763 0.8999999762
25263  10.420  -45.912  -9.811 0.8999999762
25264  9.168  -45.909  -9.368 0.8999999762
25265  8.718  -46.258  -9.519 0.8999999762
25280  10.199  -45.948  -10.549 0.8999999762
25294  10.084  -46.249  -11.231 0.8999999762
25892  18.521  -45.295  7.378 0.6999999881
25897  20.646  -45.202  6.500 0.6000000238
25902  16.127  -45.423  6.661 0.8000000119
25909  21.258  -45.384  5.752 0.8000000119
25924  13.255  -44.975  3.359 0.5000000000
25940  14.494  -45.274  2.579 0.4000000060
25941  13.476  -45.373  2.614 0.4000000060
25942  12.795  -45.530  2.895 0.5000000000
25953  22.915  -45.091  2.418 0.6999999881
25956  17.166  -45.572  1.901 0.4000000060
25957  15.820  -45.021  2.636 0.4000000060
25966  23.018  -45.309  1.504 0.6000000238
25968  20.665  -45.836  1.424 0.5000000000
25975  22.941  -45.564  0.725 0.6000000238
25976  21.698  -45.918  0.958 0.6000000238
25978  20.388  -46.355  1.190 0.4000000060
25987  14.597  -45.343  -0.333 0.1000000015
26010  33.731  -45.669  -3.359 0.6000000238
26045  29.222  -44.924  -4.639 0.2000000030
26064  32.560  -45.185  -5.314 0.3000000119
26067  14.008  -45.238  -5.164 0.4000000060
26108  9.847  -45.882  -9.206 0.8999999762
26174  13.700  -45.229  -12.418 0.4000000060
26711  17.188  -44.558  6.098 0.6999999881
26719  20.155  -44.800  5.191 0.6999999881
26720  19.307  -44.607  5.348 0.6999999881
26724  15.417  -44.551  4.746 0.5000000000
26729  21.195  -45.021  4.328 0.6999999881
26734  16.824  -44.444  4.492 0.6000000238
26748  15.868  -44.731  3.135 0.5000000000
26761  22.186  -44.999  2.828 0.6999999881
26765  18.401  -44.982  2.357 0.5000000000
26767  16.553  -44.920  2.608 0.5000000000
26779  20.666  -45.564  1.749 0.5000000000
26791  14.132  -44.802  -0.339 0.1000000015
26840  6.456  -44.378  -3.251 1.0000000000
26849  34.209  -44.088  -5.158 0.4000000060
26887  11.692  -43.676  -5.550 0.5000000000
26946  13.140  -43.532  -9.214 0.3000000119
26947  12.899  -43.787  -10.083 0.3000000119
26973  12.844  -44.648  -11.420 0.4000000060
26991  17.759  -44.785  -13.634 0.2000000030
27581  34.673  -43.244  -4.323 0.5000000000
27589  6.914  -43.251  -3.310 1.0000000000
27645  12.990  -43.693  -6.810 0.3000000119
27750  17.747  -43.855  -14.731 0.2000000030
27751  17.094  -43.635  -14.789 0.2000000030
28314  29.143  -43.144  4.464 0.3000000119
28346  33.798  -42.245  -0.706 0.6999999881
28354  14.679  -42.557  -2.665 0.1000000015
28403  32.966  -43.045  -5.677 0.6000000238
28437  8.911  -42.953  -7.922 1.0000000000
28526  16.373  -42.562  -14.197 0.2000000030
28536  19.224  -42.119  -14.405 0.2000000030
28537  18.522  -42.545  -14.593 0.1000000015
28538  16.597  -43.105  -14.593 0.2000000030
28552  17.708  -42.580  -14.890 0.1000000015
29122  34.191  -41.543  -0.929 0.8000000119
29124  34.729  -41.527  -2.359 0.6999999881
29221  17.042  -41.478  -7.193 0.1000000015
29222  9.006  -41.813  -8.606 0.6999999881
29223  8.508  -41.731  -8.056 1.0000000000
29232  10.101  -41.542  -8.993 0.6000000238
29270  13.766  -40.845  -11.359 0.6999999881
29857  25.402  -40.283  6.507 0.1000000015
29941  35.039  -40.815  -4.409 0.8000000119
29965  12.799  -40.222  -5.304 0.3000000119
29976  16.235  -41.310  -7.031 0.1000000015
29998  19.145  -41.038  -7.817 0.1000000015
30001  16.520  -40.880  -7.711 0.1000000015
30014  22.072  -40.689  -8.815 0.2000000030
30018  18.694  -40.532  -8.279 0.3000000119
30020  17.089  -40.468  -8.324 0.3000000119
30035  12.099  -41.038  -9.969 0.5000000000
30106  17.236  -41.513  -14.349 0.2000000030
30798  26.342  -39.673  3.647 0.4000000060
30837  34.858  -39.983  -4.412 0.8000000119
30868  13.279  -39.839  -5.745 0.2000000030
30920  16.079  -39.623  -8.881 0.4000000060
30959  13.156  -39.894  -10.928 0.6999999881
30961  11.724  -39.713  -10.108 0.8000000119
31776  22.569  -38.115  5.493 0.1000000015
31844  33.127  -38.301  -0.363 1.0000000000
31889  10.757  -38.516  -5.884 0.6000000238
31966  11.111  -37.525  -10.250 0.8000000119
32924  30.853  -37.431  0.741 0.6000000238
32943  33.117  -37.953  -1.003 1.0000000000
32959  32.259  -37.436  -2.098 0.8999999762
33077  15.254  -37.489  -11.232 0.8000000119
33078  15.023  -36.914  -10.971 0.4000000060
33080  11.129  -36.918  -11.033 0.8000000119
33099  12.972  -36.180  -11.994 0.6999999881
33988  31.830  -36.653  0.103 0.6999999881
34025  32.141  -37.108  -0.938 0.6999999881
34068  31.942  -36.204  -4.570 0.6999999881
34096  12.428  -35.319  -8.394 0.6000000238
34105  14.145  -35.823  -9.825 0.4000000060
34120  10.968  -36.032  -11.392 0.8000000119
34137  13.267  -35.188  -12.240 0.6000000238
34155  13.182  -34.406  -12.146 0.6000000238
34983  29.329  -35.638  0.105 0.6000000238
34986  25.936  -35.168  0.324 0.3000000119
35039  30.292  -36.458  -2.059 0.6000000238
35113  13.008  -34.883  -8.824 0.6000000238
35115  11.882  -35.202  -8.840 0.5000000000
35139  11.529  -34.072  -11.777 0.6000000238
35156  12.450  -33.809  -12.609 0.6000000238
36025  28.485  -34.451  -3.137 0.4000000060
36115  11.750  -34.258  -11.175 0.5000000000
36125  12.662  -33.886  -11.092 0.5000000000
36126  12.135  -33.809  -11.394 0.6000000238
36137  12.961  -33.846  -11.596 0.5000000000
36138  12.882  -33.790  -11.820 0.6000000238
37015  12.508  -33.729  -11.574 0.6000000238
112091  25.670  -81.818  -15.962 0.3000000119
112093  24.680  -81.622  -15.815 0.3000000119
112095  26.681  -80.006  -15.515 0.3000000119
112096  27.428  -79.497  -15.761 0.3000000119
112098  28.230  -79.629  -16.048 0.4000000060
112116  31.896  -76.471  -22.994 0.6999999881
112117  32.169  -75.448  -19.475 0.6999999881
112119  35.766  -77.123  -19.612 0.5000000000
112120  33.123  -76.328  -18.922 0.8999999762
112123  36.309  -76.304  -20.872 0.3000000119
112617  26.608  -80.108  -18.983 0.3000000119
112624  27.279  -77.794  -16.800 0.3000000119
112657  32.224  -77.879  -23.490 0.8000000119
112689  28.334  -80.586  -19.215 0.4000000060
112705  25.682  -79.040  -18.405 0.1000000015
112725  26.188  -81.318  -19.528 0.2000000030
112751  31.459  -78.295  -23.279 0.8000000119
112779  28.931  -79.950  -16.307 0.5000000000
112787  32.188  -78.341  -21.858 0.8000000119
112870  24.825  -82.195  -16.027 0.3000000119
112911  28.563  -81.017  -16.076 0.4000000060
112949  32.270  -77.066  -22.441 0.8000000119
112974  28.682  -78.054  -16.725 0.4000000060
113013  36.279  -76.545  -20.194 0.4000000060
113019  29.599  -78.319  -19.140 0.8000000119
113025  36.855  -76.185  -20.974 0.3000000119
113027  24.448  -82.021  -16.051 0.3000000119
113307  7.772  -57.716  -15.404 0.6000000238
113311  14.735  -63.033  -15.200 0.5000000000
113334  24.528  -80.514  -0.051 0.6000000238
113335  24.780  -34.335  -3.051 0.2000000030
113479  13.527  -74.511  1.379 0.6999999881
113497  39.758  -70.814  -14.910 0.1000000015
113519  7.682  -64.953  0.516 0.6999999881
113610  14.792  -81.010  -0.486 0.1000000015
113977  9.822  -67.531  -1.653 0.8000000119
113996  18.747  -41.539  -14.985 0.1000000015
113999  29.084  -78.667  11.046 0.5000000000
114074  14.027  -61.932  -18.045 0.6000000238
114201  19.741  -54.519  -6.255 0.1000000015
114213  21.131  -86.144  -4.739 0.5000000000
114215  8.880  -69.118  7.180 0.6999999881
114225  23.526  -60.996  -21.233 0.2000000030
114240  11.036  -46.163  -8.572 0.8999999762
114280  33.776  -41.170  -0.455 0.8999999762
114305  10.898  -66.923  7.027 0.6999999881
114405  24.877  -77.942  11.604 0.2000000030
114766  10.968  -64.158  -15.209 0.8999999762
114772  22.047  -56.168  -4.549 0.1000000015
114795  18.405  -72.322  -21.228 0.1000000015
114809  12.694  -67.674  -2.124 1.0000000000
114920  8.124  -51.008  -9.798 0.8999999762
115006  10.539  -63.090  -6.035 0.1000000015
115031  34.400  -76.850  7.771 0.2000000030
115134  23.410  -84.123  -13.697 0.5000000000
115205  9.417  -72.761  -6.137 0.2000000030
115208  18.237  -86.221  -1.785 0.1000000015
115212  27.572  -80.874  -16.182 0.4000000060
115234  10.862  -63.226  -17.296 1.0000000000
115261  10.870  -71.102  -16.139 0.8000000119
115280  22.882  -78.949  -17.381 0.2000000030
115284  7.616  -67.066  -18.393 0.3000000119
115312  13.935  -44.810  4.361 0.6000000238
115423  25.790  -83.308  6.463 0.8000000119
115502  10.531  -74.986  -3.744 0.3000000119
115523  10.390  -48.787  7.160 0.6999999881
115613  17.322  -73.857  1.248 0.8000000119
115726  19.376  -84.450  -2.671 0.1000000015
115777  22.390  -59.908  -21.969 0.2000000030
115908  20.712  -87.178  6.021 0.6999999881
115960  19.539  -87.184  -1.862 0.3000000119
115991  15.683  -83.131  0.751 0.1000000015
116024  18.696  -79.139  6.621 1.0000000000
116026  8.523  -71.822  -16.652 0.1000000015
116124  12.770  -65.815  10.357 0.4000000060
116177  30.068  -78.664  -2.456 0.2000000030
116208  11.801  -36.143  -12.324 0.6999999881
116513  12.219  -63.117  -1.425 0.8000000119
116552  23.159  -77.332  4.123 0.6999999881
116584  33.100  -78.015  -5.573 0.1000000015
116595  18.057  -64.024  -23.188 0.5000000000
116615  11.922  -56.521  9.903 0.2000000030
116675  31.190  -79.066  -20.571 0.8999999762
116719  9.329  -72.757  -7.107 0.1000000015
116773  17.041  -68.599  0.744 0.6000000238
116914  22.218  -45.863  0.636 0.6000000238
116961  10.645  -57.301  5.018 0.6999999881
117069  10.331  -67.983  -4.557 0.6999999881
117134  7.570  -60.608  3.155 0.6999999881
117250  28.652  -76.732  -11.239 0.6999999881
117293  7.815  -66.411  1.341 0.8000000119
117299  24.901  -84.792  -6.257 0.8000000119
117306  27.396  -84.233  -3.797 0.8999999762
117423  32.174  -79.395  -15.105 0.8999999762
117442  27.274  -77.863  0.757 0.3000000119
117461  28.076  -71.625  -14.831 0.5000000000
117518  7.027  -53.594  9.915 0.6000000238
117525  17.426  -69.195  -18.217 0.8000000119
117547  18.224  -87.093  0.056 0.2000000030
117609  27.000  -84.120  -10.213 0.8999999762
117624  15.781  -65.140  2.881 0.6000000238
117644  28.619  -75.379  5.460 0.5000000000
117654  16.830  -83.231  13.205 0.8999999762
117700  26.630  -78.545  -12.160 0.8999999762
117810  16.623  -53.881  -18.379 0.1000000015
117832  11.565  -67.954  -19.658 0.8000000119
117851  10.589  -76.842  -5.351 0.1000000015
117867  7.213  -62.723  -0.255 0.6999999881
117905  25.541  -84.789  -7.625 0.6999999881
118046  10.921  -63.585  -16.429 1.0000000000
118130  13.971  -70.162  13.526 0.2000000030
118163  20.411  -59.206  -14.138 0.1000000015
118183  11.762  -77.648  2.357 0.8000000119
118185  12.126  -61.845  6.050 0.6000000238
118214  21.588  -85.646  -7.036 0.5000000000
118234  17.057  -68.289  -17.949 0.6999999881
118243  19.760  -82.822  4.280 0.1000000015
118288  24.395  -57.242  -21.529 0.2000000030
118314  23.755  -74.340  0.974 0.5000000000
118359  16.523  -79.743  6.084 1.0000000000
118387  13.491  -48.027  -5.855 0.6999999881
118400  14.629  -79.461  4.548 1.0000000000
118440  10.837  -45.397  -3.655 0.8000000119
118518  7.762  -67.758  3.675 0.8000000119
118608  15.098  -49.627  -10.864 0.2000000030
118687  12.210  -69.308  -13.574 0.8999999762
118750  10.775  -55.529  10.629 0.4000000060
118755  13.867  -52.846  -7.897 0.1000000015
118762  29.952  -83.187  -8.185 0.8000000119
118786  20.159  -76.360  1.362 0.8999999762
118832  31.386  -77.969  -14.814 0.8000000119
118885  30.173  -78.402  13.565 0.3000000119
118939  21.810  -53.019  7.998 0.2000000030
119139  10.799  -64.901  -6.716 0.1000000015
119165  25.622  -77.906  11.401 0.3000000119
119263  25.044  -82.581  -10.277 0.6000000238
119281  33.769  -77.793  9.809 0.3000000119
119300  26.558  -75.962  -3.863 0.2000000030
119304  20.341  -60.202  -8.617 0.1000000015
119309  31.134  -36.643  0.369 0.6999999881
119328  15.653  -45.974  -12.782 0.2000000030
119449  27.746  -78.742  12.237 0.3000000119
119527  38.340  -74.439  -15.335 0.1000000015
119546  8.757  -55.609  -12.361 0.1000000015
119580  14.682  -69.257  10.475 0.2000000030
119621  31.527  -69.904  -18.893 0.2000000030
119646  22.825  -51.358  -8.791 0.1000000015
119651  23.136  -85.256  -10.438 0.5000000000
119683  19.132  -55.609  -5.242 0.1000000015
119693  17.007  -76.415  10.406 0.1000000015
119703  14.455  -82.348  8.148 0.1000000015
119725  26.777  -69.930  -22.682 0.3000000119
119751  31.335  -80.452  -16.333 0.8999999762
119813  7.392  -60.110  9.063 0.4000000060
119906  25.068  -64.444  -13.637 0.1000000015
119919  33.476  -77.490  10.713 0.2000000030
119931  17.935  -82.167  7.273 0.1000000015
119948  22.827  -80.322  10.089 0.8000000119
119968  20.132  -83.477  3.646 0.1000000015
120059  7.502  -58.936  -13.901 0.1000000015
120063  15.455  -55.818  -18.478 0.2000000030
120083  23.648  -78.502  -16.544 0.1000000015
120111  33.717  -76.988  -12.698 0.4000000060
120150  17.601  -57.598  -18.585 0.2000000030
120201  10.240  -63.698  2.049 0.6999999881
120277  31.511  -79.377  10.211 0.5000000000
120304  31.998  -82.107  0.733 0.3000000119
120327  16.096  -60.493  -14.848 0.4000000060
120500  17.909  -70.176  0.737 0.6000000238
120775  6.964  -50.641  -4.687 0.6999999881
120910  12.975  -68.094  -13.379 1.0000000000
120918  9.333  -61.575  -19.297 0.6999999881
120961  10.705  -64.211  11.199 0.3000000119
121059  26.272  -80.637  -9.708 0.6000000238
121169  19.477  -71.928  4.438 0.3000000119
121369  32.569  -74.796  -16.198 0.5000000000
121449  12.725  -55.365  -13.193 0.8999999762
121579  14.316  -80.163  11.189 0.8999999762
121601  16.140  -79.689  3.406 1.0000000000
121681  20.887  -87.057  0.755 0.5000000000
121734  21.238  -82.755  -2.919 0.1000000015
121739  18.040  -82.325  4.620 0.1000000015
121758  11.626  -68.041  7.104 0.6999999881
121815  21.996  -72.962  -0.479 0.5000000000
121875  22.205  -55.819  -20.584 0.2000000030
121981  13.247  -69.408  -15.399 0.8999999762
122105  8.379  -66.690  5.426 0.8000000119
122130  10.611  -73.596  1.125 0.8000000119
122446  11.362  -69.720  2.324 1.0000000000
122460  10.740  -58.248  0.363 0.8999999762
122514  19.452  -55.031  -5.648 0.1000000015
122526  6.867  -55.814  10.239 0.5000000000
122714  15.117  -53.800  -16.855 0.1000000015
122797  7.429  -50.359  -6.573 0.6999999881
122959  10.390  -76.097  -5.816 0.1000000015
123095  10.090  -74.534  -4.977 0.1000000015
123209  8.414  -49.921  -11.609 1.0000000000
123258  13.409  -79.302  8.081 0.6999999881
123278  26.897  -82.945  -2.904 0.6999999881
123339  20.122  -61.253  -12.214 0.2000000030
123342  8.132  -57.114  -17.272 0.8000000119
123378  9.234  -66.841  12.264 0.2000000030
123437  26.328  -84.971  -5.057 0.8999999762
123443  23.928  -55.964  4.636 0.2000000030
123505  10.342  -63.936  -17.989 1.0000000000
123538  34.981  -71.452  -18.595 0.1000000015
123770  35.102  -79.392  -10.846 0.3000000119
123886  21.737  -85.154  -11.030 0.4000000060
123889  21.575  -81.096  -2.026 0.1000000015
123974  14.638  -54.012  11.863 0.3000000119
124153  23.197  -81.183  12.723 1.0000000000
124182  11.223  -46.961  -12.148 0.8999999762
124362  16.673  -82.758  12.677 0.6999999881
124449  19.917  -84.460  3.758 0.1000000015
124467  30.255  -73.950  -14.224 0.5000000000
124571  12.047  -79.281  2.448 0.3000000119
124686  30.245  -77.846  8.966 0.5000000000
124702  18.635  -82.324  6.111 0.1000000015
124705  27.711  -82.933  -4.440 0.6999999881
124757  21.669  -79.218  -15.404 0.1000000015
124760  10.037  -70.832  -2.884 0.6999999881
124779  22.194  -85.446  -8.220 0.5000000000
124833  12.737  -41.101  -4.405 0.3000000119
124834  19.005  -80.984  12.440 0.8999999762
124846  18.209  -70.941  0.644 0.6000000238
124866  16.758  -82.231  8.190 0.1000000015
124955  21.763  -59.151  -7.184 0.1000000015
124966  31.715  -82.049  3.595 0.4000000060
125065  21.429  -86.103  8.761 0.8000000119
125089  17.910  -87.254  3.161 0.3000000119
125157  23.508  -84.891  -11.512 0.5000000000
125167  24.344  -63.494  -15.901 0.1000000015
125183  28.235  -79.585  6.549 0.5000000000
125196  10.356  -75.344  -5.188 0.2000000030
125257  33.373  -76.588  10.122 0.2000000030
125374  15.383  -53.412  -16.172 0.1000000015
125393  15.587  -68.346  9.320 0.2000000030
125394  10.262  -59.957  -5.036 0.1000000015
125412  17.411  -87.409  5.525 0.6000000238
125423  21.492  -44.911  2.971 0.6000000238
125465  11.614  -63.210  -5.671 0.1000000015
125524  34.230  -78.602  -17.477 0.8000000119
125526  9.550  -70.229  8.116 0.6999999881
125629  19.477  -85.216  -9.170 0.1000000015
125638  19.203  -54.404  -19.487 0.2000000030
125639  16.384  -79.554  9.727 0.8999999762
125655  12.364  -64.362  -2.045 0.8000000119
125691  14.205  -60.798  -16.498 0.5000000000
125713  13.510  -54.119  -6.826 0.1000000015
125716  12.762  -75.533  -1.028 0.6000000238
125745  7.205  -55.742  9.058 0.5000000000
125785  17.842  -85.658  5.917 0.2000000030
125846  13.206  -53.648  11.211 0.5000000000
125873  13.980  -72.944  -20.722 0.2000000030
125876  20.400  -80.449  10.135 0.8999999762
125901  14.247  -44.305  -13.070 0.2000000030
125962  19.022  -53.855  -19.249 0.2000000030
126012  9.957  -50.724  -3.237 0.8999999762
126034  25.383  -76.269  -19.620 0.6000000238
126049  26.968  -83.942  6.799 0.8000000119
126054  7.680  -58.959  11.317 0.3000000119
126090  8.371  -48.964  -10.656 1.0000000000
126164  16.950  -51.792  11.528 0.5000000000
126334  18.396  -76.744  11.135 0.1000000015
126350  10.633  -60.589  -17.708 1.0000000000
126425  16.417  -80.966  12.609 0.8999999762
126525  12.709  -68.223  -2.018 1.0000000000
126537  20.329  -65.614  -15.098 0.6000000238
126548  11.464  -58.891  1.189 0.8999999762
126589  6.915  -52.501  9.538 0.6000000238
126725  25.239  -53.705  -5.235 0.1000000015
126729  11.651  -78.326  -3.852 0.2000000030
126737  12.634  -68.525  -0.847 1.0000000000
126766  13.564  -81.769  4.983 0.2000000030
126789  29.534  -83.162  -6.910 0.6999999881
126798  14.588  -50.261  -2.946 0.6000000238
126954  12.547  -71.361  -22.618 0.6999999881
126967  28.232  -82.649  2.357 0.6000000238
127003  11.389  -51.469  -9.440 0.6999999881
127104  12.014  -51.145  9.356 0.8000000119
127171  8.038  -60.682  11.710 0.2000000030
127330  12.016  -70.690  -20.195 0.8999999762
127378  24.073  -63.508  -14.193 0.1000000015
127435  33.937  -77.768  9.184 0.2000000030
127466  17.883  -69.349  -21.253 0.8999999762
127481  17.606  -76.417  9.203 0.1000000015
127487  28.132  -76.094  7.476 0.5000000000
127543  26.281  -66.908  -12.367 0.3000000119
127558  18.073  -44.796  3.479 0.5000000000
127568  12.181  -53.055  -14.328 0.8999999762
127594  25.238  -79.209  7.427 0.6000000238
127644  15.398  -64.748  4.616 0.6999999881
127680  26.633  -61.062  -18.920 0.1000000015
127728  11.392  -76.289  12.675 0.1000000015
127762  7.694  -65.317  -1.471 0.6999999881
127772  30.185  -79.249  12.214 0.3000000119
127841  11.195  -51.049  6.201 0.1000000015
127937  9.299  -72.292  5.394 0.8999999762
127969  19.168  -75.297  7.997 0.1000000015
127973  8.141  -60.270  1.864 0.6999999881
128008  7.516  -60.480  4.355 0.6000000238
128016  17.522  -49.036  10.441 0.5000000000
128033  12.164  -74.506  9.484 0.1000000015
128079  8.238  -68.395  1.904 0.8000000119
128255  26.228  -78.406  -17.764 0.1000000015
128268  27.357  -79.095  -18.599 0.2000000030
128276  25.336  -80.179  -19.434 0.3000000119
128277  24.402  -81.233  -20.857 0.6000000238
128286  26.562  -77.840  -16.500 0.2000000030
128461  14.787  -62.880  7.555 0.6000000238
128475  13.847  -45.249  5.605 0.8000000119
128480  21.044  -84.174  -13.547 0.3000000119
128500  23.768  -46.043  4.114 0.6999999881
128531  26.746  -77.961  -15.949 0.3000000119
128552  14.451  -60.828  -18.836 0.5000000000
128629  26.549  -80.808  -15.844 0.3000000119
128665  15.638  -83.216  4.085 0.1000000015
128718  27.756  -81.610  -15.643 0.4000000060
129006  15.692  -39.917  -8.354 0.3000000119
129026  21.220  -83.410  -13.608 0.1000000015
129035  26.324  -59.678  -22.477 0.2000000030
129047  9.842  -61.623  -2.915 0.8000000119
129063  11.500  -78.391  -6.167 0.1000000015
129071  23.175  -68.028  -14.719 0.6999999881
129137  13.654  -43.819  -12.759 0.2000000030
129190  27.266  -79.079  -21.881 0.8999999762
129302  15.133  -63.040  -12.162 0.5000000000
129366  9.944  -65.238  -4.783 0.6000000238
129463  13.279  -47.757  8.994 0.8999999762
129470  7.527  -59.285  6.637 0.6000000238
129487  12.211  -70.682  -22.612 0.8000000119
129541  19.816  -68.946  3.560 0.4000000060
129606  8.952  -68.213  17.820 0.2000000030
129653  28.908  -70.977  -5.918 0.1000000015
129664  21.934  -85.856  8.766 0.8000000119
129727  23.349  -85.168  -4.406 0.5000000000
129763  10.826  -73.698  6.859 0.8999999762
129783  13.822  -77.758  0.612 0.3000000119
129890  24.857  -65.687  -22.514 0.4000000060
129904  13.837  -35.305  -10.583 0.4000000060
129915  15.833  -55.196  -18.565 0.2000000030
129994  18.668  -46.350  8.407 0.6000000238
130036  31.653  -79.353  -7.926 0.3000000119
130073  29.040  -68.715  -15.775 0.1000000015
130197  9.288  -53.354  -14.830 1.0000000000
130218  14.072  -45.025  -12.893 0.2000000030
130251  8.077  -52.438  -13.596 1.0000000000
130256  10.523  -74.529  -2.629 0.4000000060
130351  11.118  -63.134  10.063 0.3000000119
130352  16.361  -70.428  6.903 0.3000000119
130361  14.812  -69.975  2.645 0.6000000238
130380  20.820  -83.005  -0.084 0.1000000015
130395  14.332  -66.093  -21.936 0.6000000238
130419  21.768  -45.553  1.410 0.6000000238
130499  18.175  -62.442  -11.640 0.2000000030
130505  11.274  -52.073  -8.999 0.4000000060
130559  14.966  -67.102  2.004 0.6999999881
130589  30.800  -81.831  -10.425 0.6000000238
130668  29.560  -83.101  3.022 0.5000000000
130730  13.272  -55.446  11.291 0.4000000060
130751  24.395  -83.206  0.678 0.8000000119
130853  11.876  -69.761  -0.534 0.8999999762
130856  23.806  -84.894  -5.442 0.5000000000
130895  24.775  -69.149  -17.542 0.8999999762
130898  17.682  -73.559  0.895 0.6999999881
131081  23.800  -86.083  4.905 0.8999999762
131102  7.933  -61.034  -3.401 0.6999999881
131147  24.554  -60.086  -22.482 0.2000000030
131169  13.794  -82.156  3.839 0.2000000030
131198  19.401  -56.658  -19.575 0.2000000030
131229  9.121  -55.712  -10.675 0.1000000015
131263  30.921  -81.003  -15.922 0.6999999881
131303  16.187  -63.078  5.286 0.6000000238
131316  22.747  -83.469  4.193 0.8000000119
131334  9.008  -71.623  -5.449 0.3000000119
131344  34.173  -44.399  -3.241 0.6000000238
131416  27.737  -67.836  -13.480 0.3000000119
131432  7.791  -66.681  -6.479 0.4000000060
131468  27.408  -76.048  -5.728 0.2000000030
131514  11.433  -47.872  7.384 0.8000000119
131516  8.213  -52.479  -9.472 0.5000000000
131543  15.185  -78.152  3.339 1.0000000000
131568  18.382  -62.329  -22.280 0.5000000000
131614  13.924  -81.828  2.003 0.3000000119
131623  27.783  -80.246  -15.989 0.4000000060
131688  19.405  -67.590  0.903 0.5000000000
131744  36.702  -73.139  -20.048 0.1000000015
131756  11.549  -48.638  -13.697 0.8999999762
131777  9.423  -65.666  16.071 0.2000000030
131789  18.605  -68.142  -21.119 1.0000000000
131907  18.863  -68.544  -17.635 0.8000000119
131922  13.661  -66.603  11.891 0.4000000060
131961  26.201  -80.112  9.614 0.6000000238
131998  10.694  -59.659  -0.828 0.8999999762
132018  20.070  -69.008  0.425 0.5000000000
132060  24.851  -85.348  2.103 1.0000000000
132064  41.559  -71.651  -13.424 0.1000000015
132073  25.727  -71.221  -16.035 0.8999999762
132107  9.533  -69.093  -4.651 0.8000000119
132109  10.925  -65.674  -4.670 0.6999999881
132110  24.021  -85.175  -10.143 0.5000000000
132144  13.869  -68.193  4.036 0.6999999881
132145  13.101  -80.732  8.299 0.5000000000
132156  20.147  -44.980  2.740 0.6000000238
132277  15.048  -45.707  -12.993 0.2000000030
132278  22.611  -82.910  13.433 1.0000000000
132283  25.728  -61.306  -21.800 0.1000000015
132359  11.069  -49.283  4.349 0.2000000030
132372  13.135  -80.441  9.118 0.6999999881
132441  16.897  -85.100  11.634 0.6000000238
132448  28.639  -79.171  13.606 0.3000000119
132471  23.477  -81.867  2.762 0.8000000119
132575  8.684  -54.738  -12.580 0.6000000238
132604  20.559  -86.802  7.838 0.8000000119
132694  13.580  -64.796  9.424 0.5000000000
132763  31.256  -70.016  -21.348 0.2000000030
132780  22.604  -59.219  -22.264 0.2000000030
132809  30.629  -77.469  -20.109 0.8999999762
132829  5.688  -53.297  4.453 0.8999999762
132840  27.929  -73.972  -3.545 0.2000000030
132860  13.567  -79.988  9.973 0.6999999881
132989  17.625  -71.042  6.109 0.2000000030
132998  5.912  -55.238  1.451 0.6999999881
133031  7.078  -62.861  1.313 0.6999999881
133035  16.343  -54.558  -13.664 0.1000000015
133039  24.812  -84.865  -3.615 0.8000000119
133164  11.038  -56.124  -2.153 0.1000000015
133262  15.398  -71.771  2.673 0.6000000238
133285  7.807  -51.151  -8.891 0.8999999762
133301  13.187  -69.532  -16.735 0.8999999762
133328  14.519  -65.245  5.565 0.6999999881
133360  28.693  -83.486  4.168 0.6999999881
133378  25.940  -65.610  -15.323 0.1000000015
133591  22.766  -82.086  -14.791 0.2000000030
133645  19.338  -76.121  12.932 0.1000000015
133760  12.810  -56.244  -13.747 0.8000000119
133829  20.637  -83.405  0.461 0.1000000015
133902  12.481  -42.144  -9.814 0.5000000000
133955  9.537  -69.808  17.481 0.1000000015
133994  18.029  -48.183  9.769 0.5000000000
134018  30.700  -68.261  -18.980 0.1000000015
134056  26.121  -72.621  -21.391 0.3000000119
134070  13.421  -81.177  8.851 0.6999999881
134091  18.293  -79.037  5.296 1.0000000000
134103  25.035  -80.862  11.770 0.8999999762
134116  8.828  -50.865  0.198 0.1000000015
134138  17.881  -86.965  2.324 0.3000000119
134142  14.298  -79.261  7.201 1.0000000000
134219  25.576  -83.268  7.382 0.8000000119
134231  25.918  -79.642  -10.026 0.5000000000
134272  9.342  -55.061  6.538 0.6999999881
134383  21.640  -83.104  13.760 0.8999999762
134400  28.030  -80.932  9.379 0.5000000000
134413  7.492  -59.836  7.298 0.4000000060
134484  24.580  -82.660  7.957 0.8999999762
134513  7.927  -53.378  -6.080 0.1000000015
134608  27.382  -51.660  -1.064 0.2000000030
134647  19.884  -83.835  -4.592 0.1000000015
134703  18.312  -49.959  10.565 0.5000000000
134719  10.817  -75.566  -2.463 0.6000000238
134874  13.157  -56.094  -11.531 0.5000000000
134894  33.036  -39.636  0.220 0.8999999762
134981  13.060  -73.792  -19.916 0.2000000030
135027  26.990  -66.746  -16.246 0.1000000015
135083  6.918  -58.584  -2.159 0.6000000238
135175  17.405  -58.711  -9.747 0.3000000119
135267  17.139  -82.338  7.531 0.1000000015
135298  17.740  -65.679  -20.910 0.6000000238
135343  18.853  -83.750  13.836 0.8999999762
135357  14.481  -71.125  3.281 0.8000000119
135439  22.970  -52.002  7.050 0.2000000030
135584  17.513  -65.678  8.334 0.4000000060
135585  24.665  -51.746  4.996 0.3000000119
135610  12.845  -80.171  1.327 0.3000000119
135644  27.776  -65.798  -15.910 0.1000000015
135648  31.873  -73.290  -15.659 0.3000000119
135715  23.795  -86.206  1.023 0.8000000119
135759  28.390  -35.639  -6.222 0.4000000060
135826  10.277  -60.227  11.802 0.2000000030
135889  13.903  -61.915  -10.264 0.5000000000
135895  28.901  -79.008  5.816 0.5000000000
135912  31.465  -78.522  -22.968 0.8000000119
135917  29.159  -77.743  -17.676 0.5000000000
135956  7.781  -54.249  -7.369 0.1000000015
136060  12.239  -79.202  3.440 0.4000000060
136061  25.684  -65.243  -13.130 0.1000000015
136101  29.481  -79.242  -19.374 1.0000000000
136120  15.498  -44.649  3.418 0.5000000000
136124  21.227  -84.091  -12.318 0.1000000015
136180  21.109  -87.088  2.442 0.5000000000
136182  26.440  -81.213  2.300 0.6999999881
136217  17.534  -56.709  -15.715 0.1000000015
136219  29.927  -80.436  7.018 0.5000000000
136314  28.466  -80.100  -22.552 0.8000000119
136327  11.021  -75.449  10.869 0.1000000015
136347  11.878  -52.385  -7.522 0.3000000119
136373  14.495  -69.021  2.914 0.6999999881
136403  6.331  -56.764  0.428 0.6999999881
136411  32.804  -77.725  -12.035 0.5000000000
136476  21.677  -65.799  -23.182 0.6000000238
136517  7.492  -60.447  10.832 0.2000000030
136520  12.686  -67.028  -12.919 1.0000000000
136595  32.207  -75.457  -8.885 0.1000000015
136609  18.795  -81.386  -11.755 0.1000000015
136688  13.697  -52.326  -8.414 0.1000000015
136708  13.084  -79.853  8.815 0.6999999881
136749  27.690  -84.163  -4.318 0.8000000119
136802  7.187  -49.327  2.973 0.3000000119
136865  25.495  -74.084  4.661 0.5000000000
136922  27.902  -83.503  -10.349 0.8999999762
136926  28.632  -68.593  -15.257 0.1000000015
