
Thu Mar 12 15:02:48 CET 2026
cd /out/sourcedata/freesurfer/sub-v1s20x0050288_ses-1
setenv SUBJECTS_DIR /out/sourcedata/freesurfer
/opt/freesurfer/bin/recon-all -autorecon1 -i /work/fmriprep_25_2_wf/sub_v1s20x0050288_ses_1_wf/anat_fit_wf/anat_validate/sub-v1s20x0050288_ses-1_T1w_noise_corrected_ras_valid.nii.gz -noskullstrip -noT2pial -noFLAIRpial -openmp 16 -subjid sub-v1s20x0050288_ses-1 -sd /out/sourcedata/freesurfer

subjid sub-v1s20x0050288_ses-1
setenv SUBJECTS_DIR /out/sourcedata/freesurfer
FREESURFER_HOME /opt/freesurfer
Actual FREESURFER_HOME /opt/freesurfer
build-stamp.txt: freesurfer-linux-ubuntu22_x86_64-7.3.2-20220804-6354275
Linux dna065 5.14.0-427.37.1.el9_4.x86_64 #1 SMP PREEMPT_DYNAMIC Fri Sep 13 12:41:50 EDT 2024 x86_64 x86_64 x86_64 GNU/Linux
cputime      unlimited
filesize     unlimited
datasize     unlimited
stacksize    8192 kbytes
coredumpsize 0 kbytes
memoryuse    67108864 kbytes
vmemoryuse   unlimited
descriptors  1024 
memorylocked unlimited
maxproc      2061970 
maxlocks     unlimited
maxsignal    2062029 
maxmessage   819200 
maxnice      0 
maxrtprio    0 
maxrttime    unlimited

               total        used        free      shared  buff/cache   available
Mem:           503Gi        56Gi       386Gi        11Gi        60Gi       431Gi
Swap:             0B          0B          0B

########################################
program versions used
7.3.2 (freesurfer-linux-ubuntu22_x86_64-7.3.2-20220804-6354275)
7.3.2

ProgramName: lta_convert  ProgramArguments: lta_convert -all-info  ProgramVersion: 7.3.2  TimeStamp: 2026/03/12-14:02:48-GMT  BuildTime: Aug  4 2022 06:17:15  BuildStamp: freesurfer-linux-ubuntu22_x86_64-7.3.2-20220804-6354275  User: oesteban  Machine: dna065  Platform: Linux  PlatformVersion: 5.14.0-427.37.1.el9_4.x86_64  CompilerName: GCC  CompilerVersion: 8.4.0
ProgramName: mri_and  ProgramArguments: mri_and -all-info  ProgramVersion: 7.3.2  TimeStamp: 2026/03/12-14:02:48-GMT  BuildTime: Aug  4 2022 06:17:15  BuildStamp: freesurfer-linux-ubuntu22_x86_64-7.3.2-20220804-6354275  User: oesteban  Machine: dna065  Platform: Linux  PlatformVersion: 5.14.0-427.37.1.el9_4.x86_64  CompilerName: GCC  CompilerVersion: 8.4.0
ProgramName: mri_annotation2label  ProgramArguments: mri_annotation2label -all-info  ProgramVersion: 7.3.2  TimeStamp: 2026/03/12-14:02:48-GMT  BuildTime: Aug  4 2022 06:17:15  BuildStamp: freesurfer-linux-ubuntu22_x86_64-7.3.2-20220804-6354275  User: oesteban  Machine: dna065  Platform: Linux  PlatformVersion: 5.14.0-427.37.1.el9_4.x86_64  CompilerName: GCC  CompilerVersion: 8.4.0
ProgramName: mri_aparc2aseg  ProgramArguments: mri_aparc2aseg -all-info  ProgramVersion: 7.3.2  TimeStamp: 2026/03/12-14:02:48-GMT  BuildTime: Aug  4 2022 06:17:15  BuildStamp: freesurfer-linux-ubuntu22_x86_64-7.3.2-20220804-6354275  User: oesteban  Machine: dna065  Platform: Linux  PlatformVersion: 5.14.0-427.37.1.el9_4.x86_64  CompilerName: GCC  CompilerVersion: 8.4.0
ProgramName: mri_surf2volseg  ProgramArguments: mri_surf2volseg -all-info  ProgramVersion: 7.3.2  TimeStamp: 2026/03/12-14:02:48-GMT  BuildTime: Aug  4 2022 06:17:15  BuildStamp: freesurfer-linux-ubuntu22_x86_64-7.3.2-20220804-6354275  User: oesteban  Machine: dna065  Platform: Linux  PlatformVersion: 5.14.0-427.37.1.el9_4.x86_64  CompilerName: GCC  CompilerVersion: 8.4.0
ProgramName: mri_binarize  ProgramArguments: mri_binarize -all-info  ProgramVersion: 7.3.2  TimeStamp: 2026/03/12-14:02:48-GMT  BuildTime: Aug  4 2022 06:17:15  BuildStamp: freesurfer-linux-ubuntu22_x86_64-7.3.2-20220804-6354275  User: oesteban  Machine: dna065  Platform: Linux  PlatformVersion: 5.14.0-427.37.1.el9_4.x86_64  CompilerName: GCC  CompilerVersion: 8.4.0
ProgramName: mri_ca_label  ProgramArguments: mri_ca_label -all-info  ProgramVersion: 7.3.2  TimeStamp: 2026/03/12-14:02:48-GMT  BuildTime: Aug  4 2022 06:17:15  BuildStamp: freesurfer-linux-ubuntu22_x86_64-7.3.2-20220804-6354275  User: oesteban  Machine: dna065  Platform: Linux  PlatformVersion: 5.14.0-427.37.1.el9_4.x86_64  CompilerName: GCC  CompilerVersion: 8.4.0
ProgramName: mri_ca_normalize  ProgramArguments: mri_ca_normalize -all-info  ProgramVersion: 7.3.2  TimeStamp: 2026/03/12-14:02:48-GMT  BuildTime: Aug  4 2022 06:17:15  BuildStamp: freesurfer-linux-ubuntu22_x86_64-7.3.2-20220804-6354275  User: oesteban  Machine: dna065  Platform: Linux  PlatformVersion: 5.14.0-427.37.1.el9_4.x86_64  CompilerName: GCC  CompilerVersion: 8.4.0
ProgramName: mri_ca_register  ProgramArguments: mri_ca_register -all-info  ProgramVersion: 7.3.2  TimeStamp: 2026/03/12-14:02:48-GMT  BuildTime: Aug  4 2022 06:17:15  BuildStamp: freesurfer-linux-ubuntu22_x86_64-7.3.2-20220804-6354275  User: oesteban  Machine: dna065  Platform: Linux  PlatformVersion: 5.14.0-427.37.1.el9_4.x86_64  CompilerName: GCC  CompilerVersion: 8.4.0
ProgramName: mri_cc  ProgramArguments: mri_cc -all-info  ProgramVersion: 7.3.2  TimeStamp: 2026/03/12-14:02:48-GMT  BuildTime: Aug  4 2022 06:17:15  BuildStamp: freesurfer-linux-ubuntu22_x86_64-7.3.2-20220804-6354275  User: oesteban  Machine: dna065  Platform: Linux  PlatformVersion: 5.14.0-427.37.1.el9_4.x86_64  CompilerName: GCC  CompilerVersion: 8.4.0
ProgramName: mri_compute_overlap  ProgramArguments: mri_compute_overlap -all-info  ProgramVersion: 7.3.2  TimeStamp: 2026/03/12-14:02:48-GMT  BuildTime: Aug  4 2022 06:17:15  BuildStamp: freesurfer-linux-ubuntu22_x86_64-7.3.2-20220804-6354275  User: oesteban  Machine: dna065  Platform: Linux  PlatformVersion: 5.14.0-427.37.1.el9_4.x86_64  CompilerName: GCC  CompilerVersion: 8.4.0
ProgramName: mri_compute_seg_overlap  ProgramArguments: mri_compute_seg_overlap -all-info  ProgramVersion: 7.3.2  TimeStamp: 2026/03/12-14:02:48-GMT  BuildTime: Aug  4 2022 06:17:15  BuildStamp: freesurfer-linux-ubuntu22_x86_64-7.3.2-20220804-6354275  User: oesteban  Machine: dna065  Platform: Linux  PlatformVersion: 5.14.0-427.37.1.el9_4.x86_64  CompilerName: GCC  CompilerVersion: 8.4.0
ProgramName: mri_concat  ProgramArguments: mri_concat -all-info  ProgramVersion: 7.3.2  TimeStamp: 2026/03/12-14:02:48-GMT  BuildTime: Aug  4 2022 06:17:15  BuildStamp: freesurfer-linux-ubuntu22_x86_64-7.3.2-20220804-6354275  User: oesteban  Machine: dna065  Platform: Linux  PlatformVersion: 5.14.0-427.37.1.el9_4.x86_64  CompilerName: GCC  CompilerVersion: 8.4.0
ProgramName: mri_concatenate_lta  ProgramArguments: mri_concatenate_lta -all-info  ProgramVersion: 7.3.2  TimeStamp: 2026/03/12-14:02:48-GMT  BuildTime: Aug  4 2022 06:17:15  BuildStamp: freesurfer-linux-ubuntu22_x86_64-7.3.2-20220804-6354275  User: oesteban  Machine: dna065  Platform: Linux  PlatformVersion: 5.14.0-427.37.1.el9_4.x86_64  CompilerName: GCC  CompilerVersion: 8.4.0
mri_convert -all-info 
ProgramName: mri_convert  ProgramArguments: mri_convert -all-info  ProgramVersion: 7.3.2  TimeStamp: 2026/03/12-14:02:48-GMT  BuildTime: Aug  4 2022 06:17:15  BuildStamp: freesurfer-linux-ubuntu22_x86_64-7.3.2-20220804-6354275  User: oesteban  Machine: dna065  Platform: Linux  PlatformVersion: 5.14.0-427.37.1.el9_4.x86_64  CompilerName: GCC  CompilerVersion: 8.4.0
ProgramName: mri_diff  ProgramArguments: mri_diff -all-info  ProgramVersion: 7.3.2  TimeStamp: 2026/03/12-14:02:48-GMT  BuildTime: Aug  4 2022 06:17:15  BuildStamp: freesurfer-linux-ubuntu22_x86_64-7.3.2-20220804-6354275  User: oesteban  Machine: dna065  Platform: Linux  PlatformVersion: 5.14.0-427.37.1.el9_4.x86_64  CompilerName: GCC  CompilerVersion: 8.4.0
ProgramName: mri_edit_wm_with_aseg  ProgramArguments: mri_edit_wm_with_aseg -all-info  ProgramVersion: 7.3.2  TimeStamp: 2026/03/12-14:02:48-GMT  BuildTime: Aug  4 2022 06:17:15  BuildStamp: freesurfer-linux-ubuntu22_x86_64-7.3.2-20220804-6354275  User: oesteban  Machine: dna065  Platform: Linux  PlatformVersion: 5.14.0-427.37.1.el9_4.x86_64  CompilerName: GCC  CompilerVersion: 8.4.0
ProgramName: mri_em_register  ProgramArguments: mri_em_register -all-info  ProgramVersion: 7.3.2  TimeStamp: 2026/03/12-14:02:48-GMT  BuildTime: Aug  4 2022 06:17:15  BuildStamp: freesurfer-linux-ubuntu22_x86_64-7.3.2-20220804-6354275  User: oesteban  Machine: dna065  Platform: Linux  PlatformVersion: 5.14.0-427.37.1.el9_4.x86_64  CompilerName: GCC  CompilerVersion: 8.4.0
ProgramName: mri_fill  ProgramArguments: mri_fill -all-info  ProgramVersion: 7.3.2  TimeStamp: 2026/03/12-14:02:48-GMT  BuildTime: Aug  4 2022 06:17:15  BuildStamp: freesurfer-linux-ubuntu22_x86_64-7.3.2-20220804-6354275  User: oesteban  Machine: dna065  Platform: Linux  PlatformVersion: 5.14.0-427.37.1.el9_4.x86_64  CompilerName: GCC  CompilerVersion: 8.4.0
ProgramName: mri_fuse_segmentations  ProgramArguments: mri_fuse_segmentations -all-info  ProgramVersion: 7.3.2  TimeStamp: 2026/03/12-14:02:48-GMT  BuildTime: Aug  4 2022 06:17:15  BuildStamp: freesurfer-linux-ubuntu22_x86_64-7.3.2-20220804-6354275  User: oesteban  Machine: dna065  Platform: Linux  PlatformVersion: 5.14.0-427.37.1.el9_4.x86_64  CompilerName: GCC  CompilerVersion: 8.4.0
ProgramName: mri_fwhm  ProgramArguments: mri_fwhm -all-info  ProgramVersion: 7.3.2  TimeStamp: 2026/03/12-14:02:48-GMT  BuildTime: Aug  4 2022 06:17:15  BuildStamp: freesurfer-linux-ubuntu22_x86_64-7.3.2-20220804-6354275  User: oesteban  Machine: dna065  Platform: Linux  PlatformVersion: 5.14.0-427.37.1.el9_4.x86_64  CompilerName: GCC  CompilerVersion: 8.4.0
ProgramName: mri_gcut  ProgramArguments: mri_gcut -all-info  ProgramVersion: 7.3.2  TimeStamp: 2026/03/12-14:02:48-GMT  BuildTime: Aug  4 2022 06:17:15  BuildStamp: freesurfer-linux-ubuntu22_x86_64-7.3.2-20220804-6354275  User: oesteban  Machine: dna065  Platform: Linux  PlatformVersion: 5.14.0-427.37.1.el9_4.x86_64  CompilerName: GCC  CompilerVersion: 8.4.0
ProgramName: mri_info  ProgramArguments: mri_info -all-info  ProgramVersion: 7.3.2  TimeStamp: 2026/03/12-14:02:48-GMT  BuildTime: Aug  4 2022 06:17:15  BuildStamp: freesurfer-linux-ubuntu22_x86_64-7.3.2-20220804-6354275  User: oesteban  Machine: dna065  Platform: Linux  PlatformVersion: 5.14.0-427.37.1.el9_4.x86_64  CompilerName: GCC  CompilerVersion: 8.4.0
ProgramName: mri_label2label  ProgramArguments: mri_label2label -all-info  ProgramVersion: 7.3.2  TimeStamp: 2026/03/12-14:02:48-GMT  BuildTime: Aug  4 2022 06:17:15  BuildStamp: freesurfer-linux-ubuntu22_x86_64-7.3.2-20220804-6354275  User: oesteban  Machine: dna065  Platform: Linux  PlatformVersion: 5.14.0-427.37.1.el9_4.x86_64  CompilerName: GCC  CompilerVersion: 8.4.0
ProgramName: mri_label2vol  ProgramArguments: mri_label2vol -all-info  ProgramVersion: 7.3.2  TimeStamp: 2026/03/12-14:02:48-GMT  BuildTime: Aug  4 2022 06:17:15  BuildStamp: freesurfer-linux-ubuntu22_x86_64-7.3.2-20220804-6354275  User: oesteban  Machine: dna065  Platform: Linux  PlatformVersion: 5.14.0-427.37.1.el9_4.x86_64  CompilerName: GCC  CompilerVersion: 8.4.0
ProgramName: mri_log_likelihood  ProgramArguments: mri_log_likelihood -all-info  ProgramVersion: 7.3.2  TimeStamp: 2026/03/12-14:02:48-GMT  BuildTime: Aug  4 2022 06:17:15  BuildStamp: freesurfer-linux-ubuntu22_x86_64-7.3.2-20220804-6354275  User: oesteban  Machine: dna065  Platform: Linux  PlatformVersion: 5.14.0-427.37.1.el9_4.x86_64  CompilerName: GCC  CompilerVersion: 8.4.0
ProgramName: mri_mask  ProgramArguments: mri_mask -all-info  ProgramVersion: 7.3.2  TimeStamp: 2026/03/12-14:02:48-GMT  BuildTime: Aug  4 2022 06:17:15  BuildStamp: freesurfer-linux-ubuntu22_x86_64-7.3.2-20220804-6354275  User: oesteban  Machine: dna065  Platform: Linux  PlatformVersion: 5.14.0-427.37.1.el9_4.x86_64  CompilerName: GCC  CompilerVersion: 8.4.0
ProgramName: mri_matrix_multiply  ProgramArguments: mri_matrix_multiply -all-info  ProgramVersion: 7.3.2  TimeStamp: 2026/03/12-14:02:48-GMT  BuildTime: Aug  4 2022 06:17:15  BuildStamp: freesurfer-linux-ubuntu22_x86_64-7.3.2-20220804-6354275  User: oesteban  Machine: dna065  Platform: Linux  PlatformVersion: 5.14.0-427.37.1.el9_4.x86_64  CompilerName: GCC  CompilerVersion: 8.4.0
ProgramName: mri_normalize  ProgramArguments: mri_normalize -all-info  ProgramVersion: 7.3.2  TimeStamp: 2026/03/12-14:02:48-GMT  BuildTime: Aug  4 2022 06:17:15  BuildStamp: freesurfer-linux-ubuntu22_x86_64-7.3.2-20220804-6354275  User: oesteban  Machine: dna065  Platform: Linux  PlatformVersion: 5.14.0-427.37.1.el9_4.x86_64  CompilerName: GCC  CompilerVersion: 8.4.0
ProgramName: mri_normalize_tp2  ProgramArguments: mri_normalize_tp2 -all-info  ProgramVersion: 7.3.2  TimeStamp: 2026/03/12-14:02:48-GMT  BuildTime: Aug  4 2022 06:17:15  BuildStamp: freesurfer-linux-ubuntu22_x86_64-7.3.2-20220804-6354275  User: oesteban  Machine: dna065  Platform: Linux  PlatformVersion: 5.14.0-427.37.1.el9_4.x86_64  CompilerName: GCC  CompilerVersion: 8.4.0
ProgramName: mri_or  ProgramArguments: mri_or -all-info  ProgramVersion: 7.3.2  TimeStamp: 2026/03/12-14:02:48-GMT  BuildTime: Aug  4 2022 06:17:15  BuildStamp: freesurfer-linux-ubuntu22_x86_64-7.3.2-20220804-6354275  User: oesteban  Machine: dna065  Platform: Linux  PlatformVersion: 5.14.0-427.37.1.el9_4.x86_64  CompilerName: GCC  CompilerVersion: 8.4.0
ProgramName: mri_relabel_hypointensities  ProgramArguments: mri_relabel_hypointensities -all-info  ProgramVersion: 7.3.2  TimeStamp: 2026/03/12-14:02:48-GMT  BuildTime: Aug  4 2022 06:17:15  BuildStamp: freesurfer-linux-ubuntu22_x86_64-7.3.2-20220804-6354275  User: oesteban  Machine: dna065  Platform: Linux  PlatformVersion: 5.14.0-427.37.1.el9_4.x86_64  CompilerName: GCC  CompilerVersion: 8.4.0
ProgramName: mri_relabel_nonwm_hypos  ProgramArguments: mri_relabel_nonwm_hypos -all-info  ProgramVersion: 7.3.2  TimeStamp: 2026/03/12-14:02:48-GMT  BuildTime: Aug  4 2022 06:17:15  BuildStamp: freesurfer-linux-ubuntu22_x86_64-7.3.2-20220804-6354275  User: oesteban  Machine: dna065  Platform: Linux  PlatformVersion: 5.14.0-427.37.1.el9_4.x86_64  CompilerName: GCC  CompilerVersion: 8.4.0
ProgramName: mri_remove_neck  ProgramArguments: mri_remove_neck -all-info  ProgramVersion: 7.3.2  TimeStamp: 2026/03/12-14:02:48-GMT  BuildTime: Aug  4 2022 06:17:15  BuildStamp: freesurfer-linux-ubuntu22_x86_64-7.3.2-20220804-6354275  User: oesteban  Machine: dna065  Platform: Linux  PlatformVersion: 5.14.0-427.37.1.el9_4.x86_64  CompilerName: GCC  CompilerVersion: 8.4.0
7.3.2

ProgramName: mri_robust_register  ProgramArguments: mri_robust_register -all-info  ProgramVersion: 7.3.2  TimeStamp: 2026/03/12-14:02:48-GMT  BuildTime: Aug  4 2022 06:17:15  BuildStamp: freesurfer-linux-ubuntu22_x86_64-7.3.2-20220804-6354275  User: oesteban  Machine: dna065  Platform: Linux  PlatformVersion: 5.14.0-427.37.1.el9_4.x86_64  CompilerName: GCC  CompilerVersion: 8.4.0
7.3.2

ProgramName: mri_robust_template  ProgramArguments: mri_robust_template -all-info  ProgramVersion: 7.3.2  TimeStamp: 2026/03/12-14:02:48-GMT  BuildTime: Aug  4 2022 06:17:15  BuildStamp: freesurfer-linux-ubuntu22_x86_64-7.3.2-20220804-6354275  User: oesteban  Machine: dna065  Platform: Linux  PlatformVersion: 5.14.0-427.37.1.el9_4.x86_64  CompilerName: GCC  CompilerVersion: 8.4.0
ProgramName: mris_anatomical_stats  ProgramArguments: mris_anatomical_stats -all-info  ProgramVersion: 7.3.2  TimeStamp: 2026/03/12-14:02:48-GMT  BuildTime: Aug  4 2022 06:17:15  BuildStamp: freesurfer-linux-ubuntu22_x86_64-7.3.2-20220804-6354275  User: oesteban  Machine: dna065  Platform: Linux  PlatformVersion: 5.14.0-427.37.1.el9_4.x86_64  CompilerName: GCC  CompilerVersion: 8.4.0
ProgramName: mris_ca_label  ProgramArguments: mris_ca_label -all-info  ProgramVersion: 7.3.2  TimeStamp: 2026/03/12-14:02:48-GMT  BuildTime: Aug  4 2022 06:17:15  BuildStamp: freesurfer-linux-ubuntu22_x86_64-7.3.2-20220804-6354275  User: oesteban  Machine: dna065  Platform: Linux  PlatformVersion: 5.14.0-427.37.1.el9_4.x86_64  CompilerName: GCC  CompilerVersion: 8.4.0
ProgramName: mris_calc  ProgramArguments: mris_calc -all-info  ProgramVersion: 7.3.2  TimeStamp: 2026/03/12-14:02:48-GMT  BuildTime: Aug  4 2022 06:17:15  BuildStamp: freesurfer-linux-ubuntu22_x86_64-7.3.2-20220804-6354275  User: oesteban  Machine: dna065  Platform: Linux  PlatformVersion: 5.14.0-427.37.1.el9_4.x86_64  CompilerName: GCC  CompilerVersion: 8.4.0
ProgramName: mris_convert  ProgramArguments: mris_convert -all-info  ProgramVersion: 7.3.2  TimeStamp: 2026/03/12-14:02:48-GMT  BuildTime: Aug  4 2022 06:17:15  BuildStamp: freesurfer-linux-ubuntu22_x86_64-7.3.2-20220804-6354275  User: oesteban  Machine: dna065  Platform: Linux  PlatformVersion: 5.14.0-427.37.1.el9_4.x86_64  CompilerName: GCC  CompilerVersion: 8.4.0
ProgramName: mris_curvature  ProgramArguments: mris_curvature -all-info  ProgramVersion: 7.3.2  TimeStamp: 2026/03/12-14:02:48-GMT  BuildTime: Aug  4 2022 06:17:15  BuildStamp: freesurfer-linux-ubuntu22_x86_64-7.3.2-20220804-6354275  User: oesteban  Machine: dna065  Platform: Linux  PlatformVersion: 5.14.0-427.37.1.el9_4.x86_64  CompilerName: GCC  CompilerVersion: 8.4.0
ProgramName: mris_curvature_stats  ProgramArguments: mris_curvature_stats -all-info  ProgramVersion: 7.3.2  TimeStamp: 2026/03/12-14:02:48-GMT  BuildTime: Aug  4 2022 06:17:15  BuildStamp: freesurfer-linux-ubuntu22_x86_64-7.3.2-20220804-6354275  User: oesteban  Machine: dna065  Platform: Linux  PlatformVersion: 5.14.0-427.37.1.el9_4.x86_64  CompilerName: GCC  CompilerVersion: 8.4.0
ProgramName: mris_diff  ProgramArguments: mris_diff -all-info  ProgramVersion: 7.3.2  TimeStamp: 2026/03/12-14:02:48-GMT  BuildTime: Aug  4 2022 06:17:15  BuildStamp: freesurfer-linux-ubuntu22_x86_64-7.3.2-20220804-6354275  User: oesteban  Machine: dna065  Platform: Linux  PlatformVersion: 5.14.0-427.37.1.el9_4.x86_64  CompilerName: GCC  CompilerVersion: 8.4.0
ProgramName: mris_divide_parcellation  ProgramArguments: mris_divide_parcellation -all-info  ProgramVersion: 7.3.2  TimeStamp: 2026/03/12-14:02:48-GMT  BuildTime: Aug  4 2022 06:17:15  BuildStamp: freesurfer-linux-ubuntu22_x86_64-7.3.2-20220804-6354275  User: oesteban  Machine: dna065  Platform: Linux  PlatformVersion: 5.14.0-427.37.1.el9_4.x86_64  CompilerName: GCC  CompilerVersion: 8.4.0
ProgramName: mri_segment  ProgramArguments: mri_segment -all-info  ProgramVersion: 7.3.2  TimeStamp: 2026/03/12-14:02:48-GMT  BuildTime: Aug  4 2022 06:17:15  BuildStamp: freesurfer-linux-ubuntu22_x86_64-7.3.2-20220804-6354275  User: oesteban  Machine: dna065  Platform: Linux  PlatformVersion: 5.14.0-427.37.1.el9_4.x86_64  CompilerName: GCC  CompilerVersion: 8.4.0
ProgramName: mri_segstats  ProgramArguments: mri_segstats -all-info  ProgramVersion: 7.3.2  TimeStamp: 2026/03/12-14:02:48-GMT  BuildTime: Aug  4 2022 06:17:15  BuildStamp: freesurfer-linux-ubuntu22_x86_64-7.3.2-20220804-6354275  User: oesteban  Machine: dna065  Platform: Linux  PlatformVersion: 5.14.0-427.37.1.el9_4.x86_64  CompilerName: GCC  CompilerVersion: 8.4.0
ProgramName: mris_euler_number  ProgramArguments: mris_euler_number -all-info  ProgramVersion: 7.3.2  TimeStamp: 2026/03/12-14:02:48-GMT  BuildTime: Aug  4 2022 06:17:15  BuildStamp: freesurfer-linux-ubuntu22_x86_64-7.3.2-20220804-6354275  User: oesteban  Machine: dna065  Platform: Linux  PlatformVersion: 5.14.0-427.37.1.el9_4.x86_64  CompilerName: GCC  CompilerVersion: 8.4.0
ProgramName: mris_fix_topology  ProgramArguments: mris_fix_topology -all-info  ProgramVersion: 7.3.2  TimeStamp: 2026/03/12-14:02:48-GMT  BuildTime: Aug  4 2022 06:17:15  BuildStamp: freesurfer-linux-ubuntu22_x86_64-7.3.2-20220804-6354275  User: oesteban  Machine: dna065  Platform: Linux  PlatformVersion: 5.14.0-427.37.1.el9_4.x86_64  CompilerName: GCC  CompilerVersion: 8.4.0
ProgramName: mris_topo_fixer  ProgramArguments: mris_topo_fixer -all-info  ProgramVersion: 7.3.2  TimeStamp: 2026/03/12-14:02:48-GMT  BuildTime: Aug  4 2022 06:17:15  BuildStamp: freesurfer-linux-ubuntu22_x86_64-7.3.2-20220804-6354275  User: oesteban  Machine: dna065  Platform: Linux  PlatformVersion: 5.14.0-427.37.1.el9_4.x86_64  CompilerName: GCC  CompilerVersion: 8.4.0
ProgramName: mris_jacobian  ProgramArguments: mris_jacobian -all-info  ProgramVersion: 7.3.2  TimeStamp: 2026/03/12-14:02:48-GMT  BuildTime: Aug  4 2022 06:17:15  BuildStamp: freesurfer-linux-ubuntu22_x86_64-7.3.2-20220804-6354275  User: oesteban  Machine: dna065  Platform: Linux  PlatformVersion: 5.14.0-427.37.1.el9_4.x86_64  CompilerName: GCC  CompilerVersion: 8.4.0
ProgramName: mris_label2annot  ProgramArguments: mris_label2annot -all-info  ProgramVersion: 7.3.2  TimeStamp: 2026/03/12-14:02:48-GMT  BuildTime: Aug  4 2022 06:17:15  BuildStamp: freesurfer-linux-ubuntu22_x86_64-7.3.2-20220804-6354275  User: oesteban  Machine: dna065  Platform: Linux  PlatformVersion: 5.14.0-427.37.1.el9_4.x86_64  CompilerName: GCC  CompilerVersion: 8.4.0
ProgramName: mris_left_right_register  ProgramArguments: mris_left_right_register -all-info  ProgramVersion: 7.3.2  TimeStamp: 2026/03/12-14:02:48-GMT  BuildTime: Aug  4 2022 06:17:15  BuildStamp: freesurfer-linux-ubuntu22_x86_64-7.3.2-20220804-6354275  User: oesteban  Machine: dna065  Platform: Linux  PlatformVersion: 5.14.0-427.37.1.el9_4.x86_64  CompilerName: GCC  CompilerVersion: 8.4.0
ProgramName: mris_place_surface  ProgramArguments: mris_place_surface -all-info  ProgramVersion: 7.3.2  TimeStamp: 2026/03/12-14:02:48-GMT  BuildTime: Aug  4 2022 06:17:15  BuildStamp: freesurfer-linux-ubuntu22_x86_64-7.3.2-20220804-6354275  User: oesteban  Machine: dna065  Platform: Linux  PlatformVersion: 5.14.0-427.37.1.el9_4.x86_64  CompilerName: GCC  CompilerVersion: 8.4.0
ProgramName: mrisp_paint  ProgramArguments: mrisp_paint -all-info  ProgramVersion: 7.3.2  TimeStamp: 2026/03/12-14:02:48-GMT  BuildTime: Aug  4 2022 06:17:15  BuildStamp: freesurfer-linux-ubuntu22_x86_64-7.3.2-20220804-6354275  User: oesteban  Machine: dna065  Platform: Linux  PlatformVersion: 5.14.0-427.37.1.el9_4.x86_64  CompilerName: GCC  CompilerVersion: 8.4.0
ProgramName: mris_register  ProgramArguments: mris_register -all-info  ProgramVersion: 7.3.2  TimeStamp: 2026/03/12-14:02:48-GMT  BuildTime: Aug  4 2022 06:17:15  BuildStamp: freesurfer-linux-ubuntu22_x86_64-7.3.2-20220804-6354275  User: oesteban  Machine: dna065  Platform: Linux  PlatformVersion: 5.14.0-427.37.1.el9_4.x86_64  CompilerName: GCC  CompilerVersion: 8.4.0
ProgramName: mris_smooth  ProgramArguments: mris_smooth -all-info  ProgramVersion: 7.3.2  TimeStamp: 2026/03/12-14:02:48-GMT  BuildTime: Aug  4 2022 06:17:15  BuildStamp: freesurfer-linux-ubuntu22_x86_64-7.3.2-20220804-6354275  User: oesteban  Machine: dna065  Platform: Linux  PlatformVersion: 5.14.0-427.37.1.el9_4.x86_64  CompilerName: GCC  CompilerVersion: 8.4.0
ProgramName: mris_sphere  ProgramArguments: mris_sphere -all-info  ProgramVersion: 7.3.2  TimeStamp: 2026/03/12-14:02:48-GMT  BuildTime: Aug  4 2022 06:17:15  BuildStamp: freesurfer-linux-ubuntu22_x86_64-7.3.2-20220804-6354275  User: oesteban  Machine: dna065  Platform: Linux  PlatformVersion: 5.14.0-427.37.1.el9_4.x86_64  CompilerName: GCC  CompilerVersion: 8.4.0
ProgramName: mris_surface_stats  ProgramArguments: mris_surface_stats -all-info  ProgramVersion: 7.3.2  TimeStamp: 2026/03/12-14:02:48-GMT  BuildTime: Aug  4 2022 06:17:15  BuildStamp: freesurfer-linux-ubuntu22_x86_64-7.3.2-20220804-6354275  User: oesteban  Machine: dna065  Platform: Linux  PlatformVersion: 5.14.0-427.37.1.el9_4.x86_64  CompilerName: GCC  CompilerVersion: 8.4.0
ProgramName: mri_stats2seg  ProgramArguments: mri_stats2seg -all-info  ProgramVersion: 7.3.2  TimeStamp: 2026/03/12-14:02:48-GMT  BuildTime: Aug  4 2022 06:17:15  BuildStamp: freesurfer-linux-ubuntu22_x86_64-7.3.2-20220804-6354275  User: oesteban  Machine: dna065  Platform: Linux  PlatformVersion: 5.14.0-427.37.1.el9_4.x86_64  CompilerName: GCC  CompilerVersion: 8.4.0
ProgramName: mris_thickness  ProgramArguments: mris_thickness -all-info  ProgramVersion: 7.3.2  TimeStamp: 2026/03/12-14:02:48-GMT  BuildTime: Aug  4 2022 06:17:15  BuildStamp: freesurfer-linux-ubuntu22_x86_64-7.3.2-20220804-6354275  User: oesteban  Machine: dna065  Platform: Linux  PlatformVersion: 5.14.0-427.37.1.el9_4.x86_64  CompilerName: GCC  CompilerVersion: 8.4.0
ProgramName: mris_thickness_diff  ProgramArguments: mris_thickness_diff -all-info  ProgramVersion: 7.3.2  TimeStamp: 2026/03/12-14:02:48-GMT  BuildTime: Aug  4 2022 06:17:15  BuildStamp: freesurfer-linux-ubuntu22_x86_64-7.3.2-20220804-6354275  User: oesteban  Machine: dna065  Platform: Linux  PlatformVersion: 5.14.0-427.37.1.el9_4.x86_64  CompilerName: GCC  CompilerVersion: 8.4.0
ProgramName: mris_topo_fixer  ProgramArguments: mris_topo_fixer -all-info  ProgramVersion: 7.3.2  TimeStamp: 2026/03/12-14:02:48-GMT  BuildTime: Aug  4 2022 06:17:15  BuildStamp: freesurfer-linux-ubuntu22_x86_64-7.3.2-20220804-6354275  User: oesteban  Machine: dna065  Platform: Linux  PlatformVersion: 5.14.0-427.37.1.el9_4.x86_64  CompilerName: GCC  CompilerVersion: 8.4.0
ProgramName: mri_surf2surf  ProgramArguments: mri_surf2surf -all-info  ProgramVersion: 7.3.2  TimeStamp: 2026/03/12-14:02:48-GMT  BuildTime: Aug  4 2022 06:17:15  BuildStamp: freesurfer-linux-ubuntu22_x86_64-7.3.2-20220804-6354275  User: oesteban  Machine: dna065  Platform: Linux  PlatformVersion: 5.14.0-427.37.1.el9_4.x86_64  CompilerName: GCC  CompilerVersion: 8.4.0
ProgramName: mri_surf2vol  ProgramArguments: mri_surf2vol -all-info  ProgramVersion: 7.3.2  TimeStamp: 2026/03/12-14:02:48-GMT  BuildTime: Aug  4 2022 06:17:15  BuildStamp: freesurfer-linux-ubuntu22_x86_64-7.3.2-20220804-6354275  User: oesteban  Machine: dna065  Platform: Linux  PlatformVersion: 5.14.0-427.37.1.el9_4.x86_64  CompilerName: GCC  CompilerVersion: 8.4.0
ProgramName: mri_surfcluster  ProgramArguments: mri_surfcluster -all-info  ProgramVersion: 7.3.2  TimeStamp: 2026/03/12-14:02:48-GMT  BuildTime: Aug  4 2022 06:17:15  BuildStamp: freesurfer-linux-ubuntu22_x86_64-7.3.2-20220804-6354275  User: oesteban  Machine: dna065  Platform: Linux  PlatformVersion: 5.14.0-427.37.1.el9_4.x86_64  CompilerName: GCC  CompilerVersion: 8.4.0
ProgramName: mris_volmask  ProgramArguments: mris_volmask -all-info  ProgramVersion: 7.3.2  TimeStamp: 2026/03/12-14:02:48-GMT  BuildTime: Aug  4 2022 06:17:15  BuildStamp: freesurfer-linux-ubuntu22_x86_64-7.3.2-20220804-6354275  User: oesteban  Machine: dna065  Platform: Linux  PlatformVersion: 5.14.0-427.37.1.el9_4.x86_64  CompilerName: GCC  CompilerVersion: 8.4.0
ProgramName: mri_tessellate  ProgramArguments: mri_tessellate -all-info  ProgramVersion: 7.3.2  TimeStamp: 2026/03/12-14:02:48-GMT  BuildTime: Aug  4 2022 06:17:15  BuildStamp: freesurfer-linux-ubuntu22_x86_64-7.3.2-20220804-6354275  User: oesteban  Machine: dna065  Platform: Linux  PlatformVersion: 5.14.0-427.37.1.el9_4.x86_64  CompilerName: GCC  CompilerVersion: 8.4.0
ProgramName: mri_vol2surf  ProgramArguments: mri_vol2surf -all-info  ProgramVersion: 7.3.2  TimeStamp: 2026/03/12-14:02:48-GMT  BuildTime: Aug  4 2022 06:17:15  BuildStamp: freesurfer-linux-ubuntu22_x86_64-7.3.2-20220804-6354275  User: oesteban  Machine: dna065  Platform: Linux  PlatformVersion: 5.14.0-427.37.1.el9_4.x86_64  CompilerName: GCC  CompilerVersion: 8.4.0
ProgramName: mri_vol2vol  ProgramArguments: mri_vol2vol -all-info  ProgramVersion: 7.3.2  TimeStamp: 2026/03/12-14:02:48-GMT  BuildTime: Aug  4 2022 06:17:15  BuildStamp: freesurfer-linux-ubuntu22_x86_64-7.3.2-20220804-6354275  User: oesteban  Machine: dna065  Platform: Linux  PlatformVersion: 5.14.0-427.37.1.el9_4.x86_64  CompilerName: GCC  CompilerVersion: 8.4.0
ProgramName: mri_voldiff  ProgramArguments: mri_voldiff -all-info  ProgramVersion: 7.3.2  TimeStamp: 2026/03/12-14:02:48-GMT  BuildTime: Aug  4 2022 06:17:15  BuildStamp: freesurfer-linux-ubuntu22_x86_64-7.3.2-20220804-6354275  User: oesteban  Machine: dna065  Platform: Linux  PlatformVersion: 5.14.0-427.37.1.el9_4.x86_64  CompilerName: GCC  CompilerVersion: 8.4.0
ProgramName: mri_watershed  ProgramArguments: mri_watershed -all-info  ProgramVersion: 7.3.2  TimeStamp: 2026/03/12-14:02:48-GMT  BuildTime: Aug  4 2022 06:17:15  BuildStamp: freesurfer-linux-ubuntu22_x86_64-7.3.2-20220804-6354275  User: oesteban  Machine: dna065  Platform: Linux  PlatformVersion: 5.14.0-427.37.1.el9_4.x86_64  CompilerName: GCC  CompilerVersion: 8.4.0
ProgramName: tkregister2  ProgramArguments: tkregister2_cmdl -all-info  ProgramVersion: 7.3.2  TimeStamp: 2026/03/12-14:02:48-GMT  BuildTime: Aug  4 2022 06:17:15  BuildStamp: freesurfer-linux-ubuntu22_x86_64-7.3.2-20220804-6354275  User: oesteban  Machine: dna065  Platform: Linux  PlatformVersion: 5.14.0-427.37.1.el9_4.x86_64  CompilerName: GCC  CompilerVersion: 8.4.0
mri_motion_correct.fsl 7.3.2
mri_convert -all-info 
ProgramName: mri_convert  ProgramArguments: mri_convert -all-info  ProgramVersion: 7.3.2  TimeStamp: 2026/03/12-14:02:48-GMT  BuildTime: Aug  4 2022 06:17:15  BuildStamp: freesurfer-linux-ubuntu22_x86_64-7.3.2-20220804-6354275  User: oesteban  Machine: dna065  Platform: Linux  PlatformVersion: 5.14.0-427.37.1.el9_4.x86_64  CompilerName: GCC  CompilerVersion: 8.4.0
Program nu_correct, built from:
Package MNI N3, version 1.12.0, compiled by nicks@terrier (x86_64-unknown-linux-gnu) on 2015-06-19 at 01:25:34
#######################################
GCADIR /opt/freesurfer/average
GCA RB_all_2020-01-02.gca
GCASkull RB_all_withskull_2020_01_02.gca
AvgCurvTif folding.atlas.acfb40.noaparc.i12.2016-08-02.tif
GCSDIR /opt/freesurfer/average
GCS DKaparc.atlas.acfb40.noaparc.i12.2016-08-02.gcs
#######################################
/out/sourcedata/freesurfer/sub-v1s20x0050288_ses-1

 mri_convert /work/fmriprep_25_2_wf/sub_v1s20x0050288_ses_1_wf/anat_fit_wf/anat_validate/sub-v1s20x0050288_ses-1_T1w_noise_corrected_ras_valid.nii.gz /out/sourcedata/freesurfer/sub-v1s20x0050288_ses-1/mri/orig/001.mgz 

mri_convert /work/fmriprep_25_2_wf/sub_v1s20x0050288_ses_1_wf/anat_fit_wf/anat_validate/sub-v1s20x0050288_ses-1_T1w_noise_corrected_ras_valid.nii.gz /out/sourcedata/freesurfer/sub-v1s20x0050288_ses-1/mri/orig/001.mgz 
reading from /work/fmriprep_25_2_wf/sub_v1s20x0050288_ses_1_wf/anat_fit_wf/anat_validate/sub-v1s20x0050288_ses-1_T1w_noise_corrected_ras_valid.nii.gz...
TR=0.00, TE=0.00, TI=0.00, flip angle=0.00
i_ras = (1, 0, 0)
j_ras = (0, 1, 0)
k_ras = (0, 0, 1)
writing to /out/sourcedata/freesurfer/sub-v1s20x0050288_ses-1/mri/orig/001.mgz...
#--------------------------------------------
#@# MotionCor Thu Mar 12 15:02:49 CET 2026
Found 1 runs
/out/sourcedata/freesurfer/sub-v1s20x0050288_ses-1/mri/orig/001.mgz
Checking for (invalid) multi-frame inputs...
Only one run found so motion
correction will not be performed. I'll
copy the run to rawavg and continue.

 cp /out/sourcedata/freesurfer/sub-v1s20x0050288_ses-1/mri/orig/001.mgz /out/sourcedata/freesurfer/sub-v1s20x0050288_ses-1/mri/rawavg.mgz 


 mri_info /out/sourcedata/freesurfer/sub-v1s20x0050288_ses-1/mri/rawavg.mgz 

rawavg.mgz ========================================
Volume information for /out/sourcedata/freesurfer/sub-v1s20x0050288_ses-1/mri/rawavg.mgz
          type: MGH
    dimensions: 106 x 256 x 256
   voxel sizes: 1.400000, 1.000000, 1.000000
          type: FLOAT (3)
           fov: 256.000
           dof: 1
        xstart: -74.2, xend: 74.2
        ystart: -128.0, yend: 128.0
        zstart: -128.0, zend: 128.0
            TR: 0.00 msec, TE: 0.00 msec, TI: 0.00 msec, flip angle: 0.00 degrees
       nframes: 1
       PhEncDir: UNKNOWN
       FieldStrength: 0.000000
ras xform present
    xform info: x_r =   1.0000, y_r =   0.0000, z_r =   0.0000, c_r =     0.7000
              : x_a =   0.0000, y_a =   1.0000, z_a =   0.0000, c_a =     0.5000
              : x_s =   0.0000, y_s =   0.0000, z_s =   1.0000, c_s =     0.5000

talairach xfm : 
Orientation   : RAS
Primary Slice Direction: axial

voxel to ras transform:
                1.4000   0.0000   0.0000   -73.5000
                0.0000   1.0000   0.0000  -127.5000
                0.0000   0.0000   1.0000  -127.5000
                0.0000   0.0000   0.0000     1.0000

voxel-to-ras determinant 1.4

ras to voxel transform:
                0.7143   0.0000   0.0000    52.5000
                0.0000   1.0000   0.0000   127.5000
                0.0000   0.0000   1.0000   127.5000
                0.0000   0.0000   0.0000     1.0000
/out/sourcedata/freesurfer/sub-v1s20x0050288_ses-1

 mri_convert /out/sourcedata/freesurfer/sub-v1s20x0050288_ses-1/mri/rawavg.mgz /out/sourcedata/freesurfer/sub-v1s20x0050288_ses-1/mri/orig.mgz --conform 

mri_convert /out/sourcedata/freesurfer/sub-v1s20x0050288_ses-1/mri/rawavg.mgz /out/sourcedata/freesurfer/sub-v1s20x0050288_ses-1/mri/orig.mgz --conform 
reading from /out/sourcedata/freesurfer/sub-v1s20x0050288_ses-1/mri/rawavg.mgz...
TR=0.00, TE=0.00, TI=0.00, flip angle=0.00
i_ras = (1, 0, 0)
j_ras = (0, 1, 0)
k_ras = (0, 0, 1)
changing data type from float to uchar (noscale = 0)...
MRIchangeType: Building histogram 0 7194 1000, flo=0, fhi=0.999, dest_type=0
Reslicing using trilinear interpolation 
writing to /out/sourcedata/freesurfer/sub-v1s20x0050288_ses-1/mri/orig.mgz...

 mri_add_xform_to_header -c /out/sourcedata/freesurfer/sub-v1s20x0050288_ses-1/mri/transforms/talairach.xfm /out/sourcedata/freesurfer/sub-v1s20x0050288_ses-1/mri/orig.mgz /out/sourcedata/freesurfer/sub-v1s20x0050288_ses-1/mri/orig.mgz 

INFO: extension is mgz

 mri_info /out/sourcedata/freesurfer/sub-v1s20x0050288_ses-1/mri/orig.mgz 

orig.mgz ========================================
Volume information for /out/sourcedata/freesurfer/sub-v1s20x0050288_ses-1/mri/orig.mgz
          type: MGH
    dimensions: 256 x 256 x 256
   voxel sizes: 1.000000, 1.000000, 1.000000
          type: UCHAR (0)
           fov: 256.000
           dof: 1
        xstart: -128.0, xend: 128.0
        ystart: -128.0, yend: 128.0
        zstart: -128.0, zend: 128.0
            TR: 0.00 msec, TE: 0.00 msec, TI: 0.00 msec, flip angle: 0.00 degrees
       nframes: 1
       PhEncDir: UNKNOWN
       FieldStrength: 0.000000
ras xform present
    xform info: x_r =  -1.0000, y_r =   0.0000, z_r =   0.0000, c_r =     0.7000
              : x_a =   0.0000, y_a =   0.0000, z_a =   1.0000, c_a =     0.5000
              : x_s =   0.0000, y_s =  -1.0000, z_s =   0.0000, c_s =     0.5000

talairach xfm : /out/sourcedata/freesurfer/sub-v1s20x0050288_ses-1/mri/transforms/talairach.xfm
Orientation   : LIA
Primary Slice Direction: coronal

voxel to ras transform:
               -1.0000   0.0000   0.0000   128.7000
                0.0000   0.0000   1.0000  -127.5000
                0.0000  -1.0000   0.0000   128.5000
                0.0000   0.0000   0.0000     1.0000

voxel-to-ras determinant -1

ras to voxel transform:
               -1.0000  -0.0000  -0.0000   128.7000
               -0.0000  -0.0000  -1.0000   128.5000
               -0.0000   1.0000  -0.0000   127.5000
               -0.0000  -0.0000  -0.0000     1.0000
#--------------------------------------------
#@# Talairach Thu Mar 12 15:02:54 CET 2026
/out/sourcedata/freesurfer/sub-v1s20x0050288_ses-1/mri

 mri_nu_correct.mni --no-rescale --i orig.mgz --o orig_nu.mgz --ants-n4 --n 1 --proto-iters 1000 --distance 50 

/usr/bin/bc
/out/sourcedata/freesurfer/sub-v1s20x0050288_ses-1/mri
/opt/freesurfer/bin/mri_nu_correct.mni
--no-rescale --i orig.mgz --o orig_nu.mgz --ants-n4 --n 1 --proto-iters 1000 --distance 50
nIters 1
mri_nu_correct.mni 7.3.2
Linux dna065 5.14.0-427.37.1.el9_4.x86_64 #1 SMP PREEMPT_DYNAMIC Fri Sep 13 12:41:50 EDT 2024 x86_64 x86_64 x86_64 GNU/Linux
Thu Mar 12 15:02:54 CET 2026
tmpdir is ./tmp.mri_nu_correct.mni.757010
cd /out/sourcedata/freesurfer/sub-v1s20x0050288_ses-1/mri
AntsN4BiasFieldCorrectionFs -i orig.mgz -o ./tmp.mri_nu_correct.mni.757010/nu0.mgz --dtype uchar
AntsN4BiasFieldCorrectionFs done
mri_convert ./tmp.mri_nu_correct.mni.757010/nu0.mgz orig_nu.mgz --like orig.mgz --conform
mri_convert ./tmp.mri_nu_correct.mni.757010/nu0.mgz orig_nu.mgz --like orig.mgz --conform 
reading from ./tmp.mri_nu_correct.mni.757010/nu0.mgz...
TR=0.00, TE=0.00, TI=0.00, flip angle=0.00
i_ras = (-1, 0, 0)
j_ras = (0, 0, -1)
k_ras = (0, 1, 0)
INFO: transform src into the like-volume: orig.mgz
writing to orig_nu.mgz...
 
 
Thu Mar 12 15:05:27 CET 2026
mri_nu_correct.mni done

 talairach_avi --i orig_nu.mgz --xfm transforms/talairach.auto.xfm 

talairach_avi log file is transforms/talairach_avi.log...
mv -f /out/sourcedata/freesurfer/sub-v1s20x0050288_ses-1/mri/talsrcimg_to_711-2C_as_mni_average_305_t4_vox2vox.txt /out/sourcedata/freesurfer/sub-v1s20x0050288_ses-1/mri/transforms/talsrcimg_to_711-2C_as_mni_average_305_t4_vox2vox.txt
Started at Thu Mar 12 15:05:27 CET 2026
Ended   at Thu Mar 12 15:05:42 CET 2026
talairach_avi done

 cp transforms/talairach.auto.xfm transforms/talairach.xfm 

lta_convert --src orig.mgz --trg /opt/freesurfer/average/mni305.cor.mgz --inxfm transforms/talairach.xfm --outlta transforms/talairach.xfm.lta --subject fsaverage --ltavox2vox
7.3.2

--src: orig.mgz src image (geometry).
--trg: /opt/freesurfer/average/mni305.cor.mgz trg image (geometry).
--inmni: transforms/talairach.xfm input MNI/XFM transform.
--outlta: transforms/talairach.xfm.lta output LTA.
--s: fsaverage subject name
--ltavox2vox: output LTA as VOX_TO_VOX transform.
 LTA read, type : 1
 1.08797  -0.00918   0.03494   0.41498;
-0.00933   1.01609  -0.15405  -19.63019;
-0.04707   0.22195   1.15499   5.29966;
 0.00000   0.00000   0.00000   1.00000;
setting subject to fsaverage
Writing  LTA to file transforms/talairach.xfm.lta...
lta_convert successful.
#--------------------------------------------
#@# Talairach Failure Detection Thu Mar 12 15:05:44 CET 2026
/out/sourcedata/freesurfer/sub-v1s20x0050288_ses-1/mri

 talairach_afd -T 0.005 -xfm transforms/talairach.xfm 

talairach_afd: Talairach Transform: transforms/talairach.xfm OK (p=0.4295, pval=0.1049 >= threshold=0.0050)

 awk -f /opt/freesurfer/bin/extract_talairach_avi_QA.awk /out/sourcedata/freesurfer/sub-v1s20x0050288_ses-1/mri/transforms/talairach_avi.log 


 tal_QC_AZS /out/sourcedata/freesurfer/sub-v1s20x0050288_ses-1/mri/transforms/talairach_avi.log 

TalAviQA: 0.97975
z-score: 0
#--------------------------------------------
#@# Nu Intensity Correction Thu Mar 12 15:05:44 CET 2026

 mri_nu_correct.mni --i orig.mgz --o nu.mgz --uchar transforms/talairach.xfm --n 2 --ants-n4 

/usr/bin/bc
/out/sourcedata/freesurfer/sub-v1s20x0050288_ses-1/mri
/opt/freesurfer/bin/mri_nu_correct.mni
--i orig.mgz --o nu.mgz --uchar transforms/talairach.xfm --n 2 --ants-n4
nIters 2
mri_nu_correct.mni 7.3.2
Linux dna065 5.14.0-427.37.1.el9_4.x86_64 #1 SMP PREEMPT_DYNAMIC Fri Sep 13 12:41:50 EDT 2024 x86_64 x86_64 x86_64 GNU/Linux
Thu Mar 12 15:05:44 CET 2026
tmpdir is ./tmp.mri_nu_correct.mni.757652
cd /out/sourcedata/freesurfer/sub-v1s20x0050288_ses-1/mri
AntsN4BiasFieldCorrectionFs -i orig.mgz -o ./tmp.mri_nu_correct.mni.757652/nu0.mgz --dtype uchar
AntsN4BiasFieldCorrectionFs done
mri_binarize --i ./tmp.mri_nu_correct.mni.757652/nu0.mgz --min -1 --o ./tmp.mri_nu_correct.mni.757652/ones.mgz

7.3.2
cwd /out/sourcedata/freesurfer/sub-v1s20x0050288_ses-1/mri
cmdline mri_binarize --i ./tmp.mri_nu_correct.mni.757652/nu0.mgz --min -1 --o ./tmp.mri_nu_correct.mni.757652/ones.mgz 
sysname  Linux
hostname dna065
machine  x86_64
user     oesteban

input      ./tmp.mri_nu_correct.mni.757652/nu0.mgz
frame      0
nErode3d   0
nErode2d   0
output     ./tmp.mri_nu_correct.mni.757652/ones.mgz
Binarizing based on threshold
min        -1
max        +infinity
binval        1
binvalnot     0
fstart = 0, fend = 0, nframes = 1
Starting parallel 1
Found 16777216 values in range
Counting number of voxels in first frame
Found 16777215 voxels in final mask
Writing output to ./tmp.mri_nu_correct.mni.757652/ones.mgz
Count: 16777215 16777215.000000 16777216 99.999994
mri_binarize done
mri_segstats --id 1 --seg ./tmp.mri_nu_correct.mni.757652/ones.mgz --i orig.mgz --sum ./tmp.mri_nu_correct.mni.757652/sum.junk --avgwf ./tmp.mri_nu_correct.mni.757652/input.mean.dat

7.3.2
cwd 
cmdline mri_segstats --id 1 --seg ./tmp.mri_nu_correct.mni.757652/ones.mgz --i orig.mgz --sum ./tmp.mri_nu_correct.mni.757652/sum.junk --avgwf ./tmp.mri_nu_correct.mni.757652/input.mean.dat 
sysname  Linux
hostname dna065
machine  x86_64
user     oesteban
whitesurfname  white
UseRobust  0
Loading ./tmp.mri_nu_correct.mni.757652/ones.mgz
Loading orig.mgz
Voxel Volume is 1 mm^3
Generating list of segmentation ids
Found   1 segmentations
Computing statistics for each segmentation

Reporting on   1 segmentations
Using PrintSegStat
Computing spatial average of each frame

Writing to ./tmp.mri_nu_correct.mni.757652/input.mean.dat
mri_segstats done
mri_segstats --id 1 --seg ./tmp.mri_nu_correct.mni.757652/ones.mgz --i ./tmp.mri_nu_correct.mni.757652/nu0.mgz --sum ./tmp.mri_nu_correct.mni.757652/sum.junk --avgwf ./tmp.mri_nu_correct.mni.757652/output.mean.dat

7.3.2
cwd 
cmdline mri_segstats --id 1 --seg ./tmp.mri_nu_correct.mni.757652/ones.mgz --i ./tmp.mri_nu_correct.mni.757652/nu0.mgz --sum ./tmp.mri_nu_correct.mni.757652/sum.junk --avgwf ./tmp.mri_nu_correct.mni.757652/output.mean.dat 
sysname  Linux
hostname dna065
machine  x86_64
user     oesteban
whitesurfname  white
UseRobust  0
Loading ./tmp.mri_nu_correct.mni.757652/ones.mgz
Loading ./tmp.mri_nu_correct.mni.757652/nu0.mgz
Voxel Volume is 1 mm^3
Generating list of segmentation ids
Found   1 segmentations
Computing statistics for each segmentation

Reporting on   1 segmentations
Using PrintSegStat
Computing spatial average of each frame

Writing to ./tmp.mri_nu_correct.mni.757652/output.mean.dat
mri_segstats done
mris_calc -o ./tmp.mri_nu_correct.mni.757652/nu0.mgz ./tmp.mri_nu_correct.mni.757652/nu0.mgz mul 1.16783705900456033349
Saving result to './tmp.mri_nu_correct.mni.757652/nu0.mgz' (type = MGH )                       [ ok ]
mri_convert ./tmp.mri_nu_correct.mni.757652/nu0.mgz nu.mgz --like orig.mgz
mri_convert ./tmp.mri_nu_correct.mni.757652/nu0.mgz nu.mgz --like orig.mgz 
reading from ./tmp.mri_nu_correct.mni.757652/nu0.mgz...
TR=0.00, TE=0.00, TI=0.00, flip angle=0.00
i_ras = (-1, 0, 0)
j_ras = (0, 0, -1)
k_ras = (0, 1, 0)
INFO: transform src into the like-volume: orig.mgz
writing to nu.mgz...
mri_make_uchar nu.mgz transforms/talairach.xfm nu.mgz
type change took 0 minutes and 3 seconds.
FIRST_PERCENTILE 0.010000
WM_PERCENTILE    0.900000
MAX_R 50.000000
i1 = 5, i2 = 39
#mri_make_uchar# mapping 13 100 to  3 110  :  b -13.2515 m 1.22694 : thresh 10.8004 maxsat 218.635 : nzero 14554489 nsat 8570
 
 
Thu Mar 12 15:08:29 CET 2026
mri_nu_correct.mni done

 mri_add_xform_to_header -c /out/sourcedata/freesurfer/sub-v1s20x0050288_ses-1/mri/transforms/talairach.xfm nu.mgz nu.mgz 

INFO: extension is mgz
#--------------------------------------------
#@# Intensity Normalization Thu Mar 12 15:08:29 CET 2026
/out/sourcedata/freesurfer/sub-v1s20x0050288_ses-1/mri

 mri_normalize -g 1 -seed 1234 -mprage nu.mgz T1.mgz 

using max gradient = 1.000
setting seed for random number genererator to 1234
assuming input volume is MGH (Van der Kouwe) MP-RAGE
reading mri_src from nu.mgz...
normalizing image...
NOT doing gentle normalization with control points/label
talairach transform
 1.08797  -0.00918   0.03494   0.41498;
-0.00933   1.01609  -0.15405  -19.63019;
-0.04707   0.22195   1.15499   5.29966;
 0.00000   0.00000   0.00000   1.00000;
processing without aseg, no1d=0
MRInormInit(): 
INFO: Modifying talairach volume c_(r,a,s) based on average_305
MRInormalize(): 
MRIsplineNormalize(): npeaks = 6
Starting OpenSpline(): npoints = 6
building Voronoi diagram...
performing soap bubble smoothing, sigma = 8...

Iterating 2 times
---------------------------------
3d normalization pass 1 of 2
white matter peak found at 110
white matter peak found at 90
gm peak at 68 (68), valley at 30 (30)
csf peak at 35, setting threshold to 57
building Voronoi diagram...
performing soap bubble smoothing, sigma = 8...
---------------------------------
3d normalization pass 2 of 2
white matter peak found at 110
white matter peak found at 110
gm peak at 65 (65), valley at 28 (28)
csf peak at 33, setting threshold to 54
building Voronoi diagram...
performing soap bubble smoothing, sigma = 8...
Done iterating ---------------------------------
writing output to T1.mgz
3D bias adjustment took 1 minutes and 1 seconds.

Started at Thu Mar 12 15:02:47 CET 2026 
Ended   at Thu Mar 12 15:09:31 CET 2026
#@#%# recon-all-run-time-hours 0.112
recon-all -s sub-v1s20x0050288_ses-1 finished without error at Thu Mar 12 15:09:31 CET 2026



#New# invocation of recon-all 




Thu Mar 12 15:15:28 CET 2026
cd /out/sourcedata/freesurfer/sub-v1s20x0050288_ses-1
setenv SUBJECTS_DIR /out/sourcedata/freesurfer
/opt/freesurfer/bin/recon-all -openmp 16 -subjid sub-v1s20x0050288_ses-1 -sd /out/sourcedata/freesurfer -gcareg

subjid sub-v1s20x0050288_ses-1
setenv SUBJECTS_DIR /out/sourcedata/freesurfer
FREESURFER_HOME /opt/freesurfer
Actual FREESURFER_HOME /opt/freesurfer
build-stamp.txt: freesurfer-linux-ubuntu22_x86_64-7.3.2-20220804-6354275
Linux dna065 5.14.0-427.37.1.el9_4.x86_64 #1 SMP PREEMPT_DYNAMIC Fri Sep 13 12:41:50 EDT 2024 x86_64 x86_64 x86_64 GNU/Linux
cputime      unlimited
filesize     unlimited
datasize     unlimited
stacksize    8192 kbytes
coredumpsize 0 kbytes
memoryuse    67108864 kbytes
vmemoryuse   unlimited
descriptors  1024 
memorylocked unlimited
maxproc      2061970 
maxlocks     unlimited
maxsignal    2062029 
maxmessage   819200 
maxnice      0 
maxrtprio    0 
maxrttime    unlimited

               total        used        free      shared  buff/cache   available
Mem:           503Gi        57Gi       385Gi        11Gi        60Gi       431Gi
Swap:             0B          0B          0B

########################################
program versions used
7.3.2 (freesurfer-linux-ubuntu22_x86_64-7.3.2-20220804-6354275)
7.3.2

ProgramName: lta_convert  ProgramArguments: lta_convert -all-info  ProgramVersion: 7.3.2  TimeStamp: 2026/03/12-14:15:28-GMT  BuildTime: Aug  4 2022 06:17:15  BuildStamp: freesurfer-linux-ubuntu22_x86_64-7.3.2-20220804-6354275  User: oesteban  Machine: dna065  Platform: Linux  PlatformVersion: 5.14.0-427.37.1.el9_4.x86_64  CompilerName: GCC  CompilerVersion: 8.4.0
ProgramName: mri_and  ProgramArguments: mri_and -all-info  ProgramVersion: 7.3.2  TimeStamp: 2026/03/12-14:15:28-GMT  BuildTime: Aug  4 2022 06:17:15  BuildStamp: freesurfer-linux-ubuntu22_x86_64-7.3.2-20220804-6354275  User: oesteban  Machine: dna065  Platform: Linux  PlatformVersion: 5.14.0-427.37.1.el9_4.x86_64  CompilerName: GCC  CompilerVersion: 8.4.0
ProgramName: mri_annotation2label  ProgramArguments: mri_annotation2label -all-info  ProgramVersion: 7.3.2  TimeStamp: 2026/03/12-14:15:28-GMT  BuildTime: Aug  4 2022 06:17:15  BuildStamp: freesurfer-linux-ubuntu22_x86_64-7.3.2-20220804-6354275  User: oesteban  Machine: dna065  Platform: Linux  PlatformVersion: 5.14.0-427.37.1.el9_4.x86_64  CompilerName: GCC  CompilerVersion: 8.4.0
ProgramName: mri_aparc2aseg  ProgramArguments: mri_aparc2aseg -all-info  ProgramVersion: 7.3.2  TimeStamp: 2026/03/12-14:15:28-GMT  BuildTime: Aug  4 2022 06:17:15  BuildStamp: freesurfer-linux-ubuntu22_x86_64-7.3.2-20220804-6354275  User: oesteban  Machine: dna065  Platform: Linux  PlatformVersion: 5.14.0-427.37.1.el9_4.x86_64  CompilerName: GCC  CompilerVersion: 8.4.0
ProgramName: mri_surf2volseg  ProgramArguments: mri_surf2volseg -all-info  ProgramVersion: 7.3.2  TimeStamp: 2026/03/12-14:15:28-GMT  BuildTime: Aug  4 2022 06:17:15  BuildStamp: freesurfer-linux-ubuntu22_x86_64-7.3.2-20220804-6354275  User: oesteban  Machine: dna065  Platform: Linux  PlatformVersion: 5.14.0-427.37.1.el9_4.x86_64  CompilerName: GCC  CompilerVersion: 8.4.0
ProgramName: mri_binarize  ProgramArguments: mri_binarize -all-info  ProgramVersion: 7.3.2  TimeStamp: 2026/03/12-14:15:28-GMT  BuildTime: Aug  4 2022 06:17:15  BuildStamp: freesurfer-linux-ubuntu22_x86_64-7.3.2-20220804-6354275  User: oesteban  Machine: dna065  Platform: Linux  PlatformVersion: 5.14.0-427.37.1.el9_4.x86_64  CompilerName: GCC  CompilerVersion: 8.4.0
ProgramName: mri_ca_label  ProgramArguments: mri_ca_label -all-info  ProgramVersion: 7.3.2  TimeStamp: 2026/03/12-14:15:28-GMT  BuildTime: Aug  4 2022 06:17:15  BuildStamp: freesurfer-linux-ubuntu22_x86_64-7.3.2-20220804-6354275  User: oesteban  Machine: dna065  Platform: Linux  PlatformVersion: 5.14.0-427.37.1.el9_4.x86_64  CompilerName: GCC  CompilerVersion: 8.4.0
ProgramName: mri_ca_normalize  ProgramArguments: mri_ca_normalize -all-info  ProgramVersion: 7.3.2  TimeStamp: 2026/03/12-14:15:28-GMT  BuildTime: Aug  4 2022 06:17:15  BuildStamp: freesurfer-linux-ubuntu22_x86_64-7.3.2-20220804-6354275  User: oesteban  Machine: dna065  Platform: Linux  PlatformVersion: 5.14.0-427.37.1.el9_4.x86_64  CompilerName: GCC  CompilerVersion: 8.4.0
ProgramName: mri_ca_register  ProgramArguments: mri_ca_register -all-info  ProgramVersion: 7.3.2  TimeStamp: 2026/03/12-14:15:28-GMT  BuildTime: Aug  4 2022 06:17:15  BuildStamp: freesurfer-linux-ubuntu22_x86_64-7.3.2-20220804-6354275  User: oesteban  Machine: dna065  Platform: Linux  PlatformVersion: 5.14.0-427.37.1.el9_4.x86_64  CompilerName: GCC  CompilerVersion: 8.4.0
ProgramName: mri_cc  ProgramArguments: mri_cc -all-info  ProgramVersion: 7.3.2  TimeStamp: 2026/03/12-14:15:28-GMT  BuildTime: Aug  4 2022 06:17:15  BuildStamp: freesurfer-linux-ubuntu22_x86_64-7.3.2-20220804-6354275  User: oesteban  Machine: dna065  Platform: Linux  PlatformVersion: 5.14.0-427.37.1.el9_4.x86_64  CompilerName: GCC  CompilerVersion: 8.4.0
ProgramName: mri_compute_overlap  ProgramArguments: mri_compute_overlap -all-info  ProgramVersion: 7.3.2  TimeStamp: 2026/03/12-14:15:28-GMT  BuildTime: Aug  4 2022 06:17:15  BuildStamp: freesurfer-linux-ubuntu22_x86_64-7.3.2-20220804-6354275  User: oesteban  Machine: dna065  Platform: Linux  PlatformVersion: 5.14.0-427.37.1.el9_4.x86_64  CompilerName: GCC  CompilerVersion: 8.4.0
ProgramName: mri_compute_seg_overlap  ProgramArguments: mri_compute_seg_overlap -all-info  ProgramVersion: 7.3.2  TimeStamp: 2026/03/12-14:15:28-GMT  BuildTime: Aug  4 2022 06:17:15  BuildStamp: freesurfer-linux-ubuntu22_x86_64-7.3.2-20220804-6354275  User: oesteban  Machine: dna065  Platform: Linux  PlatformVersion: 5.14.0-427.37.1.el9_4.x86_64  CompilerName: GCC  CompilerVersion: 8.4.0
ProgramName: mri_concat  ProgramArguments: mri_concat -all-info  ProgramVersion: 7.3.2  TimeStamp: 2026/03/12-14:15:28-GMT  BuildTime: Aug  4 2022 06:17:15  BuildStamp: freesurfer-linux-ubuntu22_x86_64-7.3.2-20220804-6354275  User: oesteban  Machine: dna065  Platform: Linux  PlatformVersion: 5.14.0-427.37.1.el9_4.x86_64  CompilerName: GCC  CompilerVersion: 8.4.0
ProgramName: mri_concatenate_lta  ProgramArguments: mri_concatenate_lta -all-info  ProgramVersion: 7.3.2  TimeStamp: 2026/03/12-14:15:28-GMT  BuildTime: Aug  4 2022 06:17:15  BuildStamp: freesurfer-linux-ubuntu22_x86_64-7.3.2-20220804-6354275  User: oesteban  Machine: dna065  Platform: Linux  PlatformVersion: 5.14.0-427.37.1.el9_4.x86_64  CompilerName: GCC  CompilerVersion: 8.4.0
mri_convert -all-info 
ProgramName: mri_convert  ProgramArguments: mri_convert -all-info  ProgramVersion: 7.3.2  TimeStamp: 2026/03/12-14:15:28-GMT  BuildTime: Aug  4 2022 06:17:15  BuildStamp: freesurfer-linux-ubuntu22_x86_64-7.3.2-20220804-6354275  User: oesteban  Machine: dna065  Platform: Linux  PlatformVersion: 5.14.0-427.37.1.el9_4.x86_64  CompilerName: GCC  CompilerVersion: 8.4.0
ProgramName: mri_diff  ProgramArguments: mri_diff -all-info  ProgramVersion: 7.3.2  TimeStamp: 2026/03/12-14:15:28-GMT  BuildTime: Aug  4 2022 06:17:15  BuildStamp: freesurfer-linux-ubuntu22_x86_64-7.3.2-20220804-6354275  User: oesteban  Machine: dna065  Platform: Linux  PlatformVersion: 5.14.0-427.37.1.el9_4.x86_64  CompilerName: GCC  CompilerVersion: 8.4.0
ProgramName: mri_edit_wm_with_aseg  ProgramArguments: mri_edit_wm_with_aseg -all-info  ProgramVersion: 7.3.2  TimeStamp: 2026/03/12-14:15:28-GMT  BuildTime: Aug  4 2022 06:17:15  BuildStamp: freesurfer-linux-ubuntu22_x86_64-7.3.2-20220804-6354275  User: oesteban  Machine: dna065  Platform: Linux  PlatformVersion: 5.14.0-427.37.1.el9_4.x86_64  CompilerName: GCC  CompilerVersion: 8.4.0
ProgramName: mri_em_register  ProgramArguments: mri_em_register -all-info  ProgramVersion: 7.3.2  TimeStamp: 2026/03/12-14:15:28-GMT  BuildTime: Aug  4 2022 06:17:15  BuildStamp: freesurfer-linux-ubuntu22_x86_64-7.3.2-20220804-6354275  User: oesteban  Machine: dna065  Platform: Linux  PlatformVersion: 5.14.0-427.37.1.el9_4.x86_64  CompilerName: GCC  CompilerVersion: 8.4.0
ProgramName: mri_fill  ProgramArguments: mri_fill -all-info  ProgramVersion: 7.3.2  TimeStamp: 2026/03/12-14:15:28-GMT  BuildTime: Aug  4 2022 06:17:15  BuildStamp: freesurfer-linux-ubuntu22_x86_64-7.3.2-20220804-6354275  User: oesteban  Machine: dna065  Platform: Linux  PlatformVersion: 5.14.0-427.37.1.el9_4.x86_64  CompilerName: GCC  CompilerVersion: 8.4.0
ProgramName: mri_fuse_segmentations  ProgramArguments: mri_fuse_segmentations -all-info  ProgramVersion: 7.3.2  TimeStamp: 2026/03/12-14:15:28-GMT  BuildTime: Aug  4 2022 06:17:15  BuildStamp: freesurfer-linux-ubuntu22_x86_64-7.3.2-20220804-6354275  User: oesteban  Machine: dna065  Platform: Linux  PlatformVersion: 5.14.0-427.37.1.el9_4.x86_64  CompilerName: GCC  CompilerVersion: 8.4.0
ProgramName: mri_fwhm  ProgramArguments: mri_fwhm -all-info  ProgramVersion: 7.3.2  TimeStamp: 2026/03/12-14:15:28-GMT  BuildTime: Aug  4 2022 06:17:15  BuildStamp: freesurfer-linux-ubuntu22_x86_64-7.3.2-20220804-6354275  User: oesteban  Machine: dna065  Platform: Linux  PlatformVersion: 5.14.0-427.37.1.el9_4.x86_64  CompilerName: GCC  CompilerVersion: 8.4.0
ProgramName: mri_gcut  ProgramArguments: mri_gcut -all-info  ProgramVersion: 7.3.2  TimeStamp: 2026/03/12-14:15:28-GMT  BuildTime: Aug  4 2022 06:17:15  BuildStamp: freesurfer-linux-ubuntu22_x86_64-7.3.2-20220804-6354275  User: oesteban  Machine: dna065  Platform: Linux  PlatformVersion: 5.14.0-427.37.1.el9_4.x86_64  CompilerName: GCC  CompilerVersion: 8.4.0
ProgramName: mri_info  ProgramArguments: mri_info -all-info  ProgramVersion: 7.3.2  TimeStamp: 2026/03/12-14:15:28-GMT  BuildTime: Aug  4 2022 06:17:15  BuildStamp: freesurfer-linux-ubuntu22_x86_64-7.3.2-20220804-6354275  User: oesteban  Machine: dna065  Platform: Linux  PlatformVersion: 5.14.0-427.37.1.el9_4.x86_64  CompilerName: GCC  CompilerVersion: 8.4.0
ProgramName: mri_label2label  ProgramArguments: mri_label2label -all-info  ProgramVersion: 7.3.2  TimeStamp: 2026/03/12-14:15:28-GMT  BuildTime: Aug  4 2022 06:17:15  BuildStamp: freesurfer-linux-ubuntu22_x86_64-7.3.2-20220804-6354275  User: oesteban  Machine: dna065  Platform: Linux  PlatformVersion: 5.14.0-427.37.1.el9_4.x86_64  CompilerName: GCC  CompilerVersion: 8.4.0
ProgramName: mri_label2vol  ProgramArguments: mri_label2vol -all-info  ProgramVersion: 7.3.2  TimeStamp: 2026/03/12-14:15:28-GMT  BuildTime: Aug  4 2022 06:17:15  BuildStamp: freesurfer-linux-ubuntu22_x86_64-7.3.2-20220804-6354275  User: oesteban  Machine: dna065  Platform: Linux  PlatformVersion: 5.14.0-427.37.1.el9_4.x86_64  CompilerName: GCC  CompilerVersion: 8.4.0
ProgramName: mri_log_likelihood  ProgramArguments: mri_log_likelihood -all-info  ProgramVersion: 7.3.2  TimeStamp: 2026/03/12-14:15:28-GMT  BuildTime: Aug  4 2022 06:17:15  BuildStamp: freesurfer-linux-ubuntu22_x86_64-7.3.2-20220804-6354275  User: oesteban  Machine: dna065  Platform: Linux  PlatformVersion: 5.14.0-427.37.1.el9_4.x86_64  CompilerName: GCC  CompilerVersion: 8.4.0
ProgramName: mri_mask  ProgramArguments: mri_mask -all-info  ProgramVersion: 7.3.2  TimeStamp: 2026/03/12-14:15:28-GMT  BuildTime: Aug  4 2022 06:17:15  BuildStamp: freesurfer-linux-ubuntu22_x86_64-7.3.2-20220804-6354275  User: oesteban  Machine: dna065  Platform: Linux  PlatformVersion: 5.14.0-427.37.1.el9_4.x86_64  CompilerName: GCC  CompilerVersion: 8.4.0
ProgramName: mri_matrix_multiply  ProgramArguments: mri_matrix_multiply -all-info  ProgramVersion: 7.3.2  TimeStamp: 2026/03/12-14:15:28-GMT  BuildTime: Aug  4 2022 06:17:15  BuildStamp: freesurfer-linux-ubuntu22_x86_64-7.3.2-20220804-6354275  User: oesteban  Machine: dna065  Platform: Linux  PlatformVersion: 5.14.0-427.37.1.el9_4.x86_64  CompilerName: GCC  CompilerVersion: 8.4.0
ProgramName: mri_normalize  ProgramArguments: mri_normalize -all-info  ProgramVersion: 7.3.2  TimeStamp: 2026/03/12-14:15:28-GMT  BuildTime: Aug  4 2022 06:17:15  BuildStamp: freesurfer-linux-ubuntu22_x86_64-7.3.2-20220804-6354275  User: oesteban  Machine: dna065  Platform: Linux  PlatformVersion: 5.14.0-427.37.1.el9_4.x86_64  CompilerName: GCC  CompilerVersion: 8.4.0
ProgramName: mri_normalize_tp2  ProgramArguments: mri_normalize_tp2 -all-info  ProgramVersion: 7.3.2  TimeStamp: 2026/03/12-14:15:28-GMT  BuildTime: Aug  4 2022 06:17:15  BuildStamp: freesurfer-linux-ubuntu22_x86_64-7.3.2-20220804-6354275  User: oesteban  Machine: dna065  Platform: Linux  PlatformVersion: 5.14.0-427.37.1.el9_4.x86_64  CompilerName: GCC  CompilerVersion: 8.4.0
ProgramName: mri_or  ProgramArguments: mri_or -all-info  ProgramVersion: 7.3.2  TimeStamp: 2026/03/12-14:15:28-GMT  BuildTime: Aug  4 2022 06:17:15  BuildStamp: freesurfer-linux-ubuntu22_x86_64-7.3.2-20220804-6354275  User: oesteban  Machine: dna065  Platform: Linux  PlatformVersion: 5.14.0-427.37.1.el9_4.x86_64  CompilerName: GCC  CompilerVersion: 8.4.0
ProgramName: mri_relabel_hypointensities  ProgramArguments: mri_relabel_hypointensities -all-info  ProgramVersion: 7.3.2  TimeStamp: 2026/03/12-14:15:28-GMT  BuildTime: Aug  4 2022 06:17:15  BuildStamp: freesurfer-linux-ubuntu22_x86_64-7.3.2-20220804-6354275  User: oesteban  Machine: dna065  Platform: Linux  PlatformVersion: 5.14.0-427.37.1.el9_4.x86_64  CompilerName: GCC  CompilerVersion: 8.4.0
ProgramName: mri_relabel_nonwm_hypos  ProgramArguments: mri_relabel_nonwm_hypos -all-info  ProgramVersion: 7.3.2  TimeStamp: 2026/03/12-14:15:28-GMT  BuildTime: Aug  4 2022 06:17:15  BuildStamp: freesurfer-linux-ubuntu22_x86_64-7.3.2-20220804-6354275  User: oesteban  Machine: dna065  Platform: Linux  PlatformVersion: 5.14.0-427.37.1.el9_4.x86_64  CompilerName: GCC  CompilerVersion: 8.4.0
ProgramName: mri_remove_neck  ProgramArguments: mri_remove_neck -all-info  ProgramVersion: 7.3.2  TimeStamp: 2026/03/12-14:15:28-GMT  BuildTime: Aug  4 2022 06:17:15  BuildStamp: freesurfer-linux-ubuntu22_x86_64-7.3.2-20220804-6354275  User: oesteban  Machine: dna065  Platform: Linux  PlatformVersion: 5.14.0-427.37.1.el9_4.x86_64  CompilerName: GCC  CompilerVersion: 8.4.0
7.3.2

ProgramName: mri_robust_register  ProgramArguments: mri_robust_register -all-info  ProgramVersion: 7.3.2  TimeStamp: 2026/03/12-14:15:28-GMT  BuildTime: Aug  4 2022 06:17:15  BuildStamp: freesurfer-linux-ubuntu22_x86_64-7.3.2-20220804-6354275  User: oesteban  Machine: dna065  Platform: Linux  PlatformVersion: 5.14.0-427.37.1.el9_4.x86_64  CompilerName: GCC  CompilerVersion: 8.4.0
7.3.2

ProgramName: mri_robust_template  ProgramArguments: mri_robust_template -all-info  ProgramVersion: 7.3.2  TimeStamp: 2026/03/12-14:15:28-GMT  BuildTime: Aug  4 2022 06:17:15  BuildStamp: freesurfer-linux-ubuntu22_x86_64-7.3.2-20220804-6354275  User: oesteban  Machine: dna065  Platform: Linux  PlatformVersion: 5.14.0-427.37.1.el9_4.x86_64  CompilerName: GCC  CompilerVersion: 8.4.0
ProgramName: mris_anatomical_stats  ProgramArguments: mris_anatomical_stats -all-info  ProgramVersion: 7.3.2  TimeStamp: 2026/03/12-14:15:28-GMT  BuildTime: Aug  4 2022 06:17:15  BuildStamp: freesurfer-linux-ubuntu22_x86_64-7.3.2-20220804-6354275  User: oesteban  Machine: dna065  Platform: Linux  PlatformVersion: 5.14.0-427.37.1.el9_4.x86_64  CompilerName: GCC  CompilerVersion: 8.4.0
ProgramName: mris_ca_label  ProgramArguments: mris_ca_label -all-info  ProgramVersion: 7.3.2  TimeStamp: 2026/03/12-14:15:28-GMT  BuildTime: Aug  4 2022 06:17:15  BuildStamp: freesurfer-linux-ubuntu22_x86_64-7.3.2-20220804-6354275  User: oesteban  Machine: dna065  Platform: Linux  PlatformVersion: 5.14.0-427.37.1.el9_4.x86_64  CompilerName: GCC  CompilerVersion: 8.4.0
ProgramName: mris_calc  ProgramArguments: mris_calc -all-info  ProgramVersion: 7.3.2  TimeStamp: 2026/03/12-14:15:28-GMT  BuildTime: Aug  4 2022 06:17:15  BuildStamp: freesurfer-linux-ubuntu22_x86_64-7.3.2-20220804-6354275  User: oesteban  Machine: dna065  Platform: Linux  PlatformVersion: 5.14.0-427.37.1.el9_4.x86_64  CompilerName: GCC  CompilerVersion: 8.4.0
ProgramName: mris_convert  ProgramArguments: mris_convert -all-info  ProgramVersion: 7.3.2  TimeStamp: 2026/03/12-14:15:28-GMT  BuildTime: Aug  4 2022 06:17:15  BuildStamp: freesurfer-linux-ubuntu22_x86_64-7.3.2-20220804-6354275  User: oesteban  Machine: dna065  Platform: Linux  PlatformVersion: 5.14.0-427.37.1.el9_4.x86_64  CompilerName: GCC  CompilerVersion: 8.4.0
ProgramName: mris_curvature  ProgramArguments: mris_curvature -all-info  ProgramVersion: 7.3.2  TimeStamp: 2026/03/12-14:15:28-GMT  BuildTime: Aug  4 2022 06:17:15  BuildStamp: freesurfer-linux-ubuntu22_x86_64-7.3.2-20220804-6354275  User: oesteban  Machine: dna065  Platform: Linux  PlatformVersion: 5.14.0-427.37.1.el9_4.x86_64  CompilerName: GCC  CompilerVersion: 8.4.0
ProgramName: mris_curvature_stats  ProgramArguments: mris_curvature_stats -all-info  ProgramVersion: 7.3.2  TimeStamp: 2026/03/12-14:15:28-GMT  BuildTime: Aug  4 2022 06:17:15  BuildStamp: freesurfer-linux-ubuntu22_x86_64-7.3.2-20220804-6354275  User: oesteban  Machine: dna065  Platform: Linux  PlatformVersion: 5.14.0-427.37.1.el9_4.x86_64  CompilerName: GCC  CompilerVersion: 8.4.0
ProgramName: mris_diff  ProgramArguments: mris_diff -all-info  ProgramVersion: 7.3.2  TimeStamp: 2026/03/12-14:15:28-GMT  BuildTime: Aug  4 2022 06:17:15  BuildStamp: freesurfer-linux-ubuntu22_x86_64-7.3.2-20220804-6354275  User: oesteban  Machine: dna065  Platform: Linux  PlatformVersion: 5.14.0-427.37.1.el9_4.x86_64  CompilerName: GCC  CompilerVersion: 8.4.0
ProgramName: mris_divide_parcellation  ProgramArguments: mris_divide_parcellation -all-info  ProgramVersion: 7.3.2  TimeStamp: 2026/03/12-14:15:28-GMT  BuildTime: Aug  4 2022 06:17:15  BuildStamp: freesurfer-linux-ubuntu22_x86_64-7.3.2-20220804-6354275  User: oesteban  Machine: dna065  Platform: Linux  PlatformVersion: 5.14.0-427.37.1.el9_4.x86_64  CompilerName: GCC  CompilerVersion: 8.4.0
ProgramName: mri_segment  ProgramArguments: mri_segment -all-info  ProgramVersion: 7.3.2  TimeStamp: 2026/03/12-14:15:28-GMT  BuildTime: Aug  4 2022 06:17:15  BuildStamp: freesurfer-linux-ubuntu22_x86_64-7.3.2-20220804-6354275  User: oesteban  Machine: dna065  Platform: Linux  PlatformVersion: 5.14.0-427.37.1.el9_4.x86_64  CompilerName: GCC  CompilerVersion: 8.4.0
ProgramName: mri_segstats  ProgramArguments: mri_segstats -all-info  ProgramVersion: 7.3.2  TimeStamp: 2026/03/12-14:15:28-GMT  BuildTime: Aug  4 2022 06:17:15  BuildStamp: freesurfer-linux-ubuntu22_x86_64-7.3.2-20220804-6354275  User: oesteban  Machine: dna065  Platform: Linux  PlatformVersion: 5.14.0-427.37.1.el9_4.x86_64  CompilerName: GCC  CompilerVersion: 8.4.0
ProgramName: mris_euler_number  ProgramArguments: mris_euler_number -all-info  ProgramVersion: 7.3.2  TimeStamp: 2026/03/12-14:15:28-GMT  BuildTime: Aug  4 2022 06:17:15  BuildStamp: freesurfer-linux-ubuntu22_x86_64-7.3.2-20220804-6354275  User: oesteban  Machine: dna065  Platform: Linux  PlatformVersion: 5.14.0-427.37.1.el9_4.x86_64  CompilerName: GCC  CompilerVersion: 8.4.0
ProgramName: mris_fix_topology  ProgramArguments: mris_fix_topology -all-info  ProgramVersion: 7.3.2  TimeStamp: 2026/03/12-14:15:28-GMT  BuildTime: Aug  4 2022 06:17:15  BuildStamp: freesurfer-linux-ubuntu22_x86_64-7.3.2-20220804-6354275  User: oesteban  Machine: dna065  Platform: Linux  PlatformVersion: 5.14.0-427.37.1.el9_4.x86_64  CompilerName: GCC  CompilerVersion: 8.4.0
ProgramName: mris_topo_fixer  ProgramArguments: mris_topo_fixer -all-info  ProgramVersion: 7.3.2  TimeStamp: 2026/03/12-14:15:28-GMT  BuildTime: Aug  4 2022 06:17:15  BuildStamp: freesurfer-linux-ubuntu22_x86_64-7.3.2-20220804-6354275  User: oesteban  Machine: dna065  Platform: Linux  PlatformVersion: 5.14.0-427.37.1.el9_4.x86_64  CompilerName: GCC  CompilerVersion: 8.4.0
ProgramName: mris_jacobian  ProgramArguments: mris_jacobian -all-info  ProgramVersion: 7.3.2  TimeStamp: 2026/03/12-14:15:28-GMT  BuildTime: Aug  4 2022 06:17:15  BuildStamp: freesurfer-linux-ubuntu22_x86_64-7.3.2-20220804-6354275  User: oesteban  Machine: dna065  Platform: Linux  PlatformVersion: 5.14.0-427.37.1.el9_4.x86_64  CompilerName: GCC  CompilerVersion: 8.4.0
ProgramName: mris_label2annot  ProgramArguments: mris_label2annot -all-info  ProgramVersion: 7.3.2  TimeStamp: 2026/03/12-14:15:28-GMT  BuildTime: Aug  4 2022 06:17:15  BuildStamp: freesurfer-linux-ubuntu22_x86_64-7.3.2-20220804-6354275  User: oesteban  Machine: dna065  Platform: Linux  PlatformVersion: 5.14.0-427.37.1.el9_4.x86_64  CompilerName: GCC  CompilerVersion: 8.4.0
ProgramName: mris_left_right_register  ProgramArguments: mris_left_right_register -all-info  ProgramVersion: 7.3.2  TimeStamp: 2026/03/12-14:15:28-GMT  BuildTime: Aug  4 2022 06:17:15  BuildStamp: freesurfer-linux-ubuntu22_x86_64-7.3.2-20220804-6354275  User: oesteban  Machine: dna065  Platform: Linux  PlatformVersion: 5.14.0-427.37.1.el9_4.x86_64  CompilerName: GCC  CompilerVersion: 8.4.0
ProgramName: mris_place_surface  ProgramArguments: mris_place_surface -all-info  ProgramVersion: 7.3.2  TimeStamp: 2026/03/12-14:15:28-GMT  BuildTime: Aug  4 2022 06:17:15  BuildStamp: freesurfer-linux-ubuntu22_x86_64-7.3.2-20220804-6354275  User: oesteban  Machine: dna065  Platform: Linux  PlatformVersion: 5.14.0-427.37.1.el9_4.x86_64  CompilerName: GCC  CompilerVersion: 8.4.0
ProgramName: mrisp_paint  ProgramArguments: mrisp_paint -all-info  ProgramVersion: 7.3.2  TimeStamp: 2026/03/12-14:15:28-GMT  BuildTime: Aug  4 2022 06:17:15  BuildStamp: freesurfer-linux-ubuntu22_x86_64-7.3.2-20220804-6354275  User: oesteban  Machine: dna065  Platform: Linux  PlatformVersion: 5.14.0-427.37.1.el9_4.x86_64  CompilerName: GCC  CompilerVersion: 8.4.0
ProgramName: mris_register  ProgramArguments: mris_register -all-info  ProgramVersion: 7.3.2  TimeStamp: 2026/03/12-14:15:28-GMT  BuildTime: Aug  4 2022 06:17:15  BuildStamp: freesurfer-linux-ubuntu22_x86_64-7.3.2-20220804-6354275  User: oesteban  Machine: dna065  Platform: Linux  PlatformVersion: 5.14.0-427.37.1.el9_4.x86_64  CompilerName: GCC  CompilerVersion: 8.4.0
ProgramName: mris_smooth  ProgramArguments: mris_smooth -all-info  ProgramVersion: 7.3.2  TimeStamp: 2026/03/12-14:15:28-GMT  BuildTime: Aug  4 2022 06:17:15  BuildStamp: freesurfer-linux-ubuntu22_x86_64-7.3.2-20220804-6354275  User: oesteban  Machine: dna065  Platform: Linux  PlatformVersion: 5.14.0-427.37.1.el9_4.x86_64  CompilerName: GCC  CompilerVersion: 8.4.0
ProgramName: mris_sphere  ProgramArguments: mris_sphere -all-info  ProgramVersion: 7.3.2  TimeStamp: 2026/03/12-14:15:28-GMT  BuildTime: Aug  4 2022 06:17:15  BuildStamp: freesurfer-linux-ubuntu22_x86_64-7.3.2-20220804-6354275  User: oesteban  Machine: dna065  Platform: Linux  PlatformVersion: 5.14.0-427.37.1.el9_4.x86_64  CompilerName: GCC  CompilerVersion: 8.4.0
ProgramName: mris_surface_stats  ProgramArguments: mris_surface_stats -all-info  ProgramVersion: 7.3.2  TimeStamp: 2026/03/12-14:15:28-GMT  BuildTime: Aug  4 2022 06:17:15  BuildStamp: freesurfer-linux-ubuntu22_x86_64-7.3.2-20220804-6354275  User: oesteban  Machine: dna065  Platform: Linux  PlatformVersion: 5.14.0-427.37.1.el9_4.x86_64  CompilerName: GCC  CompilerVersion: 8.4.0
ProgramName: mri_stats2seg  ProgramArguments: mri_stats2seg -all-info  ProgramVersion: 7.3.2  TimeStamp: 2026/03/12-14:15:28-GMT  BuildTime: Aug  4 2022 06:17:15  BuildStamp: freesurfer-linux-ubuntu22_x86_64-7.3.2-20220804-6354275  User: oesteban  Machine: dna065  Platform: Linux  PlatformVersion: 5.14.0-427.37.1.el9_4.x86_64  CompilerName: GCC  CompilerVersion: 8.4.0
ProgramName: mris_thickness  ProgramArguments: mris_thickness -all-info  ProgramVersion: 7.3.2  TimeStamp: 2026/03/12-14:15:28-GMT  BuildTime: Aug  4 2022 06:17:15  BuildStamp: freesurfer-linux-ubuntu22_x86_64-7.3.2-20220804-6354275  User: oesteban  Machine: dna065  Platform: Linux  PlatformVersion: 5.14.0-427.37.1.el9_4.x86_64  CompilerName: GCC  CompilerVersion: 8.4.0
ProgramName: mris_thickness_diff  ProgramArguments: mris_thickness_diff -all-info  ProgramVersion: 7.3.2  TimeStamp: 2026/03/12-14:15:28-GMT  BuildTime: Aug  4 2022 06:17:15  BuildStamp: freesurfer-linux-ubuntu22_x86_64-7.3.2-20220804-6354275  User: oesteban  Machine: dna065  Platform: Linux  PlatformVersion: 5.14.0-427.37.1.el9_4.x86_64  CompilerName: GCC  CompilerVersion: 8.4.0
ProgramName: mris_topo_fixer  ProgramArguments: mris_topo_fixer -all-info  ProgramVersion: 7.3.2  TimeStamp: 2026/03/12-14:15:28-GMT  BuildTime: Aug  4 2022 06:17:15  BuildStamp: freesurfer-linux-ubuntu22_x86_64-7.3.2-20220804-6354275  User: oesteban  Machine: dna065  Platform: Linux  PlatformVersion: 5.14.0-427.37.1.el9_4.x86_64  CompilerName: GCC  CompilerVersion: 8.4.0
ProgramName: mri_surf2surf  ProgramArguments: mri_surf2surf -all-info  ProgramVersion: 7.3.2  TimeStamp: 2026/03/12-14:15:28-GMT  BuildTime: Aug  4 2022 06:17:15  BuildStamp: freesurfer-linux-ubuntu22_x86_64-7.3.2-20220804-6354275  User: oesteban  Machine: dna065  Platform: Linux  PlatformVersion: 5.14.0-427.37.1.el9_4.x86_64  CompilerName: GCC  CompilerVersion: 8.4.0
ProgramName: mri_surf2vol  ProgramArguments: mri_surf2vol -all-info  ProgramVersion: 7.3.2  TimeStamp: 2026/03/12-14:15:28-GMT  BuildTime: Aug  4 2022 06:17:15  BuildStamp: freesurfer-linux-ubuntu22_x86_64-7.3.2-20220804-6354275  User: oesteban  Machine: dna065  Platform: Linux  PlatformVersion: 5.14.0-427.37.1.el9_4.x86_64  CompilerName: GCC  CompilerVersion: 8.4.0
ProgramName: mri_surfcluster  ProgramArguments: mri_surfcluster -all-info  ProgramVersion: 7.3.2  TimeStamp: 2026/03/12-14:15:28-GMT  BuildTime: Aug  4 2022 06:17:15  BuildStamp: freesurfer-linux-ubuntu22_x86_64-7.3.2-20220804-6354275  User: oesteban  Machine: dna065  Platform: Linux  PlatformVersion: 5.14.0-427.37.1.el9_4.x86_64  CompilerName: GCC  CompilerVersion: 8.4.0
ProgramName: mris_volmask  ProgramArguments: mris_volmask -all-info  ProgramVersion: 7.3.2  TimeStamp: 2026/03/12-14:15:28-GMT  BuildTime: Aug  4 2022 06:17:15  BuildStamp: freesurfer-linux-ubuntu22_x86_64-7.3.2-20220804-6354275  User: oesteban  Machine: dna065  Platform: Linux  PlatformVersion: 5.14.0-427.37.1.el9_4.x86_64  CompilerName: GCC  CompilerVersion: 8.4.0
ProgramName: mri_tessellate  ProgramArguments: mri_tessellate -all-info  ProgramVersion: 7.3.2  TimeStamp: 2026/03/12-14:15:28-GMT  BuildTime: Aug  4 2022 06:17:15  BuildStamp: freesurfer-linux-ubuntu22_x86_64-7.3.2-20220804-6354275  User: oesteban  Machine: dna065  Platform: Linux  PlatformVersion: 5.14.0-427.37.1.el9_4.x86_64  CompilerName: GCC  CompilerVersion: 8.4.0
ProgramName: mri_vol2surf  ProgramArguments: mri_vol2surf -all-info  ProgramVersion: 7.3.2  TimeStamp: 2026/03/12-14:15:28-GMT  BuildTime: Aug  4 2022 06:17:15  BuildStamp: freesurfer-linux-ubuntu22_x86_64-7.3.2-20220804-6354275  User: oesteban  Machine: dna065  Platform: Linux  PlatformVersion: 5.14.0-427.37.1.el9_4.x86_64  CompilerName: GCC  CompilerVersion: 8.4.0
ProgramName: mri_vol2vol  ProgramArguments: mri_vol2vol -all-info  ProgramVersion: 7.3.2  TimeStamp: 2026/03/12-14:15:28-GMT  BuildTime: Aug  4 2022 06:17:15  BuildStamp: freesurfer-linux-ubuntu22_x86_64-7.3.2-20220804-6354275  User: oesteban  Machine: dna065  Platform: Linux  PlatformVersion: 5.14.0-427.37.1.el9_4.x86_64  CompilerName: GCC  CompilerVersion: 8.4.0
ProgramName: mri_voldiff  ProgramArguments: mri_voldiff -all-info  ProgramVersion: 7.3.2  TimeStamp: 2026/03/12-14:15:28-GMT  BuildTime: Aug  4 2022 06:17:15  BuildStamp: freesurfer-linux-ubuntu22_x86_64-7.3.2-20220804-6354275  User: oesteban  Machine: dna065  Platform: Linux  PlatformVersion: 5.14.0-427.37.1.el9_4.x86_64  CompilerName: GCC  CompilerVersion: 8.4.0
ProgramName: mri_watershed  ProgramArguments: mri_watershed -all-info  ProgramVersion: 7.3.2  TimeStamp: 2026/03/12-14:15:28-GMT  BuildTime: Aug  4 2022 06:17:15  BuildStamp: freesurfer-linux-ubuntu22_x86_64-7.3.2-20220804-6354275  User: oesteban  Machine: dna065  Platform: Linux  PlatformVersion: 5.14.0-427.37.1.el9_4.x86_64  CompilerName: GCC  CompilerVersion: 8.4.0
ProgramName: tkregister2  ProgramArguments: tkregister2_cmdl -all-info  ProgramVersion: 7.3.2  TimeStamp: 2026/03/12-14:15:28-GMT  BuildTime: Aug  4 2022 06:17:15  BuildStamp: freesurfer-linux-ubuntu22_x86_64-7.3.2-20220804-6354275  User: oesteban  Machine: dna065  Platform: Linux  PlatformVersion: 5.14.0-427.37.1.el9_4.x86_64  CompilerName: GCC  CompilerVersion: 8.4.0
mri_motion_correct.fsl 7.3.2
mri_convert -all-info 
ProgramName: mri_convert  ProgramArguments: mri_convert -all-info  ProgramVersion: 7.3.2  TimeStamp: 2026/03/12-14:15:28-GMT  BuildTime: Aug  4 2022 06:17:15  BuildStamp: freesurfer-linux-ubuntu22_x86_64-7.3.2-20220804-6354275  User: oesteban  Machine: dna065  Platform: Linux  PlatformVersion: 5.14.0-427.37.1.el9_4.x86_64  CompilerName: GCC  CompilerVersion: 8.4.0
Program nu_correct, built from:
Package MNI N3, version 1.12.0, compiled by nicks@terrier (x86_64-unknown-linux-gnu) on 2015-06-19 at 01:25:34
#######################################
GCADIR /opt/freesurfer/average
GCA RB_all_2020-01-02.gca
GCASkull RB_all_withskull_2020_01_02.gca
AvgCurvTif folding.atlas.acfb40.noaparc.i12.2016-08-02.tif
GCSDIR /opt/freesurfer/average
GCS DKaparc.atlas.acfb40.noaparc.i12.2016-08-02.gcs
#######################################
#-------------------------------------
#@# EM Registration Thu Mar 12 15:15:28 CET 2026
/out/sourcedata/freesurfer/sub-v1s20x0050288_ses-1/mri

 mri_em_register -uns 3 -mask brainmask.mgz nu.mgz /opt/freesurfer/average/RB_all_2020-01-02.gca transforms/talairach.lta 

setting unknown_nbr_spacing = 3
using MR volume brainmask.mgz to mask input volume...

== Number of threads available to mri_em_register for OpenMP = 16 == 
reading 1 input volumes...
logging results to talairach.log
reading '/opt/freesurfer/average/RB_all_2020-01-02.gca'...
GCAread took 0 minutes and 1 seconds.
average std = 7.2   using min determinant for regularization = 5.2
0 singular and 884 ill-conditioned covariance matrices regularized
reading 'nu.mgz'...
MRImask(): AllowDiffGeom = 1
MRImask(): AllowDiffGeom = 1
MRImask(): AllowDiffGeom = 1
MRImask(): AllowDiffGeom = 1
MRImask(): AllowDiffGeom = 1
freeing gibbs priors...done.
accounting for voxel sizes in initial transform
bounding unknown intensity as < 5.9 or > 519.0 
total sample mean = 79.1 (1017 zeros)
************************************************
spacing=8, using 2841 sample points, tol=1.00e-05...
************************************************
register_mri: find_optimal_transform
find_optimal_transform: nsamples 2841, passno 0, spacing 8
resetting wm mean[0]: 98 --> 107
resetting gm mean[0]: 61 --> 61
input volume #1 is the most T1-like
using real data threshold=33.0
skull bounding box = (61, 66, 44) --> (193, 166, 211)
finding center of left hemi white matter
using (105, 99, 128) as brain centroid of Right_Cerebral_White_Matter...
MRImask(): AllowDiffGeom = 1
mean wm in atlas = 107, using box (89,87,107) --> (121, 111,148) to find MRI wm
before smoothing, mri peak at 103
robust fit to distribution - 102 +- 7.6
after smoothing, mri peak at 101, scaling input intensities by 1.059
scaling channel 0 by 1.05941
initial log_p = -4.351
************************************************
First Search limited to translation only.
************************************************
max log p =    -4.177698 @ (-10.526, -10.526, -10.526)
max log p =    -4.024128 @ (5.263, 5.263, -5.263)
max log p =    -3.944568 @ (2.632, -2.632, -2.632)
max log p =    -3.942722 @ (-1.316, -3.947, 1.316)
max log p =    -3.913538 @ (0.658, 0.658, 0.658)
max log p =    -3.913538 @ (0.000, 0.000, 0.000)
max log p =    -3.913538 @ (0.000, 0.000, 0.000)
max log p =    -3.913538 @ (0.000, 0.000, 0.000)
Found translation: (-3.3, -11.2, -16.4): log p = -3.914
****************************************
Nine parameter search.  iteration 0 nscales = 0 ...
****************************************
Result so far: scale 1.000: max_log_p=-3.768, old_max_log_p =-3.914 (thresh=-3.9)
 1.07500   0.00000   0.00000  -13.04636;
 0.00000   1.03837  -0.27823   25.21691;
 0.00000   0.25882   0.96593  -46.06409;
 0.00000   0.00000   0.00000   1.00000;
iteration took 0 minutes and 12 seconds.
****************************************
Nine parameter search.  iteration 1 nscales = 0 ...
****************************************
Result so far: scale 1.000: max_log_p=-3.740, old_max_log_p =-3.768 (thresh=-3.8)
 1.07500   0.00000   0.00000  -13.04636;
 0.00000   1.11625  -0.29910   18.16140;
 0.00000   0.25882   0.96593  -46.06409;
 0.00000   0.00000   0.00000   1.00000;
iteration took 0 minutes and 11 seconds.
****************************************
Nine parameter search.  iteration 2 nscales = 0 ...
****************************************
Result so far: scale 1.000: max_log_p=-3.740, old_max_log_p =-3.740 (thresh=-3.7)
 1.07500   0.00000   0.00000  -13.04636;
 0.00000   1.11625  -0.29910   18.16140;
 0.00000   0.25882   0.96593  -46.06409;
 0.00000   0.00000   0.00000   1.00000;
reducing scale to 0.2500
iteration took 12 minutes and 12 seconds.
****************************************
Nine parameter search.  iteration 3 nscales = 1 ...
****************************************
Result so far: scale 0.250: max_log_p=-3.639, old_max_log_p =-3.740 (thresh=-3.7)
 1.03384   0.03841   0.02293  -15.03554;
-0.03971   1.19371  -0.25197   4.10005;
-0.03656   0.18747   0.98233  -36.38088;
 0.00000   0.00000   0.00000   1.00000;
iteration took 0 minutes and 11 seconds.
****************************************
Nine parameter search.  iteration 4 nscales = 1 ...
****************************************
Result so far: scale 0.250: max_log_p=-3.639, old_max_log_p =-3.639 (thresh=-3.6)
 1.03384   0.03841   0.02293  -15.03554;
-0.03971   1.19371  -0.25197   4.10005;
-0.03656   0.18747   0.98233  -36.38088;
 0.00000   0.00000   0.00000   1.00000;
reducing scale to 0.0625
iteration took 0 minutes and 11 seconds.
****************************************
Nine parameter search.  iteration 5 nscales = 2 ...
****************************************
Result so far: scale 0.062: max_log_p=-3.599, old_max_log_p =-3.639 (thresh=-3.6)
 1.03021   0.03828   0.02285  -14.53728;
-0.03911   1.19048  -0.26801   7.84172;
-0.03716   0.20674   0.97692  -38.06293;
 0.00000   0.00000   0.00000   1.00000;
iteration took 0 minutes and 10 seconds.
****************************************
Nine parameter search.  iteration 6 nscales = 2 ...
****************************************
Result so far: scale 0.062: max_log_p=-3.598, old_max_log_p =-3.599 (thresh=-3.6)
 1.03021   0.03828   0.02285  -14.53728;
-0.03881   1.18875  -0.27599   9.48806;
-0.03748   0.21647   0.97470  -38.96990;
 0.00000   0.00000   0.00000   1.00000;
min search scale 0.025000 reached
***********************************************
Computing MAP estimate using 2841 samples...
***********************************************
dt = 5.00e-06, momentum=0.80, tol=1.00e-05
l_intensity = 1.0000
Aligning input volume to GCA...
Transform matrix
 1.03021   0.03828   0.02285  -14.53728;
-0.03881   1.18875  -0.27599   9.48806;
-0.03748   0.21647   0.97470  -38.96990;
 0.00000   0.00000   0.00000   1.00000;
nsamples 2841
Quasinewton: input matrix
 1.03021   0.03828   0.02285  -14.53728;
-0.03881   1.18875  -0.27599   9.48806;
-0.03748   0.21647   0.97470  -38.96990;
 0.00000   0.00000   0.00000   1.00000;
 IFLAG= -1  LINE SEARCH FAILED. SEE DOCUMENTATION OF ROUTINE MCSRCH ERROR RETURN OF LINE SEARCH: INFO= 3 POSSIBLE CAUSES: FUNCTION OR GRADIENT ARE INCORRECT OR INCORRECT TOLERANCESoutof QuasiNewtonEMA: 009: -log(p) =   -0.0  tol 0.000010
Resulting transform:
 1.03021   0.03828   0.02285  -14.53728;
-0.03881   1.18875  -0.27599   9.48806;
-0.03748   0.21647   0.97470  -38.96990;
 0.00000   0.00000   0.00000   1.00000;

pass 1, spacing 8: log(p) = -3.598 (old=-4.351)
transform before final EM align:
 1.03021   0.03828   0.02285  -14.53728;
-0.03881   1.18875  -0.27599   9.48806;
-0.03748   0.21647   0.97470  -38.96990;
 0.00000   0.00000   0.00000   1.00000;

**************************************************
 EM alignment process ...
 Computing final MAP estimate using 315638 samples. 
**************************************************
dt = 5.00e-06, momentum=0.80, tol=1.00e-07
l_intensity = 1.0000
Aligning input volume to GCA...
Transform matrix
 1.03021   0.03828   0.02285  -14.53728;
-0.03881   1.18875  -0.27599   9.48806;
-0.03748   0.21647   0.97470  -38.96990;
 0.00000   0.00000   0.00000   1.00000;
nsamples 315638
Quasinewton: input matrix
 1.03021   0.03828   0.02285  -14.53728;
-0.03881   1.18875  -0.27599   9.48806;
-0.03748   0.21647   0.97470  -38.96990;
 0.00000   0.00000   0.00000   1.00000;
 IFLAG= -1  LINE SEARCH FAILED. SEE DOCUMENTATION OF ROUTINE MCSRCH ERROR RETURN OF LINE SEARCH: INFO= 6 POSSIBLE CAUSES: FUNCTION OR GRADIENT ARE INCORRECT OR INCORRECT TOLERANCESoutof QuasiNewtonEMA: 011: -log(p) =    4.0  tol 0.000000
final transform:
 1.03021   0.03828   0.02285  -14.53728;
-0.03881   1.18875  -0.27599   9.48806;
-0.03748   0.21647   0.97470  -38.96990;
 0.00000   0.00000   0.00000   1.00000;

writing output transformation to transforms/talairach.lta...
#VMPC# mri_em_register VmPeak  891284
FSRUNTIME@ mri_em_register  0.2323 hours 16 threads
registration took 13 minutes and 56 seconds.

Started at Thu Mar 12 15:15:28 CET 2026 
Ended   at Thu Mar 12 15:29:24 CET 2026
#@#%# recon-all-run-time-hours 0.232
recon-all -s sub-v1s20x0050288_ses-1 finished without error at Thu Mar 12 15:29:24 CET 2026



#New# invocation of recon-all 




Thu Mar 12 15:29:26 CET 2026
cd /out/sourcedata/freesurfer/sub-v1s20x0050288_ses-1
setenv SUBJECTS_DIR /out/sourcedata/freesurfer
/opt/freesurfer/bin/recon-all -autorecon2-volonly -openmp 16 -subjid sub-v1s20x0050288_ses-1 -sd /out/sourcedata/freesurfer -nogcareg

subjid sub-v1s20x0050288_ses-1
setenv SUBJECTS_DIR /out/sourcedata/freesurfer
FREESURFER_HOME /opt/freesurfer
Actual FREESURFER_HOME /opt/freesurfer
build-stamp.txt: freesurfer-linux-ubuntu22_x86_64-7.3.2-20220804-6354275
Linux dna065 5.14.0-427.37.1.el9_4.x86_64 #1 SMP PREEMPT_DYNAMIC Fri Sep 13 12:41:50 EDT 2024 x86_64 x86_64 x86_64 GNU/Linux
cputime      unlimited
filesize     unlimited
datasize     unlimited
stacksize    8192 kbytes
coredumpsize 0 kbytes
memoryuse    67108864 kbytes
vmemoryuse   unlimited
descriptors  1024 
memorylocked unlimited
maxproc      2061970 
maxlocks     unlimited
maxsignal    2062029 
maxmessage   819200 
maxnice      0 
maxrtprio    0 
maxrttime    unlimited

               total        used        free      shared  buff/cache   available
Mem:           503Gi        57Gi       385Gi        11Gi        60Gi       431Gi
Swap:             0B          0B          0B

########################################
program versions used
7.3.2 (freesurfer-linux-ubuntu22_x86_64-7.3.2-20220804-6354275)
7.3.2

ProgramName: lta_convert  ProgramArguments: lta_convert -all-info  ProgramVersion: 7.3.2  TimeStamp: 2026/03/12-14:29:26-GMT  BuildTime: Aug  4 2022 06:17:15  BuildStamp: freesurfer-linux-ubuntu22_x86_64-7.3.2-20220804-6354275  User: oesteban  Machine: dna065  Platform: Linux  PlatformVersion: 5.14.0-427.37.1.el9_4.x86_64  CompilerName: GCC  CompilerVersion: 8.4.0
ProgramName: mri_and  ProgramArguments: mri_and -all-info  ProgramVersion: 7.3.2  TimeStamp: 2026/03/12-14:29:26-GMT  BuildTime: Aug  4 2022 06:17:15  BuildStamp: freesurfer-linux-ubuntu22_x86_64-7.3.2-20220804-6354275  User: oesteban  Machine: dna065  Platform: Linux  PlatformVersion: 5.14.0-427.37.1.el9_4.x86_64  CompilerName: GCC  CompilerVersion: 8.4.0
ProgramName: mri_annotation2label  ProgramArguments: mri_annotation2label -all-info  ProgramVersion: 7.3.2  TimeStamp: 2026/03/12-14:29:26-GMT  BuildTime: Aug  4 2022 06:17:15  BuildStamp: freesurfer-linux-ubuntu22_x86_64-7.3.2-20220804-6354275  User: oesteban  Machine: dna065  Platform: Linux  PlatformVersion: 5.14.0-427.37.1.el9_4.x86_64  CompilerName: GCC  CompilerVersion: 8.4.0
ProgramName: mri_aparc2aseg  ProgramArguments: mri_aparc2aseg -all-info  ProgramVersion: 7.3.2  TimeStamp: 2026/03/12-14:29:26-GMT  BuildTime: Aug  4 2022 06:17:15  BuildStamp: freesurfer-linux-ubuntu22_x86_64-7.3.2-20220804-6354275  User: oesteban  Machine: dna065  Platform: Linux  PlatformVersion: 5.14.0-427.37.1.el9_4.x86_64  CompilerName: GCC  CompilerVersion: 8.4.0
ProgramName: mri_surf2volseg  ProgramArguments: mri_surf2volseg -all-info  ProgramVersion: 7.3.2  TimeStamp: 2026/03/12-14:29:26-GMT  BuildTime: Aug  4 2022 06:17:15  BuildStamp: freesurfer-linux-ubuntu22_x86_64-7.3.2-20220804-6354275  User: oesteban  Machine: dna065  Platform: Linux  PlatformVersion: 5.14.0-427.37.1.el9_4.x86_64  CompilerName: GCC  CompilerVersion: 8.4.0
ProgramName: mri_binarize  ProgramArguments: mri_binarize -all-info  ProgramVersion: 7.3.2  TimeStamp: 2026/03/12-14:29:26-GMT  BuildTime: Aug  4 2022 06:17:15  BuildStamp: freesurfer-linux-ubuntu22_x86_64-7.3.2-20220804-6354275  User: oesteban  Machine: dna065  Platform: Linux  PlatformVersion: 5.14.0-427.37.1.el9_4.x86_64  CompilerName: GCC  CompilerVersion: 8.4.0
ProgramName: mri_ca_label  ProgramArguments: mri_ca_label -all-info  ProgramVersion: 7.3.2  TimeStamp: 2026/03/12-14:29:26-GMT  BuildTime: Aug  4 2022 06:17:15  BuildStamp: freesurfer-linux-ubuntu22_x86_64-7.3.2-20220804-6354275  User: oesteban  Machine: dna065  Platform: Linux  PlatformVersion: 5.14.0-427.37.1.el9_4.x86_64  CompilerName: GCC  CompilerVersion: 8.4.0
ProgramName: mri_ca_normalize  ProgramArguments: mri_ca_normalize -all-info  ProgramVersion: 7.3.2  TimeStamp: 2026/03/12-14:29:26-GMT  BuildTime: Aug  4 2022 06:17:15  BuildStamp: freesurfer-linux-ubuntu22_x86_64-7.3.2-20220804-6354275  User: oesteban  Machine: dna065  Platform: Linux  PlatformVersion: 5.14.0-427.37.1.el9_4.x86_64  CompilerName: GCC  CompilerVersion: 8.4.0
ProgramName: mri_ca_register  ProgramArguments: mri_ca_register -all-info  ProgramVersion: 7.3.2  TimeStamp: 2026/03/12-14:29:26-GMT  BuildTime: Aug  4 2022 06:17:15  BuildStamp: freesurfer-linux-ubuntu22_x86_64-7.3.2-20220804-6354275  User: oesteban  Machine: dna065  Platform: Linux  PlatformVersion: 5.14.0-427.37.1.el9_4.x86_64  CompilerName: GCC  CompilerVersion: 8.4.0
ProgramName: mri_cc  ProgramArguments: mri_cc -all-info  ProgramVersion: 7.3.2  TimeStamp: 2026/03/12-14:29:26-GMT  BuildTime: Aug  4 2022 06:17:15  BuildStamp: freesurfer-linux-ubuntu22_x86_64-7.3.2-20220804-6354275  User: oesteban  Machine: dna065  Platform: Linux  PlatformVersion: 5.14.0-427.37.1.el9_4.x86_64  CompilerName: GCC  CompilerVersion: 8.4.0
ProgramName: mri_compute_overlap  ProgramArguments: mri_compute_overlap -all-info  ProgramVersion: 7.3.2  TimeStamp: 2026/03/12-14:29:26-GMT  BuildTime: Aug  4 2022 06:17:15  BuildStamp: freesurfer-linux-ubuntu22_x86_64-7.3.2-20220804-6354275  User: oesteban  Machine: dna065  Platform: Linux  PlatformVersion: 5.14.0-427.37.1.el9_4.x86_64  CompilerName: GCC  CompilerVersion: 8.4.0
ProgramName: mri_compute_seg_overlap  ProgramArguments: mri_compute_seg_overlap -all-info  ProgramVersion: 7.3.2  TimeStamp: 2026/03/12-14:29:26-GMT  BuildTime: Aug  4 2022 06:17:15  BuildStamp: freesurfer-linux-ubuntu22_x86_64-7.3.2-20220804-6354275  User: oesteban  Machine: dna065  Platform: Linux  PlatformVersion: 5.14.0-427.37.1.el9_4.x86_64  CompilerName: GCC  CompilerVersion: 8.4.0
ProgramName: mri_concat  ProgramArguments: mri_concat -all-info  ProgramVersion: 7.3.2  TimeStamp: 2026/03/12-14:29:26-GMT  BuildTime: Aug  4 2022 06:17:15  BuildStamp: freesurfer-linux-ubuntu22_x86_64-7.3.2-20220804-6354275  User: oesteban  Machine: dna065  Platform: Linux  PlatformVersion: 5.14.0-427.37.1.el9_4.x86_64  CompilerName: GCC  CompilerVersion: 8.4.0
ProgramName: mri_concatenate_lta  ProgramArguments: mri_concatenate_lta -all-info  ProgramVersion: 7.3.2  TimeStamp: 2026/03/12-14:29:26-GMT  BuildTime: Aug  4 2022 06:17:15  BuildStamp: freesurfer-linux-ubuntu22_x86_64-7.3.2-20220804-6354275  User: oesteban  Machine: dna065  Platform: Linux  PlatformVersion: 5.14.0-427.37.1.el9_4.x86_64  CompilerName: GCC  CompilerVersion: 8.4.0
mri_convert -all-info 
ProgramName: mri_convert  ProgramArguments: mri_convert -all-info  ProgramVersion: 7.3.2  TimeStamp: 2026/03/12-14:29:26-GMT  BuildTime: Aug  4 2022 06:17:15  BuildStamp: freesurfer-linux-ubuntu22_x86_64-7.3.2-20220804-6354275  User: oesteban  Machine: dna065  Platform: Linux  PlatformVersion: 5.14.0-427.37.1.el9_4.x86_64  CompilerName: GCC  CompilerVersion: 8.4.0
ProgramName: mri_diff  ProgramArguments: mri_diff -all-info  ProgramVersion: 7.3.2  TimeStamp: 2026/03/12-14:29:26-GMT  BuildTime: Aug  4 2022 06:17:15  BuildStamp: freesurfer-linux-ubuntu22_x86_64-7.3.2-20220804-6354275  User: oesteban  Machine: dna065  Platform: Linux  PlatformVersion: 5.14.0-427.37.1.el9_4.x86_64  CompilerName: GCC  CompilerVersion: 8.4.0
ProgramName: mri_edit_wm_with_aseg  ProgramArguments: mri_edit_wm_with_aseg -all-info  ProgramVersion: 7.3.2  TimeStamp: 2026/03/12-14:29:26-GMT  BuildTime: Aug  4 2022 06:17:15  BuildStamp: freesurfer-linux-ubuntu22_x86_64-7.3.2-20220804-6354275  User: oesteban  Machine: dna065  Platform: Linux  PlatformVersion: 5.14.0-427.37.1.el9_4.x86_64  CompilerName: GCC  CompilerVersion: 8.4.0
ProgramName: mri_em_register  ProgramArguments: mri_em_register -all-info  ProgramVersion: 7.3.2  TimeStamp: 2026/03/12-14:29:26-GMT  BuildTime: Aug  4 2022 06:17:15  BuildStamp: freesurfer-linux-ubuntu22_x86_64-7.3.2-20220804-6354275  User: oesteban  Machine: dna065  Platform: Linux  PlatformVersion: 5.14.0-427.37.1.el9_4.x86_64  CompilerName: GCC  CompilerVersion: 8.4.0
ProgramName: mri_fill  ProgramArguments: mri_fill -all-info  ProgramVersion: 7.3.2  TimeStamp: 2026/03/12-14:29:26-GMT  BuildTime: Aug  4 2022 06:17:15  BuildStamp: freesurfer-linux-ubuntu22_x86_64-7.3.2-20220804-6354275  User: oesteban  Machine: dna065  Platform: Linux  PlatformVersion: 5.14.0-427.37.1.el9_4.x86_64  CompilerName: GCC  CompilerVersion: 8.4.0
ProgramName: mri_fuse_segmentations  ProgramArguments: mri_fuse_segmentations -all-info  ProgramVersion: 7.3.2  TimeStamp: 2026/03/12-14:29:26-GMT  BuildTime: Aug  4 2022 06:17:15  BuildStamp: freesurfer-linux-ubuntu22_x86_64-7.3.2-20220804-6354275  User: oesteban  Machine: dna065  Platform: Linux  PlatformVersion: 5.14.0-427.37.1.el9_4.x86_64  CompilerName: GCC  CompilerVersion: 8.4.0
ProgramName: mri_fwhm  ProgramArguments: mri_fwhm -all-info  ProgramVersion: 7.3.2  TimeStamp: 2026/03/12-14:29:26-GMT  BuildTime: Aug  4 2022 06:17:15  BuildStamp: freesurfer-linux-ubuntu22_x86_64-7.3.2-20220804-6354275  User: oesteban  Machine: dna065  Platform: Linux  PlatformVersion: 5.14.0-427.37.1.el9_4.x86_64  CompilerName: GCC  CompilerVersion: 8.4.0
ProgramName: mri_gcut  ProgramArguments: mri_gcut -all-info  ProgramVersion: 7.3.2  TimeStamp: 2026/03/12-14:29:26-GMT  BuildTime: Aug  4 2022 06:17:15  BuildStamp: freesurfer-linux-ubuntu22_x86_64-7.3.2-20220804-6354275  User: oesteban  Machine: dna065  Platform: Linux  PlatformVersion: 5.14.0-427.37.1.el9_4.x86_64  CompilerName: GCC  CompilerVersion: 8.4.0
ProgramName: mri_info  ProgramArguments: mri_info -all-info  ProgramVersion: 7.3.2  TimeStamp: 2026/03/12-14:29:26-GMT  BuildTime: Aug  4 2022 06:17:15  BuildStamp: freesurfer-linux-ubuntu22_x86_64-7.3.2-20220804-6354275  User: oesteban  Machine: dna065  Platform: Linux  PlatformVersion: 5.14.0-427.37.1.el9_4.x86_64  CompilerName: GCC  CompilerVersion: 8.4.0
ProgramName: mri_label2label  ProgramArguments: mri_label2label -all-info  ProgramVersion: 7.3.2  TimeStamp: 2026/03/12-14:29:26-GMT  BuildTime: Aug  4 2022 06:17:15  BuildStamp: freesurfer-linux-ubuntu22_x86_64-7.3.2-20220804-6354275  User: oesteban  Machine: dna065  Platform: Linux  PlatformVersion: 5.14.0-427.37.1.el9_4.x86_64  CompilerName: GCC  CompilerVersion: 8.4.0
ProgramName: mri_label2vol  ProgramArguments: mri_label2vol -all-info  ProgramVersion: 7.3.2  TimeStamp: 2026/03/12-14:29:26-GMT  BuildTime: Aug  4 2022 06:17:15  BuildStamp: freesurfer-linux-ubuntu22_x86_64-7.3.2-20220804-6354275  User: oesteban  Machine: dna065  Platform: Linux  PlatformVersion: 5.14.0-427.37.1.el9_4.x86_64  CompilerName: GCC  CompilerVersion: 8.4.0
ProgramName: mri_log_likelihood  ProgramArguments: mri_log_likelihood -all-info  ProgramVersion: 7.3.2  TimeStamp: 2026/03/12-14:29:26-GMT  BuildTime: Aug  4 2022 06:17:15  BuildStamp: freesurfer-linux-ubuntu22_x86_64-7.3.2-20220804-6354275  User: oesteban  Machine: dna065  Platform: Linux  PlatformVersion: 5.14.0-427.37.1.el9_4.x86_64  CompilerName: GCC  CompilerVersion: 8.4.0
ProgramName: mri_mask  ProgramArguments: mri_mask -all-info  ProgramVersion: 7.3.2  TimeStamp: 2026/03/12-14:29:26-GMT  BuildTime: Aug  4 2022 06:17:15  BuildStamp: freesurfer-linux-ubuntu22_x86_64-7.3.2-20220804-6354275  User: oesteban  Machine: dna065  Platform: Linux  PlatformVersion: 5.14.0-427.37.1.el9_4.x86_64  CompilerName: GCC  CompilerVersion: 8.4.0
ProgramName: mri_matrix_multiply  ProgramArguments: mri_matrix_multiply -all-info  ProgramVersion: 7.3.2  TimeStamp: 2026/03/12-14:29:26-GMT  BuildTime: Aug  4 2022 06:17:15  BuildStamp: freesurfer-linux-ubuntu22_x86_64-7.3.2-20220804-6354275  User: oesteban  Machine: dna065  Platform: Linux  PlatformVersion: 5.14.0-427.37.1.el9_4.x86_64  CompilerName: GCC  CompilerVersion: 8.4.0
ProgramName: mri_normalize  ProgramArguments: mri_normalize -all-info  ProgramVersion: 7.3.2  TimeStamp: 2026/03/12-14:29:26-GMT  BuildTime: Aug  4 2022 06:17:15  BuildStamp: freesurfer-linux-ubuntu22_x86_64-7.3.2-20220804-6354275  User: oesteban  Machine: dna065  Platform: Linux  PlatformVersion: 5.14.0-427.37.1.el9_4.x86_64  CompilerName: GCC  CompilerVersion: 8.4.0
ProgramName: mri_normalize_tp2  ProgramArguments: mri_normalize_tp2 -all-info  ProgramVersion: 7.3.2  TimeStamp: 2026/03/12-14:29:26-GMT  BuildTime: Aug  4 2022 06:17:15  BuildStamp: freesurfer-linux-ubuntu22_x86_64-7.3.2-20220804-6354275  User: oesteban  Machine: dna065  Platform: Linux  PlatformVersion: 5.14.0-427.37.1.el9_4.x86_64  CompilerName: GCC  CompilerVersion: 8.4.0
ProgramName: mri_or  ProgramArguments: mri_or -all-info  ProgramVersion: 7.3.2  TimeStamp: 2026/03/12-14:29:26-GMT  BuildTime: Aug  4 2022 06:17:15  BuildStamp: freesurfer-linux-ubuntu22_x86_64-7.3.2-20220804-6354275  User: oesteban  Machine: dna065  Platform: Linux  PlatformVersion: 5.14.0-427.37.1.el9_4.x86_64  CompilerName: GCC  CompilerVersion: 8.4.0
ProgramName: mri_relabel_hypointensities  ProgramArguments: mri_relabel_hypointensities -all-info  ProgramVersion: 7.3.2  TimeStamp: 2026/03/12-14:29:26-GMT  BuildTime: Aug  4 2022 06:17:15  BuildStamp: freesurfer-linux-ubuntu22_x86_64-7.3.2-20220804-6354275  User: oesteban  Machine: dna065  Platform: Linux  PlatformVersion: 5.14.0-427.37.1.el9_4.x86_64  CompilerName: GCC  CompilerVersion: 8.4.0
ProgramName: mri_relabel_nonwm_hypos  ProgramArguments: mri_relabel_nonwm_hypos -all-info  ProgramVersion: 7.3.2  TimeStamp: 2026/03/12-14:29:26-GMT  BuildTime: Aug  4 2022 06:17:15  BuildStamp: freesurfer-linux-ubuntu22_x86_64-7.3.2-20220804-6354275  User: oesteban  Machine: dna065  Platform: Linux  PlatformVersion: 5.14.0-427.37.1.el9_4.x86_64  CompilerName: GCC  CompilerVersion: 8.4.0
ProgramName: mri_remove_neck  ProgramArguments: mri_remove_neck -all-info  ProgramVersion: 7.3.2  TimeStamp: 2026/03/12-14:29:26-GMT  BuildTime: Aug  4 2022 06:17:15  BuildStamp: freesurfer-linux-ubuntu22_x86_64-7.3.2-20220804-6354275  User: oesteban  Machine: dna065  Platform: Linux  PlatformVersion: 5.14.0-427.37.1.el9_4.x86_64  CompilerName: GCC  CompilerVersion: 8.4.0
7.3.2

ProgramName: mri_robust_register  ProgramArguments: mri_robust_register -all-info  ProgramVersion: 7.3.2  TimeStamp: 2026/03/12-14:29:26-GMT  BuildTime: Aug  4 2022 06:17:15  BuildStamp: freesurfer-linux-ubuntu22_x86_64-7.3.2-20220804-6354275  User: oesteban  Machine: dna065  Platform: Linux  PlatformVersion: 5.14.0-427.37.1.el9_4.x86_64  CompilerName: GCC  CompilerVersion: 8.4.0
7.3.2

ProgramName: mri_robust_template  ProgramArguments: mri_robust_template -all-info  ProgramVersion: 7.3.2  TimeStamp: 2026/03/12-14:29:26-GMT  BuildTime: Aug  4 2022 06:17:15  BuildStamp: freesurfer-linux-ubuntu22_x86_64-7.3.2-20220804-6354275  User: oesteban  Machine: dna065  Platform: Linux  PlatformVersion: 5.14.0-427.37.1.el9_4.x86_64  CompilerName: GCC  CompilerVersion: 8.4.0
ProgramName: mris_anatomical_stats  ProgramArguments: mris_anatomical_stats -all-info  ProgramVersion: 7.3.2  TimeStamp: 2026/03/12-14:29:26-GMT  BuildTime: Aug  4 2022 06:17:15  BuildStamp: freesurfer-linux-ubuntu22_x86_64-7.3.2-20220804-6354275  User: oesteban  Machine: dna065  Platform: Linux  PlatformVersion: 5.14.0-427.37.1.el9_4.x86_64  CompilerName: GCC  CompilerVersion: 8.4.0
ProgramName: mris_ca_label  ProgramArguments: mris_ca_label -all-info  ProgramVersion: 7.3.2  TimeStamp: 2026/03/12-14:29:26-GMT  BuildTime: Aug  4 2022 06:17:15  BuildStamp: freesurfer-linux-ubuntu22_x86_64-7.3.2-20220804-6354275  User: oesteban  Machine: dna065  Platform: Linux  PlatformVersion: 5.14.0-427.37.1.el9_4.x86_64  CompilerName: GCC  CompilerVersion: 8.4.0
ProgramName: mris_calc  ProgramArguments: mris_calc -all-info  ProgramVersion: 7.3.2  TimeStamp: 2026/03/12-14:29:26-GMT  BuildTime: Aug  4 2022 06:17:15  BuildStamp: freesurfer-linux-ubuntu22_x86_64-7.3.2-20220804-6354275  User: oesteban  Machine: dna065  Platform: Linux  PlatformVersion: 5.14.0-427.37.1.el9_4.x86_64  CompilerName: GCC  CompilerVersion: 8.4.0
ProgramName: mris_convert  ProgramArguments: mris_convert -all-info  ProgramVersion: 7.3.2  TimeStamp: 2026/03/12-14:29:26-GMT  BuildTime: Aug  4 2022 06:17:15  BuildStamp: freesurfer-linux-ubuntu22_x86_64-7.3.2-20220804-6354275  User: oesteban  Machine: dna065  Platform: Linux  PlatformVersion: 5.14.0-427.37.1.el9_4.x86_64  CompilerName: GCC  CompilerVersion: 8.4.0
ProgramName: mris_curvature  ProgramArguments: mris_curvature -all-info  ProgramVersion: 7.3.2  TimeStamp: 2026/03/12-14:29:26-GMT  BuildTime: Aug  4 2022 06:17:15  BuildStamp: freesurfer-linux-ubuntu22_x86_64-7.3.2-20220804-6354275  User: oesteban  Machine: dna065  Platform: Linux  PlatformVersion: 5.14.0-427.37.1.el9_4.x86_64  CompilerName: GCC  CompilerVersion: 8.4.0
ProgramName: mris_curvature_stats  ProgramArguments: mris_curvature_stats -all-info  ProgramVersion: 7.3.2  TimeStamp: 2026/03/12-14:29:26-GMT  BuildTime: Aug  4 2022 06:17:15  BuildStamp: freesurfer-linux-ubuntu22_x86_64-7.3.2-20220804-6354275  User: oesteban  Machine: dna065  Platform: Linux  PlatformVersion: 5.14.0-427.37.1.el9_4.x86_64  CompilerName: GCC  CompilerVersion: 8.4.0
ProgramName: mris_diff  ProgramArguments: mris_diff -all-info  ProgramVersion: 7.3.2  TimeStamp: 2026/03/12-14:29:26-GMT  BuildTime: Aug  4 2022 06:17:15  BuildStamp: freesurfer-linux-ubuntu22_x86_64-7.3.2-20220804-6354275  User: oesteban  Machine: dna065  Platform: Linux  PlatformVersion: 5.14.0-427.37.1.el9_4.x86_64  CompilerName: GCC  CompilerVersion: 8.4.0
ProgramName: mris_divide_parcellation  ProgramArguments: mris_divide_parcellation -all-info  ProgramVersion: 7.3.2  TimeStamp: 2026/03/12-14:29:26-GMT  BuildTime: Aug  4 2022 06:17:15  BuildStamp: freesurfer-linux-ubuntu22_x86_64-7.3.2-20220804-6354275  User: oesteban  Machine: dna065  Platform: Linux  PlatformVersion: 5.14.0-427.37.1.el9_4.x86_64  CompilerName: GCC  CompilerVersion: 8.4.0
ProgramName: mri_segment  ProgramArguments: mri_segment -all-info  ProgramVersion: 7.3.2  TimeStamp: 2026/03/12-14:29:26-GMT  BuildTime: Aug  4 2022 06:17:15  BuildStamp: freesurfer-linux-ubuntu22_x86_64-7.3.2-20220804-6354275  User: oesteban  Machine: dna065  Platform: Linux  PlatformVersion: 5.14.0-427.37.1.el9_4.x86_64  CompilerName: GCC  CompilerVersion: 8.4.0
ProgramName: mri_segstats  ProgramArguments: mri_segstats -all-info  ProgramVersion: 7.3.2  TimeStamp: 2026/03/12-14:29:26-GMT  BuildTime: Aug  4 2022 06:17:15  BuildStamp: freesurfer-linux-ubuntu22_x86_64-7.3.2-20220804-6354275  User: oesteban  Machine: dna065  Platform: Linux  PlatformVersion: 5.14.0-427.37.1.el9_4.x86_64  CompilerName: GCC  CompilerVersion: 8.4.0
ProgramName: mris_euler_number  ProgramArguments: mris_euler_number -all-info  ProgramVersion: 7.3.2  TimeStamp: 2026/03/12-14:29:26-GMT  BuildTime: Aug  4 2022 06:17:15  BuildStamp: freesurfer-linux-ubuntu22_x86_64-7.3.2-20220804-6354275  User: oesteban  Machine: dna065  Platform: Linux  PlatformVersion: 5.14.0-427.37.1.el9_4.x86_64  CompilerName: GCC  CompilerVersion: 8.4.0
ProgramName: mris_fix_topology  ProgramArguments: mris_fix_topology -all-info  ProgramVersion: 7.3.2  TimeStamp: 2026/03/12-14:29:26-GMT  BuildTime: Aug  4 2022 06:17:15  BuildStamp: freesurfer-linux-ubuntu22_x86_64-7.3.2-20220804-6354275  User: oesteban  Machine: dna065  Platform: Linux  PlatformVersion: 5.14.0-427.37.1.el9_4.x86_64  CompilerName: GCC  CompilerVersion: 8.4.0
ProgramName: mris_topo_fixer  ProgramArguments: mris_topo_fixer -all-info  ProgramVersion: 7.3.2  TimeStamp: 2026/03/12-14:29:26-GMT  BuildTime: Aug  4 2022 06:17:15  BuildStamp: freesurfer-linux-ubuntu22_x86_64-7.3.2-20220804-6354275  User: oesteban  Machine: dna065  Platform: Linux  PlatformVersion: 5.14.0-427.37.1.el9_4.x86_64  CompilerName: GCC  CompilerVersion: 8.4.0
ProgramName: mris_jacobian  ProgramArguments: mris_jacobian -all-info  ProgramVersion: 7.3.2  TimeStamp: 2026/03/12-14:29:26-GMT  BuildTime: Aug  4 2022 06:17:15  BuildStamp: freesurfer-linux-ubuntu22_x86_64-7.3.2-20220804-6354275  User: oesteban  Machine: dna065  Platform: Linux  PlatformVersion: 5.14.0-427.37.1.el9_4.x86_64  CompilerName: GCC  CompilerVersion: 8.4.0
ProgramName: mris_label2annot  ProgramArguments: mris_label2annot -all-info  ProgramVersion: 7.3.2  TimeStamp: 2026/03/12-14:29:26-GMT  BuildTime: Aug  4 2022 06:17:15  BuildStamp: freesurfer-linux-ubuntu22_x86_64-7.3.2-20220804-6354275  User: oesteban  Machine: dna065  Platform: Linux  PlatformVersion: 5.14.0-427.37.1.el9_4.x86_64  CompilerName: GCC  CompilerVersion: 8.4.0
ProgramName: mris_left_right_register  ProgramArguments: mris_left_right_register -all-info  ProgramVersion: 7.3.2  TimeStamp: 2026/03/12-14:29:26-GMT  BuildTime: Aug  4 2022 06:17:15  BuildStamp: freesurfer-linux-ubuntu22_x86_64-7.3.2-20220804-6354275  User: oesteban  Machine: dna065  Platform: Linux  PlatformVersion: 5.14.0-427.37.1.el9_4.x86_64  CompilerName: GCC  CompilerVersion: 8.4.0
ProgramName: mris_place_surface  ProgramArguments: mris_place_surface -all-info  ProgramVersion: 7.3.2  TimeStamp: 2026/03/12-14:29:26-GMT  BuildTime: Aug  4 2022 06:17:15  BuildStamp: freesurfer-linux-ubuntu22_x86_64-7.3.2-20220804-6354275  User: oesteban  Machine: dna065  Platform: Linux  PlatformVersion: 5.14.0-427.37.1.el9_4.x86_64  CompilerName: GCC  CompilerVersion: 8.4.0
ProgramName: mrisp_paint  ProgramArguments: mrisp_paint -all-info  ProgramVersion: 7.3.2  TimeStamp: 2026/03/12-14:29:26-GMT  BuildTime: Aug  4 2022 06:17:15  BuildStamp: freesurfer-linux-ubuntu22_x86_64-7.3.2-20220804-6354275  User: oesteban  Machine: dna065  Platform: Linux  PlatformVersion: 5.14.0-427.37.1.el9_4.x86_64  CompilerName: GCC  CompilerVersion: 8.4.0
ProgramName: mris_register  ProgramArguments: mris_register -all-info  ProgramVersion: 7.3.2  TimeStamp: 2026/03/12-14:29:26-GMT  BuildTime: Aug  4 2022 06:17:15  BuildStamp: freesurfer-linux-ubuntu22_x86_64-7.3.2-20220804-6354275  User: oesteban  Machine: dna065  Platform: Linux  PlatformVersion: 5.14.0-427.37.1.el9_4.x86_64  CompilerName: GCC  CompilerVersion: 8.4.0
ProgramName: mris_smooth  ProgramArguments: mris_smooth -all-info  ProgramVersion: 7.3.2  TimeStamp: 2026/03/12-14:29:26-GMT  BuildTime: Aug  4 2022 06:17:15  BuildStamp: freesurfer-linux-ubuntu22_x86_64-7.3.2-20220804-6354275  User: oesteban  Machine: dna065  Platform: Linux  PlatformVersion: 5.14.0-427.37.1.el9_4.x86_64  CompilerName: GCC  CompilerVersion: 8.4.0
ProgramName: mris_sphere  ProgramArguments: mris_sphere -all-info  ProgramVersion: 7.3.2  TimeStamp: 2026/03/12-14:29:26-GMT  BuildTime: Aug  4 2022 06:17:15  BuildStamp: freesurfer-linux-ubuntu22_x86_64-7.3.2-20220804-6354275  User: oesteban  Machine: dna065  Platform: Linux  PlatformVersion: 5.14.0-427.37.1.el9_4.x86_64  CompilerName: GCC  CompilerVersion: 8.4.0
ProgramName: mris_surface_stats  ProgramArguments: mris_surface_stats -all-info  ProgramVersion: 7.3.2  TimeStamp: 2026/03/12-14:29:26-GMT  BuildTime: Aug  4 2022 06:17:15  BuildStamp: freesurfer-linux-ubuntu22_x86_64-7.3.2-20220804-6354275  User: oesteban  Machine: dna065  Platform: Linux  PlatformVersion: 5.14.0-427.37.1.el9_4.x86_64  CompilerName: GCC  CompilerVersion: 8.4.0
ProgramName: mri_stats2seg  ProgramArguments: mri_stats2seg -all-info  ProgramVersion: 7.3.2  TimeStamp: 2026/03/12-14:29:26-GMT  BuildTime: Aug  4 2022 06:17:15  BuildStamp: freesurfer-linux-ubuntu22_x86_64-7.3.2-20220804-6354275  User: oesteban  Machine: dna065  Platform: Linux  PlatformVersion: 5.14.0-427.37.1.el9_4.x86_64  CompilerName: GCC  CompilerVersion: 8.4.0
ProgramName: mris_thickness  ProgramArguments: mris_thickness -all-info  ProgramVersion: 7.3.2  TimeStamp: 2026/03/12-14:29:26-GMT  BuildTime: Aug  4 2022 06:17:15  BuildStamp: freesurfer-linux-ubuntu22_x86_64-7.3.2-20220804-6354275  User: oesteban  Machine: dna065  Platform: Linux  PlatformVersion: 5.14.0-427.37.1.el9_4.x86_64  CompilerName: GCC  CompilerVersion: 8.4.0
ProgramName: mris_thickness_diff  ProgramArguments: mris_thickness_diff -all-info  ProgramVersion: 7.3.2  TimeStamp: 2026/03/12-14:29:26-GMT  BuildTime: Aug  4 2022 06:17:15  BuildStamp: freesurfer-linux-ubuntu22_x86_64-7.3.2-20220804-6354275  User: oesteban  Machine: dna065  Platform: Linux  PlatformVersion: 5.14.0-427.37.1.el9_4.x86_64  CompilerName: GCC  CompilerVersion: 8.4.0
ProgramName: mris_topo_fixer  ProgramArguments: mris_topo_fixer -all-info  ProgramVersion: 7.3.2  TimeStamp: 2026/03/12-14:29:26-GMT  BuildTime: Aug  4 2022 06:17:15  BuildStamp: freesurfer-linux-ubuntu22_x86_64-7.3.2-20220804-6354275  User: oesteban  Machine: dna065  Platform: Linux  PlatformVersion: 5.14.0-427.37.1.el9_4.x86_64  CompilerName: GCC  CompilerVersion: 8.4.0
ProgramName: mri_surf2surf  ProgramArguments: mri_surf2surf -all-info  ProgramVersion: 7.3.2  TimeStamp: 2026/03/12-14:29:26-GMT  BuildTime: Aug  4 2022 06:17:15  BuildStamp: freesurfer-linux-ubuntu22_x86_64-7.3.2-20220804-6354275  User: oesteban  Machine: dna065  Platform: Linux  PlatformVersion: 5.14.0-427.37.1.el9_4.x86_64  CompilerName: GCC  CompilerVersion: 8.4.0
ProgramName: mri_surf2vol  ProgramArguments: mri_surf2vol -all-info  ProgramVersion: 7.3.2  TimeStamp: 2026/03/12-14:29:26-GMT  BuildTime: Aug  4 2022 06:17:15  BuildStamp: freesurfer-linux-ubuntu22_x86_64-7.3.2-20220804-6354275  User: oesteban  Machine: dna065  Platform: Linux  PlatformVersion: 5.14.0-427.37.1.el9_4.x86_64  CompilerName: GCC  CompilerVersion: 8.4.0
ProgramName: mri_surfcluster  ProgramArguments: mri_surfcluster -all-info  ProgramVersion: 7.3.2  TimeStamp: 2026/03/12-14:29:26-GMT  BuildTime: Aug  4 2022 06:17:15  BuildStamp: freesurfer-linux-ubuntu22_x86_64-7.3.2-20220804-6354275  User: oesteban  Machine: dna065  Platform: Linux  PlatformVersion: 5.14.0-427.37.1.el9_4.x86_64  CompilerName: GCC  CompilerVersion: 8.4.0
ProgramName: mris_volmask  ProgramArguments: mris_volmask -all-info  ProgramVersion: 7.3.2  TimeStamp: 2026/03/12-14:29:26-GMT  BuildTime: Aug  4 2022 06:17:15  BuildStamp: freesurfer-linux-ubuntu22_x86_64-7.3.2-20220804-6354275  User: oesteban  Machine: dna065  Platform: Linux  PlatformVersion: 5.14.0-427.37.1.el9_4.x86_64  CompilerName: GCC  CompilerVersion: 8.4.0
ProgramName: mri_tessellate  ProgramArguments: mri_tessellate -all-info  ProgramVersion: 7.3.2  TimeStamp: 2026/03/12-14:29:26-GMT  BuildTime: Aug  4 2022 06:17:15  BuildStamp: freesurfer-linux-ubuntu22_x86_64-7.3.2-20220804-6354275  User: oesteban  Machine: dna065  Platform: Linux  PlatformVersion: 5.14.0-427.37.1.el9_4.x86_64  CompilerName: GCC  CompilerVersion: 8.4.0
ProgramName: mri_vol2surf  ProgramArguments: mri_vol2surf -all-info  ProgramVersion: 7.3.2  TimeStamp: 2026/03/12-14:29:26-GMT  BuildTime: Aug  4 2022 06:17:15  BuildStamp: freesurfer-linux-ubuntu22_x86_64-7.3.2-20220804-6354275  User: oesteban  Machine: dna065  Platform: Linux  PlatformVersion: 5.14.0-427.37.1.el9_4.x86_64  CompilerName: GCC  CompilerVersion: 8.4.0
ProgramName: mri_vol2vol  ProgramArguments: mri_vol2vol -all-info  ProgramVersion: 7.3.2  TimeStamp: 2026/03/12-14:29:26-GMT  BuildTime: Aug  4 2022 06:17:15  BuildStamp: freesurfer-linux-ubuntu22_x86_64-7.3.2-20220804-6354275  User: oesteban  Machine: dna065  Platform: Linux  PlatformVersion: 5.14.0-427.37.1.el9_4.x86_64  CompilerName: GCC  CompilerVersion: 8.4.0
ProgramName: mri_voldiff  ProgramArguments: mri_voldiff -all-info  ProgramVersion: 7.3.2  TimeStamp: 2026/03/12-14:29:26-GMT  BuildTime: Aug  4 2022 06:17:15  BuildStamp: freesurfer-linux-ubuntu22_x86_64-7.3.2-20220804-6354275  User: oesteban  Machine: dna065  Platform: Linux  PlatformVersion: 5.14.0-427.37.1.el9_4.x86_64  CompilerName: GCC  CompilerVersion: 8.4.0
ProgramName: mri_watershed  ProgramArguments: mri_watershed -all-info  ProgramVersion: 7.3.2  TimeStamp: 2026/03/12-14:29:26-GMT  BuildTime: Aug  4 2022 06:17:15  BuildStamp: freesurfer-linux-ubuntu22_x86_64-7.3.2-20220804-6354275  User: oesteban  Machine: dna065  Platform: Linux  PlatformVersion: 5.14.0-427.37.1.el9_4.x86_64  CompilerName: GCC  CompilerVersion: 8.4.0
ProgramName: tkregister2  ProgramArguments: tkregister2_cmdl -all-info  ProgramVersion: 7.3.2  TimeStamp: 2026/03/12-14:29:26-GMT  BuildTime: Aug  4 2022 06:17:15  BuildStamp: freesurfer-linux-ubuntu22_x86_64-7.3.2-20220804-6354275  User: oesteban  Machine: dna065  Platform: Linux  PlatformVersion: 5.14.0-427.37.1.el9_4.x86_64  CompilerName: GCC  CompilerVersion: 8.4.0
mri_motion_correct.fsl 7.3.2
mri_convert -all-info 
ProgramName: mri_convert  ProgramArguments: mri_convert -all-info  ProgramVersion: 7.3.2  TimeStamp: 2026/03/12-14:29:26-GMT  BuildTime: Aug  4 2022 06:17:15  BuildStamp: freesurfer-linux-ubuntu22_x86_64-7.3.2-20220804-6354275  User: oesteban  Machine: dna065  Platform: Linux  PlatformVersion: 5.14.0-427.37.1.el9_4.x86_64  CompilerName: GCC  CompilerVersion: 8.4.0
Program nu_correct, built from:
Package MNI N3, version 1.12.0, compiled by nicks@terrier (x86_64-unknown-linux-gnu) on 2015-06-19 at 01:25:34
#######################################
GCADIR /opt/freesurfer/average
GCA RB_all_2020-01-02.gca
GCASkull RB_all_withskull_2020_01_02.gca
AvgCurvTif folding.atlas.acfb40.noaparc.i12.2016-08-02.tif
GCSDIR /opt/freesurfer/average
GCS DKaparc.atlas.acfb40.noaparc.i12.2016-08-02.gcs
#######################################
#--------------------------------------
#@# CA Normalize Thu Mar 12 15:29:26 CET 2026
/out/sourcedata/freesurfer/sub-v1s20x0050288_ses-1/mri

 mri_ca_normalize -c ctrl_pts.mgz -mask brainmask.mgz nu.mgz /opt/freesurfer/average/RB_all_2020-01-02.gca transforms/talairach.lta norm.mgz 

writing control point volume to ctrl_pts.mgz
using MR volume brainmask.mgz to mask input volume...
reading 1 input volume
reading atlas from '/opt/freesurfer/average/RB_all_2020-01-02.gca'...
reading transform from 'transforms/talairach.lta'...
reading input volume from nu.mgz...
resetting wm mean[0]: 98 --> 107
resetting gm mean[0]: 61 --> 61
input volume #1 is the most T1-like
using real data threshold=33.0
skull bounding box = (61, 66, 44) --> (193, 166, 211)
finding center of left hemi white matter
using (105, 99, 128) as brain centroid of Right_Cerebral_White_Matter...
mean wm in atlas = 107, using box (89,87,107) --> (121, 111,148) to find MRI wm
before smoothing, mri peak at 103
robust fit to distribution - 102 +- 7.6
after smoothing, mri peak at 101, scaling input intensities by 1.059
scaling channel 0 by 1.05941
using 246437 sample points...
INFO: compute sample coordinates transform
 1.03021   0.03828   0.02285  -14.53728;
-0.03881   1.18875  -0.27599   9.48806;
-0.03748   0.21647   0.97470  -38.96990;
 0.00000   0.00000   0.00000   1.00000;
INFO: transform used
finding control points in Left_Cerebral_White_Matter....
found 40230 control points for structure...
bounding box (129, 68, 44) --> (194, 174, 212)
Left_Cerebral_White_Matter: limiting intensities to 90.0 --> 132.0
15 of 2218 (0.7%) samples deleted
finding control points in Right_Cerebral_White_Matter....
found 39478 control points for structure...
bounding box (66, 68, 46) --> (131, 173, 212)
Right_Cerebral_White_Matter: limiting intensities to 93.0 --> 132.0
0 of 1975 (0.0%) samples deleted
finding control points in Left_Cerebellum_White_Matter....
found 3105 control points for structure...
bounding box (131, 131, 60) --> (177, 170, 116)
Left_Cerebellum_White_Matter: limiting intensities to 122.0 --> 132.0
8 of 9 (88.9%) samples deleted
finding control points in Right_Cerebellum_White_Matter....
found 2710 control points for structure...
bounding box (86, 131, 58) --> (130, 169, 116)
Right_Cerebellum_White_Matter: limiting intensities to 120.0 --> 132.0
1 of 18 (5.6%) samples deleted
finding control points in Brain_Stem....
found 3475 control points for structure...
bounding box (112, 132, 91) --> (146, 186, 128)
Brain_Stem: limiting intensities to 88.0 --> 104.0
6 of 20 (30.0%) samples deleted
using 4240 total control points for intensity normalization...
bias field = 0.949 +- 0.062
17 of 4210 control points discarded
finding control points in Left_Cerebral_White_Matter....
found 40230 control points for structure...
bounding box (129, 68, 44) --> (194, 174, 212)
Left_Cerebral_White_Matter: limiting intensities to 88.0 --> 132.0
27 of 2962 (0.9%) samples deleted
finding control points in Right_Cerebral_White_Matter....
found 39478 control points for structure...
bounding box (66, 68, 46) --> (131, 173, 212)
Right_Cerebral_White_Matter: limiting intensities to 88.0 --> 121.0
15 of 2549 (0.6%) samples deleted
finding control points in Left_Cerebellum_White_Matter....
found 3105 control points for structure...
bounding box (131, 131, 60) --> (177, 170, 116)
Left_Cerebellum_White_Matter: limiting intensities to 120.0 --> 132.0
43 of 48 (89.6%) samples deleted
finding control points in Right_Cerebellum_White_Matter....
found 2710 control points for structure...
bounding box (86, 131, 58) --> (130, 169, 116)
Right_Cerebellum_White_Matter: limiting intensities to 103.0 --> 132.0
30 of 63 (47.6%) samples deleted
finding control points in Brain_Stem....
found 3475 control points for structure...
bounding box (112, 132, 91) --> (146, 186, 128)
Brain_Stem: limiting intensities to 88.0 --> 132.0
80 of 105 (76.2%) samples deleted
using 5727 total control points for intensity normalization...
bias field = 1.036 +- 0.074
4 of 5477 control points discarded
finding control points in Left_Cerebral_White_Matter....
found 40230 control points for structure...
bounding box (129, 68, 44) --> (194, 174, 212)
Left_Cerebral_White_Matter: limiting intensities to 88.0 --> 132.0
38 of 3004 (1.3%) samples deleted
finding control points in Right_Cerebral_White_Matter....
found 39478 control points for structure...
bounding box (66, 68, 46) --> (131, 173, 212)
Right_Cerebral_White_Matter: limiting intensities to 88.0 --> 132.0
4 of 2400 (0.2%) samples deleted
finding control points in Left_Cerebellum_White_Matter....
found 3105 control points for structure...
bounding box (131, 131, 60) --> (177, 170, 116)
Left_Cerebellum_White_Matter: limiting intensities to 112.0 --> 132.0
91 of 104 (87.5%) samples deleted
finding control points in Right_Cerebellum_White_Matter....
found 2710 control points for structure...
bounding box (86, 131, 58) --> (130, 169, 116)
Right_Cerebellum_White_Matter: limiting intensities to 88.0 --> 132.0
0 of 97 (0.0%) samples deleted
finding control points in Brain_Stem....
found 3475 control points for structure...
bounding box (112, 132, 91) --> (146, 186, 128)
Brain_Stem: limiting intensities to 88.0 --> 132.0
128 of 142 (90.1%) samples deleted
using 5747 total control points for intensity normalization...
bias field = 1.035 +- 0.072
9 of 5384 control points discarded
writing normalized volume to norm.mgz...
writing control points to ctrl_pts.mgz
freeing GCA...done.
normalization took 0 minutes and 53 seconds.
#--------------------------------------
#@# CA Reg Thu Mar 12 15:30:19 CET 2026
/out/sourcedata/freesurfer/sub-v1s20x0050288_ses-1/mri

 mri_ca_register -nobigventricles -T transforms/talairach.lta -align-after -mask brainmask.mgz norm.mgz /opt/freesurfer/average/RB_all_2020-01-02.gca transforms/talairach.m3z 

not handling expanded ventricles...
using previously computed transform transforms/talairach.lta
renormalizing sequences with structure alignment, equivalent to:
	-renormalize
	-regularize_mean 0.500
	-regularize 0.500
using MR volume brainmask.mgz to mask input volume...

== Number of threads available to mri_ca_register for OpenMP = 16 == 
reading 1 input volumes...
logging results to talairach.log
reading input volume 'norm.mgz'...
reading GCA '/opt/freesurfer/average/RB_all_2020-01-02.gca'...
label assignment complete, 0 changed (0.00%)
freeing gibbs priors...done.
average std[0] = 5.0
Starting GCAMregister()
label assignment complete, 0 changed (0.00%)
npasses = 1, nlevels = 6
#pass# 1 of 1 ************************
enabling zero nodes
setting smoothness cost coefficient to 0.156

#GCAMreg# pass 0 level1 5 level2 0 tsec 0 sigma 2
l_jacobian=1.00 l_label=1.00 l_log_likelihood=0.20 l_smoothness=0.16 
tol=2.50e-01, dt=5.00e-02, exp_k=20.0, momentum=0.90, levels=6, niter=500, lbl_dist=10.00, avgs=256, sigma=2.0,type=2, relabel=0, neg=no

blurring input image with Gaussian with sigma=2.000...
GCAMRegisterLevel(): init RMS 0.816245
#FOTS# QuadFit found better minimum quadopt=(dt=221.952,rms=0.764647) vs oldopt=(dt=369.92,rms=0.777876)
#GCMRL#    0 dt 221.952000 rms  0.765  6.321% neg 0  invalid 762 tFOTS 5.0930 tGradient 2.8810 tsec 8.3650
#FOTS# QuadFit found better minimum quadopt=(dt=196.183,rms=0.752812) vs oldopt=(dt=92.48,rms=0.756646)
#GCMRL#    1 dt 196.183007 rms  0.753  1.548% neg 0  invalid 762 tFOTS 5.8290 tGradient 3.4850 tsec 9.7190
#FOTS# QuadFit found better minimum quadopt=(dt=295.936,rms=0.745056) vs oldopt=(dt=369.92,rms=0.746093)
#GCMRL#    2 dt 295.936000 rms  0.745  1.030% neg 0  invalid 762 tFOTS 5.0500 tGradient 2.9070 tsec 8.3440
#FOTS# QuadFit found better minimum quadopt=(dt=129.472,rms=0.741215) vs oldopt=(dt=92.48,rms=0.741485)
#GCMRL#    3 dt 129.472000 rms  0.741  0.516% neg 0  invalid 762 tFOTS 4.9920 tGradient 2.7610 tsec 8.1360
#FOTS# QuadFit found better minimum quadopt=(dt=517.888,rms=0.735843) vs oldopt=(dt=369.92,rms=0.736868)
#GCMRL#    4 dt 517.888000 rms  0.736  0.725% neg 0  invalid 762 tFOTS 5.2250 tGradient 2.7580 tsec 8.3920
#FOTS# QuadFit found better minimum quadopt=(dt=129.472,rms=0.734293) vs oldopt=(dt=92.48,rms=0.734531)
#GCMRL#    5 dt 129.472000 rms  0.734  0.000% neg 0  invalid 762 tFOTS 5.0820 tGradient 2.8570 tsec 8.3640
#GCMRL#    6 dt 129.472000 rms  0.733  0.123% neg 0  invalid 762 tFOTS 0.0000 tGradient 2.7330 tsec 3.0790
#GCMRL#    7 dt 129.472000 rms  0.732  0.195% neg 0  invalid 762 tFOTS 0.0000 tGradient 2.8050 tsec 3.1670
#GCMRL#    8 dt 129.472000 rms  0.730  0.256% neg 0  invalid 762 tFOTS 0.0000 tGradient 2.8560 tsec 3.2110
#GCMRL#    9 dt 129.472000 rms  0.728  0.276% neg 0  invalid 762 tFOTS 0.0000 tGradient 2.7390 tsec 3.0970
#GCMRL#   10 dt 129.472000 rms  0.726  0.280% neg 0  invalid 762 tFOTS 0.0000 tGradient 2.7000 tsec 3.0620
#GCMRL#   11 dt 129.472000 rms  0.724  0.298% neg 0  invalid 762 tFOTS 0.0000 tGradient 2.7350 tsec 3.1010
#GCMRL#   12 dt 129.472000 rms  0.722  0.269% neg 0  invalid 762 tFOTS 0.0000 tGradient 2.6760 tsec 3.0360
#GCMRL#   13 dt 129.472000 rms  0.720  0.240% neg 0  invalid 762 tFOTS 0.0000 tGradient 2.8920 tsec 3.2530
#GCMRL#   14 dt 129.472000 rms  0.719  0.191% neg 0  invalid 762 tFOTS 0.0000 tGradient 2.7870 tsec 3.1500
#GCMRL#   15 dt 129.472000 rms  0.718  0.160% neg 0  invalid 762 tFOTS 0.0000 tGradient 2.7990 tsec 3.1610
#GCMRL#   16 dt 129.472000 rms  0.717  0.151% neg 0  invalid 762 tFOTS 0.0000 tGradient 2.7900 tsec 3.1480
#GCMRL#   17 dt 129.472000 rms  0.715  0.162% neg 0  invalid 762 tFOTS 0.0000 tGradient 2.9350 tsec 3.3470
#GCMRL#   18 dt 129.472000 rms  0.714  0.127% neg 0  invalid 762 tFOTS 0.0000 tGradient 2.8480 tsec 3.2430
#GCMRL#   19 dt 129.472000 rms  0.714  0.106% neg 0  invalid 762 tFOTS 0.0000 tGradient 2.7390 tsec 3.0960
#GCMRL#   20 dt 129.472000 rms  0.713  0.081% neg 0  invalid 762 tFOTS 0.0000 tGradient 2.7040 tsec 3.0880
#FOTS# QuadFit found better minimum quadopt=(dt=517.888,rms=0.712466) vs oldopt=(dt=369.92,rms=0.712535)
#GCMRL#   21 dt 517.888000 rms  0.712  0.097% neg 0  invalid 762 tFOTS 5.6730 tGradient 2.7190 tsec 8.8040
#FOTS# QuadFit found better minimum quadopt=(dt=32.368,rms=0.712435) vs oldopt=(dt=23.12,rms=0.712449)
#GCMRL#   22 dt  32.368000 rms  0.712  0.000% neg 0  invalid 762 tFOTS 5.5230 tGradient 2.7330 tsec 8.6860
#GCMRL#   23 dt  32.368000 rms  0.712  0.004% neg 0  invalid 762 tFOTS 0.0000 tGradient 2.7110 tsec 3.0760

#GCAMreg# pass 0 level1 5 level2 1 tsec 132.215 sigma 0.5
l_jacobian=1.00 l_label=1.00 l_log_likelihood=0.20 l_smoothness=0.16 
tol=2.50e-01, dt=5.00e-02, exp_k=20.0, momentum=0.90, levels=6, niter=500, lbl_dist=10.00, avgs=256, sigma=0.5,type=2, relabel=0, neg=no

blurring input image with Gaussian with sigma=0.500...
GCAMRegisterLevel(): init RMS 0.712916
#FOTS# QuadFit found better minimum quadopt=(dt=129.472,rms=0.711423) vs oldopt=(dt=92.48,rms=0.711574)
#GCMRL#   25 dt 129.472000 rms  0.711  0.209% neg 0  invalid 762 tFOTS 5.6830 tGradient 2.6980 tsec 8.8150
#GCMRL#   26 dt 369.920000 rms  0.711  0.000% neg 0  invalid 762 tFOTS 5.3410 tGradient 3.1720 tsec 8.9200
#GCMRL#   27 dt 369.920000 rms  0.710  0.120% neg 0  invalid 762 tFOTS 0.0000 tGradient 2.8790 tsec 3.2300
#GCMRL#   28 dt 369.920000 rms  0.710  0.033% neg 0  invalid 762 tFOTS 0.0000 tGradient 2.7570 tsec 3.1100
#GCMRL#   29 dt 369.920000 rms  0.709  0.045% neg 0  invalid 762 tFOTS 0.0000 tGradient 2.7650 tsec 3.1140
setting smoothness cost coefficient to 0.615

#GCAMreg# pass 0 level1 4 level2 0 tsec 0 sigma 2
l_jacobian=1.00 l_label=1.00 l_log_likelihood=0.20 l_smoothness=0.62 
tol=2.50e-01, dt=5.00e-02, exp_k=20.0, momentum=0.90, levels=6, niter=500, lbl_dist=10.00, avgs=64, sigma=2.0,type=2, relabel=0, neg=no

blurring input image with Gaussian with sigma=2.000...
GCAMRegisterLevel(): init RMS 0.718095
#FOTS# QuadFit found better minimum quadopt=(dt=36.288,rms=0.71512) vs oldopt=(dt=25.92,rms=0.715662)
#GCMRL#   31 dt  36.288000 rms  0.715  0.414% neg 0  invalid 762 tFOTS 5.0560 tGradient 2.1960 tsec 7.6200
#FOTS# QuadFit found better minimum quadopt=(dt=94.0138,rms=0.712615) vs oldopt=(dt=103.68,rms=0.712644)
#GCMRL#   32 dt  94.013793 rms  0.713  0.350% neg 0  invalid 762 tFOTS 5.0780 tGradient 2.2260 tsec 7.6840
#GCMRL#   33 dt 414.720000 rms  0.701  1.599% neg 0  invalid 762 tFOTS 5.1740 tGradient 2.3780 tsec 7.9370
#FOTS# QuadFit found better minimum quadopt=(dt=36.288,rms=0.699775) vs oldopt=(dt=25.92,rms=0.69998)
#GCMRL#   34 dt  36.288000 rms  0.700  0.000% neg 0  invalid 762 tFOTS 5.2830 tGradient 2.2850 tsec 8.0050
#GCMRL#   35 dt  36.288000 rms  0.699  0.054% neg 0  invalid 762 tFOTS 0.0000 tGradient 2.2500 tsec 2.6130
#GCMRL#   36 dt  36.288000 rms  0.699  0.039% neg 0  invalid 762 tFOTS 0.0000 tGradient 2.2800 tsec 2.6510
#GCMRL#   37 dt  36.288000 rms  0.699  0.072% neg 0  invalid 762 tFOTS 0.0000 tGradient 2.2640 tsec 2.6260
#GCMRL#   38 dt  36.288000 rms  0.698  0.161% neg 0  invalid 762 tFOTS 0.0000 tGradient 2.6640 tsec 3.0100
#GCMRL#   39 dt  36.288000 rms  0.696  0.250% neg 0  invalid 762 tFOTS 0.0000 tGradient 2.0940 tsec 2.4340
#GCMRL#   40 dt  36.288000 rms  0.694  0.243% neg 0  invalid 762 tFOTS 0.0000 tGradient 2.2380 tsec 2.5450
#GCMRL#   41 dt  36.288000 rms  0.693  0.186% neg 0  invalid 762 tFOTS 0.0000 tGradient 2.1650 tsec 2.4830
#GCMRL#   42 dt  36.288000 rms  0.692  0.110% neg 0  invalid 762 tFOTS 0.0000 tGradient 2.1640 tsec 2.5070
#GCMRL#   43 dt  36.288000 rms  0.692  0.045% neg 0  invalid 762 tFOTS 0.0000 tGradient 2.4780 tsec 2.7850
#FOTS# QuadFit found better minimum quadopt=(dt=36.288,rms=0.691668) vs oldopt=(dt=25.92,rms=0.691671)
#GCMRL#   44 dt  36.288000 rms  0.692  0.000% neg 0  invalid 762 tFOTS 4.4420 tGradient 2.4570 tsec 7.2320
#GCMRL#   45 dt  36.288000 rms  0.692  0.002% neg 0  invalid 762 tFOTS 0.0000 tGradient 2.5720 tsec 2.8650
#GCMRL#   46 dt  36.288000 rms  0.692  0.013% neg 0  invalid 762 tFOTS 0.0000 tGradient 2.4820 tsec 2.7480
#GCMRL#   47 dt  36.288000 rms  0.691  0.032% neg 0  invalid 762 tFOTS 0.0000 tGradient 2.3920 tsec 2.6670
#GCMRL#   48 dt  36.288000 rms  0.691  0.034% neg 0  invalid 762 tFOTS 0.0000 tGradient 2.5340 tsec 2.8210
#GCMRL#   49 dt  36.288000 rms  0.691  0.051% neg 0  invalid 762 tFOTS 0.0000 tGradient 2.4410 tsec 2.7250
#GCMRL#   50 dt  36.288000 rms  0.690  0.062% neg 0  invalid 762 tFOTS 0.0000 tGradient 2.4400 tsec 2.7550
#GCMRL#   51 dt  36.288000 rms  0.690  0.063% neg 0  invalid 762 tFOTS 0.0000 tGradient 2.5730 tsec 2.8660
#GCMRL#   52 dt  36.288000 rms  0.690  0.047% neg 0  invalid 762 tFOTS 0.0000 tGradient 2.4970 tsec 2.7910

#GCAMreg# pass 0 level1 4 level2 1 tsec 95.911 sigma 0.5
l_jacobian=1.00 l_label=1.00 l_log_likelihood=0.20 l_smoothness=0.62 
tol=2.50e-01, dt=5.00e-02, exp_k=20.0, momentum=0.90, levels=6, niter=500, lbl_dist=10.00, avgs=64, sigma=0.5,type=2, relabel=0, neg=no

blurring input image with Gaussian with sigma=0.500...
GCAMRegisterLevel(): init RMS 0.689867
#GCMRL#   54 dt  25.920000 rms  0.689  0.119% neg 0  invalid 762 tFOTS 5.2360 tGradient 2.4110 tsec 8.0530
setting smoothness cost coefficient to 2.353

#GCAMreg# pass 0 level1 3 level2 0 tsec 0 sigma 2
l_jacobian=1.00 l_label=1.00 l_log_likelihood=0.20 l_smoothness=2.35 
tol=2.50e-01, dt=5.00e-02, exp_k=20.0, momentum=0.90, levels=6, niter=500, lbl_dist=10.00, avgs=16, sigma=2.0,type=2, relabel=0, neg=no

blurring input image with Gaussian with sigma=2.000...
GCAMRegisterLevel(): init RMS 0.713549
#GCMRL#   56 dt   0.500000 rms  0.713  0.085% neg 0  invalid 762 tFOTS 4.8890 tGradient 2.1420 tsec 7.4080
#FOTS# QuadFit found better minimum quadopt=(dt=0.04375,rms=0.712949) vs oldopt=(dt=0.03125,rms=0.712949)

#GCAMreg# pass 0 level1 3 level2 1 tsec 22.893 sigma 0.5
l_jacobian=1.00 l_label=1.00 l_log_likelihood=0.20 l_smoothness=2.35 
tol=2.50e-01, dt=5.00e-02, exp_k=20.0, momentum=0.90, levels=6, niter=500, lbl_dist=10.00, avgs=16, sigma=0.5,type=2, relabel=0, neg=no

blurring input image with Gaussian with sigma=0.500...
GCAMRegisterLevel(): init RMS 0.713533
#FOTS# QuadFit found better minimum quadopt=(dt=0.3,rms=0.712942) vs oldopt=(dt=0.5,rms=0.712944)
#GCMRL#   58 dt   0.300000 rms  0.713  0.083% neg 0  invalid 762 tFOTS 5.4910 tGradient 2.0380 tsec 7.9420
#FOTS# QuadFit found better minimum quadopt=(dt=0.04375,rms=0.712924) vs oldopt=(dt=0.03125,rms=0.712924)
#GCMRL#   59 dt   0.043750 rms  0.713  0.000% neg 0  invalid 762 tFOTS 4.4150 tGradient 1.9410 tsec 6.7570
setting smoothness cost coefficient to 8.000

#GCAMreg# pass 0 level1 2 level2 0 tsec 0 sigma 2
l_jacobian=1.00 l_label=1.00 l_log_likelihood=0.20 l_smoothness=8.00 
tol=2.50e-01, dt=5.00e-02, exp_k=20.0, momentum=0.90, levels=6, niter=500, lbl_dist=10.00, avgs=4, sigma=2.0,type=2, relabel=0, neg=no

blurring input image with Gaussian with sigma=2.000...
GCAMRegisterLevel(): init RMS 0.783071
#FOTS# QuadFit found better minimum quadopt=(dt=2.61737,rms=0.758588) vs oldopt=(dt=2.88,rms=0.758826)
#GCMRL#   61 dt   2.617367 rms  0.759  3.127% neg 0  invalid 762 tFOTS 5.1220 tGradient 1.8590 tsec 7.4030
#FOTS# QuadFit found better minimum quadopt=(dt=2.05517,rms=0.754969) vs oldopt=(dt=2.88,rms=0.755537)
#GCMRL#   62 dt   2.055172 rms  0.755  0.477% neg 0  invalid 762 tFOTS 4.7530 tGradient 1.8880 tsec 7.0310
#FOTS# QuadFit found better minimum quadopt=(dt=1.83333,rms=0.754098) vs oldopt=(dt=0.72,rms=0.754357)
#GCMRL#   63 dt   1.833333 rms  0.754  0.000% neg 0  invalid 762 tFOTS 4.7100 tGradient 1.8800 tsec 6.9840

#GCAMreg# pass 0 level1 2 level2 1 tsec 32.184 sigma 0.5
l_jacobian=1.00 l_label=1.00 l_log_likelihood=0.20 l_smoothness=8.00 
tol=2.50e-01, dt=5.00e-02, exp_k=20.0, momentum=0.90, levels=6, niter=500, lbl_dist=10.00, avgs=4, sigma=0.5,type=2, relabel=0, neg=no

blurring input image with Gaussian with sigma=0.500...
GCAMRegisterLevel(): init RMS 0.754625
#GCMRL#   65 dt   0.000000 rms  0.754  0.069% neg 0  invalid 762 tFOTS 5.2190 tGradient 2.0510 tsec 7.6850
setting smoothness cost coefficient to 20.000

#GCAMreg# pass 0 level1 1 level2 0 tsec 0 sigma 2
l_jacobian=1.00 l_label=1.00 l_log_likelihood=0.20 l_smoothness=20.00 
tol=2.50e-01, dt=5.00e-02, exp_k=20.0, momentum=0.90, levels=6, niter=500, lbl_dist=10.00, avgs=1, sigma=2.0,type=2, relabel=0, neg=no

blurring input image with Gaussian with sigma=2.000...
GCAMRegisterLevel(): init RMS 0.795224
#FOTS# QuadFit found better minimum quadopt=(dt=0.256,rms=0.794156) vs oldopt=(dt=0.32,rms=0.794232)
#GCMRL#   67 dt   0.256000 rms  0.794  0.134% neg 0  invalid 762 tFOTS 4.8130 tGradient 1.6920 tsec 6.9220
#FOTS# QuadFit found better minimum quadopt=(dt=1.024,rms=0.790117) vs oldopt=(dt=1.28,rms=0.790213)
#GCMRL#   68 dt   1.024000 rms  0.790  0.509% neg 0  invalid 762 tFOTS 5.3650 tGradient 1.8140 tsec 7.6090
#GCMRL#   69 dt   0.320000 rms  0.789  0.000% neg 0  invalid 762 tFOTS 5.3460 tGradient 1.8270 tsec 7.6180
#GCMRL#   70 dt   0.320000 rms  0.787  0.283% neg 0  invalid 762 tFOTS 0.0000 tGradient 2.1100 tsec 2.5180
#GCMRL#   71 dt   0.320000 rms  0.785  0.235% neg 0  invalid 762 tFOTS 0.0000 tGradient 1.8190 tsec 2.2410
#GCMRL#   72 dt   0.320000 rms  0.784  0.104% neg 0  invalid 762 tFOTS 0.0000 tGradient 1.8730 tsec 2.2640
#GCMRL#   73 dt   0.320000 rms  0.783  0.074% neg 0  invalid 762 tFOTS 0.0000 tGradient 1.9570 tsec 2.4110
#FOTS# QuadFit found better minimum quadopt=(dt=0.448,rms=0.781968) vs oldopt=(dt=0.32,rms=0.782143)
#GCMRL#   74 dt   0.448000 rms  0.782  0.177% neg 0  invalid 762 tFOTS 5.0560 tGradient 1.7100 tsec 7.1560
#FOTS# QuadFit found better minimum quadopt=(dt=0.048,rms=0.781915) vs oldopt=(dt=0.08,rms=0.781922)
#GCMRL#   75 dt   0.048000 rms  0.782  0.000% neg 0  invalid 762 tFOTS 5.0750 tGradient 1.8210 tsec 7.3070

#GCAMreg# pass 0 level1 1 level2 1 tsec 56.424 sigma 0.5
l_jacobian=1.00 l_label=1.00 l_log_likelihood=0.20 l_smoothness=20.00 
tol=2.50e-01, dt=5.00e-02, exp_k=20.0, momentum=0.90, levels=6, niter=500, lbl_dist=10.00, avgs=1, sigma=0.5,type=2, relabel=0, neg=no

blurring input image with Gaussian with sigma=0.500...
GCAMRegisterLevel(): init RMS 0.782406
#FOTS# QuadFit found better minimum quadopt=(dt=0.112,rms=0.781828) vs oldopt=(dt=0.08,rms=0.781833)
#GCMRL#   77 dt   0.112000 rms  0.782  0.074% neg 0  invalid 762 tFOTS 5.1210 tGradient 1.6490 tsec 7.2240
#FOTS# QuadFit found better minimum quadopt=(dt=0.112,rms=0.781787) vs oldopt=(dt=0.08,rms=0.781797)
#GCMRL#   78 dt   0.112000 rms  0.782  0.000% neg 0  invalid 762 tFOTS 5.3610 tGradient 2.0960 tsec 7.8390
#GCMRL#   79 dt   0.112000 rms  0.782  0.009% neg 0  invalid 762 tFOTS 0.0000 tGradient 1.7290 tsec 2.0980
#GCMRL#   80 dt   0.112000 rms  0.782  0.014% neg 0  invalid 762 tFOTS 0.0000 tGradient 1.7670 tsec 2.1430
#GCMRL#   81 dt   0.112000 rms  0.781  0.019% neg 0  invalid 762 tFOTS 0.0000 tGradient 1.8280 tsec 2.2130
#GCMRL#   82 dt   0.112000 rms  0.781  0.017% neg 0  invalid 762 tFOTS 0.0000 tGradient 1.7300 tsec 2.1210
#GCMRL#   83 dt   0.112000 rms  0.781  0.019% neg 0  invalid 762 tFOTS 0.0000 tGradient 1.9610 tsec 2.3320
resetting metric properties...
setting smoothness cost coefficient to 40.000

#GCAMreg# pass 0 level1 0 level2 0 tsec 0 sigma 2
l_jacobian=1.00 l_label=1.00 l_log_likelihood=0.20 l_smoothness=40.00 
tol=2.50e-01, dt=5.00e-02, exp_k=20.0, momentum=0.90, levels=6, niter=500, lbl_dist=10.00, avgs=0, sigma=2.0,type=2, relabel=0, neg=no

blurring input image with Gaussian with sigma=2.000...
GCAMRegisterLevel(): init RMS 0.762533
#FOTS# QuadFit found better minimum quadopt=(dt=0.221466,rms=0.757065) vs oldopt=(dt=0.32,rms=0.757772)
#GCMRL#   85 dt   0.221466 rms  0.757  0.717% neg 0  invalid 762 tFOTS 5.0780 tGradient 1.1280 tsec 6.5970
#FOTS# QuadFit found better minimum quadopt=(dt=0.024,rms=0.756829) vs oldopt=(dt=0.02,rms=0.75683)
#GCMRL#   86 dt   0.024000 rms  0.757  0.000% neg 0  invalid 762 tFOTS 5.2440 tGradient 1.1150 tsec 6.7770

#GCAMreg# pass 0 level1 0 level2 1 tsec 23.334 sigma 0.5
l_jacobian=1.00 l_label=1.00 l_log_likelihood=0.20 l_smoothness=40.00 
tol=2.50e-01, dt=5.00e-02, exp_k=20.0, momentum=0.90, levels=6, niter=500, lbl_dist=10.00, avgs=0, sigma=0.5,type=2, relabel=0, neg=no

blurring input image with Gaussian with sigma=0.500...
GCAMRegisterLevel(): init RMS 0.757285
#FOTS# QuadFit found better minimum quadopt=(dt=0.007,rms=0.756785) vs oldopt=(dt=0.005,rms=0.75679)
#GCMRL#   88 dt   0.007000 rms  0.757  0.066% neg 0  invalid 762 tFOTS 4.9840 tGradient 1.0930 tsec 6.4630
#FOTS# QuadFit found better minimum quadopt=(dt=0.003,rms=0.756785) vs oldopt=(dt=0.005,rms=0.756786)
GCAMregister done in 8.16567 min
Starting GCAmapRenormalizeWithAlignment() without scales
renormalizing by structure alignment....
renormalizing input #0
gca peak = 0.10253 (16)
mri peak = 0.06724 (25)
Left_Lateral_Ventricle (4): linear fit = 1.02 x + 0.0 (848 voxels, overlap=0.856)
Left_Lateral_Ventricle (4): linear fit = 1.02 x + 0.0 (848 voxels, peak = 16), gca=16.4
gca peak = 0.17690 (16)
mri peak = 0.10135 (18)
Right_Lateral_Ventricle (43): linear fit = 1.03 x + 0.0 (1189 voxels, overlap=0.859)
Right_Lateral_Ventricle (43): linear fit = 1.03 x + 0.0 (1189 voxels, peak = 17), gca=16.6
gca peak = 0.28275 (96)
mri peak = 0.11777 (100)
Right_Pallidum (52): linear fit = 1.05 x + 0.0 (931 voxels, overlap=0.894)
Right_Pallidum (52): linear fit = 1.05 x + 0.0 (931 voxels, peak = 101), gca=101.3
gca peak = 0.18948 (93)
mri peak = 0.05614 (92)
Left_Pallidum (13): linear fit = 0.95 x + 0.0 (857 voxels, overlap=1.013)
Left_Pallidum (13): linear fit = 0.95 x + 0.0 (857 voxels, peak = 89), gca=88.8
gca peak = 0.20755 (55)
mri peak = 0.07680 (69)
Right_Hippocampus (53): linear fit = 1.22 x + 0.0 (668 voxels, overlap=0.290)
Right_Hippocampus (53): linear fit = 1.22 x + 0.0 (668 voxels, peak = 67), gca=66.8
gca peak = 0.31831 (58)
mri peak = 0.07308 (76)
Left_Hippocampus (17): linear fit = 1.28 x + 0.0 (814 voxels, overlap=0.064)
Left_Hippocampus (17): linear fit = 1.28 x + 0.0 (814 voxels, peak = 75), gca=74.5
gca peak = 0.11957 (102)
mri peak = 0.05933 (100)
Right_Cerebral_White_Matter (41): linear fit = 1.03 x + 0.0 (55210 voxels, overlap=0.915)
Right_Cerebral_White_Matter (41): linear fit = 1.03 x + 0.0 (55210 voxels, peak = 106), gca=105.6
gca peak = 0.11429 (102)
mri peak = 0.05544 (106)
Left_Cerebral_White_Matter (2): linear fit = 1.02 x + 0.0 (59157 voxels, overlap=0.953)
Left_Cerebral_White_Matter (2): linear fit = 1.02 x + 0.0 (59157 voxels, peak = 105), gca=104.5
gca peak = 0.14521 (59)
mri peak = 0.03512 (70)
Left_Cerebral_Cortex (3): linear fit = 1.15 x + 0.0 (23773 voxels, overlap=0.659)
Left_Cerebral_Cortex (3): linear fit = 1.15 x + 0.0 (23773 voxels, peak = 68), gca=68.1
gca peak = 0.14336 (58)
mri peak = 0.03666 (63)
Right_Cerebral_Cortex (42): linear fit = 1.10 x + 0.0 (25201 voxels, overlap=0.746)
Right_Cerebral_Cortex (42): linear fit = 1.10 x + 0.0 (25201 voxels, peak = 64), gca=63.5
gca peak = 0.13305 (70)
mri peak = 0.05866 (75)
Right_Caudate (50): linear fit = 1.10 x + 0.0 (776 voxels, overlap=0.858)
Right_Caudate (50): linear fit = 1.10 x + 0.0 (776 voxels, peak = 77), gca=76.7
gca peak = 0.15761 (71)
mri peak = 0.12354 (72)
Left_Caudate (11): linear fit = 0.99 x + 0.0 (973 voxels, overlap=0.845)
Left_Caudate (11): linear fit = 0.99 x + 0.0 (973 voxels, peak = 70), gca=69.9
gca peak = 0.13537 (57)
mri peak = 0.04283 (63)
Left_Cerebellum_Cortex (8): linear fit = 1.12 x + 0.0 (22540 voxels, overlap=0.721)
Left_Cerebellum_Cortex (8): linear fit = 1.12 x + 0.0 (22540 voxels, peak = 64), gca=63.6
gca peak = 0.13487 (56)
mri peak = 0.04355 (61)
Right_Cerebellum_Cortex (47): linear fit = 1.04 x + 0.0 (28951 voxels, overlap=0.930)
Right_Cerebellum_Cortex (47): linear fit = 1.04 x + 0.0 (28951 voxels, peak = 59), gca=58.5
gca peak = 0.19040 (84)
mri peak = 0.03103 (90)
Left_Cerebellum_White_Matter (7): linear fit = 1.12 x + 0.0 (7400 voxels, overlap=0.001)
Left_Cerebellum_White_Matter (7): linear fit = 1.12 x + 0.0 (7400 voxels, peak = 94), gca=93.7
gca peak = 0.18871 (83)
mri peak = 0.04728 (89)
Right_Cerebellum_White_Matter (46): linear fit = 1.12 x + 0.0 (7100 voxels, overlap=0.383)
Right_Cerebellum_White_Matter (46): linear fit = 1.12 x + 0.0 (7100 voxels, peak = 93), gca=93.4
gca peak = 0.24248 (57)
mri peak = 0.07215 (76)
Left_Amygdala (18): linear fit = 1.45 x + 0.0 (295 voxels, overlap=0.069)
Left_Amygdala (18): linear fit = 1.45 x + 0.0 (295 voxels, peak = 82), gca=82.4
gca peak = 0.35833 (56)
mri peak = 0.07062 (68)
Right_Amygdala (54): linear fit = 1.21 x + 0.0 (391 voxels, overlap=0.332)
Right_Amygdala (54): linear fit = 1.21 x + 0.0 (391 voxels, peak = 67), gca=67.5
gca peak = 0.12897 (85)
mri peak = 0.05012 (91)
Left_Thalamus (10): linear fit = 1.05 x + 0.0 (5383 voxels, overlap=0.769)
Left_Thalamus (10): linear fit = 1.05 x + 0.0 (5383 voxels, peak = 90), gca=89.7
gca peak = 0.13127 (83)
mri peak = 0.06104 (85)
Right_Thalamus (49): linear fit = 1.07 x + 0.0 (4572 voxels, overlap=0.774)
Right_Thalamus (49): linear fit = 1.07 x + 0.0 (4572 voxels, peak = 88), gca=88.4
gca peak = 0.12974 (78)
mri peak = 0.09396 (81)
Left_Putamen (12): linear fit = 1.01 x + 0.0 (2250 voxels, overlap=0.891)
Left_Putamen (12): linear fit = 1.01 x + 0.0 (2250 voxels, peak = 79), gca=79.2
gca peak = 0.17796 (79)
mri peak = 0.10083 (86)
Right_Putamen (51): linear fit = 1.09 x + 0.0 (2302 voxels, overlap=0.727)
Right_Putamen (51): linear fit = 1.09 x + 0.0 (2302 voxels, peak = 86), gca=85.7
gca peak = 0.10999 (80)
mri peak = 0.10373 (80)
Brain_Stem (16): linear fit = 1.05 x + 0.0 (11248 voxels, overlap=0.416)
Brain_Stem (16): linear fit = 1.05 x + 0.0 (11248 voxels, peak = 84), gca=84.4
gca peak = 0.13215 (88)
mri peak = 0.08726 (91)
Right_VentralDC (60): linear fit = 1.04 x + 0.0 (1424 voxels, overlap=0.567)
Right_VentralDC (60): linear fit = 1.04 x + 0.0 (1424 voxels, peak = 92), gca=92.0
gca peak = 0.11941 (89)
mri peak = 0.06151 (88)
Left_VentralDC (28): linear fit = 1.11 x + 0.0 (1597 voxels, overlap=0.853)
Left_VentralDC (28): linear fit = 1.11 x + 0.0 (1597 voxels, peak = 98), gca=98.3
gca peak = 0.20775 (25)
mri peak = 0.05884 (25)
Third_Ventricle (14): linear fit = 1.02 x + 0.0 (56 voxels, overlap=0.659)
Third_Ventricle (14): linear fit = 1.02 x + 0.0 (56 voxels, peak = 26), gca=25.6
gca peak = 0.13297 (21)
mri peak = 0.07805 (20)
Fourth_Ventricle (15): linear fit = 0.82 x + 0.0 (395 voxels, overlap=0.312)
Fourth_Ventricle (15): linear fit = 0.82 x + 0.0 (395 voxels, peak = 17), gca=17.3
gca peak Unknown = 0.94777 ( 0)
gca peak Left_Inf_Lat_Vent = 0.19087 (28)
gca peak CSF = 0.16821 (33)
gca peak Left_Accumbens_area = 0.32850 (63)
gca peak Left_undetermined = 0.98480 (28)
gca peak Left_vessel = 0.40887 (53)
gca peak Left_choroid_plexus = 0.10898 (46)
gca peak Right_Inf_Lat_Vent = 0.17798 (26)
gca peak Right_Accumbens_area = 0.30137 (64)
gca peak Right_vessel = 0.47828 (52)
gca peak Right_choroid_plexus = 0.11612 (45)
gca peak Fifth_Ventricle = 0.59466 (35)
gca peak WM_hypointensities = 0.10053 (78)
gca peak non_WM_hypointensities = 0.07253 (60)
gca peak Optic_Chiasm = 0.25330 (73)
not using caudate to estimate GM means
estimating mean gm scale to be 1.23 x + 0.0
estimating mean wm scale to be 1.03 x + 0.0
estimating mean csf scale to be 0.98 x + 0.0
saving intensity scales to talairach.label_intensities.txt
GCAmapRenormalizeWithAlignment() took 2.2637 min
noneg pre
Starting GCAMregister()
label assignment complete, 0 changed (0.00%)
npasses = 1, nlevels = 6
#pass# 1 of 1 ************************
enabling zero nodes
setting smoothness cost coefficient to 0.008

#GCAMreg# pass 0 level1 5 level2 0 tsec 0 sigma 2
l_jacobian=1.00 l_label=1.00 l_log_likelihood=0.20 l_smoothness=0.01 
tol=5.00e-02, dt=5.00e-02, exp_k=20.0, momentum=0.90, levels=6, niter=500, lbl_dist=10.00, avgs=256, sigma=2.0,type=2, relabel=0, neg=no

blurring input image with Gaussian with sigma=2.000...
GCAMRegisterLevel(): init RMS 0.761316
#FOTS# QuadFit found better minimum quadopt=(dt=211.516,rms=0.740753) vs oldopt=(dt=92.48,rms=0.747788)
#GCMRL#   90 dt 211.515695 rms  0.741  2.701% neg 0  invalid 762 tFOTS 6.0240 tGradient 2.8310 tsec 9.2630
#GCMRL#   91 dt 369.920000 rms  0.729  1.552% neg 0  invalid 762 tFOTS 5.5770 tGradient 2.8490 tsec 8.8410
#FOTS# QuadFit found better minimum quadopt=(dt=129.472,rms=0.726723) vs oldopt=(dt=92.48,rms=0.727056)
#GCMRL#   92 dt 129.472000 rms  0.727  0.347% neg 0  invalid 762 tFOTS 5.5270 tGradient 2.7420 tsec 8.6800
#FOTS# QuadFit found better minimum quadopt=(dt=1183.74,rms=0.719419) vs oldopt=(dt=1479.68,rms=0.720168)
#GCMRL#   93 dt 1183.744000 rms  0.719  1.005% neg 0  invalid 762 tFOTS 5.5890 tGradient 2.6860 tsec 8.6870
#FOTS# QuadFit found better minimum quadopt=(dt=129.472,rms=0.716887) vs oldopt=(dt=92.48,rms=0.717159)
#GCMRL#   94 dt 129.472000 rms  0.717  0.352% neg 0  invalid 762 tFOTS 5.9010 tGradient 2.7920 tsec 9.0950
#FOTS# QuadFit found better minimum quadopt=(dt=517.888,rms=0.714056) vs oldopt=(dt=369.92,rms=0.714433)
#GCMRL#   95 dt 517.888000 rms  0.714  0.395% neg 0  invalid 762 tFOTS 5.5390 tGradient 2.8850 tsec 8.8360
#GCMRL#   96 dt  92.480000 rms  0.713  0.110% neg 0  invalid 762 tFOTS 5.5300 tGradient 2.6280 tsec 8.5730
#FOTS# QuadFit found better minimum quadopt=(dt=1183.74,rms=0.710716) vs oldopt=(dt=1479.68,rms=0.711071)
#GCMRL#   97 dt 1183.744000 rms  0.711  0.358% neg 0  invalid 762 tFOTS 5.7950 tGradient 2.7230 tsec 8.9850
#FOTS# QuadFit found better minimum quadopt=(dt=129.472,rms=0.707908) vs oldopt=(dt=92.48,rms=0.708203)
#GCMRL#   98 dt 129.472000 rms  0.708  0.395% neg 0  invalid 762 tFOTS 6.3500 tGradient 3.2050 tsec 10.0440
#FOTS# QuadFit found better minimum quadopt=(dt=129.472,rms=0.707759) vs oldopt=(dt=92.48,rms=0.707768)
#GCMRL#   99 dt 129.472000 rms  0.708  0.000% neg 0  invalid 762 tFOTS 6.0310 tGradient 2.6710 tsec 9.1470
#GCMRL#  100 dt 129.472000 rms  0.707  0.051% neg 0  invalid 762 tFOTS 0.0000 tGradient 2.6630 tsec 3.0400
#GCMRL#  101 dt 129.472000 rms  0.707  0.075% neg 0  invalid 762 tFOTS 0.0000 tGradient 2.6450 tsec 3.0440
#GCMRL#  102 dt 129.472000 rms  0.706  0.110% neg 0  invalid 762 tFOTS 0.0000 tGradient 2.7960 tsec 3.2040
#GCMRL#  103 dt 129.472000 rms  0.705  0.145% neg 0  invalid 762 tFOTS 0.0000 tGradient 2.7680 tsec 3.1720
#GCMRL#  104 dt 129.472000 rms  0.704  0.163% neg 0  invalid 762 tFOTS 0.0000 tGradient 2.9230 tsec 3.3010
#GCMRL#  105 dt 129.472000 rms  0.703  0.160% neg 0  invalid 762 tFOTS 0.0000 tGradient 2.7980 tsec 3.1870
#GCMRL#  106 dt 129.472000 rms  0.702  0.157% neg 0  invalid 762 tFOTS 0.0000 tGradient 2.7040 tsec 3.0860
#GCMRL#  107 dt 129.472000 rms  0.701  0.138% neg 0  invalid 762 tFOTS 0.0000 tGradient 2.7410 tsec 3.1370
#GCMRL#  108 dt 129.472000 rms  0.700  0.102% neg 0  invalid 762 tFOTS 0.0000 tGradient 2.6180 tsec 3.0090
#GCMRL#  109 dt 129.472000 rms  0.699  0.098% neg 0  invalid 762 tFOTS 0.0000 tGradient 2.7440 tsec 3.1330
#GCMRL#  110 dt 129.472000 rms  0.699  0.089% neg 0  invalid 762 tFOTS 0.0000 tGradient 2.7650 tsec 3.1600
#GCMRL#  111 dt 129.472000 rms  0.698  0.117% neg 0  invalid 762 tFOTS 0.0000 tGradient 2.9620 tsec 3.3490
#GCMRL#  112 dt 129.472000 rms  0.697  0.116% neg 0  invalid 762 tFOTS 0.0000 tGradient 2.7780 tsec 3.1780
#GCMRL#  113 dt 129.472000 rms  0.696  0.087% neg 0  invalid 762 tFOTS 0.0000 tGradient 2.6170 tsec 2.9890
#GCMRL#  114 dt 129.472000 rms  0.696  0.079% neg 0  invalid 762 tFOTS 0.0000 tGradient 2.6180 tsec 3.0240
#GCMRL#  115 dt 129.472000 rms  0.695  0.081% neg 0  invalid 762 tFOTS 0.0000 tGradient 2.6540 tsec 3.0280
#GCMRL#  116 dt 129.472000 rms  0.695  0.099% neg 0  invalid 762 tFOTS 0.0000 tGradient 2.5260 tsec 2.9130
#GCMRL#  117 dt 129.472000 rms  0.694  0.093% neg 0  invalid 762 tFOTS 0.0000 tGradient 2.5570 tsec 2.9380
#GCMRL#  118 dt 129.472000 rms  0.693  0.078% neg 0  invalid 762 tFOTS 0.0000 tGradient 2.5010 tsec 2.8870
#GCMRL#  119 dt 129.472000 rms  0.693  0.086% neg 0  invalid 762 tFOTS 0.0000 tGradient 2.5230 tsec 2.9010
#GCMRL#  120 dt 129.472000 rms  0.692  0.082% neg 0  invalid 762 tFOTS 0.0000 tGradient 2.5030 tsec 2.8860
#GCMRL#  121 dt 129.472000 rms  0.692  0.100% neg 0  invalid 762 tFOTS 0.0000 tGradient 2.4860 tsec 2.8760
#GCMRL#  122 dt 129.472000 rms  0.691  0.098% neg 0  invalid 762 tFOTS 0.0000 tGradient 2.5160 tsec 2.9060
#GCMRL#  123 dt 129.472000 rms  0.690  0.072% neg 0  invalid 762 tFOTS 0.0000 tGradient 2.5160 tsec 2.8900
#GCMRL#  124 dt 129.472000 rms  0.690  0.055% neg 0  invalid 762 tFOTS 0.0000 tGradient 2.6210 tsec 3.0100
#GCMRL#  125 dt 129.472000 rms  0.690  0.057% neg 0  invalid 762 tFOTS 0.0000 tGradient 2.4770 tsec 2.8640
#GCMRL#  126 dt 129.472000 rms  0.689  0.069% neg 0  invalid 762 tFOTS 0.0000 tGradient 2.4150 tsec 2.7930
#GCMRL#  127 dt 129.472000 rms  0.689  0.085% neg 0  invalid 762 tFOTS 0.0000 tGradient 2.5680 tsec 2.9560
#GCMRL#  128 dt 129.472000 rms  0.688  0.066% neg 0  invalid 762 tFOTS 0.0000 tGradient 2.5250 tsec 2.8860
#GCMRL#  129 dt 129.472000 rms  0.688  0.067% neg 0  invalid 762 tFOTS 0.0000 tGradient 2.6290 tsec 3.0210
#GCMRL#  130 dt 129.472000 rms  0.687  0.067% neg 0  invalid 762 tFOTS 0.0000 tGradient 2.4790 tsec 2.8570
#GCMRL#  131 dt 129.472000 rms  0.687  0.058% neg 0  invalid 762 tFOTS 0.0000 tGradient 2.5260 tsec 2.8990
#GCMRL#  132 dt 129.472000 rms  0.686  0.058% neg 0  invalid 762 tFOTS 0.0000 tGradient 2.5890 tsec 2.9770
#GCMRL#  133 dt 129.472000 rms  0.686  0.036% neg 0  invalid 762 tFOTS 0.0000 tGradient 2.6210 tsec 3.0080
#GCMRL#  134 dt 129.472000 rms  0.686  0.031% neg 0  invalid 762 tFOTS 0.0000 tGradient 2.5240 tsec 2.9050
#GCMRL#  135 dt 129.472000 rms  0.686  0.034% neg 0  invalid 762 tFOTS 0.0000 tGradient 2.6470 tsec 3.0240
#GCMRL#  136 dt 129.472000 rms  0.685  0.055% neg 0  invalid 762 tFOTS 0.0000 tGradient 2.5320 tsec 2.9210
#GCMRL#  137 dt 129.472000 rms  0.685  0.048% neg 0  invalid 762 tFOTS 0.0000 tGradient 2.6490 tsec 3.0420
#GCMRL#  138 dt 129.472000 rms  0.685  0.032% neg 0  invalid 762 tFOTS 0.0000 tGradient 2.5870 tsec 3.0030
#GCMRL#  139 dt 129.472000 rms  0.685  0.027% neg 0  invalid 762 tFOTS 0.0000 tGradient 3.1370 tsec 3.5800
#GCMRL#  140 dt 129.472000 rms  0.684  0.034% neg 0  invalid 762 tFOTS 0.0000 tGradient 2.8870 tsec 3.2760
#GCMRL#  141 dt 129.472000 rms  0.684  0.040% neg 0  invalid 762 tFOTS 0.0000 tGradient 2.4570 tsec 2.8610
#GCMRL#  142 dt 129.472000 rms  0.684  0.040% neg 0  invalid 762 tFOTS 0.0000 tGradient 2.4790 tsec 2.8790
#GCMRL#  143 dt 129.472000 rms  0.684  0.032% neg 0  invalid 762 tFOTS 0.0000 tGradient 2.6600 tsec 3.0610
#GCMRL#  144 dt 129.472000 rms  0.683  0.032% neg 0  invalid 762 tFOTS 0.0000 tGradient 2.5430 tsec 2.9250
#GCMRL#  145 dt 129.472000 rms  0.683  0.030% neg 0  invalid 762 tFOTS 0.0000 tGradient 2.5830 tsec 2.9720
#GCMRL#  146 dt 129.472000 rms  0.683  0.032% neg 0  invalid 762 tFOTS 0.0000 tGradient 2.6350 tsec 3.0410
#GCMRL#  147 dt 129.472000 rms  0.683  0.031% neg 0  invalid 762 tFOTS 0.0000 tGradient 2.4510 tsec 2.8410
#GCMRL#  148 dt 129.472000 rms  0.683  0.033% neg 0  invalid 762 tFOTS 0.0000 tGradient 2.6190 tsec 3.0530
#GCMRL#  149 dt 129.472000 rms  0.682  0.040% neg 0  invalid 762 tFOTS 0.0000 tGradient 2.6080 tsec 2.9860
#GCMRL#  150 dt 129.472000 rms  0.682  0.027% neg 0  invalid 762 tFOTS 0.0000 tGradient 2.6300 tsec 3.0150
#GCMRL#  151 dt 129.472000 rms  0.682  0.020% neg 0  invalid 762 tFOTS 0.0000 tGradient 2.5240 tsec 2.9140
#GCMRL#  152 dt 129.472000 rms  0.682  0.032% neg 0  invalid 762 tFOTS 0.0000 tGradient 2.6450 tsec 3.0230
#GCMRL#  153 dt 129.472000 rms  0.682  0.019% neg 0  invalid 762 tFOTS 0.0000 tGradient 2.6060 tsec 2.9950
#GCMRL#  154 dt 129.472000 rms  0.681  0.028% neg 0  invalid 762 tFOTS 0.0000 tGradient 2.4960 tsec 2.8780
#GCMRL#  155 dt 129.472000 rms  0.681  0.030% neg 0  invalid 762 tFOTS 0.0000 tGradient 2.6320 tsec 3.0190
#GCMRL#  156 dt 129.472000 rms  0.681  0.035% neg 0  invalid 762 tFOTS 0.0000 tGradient 2.5240 tsec 2.9230
#GCMRL#  157 dt 129.472000 rms  0.681  0.038% neg 0  invalid 762 tFOTS 0.0000 tGradient 2.6410 tsec 3.0410
#GCMRL#  158 dt 129.472000 rms  0.680  0.036% neg 0  invalid 762 tFOTS 0.0000 tGradient 2.5430 tsec 2.9360
#GCMRL#  159 dt 129.472000 rms  0.680  0.026% neg 0  invalid 762 tFOTS 0.0000 tGradient 2.5900 tsec 2.9670
#GCMRL#  160 dt 129.472000 rms  0.680  0.022% neg 0  invalid 762 tFOTS 0.0000 tGradient 2.5420 tsec 2.9830
#GCMRL#  161 dt 129.472000 rms  0.680  0.029% neg 0  invalid 762 tFOTS 0.0000 tGradient 2.5430 tsec 2.9490
#GCMRL#  162 dt 129.472000 rms  0.680  0.029% neg 0  invalid 762 tFOTS 0.0000 tGradient 2.4590 tsec 2.8460
#GCMRL#  163 dt 129.472000 rms  0.680  0.023% neg 0  invalid 762 tFOTS 0.0000 tGradient 2.5830 tsec 2.9740
#GCMRL#  164 dt 129.472000 rms  0.679  0.022% neg 0  invalid 762 tFOTS 0.0000 tGradient 2.5950 tsec 2.9980
#FOTS# QuadFit found better minimum quadopt=(dt=1183.74,rms=0.67875) vs oldopt=(dt=1479.68,rms=0.678756)
#GCMRL#  165 dt 1183.744000 rms  0.679  0.103% neg 0  invalid 762 tFOTS 6.1970 tGradient 2.5500 tsec 9.1650
#FOTS# QuadFit found better minimum quadopt=(dt=32.368,rms=0.678769) vs oldopt=(dt=23.12,rms=0.678777)
#GCMRL#  166 dt  32.368000 rms  0.679  0.000% neg 0  invalid 762 tFOTS 6.0970 tGradient 2.4540 tsec 9.2370
#GCMRL#  167 dt  32.368000 rms  0.679  0.006% neg 0  invalid 762 tFOTS 0.0000 tGradient 2.4620 tsec 2.8560

#GCAMreg# pass 0 level1 5 level2 1 tsec 318.665 sigma 0.5
l_jacobian=1.00 l_label=1.00 l_log_likelihood=0.20 l_smoothness=0.01 
tol=5.00e-02, dt=5.00e-02, exp_k=20.0, momentum=0.90, levels=6, niter=500, lbl_dist=10.00, avgs=256, sigma=0.5,type=2, relabel=0, neg=no

blurring input image with Gaussian with sigma=0.500...
GCAMRegisterLevel(): init RMS 0.679008
#GCMRL#  169 dt  92.480000 rms  0.678  0.086% neg 0  invalid 762 tFOTS 5.6540 tGradient 2.9570 tsec 9.0150
#FOTS# QuadFit found better minimum quadopt=(dt=221.952,rms=0.678087) vs oldopt=(dt=369.92,rms=0.67819)
#GCMRL#  170 dt 221.952000 rms  0.678  0.000% neg 0  invalid 762 tFOTS 5.5600 tGradient 2.4400 tsec 8.4230
#GCMRL#  171 dt 221.952000 rms  0.678  0.077% neg 0  invalid 762 tFOTS 0.0000 tGradient 2.5170 tsec 2.9080
#GCMRL#  172 dt 221.952000 rms  0.677  0.052% neg 0  invalid 762 tFOTS 0.0000 tGradient 2.5370 tsec 2.9260
#GCMRL#  173 dt 221.952000 rms  0.677  0.035% neg 0  invalid 762 tFOTS 0.0000 tGradient 2.5920 tsec 2.9810
#GCMRL#  174 dt 221.952000 rms  0.677  0.053% neg 0  invalid 762 tFOTS 0.0000 tGradient 2.6670 tsec 3.0540
#GCMRL#  175 dt 221.952000 rms  0.676  0.079% neg 0  invalid 762 tFOTS 0.0000 tGradient 2.6020 tsec 2.9920
#GCMRL#  176 dt 221.952000 rms  0.676  0.052% neg 0  invalid 762 tFOTS 0.0000 tGradient 2.5430 tsec 2.9340
#GCMRL#  177 dt 221.952000 rms  0.676  0.020% neg 0  invalid 762 tFOTS 0.0000 tGradient 2.6090 tsec 3.0030
#GCMRL#  178 dt 221.952000 rms  0.675  0.033% neg 0  invalid 762 tFOTS 0.0000 tGradient 2.7300 tsec 3.1200
#GCMRL#  179 dt 221.952000 rms  0.675  0.058% neg 0  invalid 762 tFOTS 0.0000 tGradient 2.6700 tsec 3.0620
#GCMRL#  180 dt 221.952000 rms  0.675  0.048% neg 0  invalid 762 tFOTS 0.0000 tGradient 2.6470 tsec 3.0350
#GCMRL#  181 dt 221.952000 rms  0.675  0.009% neg 0  invalid 762 tFOTS 0.0000 tGradient 2.5780 tsec 2.9810
#GCMRL#  182 dt 221.952000 rms  0.674  0.037% neg 0  invalid 762 tFOTS 0.0000 tGradient 2.6740 tsec 3.0880
#GCMRL#  183 dt 221.952000 rms  0.674  0.057% neg 0  invalid 762 tFOTS 0.0000 tGradient 2.6200 tsec 2.9970
#GCMRL#  184 dt 221.952000 rms  0.674  0.028% neg 0  invalid 762 tFOTS 0.0000 tGradient 2.5360 tsec 2.9190
#GCMRL#  185 dt 221.952000 rms  0.674  0.031% neg 0  invalid 762 tFOTS 0.0000 tGradient 2.7400 tsec 3.1240
#GCMRL#  186 dt 221.952000 rms  0.673  0.045% neg 0  invalid 762 tFOTS 0.0000 tGradient 2.6700 tsec 3.0670
#GCMRL#  187 dt 221.952000 rms  0.673  0.061% neg 0  invalid 762 tFOTS 0.0000 tGradient 2.7190 tsec 3.1000
#GCMRL#  188 dt 221.952000 rms  0.673  0.038% neg 0  invalid 762 tFOTS 0.0000 tGradient 2.6100 tsec 2.9900
#GCMRL#  189 dt 221.952000 rms  0.673  0.004% neg 0  invalid 762 tFOTS 0.0000 tGradient 2.4680 tsec 2.8590
#GCMRL#  190 dt 221.952000 rms  0.673  0.009% neg 0  invalid 762 tFOTS 0.0000 tGradient 2.5790 tsec 2.9650
#GCMRL#  191 dt 221.952000 rms  0.672  0.035% neg 0  invalid 762 tFOTS 0.0000 tGradient 2.5990 tsec 2.9820
#GCMRL#  192 dt 221.952000 rms  0.672  0.027% neg 0  invalid 762 tFOTS 0.0000 tGradient 2.4890 tsec 2.8710
#GCMRL#  193 dt 221.952000 rms  0.672  0.016% neg 0  invalid 762 tFOTS 0.0000 tGradient 2.6360 tsec 3.0120
#GCMRL#  194 dt 221.952000 rms  0.672  0.038% neg 0  invalid 762 tFOTS 0.0000 tGradient 2.6380 tsec 3.0270
#GCMRL#  195 dt 221.952000 rms  0.671  0.041% neg 0  invalid 762 tFOTS 0.0000 tGradient 2.5350 tsec 2.9150
#GCMRL#  196 dt 221.952000 rms  0.671  0.012% neg 0  invalid 762 tFOTS 0.0000 tGradient 2.6420 tsec 3.0490
#GCMRL#  197 dt 221.952000 rms  0.671 -0.020% neg 0  invalid 762 tFOTS 0.0000 tGradient 2.6770 tsec 3.3520
setting smoothness cost coefficient to 0.031

#GCAMreg# pass 0 level1 4 level2 0 tsec 0 sigma 2
l_jacobian=1.00 l_label=1.00 l_log_likelihood=0.20 l_smoothness=0.03 
tol=5.00e-02, dt=5.00e-02, exp_k=20.0, momentum=0.90, levels=6, niter=500, lbl_dist=10.00, avgs=64, sigma=2.0,type=2, relabel=0, neg=no

blurring input image with Gaussian with sigma=2.000...
GCAMRegisterLevel(): init RMS 0.673627
#FOTS# QuadFit found better minimum quadopt=(dt=123.803,rms=0.669895) vs oldopt=(dt=103.68,rms=0.669948)
#GCMRL#  199 dt 123.803279 rms  0.670  0.554% neg 0  invalid 762 tFOTS 5.7510 tGradient 2.2270 tsec 8.3870
#FOTS# QuadFit found better minimum quadopt=(dt=248.832,rms=0.661295) vs oldopt=(dt=414.72,rms=0.6641)
#GCMRL#  200 dt 248.832000 rms  0.661  1.284% neg 0  invalid 762 tFOTS 5.4020 tGradient 2.1280 tsec 7.9490
#FOTS# QuadFit found better minimum quadopt=(dt=73.2632,rms=0.658857) vs oldopt=(dt=25.92,rms=0.659394)
#GCMRL#  201 dt  73.263158 rms  0.659  0.369% neg 0  invalid 762 tFOTS 5.7450 tGradient 2.2190 tsec 8.3840
#FOTS# QuadFit found better minimum quadopt=(dt=145.152,rms=0.655623) vs oldopt=(dt=103.68,rms=0.656184)
#GCMRL#  202 dt 145.152000 rms  0.656  0.491% neg 0  invalid 762 tFOTS 5.5890 tGradient 2.1960 tsec 8.2000
#FOTS# QuadFit found better minimum quadopt=(dt=91.1092,rms=0.653616) vs oldopt=(dt=103.68,rms=0.653654)
#GCMRL#  203 dt  91.109170 rms  0.654  0.306% neg 0  invalid 762 tFOTS 5.7790 tGradient 2.2100 tsec 8.4020
#FOTS# QuadFit found better minimum quadopt=(dt=109.408,rms=0.651555) vs oldopt=(dt=103.68,rms=0.651558)
#GCMRL#  204 dt 109.407821 rms  0.652  0.315% neg 0  invalid 762 tFOTS 5.8100 tGradient 2.0990 tsec 8.3220
#FOTS# QuadFit found better minimum quadopt=(dt=78.4361,rms=0.649858) vs oldopt=(dt=103.68,rms=0.650018)
#GCMRL#  205 dt  78.436090 rms  0.650  0.260% neg 0  invalid 762 tFOTS 5.7890 tGradient 2.1110 tsec 8.3130
#GCMRL#  206 dt 103.680000 rms  0.649  0.196% neg 0  invalid 762 tFOTS 5.4080 tGradient 2.2810 tsec 8.0980
#FOTS# QuadFit found better minimum quadopt=(dt=92.6409,rms=0.646991) vs oldopt=(dt=103.68,rms=0.647015)
#GCMRL#  207 dt  92.640884 rms  0.647  0.246% neg 0  invalid 762 tFOTS 5.8130 tGradient 2.1910 tsec 8.4170
#FOTS# QuadFit found better minimum quadopt=(dt=75.6364,rms=0.645941) vs oldopt=(dt=103.68,rms=0.646079)
#GCMRL#  208 dt  75.636364 rms  0.646  0.162% neg 0  invalid 762 tFOTS 5.8340 tGradient 2.1500 tsec 8.4050
#FOTS# QuadFit found better minimum quadopt=(dt=145.152,rms=0.64456) vs oldopt=(dt=103.68,rms=0.64463)
#GCMRL#  209 dt 145.152000 rms  0.645  0.214% neg 0  invalid 762 tFOTS 5.7260 tGradient 2.1450 tsec 8.2780
#FOTS# QuadFit found better minimum quadopt=(dt=36.288,rms=0.643573) vs oldopt=(dt=25.92,rms=0.643773)
#GCMRL#  210 dt  36.288000 rms  0.644  0.153% neg 0  invalid 762 tFOTS 5.5630 tGradient 2.1500 tsec 8.1100
#FOTS# QuadFit found better minimum quadopt=(dt=331.776,rms=0.641432) vs oldopt=(dt=414.72,rms=0.641536)
#GCMRL#  211 dt 331.776000 rms  0.641  0.333% neg 0  invalid 762 tFOTS 5.3200 tGradient 2.4710 tsec 8.1850
#FOTS# QuadFit found better minimum quadopt=(dt=36.288,rms=0.639591) vs oldopt=(dt=25.92,rms=0.639933)
#GCMRL#  212 dt  36.288000 rms  0.640  0.287% neg 0  invalid 762 tFOTS 5.6270 tGradient 2.0950 tsec 8.1170
#FOTS# QuadFit found better minimum quadopt=(dt=145.152,rms=0.638314) vs oldopt=(dt=103.68,rms=0.638572)
#GCMRL#  213 dt 145.152000 rms  0.638  0.200% neg 0  invalid 762 tFOTS 5.2090 tGradient 2.1010 tsec 7.7040
#FOTS# QuadFit found better minimum quadopt=(dt=36.288,rms=0.637882) vs oldopt=(dt=25.92,rms=0.637977)
#GCMRL#  214 dt  36.288000 rms  0.638  0.068% neg 0  invalid 762 tFOTS 5.4320 tGradient 2.1040 tsec 7.9320
#FOTS# QuadFit found better minimum quadopt=(dt=580.608,rms=0.634136) vs oldopt=(dt=414.72,rms=0.634865)
#GCMRL#  215 dt 580.608000 rms  0.634  0.587% neg 0  invalid 762 tFOTS 5.2900 tGradient 1.9880 tsec 7.6810
#FOTS# QuadFit found better minimum quadopt=(dt=36.288,rms=0.632603) vs oldopt=(dt=25.92,rms=0.632861)
#GCMRL#  216 dt  36.288000 rms  0.633  0.242% neg 0  invalid 762 tFOTS 5.5590 tGradient 2.1790 tsec 8.1380
#FOTS# QuadFit found better minimum quadopt=(dt=145.152,rms=0.631821) vs oldopt=(dt=103.68,rms=0.631946)
#GCMRL#  217 dt 145.152000 rms  0.632  0.124% neg 0  invalid 762 tFOTS 5.2710 tGradient 2.0940 tsec 7.7680
#FOTS# QuadFit found better minimum quadopt=(dt=82.944,rms=0.631153) vs oldopt=(dt=103.68,rms=0.631193)
#GCMRL#  218 dt  82.944000 rms  0.631  0.106% neg 0  invalid 762 tFOTS 5.6140 tGradient 2.1110 tsec 8.1230
#GCMRL#  219 dt 103.680000 rms  0.630  0.107% neg 0  invalid 762 tFOTS 5.2410 tGradient 2.0890 tsec 7.7290
#FOTS# QuadFit found better minimum quadopt=(dt=36.288,rms=0.630109) vs oldopt=(dt=25.92,rms=0.630189)
#GCMRL#  220 dt  36.288000 rms  0.630  0.058% neg 0  invalid 762 tFOTS 5.7460 tGradient 2.1600 tsec 8.3190
#FOTS# QuadFit found better minimum quadopt=(dt=497.664,rms=0.62794) vs oldopt=(dt=414.72,rms=0.628126)
#GCMRL#  221 dt 497.664000 rms  0.628  0.344% neg 0  invalid 762 tFOTS 5.2050 tGradient 2.1710 tsec 7.8270
#FOTS# QuadFit found better minimum quadopt=(dt=36.288,rms=0.626817) vs oldopt=(dt=25.92,rms=0.627025)
#GCMRL#  222 dt  36.288000 rms  0.627  0.179% neg 0  invalid 762 tFOTS 5.7320 tGradient 2.7990 tsec 8.9910
#FOTS# QuadFit found better minimum quadopt=(dt=145.152,rms=0.626092) vs oldopt=(dt=103.68,rms=0.626231)
#GCMRL#  223 dt 145.152000 rms  0.626  0.116% neg 0  invalid 762 tFOTS 5.8680 tGradient 2.4490 tsec 8.7040
#FOTS# QuadFit found better minimum quadopt=(dt=82.944,rms=0.625537) vs oldopt=(dt=103.68,rms=0.62556)
#GCMRL#  224 dt  82.944000 rms  0.626  0.089% neg 0  invalid 762 tFOTS 5.4630 tGradient 2.5180 tsec 8.3830
#GCMRL#  225 dt 103.680000 rms  0.625  0.078% neg 0  invalid 762 tFOTS 5.2730 tGradient 2.0120 tsec 7.7050
#FOTS# QuadFit found better minimum quadopt=(dt=82.944,rms=0.624631) vs oldopt=(dt=103.68,rms=0.624704)
#GCMRL#  226 dt  82.944000 rms  0.625  0.067% neg 0  invalid 762 tFOTS 5.1690 tGradient 2.1070 tsec 7.6810
#FOTS# QuadFit found better minimum quadopt=(dt=82.944,rms=0.624163) vs oldopt=(dt=103.68,rms=0.624186)
#GCMRL#  227 dt  82.944000 rms  0.624  0.075% neg 0  invalid 762 tFOTS 5.5780 tGradient 2.1300 tsec 8.1120
#FOTS# QuadFit found better minimum quadopt=(dt=82.944,rms=0.623821) vs oldopt=(dt=103.68,rms=0.623848)
#GCMRL#  228 dt  82.944000 rms  0.624  0.055% neg 0  invalid 762 tFOTS 5.3720 tGradient 2.1540 tsec 7.9440
#FOTS# QuadFit found better minimum quadopt=(dt=124.416,rms=0.623277) vs oldopt=(dt=103.68,rms=0.623281)
#GCMRL#  229 dt 124.416000 rms  0.623  0.087% neg 0  invalid 762 tFOTS 5.6460 tGradient 2.1580 tsec 8.2260
#FOTS# QuadFit found better minimum quadopt=(dt=36.288,rms=0.622934) vs oldopt=(dt=25.92,rms=0.623002)
#GCMRL#  230 dt  36.288000 rms  0.623  0.055% neg 0  invalid 762 tFOTS 5.4960 tGradient 2.2660 tsec 8.2420
#FOTS# QuadFit found better minimum quadopt=(dt=36.288,rms=0.622816) vs oldopt=(dt=25.92,rms=0.622851)
#GCMRL#  231 dt  36.288000 rms  0.623  0.000% neg 0  invalid 762 tFOTS 5.2370 tGradient 2.3630 tsec 8.0430
#GCMRL#  232 dt  36.288000 rms  0.623  0.030% neg 0  invalid 762 tFOTS 0.0000 tGradient 2.5050 tsec 2.9480
#GCMRL#  233 dt  36.288000 rms  0.622  0.045% neg 0  invalid 762 tFOTS 0.0000 tGradient 2.4690 tsec 2.9450
#GCMRL#  234 dt  36.288000 rms  0.622  0.066% neg 0  invalid 762 tFOTS 0.0000 tGradient 2.5720 tsec 3.0350
#GCMRL#  235 dt  36.288000 rms  0.621  0.087% neg 0  invalid 762 tFOTS 0.0000 tGradient 2.5440 tsec 2.9870
#GCMRL#  236 dt  36.288000 rms  0.621  0.105% neg 0  invalid 762 tFOTS 0.0000 tGradient 2.4870 tsec 2.9510
#GCMRL#  237 dt  36.288000 rms  0.620  0.115% neg 0  invalid 762 tFOTS 0.0000 tGradient 2.5080 tsec 2.9720
#GCMRL#  238 dt  36.288000 rms  0.619  0.124% neg 0  invalid 762 tFOTS 0.0000 tGradient 2.5590 tsec 2.9710
#GCMRL#  239 dt  36.288000 rms  0.619  0.117% neg 0  invalid 762 tFOTS 0.0000 tGradient 2.1730 tsec 2.5760
#GCMRL#  240 dt  36.288000 rms  0.618  0.133% neg 0  invalid 762 tFOTS 0.0000 tGradient 2.1550 tsec 2.5520
#GCMRL#  241 dt  36.288000 rms  0.617  0.133% neg 0  invalid 762 tFOTS 0.0000 tGradient 2.1950 tsec 2.5920
#GCMRL#  242 dt  36.288000 rms  0.616  0.137% neg 0  invalid 762 tFOTS 0.0000 tGradient 2.3000 tsec 2.7060
#GCMRL#  243 dt  36.288000 rms  0.615  0.134% neg 0  invalid 762 tFOTS 0.0000 tGradient 2.2470 tsec 2.6450
#GCMRL#  244 dt  36.288000 rms  0.614  0.119% neg 0  invalid 762 tFOTS 0.0000 tGradient 2.1890 tsec 2.5880
#GCMRL#  245 dt  36.288000 rms  0.614  0.116% neg 0  invalid 762 tFOTS 0.0000 tGradient 2.3160 tsec 2.7150
#GCMRL#  246 dt  36.288000 rms  0.613  0.110% neg 0  invalid 762 tFOTS 0.0000 tGradient 2.1870 tsec 2.5810
#GCMRL#  247 dt  36.288000 rms  0.612  0.114% neg 0  invalid 762 tFOTS 0.0000 tGradient 2.2390 tsec 2.6440
#GCMRL#  248 dt  36.288000 rms  0.612  0.114% neg 0  invalid 762 tFOTS 0.0000 tGradient 2.1660 tsec 2.5670
#GCMRL#  249 dt  36.288000 rms  0.611  0.106% neg 0  invalid 762 tFOTS 0.0000 tGradient 2.1890 tsec 2.5760
#GCMRL#  250 dt  36.288000 rms  0.610  0.103% neg 0  invalid 762 tFOTS 0.0000 tGradient 2.1840 tsec 2.5850
#GCMRL#  251 dt  36.288000 rms  0.610  0.101% neg 0  invalid 762 tFOTS 0.0000 tGradient 2.1460 tsec 2.5430
#GCMRL#  252 dt  36.288000 rms  0.609  0.094% neg 0  invalid 762 tFOTS 0.0000 tGradient 2.2210 tsec 2.6150
#GCMRL#  253 dt  36.288000 rms  0.609  0.091% neg 0  invalid 762 tFOTS 0.0000 tGradient 2.1480 tsec 2.5420
#GCMRL#  254 dt  36.288000 rms  0.608  0.090% neg 0  invalid 762 tFOTS 0.0000 tGradient 2.1430 tsec 2.5480
#GCMRL#  255 dt  36.288000 rms  0.608  0.086% neg 0  invalid 762 tFOTS 0.0000 tGradient 2.2270 tsec 2.6230
#GCMRL#  256 dt  36.288000 rms  0.607  0.086% neg 0  invalid 762 tFOTS 0.0000 tGradient 2.1900 tsec 2.5860
#GCMRL#  257 dt  36.288000 rms  0.607  0.085% neg 0  invalid 762 tFOTS 0.0000 tGradient 2.1550 tsec 2.5610
#GCMRL#  258 dt  36.288000 rms  0.606  0.087% neg 0  invalid 762 tFOTS 0.0000 tGradient 2.1390 tsec 2.5290
#GCMRL#  259 dt  36.288000 rms  0.606  0.085% neg 0  invalid 762 tFOTS 0.0000 tGradient 2.1370 tsec 2.5320
#GCMRL#  260 dt  36.288000 rms  0.605  0.083% neg 0  invalid 762 tFOTS 0.0000 tGradient 2.1590 tsec 2.5680
#GCMRL#  261 dt  36.288000 rms  0.605  0.074% neg 0  invalid 762 tFOTS 0.0000 tGradient 2.1890 tsec 2.5850
#GCMRL#  262 dt  36.288000 rms  0.604  0.071% neg 0  invalid 762 tFOTS 0.0000 tGradient 2.1870 tsec 2.5920
#GCMRL#  263 dt  36.288000 rms  0.604  0.064% neg 0  invalid 762 tFOTS 0.0000 tGradient 2.2350 tsec 2.6180
#GCMRL#  264 dt  36.288000 rms  0.603  0.068% neg 0  invalid 762 tFOTS 0.0000 tGradient 2.3370 tsec 2.7440
#GCMRL#  265 dt  36.288000 rms  0.603  0.072% neg 0  invalid 762 tFOTS 0.0000 tGradient 2.2480 tsec 2.6530
#GCMRL#  266 dt  36.288000 rms  0.603  0.066% neg 0  invalid 762 tFOTS 0.0000 tGradient 2.1910 tsec 2.5970
#GCMRL#  267 dt  36.288000 rms  0.602  0.063% neg 0  invalid 762 tFOTS 0.0000 tGradient 2.1470 tsec 2.5470
#GCMRL#  268 dt  36.288000 rms  0.602  0.058% neg 0  invalid 762 tFOTS 0.0000 tGradient 2.1930 tsec 2.5920
#GCMRL#  269 dt  36.288000 rms  0.601  0.056% neg 0  invalid 762 tFOTS 0.0000 tGradient 2.2160 tsec 2.6180
#GCMRL#  270 dt  36.288000 rms  0.601  0.057% neg 0  invalid 762 tFOTS 0.0000 tGradient 2.1790 tsec 2.5770
#GCMRL#  271 dt  36.288000 rms  0.601  0.064% neg 0  invalid 762 tFOTS 0.0000 tGradient 2.1530 tsec 2.5540
#GCMRL#  272 dt  36.288000 rms  0.600  0.063% neg 0  invalid 762 tFOTS 0.0000 tGradient 2.2440 tsec 2.6440
#GCMRL#  273 dt  36.288000 rms  0.600  0.057% neg 0  invalid 762 tFOTS 0.0000 tGradient 2.1290 tsec 2.5300
#GCMRL#  274 dt  36.288000 rms  0.600  0.056% neg 0  invalid 762 tFOTS 0.0000 tGradient 2.1650 tsec 2.5640
#GCMRL#  275 dt  36.288000 rms  0.599  0.042% neg 0  invalid 762 tFOTS 0.0000 tGradient 2.1050 tsec 2.5020
#GCMRL#  276 dt  36.288000 rms  0.599  0.041% neg 0  invalid 762 tFOTS 0.0000 tGradient 2.2320 tsec 2.6410
#GCMRL#  277 dt  36.288000 rms  0.599  0.048% neg 0  invalid 762 tFOTS 0.0000 tGradient 2.1770 tsec 2.5840
#GCMRL#  278 dt  36.288000 rms  0.599  0.054% neg 0  invalid 762 tFOTS 0.0000 tGradient 2.2220 tsec 2.6280
#GCMRL#  279 dt  36.288000 rms  0.598  0.053% neg 0  invalid 762 tFOTS 0.0000 tGradient 2.1650 tsec 2.5660
#GCMRL#  280 dt  36.288000 rms  0.598  0.049% neg 0  invalid 762 tFOTS 0.0000 tGradient 2.3920 tsec 2.8200
#GCMRL#  281 dt  36.288000 rms  0.598  0.043% neg 0  invalid 762 tFOTS 0.0000 tGradient 2.2080 tsec 2.6100
#GCMRL#  282 dt  36.288000 rms  0.597  0.035% neg 0  invalid 762 tFOTS 0.0000 tGradient 2.2020 tsec 2.5940
#GCMRL#  283 dt  36.288000 rms  0.597  0.032% neg 0  invalid 762 tFOTS 0.0000 tGradient 2.1370 tsec 2.5330
#GCMRL#  284 dt  36.288000 rms  0.597  0.029% neg 0  invalid 762 tFOTS 0.0000 tGradient 2.1960 tsec 2.5960
#GCMRL#  285 dt  36.288000 rms  0.597  0.034% neg 0  invalid 762 tFOTS 0.0000 tGradient 2.1950 tsec 2.5860
#GCMRL#  286 dt  36.288000 rms  0.597  0.029% neg 0  invalid 762 tFOTS 0.0000 tGradient 2.1680 tsec 2.5600
#GCMRL#  287 dt  36.288000 rms  0.597  0.032% neg 0  invalid 762 tFOTS 0.0000 tGradient 2.1930 tsec 2.5860
#GCMRL#  288 dt  36.288000 rms  0.596  0.029% neg 0  invalid 762 tFOTS 0.0000 tGradient 2.1780 tsec 2.5680
#GCMRL#  289 dt  36.288000 rms  0.596  0.034% neg 0  invalid 762 tFOTS 0.0000 tGradient 2.1540 tsec 2.5480
#GCMRL#  290 dt  36.288000 rms  0.596  0.032% neg 0  invalid 762 tFOTS 0.0000 tGradient 2.5020 tsec 2.9290
#GCMRL#  291 dt  36.288000 rms  0.596  0.029% neg 0  invalid 762 tFOTS 0.0000 tGradient 2.2420 tsec 2.6210
#GCMRL#  292 dt  36.288000 rms  0.596  0.035% neg 0  invalid 762 tFOTS 0.0000 tGradient 2.2030 tsec 2.5810
#GCMRL#  293 dt  36.288000 rms  0.595  0.038% neg 0  invalid 762 tFOTS 0.0000 tGradient 2.2010 tsec 2.5720
#GCMRL#  294 dt  36.288000 rms  0.595  0.033% neg 0  invalid 762 tFOTS 0.0000 tGradient 2.1690 tsec 2.5560
#GCMRL#  295 dt  36.288000 rms  0.595  0.030% neg 0  invalid 762 tFOTS 0.0000 tGradient 2.1490 tsec 2.5410
#GCMRL#  296 dt  36.288000 rms  0.595  0.026% neg 0  invalid 762 tFOTS 0.0000 tGradient 2.2870 tsec 2.6880
#GCMRL#  297 dt  36.288000 rms  0.595  0.023% neg 0  invalid 762 tFOTS 0.0000 tGradient 2.2320 tsec 2.6260
#GCMRL#  298 dt  36.288000 rms  0.595  0.027% neg 0  invalid 762 tFOTS 0.0000 tGradient 2.2730 tsec 2.6660
#GCMRL#  299 dt  36.288000 rms  0.594  0.020% neg 0  invalid 762 tFOTS 0.0000 tGradient 2.1970 tsec 2.5970
#GCMRL#  300 dt  36.288000 rms  0.594  0.025% neg 0  invalid 762 tFOTS 0.0000 tGradient 2.2080 tsec 2.6130
#GCMRL#  301 dt  36.288000 rms  0.594  0.027% neg 0  invalid 762 tFOTS 0.0000 tGradient 2.1480 tsec 2.5480
#GCMRL#  302 dt  36.288000 rms  0.594  0.021% neg 0  invalid 762 tFOTS 0.0000 tGradient 2.1750 tsec 2.5650
#GCMRL#  303 dt  36.288000 rms  0.594  0.023% neg 0  invalid 762 tFOTS 0.0000 tGradient 2.1370 tsec 2.5480
#GCMRL#  304 dt  36.288000 rms  0.594  0.018% neg 0  invalid 762 tFOTS 0.0000 tGradient 2.2150 tsec 2.6470
#FOTS# QuadFit found better minimum quadopt=(dt=36.288,rms=0.593729) vs oldopt=(dt=25.92,rms=0.593729)
#GCMRL#  305 dt  36.288000 rms  0.594  0.000% neg 0  invalid 762 tFOTS 5.4920 tGradient 2.1630 tsec 8.0960

#GCAMreg# pass 0 level1 4 level2 1 tsec 481.009 sigma 0.5
l_jacobian=1.00 l_label=1.00 l_log_likelihood=0.20 l_smoothness=0.03 
tol=5.00e-02, dt=5.00e-02, exp_k=20.0, momentum=0.90, levels=6, niter=500, lbl_dist=10.00, avgs=64, sigma=0.5,type=2, relabel=0, neg=no

blurring input image with Gaussian with sigma=0.500...
GCAMRegisterLevel(): init RMS 0.594361
#FOTS# QuadFit found better minimum quadopt=(dt=119.652,rms=0.59187) vs oldopt=(dt=103.68,rms=0.591881)
#GCMRL#  307 dt 119.652174 rms  0.592  0.419% neg 0  invalid 762 tFOTS 5.6820 tGradient 2.0950 tsec 8.2030
#FOTS# QuadFit found better minimum quadopt=(dt=36.288,rms=0.591245) vs oldopt=(dt=25.92,rms=0.591346)
#GCMRL#  308 dt  36.288000 rms  0.591  0.106% neg 0  invalid 762 tFOTS 5.7160 tGradient 2.1980 tsec 8.3320
#FOTS# QuadFit found better minimum quadopt=(dt=248.832,rms=0.590074) vs oldopt=(dt=414.72,rms=0.590355)
#GCMRL#  309 dt 248.832000 rms  0.590  0.198% neg 0  invalid 762 tFOTS 5.3690 tGradient 2.2180 tsec 8.0050
#FOTS# QuadFit found better minimum quadopt=(dt=36.288,rms=0.589782) vs oldopt=(dt=25.92,rms=0.589828)
#GCMRL#  310 dt  36.288000 rms  0.590  0.000% neg 0  invalid 762 tFOTS 5.7790 tGradient 2.1410 tsec 8.3510
#GCMRL#  311 dt  36.288000 rms  0.590  0.030% neg 0  invalid 762 tFOTS 0.0000 tGradient 2.1800 tsec 2.5780
#GCMRL#  312 dt  36.288000 rms  0.589  0.046% neg 0  invalid 762 tFOTS 0.0000 tGradient 2.1430 tsec 2.5340
#GCMRL#  313 dt  36.288000 rms  0.589  0.055% neg 0  invalid 762 tFOTS 0.0000 tGradient 2.1610 tsec 2.5610
#GCMRL#  314 dt  36.288000 rms  0.589  0.065% neg 0  invalid 762 tFOTS 0.0000 tGradient 2.1030 tsec 2.5020
#GCMRL#  315 dt  36.288000 rms  0.588  0.067% neg 0  invalid 762 tFOTS 0.0000 tGradient 2.1770 tsec 2.5670
#GCMRL#  316 dt  36.288000 rms  0.588  0.063% neg 0  invalid 762 tFOTS 0.0000 tGradient 2.2230 tsec 2.6200
#GCMRL#  317 dt  36.288000 rms  0.587  0.064% neg 0  invalid 762 tFOTS 0.0000 tGradient 2.1890 tsec 2.5830
#GCMRL#  318 dt  36.288000 rms  0.587  0.061% neg 0  invalid 762 tFOTS 0.0000 tGradient 2.2030 tsec 2.6030
#GCMRL#  319 dt  36.288000 rms  0.587  0.060% neg 0  invalid 762 tFOTS 0.0000 tGradient 2.1970 tsec 2.5980
#GCMRL#  320 dt  36.288000 rms  0.586  0.060% neg 0  invalid 762 tFOTS 0.0000 tGradient 2.2350 tsec 2.6240
#GCMRL#  321 dt  36.288000 rms  0.586  0.061% neg 0  invalid 762 tFOTS 0.0000 tGradient 2.2060 tsec 2.5990
#GCMRL#  322 dt  36.288000 rms  0.586  0.050% neg 0  invalid 762 tFOTS 0.0000 tGradient 2.1870 tsec 2.5830
#GCMRL#  323 dt  36.288000 rms  0.585  0.050% neg 0  invalid 762 tFOTS 0.0000 tGradient 2.5000 tsec 2.9330
#GCMRL#  324 dt  36.288000 rms  0.585  0.041% neg 0  invalid 762 tFOTS 0.0000 tGradient 2.1990 tsec 2.5840
#GCMRL#  325 dt  36.288000 rms  0.585  0.038% neg 0  invalid 762 tFOTS 0.0000 tGradient 2.1630 tsec 2.5530
#GCMRL#  326 dt  36.288000 rms  0.585  0.035% neg 0  invalid 762 tFOTS 0.0000 tGradient 2.5500 tsec 2.9660
#GCMRL#  327 dt  36.288000 rms  0.585  0.035% neg 0  invalid 762 tFOTS 0.0000 tGradient 2.4040 tsec 2.7770
#GCMRL#  328 dt  36.288000 rms  0.584  0.041% neg 0  invalid 762 tFOTS 0.0000 tGradient 2.2570 tsec 2.6470
#GCMRL#  329 dt  36.288000 rms  0.584  0.037% neg 0  invalid 762 tFOTS 0.0000 tGradient 2.2790 tsec 2.6500
#GCMRL#  330 dt  36.288000 rms  0.584  0.036% neg 0  invalid 762 tFOTS 0.0000 tGradient 2.1650 tsec 2.5590
#GCMRL#  331 dt  36.288000 rms  0.584  0.032% neg 0  invalid 762 tFOTS 0.0000 tGradient 2.1870 tsec 2.5710
#GCMRL#  332 dt  36.288000 rms  0.584  0.030% neg 0  invalid 762 tFOTS 0.0000 tGradient 2.2180 tsec 2.6090
#GCMRL#  333 dt  36.288000 rms  0.583  0.030% neg 0  invalid 762 tFOTS 0.0000 tGradient 2.1750 tsec 2.5530
#GCMRL#  334 dt  36.288000 rms  0.583  0.028% neg 0  invalid 762 tFOTS 0.0000 tGradient 2.2540 tsec 2.6430
#GCMRL#  335 dt  36.288000 rms  0.583  0.030% neg 0  invalid 762 tFOTS 0.0000 tGradient 2.1300 tsec 2.5120
#GCMRL#  336 dt  36.288000 rms  0.583  0.043% neg 0  invalid 762 tFOTS 0.0000 tGradient 2.1800 tsec 2.5720
#GCMRL#  337 dt  36.288000 rms  0.583  0.040% neg 0  invalid 762 tFOTS 0.0000 tGradient 2.1910 tsec 2.5750
#GCMRL#  338 dt  36.288000 rms  0.582  0.037% neg 0  invalid 762 tFOTS 0.0000 tGradient 2.6290 tsec 3.0470
#GCMRL#  339 dt  36.288000 rms  0.582  0.037% neg 0  invalid 762 tFOTS 0.0000 tGradient 2.2060 tsec 2.5910
#GCMRL#  340 dt  36.288000 rms  0.582  0.035% neg 0  invalid 762 tFOTS 0.0000 tGradient 2.2170 tsec 2.6050
#GCMRL#  341 dt  36.288000 rms  0.582  0.026% neg 0  invalid 762 tFOTS 0.0000 tGradient 2.2150 tsec 2.5970
#GCMRL#  342 dt  36.288000 rms  0.582  0.028% neg 0  invalid 762 tFOTS 0.0000 tGradient 2.1810 tsec 2.5620
#GCMRL#  343 dt  36.288000 rms  0.581  0.029% neg 0  invalid 762 tFOTS 0.0000 tGradient 2.1820 tsec 2.5690
#GCMRL#  344 dt  36.288000 rms  0.581  0.029% neg 0  invalid 762 tFOTS 0.0000 tGradient 2.2310 tsec 2.6160
#GCMRL#  345 dt  36.288000 rms  0.581  0.032% neg 0  invalid 762 tFOTS 0.0000 tGradient 2.1730 tsec 2.5560
#GCMRL#  346 dt  36.288000 rms  0.581  0.030% neg 0  invalid 762 tFOTS 0.0000 tGradient 2.2010 tsec 2.5910
#GCMRL#  347 dt  36.288000 rms  0.581  0.030% neg 0  invalid 762 tFOTS 0.0000 tGradient 2.2220 tsec 2.6100
#GCMRL#  348 dt  36.288000 rms  0.581  0.027% neg 0  invalid 762 tFOTS 0.0000 tGradient 2.1470 tsec 2.5200
#GCMRL#  349 dt  36.288000 rms  0.580  0.029% neg 0  invalid 762 tFOTS 0.0000 tGradient 2.1430 tsec 2.5320
#GCMRL#  350 dt  36.288000 rms  0.580  0.024% neg 0  invalid 762 tFOTS 0.0000 tGradient 2.2490 tsec 2.6360
#GCMRL#  351 dt  36.288000 rms  0.580  0.024% neg 0  invalid 762 tFOTS 0.0000 tGradient 2.1940 tsec 2.6060
#FOTS# QuadFit found better minimum quadopt=(dt=124.416,rms=0.580122) vs oldopt=(dt=103.68,rms=0.580123)
#GCMRL#  352 dt 124.416000 rms  0.580  0.000% neg 0  invalid 762 tFOTS 5.5750 tGradient 2.2490 tsec 8.2370
setting smoothness cost coefficient to 0.118

#GCAMreg# pass 0 level1 3 level2 0 tsec 0 sigma 2
l_jacobian=1.00 l_label=1.00 l_log_likelihood=0.20 l_smoothness=0.12 
tol=5.00e-02, dt=5.00e-02, exp_k=20.0, momentum=0.90, levels=6, niter=500, lbl_dist=10.00, avgs=16, sigma=2.0,type=2, relabel=0, neg=no

blurring input image with Gaussian with sigma=2.000...
GCAMRegisterLevel(): init RMS 0.593049
#FOTS# QuadFit found better minimum quadopt=(dt=25.6,rms=0.591097) vs oldopt=(dt=32,rms=0.591185)
#GCMRL#  354 dt  25.600000 rms  0.591  0.329% neg 0  invalid 762 tFOTS 5.4600 tGradient 1.9490 tsec 7.8030
#FOTS# QuadFit found better minimum quadopt=(dt=85.3333,rms=0.588524) vs oldopt=(dt=32,rms=0.5891)
#GCMRL#  355 dt  85.333333 rms  0.589  0.435% neg 0  invalid 762 tFOTS 5.6060 tGradient 2.0080 tsec 8.0220
#FOTS# QuadFit found better minimum quadopt=(dt=52.791,rms=0.585235) vs oldopt=(dt=32,rms=0.585586)
#GCMRL#  356 dt  52.790960 rms  0.585  0.559% neg 0  invalid 762 tFOTS 5.1060 tGradient 1.9170 tsec 7.4300
#FOTS# QuadFit found better minimum quadopt=(dt=23.4524,rms=0.582165) vs oldopt=(dt=32,rms=0.582589)
#GCMRL#  357 dt  23.452421 rms  0.582  0.525% neg 0  invalid 762 tFOTS 5.1340 tGradient 1.9670 tsec 7.5030
#FOTS# QuadFit found better minimum quadopt=(dt=25.0811,rms=0.581231) vs oldopt=(dt=32,rms=0.581332)
#GCMRL#  358 dt  25.081081 rms  0.581  0.160% neg 0  invalid 762 tFOTS 5.1230 tGradient 1.9850 tsec 7.5090
#FOTS# QuadFit found better minimum quadopt=(dt=44.8,rms=0.579283) vs oldopt=(dt=32,rms=0.579434)
#GCMRL#  359 dt  44.800000 rms  0.579  0.335% neg 0  invalid 762 tFOTS 5.1360 tGradient 1.8840 tsec 7.4060
#FOTS# QuadFit found better minimum quadopt=(dt=11.2,rms=0.578329) vs oldopt=(dt=8,rms=0.578495)
#GCMRL#  360 dt  11.200000 rms  0.578  0.165% neg 0  invalid 762 tFOTS 5.1730 tGradient 1.9880 tsec 7.5550
#FOTS# QuadFit found better minimum quadopt=(dt=102.4,rms=0.57655) vs oldopt=(dt=128,rms=0.576687)
#GCMRL#  361 dt 102.400000 rms  0.577  0.308% neg 0  invalid 762 tFOTS 5.0160 tGradient 1.8400 tsec 7.2510
#FOTS# QuadFit found better minimum quadopt=(dt=19.8008,rms=0.573975) vs oldopt=(dt=32,rms=0.574633)
#GCMRL#  362 dt  19.800766 rms  0.574  0.447% neg 0  invalid 762 tFOTS 5.0330 tGradient 1.9270 tsec 7.3570
#GCMRL#  363 dt  32.000000 rms  0.573  0.117% neg 0  invalid 762 tFOTS 5.3300 tGradient 1.8780 tsec 7.6030
#FOTS# QuadFit found better minimum quadopt=(dt=25.6,rms=0.572306) vs oldopt=(dt=32,rms=0.572337)
#GCMRL#  364 dt  25.600000 rms  0.572  0.174% neg 0  invalid 762 tFOTS 5.0320 tGradient 1.8490 tsec 7.2750
#FOTS# QuadFit found better minimum quadopt=(dt=25.6,rms=0.571753) vs oldopt=(dt=32,rms=0.57182)
#GCMRL#  365 dt  25.600000 rms  0.572  0.097% neg 0  invalid 762 tFOTS 5.3910 tGradient 1.8820 tsec 7.6670
#GCMRL#  366 dt  32.000000 rms  0.571  0.159% neg 0  invalid 762 tFOTS 4.9070 tGradient 1.9420 tsec 7.2470
#FOTS# QuadFit found better minimum quadopt=(dt=11.2,rms=0.570451) vs oldopt=(dt=8,rms=0.570528)
#GCMRL#  367 dt  11.200000 rms  0.570  0.069% neg 0  invalid 762 tFOTS 5.0520 tGradient 1.9110 tsec 7.3680
#FOTS# QuadFit found better minimum quadopt=(dt=44.8,rms=0.569525) vs oldopt=(dt=32,rms=0.569762)
#GCMRL#  368 dt  44.800000 rms  0.570  0.162% neg 0  invalid 762 tFOTS 4.6470 tGradient 1.8600 tsec 6.9090
#FOTS# QuadFit found better minimum quadopt=(dt=11.2,rms=0.569219) vs oldopt=(dt=8,rms=0.569296)
#GCMRL#  369 dt  11.200000 rms  0.569  0.054% neg 0  invalid 762 tFOTS 4.7290 tGradient 1.9630 tsec 7.0870
#FOTS# QuadFit found better minimum quadopt=(dt=179.2,rms=0.565951) vs oldopt=(dt=128,rms=0.566701)
#GCMRL#  370 dt 179.200000 rms  0.566  0.574% neg 0  invalid 762 tFOTS 5.0680 tGradient 1.9320 tsec 7.4040
#FOTS# QuadFit found better minimum quadopt=(dt=11.2,rms=0.565694) vs oldopt=(dt=8,rms=0.565754)
#GCMRL#  371 dt  11.200000 rms  0.566  0.000% neg 0  invalid 762 tFOTS 4.9530 tGradient 2.0260 tsec 7.4200
#GCMRL#  372 dt  11.200000 rms  0.565  0.040% neg 0  invalid 762 tFOTS 0.0000 tGradient 1.9000 tsec 2.2840
#GCMRL#  373 dt  11.200000 rms  0.565  0.029% neg 0  invalid 762 tFOTS 0.0000 tGradient 1.8740 tsec 2.4880
#GCMRL#  374 dt   2.800000 rms  0.565  0.013% neg 0  invalid 762 tFOTS 0.0000 tGradient 1.8890 tsec 2.9850
#GCMRL#  375 dt   2.800000 rms  0.565  0.010% neg 0  invalid 762 tFOTS 0.0000 tGradient 2.1160 tsec 2.7590
#FOTS# QuadFit found better minimum quadopt=(dt=0.175,rms=0.565171) vs oldopt=(dt=0.125,rms=0.565172)
#GCMRL#  376 dt   0.175000 rms  0.565  0.000% neg 0  invalid 762 tFOTS 4.2950 tGradient 2.0170 tsec 6.7500
#GCMRL#  377 dt   0.175000 rms  0.565  0.000% neg 0  invalid 762 tFOTS 0.0000 tGradient 2.0150 tsec 2.4050
#GCMRL#  378 dt   0.043750 rms  0.565  0.000% neg 0  invalid 762 tFOTS 0.0000 tGradient 2.0230 tsec 3.1640

#GCAMreg# pass 0 level1 3 level2 1 tsec 168.899 sigma 0.5
l_jacobian=1.00 l_label=1.00 l_log_likelihood=0.20 l_smoothness=0.12 
tol=5.00e-02, dt=5.00e-02, exp_k=20.0, momentum=0.90, levels=6, niter=500, lbl_dist=10.00, avgs=16, sigma=0.5,type=2, relabel=0, neg=no

blurring input image with Gaussian with sigma=0.500...
GCAMRegisterLevel(): init RMS 0.565647
#FOTS# QuadFit found better minimum quadopt=(dt=44.8,rms=0.561923) vs oldopt=(dt=32,rms=0.562364)
#GCMRL#  380 dt  44.800000 rms  0.562  0.658% neg 0  invalid 762 tFOTS 5.9480 tGradient 1.9900 tsec 8.3700
#FOTS# QuadFit found better minimum quadopt=(dt=38.4,rms=0.560777) vs oldopt=(dt=32,rms=0.560804)
#GCMRL#  381 dt  38.400000 rms  0.561  0.204% neg 0  invalid 762 tFOTS 5.6030 tGradient 1.9810 tsec 8.0030
#FOTS# QuadFit found better minimum quadopt=(dt=25.6,rms=0.559785) vs oldopt=(dt=32,rms=0.559827)
#GCMRL#  382 dt  25.600000 rms  0.560  0.177% neg 0  invalid 762 tFOTS 5.8980 tGradient 1.9780 tsec 8.3010
#FOTS# QuadFit found better minimum quadopt=(dt=25.6,rms=0.559246) vs oldopt=(dt=32,rms=0.559255)
#GCMRL#  383 dt  25.600000 rms  0.559  0.096% neg 0  invalid 762 tFOTS 5.5940 tGradient 1.9450 tsec 7.9710
#FOTS# QuadFit found better minimum quadopt=(dt=44.8,rms=0.558522) vs oldopt=(dt=32,rms=0.558561)
#GCMRL#  384 dt  44.800000 rms  0.559  0.129% neg 0  invalid 762 tFOTS 5.9810 tGradient 1.9100 tsec 8.3030
#FOTS# QuadFit found better minimum quadopt=(dt=11.2,rms=0.558106) vs oldopt=(dt=8,rms=0.558193)
#GCMRL#  385 dt  11.200000 rms  0.558  0.074% neg 0  invalid 762 tFOTS 5.9880 tGradient 1.9520 tsec 8.3650
#FOTS# QuadFit found better minimum quadopt=(dt=102.4,rms=0.557365) vs oldopt=(dt=128,rms=0.557482)
#GCMRL#  386 dt 102.400000 rms  0.557  0.133% neg 0  invalid 762 tFOTS 5.6600 tGradient 1.9710 tsec 8.0440
#FOTS# QuadFit found better minimum quadopt=(dt=21.2958,rms=0.556236) vs oldopt=(dt=32,rms=0.55656)
#GCMRL#  387 dt  21.295775 rms  0.556  0.202% neg 0  invalid 762 tFOTS 5.7650 tGradient 2.0510 tsec 8.2290
#FOTS# QuadFit found better minimum quadopt=(dt=25.6,rms=0.555841) vs oldopt=(dt=32,rms=0.555845)
#GCMRL#  388 dt  25.600000 rms  0.556  0.071% neg 0  invalid 762 tFOTS 5.9880 tGradient 1.8900 tsec 8.3110
#GCMRL#  389 dt  32.000000 rms  0.555  0.073% neg 0  invalid 762 tFOTS 5.8940 tGradient 1.9740 tsec 8.2580
#FOTS# QuadFit found better minimum quadopt=(dt=19.2,rms=0.555084) vs oldopt=(dt=32,rms=0.555159)
#GCMRL#  390 dt  19.200000 rms  0.555  0.063% neg 0  invalid 762 tFOTS 6.0140 tGradient 2.1510 tsec 8.5560
#FOTS# QuadFit found better minimum quadopt=(dt=44.8,rms=0.554627) vs oldopt=(dt=32,rms=0.554673)
#GCMRL#  391 dt  44.800000 rms  0.555  0.082% neg 0  invalid 762 tFOTS 5.4160 tGradient 2.1450 tsec 7.9640
#FOTS# QuadFit found better minimum quadopt=(dt=11.2,rms=0.554285) vs oldopt=(dt=8,rms=0.55435)
#GCMRL#  392 dt  11.200000 rms  0.554  0.062% neg 0  invalid 762 tFOTS 5.6600 tGradient 1.9420 tsec 7.9920
#FOTS# QuadFit found better minimum quadopt=(dt=179.2,rms=0.553196) vs oldopt=(dt=128,rms=0.55325)
#GCMRL#  393 dt 179.200000 rms  0.553  0.197% neg 0  invalid 762 tFOTS 5.5410 tGradient 1.9760 tsec 7.9250
#FOTS# QuadFit found better minimum quadopt=(dt=11.2,rms=0.552283) vs oldopt=(dt=8,rms=0.552444)
#GCMRL#  394 dt  11.200000 rms  0.552  0.165% neg 0  invalid 762 tFOTS 5.6100 tGradient 1.9390 tsec 7.9730
#GCMRL#  395 dt  32.000000 rms  0.552  0.000% neg 0  invalid 762 tFOTS 5.7070 tGradient 1.9910 tsec 8.1220
#GCMRL#  396 dt  32.000000 rms  0.552  0.050% neg 0  invalid 762 tFOTS 0.0000 tGradient 1.8390 tsec 2.2010
#GCMRL#  397 dt  32.000000 rms  0.551  0.109% neg 0  invalid 762 tFOTS 0.0000 tGradient 1.8120 tsec 2.1730
#GCMRL#  398 dt  32.000000 rms  0.551  0.096% neg 0  invalid 762 tFOTS 0.0000 tGradient 1.7270 tsec 2.0920
#GCMRL#  399 dt  32.000000 rms  0.550  0.178% neg 0  invalid 762 tFOTS 0.0000 tGradient 1.7420 tsec 2.1090
#GCMRL#  400 dt  32.000000 rms  0.549  0.180% neg 0  invalid 762 tFOTS 0.0000 tGradient 1.8770 tsec 2.2480
#GCMRL#  401 dt  32.000000 rms  0.548  0.178% neg 0  invalid 762 tFOTS 0.0000 tGradient 1.7160 tsec 2.0840
#GCMRL#  402 dt  32.000000 rms  0.548  0.008% neg 0  invalid 762 tFOTS 0.0000 tGradient 1.7700 tsec 2.3560
#GCMRL#  403 dt  32.000000 rms  0.547  0.064% neg 0  invalid 762 tFOTS 0.0000 tGradient 1.7830 tsec 2.1430
#GCMRL#  404 dt  32.000000 rms  0.547  0.064% neg 0  invalid 762 tFOTS 0.0000 tGradient 1.7620 tsec 2.1350
#GCMRL#  405 dt  32.000000 rms  0.546  0.108% neg 0  invalid 762 tFOTS 0.0000 tGradient 1.7790 tsec 2.1470
#GCMRL#  406 dt  32.000000 rms  0.546  0.124% neg 0  invalid 762 tFOTS 0.0000 tGradient 1.7380 tsec 2.1060
#GCMRL#  407 dt  32.000000 rms  0.545  0.111% neg 0  invalid 762 tFOTS 0.0000 tGradient 1.7060 tsec 2.0650
#GCMRL#  408 dt  32.000000 rms  0.544  0.149% neg 0  invalid 762 tFOTS 0.0000 tGradient 1.7060 tsec 2.0660
#GCMRL#  409 dt  32.000000 rms  0.544  0.128% neg 0  invalid 762 tFOTS 0.0000 tGradient 1.8430 tsec 2.1980
#GCMRL#  410 dt  32.000000 rms  0.543  0.144% neg 0  invalid 762 tFOTS 0.0000 tGradient 1.9620 tsec 2.3600
#GCMRL#  411 dt  32.000000 rms  0.542  0.156% neg 0  invalid 762 tFOTS 0.0000 tGradient 1.8040 tsec 2.1790
#GCMRL#  412 dt  32.000000 rms  0.541  0.128% neg 0  invalid 762 tFOTS 0.0000 tGradient 1.7350 tsec 2.1200
#GCMRL#  413 dt  32.000000 rms  0.540  0.156% neg 0  invalid 762 tFOTS 0.0000 tGradient 1.8860 tsec 2.2600
#GCMRL#  414 dt  32.000000 rms  0.540  0.131% neg 0  invalid 762 tFOTS 0.0000 tGradient 1.7410 tsec 2.1020
#GCMRL#  415 dt  32.000000 rms  0.539  0.118% neg 0  invalid 762 tFOTS 0.0000 tGradient 1.7440 tsec 2.1070
#GCMRL#  416 dt  32.000000 rms  0.538  0.109% neg 0  invalid 762 tFOTS 0.0000 tGradient 1.7570 tsec 2.1100
#GCMRL#  417 dt  32.000000 rms  0.538  0.119% neg 0  invalid 762 tFOTS 0.0000 tGradient 1.7480 tsec 2.1020
#GCMRL#  418 dt  32.000000 rms  0.537  0.094% neg 0  invalid 762 tFOTS 0.0000 tGradient 1.7310 tsec 2.0960
#GCMRL#  419 dt  32.000000 rms  0.537  0.137% neg 0  invalid 762 tFOTS 0.0000 tGradient 1.8070 tsec 2.1910
#GCMRL#  420 dt  32.000000 rms  0.536  0.108% neg 0  invalid 762 tFOTS 0.0000 tGradient 1.7760 tsec 2.1570
#GCMRL#  421 dt  32.000000 rms  0.535  0.102% neg 0  invalid 762 tFOTS 0.0000 tGradient 1.8160 tsec 2.2080
#GCMRL#  422 dt  32.000000 rms  0.535  0.082% neg 0  invalid 762 tFOTS 0.0000 tGradient 1.9620 tsec 2.3410
#GCMRL#  423 dt  32.000000 rms  0.535  0.078% neg 0  invalid 762 tFOTS 0.0000 tGradient 1.9390 tsec 2.3280
#GCMRL#  424 dt  32.000000 rms  0.535 -0.016% neg 0  invalid 762 tFOTS 0.0000 tGradient 1.9340 tsec 2.8360
#FOTS# QuadFit found better minimum quadopt=(dt=11.2,rms=0.534555) vs oldopt=(dt=8,rms=0.534559)
#GCMRL#  425 dt  11.200000 rms  0.535  0.008% neg 0  invalid 762 tFOTS 5.4760 tGradient 1.8780 tsec 7.7630
#FOTS# QuadFit found better minimum quadopt=(dt=44.8,rms=0.534424) vs oldopt=(dt=32,rms=0.53444)
#GCMRL#  426 dt  44.800000 rms  0.534  0.024% neg 0  invalid 762 tFOTS 5.6530 tGradient 2.0440 tsec 8.1540
#FOTS# QuadFit found better minimum quadopt=(dt=4.8,rms=0.534416) vs oldopt=(dt=8,rms=0.534417)
setting smoothness cost coefficient to 0.400

#GCAMreg# pass 0 level1 2 level2 0 tsec 0 sigma 2
l_jacobian=1.00 l_label=1.00 l_log_likelihood=0.20 l_smoothness=0.40 
tol=5.00e-02, dt=5.00e-02, exp_k=20.0, momentum=0.90, levels=6, niter=500, lbl_dist=10.00, avgs=4, sigma=2.0,type=2, relabel=0, neg=no

blurring input image with Gaussian with sigma=2.000...
GCAMRegisterLevel(): init RMS 0.56192
#GCMRL#  428 dt   0.000000 rms  0.562  0.073% neg 0  invalid 762 tFOTS 5.6260 tGradient 1.7800 tsec 7.8380
#GCMRL#  429 dt   0.150000 rms  0.562  0.000% neg 0  invalid 762 tFOTS 5.6310 tGradient 1.7560 tsec 8.1000

#GCAMreg# pass 0 level1 2 level2 1 tsec 26.735 sigma 0.5
l_jacobian=1.00 l_label=1.00 l_log_likelihood=0.20 l_smoothness=0.40 
tol=5.00e-02, dt=5.00e-02, exp_k=20.0, momentum=0.90, levels=6, niter=500, lbl_dist=10.00, avgs=4, sigma=0.5,type=2, relabel=0, neg=no

blurring input image with Gaussian with sigma=0.500...
GCAMRegisterLevel(): init RMS 0.56192
#GCMRL#  431 dt   0.000000 rms  0.562  0.073% neg 0  invalid 762 tFOTS 5.6520 tGradient 1.7650 tsec 7.8300
#GCMRL#  432 dt   0.150000 rms  0.562  0.000% neg 0  invalid 762 tFOTS 5.6220 tGradient 1.7580 tsec 8.1020
setting smoothness cost coefficient to 1.000

#GCAMreg# pass 0 level1 1 level2 0 tsec 0 sigma 2
l_jacobian=1.00 l_label=1.00 l_log_likelihood=0.20 l_smoothness=1.00 
tol=5.00e-02, dt=5.00e-02, exp_k=20.0, momentum=0.90, levels=6, niter=500, lbl_dist=10.00, avgs=1, sigma=2.0,type=2, relabel=0, neg=no

blurring input image with Gaussian with sigma=2.000...
GCAMRegisterLevel(): init RMS 0.615499
#FOTS# QuadFit found better minimum quadopt=(dt=1.536,rms=0.609743) vs oldopt=(dt=1.28,rms=0.609937)
#GCMRL#  434 dt   1.536000 rms  0.610  0.935% neg 0  invalid 762 tFOTS 5.3970 tGradient 1.5260 tsec 7.3400
#FOTS# QuadFit found better minimum quadopt=(dt=0.448,rms=0.609543) vs oldopt=(dt=0.32,rms=0.609564)
#GCMRL#  435 dt   0.448000 rms  0.610  0.000% neg 0  invalid 762 tFOTS 5.1530 tGradient 1.4930 tsec 7.0840

#GCAMreg# pass 0 level1 1 level2 1 tsec 24.497 sigma 0.5
l_jacobian=1.00 l_label=1.00 l_log_likelihood=0.20 l_smoothness=1.00 
tol=5.00e-02, dt=5.00e-02, exp_k=20.0, momentum=0.90, levels=6, niter=500, lbl_dist=10.00, avgs=1, sigma=0.5,type=2, relabel=0, neg=no

blurring input image with Gaussian with sigma=0.500...
GCAMRegisterLevel(): init RMS 0.609903
#FOTS# QuadFit found better minimum quadopt=(dt=1.024,rms=0.60885) vs oldopt=(dt=1.28,rms=0.608951)
#GCMRL#  437 dt   1.024000 rms  0.609  0.173% neg 0  invalid 762 tFOTS 5.1210 tGradient 1.6050 tsec 7.1410
#FOTS# QuadFit found better minimum quadopt=(dt=0.192,rms=0.608838) vs oldopt=(dt=0.32,rms=0.608845)
#GCMRL#  438 dt   0.192000 rms  0.609  0.000% neg 0  invalid 762 tFOTS 5.1220 tGradient 1.5440 tsec 7.0840
#GCMRL#  439 dt   0.192000 rms  0.609  0.004% neg 0  invalid 762 tFOTS 0.0000 tGradient 1.5310 tsec 1.8860
resetting metric properties...
setting smoothness cost coefficient to 2.000

#GCAMreg# pass 0 level1 0 level2 0 tsec 0 sigma 2
l_jacobian=1.00 l_label=1.00 l_log_likelihood=0.20 l_smoothness=2.00 
tol=5.00e-02, dt=5.00e-02, exp_k=20.0, momentum=0.90, levels=6, niter=500, lbl_dist=10.00, avgs=0, sigma=2.0,type=2, relabel=0, neg=no

blurring input image with Gaussian with sigma=2.000...
GCAMRegisterLevel(): init RMS 0.553237
#FOTS# QuadFit found better minimum quadopt=(dt=0.448,rms=0.538167) vs oldopt=(dt=0.32,rms=0.542195)
#GCMRL#  441 dt   0.448000 rms  0.538  2.724% neg 0  invalid 762 tFOTS 4.7610 tGradient 1.0090 tsec 6.2080
#FOTS# QuadFit found better minimum quadopt=(dt=0.384,rms=0.534612) vs oldopt=(dt=0.32,rms=0.535197)
#GCMRL#  442 dt   0.384000 rms  0.535  0.661% neg 0  invalid 762 tFOTS 5.1840 tGradient 1.0890 tsec 6.6760
#FOTS# QuadFit found better minimum quadopt=(dt=0.448,rms=0.531946) vs oldopt=(dt=0.32,rms=0.532698)
#GCMRL#  443 dt   0.448000 rms  0.532  0.499% neg 0  invalid 762 tFOTS 4.8420 tGradient 0.9890 tsec 6.2360
#FOTS# QuadFit found better minimum quadopt=(dt=0.448,rms=0.530378) vs oldopt=(dt=0.32,rms=0.530816)
#GCMRL#  444 dt   0.448000 rms  0.530  0.295% neg 0  invalid 762 tFOTS 4.8030 tGradient 0.9880 tsec 6.2210
#FOTS# QuadFit found better minimum quadopt=(dt=0.448,rms=0.529313) vs oldopt=(dt=0.32,rms=0.529616)
#GCMRL#  445 dt   0.448000 rms  0.529  0.201% neg 0  invalid 762 tFOTS 5.0150 tGradient 1.0440 tsec 6.4590
#FOTS# QuadFit found better minimum quadopt=(dt=0.448,rms=0.52852) vs oldopt=(dt=0.32,rms=0.528739)
#GCMRL#  446 dt   0.448000 rms  0.529  0.150% neg 0  invalid 762 tFOTS 4.9120 tGradient 1.0790 tsec 6.3870
#FOTS# QuadFit found better minimum quadopt=(dt=0.448,rms=0.527898) vs oldopt=(dt=0.32,rms=0.528072)
#GCMRL#  447 dt   0.448000 rms  0.528  0.118% neg 0  invalid 762 tFOTS 5.0700 tGradient 1.1200 tsec 6.5950
#FOTS# QuadFit found better minimum quadopt=(dt=0.448,rms=0.527411) vs oldopt=(dt=0.32,rms=0.527544)
#GCMRL#  448 dt   0.448000 rms  0.527  0.092% neg 0  invalid 762 tFOTS 5.0110 tGradient 0.9840 tsec 6.3950
#FOTS# QuadFit found better minimum quadopt=(dt=0.448,rms=0.52698) vs oldopt=(dt=0.32,rms=0.527095)
#GCMRL#  449 dt   0.448000 rms  0.527  0.082% neg 0  invalid 762 tFOTS 4.9030 tGradient 1.0320 tsec 6.3420
#FOTS# QuadFit found better minimum quadopt=(dt=0.448,rms=0.526667) vs oldopt=(dt=0.32,rms=0.526753)
#GCMRL#  450 dt   0.448000 rms  0.527  0.059% neg 0  invalid 762 tFOTS 4.9180 tGradient 1.0370 tsec 6.3560
#FOTS# QuadFit found better minimum quadopt=(dt=0.448,rms=0.526356) vs oldopt=(dt=0.32,rms=0.526435)
#GCMRL#  451 dt   0.448000 rms  0.526  0.059% neg 0  invalid 762 tFOTS 5.0360 tGradient 0.9870 tsec 6.4420
#FOTS# QuadFit found better minimum quadopt=(dt=0.448,rms=0.526134) vs oldopt=(dt=0.32,rms=0.526193)
#GCMRL#  452 dt   0.448000 rms  0.526  0.000% neg 0  invalid 762 tFOTS 4.9280 tGradient 0.9710 tsec 6.3270
#GCMRL#  453 dt   0.448000 rms  0.526  0.043% neg 0  invalid 762 tFOTS 0.0000 tGradient 0.9950 tsec 1.3990
#GCMRL#  454 dt   0.448000 rms  0.526  0.069% neg 0  invalid 762 tFOTS 0.0000 tGradient 0.8990 tsec 1.3050
#GCMRL#  455 dt   0.448000 rms  0.525  0.028% neg 0  invalid 762 tFOTS 0.0000 tGradient 0.9680 tsec 1.5840
#GCMRL#  456 dt   0.448000 rms  0.525  0.051% neg 0  invalid 762 tFOTS 0.0000 tGradient 0.9760 tsec 1.3690
#GCMRL#  457 dt   0.448000 rms  0.525  0.019% neg 0  invalid 762 tFOTS 0.0000 tGradient 0.9770 tsec 1.6190
#GCMRL#  458 dt   0.448000 rms  0.525  0.016% neg 0  invalid 762 tFOTS 0.0000 tGradient 1.1110 tsec 1.8390
#FOTS# QuadFit found better minimum quadopt=(dt=0.448,rms=0.524868) vs oldopt=(dt=0.32,rms=0.524886)
#GCMRL#  459 dt   0.448000 rms  0.525  0.016% neg 0  invalid 762 tFOTS 5.1940 tGradient 1.0640 tsec 6.6480
#FOTS# QuadFit found better minimum quadopt=(dt=0.448,rms=0.524802) vs oldopt=(dt=0.32,rms=0.524813)
#GCMRL#  460 dt   0.448000 rms  0.525  0.000% neg 0  invalid 762 tFOTS 4.9670 tGradient 0.9710 tsec 6.3770
#GCMRL#  461 dt   0.448000 rms  0.525  0.014% neg 0  invalid 762 tFOTS 0.0000 tGradient 0.9910 tsec 1.3860
#GCMRL#  462 dt   0.448000 rms  0.525  0.020% neg 0  invalid 762 tFOTS 0.0000 tGradient 0.9900 tsec 1.3940
#GCMRL#  463 dt   0.448000 rms  0.525  0.011% neg 0  invalid 762 tFOTS 0.0000 tGradient 0.9600 tsec 1.5720
#GCMRL#  464 dt   0.448000 rms  0.524  0.020% neg 0  invalid 762 tFOTS 0.0000 tGradient 0.9520 tsec 1.3400

#GCAMreg# pass 0 level1 0 level2 1 tsec 114.119 sigma 0.5
l_jacobian=1.00 l_label=1.00 l_log_likelihood=0.20 l_smoothness=2.00 
tol=5.00e-02, dt=5.00e-02, exp_k=20.0, momentum=0.90, levels=6, niter=500, lbl_dist=10.00, avgs=0, sigma=0.5,type=2, relabel=0, neg=no

blurring input image with Gaussian with sigma=0.500...
GCAMRegisterLevel(): init RMS 0.524841
#FOTS# QuadFit found better minimum quadopt=(dt=0.384,rms=0.51998) vs oldopt=(dt=0.32,rms=0.520673)
#GCMRL#  466 dt   0.384000 rms  0.520  0.926% neg 0  invalid 762 tFOTS 4.9480 tGradient 0.9780 tsec 6.3310
#FOTS# QuadFit found better minimum quadopt=(dt=0.448,rms=0.518515) vs oldopt=(dt=0.32,rms=0.518917)
#GCMRL#  467 dt   0.448000 rms  0.519  0.282% neg 0  invalid 762 tFOTS 5.0270 tGradient 0.9990 tsec 6.4400
#FOTS# QuadFit found better minimum quadopt=(dt=0.448,rms=0.518163) vs oldopt=(dt=0.32,rms=0.518257)
#GCMRL#  468 dt   0.448000 rms  0.518  0.068% neg 0  invalid 762 tFOTS 4.8130 tGradient 0.9480 tsec 6.1790
#FOTS# QuadFit found better minimum quadopt=(dt=0.448,rms=0.517994) vs oldopt=(dt=0.32,rms=0.518032)
#GCMRL#  469 dt   0.448000 rms  0.518  0.000% neg 0  invalid 762 tFOTS 4.8420 tGradient 1.0060 tsec 6.2850
#GCMRL#  470 dt   0.448000 rms  0.518  0.013% neg 0  invalid 762 tFOTS 0.0000 tGradient 1.0130 tsec 1.4150
#GCMRL#  471 dt   0.448000 rms  0.518  0.023% neg 0  invalid 762 tFOTS 0.0000 tGradient 1.0410 tsec 1.4520
#GCMRL#  472 dt   0.448000 rms  0.518  0.014% neg 0  invalid 762 tFOTS 0.0000 tGradient 1.0240 tsec 1.4270
GCAMregister done in 28.1317 min
********************* ALLOWING NEGATIVE NODES IN DEFORMATION********************************
noneg post
Starting GCAMregister()
label assignment complete, 0 changed (0.00%)
npasses = 1, nlevels = 6
#pass# 1 of 1 ************************
enabling zero nodes
setting smoothness cost coefficient to 0.008

#GCAMreg# pass 0 level1 5 level2 0 tsec 0 sigma 2
l_jacobian=1.00 l_label=1.00 l_log_likelihood=0.20 l_smoothness=0.01 
tol=2.50e-01, dt=5.00e-02, exp_k=20.0, momentum=0.90, levels=6, niter=500, lbl_dist=10.00, avgs=256, sigma=2.0,type=2, relabel=0, neg=yes

blurring input image with Gaussian with sigma=2.000...
GCAMRegisterLevel(): init RMS 0.515538
#FOTS# QuadFit found better minimum quadopt=(dt=0.00451563,rms=0.515097) vs oldopt=(dt=0.00564453,rms=0.515097)
#GCMRL#  474 dt   0.004516 rms  0.515  0.086% neg 0  invalid 762 tFOTS 7.7690 tGradient 2.3960 tsec 10.5620

#GCAMreg# pass 0 level1 5 level2 1 tsec 27.74 sigma 0.5
l_jacobian=1.00 l_label=1.00 l_log_likelihood=0.20 l_smoothness=0.01 
tol=2.50e-01, dt=5.00e-02, exp_k=20.0, momentum=0.90, levels=6, niter=500, lbl_dist=10.00, avgs=256, sigma=0.5,type=2, relabel=0, neg=yes

blurring input image with Gaussian with sigma=0.500...
GCAMRegisterLevel(): init RMS 0.515538
#FOTS# QuadFit found better minimum quadopt=(dt=32.368,rms=0.515076) vs oldopt=(dt=23.12,rms=0.515079)
#GCMRL#  476 dt  32.368000 rms  0.515  0.090% neg 0  invalid 762 tFOTS 6.4480 tGradient 2.3360 tsec 9.1910
#FOTS# QuadFit found better minimum quadopt=(dt=129.472,rms=0.514977) vs oldopt=(dt=92.48,rms=0.514984)
#GCMRL#  477 dt 129.472000 rms  0.515  0.000% neg 0  invalid 762 tFOTS 6.0550 tGradient 2.3210 tsec 8.8530
#GCMRL#  478 dt 129.472000 rms  0.515  0.048% neg 0  invalid 762 tFOTS 0.0000 tGradient 2.7050 tsec 3.1020
#GCMRL#  479 dt 129.472000 rms  0.515  0.033% neg 0  invalid 762 tFOTS 0.0000 tGradient 2.7580 tsec 3.1590
setting smoothness cost coefficient to 0.031

#GCAMreg# pass 0 level1 4 level2 0 tsec 0 sigma 2
l_jacobian=1.00 l_label=1.00 l_log_likelihood=0.20 l_smoothness=0.03 
tol=2.50e-01, dt=5.00e-02, exp_k=20.0, momentum=0.90, levels=6, niter=500, lbl_dist=10.00, avgs=64, sigma=2.0,type=2, relabel=0, neg=yes

blurring input image with Gaussian with sigma=2.000...
GCAMRegisterLevel(): init RMS 0.515
#FOTS# QuadFit found better minimum quadopt=(dt=31.104,rms=0.514047) vs oldopt=(dt=25.92,rms=0.514072)
#GCMRL#  481 dt  31.104000 rms  0.514  0.185% neg 0  invalid 762 tFOTS 5.8160 tGradient 2.3720 tsec 8.6140
#FOTS# QuadFit found better minimum quadopt=(dt=31.104,rms=0.513908) vs oldopt=(dt=25.92,rms=0.513911)
#GCMRL#  482 dt  31.104000 rms  0.514  0.000% neg 0  invalid 762 tFOTS 4.8010 tGradient 1.8740 tsec 7.0700
#GCMRL#  483 dt  31.104000 rms  0.514  0.017% neg 0  invalid 762 tFOTS 0.0000 tGradient 1.7670 tsec 2.1000
iter 0, gcam->neg = 1
after 0 iterations, nbhd size=0, neg = 0

#GCAMreg# pass 0 level1 4 level2 1 tsec 29.04 sigma 0.5
l_jacobian=1.00 l_label=1.00 l_log_likelihood=0.20 l_smoothness=0.03 
tol=2.50e-01, dt=5.00e-02, exp_k=20.0, momentum=0.90, levels=6, niter=500, lbl_dist=10.00, avgs=64, sigma=0.5,type=2, relabel=0, neg=yes

blurring input image with Gaussian with sigma=0.500...
GCAMRegisterLevel(): init RMS 0.51424
#FOTS# QuadFit found better minimum quadopt=(dt=74.0392,rms=0.512115) vs oldopt=(dt=103.68,rms=0.512373)
#GCMRL#  485 dt  74.039216 rms  0.512  0.413% neg 0  invalid 762 tFOTS 5.3810 tGradient 1.9890 tsec 7.7300
#FOTS# QuadFit found better minimum quadopt=(dt=77.7901,rms=0.510946) vs oldopt=(dt=103.68,rms=0.511053)
#GCMRL#  486 dt  77.790055 rms  0.511  0.000% neg 0  invalid 762 tFOTS 5.5710 tGradient 1.9710 tsec 7.9500
iter 0, gcam->neg = 1
after 0 iterations, nbhd size=0, neg = 0
setting smoothness cost coefficient to 0.118

#GCAMreg# pass 0 level1 3 level2 0 tsec 0 sigma 2
l_jacobian=1.00 l_label=1.00 l_log_likelihood=0.20 l_smoothness=0.12 
tol=2.50e-01, dt=5.00e-02, exp_k=20.0, momentum=0.90, levels=6, niter=500, lbl_dist=10.00, avgs=16, sigma=2.0,type=2, relabel=0, neg=yes

blurring input image with Gaussian with sigma=2.000...
GCAMRegisterLevel(): init RMS 0.511568
#FOTS# QuadFit found better minimum quadopt=(dt=36.5385,rms=0.507011) vs oldopt=(dt=32,rms=0.507035)
iter 0, gcam->neg = 31
after 12 iterations, nbhd size=1, neg = 0
#GCMRL#  488 dt  36.538462 rms  0.507  0.862% neg 0  invalid 762 tFOTS 5.3920 tGradient 1.7980 tsec 12.2090
#FOTS# QuadFit found better minimum quadopt=(dt=44.8,rms=0.504007) vs oldopt=(dt=32,rms=0.504251)
iter 0, gcam->neg = 27
after 12 iterations, nbhd size=1, neg = 0
#GCMRL#  489 dt  44.800000 rms  0.504  0.605% neg 0  invalid 762 tFOTS 5.4700 tGradient 1.7910 tsec 12.4820
#FOTS# QuadFit found better minimum quadopt=(dt=11.2,rms=0.503152) vs oldopt=(dt=8,rms=0.503351)
iter 0, gcam->neg = 7
after 2 iterations, nbhd size=0, neg = 0
#GCMRL#  490 dt  11.200000 rms  0.503  0.000% neg 0  invalid 762 tFOTS 5.4370 tGradient 1.9220 tsec 9.1160
iter 0, gcam->neg = 1
after 1 iterations, nbhd size=0, neg = 0
#GCMRL#  491 dt  11.200000 rms  0.503  0.092% neg 0  invalid 762 tFOTS 0.0000 tGradient 1.6870 tsec 2.8490
iter 0, gcam->neg = 11
after 3 iterations, nbhd size=0, neg = 0
#GCMRL#  492 dt  11.200000 rms  0.502  0.103% neg 0  invalid 762 tFOTS 0.0000 tGradient 1.7210 tsec 3.4610
iter 0, gcam->neg = 9
after 4 iterations, nbhd size=0, neg = 0
#GCMRL#  493 dt  11.200000 rms  0.502  0.136% neg 0  invalid 762 tFOTS 0.0000 tGradient 1.9600 tsec 3.9810
iter 0, gcam->neg = 21
after 12 iterations, nbhd size=1, neg = 0
#GCMRL#  494 dt  11.200000 rms  0.501  0.152% neg 0  invalid 762 tFOTS 0.0000 tGradient 1.7630 tsec 6.2290
iter 0, gcam->neg = 17
after 7 iterations, nbhd size=0, neg = 0
#GCMRL#  495 dt  11.200000 rms  0.500  0.126% neg 0  invalid 762 tFOTS 0.0000 tGradient 1.9090 tsec 5.1090
iter 0, gcam->neg = 30
after 13 iterations, nbhd size=1, neg = 0
#GCMRL#  496 dt  11.200000 rms  0.500  0.059% neg 0  invalid 762 tFOTS 0.0000 tGradient 1.9070 tsec 7.2270
iter 0, gcam->neg = 18
after 4 iterations, nbhd size=0, neg = 0
#GCMRL#  497 dt  11.200000 rms  0.500  0.036% neg 0  invalid 762 tFOTS 0.0000 tGradient 1.7360 tsec 3.8450
#FOTS# QuadFit found better minimum quadopt=(dt=44.8,rms=0.499169) vs oldopt=(dt=32,rms=0.499206)
iter 0, gcam->neg = 1
after 0 iterations, nbhd size=0, neg = 0
#GCMRL#  498 dt  44.800000 rms  0.499  0.095% neg 0  invalid 762 tFOTS 5.3110 tGradient 1.6970 tsec 7.9400
#FOTS# QuadFit found better minimum quadopt=(dt=25.6,rms=0.498736) vs oldopt=(dt=32,rms=0.498774)
iter 0, gcam->neg = 2
after 1 iterations, nbhd size=0, neg = 0
#GCMRL#  499 dt  25.600000 rms  0.499  0.000% neg 0  invalid 762 tFOTS 5.4370 tGradient 1.7600 tsec 8.4830
iter 0, gcam->neg = 2
after 0 iterations, nbhd size=0, neg = 0
#GCMRL#  500 dt  25.600000 rms  0.499  0.045% neg 0  invalid 762 tFOTS 0.0000 tGradient 1.7470 tsec 2.6200
iter 0, gcam->neg = 6
after 3 iterations, nbhd size=0, neg = 0
#GCMRL#  501 dt  25.600000 rms  0.498  0.079% neg 0  invalid 762 tFOTS 0.0000 tGradient 1.7710 tsec 3.5770
iter 0, gcam->neg = 8
after 1 iterations, nbhd size=0, neg = 0
#GCMRL#  502 dt  25.600000 rms  0.498  0.117% neg 0  invalid 762 tFOTS 0.0000 tGradient 1.7780 tsec 2.9940
iter 0, gcam->neg = 6
after 3 iterations, nbhd size=0, neg = 0
#GCMRL#  503 dt  25.600000 rms  0.497  0.073% neg 0  invalid 762 tFOTS 0.0000 tGradient 1.7740 tsec 3.5970
iter 0, gcam->neg = 7
after 8 iterations, nbhd size=1, neg = 0

#GCAMreg# pass 0 level1 3 level2 1 tsec 109.46 sigma 0.5
l_jacobian=1.00 l_label=1.00 l_log_likelihood=0.20 l_smoothness=0.12 
tol=2.50e-01, dt=5.00e-02, exp_k=20.0, momentum=0.90, levels=6, niter=500, lbl_dist=10.00, avgs=16, sigma=0.5,type=2, relabel=0, neg=yes

blurring input image with Gaussian with sigma=0.500...
GCAMRegisterLevel(): init RMS 0.497477
#FOTS# QuadFit found better minimum quadopt=(dt=51.651,rms=0.491512) vs oldopt=(dt=32,rms=0.492156)
#GCMRL#  505 dt  51.651007 rms  0.492  1.199% neg 0  invalid 762 tFOTS 6.1290 tGradient 1.7870 tsec 8.3110
#FOTS# QuadFit found better minimum quadopt=(dt=24.6271,rms=0.489655) vs oldopt=(dt=32,rms=0.489887)
#GCMRL#  506 dt  24.627078 rms  0.490  0.378% neg 0  invalid 762 tFOTS 6.4390 tGradient 1.8570 tsec 8.6860
#FOTS# QuadFit found better minimum quadopt=(dt=38.4,rms=0.488257) vs oldopt=(dt=32,rms=0.488297)
#GCMRL#  507 dt  38.400000 rms  0.488  0.285% neg 0  invalid 762 tFOTS 6.0830 tGradient 1.8110 tsec 8.2710
#FOTS# QuadFit found better minimum quadopt=(dt=11.2,rms=0.487627) vs oldopt=(dt=8,rms=0.487757)
#GCMRL#  508 dt  11.200000 rms  0.488  0.000% neg 0  invalid 762 tFOTS 6.0700 tGradient 1.8650 tsec 8.3400
#GCMRL#  509 dt  11.200000 rms  0.487  0.062% neg 0  invalid 762 tFOTS 0.0000 tGradient 1.8530 tsec 2.2140
#GCMRL#  510 dt  11.200000 rms  0.487  0.101% neg 0  invalid 762 tFOTS 0.0000 tGradient 1.8320 tsec 2.1970
#GCMRL#  511 dt  11.200000 rms  0.486  0.137% neg 0  invalid 762 tFOTS 0.0000 tGradient 1.8530 tsec 2.2240
#GCMRL#  512 dt  11.200000 rms  0.485  0.146% neg 0  invalid 762 tFOTS 0.0000 tGradient 1.8440 tsec 2.2000
#GCMRL#  513 dt  11.200000 rms  0.485  0.141% neg 0  invalid 762 tFOTS 0.0000 tGradient 1.8150 tsec 2.1830
#GCMRL#  514 dt  11.200000 rms  0.484  0.117% neg 0  invalid 762 tFOTS 0.0000 tGradient 1.7720 tsec 2.1250
#GCMRL#  515 dt  11.200000 rms  0.484  0.097% neg 0  invalid 762 tFOTS 0.0000 tGradient 1.8940 tsec 2.2810
#FOTS# QuadFit found better minimum quadopt=(dt=38.4,rms=0.483548) vs oldopt=(dt=32,rms=0.483555)
iter 0, gcam->neg = 1
after 2 iterations, nbhd size=0, neg = 0
#GCMRL#  516 dt  38.400000 rms  0.484  0.000% neg 0  invalid 762 tFOTS 5.5120 tGradient 1.7320 tsec 8.9330
#GCMRL#  517 dt  38.400000 rms  0.483  0.024% neg 0  invalid 762 tFOTS 0.0000 tGradient 1.7990 tsec 2.1480
#GCMRL#  518 dt  38.400000 rms  0.483  0.089% neg 0  invalid 762 tFOTS 0.0000 tGradient 1.7580 tsec 2.1240
#GCMRL#  519 dt  38.400000 rms  0.483  0.090% neg 0  invalid 762 tFOTS 0.0000 tGradient 1.8340 tsec 2.1820
#GCMRL#  520 dt  38.400000 rms  0.482  0.126% neg 0  invalid 762 tFOTS 0.0000 tGradient 1.8010 tsec 2.1590
iter 0, gcam->neg = 6
after 3 iterations, nbhd size=0, neg = 0
#GCMRL#  521 dt  38.400000 rms  0.482  0.072% neg 0  invalid 762 tFOTS 0.0000 tGradient 1.8850 tsec 3.8480
iter 0, gcam->neg = 4
after 1 iterations, nbhd size=0, neg = 0
#GCMRL#  522 dt  38.400000 rms  0.481  0.153% neg 0  invalid 762 tFOTS 0.0000 tGradient 1.8710 tsec 3.1880
iter 0, gcam->neg = 2
after 3 iterations, nbhd size=0, neg = 0
#GCMRL#  523 dt  38.400000 rms  0.480  0.141% neg 0  invalid 762 tFOTS 0.0000 tGradient 1.9280 tsec 3.9980
iter 0, gcam->neg = 3
after 1 iterations, nbhd size=0, neg = 0
#GCMRL#  524 dt  38.400000 rms  0.480  0.082% neg 0  invalid 762 tFOTS 0.0000 tGradient 1.8590 tsec 3.1540
iter 0, gcam->neg = 2
after 0 iterations, nbhd size=0, neg = 0
#GCMRL#  525 dt  38.400000 rms  0.479  0.110% neg 0  invalid 762 tFOTS 0.0000 tGradient 1.8730 tsec 2.8220
iter 0, gcam->neg = 2
after 2 iterations, nbhd size=0, neg = 0
#GCMRL#  526 dt  38.400000 rms  0.479  0.114% neg 0  invalid 762 tFOTS 0.0000 tGradient 1.9040 tsec 3.4930
iter 0, gcam->neg = 1
after 0 iterations, nbhd size=0, neg = 0
#GCMRL#  527 dt  38.400000 rms  0.478  0.139% neg 0  invalid 762 tFOTS 0.0000 tGradient 1.8940 tsec 2.8760
iter 0, gcam->neg = 1
after 2 iterations, nbhd size=0, neg = 0
#GCMRL#  528 dt  38.400000 rms  0.478  0.062% neg 0  invalid 762 tFOTS 0.0000 tGradient 1.8310 tsec 3.4850
#GCMRL#  529 dt  38.400000 rms  0.477  0.134% neg 0  invalid 762 tFOTS 0.0000 tGradient 1.8240 tsec 2.1780
iter 0, gcam->neg = 5
after 5 iterations, nbhd size=0, neg = 0
#GCMRL#  530 dt  38.400000 rms  0.477  0.076% neg 0  invalid 762 tFOTS 0.0000 tGradient 1.8720 tsec 4.4680
iter 0, gcam->neg = 3
after 1 iterations, nbhd size=0, neg = 0
#GCMRL#  531 dt  38.400000 rms  0.476  0.076% neg 0  invalid 762 tFOTS 0.0000 tGradient 1.8410 tsec 3.1630
#FOTS# QuadFit found better minimum quadopt=(dt=25.6,rms=0.476138) vs oldopt=(dt=32,rms=0.476143)
#GCMRL#  532 dt  25.600000 rms  0.476  0.000% neg 0  invalid 762 tFOTS 5.3640 tGradient 1.8380 tsec 7.6180
setting smoothness cost coefficient to 0.400

#GCAMreg# pass 0 level1 2 level2 0 tsec 0 sigma 2
l_jacobian=1.00 l_label=1.00 l_log_likelihood=0.20 l_smoothness=0.40 
tol=2.50e-01, dt=5.00e-02, exp_k=20.0, momentum=0.90, levels=6, niter=500, lbl_dist=10.00, avgs=4, sigma=2.0,type=2, relabel=0, neg=yes

blurring input image with Gaussian with sigma=2.000...
GCAMRegisterLevel(): init RMS 0.483625
#FOTS# QuadFit found better minimum quadopt=(dt=0.000984375,rms=0.483166) vs oldopt=(dt=0.000703125,rms=0.483166)
#GCMRL#  534 dt   0.000984 rms  0.483  0.095% neg 0  invalid 762 tFOTS 6.2680 tGradient 1.6810 tsec 8.3770

#GCAMreg# pass 0 level1 2 level2 1 tsec 24.183 sigma 0.5
l_jacobian=1.00 l_label=1.00 l_log_likelihood=0.20 l_smoothness=0.40 
tol=2.50e-01, dt=5.00e-02, exp_k=20.0, momentum=0.90, levels=6, niter=500, lbl_dist=10.00, avgs=4, sigma=0.5,type=2, relabel=0, neg=yes

blurring input image with Gaussian with sigma=0.500...
GCAMRegisterLevel(): init RMS 0.483625
#FOTS# QuadFit found better minimum quadopt=(dt=0.063,rms=0.483166) vs oldopt=(dt=0.045,rms=0.483166)
#GCMRL#  536 dt   0.063000 rms  0.483  0.095% neg 0  invalid 762 tFOTS 5.2580 tGradient 1.6780 tsec 7.3200
#FOTS# QuadFit found better minimum quadopt=(dt=0.054,rms=0.483158) vs oldopt=(dt=0.045,rms=0.483158)
#GCMRL#  537 dt   0.054000 rms  0.483  0.000% neg 0  invalid 762 tFOTS 6.0000 tGradient 1.6600 tsec 8.1040
#GCMRL#  538 dt   0.054000 rms  0.483  0.000% neg 0  invalid 762 tFOTS 0.0000 tGradient 1.6630 tsec 2.0430
setting smoothness cost coefficient to 1.000

#GCAMreg# pass 0 level1 1 level2 0 tsec 0 sigma 2
l_jacobian=1.00 l_label=1.00 l_log_likelihood=0.20 l_smoothness=1.00 
tol=2.50e-01, dt=5.00e-02, exp_k=20.0, momentum=0.90, levels=6, niter=500, lbl_dist=10.00, avgs=1, sigma=2.0,type=2, relabel=0, neg=yes

blurring input image with Gaussian with sigma=2.000...
GCAMRegisterLevel(): init RMS 0.498092
#GCMRL#  540 dt   1.280000 rms  0.496  0.474% neg 0  invalid 762 tFOTS 6.4290 tGradient 1.5890 tsec 8.4320
#FOTS# QuadFit found better minimum quadopt=(dt=0.448,rms=0.495607) vs oldopt=(dt=0.32,rms=0.495622)
#GCMRL#  541 dt   0.448000 rms  0.496  0.000% neg 0  invalid 762 tFOTS 7.1920 tGradient 1.5190 tsec 9.1910

#GCAMreg# pass 0 level1 1 level2 1 tsec 28.389 sigma 0.5
l_jacobian=1.00 l_label=1.00 l_log_likelihood=0.20 l_smoothness=1.00 
tol=2.50e-01, dt=5.00e-02, exp_k=20.0, momentum=0.90, levels=6, niter=500, lbl_dist=10.00, avgs=1, sigma=0.5,type=2, relabel=0, neg=yes

blurring input image with Gaussian with sigma=0.500...
GCAMRegisterLevel(): init RMS 0.496056
#FOTS# QuadFit found better minimum quadopt=(dt=1.536,rms=0.494649) vs oldopt=(dt=1.28,rms=0.494663)
#GCMRL#  543 dt   1.536000 rms  0.495  0.284% neg 0  invalid 762 tFOTS 6.4290 tGradient 1.5830 tsec 8.4310
#FOTS# QuadFit found better minimum quadopt=(dt=0.448,rms=0.494546) vs oldopt=(dt=0.32,rms=0.494566)
#GCMRL#  544 dt   0.448000 rms  0.495  0.000% neg 0  invalid 762 tFOTS 6.3570 tGradient 1.5070 tsec 8.3020
#GCMRL#  545 dt   0.448000 rms  0.495  0.009% neg 0  invalid 762 tFOTS 0.0000 tGradient 1.5010 tsec 1.8910
resetting metric properties...
setting smoothness cost coefficient to 2.000

#GCAMreg# pass 0 level1 0 level2 0 tsec 0 sigma 2
l_jacobian=1.00 l_label=1.00 l_log_likelihood=0.20 l_smoothness=2.00 
tol=2.50e-01, dt=5.00e-02, exp_k=20.0, momentum=0.90, levels=6, niter=500, lbl_dist=10.00, avgs=0, sigma=2.0,type=2, relabel=0, neg=yes

blurring input image with Gaussian with sigma=2.000...
GCAMRegisterLevel(): init RMS 0.484379
#FOTS# QuadFit found better minimum quadopt=(dt=1.98361,rms=0.453907) vs oldopt=(dt=1.28,rms=0.457924)
iter 0, gcam->neg = 766
after 17 iterations, nbhd size=1, neg = 0
#GCMRL#  547 dt   1.983614 rms  0.456  5.911% neg 0  invalid 762 tFOTS 6.2120 tGradient 1.0790 tsec 15.8230
#FOTS# QuadFit found better minimum quadopt=(dt=0.028,rms=0.45566) vs oldopt=(dt=0.02,rms=0.455673)
#GCMRL#  548 dt   0.028000 rms  0.456  0.000% neg 0  invalid 762 tFOTS 6.2460 tGradient 1.0240 tsec 7.7030
#GCMRL#  549 dt   0.028000 rms  0.456  0.001% neg 0  invalid 762 tFOTS 0.0000 tGradient 1.0180 tsec 1.4070

#GCAMreg# pass 0 level1 0 level2 1 tsec 34.636 sigma 0.5
l_jacobian=1.00 l_label=1.00 l_log_likelihood=0.20 l_smoothness=2.00 
tol=2.50e-01, dt=5.00e-02, exp_k=20.0, momentum=0.90, levels=6, niter=500, lbl_dist=10.00, avgs=0, sigma=0.5,type=2, relabel=0, neg=yes

blurring input image with Gaussian with sigma=0.500...
GCAMRegisterLevel(): init RMS 0.456199
#GCMRL#  551 dt   0.080000 rms  0.455  0.164% neg 0  invalid 762 tFOTS 6.2170 tGradient 0.9090 tsec 7.5400
#FOTS# QuadFit found better minimum quadopt=(dt=7.5e-06,rms=0.455463) vs oldopt=(dt=1.25e-05,rms=0.455463)
label assignment complete, 0 changed (0.00%)
GCAMregister done in 7.98042 min
Starting GCAMcomputeMaxPriorLabels()
Morphing with label term set to 0 *******************************
Starting GCAMregister()
label assignment complete, 0 changed (0.00%)
npasses = 1, nlevels = 6
#pass# 1 of 1 ************************
enabling zero nodes
setting smoothness cost coefficient to 0.008

#GCAMreg# pass 0 level1 5 level2 0 tsec 0 sigma 2
l_jacobian=1.00 l_log_likelihood=0.20 l_smoothness=0.01 
tol=2.50e-01, dt=5.00e-02, exp_k=20.0, momentum=0.90, levels=6, niter=500, lbl_dist=10.00, avgs=256, sigma=2.0,type=2, relabel=0, neg=yes

blurring input image with Gaussian with sigma=2.000...
GCAMRegisterLevel(): init RMS 0.442871

#GCAMreg# pass 0 level1 5 level2 1 tsec 16.539 sigma 0.5
l_jacobian=1.00 l_log_likelihood=0.20 l_smoothness=0.01 
tol=2.50e-01, dt=5.00e-02, exp_k=20.0, momentum=0.90, levels=6, niter=500, lbl_dist=10.00, avgs=256, sigma=0.5,type=2, relabel=0, neg=yes

blurring input image with Gaussian with sigma=0.500...
GCAMRegisterLevel(): init RMS 0.442871
#FOTS# QuadFit found better minimum quadopt=(dt=-0.00585938,rms=0.442871) vs oldopt=(dt=0.0225781,rms=0.442871)
#GCMRL#  554 dt  -0.005859 rms  0.443  0.000% neg 0  invalid 762 tFOTS 6.1590 tGradient 2.5030 tsec 9.0530
setting smoothness cost coefficient to 0.031

#GCAMreg# pass 0 level1 4 level2 0 tsec 0 sigma 2
l_jacobian=1.00 l_log_likelihood=0.20 l_smoothness=0.03 
tol=2.50e-01, dt=5.00e-02, exp_k=20.0, momentum=0.90, levels=6, niter=500, lbl_dist=10.00, avgs=64, sigma=2.0,type=2, relabel=0, neg=yes

blurring input image with Gaussian with sigma=2.000...
GCAMRegisterLevel(): init RMS 0.443024
#GCMRL#  556 dt   0.405000 rms  0.443  0.000% neg 0  invalid 762 tFOTS 5.7500 tGradient 1.5960 tsec 7.7280

#GCAMreg# pass 0 level1 4 level2 1 tsec 23.126 sigma 0.5
l_jacobian=1.00 l_log_likelihood=0.20 l_smoothness=0.03 
tol=2.50e-01, dt=5.00e-02, exp_k=20.0, momentum=0.90, levels=6, niter=500, lbl_dist=10.00, avgs=64, sigma=0.5,type=2, relabel=0, neg=yes

blurring input image with Gaussian with sigma=0.500...
GCAMRegisterLevel(): init RMS 0.443024
#FOTS# QuadFit found better minimum quadopt=(dt=31.104,rms=0.442962) vs oldopt=(dt=25.92,rms=0.442962)
#GCMRL#  558 dt  31.104000 rms  0.443  0.014% neg 0  invalid 762 tFOTS 5.4970 tGradient 1.5270 tsec 7.4060
#FOTS# QuadFit found better minimum quadopt=(dt=62.208,rms=0.44288) vs oldopt=(dt=103.68,rms=0.442897)
#GCMRL#  559 dt  62.208000 rms  0.443  0.018% neg 0  invalid 762 tFOTS 5.4740 tGradient 1.5310 tsec 7.3870
#FOTS# QuadFit found better minimum quadopt=(dt=145.152,rms=0.442678) vs oldopt=(dt=103.68,rms=0.442713)
#GCMRL#  560 dt 145.152000 rms  0.443  0.046% neg 0  invalid 762 tFOTS 5.5330 tGradient 1.5320 tsec 7.4530
#GCMRL#  561 dt 103.680000 rms  0.443  0.000% neg 0  invalid 762 tFOTS 5.6290 tGradient 1.5340 tsec 7.5970
#GCMRL#  562 dt 103.680000 rms  0.442  0.039% neg 0  invalid 762 tFOTS 0.0000 tGradient 1.7580 tsec 2.1620
#GCMRL#  563 dt 103.680000 rms  0.442  0.013% neg 0  invalid 762 tFOTS 0.0000 tGradient 1.8500 tsec 2.2550
#GCMRL#  564 dt 103.680000 rms  0.442  0.014% neg 0  invalid 762 tFOTS 0.0000 tGradient 1.9300 tsec 2.2990
#GCMRL#  565 dt 103.680000 rms  0.442  0.048% neg 0  invalid 762 tFOTS 0.0000 tGradient 1.8200 tsec 2.1640
setting smoothness cost coefficient to 0.118

#GCAMreg# pass 0 level1 3 level2 0 tsec 0 sigma 2
l_jacobian=1.00 l_log_likelihood=0.20 l_smoothness=0.12 
tol=2.50e-01, dt=5.00e-02, exp_k=20.0, momentum=0.90, levels=6, niter=500, lbl_dist=10.00, avgs=16, sigma=2.0,type=2, relabel=0, neg=yes

blurring input image with Gaussian with sigma=2.000...
GCAMRegisterLevel(): init RMS 0.442766
#FOTS# QuadFit found better minimum quadopt=(dt=4.8,rms=0.442684) vs oldopt=(dt=8,rms=0.442706)
#GCMRL#  567 dt   4.800000 rms  0.443  0.019% neg 0  invalid 762 tFOTS 5.9290 tGradient 1.2720 tsec 7.6000
#GCMRL#  568 dt   2.000000 rms  0.443  0.000% neg 0  invalid 762 tFOTS 6.1500 tGradient 1.2650 tsec 7.8320

#GCAMreg# pass 0 level1 3 level2 1 tsec 24.916 sigma 0.5
l_jacobian=1.00 l_log_likelihood=0.20 l_smoothness=0.12 
tol=2.50e-01, dt=5.00e-02, exp_k=20.0, momentum=0.90, levels=6, niter=500, lbl_dist=10.00, avgs=16, sigma=0.5,type=2, relabel=0, neg=yes

blurring input image with Gaussian with sigma=0.500...
GCAMRegisterLevel(): init RMS 0.442677
#FOTS# QuadFit found better minimum quadopt=(dt=92.9742,rms=0.439845) vs oldopt=(dt=128,rms=0.4403)
iter 0, gcam->neg = 2
after 7 iterations, nbhd size=1, neg = 0
#GCMRL#  570 dt  92.974212 rms  0.440  0.641% neg 0  invalid 762 tFOTS 6.0370 tGradient 1.3600 tsec 11.5230
#FOTS# QuadFit found better minimum quadopt=(dt=22.8,rms=0.438983) vs oldopt=(dt=32,rms=0.439195)
#GCMRL#  571 dt  22.800000 rms  0.439  0.000% neg 0  invalid 762 tFOTS 6.1660 tGradient 1.2990 tsec 7.8840
#GCMRL#  572 dt  22.800000 rms  0.439  0.096% neg 0  invalid 762 tFOTS 0.0000 tGradient 1.2870 tsec 1.6520
#GCMRL#  573 dt  22.800000 rms  0.438  0.109% neg 0  invalid 762 tFOTS 0.0000 tGradient 1.2890 tsec 1.6890
iter 0, gcam->neg = 1
after 0 iterations, nbhd size=0, neg = 0
#GCMRL#  574 dt  22.800000 rms  0.438  0.134% neg 0  invalid 762 tFOTS 0.0000 tGradient 1.3030 tsec 2.4030
iter 0, gcam->neg = 4
after 10 iterations, nbhd size=1, neg = 0
#GCMRL#  575 dt  22.800000 rms  0.437  0.131% neg 0  invalid 762 tFOTS 0.0000 tGradient 1.4760 tsec 6.7000
iter 0, gcam->neg = 5
after 10 iterations, nbhd size=1, neg = 0
#GCMRL#  576 dt  22.800000 rms  0.436  0.155% neg 0  invalid 762 tFOTS 0.0000 tGradient 1.5810 tsec 7.0100
iter 0, gcam->neg = 7
after 1 iterations, nbhd size=0, neg = 0
#GCMRL#  577 dt  22.800000 rms  0.436  0.136% neg 0  invalid 762 tFOTS 0.0000 tGradient 1.3020 tsec 2.8730
iter 0, gcam->neg = 9
after 8 iterations, nbhd size=1, neg = 0
#GCMRL#  578 dt  22.800000 rms  0.435  0.106% neg 0  invalid 762 tFOTS 0.0000 tGradient 1.3230 tsec 5.8760
iter 0, gcam->neg = 3
after 1 iterations, nbhd size=0, neg = 0
#GCMRL#  579 dt  22.800000 rms  0.435  0.095% neg 0  invalid 762 tFOTS 0.0000 tGradient 1.2720 tsec 2.9070
#FOTS# QuadFit found better minimum quadopt=(dt=44.8,rms=0.43459) vs oldopt=(dt=32,rms=0.434601)
iter 0, gcam->neg = 1
after 1 iterations, nbhd size=0, neg = 0
#GCMRL#  580 dt  44.800000 rms  0.435  0.000% neg 0  invalid 762 tFOTS 5.5790 tGradient 1.2730 tsec 8.4950
iter 0, gcam->neg = 1
after 0 iterations, nbhd size=0, neg = 0
setting smoothness cost coefficient to 0.400

#GCAMreg# pass 0 level1 2 level2 0 tsec 0 sigma 2
l_jacobian=1.00 l_log_likelihood=0.20 l_smoothness=0.40 
tol=2.50e-01, dt=5.00e-02, exp_k=20.0, momentum=0.90, levels=6, niter=500, lbl_dist=10.00, avgs=4, sigma=2.0,type=2, relabel=0, neg=yes

blurring input image with Gaussian with sigma=2.000...
GCAMRegisterLevel(): init RMS 0.438541
#FOTS# QuadFit found better minimum quadopt=(dt=2.83333,rms=0.438381) vs oldopt=(dt=2.88,rms=0.438381)
iter 0, gcam->neg = 3
after 1 iterations, nbhd size=0, neg = 0
#GCMRL#  582 dt   2.833333 rms  0.438  0.037% neg 0  invalid 762 tFOTS 6.0700 tGradient 1.1710 tsec 8.8850
#FOTS# QuadFit found better minimum quadopt=(dt=0.576,rms=0.438375) vs oldopt=(dt=0.72,rms=0.438376)
#GCMRL#  583 dt   0.576000 rms  0.438  0.000% neg 0  invalid 762 tFOTS 5.9010 tGradient 1.1580 tsec 7.4750
iter 0, gcam->neg = 1
after 0 iterations, nbhd size=0, neg = 0

#GCAMreg# pass 0 level1 2 level2 1 tsec 26.85 sigma 0.5
l_jacobian=1.00 l_log_likelihood=0.20 l_smoothness=0.40 
tol=2.50e-01, dt=5.00e-02, exp_k=20.0, momentum=0.90, levels=6, niter=500, lbl_dist=10.00, avgs=4, sigma=0.5,type=2, relabel=0, neg=yes

blurring input image with Gaussian with sigma=0.500...
GCAMRegisterLevel(): init RMS 0.438375
#FOTS# QuadFit found better minimum quadopt=(dt=11.3719,rms=0.437454) vs oldopt=(dt=11.52,rms=0.437455)
iter 0, gcam->neg = 3
after 2 iterations, nbhd size=0, neg = 0
#GCMRL#  585 dt  11.371901 rms  0.437  0.208% neg 0  invalid 762 tFOTS 5.6070 tGradient 1.1880 tsec 8.7220
#FOTS# QuadFit found better minimum quadopt=(dt=26.5,rms=0.436171) vs oldopt=(dt=11.52,rms=0.436543)
iter 0, gcam->neg = 20
after 13 iterations, nbhd size=1, neg = 0
#GCMRL#  586 dt  26.500000 rms  0.436  0.279% neg 0  invalid 762 tFOTS 5.7920 tGradient 1.1220 tsec 13.5150
#FOTS# QuadFit found better minimum quadopt=(dt=8.81356,rms=0.43567) vs oldopt=(dt=11.52,rms=0.435733)
iter 0, gcam->neg = 1
after 0 iterations, nbhd size=0, neg = 0
#GCMRL#  587 dt   8.813559 rms  0.436  0.000% neg 0  invalid 762 tFOTS 5.7700 tGradient 1.1220 tsec 8.1140
iter 0, gcam->neg = 4
after 14 iterations, nbhd size=1, neg = 0
#GCMRL#  588 dt   8.813559 rms  0.435  0.090% neg 0  invalid 762 tFOTS 0.0000 tGradient 1.1380 tsec 7.6790
iter 0, gcam->neg = 18
after 9 iterations, nbhd size=1, neg = 0
#GCMRL#  589 dt   8.813559 rms  0.435  0.120% neg 0  invalid 762 tFOTS 0.0000 tGradient 1.3530 tsec 5.9430
iter 0, gcam->neg = 17
after 12 iterations, nbhd size=1, neg = 0
#GCMRL#  590 dt   8.813559 rms  0.434  0.120% neg 0  invalid 762 tFOTS 0.0000 tGradient 1.0820 tsec 6.7460
iter 0, gcam->neg = 29
after 14 iterations, nbhd size=1, neg = 0
#GCMRL#  591 dt   8.813559 rms  0.434  0.063% neg 0  invalid 762 tFOTS 0.0000 tGradient 1.0880 tsec 7.5540
iter 0, gcam->neg = 24
after 15 iterations, nbhd size=1, neg = 0
#GCMRL#  592 dt   8.813559 rms  0.434  0.098% neg 0  invalid 762 tFOTS 0.0000 tGradient 1.0640 tsec 8.0490
iter 0, gcam->neg = 31
after 14 iterations, nbhd size=1, neg = 0
#GCMRL#  593 dt   8.813559 rms  0.433  0.107% neg 0  invalid 762 tFOTS 0.0000 tGradient 1.1230 tsec 8.1860
iter 0, gcam->neg = 44
after 14 iterations, nbhd size=1, neg = 0
#GCMRL#  594 dt   8.813559 rms  0.433  0.081% neg 0  invalid 762 tFOTS 0.0000 tGradient 1.4140 tsec 8.8710
#FOTS# QuadFit found better minimum quadopt=(dt=9.216,rms=0.432615) vs oldopt=(dt=11.52,rms=0.432621)
iter 0, gcam->neg = 6
after 12 iterations, nbhd size=1, neg = 0
setting smoothness cost coefficient to 1.000

#GCAMreg# pass 0 level1 1 level2 0 tsec 0 sigma 2
l_jacobian=1.00 l_log_likelihood=0.20 l_smoothness=1.00 
tol=2.50e-01, dt=5.00e-02, exp_k=20.0, momentum=0.90, levels=6, niter=500, lbl_dist=10.00, avgs=1, sigma=2.0,type=2, relabel=0, neg=yes

blurring input image with Gaussian with sigma=2.000...
GCAMRegisterLevel(): init RMS 0.439053
#GCMRL#  596 dt   0.000050 rms  0.439  0.000% neg 0  invalid 762 tFOTS 8.1270 tGradient 0.9060 tsec 9.4560

#GCAMreg# pass 0 level1 1 level2 1 tsec 24.958 sigma 0.5
l_jacobian=1.00 l_log_likelihood=0.20 l_smoothness=1.00 
tol=2.50e-01, dt=5.00e-02, exp_k=20.0, momentum=0.90, levels=6, niter=500, lbl_dist=10.00, avgs=1, sigma=0.5,type=2, relabel=0, neg=yes

blurring input image with Gaussian with sigma=0.500...
GCAMRegisterLevel(): init RMS 0.439053
resetting metric properties...
setting smoothness cost coefficient to 2.000

#GCAMreg# pass 0 level1 0 level2 0 tsec 0 sigma 2
l_jacobian=1.00 l_log_likelihood=0.20 l_smoothness=2.00 
tol=2.50e-01, dt=5.00e-02, exp_k=20.0, momentum=0.90, levels=6, niter=500, lbl_dist=10.00, avgs=0, sigma=2.0,type=2, relabel=0, neg=yes

blurring input image with Gaussian with sigma=2.000...
GCAMRegisterLevel(): init RMS 0.428287
#FOTS# QuadFit found better minimum quadopt=(dt=1.14924,rms=0.418595) vs oldopt=(dt=1.28,rms=0.41869)
iter 0, gcam->neg = 588
after 14 iterations, nbhd size=1, neg = 0
#GCMRL#  599 dt   1.149240 rms  0.420  1.981% neg 0  invalid 762 tFOTS 6.3420 tGradient 0.3590 tsec 14.2070
#FOTS# QuadFit found better minimum quadopt=(dt=2.34375e-05,rms=0.419804) vs oldopt=(dt=1.95313e-05,rms=0.419804)
#GCMRL#  600 dt   0.000023 rms  0.420  0.000% neg 0  invalid 762 tFOTS 7.6190 tGradient 0.3610 tsec 8.3880

#GCAMreg# pass 0 level1 0 level2 1 tsec 31.61 sigma 0.5
l_jacobian=1.00 l_log_likelihood=0.20 l_smoothness=2.00 
tol=2.50e-01, dt=5.00e-02, exp_k=20.0, momentum=0.90, levels=6, niter=500, lbl_dist=10.00, avgs=0, sigma=0.5,type=2, relabel=0, neg=yes

blurring input image with Gaussian with sigma=0.500...
GCAMRegisterLevel(): init RMS 0.419804
#FOTS# QuadFit found better minimum quadopt=(dt=0.112,rms=0.419356) vs oldopt=(dt=0.08,rms=0.419432)
#GCMRL#  602 dt   0.112000 rms  0.419  0.107% neg 0  invalid 762 tFOTS 5.9420 tGradient 0.3560 tsec 6.6860
#FOTS# QuadFit found better minimum quadopt=(dt=0.112,rms=0.419118) vs oldopt=(dt=0.08,rms=0.419158)
#GCMRL#  603 dt   0.112000 rms  0.419  0.000% neg 0  invalid 762 tFOTS 6.0480 tGradient 0.3450 tsec 6.8150
#GCMRL#  604 dt   0.112000 rms  0.419  0.044% neg 0  invalid 762 tFOTS 0.0000 tGradient 0.3420 tsec 0.7170
#GCMRL#  605 dt   0.112000 rms  0.419  0.022% neg 0  invalid 762 tFOTS 0.0000 tGradient 0.3420 tsec 0.7250
GCAMregister done in 6.57377 min
writing output transformation to transforms/talairach.m3z...
GCAMwrite
Calls to gcamLogLikelihoodEnergy 4417 tmin = 1.97163
Calls to gcamLabelEnergy         3804 tmin = 1.34128
Calls to gcamJacobianEnergy      4417 tmin = 1.87767
Calls to gcamSmoothnessEnergy    4417 tmin = 5.11745
Calls to gcamLogLikelihoodTerm 607 tmin = 0.704517
Calls to gcamLabelTerm         553 tmin = 6.90112
Calls to gcamJacobianTerm      607 tmin = 1.30393
Calls to gcamSmoothnessTerm    607 tmin = 0.453617
Calls to gcamComputeGradient    607 tmin = 20.6833
Calls to gcamComputeMetricProperties    6347 tmin = 3.24922
mri_ca_register took 0 hours, 53 minutes and 18 seconds.
#VMPC# mri_ca_register VmPeak  3974644
FSRUNTIME@ mri_ca_register  0.8882 hours 16 threads
#--------------------------------------
#@# SubCort Seg Thu Mar 12 16:23:37 CET 2026

 mri_ca_label -relabel_unlikely 9 .3 -prior 0.5 -align norm.mgz transforms/talairach.m3z /opt/freesurfer/average/RB_all_2020-01-02.gca aseg.auto_noCCseg.mgz 

sysname  Linux
hostname dna065
machine  x86_64

setenv SUBJECTS_DIR /out/sourcedata/freesurfer
cd /out/sourcedata/freesurfer/sub-v1s20x0050288_ses-1/mri
mri_ca_label -relabel_unlikely 9 .3 -prior 0.5 -align norm.mgz transforms/talairach.m3z /opt/freesurfer/average/RB_all_2020-01-02.gca aseg.auto_noCCseg.mgz 

relabeling unlikely voxels with window_size = 9 and prior threshold 0.30
using Gibbs prior factor = 0.500
renormalizing sequences with structure alignment, equivalent to:
	-renormalize
	-renormalize_mean 0.500
	-regularize 0.500

== Number of threads available to for OpenMP = 16 == 
reading 1 input volumes
reading classifier array from /opt/freesurfer/average/RB_all_2020-01-02.gca
reading input volume from norm.mgz
average std[0] = 7.2
reading transform from transforms/talairach.m3z
setting orig areas to linear transform determinant scaled 6.36
Atlas used for the 3D morph was /opt/freesurfer/average/RB_all_2020-01-02.gca
average std = 7.2   using min determinant for regularization = 5.2
0 singular and 0 ill-conditioned covariance matrices regularized
labeling volume...
renormalizing by structure alignment....
renormalizing input #0
gca peak = 0.15521 (20)
mri peak = 0.06958 (19)
Left_Lateral_Ventricle (4): linear fit = 1.02 x + 0.0 (1123 voxels, overlap=0.931)
Left_Lateral_Ventricle (4): linear fit = 1.02 x + 0.0 (1123 voxels, peak = 20), gca=20.5
gca peak = 0.20380 (13)
mri peak = 0.10306 (20)
Right_Lateral_Ventricle (43): linear fit = 1.34 x + 0.0 (1867 voxels, overlap=0.790)
Right_Lateral_Ventricle (43): linear fit = 1.34 x + 0.0 (1867 voxels, peak = 17), gca=17.4
gca peak = 0.26283 (96)
mri peak = 0.14326 (100)
Right_Pallidum (52): linear fit = 1.05 x + 0.0 (714 voxels, overlap=0.851)
Right_Pallidum (52): linear fit = 1.05 x + 0.0 (714 voxels, peak = 101), gca=101.3
gca peak = 0.15814 (97)
mri peak = 0.06693 (97)
Left_Pallidum (13): linear fit = 1.00 x + 0.0 (760 voxels, overlap=1.018)
Left_Pallidum (13): linear fit = 1.00 x + 0.0 (760 voxels, peak = 97), gca=96.5
gca peak = 0.27624 (56)
mri peak = 0.07746 (73)
Right_Hippocampus (53): linear fit = 1.21 x + 0.0 (717 voxels, overlap=0.223)
Right_Hippocampus (53): linear fit = 1.21 x + 0.0 (717 voxels, peak = 67), gca=67.5
gca peak = 0.28723 (59)
mri peak = 0.07059 (76)
Left_Hippocampus (17): linear fit = 1.27 x + 0.0 (773 voxels, overlap=0.031)
Left_Hippocampus (17): linear fit = 1.27 x + 0.0 (773 voxels, peak = 75), gca=75.2
gca peak = 0.07623 (103)
mri peak = 0.06777 (105)
Right_Cerebral_White_Matter (41): linear fit = 1.03 x + 0.0 (29302 voxels, overlap=0.713)
Right_Cerebral_White_Matter (41): linear fit = 1.03 x + 0.0 (29302 voxels, peak = 107), gca=106.6
gca peak = 0.07837 (105)
mri peak = 0.06605 (106)
Left_Cerebral_White_Matter (2): linear fit = 1.04 x + 0.0 (32013 voxels, overlap=0.620)
Left_Cerebral_White_Matter (2): linear fit = 1.04 x + 0.0 (32013 voxels, peak = 110), gca=109.7
gca peak = 0.10165 (58)
mri peak = 0.04281 (63)
Left_Cerebral_Cortex (3): linear fit = 1.13 x + 0.0 (32058 voxels, overlap=0.803)
Left_Cerebral_Cortex (3): linear fit = 1.13 x + 0.0 (32058 voxels, peak = 66), gca=65.8
gca peak = 0.11113 (58)
mri peak = 0.04361 (63)
Right_Cerebral_Cortex (42): linear fit = 1.10 x + 0.0 (32799 voxels, overlap=0.812)
Right_Cerebral_Cortex (42): linear fit = 1.10 x + 0.0 (32799 voxels, peak = 64), gca=63.5
gca peak = 0.27796 (67)
mri peak = 0.10324 (75)
Right_Caudate (50): linear fit = 1.10 x + 0.0 (1653 voxels, overlap=0.707)
Right_Caudate (50): linear fit = 1.10 x + 0.0 (1653 voxels, peak = 73), gca=73.4
gca peak = 0.14473 (69)
mri peak = 0.14698 (72)
Left_Caudate (11): linear fit = 0.96 x + 0.0 (1285 voxels, overlap=0.895)
Left_Caudate (11): linear fit = 0.96 x + 0.0 (1285 voxels, peak = 67), gca=66.6
gca peak = 0.14301 (56)
mri peak = 0.04842 (61)
Left_Cerebellum_Cortex (8): linear fit = 1.13 x + 0.0 (23679 voxels, overlap=0.872)
Left_Cerebellum_Cortex (8): linear fit = 1.13 x + 0.0 (23679 voxels, peak = 64), gca=63.6
gca peak = 0.14610 (55)
mri peak = 0.05046 (61)
Right_Cerebellum_Cortex (47): linear fit = 1.04 x + 0.0 (26895 voxels, overlap=0.975)
Right_Cerebellum_Cortex (47): linear fit = 1.04 x + 0.0 (26895 voxels, peak = 57), gca=57.5
gca peak = 0.16309 (85)
mri peak = 0.05341 (95)
Left_Cerebellum_White_Matter (7): linear fit = 1.13 x + 0.0 (4432 voxels, overlap=0.286)
Left_Cerebellum_White_Matter (7): linear fit = 1.13 x + 0.0 (4432 voxels, peak = 96), gca=96.5
gca peak = 0.15172 (84)
mri peak = 0.06465 (90)
Right_Cerebellum_White_Matter (46): linear fit = 1.12 x + 0.0 (4692 voxels, overlap=0.507)
Right_Cerebellum_White_Matter (46): linear fit = 1.12 x + 0.0 (4692 voxels, peak = 94), gca=93.7
gca peak = 0.30461 (58)
mri peak = 0.08791 (75)
Left_Amygdala (18): linear fit = 1.29 x + 0.0 (199 voxels, overlap=0.061)
Left_Amygdala (18): linear fit = 1.29 x + 0.0 (199 voxels, peak = 75), gca=75.1
gca peak = 0.32293 (57)
mri peak = 0.09428 (74)
Right_Amygdala (54): linear fit = 1.25 x + 0.0 (281 voxels, overlap=0.050)
Right_Amygdala (54): linear fit = 1.25 x + 0.0 (281 voxels, peak = 72), gca=71.5
gca peak = 0.11083 (90)
mri peak = 0.06180 (91)
Left_Thalamus (10): linear fit = 0.98 x + 0.0 (4031 voxels, overlap=0.928)
Left_Thalamus (10): linear fit = 0.98 x + 0.0 (4031 voxels, peak = 88), gca=87.8
gca peak = 0.11393 (83)
mri peak = 0.06327 (92)
Right_Thalamus (49): linear fit = 1.08 x + 0.0 (4425 voxels, overlap=0.747)
Right_Thalamus (49): linear fit = 1.08 x + 0.0 (4425 voxels, peak = 89), gca=89.2
gca peak = 0.08575 (81)
mri peak = 0.08802 (79)
Left_Putamen (12): linear fit = 1.02 x + 0.0 (1098 voxels, overlap=0.752)
Left_Putamen (12): linear fit = 1.02 x + 0.0 (1098 voxels, peak = 83), gca=83.0
gca peak = 0.08618 (78)
mri peak = 0.07371 (79)
Right_Putamen (51): linear fit = 1.04 x + 0.0 (2521 voxels, overlap=0.805)
Right_Putamen (51): linear fit = 1.04 x + 0.0 (2521 voxels, peak = 82), gca=81.5
gca peak = 0.08005 (78)
mri peak = 0.10538 (80)
Brain_Stem (16): linear fit = 1.05 x + 0.0 (9156 voxels, overlap=0.491)
Brain_Stem (16): linear fit = 1.05 x + 0.0 (9156 voxels, peak = 82), gca=82.3
gca peak = 0.12854 (88)
mri peak = 0.10020 (91)
Right_VentralDC (60): linear fit = 1.02 x + 0.0 (865 voxels, overlap=0.630)
Right_VentralDC (60): linear fit = 1.02 x + 0.0 (865 voxels, peak = 90), gca=90.2
gca peak = 0.15703 (87)
mri peak = 0.07483 (88)
Left_VentralDC (28): linear fit = 1.00 x + 0.0 (879 voxels, overlap=0.926)
Left_VentralDC (28): linear fit = 1.00 x + 0.0 (879 voxels, peak = 87), gca=87.0
gca peak = 0.17522 (25)
mri peak = 0.08660 (19)
gca peak = 0.17113 (14)
mri peak = 0.09546 (11)
Fourth_Ventricle (15): linear fit = 0.69 x + 0.0 (452 voxels, overlap=0.608)
Fourth_Ventricle (15): linear fit = 0.69 x + 0.0 (452 voxels, peak = 10), gca=9.7
gca peak Unknown = 0.94777 ( 0)
gca peak Left_Inf_Lat_Vent = 0.16627 (28)
gca peak Third_Ventricle = 0.17522 (25)
gca peak CSF = 0.20346 (36)
gca peak Left_Accumbens_area = 0.70646 (62)
gca peak Left_undetermined = 1.00000 (28)
gca peak Left_vessel = 0.89917 (53)
gca peak Left_choroid_plexus = 0.11689 (35)
gca peak Right_Inf_Lat_Vent = 0.25504 (23)
gca peak Right_Accumbens_area = 0.31650 (65)
gca peak Right_vessel = 0.77268 (52)
gca peak Right_choroid_plexus = 0.13275 (38)
gca peak Fifth_Ventricle = 0.60973 (33)
gca peak WM_hypointensities = 0.11013 (77)
gca peak non_WM_hypointensities = 0.11354 (41)
gca peak Optic_Chiasm = 0.51646 (76)
not using caudate to estimate GM means
estimating mean gm scale to be 1.21 x + 0.0
estimating mean wm scale to be 1.04 x + 0.0
estimating mean csf scale to be 1.02 x + 0.0
saving intensity scales to aseg.auto_noCCseg.label_intensities.txt
renormalizing by structure alignment....
renormalizing input #0
gca peak = 0.16757 (19)
mri peak = 0.06958 (19)
Left_Lateral_Ventricle (4): linear fit = 0.94 x + 0.0 (1123 voxels, overlap=0.902)
Left_Lateral_Ventricle (4): linear fit = 0.94 x + 0.0 (1123 voxels, peak = 18), gca=18.0
gca peak = 0.17280 (17)
mri peak = 0.10306 (20)
Right_Lateral_Ventricle (43): linear fit = 0.98 x + 0.0 (1867 voxels, overlap=0.648)
Right_Lateral_Ventricle (43): linear fit = 0.98 x + 0.0 (1867 voxels, peak = 17), gca=16.6
gca peak = 0.21417 (101)
mri peak = 0.14326 (100)
Right_Pallidum (52): linear fit = 1.00 x + 0.0 (714 voxels, overlap=0.963)
Right_Pallidum (52): linear fit = 1.00 x + 0.0 (714 voxels, peak = 101), gca=101.0
gca peak = 0.16212 (96)
mri peak = 0.06693 (97)
Left_Pallidum (13): linear fit = 1.01 x + 0.0 (760 voxels, overlap=1.013)
Left_Pallidum (13): linear fit = 1.01 x + 0.0 (760 voxels, peak = 97), gca=97.4
gca peak = 0.26923 (67)
mri peak = 0.07746 (73)
Right_Hippocampus (53): linear fit = 1.00 x + 0.0 (717 voxels, overlap=0.919)
Right_Hippocampus (53): linear fit = 1.00 x + 0.0 (717 voxels, peak = 67), gca=67.0
gca peak = 0.31751 (72)
mri peak = 0.07059 (76)
Left_Hippocampus (17): linear fit = 1.03 x + 0.0 (773 voxels, overlap=1.009)
Left_Hippocampus (17): linear fit = 1.03 x + 0.0 (773 voxels, peak = 75), gca=74.5
gca peak = 0.07638 (107)
mri peak = 0.06777 (105)
Right_Cerebral_White_Matter (41): linear fit = 1.00 x + 0.0 (29302 voxels, overlap=0.838)
Right_Cerebral_White_Matter (41): linear fit = 1.00 x + 0.0 (29302 voxels, peak = 108), gca=107.5
gca peak = 0.07449 (109)
mri peak = 0.06605 (106)
Left_Cerebral_White_Matter (2): linear fit = 1.00 x + 0.0 (32013 voxels, overlap=0.795)
Left_Cerebral_White_Matter (2): linear fit = 1.00 x + 0.0 (32013 voxels, peak = 108), gca=108.5
gca peak = 0.08854 (66)
mri peak = 0.04281 (63)
Left_Cerebral_Cortex (3): linear fit = 0.99 x + 0.0 (32058 voxels, overlap=0.991)
Left_Cerebral_Cortex (3): linear fit = 0.99 x + 0.0 (32058 voxels, peak = 65), gca=65.0
gca peak = 0.10318 (64)
mri peak = 0.04361 (63)
Right_Cerebral_Cortex (42): linear fit = 1.02 x + 0.0 (32799 voxels, overlap=0.966)
Right_Cerebral_Cortex (42): linear fit = 1.02 x + 0.0 (32799 voxels, peak = 66), gca=65.6
gca peak = 0.22317 (73)
mri peak = 0.10324 (75)
Right_Caudate (50): linear fit = 0.99 x + 0.0 (1653 voxels, overlap=1.009)
Right_Caudate (50): linear fit = 0.99 x + 0.0 (1653 voxels, peak = 72), gca=71.9
gca peak = 0.14003 (66)
mri peak = 0.14698 (72)
Left_Caudate (11): linear fit = 1.01 x + 0.0 (1285 voxels, overlap=0.860)
Left_Caudate (11): linear fit = 1.01 x + 0.0 (1285 voxels, peak = 67), gca=67.0
gca peak = 0.12121 (64)
mri peak = 0.04842 (61)
Left_Cerebellum_Cortex (8): linear fit = 0.99 x + 0.0 (23679 voxels, overlap=1.000)
Left_Cerebellum_Cortex (8): linear fit = 0.99 x + 0.0 (23679 voxels, peak = 63), gca=63.0
gca peak = 0.15503 (58)
mri peak = 0.05046 (61)
Right_Cerebellum_Cortex (47): linear fit = 1.02 x + 0.0 (26895 voxels, overlap=0.995)
Right_Cerebellum_Cortex (47): linear fit = 1.02 x + 0.0 (26895 voxels, peak = 59), gca=59.4
gca peak = 0.15417 (96)
mri peak = 0.05341 (95)
Left_Cerebellum_White_Matter (7): linear fit = 1.00 x + 0.0 (4432 voxels, overlap=0.981)
Left_Cerebellum_White_Matter (7): linear fit = 1.00 x + 0.0 (4432 voxels, peak = 96), gca=95.5
gca peak = 0.15051 (94)
mri peak = 0.06465 (90)
Right_Cerebellum_White_Matter (46): linear fit = 0.99 x + 0.0 (4692 voxels, overlap=0.981)
Right_Cerebellum_White_Matter (46): linear fit = 0.99 x + 0.0 (4692 voxels, peak = 93), gca=92.6
gca peak = 0.27369 (75)
mri peak = 0.08791 (75)
Left_Amygdala (18): linear fit = 0.99 x + 0.0 (199 voxels, overlap=0.767)
Left_Amygdala (18): linear fit = 0.99 x + 0.0 (199 voxels, peak = 74), gca=73.9
gca peak = 0.24657 (72)
mri peak = 0.09428 (74)
Right_Amygdala (54): linear fit = 1.03 x + 0.0 (281 voxels, overlap=1.007)
Right_Amygdala (54): linear fit = 1.03 x + 0.0 (281 voxels, peak = 75), gca=74.5
gca peak = 0.11667 (86)
mri peak = 0.06180 (91)
Left_Thalamus (10): linear fit = 1.02 x + 0.0 (4031 voxels, overlap=0.927)
Left_Thalamus (10): linear fit = 1.02 x + 0.0 (4031 voxels, peak = 88), gca=88.2
gca peak = 0.10052 (87)
mri peak = 0.06327 (92)
Right_Thalamus (49): linear fit = 0.99 x + 0.0 (4425 voxels, overlap=0.761)
Right_Thalamus (49): linear fit = 0.99 x + 0.0 (4425 voxels, peak = 86), gca=85.7
gca peak = 0.08550 (83)
mri peak = 0.08802 (79)
Left_Putamen (12): linear fit = 1.00 x + 0.0 (1098 voxels, overlap=0.790)
Left_Putamen (12): linear fit = 1.00 x + 0.0 (1098 voxels, peak = 83), gca=83.0
gca peak = 0.11252 (79)
mri peak = 0.07371 (79)
Right_Putamen (51): linear fit = 1.00 x + 0.0 (2521 voxels, overlap=0.825)
Right_Putamen (51): linear fit = 1.00 x + 0.0 (2521 voxels, peak = 79), gca=79.0
gca peak = 0.08411 (83)
mri peak = 0.10538 (80)
Brain_Stem (16): linear fit = 0.99 x + 0.0 (9156 voxels, overlap=0.724)
Brain_Stem (16): linear fit = 0.99 x + 0.0 (9156 voxels, peak = 82), gca=81.8
gca peak = 0.11776 (91)
mri peak = 0.10020 (91)
Right_VentralDC (60): linear fit = 1.00 x + 0.0 (865 voxels, overlap=0.772)
Right_VentralDC (60): linear fit = 1.00 x + 0.0 (865 voxels, peak = 91), gca=90.5
gca peak = 0.16910 (87)
mri peak = 0.07483 (88)
Left_VentralDC (28): linear fit = 1.00 x + 0.0 (879 voxels, overlap=0.926)
Left_VentralDC (28): linear fit = 1.00 x + 0.0 (879 voxels, peak = 87), gca=87.0
gca peak = 0.20007 (27)
mri peak = 0.08660 (19)
gca peak = 0.29316 (10)
mri peak = 0.09546 (11)
Fourth_Ventricle (15): linear fit = 1.04 x + 0.0 (452 voxels, overlap=0.674)
Fourth_Ventricle (15): linear fit = 1.04 x + 0.0 (452 voxels, peak = 10), gca=10.4
gca peak Unknown = 0.94777 ( 0)
gca peak Left_Inf_Lat_Vent = 0.15713 (36)
gca peak Third_Ventricle = 0.20007 (27)
gca peak CSF = 0.20860 (37)
gca peak Left_Accumbens_area = 0.65333 (60)
gca peak Left_undetermined = 1.00000 (28)
gca peak Left_vessel = 0.89837 (53)
gca peak Left_choroid_plexus = 0.11689 (35)
gca peak Right_Inf_Lat_Vent = 0.26261 (28)
gca peak Right_Accumbens_area = 0.31501 (71)
gca peak Right_vessel = 0.77268 (52)
gca peak Right_choroid_plexus = 0.13275 (38)
gca peak Fifth_Ventricle = 0.73434 (33)
gca peak WM_hypointensities = 0.09122 (80)
gca peak non_WM_hypointensities = 0.13982 (42)
gca peak Optic_Chiasm = 0.51646 (76)
not using caudate to estimate GM means
estimating mean gm scale to be 1.01 x + 0.0
estimating mean wm scale to be 1.00 x + 0.0
estimating mean csf scale to be 0.99 x + 0.0
saving intensity scales to aseg.auto_noCCseg.label_intensities.txt
saving sequentially combined intensity scales to aseg.auto_noCCseg.label_intensities.txt
66390 voxels changed in iteration 0 of unlikely voxel relabeling
254 voxels changed in iteration 1 of unlikely voxel relabeling
3 voxels changed in iteration 2 of unlikely voxel relabeling
0 voxels changed in iteration 3 of unlikely voxel relabeling
45123 gm and wm labels changed (%34 to gray, %66 to white out of all changed labels)
458 hippocampal voxels changed.
0 amygdala voxels changed.
Reclassifying using Gibbs Priors
pass 1: 70264 changed. image ll: -2.120, PF=0.500
pass 2: 19516 changed. image ll: -2.119, PF=0.500
pass 3: 6197 changed.
pass 4: 2307 changed.
43801 voxels changed in iteration 0 of unlikely voxel relabeling
174 voxels changed in iteration 1 of unlikely voxel relabeling
0 voxels changed in iteration 2 of unlikely voxel relabeling
7531 voxels changed in iteration 0 of unlikely voxel relabeling
102 voxels changed in iteration 1 of unlikely voxel relabeling
12 voxels changed in iteration 2 of unlikely voxel relabeling
0 voxels changed in iteration 3 of unlikely voxel relabeling
7188 voxels changed in iteration 0 of unlikely voxel relabeling
84 voxels changed in iteration 1 of unlikely voxel relabeling
0 voxels changed in iteration 2 of unlikely voxel relabeling
5933 voxels changed in iteration 0 of unlikely voxel relabeling
28 voxels changed in iteration 1 of unlikely voxel relabeling
1 voxels changed in iteration 2 of unlikely voxel relabeling
0 voxels changed in iteration 3 of unlikely voxel relabeling
 !!!!!!!!! ventricle segment 0 with volume 512 above threshold 100 - not erasing !!!!!!!!!!
 !!!!!!!!! ventricle segment 1 with volume 7088 above threshold 100 - not erasing !!!!!!!!!!
 !!!!!!!!! ventricle segment 0 with volume 390 above threshold 100 - not erasing !!!!!!!!!!
 !!!!!!!!! ventricle segment 0 with volume 288 above threshold 100 - not erasing !!!!!!!!!!
 !!!!!!!!! ventricle segment 2 with volume 9216 above threshold 100 - not erasing !!!!!!!!!!
 !!!!!!!!! ventricle segment 2 with volume 342 above threshold 100 - not erasing !!!!!!!!!!
writing labeled volume to aseg.auto_noCCseg.mgz
mri_ca_label utimesec    1439.544049
mri_ca_label stimesec    3.294159
mri_ca_label ru_maxrss   2201112
mri_ca_label ru_ixrss    0
mri_ca_label ru_idrss    0
mri_ca_label ru_isrss    0
mri_ca_label ru_minflt   3762817
mri_ca_label ru_majflt   9
mri_ca_label ru_nswap    0
mri_ca_label ru_inblock  1142
mri_ca_label ru_oublock  640
mri_ca_label ru_msgsnd   0
mri_ca_label ru_msgrcv   0
mri_ca_label ru_nsignals 0
mri_ca_label ru_nvcsw    3021
mri_ca_label ru_nivcsw   2612
auto-labeling took 23 minutes and 7 seconds.
#--------------------------------------
#@# CC Seg Thu Mar 12 16:46:44 CET 2026

 mri_cc -aseg aseg.auto_noCCseg.mgz -o aseg.auto.mgz -lta /out/sourcedata/freesurfer/sub-v1s20x0050288_ses-1/mri/transforms/cc_up.lta sub-v1s20x0050288_ses-1 

will read input aseg from aseg.auto_noCCseg.mgz
writing aseg with cc labels to aseg.auto.mgz
will write lta as /out/sourcedata/freesurfer/sub-v1s20x0050288_ses-1/mri/transforms/cc_up.lta
reading aseg from /out/sourcedata/freesurfer/sub-v1s20x0050288_ses-1/mri/aseg.auto_noCCseg.mgz
reading norm from /out/sourcedata/freesurfer/sub-v1s20x0050288_ses-1/mri/norm.mgz
43976 voxels in left wm, 39580 in right wm, xrange [126, 135]
searching rotation angles z=[-9  5], y=[-7  7]
searching scale 1 Z rot -8.9  searching scale 1 Z rot -8.6  searching scale 1 Z rot -8.4  searching scale 1 Z rot -8.1  searching scale 1 Z rot -7.9  searching scale 1 Z rot -7.6  searching scale 1 Z rot -7.4  searching scale 1 Z rot -7.1  searching scale 1 Z rot -6.9  searching scale 1 Z rot -6.6  searching scale 1 Z rot -6.4  searching scale 1 Z rot -6.1  searching scale 1 Z rot -5.9  searching scale 1 Z rot -5.6  searching scale 1 Z rot -5.4  searching scale 1 Z rot -5.1  searching scale 1 Z rot -4.9  searching scale 1 Z rot -4.6  searching scale 1 Z rot -4.4  searching scale 1 Z rot -4.1  searching scale 1 Z rot -3.9  searching scale 1 Z rot -3.6  searching scale 1 Z rot -3.4  searching scale 1 Z rot -3.1  searching scale 1 Z rot -2.9  searching scale 1 Z rot -2.6  searching scale 1 Z rot -2.4  searching scale 1 Z rot -2.1  searching scale 1 Z rot -1.9  searching scale 1 Z rot -1.6  searching scale 1 Z rot -1.4  searching scale 1 Z rot -1.1  searching scale 1 Z rot -0.9  searching scale 1 Z rot -0.6  searching scale 1 Z rot -0.4  searching scale 1 Z rot -0.1  searching scale 1 Z rot 0.1  searching scale 1 Z rot 0.4  searching scale 1 Z rot 0.6  searching scale 1 Z rot 0.9  searching scale 1 Z rot 1.1  searching scale 1 Z rot 1.4  searching scale 1 Z rot 1.6  searching scale 1 Z rot 1.9  searching scale 1 Z rot 2.1  searching scale 1 Z rot 2.4  searching scale 1 Z rot 2.6  searching scale 1 Z rot 2.9  searching scale 1 Z rot 3.1  searching scale 1 Z rot 3.4  searching scale 1 Z rot 3.6  searching scale 1 Z rot 3.9  searching scale 1 Z rot 4.1  searching scale 1 Z rot 4.4  searching scale 1 Z rot 4.6  searching scale 1 Z rot 4.9  global minimum found at slice 129.8, rotations (-0.19, -1.90)
final transformation (x=129.8, yr=-0.187, zr=-1.898):
 0.99945   0.03313  -0.00326  -4.94620;
-0.03313   0.99945   0.00011   22.34618;
 0.00326   0.00000   0.99999  -4.42208;
 0.00000   0.00000   0.00000   1.00000;
updating x range to be [126, 132] in xformed coordinates
best xformed slice 128
min_x_fornix = 131
min_x_fornix = 134
min_x_fornix = 137
min_x_fornix = 138
min_x_fornix = 137
cc center is found at 128 110 132
eigenvectors:
 0.00023  -0.00208   1.00000;
 0.29864  -0.95436  -0.00206;
 0.95436   0.29864   0.00040;
error in mid anterior detected - correcting...
writing aseg with callosum to /out/sourcedata/freesurfer/sub-v1s20x0050288_ses-1/mri/aseg.auto.mgz...
corpus callosum segmentation took 0.4 minutes
#VMPC# mri_cc VmPeak  554828
mri_cc done
#--------------------------------------
#@# Merge ASeg Thu Mar 12 16:47:06 CET 2026

 cp aseg.auto.mgz aseg.presurf.mgz 

#--------------------------------------------
#@# Intensity Normalization2 Thu Mar 12 16:47:06 CET 2026
/out/sourcedata/freesurfer/sub-v1s20x0050288_ses-1/mri

 mri_normalize -seed 1234 -mprage -aseg aseg.presurf.mgz -mask brainmask.mgz norm.mgz brain.mgz 

setting seed for random number genererator to 1234
assuming input volume is MGH (Van der Kouwe) MP-RAGE
using segmentation for initial intensity normalization
using MR volume brainmask.mgz to mask input volume...
reading mri_src from norm.mgz...
Reading aseg aseg.presurf.mgz
normalizing image...
NOT doing gentle normalization with control points/label
processing with aseg
removing outliers in the aseg WM...
1036 control points removed
Building bias image
building Voronoi diagram...
performing soap bubble smoothing, sigma = 0...
Smoothing with sigma 8
Applying bias correction
building Voronoi diagram...
performing soap bubble smoothing, sigma = 8...

Iterating 2 times
---------------------------------
3d normalization pass 1 of 2
white matter peak found at 110
white matter peak found at 102
gm peak at 70 (70), valley at 24 (24)
csf peak at 36, setting threshold to 58
building Voronoi diagram...
performing soap bubble smoothing, sigma = 8...
---------------------------------
3d normalization pass 2 of 2
white matter peak found at 110
white matter peak found at 110
gm peak at 67 (67), valley at  0 (-1)
csf peak at 33, setting threshold to 55
building Voronoi diagram...
performing soap bubble smoothing, sigma = 8...
Done iterating ---------------------------------
writing output to brain.mgz
3D bias adjustment took 1 minutes and 24 seconds.
#--------------------------------------------
#@# Mask BFS Thu Mar 12 16:48:30 CET 2026
/out/sourcedata/freesurfer/sub-v1s20x0050288_ses-1/mri

 mri_mask -T 5 brain.mgz brainmask.mgz brain.finalsurfs.mgz 

threshold mask volume at 5
DoAbs = 0
Found 1441262 voxels in mask (pct=  8.59)
Writing masked volume to brain.finalsurfs.mgz...done.
#--------------------------------------------
#@# WM Segmentation Thu Mar 12 16:48:31 CET 2026

 AntsDenoiseImageFs -i brain.mgz -o antsdn.brain.mgz 


 mri_segment -wsizemm 13 -mprage antsdn.brain.mgz wm.seg.mgz 

wsizemm = 13, voxres = 1, wsize = 13
Widening wm low from 89 to 79
assuming input volume is MGH (Van der Kouwe) MP-RAGE
wm mean:  110
wsize:    13
wm low:   79
wm hi:    125
gray low: 30
gray hi:  99
Doing initial trinary intensity segmentation 
Using local statistics to label ambiguous voxels
Autodetecting stats
Computing class statistics for intensity windows...
CCS WM (101.0): 101.0 +- 7.9 [79.0 --> 125.0]
CCS GM (73.0) : 71.0 +- 10.3 [30.0 --> 95.0]
 white_mean 100.985
 white_sigma 7.85931
 gray_mean 70.9793
 gray_sigma 10.2587
setting bottom of white matter range wm_low to 81.2
setting top of gray matter range gray_hi to 91.5
 wm_low 81.238
 wm_hi  125
 gray_low 30
 gray_hi  91.4967
Redoing initial intensity segmentation...
Recomputing local statistics to label ambiguous voxels...
 wm_low 81.238
 wm_hi  125
 gray_low 30
 gray_hi  91.4967
using local geometry to label remaining ambiguous voxels...
polvwsize = 5, polvlen = 3, gray_hi = 91.4967, wm_low = 81.238
MRIcpolvMedianCurveSegment(): wsize=5, len=3, gmhi=91.4967, wmlow=81.238
    154512 voxels processed (0.92%)
     73328 voxels white (0.44%)
     81184 voxels non-white (0.48%)

Reclassifying voxels using Gaussian border classifier niter=1
MRIreclassify(): wm_low=76.238, gray_hi=91.4967, wsize=13
    269091 voxels tested (1.60%)
     51893 voxels changed (0.31%)
     64346 multi-scale searches  (0.38%)
Recovering bright white
MRIrecoverBrightWhite()
 wm_low 81.238
 wm_hi 125
 slack 7.85931
 pct_thresh 0.33
 intensity_thresh 132.859
 nvox_thresh 8.58
      646 voxels tested (0.00%)
      496 voxels changed (0.00%)

removing voxels with positive offset direction...
MRIremoveWrongDirection() wsize=3, lowthr=76.238, hithr=91.4967
  smoothing input volume with sigma = 0.250
   105450 voxels tested (0.63%)
    17019 voxels changed (0.10%)
thicken = 1
removing 1-dimensional structures...
MRIremove1dStructures(): max_iter=10000, thresh=2, WM_MIN_VAL=5
 3517 sparsely connected voxels removed in 1 iterations
thickening thin strands....
thickness 4
nsegments 20
wm_hi 125
1815 diagonally connected voxels added...
MRIthickenThinWMStrands(): thickness=4, nsegments=20
  20 segments, 3491 filled
MRIfindBrightNonWM(): 2389 bright non-wm voxels segmented.
MRIfilterMorphology() WM_MIN_VAL=5, DIAGONAL_FILL=230
white matter segmentation took 0.8 minutes
writing output to wm.seg.mgz...

 mri_edit_wm_with_aseg -keep-in wm.seg.mgz brain.mgz aseg.presurf.mgz wm.asegedit.mgz 

preserving editing changes in input volume...
auto filling took 0.34 minutes
reading wm segmentation from wm.seg.mgz...
0 voxels added to wm to prevent paths from MTL structures to cortex
5391 additional wm voxels added
0 additional wm voxels added
SEG EDIT: 61043 voxels turned on, 21960 voxels turned off.
propagating editing to output volume from wm.seg.mgz
writing edited volume to wm.asegedit.mgz....

 mri_pretess wm.asegedit.mgz wm norm.mgz wm.mgz 


Iteration Number : 1
pass   1 (xy+):  19 found -  19 modified     |    TOTAL:  19
pass   2 (xy+):   0 found -  19 modified     |    TOTAL:  19
pass   1 (xy-):  26 found -  26 modified     |    TOTAL:  45
pass   2 (xy-):   0 found -  26 modified     |    TOTAL:  45
pass   1 (yz+):  21 found -  21 modified     |    TOTAL:  66
pass   2 (yz+):   0 found -  21 modified     |    TOTAL:  66
pass   1 (yz-):  42 found -  42 modified     |    TOTAL: 108
pass   2 (yz-):   0 found -  42 modified     |    TOTAL: 108
pass   1 (xz+):  27 found -  27 modified     |    TOTAL: 135
pass   2 (xz+):   0 found -  27 modified     |    TOTAL: 135
pass   1 (xz-):  39 found -  39 modified     |    TOTAL: 174
pass   2 (xz-):   0 found -  39 modified     |    TOTAL: 174
Iteration Number : 1
pass   1 (+++):  26 found -  26 modified     |    TOTAL:  26
pass   2 (+++):   0 found -  26 modified     |    TOTAL:  26
pass   1 (+++):  43 found -  43 modified     |    TOTAL:  69
pass   2 (+++):   0 found -  43 modified     |    TOTAL:  69
pass   1 (+++):  22 found -  22 modified     |    TOTAL:  91
pass   2 (+++):   0 found -  22 modified     |    TOTAL:  91
pass   1 (+++):  26 found -  26 modified     |    TOTAL: 117
pass   2 (+++):   0 found -  26 modified     |    TOTAL: 117
Iteration Number : 1
pass   1 (++):  49 found -  49 modified     |    TOTAL:  49
pass   2 (++):   0 found -  49 modified     |    TOTAL:  49
pass   1 (+-): 131 found - 131 modified     |    TOTAL: 180
pass   2 (+-):   1 found - 132 modified     |    TOTAL: 181
pass   3 (+-):   0 found - 132 modified     |    TOTAL: 181
pass   1 (--):  64 found -  64 modified     |    TOTAL: 245
pass   2 (--):   0 found -  64 modified     |    TOTAL: 245
pass   1 (-+): 131 found - 131 modified     |    TOTAL: 376
pass   2 (-+):   0 found - 131 modified     |    TOTAL: 376
Iteration Number : 2
pass   1 (xy+):   6 found -   6 modified     |    TOTAL:   6
pass   2 (xy+):   0 found -   6 modified     |    TOTAL:   6
pass   1 (xy-):   5 found -   5 modified     |    TOTAL:  11
pass   2 (xy-):   0 found -   5 modified     |    TOTAL:  11
pass   1 (yz+):   7 found -   7 modified     |    TOTAL:  18
pass   2 (yz+):   0 found -   7 modified     |    TOTAL:  18
pass   1 (yz-):   9 found -   9 modified     |    TOTAL:  27
pass   2 (yz-):   0 found -   9 modified     |    TOTAL:  27
pass   1 (xz+):   5 found -   5 modified     |    TOTAL:  32
pass   2 (xz+):   0 found -   5 modified     |    TOTAL:  32
pass   1 (xz-):  12 found -  12 modified     |    TOTAL:  44
pass   2 (xz-):   0 found -  12 modified     |    TOTAL:  44
Iteration Number : 2
pass   1 (+++):   4 found -   4 modified     |    TOTAL:   4
pass   2 (+++):   0 found -   4 modified     |    TOTAL:   4
pass   1 (+++):  27 found -  27 modified     |    TOTAL:  31
pass   2 (+++):   0 found -  27 modified     |    TOTAL:  31
pass   1 (+++):   0 found -   0 modified     |    TOTAL:  31
pass   1 (+++):  13 found -  13 modified     |    TOTAL:  44
pass   2 (+++):   0 found -  13 modified     |    TOTAL:  44
Iteration Number : 2
pass   1 (++):   4 found -   4 modified     |    TOTAL:   4
pass   2 (++):   0 found -   4 modified     |    TOTAL:   4
pass   1 (+-):   5 found -   5 modified     |    TOTAL:   9
pass   2 (+-):   0 found -   5 modified     |    TOTAL:   9
pass   1 (--):   9 found -   9 modified     |    TOTAL:  18
pass   2 (--):   1 found -  10 modified     |    TOTAL:  19
pass   3 (--):   0 found -  10 modified     |    TOTAL:  19
pass   1 (-+):   6 found -   6 modified     |    TOTAL:  25
pass   2 (-+):   0 found -   6 modified     |    TOTAL:  25
Iteration Number : 3
pass   1 (xy+):   7 found -   7 modified     |    TOTAL:   7
pass   2 (xy+):   0 found -   7 modified     |    TOTAL:   7
pass   1 (xy-):   2 found -   2 modified     |    TOTAL:   9
pass   2 (xy-):   0 found -   2 modified     |    TOTAL:   9
pass   1 (yz+):   0 found -   0 modified     |    TOTAL:   9
pass   1 (yz-):   0 found -   0 modified     |    TOTAL:   9
pass   1 (xz+):   2 found -   2 modified     |    TOTAL:  11
pass   2 (xz+):   0 found -   2 modified     |    TOTAL:  11
pass   1 (xz-):   6 found -   6 modified     |    TOTAL:  17
pass   2 (xz-):   0 found -   6 modified     |    TOTAL:  17
Iteration Number : 3
pass   1 (+++):   0 found -   0 modified     |    TOTAL:   0
pass   1 (+++):   0 found -   0 modified     |    TOTAL:   0
pass   1 (+++):   0 found -   0 modified     |    TOTAL:   0
pass   1 (+++):   0 found -   0 modified     |    TOTAL:   0
Iteration Number : 3
pass   1 (++):   0 found -   0 modified     |    TOTAL:   0
pass   1 (+-):   1 found -   1 modified     |    TOTAL:   1
pass   2 (+-):   0 found -   1 modified     |    TOTAL:   1
pass   1 (--):   1 found -   1 modified     |    TOTAL:   2
pass   2 (--):   0 found -   1 modified     |    TOTAL:   2
pass   1 (-+):   0 found -   0 modified     |    TOTAL:   2
Iteration Number : 4
pass   1 (xy+):   0 found -   0 modified     |    TOTAL:   0
pass   1 (xy-):   0 found -   0 modified     |    TOTAL:   0
pass   1 (yz+):   0 found -   0 modified     |    TOTAL:   0
pass   1 (yz-):   1 found -   1 modified     |    TOTAL:   1
pass   2 (yz-):   0 found -   1 modified     |    TOTAL:   1
pass   1 (xz+):   1 found -   1 modified     |    TOTAL:   2
pass   2 (xz+):   0 found -   1 modified     |    TOTAL:   2
pass   1 (xz-):   0 found -   0 modified     |    TOTAL:   2
Iteration Number : 4
pass   1 (+++):   0 found -   0 modified     |    TOTAL:   0
pass   1 (+++):   0 found -   0 modified     |    TOTAL:   0
pass   1 (+++):   0 found -   0 modified     |    TOTAL:   0
pass   1 (+++):   0 found -   0 modified     |    TOTAL:   0
Iteration Number : 4
pass   1 (++):   0 found -   0 modified     |    TOTAL:   0
pass   1 (+-):   0 found -   0 modified     |    TOTAL:   0
pass   1 (--):   1 found -   1 modified     |    TOTAL:   1
pass   2 (--):   0 found -   1 modified     |    TOTAL:   1
pass   1 (-+):   0 found -   0 modified     |    TOTAL:   1
Iteration Number : 5
pass   1 (xy+):   0 found -   0 modified     |    TOTAL:   0
pass   1 (xy-):   0 found -   0 modified     |    TOTAL:   0
pass   1 (yz+):   0 found -   0 modified     |    TOTAL:   0
pass   1 (yz-):   0 found -   0 modified     |    TOTAL:   0
pass   1 (xz+):   0 found -   0 modified     |    TOTAL:   0
pass   1 (xz-):   0 found -   0 modified     |    TOTAL:   0
Iteration Number : 5
pass   1 (+++):   0 found -   0 modified     |    TOTAL:   0
pass   1 (+++):   0 found -   0 modified     |    TOTAL:   0
pass   1 (+++):   0 found -   0 modified     |    TOTAL:   0
pass   1 (+++):   0 found -   0 modified     |    TOTAL:   0
Iteration Number : 5
pass   1 (++):   0 found -   0 modified     |    TOTAL:   0
pass   1 (+-):   0 found -   0 modified     |    TOTAL:   0
pass   1 (--):   0 found -   0 modified     |    TOTAL:   0
pass   1 (-+):   0 found -   0 modified     |    TOTAL:   0

Total Number of Modified Voxels = 802 (out of 463156: 0.173160)
binarizing input wm segmentation...
Ambiguous edge configurations... 

mri_pretess done

#--------------------------------------------
#@# Fill Thu Mar 12 16:50:14 CET 2026
/out/sourcedata/freesurfer/sub-v1s20x0050288_ses-1/mri

 mri_fill -a ../scripts/ponscc.cut.log -xform transforms/talairach.lta -segmentation aseg.presurf.mgz -ctab /opt/freesurfer/SubCorticalMassLUT.txt wm.mgz filled.mgz 

logging cutting plane coordinates to ../scripts/ponscc.cut.log...
INFO: Using transforms/talairach.lta and its offset for Talairach volume ...
using segmentation aseg.presurf.mgz...
reading input volume...done.
searching for cutting planes...voxel to talairach voxel transform
 1.03021   0.03828   0.02285  -14.53728;
-0.03881   1.18875  -0.27599   9.48805;
-0.03748   0.21647   0.97470  -38.96991;
 0.00000   0.00000   0.00000   1.00000;
voxel to talairach voxel transform
 1.03021   0.03828   0.02285  -14.53728;
-0.03881   1.18875  -0.27599   9.48805;
-0.03748   0.21647   0.97470  -38.96991;
 0.00000   0.00000   0.00000   1.00000;
reading segmented volume aseg.presurf.mgz
removing CC from segmentation
Looking for area (min, max) = (350, 1400)
area[0] = 1311 (min = 350, max = 1400), aspect = 0.50 (min = 0.10, max = 0.75)
no need to search
using seed (126, 116, 89), TAL = (2.0, -39.0, 12.0)
talairach voxel to voxel transform
 0.96862  -0.02573  -0.03000   13.15620;
 0.03829   0.79895   0.22533   1.75717;
 0.02874  -0.17843   0.97476   40.09711;
 0.00000   0.00000   0.00000   1.00000;
segmentation indicates cc at (126,  116,  89) --> (2.0, -39.0, 12.0)
done.
filling took 0.6 minutes
talairach cc position changed to (2.00, -39.00, 12.00)
Erasing brainstem...done.
seed_search_size = 9, min_neighbors = 5
search rh wm seed point around talairach space:(20.00, -39.00, 12.00) SRC: (112.11, 118.63, 109.26)
search lh wm seed point around talairach space (-16.00, -39.00, 12.00), SRC: (146.98, 120.00, 110.29)
compute mri_fill using aseg
Erasing Brain Stem and Cerebellum ...
Define left and right masks using aseg:
Building Voronoi diagram ...
Using the Voronoi diagram for separating WM into two hemispheres ...
Find the largest connected component for each hemisphere ...
Embedding colortable
mri_fill done, writing output to filled.mgz...
 cp filled.mgz filled.auto.mgz

Started at Thu Mar 12 15:29:26 CET 2026 
Ended   at Thu Mar 12 16:50:52 CET 2026
#@#%# recon-all-run-time-hours 1.357
recon-all -s sub-v1s20x0050288_ses-1 finished without error at Thu Mar 12 16:50:52 CET 2026



#New# invocation of recon-all 




Thu Mar 12 18:21:04 CET 2026
cd /out/sourcedata/freesurfer/sub-v1s20x0050288_ses-1
setenv SUBJECTS_DIR /out/sourcedata/freesurfer
/opt/freesurfer/bin/recon-all -parallel -subjid sub-v1s20x0050288_ses-1 -sd /out/sourcedata/freesurfer -cortribbon

subjid sub-v1s20x0050288_ses-1
setenv SUBJECTS_DIR /out/sourcedata/freesurfer
FREESURFER_HOME /opt/freesurfer
Actual FREESURFER_HOME /opt/freesurfer
build-stamp.txt: freesurfer-linux-ubuntu22_x86_64-7.3.2-20220804-6354275
Linux dna065 5.14.0-427.37.1.el9_4.x86_64 #1 SMP PREEMPT_DYNAMIC Fri Sep 13 12:41:50 EDT 2024 x86_64 x86_64 x86_64 GNU/Linux
cputime      unlimited
filesize     unlimited
datasize     unlimited
stacksize    8192 kbytes
coredumpsize 0 kbytes
memoryuse    67108864 kbytes
vmemoryuse   unlimited
descriptors  1024 
memorylocked unlimited
maxproc      2061970 
maxlocks     unlimited
maxsignal    2062029 
maxmessage   819200 
maxnice      0 
maxrtprio    0 
maxrttime    unlimited

               total        used        free      shared  buff/cache   available
Mem:           503Gi        58Gi       395Gi        11Gi        49Gi       429Gi
Swap:             0B          0B          0B

########################################
program versions used
7.3.2 (freesurfer-linux-ubuntu22_x86_64-7.3.2-20220804-6354275)
7.3.2

ProgramName: lta_convert  ProgramArguments: lta_convert -all-info  ProgramVersion: 7.3.2  TimeStamp: 2026/03/12-17:21:04-GMT  BuildTime: Aug  4 2022 06:17:15  BuildStamp: freesurfer-linux-ubuntu22_x86_64-7.3.2-20220804-6354275  User: oesteban  Machine: dna065  Platform: Linux  PlatformVersion: 5.14.0-427.37.1.el9_4.x86_64  CompilerName: GCC  CompilerVersion: 8.4.0
ProgramName: mri_and  ProgramArguments: mri_and -all-info  ProgramVersion: 7.3.2  TimeStamp: 2026/03/12-17:21:04-GMT  BuildTime: Aug  4 2022 06:17:15  BuildStamp: freesurfer-linux-ubuntu22_x86_64-7.3.2-20220804-6354275  User: oesteban  Machine: dna065  Platform: Linux  PlatformVersion: 5.14.0-427.37.1.el9_4.x86_64  CompilerName: GCC  CompilerVersion: 8.4.0
ProgramName: mri_annotation2label  ProgramArguments: mri_annotation2label -all-info  ProgramVersion: 7.3.2  TimeStamp: 2026/03/12-17:21:04-GMT  BuildTime: Aug  4 2022 06:17:15  BuildStamp: freesurfer-linux-ubuntu22_x86_64-7.3.2-20220804-6354275  User: oesteban  Machine: dna065  Platform: Linux  PlatformVersion: 5.14.0-427.37.1.el9_4.x86_64  CompilerName: GCC  CompilerVersion: 8.4.0
ProgramName: mri_aparc2aseg  ProgramArguments: mri_aparc2aseg -all-info  ProgramVersion: 7.3.2  TimeStamp: 2026/03/12-17:21:04-GMT  BuildTime: Aug  4 2022 06:17:15  BuildStamp: freesurfer-linux-ubuntu22_x86_64-7.3.2-20220804-6354275  User: oesteban  Machine: dna065  Platform: Linux  PlatformVersion: 5.14.0-427.37.1.el9_4.x86_64  CompilerName: GCC  CompilerVersion: 8.4.0
ProgramName: mri_surf2volseg  ProgramArguments: mri_surf2volseg -all-info  ProgramVersion: 7.3.2  TimeStamp: 2026/03/12-17:21:04-GMT  BuildTime: Aug  4 2022 06:17:15  BuildStamp: freesurfer-linux-ubuntu22_x86_64-7.3.2-20220804-6354275  User: oesteban  Machine: dna065  Platform: Linux  PlatformVersion: 5.14.0-427.37.1.el9_4.x86_64  CompilerName: GCC  CompilerVersion: 8.4.0
ProgramName: mri_binarize  ProgramArguments: mri_binarize -all-info  ProgramVersion: 7.3.2  TimeStamp: 2026/03/12-17:21:04-GMT  BuildTime: Aug  4 2022 06:17:15  BuildStamp: freesurfer-linux-ubuntu22_x86_64-7.3.2-20220804-6354275  User: oesteban  Machine: dna065  Platform: Linux  PlatformVersion: 5.14.0-427.37.1.el9_4.x86_64  CompilerName: GCC  CompilerVersion: 8.4.0
ProgramName: mri_ca_label  ProgramArguments: mri_ca_label -all-info  ProgramVersion: 7.3.2  TimeStamp: 2026/03/12-17:21:04-GMT  BuildTime: Aug  4 2022 06:17:15  BuildStamp: freesurfer-linux-ubuntu22_x86_64-7.3.2-20220804-6354275  User: oesteban  Machine: dna065  Platform: Linux  PlatformVersion: 5.14.0-427.37.1.el9_4.x86_64  CompilerName: GCC  CompilerVersion: 8.4.0
ProgramName: mri_ca_normalize  ProgramArguments: mri_ca_normalize -all-info  ProgramVersion: 7.3.2  TimeStamp: 2026/03/12-17:21:04-GMT  BuildTime: Aug  4 2022 06:17:15  BuildStamp: freesurfer-linux-ubuntu22_x86_64-7.3.2-20220804-6354275  User: oesteban  Machine: dna065  Platform: Linux  PlatformVersion: 5.14.0-427.37.1.el9_4.x86_64  CompilerName: GCC  CompilerVersion: 8.4.0
ProgramName: mri_ca_register  ProgramArguments: mri_ca_register -all-info  ProgramVersion: 7.3.2  TimeStamp: 2026/03/12-17:21:04-GMT  BuildTime: Aug  4 2022 06:17:15  BuildStamp: freesurfer-linux-ubuntu22_x86_64-7.3.2-20220804-6354275  User: oesteban  Machine: dna065  Platform: Linux  PlatformVersion: 5.14.0-427.37.1.el9_4.x86_64  CompilerName: GCC  CompilerVersion: 8.4.0
ProgramName: mri_cc  ProgramArguments: mri_cc -all-info  ProgramVersion: 7.3.2  TimeStamp: 2026/03/12-17:21:04-GMT  BuildTime: Aug  4 2022 06:17:15  BuildStamp: freesurfer-linux-ubuntu22_x86_64-7.3.2-20220804-6354275  User: oesteban  Machine: dna065  Platform: Linux  PlatformVersion: 5.14.0-427.37.1.el9_4.x86_64  CompilerName: GCC  CompilerVersion: 8.4.0
ProgramName: mri_compute_overlap  ProgramArguments: mri_compute_overlap -all-info  ProgramVersion: 7.3.2  TimeStamp: 2026/03/12-17:21:04-GMT  BuildTime: Aug  4 2022 06:17:15  BuildStamp: freesurfer-linux-ubuntu22_x86_64-7.3.2-20220804-6354275  User: oesteban  Machine: dna065  Platform: Linux  PlatformVersion: 5.14.0-427.37.1.el9_4.x86_64  CompilerName: GCC  CompilerVersion: 8.4.0
ProgramName: mri_compute_seg_overlap  ProgramArguments: mri_compute_seg_overlap -all-info  ProgramVersion: 7.3.2  TimeStamp: 2026/03/12-17:21:04-GMT  BuildTime: Aug  4 2022 06:17:15  BuildStamp: freesurfer-linux-ubuntu22_x86_64-7.3.2-20220804-6354275  User: oesteban  Machine: dna065  Platform: Linux  PlatformVersion: 5.14.0-427.37.1.el9_4.x86_64  CompilerName: GCC  CompilerVersion: 8.4.0
ProgramName: mri_concat  ProgramArguments: mri_concat -all-info  ProgramVersion: 7.3.2  TimeStamp: 2026/03/12-17:21:04-GMT  BuildTime: Aug  4 2022 06:17:15  BuildStamp: freesurfer-linux-ubuntu22_x86_64-7.3.2-20220804-6354275  User: oesteban  Machine: dna065  Platform: Linux  PlatformVersion: 5.14.0-427.37.1.el9_4.x86_64  CompilerName: GCC  CompilerVersion: 8.4.0
ProgramName: mri_concatenate_lta  ProgramArguments: mri_concatenate_lta -all-info  ProgramVersion: 7.3.2  TimeStamp: 2026/03/12-17:21:04-GMT  BuildTime: Aug  4 2022 06:17:15  BuildStamp: freesurfer-linux-ubuntu22_x86_64-7.3.2-20220804-6354275  User: oesteban  Machine: dna065  Platform: Linux  PlatformVersion: 5.14.0-427.37.1.el9_4.x86_64  CompilerName: GCC  CompilerVersion: 8.4.0
mri_convert -all-info 
ProgramName: mri_convert  ProgramArguments: mri_convert -all-info  ProgramVersion: 7.3.2  TimeStamp: 2026/03/12-17:21:04-GMT  BuildTime: Aug  4 2022 06:17:15  BuildStamp: freesurfer-linux-ubuntu22_x86_64-7.3.2-20220804-6354275  User: oesteban  Machine: dna065  Platform: Linux  PlatformVersion: 5.14.0-427.37.1.el9_4.x86_64  CompilerName: GCC  CompilerVersion: 8.4.0
ProgramName: mri_diff  ProgramArguments: mri_diff -all-info  ProgramVersion: 7.3.2  TimeStamp: 2026/03/12-17:21:04-GMT  BuildTime: Aug  4 2022 06:17:15  BuildStamp: freesurfer-linux-ubuntu22_x86_64-7.3.2-20220804-6354275  User: oesteban  Machine: dna065  Platform: Linux  PlatformVersion: 5.14.0-427.37.1.el9_4.x86_64  CompilerName: GCC  CompilerVersion: 8.4.0
ProgramName: mri_edit_wm_with_aseg  ProgramArguments: mri_edit_wm_with_aseg -all-info  ProgramVersion: 7.3.2  TimeStamp: 2026/03/12-17:21:04-GMT  BuildTime: Aug  4 2022 06:17:15  BuildStamp: freesurfer-linux-ubuntu22_x86_64-7.3.2-20220804-6354275  User: oesteban  Machine: dna065  Platform: Linux  PlatformVersion: 5.14.0-427.37.1.el9_4.x86_64  CompilerName: GCC  CompilerVersion: 8.4.0
ProgramName: mri_em_register  ProgramArguments: mri_em_register -all-info  ProgramVersion: 7.3.2  TimeStamp: 2026/03/12-17:21:04-GMT  BuildTime: Aug  4 2022 06:17:15  BuildStamp: freesurfer-linux-ubuntu22_x86_64-7.3.2-20220804-6354275  User: oesteban  Machine: dna065  Platform: Linux  PlatformVersion: 5.14.0-427.37.1.el9_4.x86_64  CompilerName: GCC  CompilerVersion: 8.4.0
ProgramName: mri_fill  ProgramArguments: mri_fill -all-info  ProgramVersion: 7.3.2  TimeStamp: 2026/03/12-17:21:04-GMT  BuildTime: Aug  4 2022 06:17:15  BuildStamp: freesurfer-linux-ubuntu22_x86_64-7.3.2-20220804-6354275  User: oesteban  Machine: dna065  Platform: Linux  PlatformVersion: 5.14.0-427.37.1.el9_4.x86_64  CompilerName: GCC  CompilerVersion: 8.4.0
ProgramName: mri_fuse_segmentations  ProgramArguments: mri_fuse_segmentations -all-info  ProgramVersion: 7.3.2  TimeStamp: 2026/03/12-17:21:04-GMT  BuildTime: Aug  4 2022 06:17:15  BuildStamp: freesurfer-linux-ubuntu22_x86_64-7.3.2-20220804-6354275  User: oesteban  Machine: dna065  Platform: Linux  PlatformVersion: 5.14.0-427.37.1.el9_4.x86_64  CompilerName: GCC  CompilerVersion: 8.4.0
ProgramName: mri_fwhm  ProgramArguments: mri_fwhm -all-info  ProgramVersion: 7.3.2  TimeStamp: 2026/03/12-17:21:04-GMT  BuildTime: Aug  4 2022 06:17:15  BuildStamp: freesurfer-linux-ubuntu22_x86_64-7.3.2-20220804-6354275  User: oesteban  Machine: dna065  Platform: Linux  PlatformVersion: 5.14.0-427.37.1.el9_4.x86_64  CompilerName: GCC  CompilerVersion: 8.4.0
ProgramName: mri_gcut  ProgramArguments: mri_gcut -all-info  ProgramVersion: 7.3.2  TimeStamp: 2026/03/12-17:21:04-GMT  BuildTime: Aug  4 2022 06:17:15  BuildStamp: freesurfer-linux-ubuntu22_x86_64-7.3.2-20220804-6354275  User: oesteban  Machine: dna065  Platform: Linux  PlatformVersion: 5.14.0-427.37.1.el9_4.x86_64  CompilerName: GCC  CompilerVersion: 8.4.0
ProgramName: mri_info  ProgramArguments: mri_info -all-info  ProgramVersion: 7.3.2  TimeStamp: 2026/03/12-17:21:04-GMT  BuildTime: Aug  4 2022 06:17:15  BuildStamp: freesurfer-linux-ubuntu22_x86_64-7.3.2-20220804-6354275  User: oesteban  Machine: dna065  Platform: Linux  PlatformVersion: 5.14.0-427.37.1.el9_4.x86_64  CompilerName: GCC  CompilerVersion: 8.4.0
ProgramName: mri_label2label  ProgramArguments: mri_label2label -all-info  ProgramVersion: 7.3.2  TimeStamp: 2026/03/12-17:21:04-GMT  BuildTime: Aug  4 2022 06:17:15  BuildStamp: freesurfer-linux-ubuntu22_x86_64-7.3.2-20220804-6354275  User: oesteban  Machine: dna065  Platform: Linux  PlatformVersion: 5.14.0-427.37.1.el9_4.x86_64  CompilerName: GCC  CompilerVersion: 8.4.0
ProgramName: mri_label2vol  ProgramArguments: mri_label2vol -all-info  ProgramVersion: 7.3.2  TimeStamp: 2026/03/12-17:21:04-GMT  BuildTime: Aug  4 2022 06:17:15  BuildStamp: freesurfer-linux-ubuntu22_x86_64-7.3.2-20220804-6354275  User: oesteban  Machine: dna065  Platform: Linux  PlatformVersion: 5.14.0-427.37.1.el9_4.x86_64  CompilerName: GCC  CompilerVersion: 8.4.0
ProgramName: mri_log_likelihood  ProgramArguments: mri_log_likelihood -all-info  ProgramVersion: 7.3.2  TimeStamp: 2026/03/12-17:21:04-GMT  BuildTime: Aug  4 2022 06:17:15  BuildStamp: freesurfer-linux-ubuntu22_x86_64-7.3.2-20220804-6354275  User: oesteban  Machine: dna065  Platform: Linux  PlatformVersion: 5.14.0-427.37.1.el9_4.x86_64  CompilerName: GCC  CompilerVersion: 8.4.0
ProgramName: mri_mask  ProgramArguments: mri_mask -all-info  ProgramVersion: 7.3.2  TimeStamp: 2026/03/12-17:21:04-GMT  BuildTime: Aug  4 2022 06:17:15  BuildStamp: freesurfer-linux-ubuntu22_x86_64-7.3.2-20220804-6354275  User: oesteban  Machine: dna065  Platform: Linux  PlatformVersion: 5.14.0-427.37.1.el9_4.x86_64  CompilerName: GCC  CompilerVersion: 8.4.0
ProgramName: mri_matrix_multiply  ProgramArguments: mri_matrix_multiply -all-info  ProgramVersion: 7.3.2  TimeStamp: 2026/03/12-17:21:04-GMT  BuildTime: Aug  4 2022 06:17:15  BuildStamp: freesurfer-linux-ubuntu22_x86_64-7.3.2-20220804-6354275  User: oesteban  Machine: dna065  Platform: Linux  PlatformVersion: 5.14.0-427.37.1.el9_4.x86_64  CompilerName: GCC  CompilerVersion: 8.4.0
ProgramName: mri_normalize  ProgramArguments: mri_normalize -all-info  ProgramVersion: 7.3.2  TimeStamp: 2026/03/12-17:21:04-GMT  BuildTime: Aug  4 2022 06:17:15  BuildStamp: freesurfer-linux-ubuntu22_x86_64-7.3.2-20220804-6354275  User: oesteban  Machine: dna065  Platform: Linux  PlatformVersion: 5.14.0-427.37.1.el9_4.x86_64  CompilerName: GCC  CompilerVersion: 8.4.0
ProgramName: mri_normalize_tp2  ProgramArguments: mri_normalize_tp2 -all-info  ProgramVersion: 7.3.2  TimeStamp: 2026/03/12-17:21:04-GMT  BuildTime: Aug  4 2022 06:17:15  BuildStamp: freesurfer-linux-ubuntu22_x86_64-7.3.2-20220804-6354275  User: oesteban  Machine: dna065  Platform: Linux  PlatformVersion: 5.14.0-427.37.1.el9_4.x86_64  CompilerName: GCC  CompilerVersion: 8.4.0
ProgramName: mri_or  ProgramArguments: mri_or -all-info  ProgramVersion: 7.3.2  TimeStamp: 2026/03/12-17:21:04-GMT  BuildTime: Aug  4 2022 06:17:15  BuildStamp: freesurfer-linux-ubuntu22_x86_64-7.3.2-20220804-6354275  User: oesteban  Machine: dna065  Platform: Linux  PlatformVersion: 5.14.0-427.37.1.el9_4.x86_64  CompilerName: GCC  CompilerVersion: 8.4.0
ProgramName: mri_relabel_hypointensities  ProgramArguments: mri_relabel_hypointensities -all-info  ProgramVersion: 7.3.2  TimeStamp: 2026/03/12-17:21:04-GMT  BuildTime: Aug  4 2022 06:17:15  BuildStamp: freesurfer-linux-ubuntu22_x86_64-7.3.2-20220804-6354275  User: oesteban  Machine: dna065  Platform: Linux  PlatformVersion: 5.14.0-427.37.1.el9_4.x86_64  CompilerName: GCC  CompilerVersion: 8.4.0
ProgramName: mri_relabel_nonwm_hypos  ProgramArguments: mri_relabel_nonwm_hypos -all-info  ProgramVersion: 7.3.2  TimeStamp: 2026/03/12-17:21:04-GMT  BuildTime: Aug  4 2022 06:17:15  BuildStamp: freesurfer-linux-ubuntu22_x86_64-7.3.2-20220804-6354275  User: oesteban  Machine: dna065  Platform: Linux  PlatformVersion: 5.14.0-427.37.1.el9_4.x86_64  CompilerName: GCC  CompilerVersion: 8.4.0
ProgramName: mri_remove_neck  ProgramArguments: mri_remove_neck -all-info  ProgramVersion: 7.3.2  TimeStamp: 2026/03/12-17:21:04-GMT  BuildTime: Aug  4 2022 06:17:15  BuildStamp: freesurfer-linux-ubuntu22_x86_64-7.3.2-20220804-6354275  User: oesteban  Machine: dna065  Platform: Linux  PlatformVersion: 5.14.0-427.37.1.el9_4.x86_64  CompilerName: GCC  CompilerVersion: 8.4.0
7.3.2

ProgramName: mri_robust_register  ProgramArguments: mri_robust_register -all-info  ProgramVersion: 7.3.2  TimeStamp: 2026/03/12-17:21:04-GMT  BuildTime: Aug  4 2022 06:17:15  BuildStamp: freesurfer-linux-ubuntu22_x86_64-7.3.2-20220804-6354275  User: oesteban  Machine: dna065  Platform: Linux  PlatformVersion: 5.14.0-427.37.1.el9_4.x86_64  CompilerName: GCC  CompilerVersion: 8.4.0
7.3.2

ProgramName: mri_robust_template  ProgramArguments: mri_robust_template -all-info  ProgramVersion: 7.3.2  TimeStamp: 2026/03/12-17:21:04-GMT  BuildTime: Aug  4 2022 06:17:15  BuildStamp: freesurfer-linux-ubuntu22_x86_64-7.3.2-20220804-6354275  User: oesteban  Machine: dna065  Platform: Linux  PlatformVersion: 5.14.0-427.37.1.el9_4.x86_64  CompilerName: GCC  CompilerVersion: 8.4.0
ProgramName: mris_anatomical_stats  ProgramArguments: mris_anatomical_stats -all-info  ProgramVersion: 7.3.2  TimeStamp: 2026/03/12-17:21:04-GMT  BuildTime: Aug  4 2022 06:17:15  BuildStamp: freesurfer-linux-ubuntu22_x86_64-7.3.2-20220804-6354275  User: oesteban  Machine: dna065  Platform: Linux  PlatformVersion: 5.14.0-427.37.1.el9_4.x86_64  CompilerName: GCC  CompilerVersion: 8.4.0
ProgramName: mris_ca_label  ProgramArguments: mris_ca_label -all-info  ProgramVersion: 7.3.2  TimeStamp: 2026/03/12-17:21:04-GMT  BuildTime: Aug  4 2022 06:17:15  BuildStamp: freesurfer-linux-ubuntu22_x86_64-7.3.2-20220804-6354275  User: oesteban  Machine: dna065  Platform: Linux  PlatformVersion: 5.14.0-427.37.1.el9_4.x86_64  CompilerName: GCC  CompilerVersion: 8.4.0
ProgramName: mris_calc  ProgramArguments: mris_calc -all-info  ProgramVersion: 7.3.2  TimeStamp: 2026/03/12-17:21:04-GMT  BuildTime: Aug  4 2022 06:17:15  BuildStamp: freesurfer-linux-ubuntu22_x86_64-7.3.2-20220804-6354275  User: oesteban  Machine: dna065  Platform: Linux  PlatformVersion: 5.14.0-427.37.1.el9_4.x86_64  CompilerName: GCC  CompilerVersion: 8.4.0
ProgramName: mris_convert  ProgramArguments: mris_convert -all-info  ProgramVersion: 7.3.2  TimeStamp: 2026/03/12-17:21:04-GMT  BuildTime: Aug  4 2022 06:17:15  BuildStamp: freesurfer-linux-ubuntu22_x86_64-7.3.2-20220804-6354275  User: oesteban  Machine: dna065  Platform: Linux  PlatformVersion: 5.14.0-427.37.1.el9_4.x86_64  CompilerName: GCC  CompilerVersion: 8.4.0
ProgramName: mris_curvature  ProgramArguments: mris_curvature -all-info  ProgramVersion: 7.3.2  TimeStamp: 2026/03/12-17:21:04-GMT  BuildTime: Aug  4 2022 06:17:15  BuildStamp: freesurfer-linux-ubuntu22_x86_64-7.3.2-20220804-6354275  User: oesteban  Machine: dna065  Platform: Linux  PlatformVersion: 5.14.0-427.37.1.el9_4.x86_64  CompilerName: GCC  CompilerVersion: 8.4.0
ProgramName: mris_curvature_stats  ProgramArguments: mris_curvature_stats -all-info  ProgramVersion: 7.3.2  TimeStamp: 2026/03/12-17:21:04-GMT  BuildTime: Aug  4 2022 06:17:15  BuildStamp: freesurfer-linux-ubuntu22_x86_64-7.3.2-20220804-6354275  User: oesteban  Machine: dna065  Platform: Linux  PlatformVersion: 5.14.0-427.37.1.el9_4.x86_64  CompilerName: GCC  CompilerVersion: 8.4.0
ProgramName: mris_diff  ProgramArguments: mris_diff -all-info  ProgramVersion: 7.3.2  TimeStamp: 2026/03/12-17:21:04-GMT  BuildTime: Aug  4 2022 06:17:15  BuildStamp: freesurfer-linux-ubuntu22_x86_64-7.3.2-20220804-6354275  User: oesteban  Machine: dna065  Platform: Linux  PlatformVersion: 5.14.0-427.37.1.el9_4.x86_64  CompilerName: GCC  CompilerVersion: 8.4.0
ProgramName: mris_divide_parcellation  ProgramArguments: mris_divide_parcellation -all-info  ProgramVersion: 7.3.2  TimeStamp: 2026/03/12-17:21:04-GMT  BuildTime: Aug  4 2022 06:17:15  BuildStamp: freesurfer-linux-ubuntu22_x86_64-7.3.2-20220804-6354275  User: oesteban  Machine: dna065  Platform: Linux  PlatformVersion: 5.14.0-427.37.1.el9_4.x86_64  CompilerName: GCC  CompilerVersion: 8.4.0
ProgramName: mri_segment  ProgramArguments: mri_segment -all-info  ProgramVersion: 7.3.2  TimeStamp: 2026/03/12-17:21:04-GMT  BuildTime: Aug  4 2022 06:17:15  BuildStamp: freesurfer-linux-ubuntu22_x86_64-7.3.2-20220804-6354275  User: oesteban  Machine: dna065  Platform: Linux  PlatformVersion: 5.14.0-427.37.1.el9_4.x86_64  CompilerName: GCC  CompilerVersion: 8.4.0
ProgramName: mri_segstats  ProgramArguments: mri_segstats -all-info  ProgramVersion: 7.3.2  TimeStamp: 2026/03/12-17:21:04-GMT  BuildTime: Aug  4 2022 06:17:15  BuildStamp: freesurfer-linux-ubuntu22_x86_64-7.3.2-20220804-6354275  User: oesteban  Machine: dna065  Platform: Linux  PlatformVersion: 5.14.0-427.37.1.el9_4.x86_64  CompilerName: GCC  CompilerVersion: 8.4.0
ProgramName: mris_euler_number  ProgramArguments: mris_euler_number -all-info  ProgramVersion: 7.3.2  TimeStamp: 2026/03/12-17:21:04-GMT  BuildTime: Aug  4 2022 06:17:15  BuildStamp: freesurfer-linux-ubuntu22_x86_64-7.3.2-20220804-6354275  User: oesteban  Machine: dna065  Platform: Linux  PlatformVersion: 5.14.0-427.37.1.el9_4.x86_64  CompilerName: GCC  CompilerVersion: 8.4.0
ProgramName: mris_fix_topology  ProgramArguments: mris_fix_topology -all-info  ProgramVersion: 7.3.2  TimeStamp: 2026/03/12-17:21:04-GMT  BuildTime: Aug  4 2022 06:17:15  BuildStamp: freesurfer-linux-ubuntu22_x86_64-7.3.2-20220804-6354275  User: oesteban  Machine: dna065  Platform: Linux  PlatformVersion: 5.14.0-427.37.1.el9_4.x86_64  CompilerName: GCC  CompilerVersion: 8.4.0
ProgramName: mris_topo_fixer  ProgramArguments: mris_topo_fixer -all-info  ProgramVersion: 7.3.2  TimeStamp: 2026/03/12-17:21:04-GMT  BuildTime: Aug  4 2022 06:17:15  BuildStamp: freesurfer-linux-ubuntu22_x86_64-7.3.2-20220804-6354275  User: oesteban  Machine: dna065  Platform: Linux  PlatformVersion: 5.14.0-427.37.1.el9_4.x86_64  CompilerName: GCC  CompilerVersion: 8.4.0
ProgramName: mris_jacobian  ProgramArguments: mris_jacobian -all-info  ProgramVersion: 7.3.2  TimeStamp: 2026/03/12-17:21:04-GMT  BuildTime: Aug  4 2022 06:17:15  BuildStamp: freesurfer-linux-ubuntu22_x86_64-7.3.2-20220804-6354275  User: oesteban  Machine: dna065  Platform: Linux  PlatformVersion: 5.14.0-427.37.1.el9_4.x86_64  CompilerName: GCC  CompilerVersion: 8.4.0
ProgramName: mris_label2annot  ProgramArguments: mris_label2annot -all-info  ProgramVersion: 7.3.2  TimeStamp: 2026/03/12-17:21:04-GMT  BuildTime: Aug  4 2022 06:17:15  BuildStamp: freesurfer-linux-ubuntu22_x86_64-7.3.2-20220804-6354275  User: oesteban  Machine: dna065  Platform: Linux  PlatformVersion: 5.14.0-427.37.1.el9_4.x86_64  CompilerName: GCC  CompilerVersion: 8.4.0
ProgramName: mris_left_right_register  ProgramArguments: mris_left_right_register -all-info  ProgramVersion: 7.3.2  TimeStamp: 2026/03/12-17:21:04-GMT  BuildTime: Aug  4 2022 06:17:15  BuildStamp: freesurfer-linux-ubuntu22_x86_64-7.3.2-20220804-6354275  User: oesteban  Machine: dna065  Platform: Linux  PlatformVersion: 5.14.0-427.37.1.el9_4.x86_64  CompilerName: GCC  CompilerVersion: 8.4.0
ProgramName: mris_place_surface  ProgramArguments: mris_place_surface -all-info  ProgramVersion: 7.3.2  TimeStamp: 2026/03/12-17:21:04-GMT  BuildTime: Aug  4 2022 06:17:15  BuildStamp: freesurfer-linux-ubuntu22_x86_64-7.3.2-20220804-6354275  User: oesteban  Machine: dna065  Platform: Linux  PlatformVersion: 5.14.0-427.37.1.el9_4.x86_64  CompilerName: GCC  CompilerVersion: 8.4.0
ProgramName: mrisp_paint  ProgramArguments: mrisp_paint -all-info  ProgramVersion: 7.3.2  TimeStamp: 2026/03/12-17:21:04-GMT  BuildTime: Aug  4 2022 06:17:15  BuildStamp: freesurfer-linux-ubuntu22_x86_64-7.3.2-20220804-6354275  User: oesteban  Machine: dna065  Platform: Linux  PlatformVersion: 5.14.0-427.37.1.el9_4.x86_64  CompilerName: GCC  CompilerVersion: 8.4.0
ProgramName: mris_register  ProgramArguments: mris_register -all-info  ProgramVersion: 7.3.2  TimeStamp: 2026/03/12-17:21:04-GMT  BuildTime: Aug  4 2022 06:17:15  BuildStamp: freesurfer-linux-ubuntu22_x86_64-7.3.2-20220804-6354275  User: oesteban  Machine: dna065  Platform: Linux  PlatformVersion: 5.14.0-427.37.1.el9_4.x86_64  CompilerName: GCC  CompilerVersion: 8.4.0
ProgramName: mris_smooth  ProgramArguments: mris_smooth -all-info  ProgramVersion: 7.3.2  TimeStamp: 2026/03/12-17:21:04-GMT  BuildTime: Aug  4 2022 06:17:15  BuildStamp: freesurfer-linux-ubuntu22_x86_64-7.3.2-20220804-6354275  User: oesteban  Machine: dna065  Platform: Linux  PlatformVersion: 5.14.0-427.37.1.el9_4.x86_64  CompilerName: GCC  CompilerVersion: 8.4.0
ProgramName: mris_sphere  ProgramArguments: mris_sphere -all-info  ProgramVersion: 7.3.2  TimeStamp: 2026/03/12-17:21:04-GMT  BuildTime: Aug  4 2022 06:17:15  BuildStamp: freesurfer-linux-ubuntu22_x86_64-7.3.2-20220804-6354275  User: oesteban  Machine: dna065  Platform: Linux  PlatformVersion: 5.14.0-427.37.1.el9_4.x86_64  CompilerName: GCC  CompilerVersion: 8.4.0
ProgramName: mris_surface_stats  ProgramArguments: mris_surface_stats -all-info  ProgramVersion: 7.3.2  TimeStamp: 2026/03/12-17:21:04-GMT  BuildTime: Aug  4 2022 06:17:15  BuildStamp: freesurfer-linux-ubuntu22_x86_64-7.3.2-20220804-6354275  User: oesteban  Machine: dna065  Platform: Linux  PlatformVersion: 5.14.0-427.37.1.el9_4.x86_64  CompilerName: GCC  CompilerVersion: 8.4.0
ProgramName: mri_stats2seg  ProgramArguments: mri_stats2seg -all-info  ProgramVersion: 7.3.2  TimeStamp: 2026/03/12-17:21:04-GMT  BuildTime: Aug  4 2022 06:17:15  BuildStamp: freesurfer-linux-ubuntu22_x86_64-7.3.2-20220804-6354275  User: oesteban  Machine: dna065  Platform: Linux  PlatformVersion: 5.14.0-427.37.1.el9_4.x86_64  CompilerName: GCC  CompilerVersion: 8.4.0
ProgramName: mris_thickness  ProgramArguments: mris_thickness -all-info  ProgramVersion: 7.3.2  TimeStamp: 2026/03/12-17:21:04-GMT  BuildTime: Aug  4 2022 06:17:15  BuildStamp: freesurfer-linux-ubuntu22_x86_64-7.3.2-20220804-6354275  User: oesteban  Machine: dna065  Platform: Linux  PlatformVersion: 5.14.0-427.37.1.el9_4.x86_64  CompilerName: GCC  CompilerVersion: 8.4.0
ProgramName: mris_thickness_diff  ProgramArguments: mris_thickness_diff -all-info  ProgramVersion: 7.3.2  TimeStamp: 2026/03/12-17:21:04-GMT  BuildTime: Aug  4 2022 06:17:15  BuildStamp: freesurfer-linux-ubuntu22_x86_64-7.3.2-20220804-6354275  User: oesteban  Machine: dna065  Platform: Linux  PlatformVersion: 5.14.0-427.37.1.el9_4.x86_64  CompilerName: GCC  CompilerVersion: 8.4.0
ProgramName: mris_topo_fixer  ProgramArguments: mris_topo_fixer -all-info  ProgramVersion: 7.3.2  TimeStamp: 2026/03/12-17:21:04-GMT  BuildTime: Aug  4 2022 06:17:15  BuildStamp: freesurfer-linux-ubuntu22_x86_64-7.3.2-20220804-6354275  User: oesteban  Machine: dna065  Platform: Linux  PlatformVersion: 5.14.0-427.37.1.el9_4.x86_64  CompilerName: GCC  CompilerVersion: 8.4.0
ProgramName: mri_surf2surf  ProgramArguments: mri_surf2surf -all-info  ProgramVersion: 7.3.2  TimeStamp: 2026/03/12-17:21:04-GMT  BuildTime: Aug  4 2022 06:17:15  BuildStamp: freesurfer-linux-ubuntu22_x86_64-7.3.2-20220804-6354275  User: oesteban  Machine: dna065  Platform: Linux  PlatformVersion: 5.14.0-427.37.1.el9_4.x86_64  CompilerName: GCC  CompilerVersion: 8.4.0
ProgramName: mri_surf2vol  ProgramArguments: mri_surf2vol -all-info  ProgramVersion: 7.3.2  TimeStamp: 2026/03/12-17:21:04-GMT  BuildTime: Aug  4 2022 06:17:15  BuildStamp: freesurfer-linux-ubuntu22_x86_64-7.3.2-20220804-6354275  User: oesteban  Machine: dna065  Platform: Linux  PlatformVersion: 5.14.0-427.37.1.el9_4.x86_64  CompilerName: GCC  CompilerVersion: 8.4.0
ProgramName: mri_surfcluster  ProgramArguments: mri_surfcluster -all-info  ProgramVersion: 7.3.2  TimeStamp: 2026/03/12-17:21:04-GMT  BuildTime: Aug  4 2022 06:17:15  BuildStamp: freesurfer-linux-ubuntu22_x86_64-7.3.2-20220804-6354275  User: oesteban  Machine: dna065  Platform: Linux  PlatformVersion: 5.14.0-427.37.1.el9_4.x86_64  CompilerName: GCC  CompilerVersion: 8.4.0
ProgramName: mris_volmask  ProgramArguments: mris_volmask -all-info  ProgramVersion: 7.3.2  TimeStamp: 2026/03/12-17:21:04-GMT  BuildTime: Aug  4 2022 06:17:15  BuildStamp: freesurfer-linux-ubuntu22_x86_64-7.3.2-20220804-6354275  User: oesteban  Machine: dna065  Platform: Linux  PlatformVersion: 5.14.0-427.37.1.el9_4.x86_64  CompilerName: GCC  CompilerVersion: 8.4.0
ProgramName: mri_tessellate  ProgramArguments: mri_tessellate -all-info  ProgramVersion: 7.3.2  TimeStamp: 2026/03/12-17:21:04-GMT  BuildTime: Aug  4 2022 06:17:15  BuildStamp: freesurfer-linux-ubuntu22_x86_64-7.3.2-20220804-6354275  User: oesteban  Machine: dna065  Platform: Linux  PlatformVersion: 5.14.0-427.37.1.el9_4.x86_64  CompilerName: GCC  CompilerVersion: 8.4.0
ProgramName: mri_vol2surf  ProgramArguments: mri_vol2surf -all-info  ProgramVersion: 7.3.2  TimeStamp: 2026/03/12-17:21:04-GMT  BuildTime: Aug  4 2022 06:17:15  BuildStamp: freesurfer-linux-ubuntu22_x86_64-7.3.2-20220804-6354275  User: oesteban  Machine: dna065  Platform: Linux  PlatformVersion: 5.14.0-427.37.1.el9_4.x86_64  CompilerName: GCC  CompilerVersion: 8.4.0
ProgramName: mri_vol2vol  ProgramArguments: mri_vol2vol -all-info  ProgramVersion: 7.3.2  TimeStamp: 2026/03/12-17:21:04-GMT  BuildTime: Aug  4 2022 06:17:15  BuildStamp: freesurfer-linux-ubuntu22_x86_64-7.3.2-20220804-6354275  User: oesteban  Machine: dna065  Platform: Linux  PlatformVersion: 5.14.0-427.37.1.el9_4.x86_64  CompilerName: GCC  CompilerVersion: 8.4.0
ProgramName: mri_voldiff  ProgramArguments: mri_voldiff -all-info  ProgramVersion: 7.3.2  TimeStamp: 2026/03/12-17:21:04-GMT  BuildTime: Aug  4 2022 06:17:15  BuildStamp: freesurfer-linux-ubuntu22_x86_64-7.3.2-20220804-6354275  User: oesteban  Machine: dna065  Platform: Linux  PlatformVersion: 5.14.0-427.37.1.el9_4.x86_64  CompilerName: GCC  CompilerVersion: 8.4.0
ProgramName: mri_watershed  ProgramArguments: mri_watershed -all-info  ProgramVersion: 7.3.2  TimeStamp: 2026/03/12-17:21:04-GMT  BuildTime: Aug  4 2022 06:17:15  BuildStamp: freesurfer-linux-ubuntu22_x86_64-7.3.2-20220804-6354275  User: oesteban  Machine: dna065  Platform: Linux  PlatformVersion: 5.14.0-427.37.1.el9_4.x86_64  CompilerName: GCC  CompilerVersion: 8.4.0
ProgramName: tkregister2  ProgramArguments: tkregister2_cmdl -all-info  ProgramVersion: 7.3.2  TimeStamp: 2026/03/12-17:21:04-GMT  BuildTime: Aug  4 2022 06:17:15  BuildStamp: freesurfer-linux-ubuntu22_x86_64-7.3.2-20220804-6354275  User: oesteban  Machine: dna065  Platform: Linux  PlatformVersion: 5.14.0-427.37.1.el9_4.x86_64  CompilerName: GCC  CompilerVersion: 8.4.0
mri_motion_correct.fsl 7.3.2
mri_convert -all-info 
ProgramName: mri_convert  ProgramArguments: mri_convert -all-info  ProgramVersion: 7.3.2  TimeStamp: 2026/03/12-17:21:04-GMT  BuildTime: Aug  4 2022 06:17:15  BuildStamp: freesurfer-linux-ubuntu22_x86_64-7.3.2-20220804-6354275  User: oesteban  Machine: dna065  Platform: Linux  PlatformVersion: 5.14.0-427.37.1.el9_4.x86_64  CompilerName: GCC  CompilerVersion: 8.4.0
Program nu_correct, built from:
Package MNI N3, version 1.12.0, compiled by nicks@terrier (x86_64-unknown-linux-gnu) on 2015-06-19 at 01:25:34
#######################################
GCADIR /opt/freesurfer/average
GCA RB_all_2020-01-02.gca
GCASkull RB_all_withskull_2020_01_02.gca
AvgCurvTif folding.atlas.acfb40.noaparc.i12.2016-08-02.tif
GCSDIR /opt/freesurfer/average
GCS DKaparc.atlas.acfb40.noaparc.i12.2016-08-02.gcs
#######################################
#@# white curv lh Thu Mar 12 18:21:04 CET 2026
cd /out/sourcedata/freesurfer/sub-v1s20x0050288_ses-1/mri
mris_place_surface --curv-map ../surf/lh.white 2 10 ../surf/lh.curv
   Update not needed
#@# white area lh Thu Mar 12 18:21:04 CET 2026
cd /out/sourcedata/freesurfer/sub-v1s20x0050288_ses-1/mri
mris_place_surface --area-map ../surf/lh.white ../surf/lh.area
   Update not needed
#@# pial curv lh Thu Mar 12 18:21:04 CET 2026
cd /out/sourcedata/freesurfer/sub-v1s20x0050288_ses-1/mri
mris_place_surface --curv-map ../surf/lh.pial 2 10 ../surf/lh.curv.pial
   Update not needed
#@# pial area lh Thu Mar 12 18:21:04 CET 2026
cd /out/sourcedata/freesurfer/sub-v1s20x0050288_ses-1/mri
mris_place_surface --area-map ../surf/lh.pial ../surf/lh.area.pial
   Update not needed
#@# thickness lh Thu Mar 12 18:21:04 CET 2026
cd /out/sourcedata/freesurfer/sub-v1s20x0050288_ses-1/mri
mris_place_surface --thickness ../surf/lh.white ../surf/lh.pial 20 5 ../surf/lh.thickness
   Update not needed
#@# area and vertex vol lh Thu Mar 12 18:21:05 CET 2026
cd /out/sourcedata/freesurfer/sub-v1s20x0050288_ses-1/mri
mris_place_surface --thickness ../surf/lh.white ../surf/lh.pial 20 5 ../surf/lh.thickness
   Update not needed
#@# white curv rh Thu Mar 12 18:21:05 CET 2026
cd /out/sourcedata/freesurfer/sub-v1s20x0050288_ses-1/mri
mris_place_surface --curv-map ../surf/rh.white 2 10 ../surf/rh.curv
   Update not needed
#@# white area rh Thu Mar 12 18:21:05 CET 2026
cd /out/sourcedata/freesurfer/sub-v1s20x0050288_ses-1/mri
mris_place_surface --area-map ../surf/rh.white ../surf/rh.area
   Update not needed
#@# pial curv rh Thu Mar 12 18:21:05 CET 2026
cd /out/sourcedata/freesurfer/sub-v1s20x0050288_ses-1/mri
mris_place_surface --curv-map ../surf/rh.pial 2 10 ../surf/rh.curv.pial
   Update not needed
#@# pial area rh Thu Mar 12 18:21:05 CET 2026
cd /out/sourcedata/freesurfer/sub-v1s20x0050288_ses-1/mri
mris_place_surface --area-map ../surf/rh.pial ../surf/rh.area.pial
   Update not needed
#@# thickness rh Thu Mar 12 18:21:05 CET 2026
cd /out/sourcedata/freesurfer/sub-v1s20x0050288_ses-1/mri
mris_place_surface --thickness ../surf/rh.white ../surf/rh.pial 20 5 ../surf/rh.thickness
   Update not needed
#@# area and vertex vol rh Thu Mar 12 18:21:05 CET 2026
cd /out/sourcedata/freesurfer/sub-v1s20x0050288_ses-1/mri
mris_place_surface --thickness ../surf/rh.white ../surf/rh.pial 20 5 ../surf/rh.thickness
   Update not needed
#--------------------------------------------
#@# Cortical ribbon mask Thu Mar 12 18:21:05 CET 2026
/out/sourcedata/freesurfer/sub-v1s20x0050288_ses-1/mri

 mris_volmask --aseg_name aseg.presurf --label_left_white 2 --label_left_ribbon 3 --label_right_white 41 --label_right_ribbon 42 --save_ribbon sub-v1s20x0050288_ses-1 

SUBJECTS_DIR is /out/sourcedata/freesurfer
loading input data...
Running hemis serially
Processing left hemi
computing distance to left white surface 
computing distance to left pial surface 
Processing right hemi
computing distance to right white surface 
computing distance to right pial surface 
 hemi masks overlap voxels = 117
writing volume /out/sourcedata/freesurfer/sub-v1s20x0050288_ses-1/mri/ribbon.mgz
mris_volmask took 3.72 minutes
 writing ribbon files

Started at Thu Mar 12 18:21:04 CET 2026 
Ended   at Thu Mar 12 18:24:48 CET 2026
#@#%# recon-all-run-time-hours 0.062
recon-all -s sub-v1s20x0050288_ses-1 finished without error at Thu Mar 12 18:24:48 CET 2026



#New# invocation of recon-all 




Thu Mar 12 18:29:44 CET 2026
cd /out/sourcedata/freesurfer/sub-v1s20x0050288_ses-1
setenv SUBJECTS_DIR /out/sourcedata/freesurfer
/opt/freesurfer/bin/recon-all -autorecon3 -openmp 16 -subjid sub-v1s20x0050288_ses-1 -sd /out/sourcedata/freesurfer -nosphere -nosurfreg -nojacobian_white -noavgcurv -nocortparc -nopial -noparcstats -nocortparc2 -noparcstats2 -nocortparc3 -noparcstats3 -nopctsurfcon -nocortribbon -nobalabels

subjid sub-v1s20x0050288_ses-1
setenv SUBJECTS_DIR /out/sourcedata/freesurfer
FREESURFER_HOME /opt/freesurfer
Actual FREESURFER_HOME /opt/freesurfer
build-stamp.txt: freesurfer-linux-ubuntu22_x86_64-7.3.2-20220804-6354275
Linux dna065 5.14.0-427.37.1.el9_4.x86_64 #1 SMP PREEMPT_DYNAMIC Fri Sep 13 12:41:50 EDT 2024 x86_64 x86_64 x86_64 GNU/Linux
cputime      unlimited
filesize     unlimited
datasize     unlimited
stacksize    8192 kbytes
coredumpsize 0 kbytes
memoryuse    67108864 kbytes
vmemoryuse   unlimited
descriptors  1024 
memorylocked unlimited
maxproc      2061970 
maxlocks     unlimited
maxsignal    2062029 
maxmessage   819200 
maxnice      0 
maxrtprio    0 
maxrttime    unlimited

               total        used        free      shared  buff/cache   available
Mem:           503Gi        59Gi       394Gi        11Gi        49Gi       429Gi
Swap:             0B          0B          0B

########################################
program versions used
7.3.2 (freesurfer-linux-ubuntu22_x86_64-7.3.2-20220804-6354275)
7.3.2

ProgramName: lta_convert  ProgramArguments: lta_convert -all-info  ProgramVersion: 7.3.2  TimeStamp: 2026/03/12-17:29:44-GMT  BuildTime: Aug  4 2022 06:17:15  BuildStamp: freesurfer-linux-ubuntu22_x86_64-7.3.2-20220804-6354275  User: oesteban  Machine: dna065  Platform: Linux  PlatformVersion: 5.14.0-427.37.1.el9_4.x86_64  CompilerName: GCC  CompilerVersion: 8.4.0
ProgramName: mri_and  ProgramArguments: mri_and -all-info  ProgramVersion: 7.3.2  TimeStamp: 2026/03/12-17:29:44-GMT  BuildTime: Aug  4 2022 06:17:15  BuildStamp: freesurfer-linux-ubuntu22_x86_64-7.3.2-20220804-6354275  User: oesteban  Machine: dna065  Platform: Linux  PlatformVersion: 5.14.0-427.37.1.el9_4.x86_64  CompilerName: GCC  CompilerVersion: 8.4.0
ProgramName: mri_annotation2label  ProgramArguments: mri_annotation2label -all-info  ProgramVersion: 7.3.2  TimeStamp: 2026/03/12-17:29:44-GMT  BuildTime: Aug  4 2022 06:17:15  BuildStamp: freesurfer-linux-ubuntu22_x86_64-7.3.2-20220804-6354275  User: oesteban  Machine: dna065  Platform: Linux  PlatformVersion: 5.14.0-427.37.1.el9_4.x86_64  CompilerName: GCC  CompilerVersion: 8.4.0
ProgramName: mri_aparc2aseg  ProgramArguments: mri_aparc2aseg -all-info  ProgramVersion: 7.3.2  TimeStamp: 2026/03/12-17:29:44-GMT  BuildTime: Aug  4 2022 06:17:15  BuildStamp: freesurfer-linux-ubuntu22_x86_64-7.3.2-20220804-6354275  User: oesteban  Machine: dna065  Platform: Linux  PlatformVersion: 5.14.0-427.37.1.el9_4.x86_64  CompilerName: GCC  CompilerVersion: 8.4.0
ProgramName: mri_surf2volseg  ProgramArguments: mri_surf2volseg -all-info  ProgramVersion: 7.3.2  TimeStamp: 2026/03/12-17:29:44-GMT  BuildTime: Aug  4 2022 06:17:15  BuildStamp: freesurfer-linux-ubuntu22_x86_64-7.3.2-20220804-6354275  User: oesteban  Machine: dna065  Platform: Linux  PlatformVersion: 5.14.0-427.37.1.el9_4.x86_64  CompilerName: GCC  CompilerVersion: 8.4.0
ProgramName: mri_binarize  ProgramArguments: mri_binarize -all-info  ProgramVersion: 7.3.2  TimeStamp: 2026/03/12-17:29:44-GMT  BuildTime: Aug  4 2022 06:17:15  BuildStamp: freesurfer-linux-ubuntu22_x86_64-7.3.2-20220804-6354275  User: oesteban  Machine: dna065  Platform: Linux  PlatformVersion: 5.14.0-427.37.1.el9_4.x86_64  CompilerName: GCC  CompilerVersion: 8.4.0
ProgramName: mri_ca_label  ProgramArguments: mri_ca_label -all-info  ProgramVersion: 7.3.2  TimeStamp: 2026/03/12-17:29:44-GMT  BuildTime: Aug  4 2022 06:17:15  BuildStamp: freesurfer-linux-ubuntu22_x86_64-7.3.2-20220804-6354275  User: oesteban  Machine: dna065  Platform: Linux  PlatformVersion: 5.14.0-427.37.1.el9_4.x86_64  CompilerName: GCC  CompilerVersion: 8.4.0
ProgramName: mri_ca_normalize  ProgramArguments: mri_ca_normalize -all-info  ProgramVersion: 7.3.2  TimeStamp: 2026/03/12-17:29:44-GMT  BuildTime: Aug  4 2022 06:17:15  BuildStamp: freesurfer-linux-ubuntu22_x86_64-7.3.2-20220804-6354275  User: oesteban  Machine: dna065  Platform: Linux  PlatformVersion: 5.14.0-427.37.1.el9_4.x86_64  CompilerName: GCC  CompilerVersion: 8.4.0
ProgramName: mri_ca_register  ProgramArguments: mri_ca_register -all-info  ProgramVersion: 7.3.2  TimeStamp: 2026/03/12-17:29:44-GMT  BuildTime: Aug  4 2022 06:17:15  BuildStamp: freesurfer-linux-ubuntu22_x86_64-7.3.2-20220804-6354275  User: oesteban  Machine: dna065  Platform: Linux  PlatformVersion: 5.14.0-427.37.1.el9_4.x86_64  CompilerName: GCC  CompilerVersion: 8.4.0
ProgramName: mri_cc  ProgramArguments: mri_cc -all-info  ProgramVersion: 7.3.2  TimeStamp: 2026/03/12-17:29:44-GMT  BuildTime: Aug  4 2022 06:17:15  BuildStamp: freesurfer-linux-ubuntu22_x86_64-7.3.2-20220804-6354275  User: oesteban  Machine: dna065  Platform: Linux  PlatformVersion: 5.14.0-427.37.1.el9_4.x86_64  CompilerName: GCC  CompilerVersion: 8.4.0
ProgramName: mri_compute_overlap  ProgramArguments: mri_compute_overlap -all-info  ProgramVersion: 7.3.2  TimeStamp: 2026/03/12-17:29:44-GMT  BuildTime: Aug  4 2022 06:17:15  BuildStamp: freesurfer-linux-ubuntu22_x86_64-7.3.2-20220804-6354275  User: oesteban  Machine: dna065  Platform: Linux  PlatformVersion: 5.14.0-427.37.1.el9_4.x86_64  CompilerName: GCC  CompilerVersion: 8.4.0
ProgramName: mri_compute_seg_overlap  ProgramArguments: mri_compute_seg_overlap -all-info  ProgramVersion: 7.3.2  TimeStamp: 2026/03/12-17:29:44-GMT  BuildTime: Aug  4 2022 06:17:15  BuildStamp: freesurfer-linux-ubuntu22_x86_64-7.3.2-20220804-6354275  User: oesteban  Machine: dna065  Platform: Linux  PlatformVersion: 5.14.0-427.37.1.el9_4.x86_64  CompilerName: GCC  CompilerVersion: 8.4.0
ProgramName: mri_concat  ProgramArguments: mri_concat -all-info  ProgramVersion: 7.3.2  TimeStamp: 2026/03/12-17:29:44-GMT  BuildTime: Aug  4 2022 06:17:15  BuildStamp: freesurfer-linux-ubuntu22_x86_64-7.3.2-20220804-6354275  User: oesteban  Machine: dna065  Platform: Linux  PlatformVersion: 5.14.0-427.37.1.el9_4.x86_64  CompilerName: GCC  CompilerVersion: 8.4.0
ProgramName: mri_concatenate_lta  ProgramArguments: mri_concatenate_lta -all-info  ProgramVersion: 7.3.2  TimeStamp: 2026/03/12-17:29:44-GMT  BuildTime: Aug  4 2022 06:17:15  BuildStamp: freesurfer-linux-ubuntu22_x86_64-7.3.2-20220804-6354275  User: oesteban  Machine: dna065  Platform: Linux  PlatformVersion: 5.14.0-427.37.1.el9_4.x86_64  CompilerName: GCC  CompilerVersion: 8.4.0
mri_convert -all-info 
ProgramName: mri_convert  ProgramArguments: mri_convert -all-info  ProgramVersion: 7.3.2  TimeStamp: 2026/03/12-17:29:44-GMT  BuildTime: Aug  4 2022 06:17:15  BuildStamp: freesurfer-linux-ubuntu22_x86_64-7.3.2-20220804-6354275  User: oesteban  Machine: dna065  Platform: Linux  PlatformVersion: 5.14.0-427.37.1.el9_4.x86_64  CompilerName: GCC  CompilerVersion: 8.4.0
ProgramName: mri_diff  ProgramArguments: mri_diff -all-info  ProgramVersion: 7.3.2  TimeStamp: 2026/03/12-17:29:44-GMT  BuildTime: Aug  4 2022 06:17:15  BuildStamp: freesurfer-linux-ubuntu22_x86_64-7.3.2-20220804-6354275  User: oesteban  Machine: dna065  Platform: Linux  PlatformVersion: 5.14.0-427.37.1.el9_4.x86_64  CompilerName: GCC  CompilerVersion: 8.4.0
ProgramName: mri_edit_wm_with_aseg  ProgramArguments: mri_edit_wm_with_aseg -all-info  ProgramVersion: 7.3.2  TimeStamp: 2026/03/12-17:29:44-GMT  BuildTime: Aug  4 2022 06:17:15  BuildStamp: freesurfer-linux-ubuntu22_x86_64-7.3.2-20220804-6354275  User: oesteban  Machine: dna065  Platform: Linux  PlatformVersion: 5.14.0-427.37.1.el9_4.x86_64  CompilerName: GCC  CompilerVersion: 8.4.0
ProgramName: mri_em_register  ProgramArguments: mri_em_register -all-info  ProgramVersion: 7.3.2  TimeStamp: 2026/03/12-17:29:44-GMT  BuildTime: Aug  4 2022 06:17:15  BuildStamp: freesurfer-linux-ubuntu22_x86_64-7.3.2-20220804-6354275  User: oesteban  Machine: dna065  Platform: Linux  PlatformVersion: 5.14.0-427.37.1.el9_4.x86_64  CompilerName: GCC  CompilerVersion: 8.4.0
ProgramName: mri_fill  ProgramArguments: mri_fill -all-info  ProgramVersion: 7.3.2  TimeStamp: 2026/03/12-17:29:44-GMT  BuildTime: Aug  4 2022 06:17:15  BuildStamp: freesurfer-linux-ubuntu22_x86_64-7.3.2-20220804-6354275  User: oesteban  Machine: dna065  Platform: Linux  PlatformVersion: 5.14.0-427.37.1.el9_4.x86_64  CompilerName: GCC  CompilerVersion: 8.4.0
ProgramName: mri_fuse_segmentations  ProgramArguments: mri_fuse_segmentations -all-info  ProgramVersion: 7.3.2  TimeStamp: 2026/03/12-17:29:44-GMT  BuildTime: Aug  4 2022 06:17:15  BuildStamp: freesurfer-linux-ubuntu22_x86_64-7.3.2-20220804-6354275  User: oesteban  Machine: dna065  Platform: Linux  PlatformVersion: 5.14.0-427.37.1.el9_4.x86_64  CompilerName: GCC  CompilerVersion: 8.4.0
ProgramName: mri_fwhm  ProgramArguments: mri_fwhm -all-info  ProgramVersion: 7.3.2  TimeStamp: 2026/03/12-17:29:44-GMT  BuildTime: Aug  4 2022 06:17:15  BuildStamp: freesurfer-linux-ubuntu22_x86_64-7.3.2-20220804-6354275  User: oesteban  Machine: dna065  Platform: Linux  PlatformVersion: 5.14.0-427.37.1.el9_4.x86_64  CompilerName: GCC  CompilerVersion: 8.4.0
ProgramName: mri_gcut  ProgramArguments: mri_gcut -all-info  ProgramVersion: 7.3.2  TimeStamp: 2026/03/12-17:29:44-GMT  BuildTime: Aug  4 2022 06:17:15  BuildStamp: freesurfer-linux-ubuntu22_x86_64-7.3.2-20220804-6354275  User: oesteban  Machine: dna065  Platform: Linux  PlatformVersion: 5.14.0-427.37.1.el9_4.x86_64  CompilerName: GCC  CompilerVersion: 8.4.0
ProgramName: mri_info  ProgramArguments: mri_info -all-info  ProgramVersion: 7.3.2  TimeStamp: 2026/03/12-17:29:44-GMT  BuildTime: Aug  4 2022 06:17:15  BuildStamp: freesurfer-linux-ubuntu22_x86_64-7.3.2-20220804-6354275  User: oesteban  Machine: dna065  Platform: Linux  PlatformVersion: 5.14.0-427.37.1.el9_4.x86_64  CompilerName: GCC  CompilerVersion: 8.4.0
ProgramName: mri_label2label  ProgramArguments: mri_label2label -all-info  ProgramVersion: 7.3.2  TimeStamp: 2026/03/12-17:29:44-GMT  BuildTime: Aug  4 2022 06:17:15  BuildStamp: freesurfer-linux-ubuntu22_x86_64-7.3.2-20220804-6354275  User: oesteban  Machine: dna065  Platform: Linux  PlatformVersion: 5.14.0-427.37.1.el9_4.x86_64  CompilerName: GCC  CompilerVersion: 8.4.0
ProgramName: mri_label2vol  ProgramArguments: mri_label2vol -all-info  ProgramVersion: 7.3.2  TimeStamp: 2026/03/12-17:29:44-GMT  BuildTime: Aug  4 2022 06:17:15  BuildStamp: freesurfer-linux-ubuntu22_x86_64-7.3.2-20220804-6354275  User: oesteban  Machine: dna065  Platform: Linux  PlatformVersion: 5.14.0-427.37.1.el9_4.x86_64  CompilerName: GCC  CompilerVersion: 8.4.0
ProgramName: mri_log_likelihood  ProgramArguments: mri_log_likelihood -all-info  ProgramVersion: 7.3.2  TimeStamp: 2026/03/12-17:29:44-GMT  BuildTime: Aug  4 2022 06:17:15  BuildStamp: freesurfer-linux-ubuntu22_x86_64-7.3.2-20220804-6354275  User: oesteban  Machine: dna065  Platform: Linux  PlatformVersion: 5.14.0-427.37.1.el9_4.x86_64  CompilerName: GCC  CompilerVersion: 8.4.0
ProgramName: mri_mask  ProgramArguments: mri_mask -all-info  ProgramVersion: 7.3.2  TimeStamp: 2026/03/12-17:29:44-GMT  BuildTime: Aug  4 2022 06:17:15  BuildStamp: freesurfer-linux-ubuntu22_x86_64-7.3.2-20220804-6354275  User: oesteban  Machine: dna065  Platform: Linux  PlatformVersion: 5.14.0-427.37.1.el9_4.x86_64  CompilerName: GCC  CompilerVersion: 8.4.0
ProgramName: mri_matrix_multiply  ProgramArguments: mri_matrix_multiply -all-info  ProgramVersion: 7.3.2  TimeStamp: 2026/03/12-17:29:44-GMT  BuildTime: Aug  4 2022 06:17:15  BuildStamp: freesurfer-linux-ubuntu22_x86_64-7.3.2-20220804-6354275  User: oesteban  Machine: dna065  Platform: Linux  PlatformVersion: 5.14.0-427.37.1.el9_4.x86_64  CompilerName: GCC  CompilerVersion: 8.4.0
ProgramName: mri_normalize  ProgramArguments: mri_normalize -all-info  ProgramVersion: 7.3.2  TimeStamp: 2026/03/12-17:29:44-GMT  BuildTime: Aug  4 2022 06:17:15  BuildStamp: freesurfer-linux-ubuntu22_x86_64-7.3.2-20220804-6354275  User: oesteban  Machine: dna065  Platform: Linux  PlatformVersion: 5.14.0-427.37.1.el9_4.x86_64  CompilerName: GCC  CompilerVersion: 8.4.0
ProgramName: mri_normalize_tp2  ProgramArguments: mri_normalize_tp2 -all-info  ProgramVersion: 7.3.2  TimeStamp: 2026/03/12-17:29:44-GMT  BuildTime: Aug  4 2022 06:17:15  BuildStamp: freesurfer-linux-ubuntu22_x86_64-7.3.2-20220804-6354275  User: oesteban  Machine: dna065  Platform: Linux  PlatformVersion: 5.14.0-427.37.1.el9_4.x86_64  CompilerName: GCC  CompilerVersion: 8.4.0
ProgramName: mri_or  ProgramArguments: mri_or -all-info  ProgramVersion: 7.3.2  TimeStamp: 2026/03/12-17:29:44-GMT  BuildTime: Aug  4 2022 06:17:15  BuildStamp: freesurfer-linux-ubuntu22_x86_64-7.3.2-20220804-6354275  User: oesteban  Machine: dna065  Platform: Linux  PlatformVersion: 5.14.0-427.37.1.el9_4.x86_64  CompilerName: GCC  CompilerVersion: 8.4.0
ProgramName: mri_relabel_hypointensities  ProgramArguments: mri_relabel_hypointensities -all-info  ProgramVersion: 7.3.2  TimeStamp: 2026/03/12-17:29:44-GMT  BuildTime: Aug  4 2022 06:17:15  BuildStamp: freesurfer-linux-ubuntu22_x86_64-7.3.2-20220804-6354275  User: oesteban  Machine: dna065  Platform: Linux  PlatformVersion: 5.14.0-427.37.1.el9_4.x86_64  CompilerName: GCC  CompilerVersion: 8.4.0
ProgramName: mri_relabel_nonwm_hypos  ProgramArguments: mri_relabel_nonwm_hypos -all-info  ProgramVersion: 7.3.2  TimeStamp: 2026/03/12-17:29:44-GMT  BuildTime: Aug  4 2022 06:17:15  BuildStamp: freesurfer-linux-ubuntu22_x86_64-7.3.2-20220804-6354275  User: oesteban  Machine: dna065  Platform: Linux  PlatformVersion: 5.14.0-427.37.1.el9_4.x86_64  CompilerName: GCC  CompilerVersion: 8.4.0
ProgramName: mri_remove_neck  ProgramArguments: mri_remove_neck -all-info  ProgramVersion: 7.3.2  TimeStamp: 2026/03/12-17:29:44-GMT  BuildTime: Aug  4 2022 06:17:15  BuildStamp: freesurfer-linux-ubuntu22_x86_64-7.3.2-20220804-6354275  User: oesteban  Machine: dna065  Platform: Linux  PlatformVersion: 5.14.0-427.37.1.el9_4.x86_64  CompilerName: GCC  CompilerVersion: 8.4.0
7.3.2

ProgramName: mri_robust_register  ProgramArguments: mri_robust_register -all-info  ProgramVersion: 7.3.2  TimeStamp: 2026/03/12-17:29:44-GMT  BuildTime: Aug  4 2022 06:17:15  BuildStamp: freesurfer-linux-ubuntu22_x86_64-7.3.2-20220804-6354275  User: oesteban  Machine: dna065  Platform: Linux  PlatformVersion: 5.14.0-427.37.1.el9_4.x86_64  CompilerName: GCC  CompilerVersion: 8.4.0
7.3.2

ProgramName: mri_robust_template  ProgramArguments: mri_robust_template -all-info  ProgramVersion: 7.3.2  TimeStamp: 2026/03/12-17:29:44-GMT  BuildTime: Aug  4 2022 06:17:15  BuildStamp: freesurfer-linux-ubuntu22_x86_64-7.3.2-20220804-6354275  User: oesteban  Machine: dna065  Platform: Linux  PlatformVersion: 5.14.0-427.37.1.el9_4.x86_64  CompilerName: GCC  CompilerVersion: 8.4.0
ProgramName: mris_anatomical_stats  ProgramArguments: mris_anatomical_stats -all-info  ProgramVersion: 7.3.2  TimeStamp: 2026/03/12-17:29:44-GMT  BuildTime: Aug  4 2022 06:17:15  BuildStamp: freesurfer-linux-ubuntu22_x86_64-7.3.2-20220804-6354275  User: oesteban  Machine: dna065  Platform: Linux  PlatformVersion: 5.14.0-427.37.1.el9_4.x86_64  CompilerName: GCC  CompilerVersion: 8.4.0
ProgramName: mris_ca_label  ProgramArguments: mris_ca_label -all-info  ProgramVersion: 7.3.2  TimeStamp: 2026/03/12-17:29:44-GMT  BuildTime: Aug  4 2022 06:17:15  BuildStamp: freesurfer-linux-ubuntu22_x86_64-7.3.2-20220804-6354275  User: oesteban  Machine: dna065  Platform: Linux  PlatformVersion: 5.14.0-427.37.1.el9_4.x86_64  CompilerName: GCC  CompilerVersion: 8.4.0
ProgramName: mris_calc  ProgramArguments: mris_calc -all-info  ProgramVersion: 7.3.2  TimeStamp: 2026/03/12-17:29:44-GMT  BuildTime: Aug  4 2022 06:17:15  BuildStamp: freesurfer-linux-ubuntu22_x86_64-7.3.2-20220804-6354275  User: oesteban  Machine: dna065  Platform: Linux  PlatformVersion: 5.14.0-427.37.1.el9_4.x86_64  CompilerName: GCC  CompilerVersion: 8.4.0
ProgramName: mris_convert  ProgramArguments: mris_convert -all-info  ProgramVersion: 7.3.2  TimeStamp: 2026/03/12-17:29:44-GMT  BuildTime: Aug  4 2022 06:17:15  BuildStamp: freesurfer-linux-ubuntu22_x86_64-7.3.2-20220804-6354275  User: oesteban  Machine: dna065  Platform: Linux  PlatformVersion: 5.14.0-427.37.1.el9_4.x86_64  CompilerName: GCC  CompilerVersion: 8.4.0
ProgramName: mris_curvature  ProgramArguments: mris_curvature -all-info  ProgramVersion: 7.3.2  TimeStamp: 2026/03/12-17:29:44-GMT  BuildTime: Aug  4 2022 06:17:15  BuildStamp: freesurfer-linux-ubuntu22_x86_64-7.3.2-20220804-6354275  User: oesteban  Machine: dna065  Platform: Linux  PlatformVersion: 5.14.0-427.37.1.el9_4.x86_64  CompilerName: GCC  CompilerVersion: 8.4.0
ProgramName: mris_curvature_stats  ProgramArguments: mris_curvature_stats -all-info  ProgramVersion: 7.3.2  TimeStamp: 2026/03/12-17:29:44-GMT  BuildTime: Aug  4 2022 06:17:15  BuildStamp: freesurfer-linux-ubuntu22_x86_64-7.3.2-20220804-6354275  User: oesteban  Machine: dna065  Platform: Linux  PlatformVersion: 5.14.0-427.37.1.el9_4.x86_64  CompilerName: GCC  CompilerVersion: 8.4.0
ProgramName: mris_diff  ProgramArguments: mris_diff -all-info  ProgramVersion: 7.3.2  TimeStamp: 2026/03/12-17:29:44-GMT  BuildTime: Aug  4 2022 06:17:15  BuildStamp: freesurfer-linux-ubuntu22_x86_64-7.3.2-20220804-6354275  User: oesteban  Machine: dna065  Platform: Linux  PlatformVersion: 5.14.0-427.37.1.el9_4.x86_64  CompilerName: GCC  CompilerVersion: 8.4.0
ProgramName: mris_divide_parcellation  ProgramArguments: mris_divide_parcellation -all-info  ProgramVersion: 7.3.2  TimeStamp: 2026/03/12-17:29:44-GMT  BuildTime: Aug  4 2022 06:17:15  BuildStamp: freesurfer-linux-ubuntu22_x86_64-7.3.2-20220804-6354275  User: oesteban  Machine: dna065  Platform: Linux  PlatformVersion: 5.14.0-427.37.1.el9_4.x86_64  CompilerName: GCC  CompilerVersion: 8.4.0
ProgramName: mri_segment  ProgramArguments: mri_segment -all-info  ProgramVersion: 7.3.2  TimeStamp: 2026/03/12-17:29:44-GMT  BuildTime: Aug  4 2022 06:17:15  BuildStamp: freesurfer-linux-ubuntu22_x86_64-7.3.2-20220804-6354275  User: oesteban  Machine: dna065  Platform: Linux  PlatformVersion: 5.14.0-427.37.1.el9_4.x86_64  CompilerName: GCC  CompilerVersion: 8.4.0
ProgramName: mri_segstats  ProgramArguments: mri_segstats -all-info  ProgramVersion: 7.3.2  TimeStamp: 2026/03/12-17:29:44-GMT  BuildTime: Aug  4 2022 06:17:15  BuildStamp: freesurfer-linux-ubuntu22_x86_64-7.3.2-20220804-6354275  User: oesteban  Machine: dna065  Platform: Linux  PlatformVersion: 5.14.0-427.37.1.el9_4.x86_64  CompilerName: GCC  CompilerVersion: 8.4.0
ProgramName: mris_euler_number  ProgramArguments: mris_euler_number -all-info  ProgramVersion: 7.3.2  TimeStamp: 2026/03/12-17:29:44-GMT  BuildTime: Aug  4 2022 06:17:15  BuildStamp: freesurfer-linux-ubuntu22_x86_64-7.3.2-20220804-6354275  User: oesteban  Machine: dna065  Platform: Linux  PlatformVersion: 5.14.0-427.37.1.el9_4.x86_64  CompilerName: GCC  CompilerVersion: 8.4.0
ProgramName: mris_fix_topology  ProgramArguments: mris_fix_topology -all-info  ProgramVersion: 7.3.2  TimeStamp: 2026/03/12-17:29:44-GMT  BuildTime: Aug  4 2022 06:17:15  BuildStamp: freesurfer-linux-ubuntu22_x86_64-7.3.2-20220804-6354275  User: oesteban  Machine: dna065  Platform: Linux  PlatformVersion: 5.14.0-427.37.1.el9_4.x86_64  CompilerName: GCC  CompilerVersion: 8.4.0
ProgramName: mris_topo_fixer  ProgramArguments: mris_topo_fixer -all-info  ProgramVersion: 7.3.2  TimeStamp: 2026/03/12-17:29:44-GMT  BuildTime: Aug  4 2022 06:17:15  BuildStamp: freesurfer-linux-ubuntu22_x86_64-7.3.2-20220804-6354275  User: oesteban  Machine: dna065  Platform: Linux  PlatformVersion: 5.14.0-427.37.1.el9_4.x86_64  CompilerName: GCC  CompilerVersion: 8.4.0
ProgramName: mris_jacobian  ProgramArguments: mris_jacobian -all-info  ProgramVersion: 7.3.2  TimeStamp: 2026/03/12-17:29:44-GMT  BuildTime: Aug  4 2022 06:17:15  BuildStamp: freesurfer-linux-ubuntu22_x86_64-7.3.2-20220804-6354275  User: oesteban  Machine: dna065  Platform: Linux  PlatformVersion: 5.14.0-427.37.1.el9_4.x86_64  CompilerName: GCC  CompilerVersion: 8.4.0
ProgramName: mris_label2annot  ProgramArguments: mris_label2annot -all-info  ProgramVersion: 7.3.2  TimeStamp: 2026/03/12-17:29:44-GMT  BuildTime: Aug  4 2022 06:17:15  BuildStamp: freesurfer-linux-ubuntu22_x86_64-7.3.2-20220804-6354275  User: oesteban  Machine: dna065  Platform: Linux  PlatformVersion: 5.14.0-427.37.1.el9_4.x86_64  CompilerName: GCC  CompilerVersion: 8.4.0
ProgramName: mris_left_right_register  ProgramArguments: mris_left_right_register -all-info  ProgramVersion: 7.3.2  TimeStamp: 2026/03/12-17:29:44-GMT  BuildTime: Aug  4 2022 06:17:15  BuildStamp: freesurfer-linux-ubuntu22_x86_64-7.3.2-20220804-6354275  User: oesteban  Machine: dna065  Platform: Linux  PlatformVersion: 5.14.0-427.37.1.el9_4.x86_64  CompilerName: GCC  CompilerVersion: 8.4.0
ProgramName: mris_place_surface  ProgramArguments: mris_place_surface -all-info  ProgramVersion: 7.3.2  TimeStamp: 2026/03/12-17:29:44-GMT  BuildTime: Aug  4 2022 06:17:15  BuildStamp: freesurfer-linux-ubuntu22_x86_64-7.3.2-20220804-6354275  User: oesteban  Machine: dna065  Platform: Linux  PlatformVersion: 5.14.0-427.37.1.el9_4.x86_64  CompilerName: GCC  CompilerVersion: 8.4.0
ProgramName: mrisp_paint  ProgramArguments: mrisp_paint -all-info  ProgramVersion: 7.3.2  TimeStamp: 2026/03/12-17:29:44-GMT  BuildTime: Aug  4 2022 06:17:15  BuildStamp: freesurfer-linux-ubuntu22_x86_64-7.3.2-20220804-6354275  User: oesteban  Machine: dna065  Platform: Linux  PlatformVersion: 5.14.0-427.37.1.el9_4.x86_64  CompilerName: GCC  CompilerVersion: 8.4.0
ProgramName: mris_register  ProgramArguments: mris_register -all-info  ProgramVersion: 7.3.2  TimeStamp: 2026/03/12-17:29:44-GMT  BuildTime: Aug  4 2022 06:17:15  BuildStamp: freesurfer-linux-ubuntu22_x86_64-7.3.2-20220804-6354275  User: oesteban  Machine: dna065  Platform: Linux  PlatformVersion: 5.14.0-427.37.1.el9_4.x86_64  CompilerName: GCC  CompilerVersion: 8.4.0
ProgramName: mris_smooth  ProgramArguments: mris_smooth -all-info  ProgramVersion: 7.3.2  TimeStamp: 2026/03/12-17:29:44-GMT  BuildTime: Aug  4 2022 06:17:15  BuildStamp: freesurfer-linux-ubuntu22_x86_64-7.3.2-20220804-6354275  User: oesteban  Machine: dna065  Platform: Linux  PlatformVersion: 5.14.0-427.37.1.el9_4.x86_64  CompilerName: GCC  CompilerVersion: 8.4.0
ProgramName: mris_sphere  ProgramArguments: mris_sphere -all-info  ProgramVersion: 7.3.2  TimeStamp: 2026/03/12-17:29:44-GMT  BuildTime: Aug  4 2022 06:17:15  BuildStamp: freesurfer-linux-ubuntu22_x86_64-7.3.2-20220804-6354275  User: oesteban  Machine: dna065  Platform: Linux  PlatformVersion: 5.14.0-427.37.1.el9_4.x86_64  CompilerName: GCC  CompilerVersion: 8.4.0
ProgramName: mris_surface_stats  ProgramArguments: mris_surface_stats -all-info  ProgramVersion: 7.3.2  TimeStamp: 2026/03/12-17:29:44-GMT  BuildTime: Aug  4 2022 06:17:15  BuildStamp: freesurfer-linux-ubuntu22_x86_64-7.3.2-20220804-6354275  User: oesteban  Machine: dna065  Platform: Linux  PlatformVersion: 5.14.0-427.37.1.el9_4.x86_64  CompilerName: GCC  CompilerVersion: 8.4.0
ProgramName: mri_stats2seg  ProgramArguments: mri_stats2seg -all-info  ProgramVersion: 7.3.2  TimeStamp: 2026/03/12-17:29:44-GMT  BuildTime: Aug  4 2022 06:17:15  BuildStamp: freesurfer-linux-ubuntu22_x86_64-7.3.2-20220804-6354275  User: oesteban  Machine: dna065  Platform: Linux  PlatformVersion: 5.14.0-427.37.1.el9_4.x86_64  CompilerName: GCC  CompilerVersion: 8.4.0
ProgramName: mris_thickness  ProgramArguments: mris_thickness -all-info  ProgramVersion: 7.3.2  TimeStamp: 2026/03/12-17:29:44-GMT  BuildTime: Aug  4 2022 06:17:15  BuildStamp: freesurfer-linux-ubuntu22_x86_64-7.3.2-20220804-6354275  User: oesteban  Machine: dna065  Platform: Linux  PlatformVersion: 5.14.0-427.37.1.el9_4.x86_64  CompilerName: GCC  CompilerVersion: 8.4.0
ProgramName: mris_thickness_diff  ProgramArguments: mris_thickness_diff -all-info  ProgramVersion: 7.3.2  TimeStamp: 2026/03/12-17:29:44-GMT  BuildTime: Aug  4 2022 06:17:15  BuildStamp: freesurfer-linux-ubuntu22_x86_64-7.3.2-20220804-6354275  User: oesteban  Machine: dna065  Platform: Linux  PlatformVersion: 5.14.0-427.37.1.el9_4.x86_64  CompilerName: GCC  CompilerVersion: 8.4.0
ProgramName: mris_topo_fixer  ProgramArguments: mris_topo_fixer -all-info  ProgramVersion: 7.3.2  TimeStamp: 2026/03/12-17:29:44-GMT  BuildTime: Aug  4 2022 06:17:15  BuildStamp: freesurfer-linux-ubuntu22_x86_64-7.3.2-20220804-6354275  User: oesteban  Machine: dna065  Platform: Linux  PlatformVersion: 5.14.0-427.37.1.el9_4.x86_64  CompilerName: GCC  CompilerVersion: 8.4.0
ProgramName: mri_surf2surf  ProgramArguments: mri_surf2surf -all-info  ProgramVersion: 7.3.2  TimeStamp: 2026/03/12-17:29:44-GMT  BuildTime: Aug  4 2022 06:17:15  BuildStamp: freesurfer-linux-ubuntu22_x86_64-7.3.2-20220804-6354275  User: oesteban  Machine: dna065  Platform: Linux  PlatformVersion: 5.14.0-427.37.1.el9_4.x86_64  CompilerName: GCC  CompilerVersion: 8.4.0
ProgramName: mri_surf2vol  ProgramArguments: mri_surf2vol -all-info  ProgramVersion: 7.3.2  TimeStamp: 2026/03/12-17:29:44-GMT  BuildTime: Aug  4 2022 06:17:15  BuildStamp: freesurfer-linux-ubuntu22_x86_64-7.3.2-20220804-6354275  User: oesteban  Machine: dna065  Platform: Linux  PlatformVersion: 5.14.0-427.37.1.el9_4.x86_64  CompilerName: GCC  CompilerVersion: 8.4.0
ProgramName: mri_surfcluster  ProgramArguments: mri_surfcluster -all-info  ProgramVersion: 7.3.2  TimeStamp: 2026/03/12-17:29:44-GMT  BuildTime: Aug  4 2022 06:17:15  BuildStamp: freesurfer-linux-ubuntu22_x86_64-7.3.2-20220804-6354275  User: oesteban  Machine: dna065  Platform: Linux  PlatformVersion: 5.14.0-427.37.1.el9_4.x86_64  CompilerName: GCC  CompilerVersion: 8.4.0
ProgramName: mris_volmask  ProgramArguments: mris_volmask -all-info  ProgramVersion: 7.3.2  TimeStamp: 2026/03/12-17:29:44-GMT  BuildTime: Aug  4 2022 06:17:15  BuildStamp: freesurfer-linux-ubuntu22_x86_64-7.3.2-20220804-6354275  User: oesteban  Machine: dna065  Platform: Linux  PlatformVersion: 5.14.0-427.37.1.el9_4.x86_64  CompilerName: GCC  CompilerVersion: 8.4.0
ProgramName: mri_tessellate  ProgramArguments: mri_tessellate -all-info  ProgramVersion: 7.3.2  TimeStamp: 2026/03/12-17:29:44-GMT  BuildTime: Aug  4 2022 06:17:15  BuildStamp: freesurfer-linux-ubuntu22_x86_64-7.3.2-20220804-6354275  User: oesteban  Machine: dna065  Platform: Linux  PlatformVersion: 5.14.0-427.37.1.el9_4.x86_64  CompilerName: GCC  CompilerVersion: 8.4.0
ProgramName: mri_vol2surf  ProgramArguments: mri_vol2surf -all-info  ProgramVersion: 7.3.2  TimeStamp: 2026/03/12-17:29:44-GMT  BuildTime: Aug  4 2022 06:17:15  BuildStamp: freesurfer-linux-ubuntu22_x86_64-7.3.2-20220804-6354275  User: oesteban  Machine: dna065  Platform: Linux  PlatformVersion: 5.14.0-427.37.1.el9_4.x86_64  CompilerName: GCC  CompilerVersion: 8.4.0
ProgramName: mri_vol2vol  ProgramArguments: mri_vol2vol -all-info  ProgramVersion: 7.3.2  TimeStamp: 2026/03/12-17:29:44-GMT  BuildTime: Aug  4 2022 06:17:15  BuildStamp: freesurfer-linux-ubuntu22_x86_64-7.3.2-20220804-6354275  User: oesteban  Machine: dna065  Platform: Linux  PlatformVersion: 5.14.0-427.37.1.el9_4.x86_64  CompilerName: GCC  CompilerVersion: 8.4.0
ProgramName: mri_voldiff  ProgramArguments: mri_voldiff -all-info  ProgramVersion: 7.3.2  TimeStamp: 2026/03/12-17:29:44-GMT  BuildTime: Aug  4 2022 06:17:15  BuildStamp: freesurfer-linux-ubuntu22_x86_64-7.3.2-20220804-6354275  User: oesteban  Machine: dna065  Platform: Linux  PlatformVersion: 5.14.0-427.37.1.el9_4.x86_64  CompilerName: GCC  CompilerVersion: 8.4.0
ProgramName: mri_watershed  ProgramArguments: mri_watershed -all-info  ProgramVersion: 7.3.2  TimeStamp: 2026/03/12-17:29:44-GMT  BuildTime: Aug  4 2022 06:17:15  BuildStamp: freesurfer-linux-ubuntu22_x86_64-7.3.2-20220804-6354275  User: oesteban  Machine: dna065  Platform: Linux  PlatformVersion: 5.14.0-427.37.1.el9_4.x86_64  CompilerName: GCC  CompilerVersion: 8.4.0
ProgramName: tkregister2  ProgramArguments: tkregister2_cmdl -all-info  ProgramVersion: 7.3.2  TimeStamp: 2026/03/12-17:29:44-GMT  BuildTime: Aug  4 2022 06:17:15  BuildStamp: freesurfer-linux-ubuntu22_x86_64-7.3.2-20220804-6354275  User: oesteban  Machine: dna065  Platform: Linux  PlatformVersion: 5.14.0-427.37.1.el9_4.x86_64  CompilerName: GCC  CompilerVersion: 8.4.0
mri_motion_correct.fsl 7.3.2
mri_convert -all-info 
ProgramName: mri_convert  ProgramArguments: mri_convert -all-info  ProgramVersion: 7.3.2  TimeStamp: 2026/03/12-17:29:44-GMT  BuildTime: Aug  4 2022 06:17:15  BuildStamp: freesurfer-linux-ubuntu22_x86_64-7.3.2-20220804-6354275  User: oesteban  Machine: dna065  Platform: Linux  PlatformVersion: 5.14.0-427.37.1.el9_4.x86_64  CompilerName: GCC  CompilerVersion: 8.4.0
Program nu_correct, built from:
Package MNI N3, version 1.12.0, compiled by nicks@terrier (x86_64-unknown-linux-gnu) on 2015-06-19 at 01:25:34
#######################################
GCADIR /opt/freesurfer/average
GCA RB_all_2020-01-02.gca
GCASkull RB_all_withskull_2020_01_02.gca
AvgCurvTif folding.atlas.acfb40.noaparc.i12.2016-08-02.tif
GCSDIR /opt/freesurfer/average
GCS DKaparc.atlas.acfb40.noaparc.i12.2016-08-02.gcs
#######################################
#--------------------------------------------
#@# WhiteSurfs lh Thu Mar 12 18:29:44 CET 2026
cd /out/sourcedata/freesurfer/sub-v1s20x0050288_ses-1/mri
mris_place_surface --adgws-in ../surf/autodet.gw.stats.lh.dat --seg aseg.presurf.mgz --threads 16 --wm wm.mgz --invol brain.finalsurfs.mgz --lh --i ../surf/lh.white.preaparc --o ../surf/lh.white --white --nsmooth 0 --rip-label ../label/lh.cortex.label --rip-bg --rip-surf ../surf/lh.white.preaparc --aparc ../label/lh.aparc.annot
   Update not needed
#--------------------------------------------
#@# WhiteSurfs rh Thu Mar 12 18:29:45 CET 2026
cd /out/sourcedata/freesurfer/sub-v1s20x0050288_ses-1/mri
mris_place_surface --adgws-in ../surf/autodet.gw.stats.rh.dat --seg aseg.presurf.mgz --threads 16 --wm wm.mgz --invol brain.finalsurfs.mgz --rh --i ../surf/rh.white.preaparc --o ../surf/rh.white --white --nsmooth 0 --rip-label ../label/rh.cortex.label --rip-bg --rip-surf ../surf/rh.white.preaparc --aparc ../label/rh.aparc.annot
   Update not needed
#@# white curv lh Thu Mar 12 18:29:45 CET 2026
cd /out/sourcedata/freesurfer/sub-v1s20x0050288_ses-1/mri
mris_place_surface --curv-map ../surf/lh.white 2 10 ../surf/lh.curv
   Update not needed
#@# white area lh Thu Mar 12 18:29:45 CET 2026
cd /out/sourcedata/freesurfer/sub-v1s20x0050288_ses-1/mri
mris_place_surface --area-map ../surf/lh.white ../surf/lh.area
   Update not needed
#@# pial curv lh Thu Mar 12 18:29:45 CET 2026
cd /out/sourcedata/freesurfer/sub-v1s20x0050288_ses-1/mri
mris_place_surface --curv-map ../surf/lh.pial 2 10 ../surf/lh.curv.pial
   Update not needed
#@# pial area lh Thu Mar 12 18:29:45 CET 2026
cd /out/sourcedata/freesurfer/sub-v1s20x0050288_ses-1/mri
mris_place_surface --area-map ../surf/lh.pial ../surf/lh.area.pial
   Update not needed
#@# thickness lh Thu Mar 12 18:29:45 CET 2026
cd /out/sourcedata/freesurfer/sub-v1s20x0050288_ses-1/mri
mris_place_surface --thickness ../surf/lh.white ../surf/lh.pial 20 5 ../surf/lh.thickness
   Update not needed
#@# area and vertex vol lh Thu Mar 12 18:29:45 CET 2026
cd /out/sourcedata/freesurfer/sub-v1s20x0050288_ses-1/mri
mris_place_surface --thickness ../surf/lh.white ../surf/lh.pial 20 5 ../surf/lh.thickness
   Update not needed
#@# white curv rh Thu Mar 12 18:29:45 CET 2026
cd /out/sourcedata/freesurfer/sub-v1s20x0050288_ses-1/mri
mris_place_surface --curv-map ../surf/rh.white 2 10 ../surf/rh.curv
   Update not needed
#@# white area rh Thu Mar 12 18:29:45 CET 2026
cd /out/sourcedata/freesurfer/sub-v1s20x0050288_ses-1/mri
mris_place_surface --area-map ../surf/rh.white ../surf/rh.area
   Update not needed
#@# pial curv rh Thu Mar 12 18:29:45 CET 2026
cd /out/sourcedata/freesurfer/sub-v1s20x0050288_ses-1/mri
mris_place_surface --curv-map ../surf/rh.pial 2 10 ../surf/rh.curv.pial
   Update not needed
#@# pial area rh Thu Mar 12 18:29:45 CET 2026
cd /out/sourcedata/freesurfer/sub-v1s20x0050288_ses-1/mri
mris_place_surface --area-map ../surf/rh.pial ../surf/rh.area.pial
   Update not needed
#@# thickness rh Thu Mar 12 18:29:45 CET 2026
cd /out/sourcedata/freesurfer/sub-v1s20x0050288_ses-1/mri
mris_place_surface --thickness ../surf/rh.white ../surf/rh.pial 20 5 ../surf/rh.thickness
   Update not needed
#@# area and vertex vol rh Thu Mar 12 18:29:45 CET 2026
cd /out/sourcedata/freesurfer/sub-v1s20x0050288_ses-1/mri
mris_place_surface --thickness ../surf/rh.white ../surf/rh.pial 20 5 ../surf/rh.thickness
   Update not needed

#-----------------------------------------
#@# Curvature Stats lh Thu Mar 12 18:29:45 CET 2026
/out/sourcedata/freesurfer/sub-v1s20x0050288_ses-1/surf

 mris_curvature_stats -m --writeCurvatureFiles -G -o ../stats/lh.curv.stats -F smoothwm sub-v1s20x0050288_ses-1 lh curv sulc 

             Toggling save flag on curvature files                       [ ok ]
                 Outputting results using filestem   [ ../stats/lh.curv.stats ]
             Toggling save flag on curvature files                       [ ok ]
                                   Setting surface [ sub-v1s20x0050288_ses-1/lh.smoothwm ]
                                Reading surface...                       [ ok ]
                                   Setting texture                     [ curv ]
                                Reading texture...                       [ ok ]
                                   Setting texture                     [ sulc ]
                                Reading texture...Gb_filter = 0
                       [ ok ]
      Calculating Discrete Principal Curvatures...
      Determining geometric order for vno faces... [####################] [ ok ]
                      Determining KH curvatures... [####################] [ ok ]
                    Determining k1k2 curvatures... [####################] [ ok ]
                                   deltaViolations                      [ 272 ]
Gb_filter = 0

WARN:    S lookup   min:                          -0.049486
WARN:    S explicit min:                          0.000000	vertex = 70

#-----------------------------------------
#@# Curvature Stats rh Thu Mar 12 18:29:46 CET 2026
/out/sourcedata/freesurfer/sub-v1s20x0050288_ses-1/surf

 mris_curvature_stats -m --writeCurvatureFiles -G -o ../stats/rh.curv.stats -F smoothwm sub-v1s20x0050288_ses-1 rh curv sulc 

             Toggling save flag on curvature files                       [ ok ]
                 Outputting results using filestem   [ ../stats/rh.curv.stats ]
             Toggling save flag on curvature files                       [ ok ]
                                   Setting surface [ sub-v1s20x0050288_ses-1/rh.smoothwm ]
                                Reading surface...                       [ ok ]
                                   Setting texture                     [ curv ]
                                Reading texture...                       [ ok ]
                                   Setting texture                     [ sulc ]
                                Reading texture...Gb_filter = 0
                       [ ok ]
      Calculating Discrete Principal Curvatures...
      Determining geometric order for vno faces... [####################] [ ok ]
                      Determining KH curvatures... [####################] [ ok ]
                    Determining k1k2 curvatures... [####################] [ ok ]
                                   deltaViolations                      [ 225 ]
Gb_filter = 0

WARN:    S lookup   min:                          -0.012557
WARN:    S explicit min:                          0.000000	vertex = 984
#-----------------------------------------
#@# Relabel Hypointensities Thu Mar 12 18:29:48 CET 2026
/out/sourcedata/freesurfer/sub-v1s20x0050288_ses-1/mri

 mri_relabel_hypointensities aseg.presurf.mgz ../surf aseg.presurf.hypos.mgz 

reading input surface ../surf/lh.white...
relabeling lh hypointensities...
2732 voxels changed to hypointensity...
reading input surface ../surf/rh.white...
relabeling rh hypointensities...
3981 voxels changed to hypointensity...
6883 hypointense voxels neighboring cortex changed
#-----------------------------------------
#@# APas-to-ASeg Thu Mar 12 18:29:59 CET 2026
/out/sourcedata/freesurfer/sub-v1s20x0050288_ses-1/mri

 mri_surf2volseg --o aseg.mgz --i aseg.presurf.hypos.mgz --fix-presurf-with-ribbon /out/sourcedata/freesurfer/sub-v1s20x0050288_ses-1/mri/ribbon.mgz --threads 16 --lh-cortex-mask /out/sourcedata/freesurfer/sub-v1s20x0050288_ses-1/label/lh.cortex.label --lh-white /out/sourcedata/freesurfer/sub-v1s20x0050288_ses-1/surf/lh.white --lh-pial /out/sourcedata/freesurfer/sub-v1s20x0050288_ses-1/surf/lh.pial --rh-cortex-mask /out/sourcedata/freesurfer/sub-v1s20x0050288_ses-1/label/rh.cortex.label --rh-white /out/sourcedata/freesurfer/sub-v1s20x0050288_ses-1/surf/rh.white --rh-pial /out/sourcedata/freesurfer/sub-v1s20x0050288_ses-1/surf/rh.pial 

SUBJECTS_DIR /out/sourcedata/freesurfer
outvol aseg.mgz
16 avail.processors, using 16
Loading aseg.presurf.hypos.mgz
Loading /out/sourcedata/freesurfer/sub-v1s20x0050288_ses-1/mri/ribbon.mgz
Loading /out/sourcedata/freesurfer/sub-v1s20x0050288_ses-1/surf/lh.white
Loading /out/sourcedata/freesurfer/sub-v1s20x0050288_ses-1/surf/lh.pial
Loading /out/sourcedata/freesurfer/sub-v1s20x0050288_ses-1/label/lh.cortex.label
Loading /out/sourcedata/freesurfer/sub-v1s20x0050288_ses-1/surf/rh.white
Loading /out/sourcedata/freesurfer/sub-v1s20x0050288_ses-1/surf/rh.pial
Loading /out/sourcedata/freesurfer/sub-v1s20x0050288_ses-1/label/rh.cortex.label
Done loading
  0 176  64  32 192 128  80 208  96  16 160  48 224 112 240 144  17  49 241 177  50 242  81 129  51 243 178 113  97 225  65   1 193 209  33 161  52  66   2  34  18 210 226 179 
194  53  35   3  19 
211 227  54  82 195 145  36   4  20 212 228  55 180 196 244  98 162   5  21 213 229  56 197 245   6  37  22 214 230  57 246 114 198 130   7  67 181  38  23 215 231 247  58 199 
 83   8  39 
 68  99 
 24 216 248 232 200  59 
 40 146   9  69  25 249 182 163 217 201 233  41  60  10 250  26  70  42 202 218 234  61  11 251  43 100  27 203 183 219 
235  71  62  12 252  44  84  28 204 220  13 253 236  63  72  45 184  29 205  14 221 254 237  46  73  30 185 206 115  15 255 101  47 222 147 238  31 164  74 207  85 223 186 239 
 75 187 102 188  76 116  86 189 148  77 190 131 103 165  87  78 191 149 104 117  79 
 88 105 166 150 118 106  89 107 167 151 119 
132  90 108 168 152 120 109  91 153 169 110 121 133 170 154  92 111 122 171 134 155  93 172 123 135 156 173  94 174 136 124 157 175  95 137 125 158 138 126 159 
139 
127 140 141 142 143 
nrelabeled = 253314
ndotcheck = 0
Starting Surf2VolSeg free
free done
#VMPC# mri_surf2volseg VmPeak  2037776
mri_surf2volseg done

 mri_brainvol_stats sub-v1s20x0050288_ses-1 

ComputeBrainVolumeStats2 VoxelVol=1, KeepCSF=1
  #CBVS2 MaskVol              1448855.0
  #CBVS2 BrainSegVol          1089140.0
  #CBVS2 BrainSegVolNotVent   1065731.0
  #CBVS2 SupraTentVol          952481.0
  #CBVS2 SupraTentVolNotVent   929072.0
  #CBVS2 lhCtxGM               246593.1
  #CBVS2 rhCtxGM               232161.7
  #CBVS2 lhCerebralWM          199226.5
  #CBVS2 rhCerebralWM          196915.5
  #CBVS2 SubCortGMVol           55435.0
  #CBVS2 CerebellumVol         136659.0
  #CBVS2 CerebellumGMVol       112375.0
  #CBVS2 VentChorVol            19085.0
  #CBVS2 3rd4th5thCSF            4324.0
  #CBVS2 AllCSF                 23409.0
  #CBVS2 CCVol                   3445.0
#-----------------------------------------
#@# AParc-to-ASeg aparc Thu Mar 12 18:30:05 CET 2026
/out/sourcedata/freesurfer/sub-v1s20x0050288_ses-1/mri

 mri_surf2volseg --o aparc+aseg.mgz --label-cortex --i aseg.mgz --threads 16 --lh-annot /out/sourcedata/freesurfer/sub-v1s20x0050288_ses-1/label/lh.aparc.annot 1000 --lh-cortex-mask /out/sourcedata/freesurfer/sub-v1s20x0050288_ses-1/label/lh.cortex.label --lh-white /out/sourcedata/freesurfer/sub-v1s20x0050288_ses-1/surf/lh.white --lh-pial /out/sourcedata/freesurfer/sub-v1s20x0050288_ses-1/surf/lh.pial --rh-annot /out/sourcedata/freesurfer/sub-v1s20x0050288_ses-1/label/rh.aparc.annot 2000 --rh-cortex-mask /out/sourcedata/freesurfer/sub-v1s20x0050288_ses-1/label/rh.cortex.label --rh-white /out/sourcedata/freesurfer/sub-v1s20x0050288_ses-1/surf/rh.white --rh-pial /out/sourcedata/freesurfer/sub-v1s20x0050288_ses-1/surf/rh.pial 

SUBJECTS_DIR /out/sourcedata/freesurfer
outvol aparc+aseg.mgz
16 avail.processors, using 16
Loading aseg.mgz
Loading /out/sourcedata/freesurfer/sub-v1s20x0050288_ses-1/surf/lh.white
Loading /out/sourcedata/freesurfer/sub-v1s20x0050288_ses-1/surf/lh.pial
Loading /out/sourcedata/freesurfer/sub-v1s20x0050288_ses-1/label/lh.cortex.label
Ripping lh vertices labeled not in lh.cortex.label
  ripped 8217 vertices from lh hemi
Loading /out/sourcedata/freesurfer/sub-v1s20x0050288_ses-1/label/lh.aparc.annot
Loading /out/sourcedata/freesurfer/sub-v1s20x0050288_ses-1/surf/rh.white
Loading /out/sourcedata/freesurfer/sub-v1s20x0050288_ses-1/surf/rh.pial
Loading /out/sourcedata/freesurfer/sub-v1s20x0050288_ses-1/label/rh.cortex.label
Ripping rh vertices labeled not in rh.cortex.label
  ripped 7798 vertices from rh hemi
Loading /out/sourcedata/freesurfer/sub-v1s20x0050288_ses-1/label/rh.aparc.annot
Done loading
  0  64  48 112 192 176 240 144  96  32 224 208  80  16 128 160 241  49  17 209   1 225 242   2  50  18 210 226   3  19 
 33  51 211   4 227 243  34  52   5 212 244  35  53   6  20 213 245  54  36   7 214  21  55  37 246   8 215 247 228  22  56 248 216   9 229  23 249  57 217  10 250 230  24 251 218  58  11 231 252  38 219 
 25  12 253 232  39 
220 254 233  13  26 255 221  40 234  14  27 222 235  59 
223  15  28 236  60 237  29  61 238  41  30  62 239 
 42  63  31  43  44  45  46  47  65 193 194 195 196 197 198 199 
200 201 202 203 204 205 206 207  66 129  67 113  81 145  97 161 130  68 114  82 131 146 162  98  69 177 115 132 147  83  70 133 163  99 
116 134  84 148  71 164 117 100 135  85  72 178 149 118 165 101 136  86  73 119 
150 166 102 137 120  87  74 167 151 179 
121 103  88 138  75 168 122 152 104  89  76 123 139 
169 105 153 180 124  90  77 170 140 106 125  78  91 171 141 107 126  79 
154  92 142 108 181 172 127  93 109 143 155 173  94 110  95 182 111 174 156 175 183 157 184 158 185 186 187 159 
188 189 190 191 
nrelabeled = 477480
ndotcheck = 36186
Starting Surf2VolSeg free
free done
#VMPC# mri_surf2volseg VmPeak  1860172
mri_surf2volseg done
#-----------------------------------------
#@# AParc-to-ASeg aparc.a2009s Thu Mar 12 18:30:25 CET 2026
/out/sourcedata/freesurfer/sub-v1s20x0050288_ses-1/mri

 mri_surf2volseg --o aparc.a2009s+aseg.mgz --label-cortex --i aseg.mgz --threads 16 --lh-annot /out/sourcedata/freesurfer/sub-v1s20x0050288_ses-1/label/lh.aparc.a2009s.annot 11100 --lh-cortex-mask /out/sourcedata/freesurfer/sub-v1s20x0050288_ses-1/label/lh.cortex.label --lh-white /out/sourcedata/freesurfer/sub-v1s20x0050288_ses-1/surf/lh.white --lh-pial /out/sourcedata/freesurfer/sub-v1s20x0050288_ses-1/surf/lh.pial --rh-annot /out/sourcedata/freesurfer/sub-v1s20x0050288_ses-1/label/rh.aparc.a2009s.annot 12100 --rh-cortex-mask /out/sourcedata/freesurfer/sub-v1s20x0050288_ses-1/label/rh.cortex.label --rh-white /out/sourcedata/freesurfer/sub-v1s20x0050288_ses-1/surf/rh.white --rh-pial /out/sourcedata/freesurfer/sub-v1s20x0050288_ses-1/surf/rh.pial 

SUBJECTS_DIR /out/sourcedata/freesurfer
outvol aparc.a2009s+aseg.mgz
16 avail.processors, using 16
Loading aseg.mgz
Loading /out/sourcedata/freesurfer/sub-v1s20x0050288_ses-1/surf/lh.white
Loading /out/sourcedata/freesurfer/sub-v1s20x0050288_ses-1/surf/lh.pial
Loading /out/sourcedata/freesurfer/sub-v1s20x0050288_ses-1/label/lh.cortex.label
Ripping lh vertices labeled not in lh.cortex.label
  ripped 8217 vertices from lh hemi
Loading /out/sourcedata/freesurfer/sub-v1s20x0050288_ses-1/label/lh.aparc.a2009s.annot
Loading /out/sourcedata/freesurfer/sub-v1s20x0050288_ses-1/surf/rh.white
Loading /out/sourcedata/freesurfer/sub-v1s20x0050288_ses-1/surf/rh.pial
Loading /out/sourcedata/freesurfer/sub-v1s20x0050288_ses-1/label/rh.cortex.label
Ripping rh vertices labeled not in rh.cortex.label
  ripped 7798 vertices from rh hemi
Loading /out/sourcedata/freesurfer/sub-v1s20x0050288_ses-1/label/rh.aparc.a2009s.annot
Done loading
 16 240 176  96  80 112  32 128  64 208 144  48 160   0 224 192  33 241  49  17   1  34  18 242  50   2  35 243  19 
 51   3  36 244 209 225  52  37   4 245 226 210  38  53   5 246 227  39 
211  54   6  40 247 228  20  55  41 229   7 248  21 230  56  42 249   8 231  22  57  43 250 232   9 212  58  44 251 233  45  10  59 
213 252 234  46  60  11 253 214  47 235  61  23 236 254 215 237  62  24 255  12 216 238  65  63  25  13 239 
217  26  14 218  27  15  28 219 
193  29 220  30 221  31 222 223 194 195 196 197 198 199 
200 201 202 203 204 205 206 207  66 129  67 113  81 130 145  68 161  97 131 114  69 146  82 132  70 177 162 115 147 133  71  98 163  72 116  83 134 148 178  73 117 135  99 
164 149  84  74 179 
118 136 100 150 165  75 119 
 85 180 151 137  76 166 101 181  77  86 152 167 138 120  78 102 153 182 168  87  79 
139 
121 169 154 103 183 140  88 170 155 104 122 184 141  89 171 185 156 142 105 186 123 172 143 157 187  90 188 106 189 158 173 124 190 191  91 107 159 
174 108 125  92 175 109  93 126 110  94 127 111  95 
nrelabeled = 477480
ndotcheck = 36186
Starting Surf2VolSeg free
free done
#VMPC# mri_surf2volseg VmPeak  1860244
mri_surf2volseg done
#-----------------------------------------
#@# AParc-to-ASeg aparc.DKTatlas Thu Mar 12 18:30:44 CET 2026
/out/sourcedata/freesurfer/sub-v1s20x0050288_ses-1/mri

 mri_surf2volseg --o aparc.DKTatlas+aseg.mgz --label-cortex --i aseg.mgz --threads 16 --lh-annot /out/sourcedata/freesurfer/sub-v1s20x0050288_ses-1/label/lh.aparc.DKTatlas.annot 1000 --lh-cortex-mask /out/sourcedata/freesurfer/sub-v1s20x0050288_ses-1/label/lh.cortex.label --lh-white /out/sourcedata/freesurfer/sub-v1s20x0050288_ses-1/surf/lh.white --lh-pial /out/sourcedata/freesurfer/sub-v1s20x0050288_ses-1/surf/lh.pial --rh-annot /out/sourcedata/freesurfer/sub-v1s20x0050288_ses-1/label/rh.aparc.DKTatlas.annot 2000 --rh-cortex-mask /out/sourcedata/freesurfer/sub-v1s20x0050288_ses-1/label/rh.cortex.label --rh-white /out/sourcedata/freesurfer/sub-v1s20x0050288_ses-1/surf/rh.white --rh-pial /out/sourcedata/freesurfer/sub-v1s20x0050288_ses-1/surf/rh.pial 

SUBJECTS_DIR /out/sourcedata/freesurfer
outvol aparc.DKTatlas+aseg.mgz
16 avail.processors, using 16
Loading aseg.mgz
Loading /out/sourcedata/freesurfer/sub-v1s20x0050288_ses-1/surf/lh.white
Loading /out/sourcedata/freesurfer/sub-v1s20x0050288_ses-1/surf/lh.pial
Loading /out/sourcedata/freesurfer/sub-v1s20x0050288_ses-1/label/lh.cortex.label
Ripping lh vertices labeled not in lh.cortex.label
  ripped 8217 vertices from lh hemi
Loading /out/sourcedata/freesurfer/sub-v1s20x0050288_ses-1/label/lh.aparc.DKTatlas.annot
Loading /out/sourcedata/freesurfer/sub-v1s20x0050288_ses-1/surf/rh.white
Loading /out/sourcedata/freesurfer/sub-v1s20x0050288_ses-1/surf/rh.pial
Loading /out/sourcedata/freesurfer/sub-v1s20x0050288_ses-1/label/rh.cortex.label
Ripping rh vertices labeled not in rh.cortex.label
  ripped 7798 vertices from rh hemi
Loading /out/sourcedata/freesurfer/sub-v1s20x0050288_ses-1/label/rh.aparc.DKTatlas.annot
Done loading
  0 208 128 224 240  16 112  80 144  64  32 192  96 176  48 160 241  49   1 209  17 225  33 242 210  34   2  50  18 226 243  35  51   3  19 
211 244 227 245  36  52  20   4 228 246 212  37  53  21   5 229 247  38 213  22  54 230 248   6  39 
249 214  23  40  55 231   7 250  24  41  56 215   8 232 251  42  25 252  57   9 216 233 253  43  58  26 254  10 217 234  44 255  59 
 27  11  45 218 235  60  28  12  46  61 219 
236  29  13  47  62 237 220  30  14  63  65 238  31  15 221 239 
222 223 193 194 195 196 197 198 199 
200 201 202 203 204 205 206 207  66 129 145  67 130 113  81  68 131  97 146 161  69 177 132 114  82 147  98  70 133 178 162 115  83  71 134 148  99 
 84 163 135 179 
 72 149 116 100  85 164 136 150  86  73 117 180 101 165 151 137  87 118  74 152 166 181 102 138  88 153 167 119 
 89 139 
103  75 182 154 168  90 104 120 140  76 169  91 155 183 121 141 105  92 170 156 142  77 122  93 106 184 171 143 157  94 107  78 123 185  95 158 172 108  79 
186 124 109 159 
173 187 188 110 125 174 189 190 111 191 126 175 127 
nrelabeled = 477480
ndotcheck = 36186
Starting Surf2VolSeg free
free done
#VMPC# mri_surf2volseg VmPeak  1860160
mri_surf2volseg done
#-----------------------------------------
#@# WMParc Thu Mar 12 18:31:03 CET 2026
/out/sourcedata/freesurfer/sub-v1s20x0050288_ses-1/mri

 mri_surf2volseg --o wmparc.mgz --label-wm --i aparc+aseg.mgz --threads 16 --lh-annot /out/sourcedata/freesurfer/sub-v1s20x0050288_ses-1/label/lh.aparc.annot 3000 --lh-cortex-mask /out/sourcedata/freesurfer/sub-v1s20x0050288_ses-1/label/lh.cortex.label --lh-white /out/sourcedata/freesurfer/sub-v1s20x0050288_ses-1/surf/lh.white --lh-pial /out/sourcedata/freesurfer/sub-v1s20x0050288_ses-1/surf/lh.pial --rh-annot /out/sourcedata/freesurfer/sub-v1s20x0050288_ses-1/label/rh.aparc.annot 4000 --rh-cortex-mask /out/sourcedata/freesurfer/sub-v1s20x0050288_ses-1/label/rh.cortex.label --rh-white /out/sourcedata/freesurfer/sub-v1s20x0050288_ses-1/surf/rh.white --rh-pial /out/sourcedata/freesurfer/sub-v1s20x0050288_ses-1/surf/rh.pial 

SUBJECTS_DIR /out/sourcedata/freesurfer
outvol wmparc.mgz
16 avail.processors, using 16
Loading aparc+aseg.mgz
Loading /out/sourcedata/freesurfer/sub-v1s20x0050288_ses-1/surf/lh.white
Loading /out/sourcedata/freesurfer/sub-v1s20x0050288_ses-1/surf/lh.pial
Loading /out/sourcedata/freesurfer/sub-v1s20x0050288_ses-1/label/lh.cortex.label
Ripping lh vertices labeled not in lh.cortex.label
  ripped 8217 vertices from lh hemi
Loading /out/sourcedata/freesurfer/sub-v1s20x0050288_ses-1/label/lh.aparc.annot
Loading /out/sourcedata/freesurfer/sub-v1s20x0050288_ses-1/surf/rh.white
Loading /out/sourcedata/freesurfer/sub-v1s20x0050288_ses-1/surf/rh.pial
Loading /out/sourcedata/freesurfer/sub-v1s20x0050288_ses-1/label/rh.cortex.label
Ripping rh vertices labeled not in rh.cortex.label
  ripped 7798 vertices from rh hemi
Loading /out/sourcedata/freesurfer/sub-v1s20x0050288_ses-1/label/rh.aparc.annot
Done loading
 80  16 176 160  48  32 208   0  64 128 240 192 112  96 224 144 193 225  17 241  33  65 209  49  34 226  18 194 210  50  66  35  51 195 227  19 
211  52  36 196 228 212   1  53 197  37 229 129 213 242  54 198  38 230 214 243  67 199 
  2  20  39 
231 215 244 200   3  40 232 216 245 201   4  41 233 217  21  55 246 202   5  42 234 218 203  56   6 247  43 204 235   7  57 219 
248  44   8 205 220  58 249  68  45   9 206  59 
221 250  10  46 207  60 222 236 251  11  47 237  22 223 238 252  12  23 239 
253  13  24  14 254  25  15  61 255  26  62  63  27  28  29 130  30  69  31  81 177 131  70  71 132  82  72  97 178 133 161  73 134  83 113 135 179 
 74 136 145  84 180  98  75 137  85 162 181  76 114 182  77  86 138  99 
183 163  78  87 184 146 185 186  79 
139 
187 115 188 189  88 190 191 100 164  89 140 147 165 116 101  90 166 141 117  91 148 167 102 142  92 168 118 149  93 169 103 143 119 
 94 170 150 104 171 120  95 121 172 151 122 105 173 123 124 152 125 174 126 106 127 175 153 107 154 108 155 156 109 157 110 158 111 159 

nrelabeled = 392697
ndotcheck = 4608
Starting Surf2VolSeg free
free done
#VMPC# mri_surf2volseg VmPeak  1860172
mri_surf2volseg done

 mri_segstats --seed 1234 --seg mri/wmparc.mgz --sum stats/wmparc.stats --pv mri/norm.mgz --excludeid 0 --brainmask mri/brainmask.mgz --in mri/norm.mgz --in-intensity-name norm --in-intensity-units MR --subject sub-v1s20x0050288_ses-1 --surf-wm-vol --ctab /opt/freesurfer/WMParcStatsLUT.txt --etiv 

setting seed for random number genererator to 1234

7.3.2
cwd 
cmdline mri_segstats --seed 1234 --seg mri/wmparc.mgz --sum stats/wmparc.stats --pv mri/norm.mgz --excludeid 0 --brainmask mri/brainmask.mgz --in mri/norm.mgz --in-intensity-name norm --in-intensity-units MR --subject sub-v1s20x0050288_ses-1 --surf-wm-vol --ctab /opt/freesurfer/WMParcStatsLUT.txt --etiv 
sysname  Linux
hostname dna065
machine  x86_64
user     oesteban
whitesurfname  white
UseRobust  0
atlas_icv (eTIV) = 1480952 mm^3    (det: 1.315441 )
Loading mri/wmparc.mgz
Getting Brain Volume Statistics
Loading mri/norm.mgz
Loading mri/norm.mgz
Voxel Volume is 1 mm^3
Generating list of segmentation ids
Found 390 segmentations
Computing statistics for each segmentation

Reporting on  70 segmentations
Using PrintSegStat
mri_segstats done
#--------------------------------------------
#@# ASeg Stats Thu Mar 12 18:33:11 CET 2026
/out/sourcedata/freesurfer/sub-v1s20x0050288_ses-1

 mri_segstats --seed 1234 --seg mri/aseg.mgz --sum stats/aseg.stats --pv mri/norm.mgz --empty --brainmask mri/brainmask.mgz --brain-vol-from-seg --excludeid 0 --excl-ctxgmwm --supratent --subcortgray --in mri/norm.mgz --in-intensity-name norm --in-intensity-units MR --etiv --surf-wm-vol --surf-ctx-vol --totalgray --euler --ctab /opt/freesurfer/ASegStatsLUT.txt --subject sub-v1s20x0050288_ses-1 

setting seed for random number genererator to 1234

7.3.2
cwd 
cmdline mri_segstats --seed 1234 --seg mri/aseg.mgz --sum stats/aseg.stats --pv mri/norm.mgz --empty --brainmask mri/brainmask.mgz --brain-vol-from-seg --excludeid 0 --excl-ctxgmwm --supratent --subcortgray --in mri/norm.mgz --in-intensity-name norm --in-intensity-units MR --etiv --surf-wm-vol --surf-ctx-vol --totalgray --euler --ctab /opt/freesurfer/ASegStatsLUT.txt --subject sub-v1s20x0050288_ses-1 
sysname  Linux
hostname dna065
machine  x86_64
user     oesteban
whitesurfname  white
UseRobust  0
atlas_icv (eTIV) = 1480952 mm^3    (det: 1.315441 )
Computing euler number
orig.nofix lheno = -120, rheno = -164
orig.nofix lhholes =   61, rhholes = 83
Loading mri/aseg.mgz
Getting Brain Volume Statistics
Loading mri/norm.mgz
Loading mri/norm.mgz
Voxel Volume is 1 mm^3
Generating list of segmentation ids
Found  50 segmentations
Computing statistics for each segmentation

Reporting on  45 segmentations
Using PrintSegStat
mri_segstats done

Started at Thu Mar 12 18:29:44 CET 2026 
Ended   at Thu Mar 12 18:33:35 CET 2026
#@#%# recon-all-run-time-hours 0.064
recon-all -s sub-v1s20x0050288_ses-1 finished without error at Thu Mar 12 18:33:35 CET 2026
