
Thu Mar 12 17:12:22 CET 2026
cd /out/sourcedata/freesurfer/sub-v1s20x0050295_ses-1
setenv SUBJECTS_DIR /out/sourcedata/freesurfer
/opt/freesurfer/bin/recon-all -autorecon-hemi lh -noparcstats -noparcstats2 -noparcstats3 -nohyporelabel -nobalabels -lh-only -openmp 16 -subjid sub-v1s20x0050295_ses-1 -sd /out/sourcedata/freesurfer

subjid sub-v1s20x0050295_ses-1
setenv SUBJECTS_DIR /out/sourcedata/freesurfer
FREESURFER_HOME /opt/freesurfer
Actual FREESURFER_HOME /opt/freesurfer
build-stamp.txt: freesurfer-linux-ubuntu22_x86_64-7.3.2-20220804-6354275
Linux dna050 5.14.0-427.37.1.el9_4.x86_64 #1 SMP PREEMPT_DYNAMIC Fri Sep 13 12:41:50 EDT 2024 x86_64 x86_64 x86_64 GNU/Linux
cputime      unlimited
filesize     unlimited
datasize     unlimited
stacksize    8192 kbytes
coredumpsize 0 kbytes
memoryuse    67108864 kbytes
vmemoryuse   unlimited
descriptors  1024 
memorylocked unlimited
maxproc      2061970 
maxlocks     unlimited
maxsignal    2061970 
maxmessage   819200 
maxnice      0 
maxrtprio    0 
maxrttime    unlimited

               total        used        free      shared  buff/cache   available
Mem:           503Gi        50Gi       407Gi        12Gi        45Gi       437Gi
Swap:             0B          0B          0B

########################################
program versions used
7.3.2 (freesurfer-linux-ubuntu22_x86_64-7.3.2-20220804-6354275)
7.3.2

ProgramName: lta_convert  ProgramArguments: lta_convert -all-info  ProgramVersion: 7.3.2  TimeStamp: 2026/03/12-16:12:22-GMT  BuildTime: Aug  4 2022 06:17:15  BuildStamp: freesurfer-linux-ubuntu22_x86_64-7.3.2-20220804-6354275  User: oesteban  Machine: dna050  Platform: Linux  PlatformVersion: 5.14.0-427.37.1.el9_4.x86_64  CompilerName: GCC  CompilerVersion: 8.4.0
ProgramName: mri_and  ProgramArguments: mri_and -all-info  ProgramVersion: 7.3.2  TimeStamp: 2026/03/12-16:12:22-GMT  BuildTime: Aug  4 2022 06:17:15  BuildStamp: freesurfer-linux-ubuntu22_x86_64-7.3.2-20220804-6354275  User: oesteban  Machine: dna050  Platform: Linux  PlatformVersion: 5.14.0-427.37.1.el9_4.x86_64  CompilerName: GCC  CompilerVersion: 8.4.0
ProgramName: mri_annotation2label  ProgramArguments: mri_annotation2label -all-info  ProgramVersion: 7.3.2  TimeStamp: 2026/03/12-16:12:22-GMT  BuildTime: Aug  4 2022 06:17:15  BuildStamp: freesurfer-linux-ubuntu22_x86_64-7.3.2-20220804-6354275  User: oesteban  Machine: dna050  Platform: Linux  PlatformVersion: 5.14.0-427.37.1.el9_4.x86_64  CompilerName: GCC  CompilerVersion: 8.4.0
ProgramName: mri_aparc2aseg  ProgramArguments: mri_aparc2aseg -all-info  ProgramVersion: 7.3.2  TimeStamp: 2026/03/12-16:12:22-GMT  BuildTime: Aug  4 2022 06:17:15  BuildStamp: freesurfer-linux-ubuntu22_x86_64-7.3.2-20220804-6354275  User: oesteban  Machine: dna050  Platform: Linux  PlatformVersion: 5.14.0-427.37.1.el9_4.x86_64  CompilerName: GCC  CompilerVersion: 8.4.0
ProgramName: mri_surf2volseg  ProgramArguments: mri_surf2volseg -all-info  ProgramVersion: 7.3.2  TimeStamp: 2026/03/12-16:12:22-GMT  BuildTime: Aug  4 2022 06:17:15  BuildStamp: freesurfer-linux-ubuntu22_x86_64-7.3.2-20220804-6354275  User: oesteban  Machine: dna050  Platform: Linux  PlatformVersion: 5.14.0-427.37.1.el9_4.x86_64  CompilerName: GCC  CompilerVersion: 8.4.0
ProgramName: mri_binarize  ProgramArguments: mri_binarize -all-info  ProgramVersion: 7.3.2  TimeStamp: 2026/03/12-16:12:22-GMT  BuildTime: Aug  4 2022 06:17:15  BuildStamp: freesurfer-linux-ubuntu22_x86_64-7.3.2-20220804-6354275  User: oesteban  Machine: dna050  Platform: Linux  PlatformVersion: 5.14.0-427.37.1.el9_4.x86_64  CompilerName: GCC  CompilerVersion: 8.4.0
ProgramName: mri_ca_label  ProgramArguments: mri_ca_label -all-info  ProgramVersion: 7.3.2  TimeStamp: 2026/03/12-16:12:22-GMT  BuildTime: Aug  4 2022 06:17:15  BuildStamp: freesurfer-linux-ubuntu22_x86_64-7.3.2-20220804-6354275  User: oesteban  Machine: dna050  Platform: Linux  PlatformVersion: 5.14.0-427.37.1.el9_4.x86_64  CompilerName: GCC  CompilerVersion: 8.4.0
ProgramName: mri_ca_normalize  ProgramArguments: mri_ca_normalize -all-info  ProgramVersion: 7.3.2  TimeStamp: 2026/03/12-16:12:22-GMT  BuildTime: Aug  4 2022 06:17:15  BuildStamp: freesurfer-linux-ubuntu22_x86_64-7.3.2-20220804-6354275  User: oesteban  Machine: dna050  Platform: Linux  PlatformVersion: 5.14.0-427.37.1.el9_4.x86_64  CompilerName: GCC  CompilerVersion: 8.4.0
ProgramName: mri_ca_register  ProgramArguments: mri_ca_register -all-info  ProgramVersion: 7.3.2  TimeStamp: 2026/03/12-16:12:22-GMT  BuildTime: Aug  4 2022 06:17:15  BuildStamp: freesurfer-linux-ubuntu22_x86_64-7.3.2-20220804-6354275  User: oesteban  Machine: dna050  Platform: Linux  PlatformVersion: 5.14.0-427.37.1.el9_4.x86_64  CompilerName: GCC  CompilerVersion: 8.4.0
ProgramName: mri_cc  ProgramArguments: mri_cc -all-info  ProgramVersion: 7.3.2  TimeStamp: 2026/03/12-16:12:22-GMT  BuildTime: Aug  4 2022 06:17:15  BuildStamp: freesurfer-linux-ubuntu22_x86_64-7.3.2-20220804-6354275  User: oesteban  Machine: dna050  Platform: Linux  PlatformVersion: 5.14.0-427.37.1.el9_4.x86_64  CompilerName: GCC  CompilerVersion: 8.4.0
ProgramName: mri_compute_overlap  ProgramArguments: mri_compute_overlap -all-info  ProgramVersion: 7.3.2  TimeStamp: 2026/03/12-16:12:22-GMT  BuildTime: Aug  4 2022 06:17:15  BuildStamp: freesurfer-linux-ubuntu22_x86_64-7.3.2-20220804-6354275  User: oesteban  Machine: dna050  Platform: Linux  PlatformVersion: 5.14.0-427.37.1.el9_4.x86_64  CompilerName: GCC  CompilerVersion: 8.4.0
ProgramName: mri_compute_seg_overlap  ProgramArguments: mri_compute_seg_overlap -all-info  ProgramVersion: 7.3.2  TimeStamp: 2026/03/12-16:12:22-GMT  BuildTime: Aug  4 2022 06:17:15  BuildStamp: freesurfer-linux-ubuntu22_x86_64-7.3.2-20220804-6354275  User: oesteban  Machine: dna050  Platform: Linux  PlatformVersion: 5.14.0-427.37.1.el9_4.x86_64  CompilerName: GCC  CompilerVersion: 8.4.0
ProgramName: mri_concat  ProgramArguments: mri_concat -all-info  ProgramVersion: 7.3.2  TimeStamp: 2026/03/12-16:12:22-GMT  BuildTime: Aug  4 2022 06:17:15  BuildStamp: freesurfer-linux-ubuntu22_x86_64-7.3.2-20220804-6354275  User: oesteban  Machine: dna050  Platform: Linux  PlatformVersion: 5.14.0-427.37.1.el9_4.x86_64  CompilerName: GCC  CompilerVersion: 8.4.0
ProgramName: mri_concatenate_lta  ProgramArguments: mri_concatenate_lta -all-info  ProgramVersion: 7.3.2  TimeStamp: 2026/03/12-16:12:22-GMT  BuildTime: Aug  4 2022 06:17:15  BuildStamp: freesurfer-linux-ubuntu22_x86_64-7.3.2-20220804-6354275  User: oesteban  Machine: dna050  Platform: Linux  PlatformVersion: 5.14.0-427.37.1.el9_4.x86_64  CompilerName: GCC  CompilerVersion: 8.4.0
mri_convert -all-info 
ProgramName: mri_convert  ProgramArguments: mri_convert -all-info  ProgramVersion: 7.3.2  TimeStamp: 2026/03/12-16:12:22-GMT  BuildTime: Aug  4 2022 06:17:15  BuildStamp: freesurfer-linux-ubuntu22_x86_64-7.3.2-20220804-6354275  User: oesteban  Machine: dna050  Platform: Linux  PlatformVersion: 5.14.0-427.37.1.el9_4.x86_64  CompilerName: GCC  CompilerVersion: 8.4.0
ProgramName: mri_diff  ProgramArguments: mri_diff -all-info  ProgramVersion: 7.3.2  TimeStamp: 2026/03/12-16:12:22-GMT  BuildTime: Aug  4 2022 06:17:15  BuildStamp: freesurfer-linux-ubuntu22_x86_64-7.3.2-20220804-6354275  User: oesteban  Machine: dna050  Platform: Linux  PlatformVersion: 5.14.0-427.37.1.el9_4.x86_64  CompilerName: GCC  CompilerVersion: 8.4.0
ProgramName: mri_edit_wm_with_aseg  ProgramArguments: mri_edit_wm_with_aseg -all-info  ProgramVersion: 7.3.2  TimeStamp: 2026/03/12-16:12:22-GMT  BuildTime: Aug  4 2022 06:17:15  BuildStamp: freesurfer-linux-ubuntu22_x86_64-7.3.2-20220804-6354275  User: oesteban  Machine: dna050  Platform: Linux  PlatformVersion: 5.14.0-427.37.1.el9_4.x86_64  CompilerName: GCC  CompilerVersion: 8.4.0
ProgramName: mri_em_register  ProgramArguments: mri_em_register -all-info  ProgramVersion: 7.3.2  TimeStamp: 2026/03/12-16:12:22-GMT  BuildTime: Aug  4 2022 06:17:15  BuildStamp: freesurfer-linux-ubuntu22_x86_64-7.3.2-20220804-6354275  User: oesteban  Machine: dna050  Platform: Linux  PlatformVersion: 5.14.0-427.37.1.el9_4.x86_64  CompilerName: GCC  CompilerVersion: 8.4.0
ProgramName: mri_fill  ProgramArguments: mri_fill -all-info  ProgramVersion: 7.3.2  TimeStamp: 2026/03/12-16:12:22-GMT  BuildTime: Aug  4 2022 06:17:15  BuildStamp: freesurfer-linux-ubuntu22_x86_64-7.3.2-20220804-6354275  User: oesteban  Machine: dna050  Platform: Linux  PlatformVersion: 5.14.0-427.37.1.el9_4.x86_64  CompilerName: GCC  CompilerVersion: 8.4.0
ProgramName: mri_fuse_segmentations  ProgramArguments: mri_fuse_segmentations -all-info  ProgramVersion: 7.3.2  TimeStamp: 2026/03/12-16:12:22-GMT  BuildTime: Aug  4 2022 06:17:15  BuildStamp: freesurfer-linux-ubuntu22_x86_64-7.3.2-20220804-6354275  User: oesteban  Machine: dna050  Platform: Linux  PlatformVersion: 5.14.0-427.37.1.el9_4.x86_64  CompilerName: GCC  CompilerVersion: 8.4.0
ProgramName: mri_fwhm  ProgramArguments: mri_fwhm -all-info  ProgramVersion: 7.3.2  TimeStamp: 2026/03/12-16:12:22-GMT  BuildTime: Aug  4 2022 06:17:15  BuildStamp: freesurfer-linux-ubuntu22_x86_64-7.3.2-20220804-6354275  User: oesteban  Machine: dna050  Platform: Linux  PlatformVersion: 5.14.0-427.37.1.el9_4.x86_64  CompilerName: GCC  CompilerVersion: 8.4.0
ProgramName: mri_gcut  ProgramArguments: mri_gcut -all-info  ProgramVersion: 7.3.2  TimeStamp: 2026/03/12-16:12:22-GMT  BuildTime: Aug  4 2022 06:17:15  BuildStamp: freesurfer-linux-ubuntu22_x86_64-7.3.2-20220804-6354275  User: oesteban  Machine: dna050  Platform: Linux  PlatformVersion: 5.14.0-427.37.1.el9_4.x86_64  CompilerName: GCC  CompilerVersion: 8.4.0
ProgramName: mri_info  ProgramArguments: mri_info -all-info  ProgramVersion: 7.3.2  TimeStamp: 2026/03/12-16:12:22-GMT  BuildTime: Aug  4 2022 06:17:15  BuildStamp: freesurfer-linux-ubuntu22_x86_64-7.3.2-20220804-6354275  User: oesteban  Machine: dna050  Platform: Linux  PlatformVersion: 5.14.0-427.37.1.el9_4.x86_64  CompilerName: GCC  CompilerVersion: 8.4.0
ProgramName: mri_label2label  ProgramArguments: mri_label2label -all-info  ProgramVersion: 7.3.2  TimeStamp: 2026/03/12-16:12:22-GMT  BuildTime: Aug  4 2022 06:17:15  BuildStamp: freesurfer-linux-ubuntu22_x86_64-7.3.2-20220804-6354275  User: oesteban  Machine: dna050  Platform: Linux  PlatformVersion: 5.14.0-427.37.1.el9_4.x86_64  CompilerName: GCC  CompilerVersion: 8.4.0
ProgramName: mri_label2vol  ProgramArguments: mri_label2vol -all-info  ProgramVersion: 7.3.2  TimeStamp: 2026/03/12-16:12:22-GMT  BuildTime: Aug  4 2022 06:17:15  BuildStamp: freesurfer-linux-ubuntu22_x86_64-7.3.2-20220804-6354275  User: oesteban  Machine: dna050  Platform: Linux  PlatformVersion: 5.14.0-427.37.1.el9_4.x86_64  CompilerName: GCC  CompilerVersion: 8.4.0
ProgramName: mri_log_likelihood  ProgramArguments: mri_log_likelihood -all-info  ProgramVersion: 7.3.2  TimeStamp: 2026/03/12-16:12:22-GMT  BuildTime: Aug  4 2022 06:17:15  BuildStamp: freesurfer-linux-ubuntu22_x86_64-7.3.2-20220804-6354275  User: oesteban  Machine: dna050  Platform: Linux  PlatformVersion: 5.14.0-427.37.1.el9_4.x86_64  CompilerName: GCC  CompilerVersion: 8.4.0
ProgramName: mri_mask  ProgramArguments: mri_mask -all-info  ProgramVersion: 7.3.2  TimeStamp: 2026/03/12-16:12:22-GMT  BuildTime: Aug  4 2022 06:17:15  BuildStamp: freesurfer-linux-ubuntu22_x86_64-7.3.2-20220804-6354275  User: oesteban  Machine: dna050  Platform: Linux  PlatformVersion: 5.14.0-427.37.1.el9_4.x86_64  CompilerName: GCC  CompilerVersion: 8.4.0
ProgramName: mri_matrix_multiply  ProgramArguments: mri_matrix_multiply -all-info  ProgramVersion: 7.3.2  TimeStamp: 2026/03/12-16:12:22-GMT  BuildTime: Aug  4 2022 06:17:15  BuildStamp: freesurfer-linux-ubuntu22_x86_64-7.3.2-20220804-6354275  User: oesteban  Machine: dna050  Platform: Linux  PlatformVersion: 5.14.0-427.37.1.el9_4.x86_64  CompilerName: GCC  CompilerVersion: 8.4.0
ProgramName: mri_normalize  ProgramArguments: mri_normalize -all-info  ProgramVersion: 7.3.2  TimeStamp: 2026/03/12-16:12:22-GMT  BuildTime: Aug  4 2022 06:17:15  BuildStamp: freesurfer-linux-ubuntu22_x86_64-7.3.2-20220804-6354275  User: oesteban  Machine: dna050  Platform: Linux  PlatformVersion: 5.14.0-427.37.1.el9_4.x86_64  CompilerName: GCC  CompilerVersion: 8.4.0
ProgramName: mri_normalize_tp2  ProgramArguments: mri_normalize_tp2 -all-info  ProgramVersion: 7.3.2  TimeStamp: 2026/03/12-16:12:22-GMT  BuildTime: Aug  4 2022 06:17:15  BuildStamp: freesurfer-linux-ubuntu22_x86_64-7.3.2-20220804-6354275  User: oesteban  Machine: dna050  Platform: Linux  PlatformVersion: 5.14.0-427.37.1.el9_4.x86_64  CompilerName: GCC  CompilerVersion: 8.4.0
ProgramName: mri_or  ProgramArguments: mri_or -all-info  ProgramVersion: 7.3.2  TimeStamp: 2026/03/12-16:12:22-GMT  BuildTime: Aug  4 2022 06:17:15  BuildStamp: freesurfer-linux-ubuntu22_x86_64-7.3.2-20220804-6354275  User: oesteban  Machine: dna050  Platform: Linux  PlatformVersion: 5.14.0-427.37.1.el9_4.x86_64  CompilerName: GCC  CompilerVersion: 8.4.0
ProgramName: mri_relabel_hypointensities  ProgramArguments: mri_relabel_hypointensities -all-info  ProgramVersion: 7.3.2  TimeStamp: 2026/03/12-16:12:22-GMT  BuildTime: Aug  4 2022 06:17:15  BuildStamp: freesurfer-linux-ubuntu22_x86_64-7.3.2-20220804-6354275  User: oesteban  Machine: dna050  Platform: Linux  PlatformVersion: 5.14.0-427.37.1.el9_4.x86_64  CompilerName: GCC  CompilerVersion: 8.4.0
ProgramName: mri_relabel_nonwm_hypos  ProgramArguments: mri_relabel_nonwm_hypos -all-info  ProgramVersion: 7.3.2  TimeStamp: 2026/03/12-16:12:22-GMT  BuildTime: Aug  4 2022 06:17:15  BuildStamp: freesurfer-linux-ubuntu22_x86_64-7.3.2-20220804-6354275  User: oesteban  Machine: dna050  Platform: Linux  PlatformVersion: 5.14.0-427.37.1.el9_4.x86_64  CompilerName: GCC  CompilerVersion: 8.4.0
ProgramName: mri_remove_neck  ProgramArguments: mri_remove_neck -all-info  ProgramVersion: 7.3.2  TimeStamp: 2026/03/12-16:12:22-GMT  BuildTime: Aug  4 2022 06:17:15  BuildStamp: freesurfer-linux-ubuntu22_x86_64-7.3.2-20220804-6354275  User: oesteban  Machine: dna050  Platform: Linux  PlatformVersion: 5.14.0-427.37.1.el9_4.x86_64  CompilerName: GCC  CompilerVersion: 8.4.0
7.3.2

ProgramName: mri_robust_register  ProgramArguments: mri_robust_register -all-info  ProgramVersion: 7.3.2  TimeStamp: 2026/03/12-16:12:22-GMT  BuildTime: Aug  4 2022 06:17:15  BuildStamp: freesurfer-linux-ubuntu22_x86_64-7.3.2-20220804-6354275  User: oesteban  Machine: dna050  Platform: Linux  PlatformVersion: 5.14.0-427.37.1.el9_4.x86_64  CompilerName: GCC  CompilerVersion: 8.4.0
7.3.2

ProgramName: mri_robust_template  ProgramArguments: mri_robust_template -all-info  ProgramVersion: 7.3.2  TimeStamp: 2026/03/12-16:12:22-GMT  BuildTime: Aug  4 2022 06:17:15  BuildStamp: freesurfer-linux-ubuntu22_x86_64-7.3.2-20220804-6354275  User: oesteban  Machine: dna050  Platform: Linux  PlatformVersion: 5.14.0-427.37.1.el9_4.x86_64  CompilerName: GCC  CompilerVersion: 8.4.0
ProgramName: mris_anatomical_stats  ProgramArguments: mris_anatomical_stats -all-info  ProgramVersion: 7.3.2  TimeStamp: 2026/03/12-16:12:22-GMT  BuildTime: Aug  4 2022 06:17:15  BuildStamp: freesurfer-linux-ubuntu22_x86_64-7.3.2-20220804-6354275  User: oesteban  Machine: dna050  Platform: Linux  PlatformVersion: 5.14.0-427.37.1.el9_4.x86_64  CompilerName: GCC  CompilerVersion: 8.4.0
ProgramName: mris_ca_label  ProgramArguments: mris_ca_label -all-info  ProgramVersion: 7.3.2  TimeStamp: 2026/03/12-16:12:22-GMT  BuildTime: Aug  4 2022 06:17:15  BuildStamp: freesurfer-linux-ubuntu22_x86_64-7.3.2-20220804-6354275  User: oesteban  Machine: dna050  Platform: Linux  PlatformVersion: 5.14.0-427.37.1.el9_4.x86_64  CompilerName: GCC  CompilerVersion: 8.4.0
ProgramName: mris_calc  ProgramArguments: mris_calc -all-info  ProgramVersion: 7.3.2  TimeStamp: 2026/03/12-16:12:22-GMT  BuildTime: Aug  4 2022 06:17:15  BuildStamp: freesurfer-linux-ubuntu22_x86_64-7.3.2-20220804-6354275  User: oesteban  Machine: dna050  Platform: Linux  PlatformVersion: 5.14.0-427.37.1.el9_4.x86_64  CompilerName: GCC  CompilerVersion: 8.4.0
ProgramName: mris_convert  ProgramArguments: mris_convert -all-info  ProgramVersion: 7.3.2  TimeStamp: 2026/03/12-16:12:22-GMT  BuildTime: Aug  4 2022 06:17:15  BuildStamp: freesurfer-linux-ubuntu22_x86_64-7.3.2-20220804-6354275  User: oesteban  Machine: dna050  Platform: Linux  PlatformVersion: 5.14.0-427.37.1.el9_4.x86_64  CompilerName: GCC  CompilerVersion: 8.4.0
ProgramName: mris_curvature  ProgramArguments: mris_curvature -all-info  ProgramVersion: 7.3.2  TimeStamp: 2026/03/12-16:12:22-GMT  BuildTime: Aug  4 2022 06:17:15  BuildStamp: freesurfer-linux-ubuntu22_x86_64-7.3.2-20220804-6354275  User: oesteban  Machine: dna050  Platform: Linux  PlatformVersion: 5.14.0-427.37.1.el9_4.x86_64  CompilerName: GCC  CompilerVersion: 8.4.0
ProgramName: mris_curvature_stats  ProgramArguments: mris_curvature_stats -all-info  ProgramVersion: 7.3.2  TimeStamp: 2026/03/12-16:12:22-GMT  BuildTime: Aug  4 2022 06:17:15  BuildStamp: freesurfer-linux-ubuntu22_x86_64-7.3.2-20220804-6354275  User: oesteban  Machine: dna050  Platform: Linux  PlatformVersion: 5.14.0-427.37.1.el9_4.x86_64  CompilerName: GCC  CompilerVersion: 8.4.0
ProgramName: mris_diff  ProgramArguments: mris_diff -all-info  ProgramVersion: 7.3.2  TimeStamp: 2026/03/12-16:12:22-GMT  BuildTime: Aug  4 2022 06:17:15  BuildStamp: freesurfer-linux-ubuntu22_x86_64-7.3.2-20220804-6354275  User: oesteban  Machine: dna050  Platform: Linux  PlatformVersion: 5.14.0-427.37.1.el9_4.x86_64  CompilerName: GCC  CompilerVersion: 8.4.0
ProgramName: mris_divide_parcellation  ProgramArguments: mris_divide_parcellation -all-info  ProgramVersion: 7.3.2  TimeStamp: 2026/03/12-16:12:22-GMT  BuildTime: Aug  4 2022 06:17:15  BuildStamp: freesurfer-linux-ubuntu22_x86_64-7.3.2-20220804-6354275  User: oesteban  Machine: dna050  Platform: Linux  PlatformVersion: 5.14.0-427.37.1.el9_4.x86_64  CompilerName: GCC  CompilerVersion: 8.4.0
ProgramName: mri_segment  ProgramArguments: mri_segment -all-info  ProgramVersion: 7.3.2  TimeStamp: 2026/03/12-16:12:22-GMT  BuildTime: Aug  4 2022 06:17:15  BuildStamp: freesurfer-linux-ubuntu22_x86_64-7.3.2-20220804-6354275  User: oesteban  Machine: dna050  Platform: Linux  PlatformVersion: 5.14.0-427.37.1.el9_4.x86_64  CompilerName: GCC  CompilerVersion: 8.4.0
ProgramName: mri_segstats  ProgramArguments: mri_segstats -all-info  ProgramVersion: 7.3.2  TimeStamp: 2026/03/12-16:12:22-GMT  BuildTime: Aug  4 2022 06:17:15  BuildStamp: freesurfer-linux-ubuntu22_x86_64-7.3.2-20220804-6354275  User: oesteban  Machine: dna050  Platform: Linux  PlatformVersion: 5.14.0-427.37.1.el9_4.x86_64  CompilerName: GCC  CompilerVersion: 8.4.0
ProgramName: mris_euler_number  ProgramArguments: mris_euler_number -all-info  ProgramVersion: 7.3.2  TimeStamp: 2026/03/12-16:12:22-GMT  BuildTime: Aug  4 2022 06:17:15  BuildStamp: freesurfer-linux-ubuntu22_x86_64-7.3.2-20220804-6354275  User: oesteban  Machine: dna050  Platform: Linux  PlatformVersion: 5.14.0-427.37.1.el9_4.x86_64  CompilerName: GCC  CompilerVersion: 8.4.0
ProgramName: mris_fix_topology  ProgramArguments: mris_fix_topology -all-info  ProgramVersion: 7.3.2  TimeStamp: 2026/03/12-16:12:22-GMT  BuildTime: Aug  4 2022 06:17:15  BuildStamp: freesurfer-linux-ubuntu22_x86_64-7.3.2-20220804-6354275  User: oesteban  Machine: dna050  Platform: Linux  PlatformVersion: 5.14.0-427.37.1.el9_4.x86_64  CompilerName: GCC  CompilerVersion: 8.4.0
ProgramName: mris_topo_fixer  ProgramArguments: mris_topo_fixer -all-info  ProgramVersion: 7.3.2  TimeStamp: 2026/03/12-16:12:22-GMT  BuildTime: Aug  4 2022 06:17:15  BuildStamp: freesurfer-linux-ubuntu22_x86_64-7.3.2-20220804-6354275  User: oesteban  Machine: dna050  Platform: Linux  PlatformVersion: 5.14.0-427.37.1.el9_4.x86_64  CompilerName: GCC  CompilerVersion: 8.4.0
ProgramName: mris_jacobian  ProgramArguments: mris_jacobian -all-info  ProgramVersion: 7.3.2  TimeStamp: 2026/03/12-16:12:22-GMT  BuildTime: Aug  4 2022 06:17:15  BuildStamp: freesurfer-linux-ubuntu22_x86_64-7.3.2-20220804-6354275  User: oesteban  Machine: dna050  Platform: Linux  PlatformVersion: 5.14.0-427.37.1.el9_4.x86_64  CompilerName: GCC  CompilerVersion: 8.4.0
ProgramName: mris_label2annot  ProgramArguments: mris_label2annot -all-info  ProgramVersion: 7.3.2  TimeStamp: 2026/03/12-16:12:22-GMT  BuildTime: Aug  4 2022 06:17:15  BuildStamp: freesurfer-linux-ubuntu22_x86_64-7.3.2-20220804-6354275  User: oesteban  Machine: dna050  Platform: Linux  PlatformVersion: 5.14.0-427.37.1.el9_4.x86_64  CompilerName: GCC  CompilerVersion: 8.4.0
ProgramName: mris_left_right_register  ProgramArguments: mris_left_right_register -all-info  ProgramVersion: 7.3.2  TimeStamp: 2026/03/12-16:12:22-GMT  BuildTime: Aug  4 2022 06:17:15  BuildStamp: freesurfer-linux-ubuntu22_x86_64-7.3.2-20220804-6354275  User: oesteban  Machine: dna050  Platform: Linux  PlatformVersion: 5.14.0-427.37.1.el9_4.x86_64  CompilerName: GCC  CompilerVersion: 8.4.0
ProgramName: mris_place_surface  ProgramArguments: mris_place_surface -all-info  ProgramVersion: 7.3.2  TimeStamp: 2026/03/12-16:12:22-GMT  BuildTime: Aug  4 2022 06:17:15  BuildStamp: freesurfer-linux-ubuntu22_x86_64-7.3.2-20220804-6354275  User: oesteban  Machine: dna050  Platform: Linux  PlatformVersion: 5.14.0-427.37.1.el9_4.x86_64  CompilerName: GCC  CompilerVersion: 8.4.0
ProgramName: mrisp_paint  ProgramArguments: mrisp_paint -all-info  ProgramVersion: 7.3.2  TimeStamp: 2026/03/12-16:12:22-GMT  BuildTime: Aug  4 2022 06:17:15  BuildStamp: freesurfer-linux-ubuntu22_x86_64-7.3.2-20220804-6354275  User: oesteban  Machine: dna050  Platform: Linux  PlatformVersion: 5.14.0-427.37.1.el9_4.x86_64  CompilerName: GCC  CompilerVersion: 8.4.0
ProgramName: mris_register  ProgramArguments: mris_register -all-info  ProgramVersion: 7.3.2  TimeStamp: 2026/03/12-16:12:22-GMT  BuildTime: Aug  4 2022 06:17:15  BuildStamp: freesurfer-linux-ubuntu22_x86_64-7.3.2-20220804-6354275  User: oesteban  Machine: dna050  Platform: Linux  PlatformVersion: 5.14.0-427.37.1.el9_4.x86_64  CompilerName: GCC  CompilerVersion: 8.4.0
ProgramName: mris_smooth  ProgramArguments: mris_smooth -all-info  ProgramVersion: 7.3.2  TimeStamp: 2026/03/12-16:12:22-GMT  BuildTime: Aug  4 2022 06:17:15  BuildStamp: freesurfer-linux-ubuntu22_x86_64-7.3.2-20220804-6354275  User: oesteban  Machine: dna050  Platform: Linux  PlatformVersion: 5.14.0-427.37.1.el9_4.x86_64  CompilerName: GCC  CompilerVersion: 8.4.0
ProgramName: mris_sphere  ProgramArguments: mris_sphere -all-info  ProgramVersion: 7.3.2  TimeStamp: 2026/03/12-16:12:22-GMT  BuildTime: Aug  4 2022 06:17:15  BuildStamp: freesurfer-linux-ubuntu22_x86_64-7.3.2-20220804-6354275  User: oesteban  Machine: dna050  Platform: Linux  PlatformVersion: 5.14.0-427.37.1.el9_4.x86_64  CompilerName: GCC  CompilerVersion: 8.4.0
ProgramName: mris_surface_stats  ProgramArguments: mris_surface_stats -all-info  ProgramVersion: 7.3.2  TimeStamp: 2026/03/12-16:12:22-GMT  BuildTime: Aug  4 2022 06:17:15  BuildStamp: freesurfer-linux-ubuntu22_x86_64-7.3.2-20220804-6354275  User: oesteban  Machine: dna050  Platform: Linux  PlatformVersion: 5.14.0-427.37.1.el9_4.x86_64  CompilerName: GCC  CompilerVersion: 8.4.0
ProgramName: mri_stats2seg  ProgramArguments: mri_stats2seg -all-info  ProgramVersion: 7.3.2  TimeStamp: 2026/03/12-16:12:22-GMT  BuildTime: Aug  4 2022 06:17:15  BuildStamp: freesurfer-linux-ubuntu22_x86_64-7.3.2-20220804-6354275  User: oesteban  Machine: dna050  Platform: Linux  PlatformVersion: 5.14.0-427.37.1.el9_4.x86_64  CompilerName: GCC  CompilerVersion: 8.4.0
ProgramName: mris_thickness  ProgramArguments: mris_thickness -all-info  ProgramVersion: 7.3.2  TimeStamp: 2026/03/12-16:12:23-GMT  BuildTime: Aug  4 2022 06:17:15  BuildStamp: freesurfer-linux-ubuntu22_x86_64-7.3.2-20220804-6354275  User: oesteban  Machine: dna050  Platform: Linux  PlatformVersion: 5.14.0-427.37.1.el9_4.x86_64  CompilerName: GCC  CompilerVersion: 8.4.0
ProgramName: mris_thickness_diff  ProgramArguments: mris_thickness_diff -all-info  ProgramVersion: 7.3.2  TimeStamp: 2026/03/12-16:12:23-GMT  BuildTime: Aug  4 2022 06:17:15  BuildStamp: freesurfer-linux-ubuntu22_x86_64-7.3.2-20220804-6354275  User: oesteban  Machine: dna050  Platform: Linux  PlatformVersion: 5.14.0-427.37.1.el9_4.x86_64  CompilerName: GCC  CompilerVersion: 8.4.0
ProgramName: mris_topo_fixer  ProgramArguments: mris_topo_fixer -all-info  ProgramVersion: 7.3.2  TimeStamp: 2026/03/12-16:12:23-GMT  BuildTime: Aug  4 2022 06:17:15  BuildStamp: freesurfer-linux-ubuntu22_x86_64-7.3.2-20220804-6354275  User: oesteban  Machine: dna050  Platform: Linux  PlatformVersion: 5.14.0-427.37.1.el9_4.x86_64  CompilerName: GCC  CompilerVersion: 8.4.0
ProgramName: mri_surf2surf  ProgramArguments: mri_surf2surf -all-info  ProgramVersion: 7.3.2  TimeStamp: 2026/03/12-16:12:23-GMT  BuildTime: Aug  4 2022 06:17:15  BuildStamp: freesurfer-linux-ubuntu22_x86_64-7.3.2-20220804-6354275  User: oesteban  Machine: dna050  Platform: Linux  PlatformVersion: 5.14.0-427.37.1.el9_4.x86_64  CompilerName: GCC  CompilerVersion: 8.4.0
ProgramName: mri_surf2vol  ProgramArguments: mri_surf2vol -all-info  ProgramVersion: 7.3.2  TimeStamp: 2026/03/12-16:12:23-GMT  BuildTime: Aug  4 2022 06:17:15  BuildStamp: freesurfer-linux-ubuntu22_x86_64-7.3.2-20220804-6354275  User: oesteban  Machine: dna050  Platform: Linux  PlatformVersion: 5.14.0-427.37.1.el9_4.x86_64  CompilerName: GCC  CompilerVersion: 8.4.0
ProgramName: mri_surfcluster  ProgramArguments: mri_surfcluster -all-info  ProgramVersion: 7.3.2  TimeStamp: 2026/03/12-16:12:23-GMT  BuildTime: Aug  4 2022 06:17:15  BuildStamp: freesurfer-linux-ubuntu22_x86_64-7.3.2-20220804-6354275  User: oesteban  Machine: dna050  Platform: Linux  PlatformVersion: 5.14.0-427.37.1.el9_4.x86_64  CompilerName: GCC  CompilerVersion: 8.4.0
ProgramName: mris_volmask  ProgramArguments: mris_volmask -all-info  ProgramVersion: 7.3.2  TimeStamp: 2026/03/12-16:12:23-GMT  BuildTime: Aug  4 2022 06:17:15  BuildStamp: freesurfer-linux-ubuntu22_x86_64-7.3.2-20220804-6354275  User: oesteban  Machine: dna050  Platform: Linux  PlatformVersion: 5.14.0-427.37.1.el9_4.x86_64  CompilerName: GCC  CompilerVersion: 8.4.0
ProgramName: mri_tessellate  ProgramArguments: mri_tessellate -all-info  ProgramVersion: 7.3.2  TimeStamp: 2026/03/12-16:12:23-GMT  BuildTime: Aug  4 2022 06:17:15  BuildStamp: freesurfer-linux-ubuntu22_x86_64-7.3.2-20220804-6354275  User: oesteban  Machine: dna050  Platform: Linux  PlatformVersion: 5.14.0-427.37.1.el9_4.x86_64  CompilerName: GCC  CompilerVersion: 8.4.0
ProgramName: mri_vol2surf  ProgramArguments: mri_vol2surf -all-info  ProgramVersion: 7.3.2  TimeStamp: 2026/03/12-16:12:23-GMT  BuildTime: Aug  4 2022 06:17:15  BuildStamp: freesurfer-linux-ubuntu22_x86_64-7.3.2-20220804-6354275  User: oesteban  Machine: dna050  Platform: Linux  PlatformVersion: 5.14.0-427.37.1.el9_4.x86_64  CompilerName: GCC  CompilerVersion: 8.4.0
ProgramName: mri_vol2vol  ProgramArguments: mri_vol2vol -all-info  ProgramVersion: 7.3.2  TimeStamp: 2026/03/12-16:12:23-GMT  BuildTime: Aug  4 2022 06:17:15  BuildStamp: freesurfer-linux-ubuntu22_x86_64-7.3.2-20220804-6354275  User: oesteban  Machine: dna050  Platform: Linux  PlatformVersion: 5.14.0-427.37.1.el9_4.x86_64  CompilerName: GCC  CompilerVersion: 8.4.0
ProgramName: mri_voldiff  ProgramArguments: mri_voldiff -all-info  ProgramVersion: 7.3.2  TimeStamp: 2026/03/12-16:12:23-GMT  BuildTime: Aug  4 2022 06:17:15  BuildStamp: freesurfer-linux-ubuntu22_x86_64-7.3.2-20220804-6354275  User: oesteban  Machine: dna050  Platform: Linux  PlatformVersion: 5.14.0-427.37.1.el9_4.x86_64  CompilerName: GCC  CompilerVersion: 8.4.0
ProgramName: mri_watershed  ProgramArguments: mri_watershed -all-info  ProgramVersion: 7.3.2  TimeStamp: 2026/03/12-16:12:23-GMT  BuildTime: Aug  4 2022 06:17:15  BuildStamp: freesurfer-linux-ubuntu22_x86_64-7.3.2-20220804-6354275  User: oesteban  Machine: dna050  Platform: Linux  PlatformVersion: 5.14.0-427.37.1.el9_4.x86_64  CompilerName: GCC  CompilerVersion: 8.4.0
ProgramName: tkregister2  ProgramArguments: tkregister2_cmdl -all-info  ProgramVersion: 7.3.2  TimeStamp: 2026/03/12-16:12:23-GMT  BuildTime: Aug  4 2022 06:17:15  BuildStamp: freesurfer-linux-ubuntu22_x86_64-7.3.2-20220804-6354275  User: oesteban  Machine: dna050  Platform: Linux  PlatformVersion: 5.14.0-427.37.1.el9_4.x86_64  CompilerName: GCC  CompilerVersion: 8.4.0
mri_motion_correct.fsl 7.3.2
mri_convert -all-info 
ProgramName: mri_convert  ProgramArguments: mri_convert -all-info  ProgramVersion: 7.3.2  TimeStamp: 2026/03/12-16:12:23-GMT  BuildTime: Aug  4 2022 06:17:15  BuildStamp: freesurfer-linux-ubuntu22_x86_64-7.3.2-20220804-6354275  User: oesteban  Machine: dna050  Platform: Linux  PlatformVersion: 5.14.0-427.37.1.el9_4.x86_64  CompilerName: GCC  CompilerVersion: 8.4.0
Program nu_correct, built from:
Package MNI N3, version 1.12.0, compiled by nicks@terrier (x86_64-unknown-linux-gnu) on 2015-06-19 at 01:25:34
#######################################
GCADIR /opt/freesurfer/average
GCA RB_all_2020-01-02.gca
GCASkull RB_all_withskull_2020_01_02.gca
AvgCurvTif folding.atlas.acfb40.noaparc.i12.2016-08-02.tif
GCSDIR /opt/freesurfer/average
GCS DKaparc.atlas.acfb40.noaparc.i12.2016-08-02.gcs
#######################################
#--------------------------------------------
#@# Tessellate lh Thu Mar 12 17:12:23 CET 2026
/out/sourcedata/freesurfer/sub-v1s20x0050295_ses-1/scripts

 mri_pretess ../mri/filled.mgz 255 ../mri/norm.mgz ../mri/filled-pretess255.mgz 


Iteration Number : 1
pass   1 (xy+):   0 found -   0 modified     |    TOTAL:   0
pass   1 (xy-):   3 found -   3 modified     |    TOTAL:   3
pass   2 (xy-):   0 found -   3 modified     |    TOTAL:   3
pass   1 (yz+):   3 found -   3 modified     |    TOTAL:   6
pass   2 (yz+):   0 found -   3 modified     |    TOTAL:   6
pass   1 (yz-):   1 found -   1 modified     |    TOTAL:   7
pass   2 (yz-):   0 found -   1 modified     |    TOTAL:   7
pass   1 (xz+):   2 found -   2 modified     |    TOTAL:   9
pass   2 (xz+):   0 found -   2 modified     |    TOTAL:   9
pass   1 (xz-):   1 found -   1 modified     |    TOTAL:  10
pass   2 (xz-):   0 found -   1 modified     |    TOTAL:  10
Iteration Number : 1
pass   1 (+++):   0 found -   0 modified     |    TOTAL:   0
pass   1 (+++):   0 found -   0 modified     |    TOTAL:   0
pass   1 (+++):   0 found -   0 modified     |    TOTAL:   0
pass   1 (+++):   0 found -   0 modified     |    TOTAL:   0
Iteration Number : 1
pass   1 (++):   0 found -   0 modified     |    TOTAL:   0
pass   1 (+-):   1 found -   1 modified     |    TOTAL:   1
pass   2 (+-):   0 found -   1 modified     |    TOTAL:   1
pass   1 (--):   0 found -   0 modified     |    TOTAL:   1
pass   1 (-+):   0 found -   0 modified     |    TOTAL:   1
Iteration Number : 2
pass   1 (xy+):   0 found -   0 modified     |    TOTAL:   0
pass   1 (xy-):   0 found -   0 modified     |    TOTAL:   0
pass   1 (yz+):   0 found -   0 modified     |    TOTAL:   0
pass   1 (yz-):   0 found -   0 modified     |    TOTAL:   0
pass   1 (xz+):   0 found -   0 modified     |    TOTAL:   0
pass   1 (xz-):   0 found -   0 modified     |    TOTAL:   0
Iteration Number : 2
pass   1 (+++):   0 found -   0 modified     |    TOTAL:   0
pass   1 (+++):   0 found -   0 modified     |    TOTAL:   0
pass   1 (+++):   0 found -   0 modified     |    TOTAL:   0
pass   1 (+++):   0 found -   0 modified     |    TOTAL:   0
Iteration Number : 2
pass   1 (++):   0 found -   0 modified     |    TOTAL:   0
pass   1 (+-):   0 found -   0 modified     |    TOTAL:   0
pass   1 (--):   0 found -   0 modified     |    TOTAL:   0
pass   1 (-+):   0 found -   0 modified     |    TOTAL:   0

Total Number of Modified Voxels = 11 (out of 275071: 0.003999)
Ambiguous edge configurations... 

mri_pretess done


 mri_tessellate ../mri/filled-pretess255.mgz 255 ../surf/lh.orig.nofix 

7.3.2
  7.3.2
slice 50: 674 vertices, 774 faces
slice 60: 6024 vertices, 6261 faces
slice 70: 13529 vertices, 13792 faces
slice 80: 22310 vertices, 22587 faces
slice 90: 32124 vertices, 32499 faces
slice 100: 42477 vertices, 42852 faces
slice 110: 55045 vertices, 55467 faces
slice 120: 68605 vertices, 69090 faces
slice 130: 82245 vertices, 82722 faces
slice 140: 97161 vertices, 97682 faces
slice 150: 110036 vertices, 110464 faces
slice 160: 120233 vertices, 120604 faces
slice 170: 129160 vertices, 129528 faces
slice 180: 137824 vertices, 138208 faces
slice 190: 144781 vertices, 145084 faces
slice 200: 150329 vertices, 150591 faces
slice 210: 154322 vertices, 154497 faces
slice 220: 155702 vertices, 155788 faces
slice 230: 155702 vertices, 155788 faces
slice 240: 155702 vertices, 155788 faces
slice 250: 155702 vertices, 155788 faces
using the conformed surface RAS to save vertex points...
writing ../surf/lh.orig.nofix
using vox2ras matrix:
-1.00000   0.00000   0.00000   128.00000;
 0.00000   0.00000   1.00000  -128.00000;
 0.00000  -1.00000   0.00000   128.00000;
 0.00000   0.00000   0.00000   1.00000;

 rm -f ../mri/filled-pretess255.mgz 


 mris_extract_main_component ../surf/lh.orig.nofix ../surf/lh.orig.nofix 


counting number of connected components...
   155702 voxel in cpt #1: X=-86 [v=155702,e=467364,f=311576] located at (-21.590307, -1.784942, 5.800921)
For the whole surface: X=-86 [v=155702,e=467364,f=311576]
One single component has been found
nothing to do
done

#--------------------------------------------
#@# Smooth1 lh Thu Mar 12 17:12:27 CET 2026
/out/sourcedata/freesurfer/sub-v1s20x0050295_ses-1/scripts

 mris_smooth -nw -seed 1234 ../surf/lh.orig.nofix ../surf/lh.smoothwm.nofix 

setting seed for random number generator to 1234
smoothing surface tessellation for 10 iterations...
smoothing complete - recomputing first and second fundamental forms...
#--------------------------------------------
#@# Inflation1 lh Thu Mar 12 17:12:30 CET 2026
/out/sourcedata/freesurfer/sub-v1s20x0050295_ses-1/scripts

 mris_inflate -no-save-sulc ../surf/lh.smoothwm.nofix ../surf/lh.inflated.nofix 

Not saving sulc
Reading ../surf/lh.smoothwm.nofix
avg radius = 47.6 mm, total surface area = 82844 mm^2
step 000: RMS=0.159 (target=0.015)   step 005: RMS=0.123 (target=0.015)   step 010: RMS=0.095 (target=0.015)   step 015: RMS=0.083 (target=0.015)   step 020: RMS=0.074 (target=0.015)   step 025: RMS=0.068 (target=0.015)   step 030: RMS=0.063 (target=0.015)   step 035: RMS=0.059 (target=0.015)   step 040: RMS=0.056 (target=0.015)   step 045: RMS=0.054 (target=0.015)   step 050: RMS=0.053 (target=0.015)   step 055: RMS=0.052 (target=0.015)   step 060: RMS=0.052 (target=0.015)   writing inflated surface to ../surf/lh.inflated.nofix
inflation took 0.3 minutes

inflation complete.
Not saving sulc
mris_inflate utimesec    69.211630
mris_inflate stimesec    1.921290
mris_inflate ru_maxrss   246128
mris_inflate ru_ixrss    0
mris_inflate ru_idrss    0
mris_inflate ru_isrss    0
mris_inflate ru_minflt   542386
mris_inflate ru_majflt   31
mris_inflate ru_nswap    0
mris_inflate ru_inblock  1672
mris_inflate ru_oublock  10960
mris_inflate ru_msgsnd   0
mris_inflate ru_msgrcv   0
mris_inflate ru_nsignals 0
mris_inflate ru_nvcsw    7552
mris_inflate ru_nivcsw   846
#--------------------------------------------
#@# QSphere lh Thu Mar 12 17:12:45 CET 2026
/out/sourcedata/freesurfer/sub-v1s20x0050295_ses-1/scripts

 mris_sphere -q -p 6 -a 128 -seed 1234 ../surf/lh.inflated.nofix ../surf/lh.qsphere.nofix 

doing quick spherical unfolding.
limitting unfolding to 6 passes
using n_averages = 128
setting seed for random number genererator to 1234
version: 7.3.2
available threads: 16
scaling brain by 0.288...
inflating...
projecting onto sphere...
surface projected - minimizing metric distortion...
vertex spacing 0.94 +- 0.59 (0.00-->8.93) (max @ vno 83000 --> 83015)
face area 0.02 +- 0.03 (-0.24-->0.61)
Entering MRISinflateToSphere()
inflating to sphere (rms error < 2.00)
000: dt: 0.0000, rms radial error=177.632, avgs=0
005/300: dt: 0.9000, rms radial error=177.372, avgs=0
010/300: dt: 0.9000, rms radial error=176.815, avgs=0
015/300: dt: 0.9000, rms radial error=176.083, avgs=0
020/300: dt: 0.9000, rms radial error=175.250, avgs=0
025/300: dt: 0.9000, rms radial error=174.359, avgs=0
030/300: dt: 0.9000, rms radial error=173.436, avgs=0
035/300: dt: 0.9000, rms radial error=172.496, avgs=0
040/300: dt: 0.9000, rms radial error=171.549, avgs=0
045/300: dt: 0.9000, rms radial error=170.600, avgs=0
050/300: dt: 0.9000, rms radial error=169.653, avgs=0
055/300: dt: 0.9000, rms radial error=168.710, avgs=0
060/300: dt: 0.9000, rms radial error=167.770, avgs=0
065/300: dt: 0.9000, rms radial error=166.834, avgs=0
070/300: dt: 0.9000, rms radial error=165.902, avgs=0
075/300: dt: 0.9000, rms radial error=164.976, avgs=0
080/300: dt: 0.9000, rms radial error=164.054, avgs=0
085/300: dt: 0.9000, rms radial error=163.137, avgs=0
090/300: dt: 0.9000, rms radial error=162.225, avgs=0
095/300: dt: 0.9000, rms radial error=161.318, avgs=0
100/300: dt: 0.9000, rms radial error=160.415, avgs=0
105/300: dt: 0.9000, rms radial error=159.518, avgs=0
110/300: dt: 0.9000, rms radial error=158.625, avgs=0
115/300: dt: 0.9000, rms radial error=157.737, avgs=0
120/300: dt: 0.9000, rms radial error=156.854, avgs=0
125/300: dt: 0.9000, rms radial error=155.976, avgs=0
130/300: dt: 0.9000, rms radial error=155.103, avgs=0
135/300: dt: 0.9000, rms radial error=154.234, avgs=0
140/300: dt: 0.9000, rms radial error=153.370, avgs=0
145/300: dt: 0.9000, rms radial error=152.511, avgs=0
150/300: dt: 0.9000, rms radial error=151.656, avgs=0
155/300: dt: 0.9000, rms radial error=150.806, avgs=0
160/300: dt: 0.9000, rms radial error=149.960, avgs=0
165/300: dt: 0.9000, rms radial error=149.119, avgs=0
170/300: dt: 0.9000, rms radial error=148.283, avgs=0
175/300: dt: 0.9000, rms radial error=147.451, avgs=0
180/300: dt: 0.9000, rms radial error=146.624, avgs=0
185/300: dt: 0.9000, rms radial error=145.802, avgs=0
190/300: dt: 0.9000, rms radial error=144.983, avgs=0
195/300: dt: 0.9000, rms radial error=144.170, avgs=0
200/300: dt: 0.9000, rms radial error=143.360, avgs=0
205/300: dt: 0.9000, rms radial error=142.556, avgs=0
210/300: dt: 0.9000, rms radial error=141.755, avgs=0
215/300: dt: 0.9000, rms radial error=140.959, avgs=0
220/300: dt: 0.9000, rms radial error=140.168, avgs=0
225/300: dt: 0.9000, rms radial error=139.381, avgs=0
230/300: dt: 0.9000, rms radial error=138.598, avgs=0
235/300: dt: 0.9000, rms radial error=137.819, avgs=0
240/300: dt: 0.9000, rms radial error=137.045, avgs=0
245/300: dt: 0.9000, rms radial error=136.276, avgs=0
250/300: dt: 0.9000, rms radial error=135.510, avgs=0
255/300: dt: 0.9000, rms radial error=134.749, avgs=0
260/300: dt: 0.9000, rms radial error=133.992, avgs=0
265/300: dt: 0.9000, rms radial error=133.239, avgs=0
270/300: dt: 0.9000, rms radial error=132.491, avgs=0
275/300: dt: 0.9000, rms radial error=131.746, avgs=0
280/300: dt: 0.9000, rms radial error=131.006, avgs=0
285/300: dt: 0.9000, rms radial error=130.270, avgs=0
290/300: dt: 0.9000, rms radial error=129.538, avgs=0
295/300: dt: 0.9000, rms radial error=128.810, avgs=0
300/300: dt: 0.9000, rms radial error=128.086, avgs=0

spherical inflation complete.
epoch 1 (K=10.0), pass 1, starting sse = 18667.85
taking momentum steps...
taking momentum steps...
taking momentum steps...
taking momentum steps...
pass 1 complete, delta sse/iter = 0.00/13 = 0.00026
epoch 2 (K=40.0), pass 1, starting sse = 3260.13
taking momentum steps...
taking momentum steps...
taking momentum steps...
taking momentum steps...
pass 1 complete, delta sse/iter = 0.00/13 = 0.00016
epoch 3 (K=160.0), pass 1, starting sse = 359.65
taking momentum steps...
taking momentum steps...
taking momentum steps...
taking momentum steps...
pass 1 complete, delta sse/iter = 0.03/13 = 0.00232
epoch 4 (K=640.0), pass 1, starting sse = 33.73
taking momentum steps...
taking momentum steps...
taking momentum steps...
taking momentum steps...
pass 1 complete, delta sse/iter = 0.06/16 = 0.00345
final distance error %100000.00
writing spherical brain to ../surf/lh.qsphere.nofix
spherical transformation took 0.0224 hours
FSRUNTIME@ mris_sphere  0.0224 hours 16 threads
#VMPC# mris_sphere VmPeak  1582796
mris_sphere done
#@# Fix Topology lh Thu Mar 12 17:14:06 CET 2026

 mris_fix_topology -mgz -sphere qsphere.nofix -inflated inflated.nofix -orig orig.nofix -out orig.premesh -ga -seed 1234 sub-v1s20x0050295_ses-1 lh 

reading spherical homeomorphism from 'qsphere.nofix'
reading inflated coordinates from 'inflated.nofix'
reading original coordinates from 'orig.nofix'
using genetic algorithm with optimized parameters
setting seed for random number genererator to 1234

*************************************************************
Topology Correction Parameters
retessellation mode:           genetic search
number of patches/generation : 10
number of generations :        10
surface mri loglikelihood coefficient :         1.0
volume mri loglikelihood coefficient :          10.0
normal dot loglikelihood coefficient :          1.0
quadratic curvature loglikelihood coefficient : 1.0
volume resolution :                             2
eliminate vertices during search :              1
initial patch selection :                       1
select all defect vertices :                    0
ordering dependant retessellation:              0
use precomputed edge table :                    0
smooth retessellated patch :                    2
match retessellated patch :                     1
verbose mode :                                  0

*************************************************************
INFO: assuming .mgz format
writing corrected surface to 'orig.premesh'
7.3.2
  7.3.2
before topology correction, eno=-86 (nv=155702, nf=311576, ne=467364, g=44)
using quasi-homeomorphic spherical map to tessellate cortical surface...

Correction of the Topology
Finding true center and radius of Spherical Surface...done
Surface centered at (0,0,0) with radius 100.0 in 8 iterations
marking ambiguous vertices...
13978 ambiguous faces found in tessellation
segmenting defects...
48 defects found, arbitrating ambiguous regions...
analyzing neighboring defects...
      -merging segment 26 into 25
      -merging segment 31 into 27
46 defects to be corrected 
0 vertices coincident
reading input surface /out/sourcedata/freesurfer/sub-v1s20x0050295_ses-1/surf/lh.qsphere.nofix...
reading brain volume from brain...
reading wm segmentation from wm...
Reading original properties of orig.nofix
Reading vertex positions of inflated.nofix
Computing Initial Surface Statistics
      -face       loglikelihood: -9.0358  (-4.5179)
      -vertex     loglikelihood: -5.8788  (-2.9394)
      -normal dot loglikelihood: -3.5627  (-3.5627)
      -quad curv  loglikelihood: -5.9504  (-2.9752)
      Total Loglikelihood : -24.4277
CORRECTING DEFECT 0 (vertices=330, convex hull=107, v0=86)
After retessellation of defect 0 (v0=86), euler #=-43 (147600,440493,292850) : difference with theory (-43) = 0 
CORRECTING DEFECT 1 (vertices=103, convex hull=70, v0=1299)
After retessellation of defect 1 (v0=1299), euler #=-42 (147625,440594,292927) : difference with theory (-42) = 0 
CORRECTING DEFECT 2 (vertices=5, convex hull=15, v0=32767)
After retessellation of defect 2 (v0=32767), euler #=-41 (147625,440596,292930) : difference with theory (-41) = 0 
CORRECTING DEFECT 3 (vertices=24, convex hull=60, v0=38452)
After retessellation of defect 3 (v0=38452), euler #=-40 (147636,440654,292978) : difference with theory (-40) = 0 
CORRECTING DEFECT 4 (vertices=53, convex hull=87, v0=39463)
After retessellation of defect 4 (v0=39463), euler #=-39 (147645,440721,293037) : difference with theory (-39) = 0 
CORRECTING DEFECT 5 (vertices=95, convex hull=100, v0=45067)
After retessellation of defect 5 (v0=45067), euler #=-38 (147672,440845,293135) : difference with theory (-38) = 0 
CORRECTING DEFECT 6 (vertices=113, convex hull=130, v0=47113)
After retessellation of defect 6 (v0=47113), euler #=-37 (147728,441069,293304) : difference with theory (-37) = 0 
CORRECTING DEFECT 7 (vertices=963, convex hull=274, v0=50510)
After retessellation of defect 7 (v0=50510), euler #=-37 (147876,441661,293748) : difference with theory (-36) = 1 
CORRECTING DEFECT 8 (vertices=259, convex hull=247, v0=53403)
After retessellation of defect 8 (v0=53403), euler #=-36 (148002,442166,294128) : difference with theory (-35) = 1 
CORRECTING DEFECT 9 (vertices=28, convex hull=58, v0=54517)
After retessellation of defect 9 (v0=54517), euler #=-35 (148012,442216,294169) : difference with theory (-34) = 1 
CORRECTING DEFECT 10 (vertices=7, convex hull=30, v0=64056)
After retessellation of defect 10 (v0=64056), euler #=-34 (148014,442230,294182) : difference with theory (-33) = 1 
CORRECTING DEFECT 11 (vertices=318, convex hull=435, v0=68154)
After retessellation of defect 11 (v0=68154), euler #=-33 (148227,443080,294820) : difference with theory (-32) = 1 
CORRECTING DEFECT 12 (vertices=100, convex hull=84, v0=69898)
After retessellation of defect 12 (v0=69898), euler #=-32 (148239,443155,294884) : difference with theory (-31) = 1 
CORRECTING DEFECT 13 (vertices=47, convex hull=44, v0=71401)
After retessellation of defect 13 (v0=71401), euler #=-31 (148246,443193,294916) : difference with theory (-30) = 1 
CORRECTING DEFECT 14 (vertices=15, convex hull=24, v0=77012)
After retessellation of defect 14 (v0=77012), euler #=-30 (148247,443204,294927) : difference with theory (-29) = 1 
CORRECTING DEFECT 15 (vertices=142, convex hull=58, v0=82189)
After retessellation of defect 15 (v0=82189), euler #=-29 (148255,443254,294970) : difference with theory (-28) = 1 
CORRECTING DEFECT 16 (vertices=29, convex hull=30, v0=82222)
After retessellation of defect 16 (v0=82222), euler #=-28 (148263,443287,294996) : difference with theory (-27) = 1 
CORRECTING DEFECT 17 (vertices=516, convex hull=81, v0=83655)
After retessellation of defect 17 (v0=83655), euler #=-27 (148301,443438,295110) : difference with theory (-26) = 1 
CORRECTING DEFECT 18 (vertices=2429, convex hull=1004, v0=86350)
An extra large defect has been detected...
This often happens because cerebellum or dura has not been removed from wm.mgz.
This may cause recon-all to run very slowly or crash.
if so, see https://surfer.nmr.mgh.harvard.edu/fswiki/FsTutorial/TopologicalDefect_freeview
After retessellation of defect 18 (v0=86350), euler #=-27 (148713,445228,296488) : difference with theory (-25) = 2 
CORRECTING DEFECT 19 (vertices=6, convex hull=18, v0=87724)
After retessellation of defect 19 (v0=87724), euler #=-26 (148713,445236,296497) : difference with theory (-24) = 2 
CORRECTING DEFECT 20 (vertices=138, convex hull=96, v0=92749)
After retessellation of defect 20 (v0=92749), euler #=-25 (148759,445418,296634) : difference with theory (-23) = 2 
CORRECTING DEFECT 21 (vertices=291, convex hull=243, v0=106002)
After retessellation of defect 21 (v0=106002), euler #=-24 (148858,445838,296956) : difference with theory (-22) = 2 
CORRECTING DEFECT 22 (vertices=321, convex hull=262, v0=106118)
After retessellation of defect 22 (v0=106118), euler #=-23 (148981,446342,297338) : difference with theory (-21) = 2 
CORRECTING DEFECT 23 (vertices=46, convex hull=32, v0=107113)
After retessellation of defect 23 (v0=107113), euler #=-22 (148992,446385,297371) : difference with theory (-20) = 2 
CORRECTING DEFECT 24 (vertices=85, convex hull=112, v0=109901)
After retessellation of defect 24 (v0=109901), euler #=-21 (149042,446581,297518) : difference with theory (-19) = 2 
CORRECTING DEFECT 25 (vertices=237, convex hull=192, v0=114193)
After retessellation of defect 25 (v0=114193), euler #=-19 (149129,446935,297787) : difference with theory (-18) = 1 
CORRECTING DEFECT 26 (vertices=177, convex hull=151, v0=117550)
After retessellation of defect 26 (v0=117550), euler #=-17 (149187,447176,297972) : difference with theory (-17) = 0 
CORRECTING DEFECT 27 (vertices=9, convex hull=15, v0=120152)
After retessellation of defect 27 (v0=120152), euler #=-16 (149188,447181,297977) : difference with theory (-16) = 0 
CORRECTING DEFECT 28 (vertices=17, convex hull=38, v0=120483)
After retessellation of defect 28 (v0=120483), euler #=-15 (149197,447222,298010) : difference with theory (-15) = 0 
CORRECTING DEFECT 29 (vertices=19, convex hull=53, v0=121702)
After retessellation of defect 29 (v0=121702), euler #=-14 (149206,447269,298049) : difference with theory (-14) = 0 
CORRECTING DEFECT 30 (vertices=199, convex hull=52, v0=127295)
After retessellation of defect 30 (v0=127295), euler #=-13 (149220,447332,298099) : difference with theory (-13) = 0 
CORRECTING DEFECT 31 (vertices=11, convex hull=22, v0=130046)
After retessellation of defect 31 (v0=130046), euler #=-12 (149220,447339,298107) : difference with theory (-12) = 0 
CORRECTING DEFECT 32 (vertices=268, convex hull=200, v0=132510)
After retessellation of defect 32 (v0=132510), euler #=-11 (149334,447780,298435) : difference with theory (-11) = 0 
CORRECTING DEFECT 33 (vertices=33, convex hull=52, v0=135955)
After retessellation of defect 33 (v0=135955), euler #=-10 (149344,447828,298474) : difference with theory (-10) = 0 
CORRECTING DEFECT 34 (vertices=5, convex hull=27, v0=136905)
After retessellation of defect 34 (v0=136905), euler #=-9 (149344,447835,298482) : difference with theory (-9) = 0 
CORRECTING DEFECT 35 (vertices=82, convex hull=31, v0=140722)
After retessellation of defect 35 (v0=140722), euler #=-8 (149348,447859,298503) : difference with theory (-8) = 0 
CORRECTING DEFECT 36 (vertices=17, convex hull=21, v0=142126)
After retessellation of defect 36 (v0=142126), euler #=-7 (149350,447872,298515) : difference with theory (-7) = 0 
CORRECTING DEFECT 37 (vertices=24, convex hull=70, v0=143207)
After retessellation of defect 37 (v0=143207), euler #=-6 (149362,447932,298564) : difference with theory (-6) = 0 
CORRECTING DEFECT 38 (vertices=31, convex hull=24, v0=143270)
After retessellation of defect 38 (v0=143270), euler #=-5 (149366,447950,298579) : difference with theory (-5) = 0 
CORRECTING DEFECT 39 (vertices=39, convex hull=62, v0=145718)
After retessellation of defect 39 (v0=145718), euler #=-4 (149387,448036,298645) : difference with theory (-4) = 0 
CORRECTING DEFECT 40 (vertices=48, convex hull=54, v0=145766)
After retessellation of defect 40 (v0=145766), euler #=-3 (149396,448084,298685) : difference with theory (-3) = 0 
CORRECTING DEFECT 41 (vertices=44, convex hull=79, v0=151521)
After retessellation of defect 41 (v0=151521), euler #=-2 (149408,448155,298745) : difference with theory (-2) = 0 
CORRECTING DEFECT 42 (vertices=11, convex hull=22, v0=152278)
After retessellation of defect 42 (v0=152278), euler #=-1 (149409,448164,298754) : difference with theory (-1) = 0 
CORRECTING DEFECT 43 (vertices=20, convex hull=37, v0=152329)
After retessellation of defect 43 (v0=152329), euler #=0 (149410,448180,298770) : difference with theory (0) = 0 
CORRECTING DEFECT 44 (vertices=326, convex hull=71, v0=153738)
After retessellation of defect 44 (v0=153738), euler #=1 (149448,448326,298879) : difference with theory (1) = 0 
CORRECTING DEFECT 45 (vertices=27, convex hull=39, v0=155269)
After retessellation of defect 45 (v0=155269), euler #=2 (149456,448362,298908) : difference with theory (2) = 0 
computing original vertex metric properties...
storing new metric properties...
computing tessellation statistics...
vertex spacing 0.89 +- 0.26 (0.05-->14.56) (max @ vno 55893 --> 58140)
face area -nan +- -nan (1000.00-->-1.00)
performing soap bubble on retessellated vertices for 0 iterations...
vertex spacing 0.89 +- 0.26 (0.05-->14.56) (max @ vno 55893 --> 58140)
face area -nan +- -nan (1000.00-->-1.00)
tessellation finished, orienting corrected surface...
134 mutations (33.7%), 264 crossovers (66.3%), 484 vertices were eliminated
building final representation...
6246 vertices and 0 faces have been removed from triangulation
after topology correction, eno=2 (nv=149456, nf=298908, ne=448362, g=0)
writing corrected surface to /out/sourcedata/freesurfer/sub-v1s20x0050295_ses-1/surf/lh.orig.premesh...

0.000 % of the vertices (0 vertices) exhibit an orientation change
removing intersecting faces
000: 691 intersecting
001: 86 intersecting
002: 16 intersecting
step 1 with no progress (num=16, old_num=16)
003: 16 intersecting
step 2 with no progress (num=16, old_num=16)
004: 16 intersecting
step 3 with no progress (num=16, old_num=16)
005: 16 intersecting
step 4 with no progress (num=16, old_num=16)
006: 16 intersecting
step 5 with no progress (num=16, old_num=16)
007: 16 intersecting
step 6 with no progress (num=16, old_num=16)
008: 16 intersecting
step 7 with no progress (num=16, old_num=16)
009: 16 intersecting
step 8 with no progress (num=16, old_num=16)
010: 16 intersecting
step 9 with no progress (num=16, old_num=16)
011: 16 intersecting
step 10 with no progress (num=16, old_num=16)
012: 16 intersecting
step 11 with no progress (num=16, old_num=16)
013: 16 intersecting
step 12 with no progress (num=16, old_num=16)
014: 16 intersecting
step 13 with no progress (num=16, old_num=16)
015: 16 intersecting
step 14 with no progress (num=16, old_num=16)
016: 16 intersecting
step 15 with no progress (num=16, old_num=16)
017: 16 intersecting
step 16 with no progress (num=16, old_num=16)
terminating search with 16 intersecting
topology fixing took 3.7 minutes
FSRUNTIME@ mris_fix_topology lh  0.0616 hours 16 threads
#VMPC# mris_fix_topology VmPeak  1872484

 mris_euler_number ../surf/lh.orig.premesh 

euler # = v-e+f = 2g-2: 149456 - 448362 + 298908 = 2 --> 0 holes
      F =2V-4:          298908 = 298912-4 (0)
      2E=3F:            896724 = 896724 (0)

total defect index = 0
Thu Mar 12 17:17:49 CET 2026

setenv SUBJECTS_DIR /out/sourcedata/freesurfer
cd /out/sourcedata/freesurfer/sub-v1s20x0050295_ses-1/scripts
/opt/freesurfer/bin/defect2seg --s sub-v1s20x0050295_ses-1 --lh-only --cortex

freesurfer-linux-ubuntu22_x86_64-7.3.2-20220804-6354275
defect2seg 7.3.2
Linux dna050 5.14.0-427.37.1.el9_4.x86_64 #1 SMP PREEMPT_DYNAMIC Fri Sep 13 12:41:50 EDT 2024 x86_64 x86_64 x86_64 GNU/Linux
pid 641643
mri_label2label --label-cortex /out/sourcedata/freesurfer/sub-v1s20x0050295_ses-1/surf/lh.orig.nofix /out/sourcedata/freesurfer/sub-v1s20x0050295_ses-1/mri/aseg.presurf.mgz 0 /out/sourcedata/freesurfer/sub-v1s20x0050295_ses-1/label/lh.nofix.cortex.label

 Generating cortex label... RemoveHipAmgy=0
 NucAccIsMedialWall=0
 mris->useRealRAS=0
20 non-cortical segments detected
only using segment with 7904 vertices
erasing segment 0 (vno[0] = 30642)
erasing segment 1 (vno[0] = 31769)
erasing segment 2 (vno[0] = 31771)
erasing segment 4 (vno[0] = 58169)
erasing segment 5 (vno[0] = 61046)
erasing segment 6 (vno[0] = 63836)
erasing segment 7 (vno[0] = 102005)
erasing segment 8 (vno[0] = 103349)
erasing segment 9 (vno[0] = 104673)
erasing segment 10 (vno[0] = 105001)
erasing segment 11 (vno[0] = 105977)
erasing segment 12 (vno[0] = 106011)
erasing segment 13 (vno[0] = 107113)
erasing segment 14 (vno[0] = 107171)
erasing segment 15 (vno[0] = 107563)
erasing segment 16 (vno[0] = 109673)
erasing segment 17 (vno[0] = 109794)
erasing segment 18 (vno[0] = 110759)
erasing segment 19 (vno[0] = 117234)
mri_label2vol --defects /out/sourcedata/freesurfer/sub-v1s20x0050295_ses-1/surf/lh.orig.nofix /out/sourcedata/freesurfer/sub-v1s20x0050295_ses-1/surf/lh.defect_labels /out/sourcedata/freesurfer/sub-v1s20x0050295_ses-1/mri/orig.mgz 1000 0 /out/sourcedata/freesurfer/sub-v1s20x0050295_ses-1/mri/lh.surface.defects.mgz /out/sourcedata/freesurfer/sub-v1s20x0050295_ses-1/label/lh.nofix.cortex.label
mri_label2vol supposed to be reproducible but seed not set
Contraining to label /out/sourcedata/freesurfer/sub-v1s20x0050295_ses-1/label/lh.nofix.cortex.label
Changing input type 0 to MRI_INT
Converting defects to volume: offset=1000, merge=0
Writing to /out/sourcedata/freesurfer/sub-v1s20x0050295_ses-1/mri/lh.surface.defects.mgz
mris_defects_pointset -s /out/sourcedata/freesurfer/sub-v1s20x0050295_ses-1/surf/lh.orig.nofix -d /out/sourcedata/freesurfer/sub-v1s20x0050295_ses-1/surf/lh.defect_labels -o /out/sourcedata/freesurfer/sub-v1s20x0050295_ses-1/surf/lh.defects.pointset --label /out/sourcedata/freesurfer/sub-v1s20x0050295_ses-1/label/lh.nofix.cortex.label
Reading in surface /out/sourcedata/freesurfer/sub-v1s20x0050295_ses-1/surf/lh.orig.nofix
Reading in defect segmentation /out/sourcedata/freesurfer/sub-v1s20x0050295_ses-1/surf/lh.defect_labels
Reading in label /out/sourcedata/freesurfer/sub-v1s20x0050295_ses-1/label/lh.nofix.cortex.label
#VMPC# mris_defects_pointset 1316372
mris_defects_pointset done
 
Started at Thu Mar 12 17:17:48 CET 2026 
Ended   at Thu Mar 12 17:18:08 CET 2026
Defect2seg-Run-Time-Sec 20
Defect2seg-Run-Time-Min 0.40
Defect2seg-Run-Time-Hours 0.01
 
tkmeditfv sub-v1s20x0050295_ses-1 brain.finalsurfs.mgz -defect
defect2seg Done

 mris_remesh --remesh --iters 3 --input /out/sourcedata/freesurfer/sub-v1s20x0050295_ses-1/surf/lh.orig.premesh --output /out/sourcedata/freesurfer/sub-v1s20x0050295_ses-1/surf/lh.orig 

iters = 3
standard remeshing without target
   adjusted l: 0.714243
remeshing to edge length 0.714243 with 3 iterations

avg qual before   : 0.888983  after: 0.97141

Removing intersections
removing intersecting faces
000: 38 intersecting
001: 6 intersecting
terminating search with 0 intersecting
Remeshed surface quality stats nv0 = 149456  nv = 155178  1.03829
Area    310352  0.30534  0.03396 0.066419   0.5026
Corner  931056 60.00000  8.77257 13.576812 149.2721
Edge    465528  0.84768  0.08254 0.278006   1.3273
Hinge   465528  9.96869 10.72354 0.000023 168.9691
mris_remesh done
/out/sourcedata/freesurfer/sub-v1s20x0050295_ses-1/scripts

 mris_remove_intersection ../surf/lh.orig ../surf/lh.orig 

intersection removal took 0.00 hours
writing corrected surface to ../surf/lh.orig

 rm -f ../surf/lh.inflated 

#--------------------------------------------
#@# AutoDetGWStats lh Thu Mar 12 17:19:00 CET 2026
cd /out/sourcedata/freesurfer/sub-v1s20x0050295_ses-1/mri
mris_autodet_gwstats --o ../surf/autodet.gw.stats.lh.dat --i brain.finalsurfs.mgz --wm wm.mgz --surf ../surf/lh.orig.premesh
7.3.2

cd /out/sourcedata/freesurfer/sub-v1s20x0050295_ses-1/mri
setenv SUBJECTS_DIR /out/sourcedata/freesurfer
mris_autodet_gwstats --o ../surf/autodet.gw.stats.lh.dat --i brain.finalsurfs.mgz --wm wm.mgz --surf ../surf/lh.orig.premesh 

border white:    275117 voxels (1.64%)
border gray      318521 voxels (1.90%)
Reading in intensity volume brain.finalsurfs.mgz
Reading in wm volume wm.mgz
Reading in surf ../surf/lh.orig.premesh
Auto detecting stats
MRIclipBrightWM(): nthresh=13368, wmmin=5, clip=110 
Binarizing thresholding at 5
computing class statistics... low=30, hi=110.000000
CCS WM (96.0): 97.3 +- 7.2 [70.0 --> 110.0]
CCS GM (77.0) : 76.6 +- 9.1 [30.0 --> 110.0]
white_mean = 97.2686 +/- 7.18463, gray_mean = 76.6188 +/- 9.141
using class modes intead of means, discounting robust sigmas....
MRIScomputeClassModes(): min=0 max=246 nbins=247
intensity peaks found at WM=101+-6.1,    GM=73+-7.0
white_mode = 101, gray_mode = 73
std_scale = 1
Applying sanity checks, max_scale_down = 0.2
setting MIN_GRAY_AT_WHITE_BORDER to 63.9 (was 70.000000)
setting MAX_BORDER_WHITE to 108.2 (was 105.000000)
setting MIN_BORDER_WHITE to 73.0 (was 85.000000)
setting MAX_CSF to 54.7 (was 40.000000)
setting MAX_GRAY to 93.8 (was 95.000000)
setting MAX_GRAY_AT_CSF_BORDER to 63.9 (was 75.000000)
setting MIN_GRAY_AT_CSF_BORDER to 45.6 (was 40.000000)
When placing the white surface
  white_border_hi   = 108.185;
  white_border_low  = 73;
  white_outside_low = 63.859;
  white_inside_hi   = 120;
  white_outside_hi  = 108.185;
When placing the pial surface
  pial_border_hi   = 63.859;
  pial_border_low  = 45.577;
  pial_outside_low = 10;
  pial_inside_hi   = 93.8154;
  pial_outside_hi  = 59.2885;
#VMPC# mris_autodet_gwstats VmPeak  1475880
mris_autodet_gwstats done
#--------------------------------------------
#@# WhitePreAparc lh Thu Mar 12 17:19:04 CET 2026
cd /out/sourcedata/freesurfer/sub-v1s20x0050295_ses-1/mri
mris_place_surface --adgws-in ../surf/autodet.gw.stats.lh.dat --wm wm.mgz --threads 16 --invol brain.finalsurfs.mgz --lh --i ../surf/lh.orig --o ../surf/lh.white.preaparc --white --seg aseg.presurf.mgz --nsmooth 5
7.3.2
7.3.2

cd /out/sourcedata/freesurfer/sub-v1s20x0050295_ses-1/mri
setenv SUBJECTS_DIR /out/sourcedata/freesurfer
mris_place_surface --adgws-in ../surf/autodet.gw.stats.lh.dat --wm wm.mgz --threads 16 --invol brain.finalsurfs.mgz --lh --i ../surf/lh.orig --o ../surf/lh.white.preaparc --white --seg aseg.presurf.mgz --nsmooth 5 

Reading in input surface ../surf/lh.orig
Smoothing surface before ripping with 5 iterations
removing intersecting faces
000: 2 intersecting
step 1 with no progress (num=3, old_num=2)
001: 3 intersecting
step 2 with no progress (num=7, old_num=3)
002: 7 intersecting
003: 5 intersecting
step 1 with no progress (num=5, old_num=5)
004: 5 intersecting
step 2 with no progress (num=5, old_num=5)
005: 5 intersecting
step 3 with no progress (num=5, old_num=5)
006: 5 intersecting
step 4 with no progress (num=5, old_num=5)
007: 5 intersecting
step 5 with no progress (num=5, old_num=5)
008: 5 intersecting
step 6 with no progress (num=5, old_num=5)
009: 5 intersecting
step 7 with no progress (num=5, old_num=5)
010: 5 intersecting
step 8 with no progress (num=5, old_num=5)
011: 5 intersecting
step 9 with no progress (num=5, old_num=5)
012: 5 intersecting
step 10 with no progress (num=5, old_num=5)
013: 5 intersecting
step 11 with no progress (num=5, old_num=5)
014: 5 intersecting
step 12 with no progress (num=5, old_num=5)
015: 5 intersecting
step 13 with no progress (num=5, old_num=5)
016: 5 intersecting
step 14 with no progress (num=5, old_num=5)
017: 5 intersecting
step 15 with no progress (num=5, old_num=5)
018: 5 intersecting
step 16 with no progress (num=5, old_num=5)
terminating search with 2 intersecting
Area    310352  0.26808  0.06572 0.000070   0.5779
Corner  931056 60.00000  9.69932 0.263324 178.8360
Edge    465528  0.79021  0.11871 0.014226   1.3355
Hinge   465528  6.65113  6.93353 0.000051 166.7755
Not reading in aparc
Reading in input volume brain.finalsurfs.mgz
Reading in wm volume wm.mgz
MRIclipBrightWM(): nthresh=13368, wmmin=5, clip=110 
MRIfindBrightNonWM(): 1095 bright non-wm voxels segmented.
Masking bright non-wm for white surface
MRImask(): AllowDiffGeom = 1
MRImask(): AllowDiffGeom = 1
Reading in seg volume aseg.presurf.mgz
Ripping frozen voxels
INFO: rip surface needed but not specified, so using input surface
Freezing midline and others
Entering: MRISripMidline(): inhibiting deformation at non-cortical midline structures...
  which=1, fix_mtl=0, using annot = 0
#FML0# MRISripMidline(): nripped=0
removing 2 vertices from ripped group in thread:0
removing 3 vertices from ripped group in thread:0
removing 4 vertices from ripped group in thread:0
removing 3 vertices from ripped group in thread:0
removing 3 vertices from ripped group in thread:0
#FML# MRISripMidline(): nmarked=5962, nmarked2=14, nripped=5962
Ripping segs (eg, WMSA, BG, frozen)
Starting MRISripSegs() d = (-2 2 0.5) segnos: 247 
MRISripSegs(): -2 2 0.5 ripped 0
vertex 77589: xyz = (4.41783,7.96431,6.51839) oxyz = (4.41783,7.96431,6.51839) wxzy = (4.41783,7.96431,6.51839) pxyz = (0,0,0) 
CBVO Creating mask 155178
n_averages 4
Iteration 0 =========================================
n_averages=4, current_sigma=2
Freezing midline and others
Ripping frozen voxels
INFO: rip surface needed but not specified, so using input surface
Freezing midline and others
Entering: MRISripMidline(): inhibiting deformation at non-cortical midline structures...
  which=1, fix_mtl=0, using annot = 0
#FML0# MRISripMidline(): nripped=5962
removing 2 vertices from ripped group in thread:0
removing 3 vertices from ripped group in thread:0
removing 4 vertices from ripped group in thread:0
removing 3 vertices from ripped group in thread:0
removing 3 vertices from ripped group in thread:0
#FML# MRISripMidline(): nmarked=5962, nmarked2=14, nripped=5962
Ripping segs (eg, WMSA, BG, frozen)
Starting MRISripSegs() d = (-2 2 0.5) segnos: 247 247 
MRISripSegs(): -2 2 0.5 ripped 0
Computing target border values 
Entering MRIScomputeBorderValues_new(): 
  inside_hi   = 120.0000000;
  border_hi   = 108.1846240;
  border_low  =  73.0000000;
  outside_low =  63.8590010;
  outside_hi  = 108.1846240;
  sigma = 2;
  max_thickness = 10;
  step_size=0.5;
  STEP_SIZE=0.1;
  which = 1
  thresh = 0
  flags = 0
  CBVfindFirstPeakD1=0
  CBVfindFirstPeakD2=0
  nvertices=155178
  Gdiag_no=-1
  vno start=0, stop=155178
Replacing 255s with 0s
#SI# sigma=2 had to be increased for 333 vertices, nripped=5962
mean border=83.7, 134 (134) missing vertices, mean dist 0.3 [0.6 (%38.5)->0.8 (%61.5))]
%73 local maxima, %23 large gradients and % 0 min vals, 0 gradients ignored
nFirstPeakD1 0
MRIScomputeBorderValues_new() finished in 0.0132 min


Finding expansion regions
mean absolute distance = 0.71 +- 0.85
5532 vertices more than 2 sigmas from mean.
Averaging target values for 5 iterations...
Positioning Surface: tspring = 0.3, nspring = 0.3, spring = 0, niters = 100 l_repulse = 5, l_surf_repulse = 0, checktol = 0
Positioning pial surface
Entering MRISpositionSurface()
  max_mm = 0.3
  MAX_REDUCTIONS = 2, REDUCTION_PCT = 0.5
  parms->check_tol = 0, niterations = 100
tol=1.0e-04, sigma=2.0, host=dna05, nav=4, nbrs=2, l_repulse=5.000, l_tspring=0.300, l_nspring=0.300, l_intensity=0.200, l_curv=1.000
mom=0.00, dt=0.50
complete_dist_mat 0
rms 0
smooth_averages 0
remove_neg 0
ico_order 0
which_surface 0
target_radius 0.000000
nfields 0
scale 0.000000
desired_rms_height 0.000000
momentum 0.000000
nbhd_size 0
max_nbrs 0
niterations 100
nsurfaces 0
SURFACES 3
flags 0 (0)
use curv 0
no sulc 0
no rigid align 0
mris->nsize 2
mris->hemisphere 0
randomSeed 0

000: dt: 0.0000, sse=2259717.2, rms=8.362
001: dt: 0.5000, sse=1262190.4, rms=6.056 (27.570%)
002: dt: 0.5000, sse=797992.8, rms=4.595 (24.125%)
003: dt: 0.5000, sse=570300.9, rms=3.667 (20.206%)
004: dt: 0.5000, sse=454217.2, rms=3.088 (15.769%)
005: dt: 0.5000, sse=396484.8, rms=2.731 (11.587%)
006: dt: 0.5000, sse=365719.8, rms=2.537 (7.077%)
007: dt: 0.5000, sse=354219.5, rms=2.425 (4.441%)
008: dt: 0.5000, sse=341891.7, rms=2.368 (2.352%)
rms = 2.3254/2.3677, sse=339468.2/341891.7, time step reduction 1 of 3 to 0.250  0 0 1
009: dt: 0.5000, sse=339468.2, rms=2.325 (1.788%)
010: dt: 0.2500, sse=251672.7, rms=1.503 (35.373%)
011: dt: 0.2500, sse=242006.3, rms=1.377 (8.346%)
rms = 1.3354/1.3774, sse=234614.2/242006.3, time step reduction 2 of 3 to 0.125  0 0 1
012: dt: 0.2500, sse=234614.2, rms=1.335 (3.049%)
rms = 1.3000/1.3354, sse=232667.5/234614.2, time step reduction 3 of 3 to 0.062  0 0 1
013: dt: 0.1250, sse=232667.5, rms=1.300 (2.650%)
  maximum number of reductions reached, breaking from loop
positioning took 1.4 minutes
Iteration 1 =========================================
n_averages=2, current_sigma=1
Freezing midline and others
Ripping frozen voxels
INFO: rip surface needed but not specified, so using input surface
Freezing midline and others
Entering: MRISripMidline(): inhibiting deformation at non-cortical midline structures...
  which=1, fix_mtl=0, using annot = 0
#FML0# MRISripMidline(): nripped=5962
removing 3 vertices from ripped group in thread:0
removing 2 vertices from ripped group in thread:0
removing 3 vertices from ripped group in thread:0
removing 3 vertices from ripped group in thread:0
removing 3 vertices from ripped group in thread:0
#FML# MRISripMidline(): nmarked=6511, nmarked2=280, nripped=6511
Ripping segs (eg, WMSA, BG, frozen)
Starting MRISripSegs() d = (-2 2 0.5) segnos: 247 247 247 
MRISripSegs(): -2 2 0.5 ripped 0
Computing target border values 
Entering MRIScomputeBorderValues_new(): 
  inside_hi   = 120.0000000;
  border_hi   = 108.1846240;
  border_low  =  73.0000000;
  outside_low =  63.8590010;
  outside_hi  = 108.1846240;
  sigma = 1;
  max_thickness = 10;
  step_size=0.5;
  STEP_SIZE=0.1;
  which = 1
  thresh = 0
  flags = 0
  CBVfindFirstPeakD1=0
  CBVfindFirstPeakD2=0
  nvertices=155178
  Gdiag_no=-1
  vno start=0, stop=155178
Replacing 255s with 0s
#SI# sigma=1 had to be increased for 150 vertices, nripped=6511
mean border=85.8, 151 (47) missing vertices, mean dist -0.2 [0.4 (%70.5)->0.3 (%29.5))]
%78 local maxima, %17 large gradients and % 0 min vals, 0 gradients ignored
nFirstPeakD1 0
MRIScomputeBorderValues_new() finished in 0.0102 min


Finding expansion regions
mean absolute distance = 0.35 +- 0.59
4033 vertices more than 2 sigmas from mean.
Averaging target values for 5 iterations...
Positioning Surface: tspring = 0.3, nspring = 0.3, spring = 0, niters = 100 l_repulse = 5, l_surf_repulse = 0, checktol = 0
Positioning pial surface
Entering MRISpositionSurface()
  max_mm = 0.3
  MAX_REDUCTIONS = 2, REDUCTION_PCT = 0.5
  parms->check_tol = 0, niterations = 100
tol=1.0e-04, sigma=1.0, host=dna05, nav=2, nbrs=2, l_repulse=5.000, l_tspring=0.300, l_nspring=0.300, l_intensity=0.200, l_curv=1.000
mom=0.00, dt=0.50
000: dt: 0.0000, sse=606879.4, rms=3.523
014: dt: 0.5000, sse=371421.4, rms=2.122 (39.780%)
015: dt: 0.5000, sse=332322.4, rms=1.774 (16.407%)
016: dt: 0.5000, sse=324871.0, rms=1.686 (4.934%)
rms = 1.6918/1.6860, sse=325195.2/324871.0, time step reduction 1 of 3 to 0.250  0 1 1
   RMS increased, rejecting step
017: dt: 0.2500, sse=290892.9, rms=1.311 (22.267%)
018: dt: 0.2500, sse=277972.0, rms=1.124 (14.201%)
rms = 1.0759/1.1245, sse=276366.0/277972.0, time step reduction 2 of 3 to 0.125  0 0 1
019: dt: 0.2500, sse=276366.0, rms=1.076 (4.323%)
rms = 1.0403/1.0759, sse=273009.8/276366.0, time step reduction 3 of 3 to 0.062  0 0 1
020: dt: 0.1250, sse=273009.8, rms=1.040 (3.305%)
  maximum number of reductions reached, breaking from loop
positioning took 0.8 minutes
Iteration 2 =========================================
n_averages=1, current_sigma=0.5
Freezing midline and others
Ripping frozen voxels
INFO: rip surface needed but not specified, so using input surface
Freezing midline and others
Entering: MRISripMidline(): inhibiting deformation at non-cortical midline structures...
  which=1, fix_mtl=0, using annot = 0
#FML0# MRISripMidline(): nripped=6511
removing 2 vertices from ripped group in thread:0
removing 2 vertices from ripped group in thread:0
removing 2 vertices from ripped group in thread:0
removing 2 vertices from ripped group in thread:0
#FML# MRISripMidline(): nmarked=6575, nmarked2=280, nripped=6575
Ripping segs (eg, WMSA, BG, frozen)
Starting MRISripSegs() d = (-2 2 0.5) segnos: 247 247 247 247 
MRISripSegs(): -2 2 0.5 ripped 0
Computing target border values 
Entering MRIScomputeBorderValues_new(): 
  inside_hi   = 120.0000000;
  border_hi   = 108.1846240;
  border_low  =  73.0000000;
  outside_low =  63.8590010;
  outside_hi  = 108.1846240;
  sigma = 0.5;
  max_thickness = 10;
  step_size=0.5;
  STEP_SIZE=0.1;
  which = 1
  thresh = 0
  flags = 0
  CBVfindFirstPeakD1=0
  CBVfindFirstPeakD2=0
  nvertices=155178
  Gdiag_no=-1
  vno start=0, stop=155178
Replacing 255s with 0s
#SI# sigma=0.5 had to be increased for 166 vertices, nripped=6575
mean border=87.1, 159 (34) missing vertices, mean dist -0.1 [0.3 (%64.4)->0.2 (%35.6))]
%83 local maxima, %13 large gradients and % 0 min vals, 0 gradients ignored
nFirstPeakD1 0
MRIScomputeBorderValues_new() finished in 0.0058 min


Finding expansion regions
mean absolute distance = 0.28 +- 0.46
3850 vertices more than 2 sigmas from mean.
Averaging target values for 5 iterations...
Positioning Surface: tspring = 0.3, nspring = 0.3, spring = 0, niters = 100 l_repulse = 5, l_surf_repulse = 0, checktol = 0
Positioning pial surface
Entering MRISpositionSurface()
  max_mm = 0.3
  MAX_REDUCTIONS = 2, REDUCTION_PCT = 0.5
  parms->check_tol = 0, niterations = 100
tol=1.0e-04, sigma=0.5, host=dna05, nav=1, nbrs=2, l_repulse=5.000, l_tspring=0.300, l_nspring=0.300, l_intensity=0.200, l_curv=1.000
mom=0.00, dt=0.50
000: dt: 0.0000, sse=377956.5, rms=2.157
021: dt: 0.5000, sse=311134.6, rms=1.519 (29.547%)
022: dt: 0.5000, sse=302470.2, rms=1.445 (4.874%)
rms = 1.4969/1.4454, sse=307876.1/302470.2, time step reduction 1 of 3 to 0.250  0 1 1
   RMS increased, rejecting step
023: dt: 0.2500, sse=279033.0, rms=1.124 (22.243%)
024: dt: 0.2500, sse=270267.9, rms=0.989 (12.041%)
rms = 0.9853/0.9886, sse=271708.9/270267.9, time step reduction 2 of 3 to 0.125  0 1 1
025: dt: 0.2500, sse=271708.9, rms=0.985 (0.334%)
rms = 0.9384/0.9853, sse=267038.2/271708.9, time step reduction 3 of 3 to 0.062  0 0 1
026: dt: 0.1250, sse=267038.2, rms=0.938 (4.761%)
  maximum number of reductions reached, breaking from loop
positioning took 0.7 minutes
Iteration 3 =========================================
n_averages=0, current_sigma=0.25
Freezing midline and others
Ripping frozen voxels
INFO: rip surface needed but not specified, so using input surface
Freezing midline and others
Entering: MRISripMidline(): inhibiting deformation at non-cortical midline structures...
  which=1, fix_mtl=0, using annot = 0
#FML0# MRISripMidline(): nripped=6575
removing 2 vertices from ripped group in thread:0
removing 3 vertices from ripped group in thread:0
removing 2 vertices from ripped group in thread:0
removing 4 vertices from ripped group in thread:0
#FML# MRISripMidline(): nmarked=6674, nmarked2=280, nripped=6674
Ripping segs (eg, WMSA, BG, frozen)
Starting MRISripSegs() d = (-2 2 0.5) segnos: 247 247 247 247 247 
MRISripSegs(): -2 2 0.5 ripped 0
Computing target border values 
Entering MRIScomputeBorderValues_new(): 
  inside_hi   = 120.0000000;
  border_hi   = 108.1846240;
  border_low  =  73.0000000;
  outside_low =  63.8590010;
  outside_hi  = 108.1846240;
  sigma = 0.25;
  max_thickness = 10;
  step_size=0.5;
  STEP_SIZE=0.1;
  which = 1
  thresh = 0
  flags = 0
  CBVfindFirstPeakD1=0
  CBVfindFirstPeakD2=0
  nvertices=155178
  Gdiag_no=-1
  vno start=0, stop=155178
Replacing 255s with 0s
#SI# sigma=0.25 had to be increased for 158 vertices, nripped=6674
mean border=87.6, 166 (27) missing vertices, mean dist -0.0 [0.3 (%54.4)->0.3 (%45.6))]
%86 local maxima, %10 large gradients and % 0 min vals, 0 gradients ignored
nFirstPeakD1 0
MRIScomputeBorderValues_new() finished in 0.0038 min


Finding expansion regions
mean absolute distance = 0.27 +- 0.40
3573 vertices more than 2 sigmas from mean.
Averaging target values for 5 iterations...
Positioning Surface: tspring = 0.3, nspring = 0.3, spring = 0, niters = 100 l_repulse = 5, l_surf_repulse = 0, checktol = 0
Positioning pial surface
Entering MRISpositionSurface()
  max_mm = 0.3
  MAX_REDUCTIONS = 2, REDUCTION_PCT = 0.5
  parms->check_tol = 0, niterations = 100
tol=1.0e-04, sigma=0.2, host=dna05, nav=0, nbrs=2, l_repulse=5.000, l_tspring=0.300, l_nspring=0.300, l_intensity=0.200, l_curv=1.000
mom=0.00, dt=0.50
000: dt: 0.0000, sse=289088.8, rms=1.301
027: dt: 0.5000, sse=278041.0, rms=1.139 (12.426%)
rms = 1.2012/1.1394, sse=283361.3/278041.0, time step reduction 1 of 3 to 0.250  0 1 1
   RMS increased, rejecting step
028: dt: 0.2500, sse=262611.0, rms=0.893 (21.629%)
rms = 0.8640/0.8929, sse=258904.9/262611.0, time step reduction 2 of 3 to 0.125  0 0 1
029: dt: 0.2500, sse=258904.9, rms=0.864 (3.237%)
030: dt: 0.1250, sse=254874.1, rms=0.778 (10.008%)
rms = 0.7565/0.7776, sse=253421.1/254874.1, time step reduction 3 of 3 to 0.062  0 0 1
031: dt: 0.1250, sse=253421.1, rms=0.756 (2.711%)
  maximum number of reductions reached, breaking from loop
positioning took 0.6 minutes


Writing output to ../surf/lh.white.preaparc
#ET# mris_place_surface  3.49 minutes
#VMPC# mris_place_surfaces VmPeak  3343776
mris_place_surface done
#--------------------------------------------
#@# CortexLabel lh Thu Mar 12 17:23:24 CET 2026
cd /out/sourcedata/freesurfer/sub-v1s20x0050295_ses-1/mri
mri_label2label --label-cortex ../surf/lh.white.preaparc aseg.presurf.mgz 0 ../label/lh.cortex.label

 Generating cortex label... RemoveHipAmgy=0
 NucAccIsMedialWall=0
 mris->useRealRAS=0
7 non-cortical segments detected
only using segment with 7737 vertices
erasing segment 0 (vno[0] = 24762)
erasing segment 2 (vno[0] = 87726)
erasing segment 3 (vno[0] = 87762)
erasing segment 4 (vno[0] = 90331)
erasing segment 5 (vno[0] = 90361)
erasing segment 6 (vno[0] = 127371)
#--------------------------------------------
#@# CortexLabel+HipAmyg lh Thu Mar 12 17:23:40 CET 2026
cd /out/sourcedata/freesurfer/sub-v1s20x0050295_ses-1/mri
mri_label2label --label-cortex ../surf/lh.white.preaparc aseg.presurf.mgz 1 ../label/lh.cortex+hipamyg.label

 Generating cortex label... RemoveHipAmgy=1
 NucAccIsMedialWall=0
 mris->useRealRAS=0
14 non-cortical segments detected
only using segment with 5328 vertices
erasing segment 0 (vno[0] = 24762)
erasing segment 2 (vno[0] = 47692)
erasing segment 3 (vno[0] = 80989)
erasing segment 4 (vno[0] = 81871)
erasing segment 5 (vno[0] = 81887)
erasing segment 6 (vno[0] = 81938)
erasing segment 7 (vno[0] = 87726)
erasing segment 8 (vno[0] = 87762)
erasing segment 9 (vno[0] = 90331)
erasing segment 10 (vno[0] = 90361)
erasing segment 11 (vno[0] = 126562)
erasing segment 12 (vno[0] = 127371)
erasing segment 13 (vno[0] = 145265)
#--------------------------------------------
#@# Smooth2 lh Thu Mar 12 17:23:57 CET 2026
/out/sourcedata/freesurfer/sub-v1s20x0050295_ses-1/scripts

 mris_smooth -n 3 -nw -seed 1234 ../surf/lh.white.preaparc ../surf/lh.smoothwm 

smoothing for 3 iterations
setting seed for random number generator to 1234
smoothing surface tessellation for 3 iterations...
smoothing complete - recomputing first and second fundamental forms...
#--------------------------------------------
#@# Inflation2 lh Thu Mar 12 17:24:01 CET 2026
/out/sourcedata/freesurfer/sub-v1s20x0050295_ses-1/scripts

 mris_inflate ../surf/lh.smoothwm ../surf/lh.inflated 

Reading ../surf/lh.smoothwm
avg radius = 47.5 mm, total surface area = 97639 mm^2
step 000: RMS=0.175 (target=0.015)   step 005: RMS=0.119 (target=0.015)   step 010: RMS=0.090 (target=0.015)   step 015: RMS=0.077 (target=0.015)   step 020: RMS=0.064 (target=0.015)   step 025: RMS=0.055 (target=0.015)   step 030: RMS=0.046 (target=0.015)   step 035: RMS=0.040 (target=0.015)   step 040: RMS=0.034 (target=0.015)   step 045: RMS=0.030 (target=0.015)   step 050: RMS=0.028 (target=0.015)   step 055: RMS=0.026 (target=0.015)   step 060: RMS=0.025 (target=0.015)   writing inflated surface to ../surf/lh.inflated
writing sulcal depths to ../surf/lh.sulc

inflation complete.
inflation took 0.3 minutes
mris_inflate utimesec    81.644088
mris_inflate stimesec    1.873318
mris_inflate ru_maxrss   237512
mris_inflate ru_ixrss    0
mris_inflate ru_idrss    0
mris_inflate ru_isrss    0
mris_inflate ru_minflt   520578
mris_inflate ru_majflt   3
mris_inflate ru_nswap    0
mris_inflate ru_inblock  130
mris_inflate ru_oublock  12136
mris_inflate ru_msgsnd   0
mris_inflate ru_msgrcv   0
mris_inflate ru_nsignals 0
mris_inflate ru_nvcsw    6921
mris_inflate ru_nivcsw   1136
#--------------------------------------------
#@# Curv .H and .K lh Thu Mar 12 17:24:18 CET 2026
/out/sourcedata/freesurfer/sub-v1s20x0050295_ses-1/surf

 mris_curvature -w -seed 1234 lh.white.preaparc 

setting seed for random number generator to 1234
total integrated curvature = 34.649*4pi (435.413) --> -34 handles
ICI = 207.5, FI = 1763.4, variation=28669.181
writing Gaussian curvature to ./lh.white.preaparc.K...done.
writing mean curvature to ./lh.white.preaparc.H...done.
rm -f lh.white.H
ln -s lh.white.preaparc.H lh.white.H
rm -f lh.white.K
ln -s lh.white.preaparc.K lh.white.K

 mris_curvature -seed 1234 -thresh .999 -n -a 5 -w -distances 10 10 lh.inflated 

setting seed for random number generator to 1234
normalizing curvature values.
averaging curvature patterns 5 times.
sampling 10 neighbors out to a distance of 10 mm
261 vertices thresholded to be in k1 ~ [-0.73 1.07], k2 ~ [-0.21 0.13]
total integrated curvature = 0.245*4pi (3.078) --> 1 handles
ICI = 1.6, FI = 11.3, variation=191.733
187 vertices thresholded to be in [-0.08 0.03]
writing Gaussian curvature to ./lh.inflated.K...thresholding curvature at 99.90% level
curvature mean = 0.000, std = 0.002
176 vertices thresholded to be in [-0.30 0.43]
done.
writing mean curvature to ./lh.inflated.H...curvature mean = -0.015, std = 0.025
done.
#--------------------------------------------
#@# Sphere lh Thu Mar 12 17:25:11 CET 2026
/out/sourcedata/freesurfer/sub-v1s20x0050295_ses-1/scripts

 mris_sphere -seed 1234 ../surf/lh.inflated ../surf/lh.sphere 

setting seed for random number genererator to 1234
version: 7.3.2
available threads: 16
reading original vertex positions...
projecting onto sphere...
surface projected - minimizing metric distortion...
scaling brain by 0.262...
MRISunfold() max_passes = 1 -------
tol=5.0e-01, sigma=0.0, host=dna05, nav=1024, nbrs=2, l_area=1.000, l_dist=1.000
using quadratic fit line minimization
complete_dist_mat 0
rms 0
smooth_averages 0
remove_neg 0
ico_order 0
which_surface 0
target_radius 0.000000
nfields 0
scale 1.000000
desired_rms_height -1.000000
momentum 0.900000
nbhd_size 7
max_nbrs 8
niterations 25
nsurfaces 0
SURFACES 3
flags 0 (0)
use curv 0
no sulc 0
no rigid align 0
mris->nsize 2
mris->hemisphere 0
randomSeed 1234

singular matrix in quadratic form
singular matrix in quadratic form
--------------------
  mrisRemoveNegativeArea()
pass 1: epoch 1 of 3 starting distance error %21.13
pass 1: epoch 2 of 3 starting distance error %21.09
unfolding complete - removing small folds...
starting distance error %20.99
removing remaining folds...
final distance error %21.03
MRISunfold() return, current seed 1234
-01: dt=0.0000,  93 negative triangles  VmPeak 1707188
194: dt=0.9900,  93 negative triangles
195: dt=0.9900,  70 negative triangles
196: dt=0.9900,  73 negative triangles
197: dt=0.9900,  66 negative triangles
198: dt=0.9900,  64 negative triangles
199: dt=0.9900,  67 negative triangles
200: dt=0.9900,  63 negative triangles
201: dt=0.9900,  63 negative triangles
202: dt=0.9900,  65 negative triangles
203: dt=0.9900,  60 negative triangles
204: dt=0.9900,  65 negative triangles
205: dt=0.9900,  57 negative triangles
206: dt=0.9900,  62 negative triangles
207: dt=0.9900,  57 negative triangles
208: dt=0.9900,  56 negative triangles
209: dt=0.9900,  55 negative triangles
210: dt=0.9900,  58 negative triangles
211: dt=0.9900,  55 negative triangles
212: dt=0.9900,  53 negative triangles
213: dt=0.9900,  53 negative triangles
214: dt=0.9900,  54 negative triangles
215: dt=0.9900,  52 negative triangles
216: dt=0.9900,  52 negative triangles
217: dt=0.9900,  54 negative triangles
218: dt=0.9900,  51 negative triangles
219: dt=0.9900,  51 negative triangles
220: dt=0.9900,  53 negative triangles
221: dt=0.9900,  54 negative triangles
222: dt=0.9900,  53 negative triangles
223: dt=0.9900,  53 negative triangles
224: dt=0.9900,  51 negative triangles
225: dt=0.9900,  55 negative triangles
226: dt=0.9900,  52 negative triangles
227: dt=0.9900,  52 negative triangles
228: dt=0.9405,  54 negative triangles
229: dt=0.9405,  51 negative triangles
230: dt=0.9405,  49 negative triangles
231: dt=0.9405,  53 negative triangles
232: dt=0.9405,  52 negative triangles
233: dt=0.9405,  48 negative triangles
234: dt=0.9405,  53 negative triangles
235: dt=0.9405,  51 negative triangles
236: dt=0.9405,  54 negative triangles
237: dt=0.9405,  49 negative triangles
238: dt=0.9405,  56 negative triangles
239: dt=0.9405,  50 negative triangles
240: dt=0.9405,  56 negative triangles
241: dt=0.9405,  58 negative triangles
242: dt=0.9405,  52 negative triangles
243: dt=0.8935,  50 negative triangles
244: dt=0.8935,  55 negative triangles
245: dt=0.8935,  54 negative triangles
246: dt=0.8935,  54 negative triangles
247: dt=0.8935,  53 negative triangles
248: dt=0.8935,  54 negative triangles
249: dt=0.8935,  54 negative triangles
250: dt=0.8935,  56 negative triangles
251: dt=0.8935,  53 negative triangles
252: dt=0.8935,  54 negative triangles
253: dt=0.8488,  55 negative triangles
254: dt=0.8488,  54 negative triangles
255: dt=0.8488,  54 negative triangles
256: dt=0.8488,  55 negative triangles
257: dt=0.8488,  55 negative triangles
258: dt=0.8488,  55 negative triangles
259: dt=0.8488,  54 negative triangles
260: dt=0.8488,  54 negative triangles
261: dt=0.8488,  54 negative triangles
262: dt=0.8488,  57 negative triangles
263: dt=0.8064,  56 negative triangles
264: dt=0.8064,  56 negative triangles
265: dt=0.8064,  54 negative triangles
266: dt=0.8064,  58 negative triangles
267: dt=0.8064,  55 negative triangles
268: dt=0.8064,  54 negative triangles
269: dt=0.8064,  56 negative triangles
270: dt=0.8064,  51 negative triangles
271: dt=0.8064,  60 negative triangles
272: dt=0.8064,  54 negative triangles
273: dt=0.7660,  57 negative triangles
274: dt=0.7660,  56 negative triangles
275: dt=0.7660,  56 negative triangles
276: dt=0.7660,  53 negative triangles
277: dt=0.7660,  54 negative triangles
278: dt=0.7660,  51 negative triangles
279: dt=0.7660,  54 negative triangles
280: dt=0.7660,  54 negative triangles
281: dt=0.7660,  54 negative triangles
282: dt=0.7660,  52 negative triangles
283: dt=0.7277,  54 negative triangles
expanding nbhd size to 1
284: dt=0.9900,  57 negative triangles
285: dt=0.9900,  52 negative triangles
286: dt=0.9900,  56 negative triangles
287: dt=0.9900,  53 negative triangles
288: dt=0.9900,  51 negative triangles
289: dt=0.9900,  49 negative triangles
290: dt=0.9900,  55 negative triangles
291: dt=0.9900,  51 negative triangles
292: dt=0.9900,  51 negative triangles
293: dt=0.9405,  51 negative triangles
294: dt=0.9405,  51 negative triangles
295: dt=0.9405,  51 negative triangles
296: dt=0.9405,  52 negative triangles
297: dt=0.9405,  51 negative triangles
298: dt=0.9405,  51 negative triangles
299: dt=0.9405,  50 negative triangles
300: dt=0.9405,  50 negative triangles
301: dt=0.9405,  50 negative triangles
302: dt=0.9405,  50 negative triangles
303: dt=0.8935,  49 negative triangles
304: dt=0.8935,  49 negative triangles
305: dt=0.8935,  49 negative triangles
306: dt=0.8935,  49 negative triangles
307: dt=0.8935,  49 negative triangles
308: dt=0.8935,  50 negative triangles
309: dt=0.8935,  50 negative triangles
310: dt=0.8935,  50 negative triangles
311: dt=0.8935,  49 negative triangles
312: dt=0.8935,  49 negative triangles
313: dt=0.8488,  49 negative triangles
314: dt=0.8488,  49 negative triangles
315: dt=0.8488,  49 negative triangles
316: dt=0.8488,  49 negative triangles
317: dt=0.8488,  49 negative triangles
318: dt=0.8488,  48 negative triangles
319: dt=0.8488,  48 negative triangles
320: dt=0.8488,  48 negative triangles
321: dt=0.8488,  48 negative triangles
322: dt=0.8488,  48 negative triangles
323: dt=0.8064,  49 negative triangles
324: dt=0.8064,  48 negative triangles
325: dt=0.8064,  48 negative triangles
326: dt=0.8064,  48 negative triangles
327: dt=0.8064,  48 negative triangles
328: dt=0.8064,  48 negative triangles
329: dt=0.8064,  49 negative triangles
330: dt=0.8064,  49 negative triangles
331: dt=0.8064,  49 negative triangles
332: dt=0.8064,  49 negative triangles
333: dt=0.7660,  49 negative triangles
334: dt=0.7660,  49 negative triangles
335: dt=0.7660,  49 negative triangles
336: dt=0.7660,  49 negative triangles
337: dt=0.7660,  49 negative triangles
338: dt=0.7660,  49 negative triangles
339: dt=0.7660,  48 negative triangles
340: dt=0.7660,  48 negative triangles
341: dt=0.7660,  48 negative triangles
342: dt=0.7660,  48 negative triangles
343: dt=0.7277,  48 negative triangles
344: dt=0.7277,  48 negative triangles
345: dt=0.7277,  48 negative triangles
346: dt=0.7277,  48 negative triangles
347: dt=0.7277,  48 negative triangles
348: dt=0.7277,  48 negative triangles
349: dt=0.7277,  48 negative triangles
350: dt=0.7277,  48 negative triangles
351: dt=0.7277,  48 negative triangles
352: dt=0.7277,  48 negative triangles
353: dt=0.7277,  47 negative triangles
354: dt=0.7277,  47 negative triangles
355: dt=0.7277,  47 negative triangles
356: dt=0.7277,  47 negative triangles
357: dt=0.7277,  47 negative triangles
358: dt=0.7277,  47 negative triangles
359: dt=0.7277,  47 negative triangles
360: dt=0.7277,  47 negative triangles
361: dt=0.7277,  47 negative triangles
362: dt=0.7277,  47 negative triangles
363: dt=0.6914,  48 negative triangles
364: dt=0.6914,  47 negative triangles
365: dt=0.6914,  47 negative triangles
366: dt=0.6914,  47 negative triangles
367: dt=0.6914,  47 negative triangles
368: dt=0.6914,  46 negative triangles
369: dt=0.6914,  46 negative triangles
370: dt=0.6914,  45 negative triangles
371: dt=0.6914,  45 negative triangles
372: dt=0.6914,  45 negative triangles
373: dt=0.6914,  44 negative triangles
374: dt=0.6914,  44 negative triangles
375: dt=0.6914,  44 negative triangles
376: dt=0.6914,  44 negative triangles
377: dt=0.6914,  44 negative triangles
378: dt=0.6914,  44 negative triangles
379: dt=0.6914,  44 negative triangles
380: dt=0.6914,  44 negative triangles
381: dt=0.6914,  44 negative triangles
382: dt=0.6914,  44 negative triangles
383: dt=0.6568,  45 negative triangles
384: dt=0.6568,  45 negative triangles
385: dt=0.6568,  44 negative triangles
386: dt=0.6568,  44 negative triangles
387: dt=0.6568,  44 negative triangles
388: dt=0.6568,  44 negative triangles
389: dt=0.6568,  43 negative triangles
390: dt=0.6568,  43 negative triangles
391: dt=0.6568,  43 negative triangles
392: dt=0.6568,  43 negative triangles
393: dt=0.6568,  43 negative triangles
394: dt=0.6568,  43 negative triangles
395: dt=0.6568,  43 negative triangles
396: dt=0.6568,  43 negative triangles
397: dt=0.6568,  43 negative triangles
398: dt=0.6568,  43 negative triangles
399: dt=0.6239,  44 negative triangles
400: dt=0.6239,  43 negative triangles
401: dt=0.6239,  43 negative triangles
402: dt=0.6239,  43 negative triangles
403: dt=0.6239,  43 negative triangles
404: dt=0.6239,  42 negative triangles
405: dt=0.6239,  42 negative triangles
406: dt=0.6239,  42 negative triangles
407: dt=0.6239,  41 negative triangles
408: dt=0.6239,  42 negative triangles
409: dt=0.6239,  41 negative triangles
410: dt=0.6239,  41 negative triangles
411: dt=0.6239,  41 negative triangles
412: dt=0.6239,  41 negative triangles
413: dt=0.6239,  42 negative triangles
414: dt=0.6239,  41 negative triangles
415: dt=0.6239,  41 negative triangles
416: dt=0.6239,  40 negative triangles
417: dt=0.6239,  40 negative triangles
418: dt=0.6239,  40 negative triangles
419: dt=0.6239,  40 negative triangles
420: dt=0.6239,  40 negative triangles
421: dt=0.6239,  40 negative triangles
422: dt=0.6239,  40 negative triangles
423: dt=0.6239,  40 negative triangles
424: dt=0.6239,  39 negative triangles
425: dt=0.6239,  39 negative triangles
426: dt=0.6239,  39 negative triangles
427: dt=0.6239,  39 negative triangles
428: dt=0.6239,  38 negative triangles
429: dt=0.6239,  38 negative triangles
430: dt=0.6239,  38 negative triangles
431: dt=0.6239,  38 negative triangles
432: dt=0.6239,  38 negative triangles
433: dt=0.6239,  38 negative triangles
434: dt=0.6239,  38 negative triangles
435: dt=0.6239,  38 negative triangles
436: dt=0.6239,  38 negative triangles
437: dt=0.6239,  38 negative triangles
438: dt=0.5927,  38 negative triangles
439: dt=0.5927,  38 negative triangles
440: dt=0.5927,  38 negative triangles
441: dt=0.5927,  38 negative triangles
442: dt=0.5927,  38 negative triangles
443: dt=0.5927,  38 negative triangles
444: dt=0.5927,  38 negative triangles
445: dt=0.5927,  38 negative triangles
446: dt=0.5927,  38 negative triangles
447: dt=0.5927,  38 negative triangles
448: dt=0.5631,  38 negative triangles
449: dt=0.5631,  38 negative triangles
450: dt=0.5631,  38 negative triangles
451: dt=0.5631,  38 negative triangles
452: dt=0.5631,  38 negative triangles
453: dt=0.5631,  38 negative triangles
454: dt=0.5631,  38 negative triangles
455: dt=0.5631,  38 negative triangles
456: dt=0.5631,  38 negative triangles
457: dt=0.5631,  38 negative triangles
458: dt=0.5350,  38 negative triangles
459: dt=0.5350,  38 negative triangles
460: dt=0.5350,  38 negative triangles
461: dt=0.5350,  38 negative triangles
462: dt=0.5350,  38 negative triangles
463: dt=0.5350,  38 negative triangles
464: dt=0.5350,  38 negative triangles
465: dt=0.5350,  38 negative triangles
466: dt=0.5350,  38 negative triangles
467: dt=0.5350,  38 negative triangles
468: dt=0.5082,  38 negative triangles
469: dt=0.5082,  38 negative triangles
470: dt=0.5082,  37 negative triangles
471: dt=0.5082,  36 negative triangles
472: dt=0.5082,  36 negative triangles
473: dt=0.5082,  37 negative triangles
474: dt=0.5082,  36 negative triangles
475: dt=0.5082,  36 negative triangles
476: dt=0.5082,  36 negative triangles
477: dt=0.5082,  36 negative triangles
478: dt=0.5082,  36 negative triangles
479: dt=0.5082,  36 negative triangles
480: dt=0.5082,  36 negative triangles
481: dt=0.4828,  36 negative triangles
482: dt=0.4828,  36 negative triangles
483: dt=0.4828,  36 negative triangles
484: dt=0.4828,  36 negative triangles
485: dt=0.4828,  36 negative triangles
486: dt=0.4828,  36 negative triangles
487: dt=0.4828,  36 negative triangles
488: dt=0.4828,  36 negative triangles
489: dt=0.4828,  36 negative triangles
490: dt=0.4828,  36 negative triangles
491: dt=0.4587,  36 negative triangles
492: dt=0.4587,  36 negative triangles
493: dt=0.4587,  36 negative triangles
494: dt=0.4587,  36 negative triangles
495: dt=0.4587,  36 negative triangles
496: dt=0.4587,  36 negative triangles
497: dt=0.4587,  36 negative triangles
498: dt=0.4587,  36 negative triangles
499: dt=0.4587,  36 negative triangles
500: dt=0.4587,  36 negative triangles
501: dt=0.4357,  36 negative triangles
502: dt=0.4357,  36 negative triangles
503: dt=0.4357,  36 negative triangles
504: dt=0.4357,  37 negative triangles
505: dt=0.4357,  35 negative triangles
506: dt=0.4357,  35 negative triangles
507: dt=0.4357,  35 negative triangles
508: dt=0.4357,  35 negative triangles
509: dt=0.4357,  35 negative triangles
510: dt=0.4357,  35 negative triangles
511: dt=0.4357,  34 negative triangles
512: dt=0.4357,  34 negative triangles
513: dt=0.4357,  34 negative triangles
514: dt=0.4357,  34 negative triangles
515: dt=0.4357,  33 negative triangles
516: dt=0.4357,  32 negative triangles
517: dt=0.4357,  31 negative triangles
518: dt=0.4357,  31 negative triangles
519: dt=0.4357,  31 negative triangles
520: dt=0.4357,  30 negative triangles
521: dt=0.4357,  30 negative triangles
522: dt=0.4357,  30 negative triangles
523: dt=0.4357,  30 negative triangles
524: dt=0.4357,  30 negative triangles
525: dt=0.4357,  30 negative triangles
526: dt=0.4357,  30 negative triangles
527: dt=0.4357,  30 negative triangles
528: dt=0.4357,  30 negative triangles
529: dt=0.4357,  30 negative triangles
530: dt=0.4139,  30 negative triangles
531: dt=0.4139,  30 negative triangles
532: dt=0.4139,  30 negative triangles
533: dt=0.4139,  30 negative triangles
534: dt=0.4139,  30 negative triangles
535: dt=0.4139,  30 negative triangles
536: dt=0.4139,  30 negative triangles
537: dt=0.4139,  30 negative triangles
538: dt=0.4139,  30 negative triangles
539: dt=0.4139,  30 negative triangles
540: dt=0.3932,  30 negative triangles
541: dt=0.3932,  30 negative triangles
542: dt=0.3932,  30 negative triangles
543: dt=0.3932,  30 negative triangles
544: dt=0.3932,  30 negative triangles
545: dt=0.3932,  30 negative triangles
546: dt=0.3932,  30 negative triangles
547: dt=0.3932,  30 negative triangles
548: dt=0.3932,  30 negative triangles
549: dt=0.3932,  30 negative triangles
550: dt=0.3736,  30 negative triangles
551: dt=0.3736,  30 negative triangles
552: dt=0.3736,  30 negative triangles
553: dt=0.3736,  29 negative triangles
554: dt=0.3736,  29 negative triangles
555: dt=0.3736,  29 negative triangles
556: dt=0.3736,  29 negative triangles
557: dt=0.3736,  29 negative triangles
558: dt=0.3736,  29 negative triangles
559: dt=0.3736,  29 negative triangles
560: dt=0.3736,  29 negative triangles
561: dt=0.3736,  29 negative triangles
562: dt=0.3736,  29 negative triangles
563: dt=0.3549,  29 negative triangles
564: dt=0.3549,  28 negative triangles
565: dt=0.3549,  28 negative triangles
566: dt=0.3549,  28 negative triangles
567: dt=0.3549,  28 negative triangles
568: dt=0.3549,  28 negative triangles
569: dt=0.3549,  28 negative triangles
570: dt=0.3549,  28 negative triangles
571: dt=0.3549,  28 negative triangles
572: dt=0.3549,  28 negative triangles
573: dt=0.3549,  28 negative triangles
574: dt=0.3372,  28 negative triangles
575: dt=0.3372,  28 negative triangles
576: dt=0.3372,  28 negative triangles
577: dt=0.3372,  28 negative triangles
578: dt=0.3372,  28 negative triangles
579: dt=0.3372,  28 negative triangles
580: dt=0.3372,  28 negative triangles
581: dt=0.3372,  28 negative triangles
582: dt=0.3372,  28 negative triangles
583: dt=0.3372,  28 negative triangles
584: dt=0.3203,  28 negative triangles
585: dt=0.3203,  28 negative triangles
586: dt=0.3203,  28 negative triangles
587: dt=0.3203,  28 negative triangles
588: dt=0.3203,  28 negative triangles
589: dt=0.3203,  28 negative triangles
590: dt=0.3203,  28 negative triangles
591: dt=0.3203,  28 negative triangles
592: dt=0.3203,  28 negative triangles
593: dt=0.3203,  28 negative triangles
594: dt=0.3043,  28 negative triangles
595: dt=0.3043,  28 negative triangles
596: dt=0.3043,  28 negative triangles
597: dt=0.3043,  28 negative triangles
598: dt=0.3043,  28 negative triangles
599: dt=0.3043,  28 negative triangles
600: dt=0.3043,  28 negative triangles
601: dt=0.3043,  28 negative triangles
602: dt=0.3043,  28 negative triangles
603: dt=0.3043,  28 negative triangles
604: dt=0.2891,  28 negative triangles
605: dt=0.2891,  27 negative triangles
606: dt=0.2891,  27 negative triangles
607: dt=0.2891,  27 negative triangles
608: dt=0.2891,  26 negative triangles
609: dt=0.2891,  26 negative triangles
610: dt=0.2891,  26 negative triangles
611: dt=0.2891,  26 negative triangles
612: dt=0.2891,  26 negative triangles
613: dt=0.2891,  26 negative triangles
614: dt=0.2891,  26 negative triangles
615: dt=0.2891,  26 negative triangles
616: dt=0.2891,  26 negative triangles
617: dt=0.2891,  26 negative triangles
618: dt=0.2746,  26 negative triangles
619: dt=0.2746,  26 negative triangles
620: dt=0.2746,  26 negative triangles
621: dt=0.2746,  26 negative triangles
622: dt=0.2746,  26 negative triangles
623: dt=0.2746,  26 negative triangles
624: dt=0.2746,  26 negative triangles
625: dt=0.2746,  26 negative triangles
626: dt=0.2746,  26 negative triangles
627: dt=0.2746,  26 negative triangles
628: dt=0.2609,  26 negative triangles
629: dt=0.2609,  26 negative triangles
630: dt=0.2609,  26 negative triangles
631: dt=0.2609,  26 negative triangles
632: dt=0.2609,  26 negative triangles
633: dt=0.2609,  26 negative triangles
634: dt=0.2609,  26 negative triangles
635: dt=0.2609,  26 negative triangles
636: dt=0.2609,  26 negative triangles
637: dt=0.2609,  26 negative triangles
638: dt=0.2478,  26 negative triangles
639: dt=0.2478,  26 negative triangles
640: dt=0.2478,  26 negative triangles
641: dt=0.2478,  26 negative triangles
642: dt=0.2478,  26 negative triangles
643: dt=0.2478,  26 negative triangles
644: dt=0.2478,  26 negative triangles
645: dt=0.2478,  26 negative triangles
646: dt=0.2478,  26 negative triangles
647: dt=0.2478,  26 negative triangles
648: dt=0.2354,  26 negative triangles
649: dt=0.2354,  26 negative triangles
650: dt=0.2354,  26 negative triangles
651: dt=0.2354,  26 negative triangles
652: dt=0.2354,  26 negative triangles
653: dt=0.2354,  26 negative triangles
654: dt=0.2354,  26 negative triangles
655: dt=0.2354,  26 negative triangles
656: dt=0.2354,  26 negative triangles
657: dt=0.2354,  26 negative triangles
658: dt=0.2237,  26 negative triangles
659: dt=0.2237,  26 negative triangles
660: dt=0.2237,  26 negative triangles
661: dt=0.2237,  26 negative triangles
662: dt=0.2237,  26 negative triangles
663: dt=0.2237,  26 negative triangles
664: dt=0.2237,  25 negative triangles
665: dt=0.2237,  25 negative triangles
666: dt=0.2237,  25 negative triangles
667: dt=0.2237,  25 negative triangles
668: dt=0.2237,  25 negative triangles
669: dt=0.2237,  24 negative triangles
670: dt=0.2237,  24 negative triangles
671: dt=0.2237,  24 negative triangles
672: dt=0.2237,  24 negative triangles
673: dt=0.2237,  24 negative triangles
674: dt=0.2237,  23 negative triangles
675: dt=0.2237,  23 negative triangles
676: dt=0.2237,  23 negative triangles
677: dt=0.2237,  23 negative triangles
678: dt=0.2237,  23 negative triangles
679: dt=0.2237,  22 negative triangles
680: dt=0.2237,  22 negative triangles
681: dt=0.2237,  22 negative triangles
682: dt=0.2237,  22 negative triangles
683: dt=0.2237,  22 negative triangles
684: dt=0.2237,  22 negative triangles
685: dt=0.2237,  22 negative triangles
686: dt=0.2237,  21 negative triangles
687: dt=0.2237,  21 negative triangles
688: dt=0.2237,  21 negative triangles
689: dt=0.2237,  21 negative triangles
690: dt=0.2237,  21 negative triangles
691: dt=0.2237,  21 negative triangles
692: dt=0.2237,  21 negative triangles
693: dt=0.2237,  21 negative triangles
694: dt=0.2237,  21 negative triangles
695: dt=0.2237,  21 negative triangles
696: dt=0.2125,  21 negative triangles
697: dt=0.2125,  21 negative triangles
698: dt=0.2125,  21 negative triangles
699: dt=0.2125,  21 negative triangles
700: dt=0.2125,  21 negative triangles
701: dt=0.2125,  21 negative triangles
702: dt=0.2125,  21 negative triangles
703: dt=0.2125,  21 negative triangles
704: dt=0.2125,  21 negative triangles
705: dt=0.2125,  21 negative triangles
706: dt=0.2019,  21 negative triangles
707: dt=0.2019,  21 negative triangles
708: dt=0.2019,  21 negative triangles
709: dt=0.2019,  20 negative triangles
710: dt=0.2019,  20 negative triangles
711: dt=0.2019,  20 negative triangles
712: dt=0.2019,  20 negative triangles
713: dt=0.2019,  20 negative triangles
714: dt=0.2019,  20 negative triangles
715: dt=0.2019,  20 negative triangles
716: dt=0.2019,  20 negative triangles
717: dt=0.2019,  20 negative triangles
718: dt=0.2019,  20 negative triangles
719: dt=0.1918,  20 negative triangles
720: dt=0.1918,  20 negative triangles
721: dt=0.1918,  20 negative triangles
722: dt=0.1918,  20 negative triangles
723: dt=0.1918,  20 negative triangles
724: dt=0.1918,  20 negative triangles
725: dt=0.1918,  20 negative triangles
726: dt=0.1918,  20 negative triangles
727: dt=0.1918,  20 negative triangles
728: dt=0.1918,  20 negative triangles
729: dt=0.1822,  20 negative triangles
730: dt=0.1822,  20 negative triangles
731: dt=0.1822,  20 negative triangles
732: dt=0.1822,  20 negative triangles
733: dt=0.1822,  20 negative triangles
734: dt=0.1822,  21 negative triangles
735: dt=0.1822,  20 negative triangles
736: dt=0.1822,  20 negative triangles
737: dt=0.1822,  20 negative triangles
738: dt=0.1822,  20 negative triangles
739: dt=0.1822,  19 negative triangles
740: dt=0.1822,  19 negative triangles
741: dt=0.1822,  19 negative triangles
742: dt=0.1822,  19 negative triangles
743: dt=0.1822,  18 negative triangles
744: dt=0.1822,  18 negative triangles
745: dt=0.1822,  19 negative triangles
746: dt=0.1822,  18 negative triangles
747: dt=0.1822,  19 negative triangles
748: dt=0.1822,  18 negative triangles
749: dt=0.1822,  18 negative triangles
750: dt=0.1822,  18 negative triangles
751: dt=0.1822,  18 negative triangles
752: dt=0.1822,  18 negative triangles
753: dt=0.1731,  18 negative triangles
754: dt=0.1731,  19 negative triangles
755: dt=0.1731,  19 negative triangles
756: dt=0.1731,  19 negative triangles
757: dt=0.1731,  19 negative triangles
758: dt=0.1731,  18 negative triangles
759: dt=0.1731,  17 negative triangles
760: dt=0.1731,  18 negative triangles
761: dt=0.1731,  18 negative triangles
762: dt=0.1731,  17 negative triangles
763: dt=0.1731,  17 negative triangles
764: dt=0.1731,  17 negative triangles
765: dt=0.1731,  17 negative triangles
766: dt=0.1731,  17 negative triangles
767: dt=0.1731,  18 negative triangles
768: dt=0.1731,  18 negative triangles
769: dt=0.1644,  17 negative triangles
770: dt=0.1644,  17 negative triangles
771: dt=0.1644,  18 negative triangles
772: dt=0.1644,  17 negative triangles
773: dt=0.1644,  17 negative triangles
774: dt=0.1644,  18 negative triangles
775: dt=0.1644,  17 negative triangles
776: dt=0.1644,  17 negative triangles
777: dt=0.1644,  17 negative triangles
778: dt=0.1644,  18 negative triangles
779: dt=0.1562,  17 negative triangles
780: dt=0.1562,  17 negative triangles
781: dt=0.1562,  17 negative triangles
782: dt=0.1562,  17 negative triangles
783: dt=0.1562,  17 negative triangles
784: dt=0.1562,  18 negative triangles
785: dt=0.1562,  17 negative triangles
786: dt=0.1562,  17 negative triangles
787: dt=0.1562,  17 negative triangles
788: dt=0.1562,  17 negative triangles
789: dt=0.1484,  17 negative triangles
790: dt=0.1484,  18 negative triangles
791: dt=0.1484,  18 negative triangles
792: dt=0.1484,  17 negative triangles
793: dt=0.1484,  17 negative triangles
794: dt=0.1484,  17 negative triangles
795: dt=0.1484,  17 negative triangles
796: dt=0.1484,  18 negative triangles
797: dt=0.1484,  17 negative triangles
798: dt=0.1484,  18 negative triangles
799: dt=0.1410,  17 negative triangles
800: dt=0.1410,  17 negative triangles
801: dt=0.1410,  17 negative triangles
802: dt=0.1410,  17 negative triangles
803: dt=0.1410,  17 negative triangles
804: dt=0.1410,  17 negative triangles
805: dt=0.1410,  17 negative triangles
806: dt=0.1410,  17 negative triangles
807: dt=0.1410,  17 negative triangles
808: dt=0.1410,  17 negative triangles
809: dt=0.1410,  16 negative triangles
810: dt=0.1410,  16 negative triangles
811: dt=0.1410,  16 negative triangles
812: dt=0.1410,  16 negative triangles
813: dt=0.1410,  17 negative triangles
814: dt=0.1410,  16 negative triangles
815: dt=0.1410,  16 negative triangles
816: dt=0.1410,  16 negative triangles
817: dt=0.1410,  16 negative triangles
818: dt=0.1410,  16 negative triangles
819: dt=0.1339,  16 negative triangles
820: dt=0.1339,  16 negative triangles
821: dt=0.1339,  16 negative triangles
822: dt=0.1339,  16 negative triangles
823: dt=0.1339,  16 negative triangles
824: dt=0.1339,  16 negative triangles
825: dt=0.1339,  16 negative triangles
826: dt=0.1339,  16 negative triangles
827: dt=0.1339,  16 negative triangles
828: dt=0.1339,  16 negative triangles
829: dt=0.1272,  16 negative triangles
830: dt=0.1272,  17 negative triangles
831: dt=0.1272,  16 negative triangles
832: dt=0.1272,  16 negative triangles
833: dt=0.1272,  16 negative triangles
834: dt=0.1272,  16 negative triangles
835: dt=0.1272,  16 negative triangles
836: dt=0.1272,  16 negative triangles
837: dt=0.1272,  16 negative triangles
838: dt=0.1272,  16 negative triangles
839: dt=0.1209,  16 negative triangles
840: dt=0.1209,  16 negative triangles
841: dt=0.1209,  16 negative triangles
842: dt=0.1209,  16 negative triangles
843: dt=0.1209,  16 negative triangles
844: dt=0.1209,  16 negative triangles
845: dt=0.1209,  16 negative triangles
846: dt=0.1209,  16 negative triangles
847: dt=0.1209,  16 negative triangles
848: dt=0.1209,  16 negative triangles
849: dt=0.1148,  16 negative triangles
850: dt=0.1148,  17 negative triangles
851: dt=0.1148,  16 negative triangles
852: dt=0.1148,  16 negative triangles
853: dt=0.1148,  15 negative triangles
854: dt=0.1148,  16 negative triangles
855: dt=0.1148,  15 negative triangles
856: dt=0.1148,  16 negative triangles
857: dt=0.1148,  16 negative triangles
858: dt=0.1148,  16 negative triangles
859: dt=0.1148,  15 negative triangles
860: dt=0.1148,  16 negative triangles
861: dt=0.1148,  15 negative triangles
862: dt=0.1148,  15 negative triangles
863: dt=0.1091,  15 negative triangles
864: dt=0.1091,  15 negative triangles
865: dt=0.1091,  14 negative triangles
866: dt=0.1091,  14 negative triangles
867: dt=0.1091,  14 negative triangles
868: dt=0.1091,  14 negative triangles
869: dt=0.1091,  14 negative triangles
870: dt=0.1091,  15 negative triangles
871: dt=0.1091,  15 negative triangles
872: dt=0.1091,  14 negative triangles
873: dt=0.1091,  14 negative triangles
874: dt=0.1091,  16 negative triangles
875: dt=0.1036,  16 negative triangles
876: dt=0.1036,  15 negative triangles
877: dt=0.1036,  16 negative triangles
878: dt=0.1036,  14 negative triangles
879: dt=0.1036,  15 negative triangles
880: dt=0.1036,  14 negative triangles
881: dt=0.1036,  15 negative triangles
882: dt=0.1036,  15 negative triangles
883: dt=0.1036,  15 negative triangles
884: dt=0.1036,  14 negative triangles
885: dt=0.0984,  15 negative triangles
886: dt=0.0984,  15 negative triangles
887: dt=0.0984,  15 negative triangles
888: dt=0.0984,  15 negative triangles
889: dt=0.0984,  15 negative triangles
890: dt=0.0984,  15 negative triangles
891: dt=0.0984,  15 negative triangles
892: dt=0.0984,  14 negative triangles
893: dt=0.0984,  14 negative triangles
894: dt=0.0984,  14 negative triangles
895: dt=0.0935,  15 negative triangles
896: dt=0.0935,  14 negative triangles
897: dt=0.0935,  14 negative triangles
898: dt=0.0935,  14 negative triangles
899: dt=0.0935,  14 negative triangles
900: dt=0.0935,  15 negative triangles
901: dt=0.0935,  15 negative triangles
902: dt=0.0935,  15 negative triangles
903: dt=0.0935,  15 negative triangles
904: dt=0.0935,  15 negative triangles
905: dt=0.0888,  15 negative triangles
906: dt=0.0888,  14 negative triangles
907: dt=0.0888,  15 negative triangles
908: dt=0.0888,  15 negative triangles
909: dt=0.0888,  14 negative triangles
910: dt=0.0888,  14 negative triangles
911: dt=0.0888,  14 negative triangles
912: dt=0.0888,  14 negative triangles
913: dt=0.0888,  14 negative triangles
914: dt=0.0888,  14 negative triangles
915: dt=0.0844,  15 negative triangles
916: dt=0.0844,  14 negative triangles
917: dt=0.0844,  14 negative triangles
918: dt=0.0844,  14 negative triangles
919: dt=0.0844,  15 negative triangles
920: dt=0.0844,  13 negative triangles
921: dt=0.0844,  13 negative triangles
922: dt=0.0844,  13 negative triangles
923: dt=0.0844,  13 negative triangles
924: dt=0.0844,  13 negative triangles
925: dt=0.0844,  13 negative triangles
926: dt=0.0844,  13 negative triangles
927: dt=0.0844,  13 negative triangles
928: dt=0.0844,  13 negative triangles
929: dt=0.0844,  13 negative triangles
930: dt=0.0802,  13 negative triangles
931: dt=0.0802,  13 negative triangles
932: dt=0.0802,  14 negative triangles
933: dt=0.0802,  14 negative triangles
934: dt=0.0802,  14 negative triangles
935: dt=0.0802,  15 negative triangles
936: dt=0.0802,  15 negative triangles
937: dt=0.0802,  15 negative triangles
938: dt=0.0802,  15 negative triangles
939: dt=0.0802,  15 negative triangles
940: dt=0.0762,  14 negative triangles
941: dt=0.0762,  13 negative triangles
942: dt=0.0762,  13 negative triangles
943: dt=0.0762,  13 negative triangles
944: dt=0.0762,  12 negative triangles
945: dt=0.0762,  12 negative triangles
946: dt=0.0762,  12 negative triangles
947: dt=0.0762,  13 negative triangles
948: dt=0.0762,  11 negative triangles
949: dt=0.0762,  11 negative triangles
950: dt=0.0762,  11 negative triangles
951: dt=0.0762,  11 negative triangles
952: dt=0.0762,  10 negative triangles
953: dt=0.0762,  10 negative triangles
954: dt=0.0762,  11 negative triangles
955: dt=0.0762,  11 negative triangles
956: dt=0.0762,  10 negative triangles
957: dt=0.0762,  10 negative triangles
958: dt=0.0762,  10 negative triangles
959: dt=0.0762,  10 negative triangles
960: dt=0.0762,  10 negative triangles
961: dt=0.0762,  10 negative triangles
962: dt=0.0724,  10 negative triangles
963: dt=0.0724,  10 negative triangles
964: dt=0.0724,  12 negative triangles
965: dt=0.0724,  12 negative triangles
966: dt=0.0724,  13 negative triangles
967: dt=0.0724,  13 negative triangles
968: dt=0.0724,  13 negative triangles
969: dt=0.0724,  14 negative triangles
970: dt=0.0724,  15 negative triangles
971: dt=0.0724,  15 negative triangles
972: dt=0.0687,  15 negative triangles
973: dt=0.0687,  15 negative triangles
974: dt=0.0687,  15 negative triangles
975: dt=0.0687,  16 negative triangles
976: dt=0.0687,  15 negative triangles
977: dt=0.0687,  15 negative triangles
978: dt=0.0687,  15 negative triangles
979: dt=0.0687,  15 negative triangles
980: dt=0.0687,  15 negative triangles
981: dt=0.0687,  15 negative triangles
982: dt=0.0653,  15 negative triangles
983: dt=0.0653,  15 negative triangles
984: dt=0.0653,  15 negative triangles
985: dt=0.0653,  15 negative triangles
986: dt=0.0653,  15 negative triangles
987: dt=0.0653,  15 negative triangles
988: dt=0.0653,  15 negative triangles
989: dt=0.0653,  15 negative triangles
990: dt=0.0653,  15 negative triangles
991: dt=0.0653,  15 negative triangles
992: dt=0.0620,  15 negative triangles
993: dt=0.0620,  15 negative triangles
994: dt=0.0620,  15 negative triangles
995: dt=0.0620,  15 negative triangles
996: dt=0.0620,  15 negative triangles
997: dt=0.0620,  15 negative triangles
998: dt=0.0620,  15 negative triangles
999: dt=0.0620,  15 negative triangles
1000: dt=0.0620,  15 negative triangles
1001: dt=0.0620,  15 negative triangles
1002: dt=0.0589,  15 negative triangles
1003: dt=0.0589,  15 negative triangles
1004: dt=0.0589,  15 negative triangles
1005: dt=0.0589,  15 negative triangles
1006: dt=0.0589,  16 negative triangles
1007: dt=0.0589,  15 negative triangles
1008: dt=0.0589,  15 negative triangles
1009: dt=0.0589,  15 negative triangles
1010: dt=0.0589,  15 negative triangles
1011: dt=0.0589,  15 negative triangles
1012: dt=0.0560,  15 negative triangles
1013: dt=0.0560,  15 negative triangles
1014: dt=0.0560,  15 negative triangles
1015: dt=0.0560,  15 negative triangles
1016: dt=0.0560,  15 negative triangles
1017: dt=0.0560,  15 negative triangles
1018: dt=0.0560,  15 negative triangles
1019: dt=0.0560,  15 negative triangles
1020: dt=0.0560,  15 negative triangles
1021: dt=0.0560,  15 negative triangles
1022: dt=0.0532,  15 negative triangles
1023: dt=0.0532,  15 negative triangles
1024: dt=0.0532,  15 negative triangles
1025: dt=0.0532,  15 negative triangles
1026: dt=0.0532,  15 negative triangles
1027: dt=0.0532,  15 negative triangles
1028: dt=0.0532,  15 negative triangles
1029: dt=0.0532,  15 negative triangles
1030: dt=0.0532,  15 negative triangles
1031: dt=0.0532,  15 negative triangles
1032: dt=0.0505,  15 negative triangles
1033: dt=0.0505,  15 negative triangles
1034: dt=0.0505,  15 negative triangles
1035: dt=0.0505,  15 negative triangles
1036: dt=0.0505,  16 negative triangles
1037: dt=0.0505,  15 negative triangles
1038: dt=0.0505,  15 negative triangles
1039: dt=0.0505,  15 negative triangles
1040: dt=0.0505,  15 negative triangles
1041: dt=0.0505,  15 negative triangles
1042: dt=0.0480,  15 negative triangles
1043: dt=0.0480,  15 negative triangles
1044: dt=0.0480,  15 negative triangles
1045: dt=0.0480,  16 negative triangles
1046: dt=0.0480,  15 negative triangles
1047: dt=0.0480,  15 negative triangles
1048: dt=0.0480,  15 negative triangles
1049: dt=0.0480,  15 negative triangles
1050: dt=0.0480,  15 negative triangles
1051: dt=0.0480,  15 negative triangles
1052: dt=0.0456,  15 negative triangles
1053: dt=0.0456,  15 negative triangles
1054: dt=0.0456,  15 negative triangles
1055: dt=0.0456,  15 negative triangles
1056: dt=0.0456,  15 negative triangles
1057: dt=0.0456,  15 negative triangles
1058: dt=0.0456,  15 negative triangles
1059: dt=0.0456,  15 negative triangles
1060: dt=0.0456,  15 negative triangles
1061: dt=0.0456,  15 negative triangles
1062: dt=0.0433,  15 negative triangles
1063: dt=0.0433,  15 negative triangles
1064: dt=0.0433,  15 negative triangles
1065: dt=0.0433,  15 negative triangles
1066: dt=0.0433,  15 negative triangles
1067: dt=0.0433,  15 negative triangles
1068: dt=0.0433,  15 negative triangles
1069: dt=0.0433,  15 negative triangles
1070: dt=0.0433,  15 negative triangles
1071: dt=0.0433,  15 negative triangles
1072: dt=0.0412,  15 negative triangles
1073: dt=0.0412,  15 negative triangles
1074: dt=0.0412,  15 negative triangles
1075: dt=0.0412,  16 negative triangles
1076: dt=0.0412,  16 negative triangles
1077: dt=0.0412,  15 negative triangles
1078: dt=0.0412,  15 negative triangles
1079: dt=0.0412,  15 negative triangles
1080: dt=0.0412,  15 negative triangles
1081: dt=0.0412,  15 negative triangles
1082: dt=0.0391,  15 negative triangles
1083: dt=0.0391,  15 negative triangles
1084: dt=0.0391,  15 negative triangles
1085: dt=0.0391,  15 negative triangles
1086: dt=0.0391,  15 negative triangles
1087: dt=0.0391,  15 negative triangles
1088: dt=0.0391,  15 negative triangles
1089: dt=0.0391,  15 negative triangles
1090: dt=0.0391,  16 negative triangles
1091: dt=0.0391,  15 negative triangles
1092: dt=0.0371,  15 negative triangles
1093: dt=0.0371,  16 negative triangles
1094: dt=0.0371,  15 negative triangles
1095: dt=0.0371,  15 negative triangles
1096: dt=0.0371,  15 negative triangles
1097: dt=0.0371,  15 negative triangles
1098: dt=0.0371,  15 negative triangles
1099: dt=0.0371,  15 negative triangles
1100: dt=0.0371,  15 negative triangles
1101: dt=0.0371,  15 negative triangles
1102: dt=0.0353,  15 negative triangles
1103: dt=0.0353,  15 negative triangles
1104: dt=0.0353,  15 negative triangles
1105: dt=0.0353,  15 negative triangles
1106: dt=0.0353,  15 negative triangles
1107: dt=0.0353,  15 negative triangles
1108: dt=0.0353,  15 negative triangles
1109: dt=0.0353,  15 negative triangles
1110: dt=0.0353,  15 negative triangles
1111: dt=0.0353,  16 negative triangles
1112: dt=0.0335,  15 negative triangles
1113: dt=0.0335,  15 negative triangles
1114: dt=0.0335,  15 negative triangles
1115: dt=0.0335,  15 negative triangles
1116: dt=0.0335,  15 negative triangles
1117: dt=0.0335,  15 negative triangles
1118: dt=0.0335,  15 negative triangles
1119: dt=0.0335,  15 negative triangles
1120: dt=0.0335,  15 negative triangles
1121: dt=0.0335,  15 negative triangles
1122: dt=0.0319,  15 negative triangles
1123: dt=0.0319,  13 negative triangles
1124: dt=0.0319,  13 negative triangles
1125: dt=0.0319,  13 negative triangles
1126: dt=0.0319,  13 negative triangles
1127: dt=0.0319,  13 negative triangles
1128: dt=0.0319,  13 negative triangles
1129: dt=0.0319,  14 negative triangles
1130: dt=0.0319,  14 negative triangles
1131: dt=0.0319,  14 negative triangles
1132: dt=0.0303,  14 negative triangles
1133: dt=0.0303,  14 negative triangles
1134: dt=0.0303,  14 negative triangles
1135: dt=0.0303,  14 negative triangles
1136: dt=0.0303,  14 negative triangles
1137: dt=0.0303,  14 negative triangles
1138: dt=0.0303,  14 negative triangles
1139: dt=0.0303,  14 negative triangles
1140: dt=0.0303,  13 negative triangles
1141: dt=0.0303,  13 negative triangles
1142: dt=0.0287,  13 negative triangles
1143: dt=0.0287,  13 negative triangles
1144: dt=0.0287,  13 negative triangles
1145: dt=0.0287,  13 negative triangles
1146: dt=0.0287,  13 negative triangles
1147: dt=0.0287,  13 negative triangles
1148: dt=0.0287,  13 negative triangles
1149: dt=0.0287,  13 negative triangles
1150: dt=0.0287,  12 negative triangles
1151: dt=0.0287,  12 negative triangles
1152: dt=0.0273,  12 negative triangles
1153: dt=0.0273,  12 negative triangles
1154: dt=0.0273,  12 negative triangles
1155: dt=0.0273,  12 negative triangles
1156: dt=0.0273,  12 negative triangles
1157: dt=0.0273,  12 negative triangles
1158: dt=0.0273,  13 negative triangles
1159: dt=0.0273,  13 negative triangles
1160: dt=0.0273,  13 negative triangles
1161: dt=0.0273,  13 negative triangles
1162: dt=0.0259,  13 negative triangles
1163: dt=0.0259,  12 negative triangles
1164: dt=0.0259,  12 negative triangles
1165: dt=0.0259,  12 negative triangles
1166: dt=0.0259,  12 negative triangles
1167: dt=0.0259,  12 negative triangles
1168: dt=0.0259,  12 negative triangles
1169: dt=0.0259,  12 negative triangles
1170: dt=0.0259,  12 negative triangles
1171: dt=0.0259,  12 negative triangles
1172: dt=0.0246,  12 negative triangles
1173: dt=0.0246,  12 negative triangles
1174: dt=0.0246,  12 negative triangles
1175: dt=0.0246,  12 negative triangles
1176: dt=0.0246,  12 negative triangles
1177: dt=0.0246,  12 negative triangles
1178: dt=0.0246,  12 negative triangles
1179: dt=0.0246,  11 negative triangles
1180: dt=0.0246,  11 negative triangles
1181: dt=0.0246,  11 negative triangles
1182: dt=0.0234,  11 negative triangles
1183: dt=0.0234,  11 negative triangles
1184: dt=0.0234,  11 negative triangles
1185: dt=0.0234,  11 negative triangles
1186: dt=0.0234,  10 negative triangles
1187: dt=0.0234,  11 negative triangles
1188: dt=0.0234,  11 negative triangles
1189: dt=0.0234,  11 negative triangles
1190: dt=0.0234,  11 negative triangles
1191: dt=0.0234,  11 negative triangles
1192: dt=0.0222,  11 negative triangles
1193: dt=0.0222,  10 negative triangles
1194: dt=0.0222,  10 negative triangles
1195: 10 negative triangles
writing spherical brain to ../surf/lh.sphere
spherical transformation took 0.1352 hours
FSRUNTIME@ mris_sphere  0.1352 hours 16 threads
#VMPC# mris_sphere VmPeak  1707188
mris_sphere done
#--------------------------------------------
#@# Surf Reg lh Thu Mar 12 17:33:18 CET 2026
/out/sourcedata/freesurfer/sub-v1s20x0050295_ses-1/scripts

 mris_register -curv ../surf/lh.sphere /opt/freesurfer/average/lh.folding.atlas.acfb40.noaparc.i12.2016-08-02.tif ../surf/lh.sphere.reg 

using smoothwm curvature for final alignment

cwd /out/sourcedata/freesurfer/sub-v1s20x0050295_ses-1/scripts
cmdline mris_register -curv ../surf/lh.sphere /opt/freesurfer/average/lh.folding.atlas.acfb40.noaparc.i12.2016-08-02.tif ../surf/lh.sphere.reg 

0 inflated.H
1 sulc
2 smoothwm (computed)
7.3.2
  7.3.2
reading surface from ../surf/lh.sphere...
reading template parameterization from /opt/freesurfer/average/lh.folding.atlas.acfb40.noaparc.i12.2016-08-02.tif...
MRISregister() -------
max_passes = 4 
min_degrees = 0.500000 
max_degrees = 64.000000 
nangles = 8 
tol=5.0e-01, sigma=0.0, host=dna05, nav=1024, nbrs=1, l_extern=10000.000, l_parea=0.200, l_nlarea=1.000, l_corr=1.000, l_dist=5.000
using quadratic fit line minimization
complete_dist_mat 0
rms 0
smooth_averages 0
remove_neg 0
ico_order 0
which_surface 0
target_radius 0.000000
nfields 0
scale 0.000000
desired_rms_height -1.000000
momentum 0.950000
nbhd_size -10
max_nbrs 10
niterations 25
nsurfaces 0
SURFACES 3
flags 16 (10)
use curv 16
no sulc 0
no rigid align 0
mris->nsize 1
mris->hemisphere 0
randomSeed 0

tol=5.0e-01, sigma=0.0, host=dna05, nav=1024, nbrs=1, l_extern=10000.000, l_parea=0.200, l_nlarea=1.000, l_corr=1.000, l_dist=5.000
using quadratic fit line minimization
--------------------
1 Reading lh.sulc
tol=1.0e+00, sigma=0.5, host=dna05, nav=1024, nbrs=1, l_extern=10000.000, l_parea=0.200, l_nlarea=1.000, l_corr=0.050, l_spring=0.500, l_dist=5.000
using quadratic fit line minimization
curvature mean = 0.000, std = 5.857
curvature mean = 0.046, std = 0.815
curvature mean = 0.007, std = 0.857
Starting MRISrigidBodyAlignGlobal()
Starting new MRISrigidBodyAlignGlobal_findMinSSE()
  new MRISrigidBodyAlignGlobal_findMinSSE min @ (5.00, -1.00, 13.50) sse = 310241.6, elapsed since starting=0.1535 min
MRISrigidBodyAlignGlobal() done   0.15 min
curvature mean = 0.030, std = 0.831
curvature mean = 0.004, std = 0.946
curvature mean = 0.028, std = 0.840
curvature mean = 0.002, std = 0.977
curvature mean = 0.027, std = 0.842
curvature mean = 0.001, std = 0.990
2 Reading smoothwm
curvature mean = -0.023, std = 0.382
curvature mean = 0.045, std = 0.249
curvature mean = 0.033, std = 0.260
curvature mean = 0.037, std = 0.309
curvature mean = 0.025, std = 0.392
curvature mean = 0.036, std = 0.337
curvature mean = 0.014, std = 0.500
curvature mean = 0.036, std = 0.349
curvature mean = 0.005, std = 0.593
MRISregister() return, current seed 0
-01: dt=0.0000,  75 negative triangles  VmPeak 1746448
126: dt=0.9900,  75 negative triangles
127: dt=0.9900,  62 negative triangles
128: dt=0.9900,  62 negative triangles
129: dt=0.9900,  54 negative triangles
130: dt=0.9900,  57 negative triangles
131: dt=0.9900,  55 negative triangles
132: dt=0.9900,  51 negative triangles
133: dt=0.9900,  56 negative triangles
134: dt=0.9900,  53 negative triangles
135: dt=0.9900,  58 negative triangles
136: dt=0.9900,  52 negative triangles
137: dt=0.9900,  57 negative triangles
138: dt=0.9900,  54 negative triangles
139: dt=0.9900,  55 negative triangles
140: dt=0.9900,  53 negative triangles
141: dt=0.9900,  58 negative triangles
142: dt=0.9405,  53 negative triangles
143: dt=0.9405,  53 negative triangles
144: dt=0.9405,  56 negative triangles
145: dt=0.9405,  54 negative triangles
146: dt=0.9405,  57 negative triangles
147: dt=0.9405,  54 negative triangles
148: dt=0.9405,  56 negative triangles
149: dt=0.9405,  54 negative triangles
150: dt=0.9405,  52 negative triangles
151: dt=0.9405,  56 negative triangles
152: dt=0.8935,  57 negative triangles
153: dt=0.8935,  50 negative triangles
154: dt=0.8935,  58 negative triangles
155: dt=0.8935,  54 negative triangles
156: dt=0.8935,  53 negative triangles
157: dt=0.8935,  60 negative triangles
158: dt=0.8935,  54 negative triangles
159: dt=0.8935,  52 negative triangles
160: dt=0.8935,  54 negative triangles
161: dt=0.8935,  53 negative triangles
162: dt=0.8935,  55 negative triangles
163: dt=0.8488,  54 negative triangles
164: dt=0.8488,  57 negative triangles
165: dt=0.8488,  54 negative triangles
166: dt=0.8488,  51 negative triangles
167: dt=0.8488,  54 negative triangles
168: dt=0.8488,  56 negative triangles
169: dt=0.8488,  53 negative triangles
170: dt=0.8488,  56 negative triangles
171: dt=0.8488,  54 negative triangles
172: dt=0.8488,  58 negative triangles
173: dt=0.8064,  54 negative triangles
174: dt=0.8064,  58 negative triangles
175: dt=0.8064,  53 negative triangles
176: dt=0.8064,  60 negative triangles
177: dt=0.8064,  54 negative triangles
178: dt=0.8064,  59 negative triangles
179: dt=0.8064,  55 negative triangles
180: dt=0.8064,  60 negative triangles
181: dt=0.8064,  58 negative triangles
182: dt=0.8064,  57 negative triangles
183: dt=0.7660,  61 negative triangles
184: dt=0.7660,  58 negative triangles
185: dt=0.7660,  60 negative triangles
186: dt=0.7660,  58 negative triangles
187: dt=0.7660,  58 negative triangles
188: dt=0.7660,  58 negative triangles
189: dt=0.7660,  58 negative triangles
190: dt=0.7660,  57 negative triangles
191: dt=0.7660,  60 negative triangles
192: dt=0.7660,  59 negative triangles
193: dt=0.7277,  60 negative triangles
194: dt=0.7277,  58 negative triangles
195: dt=0.7277,  58 negative triangles
196: dt=0.7277,  59 negative triangles
197: dt=0.7277,  57 negative triangles
198: dt=0.7277,  60 negative triangles
199: dt=0.7277,  57 negative triangles
200: dt=0.7277,  62 negative triangles
201: dt=0.7277,  58 negative triangles
202: dt=0.7277,  62 negative triangles
203: dt=0.6914,  57 negative triangles
expanding nbhd size to 1
204: dt=0.9900,  60 negative triangles
205: dt=0.9900,  57 negative triangles
206: dt=0.9900,  51 negative triangles
207: dt=0.9900,  51 negative triangles
208: dt=0.9900,  50 negative triangles
209: dt=0.9900,  51 negative triangles
210: dt=0.9900,  48 negative triangles
211: dt=0.9900,  49 negative triangles
212: dt=0.9900,  49 negative triangles
213: dt=0.9900,  49 negative triangles
214: dt=0.9900,  49 negative triangles
215: dt=0.9900,  48 negative triangles
216: dt=0.9900,  47 negative triangles
217: dt=0.9900,  47 negative triangles
218: dt=0.9900,  47 negative triangles
219: dt=0.9900,  46 negative triangles
220: dt=0.9900,  45 negative triangles
221: dt=0.9900,  45 negative triangles
222: dt=0.9900,  44 negative triangles
223: dt=0.9900,  45 negative triangles
224: dt=0.9900,  44 negative triangles
225: dt=0.9900,  43 negative triangles
226: dt=0.9900,  43 negative triangles
227: dt=0.9900,  44 negative triangles
228: dt=0.9900,  45 negative triangles
229: dt=0.9900,  45 negative triangles
230: dt=0.9900,  45 negative triangles
231: dt=0.9900,  45 negative triangles
232: dt=0.9900,  45 negative triangles
233: dt=0.9900,  45 negative triangles
234: dt=0.9900,  46 negative triangles
235: dt=0.9405,  46 negative triangles
236: dt=0.9405,  46 negative triangles
237: dt=0.9405,  45 negative triangles
238: dt=0.9405,  44 negative triangles
239: dt=0.9405,  45 negative triangles
240: dt=0.9405,  44 negative triangles
241: dt=0.9405,  44 negative triangles
242: dt=0.9405,  45 negative triangles
243: dt=0.9405,  43 negative triangles
244: dt=0.9405,  42 negative triangles
245: dt=0.9405,  42 negative triangles
246: dt=0.9405,  43 negative triangles
247: dt=0.9405,  42 negative triangles
248: dt=0.9405,  42 negative triangles
249: dt=0.9405,  43 negative triangles
250: dt=0.9405,  42 negative triangles
251: dt=0.9405,  41 negative triangles
252: dt=0.9405,  41 negative triangles
253: dt=0.9405,  41 negative triangles
254: dt=0.9405,  41 negative triangles
255: dt=0.9405,  41 negative triangles
256: dt=0.9405,  41 negative triangles
257: dt=0.9405,  41 negative triangles
258: dt=0.9405,  41 negative triangles
259: dt=0.9405,  41 negative triangles
260: dt=0.9405,  42 negative triangles
261: dt=0.8935,  41 negative triangles
262: dt=0.8935,  41 negative triangles
263: dt=0.8935,  42 negative triangles
264: dt=0.8935,  41 negative triangles
265: dt=0.8935,  40 negative triangles
266: dt=0.8935,  40 negative triangles
267: dt=0.8935,  40 negative triangles
268: dt=0.8935,  39 negative triangles
269: dt=0.8935,  39 negative triangles
270: dt=0.8935,  40 negative triangles
271: dt=0.8935,  39 negative triangles
272: dt=0.8935,  40 negative triangles
273: dt=0.8935,  38 negative triangles
274: dt=0.8935,  39 negative triangles
275: dt=0.8935,  38 negative triangles
276: dt=0.8935,  38 negative triangles
277: dt=0.8935,  39 negative triangles
278: dt=0.8935,  38 negative triangles
279: dt=0.8935,  38 negative triangles
280: dt=0.8935,  38 negative triangles
281: dt=0.8935,  38 negative triangles
282: dt=0.8935,  38 negative triangles
283: dt=0.8488,  38 negative triangles
284: dt=0.8488,  38 negative triangles
285: dt=0.8488,  38 negative triangles
286: dt=0.8488,  37 negative triangles
287: dt=0.8488,  37 negative triangles
288: dt=0.8488,  37 negative triangles
289: dt=0.8488,  37 negative triangles
290: dt=0.8488,  38 negative triangles
291: dt=0.8488,  37 negative triangles
292: dt=0.8488,  38 negative triangles
293: dt=0.8488,  38 negative triangles
294: dt=0.8488,  38 negative triangles
295: dt=0.8488,  37 negative triangles
296: dt=0.8064,  37 negative triangles
297: dt=0.8064,  36 negative triangles
298: dt=0.8064,  36 negative triangles
299: dt=0.8064,  36 negative triangles
300: dt=0.8064,  36 negative triangles
301: dt=0.8064,  36 negative triangles
302: dt=0.8064,  35 negative triangles
303: dt=0.8064,  35 negative triangles
304: dt=0.8064,  35 negative triangles
305: dt=0.8064,  35 negative triangles
306: dt=0.8064,  35 negative triangles
307: dt=0.8064,  35 negative triangles
308: dt=0.8064,  35 negative triangles
309: dt=0.8064,  35 negative triangles
310: dt=0.8064,  34 negative triangles
311: dt=0.8064,  34 negative triangles
312: dt=0.8064,  34 negative triangles
313: dt=0.8064,  34 negative triangles
314: dt=0.8064,  34 negative triangles
315: dt=0.8064,  34 negative triangles
316: dt=0.8064,  33 negative triangles
317: dt=0.8064,  33 negative triangles
318: dt=0.8064,  34 negative triangles
319: dt=0.8064,  33 negative triangles
320: dt=0.8064,  33 negative triangles
321: dt=0.8064,  34 negative triangles
322: dt=0.8064,  34 negative triangles
323: dt=0.8064,  33 negative triangles
324: dt=0.8064,  33 negative triangles
325: dt=0.8064,  33 negative triangles
326: dt=0.7660,  33 negative triangles
327: dt=0.7660,  33 negative triangles
328: dt=0.7660,  34 negative triangles
329: dt=0.7660,  33 negative triangles
330: dt=0.7660,  33 negative triangles
331: dt=0.7660,  33 negative triangles
332: dt=0.7660,  33 negative triangles
333: dt=0.7660,  33 negative triangles
334: dt=0.7660,  33 negative triangles
335: dt=0.7660,  33 negative triangles
336: dt=0.7660,  32 negative triangles
337: dt=0.7660,  32 negative triangles
338: dt=0.7660,  32 negative triangles
339: dt=0.7660,  31 negative triangles
340: dt=0.7660,  31 negative triangles
341: dt=0.7660,  31 negative triangles
342: dt=0.7660,  31 negative triangles
343: dt=0.7660,  31 negative triangles
344: dt=0.7660,  31 negative triangles
345: dt=0.7660,  32 negative triangles
346: dt=0.7660,  31 negative triangles
347: dt=0.7660,  31 negative triangles
348: dt=0.7660,  32 negative triangles
349: dt=0.7277,  31 negative triangles
350: dt=0.7277,  32 negative triangles
351: dt=0.7277,  31 negative triangles
352: dt=0.7277,  31 negative triangles
353: dt=0.7277,  31 negative triangles
354: dt=0.7277,  31 negative triangles
355: dt=0.7277,  31 negative triangles
356: dt=0.7277,  32 negative triangles
357: dt=0.7277,  31 negative triangles
358: dt=0.7277,  31 negative triangles
359: dt=0.6914,  31 negative triangles
360: dt=0.6914,  31 negative triangles
361: dt=0.6914,  31 negative triangles
362: dt=0.6914,  31 negative triangles
363: dt=0.6914,  31 negative triangles
364: dt=0.6914,  31 negative triangles
365: dt=0.6914,  31 negative triangles
366: dt=0.6914,  31 negative triangles
367: dt=0.6914,  31 negative triangles
368: dt=0.6914,  31 negative triangles
369: dt=0.6568,  32 negative triangles
370: dt=0.6568,  32 negative triangles
371: dt=0.6568,  31 negative triangles
372: dt=0.6568,  31 negative triangles
373: dt=0.6568,  31 negative triangles
374: dt=0.6568,  31 negative triangles
375: dt=0.6568,  31 negative triangles
376: dt=0.6568,  32 negative triangles
377: dt=0.6568,  31 negative triangles
378: dt=0.6568,  31 negative triangles
379: dt=0.6239,  31 negative triangles
380: dt=0.6239,  31 negative triangles
381: dt=0.6239,  30 negative triangles
382: dt=0.6239,  30 negative triangles
383: dt=0.6239,  30 negative triangles
384: dt=0.6239,  30 negative triangles
385: dt=0.6239,  30 negative triangles
386: dt=0.6239,  30 negative triangles
387: dt=0.6239,  30 negative triangles
388: dt=0.6239,  30 negative triangles
389: dt=0.6239,  31 negative triangles
390: dt=0.6239,  31 negative triangles
391: dt=0.5927,  30 negative triangles
392: dt=0.5927,  30 negative triangles
393: dt=0.5927,  30 negative triangles
394: dt=0.5927,  31 negative triangles
395: dt=0.5927,  30 negative triangles
396: dt=0.5927,  30 negative triangles
397: dt=0.5927,  30 negative triangles
398: dt=0.5927,  30 negative triangles
399: dt=0.5927,  31 negative triangles
400: dt=0.5927,  30 negative triangles
401: dt=0.5631,  30 negative triangles
402: dt=0.5631,  30 negative triangles
403: dt=0.5631,  31 negative triangles
404: dt=0.5631,  31 negative triangles
405: dt=0.5631,  31 negative triangles
406: dt=0.5631,  30 negative triangles
407: dt=0.5631,  30 negative triangles
408: dt=0.5631,  30 negative triangles
409: dt=0.5631,  29 negative triangles
410: dt=0.5631,  30 negative triangles
411: dt=0.5631,  28 negative triangles
412: dt=0.5631,  27 negative triangles
413: dt=0.5631,  27 negative triangles
414: dt=0.5631,  27 negative triangles
415: dt=0.5631,  26 negative triangles
416: dt=0.5631,  27 negative triangles
417: dt=0.5631,  26 negative triangles
418: dt=0.5631,  26 negative triangles
419: dt=0.5631,  26 negative triangles
420: dt=0.5631,  26 negative triangles
421: dt=0.5631,  26 negative triangles
422: dt=0.5631,  27 negative triangles
423: dt=0.5631,  26 negative triangles
424: dt=0.5631,  26 negative triangles
425: dt=0.5350,  26 negative triangles
426: dt=0.5350,  26 negative triangles
427: dt=0.5350,  26 negative triangles
428: dt=0.5350,  27 negative triangles
429: dt=0.5350,  27 negative triangles
430: dt=0.5350,  26 negative triangles
431: dt=0.5350,  26 negative triangles
432: dt=0.5350,  26 negative triangles
433: dt=0.5350,  26 negative triangles
434: dt=0.5350,  26 negative triangles
435: dt=0.5350,  25 negative triangles
436: dt=0.5350,  25 negative triangles
437: dt=0.5350,  25 negative triangles
438: dt=0.5350,  25 negative triangles
439: dt=0.5350,  25 negative triangles
440: dt=0.5350,  25 negative triangles
441: dt=0.5350,  25 negative triangles
442: dt=0.5350,  25 negative triangles
443: dt=0.5350,  25 negative triangles
444: dt=0.5350,  25 negative triangles
445: dt=0.5082,  26 negative triangles
446: dt=0.5082,  25 negative triangles
447: dt=0.5082,  26 negative triangles
448: dt=0.5082,  25 negative triangles
449: dt=0.5082,  25 negative triangles
450: dt=0.5082,  25 negative triangles
451: dt=0.5082,  25 negative triangles
452: dt=0.5082,  25 negative triangles
453: dt=0.5082,  25 negative triangles
454: dt=0.5082,  27 negative triangles
455: dt=0.4828,  27 negative triangles
456: dt=0.4828,  26 negative triangles
457: dt=0.4828,  26 negative triangles
458: dt=0.4828,  24 negative triangles
459: dt=0.4828,  26 negative triangles
460: dt=0.4828,  26 negative triangles
461: dt=0.4828,  25 negative triangles
462: dt=0.4828,  26 negative triangles
463: dt=0.4828,  26 negative triangles
464: dt=0.4828,  25 negative triangles
465: dt=0.4828,  25 negative triangles
466: dt=0.4828,  25 negative triangles
467: dt=0.4828,  26 negative triangles
468: dt=0.4587,  25 negative triangles
469: dt=0.4587,  25 negative triangles
470: dt=0.4587,  24 negative triangles
471: dt=0.4587,  24 negative triangles
472: dt=0.4587,  24 negative triangles
473: dt=0.4587,  24 negative triangles
474: dt=0.4587,  25 negative triangles
475: dt=0.4587,  25 negative triangles
476: dt=0.4587,  24 negative triangles
477: dt=0.4587,  23 negative triangles
478: dt=0.4587,  23 negative triangles
479: dt=0.4587,  23 negative triangles
480: dt=0.4587,  22 negative triangles
481: dt=0.4587,  23 negative triangles
482: dt=0.4587,  23 negative triangles
483: dt=0.4587,  23 negative triangles
484: dt=0.4587,  24 negative triangles
485: dt=0.4587,  24 negative triangles
486: dt=0.4587,  24 negative triangles
487: dt=0.4587,  22 negative triangles
488: dt=0.4587,  23 negative triangles
489: dt=0.4587,  22 negative triangles
490: dt=0.4357,  22 negative triangles
491: dt=0.4357,  22 negative triangles
492: dt=0.4357,  22 negative triangles
493: dt=0.4357,  23 negative triangles
494: dt=0.4357,  22 negative triangles
495: dt=0.4357,  22 negative triangles
496: dt=0.4357,  24 negative triangles
497: dt=0.4357,  24 negative triangles
498: dt=0.4357,  23 negative triangles
499: dt=0.4357,  23 negative triangles
500: dt=0.4139,  23 negative triangles
501: dt=0.4139,  25 negative triangles
502: dt=0.4139,  24 negative triangles
503: dt=0.4139,  23 negative triangles
504: dt=0.4139,  22 negative triangles
505: dt=0.4139,  23 negative triangles
506: dt=0.4139,  23 negative triangles
507: dt=0.4139,  24 negative triangles
508: dt=0.4139,  22 negative triangles
509: dt=0.4139,  24 negative triangles
510: dt=0.3932,  23 negative triangles
511: dt=0.3932,  23 negative triangles
512: dt=0.3932,  22 negative triangles
513: dt=0.3932,  22 negative triangles
514: dt=0.3932,  22 negative triangles
515: dt=0.3932,  22 negative triangles
516: dt=0.3932,  23 negative triangles
517: dt=0.3932,  22 negative triangles
518: dt=0.3932,  22 negative triangles
519: dt=0.3932,  22 negative triangles
520: dt=0.3736,  23 negative triangles
521: dt=0.3736,  22 negative triangles
522: dt=0.3736,  23 negative triangles
523: dt=0.3736,  23 negative triangles
524: dt=0.3736,  25 negative triangles
525: dt=0.3736,  22 negative triangles
526: dt=0.3736,  23 negative triangles
527: dt=0.3736,  22 negative triangles
528: dt=0.3736,  22 negative triangles
529: dt=0.3736,  22 negative triangles
530: dt=0.3549,  23 negative triangles
531: dt=0.3549,  22 negative triangles
532: dt=0.3549,  22 negative triangles
533: dt=0.3549,  22 negative triangles
534: dt=0.3549,  22 negative triangles
535: dt=0.3549,  21 negative triangles
536: dt=0.3549,  22 negative triangles
537: dt=0.3549,  23 negative triangles
538: dt=0.3549,  22 negative triangles
539: dt=0.3549,  22 negative triangles
540: dt=0.3549,  21 negative triangles
541: dt=0.3549,  21 negative triangles
542: dt=0.3549,  21 negative triangles
543: dt=0.3549,  22 negative triangles
544: dt=0.3549,  22 negative triangles
545: dt=0.3372,  22 negative triangles
546: dt=0.3372,  21 negative triangles
547: dt=0.3372,  20 negative triangles
548: dt=0.3372,  19 negative triangles
549: dt=0.3372,  19 negative triangles
550: dt=0.3372,  19 negative triangles
551: dt=0.3372,  19 negative triangles
552: dt=0.3372,  19 negative triangles
553: dt=0.3372,  19 negative triangles
554: dt=0.3372,  19 negative triangles
555: dt=0.3372,  19 negative triangles
556: dt=0.3372,  19 negative triangles
557: dt=0.3372,  19 negative triangles
558: dt=0.3203,  19 negative triangles
559: dt=0.3203,  19 negative triangles
560: dt=0.3203,  19 negative triangles
561: dt=0.3203,  20 negative triangles
562: dt=0.3203,  20 negative triangles
563: dt=0.3203,  20 negative triangles
564: dt=0.3203,  23 negative triangles
565: dt=0.3203,  19 negative triangles
566: dt=0.3203,  18 negative triangles
567: dt=0.3203,  19 negative triangles
568: dt=0.3203,  19 negative triangles
569: dt=0.3203,  19 negative triangles
570: dt=0.3203,  20 negative triangles
571: dt=0.3203,  20 negative triangles
572: dt=0.3203,  19 negative triangles
573: dt=0.3203,  19 negative triangles
574: dt=0.3203,  19 negative triangles
575: dt=0.3203,  19 negative triangles
576: dt=0.3043,  19 negative triangles
577: dt=0.3043,  19 negative triangles
578: dt=0.3043,  19 negative triangles
579: dt=0.3043,  19 negative triangles
580: dt=0.3043,  19 negative triangles
581: dt=0.3043,  20 negative triangles
582: dt=0.3043,  19 negative triangles
583: dt=0.3043,  18 negative triangles
584: dt=0.3043,  18 negative triangles
585: dt=0.3043,  18 negative triangles
586: dt=0.2891,  19 negative triangles
587: dt=0.2891,  18 negative triangles
588: dt=0.2891,  18 negative triangles
589: dt=0.2891,  21 negative triangles
590: dt=0.2891,  18 negative triangles
591: dt=0.2891,  17 negative triangles
592: dt=0.2891,  18 negative triangles
593: dt=0.2891,  18 negative triangles
594: dt=0.2891,  18 negative triangles
595: dt=0.2891,  18 negative triangles
596: dt=0.2891,  18 negative triangles
597: dt=0.2891,  18 negative triangles
598: dt=0.2891,  19 negative triangles
599: dt=0.2891,  18 negative triangles
600: dt=0.2891,  18 negative triangles
601: dt=0.2746,  19 negative triangles
602: dt=0.2746,  18 negative triangles
603: dt=0.2746,  18 negative triangles
604: dt=0.2746,  18 negative triangles
605: dt=0.2746,  18 negative triangles
606: dt=0.2746,  18 negative triangles
607: dt=0.2746,  18 negative triangles
608: dt=0.2746,  18 negative triangles
609: dt=0.2746,  18 negative triangles
610: dt=0.2746,  18 negative triangles
611: dt=0.2609,  18 negative triangles
612: dt=0.2609,  18 negative triangles
613: dt=0.2609,  18 negative triangles
614: dt=0.2609,  18 negative triangles
615: dt=0.2609,  18 negative triangles
616: dt=0.2609,  18 negative triangles
617: dt=0.2609,  18 negative triangles
618: dt=0.2609,  18 negative triangles
619: dt=0.2609,  18 negative triangles
620: dt=0.2609,  19 negative triangles
621: dt=0.2478,  18 negative triangles
622: dt=0.2478,  18 negative triangles
623: dt=0.2478,  18 negative triangles
624: dt=0.2478,  18 negative triangles
625: dt=0.2478,  18 negative triangles
626: dt=0.2478,  18 negative triangles
627: dt=0.2478,  19 negative triangles
628: dt=0.2478,  18 negative triangles
629: dt=0.2478,  18 negative triangles
630: dt=0.2478,  18 negative triangles
631: dt=0.2354,  18 negative triangles
632: dt=0.2354,  18 negative triangles
633: dt=0.2354,  18 negative triangles
634: dt=0.2354,  21 negative triangles
635: dt=0.2354,  18 negative triangles
636: dt=0.2354,  17 negative triangles
637: dt=0.2354,  17 negative triangles
638: dt=0.2354,  18 negative triangles
639: dt=0.2354,  18 negative triangles
640: dt=0.2354,  17 negative triangles
641: dt=0.2237,  17 negative triangles
642: dt=0.2237,  17 negative triangles
643: dt=0.2237,  17 negative triangles
644: dt=0.2237,  17 negative triangles
645: dt=0.2237,  18 negative triangles
646: dt=0.2237,  19 negative triangles
647: dt=0.2237,  18 negative triangles
648: dt=0.2237,  18 negative triangles
649: dt=0.2237,  18 negative triangles
650: dt=0.2237,  18 negative triangles
651: dt=0.2125,  18 negative triangles
652: dt=0.2125,  18 negative triangles
653: dt=0.2125,  18 negative triangles
654: dt=0.2125,  18 negative triangles
655: dt=0.2125,  18 negative triangles
656: dt=0.2125,  18 negative triangles
657: dt=0.2125,  18 negative triangles
658: dt=0.2125,  19 negative triangles
659: dt=0.2125,  18 negative triangles
660: dt=0.2125,  18 negative triangles
661: dt=0.2019,  18 negative triangles
662: dt=0.2019,  18 negative triangles
663: dt=0.2019,  18 negative triangles
664: dt=0.2019,  18 negative triangles
665: dt=0.2019,  18 negative triangles
666: dt=0.2019,  18 negative triangles
667: dt=0.2019,  17 negative triangles
668: dt=0.2019,  19 negative triangles
669: dt=0.2019,  18 negative triangles
670: dt=0.2019,  21 negative triangles
671: dt=0.1918,  20 negative triangles
672: dt=0.1918,  17 negative triangles
673: dt=0.1918,  17 negative triangles
674: dt=0.1918,  17 negative triangles
675: dt=0.1918,  18 negative triangles
676: dt=0.1918,  17 negative triangles
677: dt=0.1918,  17 negative triangles
678: dt=0.1918,  17 negative triangles
679: dt=0.1918,  17 negative triangles
680: dt=0.1918,  17 negative triangles
681: dt=0.1822,  17 negative triangles
682: dt=0.1822,  17 negative triangles
683: dt=0.1822,  17 negative triangles
684: dt=0.1822,  18 negative triangles
685: dt=0.1822,  18 negative triangles
686: dt=0.1822,  18 negative triangles
687: dt=0.1822,  17 negative triangles
688: dt=0.1822,  17 negative triangles
689: dt=0.1822,  17 negative triangles
690: dt=0.1822,  17 negative triangles
691: dt=0.1731,  17 negative triangles
692: dt=0.1731,  17 negative triangles
693: dt=0.1731,  17 negative triangles
694: dt=0.1731,  17 negative triangles
695: dt=0.1731,  17 negative triangles
696: dt=0.1731,  18 negative triangles
697: dt=0.1731,  17 negative triangles
698: dt=0.1731,  18 negative triangles
699: dt=0.1731,  18 negative triangles
700: dt=0.1731,  17 negative triangles
701: dt=0.1644,  21 negative triangles
702: dt=0.1644,  19 negative triangles
703: dt=0.1644,  19 negative triangles
704: dt=0.1644,  17 negative triangles
705: dt=0.1644,  17 negative triangles
706: dt=0.1644,  17 negative triangles
707: dt=0.1644,  18 negative triangles
708: dt=0.1644,  18 negative triangles
709: dt=0.1644,  16 negative triangles
710: dt=0.1644,  16 negative triangles
711: dt=0.1644,  17 negative triangles
712: dt=0.1644,  18 negative triangles
713: dt=0.1644,  18 negative triangles
714: dt=0.1644,  18 negative triangles
715: dt=0.1644,  18 negative triangles
716: dt=0.1644,  18 negative triangles
717: dt=0.1644,  19 negative triangles
718: dt=0.1644,  19 negative triangles
719: dt=0.1562,  19 negative triangles
720: dt=0.1562,  19 negative triangles
721: dt=0.1562,  16 negative triangles
722: dt=0.1562,  16 negative triangles
723: dt=0.1562,  16 negative triangles
724: dt=0.1562,  16 negative triangles
725: dt=0.1562,  16 negative triangles
726: dt=0.1562,  16 negative triangles
727: dt=0.1562,  16 negative triangles
728: dt=0.1562,  17 negative triangles
729: dt=0.1484,  17 negative triangles
730: dt=0.1484,  17 negative triangles
731: dt=0.1484,  17 negative triangles
732: dt=0.1484,  16 negative triangles
733: dt=0.1484,  16 negative triangles
734: dt=0.1484,  16 negative triangles
735: dt=0.1484,  16 negative triangles
736: dt=0.1484,  16 negative triangles
737: dt=0.1484,  16 negative triangles
738: dt=0.1484,  16 negative triangles
739: dt=0.1410,  16 negative triangles
740: dt=0.1410,  16 negative triangles
741: dt=0.1410,  16 negative triangles
742: dt=0.1410,  16 negative triangles
743: dt=0.1410,  15 negative triangles
744: dt=0.1410,  15 negative triangles
745: dt=0.1410,  16 negative triangles
746: dt=0.1410,  16 negative triangles
747: dt=0.1410,  17 negative triangles
748: dt=0.1410,  16 negative triangles
749: dt=0.1410,  16 negative triangles
750: dt=0.1410,  16 negative triangles
751: dt=0.1410,  16 negative triangles
752: dt=0.1410,  16 negative triangles
753: dt=0.1339,  16 negative triangles
754: dt=0.1339,  16 negative triangles
755: dt=0.1339,  16 negative triangles
756: dt=0.1339,  16 negative triangles
757: dt=0.1339,  16 negative triangles
758: dt=0.1339,  15 negative triangles
759: dt=0.1339,  15 negative triangles
760: dt=0.1339,  15 negative triangles
761: dt=0.1339,  15 negative triangles
762: dt=0.1339,  15 negative triangles
763: dt=0.1272,  15 negative triangles
764: dt=0.1272,  15 negative triangles
765: dt=0.1272,  15 negative triangles
766: dt=0.1272,  15 negative triangles
767: dt=0.1272,  15 negative triangles
768: dt=0.1272,  15 negative triangles
769: dt=0.1272,  15 negative triangles
770: dt=0.1272,  15 negative triangles
771: dt=0.1272,  15 negative triangles
772: dt=0.1272,  15 negative triangles
773: dt=0.1209,  15 negative triangles
774: dt=0.1209,  15 negative triangles
775: dt=0.1209,  15 negative triangles
776: dt=0.1209,  15 negative triangles
777: dt=0.1209,  15 negative triangles
778: dt=0.1209,  15 negative triangles
779: dt=0.1209,  15 negative triangles
780: dt=0.1209,  15 negative triangles
781: dt=0.1209,  15 negative triangles
782: dt=0.1209,  15 negative triangles
783: dt=0.1148,  15 negative triangles
784: dt=0.1148,  15 negative triangles
785: dt=0.1148,  15 negative triangles
786: dt=0.1148,  16 negative triangles
787: dt=0.1148,  16 negative triangles
788: dt=0.1148,  17 negative triangles
789: dt=0.1148,  16 negative triangles
790: dt=0.1148,  16 negative triangles
791: dt=0.1148,  16 negative triangles
792: dt=0.1148,  16 negative triangles
793: dt=0.1091,  16 negative triangles
794: dt=0.1091,  16 negative triangles
795: dt=0.1091,  16 negative triangles
796: dt=0.1091,  16 negative triangles
797: dt=0.1091,  16 negative triangles
798: dt=0.1091,  16 negative triangles
799: dt=0.1091,  16 negative triangles
800: dt=0.1091,  16 negative triangles
801: dt=0.1091,  16 negative triangles
802: dt=0.1091,  16 negative triangles
803: dt=0.1036,  16 negative triangles
804: dt=0.1036,  16 negative triangles
805: dt=0.1036,  16 negative triangles
806: dt=0.1036,  16 negative triangles
807: dt=0.1036,  16 negative triangles
808: dt=0.1036,  16 negative triangles
809: dt=0.1036,  16 negative triangles
810: dt=0.1036,  16 negative triangles
811: dt=0.1036,  16 negative triangles
812: dt=0.1036,  16 negative triangles
813: dt=0.0984,  16 negative triangles
814: dt=0.0984,  16 negative triangles
815: dt=0.0984,  16 negative triangles
816: dt=0.0984,  16 negative triangles
817: dt=0.0984,  16 negative triangles
818: dt=0.0984,  15 negative triangles
819: dt=0.0984,  15 negative triangles
820: dt=0.0984,  15 negative triangles
821: dt=0.0984,  15 negative triangles
822: dt=0.0984,  15 negative triangles
823: dt=0.0935,  15 negative triangles
824: dt=0.0935,  15 negative triangles
825: dt=0.0935,  15 negative triangles
826: dt=0.0935,  15 negative triangles
827: dt=0.0935,  15 negative triangles
828: dt=0.0935,  15 negative triangles
829: dt=0.0935,  15 negative triangles
830: dt=0.0935,  15 negative triangles
831: dt=0.0935,  15 negative triangles
832: dt=0.0935,  15 negative triangles
833: dt=0.0888,  15 negative triangles
834: dt=0.0888,  15 negative triangles
835: dt=0.0888,  15 negative triangles
836: dt=0.0888,  15 negative triangles
837: dt=0.0888,  15 negative triangles
838: dt=0.0888,  15 negative triangles
839: dt=0.0888,  15 negative triangles
840: dt=0.0888,  15 negative triangles
841: dt=0.0888,  15 negative triangles
842: dt=0.0888,  15 negative triangles
843: dt=0.0844,  15 negative triangles
844: dt=0.0844,  15 negative triangles
845: dt=0.0844,  15 negative triangles
846: dt=0.0844,  15 negative triangles
847: dt=0.0844,  15 negative triangles
848: dt=0.0844,  15 negative triangles
849: dt=0.0844,  15 negative triangles
850: dt=0.0844,  15 negative triangles
851: dt=0.0844,  15 negative triangles
852: dt=0.0844,  15 negative triangles
853: dt=0.0802,  15 negative triangles
854: dt=0.0802,  15 negative triangles
855: dt=0.0802,  15 negative triangles
856: dt=0.0802,  15 negative triangles
857: dt=0.0802,  15 negative triangles
858: dt=0.0802,  15 negative triangles
859: dt=0.0802,  15 negative triangles
860: dt=0.0802,  15 negative triangles
861: dt=0.0802,  15 negative triangles
862: dt=0.0802,  15 negative triangles
863: dt=0.0762,  15 negative triangles
864: dt=0.0762,  15 negative triangles
865: dt=0.0762,  15 negative triangles
866: dt=0.0762,  15 negative triangles
867: dt=0.0762,  15 negative triangles
868: dt=0.0762,  15 negative triangles
869: dt=0.0762,  15 negative triangles
870: dt=0.0762,  15 negative triangles
871: dt=0.0762,  15 negative triangles
872: dt=0.0762,  15 negative triangles
873: dt=0.0724,  15 negative triangles
874: dt=0.0724,  15 negative triangles
875: dt=0.0724,  15 negative triangles
876: dt=0.0724,  15 negative triangles
877: dt=0.0724,  15 negative triangles
878: dt=0.0724,  15 negative triangles
879: dt=0.0724,  15 negative triangles
880: dt=0.0724,  15 negative triangles
881: dt=0.0724,  15 negative triangles
882: dt=0.0724,  15 negative triangles
883: dt=0.0687,  15 negative triangles
884: dt=0.0687,  15 negative triangles
885: dt=0.0687,  15 negative triangles
886: dt=0.0687,  15 negative triangles
887: dt=0.0687,  14 negative triangles
888: dt=0.0687,  14 negative triangles
889: dt=0.0687,  14 negative triangles
890: dt=0.0687,  14 negative triangles
891: dt=0.0687,  14 negative triangles
892: dt=0.0687,  14 negative triangles
893: dt=0.0687,  14 negative triangles
894: dt=0.0687,  14 negative triangles
895: dt=0.0687,  14 negative triangles
896: dt=0.0687,  14 negative triangles
897: dt=0.0653,  14 negative triangles
898: dt=0.0653,  14 negative triangles
899: dt=0.0653,  14 negative triangles
900: dt=0.0653,  14 negative triangles
901: dt=0.0653,  14 negative triangles
902: dt=0.0653,  14 negative triangles
903: dt=0.0653,  14 negative triangles
904: dt=0.0653,  15 negative triangles
905: dt=0.0653,  15 negative triangles
906: dt=0.0653,  15 negative triangles
907: dt=0.0620,  15 negative triangles
908: dt=0.0620,  15 negative triangles
909: dt=0.0620,  15 negative triangles
910: dt=0.0620,  15 negative triangles
911: dt=0.0620,  15 negative triangles
912: dt=0.0620,  15 negative triangles
913: dt=0.0620,  15 negative triangles
914: dt=0.0620,  15 negative triangles
915: dt=0.0620,  15 negative triangles
916: dt=0.0620,  15 negative triangles
917: dt=0.0589,  15 negative triangles
918: dt=0.0589,  15 negative triangles
919: dt=0.0589,  15 negative triangles
920: dt=0.0589,  15 negative triangles
921: dt=0.0589,  15 negative triangles
922: dt=0.0589,  15 negative triangles
923: dt=0.0589,  15 negative triangles
924: dt=0.0589,  15 negative triangles
925: dt=0.0589,  15 negative triangles
926: dt=0.0589,  15 negative triangles
927: dt=0.0560,  15 negative triangles
928: dt=0.0560,  15 negative triangles
929: dt=0.0560,  15 negative triangles
930: dt=0.0560,  15 negative triangles
931: dt=0.0560,  15 negative triangles
932: dt=0.0560,  15 negative triangles
933: dt=0.0560,  15 negative triangles
934: dt=0.0560,  16 negative triangles
935: dt=0.0560,  16 negative triangles
936: dt=0.0560,  16 negative triangles
937: dt=0.0532,  16 negative triangles
938: dt=0.0532,  16 negative triangles
939: dt=0.0532,  16 negative triangles
940: dt=0.0532,  16 negative triangles
941: dt=0.0532,  16 negative triangles
942: dt=0.0532,  16 negative triangles
943: dt=0.0532,  16 negative triangles
944: dt=0.0532,  16 negative triangles
945: dt=0.0532,  16 negative triangles
946: dt=0.0532,  16 negative triangles
947: dt=0.0505,  16 negative triangles
948: dt=0.0505,  16 negative triangles
949: dt=0.0505,  16 negative triangles
950: dt=0.0505,  16 negative triangles
951: dt=0.0505,  16 negative triangles
952: dt=0.0505,  16 negative triangles
953: dt=0.0505,  16 negative triangles
954: dt=0.0505,  16 negative triangles
955: dt=0.0505,  16 negative triangles
956: dt=0.0505,  16 negative triangles
957: dt=0.0480,  16 negative triangles
958: dt=0.0480,  16 negative triangles
959: dt=0.0480,  17 negative triangles
960: dt=0.0480,  17 negative triangles
961: dt=0.0480,  17 negative triangles
962: dt=0.0480,  17 negative triangles
963: dt=0.0480,  17 negative triangles
964: dt=0.0480,  17 negative triangles
965: dt=0.0480,  17 negative triangles
966: dt=0.0480,  17 negative triangles
967: dt=0.0456,  17 negative triangles
968: dt=0.0456,  17 negative triangles
969: dt=0.0456,  17 negative triangles
970: dt=0.0456,  17 negative triangles
971: dt=0.0456,  17 negative triangles
972: dt=0.0456,  17 negative triangles
973: dt=0.0456,  17 negative triangles
974: dt=0.0456,  17 negative triangles
975: dt=0.0456,  17 negative triangles
976: dt=0.0456,  17 negative triangles
977: dt=0.0433,  17 negative triangles
978: dt=0.0433,  17 negative triangles
979: dt=0.0433,  17 negative triangles
980: dt=0.0433,  17 negative triangles
981: dt=0.0433,  16 negative triangles
982: dt=0.0433,  16 negative triangles
983: dt=0.0433,  16 negative triangles
984: dt=0.0433,  16 negative triangles
985: dt=0.0433,  16 negative triangles
986: dt=0.0433,  16 negative triangles
987: dt=0.0412,  16 negative triangles
988: dt=0.0412,  16 negative triangles
989: dt=0.0412,  16 negative triangles
990: dt=0.0412,  16 negative triangles
991: dt=0.0412,  16 negative triangles
992: dt=0.0412,  16 negative triangles
993: dt=0.0412,  16 negative triangles
994: dt=0.0412,  16 negative triangles
995: dt=0.0412,  16 negative triangles
996: dt=0.0412,  16 negative triangles
997: dt=0.0391,  16 negative triangles
998: dt=0.0391,  16 negative triangles
999: dt=0.0391,  16 negative triangles
1000: dt=0.0391,  16 negative triangles
1001: dt=0.0391,  16 negative triangles
1002: dt=0.0391,  16 negative triangles
1003: dt=0.0391,  16 negative triangles
1004: dt=0.0391,  16 negative triangles
1005: dt=0.0391,  16 negative triangles
1006: dt=0.0391,  16 negative triangles
1007: dt=0.0371,  16 negative triangles
1008: dt=0.0371,  16 negative triangles
1009: dt=0.0371,  16 negative triangles
1010: dt=0.0371,  16 negative triangles
1011: dt=0.0371,  16 negative triangles
1012: dt=0.0371,  16 negative triangles
1013: dt=0.0371,  16 negative triangles
1014: dt=0.0371,  16 negative triangles
1015: dt=0.0371,  16 negative triangles
1016: dt=0.0371,  16 negative triangles
1017: dt=0.0353,  16 negative triangles
1018: dt=0.0353,  16 negative triangles
1019: dt=0.0353,  16 negative triangles
1020: dt=0.0353,  16 negative triangles
1021: dt=0.0353,  16 negative triangles
1022: dt=0.0353,  16 negative triangles
1023: dt=0.0353,  16 negative triangles
1024: dt=0.0353,  16 negative triangles
1025: dt=0.0353,  16 negative triangles
1026: dt=0.0353,  16 negative triangles
1027: dt=0.0335,  16 negative triangles
1028: dt=0.0335,  16 negative triangles
1029: dt=0.0335,  16 negative triangles
1030: dt=0.0335,  16 negative triangles
1031: dt=0.0335,  16 negative triangles
1032: dt=0.0335,  16 negative triangles
1033: dt=0.0335,  16 negative triangles
1034: dt=0.0335,  16 negative triangles
1035: dt=0.0335,  16 negative triangles
1036: dt=0.0335,  16 negative triangles
1037: dt=0.0319,  16 negative triangles
1038: dt=0.0319,  16 negative triangles
1039: dt=0.0319,  16 negative triangles
1040: dt=0.0319,  16 negative triangles
1041: dt=0.0319,  16 negative triangles
1042: dt=0.0319,  16 negative triangles
1043: dt=0.0319,  16 negative triangles
1044: dt=0.0319,  16 negative triangles
1045: dt=0.0319,  16 negative triangles
1046: dt=0.0319,  16 negative triangles
1047: dt=0.0303,  16 negative triangles
1048: dt=0.0303,  16 negative triangles
1049: dt=0.0303,  16 negative triangles
1050: dt=0.0303,  16 negative triangles
1051: dt=0.0303,  16 negative triangles
1052: dt=0.0303,  16 negative triangles
1053: dt=0.0303,  16 negative triangles
1054: dt=0.0303,  16 negative triangles
1055: dt=0.0303,  16 negative triangles
1056: dt=0.0303,  16 negative triangles
1057: dt=0.0287,  16 negative triangles
1058: dt=0.0287,  16 negative triangles
1059: dt=0.0287,  16 negative triangles
1060: dt=0.0287,  16 negative triangles
1061: dt=0.0287,  16 negative triangles
1062: dt=0.0287,  16 negative triangles
1063: dt=0.0287,  16 negative triangles
1064: dt=0.0287,  16 negative triangles
1065: dt=0.0287,  16 negative triangles
1066: dt=0.0287,  16 negative triangles
1067: dt=0.0273,  16 negative triangles
1068: dt=0.0273,  16 negative triangles
1069: dt=0.0273,  16 negative triangles
1070: dt=0.0273,  16 negative triangles
1071: dt=0.0273,  16 negative triangles
1072: dt=0.0273,  16 negative triangles
1073: dt=0.0273,  16 negative triangles
1074: dt=0.0273,  16 negative triangles
1075: dt=0.0273,  16 negative triangles
1076: dt=0.0273,  16 negative triangles
1077: dt=0.0259,  16 negative triangles
1078: dt=0.0259,  16 negative triangles
1079: dt=0.0259,  16 negative triangles
1080: dt=0.0259,  16 negative triangles
1081: dt=0.0259,  16 negative triangles
1082: dt=0.0259,  16 negative triangles
1083: dt=0.0259,  16 negative triangles
1084: dt=0.0259,  16 negative triangles
1085: dt=0.0259,  16 negative triangles
1086: dt=0.0259,  16 negative triangles
1087: dt=0.0246,  16 negative triangles
1088: dt=0.0246,  16 negative triangles
1089: dt=0.0246,  16 negative triangles
1090: dt=0.0246,  16 negative triangles
1091: dt=0.0246,  16 negative triangles
1092: dt=0.0246,  16 negative triangles
1093: dt=0.0246,  16 negative triangles
1094: dt=0.0246,  16 negative triangles
1095: dt=0.0246,  16 negative triangles
1096: dt=0.0246,  16 negative triangles
1097: dt=0.0234,  16 negative triangles
1098: dt=0.0234,  16 negative triangles
1099: dt=0.0234,  16 negative triangles
1100: dt=0.0234,  16 negative triangles
1101: dt=0.0234,  16 negative triangles
1102: dt=0.0234,  16 negative triangles
1103: dt=0.0234,  16 negative triangles
1104: dt=0.0234,  16 negative triangles
1105: dt=0.0234,  16 negative triangles
1106: dt=0.0234,  16 negative triangles
1107: dt=0.0222,  16 negative triangles
1108: dt=0.0222,  16 negative triangles
1109: dt=0.0222,  16 negative triangles
1110: dt=0.0222,  16 negative triangles
1111: dt=0.0222,  16 negative triangles
1112: dt=0.0222,  16 negative triangles
1113: dt=0.0222,  16 negative triangles
1114: dt=0.0222,  16 negative triangles
1115: dt=0.0222,  16 negative triangles
1116: dt=0.0222,  16 negative triangles
1117: dt=0.0211,  16 negative triangles
1118: dt=0.0211,  16 negative triangles
1119: dt=0.0211,  16 negative triangles
1120: dt=0.0211,  16 negative triangles
1121: dt=0.0211,  16 negative triangles
1122: dt=0.0211,  16 negative triangles
1123: dt=0.0211,  16 negative triangles
1124: dt=0.0211,  16 negative triangles
1125: dt=0.0211,  16 negative triangles
writing registered surface to ../surf/lh.sphere.reg...
1126: dt=0.0211,  16 negative triangles
1127: 16 negative triangles
registration took 0.15 hours
#VMPC# mris_register VmPeak  1746448
FSRUNTIME@ mris_register  0.1542 hours 16 threads

 ln -sf lh.sphere.reg lh.fsaverage.sphere.reg 

#--------------------------------------------
#@# Jacobian white lh Thu Mar 12 17:42:33 CET 2026
/out/sourcedata/freesurfer/sub-v1s20x0050295_ses-1/scripts

 mris_jacobian ../surf/lh.white.preaparc ../surf/lh.sphere.reg ../surf/lh.jacobian_white 

reading surface from ../surf/lh.white.preaparc...
writing curvature file ../surf/lh.jacobian_white
#--------------------------------------------
#@# AvgCurv lh Thu Mar 12 17:42:34 CET 2026
/out/sourcedata/freesurfer/sub-v1s20x0050295_ses-1/scripts

 mrisp_paint -a 5 /opt/freesurfer/average/lh.folding.atlas.acfb40.noaparc.i12.2016-08-02.tif#6 ../surf/lh.sphere.reg ../surf/lh.avg_curv 

averaging curvature patterns 5 times...
reading surface from ../surf/lh.sphere.reg...
reading template parameterization from /opt/freesurfer/average/lh.folding.atlas.acfb40.noaparc.i12.2016-08-02.tif...
writing curvature file to ../surf/lh.avg_curv...
#-----------------------------------------
#@# Cortical Parc lh Thu Mar 12 17:42:35 CET 2026
/out/sourcedata/freesurfer/sub-v1s20x0050295_ses-1/scripts

 mris_ca_label -l ../label/lh.cortex.label -aseg ../mri/aseg.presurf.mgz -seed 1234 sub-v1s20x0050295_ses-1 lh ../surf/lh.sphere.reg /opt/freesurfer/average/lh.DKaparc.atlas.acfb40.noaparc.i12.2016-08-02.gcs ../label/lh.aparc.annot 

setting seed for random number generator to 1234
using ../mri/aseg.presurf.mgz aseg volume to correct midline
7.3.2
  7.3.2
reading atlas from /opt/freesurfer/average/lh.DKaparc.atlas.acfb40.noaparc.i12.2016-08-02.gcs...
reading color table from GCSA file....
average std = 0.8   using min determinant for regularization = 0.006
0 singular and 342 ill-conditioned covariance matrices regularized
input 0: MEAN CURVATURE, flags 0, avgs 5, name mean_curvature
labeling surface...
1612 labels changed using aseg
relabeling using gibbs priors...
000:   3398 changed, 155178 examined...
001:    809 changed, 14287 examined...
002:    207 changed, 4524 examined...
003:     80 changed, 1227 examined...
004:     27 changed, 469 examined...
005:     19 changed, 176 examined...
006:      7 changed, 112 examined...
007:      2 changed, 47 examined...
008:      1 changed, 15 examined...
009:      1 changed, 6 examined...
010:      1 changed, 8 examined...
011:      0 changed, 7 examined...
333 labels changed using aseg
000: 131 total segments, 88 labels (322 vertices) changed
001: 45 total segments, 3 labels (6 vertices) changed
002: 42 total segments, 0 labels (0 vertices) changed
10 filter iterations complete (10 requested, 8 changed)
rationalizing unknown annotations with cortex label
relabeling unknown label...
relabeling corpuscallosum label...
2464 vertices marked for relabeling...
2464 labels changed in reclassification.
writing output to ../label/lh.aparc.annot...
classification took 0 minutes and 12 seconds.
#--------------------------------------------
#@# WhiteSurfs lh Thu Mar 12 17:42:47 CET 2026
cd /out/sourcedata/freesurfer/sub-v1s20x0050295_ses-1/mri
mris_place_surface --adgws-in ../surf/autodet.gw.stats.lh.dat --seg aseg.presurf.mgz --threads 16 --wm wm.mgz --invol brain.finalsurfs.mgz --lh --i ../surf/lh.white.preaparc --o ../surf/lh.white --white --nsmooth 0 --rip-label ../label/lh.cortex.label --rip-bg --rip-surf ../surf/lh.white.preaparc --aparc ../label/lh.aparc.annot
7.3.2
7.3.2

cd /out/sourcedata/freesurfer/sub-v1s20x0050295_ses-1/mri
setenv SUBJECTS_DIR /out/sourcedata/freesurfer
mris_place_surface --adgws-in ../surf/autodet.gw.stats.lh.dat --seg aseg.presurf.mgz --threads 16 --wm wm.mgz --invol brain.finalsurfs.mgz --lh --i ../surf/lh.white.preaparc --o ../surf/lh.white --white --nsmooth 0 --rip-label ../label/lh.cortex.label --rip-bg --rip-surf ../surf/lh.white.preaparc --aparc ../label/lh.aparc.annot 

Reading in input surface ../surf/lh.white.preaparc
Not smoothing input surface
Area    310352  0.34775  0.11874 0.000070   2.2201
Corner  931056 60.00000 13.33519 0.150066 179.5528
Edge    465528  0.90697  0.19634 0.025491   3.6955
Hinge   465528 10.10080 11.32725 0.000010 179.7241
Reading in aparc ../label/lh.aparc.annot
Reading in input volume brain.finalsurfs.mgz
Reading in wm volume wm.mgz
MRIclipBrightWM(): nthresh=13368, wmmin=5, clip=110 
MRIfindBrightNonWM(): 1095 bright non-wm voxels segmented.
Masking bright non-wm for white surface
MRImask(): AllowDiffGeom = 1
MRImask(): AllowDiffGeom = 1
Reading in seg volume aseg.presurf.mgz
Ripping frozen voxels
Ripping vertices not in label ../label/lh.cortex.label
MRISripNotLabel() ripped 7903/155178 vertices (147275 unripped)
Reading in ripping surface ../surf/lh.white.preaparc
Reading in aparc ../label/lh.aparc.annot for ripsurf
Ripping BG
MRISripBasalGanglia(): 1 -2 2 0.5 ripped 571
Ripping segs (eg, WMSA, BG, frozen)
Starting MRISripSegs() d = (-2 2 0.5) segnos: 247 
MRISripSegs(): -2 2 0.5 ripped 0
vertex 77589: xyz = (4.41783,7.96431,6.51839) oxyz = (4.41783,7.96431,6.51839) wxzy = (4.41783,7.96431,6.51839) pxyz = (0,0,0) 
CBVO Creating mask 155178
n_averages 4
Iteration 0 =========================================
n_averages=4, current_sigma=2
Computing target border values 
Entering MRIScomputeBorderValues_new(): 
  inside_hi   = 120.0000000;
  border_hi   = 108.1846240;
  border_low  =  73.0000000;
  outside_low =  63.8590010;
  outside_hi  = 108.1846240;
  sigma = 2;
  max_thickness = 10;
  step_size=0.5;
  STEP_SIZE=0.1;
  which = 1
  thresh = 0
  flags = 0
  CBVfindFirstPeakD1=0
  CBVfindFirstPeakD2=0
  nvertices=155178
  Gdiag_no=-1
  vno start=0, stop=155178
Replacing 255s with 0s
#SI# sigma=2 had to be increased for 124 vertices, nripped=8474
mean border=83.2, 161 (161) missing vertices, mean dist 0.3 [0.6 (%18.1)->0.5 (%81.9))]
%69 local maxima, %26 large gradients and % 0 min vals, 0 gradients ignored
nFirstPeakD1 0
MRIScomputeBorderValues_new() finished in 0.0171 min


Finding expansion regions
mean absolute distance = 0.56 +- 0.83
3539 vertices more than 2 sigmas from mean.
Averaging target values for 5 iterations...
Positioning Surface: tspring = 0.3, nspring = 0.3, spring = 0, niters = 100 l_repulse = 5, l_surf_repulse = 0, checktol = 0
Positioning pial surface
Entering MRISpositionSurface()
  max_mm = 0.3
  MAX_REDUCTIONS = 2, REDUCTION_PCT = 0.5
  parms->check_tol = 0, niterations = 100
tol=1.0e-04, sigma=2.0, host=dna05, nav=4, nbrs=2, l_repulse=5.000, l_tspring=0.300, l_nspring=0.300, l_intensity=0.200, l_curv=1.000
mom=0.00, dt=0.50
complete_dist_mat 0
rms 0
smooth_averages 0
remove_neg 0
ico_order 0
which_surface 0
target_radius 0.000000
nfields 0
scale 0.000000
desired_rms_height 0.000000
momentum 0.000000
nbhd_size 0
max_nbrs 0
niterations 100
nsurfaces 0
SURFACES 3
flags 0 (0)
use curv 0
no sulc 0
no rigid align 0
mris->nsize 2
mris->hemisphere 0
randomSeed 0

000: dt: 0.0000, sse=1251086.0, rms=5.898
001: dt: 0.5000, sse=592959.0, rms=3.525 (40.237%)
002: dt: 0.5000, sse=406782.3, rms=2.457 (30.305%)
003: dt: 0.5000, sse=359836.6, rms=2.090 (14.932%)
004: dt: 0.5000, sse=338541.3, rms=1.894 (9.382%)
rms = 1.8968/1.8937, sse=340942.7/338541.3, time step reduction 1 of 3 to 0.250  0 1 1
   RMS increased, rejecting step
005: dt: 0.2500, sse=301706.0, rms=1.518 (19.839%)
006: dt: 0.2500, sse=286723.9, rms=1.334 (12.105%)
007: dt: 0.2500, sse=282997.2, rms=1.282 (3.949%)
rms = 1.2600/1.2816, sse=283933.8/282997.2, time step reduction 2 of 3 to 0.125  0 1 1
008: dt: 0.2500, sse=283933.8, rms=1.260 (1.680%)
rms = 1.2258/1.2600, sse=281175.2/283933.8, time step reduction 3 of 3 to 0.062  0 0 1
009: dt: 0.1250, sse=281175.2, rms=1.226 (2.717%)
  maximum number of reductions reached, breaking from loop
positioning took 1.1 minutes
Iteration 1 =========================================
n_averages=2, current_sigma=1
Computing target border values 
Entering MRIScomputeBorderValues_new(): 
  inside_hi   = 120.0000000;
  border_hi   = 108.1846240;
  border_low  =  73.0000000;
  outside_low =  63.8590010;
  outside_hi  = 108.1846240;
  sigma = 1;
  max_thickness = 10;
  step_size=0.5;
  STEP_SIZE=0.1;
  which = 1
  thresh = 0
  flags = 0
  CBVfindFirstPeakD1=0
  CBVfindFirstPeakD2=0
  nvertices=155178
  Gdiag_no=-1
  vno start=0, stop=155178
Replacing 255s with 0s
#SI# sigma=1 had to be increased for 129 vertices, nripped=8474
mean border=85.6, 112 (46) missing vertices, mean dist -0.2 [0.4 (%72.3)->0.3 (%27.7))]
%77 local maxima, %18 large gradients and % 0 min vals, 0 gradients ignored
nFirstPeakD1 0
MRIScomputeBorderValues_new() finished in 0.0117 min


Finding expansion regions
mean absolute distance = 0.36 +- 0.61
3225 vertices more than 2 sigmas from mean.
Averaging target values for 5 iterations...
Positioning Surface: tspring = 0.3, nspring = 0.3, spring = 0, niters = 100 l_repulse = 5, l_surf_repulse = 0, checktol = 0
Positioning pial surface
Entering MRISpositionSurface()
  max_mm = 0.3
  MAX_REDUCTIONS = 2, REDUCTION_PCT = 0.5
  parms->check_tol = 0, niterations = 100
tol=1.0e-04, sigma=1.0, host=dna05, nav=2, nbrs=2, l_repulse=5.000, l_tspring=0.300, l_nspring=0.300, l_intensity=0.200, l_curv=1.000
mom=0.00, dt=0.50
000: dt: 0.0000, sse=601706.7, rms=3.461
010: dt: 0.5000, sse=380952.2, rms=2.031 (41.315%)
011: dt: 0.5000, sse=348356.3, rms=1.678 (17.373%)
012: dt: 0.5000, sse=336194.6, rms=1.605 (4.391%)
rms = 1.6120/1.6045, sse=336828.1/336194.6, time step reduction 1 of 3 to 0.250  0 1 1
   RMS increased, rejecting step
013: dt: 0.2500, sse=306503.0, rms=1.250 (22.095%)
014: dt: 0.2500, sse=296840.5, rms=1.086 (13.083%)
rms = 1.0523/1.0865, sse=297153.2/296840.5, time step reduction 2 of 3 to 0.125  0 1 1
015: dt: 0.2500, sse=297153.2, rms=1.052 (3.141%)
rms = 1.0254/1.0523, sse=290846.6/297153.2, time step reduction 3 of 3 to 0.062  0 0 1
016: dt: 0.1250, sse=290846.6, rms=1.025 (2.559%)
  maximum number of reductions reached, breaking from loop
positioning took 0.8 minutes
Iteration 2 =========================================
n_averages=1, current_sigma=0.5
Computing target border values 
Entering MRIScomputeBorderValues_new(): 
  inside_hi   = 120.0000000;
  border_hi   = 108.1846240;
  border_low  =  73.0000000;
  outside_low =  63.8590010;
  outside_hi  = 108.1846240;
  sigma = 0.5;
  max_thickness = 10;
  step_size=0.5;
  STEP_SIZE=0.1;
  which = 1
  thresh = 0
  flags = 0
  CBVfindFirstPeakD1=0
  CBVfindFirstPeakD2=0
  nvertices=155178
  Gdiag_no=-1
  vno start=0, stop=155178
Replacing 255s with 0s
#SI# sigma=0.5 had to be increased for 122 vertices, nripped=8474
mean border=87.0, 153 (37) missing vertices, mean dist -0.1 [0.3 (%64.9)->0.2 (%35.1))]
%82 local maxima, %12 large gradients and % 0 min vals, 0 gradients ignored
nFirstPeakD1 0
MRIScomputeBorderValues_new() finished in 0.0060 min


Finding expansion regions
mean absolute distance = 0.29 +- 0.48
3503 vertices more than 2 sigmas from mean.
Averaging target values for 5 iterations...
Positioning Surface: tspring = 0.3, nspring = 0.3, spring = 0, niters = 100 l_repulse = 5, l_surf_repulse = 0, checktol = 0
Positioning pial surface
Entering MRISpositionSurface()
  max_mm = 0.3
  MAX_REDUCTIONS = 2, REDUCTION_PCT = 0.5
  parms->check_tol = 0, niterations = 100
tol=1.0e-04, sigma=0.5, host=dna05, nav=1, nbrs=2, l_repulse=5.000, l_tspring=0.300, l_nspring=0.300, l_intensity=0.200, l_curv=1.000
mom=0.00, dt=0.50
000: dt: 0.0000, sse=396260.1, rms=2.200
017: dt: 0.5000, sse=326845.3, rms=1.554 (29.357%)
018: dt: 0.5000, sse=316606.1, rms=1.462 (5.894%)
rms = 1.5101/1.4625, sse=320090.5/316606.1, time step reduction 1 of 3 to 0.250  0 1 1
   RMS increased, rejecting step
019: dt: 0.2500, sse=292549.9, rms=1.143 (21.838%)
020: dt: 0.2500, sse=285542.8, rms=1.011 (11.562%)
rms = 1.0217/1.0109, sse=286160.2/285542.8, time step reduction 2 of 3 to 0.125  0 1 1
   RMS increased, rejecting step
rms = 0.9885/1.0109, sse=283893.5/285542.8, time step reduction 3 of 3 to 0.062  0 0 1
021: dt: 0.1250, sse=283893.5, rms=0.989 (2.219%)
  maximum number of reductions reached, breaking from loop
positioning took 0.7 minutes
Iteration 3 =========================================
n_averages=0, current_sigma=0.25
Computing target border values 
Entering MRIScomputeBorderValues_new(): 
  inside_hi   = 120.0000000;
  border_hi   = 108.1846240;
  border_low  =  73.0000000;
  outside_low =  63.8590010;
  outside_hi  = 108.1846240;
  sigma = 0.25;
  max_thickness = 10;
  step_size=0.5;
  STEP_SIZE=0.1;
  which = 1
  thresh = 0
  flags = 0
  CBVfindFirstPeakD1=0
  CBVfindFirstPeakD2=0
  nvertices=155178
  Gdiag_no=-1
  vno start=0, stop=155178
Replacing 255s with 0s
#SI# sigma=0.25 had to be increased for 136 vertices, nripped=8474
mean border=87.6, 197 (30) missing vertices, mean dist -0.0 [0.3 (%54.7)->0.3 (%45.3))]
%85 local maxima, % 9 large gradients and % 0 min vals, 0 gradients ignored
nFirstPeakD1 0
MRIScomputeBorderValues_new() finished in 0.0041 min


Finding expansion regions
mean absolute distance = 0.27 +- 0.41
3569 vertices more than 2 sigmas from mean.
Averaging target values for 5 iterations...
Positioning Surface: tspring = 0.3, nspring = 0.3, spring = 0, niters = 100 l_repulse = 5, l_surf_repulse = 0, checktol = 0
Positioning pial surface
Entering MRISpositionSurface()
  max_mm = 0.3
  MAX_REDUCTIONS = 2, REDUCTION_PCT = 0.5
  parms->check_tol = 0, niterations = 100
tol=1.0e-04, sigma=0.2, host=dna05, nav=0, nbrs=2, l_repulse=5.000, l_tspring=0.300, l_nspring=0.300, l_intensity=0.200, l_curv=1.000
mom=0.00, dt=0.50
000: dt: 0.0000, sse=305844.4, rms=1.349
rms = 1.1991/1.3486, sse=308186.1/305844.4, time step reduction 1 of 3 to 0.250  0 1 0
022: dt: 0.5000, sse=308186.1, rms=1.199 (11.087%)
023: dt: 0.2500, sse=274578.3, rms=0.923 (23.044%)
rms = 0.8956/0.9228, sse=273116.2/274578.3, time step reduction 2 of 3 to 0.125  0 0 1
024: dt: 0.2500, sse=273116.2, rms=0.896 (2.943%)
025: dt: 0.1250, sse=268818.7, rms=0.799 (10.766%)
rms = 0.7842/0.7992, sse=266140.9/268818.7, time step reduction 3 of 3 to 0.062  0 0 1
026: dt: 0.1250, sse=266140.9, rms=0.784 (1.871%)
  maximum number of reductions reached, breaking from loop
positioning took 0.5 minutes


Writing output to ../surf/lh.white
#ET# mris_place_surface  3.18 minutes
#VMPC# mris_place_surfaces VmPeak  3182100
mris_place_surface done
#--------------------------------------------
#@# T1PialSurf lh Thu Mar 12 17:46:05 CET 2026
cd /out/sourcedata/freesurfer/sub-v1s20x0050295_ses-1/mri
mris_place_surface --adgws-in ../surf/autodet.gw.stats.lh.dat --seg aseg.presurf.mgz --threads 16 --wm wm.mgz --invol brain.finalsurfs.mgz --lh --i ../surf/lh.white --o ../surf/lh.pial.T1 --pial --nsmooth 0 --rip-label ../label/lh.cortex+hipamyg.label --pin-medial-wall ../label/lh.cortex.label --aparc ../label/lh.aparc.annot --repulse-surf ../surf/lh.white --white-surf ../surf/lh.white
7.3.2
7.3.2

cd /out/sourcedata/freesurfer/sub-v1s20x0050295_ses-1/mri
setenv SUBJECTS_DIR /out/sourcedata/freesurfer
mris_place_surface --adgws-in ../surf/autodet.gw.stats.lh.dat --seg aseg.presurf.mgz --threads 16 --wm wm.mgz --invol brain.finalsurfs.mgz --lh --i ../surf/lh.white --o ../surf/lh.pial.T1 --pial --nsmooth 0 --rip-label ../label/lh.cortex+hipamyg.label --pin-medial-wall ../label/lh.cortex.label --aparc ../label/lh.aparc.annot --repulse-surf ../surf/lh.white --white-surf ../surf/lh.white 

Reading in input surface ../surf/lh.white
Not smoothing input surface
Area    310352  0.35147  0.13349 0.000070   2.3036
Corner  931056 60.00000 14.73137 0.150066 179.5917
Edge    465528  0.91347  0.21657 0.010527   3.7416
Hinge   465528 10.19493 11.54504 0.000011 179.9459
Reading white surface coordinates from ../surf/lh.white
Reading repulsion surface coordinates from ../surf/lh.white
Reading in aparc ../label/lh.aparc.annot
Reading in input volume brain.finalsurfs.mgz
Reading in wm volume wm.mgz
MRIclipBrightWM(): nthresh=13368, wmmin=5, clip=110 
MRIfindBrightNonWM(): 1095 bright non-wm voxels segmented.
Masking bright non-wm for pial surface mid_gray = 69.6962
MRImask(): AllowDiffGeom = 1
MRImask(): AllowDiffGeom = 1
MRImask(): AllowDiffGeom = 1
Reading in seg volume aseg.presurf.mgz
Ripping frozen voxels
Ripping vertices not in label ../label/lh.cortex+hipamyg.label
MRISripNotLabel() ripped 5536/155178 vertices (149642 unripped)
INFO: rip surface needed but not specified, so using input surface
Ripping segs (eg, WMSA, BG, frozen)
Starting MRISripSegs() d = (-2 2 0.5) segnos: 247 
MRISripSegs(): -2 2 0.5 ripped 0
vertex 77589: xyz = (4.41783,7.96431,6.51839) oxyz = (4.41783,7.96431,6.51839) wxzy = (4.41783,7.96431,6.51839) pxyz = (4.41783,7.96431,6.51839) 
CBVO Creating mask 155178
n_averages 16
Iteration 0 =========================================
n_averages=16, current_sigma=2
Computing target border values 
Entering MRIScomputeBorderValues_new(): 
  inside_hi   =  93.8153760;
  border_hi   =  63.8590010;
  border_low  =  45.5770070;
  outside_low =  10.0000000;
  outside_hi  =  59.2885020;
  sigma = 2;
  max_thickness = 10;
  step_size=0.5;
  STEP_SIZE=0.1;
  which = 2
  thresh = 0
  flags = 0
  CBVfindFirstPeakD1=0
  CBVfindFirstPeakD2=0
  nvertices=155178
  Gdiag_no=-1
  vno start=0, stop=155178
Replacing 255s with 0s
#SI# sigma=2 had to be increased for 216 vertices, nripped=5536
mean border=63.0, 235 (235) missing vertices, mean dist 1.5 [2.0 (%0.0)->3.1 (%100.0))]
%14 local maxima, %33 large gradients and %50 min vals, 0 gradients ignored
nFirstPeakD1 0
MRIScomputeBorderValues_new() finished in 0.0156 min


Averaging target values for 5 iterations...
Positioning Surface: tspring = 0.3, nspring = 0.3, spring = 0, niters = 100 l_repulse = 0, l_surf_repulse = 5, checktol = 0
Positioning pial surface
Entering MRISpositionSurface()
  max_mm = 0.3
  MAX_REDUCTIONS = 2, REDUCTION_PCT = 0.5
  parms->check_tol = 0, niterations = 100
tol=1.0e-04, sigma=2.0, host=dna05, nav=16, nbrs=2, l_surf_repulse=5.000, l_tspring=0.300, l_nspring=0.300, l_intensity=0.200, l_curv=1.000
mom=0.00, dt=0.50
complete_dist_mat 0
rms 0
smooth_averages 0
remove_neg 0
ico_order 0
which_surface 0
target_radius 0.000000
nfields 0
scale 0.000000
desired_rms_height 0.000000
momentum 0.000000
nbhd_size 0
max_nbrs 0
niterations 100
nsurfaces 0
SURFACES 3
flags 0 (0)
use curv 0
no sulc 0
no rigid align 0
mris->nsize 2
mris->hemisphere 0
randomSeed 0

000: dt: 0.0000, sse=19201252.0, rms=25.194
001: dt: 0.5000, sse=13709011.0, rms=21.235 (15.715%)
002: dt: 0.5000, sse=9617424.0, rms=17.718 (16.561%)
003: dt: 0.5000, sse=6822641.0, rms=14.843 (16.228%)
004: dt: 0.5000, sse=5048172.0, rms=12.681 (14.564%)
005: dt: 0.5000, sse=3923647.2, rms=11.093 (12.520%)
006: dt: 0.5000, sse=3167025.8, rms=9.880 (10.937%)
007: dt: 0.5000, sse=2638077.2, rms=8.932 (9.594%)
008: dt: 0.5000, sse=2230155.5, rms=8.124 (9.051%)
009: dt: 0.5000, sse=1919801.5, rms=7.448 (8.315%)
010: dt: 0.5000, sse=1653655.0, rms=6.815 (8.505%)
011: dt: 0.5000, sse=1446098.6, rms=6.275 (7.917%)
012: dt: 0.5000, sse=1275843.9, rms=5.794 (7.665%)
013: dt: 0.5000, sse=1147252.6, rms=5.401 (6.789%)
014: dt: 0.5000, sse=1044110.2, rms=5.062 (6.270%)
015: dt: 0.5000, sse=969432.5, rms=4.801 (5.160%)
016: dt: 0.5000, sse=913195.2, rms=4.593 (4.341%)
017: dt: 0.5000, sse=874021.8, rms=4.441 (3.299%)
018: dt: 0.5000, sse=843836.8, rms=4.319 (2.741%)
019: dt: 0.5000, sse=821030.0, rms=4.224 (2.199%)
020: dt: 0.5000, sse=806097.6, rms=4.160 (1.535%)
021: dt: 0.5000, sse=793670.1, rms=4.105 (1.324%)
rms = 4.0627/4.1045, sse=784536.0/793670.0, time step reduction 1 of 3 to 0.250  0 0 1
022: dt: 0.5000, sse=784536.0, rms=4.063 (1.020%)
023: dt: 0.2500, sse=694266.1, rms=3.653 (10.089%)
024: dt: 0.2500, sse=673033.5, rms=3.551 (2.799%)
rms = 3.5418/3.5505, sse=671605.8/673033.5, time step reduction 2 of 3 to 0.125  0 0 1
025: dt: 0.2500, sse=671605.8, rms=3.542 (0.246%)
026: dt: 0.1250, sse=653470.6, rms=3.451 (2.564%)
rms = 3.4192/3.4510, sse=647192.0/653470.6, time step reduction 3 of 3 to 0.062  0 0 1
027: dt: 0.1250, sse=647192.0, rms=3.419 (0.922%)
  maximum number of reductions reached, breaking from loop
positioning took 2.5 minutes
Iteration 1 =========================================
n_averages=8, current_sigma=1
Computing target border values 
Entering MRIScomputeBorderValues_new(): 
  inside_hi   =  93.8153760;
  border_hi   =  63.8590010;
  border_low  =  45.5770070;
  outside_low =  10.0000000;
  outside_hi  =  59.2885020;
  sigma = 1;
  max_thickness = 10;
  step_size=0.5;
  STEP_SIZE=0.1;
  which = 2
  thresh = 0
  flags = 0
  CBVfindFirstPeakD1=0
  CBVfindFirstPeakD2=0
  nvertices=155178
  Gdiag_no=-1
  vno start=0, stop=155178
Replacing 255s with 0s
#SI# sigma=1 had to be increased for 17902 vertices, nripped=5536
mean border=61.6, 2617 (44) missing vertices, mean dist 0.2 [0.2 (%35.3)->0.7 (%64.7))]
%24 local maxima, %26 large gradients and %44 min vals, 0 gradients ignored
nFirstPeakD1 0
MRIScomputeBorderValues_new() finished in 0.0057 min


Averaging target values for 5 iterations...
Positioning Surface: tspring = 0.3, nspring = 0.3, spring = 0, niters = 100 l_repulse = 0, l_surf_repulse = 5, checktol = 0
Positioning pial surface
Entering MRISpositionSurface()
  max_mm = 0.3
  MAX_REDUCTIONS = 2, REDUCTION_PCT = 0.5
  parms->check_tol = 0, niterations = 100
tol=1.0e-04, sigma=1.0, host=dna05, nav=8, nbrs=2, l_surf_repulse=5.000, l_tspring=0.300, l_nspring=0.300, l_intensity=0.200, l_curv=1.000
mom=0.00, dt=0.50
000: dt: 0.0000, sse=985447.2, rms=4.505
028: dt: 0.5000, sse=904068.0, rms=4.191 (6.974%)
029: dt: 0.5000, sse=857536.2, rms=4.015 (4.212%)
rms = 4.1422/4.0146, sse=889111.6/857536.2, time step reduction 1 of 3 to 0.250  0 1 1
   RMS increased, rejecting step
030: dt: 0.2500, sse=774415.2, rms=3.641 (9.301%)
031: dt: 0.2500, sse=753559.1, rms=3.538 (2.844%)
rms = 3.5404/3.5377, sse=754382.9/753559.1, time step reduction 2 of 3 to 0.125  0 1 1
   RMS increased, rejecting step
032: dt: 0.1250, sse=743323.4, rms=3.488 (1.415%)
033: dt: 0.1250, sse=729726.6, rms=3.419 (1.978%)
rms = 3.3873/3.4186, sse=723574.4/729726.6, time step reduction 3 of 3 to 0.062  0 0 1
034: dt: 0.1250, sse=723574.4, rms=3.387 (0.917%)
  maximum number of reductions reached, breaking from loop
positioning took 0.7 minutes
Iteration 2 =========================================
n_averages=4, current_sigma=0.5
Computing target border values 
Entering MRIScomputeBorderValues_new(): 
  inside_hi   =  93.8153760;
  border_hi   =  63.8590010;
  border_low  =  45.5770070;
  outside_low =  10.0000000;
  outside_hi  =  59.2885020;
  sigma = 0.5;
  max_thickness = 10;
  step_size=0.5;
  STEP_SIZE=0.1;
  which = 2
  thresh = 0
  flags = 0
  CBVfindFirstPeakD1=0
  CBVfindFirstPeakD2=0
  nvertices=155178
  Gdiag_no=-1
  vno start=0, stop=155178
Replacing 255s with 0s
#SI# sigma=0.5 had to be increased for 20159 vertices, nripped=5536
mean border=61.1, 3237 (30) missing vertices, mean dist 0.1 [0.2 (%37.2)->0.5 (%62.8))]
%30 local maxima, %19 large gradients and %45 min vals, 0 gradients ignored
nFirstPeakD1 0
MRIScomputeBorderValues_new() finished in 0.0035 min


Averaging target values for 5 iterations...
Positioning Surface: tspring = 0.3, nspring = 0.3, spring = 0, niters = 100 l_repulse = 0, l_surf_repulse = 5, checktol = 0
Positioning pial surface
Entering MRISpositionSurface()
  max_mm = 0.3
  MAX_REDUCTIONS = 2, REDUCTION_PCT = 0.5
  parms->check_tol = 0, niterations = 100
tol=1.0e-04, sigma=0.5, host=dna05, nav=4, nbrs=2, l_surf_repulse=5.000, l_tspring=0.300, l_nspring=0.300, l_intensity=0.200, l_curv=1.000
mom=0.00, dt=0.50
000: dt: 0.0000, sse=762724.5, rms=3.552
rms = 3.9392/3.5515, sse=848404.7/762724.5, time step reduction 1 of 3 to 0.250  0 1 1
   RMS increased, rejecting step
035: dt: 0.2500, sse=735207.0, rms=3.418 (3.772%)
rms = 3.3978/3.4176, sse=730855.6/735207.0, time step reduction 2 of 3 to 0.125  0 0 1
036: dt: 0.2500, sse=730855.6, rms=3.398 (0.578%)
rms = 3.3510/3.3978, sse=721745.9/730855.6, time step reduction 3 of 3 to 0.062  0 0 1
037: dt: 0.1250, sse=721745.9, rms=3.351 (1.379%)
  maximum number of reductions reached, breaking from loop
positioning took 0.3 minutes
Iteration 3 =========================================
n_averages=2, current_sigma=0.25
Computing target border values 
Entering MRIScomputeBorderValues_new(): 
  inside_hi   =  93.8153760;
  border_hi   =  63.8590010;
  border_low  =  45.5770070;
  outside_low =  10.0000000;
  outside_hi  =  59.2885020;
  sigma = 0.25;
  max_thickness = 10;
  step_size=0.5;
  STEP_SIZE=0.1;
  which = 2
  thresh = 0
  flags = 0
  CBVfindFirstPeakD1=0
  CBVfindFirstPeakD2=0
  nvertices=155178
  Gdiag_no=-1
  vno start=0, stop=155178
Replacing 255s with 0s
#SI# sigma=0.25 had to be increased for 16802 vertices, nripped=5536
mean border=60.7, 8017 (29) missing vertices, mean dist 0.1 [0.2 (%38.8)->0.4 (%61.2))]
%34 local maxima, %15 large gradients and %42 min vals, 0 gradients ignored
nFirstPeakD1 0
MRIScomputeBorderValues_new() finished in 0.0023 min


Averaging target values for 5 iterations...
Positioning Surface: tspring = 0.3, nspring = 0.3, spring = 0, niters = 100 l_repulse = 0, l_surf_repulse = 5, checktol = 0
Positioning pial surface
Entering MRISpositionSurface()
  max_mm = 0.3
  MAX_REDUCTIONS = 2, REDUCTION_PCT = 0.5
  parms->check_tol = 0, niterations = 100
tol=1.0e-04, sigma=0.2, host=dna05, nav=2, nbrs=2, l_surf_repulse=5.000, l_tspring=0.300, l_nspring=0.300, l_intensity=0.200, l_curv=1.000
mom=0.00, dt=0.50
000: dt: 0.0000, sse=737486.8, rms=3.428
rms = 3.6774/3.4282, sse=786460.2/737486.8, time step reduction 1 of 3 to 0.250  0 1 1
   RMS increased, rejecting step
038: dt: 0.2500, sse=718917.8, rms=3.337 (2.654%)
rms = 3.3135/3.3372, sse=712552.1/718917.8, time step reduction 2 of 3 to 0.125  0 0 1
039: dt: 0.2500, sse=712552.1, rms=3.313 (0.711%)
rms = 3.2646/3.3135, sse=703063.8/712552.1, time step reduction 3 of 3 to 0.062  0 0 1
040: dt: 0.1250, sse=703063.8, rms=3.265 (1.475%)
  maximum number of reductions reached, breaking from loop
positioning took 0.3 minutes
Pinning medial wall to white surface
removing intersecting faces
000: 8 intersecting
terminating search with 0 intersecting


Writing output to ../surf/lh.pial.T1
#ET# mris_place_surface  4.03 minutes
#VMPC# mris_place_surfaces VmPeak  2515156
mris_place_surface done
#@# white curv lh Thu Mar 12 17:50:14 CET 2026
cd /out/sourcedata/freesurfer/sub-v1s20x0050295_ses-1/mri
mris_place_surface --curv-map ../surf/lh.white 2 10 ../surf/lh.curv
insurf  ../surf/lh.white, nbrs 2, curvature_avgs 10
writing curvature file ../surf/lh.curv
#@# white area lh Thu Mar 12 17:50:16 CET 2026
cd /out/sourcedata/freesurfer/sub-v1s20x0050295_ses-1/mri
mris_place_surface --area-map ../surf/lh.white ../surf/lh.area
writing curvature file ../surf/lh.area
#@# pial curv lh Thu Mar 12 17:50:17 CET 2026
cd /out/sourcedata/freesurfer/sub-v1s20x0050295_ses-1/mri
mris_place_surface --curv-map ../surf/lh.pial 2 10 ../surf/lh.curv.pial
insurf  ../surf/lh.pial, nbrs 2, curvature_avgs 10
writing curvature file ../surf/lh.curv.pial
#@# pial area lh Thu Mar 12 17:50:19 CET 2026
cd /out/sourcedata/freesurfer/sub-v1s20x0050295_ses-1/mri
mris_place_surface --area-map ../surf/lh.pial ../surf/lh.area.pial
writing curvature file ../surf/lh.area.pial
#@# thickness lh Thu Mar 12 17:50:20 CET 2026
cd /out/sourcedata/freesurfer/sub-v1s20x0050295_ses-1/mri
mris_place_surface --thickness ../surf/lh.white ../surf/lh.pial 20 5 ../surf/lh.thickness
0 of 155178 vertices processed
25000 of 155178 vertices processed
50000 of 155178 vertices processed
75000 of 155178 vertices processed
100000 of 155178 vertices processed
125000 of 155178 vertices processed
150000 of 155178 vertices processed
0 of 155178 vertices processed
25000 of 155178 vertices processed
50000 of 155178 vertices processed
75000 of 155178 vertices processed
100000 of 155178 vertices processed
125000 of 155178 vertices processed
150000 of 155178 vertices processed
thickness calculation complete, 643:3474 truncations.
58447 vertices at 0 distance
116608 vertices at 1 distance
79620 vertices at 2 distance
33098 vertices at 3 distance
12945 vertices at 4 distance
4983 vertices at 5 distance
2202 vertices at 6 distance
977 vertices at 7 distance
491 vertices at 8 distance
272 vertices at 9 distance
163 vertices at 10 distance
118 vertices at 11 distance
101 vertices at 12 distance
74 vertices at 13 distance
49 vertices at 14 distance
46 vertices at 15 distance
48 vertices at 16 distance
35 vertices at 17 distance
27 vertices at 18 distance
27 vertices at 19 distance
25 vertices at 20 distance
writing curvature file ../surf/lh.thickness
#@# area and vertex vol lh Thu Mar 12 17:50:55 CET 2026
cd /out/sourcedata/freesurfer/sub-v1s20x0050295_ses-1/mri
mris_place_surface --thickness ../surf/lh.white ../surf/lh.pial 20 5 ../surf/lh.thickness
/out/sourcedata/freesurfer/sub-v1s20x0050295_ses-1/surf
mris_calc -o lh.area.mid lh.area add lh.area.pial
Saving result to 'lh.area.mid' (type = MRI_CURV_FILE)                       [ ok ]
mris_calc -o lh.area.mid lh.area.mid div 2
Saving result to 'lh.area.mid' (type = MRI_CURV_FILE)                       [ ok ]
mris_convert --volume sub-v1s20x0050295_ses-1 lh /out/sourcedata/freesurfer/sub-v1s20x0050295_ses-1/surf/lh.volume
masking with /out/sourcedata/freesurfer/sub-v1s20x0050295_ses-1/label/lh.cortex.label
Total face volume 317779
Total vertex volume 317568 (mask=0)
#@# sub-v1s20x0050295_ses-1 lh 317568
 
vertexvol Done

#-----------------------------------------
#@# Curvature Stats lh Thu Mar 12 17:50:57 CET 2026
/out/sourcedata/freesurfer/sub-v1s20x0050295_ses-1/surf

 mris_curvature_stats -m --writeCurvatureFiles -G -o ../stats/lh.curv.stats -F smoothwm sub-v1s20x0050295_ses-1 lh curv sulc 

             Toggling save flag on curvature files                       [ ok ]
                 Outputting results using filestem   [ ../stats/lh.curv.stats ]
             Toggling save flag on curvature files                       [ ok ]
                                   Setting surface [ sub-v1s20x0050295_ses-1/lh.smoothwm ]
                                Reading surface...                       [ ok ]
                                   Setting texture                     [ curv ]
                                Reading texture...                       [ ok ]
                                   Setting texture                     [ sulc ]
                                Reading texture...Gb_filter = 0
                       [ ok ]
      Calculating Discrete Principal Curvatures...
      Determining geometric order for vno faces... [####################] [ ok ]
                      Determining KH curvatures... [####################] [ ok ]
                    Determining k1k2 curvatures... [####################] [ ok ]
                                   deltaViolations                      [ 290 ]
Gb_filter = 0

WARN:    S lookup   min:                          -0.073512
WARN:    S explicit min:                          0.000000	vertex = 1173
#-----------------------------------------
#@# Cortical Parc 2 lh Thu Mar 12 17:51:00 CET 2026
/out/sourcedata/freesurfer/sub-v1s20x0050295_ses-1/scripts

 mris_ca_label -l ../label/lh.cortex.label -aseg ../mri/aseg.presurf.mgz -seed 1234 sub-v1s20x0050295_ses-1 lh ../surf/lh.sphere.reg /opt/freesurfer/average/lh.CDaparc.atlas.acfb40.noaparc.i12.2016-08-02.gcs ../label/lh.aparc.a2009s.annot 

setting seed for random number generator to 1234
using ../mri/aseg.presurf.mgz aseg volume to correct midline
7.3.2
  7.3.2
reading atlas from /opt/freesurfer/average/lh.CDaparc.atlas.acfb40.noaparc.i12.2016-08-02.gcs...
reading color table from GCSA file....
average std = 3.0   using min determinant for regularization = 0.088
0 singular and 0 ill-conditioned covariance matrices regularized
input 0: MEAN CURVATURE, flags 0, avgs 5, name mean_curvature
labeling surface...
66 labels changed using aseg
relabeling using gibbs priors...
000:  10336 changed, 155178 examined...
001:   2412 changed, 39857 examined...
002:    723 changed, 12748 examined...
003:    327 changed, 4179 examined...
004:    152 changed, 1823 examined...
005:     84 changed, 877 examined...
006:     36 changed, 486 examined...
007:     20 changed, 206 examined...
008:      7 changed, 109 examined...
009:      1 changed, 42 examined...
010:      2 changed, 6 examined...
011:      1 changed, 11 examined...
012:      0 changed, 7 examined...
9 labels changed using aseg
000: 267 total segments, 180 labels (1770 vertices) changed
001: 92 total segments, 5 labels (14 vertices) changed
002: 87 total segments, 0 labels (0 vertices) changed
10 filter iterations complete (10 requested, 41 changed)
rationalizing unknown annotations with cortex label
relabeling Medial_wall label...
1599 vertices marked for relabeling...
1599 labels changed in reclassification.
writing output to ../label/lh.aparc.a2009s.annot...
classification took 0 minutes and 15 seconds.
#-----------------------------------------
#@# Cortical Parc 3 lh Thu Mar 12 17:51:15 CET 2026
/out/sourcedata/freesurfer/sub-v1s20x0050295_ses-1/scripts

 mris_ca_label -l ../label/lh.cortex.label -aseg ../mri/aseg.presurf.mgz -seed 1234 sub-v1s20x0050295_ses-1 lh ../surf/lh.sphere.reg /opt/freesurfer/average/lh.DKTaparc.atlas.acfb40.noaparc.i12.2016-08-02.gcs ../label/lh.aparc.DKTatlas.annot 

setting seed for random number generator to 1234
using ../mri/aseg.presurf.mgz aseg volume to correct midline
7.3.2
  7.3.2
reading atlas from /opt/freesurfer/average/lh.DKTaparc.atlas.acfb40.noaparc.i12.2016-08-02.gcs...
reading color table from GCSA file....
average std = 1.4   using min determinant for regularization = 0.020
0 singular and 383 ill-conditioned covariance matrices regularized
input 0: MEAN CURVATURE, flags 0, avgs 5, name mean_curvature
labeling surface...
1589 labels changed using aseg
relabeling using gibbs priors...
000:   2156 changed, 155178 examined...
001:    522 changed, 10100 examined...
002:    147 changed, 2867 examined...
003:     65 changed, 830 examined...
004:     31 changed, 372 examined...
005:     16 changed, 170 examined...
006:     15 changed, 87 examined...
007:      9 changed, 82 examined...
008:      9 changed, 48 examined...
009:      7 changed, 45 examined...
010:      3 changed, 35 examined...
011:      5 changed, 21 examined...
012:      2 changed, 25 examined...
013:      2 changed, 14 examined...
014:      2 changed, 13 examined...
015:      4 changed, 14 examined...
016:      3 changed, 21 examined...
017:      2 changed, 14 examined...
018:      2 changed, 11 examined...
019:      1 changed, 14 examined...
020:      0 changed, 7 examined...
352 labels changed using aseg
000: 47 total segments, 14 labels (140 vertices) changed
001: 35 total segments, 2 labels (2 vertices) changed
002: 33 total segments, 0 labels (0 vertices) changed
10 filter iterations complete (10 requested, 6 changed)
rationalizing unknown annotations with cortex label
relabeling unknown label...
relabeling corpuscallosum label...
1175 vertices marked for relabeling...
1175 labels changed in reclassification.
writing output to ../label/lh.aparc.DKTatlas.annot...
classification took 0 minutes and 12 seconds.
#-----------------------------------------
#@# WM/GM Contrast lh Thu Mar 12 17:51:26 CET 2026
/out/sourcedata/freesurfer/sub-v1s20x0050295_ses-1/scripts

 pctsurfcon --s sub-v1s20x0050295_ses-1 --lh-only 

Log file is /out/sourcedata/freesurfer/sub-v1s20x0050295_ses-1/scripts/pctsurfcon.log
Thu Mar 12 17:51:27 CET 2026
setenv SUBJECTS_DIR /out/sourcedata/freesurfer
cd /out/sourcedata/freesurfer/sub-v1s20x0050295_ses-1/scripts
/opt/freesurfer/bin/pctsurfcon
pctsurfcon 7.3.2
Linux dna050 5.14.0-427.37.1.el9_4.x86_64 #1 SMP PREEMPT_DYNAMIC Fri Sep 13 12:41:50 EDT 2024 x86_64 x86_64 x86_64 GNU/Linux
FREESURFER_HOME /opt/freesurfer
mri_vol2surf --mov /out/sourcedata/freesurfer/sub-v1s20x0050295_ses-1/mri/rawavg.mgz --hemi lh --noreshape --interp trilinear --projdist -1 --o /out/sourcedata/freesurfer/sub-v1s20x0050295_ses-1/surf/tmp.pctsurfcon.658992/lh.wm.mgh --regheader sub-v1s20x0050295_ses-1 --cortex
srcvol = /out/sourcedata/freesurfer/sub-v1s20x0050295_ses-1/mri/rawavg.mgz
srcreg unspecified
srcregold = 0
srcwarp unspecified
surf = white
hemi = lh
ProjDist = -1
reshape = 0
interp = trilinear
float2int = round
GetProjMax = 0
INFO: float2int code = 0
Done loading volume
Computing registration from header.
  Using /out/sourcedata/freesurfer/sub-v1s20x0050295_ses-1/mri/orig.mgz as target reference.
-------- original matrix -----------
-1.00000   0.00000   0.00000   0.00003;
 0.00000   0.00000   1.00000   0.00000;
 0.00000  -1.00000   0.00000   0.00002;
 0.00000   0.00000   0.00000   1.00000;
-------- original matrix -----------
Loading label /out/sourcedata/freesurfer/sub-v1s20x0050295_ses-1/label/lh.cortex.label
Reading surface /out/sourcedata/freesurfer/sub-v1s20x0050295_ses-1/surf/lh.white
Done reading source surface
Mapping Source Volume onto Source Subject Surface
Projecting -1 -1 1
 1 -1 -1 -1
using old
Done mapping volume to surface
Number of source voxels hit = 76928
Masking with /out/sourcedata/freesurfer/sub-v1s20x0050295_ses-1/label/lh.cortex.label
Writing to /out/sourcedata/freesurfer/sub-v1s20x0050295_ses-1/surf/tmp.pctsurfcon.658992/lh.wm.mgh
Dim: 155178 1 1
mri_vol2surf --mov /out/sourcedata/freesurfer/sub-v1s20x0050295_ses-1/mri/rawavg.mgz --hemi lh --noreshape --interp trilinear --o /out/sourcedata/freesurfer/sub-v1s20x0050295_ses-1/surf/tmp.pctsurfcon.658992/lh.gm.mgh --projfrac 0.3 --regheader sub-v1s20x0050295_ses-1 --cortex
srcvol = /out/sourcedata/freesurfer/sub-v1s20x0050295_ses-1/mri/rawavg.mgz
srcreg unspecified
srcregold = 0
srcwarp unspecified
surf = white
hemi = lh
ProjFrac = 0.3
thickness = thickness
reshape = 0
interp = trilinear
float2int = round
GetProjMax = 0
INFO: float2int code = 0
Done loading volume
Computing registration from header.
  Using /out/sourcedata/freesurfer/sub-v1s20x0050295_ses-1/mri/orig.mgz as target reference.
-------- original matrix -----------
-1.00000   0.00000   0.00000   0.00003;
 0.00000   0.00000   1.00000   0.00000;
 0.00000  -1.00000   0.00000   0.00002;
 0.00000   0.00000   0.00000   1.00000;
-------- original matrix -----------
Loading label /out/sourcedata/freesurfer/sub-v1s20x0050295_ses-1/label/lh.cortex.label
Reading surface /out/sourcedata/freesurfer/sub-v1s20x0050295_ses-1/surf/lh.white
Done reading source surface
Reading thickness /out/sourcedata/freesurfer/sub-v1s20x0050295_ses-1/surf/lh.thickness
Done
Mapping Source Volume onto Source Subject Surface
Projecting 0.3 0.3 1
 1 0.3 0.3 0.3
using old
Done mapping volume to surface
Number of source voxels hit = 90913
Masking with /out/sourcedata/freesurfer/sub-v1s20x0050295_ses-1/label/lh.cortex.label
Writing to /out/sourcedata/freesurfer/sub-v1s20x0050295_ses-1/surf/tmp.pctsurfcon.658992/lh.gm.mgh
Dim: 155178 1 1
mri_concat /out/sourcedata/freesurfer/sub-v1s20x0050295_ses-1/surf/tmp.pctsurfcon.658992/lh.wm.mgh /out/sourcedata/freesurfer/sub-v1s20x0050295_ses-1/surf/tmp.pctsurfcon.658992/lh.gm.mgh --paired-diff-norm --mul 100 --o /out/sourcedata/freesurfer/sub-v1s20x0050295_ses-1/surf/lh.w-g.pct.mgh
ninputs = 2
Checking inputs
nframestot = 2
Allocing output
Done allocing
Combining pairs
nframes = 1
Multiplying by 100.000000
Writing to /out/sourcedata/freesurfer/sub-v1s20x0050295_ses-1/surf/lh.w-g.pct.mgh
mri_segstats --in /out/sourcedata/freesurfer/sub-v1s20x0050295_ses-1/surf/lh.w-g.pct.mgh --annot sub-v1s20x0050295_ses-1 lh aparc --sum /out/sourcedata/freesurfer/sub-v1s20x0050295_ses-1/stats/lh.w-g.pct.stats --snr

7.3.2
cwd 
cmdline mri_segstats --in /out/sourcedata/freesurfer/sub-v1s20x0050295_ses-1/surf/lh.w-g.pct.mgh --annot sub-v1s20x0050295_ses-1 lh aparc --sum /out/sourcedata/freesurfer/sub-v1s20x0050295_ses-1/stats/lh.w-g.pct.stats --snr 
sysname  Linux
hostname dna050
machine  x86_64
user     oesteban
whitesurfname  white
UseRobust  0
Constructing seg from annotation

Reading annotation /out/sourcedata/freesurfer/sub-v1s20x0050295_ses-1/label/lh.aparc.annot
Seg base 1000
Loading /out/sourcedata/freesurfer/sub-v1s20x0050295_ses-1/surf/lh.w-g.pct.mgh
Vertex Area is 0.70293 mm^3
Generating list of segmentation ids
Found  36 segmentations
Computing statistics for each segmentation

Reporting on  35 segmentations
Using PrintSegStat
mri_segstats done
Cleaning up

Started at Thu Mar 12 17:12:22 CET 2026 
Ended   at Thu Mar 12 17:51:30 CET 2026
#@#%# recon-all-run-time-hours 0.652
recon-all -s sub-v1s20x0050295_ses-1 finished without error at Thu Mar 12 17:51:30 CET 2026



#New# invocation of recon-all 




Thu Mar 12 18:25:57 CET 2026
cd /out/sourcedata/freesurfer/sub-v1s20x0050295_ses-1
setenv SUBJECTS_DIR /out/sourcedata/freesurfer
/opt/freesurfer/bin/recon-all -autorecon-hemi lh -nohyporelabel -lh-only -openmp 16 -subjid sub-v1s20x0050295_ses-1 -sd /out/sourcedata/freesurfer -notessellate -nosmooth1 -noinflate1 -noqsphere -nofix -nowhite -nosmooth2 -noinflate2 -nocurvHK -nocurvstats -nosphere -nosurfreg -nojacobian_white -noavgcurv -nocortparc -nopial -nocortparc2 -nocortparc3 -nopctsurfcon

subjid sub-v1s20x0050295_ses-1
setenv SUBJECTS_DIR /out/sourcedata/freesurfer
FREESURFER_HOME /opt/freesurfer
Actual FREESURFER_HOME /opt/freesurfer
build-stamp.txt: freesurfer-linux-ubuntu22_x86_64-7.3.2-20220804-6354275
Linux dna050 5.14.0-427.37.1.el9_4.x86_64 #1 SMP PREEMPT_DYNAMIC Fri Sep 13 12:41:50 EDT 2024 x86_64 x86_64 x86_64 GNU/Linux
cputime      unlimited
filesize     unlimited
datasize     unlimited
stacksize    8192 kbytes
coredumpsize 0 kbytes
memoryuse    67108864 kbytes
vmemoryuse   unlimited
descriptors  1024 
memorylocked unlimited
maxproc      2061970 
maxlocks     unlimited
maxsignal    2061970 
maxmessage   819200 
maxnice      0 
maxrtprio    0 
maxrttime    unlimited

               total        used        free      shared  buff/cache   available
Mem:           503Gi        51Gi       405Gi        12Gi        46Gi       436Gi
Swap:             0B          0B          0B

########################################
program versions used
7.3.2 (freesurfer-linux-ubuntu22_x86_64-7.3.2-20220804-6354275)
7.3.2

ProgramName: lta_convert  ProgramArguments: lta_convert -all-info  ProgramVersion: 7.3.2  TimeStamp: 2026/03/12-17:25:57-GMT  BuildTime: Aug  4 2022 06:17:15  BuildStamp: freesurfer-linux-ubuntu22_x86_64-7.3.2-20220804-6354275  User: oesteban  Machine: dna050  Platform: Linux  PlatformVersion: 5.14.0-427.37.1.el9_4.x86_64  CompilerName: GCC  CompilerVersion: 8.4.0
ProgramName: mri_and  ProgramArguments: mri_and -all-info  ProgramVersion: 7.3.2  TimeStamp: 2026/03/12-17:25:57-GMT  BuildTime: Aug  4 2022 06:17:15  BuildStamp: freesurfer-linux-ubuntu22_x86_64-7.3.2-20220804-6354275  User: oesteban  Machine: dna050  Platform: Linux  PlatformVersion: 5.14.0-427.37.1.el9_4.x86_64  CompilerName: GCC  CompilerVersion: 8.4.0
ProgramName: mri_annotation2label  ProgramArguments: mri_annotation2label -all-info  ProgramVersion: 7.3.2  TimeStamp: 2026/03/12-17:25:57-GMT  BuildTime: Aug  4 2022 06:17:15  BuildStamp: freesurfer-linux-ubuntu22_x86_64-7.3.2-20220804-6354275  User: oesteban  Machine: dna050  Platform: Linux  PlatformVersion: 5.14.0-427.37.1.el9_4.x86_64  CompilerName: GCC  CompilerVersion: 8.4.0
ProgramName: mri_aparc2aseg  ProgramArguments: mri_aparc2aseg -all-info  ProgramVersion: 7.3.2  TimeStamp: 2026/03/12-17:25:57-GMT  BuildTime: Aug  4 2022 06:17:15  BuildStamp: freesurfer-linux-ubuntu22_x86_64-7.3.2-20220804-6354275  User: oesteban  Machine: dna050  Platform: Linux  PlatformVersion: 5.14.0-427.37.1.el9_4.x86_64  CompilerName: GCC  CompilerVersion: 8.4.0
ProgramName: mri_surf2volseg  ProgramArguments: mri_surf2volseg -all-info  ProgramVersion: 7.3.2  TimeStamp: 2026/03/12-17:25:57-GMT  BuildTime: Aug  4 2022 06:17:15  BuildStamp: freesurfer-linux-ubuntu22_x86_64-7.3.2-20220804-6354275  User: oesteban  Machine: dna050  Platform: Linux  PlatformVersion: 5.14.0-427.37.1.el9_4.x86_64  CompilerName: GCC  CompilerVersion: 8.4.0
ProgramName: mri_binarize  ProgramArguments: mri_binarize -all-info  ProgramVersion: 7.3.2  TimeStamp: 2026/03/12-17:25:57-GMT  BuildTime: Aug  4 2022 06:17:15  BuildStamp: freesurfer-linux-ubuntu22_x86_64-7.3.2-20220804-6354275  User: oesteban  Machine: dna050  Platform: Linux  PlatformVersion: 5.14.0-427.37.1.el9_4.x86_64  CompilerName: GCC  CompilerVersion: 8.4.0
ProgramName: mri_ca_label  ProgramArguments: mri_ca_label -all-info  ProgramVersion: 7.3.2  TimeStamp: 2026/03/12-17:25:57-GMT  BuildTime: Aug  4 2022 06:17:15  BuildStamp: freesurfer-linux-ubuntu22_x86_64-7.3.2-20220804-6354275  User: oesteban  Machine: dna050  Platform: Linux  PlatformVersion: 5.14.0-427.37.1.el9_4.x86_64  CompilerName: GCC  CompilerVersion: 8.4.0
ProgramName: mri_ca_normalize  ProgramArguments: mri_ca_normalize -all-info  ProgramVersion: 7.3.2  TimeStamp: 2026/03/12-17:25:57-GMT  BuildTime: Aug  4 2022 06:17:15  BuildStamp: freesurfer-linux-ubuntu22_x86_64-7.3.2-20220804-6354275  User: oesteban  Machine: dna050  Platform: Linux  PlatformVersion: 5.14.0-427.37.1.el9_4.x86_64  CompilerName: GCC  CompilerVersion: 8.4.0
ProgramName: mri_ca_register  ProgramArguments: mri_ca_register -all-info  ProgramVersion: 7.3.2  TimeStamp: 2026/03/12-17:25:57-GMT  BuildTime: Aug  4 2022 06:17:15  BuildStamp: freesurfer-linux-ubuntu22_x86_64-7.3.2-20220804-6354275  User: oesteban  Machine: dna050  Platform: Linux  PlatformVersion: 5.14.0-427.37.1.el9_4.x86_64  CompilerName: GCC  CompilerVersion: 8.4.0
ProgramName: mri_cc  ProgramArguments: mri_cc -all-info  ProgramVersion: 7.3.2  TimeStamp: 2026/03/12-17:25:57-GMT  BuildTime: Aug  4 2022 06:17:15  BuildStamp: freesurfer-linux-ubuntu22_x86_64-7.3.2-20220804-6354275  User: oesteban  Machine: dna050  Platform: Linux  PlatformVersion: 5.14.0-427.37.1.el9_4.x86_64  CompilerName: GCC  CompilerVersion: 8.4.0
ProgramName: mri_compute_overlap  ProgramArguments: mri_compute_overlap -all-info  ProgramVersion: 7.3.2  TimeStamp: 2026/03/12-17:25:57-GMT  BuildTime: Aug  4 2022 06:17:15  BuildStamp: freesurfer-linux-ubuntu22_x86_64-7.3.2-20220804-6354275  User: oesteban  Machine: dna050  Platform: Linux  PlatformVersion: 5.14.0-427.37.1.el9_4.x86_64  CompilerName: GCC  CompilerVersion: 8.4.0
ProgramName: mri_compute_seg_overlap  ProgramArguments: mri_compute_seg_overlap -all-info  ProgramVersion: 7.3.2  TimeStamp: 2026/03/12-17:25:57-GMT  BuildTime: Aug  4 2022 06:17:15  BuildStamp: freesurfer-linux-ubuntu22_x86_64-7.3.2-20220804-6354275  User: oesteban  Machine: dna050  Platform: Linux  PlatformVersion: 5.14.0-427.37.1.el9_4.x86_64  CompilerName: GCC  CompilerVersion: 8.4.0
ProgramName: mri_concat  ProgramArguments: mri_concat -all-info  ProgramVersion: 7.3.2  TimeStamp: 2026/03/12-17:25:57-GMT  BuildTime: Aug  4 2022 06:17:15  BuildStamp: freesurfer-linux-ubuntu22_x86_64-7.3.2-20220804-6354275  User: oesteban  Machine: dna050  Platform: Linux  PlatformVersion: 5.14.0-427.37.1.el9_4.x86_64  CompilerName: GCC  CompilerVersion: 8.4.0
ProgramName: mri_concatenate_lta  ProgramArguments: mri_concatenate_lta -all-info  ProgramVersion: 7.3.2  TimeStamp: 2026/03/12-17:25:57-GMT  BuildTime: Aug  4 2022 06:17:15  BuildStamp: freesurfer-linux-ubuntu22_x86_64-7.3.2-20220804-6354275  User: oesteban  Machine: dna050  Platform: Linux  PlatformVersion: 5.14.0-427.37.1.el9_4.x86_64  CompilerName: GCC  CompilerVersion: 8.4.0
mri_convert -all-info 
ProgramName: mri_convert  ProgramArguments: mri_convert -all-info  ProgramVersion: 7.3.2  TimeStamp: 2026/03/12-17:25:57-GMT  BuildTime: Aug  4 2022 06:17:15  BuildStamp: freesurfer-linux-ubuntu22_x86_64-7.3.2-20220804-6354275  User: oesteban  Machine: dna050  Platform: Linux  PlatformVersion: 5.14.0-427.37.1.el9_4.x86_64  CompilerName: GCC  CompilerVersion: 8.4.0
ProgramName: mri_diff  ProgramArguments: mri_diff -all-info  ProgramVersion: 7.3.2  TimeStamp: 2026/03/12-17:25:57-GMT  BuildTime: Aug  4 2022 06:17:15  BuildStamp: freesurfer-linux-ubuntu22_x86_64-7.3.2-20220804-6354275  User: oesteban  Machine: dna050  Platform: Linux  PlatformVersion: 5.14.0-427.37.1.el9_4.x86_64  CompilerName: GCC  CompilerVersion: 8.4.0
ProgramName: mri_edit_wm_with_aseg  ProgramArguments: mri_edit_wm_with_aseg -all-info  ProgramVersion: 7.3.2  TimeStamp: 2026/03/12-17:25:57-GMT  BuildTime: Aug  4 2022 06:17:15  BuildStamp: freesurfer-linux-ubuntu22_x86_64-7.3.2-20220804-6354275  User: oesteban  Machine: dna050  Platform: Linux  PlatformVersion: 5.14.0-427.37.1.el9_4.x86_64  CompilerName: GCC  CompilerVersion: 8.4.0
ProgramName: mri_em_register  ProgramArguments: mri_em_register -all-info  ProgramVersion: 7.3.2  TimeStamp: 2026/03/12-17:25:57-GMT  BuildTime: Aug  4 2022 06:17:15  BuildStamp: freesurfer-linux-ubuntu22_x86_64-7.3.2-20220804-6354275  User: oesteban  Machine: dna050  Platform: Linux  PlatformVersion: 5.14.0-427.37.1.el9_4.x86_64  CompilerName: GCC  CompilerVersion: 8.4.0
ProgramName: mri_fill  ProgramArguments: mri_fill -all-info  ProgramVersion: 7.3.2  TimeStamp: 2026/03/12-17:25:57-GMT  BuildTime: Aug  4 2022 06:17:15  BuildStamp: freesurfer-linux-ubuntu22_x86_64-7.3.2-20220804-6354275  User: oesteban  Machine: dna050  Platform: Linux  PlatformVersion: 5.14.0-427.37.1.el9_4.x86_64  CompilerName: GCC  CompilerVersion: 8.4.0
ProgramName: mri_fuse_segmentations  ProgramArguments: mri_fuse_segmentations -all-info  ProgramVersion: 7.3.2  TimeStamp: 2026/03/12-17:25:57-GMT  BuildTime: Aug  4 2022 06:17:15  BuildStamp: freesurfer-linux-ubuntu22_x86_64-7.3.2-20220804-6354275  User: oesteban  Machine: dna050  Platform: Linux  PlatformVersion: 5.14.0-427.37.1.el9_4.x86_64  CompilerName: GCC  CompilerVersion: 8.4.0
ProgramName: mri_fwhm  ProgramArguments: mri_fwhm -all-info  ProgramVersion: 7.3.2  TimeStamp: 2026/03/12-17:25:57-GMT  BuildTime: Aug  4 2022 06:17:15  BuildStamp: freesurfer-linux-ubuntu22_x86_64-7.3.2-20220804-6354275  User: oesteban  Machine: dna050  Platform: Linux  PlatformVersion: 5.14.0-427.37.1.el9_4.x86_64  CompilerName: GCC  CompilerVersion: 8.4.0
ProgramName: mri_gcut  ProgramArguments: mri_gcut -all-info  ProgramVersion: 7.3.2  TimeStamp: 2026/03/12-17:25:57-GMT  BuildTime: Aug  4 2022 06:17:15  BuildStamp: freesurfer-linux-ubuntu22_x86_64-7.3.2-20220804-6354275  User: oesteban  Machine: dna050  Platform: Linux  PlatformVersion: 5.14.0-427.37.1.el9_4.x86_64  CompilerName: GCC  CompilerVersion: 8.4.0
ProgramName: mri_info  ProgramArguments: mri_info -all-info  ProgramVersion: 7.3.2  TimeStamp: 2026/03/12-17:25:57-GMT  BuildTime: Aug  4 2022 06:17:15  BuildStamp: freesurfer-linux-ubuntu22_x86_64-7.3.2-20220804-6354275  User: oesteban  Machine: dna050  Platform: Linux  PlatformVersion: 5.14.0-427.37.1.el9_4.x86_64  CompilerName: GCC  CompilerVersion: 8.4.0
ProgramName: mri_label2label  ProgramArguments: mri_label2label -all-info  ProgramVersion: 7.3.2  TimeStamp: 2026/03/12-17:25:57-GMT  BuildTime: Aug  4 2022 06:17:15  BuildStamp: freesurfer-linux-ubuntu22_x86_64-7.3.2-20220804-6354275  User: oesteban  Machine: dna050  Platform: Linux  PlatformVersion: 5.14.0-427.37.1.el9_4.x86_64  CompilerName: GCC  CompilerVersion: 8.4.0
ProgramName: mri_label2vol  ProgramArguments: mri_label2vol -all-info  ProgramVersion: 7.3.2  TimeStamp: 2026/03/12-17:25:57-GMT  BuildTime: Aug  4 2022 06:17:15  BuildStamp: freesurfer-linux-ubuntu22_x86_64-7.3.2-20220804-6354275  User: oesteban  Machine: dna050  Platform: Linux  PlatformVersion: 5.14.0-427.37.1.el9_4.x86_64  CompilerName: GCC  CompilerVersion: 8.4.0
ProgramName: mri_log_likelihood  ProgramArguments: mri_log_likelihood -all-info  ProgramVersion: 7.3.2  TimeStamp: 2026/03/12-17:25:57-GMT  BuildTime: Aug  4 2022 06:17:15  BuildStamp: freesurfer-linux-ubuntu22_x86_64-7.3.2-20220804-6354275  User: oesteban  Machine: dna050  Platform: Linux  PlatformVersion: 5.14.0-427.37.1.el9_4.x86_64  CompilerName: GCC  CompilerVersion: 8.4.0
ProgramName: mri_mask  ProgramArguments: mri_mask -all-info  ProgramVersion: 7.3.2  TimeStamp: 2026/03/12-17:25:57-GMT  BuildTime: Aug  4 2022 06:17:15  BuildStamp: freesurfer-linux-ubuntu22_x86_64-7.3.2-20220804-6354275  User: oesteban  Machine: dna050  Platform: Linux  PlatformVersion: 5.14.0-427.37.1.el9_4.x86_64  CompilerName: GCC  CompilerVersion: 8.4.0
ProgramName: mri_matrix_multiply  ProgramArguments: mri_matrix_multiply -all-info  ProgramVersion: 7.3.2  TimeStamp: 2026/03/12-17:25:57-GMT  BuildTime: Aug  4 2022 06:17:15  BuildStamp: freesurfer-linux-ubuntu22_x86_64-7.3.2-20220804-6354275  User: oesteban  Machine: dna050  Platform: Linux  PlatformVersion: 5.14.0-427.37.1.el9_4.x86_64  CompilerName: GCC  CompilerVersion: 8.4.0
ProgramName: mri_normalize  ProgramArguments: mri_normalize -all-info  ProgramVersion: 7.3.2  TimeStamp: 2026/03/12-17:25:57-GMT  BuildTime: Aug  4 2022 06:17:15  BuildStamp: freesurfer-linux-ubuntu22_x86_64-7.3.2-20220804-6354275  User: oesteban  Machine: dna050  Platform: Linux  PlatformVersion: 5.14.0-427.37.1.el9_4.x86_64  CompilerName: GCC  CompilerVersion: 8.4.0
ProgramName: mri_normalize_tp2  ProgramArguments: mri_normalize_tp2 -all-info  ProgramVersion: 7.3.2  TimeStamp: 2026/03/12-17:25:57-GMT  BuildTime: Aug  4 2022 06:17:15  BuildStamp: freesurfer-linux-ubuntu22_x86_64-7.3.2-20220804-6354275  User: oesteban  Machine: dna050  Platform: Linux  PlatformVersion: 5.14.0-427.37.1.el9_4.x86_64  CompilerName: GCC  CompilerVersion: 8.4.0
ProgramName: mri_or  ProgramArguments: mri_or -all-info  ProgramVersion: 7.3.2  TimeStamp: 2026/03/12-17:25:57-GMT  BuildTime: Aug  4 2022 06:17:15  BuildStamp: freesurfer-linux-ubuntu22_x86_64-7.3.2-20220804-6354275  User: oesteban  Machine: dna050  Platform: Linux  PlatformVersion: 5.14.0-427.37.1.el9_4.x86_64  CompilerName: GCC  CompilerVersion: 8.4.0
ProgramName: mri_relabel_hypointensities  ProgramArguments: mri_relabel_hypointensities -all-info  ProgramVersion: 7.3.2  TimeStamp: 2026/03/12-17:25:57-GMT  BuildTime: Aug  4 2022 06:17:15  BuildStamp: freesurfer-linux-ubuntu22_x86_64-7.3.2-20220804-6354275  User: oesteban  Machine: dna050  Platform: Linux  PlatformVersion: 5.14.0-427.37.1.el9_4.x86_64  CompilerName: GCC  CompilerVersion: 8.4.0
ProgramName: mri_relabel_nonwm_hypos  ProgramArguments: mri_relabel_nonwm_hypos -all-info  ProgramVersion: 7.3.2  TimeStamp: 2026/03/12-17:25:57-GMT  BuildTime: Aug  4 2022 06:17:15  BuildStamp: freesurfer-linux-ubuntu22_x86_64-7.3.2-20220804-6354275  User: oesteban  Machine: dna050  Platform: Linux  PlatformVersion: 5.14.0-427.37.1.el9_4.x86_64  CompilerName: GCC  CompilerVersion: 8.4.0
ProgramName: mri_remove_neck  ProgramArguments: mri_remove_neck -all-info  ProgramVersion: 7.3.2  TimeStamp: 2026/03/12-17:25:57-GMT  BuildTime: Aug  4 2022 06:17:15  BuildStamp: freesurfer-linux-ubuntu22_x86_64-7.3.2-20220804-6354275  User: oesteban  Machine: dna050  Platform: Linux  PlatformVersion: 5.14.0-427.37.1.el9_4.x86_64  CompilerName: GCC  CompilerVersion: 8.4.0
7.3.2

ProgramName: mri_robust_register  ProgramArguments: mri_robust_register -all-info  ProgramVersion: 7.3.2  TimeStamp: 2026/03/12-17:25:57-GMT  BuildTime: Aug  4 2022 06:17:15  BuildStamp: freesurfer-linux-ubuntu22_x86_64-7.3.2-20220804-6354275  User: oesteban  Machine: dna050  Platform: Linux  PlatformVersion: 5.14.0-427.37.1.el9_4.x86_64  CompilerName: GCC  CompilerVersion: 8.4.0
7.3.2

ProgramName: mri_robust_template  ProgramArguments: mri_robust_template -all-info  ProgramVersion: 7.3.2  TimeStamp: 2026/03/12-17:25:57-GMT  BuildTime: Aug  4 2022 06:17:15  BuildStamp: freesurfer-linux-ubuntu22_x86_64-7.3.2-20220804-6354275  User: oesteban  Machine: dna050  Platform: Linux  PlatformVersion: 5.14.0-427.37.1.el9_4.x86_64  CompilerName: GCC  CompilerVersion: 8.4.0
ProgramName: mris_anatomical_stats  ProgramArguments: mris_anatomical_stats -all-info  ProgramVersion: 7.3.2  TimeStamp: 2026/03/12-17:25:57-GMT  BuildTime: Aug  4 2022 06:17:15  BuildStamp: freesurfer-linux-ubuntu22_x86_64-7.3.2-20220804-6354275  User: oesteban  Machine: dna050  Platform: Linux  PlatformVersion: 5.14.0-427.37.1.el9_4.x86_64  CompilerName: GCC  CompilerVersion: 8.4.0
ProgramName: mris_ca_label  ProgramArguments: mris_ca_label -all-info  ProgramVersion: 7.3.2  TimeStamp: 2026/03/12-17:25:57-GMT  BuildTime: Aug  4 2022 06:17:15  BuildStamp: freesurfer-linux-ubuntu22_x86_64-7.3.2-20220804-6354275  User: oesteban  Machine: dna050  Platform: Linux  PlatformVersion: 5.14.0-427.37.1.el9_4.x86_64  CompilerName: GCC  CompilerVersion: 8.4.0
ProgramName: mris_calc  ProgramArguments: mris_calc -all-info  ProgramVersion: 7.3.2  TimeStamp: 2026/03/12-17:25:57-GMT  BuildTime: Aug  4 2022 06:17:15  BuildStamp: freesurfer-linux-ubuntu22_x86_64-7.3.2-20220804-6354275  User: oesteban  Machine: dna050  Platform: Linux  PlatformVersion: 5.14.0-427.37.1.el9_4.x86_64  CompilerName: GCC  CompilerVersion: 8.4.0
ProgramName: mris_convert  ProgramArguments: mris_convert -all-info  ProgramVersion: 7.3.2  TimeStamp: 2026/03/12-17:25:57-GMT  BuildTime: Aug  4 2022 06:17:15  BuildStamp: freesurfer-linux-ubuntu22_x86_64-7.3.2-20220804-6354275  User: oesteban  Machine: dna050  Platform: Linux  PlatformVersion: 5.14.0-427.37.1.el9_4.x86_64  CompilerName: GCC  CompilerVersion: 8.4.0
ProgramName: mris_curvature  ProgramArguments: mris_curvature -all-info  ProgramVersion: 7.3.2  TimeStamp: 2026/03/12-17:25:57-GMT  BuildTime: Aug  4 2022 06:17:15  BuildStamp: freesurfer-linux-ubuntu22_x86_64-7.3.2-20220804-6354275  User: oesteban  Machine: dna050  Platform: Linux  PlatformVersion: 5.14.0-427.37.1.el9_4.x86_64  CompilerName: GCC  CompilerVersion: 8.4.0
ProgramName: mris_curvature_stats  ProgramArguments: mris_curvature_stats -all-info  ProgramVersion: 7.3.2  TimeStamp: 2026/03/12-17:25:57-GMT  BuildTime: Aug  4 2022 06:17:15  BuildStamp: freesurfer-linux-ubuntu22_x86_64-7.3.2-20220804-6354275  User: oesteban  Machine: dna050  Platform: Linux  PlatformVersion: 5.14.0-427.37.1.el9_4.x86_64  CompilerName: GCC  CompilerVersion: 8.4.0
ProgramName: mris_diff  ProgramArguments: mris_diff -all-info  ProgramVersion: 7.3.2  TimeStamp: 2026/03/12-17:25:57-GMT  BuildTime: Aug  4 2022 06:17:15  BuildStamp: freesurfer-linux-ubuntu22_x86_64-7.3.2-20220804-6354275  User: oesteban  Machine: dna050  Platform: Linux  PlatformVersion: 5.14.0-427.37.1.el9_4.x86_64  CompilerName: GCC  CompilerVersion: 8.4.0
ProgramName: mris_divide_parcellation  ProgramArguments: mris_divide_parcellation -all-info  ProgramVersion: 7.3.2  TimeStamp: 2026/03/12-17:25:57-GMT  BuildTime: Aug  4 2022 06:17:15  BuildStamp: freesurfer-linux-ubuntu22_x86_64-7.3.2-20220804-6354275  User: oesteban  Machine: dna050  Platform: Linux  PlatformVersion: 5.14.0-427.37.1.el9_4.x86_64  CompilerName: GCC  CompilerVersion: 8.4.0
ProgramName: mri_segment  ProgramArguments: mri_segment -all-info  ProgramVersion: 7.3.2  TimeStamp: 2026/03/12-17:25:57-GMT  BuildTime: Aug  4 2022 06:17:15  BuildStamp: freesurfer-linux-ubuntu22_x86_64-7.3.2-20220804-6354275  User: oesteban  Machine: dna050  Platform: Linux  PlatformVersion: 5.14.0-427.37.1.el9_4.x86_64  CompilerName: GCC  CompilerVersion: 8.4.0
ProgramName: mri_segstats  ProgramArguments: mri_segstats -all-info  ProgramVersion: 7.3.2  TimeStamp: 2026/03/12-17:25:57-GMT  BuildTime: Aug  4 2022 06:17:15  BuildStamp: freesurfer-linux-ubuntu22_x86_64-7.3.2-20220804-6354275  User: oesteban  Machine: dna050  Platform: Linux  PlatformVersion: 5.14.0-427.37.1.el9_4.x86_64  CompilerName: GCC  CompilerVersion: 8.4.0
ProgramName: mris_euler_number  ProgramArguments: mris_euler_number -all-info  ProgramVersion: 7.3.2  TimeStamp: 2026/03/12-17:25:57-GMT  BuildTime: Aug  4 2022 06:17:15  BuildStamp: freesurfer-linux-ubuntu22_x86_64-7.3.2-20220804-6354275  User: oesteban  Machine: dna050  Platform: Linux  PlatformVersion: 5.14.0-427.37.1.el9_4.x86_64  CompilerName: GCC  CompilerVersion: 8.4.0
ProgramName: mris_fix_topology  ProgramArguments: mris_fix_topology -all-info  ProgramVersion: 7.3.2  TimeStamp: 2026/03/12-17:25:57-GMT  BuildTime: Aug  4 2022 06:17:15  BuildStamp: freesurfer-linux-ubuntu22_x86_64-7.3.2-20220804-6354275  User: oesteban  Machine: dna050  Platform: Linux  PlatformVersion: 5.14.0-427.37.1.el9_4.x86_64  CompilerName: GCC  CompilerVersion: 8.4.0
ProgramName: mris_topo_fixer  ProgramArguments: mris_topo_fixer -all-info  ProgramVersion: 7.3.2  TimeStamp: 2026/03/12-17:25:57-GMT  BuildTime: Aug  4 2022 06:17:15  BuildStamp: freesurfer-linux-ubuntu22_x86_64-7.3.2-20220804-6354275  User: oesteban  Machine: dna050  Platform: Linux  PlatformVersion: 5.14.0-427.37.1.el9_4.x86_64  CompilerName: GCC  CompilerVersion: 8.4.0
ProgramName: mris_jacobian  ProgramArguments: mris_jacobian -all-info  ProgramVersion: 7.3.2  TimeStamp: 2026/03/12-17:25:57-GMT  BuildTime: Aug  4 2022 06:17:15  BuildStamp: freesurfer-linux-ubuntu22_x86_64-7.3.2-20220804-6354275  User: oesteban  Machine: dna050  Platform: Linux  PlatformVersion: 5.14.0-427.37.1.el9_4.x86_64  CompilerName: GCC  CompilerVersion: 8.4.0
ProgramName: mris_label2annot  ProgramArguments: mris_label2annot -all-info  ProgramVersion: 7.3.2  TimeStamp: 2026/03/12-17:25:57-GMT  BuildTime: Aug  4 2022 06:17:15  BuildStamp: freesurfer-linux-ubuntu22_x86_64-7.3.2-20220804-6354275  User: oesteban  Machine: dna050  Platform: Linux  PlatformVersion: 5.14.0-427.37.1.el9_4.x86_64  CompilerName: GCC  CompilerVersion: 8.4.0
ProgramName: mris_left_right_register  ProgramArguments: mris_left_right_register -all-info  ProgramVersion: 7.3.2  TimeStamp: 2026/03/12-17:25:57-GMT  BuildTime: Aug  4 2022 06:17:15  BuildStamp: freesurfer-linux-ubuntu22_x86_64-7.3.2-20220804-6354275  User: oesteban  Machine: dna050  Platform: Linux  PlatformVersion: 5.14.0-427.37.1.el9_4.x86_64  CompilerName: GCC  CompilerVersion: 8.4.0
ProgramName: mris_place_surface  ProgramArguments: mris_place_surface -all-info  ProgramVersion: 7.3.2  TimeStamp: 2026/03/12-17:25:57-GMT  BuildTime: Aug  4 2022 06:17:15  BuildStamp: freesurfer-linux-ubuntu22_x86_64-7.3.2-20220804-6354275  User: oesteban  Machine: dna050  Platform: Linux  PlatformVersion: 5.14.0-427.37.1.el9_4.x86_64  CompilerName: GCC  CompilerVersion: 8.4.0
ProgramName: mrisp_paint  ProgramArguments: mrisp_paint -all-info  ProgramVersion: 7.3.2  TimeStamp: 2026/03/12-17:25:57-GMT  BuildTime: Aug  4 2022 06:17:15  BuildStamp: freesurfer-linux-ubuntu22_x86_64-7.3.2-20220804-6354275  User: oesteban  Machine: dna050  Platform: Linux  PlatformVersion: 5.14.0-427.37.1.el9_4.x86_64  CompilerName: GCC  CompilerVersion: 8.4.0
ProgramName: mris_register  ProgramArguments: mris_register -all-info  ProgramVersion: 7.3.2  TimeStamp: 2026/03/12-17:25:57-GMT  BuildTime: Aug  4 2022 06:17:15  BuildStamp: freesurfer-linux-ubuntu22_x86_64-7.3.2-20220804-6354275  User: oesteban  Machine: dna050  Platform: Linux  PlatformVersion: 5.14.0-427.37.1.el9_4.x86_64  CompilerName: GCC  CompilerVersion: 8.4.0
ProgramName: mris_smooth  ProgramArguments: mris_smooth -all-info  ProgramVersion: 7.3.2  TimeStamp: 2026/03/12-17:25:57-GMT  BuildTime: Aug  4 2022 06:17:15  BuildStamp: freesurfer-linux-ubuntu22_x86_64-7.3.2-20220804-6354275  User: oesteban  Machine: dna050  Platform: Linux  PlatformVersion: 5.14.0-427.37.1.el9_4.x86_64  CompilerName: GCC  CompilerVersion: 8.4.0
ProgramName: mris_sphere  ProgramArguments: mris_sphere -all-info  ProgramVersion: 7.3.2  TimeStamp: 2026/03/12-17:25:57-GMT  BuildTime: Aug  4 2022 06:17:15  BuildStamp: freesurfer-linux-ubuntu22_x86_64-7.3.2-20220804-6354275  User: oesteban  Machine: dna050  Platform: Linux  PlatformVersion: 5.14.0-427.37.1.el9_4.x86_64  CompilerName: GCC  CompilerVersion: 8.4.0
ProgramName: mris_surface_stats  ProgramArguments: mris_surface_stats -all-info  ProgramVersion: 7.3.2  TimeStamp: 2026/03/12-17:25:57-GMT  BuildTime: Aug  4 2022 06:17:15  BuildStamp: freesurfer-linux-ubuntu22_x86_64-7.3.2-20220804-6354275  User: oesteban  Machine: dna050  Platform: Linux  PlatformVersion: 5.14.0-427.37.1.el9_4.x86_64  CompilerName: GCC  CompilerVersion: 8.4.0
ProgramName: mri_stats2seg  ProgramArguments: mri_stats2seg -all-info  ProgramVersion: 7.3.2  TimeStamp: 2026/03/12-17:25:57-GMT  BuildTime: Aug  4 2022 06:17:15  BuildStamp: freesurfer-linux-ubuntu22_x86_64-7.3.2-20220804-6354275  User: oesteban  Machine: dna050  Platform: Linux  PlatformVersion: 5.14.0-427.37.1.el9_4.x86_64  CompilerName: GCC  CompilerVersion: 8.4.0
ProgramName: mris_thickness  ProgramArguments: mris_thickness -all-info  ProgramVersion: 7.3.2  TimeStamp: 2026/03/12-17:25:57-GMT  BuildTime: Aug  4 2022 06:17:15  BuildStamp: freesurfer-linux-ubuntu22_x86_64-7.3.2-20220804-6354275  User: oesteban  Machine: dna050  Platform: Linux  PlatformVersion: 5.14.0-427.37.1.el9_4.x86_64  CompilerName: GCC  CompilerVersion: 8.4.0
ProgramName: mris_thickness_diff  ProgramArguments: mris_thickness_diff -all-info  ProgramVersion: 7.3.2  TimeStamp: 2026/03/12-17:25:57-GMT  BuildTime: Aug  4 2022 06:17:15  BuildStamp: freesurfer-linux-ubuntu22_x86_64-7.3.2-20220804-6354275  User: oesteban  Machine: dna050  Platform: Linux  PlatformVersion: 5.14.0-427.37.1.el9_4.x86_64  CompilerName: GCC  CompilerVersion: 8.4.0
ProgramName: mris_topo_fixer  ProgramArguments: mris_topo_fixer -all-info  ProgramVersion: 7.3.2  TimeStamp: 2026/03/12-17:25:57-GMT  BuildTime: Aug  4 2022 06:17:15  BuildStamp: freesurfer-linux-ubuntu22_x86_64-7.3.2-20220804-6354275  User: oesteban  Machine: dna050  Platform: Linux  PlatformVersion: 5.14.0-427.37.1.el9_4.x86_64  CompilerName: GCC  CompilerVersion: 8.4.0
ProgramName: mri_surf2surf  ProgramArguments: mri_surf2surf -all-info  ProgramVersion: 7.3.2  TimeStamp: 2026/03/12-17:25:57-GMT  BuildTime: Aug  4 2022 06:17:15  BuildStamp: freesurfer-linux-ubuntu22_x86_64-7.3.2-20220804-6354275  User: oesteban  Machine: dna050  Platform: Linux  PlatformVersion: 5.14.0-427.37.1.el9_4.x86_64  CompilerName: GCC  CompilerVersion: 8.4.0
ProgramName: mri_surf2vol  ProgramArguments: mri_surf2vol -all-info  ProgramVersion: 7.3.2  TimeStamp: 2026/03/12-17:25:57-GMT  BuildTime: Aug  4 2022 06:17:15  BuildStamp: freesurfer-linux-ubuntu22_x86_64-7.3.2-20220804-6354275  User: oesteban  Machine: dna050  Platform: Linux  PlatformVersion: 5.14.0-427.37.1.el9_4.x86_64  CompilerName: GCC  CompilerVersion: 8.4.0
ProgramName: mri_surfcluster  ProgramArguments: mri_surfcluster -all-info  ProgramVersion: 7.3.2  TimeStamp: 2026/03/12-17:25:57-GMT  BuildTime: Aug  4 2022 06:17:15  BuildStamp: freesurfer-linux-ubuntu22_x86_64-7.3.2-20220804-6354275  User: oesteban  Machine: dna050  Platform: Linux  PlatformVersion: 5.14.0-427.37.1.el9_4.x86_64  CompilerName: GCC  CompilerVersion: 8.4.0
ProgramName: mris_volmask  ProgramArguments: mris_volmask -all-info  ProgramVersion: 7.3.2  TimeStamp: 2026/03/12-17:25:57-GMT  BuildTime: Aug  4 2022 06:17:15  BuildStamp: freesurfer-linux-ubuntu22_x86_64-7.3.2-20220804-6354275  User: oesteban  Machine: dna050  Platform: Linux  PlatformVersion: 5.14.0-427.37.1.el9_4.x86_64  CompilerName: GCC  CompilerVersion: 8.4.0
ProgramName: mri_tessellate  ProgramArguments: mri_tessellate -all-info  ProgramVersion: 7.3.2  TimeStamp: 2026/03/12-17:25:57-GMT  BuildTime: Aug  4 2022 06:17:15  BuildStamp: freesurfer-linux-ubuntu22_x86_64-7.3.2-20220804-6354275  User: oesteban  Machine: dna050  Platform: Linux  PlatformVersion: 5.14.0-427.37.1.el9_4.x86_64  CompilerName: GCC  CompilerVersion: 8.4.0
ProgramName: mri_vol2surf  ProgramArguments: mri_vol2surf -all-info  ProgramVersion: 7.3.2  TimeStamp: 2026/03/12-17:25:57-GMT  BuildTime: Aug  4 2022 06:17:15  BuildStamp: freesurfer-linux-ubuntu22_x86_64-7.3.2-20220804-6354275  User: oesteban  Machine: dna050  Platform: Linux  PlatformVersion: 5.14.0-427.37.1.el9_4.x86_64  CompilerName: GCC  CompilerVersion: 8.4.0
ProgramName: mri_vol2vol  ProgramArguments: mri_vol2vol -all-info  ProgramVersion: 7.3.2  TimeStamp: 2026/03/12-17:25:57-GMT  BuildTime: Aug  4 2022 06:17:15  BuildStamp: freesurfer-linux-ubuntu22_x86_64-7.3.2-20220804-6354275  User: oesteban  Machine: dna050  Platform: Linux  PlatformVersion: 5.14.0-427.37.1.el9_4.x86_64  CompilerName: GCC  CompilerVersion: 8.4.0
ProgramName: mri_voldiff  ProgramArguments: mri_voldiff -all-info  ProgramVersion: 7.3.2  TimeStamp: 2026/03/12-17:25:57-GMT  BuildTime: Aug  4 2022 06:17:15  BuildStamp: freesurfer-linux-ubuntu22_x86_64-7.3.2-20220804-6354275  User: oesteban  Machine: dna050  Platform: Linux  PlatformVersion: 5.14.0-427.37.1.el9_4.x86_64  CompilerName: GCC  CompilerVersion: 8.4.0
ProgramName: mri_watershed  ProgramArguments: mri_watershed -all-info  ProgramVersion: 7.3.2  TimeStamp: 2026/03/12-17:25:57-GMT  BuildTime: Aug  4 2022 06:17:15  BuildStamp: freesurfer-linux-ubuntu22_x86_64-7.3.2-20220804-6354275  User: oesteban  Machine: dna050  Platform: Linux  PlatformVersion: 5.14.0-427.37.1.el9_4.x86_64  CompilerName: GCC  CompilerVersion: 8.4.0
ProgramName: tkregister2  ProgramArguments: tkregister2_cmdl -all-info  ProgramVersion: 7.3.2  TimeStamp: 2026/03/12-17:25:57-GMT  BuildTime: Aug  4 2022 06:17:15  BuildStamp: freesurfer-linux-ubuntu22_x86_64-7.3.2-20220804-6354275  User: oesteban  Machine: dna050  Platform: Linux  PlatformVersion: 5.14.0-427.37.1.el9_4.x86_64  CompilerName: GCC  CompilerVersion: 8.4.0
mri_motion_correct.fsl 7.3.2
mri_convert -all-info 
ProgramName: mri_convert  ProgramArguments: mri_convert -all-info  ProgramVersion: 7.3.2  TimeStamp: 2026/03/12-17:25:57-GMT  BuildTime: Aug  4 2022 06:17:15  BuildStamp: freesurfer-linux-ubuntu22_x86_64-7.3.2-20220804-6354275  User: oesteban  Machine: dna050  Platform: Linux  PlatformVersion: 5.14.0-427.37.1.el9_4.x86_64  CompilerName: GCC  CompilerVersion: 8.4.0
Program nu_correct, built from:
Package MNI N3, version 1.12.0, compiled by nicks@terrier (x86_64-unknown-linux-gnu) on 2015-06-19 at 01:25:34
#######################################
GCADIR /opt/freesurfer/average
GCA RB_all_2020-01-02.gca
GCASkull RB_all_withskull_2020_01_02.gca
AvgCurvTif folding.atlas.acfb40.noaparc.i12.2016-08-02.tif
GCSDIR /opt/freesurfer/average
GCS DKaparc.atlas.acfb40.noaparc.i12.2016-08-02.gcs
#######################################
#--------------------------------------------
#@# AutoDetGWStats lh Thu Mar 12 18:25:57 CET 2026
cd /out/sourcedata/freesurfer/sub-v1s20x0050295_ses-1/mri
mris_autodet_gwstats --o ../surf/autodet.gw.stats.lh.dat --i brain.finalsurfs.mgz --wm wm.mgz --surf ../surf/lh.orig.premesh
  Update not needed
#--------------------------------------------
#@# WhitePreAparc lh Thu Mar 12 18:25:57 CET 2026
cd /out/sourcedata/freesurfer/sub-v1s20x0050295_ses-1/mri
mris_place_surface --adgws-in ../surf/autodet.gw.stats.lh.dat --wm wm.mgz --threads 16 --invol brain.finalsurfs.mgz --lh --i ../surf/lh.orig --o ../surf/lh.white.preaparc --white --seg aseg.presurf.mgz --nsmooth 5
   Update not needed
#--------------------------------------------
#@# CortexLabel lh Thu Mar 12 18:25:57 CET 2026
cd /out/sourcedata/freesurfer/sub-v1s20x0050295_ses-1/mri
mri_label2label --label-cortex ../surf/lh.white.preaparc aseg.presurf.mgz 0 ../label/lh.cortex.label
   Update not needed
#--------------------------------------------
#@# CortexLabel+HipAmyg lh Thu Mar 12 18:25:57 CET 2026
cd /out/sourcedata/freesurfer/sub-v1s20x0050295_ses-1/mri
mri_label2label --label-cortex ../surf/lh.white.preaparc aseg.presurf.mgz 1 ../label/lh.cortex+hipamyg.label
   Update not needed
#@# white curv lh Thu Mar 12 18:25:57 CET 2026
cd /out/sourcedata/freesurfer/sub-v1s20x0050295_ses-1/mri
mris_place_surface --curv-map ../surf/lh.white 2 10 ../surf/lh.curv
   Update not needed
#@# white area lh Thu Mar 12 18:25:57 CET 2026
cd /out/sourcedata/freesurfer/sub-v1s20x0050295_ses-1/mri
mris_place_surface --area-map ../surf/lh.white ../surf/lh.area
   Update not needed
#@# pial curv lh Thu Mar 12 18:25:57 CET 2026
cd /out/sourcedata/freesurfer/sub-v1s20x0050295_ses-1/mri
mris_place_surface --curv-map ../surf/lh.pial 2 10 ../surf/lh.curv.pial
   Update not needed
#@# pial area lh Thu Mar 12 18:25:57 CET 2026
cd /out/sourcedata/freesurfer/sub-v1s20x0050295_ses-1/mri
mris_place_surface --area-map ../surf/lh.pial ../surf/lh.area.pial
   Update not needed
#@# thickness lh Thu Mar 12 18:25:57 CET 2026
cd /out/sourcedata/freesurfer/sub-v1s20x0050295_ses-1/mri
mris_place_surface --thickness ../surf/lh.white ../surf/lh.pial 20 5 ../surf/lh.thickness
   Update not needed
#@# area and vertex vol lh Thu Mar 12 18:25:57 CET 2026
cd /out/sourcedata/freesurfer/sub-v1s20x0050295_ses-1/mri
mris_place_surface --thickness ../surf/lh.white ../surf/lh.pial 20 5 ../surf/lh.thickness
   Update not needed
#-----------------------------------------
#@# Parcellation Stats lh Thu Mar 12 18:25:57 CET 2026
/out/sourcedata/freesurfer/sub-v1s20x0050295_ses-1/scripts

 mris_anatomical_stats -th3 -mgz -noglobal -cortex ../label/lh.cortex.label -f ../stats/lh.aparc.stats -b -a ../label/lh.aparc.annot -c ../label/aparc.annot.ctab sub-v1s20x0050295_ses-1 lh white 

computing statistics for each annotation in ../label/lh.aparc.annot.
reading volume /out/sourcedata/freesurfer/sub-v1s20x0050295_ses-1/mri/wm.mgz...
reading input surface /out/sourcedata/freesurfer/sub-v1s20x0050295_ses-1/surf/lh.white...
reading input pial surface /out/sourcedata/freesurfer/sub-v1s20x0050295_ses-1/surf/lh.pial...
reading input white surface /out/sourcedata/freesurfer/sub-v1s20x0050295_ses-1/surf/lh.white...
INFO: using TH3 volume calc
INFO: assuming MGZ format for volumes.
INFO: not computing global stats
INFO: using ../label/lh.cortex.label as mask to calc cortex NumVert, SurfArea and MeanThickness.
Using TH3 vertex volume calc
Total face volume 317779
Total vertex volume 317568 (mask=0)
Saving annotation colortable ../label/aparc.annot.ctab

table columns are:
    number of vertices
    total surface area (mm^2)
    total gray matter volume (mm^3)
    average cortical thickness +- standard deviation (mm)
    integrated rectified mean curvature
    integrated rectified Gaussian curvature
    folding index
    intrinsic curvature index
    structure name

 2257   1524   4156  2.486 0.661     0.087     0.016       13     1.4  bankssts
 1213    820   2408  2.822 0.789     0.123     0.019       14     1.0  caudalanteriorcingulate
 3537   2540   8543  2.961 0.623     0.120     0.027       32     4.3  caudalmiddlefrontal
 2697   1979   4199  1.990 0.509     0.154     0.037       40     4.2  cuneus
  771    499   1661  2.605 0.629     0.142     0.053       14     1.7  entorhinal
 5862   4260  12536  2.568 0.691     0.130     0.037       74     9.5  fusiform
 7626   5464  17215  2.786 0.672     0.124     0.026       81     8.8  inferiorparietal
 5595   3947  12424  2.672 0.819     0.131     0.040       73     9.3  inferiortemporal
 1823   1274   3300  2.438 0.827     0.125     0.029       24     2.3  isthmuscingulate
 9322   6625  17243  2.268 0.698     0.143     0.035      131    14.4  lateraloccipital
 5595   3798  11022  2.739 0.792     0.127     0.035       62     7.8  lateralorbitofrontal
 5343   3895   8112  2.020 0.627     0.131     0.031       62     7.1  lingual
 3741   2520   6923  2.438 0.915     0.107     0.033       38     5.1  medialorbitofrontal
 5551   3924  14978  3.002 0.770     0.125     0.030       65     7.1  middletemporal
 1347    826   2348  2.470 0.706     0.097     0.025       11     1.2  parahippocampal
 2413   1615   4583  2.584 0.693     0.104     0.022       17     2.3  paracentral
 2655   1897   6331  2.863 0.700     0.114     0.027       28     2.9  parsopercularis
 1293    956   4038  2.982 0.833     0.152     0.039       23     2.2  parsorbitalis
 2507   1837   6185  2.673 0.803     0.115     0.027       26     2.7  parstriangularis
 2564   1846   2632  1.546 0.376     0.141     0.034       30     3.7  pericalcarine
 6972   4730  10634  2.083 0.739     0.117     0.025       65     7.7  postcentral
 2175   1468   4649  2.762 0.873     0.113     0.021       21     1.9  posteriorcingulate
 8237   5647  16237  2.642 0.697     0.119     0.028       70     9.5  precentral
 6469   4731  13876  2.546 0.710     0.132     0.028       84     7.7  precuneus
 1526   1152   4233  2.908 0.942     0.138     0.034       22     2.7  rostralanteriorcingulate
 8682   6548  23108  2.815 0.752     0.138     0.034      125    12.8  rostralmiddlefrontal
10587   7624  30268  3.134 0.798     0.123     0.029      103    12.4  superiorfrontal
 7875   5751  16689  2.510 0.665     0.131     0.028       89     9.0  superiorparietal
 7243   4961  16059  2.718 0.819     0.115     0.025       71     7.5  superiortemporal
 7652   5343  17023  2.731 0.705     0.122     0.027       81     8.4  supramarginal
  376    302   1702  3.648 0.937     0.176     0.065        7     1.0  frontalpole
  688    551   2384  2.940 0.905     0.163     0.056       12     1.9  temporalpole
  978    606   1261  1.941 0.480     0.081     0.022        6     0.7  transversetemporal
 4103   2736   8609  3.189 0.955     0.107     0.027       28     4.4  insula

 mris_anatomical_stats -th3 -mgz -noglobal -cortex ../label/lh.cortex.label -f ../stats/lh.aparc.pial.stats -b -a ../label/lh.aparc.annot -c ../label/aparc.annot.ctab sub-v1s20x0050295_ses-1 lh pial 

computing statistics for each annotation in ../label/lh.aparc.annot.
reading volume /out/sourcedata/freesurfer/sub-v1s20x0050295_ses-1/mri/wm.mgz...
reading input surface /out/sourcedata/freesurfer/sub-v1s20x0050295_ses-1/surf/lh.pial...
reading input pial surface /out/sourcedata/freesurfer/sub-v1s20x0050295_ses-1/surf/lh.pial...
reading input white surface /out/sourcedata/freesurfer/sub-v1s20x0050295_ses-1/surf/lh.white...
INFO: using TH3 volume calc
INFO: assuming MGZ format for volumes.
INFO: not computing global stats
INFO: using ../label/lh.cortex.label as mask to calc cortex NumVert, SurfArea and MeanThickness.
Using TH3 vertex volume calc
Total face volume 317779
Total vertex volume 317568 (mask=0)
Saving annotation colortable ../label/aparc.annot.ctab

table columns are:
    number of vertices
    total surface area (mm^2)
    total gray matter volume (mm^3)
    average cortical thickness +- standard deviation (mm)
    integrated rectified mean curvature
    integrated rectified Gaussian curvature
    folding index
    intrinsic curvature index
    structure name

 2257   1762   4156  2.486 0.661     0.134     0.030      104     3.1  bankssts
 1213    968   2408  2.822 0.789     0.179     0.061       76     2.5  caudalanteriorcingulate
 3537   3099   8543  2.961 0.623     0.150     0.037       87     5.3  caudalmiddlefrontal
 2697   2410   4199  1.990 0.509     0.162     0.041       61     4.5  cuneus
  771    784   1661  2.605 0.629     0.226     0.078       27     2.3  entorhinal
 5862   5718  12536  2.568 0.691     0.167     0.042      229    10.1  fusiform
 7626   6948  17215  2.786 0.672     0.152     0.039      124    11.8  inferiorparietal
 5595   5214  12424  2.672 0.819     0.168     0.050      177     9.8  inferiortemporal
 1823   1545   3300  2.438 0.827     0.162     0.045      109     2.8  isthmuscingulate
 9322   8550  17243  2.268 0.698     0.153     0.040      208    15.3  lateraloccipital
 5595   4441  11022  2.739 0.792     0.150     0.042      156     9.2  lateralorbitofrontal
 5343   4727   8112  2.020 0.627     0.156     0.042      112     8.8  lingual
 3741   3344   6923  2.438 0.915     0.161     0.041       84     6.3  medialorbitofrontal
 5551   5887  14978  3.002 0.770     0.167     0.038      154     9.5  middletemporal
 1347   1118   2348  2.470 0.706     0.161     0.039       20     2.4  parahippocampal
 2413   1987   4583  2.584 0.693     0.128     0.028       28     2.9  paracentral
 2655   2576   6331  2.863 0.700     0.161     0.034       56     3.9  parsopercularis
 1293   1764   4038  2.982 0.833     0.221     0.055       31     2.6  parsorbitalis
 2507   2686   6185  2.673 0.803     0.186     0.037       35     4.4  parstriangularis
 2564   1746   2632  1.546 0.376     0.142     0.034       48     3.6  pericalcarine
 6972   5708  10634  2.083 0.739     0.133     0.031       89     8.7  postcentral
 2175   1826   4649  2.762 0.873     0.170     0.048      106     4.3  posteriorcingulate
 8237   6498  16237  2.642 0.697     0.129     0.032      162    10.0  precentral
 6469   5880  13876  2.546 0.710     0.164     0.040      139    10.9  precuneus
 1526   1812   4233  2.908 0.942     0.205     0.051       29     3.6  rostralanteriorcingulate
 8682   9696  23108  2.815 0.752     0.197     0.045      224    17.6  rostralmiddlefrontal
10587  10764  30268  3.134 0.798     0.169     0.042      195    18.0  superiorfrontal
 7875   7338  16689  2.510 0.665     0.154     0.037      177    11.7  superiorparietal
 7243   6643  16059  2.718 0.819     0.158     0.041      199    11.6  superiortemporal
 7652   7020  17023  2.731 0.705     0.155     0.035      131    11.2  supramarginal
  376    607   1702  3.648 0.937     0.228     0.047        4     0.7  frontalpole
  688   1035   2384  2.940 0.905     0.253     0.058       15     1.9  temporalpole
  978    802   1261  1.941 0.480     0.115     0.030        7     1.1  transversetemporal
 4103   2605   8609  3.189 0.955     0.126     0.040       92     5.5  insula
#-----------------------------------------
#@# Parcellation Stats 2 lh Thu Mar 12 18:26:21 CET 2026
/out/sourcedata/freesurfer/sub-v1s20x0050295_ses-1/scripts

 mris_anatomical_stats -th3 -mgz -noglobal -cortex ../label/lh.cortex.label -f ../stats/lh.aparc.a2009s.stats -b -a ../label/lh.aparc.a2009s.annot -c ../label/aparc.annot.a2009s.ctab sub-v1s20x0050295_ses-1 lh white 

computing statistics for each annotation in ../label/lh.aparc.a2009s.annot.
reading volume /out/sourcedata/freesurfer/sub-v1s20x0050295_ses-1/mri/wm.mgz...
reading input surface /out/sourcedata/freesurfer/sub-v1s20x0050295_ses-1/surf/lh.white...
reading input pial surface /out/sourcedata/freesurfer/sub-v1s20x0050295_ses-1/surf/lh.pial...
reading input white surface /out/sourcedata/freesurfer/sub-v1s20x0050295_ses-1/surf/lh.white...
INFO: using TH3 volume calc
INFO: assuming MGZ format for volumes.
INFO: not computing global stats
INFO: using ../label/lh.cortex.label as mask to calc cortex NumVert, SurfArea and MeanThickness.
Using TH3 vertex volume calc
Total face volume 317779
Total vertex volume 317568 (mask=0)
Saving annotation colortable ../label/aparc.annot.a2009s.ctab

table columns are:
    number of vertices
    total surface area (mm^2)
    total gray matter volume (mm^3)
    average cortical thickness +- standard deviation (mm)
    integrated rectified mean curvature
    integrated rectified Gaussian curvature
    folding index
    intrinsic curvature index
    structure name

 1411   1083   3938  2.930 0.795     0.170     0.051       29     3.3  G_and_S_frontomargin
 1763   1251   4140  2.723 0.710     0.135     0.030       20     2.1  G_and_S_occipital_inf
 1962   1229   3207  2.266 0.688     0.111     0.025       17     2.1  G_and_S_paracentral
 2119   1455   4294  2.758 0.634     0.135     0.032       25     2.7  G_and_S_subcentral
  712    583   2957  3.551 0.784     0.158     0.046       11     1.4  G_and_S_transv_frontopol
 2797   2018   6348  2.881 0.785     0.121     0.027       29     3.6  G_and_S_cingul-Ant
 1395    962   2717  2.861 0.652     0.115     0.018       12     1.1  G_and_S_cingul-Mid-Ant
 1688   1141   3451  2.776 0.654     0.110     0.022       14     1.5  G_and_S_cingul-Mid-Post
  679    472   2046  3.343 0.903     0.135     0.034        9     0.8  G_cingul-Post-dorsal
  527    354   1111  2.526 0.809     0.143     0.036        9     0.8  G_cingul-Post-ventral
 2576   1899   3925  1.866 0.501     0.158     0.040       41     4.3  G_cuneus
 1465   1104   4646  3.107 0.658     0.148     0.041       25     2.4  G_front_inf-Opercular
  474    336   1523  2.992 0.696     0.144     0.055        9     0.8  G_front_inf-Orbital
 1498   1145   4833  2.912 0.771     0.136     0.036       22     2.3  G_front_inf-Triangul
 4583   3668  17017  3.109 0.777     0.156     0.042       83     8.6  G_front_middle
 6796   4996  23493  3.312 0.823     0.133     0.033       81     9.2  G_front_sup
  719    457   1801  3.549 0.809     0.116     0.031        7     0.8  G_Ins_lg_and_S_cent_ins
  914    625   2855  3.483 1.056     0.122     0.037        8     1.4  G_insular_short
 2764   2064   7609  2.725 0.787     0.156     0.040       50     4.8  G_occipital_middle
 1656   1226   2578  1.922 0.474     0.149     0.030       27     2.2  G_occipital_sup
 2442   1906   6298  2.625 0.753     0.157     0.052       38     5.5  G_oc-temp_lat-fusifor
 3448   2575   5535  1.877 0.569     0.152     0.038       52     5.8  G_oc-temp_med-Lingual
 1816   1113   3491  2.447 0.779     0.126     0.045       28     3.4  G_oc-temp_med-Parahip
 3455   2423   9301  2.787 0.832     0.145     0.045       55     6.0  G_orbital
 2876   2195   8810  2.874 0.733     0.147     0.035       43     4.6  G_pariet_inf-Angular
 4225   2938  11116  2.876 0.739     0.131     0.031       56     5.2  G_pariet_inf-Supramar
 2799   2103   7988  2.777 0.746     0.147     0.036       39     4.2  G_parietal_sup
 2374   1607   3820  1.947 0.604     0.123     0.031       25     3.1  G_postcentral
 2877   2009   7527  2.781 0.760     0.130     0.033       32     3.8  G_precentral
 3150   2377   8969  2.735 0.770     0.153     0.036       50     4.8  G_precuneus
 1373    967   3013  2.169 0.880     0.127     0.045       21     2.8  G_rectus
  904    554   1076  2.090 0.887     0.117     0.048       10     1.5  G_subcallosal
  707    436    982  1.882 0.477     0.093     0.028        5     0.7  G_temp_sup-G_T_transv
 2299   1665   8108  3.190 0.799     0.149     0.039       38     3.8  G_temp_sup-Lateral
  786    517   1766  2.985 0.662     0.082     0.019        3     0.5  G_temp_sup-Plan_polar
 1432    936   2563  2.702 0.774     0.076     0.010        7     0.5  G_temp_sup-Plan_tempo
 2982   2145   8276  2.781 0.951     0.152     0.057       57     6.7  G_temporal_inf
 2819   2075   9575  3.161 0.812     0.143     0.037       43     4.4  G_temporal_middle
  361    257    506  1.940 0.604     0.106     0.012        2     0.2  Lat_Fis-ant-Horizont
  384    252    627  2.470 0.803     0.076     0.014        1     0.2  Lat_Fis-ant-Vertical
 1445    981   1682  2.078 0.570     0.119     0.024       11     1.5  Lat_Fis-post
 2435   1766   3838  1.919 0.601     0.157     0.043       45     4.8  Pole_occipital
 1709   1384   5601  2.815 0.897     0.179     0.062       35     5.0  Pole_temporal
 3459   2553   4329  1.906 0.694     0.126     0.026       36     4.2  S_calcarine
 3464   2371   3830  1.880 0.597     0.105     0.022       22     3.4  S_central
 1368    939   2462  2.588 0.642     0.102     0.018        9     1.1  S_cingul-Marginalis
  830    565   1403  3.077 0.754     0.099     0.021        4     0.7  S_circular_insula_ant
 1753   1138   2469  2.684 0.878     0.085     0.017        8     1.2  S_circular_insula_inf
 2180   1483   3624  3.137 0.644     0.096     0.018        9     1.8  S_circular_insula_sup
 1421    929   2351  2.658 0.583     0.088     0.015        8     0.9  S_collat_transv_ant
  435    299    570  2.453 0.573     0.135     0.033        5     0.5  S_collat_transv_post
 2775   1953   4752  2.610 0.568     0.105     0.020       18     2.3  S_front_inf
 1408    948   2273  2.759 0.597     0.101     0.020        9     1.1  S_front_middle
 2884   1994   5283  2.751 0.555     0.097     0.019       18     2.1  S_front_sup
  100     79    186  2.524 0.409     0.130     0.016        1     0.1  S_interm_prim-Jensen
 2999   2096   4758  2.509 0.530     0.114     0.021       25     2.7  S_intrapariet_and_P_trans
 1529   1052   2061  2.337 0.543     0.130     0.029       12     2.0  S_oc_middle_and_Lunatus
 1266    880   1927  2.535 0.445     0.118     0.021        9     1.2  S_oc_sup_and_transversal
  866    581   1210  2.083 0.519     0.104     0.018        6     0.7  S_occipital_ant
 1212    793   1744  2.471 0.455     0.095     0.015        7     0.7  S_oc-temp_lat
 2706   1824   3900  2.422 0.622     0.096     0.016       15     1.7  S_oc-temp_med_and_Lingual
  466    328    583  1.966 0.453     0.113     0.020        2     0.4  S_orbital_lateral
 1092    738   1284  2.095 0.542     0.099     0.017        7     0.8  S_orbital_med-olfact
 1846   1265   3494  2.891 0.813     0.126     0.031       19     2.7  S_orbital-H_Shaped
 2150   1473   3102  2.206 0.549     0.112     0.023       17     1.8  S_parieto_occipital
 1687   1115   1910  2.077 0.705     0.116     0.019       21     1.5  S_pericallosal
 3631   2566   6015  2.480 0.578     0.111     0.021       26     3.2  S_postcentral
 1495   1033   2558  2.914 0.564     0.097     0.016        7     1.0  S_precentral-inf-part
 1708   1154   2902  2.787 0.495     0.104     0.020       10     1.5  S_precentral-sup-part
  952    647   1926  2.967 0.850     0.089     0.020        5     0.7  S_suborbital
 1366    973   2218  2.406 0.609     0.107     0.017       12     1.2  S_subparietal
 1804   1252   3081  2.706 0.709     0.104     0.017       10     1.5  S_temporal_inf
 8285   5570  13837  2.575 0.618     0.096     0.018       53     6.5  S_temporal_sup
  542    354    565  2.131 0.404     0.101     0.010        4     0.3  S_temporal_transverse
#-----------------------------------------
#@# Parcellation Stats 3 lh Thu Mar 12 18:26:33 CET 2026
/out/sourcedata/freesurfer/sub-v1s20x0050295_ses-1/scripts

 mris_anatomical_stats -th3 -mgz -noglobal -cortex ../label/lh.cortex.label -f ../stats/lh.aparc.DKTatlas.stats -b -a ../label/lh.aparc.DKTatlas.annot -c ../label/aparc.annot.DKTatlas.ctab sub-v1s20x0050295_ses-1 lh white 

computing statistics for each annotation in ../label/lh.aparc.DKTatlas.annot.
reading volume /out/sourcedata/freesurfer/sub-v1s20x0050295_ses-1/mri/wm.mgz...
reading input surface /out/sourcedata/freesurfer/sub-v1s20x0050295_ses-1/surf/lh.white...
reading input pial surface /out/sourcedata/freesurfer/sub-v1s20x0050295_ses-1/surf/lh.pial...
reading input white surface /out/sourcedata/freesurfer/sub-v1s20x0050295_ses-1/surf/lh.white...
INFO: using TH3 volume calc
INFO: assuming MGZ format for volumes.
INFO: not computing global stats
INFO: using ../label/lh.cortex.label as mask to calc cortex NumVert, SurfArea and MeanThickness.
Using TH3 vertex volume calc
Total face volume 317779
Total vertex volume 317568 (mask=0)
Saving annotation colortable ../label/aparc.annot.DKTatlas.ctab

table columns are:
    number of vertices
    total surface area (mm^2)
    total gray matter volume (mm^3)
    average cortical thickness +- standard deviation (mm)
    integrated rectified mean curvature
    integrated rectified Gaussian curvature
    folding index
    intrinsic curvature index
    structure name

 1956   1332   3850  2.874 0.699     0.120     0.019       21     1.5  caudalanteriorcingulate
 3782   2711   9023  2.936 0.629     0.119     0.027       34     4.5  caudalmiddlefrontal
 3543   2556   5353  1.987 0.522     0.137     0.031       45     4.7  cuneus
  749    475   1575  2.522 0.697     0.140     0.052       14     1.7  entorhinal
 5521   3982  11601  2.588 0.684     0.127     0.036       69     8.3  fusiform
 7413   5339  16883  2.787 0.679     0.124     0.026       78     8.6  inferiorparietal
 5461   3899  12480  2.657 0.833     0.134     0.042       73     9.6  inferiortemporal
 1860   1294   3352  2.450 0.845     0.125     0.028       24     2.4  isthmuscingulate
 9392   6693  17454  2.264 0.697     0.145     0.035      134    14.6  lateraloccipital
 5863   4042  11823  2.653 0.806     0.136     0.041       76     9.8  lateralorbitofrontal
 5448   3985   8308  2.026 0.628     0.131     0.031       62     7.3  lingual
 3249   2195   6140  2.315 0.889     0.108     0.036       35     4.7  medialorbitofrontal
 7670   5382  19000  2.864 0.772     0.120     0.028       82     9.1  middletemporal
 1397    865   2459  2.485 0.690     0.097     0.026       12     1.3  parahippocampal
 2767   1851   5505  2.638 0.707     0.104     0.023       19     2.6  paracentral
 2457   1773   6054  2.918 0.693     0.120     0.029       27     3.0  parsopercularis
 1367    951   3308  2.900 0.769     0.121     0.030       15     1.5  parsorbitalis
 3045   2187   6814  2.663 0.764     0.113     0.024       29     3.1  parstriangularis
 2568   1848   2619  1.537 0.373     0.142     0.034       30     3.6  pericalcarine
 7873   5365  12139  2.144 0.746     0.117     0.026       73     8.5  postcentral
 2453   1671   5318  2.749 0.842     0.116     0.021       25     2.3  posteriorcingulate
 8170   5614  16204  2.658 0.698     0.119     0.028       71     9.5  precentral
 6171   4552  14087  2.597 0.723     0.137     0.030       85     7.7  precuneus
 2083   1504   5001  2.983 0.912     0.128     0.030       25     3.1  rostralanteriorcingulate
 6472   4946  18408  2.774 0.766     0.142     0.035      101     9.6  rostralmiddlefrontal
11237   8208  33196  3.159 0.812     0.125     0.030      117    14.2  superiorfrontal
 6258   4573  13526  2.556 0.639     0.131     0.028       70     7.3  superiorparietal
 9445   6510  20865  2.699 0.795     0.114     0.026       91    10.5  superiortemporal
 7166   4982  16044  2.727 0.723     0.123     0.027       77     7.8  supramarginal
  972    602   1253  1.950 0.489     0.081     0.022        6     0.7  transversetemporal
 3467   2308   7924  3.445 0.828     0.102     0.023       21     3.4  insula
/out/sourcedata/freesurfer/sub-v1s20x0050295_ses-1/label
#--------------------------------------------
#@# BA_exvivo Labels lh Thu Mar 12 18:26:44 CET 2026

 mri_label2label --srcsubject fsaverage --srclabel /out/sourcedata/freesurfer/fsaverage/label/lh.BA1_exvivo.label --trgsubject sub-v1s20x0050295_ses-1 --trglabel ./lh.BA1_exvivo.label --hemi lh --regmethod surface 


srclabel = /out/sourcedata/freesurfer/fsaverage/label/lh.BA1_exvivo.label
srcsubject = fsaverage
trgsubject = sub-v1s20x0050295_ses-1
trglabel = ./lh.BA1_exvivo.label
regmethod = surface

srchemi = lh
trghemi = lh
trgsurface = white
srcsurfreg = sphere.reg
trgsurfreg = sphere.reg
usehash = 1
Use ProjAbs  = 0, 0
Use ProjFrac = 0, 0
DoPaint 0

SUBJECTS_DIR    /out/sourcedata/freesurfer
FREESURFER_HOME /opt/freesurfer
Loading source label.
Found 4129 points in source label.
Starting surface-based mapping
Reading source registration 
 /out/sourcedata/freesurfer/fsaverage/surf/lh.sphere.reg
Rescaling ...  original radius = 100
Reading target surface 
 /out/sourcedata/freesurfer/sub-v1s20x0050295_ses-1/surf/lh.white
Reading target registration 
 /out/sourcedata/freesurfer/sub-v1s20x0050295_ses-1/surf/lh.sphere.reg
Rescaling ...  original radius = 100
Building target registration hash (res=16).
Building source registration hash (res=16).
INFO: found  4129 nlabel points
Performing mapping from target back to the source label 155178
Number of reverse mapping hits = 303
Checking for and removing duplicates
Writing label file ./lh.BA1_exvivo.label 4432
mri_label2label: Done


 mri_label2label --srcsubject fsaverage --srclabel /out/sourcedata/freesurfer/fsaverage/label/lh.BA2_exvivo.label --trgsubject sub-v1s20x0050295_ses-1 --trglabel ./lh.BA2_exvivo.label --hemi lh --regmethod surface 


srclabel = /out/sourcedata/freesurfer/fsaverage/label/lh.BA2_exvivo.label
srcsubject = fsaverage
trgsubject = sub-v1s20x0050295_ses-1
trglabel = ./lh.BA2_exvivo.label
regmethod = surface

srchemi = lh
trghemi = lh
trgsurface = white
srcsurfreg = sphere.reg
trgsurfreg = sphere.reg
usehash = 1
Use ProjAbs  = 0, 0
Use ProjFrac = 0, 0
DoPaint 0

SUBJECTS_DIR    /out/sourcedata/freesurfer
FREESURFER_HOME /opt/freesurfer
Loading source label.
Found 7909 points in source label.
Starting surface-based mapping
Reading source registration 
 /out/sourcedata/freesurfer/fsaverage/surf/lh.sphere.reg
Rescaling ...  original radius = 100
Reading target surface 
 /out/sourcedata/freesurfer/sub-v1s20x0050295_ses-1/surf/lh.white
Reading target registration 
 /out/sourcedata/freesurfer/sub-v1s20x0050295_ses-1/surf/lh.sphere.reg
Rescaling ...  original radius = 100
Building target registration hash (res=16).
Building source registration hash (res=16).
INFO: found  7909 nlabel points
Performing mapping from target back to the source label 155178
Number of reverse mapping hits = 739
Checking for and removing duplicates
Writing label file ./lh.BA2_exvivo.label 8648
mri_label2label: Done


 mri_label2label --srcsubject fsaverage --srclabel /out/sourcedata/freesurfer/fsaverage/label/lh.BA3a_exvivo.label --trgsubject sub-v1s20x0050295_ses-1 --trglabel ./lh.BA3a_exvivo.label --hemi lh --regmethod surface 


srclabel = /out/sourcedata/freesurfer/fsaverage/label/lh.BA3a_exvivo.label
srcsubject = fsaverage
trgsubject = sub-v1s20x0050295_ses-1
trglabel = ./lh.BA3a_exvivo.label
regmethod = surface

srchemi = lh
trghemi = lh
trgsurface = white
srcsurfreg = sphere.reg
trgsurfreg = sphere.reg
usehash = 1
Use ProjAbs  = 0, 0
Use ProjFrac = 0, 0
DoPaint 0

SUBJECTS_DIR    /out/sourcedata/freesurfer
FREESURFER_HOME /opt/freesurfer
Loading source label.
Found 4077 points in source label.
Starting surface-based mapping
Reading source registration 
 /out/sourcedata/freesurfer/fsaverage/surf/lh.sphere.reg
Rescaling ...  original radius = 100
Reading target surface 
 /out/sourcedata/freesurfer/sub-v1s20x0050295_ses-1/surf/lh.white
Reading target registration 
 /out/sourcedata/freesurfer/sub-v1s20x0050295_ses-1/surf/lh.sphere.reg
Rescaling ...  original radius = 100
Building target registration hash (res=16).
Building source registration hash (res=16).
INFO: found  4077 nlabel points
Performing mapping from target back to the source label 155178
Number of reverse mapping hits = 129
Checking for and removing duplicates
Writing label file ./lh.BA3a_exvivo.label 4206
mri_label2label: Done


 mri_label2label --srcsubject fsaverage --srclabel /out/sourcedata/freesurfer/fsaverage/label/lh.BA3b_exvivo.label --trgsubject sub-v1s20x0050295_ses-1 --trglabel ./lh.BA3b_exvivo.label --hemi lh --regmethod surface 


srclabel = /out/sourcedata/freesurfer/fsaverage/label/lh.BA3b_exvivo.label
srcsubject = fsaverage
trgsubject = sub-v1s20x0050295_ses-1
trglabel = ./lh.BA3b_exvivo.label
regmethod = surface

srchemi = lh
trghemi = lh
trgsurface = white
srcsurfreg = sphere.reg
trgsurfreg = sphere.reg
usehash = 1
Use ProjAbs  = 0, 0
Use ProjFrac = 0, 0
DoPaint 0

SUBJECTS_DIR    /out/sourcedata/freesurfer
FREESURFER_HOME /opt/freesurfer
Loading source label.
Found 5983 points in source label.
Starting surface-based mapping
Reading source registration 
 /out/sourcedata/freesurfer/fsaverage/surf/lh.sphere.reg
Rescaling ...  original radius = 100
Reading target surface 
 /out/sourcedata/freesurfer/sub-v1s20x0050295_ses-1/surf/lh.white
Reading target registration 
 /out/sourcedata/freesurfer/sub-v1s20x0050295_ses-1/surf/lh.sphere.reg
Rescaling ...  original radius = 100
Building target registration hash (res=16).
Building source registration hash (res=16).
INFO: found  5983 nlabel points
Performing mapping from target back to the source label 155178
Number of reverse mapping hits = 391
Checking for and removing duplicates
Writing label file ./lh.BA3b_exvivo.label 6374
mri_label2label: Done


 mri_label2label --srcsubject fsaverage --srclabel /out/sourcedata/freesurfer/fsaverage/label/lh.BA4a_exvivo.label --trgsubject sub-v1s20x0050295_ses-1 --trglabel ./lh.BA4a_exvivo.label --hemi lh --regmethod surface 


srclabel = /out/sourcedata/freesurfer/fsaverage/label/lh.BA4a_exvivo.label
srcsubject = fsaverage
trgsubject = sub-v1s20x0050295_ses-1
trglabel = ./lh.BA4a_exvivo.label
regmethod = surface

srchemi = lh
trghemi = lh
trgsurface = white
srcsurfreg = sphere.reg
trgsurfreg = sphere.reg
usehash = 1
Use ProjAbs  = 0, 0
Use ProjFrac = 0, 0
DoPaint 0

SUBJECTS_DIR    /out/sourcedata/freesurfer
FREESURFER_HOME /opt/freesurfer
Loading source label.
Found 5784 points in source label.
Starting surface-based mapping
Reading source registration 
 /out/sourcedata/freesurfer/fsaverage/surf/lh.sphere.reg
Rescaling ...  original radius = 100
Reading target surface 
 /out/sourcedata/freesurfer/sub-v1s20x0050295_ses-1/surf/lh.white
Reading target registration 
 /out/sourcedata/freesurfer/sub-v1s20x0050295_ses-1/surf/lh.sphere.reg
Rescaling ...  original radius = 100
Building target registration hash (res=16).
Building source registration hash (res=16).
INFO: found  5784 nlabel points
Performing mapping from target back to the source label 155178
Number of reverse mapping hits = 330
Checking for and removing duplicates
Writing label file ./lh.BA4a_exvivo.label 6114
mri_label2label: Done


 mri_label2label --srcsubject fsaverage --srclabel /out/sourcedata/freesurfer/fsaverage/label/lh.BA4p_exvivo.label --trgsubject sub-v1s20x0050295_ses-1 --trglabel ./lh.BA4p_exvivo.label --hemi lh --regmethod surface 


srclabel = /out/sourcedata/freesurfer/fsaverage/label/lh.BA4p_exvivo.label
srcsubject = fsaverage
trgsubject = sub-v1s20x0050295_ses-1
trglabel = ./lh.BA4p_exvivo.label
regmethod = surface

srchemi = lh
trghemi = lh
trgsurface = white
srcsurfreg = sphere.reg
trgsurfreg = sphere.reg
usehash = 1
Use ProjAbs  = 0, 0
Use ProjFrac = 0, 0
DoPaint 0

SUBJECTS_DIR    /out/sourcedata/freesurfer
FREESURFER_HOME /opt/freesurfer
Loading source label.
Found 4070 points in source label.
Starting surface-based mapping
Reading source registration 
 /out/sourcedata/freesurfer/fsaverage/surf/lh.sphere.reg
Rescaling ...  original radius = 100
Reading target surface 
 /out/sourcedata/freesurfer/sub-v1s20x0050295_ses-1/surf/lh.white
Reading target registration 
 /out/sourcedata/freesurfer/sub-v1s20x0050295_ses-1/surf/lh.sphere.reg
Rescaling ...  original radius = 100
Building target registration hash (res=16).
Building source registration hash (res=16).
INFO: found  4070 nlabel points
Performing mapping from target back to the source label 155178
Number of reverse mapping hits = 161
Checking for and removing duplicates
Writing label file ./lh.BA4p_exvivo.label 4231
mri_label2label: Done


 mri_label2label --srcsubject fsaverage --srclabel /out/sourcedata/freesurfer/fsaverage/label/lh.BA6_exvivo.label --trgsubject sub-v1s20x0050295_ses-1 --trglabel ./lh.BA6_exvivo.label --hemi lh --regmethod surface 


srclabel = /out/sourcedata/freesurfer/fsaverage/label/lh.BA6_exvivo.label
srcsubject = fsaverage
trgsubject = sub-v1s20x0050295_ses-1
trglabel = ./lh.BA6_exvivo.label
regmethod = surface

srchemi = lh
trghemi = lh
trgsurface = white
srcsurfreg = sphere.reg
trgsurfreg = sphere.reg
usehash = 1
Use ProjAbs  = 0, 0
Use ProjFrac = 0, 0
DoPaint 0

SUBJECTS_DIR    /out/sourcedata/freesurfer
FREESURFER_HOME /opt/freesurfer
Loading source label.
Found 13589 points in source label.
Starting surface-based mapping
Reading source registration 
 /out/sourcedata/freesurfer/fsaverage/surf/lh.sphere.reg
Rescaling ...  original radius = 100
Reading target surface 
 /out/sourcedata/freesurfer/sub-v1s20x0050295_ses-1/surf/lh.white
Reading target registration 
 /out/sourcedata/freesurfer/sub-v1s20x0050295_ses-1/surf/lh.sphere.reg
Rescaling ...  original radius = 100
Building target registration hash (res=16).
Building source registration hash (res=16).
INFO: found  13589 nlabel points
Performing mapping from target back to the source label 155178
Number of reverse mapping hits = 816
Checking for and removing duplicates
Writing label file ./lh.BA6_exvivo.label 14405
mri_label2label: Done


 mri_label2label --srcsubject fsaverage --srclabel /out/sourcedata/freesurfer/fsaverage/label/lh.BA44_exvivo.label --trgsubject sub-v1s20x0050295_ses-1 --trglabel ./lh.BA44_exvivo.label --hemi lh --regmethod surface 


srclabel = /out/sourcedata/freesurfer/fsaverage/label/lh.BA44_exvivo.label
srcsubject = fsaverage
trgsubject = sub-v1s20x0050295_ses-1
trglabel = ./lh.BA44_exvivo.label
regmethod = surface

srchemi = lh
trghemi = lh
trgsurface = white
srcsurfreg = sphere.reg
trgsurfreg = sphere.reg
usehash = 1
Use ProjAbs  = 0, 0
Use ProjFrac = 0, 0
DoPaint 0

SUBJECTS_DIR    /out/sourcedata/freesurfer
FREESURFER_HOME /opt/freesurfer
Loading source label.
Found 4181 points in source label.
Starting surface-based mapping
Reading source registration 
 /out/sourcedata/freesurfer/fsaverage/surf/lh.sphere.reg
Rescaling ...  original radius = 100
Reading target surface 
 /out/sourcedata/freesurfer/sub-v1s20x0050295_ses-1/surf/lh.white
Reading target registration 
 /out/sourcedata/freesurfer/sub-v1s20x0050295_ses-1/surf/lh.sphere.reg
Rescaling ...  original radius = 100
Building target registration hash (res=16).
Building source registration hash (res=16).
INFO: found  4181 nlabel points
Performing mapping from target back to the source label 155178
Number of reverse mapping hits = 292
Checking for and removing duplicates
Writing label file ./lh.BA44_exvivo.label 4473
mri_label2label: Done


 mri_label2label --srcsubject fsaverage --srclabel /out/sourcedata/freesurfer/fsaverage/label/lh.BA45_exvivo.label --trgsubject sub-v1s20x0050295_ses-1 --trglabel ./lh.BA45_exvivo.label --hemi lh --regmethod surface 


srclabel = /out/sourcedata/freesurfer/fsaverage/label/lh.BA45_exvivo.label
srcsubject = fsaverage
trgsubject = sub-v1s20x0050295_ses-1
trglabel = ./lh.BA45_exvivo.label
regmethod = surface

srchemi = lh
trghemi = lh
trgsurface = white
srcsurfreg = sphere.reg
trgsurfreg = sphere.reg
usehash = 1
Use ProjAbs  = 0, 0
Use ProjFrac = 0, 0
DoPaint 0

SUBJECTS_DIR    /out/sourcedata/freesurfer
FREESURFER_HOME /opt/freesurfer
Loading source label.
Found 3422 points in source label.
Starting surface-based mapping
Reading source registration 
 /out/sourcedata/freesurfer/fsaverage/surf/lh.sphere.reg
Rescaling ...  original radius = 100
Reading target surface 
 /out/sourcedata/freesurfer/sub-v1s20x0050295_ses-1/surf/lh.white
Reading target registration 
 /out/sourcedata/freesurfer/sub-v1s20x0050295_ses-1/surf/lh.sphere.reg
Rescaling ...  original radius = 100
Building target registration hash (res=16).
Building source registration hash (res=16).
INFO: found  3422 nlabel points
Performing mapping from target back to the source label 155178
Number of reverse mapping hits = 1016
Checking for and removing duplicates
Writing label file ./lh.BA45_exvivo.label 4438
mri_label2label: Done


 mri_label2label --srcsubject fsaverage --srclabel /out/sourcedata/freesurfer/fsaverage/label/lh.V1_exvivo.label --trgsubject sub-v1s20x0050295_ses-1 --trglabel ./lh.V1_exvivo.label --hemi lh --regmethod surface 


srclabel = /out/sourcedata/freesurfer/fsaverage/label/lh.V1_exvivo.label
srcsubject = fsaverage
trgsubject = sub-v1s20x0050295_ses-1
trglabel = ./lh.V1_exvivo.label
regmethod = surface

srchemi = lh
trghemi = lh
trgsurface = white
srcsurfreg = sphere.reg
trgsurfreg = sphere.reg
usehash = 1
Use ProjAbs  = 0, 0
Use ProjFrac = 0, 0
DoPaint 0

SUBJECTS_DIR    /out/sourcedata/freesurfer
FREESURFER_HOME /opt/freesurfer
Loading source label.
Found 4641 points in source label.
Starting surface-based mapping
Reading source registration 
 /out/sourcedata/freesurfer/fsaverage/surf/lh.sphere.reg
Rescaling ...  original radius = 100
Reading target surface 
 /out/sourcedata/freesurfer/sub-v1s20x0050295_ses-1/surf/lh.white
Reading target registration 
 /out/sourcedata/freesurfer/sub-v1s20x0050295_ses-1/surf/lh.sphere.reg
Rescaling ...  original radius = 100
Building target registration hash (res=16).
Building source registration hash (res=16).
INFO: found  4641 nlabel points
Performing mapping from target back to the source label 155178
Number of reverse mapping hits = 2056
Checking for and removing duplicates
Writing label file ./lh.V1_exvivo.label 6697
mri_label2label: Done


 mri_label2label --srcsubject fsaverage --srclabel /out/sourcedata/freesurfer/fsaverage/label/lh.V2_exvivo.label --trgsubject sub-v1s20x0050295_ses-1 --trglabel ./lh.V2_exvivo.label --hemi lh --regmethod surface 


srclabel = /out/sourcedata/freesurfer/fsaverage/label/lh.V2_exvivo.label
srcsubject = fsaverage
trgsubject = sub-v1s20x0050295_ses-1
trglabel = ./lh.V2_exvivo.label
regmethod = surface

srchemi = lh
trghemi = lh
trgsurface = white
srcsurfreg = sphere.reg
trgsurfreg = sphere.reg
usehash = 1
Use ProjAbs  = 0, 0
Use ProjFrac = 0, 0
DoPaint 0

SUBJECTS_DIR    /out/sourcedata/freesurfer
FREESURFER_HOME /opt/freesurfer
Loading source label.
Found 8114 points in source label.
Starting surface-based mapping
Reading source registration 
 /out/sourcedata/freesurfer/fsaverage/surf/lh.sphere.reg
Rescaling ...  original radius = 100
Reading target surface 
 /out/sourcedata/freesurfer/sub-v1s20x0050295_ses-1/surf/lh.white
Reading target registration 
 /out/sourcedata/freesurfer/sub-v1s20x0050295_ses-1/surf/lh.sphere.reg
Rescaling ...  original radius = 100
Building target registration hash (res=16).
Building source registration hash (res=16).
INFO: found  8114 nlabel points
Performing mapping from target back to the source label 155178
Number of reverse mapping hits = 3701
Checking for and removing duplicates
Writing label file ./lh.V2_exvivo.label 11815
mri_label2label: Done


 mri_label2label --srcsubject fsaverage --srclabel /out/sourcedata/freesurfer/fsaverage/label/lh.MT_exvivo.label --trgsubject sub-v1s20x0050295_ses-1 --trglabel ./lh.MT_exvivo.label --hemi lh --regmethod surface 


srclabel = /out/sourcedata/freesurfer/fsaverage/label/lh.MT_exvivo.label
srcsubject = fsaverage
trgsubject = sub-v1s20x0050295_ses-1
trglabel = ./lh.MT_exvivo.label
regmethod = surface

srchemi = lh
trghemi = lh
trgsurface = white
srcsurfreg = sphere.reg
trgsurfreg = sphere.reg
usehash = 1
Use ProjAbs  = 0, 0
Use ProjFrac = 0, 0
DoPaint 0

SUBJECTS_DIR    /out/sourcedata/freesurfer
FREESURFER_HOME /opt/freesurfer
Loading source label.
Found 2018 points in source label.
Starting surface-based mapping
Reading source registration 
 /out/sourcedata/freesurfer/fsaverage/surf/lh.sphere.reg
Rescaling ...  original radius = 100
Reading target surface 
 /out/sourcedata/freesurfer/sub-v1s20x0050295_ses-1/surf/lh.white
Reading target registration 
 /out/sourcedata/freesurfer/sub-v1s20x0050295_ses-1/surf/lh.sphere.reg
Rescaling ...  original radius = 100
Building target registration hash (res=16).
Building source registration hash (res=16).
INFO: found  2018 nlabel points
Performing mapping from target back to the source label 155178
Number of reverse mapping hits = 755
Checking for and removing duplicates
Writing label file ./lh.MT_exvivo.label 2773
mri_label2label: Done


 mri_label2label --srcsubject fsaverage --srclabel /out/sourcedata/freesurfer/fsaverage/label/lh.entorhinal_exvivo.label --trgsubject sub-v1s20x0050295_ses-1 --trglabel ./lh.entorhinal_exvivo.label --hemi lh --regmethod surface 


srclabel = /out/sourcedata/freesurfer/fsaverage/label/lh.entorhinal_exvivo.label
srcsubject = fsaverage
trgsubject = sub-v1s20x0050295_ses-1
trglabel = ./lh.entorhinal_exvivo.label
regmethod = surface

srchemi = lh
trghemi = lh
trgsurface = white
srcsurfreg = sphere.reg
trgsurfreg = sphere.reg
usehash = 1
Use ProjAbs  = 0, 0
Use ProjFrac = 0, 0
DoPaint 0

SUBJECTS_DIR    /out/sourcedata/freesurfer
FREESURFER_HOME /opt/freesurfer
Loading source label.
Found 1290 points in source label.
Starting surface-based mapping
Reading source registration 
 /out/sourcedata/freesurfer/fsaverage/surf/lh.sphere.reg
Rescaling ...  original radius = 100
Reading target surface 
 /out/sourcedata/freesurfer/sub-v1s20x0050295_ses-1/surf/lh.white
Reading target registration 
 /out/sourcedata/freesurfer/sub-v1s20x0050295_ses-1/surf/lh.sphere.reg
Rescaling ...  original radius = 100
Building target registration hash (res=16).
Building source registration hash (res=16).
INFO: found  1290 nlabel points
Performing mapping from target back to the source label 155178
Number of reverse mapping hits = 244
Checking for and removing duplicates
Writing label file ./lh.entorhinal_exvivo.label 1534
mri_label2label: Done


 mri_label2label --srcsubject fsaverage --srclabel /out/sourcedata/freesurfer/fsaverage/label/lh.perirhinal_exvivo.label --trgsubject sub-v1s20x0050295_ses-1 --trglabel ./lh.perirhinal_exvivo.label --hemi lh --regmethod surface 


srclabel = /out/sourcedata/freesurfer/fsaverage/label/lh.perirhinal_exvivo.label
srcsubject = fsaverage
trgsubject = sub-v1s20x0050295_ses-1
trglabel = ./lh.perirhinal_exvivo.label
regmethod = surface

srchemi = lh
trghemi = lh
trgsurface = white
srcsurfreg = sphere.reg
trgsurfreg = sphere.reg
usehash = 1
Use ProjAbs  = 0, 0
Use ProjFrac = 0, 0
DoPaint 0

SUBJECTS_DIR    /out/sourcedata/freesurfer
FREESURFER_HOME /opt/freesurfer
Loading source label.
Found 1199 points in source label.
Starting surface-based mapping
Reading source registration 
 /out/sourcedata/freesurfer/fsaverage/surf/lh.sphere.reg
Rescaling ...  original radius = 100
Reading target surface 
 /out/sourcedata/freesurfer/sub-v1s20x0050295_ses-1/surf/lh.white
Reading target registration 
 /out/sourcedata/freesurfer/sub-v1s20x0050295_ses-1/surf/lh.sphere.reg
Rescaling ...  original radius = 100
Building target registration hash (res=16).
Building source registration hash (res=16).
INFO: found  1199 nlabel points
Performing mapping from target back to the source label 155178
Number of reverse mapping hits = 263
Checking for and removing duplicates
Writing label file ./lh.perirhinal_exvivo.label 1462
mri_label2label: Done


 mri_label2label --srcsubject fsaverage --srclabel /out/sourcedata/freesurfer/fsaverage/label/lh.FG1.mpm.vpnl.label --trgsubject sub-v1s20x0050295_ses-1 --trglabel ./lh.FG1.mpm.vpnl.label --hemi lh --regmethod surface 


srclabel = /out/sourcedata/freesurfer/fsaverage/label/lh.FG1.mpm.vpnl.label
srcsubject = fsaverage
trgsubject = sub-v1s20x0050295_ses-1
trglabel = ./lh.FG1.mpm.vpnl.label
regmethod = surface

srchemi = lh
trghemi = lh
trgsurface = white
srcsurfreg = sphere.reg
trgsurfreg = sphere.reg
usehash = 1
Use ProjAbs  = 0, 0
Use ProjFrac = 0, 0
DoPaint 0

SUBJECTS_DIR    /out/sourcedata/freesurfer
FREESURFER_HOME /opt/freesurfer
Loading source label.
Found 414 points in source label.
Starting surface-based mapping
Reading source registration 
 /out/sourcedata/freesurfer/fsaverage/surf/lh.sphere.reg
Rescaling ...  original radius = 100
Reading target surface 
 /out/sourcedata/freesurfer/sub-v1s20x0050295_ses-1/surf/lh.white
Reading target registration 
 /out/sourcedata/freesurfer/sub-v1s20x0050295_ses-1/surf/lh.sphere.reg
Rescaling ...  original radius = 100
Building target registration hash (res=16).
Building source registration hash (res=16).
INFO: found  414 nlabel points
Performing mapping from target back to the source label 155178
Number of reverse mapping hits = 170
Checking for and removing duplicates
Writing label file ./lh.FG1.mpm.vpnl.label 584
mri_label2label: Done


 mri_label2label --srcsubject fsaverage --srclabel /out/sourcedata/freesurfer/fsaverage/label/lh.FG2.mpm.vpnl.label --trgsubject sub-v1s20x0050295_ses-1 --trglabel ./lh.FG2.mpm.vpnl.label --hemi lh --regmethod surface 


srclabel = /out/sourcedata/freesurfer/fsaverage/label/lh.FG2.mpm.vpnl.label
srcsubject = fsaverage
trgsubject = sub-v1s20x0050295_ses-1
trglabel = ./lh.FG2.mpm.vpnl.label
regmethod = surface

srchemi = lh
trghemi = lh
trgsurface = white
srcsurfreg = sphere.reg
trgsurfreg = sphere.reg
usehash = 1
Use ProjAbs  = 0, 0
Use ProjFrac = 0, 0
DoPaint 0

SUBJECTS_DIR    /out/sourcedata/freesurfer
FREESURFER_HOME /opt/freesurfer
Loading source label.
Found 703 points in source label.
Starting surface-based mapping
Reading source registration 
 /out/sourcedata/freesurfer/fsaverage/surf/lh.sphere.reg
Rescaling ...  original radius = 100
Reading target surface 
 /out/sourcedata/freesurfer/sub-v1s20x0050295_ses-1/surf/lh.white
Reading target registration 
 /out/sourcedata/freesurfer/sub-v1s20x0050295_ses-1/surf/lh.sphere.reg
Rescaling ...  original radius = 100
Building target registration hash (res=16).
Building source registration hash (res=16).
INFO: found  703 nlabel points
Performing mapping from target back to the source label 155178
Number of reverse mapping hits = 221
Checking for and removing duplicates
Writing label file ./lh.FG2.mpm.vpnl.label 924
mri_label2label: Done


 mri_label2label --srcsubject fsaverage --srclabel /out/sourcedata/freesurfer/fsaverage/label/lh.FG3.mpm.vpnl.label --trgsubject sub-v1s20x0050295_ses-1 --trglabel ./lh.FG3.mpm.vpnl.label --hemi lh --regmethod surface 


srclabel = /out/sourcedata/freesurfer/fsaverage/label/lh.FG3.mpm.vpnl.label
srcsubject = fsaverage
trgsubject = sub-v1s20x0050295_ses-1
trglabel = ./lh.FG3.mpm.vpnl.label
regmethod = surface

srchemi = lh
trghemi = lh
trgsurface = white
srcsurfreg = sphere.reg
trgsurfreg = sphere.reg
usehash = 1
Use ProjAbs  = 0, 0
Use ProjFrac = 0, 0
DoPaint 0

SUBJECTS_DIR    /out/sourcedata/freesurfer
FREESURFER_HOME /opt/freesurfer
Loading source label.
Found 1873 points in source label.
Starting surface-based mapping
Reading source registration 
 /out/sourcedata/freesurfer/fsaverage/surf/lh.sphere.reg
Rescaling ...  original radius = 100
Reading target surface 
 /out/sourcedata/freesurfer/sub-v1s20x0050295_ses-1/surf/lh.white
Reading target registration 
 /out/sourcedata/freesurfer/sub-v1s20x0050295_ses-1/surf/lh.sphere.reg
Rescaling ...  original radius = 100
Building target registration hash (res=16).
Building source registration hash (res=16).
INFO: found  1873 nlabel points
Performing mapping from target back to the source label 155178
Number of reverse mapping hits = 439
Checking for and removing duplicates
Writing label file ./lh.FG3.mpm.vpnl.label 2312
mri_label2label: Done


 mri_label2label --srcsubject fsaverage --srclabel /out/sourcedata/freesurfer/fsaverage/label/lh.FG4.mpm.vpnl.label --trgsubject sub-v1s20x0050295_ses-1 --trglabel ./lh.FG4.mpm.vpnl.label --hemi lh --regmethod surface 


srclabel = /out/sourcedata/freesurfer/fsaverage/label/lh.FG4.mpm.vpnl.label
srcsubject = fsaverage
trgsubject = sub-v1s20x0050295_ses-1
trglabel = ./lh.FG4.mpm.vpnl.label
regmethod = surface

srchemi = lh
trghemi = lh
trgsurface = white
srcsurfreg = sphere.reg
trgsurfreg = sphere.reg
usehash = 1
Use ProjAbs  = 0, 0
Use ProjFrac = 0, 0
DoPaint 0

SUBJECTS_DIR    /out/sourcedata/freesurfer
FREESURFER_HOME /opt/freesurfer
Loading source label.
Found 2101 points in source label.
Starting surface-based mapping
Reading source registration 
 /out/sourcedata/freesurfer/fsaverage/surf/lh.sphere.reg
Rescaling ...  original radius = 100
Reading target surface 
 /out/sourcedata/freesurfer/sub-v1s20x0050295_ses-1/surf/lh.white
Reading target registration 
 /out/sourcedata/freesurfer/sub-v1s20x0050295_ses-1/surf/lh.sphere.reg
Rescaling ...  original radius = 100
Building target registration hash (res=16).
Building source registration hash (res=16).
INFO: found  2101 nlabel points
Performing mapping from target back to the source label 155178
Number of reverse mapping hits = 790
Checking for and removing duplicates
Writing label file ./lh.FG4.mpm.vpnl.label 2891
mri_label2label: Done


 mri_label2label --srcsubject fsaverage --srclabel /out/sourcedata/freesurfer/fsaverage/label/lh.hOc1.mpm.vpnl.label --trgsubject sub-v1s20x0050295_ses-1 --trglabel ./lh.hOc1.mpm.vpnl.label --hemi lh --regmethod surface 


srclabel = /out/sourcedata/freesurfer/fsaverage/label/lh.hOc1.mpm.vpnl.label
srcsubject = fsaverage
trgsubject = sub-v1s20x0050295_ses-1
trglabel = ./lh.hOc1.mpm.vpnl.label
regmethod = surface

srchemi = lh
trghemi = lh
trgsurface = white
srcsurfreg = sphere.reg
trgsurfreg = sphere.reg
usehash = 1
Use ProjAbs  = 0, 0
Use ProjFrac = 0, 0
DoPaint 0

SUBJECTS_DIR    /out/sourcedata/freesurfer
FREESURFER_HOME /opt/freesurfer
Loading source label.
Found 3877 points in source label.
Starting surface-based mapping
Reading source registration 
 /out/sourcedata/freesurfer/fsaverage/surf/lh.sphere.reg
Rescaling ...  original radius = 100
Reading target surface 
 /out/sourcedata/freesurfer/sub-v1s20x0050295_ses-1/surf/lh.white
Reading target registration 
 /out/sourcedata/freesurfer/sub-v1s20x0050295_ses-1/surf/lh.sphere.reg
Rescaling ...  original radius = 100
Building target registration hash (res=16).
Building source registration hash (res=16).
INFO: found  3877 nlabel points
Performing mapping from target back to the source label 155178
Number of reverse mapping hits = 1702
Checking for and removing duplicates
Writing label file ./lh.hOc1.mpm.vpnl.label 5579
mri_label2label: Done


 mri_label2label --srcsubject fsaverage --srclabel /out/sourcedata/freesurfer/fsaverage/label/lh.hOc2.mpm.vpnl.label --trgsubject sub-v1s20x0050295_ses-1 --trglabel ./lh.hOc2.mpm.vpnl.label --hemi lh --regmethod surface 


srclabel = /out/sourcedata/freesurfer/fsaverage/label/lh.hOc2.mpm.vpnl.label
srcsubject = fsaverage
trgsubject = sub-v1s20x0050295_ses-1
trglabel = ./lh.hOc2.mpm.vpnl.label
regmethod = surface

srchemi = lh
trghemi = lh
trgsurface = white
srcsurfreg = sphere.reg
trgsurfreg = sphere.reg
usehash = 1
Use ProjAbs  = 0, 0
Use ProjFrac = 0, 0
DoPaint 0

SUBJECTS_DIR    /out/sourcedata/freesurfer
FREESURFER_HOME /opt/freesurfer
Loading source label.
Found 2919 points in source label.
Starting surface-based mapping
Reading source registration 
 /out/sourcedata/freesurfer/fsaverage/surf/lh.sphere.reg
Rescaling ...  original radius = 100
Reading target surface 
 /out/sourcedata/freesurfer/sub-v1s20x0050295_ses-1/surf/lh.white
Reading target registration 
 /out/sourcedata/freesurfer/sub-v1s20x0050295_ses-1/surf/lh.sphere.reg
Rescaling ...  original radius = 100
Building target registration hash (res=16).
Building source registration hash (res=16).
INFO: found  2919 nlabel points
Performing mapping from target back to the source label 155178
Number of reverse mapping hits = 1513
Checking for and removing duplicates
Writing label file ./lh.hOc2.mpm.vpnl.label 4432
mri_label2label: Done


 mri_label2label --srcsubject fsaverage --srclabel /out/sourcedata/freesurfer/fsaverage/label/lh.hOc3v.mpm.vpnl.label --trgsubject sub-v1s20x0050295_ses-1 --trglabel ./lh.hOc3v.mpm.vpnl.label --hemi lh --regmethod surface 


srclabel = /out/sourcedata/freesurfer/fsaverage/label/lh.hOc3v.mpm.vpnl.label
srcsubject = fsaverage
trgsubject = sub-v1s20x0050295_ses-1
trglabel = ./lh.hOc3v.mpm.vpnl.label
regmethod = surface

srchemi = lh
trghemi = lh
trgsurface = white
srcsurfreg = sphere.reg
trgsurfreg = sphere.reg
usehash = 1
Use ProjAbs  = 0, 0
Use ProjFrac = 0, 0
DoPaint 0

SUBJECTS_DIR    /out/sourcedata/freesurfer
FREESURFER_HOME /opt/freesurfer
Loading source label.
Found 1286 points in source label.
Starting surface-based mapping
Reading source registration 
 /out/sourcedata/freesurfer/fsaverage/surf/lh.sphere.reg
Rescaling ...  original radius = 100
Reading target surface 
 /out/sourcedata/freesurfer/sub-v1s20x0050295_ses-1/surf/lh.white
Reading target registration 
 /out/sourcedata/freesurfer/sub-v1s20x0050295_ses-1/surf/lh.sphere.reg
Rescaling ...  original radius = 100
Building target registration hash (res=16).
Building source registration hash (res=16).
INFO: found  1286 nlabel points
Performing mapping from target back to the source label 155178
Number of reverse mapping hits = 655
Checking for and removing duplicates
Writing label file ./lh.hOc3v.mpm.vpnl.label 1941
mri_label2label: Done


 mri_label2label --srcsubject fsaverage --srclabel /out/sourcedata/freesurfer/fsaverage/label/lh.hOc4v.mpm.vpnl.label --trgsubject sub-v1s20x0050295_ses-1 --trglabel ./lh.hOc4v.mpm.vpnl.label --hemi lh --regmethod surface 


srclabel = /out/sourcedata/freesurfer/fsaverage/label/lh.hOc4v.mpm.vpnl.label
srcsubject = fsaverage
trgsubject = sub-v1s20x0050295_ses-1
trglabel = ./lh.hOc4v.mpm.vpnl.label
regmethod = surface

srchemi = lh
trghemi = lh
trgsurface = white
srcsurfreg = sphere.reg
trgsurfreg = sphere.reg
usehash = 1
Use ProjAbs  = 0, 0
Use ProjFrac = 0, 0
DoPaint 0

SUBJECTS_DIR    /out/sourcedata/freesurfer
FREESURFER_HOME /opt/freesurfer
Loading source label.
Found 1006 points in source label.
Starting surface-based mapping
Reading source registration 
 /out/sourcedata/freesurfer/fsaverage/surf/lh.sphere.reg
Rescaling ...  original radius = 100
Reading target surface 
 /out/sourcedata/freesurfer/sub-v1s20x0050295_ses-1/surf/lh.white
Reading target registration 
 /out/sourcedata/freesurfer/sub-v1s20x0050295_ses-1/surf/lh.sphere.reg
Rescaling ...  original radius = 100
Building target registration hash (res=16).
Building source registration hash (res=16).
INFO: found  1006 nlabel points
Performing mapping from target back to the source label 155178
Number of reverse mapping hits = 448
Checking for and removing duplicates
Writing label file ./lh.hOc4v.mpm.vpnl.label 1454
mri_label2label: Done


 mris_label2annot --s sub-v1s20x0050295_ses-1 --ctab /opt/freesurfer/average/colortable_vpnl.txt --hemi lh --a mpm.vpnl --maxstatwinner --noverbose --l lh.FG1.mpm.vpnl.label --l lh.FG2.mpm.vpnl.label --l lh.FG3.mpm.vpnl.label --l lh.FG4.mpm.vpnl.label --l lh.hOc1.mpm.vpnl.label --l lh.hOc2.mpm.vpnl.label --l lh.hOc3v.mpm.vpnl.label --l lh.hOc4v.mpm.vpnl.label 

Reading ctab /opt/freesurfer/average/colortable_vpnl.txt
Number of ctab entries 9

7.3.2
cwd /out/sourcedata/freesurfer/sub-v1s20x0050295_ses-1/label
cmdline mris_label2annot --s sub-v1s20x0050295_ses-1 --ctab /opt/freesurfer/average/colortable_vpnl.txt --hemi lh --a mpm.vpnl --maxstatwinner --noverbose --l lh.FG1.mpm.vpnl.label --l lh.FG2.mpm.vpnl.label --l lh.FG3.mpm.vpnl.label --l lh.FG4.mpm.vpnl.label --l lh.hOc1.mpm.vpnl.label --l lh.hOc2.mpm.vpnl.label --l lh.hOc3v.mpm.vpnl.label --l lh.hOc4v.mpm.vpnl.label 
sysname  Linux
hostname dna050
machine  x86_64
user     oesteban

subject sub-v1s20x0050295_ses-1
hemi    lh
SUBJECTS_DIR /out/sourcedata/freesurfer
ColorTable /opt/freesurfer/average/colortable_vpnl.txt
AnnotName  mpm.vpnl
nlables 8
LabelThresh 0 0.000000
Loading /out/sourcedata/freesurfer/sub-v1s20x0050295_ses-1/surf/lh.orig
 1 1376057 FG1
 2 16711935 FG2
 3 16711680 FG3
 4 1705837 FG4
 5 25600 hOc1
 6 255 hOc2
 7 16776960 hOc3v
 8 65535 hOc4v
Mapping unhit to unknown
Found 135598 unhit vertices
Writing annot to /out/sourcedata/freesurfer/sub-v1s20x0050295_ses-1/label/lh.mpm.vpnl.annot

 mri_label2label --srcsubject fsaverage --srclabel /out/sourcedata/freesurfer/fsaverage/label/lh.BA1_exvivo.thresh.label --trgsubject sub-v1s20x0050295_ses-1 --trglabel ./lh.BA1_exvivo.thresh.label --hemi lh --regmethod surface 


srclabel = /out/sourcedata/freesurfer/fsaverage/label/lh.BA1_exvivo.thresh.label
srcsubject = fsaverage
trgsubject = sub-v1s20x0050295_ses-1
trglabel = ./lh.BA1_exvivo.thresh.label
regmethod = surface

srchemi = lh
trghemi = lh
trgsurface = white
srcsurfreg = sphere.reg
trgsurfreg = sphere.reg
usehash = 1
Use ProjAbs  = 0, 0
Use ProjFrac = 0, 0
DoPaint 0

SUBJECTS_DIR    /out/sourcedata/freesurfer
FREESURFER_HOME /opt/freesurfer
Loading source label.
Found 1014 points in source label.
Starting surface-based mapping
Reading source registration 
 /out/sourcedata/freesurfer/fsaverage/surf/lh.sphere.reg
Rescaling ...  original radius = 100
Reading target surface 
 /out/sourcedata/freesurfer/sub-v1s20x0050295_ses-1/surf/lh.white
Reading target registration 
 /out/sourcedata/freesurfer/sub-v1s20x0050295_ses-1/surf/lh.sphere.reg
Rescaling ...  original radius = 100
Building target registration hash (res=16).
Building source registration hash (res=16).
INFO: found  1014 nlabel points
Performing mapping from target back to the source label 155178
Number of reverse mapping hits = 53
Checking for and removing duplicates
Writing label file ./lh.BA1_exvivo.thresh.label 1067
mri_label2label: Done


 mri_label2label --srcsubject fsaverage --srclabel /out/sourcedata/freesurfer/fsaverage/label/lh.BA2_exvivo.thresh.label --trgsubject sub-v1s20x0050295_ses-1 --trglabel ./lh.BA2_exvivo.thresh.label --hemi lh --regmethod surface 


srclabel = /out/sourcedata/freesurfer/fsaverage/label/lh.BA2_exvivo.thresh.label
srcsubject = fsaverage
trgsubject = sub-v1s20x0050295_ses-1
trglabel = ./lh.BA2_exvivo.thresh.label
regmethod = surface

srchemi = lh
trghemi = lh
trgsurface = white
srcsurfreg = sphere.reg
trgsurfreg = sphere.reg
usehash = 1
Use ProjAbs  = 0, 0
Use ProjFrac = 0, 0
DoPaint 0

SUBJECTS_DIR    /out/sourcedata/freesurfer
FREESURFER_HOME /opt/freesurfer
Loading source label.
Found 2092 points in source label.
Starting surface-based mapping
Reading source registration 
 /out/sourcedata/freesurfer/fsaverage/surf/lh.sphere.reg
Rescaling ...  original radius = 100
Reading target surface 
 /out/sourcedata/freesurfer/sub-v1s20x0050295_ses-1/surf/lh.white
Reading target registration 
 /out/sourcedata/freesurfer/sub-v1s20x0050295_ses-1/surf/lh.sphere.reg
Rescaling ...  original radius = 100
Building target registration hash (res=16).
Building source registration hash (res=16).
INFO: found  2092 nlabel points
Performing mapping from target back to the source label 155178
Number of reverse mapping hits = 148
Checking for and removing duplicates
Writing label file ./lh.BA2_exvivo.thresh.label 2240
mri_label2label: Done


 mri_label2label --srcsubject fsaverage --srclabel /out/sourcedata/freesurfer/fsaverage/label/lh.BA3a_exvivo.thresh.label --trgsubject sub-v1s20x0050295_ses-1 --trglabel ./lh.BA3a_exvivo.thresh.label --hemi lh --regmethod surface 


srclabel = /out/sourcedata/freesurfer/fsaverage/label/lh.BA3a_exvivo.thresh.label
srcsubject = fsaverage
trgsubject = sub-v1s20x0050295_ses-1
trglabel = ./lh.BA3a_exvivo.thresh.label
regmethod = surface

srchemi = lh
trghemi = lh
trgsurface = white
srcsurfreg = sphere.reg
trgsurfreg = sphere.reg
usehash = 1
Use ProjAbs  = 0, 0
Use ProjFrac = 0, 0
DoPaint 0

SUBJECTS_DIR    /out/sourcedata/freesurfer
FREESURFER_HOME /opt/freesurfer
Loading source label.
Found 1504 points in source label.
Starting surface-based mapping
Reading source registration 
 /out/sourcedata/freesurfer/fsaverage/surf/lh.sphere.reg
Rescaling ...  original radius = 100
Reading target surface 
 /out/sourcedata/freesurfer/sub-v1s20x0050295_ses-1/surf/lh.white
Reading target registration 
 /out/sourcedata/freesurfer/sub-v1s20x0050295_ses-1/surf/lh.sphere.reg
Rescaling ...  original radius = 100
Building target registration hash (res=16).
Building source registration hash (res=16).
INFO: found  1504 nlabel points
Performing mapping from target back to the source label 155178
Number of reverse mapping hits = 57
Checking for and removing duplicates
Writing label file ./lh.BA3a_exvivo.thresh.label 1561
mri_label2label: Done


 mri_label2label --srcsubject fsaverage --srclabel /out/sourcedata/freesurfer/fsaverage/label/lh.BA3b_exvivo.thresh.label --trgsubject sub-v1s20x0050295_ses-1 --trglabel ./lh.BA3b_exvivo.thresh.label --hemi lh --regmethod surface 


srclabel = /out/sourcedata/freesurfer/fsaverage/label/lh.BA3b_exvivo.thresh.label
srcsubject = fsaverage
trgsubject = sub-v1s20x0050295_ses-1
trglabel = ./lh.BA3b_exvivo.thresh.label
regmethod = surface

srchemi = lh
trghemi = lh
trgsurface = white
srcsurfreg = sphere.reg
trgsurfreg = sphere.reg
usehash = 1
Use ProjAbs  = 0, 0
Use ProjFrac = 0, 0
DoPaint 0

SUBJECTS_DIR    /out/sourcedata/freesurfer
FREESURFER_HOME /opt/freesurfer
Loading source label.
Found 1996 points in source label.
Starting surface-based mapping
Reading source registration 
 /out/sourcedata/freesurfer/fsaverage/surf/lh.sphere.reg
Rescaling ...  original radius = 100
Reading target surface 
 /out/sourcedata/freesurfer/sub-v1s20x0050295_ses-1/surf/lh.white
Reading target registration 
 /out/sourcedata/freesurfer/sub-v1s20x0050295_ses-1/surf/lh.sphere.reg
Rescaling ...  original radius = 100
Building target registration hash (res=16).
Building source registration hash (res=16).
INFO: found  1996 nlabel points
Performing mapping from target back to the source label 155178
Number of reverse mapping hits = 84
Checking for and removing duplicates
Writing label file ./lh.BA3b_exvivo.thresh.label 2080
mri_label2label: Done


 mri_label2label --srcsubject fsaverage --srclabel /out/sourcedata/freesurfer/fsaverage/label/lh.BA4a_exvivo.thresh.label --trgsubject sub-v1s20x0050295_ses-1 --trglabel ./lh.BA4a_exvivo.thresh.label --hemi lh --regmethod surface 


srclabel = /out/sourcedata/freesurfer/fsaverage/label/lh.BA4a_exvivo.thresh.label
srcsubject = fsaverage
trgsubject = sub-v1s20x0050295_ses-1
trglabel = ./lh.BA4a_exvivo.thresh.label
regmethod = surface

srchemi = lh
trghemi = lh
trgsurface = white
srcsurfreg = sphere.reg
trgsurfreg = sphere.reg
usehash = 1
Use ProjAbs  = 0, 0
Use ProjFrac = 0, 0
DoPaint 0

SUBJECTS_DIR    /out/sourcedata/freesurfer
FREESURFER_HOME /opt/freesurfer
Loading source label.
Found 2319 points in source label.
Starting surface-based mapping
Reading source registration 
 /out/sourcedata/freesurfer/fsaverage/surf/lh.sphere.reg
Rescaling ...  original radius = 100
Reading target surface 
 /out/sourcedata/freesurfer/sub-v1s20x0050295_ses-1/surf/lh.white
Reading target registration 
 /out/sourcedata/freesurfer/sub-v1s20x0050295_ses-1/surf/lh.sphere.reg
Rescaling ...  original radius = 100
Building target registration hash (res=16).
Building source registration hash (res=16).
INFO: found  2319 nlabel points
Performing mapping from target back to the source label 155178
Number of reverse mapping hits = 175
Checking for and removing duplicates
Writing label file ./lh.BA4a_exvivo.thresh.label 2494
mri_label2label: Done


 mri_label2label --srcsubject fsaverage --srclabel /out/sourcedata/freesurfer/fsaverage/label/lh.BA4p_exvivo.thresh.label --trgsubject sub-v1s20x0050295_ses-1 --trglabel ./lh.BA4p_exvivo.thresh.label --hemi lh --regmethod surface 


srclabel = /out/sourcedata/freesurfer/fsaverage/label/lh.BA4p_exvivo.thresh.label
srcsubject = fsaverage
trgsubject = sub-v1s20x0050295_ses-1
trglabel = ./lh.BA4p_exvivo.thresh.label
regmethod = surface

srchemi = lh
trghemi = lh
trgsurface = white
srcsurfreg = sphere.reg
trgsurfreg = sphere.reg
usehash = 1
Use ProjAbs  = 0, 0
Use ProjFrac = 0, 0
DoPaint 0

SUBJECTS_DIR    /out/sourcedata/freesurfer
FREESURFER_HOME /opt/freesurfer
Loading source label.
Found 1549 points in source label.
Starting surface-based mapping
Reading source registration 
 /out/sourcedata/freesurfer/fsaverage/surf/lh.sphere.reg
Rescaling ...  original radius = 100
Reading target surface 
 /out/sourcedata/freesurfer/sub-v1s20x0050295_ses-1/surf/lh.white
Reading target registration 
 /out/sourcedata/freesurfer/sub-v1s20x0050295_ses-1/surf/lh.sphere.reg
Rescaling ...  original radius = 100
Building target registration hash (res=16).
Building source registration hash (res=16).
INFO: found  1549 nlabel points
Performing mapping from target back to the source label 155178
Number of reverse mapping hits = 51
Checking for and removing duplicates
Writing label file ./lh.BA4p_exvivo.thresh.label 1600
mri_label2label: Done


 mri_label2label --srcsubject fsaverage --srclabel /out/sourcedata/freesurfer/fsaverage/label/lh.BA6_exvivo.thresh.label --trgsubject sub-v1s20x0050295_ses-1 --trglabel ./lh.BA6_exvivo.thresh.label --hemi lh --regmethod surface 


srclabel = /out/sourcedata/freesurfer/fsaverage/label/lh.BA6_exvivo.thresh.label
srcsubject = fsaverage
trgsubject = sub-v1s20x0050295_ses-1
trglabel = ./lh.BA6_exvivo.thresh.label
regmethod = surface

srchemi = lh
trghemi = lh
trgsurface = white
srcsurfreg = sphere.reg
trgsurfreg = sphere.reg
usehash = 1
Use ProjAbs  = 0, 0
Use ProjFrac = 0, 0
DoPaint 0

SUBJECTS_DIR    /out/sourcedata/freesurfer
FREESURFER_HOME /opt/freesurfer
Loading source label.
Found 7035 points in source label.
Starting surface-based mapping
Reading source registration 
 /out/sourcedata/freesurfer/fsaverage/surf/lh.sphere.reg
Rescaling ...  original radius = 100
Reading target surface 
 /out/sourcedata/freesurfer/sub-v1s20x0050295_ses-1/surf/lh.white
Reading target registration 
 /out/sourcedata/freesurfer/sub-v1s20x0050295_ses-1/surf/lh.sphere.reg
Rescaling ...  original radius = 100
Building target registration hash (res=16).
Building source registration hash (res=16).
INFO: found  7035 nlabel points
Performing mapping from target back to the source label 155178
Number of reverse mapping hits = 357
Checking for and removing duplicates
Writing label file ./lh.BA6_exvivo.thresh.label 7392
mri_label2label: Done


 mri_label2label --srcsubject fsaverage --srclabel /out/sourcedata/freesurfer/fsaverage/label/lh.BA44_exvivo.thresh.label --trgsubject sub-v1s20x0050295_ses-1 --trglabel ./lh.BA44_exvivo.thresh.label --hemi lh --regmethod surface 


srclabel = /out/sourcedata/freesurfer/fsaverage/label/lh.BA44_exvivo.thresh.label
srcsubject = fsaverage
trgsubject = sub-v1s20x0050295_ses-1
trglabel = ./lh.BA44_exvivo.thresh.label
regmethod = surface

srchemi = lh
trghemi = lh
trgsurface = white
srcsurfreg = sphere.reg
trgsurfreg = sphere.reg
usehash = 1
Use ProjAbs  = 0, 0
Use ProjFrac = 0, 0
DoPaint 0

SUBJECTS_DIR    /out/sourcedata/freesurfer
FREESURFER_HOME /opt/freesurfer
Loading source label.
Found 1912 points in source label.
Starting surface-based mapping
Reading source registration 
 /out/sourcedata/freesurfer/fsaverage/surf/lh.sphere.reg
Rescaling ...  original radius = 100
Reading target surface 
 /out/sourcedata/freesurfer/sub-v1s20x0050295_ses-1/surf/lh.white
Reading target registration 
 /out/sourcedata/freesurfer/sub-v1s20x0050295_ses-1/surf/lh.sphere.reg
Rescaling ...  original radius = 100
Building target registration hash (res=16).
Building source registration hash (res=16).
INFO: found  1912 nlabel points
Performing mapping from target back to the source label 155178
Number of reverse mapping hits = 80
Checking for and removing duplicates
Writing label file ./lh.BA44_exvivo.thresh.label 1992
mri_label2label: Done


 mri_label2label --srcsubject fsaverage --srclabel /out/sourcedata/freesurfer/fsaverage/label/lh.BA45_exvivo.thresh.label --trgsubject sub-v1s20x0050295_ses-1 --trglabel ./lh.BA45_exvivo.thresh.label --hemi lh --regmethod surface 


srclabel = /out/sourcedata/freesurfer/fsaverage/label/lh.BA45_exvivo.thresh.label
srcsubject = fsaverage
trgsubject = sub-v1s20x0050295_ses-1
trglabel = ./lh.BA45_exvivo.thresh.label
regmethod = surface

srchemi = lh
trghemi = lh
trgsurface = white
srcsurfreg = sphere.reg
trgsurfreg = sphere.reg
usehash = 1
Use ProjAbs  = 0, 0
Use ProjFrac = 0, 0
DoPaint 0

SUBJECTS_DIR    /out/sourcedata/freesurfer
FREESURFER_HOME /opt/freesurfer
Loading source label.
Found 1151 points in source label.
Starting surface-based mapping
Reading source registration 
 /out/sourcedata/freesurfer/fsaverage/surf/lh.sphere.reg
Rescaling ...  original radius = 100
Reading target surface 
 /out/sourcedata/freesurfer/sub-v1s20x0050295_ses-1/surf/lh.white
Reading target registration 
 /out/sourcedata/freesurfer/sub-v1s20x0050295_ses-1/surf/lh.sphere.reg
Rescaling ...  original radius = 100
Building target registration hash (res=16).
Building source registration hash (res=16).
INFO: found  1151 nlabel points
Performing mapping from target back to the source label 155178
Number of reverse mapping hits = 436
Checking for and removing duplicates
Writing label file ./lh.BA45_exvivo.thresh.label 1587
mri_label2label: Done


 mri_label2label --srcsubject fsaverage --srclabel /out/sourcedata/freesurfer/fsaverage/label/lh.V1_exvivo.thresh.label --trgsubject sub-v1s20x0050295_ses-1 --trglabel ./lh.V1_exvivo.thresh.label --hemi lh --regmethod surface 


srclabel = /out/sourcedata/freesurfer/fsaverage/label/lh.V1_exvivo.thresh.label
srcsubject = fsaverage
trgsubject = sub-v1s20x0050295_ses-1
trglabel = ./lh.V1_exvivo.thresh.label
regmethod = surface

srchemi = lh
trghemi = lh
trgsurface = white
srcsurfreg = sphere.reg
trgsurfreg = sphere.reg
usehash = 1
Use ProjAbs  = 0, 0
Use ProjFrac = 0, 0
DoPaint 0

SUBJECTS_DIR    /out/sourcedata/freesurfer
FREESURFER_HOME /opt/freesurfer
Loading source label.
Found 3405 points in source label.
Starting surface-based mapping
Reading source registration 
 /out/sourcedata/freesurfer/fsaverage/surf/lh.sphere.reg
Rescaling ...  original radius = 100
Reading target surface 
 /out/sourcedata/freesurfer/sub-v1s20x0050295_ses-1/surf/lh.white
Reading target registration 
 /out/sourcedata/freesurfer/sub-v1s20x0050295_ses-1/surf/lh.sphere.reg
Rescaling ...  original radius = 100
Building target registration hash (res=16).
Building source registration hash (res=16).
INFO: found  3405 nlabel points
Performing mapping from target back to the source label 155178
Number of reverse mapping hits = 1507
Checking for and removing duplicates
Writing label file ./lh.V1_exvivo.thresh.label 4912
mri_label2label: Done


 mri_label2label --srcsubject fsaverage --srclabel /out/sourcedata/freesurfer/fsaverage/label/lh.V2_exvivo.thresh.label --trgsubject sub-v1s20x0050295_ses-1 --trglabel ./lh.V2_exvivo.thresh.label --hemi lh --regmethod surface 


srclabel = /out/sourcedata/freesurfer/fsaverage/label/lh.V2_exvivo.thresh.label
srcsubject = fsaverage
trgsubject = sub-v1s20x0050295_ses-1
trglabel = ./lh.V2_exvivo.thresh.label
regmethod = surface

srchemi = lh
trghemi = lh
trgsurface = white
srcsurfreg = sphere.reg
trgsurfreg = sphere.reg
usehash = 1
Use ProjAbs  = 0, 0
Use ProjFrac = 0, 0
DoPaint 0

SUBJECTS_DIR    /out/sourcedata/freesurfer
FREESURFER_HOME /opt/freesurfer
Loading source label.
Found 3334 points in source label.
Starting surface-based mapping
Reading source registration 
 /out/sourcedata/freesurfer/fsaverage/surf/lh.sphere.reg
Rescaling ...  original radius = 100
Reading target surface 
 /out/sourcedata/freesurfer/sub-v1s20x0050295_ses-1/surf/lh.white
Reading target registration 
 /out/sourcedata/freesurfer/sub-v1s20x0050295_ses-1/surf/lh.sphere.reg
Rescaling ...  original radius = 100
Building target registration hash (res=16).
Building source registration hash (res=16).
INFO: found  3334 nlabel points
Performing mapping from target back to the source label 155178
Number of reverse mapping hits = 1665
Checking for and removing duplicates
Writing label file ./lh.V2_exvivo.thresh.label 4999
mri_label2label: Done


 mri_label2label --srcsubject fsaverage --srclabel /out/sourcedata/freesurfer/fsaverage/label/lh.MT_exvivo.thresh.label --trgsubject sub-v1s20x0050295_ses-1 --trglabel ./lh.MT_exvivo.thresh.label --hemi lh --regmethod surface 


srclabel = /out/sourcedata/freesurfer/fsaverage/label/lh.MT_exvivo.thresh.label
srcsubject = fsaverage
trgsubject = sub-v1s20x0050295_ses-1
trglabel = ./lh.MT_exvivo.thresh.label
regmethod = surface

srchemi = lh
trghemi = lh
trgsurface = white
srcsurfreg = sphere.reg
trgsurfreg = sphere.reg
usehash = 1
Use ProjAbs  = 0, 0
Use ProjFrac = 0, 0
DoPaint 0

SUBJECTS_DIR    /out/sourcedata/freesurfer
FREESURFER_HOME /opt/freesurfer
Loading source label.
Found 513 points in source label.
Starting surface-based mapping
Reading source registration 
 /out/sourcedata/freesurfer/fsaverage/surf/lh.sphere.reg
Rescaling ...  original radius = 100
Reading target surface 
 /out/sourcedata/freesurfer/sub-v1s20x0050295_ses-1/surf/lh.white
Reading target registration 
 /out/sourcedata/freesurfer/sub-v1s20x0050295_ses-1/surf/lh.sphere.reg
Rescaling ...  original radius = 100
Building target registration hash (res=16).
Building source registration hash (res=16).
INFO: found  513 nlabel points
Performing mapping from target back to the source label 155178
Number of reverse mapping hits = 188
Checking for and removing duplicates
Writing label file ./lh.MT_exvivo.thresh.label 701
mri_label2label: Done


 mri_label2label --srcsubject fsaverage --srclabel /out/sourcedata/freesurfer/fsaverage/label/lh.entorhinal_exvivo.thresh.label --trgsubject sub-v1s20x0050295_ses-1 --trglabel ./lh.entorhinal_exvivo.thresh.label --hemi lh --regmethod surface 


srclabel = /out/sourcedata/freesurfer/fsaverage/label/lh.entorhinal_exvivo.thresh.label
srcsubject = fsaverage
trgsubject = sub-v1s20x0050295_ses-1
trglabel = ./lh.entorhinal_exvivo.thresh.label
regmethod = surface

srchemi = lh
trghemi = lh
trgsurface = white
srcsurfreg = sphere.reg
trgsurfreg = sphere.reg
usehash = 1
Use ProjAbs  = 0, 0
Use ProjFrac = 0, 0
DoPaint 0

SUBJECTS_DIR    /out/sourcedata/freesurfer
FREESURFER_HOME /opt/freesurfer
Loading source label.
Found 470 points in source label.
Starting surface-based mapping
Reading source registration 
 /out/sourcedata/freesurfer/fsaverage/surf/lh.sphere.reg
Rescaling ...  original radius = 100
Reading target surface 
 /out/sourcedata/freesurfer/sub-v1s20x0050295_ses-1/surf/lh.white
Reading target registration 
 /out/sourcedata/freesurfer/sub-v1s20x0050295_ses-1/surf/lh.sphere.reg
Rescaling ...  original radius = 100
Building target registration hash (res=16).
Building source registration hash (res=16).
INFO: found  470 nlabel points
Performing mapping from target back to the source label 155178
Number of reverse mapping hits = 102
Checking for and removing duplicates
Writing label file ./lh.entorhinal_exvivo.thresh.label 572
mri_label2label: Done


 mri_label2label --srcsubject fsaverage --srclabel /out/sourcedata/freesurfer/fsaverage/label/lh.perirhinal_exvivo.thresh.label --trgsubject sub-v1s20x0050295_ses-1 --trglabel ./lh.perirhinal_exvivo.thresh.label --hemi lh --regmethod surface 


srclabel = /out/sourcedata/freesurfer/fsaverage/label/lh.perirhinal_exvivo.thresh.label
srcsubject = fsaverage
trgsubject = sub-v1s20x0050295_ses-1
trglabel = ./lh.perirhinal_exvivo.thresh.label
regmethod = surface

srchemi = lh
trghemi = lh
trgsurface = white
srcsurfreg = sphere.reg
trgsurfreg = sphere.reg
usehash = 1
Use ProjAbs  = 0, 0
Use ProjFrac = 0, 0
DoPaint 0

SUBJECTS_DIR    /out/sourcedata/freesurfer
FREESURFER_HOME /opt/freesurfer
Loading source label.
Found 450 points in source label.
Starting surface-based mapping
Reading source registration 
 /out/sourcedata/freesurfer/fsaverage/surf/lh.sphere.reg
Rescaling ...  original radius = 100
Reading target surface 
 /out/sourcedata/freesurfer/sub-v1s20x0050295_ses-1/surf/lh.white
Reading target registration 
 /out/sourcedata/freesurfer/sub-v1s20x0050295_ses-1/surf/lh.sphere.reg
Rescaling ...  original radius = 100
Building target registration hash (res=16).
Building source registration hash (res=16).
INFO: found  450 nlabel points
Performing mapping from target back to the source label 155178
Number of reverse mapping hits = 121
Checking for and removing duplicates
Writing label file ./lh.perirhinal_exvivo.thresh.label 571
mri_label2label: Done


 mris_label2annot --s sub-v1s20x0050295_ses-1 --hemi lh --ctab /opt/freesurfer/average/colortable_BA.txt --l lh.BA1_exvivo.label --l lh.BA2_exvivo.label --l lh.BA3a_exvivo.label --l lh.BA3b_exvivo.label --l lh.BA4a_exvivo.label --l lh.BA4p_exvivo.label --l lh.BA6_exvivo.label --l lh.BA44_exvivo.label --l lh.BA45_exvivo.label --l lh.V1_exvivo.label --l lh.V2_exvivo.label --l lh.MT_exvivo.label --l lh.perirhinal_exvivo.label --l lh.entorhinal_exvivo.label --a BA_exvivo --maxstatwinner --noverbose 

Reading ctab /opt/freesurfer/average/colortable_BA.txt
Number of ctab entries 15

7.3.2
cwd /out/sourcedata/freesurfer/sub-v1s20x0050295_ses-1/label
cmdline mris_label2annot --s sub-v1s20x0050295_ses-1 --hemi lh --ctab /opt/freesurfer/average/colortable_BA.txt --l lh.BA1_exvivo.label --l lh.BA2_exvivo.label --l lh.BA3a_exvivo.label --l lh.BA3b_exvivo.label --l lh.BA4a_exvivo.label --l lh.BA4p_exvivo.label --l lh.BA6_exvivo.label --l lh.BA44_exvivo.label --l lh.BA45_exvivo.label --l lh.V1_exvivo.label --l lh.V2_exvivo.label --l lh.MT_exvivo.label --l lh.perirhinal_exvivo.label --l lh.entorhinal_exvivo.label --a BA_exvivo --maxstatwinner --noverbose 
sysname  Linux
hostname dna050
machine  x86_64
user     oesteban

subject sub-v1s20x0050295_ses-1
hemi    lh
SUBJECTS_DIR /out/sourcedata/freesurfer
ColorTable /opt/freesurfer/average/colortable_BA.txt
AnnotName  BA_exvivo
nlables 14
LabelThresh 0 0.000000
Loading /out/sourcedata/freesurfer/sub-v1s20x0050295_ses-1/surf/lh.orig
 1 1530880 BA1_exvivo
 2 16749699 BA2_exvivo
 3 16711680 BA3a_exvivo
 4 3368703 BA3b_exvivo
 5 1376196 BA4a_exvivo
 6 13382655 BA4p_exvivo
 7 10036737 BA6_exvivo
 8 2490521 BA44_exvivo
 9 39283 BA45_exvivo
10 3993 V1_exvivo
11 8508928 V2_exvivo
12 10027163 MT_exvivo
13 16422433 perirhinal_exvivo
14 16392598 entorhinal_exvivo
Mapping unhit to unknown
Found 107937 unhit vertices
Writing annot to /out/sourcedata/freesurfer/sub-v1s20x0050295_ses-1/label/lh.BA_exvivo.annot

 mris_label2annot --s sub-v1s20x0050295_ses-1 --hemi lh --ctab /opt/freesurfer/average/colortable_BA.txt --l lh.BA1_exvivo.thresh.label --l lh.BA2_exvivo.thresh.label --l lh.BA3a_exvivo.thresh.label --l lh.BA3b_exvivo.thresh.label --l lh.BA4a_exvivo.thresh.label --l lh.BA4p_exvivo.thresh.label --l lh.BA6_exvivo.thresh.label --l lh.BA44_exvivo.thresh.label --l lh.BA45_exvivo.thresh.label --l lh.V1_exvivo.thresh.label --l lh.V2_exvivo.thresh.label --l lh.MT_exvivo.thresh.label --l lh.perirhinal_exvivo.thresh.label --l lh.entorhinal_exvivo.thresh.label --a BA_exvivo.thresh --maxstatwinner --noverbose 

Reading ctab /opt/freesurfer/average/colortable_BA.txt
Number of ctab entries 15

7.3.2
cwd /out/sourcedata/freesurfer/sub-v1s20x0050295_ses-1/label
cmdline mris_label2annot --s sub-v1s20x0050295_ses-1 --hemi lh --ctab /opt/freesurfer/average/colortable_BA.txt --l lh.BA1_exvivo.thresh.label --l lh.BA2_exvivo.thresh.label --l lh.BA3a_exvivo.thresh.label --l lh.BA3b_exvivo.thresh.label --l lh.BA4a_exvivo.thresh.label --l lh.BA4p_exvivo.thresh.label --l lh.BA6_exvivo.thresh.label --l lh.BA44_exvivo.thresh.label --l lh.BA45_exvivo.thresh.label --l lh.V1_exvivo.thresh.label --l lh.V2_exvivo.thresh.label --l lh.MT_exvivo.thresh.label --l lh.perirhinal_exvivo.thresh.label --l lh.entorhinal_exvivo.thresh.label --a BA_exvivo.thresh --maxstatwinner --noverbose 
sysname  Linux
hostname dna050
machine  x86_64
user     oesteban

subject sub-v1s20x0050295_ses-1
hemi    lh
SUBJECTS_DIR /out/sourcedata/freesurfer
ColorTable /opt/freesurfer/average/colortable_BA.txt
AnnotName  BA_exvivo.thresh
nlables 14
LabelThresh 0 0.000000
Loading /out/sourcedata/freesurfer/sub-v1s20x0050295_ses-1/surf/lh.orig
 1 1530880 BA1_exvivo
 2 16749699 BA2_exvivo
 3 16711680 BA3a_exvivo
 4 3368703 BA3b_exvivo
 5 1376196 BA4a_exvivo
 6 13382655 BA4p_exvivo
 7 10036737 BA6_exvivo
 8 2490521 BA44_exvivo
 9 39283 BA45_exvivo
10 3993 V1_exvivo
11 8508928 V2_exvivo
12 10027163 MT_exvivo
13 16422433 perirhinal_exvivo
14 16392598 entorhinal_exvivo
Mapping unhit to unknown
Found 127760 unhit vertices
Writing annot to /out/sourcedata/freesurfer/sub-v1s20x0050295_ses-1/label/lh.BA_exvivo.thresh.annot

 mris_anatomical_stats -th3 -mgz -noglobal -f ../stats/lh.BA_exvivo.stats -b -a ./lh.BA_exvivo.annot -c ./BA_exvivo.ctab sub-v1s20x0050295_ses-1 lh white 

computing statistics for each annotation in ./lh.BA_exvivo.annot.
reading volume /out/sourcedata/freesurfer/sub-v1s20x0050295_ses-1/mri/wm.mgz...
reading input surface /out/sourcedata/freesurfer/sub-v1s20x0050295_ses-1/surf/lh.white...
reading input pial surface /out/sourcedata/freesurfer/sub-v1s20x0050295_ses-1/surf/lh.pial...
reading input white surface /out/sourcedata/freesurfer/sub-v1s20x0050295_ses-1/surf/lh.white...
INFO: using TH3 volume calc
INFO: assuming MGZ format for volumes.
INFO: not computing global stats
Using TH3 vertex volume calc
Total face volume 317779
Total vertex volume 317568 (mask=0)
Saving annotation colortable ./BA_exvivo.ctab

table columns are:
    number of vertices
    total surface area (mm^2)
    total gray matter volume (mm^3)
    average cortical thickness +- standard deviation (mm)
    integrated rectified mean curvature
    integrated rectified Gaussian curvature
    folding index
    intrinsic curvature index
    structure name

 1192    790   2181  2.123 0.698     0.145     0.039       18     1.9  BA1_exvivo
 4822   3377   8724  2.483 0.621     0.114     0.023       39     4.7  BA2_exvivo
 1141    811   1069  1.752 0.433     0.154     0.040       13     2.2  BA3a_exvivo
 2716   1828   4315  1.957 0.863     0.109     0.022       27     2.6  BA3b_exvivo
 1874   1202   3790  2.707 0.638     0.112     0.025       15     1.9  BA4a_exvivo
 1378    935   2099  2.337 0.627     0.100     0.023        6     1.4  BA4p_exvivo
 9485   6766  25511  3.013 0.737     0.124     0.029       96    11.5  BA6_exvivo
 2284   1679   5535  2.991 0.675     0.124     0.030       23     2.9  BA44_exvivo
 3719   2715   9463  2.739 0.752     0.122     0.029       44     4.2  BA45_exvivo
 4548   3303   5779  1.675 0.501     0.141     0.036       61     7.4  V1_exvivo
 9711   7117  15504  2.039 0.610     0.150     0.035      147    14.5  V2_exvivo
 2644   1843   5547  2.576 0.636     0.122     0.024       27     2.6  MT_exvivo
  958    656   1894  2.350 0.813     0.141     0.049       23     1.8  perirhinal_exvivo
  769    494   1522  2.484 0.900     0.141     0.051       10     1.6  entorhinal_exvivo

 mris_anatomical_stats -th3 -mgz -f ../stats/lh.BA_exvivo.thresh.stats -noglobal -b -a ./lh.BA_exvivo.thresh.annot -c ./BA_exvivo.thresh.ctab sub-v1s20x0050295_ses-1 lh white 

computing statistics for each annotation in ./lh.BA_exvivo.thresh.annot.
reading volume /out/sourcedata/freesurfer/sub-v1s20x0050295_ses-1/mri/wm.mgz...
reading input surface /out/sourcedata/freesurfer/sub-v1s20x0050295_ses-1/surf/lh.white...
reading input pial surface /out/sourcedata/freesurfer/sub-v1s20x0050295_ses-1/surf/lh.pial...
reading input white surface /out/sourcedata/freesurfer/sub-v1s20x0050295_ses-1/surf/lh.white...
INFO: using TH3 volume calc
INFO: assuming MGZ format for volumes.
INFO: not computing global stats
Using TH3 vertex volume calc
Total face volume 317779
Total vertex volume 317568 (mask=0)
Saving annotation colortable ./BA_exvivo.thresh.ctab

table columns are:
    number of vertices
    total surface area (mm^2)
    total gray matter volume (mm^3)
    average cortical thickness +- standard deviation (mm)
    integrated rectified mean curvature
    integrated rectified Gaussian curvature
    folding index
    intrinsic curvature index
    structure name

  717    490   1251  1.968 0.594     0.164     0.050       11     1.6  BA1_exvivo
 1696   1145   2601  2.259 0.588     0.099     0.019       11     1.1  BA2_exvivo
  979    699    868  1.753 0.429     0.159     0.042       12     2.0  BA3a_exvivo
 1551   1036   1517  1.433 0.319     0.076     0.010        7     0.7  BA3b_exvivo
 1809   1156   3476  2.686 0.654     0.103     0.023       12     1.7  BA4a_exvivo
 1155    790   1562  2.191 0.606     0.103     0.024        5     1.2  BA4p_exvivo
 5266   3662  13373  2.948 0.701     0.120     0.029       50     5.9  BA6_exvivo
 1387   1031   3756  3.143 0.731     0.130     0.031       15     1.8  BA44_exvivo
 1525   1147   4464  2.781 0.790     0.125     0.031       21     1.8  BA45_exvivo
 4812   3520   6433  1.726 0.539     0.140     0.035       62     7.4  V1_exvivo
 4885   3620   7464  1.941 0.564     0.159     0.041       87     8.4  V2_exvivo
  690    500   1420  2.444 0.646     0.127     0.024        8     0.7  MT_exvivo
  433    292    753  2.251 0.800     0.141     0.049       12     1.0  perirhinal_exvivo
  513    334    848  2.506 0.639     0.128     0.037        6     0.7  entorhinal_exvivo

Started at Thu Mar 12 18:25:57 CET 2026 
Ended   at Thu Mar 12 18:29:48 CET 2026
#@#%# recon-all-run-time-hours 0.064
recon-all -s sub-v1s20x0050295_ses-1 finished without error at Thu Mar 12 18:29:48 CET 2026
