#!ascii label  , from subject sub-v1s20x0050368_ses-1 vox2ras=TkReg
4198
2271  16.687  -85.393  -17.429 0.8999999762
155613  15.024  -87.359  -16.870 0.8999999762
2749  14.605  -84.282  -17.786 0.8999999762
1452  16.832  -87.229  -16.556 0.8999999762
1835  16.076  -86.846  -16.946 0.8999999762
1108  15.050  -88.371  -16.112 0.8999999762
2241  7.542  -86.099  -14.766 0.5000000000
3268  15.783  -83.059  -17.461 0.8000000119
2728  9.209  -83.988  -15.175 0.6999999881
3251  13.195  -82.710  -16.071 0.8000000119
2746  17.822  -83.883  -17.590 0.8000000119
1851  18.162  -85.516  -17.446 0.8000000119
149585  17.433  -86.730  -16.796 0.8999999762
1109  14.136  -88.321  -16.230 0.8999999762
1441  16.718  -87.952  -16.118 0.8999999762
1442  16.009  -88.440  -15.828 0.8999999762
358  18.441  -91.488  -16.375 0.6999999881
541  17.669  -90.202  -14.258 0.8000000119
788  16.053  -89.682  -14.392 0.8999999762
221  16.905  -92.370  -13.328 0.6999999881
151  17.307  -94.116  -14.443 0.8000000119
3804  16.248  -82.436  -15.961 0.8000000119
3805  15.482  -82.665  -16.131 0.8000000119
3817  14.831  -82.734  -16.615 0.8000000119
152546  13.901  -82.751  -16.800 0.8000000119
3253  10.072  -82.840  -16.524 0.6999999881
3825  17.948  -82.230  -17.330 0.6999999881
3818  13.030  -82.761  -17.142 0.8000000119
139807  19.553  -83.307  -17.836 0.8000000119
3265  18.597  -82.875  -17.636 0.6999999881
3266  17.444  -82.888  -17.498 0.8000000119
135477  15.676  -84.594  -17.680 0.8999999762
3270  12.195  -83.370  -17.670 0.8000000119
2745  19.070  -83.997  -17.951 0.8000000119
2273  13.944  -85.500  -17.608 0.8999999762
1833  18.076  -86.543  -16.991 0.8000000119
802  15.485  -89.386  -14.890 0.8999999762
583  19.247  -89.839  -18.060 0.6999999881
141223  18.661  -87.757  -17.649 0.6999999881
1097  16.288  -89.064  -15.043 0.8999999762
554  18.281  -90.711  -15.699 0.8000000119
786  17.680  -89.417  -14.876 0.8999999762
149  16.355  -94.133  -13.121 0.6999999881
1799  7.371  -87.048  -13.677 0.6000000238
2229  8.716  -85.814  -13.656 0.8999999762
3219  17.433  -82.316  -14.210 0.8000000119
2700  10.243  -84.805  -13.819 1.0000000000
4350  18.489  -81.608  -14.957 0.8000000119
2209  20.264  -85.217  -12.670 0.5000000000
3812  19.125  -81.874  -16.906 0.6999999881
3826  17.025  -82.451  -17.174 0.8000000119
3224  10.946  -83.347  -14.780 0.8000000119
1780  20.426  -86.032  -13.128 0.5000000000
157785  13.757  -83.053  -17.443 0.8999999762
152611  10.653  -82.606  -17.050 0.8000000119
2247  20.909  -85.042  -15.704 0.6000000238
2750  13.689  -84.371  -17.763 0.8999999762
2274  12.957  -85.182  -17.591 0.8999999762
1124  21.404  -88.349  -18.462 0.6000000238
1454  13.840  -87.690  -16.722 0.8999999762
816  22.792  -89.298  -17.696 0.5000000000
822  21.695  -89.196  -18.118 0.6000000238
371  19.501  -91.596  -17.334 0.6999999881
1088  17.122  -89.036  -15.004 0.8999999762
803  14.718  -89.402  -15.064 0.8999999762
571  20.334  -90.994  -17.652 0.6000000238
144025  18.375  -89.846  -16.101 0.8000000119
789  15.107  -89.813  -14.461 0.8000000119
529  15.145  -90.738  -13.153 0.8000000119
354  18.181  -91.630  -15.232 0.8000000119
131855  21.355  -92.735  -17.426 0.4000000060
231  18.448  -92.562  -16.039 0.8000000119
147222  16.784  -94.240  -13.813 0.8000000119
4205  3.874  -80.871  -0.015 0.6999999881
4814  3.603  -79.984  0.532 0.6999999881
4217  4.025  -80.960  -1.064 0.8000000119
147031  3.573  -80.491  -1.562 0.8000000119
5465  3.120  -79.523  -3.184 0.8000000119
4243  5.325  -80.981  -2.796 0.8000000119
4834  3.653  -80.605  -2.461 0.8000000119
4844  5.755  -80.814  -3.717 0.8000000119
4846  3.670  -80.832  -3.298 0.8000000119
144676  3.238  -81.178  -4.819 0.8000000119
1396  6.074  -87.283  -10.343 0.8999999762
3182  17.198  -83.524  -11.666 0.6000000238
2701  9.726  -85.484  -13.513 0.8999999762
3233  16.283  -82.773  -14.990 0.8999999762
2699  10.977  -84.662  -13.837 1.0000000000
2717  10.525  -84.074  -14.245 0.8000000119
3802  19.782  -82.246  -15.544 0.8000000119
150551  13.970  -83.728  -14.832 0.8000000119
2716  11.401  -84.022  -14.154 0.8000000119
3249  19.721  -82.257  -16.581 0.6999999881
3829  14.496  -82.983  -17.430 0.8000000119
3263  20.255  -83.421  -17.618 0.6999999881
1855  12.279  -85.967  -17.373 0.8000000119
1123  22.184  -88.530  -17.956 0.6000000238
2284  19.360  -85.417  -18.408 0.6999999881
1838  12.642  -86.868  -17.148 0.8000000119
1096  17.520  -88.124  -15.968 0.8999999762
791  13.182  -89.880  -14.602 0.6999999881
790  14.179  -89.869  -14.563 0.8000000119
132612  22.447  -91.046  -17.696 0.5000000000
817  22.053  -90.105  -17.844 0.5000000000
581  20.999  -90.079  -17.989 0.6999999881
372  18.768  -91.011  -17.181 0.6999999881
149667  18.445  -90.668  -16.560 0.8000000119
343  15.607  -91.486  -12.737 0.6999999881
156549  17.946  -91.980  -14.573 0.8999999762
165  19.970  -94.164  -17.067 0.5000000000
159  19.566  -94.032  -16.585 0.5000000000
142  15.864  -94.176  -12.547 0.6999999881
4798  4.549  -80.496  1.865 0.6000000238
4216  4.861  -81.485  -0.595 0.6999999881
4229  5.947  -81.421  -2.217 0.8000000119
4230  4.939  -81.111  -1.727 0.8000000119
4242  6.295  -81.040  -3.164 0.8000000119
4843  6.695  -80.781  -4.029 0.8000000119
4845  4.594  -81.001  -3.472 0.8000000119
4847  3.272  -80.269  -3.042 0.8000000119
4271  6.495  -81.191  -5.428 0.8000000119
4272  5.402  -81.428  -4.974 0.8000000119
3691  3.728  -81.614  -4.724 0.8000000119
1429  7.180  -87.365  -13.139 0.8999999762
1809  7.834  -86.321  -14.021 0.6999999881
2187  18.292  -85.119  -10.334 0.6000000238
133783  17.856  -82.656  -12.714 0.8000000119
2240  8.333  -85.508  -14.379 0.8000000119
3780  19.175  -82.034  -13.184 0.6000000238
3225  10.045  -83.596  -14.914 0.8000000119
3254  9.415  -83.044  -17.157 0.6999999881
3235  15.029  -82.999  -15.552 0.6999999881
155276  20.158  -82.724  -15.395 0.6999999881
3803  17.146  -82.003  -16.030 0.8000000119
3238  11.509  -82.730  -15.628 0.8999999762
3231  20.451  -83.342  -15.437 0.6999999881
3827  16.132  -82.690  -17.161 0.8000000119
3830  12.109  -82.741  -17.256 0.8000000119
3819  11.636  -82.526  -16.582 0.8000000119
146033  21.042  -84.331  -16.773 0.6999999881
2751  12.661  -84.172  -17.775 0.8000000119
137856  20.567  -86.051  -14.035 0.5000000000
2743  20.704  -84.205  -18.063 0.6999999881
2275  11.893  -84.942  -17.688 0.8000000119
797  24.086  -89.074  -16.294 0.3000000119
1820  21.141  -86.025  -16.024 0.5000000000
1455  12.959  -87.615  -16.794 0.8000000119
1868  20.439  -86.170  -18.711 0.6999999881
1869  19.533  -86.139  -18.571 0.6999999881
144780  20.038  -87.797  -18.874 0.6000000238
1125  20.370  -88.520  -18.708 0.6000000238
1119  18.651  -88.762  -17.594 0.6999999881
1095  18.086  -88.515  -15.853 0.8999999762
530  14.035  -90.761  -13.165 0.6000000238
133547  22.991  -92.399  -17.828 0.4000000060
237  19.245  -93.444  -16.412 0.6000000238
247  23.973  -92.895  -18.873 0.4000000060
169  21.705  -94.120  -18.555 0.4000000060
242  20.715  -93.295  -17.251 0.4000000060
155  17.927  -93.899  -15.043 0.8000000119
85  17.781  -94.534  -15.725 0.8000000119
4260  7.597  -80.952  -4.338 0.8000000119
3121  11.322  -83.054  -6.333 0.5000000000
3129  11.940  -82.847  -7.817 0.5000000000
155516  11.181  -81.626  -6.918 0.5000000000
4261  4.389  -81.597  -4.696 0.8000000119
2634  13.066  -84.314  -8.440 0.5000000000
3724  11.593  -81.957  -8.136 0.5000000000
3701  4.761  -82.255  -5.215 0.8000000119
3128  12.465  -83.446  -8.383 0.5000000000
3135  12.279  -82.732  -9.230 0.5000000000
2165  14.378  -85.571  -8.394 0.5000000000
2633  13.772  -84.123  -8.834 0.5000000000
3134  13.017  -83.452  -9.240 0.5000000000
1428  7.840  -87.451  -12.935 0.8999999762
2646  16.957  -84.432  -9.521 0.5000000000
3771  18.511  -82.398  -12.661 0.6000000238
3208  17.342  -83.082  -13.426 0.8000000119
3220  16.812  -83.011  -14.339 0.8999999762
1795  11.738  -86.551  -13.348 1.0000000000
2727  14.838  -83.910  -14.828 0.8999999762
2714  13.292  -84.234  -14.467 0.8999999762
3236  13.285  -83.235  -15.114 0.8999999762
147728  10.853  -83.110  -18.071 0.6999999881
141150  20.333  -86.891  -12.820 0.5000000000
2285  11.235  -84.384  -18.095 0.6999999881
133956  11.223  -85.889  -17.512 0.8000000119
1093  21.835  -88.319  -15.706 0.4000000060
2736  21.147  -84.599  -17.674 0.6999999881
2256  21.362  -85.438  -17.771 0.6000000238
1463  21.930  -87.147  -17.787 0.5000000000
1118  22.186  -87.871  -18.010 0.5000000000
1832  21.530  -86.065  -17.048 0.5000000000
1127  19.307  -87.739  -18.520 0.6999999881
139401  21.474  -87.363  -18.420 0.6000000238
136017  21.494  -93.718  -17.792 0.4000000060
572  19.380  -90.614  -17.714 0.6999999881
155091  20.297  -94.543  -18.729 0.5000000000
4736  8.425  -80.242  4.740 0.4000000060
4167  5.784  -81.446  3.377 0.4000000060
133042  8.778  -79.898  4.066 0.4000000060
4215  5.754  -81.790  -1.294 0.6000000238
3678  8.796  -82.293  -3.514 0.4000000060
3699  10.541  -81.997  -5.391 0.6000000238
4892  10.065  -80.851  -6.291 0.6000000238
1784  5.727  -86.540  -12.479 0.8000000119
1748  12.931  -86.340  -7.709 0.4000000060
1437  6.509  -86.700  -14.147 0.6000000238
1753  16.108  -86.262  -8.932 0.4000000060
1760  17.842  -86.058  -10.065 0.4000000060
147343  18.242  -84.087  -10.497 0.6000000238
1427  8.828  -87.235  -12.775 0.8999999762
3180  18.364  -83.514  -11.144 0.6000000238
146430  18.078  -82.799  -12.132 0.6000000238
2228  10.185  -86.292  -13.110 0.8999999762
3193  19.246  -82.801  -12.364 0.6000000238
2222  16.341  -85.432  -13.862 0.8999999762
1796  11.096  -87.058  -12.998 1.0000000000
157436  15.075  -85.008  -14.536 0.8999999762
2225  13.292  -86.227  -13.971 0.8999999762
2237  12.794  -85.094  -14.057 0.8999999762
2224  14.413  -86.565  -13.892 0.8999999762
1839  11.690  -86.728  -17.092 0.8000000119
1094  21.045  -88.151  -15.212 0.5000000000
1449  21.439  -86.860  -16.290 0.5000000000
553  23.661  -89.643  -15.308 0.3000000119
784  21.706  -89.581  -14.965 0.4000000060
173  22.740  -93.502  -19.206 0.4000000060
111  19.406  -94.402  -20.697 0.6000000238
194  18.022  -94.285  -23.750 0.6000000238
905  15.977  -89.718  -26.522 0.4000000060
659  16.747  -90.534  -27.513 0.5000000000
4737  7.644  -80.859  4.876 0.3000000119
5454  3.134  -79.431  -2.190 0.8000000119
3113  11.039  -83.822  -5.756 0.4000000060
3122  10.881  -82.879  -5.574 0.4000000060
4258  9.630  -81.484  -4.951 0.6999999881
134085  11.391  -84.048  -6.471 0.5000000000
4835  3.317  -80.187  -2.111 0.8000000119
2687  4.577  -84.454  -12.672 0.6000000238
2619  11.499  -84.889  -6.729 0.4000000060
1785  5.239  -85.840  -12.992 0.6999999881
2204  5.275  -85.554  -11.827 0.8000000119
2156  11.773  -85.612  -7.010 0.4000000060
2213  5.318  -86.021  -12.111 0.8000000119
157614  5.832  -85.688  -10.770 0.8000000119
134463  6.181  -87.246  -12.081 0.8000000119
150974  6.258  -87.240  -9.573 1.0000000000
2167  13.027  -85.250  -7.962 0.5000000000
1079  7.539  -88.239  -12.014 0.8999999762
1073  7.325  -88.329  -11.514 0.8999999762
1080  7.143  -88.015  -12.109 0.8999999762
1375  13.935  -87.651  -8.415 0.4000000060
1430  6.786  -87.088  -13.348 0.8000000119
145867  16.285  -84.386  -9.271 0.5000000000
1416  8.460  -87.995  -12.402 1.0000000000
489  14.044  -91.094  -9.227 0.4000000060
135328  9.998  -88.165  -12.365 1.0000000000
3195  17.483  -83.284  -12.388 0.6000000238
2711  16.699  -84.709  -13.904 0.8999999762
1414  10.845  -88.106  -12.550 0.8999999762
2698  17.138  -84.243  -13.261 0.8000000119
137196  15.420  -86.512  -13.648 0.8999999762
1412  13.046  -88.380  -12.406 0.8999999762
1413  11.872  -88.230  -12.583 1.0000000000
1425  13.181  -87.735  -13.048 0.8999999762
1426  12.276  -87.516  -13.058 0.8999999762
538  23.903  -90.577  -14.705 0.3000000119
539  22.729  -90.623  -14.560 0.4000000060
1087  20.715  -88.865  -14.504 0.4000000060
349  23.266  -91.226  -14.068 0.3000000119
328  23.716  -91.378  -12.898 0.3000000119
273  18.795  -93.210  -24.544 0.4000000060
179  20.517  -94.086  -20.598 0.4000000060
183  20.292  -94.041  -21.547 0.5000000000
132897  18.141  -94.612  -22.758 0.6000000238
151161  18.792  -94.539  -22.222 0.6000000238
1183  16.918  -88.778  -25.310 0.4000000060
1202  17.066  -88.646  -26.149 0.4000000060
433  17.264  -91.501  -27.662 0.5000000000
5364  7.757  -79.297  5.893 0.3000000119
3599  6.059  -82.068  3.911 0.3000000119
4728  8.115  -80.317  5.437 0.3000000119
4153  7.512  -80.864  3.919 0.4000000060
4749  8.544  -80.444  3.273 0.4000000060
3646  5.096  -81.920  -0.019 0.6000000238
4766  4.944  -80.716  2.548 0.4000000060
4797  5.608  -80.193  1.492 0.6000000238
5414  4.576  -79.769  1.182 0.6999999881
3753  4.447  -82.171  -10.425 1.0000000000
3752  5.897  -82.269  -10.199 0.8999999762
3688  10.115  -82.141  -4.729 0.4000000060
4228  6.817  -81.759  -2.662 0.8000000119
5445  3.270  -78.696  -0.716 0.8000000119
3139  3.471  -83.268  -8.606 0.8999999762
3187  5.698  -84.485  -11.778 0.8000000119
147472  8.321  -81.132  -4.579 0.8000000119
4895  3.566  -80.225  -6.143 0.8000000119
3741  5.070  -83.069  -9.732 1.0000000000
2611  11.130  -84.851  -5.867 0.3000000119
140099  2.997  -80.407  -4.712 0.8000000119
3157  3.855  -83.301  -9.296 1.0000000000
2664  6.152  -85.067  -10.421 1.0000000000
4259  8.839  -81.013  -5.100 0.6999999881
4883  7.470  -80.808  -5.538 0.8000000119
4273  3.248  -81.520  -5.540 0.8000000119
155928  3.270  -80.028  -5.370 0.8000000119
3132  3.532  -83.271  -7.815 0.8999999762
2180  5.368  -85.531  -8.875 1.0000000000
2191  5.786  -86.126  -10.302 1.0000000000
2626  12.048  -83.867  -7.581 0.5000000000
4862  7.988  -80.841  -5.060 0.8000000119
3692  3.651  -81.829  -5.200 0.8000000119
2630  3.955  -83.958  -7.538 0.8999999762
2637  3.753  -83.794  -8.183 0.8999999762
4278  10.700  -81.143  -6.828 0.6000000238
3700  5.821  -82.067  -5.415 0.8000000119
2179  5.779  -86.181  -9.341 1.0000000000
1040  13.434  -88.546  -8.456 0.4000000060
4294  10.988  -81.424  -8.449 0.6000000238
4279  8.265  -81.270  -6.574 0.8000000119
158571  7.050  -82.469  -6.137 0.8000000119
3703  3.661  -82.181  -5.694 0.8000000119
3725  10.239  -81.882  -9.129 0.6999999881
3116  6.045  -84.070  -5.350 0.8000000119
1395  6.614  -87.753  -10.267 0.8999999762
3167  13.716  -83.481  -10.689 0.5000000000
1072  7.993  -88.735  -11.570 1.0000000000
1060  7.811  -88.748  -10.922 1.0000000000
1374  14.769  -87.887  -8.838 0.4000000060
3150  13.793  -83.575  -9.632 0.5000000000
753  9.301  -88.859  -9.489 0.8999999762
1071  8.893  -88.963  -11.544 1.0000000000
3183  15.901  -83.722  -11.231 0.5000000000
1046  15.489  -88.958  -9.835 0.4000000060
1382  16.549  -87.203  -9.527 0.4000000060
151301  17.043  -86.106  -9.491 0.4000000060
2672  16.537  -84.020  -11.844 0.6000000238
771  10.451  -89.361  -10.824 0.8999999762
143076  11.449  -88.742  -12.201 0.8999999762
2686  16.521  -85.181  -12.416 0.8000000119
2212  16.316  -86.172  -12.605 0.8000000119
1404  12.991  -88.347  -11.242 0.8999999762
1075  12.285  -88.888  -11.857 0.8999999762
1792  15.851  -86.856  -12.717 0.8999999762
1424  13.858  -88.121  -12.587 0.8999999762
1423  15.105  -87.335  -12.997 0.8999999762
518  23.701  -91.189  -12.065 0.3000000119
511  23.505  -91.060  -11.229 0.3000000119
1194  22.258  -88.963  -25.508 0.6000000238
263  21.436  -92.542  -22.258 0.4000000060
1196  17.540  -88.278  -25.480 0.4000000060
200  21.092  -93.927  -24.804 0.6000000238
124  20.337  -94.232  -23.255 0.6000000238
636  17.795  -90.374  -24.120 0.5000000000
191  20.589  -94.218  -24.128 0.6000000238
1207  18.116  -88.550  -27.077 0.5000000000
1182  17.606  -88.713  -24.700 0.4000000060
908  19.058  -89.733  -27.622 0.6000000238
909  18.079  -89.443  -27.435 0.6000000238
657  18.571  -90.521  -27.622 0.6000000238
432  18.186  -91.522  -27.715 0.6000000238
297  18.878  -93.334  -28.851 0.6000000238
141482  17.174  -92.903  -30.214 0.5000000000
314  19.062  -93.061  -30.060 0.6000000238
457  18.673  -92.225  -30.268 0.5000000000
3612  5.424  -81.929  2.915 0.3000000119
4748  9.010  -80.203  2.456 0.4000000060
4337  7.271  -81.730  -12.537 0.6000000238
4813  5.865  -79.714  0.480 0.6999999881
6058  4.220  -78.408  0.015 0.6999999881
3171  7.285  -82.622  -11.144 0.8999999762
3186  6.951  -83.449  -11.301 0.8000000119
4304  3.024  -81.939  -9.792 1.0000000000
3197  5.684  -83.579  -12.190 0.6000000238
2677  6.460  -84.372  -11.147 0.8000000119
3172  6.986  -83.262  -10.546 0.8999999762
3155  5.950  -83.847  -9.594 1.0000000000
4281  3.360  -81.887  -6.735 0.8000000119
3138  3.960  -83.949  -8.665 1.0000000000
2652  5.723  -84.834  -9.389 1.0000000000
4881  9.417  -80.742  -6.458 0.6999999881
140729  3.309  -81.857  -6.038 0.8000000119
2170  4.786  -85.319  -8.050 0.8999999762
157435  4.526  -83.444  -6.157 0.8000000119
2169  5.508  -86.023  -8.461 1.0000000000
137535  11.961  -87.071  -6.851 0.4000000060
2155  12.342  -85.488  -7.510 0.4000000060
3718  9.426  -81.573  -8.008 0.8000000119
142821  4.966  -83.229  -5.514 0.8000000119
2152  5.018  -84.720  -6.551 0.8999999762
2629  4.484  -84.684  -7.408 0.8999999762
1387  6.816  -87.589  -9.236 1.0000000000
151710  13.205  -89.705  -8.960 0.4000000060
1747  13.734  -86.677  -8.094 0.4000000060
3726  9.686  -82.018  -8.721 0.8000000119
3115  6.728  -83.932  -5.622 0.8000000119
1053  7.926  -88.314  -9.148 0.8999999762
1039  13.940  -88.858  -8.931 0.4000000060
2628  8.566  -84.349  -7.269 0.8000000119
155684  15.134  -88.422  -9.323 0.4000000060
1051  9.345  -88.419  -8.838 0.8999999762
752  9.924  -89.181  -10.170 0.8999999762
772  9.503  -89.258  -10.893 1.0000000000
2673  15.821  -84.711  -11.803 0.6999999881
1394  11.700  -88.251  -10.425 0.8999999762
1068  11.842  -89.228  -11.153 0.8999999762
1771  15.835  -86.735  -12.085 0.8999999762
1067  12.520  -88.770  -11.342 0.8999999762
1772  15.135  -87.073  -11.696 0.8999999762
153933  14.660  -87.890  -11.770 0.8999999762
627  24.776  -91.157  -24.109 0.4000000060
408  22.430  -91.806  -23.189 0.4000000060
426  21.334  -92.920  -25.367 0.6999999881
147037  21.222  -93.316  -22.936 0.6000000238
143952  20.170  -91.080  -25.059 0.6000000238
142353  18.716  -90.156  -24.272 0.6000000238
1205  19.964  -87.746  -27.614 0.4000000060
147129  21.025  -88.375  -28.204 0.5000000000
1215  19.670  -89.021  -27.753 0.4000000060
917  19.842  -90.193  -27.892 0.6000000238
666  19.795  -91.341  -28.171 0.6000000238
441  19.450  -92.442  -28.517 0.6000000238
12576  4.158  -69.697  -35.240 0.6999999881
12594  3.535  -69.845  -36.020 0.6000000238
671  22.503  -92.034  -29.653 0.6000000238
305  20.458  -92.910  -29.648 0.6000000238
677  19.228  -91.025  -30.546 0.6999999881
453  22.628  -92.199  -30.470 0.6000000238
930  18.402  -90.402  -30.773 0.5000000000
940  17.341  -89.755  -31.280 0.5000000000
4796  7.846  -80.536  0.781 0.5000000000
4812  7.003  -80.254  0.494 0.6000000238
3636  4.643  -81.937  0.806 0.5000000000
5428  6.000  -79.281  -0.336 0.6999999881
5444  5.342  -78.576  -0.440 0.6999999881
6081  3.553  -77.911  -0.867 0.8000000119
6092  3.254  -78.305  -1.639 0.8000000119
136660  3.233  -78.987  -3.795 0.8000000119
4303  3.505  -81.930  -10.348 1.0000000000
5501  4.205  -79.150  -5.916 0.8000000119
3156  4.772  -84.011  -9.157 1.0000000000
2159  5.410  -85.932  -7.682 0.8999999762
2616  5.054  -84.211  -6.175 0.8000000119
3719  8.752  -82.087  -7.504 0.8000000119
2614  6.041  -84.693  -5.356 0.8000000119
139560  5.609  -85.856  -7.031 0.8999999762
3723  11.519  -82.067  -9.114 0.6000000238
2613  6.535  -84.778  -5.416 0.8000000119
2150  6.884  -85.775  -6.129 0.8000000119
1043  7.700  -87.880  -8.392 0.8999999762
742  13.242  -90.838  -9.163 0.3000000119
3748  12.300  -82.987  -10.427 0.5000000000
3152  10.432  -83.382  -10.149 0.8000000119
2627  9.074  -83.643  -8.081 0.8000000119
1042  8.251  -88.133  -8.484 0.8999999762
1048  13.703  -90.012  -9.477 0.4000000060
152978  14.430  -83.609  -10.954 0.5000000000
3130  9.168  -82.551  -8.109 0.8000000119
134575  9.101  -84.843  -8.076 0.8000000119
1386  9.920  -88.012  -8.956 0.8999999762
762  15.762  -89.844  -10.249 0.4000000060
2675  13.899  -84.659  -11.438 0.6999999881
2674  14.792  -84.737  -11.524 0.6000000238
1384  11.003  -87.561  -10.022 0.8999999762
1393  12.506  -87.898  -10.779 0.8999999762
2201  14.444  -85.989  -11.419 0.8999999762
1774  13.481  -86.372  -11.167 0.8999999762
1392  13.352  -87.580  -11.097 0.8999999762
646  22.679  -91.247  -25.639 0.6000000238
280  22.814  -92.958  -25.127 0.5000000000
136632  22.859  -92.573  -23.933 0.5000000000
134459  21.055  -91.705  -25.376 0.6000000238
1551  18.613  -87.535  -25.380 0.5000000000
150610  19.895  -89.404  -24.696 0.4000000060
1181  18.537  -88.542  -24.600 0.4000000060
887  18.238  -89.295  -24.357 0.4000000060
1552  18.072  -87.861  -25.639 0.5000000000
1213  21.786  -88.676  -28.438 0.5000000000
146879  19.347  -88.178  -27.483 0.4000000060
11785  3.992  -70.978  -37.222 0.5000000000
923  23.035  -90.276  -29.299 0.6000000238
915  21.749  -89.849  -28.663 0.5000000000
670  23.177  -91.373  -29.724 0.6000000238
452  23.419  -91.773  -30.827 0.6000000238
676  20.360  -91.412  -30.736 0.6999999881
456  19.706  -92.383  -30.290 0.6999999881
689  19.961  -90.586  -31.554 0.5000000000
956  18.147  -90.044  -32.109 0.5000000000
698  18.204  -90.358  -33.444 0.6000000238
4925  6.225  -80.788  -10.904 0.8999999762
5443  6.640  -78.941  -1.214 0.6999999881
4313  7.284  -81.699  -10.981 0.8999999762
4314  6.541  -81.557  -10.609 1.0000000000
136645  3.488  -77.534  -2.516 0.8000000119
5507  4.029  -79.627  -6.778 0.8999999762
4910  3.179  -80.829  -8.856 1.0000000000
142223  3.587  -77.945  -3.553 0.8000000119
1725  6.442  -85.471  -6.071 0.8999999762
3124  7.335  -83.174  -6.243 0.8000000119
1734  6.753  -86.036  -6.459 0.8999999762
138752  8.150  -82.683  -6.883 0.8000000119
2148  7.816  -85.817  -6.374 0.8000000119
1368  7.656  -87.236  -7.461 0.8999999762
1369  7.150  -87.127  -7.564 0.8999999762
2158  8.521  -85.553  -7.054 0.8000000119
1732  7.643  -86.596  -6.491 0.8999999762
3170  11.219  -83.276  -10.606 0.6999999881
3168  12.854  -83.519  -11.034 0.6000000238
143914  9.573  -84.705  -8.914 0.8000000119
1377  9.282  -87.738  -8.219 0.8999999762
1367  8.533  -87.579  -7.674 0.8999999762
2660  12.232  -84.026  -11.211 0.6999999881
1385  10.493  -88.092  -9.547 0.8999999762
1761  12.573  -86.690  -10.868 0.8999999762
1762  11.743  -87.089  -10.447 0.8999999762
8451  11.551  -74.511  -36.095 0.6000000238
7737  12.590  -75.991  -35.715 0.6999999881
7756  14.289  -75.798  -37.353 0.5000000000
7758  12.713  -75.568  -36.869 0.5000000000
9223  10.459  -73.867  -36.107 0.6000000238
142401  13.976  -76.521  -35.134 0.6000000238
8452  9.389  -74.120  -36.109 0.6000000238
7740  8.055  -75.275  -36.072 0.6000000238
1180  19.508  -88.410  -24.641 0.6000000238
425  22.199  -92.452  -25.447 0.6000000238
8454  7.264  -74.460  -36.385 0.6000000238
9242  6.259  -72.998  -37.669 0.6000000238
10108  5.290  -72.619  -37.639 0.6000000238
1580  21.302  -87.768  -28.174 0.5000000000
10977  5.356  -72.096  -36.996 0.6999999881
138050  3.585  -70.384  -36.540 0.5000000000
920  25.707  -89.783  -30.027 0.4000000060
154010  19.780  -84.225  -31.734 0.5000000000
133850  18.649  -84.443  -31.780 0.6000000238
674  25.682  -90.841  -31.300 0.5000000000
922  23.868  -90.499  -29.695 0.6000000238
463  23.908  -91.456  -31.405 0.5000000000
3443  19.045  -83.093  -34.444 0.6999999881
684  25.078  -90.838  -32.064 0.5000000000
445  23.747  -91.531  -30.317 0.6000000238
687  22.326  -91.143  -31.690 0.5000000000
2899  18.897  -85.222  -31.439 0.5000000000
3434  18.558  -83.875  -33.885 0.6999999881
2926  18.390  -84.733  -34.780 0.6999999881
695  21.242  -90.291  -32.367 0.5000000000
131620  18.100  -86.526  -35.043 0.6999999881
696  20.436  -90.262  -32.780 0.5000000000
697  18.980  -90.347  -32.994 0.6000000238
964  18.931  -90.212  -34.957 0.6999999881
6006  8.144  -78.349  3.908 0.3000000119
7307  6.399  -76.323  2.869 0.3000000119
147040  5.250  -81.362  -10.678 0.8999999762
4315  3.895  -81.394  -10.648 1.0000000000
152168  7.441  -80.910  -11.613 0.8000000119
7368  3.782  -76.692  -2.487 0.8000000119
134879  3.660  -80.340  -8.112 0.8999999762
4316  3.143  -81.308  -10.188 1.0000000000
6769  3.760  -77.407  -4.542 0.8000000119
6138  4.178  -78.768  -6.894 0.8999999762
1741  8.294  -86.803  -7.011 0.8999999762
2650  9.874  -84.086  -9.530 0.8000000119
2168  9.496  -85.619  -8.595 0.8000000119
2662  10.901  -84.209  -10.589 0.8000000119
143606  10.343  -85.937  -9.622 0.8999999762
2661  11.637  -84.641  -10.949 0.8000000119
152980  11.110  -85.173  -10.516 0.8000000119
1763  10.921  -86.230  -10.159 0.8999999762
136842  11.849  -75.341  -35.102 0.6000000238
7699  12.086  -75.866  -33.892 0.5000000000
7736  13.497  -76.050  -36.313 0.6000000238
7063  8.101  -76.148  -35.361 0.6000000238
7060  15.766  -76.524  -35.992 0.5000000000
146835  7.828  -76.006  -35.506 0.6999999881
4528  22.712  -81.941  -30.970 0.6000000238
9225  6.363  -73.519  -36.001 0.6000000238
143588  21.971  -82.841  -31.684 0.5000000000
3971  22.026  -82.335  -31.257 0.6000000238
4538  20.834  -81.386  -31.715 0.6000000238
6415  19.011  -77.858  -36.628 0.6000000238
10093  5.937  -72.662  -36.607 0.6000000238
4580  20.748  -80.671  -37.315 0.5000000000
156788  20.784  -83.235  -31.859 0.5000000000
3987  20.348  -81.766  -32.165 0.6999999881
4544  20.441  -81.262  -33.194 0.6999999881
4571  21.012  -80.738  -36.494 0.6000000238
10978  4.950  -71.330  -36.649 0.6999999881
11773  4.148  -70.725  -36.818 0.6999999881
3433  18.878  -83.185  -33.005 0.6999999881
137973  19.457  -83.111  -35.956 0.6999999881
3451  19.728  -83.110  -37.261 0.6000000238
4017  19.733  -82.956  -38.017 0.5000000000
4581  20.349  -80.995  -37.868 0.4000000060
464  23.382  -91.261  -31.702 0.5000000000
3444  18.854  -83.890  -35.375 0.6999999881
2931  18.917  -84.844  -36.269 0.6000000238
3452  19.360  -83.992  -36.822 0.6000000238
3466  19.385  -83.852  -38.149 0.5000000000
2422  19.568  -85.874  -31.523 0.5000000000
2447  17.812  -86.405  -33.537 0.6999999881
948  26.289  -89.567  -34.030 0.5000000000
691  25.081  -90.335  -33.283 0.5000000000
950  24.497  -89.952  -33.745 0.5000000000
2014  17.998  -86.744  -32.778 0.6000000238
2033  18.470  -86.355  -37.375 0.4000000060
2952  18.376  -84.514  -38.340 0.5000000000
963  19.649  -90.182  -34.512 0.6000000238
1625  18.861  -88.153  -34.258 0.8000000119
147617  18.275  -87.326  -35.802 0.5000000000
1255  18.722  -89.630  -35.224 0.6999999881
1632  18.313  -88.059  -35.399 0.6000000238
1637  17.464  -88.280  -35.867 0.5000000000
137911  6.659  -77.483  4.921 0.3000000119
6017  8.408  -78.270  3.030 0.3000000119
6663  7.024  -77.070  3.321 0.3000000119
7299  6.193  -76.638  3.693 0.3000000119
6057  9.306  -78.407  -0.954 0.5000000000
5520  2.953  -79.566  -9.988 1.0000000000
4927  4.336  -80.681  -10.930 0.8999999762
5542  6.440  -79.602  -11.850 0.8999999762
2157  8.989  -86.135  -7.747 0.8000000119
2649  10.296  -84.370  -10.017 0.8000000119
2178  9.974  -85.144  -9.432 0.8000000119
7715  13.487  -76.696  -34.206 0.5000000000
8430  11.353  -75.022  -33.997 0.5000000000
9203  11.030  -74.355  -35.250 0.6000000238
7044  15.693  -76.929  -34.677 0.5000000000
8431  10.592  -74.772  -33.998 0.6000000238
9204  10.098  -74.369  -35.053 0.6000000238
7043  16.700  -77.086  -35.299 0.6000000238
7057  18.272  -77.626  -35.901 0.4000000060
7058  17.587  -77.168  -36.339 0.5000000000
7059  16.851  -76.680  -36.756 0.5000000000
9205  6.583  -74.486  -35.392 0.6000000238
137146  20.940  -80.198  -32.664 0.6999999881
6397  18.975  -78.152  -35.460 0.6000000238
14115  2.307  -67.957  -33.453 0.6000000238
4529  22.054  -81.621  -30.709 0.6000000238
5148  20.836  -80.577  -31.894 0.6000000238
5768  20.873  -79.594  -33.154 0.6999999881
5175  21.070  -80.173  -34.867 0.6999999881
147210  19.818  -78.436  -36.548 0.6000000238
7073  18.398  -77.440  -37.282 0.6000000238
10076  6.038  -73.049  -35.147 0.6999999881
136258  20.725  -80.888  -32.476 0.6999999881
137174  20.974  -79.573  -35.335 0.6000000238
5804  20.903  -79.543  -36.441 0.6000000238
5816  20.608  -79.468  -37.410 0.6000000238
3982  19.911  -82.653  -32.058 0.6999999881
4550  20.676  -80.928  -34.471 0.6999999881
4562  20.544  -81.494  -35.644 0.6000000238
10965  5.067  -71.619  -35.023 0.6999999881
12595  3.072  -70.096  -35.969 0.6000000238
12578  2.657  -69.953  -35.057 0.4000000060
145555  2.174  -69.212  -33.812 0.4000000060
3423  20.087  -83.314  -31.864 0.5000000000
139564  19.698  -82.338  -35.028 0.6999999881
4000  20.101  -82.342  -36.533 0.6000000238
4572  20.468  -81.498  -37.147 0.5000000000
11756  4.605  -70.493  -35.686 0.6999999881
2446  17.743  -85.469  -32.820 0.6000000238
951  23.787  -90.058  -33.381 0.5000000000
2012  22.318  -86.955  -32.205 0.6000000238
131394  21.519  -87.291  -31.969 0.6000000238
2013  20.338  -86.596  -31.721 0.6000000238
952  22.916  -89.829  -32.763 0.5000000000
132344  21.288  -89.560  -32.590 0.6000000238
1603  19.652  -87.336  -31.736 0.6000000238
157051  19.401  -85.149  -38.030 0.5000000000
1243  20.542  -89.486  -33.153 0.6000000238
1614  20.449  -88.293  -32.353 0.6000000238
1615  19.535  -87.910  -32.513 0.6000000238
2027  18.262  -87.244  -34.711 0.6999999881
1641  18.174  -87.132  -36.655 0.5000000000
2034  17.660  -86.966  -37.189 0.5000000000
954  20.827  -89.983  -32.880 0.4000000060
968  19.428  -89.891  -35.009 0.6999999881
1259  18.145  -88.756  -35.447 0.5000000000
9543  4.616  -73.833  5.029 0.3000000119
6671  8.584  -78.025  2.191 0.3000000119
6686  8.090  -77.159  1.930 0.3000000119
8780  5.156  -75.318  3.047 0.3000000119
6043  9.448  -78.345  -0.064 0.5000000000
6075  9.019  -78.337  -1.531 0.5000000000
6711  9.506  -77.409  -0.511 0.5000000000
6744  7.473  -77.659  -1.968 0.6999999881
6746  5.423  -76.455  -2.005 0.6999999881
4938  7.315  -79.992  -12.066 0.8000000119
6149  3.006  -78.825  -10.626 0.8999999762
156741  5.810  -78.979  -12.347 0.8999999762
156259  13.528  -76.700  -32.472 0.6000000238
7033  14.956  -77.167  -33.397 0.6000000238
150082  14.309  -76.765  -34.394 0.5000000000
8422  10.124  -75.476  -32.895 0.6000000238
7034  8.131  -76.562  -34.628 0.6999999881
5715  20.221  -79.616  -30.781 0.5000000000
6338  19.309  -79.076  -31.036 0.6000000238
7031  17.155  -77.569  -34.340 0.6000000238
7714  14.901  -76.622  -35.005 0.6000000238
6371  19.721  -78.872  -32.435 0.6999999881
6387  18.940  -78.399  -34.140 0.6999999881
6398  18.078  -77.854  -34.601 0.6000000238
8433  6.797  -75.547  -34.900 0.6999999881
5748  20.420  -79.325  -32.410 0.6999999881
6386  19.974  -78.776  -33.999 0.6000000238
6396  19.842  -78.592  -35.090 0.6000000238
9206  6.127  -74.107  -34.595 0.6999999881
15895  0.938  -65.997  -31.788 0.6000000238
5786  20.985  -79.592  -34.239 0.6999999881
135378  6.313  -75.085  -34.127 0.6999999881
13334  1.762  -68.815  -32.335 0.4000000060
3994  19.378  -82.490  -33.568 0.6999999881
12577  3.166  -69.327  -35.427 0.6000000238
2433  23.568  -86.663  -32.541 0.5000000000
2434  20.955  -86.264  -32.268 0.6000000238
2001  18.965  -86.676  -31.471 0.6000000238
2011  22.750  -86.726  -32.531 0.6000000238
2436  17.809  -86.088  -32.299 0.6000000238
2030  18.411  -86.521  -36.369 0.6999999881
1611  23.441  -88.247  -32.378 0.6000000238
1604  18.963  -87.226  -31.942 0.6000000238
2460  18.419  -85.681  -35.651 0.6000000238
135885  4.388  -70.266  -34.399 0.6000000238
1242  22.080  -89.260  -32.430 0.6000000238
158168  20.971  -88.976  -32.664 0.6000000238
2023  18.268  -87.255  -33.740 0.6999999881
1239  24.329  -88.812  -33.084 0.5000000000
1244  20.072  -88.805  -33.243 0.6000000238
1624  19.458  -88.536  -33.737 0.6999999881
136606  18.731  -88.709  -35.224 0.6000000238
6685  8.880  -77.721  1.426 0.4000000060
7319  8.573  -76.855  1.313 0.3000000119
7308  5.699  -75.992  3.329 0.3000000119
154380  7.735  -76.233  1.780 0.3000000119
8066  7.171  -75.335  1.799 0.3000000119
7354  9.046  -76.969  -1.825 0.6999999881
6726  9.266  -77.657  -1.337 0.6000000238
7365  7.524  -76.472  -2.150 0.6999999881
8116  5.538  -75.433  -2.718 0.6999999881
8114  7.601  -75.304  -2.390 0.6999999881
4941  4.831  -80.135  -11.251 0.8999999762
7406  3.513  -76.045  -5.248 0.8000000119
5555  6.877  -79.210  -12.733 0.6000000238
153962  3.079  -78.450  -9.797 1.0000000000
5544  3.574  -79.109  -11.579 0.8999999762
5543  4.874  -79.362  -11.771 0.8999999762
137374  14.368  -77.041  -33.036 0.6999999881
7685  12.910  -76.420  -32.621 0.6999999881
154468  15.772  -77.446  -33.108 0.6999999881
8420  11.747  -75.378  -33.097 0.6000000238
7717  9.103  -75.857  -34.208 0.6999999881
6374  17.093  -78.084  -32.200 0.6999999881
141354  16.275  -77.342  -34.065 0.6000000238
8421  11.054  -75.015  -33.056 0.6000000238
6355  18.482  -78.652  -31.468 0.6999999881
7700  9.213  -76.149  -33.305 0.6000000238
7702  7.914  -76.718  -33.944 0.6999999881
5747  20.830  -79.891  -32.099 0.6000000238
133736  19.363  -78.658  -33.188 0.6999999881
7042  17.551  -77.454  -35.250 0.5000000000
15905  2.004  -66.438  -32.005 0.6000000238
5769  20.240  -79.003  -33.162 0.6999999881
10063  5.597  -73.590  -33.808 0.8000000119
14969  2.589  -67.651  -33.206 0.6000000238
10950  5.451  -72.616  -34.349 0.8000000119
5161  20.982  -80.339  -33.581 0.6999999881
14968  3.045  -67.475  -33.238 0.6999999881
11742  4.554  -71.167  -33.962 0.6000000238
13360  3.700  -69.470  -35.521 0.6999999881
2022  21.630  -86.558  -32.361 0.6000000238
2021  22.058  -86.422  -32.835 0.6000000238
7353  9.519  -76.612  -1.192 0.6000000238
8129  4.590  -75.515  -3.485 0.8000000119
8148  4.358  -75.526  -4.130 0.8000000119
6800  2.916  -77.108  -7.907 1.0000000000
7021  15.591  -77.564  -32.146 0.6999999881
8411  11.495  -75.259  -32.341 0.6999999881
7686  9.261  -76.286  -32.410 0.6999999881
145872  10.748  -75.359  -32.288 0.6999999881
16711  1.671  -65.646  -31.543 0.6000000238
149524  17.633  -78.171  -33.045 0.6999999881
15923  2.648  -67.078  -32.617 0.6999999881
147038  0.782  -66.313  -31.573 0.6000000238
14960  1.520  -67.414  -32.100 0.5000000000
14126  3.578  -68.380  -34.471 0.6999999881
8169  3.586  -75.668  -5.640 0.8000000119
6184  5.994  -78.067  -14.203 0.6000000238
6806  3.014  -76.735  -8.765 1.0000000000
6164  3.258  -78.000  -10.906 0.8999999762
6172  3.509  -78.224  -11.776 0.8000000119
6180  5.823  -78.423  -13.046 0.6999999881
7667  14.156  -77.069  -31.513 0.6000000238
7668  13.478  -76.643  -31.766 0.5000000000
139384  14.640  -77.337  -30.909 0.6000000238
7669  12.662  -76.043  -31.705 0.6999999881
7671  8.951  -76.358  -31.804 0.6000000238
6340  17.792  -78.514  -30.745 0.5000000000
6357  17.014  -78.210  -31.131 0.6999999881
7020  16.315  -77.740  -32.463 0.6999999881
8399  11.957  -75.345  -31.593 0.6999999881
7670  9.924  -76.024  -31.693 0.6000000238
7687  8.475  -76.616  -32.859 0.6999999881
15862  3.263  -65.102  -29.415 0.6000000238
142137  11.316  -75.555  -30.580 0.6000000238
17481  3.080  -65.237  -30.276 0.6000000238
134223  2.147  -65.137  -30.501 0.6000000238
5716  19.432  -79.360  -29.929 0.5000000000
6339  18.600  -78.859  -30.346 0.6000000238
6356  17.659  -78.384  -31.584 0.6999999881
7672  8.228  -76.333  -32.037 0.6000000238
16712  0.677  -65.264  -31.456 0.6000000238
7688  7.508  -76.465  -33.019 0.6999999881
17499  3.154  -65.300  -30.845 0.6000000238
8401  8.192  -75.744  -31.419 0.6000000238
9170  6.054  -74.522  -32.005 0.6999999881
9185  6.310  -75.233  -32.908 0.6999999881
16726  2.606  -65.867  -31.823 0.6000000238
157152  6.312  -74.044  -31.313 0.6999999881
9153  5.695  -73.660  -31.331 0.6999999881
10064  5.084  -73.121  -33.181 0.6999999881
10032  4.722  -72.778  -31.495 0.6999999881
10951  4.832  -72.225  -33.266 0.6999999881
12560  4.311  -69.602  -33.866 0.6999999881
140249  3.988  -68.443  -34.119 0.6999999881
14958  4.755  -67.714  -32.658 0.6999999881
135303  4.532  -71.647  -32.715 0.6999999881
12548  4.492  -69.856  -32.449 0.6999999881
13341  4.367  -68.822  -33.276 0.6999999881
144519  4.647  -70.773  -31.809 0.6999999881
6848  4.714  -77.069  -13.224 0.6000000238
158798  5.287  -76.497  -13.317 0.5000000000
14019  6.088  -68.712  -23.888 0.6999999881
7009  15.463  -77.604  -31.204 0.6000000238
7650  13.101  -76.267  -30.862 0.5000000000
15839  4.045  -66.899  -28.503 0.6000000238
15840  3.492  -65.714  -28.658 0.6000000238
7651  12.364  -75.646  -30.769 0.6000000238
149604  9.466  -75.950  -30.846 0.5000000000
15863  -0.063  -64.996  -30.467 0.6000000238
138292  8.742  -76.080  -31.338 0.6000000238
17498  4.384  -65.243  -31.082 0.6000000238
17462  2.278  -64.493  -29.455 0.6000000238
17483  0.446  -63.895  -30.168 0.6000000238
8403  7.037  -75.357  -31.892 0.6000000238
17518  3.659  -65.306  -31.254 0.6000000238
14937  0.782  -66.581  -30.721 0.5000000000
14123  3.380  -67.759  -33.833 0.6999999881
10917  6.706  -73.120  -31.224 0.6999999881
11728  4.511  -71.581  -31.879 0.6999999881
13331  5.232  -69.260  -31.936 0.6999999881
13321  5.641  -70.032  -31.601 0.6999999881
143116  9.043  -66.918  -35.594 0.5000000000
152716  5.351  -76.538  -11.515 0.8000000119
15816  4.191  -67.156  -27.393 0.6999999881
142294  4.556  -67.795  -27.955 0.6999999881
14925  4.366  -66.934  -29.223 0.6999999881
16652  0.806  -63.239  -28.362 0.5000000000
16671  3.951  -65.516  -30.059 0.6999999881
17463  1.504  -63.528  -29.046 0.6000000238
141882  0.468  -63.733  -29.398 0.6000000238
149566  -0.138  -64.189  -29.796 0.5000000000
9150  8.226  -75.087  -31.036 0.6000000238
9152  6.820  -74.687  -31.574 0.6000000238
10029  8.325  -74.316  -31.088 0.6000000238
16743  4.298  -65.638  -32.295 0.6999999881
10935  7.481  -72.819  -31.965 0.6000000238
134990  6.553  -72.043  -31.324 0.6999999881
11711  5.596  -71.758  -30.873 0.6999999881
14967  4.600  -66.943  -32.820 0.6999999881
11726  7.326  -71.941  -32.553 0.6999999881
14113  5.360  -68.417  -32.336 0.6999999881
142979  7.354  -76.076  -12.863 0.6000000238
150372  5.314  -67.964  -23.926 0.6999999881
15742  4.846  -67.098  -23.232 0.8000000119
14879  4.763  -68.046  -26.326 0.6000000238
15799  3.971  -66.545  -26.580 0.6000000238
15817  3.640  -66.073  -27.564 0.6000000238
16600  3.260  -65.056  -25.660 0.6999999881
14058  5.153  -68.516  -26.752 0.6999999881
17419  1.884  -63.159  -26.260 0.6000000238
149620  2.286  -63.376  -26.790 0.6000000238
16632  3.329  -64.949  -27.912 0.6000000238
17516  5.449  -64.879  -31.622 0.6000000238
17451  1.641  -63.169  -28.030 0.6000000238
17537  4.975  -65.100  -31.814 0.6000000238
15920  5.465  -65.640  -33.181 0.6999999881
14957  5.294  -67.502  -32.710 0.6999999881
11727  6.627  -71.203  -31.910 0.6999999881
12547  6.357  -70.221  -31.924 0.6999999881
13330  6.022  -69.094  -32.046 0.6999999881
13359  7.963  -69.583  -36.046 0.5000000000
8236  9.186  -75.769  -12.746 0.6000000238
152707  10.182  -74.866  -11.999 0.6000000238
9735  5.488  -73.602  -9.389 0.5000000000
9725  5.303  -73.245  -8.091 0.6999999881
10620  3.772  -72.194  -6.899 0.6000000238
153419  6.189  -67.305  -22.218 0.6999999881
14813  5.737  -67.627  -22.869 0.6999999881
14864  4.642  -67.626  -25.570 0.6000000238
15780  3.834  -66.138  -25.744 0.6000000238
16617  3.468  -65.530  -26.508 0.6000000238
155742  9.225  -75.274  -29.991 0.5000000000
14908  4.731  -67.541  -28.681 0.6999999881
15860  4.642  -66.297  -29.852 0.6999999881
17452  0.904  -62.768  -27.440 0.5000000000
17439  0.974  -63.021  -26.615 0.6000000238
148278  4.774  -65.515  -30.401 0.6999999881
132398  0.998  -64.695  -27.491 0.5000000000
15841  0.790  -65.415  -29.173 0.5000000000
18342  5.963  -64.246  -31.995 0.6999999881
16742  5.084  -65.345  -32.552 0.6999999881
10934  8.455  -72.894  -32.449 0.5000000000
10048  7.768  -73.683  -31.568 0.6000000238
14965  5.836  -66.174  -33.747 0.6999999881
12559  6.990  -70.884  -32.698 0.6999999881
141031  6.825  -69.721  -32.937 0.6999999881
14112  5.950  -68.085  -32.595 0.6999999881
14984  8.251  -67.235  -36.130 0.6000000238
137585  7.525  -68.761  -35.494 0.6000000238
8234  10.243  -75.512  -11.423 0.6999999881
8945  10.199  -74.015  -11.131 0.6999999881
9766  9.656  -73.602  -11.765 0.5000000000
9754  8.650  -73.797  -10.325 0.6999999881
9723  8.011  -73.828  -8.912 0.8000000119
140120  7.518  -73.844  -10.170 0.6999999881
139660  7.362  -73.537  -8.539 0.8000000119
9713  7.097  -73.140  -7.790 0.8999999762
17273  4.787  -63.859  -16.638 0.6000000238
17294  5.225  -64.397  -17.556 0.8000000119
16537  5.580  -65.466  -21.420 0.6999999881
17350  5.369  -64.458  -21.137 0.8000000119
147989  4.712  -63.163  -19.243 0.6000000238
16554  5.007  -66.004  -22.029 0.8000000119
17371  3.998  -63.718  -22.062 0.6999999881
15728  4.594  -66.239  -22.792 0.8000000119
16538  4.681  -64.848  -21.858 0.6999999881
17372  3.440  -63.543  -22.627 0.6000000238
16570  3.948  -65.241  -23.246 0.6000000238
14844  5.148  -68.083  -24.937 0.6999999881
155621  4.095  -66.356  -24.341 0.6999999881
15744  3.754  -65.473  -24.149 0.6999999881
15762  3.707  -65.804  -24.938 0.6999999881
139484  2.160  -63.381  -24.652 0.6000000238
17386  2.315  -63.286  -23.681 0.6000000238
14044  5.320  -68.522  -25.785 0.6999999881
14071  5.725  -68.783  -27.788 0.6999999881
17418  2.522  -63.898  -25.564 0.6000000238
17420  1.304  -63.787  -25.880 0.6000000238
15859  5.957  -66.505  -29.699 0.6000000238
17479  5.442  -65.280  -30.881 0.6000000238
17554  6.171  -64.199  -32.936 0.6999999881
15800  1.240  -65.522  -26.811 0.6000000238
15818  1.109  -65.863  -27.825 0.6000000238
17478  6.960  -65.226  -30.674 0.6999999881
18329  6.373  -63.958  -32.037 0.6999999881
10949  7.932  -72.577  -32.930 0.6000000238
15931  6.337  -65.790  -34.804 0.6999999881
15919  6.081  -65.229  -33.999 0.6999999881
11741  7.925  -72.094  -33.554 0.5000000000
13346  7.039  -68.875  -34.131 0.6999999881
14972  6.374  -66.841  -34.284 0.6999999881
13340  7.257  -69.948  -34.078 0.6999999881
136341  6.483  -68.677  -32.925 0.6999999881
14148  7.986  -68.844  -36.253 0.6000000238
152831  6.955  -67.713  -35.066 0.6000000238
15944  6.850  -66.513  -35.428 0.6000000238
9755  8.050  -73.674  -10.953 0.5000000000
8919  9.019  -74.079  -9.402 0.8000000119
158668  6.269  -73.634  -9.164 0.6000000238
8918  9.959  -74.312  -8.812 0.8999999762
9724  6.615  -73.479  -8.538 0.8000000119
10619  4.457  -72.685  -7.034 0.6999999881
9712  8.049  -73.421  -8.209 0.8999999762
10617  6.251  -72.912  -7.077 0.8999999762
153831  3.783  -71.669  -6.179 0.6999999881
150814  3.493  -70.456  -5.921 0.6000000238
132353  4.272  -62.123  -16.400 0.6999999881
19835  4.225  -61.396  -16.311 0.6000000238
132852  3.083  -62.300  -17.484 0.6000000238
17331  6.532  -64.932  -20.206 0.6999999881
144103  6.336  -64.872  -18.819 0.6999999881
17332  5.714  -64.328  -20.444 0.6999999881
16536  6.682  -65.830  -21.138 0.6000000238
16519  6.127  -65.046  -20.814 0.8000000119
15726  7.214  -67.276  -21.988 0.6000000238
13261  6.459  -69.380  -25.012 0.6999999881
16571  3.131  -64.264  -23.983 0.6000000238
17387  1.653  -63.021  -24.083 0.6000000238
13292  6.184  -69.220  -27.291 0.6999999881
17401  1.514  -63.447  -25.090 0.6000000238
18236  1.745  -63.259  -25.792 0.6000000238
132350  1.291  -65.060  -25.952 0.5000000000
16669  6.560  -65.629  -30.135 0.6000000238
17534  7.302  -63.376  -32.710 0.6999999881
16740  6.470  -64.363  -33.894 0.6999999881
14137  7.255  -67.290  -35.768 0.6000000238
15928  10.065  -66.291  -34.476 0.5000000000
15943  7.449  -65.862  -35.630 0.6000000238
149884  7.260  -72.530  -6.770 0.8999999762
10606  5.360  -72.607  -6.424 0.8999999762
10587  4.359  -72.199  -6.189 0.8000000119
20782  5.248  -60.891  -16.263 0.8000000119
18960  3.005  -62.503  -18.267 0.6000000238
18959  4.059  -62.442  -18.383 0.6000000238
18972  3.849  -62.215  -19.631 0.6000000238
16517  8.566  -65.464  -20.682 0.6999999881
16518  7.198  -65.414  -20.668 0.6000000238
14812  6.815  -67.884  -22.488 0.6999999881
14018  6.903  -68.915  -23.542 0.6999999881
13270  6.913  -69.649  -25.562 0.6999999881
16601  1.396  -64.587  -25.159 0.5000000000
11446  7.817  -72.103  -5.932 0.8999999762
12229  8.416  -70.836  -4.461 0.8000000119
13044  8.163  -70.136  -4.681 0.8000000119
11426  5.329  -71.804  -4.879 0.8999999762
10586  4.982  -72.188  -5.591 0.8999999762
11425  6.431  -71.913  -5.019 0.8999999762
11417  4.589  -71.174  -4.644 0.8999999762
148153  4.208  -70.539  -4.599 0.8999999762
12239  3.546  -70.494  -5.165 0.8000000119
138374  3.450  -68.183  -5.330 0.8000000119
12231  6.052  -70.435  -4.496 0.8000000119
136510  3.429  -65.966  -6.100 0.6999999881
18941  5.598  -62.621  -15.725 0.8000000119
17270  7.246  -64.499  -16.286 0.8000000119
22631  4.175  -58.953  -16.396 0.6999999881
147605  4.978  -59.966  -16.543 0.8000000119
17291  8.245  -65.022  -17.889 0.6999999881
19834  5.719  -61.744  -16.066 0.8000000119
17307  9.138  -65.002  -19.008 0.8000000119
18118  7.463  -64.039  -16.188 0.8000000119
18940  6.450  -63.058  -15.845 0.8000000119
18992  3.212  -62.256  -20.559 0.6000000238
17329  9.473  -65.056  -20.166 0.6999999881
18128  8.815  -64.025  -17.105 0.6999999881
17333  5.159  -63.727  -20.754 0.6999999881
18145  4.350  -62.593  -19.918 0.6000000238
19003  2.921  -62.330  -21.018 0.5000000000
16516  9.771  -65.209  -21.154 0.6999999881
18135  9.472  -63.679  -17.715 0.8000000119
18947  8.517  -63.354  -17.321 0.6999999881
20786  7.401  -61.075  -17.137 0.8000000119
18991  3.567  -62.412  -20.825 0.5000000000
153305  2.163  -62.812  -21.941 0.5000000000
15725  8.396  -67.070  -22.264 0.6999999881
16535  8.058  -65.960  -21.206 0.6000000238
18957  7.886  -62.409  -17.927 0.8000000119
18189  3.189  -62.904  -22.170 0.5000000000
14011  7.439  -68.397  -22.949 0.6000000238
18969  10.311  -63.053  -19.499 0.8000000119
18970  9.287  -62.578  -19.195 0.8000000119
13260  7.119  -69.584  -24.798 0.8000000119
19002  9.643  -62.299  -21.223 0.8000000119
17374  1.540  -63.439  -22.992 0.5000000000
16558  1.537  -64.546  -23.095 0.5000000000
13279  8.633  -69.394  -26.865 0.6999999881
159013  8.034  -69.700  -25.881 0.8000000119
13281  7.599  -69.585  -26.736 0.6999999881
14070  6.430  -69.035  -27.873 0.6000000238
19895  7.605  -61.094  -22.820 0.6000000238
17388  1.344  -63.727  -23.760 0.5000000000
154126  1.586  -65.892  -23.886 0.5000000000
14889  8.993  -68.313  -27.844 0.6999999881
13300  8.094  -69.174  -27.802 0.6999999881
14083  6.088  -68.535  -28.306 0.6000000238
136056  9.358  -67.066  -27.221 0.6000000238
14904  8.657  -67.862  -28.356 0.6999999881
155762  7.494  -68.305  -28.523 0.6999999881
16668  7.542  -65.461  -29.912 0.6000000238
17514  7.411  -63.916  -31.949 0.6999999881
22692  7.301  -58.795  -22.393 0.6000000238
15815  9.243  -67.393  -28.081 0.6000000238
16649  9.151  -66.499  -28.681 0.6999999881
16667  8.624  -65.570  -29.633 0.6999999881
17477  7.758  -64.997  -30.304 0.6999999881
16630  9.984  -66.775  -26.857 0.5000000000
158756  8.620  -64.981  -30.996 0.6999999881
17533  8.127  -63.628  -32.659 0.6000000238
17552  7.810  -63.486  -33.603 0.6000000238
16648  9.874  -66.995  -28.077 0.6000000238
157311  9.898  -65.989  -29.234 0.6000000238
16689  9.298  -65.245  -30.447 0.6000000238
15881  10.937  -66.460  -29.872 0.6000000238
146543  10.103  -65.909  -30.775 0.5000000000
16708  9.920  -65.507  -31.665 0.6000000238
150289  9.351  -65.772  -34.320 0.6000000238
17551  8.595  -64.155  -33.364 0.6000000238
16752  8.529  -65.353  -34.855 0.6000000238
15930  6.865  -65.497  -35.400 0.6000000238
15942  8.243  -66.263  -35.526 0.6000000238
11415  7.011  -71.379  -4.717 0.8000000119
11416  6.173  -71.356  -4.556 0.8000000119
12230  7.554  -70.781  -4.547 0.8000000119
13057  8.039  -69.184  -5.343 0.6999999881
149848  4.621  -69.052  -4.556 0.8000000119
13831  4.378  -68.205  -4.608 0.8999999762
13048  3.470  -69.111  -4.861 0.8000000119
13830  5.349  -68.517  -4.801 0.8000000119
149682  3.959  -67.362  -4.638 0.8999999762
14642  3.551  -67.505  -5.330 0.8000000119
16390  3.511  -65.149  -5.427 0.8000000119
17200  3.502  -64.228  -6.927 0.6000000238
20781  6.360  -60.327  -16.343 0.8000000119
22630  5.042  -58.801  -16.421 0.6999999881
17306  10.032  -64.496  -18.766 0.8000000119
17290  9.334  -64.570  -18.046 0.8000000119
20780  7.291  -60.437  -16.679 0.8000000119
17328  10.489  -64.613  -20.533 0.6999999881
18134  10.125  -63.910  -18.174 0.8000000119
18958  7.524  -62.272  -17.131 0.8999999762
21661  7.723  -60.086  -17.228 0.8999999762
14810  8.729  -67.549  -22.918 0.6999999881
141240  8.450  -69.455  -24.910 0.8000000119
14017  7.945  -68.898  -23.473 0.6999999881
18988  10.451  -63.102  -21.213 0.8000000119
19859  7.570  -61.441  -19.727 0.8000000119
19017  8.909  -62.316  -22.700 0.6999999881
20835  6.894  -59.816  -22.285 0.6000000238
14057  9.227  -68.867  -26.642 0.6000000238
19906  6.953  -61.473  -23.475 0.4000000060
21727  6.776  -59.393  -21.712 0.6000000238
17532  8.869  -64.429  -32.465 0.6000000238
16737  9.777  -65.413  -33.072 0.6000000238
11413  8.797  -71.191  -4.644 0.8000000119
13043  8.960  -70.265  -4.518 0.8999999762
13841  8.810  -68.453  -5.384 0.8000000119
13045  6.410  -69.512  -4.845 0.8000000119
13842  7.923  -68.121  -5.532 0.6999999881
13843  6.885  -67.993  -5.452 0.8000000119
13829  6.241  -68.737  -5.102 0.8000000119
159107  6.861  -66.812  -5.267 0.6999999881
15524  4.038  -66.147  -4.399 0.8999999762
16376  4.428  -65.590  -3.938 0.8999999762
17194  3.344  -64.501  -5.832 0.8000000119
22629  6.705  -58.951  -16.036 0.8000000119
22616  5.777  -58.135  -15.955 0.6000000238
20790  7.296  -60.691  -18.034 0.8000000119
19846  7.526  -61.647  -18.839 0.8000000119
22628  7.767  -58.810  -16.253 0.8000000119
18156  10.902  -63.627  -20.079 0.8000000119
18971  8.160  -62.165  -19.007 0.8000000119
22627  8.095  -58.657  -16.644 0.8999999762
17349  10.401  -64.643  -21.555 0.6999999881
21666  7.522  -59.761  -18.037 0.8000000119
22633  7.951  -58.507  -17.360 0.8000000119
17370  9.430  -64.938  -22.797 0.6999999881
136582  9.014  -68.559  -24.236 0.6999999881
15724  8.884  -66.720  -22.724 0.6999999881
19886  7.868  -61.014  -21.926 0.6999999881
22661  5.384  -58.628  -20.158 0.6999999881
23621  5.639  -57.261  -20.449 0.6999999881
14842  8.911  -68.325  -25.059 0.6000000238
16569  7.349  -64.836  -23.735 0.6000000238
148055  9.046  -68.395  -25.999 0.6000000238
16568  7.716  -65.840  -24.026 0.6999999881
18202  7.522  -63.715  -23.450 0.5000000000
19030  7.229  -62.572  -23.416 0.5000000000
22675  6.877  -58.398  -21.497 0.6999999881
20845  6.936  -60.174  -23.646 0.5000000000
15903  11.201  -66.549  -32.351 0.5000000000
13844  6.057  -67.982  -5.211 0.8000000119
15536  6.374  -66.472  -5.033 0.8000000119
17175  7.145  -64.848  -3.873 0.6999999881
15522  5.494  -65.922  -4.312 0.6999999881
18044  5.189  -63.689  -4.232 0.8000000119
132854  3.602  -65.105  -4.379 0.8999999762
17190  3.115  -64.185  -4.615 0.8000000119
18064  3.251  -63.212  -6.608 0.6999999881
153069  3.407  -63.646  -7.665 0.5000000000
24507  5.789  -56.675  -15.020 0.6000000238
22614  8.180  -57.866  -15.955 0.6000000238
17348  10.848  -64.217  -21.090 0.6999999881
20797  6.631  -60.062  -18.879 0.8000000119
19860  6.913  -60.759  -19.256 0.8000000119
21667  6.620  -59.409  -18.718 0.8000000119
17369  10.112  -64.478  -22.301 0.6999999881
17384  8.624  -65.407  -23.266 0.6999999881
18170  10.498  -63.532  -21.693 0.6999999881
144280  9.163  -62.050  -22.077 0.8000000119
15741  8.213  -66.842  -24.264 0.6999999881
19885  8.712  -61.621  -21.596 0.8000000119
21766  6.628  -59.174  -24.733 0.5000000000
17174  8.094  -64.487  -3.382 0.6999999881
17179  7.918  -64.149  -4.287 0.6999999881
16374  4.301  -64.799  -3.664 0.8000000119
16375  3.924  -65.249  -3.925 0.8999999762
18045  3.137  -63.508  -3.981 0.8999999762
134342  3.050  -62.590  -5.350 0.8999999762
23561  8.236  -56.666  -14.955 0.6000000238
137649  6.570  -56.077  -14.238 0.6000000238
24514  8.019  -56.950  -16.686 0.6999999881
20815  6.272  -60.232  -20.111 0.8000000119
155048  6.349  -57.861  -18.336 0.8000000119
134077  8.528  -64.456  -23.236 0.6999999881
19876  6.923  -60.747  -20.332 0.6999999881
21692  5.489  -59.181  -20.014 0.8000000119
20816  5.865  -59.675  -20.366 0.8000000119
138739  7.594  -58.409  -21.914 0.6999999881
18033  7.727  -63.320  -2.196 0.6999999881
17169  8.252  -64.405  -2.615 0.6999999881
18870  8.085  -63.062  -3.198 0.6999999881
158229  7.434  -63.757  -4.922 0.6999999881
153626  4.304  -64.102  -3.604 0.8999999762
19769  3.380  -61.539  -6.908 0.6999999881
24505  8.350  -56.625  -15.403 0.6000000238
24515  6.483  -56.375  -17.411 0.8000000119
24510  8.226  -56.454  -16.044 0.6999999881
22637  5.803  -58.673  -18.898 0.8000000119
23592  5.701  -56.648  -18.180 0.8000000119
25524  9.109  -55.271  -18.384 0.4000000060
23597  5.026  -56.996  -18.865 0.8000000119
23606  4.897  -57.424  -19.545 0.6999999881
24549  5.008  -56.767  -19.945 0.6999999881
22709  8.139  -58.511  -23.275 0.6000000238
18871  7.225  -62.487  -2.577 0.6999999881
18879  7.556  -62.198  -3.523 0.6999999881
19711  5.315  -61.342  -2.230 0.6999999881
18878  8.089  -62.812  -4.245 0.6999999881
18052  6.105  -62.992  -5.440 0.8000000119
18883  4.537  -62.736  -4.670 0.8999999762
18884  3.434  -62.719  -4.514 0.8999999762
18894  3.301  -61.827  -5.761 0.8999999762
20705  2.984  -60.174  -8.799 0.6000000238
24489  7.859  -55.949  -14.264 0.5000000000
146588  8.207  -54.784  -14.365 0.6000000238
25525  7.722  -54.910  -18.446 0.5000000000
154216  5.871  -54.165  -18.147 0.6000000238
26539  5.111  -54.791  -18.282 0.5000000000
25527  4.977  -54.993  -17.868 0.6999999881
25518  5.812  -55.473  -17.271 0.8000000119
25508  7.842  -54.942  -15.302 0.6000000238
25536  6.842  -55.342  -19.119 0.5000000000
25538  4.957  -55.616  -18.876 0.6999999881
24521  9.728  -56.158  -18.578 0.5000000000
25535  8.098  -55.612  -18.745 0.6000000238
24534  6.278  -55.890  -19.734 0.6000000238
24532  9.066  -56.783  -19.003 0.6000000238
23605  8.381  -57.063  -19.782 0.6000000238
24548  5.837  -56.523  -20.234 0.6000000238
22673  9.140  -58.453  -21.805 0.6000000238
156118  8.264  -57.842  -20.943 0.6999999881
19726  7.006  -61.401  -3.829 0.6999999881
19725  7.631  -61.942  -4.516 0.6999999881
18888  6.865  -62.351  -5.801 0.8000000119
18890  3.449  -61.803  -5.150 0.8999999762
25475  7.728  -54.399  -13.506 0.5000000000
26531  5.318  -54.386  -17.590 0.6999999881
25516  5.582  -54.729  -17.088 0.6999999881
26517  7.774  -54.061  -14.711 0.5000000000
24533  7.832  -56.220  -19.297 0.6000000238
23604  9.490  -57.628  -19.432 0.6000000238
20644  5.683  -60.132  -3.586 0.6999999881
20672  5.932  -60.323  -5.789 0.8000000119
19744  6.511  -61.426  -5.835 0.8000000119
19745  5.558  -60.958  -5.890 0.8999999762
19746  4.091  -60.991  -5.607 0.8999999762
132284  3.240  -60.938  -7.919 0.8000000119
145091  6.114  -53.392  -17.271 0.6000000238
26519  5.943  -53.506  -16.420 0.5000000000
27542  6.808  -53.156  -15.304 0.5000000000
26537  8.685  -54.325  -17.942 0.4000000060
26518  6.480  -54.024  -15.824 0.5000000000
26536  9.808  -54.406  -18.139 0.4000000060
26529  6.689  -53.716  -17.675 0.5000000000
26535  10.670  -54.587  -18.560 0.4000000060
158410  10.197  -57.759  -19.049 0.5000000000
21557  4.915  -58.703  -4.482 0.6999999881
22517  8.454  -58.286  -2.065 0.5000000000
20674  3.874  -60.022  -5.845 0.8999999762
22547  3.425  -58.728  -6.782 0.8999999762
133309  3.418  -60.722  -6.832 0.8000000119
130520  3.317  -58.306  -9.378 0.6000000238
21603  3.050  -59.100  -8.990 0.6000000238
27546  6.215  -52.830  -16.128 0.5000000000
152348  6.612  -52.811  -17.045 0.5000000000
27548  8.593  -53.094  -17.617 0.5000000000
28579  9.112  -52.809  -17.796 0.4000000060
27559  10.518  -53.871  -18.739 0.4000000060
23476  6.734  -56.848  -2.944 0.5000000000
22524  4.044  -58.143  -3.694 0.8000000119
23477  3.952  -57.062  -3.076 0.8000000119
23474  8.671  -57.211  -3.477 0.5000000000
136414  8.202  -57.587  -2.853 0.5000000000
24395  4.239  -56.462  -3.486 0.6999999881
22538  4.258  -58.555  -5.342 0.8999999762
24413  18.771  -55.751  -6.919 0.6000000238
26392  17.560  -54.064  -6.652 0.6000000238
151700  16.863  -53.628  -6.985 0.8000000119
27443  16.884  -54.128  -8.204 0.6999999881
27444  15.926  -53.950  -8.033 0.8000000119
134213  14.142  -53.948  -7.968 0.8000000119
21595  3.366  -59.473  -7.112 0.8000000119
28581  7.467  -52.181  -17.214 0.5000000000
28569  6.750  -52.493  -15.601 0.6000000238
28553  7.294  -52.457  -14.788 0.6000000238
29591  6.697  -52.162  -16.168 0.5000000000
135973  6.972  -51.277  -16.280 0.5000000000
22532  3.819  -57.776  -4.351 0.8000000119
23473  9.535  -57.404  -3.555 0.4000000060
22539  3.831  -57.929  -5.264 0.8999999762
23500  19.611  -56.829  -7.228 0.5000000000
25377  18.256  -55.264  -6.573 0.6000000238
25345  6.752  -55.583  -4.020 0.6999999881
21571  3.721  -58.637  -5.858 0.8999999762
27422  15.593  -53.673  -7.076 0.8000000119
24391  8.268  -56.519  -3.873 0.6000000238
24420  19.327  -55.816  -7.471 0.6999999881
28424  13.621  -53.770  -7.864 0.8000000119
28447  10.460  -53.127  -7.872 0.6000000238
151985  6.069  -55.051  -4.347 0.8000000119
152089  3.236  -57.835  -7.537 0.8000000119
28445  12.045  -52.864  -8.649 0.6999999881
27425  9.022  -53.477  -7.504 0.6999999881
130341  5.230  -57.957  -10.231 0.6000000238
144766  3.095  -58.322  -8.611 0.6999999881
148518  3.345  -57.489  -9.009 0.8000000119
30651  7.289  -50.606  -14.045 0.5000000000
24408  18.483  -56.339  -6.058 0.5000000000
25366  17.986  -55.493  -5.450 0.5000000000
23492  19.206  -57.257  -6.351 0.4000000060
27406  17.236  -53.714  -6.582 0.8000000119
24401  9.743  -56.097  -4.443 0.5000000000
24402  8.854  -55.887  -4.352 0.6000000238
25348  3.949  -55.867  -4.134 0.8000000119
134336  3.543  -56.623  -4.994 0.8000000119
142555  3.528  -58.000  -6.248 0.8999999762
23499  20.265  -57.359  -7.679 0.4000000060
28410  15.265  -53.697  -6.766 0.8000000119
25361  4.186  -55.157  -4.580 0.8000000119
25362  3.794  -55.415  -4.733 0.8000000119
146845  3.490  -56.541  -6.001 0.8999999762
27419  17.788  -54.339  -7.788 0.6999999881
28425  12.810  -53.453  -7.809 0.8000000119
25358  8.609  -54.923  -4.541 0.8000000119
24403  7.832  -55.678  -4.224 0.6000000238
135225  3.537  -55.621  -5.995 0.8000000119
158333  3.417  -56.755  -6.703 0.8000000119
26423  18.709  -54.911  -8.715 0.6999999881
28411  12.105  -53.469  -7.348 0.8000000119
28426  11.571  -53.072  -7.758 0.6000000238
28429  9.014  -52.269  -7.050 0.6999999881
27426  8.253  -53.124  -7.259 0.6999999881
26376  4.197  -54.107  -5.722 0.8000000119
149303  3.366  -56.786  -8.035 0.8999999762
26422  19.395  -55.019  -8.789 0.6999999881
27441  17.966  -54.696  -8.508 0.6999999881
28428  9.822  -52.814  -6.974 0.6999999881
144930  5.969  -54.058  -7.524 0.6999999881
149125  4.109  -55.674  -8.519 0.8000000119
137503  7.013  -54.404  -7.602 0.6999999881
150517  19.371  -57.655  -5.671 0.3000000119
28392  16.785  -53.357  -6.033 0.8000000119
25357  9.506  -55.153  -4.621 0.6999999881
27423  14.400  -54.001  -7.240 0.8000000119
27424  13.294  -54.067  -7.385 0.8000000119
27411  11.387  -53.597  -6.582 0.8000000119
26354  8.353  -53.954  -4.821 0.8000000119
157656  5.190  -54.249  -5.152 0.8000000119
23498  20.920  -57.888  -8.021 0.6000000238
24419  20.106  -56.047  -8.022 0.6000000238
156063  15.960  -53.740  -7.381 0.8000000119
28412  10.975  -53.138  -7.032 0.8000000119
27391  9.307  -52.516  -5.794 0.8000000119
27393  6.276  -52.942  -5.728 0.8000000119
135670  3.593  -55.270  -6.647 0.8000000119
151403  21.262  -57.453  -8.579 0.6000000238
25399  20.020  -55.278  -8.733 0.6000000238
139095  17.348  -54.015  -7.475 0.8000000119
25389  4.474  -54.617  -7.560 0.6999999881
26394  4.203  -54.006  -6.300 0.8000000119
148634  3.618  -55.926  -8.030 0.8000000119
26435  18.538  -54.820  -9.114 0.6999999881
129643  4.644  -55.135  -8.335 0.6999999881
23486  18.888  -57.098  -5.416 0.4000000060
25354  17.635  -54.621  -5.006 0.6000000238
26347  17.410  -53.792  -4.781 0.6999999881
132625  15.976  -53.289  -5.988 0.8000000119
21582  21.139  -59.610  -6.502 0.3000000119
26368  14.560  -54.420  -6.154 0.8000000119
26351  11.155  -55.263  -5.175 0.6999999881
131865  20.567  -58.379  -7.365 0.4000000060
27410  12.469  -54.290  -6.742 0.8000000119
21593  22.768  -59.846  -7.490 0.3000000119
21594  21.749  -59.678  -7.214 0.4000000060
28395  9.626  -52.310  -6.257 0.8000000119
27380  8.009  -53.045  -5.344 0.8000000119
22559  22.584  -58.444  -8.549 0.5000000000
27395  4.835  -53.569  -6.063 0.8000000119
23507  20.691  -56.902  -8.380 0.6000000238
28413  9.999  -52.701  -6.679 0.8000000119
28416  7.496  -52.202  -6.183 0.8000000119
27429  4.904  -53.613  -6.580 0.8000000119
24426  21.176  -56.647  -9.030 0.6000000238
28415  8.452  -51.926  -6.328 0.6999999881
28430  7.928  -52.368  -6.721 0.6999999881
26408  6.602  -53.259  -7.232 0.8000000119
26409  5.041  -53.983  -7.268 0.6999999881
32804  7.342  -47.784  -15.039 0.6000000238
33879  7.602  -47.273  -17.362 0.5000000000
153483  7.139  -48.013  -15.800 0.6000000238
32776  7.404  -48.450  -14.298 0.6000000238
32750  7.060  -48.688  -12.687 0.5000000000
31773  7.163  -49.117  -17.766 0.6000000238
31774  7.103  -49.535  -17.170 0.6000000238
22546  19.751  -58.101  -6.100 0.3000000119
27407  15.590  -53.540  -5.958 0.8000000119
26393  13.642  -54.787  -6.584 0.8000000119
26370  12.804  -55.312  -5.955 0.8000000119
21580  22.513  -60.089  -6.782 0.3000000119
136484  10.970  -53.693  -5.905 0.8000000119
26372  10.629  -54.061  -5.412 0.8000000119
21591  24.616  -59.540  -7.590 0.5000000000
157603  7.701  -52.311  -5.723 0.8000000119
21600  24.890  -59.224  -8.167 0.5000000000
22556  25.423  -58.716  -8.382 0.5000000000
23505  22.974  -57.845  -9.135 0.6000000238
28417  6.580  -52.623  -6.202 0.8000000119
32829  7.138  -47.769  -16.716 0.6000000238
147189  8.051  -47.946  -18.704 0.5000000000
32860  7.505  -48.762  -18.299 0.6000000238
157138  24.665  -59.398  -6.302 0.3000000119
24412  26.419  -57.324  -6.457 0.4000000060
141838  26.924  -56.673  -6.592 0.4000000060
22550  26.245  -58.422  -7.798 0.4000000060
23497  26.992  -57.804  -7.673 0.4000000060
35869  8.602  -45.076  -15.750 0.6000000238
35859  7.908  -45.805  -14.786 0.6000000238
34903  8.771  -46.094  -17.656 0.6000000238
35870  8.123  -45.605  -15.615 0.6000000238
34885  8.355  -45.960  -16.867 0.6000000238
34886  7.639  -46.720  -16.794 0.6000000238
157108  7.753  -46.259  -15.486 0.6000000238
135840  9.977  -45.247  -16.167 0.6000000238
34884  9.280  -45.987  -17.519 0.6000000238
152321  8.548  -47.078  -18.746 0.5000000000
34904  8.197  -46.573  -17.510 0.5000000000
145258  26.070  -54.336  -6.445 0.3000000119
35856  11.286  -45.089  -14.293 0.5000000000
36872  10.258  -44.310  -14.420 0.6000000238
35868  9.399  -44.845  -15.833 0.6000000238
36873  9.706  -44.318  -14.322 0.6000000238
35877  10.592  -45.633  -15.873 0.6000000238
35895  8.870  -45.720  -17.054 0.6000000238
34902  9.972  -46.429  -17.454 0.6000000238
33877  11.964  -47.985  -15.819 0.6000000238
34901  10.649  -46.750  -16.931 0.6000000238
32802  13.678  -48.603  -15.431 0.6000000238
34921  9.634  -46.586  -18.222 0.6000000238
33912  10.976  -47.669  -18.090 0.5000000000
32845  11.577  -48.518  -17.242 0.5000000000
31772  12.281  -49.455  -17.066 0.4000000060
31754  13.510  -50.162  -16.230 0.5000000000
28407  25.449  -52.706  -6.428 0.3000000119
35866  11.034  -45.269  -15.118 0.5000000000
35867  10.283  -44.842  -15.480 0.6000000238
32824  15.127  -49.652  -15.876 0.5000000000
34877  12.250  -46.717  -14.901 0.5000000000
34878  11.360  -46.348  -15.481 0.6000000238
33878  11.376  -47.200  -16.232 0.6000000238
33894  11.109  -47.554  -17.106 0.6000000238
32828  11.593  -48.109  -16.446 0.6000000238
29436  26.506  -51.550  -6.622 0.3000000119
31599  25.158  -49.778  -6.640 0.3000000119
34860  13.097  -46.566  -14.315 0.6000000238
33865  13.353  -47.706  -15.175 0.6000000238
32801  14.703  -48.644  -15.536 0.6000000238
32825  14.076  -49.556  -15.745 0.5000000000
31753  14.544  -50.349  -16.259 0.5000000000
33835  14.916  -46.894  -14.826 0.5000000000
33862  16.292  -47.872  -15.344 0.6000000238
32800  15.737  -48.753  -15.673 0.6000000238
31752  15.562  -50.444  -16.441 0.5000000000
30527  26.648  -50.530  -6.669 0.3000000119
33833  16.772  -47.058  -15.006 0.5000000000
33831  18.597  -47.489  -14.731 0.6000000238
32799  16.862  -49.086  -15.867 0.5000000000
32823  16.142  -49.813  -16.081 0.5000000000
33861  17.272  -48.119  -15.323 0.6000000238
32798  17.916  -49.155  -15.778 0.6000000238
33858  20.438  -48.612  -15.216 0.6000000238
32797  18.752  -49.216  -15.736 0.5000000000
32822  17.773  -49.988  -16.386 0.4000000060
153402  16.987  -50.075  -16.376 0.4000000060
147077  29.963  -48.103  -5.846 0.4000000060
32643  28.196  -48.635  -6.585 0.4000000060
134955  26.793  -49.091  -6.664 0.3000000119
157580  26.445  -49.730  -6.661 0.3000000119
33860  18.249  -48.322  -15.272 0.6000000238
147082  16.540  -50.505  -16.717 0.4000000060
156194  29.210  -46.819  -6.273 0.3000000119
34703  28.672  -46.956  -6.492 0.3000000119
158234  28.501  -47.740  -6.542 0.3000000119
33679  27.089  -47.543  -6.661 0.3000000119
34681  30.825  -46.831  -5.156 0.4000000060
33671  30.470  -47.399  -5.471 0.4000000060
157621  27.817  -47.888  -6.647 0.3000000119
135822  21.369  -48.503  -15.156 0.5000000000
32796  20.363  -49.166  -16.071 0.5000000000
32842  19.878  -49.315  -17.462 0.4000000060
31750  18.407  -50.200  -17.151 0.4000000060
33857  22.015  -48.362  -15.841 0.4000000060
32795  21.211  -48.726  -16.007 0.5000000000
33876  21.067  -47.999  -17.473 0.4000000060
33891  20.443  -48.718  -17.474 0.5000000000
34693  28.898  -46.277  -6.348 0.3000000119
34705  27.322  -46.477  -6.644 0.3000000119
35711  29.915  -45.735  -5.640 0.4000000060
35712  29.204  -45.630  -6.041 0.4000000060
144420  27.955  -47.147  -6.656 0.3000000119
144139  26.569  -46.931  -6.607 0.3000000119
32857  18.557  -49.480  -18.366 0.3000000119
35713  28.525  -45.603  -6.351 0.3000000119
36725  30.071  -44.148  -5.316 0.4000000060
35872  21.445  -45.977  -16.542 0.3000000119
145170  20.816  -46.905  -17.648 0.4000000060
138812  19.508  -47.572  -18.310 0.5000000000
136122  21.498  -46.748  -17.113 0.4000000060
39673  32.427  -41.651  -5.344 0.3000000119
40751  31.809  -40.283  -12.497 0.4000000060
39787  31.849  -41.174  -13.070 0.4000000060
36878  20.010  -44.773  -15.393 0.3000000119
36867  21.295  -44.791  -14.399 0.4000000060
38837  27.966  -42.200  -12.286 0.4000000060
35852  22.827  -45.664  -14.933 0.3000000119
35873  20.684  -45.785  -16.935 0.4000000060
40704  31.786  -40.385  -9.011 0.3000000119
40703  32.426  -40.893  -9.965 0.4000000060
147312  31.612  -39.293  -11.065 0.3000000119
42611  31.205  -38.901  -11.617 0.4000000060
36844  22.712  -43.919  -12.774 0.4000000060
40721  32.407  -40.682  -10.673 0.4000000060
39812  30.609  -41.424  -14.640 0.5000000000
39801  31.289  -41.252  -13.910 0.5000000000
36866  22.145  -44.963  -14.222 0.4000000060
38823  26.105  -41.900  -11.611 0.3000000119
35854  21.229  -45.163  -15.184 0.4000000060
35865  19.939  -45.033  -16.187 0.3000000119
42624  30.950  -38.832  -12.332 0.3000000119
157645  23.310  -44.187  -12.722 0.4000000060
39786  32.309  -41.225  -12.187 0.5000000000
40752  31.390  -40.411  -13.424 0.5000000000
39813  29.559  -41.288  -15.502 0.3000000119
38824  25.266  -42.197  -11.605 0.4000000060
38839  24.314  -41.971  -11.807 0.4000000060
38894  26.527  -42.241  -16.566 0.3000000119
37875  26.398  -42.520  -14.392 0.4000000060
39772  26.323  -41.386  -12.178 0.3000000119
39790  23.294  -41.375  -12.374 0.4000000060
36855  19.929  -44.138  -14.014 0.3000000119
38851  21.634  -42.408  -13.344 0.3000000119
39773  25.332  -41.492  -11.969 0.4000000060
37864  24.066  -43.298  -12.091 0.4000000060
37866  22.893  -43.127  -12.600 0.4000000060
36845  21.815  -43.773  -13.030 0.3000000119
39789  24.381  -41.143  -12.332 0.4000000060
38840  23.413  -42.564  -12.271 0.4000000060
36868  20.474  -44.669  -14.734 0.3000000119
39804  24.515  -40.854  -13.168 0.3000000119
38842  21.559  -43.081  -13.096 0.3000000119
37876  20.866  -43.607  -13.294 0.3000000119
40760  24.800  -41.000  -14.231 0.3000000119
40743  23.628  -40.919  -12.692 0.4000000060
38841  22.706  -42.311  -12.643 0.3000000119
40762  23.413  -41.104  -14.525 0.3000000119
2269  18.807  -85.000  -18.116 0.8000000119
1107  18.350  -88.344  -16.615 0.8000000119
93  18.516  -94.631  -17.281 0.6000000238
1764  5.806  -86.847  -10.769 0.8999999762
2715  12.304  -84.147  -14.211 0.8999999762
135900  20.620  -86.964  -14.420 0.5000000000
1448  22.009  -87.298  -16.905 0.5000000000
1106  22.324  -87.867  -16.475 0.4000000060
783  22.563  -89.634  -15.078 0.4000000060
1406  6.196  -87.466  -11.139 0.8999999762
155083  12.450  -85.769  -13.808 1.0000000000
153215  20.801  -87.499  -14.989 0.5000000000
110  20.135  -94.355  -20.160 0.4000000060
1076  10.605  -88.872  -12.037 1.0000000000
130  19.459  -94.413  -23.518 0.6999999881
1391  16.840  -88.059  -10.084 0.4000000060
193  18.993  -94.294  -24.008 0.6000000238
139730  18.135  -92.981  -30.165 0.6000000238
6731  3.942  -77.288  -1.282 0.8000000119
4290  3.220  -81.872  -7.697 0.8999999762
4288  9.764  -80.946  -7.625 0.6999999881
4893  8.818  -80.810  -6.569 0.8000000119
1379  6.399  -87.093  -8.649 0.8999999762
153199  12.525  -82.869  -9.898 0.5000000000
1049  10.938  -88.611  -10.065 0.8999999762
153677  9.813  -87.205  -8.727 0.8999999762
8450  12.082  -75.205  -36.469 0.5000000000
7735  14.613  -76.304  -36.103 0.5000000000
304  20.965  -92.921  -30.038 0.6999999881
6730  4.556  -76.709  -1.844 0.8000000119
3750  10.980  -82.672  -10.237 0.8000000119
134069  24.144  -89.296  -29.359 0.5000000000
154958  7.739  -77.737  3.399 0.3000000119
6031  9.197  -78.561  1.684 0.4000000060
7698  12.795  -76.476  -33.592 0.6000000238
7697  14.266  -76.920  -33.692 0.5000000000
14116  1.815  -68.061  -32.665 0.5000000000
2010  23.960  -87.505  -32.317 0.6000000238
7366  5.933  -75.810  -2.277 0.6999999881
6181  4.051  -77.940  -12.469 0.8999999762
6373  18.001  -78.404  -32.296 0.6999999881
7336  9.057  -76.459  0.760 0.4000000060
8128  5.212  -75.270  -3.254 0.8000000119
8147  4.941  -75.278  -4.127 0.8000000119
7419  3.140  -76.202  -6.191 1.0000000000
9186  5.902  -74.460  -33.268 0.6999999881
8205  3.230  -75.812  -7.932 1.0000000000
6812  3.156  -77.370  -9.909 0.8999999762
135778  7.546  -74.527  -31.352 0.6000000238
10918  5.929  -72.579  -30.813 0.6999999881
7468  9.620  -76.285  -10.795 0.8000000119
7492  9.289  -76.022  -12.022 0.6000000238
18950  4.088  -62.602  -17.262 0.6000000238
15727  5.324  -66.866  -22.419 0.8000000119
147247  7.310  -65.196  -17.354 0.6999999881
17292  7.206  -65.156  -18.344 0.6999999881
18144  5.196  -63.538  -19.986 0.5000000000
10605  6.339  -72.566  -6.306 0.8999999762
10585  5.885  -72.305  -5.586 0.8999999762
11418  3.848  -70.894  -4.948 0.8999999762
21658  4.269  -59.648  -16.347 0.6999999881
17282  5.776  -64.638  -16.720 0.8000000119
154497  2.845  -62.787  -19.694 0.5000000000
17330  7.593  -65.218  -20.037 0.6999999881
15837  7.668  -66.833  -29.182 0.6999999881
16690  8.592  -65.028  -30.197 0.6999999881
16688  10.017  -65.707  -29.750 0.6000000238
145657  6.996  -61.359  -16.661 0.8000000119
16534  9.223  -65.776  -21.639 0.6999999881
14043  9.172  -68.935  -25.710 0.6999999881
11423  8.276  -71.619  -5.288 0.8999999762
14627  4.542  -67.257  -4.659 0.8000000119
18949  7.050  -62.631  -16.437 0.8000000119
15740  8.815  -67.306  -23.381 0.6999999881
16373  5.181  -65.151  -3.779 0.8000000119
22615  7.438  -58.222  -15.683 0.6000000238
19875  7.970  -61.234  -20.820 0.8000000119
17180  6.555  -64.359  -4.354 0.8000000119
25523  10.313  -55.329  -18.387 0.4000000060
19734  7.146  -61.231  -4.766 0.6999999881
20659  6.153  -59.912  -4.607 0.6999999881
20673  4.983  -60.071  -5.870 0.8999999762
27552  10.092  -53.716  -18.218 0.4000000060
23463  6.214  -57.317  -2.260 0.5000000000
22530  5.061  -58.790  -5.213 0.8000000119
24392  7.268  -56.375  -3.664 0.6000000238
26404  18.256  -54.662  -7.939 0.6999999881
26356  4.453  -54.474  -5.158 0.8000000119
32805  6.989  -48.732  -16.126 0.6999999881
21568  20.740  -59.369  -5.824 0.3000000119
156821  11.679  -55.447  -5.240 0.6999999881
27379  8.898  -53.167  -5.292 0.8000000119
33915  8.986  -46.625  -19.088 0.6000000238
33931  9.335  -47.051  -19.760 0.5000000000
33913  10.220  -47.020  -18.808 0.5000000000
33895  10.428  -46.977  -17.787 0.6000000238
32826  13.061  -49.378  -15.777 0.5000000000
31589  29.818  -49.251  -5.797 0.4000000060
30525  29.372  -50.161  -5.895 0.4000000060
33678  29.207  -47.500  -6.304 0.4000000060
135078  25.832  -49.236  -6.652 0.3000000119
33859  19.376  -48.718  -15.331 0.5000000000
32820  20.133  -49.347  -16.876 0.4000000060
31749  19.329  -49.819  -17.131 0.4000000060
32843  19.346  -49.445  -17.893 0.4000000060
150395  21.728  -47.915  -16.799 0.4000000060
141151  28.841  -44.879  -6.028 0.4000000060
33893  19.090  -48.504  -18.422 0.3000000119
140252  26.330  -41.090  -12.885 0.4000000060
40734  32.220  -40.492  -11.556 0.4000000060
823  20.696  -89.264  -18.433 0.6000000238
154611  5.115  -63.736  -15.838 0.6999999881
1100  13.526  -88.840  -15.759 0.6999999881
1101  12.596  -88.791  -15.843 0.6999999881
222  16.385  -93.297  -12.982 0.6999999881
1456  12.057  -87.474  -16.738 0.8000000119
3207  19.776  -82.651  -13.308 0.6000000238
2684  19.982  -84.339  -12.240 0.6000000238
3217  20.248  -83.505  -13.647 0.6000000238
155711  19.551  -82.040  -13.888 0.6999999881
1410  20.062  -87.036  -11.999 0.5000000000
2710  20.609  -84.303  -14.993 0.6000000238
35  16.962  -94.427  -14.825 0.6999999881
44  17.643  -94.987  -17.139 0.6000000238
1769  19.606  -86.141  -11.522 0.5000000000
112  18.512  -94.410  -20.171 0.6999999881
2198  19.357  -85.187  -11.318 0.5000000000
1435  20.600  -87.940  -14.407 0.5000000000
119  18.612  -94.483  -21.374 0.6999999881
1759  18.476  -86.092  -10.556 0.5000000000
527  20.777  -90.371  -13.722 0.4000000060
3679  7.772  -82.054  -3.071 0.4000000060
1381  17.336  -87.060  -10.042 0.4000000060
5382  9.064  -79.733  2.989 0.4000000060
3057  6.136  -82.757  1.200 0.3000000119
3613  4.741  -81.632  2.466 0.4000000060
3656  5.871  -82.265  -0.581 0.4000000060
5427  7.174  -79.756  -0.565 0.6000000238
3103  10.251  -83.660  -4.246 0.4000000060
133938  12.447  -88.468  -7.520 0.4000000060
750  14.961  -90.107  -10.064 0.4000000060
619  22.860  -90.219  -22.787 0.4000000060
6642  6.300  -77.531  5.873 0.3000000119
5997  7.620  -78.361  4.867 0.4000000060
4795  8.612  -80.306  0.511 0.6000000238
6078  5.759  -78.153  -1.144 0.6999999881
1723  11.186  -86.581  -5.955 0.4000000060
1027  12.214  -89.739  -7.863 0.4000000060
406  24.737  -91.888  -24.732 0.4000000060
898  22.456  -90.077  -25.683 0.5000000000
134604  24.851  -92.040  -25.047 0.5000000000
423  24.073  -92.468  -25.084 0.5000000000
1539  19.676  -87.409  -24.808 0.6000000238
647  21.785  -90.432  -25.581 0.6000000238
1945  19.540  -86.464  -25.434 0.6000000238
1567  20.691  -87.136  -27.660 0.5000000000
1568  19.317  -87.534  -27.157 0.5000000000
6016  9.107  -78.950  2.497 0.4000000060
157358  9.335  -79.105  1.861 0.5000000000
6729  5.375  -77.321  -1.540 0.6999999881
1212  22.707  -88.544  -28.669 0.5000000000
137010  9.412  -79.007  0.395 0.6000000238
5442  7.807  -79.264  -1.479 0.6000000238
155787  3.623  -79.220  -8.357 1.0000000000
6758  3.698  -76.751  -3.447 0.8000000119
6131  4.279  -78.123  -6.076 0.8000000119
6132  3.387  -77.621  -7.018 1.0000000000
6145  3.128  -78.913  -8.965 1.0000000000
5135  21.413  -80.796  -30.569 0.6000000238
949  25.343  -89.592  -34.039 0.5000000000
6745  6.430  -76.759  -2.021 0.6999999881
8130  4.208  -75.799  -3.667 0.8000000119
1237  26.040  -88.940  -34.541 0.6000000238
1610  24.864  -87.720  -32.500 0.6000000238
7443  3.296  -76.047  -8.739 0.8999999762
6826  3.292  -77.186  -10.743 0.8999999762
7497  3.872  -77.004  -11.891 0.8000000119
6840  4.242  -77.375  -12.699 0.8000000119
7495  4.675  -76.784  -13.088 0.8000000119
135671  4.457  -76.755  -12.277 0.8000000119
7494  6.145  -76.229  -12.879 0.5000000000
7483  7.094  -76.328  -11.996 0.8000000119
7493  8.346  -76.205  -12.196 0.8000000119
7448  10.610  -76.109  -10.059 0.8000000119
8925  10.675  -74.763  -9.898 0.8000000119
9722  8.881  -73.885  -8.587 0.8000000119
10616  8.103  -72.835  -7.485 0.8999999762
15918  9.918  -65.910  -33.751 0.4000000060
10604  8.353  -72.334  -6.752 0.8999999762
15520  7.431  -66.519  -4.344 0.8000000119
16372  7.346  -65.467  -3.487 0.6999999881
21728  6.126  -59.025  -21.097 0.6999999881
23634  6.308  -57.835  -20.920 0.6999999881
23620  6.669  -57.162  -20.706 0.6999999881
23633  7.377  -57.866  -21.184 0.6999999881
22690  9.141  -58.667  -22.865 0.6000000238
22707  9.636  -58.781  -23.743 0.5000000000
22728  7.821  -58.230  -24.264 0.5000000000
24520  10.701  -56.186  -18.549 0.5000000000
22672  10.119  -58.932  -22.017 0.5000000000
20636  4.684  -60.097  -2.065 0.6000000238
21547  5.351  -59.352  -4.016 0.6999999881
22518  4.380  -58.289  -2.857 0.6000000238
22507  7.754  -58.427  -1.472 0.5000000000
23465  4.466  -57.699  -2.605 0.6000000238
144850  3.646  -56.738  -4.279 0.8999999762
24393  6.184  -56.299  -3.449 0.6999999881
28580  8.436  -52.466  -17.583 0.6000000238
145218  6.997  -51.308  -15.434 0.6000000238
28589  9.058  -52.209  -17.954 0.4000000060
29576  7.195  -51.393  -14.470 0.6000000238
29602  7.573  -51.301  -17.432 0.6000000238
30676  6.985  -50.438  -15.928 0.6999999881
30662  7.069  -50.523  -15.023 0.6000000238
30693  7.105  -50.281  -16.785 0.6999999881
31735  7.030  -49.616  -15.544 0.6999999881
31724  7.228  -49.696  -14.515 0.6000000238
138068  7.708  -50.402  -18.718 0.5000000000
30692  7.300  -50.015  -17.716 0.6000000238
25356  10.826  -55.748  -4.869 0.6999999881
25359  6.835  -54.697  -4.590 0.8000000119
26374  6.546  -53.775  -5.224 0.8000000119
152071  20.329  -55.393  -9.257 0.6999999881
26353  9.284  -54.132  -4.812 0.8000000119
152050  23.585  -58.011  -9.182 0.5000000000
31790  7.495  -49.550  -18.439 0.5000000000
26348  14.774  -54.216  -5.201 0.6999999881
26369  14.044  -55.154  -5.587 0.6999999881
27377  15.412  -53.476  -4.985 0.6999999881
26349  13.358  -55.471  -4.842 0.6999999881
32878  8.544  -48.223  -19.677 0.5000000000
21564  23.960  -59.695  -5.811 0.3000000119
33932  8.786  -47.299  -19.474 0.5000000000
25375  27.225  -55.883  -6.592 0.4000000060
27403  25.811  -53.455  -6.449 0.3000000119
31596  28.130  -49.648  -6.535 0.4000000060
31597  27.205  -49.751  -6.645 0.3000000119
153718  31.205  -45.053  -4.635 0.4000000060
36724  30.853  -44.189  -4.674 0.4000000060
38659  32.004  -42.619  -4.158 0.4000000060
37716  33.230  -43.305  -4.780 0.4000000060
36741  29.240  -44.107  -5.668 0.4000000060
37701  29.738  -43.293  -5.308 0.4000000060
39660  31.908  -41.863  -4.358 0.3000000119
38682  33.111  -42.475  -5.344 0.4000000060
38838  27.216  -41.574  -12.347 0.3000000119
39711  32.200  -41.308  -6.456 0.3000000119
40676  31.952  -41.113  -7.523 0.3000000119
38835  31.768  -41.979  -13.545 0.5000000000
134508  28.921  -41.262  -15.929 0.4000000060
37882  26.486  -43.638  -15.501 0.5000000000
41670  31.459  -39.618  -9.452 0.3000000119
41669  32.056  -40.204  -9.955 0.4000000060
49  16.908  -95.146  -17.819 0.5000000000
1770  18.958  -86.609  -11.016 0.5000000000
150832  17.452  -94.461  -20.249 0.6000000238
1390  18.206  -87.053  -10.582 0.4000000060
133499  17.586  -88.002  -10.538 0.4000000060
761  16.546  -89.785  -10.490 0.4000000060
5426  8.328  -79.790  -0.852 0.6000000238
6077  7.412  -78.559  -1.725 0.6999999881
150907  4.323  -75.780  -3.110 0.8000000119
6784  3.514  -76.718  -5.316 0.8000000119
6795  3.312  -77.097  -6.174 0.8000000119
138403  9.683  -74.013  -8.212 0.8999999762
15518  7.242  -66.135  -3.634 0.8000000119
22689  10.051  -59.009  -22.993 0.5000000000
22483  5.757  -59.191  -0.895 0.5000000000
22508  6.460  -58.503  -1.159 0.5000000000
21540  4.730  -59.201  -2.369 0.5000000000
23445  4.976  -58.043  -2.029 0.5000000000
29613  7.972  -50.991  -18.162 0.5000000000
29626  8.469  -51.492  -18.616 0.3000000119
26340  11.913  -55.878  -4.762 0.6999999881
36723  31.777  -44.163  -4.232 0.4000000060
37699  31.474  -43.346  -4.292 0.4000000060
38661  30.288  -42.494  -4.799 0.3000000119
37718  28.855  -43.226  -5.562 0.3000000119
41652  31.193  -39.885  -8.444 0.3000000119
40677  31.239  -40.442  -7.414 0.3000000119
29627  7.997  -51.053  -19.213 0.4000000060
1852  15.721  -85.968  -17.413 0.8999999762
2747  16.776  -84.333  -17.552 0.8000000119
2258  17.519  -85.956  -17.148 0.8000000119
1836  14.435  -87.083  -17.096 0.8999999762
1853  14.691  -86.210  -17.429 0.8999999762
3267  16.522  -82.943  -17.423 0.8000000119
2729  8.448  -84.473  -15.557 0.6999999881
2239  9.131  -85.077  -14.058 0.6999999881
2718  9.644  -84.396  -14.365 0.8000000119
3237  12.469  -82.893  -15.384 0.8000000119
804  13.824  -89.392  -15.181 0.8999999762
341  17.293  -91.594  -13.578 0.8000000119
785  18.160  -89.976  -15.106 0.8999999762
352  17.181  -90.839  -13.573 0.8000000119
787  16.986  -89.517  -14.451 0.8999999762
528  16.239  -90.766  -13.260 0.6999999881
227  17.590  -92.371  -14.047 0.8000000119
342  16.614  -91.494  -13.150 0.6999999881
232  18.062  -92.821  -15.004 0.8000000119
3795  16.864  -82.304  -15.093 0.8999999762
2726  15.512  -83.617  -14.846 0.8000000119
150631  18.772  -81.696  -16.375 0.6999999881
150193  12.649  -83.014  -17.494 0.8000000119
2744  20.079  -83.944  -18.248 0.8000000119
145705  11.451  -82.959  -17.696 0.8000000119
1837  13.524  -87.019  -17.165 0.8999999762
1850  18.731  -86.010  -17.860 0.6999999881
1450  18.223  -87.437  -16.774 0.6999999881
818  18.754  -89.607  -17.660 0.6999999881
154974  18.957  -88.399  -18.228 0.6999999881
3781  18.583  -81.883  -13.416 0.6999999881
4349  19.059  -81.636  -14.901 0.6999999881
2210  19.852  -85.214  -11.880 0.5000000000
2696  20.322  -84.355  -13.100 0.6000000238
2234  20.636  -85.203  -14.535 0.5000000000
2257  21.300  -85.209  -16.867 0.6000000238
136585  20.778  -86.050  -14.998 0.5000000000
138514  23.548  -89.043  -17.363 0.3000000119
243  19.855  -92.775  -16.955 0.5000000000
370  21.069  -91.755  -17.462 0.4000000060
544  14.620  -90.293  -13.890 0.6999999881
334  14.845  -91.969  -12.383 0.6000000238
241  22.297  -93.084  -17.734 0.4000000060
160  18.974  -94.108  -16.140 0.6000000238
4193  4.145  -81.061  1.469 0.5000000000
5430  3.908  -79.275  0.551 0.6999999881
4833  4.298  -80.866  -2.607 0.8000000119
3165  16.223  -83.614  -10.431 0.5000000000
158383  17.318  -83.467  -10.995 0.6000000238
2712  15.818  -84.693  -14.464 0.8999999762
2238  11.812  -84.990  -13.806 1.0000000000
1105  23.007  -88.206  -16.820 0.4000000060
2282  20.631  -85.362  -18.482 0.6999999881
216  15.617  -93.179  -12.572 0.6999999881
170  21.094  -94.226  -18.040 0.4000000060
92  19.406  -94.387  -17.409 0.5000000000
86  19.247  -94.288  -16.661 0.6000000238
159022  5.103  -80.442  2.170 0.5000000000
3712  7.601  -81.995  -6.494 0.8000000119
142756  17.509  -85.000  -9.704 0.6000000238
2671  18.806  -83.909  -11.036 0.6000000238
157146  20.417  -83.640  -14.492 0.6000000238
1092  22.761  -88.362  -16.082 0.3000000119
1867  21.219  -86.572  -18.427 0.5000000000
163  22.234  -93.592  -18.259 0.4000000060
96  21.298  -94.344  -19.190 0.4000000060
87  18.525  -94.399  -16.206 0.6999999881
41  18.023  -94.733  -16.417 0.6999999881
39  17.235  -94.845  -15.774 0.6999999881
1746  14.517  -86.635  -8.420 0.4000000060
2176  15.858  -85.103  -8.819 0.5000000000
150803  14.310  -84.686  -8.613 0.5000000000
2175  16.665  -85.180  -9.199 0.5000000000
2235  14.760  -85.725  -14.334 0.8999999762
105  19.683  -94.515  -19.471 0.5000000000
4765  5.671  -80.915  3.089 0.4000000060
159138  6.301  -82.456  -1.069 0.4000000060
3690  8.921  -81.560  -4.380 0.5000000000
1365  12.462  -87.274  -7.324 0.4000000060
1383  15.688  -87.655  -9.169 0.4000000060
155561  19.569  -83.598  -11.995 0.6000000238
131339  21.762  -90.302  -14.589 0.4000000060
106  18.790  -94.542  -18.928 0.5000000000
158118  19.293  -94.449  -21.618 0.6000000238
120  17.617  -94.717  -22.157 0.5000000000
202  18.417  -93.856  -24.224 0.4000000060
910  17.094  -89.660  -27.351 0.5000000000
434  16.338  -91.454  -27.586 0.5000000000
658  17.645  -90.472  -27.573 0.5000000000
4729  7.380  -81.034  5.836 0.3000000119
148384  15.152  -83.770  -9.670 0.5000000000
340  22.443  -91.368  -13.909 0.3000000119
182  20.822  -93.505  -21.069 0.4000000060
272  19.737  -93.329  -24.915 0.5000000000
414  19.159  -92.217  -24.634 0.6999999881
140602  18.573  -91.183  -24.182 0.4000000060
137035  20.581  -93.821  -22.442 0.6000000238
125  19.795  -94.423  -23.016 0.6999999881
888  17.489  -89.501  -24.339 0.5000000000
298  17.772  -92.538  -27.949 0.5000000000
4764  7.161  -80.816  2.977 0.4000000060
4782  7.547  -80.619  1.757 0.5000000000
4296  2.995  -81.756  -8.807 0.8999999762
6108  3.686  -78.393  -4.405 0.8000000119
3185  13.907  -83.936  -11.284 0.6000000238
765  8.293  -88.936  -10.385 1.0000000000
151636  22.034  -87.808  -25.084 0.6000000238
899  21.483  -89.494  -25.365 0.6000000238
884  21.286  -88.459  -25.066 0.6000000238
612  21.918  -91.665  -22.434 0.4000000060
409  21.930  -92.673  -23.271 0.5000000000
1195  18.156  -88.054  -24.998 0.5000000000
144460  20.250  -94.049  -24.721 0.5000000000
271  20.707  -93.482  -25.126 0.6999999881
190  21.394  -93.829  -24.385 0.6000000238
199  21.847  -93.661  -24.915 0.6999999881
1569  18.645  -87.902  -26.912 0.5000000000
1206  18.796  -88.753  -27.449 0.6000000238
10992  4.637  -72.076  -37.336 0.5000000000
213  17.732  -93.622  -29.356 0.5000000000
306  19.279  -93.358  -29.553 0.6000000238
5393  9.255  -79.688  2.011 0.5000000000
150644  7.194  -82.390  -12.229 0.6999999881
2620  7.949  -84.966  -6.408 0.8000000119
620  22.377  -90.880  -22.606 0.4000000060
407  23.667  -92.233  -24.290 0.5000000000
628  23.097  -91.320  -23.437 0.4000000060
142432  20.205  -92.282  -25.102 0.6999999881
266  22.456  -93.164  -24.302 0.6000000238
648  20.747  -90.286  -25.233 0.6999999881
9224  6.764  -73.746  -36.680 0.6000000238
916  20.458  -89.633  -28.105 0.6000000238
665  20.636  -90.965  -28.458 0.6000000238
439  21.121  -92.011  -29.100 0.6999999881
664  21.630  -91.182  -29.003 0.6999999881
924  22.420  -90.691  -29.199 0.6000000238
446  22.999  -92.144  -30.161 0.6000000238
447  21.778  -92.434  -29.601 0.6999999881
466  22.173  -91.773  -31.020 0.6000000238
454  21.747  -92.570  -30.275 0.6999999881
143231  22.287  -92.627  -30.031 0.6000000238
939  18.960  -90.279  -31.601 0.6000000238
2202  13.476  -85.220  -11.368 0.8000000119
424  23.276  -92.344  -25.358 0.5000000000
134351  23.410  -90.918  -25.694 0.5000000000
265  23.221  -92.794  -24.707 0.5000000000
1540  18.900  -87.791  -24.824 0.5000000000
1559  19.046  -87.171  -26.518 0.5000000000
885  20.545  -88.974  -24.911 0.6000000238
914  22.488  -89.530  -28.838 0.6000000238
1223  23.289  -89.410  -29.086 0.4000000060
675  25.003  -91.263  -31.087 0.5000000000
688  20.896  -90.774  -31.690 0.6999999881
699  19.779  -90.313  -33.687 0.4000000060
7293  6.152  -76.833  4.490 0.3000000119
1179  20.392  -87.955  -24.763 0.6000000238
929  25.371  -90.662  -30.478 0.5000000000
928  26.176  -90.409  -30.716 0.5000000000
154740  26.180  -90.397  -32.427 0.5000000000
692  24.276  -90.535  -32.819 0.5000000000
155754  22.603  -90.242  -32.516 0.5000000000
693  23.352  -90.518  -32.565 0.5000000000
132729  21.472  -90.033  -32.580 0.5000000000
1638  16.554  -87.877  -36.223 0.5000000000
7320  6.720  -75.934  2.171 0.3000000119
3981  20.695  -82.238  -31.782 0.6000000238
6436  20.130  -78.729  -37.729 0.5000000000
2467  18.966  -85.739  -36.997 0.5000000000
961  24.753  -89.514  -33.837 0.6000000238
1642  17.544  -87.560  -36.553 0.5000000000
8046  4.801  -74.976  3.672 0.3000000119
139919  2.621  -69.007  -34.777 0.6000000238
14124  2.774  -67.953  -33.949 0.6000000238
1240  23.628  -89.436  -33.024 0.6000000238
133032  22.101  -88.265  -32.152 0.6000000238
142225  23.117  -87.205  -32.252 0.6000000238
1241  22.804  -88.848  -32.429 0.6000000238
7346  9.743  -76.394  -0.380 0.4000000060
5730  20.494  -79.609  -31.705 0.6999999881
5127  20.950  -80.256  -30.065 0.5000000000
7032  16.820  -77.753  -33.266 0.6999999881
8423  6.717  -75.917  -33.667 0.8000000119
1238  25.285  -88.783  -33.908 0.5000000000
145007  3.752  -67.058  -32.797 0.6999999881
8187  3.188  -75.708  -6.488 1.0000000000
16725  3.584  -65.649  -31.994 0.6000000238
12534  5.307  -70.848  -31.291 0.6999999881
12558  7.322  -70.718  -33.647 0.6999999881
16670  5.561  -65.692  -30.294 0.6000000238
19840  3.685  -62.116  -17.077 0.6000000238
18204  2.666  -62.984  -22.911 0.6000000238
15838  6.855  -67.069  -29.132 0.6000000238
146489  3.372  -68.933  -5.246 0.6999999881
14646  3.588  -67.632  -6.234 0.8000000119
14628  3.600  -67.883  -4.917 0.8000000119
18119  6.676  -63.904  -15.723 0.8000000119
19858  8.561  -61.896  -19.963 0.8000000119
19907  6.368  -60.776  -23.849 0.5000000000
19894  8.436  -61.630  -22.465 0.5000000000
21746  7.232  -59.620  -22.926 0.6000000238
22710  7.635  -58.798  -23.636 0.5000000000
15537  5.444  -66.709  -4.909 0.8000000119
158165  8.619  -63.659  -23.107 0.6999999881
20825  6.487  -59.938  -21.456 0.6000000238
15521  6.722  -66.073  -4.206 0.8000000119
19747  3.584  -61.003  -5.889 0.8999999762
151951  3.070  -59.561  -8.097 0.8000000119
132872  9.828  -58.665  -21.000 0.6000000238
23493  3.450  -57.265  -6.536 0.8999999762
158282  3.868  -57.175  -9.649 0.6000000238
24380  4.581  -56.926  -2.784 0.5000000000
23491  19.901  -57.856  -6.919 0.4000000060
28444  12.872  -53.150  -8.281 0.8000000119
26436  17.813  -54.944  -9.497 0.6999999881
22552  22.182  -59.132  -7.952 0.5000000000
28384  16.290  -53.051  -4.724 0.6999999881
21581  21.899  -60.032  -6.416 0.3000000119
21602  23.160  -59.311  -8.170 0.4000000060
21579  24.258  -59.774  -6.852 0.3000000119
21601  24.114  -59.351  -8.253 0.5000000000
32777  7.165  -48.768  -15.123 0.6000000238
21578  25.015  -59.378  -6.891 0.3000000119
22551  25.449  -59.062  -7.546 0.4000000060
22557  24.558  -58.767  -8.706 0.5000000000
23490  25.856  -58.142  -6.290 0.3000000119
22535  24.799  -58.878  -5.647 0.3000000119
139192  26.153  -55.342  -6.408 0.3000000119
33867  11.898  -47.184  -15.553 0.6000000238
33864  14.315  -47.685  -15.179 0.6000000238
32844  11.931  -49.134  -17.948 0.4000000060
30528  25.654  -50.957  -6.684 0.3000000119
33836  13.920  -46.882  -14.660 0.5000000000
33863  15.306  -47.702  -15.295 0.6000000238
31769  17.958  -50.304  -17.904 0.3000000119
33672  29.752  -47.104  -5.973 0.4000000060
31595  28.904  -49.317  -6.338 0.4000000060
32645  26.432  -48.379  -6.645 0.3000000119
33680  26.079  -47.612  -6.611 0.3000000119
34692  29.505  -46.349  -6.006 0.4000000060
34704  28.214  -46.345  -6.565 0.3000000119
40656  31.136  -40.461  -6.296 0.3000000119
34897  20.353  -47.781  -17.942 0.5000000000
35723  27.799  -45.636  -6.545 0.3000000119
144445  29.593  -44.927  -5.675 0.4000000060
35862  22.559  -46.179  -15.703 0.3000000119
41681  32.052  -39.898  -10.889 0.4000000060
35833  23.072  -45.171  -14.109 0.3000000119
34882  20.125  -46.037  -17.532 0.3000000119
39661  30.958  -41.684  -4.380 0.3000000119
41719  31.354  -39.764  -12.998 0.4000000060
36854  20.619  -44.202  -13.796 0.3000000119
40692  32.191  -41.099  -8.601 0.3000000119
139243  22.279  -43.133  -12.827 0.3000000119
40758  30.758  -40.427  -14.277 0.3000000119
37890  26.845  -43.161  -16.235 0.4000000060
153569  26.091  -43.100  -15.718 0.4000000060
38877  26.024  -42.785  -16.309 0.3000000119
38861  25.693  -42.338  -15.268 0.4000000060
39802  26.728  -41.565  -13.204 0.4000000060
39803  25.508  -40.927  -13.495 0.4000000060
39788  25.463  -40.988  -12.607 0.4000000060
134607  22.345  -41.385  -13.348 0.3000000119
38878  25.569  -42.406  -16.217 0.3000000119
39814  26.037  -41.421  -13.875 0.4000000060
100  17.932  -94.682  -18.163 0.6000000238
23444  5.761  -57.938  -1.764 0.5000000000
152918  28.613  -50.467  -6.257 0.4000000060
9  16.677  -94.992  -15.474 0.8000000119
107  17.729  -94.531  -19.346 0.6999999881
45  16.811  -95.419  -16.966 0.6000000238
113  17.603  -94.532  -21.128 0.6000000238
1952  19.378  -86.511  -26.165 0.5000000000
1590  23.862  -87.700  -28.769 0.4000000060
22528  24.435  -58.909  -5.063 0.3000000119
54  16.767  -94.660  -19.825 0.6000000238
2385  20.675  -85.887  -26.577 0.4000000060
2369  20.211  -85.701  -25.843 0.5000000000
36  16.527  -94.575  -14.563 0.6000000238
2384  21.379  -85.658  -26.755 0.4000000060
2368  21.012  -85.259  -25.932 0.4000000060
1958  21.281  -86.353  -27.340 0.4000000060
1957  22.084  -86.458  -27.776 0.4000000060
157458  20.877  -85.300  -24.914 0.5000000000
1974  21.658  -87.042  -27.998 0.3000000119
1936  19.965  -86.478  -24.910 0.5000000000
1579  22.149  -87.725  -28.399 0.3000000119
2348  21.749  -85.349  -24.577 0.4000000060
1934  21.560  -86.109  -24.531 0.5000000000
144909  20.432  -87.019  -24.699 0.5000000000
142473  24.254  -88.434  -29.090 0.3000000119
1537  22.255  -86.795  -24.718 0.5000000000
938  26.704  -90.164  -32.542 0.4000000060
1193  23.110  -88.494  -25.562 0.5000000000
144655  23.027  -87.459  -25.179 0.5000000000
152843  23.037  -85.635  -24.514 0.4000000060
1933  22.372  -85.890  -24.510 0.5000000000
960  26.889  -88.882  -34.516 0.4000000060
1549  23.906  -88.039  -25.565 0.4000000060
8125  8.044  -74.800  -2.765 0.6999999881
8115  6.552  -75.193  -2.632 0.6999999881
8145  7.752  -74.961  -4.636 0.6999999881
8866  7.340  -74.712  -3.648 0.6999999881
158141  6.683  -74.868  -3.672 0.6999999881
8165  7.286  -75.466  -5.383 0.8999999762
140325  5.769  -75.192  -4.519 0.6999999881
144406  4.617  -75.319  -6.049 0.8999999762
8184  6.549  -75.846  -7.079 0.8999999762
8183  7.879  -75.900  -6.192 0.8999999762
133835  6.707  -75.723  -6.201 0.8999999762
157266  5.679  -75.466  -5.844 0.8999999762
137861  5.713  -75.612  -6.620 0.8999999762
8185  4.773  -75.551  -7.087 0.8999999762
7441  5.558  -76.308  -9.142 0.8000000119
8853  8.908  -74.761  -3.055 0.6999999881
8164  8.354  -75.474  -5.446 0.8999999762
7417  8.448  -76.146  -6.991 0.8000000119
7427  7.999  -76.328  -7.757 0.6999999881
7428  6.872  -76.143  -7.875 0.8000000119
7429  5.842  -76.103  -8.301 0.8000000119
8204  4.016  -75.739  -8.340 0.8999999762
140523  8.243  -76.554  -9.201 0.6999999881
7440  6.623  -76.409  -8.797 0.6999999881
7442  4.291  -76.024  -9.067 0.8000000119
139868  6.633  -76.584  -10.113 0.6999999881
139152  5.762  -76.542  -9.934 0.6999999881
7452  4.721  -76.361  -9.817 0.6999999881
7453  3.756  -76.337  -9.625 0.8000000119
133343  6.664  -76.524  -11.062 0.6999999881
155687  5.929  -76.583  -10.600 0.6999999881
7471  5.014  -76.525  -10.602 0.6999999881
139262  9.234  -76.540  -9.158 0.6999999881
148352  8.071  -76.551  -9.817 0.6999999881
7482  7.877  -76.436  -11.205 0.6999999881
7438  8.628  -76.509  -8.456 0.8000000119
7449  9.649  -76.427  -9.975 0.6999999881
8143  9.577  -74.615  -4.619 0.6999999881
8163  9.511  -75.269  -5.627 0.8999999762
7416  9.369  -76.147  -7.051 0.8000000119
8182  8.927  -75.922  -6.263 0.8999999762
9664  11.937  -73.433  -3.894 0.8999999762
8876  10.385  -74.323  -4.449 0.8999999762
7415  10.018  -76.055  -7.242 0.8000000119
8181  9.810  -75.754  -6.607 0.8000000119
8887  10.363  -74.626  -5.405 0.8999999762
7436  10.596  -76.225  -8.487 0.8000000119
134016  10.349  -76.357  -9.223 0.6999999881
8886  10.835  -74.281  -5.933 0.8999999762
146898  10.822  -75.465  -8.381 0.8000000119
8194  10.702  -75.541  -7.794 0.8000000119
8902  11.008  -73.801  -6.175 0.8000000119
8917  10.801  -75.099  -9.155 0.6999999881
9704  10.832  -73.522  -6.590 0.8000000119
9688  11.808  -73.002  -5.228 0.8000000119
10565  12.274  -72.246  -4.208 0.8000000119
9663  12.462  -72.953  -3.285 0.6999999881
9709  10.526  -74.113  -7.206 0.8000000119
10582  11.402  -72.444  -5.592 0.8000000119
139982  12.542  -72.295  -3.517 0.6999999881
11420  11.542  -71.862  -4.954 0.8000000119
11396  12.284  -71.695  -3.590 0.8000000119
152156  12.062  -71.144  -1.903 0.6000000238
12207  11.668  -70.479  -2.128 0.5000000000
9721  10.462  -74.642  -8.114 0.8000000119
10613  10.392  -73.288  -7.029 0.8000000119
11444  9.742  -71.952  -6.103 0.8000000119
11421  10.865  -71.676  -5.198 0.8000000119
13011  10.812  -69.418  -1.880 0.5000000000
11398  10.711  -71.040  -3.860 0.8000000119
11397  11.556  -71.144  -3.520 0.8000000119
10603  9.286  -72.319  -6.747 0.8000000119
11445  8.773  -71.981  -6.015 0.8000000119
144757  10.122  -71.643  -5.413 0.6999999881
13012  9.924  -69.090  -1.885 0.5000000000
158725  10.741  -69.992  -3.525 0.8000000119
13039  10.898  -69.652  -3.174 0.6999999881
13013  8.173  -69.405  -1.705 0.5000000000
11412  9.967  -71.221  -4.459 0.8000000119
153734  10.683  -68.961  -3.529 0.6000000238
13030  10.396  -68.937  -2.499 0.5000000000
13840  9.498  -68.654  -5.052 0.6999999881
13810  7.806  -68.783  -2.283 0.5000000000
147885  10.281  -68.490  -4.017 0.6999999881
13820  10.363  -68.606  -3.228 0.6000000238
13809  8.901  -68.899  -2.111 0.5000000000
13041  10.586  -69.239  -3.952 0.8000000119
13825  9.564  -68.005  -3.632 0.6000000238
14605  6.776  -67.781  -2.065 0.6000000238
13822  8.642  -68.232  -2.826 0.5000000000
15517  7.508  -66.576  -3.514 0.6999999881
14619  9.015  -67.511  -4.317 0.6999999881
14625  8.841  -67.439  -5.019 0.6999999881
14614  8.484  -67.539  -3.523 0.6999999881
152052  7.370  -67.330  -2.532 0.6999999881
16366  7.732  -65.838  -2.055 0.6999999881
14615  7.777  -67.177  -3.246 0.6999999881
16353  7.579  -65.618  -1.232 0.6999999881
141667  7.928  -65.179  -2.667 0.6000000238
18021  8.069  -64.126  -1.882 0.6000000238
17150  7.609  -64.721  -1.151 0.6000000238
16345  7.208  -65.358  -0.693 0.6000000238
17151  6.767  -64.617  -0.619 0.6000000238
18022  7.063  -63.746  -1.216 0.6000000238
146491  4.380  -62.847  -0.436 0.5000000000
18857  6.560  -62.786  -1.771 0.5000000000
20635  5.047  -60.462  -2.580 0.6000000238
150471  10.318  -58.221  -19.408 0.5000000000
25352  19.377  -55.081  -3.366 0.3000000119
24400  18.489  -56.286  -4.914 0.4000000060
26310  18.268  -54.224  -1.932 0.3000000119
27364  17.330  -53.363  -3.268 0.4000000060
25342  18.935  -54.319  -3.161 0.4000000060
26346  18.014  -54.103  -4.040 0.4000000060
25353  18.399  -55.168  -4.225 0.4000000060
23506  21.974  -57.470  -9.040 0.5000000000
137170  18.964  -55.345  -10.480 0.6000000238
23513  22.606  -57.094  -9.711 0.5000000000
23514  21.716  -56.449  -9.805 0.5000000000
25409  20.435  -55.367  -9.745 0.5000000000
25410  19.953  -55.137  -9.758 0.6000000238
151304  22.427  -56.506  -10.239 0.5000000000
24444  21.942  -56.071  -10.649 0.5000000000
25421  20.577  -55.370  -10.617 0.6000000238
157751  16.972  -53.454  -2.727 0.4000000060
27352  15.554  -53.306  -2.561 0.5000000000
26328  13.317  -54.469  -2.482 0.5000000000
28376  16.214  -52.925  -3.861 0.6000000238
28377  15.556  -52.988  -3.671 0.6000000238
131735  12.681  -55.074  -3.028 0.5000000000
25343  12.129  -55.869  -3.715 0.5000000000
27376  17.518  -53.438  -4.005 0.5000000000
22562  25.081  -58.202  -9.114 0.5000000000
132511  19.135  -55.443  -11.327 0.6000000238
23511  24.621  -57.474  -9.638 0.5000000000
135672  20.060  -55.320  -11.619 0.6000000238
24432  25.068  -56.623  -10.158 0.5000000000
24442  23.590  -56.062  -10.880 0.5000000000
27367  14.865  -53.411  -3.584 0.6000000238
26339  12.693  -55.577  -4.146 0.6000000238
27354  14.053  -53.997  -3.074 0.6000000238
28383  16.715  -53.248  -5.097 0.6000000238
26453  17.363  -55.363  -10.315 0.6000000238
23504  25.986  -58.134  -8.768 0.4000000060
23510  25.582  -57.489  -9.488 0.5000000000
24431  26.011  -56.578  -9.882 0.5000000000
151911  27.094  -55.557  -9.635 0.6000000238
31834  8.219  -50.156  -19.771 0.3000000119
32879  7.909  -48.941  -18.997 0.4000000060
28460  14.219  -53.813  -8.454 0.6000000238
150070  27.444  -57.460  -7.646 0.4000000060
148291  28.106  -56.042  -6.785 0.4000000060
24416  28.423  -56.326  -7.329 0.6000000238
25383  28.986  -55.542  -7.493 0.6000000238
31832  9.366  -49.091  -21.067 0.4000000060
32899  8.958  -48.494  -20.609 0.3000000119
27465  15.406  -54.114  -8.928 0.6000000238
28443  13.555  -53.445  -8.417 0.6000000238
28463  11.692  -52.910  -9.444 0.5000000000
28464  11.217  -52.993  -9.032 0.5000000000
28483  13.263  -52.874  -9.920 0.6000000238
148381  12.353  -52.871  -9.738 0.5000000000
24411  27.741  -56.671  -6.889 0.3000000119
155829  27.796  -54.542  -6.467 0.3000000119
27400  28.985  -53.973  -6.361 0.3000000119
28403  29.499  -52.757  -5.923 0.3000000119
28404  28.721  -53.240  -6.147 0.3000000119
143906  9.675  -47.503  -20.314 0.4000000060
32898  9.656  -48.155  -20.915 0.4000000060
28405  27.676  -53.091  -6.344 0.3000000119
29434  28.622  -52.397  -6.061 0.3000000119
144020  28.366  -51.410  -6.215 0.3000000119
29426  29.286  -51.110  -5.821 0.3000000119
32876  10.257  -47.859  -20.335 0.4000000060
32897  10.328  -48.784  -20.635 0.4000000060
32859  10.717  -47.973  -19.120 0.4000000060
29435  27.593  -52.150  -6.403 0.3000000119
31587  31.554  -49.889  -5.287 0.4000000060
31588  30.748  -49.703  -5.332 0.3000000119
33677  33.560  -47.494  -6.556 0.4000000060
35762  34.475  -45.276  -8.578 0.4000000060
145673  11.389  -48.417  -18.252 0.4000000060
31580  31.990  -49.238  -5.023 0.4000000060
32641  32.988  -48.709  -5.690 0.4000000060
32628  31.738  -48.537  -4.838 0.4000000060
32634  31.301  -49.131  -5.165 0.4000000060
33669  33.273  -47.908  -5.617 0.4000000060
34688  33.551  -47.020  -5.605 0.4000000060
32635  30.881  -48.289  -5.227 0.3000000119
34721  33.913  -46.313  -7.588 0.4000000060
142616  33.735  -46.106  -5.592 0.4000000060
35709  33.858  -45.237  -5.330 0.4000000060
35744  34.386  -45.109  -7.606 0.4000000060
37740  34.134  -43.708  -6.792 0.4000000060
36800  34.582  -44.397  -8.138 0.5000000000
37818  34.600  -43.535  -9.595 0.5000000000
37838  34.392  -43.605  -10.453 0.5000000000
36825  34.744  -44.365  -10.037 0.5000000000
35790  34.188  -45.025  -12.131 0.5000000000
36840  32.883  -44.564  -13.164 0.5000000000
34690  32.432  -46.147  -4.450 0.4000000060
34689  33.250  -46.475  -4.849 0.4000000060
35721  34.308  -45.045  -6.716 0.5000000000
35708  34.240  -44.948  -5.968 0.4000000060
36736  34.261  -44.382  -6.338 0.4000000060
37741  33.770  -43.106  -6.349 0.4000000060
38760  34.049  -42.898  -8.140 0.5000000000
37767  34.340  -43.635  -7.690 0.4000000060
38782  34.183  -42.799  -9.113 0.5000000000
37848  34.086  -43.693  -11.097 0.5000000000
36834  33.971  -44.202  -11.647 0.5000000000
37860  33.313  -43.793  -12.005 0.5000000000
36848  32.254  -44.886  -13.803 0.5000000000
36849  31.560  -44.462  -14.234 0.5000000000
36863  30.245  -44.786  -15.281 0.4000000060
36875  28.180  -44.935  -16.305 0.4000000060
158126  31.585  -45.819  -4.560 0.4000000060
35710  33.209  -45.382  -4.593 0.4000000060
36739  32.789  -44.219  -4.314 0.4000000060
145612  33.739  -43.756  -5.319 0.4000000060
37715  33.599  -43.128  -5.577 0.4000000060
37768  33.864  -43.049  -7.212 0.4000000060
38736  33.450  -42.446  -7.558 0.3000000119
39742  33.104  -41.897  -9.249 0.4000000060
37819  34.011  -42.928  -10.027 0.5000000000
39758  33.097  -41.915  -9.988 0.4000000060
37849  33.531  -43.460  -11.440 0.5000000000
37870  32.198  -43.960  -13.594 0.4000000060
140497  31.660  -42.855  -13.853 0.4000000060
36864  29.319  -44.816  -15.906 0.4000000060
35861  26.892  -45.016  -15.905 0.3000000119
36850  27.300  -44.510  -14.092 0.4000000060
37874  27.026  -43.403  -14.124 0.3000000119
37863  27.774  -42.733  -12.891 0.3000000119
136782  32.918  -41.945  -7.804 0.3000000119
38761  33.458  -42.251  -8.586 0.4000000060
39727  32.763  -41.697  -8.615 0.3000000119
38800  33.442  -42.507  -10.418 0.4000000060
39759  32.709  -41.407  -10.360 0.4000000060
38834  32.710  -42.200  -11.827 0.4000000060
149542  32.270  -41.974  -12.755 0.4000000060
158697  32.151  -42.548  -13.230 0.4000000060
37872  30.730  -43.162  -14.700 0.4000000060
37889  27.847  -44.249  -16.393 0.4000000060
38850  27.316  -42.138  -13.133 0.3000000119
39728  32.649  -41.392  -9.445 0.3000000119
39824  29.173  -42.209  -15.762 0.4000000060
38876  27.555  -43.662  -16.356 0.4000000060
9672  12.062  -73.091  -4.587 0.8999999762
131445  16.232  -54.210  -8.650 0.6000000238
26455  15.694  -54.593  -10.603 0.6000000238
159049  16.095  -94.735  -14.094 0.6000000238
14618  9.624  -67.921  -4.592 0.6999999881
27464  16.789  -54.389  -8.877 0.6000000238
26434  19.362  -54.991  -9.183 0.6000000238
23503  26.690  -57.893  -8.343 0.3000000119
33660  32.504  -47.153  -4.567 0.4000000060
33661  31.378  -47.605  -4.857 0.4000000060
39672  33.036  -42.128  -6.061 0.3000000119
39771  32.598  -41.344  -11.263 0.4000000060
38849  31.100  -42.146  -14.306 0.4000000060
38860  30.236  -42.279  -15.028 0.4000000060
39825  28.341  -41.951  -16.190 0.3000000119
30515  30.945  -50.636  -5.398 0.4000000060
1578  23.033  -87.656  -28.580 0.3000000119
23512  23.603  -57.444  -9.622 0.4000000060
30724  7.955  -50.474  -19.374 0.3000000119
35700  32.165  -45.143  -4.291 0.4000000060
37717  32.355  -43.287  -4.246 0.3000000119
137759  32.966  -42.089  -6.926 0.3000000119
40675  32.442  -41.528  -7.960 0.3000000119
36865  26.756  -44.479  -15.291 0.3000000119
36877  26.934  -44.288  -16.200 0.4000000060
10601  10.970  -72.809  -6.341 0.8000000119
12190  11.057  -69.981  -1.104 0.5000000000
24434  23.179  -56.670  -10.215 0.5000000000
27353  14.797  -53.476  -2.674 0.6000000238
24433  24.103  -56.703  -10.204 0.5000000000
23496  27.427  -57.307  -8.393 0.6000000238
24430  26.929  -56.576  -9.427 0.6000000238
24425  28.203  -56.603  -8.137 0.6000000238
24417  27.858  -57.070  -7.533 0.5000000000
25374  28.681  -55.569  -6.924 0.4000000060
26388  28.726  -54.719  -6.595 0.4000000060
25397  28.940  -55.201  -8.332 0.5000000000
26387  29.516  -54.288  -6.720 0.4000000060
27399  30.032  -53.708  -6.643 0.4000000060
30514  31.692  -50.538  -5.566 0.5000000000
144935  33.744  -46.947  -7.280 0.4000000060
139327  34.674  -45.176  -9.557 0.4000000060
34720  34.164  -45.721  -7.890 0.4000000060
35781  34.731  -45.194  -10.492 0.4000000060
32633  32.469  -49.084  -5.272 0.4000000060
155268  32.640  -47.718  -4.749 0.4000000060
33670  33.074  -47.458  -4.960 0.4000000060
35722  34.054  -45.592  -6.213 0.3000000119
36817  34.747  -44.387  -9.098 0.4000000060
36833  34.536  -44.307  -10.885 0.5000000000
37861  32.792  -43.703  -12.699 0.5000000000
37850  32.987  -43.148  -11.934 0.4000000060
155538  31.917  -43.397  -13.717 0.4000000060
144982  30.841  -44.132  -14.725 0.4000000060
36862  30.968  -44.841  -14.761 0.5000000000
37888  28.975  -44.076  -16.072 0.4000000060
36876  27.302  -44.874  -16.213 0.4000000060
138324  27.427  -45.530  -15.832 0.5000000000
145411  32.523  -42.804  -12.610 0.4000000060
37881  30.003  -43.999  -15.391 0.4000000060
38801  32.992  -42.039  -10.845 0.4000000060
144702  29.650  -43.167  -15.559 0.4000000060
875  23.749  -90.630  -23.480 0.3000000119
644  25.040  -91.484  -25.415 0.4000000060
405  25.485  -91.707  -25.005 0.4000000060
897  23.382  -89.729  -25.788 0.4000000060
140044  5.390  -66.201  -0.398 0.4000000060
15490  7.066  -66.179  -0.738 0.5000000000
16346  6.291  -65.601  -0.393 0.5000000000
134840  20.884  -55.522  -12.006 0.5000000000
25432  23.384  -54.883  -12.666 0.4000000060
25434  21.746  -55.550  -12.452 0.5000000000
25451  21.162  -55.154  -13.287 0.5000000000
132758  20.373  -54.896  -13.020 0.5000000000
25431  24.913  -53.945  -12.338 0.4000000060
136213  24.128  -54.484  -12.666 0.4000000060
25417  23.897  -55.306  -11.812 0.5000000000
25435  19.425  -55.130  -12.544 0.5000000000
26480  25.187  -53.999  -12.546 0.4000000060
24441  24.436  -55.741  -10.881 0.5000000000
25436  18.457  -55.376  -12.209 0.5000000000
25423  18.119  -55.577  -11.008 0.5000000000
26454  16.486  -55.024  -10.328 0.5000000000
158970  16.764  -55.297  -10.911 0.5000000000
26467  27.185  -53.447  -11.167 0.4000000060
26449  27.063  -53.425  -10.902 0.4000000060
24439  26.398  -55.422  -10.158 0.5000000000
24440  25.413  -55.252  -10.788 0.5000000000
25437  17.516  -55.343  -12.057 0.5000000000
26478  26.830  -53.731  -11.840 0.4000000060
25407  26.939  -54.408  -10.209 0.4000000060
26469  16.177  -54.891  -11.204 0.5000000000
26433  27.571  -53.797  -10.052 0.4000000060
25455  16.090  -55.076  -12.585 0.5000000000
27498  27.898  -53.055  -10.990 0.4000000060
139436  14.448  -53.501  -10.484 0.5000000000
27486  15.151  -54.097  -9.979 0.5000000000
26470  15.515  -54.422  -11.633 0.5000000000
25405  28.243  -54.432  -9.232 0.5000000000
25398  28.317  -55.694  -8.658 0.5000000000
26483  15.420  -54.706  -12.349 0.5000000000
26432  28.196  -53.463  -9.867 0.4000000060
27461  28.889  -53.424  -9.745 0.4000000060
27487  14.302  -53.641  -11.358 0.5000000000
157101  29.485  -54.551  -7.828 0.4000000060
27440  29.363  -53.624  -8.885 0.4000000060
27417  29.990  -54.018  -7.253 0.4000000060
26402  29.346  -55.026  -6.989 0.5000000000
28441  30.330  -53.204  -7.798 0.4000000060
27460  29.768  -53.455  -9.211 0.4000000060
148309  30.359  -52.919  -6.284 0.5000000000
151488  30.749  -52.839  -7.183 0.4000000060
29442  31.070  -52.239  -6.562 0.4000000060
29441  31.479  -51.582  -6.068 0.4000000060
35848  29.576  -45.543  -15.667 0.4000000060
133041  24.212  -90.776  -25.722 0.4000000060
152384  15.910  -95.596  -16.378 0.6000000238
25415  26.234  -54.067  -11.031 0.4000000060
25433  22.652  -55.101  -12.840 0.5000000000
25468  21.210  -55.414  -13.753 0.4000000060
25469  20.472  -54.991  -14.055 0.5000000000
141852  24.615  -54.441  -11.795 0.4000000060
25416  25.408  -53.759  -11.737 0.4000000060
26450  26.306  -53.684  -11.675 0.4000000060
29433  30.859  -51.999  -5.871 0.5000000000
947  27.337  -89.569  -33.346 0.3000000119
3655  6.923  -82.847  -1.295 0.3000000119
770  19.231  -89.699  -11.226 0.3000000119
513  19.687  -90.533  -11.193 0.3000000119
780  20.539  -89.440  -13.759 0.3000000119
1409  20.273  -87.946  -12.602 0.4000000060
777  20.334  -89.796  -12.339 0.3000000119
143880  20.346  -89.051  -12.865 0.3000000119
331  21.805  -91.581  -13.297 0.3000000119
11365  7.590  -71.010  -0.253 0.3000000119
11349  8.911  -71.824  0.082 0.4000000060
10525  10.555  -72.365  -0.308 0.4000000060
9621  10.494  -73.229  -0.152 0.4000000060
144967  10.791  -74.602  -2.725 0.5000000000
8831  11.076  -74.202  -0.825 0.4000000060
8112  9.640  -75.392  -2.283 0.6000000238
153308  10.373  -75.067  -2.293 0.6000000238
8864  9.657  -74.463  -3.727 0.6000000238
11350  8.026  -71.636  0.188 0.3000000119
146079  9.798  -74.137  0.667 0.3000000119
9622  9.863  -73.416  0.339 0.4000000060
140842  9.647  -75.881  0.377 0.3000000119
9642  10.921  -73.747  -0.409 0.4000000060
145035  11.834  -72.935  -1.314 0.4000000060
8095  10.449  -75.293  -0.537 0.5000000000
8832  10.680  -74.575  -0.204 0.4000000060
8863  10.533  -74.360  -3.567 0.6000000238
147244  9.759  -75.853  -1.549 0.5000000000
11363  9.577  -71.109  -0.235 0.4000000060
140630  8.522  -73.092  0.711 0.3000000119
10535  11.858  -72.198  -1.224 0.4000000060
9606  8.279  -73.856  1.022 0.3000000119
9650  12.347  -72.499  -1.900 0.4000000060
12167  8.122  -70.402  -0.689 0.4000000060
8799  8.690  -74.794  1.211 0.3000000119
11362  10.493  -71.412  -0.402 0.4000000060
11376  12.231  -71.760  -1.674 0.5000000000
9655  12.013  -73.565  -2.845 0.6000000238
8064  8.941  -75.625  0.991 0.3000000119
12166  9.251  -70.198  -0.643 0.4000000060
13014  7.148  -69.344  -1.902 0.4000000060
11377  11.795  -71.347  -1.246 0.4000000060
12996  7.606  -69.910  -1.289 0.4000000060
12995  8.485  -69.875  -1.106 0.4000000060
13811  6.116  -68.516  -1.891 0.4000000060
13812  5.510  -68.204  -1.369 0.3000000119
158549  6.169  -67.782  -1.504 0.4000000060
14588  5.820  -67.381  -0.995 0.3000000119
15505  6.621  -67.002  -1.164 0.5000000000
17152  5.601  -64.644  -0.404 0.4000000060
18016  4.228  -63.724  -0.038 0.4000000060
19661  5.125  -62.244  1.825 0.3000000119
18837  4.074  -62.585  0.656 0.4000000060
139194  4.975  -63.787  -0.488 0.4000000060
19672  5.426  -61.887  1.494 0.3000000119
133026  4.067  -62.281  0.131 0.4000000060
19685  5.011  -61.575  0.902 0.4000000060
20617  4.980  -60.579  -0.345 0.4000000060
20597  6.161  -60.891  0.555 0.4000000060
18847  4.268  -61.881  -0.470 0.4000000060
19712  4.579  -61.402  -1.251 0.4000000060
19683  8.042  -61.360  0.791 0.4000000060
139594  7.496  -61.830  1.250 0.4000000060
20583  5.768  -61.519  1.024 0.4000000060
19658  7.479  -62.177  2.032 0.3000000119
19671  6.206  -61.843  1.638 0.4000000060
19719  4.704  -60.738  -1.837 0.4000000060
19699  4.432  -61.233  -0.532 0.4000000060
21504  4.793  -60.096  -1.114 0.4000000060
20616  7.886  -60.630  0.392 0.4000000060
134791  8.721  -61.605  0.630 0.4000000060
21529  5.121  -59.460  -1.221 0.4000000060
153310  8.549  -60.252  -0.010 0.4000000060
21501  6.999  -59.633  -0.255 0.4000000060
20594  9.764  -61.155  0.026 0.3000000119
143418  9.975  -60.474  -0.463 0.3000000119
21500  8.835  -59.744  -0.514 0.4000000060
21528  7.360  -58.984  -0.705 0.4000000060
20614  10.550  -60.704  -0.394 0.3000000119
21499  9.662  -59.922  -0.751 0.3000000119
21527  8.342  -59.036  -0.859 0.4000000060
22506  8.805  -58.698  -1.635 0.4000000060
22480  11.687  -58.852  -0.608 0.3000000119
22505  9.665  -58.911  -1.807 0.3000000119
23425  11.844  -57.924  -0.653 0.3000000119
23458  11.115  -57.314  -2.062 0.3000000119
22481  10.921  -59.187  -0.898 0.3000000119
22516  9.219  -58.363  -2.406 0.4000000060
22478  12.568  -57.737  -0.582 0.3000000119
23441  11.409  -57.457  -1.158 0.3000000119
140412  13.704  -56.247  -0.860 0.3000000119
22515  10.100  -58.463  -2.344 0.3000000119
23442  10.787  -58.078  -1.813 0.3000000119
23460  9.813  -58.026  -3.028 0.3000000119
23440  12.079  -56.838  -0.701 0.3000000119
24363  12.111  -55.822  -1.119 0.3000000119
24364  11.611  -56.578  -1.428 0.3000000119
138057  10.089  -56.896  -4.042 0.3000000119
25319  12.675  -55.090  -1.114 0.3000000119
142494  10.999  -56.781  -3.528 0.4000000060
26314  14.626  -54.244  -1.650 0.4000000060
25331  12.653  -54.841  -1.964 0.4000000060
158543  12.225  -55.464  -2.493 0.4000000060
147147  16.103  -54.191  -1.880 0.3000000119
140611  14.065  -54.554  -1.417 0.4000000060
31850  9.626  -49.903  -21.351 0.3000000119
32875  10.875  -48.841  -19.742 0.3000000119
25344  11.418  -56.318  -4.130 0.4000000060
30768  9.911  -50.656  -21.732 0.3000000119
31807  11.869  -49.801  -19.421 0.3000000119
31788  12.265  -49.706  -18.547 0.4000000060
2357  21.159  -84.992  -25.177 0.3000000119
1422  20.434  -87.498  -13.571 0.4000000060
10526  9.768  -72.046  -0.087 0.4000000060
10510  8.312  -72.390  0.465 0.3000000119
8102  10.364  -75.358  -1.485 0.5000000000
153819  10.233  -74.601  0.436 0.3000000119
8103  9.960  -75.839  -0.874 0.5000000000
147119  12.836  -55.972  -0.762 0.3000000119
25318  13.644  -55.265  -1.054 0.3000000119
7363  9.203  -76.058  -1.946 0.5000000000
25317  14.719  -54.941  -1.406 0.3000000119
1401  18.863  -87.566  -11.104 0.4000000060
8113  8.621  -75.366  -2.459 0.6000000238
12993  10.196  -69.623  -1.103 0.4000000060
25420  21.437  -55.689  -11.197 0.4000000060
24443  22.758  -56.190  -10.857 0.4000000060
25418  23.128  -55.668  -11.792 0.4000000060
31831  9.904  -49.155  -21.201 0.4000000060
29432  31.271  -51.255  -5.676 0.4000000060
12165  10.378  -70.416  -0.606 0.4000000060
28389  30.148  -52.183  -5.733 0.4000000060
1064  19.710  -88.768  -11.569 0.4000000060
769  19.969  -89.706  -11.701 0.3000000119
9641  11.428  -73.583  -1.072 0.4000000060
9651  11.907  -73.450  -1.890 0.6000000238
137626  4.577  -67.177  -0.427 0.3000000119
21481  5.719  -60.356  -0.050 0.4000000060
21525  10.095  -59.420  -1.210 0.3000000119
2142  11.376  -85.702  -6.306 0.3000000119
150000  11.402  -87.470  -6.320 0.3000000119
760  17.376  -89.775  -10.744 0.3000000119
506  17.985  -90.512  -10.380 0.3000000119
1056  17.835  -88.874  -10.951 0.3000000119
759  18.288  -89.732  -10.951 0.3000000119
1065  18.816  -88.650  -11.182 0.3000000119
1399  19.984  -87.936  -11.800 0.3000000119
30516  30.072  -50.904  -5.511 0.3000000119
31787  12.958  -50.288  -18.173 0.3000000119
3  16.865  -94.637  -15.194 0.6999999881
15  16.109  -95.446  -15.690 0.6000000238
19  16.000  -95.668  -16.847 0.6000000238
25  15.733  -94.252  -12.659 0.6000000238
29  16.667  -94.317  -14.097 0.6000000238
30  16.198  -94.418  -13.658 0.6000000238
31  15.665  -94.580  -13.388 0.6000000238
34  17.239  -94.558  -15.335 0.8000000119
42  17.314  -95.092  -16.449 0.6999999881
43  16.637  -95.359  -16.196 0.6000000238
53  16.889  -94.897  -18.829 0.5000000000
78  15.269  -94.396  -12.288 0.6999999881
81  16.233  -94.106  -13.229 0.6999999881
83  17.492  -94.384  -15.083 0.8000000119
91  20.351  -94.369  -17.927 0.5000000000
97  20.943  -94.441  -18.603 0.4000000060
98  19.631  -94.519  -18.404 0.5000000000
99  18.897  -94.500  -18.020 0.5000000000
117  20.056  -94.263  -22.354 0.6999999881
118  19.519  -94.432  -22.275 0.6999999881
126  19.120  -94.500  -22.871 0.6000000238
129  20.036  -94.395  -23.645 0.6000000238
131  18.610  -94.463  -23.343 0.6000000238
148  17.058  -93.503  -13.701 0.6999999881
154  18.213  -94.253  -15.656 0.8000000119
158  20.084  -93.773  -16.891 0.5000000000
164  20.673  -93.997  -17.469 0.4000000060
167  23.369  -93.326  -18.949 0.4000000060
168  22.546  -93.643  -18.776 0.4000000060
187  20.994  -93.914  -23.576 0.6000000238
189  22.035  -93.534  -24.580 0.6000000238
192  19.825  -94.329  -24.153 0.5000000000
201  19.392  -93.942  -24.491 0.5000000000
208  21.489  -93.579  -25.119 0.6999999881
209  17.993  -93.674  -28.889 0.5000000000
215  17.268  -93.423  -29.639 0.5000000000
223  16.143  -92.274  -12.801 0.6999999881
240  23.120  -93.163  -18.373 0.4000000060
250  23.871  -92.997  -19.162 0.4000000060
267  21.724  -93.516  -23.885 0.6000000238
269  23.422  -92.813  -25.004 0.5000000000
270  22.607  -93.251  -24.914 0.5000000000
281  22.132  -93.304  -25.190 0.6999999881
296  19.768  -93.041  -29.263 0.6000000238
307  18.445  -93.503  -29.562 0.6000000238
308  17.764  -93.292  -29.830 0.5000000000
313  20.024  -93.076  -29.981 0.6000000238
333  15.402  -92.293  -12.506 0.6999999881
339  22.872  -91.556  -13.289 0.3000000119
344  14.518  -91.364  -12.617 0.6000000238
350  18.136  -90.695  -14.775 0.8000000119
351  17.849  -91.250  -14.143 0.8999999762
369  22.060  -92.010  -17.543 0.4000000060
413  24.095  -92.502  -24.942 0.5000000000
440  20.389  -92.357  -28.903 0.6999999881
442  18.620  -92.511  -28.192 0.6000000238
448  21.078  -92.706  -29.619 0.6999999881
451  24.236  -91.552  -30.934 0.6000000238
455  20.724  -92.513  -30.330 0.6999999881
465  22.823  -91.602  -31.273 0.5000000000
467  21.339  -91.667  -30.893 0.6000000238
498  17.524  -90.736  -9.663 0.3000000119
514  18.918  -90.545  -10.642 0.3000000119
525  21.733  -91.119  -14.121 0.4000000060
526  21.102  -91.140  -13.602 0.3000000119
540  21.041  -89.805  -14.444 0.4000000060
542  16.735  -90.121  -13.799 0.8999999762
543  15.651  -90.203  -13.807 0.8999999762
545  13.582  -90.373  -13.955 0.6000000238
561  18.564  -90.160  -17.092 0.6999999881
570  21.447  -90.967  -17.632 0.4000000060
573  18.897  -90.264  -17.588 0.6999999881
582  20.012  -90.035  -18.175 0.6000000238
626  25.593  -91.418  -24.680 0.4000000060
635  19.672  -90.196  -24.636 0.6000000238
645  24.162  -91.883  -25.422 0.5000000000
656  19.292  -90.637  -27.744 0.6000000238
667  19.033  -91.505  -27.873 0.6000000238
669  24.568  -91.071  -30.376 0.6000000238
673  26.289  -90.506  -31.637 0.5000000000
683  25.732  -90.557  -32.312 0.5000000000
685  24.433  -91.167  -31.694 0.5000000000
686  22.759  -90.854  -32.051 0.5000000000
690  25.880  -90.195  -33.286 0.5000000000
694  22.028  -90.412  -32.247 0.5000000000
700  19.032  -90.394  -34.151 0.6999999881
701  18.352  -90.360  -34.453 0.6000000238
751  14.161  -90.576  -9.670 0.4000000060
754  8.488  -88.758  -9.677 0.8999999762
755  7.822  -88.539  -10.109 1.0000000000
763  10.735  -89.161  -10.307 0.8999999762
764  9.022  -89.122  -10.233 1.0000000000
773  8.550  -89.089  -10.977 1.0000000000
798  23.240  -88.879  -15.727 0.3000000119
799  22.221  -88.935  -15.424 0.4000000060
800  18.131  -89.213  -15.492 0.8999999762
801  17.599  -88.792  -15.406 0.8999999762
811  23.580  -88.674  -16.929 0.3000000119
812  18.500  -89.286  -16.857 0.8000000119
824  19.770  -89.249  -18.481 0.6000000238
825  19.037  -89.095  -18.231 0.6999999881
886  19.075  -89.298  -24.441 0.4000000060
889  16.843  -89.257  -24.676 0.4000000060
904  16.645  -89.218  -26.775 0.4000000060
911  16.284  -89.934  -27.221 0.5000000000
921  24.832  -90.101  -29.844 0.4000000060
927  26.969  -90.257  -31.106 0.5000000000
953  22.050  -89.918  -32.533 0.5000000000
955  20.216  -90.070  -33.740 0.4000000060
962  24.214  -89.719  -33.605 0.6000000238
1029  8.077  -87.738  -7.874 0.8999999762
1030  7.549  -87.492  -7.908 0.8999999762
1041  8.697  -88.072  -8.283 0.8999999762
1045  16.162  -88.153  -9.775 0.4000000060
1047  14.547  -89.333  -9.556 0.4000000060
1050  10.119  -88.739  -9.576 0.8999999762
1052  8.692  -88.475  -8.930 0.8999999762
1054  7.268  -88.097  -9.731 1.0000000000
1057  17.019  -88.947  -10.655 0.4000000060
1058  16.274  -88.974  -10.253 0.4000000060
1059  12.259  -88.742  -10.880 0.8999999762
1061  7.235  -88.316  -10.643 1.0000000000
1063  20.226  -88.824  -12.025 0.4000000060
1066  13.191  -88.544  -11.695 0.8999999762
1069  10.977  -89.365  -11.373 0.8999999762
1070  9.976  -89.180  -11.496 1.0000000000
1077  9.330  -88.604  -12.012 1.0000000000
1078  8.203  -88.513  -11.981 1.0000000000
1082  20.410  -88.475  -13.640 0.4000000060
1083  7.206  -87.698  -12.562 0.8999999762
1086  21.316  -88.999  -15.085 0.4000000060
1091  23.408  -88.578  -16.395 0.3000000119
1098  15.321  -88.941  -15.455 0.8999999762
1099  14.428  -88.887  -15.649 0.8999999762
1110  13.247  -88.267  -16.329 0.8000000119
1111  12.350  -88.169  -16.359 0.8000000119
1117  22.869  -88.416  -17.473 0.4000000060
1126  19.545  -88.489  -18.590 0.6999999881
1201  17.831  -88.148  -26.327 0.5000000000
1208  17.402  -88.834  -26.948 0.5000000000
1214  20.384  -88.569  -27.946 0.5000000000
1222  23.541  -88.482  -28.880 0.4000000060
1250  19.914  -89.616  -34.255 0.6000000238
1251  19.344  -89.176  -34.920 0.6999999881
1256  17.974  -89.515  -35.365 0.6999999881
1260  17.524  -88.995  -35.492 0.5000000000
1356  7.227  -87.036  -7.223 0.8999999762
1357  6.770  -86.570  -7.018 0.8999999762
1358  6.017  -86.350  -7.343 0.8999999762
1366  11.950  -88.009  -6.895 0.3000000119
1370  6.521  -86.902  -7.797 0.8999999762
1373  15.303  -86.837  -8.706 0.4000000060
1376  13.149  -87.671  -7.908 0.4000000060
1378  7.064  -87.473  -8.291 0.8999999762
1400  19.515  -87.196  -11.469 0.4000000060
1402  14.644  -87.963  -12.351 0.8999999762
1403  13.842  -88.137  -11.506 0.8999999762
1405  6.715  -87.841  -11.761 0.8999999762
1411  14.015  -88.360  -11.980 0.8999999762
1415  9.303  -87.851  -12.434 1.0000000000
1417  7.608  -87.946  -12.453 0.8999999762
1418  6.775  -87.507  -12.481 0.8000000119
1419  6.261  -86.945  -12.952 0.8000000119
1431  6.178  -86.699  -13.756 0.6000000238
1436  6.857  -86.888  -14.137 0.6000000238
1440  21.596  -87.656  -16.004 0.5000000000
1447  22.426  -87.812  -17.331 0.4000000060
1451  17.688  -87.390  -16.464 0.8999999762
1453  15.711  -87.636  -16.557 0.8999999762
1457  11.137  -87.390  -16.701 0.8000000119
1464  18.547  -86.877  -17.384 0.6999999881
1473  20.628  -87.120  -18.772 0.6000000238
1474  19.775  -86.988  -18.791 0.6999999881
1475  19.061  -86.916  -18.238 0.6999999881
1538  21.337  -86.929  -24.642 0.5000000000
1550  19.283  -87.115  -25.147 0.5000000000
1560  18.437  -87.497  -26.077 0.5000000000
1581  20.651  -87.885  -27.974 0.5000000000
1602  20.496  -87.381  -31.795 0.6000000238
1612  22.582  -87.729  -32.154 0.6000000238
1613  21.338  -88.424  -32.200 0.6000000238
1616  18.674  -87.494  -32.870 0.6000000238
1623  26.715  -88.381  -34.545 0.6000000238
1636  18.019  -87.821  -36.005 0.5000000000
1731  11.658  -86.441  -6.618 0.4000000060
1733  7.239  -86.452  -6.562 0.8999999762
1735  6.207  -85.995  -6.664 0.8999999762
1739  12.161  -86.349  -7.200 0.4000000060
1740  8.928  -87.112  -7.697 0.8999999762
1742  7.690  -86.931  -6.938 0.8999999762
1749  9.444  -86.699  -8.291 0.8000000119
1750  5.902  -86.534  -8.129 0.8999999762
1754  10.382  -87.056  -9.386 0.8999999762
1755  9.896  -86.260  -9.024 0.8999999762
1756  5.955  -86.674  -8.988 1.0000000000
1773  14.269  -87.339  -11.383 0.8999999762
1775  5.785  -86.756  -11.621 0.8000000119
1781  20.162  -86.097  -12.272 0.5000000000
1782  15.290  -87.408  -12.160 0.8999999762
1783  9.932  -87.237  -12.721 0.8999999762
1791  20.488  -86.697  -13.586 0.5000000000
1793  13.934  -87.393  -13.297 0.8999999762
1794  12.651  -86.766  -13.548 1.0000000000
1797  9.263  -86.378  -13.109 0.8999999762
1798  8.273  -86.692  -13.324 0.8999999762
1810  7.109  -86.795  -14.520 0.5000000000
1831  21.592  -86.328  -17.893 0.5000000000
1834  16.756  -86.390  -17.047 0.8999999762
1854  13.231  -86.186  -17.416 0.8999999762
1935  20.727  -86.233  -24.653 0.5000000000
1946  18.994  -86.980  -25.756 0.5000000000
1951  19.949  -86.183  -26.436 0.4000000060
1959  20.420  -86.452  -27.063 0.4000000060
1960  19.730  -86.865  -27.035 0.5000000000
2000  19.639  -86.648  -31.505 0.6000000238
2002  18.334  -86.694  -32.013 0.6000000238
2020  22.702  -86.388  -33.075 0.6000000238
2037  17.652  -86.325  -37.789 0.5000000000
2143  10.940  -85.868  -5.531 0.3000000119
2144  6.443  -85.211  -5.624 0.8000000119
2145  6.058  -84.988  -5.603 0.8999999762
2146  5.660  -84.636  -5.944 0.8999999762
2149  7.121  -85.449  -5.838 0.8000000119
2151  5.722  -85.335  -6.373 0.8999999762
2160  5.047  -85.389  -7.182 0.8999999762
2164  15.231  -85.862  -8.576 0.5000000000
2166  13.705  -84.967  -8.353 0.5000000000
2177  15.019  -84.860  -8.651 0.5000000000
2188  12.560  -85.206  -11.186 0.8000000119
2189  11.699  -85.816  -10.745 0.8000000119
2190  10.553  -85.150  -10.084 0.8000000119
2199  16.031  -85.892  -12.144 0.8000000119
2200  15.426  -85.984  -11.778 0.8999999762
2203  5.620  -86.149  -11.239 0.8000000119
2211  16.803  -85.343  -13.139 0.8000000119
2214  4.903  -85.133  -12.549 0.6999999881
2221  20.480  -85.226  -13.569 0.5000000000
2223  16.218  -86.125  -13.324 0.8999999762
2226  11.883  -85.915  -13.605 1.0000000000
2227  10.946  -85.652  -13.428 1.0000000000
2236  13.774  -85.460  -14.321 0.8999999762
2266  21.100  -85.761  -18.300 0.6000000238
2267  20.976  -84.946  -18.215 0.6000000238
2268  19.691  -84.697  -18.393 0.6999999881
2270  17.557  -84.981  -17.460 0.8000000119
2272  14.809  -85.230  -17.649 0.8999999762
2276  11.087  -85.122  -17.902 0.8000000119
2283  20.034  -85.378  -18.666 0.6999999881
2349  20.489  -85.760  -24.873 0.5000000000
2350  20.017  -85.926  -25.261 0.5000000000
2358  20.577  -85.450  -25.270 0.5000000000
2370  19.721  -86.067  -25.789 0.5000000000
2383  22.036  -85.830  -27.273 0.4000000060
2423  19.071  -86.066  -31.334 0.5000000000
2424  18.402  -85.985  -31.549 0.6000000238
2435  20.250  -85.671  -31.991 0.5000000000
2454  17.894  -85.596  -34.149 0.6999999881
2476  18.193  -85.181  -38.316 0.5000000000
2615  5.768  -84.332  -5.615 0.8000000119
2621  7.314  -84.408  -5.891 0.8000000119
2622  4.462  -84.030  -6.699 0.8999999762
2625  12.498  -84.526  -7.815 0.5000000000
2635  9.460  -83.882  -8.847 0.8000000119
2636  4.147  -84.440  -8.110 0.8999999762
2645  17.486  -84.055  -9.986 0.5000000000
2647  15.484  -84.268  -9.150 0.5000000000
2648  14.602  -84.045  -9.165 0.5000000000
2651  6.395  -84.327  -9.975 1.0000000000
2653  4.674  -84.721  -8.642 1.0000000000
2663  6.675  -84.044  -10.619 0.8999999762
2670  19.406  -84.291  -11.486 0.6000000238
2676  13.098  -84.278  -11.368 0.6999999881
2678  5.807  -85.276  -11.248 0.8000000119
2679  4.964  -84.884  -12.038 0.8000000119
2685  17.023  -84.293  -12.549 0.6000000238
2697  19.947  -83.475  -12.695 0.6000000238
2713  14.270  -84.696  -14.588 0.8999999762
2719  8.774  -84.723  -14.748 0.6999999881
2748  16.094  -83.607  -17.590 0.8000000119
2752  11.884  -84.036  -17.893 0.8000000119
2764  20.424  -84.715  -18.421 0.6999999881
2819  21.711  -84.583  -24.993 0.3000000119
2848  21.693  -84.651  -25.588 0.3000000119
2910  19.298  -84.288  -31.663 0.5000000000
2911  18.110  -85.287  -31.882 0.5000000000
2920  18.108  -84.670  -33.388 0.6999999881
2937  19.444  -84.656  -38.078 0.5000000000
2938  19.434  -84.953  -37.600 0.5000000000
2944  19.111  -84.431  -38.297 0.5000000000
2945  19.060  -85.140  -38.252 0.5000000000
3064  6.284  -82.817  0.274 0.3000000119
3114  10.646  -83.675  -5.046 0.4000000060
3117  5.637  -83.974  -5.483 0.8000000119
3118  4.754  -83.291  -5.762 0.8000000119
3119  4.065  -82.896  -5.904 0.8000000119
3123  8.039  -83.810  -6.650 0.8000000119
3125  3.939  -83.216  -6.789 0.8000000119
3131  8.624  -83.191  -7.425 0.8000000119
3136  12.024  -82.545  -8.549 0.5000000000
3137  9.490  -82.912  -8.790 0.8000000119
3147  16.682  -83.868  -9.776 0.5000000000
3148  15.865  -83.793  -9.716 0.5000000000
3149  14.492  -83.567  -10.095 0.5000000000
3151  13.059  -83.212  -10.248 0.5000000000
3153  9.852  -83.138  -9.466 0.8000000119
3154  6.596  -83.730  -10.078 0.8999999762
3163  17.728  -83.620  -10.684 0.6000000238
3164  17.031  -83.624  -10.417 0.6000000238
3166  15.262  -83.627  -10.548 0.5000000000
3169  11.953  -83.321  -10.844 0.6999999881
3179  19.012  -83.417  -11.559 0.6000000238
3181  17.867  -83.241  -11.458 0.6000000238
3184  14.980  -83.965  -11.350 0.6999999881
3194  18.516  -82.979  -11.851 0.6000000238
3196  6.780  -83.065  -12.080 0.6999999881
3218  20.079  -82.669  -14.507 0.6999999881
3221  16.286  -83.734  -14.540 0.8999999762
3222  12.642  -83.516  -14.711 0.8999999762
3223  11.871  -83.349  -14.716 0.8999999762
3232  20.197  -82.742  -16.146 0.6999999881
3234  15.722  -82.898  -15.292 0.8999999762
3239  10.494  -82.960  -15.605 0.8000000119
3240  9.646  -83.332  -15.722 0.6999999881
3241  8.881  -83.753  -15.988 0.6999999881
3248  20.587  -83.462  -16.696 0.6999999881
3250  14.137  -82.986  -15.659 0.8000000119
3252  12.331  -82.579  -16.361 0.8000000119
3255  8.699  -83.526  -16.841 0.6999999881
3264  19.501  -82.550  -17.360 0.8000000119
3269  13.179  -83.424  -17.613 0.8999999762
3271  10.295  -82.940  -18.161 0.6999999881
3280  11.250  -83.596  -18.079 0.8000000119
3424  19.222  -83.533  -31.991 0.5000000000
3425  18.483  -83.961  -32.547 0.6000000238
3459  19.629  -83.975  -37.828 0.5000000000
3625  5.157  -82.248  2.016 0.3000000119
3626  4.532  -81.778  1.794 0.5000000000
3645  5.623  -82.378  0.079 0.4000000060
3666  7.301  -82.538  -2.151 0.4000000060
3667  6.459  -82.178  -1.761 0.4000000060
3689  9.547  -82.147  -4.201 0.4000000060
3702  4.237  -82.524  -5.482 0.8000000119
3709  11.523  -82.257  -7.122 0.5000000000
3710  11.075  -81.981  -6.244 0.5000000000
3711  8.371  -81.784  -6.961 0.8000000119
3713  6.769  -81.874  -5.935 0.8000000119
3714  3.630  -82.413  -6.333 0.8000000119
3720  3.454  -82.542  -7.266 0.8000000119
3727  3.172  -82.592  -8.271 0.8999999762
3736  11.891  -82.549  -9.861 0.6000000238
3737  11.202  -82.305  -9.788 0.6000000238
3738  10.463  -82.403  -9.692 0.8000000119
3739  9.903  -82.413  -9.230 0.8000000119
3740  6.368  -83.091  -9.981 0.8999999762
3742  3.687  -82.567  -9.963 1.0000000000
3743  3.164  -82.617  -9.210 0.8999999762
3749  11.592  -82.774  -10.339 0.6999999881
3751  6.849  -82.405  -10.479 0.8999999762
3762  7.210  -82.725  -11.733 0.6999999881
3772  7.441  -81.924  -11.784 0.8999999762
3782  17.928  -82.206  -13.337 0.8000000119
3792  18.993  -81.651  -14.092 0.6999999881
3793  18.172  -81.747  -14.122 0.6999999881
3794  17.645  -81.813  -15.067 0.8000000119
3806  10.927  -82.568  -16.414 0.8000000119
3813  18.378  -81.802  -16.935 0.6999999881
3814  17.524  -81.985  -16.819 0.8000000119
3815  16.648  -82.337  -16.730 0.8000000119
3816  15.744  -82.595  -16.754 0.8000000119
3820  10.142  -82.769  -17.454 0.6999999881
3824  18.730  -82.115  -17.343 0.6999999881
3828  15.305  -82.881  -17.273 0.8000000119
3831  10.806  -82.775  -17.638 0.8000000119
3972  21.346  -81.924  -31.296 0.6000000238
3980  21.211  -82.704  -31.639 0.6000000238
3988  19.799  -82.081  -32.761 0.6999999881
4008  20.119  -82.384  -37.560 0.6000000238
4168  4.984  -81.183  2.897 0.4000000060
4182  4.477  -81.108  2.308 0.4000000060
4194  3.857  -80.673  0.831 0.6999999881
4204  4.245  -81.441  0.446 0.6999999881
4240  8.143  -81.517  -3.919 0.8000000119
4241  7.237  -81.279  -3.539 0.8000000119
4269  10.121  -81.310  -5.542 0.6000000238
4270  9.463  -80.895  -5.713 0.6999999881
4280  7.431  -81.272  -6.070 0.8000000119
4286  11.151  -81.426  -7.554 0.5000000000
4287  10.464  -81.023  -7.723 0.6000000238
4289  8.973  -81.166  -7.247 0.8000000119
4295  10.215  -81.393  -8.476 0.6999999881
4302  10.777  -81.792  -9.165 0.6999999881
4327  7.004  -80.992  -10.954 0.8999999762
4336  7.506  -81.196  -12.205 0.6000000238
4348  19.489  -81.923  -14.678 0.6999999881
4355  19.305  -81.854  -16.107 0.8000000119
4356  18.867  -81.641  -15.629 0.6999999881
4357  18.091  -81.679  -16.032 0.8000000119
4537  21.245  -81.090  -31.220 0.6000000238
4551  20.027  -81.746  -34.062 0.6999999881
4561  20.977  -80.668  -35.517 0.6000000238
4750  6.382  -81.077  3.642 0.4000000060
4762  8.961  -80.269  1.818 0.5000000000
4763  8.400  -80.518  2.220 0.4000000060
4780  9.125  -80.076  1.191 0.5000000000
4781  8.490  -80.463  1.313 0.5000000000
4783  5.971  -80.634  2.278 0.5000000000
4799  4.002  -80.161  1.195 0.6000000238
4811  8.014  -80.264  -0.077 0.6000000238
4815  3.357  -79.265  -0.016 0.6999999881
4824  3.454  -80.254  -0.490 0.8000000119
4825  3.183  -79.655  -1.162 0.8000000119
4863  7.104  -80.727  -4.781 0.8000000119
4864  6.240  -80.744  -4.526 0.8000000119
4865  5.155  -81.057  -4.340 0.8000000119
4866  3.812  -81.233  -4.141 0.8000000119
4867  3.307  -80.664  -4.004 0.8000000119
4882  8.604  -80.758  -5.818 0.8000000119
4884  6.644  -80.741  -5.098 0.8000000119
4885  5.987  -80.891  -4.947 0.8000000119
4886  3.015  -80.809  -5.429 0.8000000119
4894  8.112  -80.873  -6.158 0.8000000119
4896  3.190  -81.206  -6.250 0.8000000119
4903  9.976  -80.707  -7.045 0.6999999881
4904  9.425  -80.771  -7.023 0.6999999881
4905  3.699  -80.489  -7.182 0.8999999762
4906  3.430  -81.090  -7.982 0.8999999762
4915  3.023  -80.580  -9.707 1.0000000000
4926  5.314  -80.619  -11.010 0.8999999762
4928  3.362  -80.469  -10.591 1.0000000000
4939  6.846  -80.354  -11.373 0.8999999762
4940  5.834  -80.095  -11.287 0.8999999762
5136  20.892  -80.021  -31.160 0.5000000000
5186  21.230  -80.126  -35.983 0.6000000238
5192  21.062  -80.113  -36.969 0.5000000000
5202  20.526  -80.180  -37.685 0.5000000000
5363  8.109  -79.854  5.742 0.3000000119
5374  8.493  -79.843  4.990 0.3000000119
5412  9.196  -79.721  0.419 0.6000000238
5413  8.707  -80.017  -0.182 0.6000000238
5425  9.181  -79.280  -0.456 0.6000000238
5429  4.811  -79.089  0.413 0.6999999881
5441  8.773  -79.042  -1.346 0.6000000238
5477  3.027  -79.944  -3.921 0.8000000119
5492  3.416  -79.308  -4.803 0.8000000119
5508  3.913  -79.536  -7.738 0.8999999762
5513  3.415  -79.868  -8.790 1.0000000000
5532  3.866  -79.932  -11.265 0.8999999762
5533  3.118  -79.515  -10.989 0.8999999762
5554  7.481  -79.864  -12.905 0.8000000119
5556  4.831  -78.460  -12.478 0.8999999762
5557  3.982  -78.634  -12.089 0.8999999762
5560  7.210  -79.385  -13.741 0.6000000238
5731  19.932  -79.183  -31.721 0.6999999881
6005  8.810  -79.097  3.516 0.4000000060
6030  9.369  -79.238  1.215 0.5000000000
6059  3.673  -78.499  -0.150 0.6999999881
6076  8.296  -78.393  -1.824 0.5000000000
6079  4.736  -77.875  -0.736 0.6999999881
6080  3.975  -77.839  -0.593 0.6999999881
6091  8.327  -77.316  -2.049 0.6999999881
6101  3.236  -78.627  -2.802 0.8000000119
6121  4.072  -78.309  -5.291 0.8000000119
6139  3.497  -78.429  -7.991 1.0000000000
6179  6.664  -78.716  -13.744 0.6000000238
6185  4.899  -77.688  -13.164 0.6000000238
6372  18.864  -78.619  -32.376 0.6999999881
6385  20.587  -79.184  -33.844 0.6999999881
6388  18.100  -78.167  -33.701 0.6999999881
6395  20.574  -79.035  -34.695 0.6999999881
6414  20.491  -78.996  -35.834 0.6000000238
6435  20.520  -78.963  -36.908 0.6000000238
6437  19.305  -78.071  -37.735 0.6000000238
6455  19.655  -78.674  -38.289 0.5000000000
6654  6.584  -77.158  4.085 0.3000000119
6662  7.301  -77.660  4.085 0.3000000119
6672  7.822  -77.474  2.698 0.3000000119
6673  7.265  -76.677  2.437 0.3000000119
6684  9.345  -78.379  0.880 0.4000000060
6699  9.267  -77.427  0.587 0.3000000119
6727  8.882  -77.809  -1.795 0.6000000238
6728  6.562  -77.977  -1.667 0.6999999881
6747  3.959  -76.772  -1.925 0.8000000119
6748  3.616  -77.339  -1.688 0.8000000119
6783  3.929  -77.608  -5.469 0.8000000119
6834  3.506  -77.421  -11.462 0.8999999762
6841  3.852  -77.489  -12.195 0.8000000119
7008  16.283  -77.857  -31.608 0.6000000238
7022  14.803  -77.334  -31.805 0.6999999881
7045  14.944  -76.921  -34.133 0.5000000000
7300  5.684  -76.329  4.122 0.3000000119
7335  9.482  -76.718  0.201 0.5000000000
7364  8.405  -76.203  -2.126 0.5000000000
7367  5.029  -75.951  -2.383 0.6999999881
7378  4.274  -76.165  -2.538 0.8000000119
7379  3.935  -76.094  -3.123 0.8000000119
7390  3.676  -76.340  -4.465 0.8000000119
7418  7.438  -75.989  -7.042 0.8999999762
7424  10.488  -76.092  -7.827 0.8000000119
7425  9.848  -76.321  -7.680 0.8000000119
7426  9.016  -76.407  -7.685 0.8000000119
7430  2.771  -76.149  -7.768 1.0000000000
7437  9.757  -76.482  -8.379 0.8000000119
7439  7.606  -76.460  -8.587 0.6999999881
7450  8.738  -76.535  -9.711 0.6999999881
7451  7.304  -76.550  -9.461 0.6999999881
7454  3.299  -76.593  -9.444 0.8000000119
7467  10.297  -76.045  -10.854 0.8000000119
7469  8.621  -76.471  -10.440 0.6999999881
7470  7.531  -76.544  -10.324 0.6999999881
7472  4.041  -76.493  -10.461 0.6999999881
7473  3.444  -76.737  -10.229 0.8000000119
7480  9.796  -76.005  -11.490 0.6000000238
7481  8.963  -76.284  -11.370 0.8000000119
7484  6.076  -76.402  -11.999 0.8000000119
7485  4.295  -76.665  -11.325 0.6999999881
7486  3.613  -76.844  -11.044 0.8999999762
7496  4.173  -77.076  -12.650 0.8000000119
7506  5.355  -76.791  -13.887 0.5000000000
7683  14.126  -76.967  -32.344 0.6000000238
7684  13.617  -76.776  -33.129 0.6000000238
7701  8.544  -76.509  -33.941 0.6000000238
7703  7.257  -76.381  -34.336 0.6999999881
7716  12.609  -76.304  -34.579 0.5000000000
7718  8.575  -76.077  -34.907 0.6999999881
7719  7.766  -76.482  -34.892 0.6999999881
7720  7.423  -75.857  -35.316 0.6999999881
7738  9.252  -75.094  -35.051 0.6000000238
7739  8.518  -75.130  -35.924 0.6000000238
7741  7.755  -75.223  -35.956 0.6999999881
8054  5.811  -75.524  2.493 0.3000000119
8065  8.443  -76.167  1.250 0.4000000060
8083  10.240  -75.225  0.253 0.5000000000
8096  10.065  -75.749  -0.198 0.5000000000
8117  4.760  -75.599  -2.884 0.8000000119
8126  7.375  -74.700  -2.836 0.6999999881
8127  6.651  -74.838  -3.131 0.6999999881
8144  8.681  -74.835  -4.692 0.6999999881
8146  6.713  -75.045  -4.430 0.6999999881
8149  3.902  -75.773  -4.556 0.8000000119
8162  10.409  -75.069  -6.408 0.8000000119
8166  6.222  -75.368  -5.268 0.6999999881
8167  5.141  -75.204  -5.126 0.6999999881
8168  4.171  -75.262  -5.048 0.8000000119
8180  10.358  -75.620  -7.203 0.8000000119
8186  3.727  -75.453  -6.735 1.0000000000
8195  5.825  -75.814  -7.505 0.8000000119
8196  4.913  -75.740  -7.919 0.8999999762
8197  3.864  -75.578  -7.570 1.0000000000
8198  3.017  -75.719  -7.239 1.0000000000
8211  10.894  -75.459  -9.928 0.8000000119
8227  10.657  -75.537  -10.703 0.6999999881
8237  8.341  -75.908  -13.156 0.6000000238
8246  9.634  -75.034  -13.071 0.5000000000
8391  10.263  -75.774  -30.113 0.5000000000
8392  8.926  -75.543  -30.635 0.6000000238
8400  10.275  -75.846  -30.837 0.5000000000
8402  7.528  -75.897  -32.008 0.6000000238
8410  12.196  -75.636  -32.408 0.6999999881
8412  6.888  -75.745  -32.539 0.6999999881
8432  9.758  -75.161  -34.018 0.6999999881
8769  4.684  -74.456  4.381 0.3000000119
8814  10.403  -73.957  0.214 0.3000000119
8815  9.654  -74.973  0.843 0.3000000119
8839  11.302  -74.170  -1.484 0.4000000060
8840  10.861  -74.752  -1.034 0.4000000060
8850  11.440  -74.143  -2.314 0.6000000238
8851  10.926  -74.757  -1.876 0.4000000060
8852  9.975  -74.805  -2.970 0.6000000238
8862  11.340  -74.042  -3.254 0.6000000238
8865  8.065  -74.569  -3.255 0.6999999881
8875  11.161  -73.977  -4.208 0.8999999762
8877  8.117  -74.643  -3.990 0.6999999881
8885  11.292  -73.633  -5.591 0.8000000119
8903  10.664  -74.399  -6.718 0.8000000119
8911  10.640  -74.936  -7.587 0.8000000119
8926  10.219  -74.425  -9.471 0.8999999762
8936  10.623  -74.762  -10.558 0.8000000119
8937  9.910  -74.120  -10.238 0.6999999881
8944  10.486  -74.788  -11.298 0.6999999881
8951  10.167  -74.159  -11.761 0.6000000238
9151  7.522  -75.219  -31.516 0.6000000238
9169  6.587  -75.136  -32.125 0.6000000238
9222  11.182  -73.958  -36.538 0.6000000238
9623  9.157  -73.585  0.707 0.3000000119
9654  12.373  -72.995  -2.516 0.4000000060
9673  11.591  -73.520  -4.827 0.8999999762
9703  11.324  -73.189  -5.982 0.8000000119
9710  10.035  -73.705  -7.617 0.8000000119
9711  9.029  -73.298  -7.849 0.8999999762
9714  6.070  -73.248  -7.902 0.8000000119
9733  8.019  -73.882  -9.591 0.8000000119
9734  7.138  -73.770  -9.259 0.8000000119
9753  9.394  -73.643  -11.041 0.6999999881
9767  8.778  -73.344  -11.639 0.5000000000
10028  9.147  -73.786  -30.826 0.6000000238
10030  6.860  -73.906  -31.298 0.6999999881
10031  6.110  -73.368  -30.952 0.6999999881
10049  5.363  -73.754  -32.405 0.6999999881
10050  4.792  -72.984  -32.257 0.6999999881
10508  9.950  -72.783  -0.006 0.4000000060
10509  9.206  -72.744  0.316 0.4000000060
10524  11.244  -72.846  -0.687 0.4000000060
10548  12.604  -72.370  -2.754 0.5000000000
10566  11.902  -72.347  -4.853 0.8000000119
10583  10.646  -72.127  -6.008 0.8000000119
10584  6.861  -72.262  -5.746 0.8999999762
10602  10.248  -72.576  -6.681 0.8000000119
10614  9.658  -72.912  -7.244 0.8000000119
10615  8.883  -72.660  -7.270 0.8000000119
10618  5.315  -73.051  -7.364 0.6999999881
10630  4.548  -73.051  -7.857 0.6999999881
10897  5.452  -72.315  -30.754 0.6999999881
10898  5.065  -72.108  -30.777 0.6999999881
10919  5.271  -72.829  -30.890 0.6999999881
10920  4.643  -72.204  -31.221 0.6999999881
10936  4.499  -72.298  -32.041 0.6999999881
10948  8.519  -72.404  -33.457 0.6000000238
10964  5.402  -72.306  -35.834 0.6999999881
10993  4.152  -71.299  -37.208 0.5000000000
10994  3.664  -71.233  -37.083 0.5000000000
11361  11.273  -71.820  -0.725 0.4000000060
11364  8.592  -70.992  -0.178 0.4000000060
11382  12.475  -71.736  -2.317 0.5000000000
11383  12.085  -71.203  -2.718 0.6000000238
11411  11.914  -71.735  -4.325 0.8000000119
11414  7.872  -71.269  -4.781 0.8000000119
11422  9.237  -71.565  -5.288 0.8000000119
11424  7.353  -71.770  -5.201 0.8000000119
11427  4.242  -71.649  -5.300 0.8999999762
11428  3.659  -71.123  -5.526 0.6999999881
11712  4.827  -71.437  -31.126 0.6999999881
11755  7.847  -71.476  -34.155 0.5000000000
12164  11.216  -70.836  -0.787 0.4000000060
12168  7.092  -70.481  -0.867 0.4000000060
12189  11.585  -70.566  -1.426 0.5000000000
12220  11.378  -70.482  -2.797 0.5000000000
12221  10.992  -70.519  -3.416 0.8000000119
12227  10.317  -70.517  -3.872 0.8000000119
12228  9.324  -70.783  -4.257 0.8999999762
12232  4.980  -70.498  -4.409 0.8999999762
12233  3.677  -70.010  -4.794 0.8999999762
12533  6.043  -70.955  -31.326 0.6999999881
12535  4.916  -70.082  -31.637 0.6999999881
12561  2.220  -69.945  -34.084 0.4000000060
12575  7.721  -70.631  -34.631 0.6999999881
12593  4.056  -69.941  -36.177 0.6000000238
12994  9.185  -69.482  -1.375 0.4000000060
13010  11.348  -69.965  -1.718 0.5000000000
13015  6.232  -69.229  -1.874 0.4000000060
13028  11.196  -69.794  -2.388 0.6999999881
13029  10.794  -69.157  -2.815 0.5000000000
13042  9.785  -69.558  -4.438 0.6999999881
13046  5.437  -69.517  -4.616 0.8000000119
13047  3.867  -69.108  -4.511 0.8999999762
13056  8.937  -69.343  -4.992 0.8000000119
13058  7.121  -68.941  -5.356 0.8000000119
13059  3.431  -69.782  -5.183 0.6999999881
13246  8.894  -69.106  -24.468 0.8000000119
13247  8.340  -69.305  -24.124 0.6999999881
13248  7.434  -69.352  -24.041 0.8000000119
13259  7.844  -69.551  -24.621 0.8000000119
13267  8.890  -69.203  -25.315 0.6999999881
13268  8.435  -69.534  -25.704 0.8000000119
13269  7.775  -69.691  -25.364 0.8000000119
13271  6.080  -69.285  -25.677 0.6999999881
13280  8.253  -69.572  -26.405 0.6999999881
13282  6.706  -69.540  -26.491 0.6999999881
13283  5.765  -69.093  -26.547 0.6999999881
13290  8.202  -69.428  -27.165 0.6999999881
13291  7.208  -69.367  -27.459 0.6999999881
13332  4.742  -69.304  -32.173 0.6999999881
13333  2.008  -68.716  -33.222 0.4000000060
13342  2.481  -68.389  -34.216 0.6000000238
13345  7.591  -69.694  -35.045 0.6999999881
13347  3.969  -68.920  -34.699 0.6999999881
13348  3.453  -68.890  -35.099 0.6999999881
13349  3.014  -68.426  -34.744 0.6000000238
13821  9.698  -68.561  -2.675 0.5000000000
13828  9.985  -68.524  -4.614 0.6999999881
13832  3.675  -68.397  -4.724 0.8999999762
14010  8.461  -68.246  -23.120 0.6999999881
14016  8.759  -68.745  -23.752 0.6999999881
14031  6.555  -69.216  -24.281 0.6999999881
14032  5.806  -68.790  -24.759 0.6999999881
14056  8.893  -69.271  -26.347 0.6999999881
14069  8.859  -69.092  -27.367 0.6999999881
14072  5.079  -68.401  -27.537 0.6999999881
14081  8.293  -68.582  -28.208 0.6999999881
14082  7.194  -68.798  -28.219 0.6999999881
14084  5.211  -68.215  -28.197 0.6999999881
14114  4.811  -68.542  -32.455 0.6999999881
14121  6.498  -67.835  -33.562 0.6999999881
14122  4.075  -68.052  -33.408 0.6999999881
14135  8.036  -68.097  -36.286 0.6000000238
14136  7.469  -68.025  -35.961 0.6000000238
14589  4.992  -67.709  -0.835 0.3000000119
14620  8.159  -67.051  -4.264 0.6999999881
14624  9.399  -68.000  -5.166 0.6999999881
14626  7.939  -66.947  -5.013 0.8000000119
14638  8.697  -67.830  -5.360 0.8000000119
14639  7.387  -67.238  -5.342 0.6999999881
14640  6.382  -67.155  -5.306 0.8000000119
14641  5.339  -67.615  -4.929 0.8000000119
14811  8.049  -67.805  -22.493 0.6000000238
14823  8.859  -68.050  -23.565 0.6999999881
14824  6.320  -68.304  -23.207 0.6999999881
14825  4.477  -67.106  -24.090 0.6999999881
14843  8.333  -67.491  -24.896 0.6999999881
14845  4.719  -67.543  -24.686 0.6999999881
14863  8.460  -67.489  -25.827 0.6000000238
14878  9.137  -68.532  -27.273 0.6000000238
14890  4.604  -67.972  -27.105 0.6999999881
14905  7.760  -67.690  -28.754 0.6999999881
14906  6.698  -67.985  -28.724 0.6000000238
14907  5.608  -67.845  -28.720 0.6999999881
14923  6.028  -67.312  -29.051 0.6000000238
14924  5.154  -67.133  -29.262 0.6999999881
14956  5.855  -67.164  -33.202 0.6999999881
14959  2.052  -67.343  -32.613 0.5000000000
14966  5.238  -66.519  -33.022 0.6999999881
15491  6.196  -66.577  -0.605 0.4000000060
15492  5.202  -66.926  -0.587 0.3000000119
15504  7.239  -66.622  -1.656 0.6999999881
15515  7.429  -66.585  -2.619 0.6999999881
15523  4.469  -66.430  -4.478 0.8000000119
15535  7.144  -66.603  -5.033 0.8000000119
15538  3.767  -66.999  -4.915 0.8999999762
15542  3.539  -66.819  -5.665 0.8000000119
15705  9.291  -65.874  -22.595 0.6999999881
15706  8.844  -66.395  -21.980 0.6999999881
15707  7.612  -66.588  -21.568 0.6000000238
15708  6.113  -66.564  -21.681 0.6999999881
15743  4.266  -66.319  -23.608 0.6999999881
15760  8.864  -67.834  -24.115 0.6999999881
15761  4.219  -66.820  -25.014 0.6999999881
15779  4.224  -66.896  -25.870 0.6000000238
15798  4.388  -67.380  -26.470 0.6000000238
15836  8.491  -67.016  -28.772 0.6999999881
15858  7.131  -66.271  -29.654 0.6000000238
15861  3.807  -66.241  -29.399 0.6000000238
15882  0.377  -65.486  -31.343 0.6000000238
15904  2.925  -66.301  -32.242 0.6999999881
15906  1.519  -66.746  -32.018 0.6000000238
15921  4.577  -66.108  -32.687 0.6999999881
15922  3.695  -66.225  -32.396 0.6999999881
15929  9.195  -66.230  -34.958 0.6000000238
16347  4.960  -65.463  -0.286 0.5000000000
16371  7.490  -65.970  -2.942 0.8000000119
16394  3.574  -65.143  -6.566 0.6999999881
16533  9.874  -65.230  -22.113 0.6999999881
16555  3.966  -64.532  -22.571 0.6999999881
16556  3.293  -63.909  -23.227 0.6000000238
16567  8.742  -66.381  -23.277 0.6999999881
16572  1.410  -64.910  -23.809 0.5000000000
16585  3.118  -64.609  -24.837 0.6000000238
16586  1.332  -64.127  -24.455 0.5000000000
16618  0.983  -64.029  -26.724 0.6000000238
16631  9.658  -67.183  -27.534 0.6000000238
16633  0.836  -63.596  -27.601 0.5000000000
16647  10.291  -66.786  -28.369 0.6000000238
16650  8.127  -66.203  -29.364 0.6999999881
16651  2.661  -64.310  -28.648 0.6000000238
16665  10.580  -66.472  -29.043 0.6000000238
16666  9.328  -65.506  -29.715 0.6000000238
16672  -0.034  -64.128  -30.165 0.6000000238
16691  1.065  -64.973  -31.229 0.6000000238
16692  0.367  -64.694  -30.769 0.6000000238
16709  9.213  -64.935  -31.545 0.6000000238
16710  2.985  -65.523  -31.555 0.6000000238
16721  10.269  -65.793  -32.388 0.5000000000
16722  9.589  -65.069  -32.384 0.6000000238
16723  5.503  -64.810  -32.336 0.6999999881
16724  4.609  -65.287  -32.052 0.6000000238
16736  10.622  -66.205  -33.150 0.4000000060
16738  8.178  -64.302  -34.349 0.6000000238
16739  7.283  -64.078  -34.369 0.6000000238
16741  5.793  -64.858  -33.167 0.6999999881
16751  9.085  -65.041  -33.829 0.6000000238
16753  7.545  -64.944  -35.138 0.6000000238
16754  6.694  -64.849  -34.834 0.6999999881
17168  8.390  -64.076  -3.151 0.6999999881
17176  5.167  -64.477  -3.724 0.8000000119
17181  3.605  -64.326  -3.749 0.8999999762
17269  8.031  -64.342  -16.662 0.6999999881
17271  6.352  -64.469  -16.008 0.8000000119
17272  5.510  -64.217  -16.022 0.6999999881
17278  9.511  -64.112  -17.677 0.8000000119
17279  8.662  -64.484  -17.270 0.6999999881
17280  7.803  -64.971  -16.850 0.8000000119
17281  6.845  -65.061  -16.673 0.8000000119
17288  10.396  -64.083  -18.622 0.8000000119
17289  9.987  -64.170  -18.179 0.8000000119
17293  6.269  -65.031  -17.692 0.6999999881
17308  7.992  -65.260  -19.062 0.6999999881
17309  6.924  -65.041  -19.412 0.6999999881
17310  5.985  -64.528  -19.688 0.6999999881
17327  11.007  -64.106  -20.467 0.6999999881
17351  4.644  -63.737  -21.386 0.6999999881
17353  1.814  -63.267  -22.190 0.5000000000
17368  10.664  -64.092  -21.716 0.6999999881
17400  1.621  -63.271  -24.810 0.6000000238
17437  2.615  -63.858  -27.421 0.6000000238
17438  1.660  -62.818  -27.092 0.5000000000
17464  0.891  -63.087  -28.409 0.6000000238
17480  4.528  -65.292  -30.756 0.6999999881
17482  1.411  -64.222  -29.910 0.6000000238
17495  7.096  -64.759  -31.229 0.6999999881
17496  6.249  -64.990  -31.351 0.6000000238
17497  5.377  -65.088  -31.355 0.6000000238
17500  1.086  -64.587  -30.696 0.6000000238
17513  8.346  -64.413  -31.778 0.6999999881
17515  6.838  -63.673  -32.202 0.6999999881
17517  4.790  -65.146  -31.470 0.6000000238
17519  2.235  -65.408  -31.021 0.6000000238
17535  6.498  -63.781  -32.456 0.6999999881
17536  5.546  -64.741  -31.868 0.6999999881
17538  4.136  -65.321  -31.646 0.6000000238
17550  9.216  -64.772  -33.028 0.6000000238
17553  6.933  -63.665  -33.393 0.6999999881
18015  6.040  -63.924  -0.683 0.4000000060
18017  4.026  -63.714  0.274 0.4000000060
18023  5.496  -63.044  -1.029 0.5000000000
18032  8.322  -63.816  -2.815 0.6999999881
18038  8.266  -63.706  -3.729 0.6999999881
18039  3.875  -63.455  -3.879 0.8999999762
18042  8.046  -63.384  -4.820 0.6999999881
18043  6.608  -63.651  -5.051 0.6999999881
18051  7.271  -63.170  -5.488 0.6999999881
18053  2.965  -63.261  -4.627 0.8000000119
18058  3.084  -63.624  -5.576 0.8000000119
18072  3.344  -62.945  -7.646 0.5000000000
18108  5.828  -63.907  -15.575 0.8000000119
18109  5.265  -63.284  -15.619 0.8000000119
18120  4.549  -63.086  -16.028 0.6999999881
18129  8.001  -63.783  -16.618 0.8000000119
18136  5.359  -64.262  -18.766 0.5000000000
18137  4.478  -63.372  -18.134 0.6000000238
18143  10.543  -63.743  -18.980 0.8000000119
18146  2.935  -62.705  -18.935 0.5000000000
18157  4.453  -62.972  -20.716 0.5000000000
18169  10.949  -63.790  -21.016 0.6999999881
18171  3.831  -62.923  -21.476 0.5000000000
18172  3.057  -62.516  -21.438 0.5000000000
18173  2.621  -62.700  -21.192 0.5000000000
18187  10.094  -63.725  -22.296 0.6999999881
18188  9.219  -63.230  -22.723 0.6999999881
18190  2.377  -62.798  -22.280 0.5000000000
18191  1.820  -62.914  -22.752 0.5000000000
18205  1.876  -62.856  -23.232 0.6000000238
18206  1.617  -63.036  -23.583 0.6000000238
18220  1.543  -63.181  -24.411 0.6000000238
18251  1.156  -62.611  -26.773 0.5000000000
18265  1.079  -62.595  -27.490 0.5000000000
18312  6.615  -64.168  -31.815 0.6999999881
18313  6.006  -64.505  -31.803 0.6000000238
18823  4.676  -62.328  1.648 0.3000000119
18836  4.334  -62.049  0.916 0.4000000060
18846  4.637  -62.237  -0.976 0.4000000060
18848  3.972  -63.052  0.129 0.4000000060
18858  5.321  -62.147  -1.608 0.4000000060
18872  6.186  -62.097  -2.214 0.6999999881
18882  7.738  -62.474  -5.311 0.6999999881
18889  4.081  -61.846  -5.011 0.8999999762
18898  3.284  -62.364  -6.577 0.6999999881
18929  5.953  -63.435  -15.565 0.8000000119
18939  7.194  -63.450  -16.192 0.8000000119
18942  4.838  -62.633  -15.813 0.6999999881
18948  7.684  -62.984  -16.883 0.6999999881
18955  9.977  -63.322  -18.487 0.8000000119
18956  8.921  -62.903  -18.198 0.8000000119
18973  3.419  -62.228  -19.873 0.6000000238
18974  3.266  -62.468  -19.210 0.5000000000
18989  10.409  -62.929  -20.471 0.8000000119
18990  9.587  -62.358  -20.193 0.8000000119
18993  2.987  -62.373  -20.372 0.6000000238
19016  9.791  -62.827  -22.043 0.6999999881
19018  8.029  -61.885  -23.140 0.5000000000
19029  8.293  -62.844  -23.110 0.6999999881
19670  6.938  -61.838  1.564 0.4000000060
19673  4.825  -61.940  1.289 0.3000000119
19684  7.326  -61.391  0.901 0.4000000060
19686  4.586  -61.672  0.741 0.4000000060
19718  6.586  -61.713  -2.892 0.6999999881
19727  6.000  -60.947  -3.206 0.6999999881
19733  7.431  -61.748  -5.227 0.6999999881
19743  7.229  -61.850  -5.683 0.8000000119
19758  6.197  -60.855  -5.901 0.8000000119
19833  6.445  -62.086  -16.204 0.8000000119
19839  7.201  -61.879  -16.781 0.8000000119
19841  3.346  -62.214  -17.164 0.6000000238
19847  7.462  -61.569  -17.944 0.8000000119
19848  3.692  -62.296  -18.037 0.6000000238
19849  3.394  -62.395  -18.069 0.6000000238
19861  3.683  -62.219  -18.975 0.6000000238
19874  8.941  -61.793  -20.774 0.8000000119
19896  7.006  -60.485  -23.177 0.6000000238
20582  6.587  -61.480  1.031 0.4000000060
20595  8.745  -60.849  0.319 0.4000000060
20596  6.997  -60.812  0.564 0.4000000060
20598  5.299  -61.008  0.416 0.4000000060
20599  4.603  -61.188  0.149 0.4000000060
20613  11.270  -60.497  -0.489 0.3000000119
20615  9.272  -60.385  -0.207 0.4000000060
20630  4.645  -60.618  -1.297 0.4000000060
20643  6.521  -60.670  -4.190 0.6999999881
20645  4.884  -59.649  -2.907 0.6999999881
20657  6.993  -61.261  -5.457 0.6999999881
20658  6.680  -60.589  -5.071 0.6999999881
20671  6.452  -60.747  -5.620 0.8000000119
20684  3.568  -60.084  -6.389 0.8000000119
20692  3.254  -60.172  -7.504 0.8000000119
20798  6.060  -59.820  -19.759 0.8000000119
20814  7.063  -60.539  -21.290 0.6999999881
20826  6.034  -59.661  -20.838 0.8000000119
20834  7.128  -60.370  -22.232 0.6000000238
21480  6.574  -60.240  0.104 0.4000000060
21498  10.593  -59.994  -0.660 0.3000000119
21502  6.145  -59.708  -0.391 0.4000000060
21503  5.342  -59.883  -0.673 0.4000000060
21526  9.242  -59.247  -1.115 0.4000000060
21530  4.835  -59.342  -1.720 0.5000000000
21548  4.625  -58.811  -3.323 0.6000000238
21555  6.165  -60.013  -5.305 0.8000000119
21556  5.691  -59.257  -4.978 0.6999999881
21569  5.520  -59.532  -5.523 0.8999999762
21570  4.497  -59.156  -5.644 0.8999999762
21583  3.634  -59.336  -6.135 0.8999999762
21592  23.735  -59.799  -7.580 0.4000000060
21655  7.883  -59.375  -16.770 0.8999999762
21656  7.208  -59.630  -16.326 0.8000000119
21657  5.867  -59.543  -16.300 0.6999999881
21665  8.003  -59.274  -17.372 0.8000000119
21672  5.816  -59.245  -19.420 0.8000000119
21709  6.338  -59.502  -21.212 0.6000000238
21710  5.755  -59.199  -20.556 0.8000000119
21726  10.819  -59.337  -22.664 0.5000000000
21747  6.721  -59.833  -24.256 0.5000000000
22479  12.567  -58.711  -0.675 0.3000000119
22482  6.556  -59.142  -0.657 0.5000000000
22502  13.316  -58.318  -1.043 0.3000000119
22503  11.177  -58.363  -1.045 0.3000000119
22504  10.436  -58.788  -1.557 0.3000000119
22509  4.706  -58.542  -2.178 0.5000000000
22525  3.758  -57.317  -3.760 0.8000000119
22531  4.280  -58.297  -4.758 0.8000000119
22536  20.240  -58.653  -5.461 0.3000000119
22537  19.754  -58.037  -5.394 0.3000000119
22542  26.027  -58.635  -7.055 0.3000000119
22543  25.587  -58.930  -6.749 0.4000000060
22544  25.239  -58.868  -6.178 0.3000000119
22545  20.399  -58.817  -6.536 0.4000000060
22553  21.310  -58.798  -7.678 0.4000000060
22554  20.947  -59.178  -7.125 0.3000000119
22558  23.588  -58.602  -8.778 0.5000000000
22560  21.698  -58.208  -8.291 0.6000000238
22563  24.179  -58.130  -9.218 0.4000000060
22636  7.329  -58.928  -18.216 0.8000000119
22644  10.490  -58.800  -20.125 0.5000000000
22645  9.640  -58.259  -20.164 0.6000000238
22646  5.169  -58.440  -19.588 0.6999999881
22660  9.006  -58.168  -20.971 0.6000000238
22674  8.277  -58.197  -21.530 0.6000000238
22676  6.164  -58.506  -20.994 0.6999999881
22677  5.713  -58.709  -20.570 0.6999999881
22691  8.316  -58.440  -22.351 0.6999999881
22693  6.874  -58.993  -21.840 0.6000000238
22708  8.670  -58.437  -23.898 0.5000000000
22711  7.226  -58.860  -24.358 0.5000000000
23443  6.900  -57.872  -1.853 0.5000000000
23459  10.511  -57.825  -2.648 0.3000000119
23461  9.028  -57.831  -3.057 0.4000000060
23462  7.868  -57.945  -2.230 0.5000000000
23464  5.153  -57.419  -2.273 0.5000000000
23472  10.331  -57.437  -3.358 0.3000000119
23475  7.753  -57.001  -3.214 0.5000000000
23479  24.813  -57.938  -5.167 0.3000000119
23482  3.661  -57.263  -4.632 0.8999999762
23487  3.577  -57.281  -5.576 0.8999999762
23489  26.571  -58.072  -6.981 0.4000000060
23509  26.507  -57.437  -9.118 0.4000000060
23575  8.444  -57.207  -15.946 0.6999999881
23576  8.329  -57.159  -15.484 0.6000000238
23577  8.002  -57.436  -15.249 0.6000000238
23578  6.647  -57.509  -15.290 0.6000000238
23590  8.208  -57.829  -16.560 0.6999999881
23591  7.375  -57.400  -17.428 0.8000000119
23595  11.133  -56.923  -18.756 0.5000000000
23596  10.166  -57.084  -18.821 0.5000000000
23618  8.777  -57.728  -20.318 0.6999999881
23619  7.798  -57.330  -20.587 0.6999999881
23622  5.520  -58.057  -20.443 0.6999999881
24361  14.465  -55.976  -1.217 0.3000000119
24378  11.422  -56.670  -2.460 0.3000000119
24379  5.593  -56.805  -2.745 0.5000000000
24388  11.729  -56.187  -3.024 0.4000000060
24389  10.568  -56.289  -4.419 0.5000000000
24390  9.191  -56.702  -4.024 0.4000000060
24394  5.069  -56.296  -3.319 0.6999999881
24396  3.794  -56.571  -3.822 0.8999999762
24404  3.659  -56.044  -4.587 0.8000000119
24409  3.522  -55.993  -5.287 0.8999999762
24418  27.226  -57.379  -7.070 0.4000000060
24422  3.374  -56.979  -7.191 0.8000000119
24424  28.677  -56.010  -7.961 0.6000000238
24427  20.528  -55.948  -8.840 0.6000000238
24429  27.714  -56.275  -8.999 0.6000000238
24435  20.866  -55.818  -9.517 0.6000000238
24506  7.425  -56.799  -14.699 0.6000000238
24511  7.257  -56.165  -16.731 0.6999999881
24516  5.038  -55.724  -17.970 0.8000000119
24522  8.803  -56.073  -18.744 0.6000000238
24523  4.887  -56.024  -18.639 0.6999999881
24535  5.146  -56.016  -19.605 0.6000000238
24536  4.923  -56.410  -19.286 0.6999999881
24547  7.157  -56.607  -20.169 0.6000000238
25332  11.828  -55.908  -1.936 0.3000000119
25346  5.634  -55.645  -3.892 0.6999999881
25347  4.609  -55.712  -3.940 0.8000000119
25355  11.537  -56.004  -4.679 0.6999999881
25360  5.103  -54.916  -4.514 0.8000000119
25367  3.643  -55.360  -5.227 0.8000000119
25384  18.713  -55.072  -7.602 0.6999999881
25388  5.347  -54.638  -7.932 0.6999999881
25390  3.627  -55.429  -7.327 0.8000000119
25400  19.442  -55.239  -8.224 0.6999999881
25406  27.626  -55.003  -9.462 0.4000000060
25408  21.159  -55.676  -10.228 0.5000000000
25419  22.271  -55.799  -11.641 0.4000000060
25422  19.782  -55.226  -10.493 0.6000000238
25424  17.249  -55.465  -11.157 0.5000000000
25438  16.683  -55.085  -11.851 0.5000000000
25445  26.591  -54.383  -12.295 0.4000000060
25491  8.084  -55.037  -13.851 0.5000000000
25507  8.222  -55.748  -14.730 0.6000000238
25514  8.224  -55.931  -15.485 0.6999999881
25515  7.101  -55.458  -16.298 0.6000000238
25526  6.163  -54.683  -18.626 0.5000000000
25537  5.455  -55.298  -19.140 0.6000000238
26313  15.335  -54.225  -1.762 0.4000000060
26315  13.347  -54.569  -1.529 0.4000000060
26326  17.688  -53.772  -2.477 0.3000000119
26327  14.124  -54.047  -2.049 0.4000000060
26337  18.107  -53.699  -3.205 0.4000000060
26338  13.368  -54.847  -3.615 0.6000000238
26350  12.340  -55.658  -5.161 0.6999999881
26352  10.214  -54.673  -4.980 0.6999999881
26355  5.923  -54.420  -4.905 0.8000000119
26357  3.870  -54.787  -5.193 0.8000000119
26366  17.750  -54.629  -6.097 0.6000000238
26367  17.422  -53.975  -5.747 0.8000000119
26371  11.604  -54.778  -5.567 0.6999999881
26373  7.131  -52.958  -5.508 0.8000000119
26375  5.697  -53.689  -5.482 0.8000000119
26377  3.726  -54.706  -5.945 0.8000000119
26391  18.002  -54.514  -7.194 0.6000000238
26403  18.769  -54.926  -8.343 0.6999999881
26407  7.617  -53.796  -7.426 0.6999999881
26410  4.431  -54.143  -6.902 0.6999999881
26411  3.882  -54.703  -6.925 0.8000000119
26421  19.925  -55.113  -9.249 0.6000000238
26431  28.863  -53.956  -9.002 0.4000000060
26437  17.000  -54.880  -9.516 0.6000000238
26438  16.044  -54.580  -9.529 0.6000000238
26451  19.282  -55.064  -9.726 0.6000000238
26452  18.386  -55.216  -9.964 0.6000000238
26456  15.015  -53.956  -11.104 0.5000000000
26468  25.503  -53.734  -12.134 0.4000000060
26479  25.977  -53.792  -12.225 0.4000000060
26482  16.006  -54.714  -12.004 0.5000000000
26506  8.162  -54.201  -13.950 0.5000000000
26524  6.310  -54.602  -16.279 0.6999999881
26525  5.645  -54.147  -16.809 0.6999999881
26527  9.297  -53.508  -17.838 0.4000000060
26528  8.121  -53.654  -17.649 0.4000000060
26530  5.517  -54.010  -17.718 0.6999999881
26538  7.249  -54.231  -18.026 0.5000000000
27342  15.863  -53.699  -2.123 0.3000000119
27343  15.030  -53.694  -2.020 0.6000000238
27351  16.322  -53.337  -2.612 0.4000000060
27365  16.642  -53.150  -3.266 0.6000000238
27366  15.325  -53.088  -3.075 0.5000000000
27378  9.757  -53.518  -5.326 0.8000000119
27387  17.142  -53.587  -5.415 0.6999999881
27388  15.119  -53.829  -5.759 0.8000000119
27389  11.770  -54.293  -6.149 0.8000000119
27390  10.049  -53.155  -5.894 0.8000000119
27392  8.472  -52.250  -5.704 0.8000000119
27394  5.520  -53.152  -5.926 0.8000000119
27401  28.175  -53.924  -6.349 0.3000000119
27405  17.556  -54.023  -7.280 0.6000000238
27408  14.940  -53.829  -6.498 0.8000000119
27409  14.235  -54.151  -6.907 0.8000000119
27412  10.353  -53.103  -6.458 0.8000000119
27413  5.642  -53.033  -6.285 0.8000000119
27418  18.132  -54.740  -8.258 0.6999999881
27420  17.102  -54.037  -7.755 0.8000000119
27421  16.566  -53.829  -7.494 0.8000000119
27427  7.427  -52.921  -7.109 0.6999999881
27428  6.202  -52.854  -6.668 0.8000000119
27439  29.878  -53.544  -8.355 0.4000000060
27442  17.444  -54.352  -8.209 0.6999999881
27445  14.957  -54.036  -8.409 0.8000000119
27446  10.730  -53.190  -8.649 0.5000000000
27462  28.192  -53.237  -10.413 0.4000000060
27463  17.570  -54.519  -8.759 0.6999999881
27466  14.496  -53.664  -9.311 0.6000000238
27467  13.942  -53.113  -9.980 0.6000000238
27484  27.706  -53.172  -10.618 0.4000000060
27485  27.444  -53.147  -10.921 0.4000000060
27541  7.876  -53.495  -14.220 0.5000000000
27549  5.943  -53.140  -16.741 0.5000000000
27550  5.573  -53.799  -17.133 0.5000000000
27569  10.360  -53.744  -19.545 0.4000000060
28364  15.958  -53.027  -3.136 0.6000000238
28375  16.875  -53.099  -4.126 0.5000000000
28378  15.298  -53.177  -4.157 0.6999999881
28385  15.781  -53.037  -4.418 0.6999999881
28393  16.328  -53.192  -5.592 0.8000000119
28394  15.923  -53.191  -5.269 0.6999999881
28396  8.923  -51.887  -6.000 0.8000000119
28397  7.989  -51.927  -5.939 0.8000000119
28398  7.033  -52.393  -5.910 0.8000000119
28399  6.185  -52.752  -5.986 0.8000000119
28408  16.367  -53.384  -6.361 0.8000000119
28409  15.898  -53.456  -6.508 0.8000000119
28414  9.367  -52.066  -6.463 0.6999999881
28421  30.417  -53.471  -6.940 0.5000000000
28422  16.259  -53.559  -6.952 0.8000000119
28423  14.687  -53.966  -7.418 0.8000000119
28427  10.649  -53.080  -7.370 0.6000000238
28431  7.001  -52.649  -6.642 0.8000000119
28442  15.077  -53.989  -7.733 0.8000000119
28446  11.159  -53.022  -8.219 0.6000000238
28461  13.720  -53.241  -9.128 0.6000000238
28462  13.002  -52.867  -8.970 0.8000000119
28582  6.607  -52.461  -16.655 0.5000000000
28601  8.658  -51.955  -19.359 0.3000000119
28602  8.360  -51.632  -19.848 0.4000000060
29449  31.072  -52.054  -7.715 0.4000000060
29601  8.288  -51.687  -17.748 0.6000000238
29603  7.034  -51.715  -16.806 0.5000000000
29641  8.344  -51.334  -19.886 0.3000000119
30524  31.775  -51.014  -5.830 0.5000000000
30750  8.229  -50.881  -19.802 0.3000000119
30769  9.381  -50.738  -21.471 0.3000000119
30779  9.601  -51.272  -22.010 0.3000000119
31714  7.234  -49.984  -13.614 0.6000000238
31751  17.498  -50.447  -17.047 0.4000000060
31755  12.755  -49.744  -16.389 0.5000000000
31756  7.005  -49.556  -16.442 0.6999999881
31768  18.788  -50.000  -17.682 0.4000000060
31789  11.500  -48.969  -18.824 0.4000000060
31808  8.343  -49.212  -19.785 0.3000000119
31809  7.833  -49.838  -19.184 0.4000000060
31833  8.764  -49.591  -20.442 0.3000000119
31851  9.136  -50.147  -20.954 0.4000000060
32626  32.707  -48.258  -5.042 0.4000000060
32627  32.237  -48.665  -4.874 0.4000000060
32636  30.527  -48.906  -5.451 0.3000000119
32642  29.116  -48.410  -6.327 0.4000000060
32644  27.312  -48.428  -6.661 0.3000000119
32764  7.342  -49.161  -13.645 0.6000000238
32803  12.723  -48.423  -15.552 0.6000000238
32819  20.875  -48.727  -16.789 0.5000000000
32821  18.663  -49.792  -16.412 0.4000000060
32827  12.167  -48.913  -16.218 0.5000000000
32830  7.034  -48.785  -17.020 0.6000000238
32846  7.319  -48.118  -17.724 0.5000000000
32877  9.155  -47.637  -20.332 0.4000000060
33832  17.652  -47.283  -14.900 0.6000000238
33866  12.507  -47.537  -15.329 0.6000000238
33868  7.407  -47.041  -15.872 0.6000000238
33875  22.410  -47.704  -16.237 0.4000000060
33892  19.858  -48.624  -18.010 0.4000000060
33896  8.051  -47.252  -18.044 0.5000000000
33914  9.458  -46.676  -19.132 0.5000000000
33930  9.964  -47.161  -19.756 0.5000000000
34680  30.750  -45.955  -5.088 0.4000000060
34691  30.180  -46.551  -5.601 0.4000000060
34702  33.825  -46.454  -6.580 0.4000000060
34706  26.437  -46.215  -6.630 0.3000000119
34732  34.055  -46.192  -8.534 0.4000000060
34856  17.138  -46.715  -14.515 0.5000000000
34876  22.198  -46.745  -16.494 0.3000000119
34883  10.849  -46.358  -16.274 0.6000000238
34898  19.902  -46.739  -17.991 0.5000000000
34922  9.062  -46.339  -18.417 0.6000000238
34923  8.701  -46.595  -18.250 0.5000000000
35745  34.101  -45.707  -7.105 0.5000000000
35775  34.390  -45.805  -9.205 0.4000000060
35810  32.888  -45.258  -13.474 0.5000000000
35839  7.952  -45.630  -13.820 0.6000000238
35847  30.549  -45.524  -15.127 0.5000000000
35850  27.016  -45.318  -15.111 0.3000000119
35853  21.989  -45.338  -15.107 0.4000000060
35857  10.584  -44.538  -14.727 0.5000000000
35863  21.758  -45.694  -15.899 0.4000000060
35864  20.770  -45.297  -15.824 0.3000000119
35878  9.356  -45.472  -16.633 0.6000000238
35879  8.782  -45.339  -16.438 0.6000000238
35880  7.855  -46.127  -16.174 0.6000000238
36737  34.030  -44.398  -5.582 0.4000000060
36738  33.566  -44.364  -4.891 0.4000000060
36740  30.392  -45.004  -5.253 0.4000000060
36759  28.115  -44.882  -6.325 0.4000000060
36781  34.375  -44.392  -7.213 0.4000000060
36839  33.424  -44.421  -12.408 0.5000000000
36851  23.352  -44.704  -13.218 0.4000000060
36852  22.383  -44.479  -13.395 0.4000000060
36853  21.466  -44.310  -13.553 0.3000000119
36883  9.930  -44.298  -15.019 0.6000000238
37700  30.561  -43.358  -4.764 0.4000000060
37714  34.017  -43.709  -5.951 0.4000000060
37719  27.983  -43.228  -5.734 0.3000000119
37795  34.563  -43.544  -8.638 0.5000000000
37839  33.789  -43.125  -10.799 0.5000000000
37855  25.793  -42.825  -11.411 0.4000000060
37865  23.379  -43.600  -12.501 0.4000000060
37871  31.501  -43.645  -14.134 0.4000000060
38660  31.239  -42.531  -4.320 0.4000000060
38681  33.418  -42.640  -5.978 0.4000000060
38683  32.597  -42.448  -4.603 0.4000000060
38711  33.412  -42.566  -6.673 0.4000000060
38783  33.559  -42.331  -9.583 0.4000000060
38819  33.228  -42.771  -11.199 0.4000000060
38821  27.839  -42.183  -11.652 0.4000000060
38848  32.251  -43.196  -13.301 0.4000000060
38852  20.842  -42.949  -13.401 0.3000000119
38875  28.538  -43.370  -16.198 0.4000000060
39710  32.510  -41.641  -7.169 0.3000000119
39712  31.666  -40.854  -6.686 0.3000000119
40693  31.644  -40.623  -8.215 0.3000000119
40753  23.497  -40.911  -13.378 0.3000000119
41682  31.605  -39.426  -10.339 0.4000000060
41697  31.760  -39.675  -11.682 0.3000000119
41706  31.380  -39.406  -12.368 0.4000000060
41707  30.990  -39.157  -12.966 0.3000000119
130780  3.621  -58.822  -9.969 0.6000000238
131064  3.935  -55.198  -7.855 0.8000000119
131422  5.553  -82.954  -5.328 0.8000000119
131525  3.399  -81.330  -7.159 0.8999999762
131774  4.199  -62.477  -19.096 0.6000000238
131878  6.874  -68.685  -2.179 0.5000000000
132281  4.952  -61.860  -16.047 0.8000000119
132589  4.331  -60.520  -16.237 0.6000000238
132697  19.061  -56.404  -6.805 0.6000000238
132873  6.870  -80.486  1.325 0.6000000238
132982  3.189  -78.799  -11.234 0.8999999762
133101  5.601  -53.269  -6.972 0.6999999881
133186  5.102  -57.921  -19.008 0.8000000119
133294  8.795  -74.506  -3.840 0.6999999881
133591  8.574  -65.202  -19.835 0.6999999881
133634  3.872  -76.078  -3.817 0.8000000119
133667  7.397  -59.147  -23.160 0.6000000238
133782  3.410  -56.130  -7.046 0.8000000119
134067  6.737  -88.043  -11.101 0.8999999762
134079  2.860  -64.146  -26.447 0.6000000238
134219  5.982  -75.121  -3.697 0.6999999881
134406  11.093  -71.395  -4.364 0.8000000119
134478  11.657  -83.381  -7.064 0.5000000000
134578  18.454  -78.400  -33.106 0.6999999881
134653  7.304  -52.007  -14.307 0.6000000238
134900  4.410  -70.723  -32.918 0.6999999881
135029  18.929  -92.137  -16.793 0.6999999881
135228  7.205  -50.853  -17.128 0.6000000238
135239  8.339  -80.486  4.190 0.4000000060
135265  7.745  -54.746  -4.542 0.8000000119
135638  0.788  -63.567  -29.364 0.6000000238
135843  10.049  -64.721  -19.580 0.8000000119
135849  3.090  -77.781  -8.908 1.0000000000
136004  21.072  -85.568  -24.686 0.5000000000
136179  10.989  -75.422  -31.527 0.6999999881
136255  7.917  -59.731  -0.215 0.4000000060
136265  7.150  -69.984  -4.735 0.8000000119
136269  21.091  -89.169  -28.271 0.6000000238
136516  7.872  -64.825  -31.087 0.6999999881
136546  0.701  -64.271  -28.585 0.5000000000
136690  3.770  -65.964  -5.015 0.8999999762
136807  24.092  -90.596  -10.690 0.3000000119
137055  22.431  -90.133  -22.187 0.4000000060
137062  3.773  -61.698  -16.246 0.6000000238
137542  3.689  -62.269  -20.215 0.6000000238
137617  8.567  -58.010  -2.536 0.5000000000
137675  27.961  -42.801  -16.330 0.3000000119
137785  17.629  -54.362  -8.016 0.6999999881
137815  24.117  -41.001  -14.063 0.3000000119
137842  7.658  -67.942  -2.651 0.6000000238
137863  14.698  -87.757  -16.621 0.8999999762
137870  4.274  -61.629  0.183 0.4000000060
138113  7.491  -71.478  -33.364 0.5000000000
138259  12.480  -49.793  -17.763 0.3000000119
138381  31.581  -46.706  -4.637 0.4000000060
138442  8.218  -67.457  -5.292 0.6999999881
138632  16.937  -55.350  -12.942 0.5000000000
138655  23.365  -60.060  -6.762 0.3000000119
138687  9.518  -66.096  -29.004 0.6000000238
138747  6.291  -60.127  -20.754 0.8000000119
138816  4.909  -53.812  -5.645 0.8000000119
139147  24.066  -91.550  -24.012 0.4000000060
139255  5.783  -86.461  -13.251 0.8000000119
139538  11.506  -89.038  -10.588 0.8999999762
139682  18.788  -94.486  -16.772 0.6000000238
139716  5.897  -86.792  -9.899 0.8999999762
139766  16.683  -83.548  -11.068 0.6000000238
139914  18.243  -88.008  -10.923 0.3000000119
140119  27.526  -49.097  -6.634 0.3000000119
140141  4.388  -69.821  -4.488 0.8000000119
140494  8.735  -73.572  -10.988 0.5000000000
140543  17.612  -93.389  -14.444 0.8000000119
140653  10.572  -81.380  -6.015 0.6000000238
140659  18.939  -85.634  -10.932 0.5000000000
140739  8.040  -50.844  -19.427 0.4000000060
140776  7.293  -86.161  -6.210 0.8000000119
141093  8.141  -62.395  1.999 0.3000000119
141107  20.929  -86.836  -15.367 0.5000000000
141133  8.121  -75.450  1.466 0.3000000119
141142  7.292  -57.410  -2.533 0.5000000000
141159  19.417  -91.141  -24.571 0.6000000238
141194  29.555  -53.508  -6.311 0.4000000060
141207  5.765  -73.425  -8.637 0.5000000000
141328  18.492  -93.664  -15.720 0.6000000238
141803  2.974  -81.298  -9.524 1.0000000000
141815  30.199  -50.160  -5.487 0.3000000119
141907  22.356  -41.622  -12.948 0.3000000119
141987  5.067  -58.009  -19.954 0.6999999881
142034  4.085  -67.382  -33.043 0.6999999881
142108  3.961  -57.691  -3.089 0.8000000119
142153  32.659  -41.726  -6.357 0.3000000119
142201  9.179  -72.866  -32.244 0.5000000000
142215  18.870  -84.667  -10.889 0.5000000000
142318  7.041  -51.993  -15.115 0.6000000238
142351  10.999  -74.077  -5.113 0.8999999762
142425  16.962  -83.904  -13.925 0.8999999762
142482  20.995  -93.185  -22.001 0.4000000060
142650  10.367  -66.936  -27.258 0.5000000000
142889  25.817  -46.863  -6.589 0.3000000119
143014  20.057  -81.911  -37.963 0.4000000060
143115  2.741  -75.976  -6.949 1.0000000000
143226  4.752  -59.904  -1.721 0.6000000238
143282  32.197  -47.961  -4.630 0.4000000060
143313  5.577  -61.961  -5.724 0.8999999762
143430  9.190  -67.643  -27.281 0.6000000238
143436  9.330  -83.262  -16.417 0.6999999881
143550  21.701  -90.985  -31.697 0.5000000000
143696  25.675  -91.584  -25.105 0.4000000060
143725  2.795  -76.577  -7.002 1.0000000000
143859  12.282  -53.070  -7.953 0.6999999881
143933  15.808  -94.312  -12.606 0.6999999881
144331  27.353  -51.215  -6.531 0.3000000119
144457  8.071  -64.976  -1.839 0.6000000238
144465  11.475  -89.129  -11.746 0.8999999762
144901  15.527  -77.184  -33.854 0.6000000238
144907  1.442  -65.334  -24.482 0.5000000000
144926  20.986  -80.393  -31.385 0.6000000238
145071  6.422  -82.951  -5.700 0.8000000119
145229  11.284  -82.589  -17.162 0.8000000119
145288  20.540  -89.882  -13.076 0.3000000119
145401  7.519  -66.740  -35.931 0.6000000238
145530  10.703  -64.218  -19.520 0.8000000119
145545  20.423  -92.172  -17.327 0.4000000060
145551  9.065  -68.028  -26.637 0.6000000238
145611  7.554  -69.707  -26.069 0.8000000119
145614  5.960  -75.116  -3.007 0.8000000119
145661  6.432  -61.177  -16.358 0.8000000119
145859  21.103  -90.113  -28.484 0.5000000000
145904  19.523  -49.527  -16.260 0.4000000060
145951  5.296  -58.706  -1.539 0.5000000000
146197  18.335  -88.999  -16.087 0.8000000119
146212  27.995  -55.321  -6.612 0.3000000119
146235  5.403  -71.151  -4.428 0.8999999762
146262  16.446  -89.134  -25.947 0.4000000060
146280  7.339  -87.892  -8.933 1.0000000000
146375  19.883  -94.306  -21.330 0.5000000000
146494  19.418  -87.993  -11.412 0.3000000119
146751  20.792  -87.834  -18.754 0.6000000238
146828  6.411  -76.517  -9.476 0.6999999881
146896  14.917  -53.622  -4.393 0.6999999881
147115  5.814  -85.641  -9.692 1.0000000000
147306  11.563  -83.815  -10.941 0.6999999881
147346  16.917  -88.505  -15.464 0.8999999762
147357  12.347  -72.808  -4.067 0.8999999762
147417  6.327  -65.378  -3.876 0.6999999881
147536  16.914  -83.513  -17.510 0.8000000119
147547  13.658  -85.824  -8.106 0.4000000060
147643  6.791  -70.824  -4.489 0.8000000119
147652  14.145  -83.540  -17.687 0.8999999762
147679  3.108  -58.848  -7.885 0.8000000119
147695  6.791  -75.754  -2.218 0.6999999881
147760  7.444  -53.868  -4.970 0.8000000119
147826  21.785  -86.706  -17.250 0.5000000000
147848  19.654  -90.366  -32.575 0.6000000238
147921  9.729  -53.109  -7.630 0.6999999881
148162  17.104  -53.358  -4.668 0.6000000238
148173  9.645  -52.899  -17.999 0.4000000060
148305  6.184  -65.355  -30.749 0.6000000238
148348  13.970  -86.427  -17.388 0.8999999762
148400  15.655  -85.682  -14.153 0.8999999762
148464  3.912  -57.849  -10.082 0.6000000238
148495  3.956  -56.409  -9.127 0.8000000119
149302  4.705  -57.091  -9.924 0.6000000238
149516  11.003  -75.948  -9.104 0.6999999881
149555  10.896  -75.914  -8.344 0.8000000119
149657  7.627  -67.479  -36.097 0.6000000238
149749  12.118  -72.718  -4.613 0.8000000119
149915  4.032  -62.449  -20.438 0.6000000238
150158  0.824  -63.201  -27.069 0.6000000238
150264  1.842  -63.288  -25.395 0.6000000238
150360  18.035  -87.940  -16.245 0.6999999881
150383  21.182  -90.668  -14.162 0.4000000060
150393  5.082  -57.467  -20.106 0.6999999881
150432  9.075  -68.909  -24.901 0.6000000238
150492  15.274  -86.880  -17.092 0.8999999762
150507  11.182  -89.362  -10.809 0.8999999762
150649  1.142  -66.690  -31.841 0.6000000238
150665  19.315  -81.819  -15.362 0.8000000119
150714  8.176  -59.029  -16.997 0.8999999762
150827  20.490  -84.392  -14.031 0.6000000238
150856  18.104  -89.962  -31.154 0.5000000000
150889  10.667  -73.015  -6.723 0.8000000119
151213  4.434  -65.456  -22.480 0.8000000119
151226  21.121  -87.428  -15.546 0.5000000000
151228  13.170  -76.435  -35.139 0.6000000238
151349  23.751  -87.213  -25.267 0.4000000060
151380  6.043  -64.865  -3.830 0.6999999881
151433  23.628  -91.342  -13.572 0.3000000119
151739  7.478  -53.051  -17.355 0.5000000000
151940  16.555  -94.774  -15.040 0.8000000119
152000  8.356  -45.570  -16.198 0.6000000238
152038  17.031  -94.326  -14.471 0.6999999881
152327  12.324  -76.057  -33.136 0.6000000238
152403  7.614  -50.615  -17.788 0.6000000238
152468  12.865  -89.079  -8.198 0.4000000060
152470  10.906  -57.227  -2.849 0.3000000119
152503  7.307  -60.192  0.136 0.4000000060
152558  23.899  -91.005  -32.052 0.5000000000
152679  5.568  -68.843  -27.209 0.6999999881
152690  3.418  -68.504  -4.945 0.8000000119
152735  4.658  -59.342  -16.506 0.8000000119
152822  21.620  -92.842  -29.977 0.6999999881
152983  19.144  -85.579  -37.849 0.5000000000
153187  1.975  -69.391  -33.104 0.4000000060
153287  21.084  -87.628  -24.776 0.6000000238
153323  22.002  -55.338  -13.205 0.5000000000
153378  11.916  -84.796  -7.320 0.4000000060
153668  2.625  -62.626  -21.578 0.5000000000
153687  9.407  -64.090  -22.803 0.6999999881
153689  18.265  -84.660  -17.697 0.8000000119
153691  16.046  -90.641  -27.372 0.5000000000
153811  21.802  -91.311  -25.564 0.6000000238
153964  13.007  -47.106  -14.848 0.6000000238
154074  14.231  -54.546  -4.365 0.6000000238
154137  20.776  -84.076  -15.909 0.6000000238
154140  14.921  -77.302  -32.645 0.6999999881
154325  18.155  -93.202  -28.488 0.6000000238
154378  19.268  -78.829  -31.807 0.6999999881
154495  9.012  -44.608  -14.983 0.6000000238
154567  10.092  -45.932  -16.722 0.6000000238
154570  5.332  -83.748  -5.662 0.8000000119
154714  25.370  -53.986  -6.266 0.3000000119
154746  3.673  -75.288  -5.969 0.8000000119
154806  12.236  -55.301  -1.625 0.4000000060
154847  32.217  -40.804  -9.389 0.3000000119
154851  33.299  -48.252  -6.252 0.4000000060
154869  21.350  -85.030  -24.792 0.3000000119
155080  9.772  -75.466  -12.176 0.6000000238
155094  8.961  -51.962  -18.462 0.3000000119
155241  4.766  -61.382  -5.599 0.8999999762
155280  17.897  -84.512  -10.087 0.6000000238
155314  22.097  -42.465  -12.971 0.3000000119
155468  20.157  -82.773  -16.984 0.6999999881
155477  3.120  -62.271  -20.948 0.5000000000
155489  9.680  -84.897  -13.909 0.8000000119
155501  6.869  -51.922  -15.721 0.6000000238
155506  1.617  -63.303  -24.934 0.6000000238
155512  7.935  -65.557  -35.357 0.6000000238
155605  24.183  -90.000  -25.804 0.4000000060
155722  3.828  -65.619  -4.301 0.8999999762
155759  9.941  -74.932  -12.481 0.5000000000
155805  19.835  -88.347  -27.711 0.4000000060
155809  28.161  -52.727  -6.224 0.3000000119
155885  21.631  -86.818  -18.160 0.5000000000
156052  22.758  -91.751  -17.697 0.5000000000
156093  10.780  -63.386  -20.705 0.8000000119
156152  10.135  -76.254  -10.460 0.8000000119
156205  14.259  -84.826  -17.708 0.8999999762
156250  6.462  -83.839  -11.692 0.8000000119
156336  10.229  -76.352  -8.086 0.8000000119
156337  7.297  -55.217  -4.304 0.6000000238
156451  17.227  -87.679  -16.264 0.8999999762
156486  29.666  -54.590  -7.117 0.5000000000
156532  5.952  -64.284  -32.275 0.6999999881
156631  10.186  -55.561  -4.737 0.6999999881
156633  26.552  -56.034  -6.464 0.4000000060
156637  22.527  -91.882  -25.559 0.5000000000
156686  20.840  -83.938  -17.498 0.6999999881
156722  4.386  -77.364  -1.156 0.8000000119
156724  18.112  -84.704  -32.369 0.6000000238
156974  18.067  -89.797  -24.214 0.5000000000
157220  31.922  -47.381  -4.522 0.4000000060
157310  21.340  -47.414  -17.328 0.4000000060
157321  33.557  -45.818  -4.988 0.4000000060
157364  28.742  -49.875  -6.306 0.4000000060
157454  15.122  -83.494  -17.642 0.8000000119
157679  12.541  -71.787  -3.015 0.6999999881
157766  3.160  -79.024  -1.385 0.8000000119
157869  8.047  -87.309  -7.372 0.8999999762
157900  10.135  -81.722  -5.134 0.4000000060
157912  23.051  -92.060  -23.703 0.5000000000
157935  4.958  -75.936  -8.575 0.8000000119
158038  29.979  -41.607  -15.211 0.4000000060
158137  3.194  -66.876  -32.604 0.6999999881
158199  4.886  -55.396  -18.376 0.6999999881
158212  3.266  -64.923  -27.143 0.6000000238
158215  4.895  -70.790  -31.397 0.6999999881
158244  4.077  -80.825  -1.893 0.8000000119
158250  23.447  -91.693  -25.561 0.5000000000
158405  5.207  -76.494  -12.594 0.8000000119
158489  18.545  -87.877  -34.728 0.8000000119
158514  7.731  -58.627  -22.694 0.6000000238
158652  10.605  -75.130  -7.176 0.8000000119
158700  7.309  -49.044  -14.402 0.6000000238
158715  11.672  -84.222  -7.061 0.5000000000
158719  5.046  -73.310  -31.552 0.6999999881
158811  19.382  -82.770  -32.532 0.6999999881
158891  9.146  -74.276  0.927 0.3000000119
158942  14.090  -86.161  -8.237 0.4000000060
158982  11.678  -53.081  -10.008 0.5000000000
159029  17.545  -77.902  -33.756 0.6999999881
159031  3.148  -78.167  -10.319 0.8999999762
159044  4.070  -81.960  -5.052 0.8000000119
159060  4.610  -60.751  -0.634 0.4000000060
159096  9.582  -65.431  -31.109 0.6000000238
159213  7.215  -59.434  -24.021 0.5000000000
