#!ascii label  , from subject sub-v1s20x0050288_ses-1 vox2ras=TkReg
2441
46203  3.029  -2.965  56.221 0.1111110002
46205  1.698  -3.604  56.680 0.1111110002
45146  0.443  -4.067  57.175 0.2222220004
45164  0.407  -4.860  56.728 0.4444440007
50300  4.757  0.538  55.757 0.1111110002
49377  3.851  -0.872  55.993 0.1111110002
47278  3.457  -2.128  56.379 0.1111110002
103771  5.439  0.921  55.279 0.1111110002
49375  4.806  -0.305  55.251 0.1111110002
48431  3.938  -1.775  55.685 0.1111110002
112605  6.474  1.440  54.299 0.2222220004
50304  6.254  0.751  54.101 0.2222220004
50299  5.195  0.262  55.100 0.1111110002
49376  4.363  -1.008  55.408 0.1111110002
46204  2.437  -3.802  55.964 0.3333329856
44062  0.871  -5.098  56.122 0.4444440007
44047  -0.315  -5.242  56.771 0.4444440007
44063  0.226  -5.550  56.260 0.4444440007
44065  -1.460  -6.191  56.447 0.4444440007
106966  -1.899  -6.767  56.151 0.2222220004
46213  3.280  -3.646  55.408 0.1111110002
50313  6.559  0.408  53.325 0.2222220004
50305  5.676  0.437  54.620 0.2222220004
102622  5.323  -0.334  54.627 0.2222220004
47294  4.105  -2.498  55.102 0.1111110002
112238  7.607  0.895  52.394 0.2222220004
49388  5.899  -0.208  53.847 0.2222220004
49382  4.885  -1.091  54.761 0.2222220004
45171  1.961  -4.504  55.470 0.4444440007
51328  8.157  0.945  51.850 0.2222220004
44075  0.552  -5.373  55.743 0.4444440007
43031  -0.224  -5.893  55.988 0.4444440007
44083  0.585  -5.056  55.272 0.4444440007
43041  -1.157  -6.262  55.797 0.3333329856
43042  -2.122  -6.920  55.803 0.2222220004
43053  -2.371  -6.933  54.975 0.3333329856
43052  -2.137  -7.531  54.273 0.2222220004
47295  3.715  -2.782  55.651 0.1111110002
107366  3.382  -4.090  54.684 0.4444440007
50312  7.051  0.896  52.951 0.2222220004
49387  6.340  -0.482  52.916 0.2222220004
48438  5.804  -1.219  53.215 0.2222220004
48430  4.462  -1.854  54.948 0.2222220004
46220  3.671  -4.095  54.019 0.4444440007
51340  9.326  0.765  50.522 0.2222220004
50331  8.581  0.617  51.159 0.2222220004
48449  5.601  -2.033  52.583 0.3333329856
47321  5.056  -2.739  52.769 0.3333329856
45175  2.314  -4.477  54.673 0.5555559993
45176  1.361  -4.579  54.762 0.5555559993
50344  9.860  0.945  49.987 0.2222220004
50345  8.761  -0.038  50.238 0.2222220004
107442  7.720  0.166  51.620 0.2222220004
48456  7.076  -1.295  50.899 0.3333329856
45186  2.091  -4.195  54.118 0.5555559993
45177  0.449  -4.418  54.810 0.4444440007
113532  9.394  0.188  49.627 0.4444440007
45179  -1.703  -4.772  55.158 0.4444440007
112603  10.482  0.783  48.278 0.2222220004
44086  -2.655  -5.613  54.425 0.4444440007
42088  -1.635  -7.953  53.458 0.1111110002
46219  4.296  -3.517  54.029 0.4444440007
46234  3.475  -3.798  53.473 0.5555559993
48448  6.184  -1.378  52.394 0.3333329856
109224  4.537  -3.209  52.969 0.5555559993
46235  2.668  -3.787  53.522 0.5555559993
50346  8.072  -0.276  50.736 0.3333329856
49414  7.563  -1.064  50.367 0.2222220004
103596  6.509  -1.419  51.539 0.3333329856
47348  5.586  -2.187  51.328 0.5555559993
47349  4.930  -2.400  51.533 0.5555559993
46236  1.695  -3.468  53.676 0.6666669846
45187  1.111  -3.954  54.239 0.5555559993
49413  8.127  -0.819  49.874 0.3333329856
48466  6.450  -1.560  50.329 0.5555559993
48467  5.784  -1.628  50.428 0.6666669846
47324  1.285  -2.466  53.347 0.6666669846
46237  -0.290  -3.221  54.259 0.6666669846
46222  -2.119  -3.788  54.913 0.5555559993
52556  10.931  1.347  47.987 0.3333329856
50385  9.458  -0.841  47.372 0.4444440007
114559  0.597  -3.129  53.897 0.7777780294
46238  -1.238  -3.188  54.474 0.5555559993
43063  -1.815  -6.965  53.348 0.1111110002
51381  11.198  0.707  47.122 0.6666669846
51382  10.568  0.318  47.422 0.3333329856
45188  -3.399  -4.764  53.768 0.2222220004
43075  -2.284  -6.101  52.984 0.2222220004
47341  3.744  -2.867  52.408 0.5555559993
47342  2.847  -2.366  52.667 0.5555559993
48458  4.521  -1.997  51.087 0.5555559993
48459  3.533  -1.523  51.537 0.5555559993
49450  8.431  -1.209  48.358 0.5555559993
103160  7.325  -1.572  49.022 0.6666669846
48479  6.809  -1.452  49.184 0.6666669846
103005  4.979  -1.519  50.539 0.5555559993
48450  2.258  -1.672  52.690 0.7777780294
48440  0.738  -1.562  53.462 0.6666669846
47327  -1.340  -2.577  53.974 0.5555559993
49475  7.922  -1.260  47.629 0.7777780294
49452  6.848  -1.156  48.491 0.8888890147
47325  0.144  -2.304  53.681 0.6666669846
45181  -3.367  -3.938  54.069 0.4444440007
51395  12.338  0.405  45.937 0.6666669846
50401  9.991  -0.682  46.843 0.7777780294
50402  9.199  -0.916  46.541 0.7777780294
44091  -2.973  -5.495  53.341 0.2222220004
50387  6.297  -0.054  48.702 0.8888890147
49429  5.842  -0.645  49.629 0.7777780294
49416  4.635  -0.607  50.242 0.8888890147
50403  8.143  -0.950  46.795 0.8888890147
50386  6.648  0.042  47.933 0.8888890147
50366  5.728  0.246  49.277 0.8888890147
49430  5.211  -0.126  49.813 0.8888890147
51397  10.627  -0.185  46.421 0.6666669846
50414  9.992  -0.740  45.999 0.7777780294
50416  8.384  -0.343  45.986 0.8888890147
51394  13.197  0.772  45.912 0.6666669846
51396  11.437  0.138  46.095 0.6666669846
50424  10.658  -0.168  45.586 0.7777780294
51399  7.748  0.667  46.239 0.8888890147
51383  7.185  1.167  46.875 0.8888890147
50417  7.510  -0.091  46.574 0.8888890147
109009  6.924  0.356  47.175 0.8888890147
109511  5.849  2.134  48.316 0.7777780294
50415  9.875  -0.147  45.433 0.7777780294
51372  5.900  1.039  48.564 0.8888890147
51412  13.419  0.837  45.124 0.7777780294
51413  12.616  0.374  45.064 0.7777780294
50423  11.544  0.195  45.078 0.7777780294
52593  14.723  1.987  44.863 0.7777780294
51432  14.194  1.377  44.287 0.7777780294
52557  6.980  2.316  47.288 0.6666669846
51415  9.587  1.065  45.181 0.8888890147
51398  8.351  1.031  45.850 0.8888890147
53759  8.113  3.058  46.660 0.7777780294
51435  11.944  0.886  44.276 0.7777780294
52594  10.924  1.499  44.363 0.8888890147
52611  16.111  3.127  44.009 0.5555559993
52630  15.512  2.247  43.578 0.7777780294
110618  14.213  1.335  43.574 0.7777780294
102949  13.672  1.230  43.702 0.7777780294
51434  12.853  0.838  44.346 0.7777780294
51448  14.678  1.502  42.960 0.7777780294
51462  14.079  1.196  42.118 0.7777780294
53768  21.015  3.121  45.041 0.3333329856
112210  21.542  3.008  44.529 0.4444440007
52595  9.834  2.061  44.585 0.8888890147
116045  9.463  2.718  44.952 0.8888890147
53757  9.202  3.212  45.546 0.8888890147
53784  17.224  4.170  43.664 0.4444440007
54831  17.330  4.742  44.209 0.3333329856
52613  12.231  1.738  43.784 0.7777780294
52614  11.392  2.388  43.963 0.8888890147
109248  10.368  3.136  44.171 0.8888890147
53772  9.655  3.254  44.769 0.8888890147
53785  16.621  4.077  44.160 0.4444440007
51463  13.659  1.485  42.183 0.7777780294
51450  13.252  1.684  43.055 0.8888890147
53799  17.030  3.387  43.013 0.6666669846
100853  16.652  3.575  43.620 0.6666669846
52629  16.244  2.835  43.229 0.7777780294
52648  15.629  2.012  42.649 0.7777780294
52647  16.477  2.536  42.438 0.7777780294
52667  15.804  1.872  41.611 0.7777780294
53770  19.662  3.862  45.244 0.2222220004
53781  20.269  3.476  44.714 0.3333329856
52643  22.510  2.090  42.846 0.4444440007
52610  21.677  3.045  43.875 0.4444440007
54829  18.904  4.544  44.730 0.3333329856
53783  18.709  4.530  43.852 0.4444440007
54823  10.067  4.175  44.907 0.7777780294
53756  9.610  3.960  45.404 0.7777780294
53758  8.729  3.564  46.464 0.6666669846
52644  21.547  2.319  42.292 0.5555559993
54840  17.919  4.641  43.664 0.5555559993
53797  18.510  3.846  43.116 0.5555559993
53788  11.102  3.752  43.931 0.8888890147
52663  22.479  1.998  41.848 0.5555559993
53798  17.700  3.912  43.230 0.6666669846
52650  12.872  2.490  42.858 0.8888890147
53787  11.857  3.213  43.518 0.8888890147
99987  17.800  3.398  42.586 0.6666669846
51475  14.886  1.514  41.201 0.7777780294
51477  13.919  1.537  41.078 0.8888890147
52649  13.212  2.150  42.256 0.8888890147
53810  17.191  2.901  42.310 0.7777780294
52646  16.801  2.483  41.697 0.7777780294
52666  16.418  2.153  40.950 0.7777780294
52686  15.372  1.863  40.528 0.7777780294
53795  20.214  3.523  43.803 0.3333329856
112180  21.173  2.486  42.865 0.4444440007
52628  20.901  2.872  43.361 0.5555559993
53782  19.519  4.071  44.231 0.4444440007
116967  11.251  4.437  44.336 0.7777780294
52645  20.746  2.725  42.539 0.5555559993
53806  20.112  3.235  42.987 0.5555559993
53807  19.341  3.361  42.620 0.5555559993
54842  12.255  4.346  43.245 0.8888890147
54832  11.664  4.560  43.921 0.7777780294
99096  22.700  2.537  40.846 0.5555559993
98760  21.790  2.616  41.166 0.5555559993
52664  20.837  2.886  41.490 0.5555559993
53829  19.987  3.159  41.214 0.5555559993
53819  19.305  3.165  41.746 0.5555559993
114215  13.183  3.757  41.973 0.8888890147
53812  12.482  3.297  42.955 0.8888890147
52679  23.587  2.613  40.432 0.5555559993
113086  22.168  2.729  39.687 0.6666669846
99327  21.387  2.741  39.759 0.6666669846
113539  20.591  2.957  40.003 0.6666669846
102398  19.874  3.065  40.392 0.7777780294
53831  18.547  2.923  40.671 0.7777780294
53808  18.573  3.262  42.212 0.7777780294
52688  13.904  2.096  40.485 0.8888890147
53822  13.278  2.873  41.697 0.8888890147
53811  12.958  3.147  42.393 0.8888890147
52714  23.366  2.030  38.791 0.6666669846
115219  22.555  2.024  38.420 0.6666669846
99384  20.586  2.350  39.141 0.6666669846
52682  18.993  2.828  40.024 0.7777780294
52683  18.063  2.784  40.108 0.7777780294
114722  16.809  2.370  40.621 0.7777780294
52703  15.439  2.520  39.514 0.7777780294
52687  14.558  2.168  40.026 0.7777780294
100316  28.394  1.160  38.124 0.5555559993
51536  27.066  1.165  37.493 0.7777780294
101242  26.162  1.276  37.626 0.6666669846
102734  25.089  1.294  37.712 0.6666669846
51538  24.238  1.322  37.112 0.6666669846
51521  23.181  1.760  38.061 0.6666669846
52715  21.801  2.121  37.808 0.7777780294
51537  25.697  1.037  36.816 0.7777780294
51557  23.596  1.519  36.329 0.7777780294
51558  22.732  1.838  36.477 0.7777780294
55840  12.450  5.150  43.787 0.8888890147
54848  12.876  4.255  42.568 0.8888890147
99221  19.833  2.801  39.591 0.7777780294
53832  13.528  2.848  40.847 0.8888890147
54853  13.357  3.753  41.298 0.8888890147
100318  30.120  0.984  38.137 0.5555559993
51533  29.663  1.016  37.313 0.5555559993
52699  19.118  2.706  39.106 0.7777780294
52718  17.626  3.006  38.500 0.7777780294
52702  16.491  2.672  39.427 0.7777780294
53851  15.188  3.174  38.611 0.8888890147
53852  14.452  3.386  38.818 0.8888890147
51534  28.774  1.022  37.292 0.5555559993
51553  27.429  0.834  36.664 0.8888890147
99598  26.588  0.910  36.743 0.8888890147
51540  22.604  1.901  37.502 0.6666669846
52730  21.882  2.137  36.695 0.7777780294
52731  21.035  2.378  36.929 0.8888890147
52732  20.193  2.582  37.154 0.8888890147
52717  18.512  2.938  38.412 0.8888890147
53864  16.986  3.408  37.753 0.8888890147
53850  15.993  3.287  38.104 0.8888890147
51555  26.170  0.784  35.926 0.8888890147
99946  25.264  0.990  35.979 0.8888890147
112890  23.835  1.426  35.378 0.8888890147
51576  22.886  1.691  35.273 0.8888890147
52744  21.905  1.973  35.498 0.8888890147
52745  21.019  2.287  35.721 0.8888890147
51574  24.669  1.231  35.040 0.8888890147
100490  13.256  5.857  43.133 0.8888890147
55858  13.480  5.336  41.070 0.8888890147
55849  13.213  5.282  42.471 0.8888890147
55889  13.772  4.737  39.335 0.8888890147
115109  13.432  4.515  40.960 0.8888890147
51532  30.538  0.869  37.391 0.6666669846
52733  19.437  2.809  37.373 0.8888890147
52716  19.303  2.821  38.283 0.8888890147
53866  15.483  3.645  37.961 0.8888890147
55907  14.565  4.633  38.413 0.8888890147
51551  30.871  0.955  36.478 0.8888890147
99389  30.061  0.982  36.680 0.8888890147
99388  29.216  0.888  36.320 0.8888890147
111849  27.768  0.671  35.891 0.8888890147
52763  20.360  2.549  35.076 0.8888890147
52747  19.420  2.769  36.318 0.8888890147
52748  18.861  3.023  36.692 0.8888890147
113323  17.860  3.581  37.132 0.7777780294
53880  17.123  3.851  37.220 0.8888890147
53865  16.225  3.717  37.675 0.7777780294
99346  29.295  0.901  35.328 0.8888890147
51572  26.715  0.682  35.002 0.8888890147
51618  24.042  1.915  33.307 0.7777780294
51595  23.563  1.590  33.868 0.7777780294
52787  22.195  2.052  33.826 0.8888890147
52762  21.199  2.221  34.722 0.8888890147
51573  25.710  0.945  34.856 0.8888890147
100590  25.068  1.254  34.131 0.7777780294
118387  23.967  1.411  34.557 0.8888890147
57803  13.702  6.916  41.711 0.7777780294
104785  13.546  6.599  43.120 0.4444440007
56841  13.579  6.202  41.361 0.8888890147
56824  13.486  6.266  42.320 0.7777780294
55871  13.966  5.597  39.463 0.7777780294
51548  33.162  1.716  36.801 0.4444440007
117182  32.680  1.416  37.255 0.5555559993
51531  31.341  0.824  37.356 0.5555559993
108958  14.024  4.955  38.861 0.8888890147
51549  32.396  1.190  36.452 0.5555559993
55925  16.518  4.965  37.561 0.7777780294
55926  15.813  4.670  37.731 0.7777780294
55906  15.224  5.139  38.166 0.7777780294
51550  31.627  0.956  35.896 0.7777780294
51570  30.755  1.134  35.422 0.8888890147
99386  30.012  1.032  35.843 0.8888890147
53896  19.512  3.324  35.545 0.8888890147
109537  18.582  3.619  36.274 0.7777780294
54924  18.331  4.246  36.483 0.7777780294
55947  17.092  4.524  37.229 0.7777780294
54905  15.760  4.019  37.646 0.7777780294
51589  29.886  1.112  34.724 0.8888890147
51590  28.182  0.708  34.135 0.8888890147
51591  27.338  0.841  34.021 0.7777780294
51592  26.488  1.125  33.880 0.7777780294
52804  25.636  2.897  33.022 0.7777780294
52806  24.241  2.548  33.069 0.7777780294
52786  23.072  1.971  33.530 0.7777780294
53920  21.714  2.647  33.986 0.7777780294
53921  20.904  2.635  34.491 0.7777780294
53895  20.085  2.920  35.009 0.8888890147
51593  25.694  1.377  33.655 0.8888890147
51594  24.352  1.461  33.899 0.7777780294
56840  13.885  6.847  40.949 0.5555559993
108952  34.269  2.734  36.789 0.2222220004
52743  33.781  2.195  37.228 0.3333329856
56859  14.393  6.598  40.072 0.5555559993
103273  33.679  2.247  36.339 0.2222220004
56888  15.467  6.033  38.664 0.4444440007
56874  14.689  6.124  39.253 0.6666669846
52759  33.531  2.375  35.421 0.6666669846
51568  32.278  1.252  35.417 0.6666669846
56902  16.740  5.579  37.813 0.6666669846
55905  16.011  5.489  37.953 0.7777780294
51569  31.454  1.179  34.945 0.8888890147
54948  19.652  4.255  35.658 0.7777780294
54923  19.017  4.659  36.176 0.7777780294
55924  17.239  5.254  37.424 0.6666669846
102412  30.713  1.047  34.513 0.8888890147
51615  30.210  1.090  33.628 0.8888890147
51616  29.374  1.228  33.831 0.8888890147
52782  27.943  1.587  33.389 0.7777780294
52783  27.174  2.038  33.340 0.7777780294
53940  26.354  3.511  33.200 0.7777780294
54991  25.779  4.070  33.369 0.7777780294
53942  23.993  3.355  33.290 0.7777780294
54972  22.203  3.751  34.099 0.7777780294
54947  20.485  4.368  35.264 0.6666669846
56857  22.028  6.917  40.032 0.3333329856
57826  21.292  7.275  39.768 0.2222220004
57816  20.119  7.926  40.029 0.1111110002
58769  19.341  8.173  40.146 0.1111110002
58771  17.821  8.346  40.678 0.1111110002
58773  16.416  8.268  41.116 0.2222220004
55888  24.912  6.329  39.069 0.1111110002
56880  23.971  6.526  38.770 0.3333329856
56871  21.884  6.970  39.124 0.3333329856
57842  21.097  7.180  38.933 0.2222220004
57843  20.294  7.277  38.808 0.2222220004
56884  19.461  7.287  38.773 0.2222220004
101795  18.110  7.674  39.383 0.1111110002
104735  17.326  7.432  39.432 0.2222220004
57818  15.984  7.904  40.452 0.2222220004
111862  14.496  7.347  40.792 0.3333329856
118686  14.685  7.706  41.193 0.2222220004
53891  35.245  3.762  35.921 0.2222220004
52742  34.191  2.840  35.912 0.2222220004
55903  25.591  5.977  38.366 0.1111110002
55904  24.697  6.344  38.112 0.2222220004
104517  23.188  6.599  38.891 0.3333329856
56883  21.677  6.864  38.294 0.2222220004
57853  20.844  6.916  38.180 0.2222220004
57844  18.619  7.241  38.829 0.2222220004
57832  15.991  7.333  39.738 0.3333329856
53912  34.968  3.866  35.006 0.3333329856
53892  34.697  3.354  35.621 0.4444440007
54903  26.667  5.157  37.431 0.1111110002
55919  25.892  5.583  37.462 0.2222220004
55921  24.552  6.398  37.339 0.2222220004
114342  23.463  6.531  37.077 0.3333329856
56896  22.229  6.620  37.608 0.2222220004
56898  20.558  6.619  37.441 0.2222220004
56899  19.748  6.437  37.393 0.2222220004
102962  19.051  6.664  38.115 0.2222220004
56886  17.572  6.481  38.426 0.3333329856
56872  16.187  6.711  39.125 0.4444440007
112144  34.099  3.152  34.961 0.4444440007
52760  32.855  1.771  34.925 0.6666669846
54941  28.879  4.170  35.443 0.5555559993
54921  28.544  4.469  36.397 0.4444440007
99724  26.922  4.784  36.589 0.4444440007
55938  26.171  5.223  36.611 0.4444440007
98669  25.063  6.028  35.807 0.4444440007
56923  23.402  6.243  36.271 0.5555559993
56924  22.394  6.142  36.130 0.4444440007
56913  21.046  6.396  36.761 0.4444440007
56915  19.641  6.030  36.815 0.3333329856
55922  18.912  6.004  37.199 0.5555559993
56901  17.396  5.901  37.859 0.5555559993
56887  16.621  6.159  38.385 0.6666669846
52779  33.374  2.445  34.452 0.6666669846
51587  32.069  1.376  34.444 0.7777780294
53893  29.038  3.727  34.233 0.7777780294
54943  26.825  4.599  34.556 0.6666669846
54922  26.464  4.881  35.688 0.5555559993
55961  25.157  5.562  34.892 0.6666669846
55981  23.375  5.202  34.884 0.6666669846
55964  21.948  5.513  35.438 0.5555559993
55965  21.060  5.246  35.622 0.5555559993
55967  19.649  5.068  36.102 0.4444440007
55944  19.289  5.482  36.533 0.4444440007
55923  18.008  5.585  37.315 0.5555559993
53937  33.829  3.133  33.923 0.7777780294
104122  33.135  2.527  33.523 0.7777780294
52780  32.641  1.876  33.994 0.8888890147
51614  30.949  1.233  33.136 0.8888890147
116467  30.258  1.503  32.951 0.8888890147
113121  29.437  1.846  33.091 0.7777780294
53915  28.534  2.583  33.283 0.7777780294
54967  27.431  4.047  33.926 0.7777780294
54969  25.469  4.788  34.110 0.6666669846
54971  23.757  4.705  34.282 0.7777780294
54945  22.473  4.903  34.810 0.7777780294
54946  21.390  4.427  34.787 0.5555559993
52801  32.325  2.105  33.162 0.8888890147
52802  31.473  1.841  32.767 0.8888890147
107356  35.578  4.221  36.391 0.1111110002
103873  35.656  4.604  35.585 0.3333329856
109197  34.404  3.673  34.290 0.5555559993
53936  34.275  3.855  33.459 0.5555559993
54966  29.892  3.974  34.174 0.7777780294
52815  32.814  2.636  32.782 0.7777780294
53939  29.743  2.634  32.715 0.7777780294
53977  32.896  2.960  31.977 0.8888890147
52816  32.136  2.402  32.363 0.8888890147
115564  31.142  2.026  32.467 0.8888890147
52818  30.946  2.386  32.233 0.8888890147
53938  30.313  2.882  32.369 0.7777780294
55958  35.947  5.379  35.395 0.2222220004
55959  35.643  5.193  34.788 0.4444440007
54963  35.314  4.568  34.688 0.4444440007
54939  30.637  4.443  35.071 0.3333329856
54988  35.257  5.016  34.029 0.4444440007
54964  34.822  4.298  34.111 0.4444440007
54938  31.409  4.873  34.747 0.5555559993
54989  34.748  4.767  33.161 0.5555559993
54965  30.783  4.367  34.067 0.6666669846
54990  30.814  4.541  33.094 0.5555559993
53955  34.222  4.093  32.378 0.6666669846
53956  33.618  3.524  32.046 0.6666669846
53913  30.015  3.734  33.026 0.6666669846
109030  30.409  3.760  32.445 0.6666669846
104917  33.914  3.943  31.610 0.6666669846
104081  32.723  3.038  31.068 0.8888890147
52832  32.044  2.589  31.330 0.8888890147
52817  31.498  2.396  32.163 0.8888890147
53957  30.694  3.165  31.825 0.7777780294
55004  30.496  4.194  32.191 1.0000000000
112263  32.178  2.998  30.315 0.8888890147
53993  31.205  2.953  30.035 1.0000000000
52845  31.521  2.783  30.666 1.0000000000
53978  30.663  3.072  30.905 1.0000000000
55937  31.953  5.733  36.128 0.2222220004
56934  35.714  6.511  34.328 0.2222220004
55960  31.993  5.469  35.157 0.3333329856
55976  35.904  5.977  34.972 0.2222220004
54918  31.307  4.980  35.664 0.3333329856
55978  31.782  5.461  34.454 0.4444440007
55977  35.581  5.756  34.147 0.3333329856
55979  31.406  5.045  33.908 0.4444440007
55998  35.231  5.618  33.349 0.4444440007
107550  34.626  4.902  32.204 0.5555559993
56000  30.646  5.128  32.463 0.6666669846
56011  30.270  4.642  31.643 0.8888890147
56012  29.630  5.076  31.036 1.0000000000
55015  34.262  4.676  31.443 0.7777780294
53976  33.363  3.481  31.355 0.8888890147
55017  29.710  4.149  30.628 1.0000000000
55018  28.983  4.727  30.215 1.0000000000
55030  33.394  4.303  30.241 1.0000000000
53992  33.092  3.512  30.541 1.0000000000
54010  32.664  3.753  29.794 1.0000000000
54012  30.702  3.442  29.564 1.0000000000
52846  30.996  2.922  30.531 1.0000000000
55031  29.963  3.486  30.273 1.0000000000
101138  32.624  6.967  36.719 0.1111110002
55916  32.250  6.376  36.857 0.2222220004
56922  32.271  6.313  35.470 0.2222220004
56909  32.359  6.475  36.170 0.2222220004
56935  32.031  6.209  34.656 0.3333329856
56936  31.577  6.087  33.822 0.4444440007
55989  31.149  5.519  33.156 0.6666669846
105224  35.469  7.056  33.883 0.2222220004
56954  30.552  6.129  32.417 0.6666669846
56944  35.450  6.397  33.573 0.3333329856
57892  35.114  7.254  33.156 0.3333329856
108993  30.275  5.474  31.829 0.7777780294
56001  29.620  6.155  31.555 0.8888890147
56952  35.116  6.366  32.809 0.5555559993
55999  34.896  5.584  32.528 0.6666669846
102751  28.781  5.610  30.681 1.0000000000
56953  34.706  6.397  32.090 0.8888890147
107088  34.537  5.556  31.734 0.8888890147
55029  33.879  4.752  30.742 1.0000000000
55032  29.305  4.036  29.996 1.0000000000
113910  32.114  4.228  29.375 1.0000000000
55043  31.215  4.238  29.178 1.0000000000
54011  31.722  3.456  29.547 1.0000000000
53995  29.847  3.623  29.853 1.0000000000
55033  28.794  4.849  30.005 1.0000000000
57861  32.668  7.682  36.605 0.1111110002
56921  32.484  7.047  35.916 0.2222220004
57862  32.349  7.713  35.782 0.1111110002
57867  32.087  7.222  35.084 0.3333329856
56945  31.050  6.424  33.103 0.6666669846
56955  29.896  6.897  32.137 0.6666669846
57883  35.124  7.927  33.924 0.2222220004
56966  28.383  6.412  31.304 1.0000000000
57884  34.630  8.167  33.272 0.2222220004
57893  34.366  7.917  32.693 0.3333329856
57906  34.175  7.430  31.945 0.6666669846
110206  33.513  7.321  31.448 0.8888890147
56014  27.764  6.082  30.529 1.0000000000
56964  34.137  6.454  31.461 1.0000000000
56965  33.301  6.556  30.868 1.0000000000
56029  27.747  5.868  30.012 1.0000000000
56027  33.432  5.294  30.386 1.0000000000
56028  32.571  6.015  30.150 1.0000000000
56040  31.775  5.378  29.473 1.0000000000
55044  30.149  4.263  29.499 1.0000000000
55045  29.264  4.405  29.821 1.0000000000
56043  28.697  5.410  29.817 1.0000000000
58814  30.768  8.867  35.166 0.2222220004
58821  30.420  8.637  34.489 0.1111110002
58813  31.713  8.275  35.389 0.3333329856
57868  31.285  8.036  34.665 0.2222220004
58822  29.437  9.060  34.344 0.2222220004
57875  31.543  7.115  34.262 0.3333329856
57876  30.182  8.395  33.810 0.2222220004
57885  30.874  7.333  33.537 0.6666669846
57886  29.890  8.057  33.076 0.5555559993
57895  29.420  7.600  32.472 0.5555559993
56956  28.970  7.035  31.922 0.6666669846
57894  33.677  8.600  32.267 0.3333329856
108616  27.532  6.683  31.220 1.0000000000
57907  33.272  8.258  31.653 0.6666669846
57922  32.724  7.820  31.181 0.6666669846
56967  26.929  6.767  30.720 1.0000000000
56978  32.194  7.324  30.686 0.7777780294
57923  31.606  7.727  30.370 0.8888890147
56980  31.064  7.268  30.005 1.0000000000
57933  30.707  7.246  29.473 1.0000000000
56991  30.451  6.643  29.547 1.0000000000
56979  31.581  6.819  30.218 1.0000000000
113538  31.078  6.431  29.727 1.0000000000
103875  29.025  6.226  29.470 1.0000000000
56993  28.349  6.079  29.446 1.0000000000
56994  27.715  6.204  29.303 1.0000000000
56045  27.557  6.067  29.744 1.0000000000
56982  26.650  6.737  29.942 1.0000000000
57924  26.362  7.464  30.512 1.0000000000
56995  27.156  6.449  29.331 1.0000000000
56996  26.680  6.951  29.245 1.0000000000
58830  29.157  8.816  33.581 0.3333329856
57887  28.838  8.417  32.844 0.4444440007
57896  28.375  7.805  32.313 0.5555559993
57908  27.947  7.214  31.752 0.7777780294
58849  33.311  8.990  31.803 0.5555559993
57909  27.093  7.359  31.505 0.8888890147
57910  26.578  7.567  31.166 0.8888890147
100951  32.872  8.634  31.104 0.5555559993
58882  32.566  8.534  30.412 0.6666669846
58867  32.182  8.151  30.747 0.6666669846
56992  29.812  6.760  29.299 1.0000000000
57005  28.999  6.590  29.063 1.0000000000
57006  28.159  6.358  28.676 1.0000000000
57007  27.434  6.459  28.383 1.0000000000
57008  26.876  6.801  28.539 1.0000000000
58831  28.006  8.852  33.639 0.4444440007
58832  27.531  9.075  33.263 0.4444440007
58841  27.767  8.529  32.778 0.4444440007
57897  27.356  7.952  32.162 0.4444440007
58850  26.643  8.150  31.760 0.6666669846
58868  26.266  8.240  31.104 0.8888890147
59820  33.686  9.193  31.053 0.5555559993
101227  34.465  8.921  29.462 0.2222220004
58898  31.941  8.202  29.451 0.6666669846
109906  34.004  8.601  29.007 0.3333329856
58897  32.817  8.482  29.456 0.4444440007
57947  32.642  7.957  28.525 0.6666669846
57932  31.309  7.832  29.774 0.7777780294
57950  30.302  7.219  29.124 1.0000000000
57934  26.313  7.510  29.676 1.0000000000
57963  35.252  7.566  27.401 0.3333329856
57945  34.675  8.082  28.144 0.3333329856
57946  33.667  8.055  28.325 0.3333329856
57948  31.657  7.842  28.786 0.7777780294
57968  30.492  7.145  28.399 1.0000000000
105695  28.927  6.566  28.099 1.0000000000
57018  27.989  6.285  27.737 1.0000000000
57951  26.467  7.564  28.716 0.8888890147
57964  34.314  7.584  27.463 0.3333329856
57965  33.367  7.573  27.574 0.3333329856
57966  32.353  7.427  27.572 0.8888890147
57967  31.328  7.313  28.016 0.8888890147
57016  30.799  6.841  27.314 1.0000000000
101753  29.294  6.483  27.077 1.0000000000
113416  28.456  6.213  27.040 1.0000000000
57038  26.946  6.755  27.028 1.0000000000
57969  26.660  7.136  27.840 1.0000000000
114349  26.290  8.403  28.522 0.8888890147
57983  34.857  6.979  26.714 0.3333329856
57984  33.904  7.148  26.833 0.5555559993
57985  33.137  7.188  26.917 0.5555559993
57015  31.682  6.945  26.967 1.0000000000
57034  30.035  6.395  26.493 1.0000000000
57035  28.950  6.119  26.241 1.0000000000
57037  27.519  6.245  26.618 1.0000000000
58921  26.644  7.631  27.165 1.0000000000
58908  26.404  7.948  27.912 0.8888890147
107815  26.430  8.856  27.955 0.8888890147
57030  34.222  6.587  26.244 0.7777780294
57047  32.342  6.127  25.842 1.0000000000
106925  31.854  6.449  26.294 0.8888890147
57049  30.573  5.909  25.605 1.0000000000
57050  29.434  5.811  25.331 1.0000000000
57995  27.906  6.450  25.015 1.0000000000
111899  27.339  7.111  25.466 1.0000000000
58931  27.095  8.212  25.690 1.0000000000
57046  33.687  6.236  25.770 0.8888890147
110760  33.024  6.262  25.991 0.8888890147
56079  31.116  5.568  24.976 1.0000000000
56080  30.248  5.617  24.712 1.0000000000
57063  28.591  6.043  24.621 1.0000000000
117963  27.644  7.256  24.669 1.0000000000
58946  27.385  8.074  24.824 1.0000000000
58842  27.012  8.812  32.495 0.4444440007
59821  26.458  8.917  31.715 0.7777780294
59839  26.210  9.081  30.801 0.7777780294
58884  26.055  8.312  30.228 0.8888890147
57961  37.050  7.558  27.243 0.2222220004
57943  36.591  8.030  27.955 0.2222220004
58895  36.038  8.498  28.680 0.2222220004
58896  35.050  8.530  28.765 0.2222220004
108003  26.146  8.382  29.280 0.8888890147
57962  36.155  7.591  27.336 0.3333329856
57944  35.649  8.027  28.043 0.2222220004
59862  26.281  9.284  28.773 0.8888890147
57980  37.419  7.291  26.471 0.2222220004
57981  36.599  7.171  26.638 0.3333329856
57028  36.182  6.858  26.169 0.3333329856
57982  35.771  7.144  26.740 0.3333329856
107457  27.125  9.037  25.903 1.0000000000
59884  27.115  9.497  26.516 0.8888890147
59873  26.730  9.221  27.255 0.8888890147
106502  34.875  6.489  26.073 0.4444440007
102926  35.206  6.415  25.465 0.6666669846
57045  34.449  6.274  25.585 0.7777780294
56077  33.016  5.843  25.261 1.0000000000
56089  31.568  5.469  24.293 1.0000000000
57061  30.228  5.732  23.858 1.0000000000
58010  28.812  6.524  23.778 1.0000000000
58011  28.090  6.877  24.206 1.0000000000
58945  27.569  8.885  24.232 1.0000000000
59905  27.285  9.022  25.116 1.0000000000
56076  33.909  5.986  25.052 1.0000000000
56087  33.419  5.739  24.537 1.0000000000
56106  30.989  5.591  23.573 1.0000000000
57082  29.619  6.263  23.406 1.0000000000
58023  29.198  7.179  23.151 1.0000000000
58955  28.140  8.618  23.537 1.0000000000
60720  27.066  10.531  30.811 0.5555559993
60733  26.405  9.946  30.351 0.7777780294
57960  37.892  7.635  27.115 0.1111110002
59853  26.015  9.248  29.814 0.8888890147
60744  27.035  10.633  28.956 0.7777780294
60745  26.417  10.050  29.397 0.8888890147
60758  26.591  10.093  28.619 0.8888890147
57043  36.864  6.960  25.737 0.3333329856
60769  27.149  10.106  27.235 0.8888890147
60757  27.067  10.497  28.095 0.8888890147
57044  35.987  6.692  25.486 0.6666669846
60782  27.840  10.516  25.991 0.8888890147
60783  27.476  10.224  26.489 0.8888890147
57058  36.503  6.855  24.785 0.4444440007
57060  34.703  6.182  24.814 0.8888890147
60813  28.625  10.203  23.650 1.0000000000
59917  28.022  9.638  23.790 1.0000000000
60792  28.060  10.473  25.245 1.0000000000
57059  35.586  6.507  24.599 0.6666669846
109470  34.846  6.226  23.966 0.6666669846
56102  34.095  5.919  24.257 0.8888890147
56104  32.702  5.592  23.373 1.0000000000
56105  31.883  5.521  23.462 1.0000000000
57081  30.407  6.020  23.036 1.0000000000
58034  29.668  7.845  22.700 1.0000000000
57077  34.112  6.105  23.445 1.0000000000
57078  33.263  6.050  22.848 1.0000000000
104322  31.657  6.445  22.126 1.0000000000
57099  30.776  6.623  22.402 1.0000000000
58033  30.387  7.587  22.321 1.0000000000
61662  27.685  11.113  30.262 0.5555559993
58906  38.312  8.167  27.666 0.1111110002
60732  27.028  10.606  29.855 0.7777780294
58920  38.627  8.002  26.892 0.1111110002
57979  38.184  7.584  26.327 0.2222220004
61692  27.583  11.174  28.421 0.7777780294
107469  37.729  7.347  25.647 0.2222220004
61713  27.882  10.845  26.639 0.7777780294
117508  27.553  10.515  26.960 0.8888890147
61701  27.624  11.000  27.455 0.7777780294
60801  29.041  10.817  24.056 0.7777780294
60791  28.775  11.018  24.952 0.7777780294
61723  28.489  11.137  25.992 0.6666669846
57994  37.303  7.226  24.889 0.2222220004
59938  29.523  8.818  22.707 1.0000000000
60802  28.283  10.395  24.328 1.0000000000
57075  36.181  6.810  24.052 0.4444440007
57076  35.524  6.649  23.661 0.5555559993
58965  30.085  8.410  22.404 1.0000000000
58954  28.924  8.229  23.054 1.0000000000
57096  34.139  6.510  22.679 0.8888890147
57097  33.470  6.694  22.092 0.8888890147
57098  32.597  6.436  22.099 1.0000000000
61661  28.330  11.608  30.643 0.4444440007
61679  28.350  11.525  29.735 0.5555559993
62608  29.464  12.442  28.727 0.3333329856
61691  28.244  11.607  28.826 0.3333329856
58919  39.414  8.159  26.664 0.1111110002
61700  28.159  11.689  27.896 0.3333329856
57978  38.870  7.953  26.115 0.1111110002
61712  28.292  11.537  26.978 0.3333329856
57993  38.449  7.714  25.541 0.2222220004
61722  29.343  11.625  25.581 0.4444440007
61711  29.105  11.888  26.542 0.3333329856
117811  29.862  10.701  23.193 0.7777780294
58009  36.925  7.271  23.969 0.3333329856
102532  36.135  7.225  23.313 0.3333329856
59937  30.170  9.325  22.377 0.8888890147
57095  34.823  6.509  23.168 0.8888890147
57107  32.860  6.925  21.589 1.0000000000
58031  32.090  6.954  21.539 1.0000000000
58032  31.219  7.401  21.805 1.0000000000
59936  30.950  9.427  21.745 1.0000000000
58930  39.601  8.034  25.828 0.1111110002
62616  31.222  13.028  27.154 0.2222220004
62631  30.654  12.567  26.706 0.3333329856
62618  29.802  12.424  27.192 0.3333329856
99137  28.898  12.062  27.472 0.3333329856
57992  39.019  8.022  25.445 0.1111110002
61710  29.972  12.180  26.171 0.3333329856
99045  38.031  7.594  24.886 0.3333329856
58008  37.638  7.544  24.298 0.3333329856
60800  29.886  11.088  23.704 0.5555559993
61734  30.481  11.590  24.394 0.4444440007
113009  30.335  10.875  23.029 0.6666669846
61747  30.772  11.369  23.563 0.5555559993
58029  35.130  7.266  22.074 0.7777780294
58030  34.293  7.006  22.009 0.8888890147
58049  31.843  7.666  21.296 1.0000000000
60831  30.572  10.289  22.375 0.7777780294
58046  34.607  7.540  21.349 0.8888890147
58980  33.994  8.021  20.756 0.8888890147
59003  32.647  8.723  20.549 1.0000000000
59953  31.605  9.177  21.091 1.0000000000
60830  31.232  10.446  21.943 0.8888890147
62630  31.496  12.669  26.415 0.2222220004
61720  31.093  12.015  25.013 0.4444440007
60810  31.168  11.090  22.730 0.7777780294
117412  31.524  11.549  23.424 0.5555559993
61733  31.341  11.747  24.166 0.4444440007
45162  1.761  -4.243  56.119 0.3333329856
45170  2.836  -4.333  55.085 0.4444440007
44073  1.625  -4.743  55.139 0.4444440007
44082  1.090  -4.935  55.300 0.4444440007
44048  -1.133  -5.510  56.701 0.4444440007
43032  -1.071  -6.322  56.036 0.4444440007
44085  -2.187  -5.603  55.133 0.4444440007
47309  3.867  -3.385  54.739 0.3333329856
48434  5.365  -1.136  54.027 0.2222220004
47308  4.505  -2.795  54.447 0.2222220004
48435  4.931  -2.007  54.217 0.2222220004
45185  2.962  -4.320  53.964 0.5555559993
51316  8.230  1.593  52.388 0.2222220004
45178  -0.333  -5.035  55.275 0.4444440007
44084  -1.088  -5.615  55.512 0.4444440007
101408  -2.175  -7.730  55.836 0.2222220004
44077  -2.319  -6.358  55.294 0.2222220004
43064  -2.348  -6.320  53.892 0.2222220004
114415  -1.961  -8.401  54.054 0.2222220004
50322  6.963  0.120  52.422 0.2222220004
49398  6.625  -0.737  52.193 0.2222220004
48439  5.294  -2.062  53.403 0.2222220004
47322  4.754  -2.956  53.599 0.3333329856
47338  5.912  -2.020  51.807 0.3333329856
47340  4.535  -2.827  52.327 0.5555559993
51370  10.044  0.649  49.038 0.2222220004
49405  7.087  -0.633  51.634 0.2222220004
103806  7.557  -0.654  51.076 0.3333329856
48457  6.516  -1.654  50.794 0.3333329856
47323  2.317  -2.964  53.176 0.6666669846
113603  0.251  -3.717  54.423 0.5555559993
50364  9.295  -0.514  48.453 0.4444440007
46221  -0.798  -3.926  55.007 0.5555559993
42099  -1.378  -7.558  52.800 0.1111110002
46233  4.185  -3.595  53.467 0.5555559993
46255  3.995  -3.376  52.887 0.5555559993
46256  3.211  -3.261  52.996 0.5555559993
47347  6.123  -1.943  51.214 0.4444440007
47339  5.290  -2.496  51.996 0.4444440007
47355  5.960  -1.918  50.807 0.4444440007
47356  5.328  -2.067  50.910 0.5555559993
47350  4.167  -2.431  51.776 0.5555559993
47343  2.055  -2.194  52.964 0.6666669846
50365  8.725  -0.675  49.276 0.4444440007
48465  7.015  -1.561  50.220 0.4444440007
49428  7.482  -1.398  49.635 0.6666669846
48472  6.940  -1.577  49.656 0.6666669846
48473  6.317  -1.322  49.813 0.7777780294
49415  5.481  -1.015  50.087 0.7777780294
48451  1.589  -1.579  53.033 0.7777780294
110672  -0.583  -2.681  54.007 0.5555559993
118004  -0.033  -2.831  53.905 0.5555559993
46223  -2.915  -3.690  54.527 0.5555559993
50384  9.995  -0.112  47.910 0.4444440007
43074  -1.556  -6.758  52.544 0.1111110002
51380  12.004  0.932  46.869 0.5555559993
45202  -3.551  -4.935  52.733 0.2222220004
47351  3.445  -2.181  52.129 0.5555559993
48468  4.079  -1.094  50.766 0.6666669846
48460  2.796  -1.525  52.264 0.6666669846
49427  8.002  -1.349  49.055 0.6666669846
49451  7.679  -1.407  48.384 0.6666669846
49453  6.325  -0.787  49.156 0.7777780294
49406  3.289  -0.489  51.181 0.7777780294
49399  2.014  -0.869  52.617 0.7777780294
47326  -0.734  -2.037  53.810 0.4444440007
49449  8.760  -1.160  47.475 0.7777780294
49476  7.193  -1.066  47.834 0.8888890147
50404  7.253  -0.661  47.187 0.8888890147
45180  -2.911  -4.545  54.698 0.5555559993
50347  4.454  0.372  50.103 0.7777780294
115478  9.342  -0.580  45.820 0.7777780294
51371  6.496  1.443  47.681 0.7777780294
52578  7.753  1.997  46.537 0.7777780294
51414  10.402  0.578  44.908 0.8888890147
51416  9.075  0.278  45.545 0.8888890147
51433  13.582  1.079  44.423 0.7777780294
51431  14.809  1.732  43.977 0.7777780294
52597  8.959  1.450  45.523 0.8888890147
52596  9.242  2.198  45.251 0.8888890147
52577  8.572  2.410  45.918 0.8888890147
53740  7.521  3.101  47.205 0.6666669846
51449  13.840  1.240  42.897 0.7777780294
51451  13.016  1.351  43.803 0.7777780294
113142  13.872  1.404  41.597 0.7777780294
53794  20.960  3.235  44.182 0.3333329856
52631  12.595  2.277  43.379 0.8888890147
51461  14.841  1.459  41.961 0.7777780294
51476  14.252  1.357  41.416 0.7777780294
101427  21.663  2.485  43.187 0.4444440007
53796  19.405  3.782  43.457 0.5555559993
54822  10.918  4.385  44.727 0.7777780294
52680  22.032  2.876  40.314 0.6666669846
51491  14.394  1.632  40.757 0.7777780294
52668  13.569  1.904  41.396 0.8888890147
52665  17.174  2.543  41.053 0.7777780294
53809  17.733  2.924  41.747 0.7777780294
52685  16.303  2.277  40.182 0.7777780294
54821  11.562  4.914  44.738 0.5555559993
102566  12.196  5.290  44.493 0.6666669846
53818  20.064  3.092  42.093 0.5555559993
54841  12.831  5.111  43.145 0.8888890147
52697  22.846  2.957  39.993 0.5555559993
114496  21.222  3.016  40.551 0.6666669846
52681  20.526  3.142  40.709 0.6666669846
53820  18.551  3.044  41.371 0.7777780294
106959  22.710  2.467  39.272 0.5555559993
53830  19.213  3.069  40.899 0.7777780294
53821  17.893  2.836  40.885 0.7777780294
53840  13.785  3.052  40.033 0.8888890147
116550  24.036  1.592  38.139 0.6666669846
52698  21.693  2.182  38.939 0.6666669846
52700  18.282  2.745  39.268 0.7777780294
52701  17.397  2.788  39.366 0.7777780294
52684  17.201  2.569  40.244 0.7777780294
52720  15.907  2.981  38.807 0.7777780294
53838  14.587  2.839  39.325 0.8888890147
52704  14.112  2.614  39.785 0.8888890147
51535  27.903  1.013  37.399 0.7777780294
51517  27.588  1.301  38.202 0.6666669846
51520  24.854  1.604  38.666 0.6666669846
111947  24.934  1.097  36.795 0.7777780294
51539  23.399  1.627  37.304 0.6666669846
99570  20.917  2.292  38.088 0.7777780294
51556  24.424  1.230  36.153 0.8888890147
55839  13.007  5.601  43.674 0.7777780294
55831  12.869  5.683  44.285 0.5555559993
100036  13.316  4.644  41.771 0.8888890147
99738  19.790  2.601  38.906 0.7777780294
54859  13.517  3.833  40.455 0.8888890147
54870  13.687  3.973  39.628 0.8888890147
100420  20.057  2.559  38.182 0.8888890147
52719  16.707  3.064  38.632 0.8888890147
54884  14.740  3.785  38.317 0.8888890147
53839  13.990  3.258  39.299 0.8888890147
54869  14.037  4.096  38.844 0.8888890147
99387  28.262  0.852  36.495 0.8888890147
51554  27.038  0.576  35.895 0.8888890147
52746  20.128  2.514  35.964 0.8888890147
52734  18.735  3.065  37.566 0.8888890147
52735  17.975  3.251  37.685 0.8888890147
52761  21.982  1.902  34.426 0.8888890147
51575  23.401  1.536  34.628 0.8888890147
100184  13.424  5.551  41.823 0.8888890147
55872  13.563  4.894  40.153 0.8888890147
54883  15.208  4.271  37.936 0.7777780294
56889  14.567  5.471  38.738 0.7777780294
51552  28.473  0.704  35.332 0.8888890147
52764  19.539  2.859  35.586 0.8888890147
52765  18.983  2.982  36.043 0.8888890147
53879  18.589  3.368  36.484 0.7777780294
115316  18.376  3.283  37.028 0.7777780294
106853  18.036  3.771  36.757 0.7777780294
54904  16.376  4.222  37.458 0.7777780294
51571  27.599  0.538  35.032 0.8888890147
52805  24.839  2.231  33.001 0.7777780294
51596  22.765  1.713  34.069 0.8888890147
113528  21.558  2.233  34.217 0.8888890147
56860  13.727  5.972  40.469 0.7777780294
51530  32.081  1.051  37.296 0.4444440007
118166  31.687  0.915  36.689 0.6666669846
113235  20.032  3.597  35.193 0.7777780294
53897  18.993  3.227  35.920 0.8888890147
54949  18.924  3.814  35.902 0.7777780294
54925  17.643  4.187  36.893 0.7777780294
55946  17.786  4.822  36.968 0.5555559993
99298  28.966  0.940  34.449 0.8888890147
52784  26.348  2.334  33.160 0.7777780294
51617  24.904  1.665  33.383 0.7777780294
53941  24.887  3.205  33.078 0.7777780294
52807  23.525  2.518  33.247 0.7777780294
53919  22.699  2.698  33.560 0.7777780294
54973  21.265  3.321  34.289 0.7777780294
54974  20.598  3.475  34.707 0.6666669846
56858  15.186  7.331  40.217 0.3333329856
51567  33.017  1.706  35.886 0.6666669846
56873  15.303  6.713  39.500 0.4444440007
51613  31.778  1.519  33.551 0.8888890147
51588  31.223  1.022  33.920 0.8888890147
55966  20.260  5.108  35.858 0.6666669846
55945  18.520  5.174  36.697 0.5555559993
52781  28.687  1.452  33.653 0.7777780294
53916  27.821  3.086  33.310 0.7777780294
54968  26.684  4.233  33.604 0.7777780294
53917  27.049  3.381  33.303 0.7777780294
115541  26.222  4.727  33.939 0.7777780294
54992  24.811  4.134  33.588 0.7777780294
53918  23.269  3.761  33.745 0.7777780294
54993  24.074  4.205  33.779 0.7777780294
104696  23.005  4.509  34.328 0.7777780294
56870  22.632  6.697  39.391 0.3333329856
56856  22.779  6.621  40.275 0.2222220004
57827  20.548  7.535  39.526 0.2222220004
57815  20.736  7.648  40.362 0.1111110002
57828  19.784  7.708  39.421 0.1111110002
58785  18.396  8.153  39.961 0.1111110002
58772  16.922  8.144  40.504 0.1111110002
57830  17.537  7.993  39.925 0.1111110002
57817  16.726  7.719  39.892 0.1111110002
101379  24.247  6.396  39.797 0.1111110002
55887  25.734  6.154  39.344 0.1111110002
56881  23.354  6.609  38.282 0.3333329856
56882  22.581  6.715  38.453 0.3333329856
57854  20.008  6.886  38.108 0.2222220004
57829  18.949  7.769  39.388 0.1111110002
57845  17.830  7.092  38.909 0.2222220004
112956  16.662  7.210  39.442 0.3333329856
55920  25.158  6.050  37.425 0.2222220004
111842  26.258  5.906  38.875 0.1111110002
56894  23.910  6.575  37.713 0.3333329856
56895  23.061  6.594  37.675 0.3333329856
56897  21.378  6.664  37.502 0.2222220004
56885  18.267  6.735  38.445 0.2222220004
57831  17.054  6.809  38.996 0.3333329856
54902  27.465  4.835  37.358 0.3333329856
55940  24.805  6.226  36.664 0.2222220004
104962  25.462  5.811  36.583 0.2222220004
56910  24.110  6.479  36.838 0.3333329856
55962  24.327  6.159  36.081 0.5555559993
56911  22.745  6.441  36.925 0.3333329856
56912  21.889  6.402  36.832 0.4444440007
56914  20.278  6.249  36.791 0.3333329856
56900  18.199  6.250  37.871 0.2222220004
54940  29.756  4.216  35.307 0.4444440007
54942  28.051  4.340  35.572 0.7777780294
100179  27.733  4.579  36.498 0.4444440007
100122  27.237  4.511  35.673 0.5555559993
55939  25.739  5.491  35.700 0.5555559993
113173  24.590  5.860  35.412 0.6666669846
104879  23.817  5.789  35.500 0.5555559993
55963  22.901  5.714  35.475 0.5555559993
55941  21.513  5.996  36.145 0.4444440007
55943  19.973  5.693  36.358 0.4444440007
55942  20.703  5.832  36.241 0.5555559993
53914  29.241  3.113  33.125 0.7777780294
107571  27.577  4.256  34.853 0.7777780294
53894  28.233  3.790  34.375 0.7777780294
54944  25.991  5.053  34.771 0.5555559993
55980  24.242  5.408  34.852 0.6666669846
54970  24.601  4.846  34.251 0.6666669846
102752  33.590  3.208  32.863 0.7777780294
52803  30.209  2.099  32.690 0.7777780294
51634  30.785  1.738  32.669 0.8888890147
55003  33.754  4.064  30.932 0.8888890147
52833  31.249  2.768  31.353 1.0000000000
55016  30.327  3.710  31.317 1.0000000000
53994  30.423  3.090  30.099 1.0000000000
108795  34.818  7.058  32.453 0.3333329856
56010  34.065  5.537  30.999 1.0000000000
56013  28.356  5.448  30.097 1.0000000000
55042  32.775  4.770  29.740 1.0000000000
56946  30.375  7.128  32.741 0.6666669846
56044  28.133  5.709  29.915 1.0000000000
56981  27.209  6.209  30.035 1.0000000000
56041  30.685  5.405  29.355 1.0000000000
56042  29.551  5.711  29.605 1.0000000000
118022  30.894  7.921  34.129 0.3333329856
58883  31.951  8.236  30.150 0.6666669846
57949  30.877  7.548  29.073 1.0000000000
57004  29.749  6.926  28.782 1.0000000000
57019  27.410  6.392  27.380 1.0000000000
57020  27.021  6.675  27.803 1.0000000000
58866  33.448  8.928  30.139 0.3333329856
57017  29.923  6.738  27.717 1.0000000000
118059  27.841  6.043  26.979 1.0000000000
57036  28.091  5.949  26.346 1.0000000000
57031  33.437  6.668  26.384 0.6666669846
57032  32.560  6.748  26.539 0.7777780294
57033  31.100  6.411  26.394 1.0000000000
57051  28.404  5.955  25.538 1.0000000000
57986  27.226  6.663  26.253 1.0000000000
107033  26.931  7.425  26.345 1.0000000000
112876  26.828  8.505  26.588 1.0000000000
100956  26.576  8.432  27.367 0.8888890147
56078  32.033  5.673  25.095 1.0000000000
57062  29.434  5.839  24.241 1.0000000000
111995  27.730  7.870  24.056 1.0000000000
60721  26.612  9.756  31.340 0.7777780294
59894  27.425  9.843  25.655 0.8888890147
56088  32.596  5.508  24.278 1.0000000000
58024  28.409  7.526  23.543 1.0000000000
59893  27.664  9.783  24.654 1.0000000000
57080  31.270  5.869  22.778 1.0000000000
58022  29.967  6.860  22.770 1.0000000000
61680  27.643  11.145  29.339 0.7777780294
59916  28.830  9.384  23.175 1.0000000000
60812  29.356  10.364  23.294 1.0000000000
57079  32.227  5.876  22.706 1.0000000000
111859  29.558  9.642  22.839 1.0000000000
58021  35.398  7.013  22.847 0.6666669846
58964  30.660  8.421  21.972 1.0000000000
61699  28.851  12.035  28.353 0.3333329856
58944  38.721  7.972  24.831 0.3333329856
106972  30.234  11.838  25.287 0.4444440007
61735  29.614  11.355  24.654 0.4444440007
60811  29.957  10.238  22.823 0.8888890147
112062  34.782  6.832  22.534 0.8888890147
58048  32.575  7.488  21.167 1.0000000000
58983  31.357  8.388  21.430 1.0000000000
62617  30.520  12.838  27.401 0.2222220004
61721  30.867  12.272  25.874 0.4444440007
58047  33.562  7.339  21.351 0.8888890147
58981  33.045  8.051  20.780 1.0000000000
58982  32.107  8.320  20.891 1.0000000000
62642  31.736  12.320  25.633 0.4444440007
46239  -2.115  -3.163  54.225 0.4444440007
48441  -0.145  -1.445  53.790 0.3333329856
110281  -1.398  -1.931  53.784 0.2222220004
48442  -1.896  -1.327  53.652 0.2222220004
106748  -1.006  -1.302  53.862 0.2222220004
49400  1.587  -0.038  53.108 0.6666669846
49389  1.220  -0.813  53.295 0.3333329856
49407  2.728  -0.689  51.913 0.6666669846
49391  -1.416  -0.494  53.911 0.2222220004
101698  -0.447  -0.645  54.060 0.2222220004
50314  0.975  -0.032  53.911 0.3333329856
50323  2.200  0.030  52.366 0.6666669846
50332  3.254  0.422  51.083 0.6666669846
102895  2.923  0.869  51.659 0.6666669846
50348  3.779  0.855  50.559 0.7777780294
105712  0.173  0.033  54.329 0.2222220004
50324  1.327  0.706  53.647 0.3333329856
105848  2.499  0.832  52.253 0.6666669846
51329  3.347  1.277  51.253 0.6666669846
50367  5.045  0.827  49.716 0.7777780294
51341  4.434  1.342  50.191 0.6666669846
52494  3.503  2.103  51.502 0.6666669846
51342  3.845  1.756  50.742 0.6666669846
51360  4.977  1.866  49.801 0.6666669846
52507  4.459  2.224  50.424 0.4444440007
109416  5.342  1.970  48.982 0.4444440007
114588  4.524  2.906  50.658 0.3333329856
52524  4.899  2.762  50.230 0.5555559993
52523  5.170  2.701  49.585 0.4444440007
52538  5.896  2.732  48.298 0.4444440007
54771  5.051  3.942  50.139 0.3333329856
53699  5.412  3.551  49.301 0.2222220004
53700  5.118  3.275  50.056 0.3333329856
54797  6.697  4.017  48.244 0.3333329856
52558  6.294  2.583  47.896 0.4444440007
54782  7.555  4.525  48.185 0.2222220004
54783  6.051  4.195  48.955 0.1111110002
54796  7.303  3.816  47.698 0.3333329856
53739  8.065  3.958  47.262 0.2222220004
54811  9.345  4.179  46.211 0.4444440007
55803  8.470  4.727  47.867 0.1111110002
54795  9.623  4.918  46.821 0.1111110002
54810  9.999  4.723  45.936 0.4444440007
51516  28.104  1.433  38.895 0.2222220004
51518  26.767  1.560  38.322 0.5555559993
55810  11.092  5.511  46.232 0.2222220004
118624  10.511  5.172  46.120 0.3333329856
55822  11.390  5.167  45.447 0.3333329856
54809  10.725  4.856  45.599 0.5555559993
117604  29.281  1.390  39.416 0.3333329856
51502  28.617  1.428  39.596 0.2222220004
115129  28.884  1.369  38.803 0.4444440007
55821  12.065  5.511  45.192 0.3333329856
101309  24.860  6.500  42.267 0.1111110002
56822  24.035  6.595  42.051 0.1111110002
116687  24.020  6.401  41.264 0.1111110002
56855  23.590  6.440  40.599 0.1111110002
56854  24.480  6.344  40.669 0.1111110002
56869  23.395  6.508  39.617 0.1111110002
56774  12.620  6.225  45.497 0.2222220004
56789  12.630  5.757  44.884 0.3333329856
100317  29.247  1.174  38.071 0.4444440007
56773  13.325  6.850  45.415 0.2222220004
56788  13.193  6.245  44.806 0.3333329856
56807  13.426  6.272  43.931 0.3333329856
55898  31.532  5.900  38.300 0.1111110002
55899  30.562  5.372  38.635 0.2222220004
54879  29.980  4.985  38.053 0.1111110002
115775  29.394  4.753  37.451 0.2222220004
55918  30.849  5.278  37.679 0.2222220004
55917  31.639  5.780  37.204 0.2222220004
54898  31.092  5.159  36.660 0.2222220004
54899  30.217  4.847  37.087 0.2222220004
54919  30.443  4.609  36.089 0.2222220004
54880  29.065  4.930  38.328 0.2222220004
54900  28.737  4.763  37.638 0.3333329856
54901  28.238  4.653  37.200 0.3333329856
114962  28.878  4.588  37.054 0.3333329856
54920  29.462  4.483  36.443 0.2222220004
106941  32.132  9.098  20.658 0.8888890147
60852  32.826  10.287  19.897 0.7777780294
59966  32.622  9.524  20.262 0.7777780294
60865  33.351  10.623  19.474 0.7777780294
59788  27.673  9.464  34.014 0.3333329856
59789  27.283  9.534  33.152 0.3333329856
59805  26.854  9.613  32.284 0.4444440007
110433  33.583  12.406  20.308 0.7777780294
61784  32.513  11.240  20.646 0.6666669846
60841  32.023  10.648  21.172 0.6666669846
64527  34.815  13.977  18.863 0.6666669846
106635  34.271  13.219  18.998 0.6666669846
60866  32.764  11.043  19.926 0.7777780294
59952  31.959  9.834  20.772 0.7777780294
64562  36.010  14.606  16.758 0.7777780294
61806  33.845  11.942  18.971 0.7777780294
64583  36.476  14.794  16.004 0.7777780294
59780  27.464  10.135  33.736 0.3333329856
60707  27.264  10.320  32.810 0.3333329856
100833  27.134  10.458  31.820 0.4444440007
64512  36.853  14.295  20.422 0.3333329856
64513  35.940  14.120  20.015 0.4444440007
62692  33.989  12.711  20.818 0.4444440007
62693  33.254  12.245  20.895 0.7777780294
115485  31.869  11.019  22.020 0.5555559993
118435  31.659  10.531  21.641 0.7777780294
65362  37.271  16.350  18.666 0.4444440007
64525  36.394  14.852  19.551 0.5555559993
63648  34.526  13.492  19.532 0.5555559993
62708  34.049  12.890  19.824 0.6666669846
65363  36.476  15.758  18.093 0.5555559993
64540  35.551  14.480  18.325 0.6666669846
65387  37.546  15.698  15.675 0.7777780294
65372  36.406  15.683  16.823 0.7777780294
63710  39.024  14.171  14.650 0.7777780294
100996  38.023  15.210  15.290 0.7777780294
61648  27.629  11.176  31.242 0.4444440007
63621  38.043  13.720  21.425 0.1111110002
61746  32.051  11.496  22.844 0.4444440007
63632  36.420  13.589  20.829 0.3333329856
62682  35.741  12.318  21.881 0.2222220004
62683  34.242  12.290  21.629 0.3333329856
105077  32.946  11.654  22.812 0.3333329856
66891  42.185  17.546  20.440 0.1111110002
66893  40.672  17.204  20.205 0.1111110002
66165  39.883  17.068  19.871 0.3333329856
65342  38.728  16.341  20.174 0.5555559993
65331  37.772  15.318  20.492 0.3333329856
63633  35.474  13.496  20.568 0.4444440007
62684  33.601  12.226  21.387 0.5555559993
61772  32.429  11.348  21.450 0.5555559993
66897  42.194  17.683  19.365 0.1111110002
66913  40.270  17.337  18.425 0.2222220004
66177  38.889  17.083  18.206 0.4444440007
65345  36.808  15.614  19.181 0.4444440007
66912  41.309  17.594  18.747 0.1111110002
66924  39.911  17.081  17.081 0.3333329856
66180  39.133  17.013  17.330 0.6666669846
66181  38.291  16.987  17.582 0.6666669846
66194  39.590  16.871  15.666 0.7777780294
66195  38.696  16.675  15.833 0.7777780294
66187  37.620  16.767  16.835 0.7777780294
64596  38.816  15.196  14.881 0.7777780294
61678  29.028  11.906  30.114 0.2222220004
63618  37.751  12.859  21.787 0.1111110002
63622  36.870  12.970  21.471 0.2222220004
62681  36.462  12.511  21.811 0.2222220004
62673  34.499  11.892  22.471 0.2222220004
62674  33.683  11.854  22.147 0.3333329856
61690  28.961  11.921  29.232 0.2222220004
62671  36.472  12.065  22.455 0.1111110002
61745  33.285  11.755  23.850 0.2222220004
61732  32.268  11.740  23.807 0.3333329856
62680  37.047  12.435  21.971 0.1111110002
62663  33.878  11.748  23.117 0.2222220004
62653  31.982  11.986  24.810 0.3333329856
103670  36.140  11.786  23.111 0.1111110002
62662  34.756  11.790  23.358 0.1111110002
61731  32.888  11.928  24.673 0.2222220004
62641  32.603  12.260  25.462 0.3333329856
62652  34.140  11.803  24.029 0.2222220004
62629  32.358  12.673  26.204 0.2222220004
114462  33.655  11.824  24.598 0.1111110002
115979  5.326  1.180  49.262 0.7777780294
57792  13.820  7.291  42.548 0.3333329856
106616  31.514  10.008  21.366 0.6666669846
49417  3.814  -0.105  50.533 0.6666669846
46240  -2.954  -3.182  54.036 0.4444440007
101846  8.950  4.408  47.079 0.2222220004
56837  23.398  6.598  41.482 0.1111110002
47328  -2.074  -2.401  53.667 0.4444440007
49390  0.447  -0.764  53.843 0.3333329856
102271  1.906  0.745  52.920 0.4444440007
50333  2.772  0.160  51.704 0.6666669846
50315  0.658  0.898  54.307 0.2222220004
52539  5.510  2.765  48.729 0.4444440007
53741  6.754  3.254  47.731 0.4444440007
53722  6.004  3.344  48.374 0.4444440007
60853  32.359  10.473  20.390 0.7777780294
61797  33.376  11.477  19.493 0.7777780294
61783  33.043  11.833  20.250 0.7777780294
62694  32.774  11.797  20.956 0.6666669846
64526  35.505  14.555  19.172 0.5555559993
62709  33.620  12.214  19.663 0.6666669846
64549  35.673  14.257  17.489 0.7777780294
64548  36.036  14.974  17.643 0.7777780294
63679  36.277  13.802  16.218 0.7777780294
63698  36.872  14.127  15.668 0.7777780294
60706  27.698  11.190  32.285 0.3333329856
63647  35.088  13.883  19.696 0.4444440007
63634  34.653  13.282  20.289 0.5555559993
63624  34.953  12.852  21.222 0.4444440007
61771  33.034  11.795  21.657 0.5555559993
61761  32.501  11.450  22.195 0.3333329856
65344  37.520  15.902  19.693 0.4444440007
65371  36.836  16.273  17.661 0.6666669846
64539  36.081  15.117  18.638 0.5555559993
64524  37.204  15.069  20.046 0.3333329856
64582  37.325  14.802  15.503 0.7777780294
65386  38.302  15.942  15.434 0.7777780294
66196  37.861  16.512  16.013 0.7777780294
65388  36.890  15.452  15.958 0.7777780294
65379  37.143  16.149  16.310 0.7777780294
64595  39.640  14.790  14.338 0.7777780294
64510  38.154  14.633  21.165 0.2222220004
63631  37.315  13.630  21.123 0.1111110002
64511  37.569  14.407  20.841 0.2222220004
63623  35.995  12.985  21.309 0.3333329856
107751  34.976  12.160  21.951 0.2222220004
66892  41.384  17.277  20.515 0.1111110002
66898  41.380  17.484  19.738 0.1111110002
66900  39.743  17.301  19.131 0.3333329856
66899  40.480  17.436  19.341 0.1111110002
66161  39.414  16.511  20.427 0.5555559993
66166  39.219  16.893  19.549 0.4444440007
65361  37.927  16.501  19.294 0.5555559993
66167  38.594  16.794  19.231 0.5555559993
65343  38.130  16.126  19.990 0.5555559993
66914  39.342  17.178  18.686 0.4444440007
66919  39.719  17.110  17.851 0.5555559993
66178  38.080  16.860  18.507 0.5555559993
66182  37.473  16.709  17.733 0.5555559993
66186  38.452  16.905  16.663 0.6666669846
66183  36.970  16.457  17.020 0.6666669846
65385  39.112  16.147  15.199 0.7777780294
66203  39.787  16.415  14.970 0.7777780294
66185  39.273  16.991  16.496 0.7777780294
65394  39.643  15.723  14.575 0.7777780294
62672  35.485  11.843  22.675 0.2222220004
65393  40.256  15.366  13.980 0.7777780294
42072  -2.268  -7.978  55.310 0.1111110002
44097  -2.664  -5.434  52.377 0.1111110002
45222  -3.330  -4.200  52.154 0.1111110002
45203  -3.588  -4.166  53.158 0.2222220004
47329  -2.709  -2.573  53.300 0.3333329856
51290  6.391  1.927  54.844 0.1111110002
53629  8.768  3.472  53.882 0.1111110002
52461  8.342  2.727  53.422 0.1111110002
112042  7.284  2.826  54.293 0.1111110002
53630  7.897  3.208  54.093 0.1111110002
52480  8.037  2.146  53.025 0.1111110002
52462  7.576  2.359  53.657 0.1111110002
52463  6.886  2.100  54.125 0.1111110002
52479  8.700  2.276  52.718 0.1111110002
51304  7.471  1.599  53.070 0.1111110002
52482  2.647  2.256  52.722 0.4444440007
51305  6.818  1.306  53.625 0.1111110002
52460  9.125  2.853  53.129 0.1111110002
105072  3.615  2.990  51.733 0.2222220004
52481  3.033  2.961  52.550 0.2222220004
52493  9.041  1.820  52.016 0.1111110002
111806  8.653  1.282  51.738 0.1111110002
51327  9.251  1.337  51.286 0.1111110002
53626  11.378  3.318  53.172 0.1111110002
53643  9.955  2.903  52.847 0.1111110002
53627  10.340  3.434  53.506 0.1111110002
53641  11.614  3.044  52.389 0.1111110002
52477  10.392  2.535  52.031 0.1111110002
52478  9.522  2.389  52.378 0.1111110002
53659  3.872  3.817  51.543 0.1111110002
53656  11.962  3.395  51.802 0.1111110002
52476  11.123  2.935  51.884 0.1111110002
52491  10.724  2.691  51.351 0.1111110002
52492  9.935  2.003  51.542 0.1111110002
52506  10.427  2.282  50.707 0.1111110002
54756  13.094  5.079  50.970 0.1111110002
54745  12.251  4.612  51.307 0.1111110002
98915  12.830  4.906  50.189 0.1111110002
54746  11.259  4.686  51.113 0.1111110002
53657  10.982  3.786  51.199 0.1111110002
54767  11.859  4.809  49.964 0.1111110002
54758  11.109  4.874  50.441 0.1111110002
53675  10.664  3.463  50.573 0.1111110002
53696  11.868  3.981  49.330 0.1111110002
53697  11.141  3.742  49.510 0.1111110002
113442  10.545  2.696  50.055 0.1111110002
51359  10.332  1.720  49.846 0.1111110002
53719  12.406  3.399  48.626 0.1111110002
52537  11.210  2.338  48.596 0.1111110002
52522  10.744  2.464  49.410 0.1111110002
52536  11.958  2.676  48.117 0.1111110002
52555  11.601  1.730  47.720 0.2222220004
54817  19.105  4.412  45.653 0.2222220004
55782  14.021  5.013  50.331 0.1111110002
54766  13.812  4.473  49.513 0.1111110002
52640  25.009  2.242  42.288 0.2222220004
54780  14.505  4.089  48.764 0.1111110002
54781  13.740  3.903  48.848 0.1111110002
53717  14.110  3.516  48.210 0.1111110002
51460  23.083  1.769  42.260 0.4444440007
102395  13.232  2.159  47.251 0.2222220004
53737  13.646  2.943  47.686 0.2222220004
53738  12.773  2.849  47.864 0.1111110002
52575  13.587  1.631  46.561 0.3333329856
52554  12.385  1.977  47.441 0.1111110002
108911  23.428  1.902  41.573 0.4444440007
52576  12.838  1.226  46.716 0.4444440007
115082  18.709  5.113  46.818 0.2222220004
54779  17.706  5.226  47.951 0.1111110002
55791  17.208  5.384  48.740 0.1111110002
54806  18.554  4.809  46.098 0.2222220004
54791  17.991  5.240  47.110 0.2222220004
99029  16.841  4.766  48.125 0.1111110002
104268  17.835  4.941  45.886 0.2222220004
54793  16.454  4.293  47.442 0.1111110002
103154  15.392  4.299  48.511 0.1111110002
54765  14.930  4.764  49.446 0.1111110002
52639  26.499  2.761  42.624 0.1111110002
54818  18.339  4.855  45.266 0.2222220004
99890  16.934  4.496  46.789 0.1111110002
54830  18.118  5.044  44.324 0.2222220004
54808  16.979  4.551  45.943 0.1111110002
53755  16.348  4.043  46.616 0.1111110002
53716  14.932  3.705  48.018 0.1111110002
53735  15.298  3.379  47.301 0.1111110002
98810  25.024  1.736  41.469 0.3333329856
52641  24.190  2.122  42.532 0.3333329856
52553  14.038  2.381  47.055 0.2222220004
53736  14.493  3.095  47.492 0.1111110002
52574  14.174  2.038  46.381 0.2222220004
52637  28.283  2.960  42.343 0.1111110002
51445  28.811  2.359  42.832 0.1111110002
52638  27.415  2.982  42.524 0.1111110002
52660  26.893  2.553  41.972 0.1111110002
52661  25.888  2.085  41.955 0.2222220004
54819  17.548  4.853  45.050 0.2222220004
52573  14.841  2.685  46.631 0.2222220004
54820  16.735  4.365  44.951 0.3333329856
53771  16.156  3.827  45.733 0.3333329856
52592  15.364  2.838  45.566 0.4444440007
52678  24.329  2.069  41.012 0.4444440007
53786  16.044  3.529  44.812 0.4444440007
107687  14.511  2.063  45.734 0.6666669846
51411  14.060  1.412  45.057 0.6666669846
52696  23.561  2.620  39.645 0.4444440007
52659  27.783  2.813  41.856 0.1111110002
51473  26.434  1.748  41.395 0.2222220004
52612  15.438  2.549  44.490 0.4444440007
51489  26.545  1.608  40.615 0.2222220004
51474  25.769  1.569  41.077 0.4444440007
51490  25.775  1.823  40.277 0.4444440007
52695  24.398  2.449  40.054 0.4444440007
52713  24.214  1.954  39.156 0.4444440007
51459  29.741  1.902  42.721 0.1111110002
52636  29.159  2.739  42.172 0.1111110002
52694  25.226  1.964  39.588 0.4444440007
51443  31.316  1.491  43.354 0.1111110002
51458  30.038  2.450  42.068 0.1111110002
52657  29.490  2.577  41.679 0.1111110002
51471  28.074  2.079  41.185 0.1111110002
51488  27.482  1.576  40.529 0.1111110002
51505  26.179  1.879  39.636 0.4444440007
51519  25.826  1.640  38.656 0.4444440007
52620  32.704  2.147  43.643 0.1111110002
51422  31.895  1.858  43.986 0.1111110002
57762  13.799  7.040  44.635 0.2222220004
51442  32.155  1.571  43.154 0.1111110002
102453  30.662  1.758  42.623 0.1111110002
52656  30.176  2.400  41.597 0.1111110002
52676  28.966  2.192  41.088 0.1111110002
100932  15.703  8.131  41.139 0.1111110002
51487  28.357  1.593  40.420 0.1111110002
51504  27.002  1.731  39.748 0.3333329856
116048  26.638  1.939  39.029 0.4444440007
53805  34.848  2.962  41.855 0.1111110002
53793  34.130  2.749  43.169 0.1111110002
53779  33.430  2.902  44.090 0.1111110002
57745  14.304  7.669  44.944 0.2222220004
53816  35.421  3.521  41.571 0.1111110002
52634  34.290  2.480  42.223 0.1111110002
52635  33.636  2.090  42.580 0.1111110002
57761  14.306  7.721  44.199 0.2222220004
53817  34.853  3.127  40.953 0.1111110002
51441  32.928  1.739  42.876 0.1111110002
51457  31.542  1.583  42.533 0.1111110002
57791  14.561  7.991  42.417 0.1111110002
57778  14.309  7.882  43.302 0.2222220004
57779  13.859  7.152  43.627 0.2222220004
53828  34.777  3.309  40.011 0.1111110002
52673  34.314  2.588  40.412 0.1111110002
52674  33.763  1.893  40.814 0.1111110002
51467  33.315  1.615  41.377 0.1111110002
51456  32.361  1.508  42.317 0.1111110002
51469  31.711  1.660  41.705 0.1111110002
58744  15.470  8.328  42.432 0.1111110002
53848  35.256  3.861  38.583 0.1111110002
52692  34.252  2.767  39.487 0.1111110002
110221  33.090  1.566  40.843 0.1111110002
51485  30.598  2.161  41.142 0.1111110002
57790  15.075  8.029  41.614 0.1111110002
57802  14.194  7.519  41.566 0.1111110002
53862  35.223  3.814  37.661 0.1111110002
53849  34.749  3.310  38.139 0.1111110002
52711  34.273  2.770  38.578 0.1111110002
52712  33.751  2.243  38.982 0.1111110002
51484  31.799  1.586  40.878 0.1111110002
104978  31.073  1.688  40.578 0.1111110002
51486  29.313  1.599  40.252 0.1111110002
98828  15.155  7.794  40.876 0.1111110002
53863  34.753  3.268  37.233 0.1111110002
52728  34.310  2.714  37.680 0.1111110002
51511  33.247  1.709  38.508 0.1111110002
51501  29.962  1.346  39.600 0.1111110002
53877  35.227  3.750  36.774 0.1111110002
52729  33.809  2.196  38.106 0.1111110002
104341  27.339  1.740  38.958 0.2222220004
52693  33.729  2.174  39.863 0.1111110002
51482  33.160  1.641  40.158 0.1111110002
51497  33.230  1.681  39.337 0.1111110002
51483  32.474  1.428  40.473 0.1111110002
51499  31.708  1.160  39.925 0.1111110002
51513  31.976  0.802  38.872 0.1111110002
51500  30.786  1.229  39.773 0.1111110002
53878  34.774  3.249  36.359 0.1111110002
51529  33.232  1.738  37.660 0.1111110002
51512  32.523  1.300  38.062 0.2222220004
100319  31.087  0.717  38.289 0.1111110002
58879  36.378  8.929  29.369 0.1111110002
108453  37.114  8.504  28.635 0.1111110002
58045  35.622  7.838  21.437 0.6666669846
59012  36.024  8.728  19.940 0.6666669846
58979  34.931  8.117  20.714 0.7777780294
59011  36.874  8.767  19.775 0.6666669846
59001  34.340  8.621  20.241 0.6666669846
59002  33.440  8.763  20.300 0.6666669846
59989  36.599  9.749  18.602 0.6666669846
59990  35.599  9.872  18.772 0.6666669846
59991  34.861  9.738  19.147 0.6666669846
59980  34.135  10.094  19.234 0.6666669846
59965  33.504  9.645  19.780 0.6666669846
60876  34.750  10.394  18.691 0.6666669846
60874  36.942  10.297  18.031 0.6666669846
60875  35.313  10.582  18.254 0.6666669846
61805  34.252  11.677  18.419 0.6666669846
60877  34.025  11.040  18.865 0.6666669846
98784  42.478  9.485  18.001 0.5555559993
60873  40.991  9.496  18.590 0.5555559993
59998  39.591  9.643  17.823 0.6666669846
63672  35.451  13.518  17.325 0.6666669846
60884  41.692  9.562  17.405 0.5555559993
59997  40.349  9.621  17.626 0.6666669846
60887  38.916  10.218  17.339 0.6666669846
106368  37.275  10.688  17.401 0.6666669846
61814  36.068  11.566  17.178 0.6666669846
62730  35.323  12.715  17.243 0.6666669846
62720  34.245  12.464  18.442 0.5555559993
109949  33.981  12.588  19.179 0.6666669846
109362  40.115  10.468  16.565 0.5555559993
60904  39.377  10.660  16.618 0.6666669846
61830  38.116  11.458  16.222 0.6666669846
60906  37.668  11.048  16.785 0.6666669846
60901  42.947  9.714  16.759 0.5555559993
100374  42.323  9.675  17.034 0.5555559993
60902  41.513  10.113  16.541 0.5555559993
60903  40.711  10.470  16.173 0.5555559993
61832  36.556  11.953  16.620 0.6666669846
63680  35.828  13.145  16.753 0.6666669846
63697  37.606  13.825  15.345 0.6666669846
60885  40.793  10.015  17.051 0.5555559993
61829  38.998  11.303  16.134 0.6666669846
61831  37.297  11.745  16.362 0.6666669846
62758  37.015  13.277  15.761 0.6666669846
106327  37.893  12.768  15.449 0.6666669846
62756  38.943  12.615  15.225 0.6666669846
61849  38.539  11.980  15.707 0.6666669846
65330  38.299  15.620  20.828 0.1111110002
60899  44.016  10.093  16.211 0.4444440007
60925  43.919  10.200  15.633 0.4444440007
60900  43.700  9.999  17.050 0.5555559993
60927  42.755  10.487  15.297 0.5555559993
60918  41.340  10.549  15.731 0.6666669846
61845  41.894  10.862  15.258 0.5555559993
60919  40.670  10.913  15.627 0.6666669846
61828  39.933  10.982  15.943 0.6666669846
63695  39.397  13.262  14.753 0.6666669846
61848  39.436  11.796  15.534 0.6666669846
65329  38.962  15.899  21.094 0.3333329856
61844  44.528  10.379  15.643 0.3333329856
60916  43.334  9.942  16.031 0.5555559993
61867  41.596  11.603  14.819 0.6666669846
62773  40.840  12.153  14.720 0.6666669846
62755  39.877  12.411  15.026 0.6666669846
61847  40.306  11.557  15.315 0.6666669846
61826  44.977  11.343  16.298 0.3333329856
61843  45.372  10.705  15.234 0.3333329856
61842  46.230  11.034  14.995 0.3333329856
108247  44.918  10.596  14.744 0.3333329856
61864  44.073  10.531  14.935 0.4444440007
62772  42.825  12.031  14.171 0.6666669846
63708  41.025  13.048  14.139 0.6666669846
108766  40.487  13.648  14.067 0.6666669846
63709  39.849  13.881  14.323 0.6666669846
109290  42.808  12.652  13.545 0.6666669846
62788  42.321  12.726  13.836 0.6666669846
102674  41.823  12.332  14.316 0.6666669846
66935  39.923  17.160  16.359 0.5555559993
66193  40.338  16.915  15.188 0.6666669846
66207  41.341  16.576  13.320 0.5555559993
66202  40.400  16.365  14.396 0.6666669846
99975  43.778  13.313  12.328 0.6666669846
64604  42.100  14.220  12.758 0.6666669846
65398  41.214  15.575  12.949 0.5555559993
61861  47.294  10.698  14.236 0.2222220004
61862  46.651  10.652  13.830 0.4444440007
61877  45.906  10.964  13.576 0.5555559993
62802  44.496  12.499  12.651 0.6666669846
63732  42.827  13.803  12.515 0.6666669846
64605  41.429  14.579  12.975 0.6666669846
64594  40.315  14.404  13.872 0.6666669846
61863  45.828  10.666  14.342 0.3333329856
61878  45.155  10.868  13.965 0.3333329856
62787  43.444  12.262  13.587 0.6666669846
63731  43.162  12.979  13.025 0.6666669846
63720  42.377  13.316  13.224 0.6666669846
63721  40.986  13.900  13.464 0.6666669846
62789  41.739  13.204  13.745 0.6666669846
66206  41.935  17.069  13.034 0.5555559993
62768  50.096  12.436  14.928 0.2222220004
62770  48.434  11.606  14.854 0.2222220004
64613  43.429  14.442  12.008 0.6666669846
64614  42.512  14.870  12.231 0.5555559993
65404  43.195  15.591  11.948 0.5555559993
102626  50.699  12.156  14.609 0.1111110002
61859  48.971  11.070  14.254 0.2222220004
60924  47.335  10.648  13.676 0.4444440007
61893  45.969  11.617  12.721 0.5555559993
63730  44.724  13.201  11.959 0.6666669846
112795  44.371  14.110  11.795 0.6666669846
64612  44.125  15.113  11.687 0.6666669846
100601  49.232  10.278  12.813 0.2222220004
60949  48.447  10.481  12.739 0.3333329856
60950  47.680  11.018  12.605 0.4444440007
61892  46.798  11.500  12.428 0.5555559993
63739  45.388  13.166  11.628 0.5555559993
66213  43.349  16.616  12.268 0.5555559993
63706  52.205  13.034  14.796 0.1111110002
63707  50.860  12.883  15.000 0.1111110002
62782  53.529  12.222  13.703 0.1111110002
61857  50.981  11.637  14.064 0.1111110002
61875  50.494  10.823  13.525 0.1111110002
61876  49.530  10.597  13.534 0.2222220004
63740  45.191  13.894  11.440 0.5555559993
61871  53.991  11.625  12.938 0.2222220004
61872  53.080  11.520  13.087 0.1111110002
61874  51.394  11.025  13.455 0.1111110002
60935  50.090  10.278  12.792 0.2222220004
115001  49.106  10.537  12.301 0.4444440007
62799  46.765  12.147  11.598 0.5555559993
104321  45.981  13.642  11.008 0.5555559993
64621  45.740  14.587  10.718 0.5555559993
62780  55.391  12.336  13.466 0.2222220004
62798  54.875  11.748  12.802 0.2222220004
61887  53.511  10.923  12.399 0.1111110002
60946  52.133  10.325  12.193 0.2222220004
60947  50.681  10.196  12.169 0.2222220004
62815  48.027  12.176  10.978 0.5555559993
62816  47.165  12.694  10.813 0.5555559993
64620  46.185  14.399  9.691 0.5555559993
62832  47.697  12.924  10.230 0.5555559993
66212  44.272  16.880  12.171 0.4444440007
65414  44.763  15.569  11.480 0.5555559993
62779  56.210  12.457  13.303 0.1111110002
61885  55.127  11.381  12.136 0.2222220004
60944  53.764  10.714  11.984 0.2222220004
60959  52.459  10.512  11.726 0.2222220004
61903  51.092  11.159  11.204 0.3333329856
116289  49.689  11.654  11.143 0.5555559993
62814  49.062  12.012  11.017 0.5555559993
63745  47.206  13.512  9.675 0.5555559993
63738  46.643  13.587  10.212 0.5555559993
115939  58.214  13.134  12.310 0.1111110002
62812  56.649  12.250  11.410 0.1111110002
62813  55.849  11.864  11.802 0.1111110002
61899  54.475  11.044  11.811 0.2222220004
61909  52.548  11.656  10.721 0.3333329856
61911  50.744  11.943  10.617 0.4444440007
62830  49.231  12.613  9.976 0.5555559993
104320  47.729  13.363  9.400 0.5555559993
63746  46.645  14.151  9.016 0.4444440007
62811  57.484  12.485  11.009 0.1111110002
61906  55.185  11.558  11.402 0.2222220004
61907  54.363  11.496  11.074 0.2222220004
62827  52.148  12.358  10.143 0.3333329856
62828  51.268  12.415  10.025 0.4444440007
96111  58.232  12.772  10.599 0.1111110002
66222  46.643  16.349  10.718 0.3333329856
66223  45.850  16.289  11.164 0.3333329856
66211  45.149  17.055  11.886 0.3333329856
65411  47.061  15.822  9.850 0.4444440007
65416  48.022  15.960  9.082 0.4444440007
64626  47.320  14.889  8.817 0.4444440007
64627  46.516  15.171  9.118 0.4444440007
65413  45.668  15.449  10.967 0.4444440007
100459  47.817  14.097  8.847 0.5555559993
62840  51.786  12.872  9.502 0.5555559993
62829  50.272  12.601  9.777 0.5555559993
63744  48.411  13.240  9.170 0.5555559993
98372  59.795  13.730  9.596 0.1111110002
100892  58.720  13.140  10.189 0.1111110002
62823  56.788  12.199  10.466 0.2222220004
102861  55.073  12.135  10.444 0.2222220004
62825  53.988  12.235  10.360 0.3333329856
97300  60.041  13.787  10.509 0.1111110002
96110  59.139  13.211  10.972 0.1111110002
66221  47.406  16.589  10.548 0.3333329856
66975  46.045  17.092  11.585 0.3333329856
65417  47.290  15.655  9.155 0.4444440007
64630  50.123  14.404  8.565 0.4444440007
64631  49.249  14.749  8.532 0.5555559993
64625  48.071  15.079  8.736 0.5555559993
109790  51.402  13.423  8.981 0.5555559993
100937  49.456  13.978  8.667 0.5555559993
63756  48.604  14.204  8.708 0.5555559993
62835  56.947  12.297  9.616 0.2222220004
100417  56.101  12.258  10.007 0.2222220004
62838  53.528  12.830  9.665 0.4444440007
63753  52.265  13.376  8.985 0.5555559993
64634  61.328  13.737  9.141 0.1111110002
99211  58.253  12.726  9.796 0.2222220004
96116  57.708  12.438  9.312 0.2222220004
62843  56.293  12.652  9.201 0.2222220004
62836  55.392  12.684  9.545 0.3333329856
62837  54.449  12.749  9.700 0.4444440007
63752  53.125  13.310  8.986 0.5555559993
97753  61.025  13.922  8.179 0.2222220004
96113  59.568  13.512  8.876 0.2222220004
96119  58.976  13.144  9.443 0.2222220004
98152  57.130  12.568  8.812 0.2222220004
63775  60.681  13.715  7.093 0.4444440007
97961  59.845  13.555  7.993 0.4444440007
64640  50.768  15.131  8.579 0.4444440007
63764  52.788  13.924  8.626 0.4444440007
63765  51.929  13.986  8.645 0.4444440007
63750  54.786  13.171  9.040 0.4444440007
63762  54.354  13.616  8.700 0.4444440007
96112  58.857  12.885  8.466 0.3333329856
97914  57.953  12.617  8.595 0.3333329856
63761  55.589  13.139  8.790 0.3333329856
63776  59.426  13.339  6.920 0.4444440007
102545  58.118  12.888  7.929 0.3333329856
96122  57.369  12.958  8.060 0.4444440007
96120  56.432  13.098  8.286 0.4444440007
107333  54.857  14.971  8.293 0.4444440007
64636  54.382  14.334  8.463 0.4444440007
96124  56.269  13.851  7.750 0.4444440007
64635  55.178  14.360  8.205 0.4444440007
63777  58.739  13.067  7.487 0.4444440007
115084  58.563  13.415  6.800 0.4444440007
97913  57.684  13.410  7.181 0.4444440007
97934  56.897  13.402  7.666 0.4444440007
63788  59.962  13.398  6.187 0.4444440007
99336  60.513  13.631  5.502 0.4444440007
63799  59.629  13.833  5.693 0.4444440007
66987  56.475  17.645  8.955 0.1111110002
111494  56.383  16.421  7.849 0.2222220004
66239  55.206  16.360  8.445 0.3333329856
97772  56.234  15.535  7.646 0.2222220004
66253  55.664  16.005  8.051 0.4444440007
65423  54.994  15.662  8.327 0.4444440007
65424  54.224  15.344  8.516 0.4444440007
96128  56.234  14.655  7.609 0.4444440007
96121  56.844  14.096  7.316 0.4444440007
64670  60.366  14.537  4.279 0.3333329856
65457  59.923  15.134  4.516 0.4444440007
105377  59.071  13.636  6.300 0.4444440007
63789  58.202  14.092  6.451 0.4444440007
96132  56.702  17.177  8.263 0.1111110002
96125  57.996  17.297  7.491 0.1111110002
97333  57.123  16.829  7.642 0.2222220004
98313  58.123  16.798  6.829 0.2222220004
110870  57.520  16.423  7.073 0.2222220004
97048  56.799  15.029  7.223 0.3333329856
96126  58.351  15.630  6.076 0.2222220004
97093  57.861  15.998  6.501 0.2222220004
111493  57.334  15.443  6.842 0.2222220004
65448  58.833  15.201  5.627 0.2222220004
97849  57.857  15.014  6.406 0.3333329856
98093  57.399  14.463  6.825 0.4444440007
109205  60.715  14.383  3.861 0.3333329856
63800  58.885  14.291  5.913 0.4444440007
96136  57.854  18.013  8.975 0.1111110002
96129  58.167  17.818  8.251 0.1111110002
103759  57.470  17.503  8.202 0.1111110002
66261  58.523  16.600  6.273 0.2222220004
66269  59.807  16.795  5.253 0.2222220004
66270  58.965  16.234  5.645 0.2222220004
65447  59.504  15.734  5.103 0.2222220004
96997  58.919  19.141  9.706 0.1111110002
96134  57.721  18.429  9.775 0.1111110002
97216  59.130  18.855  9.177 0.1111110002
96133  59.436  18.585  7.819 0.1111110002
98497  58.920  18.013  7.888 0.1111110002
67001  59.605  18.637  6.454 0.1111110002
67016  59.613  17.945  6.392 0.1111110002
96131  58.866  17.523  6.828 0.1111110002
67014  59.682  18.108  5.698 0.1111110002
67015  59.657  18.019  6.016 0.1111110002
67742  59.771  18.049  4.718 0.1111110002
67023  59.955  17.740  4.814 0.1111110002
67025  59.876  17.656  5.498 0.1111110002
66260  59.165  17.151  6.121 0.2222220004
67035  60.020  17.308  4.374 0.1111110002
66268  60.179  17.131  4.825 0.2222220004
66276  60.340  16.632  4.204 0.2222220004
66277  60.193  16.303  4.544 0.2222220004
67002  59.591  18.564  6.947 0.1111110002
64624  62.593  13.958  10.275 0.1111110002
64619  62.644  13.822  10.776 0.1111110002
63748  62.365  13.460  9.987 0.1111110002
63774  61.684  13.745  7.528 0.3333329856
63749  62.113  13.457  9.618 0.1111110002
51339  9.903  1.485  50.678 0.1111110002
103690  10.635  1.592  48.866 0.1111110002
51393  13.874  1.377  45.825 0.5555559993
101426  31.792  0.887  37.975 0.2222220004
58880  35.363  8.957  29.397 0.1111110002
51317  2.294  1.507  52.798 0.4444440007
51330  2.978  1.595  52.119 0.4444440007
51503  27.811  1.484  39.724 0.1111110002
51515  29.660  1.239  38.817 0.2222220004
117980  33.938  9.044  19.966 0.6666669846
63660  35.171  13.823  18.012 0.5555559993
63661  34.613  13.263  18.251 0.5555559993
64563  35.810  13.880  16.871 0.6666669846
64581  38.202  14.446  15.091 0.6666669846
62640  33.543  12.144  25.365 0.1111110002
51514  30.479  0.990  38.959 0.1111110002
62741  36.487  12.728  16.316 0.6666669846
65325  38.759  14.978  21.472 0.1111110002
52483  1.911  2.180  53.296 0.2222220004
53642  10.860  2.946  52.581 0.1111110002
54757  11.907  5.136  50.723 0.1111110002
54747  10.830  4.399  50.719 0.1111110002
54768  11.223  4.489  49.829 0.1111110002
53695  12.838  4.151  49.271 0.1111110002
53698  10.743  3.333  49.819 0.1111110002
53721  11.064  3.012  49.247 0.1111110002
53720  11.647  3.162  48.920 0.1111110002
54805  19.338  4.630  46.418 0.2222220004
53718  13.248  3.476  48.387 0.1111110002
52662  24.250  1.699  41.881 0.4444440007
116428  18.117  5.108  46.469 0.2222220004
54792  17.252  4.804  47.349 0.1111110002
54764  16.149  4.886  48.922 0.1111110002
54807  17.531  4.898  46.578 0.1111110002
114190  16.107  4.428  48.160 0.1111110002
53734  15.928  3.755  47.158 0.1111110002
54794  15.686  3.976  47.768 0.1111110002
52677  25.096  1.851  40.605 0.4444440007
51472  27.189  1.863  41.304 0.2222220004
52552  15.678  3.383  46.528 0.2222220004
52658  28.652  2.781  41.781 0.1111110002
51470  30.850  2.165  41.847 0.1111110002
52675  29.829  2.182  41.062 0.1111110002
52619  33.379  2.293  43.285 0.1111110002
52654  34.376  2.429  41.333 0.1111110002
52655  33.814  1.938  41.741 0.1111110002
51455  33.138  1.613  42.074 0.1111110002
53837  34.748  3.346  39.063 0.1111110002
51468  32.561  1.490  41.392 0.1111110002
99049  31.205  1.960  41.250 0.1111110002
103225  30.257  1.679  40.401 0.1111110002
51498  32.565  1.276  39.619 0.1111110002
113472  32.730  1.296  38.886 0.1111110002
104747  31.237  0.821  39.155 0.1111110002
98927  35.780  8.339  20.639 0.7777780294
59000  35.173  8.695  20.118 0.6666669846
59978  36.287  9.212  19.261 0.6666669846
59979  35.408  9.227  19.484 0.6666669846
59964  34.482  9.276  19.697 0.6666669846
100401  37.202  9.110  19.017 0.6666669846
61804  34.750  11.189  18.097 0.6666669846
61813  36.882  11.299  16.969 0.6666669846
60889  36.468  10.891  17.572 0.6666669846
109517  36.088  10.433  18.175 0.6666669846
60890  35.591  11.069  17.724 0.6666669846
61815  35.168  11.834  17.416 0.6666669846
61816  34.548  11.871  17.890 0.6666669846
62731  34.741  12.508  17.720 0.6666669846
60871  42.330  10.076  18.672 0.5555559993
60872  41.748  9.440  18.249 0.5555559993
59984  41.055  9.331  17.842 0.6666669846
60886  39.862  10.156  17.181 0.6666669846
59985  40.271  9.381  18.217 0.6666669846
59974  40.142  9.537  19.048 0.6666669846
63673  35.027  13.166  17.681 0.5555559993
102499  38.301  10.032  17.724 0.6666669846
60905  38.497  10.838  16.700 0.6666669846
60888  37.682  10.159  17.828 0.6666669846
62742  35.881  12.314  16.893 0.6666669846
102478  38.037  10.474  17.266 0.6666669846
61850  37.791  12.041  15.881 0.6666669846
60917  42.305  10.139  16.068 0.5555559993
62757  37.216  12.440  15.975 0.6666669846
60926  43.471  10.369  15.299 0.5555559993
61846  41.100  11.250  15.212 0.6666669846
63696  38.494  13.506  15.029 0.6666669846
61865  43.211  11.005  14.744 0.5555559993
61866  42.349  11.389  14.738 0.6666669846
62774  40.247  13.058  14.502 0.6666669846
113054  44.491  10.976  14.323 0.3333329856
61879  43.744  11.439  14.226 0.5555559993
66934  40.283  17.208  15.859 0.4444440007
66192  40.940  17.036  14.796 0.6666669846
65392  40.784  15.975  13.584 0.5555559993
66201  41.212  16.799  14.147 0.6666669846
118405  41.623  16.185  12.724 0.5555559993
62803  43.837  12.585  13.036 0.6666669846
102766  41.715  13.816  13.184 0.6666669846
65397  41.813  15.231  12.557 0.5555559993
64606  40.740  14.941  13.310 0.5555559993
62771  47.726  11.235  14.781 0.2222220004
60923  47.776  10.627  13.781 0.3333329856
61841  47.058  11.217  14.930 0.2222220004
109148  46.605  10.701  14.412 0.2222220004
62785  45.236  11.736  13.179 0.6666669846
62786  44.349  11.788  13.586 0.5555559993
65405  42.326  16.218  12.372 0.5555559993
61858  50.017  11.475  14.297 0.2222220004
62769  49.294  11.980  14.839 0.2222220004
61860  48.091  10.852  14.258 0.2222220004
60936  48.512  10.527  13.526 0.2222220004
60938  47.144  10.828  13.224 0.4444440007
108135  46.510  11.088  13.196 0.4444440007
62800  46.140  12.183  11.908 0.5555559993
62801  45.317  12.407  12.131 0.6666669846
60937  47.790  10.557  13.291 0.3333329856
61891  47.472  11.771  11.724 0.5555559993
62818  45.798  12.795  11.538 0.6666669846
108787  52.239  12.430  14.310 0.1111110002
110529  51.570  13.177  15.035 0.1111110002
62784  51.831  11.823  13.915 0.1111110002
62767  51.495  12.420  14.578 0.1111110002
65403  44.033  16.040  11.758 0.5555559993
62783  52.652  12.032  13.795 0.1111110002
64622  44.998  14.804  11.389 0.5555559993
61886  54.357  11.091  12.253 0.2222220004
61873  52.241  11.210  13.326 0.1111110002
61889  51.803  10.560  12.816 0.2222220004
60948  49.847  10.291  12.192 0.4444440007
61890  48.476  11.260  11.904 0.5555559993
62817  46.386  12.806  11.178 0.5555559993
61888  52.619  10.770  12.611 0.2222220004
60945  52.973  10.529  12.077 0.2222220004
115591  51.400  10.258  12.317 0.2222220004
60934  50.972  10.423  12.854 0.2222220004
60961  50.475  10.574  11.668 0.3333329856
101046  49.550  11.021  11.638 0.5555559993
62831  48.339  12.743  10.135 0.5555559993
66224  44.925  16.224  11.571 0.4444440007
101401  46.035  15.072  9.847 0.4444440007
62796  56.460  12.337  12.366 0.1111110002
61900  53.720  10.986  11.485 0.2222220004
60958  53.186  10.662  11.762 0.2222220004
60960  51.451  10.390  11.737 0.3333329856
61902  52.025  11.030  11.231 0.3333329856
103261  50.243  11.422  11.184 0.4444440007
61912  49.895  12.083  10.675 0.5555559993
96109  58.260  12.915  11.496 0.1111110002
96114  59.154  13.429  12.112 0.1111110002
62795  57.374  12.734  12.067 0.1111110002
61901  52.922  10.978  11.293 0.2222220004
61910  51.638  11.773  10.658 0.3333329856
118399  47.245  13.936  8.940 0.5555559993
62824  55.962  11.950  10.887 0.2222220004
61908  53.455  11.556  10.840 0.3333329856
62826  53.053  12.316  10.253 0.3333329856
65412  46.366  15.631  10.122 0.4444440007
110337  51.020  12.909  9.415 0.5555559993
63754  50.370  13.451  8.924 0.5555559993
63755  49.324  13.243  9.056 0.5555559993
97314  61.055  13.792  10.588 0.1111110002
111452  60.725  13.842  9.766 0.1111110002
111585  59.299  13.478  10.129 0.1111110002
62822  57.575  12.392  10.115 0.2222220004
62839  52.638  12.858  9.577 0.5555559993
65420  48.664  15.950  8.814 0.3333329856
117859  49.917  15.149  8.552 0.4444440007
63766  51.046  14.131  8.629 0.5555559993
64632  48.620  15.165  8.585 0.3333329856
96115  60.382  13.908  8.910 0.1111110002
64629  61.804  13.715  10.047 0.1111110002
63760  61.722  13.554  8.491 0.1111110002
96117  58.382  12.631  9.106 0.2222220004
63751  53.973  13.244  9.078 0.4444440007
63763  53.658  13.815  8.650 0.4444440007
64639  51.663  14.774  8.593 0.4444440007
64638  52.467  14.654  8.591 0.4444440007
64637  53.402  14.688  8.562 0.4444440007
106535  54.978  13.688  8.518 0.4444440007
105452  55.645  13.694  8.143 0.4444440007
64649  55.527  15.083  7.949 0.4444440007
115169  55.745  14.318  7.873 0.4444440007
64662  60.054  14.172  4.968 0.4444440007
66996  55.865  16.919  8.467 0.1111110002
111166  56.860  15.965  7.313 0.2222220004
66240  54.477  16.253  8.637 0.4444440007
64663  59.418  14.644  5.268 0.4444440007
108967  57.108  18.029  9.415 0.1111110002
98150  57.125  17.668  8.780 0.1111110002
64656  58.391  14.782  6.092 0.4444440007
98397  58.585  18.189  8.679 0.1111110002
96130  59.144  18.557  8.629 0.1111110002
97909  59.413  18.174  7.186 0.1111110002
67024  59.866  17.564  5.244 0.1111110002
67036  60.113  17.102  4.659 0.1111110002
46241  -3.171  -3.379  53.399 0.2222220004
44066  -3.108  -6.413  56.825 0.1111110002
51306  1.249  2.095  53.821 0.1111110002
58701  15.283  8.492  45.374 0.1111110002
58702  14.496  8.117  45.622 0.1111110002
57746  13.849  7.508  45.454 0.1111110002
58715  14.794  8.121  44.762 0.1111110002
58731  14.875  8.242  43.949 0.1111110002
52627  22.435  2.834  43.679 0.3333329856
53644  3.357  3.707  52.271 0.1111110002
59664  15.238  9.570  47.500 0.1111110002
58684  14.270  8.518  46.473 0.1111110002
59678  14.690  9.119  46.938 0.1111110002
59689  15.842  8.884  45.952 0.1111110002
58703  13.825  7.928  46.159 0.1111110002
109998  13.358  7.717  46.589 0.1111110002
57733  12.838  7.169  46.690 0.1111110002
56764  12.312  6.536  46.283 0.1111110002
58714  15.469  8.469  44.553 0.1111110002
58668  14.008  8.846  47.219 0.1111110002
58669  13.543  8.366  47.636 0.1111110002
57723  13.190  7.762  47.252 0.1111110002
56752  12.202  6.715  47.103 0.1111110002
55811  10.339  5.412  46.695 0.1111110002
55809  11.846  5.877  45.886 0.1111110002
56765  11.656  6.208  46.657 0.1111110002
115477  39.807  8.521  24.139 0.3333329856
112673  38.863  8.726  23.192 0.3333329856
103905  38.308  8.721  22.436 0.3333329856
58963  37.384  8.336  22.165 0.4444440007
58044  36.549  8.045  21.882 0.5555559993
58028  35.949  7.565  22.412 0.5555559993
58962  39.216  9.128  22.698 0.3333329856
59934  39.695  9.507  22.037 0.2222220004
59951  38.392  9.009  21.547 0.4444440007
58977  37.129  8.443  21.252 0.5555559993
58976  37.891  8.712  20.973 0.5555559993
58999  36.588  8.493  20.514 0.5555559993
59933  40.648  9.586  22.302 0.2222220004
60840  40.930  10.299  21.001 0.2222220004
59962  39.340  9.585  20.497 0.3333329856
59963  38.533  9.120  20.749 0.4444440007
59977  37.720  8.840  19.638 0.5555559993
60850  41.621  10.528  20.314 0.2222220004
59961  40.084  9.944  19.897 0.4444440007
59987  38.239  9.222  18.805 0.5555559993
60863  41.507  10.489  19.580 0.2222220004
116962  42.079  10.535  19.116 0.3333329856
60864  40.867  10.087  19.371 0.4444440007
59999  38.742  9.669  18.072 0.5555559993
60000  38.092  9.708  18.152 0.5555559993
112811  41.597  10.163  18.954 0.4444440007
61796  42.797  10.582  19.008 0.2222220004
61803  43.109  10.046  18.443 0.4444440007
61812  43.689  10.196  17.976 0.4444440007
60883  43.080  9.698  17.641 0.4444440007
61811  44.114  10.725  17.530 0.2222220004
61827  44.303  10.544  16.638 0.2222220004
62738  46.271  13.100  16.334 0.1111110002
62754  45.832  11.838  15.846 0.2222220004
63694  47.195  13.257  15.954 0.1111110002
62750  49.514  12.711  15.298 0.1111110002
66933  41.070  17.326  15.645 0.4444440007
66944  41.761  17.395  14.851 0.4444440007
66200  41.950  17.190  13.955 0.4444440007
66959  43.716  17.409  12.790 0.2222220004
66214  42.770  17.225  12.895 0.3333329856
66228  47.773  16.147  9.849 0.3333329856
44049  -2.675  -5.193  57.069 0.2222220004
43033  -2.701  -7.449  56.322 0.1111110002
58027  36.892  7.801  22.873 0.5555559993
42065  -3.335  -7.759  56.996 0.1111110002
42064  -2.612  -8.258  56.367 0.1111110002
117078  1.101  1.408  53.911 0.1111110002
51318  1.633  1.425  53.403 0.2222220004
53677  4.192  3.302  51.060 0.3333329856
56763  12.854  6.870  45.960 0.1111110002
57732  13.316  7.377  46.018 0.1111110002
99919  23.660  1.712  42.219 0.3333329856
58978  36.333  8.230  21.143 0.5555559993
58998  37.374  8.646  20.394 0.5555559993
59988  37.468  9.678  18.398 0.5555559993
59986  39.305  9.389  18.625 0.5555559993
114986  44.473  11.314  17.099 0.2222220004
62753  46.742  12.037  15.640 0.1111110002
62751  48.761  12.489  15.375 0.1111110002
53646  2.207  3.035  53.266 0.1111110002
53632  1.398  3.687  54.047 0.1111110002
58683  15.025  8.709  46.171 0.1111110002
58685  13.650  8.279  46.851 0.1111110002
58953  37.686  8.226  22.872 0.3333329856
99047  37.813  8.643  21.673 0.4444440007
59935  38.900  9.234  22.039 0.3333329856
117860  39.702  9.732  21.268 0.2222220004
59950  39.059  9.429  21.373 0.3333329856
113880  38.032  8.779  20.275 0.5555559993
59949  40.363  9.896  21.550 0.2222220004
60851  40.808  10.343  20.174 0.3333329856
59948  41.207  9.969  21.734 0.2222220004
60839  41.853  10.289  21.088 0.1111110002
105135  40.163  10.043  20.775 0.3333329856
59975  39.378  9.452  19.495 0.5555559993
59976  38.576  9.128  19.778 0.5555559993
116923  38.877  9.228  19.141 0.5555559993
60862  42.228  10.691  19.625 0.2222220004
61795  43.555  10.830  19.200 0.1111110002
110216  43.438  10.472  18.723 0.2222220004
61802  43.677  10.406  18.403 0.3333329856
62740  44.841  12.193  17.093 0.1111110002
62752  47.752  12.138  15.400 0.1111110002
54729  17.476  4.422  53.270 0.1111110002
52606  25.387  2.653  43.813 0.1111110002
51430  24.821  2.214  44.702 0.1111110002
51392  24.093  1.628  45.974 0.1111110002
95944  21.559  5.571  52.880 0.1111110002
107227  25.678  2.688  42.680 0.1111110002
52624  24.965  2.917  43.033 0.1111110002
52588  24.026  2.113  45.189 0.2222220004
52570  22.752  2.400  46.200 0.2222220004
112425  22.517  3.492  47.311 0.1111110002
53715  21.604  3.985  48.722 0.1111110002
53692  21.555  4.214  49.812 0.1111110002
111621  21.181  5.295  51.719 0.1111110002
52625  24.046  2.733  43.297 0.2222220004
52608  23.026  2.992  44.027 0.2222220004
52571  21.913  2.542  46.012 0.2222220004
106574  21.776  3.713  46.849 0.1111110002
99257  21.784  3.964  47.712 0.1111110002
52642  23.461  2.128  42.819 0.2222220004
52609  22.310  2.864  44.528 0.2222220004
53676  4.712  3.465  50.571 0.1111110002
56679  18.186  6.457  54.398 0.1111110002
55737  19.247  5.679  54.292 0.1111110002
97899  20.959  5.880  53.041 0.1111110002
54776  20.377  4.870  48.454 0.1111110002
106514  19.974  5.439  50.296 0.1111110002
53753  20.813  3.489  46.358 0.1111110002
53733  21.165  4.414  47.086 0.1111110002
53769  20.407  3.306  45.627 0.2222220004
54804  20.236  4.450  46.735 0.1111110002
102617  18.154  6.981  53.522 0.1111110002
56691  17.868  6.965  54.138 0.1111110002
56690  18.593  6.649  54.132 0.1111110002
56689  19.391  6.237  54.038 0.1111110002
100011  19.311  6.446  52.477 0.1111110002
55753  20.086  6.116  52.564 0.1111110002
56710  19.390  6.234  51.646 0.1111110002
98021  20.112  5.572  51.467 0.1111110002
95942  19.385  5.977  50.665 0.1111110002
56702  18.039  7.059  52.612 0.1111110002
112067  18.898  6.437  51.013 0.1111110002
56722  18.289  6.655  50.899 0.1111110002
55767  18.772  6.293  50.233 0.1111110002
55777  19.426  5.834  49.624 0.1111110002
55789  19.096  5.619  48.720 0.1111110002
54777  19.682  5.150  48.117 0.1111110002
54770  5.472  4.465  49.621 0.1111110002
54881  28.124  4.944  38.076 0.2222220004
55897  32.129  6.341  37.655 0.1111110002
98700  38.999  8.374  24.033 0.2222220004
58007  38.232  7.916  24.165 0.2222220004
58952  38.274  8.330  23.361 0.2222220004
58020  37.615  7.841  23.578 0.3333329856
59915  41.034  9.220  23.068 0.1111110002
99667  39.581  8.846  23.462 0.2222220004
60693  27.702  10.904  33.273 0.2222220004
66918  40.523  17.218  17.526 0.1111110002
52572  21.146  2.822  45.858 0.2222220004
52591  21.723  2.745  45.270 0.2222220004
53754  19.859  3.859  46.068 0.1111110002
58823  28.306  9.219  34.335 0.2222220004
66923  40.673  17.278  16.629 0.3333329856
54790  19.556  5.023  47.198 0.1111110002
52623  25.960  2.831  43.161 0.1111110002
52626  23.238  2.680  43.533 0.2222220004
58961  40.094  9.259  22.907 0.2222220004
54728  18.059  4.825  53.103 0.1111110002
101554  24.502  2.819  43.807 0.1111110002
52607  24.071  2.625  44.426 0.1111110002
51410  24.619  1.651  45.591 0.1111110002
52569  23.590  2.171  46.436 0.1111110002
52589  23.350  2.117  45.703 0.2222220004
95943  20.711  5.585  53.534 0.1111110002
95941  21.322  5.459  53.333 0.1111110002
114997  20.775  5.737  52.323 0.1111110002
100836  23.711  2.875  43.923 0.2222220004
106681  23.281  2.609  44.734 0.2222220004
52551  23.116  2.912  46.881 0.1111110002
52590  22.536  2.498  45.468 0.2222220004
53732  22.291  3.013  46.585 0.1111110002
53714  22.538  3.560  48.434 0.1111110002
54788  21.061  4.467  48.044 0.1111110002
55775  20.562  4.734  49.937 0.1111110002
54775  20.822  4.399  49.018 0.1111110002
95939  20.505  4.932  50.904 0.1111110002
53752  21.527  2.960  46.311 0.1111110002
56678  18.830  6.258  54.355 0.1111110002
55738  18.495  5.780  54.394 0.1111110002
54695  19.623  4.756  54.160 0.1111110002
54696  18.855  4.937  54.259 0.1111110002
55736  20.067  5.446  53.974 0.1111110002
56688  20.181  5.973  53.521 0.1111110002
54763  20.357  5.028  49.130 0.1111110002
55776  20.044  5.356  49.523 0.1111110002
54789  20.385  4.771  47.581 0.1111110002
56701  18.836  6.699  53.162 0.1111110002
56700  19.597  6.347  53.245 0.1111110002
55788  19.889  5.391  48.911 0.1111110002
56711  18.666  6.742  51.868 0.1111110002
58829  34.571  8.975  33.608 0.1111110002
58840  33.915  9.010  32.973 0.1111110002
66160  40.198  16.662  20.708 0.1111110002
66948  43.572  17.430  13.767 0.2222220004
66949  42.787  17.282  13.906 0.2222220004
66957  45.495  17.772  12.325 0.1111110002
117180  48.455  16.516  10.017 0.2222220004
66973  47.756  17.385  11.308 0.1111110002
65419  49.286  15.589  8.616 0.3333329856
66985  49.012  17.230  10.539 0.2222220004
66226  50.088  17.128  9.808 0.2222220004
109410  50.162  15.907  8.737 0.3333329856
66235  50.463  16.869  9.107 0.2222220004
66244  51.018  16.093  8.805 0.2222220004
65427  51.509  15.515  8.659 0.2222220004
66234  51.378  16.967  9.113 0.1111110002
66233  52.241  16.909  9.131 0.1111110002
66243  51.848  16.176  8.788 0.2222220004
100758  52.850  15.290  8.638 0.2222220004
63773  62.154  13.384  7.766 0.2222220004
66980  53.864  18.146  10.586 0.1111110002
117636  52.983  16.758  9.165 0.1111110002
65425  53.470  15.608  8.665 0.2222220004
108336  62.142  13.590  6.907 0.2222220004
63786  61.949  13.503  6.042 0.3333329856
99173  62.450  13.117  5.740 0.3333329856
99558  61.338  13.418  5.201 0.3333329856
63798  62.159  13.060  5.228 0.3333329856
66231  54.291  17.071  9.133 0.1111110002
100153  61.626  13.761  6.789 0.3333329856
63787  60.998  13.587  6.189 0.3333329856
114316  61.208  13.513  5.713 0.3333329856
63802  62.130  12.729  4.576 0.2222220004
66230  55.077  17.010  8.855 0.3333329856
63804  60.692  13.776  4.651 0.3333329856
63803  61.268  13.249  4.375 0.3333329856
105324  60.810  15.263  3.372 0.1111110002
105098  60.886  14.033  3.484 0.1111110002
65455  60.542  16.166  3.598 0.1111110002
65456  60.491  15.590  3.952 0.1111110002
65477  61.153  15.512  2.334 0.1111110002
65464  60.909  15.795  3.021 0.1111110002
66319  61.002  16.106  1.463 0.1111110002
113954  61.068  15.976  1.998 0.1111110002
65504  60.089  15.646  0.789 0.1111110002
65502  61.015  15.412  1.065 0.1111110002
64678  61.119  14.831  2.760 0.1111110002
67064  60.510  17.273  1.919 0.1111110002
66299  60.819  16.176  2.568 0.1111110002
67782  59.874  17.775  0.741 0.1111110002
66310  60.789  16.566  1.990 0.1111110002
67077  60.541  17.043  0.886 0.1111110002
67076  60.805  16.880  1.387 0.1111110002
66321  60.312  16.305  0.772 0.1111110002
66220  48.191  16.934  10.576 0.2222220004
115644  53.956  15.893  8.662 0.3333329856
66943  42.868  17.204  14.658 0.2222220004
66236  49.563  16.518  8.982 0.3333329856
66984  49.903  17.393  10.499 0.2222220004
66227  49.119  16.669  9.758 0.2222220004
65426  52.190  15.420  8.652 0.2222220004
66242  52.747  16.075  8.800 0.2222220004
109518  53.251  17.801  10.111 0.1111110002
66232  53.506  17.212  9.402 0.1111110002
66241  53.641  16.397  8.882 0.2222220004
63797  62.505  12.830  5.222 0.2222220004
109245  61.274  13.006  3.906 0.2222220004
66286  60.447  16.384  3.267 0.1111110002
47262  -1.602  -0.650  58.881 0.1111110002
48419  -1.882  -0.901  59.187 0.1111110002
47268  -0.457  -1.217  58.411 0.1111110002
47269  -1.159  -1.833  58.096 0.1111110002
99952  0.051  -2.355  57.846 0.1111110002
46186  0.867  -3.281  57.350 0.1111110002
48420  -2.423  -1.606  58.845 0.1111110002
103207  -2.945  -2.771  58.693 0.1111110002
46173  -2.185  -3.013  59.133 0.1111110002
46180  -3.066  -3.498  58.593 0.1111110002
46188  -1.305  -3.032  57.571 0.1111110002
103089  -3.074  -3.890  57.484 0.1111110002
44051  -4.320  -5.731  58.045 0.1111110002
45147  -0.291  -4.261  57.265 0.1111110002
44050  -4.009  -5.354  57.473 0.1111110002
44067  -4.143  -6.272  57.561 0.1111110002
58808  31.137  9.105  35.980 0.1111110002
58848  33.678  9.204  32.303 0.1111110002
63526  30.597  13.503  29.396 0.1111110002
99591  31.964  14.392  30.201 0.1111110002
63525  31.294  13.970  29.760 0.1111110002
62597  29.526  12.432  29.602 0.1111110002
62596  29.985  12.988  29.065 0.1111110002
62607  30.067  12.836  28.115 0.1111110002
103302  33.100  12.548  26.016 0.1111110002
106951  41.569  17.455  16.461 0.1111110002
102448  41.900  17.465  15.733 0.1111110002
66921  43.206  17.673  15.800 0.1111110002
66931  43.590  17.209  15.193 0.1111110002
61931  62.406  11.357  7.614 0.1111110002
113499  62.441  13.246  6.980 0.1111110002
105162  62.466  10.904  6.934 0.1111110002
61955  62.924  12.222  5.906 0.1111110002
63785  62.441  13.257  6.331 0.1111110002
46187  -0.137  -3.220  57.591 0.1111110002
45148  -1.543  -4.350  57.200 0.1111110002
58807  32.140  8.474  36.273 0.1111110002
113223  29.407  12.400  27.971 0.1111110002
66932  42.640  17.442  15.428 0.1111110002
62867  62.700  12.871  5.788 0.1111110002
99686  -1.223  -0.540  59.412 0.1111110002
47257  -2.081  -1.793  59.255 0.1111110002
114817  -1.822  -2.222  57.967 0.1111110002
47270  -2.612  -2.113  58.393 0.1111110002
47265  -3.825  -3.083  58.296 0.1111110002
45138  -3.154  -4.475  58.514 0.1111110002
46182  -4.204  -3.669  58.160 0.1111110002
46189  -2.684  -2.934  57.720 0.1111110002
63508  31.440  13.759  30.759 0.1111110002
63548  30.518  13.354  28.609 0.1111110002
62853  62.668  12.792  6.517 0.1111110002
61943  62.623  11.869  6.747 0.1111110002
102793  62.743  11.063  6.040 0.1111110002
61006  62.404  10.047  6.702 0.1111110002
51298  -0.935  1.747  54.708 0.1111110002
50307  -1.429  1.066  54.411 0.1111110002
51299  -1.985  1.825  54.655 0.1111110002
50308  -2.403  1.262  54.215 0.1111110002
49383  -0.878  0.191  54.285 0.1111110002
50316  -2.104  0.405  53.973 0.1111110002
59779  28.034  9.681  34.735 0.1111110002
60680  28.148  10.342  34.881 0.1111110002
61595  28.752  11.437  34.575 0.1111110002
59770  28.536  9.946  35.360 0.1111110002
108299  27.900  10.707  34.141 0.1111110002
113084  27.684  10.001  34.411 0.1111110002
58943  39.560  8.173  24.899 0.1111110002
61629  28.195  11.456  32.853 0.1111110002
58942  40.411  8.321  24.601 0.1111110002
58951  40.490  8.801  23.740 0.1111110002
114317  41.088  8.472  24.310 0.1111110002
49392  -2.365  -0.417  53.619 0.1111110002
50306  -0.309  0.882  54.558 0.1111110002
108451  -2.978  -1.975  52.924 0.1111110002
61801  43.935  10.904  18.608 0.1111110002
62719  44.004  10.857  18.094 0.1111110002
59194  55.971  8.748  2.707 0.1111110002
60124  56.644  8.615  1.791 0.1111110002
61973  62.940  11.306  3.805 0.1111110002
62904  62.327  11.704  3.670 0.1111110002
58214  61.874  8.320  2.504 0.1111110002
61997  62.148  10.795  2.953 0.1111110002
62918  61.711  12.156  3.486 0.1111110002
60135  60.983  9.596  2.330 0.1111110002
59203  59.941  8.788  2.378 0.1111110002
59192  57.747  8.789  2.860 0.1111110002
115299  57.407  8.685  2.105 0.1111110002
60125  55.772  8.980  2.175 0.1111110002
60126  54.758  9.169  2.637 0.1111110002
60136  60.158  9.410  2.244 0.1111110002
60137  59.216  9.377  2.659 0.1111110002
111860  58.035  9.189  2.728 0.1111110002
59206  57.095  8.685  1.647 0.1111110002
62877  62.914  12.387  5.111 0.1111110002
62891  62.658  12.126  4.293 0.1111110002
63796  62.473  12.553  4.729 0.1111110002
62892  62.265  12.419  4.375 0.1111110002
60134  61.703  9.633  2.451 0.1111110002
61038  62.122  10.421  2.735 0.1111110002
61984  62.101  11.307  3.188 0.1111110002
63818  61.068  13.207  2.930 0.1111110002
60127  53.838  9.687  2.624 0.1111110002
61039  61.895  10.176  2.562 0.1111110002
62934  61.505  11.714  2.942 0.1111110002
62919  61.008  12.771  2.583 0.1111110002
59205  57.503  9.012  2.017 0.1111110002
61044  57.214  9.348  1.828 0.1111110002
61041  60.484  10.176  2.261 0.1111110002
101653  58.975  10.691  2.506 0.1111110002
63809  61.659  12.625  3.892 0.1111110002
61040  61.324  10.218  2.397 0.1111110002
61999  61.466  11.252  2.645 0.1111110002
106253  60.736  10.911  2.289 0.1111110002
62936  60.541  12.573  1.726 0.1111110002
105239  59.953  10.910  2.205 0.1111110002
61983  62.406  10.995  3.223 0.1111110002
61024  63.072  10.294  3.384 0.1111110002
62905  62.186  12.199  4.044 0.1111110002
58215  60.797  8.400  2.537 0.1111110002
59204  59.002  8.970  3.016 0.1111110002
60140  55.402  9.557  1.624 0.1111110002
61043  58.287  9.727  2.664 0.1111110002
61042  59.579  10.056  2.404 0.1111110002
61966  63.071  11.514  4.649 0.1111110002
59209  61.922  9.516  2.471 0.1111110002
108605  61.263  14.162  2.370 0.1111110002
63810  61.026  13.603  3.165 0.1111110002
62000  60.803  11.596  2.301 0.1111110002
62935  60.876  12.212  2.332 0.1111110002
44064  -0.492  -5.860  56.304 0.4444440007
44074  1.233  -4.905  55.598 0.4444440007
44076  -0.144  -5.669  55.678 0.4444440007
45139  -3.993  -4.020  58.331 0.1111110002
45149  -3.970  -4.058  57.518 0.1111110002
45150  -4.262  -4.417  58.040 0.1111110002
45163  1.097  -4.307  56.578 0.2222220004
45172  1.418  -4.703  55.974 0.4444440007
45174  3.081  -4.383  54.417 0.4444440007
46181  -4.077  -3.245  58.270 0.1111110002
46190  -3.927  -3.115  57.622 0.1111110002
46191  -4.345  -3.356  57.981 0.1111110002
47258  -2.528  -2.176  58.985 0.1111110002
47263  -2.134  -1.366  58.729 0.1111110002
47264  -2.822  -2.437  58.673 0.1111110002
47271  -3.271  -2.821  58.426 0.1111110002
47280  2.269  -2.967  56.781 0.1111110002
52508  3.978  2.586  50.969 0.3333329856
52785  25.467  1.988  33.073 0.7777780294
54759  10.769  4.218  50.139 0.1111110002
56090  30.815  5.544  24.284 1.0000000000
56103  33.407  5.682  23.768 0.8888890147
56933  35.965  6.680  34.915 0.2222220004
57029  35.510  6.671  26.145 0.4444440007
57048  31.510  5.992  25.718 0.8888890147
57052  27.691  6.212  25.846 1.0000000000
59199  62.455  9.103  2.409 0.1111110002
59200  62.264  8.992  2.423 0.1111110002
59201  62.007  8.912  2.434 0.1111110002
59202  60.624  9.014  2.287 0.1111110002
59210  61.824  9.522  2.469 0.1111110002
59819  33.923  9.484  31.781 0.2222220004
60133  61.937  9.972  2.554 0.1111110002
60770  26.612  9.732  27.964 0.8888890147
61030  62.398  10.370  2.859 0.1111110002
61998  62.042  10.913  2.900 0.1111110002
62001  60.263  11.753  1.938 0.1111110002
65503  60.667  15.513  0.800 0.1111110002
66320  60.786  16.239  1.015 0.1111110002
67078  59.872  16.950  0.649 0.1111110002
96135  58.625  18.642  9.469 0.1111110002
98628  21.546  4.959  53.543 0.1111110002
99252  -3.440  -3.062  58.452 0.1111110002
100500  61.336  8.977  2.380 0.1111110002
104054  61.457  10.769  2.505 0.1111110002
105910  61.967  10.659  2.718 0.1111110002
113795  23.327  3.047  33.339 0.7777780294
114398  36.887  12.202  16.299 0.6666669846
114402  39.126  8.335  27.490 0.1111110002
115239  3.211  2.366  52.190 0.4444440007
117157  7.165  1.851  53.596 0.1111110002
