#!ascii label  , from subject sub-v1s20x0050318_ses-1 vox2ras=TkReg
2720
29281  12.046  -43.256  40.500 0.1111110002
29271  11.564  -43.811  40.878 0.1111110002
28380  10.541  -44.987  40.599 0.2222220004
27422  9.972  -45.249  40.068 0.4444440007
31800  15.101  -40.393  42.657 0.1111110002
124440  13.631  -41.741  41.773 0.1111110002
30109  12.568  -42.697  40.958 0.1111110002
124750  15.020  -40.456  41.490 0.1111110002
30949  14.162  -41.252  41.842 0.1111110002
30098  13.202  -42.140  41.278 0.1111110002
32687  16.575  -39.180  41.652 0.2222220004
32688  15.921  -39.626  41.343 0.2222220004
31811  14.675  -40.872  41.021 0.1111110002
110716  13.899  -41.560  41.121 0.1111110002
29282  11.552  -43.898  39.977 0.3333329856
28391  10.105  -44.701  39.405 0.4444440007
27411  9.290  -45.697  40.558 0.4444440007
27423  9.351  -45.198  39.932 0.4444440007
27412  8.398  -45.879  40.647 0.4444440007
27413  7.338  -46.276  40.821 0.2222220004
29290  11.967  -43.265  39.618 0.1111110002
126510  15.746  -39.603  39.788 0.2222220004
111073  15.307  -40.195  41.099 0.2222220004
30955  14.084  -41.303  40.310 0.2222220004
30119  13.027  -42.184  39.852 0.1111110002
32707  16.578  -38.924  39.243 0.2222220004
31833  15.274  -40.040  39.668 0.2222220004
31821  15.116  -40.306  40.439 0.2222220004
28402  10.645  -44.119  38.886 0.4444440007
33548  16.974  -38.571  38.563 0.2222220004
28393  9.137  -44.160  39.346 0.4444440007
27424  8.640  -45.001  40.097 0.4444440007
29292  8.572  -44.351  40.084 0.4444440007
28381  7.693  -45.681  40.852 0.3333329856
28382  6.909  -45.333  41.027 0.2222220004
28383  6.491  -45.174  40.751 0.3333329856
27432  6.575  -45.777  38.886 0.2222220004
30120  12.522  -42.730  40.121 0.1111110002
29300  11.764  -43.192  38.788 0.4444440007
32708  15.857  -39.487  39.165 0.2222220004
31844  15.221  -39.979  38.697 0.2222220004
30968  14.084  -41.012  38.689 0.2222220004
30129  13.116  -41.965  38.993 0.2222220004
30130  11.423  -43.026  38.189 0.4444440007
124815  18.096  -37.821  37.445 0.2222220004
33557  17.416  -38.156  37.830 0.2222220004
32715  16.236  -38.999  38.511 0.2222220004
31845  14.545  -40.433  38.219 0.3333329856
31846  13.801  -40.874  37.875 0.3333329856
30970  12.680  -41.911  38.137 0.3333329856
29312  9.999  -43.328  38.272 0.5555559993
29291  8.972  -43.527  39.650 0.5555559993
34405  18.373  -37.602  36.771 0.2222220004
108423  16.815  -38.260  37.089 0.2222220004
32727  15.833  -39.036  37.818 0.2222220004
32728  14.917  -39.230  36.720 0.3333329856
30131  9.714  -42.709  38.351 0.5555559993
109474  17.781  -37.678  36.286 0.4444440007
109303  8.345  -44.025  40.722 0.4444440007
29283  7.454  -44.338  41.885 0.4444440007
34413  19.096  -37.199  35.699 0.2222220004
27441  6.873  -45.227  37.875 0.1111110002
113500  12.093  -42.563  38.304 0.4444440007
30141  11.354  -42.430  37.722 0.5555559993
31855  14.173  -40.255  37.373 0.3333329856
31856  13.365  -40.649  37.104 0.3333329856
123238  11.635  -41.811  37.419 0.5555559993
30143  9.999  -42.128  37.939 0.5555559993
33559  16.078  -38.658  37.170 0.3333329856
33575  15.540  -38.759  36.510 0.2222220004
110384  14.419  -39.738  36.874 0.3333329856
31862  12.825  -40.265  36.498 0.5555559993
31864  11.191  -40.399  36.788 0.5555559993
30963  9.487  -41.841  39.385 0.6666669846
30110  9.019  -42.826  40.247 0.5555559993
117439  16.245  -38.349  36.390 0.3333329856
33576  14.784  -38.786  35.907 0.3333329856
32739  14.045  -39.330  36.122 0.5555559993
33591  12.393  -38.474  35.535 0.6666669846
30111  8.370  -43.563  41.618 0.6666669846
106095  7.630  -43.734  42.287 0.5555559993
113790  19.991  -37.021  35.522 0.3333329856
35292  17.546  -37.432  35.490 0.4444440007
29304  6.807  -43.701  38.423 0.1111110002
35309  20.005  -36.278  34.778 0.6666669846
119518  19.188  -36.704  34.943 0.3333329856
29285  6.321  -44.189  40.826 0.2222220004
30133  6.658  -43.194  39.077 0.2222220004
30992  10.827  -41.044  37.190 0.5555559993
30981  9.977  -41.378  37.997 0.5555559993
32742  11.534  -39.696  36.443 0.5555559993
32729  10.611  -39.429  37.488 0.5555559993
31847  10.038  -40.359  38.945 0.5555559993
107065  15.999  -37.616  34.932 0.5555559993
34417  14.378  -37.769  34.775 0.6666669846
33590  13.103  -38.224  35.069 0.6666669846
33577  11.330  -38.453  36.406 0.5555559993
33550  10.706  -38.813  38.218 0.7777780294
31848  9.804  -41.154  38.704 0.7777780294
31824  9.851  -40.885  40.359 0.6666669846
30100  8.406  -43.023  42.385 0.5555559993
34430  15.207  -37.014  34.503 0.7777780294
35293  13.352  -36.455  35.075 0.8888890147
30951  9.453  -41.731  41.482 0.6666669846
29274  6.195  -43.815  41.883 0.4444440007
35308  20.685  -36.020  34.679 0.6666669846
124658  17.627  -36.223  34.319 0.7777780294
36145  16.240  -35.749  34.121 0.7777780294
30123  6.422  -43.198  40.001 0.2222220004
35294  12.646  -36.802  35.420 0.8888890147
35295  11.965  -37.165  35.859 0.7777780294
34406  11.483  -37.544  36.553 0.8888890147
36146  15.367  -35.227  34.242 0.8888890147
36148  13.892  -36.154  34.759 0.8888890147
35275  12.330  -36.364  36.162 0.8888890147
35260  11.695  -36.861  37.170 0.8888890147
110071  19.119  -35.857  34.230 0.6666669846
120977  17.637  -35.201  33.813 0.7777780294
36125  13.581  -35.599  35.213 0.8888890147
36126  12.965  -36.068  35.644 0.8888890147
36158  21.636  -35.243  33.768 0.6666669846
36161  19.453  -35.115  33.753 0.6666669846
36162  18.494  -35.015  33.671 0.7777780294
36993  14.798  -34.559  34.738 0.8888890147
36124  14.066  -34.915  35.106 0.8888890147
36110  13.172  -35.330  36.586 0.7777780294
36163  17.632  -34.576  33.641 0.7777780294
36165  16.108  -35.000  34.045 0.8888890147
115196  13.200  -35.499  35.897 0.8888890147
37008  22.055  -34.723  33.182 0.7777780294
124365  20.573  -34.237  33.164 0.7777780294
37010  19.272  -34.401  33.413 0.7777780294
37006  24.492  -34.623  33.082 0.7777780294
37007  22.928  -34.627  32.939 0.7777780294
37026  21.619  -34.218  32.819 0.7777780294
36977  14.367  -34.376  35.530 0.8888890147
36961  14.255  -34.299  36.489 0.6666669846
37882  16.841  -33.637  33.899 0.8888890147
37867  15.402  -33.901  34.760 0.8888890147
37853  15.472  -33.469  35.503 0.7777780294
120804  19.194  -33.676  33.227 0.7777780294
37011  18.328  -33.985  33.365 0.8888890147
37003  26.863  -33.802  33.464 0.5555559993
124675  26.331  -34.012  33.195 0.5555559993
37023  25.139  -34.367  32.852 0.7777780294
37037  23.803  -33.789  31.707 0.7777780294
37913  22.839  -33.559  31.568 0.7777780294
37894  26.354  -33.698  32.660 0.6666669846
37912  24.933  -33.632  31.528 0.7777780294
38891  23.315  -33.218  30.987 0.7777780294
41858  30.319  -29.143  34.767 0.3333329856
106068  30.254  -28.625  33.980 0.4444440007
37881  17.723  -33.122  33.592 0.8888890147
37865  17.033  -32.785  34.202 0.8888890147
37866  16.412  -33.178  34.517 0.8888890147
37877  28.003  -33.001  33.859 0.4444440007
37878  27.536  -33.623  34.106 0.3333329856
124327  20.290  -33.402  32.878 0.7777780294
38861  18.350  -32.351  33.546 0.8888890147
38851  17.198  -32.120  34.804 0.8888890147
124562  27.472  -33.292  33.474 0.4444440007
124001  22.597  -33.027  31.087 0.7777780294
37914  22.022  -33.166  31.645 0.8888890147
37893  27.137  -33.230  32.852 0.6666669846
37910  25.922  -33.463  31.783 0.7777780294
37921  24.991  -33.135  30.735 0.7777780294
37922  24.189  -33.233  30.922 0.7777780294
38873  26.749  -33.072  32.056 0.7777780294
38889  26.304  -32.868  31.119 0.7777780294
38890  25.620  -32.904  30.654 0.7777780294
40869  30.142  -30.114  34.842 0.3333329856
39884  29.971  -30.923  35.190 0.2222220004
39871  29.695  -31.789  35.352 0.3333329856
40870  29.754  -30.671  34.276 0.3333329856
43995  30.621  -27.104  33.540 0.4444440007
42899  30.163  -27.971  33.325 0.4444440007
38849  29.183  -32.224  34.809 0.3333329856
39896  28.963  -31.955  34.025 0.4444440007
39873  17.645  -31.495  35.323 0.7777780294
38843  17.138  -32.026  35.731 0.7777780294
38834  16.536  -32.519  36.192 0.6666669846
44006  30.344  -27.242  32.717 0.5555559993
38858  28.394  -32.391  33.544 0.5555559993
108295  28.756  -31.729  33.223 0.5555559993
38875  20.170  -32.191  32.727 0.8888890147
38876  19.544  -32.023  33.087 0.8888890147
39900  18.212  -31.684  33.920 0.7777780294
44015  30.703  -26.703  31.992 0.5555559993
38859  27.780  -32.788  33.145 0.6666669846
39908  28.549  -31.515  32.413 0.6666669846
38893  21.498  -32.328  31.710 0.8888890147
38872  27.495  -32.631  32.389 0.7777780294
39918  27.909  -32.004  31.967 0.6666669846
38903  24.449  -32.707  30.169 0.7777780294
38904  23.632  -32.296  29.932 0.8888890147
38905  22.904  -32.497  30.525 0.7777780294
38892  22.127  -32.399  31.092 0.8888890147
38888  27.205  -32.481  31.540 0.7777780294
38900  26.917  -32.247  30.658 0.7777780294
38901  26.005  -32.430  30.101 0.7777780294
38922  25.148  -32.330  29.730 0.7777780294
40887  30.020  -29.741  33.924 0.3333329856
42900  29.856  -28.367  32.415 0.4444440007
127141  29.782  -29.840  33.119 0.5555559993
40888  29.596  -30.483  33.424 0.5555559993
39895  29.290  -31.224  33.736 0.4444440007
40872  19.224  -30.354  34.531 0.7777780294
41887  29.664  -29.481  32.487 0.5555559993
39907  29.142  -31.037  32.898 0.5555559993
39910  20.482  -31.306  32.575 0.8888890147
40891  19.394  -30.736  33.743 0.7777780294
123967  18.557  -30.989  34.279 0.7777780294
45095  30.717  -26.604  31.065 0.5555559993
44016  29.996  -27.410  31.881 0.5555559993
42921  29.617  -28.286  31.476 0.5555559993
41924  29.320  -29.043  30.920 0.5555559993
40924  29.285  -30.007  31.866 0.5555559993
40908  28.963  -30.790  32.065 0.5555559993
39920  21.718  -31.534  31.336 0.8888890147
39909  21.172  -31.442  31.978 0.8888890147
39911  19.950  -31.553  32.962 0.8888890147
45105  31.248  -26.607  30.605 0.5555559993
126313  30.253  -26.715  30.634 0.6666669846
44028  29.726  -27.239  30.444 0.6666669846
42952  29.190  -28.013  29.749 0.6666669846
40938  28.351  -30.451  30.115 0.7777780294
39917  28.366  -31.338  31.539 0.7777780294
39929  22.980  -31.659  30.029 0.8888890147
39919  22.309  -31.591  30.668 0.8888890147
45129  31.769  -26.678  28.995 0.6666669846
45116  31.113  -26.457  29.728 0.6666669846
45107  29.989  -26.661  29.948 0.6666669846
44040  29.487  -27.195  29.405 0.6666669846
41945  28.481  -29.730  29.401 0.7777780294
40947  28.015  -30.459  29.328 0.7777780294
39939  27.030  -31.449  29.462 0.7777780294
39956  25.845  -31.094  28.662 0.7777780294
39942  24.311  -31.249  29.050 0.7777780294
42972  36.810  -29.020  28.023 0.5555559993
105542  35.933  -28.854  28.115 0.5555559993
42992  35.349  -28.493  27.344 0.7777780294
44053  33.964  -27.980  27.503 0.6666669846
44054  33.342  -27.693  27.983 0.6666669846
125185  32.035  -26.712  28.310 0.6666669846
45130  30.907  -26.202  28.593 0.6666669846
45131  30.112  -26.134  28.331 0.7777780294
44068  33.426  -27.517  26.989 0.7777780294
45146  32.223  -26.711  27.563 0.6666669846
45147  31.663  -26.055  27.150 0.7777780294
41876  20.856  -29.663  34.006 0.8888890147
40911  20.478  -30.527  32.933 0.8888890147
40890  20.176  -30.215  33.585 0.7777780294
40927  21.498  -30.783  31.713 0.8888890147
40910  21.054  -30.465  32.376 0.8888890147
42934  28.996  -28.927  30.049 0.6666669846
42953  28.709  -28.770  29.031 0.7777780294
40941  22.608  -30.678  30.366 0.8888890147
42970  38.756  -29.055  27.990 0.5555559993
42990  37.273  -28.760  27.254 0.5555559993
44056  29.184  -27.130  28.280 0.7777780294
41961  28.143  -29.311  28.426 0.7777780294
41962  27.376  -29.533  28.148 0.7777780294
40962  26.519  -30.569  28.488 0.7777780294
40964  24.944  -29.951  28.570 0.8888890147
40950  24.268  -30.384  28.914 0.8888890147
42991  36.350  -28.672  27.306 0.5555559993
43009  35.929  -28.308  26.535 0.8888890147
44066  35.197  -28.091  26.489 0.8888890147
44086  33.981  -27.557  26.350 0.8888890147
117500  31.567  -26.363  28.078 0.6666669846
46199  30.428  -25.702  27.718 0.7777780294
45132  29.368  -26.417  27.774 0.8888890147
45148  28.741  -25.945  27.030 0.8888890147
126960  27.840  -28.391  27.583 0.8888890147
42977  26.305  -28.837  28.176 0.8888890147
41964  25.664  -29.439  28.399 0.8888890147
44085  34.694  -27.627  26.004 0.8888890147
119571  32.192  -26.360  26.668 0.8888890147
46216  31.293  -25.270  26.822 0.8888890147
46217  30.387  -24.870  26.999 0.8888890147
45158  33.346  -26.978  25.998 0.8888890147
45170  32.623  -26.185  25.830 0.8888890147
45159  31.893  -25.692  26.333 0.8888890147
122543  21.402  -29.578  33.606 0.8888890147
41889  22.881  -29.340  32.167 0.8888890147
115639  22.286  -29.479  32.786 0.8888890147
41927  23.390  -29.479  30.224 0.8888890147
41906  23.184  -29.321  31.140 0.8888890147
42989  38.253  -28.707  27.218 0.6666669846
45133  28.488  -26.909  27.329 0.8888890147
120776  28.606  -27.696  27.841 0.8888890147
41947  24.992  -29.105  28.830 0.8888890147
42955  24.553  -28.873  29.458 0.8888890147
43006  38.644  -28.267  26.407 0.8888890147
43007  37.696  -28.403  26.465 0.8888890147
43008  36.790  -28.441  26.524 0.8888890147
44084  35.558  -27.731  25.697 0.8888890147
46218  29.145  -25.130  26.950 0.8888890147
45150  27.418  -26.507  27.169 0.8888890147
44058  26.559  -27.377  27.894 0.7777780294
42978  25.709  -28.615  28.673 0.7777780294
44081  38.007  -27.988  25.639 0.8888890147
44082  37.117  -28.079  25.730 0.8888890147
45168  34.659  -26.275  24.731 0.8888890147
47271  32.688  -24.715  25.450 0.7777780294
47247  32.055  -24.244  25.868 0.7777780294
47248  31.351  -24.176  26.444 0.8888890147
47223  30.243  -24.028  26.958 0.8888890147
45169  33.542  -26.243  25.191 0.8888890147
46233  32.258  -25.202  25.711 0.8888890147
41874  23.073  -29.253  33.421 0.7777780294
41862  22.728  -29.411  34.416 0.4444440007
115376  24.369  -28.594  31.882 0.7777780294
41888  23.795  -28.968  31.981 0.8888890147
42985  41.488  -28.268  27.639 0.4444440007
42986  40.886  -28.504  27.739 0.5555559993
42987  40.249  -28.547  27.522 0.5555559993
41926  23.979  -29.099  29.837 0.8888890147
41905  24.003  -28.879  30.963 0.8888890147
44065  40.854  -28.117  27.015 0.5555559993
45119  26.115  -26.828  29.455 0.7777780294
44029  25.641  -27.505  30.089 0.7777780294
42935  25.139  -27.959  30.666 0.7777780294
44079  40.272  -27.836  26.287 0.7777780294
43005  39.510  -28.064  26.306 0.8888890147
47224  29.493  -24.408  27.009 0.8888890147
47226  27.834  -24.967  27.131 0.8888890147
46201  27.199  -25.329  27.587 0.7777780294
46202  26.727  -25.864  28.042 0.7777780294
44042  25.881  -27.815  29.131 0.7777780294
44080  38.865  -27.800  25.547 0.8888890147
44099  38.220  -27.509  24.827 0.8888890147
44117  36.159  -26.876  24.574 0.8888890147
45181  35.672  -26.322  24.531 0.7777780294
46248  33.865  -25.402  24.844 0.7777780294
47245  33.668  -23.957  25.587 0.7777780294
48176  32.411  -23.437  26.207 0.7777780294
48177  31.663  -23.568  26.511 0.7777780294
48162  30.397  -23.444  27.458 0.7777780294
48163  29.711  -23.842  27.288 0.7777780294
48164  28.932  -23.882  27.432 0.8888890147
46249  33.011  -25.415  25.247 0.7777780294
42912  24.440  -28.677  32.798 0.5555559993
41873  24.140  -29.031  33.744 0.4444440007
44052  42.997  -27.625  27.983 0.2222220004
42966  42.200  -28.405  28.268 0.3333329856
108189  23.707  -29.050  32.830 0.6666669846
44064  42.151  -27.825  27.462 0.2222220004
120093  41.539  -27.886  27.121 0.5555559993
116049  25.176  -27.748  31.617 0.4444440007
42922  24.690  -28.317  31.297 0.6666669846
44077  41.904  -27.442  26.802 0.6666669846
111369  40.887  -27.636  26.354 0.6666669846
45109  25.936  -26.727  30.555 0.6666669846
44017  25.537  -27.273  31.033 0.7777780294
105307  39.691  -27.535  25.468 0.8888890147
48143  27.843  -23.908  28.472 0.7777780294
47207  26.900  -25.055  28.504 0.7777780294
47195  26.828  -24.843  29.522 0.6666669846
109240  26.286  -26.004  30.203 0.6666669846
44098  38.967  -27.260  24.644 0.8888890147
44114  38.316  -26.951  24.263 0.8888890147
45179  37.237  -26.334  24.212 0.8888890147
46261  36.070  -25.719  24.571 0.7777780294
46232  35.651  -25.064  24.864 0.7777780294
113017  34.542  -24.021  25.877 0.7777780294
48174  34.005  -23.487  26.540 0.7777780294
116407  32.742  -22.980  26.748 0.7777780294
48161  31.272  -23.147  27.181 0.7777780294
49007  30.911  -22.845  27.961 0.7777780294
113156  28.951  -23.381  28.315 0.6666669846
48057  31.599  -23.909  34.679 0.3333329856
106376  30.973  -24.057  35.202 0.2222220004
48048  28.822  -23.981  35.283 0.1111110002
47125  27.595  -24.576  35.463 0.1111110002
46122  26.503  -25.805  34.683 0.1111110002
45067  26.087  -26.555  34.436 0.2222220004
48054  34.650  -22.920  34.312 0.1111110002
48055  33.740  -22.998  33.932 0.3333329856
124790  31.510  -23.774  33.999 0.3333329856
48073  30.297  -23.550  33.583 0.2222220004
48074  29.416  -23.601  33.683 0.2222220004
48061  28.006  -23.999  33.672 0.2222220004
47145  26.933  -24.952  32.969 0.1111110002
115398  26.153  -26.098  32.994 0.2222220004
43997  25.506  -27.445  33.339 0.2222220004
42901  25.080  -28.130  33.091 0.3333329856
42902  24.849  -28.579  33.738 0.2222220004
45128  44.009  -26.523  28.258 0.2222220004
122301  35.335  -23.142  33.088 0.1111110002
48070  33.784  -22.864  33.026 0.2222220004
110784  31.893  -23.328  33.492 0.3333329856
48072  31.103  -23.475  33.510 0.2222220004
48087  29.199  -23.281  32.762 0.2222220004
48076  27.910  -23.918  32.884 0.2222220004
126696  26.566  -25.513  33.250 0.2222220004
45089  25.730  -26.852  32.730 0.3333329856
44007  25.315  -27.593  32.490 0.3333329856
46209  44.181  -25.365  27.611 0.3333329856
45143  43.309  -26.192  27.127 0.4444440007
45144  42.733  -27.043  27.098 0.4444440007
47165  36.622  -24.062  31.467 0.1111110002
48097  35.388  -23.434  31.734 0.2222220004
107147  33.822  -22.881  32.125 0.2222220004
48920  32.951  -22.603  31.908 0.3333329856
48922  30.995  -22.736  32.092 0.2222220004
48924  29.036  -23.088  31.892 0.2222220004
48089  27.778  -23.877  31.913 0.2222220004
108042  27.246  -24.401  31.795 0.2222220004
46159  26.479  -25.454  31.672 0.3333329856
115755  25.587  -27.067  31.884 0.4444440007
46227  43.232  -25.647  26.650 0.4444440007
45156  42.724  -26.201  26.500 0.5555559993
44096  41.419  -27.129  26.104 0.6666669846
120780  37.686  -24.932  28.360 0.5555559993
46184  37.045  -24.685  28.732 0.4444440007
110187  36.020  -24.254  29.530 0.4444440007
48122  34.984  -23.713  30.131 0.4444440007
48109  33.691  -22.936  30.342 0.4444440007
48940  33.055  -22.525  30.902 0.5555559993
110272  30.690  -22.437  30.435 0.4444440007
48943  29.595  -22.811  31.154 0.4444440007
48110  28.324  -23.287  30.768 0.3333329856
47183  26.861  -24.731  30.469 0.5555559993
46172  26.518  -25.373  30.820 0.5555559993
45096  25.833  -26.661  31.335 0.6666669846
45164  42.006  -26.220  25.680 0.6666669846
44097  40.548  -27.298  25.616 0.7777780294
107046  37.758  -25.018  26.723 0.7777780294
46197  37.187  -24.738  27.935 0.6666669846
47203  35.630  -24.190  27.854 0.6666669846
47192  35.458  -23.987  29.664 0.5555559993
48124  33.600  -22.933  29.401 0.6666669846
48977  32.877  -22.613  29.025 0.6666669846
48979  31.102  -22.368  29.545 0.5555559993
48981  29.488  -22.903  29.486 0.5555559993
48125  28.307  -23.297  29.927 0.4444440007
47182  27.261  -24.177  29.988 0.4444440007
111992  26.564  -25.317  30.044 0.5555559993
46242  42.119  -25.410  24.926 0.7777780294
46243  41.469  -25.958  24.733 0.7777780294
45165  41.038  -26.623  25.083 0.8888890147
45167  38.762  -26.504  23.942 0.8888890147
45178  37.982  -26.331  24.020 0.8888890147
46245  37.332  -25.384  24.614 0.7777780294
46231  36.360  -24.837  25.683 0.7777780294
124865  35.906  -24.428  27.261 0.7777780294
47222  34.810  -23.880  27.165 0.6666669846
48158  34.164  -23.373  27.742 0.6666669846
48991  32.635  -22.713  27.629 0.7777780294
48993  31.435  -22.526  28.659 0.7777780294
106075  30.643  -22.692  28.824 0.5555559993
45177  40.658  -26.063  24.118 0.8888890147
123368  39.896  -25.987  23.599 0.8888890147
115081  39.238  -25.963  23.537 0.8888890147
46194  44.491  -25.732  28.290 0.1111110002
46210  43.692  -25.493  27.144 0.4444440007
120771  42.819  -25.357  25.903 0.4444440007
47264  43.313  -24.398  25.856 0.5555559993
46213  38.709  -25.151  27.118 0.7777780294
46244  38.133  -25.348  24.280 0.7777780294
47267  38.828  -24.819  24.978 0.7777780294
46254  42.059  -24.773  24.347 0.8888890147
46256  40.265  -25.434  23.361 0.8888890147
46257  39.624  -25.501  23.285 0.8888890147
47286  38.831  -24.923  23.774 0.8888890147
106021  44.721  -24.743  27.857 0.2222220004
119658  44.485  -24.013  27.228 0.4444440007
47218  44.080  -24.799  27.160 0.4444440007
111389  39.548  -25.478  27.723 0.3333329856
111444  43.886  -24.147  26.573 0.4444440007
46211  40.519  -25.065  27.345 0.5555559993
46212  39.837  -25.149  26.877 0.6666669846
47243  40.077  -24.644  26.007 0.5555559993
48186  43.095  -23.778  25.166 0.6666669846
47265  42.680  -24.627  25.075 0.6666669846
47242  40.437  -24.082  25.889 0.6666669846
47283  42.398  -23.934  24.292 0.6666669846
47284  41.566  -24.432  23.564 0.8888890147
47298  40.639  -24.720  23.068 0.8888890147
47299  39.803  -24.771  23.019 0.8888890147
47285  39.464  -24.381  23.286 0.7777780294
48188  39.574  -23.513  24.148 1.0000000000
47297  40.995  -23.975  22.831 0.8888890147
48205  40.333  -23.369  22.664 1.0000000000
118118  40.269  -24.175  22.772 1.0000000000
48197  39.539  -23.572  23.106 1.0000000000
47178  41.900  -24.865  29.438 0.2222220004
48155  45.407  -23.295  28.027 0.2222220004
47189  41.556  -24.847  28.527 0.3333329856
47217  45.017  -23.888  27.762 0.2222220004
46181  40.928  -25.997  28.961 0.3333329856
47201  41.172  -24.640  27.717 0.4444440007
48171  44.303  -23.272  26.673 0.3333329856
115365  39.237  -25.939  28.478 0.3333329856
46195  40.497  -25.629  28.181 0.3333329856
115577  41.241  -23.894  27.396 0.4444440007
47219  40.819  -24.298  26.805 0.5555559993
48172  43.645  -23.419  25.878 0.5555559993
48173  40.763  -23.630  26.328 0.6666669846
49025  39.927  -23.005  25.287 0.8888890147
49026  39.128  -22.657  24.944 1.0000000000
49023  42.927  -23.055  24.698 0.7777780294
48196  41.780  -23.600  23.393 0.8888890147
49034  39.387  -22.874  23.749 1.0000000000
48203  41.915  -22.814  23.377 1.0000000000
48204  41.225  -23.162  22.802 1.0000000000
48206  39.794  -23.899  22.888 1.0000000000
47163  42.408  -24.469  30.898 0.1111110002
46154  42.588  -25.839  30.675 0.2222220004
47164  42.213  -25.404  30.026 0.2222220004
48139  41.279  -23.734  28.228 0.4444440007
48988  41.006  -23.260  27.559 0.6666669846
49002  40.643  -23.002  27.013 0.6666669846
49001  45.260  -22.516  27.701 0.2222220004
49012  44.636  -22.343  26.981 0.3333329856
49815  44.539  -21.484  27.084 0.3333329856
48157  41.026  -23.526  26.893 0.6666669846
49024  40.523  -23.226  26.113 0.6666669846
49015  40.347  -22.945  26.382 0.6666669846
48156  44.899  -23.215  27.363 0.2222220004
49014  40.766  -23.231  26.543 0.6666669846
49016  39.601  -22.712  26.045 0.8888890147
49816  44.146  -21.680  26.490 0.5555559993
49013  43.999  -22.516  26.170 0.6666669846
126856  38.742  -22.494  25.816 1.0000000000
49823  43.562  -21.754  25.710 0.8888890147
49022  43.456  -22.675  25.413 0.8888890147
49033  42.463  -22.492  24.118 1.0000000000
49035  38.514  -22.335  23.925 1.0000000000
115769  42.363  -23.180  23.922 0.7777780294
49041  41.318  -22.365  22.973 1.0000000000
119973  40.678  -22.658  22.653 1.0000000000
107195  38.975  -22.277  23.151 1.0000000000
48095  41.722  -23.579  31.351 0.1111110002
47177  41.899  -24.111  30.436 0.2222220004
48106  41.553  -23.710  29.992 0.2222220004
48096  41.205  -23.314  30.804 0.3333329856
48121  41.417  -23.792  29.213 0.3333329856
126801  40.798  -22.997  28.243 0.6666669846
48989  40.283  -22.815  27.815 0.6666669846
49003  39.742  -22.651  27.110 0.6666669846
50638  44.507  -20.799  27.698 0.2222220004
49004  38.806  -22.448  26.696 0.6666669846
50639  43.620  -20.182  27.549 0.2222220004
50651  44.069  -20.897  26.909 0.3333329856
111261  43.712  -21.102  26.310 0.6666669846
50653  42.561  -20.109  26.391 0.7777780294
49017  37.913  -22.255  26.259 1.0000000000
50664  43.130  -20.848  25.945 0.8888890147
50665  42.419  -20.492  25.602 1.0000000000
49824  42.850  -21.304  25.172 1.0000000000
50674  42.166  -20.824  24.760 1.0000000000
111228  37.034  -21.965  25.755 1.0000000000
49830  42.408  -21.686  24.387 1.0000000000
49831  41.725  -21.260  23.978 1.0000000000
50686  40.937  -21.026  23.559 1.0000000000
49849  39.849  -22.022  22.739 1.0000000000
49043  39.461  -22.193  22.878 1.0000000000
49044  38.223  -21.866  23.366 1.0000000000
49036  37.599  -21.966  23.960 1.0000000000
48918  41.653  -23.009  32.227 0.1111110002
48937  41.114  -22.842  31.641 0.2222220004
48938  40.580  -22.657  31.060 0.2222220004
49789  39.434  -21.685  31.127 0.1111110002
49798  39.294  -22.040  30.243 0.2222220004
48957  40.857  -22.976  30.021 0.3333329856
48976  39.174  -22.262  29.371 0.4444440007
116578  40.047  -22.691  28.722 0.6666669846
48990  39.165  -22.401  28.288 0.5555559993
49806  38.214  -21.873  29.193 0.5555559993
121513  38.720  -22.371  27.517 0.6666669846
49005  37.926  -22.167  27.232 0.7777780294
51511  42.640  -19.849  26.925 0.5555559993
49817  37.112  -21.861  26.819 1.0000000000
51526  41.765  -19.739  26.175 0.6666669846
50666  41.709  -20.184  25.375 0.6666669846
50675  41.176  -20.392  24.607 0.7777780294
51545  40.120  -19.660  24.898 0.8888890147
50676  39.705  -20.181  24.055 1.0000000000
50688  39.200  -20.606  23.482 1.0000000000
49818  36.386  -21.372  26.337 1.0000000000
50687  40.080  -20.890  23.330 1.0000000000
49840  39.490  -21.492  22.990 1.0000000000
49841  38.634  -21.564  23.175 1.0000000000
49842  37.603  -21.240  23.376 1.0000000000
49832  36.881  -21.456  23.911 1.0000000000
49826  36.295  -21.475  25.289 1.0000000000
49819  35.745  -20.869  25.796 1.0000000000
50654  35.882  -20.630  26.762 1.0000000000
49833  36.377  -21.405  24.488 1.0000000000
49799  38.424  -21.488  30.108 0.3333329856
49811  37.877  -21.984  28.221 0.5555559993
119543  37.260  -21.704  27.614 0.7777780294
51495  41.373  -18.607  27.350 0.5555559993
49813  36.543  -21.118  27.407 0.8888890147
51493  42.685  -19.533  27.562 0.4444440007
51512  41.982  -19.337  27.030 0.5555559993
108497  41.049  -18.984  26.784 0.5555559993
51528  39.969  -19.002  25.862 0.6666669846
51527  40.833  -19.466  25.799 0.6666669846
50677  39.023  -19.902  24.018 0.8888890147
50689  37.893  -20.692  23.336 1.0000000000
49843  36.745  -20.753  23.467 1.0000000000
127137  36.294  -21.055  23.987 1.0000000000
49827  35.701  -20.834  24.671 1.0000000000
116999  35.323  -20.390  25.409 1.0000000000
121932  37.741  -21.105  29.766 0.4444440007
50615  37.392  -20.228  29.639 0.4444440007
49800  37.385  -21.197  29.074 0.4444440007
50628  36.848  -20.256  28.837 0.4444440007
50640  36.565  -20.537  28.105 0.6666669846
52526  40.865  -18.183  26.959 0.5555559993
50641  36.077  -20.155  27.609 1.0000000000
53417  41.763  -17.071  26.013 0.2222220004
53395  41.080  -17.353  26.694 0.3333329856
52537  40.265  -18.336  26.203 0.5555559993
52550  39.766  -18.537  25.550 0.6666669846
53434  40.741  -17.439  24.961 0.3333329856
53419  40.138  -17.745  25.632 0.3333329856
53420  39.587  -18.083  25.135 0.6666669846
52551  39.095  -18.638  25.002 0.7777780294
51546  38.754  -19.254  24.495 0.7777780294
113116  38.227  -19.975  23.723 1.0000000000
50642  35.598  -19.925  26.962 1.0000000000
114857  41.829  -18.275  23.360 0.3333329856
53447  40.614  -17.636  24.256 0.3333329856
53435  40.041  -17.720  24.730 0.3333329856
52567  38.501  -18.691  24.272 0.7777780294
51547  37.706  -19.089  23.763 1.0000000000
117024  37.443  -19.848  23.308 1.0000000000
50690  37.183  -20.298  23.207 1.0000000000
50678  36.001  -20.458  23.681 1.0000000000
50655  35.329  -20.079  26.187 0.8888890147
52579  40.892  -17.944  23.551 0.3333329856
53448  40.025  -17.733  23.895 0.3333329856
52581  38.756  -18.189  23.685 0.8888890147
52582  38.197  -18.572  23.650 0.8888890147
52583  37.782  -18.828  23.191 1.0000000000
51569  36.408  -19.876  22.930 1.0000000000
50679  35.394  -20.052  24.131 1.0000000000
51531  34.732  -19.358  25.049 1.0000000000
51514  34.973  -19.332  25.908 0.8888890147
52591  41.273  -18.496  22.749 0.3333329856
52592  40.207  -18.234  23.000 0.5555559993
52593  39.206  -18.262  22.965 0.5555559993
52594  38.400  -18.487  23.059 1.0000000000
51568  37.271  -19.568  22.813 1.0000000000
51571  35.089  -19.409  23.709 1.0000000000
121542  34.612  -18.654  24.858 1.0000000000
52553  34.776  -18.651  25.554 0.8888890147
52552  34.990  -18.009  25.916 0.8888890147
51591  40.750  -18.788  22.116 0.7777780294
51593  38.769  -18.740  22.362 1.0000000000
111170  36.896  -19.502  22.195 1.0000000000
51595  36.199  -19.302  22.243 1.0000000000
51596  35.485  -19.210  22.793 1.0000000000
120719  34.842  -18.552  23.436 1.0000000000
53450  34.724  -17.746  23.779 1.0000000000
51615  40.280  -19.306  21.541 0.8888890147
51616  39.301  -19.284  21.644 0.8888890147
51617  38.345  -19.419  21.755 1.0000000000
51619  36.505  -19.245  21.500 1.0000000000
52595  35.775  -18.750  21.942 1.0000000000
52596  35.264  -18.260  22.510 1.0000000000
53449  35.000  -17.615  23.120 1.0000000000
50629  36.450  -19.928  28.265 0.7777780294
51482  36.230  -19.331  28.011 0.7777780294
51496  35.702  -19.334  27.395 0.8888890147
51588  43.605  -19.131  22.582 0.2222220004
52565  43.464  -18.390  24.475 0.2222220004
53432  42.654  -17.677  25.175 0.2222220004
53433  41.641  -17.398  25.026 0.2222220004
51497  35.274  -19.326  26.692 0.8888890147
52590  42.701  -18.664  23.053 0.3333329856
52578  42.481  -18.070  24.075 0.2222220004
52566  41.385  -17.720  24.175 0.2222220004
52528  35.464  -18.570  27.087 0.8888890147
51589  42.698  -18.995  22.164 0.3333329856
51613  42.531  -19.453  21.378 0.3333329856
121619  42.076  -18.670  22.623 0.3333329856
54283  35.201  -16.477  24.551 1.0000000000
121806  35.029  -17.069  25.098 0.8888890147
53421  35.142  -17.265  25.807 0.8888890147
51590  41.757  -18.973  21.897 0.4444440007
51614  41.716  -19.610  21.103 0.6666669846
117032  41.089  -19.310  21.493 0.7777780294
50700  38.898  -19.936  21.022 1.0000000000
51638  38.032  -19.876  20.985 1.0000000000
51639  37.202  -19.556  20.708 1.0000000000
52605  35.975  -18.575  21.141 1.0000000000
52606  35.578  -17.883  21.604 1.0000000000
54289  35.244  -16.730  23.026 1.0000000000
54284  34.977  -16.982  23.769 1.0000000000
50699  39.825  -19.909  20.948 1.0000000000
50711  39.367  -20.262  20.271 1.0000000000
50713  37.881  -19.992  20.243 1.0000000000
51640  36.524  -18.973  20.768 1.0000000000
123424  35.884  -17.945  20.867 1.0000000000
53479  35.585  -16.886  21.711 1.0000000000
53364  36.744  -17.689  28.603 0.5555559993
52516  36.449  -18.573  28.374 0.7777780294
52527  35.974  -18.605  27.737 0.7777780294
51567  44.148  -19.160  23.242 0.1111110002
109733  44.177  -19.554  21.852 0.2222220004
53397  35.936  -17.188  27.080 0.7777780294
53379  35.864  -17.858  27.424 0.8888890147
53398  35.379  -17.711  26.625 0.8888890147
51612  43.364  -19.416  21.664 0.3333329856
54279  35.409  -16.498  25.456 0.8888890147
54270  35.759  -16.692  26.372 0.8888890147
55145  35.661  -15.688  24.292 0.8888890147
51635  43.185  -19.758  20.910 0.4444440007
50698  40.847  -19.861  20.838 0.8888890147
55153  36.091  -15.276  22.257 1.0000000000
54292  35.470  -16.549  22.370 1.0000000000
124905  35.742  -15.516  23.582 1.0000000000
51636  42.391  -19.995  20.580 0.6666669846
51637  41.599  -20.070  20.508 0.6666669846
50710  40.229  -20.305  20.209 0.8888890147
123544  39.012  -20.361  19.530 1.0000000000
50712  38.557  -20.166  20.274 1.0000000000
52616  36.886  -18.949  20.092 1.0000000000
53495  36.241  -17.556  20.354 1.0000000000
54296  35.741  -16.020  21.936 1.0000000000
114450  39.742  -20.438  19.621 1.0000000000
50734  38.735  -20.229  18.895 1.0000000000
52624  37.299  -18.790  19.348 1.0000000000
52625  36.762  -18.050  19.720 1.0000000000
53363  37.251  -17.128  29.133 0.5555559993
51587  44.627  -19.544  22.618 0.1111110002
53377  36.983  -16.752  28.421 0.6666669846
53378  36.427  -17.182  27.780 0.7777780294
110288  45.354  -19.776  23.001 0.1111110002
124659  44.881  -19.702  21.879 0.2222220004
54264  36.364  -16.552  27.112 0.7777780294
113574  43.920  -19.703  21.117 0.2222220004
109752  36.130  -15.319  24.888 0.7777780294
54278  36.117  -15.824  25.753 0.8888890147
109755  36.388  -16.061  26.565 0.7777780294
55149  36.100  -15.063  23.089 0.7777780294
55144  36.227  -14.955  24.014 0.7777780294
55168  36.542  -15.781  20.690 1.0000000000
55154  35.614  -15.861  22.839 1.0000000000
127104  42.594  -20.316  19.883 0.4444440007
50708  41.901  -20.356  19.940 0.5555559993
50709  41.087  -20.352  20.050 0.7777780294
53510  36.724  -17.028  19.806 1.0000000000
54303  36.314  -16.657  20.466 1.0000000000
54295  35.983  -16.327  21.175 1.0000000000
50722  40.485  -20.490  19.384 0.8888890147
107420  39.676  -20.432  18.783 0.8888890147
51653  38.120  -19.937  19.059 1.0000000000
54261  37.486  -16.351  28.931 0.4444440007
116034  37.256  -15.939  28.260 0.5555559993
55123  37.646  -15.099  27.876 0.3333329856
121201  37.110  -15.709  27.654 0.3333329856
51585  46.205  -20.031  22.807 0.1111110002
55130  36.846  -15.342  26.456 0.3333329856
54269  36.798  -15.895  27.122 0.6666669846
51586  45.457  -19.827  22.275 0.1111110002
55138  36.716  -14.982  25.498 0.3333329856
122559  45.430  -19.795  21.462 0.2222220004
51611  44.682  -19.762  21.222 0.2222220004
56846  37.615  -13.628  24.312 0.4444440007
55972  37.242  -14.166  25.084 0.3333329856
55971  37.891  -13.832  25.725 0.3333329856
51634  44.369  -19.892  20.515 0.3333329856
111309  37.039  -14.274  22.112 0.7777780294
55988  36.580  -14.605  22.549 0.5555559993
50707  43.165  -20.129  20.212 0.3333329856
50720  42.285  -20.458  19.243 0.3333329856
54302  36.917  -16.142  20.008 1.0000000000
55167  37.251  -15.339  20.305 0.8888890147
50721  41.402  -20.498  19.246 0.8888890147
50732  40.808  -20.463  18.418 0.8888890147
51669  38.495  -19.712  18.485 1.0000000000
124118  37.314  -18.060  19.146 1.0000000000
54312  37.343  -16.537  19.425 1.0000000000
105590  46.921  -20.026  22.124 0.1111110002
105942  46.142  -19.941  21.863 0.1111110002
56824  39.289  -13.449  26.677 0.2222220004
56825  38.570  -13.607  26.165 0.3333329856
55963  37.925  -14.073  26.538 0.3333329856
106331  37.352  -14.547  26.036 0.3333329856
51610  46.080  -19.785  21.058 0.1111110002
56833  39.209  -13.224  25.798 0.3333329856
56834  38.552  -13.410  25.378 0.3333329856
50706  43.870  -20.127  19.931 0.3333329856
56871  37.712  -13.785  22.077 0.5555559993
124947  37.678  -13.503  22.861 0.4444440007
50730  42.735  -20.376  18.567 0.5555559993
56000  37.327  -14.383  21.462 0.6666669846
56870  38.362  -13.225  22.527 0.5555559993
124794  41.346  -20.389  17.982 0.7777780294
50744  40.069  -20.269  17.861 0.8888890147
51691  38.933  -19.299  17.752 1.0000000000
52633  37.746  -18.457  18.752 1.0000000000
54327  37.692  -16.880  18.953 0.8888890147
109132  40.362  -19.823  17.334 0.8888890147
51690  39.685  -19.636  17.441 0.8888890147
52644  38.787  -18.314  17.636 1.0000000000
54326  38.328  -16.880  18.494 1.0000000000
55178  37.665  -15.761  19.678 0.8888890147
57779  39.675  -12.887  25.454 0.2222220004
56855  38.174  -13.171  23.525 0.4444440007
56011  37.692  -14.639  20.711 0.7777780294
55999  38.161  -13.990  21.203 0.5555559993
105843  38.922  -12.816  22.997 0.4444440007
28390  10.927  -44.403  39.530 0.3333329856
28392  9.444  -44.637  39.400 0.4444440007
31822  14.674  -40.712  40.009 0.2222220004
30956  13.472  -41.868  40.482 0.2222220004
28401  11.370  -43.825  39.157 0.4444440007
28403  9.862  -44.088  38.783 0.4444440007
122280  12.477  -42.628  39.181 0.3333329856
30961  14.161  -41.135  39.488 0.2222220004
31834  14.706  -40.594  39.124 0.2222220004
30962  13.593  -41.642  39.709 0.2222220004
29311  10.683  -43.079  37.976 0.5555559993
33558  16.555  -38.606  37.845 0.2222220004
33533  17.436  -38.502  39.335 0.2222220004
108527  7.600  -44.940  41.004 0.4444440007
26437  7.242  -46.985  40.506 0.2222220004
27414  6.893  -46.058  40.493 0.2222220004
28372  6.551  -44.471  41.489 0.4444440007
27425  6.517  -45.900  39.971 0.2222220004
28394  6.393  -45.001  39.881 0.2222220004
29293  6.407  -44.003  39.522 0.2222220004
26458  6.605  -46.515  39.378 0.2222220004
28404  6.615  -44.674  38.691 0.1111110002
27431  6.851  -46.014  38.010 0.2222220004
26457  6.799  -46.785  38.566 0.2222220004
32716  15.675  -39.465  38.368 0.2222220004
126426  13.700  -41.452  39.058 0.2222220004
30969  13.423  -41.428  38.390 0.2222220004
30142  10.557  -42.300  37.700 0.5555559993
33573  17.579  -37.907  36.955 0.2222220004
32717  15.063  -39.664  37.654 0.3333329856
30977  13.028  -41.269  37.599 0.3333329856
30978  12.255  -41.585  37.392 0.5555559993
30990  12.504  -40.961  36.896 0.4444440007
30140  12.027  -42.098  37.750 0.5555559993
29303  9.457  -43.411  38.825 0.5555559993
120444  10.141  -42.736  37.970 0.5555559993
30121  9.356  -42.655  39.116 0.5555559993
33574  17.018  -37.927  36.199 0.2222220004
121958  15.489  -39.053  37.202 0.3333329856
30971  9.665  -41.954  38.528 0.6666669846
34414  18.363  -37.430  35.956 0.4444440007
29284  6.921  -44.553  41.650 0.5555559993
34404  18.913  -37.390  36.343 0.2222220004
28410  7.382  -44.783  37.146 0.1111110002
30979  11.008  -41.751  37.341 0.5555559993
30980  10.441  -41.592  37.626 0.5555559993
31861  13.694  -40.013  36.643 0.4444440007
30991  11.575  -41.177  36.960 0.5555559993
31863  11.935  -40.408  36.506 0.5555559993
32740  13.105  -39.594  36.089 0.4444440007
32754  12.499  -39.132  35.809 0.5555559993
32741  12.250  -39.679  36.173 0.5555559993
32743  10.948  -39.660  36.799 0.5555559993
31836  9.764  -41.004  39.586 0.6666669846
33588  15.537  -38.300  35.596 0.4444440007
121441  16.325  -37.997  35.705 0.4444440007
33589  14.601  -38.305  35.105 0.6666669846
32753  13.170  -38.959  35.556 0.6666669846
32752  13.927  -38.682  35.321 0.6666669846
32755  11.801  -38.928  36.013 0.5555559993
34419  12.452  -37.648  35.366 0.7777780294
34420  11.782  -38.029  35.820 0.7777780294
30957  9.464  -41.702  40.412 0.5555559993
30952  9.111  -42.323  42.137 0.5555559993
30958  9.050  -42.573  41.374 0.5555559993
29273  6.756  -43.973  42.218 0.5555559993
35291  18.386  -37.066  35.189 0.4444440007
35311  17.620  -36.822  34.734 0.5555559993
35312  16.927  -36.425  34.340 0.5555559993
34429  16.828  -37.158  34.825 0.5555559993
28411  7.038  -44.302  37.663 0.1111110002
36142  20.205  -35.549  34.117 0.6666669846
35310  18.345  -36.414  34.556 0.6666669846
30112  6.355  -43.112  41.070 0.5555559993
31865  10.576  -40.299  37.298 0.5555559993
116052  10.361  -40.972  37.586 0.5555559993
31857  10.138  -40.526  38.051 0.5555559993
33578  10.919  -38.912  36.874 0.6666669846
125598  10.366  -39.972  37.767 0.6666669846
33561  10.829  -38.686  37.480 0.6666669846
32718  10.347  -39.666  38.386 0.6666669846
34416  15.043  -37.784  34.816 0.6666669846
34415  16.748  -37.640  35.417 0.4444440007
34432  13.939  -37.419  34.730 0.7777780294
34431  14.462  -37.220  34.613 0.6666669846
105013  13.840  -37.998  34.840 0.7777780294
34418  13.268  -37.331  34.940 0.7777780294
33560  11.065  -38.176  37.075 0.7777780294
31835  10.115  -40.193  39.932 0.7777780294
112890  16.074  -36.716  34.415 0.7777780294
35315  13.861  -36.815  34.729 0.8888890147
35314  14.473  -36.451  34.532 0.8888890147
35313  15.263  -36.112  34.317 0.7777780294
29263  6.472  -43.355  42.224 0.5555559993
36159  20.855  -35.153  33.785 0.6666669846
35307  21.358  -36.162  34.874 0.4444440007
36143  18.063  -35.747  34.049 0.7777780294
36144  17.210  -35.714  34.053 0.7777780294
35276  11.847  -36.847  36.473 0.8888890147
34388  11.319  -37.467  37.523 0.7777780294
35246  11.695  -36.819  38.051 0.8888890147
36147  14.413  -35.529  34.595 0.8888890147
36111  12.822  -35.794  36.249 0.8888890147
36164  16.887  -35.017  33.844 0.7777780294
116589  17.048  -34.335  33.725 0.8888890147
36962  13.650  -34.878  35.895 0.7777780294
37009  21.125  -34.586  33.279 0.6666669846
36160  20.211  -34.715  33.490 0.7777780294
37838  14.855  -33.868  36.034 0.7777780294
37854  14.933  -34.001  35.263 0.7777780294
36992  15.664  -34.471  34.289 0.8888890147
37012  17.486  -33.928  33.570 0.8888890147
37013  16.435  -34.405  33.983 0.8888890147
37025  22.291  -34.228  32.552 0.7777780294
37879  20.029  -33.881  33.128 0.7777780294
37027  20.899  -33.755  32.800 0.7777780294
107083  23.752  -34.391  32.590 0.7777780294
37024  24.595  -34.164  32.325 0.7777780294
37897  22.378  -33.774  32.031 0.7777780294
37896  23.010  -34.087  32.210 0.7777780294
36991  16.073  -33.818  34.333 0.8888890147
111755  15.874  -33.427  34.839 0.8888890147
37837  15.417  -33.407  36.508 0.6666669846
113955  15.905  -33.028  36.078 0.7777780294
121225  19.698  -32.975  33.012 0.8888890147
37880  18.704  -33.105  33.266 0.8888890147
37895  25.474  -33.964  32.337 0.6666669846
113335  21.735  -33.715  32.314 0.7777780294
123475  23.682  -32.845  30.459 0.7777780294
41872  30.011  -29.049  33.190 0.4444440007
38862  17.662  -32.216  34.013 0.8888890147
38852  16.688  -32.666  34.800 0.8888890147
37852  16.201  -32.928  35.295 0.8888890147
38844  16.735  -32.440  35.343 0.8888890147
115283  20.511  -32.956  32.606 0.8888890147
38860  19.037  -32.423  33.249 0.8888890147
39899  18.917  -31.612  33.537 0.8888890147
39886  17.858  -31.546  34.513 0.7777780294
37898  21.244  -33.044  32.193 0.8888890147
37911  25.558  -33.233  31.151 0.7777780294
38902  25.241  -32.735  30.250 0.7777780294
39885  29.481  -31.468  34.562 0.3333329856
39872  18.141  -31.051  34.972 0.7777780294
37836  16.049  -32.986  36.945 0.6666669846
38871  28.165  -32.192  32.769 0.6666669846
39898  19.537  -31.333  33.275 0.8888890147
44027  30.180  -26.958  31.236 0.6666669846
38874  20.842  -32.229  32.268 0.8888890147
38923  24.361  -32.038  29.486 0.7777780294
38924  23.653  -31.552  29.527 0.8888890147
39927  26.721  -31.938  29.939 0.7777780294
39926  27.385  -31.635  30.254 0.7777780294
107113  27.695  -31.865  31.085 0.7777780294
124161  25.645  -32.092  29.536 0.7777780294
39940  26.174  -31.757  29.323 0.7777780294
39941  25.200  -31.665  29.130 0.7777780294
40907  29.440  -30.291  32.633 0.5555559993
120087  19.728  -30.173  34.131 0.6666669846
41904  29.510  -29.179  31.724 0.5555559993
39897  19.979  -30.896  33.159 0.8888890147
114126  29.761  -27.562  31.168 0.6666669846
42933  29.417  -28.175  30.655 0.6666669846
121135  29.186  -29.716  31.211 0.5555559993
40925  28.787  -30.489  31.113 0.7777780294
40926  21.941  -30.672  31.101 0.8888890147
45106  30.615  -26.503  30.296 0.6666669846
41925  28.881  -29.748  30.465 0.7777780294
39925  28.101  -31.178  30.632 0.7777780294
39928  23.176  -31.008  29.781 0.8888890147
45117  30.417  -26.386  29.382 0.6666669846
45118  29.788  -26.621  28.910 0.6666669846
40948  27.333  -30.781  28.920 0.7777780294
41946  27.822  -30.059  28.700 0.7777780294
40939  27.738  -31.022  29.763 0.7777780294
40949  26.609  -31.193  28.891 0.7777780294
40963  25.710  -30.277  28.417 0.7777780294
39957  25.011  -30.799  28.662 0.7777780294
40951  23.653  -30.749  29.349 0.8888890147
44067  34.514  -28.050  26.898 0.8888890147
42993  34.560  -28.360  27.710 0.6666669846
44038  33.222  -27.786  28.950 0.6666669846
44069  32.839  -27.260  27.530 0.7777780294
123859  33.966  -27.799  26.945 0.8888890147
45145  32.718  -26.920  26.697 0.8888890147
46198  31.023  -25.704  27.552 0.7777780294
40889  20.846  -29.939  33.155 0.8888890147
40871  20.298  -29.850  34.423 0.5555559993
40909  21.868  -29.971  31.958 0.8888890147
41890  21.557  -29.739  32.870 0.8888890147
42975  28.324  -28.467  28.000 0.8888890147
44057  28.929  -27.888  28.717 0.7777780294
41928  22.870  -29.849  30.490 0.8888890147
40940  23.174  -30.270  29.888 0.8888890147
41907  22.398  -29.824  31.108 0.8888890147
40961  27.136  -30.170  28.405 0.7777780294
41976  26.934  -28.901  27.822 0.8888890147
41963  26.488  -29.677  28.209 0.8888890147
41948  24.328  -29.526  29.076 0.8888890147
41949  23.704  -29.894  29.453 0.8888890147
44083  36.357  -28.088  25.891 0.8888890147
46200  29.695  -25.666  27.398 0.8888890147
44070  27.943  -27.804  27.343 0.8888890147
42994  27.357  -28.279  27.510 0.8888890147
44059  26.251  -28.058  28.330 0.7777780294
116879  26.747  -28.147  27.787 0.8888890147
44103  34.878  -27.164  25.236 0.8888890147
45157  34.127  -27.037  25.456 0.8888890147
46235  31.106  -24.641  26.684 0.8888890147
46234  31.618  -24.854  26.220 0.8888890147
47249  30.785  -24.242  26.758 0.8888890147
41875  22.115  -29.396  33.599 0.7777780294
42988  39.341  -28.556  27.203 0.7777780294
45149  28.021  -26.270  26.891 0.8888890147
117827  27.768  -26.998  27.082 0.8888890147
42954  25.196  -28.321  29.558 0.7777780294
42936  24.571  -28.537  30.287 0.7777780294
46219  28.303  -25.472  26.908 0.8888890147
46220  27.635  -25.755  27.047 0.8888890147
122201  27.092  -25.997  27.388 0.7777780294
44071  27.178  -27.396  27.379 0.7777780294
45151  26.819  -26.622  27.598 0.7777780294
45134  26.424  -26.622  28.407 0.7777780294
44041  26.226  -27.353  28.608 0.7777780294
44100  37.388  -27.583  24.960 0.8888890147
44101  36.410  -27.534  25.105 0.8888890147
44102  35.511  -27.046  24.829 0.8888890147
47246  32.854  -24.015  25.597 0.7777780294
48178  30.945  -23.761  26.887 0.8888890147
42911  24.849  -28.189  32.215 0.5555559993
125954  40.073  -28.255  26.861 0.6666669846
47225  28.612  -24.680  26.976 0.7777780294
47205  28.130  -24.233  27.541 0.7777780294
47206  27.457  -24.569  27.964 0.7777780294
46185  26.495  -25.762  29.158 0.7777780294
44115  37.661  -26.989  24.351 0.8888890147
44116  36.872  -26.975  24.502 0.8888890147
45180  36.467  -26.316  24.395 0.8888890147
45182  35.334  -25.686  24.580 0.7777780294
46247  34.741  -25.234  24.714 0.7777780294
47269  34.152  -24.575  24.990 0.7777780294
47270  33.334  -24.685  25.155 0.7777780294
48175  33.187  -23.381  26.213 0.7777780294
48160  32.059  -22.938  26.900 0.7777780294
48142  29.598  -23.457  27.873 0.6666669846
44078  41.320  -27.671  26.684 0.6666669846
120073  42.177  -26.812  26.443 0.6666669846
45108  26.149  -26.055  31.118 0.5555559993
45166  39.863  -26.736  24.408 0.8888890147
122222  28.421  -23.713  28.117 0.6666669846
48982  28.825  -23.102  29.551 0.6666669846
47194  27.282  -24.316  28.975 0.6666669846
46259  37.641  -25.798  24.098 0.7777780294
46246  36.539  -25.304  24.825 0.7777780294
46260  36.884  -25.799  24.409 0.7777780294
120927  35.699  -24.623  25.685 0.7777780294
47268  35.010  -24.581  25.268 0.7777780294
47221  35.414  -24.313  26.539 0.7777780294
48159  33.397  -23.001  27.141 0.7777780294
49006  31.741  -22.711  27.743 0.7777780294
48994  30.172  -23.066  28.268 0.6666669846
48995  29.527  -23.124  28.650 0.5555559993
48996  29.006  -23.101  28.989 0.5555559993
106772  32.345  -23.674  34.950 0.3333329856
111916  33.416  -23.036  35.786 0.2222220004
106629  30.802  -23.919  34.262 0.2222220004
120150  31.776  -23.857  35.556 0.2222220004
48059  29.455  -23.850  34.642 0.2222220004
48046  30.387  -24.087  35.716 0.1111110002
108277  30.018  -23.826  34.198 0.2222220004
48060  28.581  -23.906  34.305 0.1111110002
47135  27.656  -24.435  34.419 0.1111110002
47136  26.904  -25.140  33.946 0.1111110002
46121  27.055  -25.131  35.013 0.1111110002
46133  26.335  -25.940  33.821 0.1111110002
45078  25.889  -26.680  33.591 0.1111110002
48068  35.440  -23.125  33.833 0.1111110002
48044  33.801  -22.965  34.899 0.2222220004
48056  32.932  -23.322  34.436 0.3333329856
48071  32.806  -23.115  33.539 0.3333329856
106177  32.166  -23.607  34.174 0.3333329856
121834  29.881  -23.247  33.029 0.2222220004
48088  28.458  -23.500  32.397 0.2222220004
47155  27.368  -24.395  32.524 0.2222220004
47144  27.461  -24.442  33.405 0.1111110002
46145  26.497  -25.502  32.517 0.2222220004
45142  43.857  -26.003  27.691 0.3333329856
48083  34.743  -23.063  32.453 0.2222220004
48082  35.724  -23.413  32.520 0.1111110002
105323  33.133  -22.814  32.697 0.3333329856
48085  31.489  -22.982  32.843 0.2222220004
48086  30.612  -23.084  32.905 0.2222220004
47156  26.877  -24.888  32.144 0.2222220004
45088  26.030  -26.221  32.043 0.3333329856
47181  35.816  -24.009  30.333 0.3333329856
47166  35.981  -23.798  31.182 0.3333329856
47180  36.597  -24.220  30.826 0.3333329856
48098  34.534  -23.196  31.515 0.2222220004
48108  34.399  -23.301  30.666 0.2222220004
48099  33.759  -22.914  31.242 0.5555559993
111181  31.460  -22.413  31.179 0.3333329856
48921  31.933  -22.598  32.064 0.3333329856
48941  32.354  -22.410  31.346 0.3333329856
48942  30.478  -22.617  31.325 0.4444440007
48923  29.948  -22.869  32.197 0.2222220004
48944  28.833  -23.055  31.157 0.3333329856
48100  28.360  -23.374  31.556 0.2222220004
48101  27.872  -23.610  31.144 0.3333329856
47167  27.333  -24.117  31.022 0.3333329856
47168  26.865  -24.795  31.333 0.2222220004
46214  37.792  -24.952  27.617 0.4444440007
46215  36.961  -24.846  26.920 0.5555559993
47220  36.431  -24.531  27.771 0.7777780294
47191  36.608  -24.492  29.361 0.4444440007
47202  36.204  -24.374  28.722 0.6666669846
112213  36.585  -24.411  30.061 0.4444440007
112708  35.543  -24.053  28.928 0.5555559993
48123  34.300  -23.339  29.801 0.5555559993
48107  35.183  -23.545  30.917 0.2222220004
47193  34.907  -23.718  29.308 0.5555559993
48959  32.959  -22.574  29.963 0.5555559993
48978  32.071  -22.333  29.496 0.5555559993
48961  31.519  -22.243  30.253 0.5555559993
48962  29.850  -22.686  30.300 0.4444440007
48963  29.001  -22.959  30.342 0.5555559993
48111  27.762  -23.642  30.401 0.4444440007
46230  37.233  -25.094  25.669 0.7777780294
46229  38.247  -25.067  25.974 0.7777780294
47244  36.121  -24.605  26.685 0.7777780294
47204  34.911  -23.766  28.338 0.6666669846
48140  34.236  -23.324  28.841 0.5555559993
48141  33.423  -22.877  28.313 0.6666669846
48992  32.261  -22.530  28.483 0.6666669846
48980  30.284  -22.620  29.591 0.5555559993
46258  38.483  -25.706  23.744 0.8888890147
108030  37.859  -25.042  25.010 0.7777780294
112145  39.222  -25.218  23.381 0.8888890147
47241  43.509  -24.977  26.560 0.5555559993
46228  39.247  -25.067  26.183 0.7777780294
46255  41.294  -25.313  23.944 0.8888890147
47266  39.566  -24.123  24.660 0.7777780294
46196  38.466  -25.349  28.204 0.4444440007
124594  40.415  -24.813  26.782 0.5555559993
126133  43.308  -23.222  25.283 0.6666669846
48187  40.178  -23.565  25.508 0.6666669846
109320  39.625  -22.980  22.844 1.0000000000
49042  40.027  -22.525  22.672 1.0000000000
48081  42.336  -23.946  31.934 0.1111110002
48975  40.810  -23.036  29.007 0.4444440007
49032  43.028  -22.154  24.865 1.0000000000
49027  37.914  -22.354  25.052 1.0000000000
49838  41.333  -21.684  23.303 1.0000000000
49839  40.470  -21.812  22.854 1.0000000000
50652  43.263  -20.359  26.759 0.3333329856
49825  36.940  -21.895  24.713 1.0000000000
48939  40.067  -22.140  31.296 0.1111110002
48958  40.050  -22.338  30.530 0.3333329856
111571  40.056  -22.530  29.621 0.4444440007
115670  40.441  -20.435  24.058 1.0000000000
113263  38.684  -20.944  23.252 1.0000000000
49812  37.014  -21.174  28.252 0.6666669846
51529  39.435  -19.090  25.173 0.6666669846
124718  38.169  -19.213  24.192 1.0000000000
50667  35.092  -20.073  24.861 1.0000000000
51530  35.042  -19.866  25.492 1.0000000000
53396  40.550  -17.728  26.362 0.3333329856
53436  39.261  -18.033  24.380 0.5555559993
51570  35.623  -19.849  23.381 1.0000000000
52580  39.442  -17.940  23.583 0.6666669846
52568  34.697  -18.997  24.281 1.0000000000
51592  39.750  -18.697  22.249 0.6666669846
51594  37.820  -19.136  22.438 1.0000000000
112239  34.622  -18.217  24.301 1.0000000000
53437  34.815  -17.367  24.446 1.0000000000
53422  34.759  -17.871  25.160 0.8888890147
51618  37.432  -19.585  21.634 1.0000000000
53463  35.308  -17.336  22.370 1.0000000000
51481  36.629  -19.328  28.679 0.7777780294
126765  35.354  -16.166  23.686 0.8888890147
116484  37.602  -19.605  19.677 1.0000000000
52617  36.317  -18.378  20.471 1.0000000000
53478  35.832  -17.218  20.985 1.0000000000
123226  36.292  -17.974  27.998 0.7777780294
54263  36.808  -16.320  27.741 0.7777780294
55158  36.262  -15.500  21.447 1.0000000000
56001  36.657  -14.809  21.787 1.0000000000
50723  38.272  -20.137  19.582 1.0000000000
51670  37.854  -19.319  18.896 1.0000000000
55981  36.619  -14.702  24.733 0.4444440007
55985  36.654  -14.371  23.344 0.5555559993
55980  36.883  -14.190  24.172 0.5555559993
55157  36.879  -15.002  21.010 1.0000000000
50731  41.829  -20.452  18.415 0.6666669846
50733  39.218  -20.065  18.145 1.0000000000
113825  37.169  -15.366  27.212 0.3333329856
51633  45.287  -19.827  20.554 0.3333329856
56835  37.926  -13.616  25.012 0.4444440007
117568  37.307  -13.754  23.490 0.4444440007
52632  38.277  -18.892  18.245 1.0000000000
53523  37.726  -17.583  18.771 1.0000000000
55962  38.529  -13.805  26.856 0.2222220004
56832  39.888  -13.009  26.087 0.2222220004
56845  38.417  -13.224  24.539 0.4444440007
50705  44.675  -19.990  19.789 0.3333329856
111768  40.985  -20.163  17.571 0.8888890147
116956  38.247  -17.910  18.252 1.0000000000
55166  38.113  -15.039  20.039 0.7777780294
51689  40.932  -19.521  17.021 0.8888890147
56854  39.190  -12.740  23.972 0.4444440007
29272  7.434  -43.265  42.593 0.4444440007
30091  7.916  -42.713  43.023 0.4444440007
29262  6.824  -43.216  42.512 0.4444440007
118668  9.787  -41.157  40.975 0.5555559993
30083  8.136  -42.187  43.483 0.2222220004
125471  8.224  -41.810  43.865 0.2222220004
30084  7.352  -42.293  43.346 0.2222220004
30946  8.682  -42.283  42.837 0.2222220004
32698  10.506  -39.618  40.602 0.6666669846
32709  10.283  -39.708  39.243 0.6666669846
33535  10.639  -38.952  39.226 0.6666669846
31801  9.815  -40.978  42.809 0.2222220004
31823  10.191  -40.446  40.998 0.3333329856
31812  10.246  -40.367  41.998 0.3333329856
33520  10.784  -38.892  40.243 0.6666669846
33549  11.001  -38.131  38.842 0.6666669846
33534  11.079  -38.140  39.820 0.6666669846
34373  11.311  -37.428  38.455 0.7777780294
32677  10.318  -40.249  42.777 0.3333329856
115388  10.589  -39.714  42.303 0.3333329856
33507  10.913  -39.035  41.132 0.6666669846
34345  11.502  -37.313  40.386 0.6666669846
33519  11.198  -38.224  40.807 0.6666669846
34355  11.359  -37.400  39.390 0.6666669846
114563  12.079  -36.412  36.878 0.7777780294
35231  11.707  -36.762  38.961 0.6666669846
35218  11.790  -36.735  39.838 0.6666669846
35259  12.113  -36.276  37.621 0.6666669846
35230  12.209  -36.133  39.471 0.4444440007
36082  12.636  -35.677  38.046 0.4444440007
36066  12.774  -35.629  39.039 0.5555559993
35217  12.236  -36.108  40.389 0.3333329856
36052  12.815  -35.561  40.020 0.5555559993
36065  13.531  -35.070  39.606 0.4444440007
36949  14.336  -34.313  37.529 0.5555559993
36939  13.810  -34.761  38.003 0.4444440007
36051  13.430  -35.176  40.676 0.3333329856
36938  14.433  -34.389  38.512 0.3333329856
36927  13.934  -34.807  38.856 0.3333329856
37827  14.876  -33.848  37.031 0.4444440007
36937  15.047  -34.027  38.992 0.2222220004
36925  15.145  -34.118  39.897 0.2222220004
36064  14.011  -34.796  40.323 0.1111110002
37819  15.594  -33.567  38.482 0.2222220004
37820  14.961  -33.908  38.035 0.3333329856
37826  15.514  -33.463  37.506 0.3333329856
38826  16.800  -32.437  37.355 0.4444440007
37817  16.791  -32.815  39.355 0.1111110002
37818  16.189  -33.213  38.912 0.2222220004
112824  17.434  -32.139  38.135 0.1111110002
37825  16.151  -33.084  37.944 0.2222220004
38833  17.150  -32.041  36.550 0.4444440007
39857  17.640  -31.546  36.221 0.4444440007
41943  35.906  -29.234  29.468 0.2222220004
112542  35.014  -28.720  28.390 0.5555559993
123761  18.171  -31.196  36.653 0.2222220004
40836  19.032  -30.559  35.935 0.3333329856
39856  18.260  -30.987  35.835 0.5555559993
41941  37.573  -29.520  29.469 0.3333329856
41942  36.725  -29.408  29.427 0.2222220004
41959  37.221  -29.292  28.734 0.4444440007
41960  36.372  -29.175  28.763 0.2222220004
41847  19.807  -30.022  34.749 0.4444440007
40854  19.576  -30.176  35.453 0.3333329856
123800  35.102  -23.492  37.884 0.1111110002
48017  34.482  -23.088  37.303 0.1111110002
115518  34.301  -22.848  35.737 0.1111110002
106755  33.000  -23.335  35.155 0.1111110002
40853  20.403  -30.081  36.025 0.2222220004
41845  21.024  -29.691  34.951 0.5555559993
40833  21.855  -30.422  36.776 0.2222220004
40834  20.975  -30.308  36.714 0.2222220004
40852  21.210  -29.961  35.949 0.3333329856
113672  21.707  -29.747  35.383 0.3333329856
41846  20.365  -29.877  35.282 0.4444440007
41844  22.440  -29.687  35.297 0.3333329856
46142  40.240  -27.308  31.378 0.1111110002
109253  39.051  -26.642  31.490 0.1111110002
46158  38.080  -25.236  30.997 0.2222220004
46156  39.917  -27.027  30.387 0.2222220004
46157  38.886  -26.184  30.765 0.2222220004
46170  38.616  -25.848  30.219 0.2222220004
46168  41.118  -26.339  29.638 0.2222220004
46169  39.644  -26.505  29.682 0.2222220004
113352  38.769  -25.943  29.331 0.2222220004
124744  38.581  -25.681  28.798 0.2222220004
46182  39.828  -26.221  28.889 0.2222220004
124375  38.422  -25.798  31.617 0.2222220004
47179  37.313  -24.682  30.521 0.3333329856
46171  37.970  -25.283  30.016 0.3333329856
47190  37.256  -24.755  29.658 0.3333329856
46183  37.952  -25.228  29.058 0.2222220004
53532  39.303  -17.670  17.037 0.7777780294
50614  37.925  -20.344  30.303 0.3333329856
54340  39.515  -16.660  17.361 0.7777780294
53522  38.859  -17.323  17.828 0.7777780294
51467  37.746  -19.215  30.118 0.3333329856
55188  40.392  -15.610  18.415 0.7777780294
55189  39.644  -15.822  18.649 0.6666669846
54310  38.849  -16.029  18.837 0.6666669846
56036  41.022  -14.308  17.593 0.6666669846
56027  40.773  -15.268  17.939 0.6666669846
54324  39.772  -16.109  18.046 0.7777780294
57875  41.802  -12.088  16.333 0.7777780294
54339  40.105  -15.775  17.412 0.7777780294
57883  41.839  -12.393  15.471 0.7777780294
52504  37.780  -18.309  30.196 0.3333329856
115354  37.096  -17.852  29.293 0.4444440007
56024  43.116  -14.595  18.901 0.3333329856
55173  42.754  -14.992  19.336 0.4444440007
55162  41.819  -15.060  19.795 0.4444440007
55175  40.274  -15.443  19.142 0.7777780294
55165  39.044  -14.952  19.893 0.5555559993
55177  38.511  -15.543  19.447 0.7777780294
57858  43.708  -12.575  18.233 0.4444440007
56911  43.363  -13.553  18.474 0.5555559993
56026  41.561  -14.985  18.396 0.5555559993
55187  41.196  -15.281  18.638 0.6666669846
56924  42.578  -12.623  17.930 0.5555559993
56925  41.543  -13.320  17.566 0.6666669846
59592  42.769  -10.626  15.720 0.7777780294
59613  43.823  -10.296  14.169 0.7777780294
59614  43.074  -10.608  14.829 0.7777780294
56004  45.419  -14.513  20.605 0.1111110002
56009  39.628  -14.498  20.391 0.4444440007
56016  44.470  -14.708  19.837 0.2222220004
56017  43.496  -15.006  19.766 0.3333329856
108131  43.269  -14.984  20.443 0.2222220004
114512  41.336  -14.632  20.424 0.3333329856
55997  40.341  -14.155  20.744 0.3333329856
56010  38.646  -14.441  20.527 0.5555559993
57855  48.473  -12.144  18.975 0.1111110002
58749  47.734  -12.069  18.774 0.1111110002
57856  47.212  -12.731  18.835 0.3333329856
113549  45.336  -12.046  18.280 0.5555559993
56910  44.338  -13.346  18.600 0.3333329856
55161  42.684  -15.128  19.868 0.4444440007
55163  40.886  -15.070  19.740 0.5555559993
55164  39.959  -15.009  19.778 0.5555559993
58761  47.475  -11.281  18.481 0.1111110002
58762  46.672  -11.189  18.288 0.2222220004
58764  44.814  -11.095  17.937 0.4444440007
57865  44.244  -11.810  18.095 0.5555559993
59579  47.993  -10.528  18.302 0.1111110002
60441  45.816  -9.684  17.359 0.3333329856
59583  44.318  -10.325  17.404 0.6666669846
58765  43.831  -11.024  17.664 0.6666669846
60453  44.360  -9.181  16.152 0.7777780294
59591  43.116  -10.079  16.195 0.7777780294
58774  42.811  -10.803  16.586 0.7777780294
60466  43.517  -9.689  14.840 0.7777780294
59602  43.095  -10.021  15.427 0.7777780294
55117  38.264  -15.374  29.255 0.2222220004
55120  37.795  -15.608  28.726 0.2222220004
56005  44.775  -14.703  20.365 0.1111110002
56884  40.212  -13.417  21.393 0.3333329856
55998  39.256  -13.791  21.095 0.4444440007
56006  44.053  -14.902  20.448 0.2222220004
55996  42.066  -14.303  20.923 0.2222220004
55119  38.247  -14.933  28.617 0.2222220004
55964  37.471  -14.776  26.925 0.2222220004
56881  43.675  -14.020  21.359 0.1111110002
106390  40.359  -12.838  22.168 0.2222220004
56885  39.325  -13.062  22.078 0.3333329856
55994  43.877  -14.703  20.926 0.1111110002
55995  43.023  -14.637  20.905 0.2222220004
121970  40.926  -13.201  21.581 0.2222220004
56869  39.766  -12.612  22.999 0.3333329856
56866  43.311  -13.086  21.915 0.1111110002
56882  42.672  -13.726  21.362 0.1111110002
56883  41.710  -13.431  21.446 0.1111110002
124717  40.208  -12.459  23.896 0.3333329856
57830  40.743  -12.489  23.012 0.2222220004
56868  41.285  -12.789  22.167 0.2222220004
57778  40.313  -12.728  25.463 0.2222220004
57818  41.135  -12.316  23.890 0.2222220004
57829  41.819  -12.441  23.048 0.1111110002
36097  12.571  -35.825  37.007 0.7777780294
36096  13.171  -35.232  37.527 0.6666669846
36950  13.697  -34.772  36.999 0.5555559993
42973  35.673  -29.023  28.801 0.4444440007
110308  34.506  -28.623  29.101 0.4444440007
42971  37.741  -29.085  27.982 0.4444440007
41861  23.536  -29.262  34.335 0.3333329856
51468  37.114  -19.322  29.374 0.4444440007
52515  36.859  -18.531  29.019 0.5555559993
56886  38.552  -13.519  21.760 0.4444440007
54311  38.012  -16.215  19.063 0.6666669846
118550  10.428  -39.449  39.847 0.6666669846
34374  11.016  -38.108  37.924 0.6666669846
30945  9.385  -41.706  42.411 0.3333329856
30093  6.557  -42.623  42.549 0.4444440007
40855  18.699  -30.559  35.136 0.2222220004
41863  21.745  -29.519  34.488 0.5555559993
48032  33.904  -22.929  36.560 0.1111110002
30092  7.122  -42.776  42.918 0.4444440007
31813  9.846  -41.060  41.752 0.3333329856
32689  10.561  -39.722  41.474 0.3333329856
111091  11.835  -36.686  40.403 0.6666669846
35245  12.148  -36.186  38.536 0.6666669846
36081  13.308  -35.184  38.520 0.4444440007
36926  14.403  -34.530  39.546 0.3333329856
54325  39.162  -16.459  18.209 0.7777780294
55211  39.973  -16.226  16.772 0.7777780294
52505  37.321  -18.454  29.678 0.4444440007
55174  41.154  -15.336  19.127 0.5555559993
55176  39.400  -15.464  19.284 0.5555559993
56035  41.754  -14.297  18.147 0.5555559993
57876  41.407  -12.717  16.823 0.7777780294
57867  41.859  -12.373  17.236 0.7777780294
56946  41.692  -13.067  15.257 0.7777780294
58794  42.356  -12.007  14.974 0.7777780294
116878  42.136  -11.799  15.595 0.7777780294
53352  37.582  -17.595  29.840 0.3333329856
56912  42.434  -13.860  18.286 0.4444440007
56023  43.987  -14.253  19.136 0.3333329856
56025  42.329  -14.793  18.703 0.4444440007
55186  41.988  -15.118  19.163 0.5555559993
57866  43.268  -11.721  17.813 0.6666669846
58766  42.413  -11.592  17.131 0.7777780294
58783  42.562  -11.297  15.273 0.7777780294
58775  42.369  -11.327  16.102 0.7777780294
56015  45.332  -14.503  19.925 0.2222220004
56007  42.426  -14.884  20.418 0.2222220004
56008  40.453  -14.683  20.230 0.4444440007
111952  41.102  -13.843  21.041 0.3333329856
58750  46.962  -12.004  18.553 0.3333329856
57857  46.267  -12.707  18.629 0.5555559993
58751  46.239  -11.825  18.389 0.4444440007
108500  44.584  -12.566  18.350 0.5555559993
123326  45.267  -13.041  18.613 0.5555559993
122447  45.040  -13.926  19.226 0.3333329856
58763  45.808  -11.147  18.129 0.2222220004
59581  46.278  -10.415  17.898 0.2222220004
59582  45.327  -10.363  17.682 0.2222220004
59589  44.818  -9.679  17.027 0.5555559993
59584  43.424  -10.418  17.033 0.6666669846
121943  43.103  -11.060  17.300 0.6666669846
60454  43.568  -9.515  15.702 0.7777780294
59590  43.852  -9.767  16.637 0.7777780294
110361  44.186  -9.301  14.120 0.7777780294
26447  6.801  -47.280  39.420 0.1111110002
26467  7.279  -46.412  37.798 0.1111110002
26430  8.624  -46.330  41.083 0.3333329856
30965  6.620  -42.260  40.174 0.1111110002
30959  6.509  -42.091  41.178 0.2222220004
30085  6.753  -42.298  43.071 0.2222220004
32676  16.134  -39.543  42.205 0.1111110002
120096  16.643  -39.198  42.179 0.1111110002
33492  19.471  -38.551  42.285 0.1111110002
109586  18.668  -38.531  41.955 0.1111110002
33494  17.961  -38.676  42.439 0.1111110002
32674  17.169  -38.892  42.125 0.1111110002
33505  17.877  -38.601  41.643 0.1111110002
33504  18.572  -38.402  41.137 0.1111110002
33518  17.800  -38.559  40.872 0.1111110002
32686  17.172  -38.826  41.283 0.1111110002
33517  18.371  -38.306  40.360 0.1111110002
126493  17.183  -38.754  40.618 0.1111110002
34326  11.548  -37.550  42.419 0.4444440007
110965  17.617  -38.516  40.158 0.1111110002
120083  16.500  -39.142  40.752 0.1111110002
33503  19.424  -38.403  41.442 0.1111110002
34334  11.990  -36.708  42.006 0.2222220004
34325  11.977  -36.791  42.933 0.2222220004
33532  18.832  -38.063  39.707 0.1111110002
119531  18.097  -38.271  39.737 0.1111110002
34344  11.937  -36.536  41.060 0.4444440007
106294  18.267  -38.108  39.078 0.1111110002
33502  22.039  -38.603  41.861 0.1111110002
105783  20.343  -38.555  41.790 0.1111110002
105784  21.240  -38.629  41.802 0.1111110002
33513  22.380  -38.535  41.149 0.1111110002
105782  21.027  -38.458  41.106 0.1111110002
105781  20.192  -38.264  40.918 0.1111110002
35187  12.525  -36.047  42.510 0.1111110002
33514  21.797  -38.467  40.505 0.1111110002
33529  21.496  -38.183  39.689 0.1111110002
33531  19.730  -37.895  39.662 0.1111110002
33544  20.255  -37.700  38.946 0.1111110002
34387  18.785  -37.615  37.434 0.1111110002
33526  24.034  -38.071  39.927 0.1111110002
33512  23.493  -38.308  40.525 0.1111110002
34354  23.792  -37.956  39.142 0.1111110002
33527  23.236  -38.308  39.757 0.1111110002
34367  23.530  -37.714  38.410 0.1111110002
33541  22.953  -38.083  39.040 0.1111110002
33543  21.176  -37.831  38.982 0.1111110002
34382  23.243  -37.433  37.670 0.1111110002
34369  21.758  -37.640  38.304 0.1111110002
34370  20.847  -37.541  38.242 0.1111110002
34386  19.636  -37.411  37.292 0.1111110002
34383  22.336  -37.426  37.597 0.1111110002
34402  21.123  -37.144  36.799 0.1111110002
123978  20.333  -37.245  36.691 0.1111110002
34401  21.987  -37.125  36.869 0.1111110002
35274  20.833  -37.052  35.960 0.2222220004
126256  20.220  -37.243  36.103 0.2222220004
35273  21.679  -36.847  36.201 0.1111110002
35290  20.755  -36.582  35.173 0.2222220004
34343  24.795  -37.742  40.171 0.1111110002
38840  29.816  -32.097  35.976 0.2222220004
34352  25.378  -37.386  39.557 0.1111110002
34365  25.169  -37.344  38.721 0.1111110002
34353  24.602  -37.719  39.317 0.1111110002
42909  33.599  -28.567  32.276 0.2222220004
35257  25.434  -36.711  37.437 0.1111110002
34366  24.374  -37.600  38.529 0.1111110002
42910  32.890  -27.703  32.715 0.3333329856
35258  24.663  -36.944  37.219 0.1111110002
44005  31.048  -26.599  32.958 0.4444440007
35288  22.804  -36.255  35.675 0.2222220004
35271  23.471  -36.517  36.285 0.2222220004
34400  22.910  -37.138  36.902 0.1111110002
35305  22.977  -35.864  34.790 0.3333329856
113096  22.125  -36.517  35.776 0.1111110002
107626  31.578  -26.760  32.283 0.4444440007
35306  22.128  -36.238  35.170 0.4444440007
110156  29.671  -32.898  37.185 0.2222220004
36936  28.607  -34.441  38.262 0.1111110002
36079  28.201  -35.227  38.805 0.1111110002
37834  29.164  -33.436  36.814 0.2222220004
37824  28.866  -33.915  37.517 0.2222220004
36080  27.511  -35.755  38.461 0.1111110002
38841  29.405  -32.494  35.581 0.2222220004
110185  28.593  -33.823  36.213 0.2222220004
36947  28.352  -34.493  37.354 0.1111110002
36948  27.741  -34.951  37.052 0.1111110002
35242  26.977  -36.232  38.628 0.1111110002
35229  26.697  -36.534  39.243 0.1111110002
115967  34.772  -29.587  33.031 0.1111110002
41886  34.018  -29.125  33.035 0.2222220004
37849  29.064  -33.189  35.898 0.2222220004
36094  27.310  -35.531  37.560 0.1111110002
35243  26.404  -36.539  38.435 0.1111110002
38850  28.620  -32.640  34.311 0.2222220004
37850  28.412  -33.565  35.413 0.2222220004
36974  27.960  -34.206  35.772 0.1111110002
36107  27.043  -35.315  36.740 0.1111110002
35268  25.891  -36.182  36.952 0.1111110002
36109  25.610  -35.930  36.224 0.1111110002
42920  32.923  -27.767  31.853 0.3333329856
122341  32.344  -27.169  32.321 0.3333329856
35287  23.644  -36.021  35.518 0.2222220004
35286  24.876  -36.107  36.049 0.1111110002
44013  32.198  -27.090  31.615 0.4444440007
35304  23.873  -35.760  34.865 0.2222220004
44014  31.374  -26.688  31.429 0.4444440007
36141  21.111  -35.637  34.307 0.5555559993
40886  36.101  -30.110  33.560 0.1111110002
40885  36.952  -30.281  33.421 0.1111110002
41869  35.242  -29.872  33.665 0.1111110002
41885  34.499  -29.286  32.247 0.1111110002
38842  28.846  -32.919  35.088 0.2222220004
37864  28.204  -33.288  34.605 0.2222220004
36975  27.217  -34.564  35.385 0.1111110002
36120  26.789  -35.159  35.904 0.1111110002
36122  25.300  -35.683  35.531 0.2222220004
37851  27.691  -33.912  34.947 0.3333329856
36976  26.432  -34.946  35.106 0.3333329856
36990  25.958  -34.833  34.327 0.4444440007
115108  25.028  -35.487  34.951 0.2222220004
44012  32.865  -27.655  30.885 0.4444440007
37004  26.220  -34.341  33.651 0.4444440007
37005  25.327  -34.688  33.582 0.5555559993
36156  24.477  -35.069  33.853 0.6666669846
44026  32.001  -26.951  30.819 0.4444440007
40906  35.641  -29.822  32.834 0.1111110002
114685  36.529  -30.043  32.847 0.1111110002
42918  34.113  -28.908  31.614 0.2222220004
41903  34.836  -29.234  31.380 0.2222220004
42919  33.568  -28.368  31.320 0.4444440007
42932  33.680  -28.303  30.408 0.4444440007
44025  32.464  -27.294  30.223 0.4444440007
45115  31.813  -26.817  30.009 0.4444440007
106632  37.388  -30.452  33.922 0.1111110002
105771  38.141  -30.565  33.950 0.1111110002
41884  35.480  -29.579  31.965 0.1111110002
44024  33.105  -27.782  29.904 0.4444440007
44039  32.499  -27.259  29.435 0.5555559993
126017  39.618  -30.842  34.135 0.1111110002
122567  38.531  -30.518  33.340 0.1111110002
40923  37.005  -29.892  31.798 0.1111110002
41902  35.769  -29.465  31.025 0.1111110002
41923  35.088  -29.130  30.558 0.1111110002
42951  33.827  -28.289  29.465 0.4444440007
39866  41.269  -31.674  35.193 0.1111110002
120309  40.562  -31.436  35.001 0.1111110002
40851  22.121  -30.013  36.092 0.2222220004
39881  41.062  -31.391  34.405 0.1111110002
39882  40.161  -31.076  34.374 0.1111110002
40883  39.289  -30.578  32.943 0.1111110002
105907  38.347  -30.368  32.656 0.1111110002
41900  37.508  -29.867  30.970 0.1111110002
41901  36.645  -29.675  31.011 0.1111110002
43996  25.700  -27.294  34.182 0.1111110002
43988  25.587  -27.905  34.750 0.1111110002
41922  35.790  -29.329  30.217 0.1111110002
111587  36.309  -29.511  30.470 0.1111110002
42950  34.551  -28.714  29.954 0.3333329856
41944  35.309  -29.080  29.890 0.2222220004
42974  34.027  -28.275  28.442 0.4444440007
40878  44.215  -30.494  33.511 0.1111110002
39891  43.221  -31.307  33.976 0.1111110002
39879  42.595  -31.606  34.416 0.1111110002
107278  42.963  -31.807  35.184 0.1111110002
40831  23.389  -30.428  36.672 0.2222220004
40832  22.668  -30.550  36.729 0.2222220004
40897  43.890  -30.230  32.692 0.1111110002
40879  43.404  -30.857  33.293 0.1111110002
39892  42.657  -31.217  33.540 0.1111110002
108942  41.793  -31.328  33.778 0.1111110002
41830  23.862  -29.910  36.227 0.2222220004
40850  22.966  -29.988  36.064 0.2222220004
41882  43.914  -29.669  32.034 0.1111110002
40880  42.756  -30.871  32.944 0.1111110002
39894  40.811  -30.999  33.580 0.1111110002
40882  39.877  -30.785  33.641 0.1111110002
41859  24.971  -28.954  35.102 0.1111110002
41843  23.459  -29.539  35.254 0.2222220004
41896  44.030  -29.147  31.287 0.1111110002
41897  43.310  -29.722  31.551 0.1111110002
40918  42.803  -30.220  31.915 0.1111110002
40900  41.602  -30.693  32.409 0.1111110002
40881  40.995  -30.773  32.853 0.1111110002
40902  39.888  -30.495  32.179 0.1111110002
42884  25.503  -28.476  35.314 0.1111110002
42893  24.712  -28.871  34.365 0.1111110002
41860  24.228  -29.151  34.758 0.1111110002
42929  44.458  -28.467  30.814 0.1111110002
112752  43.221  -29.320  30.798 0.1111110002
41898  42.507  -29.798  31.141 0.1111110002
40919  42.062  -30.352  31.737 0.1111110002
40920  41.242  -30.376  31.645 0.1111110002
40921  40.406  -30.346  31.537 0.1111110002
40903  39.015  -30.349  32.058 0.1111110002
42892  25.164  -28.490  34.531 0.1111110002
122804  44.475  -27.046  29.279 0.1111110002
42945  44.173  -28.180  30.035 0.1111110002
41936  43.068  -28.914  29.985 0.1111110002
113746  42.238  -29.271  29.731 0.1111110002
40922  39.585  -30.276  31.455 0.1111110002
40937  39.251  -30.032  30.800 0.1111110002
41921  36.999  -29.614  30.205 0.1111110002
105534  25.324  -28.009  33.934 0.1111110002
44037  44.103  -27.647  29.317 0.1111110002
44051  43.565  -27.675  28.709 0.1111110002
42946  43.470  -28.304  29.384 0.1111110002
42948  41.784  -29.039  28.963 0.1111110002
41940  38.477  -29.583  29.506 0.1111110002
122739  36.342  -29.434  29.948 0.1111110002
44050  44.068  -27.082  28.763 0.1111110002
122643  43.634  -27.128  28.274 0.1111110002
42965  42.994  -28.192  28.657 0.1111110002
42949  35.158  -28.932  29.266 0.2222220004
122640  42.592  -29.409  30.407 0.1111110002
40934  41.663  -30.001  31.071 0.1111110002
105172  41.956  -29.668  30.404 0.1111110002
40935  40.892  -30.100  30.951 0.1111110002
40936  40.086  -30.105  30.822 0.1111110002
41938  40.432  -29.527  29.496 0.1111110002
41939  39.747  -29.512  29.360 0.1111110002
116227  39.208  -29.610  29.598 0.1111110002
120830  43.453  -26.760  27.719 0.1111110002
42967  41.299  -28.721  28.282 0.1111110002
41955  40.928  -29.192  28.887 0.2222220004
41957  39.171  -29.398  28.838 0.1111110002
53376  41.342  -17.671  27.362 0.1111110002
51687  42.489  -19.923  17.444 0.6666669846
50743  41.796  -20.230  17.699 0.7777780294
52658  42.061  -18.517  16.266 0.6666669846
51708  41.522  -19.072  16.667 0.7777780294
51709  40.243  -19.203  16.937 0.7777780294
52672  42.580  -17.917  15.881 0.6666669846
114524  40.344  -18.406  16.501 0.6666669846
111816  43.111  -17.368  15.504 0.6666669846
53568  41.456  -17.081  15.523 0.6666669846
53548  40.409  -17.660  16.233 0.6666669846
54356  39.954  -17.039  16.527 0.6666669846
54381  40.661  -16.844  15.862 0.6666669846
54396  42.623  -15.937  14.703 0.6666669846
55224  41.202  -15.337  15.212 0.6666669846
124140  40.659  -15.126  15.818 0.6666669846
55210  40.326  -15.489  16.486 0.6666669846
54380  41.247  -16.257  15.336 0.6666669846
54355  40.281  -16.285  16.246 0.6666669846
54390  48.679  -16.384  14.328 0.5555559993
54374  47.391  -16.978  14.991 0.5555559993
112952  46.044  -16.445  14.679 0.6666669846
56938  41.017  -13.315  16.811 0.6666669846
55235  48.939  -15.725  13.904 0.5555559993
55236  48.121  -15.863  13.938 0.5555559993
109997  46.211  -15.794  14.184 0.6666669846
54393  45.192  -16.177  14.505 0.6666669846
54395  43.385  -16.292  14.741 0.6666669846
55242  42.011  -15.232  14.709 0.6666669846
56062  40.940  -14.473  15.595 0.6666669846
56037  40.482  -14.846  17.105 0.5555559993
55253  45.987  -15.047  13.829 0.5555559993
125212  45.476  -14.925  13.929 0.6666669846
56073  43.886  -14.760  14.179 0.6666669846
55241  42.863  -15.086  14.402 0.6666669846
56084  49.201  -15.014  13.447 0.5555559993
55250  48.447  -15.398  13.520 0.5555559993
55251  47.671  -15.357  13.474 0.5555559993
56087  46.431  -14.552  13.328 0.5555559993
56075  42.283  -14.555  14.588 0.6666669846
56947  41.325  -13.705  15.412 0.6666669846
55252  46.790  -15.247  13.598 0.5555559993
56089  44.685  -14.041  14.034 0.6666669846
56074  42.952  -14.184  14.355 0.6666669846
57897  42.261  -12.792  14.857 0.6666669846
57896  42.904  -12.407  14.509 0.6666669846
56974  44.436  -13.139  13.809 0.6666669846
114591  43.760  -13.693  14.180 0.6666669846
56909  45.880  -13.473  18.961 0.1111110002
56958  50.676  -13.908  13.973 0.4444440007
56969  49.387  -13.455  12.729 0.4444440007
56959  49.779  -14.174  13.346 0.5555559993
56970  48.902  -14.231  12.868 0.5555559993
56971  46.926  -13.991  12.836 0.6666669846
56094  47.916  -14.054  12.618 0.5555559993
56088  45.562  -14.389  13.704 0.6666669846
57908  44.291  -12.131  13.859 0.6666669846
56973  45.294  -13.503  13.556 0.6666669846
111641  43.609  -12.783  14.121 0.6666669846
56908  46.696  -13.462  19.138 0.3333329856
116991  50.749  -13.116  13.857 0.3333329856
56968  50.187  -13.373  13.396 0.4444440007
120619  48.626  -13.618  12.530 0.5555559993
58793  43.670  -11.290  14.225 0.6666669846
56981  48.028  -13.186  12.369 0.5555559993
57915  47.232  -12.612  12.424 0.6666669846
112166  45.863  -13.000  13.160 0.6666669846
57907  45.138  -12.663  13.513 0.6666669846
57893  51.331  -12.495  14.002 0.3333329856
58792  51.226  -12.043  13.790 0.3333329856
57894  50.950  -12.525  13.901 0.3333329856
57904  50.492  -12.682  13.328 0.3333329856
58800  51.464  -11.514  13.453 0.3333329856
58801  50.826  -11.941  13.262 0.3333329856
58802  50.061  -12.242  12.676 0.3333329856
57913  49.314  -12.630  12.371 0.4444440007
57914  48.240  -12.259  12.131 0.6666669846
58803  46.021  -11.651  13.203 0.6666669846
112867  45.215  -11.806  13.544 0.6666669846
110412  44.518  -11.106  13.811 0.6666669846
58815  47.561  -11.466  12.052 0.6666669846
58816  46.817  -11.683  12.557 0.6666669846
57916  46.365  -12.421  12.875 0.6666669846
60464  44.874  -8.601  15.774 0.6666669846
61477  45.027  -7.868  14.139 0.5555559993
61478  44.545  -8.558  14.399 0.6666669846
60465  44.112  -8.889  15.103 0.6666669846
123888  47.376  -9.246  11.734 0.6666669846
126427  45.880  -9.320  12.741 0.6666669846
60490  44.743  -8.650  13.708 0.5555559993
60488  52.114  -10.183  12.714 0.2222220004
59637  50.693  -10.821  12.080 0.4444440007
59645  49.436  -10.411  11.218 0.5555559993
59646  48.466  -10.370  11.294 0.6666669846
60498  47.163  -9.937  12.096 0.6666669846
60489  45.237  -8.978  13.097 0.6666669846
59628  44.636  -10.163  13.599 0.6666669846
59625  51.128  -11.189  12.858 0.3333329856
58812  50.368  -11.545  12.375 0.3333329856
58814  48.368  -11.302  11.684 0.6666669846
59639  47.675  -10.656  11.748 0.6666669846
59626  46.248  -10.823  12.977 0.6666669846
107180  44.791  -9.377  13.478 0.6666669846
112837  45.411  -10.926  13.437 0.6666669846
62411  45.765  -7.131  14.357 0.5555559993
62425  45.587  -7.431  13.482 0.4444440007
62423  54.633  -8.882  12.554 0.2222220004
60486  53.645  -9.676  12.743 0.2222220004
60487  52.872  -9.943  12.709 0.2222220004
61509  47.032  -8.460  11.872 0.6666669846
61499  46.346  -8.151  12.282 0.5555559993
62431  46.268  -7.357  12.377 0.5555559993
60495  52.508  -9.581  12.277 0.2222220004
60497  51.036  -10.181  11.781 0.4444440007
60505  49.886  -9.786  10.908 0.5555559993
108462  48.113  -9.315  11.156 0.6666669846
124960  47.597  -8.662  11.444 0.6666669846
62441  46.760  -7.616  11.877 0.6666669846
61507  52.878  -8.922  11.283 0.2222220004
123134  52.184  -8.939  10.715 0.3333329856
60514  51.330  -9.283  10.758 0.4444440007
60515  50.393  -9.263  10.533 0.5555559993
60517  48.744  -8.793  10.663 0.5555559993
63307  46.499  -6.648  12.744 0.5555559993
62429  55.460  -7.958  12.108 0.1111110002
62422  55.344  -8.320  12.651 0.1111110002
62437  55.722  -7.608  11.539 0.1111110002
62430  54.597  -8.530  11.964 0.1111110002
61496  53.622  -8.814  11.701 0.1111110002
61497  52.985  -9.150  11.910 0.2222220004
61508  48.066  -8.304  11.044 0.5555559993
63329  47.079  -6.977  11.499 0.5555559993
63349  56.500  -7.173  10.274 0.2222220004
62451  55.368  -7.674  10.690 0.1111110002
122129  54.853  -8.094  11.267 0.1111110002
126746  52.790  -8.657  10.642 0.2222220004
120881  50.833  -8.830  10.209 0.5555559993
61519  50.089  -8.481  10.127 0.5555559993
62456  48.663  -7.758  10.572 0.5555559993
62439  47.850  -7.319  11.062 0.5555559993
110157  57.074  -6.831  10.098 0.2222220004
62465  56.471  -7.132  9.335 0.2222220004
120943  55.201  -7.709  9.879 0.1111110002
62468  53.949  -7.993  9.506 0.2222220004
61516  53.137  -8.355  10.046 0.2222220004
61517  52.286  -8.548  10.025 0.4444440007
61530  50.871  -8.239  9.801 0.5555559993
62454  50.261  -7.617  9.792 0.5555559993
62455  49.495  -7.701  10.145 0.5555559993
106430  48.995  -6.920  10.354 0.5555559993
113441  50.427  -6.759  9.535 0.5555559993
63306  47.128  -5.987  13.050 0.4444440007
106063  48.335  -6.841  10.751 0.5555559993
63357  57.793  -6.452  8.978 0.1111110002
62477  55.428  -7.521  9.022 0.2222220004
62469  53.128  -8.034  9.136 0.3333329856
62470  51.808  -7.497  9.048 0.5555559993
62471  51.031  -7.497  9.421 0.5555559993
62472  49.713  -6.916  9.957 0.5555559993
120989  48.628  -6.023  10.767 0.4444440007
105092  59.276  -5.835  8.220 0.1111110002
63370  57.674  -6.442  7.992 0.1111110002
63358  57.007  -6.772  8.534 0.1111110002
62483  55.131  -7.243  8.039 0.2222220004
63361  53.428  -6.889  7.988 0.3333329856
62480  52.639  -7.477  8.681 0.4444440007
63350  51.298  -6.594  9.108 0.5555559993
63342  49.290  -6.300  10.235 0.4444440007
117151  58.424  -6.089  7.588 0.1111110002
63371  56.699  -6.564  7.447 0.2222220004
63373  54.833  -6.618  7.557 0.2222220004
64264  53.311  -5.989  8.018 0.4444440007
64270  59.260  -5.880  7.160 0.1111110002
64221  48.671  -4.665  12.281 0.3333329856
64214  48.220  -5.149  12.891 0.3333329856
63317  47.583  -5.669  12.334 0.3333329856
64234  48.821  -4.952  11.191 0.4444440007
64233  49.639  -4.687  10.880 0.4444440007
63328  47.743  -6.337  11.334 0.4444440007
64245  50.112  -5.308  10.111 0.5555559993
64246  49.354  -5.552  10.436 0.4444440007
63363  51.989  -6.093  8.735 0.5555559993
64256  51.388  -5.610  9.212 0.5555559993
64257  50.593  -5.876  9.483 0.5555559993
63381  60.389  -6.017  6.239 0.1111110002
64280  59.660  -5.857  6.468 0.1111110002
64271  58.239  -5.829  6.624 0.1111110002
63382  57.545  -6.188  7.034 0.2222220004
63372  55.674  -6.690  7.454 0.2222220004
64273  54.686  -5.826  7.378 0.3333329856
64279  61.133  -5.851  7.040 0.1111110002
106108  60.237  -5.809  7.097 0.1111110002
65094  49.376  -4.307  12.898 0.3333329856
64213  48.926  -4.859  13.426 0.3333329856
65099  49.931  -3.788  12.399 0.3333329856
65115  50.431  -4.438  10.549 0.4444440007
65119  52.275  -4.437  9.306 0.4444440007
65120  51.626  -4.744  9.566 0.5555559993
64244  50.890  -5.061  9.816 0.5555559993
65125  52.657  -4.910  8.823 0.5555559993
64255  52.106  -5.260  9.008 0.5555559993
64282  57.352  -5.578  6.360 0.2222220004
63383  56.817  -6.028  6.694 0.2222220004
64272  55.387  -5.347  7.013 0.2222220004
64274  53.983  -5.396  7.759 0.4444440007
65123  54.048  -4.417  7.946 0.5555559993
63397  61.316  -6.474  5.296 0.1111110002
126547  60.133  -6.039  5.638 0.1111110002
64281  58.917  -5.736  6.154 0.2222220004
64298  58.030  -5.212  5.787 0.2222220004
65136  57.087  -4.805  5.951 0.2222220004
65138  55.860  -4.778  6.654 0.3333329856
65128  54.664  -4.882  7.439 0.4444440007
108016  60.622  -6.455  3.952 0.2222220004
106306  60.559  -6.329  4.736 0.2222220004
64307  59.386  -5.380  5.049 0.2222220004
64297  58.905  -5.327  5.429 0.2222220004
64283  56.498  -5.286  6.470 0.2222220004
64315  59.914  -5.679  2.994 0.4444440007
63409  59.905  -6.098  4.013 0.3333329856
64306  59.507  -5.571  4.472 0.4444440007
66074  52.460  -3.580  9.592 0.4444440007
66076  54.166  -3.441  8.130 0.4444440007
66077  53.559  -3.889  8.604 0.4444440007
65127  55.276  -4.385  7.078 0.4444440007
66081  54.711  -3.936  7.587 0.4444440007
65148  57.618  -4.298  5.434 0.3333329856
65137  56.357  -4.402  6.182 0.3333329856
66089  55.786  -3.930  6.586 0.3333329856
66080  55.310  -3.466  7.162 0.4444440007
64316  59.437  -5.282  3.692 0.4444440007
65164  59.046  -4.459  3.567 0.4444440007
109519  58.943  -4.823  4.928 0.3333329856
65147  58.420  -4.547  5.154 0.3333329856
66098  57.340  -3.472  5.345 0.4444440007
66088  56.354  -3.526  6.199 0.4444440007
65172  59.647  -4.649  2.778 0.4444440007
67684  55.652  -1.746  7.790 0.4444440007
66859  55.034  -2.203  8.056 0.4444440007
66868  56.525  -2.660  6.482 0.4444440007
66869  55.909  -3.031  6.756 0.4444440007
65157  58.525  -4.205  4.318 0.4444440007
66106  58.150  -3.330  4.171 0.4444440007
66107  57.973  -3.752  4.911 0.4444440007
113276  59.140  -3.935  2.940 0.4444440007
66120  59.707  -3.658  2.407 0.4444440007
69310  56.929  0.350  9.966 0.1111110002
69339  57.244  0.026  8.334 0.2222220004
68469  56.541  -0.331  8.813 0.3333329856
67683  56.907  -0.920  7.025 0.2222220004
126604  56.294  -1.341  7.488 0.4444440007
67680  55.893  -0.950  8.420 0.4444440007
67681  55.248  -1.558  8.583 0.4444440007
66867  57.032  -2.321  6.223 0.4444440007
67688  56.694  -1.840  6.823 0.4444440007
66863  56.119  -2.163  7.086 0.4444440007
66893  57.636  -2.963  4.800 0.4444440007
66880  57.273  -2.654  5.501 0.4444440007
66911  60.776  -2.494  2.163 0.3333329856
66901  60.275  -2.023  2.732 0.4444440007
66912  59.836  -2.816  2.417 0.4444440007
66903  58.549  -2.867  3.547 0.4444440007
67712  57.656  -2.102  4.963 0.4444440007
69323  57.691  0.670  9.636 0.1111110002
114977  57.614  0.428  8.900 0.1111110002
69338  58.557  0.822  8.173 0.1111110002
68472  57.902  0.248  7.600 0.2222220004
69358  58.898  0.308  6.159 0.2222220004
68476  58.111  0.016  6.634 0.2222220004
69365  59.052  0.034  5.348 0.2222220004
68480  58.279  -0.329  5.744 0.2222220004
122334  57.508  -0.805  6.249 0.2222220004
67687  57.101  -1.553  6.467 0.4444440007
68495  59.299  -0.300  4.761 0.2222220004
68496  58.622  -0.670  4.959 0.3333329856
67694  57.861  -1.157  5.312 0.3333329856
67748  61.287  -1.769  2.697 0.3333329856
67729  60.699  -1.489  3.142 0.1111110002
68507  59.931  -1.500  3.348 0.2222220004
67730  59.121  -1.531  3.770 0.2222220004
67731  58.634  -2.160  3.821 0.4444440007
69322  58.471  1.190  9.665 0.1111110002
108266  58.208  0.829  8.954 0.1111110002
105796  58.890  0.695  7.164 0.1111110002
122670  57.904  0.482  8.388 0.1111110002
69377  59.936  0.225  5.017 0.2222220004
108020  59.909  -0.422  4.317 0.2222220004
106087  59.214  1.588  9.755 0.1111110002
70205  58.752  1.564  10.450 0.1111110002
70234  60.191  1.520  8.753 0.1111110002
70220  59.107  1.374  8.953 0.1111110002
125923  60.755  1.041  7.470 0.1111110002
69351  59.924  1.063  7.287 0.1111110002
106951  61.155  0.706  6.348 0.1111110002
69357  59.670  0.687  6.470 0.1111110002
111703  62.170  0.390  5.500 0.1111110002
69363  61.341  0.518  5.664 0.1111110002
69364  60.401  0.597  5.843 0.1111110002
126977  59.572  0.412  5.744 0.2222220004
68493  61.767  -0.365  4.251 0.1111110002
68494  60.768  -0.051  4.493 0.2222220004
115610  61.298  -1.277  3.264 0.2222220004
68506  60.715  -0.811  3.704 0.2222220004
70247  60.470  1.273  8.070 0.1111110002
107503  63.313  -6.805  6.042 0.1111110002
62508  63.440  -7.384  4.395 0.1111110002
63419  60.405  -6.321  3.169 0.3333329856
106117  61.958  -6.731  4.977 0.1111110002
33547  17.682  -38.247  38.598 0.1111110002
33546  18.367  -37.887  38.181 0.1111110002
34403  19.615  -37.309  36.361 0.1111110002
119865  21.983  -35.775  34.444 0.5555559993
36157  22.716  -35.286  33.785 0.5555559993
113978  23.682  -34.919  33.394 0.6666669846
36989  26.867  -34.319  34.407 0.4444440007
44055  32.560  -27.182  28.415 0.5555559993
42969  39.709  -28.959  28.088 0.2222220004
42968  40.533  -28.861  28.222 0.2222220004
52577  43.438  -18.747  23.560 0.1111110002
52549  43.628  -17.932  25.330 0.1111110002
52643  39.522  -18.672  17.029 0.6666669846
35289  21.504  -36.612  35.505 0.2222220004
122170  40.820  -18.928  16.638 0.7777780294
51688  41.704  -19.740  17.168 0.7777780294
33506  11.119  -38.383  41.883 0.4444440007
34335  11.532  -37.460  41.423 0.4444440007
41920  37.950  -29.755  30.201 0.1111110002
53549  39.840  -17.912  16.593 0.6666669846
125909  40.993  -13.676  17.225 0.5555559993
56926  40.702  -13.993  16.903 0.5555559993
114169  41.245  -12.897  16.003 0.6666669846
113757  42.968  -11.592  14.636 0.6666669846
126506  41.898  -12.277  23.966 0.1111110002
41958  38.160  -29.348  28.747 0.1111110002
30947  6.476  -41.975  42.896 0.2222220004
56961  42.100  -13.718  14.765 0.6666669846
56900  45.967  -14.018  19.488 0.1111110002
109846  19.321  -38.154  40.504 0.1111110002
33495  11.247  -38.336  42.913 0.2222220004
35203  12.491  -35.978  41.668 0.2222220004
33545  19.225  -37.792  38.840 0.1111110002
105965  21.690  -38.564  41.271 0.1111110002
33515  20.882  -38.225  40.350 0.1111110002
33516  20.147  -38.049  40.227 0.1111110002
33528  22.389  -38.346  39.709 0.1111110002
33530  20.613  -37.940  39.654 0.1111110002
34371  19.952  -37.573  38.134 0.1111110002
34372  19.198  -37.652  37.988 0.1111110002
33542  22.078  -38.008  39.005 0.1111110002
34368  22.659  -37.727  38.341 0.1111110002
34384  21.428  -37.362  37.552 0.1111110002
34385  20.543  -37.351  37.459 0.1111110002
38832  29.640  -32.656  36.428 0.2222220004
34380  24.940  -37.231  37.941 0.1111110002
35244  25.690  -36.897  38.181 0.1111110002
34364  25.914  -36.953  38.970 0.1111110002
35256  26.173  -36.416  37.689 0.1111110002
35269  25.161  -36.444  36.717 0.1111110002
34381  24.112  -37.373  37.782 0.1111110002
35270  24.387  -36.573  36.527 0.1111110002
34399  23.820  -37.062  37.031 0.1111110002
36140  23.711  -35.428  34.192 0.5555559993
120388  29.378  -33.333  37.675 0.2222220004
36093  27.982  -35.097  37.904 0.1111110002
37835  28.649  -34.030  36.885 0.2222220004
36959  28.152  -34.399  36.568 0.1111110002
35255  26.872  -36.110  37.981 0.1111110002
36960  27.507  -34.787  36.221 0.2222220004
36108  26.334  -35.667  36.445 0.1111110002
36095  26.599  -35.859  37.235 0.1111110002
36123  24.494  -35.806  35.353 0.2222220004
36121  26.045  -35.487  35.672 0.2222220004
36137  25.667  -35.288  34.976 0.4444440007
36138  25.161  -35.163  34.364 0.5555559993
36139  24.469  -35.470  34.582 0.5555559993
40905  36.296  -29.827  32.239 0.1111110002
42931  34.276  -28.811  30.875 0.3333329856
40904  37.365  -30.175  32.592 0.1111110002
39880  41.781  -31.637  34.603 0.1111110002
105097  40.276  -30.691  32.904 0.1111110002
106867  38.065  -30.162  31.750 0.1111110002
40898  43.131  -30.542  32.537 0.1111110002
39906  42.126  -30.988  33.005 0.1111110002
126032  43.397  -30.090  32.143 0.1111110002
40899  42.421  -30.643  32.407 0.1111110002
39893  41.477  -30.953  33.120 0.1111110002
41842  24.495  -29.436  35.648 0.1111110002
42930  43.777  -28.777  30.475 0.1111110002
40901  40.749  -30.593  32.236 0.1111110002
41899  38.396  -29.988  30.878 0.1111110002
42947  42.624  -28.736  29.139 0.1111110002
41919  38.822  -29.786  30.183 0.1111110002
41916  41.317  -29.841  30.461 0.1111110002
41937  41.346  -29.523  29.707 0.1111110002
41917  40.644  -29.838  30.233 0.1111110002
41918  39.746  -29.775  30.071 0.1111110002
41956  40.101  -29.273  28.797 0.1111110002
52659  41.143  -18.370  16.231 0.6666669846
53567  42.288  -17.262  15.449 0.6666669846
52674  40.976  -17.660  15.901 0.6666669846
52673  41.738  -17.827  15.832 0.6666669846
126012  40.695  -18.029  16.175 0.6666669846
54379  42.859  -16.721  15.064 0.6666669846
113033  42.023  -16.530  15.125 0.6666669846
55225  40.646  -15.881  15.746 0.6666669846
119740  41.782  -15.866  14.944 0.6666669846
56053  40.565  -14.557  16.346 0.6666669846
54372  49.376  -16.985  14.739 0.5555559993
54392  46.848  -16.405  14.560 0.6666669846
54391  47.758  -16.429  14.429 0.5555559993
55238  45.387  -15.413  14.110 0.6666669846
54375  46.495  -16.958  15.084 0.6666669846
56939  40.818  -13.749  16.164 0.5555559993
55237  47.223  -15.837  14.036 0.5555559993
54394  44.160  -16.219  14.627 0.6666669846
55239  44.503  -15.562  14.244 0.6666669846
55240  43.561  -15.673  14.430 0.6666669846
56061  41.587  -14.504  14.971 0.6666669846
56072  44.926  -14.856  14.048 0.6666669846
56085  48.249  -14.837  13.084 0.5555559993
56086  47.307  -14.707  13.081 0.5555559993
56972  46.104  -13.786  13.200 0.6666669846
56960  42.903  -13.261  14.409 0.6666669846
56980  48.757  -13.041  12.382 0.5555559993
122185  47.342  -13.432  12.537 0.6666669846
56982  46.606  -13.226  12.759 0.6666669846
57895  43.481  -12.047  14.241 0.6666669846
57905  49.893  -12.879  12.867 0.3333329856
57906  45.743  -12.314  13.288 0.6666669846
58813  49.337  -11.764  11.985 0.4444440007
124168  47.439  -12.005  12.244 0.6666669846
110663  46.976  -10.763  12.335 0.6666669846
60452  45.333  -9.118  16.589 0.4444440007
61464  44.781  -8.201  14.962 0.6666669846
61491  45.275  -8.172  13.267 0.5555559993
120522  47.739  -9.930  11.545 0.6666669846
60507  46.560  -9.104  12.275 0.6666669846
59640  46.409  -9.986  12.615 0.6666669846
60499  45.785  -8.564  12.703 0.5555559993
60496  51.738  -9.851  12.120 0.3333329856
59624  51.805  -10.875  13.071 0.2222220004
59636  51.433  -10.503  12.501 0.3333329856
59644  50.289  -10.382  11.403 0.5555559993
59638  49.875  -11.037  11.689 0.4444440007
58824  49.078  -11.023  11.479 0.5555559993
59627  45.506  -9.946  13.125 0.6666669846
118507  45.977  -7.147  12.949 0.5555559993
61489  53.984  -9.255  12.435 0.2222220004
61476  54.289  -9.367  12.775 0.2222220004
61490  53.318  -9.352  12.305 0.2222220004
61500  45.800  -7.778  12.789 0.5555559993
61498  52.157  -9.322  11.550 0.2222220004
60504  50.716  -9.786  11.122 0.4444440007
60503  51.398  -9.711  11.449 0.4444440007
60506  49.008  -9.679  10.854 0.6666669846
62440  47.401  -7.893  11.463 0.5555559993
61518  51.518  -8.702  10.125 0.5555559993
60516  49.546  -9.102  10.497 0.5555559993
62421  55.963  -7.713  12.812 0.1111110002
63319  46.597  -6.921  11.968 0.5555559993
62438  54.109  -8.474  11.356 0.1111110002
61506  53.427  -8.594  10.992 0.2222220004
62466  55.855  -7.477  10.011 0.2222220004
62452  54.675  -7.964  10.248 0.1111110002
62453  54.017  -8.283  10.621 0.2222220004
61520  49.299  -8.388  10.353 0.5555559993
62467  54.738  -7.780  9.444 0.2222220004
61528  52.417  -8.120  9.320 0.3333329856
61529  51.626  -8.153  9.539 0.5555559993
63318  47.003  -6.377  12.024 0.4444440007
63359  56.086  -7.111  8.223 0.2222220004
62478  54.496  -7.595  8.676 0.2222220004
62479  53.540  -7.545  8.521 0.3333329856
125092  53.029  -7.191  8.272 0.4444440007
62481  52.050  -6.868  8.715 0.5555559993
63351  49.867  -6.104  9.870 0.5555559993
106049  60.133  -5.666  7.968 0.1111110002
63369  58.493  -6.123  8.572 0.1111110002
63360  54.237  -7.157  7.955 0.2222220004
63374  54.060  -6.355  7.709 0.3333329856
63362  52.686  -6.622  8.323 0.5555559993
63384  56.016  -6.011  6.823 0.2222220004
122366  55.302  -6.130  7.175 0.2222220004
64222  48.158  -5.363  11.676 0.4444440007
65110  49.312  -4.256  11.801 0.4444440007
64265  52.651  -5.637  8.491 0.5555559993
65124  53.283  -4.925  8.329 0.5555559993
63380  61.433  -6.220  6.253 0.1111110002
63398  60.606  -6.217  5.561 0.1111110002
64296  59.617  -5.796  5.728 0.1111110002
65114  51.136  -4.137  10.195 0.3333329856
65113  51.811  -3.848  9.893 0.4444440007
65118  52.892  -4.181  8.976 0.5555559993
125566  55.943  -5.356  6.713 0.2222220004
111967  62.219  -6.559  5.714 0.1111110002
63408  61.304  -6.615  4.442 0.1111110002
64305  59.937  -5.947  5.051 0.1111110002
63407  62.246  -7.014  4.202 0.1111110002
65149  56.859  -3.977  5.707 0.3333329856
65156  59.092  -4.961  4.357 0.4444440007
66073  53.046  -3.254  9.186 0.4444440007
66072  53.687  -2.904  8.747 0.4444440007
66860  54.378  -2.580  8.368 0.4444440007
66865  54.787  -2.990  7.706 0.4444440007
66881  56.871  -3.114  5.883 0.4444440007
66864  55.462  -2.559  7.379 0.4444440007
121260  54.672  -1.958  8.662 0.4444440007
66115  58.655  -3.671  3.496 0.4444440007
66114  59.066  -3.186  2.866 0.4444440007
66902  59.260  -2.290  3.134 0.4444440007
68466  56.528  -0.063  9.528 0.1111110002
69324  57.077  0.176  9.192 0.1111110002
68474  56.632  -0.620  7.916 0.3333329856
68473  57.219  -0.324  7.572 0.2222220004
107766  57.511  -0.364  7.022 0.2222220004
121683  55.385  -1.063  9.169 0.4444440007
66892  58.105  -2.506  4.270 0.4444440007
67695  57.404  -1.803  5.846 0.4444440007
121986  58.066  1.041  10.244 0.1111110002
67710  59.116  -0.859  4.291 0.4444440007
67711  58.367  -1.546  4.442 0.4444440007
126733  59.725  -0.986  3.838 0.2222220004
69337  59.472  1.208  8.040 0.1111110002
69376  60.790  0.354  5.150 0.1111110002
70219  60.080  1.777  9.465 0.1111110002
69350  60.544  0.852  6.749 0.1111110002
69375  61.623  0.211  4.915 0.1111110002
63396  62.843  -6.994  5.142 0.1111110002
30101  6.267  -42.904  41.978 0.2222220004
26436  7.774  -46.751  41.081 0.1111110002
123439  10.813  -39.174  41.872 0.2222220004
33496  10.947  -39.094  42.599 0.1111110002
40804  25.043  -30.100  38.583 0.1111110002
40816  24.379  -30.710  38.222 0.1111110002
124387  23.833  -30.835  37.756 0.1111110002
40818  22.436  -30.990  37.471 0.1111110002
40815  24.833  -29.936  37.713 0.1111110002
40830  24.088  -30.435  37.179 0.1111110002
40817  23.291  -30.947  37.378 0.1111110002
116815  24.685  -29.677  36.642 0.1111110002
42891  30.475  -27.980  34.762 0.3333329856
108549  30.414  -27.731  33.988 0.3333329856
35177  12.523  -36.147  43.409 0.1111110002
39779  24.729  -31.028  40.443 0.1111110002
39816  24.172  -31.131  39.007 0.1111110002
39796  23.754  -31.058  39.515 0.1111110002
117139  25.266  -30.298  39.214 0.1111110002
39834  23.627  -31.079  38.195 0.1111110002
39836  22.018  -31.109  37.907 0.1111110002
39837  21.281  -30.959  37.997 0.1111110002
40819  20.619  -30.591  37.369 0.1111110002
39780  24.275  -31.051  40.110 0.1111110002
38800  23.157  -30.984  39.832 0.1111110002
38814  22.306  -31.121  39.297 0.1111110002
39819  21.970  -31.136  38.608 0.1111110002
39838  20.232  -30.931  38.078 0.1111110002
39840  18.589  -31.180  37.342 0.1111110002
38825  17.685  -31.698  37.199 0.1111110002
39855  18.869  -30.772  36.625 0.1111110002
39822  19.199  -31.241  38.080 0.1111110002
51651  46.695  -19.634  19.787 0.3333329856
51666  46.374  -19.652  18.898 0.3333329856
51667  45.531  -19.727  18.585 0.3333329856
50740  43.884  -19.858  18.040 0.4444440007
50742  42.403  -20.295  17.953 0.5555559993
108230  46.178  -19.556  18.165 0.3333329856
51682  47.233  -19.180  17.179 0.2222220004
52641  45.845  -19.030  16.972 0.4444440007
52642  44.948  -18.857  17.145 0.5555559993
51685  44.404  -19.407  17.575 0.5555559993
52655  44.546  -18.348  16.620 0.5555559993
52657  42.916  -18.500  16.369 0.5555559993
51681  48.031  -19.125  17.651 0.2222220004
52668  48.346  -18.226  15.753 0.2222220004
52652  47.954  -18.697  16.107 0.3333329856
52653  47.168  -18.817  16.333 0.3333329856
52654  45.402  -18.411  16.607 0.4444440007
53547  44.170  -17.853  16.102 0.5555559993
52667  49.153  -18.178  15.912 0.2222220004
52669  47.504  -18.260  15.742 0.4444440007
53545  45.816  -18.002  16.075 0.5555559993
53565  44.613  -17.260  15.594 0.5555559993
52671  43.374  -17.915  15.999 0.5555559993
53560  48.826  -17.661  15.317 0.2222220004
53561  47.900  -17.649  15.327 0.4444440007
54376  45.504  -16.907  15.175 0.5555559993
54378  43.786  -16.835  15.166 0.5555559993
54373  48.325  -16.995  14.888 0.4444440007
54388  50.081  -16.519  14.422 0.2222220004
55233  50.335  -15.703  14.171 0.4444440007
55232  51.101  -15.570  14.211 0.4444440007
55234  49.638  -15.505  13.949 0.4444440007
56070  50.846  -14.724  14.225 0.3333329856
114380  51.490  -13.136  14.103 0.1111110002
57891  53.067  -12.328  13.750 0.1111110002
57892  51.973  -12.410  13.869 0.2222220004
58789  53.415  -11.418  13.648 0.1111110002
59611  52.849  -10.918  13.433 0.1111110002
59612  52.053  -11.202  13.472 0.1111110002
59623  52.462  -10.580  13.103 0.1111110002
60475  55.016  -9.641  13.587 0.1111110002
61463  46.104  -7.926  15.830 0.4444440007
115352  45.359  -8.133  15.584 0.4444440007
62398  45.456  -7.640  15.033 0.4444440007
63293  47.410  -6.075  14.091 0.2222220004
63294  46.744  -6.305  13.637 0.2222220004
62424  46.116  -6.761  13.607 0.3333329856
26438  6.736  -46.735  40.007 0.1111110002
25447  7.846  -47.450  40.977 0.1111110002
25455  7.434  -47.781  40.402 0.1111110002
126304  12.458  -35.876  41.038 0.3333329856
40835  19.864  -30.342  36.543 0.1111110002
39854  21.588  -30.744  37.383 0.1111110002
50741  43.095  -20.132  17.923 0.5555559993
51706  43.305  -18.932  16.805 0.5555559993
51707  42.487  -19.216  16.839 0.5555559993
52656  43.716  -18.405  16.495 0.5555559993
54389  49.524  -16.162  14.224 0.4444440007
56071  50.151  -14.856  13.939 0.4444440007
56957  51.093  -13.149  14.153 0.2222220004
58791  51.661  -11.854  13.754 0.1111110002
58790  52.430  -11.649  13.666 0.1111110002
60477  53.280  -10.275  13.102 0.1111110002
63305  47.847  -5.631  13.498 0.3333329856
34319  11.573  -37.571  43.355 0.1111110002
53562  47.012  -17.600  15.420 0.5555559993
54377  44.633  -16.670  14.989 0.5555559993
34310  11.533  -37.540  44.264 0.1111110002
40805  24.899  -30.858  38.951 0.1111110002
114772  22.554  -31.199  38.240 0.1111110002
39817  23.207  -31.202  38.721 0.1111110002
39797  22.942  -31.105  39.246 0.1111110002
39818  22.630  -31.166  38.794 0.1111110002
39839  19.549  -30.758  37.363 0.1111110002
51668  44.713  -19.767  18.248 0.3333329856
51684  45.438  -19.415  17.718 0.3333329856
51686  43.385  -19.524  17.352 0.5555559993
50728  44.201  -20.046  18.627 0.3333329856
50729  43.535  -20.218  18.614 0.4444440007
51683  46.401  -19.324  17.485 0.3333329856
121009  46.578  -19.060  16.825 0.2222220004
51705  44.044  -18.906  17.017 0.5555559993
52640  47.992  -18.976  16.747 0.2222220004
52651  48.648  -18.629  16.358 0.2222220004
123455  49.520  -18.467  16.635 0.1111110002
52670  46.648  -18.187  15.877 0.5555559993
117720  46.247  -18.618  16.424 0.3333329856
53546  44.998  -17.837  16.176 0.5555559993
53563  46.153  -17.514  15.572 0.5555559993
53564  45.421  -17.482  15.738 0.5555559993
53544  49.808  -17.775  15.446 0.2222220004
54371  50.339  -17.142  14.820 0.1111110002
54370  51.190  -17.140  14.839 0.1111110002
54387  50.788  -16.478  14.382 0.2222220004
56956  51.807  -13.925  14.009 0.1111110002
33462  31.030  -37.728  44.274 0.1111110002
41857  33.900  -28.903  34.380 0.1111110002
110229  33.475  -28.111  34.762 0.1111110002
43959  32.326  -27.310  36.482 0.1111110002
38753  29.900  -32.726  43.287 0.1111110002
41871  33.411  -28.417  33.191 0.1111110002
42898  32.874  -27.541  33.552 0.1111110002
43984  32.365  -27.022  34.831 0.2222220004
42871  31.191  -27.868  36.393 0.2222220004
41818  30.859  -29.168  37.152 0.1111110002
41796  30.770  -29.802  39.387 0.1111110002
115412  30.071  -31.171  40.124 0.1111110002
39758  29.769  -31.658  41.434 0.1111110002
43986  30.784  -27.169  34.291 0.2222220004
41840  30.563  -28.610  35.543 0.2222220004
40803  30.646  -30.407  38.356 0.1111110002
44004  32.061  -26.859  33.116 0.2222220004
110345  12.788  -35.595  40.705 0.1111110002
36851  29.886  -35.891  44.325 0.1111110002
35995  30.329  -35.875  44.127 0.1111110002
36856  30.333  -35.158  43.461 0.1111110002
38798  29.917  -31.799  39.542 0.1111110002
38781  29.496  -32.369  40.893 0.1111110002
112736  30.353  -30.546  35.892 0.1111110002
39833  30.540  -31.036  37.554 0.1111110002
38812  30.147  -31.868  38.596 0.1111110002
121881  30.234  -30.344  35.370 0.2222220004
39853  30.354  -31.630  36.920 0.1111110002
35216  13.011  -35.500  41.283 0.1111110002
36007  28.856  -35.645  43.377 0.1111110002
113086  29.167  -35.863  44.003 0.1111110002
35996  29.512  -35.918  44.370 0.1111110002
36006  29.510  -35.277  43.591 0.1111110002
36870  29.857  -34.693  43.467 0.1111110002
36884  29.425  -34.131  42.757 0.1111110002
37752  29.768  -33.533  43.205 0.1111110002
36894  29.230  -34.016  41.817 0.1111110002
37782  29.376  -33.054  41.517 0.1111110002
37794  29.260  -33.153  40.388 0.1111110002
38813  29.726  -32.557  38.963 0.1111110002
38831  30.057  -32.055  36.491 0.1111110002
36022  29.183  -34.913  43.011 0.1111110002
36895  28.743  -34.703  41.218 0.1111110002
36908  28.957  -33.888  40.834 0.1111110002
37806  29.329  -33.215  39.397 0.1111110002
37816  29.419  -33.240  38.489 0.1111110002
36050  14.099  -34.793  41.040 0.1111110002
108740  37.263  -24.518  31.355 0.2222220004
46155  41.459  -26.780  30.325 0.1111110002
51652  45.640  -19.795  19.559 0.2222220004
50717  44.814  -19.999  18.997 0.2222220004
50718  44.053  -20.183  19.222 0.3333329856
51665  48.143  -19.305  18.533 0.1111110002
108917  47.069  -19.598  19.100 0.2222220004
49790  38.800  -21.416  30.738 0.1111110002
51455  38.404  -19.548  30.743 0.2222220004
109708  51.164  -13.877  14.243 0.1111110002
40849  30.438  -29.679  35.596 0.2222220004
39870  30.139  -31.432  36.065 0.1111110002
50604  38.427  -20.626  30.819 0.2222220004
50719  43.187  -20.325  19.380 0.2222220004
46141  41.956  -27.082  31.100 0.1111110002
38823  29.876  -32.614  37.947 0.1111110002
38822  30.082  -32.329  37.098 0.1111110002
122077  33.794  -28.912  33.671 0.1111110002
43994  31.357  -26.711  33.779 0.2222220004
107629  47.138  -19.466  18.231 0.2222220004
34304  31.130  -37.234  44.258 0.1111110002
42889  33.410  -28.260  33.971 0.1111110002
42890  32.962  -27.454  34.358 0.1111110002
123390  33.043  -27.407  35.044 0.1111110002
42880  33.562  -27.762  35.633 0.1111110002
42882  31.650  -27.319  36.059 0.1111110002
43972  31.652  -27.045  35.311 0.2222220004
42881  32.573  -27.153  35.668 0.1111110002
43947  32.048  -27.579  37.179 0.1111110002
37751  30.147  -33.227  43.424 0.1111110002
38738  30.447  -32.443  43.608 0.1111110002
38765  29.689  -32.439  42.550 0.1111110002
43993  32.243  -26.918  34.033 0.2222220004
43985  31.548  -26.837  34.551 0.2222220004
42883  30.906  -27.688  35.630 0.2222220004
116119  30.824  -28.272  36.146 0.1111110002
42858  31.404  -27.979  37.093 0.1111110002
42859  31.126  -28.495  37.613 0.1111110002
41808  30.858  -29.264  38.227 0.1111110002
114005  30.710  -30.104  37.419 0.1111110002
39793  30.382  -30.976  39.232 0.1111110002
38780  29.758  -31.722  40.485 0.1111110002
127092  29.615  -32.228  41.746 0.1111110002
38764  29.865  -31.693  42.390 0.1111110002
43973  30.954  -27.249  34.945 0.2222220004
41828  30.683  -28.972  36.303 0.1111110002
114407  30.623  -29.889  36.509 0.1111110002
39815  30.426  -31.240  38.282 0.1111110002
36858  29.809  -35.461  43.807 0.1111110002
35986  30.029  -36.167  44.751 0.1111110002
114866  31.041  -36.155  44.098 0.1111110002
36857  30.030  -35.253  43.668 0.1111110002
36869  30.185  -34.223  43.343 0.1111110002
37766  29.560  -33.299  42.559 0.1111110002
38799  29.540  -32.467  39.927 0.1111110002
40829  30.513  -30.809  36.712 0.1111110002
113909  30.309  -31.831  37.716 0.1111110002
115380  29.639  -34.358  43.248 0.1111110002
118115  29.910  -33.919  43.359 0.1111110002
36036  29.064  -34.860  42.138 0.1111110002
36922  28.962  -33.903  39.841 0.1111110002
36935  29.053  -33.895  38.891 0.1111110002
50627  43.773  -19.968  28.413 0.1111110002
110506  43.077  -19.527  28.228 0.1111110002
52525  41.520  -18.132  27.680 0.2222220004
56907  47.510  -13.090  19.181 0.1111110002
116090  46.736  -6.606  14.550 0.2222220004
63304  48.610  -5.486  13.950 0.1111110002
65109  50.072  -3.953  11.412 0.2222220004
65098  50.604  -3.443  11.939 0.2222220004
65093  50.060  -3.983  13.396 0.1111110002
66058  51.185  -3.071  12.441 0.2222220004
66057  51.793  -2.686  12.026 0.2222220004
65108  50.805  -3.686  11.028 0.2222220004
66069  52.100  -3.092  10.281 0.3333329856
66850  52.450  -2.307  11.629 0.2222220004
66854  52.556  -2.487  10.741 0.2222220004
66068  52.735  -2.786  9.916 0.2222220004
66849  53.083  -1.873  11.205 0.1111110002
67675  53.793  -1.575  10.782 0.1111110002
66853  53.234  -2.161  10.358 0.2222220004
66856  54.117  -2.189  9.093 0.2222220004
62520  62.142  -7.231  3.260 0.2222220004
124884  60.857  -6.573  2.535 0.2222220004
68455  55.317  -0.387  12.283 0.1111110002
110401  54.378  -1.146  11.233 0.1111110002
67678  54.712  -1.507  9.395 0.2222220004
63430  60.977  -6.509  1.703 0.2222220004
64333  60.721  -5.729  1.406 0.3333329856
63443  61.227  -6.271  0.850 0.3333329856
65178  60.749  -4.751  1.347 0.3333329856
64332  61.230  -5.279  0.761 0.3333329856
67677  55.152  -0.870  9.952 0.1111110002
63431  60.427  -6.063  2.261 0.2222220004
64324  60.282  -5.193  2.118 0.3333329856
65171  60.282  -4.207  1.953 0.3333329856
64341  61.639  -5.835  0.148 0.2222220004
68467  55.884  -0.496  9.500 0.3333329856
66119  60.412  -3.298  1.907 0.3333329856
65177  61.267  -4.247  0.822 0.3333329856
66128  60.804  -3.778  1.360 0.3333329856
66127  61.282  -3.217  0.996 0.2222220004
66920  61.076  -2.848  1.561 0.2222220004
66919  61.830  -2.540  1.528 0.1111110002
109922  62.241  -1.668  2.661 0.1111110002
67747  62.522  -1.890  1.978 0.1111110002
67760  63.702  -1.620  1.523 0.1111110002
111028  63.273  -1.538  2.522 0.1111110002
66910  61.688  -2.241  2.127 0.1111110002
126875  64.593  -1.403  0.812 0.1111110002
66917  63.588  -1.731  0.497 0.1111110002
66918  62.628  -2.223  1.153 0.1111110002
67726  64.163  -1.348  3.247 0.1111110002
67727  62.937  -1.326  3.238 0.1111110002
67728  62.004  -1.355  3.204 0.1111110002
67745  65.056  -1.324  2.582 0.1111110002
67746  64.300  -1.459  2.259 0.1111110002
111250  64.955  -1.352  1.547 0.1111110002
66070  51.478  -3.411  10.644 0.2222220004
62397  46.365  -7.277  15.265 0.2222220004
65092  50.611  -3.504  12.894 0.2222220004
66066  51.279  -3.149  11.518 0.2222220004
66065  51.890  -2.785  11.120 0.2222220004
66857  53.421  -2.497  9.537 0.2222220004
66852  53.930  -1.812  9.925 0.2222220004
68462  54.827  -0.695  11.721 0.1111110002
67674  54.498  -1.269  10.365 0.1111110002
67673  54.979  -0.781  10.863 0.1111110002
65188  61.790  -4.748  0.310 0.2222220004
29252  10.607  -43.870  44.336 0.1111110002
28342  10.186  -44.487  44.638 0.1111110002
29251  11.139  -43.536  43.557 0.1111110002
28362  10.632  -44.120  43.304 0.1111110002
113445  10.874  -44.314  42.268 0.1111110002
28370  11.053  -44.409  41.243 0.1111110002
28352  9.719  -45.150  43.582 0.1111110002
27387  9.626  -45.603  43.641 0.1111110002
26408  9.588  -46.198  43.789 0.1111110002
26415  9.266  -46.313  43.255 0.1111110002
27396  9.775  -45.648  41.935 0.1111110002
116296  9.276  -46.185  42.114 0.1111110002
26423  8.712  -47.088  42.208 0.1111110002
27410  9.935  -45.550  40.878 0.1111110002
26422  8.804  -46.593  41.778 0.1111110002
26431  8.230  -47.061  41.515 0.1111110002
49780  40.528  -22.161  31.949 0.1111110002
51494  41.883  -18.701  27.861 0.1111110002
121622  39.861  -13.985  29.612 0.1111110002
56799  41.288  -13.455  30.395 0.1111110002
56808  40.690  -13.639  29.854 0.1111110002
55954  38.733  -14.744  29.190 0.1111110002
107168  39.235  -14.052  28.150 0.1111110002
55956  38.869  -13.878  27.459 0.1111110002
57777  41.147  -12.616  25.457 0.1111110002
56823  40.218  -13.183  26.841 0.1111110002
60450  47.236  -9.074  17.147 0.1111110002
61449  46.719  -8.486  16.489 0.1111110002
60451  46.303  -9.095  16.919 0.2222220004
61448  47.671  -8.488  16.636 0.1111110002
61462  47.062  -7.852  16.007 0.1111110002
62396  47.425  -7.260  15.430 0.1111110002
109143  64.497  -8.175  1.541 0.1111110002
62529  61.657  -7.090  2.356 0.1111110002
62533  65.321  -8.546  1.021 0.1111110002
62535  62.557  -7.493  1.000 0.1111110002
62536  61.651  -7.034  1.271 0.1111110002
28379  11.095  -44.455  40.324 0.1111110002
28371  10.430  -45.019  41.615 0.1111110002
27403  9.303  -46.034  41.292 0.1111110002
119773  41.294  -22.415  32.699 0.1111110002
49781  39.874  -21.694  31.798 0.1111110002
124409  38.819  -14.472  28.572 0.1111110002
55122  38.458  -14.433  28.031 0.1111110002
108798  38.101  -14.306  27.321 0.1111110002
57800  40.697  -12.512  24.707 0.1111110002
61450  45.771  -8.513  16.249 0.2222220004
117721  62.352  -7.438  1.782 0.1111110002
63442  61.902  -6.869  0.470 0.1111110002
28351  10.025  -44.587  43.905 0.1111110002
27380  9.931  -45.437  44.238 0.1111110002
28363  10.072  -44.943  42.855 0.1111110002
27397  9.437  -45.760  42.937 0.1111110002
25426  9.272  -46.893  43.321 0.1111110002
27388  9.012  -46.528  42.628 0.1111110002
55950  40.318  -13.751  29.033 0.1111110002
55953  39.453  -14.199  28.947 0.1111110002
56800  40.612  -13.658  30.755 0.1111110002
56813  40.012  -13.721  28.314 0.1111110002
107783  63.313  -7.831  1.663 0.1111110002
62534  63.869  -8.106  0.743 0.1111110002
109083  65.033  -8.615  0.319 0.1111110002
30953  6.468  -41.829  42.173 0.1111110002
32652  9.030  -39.798  44.841 0.1111110002
31789  8.416  -40.391  44.640 0.1111110002
31788  9.119  -40.535  44.351 0.1111110002
31795  8.233  -41.245  44.278 0.1111110002
30939  8.931  -41.706  43.425 0.1111110002
51441  39.354  -19.310  31.708 0.1111110002
52484  39.423  -18.604  31.767 0.1111110002
50594  38.942  -20.003  31.426 0.1111110002
52485  39.014  -18.184  31.175 0.1111110002
105322  46.103  -19.716  20.333 0.1111110002
53342  38.617  -17.648  30.774 0.1111110002
51631  47.368  -19.651  20.249 0.1111110002
111611  47.621  -19.506  18.969 0.1111110002
51630  48.166  -19.619  20.269 0.1111110002
51650  47.525  -19.568  19.630 0.1111110002
30940  7.540  -41.818  43.855 0.1111110002
31794  9.315  -41.054  43.768 0.1111110002
52494  38.409  -18.525  30.651 0.1111110002
120819  38.096  -17.818  30.393 0.1111110002
31803  6.482  -41.288  43.000 0.1111110002
51442  38.968  -18.996  31.211 0.1111110002
111161  51.656  -16.478  14.392 0.1111110002
64386  59.367  -4.695  -4.072 0.1111110002
65234  59.972  -4.198  -4.653 0.1111110002
65224  59.863  -3.835  -4.339 0.1111110002
63468  62.877  -6.391  -1.299 0.1111110002
64349  62.296  -5.916  -0.802 0.1111110002
63506  64.147  -6.719  -4.219 0.1111110002
64355  62.948  -5.741  -1.948 0.1111110002
65199  62.259  -4.764  -0.669 0.1111110002
65232  64.063  -5.221  -5.312 0.1111110002
63535  63.878  -6.105  -6.792 0.1111110002
64384  61.272  -5.312  -5.239 0.1111110002
65233  60.410  -4.391  -5.091 0.1111110002
65225  59.064  -4.525  -3.646 0.1111110002
65216  57.635  -4.818  -2.695 0.1111110002
64391  63.186  -5.436  -6.459 0.1111110002
64393  60.973  -4.415  -5.457 0.1111110002
65241  60.538  -3.816  -5.358 0.1111110002
65238  63.829  -4.952  -6.743 0.1111110002
65242  60.333  -3.608  -5.064 0.1111110002
63455  62.140  -6.488  -0.244 0.1111110002
64340  62.079  -5.236  -0.253 0.1111110002
64372  64.107  -5.771  -4.223 0.1111110002
65214  63.137  -5.052  -2.648 0.1111110002
65198  62.327  -4.284  -1.430 0.1111110002
65187  62.194  -4.269  -0.032 0.1111110002
66138  61.694  -3.733  0.473 0.1111110002
65206  57.087  -4.155  -1.800 0.1111110002
64362  63.755  -5.364  -3.281 0.1111110002
65205  62.616  -4.747  -2.067 0.1111110002
66145  62.191  -3.702  -0.730 0.1111110002
65215  58.571  -4.350  -3.025 0.1111110002
65239  63.277  -4.982  -6.267 0.1111110002
66182  60.907  -3.696  -5.392 0.1111110002
66183  60.369  -3.465  -5.132 0.1111110002
66174  63.728  -4.208  -4.689 0.1111110002
66176  62.635  -3.507  -4.816 0.1111110002
65223  63.887  -4.737  -4.074 0.1111110002
66161  62.879  -4.167  -2.649 0.1111110002
66160  63.160  -3.545  -3.062 0.1111110002
113851  62.884  -3.287  -2.391 0.1111110002
66954  63.229  -2.979  -3.494 0.1111110002
64348  62.503  -5.271  -1.354 0.1111110002
62549  62.859  -7.092  -0.625 0.1111110002
64390  64.271  -5.830  -6.173 0.1111110002
64392  61.933  -5.007  -5.647 0.1111110002
63532  62.560  -5.840  -5.803 0.1111110002
66181  62.145  -4.229  -5.492 0.1111110002
66175  63.416  -3.914  -4.838 0.1111110002
66137  61.988  -3.203  -0.022 0.1111110002
65213  63.470  -4.413  -3.194 0.1111110002
66154  62.601  -3.947  -2.085 0.1111110002
26416  8.974  -46.865  42.885 0.1111110002
28334  10.071  -44.864  44.642 0.1111110002
28343  9.818  -44.950  44.142 0.1111110002
29301  11.081  -43.567  38.484 0.4444440007
29302  10.442  -43.654  38.439 0.5555559993
30108  12.958  -42.320  40.554 0.1111110002
30950  13.721  -41.629  42.440 0.1111110002
32697  15.703  -39.718  40.422 0.2222220004
32706  16.872  -38.798  39.998 0.2222220004
35272  22.483  -36.692  36.291 0.1111110002
37022  25.818  -34.191  33.042 0.5555559993
39835  22.990  -31.220  37.986 0.1111110002
40884  37.796  -30.391  33.306 0.1111110002
41883  36.251  -29.677  31.608 0.1111110002
42976  27.681  -28.858  27.813 0.8888890147
43948  31.673  -27.611  36.644 0.1111110002
47134  28.175  -24.198  35.084 0.1111110002
47143  36.039  -23.467  33.289 0.1111110002
48058  30.195  -23.969  34.912 0.2222220004
48069  34.622  -22.925  33.426 0.2222220004
48075  28.573  -23.670  33.290 0.2222220004
48084  32.360  -22.874  32.784 0.3333329856
48126  27.753  -23.714  29.462 0.6666669846
48960  32.269  -22.309  30.541 0.5555559993
49837  41.928  -22.048  23.617 1.0000000000
51513  40.538  -18.743  26.386 0.5555559993
51548  34.936  -19.591  24.420 1.0000000000
52538  35.077  -18.602  26.335 0.8888890147
53418  40.896  -17.247  25.829 0.3333329856
53509  37.221  -17.347  19.262 1.0000000000
53566  43.803  -17.435  15.676 0.5555559993
56844  39.150  -12.986  25.012 0.2222220004
56856  37.110  -13.984  22.733 0.5555559993
57801  39.867  -12.682  24.765 0.2222220004
63522  64.108  -6.580  -5.461 0.1111110002
63529  64.089  -6.154  -6.491 0.1111110002
63536  63.874  -5.597  -7.050 0.1111110002
64383  64.244  -6.099  -5.118 0.1111110002
64397  64.141  -5.646  -6.942 0.1111110002
65237  64.176  -5.176  -6.696 0.1111110002
65240  61.300  -4.284  -5.522 0.1111110002
65246  64.022  -5.236  -7.158 0.1111110002
65247  63.823  -5.146  -7.083 0.1111110002
66168  63.531  -3.828  -3.768 0.1111110002
66179  63.646  -4.778  -5.708 0.1111110002
66180  63.204  -4.604  -5.641 0.1111110002
108880  53.917  -8.959  12.139 0.2222220004
109271  28.407  -23.399  28.976 0.6666669846
110527  19.062  -37.421  36.866 0.2222220004
110715  14.771  -40.682  41.944 0.1111110002
110797  10.538  -44.825  39.902 0.4444440007
113355  47.854  -12.590  19.019 0.1111110002
115079  30.019  -22.894  28.966 0.5555559993
116375  38.868  -30.181  31.386 0.1111110002
117079  11.279  -39.135  36.478 0.5555559993
117712  39.342  -19.552  24.601 0.8888890147
118634  43.710  -19.924  20.527 0.3333329856
119508  24.178  -36.132  35.985 0.1111110002
121792  16.171  -39.218  39.899 0.2222220004
122590  62.392  -4.859  -5.757 0.1111110002
123201  35.665  -15.936  24.995 0.8888890147
123428  35.061  -29.590  32.516 0.1111110002
124260  30.159  -22.629  30.811 0.4444440007
125056  49.724  -18.183  16.034 0.2222220004
125493  12.612  -42.282  38.660 0.4444440007
125602  32.812  -22.632  28.368 0.7777780294
125867  53.449  -9.054  12.034 0.2222220004
126124  43.628  -28.548  29.969 0.1111110002
126989  36.806  -29.979  32.385 0.1111110002
