#!ascii label  , from subject sub-v1s20x0050325_ses-1 vox2ras=TkReg
3356
11  -5.416  -88.019  -2.541 0.8999999762
12  -6.236  -87.827  -2.329 0.8000000119
8  -6.580  -87.737  -1.929 0.8000000119
53  -8.255  -87.131  -1.179 0.8000000119
113792  -5.706  -87.763  -3.513 0.8999999762
56  -7.709  -87.604  -2.587 0.8000000119
112972  -8.666  -87.162  -1.831 0.8000000119
59  -9.818  -86.868  -3.238 0.8000000119
25  -7.216  -87.550  -4.281 0.8000000119
26  -7.912  -87.620  -4.060 0.8000000119
118629  -8.587  -87.506  -3.175 0.8000000119
114339  -0.951  -84.892  -4.539 0.6999999881
194  -1.449  -85.802  -4.328 0.8000000119
123  -1.077  -86.115  -4.398 0.6999999881
113  -3.532  -87.035  -2.970 0.6000000238
111  -11.171  -86.165  -1.082 0.5000000000
129480  -11.040  -86.201  -2.702 0.6999999881
121  -12.134  -85.535  -3.156 0.6000000238
117309  -10.624  -86.396  -4.346 0.8000000119
70  -9.977  -86.927  -4.729 0.8000000119
136  -10.311  -86.222  -5.534 0.8000000119
301  -0.146  -84.299  -5.237 0.8000000119
129439  -0.754  -85.225  -4.686 0.8000000119
308  2.397  -84.103  -5.773 0.8000000119
129  -0.750  -86.314  -4.942 1.0000000000
71  -2.012  -87.064  -5.184 0.8999999762
67  -3.275  -87.042  -4.694 0.8999999762
73  -3.609  -87.097  -5.142 0.8999999762
21  -3.652  -87.267  -4.348 0.8999999762
120313  -4.588  -87.600  -4.758 0.8999999762
116  -11.728  -85.943  -2.426 0.5000000000
120  -11.408  -85.990  -3.129 0.6999999881
123669  -12.188  -85.433  -3.968 0.6000000238
199  -13.360  -84.664  -4.303 0.6000000238
23  -4.907  -87.828  -4.094 0.8999999762
189  -11.432  -85.874  -3.931 0.6999999881
128038  -12.912  -84.569  -4.906 0.6999999881
28  -5.426  -87.406  -4.819 0.8999999762
29  -6.332  -87.234  -4.883 0.8999999762
77  -6.937  -86.986  -5.232 1.0000000000
85  -10.044  -86.060  -5.766 0.8000000119
208  -11.428  -85.327  -5.525 0.6999999881
144  -9.123  -85.996  -5.760 1.0000000000
146  -10.462  -85.415  -6.075 0.8000000119
147  -10.825  -85.268  -6.316 0.8000000119
119208  2.896  -84.794  -0.285 0.6999999881
550  0.420  -83.251  -5.156 0.6999999881
122  -0.689  -85.735  -4.703 0.8000000119
569  3.285  -83.169  -6.445 0.8999999762
81  -2.569  -87.019  -5.822 1.0000000000
74  -4.312  -87.101  -5.234 0.8999999762
316  -13.623  -84.363  -5.099 0.6000000238
125279  -14.718  -84.300  -6.018 0.6000000238
68  -8.523  -87.544  -4.774 0.8000000119
123162  -8.522  -86.707  -5.660 1.0000000000
126  -10.435  -86.410  -5.105 0.8000000119
315  -12.856  -84.226  -5.716 0.6000000238
217  -11.863  -84.472  -6.013 0.6999999881
330  -13.335  -83.822  -6.586 0.6000000238
232  -10.807  -84.616  -8.591 0.6999999881
300  1.946  -84.116  -5.455 0.8000000119
119837  0.918  -83.940  -5.441 0.8000000119
280  3.199  -84.311  -1.665 0.8000000119
187  -2.833  -85.431  -4.181 0.6000000238
202  -0.231  -85.152  -5.576 0.8000000119
138  -0.520  -85.673  -5.610 0.8999999762
335  2.174  -84.058  -7.081 0.8999999762
212  -0.551  -85.515  -6.362 1.0000000000
66  -2.595  -86.379  -4.634 0.8999999762
14  -3.456  -86.842  -4.068 0.8000000119
9  -3.554  -87.962  -2.603 0.8000000119
16  -4.113  -88.046  -3.339 0.8999999762
142  -3.224  -86.683  -6.423 1.0000000000
131  -4.535  -86.645  -5.530 0.8999999762
76  -5.946  -87.007  -5.137 0.8999999762
69  -9.324  -87.222  -5.074 0.8000000119
79  -9.812  -86.729  -5.367 0.8000000119
197  -11.825  -85.410  -4.639 0.6999999881
153  -10.952  -84.790  -6.989 0.8000000119
216  -11.207  -84.968  -6.442 0.6999999881
111915  -7.646  -86.673  -5.582 1.0000000000
215  -9.080  -85.486  -6.069 1.0000000000
226  -10.979  -84.661  -7.830 0.6999999881
133250  -11.124  -84.650  -7.200 0.8000000119
328  -11.510  -84.232  -6.816 0.6000000238
4103  -2.926  -73.634  -10.889 0.8000000119
151  -10.305  -84.721  -7.386 1.0000000000
152  -10.647  -84.898  -6.677 0.8000000119
343  -11.293  -84.226  -7.555 0.6999999881
581  -12.393  -83.480  -7.740 0.6000000238
135  -8.406  -86.004  -5.729 1.0000000000
118718  -10.703  -83.336  -9.430 0.8000000119
117166  -8.491  -85.314  -10.493 0.8999999762
377  -10.233  -84.524  -9.889 0.8000000119
241  -7.360  -85.365  -11.169 0.8999999762
611  -9.930  -83.380  -10.226 0.8000000119
129643  1.076  -82.684  -4.368 0.6000000238
122201  1.463  -84.588  -6.818 1.0000000000
336  1.009  -84.275  -7.520 1.0000000000
115435  4.206  -83.804  -1.978 0.8999999762
129020  4.026  -82.967  -3.872 0.8999999762
351  1.081  -83.569  -8.034 0.8999999762
847  -0.215  -82.540  -7.836 1.0000000000
125160  -0.680  -82.143  -7.447 1.0000000000
128643  -0.039  -85.187  -6.828 1.0000000000
337  0.003  -84.633  -7.424 1.0000000000
589  -1.103  -83.498  -8.084 1.0000000000
120827  -1.650  -82.202  -7.699 1.0000000000
1128  -2.211  -81.738  -7.404 1.0000000000
834  3.274  -82.278  -6.944 0.8999999762
220  -1.392  -85.182  -7.221 1.0000000000
1116  -2.036  -81.073  -7.018 1.0000000000
1111  3.369  -81.918  -6.420 0.8999999762
149  -1.970  -86.000  -7.064 1.0000000000
133364  -1.615  -83.844  -7.855 1.0000000000
849  -2.283  -82.593  -7.579 1.0000000000
1129  -2.999  -81.929  -7.250 1.0000000000
128798  -3.142  -85.385  -7.029 1.0000000000
341  -2.873  -84.471  -7.203 1.0000000000
120259  -3.505  -85.990  -6.683 1.0000000000
117025  -3.941  -83.078  -6.622 1.0000000000
325  -4.239  -84.846  -6.238 1.0000000000
75  -5.046  -87.123  -5.176 0.8999999762
109848  1.691  -77.351  -10.409 0.5000000000
132  -5.420  -86.611  -5.353 1.0000000000
125751  0.497  -76.804  -9.991 0.6999999881
133  -6.564  -86.488  -5.325 1.0000000000
3623  -0.851  -74.722  -10.161 0.8000000119
145  -9.683  -85.225  -6.337 1.0000000000
345  -12.794  -83.557  -7.232 0.6000000238
3633  -0.895  -73.976  -10.913 0.8000000119
3634  -2.508  -73.833  -10.308 0.8000000119
580  -11.681  -83.719  -8.025 0.6000000238
225  -9.877  -84.842  -8.151 1.0000000000
3650  -3.478  -73.944  -11.633 0.8000000119
117906  -9.496  -85.280  -8.937 1.0000000000
231  -10.503  -84.955  -9.118 0.8000000119
601  -11.750  -83.090  -8.772 0.8000000119
878  -12.170  -82.277  -10.136 0.6999999881
132751  -10.948  -82.525  -9.848 0.8000000119
118450  -12.500  -82.669  -11.382 0.6999999881
375  -8.701  -85.123  -10.806 0.8999999762
386  -7.936  -84.683  -11.391 0.8999999762
622  -9.254  -83.143  -11.465 0.8000000119
632  -8.885  -83.348  -12.343 0.8000000119
129684  -6.770  -84.347  -12.228 0.8000000119
496  3.310  -84.126  2.185 0.6000000238
797  4.335  -82.825  -1.283 0.8999999762
309  1.625  -84.497  -5.888 0.8000000119
586  1.586  -82.998  -8.183 0.8999999762
1115  -0.708  -81.633  -6.917 1.0000000000
1357  4.512  -80.677  -0.457 0.8999999762
307  3.204  -83.857  -5.483 0.8999999762
576  2.260  -83.185  -7.621 0.8999999762
124983  -1.378  -81.123  -6.859 1.0000000000
1411  -1.845  -80.684  -6.275 1.0000000000
113607  4.294  -82.660  -2.119 0.8999999762
115216  4.162  -83.071  -2.903 0.8999999762
558  3.481  -83.502  -4.662 0.8999999762
826  3.825  -82.409  -5.275 0.8999999762
1117  -2.794  -81.203  -7.071 1.0000000000
1078  4.183  -81.853  -2.639 0.8999999762
1087  3.806  -81.338  -3.938 0.8999999762
579  -2.625  -83.543  -7.388 1.0000000000
850  -3.198  -82.823  -7.155 1.0000000000
324  -3.553  -84.640  -6.693 1.0000000000
836  -3.750  -82.156  -6.824 1.0000000000
2015  2.543  -78.391  -8.478 0.5000000000
326  -4.906  -84.212  -6.026 1.0000000000
109841  2.406  -77.472  -9.803 0.5000000000
310  -5.061  -85.137  -5.707 1.0000000000
2403  1.424  -78.374  -9.533 0.5000000000
564  -6.426  -83.887  -5.305 1.0000000000
109843  2.205  -76.164  -10.522 0.5000000000
204  -5.747  -85.848  -5.384 1.0000000000
312  -7.001  -84.641  -5.207 1.0000000000
566  -8.300  -83.618  -5.598 1.0000000000
573  -8.742  -83.057  -6.102 0.8999999762
134  -7.470  -86.020  -5.514 1.0000000000
112202  -8.851  -85.101  -6.248 1.0000000000
314  -8.490  -84.470  -5.921 1.0000000000
574  -8.832  -83.434  -6.734 1.0000000000
859  -8.679  -82.247  -8.015 0.8999999762
342  -8.767  -84.037  -7.379 1.0000000000
110476  1.860  -75.746  -11.164 0.5000000000
110333  0.581  -76.068  -10.608 0.6999999881
125798  2.149  -74.867  -11.461 0.5000000000
3632  0.055  -74.691  -10.946 0.8000000119
119205  -9.348  -84.955  -6.545 1.0000000000
154  -10.188  -85.019  -8.657 1.0000000000
3647  1.617  -74.494  -11.998 0.5000000000
4102  -1.942  -73.607  -10.886 0.8000000119
224  -9.312  -84.751  -8.238 1.0000000000
368  -11.031  -84.025  -8.599 0.8000000119
869  -13.008  -82.412  -9.907 0.6000000238
4113  1.268  -73.763  -12.492 0.4000000060
4114  -1.098  -73.480  -11.725 0.8000000119
4115  -2.471  -73.498  -11.568 0.8000000119
3231  -3.472  -74.521  -11.164 0.8000000119
366  -8.705  -85.103  -8.859 0.8999999762
867  -11.493  -82.561  -9.571 0.6999999881
230  -8.817  -85.342  -9.766 0.8999999762
236  -7.946  -85.526  -10.937 0.8999999762
376  -9.494  -84.544  -10.404 0.8999999762
876  -10.463  -82.468  -10.351 0.8000000119
621  -8.375  -83.704  -11.834 0.8999999762
882  -9.830  -82.612  -11.337 0.8000000119
889  -10.309  -82.562  -11.614 0.6999999881
636  -12.643  -83.160  -12.074 0.6000000238
634  -10.439  -83.190  -12.581 0.6999999881
124503  -11.442  -83.349  -12.771 0.6000000238
240  -6.625  -85.336  -11.123 0.8999999762
127118  -5.832  -84.259  -13.760 0.8000000119
406  -6.575  -84.207  -13.631 0.8000000119
645  -9.177  -83.620  -13.240 0.6999999881
124841  -8.950  -84.549  -15.897 0.5000000000
119681  3.442  -83.699  3.008 0.6000000238
777  4.220  -82.849  1.647 0.8000000119
122672  4.419  -82.262  0.780 0.8999999762
115945  2.813  -83.742  -3.067 0.8000000119
278  3.816  -84.275  -1.329 0.8999999762
1112  2.791  -81.779  -6.971 0.8999999762
1113  1.828  -81.643  -6.993 0.8999999762
1114  0.123  -81.502  -6.463 1.0000000000
1412  -2.655  -80.765  -6.527 1.0000000000
1401  -3.290  -79.870  -5.545 1.0000000000
1413  -3.300  -80.435  -6.061 1.0000000000
1386  3.403  -80.915  -4.265 0.8999999762
1118  -3.443  -81.387  -6.796 1.0000000000
1414  -3.691  -80.878  -6.284 1.0000000000
571  -3.387  -83.764  -6.922 1.0000000000
1119  -4.248  -81.508  -6.282 1.0000000000
113773  -4.106  -83.980  -6.414 1.0000000000
1120  -5.017  -81.975  -6.040 1.0000000000
563  -5.515  -83.573  -5.729 1.0000000000
2017  0.934  -78.559  -8.029 0.5000000000
1105  -5.843  -81.978  -5.690 1.0000000000
311  -5.626  -84.342  -5.587 1.0000000000
114911  -8.299  -82.691  -5.710 0.8999999762
109842  2.515  -75.560  -9.999 0.5000000000
839  -8.709  -82.280  -6.329 0.8999999762
840  -8.863  -82.542  -6.727 0.8999999762
207  -8.084  -85.359  -5.743 1.0000000000
327  -8.848  -84.329  -6.629 1.0000000000
858  -8.041  -82.590  -8.580 0.8999999762
129585  -8.632  -83.430  -7.474 0.8999999762
124909  -8.365  -83.815  -8.015 0.8999999762
355  -8.703  -84.494  -8.083 0.8999999762
600  -7.182  -84.405  -9.057 0.8999999762
868  -12.285  -82.503  -9.408 0.6999999881
4116  -3.290  -73.694  -11.595 0.8000000119
612  -13.650  -82.821  -10.670 0.6000000238
4146  -0.014  -73.131  -13.704 0.4000000060
4134  -2.114  -73.321  -12.541 0.8000000119
4623  -0.165  -72.984  -14.519 0.5000000000
3247  -3.281  -74.374  -12.049 0.6999999881
2826  -2.600  -76.363  -11.040 0.8999999762
387  -8.855  -84.075  -11.150 0.8999999762
116608  -12.281  -83.328  -12.750 0.5000000000
385  -7.030  -84.799  -11.675 0.8000000119
647  -10.888  -83.564  -13.396 0.6999999881
118898  -11.688  -83.313  -13.216 0.5000000000
396  -6.127  -84.214  -12.785 0.8000000119
418  -9.743  -84.244  -14.894 0.6000000238
132293  -8.080  -84.400  -16.301 0.5000000000
255  3.280  -84.442  1.105 0.6999999881
526  2.263  -83.495  -1.708 0.6000000238
284  3.720  -84.227  -2.110 0.8999999762
122436  1.480  -80.772  -5.407 1.0000000000
1409  0.110  -80.967  -5.814 1.0000000000
1390  -1.116  -79.926  -4.956 1.0000000000
1400  -2.609  -80.253  -5.908 1.0000000000
130715  4.095  -80.991  -2.368 0.8999999762
1103  2.334  -80.904  -5.397 1.0000000000
1689  -2.569  -79.789  -5.265 1.0000000000
1415  -5.089  -81.259  -5.795 1.0000000000
830  -7.448  -82.269  -5.499 0.8999999762
2392  -1.008  -77.314  -7.605 0.8000000119
828  -6.143  -82.926  -5.454 1.0000000000
829  -6.981  -83.040  -5.167 1.0000000000
1131  -8.990  -81.979  -7.333 0.8999999762
3196  -1.679  -75.535  -8.480 0.8000000119
3215  -2.254  -74.748  -9.012 0.8000000119
3635  -3.804  -74.082  -10.683 0.8000000119
364  -6.874  -85.105  -9.677 0.8999999762
228  -6.719  -85.430  -10.228 0.8999999762
229  -7.697  -85.417  -10.275 0.8999999762
4135  -3.104  -73.471  -12.843 0.6999999881
235  -7.110  -85.519  -10.769 0.8999999762
4624  -1.710  -73.151  -14.184 0.5000000000
3679  -2.983  -73.770  -12.841 0.6000000238
2837  -1.178  -75.934  -12.375 0.6999999881
239  -5.869  -85.272  -10.999 0.8000000119
620  -7.500  -84.117  -12.071 0.8000000119
3245  -1.428  -75.373  -13.078 0.6000000238
2426  -0.460  -76.918  -12.270 0.6999999881
2034  -0.373  -78.648  -11.366 0.6999999881
631  -7.981  -83.843  -12.524 0.8000000119
122147  -9.622  -83.296  -12.699 0.6999999881
4625  -2.261  -73.253  -14.788 0.5000000000
3678  -2.916  -74.175  -13.224 0.6000000238
644  -8.379  -83.788  -13.176 0.8000000119
115549  -7.589  -84.476  -15.185 0.6999999881
429  -10.089  -84.404  -15.692 0.4000000060
125164  -9.575  -84.644  -16.555 0.5000000000
1681  -0.707  -79.520  -4.188 1.0000000000
1391  -1.895  -79.735  -4.927 1.0000000000
1683  -2.378  -79.443  -4.544 1.0000000000
118132  -3.876  -79.516  -5.340 1.0000000000
124434  -3.181  -80.928  -6.623 1.0000000000
1697  -3.890  -79.900  -5.596 1.0000000000
1690  -4.588  -79.378  -5.326 1.0000000000
1402  -4.510  -79.982  -5.595 1.0000000000
1691  -5.385  -79.554  -5.423 1.0000000000
130340  -4.390  -80.692  -5.880 1.0000000000
1403  -5.209  -80.385  -5.603 1.0000000000
118251  -5.934  -81.021  -5.576 1.0000000000
1108  -8.220  -81.165  -6.296 0.8999999762
1106  -6.681  -81.601  -5.572 1.0000000000
1121  -8.672  -81.527  -6.583 0.8999999762
1130  -8.848  -81.218  -7.284 0.8999999762
2405  -0.355  -77.460  -8.424 0.8000000119
565  -7.425  -83.793  -5.222 1.0000000000
866  -8.377  -81.711  -8.662 0.8999999762
2802  -1.207  -76.525  -8.197 0.8000000119
3214  -1.301  -75.151  -9.295 0.8000000119
3625  -2.915  -73.998  -9.676 0.8000000119
133726  -3.879  -73.801  -10.331 0.8000000119
3624  -1.918  -74.390  -9.766 0.8000000119
865  -7.218  -82.788  -8.982 0.8999999762
599  -6.241  -84.580  -9.411 0.8999999762
363  -5.349  -84.628  -9.648 0.8999999762
227  -5.823  -85.223  -9.922 0.8999999762
113721  4.641  -81.952  4.061 0.8000000119
752  4.264  -82.580  4.197 0.6999999881
1028  4.595  -81.537  3.220 0.8000000119
2689  1.297  -76.886  2.886 1.0000000000
126657  4.753  -80.608  1.256 0.8999999762
1047  4.493  -81.586  1.460 0.8000000119
2289  1.079  -77.282  2.047 1.0000000000
1053  4.655  -80.901  0.490 0.8999999762
133848  4.396  -80.332  -0.372 0.8999999762
1358  4.224  -80.356  -0.903 0.8999999762
1061  4.350  -80.795  -1.180 0.8999999762
1368  3.838  -80.249  -1.589 1.0000000000
121631  -0.945  -78.922  -3.055 1.0000000000
1670  -1.748  -78.801  -2.961 1.0000000000
1991  -3.301  -78.670  -3.582 1.0000000000
1678  -2.897  -79.040  -4.052 1.0000000000
1070  4.115  -80.595  -1.732 0.8999999762
1378  3.740  -80.485  -2.473 0.8999999762
1667  2.103  -79.653  -2.488 1.0000000000
1668  1.233  -79.534  -2.870 1.0000000000
1674  0.394  -79.423  -3.213 1.0000000000
1669  -0.254  -79.007  -2.661 1.0000000000
1995  -3.703  -78.783  -4.265 1.0000000000
1379  2.983  -80.037  -2.988 1.0000000000
116663  2.305  -80.122  -3.831 1.0000000000
1685  -4.163  -79.016  -4.995 1.0000000000
2357  -5.104  -77.766  -4.350 1.0000000000
126801  -4.857  -78.768  -5.024 1.0000000000
2359  -6.402  -77.268  -4.924 1.0000000000
2760  0.544  -76.994  -4.543 0.6999999881
2761  -0.391  -76.748  -4.422 0.6999999881
2762  -0.991  -76.744  -4.846 0.8999999762
2370  -6.921  -77.584  -5.375 1.0000000000
2355  2.600  -77.294  -4.890 0.6999999881
2356  1.594  -77.388  -5.107 0.6999999881
2001  -7.151  -78.236  -5.782 1.0000000000
3154  4.294  -75.289  -5.423 0.4000000060
123012  4.089  -76.830  -5.076 0.6000000238
126890  3.636  -77.262  -6.434 0.5000000000
2379  3.509  -77.786  -7.094 0.6000000238
122446  1.437  -78.258  -6.668 0.6000000238
2367  0.626  -77.531  -5.468 0.6999999881
118500  -0.886  -77.118  -5.521 0.8000000119
2774  -1.527  -76.756  -5.536 0.8999999762
2784  -2.647  -76.257  -6.254 0.8999999762
3572  -4.788  -74.443  -5.889 0.8999999762
129429  -5.385  -73.299  -7.107 0.8999999762
1692  -6.491  -79.082  -5.618 0.8999999762
1416  -7.831  -79.755  -6.414 0.8999999762
115648  2.635  -78.442  -7.677 0.6000000238
2009  0.744  -78.292  -7.081 0.6000000238
2381  -0.659  -77.734  -6.943 0.6999999881
2783  -1.956  -76.726  -6.415 0.8999999762
121621  -7.163  -80.093  -6.033 0.8999999762
3555  4.828  -74.917  -3.996 0.6000000238
2021  1.956  -78.733  -8.466 0.6000000238
2382  -1.394  -77.209  -6.909 0.8000000119
3171  -4.292  -74.902  -6.195 0.8999999762
1405  -7.969  -80.494  -6.346 0.8999999762
1419  -8.592  -80.216  -7.402 0.8999999762
2010  0.088  -78.222  -7.447 0.6000000238
2792  -2.522  -76.293  -6.968 0.8000000119
3189  -3.539  -75.052  -7.176 0.8999999762
3581  -4.117  -74.592  -6.965 0.8999999762
3595  -4.439  -73.788  -7.527 0.8999999762
117421  -8.825  -80.749  -7.916 0.8999999762
2791  -1.774  -76.744  -7.312 0.8000000119
3187  -2.114  -75.996  -7.700 0.8000000119
3188  -2.892  -75.555  -7.400 0.8000000119
3594  -3.962  -74.124  -7.794 0.8999999762
115700  -5.134  -73.384  -9.133 0.8999999762
3608  -4.658  -73.432  -8.425 0.8999999762
1422  -8.517  -80.167  -8.149 0.8999999762
3197  -2.558  -75.141  -8.189 0.8000000119
3606  -3.177  -74.320  -8.865 0.8000000119
3628  -5.387  -73.819  -9.415 0.8999999762
2803  -5.905  -76.210  -8.705 0.8999999762
2804  -6.696  -76.358  -8.182 0.8999999762
1142  -7.775  -81.199  -9.145 0.8999999762
1143  -8.529  -80.897  -8.516 0.8999999762
3627  -4.763  -73.763  -9.640 0.8999999762
3216  -5.185  -74.596  -9.577 0.8999999762
2414  -5.601  -77.144  -8.788 0.8999999762
118670  -7.773  -82.033  -9.077 0.8999999762
3626  -3.962  -73.758  -9.688 0.8999999762
3225  -4.616  -74.595  -9.947 0.8999999762
2027  -4.912  -78.214  -9.457 0.8999999762
1426  -6.310  -80.377  -9.525 0.8999999762
1141  -6.752  -81.137  -9.474 0.8999999762
3224  -3.994  -74.851  -10.492 0.8999999762
2828  -4.327  -75.722  -10.008 0.8999999762
2813  -4.738  -76.498  -9.576 0.8999999762
132783  -5.533  -80.413  -9.751 0.8999999762
115792  -6.262  -82.902  -9.387 0.8999999762
2423  -4.231  -77.537  -9.784 0.8999999762
2037  -4.224  -78.458  -9.800 0.8999999762
1439  -5.009  -81.010  -9.929 0.8999999762
131534  -5.906  -83.972  -9.330 0.8999999762
2422  -3.352  -77.073  -10.405 0.8999999762
1721  -3.892  -79.204  -9.961 0.8999999762
598  -5.234  -83.552  -9.666 0.8999999762
362  -4.545  -84.422  -10.000 0.8000000119
2421  -2.145  -77.304  -10.837 0.8999999762
1438  -3.473  -80.141  -10.153 0.8000000119
374  -4.865  -85.007  -10.151 0.8999999762
4159  -2.737  -74.183  -14.875 0.5000000000
2035  -1.802  -78.368  -10.749 0.8000000119
1719  -1.539  -79.428  -10.750 0.8000000119
607  -2.674  -83.494  -11.282 0.8000000119
130527  -4.283  -84.618  -11.584 0.8000000119
120595  -1.169  -72.827  -15.310 0.5000000000
1158  -1.530  -81.893  -11.244 0.6999999881
381  -3.616  -84.404  -11.489 0.8000000119
428  -7.426  -84.336  -15.976 0.6999999881
2856  -0.879  -76.443  -13.004 0.5000000000
131670  -0.015  -79.208  -11.552 0.6999999881
1443  -0.569  -80.620  -11.818 0.6999999881
404  -4.301  -84.125  -13.174 0.8000000119
405  -5.163  -84.204  -13.232 0.8000000119
2871  -1.392  -75.784  -13.787 0.5000000000
1442  -0.200  -79.935  -12.213 0.6999999881
1161  -1.819  -81.721  -12.380 0.6999999881
888  -2.396  -82.700  -12.469 0.8000000119
416  -6.127  -84.369  -14.608 0.8000000119
437  -7.712  -84.131  -16.558 0.4000000060
2040  0.229  -78.514  -12.417 0.6000000238
1747  -1.292  -79.971  -13.093 0.5000000000
1169  -2.486  -81.291  -13.182 0.5000000000
121114  -3.414  -82.433  -13.555 0.6999999881
652  -4.150  -83.033  -14.078 0.6999999881
654  -5.139  -84.026  -14.866 0.6000000238
664  -6.096  -83.998  -15.617 0.6000000238
665  -6.933  -84.104  -16.096 0.6000000238
663  -5.387  -83.740  -15.086 0.6000000238
672  -8.791  -84.095  -17.352 0.4000000060
1170  -3.489  -81.626  -13.601 0.4000000060
902  -6.560  -82.769  -14.874 0.4000000060
909  -5.851  -83.370  -15.101 0.4000000060
1006  5.495  -81.155  5.267 0.6000000238
1308  5.326  -80.914  4.437 0.8000000119
116616  4.943  -81.153  3.869 0.8000000119
2688  2.197  -76.969  3.104 1.0000000000
1326  5.186  -80.003  2.431 0.8999999762
127618  2.812  -77.403  2.712 1.0000000000
2298  3.031  -77.818  2.040 1.0000000000
2690  0.404  -76.800  2.624 1.0000000000
122807  4.945  -79.740  1.625 0.8999999762
120514  3.682  -78.527  1.419 1.0000000000
1938  1.904  -78.117  1.021 1.0000000000
2300  1.133  -77.752  1.309 1.0000000000
118286  4.488  -80.084  0.444 0.8999999762
1631  4.321  -79.190  1.190 1.0000000000
1637  3.426  -79.293  0.175 1.0000000000
1345  4.282  -80.196  -0.194 0.8999999762
122120  3.248  -79.572  -0.555 1.0000000000
1952  0.816  -78.269  0.137 1.0000000000
1966  1.447  -78.779  -0.522 1.0000000000
1648  3.876  -80.048  -0.825 0.8999999762
1658  3.182  -79.820  -1.419 1.0000000000
1649  2.372  -79.302  -0.928 1.0000000000
1650  1.606  -79.145  -1.272 1.0000000000
1976  0.803  -78.893  -1.251 1.0000000000
1661  0.290  -78.927  -1.953 1.0000000000
1663  -1.083  -78.744  -2.422 1.0000000000
1984  -1.730  -78.597  -2.201 1.0000000000
1985  -2.539  -78.550  -2.322 1.0000000000
1987  -4.336  -77.686  -3.086 1.0000000000
2348  -5.440  -77.186  -3.821 1.0000000000
119534  2.232  -79.492  -1.711 1.0000000000
1992  -3.937  -78.208  -3.526 1.0000000000
2347  -4.679  -77.711  -3.730 1.0000000000
3157  -1.884  -75.958  -3.856 1.0000000000
126330  -5.482  -78.831  -5.201 1.0000000000
1998  -6.146  -78.036  -5.292 1.0000000000
3997  3.462  -74.048  -0.495 0.8999999762
2745  4.392  -76.143  -3.851 0.6999999881
2739  3.871  -76.398  -3.402 0.6999999881
2354  3.590  -77.141  -4.746 0.6999999881
126742  3.038  -78.141  -6.116 0.6000000238
2775  -2.274  -76.334  -5.532 0.8999999762
3170  -3.759  -75.471  -5.863 1.0000000000
4057  -6.181  -73.195  -7.042 0.8999999762
2371  -7.739  -77.412  -6.062 0.8999999762
3180  -3.230  -75.799  -6.558 0.8999999762
1693  -7.484  -79.102  -6.161 0.8999999762
1698  -8.091  -79.117  -6.689 0.8999999762
1699  -8.368  -79.278  -7.128 0.8999999762
2018  -8.216  -78.699  -7.331 0.8999999762
3596  -7.343  -74.052  -8.096 0.8999999762
1701  -8.330  -79.479  -7.694 0.8999999762
3198  -3.349  -74.706  -8.007 0.8000000119
3200  -6.579  -75.321  -8.518 0.8999999762
3607  -3.977  -73.844  -8.702 0.8999999762
3199  -5.868  -74.689  -9.120 0.8999999762
2407  -7.271  -77.810  -7.976 0.8999999762
1705  -7.951  -79.501  -8.322 0.8999999762
1427  -7.990  -80.311  -8.759 0.8999999762
2406  -6.360  -77.302  -8.357 0.8999999762
2022  -6.698  -78.328  -8.511 0.8999999762
123342  -7.195  -80.408  -9.219 0.8999999762
114972  -5.283  -76.645  -9.058 0.8999999762
122658  -5.479  -78.761  -9.364 0.8999999762
2827  -3.635  -76.077  -10.524 0.8999999762
1708  -4.836  -79.053  -9.701 0.8999999762
864  -5.576  -82.529  -9.709 0.8999999762
1722  -4.663  -80.052  -9.878 0.8999999762
874  -4.803  -82.679  -9.919 0.8999999762
2036  -3.219  -78.190  -10.208 0.8999999762
119974  -4.047  -80.984  -10.186 0.8999999762
608  -3.859  -83.959  -10.449 0.8000000119
118993  -2.911  -81.087  -10.385 0.8000000119
1152  -3.443  -81.916  -10.409 0.8000000119
120134  -3.233  -83.551  -10.763 0.8000000119
119555  -4.156  -84.501  -10.668 0.8000000119
1150  -1.000  -81.126  -11.274 0.8000000119
116151  -2.342  -82.006  -10.727 0.8000000119
619  -3.307  -84.094  -11.096 0.8000000119
871  -2.139  -82.696  -11.288 0.8000000119
618  -2.799  -83.951  -11.785 0.8000000119
895  -3.571  -82.918  -13.654 0.8000000119
2055  -1.569  -78.347  -13.525 0.4000000060
1461  -3.017  -80.708  -13.459 0.4000000060
662  -5.137  -82.962  -14.666 0.5000000000
910  -6.814  -83.616  -15.720 0.5000000000
919  -7.559  -83.847  -16.537 0.5000000000
671  -8.102  -83.955  -17.117 0.4000000060
1197  -7.394  -82.751  -15.286 0.4000000060
3071  0.330  -75.400  4.867 1.0000000000
1614  5.594  -79.392  3.067 0.8999999762
2679  1.544  -76.473  3.627 1.0000000000
3082  0.935  -75.985  4.246 1.0000000000
3083  -0.017  -75.973  4.135 1.0000000000
2687  3.113  -77.039  3.169 1.0000000000
2681  -0.405  -76.320  3.167 1.0000000000
2682  -1.269  -76.401  2.448 1.0000000000
3084  -1.341  -75.889  3.292 1.0000000000
1635  4.624  -79.720  1.049 0.8999999762
2301  -0.321  -77.284  1.454 1.0000000000
2704  -1.001  -76.932  1.831 1.0000000000
1630  4.795  -79.211  1.654 0.8999999762
2302  -1.272  -77.281  1.226 1.0000000000
2303  -2.162  -77.160  1.119 1.0000000000
2706  -2.575  -76.517  1.539 1.0000000000
117036  3.852  -79.838  -0.186 1.0000000000
1951  1.760  -78.451  0.321 1.0000000000
2315  0.343  -77.797  0.832 1.0000000000
1953  -0.116  -78.105  0.044 1.0000000000
1954  -1.031  -78.073  -0.091 1.0000000000
2329  -3.049  -77.852  -0.660 1.0000000000
1979  -2.830  -78.278  -1.424 1.0000000000
1965  2.519  -78.975  -0.146 1.0000000000
1977  -0.054  -78.634  -1.278 1.0000000000
113762  -0.746  -78.538  -1.283 1.0000000000
1978  -1.256  -78.568  -1.709 1.0000000000
1969  -2.265  -78.194  -0.774 1.0000000000
1980  -3.365  -78.204  -2.069 1.0000000000
2344  -3.966  -77.707  -1.917 1.0000000000
2340  -5.005  -76.961  -2.252 1.0000000000
2358  -5.708  -77.549  -4.654 1.0000000000
2349  -6.062  -76.980  -4.353 1.0000000000
3560  -3.180  -75.373  -3.950 1.0000000000
2764  -6.710  -76.617  -4.490 1.0000000000
2360  -7.138  -76.909  -5.205 1.0000000000
3140  4.717  -75.537  -3.436 0.6999999881
2758  2.834  -77.026  -4.114 0.6999999881
127443  3.711  -77.165  -5.548 0.6000000238
3169  -3.096  -75.996  -5.639 1.0000000000
3159  -3.487  -75.431  -4.915 1.0000000000
3571  -4.366  -74.944  -5.231 0.8999999762
2383  -8.219  -77.144  -6.781 0.8999999762
4020  4.662  -73.558  -3.998 0.4000000060
4073  -6.807  -73.316  -7.988 0.8999999762
3190  -7.719  -75.505  -7.697 0.8999999762
2024  -8.055  -78.935  -7.804 0.8999999762
2408  -7.949  -78.218  -7.599 0.8999999762
4083  -5.420  -73.141  -8.553 0.8999999762
124690  -7.063  -77.033  -7.881 0.8999999762
2023  -7.569  -78.671  -8.152 0.8999999762
3609  -5.820  -73.519  -9.082 0.8999999762
1711  -7.414  -79.804  -8.871 0.8999999762
1704  -7.109  -79.150  -8.706 0.8999999762
1710  -6.682  -79.694  -9.207 0.8999999762
1709  -5.701  -79.596  -9.552 0.8999999762
2413  -5.055  -77.376  -9.222 0.8999999762
873  -3.849  -82.903  -10.307 0.8000000119
872  -2.874  -82.820  -10.754 0.8000000119
1735  -2.496  -79.205  -13.426 0.4000000060
900  -4.620  -82.652  -14.242 0.6000000238
1184  -5.261  -82.062  -13.922 0.5000000000
1171  -4.684  -81.566  -13.656 0.4000000060
1604  6.196  -79.575  5.162 0.8000000119
3955  -0.082  -73.675  5.204 1.0000000000
3081  1.896  -75.856  4.112 1.0000000000
3070  1.342  -75.298  4.790 1.0000000000
3472  -0.283  -74.622  5.068 1.0000000000
3473  -1.129  -74.594  4.727 1.0000000000
123316  5.930  -78.869  3.430 0.8000000119
116622  6.172  -78.693  4.187 0.8000000119
2678  2.506  -76.433  3.612 1.0000000000
3073  -1.477  -75.237  4.039 1.0000000000
1922  5.701  -78.196  3.456 0.8999999762
130198  -0.796  -75.792  3.876 1.0000000000
131353  -2.206  -74.844  3.740 1.0000000000
1929  4.828  -78.546  2.253 1.0000000000
2287  3.593  -77.629  2.691 1.0000000000
3091  -1.903  -75.942  2.791 1.0000000000
3092  -2.561  -75.591  2.617 1.0000000000
3093  -3.318  -75.229  2.392 1.0000000000
1930  4.052  -78.211  2.144 1.0000000000
2705  -1.736  -76.761  1.729 1.0000000000
2691  -2.163  -76.190  2.176 1.0000000000
1939  1.165  -78.081  0.731 1.0000000000
2708  -4.203  -75.830  1.183 1.0000000000
2720  -4.618  -76.056  0.536 1.0000000000
2316  -0.686  -77.688  0.648 1.0000000000
2317  -1.705  -77.664  0.464 1.0000000000
2318  -2.544  -77.412  0.547 1.0000000000
2718  -2.999  -76.915  0.930 1.0000000000
2719  -3.811  -76.524  0.665 1.0000000000
2721  -5.092  -76.165  -0.101 1.0000000000
2331  -4.464  -77.061  -0.966 1.0000000000
122077  -1.774  -78.062  -0.245 1.0000000000
111295  -4.890  -77.268  -3.045 1.0000000000
2751  -6.288  -76.464  -3.588 1.0000000000
2748  0.945  -76.463  -3.788 0.6999999881
3144  -1.850  -75.504  -2.929 1.0000000000
3537  -3.198  -74.681  -2.520 1.0000000000
3538  -3.864  -74.451  -2.784 1.0000000000
3143  -0.447  -76.071  -3.273 0.8999999762
112818  -1.053  -75.834  -3.054 1.0000000000
3145  -2.479  -75.604  -3.677 1.0000000000
2765  -7.425  -76.154  -4.809 1.0000000000
3156  -1.037  -76.324  -3.886 1.0000000000
4025  -4.977  -73.797  -3.571 1.0000000000
3130  4.622  -75.470  -2.496 0.6999999881
2740  3.269  -76.181  -2.899 0.6999999881
2747  2.013  -76.445  -3.690 0.6999999881
2759  1.724  -76.981  -4.322 0.6999999881
3158  -2.611  -75.894  -4.599 1.0000000000
4044  -5.117  -74.229  -5.213 1.0000000000
3573  -5.462  -73.706  -6.152 0.8999999762
2777  -8.278  -75.945  -6.019 0.8999999762
2372  -8.126  -76.652  -6.245 0.8999999762
3531  4.945  -74.754  -1.893 0.6999999881
4045  -5.820  -73.549  -5.286 1.0000000000
2776  -7.806  -76.455  -5.587 1.0000000000
3583  -8.233  -74.013  -7.045 0.8999999762
2394  -8.195  -77.732  -7.137 0.8999999762
4505  4.538  -72.845  -3.368 0.4000000060
3611  -7.275  -74.840  -8.181 0.8999999762
3191  -8.253  -75.397  -7.196 0.8999999762
2393  -7.789  -77.169  -7.440 0.8999999762
1902  6.230  -78.380  5.329 0.6999999881
1593  6.344  -79.280  6.217 0.6000000238
3469  2.742  -74.395  4.581 1.0000000000
3470  1.834  -74.464  5.003 1.0000000000
3954  0.653  -73.371  5.252 1.0000000000
122428  -0.799  -73.953  5.058 1.0000000000
3069  2.309  -75.127  4.396 1.0000000000
3956  -1.513  -73.743  4.829 1.0000000000
3080  2.871  -75.690  3.852 1.0000000000
3483  -2.672  -74.201  3.842 1.0000000000
1923  5.481  -78.662  2.809 1.0000000000
3484  -3.481  -74.105  3.379 1.0000000000
112940  5.052  -77.953  2.934 1.0000000000
2277  4.615  -77.194  3.290 1.0000000000
3490  -3.758  -74.604  2.757 1.0000000000
3485  -4.245  -73.963  2.948 1.0000000000
3491  -4.525  -74.485  2.407 1.0000000000
2286  4.368  -77.846  2.750 1.0000000000
3099  -4.736  -75.122  1.746 1.0000000000
126181  -4.882  -76.588  -0.670 1.0000000000
2736  -6.173  -75.909  -1.734 1.0000000000
3114  -5.844  -75.709  -0.218 1.0000000000
128671  -5.671  -76.205  -1.387 1.0000000000
4484  3.972  -73.387  0.013 1.0000000000
3535  -1.533  -74.982  -1.923 1.0000000000
3134  0.724  -75.408  -2.629 0.8999999762
3135  -0.317  -75.537  -2.578 0.8999999762
3536  -2.375  -74.888  -2.220 1.0000000000
4014  -3.628  -74.128  -2.079 1.0000000000
4015  -4.421  -73.821  -2.635 1.0000000000
3549  -8.341  -74.130  -3.012 1.0000000000
116962  -6.724  -75.611  -2.126 1.0000000000
2752  -7.131  -75.914  -3.980 1.0000000000
4026  -5.772  -73.003  -3.675 1.0000000000
3146  -7.696  -75.337  -3.569 1.0000000000
3160  -7.937  -75.433  -4.337 1.0000000000
3518  4.533  -74.509  -1.155 0.6999999881
3124  3.472  -75.234  -1.608 0.6999999881
3132  2.944  -75.713  -2.369 0.8000000119
3142  1.330  -76.026  -3.106 0.8000000119
3561  -3.997  -75.006  -4.175 1.0000000000
4036  -5.417  -73.712  -4.448 1.0000000000
4037  -6.161  -73.165  -4.640 1.0000000000
2766  -8.102  -75.641  -5.217 1.0000000000
4012  5.162  -73.526  -2.578 0.6999999881
116086  -7.547  -73.120  -5.993 1.0000000000
4058  -7.150  -73.328  -6.928 0.8999999762
113258  -6.506  -73.150  -6.029 1.0000000000
3584  -8.449  -74.657  -6.845 0.8999999762
3182  -8.438  -75.446  -6.553 0.8999999762
118717  -8.325  -76.014  -6.997 0.8999999762
4949  4.293  -72.054  -2.985 0.6000000238
2793  -8.034  -76.191  -7.299 0.8999999762
2794  -8.195  -76.724  -7.051 0.8999999762
1892  6.334  -78.510  6.387 0.6000000238
121786  2.938  -72.889  5.095 1.0000000000
4429  -0.861  -72.975  4.999 1.0000000000
3482  3.206  -74.938  4.023 1.0000000000
1912  5.859  -77.743  4.238 0.8999999762
3079  3.805  -75.497  3.716 1.0000000000
4430  -1.830  -72.868  4.703 1.0000000000
3957  -2.296  -73.561  4.411 1.0000000000
2278  3.976  -77.090  3.187 1.0000000000
114677  3.507  -76.337  3.519 1.0000000000
123772  -5.204  -74.406  2.110 1.0000000000
3106  -4.901  -75.586  1.087 1.0000000000
3108  -6.324  -75.160  0.360 1.0000000000
3115  -6.590  -75.251  -0.443 1.0000000000
121364  0.481  -70.740  -1.549 1.0000000000
3126  -6.830  -75.291  -1.343 1.0000000000
4468  3.331  -72.413  -0.580 1.0000000000
121689  -0.322  -70.793  -1.346 1.0000000000
4936  -0.829  -71.733  -1.247 1.0000000000
3525  -1.999  -74.404  -1.456 1.0000000000
4013  -2.817  -74.297  -1.739 1.0000000000
4004  -4.051  -73.496  -1.640 1.0000000000
127940  -6.572  -74.565  0.799 1.0000000000
3508  -7.040  -74.550  0.098 1.0000000000
3533  0.153  -74.858  -2.028 0.8999999762
3524  -1.214  -74.388  -1.434 1.0000000000
4507  -5.754  -72.681  -2.632 1.0000000000
3138  -7.410  -75.070  -2.108 1.0000000000
117758  -7.858  -74.861  -2.909 1.0000000000
3534  -0.737  -74.964  -1.852 0.8999999762
4016  -5.148  -73.174  -2.941 1.0000000000
4517  -6.556  -72.544  -3.175 1.0000000000
3523  -0.398  -74.334  -1.568 1.0000000000
3563  -8.420  -74.713  -4.777 1.0000000000
3519  3.957  -74.561  -0.735 0.8000000119
3125  2.407  -74.989  -1.924 0.8000000119
3133  1.816  -75.419  -2.607 0.8000000119
4528  -7.668  -72.782  -4.329 1.0000000000
124467  -8.586  -74.054  -4.853 1.0000000000
3172  -8.491  -75.127  -5.732 1.0000000000
3507  4.592  -73.993  -0.467 0.8000000119
4046  -8.228  -73.335  -5.800 1.0000000000
130531  -8.607  -74.692  -6.197 0.8999999762
4483  5.398  -72.913  -0.486 0.8000000119
4060  -8.568  -73.948  -6.269 0.8999999762
4504  5.192  -72.683  -1.666 0.6999999881
4948  5.235  -71.771  -1.301 0.8000000119
5404  4.166  -71.428  -3.653 0.5000000000
2260  6.388  -78.144  7.205 0.5000000000
2261  6.125  -77.698  6.189 0.6000000238
4425  3.593  -72.142  5.028 1.0000000000
122450  1.045  -72.625  5.240 1.0000000000
4883  0.631  -71.762  4.892 1.0000000000
2268  5.378  -76.726  4.264 0.8000000119
2266  5.837  -77.287  5.192 0.6999999881
3481  3.495  -74.339  4.207 1.0000000000
3952  3.263  -73.701  4.576 1.0000000000
3953  1.435  -73.565  5.244 1.0000000000
113653  4.025  -74.659  3.847 1.0000000000
121451  2.360  -73.648  5.048 1.0000000000
4428  0.145  -72.599  4.994 1.0000000000
129598  -0.442  -72.100  4.575 1.0000000000
2676  4.868  -76.460  3.610 1.0000000000
2677  4.323  -76.186  3.540 1.0000000000
4438  -1.184  -71.940  4.323 1.0000000000
4431  -2.574  -72.850  4.368 1.0000000000
129528  -3.663  -70.510  3.380 1.0000000000
132046  -3.800  -72.053  3.632 1.0000000000
3965  -3.991  -72.713  3.489 1.0000000000
4895  -3.572  -71.370  3.623 1.0000000000
4896  -4.302  -71.863  3.362 1.0000000000
3966  -4.532  -73.270  3.036 1.0000000000
3968  -5.055  -73.059  2.660 1.0000000000
4445  -4.742  -72.518  3.004 1.0000000000
3969  -5.519  -73.259  2.279 1.0000000000
5382  1.085  -70.190  -1.608 1.0000000000
5383  0.174  -70.046  -1.488 1.0000000000
4901  -4.362  -70.978  3.149 1.0000000000
3492  -5.829  -73.928  1.994 1.0000000000
3101  -6.001  -74.930  1.059 1.0000000000
5353  -5.261  -70.952  1.772 1.0000000000
4446  -5.307  -72.520  2.436 1.0000000000
3497  -6.340  -74.281  1.405 1.0000000000
5373  -2.139  -70.700  -0.807 1.0000000000
5820  -5.139  -70.591  0.363 1.0000000000
4452  -5.701  -72.429  1.952 1.0000000000
3973  -6.409  -73.640  1.559 1.0000000000
3127  -7.578  -74.556  -1.355 1.0000000000
118858  2.643  -71.389  -1.103 1.0000000000
4923  -1.677  -71.665  -0.906 1.0000000000
4002  -2.429  -73.750  -1.161 1.0000000000
4003  -3.225  -73.671  -1.349 1.0000000000
4926  -4.874  -72.152  0.222 1.0000000000
4460  -6.714  -73.158  1.053 1.0000000000
3502  -7.427  -73.937  0.076 1.0000000000
3116  -7.154  -74.752  -0.717 1.0000000000
120717  -7.005  -72.407  -0.772 1.0000000000
3526  -7.996  -73.711  -1.405 1.0000000000
3539  -8.024  -74.329  -2.151 1.0000000000
3999  -0.092  -73.736  -1.479 1.0000000000
4000  -0.958  -73.793  -1.282 1.0000000000
4001  -1.705  -73.788  -1.153 1.0000000000
4508  -6.587  -72.399  -2.263 1.0000000000
3147  -8.221  -74.701  -3.753 1.0000000000
4467  4.582  -72.485  0.167 1.0000000000
4485  2.609  -73.313  -0.966 0.8999999762
4518  -7.426  -72.557  -3.473 1.0000000000
3550  -8.546  -73.961  -3.976 1.0000000000
3996  4.229  -73.902  -0.099 0.8000000119
3521  1.935  -74.320  -1.707 0.8999999762
3532  1.250  -74.788  -2.145 0.8999999762
4529  -8.216  -73.038  -4.455 1.0000000000
3983  4.863  -73.277  0.058 0.8000000119
4539  -8.291  -73.286  -5.098 1.0000000000
114143  5.456  -72.245  -0.549 0.8000000119
5396  4.493  -71.181  -2.206 0.6000000238
5403  4.355  -70.475  -2.853 0.5000000000
128391  6.480  -77.804  8.114 0.5000000000
120575  5.785  -76.760  6.031 0.6000000238
120351  3.939  -73.013  4.455 1.0000000000
4427  1.961  -72.755  5.324 1.0000000000
2663  5.499  -75.933  5.735 0.8999999762
3480  4.734  -74.087  3.838 1.0000000000
4884  -0.011  -71.769  4.532 1.0000000000
2670  5.072  -75.911  3.956 1.0000000000
123377  4.805  -74.763  3.777 1.0000000000
4892  0.035  -71.282  4.460 1.0000000000
3077  4.746  -75.579  3.719 1.0000000000
4893  -1.660  -71.362  3.851 1.0000000000
121135  -0.678  -71.015  3.863 1.0000000000
4439  -2.184  -72.107  4.231 1.0000000000
4899  -1.886  -71.059  3.691 1.0000000000
5351  -4.176  -70.012  2.822 1.0000000000
119328  -2.397  -70.534  3.704 1.0000000000
4902  -4.904  -71.686  2.798 1.0000000000
4453  -6.175  -73.012  1.733 1.0000000000
114098  -0.692  -69.969  -1.227 1.0000000000
5789  -3.813  -69.321  2.422 1.0000000000
5805  -4.839  -69.447  0.677 1.0000000000
5359  -5.309  -70.753  1.108 1.0000000000
3976  -6.951  -73.947  0.836 1.0000000000
5381  2.098  -70.406  -1.412 1.0000000000
128584  -4.015  -71.063  -0.351 1.0000000000
5374  -4.699  -71.474  0.153 1.0000000000
3509  -7.606  -74.154  -0.590 1.0000000000
4489  -2.189  -73.163  -0.967 1.0000000000
4471  -3.352  -72.592  -0.522 1.0000000000
4472  -4.134  -72.581  -0.428 1.0000000000
117235  -5.064  -72.534  -0.348 1.0000000000
112274  -6.202  -72.430  -0.595 1.0000000000
3987  -7.921  -72.999  -1.211 1.0000000000
122544  2.024  -72.246  -1.450 1.0000000000
4487  -0.620  -73.147  -1.355 1.0000000000
4488  -1.475  -73.118  -1.131 1.0000000000
3984  -2.866  -73.150  -0.841 1.0000000000
3985  -3.648  -73.089  -0.909 1.0000000000
4490  -4.503  -72.853  -1.080 1.0000000000
4491  -5.702  -72.497  -1.474 1.0000000000
4492  -6.819  -72.324  -1.392 1.0000000000
4017  -8.259  -73.046  -2.505 1.0000000000
126913  1.313  -73.040  -1.525 1.0000000000
4486  0.278  -73.030  -1.583 1.0000000000
4494  -7.972  -72.790  -1.907 1.0000000000
4921  4.981  -71.575  0.226 1.0000000000
4466  5.265  -72.351  0.004 0.8999999762
5379  5.314  -70.807  -0.556 0.8000000119
118213  5.336  -71.124  -1.064 0.8000000119
5839  5.195  -70.029  -0.884 0.8000000119
116163  6.614  -76.237  8.987 0.5000000000
3043  6.699  -75.539  9.591 0.5000000000
3055  6.564  -75.488  8.271 0.5000000000
111104  6.235  -77.098  7.175 0.6000000238
4880  4.136  -71.429  4.866 1.0000000000
4424  4.749  -72.238  4.037 1.0000000000
4426  2.504  -71.984  5.388 1.0000000000
132965  2.030  -71.157  5.329 1.0000000000
3465  5.526  -74.449  5.285 0.8999999762
3962  5.351  -73.157  3.719 1.0000000000
3068  5.165  -75.016  4.163 1.0000000000
3479  5.177  -74.012  3.859 1.0000000000
4882  1.522  -71.832  5.295 1.0000000000
5343  -0.900  -70.614  3.896 1.0000000000
5344  -1.257  -70.971  3.638 1.0000000000
4894  -2.546  -71.412  3.853 1.0000000000
5842  0.703  -69.360  -1.564 1.0000000000
5790  -4.560  -69.583  1.794 1.0000000000
5804  -4.073  -68.918  1.039 1.0000000000
5831  -2.747  -69.501  -0.729 1.0000000000
5818  -4.314  -69.080  -0.084 1.0000000000
4914  -5.589  -72.135  0.898 1.0000000000
5384  -1.194  -70.785  -1.018 1.0000000000
116900  -6.395  -72.620  0.737 1.0000000000
4475  -7.362  -72.851  -0.486 1.0000000000
4934  1.344  -71.220  -1.606 1.0000000000
4925  -3.226  -71.878  -0.407 1.0000000000
114879  -3.978  -72.108  -0.196 1.0000000000
4473  -5.766  -72.399  0.286 1.0000000000
4474  -6.627  -72.660  -0.049 1.0000000000
4935  0.188  -71.500  -1.552 1.0000000000
4937  -1.435  -72.382  -1.083 1.0000000000
4469  -1.996  -72.519  -0.841 1.0000000000
4470  -2.644  -72.563  -0.631 1.0000000000
123115  0.811  -72.223  -1.654 1.0000000000
5372  4.385  -70.932  0.054 1.0000000000
5371  5.068  -71.018  -0.090 1.0000000000
5828  5.196  -70.265  0.008 1.0000000000
5395  4.822  -70.521  -1.567 0.6999999881
5861  4.478  -69.550  -3.370 0.6000000238
6357  4.656  -68.799  -2.632 0.5000000000
3453  6.291  -74.827  7.572 0.6000000238
3066  5.417  -75.144  5.286 0.8000000119
3062  5.593  -75.298  6.294 0.6000000238
4881  2.970  -71.238  5.325 1.0000000000
114885  2.276  -71.115  5.264 1.0000000000
5336  1.976  -70.943  5.406 1.0000000000
5772  1.398  -70.733  5.506 1.0000000000
3468  5.404  -74.168  4.399 1.0000000000
5780  0.192  -70.646  5.024 1.0000000000
5342  -0.068  -70.966  4.474 1.0000000000
5781  -0.600  -70.382  4.482 1.0000000000
123021  -1.885  -70.485  3.734 1.0000000000
6316  -1.840  -69.811  4.019 1.0000000000
5788  -3.172  -69.978  3.409 1.0000000000
6336  -3.029  -67.876  -0.264 1.0000000000
5803  -3.892  -69.021  1.723 1.0000000000
5830  -1.610  -69.808  -0.973 1.0000000000
6331  -3.858  -68.281  0.212 1.0000000000
5380  3.244  -70.668  -0.727 1.0000000000
6910  -0.072  -67.870  -1.371 1.0000000000
130964  -4.054  -69.811  -0.402 1.0000000000
131119  -4.682  -70.403  -0.168 1.0000000000
4922  3.944  -71.582  -0.071 1.0000000000
5841  1.642  -69.491  -1.489 1.0000000000
6901  -0.445  -67.223  -0.957 1.0000000000
121682  -3.142  -70.741  -0.590 1.0000000000
4924  -2.449  -71.720  -0.635 1.0000000000
5829  3.752  -70.163  -0.191 1.0000000000
5840  2.605  -69.719  -1.031 1.0000000000
5817  4.260  -69.802  0.479 1.0000000000
5366  4.863  -70.532  0.262 1.0000000000
5854  4.618  -69.728  -2.121 0.8000000119
6348  4.927  -69.123  -1.536 0.8000000119
3921  6.956  -74.650  9.342 0.5000000000
3442  6.766  -74.990  8.753 0.5000000000
3931  6.560  -74.373  7.907 0.6000000238
112268  6.740  -73.785  8.105 0.6000000238
123122  6.006  -74.302  7.019 0.6000000238
3940  5.776  -74.118  6.130 0.8000000119
4879  5.141  -71.436  4.007 1.0000000000
5334  4.444  -70.915  4.793 1.0000000000
5335  3.352  -70.621  5.248 1.0000000000
3950  6.062  -72.969  4.571 1.0000000000
4436  5.679  -72.007  3.479 1.0000000000
114000  1.273  -70.473  5.812 1.0000000000
5332  5.974  -70.484  4.286 1.0000000000
5769  4.426  -69.811  4.887 1.0000000000
5770  3.308  -69.877  5.210 1.0000000000
6293  2.359  -69.829  5.945 1.0000000000
6294  0.298  -70.476  5.457 1.0000000000
6295  -0.643  -70.103  5.205 1.0000000000
5331  6.547  -70.676  4.373 1.0000000000
5768  5.503  -69.855  4.641 1.0000000000
6277  4.323  -68.780  5.549 1.0000000000
5759  3.772  -69.289  5.165 1.0000000000
5760  2.996  -69.567  5.396 1.0000000000
6304  -0.374  -70.286  4.975 1.0000000000
6276  5.486  -68.728  5.606 1.0000000000
6279  2.674  -69.516  5.842 1.0000000000
6305  -1.187  -69.913  4.451 1.0000000000
6350  1.191  -68.703  -1.504 1.0000000000
6306  -2.283  -69.656  3.990 1.0000000000
6307  -3.479  -69.184  3.330 1.0000000000
6317  -2.833  -69.891  3.606 1.0000000000
6318  -3.834  -69.311  2.559 1.0000000000
6903  -2.228  -67.586  -0.558 1.0000000000
6330  -3.944  -68.144  1.189 1.0000000000
6864  -3.894  -67.807  2.913 1.0000000000
7486  -3.016  -66.593  0.600 1.0000000000
6888  -3.780  -67.164  1.102 1.0000000000
7453  -4.205  -66.535  2.825 1.0000000000
6911  -0.944  -67.846  -1.221 1.0000000000
6894  -2.585  -67.114  -0.025 1.0000000000
7478  -3.604  -66.139  1.235 1.0000000000
133956  -4.133  -66.144  3.595 1.0000000000
6343  2.978  -69.048  -0.463 1.0000000000
6900  0.465  -67.344  -1.089 1.0000000000
7493  -0.880  -66.547  -0.388 1.0000000000
7485  -1.861  -66.336  0.280 1.0000000000
7465  -3.941  -65.712  2.041 1.0000000000
119414  -3.763  -65.419  2.979 1.0000000000
116310  2.601  -68.167  -0.225 1.0000000000
7491  0.980  -67.007  -0.733 1.0000000000
7477  -2.524  -65.730  0.943 1.0000000000
8049  -3.114  -65.287  1.485 1.0000000000
6344  2.060  -68.140  -0.858 1.0000000000
7482  0.976  -66.519  -0.181 1.0000000000
7483  0.014  -66.088  -0.011 1.0000000000
8048  -1.977  -65.107  1.606 1.0000000000
8038  -2.926  -64.975  2.261 1.0000000000
5802  4.458  -69.471  1.198 1.0000000000
5816  5.064  -69.836  0.831 1.0000000000
5815  5.262  -69.413  1.298 1.0000000000
127667  5.121  -68.651  -1.099 0.6999999881
6342  5.317  -68.716  -0.277 0.8999999762
112191  5.250  -69.446  -0.467 0.8999999762
116844  4.696  -67.995  -2.951 0.6000000238
6907  4.878  -68.090  -2.026 0.6000000238
4384  7.543  -73.758  10.470 0.5000000000
3939  6.078  -73.600  6.934 0.6000000238
3946  6.037  -73.218  5.622 0.8000000119
4402  6.321  -72.833  7.301 0.8000000119
5771  2.538  -70.249  5.535 1.0000000000
4435  6.207  -72.370  3.751 1.0000000000
5758  4.935  -69.205  4.998 1.0000000000
6280  0.023  -70.329  5.907 1.0000000000
6831  -2.011  -68.211  7.982 1.0000000000
5757  5.968  -69.341  4.993 1.0000000000
131558  2.424  -69.300  6.441 1.0000000000
6282  -2.066  -69.568  5.639 1.0000000000
113490  -1.752  -69.075  7.241 1.0000000000
6297  -2.593  -69.233  4.992 1.0000000000
6266  -2.434  -69.064  6.433 1.0000000000
6252  -2.744  -68.421  7.227 1.0000000000
123055  -2.917  -69.229  4.281 1.0000000000
6298  -3.376  -68.690  4.848 1.0000000000
6308  -3.693  -68.396  3.971 1.0000000000
6857  -4.066  -67.664  4.822 1.0000000000
130513  -4.138  -67.211  3.743 1.0000000000
7484  -0.848  -65.997  0.317 1.0000000000
7440  -4.107  -66.455  4.434 1.0000000000
6892  2.704  -67.786  0.464 1.0000000000
111355  1.832  -67.328  -0.365 1.0000000000
7452  -3.441  -65.374  3.963 1.0000000000
6335  3.459  -68.855  0.529 1.0000000000
7476  -1.367  -65.561  0.877 1.0000000000
134243  3.898  -69.116  1.261 1.0000000000
112957  0.764  -66.075  0.626 1.0000000000
5801  5.039  -69.482  1.606 1.0000000000
5827  5.301  -69.546  0.480 1.0000000000
6913  4.664  -67.194  -2.759 0.6000000238
4383  7.774  -73.299  10.961 0.5000000000
118653  7.110  -73.968  9.100 0.5000000000
115187  6.781  -73.039  8.240 0.6000000238
4395  7.261  -73.239  9.281 0.5000000000
112964  6.480  -72.079  7.525 0.8000000119
6232  1.018  -68.297  9.119 1.0000000000
117436  0.627  -67.856  9.737 1.0000000000
4862  6.520  -71.632  5.725 1.0000000000
116819  6.555  -71.084  6.648 0.8000000119
6237  1.413  -68.719  8.420 1.0000000000
6819  -0.366  -68.136  8.865 1.0000000000
113176  1.007  -70.136  6.139 1.0000000000
6238  0.399  -68.635  8.513 1.0000000000
6251  -1.038  -68.882  7.896 1.0000000000
5756  6.609  -69.724  5.164 1.0000000000
6263  1.829  -69.722  6.319 1.0000000000
124925  1.763  -69.400  7.085 1.0000000000
117392  -0.622  -69.499  7.117 1.0000000000
6265  -1.376  -69.706  6.422 1.0000000000
9147  5.094  -63.336  8.293 1.0000000000
7409  -2.885  -67.373  7.710 1.0000000000
9179  5.244  -63.990  6.982 1.0000000000
6841  -3.360  -67.703  7.042 1.0000000000
6267  -3.469  -68.318  6.389 1.0000000000
6842  -3.798  -67.439  6.540 1.0000000000
7417  -3.449  -66.635  6.826 1.0000000000
7426  -4.124  -66.711  5.398 1.0000000000
7418  -4.019  -66.850  6.174 1.0000000000
8004  4.442  -66.027  5.074 1.0000000000
7439  -3.552  -65.728  4.971 1.0000000000
7449  4.106  -67.086  3.864 1.0000000000
7475  -0.234  -65.636  0.880 1.0000000000
6886  1.888  -66.748  0.637 1.0000000000
114389  0.573  -65.709  1.304 1.0000000000
8047  -0.892  -65.249  1.581 1.0000000000
130545  -1.302  -65.053  2.043 1.0000000000
8025  -2.609  -64.961  3.172 1.0000000000
6315  4.575  -68.761  2.272 1.0000000000
5800  5.245  -69.292  1.824 1.0000000000
7490  5.128  -66.815  -1.067 0.8999999762
123312  5.546  -68.426  1.927 1.0000000000
6898  5.191  -67.857  -1.133 0.8999999762
6341  5.413  -68.792  0.681 1.0000000000
5269  7.995  -71.955  12.223 0.5000000000
118183  7.878  -72.564  11.548 0.5000000000
119381  7.363  -70.090  10.830 0.6999999881
5281  7.752  -71.349  11.209 0.6000000238
4847  6.942  -71.878  8.854 0.6999999881
5732  6.773  -70.036  9.077 0.8000000119
5300  6.678  -70.689  8.440 0.8000000119
4853  6.580  -71.347  7.867 0.8000000119
112435  6.775  -72.299  8.330 0.8000000119
6792  3.126  -67.550  10.296 1.0000000000
6807  1.525  -67.946  9.754 1.0000000000
5306  6.641  -70.237  7.309 0.8000000119
7370  3.750  -67.109  10.933 1.0000000000
6806  2.504  -67.914  9.640 1.0000000000
6818  1.942  -68.330  9.021 1.0000000000
122359  -0.183  -67.709  9.547 1.0000000000
5315  6.664  -69.912  6.134 1.0000000000
6808  -1.046  -67.458  9.137 1.0000000000
5746  6.479  -69.045  6.042 1.0000000000
6278  3.305  -68.957  5.548 1.0000000000
6236  2.327  -68.630  8.211 1.0000000000
123202  6.261  -69.014  5.541 1.0000000000
6260  4.832  -68.317  6.159 1.0000000000
6261  3.838  -68.455  6.190 1.0000000000
6249  1.009  -69.138  7.752 1.0000000000
6821  -1.825  -67.495  8.542 1.0000000000
7400  -1.803  -66.756  8.986 1.0000000000
134108  5.516  -68.321  6.155 1.0000000000
6250  -0.019  -69.125  7.774 1.0000000000
117755  4.536  -63.055  8.780 1.0000000000
7408  -2.386  -66.669  8.248 1.0000000000
9148  4.024  -63.586  8.146 1.0000000000
9180  2.397  -63.783  6.839 1.0000000000
7978  4.499  -65.042  6.102 1.0000000000
8533  4.839  -63.897  7.577 1.0000000000
8549  3.795  -64.610  6.616 1.0000000000
8550  2.840  -64.445  6.384 1.0000000000
8551  1.843  -64.088  6.190 1.0000000000
7987  4.860  -65.577  5.380 1.0000000000
7979  3.400  -65.081  5.988 1.0000000000
8562  2.428  -64.741  5.705 1.0000000000
7425  -3.729  -65.998  5.952 1.0000000000
7981  -3.053  -65.428  6.486 1.0000000000
7988  3.975  -65.688  5.543 1.0000000000
7989  3.089  -65.434  5.302 1.0000000000
7990  2.023  -64.928  4.825 1.0000000000
8563  1.364  -64.420  5.505 1.0000000000
7993  -2.974  -65.117  5.502 1.0000000000
7463  2.797  -66.617  2.633 1.0000000000
8021  2.522  -65.953  3.857 1.0000000000
125231  1.702  -65.440  3.538 1.0000000000
130532  2.067  -65.371  4.155 1.0000000000
119426  -2.682  -64.996  4.604 1.0000000000
114305  1.291  -65.030  4.113 1.0000000000
8024  -1.363  -64.884  3.386 1.0000000000
6863  4.476  -67.562  3.344 1.0000000000
6873  3.346  -67.420  2.287 1.0000000000
7462  3.742  -67.313  3.151 1.0000000000
7464  1.831  -66.060  2.244 1.0000000000
8035  0.380  -65.190  2.583 1.0000000000
8046  0.029  -65.334  1.762 1.0000000000
8036  -0.698  -65.039  2.438 1.0000000000
8023  -0.173  -64.925  3.306 1.0000000000
6871  4.978  -67.903  3.008 1.0000000000
6314  4.988  -68.635  2.510 1.0000000000
6327  5.299  -68.937  2.162 1.0000000000
7481  5.628  -66.557  0.821 0.8999999762
6890  5.517  -67.845  0.938 1.0000000000
6897  5.412  -67.797  -0.198 0.8999999762
7500  4.605  -66.138  -2.694 0.5000000000
5709  8.020  -70.426  12.841 0.5000000000
5724  7.549  -69.571  11.558 0.6999999881
4841  7.454  -72.614  9.886 0.5000000000
5282  7.216  -70.667  10.116 0.6000000238
4833  7.643  -71.973  10.498 0.6000000238
7369  4.841  -66.901  10.650 1.0000000000
5293  7.088  -71.287  9.464 0.8000000119
6793  2.080  -67.605  10.457 1.0000000000
7372  1.551  -67.002  11.228 1.0000000000
5734  6.656  -69.494  7.997 0.8999999762
7388  4.190  -67.295  9.985 1.0000000000
6794  1.075  -67.503  10.428 1.0000000000
6795  0.183  -67.334  10.257 1.0000000000
5737  6.542  -69.162  6.945 0.8999999762
6804  4.541  -67.201  8.948 1.0000000000
6815  4.812  -67.160  8.073 1.0000000000
6796  -0.613  -67.048  9.933 1.0000000000
6828  5.069  -67.431  7.386 1.0000000000
6829  4.137  -67.671  7.536 1.0000000000
6830  3.218  -68.184  7.842 1.0000000000
6248  2.608  -68.893  7.238 1.0000000000
127527  -1.290  -66.735  9.566 1.0000000000
11237  6.159  -60.948  9.132 1.0000000000
9817  3.663  -62.886  8.725 1.0000000000
7389  -1.722  -66.091  9.472 1.0000000000
9818  2.796  -62.486  8.582 1.0000000000
7959  -2.099  -65.713  8.626 1.0000000000
9149  2.960  -63.146  8.137 1.0000000000
9166  2.099  -63.150  7.508 1.0000000000
7971  -2.372  -65.574  7.827 1.0000000000
8548  4.669  -64.389  6.827 1.0000000000
9150  1.513  -62.575  8.042 1.0000000000
7980  -2.195  -64.775  5.920 1.0000000000
8573  0.871  -64.660  4.785 1.0000000000
8565  -0.668  -64.420  5.474 1.0000000000
7436  5.134  -66.020  4.800 1.0000000000
8005  2.816  -65.715  4.564 1.0000000000
7991  -1.062  -64.652  4.854 1.0000000000
130636  -1.435  -64.585  5.472 1.0000000000
7992  -1.978  -64.779  5.086 1.0000000000
7438  3.470  -66.340  4.207 1.0000000000
8007  -0.640  -64.798  4.108 1.0000000000
8008  -1.635  -64.828  4.308 1.0000000000
7450  3.153  -66.557  3.482 1.0000000000
7451  2.185  -66.041  3.097 1.0000000000
8034  1.316  -65.520  2.783 1.0000000000
8022  0.808  -65.113  3.383 1.0000000000
7448  4.972  -67.167  3.719 1.0000000000
7461  5.427  -67.428  3.117 1.0000000000
110844  5.710  -67.362  2.526 1.0000000000
6883  5.673  -67.519  1.802 1.0000000000
7489  5.428  -66.696  -0.139 0.8999999762
7368  5.825  -66.688  10.399 1.0000000000
5725  7.103  -68.840  10.425 0.6999999881
128441  6.903  -69.392  9.737 0.8000000119
6231  6.777  -68.058  9.328 0.8000000119
7387  5.221  -66.956  9.584 1.0000000000
120558  6.555  -68.324  7.708 0.8999999762
7399  5.452  -66.902  8.640 1.0000000000
6817  2.885  -68.095  8.771 1.0000000000
7374  -0.233  -66.652  10.774 1.0000000000
119842  6.454  -67.564  7.996 1.0000000000
6813  6.246  -67.225  7.954 1.0000000000
7375  -1.106  -66.244  10.251 1.0000000000
6259  6.349  -68.385  6.845 1.0000000000
115683  6.124  -67.900  6.862 1.0000000000
6246  5.846  -67.492  7.378 1.0000000000
7946  -1.804  -65.504  9.960 1.0000000000
10507  5.636  -61.167  9.507 1.0000000000
9797  4.354  -62.307  9.192 1.0000000000
9798  3.378  -62.256  9.004 1.0000000000
9814  6.487  -62.194  8.254 1.0000000000
121934  -1.922  -65.323  9.213 1.0000000000
133269  2.255  -62.680  8.127 1.0000000000
9163  6.026  -63.039  7.232 1.0000000000
8547  5.330  -64.454  6.384 1.0000000000
8523  -1.854  -64.627  8.538 1.0000000000
8534  3.963  -64.118  7.299 1.0000000000
9167  0.596  -63.214  7.392 1.0000000000
117238  -1.262  -64.236  6.954 1.0000000000
8537  -1.187  -64.001  7.751 1.0000000000
8561  5.448  -64.957  5.665 1.0000000000
112212  0.769  -63.946  6.145 1.0000000000
8553  -1.362  -64.419  6.131 1.0000000000
118695  -2.239  -64.867  6.934 1.0000000000
7986  5.537  -65.437  5.011 1.0000000000
117954  3.706  -66.062  4.949 1.0000000000
8564  0.305  -64.335  5.473 1.0000000000
7447  5.355  -66.391  4.194 1.0000000000
8006  0.344  -64.836  4.069 1.0000000000
113262  5.641  -66.667  3.568 1.0000000000
7472  5.794  -66.495  1.801 1.0000000000
8053  5.401  -65.575  -0.117 0.8000000119
6215  7.612  -68.875  12.142 0.6000000238
7928  6.532  -65.794  11.428 0.8999999762
7929  6.066  -65.916  11.262 1.0000000000
7930  5.368  -66.218  11.294 1.0000000000
116934  7.407  -67.756  11.570 0.6000000238
6223  6.944  -67.813  10.187 0.8000000119
117590  6.331  -66.385  10.762 0.8999999762
7355  4.346  -66.516  11.538 1.0000000000
7371  2.675  -67.151  11.115 1.0000000000
6791  6.588  -67.231  9.704 0.8999999762
7385  6.254  -67.000  9.379 1.0000000000
7386  5.936  -66.828  9.338 1.0000000000
7359  0.726  -66.450  11.656 1.0000000000
7373  0.578  -66.939  10.935 1.0000000000
6235  6.623  -67.855  8.383 0.8999999762
6803  6.508  -67.258  8.629 1.0000000000
7931  -0.734  -65.898  11.118 1.0000000000
7398  6.129  -66.930  8.527 1.0000000000
131907  0.243  -66.580  11.225 1.0000000000
7914  -1.197  -65.209  11.455 1.0000000000
6814  5.677  -66.992  7.906 1.0000000000
130427  -1.662  -64.888  11.021 1.0000000000
7932  -1.404  -65.477  10.700 1.0000000000
8500  -2.006  -64.201  11.021 1.0000000000
11251  6.057  -60.161  8.511 1.0000000000
10508  4.626  -61.419  9.519 1.0000000000
11224  3.773  -60.339  9.388 1.0000000000
10509  3.494  -61.568  9.274 1.0000000000
10510  2.338  -61.252  9.164 1.0000000000
9123  -2.125  -64.069  10.205 1.0000000000
9135  -2.469  -63.418  10.043 1.0000000000
11250  6.162  -60.888  7.620 1.0000000000
9816  5.460  -62.610  8.959 1.0000000000
9799  2.611  -61.858  8.940 1.0000000000
10511  1.232  -61.409  9.046 1.0000000000
10556  6.075  -61.223  6.718 1.0000000000
9845  6.229  -62.482  6.752 1.0000000000
9819  1.979  -62.143  8.543 1.0000000000
8511  -2.003  -64.443  9.363 1.0000000000
9134  -2.039  -63.647  9.416 1.0000000000
9804  -2.656  -62.889  9.677 1.0000000000
9133  -1.178  -63.321  8.996 1.0000000000
8522  -1.258  -63.652  8.480 1.0000000000
9178  5.666  -63.775  6.753 1.0000000000
119597  1.201  -63.029  7.561 1.0000000000
9802  -0.353  -62.233  9.088 1.0000000000
9168  -0.288  -63.324  7.704 1.0000000000
131441  -0.545  -63.798  7.065 1.0000000000
8552  -0.356  -64.050  6.252 1.0000000000
8574  -0.134  -64.604  4.784 1.0000000000
8020  5.922  -65.968  3.982 1.0000000000
8033  6.037  -65.890  3.164 1.0000000000
8044  5.879  -65.512  2.051 1.0000000000
123717  5.637  -65.214  0.791 0.8999999762
130084  5.129  -65.534  -1.048 0.8000000119
113799  7.643  -67.815  12.545 0.6000000238
7366  7.014  -66.288  11.016 0.8000000119
6784  7.304  -66.834  11.599 0.6999999881
127571  6.749  -66.168  10.998 0.8999999762
112206  3.847  -65.941  12.271 1.0000000000
6790  6.939  -67.203  10.767 0.8000000119
7356  3.280  -66.641  11.735 1.0000000000
7358  1.525  -66.412  11.953 1.0000000000
7357  2.304  -66.614  11.866 1.0000000000
7912  0.268  -65.894  12.104 1.0000000000
7343  2.019  -66.088  12.542 1.0000000000
7360  -0.036  -66.173  11.485 1.0000000000
7913  -0.521  -65.520  12.029 1.0000000000
8486  -1.132  -64.779  12.166 1.0000000000
8487  -1.647  -64.548  11.637 1.0000000000
9124  -2.482  -63.495  10.791 1.0000000000
126659  3.225  -60.916  9.353 1.0000000000
11225  2.666  -60.453  9.119 1.0000000000
9789  -2.872  -62.833  10.440 1.0000000000
11241  -0.955  -61.063  8.510 1.0000000000
10572  6.171  -61.818  6.235 1.0000000000
9800  1.585  -61.694  8.927 1.0000000000
131422  -1.052  -62.684  9.153 1.0000000000
9822  -2.221  -62.536  9.043 1.0000000000
9165  3.103  -63.704  7.517 1.0000000000
9820  0.958  -62.109  8.705 1.0000000000
9821  -0.176  -62.492  8.937 1.0000000000
112371  -1.083  -62.871  9.131 1.0000000000
9803  -1.834  -63.066  9.290 1.0000000000
133906  6.048  -63.237  5.820 1.0000000000
9151  0.465  -62.678  8.114 1.0000000000
9152  -0.474  -63.001  8.560 1.0000000000
10540  -2.795  -61.614  7.810 1.0000000000
9187  5.904  -64.060  5.823 1.0000000000
9195  5.938  -63.942  4.657 1.0000000000
8572  5.867  -65.174  4.456 1.0000000000
114657  5.797  -64.800  5.159 1.0000000000
8583  6.018  -65.110  3.583 1.0000000000
8051  5.303  -64.459  -0.328 0.6999999881
117293  4.909  -64.152  -1.225 0.6000000238
115562  7.660  -67.327  13.248 0.6000000238
7341  7.434  -66.479  12.467 0.6000000238
7890  7.117  -65.597  12.124 0.8000000119
7892  4.358  -64.844  12.456 1.0000000000
7911  4.861  -65.581  11.903 1.0000000000
7894  2.533  -65.630  12.887 1.0000000000
8465  2.625  -64.826  13.015 1.0000000000
120157  1.844  -65.424  12.983 1.0000000000
7895  1.078  -65.864  12.481 1.0000000000
116720  1.112  -65.145  12.953 1.0000000000
7896  0.219  -65.256  12.701 1.0000000000
8469  -1.658  -64.044  12.282 1.0000000000
8470  -1.971  -63.980  11.720 1.0000000000
8467  0.818  -64.377  12.931 1.0000000000
117313  -0.154  -64.388  12.851 1.0000000000
9112  -2.319  -63.515  11.483 1.0000000000
11959  5.397  -59.823  9.300 1.0000000000
11961  3.478  -59.599  9.112 1.0000000000
11974  2.531  -59.665  8.697 1.0000000000
11252  -0.582  -60.321  8.015 1.0000000000
9805  -3.220  -62.362  9.812 1.0000000000
119408  3.978  -60.959  9.540 1.0000000000
11226  0.966  -61.032  9.029 1.0000000000
11240  -0.100  -60.789  8.689 1.0000000000
9823  -2.951  -62.444  9.166 1.0000000000
10512  0.409  -61.560  9.052 1.0000000000
10526  -1.422  -61.866  8.863 1.0000000000
9856  6.125  -62.563  5.911 1.0000000000
11254  -2.336  -60.965  7.422 1.0000000000
11267  -3.613  -61.117  6.391 1.0000000000
9194  6.029  -62.856  5.147 1.0000000000
11266  -2.721  -60.648  6.716 1.0000000000
9201  5.863  -63.263  3.667 1.0000000000
115048  5.776  -63.948  3.103 1.0000000000
8588  5.858  -64.659  2.550 1.0000000000
126313  5.563  -64.030  1.327 1.0000000000
8591  5.352  -63.943  0.253 0.8000000119
8592  4.857  -63.377  -0.535 0.6999999881
7330  7.433  -66.618  13.468 0.6000000238
7878  7.224  -65.664  12.913 0.6999999881
7891  6.970  -64.871  12.556 0.6999999881
8484  6.011  -64.050  11.907 0.8000000119
8485  5.417  -64.407  11.924 0.8000000119
8463  4.812  -63.794  12.616 0.8999999762
8462  5.625  -63.721  12.390 0.8000000119
7893  3.313  -65.317  12.804 1.0000000000
119876  2.672  -63.605  12.958 1.0000000000
8466  1.776  -64.492  12.992 1.0000000000
9104  -0.526  -63.608  12.807 1.0000000000
119052  -0.899  -62.891  12.670 1.0000000000
130083  -2.120  -63.564  12.025 1.0000000000
120092  -2.476  -63.038  11.860 1.0000000000
133354  -3.296  -62.148  10.658 1.0000000000
9776  -2.793  -62.215  11.480 1.0000000000
111301  5.900  -59.715  7.507 1.0000000000
11972  5.096  -58.996  9.043 1.0000000000
11973  4.229  -58.828  9.033 1.0000000000
11238  1.641  -60.396  8.749 1.0000000000
11986  -1.031  -59.874  7.370 1.0000000000
10528  -3.573  -61.910  8.967 1.0000000000
10573  5.776  -61.172  5.928 1.0000000000
11239  0.683  -60.618  8.663 1.0000000000
10539  -1.885  -61.352  8.146 1.0000000000
10541  -3.580  -61.606  7.458 1.0000000000
10588  3.901  -61.510  4.690 0.6999999881
9801  0.600  -61.889  9.039 1.0000000000
117389  5.911  -61.755  4.454 1.0000000000
9210  5.568  -62.721  2.798 1.0000000000
9212  5.526  -63.367  2.162 1.0000000000
9909  5.125  -62.684  1.313 0.8999999762
9217  5.049  -63.035  0.428 0.6999999881
7868  7.178  -65.950  13.630 0.6000000238
7879  6.978  -64.969  13.254 0.6999999881
7869  6.085  -65.294  14.229 0.5000000000
8440  6.008  -64.344  13.761 0.6000000238
9088  6.274  -63.772  12.900 0.6999999881
8464  3.660  -64.052  12.934 1.0000000000
9101  3.472  -62.965  13.091 1.0000000000
125345  5.390  -64.693  14.366 0.6000000238
9089  5.379  -62.995  13.778 0.6999999881
130308  5.133  -62.934  13.585 0.6999999881
9102  1.656  -63.203  12.889 1.0000000000
122122  0.170  -62.616  12.751 1.0000000000
9077  5.026  -62.884  14.537 0.6000000238
9736  4.749  -62.458  14.161 0.6000000238
9747  4.538  -62.573  13.536 0.6999999881
9749  3.277  -61.871  13.717 0.8000000119
123914  1.077  -62.504  12.846 1.0000000000
9106  -1.833  -63.193  12.391 1.0000000000
9767  -2.164  -62.442  12.049 1.0000000000
12725  5.670  -58.300  7.792 0.8999999762
12726  5.233  -57.843  8.110 0.8999999762
10498  -3.682  -61.370  10.521 1.0000000000
12737  5.773  -58.198  6.944 0.8999999762
10514  -3.754  -61.711  9.919 1.0000000000
113532  5.848  -58.794  7.471 0.8999999762
11983  5.871  -59.082  8.164 0.8999999762
12714  5.425  -58.598  8.456 0.8999999762
12715  4.811  -58.260  8.668 1.0000000000
120602  3.263  -58.838  8.679 1.0000000000
12717  2.311  -58.911  8.230 1.0000000000
11975  1.435  -59.199  7.855 1.0000000000
118169  1.046  -59.891  8.263 1.0000000000
11984  0.614  -59.465  7.661 1.0000000000
11985  -0.208  -59.651  7.539 1.0000000000
10515  -4.222  -61.284  9.323 1.0000000000
11262  5.789  -60.500  6.798 0.8999999762
11996  -1.331  -59.464  6.656 1.0000000000
10529  -4.186  -61.488  8.484 1.0000000000
11997  -5.825  -60.583  6.477 1.0000000000
11264  4.256  -60.146  5.906 0.8999999762
11255  -4.616  -61.351  7.665 1.0000000000
132653  5.296  -60.492  6.191 1.0000000000
118433  -2.235  -59.789  6.342 1.0000000000
10543  -4.829  -61.488  6.671 1.0000000000
10560  -5.071  -61.539  5.963 1.0000000000
11273  4.617  -60.480  5.914 0.8999999762
11279  -4.937  -61.283  5.449 1.0000000000
10574  5.228  -60.939  5.360 1.0000000000
11274  3.738  -60.629  5.745 0.8999999762
11277  -3.122  -60.282  6.028 1.0000000000
11280  -5.633  -61.137  5.262 1.0000000000
11292  -6.079  -60.825  4.477 1.0000000000
12032  -7.662  -59.902  3.424 1.0000000000
10587  4.938  -61.027  4.436 1.0000000000
10575  4.210  -61.050  5.448 0.8000000119
9858  2.081  -61.741  5.173 0.6000000238
11278  -4.023  -60.861  5.671 1.0000000000
11300  -6.392  -60.439  3.836 1.0000000000
12043  -7.812  -59.574  2.779 1.0000000000
10595  5.013  -60.994  3.390 1.0000000000
117570  4.779  -61.145  3.943 0.8000000119
10589  2.713  -61.844  4.758 0.6999999881
12007  -2.623  -59.458  5.621 1.0000000000
12009  -4.469  -60.412  4.931 1.0000000000
12021  -5.690  -60.474  4.100 1.0000000000
12031  -6.655  -60.008  3.248 1.0000000000
10594  5.131  -61.126  2.914 1.0000000000
10596  4.342  -61.403  3.368 0.6000000238
130428  -5.029  -60.341  4.360 1.0000000000
12029  -5.003  -59.690  3.805 1.0000000000
12041  -6.226  -59.430  2.830 1.0000000000
12042  -7.020  -59.575  2.719 1.0000000000
10600  4.876  -61.274  2.109 1.0000000000
9100  4.256  -63.052  13.070 0.8000000119
9762  2.809  -62.375  13.162 0.8000000119
9763  1.879  -61.846  13.216 0.8999999762
9766  -1.280  -62.279  12.367 1.0000000000
8425  4.455  -63.322  15.102 0.6000000238
9078  4.425  -62.473  14.941 0.6000000238
115098  3.458  -61.874  14.457 0.6000000238
9750  2.568  -61.760  13.641 0.8000000119
9764  0.990  -61.643  12.971 0.8999999762
9765  -0.032  -61.634  12.601 1.0000000000
10476  -2.244  -61.761  11.758 1.0000000000
10488  -2.570  -61.424  11.480 1.0000000000
9777  -3.162  -61.285  11.108 1.0000000000
11228  -4.526  -60.379  9.594 1.0000000000
12716  3.989  -58.219  8.638 1.0000000000
12738  1.908  -58.316  7.467 1.0000000000
12729  0.178  -58.937  7.036 1.0000000000
11995  -0.603  -59.321  6.982 1.0000000000
11263  5.318  -59.862  6.408 0.8999999762
11281  -6.406  -60.780  4.827 1.0000000000
131543  3.684  -60.140  5.715 0.8999999762
12740  -0.619  -58.717  6.343 1.0000000000
12022  -7.458  -60.030  4.130 1.0000000000
12023  -8.025  -59.511  3.892 1.0000000000
12749  -2.347  -58.708  5.157 1.0000000000
12033  -8.339  -59.569  3.245 1.0000000000
11291  -5.380  -60.892  4.760 1.0000000000
12045  -9.601  -59.342  2.415 1.0000000000
12762  -3.041  -58.553  4.541 1.0000000000
12018  -3.037  -59.157  5.067 1.0000000000
12008  -3.510  -59.886  5.346 1.0000000000
12790  -9.021  -59.231  2.106 1.0000000000
12808  -9.631  -59.083  1.652 1.0000000000
12763  -4.159  -59.104  4.066 1.0000000000
12789  -8.310  -59.192  2.164 1.0000000000
12807  -8.784  -58.816  1.640 1.0000000000
12821  -9.976  -58.480  0.979 1.0000000000
10601  4.577  -61.129  2.351 0.6000000238
12772  -5.386  -59.132  3.116 1.0000000000
9737  4.116  -62.121  14.559 0.6000000238
10472  1.356  -61.228  13.542 0.8000000119
10473  0.755  -60.753  13.281 0.8999999762
10475  -1.529  -61.600  12.001 1.0000000000
9738  2.768  -61.819  14.895 0.6000000238
10464  1.922  -61.326  14.058 0.6999999881
116037  -0.649  -61.301  12.264 1.0000000000
122265  -2.474  -60.746  11.354 1.0000000000
11210  -3.539  -60.511  10.653 1.0000000000
13543  4.935  -57.242  7.567 0.8999999762
10454  1.205  -60.966  14.502 0.6999999881
11198  -0.818  -59.553  11.812 0.8999999762
133987  0.040  -59.274  13.224 0.6999999881
12746  5.678  -57.979  6.132 0.8999999762
13552  5.434  -57.269  6.707 0.8999999762
13544  3.881  -57.122  7.594 1.0000000000
12728  3.170  -57.963  8.115 1.0000000000
13545  2.740  -57.324  7.291 1.0000000000
114693  1.015  -58.865  7.341 1.0000000000
11242  -4.707  -60.847  8.729 1.0000000000
12750  -6.920  -58.605  5.991 1.0000000000
12003  5.691  -58.847  6.182 0.8999999762
11243  -5.166  -60.380  8.036 1.0000000000
12014  4.458  -59.136  5.115 0.8999999762
11256  -5.283  -61.013  7.090 1.0000000000
12010  -6.762  -59.955  5.353 1.0000000000
12751  -7.455  -59.087  5.019 1.0000000000
12005  4.587  -59.619  5.750 0.8999999762
112965  0.256  -58.381  6.430 1.0000000000
124886  -5.314  -61.352  6.355 1.0000000000
130344  -6.983  -60.204  4.657 1.0000000000
133672  -7.767  -59.400  4.371 1.0000000000
12765  -8.745  -58.914  3.914 1.0000000000
12034  -9.132  -59.331  3.100 1.0000000000
132739  -3.627  -58.802  4.280 1.0000000000
12809  -10.487  -59.011  1.401 1.0000000000
12810  -11.312  -58.880  1.277 1.0000000000
12771  -4.537  -58.709  3.466 1.0000000000
12788  -7.472  -59.075  2.193 1.0000000000
12805  -7.086  -58.327  1.746 1.0000000000
12787  -6.634  -58.861  2.295 1.0000000000
12806  -7.953  -58.555  1.662 1.0000000000
13626  -9.250  -58.470  1.203 1.0000000000
12822  -10.872  -58.450  0.784 1.0000000000
10452  2.699  -61.685  14.315 0.6000000238
11188  -0.713  -60.485  12.081 1.0000000000
10453  2.042  -61.363  14.730 0.6999999881
10487  -1.752  -60.835  11.629 1.0000000000
11199  -1.747  -59.856  11.329 1.0000000000
11200  -2.707  -60.129  11.060 1.0000000000
11963  -4.315  -59.458  9.639 1.0000000000
11964  -4.858  -59.584  8.956 1.0000000000
13563  4.955  -56.735  6.037 0.8999999762
13554  3.487  -56.618  6.923 1.0000000000
12739  0.983  -58.323  6.847 1.0000000000
11977  -5.341  -59.086  8.163 1.0000000000
11988  -6.083  -59.390  6.928 1.0000000000
12004  5.374  -58.467  5.311 0.8999999762
13556  0.806  -57.743  6.247 1.0000000000
11987  -5.659  -59.877  7.404 1.0000000000
12758  4.833  -58.390  4.379 0.8999999762
119200  1.737  -57.575  6.733 1.0000000000
13557  -0.096  -57.958  5.925 1.0000000000
12799  3.646  -57.686  2.028 0.8000000119
13565  0.474  -57.257  5.606 1.0000000000
12747  -0.950  -58.202  5.578 1.0000000000
12764  -8.094  -58.735  4.549 1.0000000000
12773  -9.605  -58.839  3.496 1.0000000000
13617  3.910  -57.039  1.544 0.8000000119
13567  -1.237  -57.755  4.951 1.0000000000
12006  -1.677  -58.926  5.841 1.0000000000
12775  -11.324  -58.449  3.207 1.0000000000
12776  -12.149  -58.141  3.013 1.0000000000
12761  -2.117  -57.978  4.634 1.0000000000
12035  -9.886  -59.255  2.978 1.0000000000
12791  -11.066  -59.098  2.877 1.0000000000
12056  -11.781  -59.109  1.881 1.0000000000
13582  -2.828  -57.797  4.046 1.0000000000
12823  -11.829  -58.354  0.661 1.0000000000
12770  -3.657  -58.308  3.856 1.0000000000
13592  -4.175  -57.861  3.177 1.0000000000
12786  -5.798  -58.587  2.507 1.0000000000
132294  -11.914  -57.890  0.271 1.0000000000
120506  1.645  -55.723  -0.722 0.4000000060
13607  -5.468  -57.695  2.288 1.0000000000
12785  -4.997  -58.218  2.864 1.0000000000
13625  -8.518  -57.947  1.129 1.0000000000
13640  -10.347  -57.546  0.545 1.0000000000
14503  -11.974  -57.176  0.089 1.0000000000
13642  -12.515  -57.928  0.254 1.0000000000
15332  -11.233  -55.248  0.009 1.0000000000
16089  -12.494  -54.541  -0.673 1.0000000000
10465  0.979  -60.739  13.915 0.6999999881
11173  0.285  -59.913  13.661 0.8000000119
10474  0.091  -60.265  12.817 0.8000000119
11160  0.454  -60.271  14.256 0.6999999881
11934  -0.919  -58.589  11.558 0.8999999762
11187  -0.274  -59.315  12.601 0.8000000119
11935  -1.796  -58.988  10.979 1.0000000000
11936  -2.855  -59.211  10.484 1.0000000000
11962  -3.467  -58.748  9.821 1.0000000000
12706  -4.657  -58.182  8.624 1.0000000000
13562  5.542  -57.378  5.622 0.8999999762
14401  3.263  -56.328  6.187 1.0000000000
14371  -3.109  -55.995  9.320 0.8999999762
12719  -5.151  -57.784  8.079 1.0000000000
13578  5.337  -57.506  4.535 0.8999999762
13555  2.491  -56.792  6.572 1.0000000000
120277  -5.774  -58.580  7.531 1.0000000000
13568  -6.718  -57.212  6.412 1.0000000000
13583  -7.841  -57.665  5.167 1.0000000000
14449  4.925  -56.256  3.608 0.8999999762
14431  4.372  -56.049  4.313 0.8999999762
13564  1.504  -56.867  6.043 1.0000000000
12731  -6.302  -58.169  6.852 1.0000000000
13586  -10.065  -56.864  3.952 1.0000000000
14479  4.301  -56.166  1.747 0.8999999762
123389  3.393  -58.301  2.899 0.6000000238
14432  2.534  -55.886  4.903 1.0000000000
13585  -9.387  -57.966  4.122 1.0000000000
13609  -12.984  -57.941  2.746 0.8999999762
12801  1.777  -58.064  1.763 0.6000000238
13580  -1.505  -57.362  4.342 1.0000000000
12748  -1.656  -58.315  5.219 1.0000000000
15992  -8.961  -53.884  7.801 0.8000000119
14404  -7.269  -55.571  6.282 0.8999999762
12793  -12.454  -58.660  2.365 1.0000000000
13627  -13.973  -58.110  1.690 0.8999999762
12812  -13.381  -58.472  1.298 0.8999999762
13581  -2.166  -57.458  4.082 1.0000000000
12811  -12.646  -58.727  1.595 1.0000000000
131444  -13.432  -58.333  0.811 1.0000000000
12825  -13.980  -58.234  0.912 0.8999999762
13591  -3.346  -57.494  3.401 1.0000000000
13643  -13.483  -57.963  0.354 1.0000000000
13659  -14.762  -57.239  -0.071 1.0000000000
13606  -4.676  -57.400  2.614 1.0000000000
13623  -6.748  -57.502  1.438 1.0000000000
14520  -13.809  -56.606  -0.548 1.0000000000
14484  -7.262  -56.818  0.958 1.0000000000
13639  -9.389  -57.724  0.804 1.0000000000
14502  -11.053  -56.861  0.267 1.0000000000
13657  -13.036  -57.150  -0.204 1.0000000000
15344  -13.811  -55.036  -1.120 1.0000000000
11908  -0.056  -59.153  13.536 0.6999999881
11920  -0.290  -58.591  12.996 0.6999999881
11933  -0.530  -58.451  12.307 0.8000000119
11948  -1.707  -58.030  10.582 1.0000000000
12696  -2.346  -57.871  9.928 1.0000000000
12669  -0.947  -57.719  12.386 0.6999999881
13510  -1.856  -56.790  11.113 0.6999999881
12704  -3.040  -57.529  9.396 1.0000000000
116768  -4.084  -58.399  9.257 1.0000000000
13532  -5.004  -56.774  8.258 1.0000000000
12730  -5.670  -57.343  7.614 1.0000000000
13498  -2.716  -56.589  10.806 0.8000000119
13546  -5.735  -56.598  7.843 1.0000000000
13547  -6.185  -56.835  7.162 1.0000000000
14438  -7.998  -56.495  5.076 1.0000000000
13569  -7.303  -57.559  5.737 1.0000000000
14412  5.096  -56.557  4.437 0.8999999762
14414  2.963  -56.162  5.492 1.0000000000
14357  -3.258  -55.934  9.634 0.8000000119
15199  -6.617  -55.562  7.601 0.8999999762
14403  -6.710  -56.199  6.747 1.0000000000
14418  -7.171  -56.444  6.044 1.0000000000
13584  -8.575  -57.545  4.672 1.0000000000
15248  3.342  -55.781  4.184 0.8999999762
14433  1.522  -55.884  4.871 1.0000000000
14417  0.061  -56.768  5.040 1.0000000000
13566  -0.408  -57.542  5.261 1.0000000000
15186  -6.708  -55.381  8.396 0.8999999762
16005  -7.938  -54.663  7.144 0.8999999762
13595  -11.679  -57.272  3.424 0.8999999762
13596  -12.579  -56.976  3.261 0.8000000119
13610  -13.730  -57.700  2.414 0.8999999762
133528  4.050  -55.740  1.148 0.8999999762
12781  2.588  -58.184  2.286 0.6000000238
15249  2.225  -55.666  4.161 1.0000000000
14434  0.589  -56.089  4.686 1.0000000000
15251  0.195  -55.699  4.075 1.0000000000
16019  -10.356  -53.499  5.918 0.8000000119
14439  -8.687  -56.093  4.693 1.0000000000
13611  -14.453  -57.474  2.084 0.8999999762
14480  3.694  -56.348  0.890 0.8999999762
14452  -1.448  -56.191  3.583 1.0000000000
14437  -1.824  -56.911  3.830 1.0000000000
13590  -2.551  -57.162  3.573 1.0000000000
15253  -10.185  -54.325  4.388 0.8000000119
124203  -14.710  -57.724  1.185 0.8999999762
13645  -15.170  -57.335  0.394 0.8999999762
14453  -2.215  -56.438  3.347 1.0000000000
13605  -3.894  -57.097  2.845 1.0000000000
16020  -11.313  -53.134  6.090 0.6999999881
13644  -14.400  -57.714  0.397 0.8999999762
14454  -3.073  -56.614  3.050 1.0000000000
14521  -14.611  -56.783  -0.498 1.0000000000
14467  -3.772  -56.313  2.529 1.0000000000
14469  -5.134  -56.761  2.047 1.0000000000
122711  -6.466  -56.787  1.249 1.0000000000
14501  -9.604  -56.763  0.572 1.0000000000
133455  -10.331  -56.587  0.414 1.0000000000
15322  -11.587  -56.171  -0.012 1.0000000000
14534  -14.353  -56.241  -0.805 1.0000000000
11909  -0.386  -58.764  13.354 0.6999999881
12668  -0.620  -58.057  12.541 0.6999999881
11174  -0.271  -59.292  14.060 0.6999999881
11910  -0.762  -58.640  13.482 0.6000000238
12694  -1.389  -57.373  11.175 0.8000000119
12695  -1.843  -57.157  10.441 1.0000000000
133472  -2.257  -56.636  10.425 0.8000000119
13521  -2.996  -56.503  9.312 1.0000000000
12718  -4.549  -57.223  8.492 1.0000000000
14382  -4.475  -56.450  8.777 1.0000000000
15287  4.065  -55.387  2.738 0.8999999762
14383  -6.087  -56.000  8.030 0.8999999762
14395  -6.865  -55.613  7.003 0.8999999762
15267  3.097  -55.422  3.342 0.8999999762
14373  -4.712  -56.239  9.289 0.8000000119
15230  -7.893  -55.244  5.664 0.8999999762
14455  -11.123  -56.283  3.695 0.8000000119
15268  1.839  -55.374  3.483 0.8999999762
15250  1.156  -55.643  4.167 1.0000000000
14435  -0.273  -56.381  4.412 1.0000000000
14436  -1.079  -56.666  4.122 1.0000000000
15187  -7.484  -54.732  8.881 0.8000000119
16032  -11.093  -53.366  5.137 0.8000000119
14472  -15.629  -56.570  2.069 0.8000000119
13618  2.894  -56.979  1.109 0.6999999881
15289  1.450  -55.046  2.834 0.8999999762
14451  -0.673  -55.905  3.881 1.0000000000
15272  -1.905  -55.641  3.199 1.0000000000
15983  -9.521  -53.963  8.537 0.6000000238
15993  -9.908  -53.709  7.761 0.6999999881
16720  -10.390  -53.631  7.088 0.6999999881
16022  -13.128  -54.161  5.210 0.6000000238
15255  -12.342  -53.905  4.325 0.8000000119
13628  -15.481  -57.121  1.142 0.8999999762
14495  3.398  -55.997  -0.082 0.8000000119
14513  3.689  -55.816  -1.024 0.8000000119
132493  2.162  -56.925  0.791 0.6000000238
14504  -15.868  -56.777  0.342 0.8999999762
130802  -16.846  -55.918  -0.298 0.8000000119
15294  -3.142  -55.713  2.676 1.0000000000
121756  -8.927  -55.949  0.514 1.0000000000
16023  -15.893  -54.796  5.043 0.5000000000
15336  -15.957  -56.134  -0.850 0.8999999762
14500  -8.073  -56.419  0.692 1.0000000000
119135  -10.748  -55.968  0.226 1.0000000000
14519  -12.357  -56.416  -0.224 1.0000000000
14535  -15.078  -56.261  -0.873 0.8999999762
15347  -16.253  -55.598  -1.214 0.8999999762
14468  -4.424  -56.060  2.091 1.0000000000
14483  -6.596  -55.960  0.866 1.0000000000
15333  -12.199  -55.443  -0.335 1.0000000000
16090  -13.078  -55.243  -0.716 1.0000000000
15346  -15.409  -55.606  -1.260 1.0000000000
17528  -10.290  -52.763  -0.402 1.0000000000
16087  -10.803  -54.400  0.069 1.0000000000
16088  -11.647  -54.489  -0.305 1.0000000000
13530  -3.588  -56.273  8.975 1.0000000000
13512  -3.450  -56.109  10.286 0.8000000119
117809  -5.432  -56.280  8.616 1.0000000000
14393  -5.485  -56.417  8.186 1.0000000000
113885  2.424  -55.111  2.844 0.8999999762
14457  -13.036  -55.779  3.552 0.8000000119
14459  -14.532  -56.026  3.273 0.8000000119
15275  -13.505  -54.913  4.109 0.8000000119
14458  -13.817  -55.928  3.460 0.8000000119
14460  -15.268  -56.021  3.038 0.8000000119
15308  -16.263  -56.061  1.908 0.8000000119
128076  3.765  -54.988  -0.064 0.8999999762
15271  -1.134  -55.440  3.407 1.0000000000
124864  -13.898  -54.652  4.868 0.6999999881
14471  -14.851  -56.728  2.514 0.8000000119
14486  -16.138  -56.482  1.170 0.8000000119
14514  3.236  -56.083  -0.768 0.6999999881
15291  -0.421  -54.849  2.948 1.0000000000
15293  -2.506  -55.121  2.789 1.0000000000
15273  -2.573  -55.900  3.017 1.0000000000
16008  -11.007  -53.569  6.719 0.5000000000
15329  3.244  -55.448  -1.517 0.6000000238
16050  -2.080  -54.667  2.487 1.0000000000
125067  -3.178  -54.990  2.418 1.0000000000
122895  -4.394  -56.744  2.439 1.0000000000
14482  -5.806  -56.358  1.387 1.0000000000
15337  -16.867  -55.777  -0.855 0.8999999762
14481  -5.071  -55.814  1.594 1.0000000000
115854  -8.053  -55.568  0.591 1.0000000000
15321  -9.508  -55.093  0.452 1.0000000000
16103  -16.943  -55.147  -1.313 0.8999999762
15305  -4.375  -55.159  1.720 1.0000000000
15307  -5.696  -55.406  1.082 1.0000000000
14499  -7.248  -55.249  0.551 1.0000000000
16082  -9.986  -54.356  0.356 1.0000000000
16101  -14.701  -54.734  -1.467 1.0000000000
16102  -15.890  -54.934  -1.539 1.0000000000
16099  -12.860  -53.927  -1.124 1.0000000000
16813  -14.305  -53.668  -1.526 1.0000000000
16810  -12.001  -53.030  -1.207 1.0000000000
16811  -12.539  -53.315  -1.286 1.0000000000
12684  -2.157  -57.063  11.582 0.6999999881
14372  -3.663  -56.005  9.199 0.8999999762
14374  -6.081  -55.941  9.613 0.8000000119
15288  3.320  -55.027  2.443 0.8999999762
15270  -0.277  -55.277  3.424 1.0000000000
15175  -6.937  -55.235  9.335 0.8000000119
16058  3.559  -54.327  0.778 0.8999999762
15304  3.418  -54.669  1.632 0.8999999762
16046  2.322  -54.709  2.113 0.8999999762
125439  -0.931  -54.956  3.152 1.0000000000
15973  -8.319  -54.371  9.112 0.6000000238
15258  -15.473  -55.101  4.475 0.6999999881
16035  -16.103  -54.802  4.136 0.6999999881
15296  -15.971  -55.797  2.697 0.8000000119
15309  -16.768  -55.751  1.199 0.8000000119
16067  -17.430  -55.180  0.569 0.8000000119
15292  -1.628  -54.983  3.025 1.0000000000
16072  3.580  -54.067  -0.187 0.8999999762
15328  3.597  -55.174  -1.513 0.8999999762
15290  0.403  -54.947  2.902 1.0000000000
126335  -16.248  -54.566  4.735 0.6000000238
14505  -16.536  -56.245  0.351 0.8000000119
15323  -17.043  -55.729  0.255 0.8000000119
16086  3.713  -54.742  -1.237 0.8999999762
16063  -1.565  -54.333  1.862 1.0000000000
16051  -2.919  -54.621  2.250 1.0000000000
15295  -3.757  -55.443  2.243 1.0000000000
16078  -6.057  -53.687  0.610 1.0000000000
16788  -6.753  -53.309  0.272 1.0000000000
16091  -18.485  -54.901  -0.947 0.8999999762
15342  1.256  -55.035  -1.699 0.5000000000
15306  -4.991  -54.974  1.298 1.0000000000
15319  -6.340  -54.818  0.632 1.0000000000
17511  -8.632  -52.745  0.042 1.0000000000
16791  -9.586  -53.749  0.309 1.0000000000
112246  -16.665  -54.330  -1.606 0.8999999762
15320  -8.651  -54.968  0.547 1.0000000000
118606  -10.320  -53.593  0.038 1.0000000000
18313  -11.260  -51.719  -1.737 1.0000000000
126938  -11.145  -53.724  -0.299 1.0000000000
113543  -15.445  -53.892  -1.608 1.0000000000
17545  -14.032  -52.791  -1.610 1.0000000000
128203  -14.811  -53.096  -1.545 1.0000000000
17546  -14.804  -52.207  -1.493 1.0000000000
16059  2.752  -54.163  1.318 0.8999999762
16073  2.990  -53.673  0.604 0.8999999762
16047  1.040  -54.699  2.192 0.8999999762
16049  -1.060  -54.637  2.610 1.0000000000
16760  -17.021  -53.841  4.102 0.6000000238
15279  -16.245  -55.058  3.146 0.8000000119
115345  -17.113  -54.078  2.330 0.8000000119
16054  -17.350  -53.965  1.731 0.8000000119
16060  1.667  -54.246  1.547 0.8999999762
16048  -0.024  -54.636  2.336 1.0000000000
16068  -17.636  -54.298  0.918 0.8000000119
16083  -18.231  -54.750  -0.163 0.8000000119
16779  3.187  -53.217  -0.240 0.8999999762
16061  0.562  -54.262  1.615 0.8999999762
16052  -3.689  -54.567  1.884 1.0000000000
16066  -4.541  -54.172  1.319 1.0000000000
15236  -13.836  -54.739  5.265 0.6000000238
125214  -14.658  -55.082  5.244 0.5000000000
127243  -17.583  -55.414  -0.493 0.8000000119
16808  3.775  -54.196  -2.131 0.8999999762
16094  3.739  -54.622  -2.152 0.8000000119
16065  -3.427  -54.289  1.693 1.0000000000
16789  -7.875  -53.265  0.220 1.0000000000
16805  -18.954  -54.241  -1.176 0.8999999762
16796  3.648  -53.725  -1.234 0.8999999762
131604  2.852  -54.167  -3.485 0.5000000000
16077  -5.238  -53.491  0.966 1.0000000000
16804  -9.510  -53.066  0.079 1.0000000000
16816  -18.413  -53.892  -1.410 0.8999999762
16079  -7.201  -54.165  0.414 1.0000000000
16080  -8.293  -54.165  0.441 1.0000000000
16814  -16.339  -53.550  -1.630 0.8999999762
123544  -12.154  -51.853  -1.902 1.0000000000
17544  -12.570  -52.619  -1.570 1.0000000000
132502  -13.333  -52.511  -1.655 1.0000000000
17547  -15.642  -52.938  -1.534 1.0000000000
112748  -15.981  -52.056  -1.440 0.8999999762
18315  -13.811  -51.977  -1.658 1.0000000000
18314  -13.001  -51.906  -1.883 1.0000000000
16761  -17.367  -53.222  3.826 0.6999999881
16766  -17.384  -53.342  2.304 0.6999999881
16780  2.094  -53.214  0.386 0.8999999762
16775  -17.705  -53.447  1.262 0.8000000119
16770  -1.023  -53.973  1.067 1.0000000000
16773  -3.970  -53.884  1.215 1.0000000000
16752  -17.332  -53.277  4.627 0.6000000238
132429  -18.968  -53.568  -0.249 0.8000000119
16107  3.875  -54.172  -2.946 0.8999999762
16064  -2.562  -54.339  1.885 1.0000000000
121999  -4.051  -54.072  1.445 1.0000000000
16793  -19.168  -53.657  -0.777 0.8000000119
16817  -18.900  -53.453  -1.137 0.8000000119
16809  3.748  -53.306  -2.415 0.8999999762
17533  3.347  -52.514  -3.019 0.8000000119
121171  3.409  -54.130  -3.334 0.6999999881
16819  2.463  -52.973  -4.106 0.6000000238
17527  -9.229  -52.252  -0.387 1.0000000000
17529  -11.264  -53.002  -0.741 1.0000000000
16076  0.122  -53.725  0.936 0.8999999762
126624  -17.832  -51.369  4.561 0.6000000238
18285  -17.643  -51.779  3.224 0.6000000238
18287  -17.663  -51.808  2.254 0.6000000238
16074  2.159  -53.801  0.985 0.8999999762
16075  1.247  -53.745  1.025 0.8999999762
16062  -0.518  -54.304  1.734 0.8999999762
16771  -2.018  -54.024  1.139 1.0000000000
16785  -4.526  -53.522  0.796 1.0000000000
119489  -18.059  -51.986  1.221 0.6000000238
16800  0.347  -53.033  0.174 0.8999999762
16772  -3.038  -54.052  1.169 1.0000000000
17509  -6.534  -53.166  0.144 1.0000000000
17503  -17.676  -52.618  1.721 0.6000000238
18292  -18.628  -52.182  0.399 0.6000000238
17513  -19.000  -52.795  -0.295 0.6999999881
16797  3.403  -52.936  -1.191 0.8999999762
16799  1.415  -52.663  -0.130 0.8999999762
118913  -0.633  -53.407  0.382 0.8999999762
16786  -5.178  -53.379  0.827 1.0000000000
17530  -19.042  -52.935  -0.766 0.8000000119
113636  -18.870  -52.347  -1.002 0.8000000119
17516  3.125  -52.323  -1.789 0.8999999762
125282  -0.313  -52.869  -0.228 0.8999999762
16783  -2.393  -53.686  0.248 0.8999999762
16787  -5.810  -53.340  0.596 1.0000000000
17510  -7.384  -52.821  -0.080 1.0000000000
121324  -8.000  -52.547  -0.099 1.0000000000
18312  -10.253  -51.500  -1.428 1.0000000000
130564  -10.033  -50.812  -1.851 1.0000000000
112772  -17.970  -52.982  -1.410 0.8999999762
113037  -17.820  -51.938  -1.292 0.8999999762
17551  2.628  -52.237  -3.703 0.6999999881
124956  1.881  -52.226  -4.066 0.6000000238
16803  -3.151  -53.428  -0.414 0.8999999762
17524  -7.129  -52.634  -0.424 1.0000000000
17525  -7.817  -52.126  -0.551 1.0000000000
18298  -8.578  -51.570  -0.747 1.0000000000
18299  -9.370  -51.578  -0.942 1.0000000000
19150  -10.847  -50.994  -2.053 1.0000000000
18318  -16.786  -51.566  -1.476 0.8999999762
20053  -9.048  -49.373  -2.160 1.0000000000
116810  -9.845  -49.729  -2.496 1.0000000000
19167  -11.279  -50.418  -2.586 1.0000000000
18329  -12.644  -51.195  -2.279 1.0000000000
18330  -13.514  -51.227  -2.023 1.0000000000
18317  -15.217  -51.350  -1.519 0.8999999762
119968  -15.986  -51.249  -1.513 0.8999999762
19152  -16.588  -50.714  -1.624 0.8999999762
20054  -10.739  -49.615  -2.881 1.0000000000
19169  -13.218  -50.369  -2.470 1.0000000000
19170  -14.128  -50.541  -1.992 1.0000000000
129298  -14.810  -50.735  -1.689 0.8999999762
20072  -11.451  -49.022  -3.262 1.0000000000
19171  -14.936  -49.934  -1.889 1.0000000000
19115  -18.001  -50.652  4.756 0.3000000119
130663  -18.094  -50.026  4.138 0.4000000060
19122  -17.929  -50.223  3.245 0.5000000000
132582  -18.229  -49.775  5.679 0.3000000119
19127  -17.836  -50.266  2.283 0.5000000000
18289  -18.499  -51.233  0.638 0.6000000238
18293  -19.121  -51.743  -0.143 0.6000000238
17517  0.631  -52.295  -0.667 0.8999999762
17508  -5.697  -53.210  0.423 1.0000000000
18294  -19.788  -51.072  -0.390 0.6000000238
18319  -19.648  -51.346  -0.804 0.6999999881
130644  2.011  -51.915  -1.088 0.8999999762
17535  1.234  -51.505  -1.736 0.8999999762
16802  -2.144  -53.206  -0.788 0.8999999762
122022  -4.563  -52.927  -0.638 1.0000000000
134240  -7.854  -51.405  -0.776 1.0000000000
19154  -18.713  -51.190  -1.255 0.8999999762
18304  1.698  -51.321  -2.951 0.8000000119
125152  -1.362  -52.744  -1.051 0.8999999762
17523  -6.266  -52.874  -0.304 1.0000000000
117075  -17.509  -51.194  -1.498 0.8999999762
18321  1.532  -51.528  -3.711 0.6999999881
17557  0.417  -51.138  -4.490 0.6000000238
110502  -1.464  -50.717  -5.538 0.6000000238
20037  -7.123  -49.881  -1.591 1.0000000000
20040  -16.894  -49.987  -1.810 0.8999999762
20970  -9.466  -48.258  -2.976 1.0000000000
20055  -11.760  -49.759  -2.938 1.0000000000
20039  -16.003  -49.907  -1.771 0.8999999762
21865  -8.765  -47.826  -2.905 0.8999999762
20056  -12.622  -49.728  -2.861 1.0000000000
112489  -14.021  -49.713  -2.352 1.0000000000
20009  -18.100  -49.390  3.524 0.3000000119
129232  -18.048  -49.197  2.469 0.4000000060
132719  -18.810  -50.533  0.538 0.5000000000
17518  -0.429  -52.403  -0.932 0.8999999762
19141  -20.556  -50.460  -0.543 0.5000000000
132534  0.372  -51.908  -1.187 0.8999999762
119030  -0.949  -52.052  -1.657 0.8999999762
18296  -7.511  -51.901  -0.883 1.0000000000
116373  -18.871  -50.172  -1.573 0.8000000119
19155  -19.963  -50.588  -1.181 0.6999999881
17536  0.116  -51.595  -1.710 0.8999999762
17519  -1.884  -52.644  -1.649 0.8999999762
127591  -3.440  -52.591  -1.893 0.8999999762
132884  -4.184  -52.681  -1.466 1.0000000000
17540  -5.865  -52.596  -0.975 1.0000000000
18309  -6.930  -51.638  -1.385 1.0000000000
19147  -7.606  -50.257  -1.062 1.0000000000
19162  0.341  -50.123  -3.980 0.6999999881
19189  -0.237  -49.681  -4.905 0.6000000238
125459  -7.743  -49.024  -1.947 1.0000000000
20060  -16.713  -49.150  -2.039 0.8000000119
20071  -10.661  -48.857  -3.219 1.0000000000
21878  -9.672  -47.656  -3.333 1.0000000000
20073  -12.952  -48.992  -3.130 1.0000000000
118780  -13.318  -48.193  -3.228 1.0000000000
20058  -14.686  -49.072  -2.316 0.8999999762
20059  -15.574  -49.125  -2.016 0.8000000119
17538  -2.516  -52.312  -2.241 0.8999999762
18310  -7.593  -51.081  -1.033 1.0000000000
130755  -17.743  -49.657  -1.954 0.6999999881
20061  -17.845  -48.845  -2.128 0.6999999881
18324  -1.256  -50.505  -3.220 0.8000000119
17552  -2.301  -51.232  -3.002 0.8999999762
19163  -5.346  -50.794  -2.861 0.8999999762
20959  -16.074  -48.373  -2.092 0.8000000119
111308  -1.023  -49.639  -4.155 0.6999999881
109910  -1.309  -49.714  -5.274 0.6000000238
18351  -2.946  -52.199  -6.542 0.6000000238
127361  -4.375  -51.099  -5.753 0.5000000000
20954  -8.124  -48.466  -2.375 1.0000000000
123819  -9.104  -47.082  -3.426 0.8999999762
21877  -8.218  -47.128  -3.287 0.8000000119
21879  -10.522  -47.597  -3.643 1.0000000000
20972  -11.078  -48.288  -3.538 1.0000000000
22783  -8.562  -46.523  -3.718 0.8000000119
18308  -5.960  -52.032  -1.641 1.0000000000
18305  0.677  -50.919  -2.601 0.8999999762
18307  -5.082  -51.885  -2.089 1.0000000000
18327  -6.388  -51.307  -1.868 1.0000000000
19146  -7.013  -50.777  -1.524 1.0000000000
128428  -7.747  -49.559  -1.389 1.0000000000
110681  -3.840  -51.422  -3.536 0.8000000119
19164  -6.282  -50.547  -2.204 0.8999999762
121539  -15.685  -47.723  -2.351 0.6999999881
109913  -2.356  -49.734  -4.696 0.6000000238
109904  -2.969  -51.077  -3.531 0.8999999762
113465  -6.555  -49.624  -2.300 0.8999999762
20051  -7.268  -49.262  -1.947 1.0000000000
20953  -7.299  -48.559  -2.502 0.8999999762
21864  -7.770  -47.771  -2.861 0.8999999762
133775  -12.961  -47.609  -3.558 0.8999999762
20957  -14.544  -48.408  -2.548 0.8000000119
131788  -1.808  -49.539  -5.027 0.6000000238
110851  -4.715  -50.788  -5.538 0.6000000238
20968  -6.422  -48.629  -3.060 0.8000000119
21876  -7.298  -47.210  -3.484 0.8000000119
22804  -7.050  -46.036  -4.305 0.8000000119
22806  -8.948  -45.953  -4.094 0.8000000119
21866  -14.874  -47.780  -2.575 0.6999999881
21895  -1.719  -46.697  -5.208 0.6999999881
21897  -3.383  -46.602  -4.369 0.6999999881
22785  -10.828  -46.913  -3.951 0.8999999762
20974  -14.124  -47.970  -2.907 0.8999999762
17553  -3.209  -51.893  -2.761 0.8999999762
17554  -4.202  -52.110  -2.291 0.8999999762
18325  -4.740  -51.415  -2.925 0.8999999762
109907  -3.119  -50.339  -4.119 0.8000000119
125823  -4.406  -51.037  -3.908 0.8000000119
20049  -5.719  -49.964  -2.790 0.8999999762
20050  -6.720  -49.025  -2.483 0.8999999762
20969  -6.861  -47.915  -3.265 0.8000000119
23757  -9.345  -45.376  -4.574 0.8000000119
124838  -9.330  -46.501  -3.777 0.8999999762
22808  -10.990  -46.154  -4.393 0.8999999762
21882  -13.677  -47.408  -3.335 0.8999999762
21867  -15.319  -47.068  -2.701 0.6999999881
110436  -3.823  -50.412  -4.557 0.6000000238
110727  -4.722  -50.607  -3.916 0.8000000119
20070  -6.032  -49.238  -2.854 0.8000000119
21874  -5.701  -48.057  -3.795 0.8000000119
21875  -6.394  -47.309  -3.918 0.8000000119
20965  -2.850  -48.630  -4.351 0.6999999881
21873  -4.164  -47.626  -4.052 0.8000000119
22803  -6.038  -46.203  -4.542 0.8000000119
22809  -12.026  -46.268  -4.526 0.8000000119
22788  -14.004  -46.627  -3.456 0.8999999762
19176  -5.057  -50.303  -3.433 0.8000000119
20069  -5.255  -49.418  -3.390 0.8000000119
20967  -4.715  -48.621  -3.747 0.8000000119
124962  -7.922  -44.799  -4.833 0.8000000119
24687  -9.666  -44.698  -5.058 0.8000000119
23759  -11.699  -45.762  -4.828 0.8000000119
21883  -14.482  -47.194  -3.018 0.6999999881
20068  -4.167  -49.356  -3.880 0.8000000119
24717  -6.766  -43.882  -5.227 0.8000000119
23741  -13.590  -46.195  -3.853 0.8000000119
24689  -11.911  -45.171  -5.220 0.5000000000
23758  -10.306  -45.413  -4.711 0.8000000119
124582  -11.149  -45.379  -4.944 0.6000000238
24718  -7.835  -43.966  -5.066 0.6999999881
25617  -7.091  -43.047  -5.332 0.6000000238
25618  -9.350  -42.956  -5.611 0.6000000238
132788  -11.312  -44.958  -5.249 0.5000000000
24722  -12.415  -44.501  -5.521 0.6000000238
24720  -9.963  -43.994  -5.496 0.5000000000
25620  -12.855  -43.849  -5.769 0.5000000000
26522  -9.308  -41.890  -5.926 0.5000000000
129906  -11.265  -43.799  -6.107 0.5000000000
27396  -9.290  -41.110  -6.619 0.4000000060
26520  -7.401  -42.144  -5.558 0.6000000238
26523  -10.115  -42.637  -6.195 0.5000000000
27395  -8.539  -41.136  -5.974 0.5000000000
26558  -10.643  -42.355  -6.838 0.4000000060
27425  -9.572  -40.735  -7.579 0.3000000119
195  -0.989  -85.952  -4.238 0.6999999881
577  1.647  -83.695  -7.745 0.8999999762
1410  -0.817  -81.062  -6.135 1.0000000000
572  -4.712  -83.341  -6.176 1.0000000000
1383  1.193  -79.822  -3.752 1.0000000000
1680  0.172  -79.618  -3.986 1.0000000000
1684  -3.294  -79.356  -4.929 1.0000000000
1404  -6.178  -80.115  -5.612 1.0000000000
234  -6.236  -85.418  -10.561 0.8999999762
1016  5.039  -81.603  4.687 0.6000000238
1140  -6.158  -81.878  -9.609 0.8999999762
1950  2.826  -78.629  0.713 1.0000000000
1996  -4.525  -78.328  -4.441 1.0000000000
630  -2.726  -83.469  -12.504 0.8000000119
2814  -5.319  -75.715  -9.294 0.8999999762
1154  -5.334  -81.807  -9.855 0.8999999762
1153  -4.440  -81.842  -10.096 0.8000000119
3072  -0.598  -75.339  4.550 1.0000000000
2735  -5.084  -76.679  -1.398 1.0000000000
3471  0.745  -74.407  5.203 1.0000000000
2276  5.237  -77.356  3.541 1.0000000000
122202  -3.912  -73.503  3.368 1.0000000000
3496  -5.638  -74.657  1.643 1.0000000000
125497  0.724  -73.592  -1.573 1.0000000000
4519  -8.116  -72.828  -3.656 1.0000000000
4447  -5.713  -73.015  2.149 1.0000000000
4891  1.146  -71.055  4.879 1.0000000000
5779  1.094  -71.283  4.938 1.0000000000
124342  5.741  -73.220  3.895 1.0000000000
5844  -1.014  -69.127  -1.161 1.0000000000
119133  -1.840  -68.838  -0.955 1.0000000000
119054  0.319  -68.587  -1.506 1.0000000000
6349  2.037  -68.817  -1.253 1.0000000000
6351  -0.533  -68.488  -1.364 1.0000000000
6345  -1.749  -68.019  -0.972 1.0000000000
6887  -3.415  -67.431  0.358 1.0000000000
111400  6.355  -72.028  6.701 0.8000000119
5322  6.238  -69.981  4.620 1.0000000000
7474  1.405  -66.087  1.377 1.0000000000
7473  2.384  -66.667  1.710 1.0000000000
8045  0.924  -65.597  1.983 1.0000000000
6239  -0.444  -68.615  8.325 1.0000000000
6840  4.432  -67.864  6.771 1.0000000000
6247  3.496  -68.217  6.914 1.0000000000
117908  -2.324  -64.954  3.895 1.0000000000
8037  -1.763  -64.929  2.492 1.0000000000
8058  4.664  -64.655  -1.945 0.6000000238
8499  -1.875  -64.836  10.347 1.0000000000
7910  6.096  -64.967  11.802 0.8000000119
113600  5.608  -65.406  11.714 0.8000000119
10527  -3.071  -61.968  8.430 1.0000000000
117916  -2.327  -61.894  8.495 1.0000000000
11223  4.875  -60.525  9.576 1.0000000000
115994  -3.848  -61.655  7.931 1.0000000000
10542  -4.252  -61.605  7.061 1.0000000000
10558  -3.990  -61.577  6.727 1.0000000000
11265  -1.822  -60.243  7.013 1.0000000000
9878  5.659  -61.847  3.481 1.0000000000
8449  6.492  -64.202  13.220 0.6999999881
10576  3.076  -61.290  5.402 0.8000000119
12030  -5.891  -59.947  3.441 1.0000000000
9761  3.799  -62.295  13.326 0.8000000119
13624  -7.591  -57.721  1.294 1.0000000000
126120  -8.746  -56.989  0.721 1.0000000000
14419  -7.601  -55.937  5.545 1.0000000000
14440  -9.589  -55.692  4.348 0.8000000119
14450  4.206  -55.690  3.513 0.8999999762
123859  -9.913  -55.901  0.405 1.0000000000
15335  -13.754  -55.831  -0.842 1.0000000000
14456  -12.152  -55.722  3.603 0.8000000119
15269  0.768  -55.333  3.497 1.0000000000
122183  -10.377  -55.146  0.277 1.0000000000
12703  -2.428  -56.892  9.849 0.8999999762
13511  -2.739  -56.142  9.897 0.8000000119
121210  -6.222  -55.797  8.734 0.8999999762
16021  -12.472  -53.528  5.538 0.6999999881
118098  -7.913  -54.823  0.537 1.0000000000
15297  -16.498  -55.344  2.231 0.8000000119
17543  -11.682  -52.426  -1.407 1.0000000000
18328  -11.745  -51.148  -2.279 1.0000000000
17497  -17.547  -52.521  3.559 0.6000000238
17500  -17.513  -52.505  2.717 0.6000000238
117820  -17.586  -52.715  5.114 0.4000000060
16798  2.564  -52.592  -0.566 0.8999999762
17526  -8.329  -52.100  -0.414 1.0000000000
19166  -10.344  -50.331  -2.357 1.0000000000
120156  -17.839  -50.994  3.840 0.5000000000
16784  -3.605  -53.702  0.561 1.0000000000
18341  0.142  -50.069  -4.520 0.6000000238
19149  -8.597  -50.478  -1.224 1.0000000000
19165  -9.350  -50.212  -1.881 1.0000000000
19148  -8.017  -50.156  -0.924 1.0000000000
18334  -0.195  -49.698  -4.415 0.6000000238
20973  -12.234  -48.282  -3.506 1.0000000000
20042  -19.618  -49.568  -1.410 0.4000000060
20041  -18.557  -49.382  -1.823 0.6000000238
22782  -7.664  -46.581  -3.791 0.8000000119
21880  -11.438  -47.536  -3.821 1.0000000000
22784  -9.987  -46.905  -3.735 0.8999999762
23753  -5.457  -45.429  -5.066 0.6999999881
20960  -17.052  -48.240  -2.207 0.6000000238
124624  -12.437  -46.685  -4.141 0.8999999762
20098  -3.271  -49.366  -5.907 0.6999999881
24684  -6.544  -44.627  -5.048 0.8000000119
121839  -5.649  -48.822  -3.360 0.8000000119
22789  -14.911  -46.301  -3.101 0.6999999881
23760  -12.435  -45.662  -4.799 0.6000000238
23761  -13.643  -45.581  -4.124 0.6999999881
23742  -14.220  -45.839  -3.603 0.6999999881
117  -3.164  -85.973  -4.347 0.6999999881
124  -1.564  -86.106  -4.509 0.8000000119
55  -3.467  -87.673  -2.835 0.8000000119
4  -3.592  -87.871  -2.235 0.8000000119
22  -3.999  -87.917  -4.182 0.8999999762
10  -4.298  -88.103  -2.492 0.8000000119
7  -5.752  -87.947  -1.577 0.8000000119
45  -6.691  -87.499  -0.170 0.8000000119
13  -6.934  -87.679  -2.536 0.8000000119
58  -9.373  -86.932  -2.290 0.6000000238
506  4.006  -84.158  0.227 0.8000000119
7497  4.903  -67.017  -1.945 0.6999999881
127440  4.284  -61.204  1.703 0.6000000238
9218  4.334  -62.746  0.120 0.6999999881
11275  3.013  -60.568  5.558 0.8000000119
11287  2.451  -60.359  5.322 0.5000000000
12759  3.839  -58.985  4.533 0.8000000119
12015  3.306  -59.749  5.361 0.8000000119
117339  3.491  -57.192  1.445 0.8000000119
12800  2.810  -57.599  1.631 0.6999999881
11161  0.114  -59.965  14.451 0.6999999881
13634  3.445  -56.619  0.905 0.8000000119
14496  2.901  -56.443  0.285 0.6000000238
14497  1.705  -56.575  0.352 0.6000000238
14516  1.094  -56.122  -0.129 0.5000000000
112673  -7.329  -55.268  6.684 0.8999999762
15330  2.679  -55.922  -1.027 0.6000000238
15341  2.178  -55.369  -1.394 0.5000000000
12657  -1.171  -57.984  12.957 0.6999999881
16006  -8.636  -54.315  6.615 0.8000000119
15232  -9.748  -54.135  5.060 0.8000000119
16034  -12.684  -53.571  4.947 0.6999999881
16096  2.771  -54.772  -2.507 0.5000000000
113754  3.514  -53.382  -3.740 0.6999999881
17567  -1.085  -51.423  -5.455 0.6000000238
20038  -8.382  -49.767  -1.491 1.0000000000
20043  -20.645  -49.962  -1.156 0.4000000060
125745  -3.634  -51.468  -5.436 0.6000000238
20126  -2.371  -48.358  -6.268 0.6000000238
22828  -3.400  -45.454  -5.755 0.6999999881
125642  -4.267  -50.475  -4.604 0.6000000238
110506  -4.040  -51.370  -5.631 0.6000000238
21868  -16.322  -47.007  -2.512 0.6000000238
123794  -16.458  -47.744  -2.275 0.6000000238
109905  -4.488  -50.937  -4.833 0.6999999881
109912  -4.463  -49.964  -5.139 0.6999999881
109914  -2.729  -49.113  -5.097 0.6999999881
22776  -15.768  -46.439  -2.812 0.6000000238
109908  -3.850  -49.689  -4.543 0.6999999881
26519  -6.589  -42.464  -5.840 0.5000000000
24691  -13.652  -44.813  -4.523 0.6000000238
23762  -14.306  -45.087  -3.884 0.6000000238
27393  -6.840  -41.666  -6.252 0.5000000000
26557  -9.908  -41.917  -6.509 0.4000000060
25651  -12.569  -43.355  -6.334 0.5000000000
26582  -11.080  -41.875  -7.447 0.3000000119
9910  4.355  -62.329  0.945 0.6999999881
26555  -6.140  -42.913  -6.600 0.5000000000
17  -4.877  -88.028  -3.205 0.8999999762
3  -5.684  -87.842  -0.486 0.8000000119
118100  -7.440  -87.398  -1.140 0.8000000119
46  -7.758  -87.164  -0.326 0.8000000119
121867  -8.000  -87.412  -1.881 0.8000000119
47  -8.497  -86.874  -0.531 0.6999999881
48  -9.088  -86.719  -1.194 0.6999999881
115068  -6.558  -87.599  -3.845 0.8000000119
114045  -5.946  -87.508  -4.305 0.8999999762
20  -8.113  -87.606  -3.249 0.8000000119
19  -7.278  -87.638  -3.374 0.8000000119
63  -9.377  -87.287  -4.121 0.8000000119
64  -10.116  -86.811  -3.979 0.8000000119
114  -10.334  -86.488  -2.519 0.6999999881
31  -7.724  -87.523  -4.773 0.8999999762
62  -8.607  -87.558  -3.757 0.8000000119
302  -1.332  -85.402  -4.313 0.6999999881
186  -1.847  -85.132  -4.242 0.6000000238
65  -1.386  -86.589  -4.730 1.0000000000
60  -3.408  -86.545  -4.143 0.8000000119
115  -11.062  -86.193  -1.961 0.6000000238
119  -10.681  -86.375  -3.411 0.6999999881
110  -10.150  -86.411  -1.483 0.6000000238
117304  -12.806  -85.128  -3.714 0.5000000000
127  -11.113  -85.935  -4.863 0.6999999881
123142  -10.574  -85.779  -5.842 0.8000000119
192  0.707  -84.673  -5.731 0.8999999762
299  2.696  -83.772  -4.641 0.8000000119
139  -0.871  -86.198  -5.837 1.0000000000
141  -2.374  -86.639  -6.543 1.0000000000
103  -9.728  -86.393  -0.684 0.6000000238
209  -12.222  -84.809  -5.186 0.6999999881
116090  -7.898  -87.209  -5.369 1.0000000000
84  -9.680  -85.838  -5.822 0.8999999762
78  -9.319  -86.540  -5.574 0.8999999762
121286  -11.050  -85.525  -5.863 0.8000000119
156  -10.807  -84.596  -7.442 0.8000000119
262  3.272  -84.656  0.010 0.8000000119
507  2.601  -84.623  -0.210 0.6999999881
272  2.965  -84.603  -0.882 0.8999999762
559  1.597  -83.374  -5.068 0.6999999881
562  3.658  -83.133  -5.483 0.8999999762
150  -2.800  -86.063  -7.011 1.0000000000
143  -4.001  -86.354  -6.145 1.0000000000
317  -14.484  -84.309  -5.316 0.6000000238
117460  -13.916  -84.142  -5.909 0.6000000238
116881  -8.806  -87.119  -5.449 0.8000000119
329  -12.329  -83.915  -6.586 0.6000000238
155  -10.643  -84.588  -8.247 0.8000000119
356  -11.128  -84.395  -8.148 0.6999999881
367  -10.545  -84.605  -9.308 0.8000000119
285  3.357  -84.082  -2.578 0.8999999762
211  0.039  -85.214  -6.232 1.0000000000
148  -1.185  -85.782  -6.713 1.0000000000
338  -0.817  -84.657  -7.507 1.0000000000
5  -3.841  -88.010  -1.865 0.8000000119
223  -9.724  -84.674  -7.305 1.0000000000
119437  -9.860  -85.342  -9.581 0.8999999762
237  -9.311  -85.250  -10.202 0.8999999762
238  -10.163  -85.140  -9.894 0.8999999762
610  -9.421  -83.482  -10.797 0.8000000119
283  4.089  -84.010  -2.728 0.8999999762
515  4.262  -83.517  -0.510 0.8999999762
811  4.096  -82.035  -3.512 0.8999999762
293  3.737  -84.079  -3.037 0.8999999762
588  -0.169  -83.331  -8.145 1.0000000000
856  0.249  -82.825  -8.151 1.0000000000
857  -0.613  -82.839  -8.099 1.0000000000
846  0.749  -82.445  -7.959 1.0000000000
1126  0.209  -82.159  -7.236 1.0000000000
353  -0.547  -84.059  -7.941 1.0000000000
126897  -1.856  -83.392  -7.814 1.0000000000
1124  2.226  -82.017  -7.661 0.8999999762
221  -2.243  -85.101  -7.213 1.0000000000
122939  3.000  -81.475  -5.982 0.8999999762
1095  3.679  -81.494  -4.772 0.8999999762
213  -3.705  -85.345  -6.566 1.0000000000
214  -4.192  -85.687  -6.189 1.0000000000
837  -4.491  -82.452  -6.298 1.0000000000
203  -4.789  -86.075  -5.687 1.0000000000
125752  1.239  -76.835  -10.633 0.6000000238
2402  2.086  -78.666  -9.258 0.5000000000
2404  0.503  -78.260  -8.625 0.6999999881
110819  -0.336  -76.670  -9.088 0.6999999881
205  -6.706  -85.551  -5.310 1.0000000000
110553  0.033  -75.315  -10.477 0.8000000119
128691  -0.916  -75.850  -8.876 0.8000000119
123278  -3.045  -73.515  -12.171 0.6999999881
885  -11.932  -82.236  -10.907 0.6999999881
624  -13.192  -82.897  -11.440 0.6000000238
623  -11.853  -82.685  -11.642 0.6999999881
633  -9.671  -82.912  -11.979 0.8000000119
384  -6.099  -84.775  -11.731 0.8000000119
115392  3.909  -83.363  2.367 0.6999999881
783  4.319  -82.988  0.161 0.8999999762
1060  4.420  -81.619  -0.908 0.8999999762
117741  4.504  -81.780  -0.097 0.8999999762
294  3.194  -83.844  -3.627 0.8999999762
119179  -1.252  -80.480  -5.620 1.0000000000
1079  3.953  -81.129  -3.083 0.8999999762
1381  3.519  -80.697  -3.420 0.8999999762
112577  -6.118  -84.903  -5.349 1.0000000000
206  -7.394  -85.256  -5.423 1.0000000000
313  -7.816  -84.514  -5.458 1.0000000000
115806  -7.742  -83.081  -5.321 1.0000000000
851  -8.775  -82.779  -7.353 0.8999999762
591  -8.365  -83.070  -7.990 0.8999999762
222  -9.264  -84.429  -7.245 1.0000000000
110440  1.278  -75.941  -11.142 0.6000000238
125647  0.645  -75.477  -11.062 0.6999999881
3649  0.342  -73.973  -11.663 0.8000000119
4131  1.745  -73.311  -12.922 0.5000000000
120204  0.161  -73.573  -12.390 0.5000000000
4133  -0.596  -73.341  -12.834 0.6000000238
128492  -2.958  -74.996  -11.640 0.8000000119
2839  -3.175  -75.436  -11.097 0.8999999762
365  -7.878  -85.037  -9.376 0.8999999762
407  -7.025  -84.388  -14.464 0.8000000119
415  -5.315  -84.189  -14.387 0.8000000119
643  -7.514  -84.050  -13.377 0.8000000119
657  -10.365  -83.883  -14.103 0.6999999881
656  -9.511  -84.039  -14.044 0.6999999881
655  -8.765  -84.033  -13.861 0.6999999881
117377  -8.676  -84.354  -14.828 0.6000000238
495  4.027  -82.997  3.072 0.8000000119
116165  4.119  -83.565  0.974 0.8000000119
116925  2.179  -81.314  -6.229 0.8999999762
1104  1.137  -81.160  -6.096 1.0000000000
1398  -0.439  -80.515  -5.350 1.0000000000
1387  2.711  -80.611  -4.511 1.0000000000
838  -5.304  -82.714  -5.927 1.0000000000
128035  -6.639  -82.359  -5.401 1.0000000000
590  -7.664  -83.555  -8.578 0.8999999762
354  -8.046  -84.412  -8.634 0.8999999762
4147  -1.240  -73.191  -13.511 0.5000000000
114171  -2.365  -73.257  -13.320 0.6000000238
3230  -2.048  -75.041  -12.312 0.6999999881
2838  -2.048  -75.650  -11.710 0.6999999881
2427  -1.349  -76.509  -11.678 0.6999999881
117088  -5.405  -84.523  -12.265 0.8000000119
1388  1.617  -80.359  -4.650 1.0000000000
1397  0.622  -80.537  -5.184 1.0000000000
120636  -0.130  -80.003  -4.676 1.0000000000
1399  -1.898  -80.099  -5.524 1.0000000000
1107  -7.484  -81.196  -5.910 0.8999999762
3636  -4.269  -73.975  -10.139 0.8999999762
111503  -6.693  -83.747  -9.047 0.8999999762
4148  -2.781  -73.600  -13.721 0.5000000000
114217  -2.676  -74.316  -13.785 0.5000000000
2420  -0.840  -77.529  -11.498 0.6999999881
233  -5.349  -85.220  -10.540 0.8999999762
2041  0.220  -77.904  -12.045 0.6999999881
3686  -1.893  -74.892  -14.235 0.5000000000
427  -6.619  -84.311  -15.441 0.6999999881
1676  -1.232  -79.120  -3.646 1.0000000000
1675  -0.431  -79.230  -3.477 1.0000000000
1677  -2.086  -79.156  -3.769 1.0000000000
122157  -6.702  -80.808  -5.704 0.8999999762
1417  -8.511  -80.761  -6.768 0.8999999762
1038  4.703  -80.929  2.196 0.8000000119
2288  2.058  -77.390  2.450 1.0000000000
2680  0.609  -76.428  3.473 1.0000000000
1334  4.949  -80.158  1.597 0.8999999762
2290  0.258  -77.087  1.947 1.0000000000
2299  1.962  -77.764  1.710 1.0000000000
1659  2.826  -79.834  -2.154 1.0000000000
121157  -3.284  -78.418  -2.888 1.0000000000
1660  1.257  -79.233  -2.023 1.0000000000
121575  0.568  -79.224  -2.546 1.0000000000
2773  -0.278  -77.171  -5.092 0.6999999881
117682  0.334  -76.034  -3.159 0.6999999881
2368  -0.307  -77.611  -5.994 0.6999999881
3582  -4.737  -73.965  -6.772 0.8999999762
4072  -5.796  -73.075  -7.889 0.8999999762
4019  5.207  -74.089  -3.160 0.6999999881
111107  -4.575  -73.603  -9.159 0.8999999762
122773  -4.865  -75.449  -9.698 0.8999999762
2415  -5.715  -78.018  -8.919 0.8999999762
1425  -5.872  -81.085  -9.726 0.8999999762
1720  -2.786  -79.267  -10.385 0.8000000119
609  -4.401  -83.573  -10.009 0.8999999762
1437  -2.310  -80.269  -10.453 0.8000000119
1435  -0.651  -80.364  -11.382 0.6999999881
1436  -1.278  -80.397  -10.868 0.8000000119
617  -2.363  -83.168  -11.874 0.8000000119
395  -4.636  -84.478  -12.308 0.8000000119
881  -1.870  -82.286  -11.800 0.8000000119
393  -3.074  -84.091  -12.425 0.8000000119
2439  -0.184  -77.605  -12.661 0.5000000000
119919  -0.706  -80.132  -12.570 0.6000000238
128858  -3.750  -83.345  -13.598 0.8000000119
642  -4.248  -83.722  -13.944 0.6999999881
1734  -0.178  -79.297  -12.788 0.5000000000
1168  -1.556  -80.732  -12.725 0.6999999881
2054  -0.276  -78.310  -13.151 0.5000000000
899  -4.061  -82.330  -13.922 0.6000000238
653  -4.779  -83.409  -14.497 0.6000000238
1183  -4.618  -82.101  -13.983 0.5000000000
1297  5.934  -80.571  5.735 0.8000000119
1318  5.404  -80.271  3.649 0.8000000119
2291  -0.389  -76.807  2.240 1.0000000000
1623  5.236  -79.229  2.251 0.8999999762
1936  4.411  -78.765  1.712 1.0000000000
1636  4.149  -79.705  0.490 0.8999999762
1967  0.391  -78.487  -0.588 1.0000000000
1986  -3.859  -77.920  -2.658 1.0000000000
2750  -5.553  -76.733  -2.885 1.0000000000
2011  -7.823  -78.396  -6.392 0.8999999762
2012  -8.278  -78.246  -6.865 0.8999999762
3610  -6.629  -74.041  -8.672 0.8999999762
3597  -7.969  -74.554  -7.609 0.8999999762
4074  -7.655  -73.744  -7.476 0.8999999762
2028  -6.237  -78.914  -9.081 0.8999999762
111756  6.169  -80.050  6.191 0.6000000238
1613  5.963  -79.505  3.991 0.8000000119
114603  -2.078  -75.422  3.297 1.0000000000
2707  -3.381  -76.180  1.320 1.0000000000
1968  -0.492  -78.360  -0.680 1.0000000000
123979  -1.378  -78.370  -0.886 1.0000000000
2330  -3.798  -77.419  -0.687 1.0000000000
2319  -3.312  -77.285  0.125 1.0000000000
2743  -6.193  -76.111  -2.556 1.0000000000
3474  -1.904  -74.394  4.309 1.0000000000
2692  -2.956  -75.861  1.950 1.0000000000
3098  -3.770  -75.534  1.793 1.0000000000
3107  -5.466  -75.571  0.592 1.0000000000
116997  -4.297  -76.757  -0.137 1.0000000000
3137  -7.042  -75.643  -2.969 1.0000000000
3562  -4.720  -74.415  -4.333 1.0000000000
128426  5.287  -73.342  -1.396 0.6999999881
3964  -3.193  -73.344  3.899 1.0000000000
119760  -5.033  -73.769  2.526 1.0000000000
4506  -4.880  -72.986  -2.086 1.0000000000
114163  -8.410  -73.461  -3.125 1.0000000000
4527  -6.759  -72.745  -4.080 1.0000000000
4537  -6.999  -72.949  -5.088 1.0000000000
3078  4.430  -75.136  3.724 1.0000000000
122632  -0.227  -72.369  -1.507 1.0000000000
3522  0.696  -74.197  -1.716 1.0000000000
3574  -8.616  -74.368  -5.528 1.0000000000
119704  6.505  -77.066  8.516 0.5000000000
2667  5.350  -75.868  4.701 1.0000000000
3963  4.808  -73.130  3.863 1.0000000000
126881  -1.052  -71.162  3.686 1.0000000000
5350  -3.323  -70.040  3.334 1.0000000000
5352  -4.960  -70.638  2.365 1.0000000000
5358  -5.225  -70.096  1.417 1.0000000000
4903  -5.310  -71.661  2.220 1.0000000000
5819  -4.951  -69.754  -0.062 1.0000000000
4913  -5.266  -71.535  0.850 1.0000000000
4907  -5.449  -71.751  1.526 1.0000000000
4459  -6.056  -72.545  1.396 1.0000000000
3977  -7.207  -73.419  0.209 1.0000000000
4493  -7.528  -72.525  -1.274 1.0000000000
3998  1.618  -73.747  -1.515 1.0000000000
2654  6.374  -76.206  7.762 0.6000000238
3061  6.078  -75.382  7.168 0.6000000238
112185  5.412  -72.579  3.591 1.0000000000
4423  5.852  -72.481  3.441 1.0000000000
6337  -3.424  -68.790  -0.333 1.0000000000
123422  2.656  -70.412  5.429 1.0000000000
5787  -1.934  -70.005  3.812 1.0000000000
6346  -2.530  -68.382  -0.663 1.0000000000
6352  -1.241  -68.430  -1.161 1.0000000000
5333  5.121  -70.616  4.448 1.0000000000
4418  6.358  -72.231  4.848 1.0000000000
4877  6.399  -71.606  3.933 1.0000000000
4878  5.980  -71.298  3.774 1.0000000000
129738  2.020  -69.950  6.061 1.0000000000
6281  -0.993  -70.002  5.666 1.0000000000
4870  6.710  -71.304  4.697 1.0000000000
5321  6.831  -70.659  5.330 1.0000000000
6262  3.003  -68.781  6.229 1.0000000000
6296  -1.750  -69.650  4.808 1.0000000000
6908  1.498  -68.207  -1.307 1.0000000000
6874  -3.848  -68.153  2.051 1.0000000000
6902  -1.369  -67.336  -0.767 1.0000000000
6875  -4.179  -66.892  1.927 1.0000000000
6820  -1.126  -68.146  8.464 1.0000000000
114189  -0.195  -70.078  6.358 1.0000000000
6283  -2.945  -68.883  5.626 1.0000000000
6284  -3.733  -68.308  5.535 1.0000000000
6847  -4.159  -67.599  5.892 1.0000000000
6891  3.521  -68.448  1.219 1.0000000000
6885  2.935  -67.532  1.370 1.0000000000
6884  3.814  -68.321  2.014 1.0000000000
6328  5.018  -69.197  2.125 1.0000000000
6264  0.700  -69.695  6.929 1.0000000000
117866  1.839  -69.037  7.768 1.0000000000
9815  6.206  -62.347  8.636 1.0000000000
9164  5.594  -63.405  7.608 1.0000000000
131912  -2.310  -67.473  8.169 1.0000000000
7437  4.502  -66.470  4.425 1.0000000000
6872  4.338  -68.060  2.711 1.0000000000
123927  7.956  -70.870  11.992 0.5000000000
6805  3.520  -67.678  9.379 1.0000000000
7972  -2.814  -66.043  7.392 1.0000000000
8535  3.230  -64.119  6.905 1.0000000000
9181  1.297  -63.499  6.866 1.0000000000
6313  5.337  -68.139  2.504 1.0000000000
122094  4.830  -65.877  -1.911 0.6000000238
6207  7.975  -69.327  13.288 0.5000000000
6222  7.280  -68.303  11.060 0.6999999881
6816  3.854  -67.645  8.412 1.0000000000
121435  5.895  -60.153  9.145 1.0000000000
133389  6.314  -61.112  8.475 1.0000000000
8538  -1.921  -64.746  7.787 1.0000000000
7460  5.896  -66.682  2.810 1.0000000000
9833  6.373  -62.338  7.611 1.0000000000
8536  0.245  -63.598  6.857 1.0000000000
7909  6.621  -65.096  12.001 0.8000000119
7367  6.466  -66.772  10.457 0.8999999762
10555  6.323  -61.779  7.154 1.0000000000
114359  1.738  -60.929  9.081 1.0000000000
8468  -0.575  -64.912  12.553 1.0000000000
11253  -1.436  -60.615  7.743 1.0000000000
10525  -0.374  -61.608  9.050 1.0000000000
9857  6.046  -61.799  5.329 1.0000000000
10513  -1.102  -62.425  9.168 1.0000000000
10557  -3.212  -61.382  7.067 1.0000000000
117595  5.949  -64.356  3.918 1.0000000000
114761  -0.981  -64.297  12.650 1.0000000000
9103  0.473  -63.483  12.867 1.0000000000
120627  -2.777  -62.891  11.168 1.0000000000
117477  1.787  -59.640  8.325 1.0000000000
11976  0.220  -60.077  8.189 1.0000000000
11227  0.321  -61.151  9.007 1.0000000000
129553  5.964  -62.644  4.235 1.0000000000
114462  5.188  -62.179  2.022 1.0000000000
116915  6.588  -64.378  12.321 0.6999999881
11994  5.869  -59.014  6.889 0.8999999762
10586  5.313  -61.220  4.073 1.0000000000
9888  5.295  -61.680  2.616 1.0000000000
8450  5.909  -63.604  13.369 0.6999999881
11211  -4.135  -60.913  10.142 1.0000000000
11269  -6.140  -60.800  5.571 1.0000000000
11268  -5.592  -61.256  5.874 1.0000000000
10559  -4.534  -61.519  6.462 1.0000000000
10579  -4.439  -61.454  6.111 1.0000000000
11293  -6.739  -60.518  4.221 1.0000000000
11301  -7.051  -60.232  3.657 1.0000000000
125346  -7.233  -59.920  3.159 1.0000000000
12044  -8.703  -59.411  2.631 1.0000000000
12020  -4.485  -59.780  4.369 1.0000000000
11998  -6.386  -59.624  6.193 1.0000000000
12054  -10.233  -59.326  1.939 1.0000000000
12019  -3.740  -59.386  4.638 1.0000000000
13553  4.541  -56.679  6.964 0.8999999762
10440  1.236  -61.198  14.909 0.6000000238
11949  -3.974  -59.905  10.174 1.0000000000
12768  4.166  -58.354  3.618 0.8000000119
12055  -10.913  -59.306  1.857 1.0000000000
12046  -10.491  -59.326  2.530 1.0000000000
13608  -6.255  -58.046  1.949 1.0000000000
13641  -11.325  -57.780  0.364 1.0000000000
14413  4.285  -56.322  5.357 0.8999999762
127579  5.282  -56.810  5.163 0.8999999762
12767  4.924  -57.783  3.548 0.8999999762
12780  4.331  -57.846  2.758 0.8999999762
13593  -10.059  -58.141  3.725 1.0000000000
12774  -10.486  -58.848  3.280 1.0000000000
13616  4.415  -56.797  2.184 0.8999999762
12792  -11.687  -58.915  2.665 1.0000000000
12047  -11.202  -59.270  2.369 1.0000000000
12794  -13.261  -58.421  2.084 1.0000000000
123056  -12.059  -58.708  1.229 1.0000000000
12824  -12.779  -58.421  0.827 1.0000000000
13658  -14.052  -57.336  -0.176 1.0000000000
12683  -0.847  -57.703  11.883 0.8999999762
11947  -1.171  -58.010  11.222 1.0000000000
115477  3.517  -56.037  4.853 1.0000000000
13589  5.163  -57.038  3.757 0.8999999762
14402  2.386  -56.414  6.008 1.0000000000
120712  -7.567  -56.736  5.524 1.0000000000
13603  4.852  -57.085  2.873 0.8999999762
14466  4.629  -56.025  2.705 0.8999999762
14416  0.988  -56.474  5.318 1.0000000000
114260  -9.208  -56.842  4.354 1.0000000000
13594  -10.787  -57.728  3.613 1.0000000000
15286  4.307  -55.660  2.306 0.8999999762
129834  2.166  -58.860  3.210 0.6000000238
13619  1.965  -57.437  1.250 0.6000000238
13579  -0.732  -57.124  4.650 1.0000000000
16007  -9.795  -53.643  6.863 0.8000000119
15214  -7.769  -54.984  6.311 0.8999999762
15231  -8.665  -54.780  5.222 0.8000000119
14522  -15.433  -56.748  -0.323 0.8999999762
14485  -8.027  -57.178  0.925 1.0000000000
13622  -5.948  -57.221  1.668 1.0000000000
15334  -13.030  -56.129  -0.515 1.0000000000
16100  -13.692  -54.192  -1.312 1.0000000000
12670  -1.625  -57.562  12.253 0.5000000000
13486  -1.423  -57.327  11.726 0.6999999881
12705  -3.798  -57.161  8.887 1.0000000000
13499  -4.027  -56.777  11.207 0.6999999881
14394  -6.253  -56.107  7.539 1.0000000000
14420  -8.226  -55.538  5.044 1.0000000000
14359  -5.330  -56.185  10.305 0.8000000119
118887  -7.166  -55.035  8.086 0.8999999762
15200  -7.238  -55.121  7.394 0.8999999762
15991  -7.971  -54.328  8.240 0.8000000119
13597  -13.393  -56.859  3.014 0.8000000119
15303  4.075  -55.260  1.900 0.8999999762
16732  -10.657  -53.475  6.514 0.8000000119
16018  -9.222  -54.109  5.868 0.8000000119
15252  -9.072  -54.991  4.657 0.8999999762
13612  -15.069  -57.212  1.801 0.8000000119
15317  3.797  -55.656  -0.802 0.8999999762
15254  -11.381  -53.855  4.320 0.8000000119
117709  -11.930  -52.962  5.684 0.6999999881
131901  -7.437  -56.024  0.659 1.0000000000
15345  -14.505  -55.648  -1.132 1.0000000000
11175  -1.237  -59.445  14.008 0.5000000000
13531  -4.232  -56.613  8.683 1.0000000000
14441  -10.632  -55.256  4.048 0.8000000119
14442  -11.658  -54.837  3.877 0.8000000119
15982  -8.768  -54.035  8.641 0.8000000119
15176  -7.796  -54.860  9.677 0.6999999881
16033  -12.132  -53.193  4.985 0.8000000119
15216  -11.126  -53.997  7.000 0.6000000238
15274  -12.745  -54.678  3.959 0.8000000119
120661  -12.256  -54.653  3.872 0.8000000119
13635  1.276  -57.253  0.752 0.6000000238
14523  -16.293  -56.349  -0.366 0.8999999762
15257  -14.739  -55.138  4.754 0.6999999881
15237  -15.322  -55.108  5.133 0.5000000000
126679  -17.711  -55.261  -1.048 0.8999999762
131926  -10.767  -53.262  -0.316 1.0000000000
17542  -10.824  -52.230  -1.052 1.0000000000
126259  -11.995  -53.708  -0.795 1.0000000000
14346  -4.650  -56.380  10.807 0.6000000238
14470  -14.128  -56.802  2.772 0.8000000119
15256  -13.068  -54.140  4.606 0.8000000119
15277  -14.994  -55.474  3.933 0.8000000119
15276  -14.298  -55.248  4.080 0.8000000119
15278  -15.674  -55.362  3.582 0.8000000119
16095  3.546  -54.612  -2.354 0.5000000000
16081  -9.165  -54.294  0.475 1.0000000000
16104  -18.005  -54.630  -1.371 0.8999999762
16812  -13.315  -53.283  -1.478 1.0000000000
16036  -16.552  -54.316  4.467 0.6999999881
16042  -16.641  -54.424  3.611 0.6999999881
115901  -16.733  -54.558  2.689 0.8000000119
16053  -17.064  -54.745  1.690 0.8000000119
133357  -15.743  -55.305  5.569 0.4000000060
16751  -16.903  -53.841  4.946 0.6000000238
16024  -16.488  -54.474  5.279 0.6000000238
15318  -5.445  -54.328  0.980 1.0000000000
16790  -8.859  -53.525  0.312 1.0000000000
16815  -17.397  -53.738  -1.588 0.8999999762
16765  -17.115  -53.813  3.152 0.6999999881
113859  -17.402  -53.080  3.121 0.6999999881
115158  -18.402  -53.889  0.294 0.8000000119
16742  -17.355  -53.366  5.390 0.5000000000
16774  -4.603  -53.713  1.079 1.0000000000
17548  -17.031  -52.284  -1.450 0.8999999762
18316  -14.351  -51.322  -1.670 1.0000000000
17490  -17.567  -52.618  4.344 0.6000000238
17512  -18.409  -52.929  0.624 0.8000000119
16782  -1.478  -53.674  0.504 0.8999999762
18301  -19.160  -52.039  -0.569 0.8000000119
17534  2.528  -51.775  -2.446 0.8999999762
18300  -10.017  -52.051  -0.796 1.0000000000
112551  -17.926  -51.311  5.268 0.4000000060
18280  -17.735  -52.002  4.848 0.5000000000
113140  -17.702  -51.883  4.069 0.6000000238
122834  -17.752  -51.023  2.790 0.6000000238
123636  -17.850  -51.083  1.718 0.6000000238
16801  -1.271  -53.179  -0.268 0.8999999762
18311  -9.371  -50.957  -1.392 1.0000000000
17520  -2.805  -52.946  -1.362 0.8999999762
17521  -3.711  -52.988  -0.953 1.0000000000
17506  -4.144  -53.350  0.010 1.0000000000
18297  -8.036  -51.435  -0.718 1.0000000000
19139  -8.242  -50.889  -0.891 1.0000000000
20052  -8.251  -49.135  -1.920 1.0000000000
20956  -9.821  -48.971  -2.843 1.0000000000
19168  -12.219  -50.472  -2.640 1.0000000000
19151  -15.555  -50.631  -1.627 0.8999999762
20955  -8.873  -48.648  -2.519 1.0000000000
127473  -12.210  -49.179  -3.183 1.0000000000
20001  -18.227  -49.132  4.361 0.3000000119
20016  -17.994  -49.523  1.995 0.3000000119
19129  -18.203  -50.210  1.196 0.4000000060
17507  -4.943  -53.166  0.341 1.0000000000
19132  -19.667  -50.819  0.083 0.5000000000
19133  -20.521  -50.495  -0.115 0.5000000000
17522  -5.392  -52.884  -0.394 1.0000000000
19138  -7.883  -50.815  -0.867 1.0000000000
19153  -17.696  -50.507  -1.684 0.8999999762
125822  -0.744  -50.388  -5.428 0.6000000238
17566  -0.291  -51.206  -5.099 0.6000000238
20971  -10.192  -48.278  -3.301 1.0000000000
120516  -13.338  -49.535  -2.729 1.0000000000
20013  -17.985  -49.598  2.749 0.3000000119
20021  -19.368  -49.879  0.506 0.3000000119
17537  -1.564  -51.690  -2.366 0.8999999762
131085  -19.875  -50.115  -1.403 0.6000000238
18306  -0.462  -51.079  -2.458 0.8999999762
17539  -5.024  -52.505  -1.397 1.0000000000
18323  -0.001  -50.135  -3.488 0.8000000119
109906  -1.651  -49.491  -4.670 0.6000000238
20057  -13.854  -48.841  -2.752 0.8999999762
20958  -15.220  -48.404  -2.273 0.8000000119
110874  -2.196  -50.002  -3.936 0.8000000119
18326  -5.638  -51.366  -2.293 0.8999999762
110703  -2.719  -50.723  -5.029 0.6000000238
23754  -6.344  -45.367  -4.773 0.8000000119
23755  -7.364  -45.248  -4.617 0.8000000119
22805  -8.010  -45.960  -4.169 0.8000000119
22781  -6.796  -46.709  -4.032 0.8000000119
22786  -11.669  -46.825  -4.142 0.8999999762
20989  -2.974  -47.100  -3.943 0.6999999881
21896  -2.370  -46.314  -4.426 0.6999999881
21909  -1.918  -45.791  -6.049 0.6999999881
119900  -2.291  -48.468  -5.735 0.6999999881
21898  -5.188  -46.919  -4.468 0.8000000119
22802  -4.014  -46.052  -5.054 0.6999999881
131726  -10.434  -46.516  -4.028 0.8999999762
110540  -4.701  -50.905  -3.692 0.8000000119
23756  -8.399  -45.362  -4.535 0.8000000119
22807  -9.927  -46.093  -4.123 0.8000000119
133524  -6.162  -46.828  -4.256 0.8000000119
22787  -13.146  -46.844  -3.791 0.8999999762
20966  -3.404  -48.090  -3.966 0.8000000119
130307  -5.061  -45.992  -4.868 0.8000000119
22810  -12.943  -46.125  -4.312 0.8000000119
122906  -13.119  -45.464  -4.602 0.6999999881
24685  -7.279  -44.515  -4.948 0.6999999881
24686  -8.703  -44.706  -4.899 0.6999999881
24688  -10.664  -44.741  -5.265 0.6000000238
23785  -5.737  -44.733  -5.323 0.6999999881
132892  -10.753  -44.133  -5.710 0.5000000000
24719  -8.961  -43.895  -5.251 0.6999999881
120000  -8.185  -42.952  -5.257 0.6999999881
26521  -8.424  -41.958  -5.514 0.5000000000
24721  -11.493  -44.495  -5.616 0.5000000000
24690  -12.819  -45.013  -5.016 0.6000000238
119137  -10.398  -43.468  -5.948 0.5000000000
25619  -12.081  -43.957  -6.067 0.5000000000
27394  -7.644  -41.274  -5.917 0.4000000060
25650  -11.805  -43.346  -6.555 0.5000000000
27426  -10.153  -41.519  -7.168 0.4000000060
25649  -10.970  -43.112  -6.483 0.5000000000
26559  -11.504  -42.668  -7.007 0.4000000060
21881  -12.333  -47.298  -3.847 1.0000000000
23784  -5.232  -45.046  -5.664 0.6000000238
23763  -14.994  -44.727  -3.747 0.6000000238
119125  2.829  -83.894  -2.175 0.6999999881
536  1.905  -83.053  -3.009 0.6000000238
12769  3.109  -58.863  3.850 0.6999999881
12760  2.886  -59.371  4.664 0.5000000000
23743  -14.995  -45.383  -3.428 0.5000000000
22790  -15.822  -45.722  -3.100 0.5000000000
24679  -15.967  -44.854  -3.580 0.5000000000
24692  -14.492  -44.366  -4.195 0.5000000000
24723  -13.235  -44.294  -5.178 0.5000000000
25592  -13.966  -43.924  -4.728 0.5000000000
549  2.303  -83.378  -4.006 0.6999999881
20946  -17.925  -48.023  -2.127 0.4000000060
25652  -13.183  -43.276  -5.943 0.4000000060
21869  -17.210  -47.428  -2.327 0.5000000000
25621  -13.547  -43.555  -5.377 0.5000000000
101  -4.442  -86.679  -0.666 0.5000000000
167  -4.758  -86.384  0.171 0.5000000000
168  -5.285  -85.788  0.535 0.6000000238
162  -6.478  -85.733  2.230 0.5000000000
35  -5.526  -86.721  1.433 0.6000000238
87  -6.973  -86.260  2.772 0.5000000000
88  -7.828  -86.089  2.582 0.5000000000
44  -4.649  -87.534  -0.030 0.6000000238
36  -6.046  -87.024  1.866 0.6000000238
34  -8.295  -86.543  1.896 0.5000000000
132697  -5.913  -87.653  0.184 0.6000000238
41  -7.316  -87.126  0.899 0.6999999881
9899  3.774  -61.526  1.374 0.5000000000
10607  3.906  -61.240  1.587 0.5000000000
10602  3.855  -61.449  2.370 0.5000000000
17556  1.188  -51.636  -4.109 0.5000000000
17569  -2.256  -52.275  -6.244 0.5000000000
109909  -3.377  -51.603  -6.734 0.5000000000
22829  -4.680  -45.694  -5.446 0.6000000238
27424  -8.526  -40.665  -6.595 0.4000000060
9911  3.834  -62.274  0.935 0.5000000000
16823  1.184  -52.262  -4.202 0.5000000000
16109  2.280  -53.618  -3.695 0.4000000060
17568  -2.158  -51.738  -5.500 0.5000000000
16097  1.762  -54.331  -2.810 0.4000000060
17558  0.174  -51.939  -4.613 0.5000000000
110654  -2.009  -51.106  -5.553 0.5000000000
109  -3.963  -87.117  -1.534 0.5000000000
50  -3.880  -87.771  -1.614 0.6999999881
1  -4.431  -87.828  -0.983 0.6999999881
2  -4.923  -87.859  -0.351 0.6999999881
97  -8.677  -86.410  0.893 0.5000000000
96  -4.984  -86.509  0.910 0.6000000238
127070  -5.971  -85.530  1.391 0.6000000238
91  -6.208  -86.462  2.188 0.6000000238
0  -5.298  -87.533  0.348 0.6000000238
118639  -6.717  -87.085  1.843 0.6000000238
117120  -3.628  -46.747  -6.614 0.5000000000
22848  -3.666  -45.875  -6.052 0.5000000000
22859  -5.361  -45.635  -6.307 0.5000000000
23804  -5.304  -44.689  -6.132 0.5000000000
24753  -5.673  -43.996  -6.543 0.4000000060
23817  -5.730  -44.877  -6.704 0.4000000060
24715  -5.423  -44.249  -5.850 0.5000000000
24754  -6.240  -43.669  -6.979 0.4000000060
25615  -5.635  -43.654  -5.939 0.4000000060
25668  -5.961  -43.393  -6.622 0.4000000060
25676  -6.820  -43.319  -7.288 0.4000000060
26580  -6.475  -42.139  -6.862 0.4000000060
27448  -7.228  -40.823  -7.183 0.3000000119
28255  -7.702  -40.404  -7.081 0.3000000119
25669  -6.298  -42.973  -6.891 0.4000000060
26596  -6.771  -42.261  -7.224 0.3000000119
28276  -8.290  -40.386  -7.463 0.3000000119
27469  -7.456  -40.896  -7.511 0.3000000119
128887  -1.800  -46.844  -6.257 0.5000000000
27423  -7.220  -40.936  -6.673 0.3000000119
21025  -3.093  -47.824  -6.934 0.5000000000
25647  -5.781  -43.504  -6.380 0.4000000060
21923  -2.405  -46.672  -6.634 0.5000000000
22849  -4.863  -46.231  -6.029 0.5000000000
23783  -4.807  -45.694  -5.695 0.5000000000
18368  -2.784  -52.412  -7.402 0.4000000060
18369  -3.209  -51.622  -7.657 0.4000000060
111030  -3.895  -51.032  -6.747 0.4000000060
19224  -3.713  -50.849  -7.686 0.4000000060
18382  -3.392  -51.458  -8.454 0.4000000060
109911  -4.642  -50.665  -5.898 0.4000000060
19202  -4.902  -50.121  -6.419 0.4000000060
20147  -4.450  -50.042  -8.246 0.3000000119
20148  -5.431  -49.719  -7.144 0.4000000060
21002  -4.688  -49.006  -6.035 0.4000000060
20128  -5.862  -49.520  -6.210 0.4000000060
21003  -5.736  -48.883  -5.565 0.4000000060
20129  -6.229  -49.278  -6.221 0.4000000060
21038  -6.525  -48.551  -7.495 0.3000000119
21924  -5.663  -47.729  -5.826 0.4000000060
126887  -6.442  -48.112  -5.833 0.4000000060
21933  -6.799  -47.872  -6.449 0.4000000060
120858  -7.228  -47.108  -7.975 0.3000000119
123260  -6.998  -46.956  -6.912 0.3000000119
22867  -7.691  -46.193  -8.297 0.3000000119
22860  -6.312  -45.942  -6.835 0.3000000119
123340  -6.738  -45.184  -7.290 0.3000000119
24762  -6.808  -44.257  -7.332 0.3000000119
23825  -7.983  -45.681  -8.450 0.3000000119
20099  -5.069  -50.128  -5.649 0.4000000060
20127  -3.028  -48.770  -6.498 0.4000000060
21026  -4.576  -48.059  -6.349 0.4000000060
129364  -6.106  -44.354  -6.942 0.3000000119
22850  -6.126  -47.000  -6.155 0.4000000060
20149  -6.127  -49.252  -7.244 0.3000000119
21027  -6.569  -48.726  -6.258 0.4000000060
21938  -6.894  -47.780  -7.826 0.3000000119
121644  -7.251  -46.252  -7.603 0.3000000119
22877  -7.992  -46.460  -9.103 0.3000000119
23824  -7.503  -45.664  -7.861 0.3000000119
24763  -7.562  -44.966  -7.833 0.3000000119
6  -5.017  -88.019  -0.934 0.6999999881
15  -3.536  -87.700  -3.410 0.8999999762
18  -6.386  -87.755  -3.027 0.8000000119
24  -6.650  -87.435  -4.511 0.8999999762
27  -4.069  -87.561  -4.732 0.8999999762
30  -7.130  -87.313  -4.914 1.0000000000
32  -7.457  -86.641  2.729 0.5000000000
33  -7.945  -86.557  2.499 0.5000000000
37  -7.580  -87.013  2.210 0.5000000000
38  -4.941  -87.104  0.768 0.6000000238
39  -5.512  -87.161  1.131 0.6000000238
40  -6.156  -87.315  0.914 0.6000000238
42  -8.052  -86.858  1.376 0.5000000000
43  -4.335  -87.402  -0.705 0.6999999881
49  -3.587  -87.565  -2.232 0.8000000119
51  -6.582  -87.652  -1.219 0.8000000119
52  -7.237  -87.573  -1.899 0.8000000119
54  -3.435  -86.862  -3.614 0.8000000119
57  -8.523  -87.406  -2.588 0.8000000119
61  -3.516  -87.225  -3.428 0.8000000119
72  -2.837  -87.055  -5.223 0.8999999762
80  -1.952  -86.995  -5.752 0.8999999762
82  -3.164  -87.036  -5.722 1.0000000000
83  -3.801  -86.821  -5.785 1.0000000000
86  -10.048  -85.244  -6.283 0.8999999762
89  -8.415  -86.083  2.096 0.5000000000
95  -4.593  -86.991  0.208 0.6000000238
112  -12.015  -86.004  -1.478 0.5000000000
125  -2.473  -86.192  -4.546 0.8000000119
128  -0.540  -85.816  -5.102 0.8000000119
130  -1.276  -86.857  -5.335 1.0000000000
137  -10.828  -85.958  -5.518 0.8000000119
140  -1.616  -86.392  -6.206 1.0000000000
158  -8.450  -85.530  1.941 0.5000000000
161  -5.635  -86.077  1.578 0.6000000238
193  -0.340  -84.986  -5.237 0.8000000119
196  -1.937  -85.967  -4.481 0.6999999881
198  -12.567  -85.023  -4.421 0.6999999881
210  0.959  -84.860  -6.154 0.8999999762
218  0.685  -85.010  -6.839 1.0000000000
219  -0.652  -85.206  -7.073 1.0000000000
249  2.805  -84.248  2.921 0.6000000238
263  2.727  -84.826  0.426 0.6999999881
270  3.820  -84.293  -0.585 0.8000000119
271  3.272  -84.514  -0.730 0.8000000119
279  3.328  -84.337  -1.329 0.8999999762
298  3.194  -83.894  -4.541 0.8999999762
322  2.785  -84.000  -6.394 0.8999999762
323  1.964  -84.463  -6.336 0.8999999762
339  -1.402  -84.337  -7.667 1.0000000000
340  -2.100  -84.132  -7.543 1.0000000000
344  -11.946  -83.765  -7.287 0.6000000238
352  0.339  -83.820  -7.963 0.8999999762
382  -4.504  -84.870  -10.833 0.8000000119
383  -5.125  -84.906  -11.359 0.8000000119
394  -3.781  -84.349  -12.353 0.8000000119
397  -7.090  -84.036  -12.742 0.8000000119
403  -3.610  -83.916  -13.136 0.8000000119
414  -4.715  -84.093  -13.918 0.8000000119
417  -7.989  -84.204  -14.147 0.6999999881
426  -5.727  -84.178  -15.146 0.6000000238
438  -8.605  -84.388  -16.889 0.4000000060
439  -10.517  -84.537  -16.463 0.4000000060
493  3.774  -83.177  3.823 0.6000000238
499  3.838  -83.823  1.683 0.6999999881
525  2.769  -84.307  -1.197 0.8000000119
547  3.996  -83.733  -3.442 0.8999999762
548  3.537  -83.701  -3.834 0.8999999762
557  3.866  -82.990  -4.677 0.8999999762
560  -0.436  -83.698  -4.807 0.6999999881
570  2.803  -83.471  -7.035 0.8999999762
575  2.917  -82.718  -7.385 0.8999999762
578  -1.400  -82.753  -7.943 1.0000000000
587  0.707  -83.177  -8.199 0.8999999762
602  -12.886  -82.702  -8.992 0.6999999881
635  -11.900  -83.161  -12.312 0.6000000238
641  -3.201  -83.473  -13.108 0.8000000119
646  -10.055  -83.643  -13.389 0.6999999881
763  4.306  -82.399  3.486 0.8000000119
772  4.307  -82.211  2.485 0.8000000119
791  4.381  -82.527  -0.525 0.8999999762
821  3.941  -82.142  -4.478 0.8999999762
827  3.655  -82.423  -6.118 0.8999999762
831  -8.194  -81.852  -6.005 0.8999999762
835  2.756  -82.174  -7.476 0.8999999762
844  2.291  -82.472  -7.869 0.8999999762
845  1.606  -82.405  -8.031 1.0000000000
848  -1.026  -82.364  -7.822 1.0000000000
855  1.005  -82.738  -8.208 1.0000000000
875  -9.796  -82.726  -10.837 0.8000000119
877  -11.305  -82.244  -10.310 0.6999999881
883  -10.157  -82.233  -11.031 0.8000000119
884  -10.969  -82.151  -11.148 0.6999999881
886  -12.774  -82.459  -10.745 0.6999999881
890  -11.165  -82.892  -12.040 0.6999999881
894  -2.947  -82.928  -13.159 0.8000000119
901  -5.619  -82.608  -14.497 0.5000000000
1069  4.281  -81.545  -1.765 0.8999999762
1096  3.258  -81.109  -5.134 0.8999999762
1102  3.600  -81.797  -5.578 0.8999999762
1122  -8.938  -81.903  -6.845 0.8999999762
1125  1.351  -82.057  -7.609 1.0000000000
1127  -1.395  -81.724  -7.321 1.0000000000
1133  -8.894  -81.433  -8.001 0.8999999762
1151  -1.776  -81.212  -10.709 0.8000000119
1157  -1.177  -81.446  -11.746 0.6999999881
1162  -2.715  -82.195  -13.146 0.6999999881
1307  5.772  -80.355  4.698 0.8000000119
1344  4.518  -80.303  0.079 0.8999999762
1369  3.406  -80.121  -2.141 1.0000000000
1382  3.033  -80.452  -3.796 0.8999999762
1389  0.691  -80.017  -4.462 1.0000000000
1448  -0.850  -80.807  -12.155 0.6000000238
1662  -0.524  -78.723  -1.891 1.0000000000
1673  1.990  -79.809  -3.195 1.0000000000
1682  -1.562  -79.481  -4.325 1.0000000000
1718  -0.613  -79.644  -11.220 0.6999999881
1726  0.268  -79.217  -12.230 0.6999999881
1727  0.010  -79.732  -11.792 0.6999999881
1748  -2.283  -79.930  -13.359 0.4000000060
1937  2.704  -78.132  1.360 1.0000000000
1949  3.754  -79.063  0.797 1.0000000000
1990  -2.648  -78.777  -3.252 1.0000000000
1997  -5.292  -78.171  -4.925 1.0000000000
2006  3.110  -78.178  -7.634 0.6000000238
2007  3.320  -78.240  -6.912 0.6000000238
2008  2.422  -78.369  -6.770 0.6000000238
2016  1.711  -78.493  -7.474 0.6000000238
2066  -1.229  -79.165  -13.343 0.4000000060
2328  -2.451  -77.775  -0.068 1.0000000000
2338  -3.523  -77.856  -1.336 1.0000000000
2339  -4.505  -77.225  -1.714 1.0000000000
2345  -4.424  -77.455  -2.444 1.0000000000
2366  1.805  -78.047  -5.910 0.6999999881
2369  -1.169  -77.214  -6.228 0.6999999881
2380  0.658  -78.024  -6.255 0.6999999881
2391  -0.318  -78.026  -7.848 0.6999999881
2401  2.538  -78.047  -9.178 0.5000000000
2662  5.895  -76.091  6.674 0.6000000238
2726  -5.441  -76.198  -0.791 1.0000000000
2727  -6.097  -75.786  -0.979 1.0000000000
2741  2.378  -76.084  -3.007 0.6999999881
2742  -5.612  -76.439  -2.030 1.0000000000
2746  3.002  -76.484  -3.537 0.6999999881
2749  -0.046  -76.457  -3.829 0.8999999762
2757  4.069  -76.690  -4.276 0.6999999881
2763  -1.748  -76.373  -4.688 0.8999999762
2771  4.346  -76.163  -4.743 0.6999999881
2772  3.837  -77.020  -5.816 0.5000000000
2785  -8.292  -76.306  -6.678 0.8999999762
2805  -7.414  -76.349  -7.734 0.8999999762
3085  -2.882  -74.868  3.152 1.0000000000
3094  -4.020  -74.989  2.210 1.0000000000
3100  -5.377  -75.205  1.258 1.0000000000
3123  4.284  -75.151  -1.652 0.6999999881
3131  3.951  -76.023  -2.332 0.6999999881
3136  -1.096  -75.405  -2.403 1.0000000000
3141  4.363  -76.036  -3.032 0.6999999881
3153  4.632  -75.467  -4.429 0.6000000238
3181  -3.778  -75.229  -6.528 0.8999999762
3201  -7.113  -75.692  -8.055 0.8999999762
3246  -2.527  -74.432  -12.887 0.6000000238
3458  5.799  -74.733  6.703 0.6000000238
3459  5.526  -74.732  6.021 0.8000000119
3520  2.976  -74.598  -1.133 0.8999999762
3527  -8.270  -73.601  -2.322 1.0000000000
3541  5.104  -74.765  -2.993 0.6999999881
3542  4.920  -74.289  -4.080 0.4000000060
3546  -2.802  -75.205  -3.082 1.0000000000
3547  -3.589  -74.907  -3.315 1.0000000000
3548  -4.293  -74.448  -3.453 1.0000000000
3648  0.985  -75.070  -11.525 0.6000000238
3667  -3.112  -73.703  -12.472 0.6999999881
3947  5.707  -73.689  4.987 1.0000000000
3951  4.105  -73.847  4.072 1.0000000000
3970  -5.965  -73.354  1.949 1.0000000000
3986  -7.637  -73.505  -0.568 1.0000000000
3995  4.932  -74.161  -1.234 0.6999999881
4005  -8.158  -73.172  -1.852 1.0000000000
4011  5.332  -74.073  -1.997 0.6999999881
4027  -8.425  -73.261  -3.814 1.0000000000
4038  -8.478  -73.539  -4.596 1.0000000000
4047  -8.520  -73.712  -5.376 1.0000000000
4059  -8.012  -73.474  -6.663 0.8999999762
4071  -5.010  -73.232  -7.735 0.8999999762
4084  -6.142  -73.210  -8.580 0.8999999762
4095  -3.375  -73.743  -10.318 0.8000000119
4136  -3.341  -73.689  -12.343 0.6999999881
4410  6.252  -72.603  6.197 0.8000000119
4437  -0.539  -71.478  4.163 1.0000000000
4440  -3.184  -72.270  3.943 1.0000000000
4509  -7.406  -72.429  -2.058 1.0000000000
4510  -7.951  -72.669  -2.769 1.0000000000
4538  -7.924  -72.994  -5.159 1.0000000000
4890  6.094  -71.963  3.481 1.0000000000
4900  -2.811  -70.708  3.646 1.0000000000
4933  5.396  -71.553  -0.343 0.8000000119
5349  -1.393  -70.430  3.776 1.0000000000
5747  6.078  -68.424  6.210 1.0000000000
5786  -1.229  -70.100  4.036 1.0000000000
5806  -5.291  -69.994  0.627 1.0000000000
5843  -0.177  -69.251  -1.446 1.0000000000
6245  6.297  -67.776  7.456 1.0000000000
6329  4.367  -69.116  1.760 1.0000000000
6334  5.460  -68.967  1.608 1.0000000000
6839  5.462  -67.878  6.670 1.0000000000
6893  -1.797  -66.977  -0.294 1.0000000000
6899  1.292  -67.612  -1.032 1.0000000000
6909  0.792  -68.004  -1.423 1.0000000000
7320  6.910  -65.828  14.153 0.6000000238
7342  2.882  -66.127  12.472 1.0000000000
7353  7.222  -66.086  11.623 0.8000000119
7354  6.937  -65.777  11.431 0.8999999762
7492  0.196  -66.656  -0.656 1.0000000000
8439  6.568  -64.882  13.653 0.6000000238
8441  4.862  -63.992  14.625 0.6000000238
8461  6.237  -63.867  12.367 0.6999999881
8483  6.331  -64.327  12.006 0.6999999881
9076  5.409  -63.656  14.016 0.6000000238
9098  5.693  -63.436  13.058 0.6999999881
9099  5.032  -63.276  13.080 0.6999999881
9105  -1.265  -63.650  12.636 1.0000000000
9186  6.004  -63.273  6.410 1.0000000000
9748  4.034  -62.083  13.924 0.6000000238
9834  6.148  -62.701  7.985 1.0000000000
9835  5.768  -62.891  8.320 1.0000000000
9898  4.527  -61.784  1.523 0.6000000238
10522  6.435  -61.736  8.707 1.0000000000
10523  6.065  -61.804  9.180 1.0000000000
10524  5.302  -61.898  9.375 1.0000000000
10538  6.504  -61.736  8.028 1.0000000000
11222  5.732  -60.499  9.402 1.0000000000
11960  4.499  -59.633  9.337 1.0000000000
11971  5.651  -59.431  8.818 0.8999999762
12656  -0.630  -58.187  12.962 0.6999999881
12727  4.409  -57.646  8.232 1.0000000000
13542  5.471  -57.706  7.436 0.8999999762
13604  4.236  -57.373  2.231 0.8999999762
14358  -4.031  -55.995  9.849 0.8000000119
14400  4.117  -56.427  6.355 0.8999999762
14415  1.939  -56.215  5.487 1.0000000000
14515  2.205  -56.068  -0.241 0.6000000238
15215  -8.349  -54.692  5.869 0.8999999762
16108  3.100  -53.747  -3.923 0.6000000238
16781  1.027  -53.235  0.534 0.8999999762
16792  -18.984  -54.265  -0.630 0.8000000119
17541  -6.678  -52.391  -0.976 1.0000000000
18322  0.830  -50.741  -3.412 0.6999999881
18333  0.732  -50.818  -3.931 0.6000000238
18342  -0.099  -50.146  -5.046 0.6000000238
18350  -0.576  -49.736  -5.162 0.6000000238
19140  -8.790  -51.069  -0.986 1.0000000000
19238  -4.327  -50.252  -7.665 0.3000000119
20100  -5.669  -49.569  -5.815 0.4000000060
20101  -6.059  -49.224  -5.762 0.4000000060
21001  -1.816  -47.762  -6.018 0.6999999881
21004  -6.220  -48.763  -5.717 0.4000000060
21024  -2.230  -47.730  -6.618 0.5000000000
22800  -1.975  -45.633  -5.246 0.6999999881
22801  -2.711  -45.725  -5.057 0.6999999881
22827  -2.338  -45.460  -5.748 0.6999999881
22847  -2.668  -45.758  -6.254 0.5000000000
22876  -7.523  -46.872  -8.625 0.3000000119
24716  -5.933  -44.016  -5.517 0.8000000119
24736  -5.501  -43.979  -6.197 0.4000000060
25616  -6.202  -43.289  -5.696 0.4000000060
25648  -5.984  -42.995  -6.232 0.5000000000
26556  -6.390  -42.272  -6.559 0.5000000000
26581  -6.913  -41.384  -7.182 0.3000000119
27447  -6.731  -41.457  -6.902 0.4000000060
28256  -8.164  -40.314  -6.963 0.3000000119
28257  -8.885  -40.459  -7.044 0.3000000119
109847  1.290  -77.677  -10.190 0.5000000000
110377  -0.298  -75.746  -9.728 0.8000000119
110523  2.019  -78.061  -10.024 0.5000000000
110645  0.454  -77.634  -9.390 0.6999999881
110815  -0.815  -49.486  -4.841 0.6000000238
110897  -7.031  -81.962  -9.335 0.8999999762
111024  -9.071  -87.341  -3.177 0.8000000119
111115  -1.965  -48.094  -5.028 0.6999999881
111705  -16.709  -52.910  -1.568 0.8999999762
112090  5.657  -61.434  4.963 1.0000000000
113488  2.574  -76.427  -9.729 0.5000000000
113883  -2.009  -78.445  -1.551 1.0000000000
113991  3.565  -77.657  -6.272 0.6000000238
114764  6.127  -66.862  10.076 0.8999999762
114766  4.740  -80.104  0.877 0.8999999762
115325  -2.446  -47.386  -4.291 0.6999999881
115490  3.580  -76.884  -3.980 0.6999999881
115851  6.719  -68.798  8.670 0.8999999762
116344  6.660  -64.241  12.741 0.6999999881
116623  -8.041  -85.493  2.187 0.5000000000
117514  -4.072  -77.485  -1.309 1.0000000000
117781  2.786  -83.957  -5.097 0.8000000119
117870  -7.218  -72.415  -2.759 1.0000000000
117894  -0.818  -77.374  -13.363 0.5000000000
118140  -20.528  -50.207  0.088 0.5000000000
118182  3.758  -55.720  0.287 0.8999999762
118264  -8.248  -86.845  0.351 0.6999999881
118666  -8.264  -79.939  -6.798 0.8999999762
118776  -4.706  -88.067  -1.675 0.8000000119
118832  -6.800  -86.829  2.473 0.6000000238
118879  3.939  -55.078  0.963 0.8999999762
119590  0.488  -77.434  1.509 1.0000000000
119694  3.744  -83.412  -4.067 0.8999999762
120046  5.099  -73.542  -0.812 0.8000000119
120500  0.927  -81.746  -6.858 1.0000000000
120604  -1.642  -74.054  -10.366 0.8000000119
121137  -4.987  -82.430  -14.238 0.5000000000
122000  4.201  -83.926  -1.161 0.8999999762
122035  -13.183  -54.568  -0.982 1.0000000000
122082  0.020  -78.059  -6.725 0.6999999881
122890  3.275  -77.500  -5.561 0.6000000238
122924  2.126  -77.149  -10.362 0.5000000000
124394  -7.914  -40.667  -6.468 0.3000000119
124602  -4.044  -76.637  -10.000 0.8999999762
125753  1.567  -75.206  -11.482 0.5000000000
125797  1.686  -76.592  -10.696 0.5000000000
125860  -1.896  -50.111  -5.294 0.6000000238
126068  -4.791  -83.974  -14.430 0.6999999881
126188  -3.533  -73.838  -10.893 0.8000000119
126242  0.402  -78.831  -11.912 0.6999999881
126383  0.105  -59.632  14.028 0.6999999881
127157  -11.794  -86.041  -0.854 0.5000000000
127559  -0.959  -72.588  -1.242 1.0000000000
127573  4.899  -71.020  0.163 1.0000000000
128331  5.567  -76.508  5.181 0.6999999881
128376  4.095  -70.337  4.966 1.0000000000
128935  -2.165  -80.512  -13.235 0.6999999881
129180  2.532  -74.016  -1.176 0.8999999762
129567  5.596  -65.813  4.487 1.0000000000
129804  0.285  -68.137  9.161 1.0000000000
130111  4.912  -80.745  3.096 0.8000000119
130800  -8.327  -72.986  -3.167 1.0000000000
130894  -6.925  -72.953  0.313 1.0000000000
130993  -1.815  -70.873  3.671 1.0000000000
131029  1.794  -80.976  -5.804 0.8999999762
131288  1.483  -78.703  -8.892 0.5000000000
131426  3.813  -81.930  -5.058 0.8999999762
131554  -6.355  -73.207  -5.260 1.0000000000
131940  1.579  -84.135  -7.297 0.8999999762
132055  0.234  -78.327  -7.979 0.6000000238
132259  2.492  -77.673  -5.521 0.6999999881
132894  5.381  -74.704  4.742 0.8999999762
132989  -8.100  -84.488  -15.709 0.6999999881
133137  -1.470  -75.923  -3.423 1.0000000000
133569  -8.722  -83.780  -6.093 0.8999999762
133744  -3.913  -80.365  -5.870 1.0000000000
133810  5.228  -64.915  -0.717 0.6999999881
133883  -9.313  -86.977  -5.436 0.8000000119
134229  -1.386  -71.050  3.588 1.0000000000
