#!ascii label  , from subject sub-v1s20x0050376_ses-1 vox2ras=TkReg
3244
970  -4.863  -78.866  -10.389 0.0000000000
7869  0.664  -62.402  -25.545 0.0000000000
20180  -14.378  -45.428  -19.034 0.0000000000
2414  -8.655  -73.835  -36.803 0.0000000000
109506  -3.291  -43.320  -26.625 0.0000000000
15969  0.564  -49.843  -18.494 0.0000000000
1915  5.477  -74.791  -8.169 0.0000000000
318  -11.811  -82.790  -18.783 0.0000000000
7911  3.396  -61.205  -30.410 0.0000000000
111484  -8.923  -39.170  -16.145 0.0000000000
21793  -10.457  -43.616  -16.190 0.0000000000
106847  -12.011  -39.740  -22.500 0.0000000000
101736  -4.318  -37.702  -24.543 0.0000000000
11414  6.322  -56.714  -15.372 0.0000000000
100293  5.510  -63.758  -14.323 0.0000000000
3880  6.289  -68.911  -18.381 0.0000000000
3395  5.457  -70.758  -14.375 0.0000000000
732  0.193  -79.521  -7.154 0.0000000000
410  3.041  -81.525  -11.514 0.0000000000
790  -3.065  -78.768  -14.414 0.0000000000
164  -6.638  -83.103  -15.516 0.0000000000
1245  -7.200  -77.616  -17.473 0.0000000000
1692  -15.679  -74.756  -15.798 0.0000000000
116701  3.616  -56.692  -26.739 0.0000000000
14549  2.159  -52.366  -28.154 0.0000000000
10895  -1.479  -57.943  -27.330 0.0000000000
4515  -2.359  -68.983  -32.661 0.0000000000
5042  1.428  -66.973  -35.204 0.0000000000
7399  -1.240  -63.275  -33.813 0.0000000000
1539  -12.147  -76.094  -29.990 0.0000000000
1811  -13.630  -75.379  -36.366 0.0000000000
2110  -17.900  -74.664  -34.904 0.0000000000
102378  -11.533  -39.984  -19.027 0.0000000000
3117  -7.405  -71.116  -32.888 0.0000000000
2767  -10.099  -73.502  -41.464 0.0000000000
104590  -8.509  -46.950  -16.972 0.0000000000
118974  -4.661  -46.221  -16.348 0.0000000000
106397  -2.363  -49.875  -19.562 0.0000000000
13679  6.568  -53.594  -21.099 0.0000000000
3366  1.534  -70.451  -11.154 0.0000000000
104188  5.439  -75.515  -13.834 0.0000000000
827  -18.004  -79.437  -18.586 0.0000000000
686  -16.772  -80.292  -25.602 0.0000000000
18572  1.772  -45.262  -24.576 0.0000000000
6748  -2.156  -64.915  -26.872 0.0000000000
113303  -4.238  -59.002  -30.259 0.0000000000
9711  -6.123  -59.194  -24.797 0.0000000000
22589  -7.993  -42.458  -15.491 0.0000000000
8346  3.317  -61.232  -16.013 0.0000000000
6550  3.919  -64.395  -12.997 0.0000000000
109453  6.809  -67.356  -13.216 0.0000000000
4781  5.107  -67.409  -11.453 0.0000000000
933  -3.787  -78.558  -5.070 0.0000000000
1371  -0.744  -77.445  -5.568 0.0000000000
949  -2.082  -78.829  -8.632 0.0000000000
766  -1.189  -78.774  -11.474 0.0000000000
1421  -3.483  -76.365  -12.540 0.0000000000
1016  -5.301  -77.954  -15.460 0.0000000000
1213  -6.681  -77.047  -13.545 0.0000000000
7866  4.865  -63.154  -26.104 0.0000000000
9110  1.937  -59.958  -25.657 0.0000000000
10884  0.708  -57.849  -25.071 0.0000000000
9706  -1.099  -59.864  -24.994 0.0000000000
5000  -4.024  -67.431  -30.296 0.0000000000
5574  -2.343  -66.504  -32.261 0.0000000000
7340  -3.929  -63.128  -30.917 0.0000000000
2368  -13.374  -73.181  -30.499 0.0000000000
2083  -14.305  -74.210  -32.790 0.0000000000
2085  -16.951  -74.504  -32.399 0.0000000000
22606  -11.547  -42.321  -18.035 0.0000000000
114113  -10.457  -39.514  -17.518 0.0000000000
22615  -12.551  -42.276  -19.229 0.0000000000
22626  -13.328  -42.500  -21.347 0.0000000000
2419  -5.531  -73.110  -38.966 0.0000000000
104927  -5.104  -71.170  -36.980 0.0000000000
2740  -7.523  -72.234  -36.047 0.0000000000
1838  -17.486  -75.341  -39.699 0.0000000000
1580  -12.797  -76.652  -39.241 0.0000000000
2774  -14.053  -72.255  -41.601 0.0000000000
24166  -3.186  -40.145  -25.084 0.0000000000
27181  -3.426  -36.692  -25.943 0.0000000000
24187  -3.451  -40.152  -27.360 0.0000000000
99879  -2.667  -49.951  -16.530 0.0000000000
18495  -2.523  -47.014  -18.109 0.0000000000
16801  -0.117  -48.333  -20.481 0.0000000000
15239  1.746  -51.158  -20.889 0.0000000000
103508  6.569  -58.897  -19.279 0.0000000000
12184  6.859  -55.279  -18.281 0.0000000000
104883  5.670  -58.136  -22.266 0.0000000000
3778  3.617  -69.553  -8.523 0.0000000000
2530  5.128  -72.585  -9.980 0.0000000000
2552  4.133  -72.939  -13.268 0.0000000000
1651  5.710  -74.805  -11.481 0.0000000000
102951  1.448  -82.598  -16.188 0.0000000000
279  4.574  -81.978  -14.000 0.0000000000
183  -9.366  -83.048  -17.936 0.0000000000
105842  -14.182  -79.499  -14.463 0.0000000000
2278  -16.763  -73.892  -18.395 0.0000000000
1469  -15.413  -76.093  -18.370 0.0000000000
1477  -17.376  -75.981  -20.582 0.0000000000
872  -18.447  -79.875  -22.420 0.0000000000
118668  -15.283  -77.851  -23.373 0.0000000000
1509  -15.214  -76.489  -25.875 0.0000000000
1738  -13.998  -75.183  -23.725 0.0000000000
109132  -10.617  -49.065  -16.240 0.0000000000
110470  4.437  -48.748  -23.149 0.0000000000
14563  -0.006  -52.549  -28.935 0.0000000000
16105  -0.217  -50.677  -27.689 0.0000000000
6794  3.952  -64.678  -32.016 0.0000000000
5013  2.300  -67.937  -32.375 0.0000000000
6142  3.264  -65.477  -29.267 0.0000000000
4970  -0.354  -67.121  -27.660 0.0000000000
7322  0.485  -63.601  -28.733 0.0000000000
9745  -6.153  -60.241  -27.595 0.0000000000
10902  -8.381  -57.400  -26.930 0.0000000000
11525  -6.371  -56.733  -27.016 0.0000000000
23350  -9.777  -41.389  -15.970 0.0000000000
20173  -12.703  -45.007  -18.015 0.0000000000
26310  -11.457  -37.237  -20.643 0.0000000000
26332  -11.692  -37.490  -22.303 0.0000000000
26338  -10.503  -37.380  -23.499 0.0000000000
27171  -8.981  -36.750  -24.702 0.0000000000
27185  -7.557  -36.278  -25.613 0.0000000000
119531  -3.983  -43.376  -24.677 0.0000000000
9571  5.939  -59.293  -12.958 0.0000000000
9006  5.392  -60.063  -16.638 0.0000000000
7186  6.323  -63.367  -18.207 0.0000000000
5382  7.074  -66.733  -15.974 0.0000000000
3862  7.135  -70.127  -16.257 0.0000000000
109884  6.680  -73.166  -18.875 0.0000000000
1897  1.314  -74.871  -6.953 0.0000000000
1154  3.141  -77.890  -7.235 0.0000000000
1404  1.855  -76.930  -10.082 0.0000000000
749  1.363  -80.246  -9.074 0.0000000000
580  0.178  -80.644  -14.060 0.0000000000
418  -1.677  -81.994  -11.873 0.0000000000
428  -4.930  -81.835  -13.365 0.0000000000
445  -6.540  -81.200  -16.363 0.0000000000
472  -8.916  -80.855  -19.370 0.0000000000
1431  -14.692  -76.528  -13.172 0.0000000000
2242  -13.327  -73.324  -15.743 0.0000000000
12255  5.139  -55.138  -25.892 0.0000000000
15295  4.412  -51.391  -25.475 0.0000000000
12948  1.052  -54.353  -24.748 0.0000000000
12270  0.821  -56.223  -28.508 0.0000000000
12284  -1.111  -55.681  -29.177 0.0000000000
4039  -1.355  -69.770  -34.929 0.0000000000
99079  1.995  -70.081  -38.300 0.0000000000
5059  -1.396  -66.811  -36.892 0.0000000000
6174  0.882  -65.298  -32.619 0.0000000000
7961  2.448  -61.973  -33.772 0.0000000000
1791  -12.399  -75.343  -33.537 0.0000000000
1813  -15.496  -75.016  -36.060 0.0000000000
2760  -18.321  -72.903  -37.842 0.0000000000
26281  -10.371  -37.886  -18.908 0.0000000000
24137  -12.649  -40.309  -21.455 0.0000000000
954  -7.100  -79.584  -8.332 0.0000000000
572  -7.378  -80.548  -11.733 0.0000000000
1185  -7.868  -77.662  -10.354 0.0000000000
6722  1.527  -64.918  -24.816 0.0000000000
98354  -3.043  -71.417  -34.092 0.0000000000
3569  -5.306  -70.264  -32.415 0.0000000000
4502  -7.308  -68.933  -29.848 0.0000000000
1345  -11.079  -76.812  -35.544 0.0000000000
1568  -10.424  -76.385  -37.756 0.0000000000
2422  -10.680  -73.960  -37.495 0.0000000000
4557  -11.659  -68.768  -42.748 0.0000000000
3608  -11.295  -70.214  -39.253 0.0000000000
2744  -10.823  -72.197  -36.159 0.0000000000
3129  -10.293  -71.198  -33.320 0.0000000000
21009  -7.837  -44.502  -15.734 0.0000000000
21004  -7.266  -44.897  -14.826 0.0000000000
19349  -7.015  -46.571  -18.325 0.0000000000
17640  -6.061  -48.937  -19.326 0.0000000000
18479  -4.479  -47.034  -15.958 0.0000000000
19359  -3.314  -45.808  -19.829 0.0000000000
14433  0.820  -52.654  -17.979 0.0000000000
13645  4.868  -52.834  -17.629 0.0000000000
15984  4.740  -49.949  -19.736 0.0000000000
4726  1.390  -67.222  -8.789 0.0000000000
4769  0.947  -67.686  -11.289 0.0000000000
3835  1.564  -70.106  -13.791 0.0000000000
2236  3.579  -73.193  -16.013 0.0000000000
1451  5.792  -76.582  -17.592 0.0000000000
1202  1.682  -77.022  -12.084 0.0000000000
103116  1.768  -77.882  -14.267 0.0000000000
116979  -8.474  -78.607  -14.902 0.0000000000
1254  -9.550  -77.526  -18.754 0.0000000000
667  -12.207  -80.067  -21.434 0.0000000000
1057  -14.761  -78.509  -19.608 0.0000000000
453  -14.883  -81.627  -18.494 0.0000000000
365  -17.136  -81.586  -21.541 0.0000000000
1316  -15.828  -77.675  -28.331 0.0000000000
106735  -13.868  -74.854  -28.549 0.0000000000
119543  -9.798  -46.126  -16.262 0.0000000000
19330  -11.782  -46.643  -16.255 0.0000000000
105530  -1.520  -45.838  -25.707 0.0000000000
16892  2.309  -49.613  -26.628 0.0000000000
17760  -0.533  -47.920  -26.095 0.0000000000
4932  -0.861  -66.949  -24.177 0.0000000000
6700  -2.068  -64.270  -23.690 0.0000000000
10376  1.232  -58.076  -32.328 0.0000000000
111681  -2.374  -56.279  -31.760 0.0000000000
9759  -0.012  -59.754  -29.842 0.0000000000
8507  -2.343  -61.348  -28.162 0.0000000000
7871  -4.349  -62.447  -25.210 0.0000000000
9098  -2.672  -60.851  -23.477 0.0000000000
10323  -3.478  -57.907  -25.754 0.0000000000
11550  -4.092  -55.994  -28.527 0.0000000000
23342  -7.337  -41.203  -14.963 0.0000000000
22583  -7.719  -42.538  -14.928 0.0000000000
5931  4.980  -66.218  -11.689 0.0000000000
744  -4.798  -79.617  -8.282 0.0000000000
944  -3.101  -79.133  -7.495 0.0000000000
962  -3.502  -78.609  -8.882 0.0000000000
1182  -3.246  -77.095  -10.478 0.0000000000
1195  -4.526  -77.101  -11.350 0.0000000000
1423  -5.287  -76.489  -12.897 0.0000000000
1197  -6.011  -77.443  -12.422 0.0000000000
7868  1.770  -62.556  -26.007 0.0000000000
8473  3.612  -61.412  -26.862 0.0000000000
9128  1.489  -61.014  -25.674 0.0000000000
112532  0.838  -59.801  -25.213 0.0000000000
108419  -0.089  -61.250  -25.082 0.0000000000
5531  -5.774  -66.031  -29.339 0.0000000000
6158  -4.352  -65.456  -30.034 0.0000000000
6762  -4.860  -64.168  -29.712 0.0000000000
21807  -12.571  -43.641  -18.612 0.0000000000
22607  -11.989  -42.322  -18.565 0.0000000000
21808  -13.358  -43.870  -19.240 0.0000000000
21814  -14.034  -43.819  -20.497 0.0000000000
1815  -5.401  -75.051  -37.345 0.0000000000
2130  -6.889  -73.349  -37.741 0.0000000000
2757  -6.216  -71.977  -38.673 0.0000000000
2752  -7.980  -72.901  -36.616 0.0000000000
2771  -16.836  -72.439  -40.192 0.0000000000
2769  -15.309  -73.162  -40.414 0.0000000000
3184  -14.945  -71.370  -41.221 0.0000000000
23427  -3.451  -41.502  -26.352 0.0000000000
24880  -3.154  -39.394  -26.337 0.0000000000
116006  -3.254  -41.345  -27.213 0.0000000000
23439  -3.392  -41.020  -27.875 0.0000000000
22670  -2.961  -42.620  -27.957 0.0000000000
15971  -1.075  -49.830  -18.360 0.0000000000
16765  -1.316  -48.704  -18.598 0.0000000000
17636  0.777  -48.477  -19.075 0.0000000000
101268  1.204  -49.091  -20.982 0.0000000000
17655  2.140  -48.747  -20.353 0.0000000000
9057  6.268  -61.015  -21.323 0.0000000000
10239  6.598  -58.383  -21.568 0.0000000000
1906  5.205  -74.482  -7.341 0.0000000000
2510  5.058  -72.568  -8.034 0.0000000000
2197  7.020  -72.984  -9.067 0.0000000000
2204  6.830  -73.057  -10.762 0.0000000000
1638  5.460  -74.939  -9.937 0.0000000000
115740  0.024  -83.266  -15.543 0.0000000000
317  -10.788  -82.914  -19.006 0.0000000000
103138  -9.914  -83.624  -19.262 0.0000000000
54  -11.638  -83.346  -19.050 0.0000000000
207  -12.906  -83.229  -19.052 0.0000000000
998  -14.638  -78.942  -12.810 0.0000000000
1986  -16.055  -74.035  -20.202 0.0000000000
1987  -17.498  -74.547  -19.839 0.0000000000
1719  -17.096  -75.516  -20.926 0.0000000000
1278  -17.054  -77.419  -21.857 0.0000000000
1492  -15.514  -76.749  -22.207 0.0000000000
106146  -14.256  -76.691  -23.056 0.0000000000
13696  3.554  -53.803  -22.587 0.0000000000
16026  3.110  -49.910  -22.114 0.0000000000
16048  4.308  -50.419  -22.533 0.0000000000
7339  4.348  -62.842  -30.689 0.0000000000
6772  4.516  -64.888  -30.641 0.0000000000
7328  3.499  -63.565  -29.278 0.0000000000
6754  2.064  -64.464  -28.657 0.0000000000
7903  1.817  -62.355  -29.318 0.0000000000
22591  -9.413  -42.387  -15.832 0.0000000000
24111  -8.141  -40.882  -15.753 0.0000000000
104902  -10.216  -42.816  -15.978 0.0000000000
22593  -10.831  -42.709  -16.607 0.0000000000
21013  -11.227  -44.436  -16.796 0.0000000000
1555  -8.850  -77.391  -35.788 0.0000000000
25522  -12.182  -38.541  -21.449 0.0000000000
26322  -11.872  -37.684  -21.495 0.0000000000
108224  -11.833  -39.110  -22.591 0.0000000000
25537  -10.790  -38.241  -23.324 0.0000000000
25536  -9.849  -38.027  -23.704 0.0000000000
27172  -9.745  -36.757  -24.149 0.0000000000
25550  -8.931  -38.216  -23.988 0.0000000000
26351  -8.494  -37.582  -24.451 0.0000000000
7747  4.728  -62.552  -15.275 0.0000000000
8363  3.931  -60.698  -16.222 0.0000000000
8344  5.646  -61.731  -15.968 0.0000000000
8360  6.803  -61.707  -16.671 0.0000000000
7173  6.172  -63.164  -15.908 0.0000000000
100095  6.002  -64.909  -15.981 0.0000000000
5969  6.726  -65.025  -14.951 0.0000000000
3831  6.616  -70.143  -13.079 0.0000000000
105529  7.230  -69.173  -14.719 0.0000000000
3393  6.826  -70.553  -14.751 0.0000000000
2979  6.803  -71.633  -17.243 0.0000000000
2980  6.058  -72.029  -16.942 0.0000000000
1875  -1.572  -74.540  -4.684 0.0000000000
106791  0.228  -78.737  -5.906 0.0000000000
100546  0.181  -76.036  -7.053 0.0000000000
108514  1.763  -77.651  -6.387 0.0000000000
104696  2.823  -76.149  -7.029 0.0000000000
943  1.738  -78.907  -6.757 0.0000000000
948  1.931  -79.208  -8.316 0.0000000000
750  0.713  -80.363  -8.657 0.0000000000
991  -1.409  -78.239  -13.148 0.0000000000
111812  -0.507  -79.882  -12.394 0.0000000000
787  -1.025  -79.824  -14.964 0.0000000000
440  -1.293  -81.111  -15.293 0.0000000000
426  -2.874  -80.925  -13.225 0.0000000000
420  -3.379  -81.803  -11.437 0.0000000000
582  -4.110  -80.325  -13.507 0.0000000000
103929  -6.053  -77.757  -16.457 0.0000000000
101009  -5.582  -79.764  -15.968 0.0000000000
813  -6.904  -79.144  -17.496 0.0000000000
452  -7.545  -81.003  -17.445 0.0000000000
814  -7.598  -79.182  -18.186 0.0000000000
1927  -12.729  -75.355  -12.121 0.0000000000
10309  5.076  -57.994  -27.471 0.0000000000
101422  5.392  -56.635  -26.372 0.0000000000
11506  5.415  -56.103  -25.003 0.0000000000
11514  4.015  -55.512  -26.623 0.0000000000
12946  3.743  -54.438  -26.047 0.0000000000
108915  2.651  -55.477  -25.197 0.0000000000
10888  -0.209  -58.534  -26.311 0.0000000000
11521  0.555  -56.760  -26.370 0.0000000000
10905  -0.304  -56.969  -28.149 0.0000000000
12283  -0.148  -55.649  -29.373 0.0000000000
11532  -1.076  -56.728  -28.555 0.0000000000
4040  -1.790  -69.545  -34.166 0.0000000000
99146  -1.896  -67.741  -37.171 0.0000000000
5046  -1.881  -68.063  -34.192 0.0000000000
5573  -0.750  -66.131  -32.531 0.0000000000
7376  0.929  -63.842  -32.603 0.0000000000
7412  0.334  -63.028  -34.536 0.0000000000
1327  -12.098  -76.958  -30.407 0.0000000000
1541  -11.894  -76.967  -31.820 0.0000000000
1778  -12.213  -75.480  -31.666 0.0000000000
2097  -16.519  -74.819  -33.749 0.0000000000
105747  -14.926  -74.474  -33.883 0.0000000000
2117  -17.153  -74.663  -35.380 0.0000000000
2127  -17.783  -73.905  -37.004 0.0000000000
24124  -11.360  -40.345  -18.579 0.0000000000
25486  -10.217  -38.730  -17.856 0.0000000000
25493  -10.419  -38.518  -18.506 0.0000000000
25502  -10.852  -38.780  -18.913 0.0000000000
25503  -11.361  -38.738  -19.551 0.0000000000
24130  -12.036  -39.912  -19.647 0.0000000000
964  -7.523  -79.477  -8.980 0.0000000000
2737  -2.179  -72.285  -36.387 0.0000000000
3139  -6.297  -70.496  -34.771 0.0000000000
3590  -5.475  -70.598  -34.288 0.0000000000
3571  -6.423  -69.990  -32.733 0.0000000000
4018  -6.122  -69.418  -31.445 0.0000000000
4019  -6.987  -69.770  -31.127 0.0000000000
1562  -12.322  -75.985  -36.059 0.0000000000
2152  -11.439  -75.422  -40.936 0.0000000000
1574  -11.086  -77.046  -38.798 0.0000000000
2141  -10.434  -74.723  -39.923 0.0000000000
1822  -10.994  -74.760  -38.090 0.0000000000
111301  -10.371  -73.929  -39.941 0.0000000000
4069  -9.698  -68.130  -40.570 0.0000000000
4058  -9.797  -69.189  -37.952 0.0000000000
103619  -11.301  -70.792  -38.158 0.0000000000
3602  -10.831  -70.728  -36.523 0.0000000000
3155  -10.671  -71.579  -34.827 0.0000000000
3597  -10.304  -69.971  -35.062 0.0000000000
26362  -5.933  -37.081  -25.189 0.0000000000
28015  -3.892  -34.670  -26.406 0.0000000000
20998  -7.448  -44.122  -14.164 0.0000000000
118067  -6.408  -46.240  -14.947 0.0000000000
19318  -6.400  -46.092  -15.517 0.0000000000
19325  -5.463  -46.407  -16.845 0.0000000000
101923  -6.893  -47.117  -18.789 0.0000000000
19348  -5.226  -46.185  -19.217 0.0000000000
115644  -5.078  -48.559  -15.788 0.0000000000
17659  -1.798  -47.558  -20.053 0.0000000000
19334  -2.827  -46.221  -18.310 0.0000000000
16788  -3.171  -48.647  -19.725 0.0000000000
12140  5.316  -55.854  -15.764 0.0000000000
12897  7.230  -54.163  -20.491 0.0000000000
12876  6.655  -53.821  -17.986 0.0000000000
102827  7.010  -52.617  -19.741 0.0000000000
15209  5.146  -51.185  -18.756 0.0000000000
14475  6.398  -51.814  -20.705 0.0000000000
14492  5.032  -51.729  -21.322 0.0000000000
103783  5.227  -53.838  -21.462 0.0000000000
3350  2.929  -70.199  -9.868 0.0000000000
4238  2.475  -68.466  -8.411 0.0000000000
3790  1.525  -69.182  -9.888 0.0000000000
4737  0.959  -67.555  -9.539 0.0000000000
3812  0.511  -69.418  -11.642 0.0000000000
4289  0.983  -68.718  -12.377 0.0000000000
3385  0.730  -70.362  -12.617 0.0000000000
2225  5.883  -73.960  -14.044 0.0000000000
2227  3.812  -73.226  -14.905 0.0000000000
2234  5.581  -74.308  -15.108 0.0000000000
1948  5.782  -74.679  -16.260 0.0000000000
1681  5.292  -76.214  -15.151 0.0000000000
113333  2.638  -79.012  -10.425 0.0000000000
119025  1.695  -76.774  -10.734 0.0000000000
101587  3.023  -79.007  -11.159 0.0000000000
443  4.675  -82.004  -15.837 0.0000000000
785  3.560  -79.745  -14.387 0.0000000000
795  3.498  -80.065  -15.993 0.0000000000
25  -5.780  -83.585  -16.820 0.0000000000
567  -8.771  -80.564  -11.630 0.0000000000
773  -7.526  -80.084  -13.023 0.0000000000
1028  -10.169  -78.959  -17.100 0.0000000000
112216  -11.026  -78.699  -18.950 0.0000000000
1066  -10.671  -78.768  -20.604 0.0000000000
1055  -12.251  -78.768  -20.071 0.0000000000
1678  -14.678  -75.531  -14.592 0.0000000000
1438  -13.097  -76.708  -14.928 0.0000000000
1690  -13.925  -75.583  -16.453 0.0000000000
1258  -16.527  -77.414  -18.777 0.0000000000
113225  -14.934  -77.872  -18.688 0.0000000000
645  -16.500  -79.279  -18.524 0.0000000000
658  -15.381  -80.024  -20.068 0.0000000000
620  -16.688  -80.689  -18.299 0.0000000000
344  -16.295  -81.746  -19.476 0.0000000000
479  -18.064  -80.673  -19.704 0.0000000000
110967  -17.283  -80.078  -24.227 0.0000000000
522  -18.634  -81.031  -24.090 0.0000000000
695  -17.574  -81.066  -25.992 0.0000000000
1117  -15.524  -78.535  -29.255 0.0000000000
1111  -16.569  -78.665  -27.128 0.0000000000
1744  -15.299  -75.597  -26.034 0.0000000000
1514  -15.386  -75.724  -26.935 0.0000000000
103210  -14.986  -74.507  -27.292 0.0000000000
2335  -13.731  -73.253  -28.447 0.0000000000
20164  -8.254  -45.695  -16.516 0.0000000000
104663  -8.274  -44.713  -16.118 0.0000000000
105649  -9.247  -46.731  -16.506 0.0000000000
18488  -11.462  -47.760  -15.915 0.0000000000
18490  -13.412  -47.410  -16.371 0.0000000000
99229  2.149  -44.815  -22.811 0.0000000000
19424  0.314  -45.238  -24.247 0.0000000000
119348  -0.499  -45.149  -24.660 0.0000000000
19436  0.197  -45.614  -25.010 0.0000000000
14541  2.846  -51.918  -26.442 0.0000000000
16088  4.381  -50.837  -27.094 0.0000000000
16102  2.741  -51.130  -27.790 0.0000000000
16894  -0.451  -49.247  -26.218 0.0000000000
17772  -1.176  -48.124  -28.070 0.0000000000
114089  -1.196  -46.970  -27.120 0.0000000000
4534  1.732  -68.301  -37.504 0.0000000000
4043  3.913  -69.830  -37.018 0.0000000000
4033  2.248  -69.309  -35.306 0.0000000000
5514  -1.162  -65.727  -27.393 0.0000000000
4963  -1.296  -67.109  -26.269 0.0000000000
109409  -1.717  -66.814  -25.605 0.0000000000
5477  -1.404  -66.317  -23.878 0.0000000000
6104  -2.891  -65.179  -24.743 0.0000000000
10370  -3.601  -57.573  -31.166 0.0000000000
10353  -1.599  -58.717  -30.841 0.0000000000
9777  -2.206  -59.321  -30.354 0.0000000000
9167  -1.408  -60.490  -29.243 0.0000000000
9169  -3.147  -60.071  -28.943 0.0000000000
9140  -6.431  -60.149  -26.215 0.0000000000
8485  -5.218  -61.083  -26.231 0.0000000000
8460  -5.068  -61.291  -24.519 0.0000000000
101978  -3.841  -62.006  -23.639 0.0000000000
9101  -4.876  -59.957  -23.613 0.0000000000
9708  -3.461  -59.314  -23.827 0.0000000000
10302  -4.777  -58.602  -24.281 0.0000000000
11524  -5.376  -56.790  -27.393 0.0000000000
12271  -4.638  -55.529  -28.165 0.0000000000
23349  -8.011  -41.665  -15.628 0.0000000000
21792  -9.583  -43.389  -15.871 0.0000000000
7748  3.548  -62.626  -15.208 0.0000000000
6561  5.656  -64.403  -13.668 0.0000000000
5953  7.047  -65.359  -13.965 0.0000000000
5945  5.705  -65.632  -12.573 0.0000000000
4285  5.967  -67.436  -11.924 0.0000000000
3832  5.540  -70.042  -12.943 0.0000000000
1141  -3.420  -77.393  -4.607 0.0000000000
1617  -2.344  -75.148  -6.159 0.0000000000
932  -2.389  -78.399  -4.657 0.0000000000
100237  -1.962  -79.075  -6.167 0.0000000000
112427  -1.314  -79.534  -7.676 0.0000000000
116920  -0.857  -80.297  -8.791 0.0000000000
108105  -1.516  -78.826  -9.906 0.0000000000
1193  -1.756  -77.228  -11.760 0.0000000000
1211  -2.966  -77.063  -13.631 0.0000000000
791  -4.018  -78.675  -14.318 0.0000000000
1220  -4.518  -77.102  -14.116 0.0000000000
1228  -5.998  -76.986  -15.374 0.0000000000
1446  -6.703  -76.934  -15.754 0.0000000000
101932  4.626  -59.476  -27.539 0.0000000000
9703  2.995  -58.740  -26.390 0.0000000000
10883  2.070  -57.106  -24.877 0.0000000000
9704  1.566  -59.029  -25.166 0.0000000000
10310  0.168  -58.961  -25.498 0.0000000000
10311  -1.007  -59.139  -26.255 0.0000000000
108403  -3.216  -68.359  -31.040 0.0000000000
5030  -2.098  -67.759  -33.122 0.0000000000
5562  -3.190  -66.891  -31.360 0.0000000000
6801  -3.114  -64.649  -32.138 0.0000000000
7379  -2.360  -63.624  -32.964 0.0000000000
2059  -12.659  -74.392  -30.382 0.0000000000
2073  -13.126  -74.284  -31.870 0.0000000000
2393  -13.873  -73.977  -32.042 0.0000000000
2084  -15.362  -74.203  -32.672 0.0000000000
108288  -17.124  -74.777  -33.166 0.0000000000
24114  -10.680  -40.431  -17.216 0.0000000000
24820  -10.178  -39.842  -16.797 0.0000000000
24118  -11.174  -40.775  -17.975 0.0000000000
23362  -11.557  -41.127  -18.509 0.0000000000
23370  -12.501  -41.462  -19.553 0.0000000000
23371  -12.927  -41.471  -20.420 0.0000000000
119726  -13.484  -42.814  -20.251 0.0000000000
3164  -3.552  -72.401  -38.257 0.0000000000
3171  -5.370  -71.664  -38.968 0.0000000000
3167  -5.992  -71.433  -37.122 0.0000000000
3140  -7.149  -71.391  -34.447 0.0000000000
1571  -15.393  -75.392  -37.928 0.0000000000
1569  -13.689  -76.069  -37.793 0.0000000000
1836  -15.065  -75.221  -39.126 0.0000000000
2149  -13.574  -74.396  -40.366 0.0000000000
2773  -12.323  -73.189  -41.806 0.0000000000
25546  -3.483  -38.394  -24.615 0.0000000000
27170  -3.564  -37.038  -25.321 0.0000000000
25557  -3.211  -38.325  -25.840 0.0000000000
25578  -3.328  -37.931  -26.812 0.0000000000
25579  -3.506  -38.141  -27.244 0.0000000000
16727  -3.578  -49.431  -16.063 0.0000000000
17610  -3.346  -48.225  -15.968 0.0000000000
17626  -2.428  -48.390  -17.456 0.0000000000
17639  -1.483  -47.796  -19.278 0.0000000000
16785  -0.843  -48.786  -20.430 0.0000000000
15986  -0.780  -50.151  -20.350 0.0000000000
15226  0.076  -51.620  -20.399 0.0000000000
10808  6.628  -57.509  -17.716 0.0000000000
11443  6.630  -56.119  -17.027 0.0000000000
10825  6.812  -57.147  -19.659 0.0000000000
103013  6.984  -56.522  -20.824 0.0000000000
11481  6.230  -56.175  -21.742 0.0000000000
3327  3.470  -70.479  -7.964 0.0000000000
2918  3.296  -72.022  -9.014 0.0000000000
2532  2.928  -72.169  -10.442 0.0000000000
2546  2.567  -72.351  -12.361 0.0000000000
114914  4.258  -72.668  -11.459 0.0000000000
1928  6.330  -73.441  -12.186 0.0000000000
1661  4.740  -75.311  -12.364 0.0000000000
282  2.519  -82.230  -13.973 0.0000000000
414  4.042  -81.896  -12.540 0.0000000000
289  3.092  -82.555  -15.123 0.0000000000
174  -7.730  -83.029  -16.278 0.0000000000
38  -6.880  -83.713  -17.630 0.0000000000
40  -8.740  -83.467  -18.117 0.0000000000
608  -13.004  -81.073  -15.730 0.0000000000
1968  -16.195  -74.192  -16.695 0.0000000000
105210  -15.886  -75.145  -17.245 0.0000000000
1705  -17.256  -74.991  -18.500 0.0000000000
1474  -17.538  -75.861  -19.816 0.0000000000
1264  -17.925  -77.729  -20.051 0.0000000000
850  -19.000  -79.410  -20.526 0.0000000000
1280  -18.059  -78.089  -21.019 0.0000000000
104830  -17.085  -78.686  -23.084 0.0000000000
876  -15.788  -79.326  -24.687 0.0000000000
104719  -15.800  -78.297  -26.309 0.0000000000
1096  -14.891  -77.937  -24.592 0.0000000000
1505  -14.418  -76.540  -24.320 0.0000000000
2012  -14.761  -74.528  -24.464 0.0000000000
17617  -9.333  -48.248  -16.651 0.0000000000
98445  4.285  -46.627  -23.501 0.0000000000
14562  1.071  -52.586  -28.870 0.0000000000
16112  1.330  -51.493  -28.000 0.0000000000
15321  0.362  -51.930  -28.623 0.0000000000
5600  2.537  -66.488  -34.126 0.0000000000
4520  2.092  -68.246  -33.948 0.0000000000
5571  2.860  -66.919  -32.593 0.0000000000
5548  2.957  -66.715  -30.332 0.0000000000
4986  1.533  -67.601  -29.432 0.0000000000
4974  0.305  -67.700  -28.323 0.0000000000
5519  1.443  -66.256  -28.452 0.0000000000
99579  0.053  -65.169  -28.150 0.0000000000
6756  -0.932  -63.985  -28.078 0.0000000000
100422  -7.534  -56.992  -30.725 0.0000000000
10340  -6.428  -58.802  -29.964 0.0000000000
9749  -5.088  -59.999  -28.776 0.0000000000
10329  -7.118  -58.676  -29.194 0.0000000000
9747  -7.258  -59.086  -27.328 0.0000000000
10317  -7.279  -58.371  -26.168 0.0000000000
10891  -6.057  -57.858  -25.550 0.0000000000
101968  -7.829  -57.169  -26.651 0.0000000000
24817  -7.969  -39.398  -15.874 0.0000000000
24110  -7.619  -40.213  -15.728 0.0000000000
24113  -10.041  -40.548  -16.346 0.0000000000
22598  -10.800  -41.886  -16.763 0.0000000000
21800  -12.104  -43.859  -17.989 0.0000000000
20174  -13.651  -45.391  -18.494 0.0000000000
2123  -8.869  -75.141  -36.816 0.0000000000
26309  -10.784  -36.550  -20.222 0.0000000000
27973  -10.762  -35.694  -20.796 0.0000000000
27978  -11.251  -36.003  -21.841 0.0000000000
26339  -11.212  -37.421  -23.006 0.0000000000
116070  -11.036  -36.048  -22.718 0.0000000000
27986  -10.628  -35.626  -23.347 0.0000000000
27995  -10.162  -35.407  -24.143 0.0000000000
27186  -8.402  -36.371  -25.256 0.0000000000
26349  -6.519  -37.756  -24.730 0.0000000000
112477  -4.800  -38.436  -24.207 0.0000000000
24158  -3.466  -40.202  -24.226 0.0000000000
23415  -3.915  -41.744  -25.072 0.0000000000
21850  -3.763  -43.572  -25.458 0.0000000000
15198  -1.309  -51.698  -17.806 0.0000000000
10176  6.179  -57.980  -13.883 0.0000000000
8967  4.920  -60.064  -13.684 0.0000000000
9598  5.676  -58.895  -15.185 0.0000000000
10207  6.118  -58.402  -16.400 0.0000000000
9629  6.265  -59.378  -17.585 0.0000000000
8388  6.804  -61.798  -19.251 0.0000000000
7198  6.116  -63.528  -19.414 0.0000000000
6617  4.745  -64.694  -18.823 0.0000000000
5394  6.106  -66.355  -17.458 0.0000000000
4841  6.666  -67.831  -17.674 0.0000000000
115110  7.090  -66.791  -14.966 0.0000000000
105423  7.167  -68.441  -15.915 0.0000000000
3879  6.761  -69.790  -17.513 0.0000000000
3438  6.849  -70.820  -19.219 0.0000000000
2608  6.824  -72.712  -20.566 0.0000000000
99309  6.826  -74.650  -20.256 0.0000000000
1899  -0.895  -74.875  -6.441 0.0000000000
1885  1.036  -74.665  -6.232 0.0000000000
1611  3.888  -75.325  -7.138 0.0000000000
1632  4.205  -76.163  -8.190 0.0000000000
1397  3.938  -76.166  -9.094 0.0000000000
1393  3.161  -77.394  -8.558 0.0000000000
959  2.095  -79.070  -9.166 0.0000000000
554  2.046  -80.951  -10.547 0.0000000000
556  0.054  -80.973  -10.244 0.0000000000
563  0.476  -81.123  -11.004 0.0000000000
417  1.547  -81.602  -12.566 0.0000000000
431  0.778  -81.554  -15.380 0.0000000000
300  -0.066  -82.541  -15.511 0.0000000000
1  -0.053  -83.985  -12.603 0.0000000000
115950  -2.514  -83.276  -12.160 0.0000000000
143  -4.427  -82.737  -12.462 0.0000000000
295  -5.995  -82.492  -14.726 0.0000000000
596  -4.470  -79.632  -14.312 0.0000000000
441  -5.700  -81.414  -15.269 0.0000000000
302  -6.919  -82.212  -15.702 0.0000000000
118049  -8.169  -82.515  -16.782 0.0000000000
459  -8.804  -82.025  -18.046 0.0000000000
109396  -9.790  -82.127  -19.620 0.0000000000
1208  -14.727  -77.236  -12.236 0.0000000000
1658  -14.002  -75.993  -11.832 0.0000000000
1933  -14.350  -75.051  -13.164 0.0000000000
1943  -14.372  -74.411  -13.977 0.0000000000
2218  -11.655  -73.644  -13.566 0.0000000000
2229  -13.191  -73.741  -14.440 0.0000000000
2244  -15.338  -73.932  -15.547 0.0000000000
2268  -14.905  -73.258  -17.038 0.0000000000
14516  5.020  -53.251  -23.843 0.0000000000
100724  5.082  -52.255  -24.073 0.0000000000
14523  5.068  -53.193  -24.694 0.0000000000
14525  3.083  -52.866  -25.699 0.0000000000
13733  1.925  -53.271  -26.269 0.0000000000
109295  0.645  -55.885  -25.081 0.0000000000
12264  0.777  -55.454  -25.876 0.0000000000
107234  1.723  -53.970  -28.790 0.0000000000
12986  0.958  -54.594  -29.450 0.0000000000
13754  -0.615  -54.103  -28.655 0.0000000000
13742  -1.189  -53.828  -27.813 0.0000000000
115417  -0.405  -69.959  -37.573 0.0000000000
99369  -0.316  -67.813  -38.771 0.0000000000
98369  0.108  -66.797  -37.371 0.0000000000
5029  -1.549  -67.441  -33.753 0.0000000000
5602  0.237  -66.570  -34.690 0.0000000000
103906  1.330  -66.371  -34.742 0.0000000000
6173  2.672  -65.090  -32.675 0.0000000000
7374  3.100  -63.314  -32.398 0.0000000000
119840  3.253  -61.489  -32.524 0.0000000000
1336  -12.280  -78.156  -32.206 0.0000000000
1543  -12.065  -75.973  -33.087 0.0000000000
101663  -13.036  -75.212  -35.031 0.0000000000
2094  -13.639  -74.466  -33.367 0.0000000000
1798  -13.871  -74.853  -34.839 0.0000000000
1812  -14.532  -75.206  -36.215 0.0000000000
2138  -17.383  -74.853  -38.036 0.0000000000
2428  -18.821  -73.708  -38.742 0.0000000000
111367  -17.724  -72.453  -38.933 0.0000000000
2060  -18.166  -74.705  -30.896 0.0000000000
111194  -18.411  -74.936  -32.159 0.0000000000
2112  -19.448  -74.268  -33.988 0.0000000000
25482  -9.099  -38.372  -16.638 0.0000000000
26295  -10.701  -37.380  -19.660 0.0000000000
25513  -11.964  -38.754  -20.392 0.0000000000
23377  -12.882  -41.239  -21.270 0.0000000000
106801  -5.612  -79.304  -6.981 0.0000000000
753  -5.687  -80.339  -9.275 0.0000000000
767  -6.091  -79.655  -11.251 0.0000000000
553  -7.150  -80.485  -9.416 0.0000000000
762  -8.242  -79.811  -10.422 0.0000000000
110806  -8.727  -78.890  -11.150 0.0000000000
6737  2.286  -64.376  -25.456 0.0000000000
6738  1.054  -64.036  -25.312 0.0000000000
98353  -2.144  -71.252  -33.856 0.0000000000
4034  -2.770  -70.740  -32.567 0.0000000000
3151  -4.572  -71.534  -35.936 0.0000000000
3124  -4.361  -71.270  -34.028 0.0000000000
4026  -3.436  -69.947  -31.540 0.0000000000
4508  -4.513  -68.942  -30.694 0.0000000000
4500  -5.898  -68.187  -30.523 0.0000000000
112346  -12.373  -76.380  -37.404 0.0000000000
1348  -10.859  -77.070  -36.917 0.0000000000
1347  -10.162  -77.228  -36.514 0.0000000000
1559  -9.547  -77.348  -36.960 0.0000000000
118423  -9.300  -75.648  -36.869 0.0000000000
2415  -9.461  -73.999  -36.931 0.0000000000
3616  -13.298  -70.221  -40.981 0.0000000000
3623  -12.732  -70.835  -42.158 0.0000000000
3190  -11.052  -71.317  -42.250 0.0000000000
4070  -11.114  -68.998  -41.060 0.0000000000
3183  -10.737  -71.498  -41.428 0.0000000000
2762  -11.515  -72.534  -38.666 0.0000000000
2417  -11.141  -72.614  -37.160 0.0000000000
111547  -10.056  -73.400  -36.422 0.0000000000
2742  -9.450  -72.717  -35.070 0.0000000000
2730  -9.654  -72.243  -34.235 0.0000000000
3127  -9.103  -71.723  -33.036 0.0000000000
3562  -8.232  -70.723  -31.290 0.0000000000
21779  -7.618  -43.337  -14.512 0.0000000000
119803  -7.529  -44.665  -15.311 0.0000000000
20163  -7.555  -46.081  -16.662 0.0000000000
20154  -7.025  -45.802  -16.094 0.0000000000
19350  -7.745  -46.467  -17.968 0.0000000000
17627  -7.499  -47.778  -18.208 0.0000000000
16770  -7.145  -48.844  -18.107 0.0000000000
18485  -4.543  -46.431  -16.042 0.0000000000
18484  -3.311  -46.709  -16.104 0.0000000000
19323  -3.610  -45.945  -16.351 0.0000000000
113575  -4.112  -45.240  -17.664 0.0000000000
102505  -4.673  -47.171  -20.327 0.0000000000
14435  -0.960  -52.579  -17.791 0.0000000000
15213  1.021  -50.720  -18.230 0.0000000000
12835  5.328  -54.890  -17.119 0.0000000000
12857  3.619  -54.304  -17.448 0.0000000000
14432  2.704  -52.417  -17.932 0.0000000000
105370  3.366  -50.649  -18.557 0.0000000000
16760  3.323  -49.230  -19.162 0.0000000000
15997  4.046  -49.456  -20.931 0.0000000000
4783  2.748  -67.667  -11.800 0.0000000000
3833  3.681  -69.165  -12.929 0.0000000000
3842  3.575  -70.114  -14.024 0.0000000000
2554  2.246  -72.251  -13.868 0.0000000000
2570  2.473  -72.062  -15.294 0.0000000000
3417  4.078  -71.544  -16.265 0.0000000000
2590  4.528  -73.046  -17.712 0.0000000000
1964  6.330  -75.063  -18.414 0.0000000000
99292  5.745  -76.817  -18.968 0.0000000000
1645  3.921  -75.632  -10.012 0.0000000000
1653  3.571  -75.314  -11.554 0.0000000000
1663  2.563  -75.445  -12.934 0.0000000000
770  3.533  -79.345  -12.499 0.0000000000
1209  1.652  -76.886  -13.100 0.0000000000
1675  3.387  -75.856  -14.567 0.0000000000
1443  3.592  -76.282  -15.520 0.0000000000
1453  4.437  -77.108  -17.181 0.0000000000
993  -7.004  -79.222  -12.817 0.0000000000
1222  -7.675  -77.583  -14.571 0.0000000000
1238  -8.405  -77.177  -16.452 0.0000000000
1027  -9.561  -78.120  -16.574 0.0000000000
1253  -8.639  -77.412  -18.316 0.0000000000
833  -8.838  -78.353  -19.518 0.0000000000
652  -9.915  -80.699  -20.728 0.0000000000
487  -11.616  -81.540  -20.622 0.0000000000
1215  -14.394  -77.573  -13.602 0.0000000000
1020  -12.851  -78.509  -15.838 0.0000000000
1468  -14.257  -76.471  -18.084 0.0000000000
101417  -13.268  -78.556  -19.934 0.0000000000
847  -13.305  -79.517  -21.242 0.0000000000
642  -13.874  -80.872  -20.452 0.0000000000
320  -13.789  -82.460  -18.298 0.0000000000
209  -14.891  -82.624  -19.322 0.0000000000
499  -18.231  -80.719  -21.558 0.0000000000
1329  -13.842  -77.605  -29.313 0.0000000000
1534  -13.218  -76.885  -29.190 0.0000000000
107056  -15.682  -76.915  -27.502 0.0000000000
1528  -14.675  -76.047  -28.165 0.0000000000
1766  -12.691  -75.317  -29.435 0.0000000000
2038  -13.255  -74.646  -29.004 0.0000000000
21010  -8.262  -43.913  -15.827 0.0000000000
103189  -8.830  -44.057  -16.009 0.0000000000
21011  -9.740  -44.292  -15.993 0.0000000000
106113  -10.713  -47.512  -16.037 0.0000000000
19329  -10.980  -46.683  -16.114 0.0000000000
106353  -10.848  -45.249  -16.349 0.0000000000
19341  -12.673  -46.132  -17.044 0.0000000000
101790  -13.919  -46.232  -18.021 0.0000000000
21060  -1.989  -44.259  -23.904 0.0000000000
21071  -2.480  -44.725  -24.784 0.0000000000
21089  -2.702  -44.819  -26.054 0.0000000000
16061  4.450  -50.347  -24.421 0.0000000000
16876  4.826  -48.739  -24.940 0.0000000000
18584  3.044  -46.972  -24.892 0.0000000000
16089  1.267  -50.214  -26.818 0.0000000000
16879  0.925  -48.939  -25.146 0.0000000000
17747  0.340  -47.068  -25.494 0.0000000000
19455  -1.242  -46.714  -26.258 0.0000000000
101876  -1.730  -45.975  -27.362 0.0000000000
21104  -2.524  -44.220  -27.992 0.0000000000
108634  0.360  -68.465  -27.279 0.0000000000
6081  0.066  -65.969  -23.456 0.0000000000
6102  -0.404  -65.128  -23.924 0.0000000000
7288  -0.816  -63.318  -24.314 0.0000000000
108652  1.291  -61.703  -35.794 0.0000000000
9196  2.190  -59.947  -32.913 0.0000000000
9786  2.459  -59.160  -31.439 0.0000000000
10947  -0.318  -57.333  -31.834 0.0000000000
10351  0.974  -58.312  -30.833 0.0000000000
9165  1.733  -60.350  -29.712 0.0000000000
8514  0.366  -61.069  -29.035 0.0000000000
8505  -0.806  -62.051  -28.517 0.0000000000
118396  -2.190  -63.379  -27.393 0.0000000000
9148  -3.933  -60.960  -27.705 0.0000000000
7878  -3.691  -62.413  -26.691 0.0000000000
7309  -3.214  -63.649  -26.236 0.0000000000
7275  -3.373  -63.548  -23.846 0.0000000000
108780  -2.503  -63.060  -23.552 0.0000000000
100969  -1.265  -61.478  -24.077 0.0000000000
111477  -1.707  -60.096  -24.334 0.0000000000
9731  -2.286  -59.033  -24.956 0.0000000000
10896  -2.440  -57.822  -27.005 0.0000000000
10890  -5.087  -57.659  -25.703 0.0000000000
10909  -3.994  -57.260  -27.134 0.0000000000
10907  -2.178  -57.293  -27.755 0.0000000000
23335  -7.538  -41.923  -14.719 0.0000000000
752  -4.914  -79.839  -9.035 0.0000000000
952  -4.225  -79.244  -8.725 0.0000000000
963  -4.293  -78.858  -9.493 0.0000000000
1183  -4.149  -77.674  -10.420 0.0000000000
1184  -4.848  -77.919  -11.002 0.0000000000
1196  -5.333  -77.511  -11.766 0.0000000000
980  -5.404  -78.736  -11.154 0.0000000000
8475  1.096  -61.784  -25.681 0.0000000000
118751  0.578  -61.305  -25.354 0.0000000000
8457  0.198  -61.853  -25.245 0.0000000000
6145  -6.549  -65.406  -29.089 0.0000000000
6144  -5.597  -65.167  -29.278 0.0000000000
6764  -6.222  -64.490  -29.140 0.0000000000
21022  -13.866  -44.705  -19.170 0.0000000000
110804  -13.984  -44.165  -19.826 0.0000000000
2122  -7.938  -74.841  -36.867 0.0000000000
2121  -6.978  -74.546  -37.169 0.0000000000
2413  -7.589  -73.391  -37.247 0.0000000000
3182  -16.794  -71.990  -39.967 0.0000000000
3186  -16.382  -71.947  -40.471 0.0000000000
3618  -15.158  -71.024  -40.392 0.0000000000
22660  -3.204  -42.285  -27.183 0.0000000000
23449  -3.206  -41.752  -27.843 0.0000000000
21872  -2.940  -43.316  -27.607 0.0000000000
15970  -0.332  -49.915  -18.569 0.0000000000
16763  0.243  -48.926  -18.708 0.0000000000
115507  1.006  -48.946  -18.544 0.0000000000
17656  1.234  -48.529  -19.759 0.0000000000
16762  1.551  -48.753  -18.836 0.0000000000
8415  5.857  -61.333  -21.740 0.0000000000
1905  6.140  -73.736  -7.654 0.0000000000
111426  6.424  -72.681  -7.909 0.0000000000
1914  6.285  -74.097  -8.542 0.0000000000
1913  6.735  -73.537  -9.155 0.0000000000
1630  5.505  -74.964  -9.049 0.0000000000
12  -0.209  -83.998  -14.618 0.0000000000
102140  0.032  -83.635  -15.561 0.0000000000
43  -11.237  -83.193  -19.024 0.0000000000
195  -11.991  -82.865  -18.756 0.0000000000
66  -12.110  -83.406  -19.364 0.0000000000
196  -12.759  -83.017  -18.385 0.0000000000
976  -14.348  -78.192  -11.202 0.0000000000
1711  -15.528  -74.652  -20.786 0.0000000000
1712  -16.882  -74.625  -20.544 0.0000000000
1718  -16.007  -75.387  -21.135 0.0000000000
102907  -16.236  -76.190  -21.488 0.0000000000
1482  -15.194  -76.055  -21.772 0.0000000000
1717  -14.799  -75.358  -21.407 0.0000000000
14503  4.088  -53.120  -22.909 0.0000000000
15280  3.714  -51.478  -22.514 0.0000000000
15279  4.685  -51.354  -23.405 0.0000000000
7910  4.033  -62.041  -30.525 0.0000000000
6759  4.741  -63.609  -30.134 0.0000000000
114639  3.559  -62.056  -29.978 0.0000000000
7902  3.038  -62.653  -29.547 0.0000000000
8512  2.786  -61.635  -29.712 0.0000000000
21794  -11.080  -43.584  -16.804 0.0000000000
24845  -12.343  -39.402  -21.975 0.0000000000
25527  -12.075  -38.663  -22.211 0.0000000000
24854  -8.936  -39.627  -23.504 0.0000000000
102436  -9.352  -38.856  -23.650 0.0000000000
25535  -8.453  -38.967  -23.759 0.0000000000
7143  5.440  -63.081  -14.970 0.0000000000
7755  4.840  -61.988  -15.811 0.0000000000
7158  5.893  -62.932  -15.426 0.0000000000
7771  6.180  -62.427  -15.796 0.0000000000
101774  5.827  -63.549  -15.177 0.0000000000
6571  6.179  -64.224  -14.950 0.0000000000
3394  6.443  -70.582  -14.063 0.0000000000
3840  7.095  -70.173  -14.026 0.0000000000
3405  6.268  -71.134  -15.111 0.0000000000
3416  6.598  -71.426  -16.194 0.0000000000
2965  5.602  -71.642  -16.084 0.0000000000
118451  -2.407  -74.778  -4.255 0.0000000000
725  0.869  -79.069  -6.326 0.0000000000
938  0.738  -78.525  -5.993 0.0000000000
937  1.482  -78.425  -6.233 0.0000000000
731  1.095  -79.501  -7.288 0.0000000000
102367  1.708  -79.260  -7.582 0.0000000000
740  0.430  -80.137  -7.953 0.0000000000
1006  -2.032  -78.423  -14.479 0.0000000000
788  -1.600  -79.207  -14.674 0.0000000000
789  -2.109  -79.133  -14.785 0.0000000000
593  -1.903  -80.072  -15.095 0.0000000000
104172  -2.678  -79.365  -14.496 0.0000000000
581  -3.619  -80.566  -13.216 0.0000000000
595  -3.722  -79.498  -14.104 0.0000000000
1244  -6.502  -77.723  -16.908 0.0000000000
806  -6.237  -79.219  -16.794 0.0000000000
1033  -6.624  -78.334  -17.284 0.0000000000
1034  -7.279  -78.295  -17.899 0.0000000000
9702  4.272  -57.466  -27.155 0.0000000000
10297  5.256  -57.328  -27.149 0.0000000000
104752  4.642  -56.478  -27.062 0.0000000000
10881  5.074  -55.904  -26.615 0.0000000000
10882  3.800  -56.134  -26.702 0.0000000000
11515  2.319  -56.184  -24.965 0.0000000000
10894  -0.473  -57.848  -27.261 0.0000000000
11522  0.136  -57.336  -27.326 0.0000000000
10906  -1.188  -57.321  -27.972 0.0000000000
4025  -2.179  -69.791  -33.013 0.0000000000
4526  -1.745  -68.451  -35.043 0.0000000000
4521  -2.073  -68.823  -33.731 0.0000000000
7378  -1.893  -63.971  -33.214 0.0000000000
6798  -1.317  -64.218  -33.015 0.0000000000
7398  -0.601  -63.412  -33.745 0.0000000000
7413  -0.354  -62.730  -34.764 0.0000000000
1538  -11.970  -76.546  -30.947 0.0000000000
1772  -12.104  -75.695  -30.848 0.0000000000
2109  -16.872  -75.006  -34.618 0.0000000000
2118  -17.885  -74.190  -35.643 0.0000000000
24828  -11.109  -39.588  -18.680 0.0000000000
110158  -10.639  -39.189  -18.312 0.0000000000
24834  -11.397  -39.383  -19.228 0.0000000000
3125  -6.847  -70.653  -33.818 0.0000000000
3582  -6.278  -70.057  -33.677 0.0000000000
3583  -6.711  -70.237  -33.168 0.0000000000
3560  -6.602  -69.888  -31.956 0.0000000000
3572  -7.021  -70.342  -32.409 0.0000000000
1802  -12.985  -75.491  -35.837 0.0000000000
1557  -12.347  -75.880  -35.211 0.0000000000
1810  -12.904  -75.672  -36.572 0.0000000000
2439  -10.892  -74.410  -41.467 0.0000000000
2147  -10.672  -75.362  -40.242 0.0000000000
2146  -10.145  -74.721  -40.627 0.0000000000
2434  -10.163  -73.380  -40.871 0.0000000000
3601  -10.209  -69.856  -35.981 0.0000000000
26348  -5.361  -37.749  -24.701 0.0000000000
27183  -5.338  -36.242  -25.499 0.0000000000
26361  -4.673  -37.019  -25.088 0.0000000000
19317  -5.570  -46.589  -16.039 0.0000000000
19337  -5.593  -46.409  -18.023 0.0000000000
16787  -2.154  -48.480  -19.979 0.0000000000
17660  -2.461  -47.555  -20.158 0.0000000000
15988  -2.946  -49.446  -19.427 0.0000000000
15972  -3.280  -50.367  -19.064 0.0000000000
11415  5.818  -56.384  -15.034 0.0000000000
11416  4.880  -56.202  -15.066 0.0000000000
11430  6.093  -56.069  -15.838 0.0000000000
12910  6.929  -54.185  -21.016 0.0000000000
13653  7.269  -53.408  -20.117 0.0000000000
108294  6.863  -52.798  -20.556 0.0000000000
112493  6.756  -52.007  -20.199 0.0000000000
14490  6.372  -52.694  -21.023 0.0000000000
14491  5.821  -52.212  -21.234 0.0000000000
13680  5.860  -53.200  -21.334 0.0000000000
3365  2.236  -70.402  -10.492 0.0000000000
3799  2.082  -69.780  -10.097 0.0000000000
3800  1.255  -69.686  -10.635 0.0000000000
4269  0.804  -68.903  -10.404 0.0000000000
3811  0.731  -69.936  -11.366 0.0000000000
3377  0.553  -70.192  -11.992 0.0000000000
3376  1.024  -70.508  -11.723 0.0000000000
104184  5.998  -74.946  -13.930 0.0000000000
1942  6.003  -74.601  -14.400 0.0000000000
103066  6.104  -74.935  -15.210 0.0000000000
1673  5.753  -75.491  -14.577 0.0000000000
561  3.039  -80.811  -10.963 0.0000000000
764  3.572  -80.037  -11.182 0.0000000000
163  -5.749  -83.281  -15.299 0.0000000000
113745  -5.530  -83.504  -16.150 0.0000000000
15  -6.333  -83.362  -16.024 0.0000000000
816  -11.790  -80.081  -17.956 0.0000000000
1036  -11.864  -79.446  -18.540 0.0000000000
1043  -11.872  -78.986  -19.332 0.0000000000
1685  -15.236  -75.146  -15.231 0.0000000000
1684  -14.458  -75.541  -15.512 0.0000000000
1691  -15.218  -75.310  -16.031 0.0000000000
1047  -17.595  -78.785  -18.516 0.0000000000
1046  -16.458  -78.340  -18.437 0.0000000000
826  -17.171  -79.471  -18.226 0.0000000000
630  -16.597  -80.212  -18.367 0.0000000000
631  -17.277  -80.275  -18.339 0.0000000000
465  -17.120  -80.721  -18.622 0.0000000000
116698  -18.103  -80.033  -18.757 0.0000000000
116182  -17.138  -80.509  -24.917 0.0000000000
687  -17.813  -80.659  -24.621 0.0000000000
107486  -16.705  -79.709  -26.507 0.0000000000
101632  -17.189  -79.424  -27.593 0.0000000000
2018  -15.390  -74.762  -25.888 0.0000000000
1748  -15.335  -75.043  -26.754 0.0000000000
119077  -15.277  -74.423  -26.526 0.0000000000
19327  -8.478  -46.427  -16.760 0.0000000000
19422  2.583  -44.788  -23.380 0.0000000000
19423  1.788  -44.736  -23.545 0.0000000000
19435  1.011  -45.209  -24.437 0.0000000000
18586  0.788  -45.733  -25.296 0.0000000000
14548  2.581  -51.853  -27.611 0.0000000000
15304  3.298  -51.535  -27.156 0.0000000000
15311  2.643  -51.626  -27.633 0.0000000000
102033  -1.379  -47.633  -28.647 0.0000000000
120416  1.854  -68.565  -36.777 0.0000000000
4045  2.623  -69.199  -36.334 0.0000000000
105892  1.483  -68.314  -35.916 0.0000000000
5515  -1.782  -65.794  -26.898 0.0000000000
102542  -1.856  -66.441  -26.297 0.0000000000
6128  -2.435  -65.699  -26.086 0.0000000000
116146  -2.645  -65.758  -24.989 0.0000000000
6120  -2.852  -65.143  -25.486 0.0000000000
10357  -5.126  -58.651  -30.551 0.0000000000
10356  -4.360  -58.171  -30.858 0.0000000000
10354  -2.493  -58.543  -30.754 0.0000000000
9778  -3.135  -59.124  -30.250 0.0000000000
9762  -2.716  -59.732  -29.698 0.0000000000
9763  -3.663  -59.555  -29.569 0.0000000000
9733  -6.416  -59.516  -25.205 0.0000000000
9129  -6.169  -60.174  -25.381 0.0000000000
9732  -6.043  -59.788  -24.745 0.0000000000
118634  -5.322  -60.273  -23.914 0.0000000000
9710  -5.583  -59.675  -24.174 0.0000000000
112009  -5.092  -59.253  -23.951 0.0000000000
10303  -5.585  -58.882  -24.413 0.0000000000
22590  -8.381  -42.443  -15.701 0.0000000000
21791  -8.651  -43.234  -15.832 0.0000000000
7127  3.298  -63.742  -13.963 0.0000000000
118779  3.794  -63.243  -14.434 0.0000000000
6562  4.593  -63.800  -13.732 0.0000000000
6549  6.153  -64.928  -13.195 0.0000000000
114131  5.119  -64.672  -13.019 0.0000000000
5355  5.224  -66.916  -11.270 0.0000000000
5354  5.865  -66.666  -11.932 0.0000000000
4286  5.575  -68.246  -12.153 0.0000000000
4303  6.095  -69.302  -12.608 0.0000000000
927  -3.875  -78.148  -4.463 0.0000000000
926  -2.898  -78.077  -4.343 0.0000000000
108635  -3.109  -78.387  -4.630 0.0000000000
950  -2.866  -78.776  -8.309 0.0000000000
735  -2.522  -79.177  -6.864 0.0000000000
743  -2.136  -79.175  -7.731 0.0000000000
734  -1.632  -79.258  -6.992 0.0000000000
102148  -1.597  -79.298  -9.076 0.0000000000
960  -1.989  -78.326  -9.413 0.0000000000
1406  -3.383  -76.665  -11.254 0.0000000000
1194  -2.115  -76.982  -11.186 0.0000000000
118532  -2.953  -76.423  -12.445 0.0000000000
1204  -2.372  -77.009  -13.146 0.0000000000
1426  -2.922  -76.510  -12.948 0.0000000000
1219  -3.565  -77.470  -14.042 0.0000000000
1428  -4.411  -76.583  -13.480 0.0000000000
119888  -6.212  -76.734  -13.519 0.0000000000
1434  -5.153  -76.737  -13.890 0.0000000000
109889  -6.333  -76.754  -14.078 0.0000000000
1436  -6.478  -76.810  -14.945 0.0000000000
107276  4.234  -62.169  -26.676 0.0000000000
9127  2.813  -60.705  -26.491 0.0000000000
9126  4.184  -60.407  -27.365 0.0000000000
9727  3.547  -59.629  -27.064 0.0000000000
10298  2.453  -57.912  -25.518 0.0000000000
9705  -0.165  -60.056  -25.237 0.0000000000
9728  0.530  -59.338  -25.197 0.0000000000
9729  -0.547  -59.546  -25.479 0.0000000000
4498  -3.818  -68.295  -30.542 0.0000000000
5015  -2.893  -67.747  -31.675 0.0000000000
5549  -3.659  -66.761  -30.684 0.0000000000
6157  -4.051  -65.015  -30.873 0.0000000000
6165  -3.434  -65.397  -31.512 0.0000000000
112152  -3.396  -63.244  -31.709 0.0000000000
2367  -12.989  -73.797  -30.656 0.0000000000
2072  -12.782  -74.254  -31.161 0.0000000000
2380  -13.470  -73.644  -31.268 0.0000000000
2395  -15.438  -73.937  -32.085 0.0000000000
2396  -16.111  -74.178  -32.248 0.0000000000
101354  -16.294  -74.486  -32.930 0.0000000000
23356  -11.005  -41.321  -17.310 0.0000000000
23357  -11.357  -41.568  -17.969 0.0000000000
106902  -11.669  -41.780  -18.397 0.0000000000
23363  -12.040  -41.610  -18.866 0.0000000000
22616  -12.930  -42.017  -19.885 0.0000000000
106224  -13.194  -42.606  -19.812 0.0000000000
99413  -4.941  -74.211  -38.093 0.0000000000
98340  -3.785  -74.476  -38.398 0.0000000000
98344  -4.339  -73.416  -39.443 0.0000000000
99091  -4.162  -72.568  -39.918 0.0000000000
112765  -5.048  -72.507  -39.701 0.0000000000
111607  -7.292  -72.171  -37.046 0.0000000000
2750  -6.578  -71.810  -37.605 0.0000000000
2739  -6.733  -71.681  -36.569 0.0000000000
3154  -6.888  -71.463  -35.470 0.0000000000
2728  -7.753  -72.135  -34.970 0.0000000000
98338  -16.879  -76.074  -38.881 0.0000000000
99049  -15.582  -75.363  -38.785 0.0000000000
2142  -15.778  -74.742  -39.623 0.0000000000
2775  -15.046  -72.362  -41.205 0.0000000000
2435  -14.611  -74.094  -40.070 0.0000000000
116508  -13.340  -72.924  -41.418 0.0000000000
2441  -12.996  -73.839  -41.141 0.0000000000
2779  -13.032  -72.261  -41.959 0.0000000000
24863  -3.264  -39.550  -24.684 0.0000000000
25545  -3.167  -38.780  -25.099 0.0000000000
24873  -3.054  -39.447  -25.545 0.0000000000
24186  -3.271  -40.023  -26.835 0.0000000000
25564  -3.276  -38.627  -26.488 0.0000000000
119130  -3.365  -38.665  -26.961 0.0000000000
24893  -3.579  -39.352  -27.443 0.0000000000
16726  -2.992  -49.036  -16.086 0.0000000000
16731  -2.565  -49.156  -16.915 0.0000000000
17638  -0.718  -48.100  -19.498 0.0000000000
17658  -1.193  -47.933  -19.944 0.0000000000
16802  -0.645  -48.082  -20.284 0.0000000000
16001  -0.111  -49.250  -20.685 0.0000000000
15999  1.620  -49.893  -21.012 0.0000000000
99745  0.821  -50.868  -20.715 0.0000000000
14479  0.948  -52.115  -20.508 0.0000000000
14478  2.026  -52.249  -20.778 0.0000000000
10222  6.445  -58.557  -17.958 0.0000000000
10819  6.764  -57.167  -18.467 0.0000000000
10228  6.634  -57.917  -18.828 0.0000000000
120201  6.257  -58.507  -22.129 0.0000000000
10832  6.739  -57.451  -21.174 0.0000000000
10842  6.337  -57.745  -22.006 0.0000000000
11469  6.830  -55.930  -21.348 0.0000000000
10843  5.726  -57.112  -22.034 0.0000000000
3313  3.160  -70.755  -6.993 0.0000000000
2497  3.529  -72.139  -7.359 0.0000000000
2521  4.948  -72.595  -9.113 0.0000000000
2522  3.886  -72.422  -8.981 0.0000000000
2523  3.297  -72.243  -9.675 0.0000000000
2531  3.883  -72.578  -9.935 0.0000000000
110270  3.504  -72.508  -10.941 0.0000000000
105312  4.644  -72.624  -10.743 0.0000000000
105296  6.208  -74.317  -11.086 0.0000000000
2206  6.601  -73.010  -11.508 0.0000000000
1924  6.142  -74.194  -11.877 0.0000000000
1929  6.121  -74.194  -12.724 0.0000000000
1660  5.585  -74.886  -12.180 0.0000000000
290  2.397  -82.340  -14.962 0.0000000000
281  3.217  -82.412  -14.111 0.0000000000
298  2.257  -82.489  -15.789 0.0000000000
175  -8.300  -83.012  -16.754 0.0000000000
28  -8.512  -83.250  -17.367 0.0000000000
29  -9.102  -83.179  -17.863 0.0000000000
107775  -10.496  -83.975  -19.712 0.0000000000
64  -9.450  -83.874  -19.478 0.0000000000
79  -12.785  -83.506  -21.164 0.0000000000
588  -13.924  -80.273  -14.486 0.0000000000
794  -13.893  -80.244  -15.440 0.0000000000
803  -13.149  -80.299  -16.237 0.0000000000
1021  -13.491  -79.628  -15.917 0.0000000000
1969  -16.574  -74.077  -17.650 0.0000000000
1699  -16.803  -74.609  -17.984 0.0000000000
1976  -17.066  -74.394  -18.467 0.0000000000
119373  -17.612  -75.602  -20.129 0.0000000000
1709  -17.762  -75.123  -19.736 0.0000000000
1270  -17.549  -76.657  -20.316 0.0000000000
1263  -17.274  -77.158  -19.589 0.0000000000
114126  -17.862  -77.577  -20.586 0.0000000000
1271  -18.352  -78.240  -20.456 0.0000000000
1484  -17.548  -77.116  -21.000 0.0000000000
117553  -15.979  -77.504  -22.640 0.0000000000
1082  -17.464  -78.278  -22.163 0.0000000000
1081  -16.759  -78.035  -22.619 0.0000000000
869  -16.482  -79.326  -23.906 0.0000000000
1090  -16.035  -78.392  -23.378 0.0000000000
1097  -15.295  -78.615  -24.711 0.0000000000
1499  -14.091  -76.151  -23.532 0.0000000000
1500  -14.323  -77.011  -23.657 0.0000000000
1504  -14.437  -75.644  -24.397 0.0000000000
118114  -8.185  -49.127  -17.121 0.0000000000
16842  4.161  -49.314  -22.353 0.0000000000
99006  3.579  -45.919  -22.888 0.0000000000
17717  4.446  -47.723  -23.463 0.0000000000
14575  0.708  -53.247  -29.182 0.0000000000
6172  3.382  -65.396  -32.542 0.0000000000
5588  3.037  -66.283  -33.683 0.0000000000
6171  3.732  -65.420  -32.110 0.0000000000
6141  4.077  -65.155  -29.851 0.0000000000
5547  3.461  -66.145  -30.912 0.0000000000
5529  2.796  -66.366  -29.481 0.0000000000
4997  2.339  -67.198  -29.814 0.0000000000
4985  1.987  -66.771  -29.035 0.0000000000
5518  2.407  -65.868  -28.758 0.0000000000
104431  1.366  -63.898  -28.865 0.0000000000
103914  0.916  -64.670  -28.471 0.0000000000
6755  -0.139  -64.348  -28.335 0.0000000000
7323  -0.360  -63.571  -28.441 0.0000000000
10358  -6.553  -58.004  -30.664 0.0000000000
10341  -7.133  -58.192  -29.984 0.0000000000
10923  -7.720  -58.115  -29.214 0.0000000000
10326  -8.276  -57.874  -27.363 0.0000000000
10325  -7.741  -58.490  -27.758 0.0000000000
117312  -7.636  -58.456  -26.893 0.0000000000
9742  -7.174  -59.055  -26.354 0.0000000000
117488  -7.863  -57.863  -26.623 0.0000000000
10901  -7.299  -57.827  -26.279 0.0000000000
24112  -9.149  -40.694  -15.873 0.0000000000
103799  -8.517  -40.044  -15.867 0.0000000000
23351  -10.519  -41.254  -16.559 0.0000000000
21799  -11.576  -43.769  -17.495 0.0000000000
103074  -11.363  -42.937  -17.426 0.0000000000
21019  -12.459  -44.306  -18.173 0.0000000000
1808  -8.095  -76.178  -36.421 0.0000000000
27119  -10.239  -36.655  -19.592 0.0000000000
27130  -10.143  -35.984  -19.876 0.0000000000
102068  -11.581  -36.890  -21.640 0.0000000000
27141  -11.275  -36.423  -21.002 0.0000000000
25538  -11.242  -38.977  -23.097 0.0000000000
24856  -10.814  -39.619  -23.275 0.0000000000
27162  -10.789  -36.583  -23.264 0.0000000000
27161  -10.247  -36.825  -23.718 0.0000000000
27173  -10.239  -36.197  -23.873 0.0000000000
104410  -9.654  -36.032  -24.509 0.0000000000
26350  -7.557  -37.705  -24.639 0.0000000000
25549  -7.042  -38.430  -24.314 0.0000000000
21845  -3.731  -43.134  -24.015 0.0000000000
22648  -4.124  -42.743  -24.905 0.0000000000
15174  -1.962  -51.546  -17.156 0.0000000000
10165  5.398  -58.244  -13.186 0.0000000000
10766  5.830  -57.613  -13.761 0.0000000000
103448  6.128  -58.689  -13.410 0.0000000000
8969  3.088  -60.934  -15.107 0.0000000000
8968  3.729  -60.342  -14.507 0.0000000000
8986  4.472  -59.999  -16.005 0.0000000000
9614  5.140  -59.444  -16.034 0.0000000000
10188  6.151  -58.346  -15.364 0.0000000000
9613  5.586  -59.066  -16.419 0.0000000000
119197  6.196  -58.627  -17.149 0.0000000000
9027  6.049  -60.004  -17.129 0.0000000000
7785  6.896  -62.537  -17.314 0.0000000000
8381  6.926  -61.927  -17.618 0.0000000000
7797  6.785  -62.640  -18.842 0.0000000000
7199  5.501  -64.121  -19.173 0.0000000000
7187  5.510  -63.992  -17.784 0.0000000000
5983  6.572  -66.098  -16.359 0.0000000000
5984  5.773  -65.602  -16.777 0.0000000000
115450  6.891  -66.653  -16.994 0.0000000000
5393  6.561  -67.018  -17.710 0.0000000000
4826  7.074  -67.479  -16.739 0.0000000000
5364  6.787  -66.225  -13.213 0.0000000000
5373  7.036  -66.448  -14.090 0.0000000000
4798  7.017  -67.311  -14.272 0.0000000000
3852  7.223  -70.141  -15.154 0.0000000000
4333  7.206  -69.330  -15.936 0.0000000000
114262  6.947  -69.280  -16.863 0.0000000000
3425  6.773  -70.795  -17.957 0.0000000000
2991  6.463  -72.287  -17.889 0.0000000000
3001  7.012  -72.342  -18.935 0.0000000000
2598  6.934  -72.917  -19.729 0.0000000000
2279  6.976  -73.667  -20.603 0.0000000000
2270  6.647  -73.868  -19.304 0.0000000000
1372  -1.729  -77.254  -5.137 0.0000000000
1900  -1.971  -74.844  -6.184 0.0000000000
119495  -1.432  -76.382  -6.122 0.0000000000
1614  0.711  -75.339  -7.096 0.0000000000
1898  0.278  -74.934  -6.731 0.0000000000
1146  3.047  -77.185  -6.900 0.0000000000
110822  3.479  -76.276  -7.262 0.0000000000
1623  4.238  -75.642  -7.510 0.0000000000
1387  3.824  -76.728  -7.706 0.0000000000
1392  3.653  -76.867  -8.386 0.0000000000
1161  3.426  -77.445  -7.863 0.0000000000
99533  1.745  -79.701  -8.815 0.0000000000
748  2.009  -79.962  -9.464 0.0000000000
756  1.618  -80.560  -9.864 0.0000000000
758  -1.142  -79.387  -10.584 0.0000000000
551  -0.353  -80.620  -9.482 0.0000000000
757  -0.605  -80.389  -10.350 0.0000000000
571  -0.148  -80.283  -13.070 0.0000000000
564  0.030  -80.667  -11.881 0.0000000000
570  0.645  -80.984  -12.849 0.0000000000
109522  0.977  -81.330  -11.763 0.0000000000
424  1.083  -81.349  -14.060 0.0000000000
579  0.328  -80.984  -14.935 0.0000000000
432  -1.493  -81.842  -14.777 0.0000000000
301  -0.885  -81.952  -15.431 0.0000000000
283  -0.038  -83.242  -13.045 0.0000000000
144  0.146  -83.754  -12.875 0.0000000000
139  -0.845  -83.478  -12.388 0.0000000000
2  -1.123  -83.928  -12.403 0.0000000000
134  -1.837  -82.781  -11.819 0.0000000000
109754  -4.076  -81.355  -12.552 0.0000000000
413  -3.679  -82.374  -11.271 0.0000000000
285  -4.485  -82.245  -12.408 0.0000000000
286  -5.006  -82.527  -13.317 0.0000000000
798  -4.742  -78.556  -14.857 0.0000000000
604  -5.044  -79.467  -15.098 0.0000000000
612  -6.255  -80.282  -16.533 0.0000000000
444  -5.838  -80.860  -15.880 0.0000000000
442  -6.385  -81.669  -15.684 0.0000000000
436  -6.141  -82.051  -15.015 0.0000000000
306  -6.990  -81.867  -16.117 0.0000000000
307  -7.633  -82.360  -16.360 0.0000000000
446  -7.281  -81.556  -16.726 0.0000000000
628  -8.428  -80.551  -18.694 0.0000000000
458  -8.204  -81.228  -18.026 0.0000000000
108127  -8.688  -81.336  -18.666 0.0000000000
329  -9.480  -82.476  -18.676 0.0000000000
473  -9.489  -81.299  -19.971 0.0000000000
118664  -13.997  -76.213  -11.196 0.0000000000
1650  -13.636  -76.132  -10.789 0.0000000000
1931  -13.237  -74.975  -12.876 0.0000000000
1665  -13.717  -75.523  -12.404 0.0000000000
1932  -14.019  -75.034  -12.938 0.0000000000
1939  -14.450  -74.717  -13.585 0.0000000000
1938  -14.256  -74.670  -13.479 0.0000000000
2241  -12.472  -73.300  -15.137 0.0000000000
103810  -13.575  -73.542  -15.024 0.0000000000
2230  -14.137  -73.900  -14.510 0.0000000000
2243  -14.454  -73.589  -15.419 0.0000000000
107756  -15.192  -73.527  -16.215 0.0000000000
2257  -14.172  -73.251  -16.363 0.0000000000
11505  5.206  -55.516  -26.026 0.0000000000
12247  5.142  -55.784  -24.241 0.0000000000
12939  5.268  -54.914  -24.574 0.0000000000
12926  4.466  -54.498  -23.250 0.0000000000
12938  5.196  -54.605  -25.376 0.0000000000
13708  5.165  -53.926  -24.623 0.0000000000
13716  4.963  -54.053  -25.379 0.0000000000
12947  1.794  -54.249  -24.699 0.0000000000
13718  2.366  -53.639  -25.178 0.0000000000
13719  1.267  -53.939  -24.846 0.0000000000
13726  1.819  -53.421  -25.359 0.0000000000
12952  1.297  -53.776  -25.341 0.0000000000
119640  1.158  -57.484  -24.712 0.0000000000
11516  1.169  -56.900  -24.667 0.0000000000
11518  0.607  -56.812  -24.983 0.0000000000
108682  0.765  -56.275  -27.288 0.0000000000
12269  1.208  -55.565  -27.664 0.0000000000
12958  1.483  -54.451  -26.591 0.0000000000
12965  1.606  -54.767  -28.296 0.0000000000
12978  1.341  -54.793  -29.126 0.0000000000
116436  1.026  -55.382  -29.419 0.0000000000
120559  -0.103  -55.077  -29.441 0.0000000000
12979  -0.627  -54.938  -29.137 0.0000000000
12966  -1.489  -54.778  -28.432 0.0000000000
99263  -1.056  -70.424  -35.372 0.0000000000
3595  -0.404  -70.626  -36.100 0.0000000000
3596  -0.699  -70.100  -36.599 0.0000000000
5060  -1.964  -66.940  -37.435 0.0000000000
99041  -1.922  -67.579  -38.147 0.0000000000
99154  -1.633  -66.623  -38.310 0.0000000000
99362  -0.093  -66.657  -38.146 0.0000000000
5612  -0.757  -66.644  -37.196 0.0000000000
5593  -1.879  -67.075  -32.855 0.0000000000
6175  -0.107  -65.408  -32.322 0.0000000000
5591  -0.204  -66.486  -33.422 0.0000000000
5572  0.267  -65.874  -32.823 0.0000000000
116861  0.853  -66.071  -33.832 0.0000000000
116579  1.229  -65.625  -33.273 0.0000000000
6187  2.247  -65.499  -33.334 0.0000000000
107051  1.570  -64.941  -32.480 0.0000000000
7397  1.299  -63.062  -33.648 0.0000000000
7375  2.123  -63.516  -32.670 0.0000000000
7945  2.456  -62.524  -33.180 0.0000000000
7943  3.765  -62.207  -32.103 0.0000000000
8561  2.655  -61.606  -33.426 0.0000000000
1783  -11.980  -76.246  -32.337 0.0000000000
1797  -12.425  -75.553  -34.406 0.0000000000
2082  -13.395  -74.378  -32.601 0.0000000000
116582  -12.794  -74.678  -32.392 0.0000000000
2095  -14.360  -74.379  -33.467 0.0000000000
2116  -15.610  -74.937  -35.259 0.0000000000
2107  -14.812  -74.699  -34.648 0.0000000000
1804  -14.662  -75.005  -35.434 0.0000000000
113273  -15.332  -75.152  -36.907 0.0000000000
2133  -16.288  -74.771  -36.707 0.0000000000
2424  -18.552  -73.184  -38.100 0.0000000000
2135  -18.267  -74.012  -37.962 0.0000000000
2763  -18.496  -72.915  -38.531 0.0000000000
2766  -18.401  -72.958  -39.310 0.0000000000
2087  -18.564  -74.866  -32.820 0.0000000000
24819  -9.815  -39.051  -16.884 0.0000000000
25485  -9.662  -38.218  -17.451 0.0000000000
26294  -10.012  -37.009  -19.118 0.0000000000
109581  -10.896  -38.178  -19.357 0.0000000000
24839  -12.210  -39.457  -20.277 0.0000000000
24843  -12.466  -39.385  -21.042 0.0000000000
23381  -12.578  -41.165  -22.058 0.0000000000
946  -6.451  -78.754  -7.093 0.0000000000
945  -6.121  -79.071  -6.723 0.0000000000
738  -6.418  -79.465  -7.689 0.0000000000
103519  -5.498  -79.625  -7.736 0.0000000000
746  -6.745  -80.110  -8.464 0.0000000000
552  -6.460  -80.546  -9.401 0.0000000000
747  -7.265  -80.162  -8.858 0.0000000000
108152  -7.440  -78.258  -9.506 0.0000000000
971  -7.865  -79.024  -9.912 0.0000000000
972  -8.320  -78.322  -10.756 0.0000000000
6100  2.243  -65.833  -24.217 0.0000000000
3150  -2.368  -71.807  -35.194 0.0000000000
99440  -2.141  -71.357  -34.479 0.0000000000
99140  -2.070  -70.588  -33.425 0.0000000000
3165  -4.892  -71.546  -38.197 0.0000000000
104702  -4.186  -71.922  -37.000 0.0000000000
3581  -5.904  -70.104  -33.607 0.0000000000
3580  -4.824  -70.775  -33.222 0.0000000000
3568  -3.936  -70.741  -32.215 0.0000000000
3559  -4.411  -70.200  -31.708 0.0000000000
4016  -4.352  -69.632  -31.200 0.0000000000
4027  -5.122  -69.863  -31.666 0.0000000000
4511  -6.791  -69.109  -30.721 0.0000000000
120052  -6.248  -67.662  -30.206 0.0000000000
1342  -10.817  -77.014  -33.882 0.0000000000
100210  -10.684  -76.886  -34.907 0.0000000000
1363  -13.789  -76.349  -38.633 0.0000000000
1352  -12.997  -76.656  -37.944 0.0000000000
1362  -12.858  -76.858  -38.513 0.0000000000
1353  -10.357  -77.013  -38.005 0.0000000000
1350  -10.984  -76.851  -37.557 0.0000000000
1349  -10.505  -77.168  -37.627 0.0000000000
1560  -10.215  -77.346  -37.046 0.0000000000
1563  -10.056  -76.728  -37.527 0.0000000000
2137  -11.278  -73.953  -38.006 0.0000000000
2131  -10.212  -74.846  -37.308 0.0000000000
2124  -9.619  -74.903  -37.049 0.0000000000
3620  -12.328  -69.666  -42.360 0.0000000000
3622  -11.690  -70.586  -42.277 0.0000000000
3619  -11.053  -70.517  -41.995 0.0000000000
4066  -10.587  -69.098  -39.968 0.0000000000
3611  -11.378  -70.126  -40.555 0.0000000000
3615  -11.018  -70.421  -41.696 0.0000000000
3180  -11.399  -71.274  -40.126 0.0000000000
115492  -11.359  -72.148  -39.653 0.0000000000
3177  -11.532  -71.463  -38.906 0.0000000000
3168  -11.129  -71.838  -36.836 0.0000000000
117730  -11.305  -72.207  -37.393 0.0000000000
2753  -10.897  -72.561  -36.628 0.0000000000
2411  -10.551  -72.801  -36.149 0.0000000000
2410  -10.144  -72.867  -35.599 0.0000000000
2743  -10.617  -72.222  -35.510 0.0000000000
3141  -10.642  -71.068  -34.080 0.0000000000
2731  -10.381  -71.672  -34.118 0.0000000000
2722  -9.787  -71.779  -33.528 0.0000000000
2721  -8.880  -72.146  -33.689 0.0000000000
3128  -9.784  -71.431  -33.005 0.0000000000
28007  -8.336  -35.750  -25.700 0.0000000000
111020  -3.758  -36.310  -25.714 0.0000000000
28002  -3.668  -35.719  -26.192 0.0000000000
20149  -7.408  -45.143  -15.572 0.0000000000
20155  -7.735  -45.333  -16.097 0.0000000000
19338  -6.523  -46.403  -17.447 0.0000000000
20162  -6.981  -46.233  -16.871 0.0000000000
20172  -7.398  -46.368  -17.565 0.0000000000
18496  -7.670  -46.834  -18.226 0.0000000000
17662  -6.272  -47.262  -19.460 0.0000000000
17641  -6.632  -48.162  -18.988 0.0000000000
16769  -6.507  -49.370  -18.587 0.0000000000
18480  -5.366  -47.002  -15.809 0.0000000000
18483  -2.952  -47.417  -16.285 0.0000000000
18478  -3.344  -47.345  -15.869 0.0000000000
19345  -2.767  -45.925  -19.391 0.0000000000
115077  -3.414  -45.816  -17.471 0.0000000000
19346  -3.438  -45.521  -19.004 0.0000000000
19335  -3.946  -45.341  -16.908 0.0000000000
20179  -3.870  -45.612  -19.336 0.0000000000
19347  -4.439  -45.679  -19.132 0.0000000000
16767  -4.763  -49.848  -19.135 0.0000000000
15974  -5.212  -50.576  -18.625 0.0000000000
14434  -0.114  -52.670  -18.015 0.0000000000
15196  0.421  -51.785  -18.249 0.0000000000
15195  1.377  -51.696  -18.063 0.0000000000
111839  6.822  -55.927  -17.887 0.0000000000
12168  6.560  -55.417  -17.410 0.0000000000
12854  6.597  -54.679  -17.788 0.0000000000
13644  5.985  -53.168  -17.720 0.0000000000
12856  4.837  -54.034  -17.462 0.0000000000
13622  3.952  -53.443  -17.553 0.0000000000
13623  3.150  -53.755  -17.645 0.0000000000
14430  4.053  -52.668  -17.732 0.0000000000
15225  5.477  -50.613  -19.500 0.0000000000
15210  4.110  -51.120  -18.546 0.0000000000
15966  4.031  -49.888  -18.875 0.0000000000
15967  2.822  -49.903  -18.559 0.0000000000
15985  3.984  -49.414  -19.575 0.0000000000
16782  3.498  -49.035  -20.027 0.0000000000
15996  4.758  -50.069  -20.739 0.0000000000
14477  3.107  -52.332  -21.069 0.0000000000
3767  3.693  -69.620  -8.046 0.0000000000
4237  3.847  -68.787  -7.667 0.0000000000
4717  2.214  -67.408  -8.075 0.0000000000
4716  3.232  -67.342  -7.364 0.0000000000
5305  2.703  -66.259  -7.677 0.0000000000
4753  0.755  -67.402  -10.296 0.0000000000
102471  1.925  -67.295  -11.484 0.0000000000
119759  1.315  -69.617  -13.305 0.0000000000
4304  2.657  -69.017  -12.972 0.0000000000
3834  2.048  -69.507  -13.529 0.0000000000
105837  3.108  -69.589  -13.479 0.0000000000
3843  2.435  -70.049  -14.090 0.0000000000
2545  3.478  -72.666  -12.573 0.0000000000
2547  1.961  -72.083  -13.048 0.0000000000
100541  2.856  -72.515  -13.187 0.0000000000
2562  3.023  -72.665  -15.163 0.0000000000
2569  3.070  -72.479  -15.831 0.0000000000
2966  3.270  -71.680  -16.039 0.0000000000
2578  3.398  -72.670  -16.559 0.0000000000
2993  4.150  -72.489  -17.302 0.0000000000
2250  3.971  -73.291  -17.195 0.0000000000
1686  6.218  -75.832  -17.165 0.0000000000
1955  6.223  -75.011  -17.288 0.0000000000
108989  6.259  -75.460  -17.732 0.0000000000
1693  6.250  -75.980  -18.344 0.0000000000
1398  2.976  -76.725  -9.156 0.0000000000
1646  2.803  -75.914  -9.808 0.0000000000
1647  2.145  -76.372  -9.937 0.0000000000
1412  1.584  -76.375  -11.427 0.0000000000
1654  2.432  -75.430  -11.216 0.0000000000
1655  1.811  -75.666  -11.517 0.0000000000
100786  2.486  -75.353  -12.021 0.0000000000
112141  1.896  -75.556  -12.410 0.0000000000
112654  4.415  -81.993  -13.372 0.0000000000
569  4.151  -81.042  -12.157 0.0000000000
578  4.535  -81.183  -13.174 0.0000000000
786  2.621  -79.089  -14.510 0.0000000000
1001  1.911  -77.820  -13.511 0.0000000000
101270  1.623  -77.015  -14.165 0.0000000000
1671  1.873  -75.804  -13.927 0.0000000000
1676  2.270  -75.894  -14.518 0.0000000000
114600  2.698  -76.083  -15.141 0.0000000000
99372  3.522  -76.676  -16.480 0.0000000000
565  -6.807  -80.475  -11.201 0.0000000000
100149  -6.661  -79.621  -12.010 0.0000000000
792  -8.579  -79.543  -14.589 0.0000000000
1004  -7.445  -78.944  -13.533 0.0000000000
1010  -7.940  -78.605  -14.343 0.0000000000
1447  -7.679  -77.139  -15.256 0.0000000000
1017  -8.733  -78.141  -15.413 0.0000000000
115977  -10.442  -78.703  -17.799 0.0000000000
1240  -9.793  -77.866  -17.456 0.0000000000
1239  -9.089  -77.348  -16.976 0.0000000000
1041  -8.439  -77.871  -18.768 0.0000000000
1051  -9.102  -77.680  -19.156 0.0000000000
844  -10.985  -79.240  -21.238 0.0000000000
843  -10.127  -79.102  -20.957 0.0000000000
112148  -10.426  -79.929  -21.252 0.0000000000
653  -10.835  -80.994  -21.042 0.0000000000
654  -11.831  -80.773  -21.181 0.0000000000
119898  -14.739  -76.816  -12.682 0.0000000000
1216  -14.710  -77.552  -12.966 0.0000000000
1449  -12.831  -76.221  -15.760 0.0000000000
1231  -12.540  -77.139  -15.591 0.0000000000
1241  -12.535  -76.599  -16.415 0.0000000000
1704  -16.332  -75.242  -18.002 0.0000000000
1703  -15.041  -75.640  -17.857 0.0000000000
1256  -14.288  -77.351  -18.432 0.0000000000
1056  -14.002  -77.989  -19.198 0.0000000000
1069  -13.516  -78.889  -20.765 0.0000000000
1070  -14.487  -79.040  -20.489 0.0000000000
111822  -15.464  -80.587  -19.261 0.0000000000
643  -14.742  -80.705  -19.927 0.0000000000
463  -14.800  -81.243  -18.954 0.0000000000
477  -13.957  -81.392  -19.490 0.0000000000
462  -13.988  -81.894  -18.516 0.0000000000
188  -13.899  -82.547  -18.384 0.0000000000
199  -15.131  -82.257  -18.694 0.0000000000
110448  -16.703  -81.628  -20.226 0.0000000000
353  -15.974  -82.094  -20.331 0.0000000000
110148  -15.998  -82.163  -21.227 0.0000000000
857  -18.705  -79.704  -21.382 0.0000000000
491  -18.534  -80.204  -21.448 0.0000000000
102933  -18.411  -80.210  -22.240 0.0000000000
392  -17.962  -81.420  -24.331 0.0000000000
1324  -14.940  -77.530  -28.983 0.0000000000
1323  -14.257  -76.780  -28.763 0.0000000000
1754  -15.035  -75.334  -27.617 0.0000000000
1520  -15.303  -76.164  -27.551 0.0000000000
1759  -14.265  -75.392  -28.340 0.0000000000
1527  -13.688  -76.118  -28.669 0.0000000000
1758  -13.408  -75.426  -28.852 0.0000000000
117828  -13.401  -72.906  -29.052 0.0000000000
104735  -7.960  -43.769  -15.600 0.0000000000
21784  -7.885  -43.227  -15.279 0.0000000000
20156  -8.984  -44.952  -16.249 0.0000000000
20157  -9.931  -45.273  -16.157 0.0000000000
17618  -10.190  -48.302  -16.255 0.0000000000
18487  -9.755  -47.516  -16.360 0.0000000000
18489  -12.216  -47.446  -16.075 0.0000000000
108472  -11.436  -47.210  -16.053 0.0000000000
20158  -11.295  -45.966  -16.336 0.0000000000
20159  -12.047  -45.994  -16.644 0.0000000000
19331  -12.636  -46.678  -16.491 0.0000000000
19342  -13.609  -46.606  -17.117 0.0000000000
119202  -15.082  -47.319  -17.634 0.0000000000
21053  -1.376  -44.561  -23.726 0.0000000000
20242  -0.898  -45.257  -24.961 0.0000000000
20231  -1.273  -44.608  -24.305 0.0000000000
20243  -1.882  -45.272  -25.329 0.0000000000
14532  5.032  -52.141  -24.824 0.0000000000
15286  4.906  -51.352  -24.256 0.0000000000
118856  4.283  -50.954  -24.975 0.0000000000
16891  3.590  -50.097  -27.052 0.0000000000
16877  4.392  -49.258  -25.688 0.0000000000
17759  3.519  -49.153  -26.165 0.0000000000
18583  3.985  -47.530  -24.617 0.0000000000
17744  3.078  -48.176  -25.328 0.0000000000
16113  0.562  -51.435  -28.181 0.0000000000
16103  1.780  -50.965  -27.702 0.0000000000
16104  0.794  -50.830  -27.590 0.0000000000
16893  0.368  -49.616  -25.766 0.0000000000
16880  0.140  -48.530  -25.463 0.0000000000
17746  0.985  -47.686  -25.209 0.0000000000
18587  -0.187  -46.625  -25.598 0.0000000000
18600  -1.021  -47.239  -26.354 0.0000000000
115167  -1.481  -46.330  -27.915 0.0000000000
103941  -1.403  -46.547  -27.173 0.0000000000
20277  -2.091  -45.130  -27.895 0.0000000000
119713  -2.392  -44.678  -28.557 0.0000000000
3161  0.735  -70.744  -37.415 0.0000000000
4519  2.215  -68.503  -33.011 0.0000000000
4032  2.439  -69.504  -33.636 0.0000000000
117771  2.403  -69.439  -32.733 0.0000000000
4470  -0.124  -67.925  -27.591 0.0000000000
4946  -1.170  -67.252  -25.211 0.0000000000
4945  -0.516  -67.791  -25.902 0.0000000000
106261  -0.248  -67.635  -24.630 0.0000000000
4918  0.192  -67.153  -23.818 0.0000000000
5466  0.711  -66.645  -23.611 0.0000000000
5467  -0.423  -66.399  -23.620 0.0000000000
6083  -1.913  -65.106  -23.758 0.0000000000
6082  -1.061  -65.693  -23.650 0.0000000000
6699  -1.374  -64.774  -23.817 0.0000000000
6724  -0.659  -64.225  -24.274 0.0000000000
6725  -1.448  -63.864  -23.877 0.0000000000
8586  0.237  -61.708  -36.173 0.0000000000
9799  1.157  -59.326  -34.506 0.0000000000
9793  1.776  -58.926  -33.063 0.0000000000
9195  2.614  -59.846  -32.013 0.0000000000
10375  1.936  -58.517  -31.846 0.0000000000
111946  -2.988  -55.829  -31.648 0.0000000000
12315  -3.228  -54.605  -31.683 0.0000000000
10948  -1.185  -57.086  -31.728 0.0000000000
116023  -0.881  -58.883  -30.840 0.0000000000
10352  -0.048  -58.572  -30.912 0.0000000000
9774  0.419  -59.085  -30.429 0.0000000000
111685  1.312  -58.889  -30.407 0.0000000000
117310  0.803  -59.471  -29.974 0.0000000000
101261  1.131  -60.885  -29.292 0.0000000000
116699  -0.402  -60.579  -29.271 0.0000000000
9154  -1.886  -60.906  -28.652 0.0000000000
8515  -1.083  -61.159  -28.783 0.0000000000
7895  -2.096  -62.008  -27.979 0.0000000000
7894  -1.571  -62.492  -28.104 0.0000000000
8495  -2.725  -61.900  -27.680 0.0000000000
9750  -5.983  -59.911  -28.524 0.0000000000
9158  -5.389  -60.438  -27.979 0.0000000000
8476  -4.870  -61.652  -25.441 0.0000000000
8484  -4.637  -61.575  -26.471 0.0000000000
7879  -4.290  -62.202  -26.104 0.0000000000
7317  -3.270  -62.986  -26.622 0.0000000000
7870  -3.777  -62.952  -25.891 0.0000000000
7300  -3.531  -63.760  -25.220 0.0000000000
7291  -3.781  -63.333  -24.287 0.0000000000
8444  -3.173  -61.623  -23.453 0.0000000000
7849  -3.346  -62.374  -23.561 0.0000000000
7848  -2.676  -62.402  -23.503 0.0000000000
7847  -1.949  -62.684  -23.580 0.0000000000
8443  -2.068  -61.737  -23.574 0.0000000000
9112  -1.794  -60.845  -23.846 0.0000000000
9113  -2.334  -60.250  -23.756 0.0000000000
10301  -3.807  -58.621  -24.320 0.0000000000
10300  -3.003  -58.917  -24.457 0.0000000000
10313  -3.045  -58.389  -25.155 0.0000000000
10312  -2.084  -58.889  -25.901 0.0000000000
10322  -2.689  -58.174  -26.169 0.0000000000
10899  -5.806  -57.297  -26.374 0.0000000000
11535  -4.719  -56.286  -28.042 0.0000000000
11523  -4.587  -56.903  -27.581 0.0000000000
105689  -3.855  -56.616  -28.064 0.0000000000
10908  -3.121  -57.246  -27.499 0.0000000000
11534  -2.858  -56.643  -28.281 0.0000000000
6531  4.503  -65.284  -12.258 0.0000000000
6532  3.113  -65.180  -12.273 0.0000000000
107588  3.970  -65.847  -11.384 0.0000000000
730  -4.570  -79.206  -6.544 0.0000000000
102717  -3.414  -79.194  -6.707 0.0000000000
736  -3.927  -79.276  -7.308 0.0000000000
961  -2.695  -78.203  -9.088 0.0000000000
1171  -2.590  -77.659  -9.853 0.0000000000
1172  -3.410  -77.898  -9.662 0.0000000000
1407  -3.869  -76.925  -11.045 0.0000000000
1415  -3.962  -76.492  -11.847 0.0000000000
1422  -4.396  -76.349  -12.810 0.0000000000
1416  -4.861  -76.659  -12.198 0.0000000000
1205  -5.530  -76.859  -12.466 0.0000000000
7867  3.209  -63.047  -26.154 0.0000000000
112309  3.019  -62.176  -26.423 0.0000000000
8474  2.266  -61.640  -26.189 0.0000000000
9111  0.467  -60.611  -25.255 0.0000000000
111902  -4.746  -67.217  -30.073 0.0000000000
5550  -4.343  -66.472  -30.084 0.0000000000
5530  -4.957  -65.801  -29.585 0.0000000000
6774  -4.389  -64.547  -30.118 0.0000000000
7341  -4.517  -63.672  -30.208 0.0000000000
2074  -16.725  -74.096  -31.720 0.0000000000
21806  -11.868  -43.107  -18.173 0.0000000000
110083  -12.377  -42.861  -18.743 0.0000000000
21812  -12.952  -43.073  -19.249 0.0000000000
21813  -13.613  -43.298  -19.918 0.0000000000
21032  -14.303  -44.441  -20.327 0.0000000000
1806  -6.143  -75.399  -37.053 0.0000000000
2129  -6.083  -74.041  -37.774 0.0000000000
2426  -5.770  -72.281  -39.296 0.0000000000
2421  -6.936  -72.563  -38.017 0.0000000000
2751  -7.099  -72.370  -37.583 0.0000000000
109475  -17.574  -73.286  -39.964 0.0000000000
2430  -16.515  -74.164  -39.905 0.0000000000
2437  -16.403  -73.179  -40.191 0.0000000000
2770  -16.055  -72.280  -40.861 0.0000000000
3189  -14.613  -71.632  -41.579 0.0000000000
23414  -3.328  -40.802  -25.630 0.0000000000
24173  -3.035  -40.055  -26.065 0.0000000000
23426  -3.250  -40.687  -26.656 0.0000000000
109966  -3.379  -40.792  -27.369 0.0000000000
22682  -3.181  -42.614  -28.458 0.0000000000
15951  -2.094  -49.897  -17.256 0.0000000000
117400  -1.554  -49.669  -17.930 0.0000000000
17637  0.041  -48.280  -19.352 0.0000000000
17657  0.467  -48.251  -19.753 0.0000000000
16800  0.549  -48.799  -20.742 0.0000000000
17669  1.320  -48.718  -20.702 0.0000000000
16799  1.912  -48.959  -21.167 0.0000000000
16010  2.636  -49.377  -21.212 0.0000000000
103029  6.575  -60.335  -20.541 0.0000000000
105605  6.625  -59.269  -20.732 0.0000000000
9653  6.349  -60.106  -21.586 0.0000000000
10253  6.397  -59.205  -21.939 0.0000000000
113588  5.629  -72.748  -6.511 0.0000000000
2496  4.825  -72.523  -7.101 0.0000000000
2495  5.964  -72.583  -7.021 0.0000000000
117814  6.170  -72.486  -8.585 0.0000000000
2520  6.296  -72.531  -9.520 0.0000000000
2529  6.021  -72.587  -10.675 0.0000000000
2201  6.960  -73.108  -9.861 0.0000000000
1918  6.611  -73.838  -9.864 0.0000000000
1643  5.542  -74.889  -10.779 0.0000000000
159  0.517  -82.902  -15.892 0.0000000000
158  1.890  -82.747  -16.357 0.0000000000
11  0.904  -83.342  -16.300 0.0000000000
184  -9.816  -82.927  -18.746 0.0000000000
41  -9.540  -83.179  -18.572 0.0000000000
42  -10.405  -83.212  -19.104 0.0000000000
53  -10.876  -83.684  -19.212 0.0000000000
117087  -11.242  -83.884  -20.098 0.0000000000
114512  -11.494  -83.838  -20.624 0.0000000000
106603  -11.931  -83.637  -20.127 0.0000000000
67  -12.691  -83.371  -19.878 0.0000000000
106017  -13.477  -83.199  -19.725 0.0000000000
107259  -14.075  -79.353  -12.756 0.0000000000
777  -14.195  -79.533  -13.607 0.0000000000
1980  -16.310  -73.727  -19.514 0.0000000000
1981  -17.103  -74.019  -19.155 0.0000000000
116980  -16.881  -74.073  -19.929 0.0000000000
1713  -17.585  -75.135  -20.312 0.0000000000
1483  -17.074  -76.471  -21.246 0.0000000000
1493  -16.419  -76.864  -21.889 0.0000000000
1285  -14.813  -77.234  -22.980 0.0000000000
1491  -14.632  -76.495  -22.495 0.0000000000
1490  -14.122  -76.175  -22.803 0.0000000000
16047  4.550  -49.820  -23.040 0.0000000000
108258  -0.638  -53.152  -28.554 0.0000000000
14564  -0.927  -52.138  -28.665 0.0000000000
114379  4.147  -63.982  -31.680 0.0000000000
104413  4.282  -64.999  -31.508 0.0000000000
6771  4.770  -64.178  -30.496 0.0000000000
6760  4.630  -64.338  -29.906 0.0000000000
6761  3.735  -64.485  -29.274 0.0000000000
6136  2.782  -64.962  -28.687 0.0000000000
6753  2.943  -64.210  -28.847 0.0000000000
7321  2.264  -63.488  -29.115 0.0000000000
7892  0.708  -62.594  -28.989 0.0000000000
11539  -8.660  -56.762  -26.889 0.0000000000
108639  -8.768  -41.575  -15.776 0.0000000000
22592  -10.347  -42.057  -16.170 0.0000000000
21017  -11.970  -44.587  -17.546 0.0000000000
100266  -8.787  -77.421  -36.300 0.0000000000
25521  -11.856  -38.016  -20.765 0.0000000000
26323  -11.989  -38.099  -22.086 0.0000000000
111628  -10.588  -39.007  -23.369 0.0000000000
26337  -9.925  -37.279  -23.826 0.0000000000
26352  -9.323  -37.439  -24.152 0.0000000000
112147  -8.016  -38.325  -24.153 0.0000000000
7756  3.831  -61.949  -15.886 0.0000000000
8345  4.286  -61.333  -16.216 0.0000000000
8362  4.833  -60.723  -16.417 0.0000000000
8361  6.065  -61.236  -16.406 0.0000000000
9005  6.261  -60.893  -16.817 0.0000000000
116473  6.479  -61.902  -16.099 0.0000000000
7770  6.625  -62.407  -16.331 0.0000000000
7172  6.353  -63.209  -16.914 0.0000000000
117303  5.737  -63.844  -16.730 0.0000000000
6584  5.780  -64.216  -16.132 0.0000000000
116673  6.362  -65.498  -15.791 0.0000000000
4301  6.796  -68.525  -12.919 0.0000000000
4319  7.035  -68.300  -13.879 0.0000000000
3830  7.054  -69.448  -13.372 0.0000000000
106250  6.942  -70.801  -15.628 0.0000000000
3415  7.070  -70.920  -16.706 0.0000000000
2589  5.848  -72.955  -18.241 0.0000000000
1149  -0.023  -78.179  -5.620 0.0000000000
101264  -0.627  -76.212  -6.607 0.0000000000
100568  0.188  -77.204  -6.286 0.0000000000
1381  1.174  -76.593  -6.824 0.0000000000
1380  2.306  -76.853  -6.709 0.0000000000
1147  2.405  -78.041  -6.626 0.0000000000
942  2.384  -78.638  -7.544 0.0000000000
739  1.295  -79.842  -8.213 0.0000000000
550  0.596  -80.668  -9.504 0.0000000000
979  -1.325  -78.045  -12.165 0.0000000000
765  -0.682  -79.871  -11.428 0.0000000000
107716  -1.103  -78.897  -13.434 0.0000000000
771  -0.683  -79.519  -13.267 0.0000000000
780  -0.543  -79.989  -14.132 0.0000000000
592  -0.373  -80.487  -14.990 0.0000000000
603  -0.986  -80.544  -15.366 0.0000000000
433  -2.155  -80.896  -14.666 0.0000000000
425  -2.053  -81.645  -13.397 0.0000000000
419  -2.388  -81.825  -11.209 0.0000000000
1025  -5.696  -78.181  -16.125 0.0000000000
799  -5.374  -78.811  -15.619 0.0000000000
103365  -5.766  -78.864  -16.287 0.0000000000
451  -6.895  -80.696  -16.964 0.0000000000
618  -7.280  -80.048  -17.512 0.0000000000
627  -7.869  -80.312  -18.076 0.0000000000
112304  -8.202  -79.709  -18.626 0.0000000000
1649  -12.637  -75.734  -10.704 0.0000000000
1648  -11.571  -74.959  -10.657 0.0000000000
12256  4.277  -54.977  -26.294 0.0000000000
12945  4.744  -54.830  -26.327 0.0000000000
12257  2.385  -54.940  -24.841 0.0000000000
12258  1.266  -54.724  -24.672 0.0000000000
10887  0.286  -57.707  -26.287 0.0000000000
11531  0.370  -56.706  -27.848 0.0000000000
12282  0.622  -56.029  -29.332 0.0000000000
11545  0.266  -56.462  -28.692 0.0000000000
11546  -0.428  -56.313  -28.997 0.0000000000
4046  -1.361  -69.483  -35.931 0.0000000000
4530  -1.724  -68.504  -36.178 0.0000000000
5061  -1.804  -67.721  -36.318 0.0000000000
114005  -1.594  -67.368  -36.274 0.0000000000
6177  -2.192  -65.697  -32.362 0.0000000000
100433  -1.656  -66.385  -32.560 0.0000000000
113938  -0.433  -64.764  -32.379 0.0000000000
6797  0.578  -64.675  -32.334 0.0000000000
107442  0.299  -63.506  -33.321 0.0000000000
7962  1.611  -62.130  -34.564 0.0000000000
1331  -12.438  -77.747  -30.510 0.0000000000
1333  -12.186  -77.499  -31.302 0.0000000000
1777  -11.987  -76.148  -31.518 0.0000000000
1784  -12.345  -75.261  -32.571 0.0000000000
2096  -15.643  -74.517  -33.451 0.0000000000
2108  -15.823  -74.797  -34.387 0.0000000000
113253  -16.392  -74.960  -35.121 0.0000000000
2125  -16.467  -74.693  -35.885 0.0000000000
2126  -17.027  -74.398  -36.605 0.0000000000
108081  -17.440  -74.233  -36.122 0.0000000000
2425  -18.100  -72.891  -37.510 0.0000000000
24123  -10.930  -39.956  -18.075 0.0000000000
25492  -9.994  -38.023  -18.261 0.0000000000
24838  -11.775  -39.253  -19.780 0.0000000000
24134  -12.533  -40.065  -20.516 0.0000000000
22638  -12.919  -42.610  -21.957 0.0000000000
113920  -6.288  -78.137  -6.419 0.0000000000
3163  -1.749  -72.261  -35.805 0.0000000000
3152  -5.619  -71.183  -36.466 0.0000000000
115583  -5.389  -71.022  -35.969 0.0000000000
3591  -6.069  -70.073  -34.465 0.0000000000
3570  -6.201  -69.984  -32.794 0.0000000000
4028  -5.950  -69.775  -31.986 0.0000000000
4029  -6.292  -69.846  -32.090 0.0000000000
112349  -6.419  -69.518  -31.423 0.0000000000
117829  -11.873  -76.328  -34.997 0.0000000000
1556  -11.763  -76.355  -35.496 0.0000000000
1833  -11.571  -76.117  -40.056 0.0000000000
1579  -11.566  -76.696  -39.398 0.0000000000
1832  -10.907  -76.263  -39.925 0.0000000000
1831  -10.784  -75.680  -39.448 0.0000000000
1573  -10.678  -75.976  -38.142 0.0000000000
1817  -10.630  -75.350  -37.755 0.0000000000
1828  -10.953  -75.138  -38.604 0.0000000000
1829  -11.120  -74.293  -38.828 0.0000000000
100224  -11.331  -73.493  -38.838 0.0000000000
4065  -9.203  -68.345  -39.534 0.0000000000
4061  -9.952  -69.183  -38.975 0.0000000000
105092  -10.801  -69.905  -38.338 0.0000000000
3605  -10.758  -70.257  -37.505 0.0000000000
3156  -10.823  -71.479  -35.752 0.0000000000
3598  -10.671  -70.671  -35.605 0.0000000000
3142  -10.756  -70.911  -34.852 0.0000000000
3592  -10.484  -70.212  -34.166 0.0000000000
26363  -7.055  -37.066  -25.157 0.0000000000
107322  -3.485  -36.231  -26.515 0.0000000000
20144  -6.809  -45.723  -14.689 0.0000000000
19326  -6.328  -46.289  -16.473 0.0000000000
18504  -6.177  -46.694  -19.142 0.0000000000
17612  -5.242  -47.707  -15.720 0.0000000000
18517  -1.924  -47.183  -19.708 0.0000000000
18518  -2.378  -46.515  -19.880 0.0000000000
18519  -2.662  -46.748  -20.305 0.0000000000
109057  -3.625  -47.648  -20.228 0.0000000000
12141  4.269  -55.784  -15.883 0.0000000000
12197  7.262  -54.805  -20.011 0.0000000000
12875  7.031  -54.515  -18.841 0.0000000000
13643  7.009  -53.464  -19.022 0.0000000000
14444  6.568  -52.641  -18.695 0.0000000000
14445  5.671  -52.065  -18.447 0.0000000000
14446  4.563  -52.000  -18.143 0.0000000000
14458  6.510  -51.724  -19.525 0.0000000000
15224  6.196  -50.889  -19.918 0.0000000000
15983  5.544  -50.497  -20.224 0.0000000000
15251  4.988  -50.730  -21.237 0.0000000000
15250  5.744  -51.255  -21.048 0.0000000000
13681  5.099  -52.837  -21.350 0.0000000000
3788  3.416  -69.871  -9.244 0.0000000000
112548  3.459  -68.927  -8.232 0.0000000000
3779  2.998  -69.228  -8.860 0.0000000000
4254  1.929  -68.814  -9.134 0.0000000000
4239  1.491  -68.018  -8.809 0.0000000000
4255  1.129  -68.427  -9.657 0.0000000000
4256  0.695  -68.157  -10.304 0.0000000000
4278  0.639  -68.571  -11.578 0.0000000000
4784  1.410  -67.958  -11.902 0.0000000000
4290  0.583  -69.188  -12.164 0.0000000000
3823  0.877  -69.415  -12.769 0.0000000000
3388  1.260  -70.732  -13.786 0.0000000000
2215  5.192  -73.421  -13.688 0.0000000000
2216  4.227  -73.216  -14.113 0.0000000000
2226  4.912  -73.691  -14.545 0.0000000000
109343  4.472  -73.652  -15.421 0.0000000000
2235  4.548  -73.843  -16.364 0.0000000000
2249  4.700  -73.954  -17.248 0.0000000000
113871  6.156  -75.192  -15.728 0.0000000000
115589  5.428  -76.402  -15.942 0.0000000000
968  2.213  -78.476  -9.953 0.0000000000
1179  1.901  -77.504  -10.373 0.0000000000
1192  1.788  -77.283  -11.173 0.0000000000
990  2.274  -78.016  -11.665 0.0000000000
429  4.660  -81.870  -14.846 0.0000000000
590  4.379  -80.561  -14.186 0.0000000000
602  4.615  -81.014  -14.900 0.0000000000
107531  3.936  -80.203  -15.104 0.0000000000
1005  1.951  -78.394  -14.733 0.0000000000
1217  1.697  -77.679  -14.947 0.0000000000
1013  2.165  -78.861  -15.200 0.0000000000
566  -8.091  -80.710  -11.610 0.0000000000
117736  -7.228  -80.143  -12.403 0.0000000000
583  -8.112  -80.667  -12.947 0.0000000000
782  -8.084  -80.030  -13.764 0.0000000000
807  -10.530  -80.116  -16.786 0.0000000000
815  -10.904  -79.867  -17.676 0.0000000000
1035  -11.101  -79.311  -18.344 0.0000000000
1042  -10.306  -77.843  -19.094 0.0000000000
1262  -9.762  -77.730  -19.329 0.0000000000
113961  -10.889  -78.538  -19.443 0.0000000000
1054  -11.231  -78.682  -20.069 0.0000000000
1067  -11.726  -78.936  -20.768 0.0000000000
1440  -14.496  -76.009  -13.895 0.0000000000
1430  -14.383  -76.707  -13.808 0.0000000000
1439  -14.052  -76.325  -14.365 0.0000000000
1683  -13.402  -75.781  -15.931 0.0000000000
1458  -12.917  -75.860  -16.569 0.0000000000
1257  -15.965  -76.696  -18.623 0.0000000000
117276  -15.027  -77.094  -18.331 0.0000000000
1045  -15.751  -77.747  -18.475 0.0000000000
1058  -15.720  -78.657  -18.952 0.0000000000
835  -15.270  -79.361  -19.985 0.0000000000
836  -15.799  -79.552  -19.316 0.0000000000
629  -15.845  -80.540  -18.797 0.0000000000
112316  -16.379  -80.965  -18.414 0.0000000000
333  -15.999  -81.959  -18.961 0.0000000000
334  -16.641  -81.235  -18.888 0.0000000000
345  -16.904  -81.388  -19.553 0.0000000000
114250  -17.102  -81.499  -20.830 0.0000000000
871  -18.230  -79.707  -23.033 0.0000000000
680  -18.452  -80.392  -23.435 0.0000000000
688  -18.458  -80.794  -24.212 0.0000000000
99752  -17.641  -80.963  -25.030 0.0000000000
114568  -16.366  -79.278  -29.481 0.0000000000
902  -17.115  -79.292  -29.026 0.0000000000
1118  -16.424  -78.583  -28.702 0.0000000000
2040  -14.494  -74.652  -28.046 0.0000000000
2039  -13.781  -74.137  -28.473 0.0000000000
2030  -14.433  -73.750  -27.732 0.0000000000
101097  -9.105  -45.851  -16.397 0.0000000000
17619  -11.048  -48.345  -15.950 0.0000000000
16734  -12.298  -49.051  -15.929 0.0000000000
104289  -12.749  -48.237  -16.028 0.0000000000
113419  -13.485  -48.277  -16.287 0.0000000000
99255  1.563  -45.811  -22.691 0.0000000000
18561  0.526  -46.672  -23.151 0.0000000000
111488  1.305  -45.316  -23.250 0.0000000000
111513  0.993  -45.166  -23.903 0.0000000000
20230  -0.734  -44.879  -24.224 0.0000000000
19425  -0.344  -45.338  -24.419 0.0000000000
19437  -0.445  -45.553  -25.051 0.0000000000
100386  -1.056  -46.095  -25.573 0.0000000000
15296  3.586  -51.607  -26.253 0.0000000000
16075  4.241  -51.227  -26.741 0.0000000000
16908  0.040  -50.188  -26.756 0.0000000000
16909  -0.810  -49.801  -27.227 0.0000000000
18610  -0.992  -47.864  -27.146 0.0000000000
18611  -1.150  -47.348  -27.816 0.0000000000
19480  -1.632  -46.518  -28.692 0.0000000000
98366  1.953  -68.995  -38.239 0.0000000000
3600  3.299  -70.153  -37.680 0.0000000000
99784  3.431  -69.442  -37.421 0.0000000000
4506  2.193  -68.371  -31.518 0.0000000000
5513  -0.340  -66.016  -27.710 0.0000000000
4962  -0.691  -67.474  -26.975 0.0000000000
5510  -1.173  -66.579  -27.098 0.0000000000
5494  -1.674  -66.697  -24.714 0.0000000000
5478  -2.119  -66.111  -24.386 0.0000000000
119644  -2.458  -65.349  -24.164 0.0000000000
101210  -3.590  -56.760  -31.411 0.0000000000
10950  -2.874  -56.883  -31.490 0.0000000000
10368  -1.801  -57.893  -31.310 0.0000000000
9776  -1.365  -59.412  -30.387 0.0000000000
9760  -0.948  -59.965  -29.850 0.0000000000
9761  -1.837  -59.942  -29.839 0.0000000000
9168  -2.276  -60.312  -29.135 0.0000000000
9155  -2.695  -60.662  -28.465 0.0000000000
9151  -6.229  -60.378  -26.821 0.0000000000
9150  -5.542  -60.723  -27.062 0.0000000000
9139  -5.909  -60.602  -26.174 0.0000000000
8477  -5.541  -60.885  -25.325 0.0000000000
115884  -4.615  -61.965  -24.588 0.0000000000
7856  -4.208  -62.588  -24.361 0.0000000000
102518  -4.428  -61.840  -23.924 0.0000000000
8445  -4.114  -61.316  -23.541 0.0000000000
9099  -3.593  -60.750  -23.397 0.0000000000
9686  -3.121  -60.056  -23.473 0.0000000000
9687  -4.003  -59.944  -23.381 0.0000000000
10314  -4.236  -58.009  -25.056 0.0000000000
11536  -5.695  -56.030  -27.901 0.0000000000
12286  -3.547  -55.467  -28.486 0.0000000000
8347  2.867  -61.563  -15.386 0.0000000000
108575  2.696  -62.465  -15.061 0.0000000000
7757  2.995  -62.000  -15.634 0.0000000000
106937  4.678  -63.129  -14.551 0.0000000000
116477  6.058  -64.352  -14.143 0.0000000000
5944  6.704  -65.397  -13.181 0.0000000000
4780  6.461  -66.977  -12.457 0.0000000000
4789  6.506  -67.757  -12.516 0.0000000000
4302  6.389  -68.415  -12.478 0.0000000000
3387  5.877  -70.465  -13.500 0.0000000000
107509  -3.737  -76.533  -4.891 0.0000000000
1888  -2.573  -75.054  -5.846 0.0000000000
1373  -2.904  -76.669  -5.273 0.0000000000
1140  -2.214  -77.852  -4.431 0.0000000000
1139  -1.221  -78.095  -4.800 0.0000000000
728  -2.805  -79.072  -6.035 0.0000000000
723  -2.177  -78.782  -5.382 0.0000000000
727  -1.459  -78.827  -5.561 0.0000000000
930  -0.689  -78.624  -5.519 0.0000000000
733  -0.734  -79.385  -7.088 0.0000000000
741  -0.586  -80.086  -7.933 0.0000000000
119488  -1.308  -79.938  -8.943 0.0000000000
969  -1.488  -78.369  -10.754 0.0000000000
1170  -1.892  -77.920  -10.217 0.0000000000
1180  -1.767  -77.539  -10.971 0.0000000000
111761  -1.461  -77.952  -11.421 0.0000000000
1203  -1.793  -77.420  -12.767 0.0000000000
1210  -2.050  -77.702  -13.794 0.0000000000
1218  -2.680  -77.837  -14.201 0.0000000000
1008  -3.313  -78.132  -14.353 0.0000000000
1009  -4.215  -77.859  -14.442 0.0000000000
1015  -4.953  -77.575  -14.788 0.0000000000
1221  -5.366  -77.037  -14.643 0.0000000000
1227  -5.500  -77.347  -15.242 0.0000000000
1235  -5.819  -77.505  -15.884 0.0000000000
1236  -6.429  -77.297  -16.288 0.0000000000
1237  -6.918  -77.341  -16.902 0.0000000000
8472  4.805  -61.196  -27.135 0.0000000000
9125  5.160  -60.093  -27.430 0.0000000000
9726  4.415  -58.648  -27.423 0.0000000000
10299  1.138  -58.222  -24.913 0.0000000000
10320  -0.945  -58.532  -26.913 0.0000000000
4516  -2.775  -68.917  -31.659 0.0000000000
5014  -2.422  -68.177  -32.428 0.0000000000
106871  -2.799  -66.925  -31.924 0.0000000000
5575  -2.991  -66.155  -31.836 0.0000000000
103323  -3.447  -66.215  -31.227 0.0000000000
116938  -2.541  -65.917  -32.100 0.0000000000
6800  -2.483  -64.364  -32.762 0.0000000000
1773  -12.364  -75.153  -30.149 0.0000000000
107188  -12.390  -74.936  -30.984 0.0000000000
2394  -14.725  -73.900  -32.136 0.0000000000
113255  -17.415  -75.010  -34.016 0.0000000000
24818  -9.490  -39.859  -16.220 0.0000000000
23369  -11.917  -40.724  -19.139 0.0000000000
101155  -12.521  -40.714  -19.966 0.0000000000
22622  -13.300  -42.321  -20.514 0.0000000000
21820  -13.712  -43.077  -20.793 0.0000000000
99168  -3.103  -72.948  -39.777 0.0000000000
99254  -4.597  -72.048  -39.294 0.0000000000
3166  -5.445  -71.422  -37.743 0.0000000000
3172  -5.857  -71.599  -38.158 0.0000000000
3153  -6.103  -71.083  -35.922 0.0000000000
3126  -7.468  -71.495  -33.632 0.0000000000
1823  -14.764  -75.420  -37.330 0.0000000000
1567  -13.983  -75.673  -37.399 0.0000000000
1570  -14.553  -75.646  -37.774 0.0000000000
1365  -14.394  -75.726  -38.623 0.0000000000
1835  -14.443  -75.439  -39.240 0.0000000000
2436  -15.512  -74.117  -39.786 0.0000000000
100668  -14.123  -74.918  -39.653 0.0000000000
2148  -12.733  -75.490  -40.109 0.0000000000
2153  -12.535  -74.730  -40.779 0.0000000000
2440  -11.805  -74.279  -41.503 0.0000000000
2443  -11.013  -73.320  -42.072 0.0000000000
25547  -3.796  -38.161  -24.340 0.0000000000
26347  -3.876  -37.391  -24.785 0.0000000000
26346  -3.531  -37.696  -24.923 0.0000000000
26359  -3.475  -37.375  -25.522 0.0000000000
27180  -3.336  -37.311  -26.208 0.0000000000
116468  -3.078  -38.904  -25.881 0.0000000000
26371  -3.324  -37.843  -26.336 0.0000000000
27192  -3.311  -37.100  -26.596 0.0000000000
111661  -3.316  -37.328  -27.057 0.0000000000
25589  -4.117  -37.934  -27.935 0.0000000000
18481  -6.016  -46.666  -15.186 0.0000000000
16728  -4.714  -49.438  -15.857 0.0000000000
17615  -2.835  -48.320  -16.569 0.0000000000
16744  -1.962  -49.024  -17.719 0.0000000000
17625  -1.904  -48.155  -18.337 0.0000000000
18494  -1.980  -47.300  -18.853 0.0000000000
16786  -1.278  -48.130  -20.183 0.0000000000
110919  -1.608  -48.951  -20.128 0.0000000000
15229  -2.110  -50.941  -19.512 0.0000000000
15987  -1.536  -49.964  -20.017 0.0000000000
15228  -1.367  -51.065  -19.943 0.0000000000
15227  -0.670  -51.274  -20.265 0.0000000000
16000  0.655  -49.674  -20.838 0.0000000000
15240  -0.021  -50.506  -20.565 0.0000000000
14461  -0.576  -52.128  -20.071 0.0000000000
113947  6.626  -56.903  -16.817 0.0000000000
11429  6.470  -56.395  -16.178 0.0000000000
108772  6.758  -56.669  -17.708 0.0000000000
118540  7.002  -55.866  -18.699 0.0000000000
10234  6.654  -58.174  -20.186 0.0000000000
11463  7.113  -56.207  -19.618 0.0000000000
100212  7.202  -55.651  -20.483 0.0000000000
12205  7.004  -54.978  -21.003 0.0000000000
12911  6.417  -54.639  -21.401 0.0000000000
12912  5.572  -54.685  -21.586 0.0000000000
3759  3.797  -69.805  -6.641 0.0000000000
105413  3.794  -69.673  -7.454 0.0000000000
110056  3.541  -70.313  -8.701 0.0000000000
2511  3.841  -72.330  -8.106 0.0000000000
2904  3.337  -71.642  -8.231 0.0000000000
3349  3.337  -70.719  -9.335 0.0000000000
2919  2.967  -71.308  -10.031 0.0000000000
2930  2.356  -71.219  -10.908 0.0000000000
2938  1.718  -71.147  -11.653 0.0000000000
2539  2.489  -72.115  -11.450 0.0000000000
2538  3.411  -72.608  -11.819 0.0000000000
2544  4.635  -72.742  -12.299 0.0000000000
2536  6.277  -72.765  -11.542 0.0000000000
2543  5.899  -72.763  -12.215 0.0000000000
2211  5.486  -73.000  -12.915 0.0000000000
1934  6.143  -73.692  -12.900 0.0000000000
1935  6.072  -74.219  -13.559 0.0000000000
1668  5.632  -75.061  -13.130 0.0000000000
416  2.572  -81.862  -12.247 0.0000000000
409  3.658  -81.513  -11.810 0.0000000000
422  3.166  -82.168  -12.996 0.0000000000
101807  3.951  -82.251  -13.482 0.0000000000
288  3.889  -82.521  -14.489 0.0000000000
9  2.789  -82.817  -16.369 0.0000000000
157  3.580  -82.659  -15.583 0.0000000000
156  4.008  -82.707  -15.830 0.0000000000
26  -6.701  -83.482  -16.745 0.0000000000
27  -7.689  -83.329  -16.832 0.0000000000
39  -7.935  -83.592  -17.711 0.0000000000
112183  -8.078  -83.756  -18.447 0.0000000000
52  -9.278  -83.483  -18.745 0.0000000000
51  -8.645  -83.789  -18.923 0.0000000000
1961  -15.988  -74.392  -16.134 0.0000000000
103199  -15.980  -74.850  -16.485 0.0000000000
1698  -16.378  -74.592  -17.290 0.0000000000
1470  -16.580  -75.787  -18.776 0.0000000000
1706  -17.587  -74.726  -19.115 0.0000000000
1708  -17.538  -75.345  -19.214 0.0000000000
1473  -16.877  -76.337  -19.258 0.0000000000
1059  -17.830  -78.182  -19.256 0.0000000000
1048  -18.226  -78.762  -18.951 0.0000000000
837  -18.608  -79.612  -19.274 0.0000000000
1071  -18.872  -78.814  -20.408 0.0000000000
1072  -18.807  -79.092  -21.015 0.0000000000
1076  -18.342  -78.821  -21.383 0.0000000000
1279  -17.616  -77.850  -21.468 0.0000000000
1083  -17.946  -78.780  -21.921 0.0000000000
1091  -17.790  -79.037  -22.625 0.0000000000
870  -17.553  -79.502  -23.463 0.0000000000
885  -16.097  -79.625  -25.507 0.0000000000
888  -16.092  -79.053  -26.172 0.0000000000
1106  -15.610  -78.879  -25.465 0.0000000000
1105  -15.229  -78.096  -25.470 0.0000000000
1299  -15.016  -77.342  -25.243 0.0000000000
1289  -14.738  -77.661  -23.807 0.0000000000
1294  -14.612  -77.259  -24.389 0.0000000000
107143  -14.829  -76.760  -24.954 0.0000000000
100332  -14.873  -76.064  -25.111 0.0000000000
1739  -15.145  -75.151  -25.130 0.0000000000
103072  -15.301  -74.414  -25.178 0.0000000000
18497  -8.196  -47.365  -17.541 0.0000000000
18486  -8.928  -47.490  -16.806 0.0000000000
17616  -8.633  -48.092  -17.031 0.0000000000
98446  2.486  -45.979  -22.545 0.0000000000
99197  2.940  -44.815  -22.759 0.0000000000
99153  2.895  -45.700  -24.253 0.0000000000
14561  1.780  -52.580  -28.637 0.0000000000
15312  2.102  -52.084  -28.187 0.0000000000
15320  1.396  -52.058  -28.411 0.0000000000
15322  -0.689  -51.694  -28.594 0.0000000000
16114  -0.466  -51.201  -28.315 0.0000000000
5028  2.096  -67.056  -34.444 0.0000000000
4525  1.792  -68.150  -34.909 0.0000000000
5027  2.400  -67.339  -33.508 0.0000000000
6164  3.924  -65.501  -31.318 0.0000000000
5561  2.933  -66.876  -31.365 0.0000000000
5007  2.445  -67.609  -31.588 0.0000000000
5008  2.191  -68.014  -30.979 0.0000000000
4998  1.876  -67.990  -30.261 0.0000000000
4490  1.372  -68.395  -29.625 0.0000000000
4480  1.022  -68.805  -29.058 0.0000000000
4491  0.828  -68.000  -29.058 0.0000000000
4973  1.050  -67.218  -28.719 0.0000000000
5520  0.418  -66.705  -28.151 0.0000000000
6137  1.804  -65.322  -28.409 0.0000000000
6138  0.781  -65.697  -28.140 0.0000000000
6132  -1.506  -65.175  -27.317 0.0000000000
6747  -1.542  -64.417  -27.523 0.0000000000
11592  -7.105  -56.097  -31.176 0.0000000000
11571  -6.671  -57.097  -31.186 0.0000000000
104028  -5.873  -58.397  -30.694 0.0000000000
10339  -5.698  -58.954  -30.201 0.0000000000
9764  -4.662  -59.562  -29.524 0.0000000000
104365  -5.704  -59.481  -29.504 0.0000000000
116398  -6.566  -59.324  -28.984 0.0000000000
106714  -6.710  -59.629  -27.977 0.0000000000
10330  -7.618  -58.471  -28.550 0.0000000000
9751  -7.184  -58.974  -28.310 0.0000000000
9746  -6.746  -59.783  -26.882 0.0000000000
9741  -6.707  -59.612  -25.866 0.0000000000
9734  -6.756  -58.900  -25.479 0.0000000000
10316  -6.148  -58.547  -25.076 0.0000000000
10892  -6.743  -58.187  -25.749 0.0000000000
10900  -6.847  -57.432  -26.249 0.0000000000
12265  -8.255  -56.322  -26.775 0.0000000000
22599  -11.193  -42.106  -17.352 0.0000000000
21020  -13.057  -44.484  -18.647 0.0000000000
24857  -11.512  -39.670  -22.921 0.0000000000
27153  -11.360  -36.711  -22.516 0.0000000000
26364  -8.036  -36.984  -24.991 0.0000000000
23406  -3.442  -40.846  -24.539 0.0000000000
22661  -3.695  -42.496  -25.967 0.0000000000
115738  -2.765  -50.652  -16.348 0.0000000000
15950  -1.602  -50.666  -17.721 0.0000000000
15949  -0.842  -50.866  -18.255 0.0000000000
15214  0.027  -50.882  -18.431 0.0000000000
10777  6.468  -57.265  -15.157 0.0000000000
8322  4.345  -60.909  -12.107 0.0000000000
8954  5.043  -60.328  -12.674 0.0000000000
8966  5.574  -59.792  -13.085 0.0000000000
9582  4.421  -59.817  -14.999 0.0000000000
9599  5.021  -59.455  -15.362 0.0000000000
9581  5.739  -59.380  -13.979 0.0000000000
104030  6.213  -58.527  -14.294 0.0000000000
10187  6.387  -57.798  -14.730 0.0000000000
101509  6.470  -57.728  -15.638 0.0000000000
100222  6.450  -57.798  -16.750 0.0000000000
110649  6.519  -59.725  -18.593 0.0000000000
103625  6.604  -61.050  -17.471 0.0000000000
9040  6.702  -60.858  -18.681 0.0000000000
102870  6.688  -60.386  -19.496 0.0000000000
9050  6.648  -61.301  -20.176 0.0000000000
8400  6.444  -62.366  -20.206 0.0000000000
7817  5.787  -62.750  -20.921 0.0000000000
7214  5.371  -63.939  -20.260 0.0000000000
110286  5.288  -65.088  -17.152 0.0000000000
6001  5.058  -65.998  -18.008 0.0000000000
5402  5.612  -66.803  -18.065 0.0000000000
4842  5.988  -67.481  -18.110 0.0000000000
4367  6.165  -68.187  -18.139 0.0000000000
5968  6.935  -65.952  -15.116 0.0000000000
4810  7.148  -67.739  -15.231 0.0000000000
4349  6.993  -68.489  -16.856 0.0000000000
4366  6.671  -68.692  -17.675 0.0000000000
3896  6.544  -69.850  -18.701 0.0000000000
3452  6.592  -70.743  -19.975 0.0000000000
2990  6.895  -71.577  -18.445 0.0000000000
2607  7.022  -72.067  -19.853 0.0000000000
112998  6.339  -73.473  -21.307 0.0000000000
112926  6.399  -74.586  -21.445 0.0000000000
109954  -2.398  -74.745  -5.318 0.0000000000
1887  -1.320  -74.565  -5.750 0.0000000000
1615  -0.308  -75.334  -6.833 0.0000000000
1886  -0.125  -74.644  -5.990 0.0000000000
1622  4.751  -75.400  -7.944 0.0000000000
1631  4.704  -75.507  -8.674 0.0000000000
1168  2.434  -77.426  -9.230 0.0000000000
1162  3.039  -78.057  -8.148 0.0000000000
1163  2.346  -78.469  -8.676 0.0000000000
1169  2.143  -77.931  -9.610 0.0000000000
958  2.435  -79.485  -9.885 0.0000000000
755  2.435  -80.282  -10.196 0.0000000000
562  2.406  -81.310  -11.080 0.0000000000
547  -0.035  -80.490  -8.687 0.0000000000
119846  -0.223  -80.762  -10.931 0.0000000000
555  0.987  -80.989  -10.395 0.0000000000
408  1.481  -81.264  -11.058 0.0000000000
411  2.013  -81.583  -11.634 0.0000000000
423  2.098  -81.937  -13.356 0.0000000000
430  1.737  -81.926  -14.735 0.0000000000
437  1.419  -82.176  -15.783 0.0000000000
591  -0.084  -81.117  -15.501 0.0000000000
438  0.374  -81.880  -15.763 0.0000000000
299  0.785  -82.636  -15.886 0.0000000000
291  -0.421  -83.002  -14.540 0.0000000000
6  -0.091  -84.063  -13.466 0.0000000000
7  -0.834  -84.110  -14.139 0.0000000000
8  -1.812  -83.900  -13.863 0.0000000000
4  -1.915  -83.810  -12.723 0.0000000000
274  -2.513  -82.459  -11.067 0.0000000000
141  -3.341  -83.087  -11.796 0.0000000000
148  -5.577  -82.758  -14.099 0.0000000000
154  -6.133  -82.956  -14.800 0.0000000000
434  -4.646  -80.869  -13.835 0.0000000000
605  -5.152  -80.560  -15.035 0.0000000000
435  -5.354  -81.571  -14.444 0.0000000000
155  -6.656  -82.570  -15.392 0.0000000000
166  -7.764  -82.767  -16.291 0.0000000000
308  -8.244  -82.758  -16.687 0.0000000000
309  -8.727  -82.870  -17.158 0.0000000000
314  -7.948  -81.858  -17.193 0.0000000000
315  -8.618  -82.579  -17.235 0.0000000000
105960  -9.200  -82.649  -17.794 0.0000000000
108380  -9.717  -82.811  -18.485 0.0000000000
330  -10.269  -82.705  -19.167 0.0000000000
331  -11.352  -82.621  -19.192 0.0000000000
1191  -14.369  -77.652  -10.700 0.0000000000
1417  -14.093  -76.194  -11.359 0.0000000000
1659  -14.220  -75.914  -12.157 0.0000000000
1657  -13.365  -75.829  -11.556 0.0000000000
1666  -14.202  -75.497  -12.652 0.0000000000
1672  -14.549  -75.359  -13.292 0.0000000000
1679  -14.841  -75.102  -14.194 0.0000000000
104528  -15.096  -75.005  -14.594 0.0000000000
1951  -15.239  -74.554  -15.166 0.0000000000
1936  -12.442  -74.360  -13.239 0.0000000000
2219  -12.829  -74.057  -13.846 0.0000000000
2220  -13.882  -74.249  -13.861 0.0000000000
2231  -14.784  -74.118  -14.762 0.0000000000
1952  -15.694  -74.299  -15.792 0.0000000000
2245  -15.875  -73.944  -16.163 0.0000000000
2269  -15.904  -73.602  -16.984 0.0000000000
2277  -16.154  -73.535  -18.037 0.0000000000
115242  -15.402  -73.380  -17.631 0.0000000000
2285  -15.709  -73.489  -18.912 0.0000000000
1985  -14.841  -74.106  -20.428 0.0000000000
13695  4.571  -53.756  -23.279 0.0000000000
14517  4.391  -52.333  -22.971 0.0000000000
14524  4.506  -52.744  -25.270 0.0000000000
13717  4.228  -53.599  -25.581 0.0000000000
14533  3.761  -52.035  -25.789 0.0000000000
14534  2.530  -52.649  -25.968 0.0000000000
14542  2.334  -52.407  -26.844 0.0000000000
114844  2.137  -52.900  -27.529 0.0000000000
111673  1.250  -55.699  -24.721 0.0000000000
12261  0.800  -54.934  -24.862 0.0000000000
12953  0.862  -54.297  -25.060 0.0000000000
13741  1.995  -53.795  -27.787 0.0000000000
111368  1.963  -53.104  -28.529 0.0000000000
13752  1.477  -53.291  -29.019 0.0000000000
13759  1.057  -53.827  -29.328 0.0000000000
12292  0.473  -55.185  -29.501 0.0000000000
12987  -0.032  -54.472  -29.361 0.0000000000
13753  -0.024  -53.540  -29.143 0.0000000000
3162  -0.028  -70.716  -37.064 0.0000000000
99284  0.223  -70.421  -37.700 0.0000000000
113088  -1.369  -68.860  -37.229 0.0000000000
98360  -0.331  -69.550  -38.272 0.0000000000
98362  1.149  -69.301  -38.341 0.0000000000
98367  1.445  -68.101  -38.083 0.0000000000
98368  0.745  -67.357  -37.847 0.0000000000
104311  0.836  -67.194  -36.329 0.0000000000
5045  -1.448  -67.587  -34.982 0.0000000000
5044  -1.201  -67.170  -35.773 0.0000000000
5592  -1.132  -66.823  -33.171 0.0000000000
5603  -0.806  -67.079  -34.463 0.0000000000
101605  -0.615  -66.879  -35.861 0.0000000000
5043  0.376  -66.925  -35.911 0.0000000000
5601  2.134  -66.297  -34.486 0.0000000000
6186  3.254  -65.891  -33.469 0.0000000000
6796  1.751  -64.350  -32.426 0.0000000000
6795  3.045  -64.346  -32.357 0.0000000000
111010  3.648  -63.918  -32.095 0.0000000000
7373  3.885  -63.192  -31.944 0.0000000000
7924  4.119  -62.068  -31.243 0.0000000000
8523  3.907  -61.417  -30.972 0.0000000000
117219  -11.772  -77.240  -32.460 0.0000000000
116140  -11.609  -76.813  -33.066 0.0000000000
1547  -11.940  -76.135  -33.788 0.0000000000
2081  -12.572  -74.799  -31.767 0.0000000000
2093  -12.865  -74.758  -33.115 0.0000000000
2106  -14.089  -74.542  -34.067 0.0000000000
2105  -13.101  -74.850  -34.085 0.0000000000
1803  -13.763  -75.165  -35.631 0.0000000000
1825  -16.658  -75.174  -38.001 0.0000000000
1827  -17.521  -76.075  -39.064 0.0000000000
2134  -17.188  -74.440  -37.346 0.0000000000
2139  -18.086  -74.774  -38.620 0.0000000000
2432  -18.084  -74.962  -39.389 0.0000000000
2765  -17.405  -72.477  -39.584 0.0000000000
3179  -16.879  -71.927  -39.377 0.0000000000
2075  -17.712  -74.646  -31.765 0.0000000000
2086  -17.768  -74.817  -32.605 0.0000000000
2098  -17.947  -74.903  -33.406 0.0000000000
2111  -18.769  -74.360  -34.571 0.0000000000
25512  -11.394  -38.041  -20.011 0.0000000000
24143  -12.311  -40.286  -22.233 0.0000000000
118635  -12.758  -40.749  -20.723 0.0000000000
1374  -4.441  -76.989  -4.593 0.0000000000
1138  -4.069  -77.775  -4.417 0.0000000000
934  -4.710  -78.299  -4.823 0.0000000000
104846  -5.349  -78.404  -5.287 0.0000000000
939  -4.646  -78.769  -5.608 0.0000000000
737  -4.712  -79.434  -7.465 0.0000000000
759  -5.169  -79.840  -9.776 0.0000000000
760  -5.582  -79.782  -10.522 0.0000000000
112251  -5.906  -80.488  -9.962 0.0000000000
761  -6.333  -80.451  -10.591 0.0000000000
105616  -6.996  -80.728  -10.585 0.0000000000
558  -7.523  -80.519  -10.222 0.0000000000
106554  -7.520  -80.667  -11.003 0.0000000000
769  -9.438  -80.036  -11.780 0.0000000000
982  -8.792  -77.746  -11.347 0.0000000000
994  -9.928  -78.938  -12.298 0.0000000000
116817  2.942  -63.854  -25.726 0.0000000000
7298  1.923  -63.509  -25.770 0.0000000000
7299  0.784  -63.166  -25.554 0.0000000000
99008  -1.521  -70.565  -34.244 0.0000000000
116797  -3.012  -72.336  -37.028 0.0000000000
2738  -3.382  -72.032  -35.989 0.0000000000
3136  -3.814  -71.622  -34.958 0.0000000000
3137  -5.019  -70.967  -35.098 0.0000000000
3579  -3.637  -71.089  -33.181 0.0000000000
119778  -3.143  -70.455  -31.991 0.0000000000
114901  -2.618  -69.874  -32.112 0.0000000000
4507  -3.553  -69.074  -30.957 0.0000000000
4499  -4.834  -68.078  -30.360 0.0000000000
4017  -5.354  -69.431  -31.232 0.0000000000
5001  -5.584  -67.445  -30.160 0.0000000000
4987  -6.191  -66.900  -29.691 0.0000000000
120388  -12.828  -75.893  -37.098 0.0000000000
1565  -12.286  -76.135  -36.795 0.0000000000
1561  -11.545  -76.513  -36.308 0.0000000000
1564  -11.648  -76.576  -37.125 0.0000000000
112100  -10.803  -77.006  -36.148 0.0000000000
1344  -10.258  -77.095  -35.616 0.0000000000
1343  -9.589  -77.044  -35.306 0.0000000000
1346  -9.450  -77.342  -36.144 0.0000000000
1816  -10.305  -75.632  -37.497 0.0000000000
1809  -9.772  -75.986  -37.085 0.0000000000
104930  -8.900  -76.663  -36.718 0.0000000000
3617  -14.092  -70.626  -40.687 0.0000000000
3621  -13.994  -70.932  -41.722 0.0000000000
117953  -13.448  -70.813  -41.963 0.0000000000
3188  -13.634  -71.385  -41.988 0.0000000000
3192  -12.663  -71.653  -42.221 0.0000000000
2777  -10.944  -72.239  -42.287 0.0000000000
2772  -10.329  -72.909  -42.000 0.0000000000
4555  -10.315  -67.337  -42.238 0.0000000000
114804  -9.460  -67.362  -41.050 0.0000000000
4550  -10.262  -67.897  -41.633 0.0000000000
4073  -10.996  -69.290  -41.974 0.0000000000
3187  -10.587  -71.719  -41.969 0.0000000000
2768  -10.174  -72.651  -41.630 0.0000000000
100663  -10.635  -72.383  -40.786 0.0000000000
2764  -10.916  -73.016  -39.815 0.0000000000
2427  -11.495  -73.173  -38.097 0.0000000000
3173  -11.432  -71.796  -37.830 0.0000000000
2758  -11.437  -72.596  -37.740 0.0000000000
2423  -11.191  -73.252  -37.551 0.0000000000
2416  -10.630  -73.217  -36.932 0.0000000000
2409  -9.264  -73.277  -36.096 0.0000000000
2741  -8.469  -72.736  -35.497 0.0000000000
100548  -10.305  -72.249  -34.842 0.0000000000
2729  -8.672  -72.457  -34.517 0.0000000000
2720  -7.903  -72.132  -33.991 0.0000000000
101437  -8.130  -71.812  -33.219 0.0000000000
3118  -8.411  -71.462  -32.514 0.0000000000
3584  -10.435  -70.509  -33.346 0.0000000000
3573  -10.176  -70.665  -32.649 0.0000000000
3113  -9.680  -70.821  -32.146 0.0000000000
3112  -8.811  -71.065  -31.909 0.0000000000
3111  -7.795  -71.039  -31.951 0.0000000000
3553  -7.821  -70.236  -30.740 0.0000000000
26360  -3.855  -36.760  -25.243 0.0000000000
28861  -4.269  -34.397  -26.112 0.0000000000
22577  -7.500  -42.591  -14.106 0.0000000000
20999  -7.645  -44.080  -15.078 0.0000000000
19339  -7.899  -46.448  -17.142 0.0000000000
120330  -6.945  -45.524  -15.330 0.0000000000
19340  -8.108  -46.680  -17.617 0.0000000000
115413  -7.579  -48.592  -17.766 0.0000000000
17611  -4.164  -48.476  -16.091 0.0000000000
109969  -3.770  -47.452  -15.877 0.0000000000
19316  -3.792  -46.482  -15.807 0.0000000000
19322  -2.900  -46.585  -16.985 0.0000000000
19324  -4.111  -45.667  -16.073 0.0000000000
107691  -4.431  -45.663  -16.978 0.0000000000
19336  -4.610  -45.709  -18.241 0.0000000000
18521  -5.542  -46.831  -19.877 0.0000000000
17661  -5.700  -47.936  -19.841 0.0000000000
108467  -4.771  -48.170  -20.092 0.0000000000
16790  -5.282  -49.007  -19.600 0.0000000000
15975  -6.317  -50.378  -18.186 0.0000000000
12150  6.301  -55.774  -16.663 0.0000000000
12151  5.729  -55.552  -16.540 0.0000000000
12152  4.783  -55.447  -16.579 0.0000000000
12855  5.992  -54.233  -17.459 0.0000000000
105293  1.780  -52.594  -17.934 0.0000000000
14447  3.608  -52.126  -18.030 0.0000000000
15211  3.095  -51.513  -18.266 0.0000000000
15194  2.251  -51.671  -18.088 0.0000000000
15212  1.967  -50.726  -18.211 0.0000000000
16761  2.430  -48.973  -18.804 0.0000000000
16783  2.766  -48.857  -19.685 0.0000000000
16809  3.265  -49.029  -20.824 0.0000000000
15998  2.435  -50.339  -21.147 0.0000000000
117164  4.309  -50.195  -21.266 0.0000000000
15238  2.785  -51.233  -21.168 0.0000000000
4725  3.186  -68.208  -7.770 0.0000000000
4782  4.040  -67.528  -11.519 0.0000000000
4288  2.095  -68.378  -12.494 0.0000000000
4287  3.549  -68.367  -12.373 0.0000000000
110054  4.654  -68.077  -12.019 0.0000000000
3822  4.794  -69.030  -12.580 0.0000000000
3841  4.837  -70.325  -13.743 0.0000000000
3396  4.078  -70.549  -14.745 0.0000000000
2943  1.805  -71.721  -12.306 0.0000000000
2944  1.369  -71.467  -13.032 0.0000000000
2957  1.563  -71.299  -14.254 0.0000000000
2553  3.189  -72.748  -14.150 0.0000000000
2564  1.987  -71.865  -14.490 0.0000000000
3398  1.895  -70.702  -14.525 0.0000000000
3408  2.443  -71.003  -15.158 0.0000000000
3407  3.335  -71.059  -15.530 0.0000000000
3406  4.827  -71.132  -15.372 0.0000000000
2981  4.561  -72.004  -17.056 0.0000000000
2992  5.004  -72.515  -17.673 0.0000000000
2599  5.635  -73.562  -18.335 0.0000000000
1956  5.309  -74.382  -17.529 0.0000000000
2271  5.683  -73.965  -18.437 0.0000000000
1971  6.235  -74.352  -18.626 0.0000000000
1963  6.515  -75.386  -19.500 0.0000000000
113035  6.241  -76.219  -19.632 0.0000000000
116843  4.697  -75.447  -9.533 0.0000000000
1644  4.745  -75.215  -10.404 0.0000000000
111204  4.060  -75.333  -10.776 0.0000000000
102758  2.102  -75.715  -10.565 0.0000000000
104712  3.032  -75.462  -10.595 0.0000000000
1652  4.868  -75.163  -11.371 0.0000000000
1662  3.639  -75.411  -12.610 0.0000000000
103553  4.776  -75.606  -13.315 0.0000000000
763  3.933  -80.128  -11.896 0.0000000000
104226  3.492  -79.436  -11.748 0.0000000000
103489  2.132  -77.876  -12.602 0.0000000000
116692  4.138  -80.096  -13.593 0.0000000000
101871  2.693  -78.634  -13.036 0.0000000000
1664  1.849  -75.693  -13.191 0.0000000000
1669  3.639  -75.612  -13.569 0.0000000000
1674  4.864  -75.972  -14.233 0.0000000000
1432  4.656  -76.308  -15.028 0.0000000000
1442  4.855  -76.741  -15.924 0.0000000000
1444  2.632  -76.556  -15.895 0.0000000000
1452  5.291  -76.885  -16.991 0.0000000000
99208  5.224  -77.304  -18.310 0.0000000000
101478  -6.075  -83.713  -17.404 0.0000000000
981  -5.993  -78.515  -11.867 0.0000000000
992  -6.517  -78.292  -12.536 0.0000000000
1003  -6.942  -78.012  -13.189 0.0000000000
1214  -7.367  -77.727  -13.896 0.0000000000
1437  -7.090  -76.945  -14.489 0.0000000000
103989  -7.315  -76.937  -15.935 0.0000000000
1462  -7.505  -77.211  -17.142 0.0000000000
106001  -9.450  -79.488  -15.640 0.0000000000
1018  -9.286  -78.540  -15.825 0.0000000000
1230  -8.986  -77.659  -16.087 0.0000000000
1246  -8.333  -77.172  -17.371 0.0000000000
110959  -7.890  -77.337  -17.743 0.0000000000
640  -8.701  -79.639  -19.418 0.0000000000
1065  -9.946  -78.586  -20.395 0.0000000000
834  -9.356  -79.034  -20.321 0.0000000000
641  -9.252  -80.236  -20.215 0.0000000000
474  -10.212  -81.625  -20.368 0.0000000000
351  -10.918  -81.839  -20.482 0.0000000000
342  -12.103  -82.291  -19.358 0.0000000000
988  -14.631  -78.196  -12.049 0.0000000000
111540  -14.605  -78.741  -13.467 0.0000000000
105720  -14.057  -78.476  -14.290 0.0000000000
1225  -13.783  -77.244  -14.257 0.0000000000
1224  -13.021  -77.793  -14.875 0.0000000000
1012  -13.750  -79.192  -15.195 0.0000000000
1697  -14.724  -75.453  -17.076 0.0000000000
1696  -13.399  -75.760  -17.178 0.0000000000
1464  -13.377  -76.341  -17.639 0.0000000000
1068  -12.671  -78.822  -20.577 0.0000000000
855  -12.596  -79.623  -21.336 0.0000000000
111604  -14.828  -79.711  -20.602 0.0000000000
656  -13.536  -80.407  -21.066 0.0000000000
655  -12.690  -80.581  -21.138 0.0000000000
488  -12.447  -81.242  -20.691 0.0000000000
461  -12.991  -81.982  -19.119 0.0000000000
332  -12.382  -82.572  -18.744 0.0000000000
197  -13.542  -83.020  -18.408 0.0000000000
208  -14.239  -83.033  -19.499 0.0000000000
343  -15.610  -82.206  -19.395 0.0000000000
352  -15.308  -82.468  -20.034 0.0000000000
659  -18.673  -80.281  -20.186 0.0000000000
490  -18.177  -80.707  -20.591 0.0000000000
366  -17.833  -81.272  -22.076 0.0000000000
516  -18.597  -81.038  -23.486 0.0000000000
377  -17.977  -81.463  -23.120 0.0000000000
1328  -12.877  -77.772  -29.709 0.0000000000
1533  -12.406  -76.956  -29.722 0.0000000000
1526  -12.781  -76.146  -29.207 0.0000000000
1308  -16.121  -77.719  -27.283 0.0000000000
1315  -15.216  -76.775  -28.266 0.0000000000
2049  -12.809  -74.495  -29.659 0.0000000000
2356  -12.968  -73.744  -29.968 0.0000000000
2344  -13.190  -73.704  -29.145 0.0000000000
102804  -15.174  -73.749  -24.850 0.0000000000
21790  -8.200  -43.187  -15.637 0.0000000000
21012  -10.509  -44.494  -16.273 0.0000000000
19328  -10.161  -46.770  -16.196 0.0000000000
107538  -10.494  -46.022  -16.223 0.0000000000
20165  -11.610  -45.273  -16.808 0.0000000000
20166  -12.320  -45.455  -17.289 0.0000000000
20167  -13.098  -45.823  -17.703 0.0000000000
21841  -3.065  -44.058  -23.712 0.0000000000
110399  -3.352  -44.075  -24.402 0.0000000000
21072  -3.292  -44.418  -25.371 0.0000000000
21090  -3.207  -44.076  -26.113 0.0000000000
21864  -2.892  -44.135  -26.976 0.0000000000
103354  4.644  -50.696  -23.439 0.0000000000
16859  4.297  -49.247  -24.142 0.0000000000
16074  4.545  -50.695  -25.993 0.0000000000
103690  4.451  -49.737  -25.415 0.0000000000
17731  4.875  -48.167  -24.052 0.0000000000
116311  4.609  -47.111  -24.046 0.0000000000
18571  3.862  -46.454  -24.048 0.0000000000
18585  2.037  -46.495  -25.206 0.0000000000
15319  2.024  -51.650  -27.986 0.0000000000
16907  2.510  -50.415  -27.386 0.0000000000
114765  1.232  -49.592  -25.738 0.0000000000
16878  1.943  -49.009  -25.454 0.0000000000
17745  1.833  -48.049  -24.967 0.0000000000
115357  1.218  -46.241  -25.390 0.0000000000
19454  -0.624  -46.329  -25.606 0.0000000000
20260  -1.518  -46.209  -26.407 0.0000000000
20261  -2.011  -45.508  -26.559 0.0000000000
107454  -2.449  -44.816  -27.095 0.0000000000
21886  -2.867  -43.406  -28.378 0.0000000000
116139  2.197  -69.147  -34.445 0.0000000000
4463  -0.116  -68.134  -26.799 0.0000000000
4917  1.556  -67.309  -23.778 0.0000000000
6080  1.407  -66.317  -23.679 0.0000000000
6101  0.752  -65.456  -24.058 0.0000000000
6723  0.338  -64.523  -24.550 0.0000000000
7287  0.017  -63.656  -24.931 0.0000000000
7855  -0.168  -62.646  -24.960 0.0000000000
7946  -2.294  -62.678  -32.974 0.0000000000
8564  -1.621  -62.248  -33.779 0.0000000000
7964  -0.881  -62.566  -34.590 0.0000000000
7974  0.016  -62.189  -35.535 0.0000000000
8575  0.962  -62.085  -36.049 0.0000000000
8574  1.414  -61.948  -35.480 0.0000000000
9215  1.160  -60.568  -35.452 0.0000000000
9214  1.639  -61.326  -34.932 0.0000000000
9206  2.244  -60.991  -33.821 0.0000000000
9205  2.697  -60.770  -32.764 0.0000000000
119749  3.132  -60.665  -31.879 0.0000000000
9180  2.932  -60.167  -30.606 0.0000000000
10946  0.536  -57.560  -31.896 0.0000000000
10367  -0.755  -58.031  -31.341 0.0000000000
110605  0.404  -57.893  -31.434 0.0000000000
10366  1.375  -58.052  -31.368 0.0000000000
10365  2.114  -58.618  -31.138 0.0000000000
9181  2.311  -59.733  -30.261 0.0000000000
9164  2.614  -60.638  -29.937 0.0000000000
8513  1.853  -61.230  -29.471 0.0000000000
7904  0.971  -61.661  -29.134 0.0000000000
8504  0.108  -61.896  -28.798 0.0000000000
7893  -0.164  -62.804  -28.652 0.0000000000
102532  -0.951  -63.077  -28.325 0.0000000000
7315  -1.652  -63.437  -27.744 0.0000000000
115352  -2.161  -63.968  -27.203 0.0000000000
9170  -4.092  -59.993  -28.865 0.0000000000
9156  -3.562  -60.535  -28.324 0.0000000000
8508  -3.100  -61.116  -27.877 0.0000000000
8498  -4.857  -61.078  -26.873 0.0000000000
8497  -4.310  -61.357  -27.147 0.0000000000
8496  -3.555  -61.742  -27.313 0.0000000000
7885  -3.032  -62.536  -27.184 0.0000000000
7316  -2.682  -63.359  -26.989 0.0000000000
7308  -2.669  -64.221  -26.566 0.0000000000
6739  -3.219  -64.627  -24.952 0.0000000000
6726  -2.970  -64.686  -24.251 0.0000000000
6702  -3.084  -64.157  -23.879 0.0000000000
7276  -3.799  -62.714  -23.829 0.0000000000
103300  -3.130  -63.003  -23.607 0.0000000000
7273  -2.025  -63.458  -23.600 0.0000000000
7289  -1.467  -63.134  -23.798 0.0000000000
8459  -1.151  -62.380  -24.018 0.0000000000
8458  -0.551  -61.718  -24.665 0.0000000000
109317  -0.829  -60.743  -24.730 0.0000000000
9707  -2.489  -59.530  -24.149 0.0000000000
105758  -1.794  -59.534  -24.763 0.0000000000
9730  -1.476  -59.349  -25.438 0.0000000000
10321  -1.788  -58.507  -26.692 0.0000000000
10315  -5.354  -58.191  -24.899 0.0000000000
10889  -4.154  -57.564  -26.091 0.0000000000
10898  -4.849  -57.276  -26.744 0.0000000000
10897  -3.312  -57.655  -26.582 0.0000000000
11533  -1.916  -56.710  -28.427 0.0000000000
11547  -1.556  -56.201  -28.927 0.0000000000
12285  -2.099  -55.678  -28.963 0.0000000000
12959  -1.771  -54.250  -27.103 0.0000000000
13735  -2.171  -54.038  -26.117 0.0000000000
14543  -2.260  -53.291  -25.970 0.0000000000
3  -0.823  -84.122  -12.997 0.0000000000
5  -0.235  -83.455  -14.431 0.0000000000
16  -7.158  -83.202  -16.126 0.0000000000
20  0.818  -83.772  -16.426 0.0000000000
65  -11.365  -83.675  -19.531 0.0000000000
135  -2.539  -82.994  -11.467 0.0000000000
136  -3.288  -82.808  -11.055 0.0000000000
137  -3.667  -82.749  -11.112 0.0000000000
138  -0.186  -83.617  -12.645 0.0000000000
140  -1.734  -83.371  -12.139 0.0000000000
142  -3.837  -82.666  -11.620 0.0000000000
149  0.121  -83.570  -13.258 0.0000000000
153  -5.425  -83.118  -14.317 0.0000000000
165  -7.278  -82.877  -15.870 0.0000000000
176  -8.940  -83.085  -17.460 0.0000000000
185  -11.044  -83.035  -18.935 0.0000000000
186  -12.602  -82.839  -18.425 0.0000000000
187  -13.340  -82.801  -18.264 0.0000000000
189  -14.458  -82.299  -18.535 0.0000000000
198  -14.307  -82.796  -18.727 0.0000000000
206  -12.234  -83.197  -18.820 0.0000000000
215  -13.970  -83.108  -20.393 0.0000000000
275  -3.022  -82.327  -10.900 0.0000000000
276  -1.063  -82.879  -12.274 0.0000000000
277  -1.973  -82.176  -11.319 0.0000000000
278  -4.044  -82.627  -11.641 0.0000000000
280  4.267  -82.222  -13.927 0.0000000000
284  -1.169  -82.515  -13.250 0.0000000000
287  4.324  -82.297  -14.576 0.0000000000
292  0.131  -83.463  -13.638 0.0000000000
293  -0.641  -82.690  -14.595 0.0000000000
294  -5.566  -82.254  -14.129 0.0000000000
296  4.351  -82.380  -15.360 0.0000000000
297  4.095  -82.605  -15.099 0.0000000000
303  -7.278  -82.564  -15.927 0.0000000000
316  -9.215  -82.848  -17.763 0.0000000000
319  -13.343  -83.105  -18.747 0.0000000000
321  -14.219  -82.062  -18.429 0.0000000000
322  -14.962  -81.877  -18.490 0.0000000000
323  -16.196  -81.303  -18.592 0.0000000000
324  -16.849  -80.829  -18.407 0.0000000000
340  -10.624  -82.272  -19.856 0.0000000000
341  -11.507  -82.078  -20.036 0.0000000000
346  -17.451  -81.179  -20.175 0.0000000000
354  -16.549  -81.821  -21.004 0.0000000000
355  -17.699  -81.180  -21.134 0.0000000000
364  -16.478  -81.966  -21.794 0.0000000000
395  -17.378  -81.486  -25.133 0.0000000000
412  -2.438  -82.131  -10.955 0.0000000000
415  3.427  -81.789  -12.095 0.0000000000
421  -4.021  -82.085  -11.721 0.0000000000
427  -3.146  -81.260  -12.138 0.0000000000
439  -0.505  -81.498  -15.568 0.0000000000
454  -15.695  -81.323  -18.597 0.0000000000
460  -9.158  -81.766  -19.114 0.0000000000
464  -15.498  -80.985  -18.706 0.0000000000
466  -17.785  -80.522  -18.882 0.0000000000
475  -12.283  -81.816  -19.971 0.0000000000
476  -13.122  -81.413  -20.103 0.0000000000
478  -17.366  -80.989  -19.215 0.0000000000
489  -13.142  -80.947  -20.749 0.0000000000
508  -18.347  -80.959  -22.635 0.0000000000
509  -18.452  -80.760  -22.912 0.0000000000
517  -18.626  -80.839  -23.660 0.0000000000
548  -6.343  -80.396  -8.855 0.0000000000
549  -6.887  -80.433  -8.922 0.0000000000
557  -6.736  -80.706  -10.015 0.0000000000
560  3.669  -80.872  -11.538 0.0000000000
573  -7.827  -80.683  -12.312 0.0000000000
574  -8.654  -80.811  -12.311 0.0000000000
587  -13.000  -80.622  -14.164 0.0000000000
589  4.671  -81.440  -14.072 0.0000000000
594  -2.903  -80.012  -14.159 0.0000000000
600  -13.367  -80.780  -14.973 0.0000000000
601  4.633  -81.431  -15.501 0.0000000000
617  -6.703  -79.884  -17.066 0.0000000000
619  -16.172  -80.819  -18.401 0.0000000000
644  -16.024  -80.032  -19.066 0.0000000000
646  -19.027  -79.800  -19.961 0.0000000000
657  -14.495  -80.169  -20.852 0.0000000000
660  -18.906  -79.955  -20.686 0.0000000000
666  -11.321  -80.036  -21.440 0.0000000000
668  -13.046  -80.033  -21.419 0.0000000000
669  -13.800  -79.953  -21.322 0.0000000000
681  -18.442  -80.434  -23.044 0.0000000000
694  -17.471  -80.786  -25.656 0.0000000000
724  -2.965  -78.735  -5.250 0.0000000000
726  -0.087  -79.138  -6.208 0.0000000000
729  -3.723  -79.025  -5.871 0.0000000000
742  -1.426  -79.721  -8.354 0.0000000000
745  -5.777  -80.062  -8.441 0.0000000000
751  -1.118  -79.938  -9.575 0.0000000000
754  -7.691  -80.107  -9.509 0.0000000000
772  -0.945  -79.009  -12.459 0.0000000000
778  4.165  -80.103  -12.752 0.0000000000
779  3.314  -79.335  -13.532 0.0000000000
781  -1.083  -79.290  -14.171 0.0000000000
793  -9.268  -80.121  -15.036 0.0000000000
796  2.873  -79.493  -15.336 0.0000000000
797  -1.507  -79.739  -15.097 0.0000000000
801  -11.027  -80.917  -16.350 0.0000000000
845  -11.876  -79.468  -21.261 0.0000000000
846  -12.604  -79.134  -21.064 0.0000000000
848  -14.155  -79.559  -21.029 0.0000000000
849  -18.979  -79.183  -19.831 0.0000000000
856  -18.527  -79.386  -21.611 0.0000000000
863  -18.234  -79.302  -22.126 0.0000000000
868  -15.666  -78.863  -24.089 0.0000000000
877  -16.466  -79.980  -24.736 0.0000000000
878  -18.014  -80.225  -23.905 0.0000000000
894  -17.393  -79.429  -28.426 0.0000000000
925  -2.004  -78.110  -4.452 0.0000000000
931  -1.599  -78.414  -4.915 0.0000000000
940  -5.632  -78.906  -5.998 0.0000000000
951  -3.838  -79.222  -8.076 0.0000000000
977  3.031  -79.818  -10.526 0.0000000000
978  2.290  -78.180  -10.773 0.0000000000
989  2.886  -78.742  -12.130 0.0000000000
999  -14.708  -78.213  -12.703 0.0000000000
1000  2.296  -78.563  -13.926 0.0000000000
1002  -1.525  -78.568  -14.071 0.0000000000
1007  -2.545  -78.431  -14.464 0.0000000000
1011  -8.958  -79.063  -15.224 0.0000000000
1026  -6.091  -78.312  -16.705 0.0000000000
1040  -7.835  -78.222  -18.437 0.0000000000
1052  -9.508  -78.170  -19.820 0.0000000000
1053  -10.298  -78.276  -19.791 0.0000000000
1060  -18.525  -78.557  -19.724 0.0000000000
1075  -17.888  -78.367  -21.541 0.0000000000
1089  -15.178  -78.315  -23.961 0.0000000000
1114  -16.473  -78.199  -27.908 0.0000000000
1115  -16.993  -78.841  -28.128 0.0000000000
1145  3.418  -77.174  -7.329 0.0000000000
1148  0.948  -77.868  -6.152 0.0000000000
1181  -2.351  -77.221  -10.589 0.0000000000
1201  -14.520  -77.409  -11.404 0.0000000000
1206  -6.068  -76.749  -13.001 0.0000000000
1212  -3.800  -76.865  -13.690 0.0000000000
1223  -8.184  -77.856  -14.985 0.0000000000
1229  -8.357  -77.442  -15.654 0.0000000000
1247  -9.263  -77.332  -17.929 0.0000000000
1248  -10.189  -77.910  -18.398 0.0000000000
1252  -7.867  -77.651  -18.154 0.0000000000
1259  -17.148  -78.116  -18.657 0.0000000000
1351  -11.840  -76.881  -37.665 0.0000000000
1355  -12.227  -77.027  -38.078 0.0000000000
1356  -13.766  -76.289  -38.169 0.0000000000
1357  -14.647  -75.647  -38.191 0.0000000000
1358  -15.642  -75.341  -38.235 0.0000000000
1359  -10.583  -76.689  -38.471 0.0000000000
1360  -10.866  -77.171  -38.292 0.0000000000
1364  -15.193  -75.436  -38.503 0.0000000000
1382  -2.308  -75.919  -6.046 0.0000000000
1405  -2.747  -76.719  -11.112 0.0000000000
1413  -2.388  -76.710  -11.633 0.0000000000
1414  -3.029  -76.422  -11.856 0.0000000000
1418  -14.412  -76.412  -11.658 0.0000000000
1419  1.544  -75.998  -12.476 0.0000000000
1420  -2.390  -76.704  -12.376 0.0000000000
1424  -14.563  -76.189  -12.483 0.0000000000
1425  1.635  -76.129  -13.573 0.0000000000
1427  -3.637  -76.474  -13.231 0.0000000000
1429  -5.710  -76.633  -13.560 0.0000000000
1433  1.750  -77.077  -15.068 0.0000000000
1435  -5.831  -76.780  -14.438 0.0000000000
1441  5.872  -76.237  -16.473 0.0000000000
1448  -7.890  -77.064  -15.994 0.0000000000
1450  -13.676  -75.999  -15.164 0.0000000000
1456  -7.075  -77.063  -16.485 0.0000000000
1457  -7.720  -77.043  -16.606 0.0000000000
1566  -13.114  -76.106  -37.518 0.0000000000
1572  -16.361  -75.462  -38.321 0.0000000000
1575  -12.196  -77.016  -39.018 0.0000000000
1576  -13.187  -76.820  -38.986 0.0000000000
1577  -10.775  -75.927  -38.666 0.0000000000
1578  -10.771  -76.530  -39.151 0.0000000000
1581  -13.895  -76.148  -39.050 0.0000000000
1605  -3.059  -75.652  -5.472 0.0000000000
1616  -1.500  -75.332  -6.507 0.0000000000
1656  -12.368  -75.466  -11.357 0.0000000000
1667  -14.284  -75.414  -12.627 0.0000000000
1670  2.506  -75.617  -13.808 0.0000000000
1677  1.772  -76.292  -14.401 0.0000000000
1680  5.912  -75.768  -15.545 0.0000000000
1702  -13.998  -75.777  -17.653 0.0000000000
1805  -5.244  -75.731  -36.885 0.0000000000
1818  -13.434  -75.594  -37.005 0.0000000000
1819  -14.281  -75.382  -36.871 0.0000000000
1820  -16.380  -74.943  -37.497 0.0000000000
1821  -10.779  -75.434  -37.958 0.0000000000
1824  -15.642  -75.300  -37.696 0.0000000000
1826  -17.518  -75.871  -38.541 0.0000000000
1830  -15.612  -75.242  -39.355 0.0000000000
1834  -13.440  -75.875  -39.436 0.0000000000
1837  -16.234  -76.028  -39.313 0.0000000000
1839  -10.989  -75.845  -40.533 0.0000000000
1919  6.203  -74.390  -9.465 0.0000000000
1921  6.606  -73.667  -10.550 0.0000000000
1922  6.183  -74.437  -10.298 0.0000000000
1923  6.509  -73.525  -11.356 0.0000000000
1944  -14.756  -74.631  -14.275 0.0000000000
1965  5.637  -74.383  -18.124 0.0000000000
1970  6.578  -74.674  -19.263 0.0000000000
2099  -18.727  -74.768  -33.686 0.0000000000
2132  -10.702  -74.722  -37.680 0.0000000000
2136  -18.160  -73.352  -37.367 0.0000000000
2140  -18.113  -75.552  -39.041 0.0000000000
2143  -16.443  -75.416  -40.114 0.0000000000
2144  -17.643  -74.521  -40.091 0.0000000000
2145  -17.698  -75.573  -39.305 0.0000000000
2150  -15.067  -74.848  -39.396 0.0000000000
2151  -10.650  -75.143  -40.945 0.0000000000
2198  6.728  -73.101  -8.292 0.0000000000
2207  6.374  -72.935  -12.056 0.0000000000
2210  6.145  -73.157  -12.607 0.0000000000
2214  5.956  -73.570  -13.273 0.0000000000
2261  4.859  -73.754  -17.899 0.0000000000
2286  -16.456  -73.672  -18.804 0.0000000000
2420  -6.365  -72.694  -38.511 0.0000000000
2429  -18.188  -74.575  -39.052 0.0000000000
2431  -18.183  -73.951  -39.356 0.0000000000
2433  -9.974  -74.140  -40.713 0.0000000000
2438  -10.235  -74.270  -41.195 0.0000000000
2442  -14.153  -73.271  -40.819 0.0000000000
2509  6.757  -72.798  -8.771 0.0000000000
2519  6.893  -72.840  -9.456 0.0000000000
2528  6.739  -72.817  -10.212 0.0000000000
2535  6.594  -72.844  -10.964 0.0000000000
2537  5.382  -72.620  -11.533 0.0000000000
2555  1.649  -71.739  -13.719 0.0000000000
2563  2.487  -72.316  -14.640 0.0000000000
2761  -5.236  -72.062  -39.581 0.0000000000
2776  -15.403  -71.834  -41.288 0.0000000000
2778  -11.919  -72.393  -42.259 0.0000000000
2892  3.204  -71.403  -7.497 0.0000000000
2945  0.952  -70.854  -13.128 0.0000000000
2950  1.288  -71.241  -13.590 0.0000000000
2967  2.699  -71.569  -15.498 0.0000000000
2968  2.100  -71.412  -14.911 0.0000000000
2982  3.665  -72.185  -16.716 0.0000000000
2983  2.996  -72.114  -16.025 0.0000000000
3000  7.034  -71.571  -19.328 0.0000000000
3119  -9.368  -71.305  -32.518 0.0000000000
3120  -9.974  -71.112  -32.703 0.0000000000
3138  -5.880  -70.621  -35.286 0.0000000000
3159  3.866  -70.189  -36.869 0.0000000000
3170  0.073  -70.652  -37.443 0.0000000000
3176  -4.909  -72.304  -39.695 0.0000000000
3181  -16.016  -71.571  -39.923 0.0000000000
3185  -15.782  -71.696  -40.855 0.0000000000
3191  -11.801  -71.507  -42.344 0.0000000000
3384  1.105  -70.892  -12.366 0.0000000000
3389  0.871  -70.123  -13.181 0.0000000000
3397  2.842  -70.510  -14.802 0.0000000000
3561  -7.371  -70.435  -31.501 0.0000000000
3594  4.243  -69.979  -36.246 0.0000000000
3789  2.514  -69.510  -9.526 0.0000000000
3801  0.594  -69.323  -11.011 0.0000000000
3824  0.556  -69.809  -12.383 0.0000000000
4009  -7.493  -69.629  -30.250 0.0000000000
4047  -1.664  -69.090  -35.240 0.0000000000
4075  -11.394  -69.545  -42.336 0.0000000000
4270  0.530  -68.733  -10.967 0.0000000000
4305  1.575  -69.070  -12.974 0.0000000000
4533  2.502  -68.873  -37.729 0.0000000000
4554  -9.618  -67.056  -41.674 0.0000000000
4770  0.671  -68.014  -10.835 0.0000000000
4999  -3.403  -67.604  -30.840 0.0000000000
5058  1.118  -67.661  -36.989 0.0000000000
5353  6.349  -66.220  -12.704 0.0000000000
5495  -2.203  -66.354  -25.345 0.0000000000
5551  -5.194  -66.653  -29.718 0.0000000000
5560  3.484  -66.146  -32.009 0.0000000000
5589  2.828  -66.014  -34.183 0.0000000000
5590  1.949  -65.865  -34.180 0.0000000000
5954  6.577  -64.816  -13.671 0.0000000000
6103  -1.809  -65.751  -23.871 0.0000000000
6131  -0.803  -64.979  -27.799 0.0000000000
6143  -4.875  -64.915  -29.600 0.0000000000
6155  3.924  -65.542  -30.502 0.0000000000
6156  3.507  -65.972  -29.984 0.0000000000
6178  -2.830  -65.431  -32.130 0.0000000000
6701  -2.589  -64.573  -23.835 0.0000000000
6745  -3.070  -64.425  -25.812 0.0000000000
6763  -5.451  -64.316  -29.393 0.0000000000
6773  -3.995  -64.128  -30.823 0.0000000000
6780  4.477  -64.411  -31.237 0.0000000000
7274  -2.742  -63.748  -23.674 0.0000000000
7290  -3.388  -64.075  -24.291 0.0000000000
7297  3.924  -63.839  -25.834 0.0000000000
7301  -3.971  -63.046  -24.971 0.0000000000
7746  5.571  -62.504  -15.507 0.0000000000
7749  2.498  -62.088  -15.049 0.0000000000
7809  6.032  -63.214  -20.233 0.0000000000
7884  -2.271  -62.730  -27.592 0.0000000000
7891  1.279  -63.209  -29.077 0.0000000000
7901  4.095  -62.938  -29.913 0.0000000000
7944  3.049  -62.038  -32.971 0.0000000000
7963  0.959  -62.476  -35.017 0.0000000000
7972  1.154  -62.130  -35.632 0.0000000000
7973  0.594  -62.285  -35.567 0.0000000000
7979  0.429  -62.032  -35.990 0.0000000000
8333  2.611  -61.560  -14.698 0.0000000000
8461  -5.635  -60.469  -24.434 0.0000000000
8483  -4.114  -61.887  -26.786 0.0000000000
8506  -1.620  -61.647  -28.354 0.0000000000
8535  3.701  -61.406  -31.637 0.0000000000
8562  1.971  -61.719  -34.394 0.0000000000
8955  4.215  -60.651  -13.154 0.0000000000
8987  3.670  -60.432  -15.586 0.0000000000
9068  5.971  -60.713  -21.987 0.0000000000
9100  -4.353  -60.610  -23.480 0.0000000000
9114  -4.921  -60.867  -23.812 0.0000000000
9149  -4.742  -60.829  -27.503 0.0000000000
9157  -4.482  -60.480  -28.222 0.0000000000
9166  0.730  -60.241  -29.568 0.0000000000
9179  3.451  -60.726  -31.089 0.0000000000
9187  2.868  -59.915  -31.284 0.0000000000
9224  0.744  -61.367  -36.129 0.0000000000
9647  6.618  -59.720  -19.692 0.0000000000
9666  5.933  -59.908  -22.219 0.0000000000
9709  -4.373  -59.216  -23.774 0.0000000000
9758  1.549  -59.527  -30.003 0.0000000000
9772  2.527  -59.289  -30.860 0.0000000000
9773  2.026  -58.934  -30.570 0.0000000000
9775  -0.513  -59.319  -30.399 0.0000000000
9792  2.291  -59.083  -32.093 0.0000000000
9798  1.680  -60.177  -34.104 0.0000000000
9805  0.527  -59.684  -35.616 0.0000000000
10164  5.948  -58.779  -12.866 0.0000000000
10350  1.687  -58.404  -30.820 0.0000000000
10355  -3.441  -58.364  -30.709 0.0000000000
10364  2.227  -58.815  -31.566 0.0000000000
10369  -2.724  -57.749  -31.203 0.0000000000
10756  6.031  -58.228  -13.286 0.0000000000
10778  6.166  -57.182  -14.532 0.0000000000
10792  6.602  -57.084  -15.882 0.0000000000
10949  -2.049  -56.975  -31.582 0.0000000000
11454  6.901  -56.505  -18.629 0.0000000000
12169  6.197  -55.023  -17.105 0.0000000000
12219  6.511  -55.455  -21.485 0.0000000000
12246  5.360  -55.379  -24.982 0.0000000000
12281  1.237  -55.621  -28.984 0.0000000000
12887  7.282  -54.054  -19.740 0.0000000000
12985  1.328  -54.073  -29.197 0.0000000000
13665  7.048  -53.614  -20.705 0.0000000000
13709  5.173  -54.183  -24.089 0.0000000000
13760  0.518  -54.020  -29.386 0.0000000000
14409  -1.657  -52.406  -17.317 0.0000000000
14431  3.279  -52.987  -17.730 0.0000000000
14459  0.655  -52.948  -20.106 0.0000000000
15197  -0.499  -51.803  -18.189 0.0000000000
15208  5.927  -51.179  -19.250 0.0000000000
15223  6.518  -51.340  -20.192 0.0000000000
15236  6.113  -50.975  -20.461 0.0000000000
15237  5.478  -50.680  -20.765 0.0000000000
15252  3.470  -50.038  -21.315 0.0000000000
15303  3.549  -51.293  -27.345 0.0000000000
15932  -2.296  -50.703  -16.911 0.0000000000
15965  4.793  -50.442  -19.006 0.0000000000
15968  1.668  -49.531  -18.380 0.0000000000
16101  3.461  -50.800  -27.454 0.0000000000
16764  -0.532  -48.778  -18.767 0.0000000000
16781  4.086  -49.414  -20.370 0.0000000000
16784  2.034  -48.718  -19.415 0.0000000000
16797  3.456  -49.075  -20.722 0.0000000000
16798  2.721  -48.899  -20.940 0.0000000000
17609  -3.168  -48.055  -16.013 0.0000000000
17628  -8.057  -48.443  -17.406 0.0000000000
17654  2.953  -48.879  -20.460 0.0000000000
17670  0.503  -48.361  -20.301 0.0000000000
17716  4.855  -47.406  -23.940 0.0000000000
17742  4.711  -47.928  -24.372 0.0000000000
17743  4.221  -48.495  -25.217 0.0000000000
18503  -2.331  -46.604  -19.144 0.0000000000
18520  -3.499  -46.459  -20.388 0.0000000000
19358  -2.743  -46.085  -20.139 0.0000000000
19360  -4.374  -46.202  -19.848 0.0000000000
19470  -1.232  -46.781  -27.947 0.0000000000
20160  -3.235  -45.714  -18.505 0.0000000000
20161  -3.770  -45.382  -18.009 0.0000000000
20171  -4.015  -45.339  -18.584 0.0000000000
20229  2.389  -44.638  -23.026 0.0000000000
24892  -3.343  -39.352  -26.912 0.0000000000
26345  -3.381  -38.016  -25.259 0.0000000000
27182  -4.343  -36.132  -25.525 0.0000000000
98339  -14.798  -75.569  -38.882 0.0000000000
98357  1.836  -70.915  -36.906 0.0000000000
98358  0.677  -69.984  -38.269 0.0000000000
98359  -1.189  -68.675  -38.366 0.0000000000
98361  0.182  -68.943  -38.565 0.0000000000
98363  0.344  -67.320  -38.400 0.0000000000
98364  -0.732  -66.815  -38.503 0.0000000000
98365  -1.310  -67.560  -38.737 0.0000000000
98370  -0.853  -66.380  -38.041 0.0000000000
99027  2.112  -70.617  -37.687 0.0000000000
99107  -3.577  -72.602  -39.432 0.0000000000
99133  -17.091  -76.019  -39.347 0.0000000000
99174  3.466  -45.540  -23.273 0.0000000000
99177  2.839  -69.548  -37.978 0.0000000000
99232  3.977  -47.134  -23.049 0.0000000000
99318  -1.471  -66.497  -37.764 0.0000000000
99714  0.840  -68.330  -38.445 0.0000000000
100201  4.150  -62.784  -31.401 0.0000000000
100479  -17.899  -81.089  -24.639 0.0000000000
100490  3.284  -62.577  -32.507 0.0000000000
100581  -16.122  -75.636  -38.662 0.0000000000
100592  4.357  -63.788  -29.638 0.0000000000
100619  -11.224  -71.101  -37.334 0.0000000000
100703  -2.393  -67.369  -32.352 0.0000000000
100907  6.818  -61.637  -18.325 0.0000000000
102447  -3.903  -65.896  -30.737 0.0000000000
102575  -18.564  -78.621  -20.852 0.0000000000
103131  -1.049  -79.098  -6.195 0.0000000000
103208  -0.370  -61.342  -28.835 0.0000000000
103293  -12.410  -76.348  -39.640 0.0000000000
103327  4.272  -69.736  -13.262 0.0000000000
103651  -1.103  -65.267  -32.366 0.0000000000
103983  3.830  -72.722  -17.186 0.0000000000
104061  -16.988  -78.784  -18.248 0.0000000000
104257  6.418  -60.213  -17.834 0.0000000000
104947  -14.919  -74.338  -33.232 0.0000000000
105751  -5.004  -76.472  -13.288 0.0000000000
105916  -11.886  -48.307  -15.850 0.0000000000
106419  1.727  -76.160  -10.673 0.0000000000
106585  5.952  -54.005  -21.454 0.0000000000
106687  6.498  -56.830  -21.639 0.0000000000
107013  -2.666  -47.616  -17.203 0.0000000000
107049  -18.318  -80.545  -22.191 0.0000000000
107191  -6.479  -77.363  -12.919 0.0000000000
107581  3.468  -66.025  -32.975 0.0000000000
108304  -13.073  -70.242  -41.966 0.0000000000
108679  -2.113  -46.987  -20.126 0.0000000000
108808  2.843  -82.660  -15.861 0.0000000000
109054  4.398  -49.990  -26.395 0.0000000000
109455  -2.675  -64.917  -26.201 0.0000000000
111037  -10.965  -68.388  -42.367 0.0000000000
111083  -18.580  -79.075  -19.228 0.0000000000
111253  6.719  -69.274  -12.818 0.0000000000
111268  6.195  -75.461  -16.292 0.0000000000
111292  -10.309  -73.675  -41.829 0.0000000000
111461  -18.169  -74.828  -34.163 0.0000000000
111500  -2.419  -81.548  -12.165 0.0000000000
111922  2.683  -50.938  -18.382 0.0000000000
112050  5.245  -64.593  -17.497 0.0000000000
112120  -15.593  -81.757  -18.640 0.0000000000
112298  4.616  -54.554  -26.139 0.0000000000
112658  2.459  -67.431  -30.700 0.0000000000
112805  7.154  -55.403  -19.306 0.0000000000
113022  1.087  -70.476  -37.809 0.0000000000
113077  -4.275  -72.552  -39.868 0.0000000000
113241  -5.123  -59.175  -30.045 0.0000000000
113409  -7.126  -57.615  -30.564 0.0000000000
113987  -1.735  -67.830  -35.390 0.0000000000
113990  -2.325  -47.725  -17.998 0.0000000000
114222  -3.277  -37.798  -25.938 0.0000000000
114352  5.916  -59.045  -17.018 0.0000000000
114659  -13.186  -83.312  -20.512 0.0000000000
115116  4.035  -51.180  -21.320 0.0000000000
115296  -0.766  -68.520  -38.774 0.0000000000
115303  -8.967  -82.772  -17.405 0.0000000000
115327  4.041  -69.122  -7.458 0.0000000000
115343  2.875  -68.895  -37.111 0.0000000000
115672  -18.484  -80.187  -19.412 0.0000000000
115710  6.618  -64.731  -14.316 0.0000000000
116001  -2.163  -68.339  -33.215 0.0000000000
116018  4.490  -63.591  -31.041 0.0000000000
116029  2.131  -76.505  -15.131 0.0000000000
116155  -9.740  -79.765  -20.835 0.0000000000
116768  -13.802  -83.114  -19.023 0.0000000000
116922  6.616  -53.232  -18.206 0.0000000000
117109  -0.183  -47.987  -20.066 0.0000000000
117699  -14.858  -74.528  -39.671 0.0000000000
117728  -15.292  -73.366  -18.291 0.0000000000
117752  -4.601  -47.828  -16.045 0.0000000000
117836  3.377  -71.202  -8.871 0.0000000000
118155  -12.533  -83.486  -20.532 0.0000000000
118235  3.392  -81.282  -11.448 0.0000000000
118563  -12.509  -76.682  -37.770 0.0000000000
118579  4.589  -81.705  -13.613 0.0000000000
118638  2.006  -48.828  -20.919 0.0000000000
118741  -18.551  -80.323  -20.855 0.0000000000
118947  -10.820  -44.042  -16.511 0.0000000000
119268  4.083  -68.742  -7.306 0.0000000000
119381  4.801  -77.505  -17.951 0.0000000000
119493  3.797  -69.253  -7.957 0.0000000000
119612  -9.196  -83.284  -18.268 0.0000000000
119721  0.463  -54.557  -29.488 0.0000000000
120152  -7.033  -76.845  -15.301 0.0000000000
