#!ascii label  , from subject sub-v1s20x0050285_ses-1 vox2ras=TkReg
2735
130914  -7.590  -36.870  56.141 0.3333329856
29728  -8.529  -36.028  55.291 0.3333329856
118411  -9.183  -34.831  54.174 0.3333329856
31743  -8.375  -34.591  53.787 0.4444440007
31744  -8.912  -34.477  53.454 0.3333329856
31745  -9.282  -34.111  53.496 0.4444440007
32565  -8.676  -34.005  53.028 0.5555559993
32566  -9.454  -33.455  53.035 0.4444440007
34147  -9.849  -31.933  52.904 0.5555559993
133628  -10.061  -31.049  52.935 0.6666669846
113385  -10.225  -30.451  51.642 0.7777780294
31734  -5.469  -34.712  56.065 0.3333329856
30774  -5.683  -35.335  56.435 0.4444440007
31727  -6.221  -34.763  56.670 0.4444440007
30784  -8.288  -35.714  54.923 0.3333329856
31728  -6.946  -35.422  56.140 0.4444440007
31736  -7.638  -34.696  54.590 0.4444440007
32576  -8.388  -33.371  52.745 0.6666669846
32578  -9.209  -33.299  52.448 0.6666669846
34163  -9.502  -32.247  52.085 0.7777780294
33383  -9.024  -32.511  51.765 0.6666669846
34164  -9.969  -31.423  52.061 0.6666669846
126507  -10.142  -30.917  51.844 0.7777780294
34202  -9.284  -31.061  51.005 0.7777780294
36018  -10.359  -29.728  51.252 0.5555559993
37023  -10.624  -28.950  51.159 0.5555559993
32553  -5.516  -33.835  55.273 0.2222220004
117358  -6.140  -34.120  56.769 0.4444440007
32555  -7.369  -33.865  54.701 0.5555559993
32564  -8.019  -33.980  53.571 0.6666669846
33368  -8.088  -32.668  52.400 0.6666669846
33382  -8.533  -32.256  51.820 0.6666669846
132501  -7.931  -32.007  52.043 0.6666669846
34182  -8.246  -31.540  51.518 0.6666669846
35051  -8.547  -30.961  50.967 0.6666669846
127038  -8.955  -30.888  50.744 0.7777780294
35052  -9.784  -30.535  50.936 0.7777780294
35062  -9.850  -30.032  50.487 0.6666669846
35060  -8.816  -30.313  50.343 0.7777780294
35071  -9.118  -29.785  49.761 0.7777780294
36026  -10.242  -29.375  50.450 0.6666669846
36032  -10.150  -28.999  49.743 0.5555559993
37973  -11.136  -27.740  50.094 0.5555559993
130160  -11.572  -26.879  50.275 0.5555559993
39684  -11.931  -25.386  51.239 0.3333329856
36025  -9.589  -29.692  49.919 0.6666669846
37978  -10.847  -27.845  49.140 0.7777780294
112987  -11.426  -27.138  49.389 0.5555559993
38862  -11.827  -26.363  49.628 0.5555559993
38863  -12.243  -25.605  49.784 0.3333329856
38867  -11.678  -26.523  48.858 0.6666669846
38868  -12.188  -25.885  49.003 0.5555559993
39696  -12.684  -25.225  49.130 0.4444440007
40574  -13.189  -24.549  49.243 0.5555559993
132172  -5.151  -32.993  53.273 0.1111110002
33337  -5.510  -32.819  55.278 0.2222220004
33329  -5.665  -33.215  56.294 0.2222220004
33321  -5.816  -33.573  56.625 0.3333329856
33322  -5.775  -32.564  56.551 0.2222220004
33338  -6.427  -32.770  56.508 0.3333329856
33339  -7.133  -32.925  55.354 0.5555559993
32575  -4.966  -33.138  52.440 0.1111110002
34146  -7.542  -31.872  53.225 0.6666669846
35050  -7.900  -30.854  51.367 0.6666669846
35059  -8.221  -30.324  50.809 0.7777780294
134070  -8.414  -29.862  50.348 0.7777780294
36024  -8.753  -29.627  49.831 0.7777780294
36030  -8.987  -29.298  49.379 0.7777780294
36037  -9.036  -28.715  49.031 0.7777780294
37042  -9.594  -28.363  48.891 0.7777780294
37982  -10.601  -27.534  48.662 0.7777780294
37983  -11.164  -27.133  48.715 0.7777780294
38880  -11.545  -25.909  47.845 0.7777780294
41550  -13.332  -23.338  50.419 0.5555559993
38875  -11.916  -25.946  48.328 0.7777780294
39702  -12.508  -25.416  48.403 0.6666669846
39703  -13.106  -24.843  48.507 0.6666669846
118566  -13.617  -23.780  49.485 0.6666669846
41562  -14.216  -23.329  48.930 0.5555559993
39711  -12.130  -25.465  47.669 0.7777780294
39712  -12.856  -25.013  47.815 0.7777780294
41578  -13.782  -24.196  48.536 0.6666669846
33367  -5.004  -32.259  53.019 0.1111110002
34145  -5.030  -31.663  54.358 0.2222220004
34118  -5.314  -31.559  56.639 0.2222220004
34119  -5.606  -31.830  56.830 0.3333329856
123892  -7.048  -32.175  56.028 0.6666669846
35020  -7.400  -30.821  54.276 0.7777780294
34161  -4.969  -31.708  52.210 0.1111110002
123648  -7.306  -32.297  54.603 0.5555559993
35030  -7.521  -30.852  53.012 0.6666669846
36000  -7.476  -29.918  53.508 0.7777780294
34162  -7.696  -31.321  52.089 0.6666669846
35041  -7.596  -30.373  52.291 0.6666669846
120043  -7.877  -28.796  50.851 0.7777780294
36023  -8.215  -29.230  50.232 0.7777780294
37035  -8.543  -28.838  49.576 0.7777780294
37977  -8.629  -28.075  49.131 0.7777780294
37041  -9.163  -27.967  48.721 0.7777780294
38872  -9.728  -26.789  48.245 0.7777780294
38873  -10.568  -26.833  48.260 0.7777780294
38879  -10.987  -26.124  47.728 0.8888890147
40611  -12.494  -24.937  47.265 0.7777780294
40612  -13.167  -24.564  47.179 0.7777780294
40613  -13.897  -24.169  47.584 0.6666669846
41596  -14.331  -23.558  47.161 0.6666669846
42584  -14.757  -22.905  47.636 0.5555559993
35006  -4.997  -30.949  56.978 0.3333329856
114477  -4.916  -31.258  53.174 0.2222220004
34993  -5.316  -31.446  56.828 0.3333329856
35007  -5.619  -31.170  57.008 0.4444440007
123893  -7.282  -30.024  55.069 0.6666669846
35040  -4.980  -30.929  52.190 0.1111110002
124734  -7.576  -29.382  52.517 0.6666669846
36011  -7.748  -29.894  51.542 0.7777780294
37963  -7.773  -27.669  52.098 0.7777780294
126916  -8.021  -26.873  51.934 0.4444440007
39683  -8.237  -25.623  51.537 0.4444440007
36017  -7.958  -29.526  50.855 0.7777780294
37022  -7.839  -28.060  51.143 0.8888890147
38860  -8.178  -26.774  50.592 0.7777780294
39689  -8.321  -25.993  50.815 0.6666669846
38866  -8.306  -27.240  49.626 0.8888890147
124250  -8.736  -27.359  48.788 0.8888890147
39700  -8.787  -25.900  49.038 0.7777780294
39701  -9.516  -25.930  48.258 0.7777780294
38878  -10.292  -26.162  47.890 0.8888890147
39709  -10.761  -25.507  47.464 0.8888890147
39718  -11.907  -25.056  47.033 0.7777780294
40628  -12.421  -24.571  46.749 0.7777780294
40629  -12.973  -24.192  46.485 0.7777780294
42599  -14.599  -22.727  46.010 0.6666669846
114498  -8.170  -24.960  51.875 0.2222220004
40555  -8.459  -24.936  51.199 0.2222220004
41536  -8.372  -23.463  51.737 0.1111110002
39690  -8.604  -25.431  50.439 0.7777780294
40556  -8.812  -24.751  50.592 0.5555559993
41548  -9.330  -23.602  50.576 0.2222220004
131231  -8.699  -25.648  49.763 0.7777780294
41561  -9.427  -24.068  49.779 0.5555559993
41576  -9.914  -23.667  49.112 0.6666669846
121408  -9.949  -24.249  48.443 0.8888890147
41577  -10.411  -23.702  48.232 0.6666669846
40610  -10.767  -24.815  47.234 0.8888890147
40626  -11.263  -24.510  46.947 0.8888890147
40627  -11.763  -24.526  46.744 0.7777780294
41611  -13.238  -23.544  46.065 0.8888890147
41612  -14.134  -23.375  46.336 0.6666669846
41627  -13.916  -22.955  45.697 0.6666669846
42592  -15.165  -22.176  46.410 0.6666669846
43687  -15.414  -21.346  45.973 0.6666669846
42608  -14.486  -21.889  44.933 0.7777780294
42600  -14.990  -22.113  45.581 0.7777780294
120329  -15.526  -20.608  45.550 0.6666669846
42561  -10.196  -22.969  49.683 0.1111110002
42574  -10.529  -22.938  48.857 0.4444440007
41609  -11.583  -24.013  46.662 0.8888890147
117713  -12.316  -23.950  46.320 0.8888890147
41626  -13.243  -22.773  45.638 0.8888890147
43692  -13.566  -21.794  44.952 0.8888890147
43693  -15.198  -21.405  45.110 0.6666669846
43699  -14.795  -21.168  44.395 0.7777780294
44779  -15.398  -20.544  44.761 0.6666669846
45819  -15.847  -19.625  45.585 0.6666669846
45820  -16.358  -19.191  45.878 0.6666669846
43668  -10.331  -22.381  50.263 0.1111110002
43677  -11.487  -21.466  48.435 0.4444440007
43676  -11.137  -21.535  49.191 0.4444440007
42576  -11.525  -22.162  48.012 0.5555559993
42582  -11.121  -22.990  47.931 0.5555559993
43685  -12.085  -21.736  46.591 0.6666669846
42583  -11.749  -22.533  47.097 0.7777780294
130294  -12.355  -21.855  45.929 0.6666669846
42589  -12.187  -22.505  46.207 0.8888890147
43686  -12.253  -21.062  45.941 0.6666669846
43691  -12.851  -21.618  45.387 0.7777780294
43697  -13.345  -21.139  44.709 0.7777780294
44795  -14.432  -20.710  43.857 0.7777780294
44796  -15.106  -20.449  43.949 0.7777780294
45828  -15.623  -19.680  44.468 0.6666669846
45829  -16.128  -19.213  44.990 0.6666669846
45821  -17.153  -19.254  45.543 0.7777780294
45802  -17.920  -19.686  46.768 0.6666669846
44763  -18.767  -20.117  46.293 0.6666669846
43662  -10.730  -21.093  50.763 0.1111110002
45766  -11.142  -19.593  50.971 0.1111110002
44734  -11.288  -20.979  49.576 0.1111110002
44735  -11.382  -20.769  48.868 0.4444440007
117037  -11.589  -20.068  48.634 0.4444440007
44745  -11.817  -20.624  48.009 0.4444440007
121655  -12.004  -20.086  47.295 0.4444440007
44760  -12.042  -20.870  46.989 0.5555559993
44761  -12.179  -20.161  46.447 0.6666669846
44778  -12.484  -20.254  45.553 0.6666669846
121038  -12.754  -20.883  45.218 0.7777780294
44794  -13.722  -20.638  43.954 0.7777780294
45843  -15.267  -19.632  43.543 0.8888890147
46732  -16.547  -19.120  44.993 0.7777780294
46755  -15.158  -18.856  42.982 0.8888890147
46743  -16.237  -18.931  44.288 0.8888890147
46744  -16.751  -18.915  44.112 0.8888890147
45830  -17.342  -19.250  44.697 0.7777780294
130688  -27.070  -13.845  41.778 0.2222220004
44780  -18.778  -20.093  45.457 0.7777780294
45831  -18.216  -19.652  44.294 0.7777780294
44797  -18.765  -20.020  44.727 0.7777780294
51587  -26.627  -13.784  41.082 0.3333329856
50668  -27.043  -14.623  40.418 0.3333329856
50667  -26.172  -13.692  40.342 0.3333329856
128705  -26.716  -15.103  38.967 0.5555559993
50683  -26.003  -14.478  38.710 0.4444440007
110872  -11.175  -18.976  51.270 0.1111110002
45767  -11.460  -19.084  50.577 0.1111110002
45787  -11.603  -19.337  48.879 0.1111110002
45798  -11.879  -19.534  47.988 0.3333329856
46713  -11.803  -18.576  48.310 0.3333329856
45808  -12.044  -19.236  46.937 0.4444440007
45809  -12.269  -19.472  45.948 0.5555559993
46731  -12.437  -18.870  45.352 0.7777780294
45827  -12.774  -19.329  44.458 0.7777780294
44812  -13.427  -19.751  43.593 0.7777780294
45842  -14.530  -19.651  43.147 0.8888890147
52549  -26.632  -11.965  41.911 0.1111110002
46742  -15.785  -18.908  43.657 0.8888890147
117182  -26.809  -12.898  42.383 0.1111110002
46757  -16.943  -18.663  43.173 0.8888890147
45844  -17.538  -19.194  43.799 0.8888890147
51578  -26.443  -12.937  41.645 0.3333329856
45845  -18.401  -19.581  43.382 0.8888890147
51586  -26.016  -12.876  40.968 0.3333329856
53595  -26.415  -11.627  41.042 0.3333329856
45832  -19.166  -20.128  43.899 0.8888890147
111035  -20.099  -20.465  44.003 0.7777780294
132121  -26.635  -14.434  39.961 0.3333329856
51595  -25.629  -12.675  40.275 0.3333329856
52562  -25.855  -12.088  40.710 0.3333329856
119448  -25.591  -13.301  39.827 0.3333329856
51594  -25.158  -12.468  39.496 0.3333329856
51601  -24.731  -12.788  38.743 0.4444440007
51611  -24.384  -13.272  37.950 0.5555559993
50682  -25.186  -13.890  38.362 0.5555559993
49650  -25.128  -16.047  36.512 0.8888890147
50703  -24.642  -15.203  36.748 0.8888890147
46700  -11.686  -18.388  50.077 0.1111110002
47611  -11.682  -17.639  48.506 0.1111110002
46719  -11.810  -17.989  47.709 0.4444440007
46724  -11.890  -18.319  46.986 0.4444440007
47620  -11.930  -17.862  46.408 0.3333329856
46725  -12.113  -18.586  46.209 0.4444440007
118715  -12.362  -16.985  45.373 0.3333329856
47633  -12.629  -17.603  44.879 0.4444440007
46741  -12.994  -18.798  43.705 0.7777780294
46753  -13.610  -19.011  43.051 0.7777780294
46754  -14.268  -19.003  42.855 0.7777780294
46762  -15.582  -18.007  42.437 0.8888890147
46763  -16.358  -18.156  42.299 0.7777780294
46764  -17.173  -18.372  42.144 0.8888890147
45851  -17.726  -19.027  42.833 0.8888890147
45852  -18.536  -19.355  42.393 0.8888890147
44815  -19.900  -20.385  43.162 0.8888890147
44816  -20.557  -20.566  43.412 0.8888890147
44817  -21.262  -20.722  43.300 0.6666669846
111609  -22.263  -20.891  43.269 0.7777780294
44831  -21.600  -20.758  42.475 0.8888890147
44833  -23.314  -20.808  42.057 0.6666669846
52575  -25.405  -11.519  39.201 0.2222220004
52576  -25.549  -11.837  40.002 0.2222220004
44844  -22.598  -20.726  41.322 0.8888890147
44845  -23.461  -20.700  41.282 0.8888890147
44856  -24.014  -20.553  40.633 0.8888890147
127815  -23.434  -20.520  39.904 0.8888890147
44863  -23.254  -20.376  39.178 0.8888890147
45886  -24.360  -19.625  38.416 0.7777780294
46807  -24.409  -18.417  37.699 0.8888890147
47689  -24.172  -17.585  37.405 0.8888890147
48614  -24.433  -17.093  36.683 0.8888890147
48623  -24.085  -16.235  36.438 0.8888890147
50702  -23.872  -14.857  36.474 0.8888890147
50691  -24.116  -14.089  37.001 0.7777780294
48612  -23.202  -16.113  37.577 0.8888890147
49636  -23.375  -15.785  36.738 0.8888890147
49648  -23.628  -15.381  36.438 0.8888890147
111604  -11.569  -16.825  48.889 0.1111110002
47634  -12.924  -17.810  43.995 0.6666669846
48530  -12.828  -16.981  44.603 0.3333329856
123939  -13.345  -18.315  43.298 0.5555559993
47641  -13.459  -17.586  43.271 0.4444440007
46761  -14.682  -18.153  42.676 0.7777780294
47647  -15.941  -17.252  41.835 0.7777780294
47648  -16.775  -17.618  41.587 0.7777780294
46765  -17.973  -18.682  41.827 0.8888890147
53613  -26.981  -10.999  40.501 0.2222220004
53614  -28.007  -10.963  40.652 0.1111110002
45853  -19.228  -19.669  41.884 0.8888890147
112743  -22.485  -20.837  42.320 0.7777780294
53631  -26.905  -11.023  39.687 0.2222220004
53632  -27.919  -11.175  39.797 0.2222220004
44829  -19.823  -20.220  42.223 0.8888890147
44841  -19.724  -19.951  41.382 0.8888890147
44830  -20.647  -20.559  42.528 0.8888890147
53630  -26.078  -11.197  39.513 0.2222220004
44855  -23.088  -20.648  40.519 0.8888890147
48591  -22.730  -15.683  39.154 0.6666669846
50665  -21.781  -14.037  39.869 0.3333329856
52574  -21.230  -12.592  39.617 0.3333329856
112152  -21.077  -11.949  39.087 0.4444440007
53646  -26.822  -11.154  39.029 0.2222220004
119769  -22.755  -20.499  39.675 0.8888890147
44868  -23.079  -20.116  38.702 0.8888890147
45885  -23.712  -19.715  38.482 0.7777780294
47683  -24.035  -18.209  38.215 0.7777780294
50673  -21.461  -14.242  38.989 0.3333329856
51599  -21.163  -13.579  38.466 0.6666669846
114468  -21.415  -12.963  37.319 0.6666669846
51623  -22.366  -13.321  36.407 0.8888890147
52624  -22.780  -12.399  36.251 0.8888890147
51600  -24.318  -12.152  38.151 0.5555559993
52591  -24.774  -11.817  38.766 0.4444440007
53645  -26.193  -11.151  38.712 0.2222220004
49625  -22.485  -15.591  38.084 0.8888890147
49634  -21.933  -14.975  37.605 0.7777780294
50689  -21.766  -14.301  37.141 0.8888890147
50700  -22.404  -14.215  36.452 0.8888890147
51625  -23.395  -13.664  36.639 0.8888890147
51610  -23.884  -12.701  37.404 0.8888890147
53644  -25.475  -11.261  38.362 0.4444440007
49635  -22.614  -15.403  37.144 0.8888890147
50690  -22.252  -14.834  36.879 0.8888890147
49647  -22.863  -15.060  36.467 0.8888890147
50701  -23.148  -14.521  36.324 0.8888890147
52608  -24.350  -11.631  37.237 0.5555559993
52609  -24.839  -11.392  37.940 0.5555559993
48540  -14.049  -16.377  42.964 0.5555559993
49564  -15.044  -15.797  42.471 0.4444440007
48550  -15.379  -16.453  42.035 0.5555559993
47646  -15.056  -17.295  42.300 0.6666669846
52530  -22.406  -12.202  44.428 0.1111110002
47656  -17.322  -17.040  40.983 0.7777780294
51556  -22.842  -13.196  43.243 0.1111110002
46771  -17.524  -17.968  41.251 0.7777780294
49585  -24.358  -15.980  41.375 0.4444440007
50654  -23.788  -15.013  41.729 0.3333329856
50641  -23.197  -14.123  42.039 0.2222220004
112477  -22.439  -12.581  42.665 0.1111110002
53633  -29.037  -11.564  40.011 0.1111110002
45860  -18.676  -19.067  41.394 0.8888890147
121784  -22.614  -13.553  41.503 0.2222220004
52577  -28.682  -11.835  39.157 0.2222220004
44852  -20.846  -20.275  40.559 0.8888890147
44843  -21.688  -20.587  40.919 0.8888890147
129839  -21.556  -20.364  40.110 0.8888890147
49602  -23.986  -16.150  40.606 0.4444440007
49584  -23.445  -15.239  40.918 0.4444440007
55535  -21.790  -9.995  38.030 0.2222220004
52594  -28.387  -12.105  38.419 0.2222220004
53647  -27.703  -11.412  39.025 0.2222220004
44854  -22.250  -20.573  40.293 0.8888890147
50666  -22.529  -14.598  40.407 0.5555559993
55550  -21.793  -10.024  37.261 0.5555559993
54586  -21.520  -10.582  37.846 0.5555559993
52593  -27.307  -11.669  38.293 0.2222220004
45878  -22.439  -20.024  38.833 0.8888890147
45879  -23.131  -19.693  38.645 0.7777780294
46798  -23.904  -19.106  38.308 0.7777780294
116302  -23.709  -17.013  39.399 0.7777780294
131318  -23.333  -16.320  39.275 0.7777780294
115987  -21.806  -11.054  36.517 0.6666669846
53663  -21.986  -11.761  36.234 0.7777780294
51609  -23.516  -12.253  36.646 0.8888890147
52592  -26.418  -11.400  37.902 0.2222220004
52641  -23.049  -11.675  35.473 0.7777780294
52625  -24.376  -11.635  36.248 0.8888890147
118560  -25.197  -11.378  37.184 0.5555559993
52610  -25.736  -11.327  37.531 0.4444440007
49548  -14.473  -15.565  43.097 0.4444440007
49565  -15.696  -15.509  42.207 0.4444440007
48551  -16.255  -16.194  41.652 0.5555559993
48562  -16.979  -16.383  41.315 0.5555559993
128318  -23.946  -14.339  43.184 0.1111110002
51557  -23.498  -13.762  43.636 0.1111110002
47655  -16.617  -16.903  41.432 0.6666669846
50642  -23.932  -14.690  42.522 0.2222220004
48557  -24.700  -16.787  41.869 0.3333329856
52578  -29.571  -12.214  39.246 0.1111110002
47657  -18.080  -17.540  40.654 0.7777780294
46778  -18.753  -18.013  40.479 0.8888890147
48567  -24.383  -16.846  41.132 0.4444440007
45861  -19.373  -19.340  40.872 0.8888890147
44853  -21.217  -20.004  39.701 0.8888890147
48579  -24.071  -16.947  40.351 0.6666669846
52611  -27.290  -12.142  37.455 0.2222220004
124903  -29.291  -12.370  38.532 0.1111110002
44861  -22.031  -20.275  39.436 0.8888890147
46783  -23.309  -18.462  39.319 0.7777780294
47677  -23.758  -17.956  39.027 0.7777780294
118654  -22.134  -10.894  35.886 0.6666669846
128573  -26.551  -11.867  37.246 0.5555559993
52612  -28.209  -12.377  37.654 0.2222220004
117491  -22.437  -10.740  35.265 0.7777780294
53668  -22.601  -11.302  35.470 0.7777780294
116621  -23.612  -11.726  35.800 0.8888890147
52626  -25.199  -11.597  36.465 0.7777780294
52627  -26.136  -11.906  36.667 0.5555559993
52628  -27.164  -12.393  36.700 0.5555559993
52642  -24.399  -11.838  35.323 0.8888890147
52643  -25.188  -11.985  35.598 0.8888890147
52644  -26.057  -12.329  35.747 0.8888890147
50639  -16.985  -14.659  42.667 0.3333329856
49566  -16.550  -15.220  42.056 0.5555559993
49581  -17.102  -15.717  41.548 0.4444440007
49554  -25.197  -16.291  43.177 0.2222220004
49553  -24.685  -15.083  43.066 0.1111110002
50612  -24.475  -14.435  43.877 0.1111110002
49582  -17.898  -15.508  41.520 0.3333329856
48564  -18.439  -15.902  40.926 0.2222220004
130996  -25.006  -16.809  42.534 0.2222220004
47666  -18.127  -16.659  40.554 0.5555559993
48576  -18.839  -16.399  40.561 0.5555559993
47650  -24.098  -17.545  41.650 0.3333329856
47667  -18.731  -17.177  40.375 0.6666669846
47668  -19.351  -17.692  40.294 0.6666669846
47670  -23.410  -17.897  40.877 0.5555559993
46773  -18.878  -18.681  40.728 0.7777780294
46779  -19.469  -18.559  40.315 0.8888890147
45868  -19.896  -19.263  40.276 0.8888890147
46782  -22.708  -18.400  39.813 0.7777780294
112013  -24.015  -17.412  40.889 0.5555559993
56561  -22.700  -8.915  36.093 0.4444440007
45869  -20.522  -19.596  40.051 0.8888890147
45876  -21.070  -19.310  39.565 0.7777780294
46788  -21.785  -19.115  39.344 0.7777780294
47671  -23.634  -17.737  40.018 0.7777780294
56540  -22.768  -8.995  36.920 0.4444440007
45877  -21.762  -19.757  39.195 0.7777780294
46789  -22.572  -19.290  38.990 0.7777780294
55580  -22.824  -9.509  34.653 0.5555559993
55571  -22.319  -9.498  35.830 0.5555559993
52613  -29.047  -12.554  37.831 0.2222220004
52595  -29.781  -12.687  37.888 0.1111110002
54612  -23.582  -10.287  33.455 0.6666669846
53678  -23.323  -11.043  34.030 0.7777780294
53669  -23.208  -11.379  34.713 0.7777780294
52630  -29.027  -12.821  37.064 0.2222220004
53687  -24.248  -11.461  32.593 0.7777780294
53686  -23.793  -11.313  33.319 0.7777780294
52658  -24.379  -12.212  34.276 0.8888890147
52659  -25.133  -12.513  34.636 0.8888890147
51638  -25.930  -12.777  34.871 0.8888890147
52645  -26.980  -12.615  35.899 0.7777780294
51626  -27.868  -12.924  36.090 0.5555559993
52629  -28.082  -12.634  36.856 0.3333329856
52674  -25.150  -12.915  33.590 0.8888890147
51639  -26.798  -13.020  35.063 0.8888890147
51627  -28.702  -13.120  36.268 0.6666669846
49568  -18.200  -15.075  42.257 0.2222220004
112901  -19.022  -15.268  42.589 0.2222220004
49551  -19.838  -15.616  42.979 0.2222220004
49583  -18.743  -15.492  41.681 0.2222220004
48552  -19.591  -15.699  41.998 0.2222220004
122675  -23.719  -17.659  43.119 0.1111110002
48565  -19.269  -15.935  41.085 0.3333329856
126742  -20.547  -17.070  41.072 0.4444440007
47659  -21.702  -17.547  41.429 0.2222220004
47649  -22.967  -17.744  41.644 0.2222220004
48556  -24.464  -17.443  42.446 0.1111110002
48577  -19.579  -16.771  40.625 0.4444440007
48578  -20.035  -17.451  40.429 0.4444440007
47658  -20.869  -17.911  40.437 0.4444440007
47669  -22.306  -18.041  40.700 0.3333329856
57519  -24.436  -7.895  35.857 0.2222220004
57499  -24.107  -8.053  36.713 0.2222220004
118665  -19.940  -18.049  40.101 0.5555559993
46780  -20.314  -18.765  39.877 0.6666669846
46781  -21.400  -18.616  39.856 0.6666669846
122270  -23.950  -8.257  35.310 0.2222220004
57498  -23.737  -8.201  35.977 0.3333329856
56619  -23.747  -8.811  34.109 0.3333329856
56584  -23.256  -8.525  35.624 0.3333329856
56602  -23.156  -8.965  34.547 0.5555559993
54613  -24.166  -9.962  32.776 0.6666669846
55592  -23.357  -9.443  34.038 0.5555559993
51628  -29.505  -13.273  36.348 0.2222220004
52673  -24.359  -12.209  33.215 0.7777780294
128689  -29.118  -13.414  35.722 0.6666669846
52687  -24.757  -12.207  32.186 0.7777780294
52688  -25.042  -12.768  32.722 0.7777780294
51656  -26.577  -13.431  34.157 0.8888890147
51657  -27.515  -13.434  34.546 0.8888890147
51641  -28.452  -13.349  35.530 0.7777780294
52702  -25.335  -12.301  31.485 0.7777780294
51689  -25.413  -12.911  31.999 0.8888890147
51679  -26.416  -13.532  32.722 0.8888890147
126619  -25.750  -7.217  36.200 0.2222220004
57538  -25.538  -7.710  35.056 0.2222220004
57520  -25.283  -7.564  35.676 0.2222220004
121151  -24.990  -7.486  36.449 0.2222220004
56604  -25.323  -8.144  34.325 0.4444440007
56603  -24.256  -8.393  34.512 0.4444440007
56620  -24.625  -8.661  33.541 0.5555559993
55608  -25.155  -9.418  32.181 0.7777780294
55607  -24.597  -9.221  32.748 0.5555559993
123578  -24.646  -9.821  32.305 0.6666669846
54621  -24.454  -10.626  32.222 0.6666669846
54633  -25.517  -10.570  31.248 0.7777780294
54632  -24.886  -10.979  31.572 0.6666669846
53706  -24.942  -11.676  31.620 0.6666669846
52717  -25.478  -11.514  31.085 0.7777780294
51669  -27.550  -13.612  33.624 0.8888890147
51658  -28.315  -13.544  34.255 0.8888890147
54644  -26.031  -10.944  30.629 0.7777780294
51690  -26.210  -13.361  31.886 0.7777780294
51680  -27.175  -13.670  32.783 0.8888890147
51670  -28.558  -13.591  33.494 0.8888890147
53716  -26.176  -11.801  30.369 0.8888890147
128085  -25.789  -12.268  30.908 0.8888890147
51691  -26.982  -13.523  31.528 1.0000000000
112207  -27.537  -13.669  32.071 1.0000000000
51681  -29.011  -13.545  32.741 0.8888890147
51682  -30.052  -13.297  32.715 1.0000000000
51683  -30.995  -13.029  33.061 0.8888890147
52733  -26.781  -12.278  29.841 1.0000000000
126356  -27.200  -13.359  30.841 1.0000000000
118837  -28.441  -13.423  30.996 1.0000000000
51694  -30.104  -13.062  31.817 1.0000000000
52689  -30.807  -12.843  32.246 0.8888890147
52734  -27.431  -12.525  29.380 1.0000000000
51700  -27.049  -12.988  30.151 1.0000000000
51701  -27.854  -13.320  30.367 1.0000000000
51693  -29.314  -13.244  31.202 0.8888890147
52704  -30.186  -12.753  31.056 1.0000000000
51709  -28.247  -13.065  29.706 1.0000000000
52736  -28.997  -12.758  29.410 1.0000000000
52719  -29.611  -12.830  30.323 1.0000000000
57521  -26.226  -7.338  35.460 0.3333329856
57539  -26.098  -7.723  34.702 0.5555559993
57540  -26.981  -7.712  34.723 0.3333329856
56605  -26.434  -8.145  34.025 0.5555559993
56634  -25.305  -8.877  32.732 0.6666669846
55625  -25.712  -9.792  31.614 0.8888890147
54634  -26.282  -10.195  30.995 0.7777780294
52675  -31.881  -12.732  33.415 0.8888890147
121900  -26.513  -11.174  30.105 1.0000000000
53727  -26.722  -11.630  29.773 1.0000000000
52690  -31.593  -12.555  32.535 0.8888890147
53728  -27.225  -11.782  29.138 1.0000000000
51708  -27.696  -12.996  29.673 1.0000000000
52720  -30.329  -12.412  30.397 1.0000000000
52721  -30.973  -12.223  30.926 1.0000000000
52706  -31.346  -12.368  31.746 0.8888890147
52707  -32.071  -12.019  31.986 0.7777780294
52735  -28.101  -12.709  29.130 1.0000000000
52737  -29.984  -12.332  29.648 1.0000000000
53717  -30.707  -11.877  30.078 1.0000000000
53718  -31.407  -11.418  30.490 1.0000000000
53707  -31.729  -11.725  31.251 0.8888890147
53708  -32.466  -11.269  31.480 0.7777780294
53729  -29.581  -12.056  28.805 1.0000000000
53730  -30.390  -11.602  29.260 1.0000000000
53731  -31.093  -11.066  29.729 1.0000000000
56621  -25.698  -8.477  33.412 0.7777780294
56622  -26.538  -8.504  33.271 0.5555559993
55609  -25.927  -9.198  32.104 0.7777780294
55626  -26.583  -9.529  31.407 0.7777780294
55642  -26.993  -9.846  30.748 1.0000000000
54645  -26.732  -10.465  30.278 1.0000000000
54663  -26.976  -10.964  29.500 1.0000000000
53738  -27.710  -11.490  28.527 1.0000000000
52750  -28.654  -12.208  28.581 1.0000000000
53719  -32.105  -10.870  30.788 1.0000000000
54680  -27.756  -10.695  28.223 1.0000000000
53739  -28.379  -11.452  28.112 1.0000000000
53740  -29.232  -11.526  28.147 1.0000000000
53741  -30.079  -11.215  28.514 1.0000000000
54665  -30.789  -10.649  29.007 1.0000000000
54648  -32.484  -9.967  30.334 0.8888890147
54699  -28.399  -10.610  27.806 1.0000000000
53750  -29.078  -10.818  27.744 1.0000000000
54681  -29.741  -10.722  28.065 1.0000000000
54682  -30.465  -10.111  28.378 1.0000000000
54683  -31.177  -9.735  28.688 1.0000000000
54667  -32.157  -9.653  29.656 1.0000000000
54684  -31.905  -9.412  28.902 1.0000000000
56623  -27.360  -8.430  33.541 0.3333329856
119640  -27.162  -8.677  32.689 0.5555559993
129606  -26.870  -9.020  31.989 0.7777780294
55627  -27.410  -9.136  31.164 0.6666669846
56645  -27.773  -8.708  31.997 0.5555559993
56646  -28.012  -8.421  31.428 0.5555559993
130077  -27.122  -9.998  30.270 1.0000000000
55643  -27.230  -9.439  30.195 0.8888890147
54664  -27.338  -10.348  28.938 1.0000000000
55656  -27.252  -9.512  29.202 0.8888890147
120952  -27.369  -11.089  28.815 1.0000000000
55674  -27.554  -9.575  28.339 1.0000000000
54649  -33.250  -9.653  30.601 0.5555559993
54698  -28.007  -9.849  27.808 1.0000000000
121778  -28.753  -9.816  27.596 1.0000000000
55694  -29.204  -9.308  27.316 1.0000000000
54700  -29.751  -9.786  27.786 1.0000000000
54701  -30.693  -9.451  28.078 1.0000000000
54668  -32.925  -9.414  29.870 0.7777780294
55644  -33.730  -9.433  30.151 0.4444440007
55712  -28.972  -8.839  26.907 0.8888890147
55696  -30.999  -9.410  27.473 1.0000000000
55675  -31.611  -9.351  28.067 1.0000000000
55657  -32.720  -9.339  29.068 0.8888890147
55676  -33.428  -9.611  28.331 0.7777780294
55658  -33.537  -9.426  29.262 0.5555559993
55678  -35.092  -10.046  28.764 0.4444440007
126521  -35.204  -9.885  29.783 0.3333329856
131497  -30.721  -9.431  26.880 1.0000000000
111185  -31.768  -9.605  27.085 1.0000000000
117398  -32.536  -9.426  28.220 0.7777780294
55699  -34.099  -10.006  27.642 0.6666669846
54686  -35.750  -10.208  28.102 0.4444440007
55697  -32.474  -9.689  27.252 0.8888890147
54702  -33.931  -10.047  26.793 0.7777780294
54685  -34.910  -10.177  27.852 0.5555559993
56647  -28.401  -8.285  32.221 0.3333329856
56655  -27.582  -8.606  30.567 0.5555559993
54646  -27.153  -10.136  29.739 0.8888890147
56664  -27.332  -8.722  29.584 0.7777780294
129939  -27.455  -8.008  29.095 0.6666669846
56676  -27.343  -8.764  28.666 0.7777780294
56692  -27.566  -8.651  27.979 0.7777780294
56693  -27.976  -8.447  27.437 0.8888890147
56708  -28.584  -8.291  26.742 0.7777780294
55713  -29.557  -9.090  26.633 1.0000000000
56724  -28.822  -8.092  25.887 0.8888890147
56709  -29.114  -8.588  26.156 1.0000000000
55714  -30.426  -9.357  26.190 1.0000000000
55715  -31.339  -9.602  26.367 1.0000000000
54687  -36.757  -10.103  28.327 0.3333329856
56725  -29.197  -8.333  25.241 1.0000000000
55728  -29.941  -8.819  24.807 1.0000000000
55729  -30.501  -9.277  25.082 1.0000000000
111790  -32.962  -9.944  25.605 1.0000000000
54715  -34.504  -9.944  26.228 0.6666669846
54716  -35.110  -9.881  26.482 0.6666669846
55730  -31.106  -9.548  25.444 1.0000000000
112502  -31.978  -9.793  25.244 1.0000000000
111433  -33.609  -9.826  25.116 1.0000000000
55731  -34.334  -9.797  25.477 0.7777780294
57571  -27.931  -7.796  30.847 0.4444440007
57572  -28.509  -7.656  31.687 0.4444440007
122053  -27.565  -7.939  29.964 0.4444440007
57580  -27.672  -7.040  30.191 0.4444440007
57588  -27.348  -7.214  28.718 0.5555559993
121467  -27.467  -7.935  28.305 0.5555559993
57598  -27.291  -7.114  27.923 0.5555559993
118980  -27.648  -7.826  27.655 0.6666669846
57613  -28.085  -7.703  27.018 0.6666669846
58549  -28.669  -7.096  25.950 0.5555559993
57627  -28.514  -7.602  26.271 0.6666669846
57641  -28.877  -7.621  25.512 0.5555559993
56737  -29.603  -8.284  24.664 1.0000000000
56746  -30.858  -8.755  23.721 1.0000000000
55737  -31.280  -9.509  24.576 1.0000000000
55745  -31.484  -9.275  23.722 1.0000000000
121604  -32.721  -9.550  23.989 1.0000000000
55739  -33.503  -9.520  24.269 1.0000000000
126603  -34.892  -9.266  24.736 1.0000000000
55748  -33.835  -9.030  23.651 1.0000000000
56739  -34.614  -8.769  23.952 1.0000000000
58494  -28.140  -6.863  31.003 0.3333329856
128578  -28.594  -6.006  31.126 0.2222220004
58502  -27.544  -6.499  29.343 0.3333329856
58503  -28.026  -6.098  30.199 0.3333329856
59411  -29.297  -5.184  31.342 0.2222220004
133944  -27.808  -5.896  29.473 0.3333329856
60342  -28.902  -4.813  29.856 0.3333329856
60358  -28.837  -4.707  29.043 0.3333329856
132313  -29.483  -4.483  28.788 0.3333329856
58525  -27.608  -6.496  27.647 0.5555559993
134196  -27.888  -6.631  27.198 0.5555559993
60375  -28.998  -4.749  28.063 0.3333329856
58526  -28.272  -6.088  27.153 0.5555559993
114815  -28.943  -5.312  27.185 0.3333329856
59467  -28.963  -5.889  26.555 0.5555559993
58550  -29.106  -6.947  25.340 0.5555559993
58563  -29.587  -7.216  24.743 0.7777780294
57657  -30.517  -8.054  23.878 1.0000000000
56747  -31.541  -8.673  23.297 1.0000000000
56749  -32.628  -8.875  23.075 1.0000000000
56755  -32.280  -8.366  22.837 1.0000000000
129532  -32.946  -8.413  22.590 1.0000000000
123224  -34.239  -8.469  23.115 1.0000000000
57668  -34.683  -7.810  22.667 1.0000000000
61246  -32.877  -3.662  31.964 0.1111110002
61255  -33.647  -3.657  31.500 0.1111110002
133665  -34.178  -3.565  32.047 0.1111110002
59416  -29.359  -4.702  30.487 0.3333329856
121819  -30.490  -4.309  31.098 0.2222220004
111807  -30.817  -4.234  30.347 0.1111110002
60329  -32.198  -3.961  30.713 0.1111110002
60320  -32.871  -3.762  31.124 0.1111110002
60327  -30.046  -4.373  30.410 0.3333329856
60345  -31.553  -4.180  30.248 0.1111110002
60346  -32.226  -4.322  29.701 0.1111110002
130188  -32.831  -4.007  30.368 0.2222220004
60343  -29.575  -4.450  29.650 0.3333329856
115951  -30.195  -4.337  29.048 0.2222220004
60344  -31.109  -4.322  29.487 0.1111110002
60376  -29.722  -4.899  27.381 0.2222220004
60360  -30.840  -4.572  28.520 0.2222220004
125066  -30.399  -5.209  26.975 0.2222220004
59469  -30.769  -5.724  26.329 0.2222220004
59449  -29.698  -5.489  26.571 0.3333329856
59468  -29.460  -6.207  25.852 0.4444440007
59483  -30.371  -6.139  25.535 0.3333329856
58551  -29.799  -6.615  24.958 0.4444440007
58552  -31.034  -6.528  24.809 0.5555559993
58565  -31.450  -6.929  24.101 0.8888890147
57658  -31.075  -7.672  23.618 1.0000000000
58574  -32.084  -6.695  23.028 0.8888890147
57666  -31.634  -8.010  23.099 1.0000000000
57667  -32.286  -7.437  22.584 1.0000000000
56756  -32.932  -7.849  22.237 1.0000000000
58582  -32.863  -6.985  21.977 1.0000000000
57674  -33.541  -7.281  21.903 0.8888890147
58594  -34.003  -6.704  21.698 0.8888890147
58583  -35.173  -6.763  22.309 1.0000000000
59518  -35.361  -5.830  22.193 0.8888890147
58584  -35.904  -6.254  22.769 0.8888890147
59519  -36.112  -5.140  22.693 0.7777780294
61268  -34.147  -3.789  30.868 0.2222220004
60331  -34.280  -4.166  30.019 0.2222220004
60362  -32.765  -4.796  28.821 0.2222220004
60361  -31.805  -4.697  28.756 0.2222220004
60379  -32.393  -5.388  28.119 0.2222220004
60378  -31.519  -5.200  27.922 0.2222220004
59484  -31.542  -6.141  25.646 0.3333329856
115010  -32.027  -6.351  24.845 0.5555559993
58566  -31.856  -6.451  23.766 0.7777780294
58581  -32.413  -6.456  22.351 0.8888890147
58592  -32.743  -6.088  21.792 0.8888890147
129314  -33.960  -5.852  21.570 0.8888890147
59530  -34.754  -5.389  21.803 0.8888890147
122048  -35.413  -4.787  22.235 0.8888890147
60432  -36.473  -4.244  22.880 0.8888890147
60431  -35.944  -4.064  22.605 0.8888890147
61344  -36.532  -3.510  22.648 0.8888890147
61345  -37.232  -3.190  22.702 0.8888890147
59451  -32.111  -5.602  27.287 0.2222220004
59452  -32.923  -5.576  27.415 0.2222220004
59453  -33.605  -5.449  27.541 0.2222220004
59471  -32.637  -5.626  26.606 0.3333329856
59472  -33.484  -5.358  26.763 0.3333329856
60403  -33.629  -4.981  26.026 0.3333329856
114264  -32.330  -5.857  25.804 0.3333329856
59485  -32.507  -5.586  25.228 0.3333329856
60402  -32.997  -4.787  25.384 0.4444440007
112433  -33.513  -4.303  25.714 0.3333329856
59500  -32.104  -5.740  24.264 0.4444440007
60422  -32.080  -5.047  23.742 0.4444440007
59517  -32.307  -5.503  22.219 0.7777780294
59527  -32.692  -5.221  21.732 0.8888890147
60442  -33.805  -4.210  21.631 0.8888890147
60443  -34.733  -4.241  21.947 0.8888890147
62236  -37.516  -2.751  22.214 0.8888890147
61357  -35.171  -3.200  22.067 0.8888890147
62248  -35.861  -2.718  21.652 0.8888890147
61358  -36.605  -2.883  22.229 0.8888890147
61318  -33.001  -3.822  25.360 0.3333329856
61328  -32.384  -3.780  24.777 0.3333329856
61327  -31.805  -3.408  24.012 0.6666669846
60421  -31.731  -4.107  23.402 0.6666669846
60429  -31.824  -3.941  22.498 0.7777780294
61342  -31.906  -3.106  22.220 0.7777780294
60430  -32.183  -4.591  22.058 0.7777780294
60441  -32.791  -4.241  21.628 0.8888890147
61355  -33.404  -3.372  21.533 0.8888890147
62249  -38.516  -2.592  21.772 0.8888890147
61356  -34.381  -3.346  21.692 0.8888890147
62247  -34.948  -2.684  21.462 0.8888890147
62261  -36.375  -2.588  20.614 0.8888890147
62262  -37.730  -2.771  21.131 0.8888890147
132255  -36.189  -2.428  19.883 0.8888890147
62277  -36.527  -2.328  19.174 0.8888890147
62295  -37.885  -2.412  18.106 0.8888890147
128401  -37.435  -1.670  17.881 0.8888890147
64194  -37.922  -1.069  17.643 0.8888890147
64195  -38.543  -0.916  17.358 0.8888890147
65124  -39.785  0.371  16.073 0.8888890147
66138  -40.569  1.313  15.269 0.8888890147
62226  -31.809  -2.614  23.632 0.5555559993
61335  -31.656  -3.302  23.083 0.7777780294
62234  -31.740  -2.662  22.853 0.6666669846
62245  -33.115  -2.562  21.433 0.8888890147
62244  -32.382  -2.298  21.807 0.7777780294
62246  -34.082  -2.553  21.347 0.8888890147
62258  -33.622  -1.911  21.230 0.8888890147
125364  -34.768  -2.275  20.914 0.8888890147
62260  -35.506  -2.402  20.624 0.8888890147
63231  -34.472  -1.305  20.262 0.8888890147
63237  -35.053  -1.357  19.629 0.8888890147
62276  -35.692  -2.021  19.564 0.8888890147
62293  -36.157  -1.891  18.868 0.8888890147
63246  -35.615  -1.389  18.971 0.8888890147
63247  -36.213  -1.407  18.491 0.8888890147
63248  -36.804  -1.372  18.155 0.8888890147
64180  -36.494  -0.699  18.308 0.8888890147
64181  -37.363  -0.676  17.962 0.8888890147
64182  -38.131  -0.262  17.711 0.8888890147
65110  -38.633  -0.005  17.279 0.8888890147
124265  -39.277  0.013  16.560 0.8888890147
132268  -39.237  0.698  16.246 0.8888890147
65137  -40.167  0.894  15.676 0.8888890147
66137  -39.860  1.517  15.082 0.8888890147
66149  -40.615  1.696  14.834 0.8888890147
66139  -41.333  1.549  15.136 0.7777780294
66140  -42.279  1.635  15.294 0.6666669846
66141  -43.105  1.833  15.549 0.6666669846
67116  -41.178  2.087  14.371 0.6666669846
63211  -31.892  -1.998  23.123 0.5555559993
63217  -32.164  -1.495  22.413 0.5555559993
63223  -32.632  -1.393  21.719 0.5555559993
63224  -33.247  -1.298  21.282 0.6666669846
63230  -33.882  -1.283  20.829 0.6666669846
64172  -34.637  -0.660  19.876 0.8888890147
64173  -35.197  -0.668  19.274 0.8888890147
64179  -35.785  -0.670  18.684 0.8888890147
133670  -37.034  -0.027  18.362 0.8888890147
128751  -38.397  0.766  17.714 0.8888890147
65123  -38.802  0.762  16.972 0.8888890147
67105  -38.258  1.793  16.877 0.8888890147
66136  -39.006  1.680  15.319 0.8888890147
67124  -40.145  2.052  14.394 0.8888890147
67117  -42.000  2.040  14.622 0.6666669846
64148  -32.642  -0.576  23.531 0.5555559993
64160  -32.506  -0.804  22.111 0.5555559993
64161  -32.941  -0.659  21.624 0.5555559993
65076  -33.338  0.080  21.588 0.5555559993
64166  -33.550  -0.569  21.080 0.5555559993
64167  -34.103  -0.615  20.470 0.7777780294
66086  -34.530  1.274  21.140 0.5555559993
115478  -34.371  -0.010  20.246 0.7777780294
65084  -34.569  0.716  20.477 0.5555559993
65085  -35.345  0.745  19.919 0.4444440007
65092  -35.541  0.063  19.203 0.7777780294
65100  -36.286  0.069  18.712 0.6666669846
65093  -37.196  0.729  18.879 0.6666669846
66106  -38.354  1.358  18.460 0.7777780294
68046  -38.506  2.528  18.743 0.5555559993
67095  -38.168  2.048  17.868 0.5555559993
67094  -37.564  2.720  17.062 0.5555559993
68059  -37.587  3.230  16.262 0.5555559993
67115  -38.362  2.054  15.859 0.7777780294
67114  -37.835  2.545  16.361 0.5555559993
68075  -38.254  3.143  14.700 0.8888890147
67133  -38.818  2.776  14.192 0.8888890147
67136  -41.662  2.581  13.822 0.7777780294
132951  -41.872  2.288  14.186 0.7777780294
67125  -42.442  2.585  14.224 0.6666669846
65054  -35.302  0.598  24.597 0.3333329856
65061  -33.539  0.355  23.114 0.5555559993
65062  -34.313  0.631  23.442 0.4444440007
65060  -32.889  -0.055  22.912 0.5555559993
65069  -33.346  0.370  22.324 0.5555559993
65077  -33.914  0.806  21.596 0.5555559993
66087  -35.179  1.384  20.599 0.5555559993
66097  -35.909  1.384  20.116 0.4444440007
66098  -36.860  1.355  19.701 0.4444440007
116350  -36.132  0.756  19.374 0.4444440007
66099  -37.965  1.396  19.404 0.3333329856
67077  -38.839  2.240  19.677 0.1111110002
132893  -39.051  2.579  19.827 0.1111110002
66100  -38.501  1.727  19.155 0.4444440007
67085  -38.641  1.940  19.102 0.2222220004
68991  -38.466  3.731  18.433 0.4444440007
68053  -37.787  3.125  17.759 0.5555559993
68997  -37.895  4.133  17.568 0.5555559993
69004  -37.581  4.076  16.085 0.5555559993
69941  -37.958  4.972  15.779 0.5555559993
68067  -37.987  2.789  15.562 0.5555559993
68074  -37.825  3.613  15.361 0.5555559993
68085  -39.943  2.974  13.194 0.8888890147
68086  -40.981  2.940  13.201 0.7777780294
67137  -42.329  2.861  13.782 0.6666669846
68076  -42.932  3.079  14.002 0.6666669846
67126  -43.190  2.935  14.527 0.6666669846
67019  -37.251  2.078  26.222 0.1111110002
114216  -36.510  1.515  25.224 0.1111110002
65053  -34.646  0.282  24.225 0.4444440007
66056  -35.678  1.303  24.166 0.3333329856
66064  -36.147  1.822  23.640 0.1111110002
65063  -35.003  0.947  23.844 0.2222220004
130469  -35.502  1.487  23.365 0.1111110002
66070  -34.808  1.189  22.972 0.4444440007
66078  -34.636  1.302  22.025 0.3333329856
66071  -35.386  1.631  22.499 0.2222220004
66072  -36.027  2.064  22.162 0.2222220004
65070  -34.032  0.834  22.579 0.4444440007
66079  -35.354  1.739  21.463 0.4444440007
66080  -36.182  2.172  21.260 0.2222220004
67068  -37.010  2.377  20.999 0.3333329856
133994  -35.758  1.825  20.740 0.4444440007
66088  -36.462  1.941  20.476 0.4444440007
67069  -37.964  2.349  20.770 0.2222220004
67070  -38.834  2.354  20.439 0.2222220004
67071  -39.211  2.690  20.270 0.2222220004
67078  -39.413  3.150  20.076 0.1111110002
68976  -40.556  4.382  20.284 0.1111110002
68985  -40.900  5.047  19.941 0.1111110002
66089  -37.486  1.891  20.158 0.3333329856
66090  -38.452  1.913  19.884 0.2222220004
68041  -39.839  3.914  19.964 0.1111110002
68983  -39.546  4.103  19.420 0.2222220004
69920  -40.503  5.214  19.392 0.1111110002
69928  -40.315  5.606  18.830 0.1111110002
133835  -39.318  3.417  19.630 0.1111110002
68992  -39.225  4.363  18.797 0.3333329856
69927  -39.555  5.218  18.446 0.2222220004
69935  -39.980  5.996  18.117 0.2222220004
68998  -38.788  4.690  18.035 0.4444440007
69933  -38.414  5.042  17.198 0.4444440007
69942  -38.314  5.328  16.382 0.5555559993
68084  -38.702  3.908  13.072 0.8888890147
69023  -38.261  4.480  13.665 0.7777780294
69963  -38.140  5.293  14.083 0.5555559993
69011  -37.861  4.441  15.178 0.6666669846
68095  -39.397  3.567  12.709 0.8888890147
117427  -38.474  3.543  13.884 0.8888890147
68096  -40.371  3.386  12.459 0.7777780294
68097  -41.332  3.248  12.588 0.7777780294
68098  -42.124  3.274  12.632 0.6666669846
68088  -42.601  3.142  13.378 0.6666669846
68089  -43.305  3.390  13.597 0.6666669846
68077  -43.588  3.489  14.265 0.5555559993
67020  -37.809  2.745  26.446 0.1111110002
66058  -36.938  2.078  24.725 0.1111110002
133776  -37.443  2.483  24.995 0.1111110002
67028  -38.292  3.259  25.821 0.1111110002
66065  -36.795  2.220  23.920 0.1111110002
67042  -37.411  2.664  23.400 0.1111110002
67041  -36.611  2.317  22.924 0.1111110002
67051  -37.396  2.701  22.473 0.1111110002
67050  -36.761  2.453  21.895 0.1111110002
117719  -38.053  2.942  22.083 0.1111110002
67053  -38.881  3.171  22.121 0.1111110002
68011  -39.696  3.522  22.532 0.1111110002
67061  -37.594  2.627  21.598 0.2222220004
115454  -39.752  3.354  21.673 0.1111110002
68024  -41.096  4.217  21.435 0.1111110002
67063  -39.257  2.819  21.107 0.1111110002
68022  -39.778  3.217  20.808 0.2222220004
68032  -40.201  3.746  20.548 0.1111110002
68033  -40.932  4.183  20.875 0.1111110002
68978  -42.001  5.024  20.813 0.1111110002
69914  -41.637  5.428  20.196 0.1111110002
69921  -42.016  6.094  19.862 0.1111110002
70862  -40.170  7.004  16.923 0.1111110002
71691  -40.977  7.291  17.284 0.1111110002
70844  -40.787  6.309  18.481 0.1111110002
70868  -38.588  6.377  15.204 0.4444440007
70860  -38.665  6.037  15.994 0.3333329856
70861  -39.422  6.573  16.497 0.3333329856
69943  -38.923  5.819  16.834 0.3333329856
69970  -38.359  5.444  13.117 0.5555559993
69958  -38.264  5.867  14.644 0.5555559993
133746  -38.285  5.502  15.879 0.5555559993
69976  -38.747  5.209  12.185 0.8888890147
69031  -39.055  4.317  12.296 0.8888890147
68106  -40.350  3.912  11.755 0.7777780294
68099  -42.998  3.387  12.648 0.5555559993
67034  -38.073  3.087  24.873 0.1111110002
67987  -38.863  3.713  25.208 0.1111110002
67043  -38.110  3.119  23.837 0.1111110002
67996  -39.419  3.956  24.730 0.1111110002
67988  -39.610  4.308  25.449 0.1111110002
67995  -38.830  3.572  24.313 0.1111110002
68003  -39.654  3.810  24.019 0.1111110002
67052  -38.102  3.063  22.862 0.1111110002
68002  -38.984  3.463  23.255 0.1111110002
126874  -39.858  3.698  23.247 0.1111110002
68004  -40.493  4.082  23.739 0.1111110002
119565  -40.427  3.822  22.805 0.1111110002
68005  -40.954  4.197  23.046 0.1111110002
68959  -41.454  4.603  22.701 0.1111110002
68012  -40.310  3.668  22.100 0.1111110002
68013  -40.921  4.091  22.165 0.1111110002
68969  -41.456  4.548  21.804 0.1111110002
69894  -42.258  5.433  22.087 0.1111110002
69904  -42.434  5.493  21.219 0.1111110002
114266  -41.550  4.527  21.119 0.1111110002
70824  -42.854  6.203  21.012 0.1111110002
70854  -41.243  6.916  18.032 0.1111110002
70845  -41.556  6.633  18.715 0.1111110002
69039  -39.689  4.501  11.667 0.8888890147
119650  -41.040  3.919  11.416 0.7777780294
69049  -41.224  4.504  10.822 0.7777780294
69041  -41.824  3.920  11.192 0.7777780294
30776  -6.274  -36.553  56.470 0.2222220004
30783  -7.613  -36.063  55.560 0.4444440007
30790  -7.974  -35.346  54.610 0.3333329856
30785  -8.883  -35.451  54.672 0.3333329856
30791  -8.624  -35.089  54.120 0.3333329856
33352  -9.682  -32.630  53.512 0.5555559993
33384  -9.246  -32.870  52.102 0.6666669846
29718  -5.630  -36.344  56.085 0.2222220004
30775  -5.859  -35.345  56.592 0.4444440007
31726  -5.694  -34.628  56.665 0.3333329856
31735  -6.919  -34.390  56.131 0.5555559993
34184  -9.376  -31.701  51.532 0.6666669846
32543  -5.642  -34.101  56.481 0.2222220004
32554  -6.733  -33.540  56.313 0.5555559993
37037  -10.591  -28.332  49.680 0.6666669846
37036  -10.173  -28.516  49.160 0.7777780294
38857  -11.409  -27.282  50.987 0.5555559993
39691  -11.884  -26.023  50.574 0.4444440007
37043  -10.256  -28.010  48.837 0.7777780294
39692  -12.237  -25.181  50.546 0.4444440007
38874  -11.332  -26.432  48.259 0.7777780294
40573  -12.647  -24.865  49.875 0.4444440007
33350  -5.230  -32.489  54.180 0.1111110002
112102  -5.107  -33.784  53.096 0.1111110002
34130  -5.307  -31.982  55.509 0.2222220004
120504  -5.576  -32.228  56.355 0.2222220004
125091  -6.183  -32.187  56.688 0.4444440007
34132  -7.226  -31.569  55.111 0.6666669846
33381  -4.900  -32.508  51.938 0.1111110002
113822  -9.274  -27.312  48.492 0.7777780294
39710  -11.411  -25.530  47.390 0.7777780294
131614  -13.430  -24.606  47.927 0.6666669846
35029  -4.818  -30.760  54.494 0.2222220004
35019  -6.966  -30.891  55.968 0.7777780294
34131  -6.500  -31.616  56.481 0.5555559993
134068  -4.993  -32.653  51.263 0.1111110002
37028  -8.043  -28.422  50.334 0.8888890147
37034  -8.249  -28.036  49.797 0.8888890147
38871  -9.005  -26.669  48.539 0.8888890147
39717  -11.294  -25.011  47.052 0.8888890147
41579  -14.356  -23.560  48.042 0.6666669846
41595  -13.695  -23.995  46.730 0.7777780294
42591  -14.720  -22.873  46.798 0.6666669846
116494  -5.344  -30.413  57.195 0.3333329856
110960  -7.705  -28.801  51.691 0.7777780294
37968  -8.003  -27.222  51.300 0.7777780294
38856  -8.149  -26.440  51.397 0.6666669846
134448  -8.410  -25.482  51.011 0.3333329856
38861  -8.441  -26.236  49.883 0.7777780294
126332  -8.550  -26.678  49.081 0.7777780294
40591  -9.277  -25.250  48.790 0.7777780294
40571  -9.038  -24.981  49.724 0.6666669846
40592  -9.804  -25.019  48.166 0.8888890147
40572  -9.490  -24.489  48.966 0.8888890147
40609  -10.331  -25.115  47.595 0.8888890147
131971  -14.398  -22.460  45.453 0.6666669846
40543  -8.737  -24.092  51.091 0.2222220004
127331  -8.926  -23.342  51.248 0.1111110002
41560  -9.107  -24.310  50.383 0.2222220004
122763  -9.742  -23.458  49.914 0.2222220004
42550  -9.831  -22.985  50.401 0.1111110002
42549  -9.386  -22.894  51.045 0.1111110002
40593  -10.317  -24.494  47.771 0.8888890147
41593  -10.916  -23.998  47.299 0.6666669846
118739  -11.942  -23.301  46.422 0.8888890147
41610  -12.588  -23.124  45.994 0.8888890147
42607  -13.836  -22.327  45.206 0.7777780294
131850  -14.002  -21.900  44.794 0.8888890147
43698  -14.057  -21.394  44.413 0.7777780294
42562  -10.693  -22.271  49.468 0.3333329856
43669  -10.906  -21.586  50.115 0.1111110002
41594  -11.450  -23.391  47.026 0.8888890147
42590  -12.719  -22.358  45.711 0.8888890147
42598  -13.226  -22.193  45.351 0.8888890147
42575  -11.098  -22.217  48.690 0.4444440007
43683  -11.826  -21.562  47.556 0.5555559993
44793  -12.950  -20.293  44.582 0.7777780294
44813  -14.137  -20.158  43.369 0.7777780294
133276  -15.863  -19.147  44.220 0.6666669846
45812  -17.045  -19.231  46.377 0.6666669846
45813  -17.952  -19.703  45.944 0.7777780294
45777  -11.346  -19.875  50.366 0.1111110002
44717  -11.205  -20.714  50.261 0.1111110002
45778  -11.601  -19.232  49.759 0.1111110002
44718  -11.430  -20.146  49.464 0.2222220004
116176  -11.907  -18.718  47.605 0.4444440007
45818  -12.567  -19.646  45.190 0.7777780294
46756  -16.184  -18.585  43.294 0.8888890147
45822  -18.039  -19.661  45.130 0.7777780294
44781  -19.543  -20.367  45.782 0.6666669846
50675  -26.259  -14.229  39.497 0.4444440007
50693  -25.724  -14.865  37.976 0.4444440007
51602  -25.415  -13.523  39.149 0.4444440007
46707  -11.673  -18.437  49.150 0.1111110002
45841  -13.991  -19.583  43.052 0.7777780294
51577  -26.214  -12.271  41.274 0.3333329856
44798  -19.572  -20.362  44.837 0.7777780294
45846  -19.186  -19.950  42.855 0.8888890147
50692  -24.925  -14.481  37.482 0.5555559993
49649  -24.373  -15.785  36.416 0.8888890147
47606  -11.666  -17.578  49.457 0.1111110002
47619  -11.747  -17.553  47.011 0.3333329856
47625  -12.262  -17.891  45.598 0.3333329856
46740  -12.662  -18.388  44.666 0.5555559993
119172  -13.894  -18.295  42.850 0.6666669846
112499  -20.473  -20.560  44.703 0.6666669846
44799  -21.736  -20.763  44.037 0.6666669846
44800  -22.564  -20.862  44.142 0.6666669846
53612  -26.186  -11.367  40.296 0.2222220004
44864  -24.083  -20.342  39.545 0.8888890147
44862  -22.665  -20.259  39.054 0.8888890147
44869  -23.743  -20.120  38.738 0.8888890147
46799  -24.392  -19.108  38.037 0.7777780294
48613  -23.800  -16.684  37.035 0.8888890147
114893  -13.177  -17.060  43.893 0.4444440007
48539  -13.586  -16.729  43.390 0.4444440007
47642  -14.176  -17.319  42.739 0.6666669846
46772  -18.271  -18.340  40.957 0.8888890147
44832  -21.896  -20.733  41.743 0.8888890147
44842  -20.333  -20.321  41.464 0.8888890147
113526  -21.144  -20.596  41.604 0.8888890147
50674  -22.116  -14.826  39.532 0.5555559993
51584  -21.671  -13.205  40.150 0.3333329856
115700  -21.269  -11.758  39.904 0.1111110002
51592  -21.014  -12.781  38.794 0.3333329856
51593  -21.261  -13.435  39.328 0.3333329856
53629  -21.304  -11.161  39.304 0.4444440007
53643  -21.246  -11.331  38.544 0.4444440007
113616  -21.127  -12.105  38.284 0.6666669846
48602  -23.202  -16.313  38.607 0.7777780294
49613  -21.877  -14.980  38.570 0.7777780294
112297  -21.104  -12.905  37.990 0.7777780294
50681  -21.443  -14.344  38.053 0.6666669846
52607  -21.327  -12.257  37.523 0.6666669846
51608  -21.359  -13.620  37.594 0.8888890147
50699  -21.809  -13.422  36.759 0.8888890147
51624  -22.897  -13.477  36.345 0.8888890147
113817  -22.097  -12.637  36.361 0.8888890147
52623  -21.681  -12.491  36.825 0.7777780294
122199  -23.718  -17.158  38.166 0.8888890147
48549  -14.656  -16.487  42.519 0.5555559993
49549  -15.237  -15.050  42.868 0.3333329856
51567  -22.792  -13.347  42.342 0.2222220004
51568  -23.291  -13.898  42.849 0.1111110002
49569  -24.688  -15.812  42.287 0.3333329856
119029  -22.145  -11.738  42.927 0.1111110002
50653  -22.933  -14.365  41.231 0.4444440007
45862  -20.056  -19.849  40.686 0.8888890147
49601  -23.037  -15.441  40.089 0.5555559993
54591  -21.619  -10.788  37.137 0.5555559993
53655  -21.339  -11.361  37.786 0.5555559993
53662  -21.576  -11.628  36.986 0.6666669846
46790  -23.463  -18.861  38.680 0.7777780294
49614  -23.575  -16.287  39.853 0.6666669846
52640  -22.478  -11.937  36.031 0.8888890147
50638  -16.053  -14.662  42.784 0.5555559993
48563  -17.609  -16.138  41.024 0.5555559993
52563  -30.013  -12.170  39.815 0.1111110002
54592  -21.933  -10.233  36.388 0.5555559993
55563  -22.239  -9.480  36.659 0.4444440007
55551  -22.264  -9.526  37.456 0.3333329856
54598  -22.227  -10.179  35.540 0.6666669846
54605  -22.559  -10.215  34.885 0.6666669846
53677  -22.820  -10.871  34.713 0.6666669846
112456  -23.732  -11.690  34.919 0.8888890147
49567  -17.395  -15.089  42.064 0.3333329856
50628  -25.156  -15.332  43.686 0.1111110002
56541  -23.423  -8.560  37.260 0.3333329856
56562  -23.278  -8.505  36.410 0.3333329856
56583  -22.755  -8.967  35.179 0.5555559993
55579  -22.475  -9.615  35.182 0.5555559993
54606  -23.034  -10.272  34.254 0.6666669846
132927  -29.480  -12.784  37.467 0.2222220004
124963  -23.992  -10.735  32.827 0.7777780294
55593  -23.915  -9.263  33.330 0.7777780294
52657  -23.767  -11.712  34.041 0.7777780294
51640  -27.654  -13.208  35.325 0.7777780294
133613  -25.736  -13.171  34.138 0.8888890147
48555  -23.399  -17.613  42.444 0.2222220004
48566  -20.072  -16.303  41.512 0.4444440007
115212  -20.987  -16.844  42.035 0.3333329856
48554  -22.137  -17.373  42.376 0.2222220004
113096  -23.448  -8.613  34.852 0.3333329856
53696  -24.577  -11.405  31.992 0.6666669846
116118  -29.070  -13.557  34.912 0.7777780294
128909  -28.208  -13.473  34.903 0.7777780294
51678  -25.673  -13.247  32.716 0.8888890147
51655  -26.017  -13.425  33.448 0.8888890147
51668  -26.723  -13.592  33.345 0.8888890147
113576  -25.662  -7.124  36.937 0.2222220004
56585  -24.781  -8.014  35.121 0.2222220004
54622  -25.004  -10.153  31.804 0.7777780294
112260  -29.016  -13.573  34.084 0.8888890147
52703  -25.884  -12.857  31.262 1.0000000000
112840  -26.840  -13.608  32.186 1.0000000000
111809  -28.053  -13.672  32.768 1.0000000000
51659  -29.733  -13.538  34.253 0.8888890147
51671  -29.457  -13.509  33.488 0.8888890147
52718  -26.329  -12.612  30.547 0.8888890147
51699  -26.562  -13.196  30.995 1.0000000000
112721  -28.507  -13.587  31.882 1.0000000000
51692  -27.738  -13.523  31.286 1.0000000000
128202  -29.424  -13.382  32.071 1.0000000000
51672  -30.356  -13.361  33.625 0.8888890147
51673  -31.175  -13.164  33.880 0.7777780294
51702  -28.748  -13.179  30.304 1.0000000000
52705  -30.692  -12.665  31.574 0.8888890147
56635  -26.191  -8.767  32.674 0.7777780294
52749  -27.879  -12.130  28.661 1.0000000000
134243  -27.110  -8.122  34.151 0.3333329856
54647  -31.741  -10.470  30.110 1.0000000000
54666  -31.456  -10.110  29.391 1.0000000000
55692  -27.793  -9.147  27.746 0.7777780294
55693  -28.431  -9.052  27.429 1.0000000000
55695  -30.134  -9.413  27.333 1.0000000000
120998  -34.469  -9.625  30.458 0.5555559993
55677  -34.257  -9.837  28.512 0.6666669846
55659  -34.397  -9.623  29.463 0.5555559993
54669  -35.953  -10.229  29.065 0.3333329856
55698  -33.296  -9.811  27.436 0.7777780294
54703  -34.676  -10.064  27.029 0.5555559993
55716  -32.313  -9.820  26.311 1.0000000000
55717  -33.157  -9.945  26.529 1.0000000000
55701  -36.326  -9.932  27.586 0.5555559993
112677  -29.734  -8.960  25.635 1.0000000000
131822  -30.676  -9.123  24.279 1.0000000000
54714  -33.768  -9.988  25.944 0.8888890147
113797  -32.807  -9.780  24.694 1.0000000000
55740  -34.223  -9.602  24.821 1.0000000000
131936  -34.665  -9.603  25.163 1.0000000000
133888  -27.482  -7.331  29.463 0.4444440007
58513  -27.423  -6.438  28.382 0.5555559993
124569  -27.657  -7.111  27.328 0.5555559993
57626  -28.161  -6.934  26.666 0.6666669846
58536  -28.752  -6.536  26.230 0.5555559993
57642  -29.233  -7.677  24.877 1.0000000000
57656  -29.842  -7.822  24.388 1.0000000000
56738  -30.223  -8.527  24.275 1.0000000000
57665  -31.084  -8.262  23.465 1.0000000000
55738  -32.061  -9.661  24.185 1.0000000000
55746  -32.284  -9.330  23.545 1.0000000000
55747  -33.045  -9.238  23.518 1.0000000000
132517  -34.224  -9.263  24.283 1.0000000000
114611  -33.386  -8.699  22.999 1.0000000000
58486  -28.640  -6.732  31.605 0.2222220004
59415  -28.712  -5.309  30.449 0.3333329856
59424  -28.271  -5.366  29.494 0.3333329856
131346  -29.830  -4.571  31.066 0.2222220004
59423  -27.720  -5.798  28.843 0.5555559993
59434  -27.773  -5.797  27.998 0.5555559993
59435  -28.267  -5.231  28.515 0.3333329856
59448  -28.384  -5.357  27.750 0.4444440007
58564  -30.429  -7.259  24.304 0.7777780294
56748  -31.997  -9.016  23.197 1.0000000000
56757  -33.714  -8.041  22.349 1.0000000000
56750  -35.117  -8.175  23.454 1.0000000000
57675  -34.393  -7.245  22.061 0.8888890147
133351  -34.971  -7.320  22.453 1.0000000000
128867  -35.574  -7.269  23.066 1.0000000000
113963  -32.177  -3.835  31.571 0.1111110002
60328  -31.379  -4.059  31.132 0.1111110002
60330  -33.500  -3.884  30.592 0.2222220004
129128  -30.344  -4.320  29.795 0.3333329856
60347  -33.328  -4.354  29.639 0.2222220004
60359  -29.941  -4.553  28.231 0.2222220004
60377  -30.598  -4.890  27.641 0.2222220004
59450  -31.253  -5.429  27.104 0.2222220004
59470  -31.853  -5.812  26.483 0.2222220004
134162  -30.005  -5.796  26.019 0.2222220004
58573  -31.759  -7.197  23.339 1.0000000000
58593  -33.376  -6.478  21.681 0.8888890147
58595  -34.629  -6.352  21.835 0.8888890147
59510  -36.596  -5.718  23.259 0.7777780294
59436  -33.216  -5.429  28.156 0.2222220004
59509  -32.073  -5.880  23.110 0.7777780294
59508  -31.977  -4.842  22.787 0.7777780294
130956  -33.205  -5.755  21.576 0.8888890147
59528  -33.419  -5.059  21.562 0.8888890147
59529  -34.164  -4.977  21.614 0.8888890147
127716  -35.423  -3.822  22.319 0.8888890147
60433  -37.011  -3.852  23.043 0.8888890147
61343  -35.905  -3.228  22.337 0.8888890147
61336  -37.713  -3.561  23.232 0.7777780294
59486  -33.016  -5.484  25.934 0.4444440007
60415  -32.453  -4.962  24.629 0.4444440007
131079  -31.970  -4.202  24.175 0.4444440007
123568  -32.130  -3.830  21.938 0.7777780294
111189  -36.800  -2.677  21.482 0.8888890147
61354  -32.522  -3.252  21.658 0.7777780294
61367  -37.288  -2.821  20.356 0.8888890147
61366  -36.912  -2.679  19.671 0.8888890147
62294  -36.856  -2.060  18.443 0.8888890147
63262  -38.216  -1.763  17.554 0.8888890147
62235  -31.944  -2.323  22.422 0.6666669846
123410  -32.960  -1.894  21.445 0.7777780294
62259  -34.326  -1.858  20.821 0.8888890147
62275  -34.956  -1.886  20.277 0.8888890147
114102  -38.821  1.328  16.146 0.8888890147
66125  -39.485  1.092  15.748 0.8888890147
128589  -39.275  2.133  14.590 0.8888890147
65091  -34.882  0.049  19.762 0.8888890147
65101  -37.837  0.284  18.208 0.8888890147
65102  -38.292  0.609  17.956 0.8888890147
66115  -38.394  1.210  17.823 0.6666669846
67123  -38.561  2.366  14.963 0.8888890147
67135  -40.598  2.510  13.794 0.7777780294
65083  -33.907  0.265  20.857 0.6666669846
65094  -38.162  1.079  18.656 0.7777780294
112064  -38.418  1.653  18.585 0.3333329856
68052  -37.457  3.612  16.965 0.5555559993
67134  -39.583  2.587  13.906 0.8888890147
67086  -38.972  2.622  19.509 0.2222220004
68047  -39.042  3.415  19.135 0.4444440007
69005  -37.809  4.534  16.677 0.4444440007
69957  -38.021  5.174  14.915 0.5555559993
130667  -38.028  3.970  14.496 0.6666669846
123716  -39.068  3.177  13.434 0.8888890147
68087  -41.857  2.996  13.261 0.7777780294
67027  -37.639  2.641  25.630 0.1111110002
116860  -36.333  1.665  24.447 0.2222220004
68977  -41.318  4.717  20.557 0.1111110002
68984  -40.211  4.593  19.685 0.1111110002
68993  -39.890  4.863  19.102 0.2222220004
130204  -41.198  5.873  19.360 0.1111110002
69934  -39.219  5.547  17.672 0.2222220004
114665  -38.557  4.649  12.830 0.8888890147
121691  -38.314  6.065  13.839 0.5555559993
127866  -38.030  4.686  14.456 0.5555559993
130198  -39.703  3.890  12.116 0.8888890147
122820  -40.934  3.542  11.990 0.7777780294
67033  -37.461  2.598  24.302 0.1111110002
67062  -38.489  2.667  21.368 0.2222220004
68023  -40.501  3.732  21.345 0.1111110002
69915  -42.341  5.823  20.509 0.1111110002
70835  -41.921  6.476  19.290 0.1111110002
70852  -39.689  6.304  17.316 0.2222220004
70853  -40.488  6.647  17.699 0.1111110002
70869  -39.175  6.858  15.718 0.4444440007
69950  -38.273  5.655  15.393 0.4444440007
125511  -41.791  4.914  22.122 0.1111110002
68970  -41.965  4.927  21.474 0.1111110002
116004  -43.103  6.524  22.183 0.1111110002
70813  -43.230  6.699  21.566 0.1111110002
116433  -42.738  6.530  20.383 0.1111110002
68108  -42.396  3.531  11.809 0.6666669846
68115  -42.687  3.851  10.964 0.5555559993
35018  -5.035  -31.212  55.851 0.1111110002
35957  -5.170  -28.963  57.284 0.2222220004
35971  -4.785  -29.869  57.206 0.1111110002
119943  -6.479  -30.231  56.591 0.3333329856
35970  -4.263  -29.314  56.504 0.1111110002
35972  -5.982  -29.475  57.091 0.4444440007
35999  -4.567  -29.846  54.348 0.1111110002
35988  -7.383  -29.149  54.311 0.6666669846
116357  -4.850  -30.249  53.030 0.1111110002
37016  -7.590  -28.445  52.745 0.6666669846
130918  -4.767  -29.550  52.279 0.1111110002
36015  -4.899  -29.327  51.469 0.1111110002
35956  -4.506  -28.964  57.035 0.1111110002
36978  -4.801  -28.335  57.275 0.1111110002
37946  -6.887  -27.717  56.117 0.3333329856
36991  -4.086  -28.591  56.518 0.1111110002
37002  -6.928  -28.524  56.045 0.3333329856
37003  -7.324  -28.432  54.812 0.6666669846
37001  -3.997  -28.780  55.778 0.1111110002
37009  -7.477  -28.359  53.706 0.5555559993
37008  -4.425  -29.065  54.053 0.1111110002
37015  -4.624  -28.714  52.182 0.1111110002
37021  -4.843  -28.559  51.159 0.1111110002
36021  -5.130  -29.110  50.751 0.1111110002
37940  -5.339  -27.624  57.231 0.2222220004
37939  -4.631  -27.658  57.089 0.1111110002
37941  -6.184  -27.653  56.831 0.2222220004
36979  -5.525  -28.228  57.188 0.1111110002
36992  -6.214  -28.449  56.855 0.2222220004
38826  -6.690  -26.927  56.278 0.2222220004
37950  -3.946  -28.037  55.622 0.1111110002
37951  -7.266  -27.719  55.135 0.4444440007
37952  -7.455  -27.636  54.102 0.4444440007
121960  -4.144  -28.419  54.539 0.1111110002
37957  -7.646  -27.601  53.136 0.6666669846
118104  -4.456  -28.499  53.298 0.1111110002
37945  -4.152  -27.772  56.506 0.1111110002
115211  -3.863  -27.456  54.547 0.1111110002
122343  -7.399  -26.338  54.549 0.4444440007
121497  -3.793  -26.965  53.607 0.1111110002
38851  -7.899  -26.852  52.647 0.4444440007
45871  -26.295  -19.458  40.607 0.5555559993
126722  -26.805  -18.885  40.036 0.6666669846
46792  -27.128  -18.315  39.654 0.6666669846
46791  -26.629  -18.696  39.083 0.7777780294
47684  -26.788  -17.521  38.224 0.7777780294
48626  -25.859  -16.264  37.057 0.7777780294
45881  -25.941  -19.417  39.515 0.6666669846
45887  -25.934  -19.080  38.396 0.7777780294
46810  -26.095  -18.137  37.289 0.7777780294
48625  -25.483  -16.823  36.617 0.7777780294
44865  -24.700  -20.230  40.262 0.7777780294
45880  -24.973  -19.950  39.550 0.7777780294
44870  -24.446  -20.029  38.915 0.7777780294
112804  -25.144  -19.594  38.718 0.7777780294
46800  -25.867  -18.696  37.685 0.7777780294
47697  -25.120  -17.477  36.598 0.7777780294
128064  -25.115  -18.116  36.936 0.7777780294
47690  -24.673  -17.900  37.022 0.7777780294
56542  -24.136  -8.171  37.698 0.1111110002
113639  -29.953  -13.555  34.936 0.6666669846
51660  -30.544  -13.418  34.464 0.7777780294
56523  -22.932  -9.143  37.748 0.2222220004
57482  -24.745  -7.658  38.183 0.1111110002
51661  -31.346  -13.236  34.672 0.6666669846
57469  -26.087  -6.817  38.110 0.1111110002
57460  -25.771  -6.812  38.979 0.1111110002
57483  -25.460  -7.111  37.769 0.1111110002
52660  -32.853  -12.686  34.769 0.4444440007
111688  -24.829  -7.534  37.296 0.1111110002
51674  -31.794  -12.974  34.154 0.5555559993
57484  -26.384  -6.918  37.390 0.1111110002
57500  -26.616  -7.072  36.480 0.1111110002
58434  -25.581  -6.814  40.076 0.1111110002
56726  -35.723  -8.919  25.134 0.7777780294
56741  -36.236  -8.153  24.775 0.6666669846
58567  -36.606  -7.418  24.454 0.6666669846
57523  -28.173  -7.966  35.902 0.2222220004
57522  -27.308  -7.427  35.651 0.2222220004
114406  -27.183  -7.040  37.103 0.2222220004
56740  -35.418  -8.534  24.330 0.8888890147
57669  -36.285  -7.186  23.779 0.6666669846
129225  -36.828  -6.752  24.096 0.6666669846
59501  -37.654  -5.712  24.229 0.5555559993
58575  -36.384  -6.562  23.453 0.6666669846
59511  -37.262  -5.280  23.679 0.6666669846
57502  -29.193  -8.212  36.900 0.1111110002
56587  -28.780  -8.426  35.280 0.1111110002
112526  -28.435  -7.841  36.682 0.1111110002
56624  -28.306  -8.422  33.644 0.2222220004
56606  -27.717  -8.277  34.269 0.2222220004
56586  -27.922  -8.049  35.052 0.2222220004
56636  -28.028  -8.558  32.835 0.3333329856
55718  -35.151  -9.603  25.656 0.6666669846
59502  -38.377  -5.378  24.542 0.6666669846
60424  -37.492  -4.381  23.498 0.6666669846
61346  -37.929  -2.961  22.937 0.6666669846
62237  -38.295  -2.707  22.633 0.7777780294
56607  -28.582  -8.398  34.447 0.1111110002
56588  -29.664  -8.547  35.458 0.1111110002
62228  -38.621  -2.696  23.165 0.7777780294
62238  -38.958  -2.355  22.715 0.5555559993
124500  -40.059  -2.344  21.299 0.5555559993
62250  -39.462  -2.246  21.944 0.3333329856
62263  -38.560  -2.901  20.747 0.7777780294
62264  -39.424  -2.760  20.869 0.7777780294
63191  -34.670  -1.947  26.135 0.2222220004
63192  -35.354  -1.490  26.592 0.2222220004
116307  -35.402  -0.752  26.240 0.2222220004
64125  -36.044  -0.176  26.950 0.1111110002
62213  -33.454  -2.426  25.476 0.2222220004
113866  -33.994  -1.992  25.680 0.2222220004
64132  -34.939  -1.111  25.928 0.2222220004
65038  -35.757  -0.052  26.207 0.2222220004
62212  -32.821  -2.982  25.203 0.2222220004
63199  -33.512  -1.673  25.260 0.2222220004
64131  -33.726  -0.970  25.010 0.3333329856
62227  -32.075  -1.845  23.937 0.4444440007
63204  -32.481  -1.145  24.123 0.4444440007
64140  -33.215  -0.577  24.270 0.3333329856
64149  -33.164  -0.122  23.564 0.4444440007
62252  -40.729  -2.094  21.194 0.5555559993
61368  -38.161  -3.098  20.124 0.7777780294
61370  -39.876  -3.014  19.833 0.7777780294
62190  -35.729  -2.229  27.093 0.1111110002
63180  -35.786  -1.431  27.139 0.1111110002
62201  -35.246  -2.339  26.663 0.1111110002
64124  -35.700  -0.766  26.794 0.1111110002
61319  -33.616  -3.368  25.702 0.2222220004
62214  -34.144  -2.629  25.923 0.2222220004
123381  -35.253  -0.435  25.633 0.3333329856
65045  -35.562  0.273  25.341 0.3333329856
65052  -33.861  0.042  23.870 0.3333329856
61376  -37.757  -2.999  19.469 0.7777780294
62279  -39.756  -2.941  18.898 0.7777780294
121785  -43.480  2.600  15.140 0.5555559993
67118  -44.107  2.969  15.574 0.3333329856
68068  -43.799  3.359  14.854 0.3333329856
60404  -34.172  -4.271  26.185 0.2222220004
60391  -34.875  -3.835  26.620 0.2222220004
61304  -34.809  -2.868  26.417 0.2222220004
66057  -35.899  0.993  24.950 0.3333329856
64183  -42.818  -0.790  18.007 0.6666669846
61385  -38.194  -2.981  18.713 0.7777780294
62298  -40.355  -2.573  18.363 0.7777780294
66126  -42.621  1.157  16.105 0.5555559993
65139  -41.735  1.029  15.864 0.5555559993
66127  -43.443  1.393  16.409 0.5555559993
67106  -43.778  2.194  15.969 0.5555559993
111090  -42.783  2.263  14.813 0.5555559993
68107  -41.604  3.518  11.927 0.5555559993
60389  -34.129  -5.014  26.589 0.2222220004
115052  -35.427  -4.388  27.213 0.1111110002
61293  -35.548  -3.250  26.971 0.1111110002
62296  -38.761  -2.703  18.120 0.7777780294
62315  -40.196  -2.280  17.694 0.7777780294
63265  -41.467  -1.503  17.420 0.6666669846
132446  -42.465  -0.710  17.485 0.6666669846
62313  -38.643  -2.250  17.669 0.7777780294
62314  -39.373  -2.304  17.639 0.7777780294
120046  -40.728  -1.728  17.238 0.7777780294
63281  -41.153  -1.132  16.874 0.7777780294
65127  -42.111  0.339  16.471 0.6666669846
63264  -39.948  -1.780  17.198 0.7777780294
65126  -41.249  0.225  16.219 0.7777780294
64215  -40.806  -0.543  16.474 0.7777780294
65138  -40.902  0.852  15.695 0.7777780294
129344  -41.505  5.185  10.383 0.6666669846
69985  -41.106  5.822  10.242 0.6666669846
131285  -42.067  5.224  10.238 0.5555559993
71746  -43.666  7.283  9.153 0.5555559993
71759  -43.880  7.378  8.866 0.6666669846
71761  -44.590  6.831  8.447 0.4444440007
70942  -45.108  6.966  7.198 0.4444440007
70943  -45.871  6.305  6.953 0.4444440007
63263  -39.119  -1.640  17.289 0.7777780294
64196  -39.220  -0.765  16.911 0.7777780294
63279  -39.783  -1.246  16.867 0.7777780294
64214  -39.977  -0.524  16.442 0.7777780294
65125  -40.455  0.200  16.117 0.7777780294
69984  -39.653  5.707  10.908 0.7777780294
70901  -40.365  6.192  10.459 0.6666669846
70902  -41.263  6.622  10.112 0.7777780294
70909  -42.369  6.978  9.827 0.7777780294
131208  -42.141  7.619  9.535 0.7777780294
72581  -43.324  7.673  8.977 0.7777780294
71760  -44.245  7.140  8.660 0.5555559993
71773  -44.547  7.200  7.889 0.5555559993
70890  -38.561  6.004  12.398 0.4444440007
119497  -39.117  6.989  11.500 0.5555559993
70896  -38.932  6.084  11.549 0.6666669846
70900  -39.557  6.603  10.877 0.6666669846
72571  -40.083  8.167  10.674 0.6666669846
120734  -40.381  7.249  10.418 0.6666669846
71742  -40.765  8.061  10.030 0.6666669846
72579  -41.530  8.110  9.560 0.6666669846
72580  -42.399  8.113  9.094 0.7777780294
72595  -43.493  7.932  8.406 0.7777780294
71772  -44.248  7.855  7.273 0.6666669846
71781  -44.836  7.550  6.838 0.4444440007
71788  -46.046  7.491  5.542 0.4444440007
72609  -43.697  8.271  7.522 0.7777780294
72620  -44.580  8.297  6.340 0.4444440007
70891  -38.782  6.915  12.332 0.4444440007
71737  -39.170  7.731  11.884 0.5555559993
71741  -39.553  7.541  11.071 0.5555559993
72566  -39.947  8.917  10.902 0.5555559993
72578  -41.012  8.628  9.736 0.6666669846
73492  -42.597  9.489  8.175 0.7777780294
73493  -43.102  8.855  7.731 0.7777780294
73504  -43.133  10.018  7.455 0.7777780294
72619  -44.045  8.664  6.628 0.7777780294
129150  -44.468  9.039  6.000 0.4444440007
72628  -45.804  8.624  5.208 0.4444440007
73525  -45.531  9.655  5.286 0.4444440007
71708  -38.994  7.093  14.936 0.3333329856
71720  -39.432  7.693  14.580 0.3333329856
71719  -38.789  7.261  14.153 0.4444440007
72555  -39.431  8.485  13.331 0.4444440007
73456  -39.635  9.104  13.041 0.3333329856
74387  -43.916  10.383  6.701 0.7777780294
73514  -44.241  9.626  6.293 0.5555559993
74399  -44.712  10.570  6.114 0.5555559993
74400  -45.407  10.492  5.543 0.5555559993
74386  -43.567  10.834  7.254 0.7777780294
132270  -44.379  10.939  6.476 0.6666669846
75280  -45.328  11.269  5.824 0.6666669846
75288  -46.036  11.158  5.200 0.5555559993
75279  -44.737  11.383  6.367 0.6666669846
76231  -45.211  12.112  6.262 0.5555559993
76242  -45.679  11.844  5.674 0.5555559993
76243  -46.145  12.123  5.265 0.5555559993
77101  -46.377  13.024  5.335 0.5555559993
77102  -46.870  14.025  5.427 0.4444440007
77112  -46.966  13.441  4.769 0.5555559993
78892  -49.017  15.700  3.939 0.2222220004
78893  -49.686  16.392  3.430 0.3333329856
75269  -43.613  11.509  7.605 0.7777780294
75270  -44.144  11.345  6.914 0.6666669846
76230  -44.617  11.974  6.761 0.5555559993
77093  -45.470  13.026  6.510 0.3333329856
76232  -45.800  12.597  5.830 0.4444440007
77094  -46.119  13.456  6.053 0.3333329856
77971  -47.550  14.798  5.180 0.3333329856
78882  -48.010  15.447  5.475 0.3333329856
78879  -48.632  15.983  5.939 0.2222220004
78883  -48.894  16.026  4.916 0.2222220004
79835  -49.792  16.680  4.884 0.2222220004
80752  -51.027  17.920  4.668 0.1111110002
77972  -48.246  15.260  4.651 0.3333329856
78884  -49.420  16.319  4.194 0.2222220004
79843  -50.099  16.874  3.845 0.1111110002
80765  -50.918  18.133  3.740 0.1111110002
81638  -50.287  19.204  3.743 0.1111110002
79851  -50.526  18.276  3.017 0.1111110002
81651  -50.108  18.726  3.077 0.1111110002
81637  -49.533  18.924  3.770 0.1111110002
80764  -48.669  18.193  3.643 0.1111110002
80763  -47.657  17.593  4.217 0.1111110002
80762  -46.643  17.150  4.654 0.1111110002
77090  -45.835  13.815  6.840 0.3333329856
77968  -46.523  14.277  6.384 0.3333329856
77969  -47.247  14.834  5.925 0.3333329856
78878  -47.760  15.536  6.348 0.2222220004
79834  -49.339  16.416  5.613 0.2222220004
80739  -51.039  18.060  6.153 0.1111110002
82470  -51.161  20.079  6.616 0.1111110002
80751  -50.436  17.216  5.264 0.1111110002
81631  -51.079  18.840  5.151 0.1111110002
82489  -50.855  19.963  5.271 0.1111110002
82480  -50.830  20.518  5.963 0.1111110002
81639  -50.875  18.882  4.051 0.1111110002
81629  -49.995  19.854  4.378 0.1111110002
82479  -50.319  20.902  5.786 0.1111110002
83357  -49.473  21.740  6.581 0.1111110002
81628  -48.216  18.284  4.667 0.1111110002
81615  -48.222  19.450  6.127 0.1111110002
119930  -48.682  20.799  6.501 0.1111110002
81627  -47.549  18.563  5.704 0.1111110002
82477  -47.727  19.931  6.520 0.1111110002
84250  -47.579  21.481  6.612 0.1111110002
80749  -45.871  17.421  5.550 0.1111110002
82476  -46.618  19.709  6.455 0.1111110002
83365  -46.455  20.503  6.426 0.1111110002
80737  -45.480  18.103  6.156 0.1111110002
125068  -50.442  17.655  7.441 0.1111110002
80728  -50.979  18.356  6.935 0.1111110002
83368  -50.707  20.978  6.366 0.1111110002
83367  -50.309  21.406  6.391 0.1111110002
84248  -46.611  21.376  6.302 0.1111110002
82475  -45.706  19.660  6.334 0.1111110002
66128  -44.127  1.776  16.796 0.4444440007
66116  -43.894  0.932  17.185 0.4444440007
64198  -42.367  -0.281  17.044 0.6666669846
64199  -43.038  -0.275  17.525 0.6666669846
118486  -7.485  -29.022  53.334 0.6666669846
44764  -19.583  -20.353  46.626 0.3333329856
48624  -24.783  -16.589  36.403 0.7777780294
49637  -25.450  -15.440  37.193 0.7777780294
46808  -24.860  -18.547  37.396 0.7777780294
46816  -25.541  -17.974  36.907 0.7777780294
55536  -22.403  -9.607  38.264 0.2222220004
60423  -36.825  -4.785  23.193 0.5555559993
62220  -32.249  -2.618  24.483 0.4444440007
62278  -37.347  -2.664  18.883 0.7777780294
64142  -34.992  -0.117  24.918 0.3333329856
70877  -38.523  6.584  14.438 0.4444440007
131461  -39.170  4.794  11.877 0.7777780294
69978  -39.891  5.008  11.137 0.7777780294
69977  -39.296  5.205  11.502 0.7777780294
69048  -40.556  5.243  10.655 0.7777780294
35985  -4.244  -29.323  55.266 0.1111110002
112494  -20.372  -20.505  46.111 0.5555559993
57659  -35.893  -7.819  23.949 0.7777780294
60425  -38.125  -3.949  23.789 0.5555559993
61320  -34.320  -3.369  26.162 0.3333329856
35986  -4.631  -30.199  56.085 0.1111110002
36016  -5.125  -29.929  51.005 0.1111110002
38844  -7.645  -26.747  53.619 0.4444440007
37956  -4.153  -27.744  53.542 0.1111110002
37962  -4.399  -27.864  52.604 0.1111110002
38825  -3.928  -27.009  55.613 0.1111110002
45872  -27.085  -19.019  40.948 0.6666669846
46801  -26.500  -18.360  38.107 0.7777780294
132990  -26.495  -17.920  37.693 0.7777780294
47699  -26.093  -16.953  37.008 0.7777780294
46809  -25.437  -18.461  37.299 0.7777780294
47698  -25.822  -17.501  36.877 0.7777780294
44857  -24.962  -20.302  41.142 0.6666669846
45870  -25.442  -19.868  40.404 0.6666669846
45893  -25.137  -19.109  37.859 0.7777780294
56524  -23.613  -8.773  38.112 0.2222220004
57468  -25.272  -7.201  38.610 0.1111110002
58443  -26.374  -6.264  39.347 0.1111110002
51662  -32.108  -12.998  34.757 0.4444440007
56727  -36.514  -8.476  25.540 0.5555559993
133714  -37.361  -6.350  24.343 0.5555559993
58576  -37.039  -6.079  23.816 0.6666669846
59512  -37.901  -4.851  24.050 0.5555559993
56563  -28.978  -8.404  36.120 0.1111110002
62251  -40.225  -1.901  21.964 0.4444440007
61369  -38.997  -3.263  20.030 0.7777780294
63200  -34.234  -1.395  25.558 0.2222220004
120404  -34.562  -0.735  25.291 0.2222220004
63198  -32.853  -2.102  24.987 0.2222220004
63205  -32.990  -1.328  24.727 0.3333329856
64141  -34.172  -0.353  24.622 0.3333329856
134139  -32.499  -1.785  24.472 0.3333329856
62266  -41.043  -2.243  20.417 0.4444440007
62265  -40.323  -2.567  20.581 0.6666669846
61377  -38.544  -3.210  19.380 0.7777780294
61378  -39.239  -3.202  19.359 0.7777780294
62280  -40.503  -2.683  19.175 0.7777780294
62297  -39.560  -2.715  18.185 0.7777780294
61386  -38.998  -3.100  18.702 0.7777780294
67107  -44.415  2.575  16.413 0.3333329856
67108  -44.987  2.955  16.798 0.3333329856
60390  -34.751  -4.741  26.868 0.2222220004
64174  -43.087  -0.780  18.906 0.5555559993
129166  -41.017  -2.383  18.688 0.7777780294
65111  -43.049  0.477  16.923 0.5555559993
62299  -41.096  -2.139  17.893 0.7777780294
64216  -41.584  -0.431  16.694 0.7777780294
63280  -40.417  -1.208  16.777 0.7777780294
69986  -42.007  5.915  10.039 0.6666669846
111473  -43.291  7.061  9.498 0.6666669846
71745  -42.980  7.460  9.357 0.6666669846
70933  -45.083  6.593  7.858 0.4444440007
72596  -44.054  7.536  8.265 0.6666669846
70934  -45.793  5.923  7.912 0.3333329856
71782  -45.569  7.138  6.378 0.4444440007
70908  -41.389  7.459  9.887 0.6666669846
72594  -42.816  8.442  8.513 0.7777780294
70884  -38.490  6.419  13.096 0.4444440007
114161  -39.026  7.825  12.808 0.5555559993
120899  -41.563  8.830  9.280 0.6666669846
73482  -42.109  9.107  8.761 0.6666669846
71787  -45.227  7.985  5.921 0.4444440007
72627  -44.974  8.911  5.644 0.4444440007
73505  -43.565  9.272  6.925 0.7777780294
71728  -39.129  7.844  13.751 0.4444440007
72565  -39.601  8.393  11.396 0.5555559993
72561  -39.427  8.626  12.324 0.5555559993
72572  -40.450  8.818  10.271 0.5555559993
73480  -40.849  9.403  9.761 0.5555559993
73515  -44.882  9.750  5.738 0.5555559993
72548  -39.737  8.343  14.205 0.3333329856
71721  -40.217  8.091  15.004 0.2222220004
73463  -39.703  9.521  12.392 0.4444440007
79836  -50.562  17.295  4.329 0.2222220004
79827  -49.887  16.846  5.863 0.2222220004
80738  -50.479  17.310  6.090 0.1111110002
124913  -50.929  17.747  5.498 0.1111110002
79844  -50.584  17.577  3.492 0.1111110002
81652  -50.601  18.772  3.376 0.1111110002
81630  -50.537  19.672  4.496 0.1111110002
116593  -48.868  19.107  5.149 0.1111110002
80750  -47.031  17.774  5.260 0.1111110002
79817  -49.998  16.989  6.815 0.1111110002
125486  -50.631  17.565  6.733 0.1111110002
81606  -51.087  19.324  6.966 0.1111110002
81617  -51.137  19.340  6.158 0.1111110002
82488  -50.379  20.322  5.140 0.1111110002
81616  -49.653  20.207  5.350 0.1111110002
82478  -49.163  20.521  6.201 0.1111110002
113558  -46.928  19.091  6.290 0.1111110002
83366  -47.621  20.582  6.643 0.1111110002
81614  -46.367  18.240  6.062 0.1111110002
81613  -45.792  18.888  6.339 0.1111110002
125214  -50.641  18.779  7.646 0.1111110002
83358  -50.405  21.753  7.091 0.1111110002
84242  -50.156  22.503  7.023 0.1111110002
66117  -44.523  1.349  17.542 0.3333329856
67096  -44.771  2.177  17.180 0.3333329856
64184  -43.462  -0.274  18.222 0.3333329856
33340  -9.560  -32.714  54.619 0.1111110002
133811  -9.424  -34.206  54.222 0.2222220004
32545  -9.335  -34.051  56.113 0.1111110002
32556  -9.504  -33.682  54.884 0.1111110002
29721  -7.834  -38.107  56.912 0.1111110002
30767  -8.880  -36.450  56.666 0.2222220004
34120  -9.407  -31.868  55.468 0.1111110002
34133  -9.661  -31.867  54.331 0.3333329856
113389  -7.167  -38.178  56.526 0.1111110002
35021  -9.706  -31.092  54.889 0.1111110002
35973  -10.202  -29.535  55.067 0.1111110002
34134  -9.871  -31.190  53.836 0.3333329856
35031  -10.203  -30.353  53.478 0.3333329856
129495  -10.726  -28.850  53.556 0.1111110002
37004  -10.759  -28.269  54.221 0.1111110002
35042  -10.287  -30.502  52.456 0.6666669846
36001  -10.512  -29.657  53.100 0.2222220004
36012  -10.529  -29.705  52.224 0.3333329856
116497  -5.840  -36.125  56.398 0.3333329856
116694  -11.013  -28.065  53.488 0.1111110002
112659  -10.740  -29.095  52.775 0.2222220004
37011  -11.149  -27.876  52.884 0.2222220004
37018  -11.096  -28.094  52.253 0.3333329856
37024  -10.951  -28.314  51.465 0.4444440007
121795  -11.112  -27.898  50.963 0.3333329856
37959  -11.145  -27.296  53.296 0.1111110002
37964  -11.277  -27.408  52.450 0.2222220004
38852  -11.476  -26.832  51.802 0.2222220004
37969  -11.257  -27.637  51.680 0.2222220004
133559  -11.611  -26.618  51.033 0.3333329856
42525  -13.051  -22.265  51.998 0.1111110002
43639  -13.952  -20.679  51.933 0.1111110002
131100  -14.488  -19.766  51.661 0.1111110002
40558  -13.002  -24.127  50.024 0.4444440007
43628  -13.519  -20.734  52.746 0.1111110002
132900  -13.854  -21.334  51.530 0.1111110002
43638  -13.476  -21.471  52.088 0.1111110002
44703  -14.854  -20.092  50.799 0.2222220004
43651  -13.568  -21.997  51.428 0.1111110002
43664  -14.616  -21.108  50.461 0.2222220004
42551  -13.738  -22.466  50.650 0.2222220004
43663  -14.065  -21.643  50.921 0.2222220004
44704  -15.352  -19.398  50.280 0.1111110002
42563  -13.974  -22.921  49.811 0.3333329856
42552  -14.319  -22.041  50.129 0.3333329856
44719  -15.104  -20.395  49.954 0.2222220004
42564  -14.564  -22.441  49.290 0.4444440007
43671  -15.289  -20.743  49.057 0.2222220004
116330  -14.865  -21.474  49.624 0.2222220004
43670  -15.078  -21.878  48.775 0.3333329856
42585  -15.183  -22.183  47.319 0.3333329856
43678  -15.393  -21.202  48.036 0.2222220004
44746  -15.654  -20.041  47.513 0.2222220004
126602  -15.477  -21.213  46.958 0.3333329856
45799  -15.966  -19.316  47.977 0.2222220004
44762  -15.691  -20.099  46.474 0.4444440007
45810  -16.012  -19.388  47.155 0.3333329856
38816  -5.973  -26.894  57.100 0.1111110002
38827  -7.061  -26.179  55.625 0.1111110002
38835  -7.178  -26.985  55.347 0.1111110002
45800  -16.339  -19.205  47.577 0.2222220004
45790  -17.017  -19.194  48.001 0.2222220004
45811  -16.384  -19.232  46.786 0.2222220004
45801  -17.010  -19.223  47.174 0.2222220004
113002  -20.783  -19.980  50.290 0.1111110002
45791  -17.940  -19.659  47.585 0.2222220004
44721  -19.805  -19.989  49.101 0.1111110002
44722  -20.652  -20.135  49.447 0.1111110002
44737  -18.865  -19.992  47.940 0.2222220004
44691  -22.186  -20.321  51.380 0.1111110002
113782  -21.630  -20.209  50.634 0.1111110002
124134  -21.481  -20.312  49.711 0.1111110002
44739  -20.519  -20.293  48.549 0.1111110002
44748  -19.633  -20.300  47.440 0.2222220004
44679  -23.705  -20.700  52.571 0.1111110002
129399  -22.967  -20.635  51.280 0.1111110002
111659  -22.829  -20.566  52.001 0.1111110002
114271  -20.353  -20.471  46.980 0.3333329856
44749  -20.415  -20.413  47.755 0.2222220004
44692  -23.643  -20.783  51.656 0.1111110002
44706  -22.640  -20.538  50.634 0.1111110002
117940  -22.321  -20.490  49.883 0.1111110002
44723  -22.141  -20.473  49.161 0.1111110002
44741  -27.646  -20.494  48.495 0.1111110002
44755  -28.322  -20.200  47.724 0.1111110002
50655  -27.309  -14.527  41.163 0.2222220004
111312  -21.458  -20.407  48.737 0.1111110002
49587  -28.161  -15.762  41.584 0.2222220004
49586  -27.789  -14.820  41.793 0.2222220004
113383  -21.080  -20.456  48.040 0.2222220004
44773  -28.076  -20.151  46.995 0.1111110002
45814  -28.316  -19.825  46.322 0.1111110002
132116  -28.941  -19.196  45.540 0.2222220004
46745  -28.854  -18.641  44.552 0.2222220004
47643  -28.725  -17.728  43.355 0.2222220004
48558  -28.603  -16.753  42.309 0.3333329856
49603  -27.664  -15.406  40.867 0.3333329856
117077  -28.511  -19.489  45.596 0.2222220004
46758  -28.558  -18.486  43.746 0.2222220004
47651  -28.539  -17.486  42.518 0.2222220004
48581  -27.994  -16.302  40.970 0.3333329856
46775  -28.174  -17.976  41.915 0.2222220004
47661  -28.370  -17.208  41.722 0.3333329856
44707  -23.654  -20.764  50.758 0.1111110002
44708  -24.624  -20.860  50.703 0.1111110002
44709  -25.451  -20.840  50.743 0.1111110002
44728  -26.472  -20.746  49.701 0.1111110002
118166  -24.171  -20.747  49.983 0.1111110002
118797  -25.049  -20.818  50.066 0.1111110002
44727  -25.548  -20.782  49.471 0.1111110002
118179  -23.441  -20.567  48.519 0.1111110002
131115  -26.094  -20.759  48.841 0.1111110002
50623  -14.798  -14.612  43.582 0.1111110002
111798  -21.185  -20.520  47.300 0.3333329856
125192  -22.500  -20.518  48.419 0.1111110002
130045  -27.289  -20.408  47.439 0.1111110002
44772  -27.407  -20.180  46.478 0.1111110002
111619  -22.081  -20.550  47.182 0.3333329856
111513  -28.024  -19.530  44.910 0.2222220004
130311  -28.159  -16.920  41.135 0.3333329856
44765  -20.938  -20.540  46.613 0.4444440007
44766  -21.617  -20.562  46.586 0.4444440007
45834  -28.343  -19.111  44.268 0.2222220004
46767  -28.308  -18.346  42.826 0.2222220004
44782  -20.838  -20.592  45.371 0.5555559993
44726  -24.665  -20.718  49.336 0.1111110002
44725  -23.784  -20.627  49.234 0.1111110002
118178  -24.299  -20.626  48.599 0.1111110002
44754  -26.376  -20.545  47.476 0.1111110002
112625  -23.175  -20.549  47.824 0.2222220004
112623  -24.791  -20.632  47.983 0.1111110002
112897  -25.706  -20.636  47.954 0.1111110002
44771  -26.513  -20.421  46.735 0.1111110002
44789  -26.646  -20.259  45.754 0.1111110002
44751  -22.900  -20.550  47.145 0.2222220004
129531  -25.143  -20.603  47.427 0.1111110002
44770  -25.709  -20.523  46.210 0.1111110002
45823  -27.667  -19.871  45.654 0.2222220004
118121  -27.598  -19.505  44.163 0.2222220004
47672  -27.828  -16.922  40.438 0.3333329856
48580  -27.633  -16.152  40.202 0.3333329856
117602  -27.359  -15.440  40.078 0.2222220004
111615  -21.836  -20.602  45.963 0.4444440007
44788  -25.874  -20.427  45.447 0.2222220004
45833  -27.144  -19.881  44.899 0.2222220004
119164  -27.324  -19.511  43.492 0.2222220004
132369  -27.949  -18.869  42.771 0.2222220004
47660  -27.877  -17.621  40.986 0.4444440007
49616  -27.227  -15.868  39.352 0.4444440007
49615  -26.976  -14.972  39.660 0.2222220004
44783  -21.579  -20.649  45.382 0.4444440007
44803  -25.408  -20.502  44.798 0.2222220004
44804  -25.957  -20.265  44.221 0.4444440007
45847  -26.722  -19.879  44.051 0.2222220004
45855  -27.466  -19.272  42.721 0.3333329856
45865  -27.292  -19.146  41.827 0.4444440007
47678  -27.485  -17.630  39.848 0.4444440007
111385  -20.890  -20.631  44.027 0.5555559993
44821  -26.053  -20.157  43.493 0.3333329856
113013  -26.691  -19.618  42.342 0.4444440007
46784  -27.405  -18.341  40.457 0.5555559993
119091  -27.202  -17.349  39.060 0.4444440007
132632  -26.331  -15.220  38.381 0.4444440007
48603  -27.039  -16.690  38.741 0.5555559993
46802  -27.043  -18.006  38.958 0.5555559993
48615  -26.493  -16.646  37.786 0.5555559993
49638  -26.169  -15.706  37.772 0.5555559993
44752  -23.716  -20.576  47.228 0.2222220004
112624  -23.985  -20.582  47.908 0.1111110002
44753  -24.482  -20.590  47.324 0.1111110002
44784  -22.354  -20.688  45.491 0.4444440007
111618  -24.257  -20.609  46.638 0.2222220004
111613  -21.252  -20.670  44.709 0.5555559993
44787  -25.297  -20.558  45.569 0.2222220004
44820  -25.320  -20.485  43.837 0.3333329856
44835  -25.391  -20.372  42.860 0.4444440007
45864  -26.529  -19.524  41.506 0.4444440007
44768  -23.430  -20.601  46.491 0.2222220004
44785  -23.153  -20.686  45.689 0.2222220004
111610  -23.751  -20.807  45.051 0.3333329856
111611  -22.881  -20.824  44.893 0.4444440007
44801  -23.418  -20.888  44.250 0.3333329856
44802  -24.423  -20.753  44.292 0.4444440007
44819  -24.589  -20.692  43.298 0.4444440007
45863  -25.754  -19.882  41.241 0.4444440007
44846  -24.215  -20.658  41.760 0.5555559993
51612  -29.957  -13.064  37.137 0.1111110002
51613  -30.849  -13.173  37.058 0.1111110002
51629  -30.331  -13.356  36.312 0.1111110002
51642  -29.777  -13.485  35.609 0.3333329856
51615  -32.477  -12.798  36.922 0.1111110002
119455  -31.204  -13.277  36.263 0.1111110002
51630  -32.051  -13.031  36.230 0.1111110002
51643  -30.686  -13.419  35.397 0.4444440007
52633  -34.289  -12.205  36.466 0.1111110002
52618  -34.475  -12.295  37.244 0.1111110002
52617  -33.739  -12.434  37.055 0.1111110002
128659  -32.821  -12.726  36.199 0.1111110002
52631  -33.128  -12.607  36.811 0.1111110002
52632  -33.552  -12.458  36.260 0.1111110002
51645  -32.468  -12.884  35.479 0.1111110002
52646  -33.244  -12.576  35.493 0.2222220004
51644  -31.655  -13.194  35.471 0.2222220004
122737  -32.709  -12.376  33.476 0.5555559993
52691  -32.367  -12.254  32.756 0.5555559993
52619  -35.779  -12.040  37.447 0.1111110002
133762  -35.075  -12.214  37.459 0.1111110002
52634  -35.142  -11.983  36.730 0.1111110002
52647  -34.084  -12.179  35.551 0.1111110002
127988  -33.304  -12.085  33.556 0.4444440007
52661  -33.584  -12.344  34.777 0.3333329856
56710  -36.420  -9.461  26.767 0.3333329856
56677  -38.744  -8.826  28.145 0.2222220004
57614  -38.882  -7.662  27.262 0.2222220004
57615  -39.620  -7.378  27.588 0.2222220004
126297  -37.189  -9.466  27.493 0.3333329856
56694  -37.759  -8.672  27.196 0.2222220004
56712  -38.178  -7.975  26.883 0.2222220004
58527  -40.059  -6.625  27.283 0.2222220004
55719  -35.663  -9.645  26.372 0.4444440007
57628  -37.781  -7.596  26.129 0.3333329856
55732  -36.050  -9.188  25.915 0.3333329856
131313  -40.555  -6.599  27.685 0.2222220004
58514  -41.085  -6.579  28.195 0.2222220004
59456  -41.031  -5.377  26.846 0.1111110002
57630  -39.287  -7.003  26.956 0.2222220004
58537  -39.643  -6.330  26.608 0.2222220004
127126  -40.440  -5.450  26.360 0.1111110002
56728  -37.135  -8.167  25.929 0.3333329856
57645  -38.317  -6.970  26.062 0.2222220004
58554  -39.333  -5.933  25.912 0.2222220004
59474  -40.781  -4.846  26.091 0.1111110002
57643  -37.061  -7.667  25.294 0.3333329856
57644  -37.837  -6.970  25.472 0.3333329856
126775  -39.433  -5.337  25.361 0.3333329856
57660  -37.306  -6.924  24.746 0.3333329856
58568  -38.026  -6.266  24.852 0.3333329856
59487  -38.807  -5.723  25.187 0.3333329856
60392  -41.488  -4.525  26.475 0.1111110002
61305  -41.742  -3.610  26.214 0.1111110002
59488  -39.746  -4.708  25.148 0.1111110002
60405  -40.415  -4.405  25.460 0.1111110002
60418  -39.929  -3.822  24.927 0.1111110002
61321  -40.546  -3.443  25.258 0.1111110002
59503  -39.104  -5.022  24.820 0.4444440007
60416  -38.623  -4.486  24.279 0.3333329856
60417  -39.316  -4.167  24.572 0.1111110002
62202  -41.824  -2.565  26.030 0.1111110002
60406  -41.094  -4.025  25.787 0.1111110002
61322  -41.203  -3.047  25.618 0.1111110002
62217  -41.813  -1.598  25.725 0.1111110002
62222  -40.739  -1.615  24.841 0.1111110002
61331  -39.992  -2.873  24.710 0.1111110002
62215  -40.575  -2.423  25.080 0.1111110002
126216  -39.503  -3.341  24.447 0.1111110002
61329  -38.822  -3.398  24.066 0.4444440007
61330  -39.400  -2.526  24.092 0.1111110002
61337  -38.353  -3.174  23.457 0.4444440007
127848  -41.827  -0.995  25.379 0.1111110002
63207  -41.060  -1.157  24.625 0.1111110002
62221  -40.122  -2.046  24.471 0.1111110002
63206  -40.469  -1.544  24.251 0.1111110002
63214  -41.010  -1.203  23.858 0.1111110002
62230  -39.787  -1.849  23.816 0.2222220004
61338  -38.887  -2.734  23.623 0.3333329856
62239  -39.698  -1.849  22.896 0.2222220004
63219  -41.216  -1.339  22.838 0.2222220004
129623  -40.488  -1.613  22.621 0.2222220004
63218  -41.031  -1.688  21.929 0.2222220004
63226  -41.860  -1.371  21.899 0.2222220004
131474  -42.323  -1.348  21.170 0.2222220004
64162  -42.715  -0.950  21.820 0.2222220004
63225  -41.586  -1.753  21.012 0.3333329856
64168  -42.917  -0.979  20.808 0.2222220004
64163  -43.442  -0.540  21.321 0.2222220004
65046  -36.095  0.796  25.745 0.1111110002
65078  -43.998  -0.031  20.865 0.2222220004
63232  -41.626  -1.903  20.145 0.3333329856
64169  -43.522  -0.508  20.373 0.2222220004
62281  -41.232  -2.260  19.505 0.4444440007
63238  -41.885  -1.795  19.579 0.3333329856
113018  -42.996  -0.943  19.858 0.3333329856
126680  -43.513  -0.480  19.605 0.3333329856
63249  -41.722  -1.889  18.734 0.5555559993
63239  -42.439  -1.391  19.280 0.4444440007
69032  -44.441  3.947  13.378 0.4444440007
68109  -43.242  3.567  11.603 0.4444440007
68110  -44.094  3.540  11.473 0.4444440007
68116  -43.595  3.820  10.828 0.4444440007
68117  -44.501  3.844  10.762 0.4444440007
69050  -42.130  4.584  10.556 0.4444440007
120291  -42.650  5.277  10.121 0.4444440007
69988  -44.390  5.399  9.903 0.4444440007
69987  -43.537  5.346  10.031 0.4444440007
69997  -43.960  6.083  9.727 0.4444440007
70911  -44.330  6.712  9.026 0.4444440007
70903  -43.144  6.273  9.855 0.4444440007
70910  -43.894  6.775  9.315 0.4444440007
111741  -44.434  6.779  8.794 0.4444440007
117263  -40.352  10.700  13.087 0.3333329856
73464  -39.940  10.210  12.530 0.4444440007
74348  -39.780  10.116  11.691 0.3333329856
73468  -39.717  9.241  11.530 0.4444440007
73469  -40.092  9.819  10.603 0.4444440007
74359  -40.350  10.695  10.387 0.4444440007
73481  -41.454  9.745  9.212 0.5555559993
73491  -42.053  10.046  8.675 0.5555559993
74374  -42.618  10.382  8.154 0.5555559993
74360  -40.798  11.105  9.941 0.2222220004
75254  -42.025  11.516  9.269 0.3333329856
74367  -41.525  10.705  9.298 0.4444440007
74368  -42.240  10.859  8.718 0.4444440007
75260  -42.639  11.577  8.747 0.3333329856
129029  -42.709  11.056  8.289 0.5555559993
76220  -43.583  12.090  8.067 0.4444440007
76221  -44.182  12.223  7.499 0.4444440007
41537  -12.475  -23.912  51.374 0.2222220004
41549  -12.845  -23.840  50.692 0.2222220004
42538  -13.209  -22.759  51.213 0.1111110002
41514  -11.897  -23.070  53.117 0.1111110002
40532  -12.211  -23.480  52.296 0.1111110002
42537  -12.713  -23.059  51.766 0.1111110002
29722  -8.448  -36.817  56.251 0.2222220004
30777  -9.003  -35.852  55.438 0.2222220004
31737  -9.429  -34.715  55.146 0.1111110002
124842  -9.295  -35.545  55.860 0.1111110002
29719  -5.904  -37.057  56.358 0.2222220004
37017  -10.804  -28.895  52.027 0.2222220004
119120  -11.693  -26.059  51.485 0.2222220004
132423  -11.931  -24.973  51.611 0.1111110002
41538  -12.895  -23.376  51.081 0.3333329856
42577  -14.700  -22.765  48.449 0.4444440007
124850  -16.065  -19.373  46.429 0.4444440007
44747  -18.802  -20.075  47.114 0.2222220004
132913  -20.162  -20.515  45.350 0.5555559993
44818  -23.141  -20.936  42.912 0.4444440007
111608  -23.053  -20.936  43.631 0.4444440007
49547  -13.777  -15.873  43.615 0.3333329856
52676  -32.431  -12.705  34.101 0.5555559993
68100  -43.782  3.525  13.069 0.4444440007
130825  -12.180  -24.727  51.223 0.2222220004
40557  -12.562  -24.447  50.612 0.2222220004
42578  -15.097  -22.253  48.053 0.4444440007
111612  -22.069  -20.778  44.763 0.5555559993
62229  -39.194  -2.266  23.438 0.2222220004
63250  -42.370  -1.312  18.412 0.5555559993
119458  -43.080  4.495  10.444 0.4444440007
71747  -44.092  7.079  8.970 0.4444440007
76222  -44.854  12.653  6.978 0.4444440007
46774  -27.660  -18.476  41.378 0.3333329856
126197  -25.421  -20.187  41.622 0.4444440007
126133  -36.791  -8.755  26.246 0.3333329856
74366  -40.789  10.258  9.789 0.4444440007
33330  -9.257  -32.890  55.895 0.1111110002
28752  -7.869  -38.549  56.477 0.1111110002
29711  -8.670  -37.742  57.580 0.1111110002
29720  -6.361  -37.618  56.386 0.2222220004
35022  -10.039  -30.353  54.486 0.2222220004
126293  -10.530  -28.942  54.414 0.1111110002
35989  -10.383  -29.593  54.035 0.1111110002
37010  -10.958  -28.470  52.852 0.2222220004
120863  -11.523  -26.128  52.198 0.2222220004
43652  -14.318  -20.789  51.228 0.1111110002
44738  -19.704  -20.189  48.257 0.2222220004
44724  -22.910  -20.553  49.168 0.1111110002
44750  -21.809  -20.503  47.895 0.2222220004
44740  -26.677  -20.629  48.201 0.1111110002
118176  -26.887  -20.723  48.948 0.1111110002
46733  -28.686  -19.156  45.006 0.2222220004
48568  -28.346  -16.517  41.639 0.2222220004
118167  -23.246  -20.628  49.913 0.1111110002
44710  -26.264  -20.700  50.626 0.1111110002
118177  -25.178  -20.700  48.697 0.1111110002
134174  -22.500  -20.529  47.701 0.2222220004
44767  -22.476  -20.591  46.372 0.2222220004
129385  -28.003  -19.073  43.398 0.2222220004
46766  -27.853  -18.696  42.221 0.2222220004
112204  -25.741  -20.566  47.095 0.1111110002
44805  -26.283  -20.222  44.870 0.2222220004
111617  -25.023  -20.593  46.794 0.2222220004
48592  -27.469  -16.793  39.582 0.4444440007
44769  -24.831  -20.625  46.066 0.2222220004
45854  -26.746  -19.747  43.150 0.3333329856
49626  -26.717  -15.880  38.497 0.4444440007
44836  -26.148  -20.012  42.789 0.3333329856
44786  -24.628  -20.680  45.284 0.2222220004
111614  -24.009  -20.690  45.869 0.2222220004
127917  -24.642  -20.619  42.510 0.4444440007
44848  -25.856  -20.013  42.062 0.4444440007
111607  -23.774  -20.906  43.518 0.4444440007
44834  -23.947  -20.837  42.671 0.5555559993
44847  -25.097  -20.440  41.992 0.4444440007
52677  -33.138  -12.397  34.111 0.4444440007
52692  -33.091  -11.939  32.930 0.4444440007
56695  -38.470  -8.362  27.530 0.2222220004
56696  -39.186  -8.084  27.887 0.2222220004
57599  -39.977  -7.847  28.296 0.2222220004
57629  -38.572  -7.308  26.621 0.2222220004
131423  -37.148  -8.946  26.854 0.3333329856
55702  -38.003  -9.072  27.842 0.1111110002
56711  -37.484  -8.346  26.516 0.3333329856
128069  -40.746  -6.133  27.417 0.1111110002
58553  -38.538  -6.416  25.648 0.3333329856
59473  -40.062  -5.260  25.776 0.1111110002
62216  -41.193  -2.008  25.432 0.1111110002
63213  -40.388  -1.529  23.419 0.1111110002
63233  -42.304  -1.480  20.252 0.3333329856
69033  -45.162  3.837  12.640 0.4444440007
127048  -44.401  3.564  12.370 0.4444440007
128476  -45.066  3.649  11.503 0.4444440007
69051  -43.998  4.527  10.369 0.4444440007
69052  -44.864  4.571  10.299 0.4444440007
69998  -44.534  6.117  9.336 0.4444440007
75235  -40.413  11.249  12.486 0.2222220004
74354  -39.941  10.799  11.138 0.3333329856
75253  -41.381  11.496  9.696 0.3333329856
134237  -42.333  12.538  9.859 0.2222220004
76217  -43.171  12.169  8.667 0.4444440007
76216  -43.212  12.673  9.142 0.3333329856
41524  -11.721  -23.843  52.908 0.1111110002
29727  -5.741  -37.434  55.512 0.1111110002
115276  -5.402  -34.670  54.711 0.1111110002
31742  -5.343  -34.048  54.051 0.1111110002
115397  -5.339  -34.565  53.550 0.1111110002
39670  -11.323  -25.700  52.954 0.1111110002
50629  -28.318  -14.759  43.398 0.1111110002
50643  -27.444  -13.873  42.516 0.1111110002
51570  -27.795  -13.876  43.277 0.1111110002
51585  -22.248  -13.790  40.691 0.2222220004
51576  -22.116  -12.959  40.953 0.1111110002
52547  -21.909  -12.154  41.249 0.1111110002
52561  -21.558  -12.370  40.451 0.1111110002
53688  -33.736  -11.588  33.202 0.3333329856
53697  -32.781  -11.636  32.222 0.4444440007
53689  -34.443  -11.185  33.497 0.3333329856
54623  -33.937  -10.201  31.970 0.2222220004
53699  -34.249  -10.743  32.699 0.3333329856
54614  -34.899  -10.241  33.050 0.3333329856
53698  -33.522  -11.218  32.439 0.3333329856
53709  -33.203  -10.789  31.703 0.4444440007
54624  -34.798  -9.766  32.168 0.2222220004
54637  -34.430  -9.744  31.483 0.2222220004
54636  -33.627  -9.918  31.263 0.3333329856
55610  -35.319  -9.621  32.174 0.2222220004
54650  -34.014  -9.593  30.892 0.2222220004
55629  -35.309  -9.718  31.735 0.2222220004
55645  -35.211  -9.830  30.794 0.2222220004
55611  -35.786  -9.649  32.340 0.2222220004
68090  -43.931  3.948  13.937 0.3333329856
69025  -45.054  4.703  13.697 0.3333329856
70922  -45.016  6.264  8.544 0.3333329856
70030  -46.731  5.654  7.319 0.2222220004
70954  -46.366  6.532  5.967 0.3333329856
69989  -45.168  5.293  9.753 0.3333329856
71798  -46.443  7.871  4.922 0.2222220004
72647  -48.323  7.607  3.164 0.2222220004
73536  -46.778  9.549  4.381 0.2222220004
72636  -47.227  8.633  3.944 0.2222220004
72646  -47.793  8.260  3.388 0.2222220004
73537  -47.238  9.465  3.800 0.2222220004
73526  -46.156  9.588  4.875 0.2222220004
72661  -48.136  8.425  2.668 0.2222220004
74418  -47.052  10.355  4.053 0.2222220004
73546  -47.629  8.980  3.293 0.2222220004
132126  -48.165  8.874  2.151 0.2222220004
75296  -47.116  11.281  3.896 0.2222220004
121276  -47.484  10.685  3.268 0.3333329856
74440  -47.822  10.126  2.574 0.2222220004
74448  -48.042  10.574  1.930 0.2222220004
123036  -48.497  9.512  0.753 0.3333329856
127109  -47.749  10.921  2.608 0.3333329856
75315  -47.912  11.635  2.148 0.3333329856
75295  -46.663  11.131  4.561 0.2222220004
128204  -46.438  11.741  4.870 0.3333329856
124037  -46.817  11.906  4.368 0.4444440007
124646  -47.197  12.057  3.773 0.3333329856
74449  -48.291  10.242  1.099 0.3333329856
75307  -47.526  11.656  3.085 0.4444440007
76271  -48.218  12.691  1.919 0.4444440007
75325  -48.240  11.143  1.398 0.4444440007
76249  -47.170  12.845  4.137 0.3333329856
76260  -47.561  12.693  3.271 0.4444440007
77143  -48.185  13.541  2.556 0.4444440007
75316  -48.271  11.994  1.513 0.4444440007
76277  -48.671  12.789  1.117 0.3333329856
77152  -48.730  13.733  1.619 0.3333329856
119495  -48.895  12.270  0.451 0.3333329856
78028  -49.454  14.736  1.002 0.4444440007
76248  -46.616  12.499  4.816 0.4444440007
77129  -47.754  13.719  3.486 0.4444440007
77130  -48.627  14.528  2.993 0.4444440007
117549  -49.130  14.659  2.021 0.4444440007
132294  -49.553  15.311  1.388 0.4444440007
78009  -49.332  15.187  2.594 0.3333329856
78913  -49.526  15.820  2.561 0.3333329856
54635  -32.805  -10.334  31.034 0.5555559993
55660  -36.025  -10.153  30.044 0.1111110002
74408  -45.931  10.290  5.113 0.3333329856
74409  -46.431  10.376  4.735 0.3333329856
77977  -47.637  14.441  4.582 0.4444440007
78901  -49.411  15.876  3.198 0.3333329856
70021  -46.668  5.577  8.191 0.2222220004
55679  -37.586  -9.692  28.145 0.2222220004
68118  -45.225  3.997  10.725 0.3333329856
70912  -44.762  6.262  8.954 0.3333329856
69999  -45.309  5.641  9.279 0.3333329856
111106  -34.658  -9.726  31.284 0.2222220004
55646  -36.032  -9.982  31.047 0.2222220004
72635  -46.563  8.716  4.613 0.2222220004
73555  -47.908  9.294  2.611 0.2222220004
74430  -47.538  9.832  3.282 0.2222220004
76270  -47.795  12.439  2.576 0.4444440007
75326  -48.526  11.697  0.890 0.4444440007
117904  -47.475  13.818  4.186 0.4444440007
77160  -49.109  13.814  0.925 0.3333329856
77990  -48.147  14.515  3.798 0.3333329856
78029  -49.575  15.747  1.720 0.3333329856
121659  -9.078  -36.005  57.424 0.1111110002
40526  -7.677  -24.767  53.659 0.1111110002
121472  -29.129  -18.855  45.312 0.1111110002
47644  -29.061  -17.175  43.869 0.1111110002
46746  -29.241  -18.183  44.968 0.1111110002
48553  -20.394  -16.138  42.486 0.1111110002
49552  -20.620  -16.021  43.373 0.1111110002
49526  -20.624  -15.499  45.594 0.1111110002
116329  -21.303  -15.877  46.158 0.1111110002
49540  -21.396  -16.301  44.607 0.1111110002
49539  -20.755  -15.717  44.747 0.1111110002
116587  -20.976  -16.065  44.057 0.1111110002
48532  -21.845  -16.816  43.949 0.1111110002
134177  -21.166  -16.356  43.621 0.1111110002
133774  -22.865  -17.611  43.695 0.1111110002
48541  -21.339  -16.643  43.023 0.1111110002
48542  -22.480  -17.340  43.142 0.1111110002
48518  -22.059  -17.004  44.931 0.1111110002
48533  -22.847  -17.681  44.403 0.1111110002
56513  -23.799  -8.926  38.967 0.1111110002
56514  -24.367  -8.428  39.410 0.1111110002
54563  -22.189  -10.079  39.567 0.2222220004
55537  -23.132  -9.289  38.582 0.1111110002
131258  -34.214  -11.948  34.769 0.1111110002
53680  -35.326  -10.859  34.557 0.1111110002
53679  -34.631  -11.429  34.318 0.1111110002
53670  -34.873  -11.566  35.171 0.1111110002
52662  -33.857  -11.916  34.036 0.2222220004
118841  -21.457  -10.962  40.171 0.1111110002
54607  -35.796  -10.047  34.879 0.1111110002
116718  -35.631  -9.985  34.104 0.1111110002
53690  -35.069  -10.654  33.830 0.1111110002
54608  -36.244  -9.413  34.440 0.1111110002
127659  -36.676  -9.140  34.914 0.1111110002
123131  -36.429  -9.342  33.828 0.1111110002
54616  -35.916  -9.535  33.438 0.1111110002
54615  -35.422  -9.940  33.422 0.1111110002
112991  -37.433  -9.190  34.260 0.1111110002
55581  -36.755  -9.172  34.405 0.1111110002
124567  -38.331  -9.274  34.034 0.1111110002
111532  -36.328  -9.483  33.050 0.1111110002
54625  -35.432  -9.696  32.711 0.1111110002
55596  -39.294  -9.462  33.714 0.1111110002
55595  -37.754  -9.392  33.530 0.1111110002
55594  -36.931  -9.310  33.698 0.1111110002
63220  -42.125  -1.070  22.694 0.1111110002
114870  -38.519  -9.510  33.400 0.1111110002
114128  -39.909  -9.913  33.015 0.1111110002
55612  -37.198  -9.533  32.935 0.1111110002
55613  -38.122  -9.671  32.812 0.1111110002
111541  -36.587  -9.693  32.313 0.1111110002
65079  -44.483  0.430  21.417 0.1111110002
67080  -46.487  2.799  19.517 0.1111110002
67088  -46.357  2.898  18.563 0.1111110002
67079  -45.971  2.242  19.964 0.1111110002
66101  -45.056  1.152  20.237 0.1111110002
124659  -45.622  1.709  20.312 0.1111110002
68042  -46.940  3.472  19.005 0.1111110002
68048  -46.719  3.593  18.048 0.1111110002
68999  -46.992  4.269  17.440 0.1111110002
65096  -44.624  0.598  19.828 0.1111110002
67087  -45.907  2.270  19.116 0.1111110002
66102  -45.503  1.618  19.606 0.1111110002
65087  -44.547  0.481  20.554 0.1111110002
69945  -47.472  5.734  16.328 0.1111110002
68055  -46.278  3.786  17.193 0.1111110002
69007  -47.227  4.980  16.848 0.1111110002
70871  -47.202  6.774  14.653 0.1111110002
69952  -47.087  6.019  15.315 0.1111110002
66108  -45.355  1.653  18.770 0.1111110002
67098  -46.073  3.059  17.730 0.1111110002
69944  -46.800  5.267  15.971 0.1111110002
69006  -46.510  4.507  16.583 0.1111110002
65095  -44.396  0.428  19.123 0.1111110002
71722  -47.293  7.387  14.220 0.1111110002
65086  -44.066  0.040  19.905 0.1111110002
66107  -44.897  1.080  19.322 0.1111110002
70870  -46.692  6.206  14.352 0.1111110002
71729  -47.105  7.245  13.944 0.1111110002
65103  -44.061  0.304  18.360 0.2222220004
67097  -45.428  2.587  17.465 0.1111110002
68061  -45.671  4.101  16.345 0.1111110002
69014  -45.977  4.865  15.733 0.1111110002
69951  -46.296  5.603  15.053 0.1111110002
70892  -47.556  6.353  13.130 0.1111110002
69959  -46.111  5.702  14.306 0.1111110002
69966  -46.750  6.120  13.697 0.1111110002
70893  -48.225  6.784  12.456 0.1111110002
71738  -48.471  7.209  11.604 0.1111110002
65113  -44.215  0.713  17.815 0.2222220004
68060  -44.652  3.336  16.069 0.1111110002
69013  -45.292  4.614  15.561 0.2222220004
69019  -45.412  5.216  14.853 0.1111110002
69973  -47.958  5.947  12.164 0.1111110002
70897  -48.279  6.319  11.317 0.1111110002
71743  -48.596  7.208  10.284 0.1111110002
65112  -43.678  0.258  17.656 0.2222220004
69971  -46.595  5.318  13.211 0.1111110002
69972  -47.325  5.639  12.794 0.1111110002
133967  -48.491  6.923  10.857 0.1111110002
71748  -48.739  7.007  9.510 0.1111110002
73494  -49.620  9.547  8.713 0.1111110002
72598  -49.866  9.238  7.911 0.1111110002
68069  -44.346  3.801  15.285 0.2222220004
112251  -44.920  5.005  14.385 0.2222220004
69964  -45.501  5.310  14.169 0.1111110002
72597  -49.414  8.548  8.440 0.1111110002
68078  -44.118  4.063  14.557 0.2222220004
69024  -44.433  4.562  14.178 0.2222220004
113289  -45.753  4.281  12.914 0.2222220004
69034  -46.428  4.561  12.489 0.1111110002
69979  -47.531  5.334  11.849 0.1111110002
69992  -48.007  5.716  10.597 0.1111110002
71749  -49.053  7.804  8.977 0.1111110002
122808  -50.388  10.322  8.164 0.1111110002
72610  -49.773  8.278  7.690 0.1111110002
70924  -49.411  7.575  8.124 0.1111110002
112311  -45.851  3.957  12.016 0.2222220004
69044  -46.995  4.757  11.596 0.1111110002
69991  -47.433  5.190  10.863 0.1111110002
70002  -48.066  5.707  9.759 0.1111110002
119245  -48.757  6.073  7.972 0.1111110002
131578  -49.748  7.479  7.458 0.1111110002
70945  -49.967  6.673  6.087 0.1111110002
70958  -50.379  7.033  5.281 0.1111110002
112264  -46.918  5.149  10.079 0.1111110002
70001  -47.321  5.432  9.439 0.1111110002
123803  -47.964  5.618  9.023 0.1111110002
70935  -48.960  6.026  7.068 0.1111110002
70011  -47.409  5.537  8.608 0.1111110002
70022  -47.533  5.572  7.748 0.1111110002
70032  -48.406  5.747  6.595 0.1111110002
70040  -48.387  5.830  5.918 0.1111110002
70957  -49.633  6.469  5.218 0.1111110002
122714  -48.925  6.341  4.662 0.1111110002
69053  -45.660  4.600  10.396 0.2222220004
69054  -46.529  4.668  10.704 0.2222220004
69990  -46.020  5.133  9.887 0.2222220004
70010  -46.499  5.481  8.900 0.1111110002
70023  -48.311  5.693  7.410 0.1111110002
70039  -47.698  5.724  6.139 0.2222220004
70038  -46.841  5.806  6.443 0.1111110002
70956  -48.697  6.094  5.339 0.1111110002
116667  -47.657  6.976  4.309 0.1111110002
70955  -47.824  5.984  5.411 0.1111110002
71799  -47.090  7.763  4.419 0.1111110002
71807  -47.709  7.637  3.786 0.1111110002
70009  -45.474  5.711  8.937 0.2222220004
70923  -45.825  5.722  8.539 0.1111110002
71789  -47.031  6.782  5.053 0.1111110002
73564  -48.217  9.451  1.698 0.2222220004
114156  -40.283  7.715  15.697 0.1111110002
71709  -39.678  7.464  15.352 0.1111110002
119076  -48.461  10.867  0.731 0.2222220004
71710  -40.806  8.182  15.644 0.1111110002
72541  -40.808  8.598  15.144 0.1111110002
73450  -41.240  9.910  14.725 0.1111110002
74336  -41.330  10.704  14.542 0.1111110002
75220  -41.711  11.983  14.435 0.1111110002
77058  -42.837  13.095  14.826 0.1111110002
77062  -43.185  13.811  14.642 0.1111110002
73449  -40.533  9.507  14.287 0.1111110002
126860  -40.647  10.324  14.052 0.1111110002
76193  -42.314  12.622  14.486 0.1111110002
72556  -39.982  8.983  13.811 0.1111110002
73457  -40.065  9.776  13.342 0.1111110002
120747  -41.364  11.383  14.329 0.1111110002
77926  -43.631  14.489  14.782 0.1111110002
77066  -42.988  13.949  13.720 0.1111110002
74343  -40.847  11.084  13.844 0.1111110002
77962  -46.182  14.677  8.134 0.2222220004
77089  -45.236  13.384  7.311 0.2222220004
77966  -46.953  15.026  6.782 0.2222220004
77978  -48.481  15.010  4.066 0.2222220004
77991  -49.037  15.225  3.333 0.2222220004
78010  -49.660  16.551  1.747 0.1111110002
78946  -49.546  16.137  0.213 0.1111110002
114005  -49.575  15.825  0.802 0.2222220004
77965  -46.295  14.506  7.246 0.2222220004
115678  -49.527  16.900  1.203 0.1111110002
78873  -48.419  16.096  6.804 0.1111110002
79815  -48.143  16.282  7.686 0.1111110002
79826  -49.297  16.472  6.391 0.1111110002
78872  -47.537  15.658  7.230 0.1111110002
79850  -50.238  17.389  2.833 0.1111110002
79861  -49.771  17.351  1.920 0.1111110002
79871  -49.442  16.470  0.680 0.1111110002
79860  -49.304  17.264  1.539 0.1111110002
79870  -49.261  16.853  0.943 0.1111110002
133284  -49.652  17.585  2.043 0.1111110002
79881  -48.797  16.554  0.568 0.1111110002
72582  -48.741  8.081  9.974 0.1111110002
121731  -48.510  7.731  10.875 0.1111110002
71734  -48.379  7.579  12.322 0.1111110002
72583  -49.048  8.848  9.260 0.1111110002
70946  -50.378  7.675  6.095 0.1111110002
72621  -50.383  8.631  6.542 0.1111110002
54576  -21.506  -10.638  38.592 0.2222220004
54562  -21.684  -10.527  39.491 0.2222220004
55524  -22.000  -10.076  38.830 0.1111110002
78902  -49.791  16.578  2.585 0.2222220004
77964  -45.676  14.061  7.691 0.2222220004
68054  -45.587  3.358  17.026 0.1111110002
64175  -43.772  -0.140  19.020 0.2222220004
66118  -45.123  1.811  17.919 0.1111110002
47635  -28.996  -17.945  44.169 0.1111110002
48545  -28.809  -16.968  43.079 0.1111110002
77088  -44.584  13.041  7.772 0.2222220004
120789  -9.178  -36.078  58.760 0.1111110002
75227  -40.686  11.364  13.086 0.1111110002
130635  -35.772  -9.603  32.654 0.1111110002
55630  -36.047  -9.758  31.828 0.1111110002
131068  -47.086  6.033  5.723 0.2222220004
69043  -46.384  4.351  11.518 0.2222220004
70000  -46.273  5.357  9.421 0.1111110002
55647  -36.977  -10.035  31.343 0.1111110002
47636  -29.285  -17.391  44.677 0.1111110002
49527  -21.390  -16.101  45.320 0.1111110002
48510  -22.232  -16.663  45.900 0.1111110002
55526  -23.277  -9.335  39.428 0.1111110002
114202  -45.745  2.362  18.231 0.1111110002
70879  -46.876  6.821  14.049 0.1111110002
65104  -44.661  1.022  18.406 0.2222220004
70878  -46.594  6.310  14.100 0.1111110002
68070  -44.933  4.054  15.804 0.2222220004
69026  -45.921  4.964  13.492 0.1111110002
69012  -44.682  4.618  14.936 0.2222220004
69980  -47.909  5.677  11.337 0.1111110002
70904  -48.412  6.354  10.201 0.1111110002
69035  -47.027  5.034  12.434 0.1111110002
118555  -47.573  5.449  10.160 0.1111110002
71762  -49.001  6.789  8.532 0.1111110002
71774  -50.130  7.957  6.991 0.1111110002
126420  -48.489  6.061  9.043 0.1111110002
70936  -49.378  6.692  7.546 0.1111110002
70012  -48.153  5.692  8.276 0.1111110002
71783  -49.945  7.068  6.848 0.1111110002
122912  -49.488  6.464  6.736 0.1111110002
70944  -49.121  6.115  6.149 0.1111110002
70965  -48.093  6.416  4.741 0.1111110002
75228  -41.148  11.851  13.568 0.1111110002
76189  -42.817  12.434  15.321 0.1111110002
77061  -42.644  13.338  14.148 0.1111110002
78929  -49.572  16.424  0.923 0.1111110002
78042  -49.707  15.464  0.007 0.1111110002
60349  -35.706  -4.820  29.084 0.1111110002
60348  -34.873  -4.753  29.204 0.1111110002
60365  -35.890  -4.993  28.411 0.1111110002
61276  -36.914  -4.127  28.839 0.1111110002
60363  -33.661  -4.945  28.735 0.1111110002
60364  -34.499  -5.159  28.603 0.1111110002
59425  -35.278  -5.174  28.508 0.1111110002
59437  -34.052  -5.428  28.054 0.1111110002
133068  -35.491  -5.240  28.008 0.1111110002
126228  -34.341  -5.230  27.322 0.1111110002
133708  -36.651  -4.399  29.585 0.1111110002
60334  -37.350  -3.971  30.368 0.1111110002
61270  -37.754  -3.812  30.068 0.1111110002
60350  -36.456  -4.607  28.995 0.1111110002
118117  -36.137  -4.434  29.686 0.1111110002
128555  -34.111  -4.643  29.246 0.1111110002
60333  -36.684  -4.164  30.256 0.1111110002
61269  -34.904  -3.866  30.701 0.1111110002
111171  -35.273  -4.310  29.892 0.1111110002
60332  -35.809  -4.028  30.500 0.1111110002
52535  -22.438  -12.406  43.549 0.1111110002
59438  -34.888  -5.350  27.944 0.1111110002
57573  -28.936  -7.013  32.230 0.1111110002
58482  -29.454  -6.406  32.597 0.1111110002
58483  -30.061  -5.898  32.945 0.1111110002
59409  -30.366  -5.077  32.612 0.1111110002
58487  -29.087  -6.111  31.877 0.1111110002
59405  -31.218  -5.192  33.940 0.1111110002
60309  -31.353  -4.720  33.388 0.1111110002
59408  -29.685  -5.496  32.224 0.1111110002
111161  -30.872  -4.478  32.305 0.1111110002
123181  -30.869  -4.251  31.703 0.1111110002
73588  -49.193  9.652  -0.634 0.1111110002
75339  -49.121  10.527  -0.675 0.2222220004
76215  -42.566  12.245  9.332 0.2222220004
118984  -44.158  13.465  8.982 0.1111110002
77958  -45.493  14.534  9.402 0.1111110002
78865  -46.712  15.279  8.590 0.1111110002
78858  -47.299  15.878  9.069 0.1111110002
77086  -43.846  12.814  8.468 0.1111110002
127093  -44.489  13.385  8.454 0.1111110002
78871  -46.794  15.162  7.680 0.1111110002
132561  -49.318  11.464  -0.722 0.2222220004
76284  -49.270  13.273  0.386 0.2222220004
76292  -49.381  12.514  -0.326 0.2222220004
78866  -47.367  15.800  8.133 0.1111110002
60318  -30.155  -4.686  31.804 0.1111110002
75333  -48.820  11.313  0.075 0.2222220004
112386  -45.083  13.653  8.137 0.1111110002
77959  -46.126  14.819  9.009 0.1111110002
77961  -45.572  14.279  8.563 0.1111110002
59404  -30.714  -5.385  33.362 0.1111110002
74474  -49.482  10.125  -1.249 0.1111110002
39669  -7.671  -25.758  53.729 0.1111110002
120233  -8.068  -25.460  52.352 0.1111110002
40530  -7.988  -24.646  52.606 0.1111110002
112417  -7.941  -25.338  53.056 0.1111110002
44720  -15.517  -19.632  49.380 0.1111110002
44736  -15.602  -19.869  48.449 0.1111110002
45779  -15.820  -19.036  49.716 0.1111110002
45788  -15.903  -19.183  48.822 0.1111110002
45780  -16.261  -18.973  49.221 0.1111110002
45789  -16.288  -19.122  48.392 0.1111110002
45781  -17.035  -19.128  48.862 0.1111110002
47615  -11.679  -17.229  47.686 0.1111110002
118742  -11.815  -17.056  46.220 0.2222220004
128630  -12.780  -16.201  45.159 0.2222220004
48517  -12.089  -16.160  45.847 0.1111110002
49524  -13.251  -15.408  44.995 0.2222220004
49536  -13.613  -15.432  44.333 0.2222220004
50607  -13.777  -14.690  44.758 0.2222220004
50625  -16.684  -14.293  43.441 0.1111110002
50611  -18.109  -14.486  44.170 0.1111110002
50627  -18.436  -14.812  43.239 0.1111110002
50626  -17.536  -14.484  43.376 0.1111110002
50640  -17.709  -14.758  42.684 0.1111110002
57501  -27.659  -7.369  36.514 0.1111110002
56678  -39.529  -8.690  28.415 0.1111110002
131916  -40.473  -7.966  28.651 0.1111110002
127795  -40.326  -7.059  27.912 0.1111110002
73622  -50.012  9.582  -4.127 0.1111110002
71883  -48.285  8.309  -3.302 0.1111110002
72735  -49.089  8.953  -3.818 0.1111110002
75246  -40.429  11.361  10.745 0.1111110002
124950  -47.592  9.639  -3.849 0.1111110002
74492  -47.811  10.176  -3.954 0.1111110002
123664  -48.856  11.053  -5.011 0.1111110002
73632  -49.829  10.406  -4.802 0.1111110002
74503  -50.641  11.187  -4.763 0.1111110002
76206  -41.299  12.502  11.818 0.1111110002
75240  -40.326  11.402  11.690 0.1111110002
76210  -41.436  12.441  10.828 0.1111110002
75241  -40.769  11.981  11.283 0.1111110002
76214  -41.766  12.188  9.890 0.1111110002
115376  -49.714  12.248  -1.296 0.1111110002
75350  -49.732  11.080  -1.638 0.1111110002
76293  -50.009  13.509  -1.137 0.1111110002
76303  -50.373  13.313  -2.043 0.1111110002
122610  -51.175  12.561  -3.978 0.1111110002
75361  -51.091  11.368  -3.797 0.1111110002
75380  -50.705  12.121  -5.160 0.1111110002
76325  -51.046  13.084  -4.654 0.1111110002
75369  -51.057  11.925  -4.537 0.1111110002
75378  -48.347  10.800  -4.506 0.1111110002
74502  -49.759  11.223  -5.172 0.1111110002
75367  -47.986  11.168  -3.926 0.1111110002
77069  -42.359  13.440  12.316 0.1111110002
76207  -41.978  13.045  11.379 0.1111110002
76211  -42.152  12.756  10.397 0.1111110002
77161  -49.671  14.429  0.244 0.1111110002
133692  -50.255  14.554  -1.108 0.1111110002
76304  -50.870  14.152  -2.908 0.1111110002
76314  -51.126  13.671  -3.918 0.1111110002
77193  -50.901  13.757  -4.345 0.1111110002
77202  -50.825  13.554  -4.616 0.1111110002
76335  -49.624  12.766  -5.011 0.1111110002
75368  -48.741  11.906  -4.815 0.1111110002
76323  -48.186  12.449  -3.793 0.1111110002
77176  -50.244  14.984  -1.445 0.1111110002
78069  -50.174  14.926  -2.757 0.1111110002
78076  -50.171  14.460  -3.586 0.1111110002
77191  -50.020  14.014  -4.225 0.1111110002
76324  -49.160  13.274  -4.391 0.1111110002
78963  -49.540  15.632  -0.283 0.1111110002
48509  -11.666  -16.880  47.010 0.2222220004
48531  -13.250  -16.233  44.278 0.2222220004
49550  -19.283  -15.219  43.433 0.1111110002
75236  -40.780  11.889  12.397 0.1111110002
77169  -50.082  14.977  -0.646 0.1111110002
76285  -49.851  13.928  -0.393 0.1111110002
49510  -11.734  -16.226  46.646 0.2222220004
49538  -19.100  -14.927  44.313 0.1111110002
73621  -48.842  9.734  -4.499 0.1111110002
73631  -48.826  10.439  -4.801 0.1111110002
72734  -47.977  9.227  -4.081 0.1111110002
74501  -48.250  10.273  -4.391 0.1111110002
127900  -41.771  12.918  12.267 0.1111110002
118863  -50.107  12.197  -2.109 0.1111110002
77177  -50.494  14.434  -1.867 0.1111110002
76313  -50.840  13.030  -3.015 0.1111110002
75360  -50.574  11.815  -2.843 0.1111110002
77186  -50.690  14.224  -3.535 0.1111110002
78061  -50.422  14.696  -2.411 0.1111110002
78052  -49.851  15.224  -0.840 0.1111110002
50594  -13.344  -14.521  45.624 0.1111110002
49523  -12.679  -15.373  45.677 0.1111110002
30766  -5.697  -34.901  56.647 0.3333329856
31718  -5.718  -34.618  56.753 0.4444440007
31756  -9.120  -33.871  52.875 0.5555559993
32536  -5.780  -34.113  56.735 0.3333329856
32544  -5.942  -33.444  56.810 0.3333329856
32563  -5.356  -33.313  54.097 0.1111110002
32577  -8.915  -33.462  52.435 0.6666669846
32590  -9.023  -33.106  52.042 0.6666669846
33351  -7.615  -33.062  53.596 0.6666669846
33369  -8.726  -32.989  52.060 0.6666669846
33370  -9.534  -32.795  52.601 0.6666669846
34110  -5.543  -31.751  56.687 0.2222220004
34183  -8.862  -31.596  51.289 0.6666669846
34185  -9.804  -31.100  51.411 0.7777780294
35061  -9.285  -30.359  50.404 0.7777780294
35987  -7.058  -29.300  55.717 0.3333329856
36009  -4.647  -29.309  53.160 0.1111110002
36031  -9.439  -29.101  49.347 0.7777780294
36977  -4.397  -28.326  56.946 0.1111110002
37029  -10.699  -28.517  50.510 0.6666669846
37972  -8.048  -27.606  50.481 0.8888890147
37981  -9.855  -27.584  48.523 0.7777780294
39708  -10.144  -25.582  47.813 0.8888890147
40542  -8.217  -24.279  51.789 0.2222220004
44814  -14.701  -20.193  43.491 0.8888890147
47691  -26.352  -17.485  37.410 0.7777780294
55628  -34.930  -9.642  31.798 0.2222220004
55700  -35.543  -9.972  27.152 0.6666669846
58538  -40.308  -5.951  26.806 0.2222220004
60314  -30.953  -4.793  32.877 0.1111110002
60351  -37.124  -4.201  29.582 0.1111110002
63201  -41.293  -1.231  25.149 0.1111110002
63212  -32.167  -1.228  23.352 0.5555559993
63266  -42.168  -1.189  17.690 0.6666669846
64154  -32.443  -0.670  22.738 0.5555559993
64197  -41.881  -0.934  17.145 0.6666669846
65068  -32.821  -0.205  22.222 0.5555559993
69040  -40.448  4.479  11.204 0.7777780294
69042  -45.858  4.064  11.056 0.3333329856
69905  -42.752  6.074  21.745 0.1111110002
69965  -46.137  5.750  13.913 0.1111110002
70031  -47.599  5.577  6.910 0.1111110002
70885  -46.841  6.823  13.902 0.1111110002
71727  -38.712  7.213  13.309 0.4444440007
72720  -49.558  8.246  -3.205 0.1111110002
73620  -48.069  9.804  -4.215 0.1111110002
74349  -40.028  10.801  12.113 0.2222220004
74375  -43.094  10.897  7.787 0.6666669846
75247  -41.008  11.823  10.337 0.2222220004
75261  -43.146  11.557  8.204 0.4444440007
75379  -49.733  11.988  -5.308 0.1111110002
76212  -42.823  12.937  9.826 0.2222220004
76336  -50.537  12.912  -5.064 0.1111110002
77192  -50.663  13.972  -4.257 0.1111110002
77201  -50.236  13.540  -4.718 0.1111110002
111616  -21.194  -20.572  46.011 0.5555559993
114351  -41.792  -1.668  17.981 0.5555559993
115877  -8.066  -26.209  52.136 0.4444440007
120476  -43.702  3.474  12.222 0.4444440007
121569  -21.360  -10.943  38.196 0.5555559993
122783  -9.545  -33.510  53.873 0.1111110002
122785  -7.396  -27.071  54.494 0.4444440007
123194  -25.773  -20.799  50.136 0.1111110002
124306  -40.620  -2.602  19.883 0.7777780294
126331  -38.936  -6.658  26.339 0.2222220004
127073  -9.770  -31.911  53.633 0.5555559993
127833  -45.151  3.573  16.435 0.1111110002
128923  -5.058  -31.347  51.749 0.1111110002
131508  -34.135  0.898  20.971 0.5555559993
131665  -30.144  -12.415  39.271 0.1111110002
132674  -38.516  6.746  13.756 0.4444440007
132851  -35.922  1.899  22.941 0.2222220004
133899  -9.222  -35.268  54.950 0.3333329856
134314  -39.957  -5.793  26.301 0.1111110002
