#!ascii label  , from subject sub-v1s20x0050285_ses-1 vox2ras=TkReg
4048
115096  1.126  -87.053  -3.801 0.6000000238
1012  0.055  -82.552  13.714 1.0000000000
765  0.193  -83.328  14.812 1.0000000000
1295  -0.283  -82.132  12.401 1.0000000000
1021  -0.246  -82.044  12.112 1.0000000000
781  -0.343  -82.401  11.826 1.0000000000
790  -0.031  -83.241  11.242 1.0000000000
467  1.441  -83.700  12.880 1.0000000000
526  -0.078  -84.090  5.371 0.8999999762
315  1.683  -84.859  -1.810 0.6000000238
325  1.523  -85.750  -3.738 0.6000000238
1005  -0.116  -82.793  14.585 1.0000000000
129332  0.397  -82.159  14.419 1.0000000000
999  -0.050  -83.090  15.980 1.0000000000
1294  0.356  -81.947  12.983 1.0000000000
1303  0.516  -81.860  12.120 1.0000000000
117651  -0.681  -81.964  11.126 1.0000000000
1036  -0.890  -82.095  10.707 1.0000000000
1315  -0.144  -81.664  10.730 1.0000000000
116577  0.118  -80.950  9.074 1.0000000000
471  2.266  -83.786  11.627 0.6999999881
486  1.682  -83.818  10.044 0.8000000119
119402  1.092  -84.858  1.051 0.6000000238
4510  3.204  -74.251  -15.735 0.8000000119
309  1.669  -84.820  -0.945 0.6000000238
601  1.634  -85.126  -2.753 0.6000000238
626  -0.079  -85.837  -5.497 0.8000000119
67  0.185  -87.557  -8.571 0.6999999881
121182  0.381  -83.852  -8.609 0.8999999762
396  -0.261  -85.957  -10.332 0.8000000119
909  0.402  -83.831  -10.405 0.8999999762
1273  0.838  -81.508  15.299 1.0000000000
129503  1.218  -81.294  14.393 1.0000000000
1644  2.607  -81.146  9.765 1.0000000000
1322  2.246  -81.324  9.203 1.0000000000
115656  2.141  -84.025  9.005 0.6999999881
495  1.661  -84.179  8.164 0.6999999881
5077  2.061  -73.831  -12.931 0.8999999762
580  0.382  -84.450  -0.279 0.8000000119
118364  1.169  -84.588  -2.203 0.6999999881
5055  6.087  -73.855  -11.208 0.8999999762
602  1.146  -84.727  -2.954 0.6999999881
646  0.098  -84.370  -7.020 0.8999999762
691  0.095  -84.220  -11.240 0.8000000119
1254  0.672  -81.379  16.176 1.0000000000
1592  0.676  -80.549  16.017 1.0000000000
115565  0.021  -82.559  15.277 1.0000000000
1619  1.941  -80.511  12.863 1.0000000000
1293  1.500  -81.585  12.713 1.0000000000
1292  2.036  -81.318  12.319 1.0000000000
780  0.008  -83.084  12.254 1.0000000000
789  0.680  -83.529  11.912 1.0000000000
800  0.121  -83.598  9.255 1.0000000000
517  0.961  -84.301  6.314 0.6000000238
496  0.741  -84.007  8.341 0.8000000119
132989  0.718  -84.853  2.716 0.6999999881
567  0.307  -84.590  0.670 0.8000000119
5141  2.668  -73.949  -14.978 0.8000000119
5076  2.837  -73.458  -12.687 0.8999999762
131965  1.012  -87.460  -4.054 0.6000000238
614  0.607  -84.862  -4.186 0.8000000119
181  1.970  -86.754  -9.090 0.6000000238
174  1.601  -87.088  -8.321 0.6000000238
54  1.090  -87.712  -7.934 0.6000000238
5027  7.237  -74.072  -9.477 0.8999999762
129245  0.593  -83.514  -7.552 1.0000000000
898  1.390  -83.035  -9.462 0.8999999762
119865  0.113  -85.726  -12.165 0.8000000119
710  1.160  -84.287  -13.749 0.8000000119
1767  3.503  -80.458  -12.794 0.8999999762
1601  1.252  -80.761  14.678 1.0000000000
1924  2.165  -80.433  12.088 1.0000000000
1313  2.000  -81.517  11.124 1.0000000000
797  -0.743  -82.801  10.537 1.0000000000
1042  -1.034  -82.421  9.860 1.0000000000
130770  0.241  -84.020  7.718 0.8999999762
506  0.195  -84.091  6.940 0.8000000119
546  0.785  -84.670  3.747 0.6000000238
535  0.343  -84.322  4.684 0.6999999881
547  -0.095  -84.417  2.913 0.8000000119
568  -0.661  -83.935  1.131 0.8000000119
589  -0.049  -83.767  -0.956 0.8000000119
595  0.356  -83.865  -1.721 0.6999999881
858  0.788  -83.727  -3.122 0.8999999762
120050  0.616  -83.788  -2.491 0.6999999881
1425  1.320  -81.384  -5.139 1.0000000000
5042  5.591  -73.094  -10.879 0.8999999762
41  0.139  -87.579  -7.216 0.6000000238
353  -0.291  -86.520  -6.504 0.6000000238
5041  6.184  -73.239  -10.434 0.8999999762
75  0.249  -87.636  -9.433 0.6999999881
383  -0.414  -85.948  -9.017 0.6999999881
134939  1.293  -82.427  -6.004 1.0000000000
73  0.791  -88.499  -10.619 0.6000000238
74  0.366  -87.750  -10.237 0.6999999881
193  -0.237  -87.046  -9.981 0.6999999881
122575  0.583  -87.962  -10.901 0.6999999881
4431  7.287  -74.425  -8.439 0.8999999762
4449  6.872  -74.369  -10.542 0.8999999762
128787  -0.021  -86.538  -11.671 0.8000000119
205  0.429  -86.829  -13.157 0.8000000119
1490  2.812  -82.184  -12.151 0.8999999762
213  1.195  -86.545  -14.714 0.8000000119
122551  0.159  -84.800  -11.865 0.8000000119
698  0.942  -84.225  -12.931 0.8000000119
1186  1.599  -82.942  -11.775 0.8999999762
429  1.352  -85.998  -15.174 0.8000000119
1759  3.756  -79.967  -12.196 0.8999999762
721  1.504  -85.291  -15.082 0.8999999762
951  1.419  -83.717  -13.962 0.8999999762
428  1.933  -85.747  -15.759 0.8000000119
113391  3.362  -81.074  -13.604 0.8999999762
1580  0.496  -81.242  17.012 0.8999999762
1898  0.754  -79.694  14.611 1.0000000000
1897  1.363  -80.077  14.241 1.0000000000
1914  0.975  -79.491  13.779 1.0000000000
1913  1.669  -79.910  13.427 1.0000000000
2254  1.318  -78.846  11.270 1.0000000000
1932  2.303  -80.461  11.235 1.0000000000
118807  1.915  -81.495  10.293 1.0000000000
1952  2.736  -80.333  9.413 1.0000000000
1316  -0.719  -81.740  10.334 1.0000000000
1332  -0.646  -80.745  8.893 1.0000000000
1330  1.248  -81.268  8.545 1.0000000000
1647  2.972  -80.941  8.628 1.0000000000
1037  -0.957  -81.803  10.024 1.0000000000
1329  2.491  -81.255  8.210 1.0000000000
803  -0.801  -83.092  9.125 1.0000000000
806  -0.247  -83.592  8.384 1.0000000000
518  0.100  -84.114  6.099 0.8999999762
824  -0.960  -83.506  3.047 1.0000000000
525  0.721  -84.340  5.493 0.6999999881
119871  -0.456  -83.800  5.837 1.0000000000
831  -1.361  -82.675  2.268 1.0000000000
120597  -0.264  -84.088  3.865 1.0000000000
818  -1.072  -83.245  3.960 1.0000000000
839  -1.370  -82.165  1.569 1.0000000000
558  -0.782  -83.794  2.122 0.8999999762
838  -1.196  -82.718  0.676 1.0000000000
1103  -0.126  -82.019  -0.617 1.0000000000
852  -0.660  -82.605  -0.647 0.8999999762
115591  -0.399  -83.893  0.368 0.8000000119
1117  1.248  -82.494  -3.392 1.0000000000
855  0.300  -82.897  -1.842 1.0000000000
1118  1.114  -82.450  -3.901 1.0000000000
1147  0.862  -82.941  -5.786 1.0000000000
862  0.812  -82.992  -4.401 1.0000000000
119596  0.743  -87.911  -9.697 0.6999999881
1152  1.121  -82.987  -7.535 1.0000000000
197  2.424  -87.327  -10.936 0.6000000238
681  -0.007  -84.713  -10.443 0.8999999762
890  1.036  -83.204  -8.451 1.0000000000
80  0.754  -88.975  -11.305 0.6999999881
1156  1.556  -82.864  -8.574 0.8999999762
908  1.064  -83.304  -10.308 0.8999999762
89  1.158  -87.901  -13.086 0.6999999881
119876  1.444  -83.047  -11.020 0.8999999762
947  1.321  -83.646  -13.276 0.8999999762
2970  3.534  -77.001  -12.678 0.8999999762
128857  3.219  -86.487  -16.378 0.6999999881
1770  3.565  -80.075  -13.545 0.8999999762
131324  2.427  -83.790  -15.157 0.8999999762
727  3.456  -84.959  -16.694 0.8000000119
742  5.253  -85.070  -18.084 0.8000000119
1883  0.452  -79.820  15.431 1.0000000000
1926  1.157  -79.274  12.925 1.0000000000
1626  2.257  -81.182  11.685 1.0000000000
1940  2.013  -79.570  10.817 1.0000000000
1939  2.518  -80.450  10.333 1.0000000000
1338  1.812  -81.260  7.613 1.0000000000
2286  2.520  -78.913  8.261 1.0000000000
1339  0.550  -80.729  7.617 1.0000000000
2290  2.788  -78.750  7.441 1.0000000000
1340  -0.964  -80.054  8.087 1.0000000000
1048  -1.264  -81.707  8.577 1.0000000000
807  -0.505  -83.574  7.540 1.0000000000
1080  -1.151  -81.851  1.898 1.0000000000
825  -1.404  -82.427  3.173 1.0000000000
1087  -0.727  -81.879  1.250 1.0000000000
1095  -0.937  -81.809  0.186 1.0000000000
130293  -0.520  -81.818  -0.147 1.0000000000
1110  0.520  -82.513  -1.391 1.0000000000
1404  1.586  -82.167  -3.556 1.0000000000
1415  1.800  -80.843  -5.009 1.0000000000
1408  1.714  -81.466  -3.997 1.0000000000
1423  3.147  -80.849  -6.200 1.0000000000
113499  1.679  -80.969  -5.746 1.0000000000
1122  1.258  -81.833  -4.472 1.0000000000
1150  1.991  -82.169  -6.872 1.0000000000
113856  2.696  -81.577  -6.747 1.0000000000
130634  1.372  -82.872  -7.887 1.0000000000
127027  1.283  -89.193  -11.536 0.6999999881
121045  1.866  -82.733  -9.220 0.8999999762
406  0.282  -85.985  -13.128 0.8000000119
711  0.775  -85.111  -13.409 0.8000000119
122335  2.134  -82.620  -10.847 0.8999999762
2  2.242  -87.973  -14.287 0.6000000238
97  2.810  -87.854  -14.817 0.6999999881
946  1.766  -83.233  -13.624 0.8999999762
114678  6.185  -77.488  -10.850 0.8999999762
121  4.625  -86.610  -17.280 0.6999999881
227  4.721  -85.812  -17.755 0.8000000119
4224  -3.608  -74.255  10.171 1.0000000000
4826  -3.223  -73.308  9.796 1.0000000000
2264  1.349  -78.604  10.346 1.0000000000
6050  -2.427  -72.421  9.718 1.0000000000
1953  2.218  -79.492  9.945 1.0000000000
125428  1.983  -78.515  8.858 1.0000000000
6680  -2.144  -71.337  10.887 1.0000000000
1336  3.315  -80.972  7.194 1.0000000000
1337  2.634  -81.223  7.291 1.0000000000
1960  3.110  -79.583  7.830 1.0000000000
6663  -2.648  -71.311  11.595 1.0000000000
1959  3.447  -80.049  7.576 1.0000000000
2741  2.371  -77.995  7.121 1.0000000000
1650  -0.571  -79.971  7.532 1.0000000000
1347  1.170  -80.909  6.890 1.0000000000
2749  3.171  -77.998  5.961 1.0000000000
3738  2.442  -75.165  5.020 1.0000000000
128310  -0.889  -79.896  7.441 1.0000000000
1656  0.028  -80.203  6.797 1.0000000000
3262  3.238  -76.290  4.182 1.0000000000
4300  2.388  -74.521  4.084 1.0000000000
1341  -1.287  -80.831  7.810 1.0000000000
3271  2.976  -75.884  3.640 1.0000000000
1052  -1.449  -81.668  7.043 1.0000000000
4359  -0.784  -75.284  -0.857 1.0000000000
1056  -1.389  -81.455  6.079 1.0000000000
130180  -0.665  -81.677  2.273 1.0000000000
116935  -0.768  -81.024  3.849 1.0000000000
819  -1.458  -82.260  4.050 1.0000000000
125372  -1.339  -82.293  5.503 1.0000000000
4371  -1.276  -75.118  -1.510 1.0000000000
119812  0.069  -82.010  2.013 1.0000000000
1374  -1.057  -81.246  3.325 1.0000000000
4461  1.763  -74.250  -11.598 0.8999999762
3799  -2.395  -75.915  -1.900 1.0000000000
4471  1.562  -74.353  -12.435 0.8999999762
1094  0.506  -82.230  -0.086 1.0000000000
4482  1.430  -74.424  -13.304 0.8999999762
1093  1.932  -82.714  -0.034 1.0000000000
1102  2.183  -82.549  -0.936 1.0000000000
5057  3.119  -73.142  -11.796 0.8999999762
4494  1.752  -74.392  -14.948 0.8000000119
1113  2.748  -82.099  -2.466 1.0000000000
4512  1.612  -74.980  -15.630 0.8000000119
1407  2.622  -81.322  -3.766 1.0000000000
5678  3.695  -72.800  -11.307 0.8999999762
5075  3.607  -73.226  -12.496 0.8999999762
5121  3.917  -73.704  -13.809 0.8000000119
1719  3.351  -80.508  -5.475 1.0000000000
5664  3.959  -72.592  -10.662 0.8999999762
5663  4.707  -72.552  -10.472 0.8999999762
5677  4.409  -72.760  -11.313 0.8999999762
3952  1.809  -75.605  -16.185 0.8000000119
5650  4.903  -72.294  -9.301 0.8999999762
1723  6.515  -80.426  -6.558 1.0000000000
1424  2.450  -80.692  -5.617 1.0000000000
116426  6.672  -72.919  -8.346 0.8999999762
5662  5.483  -72.601  -10.263 0.8999999762
1437  3.967  -81.452  -6.842 1.0000000000
4424  6.936  -74.323  -7.612 0.8999999762
131586  7.379  -74.235  -8.914 0.8999999762
5648  6.199  -72.715  -9.702 0.8999999762
119399  1.357  -76.601  -16.138 0.8000000119
134873  0.884  -76.380  -16.742 0.6999999881
1734  6.527  -80.463  -7.256 0.8999999762
1454  3.968  -82.180  -8.340 0.8999999762
3870  7.055  -74.992  -8.106 0.8999999762
3471  2.227  -76.484  -17.702 0.6999999881
135688  1.365  -75.936  -17.331 0.6999999881
3387  6.338  -75.434  -7.954 0.8999999762
4440  7.542  -74.930  -9.200 0.8999999762
125991  2.758  -76.415  -18.243 0.6999999881
3473  0.618  -76.079  -17.424 0.6999999881
1164  2.669  -82.493  -9.526 0.8999999762
3407  4.655  -76.473  -9.841 0.8999999762
2935  5.589  -76.453  -9.120 0.8999999762
3386  7.234  -75.824  -8.483 0.8999999762
3487  2.413  -76.457  -17.927 0.6999999881
3021  0.115  -76.388  -16.802 0.6999999881
3400  4.238  -76.583  -9.536 0.8999999762
120010  6.754  -76.807  -8.843 0.8999999762
3970  -0.834  -75.349  -17.595 0.6999999881
1473  4.270  -81.347  -10.641 0.8999999762
2946  4.032  -76.442  -10.340 0.8999999762
2961  4.280  -76.619  -11.690 0.8999999762
3993  1.138  -75.314  -19.471 0.6000000238
2489  3.372  -77.278  -11.171 0.8999999762
2945  5.472  -76.870  -10.187 0.8999999762
3398  8.100  -76.342  -8.925 0.6999999881
3498  2.182  -75.847  -19.317 0.6000000238
4543  -0.803  -74.628  -18.247 0.5000000000
228  3.968  -86.098  -17.178 0.8000000119
719  2.864  -84.607  -16.090 0.8999999762
1204  3.300  -82.372  -14.488 0.8999999762
1202  3.121  -82.120  -13.542 0.8999999762
2082  3.505  -79.281  -12.934 0.8999999762
2969  3.929  -76.718  -12.669 0.8999999762
119478  3.762  -79.548  -14.313 0.8999999762
2501  3.388  -77.765  -13.084 0.8999999762
2978  3.697  -76.916  -13.604 0.8999999762
2977  4.246  -76.995  -14.132 0.8999999762
123242  4.231  -76.827  -13.443 0.8999999762
130518  5.117  -77.125  -12.554 0.8999999762
1508  3.969  -81.830  -15.074 0.8999999762
1773  4.122  -79.588  -15.142 0.8999999762
2523  4.120  -77.859  -15.023 0.8999999762
226  5.330  -86.080  -18.031 0.6999999881
113031  4.750  -83.736  -16.860 0.8000000119
954  4.165  -83.259  -15.983 0.8000000119
1502  4.185  -80.817  -15.004 0.8000000119
445  6.881  -85.567  -19.563 0.6000000238
741  5.846  -84.985  -18.342 0.6999999881
1507  4.579  -81.218  -15.682 0.8000000119
1782  4.571  -80.118  -15.817 0.8000000119
112932  4.265  -78.583  -15.463 0.8999999762
970  5.580  -83.864  -17.774 0.8000000119
733  5.293  -84.554  -17.964 0.6999999881
1915  -0.049  -79.204  14.090 1.0000000000
2235  -0.705  -78.851  13.223 1.0000000000
2234  0.236  -78.996  13.137 1.0000000000
2256  -0.092  -78.440  11.943 1.0000000000
2265  0.476  -78.046  10.126 1.0000000000
2280  1.038  -78.109  9.702 1.0000000000
2719  0.433  -77.626  9.390 1.0000000000
2742  1.735  -77.523  7.616 1.0000000000
2291  2.259  -78.245  7.726 1.0000000000
1344  3.617  -80.802  6.586 1.0000000000
1661  4.013  -80.323  6.198 1.0000000000
127095  3.532  -78.837  6.224 1.0000000000
2751  2.033  -77.235  6.933 1.0000000000
1965  3.885  -79.206  5.755 1.0000000000
1346  2.084  -81.266  6.477 1.0000000000
3254  2.481  -76.154  5.632 1.0000000000
3255  1.902  -76.106  6.332 1.0000000000
1664  -0.980  -80.249  6.510 1.0000000000
1663  -0.689  -80.398  5.898 1.0000000000
3276  1.267  -76.616  3.215 1.0000000000
3766  2.076  -75.605  2.002 1.0000000000
3759  2.605  -75.022  2.226 1.0000000000
131309  -0.730  -80.742  5.165 1.0000000000
1348  -1.299  -80.642  6.747 1.0000000000
3775  -0.332  -76.534  1.524 1.0000000000
115147  -0.135  -81.196  3.867 1.0000000000
124117  -1.053  -80.990  4.727 1.0000000000
3786  -0.360  -75.711  -0.045 1.0000000000
1078  1.160  -82.593  2.343 1.0000000000
1372  -0.417  -81.433  3.091 1.0000000000
3787  -1.335  -75.832  -0.109 1.0000000000
1077  2.285  -82.846  2.552 1.0000000000
3902  1.129  -75.066  -11.865 0.8999999762
4372  -1.645  -75.074  -2.379 1.0000000000
132443  2.994  -82.984  0.840 1.0000000000
118312  1.745  -82.879  1.847 1.0000000000
120681  1.529  -82.913  0.931 1.0000000000
3909  1.024  -75.177  -12.847 0.8999999762
1092  3.103  -82.612  -0.170 1.0000000000
4450  1.760  -74.438  -10.760 0.8999999762
1107  3.260  -82.193  -1.705 1.0000000000
4441  2.316  -73.758  -10.195 0.8999999762
118548  2.434  -73.534  -11.120 0.8999999762
131932  4.458  -80.396  -3.540 1.0000000000
1700  3.807  -81.064  -3.438 1.0000000000
3928  1.337  -75.368  -14.786 0.8000000119
1702  3.448  -80.842  -4.047 1.0000000000
134931  3.900  -72.552  -9.567 0.8999999762
5043  3.237  -72.914  -10.896 0.8999999762
1718  4.266  -80.332  -5.197 1.0000000000
5639  4.113  -72.522  -8.511 0.8999999762
1724  5.645  -80.773  -6.330 1.0000000000
131882  6.550  -72.893  -7.616 0.8999999762
2999  0.652  -77.093  -15.513 0.8000000119
118339  6.562  -74.516  -6.854 0.8999999762
128482  6.777  -73.893  -7.100 0.8999999762
3472  1.341  -76.341  -16.512 0.8000000119
115708  -1.362  -73.943  -13.140 0.8999999762
1436  5.110  -81.388  -6.867 1.0000000000
5017  7.138  -73.682  -8.655 0.8999999762
1453  4.996  -81.779  -8.281 0.8999999762
3865  5.935  -75.538  -7.557 0.8999999762
2923  6.198  -75.935  -8.396 0.8999999762
5100  -1.362  -73.317  -13.704 0.8999999762
1463  4.710  -81.542  -9.804 0.8999999762
5124  -1.377  -73.222  -14.398 0.8999999762
126672  3.935  -77.114  -9.230 0.8999999762
2922  7.269  -76.497  -8.649 0.8999999762
3499  1.456  -75.800  -18.479 0.6999999881
3475  -0.843  -75.832  -17.023 0.6999999881
2473  3.431  -77.505  -10.386 0.8999999762
2944  6.688  -77.749  -10.046 0.8000000119
3981  -0.392  -75.328  -18.281 0.6999999881
1489  3.431  -81.268  -12.058 0.8999999762
1758  3.824  -79.560  -11.453 0.8999999762
2062  3.364  -78.288  -11.121 0.8999999762
2976  5.092  -77.300  -13.710 0.8000000119
1209  3.652  -82.777  -15.265 0.8000000119
1208  4.378  -82.220  -15.801 0.8000000119
2514  5.103  -77.594  -14.694 0.6999999881
2533  5.319  -77.864  -15.734 0.6999999881
119334  4.994  -80.658  -16.221 0.8000000119
1228  6.188  -82.084  -17.575 0.6999999881
1793  5.148  -79.746  -16.431 0.6999999881
977  7.218  -84.447  -18.568 0.6000000238
1227  6.676  -82.104  -17.929 0.5000000000
2692  -2.380  -78.251  10.827 1.0000000000
2245  -0.361  -78.626  12.520 1.0000000000
2267  -1.264  -78.244  10.795 1.0000000000
2266  -0.265  -78.051  10.477 1.0000000000
2720  -0.423  -77.389  9.319 1.0000000000
121204  -0.964  -75.199  7.034 1.0000000000
3729  -0.306  -75.113  6.842 1.0000000000
113087  1.296  -77.471  8.267 1.0000000000
128544  1.466  -76.911  7.255 1.0000000000
3243  2.276  -76.803  6.345 1.0000000000
1964  4.285  -79.795  5.687 1.0000000000
2303  3.676  -78.456  5.345 1.0000000000
2758  2.859  -77.133  5.779 1.0000000000
2312  4.364  -79.152  4.314 1.0000000000
2766  3.574  -77.179  4.186 1.0000000000
1070  4.051  -81.594  4.274 1.0000000000
1361  4.291  -81.091  5.013 1.0000000000
1660  4.352  -80.441  5.445 1.0000000000
2780  3.234  -76.730  3.460 1.0000000000
1065  3.011  -81.976  4.203 1.0000000000
1351  2.748  -81.390  5.759 1.0000000000
1353  0.708  -80.755  6.078 1.0000000000
3275  2.768  -75.943  3.208 1.0000000000
124472  0.875  -81.181  5.233 1.0000000000
2782  0.706  -77.588  3.255 1.0000000000
1363  0.899  -81.551  4.399 1.0000000000
1364  -0.000  -80.913  4.682 1.0000000000
131115  0.026  -80.579  5.403 1.0000000000
3283  -0.310  -76.815  2.321 1.0000000000
1371  1.877  -82.068  3.952 1.0000000000
120178  -0.535  -80.934  4.210 1.0000000000
3776  -1.006  -76.413  0.762 1.0000000000
1084  3.659  -82.773  1.686 1.0000000000
127077  -0.334  -75.067  -1.730 1.0000000000
133114  3.802  -82.635  1.131 1.0000000000
3321  -2.096  -76.451  -1.367 1.0000000000
1396  5.124  -81.172  -1.003 1.0000000000
1397  4.605  -81.557  -1.547 1.0000000000
3910  0.753  -76.170  -12.421 0.8999999762
3826  -2.683  -75.406  -3.551 1.0000000000
3392  -2.434  -76.400  -8.181 1.0000000000
1100  3.981  -82.018  -1.227 1.0000000000
4432  2.324  -73.941  -9.328 0.8999999762
3918  1.074  -75.261  -13.782 0.8999999762
1401  4.322  -81.364  -2.517 1.0000000000
128329  2.341  -74.224  -8.431 0.8999999762
129121  2.871  -73.198  -10.395 0.8999999762
3431  1.089  -76.534  -14.269 0.8000000119
2004  5.115  -79.764  -3.662 1.0000000000
1709  4.400  -80.287  -4.307 1.0000000000
5029  3.524  -72.729  -9.154 0.8999999762
3439  0.879  -77.246  -14.628 0.8000000119
124784  6.091  -79.297  -4.039 1.0000000000
5638  4.785  -72.319  -8.633 0.8999999762
2022  6.283  -79.806  -4.990 1.0000000000
4389  6.382  -74.492  -4.514 1.0000000000
5625  5.369  -72.454  -7.371 0.8999999762
1716  7.011  -79.826  -5.821 1.0000000000
4414  6.729  -73.932  -6.369 0.8999999762
5637  5.463  -72.322  -8.737 0.8999999762
2029  7.268  -79.376  -6.070 0.8999999762
3855  6.708  -74.858  -5.910 0.8999999762
3000  -0.069  -77.136  -15.616 0.8000000119
2887  7.045  -76.960  -5.685 0.8999999762
3381  5.584  -76.169  -7.365 0.8999999762
1737  5.782  -80.551  -8.429 0.8999999762
2041  5.905  -78.978  -7.765 0.8999999762
2915  4.807  -77.153  -7.870 0.8999999762
1742  5.128  -80.666  -9.780 0.8999999762
2049  5.019  -78.916  -8.811 0.8999999762
2451  4.174  -77.880  -8.687 0.8999999762
3388  5.641  -75.844  -8.003 0.8999999762
3474  -0.272  -75.920  -17.495 0.6999999881
1743  4.787  -80.751  -10.319 0.8999999762
2472  3.755  -78.552  -10.173 0.8999999762
2936  3.724  -76.890  -9.928 0.8999999762
3418  4.439  -76.544  -10.742 0.8999999762
128113  3.976  -79.314  -10.763 0.8999999762
2962  3.693  -76.829  -11.723 0.8999999762
3994  0.280  -75.064  -18.975 0.5000000000
2987  4.401  -77.519  -14.665 0.8000000119
126341  5.072  -78.768  -16.457 0.6999999881
120261  4.698  -78.057  -16.016 0.8000000119
961  5.594  -83.038  -17.301 0.8000000119
1517  5.543  -80.828  -16.776 0.8000000119
2116  5.674  -79.207  -16.725 0.6999999881
1524  6.413  -81.401  -17.614 0.6999999881
969  6.915  -82.766  -18.147 0.5000000000
1900  -1.004  -79.221  14.812 1.0000000000
1916  -1.133  -79.067  13.870 1.0000000000
2246  -1.130  -78.647  12.583 1.0000000000
2722  -2.327  -77.319  9.891 1.0000000000
3222  -2.460  -76.057  8.898 1.0000000000
2703  -1.054  -77.799  9.858 1.0000000000
131630  -1.606  -75.569  7.863 1.0000000000
2732  -0.708  -76.926  8.636 1.0000000000
4272  -1.972  -74.152  6.317 1.0000000000
3235  -1.295  -75.977  7.792 1.0000000000
4289  -1.574  -73.705  5.770 1.0000000000
130721  0.005  -77.160  8.859 1.0000000000
6043  -2.900  -72.036  10.359 1.0000000000
3742  -1.474  -74.217  6.139 1.0000000000
5509  -0.630  -72.923  4.438 1.0000000000
4271  -0.104  -74.508  6.077 1.0000000000
4894  -0.196  -72.915  4.004 1.0000000000
4287  0.106  -73.985  5.111 1.0000000000
3728  0.666  -75.084  6.522 1.0000000000
3739  1.656  -75.239  5.938 1.0000000000
122413  4.113  -78.620  3.851 1.0000000000
117448  3.660  -77.943  4.606 1.0000000000
116829  4.707  -80.945  4.271 1.0000000000
2322  1.398  -78.485  3.147 1.0000000000
2784  -0.468  -77.479  2.424 1.0000000000
3774  1.969  -75.512  0.922 1.0000000000
1377  4.728  -81.772  2.594 1.0000000000
1069  3.775  -82.163  3.507 1.0000000000
1071  2.711  -82.512  3.382 1.0000000000
131912  2.105  -81.646  4.920 1.0000000000
2791  -1.009  -77.417  1.599 1.0000000000
3292  -1.362  -77.059  1.082 1.0000000000
1075  4.338  -82.314  2.193 1.0000000000
2802  -1.713  -76.901  0.240 1.0000000000
118840  4.697  -81.738  0.903 1.0000000000
126086  1.464  -75.172  -10.253 1.0000000000
3890  1.189  -75.421  -10.969 0.8999999762
1389  4.949  -81.151  -0.310 1.0000000000
114360  4.002  -82.325  0.545 1.0000000000
3883  1.523  -75.462  -9.520 1.0000000000
2851  -2.443  -76.512  -2.784 1.0000000000
3814  -2.662  -75.934  -2.651 1.0000000000
4433  1.923  -74.865  -8.970 0.8999999762
4442  1.837  -74.566  -9.830 0.8999999762
3420  0.775  -76.577  -11.009 0.8999999762
3375  -2.772  -76.120  -6.695 1.0000000000
1698  5.338  -79.951  -1.971 1.0000000000
1692  5.124  -80.934  -1.806 1.0000000000
5012  2.878  -73.598  -7.915 1.0000000000
3421  0.567  -77.239  -11.920 0.8999999762
135099  -2.142  -77.042  -7.840 1.0000000000
1998  5.131  -79.777  -2.881 1.0000000000
3919  0.835  -76.324  -13.361 0.8999999762
3432  0.722  -77.382  -13.917 0.8999999762
2971  0.197  -78.221  -12.555 0.8999999762
2011  6.995  -78.736  -3.988 1.0000000000
5616  4.478  -72.670  -7.163 0.8999999762
5019  3.462  -72.915  -8.290 0.8999999762
2979  0.241  -77.968  -13.382 0.8999999762
3875  -2.446  -76.353  -8.651 1.0000000000
4995  5.882  -73.389  -5.323 1.0000000000
5627  4.030  -72.631  -7.872 0.8999999762
2964  -1.619  -77.281  -11.480 1.0000000000
2395  7.405  -78.600  -4.665 1.0000000000
3891  -1.743  -76.287  -10.902 1.0000000000
2020  7.323  -79.090  -5.465 1.0000000000
2886  7.541  -77.617  -5.240 0.8999999762
5614  6.291  -72.981  -6.451 0.8999999762
5010  6.594  -73.308  -6.918 0.8999999762
2980  0.066  -78.038  -13.549 0.8999999762
116930  0.340  -77.403  -14.995 0.8000000119
2407  7.564  -78.349  -5.281 1.0000000000
3363  6.958  -75.846  -5.242 0.8999999762
2422  7.005  -78.831  -6.508 0.8999999762
2914  5.297  -77.076  -7.284 0.8999999762
3447  -1.069  -76.687  -15.593 0.6999999881
2040  6.489  -79.739  -7.549 0.8999999762
2048  5.766  -79.575  -8.295 0.8999999762
3953  -1.148  -75.377  -16.721 0.6999999881
2055  5.334  -79.916  -9.237 0.8999999762
2056  4.337  -78.747  -9.407 0.8999999762
4544  -1.044  -74.499  -17.486 0.6999999881
4557  0.014  -73.942  -19.374 0.5000000000
5178  -0.950  -73.793  -18.129 0.5000000000
2532  6.290  -78.210  -15.855 0.6999999881
2106  5.655  -78.417  -16.463 0.6000000238
1523  6.876  -81.525  -17.844 0.6000000238
4214  -4.144  -74.857  11.045 1.0000000000
2693  -3.234  -78.062  11.045 1.0000000000
2236  -1.808  -78.761  13.163 1.0000000000
126585  -1.764  -77.480  9.627 1.0000000000
121998  -1.784  -76.068  8.380 1.0000000000
5496  -1.532  -73.154  5.580 1.0000000000
3731  -2.032  -74.609  6.916 1.0000000000
3221  -0.945  -76.450  8.055 1.0000000000
6107  0.503  -72.235  4.332 1.0000000000
4895  -0.773  -73.055  4.574 1.0000000000
3234  -0.779  -76.112  7.585 1.0000000000
5508  -0.011  -72.742  3.860 1.0000000000
3740  0.835  -74.518  5.808 1.0000000000
5507  1.433  -72.273  3.234 1.0000000000
5522  0.919  -72.795  2.674 1.0000000000
4301  1.290  -73.639  3.597 1.0000000000
4316  2.192  -74.111  2.955 1.0000000000
2327  4.178  -79.117  3.037 1.0000000000
2328  3.109  -79.011  3.036 1.0000000000
2320  3.853  -78.526  3.440 1.0000000000
133175  4.832  -80.130  2.767 1.0000000000
2313  3.795  -78.011  3.919 1.0000000000
3765  2.601  -75.002  1.444 1.0000000000
2329  1.976  -79.033  3.005 1.0000000000
2321  2.782  -78.423  3.149 1.0000000000
2774  3.480  -77.465  3.512 1.0000000000
1678  4.881  -80.430  3.520 1.0000000000
2337  1.643  -78.974  2.520 1.0000000000
1370  4.646  -81.517  3.423 1.0000000000
1362  3.375  -81.515  5.018 1.0000000000
2331  -0.202  -78.023  2.758 1.0000000000
3796  0.712  -75.568  -1.008 1.0000000000
1683  5.040  -80.820  1.576 1.0000000000
2817  -0.776  -77.650  0.442 1.0000000000
3798  -2.028  -75.960  -1.083 1.0000000000
1381  4.849  -81.640  1.773 1.0000000000
2830  0.466  -77.554  -0.862 1.0000000000
117589  -1.677  -77.255  -1.740 1.0000000000
1687  5.099  -80.529  -0.094 1.0000000000
1989  5.050  -79.917  0.445 1.0000000000
3401  1.297  -76.240  -9.318 1.0000000000
2850  -1.829  -77.269  -2.454 1.0000000000
1691  5.333  -80.392  -0.998 1.0000000000
2866  -2.391  -76.860  -3.506 1.0000000000
3837  -2.697  -75.398  -4.386 1.0000000000
119955  -2.440  -75.627  -7.841 1.0000000000
132198  5.639  -79.236  -1.229 1.0000000000
4426  2.435  -74.506  -7.573 1.0000000000
3409  0.657  -77.251  -10.387 1.0000000000
113454  0.528  -77.577  -11.157 0.8999999762
2905  -2.435  -76.852  -6.521 1.0000000000
2384  6.176  -78.633  -2.660 1.0000000000
5007  3.876  -73.348  -6.581 1.0000000000
2963  0.234  -78.270  -11.702 0.8999999762
2927  -2.038  -77.150  -8.482 1.0000000000
4996  5.140  -73.429  -5.420 1.0000000000
5011  3.570  -73.107  -7.456 1.0000000000
2937  0.406  -77.952  -9.813 1.0000000000
2462  0.035  -78.536  -9.369 1.0000000000
2490  -0.046  -78.821  -11.416 0.8999999762
2382  7.501  -78.060  -3.759 1.0000000000
115972  7.448  -77.195  -3.942 1.0000000000
5615  5.690  -72.750  -6.500 0.8999999762
2516  -0.035  -78.370  -12.705 0.8999999762
120396  -1.686  -75.275  -10.862 1.0000000000
3844  6.709  -74.844  -4.968 1.0000000000
2491  -0.224  -78.731  -11.728 0.8999999762
5004  6.503  -73.444  -6.088 0.8999999762
2504  -0.327  -78.233  -12.805 0.8999999762
115773  -1.151  -77.435  -12.989 0.8999999762
2981  -0.595  -77.712  -13.755 0.8999999762
3422  -1.703  -76.521  -11.809 1.0000000000
131360  7.416  -77.923  -5.726 0.8999999762
3433  -1.514  -76.859  -13.992 0.8999999762
2439  6.509  -78.962  -7.221 0.8999999762
3364  6.645  -75.952  -5.973 0.8999999762
113519  -1.505  -76.349  -14.982 0.8999999762
3929  -1.607  -75.756  -14.302 0.8999999762
2423  5.908  -77.941  -6.729 0.8999999762
117061  -1.428  -75.915  -15.831 0.6999999881
114001  -1.549  -75.478  -15.161 0.6999999881
2440  5.225  -78.006  -7.448 0.8999999762
4526  -1.199  -74.236  -16.591 0.6000000238
4233  -3.243  -74.975  9.388 1.0000000000
4814  -3.606  -73.298  10.533 1.0000000000
3718  -2.658  -74.791  7.945 1.0000000000
3693  -3.203  -76.048  9.525 1.0000000000
125430  -2.967  -76.914  10.186 1.0000000000
125305  -3.396  -74.108  9.121 1.0000000000
4260  -2.676  -74.383  7.211 1.0000000000
5497  -2.044  -73.351  6.174 1.0000000000
6091  -0.088  -72.239  6.046 1.0000000000
6089  1.306  -71.832  5.264 1.0000000000
6106  1.359  -71.995  4.222 1.0000000000
4288  -0.951  -73.983  5.501 1.0000000000
4302  0.362  -73.409  4.200 1.0000000000
114585  2.519  -72.213  3.291 1.0000000000
4893  0.368  -73.096  3.312 1.0000000000
6120  2.787  -72.543  2.411 1.0000000000
5534  3.262  -72.887  1.921 1.0000000000
4906  2.184  -73.732  2.224 1.0000000000
4323  2.755  -74.342  1.510 1.0000000000
120665  4.683  -79.641  3.243 1.0000000000
4334  2.802  -74.572  0.991 1.0000000000
4344  2.524  -74.835  0.034 1.0000000000
1986  4.440  -79.363  1.645 1.0000000000
1982  3.851  -79.037  2.431 1.0000000000
4351  2.541  -74.615  -0.960 1.0000000000
4352  1.794  -75.215  -0.862 1.0000000000
1684  4.799  -80.139  2.030 1.0000000000
2336  2.735  -79.045  2.522 1.0000000000
2346  0.121  -78.000  1.218 1.0000000000
126543  -0.565  -77.900  2.135 1.0000000000
2343  4.371  -78.879  0.731 1.0000000000
2799  2.400  -78.134  0.339 1.0000000000
2801  -1.443  -77.279  0.951 1.0000000000
4370  0.458  -74.745  -2.314 1.0000000000
1990  4.746  -79.470  0.854 1.0000000000
2798  3.284  -78.163  0.243 1.0000000000
112579  1.438  -77.980  0.253 1.0000000000
2816  0.563  -77.832  0.017 1.0000000000
2832  -1.794  -76.927  -0.828 1.0000000000
3307  -1.845  -76.569  -0.662 1.0000000000
4381  0.264  -74.542  -3.064 1.0000000000
2342  5.042  -79.113  0.201 1.0000000000
2354  5.500  -78.581  -0.524 1.0000000000
2815  1.578  -77.579  -0.598 1.0000000000
121623  -1.135  -77.557  -1.838 1.0000000000
4383  -2.011  -75.025  -3.285 1.0000000000
2849  -1.309  -77.652  -2.652 1.0000000000
2362  5.935  -78.389  -1.114 1.0000000000
3845  3.052  -75.309  -5.786 1.0000000000
3872  2.061  -75.155  -8.099 1.0000000000
127326  1.577  -76.603  -8.114 1.0000000000
3383  1.736  -76.839  -7.412 1.0000000000
3366  -2.915  -76.422  -5.883 1.0000000000
2372  6.063  -78.508  -1.795 1.0000000000
2361  6.235  -77.721  -1.497 1.0000000000
4416  2.504  -74.781  -6.913 1.0000000000
3390  1.239  -76.819  -8.750 1.0000000000
2926  0.590  -77.768  -8.881 1.0000000000
133899  -2.519  -77.135  -5.898 1.0000000000
2371  6.576  -78.062  -2.344 1.0000000000
3391  0.905  -77.003  -9.554 1.0000000000
2948  0.230  -78.310  -10.748 1.0000000000
2845  6.585  -77.333  -2.298 1.0000000000
2063  -0.138  -78.833  -10.623 1.0000000000
3874  -2.217  -75.658  -8.682 1.0000000000
2844  6.902  -77.105  -2.903 1.0000000000
4985  5.542  -73.867  -4.820 1.0000000000
2064  -0.616  -78.884  -10.420 1.0000000000
3821  7.000  -75.792  -3.753 1.0000000000
3834  6.742  -75.127  -4.120 1.0000000000
121584  -1.828  -77.004  -10.695 1.0000000000
2474  -1.248  -78.310  -10.654 1.0000000000
113448  -1.220  -78.112  -11.407 1.0000000000
3427  -1.627  -76.616  -12.811 0.8999999762
5679  -1.338  -73.045  -11.630 0.8999999762
3911  -1.709  -75.793  -12.426 0.8999999762
3920  -1.692  -75.864  -13.347 0.8999999762
4496  -1.440  -74.780  -14.521 0.8999999762
125162  -1.378  -73.936  -14.842 0.8000000119
5179  -1.216  -73.288  -17.495 0.5000000000
2694  -3.864  -77.600  11.474 1.0000000000
4261  -3.168  -74.106  7.592 1.0000000000
4248  -3.143  -74.489  8.454 1.0000000000
5448  -3.289  -72.582  10.484 1.0000000000
5482  -1.467  -72.869  6.146 1.0000000000
6079  -1.839  -73.018  6.937 1.0000000000
6057  -1.884  -72.520  9.173 1.0000000000
6049  -2.239  -71.865  10.197 1.0000000000
6693  -1.694  -71.473  10.330 1.0000000000
6105  2.357  -71.895  4.238 1.0000000000
6104  3.535  -71.785  4.253 1.0000000000
6118  4.618  -71.787  3.731 1.0000000000
116437  4.411  -72.229  3.008 1.0000000000
6119  3.634  -72.229  3.224 1.0000000000
6143  4.639  -72.739  1.775 1.0000000000
5535  2.358  -72.917  1.961 1.0000000000
6152  5.477  -72.576  0.923 1.0000000000
6153  4.678  -73.218  1.381 1.0000000000
115155  6.433  -71.808  0.668 1.0000000000
5543  3.902  -73.306  1.625 1.0000000000
5555  3.795  -73.766  1.340 1.0000000000
4932  3.140  -74.063  1.434 1.0000000000
5552  5.647  -72.576  -0.148 1.0000000000
5553  5.205  -73.317  0.559 1.0000000000
4944  4.925  -73.828  0.288 1.0000000000
113534  3.420  -74.200  0.747 1.0000000000
5562  5.657  -72.425  -1.061 1.0000000000
4953  4.248  -73.938  -0.477 1.0000000000
122441  3.453  -74.300  -0.174 1.0000000000
5577  4.609  -72.355  -2.215 1.0000000000
5571  4.241  -73.110  -1.800 1.0000000000
4369  1.398  -74.532  -2.200 1.0000000000
5578  3.834  -72.584  -2.586 1.0000000000
4971  3.541  -73.225  -2.126 1.0000000000
132897  3.653  -78.543  0.779 1.0000000000
2345  1.452  -78.398  1.320 1.0000000000
4977  1.604  -73.448  -3.404 1.0000000000
4978  0.905  -73.923  -3.637 1.0000000000
129246  -0.881  -77.583  -0.515 1.0000000000
2353  5.894  -77.887  -0.837 1.0000000000
2355  4.895  -78.349  -0.148 1.0000000000
128692  -0.351  -77.522  -1.459 1.0000000000
2812  5.436  -77.678  -0.561 1.0000000000
2847  1.024  -77.255  -2.143 1.0000000000
4407  -1.625  -74.963  -5.674 1.0000000000
2828  5.939  -77.210  -0.926 1.0000000000
3856  2.540  -75.476  -6.550 1.0000000000
3382  1.943  -76.026  -7.759 1.0000000000
2891  -2.669  -76.953  -5.133 1.0000000000
122376  -2.537  -75.614  -6.891 1.0000000000
2917  0.508  -78.074  -7.486 1.0000000000
115383  -2.088  -77.723  -5.626 1.0000000000
114023  -1.326  -77.946  -6.853 1.0000000000
3794  6.043  -76.304  -1.974 1.0000000000
3866  2.239  -75.361  -7.283 1.0000000000
3373  2.193  -76.205  -6.945 1.0000000000
2452  -0.150  -78.494  -8.606 1.0000000000
2445  -1.501  -77.664  -7.868 1.0000000000
3341  6.612  -75.933  -3.156 1.0000000000
4379  5.502  -75.028  -3.617 1.0000000000
4403  4.642  -74.149  -4.967 1.0000000000
4425  2.929  -73.972  -6.937 1.0000000000
2455  -1.410  -77.812  -8.785 1.0000000000
120570  -1.563  -74.853  -9.007 1.0000000000
3822  6.591  -75.387  -3.584 1.0000000000
4390  5.889  -74.379  -4.298 1.0000000000
2442  -0.279  -78.363  -7.225 1.0000000000
124985  -1.037  -78.167  -8.370 1.0000000000
2938  -1.531  -77.850  -9.982 1.0000000000
2950  -1.857  -77.203  -9.936 1.0000000000
3402  -1.927  -76.645  -9.998 1.0000000000
2453  -0.833  -78.547  -8.410 1.0000000000
2058  -0.996  -78.762  -9.837 1.0000000000
2949  -1.606  -77.595  -10.671 1.0000000000
3833  7.085  -75.752  -4.427 1.0000000000
119368  -1.688  -75.615  -11.603 0.8999999762
5665  -1.315  -72.896  -10.725 0.8999999762
5694  -1.492  -72.392  -12.355 0.8999999762
5158  -1.329  -73.205  -16.371 0.5000000000
5742  -1.472  -72.276  -17.182 0.5000000000
5142  -1.379  -73.047  -15.333 0.6999999881
132876  -3.132  -73.569  8.928 1.0000000000
6078  -1.040  -72.456  6.918 1.0000000000
5483  -2.536  -73.412  6.606 1.0000000000
6075  1.238  -71.609  6.252 1.0000000000
6074  2.033  -71.371  6.030 1.0000000000
6066  -1.185  -72.407  7.803 1.0000000000
6086  3.919  -71.337  5.103 1.0000000000
6087  3.127  -71.518  5.116 1.0000000000
128459  5.421  -71.260  4.234 1.0000000000
113919  5.046  -71.964  3.041 1.0000000000
113427  5.290  -72.320  1.787 1.0000000000
130938  4.065  -72.908  1.847 1.0000000000
4907  1.040  -73.149  2.626 1.0000000000
6581  0.614  -70.439  17.130 1.0000000000
6150  6.564  -71.147  -0.048 1.0000000000
124303  4.240  -74.056  0.555 1.0000000000
6168  5.291  -72.038  -1.840 1.0000000000
128612  2.105  -73.768  -2.658 1.0000000000
4380  1.176  -74.199  -2.880 1.0000000000
132109  4.108  -78.233  0.078 1.0000000000
3305  4.373  -76.898  -0.601 1.0000000000
3306  3.265  -77.071  -0.640 1.0000000000
4393  0.022  -74.409  -4.079 1.0000000000
3318  4.953  -76.396  -1.069 1.0000000000
3320  2.860  -76.915  -1.474 1.0000000000
130784  -1.311  -77.917  -3.521 1.0000000000
121209  0.424  -73.988  -5.055 1.0000000000
3317  5.709  -76.597  -1.245 1.0000000000
2848  -0.189  -77.520  -2.460 1.0000000000
4406  -0.646  -74.599  -6.158 1.0000000000
3795  5.378  -76.156  -1.763 1.0000000000
3330  4.098  -76.187  -2.332 1.0000000000
3846  3.072  -76.032  -5.215 1.0000000000
3354  2.524  -76.602  -5.161 1.0000000000
130232  1.838  -77.071  -4.912 1.0000000000
2876  0.061  -77.823  -4.428 1.0000000000
2890  -0.655  -78.180  -5.064 1.0000000000
2408  -1.328  -78.301  -5.838 1.0000000000
112656  3.505  -75.413  -5.068 1.0000000000
121054  2.558  -76.312  -6.037 1.0000000000
3365  2.025  -77.057  -5.775 1.0000000000
2888  1.280  -77.459  -5.479 1.0000000000
124492  0.716  -77.832  -5.915 1.0000000000
125339  -1.173  -78.208  -6.740 1.0000000000
4418  -0.650  -74.570  -7.006 1.0000000000
3809  5.733  -75.893  -2.457 1.0000000000
4392  4.125  -74.979  -4.627 1.0000000000
2903  0.430  -78.067  -6.662 1.0000000000
2424  -0.791  -78.387  -6.680 1.0000000000
4435  -1.564  -74.941  -8.311 1.0000000000
3374  1.940  -76.973  -6.597 1.0000000000
2444  -0.980  -78.216  -7.565 1.0000000000
2443  -0.934  -78.499  -7.442 1.0000000000
114885  -1.815  -75.774  -10.144 1.0000000000
134103  -1.590  -74.437  -10.813 1.0000000000
5032  -1.425  -73.880  -10.394 1.0000000000
118869  -1.476  -74.249  -12.299 0.8999999762
132086  -1.636  -75.014  -12.140 0.8999999762
4483  -1.440  -74.876  -13.686 0.8999999762
5706  -1.604  -72.187  -13.188 0.8999999762
113020  -1.521  -72.529  -13.907 0.8999999762
5725  -1.733  -72.115  -15.364 0.5000000000
4853  -3.164  -73.726  7.295 1.0000000000
3675  -3.931  -75.818  10.903 1.0000000000
5460  -2.230  -73.034  8.112 1.0000000000
113359  -3.409  -71.930  11.070 1.0000000000
6117  5.656  -71.623  3.448 1.0000000000
6130  6.881  -71.566  2.156 1.0000000000
4963  3.775  -73.626  -1.451 1.0000000000
123406  2.972  -73.698  -2.039 1.0000000000
118106  -2.616  -67.454  2.990 1.0000000000
5589  1.942  -72.670  -3.932 1.0000000000
9280  -2.829  -66.934  3.483 1.0000000000
4986  1.321  -73.170  -4.181 1.0000000000
3319  3.936  -76.509  -1.380 1.0000000000
2846  2.316  -76.975  -2.314 1.0000000000
2829  1.837  -77.256  -1.409 1.0000000000
114216  2.446  -76.754  -4.199 1.0000000000
2874  1.481  -77.162  -4.044 1.0000000000
9309  -1.493  -67.479  1.001 1.0000000000
2904  -0.226  -78.152  -5.906 1.0000000000
124156  0.001  -74.251  -6.620 1.0000000000
3824  4.784  -75.569  -3.266 1.0000000000
3825  3.958  -75.848  -3.635 1.0000000000
3353  2.999  -76.334  -4.633 1.0000000000
4427  -0.655  -74.452  -7.851 1.0000000000
3836  3.588  -75.792  -4.456 1.0000000000
3835  4.469  -75.287  -3.954 1.0000000000
4434  -0.798  -74.184  -8.766 1.0000000000
4443  -1.338  -74.234  -9.623 1.0000000000
5031  -1.211  -73.232  -9.935 1.0000000000
5044  -1.478  -73.740  -11.139 0.8999999762
115412  -1.792  -71.432  -16.188 0.5000000000
6067  -1.802  -72.801  7.987 1.0000000000
6726  1.844  -71.074  6.855 1.0000000000
6065  -0.409  -71.977  7.637 1.0000000000
6055  -0.582  -71.842  8.500 1.0000000000
6048  -1.497  -71.832  9.716 1.0000000000
6740  3.751  -71.041  5.863 1.0000000000
6727  1.117  -71.306  7.111 1.0000000000
6715  0.147  -71.418  8.224 1.0000000000
6703  -0.055  -71.246  9.004 1.0000000000
6691  -0.256  -71.004  9.750 1.0000000000
6738  6.233  -70.383  5.249 1.0000000000
115373  4.583  -70.988  5.504 1.0000000000
6713  1.697  -70.865  7.635 1.0000000000
6689  1.217  -70.432  9.295 1.0000000000
113347  -0.435  -70.683  10.516 1.0000000000
6662  -1.727  -70.886  11.624 1.0000000000
6102  6.358  -71.098  3.900 1.0000000000
114234  0.036  -70.238  11.978 1.0000000000
6661  -0.705  -70.427  11.304 1.0000000000
6630  -1.717  -70.441  13.277 1.0000000000
6751  7.041  -70.507  4.466 1.0000000000
6676  2.774  -70.322  9.982 1.0000000000
114321  1.185  -70.249  10.509 1.0000000000
6660  0.422  -70.227  11.096 1.0000000000
131243  -1.072  -70.307  12.751 1.0000000000
120126  -0.985  -70.378  14.051 1.0000000000
6129  7.509  -70.998  2.687 1.0000000000
6675  3.716  -70.065  10.374 1.0000000000
115892  -0.268  -70.509  14.923 1.0000000000
6750  7.896  -70.083  3.860 1.0000000000
6642  1.740  -70.508  12.907 1.0000000000
6643  0.694  -70.451  12.738 1.0000000000
6644  -0.253  -70.320  12.712 1.0000000000
120680  0.133  -70.508  14.166 1.0000000000
119619  0.276  -70.611  16.044 1.0000000000
7366  8.190  -69.808  2.616 1.0000000000
6783  7.367  -70.062  1.036 1.0000000000
6141  7.033  -71.453  1.270 1.0000000000
7889  2.577  -68.519  13.038 1.0000000000
6600  1.773  -70.179  15.503 1.0000000000
116305  1.092  -70.341  16.560 1.0000000000
7217  1.149  -69.655  17.284 1.0000000000
7380  7.405  -69.450  1.403 1.0000000000
7381  6.558  -69.141  0.909 1.0000000000
6791  6.570  -70.216  -0.189 1.0000000000
6159  6.136  -71.638  -0.811 1.0000000000
6792  6.355  -70.654  -0.715 1.0000000000
6806  5.288  -70.952  -2.036 1.0000000000
8650  -3.551  -67.827  4.965 1.0000000000
9268  -3.425  -66.852  4.820 1.0000000000
9888  -3.281  -65.653  6.122 1.0000000000
8004  5.130  -68.361  1.604 1.0000000000
7413  5.642  -69.723  -1.335 1.0000000000
6177  4.160  -71.715  -2.998 1.0000000000
5598  1.698  -72.359  -4.744 1.0000000000
9267  -3.176  -66.230  4.003 1.0000000000
6176  4.767  -71.356  -2.524 1.0000000000
5587  3.441  -72.024  -3.355 1.0000000000
131574  4.334  -68.173  1.846 1.0000000000
7403  5.102  -69.219  -0.863 1.0000000000
7423  4.520  -69.755  -2.430 1.0000000000
6186  4.261  -70.902  -3.160 1.0000000000
6188  3.034  -71.482  -4.032 1.0000000000
7980  -3.399  -68.328  4.358 1.0000000000
8039  4.285  -68.950  -1.090 1.0000000000
7424  3.663  -69.596  -2.652 1.0000000000
5606  1.549  -72.097  -5.653 1.0000000000
4998  1.103  -73.085  -5.127 1.0000000000
132484  -2.768  -68.751  3.619 1.0000000000
8678  -2.153  -67.489  2.296 1.0000000000
6828  3.655  -70.675  -3.600 1.0000000000
4999  0.669  -73.482  -5.764 1.0000000000
7383  -1.761  -69.428  1.480 1.0000000000
3342  3.582  -76.229  -3.092 1.0000000000
3343  2.789  -76.617  -3.202 1.0000000000
122955  3.210  -68.738  -1.512 1.0000000000
7437  3.337  -70.056  -3.310 1.0000000000
6829  2.991  -70.498  -3.968 1.0000000000
5607  1.091  -72.717  -6.155 1.0000000000
5008  0.608  -73.507  -6.665 1.0000000000
7425  2.722  -69.445  -2.801 1.0000000000
7438  2.480  -69.900  -3.425 1.0000000000
6201  1.995  -71.025  -5.333 1.0000000000
4417  0.088  -74.027  -7.336 1.0000000000
3352  3.250  -76.310  -3.928 1.0000000000
7426  1.652  -69.380  -2.937 1.0000000000
6854  1.499  -70.806  -6.065 1.0000000000
6211  1.524  -71.112  -6.789 1.0000000000
114867  -2.187  -68.889  0.369 1.0000000000
8701  -2.050  -68.545  -0.250 1.0000000000
7439  1.110  -69.808  -3.656 1.0000000000
6855  0.714  -70.389  -6.154 1.0000000000
5013  0.568  -73.161  -7.619 1.0000000000
5014  -0.039  -73.679  -8.141 1.0000000000
8052  -2.319  -69.546  -1.602 1.0000000000
6883  0.664  -70.709  -7.425 1.0000000000
5021  0.335  -72.757  -8.368 1.0000000000
5022  -0.300  -73.183  -8.872 1.0000000000
5640  0.521  -71.829  -8.420 1.0000000000
5641  -0.101  -72.237  -8.949 1.0000000000
129863  -2.424  -70.072  -2.074 1.0000000000
8061  -2.374  -69.085  -2.505 1.0000000000
5653  -1.274  -72.344  -10.069 0.8999999762
6240  -1.278  -71.755  -9.654 1.0000000000
6251  -1.515  -71.931  -10.591 0.8999999762
120807  -1.492  -72.195  -11.390 0.8999999762
132949  -1.804  -71.644  -11.950 0.8999999762
6291  -2.304  -70.940  -13.605 0.6000000238
6290  -1.907  -71.651  -13.767 0.8000000119
6316  -2.028  -71.253  -15.392 0.5000000000
121953  3.261  -70.329  7.151 1.0000000000
128251  4.485  -70.631  6.178 1.0000000000
6712  2.950  -70.204  7.968 1.0000000000
6701  1.608  -70.574  8.543 1.0000000000
6739  5.368  -70.313  5.937 1.0000000000
129785  4.069  -70.087  7.208 1.0000000000
6711  3.889  -69.993  8.018 1.0000000000
6677  1.698  -70.279  9.936 1.0000000000
6678  0.377  -70.426  10.171 1.0000000000
117844  7.717  -69.766  4.548 1.0000000000
7342  8.252  -69.068  3.646 1.0000000000
6641  2.070  -70.480  12.107 1.0000000000
7974  8.078  -68.637  3.554 1.0000000000
7290  4.113  -69.421  10.490 1.0000000000
6626  2.481  -70.269  13.489 1.0000000000
126958  1.145  -70.531  14.129 1.0000000000
7986  7.872  -68.737  2.771 1.0000000000
7282  3.825  -69.378  11.204 1.0000000000
6617  1.857  -70.279  14.648 1.0000000000
8001  7.522  -68.893  2.065 1.0000000000
8673  6.517  -67.636  3.242 1.0000000000
7389  6.815  -69.778  0.481 1.0000000000
8003  5.970  -68.605  1.412 1.0000000000
9915  4.562  -65.549  3.330 1.0000000000
8660  5.631  -67.296  3.043 1.0000000000
8013  5.625  -68.808  0.775 1.0000000000
8630  -3.132  -67.220  6.162 1.0000000000
10568  -3.235  -64.836  5.866 1.0000000000
10579  3.473  -64.088  4.375 1.0000000000
7988  5.757  -68.168  2.248 1.0000000000
7401  6.353  -69.770  -0.216 1.0000000000
7953  -3.348  -68.406  5.080 1.0000000000
8027  5.290  -69.065  0.012 1.0000000000
5597  2.350  -71.845  -4.409 1.0000000000
7371  -1.530  -69.617  2.969 1.0000000000
7994  -2.455  -68.960  2.637 1.0000000000
116121  -1.306  -69.679  1.165 1.0000000000
8041  2.507  -68.404  -1.515 1.0000000000
129307  -1.296  -69.766  0.339 1.0000000000
6202  1.689  -71.288  -5.997 1.0000000000
5618  1.136  -72.407  -7.191 1.0000000000
8033  -2.092  -69.447  -0.202 1.0000000000
6793  -1.687  -70.278  -1.012 1.0000000000
7392  -1.645  -69.653  0.272 1.0000000000
7419  -2.211  -70.325  -1.639 1.0000000000
7448  1.412  -70.242  -4.734 1.0000000000
6871  0.212  -70.376  -6.885 1.0000000000
7461  0.229  -70.263  -5.183 1.0000000000
6884  -0.218  -70.611  -7.554 1.0000000000
6228  -0.181  -71.436  -8.709 1.0000000000
6873  -1.719  -70.956  -6.662 1.0000000000
127185  -0.990  -71.192  -8.754 1.0000000000
6229  -1.524  -71.098  -9.058 1.0000000000
6266  -1.988  -71.352  -11.137 0.8999999762
6935  -2.422  -70.533  -11.298 0.8999999762
122450  -2.004  -71.452  -12.829 0.8999999762
6953  -2.559  -70.399  -12.906 0.8000000119
6969  -2.501  -70.150  -14.027 0.5000000000
6710  4.689  -69.862  7.724 1.0000000000
7327  5.958  -69.731  6.870 1.0000000000
7344  7.152  -69.788  5.226 1.0000000000
6698  4.096  -69.848  8.943 1.0000000000
7334  7.296  -69.189  5.887 1.0000000000
135062  4.560  -69.731  8.429 1.0000000000
114306  1.087  -70.391  12.030 1.0000000000
8646  7.650  -67.852  4.920 1.0000000000
7950  7.609  -68.639  5.713 1.0000000000
114247  2.195  -70.360  10.742 1.0000000000
6618  0.987  -70.570  15.113 1.0000000000
7275  3.292  -69.870  12.616 1.0000000000
6627  1.873  -70.490  13.842 1.0000000000
8658  7.726  -67.872  4.072 1.0000000000
7896  3.577  -68.847  11.630 1.0000000000
114629  6.286  -67.064  3.580 1.0000000000
9276  5.800  -66.482  3.623 1.0000000000
7888  3.059  -68.603  12.337 1.0000000000
8674  5.943  -67.840  2.803 1.0000000000
9241  -2.515  -66.470  6.883 1.0000000000
9861  -3.032  -65.732  7.093 1.0000000000
10553  -3.161  -64.344  6.651 1.0000000000
8661  4.941  -66.361  3.055 1.0000000000
8628  -2.159  -66.739  6.628 1.0000000000
10595  3.387  -64.322  3.499 1.0000000000
8638  -2.165  -68.047  5.755 1.0000000000
11393  3.633  -63.326  5.462 1.0000000000
7951  -1.765  -68.635  5.219 1.0000000000
7952  -2.775  -68.554  5.281 1.0000000000
12981  4.987  -61.806  6.980 1.0000000000
8014  4.580  -68.514  0.809 1.0000000000
7346  -2.240  -69.188  3.967 1.0000000000
9292  -1.657  -66.454  2.001 1.0000000000
8005  3.667  -68.254  1.449 1.0000000000
7372  -2.211  -69.366  3.180 1.0000000000
8679  -2.704  -68.262  2.852 1.0000000000
116622  3.008  -68.368  -0.957 1.0000000000
7391  -0.528  -69.534  0.772 1.0000000000
126101  -1.157  -70.031  -0.700 1.0000000000
9308  -0.894  -66.859  0.293 1.0000000000
8700  -1.147  -67.321  -0.454 1.0000000000
115022  0.408  -69.452  -2.773 1.0000000000
7417  -0.340  -69.441  -0.963 1.0000000000
7449  0.422  -70.078  -4.271 1.0000000000
7428  -0.894  -70.313  -2.406 1.0000000000
8044  -2.221  -69.059  -0.922 1.0000000000
112992  -0.462  -70.461  -6.030 1.0000000000
124783  -2.101  -70.714  -1.852 1.0000000000
6872  -0.936  -70.600  -6.786 1.0000000000
6844  -2.592  -71.129  -4.901 1.0000000000
6897  -1.461  -70.781  -8.275 1.0000000000
6898  -1.934  -70.543  -8.398 0.8999999762
6909  -2.126  -70.638  -9.219 0.8999999762
118325  -2.259  -70.835  -10.631 0.8999999762
121803  -2.630  -70.212  -12.007 0.8999999762
7318  5.353  -69.714  7.465 1.0000000000
7942  6.786  -68.605  7.129 1.0000000000
115368  6.413  -69.220  7.255 1.0000000000
8624  7.493  -67.911  5.895 1.0000000000
128577  4.500  -68.533  9.594 1.0000000000
7291  3.692  -69.939  11.198 1.0000000000
8636  7.034  -67.203  5.364 1.0000000000
126078  4.463  -68.929  10.093 1.0000000000
134395  3.099  -70.174  12.635 1.0000000000
7813  0.725  -69.428  17.952 1.0000000000
9264  6.510  -66.569  4.875 1.0000000000
7907  3.977  -68.250  10.109 1.0000000000
7245  1.848  -69.816  15.652 1.0000000000
7230  1.480  -69.696  16.540 1.0000000000
9275  6.438  -66.755  4.112 1.0000000000
8659  6.971  -67.362  3.805 1.0000000000
7857  2.394  -69.415  14.302 1.0000000000
8555  3.443  -68.205  10.917 1.0000000000
7877  2.197  -68.569  13.794 1.0000000000
7814  -0.074  -68.626  17.614 1.0000000000
8496  1.644  -67.849  13.072 1.0000000000
8675  4.654  -67.474  2.768 1.0000000000
9928  4.088  -65.685  2.724 1.0000000000
7989  4.638  -67.951  2.515 1.0000000000
9929  3.465  -66.020  2.444 1.0000000000
9886  -0.899  -65.928  5.131 1.0000000000
9887  -1.232  -65.620  5.862 1.0000000000
9254  -3.270  -66.496  6.321 1.0000000000
9289  3.757  -67.164  2.669 1.0000000000
8637  -1.310  -67.932  5.434 1.0000000000
8639  -2.891  -67.834  5.875 1.0000000000
12198  3.904  -62.545  5.743 1.0000000000
8649  -0.612  -67.664  4.726 1.0000000000
13738  5.734  -60.334  7.451 1.0000000000
13000  5.409  -60.908  6.789 1.0000000000
13001  4.705  -61.333  6.367 1.0000000000
135876  3.372  -68.069  3.030 1.0000000000
8664  0.693  -68.217  3.786 1.0000000000
7979  -0.578  -69.336  3.945 1.0000000000
7356  -0.936  -69.634  3.617 1.0000000000
14463  6.241  -58.922  7.820 1.0000000000
114912  2.867  -68.400  2.031 1.0000000000
7368  0.859  -69.179  2.099 1.0000000000
7355  -0.107  -69.451  3.553 1.0000000000
7369  0.287  -69.357  2.860 1.0000000000
114070  2.881  -68.266  0.837 1.0000000000
8017  1.294  -68.534  0.567 1.0000000000
8006  0.538  -69.192  1.158 1.0000000000
9301  -1.105  -66.353  1.096 0.8999999762
116603  2.886  -68.218  -0.150 1.0000000000
8016  2.048  -68.048  0.165 1.0000000000
7404  -0.638  -69.565  -0.160 1.0000000000
8694  -2.051  -68.544  0.996 1.0000000000
8042  1.553  -68.214  -1.438 1.0000000000
8051  0.997  -68.729  -2.160 1.0000000000
8018  0.385  -69.013  0.200 1.0000000000
126456  -1.680  -67.932  -1.002 1.0000000000
6818  -1.772  -71.239  -2.547 1.0000000000
6842  -1.577  -71.724  -3.951 1.0000000000
6831  -2.007  -71.824  -3.152 1.0000000000
116883  -1.519  -71.036  -5.969 1.0000000000
119899  -2.730  -71.188  -4.044 1.0000000000
6843  -2.252  -71.915  -4.243 1.0000000000
125931  -2.711  -70.297  -3.594 1.0000000000
6874  -2.225  -70.874  -6.519 1.0000000000
7492  -2.581  -69.880  -9.713 0.8999999762
121515  -2.570  -70.192  -10.599 0.8999999762
7300  5.201  -69.135  8.686 1.0000000000
8625  7.132  -67.964  6.650 1.0000000000
7926  5.367  -68.689  8.618 1.0000000000
7918  4.845  -68.942  9.307 1.0000000000
8609  6.547  -67.758  7.137 1.0000000000
9236  6.723  -67.184  6.303 1.0000000000
6616  2.357  -70.215  14.205 1.0000000000
9251  5.964  -65.905  5.290 1.0000000000
7897  2.874  -68.080  11.612 1.0000000000
7255  2.078  -69.549  14.950 1.0000000000
7840  1.441  -69.028  15.888 1.0000000000
7826  1.088  -68.919  16.623 1.0000000000
7828  -0.766  -68.229  16.867 1.0000000000
9884  5.201  -65.485  4.702 1.0000000000
121850  5.232  -65.743  3.774 1.0000000000
8598  2.393  -67.027  8.812 1.0000000000
117124  2.999  -67.700  10.138 1.0000000000
7827  0.093  -68.357  16.594 1.0000000000
8448  -0.846  -67.995  16.251 1.0000000000
7815  -1.302  -68.263  17.423 1.0000000000
7816  -1.944  -68.179  17.978 0.8999999762
9901  3.829  -64.597  4.421 1.0000000000
9900  4.482  -65.173  4.043 1.0000000000
10552  -1.600  -64.988  7.332 1.0000000000
9859  -2.224  -65.425  7.392 1.0000000000
10554  -3.392  -65.107  6.872 1.0000000000
11386  -2.898  -63.806  7.241 1.0000000000
133730  3.693  -64.436  4.925 1.0000000000
10566  -1.194  -65.061  6.294 1.0000000000
122539  3.528  -64.156  5.245 1.0000000000
10596  2.680  -64.212  3.054 1.0000000000
9288  4.169  -66.494  2.639 1.0000000000
10565  -0.827  -64.958  5.116 1.0000000000
11396  -2.838  -63.488  6.280 1.0000000000
11382  4.100  -63.052  6.262 1.0000000000
11408  3.186  -63.447  4.579 1.0000000000
9930  2.597  -65.534  2.482 1.0000000000
9266  -0.421  -66.428  4.277 1.0000000000
13014  4.103  -61.904  5.991 1.0000000000
9291  1.918  -65.836  2.608 1.0000000000
8648  0.122  -67.387  4.066 1.0000000000
10612  -2.445  -64.856  2.838 1.0000000000
9918  -2.835  -65.310  3.592 1.0000000000
12188  -2.709  -62.799  6.939 1.0000000000
8677  3.112  -68.070  3.214 1.0000000000
9277  1.787  -66.878  3.150 1.0000000000
7991  2.804  -68.260  3.070 1.0000000000
8662  2.385  -67.769  3.324 1.0000000000
7992  1.149  -68.839  2.923 1.0000000000
124518  -1.495  -65.532  1.678 1.0000000000
10631  -0.693  -64.884  0.081 0.6000000238
15237  6.272  -58.285  8.364 1.0000000000
15246  6.435  -58.243  7.522 1.0000000000
14475  6.318  -58.766  7.020 1.0000000000
14490  5.899  -59.208  6.620 1.0000000000
114417  1.910  -68.723  2.357 1.0000000000
16046  6.428  -57.000  8.183 1.0000000000
115794  2.102  -68.483  1.238 1.0000000000
123519  -0.864  -66.680  -1.126 0.8000000119
8031  1.171  -68.216  -0.455 1.0000000000
8060  -2.050  -67.968  -2.734 1.0000000000
129297  -2.010  -71.284  -6.055 1.0000000000
6857  -2.484  -70.939  -5.769 1.0000000000
125151  -2.367  -70.393  -7.053 0.8999999762
113667  -2.544  -68.994  -4.909 1.0000000000
7473  -2.414  -69.602  -7.301 0.8999999762
8122  -2.444  -69.333  -8.206 0.8999999762
7514  -2.828  -69.767  -11.404 0.6999999881
8157  -3.201  -68.817  -11.495 0.6999999881
7525  -2.896  -69.420  -12.401 0.5000000000
8595  5.291  -67.748  8.324 1.0000000000
8610  5.932  -67.682  7.708 1.0000000000
9237  5.009  -65.873  6.615 1.0000000000
8576  4.137  -67.836  9.303 1.0000000000
9869  5.109  -65.504  5.711 1.0000000000
8597  3.488  -67.122  8.856 1.0000000000
8517  2.254  -67.951  12.289 1.0000000000
115311  1.793  -68.663  14.567 1.0000000000
7858  1.138  -68.359  15.145 1.0000000000
7841  0.600  -68.320  15.807 1.0000000000
9870  3.950  -65.378  6.091 1.0000000000
8539  1.846  -67.588  11.382 1.0000000000
8477  0.900  -67.920  14.309 1.0000000000
8462  -0.378  -67.898  15.695 1.0000000000
122425  1.240  -67.443  12.068 1.0000000000
9885  4.174  -65.116  5.085 1.0000000000
8557  1.420  -67.476  10.396 1.0000000000
10537  -1.402  -64.249  7.733 1.0000000000
11371  -2.699  -63.982  7.796 1.0000000000
11395  -0.558  -63.753  5.922 1.0000000000
10610  2.333  -64.726  2.609 1.0000000000
12199  3.304  -62.706  5.109 1.0000000000
10597  1.964  -64.129  2.978 1.0000000000
129722  0.902  -64.945  2.957 1.0000000000
10582  -0.260  -64.657  4.213 1.0000000000
12200  2.520  -62.273  5.261 1.0000000000
9278  0.288  -66.412  3.624 1.0000000000
13749  5.126  -60.420  6.452 1.0000000000
9290  2.757  -66.722  2.732 1.0000000000
115377  0.899  -67.118  3.517 1.0000000000
114016  -2.534  -62.700  4.289 0.8999999762
131779  -2.520  -62.222  5.083 0.8999999762
13748  5.622  -60.011  6.821 1.0000000000
8663  1.663  -67.977  3.503 1.0000000000
129941  1.957  -68.518  3.206 1.0000000000
17818  6.032  -55.461  8.366 1.0000000000
15260  6.450  -58.109  6.849 1.0000000000
9956  -0.608  -66.310  -0.471 0.8000000119
17830  6.571  -55.486  7.613 1.0000000000
9338  -0.977  -66.349  -1.958 0.8000000119
18821  6.471  -54.509  7.426 1.0000000000
9321  -1.382  -67.215  -1.583 0.8999999762
8731  -1.882  -67.338  -3.287 1.0000000000
8071  -2.247  -67.996  -4.459 1.0000000000
8082  -2.478  -68.909  -5.792 0.8999999762
117358  -2.300  -67.951  -5.319 1.0000000000
8104  -2.425  -68.484  -7.736 0.8999999762
120667  -2.700  -69.135  -9.091 0.8000000119
123828  -3.055  -68.908  -9.931 0.6999999881
8147  -3.289  -68.062  -10.196 0.6000000238
8627  4.784  -66.440  7.365 1.0000000000
126641  5.309  -67.107  7.689 1.0000000000
9238  4.063  -65.739  7.067 1.0000000000
8613  2.800  -66.690  8.570 1.0000000000
128391  0.361  -67.185  11.906 1.0000000000
126205  0.144  -67.294  13.130 1.0000000000
131460  0.092  -67.706  14.877 1.0000000000
8449  -1.755  -67.944  16.527 1.0000000000
10550  3.029  -65.012  6.523 1.0000000000
8435  -2.383  -67.891  17.333 0.8999999762
11366  3.993  -63.385  6.963 1.0000000000
10534  3.021  -64.653  6.654 1.0000000000
11370  -1.818  -64.002  8.197 1.0000000000
10539  -2.671  -64.783  7.671 1.0000000000
12157  -2.745  -62.063  8.428 1.0000000000
11409  2.298  -63.315  4.093 1.0000000000
11384  -0.075  -63.108  6.262 1.0000000000
10551  -0.955  -64.423  6.803 1.0000000000
11354  -2.404  -63.041  8.134 1.0000000000
114161  4.750  -62.347  7.569 1.0000000000
122398  1.225  -64.244  3.212 1.0000000000
11411  0.581  -63.280  4.635 1.0000000000
11353  -1.912  -63.342  8.387 1.0000000000
113310  -1.689  -62.115  9.092 1.0000000000
13727  5.600  -60.561  8.492 1.0000000000
12210  2.682  -62.848  4.659 1.0000000000
12202  0.626  -62.700  5.534 1.0000000000
13717  5.646  -60.000  9.191 1.0000000000
13002  3.803  -61.316  6.034 1.0000000000
13003  2.740  -61.488  6.004 1.0000000000
10581  0.195  -63.926  4.281 1.0000000000
118266  -2.743  -63.693  4.474 1.0000000000
11413  -2.680  -63.136  5.223 1.0000000000
16047  6.117  -57.564  8.773 1.0000000000
123976  5.263  -59.558  6.378 1.0000000000
10643  -0.511  -65.379  -0.574 0.6000000238
18822  5.709  -54.095  7.899 1.0000000000
19722  5.224  -53.466  7.589 1.0000000000
123583  -2.668  -68.346  -8.596 0.8000000119
8136  -3.020  -68.208  -9.404 0.8000000119
9221  3.960  -66.286  7.774 1.0000000000
8599  1.314  -66.921  8.814 1.0000000000
9871  3.291  -65.302  6.650 1.0000000000
8540  0.488  -67.236  10.889 1.0000000000
120430  -0.770  -67.126  13.116 1.0000000000
8499  -1.057  -67.421  14.103 1.0000000000
8479  -1.746  -67.580  14.695 1.0000000000
8463  -1.493  -67.749  15.579 1.0000000000
8614  1.910  -66.732  8.711 1.0000000000
8464  -2.493  -67.544  15.819 1.0000000000
8450  -2.847  -67.533  16.648 0.8999999762
8437  -3.277  -67.376  17.392 0.8000000119
12172  -0.643  -62.733  8.138 1.0000000000
12155  -1.398  -62.766  8.644 1.0000000000
12153  4.579  -62.374  8.374 1.0000000000
118717  -3.060  -61.524  8.095 1.0000000000
12950  5.197  -61.311  8.690 1.0000000000
12201  1.533  -62.379  5.355 1.0000000000
12967  -2.164  -61.245  9.006 1.0000000000
15238  5.882  -58.288  9.162 1.0000000000
13015  3.421  -62.022  5.614 1.0000000000
122290  -2.552  -61.993  6.028 1.0000000000
16035  5.520  -57.550  9.432 1.0000000000
15261  6.129  -58.365  6.299 1.0000000000
18806  5.305  -54.470  8.377 1.0000000000
124506  6.666  -56.857  6.642 1.0000000000
9829  0.604  -65.591  8.832 1.0000000000
9239  3.330  -65.763  7.589 1.0000000000
9858  1.484  -65.887  8.539 1.0000000000
9202  0.078  -66.693  9.025 1.0000000000
8581  -0.272  -66.848  9.726 1.0000000000
8541  -0.076  -66.997  11.639 1.0000000000
8519  -0.147  -67.083  12.430 1.0000000000
135842  -2.294  -67.522  15.118 1.0000000000
10535  2.494  -65.044  7.500 1.0000000000
9857  2.167  -65.551  8.293 1.0000000000
10508  1.987  -64.668  8.915 1.0000000000
9845  0.496  -66.230  8.669 1.0000000000
11368  2.864  -64.466  7.564 1.0000000000
11352  2.795  -64.156  8.522 1.0000000000
10520  1.232  -65.303  8.683 1.0000000000
8580  0.167  -67.089  9.367 1.0000000000
126836  0.220  -61.704  8.201 1.0000000000
12965  -0.172  -61.343  8.840 1.0000000000
9119  -3.850  -66.592  17.417 0.8000000119
12154  4.024  -62.875  8.733 1.0000000000
12952  4.143  -61.872  10.054 1.0000000000
11340  3.369  -63.383  9.121 1.0000000000
14477  2.513  -59.752  7.143 1.0000000000
12982  1.486  -60.763  7.488 1.0000000000
12983  0.647  -61.036  8.318 1.0000000000
13731  -2.782  -60.631  8.511 1.0000000000
122200  5.302  -59.820  9.810 1.0000000000
13704  4.671  -60.058  10.334 1.0000000000
13016  1.941  -61.921  5.845 1.0000000000
12186  0.407  -62.439  6.693 1.0000000000
13004  0.865  -61.691  7.349 1.0000000000
13740  0.867  -60.076  8.413 1.0000000000
13728  -0.038  -60.525  8.806 1.0000000000
14467  -2.031  -59.640  8.456 1.0000000000
14457  5.023  -59.206  10.059 1.0000000000
130207  1.750  -61.458  6.622 1.0000000000
12185  1.194  -62.115  6.229 1.0000000000
125810  1.225  -59.236  7.944 1.0000000000
15248  0.641  -58.422  7.846 1.0000000000
14468  -2.589  -60.156  8.134 1.0000000000
14479  -2.367  -59.280  7.701 1.0000000000
14456  5.691  -59.183  9.405 1.0000000000
16869  4.866  -56.827  9.481 1.0000000000
119696  3.122  -60.554  6.489 1.0000000000
16056  0.027  -57.573  7.679 1.0000000000
129444  -2.572  -60.947  7.219 1.0000000000
18807  4.583  -54.598  8.517 1.0000000000
132258  5.331  -58.803  6.155 1.0000000000
134084  5.467  -58.199  5.774 1.0000000000
16082  5.146  -57.627  5.363 1.0000000000
13017  -2.358  -61.335  5.115 0.8000000119
121237  -2.430  -61.159  6.194 0.8999999762
128707  -2.307  -60.396  6.472 0.8999999762
120891  5.705  -55.864  8.714 1.0000000000
16067  6.441  -57.539  6.376 1.0000000000
16081  6.050  -57.610  5.683 1.0000000000
19738  3.349  -53.227  6.847 1.0000000000
19723  4.145  -53.544  7.623 1.0000000000
16906  6.729  -56.041  6.626 1.0000000000
16921  6.462  -56.658  5.834 1.0000000000
19737  4.513  -53.064  7.006 1.0000000000
19721  6.143  -53.725  7.237 1.0000000000
17839  6.788  -55.089  6.699 1.0000000000
21456  2.837  -51.547  5.039 1.0000000000
20602  4.937  -52.448  6.523 1.0000000000
19736  5.615  -53.081  6.904 1.0000000000
19735  6.369  -53.431  6.453 1.0000000000
125110  -1.235  -65.224  -3.093 0.6000000238
122503  2.837  -50.857  4.129 1.0000000000
20621  3.976  -52.087  5.781 1.0000000000
22346  2.281  -49.754  3.272 1.0000000000
20620  5.172  -52.004  5.827 1.0000000000
10496  1.010  -64.404  10.254 1.0000000000
9814  -0.244  -65.663  10.033 1.0000000000
9815  -0.782  -65.987  10.479 1.0000000000
9816  -0.960  -65.800  11.009 1.0000000000
11341  2.604  -63.789  9.520 1.0000000000
8559  -0.336  -66.787  10.558 1.0000000000
8520  -0.704  -66.789  12.377 1.0000000000
131260  -1.830  -67.040  13.329 1.0000000000
9174  -2.104  -66.197  13.054 1.0000000000
124372  -3.100  -66.743  13.904 1.0000000000
8481  -3.038  -67.152  15.113 1.0000000000
8465  -3.306  -67.114  16.044 1.0000000000
14478  1.738  -59.905  7.665 1.0000000000
8451  -3.465  -67.044  16.794 0.8000000119
9109  -4.194  -66.448  18.361 0.6999999881
12141  3.762  -62.610  9.675 1.0000000000
14466  -1.102  -59.997  8.708 1.0000000000
15240  -1.271  -59.083  8.404 1.0000000000
16036  4.676  -57.705  9.763 1.0000000000
16897  -0.597  -56.727  7.481 1.0000000000
15265  -2.415  -58.214  7.538 1.0000000000
16885  5.017  -55.969  9.096 1.0000000000
16886  3.969  -56.186  9.273 1.0000000000
15262  4.501  -59.038  6.244 1.0000000000
126517  3.409  -59.667  6.642 1.0000000000
15247  1.700  -58.608  7.586 1.0000000000
16055  1.221  -57.774  7.497 1.0000000000
16071  0.641  -56.978  7.273 1.0000000000
16941  4.142  -56.200  4.774 1.0000000000
17869  3.634  -55.585  4.392 1.0000000000
18856  3.215  -54.994  3.942 1.0000000000
13758  -2.175  -60.604  5.449 0.8999999762
16072  -2.815  -57.545  7.106 0.8999999762
18824  3.926  -54.175  8.078 1.0000000000
13752  -2.326  -59.529  6.820 0.8999999762
123986  2.553  -52.728  6.132 1.0000000000
117299  6.804  -54.789  6.025 1.0000000000
16922  5.723  -56.881  5.155 1.0000000000
21475  1.700  -51.136  4.295 1.0000000000
20601  5.943  -52.630  6.262 1.0000000000
18835  6.644  -54.242  6.621 1.0000000000
22319  1.896  -50.306  3.847 1.0000000000
21454  5.282  -51.454  5.188 1.0000000000
19749  6.467  -53.112  5.663 1.0000000000
23218  3.152  -48.841  4.058 1.0000000000
132334  3.278  -50.534  3.850 1.0000000000
21474  4.095  -50.937  4.367 1.0000000000
23238  2.456  -49.286  3.043 1.0000000000
12129  1.689  -62.680  10.795 1.0000000000
12130  0.872  -62.896  10.964 1.0000000000
10497  0.215  -64.771  10.432 1.0000000000
130757  -0.254  -64.369  10.788 1.0000000000
14449  3.134  -59.959  10.698 1.0000000000
12937  2.797  -61.654  10.776 1.0000000000
12128  2.530  -62.458  10.598 1.0000000000
11342  1.799  -64.098  9.918 1.0000000000
9182  -1.089  -66.021  11.872 1.0000000000
9803  -1.912  -65.381  12.203 1.0000000000
15233  3.629  -58.570  10.266 1.0000000000
12936  3.670  -61.380  10.561 1.0000000000
12127  3.378  -62.195  10.392 1.0000000000
131173  -2.626  -65.678  13.145 1.0000000000
9739  -3.847  -65.912  16.120 0.8999999762
14448  3.899  -59.815  10.593 1.0000000000
12935  4.481  -61.043  10.243 1.0000000000
9787  -2.260  -65.794  12.913 1.0000000000
9760  -3.393  -65.718  14.555 1.0000000000
15264  2.654  -58.947  7.187 1.0000000000
16057  -1.284  -57.348  7.758 1.0000000000
9718  -4.109  -65.756  17.907 0.6999999881
118592  3.046  -58.336  6.746 1.0000000000
16054  2.216  -58.022  7.203 1.0000000000
16870  3.929  -57.087  9.679 1.0000000000
16899  -2.602  -56.490  7.277 1.0000000000
127390  3.170  -54.490  7.958 1.0000000000
17820  4.333  -55.348  8.853 1.0000000000
15263  3.777  -58.577  6.258 1.0000000000
16924  3.646  -56.689  5.361 1.0000000000
16907  1.997  -56.698  6.503 1.0000000000
16908  1.123  -56.509  6.698 1.0000000000
16059  -2.938  -56.835  7.168 1.0000000000
132719  1.813  -52.324  5.450 1.0000000000
13765  -1.778  -60.258  4.897 0.6000000238
13757  -1.994  -59.860  5.632 0.8000000119
20623  1.719  -51.777  4.935 1.0000000000
18842  6.704  -54.066  5.700 1.0000000000
14496  -1.315  -59.319  5.142 0.6999999881
22320  1.031  -50.808  4.310 1.0000000000
17866  6.639  -54.975  5.270 1.0000000000
16939  6.223  -55.912  4.976 1.0000000000
16929  -3.036  -56.390  6.698 0.8999999762
23220  2.033  -49.742  3.774 1.0000000000
20619  6.102  -52.277  5.499 1.0000000000
122072  6.687  -47.693  5.810 1.0000000000
23219  2.497  -49.162  3.536 1.0000000000
22345  2.827  -49.627  2.944 1.0000000000
24114  4.689  -47.848  4.159 1.0000000000
24115  3.670  -48.201  3.430 1.0000000000
22317  3.870  -50.244  3.644 1.0000000000
114034  2.211  -60.129  10.812 1.0000000000
12938  1.934  -61.871  10.889 1.0000000000
10498  -1.099  -64.507  11.077 1.0000000000
11319  -1.997  -63.769  11.956 1.0000000000
16038  2.970  -57.417  9.787 1.0000000000
118496  -1.362  -63.644  11.468 1.0000000000
11308  -2.357  -64.077  12.716 1.0000000000
10458  -3.268  -64.720  14.598 0.8000000119
16871  3.116  -56.685  9.432 1.0000000000
18793  -2.130  -54.310  10.154 0.8999999762
9730  -3.953  -65.833  17.028 0.6999999881
16887  3.009  -56.112  9.009 1.0000000000
16037  3.788  -57.897  9.911 1.0000000000
16069  2.652  -57.376  6.525 1.0000000000
16070  1.698  -57.194  7.017 1.0000000000
18809  2.788  -55.015  8.226 1.0000000000
16909  0.000  -56.230  6.945 1.0000000000
18825  2.267  -54.525  7.587 0.8999999762
17821  3.361  -55.523  8.738 1.0000000000
16084  3.324  -57.146  5.914 1.0000000000
16927  0.520  -55.792  6.325 1.0000000000
17840  -0.767  -55.523  6.497 1.0000000000
16898  -1.822  -56.534  7.500 1.0000000000
16068  3.540  -57.896  6.093 1.0000000000
16911  -2.421  -55.990  7.118 1.0000000000
17867  6.168  -54.962  4.448 1.0000000000
132558  5.581  -55.612  4.409 1.0000000000
17842  -2.831  -55.803  6.603 0.8999999762
20638  0.906  -51.401  4.667 1.0000000000
17868  4.683  -55.672  4.304 1.0000000000
22295  1.914  -50.110  5.000 1.0000000000
19756  6.578  -53.605  4.945 1.0000000000
18854  6.599  -54.359  4.896 1.0000000000
18869  4.764  -54.602  3.479 1.0000000000
23201  2.681  -49.487  4.690 1.0000000000
21453  6.251  -51.753  4.862 1.0000000000
19757  6.353  -54.050  4.302 1.0000000000
23199  5.415  -48.470  5.367 1.0000000000
124192  3.179  -48.978  2.776 1.0000000000
21473  5.327  -50.937  4.526 1.0000000000
22344  4.091  -49.523  3.020 1.0000000000
26000  7.781  -46.610  5.766 1.0000000000
25025  6.030  -47.810  4.933 1.0000000000
25037  6.371  -47.114  4.180 1.0000000000
25038  5.241  -47.251  3.706 1.0000000000
25039  4.262  -47.519  3.022 1.0000000000
25024  6.925  -47.281  5.244 1.0000000000
132067  1.567  -58.008  10.429 1.0000000000
14450  1.433  -59.293  10.829 1.0000000000
118538  2.466  -59.282  10.615 1.0000000000
12920  1.071  -62.018  11.168 1.0000000000
12114  0.412  -62.388  11.246 1.0000000000
11318  -0.496  -63.678  11.093 1.0000000000
15222  2.793  -58.589  10.373 1.0000000000
11330  0.453  -63.800  10.775 1.0000000000
132686  1.246  -55.312  8.413 0.8999999762
17801  -2.601  -55.144  10.685 0.8999999762
16861  -2.736  -55.656  11.289 0.8999999762
10467  -2.985  -64.528  13.905 1.0000000000
10450  -3.493  -64.447  15.484 0.8000000119
127307  1.743  -54.993  7.995 0.8999999762
17806  2.290  -56.353  9.215 0.8999999762
19701  -1.151  -53.232  9.599 0.8999999762
9719  -4.295  -65.553  18.820 0.6999999881
18791  -0.144  -53.750  10.660 0.8999999762
18782  -1.875  -54.516  10.959 0.8999999762
16925  2.659  -56.485  5.897 1.0000000000
114510  -4.131  -64.993  18.405 0.6999999881
19725  1.555  -53.983  6.803 0.8999999762
17853  0.967  -55.415  5.655 1.0000000000
17854  -0.246  -55.065  5.917 1.0000000000
20625  0.219  -51.494  5.571 0.8999999762
17872  0.180  -54.680  5.289 1.0000000000
17841  -2.073  -55.465  6.579 1.0000000000
17855  -1.730  -54.772  5.955 0.8999999762
122097  0.909  -52.111  4.977 1.0000000000
119756  6.433  -52.732  4.868 1.0000000000
121112  1.924  -54.325  3.480 1.0000000000
114228  0.520  -54.282  4.619 1.0000000000
18843  -0.955  -54.459  5.514 1.0000000000
22281  1.211  -50.576  5.218 0.8999999762
18855  5.210  -55.042  4.049 1.0000000000
18870  3.779  -54.700  3.304 1.0000000000
16086  -2.882  -56.854  6.137 0.8999999762
16928  -2.812  -55.925  6.008 0.8999999762
19768  5.188  -53.922  3.187 1.0000000000
23187  4.934  -49.034  5.894 1.0000000000
19766  6.417  -53.160  4.239 1.0000000000
20650  6.214  -52.661  3.491 1.0000000000
23237  4.367  -48.737  2.689 1.0000000000
22316  5.503  -50.333  3.938 1.0000000000
25009  7.341  -47.213  6.305 1.0000000000
24133  3.737  -48.189  2.596 1.0000000000
26015  7.304  -46.732  4.482 1.0000000000
25048  5.731  -46.787  3.256 1.0000000000
26014  8.302  -46.050  4.900 1.0000000000
15224  1.248  -58.450  10.639 0.8999999762
16872  1.601  -56.757  9.670 0.8999999762
16858  0.906  -57.015  10.071 0.8999999762
120015  0.664  -57.750  10.484 0.8999999762
15225  0.519  -58.660  10.916 0.8999999762
119095  0.712  -61.143  11.283 1.0000000000
113390  -0.855  -62.907  11.427 1.0000000000
18810  0.559  -54.683  7.963 0.8999999762
17807  1.179  -55.861  9.062 0.8999999762
19702  -1.972  -53.682  9.522 0.8999999762
17810  -2.211  -54.711  10.101 0.8999999762
14440  0.326  -59.597  11.233 0.8999999762
13694  -0.175  -60.919  11.454 1.0000000000
11307  -1.811  -62.846  11.906 1.0000000000
117528  2.438  -56.910  9.605 0.8999999762
16008  -2.362  -57.458  11.338 0.8999999762
118108  -2.688  -63.064  13.113 0.8999999762
11299  -3.187  -63.796  14.349 0.8999999762
18827  -0.311  -53.875  7.438 0.8999999762
19711  -1.978  -53.139  8.928 0.8999999762
17792  -2.600  -55.085  11.374 0.8999999762
123002  -2.305  -63.220  12.431 1.0000000000
116895  -3.788  -65.095  16.716 0.8000000119
16837  -2.674  -56.528  11.924 0.8000000119
19726  0.142  -53.620  6.715 0.8999999762
19699  1.846  -53.362  10.329 0.8999999762
18790  1.226  -53.926  10.889 0.8000000119
18781  -0.615  -54.310  11.294 0.8000000119
17791  -1.279  -54.868  11.944 0.6999999881
20605  0.167  -52.258  5.506 0.8999999762
17852  2.079  -55.705  5.408 1.0000000000
17851  3.143  -55.917  5.156 1.0000000000
17870  2.501  -55.289  4.535 1.0000000000
121266  2.864  -54.589  3.304 1.0000000000
135310  -2.350  -54.691  5.411 0.8999999762
22279  3.553  -49.693  5.884 0.8999999762
18883  4.294  -54.168  2.857 1.0000000000
18858  -0.808  -53.988  4.906 0.8999999762
23174  5.336  -49.319  6.895 0.8999999762
21472  6.310  -51.184  4.251 1.0000000000
19778  5.516  -53.172  2.940 1.0000000000
118299  -2.541  -55.262  4.996 0.8000000119
18845  -2.260  -54.321  4.771 0.8999999762
122877  7.624  -47.061  7.517 1.0000000000
24097  6.242  -48.208  6.021 1.0000000000
24085  5.769  -48.758  6.424 0.8999999762
20637  6.458  -52.181  4.146 1.0000000000
20654  6.342  -51.908  3.187 1.0000000000
20655  5.799  -52.398  2.723 1.0000000000
25981  8.182  -46.495  7.152 1.0000000000
22343  5.894  -49.603  3.507 1.0000000000
22315  6.442  -50.546  3.705 1.0000000000
25999  8.851  -45.764  6.678 1.0000000000
25049  4.918  -46.988  2.678 1.0000000000
24132  4.783  -47.991  2.363 1.0000000000
23236  6.044  -48.814  2.953 1.0000000000
27001  9.855  -44.950  6.844 1.0000000000
26016  6.627  -46.598  3.428 1.0000000000
16873  0.477  -56.354  9.619 0.8999999762
15214  -0.622  -58.754  11.235 0.8999999762
18811  -0.824  -54.191  8.057 0.8999999762
17808  -0.236  -55.486  9.120 0.8999999762
16874  -0.790  -55.905  9.761 0.8999999762
17799  -2.013  -55.438  10.092 0.8999999762
16860  -2.594  -55.966  10.882 0.8999999762
130920  -0.683  -60.508  11.505 0.8999999762
12922  -0.649  -61.562  11.607 1.0000000000
12105  -2.007  -61.975  12.208 0.8999999762
13695  -1.061  -60.849  11.641 0.8999999762
12106  -2.514  -62.478  12.597 0.8999999762
19727  -1.022  -53.013  6.922 0.8999999762
19709  0.897  -52.881  9.505 0.8999999762
15205  -2.812  -58.790  12.165 0.8999999762
123477  -3.420  -63.879  15.049 0.8000000119
116474  -3.519  -63.368  15.965 0.6999999881
11260  -3.626  -63.569  16.917 0.6999999881
12096  -3.035  -62.127  13.295 0.8999999762
117863  -3.788  -64.211  17.333 0.6999999881
21424  0.526  -51.338  6.442 0.8999999762
21425  -0.185  -51.589  6.225 0.8999999762
21422  2.707  -51.009  7.289 0.8999999762
20606  -0.440  -52.015  6.210 0.8999999762
19698  2.896  -53.367  10.887 0.8999999762
18789  2.317  -53.959  11.193 0.8000000119
18780  0.674  -54.394  11.474 0.6999999881
23175  4.812  -49.794  7.428 0.8999999762
21440  1.051  -50.913  5.962 0.8999999762
22262  3.912  -50.174  6.890 0.8999999762
18844  -1.800  -54.267  5.216 0.8999999762
24074  5.965  -48.821  7.446 0.8999999762
23188  4.484  -49.595  6.408 0.8999999762
19780  3.827  -53.742  2.227 1.0000000000
18884  3.356  -54.204  2.747 1.0000000000
18872  0.739  -53.817  3.855 1.0000000000
24084  6.457  -48.309  7.021 0.8999999762
21491  6.518  -51.400  3.598 1.0000000000
20656  5.014  -52.791  2.265 1.0000000000
18871  2.393  -54.009  2.858 1.0000000000
25010  6.879  -47.692  6.721 1.0000000000
22342  6.936  -49.837  3.256 1.0000000000
21508  6.131  -51.658  2.508 1.0000000000
26984  10.510  -45.177  7.578 1.0000000000
25980  9.113  -45.874  8.118 1.0000000000
115215  9.230  -45.403  5.707 1.0000000000
26027  5.193  -47.020  2.065 1.0000000000
27000  11.048  -44.846  6.772 1.0000000000
27014  8.472  -45.975  3.837 1.0000000000
115475  7.600  -46.257  3.646 1.0000000000
26025  6.912  -46.256  2.663 1.0000000000
26026  5.852  -46.638  2.488 1.0000000000
114630  9.929  -45.425  4.355 1.0000000000
27012  10.267  -44.952  5.605 1.0000000000
27013  9.180  -45.556  4.584 1.0000000000
27022  9.137  -45.797  3.510 1.0000000000
19728  -1.323  -52.746  7.316 0.8999999762
19710  -1.431  -52.777  8.659 0.8999999762
16859  -1.316  -56.436  10.385 0.8999999762
16027  -2.475  -56.726  11.219 0.8999999762
15215  -1.780  -58.322  11.299 0.8999999762
12908  -2.344  -61.309  12.204 0.8999999762
20590  -0.824  -51.990  6.799 0.8999999762
20583  -0.724  -52.135  7.559 0.8999999762
11287  -3.164  -62.812  14.030 0.8000000119
20588  1.166  -51.659  7.378 0.8999999762
11288  -3.392  -63.088  14.971 0.6999999881
21414  2.232  -51.491  7.666 0.8999999762
21507  6.713  -51.159  2.984 1.0000000000
24992  7.877  -46.947  8.712 0.8999999762
130506  6.849  -50.680  3.310 1.0000000000
19797  4.261  -53.144  1.862 1.0000000000
19758  -1.283  -53.406  4.266 0.8999999762
18859  -1.882  -53.786  4.580 0.8999999762
26970  10.061  -45.786  8.259 1.0000000000
25962  9.287  -46.435  8.726 0.8999999762
25963  8.517  -46.506  8.415 0.8999999762
17873  -2.055  -55.378  4.043 0.6999999881
19759  -2.044  -53.421  3.968 0.8999999762
25979  10.889  -45.601  7.694 1.0000000000
24131  6.162  -48.072  2.450 1.0000000000
25977  12.627  -45.349  6.688 1.0000000000
26999  12.127  -44.964  6.591 1.0000000000
27011  11.828  -44.832  5.949 1.0000000000
17775  -2.091  -55.513  12.161 0.6999999881
14431  -2.414  -59.668  11.991 0.8999999762
20582  0.549  -52.044  7.984 0.8999999762
20573  1.342  -52.463  8.939 0.8999999762
19708  1.926  -52.837  9.676 0.8999999762
114998  -2.927  -60.009  12.530 0.8999999762
119080  4.015  -50.759  8.434 0.8999999762
20564  2.717  -52.830  10.171 0.8999999762
20554  4.064  -52.664  11.621 0.6999999881
19692  3.522  -53.298  11.492 0.8000000119
15206  -2.966  -57.982  12.352 0.8000000119
14432  -2.974  -59.277  12.561 0.8000000119
131097  -3.211  -60.276  13.147 0.8000000119
12896  -3.331  -61.114  13.344 0.8000000119
23161  5.043  -49.887  8.426 0.8999999762
22250  3.600  -50.680  7.683 0.8999999762
129802  6.291  -50.599  11.226 0.6999999881
22230  5.131  -50.933  11.155 0.6999999881
115196  1.808  -54.588  11.606 0.6000000238
17790  0.101  -54.792  12.093 0.6999999881
17774  -1.092  -55.385  12.617 0.6999999881
16821  -2.558  -56.865  12.631 0.6999999881
113522  -2.794  -57.880  12.890 0.6999999881
15194  -2.539  -58.473  13.481 0.6000000238
12085  -3.352  -61.703  14.122 0.6999999881
119493  -3.546  -62.684  17.096 0.6999999881
134694  6.956  -50.530  11.190 0.5000000000
21385  4.892  -51.474  11.515 0.6999999881
17789  1.209  -55.022  12.148 0.6000000238
17773  0.569  -55.412  12.652 0.6000000238
16835  -1.553  -55.874  12.988 0.6999999881
15976  -2.513  -57.304  13.099 0.6000000238
12883  -3.366  -61.106  15.155 0.6000000238
24060  6.153  -48.783  8.580 0.8999999762
21384  5.811  -51.327  11.515 0.6000000238
20553  4.688  -52.120  11.887 0.6999999881
18763  2.819  -54.526  11.976 0.6000000238
16820  -1.998  -56.677  13.302 0.6000000238
14402  -2.758  -59.441  14.485 0.6999999881
24991  9.047  -47.216  9.201 0.8999999762
24073  6.658  -48.221  8.119 0.8999999762
22379  5.994  -50.692  1.421 1.0000000000
20672  4.585  -52.471  1.581 1.0000000000
19798  3.337  -53.267  1.567 1.0000000000
19769  1.337  -53.646  3.079 0.8999999762
25949  8.654  -46.942  9.167 0.8999999762
24975  7.331  -47.516  8.896 0.8999999762
22367  7.108  -50.293  2.775 1.0000000000
21524  6.516  -50.918  2.252 1.0000000000
20671  5.338  -52.071  2.018 1.0000000000
114967  0.235  -52.996  3.363 0.8999999762
24989  10.766  -46.165  7.940 0.8999999762
24990  9.767  -46.603  8.487 0.8999999762
25057  5.814  -46.914  1.990 1.0000000000
22341  7.038  -49.061  2.811 1.0000000000
22366  7.256  -49.670  2.731 1.0000000000
19799  2.254  -53.283  1.686 1.0000000000
123923  1.806  -53.545  2.332 0.8999999762
19782  0.753  -52.945  2.716 0.8999999762
25978  11.761  -45.790  7.373 1.0000000000
26036  5.864  -46.821  2.014 1.0000000000
22377  7.265  -49.659  2.183 1.0000000000
21525  5.681  -51.368  1.772 1.0000000000
20674  2.547  -52.851  1.104 0.8999999762
24145  6.396  -47.437  2.054 1.0000000000
23251  7.147  -48.453  2.245 1.0000000000
17884  -1.923  -54.933  3.439 0.6999999881
18874  -2.267  -53.892  3.730 0.8000000119
135266  -2.254  -53.510  3.849 0.8000000119
25997  13.329  -45.550  5.916 1.0000000000
114541  12.595  -45.034  5.127 1.0000000000
27021  10.120  -45.713  3.444 1.0000000000
27023  7.968  -45.828  2.843 1.0000000000
26035  6.538  -46.411  2.013 1.0000000000
26998  13.010  -45.075  6.040 1.0000000000
130880  13.517  -45.433  5.233 1.0000000000
121644  7.220  -45.968  2.146 1.0000000000
114920  11.050  -45.166  4.758 1.0000000000
27063  13.816  -45.126  1.566 1.0000000000
22249  4.631  -50.438  8.820 0.8999999762
21413  3.240  -51.328  8.431 0.8999999762
20580  3.009  -51.924  9.147 0.8999999762
23151  5.284  -50.022  9.401 0.8999999762
21404  4.384  -51.175  9.975 0.8999999762
13663  -3.098  -60.276  14.001 0.6999999881
24044  7.537  -48.179  10.250 0.8999999762
22238  6.908  -50.075  11.188 0.6999999881
23130  6.275  -49.890  11.051 0.8000000119
22240  4.984  -50.707  10.537 0.8999999762
15975  -2.011  -57.368  13.880 0.6000000238
118410  5.720  -49.392  9.056 0.8999999762
16819  -0.847  -56.261  13.698 0.6000000238
24072  9.117  -47.900  8.091 0.8999999762
24973  8.590  -47.494  9.782 0.8999999762
20552  5.310  -51.856  11.978 0.5000000000
17772  2.180  -55.202  12.293 0.6000000238
17758  1.526  -55.645  12.755 0.6000000238
16834  -0.284  -55.685  13.143 0.6000000238
21543  5.207  -51.074  1.173 1.0000000000
21527  4.026  -52.142  0.915 1.0000000000
25008  10.103  -47.070  7.577 0.8999999762
23254  7.393  -48.846  1.709 1.0000000000
114915  7.499  -48.194  1.161 1.0000000000
22378  6.928  -50.223  1.841 1.0000000000
21526  4.879  -51.724  1.349 1.0000000000
124757  3.955  -52.788  1.350 1.0000000000
19800  1.241  -52.917  1.967 0.8999999762
25022  11.578  -46.849  5.979 0.8999999762
22398  6.336  -49.988  0.902 1.0000000000
20673  3.410  -52.710  1.060 0.8999999762
19783  -0.873  -52.523  3.339 0.8999999762
25071  6.647  -46.897  1.739 1.0000000000
132250  7.067  -46.613  1.475 1.0000000000
19772  -2.153  -53.164  3.491 0.8000000119
26013  13.791  -45.935  4.959 1.0000000000
27019  12.973  -45.356  4.172 1.0000000000
27020  11.557  -45.469  3.918 1.0000000000
25072  6.606  -46.601  1.804 1.0000000000
26024  14.193  -46.101  4.094 1.0000000000
113507  13.220  -45.528  3.216 1.0000000000
27032  8.897  -45.675  2.414 1.0000000000
27033  7.879  -45.700  1.976 1.0000000000
26034  7.185  -46.080  1.765 1.0000000000
27018  13.866  -45.647  4.280 1.0000000000
129871  14.104  -45.572  3.969 1.0000000000
27031  9.839  -45.751  2.378 1.0000000000
22245  4.818  -50.581  9.671 0.8999999762
129130  7.738  -48.700  10.536 0.8999999762
23150  6.052  -49.482  10.251 0.8999999762
23142  7.021  -49.038  11.006 0.8999999762
22244  5.511  -50.198  10.320 0.8999999762
23186  8.350  -50.082  6.490 0.8999999762
16833  0.834  -56.010  13.209 0.6000000238
24083  8.604  -49.280  6.682 0.8999999762
124030  8.862  -48.120  8.977 0.8999999762
21421  8.657  -51.429  7.596 0.5000000000
15156  -2.322  -58.724  15.165 0.6000000238
13648  -3.168  -59.998  15.261 0.6000000238
126281  9.290  -49.429  5.293 0.8999999762
21411  7.716  -51.029  8.749 0.6999999881
14380  -2.714  -59.183  15.802 0.6000000238
132331  9.543  -48.531  5.278 0.8999999762
24113  10.516  -48.338  4.420 0.8999999762
23255  7.143  -49.460  1.314 1.0000000000
25035  11.271  -47.440  4.714 0.8999999762
25023  10.129  -47.521  6.112 0.8999999762
22399  5.221  -50.500  0.567 1.0000000000
20657  0.138  -52.149  2.502 0.8999999762
27052  7.815  -45.817  1.497 1.0000000000
26047  7.362  -46.201  1.375 1.0000000000
24157  7.390  -47.330  1.166 1.0000000000
23266  7.392  -48.647  0.901 1.0000000000
22400  4.203  -50.737  0.008 0.8999999762
125778  1.673  -52.812  1.331 0.8999999762
25047  12.378  -47.264  3.708 1.0000000000
27029  11.867  -45.953  2.324 1.0000000000
25076  7.445  -46.778  0.764 1.0000000000
23267  6.690  -49.102  0.370 1.0000000000
23268  5.641  -49.672  0.101 0.8999999762
20687  2.945  -52.373  0.489 0.8999999762
19784  -1.659  -52.541  3.075 0.8999999762
27027  13.661  -45.107  2.794 1.0000000000
27030  10.800  -45.806  2.281 1.0000000000
113497  9.172  -45.555  1.845 1.0000000000
113144  11.885  -45.857  3.127 1.0000000000
27049  9.894  -45.632  1.722 1.0000000000
27046  14.419  -44.877  2.713 1.0000000000
22261  7.882  -50.357  8.169 0.8000000119
23149  8.016  -48.935  10.426 0.8999999762
23141  7.429  -49.487  10.841 0.8999999762
22248  8.008  -49.625  9.539 0.8000000119
23198  9.918  -49.700  5.049 0.8000000119
135897  8.684  -49.831  5.870 0.8000000119
23216  10.463  -49.125  4.586 0.8999999762
135470  7.930  -51.254  7.829 0.6000000238
24112  10.966  -48.563  4.285 0.8999999762
23217  9.817  -48.916  4.717 0.8999999762
21544  4.531  -51.296  0.667 1.0000000000
21545  3.517  -51.537  0.104 0.8999999762
127714  13.349  -48.721  3.756 0.8999999762
24129  11.737  -48.425  3.931 0.8999999762
20688  1.505  -52.255  0.692 0.8999999762
20675  0.701  -52.212  1.615 0.8999999762
21546  2.181  -51.719  0.014 0.8999999762
20676  -0.378  -51.517  2.034 0.8999999762
25055  13.961  -47.519  3.010 1.0000000000
113688  11.849  -45.720  1.128 1.0000000000
24160  7.237  -48.376  0.218 1.0000000000
25056  13.669  -46.822  3.081 1.0000000000
25046  13.172  -47.120  3.262 1.0000000000
113130  12.119  -45.874  1.811 1.0000000000
27047  12.915  -45.543  1.553 1.0000000000
27051  8.558  -45.602  1.581 1.0000000000
27067  7.886  -45.892  0.977 1.0000000000
26052  7.592  -46.147  0.587 1.0000000000
132186  14.203  -45.247  3.572 1.0000000000
27048  10.958  -45.711  1.453 1.0000000000
27050  9.216  -45.489  1.340 1.0000000000
26032  14.220  -44.921  2.973 1.0000000000
22294  9.313  -50.307  5.719 0.8000000119
22278  8.654  -50.436  6.288 0.6999999881
22260  8.122  -50.824  6.971 0.6999999881
23196  11.951  -49.744  5.273 0.6999999881
22259  9.182  -50.992  6.685 0.6000000238
23214  12.222  -49.245  4.529 0.6999999881
23197  10.962  -49.737  5.158 0.8000000119
22277  10.172  -50.695  6.424 0.6000000238
112445  15.127  -49.039  3.445 0.6000000238
117212  13.100  -49.355  4.493 0.6000000238
111597  14.312  -48.970  3.711 0.6000000238
111598  12.531  -48.764  3.975 0.8000000119
111595  13.876  -48.304  3.313 0.8000000119
23288  6.624  -48.394  -0.441 1.0000000000
23289  5.926  -49.055  -0.334 0.8999999762
111596  13.340  -47.782  3.284 0.8999999762
112249  12.563  -48.068  3.504 0.8999999762
24159  7.529  -47.807  0.526 1.0000000000
24172  7.358  -47.771  -0.163 1.0000000000
129378  12.111  -45.546  0.266 1.0000000000
115216  14.248  -46.320  3.134 1.0000000000
27064  11.257  -45.610  0.668 1.0000000000
115767  7.914  -45.783  0.211 1.0000000000
26058  7.501  -46.246  -0.167 1.0000000000
134410  14.480  -45.471  3.444 1.0000000000
131050  9.919  -45.506  1.182 1.0000000000
28017  8.370  -45.694  0.983 1.0000000000
26046  13.769  -45.102  2.467 1.0000000000
27065  10.384  -45.478  0.632 1.0000000000
125170  16.336  -50.263  3.434 0.5000000000
23235  14.928  -49.695  4.281 0.6000000238
23213  13.657  -49.954  4.961 0.4000000060
112328  13.973  -49.502  4.337 0.6000000238
111589  15.829  -49.038  2.885 0.6999999881
25108  5.261  -47.620  -2.685 0.8999999762
24191  4.177  -48.757  -2.300 0.8999999762
23311  3.710  -49.380  -1.833 0.8999999762
111594  15.249  -48.317  2.693 0.6999999881
131531  15.914  -48.287  2.373 0.6999999881
25093  5.930  -47.507  -2.013 1.0000000000
24190  5.229  -48.312  -1.981 0.8999999762
23309  5.607  -48.706  -1.022 0.8999999762
118475  5.133  -49.398  -0.686 0.8999999762
22424  4.721  -50.067  -0.291 0.8999999762
21561  2.657  -51.330  -0.497 0.8999999762
21547  0.831  -50.993  0.304 0.8999999762
118073  16.405  -47.633  2.005 0.6999999881
118482  15.476  -47.429  2.286 0.8999999762
111593  14.529  -48.321  3.074 0.8000000119
118890  8.036  -45.301  -0.488 1.0000000000
27078  7.585  -45.670  -0.475 1.0000000000
25081  7.180  -47.068  -0.502 1.0000000000
24188  6.808  -47.718  -0.752 1.0000000000
131165  14.863  -46.169  2.888 1.0000000000
25070  15.792  -46.443  2.255 1.0000000000
114110  13.229  -45.312  0.380 1.0000000000
28041  8.321  -45.656  0.192 1.0000000000
28016  8.905  -45.508  0.770 1.0000000000
27066  9.463  -45.420  0.524 1.0000000000
27076  9.970  -45.366  -0.014 1.0000000000
28040  8.804  -45.492  -0.102 1.0000000000
27061  15.218  -44.734  2.877 1.0000000000
27062  14.671  -44.857  1.701 1.0000000000
112253  16.430  -49.683  2.907 0.4000000060
111590  16.594  -48.790  2.464 0.6000000238
23329  3.093  -48.932  -2.496 0.8999999762
25068  17.358  -47.433  1.939 0.6999999881
111587  17.083  -48.254  2.158 0.6999999881
122418  2.749  -49.407  -2.099 0.8999999762
26075  5.813  -46.947  -2.686 1.0000000000
121975  3.076  -50.147  -1.472 0.8999999762
25069  16.653  -46.401  1.971 0.6999999881
27085  6.757  -45.755  -1.914 1.0000000000
26059  6.945  -46.219  -1.008 1.0000000000
25092  6.569  -47.220  -1.272 1.0000000000
24189  6.146  -48.015  -1.285 1.0000000000
23310  4.686  -49.054  -1.462 0.8999999762
22426  2.355  -50.778  -1.058 0.8999999762
26044  16.770  -45.245  2.597 0.8000000119
119873  12.709  -45.208  -0.590 1.0000000000
27077  9.279  -45.233  -0.524 1.0000000000
22425  3.943  -50.344  -0.702 0.8999999762
21562  1.613  -51.072  -0.554 0.8999999762
134400  15.445  -45.331  3.277 1.0000000000
27073  14.159  -45.036  0.463 1.0000000000
28039  9.134  -45.375  -0.297 1.0000000000
123053  15.712  -44.848  3.259 1.0000000000
27075  10.933  -45.488  -0.184 1.0000000000
28051  8.834  -45.096  -1.213 1.0000000000
28015  16.004  -44.677  2.814 1.0000000000
28036  16.296  -44.642  1.653 1.0000000000
28038  15.007  -44.812  0.503 1.0000000000
28037  15.511  -44.710  1.758 1.0000000000
112177  18.357  -48.569  2.700 0.4000000060
134143  17.899  -47.717  2.219 0.5000000000
130529  18.099  -47.167  2.051 0.6999999881
26064  6.379  -46.669  -1.940 1.0000000000
27074  13.691  -44.908  -0.662 1.0000000000
27083  9.955  -45.281  -0.835 1.0000000000
136017  16.854  -44.914  2.602 1.0000000000
28050  9.032  -45.015  -1.241 1.0000000000
28049  14.539  -44.791  -0.368 1.0000000000
28014  16.757  -44.780  2.412 1.0000000000
118242  11.844  -45.348  -0.773 1.0000000000
112059  18.953  -48.249  2.984 0.4000000060
112416  19.680  -47.202  2.928 0.5000000000
25124  4.282  -47.029  -3.669 0.8000000119
25110  3.828  -47.669  -3.301 0.8999999762
132782  18.673  -47.159  2.448 0.6000000238
26087  5.599  -46.324  -3.225 1.0000000000
26076  5.146  -47.028  -3.273 0.8999999762
25109  4.633  -47.515  -3.138 0.8999999762
24209  3.466  -48.267  -2.862 0.8999999762
111582  19.681  -46.480  2.568 0.6000000238
111585  18.528  -46.435  2.121 0.6999999881
28081  6.974  -44.501  -2.882 1.0000000000
26043  19.182  -45.884  2.207 0.8000000119
28080  7.770  -44.437  -2.211 1.0000000000
28071  7.206  -44.923  -2.055 1.0000000000
27044  17.331  -45.002  2.426 0.8999999762
121949  8.553  -44.100  -2.750 1.0000000000
29003  8.810  -43.929  -2.198 1.0000000000
28988  8.006  -44.587  -1.694 1.0000000000
27045  16.444  -44.876  2.872 1.0000000000
135908  12.390  -45.084  -1.229 1.0000000000
28069  9.096  -44.855  -1.577 1.0000000000
28013  17.356  -44.936  2.204 1.0000000000
131508  16.894  -44.636  1.400 1.0000000000
27082  10.956  -45.364  -1.209 1.0000000000
28063  15.326  -44.562  -0.691 1.0000000000
28048  15.848  -44.684  0.460 1.0000000000
112358  20.233  -47.666  3.360 0.4000000060
111578  20.344  -46.752  2.756 0.5000000000
26088  4.806  -46.281  -3.739 0.8000000119
112462  20.001  -45.874  2.373 0.6000000238
27042  19.595  -45.229  1.987 0.6999999881
127990  18.899  -45.151  1.989 0.6999999881
28079  9.170  -44.782  -2.633 1.0000000000
127076  18.253  -44.933  1.919 0.8000000119
28064  14.502  -44.486  -1.252 1.0000000000
27081  12.992  -44.810  -1.359 1.0000000000
28078  10.068  -45.278  -2.555 1.0000000000
130592  9.268  -44.875  -2.125 1.0000000000
130781  17.283  -44.706  1.675 1.0000000000
28067  11.856  -45.190  -1.609 1.0000000000
28068  9.965  -45.261  -1.734 1.0000000000
28034  18.035  -44.661  1.283 0.8999999762
28035  17.416  -44.573  0.522 1.0000000000
28047  16.633  -44.614  0.435 1.0000000000
135326  15.777  -44.352  -1.338 1.0000000000
116316  17.051  -44.460  -0.471 1.0000000000
132005  21.694  -47.135  3.694 0.4000000060
128731  21.770  -46.548  2.862 0.5000000000
111580  22.297  -45.912  2.560 0.5000000000
27104  6.105  -44.848  -3.487 0.8999999762
27041  20.440  -45.309  1.928 0.6999999881
111575  21.707  -45.981  2.311 0.6000000238
112187  20.864  -46.012  2.286 0.6000000238
29006  7.556  -44.179  -3.049 1.0000000000
26089  3.667  -46.180  -4.233 0.8000000119
28093  10.212  -45.229  -3.378 1.0000000000
29019  8.660  -44.105  -2.441 1.0000000000
27107  3.871  -45.449  -4.624 0.6999999881
28065  13.707  -44.470  -1.700 1.0000000000
28077  12.854  -44.310  -2.949 1.0000000000
122351  12.079  -44.835  -2.416 1.0000000000
122363  18.766  -44.655  1.353 0.6999999881
28066  12.969  -44.528  -2.123 1.0000000000
28075  14.494  -44.159  -2.189 1.0000000000
27091  11.025  -45.293  -2.131 1.0000000000
28045  18.910  -44.409  0.332 0.8000000119
132774  12.482  -44.868  -1.754 1.0000000000
29001  15.263  -43.589  -2.599 1.0000000000
133337  22.954  -45.568  3.213 0.4000000060
27040  21.395  -45.382  1.848 0.6999999881
111579  23.154  -44.821  2.426 0.5000000000
28095  8.564  -44.254  -3.053 1.0000000000
28097  5.627  -43.963  -3.893 0.8000000119
27106  4.442  -45.272  -4.005 0.8000000119
28009  21.769  -44.778  1.396 0.6999999881
28032  20.707  -44.369  0.871 0.6999999881
28011  20.028  -44.715  1.410 0.6999999881
28076  13.681  -44.186  -2.592 1.0000000000
28091  11.954  -44.472  -3.224 1.0000000000
28096  6.544  -44.118  -3.703 1.0000000000
121875  20.079  -44.345  0.708 0.6999999881
28955  19.779  -44.184  0.122 0.6999999881
136115  15.716  -43.752  -2.287 1.0000000000
115799  18.151  -44.483  0.116 0.8999999762
28985  16.175  -44.047  -1.905 1.0000000000
28061  17.141  -44.154  -1.489 1.0000000000
28924  23.577  -43.730  4.144 0.4000000060
27998  23.635  -44.171  3.453 0.5000000000
127724  22.384  -45.199  1.992 0.6000000238
26090  2.803  -46.791  -4.661 0.6999999881
27072  21.824  -44.247  0.988 0.6999999881
111576  22.914  -44.361  1.803 0.6999999881
29022  6.653  -43.979  -3.952 0.8000000119
28109  5.152  -43.803  -4.061 0.8000000119
28092  11.200  -44.858  -3.540 1.0000000000
29052  5.123  -44.228  -5.297 0.6999999881
28970  20.242  -43.546  -0.371 0.6999999881
28972  18.546  -44.207  -0.672 0.6999999881
132405  18.803  -43.673  -1.257 0.6999999881
28046  17.750  -44.345  -0.650 0.8999999762
28984  18.098  -43.870  -1.415 0.8999999762
29853  16.763  -43.320  -2.161 0.8999999762
29854  16.008  -43.344  -2.423 1.0000000000
29852  17.644  -43.250  -1.938 1.0000000000
122909  23.453  -42.871  3.951 0.4000000060
29796  23.251  -42.034  3.877 0.4000000060
123702  23.593  -43.235  2.406 0.6000000238
28003  23.426  -44.106  2.231 0.6000000238
28094  9.126  -44.848  -3.180 1.0000000000
29020  8.112  -44.118  -3.400 1.0000000000
25145  2.248  -47.272  -4.965 0.6999999881
28934  23.430  -43.176  1.856 0.6999999881
28951  22.719  -43.135  0.886 0.6999999881
28110  4.781  -44.259  -4.576 0.6999999881
28111  4.123  -44.986  -4.919 0.6999999881
28044  22.038  -42.877  0.367 0.6999999881
29887  6.675  -43.872  -4.284 0.8000000119
128377  21.211  -42.846  -0.275 0.6999999881
29002  14.380  -43.649  -2.955 1.0000000000
28971  19.434  -43.828  -0.719 0.6999999881
29870  14.907  -43.060  -3.212 1.0000000000
29017  13.521  -43.586  -3.395 1.0000000000
29839  20.055  -43.084  -1.070 0.6999999881
29869  15.696  -42.974  -3.007 1.0000000000
29851  18.521  -43.149  -1.755 0.8000000119
30802  23.505  -41.731  2.439 0.4000000060
28108  8.401  -44.481  -4.025 0.8999999762
30806  23.472  -41.925  1.749 0.6000000238
28105  10.924  -44.734  -4.077 0.8999999762
111591  23.049  -42.023  0.919 0.6000000238
29033  7.802  -44.201  -4.438 0.8000000119
29837  21.647  -42.497  -0.176 0.6999999881
127756  22.695  -42.052  0.490 0.6000000238
29838  20.689  -42.891  -0.616 0.6999999881
29049  8.460  -44.385  -5.118 0.8000000119
29850  19.839  -42.655  -1.658 0.6999999881
29885  13.812  -42.921  -3.964 1.0000000000
29871  14.218  -43.103  -3.425 1.0000000000
29840  19.306  -43.143  -1.450 0.6999999881
29866  18.193  -42.746  -2.451 0.8000000119
29867  17.316  -42.834  -2.637 0.8999999762
29881  16.979  -42.524  -3.299 0.8999999762
29882  16.190  -42.639  -3.506 1.0000000000
29868  16.492  -42.925  -2.844 1.0000000000
29032  11.798  -44.148  -3.881 0.8999999762
121071  10.771  -44.506  -4.848 0.8999999762
28124  9.845  -44.770  -4.950 0.8999999762
112299  23.269  -42.011  1.247 0.5000000000
29018  12.595  -43.829  -3.637 1.0000000000
128361  11.599  -43.901  -4.542 0.8999999762
127755  22.638  -40.909  0.163 0.5000000000
29031  12.250  -43.371  -4.199 0.8999999762
29848  21.146  -42.372  -0.708 0.6000000238
29849  20.513  -42.346  -1.325 0.6000000238
29886  13.012  -43.150  -4.055 1.0000000000
29884  14.614  -42.805  -3.886 1.0000000000
29865  19.160  -42.568  -2.186 0.6000000238
30856  17.790  -42.342  -3.094 0.8000000119
29883  15.413  -42.748  -3.726 1.0000000000
30840  21.082  -41.764  -1.154 0.6000000238
31862  21.058  -41.066  -1.460 0.5000000000
30841  20.590  -41.570  -1.813 0.6000000238
30870  15.857  -42.251  -4.126 1.0000000000
29895  15.052  -42.422  -4.346 0.8999999762
30842  20.009  -42.101  -2.113 0.6000000238
30855  18.637  -42.123  -2.895 0.6000000238
30868  17.353  -41.835  -3.619 0.6000000238
30869  16.607  -42.064  -3.841 0.6999999881
29900  11.297  -43.519  -5.233 0.8000000119
29897  13.384  -42.741  -4.624 0.8999999762
29898  12.655  -42.913  -4.595 0.8999999762
29896  14.224  -42.580  -4.513 0.8999999762
30882  15.424  -41.696  -4.603 0.8000000119
30883  14.575  -41.985  -4.843 0.8000000119
30854  19.440  -41.787  -2.694 0.6000000238
30866  18.936  -41.303  -3.187 0.5000000000
30880  16.902  -41.358  -3.984 0.4000000060
29899  11.966  -42.952  -4.790 0.8999999762
29915  12.743  -42.499  -5.205 0.8000000119
30896  13.177  -41.789  -5.595 0.8000000119
31892  14.866  -41.073  -5.003 0.5000000000
1264  0.146  -82.375  16.166 1.0000000000
801  -0.613  -83.132  9.803 1.0000000000
66  0.723  -87.839  -8.803 0.6000000238
175  -0.133  -87.066  -7.956 0.6999999881
1333  -1.028  -80.893  8.757 1.0000000000
118955  -1.378  -81.970  7.836 1.0000000000
810  -1.271  -82.521  6.382 1.0000000000
123676  -1.007  -83.204  5.764 1.0000000000
125000  0.939  -82.352  -0.864 1.0000000000
1108  2.418  -82.361  -1.772 1.0000000000
1403  2.145  -81.847  -3.394 1.0000000000
1114  1.815  -82.334  -2.637 1.0000000000
1703  2.279  -80.933  -4.339 1.0000000000
1451  2.664  -82.285  -7.791 1.0000000000
1200  1.584  -83.153  -12.687 0.8999999762
1956  2.973  -79.962  8.581 1.0000000000
5122  3.091  -73.647  -14.131 0.8000000119
1725  4.382  -80.756  -6.094 1.0000000000
131316  2.208  -82.578  -11.641 0.8999999762
720  2.136  -84.988  -15.745 0.8999999762
122556  0.542  -78.296  10.875 1.0000000000
5649  5.535  -72.398  -9.451 0.8999999762
72  1.518  -87.889  -10.681 0.6000000238
1199  2.184  -82.643  -12.351 0.8999999762
728  2.668  -85.325  -16.264 0.8000000119
1203  2.297  -82.720  -13.181 0.8999999762
434  3.433  -85.582  -16.811 0.6999999881
124352  6.021  -72.418  -8.017 0.8999999762
2989  0.407  -77.562  -14.339 0.8000000119
126786  5.976  -80.905  -7.709 1.0000000000
123317  6.752  -84.739  -18.733 0.6000000238
3245  0.346  -75.707  7.070 1.0000000000
1670  4.803  -80.264  4.299 1.0000000000
2003  5.663  -79.189  -3.134 1.0000000000
2002  6.334  -78.827  -3.388 1.0000000000
3440  -1.208  -76.906  -14.805 0.8999999762
2450  5.051  -78.413  -8.153 0.8999999762
3785  1.274  -75.680  -0.152 1.0000000000
4358  0.507  -75.127  -1.703 1.0000000000
2383  6.797  -78.297  -3.190 1.0000000000
4867  -2.920  -73.666  6.808 1.0000000000
4513  -1.307  -73.994  -15.683 0.6999999881
123530  4.710  -77.552  -0.336 1.0000000000
2050  -0.858  -78.723  -9.254 1.0000000000
6077  -0.215  -72.100  6.813 1.0000000000
2344  2.712  -78.630  1.302 1.0000000000
6741  2.852  -71.211  5.886 1.0000000000
6116  6.643  -71.436  3.074 1.0000000000
6769  7.924  -70.400  2.362 1.0000000000
129849  2.422  -77.241  -0.883 1.0000000000
6816  4.754  -70.439  -2.625 1.0000000000
5719  -1.839  -71.858  -14.587 0.6999999881
6752  5.361  -70.890  5.069 1.0000000000
120088  -2.565  -70.856  12.933 1.0000000000
6239  -0.779  -71.739  -9.191 1.0000000000
6690  0.494  -70.686  9.466 1.0000000000
6582  -0.362  -70.577  16.927 1.0000000000
6885  -1.294  -70.696  -7.497 1.0000000000
7326  6.817  -69.245  6.666 1.0000000000
118493  3.543  -70.082  9.463 1.0000000000
7427  -0.062  -69.351  -1.845 1.0000000000
7418  -1.052  -70.184  -1.361 1.0000000000
6807  -1.789  -70.687  -1.808 1.0000000000
7450  -0.601  -70.597  -4.203 1.0000000000
7935  5.890  -68.428  8.074 1.0000000000
127432  5.961  -66.145  6.158 1.0000000000
7798  -0.912  -68.604  18.416 0.8999999762
12169  4.580  -62.681  6.917 1.0000000000
9933  -2.589  -65.907  3.199 1.0000000000
14464  5.910  -59.651  8.317 1.0000000000
117978  -2.733  -70.158  -4.472 1.0000000000
10549  3.582  -64.846  5.596 1.0000000000
11383  3.484  -63.924  6.131 1.0000000000
9917  1.003  -65.938  3.065 1.0000000000
8498  0.041  -67.450  13.855 1.0000000000
13750  4.251  -60.507  6.201 1.0000000000
8425  -2.925  -68.110  18.949 0.8000000119
8436  -2.872  -67.806  18.136 0.8000000119
11367  3.579  -63.641  7.964 1.0000000000
12951  4.751  -61.530  9.518 1.0000000000
18823  4.832  -53.997  8.098 1.0000000000
127425  2.447  -66.451  8.559 1.0000000000
113742  -2.039  -67.358  13.999 1.0000000000
13739  2.226  -60.372  7.108 1.0000000000
19724  2.979  -53.918  7.348 1.0000000000
24098  4.276  -48.590  4.720 1.0000000000
20624  0.420  -51.631  5.053 0.8999999762
19739  2.105  -53.390  6.401 1.0000000000
16940  5.233  -56.261  4.661 1.0000000000
16023  2.302  -57.900  10.198 1.0000000000
13692  1.242  -60.418  11.103 1.0000000000
20639  0.517  -51.222  5.043 0.8999999762
17871  1.343  -55.046  4.931 1.0000000000
17823  0.198  -55.080  8.528 0.8999999762
10422  -3.988  -65.004  17.631 0.6999999881
130853  0.710  -50.861  5.371 0.8999999762
26985  9.705  -45.390  7.696 1.0000000000
124421  -0.044  -56.825  10.170 0.8999999762
16025  -0.205  -58.132  10.804 0.8999999762
10411  -4.206  -64.483  19.324 0.6000000238
23160  5.565  -49.422  7.905 0.8999999762
19716  -1.776  -52.950  8.125 0.8999999762
14441  -0.695  -59.544  11.399 0.8999999762
20574  -0.257  -52.445  8.558 0.8999999762
13680  -3.004  -60.832  12.561 0.8000000119
20562  4.251  -51.988  11.185 0.8000000119
131913  4.536  -52.702  12.191 0.5000000000
24974  8.021  -47.181  9.556 0.8999999762
25007  11.369  -46.485  7.165 0.8999999762
14422  -2.919  -59.363  13.296 0.6999999881
18779  3.545  -53.907  12.087 0.6000000238
24096  9.100  -48.560  6.196 0.8999999762
21403  7.839  -51.464  9.299 0.6000000238
25036  10.239  -47.905  5.001 0.8999999762
26033  14.349  -46.073  3.784 1.0000000000
23148  8.473  -48.314  10.101 0.8999999762
23215  11.326  -49.176  4.512 0.8999999762
23195  12.791  -49.875  5.130 0.6000000238
23212  14.415  -50.017  4.774 0.5000000000
27026  14.897  -44.845  3.406 1.0000000000
116656  15.736  -49.795  3.699 0.5000000000
112110  17.746  -48.311  2.372 0.5000000000
27092  6.172  -46.152  -2.591 1.0000000000
28070  7.838  -44.696  -1.639 1.0000000000
111574  21.009  -47.181  3.126 0.5000000000
112188  23.179  -45.669  3.771 0.4000000060
128393  21.341  -44.426  1.022 0.6999999881
26104  2.268  -47.054  -5.120 0.6999999881
135035  23.499  -43.555  2.164 0.6999999881
28031  21.284  -43.873  0.561 0.6999999881
29797  23.075  -42.371  4.685 0.4000000060
28106  9.996  -45.134  -4.147 0.8999999762
29047  10.494  -44.117  -5.657 0.8000000119
667  0.207  -84.252  -9.557 0.8999999762
2960  5.245  -76.977  -11.315 0.8999999762
132502  -0.160  -82.638  13.247 1.0000000000
472  1.469  -83.733  12.106 0.8999999762
466  2.144  -83.717  12.332 0.6999999881
332  0.656  -86.852  -4.024 0.6000000238
989  -0.493  -83.358  18.086 1.0000000000
799  0.755  -83.693  9.824 1.0000000000
39  1.079  -87.894  -6.594 0.6000000238
132281  -0.358  -86.241  -9.661 0.6999999881
3951  2.275  -75.364  -16.884 0.8000000119
123956  2.278  -86.291  -9.651 0.5000000000
404  2.791  -85.749  -10.951 0.5000000000
124924  7.601  -75.446  -8.742 0.8999999762
3455  2.098  -76.190  -17.226 0.8000000119
79  1.078  -89.129  -11.084 0.6999999881
88  1.862  -88.726  -13.477 0.6000000238
129  6.031  -86.464  -18.308 0.5000000000
2934  7.799  -77.302  -8.871 0.6999999881
2500  6.326  -77.936  -12.447 0.6999999881
110  5.080  -87.423  -16.874 0.5000000000
125191  5.956  -77.781  -13.131 0.6999999881
978  6.168  -84.356  -18.255 0.6999999881
3497  2.898  -76.190  -18.723 0.6999999881
2513  6.193  -78.025  -14.004 0.6999999881
128987  5.951  -77.972  -15.098 0.6999999881
2115  6.280  -79.050  -16.858 0.6000000238
126448  6.782  -83.690  -18.277 0.6000000238
968  7.410  -83.246  -18.180 0.5000000000
1791  6.331  -79.873  -16.970 0.5000000000
4976  2.222  -73.030  -3.272 1.0000000000
6030  -3.309  -71.539  11.691 1.0000000000
6700  2.643  -70.275  8.861 1.0000000000
7538  -2.693  -69.414  -13.513 0.5000000000
6559  0.740  -70.280  17.955 1.0000000000
6540  1.031  -69.901  17.992 1.0000000000
7797  0.166  -69.184  18.590 0.8999999762
10623  -1.967  -64.935  2.092 0.8999999762
120098  -1.624  -64.629  1.432 0.6999999881
9946  -1.057  -65.238  0.852 0.6999999881
124570  -2.536  -63.844  2.825 0.8999999762
9965  -0.584  -65.835  -1.292 0.6000000238
9979  -1.348  -66.009  -2.825 0.6000000238
9350  -1.705  -66.538  -3.444 0.8999999762
9351  -2.006  -67.010  -4.091 0.8999999762
8763  -2.183  -67.123  -5.751 0.8000000119
8803  -2.584  -67.523  -8.147 0.6999999881
14497  -2.214  -58.965  6.154 0.8999999762
16926  1.592  -56.123  6.071 1.0000000000
121440  -1.721  -58.575  5.442 0.8000000119
16085  -2.064  -57.634  5.463 0.6999999881
17874  -2.244  -54.506  4.228 0.8000000119
18812  -1.826  -53.801  8.581 0.8999999762
16007  -1.222  -57.887  10.982 0.8999999762
16943  -1.572  -56.435  4.213 0.6999999881
16952  -1.240  -55.964  3.385 0.6999999881
15974  -1.287  -56.884  14.254 0.6000000238
15962  -1.450  -57.673  14.684 0.6000000238
13628  -2.873  -59.618  16.596 0.6000000238
22293  10.504  -50.294  5.773 0.6999999881
21528  0.252  -51.133  1.363 0.8999999762
118879  1.020  -49.079  -2.088 0.8000000119
24210  2.317  -48.327  -2.958 0.8000000119
24223  2.792  -47.799  -3.449 0.8000000119
25125  3.220  -47.128  -3.881 0.8000000119
25126  2.437  -47.469  -3.891 0.6999999881
122440  1.738  -48.232  -5.039 0.6999999881
30796  23.361  -41.489  3.232 0.4000000060
28125  9.004  -44.661  -4.792 0.8000000119
29048  9.419  -44.266  -5.788 0.8000000119
29847  21.567  -41.908  -0.593 0.6000000238
30884  13.705  -42.240  -5.042 0.8000000119
2223  -1.987  -78.962  14.189 1.0000000000
2247  -2.741  -78.470  12.552 1.0000000000
2460  8.200  -78.089  -9.248 0.6999999881
2943  7.285  -77.693  -9.335 0.8000000119
124567  6.786  -78.354  -12.937 0.6999999881
10624  -2.154  -64.071  2.092 0.6999999881
9978  -0.836  -65.324  -2.220 0.6000000238
9995  -2.030  -66.185  -4.831 0.6999999881
23330  1.872  -48.967  -2.520 0.8000000119
24224  1.860  -47.954  -3.562 0.6999999881
24225  1.340  -48.265  -3.730 0.6999999881
23331  0.898  -48.930  -2.626 0.6999999881
24211  1.407  -48.462  -3.090 0.6999999881
23332  0.280  -49.341  -1.954 0.6999999881
117088  1.231  -87.300  -4.367 0.6000000238
770  0.674  -83.464  13.451 1.0000000000
579  1.007  -84.567  -1.252 0.6000000238
609  0.881  -84.842  -3.559 0.6999999881
1314  1.105  -81.698  11.159 1.0000000000
795  0.759  -83.659  10.516 1.0000000000
287  1.187  -85.007  2.053 0.6000000238
557  0.231  -84.692  1.797 0.6999999881
292  1.062  -84.735  0.240 0.6999999881
4524  2.710  -74.663  -16.381 0.8000000119
114764  0.249  -84.364  -5.608 1.0000000000
116000  0.223  -85.711  -4.732 0.8000000119
637  -0.238  -85.459  -6.395 1.0000000000
352  -0.107  -86.729  -5.709 0.6999999881
47  0.827  -87.905  -7.247 0.6000000238
899  0.768  -83.535  -9.478 0.8999999762
192  -0.176  -87.036  -10.875 0.8000000119
382  -0.142  -85.264  -9.626 0.8000000119
123928  -0.110  -85.512  -11.256 0.8000000119
921  0.768  -83.505  -11.212 0.8999999762
936  0.612  -84.025  -12.047 0.8000000119
1634  2.403  -81.202  10.730 1.0000000000
5058  2.281  -73.701  -12.096 0.8999999762
5123  2.144  -73.837  -14.247 0.8000000119
5098  2.558  -73.626  -13.485 0.8000000119
5056  5.234  -73.272  -11.593 0.8000000119
129562  0.062  -84.644  -6.213 1.0000000000
883  0.478  -83.674  -6.505 1.0000000000
647  -0.376  -85.308  -7.440 0.6999999881
655  -0.262  -84.865  -8.640 0.8000000119
116353  0.048  -79.848  16.336 0.8999999762
5097  3.356  -73.507  -13.273 0.8000000119
152  1.255  -87.587  -6.493 0.6000000238
128401  1.006  -87.822  -5.517 0.5000000000
341  0.771  -87.399  -4.856 0.6000000238
65  1.272  -87.565  -9.063 0.6000000238
180  1.919  -87.330  -9.724 0.6000000238
214  0.673  -86.630  -13.957 0.8000000119
717  1.483  -84.386  -14.462 0.8999999762
415  0.436  -85.942  -13.937 0.8000000119
130247  3.373  -80.769  -13.164 0.8999999762
1933  1.893  -79.657  11.687 1.0000000000
507  -0.663  -83.558  6.567 1.0000000000
129365  -1.302  -83.007  1.507 1.0000000000
1115  0.700  -82.974  -2.808 1.0000000000
1146  1.606  -82.114  -6.194 1.0000000000
1409  1.373  -81.774  -4.029 1.0000000000
1135  1.391  -81.975  -5.579 1.0000000000
874  0.504  -83.773  -4.969 1.0000000000
153  0.577  -87.561  -5.865 0.6000000238
373  -0.442  -85.995  -8.192 0.6999999881
1151  1.452  -82.602  -7.127 1.0000000000
64  1.109  -87.878  -9.964 0.6000000238
198  0.286  -87.577  -11.553 0.6999999881
1474  3.560  -81.715  -11.193 0.8999999762
1173  2.946  -82.293  -10.845 0.8999999762
1499  2.742  -82.238  -12.775 0.8999999762
120475  1.628  -87.113  -14.802 0.6999999881
204  1.378  -87.504  -14.102 0.8000000119
920  1.129  -83.370  -11.958 0.8999999762
1174  1.559  -82.914  -10.304 0.8999999762
218  2.317  -86.447  -15.820 0.8000000119
1747  4.389  -80.260  -10.851 0.8999999762
716  1.950  -84.395  -15.126 0.8999999762
950  1.989  -83.586  -14.482 0.8999999762
435  2.620  -85.851  -16.264 0.8000000119
1774  3.685  -80.441  -14.337 0.8999999762
2278  2.419  -79.312  9.115 1.0000000000
808  -1.163  -82.761  7.289 1.0000000000
814  -1.173  -83.008  4.875 1.0000000000
1081  -1.314  -81.758  2.590 1.0000000000
846  -1.155  -82.029  -0.025 1.0000000000
851  -0.191  -82.385  -0.906 1.0000000000
1109  1.380  -82.471  -1.740 1.0000000000
121462  1.573  -89.005  -12.804 0.6000000238
116851  3.294  -77.479  -12.005 0.8999999762
104  2.906  -87.330  -15.579 0.6999999881
122  3.955  -86.835  -16.665 0.6999999881
111  4.394  -87.540  -16.384 0.6000000238
2085  3.653  -78.842  -13.780 0.8999999762
949  2.830  -83.161  -14.829 0.8999999762
955  3.138  -83.709  -15.613 0.8999999762
962  3.776  -84.190  -16.375 0.8000000119
726  4.292  -84.662  -17.134 0.8000000119
441  4.292  -85.439  -17.451 0.8000000119
734  4.655  -84.912  -17.696 0.8000000119
446  5.959  -85.422  -18.522 0.6000000238
971  4.921  -84.309  -17.591 0.8000000119
1884  -0.441  -79.508  15.649 1.0000000000
1711  2.618  -80.639  -4.992 1.0000000000
120354  2.268  -80.941  -6.191 1.0000000000
1450  3.577  -81.967  -7.455 1.0000000000
82  1.732  -89.149  -12.179 0.6000000238
1455  3.037  -82.391  -8.753 1.0000000000
127936  2.616  -82.473  -10.301 0.8999999762
2488  7.000  -78.197  -10.870 0.8000000119
236  6.111  -85.751  -18.729 0.6000000238
6058  -2.293  -72.863  8.949 1.0000000000
2730  1.306  -77.861  9.005 1.0000000000
1345  3.077  -81.218  6.533 1.0000000000
1654  3.832  -79.659  6.341 1.0000000000
6645  -1.789  -70.596  12.461 1.0000000000
3253  3.130  -76.694  4.969 1.0000000000
4286  1.447  -74.230  4.906 1.0000000000
119837  2.816  -74.970  3.577 1.0000000000
1066  -1.347  -81.457  4.280 1.0000000000
5074  4.419  -73.231  -12.219 0.8000000119
5095  4.791  -73.730  -12.885 0.8000000119
125105  4.993  -72.373  -9.872 0.8999999762
3438  1.241  -76.727  -15.032 0.8000000119
1449  4.567  -81.787  -7.550 0.8999999762
3871  6.398  -74.978  -7.500 0.8999999762
2998  1.007  -76.973  -15.669 0.8000000119
1464  3.875  -82.229  -9.421 0.8999999762
129347  2.363  -75.938  -18.214 0.6999999881
123386  3.497  -82.187  -10.334 0.8999999762
3389  5.028  -76.432  -7.999 0.8999999762
126024  4.676  -81.970  -8.981 0.8999999762
2076  3.410  -78.636  -12.141 0.8999999762
2093  3.863  -78.672  -14.688 0.8999999762
118419  4.580  -79.025  -16.024 0.8000000119
235  6.605  -86.004  -19.519 0.5000000000
1218  4.947  -82.656  -16.495 0.8000000119
1518  4.998  -81.573  -16.349 0.8000000119
117860  6.344  -83.068  -17.943 0.6999999881
132156  -0.231  -78.281  11.272 1.0000000000
126222  1.009  -76.289  7.254 1.0000000000
3282  0.809  -76.321  2.839 1.0000000000
117648  0.416  -76.082  0.798 1.0000000000
4315  2.692  -74.906  2.797 1.0000000000
1072  1.581  -82.420  3.121 1.0000000000
123776  3.958  -82.105  -0.382 1.0000000000
1708  5.251  -80.140  -5.015 1.0000000000
3864  6.167  -75.517  -6.788 0.8999999762
113109  -1.394  -74.001  -14.031 0.8999999762
1462  5.372  -81.240  -9.035 0.8999999762
2061  4.645  -79.774  -10.127 0.8999999762
1516  6.109  -80.699  -17.242 0.6999999881
126903  -1.828  -78.452  11.429 1.0000000000
135046  -0.949  -78.459  11.822 1.0000000000
130054  0.896  -76.863  7.810 1.0000000000
3838  -2.917  -75.698  -3.895 1.0000000000
2021  6.993  -79.273  -4.868 1.0000000000
127954  -2.612  -76.622  9.546 1.0000000000
3210  -1.964  -76.755  9.151 1.0000000000
2721  -1.232  -77.170  9.167 1.0000000000
3220  -0.108  -76.659  8.157 1.0000000000
116819  -1.150  -72.848  5.501 1.0000000000
5494  -0.140  -72.536  4.533 1.0000000000
4908  0.358  -72.903  3.219 1.0000000000
123891  1.070  -78.865  3.001 1.0000000000
3408  1.105  -76.128  -10.135 1.0000000000
2865  -1.932  -77.571  -3.749 1.0000000000
3858  -2.915  -75.725  -5.992 1.0000000000
3676  -4.238  -75.664  11.555 1.0000000000
2257  -2.617  -78.378  11.629 1.0000000000
5521  1.748  -72.613  2.413 1.0000000000
4920  1.603  -73.018  2.146 1.0000000000
1985  4.892  -80.068  1.239 1.0000000000
1992  5.302  -79.624  -0.347 1.0000000000
2397  -1.774  -77.893  -4.530 1.0000000000
3848  -3.070  -75.895  -4.974 1.0000000000
4395  -1.866  -75.018  -4.779 1.0000000000
3847  -2.584  -75.402  -5.326 1.0000000000
4428  -1.612  -74.981  -7.443 1.0000000000
4404  3.770  -74.643  -5.324 1.0000000000
4462  -1.592  -74.569  -11.522 0.8999999762
114205  -1.766  -75.266  -9.501 1.0000000000
3198  -3.594  -76.435  10.459 1.0000000000
6076  0.516  -71.856  6.555 1.0000000000
4919  2.587  -73.604  1.901 1.0000000000
4954  3.244  -74.117  -1.169 1.0000000000
2863  -0.306  -77.736  -3.475 1.0000000000
2916  1.346  -77.624  -7.070 1.0000000000
4391  5.078  -74.566  -4.324 1.0000000000
6679  -1.299  -71.047  10.793 1.0000000000
6704  -0.793  -71.572  9.336 1.0000000000
6131  5.767  -71.867  2.482 1.0000000000
6151  6.107  -72.041  0.034 1.0000000000
4952  4.954  -73.539  -0.466 1.0000000000
2862  0.814  -77.341  -3.220 1.0000000000
2861  1.859  -77.019  -3.207 1.0000000000
116591  -0.600  -74.641  -5.116 1.0000000000
4419  -1.589  -74.962  -6.570 1.0000000000
6064  0.379  -71.642  7.413 1.0000000000
2396  -1.487  -78.177  -4.832 1.0000000000
4405  0.148  -74.155  -5.897 1.0000000000
114856  0.671  -77.496  -3.969 1.0000000000
2875  1.014  -77.471  -4.683 1.0000000000
6981  -2.202  -70.419  -15.537 0.5000000000
126823  3.293  -70.863  6.474 1.0000000000
6629  -0.592  -70.363  13.377 1.0000000000
6760  7.345  -70.829  3.535 1.0000000000
6657  3.142  -70.272  11.036 1.0000000000
6602  -0.839  -70.520  15.418 1.0000000000
6149  7.403  -70.676  1.120 1.0000000000
129799  1.184  -70.508  13.412 1.0000000000
7367  7.954  -69.414  2.289 1.0000000000
7264  3.016  -69.763  13.233 1.0000000000
7390  6.162  -69.355  0.166 1.0000000000
115511  5.253  -67.778  2.702 1.0000000000
6817  4.121  -70.201  -3.055 1.0000000000
6195  2.547  -71.122  -4.660 1.0000000000
6196  1.959  -71.497  -5.160 1.0000000000
8007  -2.269  -69.028  1.734 1.0000000000
7447  2.154  -70.144  -4.079 1.0000000000
5629  1.041  -71.600  -7.803 1.0000000000
115340  -2.570  -69.133  -4.024 1.0000000000
6252  -1.973  -71.315  -10.280 0.8999999762
7343  7.861  -69.086  5.043 1.0000000000
7301  4.675  -69.430  9.049 1.0000000000
7987  6.876  -68.225  2.541 1.0000000000
9916  3.937  -64.989  3.356 1.0000000000
10583  -3.051  -64.590  4.792 1.0000000000
7370  -0.664  -69.618  2.874 1.0000000000
8015  3.676  -68.411  0.356 1.0000000000
8030  2.162  -67.984  -0.737 1.0000000000
9253  -1.468  -66.423  6.017 1.0000000000
10609  3.233  -64.989  2.669 1.0000000000
8043  0.600  -68.649  -1.270 1.0000000000
7482  -2.383  -70.050  -8.698 0.8999999762
8577  3.251  -67.491  9.417 1.0000000000
8497  0.814  -67.636  13.493 1.0000000000
7978  0.291  -69.028  3.713 1.0000000000
7993  0.575  -69.065  3.426 1.0000000000
8626  5.720  -66.933  6.960 1.0000000000
8578  2.140  -67.351  9.336 1.0000000000
11412  -0.408  -64.028  4.953 1.0000000000
10611  1.623  -64.723  2.720 1.0000000000
114432  -2.797  -64.406  3.719 1.0000000000
130707  -2.641  -62.726  5.884 1.0000000000
133766  -3.031  -61.244  7.857 1.0000000000
16896  6.701  -56.482  7.437 1.0000000000
123494  -2.528  -69.981  -6.348 0.8999999762
8611  4.635  -66.863  8.055 1.0000000000
133082  -0.032  -67.088  9.931 1.0000000000
12187  -0.321  -62.929  7.329 1.0000000000
11430  0.895  -63.755  3.878 1.0000000000
9279  0.131  -65.423  3.614 1.0000000000
11410  1.403  -63.236  4.264 1.0000000000
11431  -2.572  -63.323  3.528 0.8000000119
8092  -2.367  -68.546  -6.731 1.0000000000
13729  -1.062  -60.820  8.976 1.0000000000
14491  4.450  -59.712  6.305 1.0000000000
8775  -2.272  -67.317  -6.534 0.8000000119
8542  -0.646  -66.449  11.586 1.0000000000
120196  -2.189  -58.975  8.098 1.0000000000
14465  -0.222  -59.746  8.635 1.0000000000
120006  -2.583  -58.488  7.029 1.0000000000
15274  4.532  -58.294  5.816 1.0000000000
16923  4.670  -56.875  5.080 1.0000000000
20603  3.723  -52.549  6.450 1.0000000000
21455  4.061  -51.448  5.130 1.0000000000
9164  -2.785  -66.376  13.345 1.0000000000
9749  -3.701  -65.937  15.283 1.0000000000
15250  -1.977  -58.032  7.923 1.0000000000
17882  4.181  -55.091  3.941 1.0000000000
17822  2.264  -55.659  8.604 0.8999999762
18868  5.692  -54.382  3.825 1.0000000000
19700  0.441  -53.308  10.076 0.8999999762
134891  2.434  -54.823  3.856 1.0000000000
22280  2.880  -50.114  5.906 0.8999999762
16095  -2.314  -56.555  5.261 0.8000000119
135073  6.418  -52.043  3.622 1.0000000000
18798  -2.073  -54.208  9.452 0.8999999762
18813  -1.998  -53.607  9.064 0.8999999762
19741  -0.429  -52.697  6.295 0.8999999762
18873  -0.246  -53.676  4.345 0.8999999762
18860  -2.256  -53.815  4.181 0.8000000119
12071  -3.439  -62.516  15.647 0.6999999881
22263  3.128  -50.581  6.811 0.8999999762
128562  3.060  -53.856  11.496 0.6999999881
19781  2.850  -53.743  2.188 1.0000000000
24146  5.276  -47.347  2.162 1.0000000000
19770  -0.505  -53.165  3.841 0.8999999762
19771  -1.594  -52.929  3.670 0.8000000119
20581  2.080  -51.973  8.426 0.8999999762
20571  3.279  -52.230  9.895 0.8999999762
21397  3.908  -51.783  10.383 0.8999999762
12865  -3.410  -61.538  16.113 0.6000000238
24958  8.216  -47.640  10.105 0.8999999762
124617  -0.183  -52.336  3.050 0.8999999762
25998  12.655  -46.017  6.649 1.0000000000
24144  7.324  -47.870  1.688 1.0000000000
113488  10.782  -45.846  2.999 1.0000000000
24043  8.533  -47.827  10.111 0.8999999762
25021  12.932  -46.330  5.643 1.0000000000
27028  13.835  -45.314  3.235 1.0000000000
23173  8.363  -49.437  7.664 0.8999999762
24130  11.239  -47.841  3.994 0.8999999762
22276  11.263  -50.823  6.738 0.5000000000
133813  12.487  -45.873  2.384 1.0000000000
123378  12.998  -45.630  2.412 1.0000000000
20658  -0.916  -52.059  2.676 0.8999999762
22401  3.333  -50.874  -0.631 0.8999999762
25080  7.531  -47.005  0.105 1.0000000000
25054  14.658  -47.424  2.675 1.0000000000
22292  11.638  -50.292  5.966 0.6000000238
23290  4.227  -49.736  -1.060 0.8999999762
26045  16.110  -45.277  3.000 1.0000000000
112346  17.119  -49.617  2.590 0.4000000060
129463  17.285  -48.876  2.459 0.6000000238
22445  1.868  -50.184  -1.549 0.8999999762
28974  7.870  -44.930  -1.244 1.0000000000
27043  18.341  -45.470  2.016 0.8000000119
124899  17.591  -46.161  1.890 0.8000000119
28973  8.318  -44.912  -1.305 1.0000000000
111584  19.087  -47.531  2.851 0.5000000000
123455  6.566  -45.352  -2.712 1.0000000000
27105  5.355  -45.511  -3.606 0.8999999762
130093  21.164  -46.552  2.630 0.6000000238
29004  8.939  -44.451  -2.251 1.0000000000
28986  8.590  -44.280  -1.468 1.0000000000
130655  8.908  -44.949  -1.558 1.0000000000
28062  16.279  -44.466  -0.766 1.0000000000
112723  22.535  -46.165  3.214 0.5000000000
115695  11.090  -45.196  -2.946 1.0000000000
28012  19.137  -44.809  1.685 0.6999999881
128077  15.328  -44.195  -1.797 1.0000000000
127739  22.804  -45.468  2.715 0.5000000000
26102  3.092  -46.064  -4.898 0.6999999881
28033  19.445  -44.474  0.974 0.6999999881
126922  23.623  -43.827  2.623 0.5000000000
112165  22.364  -44.412  1.312 0.6999999881
28030  22.127  -43.681  0.746 0.6999999881
28954  20.492  -43.962  0.272 0.6999999881
127782  22.724  -43.870  1.226 0.6999999881
112258  23.224  -43.575  1.627 0.6999999881
117351  7.376  -44.100  -4.017 0.8000000119
28953  20.920  -43.357  -0.048 0.6999999881
28929  23.650  -43.415  3.223 0.5000000000
25146  2.107  -47.752  -4.953 0.6999999881
29816  23.417  -42.600  1.636 0.6000000238
28969  22.523  -42.669  0.582 0.6999999881
28952  21.534  -43.156  0.214 0.6999999881
112298  22.907  -41.429  0.785 0.4000000060
112184  22.381  -41.852  0.033 0.6000000238
112427  22.687  -41.612  0.380 0.4000000060
112520  22.288  -40.779  -0.263 0.5000000000
30867  18.150  -41.555  -3.429 0.5000000000
30852  21.686  -41.033  -0.695 0.6000000238
30853  20.105  -41.314  -2.507 0.5000000000
30881  16.241  -41.476  -4.310 0.6000000238
30895  14.038  -41.453  -5.320 0.5000000000
87  2.233  -89.094  -13.182 0.6000000238
199  3.467  -86.629  -12.284 0.5000000000
81  2.499  -88.084  -12.469 0.5000000000
405  3.517  -85.342  -12.771 0.5000000000
95  4.546  -88.095  -14.413 0.5000000000
96  3.601  -88.648  -13.951 0.5000000000
201  5.014  -86.172  -13.792 0.4000000060
423  5.882  -86.116  -14.072 0.4000000060
202  4.623  -87.363  -13.741 0.5000000000
212  5.365  -87.205  -14.165 0.4000000060
86  3.121  -88.861  -13.289 0.5000000000
7  2.957  -88.611  -14.328 0.5000000000
18  4.185  -88.088  -15.466 0.5000000000
5  4.050  -88.323  -14.538 0.5000000000
4  4.981  -88.360  -14.986 0.5000000000
16  5.944  -88.174  -15.955 0.5000000000
112  3.684  -87.519  -15.933 0.5000000000
1  2.618  -88.980  -13.829 0.5000000000
3901  6.804  -75.168  -11.649 0.5000000000
94  5.588  -87.949  -14.764 0.4000000060
121490  3.916  -88.283  -14.755 0.5000000000
126070  2.928  -87.155  -11.531 0.5000000000
203  3.773  -86.301  -12.996 0.5000000000
4459  7.485  -75.572  -11.013 0.5000000000
245  2.060  -83.664  13.004 0.8000000119
463  1.580  -83.583  13.765 0.8999999762
241  2.225  -83.476  14.103 0.6999999881
771  0.010  -83.092  13.921 0.8999999762
403  3.212  -85.474  -11.974 0.4000000060
3900  7.840  -76.036  -11.753 0.5000000000
2471  7.583  -78.342  -9.966 0.6999999881
119651  7.169  -78.473  -11.876 0.5000000000
754  2.121  -83.614  17.268 0.8000000119
455  1.451  -84.357  15.520 0.8000000119
764  0.792  -83.606  14.323 0.8999999762
452  0.877  -84.097  16.057 0.8999999762
4460  5.845  -74.259  -12.017 0.6999999881
4448  7.617  -75.227  -10.097 0.6999999881
4469  6.451  -75.188  -12.580 0.5000000000
752  -0.169  -83.924  17.706 0.8999999762
5073  5.167  -73.678  -12.325 0.6999999881
128281  4.980  -74.685  -14.757 0.6999999881
130823  3.915  -74.066  -14.840 0.6999999881
3882  8.254  -75.891  -9.529 0.5000000000
4480  5.546  -74.883  -14.096 0.5000000000
2487  7.873  -78.617  -10.892 0.6000000238
2512  7.272  -78.494  -13.687 0.6000000238
2522  6.955  -78.433  -14.853 0.6000000238
134106  4.490  -73.800  -13.454 0.6999999881
130797  5.150  -74.302  -13.434 0.6000000238
133186  5.363  -75.093  -15.486 0.6000000238
2921  8.061  -76.756  -8.762 0.6000000238
4522  4.380  -74.909  -16.634 0.6000000238
2105  6.702  -78.773  -16.443 0.4000000060
3969  2.683  -75.873  -17.767 0.6000000238
4541  3.940  -75.048  -17.254 0.6000000238
3979  3.940  -75.961  -18.575 0.6000000238
3486  3.386  -76.207  -18.790 0.6000000238
1885  -1.534  -79.275  15.841 0.8999999762
2237  -2.960  -78.612  13.645 0.8999999762
2248  -3.572  -78.134  12.863 0.8999999762
2258  -3.407  -78.104  11.932 0.8999999762
119939  -4.946  -75.661  13.104 0.8999999762
3177  -4.760  -76.500  13.405 0.8999999762
122703  -4.547  -74.948  11.848 0.8999999762
2685  -4.041  -77.697  12.302 0.8999999762
4775  -5.135  -73.514  13.103 0.8000000119
132850  -5.463  -75.171  13.554 0.8999999762
4215  -4.518  -74.178  11.761 0.8999999762
4209  -5.038  -74.614  12.675 0.8999999762
4803  -4.072  -73.769  11.050 0.8999999762
128884  -5.532  -74.415  13.698 0.8000000119
5438  -3.850  -72.718  11.248 0.8999999762
5406  -5.309  -72.739  14.836 0.8000000119
6011  -4.735  -71.808  13.330 0.8000000119
126217  -4.196  -71.445  13.181 0.8000000119
6002  -5.027  -71.594  14.757 0.8000000119
5439  -3.937  -71.876  11.822 0.8999999762
6019  -3.726  -71.458  12.463 0.8999999762
6648  -3.660  -71.269  13.107 0.8999999762
6633  -3.936  -71.102  13.851 0.8000000119
6619  -4.102  -70.734  14.774 0.8000000119
132572  -3.985  -70.500  15.863 0.8000000119
6563  -3.461  -70.482  17.949 0.8000000119
6664  -3.109  -71.321  12.157 0.8999999762
130350  -4.470  -71.078  14.480 0.8000000119
6585  -4.172  -70.582  16.413 0.8000000119
9994  -1.754  -65.544  -4.428 0.5000000000
6631  -2.656  -70.682  13.668 0.8999999762
132218  -4.821  -70.892  17.582 0.8000000119
115739  -2.609  -70.482  14.538 0.8000000119
7172  -1.544  -70.019  21.974 0.6999999881
6496  -1.464  -70.259  21.578 0.6999999881
120124  -2.182  -70.431  16.055 0.8000000119
6525  -1.708  -70.626  20.220 0.8000000119
122515  -3.393  -70.446  17.057 0.8000000119
6524  -0.825  -70.548  19.936 0.8000000119
7183  -1.782  -69.434  21.504 0.6000000238
120125  -1.013  -70.518  16.096 0.8999999762
6583  -1.391  -70.544  16.697 0.8000000119
6561  -1.147  -70.614  17.568 0.8000000119
7181  -0.344  -69.983  20.444 0.6999999881
7771  -2.580  -68.705  20.672 0.6999999881
6562  -2.392  -70.499  17.747 0.8000000119
6544  -2.477  -70.537  18.632 0.8000000119
6508  -0.480  -70.237  20.296 0.8000000119
6541  0.629  -70.125  18.549 0.8000000119
122543  -2.207  -68.458  19.306 0.6999999881
7193  -0.009  -69.809  19.813 0.8000000119
7787  -3.466  -68.184  20.184 0.6999999881
7785  -1.274  -68.733  19.345 0.6999999881
122690  -3.539  -67.599  18.681 0.6999999881
8416  -4.230  -67.131  18.902 0.6000000238
15275  -1.084  -58.299  5.000 0.6000000238
17895  -1.838  -54.272  2.738 0.6000000238
18899  -1.279  -54.218  1.681 0.6000000238
19801  -1.649  -52.201  2.404 0.8000000119
17883  -0.936  -55.563  2.697 0.6000000238
18885  -2.057  -52.956  2.607 0.6999999881
18915  -0.715  -54.083  0.786 0.5000000000
20677  -1.178  -51.599  1.866 0.8000000119
122149  -1.622  -52.124  1.794 0.8000000119
18900  -1.669  -53.009  1.690 0.6999999881
133692  0.254  -50.055  0.385 0.8000000119
21529  -0.749  -50.836  1.436 0.8000000119
19811  -1.341  -52.915  0.926 0.5000000000
20689  -1.551  -51.686  1.282 0.6999999881
19829  -1.179  -52.602  0.190 0.6000000238
22427  1.197  -50.227  -0.972 0.8000000119
21548  -0.235  -50.294  0.800 0.6999999881
117309  -1.327  -50.920  1.327 0.8000000119
20702  -1.439  -51.071  0.501 0.6999999881
22428  0.204  -49.649  -0.553 0.6999999881
21549  -1.013  -50.378  0.691 0.6999999881
20718  -1.176  -50.865  -0.607 0.6000000238
19828  -0.719  -52.323  -0.687 0.6000000238
23312  1.828  -49.494  -2.001 0.8000000119
22446  0.782  -49.539  -1.512 0.6999999881
22429  -0.552  -49.648  -0.455 0.6999999881
23291  -0.069  -49.531  -1.096 0.6999999881
22447  -0.545  -49.691  -1.420 0.6000000238
21564  -1.286  -50.145  0.135 0.6999999881
21574  -1.070  -49.873  -0.555 0.6999999881
22463  -0.149  -49.836  -2.482 0.6000000238
20717  -0.300  -52.032  -1.540 0.6000000238
23348  0.362  -49.299  -2.853 0.6000000238
22487  0.274  -50.112  -3.271 0.6000000238
22486  0.560  -49.753  -3.797 0.6000000238
29902  6.212  -43.485  -5.142 0.6999999881
29903  5.956  -43.395  -5.319 0.6000000238
26118  2.157  -47.458  -5.218 0.6000000238
27130  3.566  -45.942  -5.197 0.6000000238
118395  1.465  -48.941  -5.220 0.5000000000
29053  4.851  -45.028  -5.514 0.6000000238
27142  3.096  -46.530  -5.209 0.6000000238
29916  11.746  -42.612  -5.512 0.6999999881
29071  8.113  -43.907  -6.094 0.6999999881
29917  10.869  -42.978  -5.811 0.6999999881
29035  5.516  -43.654  -4.709 0.6999999881
27141  3.869  -46.237  -5.301 0.6000000238
26132  2.343  -48.072  -5.158 0.5000000000
27155  4.292  -46.602  -5.723 0.6000000238
26130  3.578  -46.919  -5.458 0.5000000000
123950  4.389  -45.696  -5.365 0.6000000238
28148  4.857  -46.144  -5.593 0.6000000238
28136  5.368  -45.394  -5.733 0.6000000238
30897  12.257  -41.930  -5.803 0.6999999881
30898  11.301  -42.046  -6.192 0.5000000000
29935  9.736  -42.501  -6.795 0.4000000060
30915  10.539  -41.821  -6.921 0.4000000060
30916  9.445  -41.874  -7.244 0.4000000060
134500  4.145  -88.094  -13.931 0.5000000000
13  3.503  -88.150  -14.887 0.5000000000
4470  5.548  -74.351  -12.766 0.6999999881
4523  3.547  -74.649  -16.515 0.6999999881
6545  -3.431  -70.517  18.761 0.8000000119
21590  -0.384  -50.469  -2.231 0.6000000238
24263  1.855  -48.545  -5.495 0.5000000000
23347  0.832  -48.778  -3.460 0.6000000238
78  2.018  -88.847  -11.307 0.5000000000
85  3.890  -87.734  -13.381 0.5000000000
413  3.858  -85.446  -13.221 0.5000000000
708  4.507  -85.255  -13.501 0.5000000000
751  0.665  -83.721  18.263 0.8000000119
2470  8.494  -78.540  -10.041 0.5000000000
3889  8.217  -75.950  -10.773 0.5000000000
133709  4.602  -74.550  -15.236 0.6999999881
3397  9.004  -76.859  -9.044 0.5000000000
123003  9.670  -77.006  -9.025 0.5000000000
5992  -5.085  -71.406  15.743 0.8000000119
6526  -2.890  -70.713  20.363 0.8000000119
16094  -1.225  -57.552  4.720 0.6000000238
29068  10.077  -43.374  -6.282 0.6999999881
30900  6.819  -42.604  -6.546 0.6000000238
29934  10.537  -42.509  -6.403 0.6999999881
30899  7.318  -42.557  -6.554 0.6000000238
6607  -4.828  -70.915  16.020 0.8000000119
29069  9.021  -43.405  -6.493 0.6000000238
760  0.351  -83.466  15.632 0.8999999762
755  0.840  -84.033  17.098 0.8999999762
120128  -1.934  -70.435  14.010 0.8999999762
6603  -1.874  -70.422  15.337 0.8999999762
7799  -2.065  -68.346  18.654 0.6999999881
21563  0.649  -50.040  -0.067 0.8000000119
7207  0.241  -69.683  19.230 0.8000000119
7786  -2.837  -68.375  19.715 0.6999999881
4542  3.040  -74.959  -17.215 0.6999999881
17  4.973  -88.151  -15.979 0.5000000000
20  6.314  -87.875  -16.756 0.5000000000
6542  0.160  -70.397  18.682 0.8000000119
25127  1.795  -47.941  -4.478 0.6000000238
24245  1.279  -48.479  -4.365 0.6000000238
29070  8.494  -44.033  -6.014 0.6999999881
2933  8.842  -77.433  -9.003 0.5000000000
3192  -4.290  -76.241  11.962 0.8999999762
412  4.217  -86.260  -13.404 0.5000000000
11  5.251  -88.268  -15.452 0.5000000000
2499  8.175  -78.745  -11.767 0.5000000000
4509  4.288  -74.572  -15.844 0.6000000238
4776  -5.443  -73.354  14.028 0.8000000119
5415  -4.957  -72.528  13.290 0.8000000119
4791  -4.685  -73.503  12.341 0.8999999762
131691  -4.298  -73.344  11.702 0.8999999762
5416  -5.101  -72.174  13.939 0.8000000119
118714  -4.480  -71.918  12.641 0.8000000119
6606  -4.375  -70.689  15.675 0.8000000119
119026  -3.428  -70.789  14.154 0.8000000119
117988  -3.477  -70.550  14.821 0.8000000119
124644  -3.331  -70.419  16.117 0.8000000119
6509  -1.043  -70.421  20.790 0.6999999881
120129  -2.651  -70.595  19.477 0.8000000119
6543  -1.415  -70.612  18.475 0.8000000119
126864  -0.651  -70.581  19.085 0.8000000119
7194  -0.715  -69.410  20.197 0.6999999881
6522  0.310  -70.198  19.154 0.8000000119
17894  -0.416  -55.275  1.967 0.6000000238
22402  -0.236  -49.773  0.195 0.6999999881
21573  -0.779  -50.613  -1.520 0.6000000238
30885  6.647  -43.452  -5.959 0.6000000238
29920  6.174  -43.286  -6.159 0.6000000238
29936  8.026  -43.486  -6.376 0.6999999881
119224  6.188  -44.173  -6.618 0.6000000238
31904  12.652  -41.166  -6.032 0.4000000060
116830  8.370  -42.046  -6.611 0.5000000000
20739  0.154  -51.746  -2.413 0.6000000238
29937  6.430  -42.868  -6.624 0.5000000000
747  0.911  -83.143  19.370 0.6999999881
1246  -0.093  -82.344  18.242 0.6999999881
125282  -0.337  -83.384  18.634 0.6999999881
1561  -0.062  -80.024  20.403 0.6000000238
1571  -0.070  -80.229  19.292 0.6000000238
115599  0.968  -81.299  20.077 0.6000000238
131417  -0.013  -80.479  18.046 0.6999999881
986  -0.211  -83.001  19.435 0.6999999881
135096  0.489  -81.021  17.757 0.6999999881
118498  -1.890  -79.238  19.072 0.6000000238
1860  -0.887  -79.720  18.595 0.6000000238
1871  -0.509  -79.866  17.384 0.6999999881
1870  0.295  -80.460  17.029 0.6999999881
2647  -4.206  -77.505  17.126 0.6999999881
2199  -3.234  -78.380  17.911 0.5000000000
1852  -2.684  -79.046  18.942 0.6000000238
2669  -4.407  -77.408  14.564 0.8000000119
2216  -3.418  -78.424  15.515 0.6999999881
119130  -1.794  -79.350  18.000 0.6000000238
1872  -2.219  -79.232  16.938 0.6000000238
124123  -1.040  -79.508  16.656 0.6999999881
3153  -5.138  -76.925  16.436 0.6000000238
2648  -4.730  -77.041  17.256 0.5000000000
3167  -5.378  -76.361  14.892 0.6999999881
2661  -4.619  -77.314  16.316 0.6999999881
126254  -4.405  -77.502  15.437 0.6999999881
1873  -3.047  -78.815  17.068 0.6000000238
3166  -4.889  -76.722  14.292 0.8000000119
2215  -3.098  -78.692  16.183 0.6999999881
2225  -3.431  -78.391  14.490 0.8000000119
1901  -2.113  -79.099  15.136 0.8000000119
3637  -6.041  -75.964  16.189 0.6000000238
123937  -6.055  -75.365  15.196 0.6999999881
3661  -5.797  -75.244  14.354 0.6999999881
4170  -6.052  -74.954  15.804 0.5000000000
4183  -5.812  -74.552  14.664 0.6999999881
4740  -5.692  -73.815  16.937 0.5000000000
126146  -5.545  -73.374  15.874 0.6999999881
5388  -5.318  -72.409  16.474 0.6000000238
5397  -5.240  -72.252  15.518 0.6999999881
125093  -5.283  -71.963  17.367 0.6000000238
6565  -5.079  -71.167  17.444 0.6999999881
16942  -0.276  -56.822  3.391 0.5000000000
16951  -0.279  -56.307  2.870 0.5000000000
31903  13.493  -40.916  -5.794 0.4000000060
6547  -5.056  -71.030  18.174 0.6999999881
709  4.135  -84.770  -12.986 0.4000000060
2224  -2.810  -78.803  14.684 0.6999999881
2680  -4.414  -77.276  13.627 0.8000000119
133816  -5.430  -75.936  14.056 0.6999999881
6546  -4.361  -70.680  18.305 0.6999999881
113548  -3.933  -70.768  20.408 0.5000000000
1570  0.484  -81.114  18.718 0.6999999881
2207  -3.635  -78.207  16.894 0.6999999881
5977  -5.268  -71.591  18.112 0.6000000238
115538  5.628  -49.938  -8.336 0.3000000119
24299  5.851  -48.901  -8.805 0.3000000119
117939  4.949  -50.208  -7.706 0.4000000060
23429  6.450  -49.111  -9.438 0.3000000119
22564  3.997  -50.710  -7.417 0.4000000060
23411  4.705  -50.055  -7.770 0.4000000060
20715  3.839  -53.045  -2.186 0.3000000119
20714  4.546  -52.728  -1.881 0.3000000119
0  3.045  -88.987  -13.603 0.5000000000
6  3.351  -88.627  -14.125 0.5000000000
12  4.539  -88.277  -15.169 0.5000000000
21  5.609  -87.844  -16.530 0.5000000000
34  1.086  -87.813  -6.104 0.6000000238
40  0.715  -87.779  -6.546 0.6000000238
46  1.103  -87.793  -6.980 0.6000000238
55  0.692  -87.834  -8.047 0.6999999881
56  0.394  -87.670  -7.782 0.6999999881
83  1.133  -89.016  -12.120 0.6999999881
84  0.684  -87.854  -12.231 0.6999999881
105  2.178  -87.186  -15.186 0.6999999881
154  -0.020  -87.396  -6.616 0.6000000238
163  1.433  -87.326  -7.399 0.6000000238
182  -0.264  -86.933  -9.237 0.6999999881
191  2.496  -86.824  -10.228 0.6000000238
200  0.192  -86.747  -12.362 0.8000000119
219  1.666  -86.451  -15.321 0.6999999881
237  5.415  -85.625  -18.200 0.6000000238
247  2.656  -83.643  12.679 0.6999999881
300  1.329  -84.751  -0.398 0.6999999881
326  0.980  -86.085  -3.905 0.6000000238
365  -0.321  -86.609  -7.330 0.6000000238
414  1.083  -85.208  -14.217 0.8000000119
424  0.887  -85.973  -14.616 0.8000000119
447  4.983  -85.350  -17.990 0.6000000238
451  1.733  -84.186  16.286 0.8000000119
454  2.408  -84.262  15.470 0.6999999881
458  2.709  -83.956  14.581 0.6999999881
459  1.688  -84.110  14.679 0.8999999762
460  0.843  -83.952  15.154 0.8999999762
479  1.369  -83.747  11.203 0.8999999762
487  1.216  -83.931  9.110 0.8000000119
505  1.171  -84.221  7.303 0.6000000238
536  -0.520  -83.856  4.700 1.0000000000
581  -0.613  -83.242  -0.198 0.8000000119
590  -0.236  -83.093  -1.234 1.0000000000
654  0.029  -84.267  -7.876 0.8000000119
699  0.451  -84.947  -12.591 0.8000000119
735  4.024  -85.141  -17.203 0.8000000119
740  6.618  -85.322  -19.105 0.6000000238
750  0.324  -83.251  19.155 0.6999999881
756  0.382  -83.574  16.630 0.8999999762
772  -0.209  -82.489  12.601 1.0000000000
779  0.662  -83.513  12.632 1.0000000000
791  -0.670  -82.408  11.182 1.0000000000
796  -0.028  -83.389  10.197 1.0000000000
804  -1.077  -82.824  8.280 1.0000000000
813  -0.642  -83.681  5.322 1.0000000000
860  0.809  -83.548  -3.759 0.8999999762
935  1.119  -83.616  -12.567 0.8999999762
984  1.272  -82.671  19.592 0.6999999881
985  0.527  -82.810  19.634 0.6999999881
993  -0.034  -83.210  16.995 0.8999999762
1020  -0.103  -82.308  12.874 1.0000000000
1028  -0.549  -82.040  11.433 1.0000000000
1043  -1.091  -81.658  9.372 1.0000000000
1047  -1.111  -82.369  9.072 1.0000000000
1059  -1.322  -81.404  5.136 1.0000000000
1073  -1.368  -81.568  3.487 1.0000000000
1076  3.485  -82.721  2.625 1.0000000000
1079  0.403  -82.005  2.741 1.0000000000
1083  4.336  -82.289  1.385 1.0000000000
1085  2.671  -83.065  1.760 1.0000000000
1086  0.614  -82.503  1.506 1.0000000000
1088  -1.128  -81.982  0.819 1.0000000000
1101  3.195  -82.365  -1.034 1.0000000000
1104  -0.777  -81.876  -0.349 1.0000000000
1136  1.079  -82.326  -5.038 1.0000000000
1155  2.164  -82.589  -8.615 0.8999999762
1165  1.965  -82.671  -9.943 0.8999999762
1205  2.473  -82.791  -14.045 0.8999999762
1217  5.610  -81.904  -16.986 0.8000000119
1238  0.647  -82.304  19.586 0.6999999881
1239  0.166  -82.265  19.137 0.6999999881
1255  0.048  -82.417  17.147 1.0000000000
1282  1.879  -81.147  12.956 1.0000000000
1283  1.238  -81.608  13.667 1.0000000000
1284  0.205  -82.215  13.514 1.0000000000
1302  1.727  -81.585  11.852 1.0000000000
1304  -0.411  -81.983  11.806 1.0000000000
1323  1.198  -81.406  9.600 1.0000000000
1324  -0.183  -81.289  9.781 1.0000000000
1325  -0.780  -81.369  9.495 1.0000000000
1328  3.046  -81.132  7.856 1.0000000000
1331  -0.263  -80.505  8.313 1.0000000000
1350  3.750  -81.031  5.846 1.0000000000
1352  1.731  -81.320  5.711 1.0000000000
1354  -1.076  -80.706  5.724 1.0000000000
1365  -0.720  -80.915  4.456 1.0000000000
1366  -1.092  -81.121  3.960 1.0000000000
1373  -0.753  -81.123  3.493 1.0000000000
1376  5.012  -80.963  2.547 1.0000000000
1378  -1.039  -81.385  2.790 1.0000000000
1380  4.976  -81.230  1.097 1.0000000000
1383  4.926  -81.158  0.422 1.0000000000
1384  4.539  -81.641  0.104 1.0000000000
1390  4.597  -81.604  -0.700 1.0000000000
1398  3.746  -81.891  -2.108 1.0000000000
1402  3.193  -81.599  -2.984 1.0000000000
1416  1.388  -81.247  -4.454 1.0000000000
1435  6.014  -81.106  -6.998 1.0000000000
1438  1.850  -81.378  -6.216 1.0000000000
1439  1.532  -81.424  -5.747 1.0000000000
1448  5.409  -81.430  -7.578 0.8999999762
1475  2.867  -82.221  -11.470 0.8999999762
1488  3.987  -80.676  -11.477 0.8999999762
1498  3.180  -81.449  -12.825 0.8999999762
1503  3.582  -81.471  -14.328 0.8999999762
1525  5.997  -81.327  -17.361 0.8000000119
1560  0.683  -80.978  19.679 0.6000000238
1591  1.022  -80.882  15.424 1.0000000000
1609  1.564  -80.722  13.743 1.0000000000
1618  2.173  -80.971  12.403 1.0000000000
1646  3.282  -80.647  7.734 1.0000000000
1651  -1.113  -80.023  7.263 1.0000000000
1655  3.625  -80.266  6.987 1.0000000000
1657  -0.713  -79.973  6.784 1.0000000000
1662  -0.293  -80.221  5.981 1.0000000000
1671  -0.469  -80.631  5.103 1.0000000000
1686  5.030  -80.640  0.789 1.0000000000
1699  4.736  -80.510  -2.751 1.0000000000
1710  3.358  -80.575  -4.693 1.0000000000
1717  6.153  -80.285  -5.771 1.0000000000
1792  5.767  -80.067  -16.783 0.6999999881
1837  -0.445  -79.382  20.604 0.6000000238
1850  -1.054  -79.386  19.773 0.6000000238
1861  -2.923  -79.061  18.071 0.6000000238
1882  0.995  -80.292  15.036 1.0000000000
1886  -2.488  -79.044  16.068 0.6999999881
1899  0.017  -79.466  14.928 1.0000000000
1925  1.775  -79.767  12.538 1.0000000000
1971  4.604  -79.849  4.845 1.0000000000
1978  4.819  -79.682  4.000 1.0000000000
1981  4.509  -79.537  2.510 1.0000000000
1997  5.686  -79.198  -2.237 1.0000000000
2012  5.351  -79.820  -4.344 1.0000000000
2030  7.011  -79.802  -6.736 0.8999999762
2057  -0.443  -78.838  -9.830 1.0000000000
2065  -0.727  -78.721  -11.252 0.8999999762
2077  -0.436  -78.879  -11.069 1.0000000000
2243  1.214  -79.083  12.074 1.0000000000
2244  0.451  -78.743  12.378 1.0000000000
2255  0.530  -78.529  11.642 1.0000000000
2279  1.710  -78.593  9.527 1.0000000000
2287  1.820  -78.067  8.290 1.0000000000
2289  3.364  -79.379  7.026 1.0000000000
2296  2.990  -78.417  6.717 1.0000000000
2302  4.135  -79.176  5.092 1.0000000000
2319  4.361  -79.133  3.626 1.0000000000
2330  0.398  -78.292  3.055 1.0000000000
2409  -1.651  -78.063  -5.309 1.0000000000
2410  -2.093  -77.708  -4.965 1.0000000000
2421  7.405  -78.655  -5.907 1.0000000000
2425  -1.499  -78.071  -6.078 1.0000000000
2426  -1.989  -77.635  -6.335 1.0000000000
2441  4.626  -77.627  -8.103 0.8999999762
2454  -1.013  -78.437  -9.058 1.0000000000
2461  3.681  -77.709  -9.535 0.8999999762
2463  -1.290  -78.123  -9.521 1.0000000000
2492  -0.473  -78.537  -11.946 0.8999999762
2502  -0.092  -78.663  -12.139 0.8999999762
2503  -0.088  -78.642  -12.254 0.8999999762
2515  3.678  -77.752  -14.131 0.8999999762
2534  4.699  -77.796  -15.264 0.8000000119
2660  -4.120  -77.889  16.075 0.6999999881
2668  -4.043  -78.057  14.955 0.8000000119
2679  -3.936  -78.048  13.846 0.8000000119
2686  -4.405  -77.153  12.803 0.8999999762
2702  -0.138  -77.712  9.878 1.0000000000
2704  -2.055  -78.035  10.081 1.0000000000
2705  -2.823  -77.828  10.386 1.0000000000
2706  -3.484  -77.364  10.770 1.0000000000
2731  0.646  -77.260  8.605 1.0000000000
2733  -1.386  -76.575  8.478 1.0000000000
2750  2.638  -77.587  6.494 1.0000000000
2757  3.369  -77.556  5.155 1.0000000000
2781  2.300  -77.322  3.323 1.0000000000
2783  -0.080  -77.712  3.046 1.0000000000
2800  -0.978  -77.608  1.431 1.0000000000
2813  3.801  -77.535  -0.221 1.0000000000
2814  3.034  -77.646  -0.139 1.0000000000
2818  -1.621  -77.255  0.043 1.0000000000
2831  -1.475  -77.360  -1.000 1.0000000000
2833  -1.970  -76.900  -1.795 1.0000000000
2859  7.192  -77.344  -3.398 1.0000000000
2860  6.924  -77.705  -3.007 1.0000000000
2864  -1.607  -77.965  -4.021 1.0000000000
2873  7.614  -77.843  -4.562 0.8999999762
2877  -0.951  -78.146  -4.189 1.0000000000
2889  0.420  -77.853  -5.244 1.0000000000
2900  7.002  -77.842  -6.279 0.8999999762
2901  6.096  -76.786  -6.546 0.8999999762
2902  1.372  -77.532  -6.266 1.0000000000
2918  -1.919  -77.320  -7.122 1.0000000000
2924  4.444  -76.887  -8.597 0.8999999762
2925  1.112  -77.430  -7.967 1.0000000000
2939  -1.850  -77.334  -9.261 1.0000000000
2947  3.683  -76.789  -10.737 0.8999999762
2959  6.219  -77.725  -11.675 0.6999999881
2972  -1.123  -77.893  -12.212 1.0000000000
2988  0.821  -77.201  -15.154 0.8000000119
2990  -0.081  -77.757  -14.384 0.8000000119
2991  -0.480  -77.277  -14.976 0.8999999762
3007  0.968  -76.815  -16.051 0.8000000119
3008  0.397  -76.808  -16.117 0.6999999881
3020  1.816  -76.133  -17.329 0.6999999881
3030  1.758  -76.302  -17.869 0.6999999881
3031  1.174  -75.968  -17.865 0.6999999881
3154  -5.510  -76.437  15.811 0.6000000238
3183  -4.283  -77.051  12.023 0.8999999762
3184  -4.514  -76.348  12.613 0.8999999762
3191  -4.039  -76.684  11.253 0.8999999762
3233  0.105  -76.189  7.519 1.0000000000
3236  -1.954  -74.978  7.598 1.0000000000
3244  1.674  -76.542  6.819 1.0000000000
3246  -0.571  -75.711  7.261 1.0000000000
3247  -1.080  -75.538  7.342 1.0000000000
3263  2.899  -75.936  4.823 1.0000000000
3270  3.366  -76.694  3.708 1.0000000000
3277  0.067  -76.996  3.120 1.0000000000
3284  -0.919  -77.180  1.807 1.0000000000
3291  -0.902  -76.891  1.537 1.0000000000
3304  5.285  -76.938  -0.642 1.0000000000
3316  6.273  -76.889  -1.639 1.0000000000
3328  6.521  -76.569  -2.549 1.0000000000
3329  4.691  -76.182  -1.749 1.0000000000
3331  3.251  -76.542  -2.303 1.0000000000
3332  -2.336  -76.415  -2.134 1.0000000000
3340  7.056  -76.590  -3.372 1.0000000000
3344  -2.835  -76.073  -3.298 1.0000000000
3351  7.343  -76.804  -4.733 1.0000000000
3355  -2.784  -76.445  -4.163 1.0000000000
3384  -2.371  -76.536  -7.342 1.0000000000
3399  5.073  -76.244  -8.782 0.8999999762
3403  -2.198  -76.776  -9.254 1.0000000000
3419  3.960  -76.469  -11.018 0.8999999762
3426  0.547  -77.393  -12.987 0.8999999762
3446  1.282  -76.845  -15.636 0.8000000119
3456  1.791  -76.149  -16.593 0.8000000119
3457  -0.432  -76.643  -16.248 0.8000000119
3458  -1.045  -76.155  -16.406 0.6999999881
3488  0.487  -75.768  -18.204 0.6999999881
3648  -5.913  -75.897  15.056 0.6999999881
3668  -4.577  -75.555  12.299 0.8999999762
3682  -3.617  -75.418  10.248 1.0000000000
3708  -2.144  -75.469  8.221 1.0000000000
3709  -2.826  -75.331  8.713 1.0000000000
3717  -1.429  -75.238  7.402 1.0000000000
3727  1.258  -75.803  6.727 1.0000000000
3730  -1.412  -74.771  6.841 1.0000000000
3741  -0.965  -74.637  6.409 1.0000000000
3748  2.926  -75.436  4.209 1.0000000000
3760  2.083  -75.861  2.818 1.0000000000
3767  0.748  -76.158  1.864 1.0000000000
3777  -1.507  -76.547  0.362 1.0000000000
3788  -1.659  -76.228  -0.336 1.0000000000
3797  -1.610  -75.547  -0.828 1.0000000000
3808  6.197  -76.017  -2.640 1.0000000000
3810  4.924  -75.842  -2.448 1.0000000000
3811  4.271  -75.928  -2.959 1.0000000000
3812  -2.021  -75.509  -1.637 1.0000000000
3813  -2.496  -75.519  -2.655 1.0000000000
3823  5.462  -75.608  -3.008 1.0000000000
3827  -2.754  -75.689  -3.209 1.0000000000
3857  -2.403  -75.358  -6.098 1.0000000000
3867  -2.690  -75.988  -7.562 1.0000000000
3873  1.661  -75.883  -8.647 1.0000000000
3884  -2.150  -76.165  -9.327 1.0000000000
3903  0.828  -76.040  -11.610 0.8999999762
3942  1.557  -76.062  -15.556 0.8000000119
3967  4.477  -75.537  -17.967 0.6000000238
3968  3.548  -75.549  -17.880 0.6000000238
3980  3.211  -76.214  -18.355 0.6000000238
4273  -2.795  -74.073  6.760 1.0000000000
4274  -3.162  -73.907  6.983 1.0000000000
4290  -1.924  -73.640  5.975 1.0000000000
4303  -0.587  -73.348  4.640 1.0000000000
4304  -1.155  -73.346  5.100 1.0000000000
4357  1.597  -74.940  -1.543 1.0000000000
4378  6.273  -74.882  -3.813 1.0000000000
4382  -0.799  -74.822  -3.204 1.0000000000
4394  -1.203  -74.846  -4.092 1.0000000000
4402  6.669  -74.069  -5.624 0.8999999762
4415  2.819  -74.761  -6.433 1.0000000000
4423  6.952  -73.597  -7.776 0.8999999762
4451  -1.641  -74.788  -10.218 1.0000000000
4472  -1.574  -74.934  -12.838 0.8999999762
4481  4.635  -74.182  -14.065 0.6999999881
4495  1.415  -74.380  -14.151 0.8999999762
4511  2.271  -74.441  -15.663 0.8000000119
4525  2.064  -74.878  -16.197 0.8000000119
4549  -0.369  -74.575  -18.723 0.5000000000
4763  -5.626  -73.834  15.141 0.6999999881
4866  -2.551  -73.574  6.504 1.0000000000
4881  -1.558  -73.328  5.602 1.0000000000
4896  -1.082  -73.121  4.987 1.0000000000
4943  5.225  -73.508  0.050 1.0000000000
4962  4.493  -73.508  -1.100 1.0000000000
4964  2.336  -74.314  -1.822 1.0000000000
4984  6.130  -73.857  -4.860 1.0000000000
4987  0.788  -73.726  -4.394 1.0000000000
4994  6.342  -73.602  -5.451 1.0000000000
4997  4.247  -73.725  -5.720 1.0000000000
5005  5.586  -73.044  -5.834 1.0000000000
5006  4.858  -72.949  -6.240 1.0000000000
5018  6.730  -73.113  -9.158 0.8999999762
5020  2.849  -73.355  -8.802 0.8999999762
5028  6.695  -73.398  -9.874 0.8999999762
5030  2.861  -73.218  -9.662 0.8999999762
5059  -1.447  -73.770  -11.797 0.8999999762
5078  -1.370  -73.372  -12.387 0.8999999762
5096  4.093  -73.428  -13.048 0.8000000119
5099  1.864  -73.914  -13.640 0.8999999762
5454  -2.681  -73.007  9.300 1.0000000000
5461  -2.776  -73.381  8.284 1.0000000000
5471  -2.403  -73.226  7.247 1.0000000000
5472  -2.750  -73.358  7.433 1.0000000000
5481  -0.748  -72.520  6.113 1.0000000000
5484  -3.012  -73.516  7.151 1.0000000000
5495  -0.542  -72.609  5.221 1.0000000000
5544  3.144  -73.390  1.752 1.0000000000
5554  4.603  -73.717  1.123 1.0000000000
5563  5.342  -73.096  -0.369 1.0000000000
5570  5.017  -72.969  -1.284 1.0000000000
5579  2.949  -72.958  -2.818 1.0000000000
5588  2.663  -72.324  -3.662 1.0000000000
5605  6.135  -73.097  -5.872 0.8999999762
5617  1.472  -71.818  -6.555 1.0000000000
5624  6.156  -72.700  -7.119 0.8999999762
5626  4.671  -72.411  -7.949 0.8999999762
5628  1.361  -71.529  -7.216 1.0000000000
5636  6.160  -72.501  -8.902 0.8999999762
5651  4.257  -72.443  -9.176 0.8999999762
5652  -0.773  -72.599  -9.487 1.0000000000
5676  5.074  -72.762  -10.911 0.8999999762
5693  3.834  -72.919  -11.852 0.8999999762
5987  -5.087  -71.294  16.630 0.8000000119
5991  -4.716  -70.935  15.224 0.8000000119
6001  -4.578  -71.472  13.882 0.8000000119
6042  -2.842  -71.613  10.958 1.0000000000
6056  -1.260  -72.233  8.812 1.0000000000
6088  2.207  -71.668  5.152 1.0000000000
6090  0.393  -72.090  5.435 1.0000000000
6103  4.566  -71.347  4.682 1.0000000000
6132  4.792  -72.310  2.379 1.0000000000
6133  3.891  -72.564  2.335 1.0000000000
6140  7.586  -70.927  1.855 1.0000000000
6142  6.150  -71.965  1.515 1.0000000000
6167  5.746  -71.572  -1.508 1.0000000000
6187  3.693  -71.211  -3.623 1.0000000000
6194  3.145  -70.935  -4.150 1.0000000000
6218  1.198  -71.020  -7.465 1.0000000000
6219  0.519  -71.022  -8.082 1.0000000000
6227  -0.588  -70.877  -8.249 1.0000000000
6241  -1.858  -71.227  -9.668 0.8999999762
6279  -2.225  -70.916  -12.022 0.8999999762
6304  -2.261  -70.918  -14.559 0.6000000238
6495  -0.857  -70.071  21.040 0.6999999881
6507  0.053  -70.063  19.848 0.8000000119
6510  -1.928  -70.644  21.153 0.6999999881
6523  -0.178  -70.350  19.528 0.8000000119
6527  -4.886  -70.910  18.997 0.6999999881
6560  0.033  -70.561  17.817 0.8000000119
6564  -4.248  -70.624  17.334 0.8000000119
6580  1.192  -70.109  17.156 1.0000000000
6584  -2.345  -70.440  16.858 0.8000000119
6586  -4.785  -70.867  16.785 0.8000000119
6599  2.280  -69.980  14.796 1.0000000000
6601  1.228  -70.359  15.976 1.0000000000
6604  -2.947  -70.423  15.355 0.8000000119
6605  -3.793  -70.499  15.405 0.8000000119
6625  3.003  -70.062  13.135 1.0000000000
6628  0.385  -70.474  13.415 1.0000000000
6632  -3.275  -71.047  13.393 0.8999999762
6640  3.277  -70.303  11.997 1.0000000000
6646  -2.526  -71.073  12.259 1.0000000000
6647  -3.175  -71.200  12.716 0.8999999762
6658  2.535  -70.414  11.584 1.0000000000
6659  1.589  -70.356  11.351 1.0000000000
6692  -1.029  -71.269  10.066 1.0000000000
6699  3.449  -70.077  8.670 1.0000000000
6702  0.694  -70.905  8.736 1.0000000000
6714  0.922  -71.112  7.933 1.0000000000
6723  4.805  -70.072  6.813 1.0000000000
6724  3.944  -70.569  6.660 1.0000000000
6725  2.627  -70.928  6.658 1.0000000000
6759  8.078  -70.327  3.047 1.0000000000
6777  7.840  -70.059  1.751 1.0000000000
6784  6.973  -70.470  0.493 1.0000000000
6804  6.221  -69.982  -0.818 1.0000000000
6805  5.926  -70.581  -1.435 1.0000000000
6808  -2.016  -70.401  -1.312 1.0000000000
6815  5.295  -70.000  -2.114 1.0000000000
6819  -2.140  -71.282  -2.364 1.0000000000
6820  -2.323  -70.761  -2.237 1.0000000000
6830  -1.287  -71.079  -3.256 1.0000000000
6832  -2.515  -71.336  -3.125 1.0000000000
6840  2.364  -70.748  -4.659 1.0000000000
6841  1.715  -70.705  -5.303 1.0000000000
6856  -2.064  -71.484  -5.350 1.0000000000
6870  1.079  -70.706  -6.852 1.0000000000
6886  -1.961  -70.702  -7.419 1.0000000000
6921  -2.303  -70.747  -9.962 0.8999999762
7182  -0.907  -69.846  21.074 0.6999999881
7192  0.356  -69.988  19.442 0.8000000119
7206  0.623  -69.942  18.770 0.8000000119
7265  2.705  -69.918  13.878 1.0000000000
7283  3.560  -69.671  11.845 1.0000000000
7307  5.717  -69.071  8.208 1.0000000000
7308  5.189  -69.499  8.211 1.0000000000
7316  6.251  -68.898  7.705 1.0000000000
7317  5.874  -69.376  7.644 1.0000000000
7325  7.282  -68.583  6.382 1.0000000000
7335  6.472  -69.762  5.975 1.0000000000
7345  -1.454  -69.329  4.032 1.0000000000
7354  8.246  -69.590  3.347 1.0000000000
7357  -1.665  -69.491  3.585 1.0000000000
7382  -0.372  -69.549  1.865 1.0000000000
7384  -2.034  -69.419  2.373 1.0000000000
7402  5.869  -69.510  -0.562 1.0000000000
7405  -1.517  -69.931  -0.366 1.0000000000
7406  -1.859  -70.003  -0.684 1.0000000000
7414  4.859  -69.450  -1.687 1.0000000000
7415  3.901  -69.178  -1.840 1.0000000000
7416  3.007  -69.042  -2.084 1.0000000000
7440  -0.172  -70.048  -3.450 1.0000000000
7441  -2.562  -70.209  -2.754 1.0000000000
7460  1.184  -70.435  -5.547 1.0000000000
7462  -2.669  -70.057  -5.372 1.0000000000
7503  -2.947  -69.372  -10.629 0.6999999881
7770  -1.795  -68.772  20.018 0.6999999881
7784  -0.343  -69.219  19.316 0.6999999881
7875  3.116  -69.222  12.892 1.0000000000
7876  2.745  -69.279  13.556 1.0000000000
7887  3.376  -69.257  12.282 1.0000000000
7906  4.026  -68.855  10.795 1.0000000000
7927  4.811  -68.254  8.998 1.0000000000
7962  8.054  -68.591  4.338 1.0000000000
7963  -0.325  -68.548  4.261 1.0000000000
7964  -1.232  -68.986  4.522 1.0000000000
7965  -2.163  -69.040  4.636 1.0000000000
7966  -3.001  -68.937  4.578 1.0000000000
7973  8.215  -69.234  3.045 1.0000000000
7975  7.444  -68.049  3.334 1.0000000000
7976  2.282  -68.276  3.378 1.0000000000
7977  1.269  -68.548  3.378 1.0000000000
7990  3.662  -68.081  2.642 1.0000000000
8002  6.761  -68.710  1.686 1.0000000000
8019  -2.002  -69.221  0.769 1.0000000000
8028  4.429  -68.770  -0.233 1.0000000000
8029  3.653  -68.542  -0.547 1.0000000000
8032  0.292  -68.958  -0.544 1.0000000000
8034  -2.159  -69.931  -1.018 1.0000000000
8040  3.619  -68.735  -1.192 1.0000000000
8050  2.058  -68.741  -2.208 1.0000000000
8146  -3.243  -68.646  -10.650 0.6000000238
8415  -3.735  -67.781  19.490 0.6999999881
8426  -3.726  -67.165  18.111 0.6999999881
8476  1.472  -68.080  13.860 1.0000000000
8478  -0.899  -67.646  15.001 1.0000000000
8480  -2.527  -67.322  14.455 1.0000000000
8500  -2.705  -67.032  13.654 1.0000000000
8501  -3.068  -67.054  14.287 1.0000000000
8518  0.689  -67.370  12.703 1.0000000000
8521  -1.643  -66.498  12.908 1.0000000000
8556  2.526  -67.714  10.802 1.0000000000
8558  0.537  -67.303  9.919 1.0000000000
8579  1.080  -67.307  9.429 1.0000000000
8596  4.432  -67.375  8.684 1.0000000000
8600  0.546  -66.963  8.923 1.0000000000
8612  3.752  -66.711  8.348 1.0000000000
8629  -2.699  -67.046  6.470 1.0000000000
8640  -3.311  -67.888  5.541 1.0000000000
8647  7.092  -67.247  4.514 1.0000000000
8665  -3.218  -67.968  3.537 1.0000000000
8676  3.828  -67.953  2.845 1.0000000000
8686  -2.126  -68.072  1.599 1.0000000000
8687  -2.418  -68.452  2.201 1.0000000000
8693  -1.769  -67.955  0.357 1.0000000000
8717  -1.603  -67.081  -2.549 0.8999999762
8749  -2.104  -67.049  -4.971 0.8999999762
8788  -2.381  -67.539  -7.350 0.8000000119
9129  -3.731  -66.515  16.493 0.8000000119
9141  -3.600  -66.556  15.584 1.0000000000
9153  -3.385  -66.554  14.647 1.0000000000
9163  -2.352  -66.649  13.266 1.0000000000
9183  -1.828  -65.647  12.513 1.0000000000
9191  -0.492  -66.459  10.379 1.0000000000
9192  -0.643  -66.333  11.055 1.0000000000
9212  1.030  -66.320  8.639 1.0000000000
9213  0.695  -66.668  8.761 1.0000000000
9222  3.163  -66.309  8.218 1.0000000000
9223  1.787  -66.301  8.601 1.0000000000
9224  -2.227  -66.144  7.074 1.0000000000
9225  -2.611  -65.932  7.116 1.0000000000
9240  2.628  -65.956  8.197 1.0000000000
9242  -2.979  -66.399  6.774 1.0000000000
9252  -0.971  -66.975  5.351 1.0000000000
9265  5.929  -66.065  4.373 1.0000000000
9281  -3.451  -67.458  4.185 1.0000000000
9293  -2.242  -66.632  2.757 1.0000000000
9302  -1.584  -67.143  1.614 1.0000000000
9361  -1.856  -66.191  -4.117 0.6999999881
9773  -3.026  -65.475  13.771 1.0000000000
9802  -1.400  -65.647  11.727 1.0000000000
9830  -0.061  -66.003  9.075 1.0000000000
9831  -0.397  -66.444  9.697 1.0000000000
9844  1.030  -65.817  8.536 1.0000000000
9860  -2.771  -65.416  7.326 1.0000000000
9872  2.804  -65.353  7.479 1.0000000000
9873  -1.734  -65.876  6.863 1.0000000000
9874  -3.307  -65.803  6.898 1.0000000000
9902  -0.531  -65.432  4.346 1.0000000000
9903  -3.124  -65.294  4.283 1.0000000000
9904  -3.285  -65.407  5.166 1.0000000000
9931  1.481  -65.274  2.703 1.0000000000
9932  -2.024  -65.702  2.439 1.0000000000
9945  -0.594  -65.846  0.219 0.6999999881
9985  -1.570  -65.702  -3.639 0.6000000238
10435  -3.627  -64.319  16.371 0.8000000119
10466  -2.662  -64.831  13.275 1.0000000000
10475  -2.283  -65.156  12.689 1.0000000000
10485  -2.051  -64.654  12.010 1.0000000000
10499  -1.169  -65.459  11.045 1.0000000000
10509  0.463  -65.206  9.746 1.0000000000
10521  -2.260  -64.020  8.121 1.0000000000
10536  1.755  -65.369  8.365 1.0000000000
10538  -2.033  -64.610  7.887 1.0000000000
10540  -3.148  -65.237  7.258 1.0000000000
10567  -2.957  -64.006  5.532 1.0000000000
10580  2.898  -63.796  3.793 1.0000000000
10598  0.473  -64.447  3.598 1.0000000000
11298  -2.803  -63.838  13.578 0.8999999762
11317  0.065  -63.004  11.215 1.0000000000
11328  2.209  -63.263  10.307 1.0000000000
11329  1.385  -63.527  10.560 1.0000000000
11369  -1.171  -63.469  8.115 1.0000000000
11372  -3.117  -64.597  7.382 1.0000000000
11385  -0.683  -63.672  7.073 1.0000000000
11394  -0.010  -63.354  5.274 1.0000000000
11428  2.291  -63.803  3.491 1.0000000000
11429  1.672  -63.714  3.630 1.0000000000
12056  -3.468  -62.356  16.388 0.6999999881
12086  -3.397  -62.143  14.966 0.6999999881
12115  -0.299  -62.292  11.454 1.0000000000
12116  -1.167  -62.153  11.759 1.0000000000
12140  4.365  -62.210  9.259 1.0000000000
12142  3.001  -62.949  9.968 1.0000000000
12156  -2.162  -62.535  8.696 1.0000000000
12170  4.326  -62.912  7.743 1.0000000000
12171  0.076  -62.305  7.756 1.0000000000
12173  -2.773  -62.390  7.893 1.0000000000
12184  4.450  -62.242  6.369 1.0000000000
12211  1.934  -62.775  4.708 1.0000000000
12212  1.183  -62.832  4.866 1.0000000000
12909  -2.815  -61.660  12.662 0.8000000119
12921  0.207  -61.725  11.394 1.0000000000
12923  -1.553  -61.411  11.867 0.8999999762
12964  4.998  -61.841  7.999 1.0000000000
12966  -1.069  -61.561  9.141 1.0000000000
12968  -2.944  -61.352  8.526 1.0000000000
12980  5.418  -61.167  7.641 1.0000000000
12984  -0.572  -62.146  8.677 1.0000000000
12985  -3.096  -60.859  8.085 1.0000000000
13005  -2.645  -61.748  7.202 1.0000000000
13679  -2.128  -60.604  11.960 0.8999999762
13693  0.385  -60.448  11.312 0.8999999762
13705  3.870  -60.527  10.621 1.0000000000
13706  2.982  -60.799  10.800 1.0000000000
13707  2.093  -61.036  10.917 1.0000000000
13718  5.184  -60.650  9.566 1.0000000000
13730  -2.055  -60.334  8.763 1.0000000000
13751  2.323  -60.962  6.817 1.0000000000
13753  -2.490  -60.185  7.503 1.0000000000
14442  -1.800  -59.086  11.564 0.8999999762
14476  6.056  -59.518  7.261 1.0000000000
15174  -2.049  -58.140  14.387 0.6000000238
15175  -2.336  -58.877  14.169 0.6000000238
15216  -2.600  -58.176  11.743 0.8999999762
15221  4.225  -59.221  10.389 1.0000000000
15223  1.964  -58.571  10.514 1.0000000000
15231  5.285  -58.403  9.732 1.0000000000
15232  4.480  -58.494  10.081 1.0000000000
15239  0.135  -59.102  8.319 1.0000000000
15249  -0.683  -58.252  8.056 1.0000000000
15251  -2.612  -57.475  7.483 1.0000000000
15276  -2.676  -57.841  6.371 0.8999999762
15993  -2.705  -57.367  12.470 0.6999999881
16009  -2.837  -57.341  11.928 0.8000000119
16022  3.083  -58.081  10.060 1.0000000000
16024  1.565  -57.448  10.162 0.8999999762
16026  -1.844  -57.004  10.862 0.8999999762
16039  2.181  -57.291  9.893 1.0000000000
16053  6.613  -57.449  7.251 1.0000000000
16058  -2.327  -57.083  7.555 1.0000000000
16083  4.127  -57.465  5.518 1.0000000000
16836  -2.457  -56.222  12.380 0.6999999881
16848  -2.697  -56.586  11.492 0.8999999762
16883  6.289  -56.151  8.256 1.0000000000
16884  5.769  -56.670  8.967 1.0000000000
16910  -1.301  -55.992  7.126 1.0000000000
16912  -2.964  -56.202  7.055 1.0000000000
17776  -2.712  -55.662  11.530 0.8999999762
17793  -2.871  -55.285  11.057 0.8999999762
17800  -2.541  -55.137  10.525 0.8999999762
17809  -1.622  -54.788  9.330 0.8999999762
17819  5.302  -55.162  8.700 1.0000000000
17824  -0.967  -54.640  8.671 0.8999999762
17831  5.963  -54.811  8.157 1.0000000000
17850  6.707  -55.605  5.861 1.0000000000
17856  -2.618  -55.209  5.941 0.8999999762
18783  -2.545  -54.881  10.718 0.8999999762
18792  -1.426  -53.880  10.340 0.8999999762
18794  -2.240  -54.716  10.261 0.8999999762
18799  -2.095  -54.206  9.701 0.8999999762
18808  3.714  -54.809  8.463 1.0000000000
18826  1.024  -54.381  7.378 0.8999999762
18828  -1.445  -53.270  7.669 0.8999999762
18857  1.609  -54.650  4.184 1.0000000000
19691  4.055  -53.237  12.141 0.6999999881
19740  0.698  -53.214  6.069 0.8999999762
19767  6.001  -53.596  3.625 1.0000000000
19779  4.716  -53.535  2.497 1.0000000000
20536  5.292  -52.416  12.581 0.5000000000
20563  3.545  -52.622  10.798 0.8000000119
20572  2.467  -52.416  9.389 0.8999999762
20584  -1.226  -52.463  7.348 0.8999999762
20589  -0.143  -51.684  7.010 0.8999999762
20591  -0.976  -52.415  6.834 0.8999999762
20604  1.280  -52.733  5.635 1.0000000000
20622  2.787  -52.161  5.686 1.0000000000
21396  4.586  -51.311  10.803 0.6999999881
21405  3.666  -51.558  9.509 0.8999999762
21412  4.133  -50.975  9.136 0.8999999762
21423  1.678  -51.236  6.810 0.8999999762
21439  2.112  -50.677  6.134 0.8999999762
21441  0.350  -51.139  5.707 0.8999999762
21457  0.535  -51.053  5.229 0.8999999762
22237  7.167  -50.617  10.916 0.5000000000
22239  5.645  -50.545  11.019 0.6999999881
22243  7.619  -50.441  10.067 0.6999999881
22296  1.432  -50.424  4.470 1.0000000000
22297  0.852  -50.763  4.892 0.8999999762
22298  0.687  -51.039  4.811 0.8999999762
22318  2.605  -50.162  3.399 1.0000000000
22403  -0.945  -49.815  0.144 0.6999999881
23159  8.476  -48.812  9.197 0.8999999762
23200  3.860  -49.206  5.312 1.0000000000
23250  7.293  -49.230  2.376 1.0000000000
23420  6.167  -49.601  -8.957 0.3000000119
23421  5.301  -49.437  -8.256 0.3000000119
24034  8.246  -48.158  10.311 0.8999999762
24045  6.559  -48.756  9.839 0.8999999762
24058  8.766  -47.817  9.775 0.8999999762
24059  6.890  -48.070  9.290 0.8999999762
24116  2.930  -48.738  3.035 1.0000000000
24147  4.550  -47.495  2.330 1.0000000000
24208  4.490  -48.085  -2.752 0.8999999762
24959  7.617  -47.594  9.705 0.8999999762
24993  7.102  -47.605  7.798 0.8999999762
25034  12.141  -47.034  4.344 1.0000000000
25162  2.001  -48.220  -5.072 0.5000000000
26103  2.620  -46.769  -5.120 0.6999999881
26117  2.372  -46.696  -5.305 0.6999999881
26131  2.744  -47.361  -5.117 0.6000000238
26983  11.528  -45.172  7.196 1.0000000000
27084  7.470  -45.228  -1.206 1.0000000000
27115  3.511  -45.643  -5.087 0.6999999881
27116  3.013  -46.303  -5.061 0.6000000238
28010  20.955  -44.822  1.413 0.6999999881
28052  8.556  -45.207  -0.808 1.0000000000
28098  4.994  -44.379  -3.859 0.8000000119
28099  4.502  -44.698  -4.291 0.6999999881
28107  9.070  -44.928  -4.020 0.8999999762
28126  4.535  -44.758  -5.188 0.6999999881
28127  4.067  -45.356  -5.276 0.6000000238
28983  21.960  -42.367  0.011 0.6000000238
28987  8.869  -44.936  -1.704 1.0000000000
29005  8.561  -44.575  -2.279 1.0000000000
29021  7.483  -44.121  -3.527 1.0000000000
29023  5.838  -43.685  -4.145 0.8000000119
29034  6.039  -43.521  -4.524 0.8000000119
29050  7.833  -44.067  -5.637 0.6999999881
29051  5.786  -43.722  -5.638 0.6000000238
29072  6.089  -43.752  -6.442 0.6000000238
29073  5.707  -44.494  -5.959 0.6000000238
29804  23.605  -42.433  3.009 0.6000000238
29810  23.551  -42.607  2.091 0.6999999881
29864  21.923  -41.476  -0.404 0.5000000000
29901  6.969  -44.006  -5.076 0.6999999881
29918  7.244  -43.691  -6.070 0.6000000238
29919  6.304  -43.271  -5.887 0.6000000238
29938  6.263  -43.186  -6.810 0.6000000238
30839  21.446  -41.311  -0.869 0.6000000238
31834  23.095  -41.173  1.305 0.5000000000
31840  22.838  -40.701  0.722 0.4000000060
31878  21.696  -40.802  -0.746 0.6000000238
111583  22.782  -42.469  0.749 0.6000000238
111586  19.157  -46.775  2.548 0.6000000238
111588  21.943  -40.910  -0.499 0.6000000238
111592  22.373  -41.280  -0.121 0.5000000000
112181  23.505  -44.895  3.677 0.4000000060
112221  22.410  -42.324  0.317 0.6000000238
112345  23.185  -42.742  1.257 0.6000000238
112979  23.264  -41.060  2.010 0.6000000238
112980  -1.716  -77.609  -3.241 1.0000000000
113631  -0.614  -57.381  10.584 0.8999999762
113691  -1.416  -75.010  -15.898 0.6999999881
113754  -1.645  -65.029  11.527 1.0000000000
113830  -3.348  -60.854  14.313 0.6000000238
114073  3.509  -72.741  -10.037 0.8999999762
114095  -4.955  -76.976  15.378 0.6999999881
114137  1.779  -82.597  -7.802 1.0000000000
114522  -1.378  -72.945  -13.106 0.8999999762
114941  -0.934  -70.308  12.103 1.0000000000
114952  -2.265  -76.710  -8.772 1.0000000000
115204  0.068  -78.417  -9.992 1.0000000000
115239  -2.274  -70.203  -7.798 0.8999999762
115343  8.443  -44.300  -2.897 1.0000000000
115401  4.474  -69.225  9.786 1.0000000000
115422  -2.532  -66.842  -7.768 0.6999999881
115655  -0.522  -74.894  -2.326 1.0000000000
115732  -1.866  -73.117  6.122 1.0000000000
115740  -1.457  -70.438  14.685 1.0000000000
115778  2.606  -74.281  1.913 1.0000000000
115878  1.599  -76.391  -16.008 0.8000000119
116009  -3.333  -66.287  5.486 1.0000000000
116242  1.474  -70.137  16.275 1.0000000000
116396  -0.538  -76.201  -16.798 0.6999999881
116421  -2.036  -77.174  -2.971 1.0000000000
116624  4.194  -69.694  9.729 1.0000000000
116646  -2.933  -58.581  12.772 0.8000000119
116727  1.121  -82.638  -2.502 1.0000000000
116841  -1.972  -68.277  -1.843 1.0000000000
116926  0.696  -68.969  17.236 1.0000000000
117119  -1.280  -60.071  11.601 0.8999999762
117233  1.082  -82.848  -6.677 1.0000000000
117348  4.325  -72.461  -9.874 0.8999999762
117672  -3.609  -65.170  15.855 0.8000000119
118124  21.974  -42.029  -0.240 0.6000000238
118272  -0.275  -86.685  -8.609 0.6999999881
118288  0.705  -81.834  3.544 1.0000000000
118292  3.398  -87.594  -12.793 0.5000000000
118341  -3.926  -70.635  19.477 0.5000000000
118396  -3.399  -67.210  5.631 1.0000000000
118429  -3.181  -66.228  14.000 1.0000000000
118600  -0.310  -78.456  -7.871 1.0000000000
118605  -0.366  -52.826  9.301 0.8999999762
118624  6.056  -58.874  8.665 1.0000000000
118746  -1.396  -69.642  2.145 1.0000000000
118833  6.107  -75.465  -3.141 1.0000000000
119216  -3.476  -65.208  15.147 0.8000000119
119354  -0.133  -81.837  11.429 1.0000000000
119406  2.237  -64.796  8.012 1.0000000000
119608  6.339  -77.107  -9.447 0.8999999762
119888  -1.595  -71.706  -10.032 1.0000000000
119913  -2.647  -63.224  7.656 1.0000000000
120161  0.961  -70.303  9.849 1.0000000000
120192  1.418  -61.305  11.078 1.0000000000
120850  -2.793  -78.862  15.459 0.6999999881
120863  -0.579  -65.150  10.645 1.0000000000
120872  4.373  -50.310  7.958 0.8999999762
120897  -1.550  -72.565  -14.696 0.6999999881
120940  -0.628  -73.598  -18.872 0.5000000000
121086  3.420  -74.307  -6.118 1.0000000000
121274  0.190  -56.251  13.653 0.6000000238
121308  -2.181  -54.761  9.913 0.8999999762
121452  -0.322  -60.182  11.396 0.8999999762
121512  0.847  -81.558  10.363 1.0000000000
121545  -1.425  -69.279  20.752 0.6999999881
121583  -2.229  -68.227  -3.476 1.0000000000
121715  -1.562  -70.647  19.328 0.8000000119
121802  -2.628  -76.025  -8.152 1.0000000000
121880  7.791  -68.394  5.186 1.0000000000
121914  0.583  -72.472  3.403 1.0000000000
122139  6.064  -70.844  4.620 1.0000000000
122383  -1.105  -72.973  4.976 1.0000000000
122462  3.970  -78.536  4.502 1.0000000000
122516  -0.535  -70.623  18.349 0.8000000119
122639  1.731  -69.095  15.269 1.0000000000
122837  1.971  -65.177  2.496 1.0000000000
122952  0.916  -82.921  -3.388 1.0000000000
123042  6.974  -71.169  0.654 1.0000000000
123047  -3.311  -65.986  4.711 1.0000000000
123152  -2.276  -77.309  -4.315 1.0000000000
123689  -1.589  -72.317  -16.184 0.5000000000
123808  -3.304  -73.922  8.201 1.0000000000
124136  1.201  -64.851  9.431 1.0000000000
124248  -0.130  -81.983  0.520 1.0000000000
124367  -0.159  -83.082  15.241 1.0000000000
124455  2.047  -67.545  10.001 1.0000000000
124981  -0.800  -64.415  5.749 1.0000000000
125115  -2.210  -75.092  -4.011 1.0000000000
125157  -2.144  -66.440  -5.452 0.8000000119
125242  -2.869  -72.593  9.924 1.0000000000
125413  5.181  -80.464  -5.667 1.0000000000
125613  -0.010  -83.108  13.075 1.0000000000
125620  2.437  -70.590  7.373 1.0000000000
126046  3.363  -59.227  10.544 1.0000000000
126052  2.388  -77.595  -0.325 1.0000000000
126278  6.439  -57.709  8.047 1.0000000000
126376  -1.726  -67.327  6.001 1.0000000000
126401  5.279  -72.300  -8.140 0.8999999762
126501  -1.436  -74.638  -15.212 0.8000000119
126631  3.568  -59.069  6.592 1.0000000000
126694  3.296  -64.040  6.994 1.0000000000
126772  -1.858  -78.567  12.189 1.0000000000
126790  -4.699  -72.791  12.711 0.8999999762
127441  3.416  -64.637  5.946 1.0000000000
127481  -0.346  -55.176  12.555 0.6000000238
127619  23.552  -44.498  2.892 0.5000000000
127654  18.412  -47.838  2.546 0.5000000000
127749  23.290  -45.165  3.111 0.5000000000
128010  3.926  -77.247  -14.338 0.8999999762
128127  3.660  -78.876  1.615 1.0000000000
128272  2.447  -84.305  -15.585 0.8999999762
128989  -1.251  -52.519  7.967 0.8999999762
129083  -4.325  -72.641  12.085 0.8999999762
129247  -2.513  -69.361  -3.257 1.0000000000
129274  -1.018  -78.699  -10.661 1.0000000000
129281  6.210  -80.267  -7.871 0.8999999762
129400  0.455  -78.422  2.457 1.0000000000
129505  5.555  -81.253  -8.207 0.8999999762
129513  6.475  -74.105  -5.065 0.8999999762
129524  4.606  -80.538  4.805 1.0000000000
129561  -1.130  -66.265  12.297 1.0000000000
129654  -2.097  -76.880  -2.406 1.0000000000
129739  1.972  -70.303  9.316 1.0000000000
129869  8.178  -69.311  4.104 1.0000000000
129996  22.095  -42.136  -0.054 0.6000000238
130035  -2.476  -61.894  8.862 1.0000000000
130164  1.389  -68.934  1.481 1.0000000000
130177  -1.527  -77.131  -12.276 0.8999999762
130188  1.700  -76.120  -16.902 0.6999999881
130387  -1.261  -71.100  -4.999 1.0000000000
130464  2.239  -70.463  8.056 1.0000000000
130577  -0.838  -77.363  -14.417 0.8999999762
130602  -5.801  -74.160  15.816 0.5000000000
130809  6.470  -66.567  5.614 1.0000000000
130950  -0.981  -68.465  4.970 1.0000000000
131082  -2.393  -67.429  6.174 1.0000000000
131391  -0.683  -49.962  0.503 0.6999999881
131504  2.688  -70.352  12.647 1.0000000000
131963  -1.564  -66.101  12.581 1.0000000000
132056  -2.293  -67.940  -6.029 1.0000000000
132065  6.343  -68.282  7.604 1.0000000000
132092  -2.452  -60.066  8.389 1.0000000000
132166  4.782  -61.867  8.806 1.0000000000
132520  -1.448  -82.066  4.749 1.0000000000
132718  -0.437  -83.138  18.790 0.6999999881
132818  3.222  -80.292  8.066 1.0000000000
132856  1.981  -59.276  7.560 1.0000000000
133148  4.341  -82.195  2.911 1.0000000000
133204  -1.759  -76.791  -11.224 1.0000000000
133282  3.221  -77.408  3.273 1.0000000000
133289  4.789  -44.165  -4.092 0.8000000119
133361  2.639  -70.376  12.112 1.0000000000
133477  0.804  -72.356  -7.918 1.0000000000
133550  1.442  -74.731  -11.299 0.8999999762
133572  1.811  -82.808  -11.311 0.8999999762
133632  5.235  -83.778  -17.446 0.8000000119
133698  5.097  -72.607  -6.788 0.8999999762
133746  5.985  -45.696  -3.151 1.0000000000
133747  4.174  -81.902  -10.101 0.8999999762
133852  -0.574  -78.711  -9.105 1.0000000000
133909  -1.330  -66.828  12.900 1.0000000000
134060  -4.119  -77.712  13.048 0.8000000119
134210  5.168  -80.853  -0.619 1.0000000000
134289  -2.335  -57.779  13.507 0.6000000238
134362  2.004  -81.244  7.061 1.0000000000
134441  1.241  -83.210  -11.481 0.8999999762
134474  0.411  -78.102  -8.150 1.0000000000
134686  -0.829  -73.519  -9.367 1.0000000000
134707  -1.678  -64.306  11.571 1.0000000000
134725  0.055  -63.598  4.735 1.0000000000
135079  -2.849  -55.313  10.956 0.8999999762
135084  -2.344  -59.641  8.149 1.0000000000
135098  -1.184  -78.447  -10.085 1.0000000000
135120  -4.602  -70.781  16.211 0.8000000119
135298  1.250  -66.617  8.746 1.0000000000
135320  -3.056  -57.049  6.737 0.8999999762
135372  -1.187  -67.233  -1.026 1.0000000000
135389  7.277  -76.385  -4.016 1.0000000000
135397  0.838  -75.538  -18.763 0.6999999881
135575  -2.934  -59.884  13.696 0.6999999881
135915  -3.183  -68.194  5.412 1.0000000000
136038  0.402  -86.289  -13.616 0.8000000119
136064  1.864  -69.812  -3.494 1.0000000000
