global_signal	global_signal_derivative1	global_signal_derivative1_power2	global_signal_power2	csf	csf_derivative1	csf_power2	csf_derivative1_power2	white_matter	white_matter_derivative1	white_matter_derivative1_power2	white_matter_power2	csf_wm	tcompcor	std_dvars	dvars	framewise_displacement	rmsd	t_comp_cor_00	t_comp_cor_01	t_comp_cor_02	t_comp_cor_03	t_comp_cor_04	t_comp_cor_05	c_comp_cor_00	c_comp_cor_01	c_comp_cor_02	c_comp_cor_03	c_comp_cor_04	c_comp_cor_05	c_comp_cor_06	w_comp_cor_00	w_comp_cor_01	w_comp_cor_02	w_comp_cor_03	w_comp_cor_04	w_comp_cor_05	w_comp_cor_06	w_comp_cor_07	w_comp_cor_08	w_comp_cor_09	a_comp_cor_00	a_comp_cor_01	a_comp_cor_02	a_comp_cor_03	a_comp_cor_04	a_comp_cor_05	a_comp_cor_06	a_comp_cor_07	a_comp_cor_08	a_comp_cor_09	edge_comp_00	edge_comp_01	edge_comp_02	edge_comp_03	edge_comp_04	edge_comp_05	edge_comp_06	edge_comp_07	edge_comp_08	edge_comp_09	edge_comp_10	edge_comp_11	edge_comp_12	edge_comp_13	edge_comp_14	edge_comp_15	edge_comp_16	edge_comp_17	edge_comp_18	edge_comp_19	edge_comp_20	edge_comp_21	edge_comp_22	edge_comp_23	cosine00	cosine01	cosine02	cosine03	cosine04	cosine05	cosine06	cosine07	trans_x	trans_x_derivative1	trans_x_power2	trans_x_derivative1_power2	trans_y	trans_y_derivative1	trans_y_power2	trans_y_derivative1_power2	trans_z	trans_z_derivative1	trans_z_power2	trans_z_derivative1_power2	rot_x	rot_x_derivative1	rot_x_derivative1_power2	rot_x_power2	rot_y	rot_y_derivative1	rot_y_power2	rot_y_derivative1_power2	rot_z	rot_z_derivative1	rot_z_power2	rot_z_derivative1_power2	motion_outlier00	motion_outlier01	motion_outlier02	motion_outlier03	motion_outlier04	motion_outlier05	motion_outlier06	motion_outlier07	motion_outlier08	motion_outlier09	motion_outlier10	motion_outlier11	motion_outlier12	motion_outlier13	motion_outlier14	motion_outlier15	motion_outlier16	motion_outlier17	motion_outlier18	motion_outlier19	motion_outlier20	motion_outlier21	motion_outlier22	motion_outlier23	motion_outlier24	motion_outlier25	motion_outlier26	motion_outlier27	motion_outlier28	motion_outlier29	motion_outlier30	motion_outlier31	motion_outlier32	motion_outlier33	motion_outlier34	motion_outlier35	motion_outlier36	motion_outlier37	motion_outlier38	motion_outlier39	motion_outlier40	motion_outlier41	motion_outlier42	motion_outlier43	motion_outlier44	motion_outlier45	motion_outlier46	motion_outlier47	motion_outlier48	motion_outlier49	motion_outlier50	motion_outlier51	motion_outlier52	motion_outlier53	motion_outlier54	motion_outlier55	motion_outlier56	motion_outlier57	motion_outlier58	motion_outlier59	motion_outlier60	motion_outlier61	motion_outlier62	motion_outlier63	motion_outlier64	motion_outlier65	motion_outlier66	motion_outlier67	motion_outlier68	motion_outlier69	motion_outlier70	motion_outlier71	motion_outlier72	motion_outlier73	motion_outlier74	motion_outlier75	motion_outlier76	motion_outlier77	motion_outlier78	motion_outlier79	motion_outlier80	motion_outlier81	motion_outlier82	motion_outlier83	motion_outlier84	motion_outlier85	motion_outlier86	motion_outlier87	motion_outlier88	motion_outlier89	motion_outlier90	motion_outlier91	motion_outlier92	motion_outlier93	motion_outlier94	motion_outlier95	motion_outlier96	motion_outlier97	motion_outlier98	motion_outlier99	motion_outlier100	motion_outlier101	motion_outlier102	motion_outlier103
2063.247902055144	n/a	n/a	4256991.905334953	3010.509012965152	n/a	9063164.517144414	n/a	2229.398185961174	n/a	n/a	4970216.271566973	2543.035233696422	1748.349751200756	n/a	n/a	n/a	n/a	0.0952035413	-0.0254445927	0.1161240872	-0.0238692944	0.030950571	-0.0051320671	0.1372378897	-0.0507448211	0.0077377886	-0.0260023584	0.1656763335	-0.0020957985	0.0272155057	-0.146293619	-0.0095161793	0.0158474973	0.0427957549	-0.1331553848	-0.0052670331	-0.0043812164	0.1042513851	0.1138841769	0.0299688676	-0.1469915199	0.0191697643	-0.0025996218	0.0656792927	-0.0392483237	0.0851663361	-0.046962977	-0.0101331254	0.067407991	-0.1538354457	0.1080566761	-0.0736186299	0.0221061389	-0.0267560969	0.0028535704	-0.0067140596	0.0050041198	-0.1194286961	0.0567618499	-0.0767892113	0.0853005389	-0.0831305099	0.0924746221	-0.0181989259	0.0174528649	-0.0322250342	0.032651144	-0.0124173441	0.0042666805	-0.2075410448	-0.0431049265	0.0890538575	-0.0719513891	0.1337890272	0.0816485389	0.0816451812	0.0816395852	0.081631751	0.0816216788	0.0816093689	0.0815948217	0.0815780375	-0.9331834910675384	n/a	0.8708314280009986	n/a	-0.4133000858643498	n/a	0.1708169609754789	n/a	-2.01318339492493	n/a	4.052907381601466	n/a	-0.0278333506125496	n/a	n/a	0.0007746954063211	-0.0220628247227343	n/a	0.000486768234746	n/a	-0.0288078713863763	n/a	0.0008298934538139	n/a	0.0	0.0	0.0	0.0	0.0	0.0	0.0	0.0	0.0	0.0	0.0	0.0	0.0	0.0	0.0	0.0	0.0	0.0	0.0	0.0	0.0	0.0	0.0	0.0	0.0	0.0	0.0	0.0	0.0	0.0	0.0	0.0	0.0	0.0	0.0	0.0	0.0	0.0	0.0	0.0	0.0	0.0	0.0	0.0	0.0	0.0	0.0	0.0	0.0	0.0	0.0	0.0	0.0	0.0	0.0	0.0	0.0	0.0	0.0	0.0	0.0	0.0	0.0	0.0	0.0	0.0	0.0	0.0	0.0	0.0	0.0	0.0	0.0	0.0	0.0	0.0	0.0	0.0	0.0	0.0	0.0	0.0	0.0	0.0	0.0	0.0	0.0	0.0	0.0	0.0	0.0	0.0	0.0	0.0	0.0	0.0	0.0	0.0	0.0	0.0	0.0	0.0	0.0	0.0
2066.839713362148	3.591811307003809	12.90110846512041	4271826.400730926	2985.0806386847244	-25.42837428042776	8910706.419450402	646.60221854552	2220.7599933838947	-8.63819257727937	74.6183710021644	4931774.948214436	2531.168313202181	1818.156013625161	1.964049	63.338703	0.5790080461817705	0.3795185887233619	0.0824138992	-0.0613291163	0.1145494742	0.0029164731	0.1619708869	-0.1058137946	0.0706670093	-2.24165e-05	0.1423603786	-0.0316974233	0.0102998343	0.1264923089	-0.0783791077	-0.166998846	0.0860561031	0.2030595171	-0.1412979443	0.0084343762	-0.2257453568	0.1248076859	0.1085433436	0.0794153598	0.1394744285	-0.1211166796	0.0344360742	0.0833300297	0.2109520407	-0.0693328588	0.1094358461	0.0728872923	0.0117318852	0.0767302549	-0.0299149772	0.1091026806	-0.0772285162	0.0316492612	-0.0686995647	0.0536777517	-0.0464909252	0.0124348958	-0.170820372	0.0467384586	-0.0833046555	0.0976232802	-0.1299608566	0.1716797651	-0.3023364009	0.091937533	0.1033351418	-0.0849273519	-0.0399383845	0.0792328989	0.0713002829	-0.0288776782	0.1017071893	-0.1881040635	-0.1359373459	0.0816395852	0.0816093689	0.0815590168	0.0814885411	0.0813979594	0.081287294	0.0811565722	0.0810058262	-0.9647323465679278	-0.0315488555003894	0.9307085005144604	0.0009953302833844	-0.4262880493333654	-0.0129879634690155	0.1817215010044457	0.0001686871950724	-1.6969091791218744	0.3162742158030553	2.8795007621880737	0.1000293795818376	-0.0314799843710742	-0.0036466337585246	1.3297937768811257e-05	0.000990989416003	-0.0226405782246992	-0.0005777535019649	0.0005125957823487	3.337991090327063e-07	-0.0286683184186796	0.0001395529676967	0.0008218724809548	1.947503079295666e-08	1.0	0.0	0.0	0.0	0.0	0.0	0.0	0.0	0.0	0.0	0.0	0.0	0.0	0.0	0.0	0.0	0.0	0.0	0.0	0.0	0.0	0.0	0.0	0.0	0.0	0.0	0.0	0.0	0.0	0.0	0.0	0.0	0.0	0.0	0.0	0.0	0.0	0.0	0.0	0.0	0.0	0.0	0.0	0.0	0.0	0.0	0.0	0.0	0.0	0.0	0.0	0.0	0.0	0.0	0.0	0.0	0.0	0.0	0.0	0.0	0.0	0.0	0.0	0.0	0.0	0.0	0.0	0.0	0.0	0.0	0.0	0.0	0.0	0.0	0.0	0.0	0.0	0.0	0.0	0.0	0.0	0.0	0.0	0.0	0.0	0.0	0.0	0.0	0.0	0.0	0.0	0.0	0.0	0.0	0.0	0.0	0.0	0.0	0.0	0.0	0.0	0.0	0.0	0.0
2050.291124579908	-16.54858878224013	273.8557906836839	4203693.695531143	2954.2810418379936	-30.799596846730765	8727776.474163381	948.6151659211476	2221.2864805279355	0.526487144040857	0.277188712840298	4934113.628576183	2529.221464312689	1792.2879710447855	1.415405	45.645477	0.2524990375195274	0.1331055530629087	0.0838946714	-0.048294346	0.1347367071	-0.00837733	0.0911172219	-0.0633311257	0.0746978974	-0.1511915916	0.0920810981	-0.091333764	-0.0472045438	0.2973237735	-0.0325874817	-0.1997638278	0.1602745917	0.253472947	-0.1410474071	-0.0006427698	-0.2801819802	0.171360418	0.0149418905	-0.0753180192	0.0241229748	-0.1457619562	0.0420090329	-0.0187416323	0.2906659516	-0.1522436745	0.151182617	0.2142826597	0.0578390694	0.1061716179	0.0907818553	0.1208617531	-0.0844344713	0.0236837912	-0.0673813616	0.0374470519	-0.0554627184	0.0123618207	-0.1561472909	0.0643402466	-0.0768281821	0.1066454308	-0.1426559781	0.2016905407	-0.2289158516	0.1060572911	0.0593750475	0.0089542498	-0.0119465459	0.2060950811	0.0672446307	-0.0032489063	0.0569620133	-0.1655266933	-0.0589233399	0.0816216788	0.0815377601	0.0813979594	0.0812023727	0.0809511339	0.0806444153	0.080282427	0.0798654172	-0.966489671415374	-0.0017573248474461	0.9341022849525976	3.0881906194517166e-06	-0.3915772895278451	0.0347107598055203	0.1533327736739738	0.0012048368462765	-1.8196864895809952	-0.1227773104591207	3.3112589203636054	0.0150742679635753	-0.0309853281259598	0.0004946562451144	2.44684800830678e-07	0.0009600905590733	-0.0216597549787598	0.0009808232459394	0.0004691449857399	9.620142397751069e-07	-0.0282787250615846	0.000389593357095	0.0007996862911086	1.5178298389255217e-07	0.0	0.0	0.0	0.0	0.0	0.0	0.0	0.0	0.0	0.0	0.0	0.0	0.0	0.0	0.0	0.0	0.0	0.0	0.0	0.0	0.0	0.0	0.0	0.0	0.0	0.0	0.0	0.0	0.0	0.0	0.0	0.0	0.0	0.0	0.0	0.0	0.0	0.0	0.0	0.0	0.0	0.0	0.0	0.0	0.0	0.0	0.0	0.0	0.0	0.0	0.0	0.0	0.0	0.0	0.0	0.0	0.0	0.0	0.0	0.0	0.0	0.0	0.0	0.0	0.0	0.0	0.0	0.0	0.0	0.0	0.0	0.0	0.0	0.0	0.0	0.0	0.0	0.0	0.0	0.0	0.0	0.0	0.0	0.0	0.0	0.0	0.0	0.0	0.0	0.0	0.0	0.0	0.0	0.0	0.0	0.0	0.0	0.0	0.0	0.0	0.0	0.0	0.0	0.0
2060.337964419333	10.046839839425049	100.9389907590583	4244992.5276276	2967.875328626131	13.594286788137197	8808283.966267664	184.80463327812157	2224.7615485913825	3.4750680634469973	12.076098045589264	4949563.948090727	2530.722469087814	1824.4245499253936	1.778164	57.344105	0.908854272959224	0.5109916468347016	0.0376829602	-0.0592243507	0.1445824417	-0.0460163582	0.0394953546	-0.0323519813	0.0680360509	-0.0995605026	0.0131813366	0.0079654633	0.0192970196	0.0535022375	0.0575048871	-0.1662734193	0.0467283142	0.0488474196	-0.0611632137	-0.0091342892	-0.0511053839	-0.0047763054	0.1040110559	-0.1177738986	-0.0590532816	-0.1352724739	0.0490690019	-0.053139313	0.1338825686	-0.0536444575	0.0029527738	-0.0140494557	0.1193629669	0.1242397436	0.1020897281	0.1067477679	-0.1140050427	-0.0171006213	-0.0321668977	0.0091032709	-0.0421816961	0.0187185591	-0.1466960848	-0.0102466491	-0.0340971091	0.1033926228	-0.0813537631	0.0273891508	-0.0978690908	0.0880021447	0.0265843626	-0.0400505014	-0.0685304803	-0.022296457	-0.0511241591	-0.0600922262	-0.0978187166	0.0559411905	0.0627354985	0.0815948217	0.0814303861	0.0811565722	0.0807737477	0.080282427	0.0796832699	0.0789770813	0.0781648097	-0.8984382827319735	0.0680513886834005	0.8071913478783774	0.0046309915017392	-0.3578515313872401	0.033725758140605	0.1280577185161928	0.0011374267621585	-1.9614865341369736	-0.1418000445559784	3.8474294236006767	0.0201072526360774	-0.0222123453720361	0.0087729827539237	7.696522640064266e-05	0.0004933882869266	-0.0197323885050808	0.0019273664736789	0.0003893671561154	3.714741523861818e-06	-0.0256735326576025	0.0026051924039821	0.0006591302791209	6.787027461766035e-06	0.0	1.0	0.0	0.0	0.0	0.0	0.0	0.0	0.0	0.0	0.0	0.0	0.0	0.0	0.0	0.0	0.0	0.0	0.0	0.0	0.0	0.0	0.0	0.0	0.0	0.0	0.0	0.0	0.0	0.0	0.0	0.0	0.0	0.0	0.0	0.0	0.0	0.0	0.0	0.0	0.0	0.0	0.0	0.0	0.0	0.0	0.0	0.0	0.0	0.0	0.0	0.0	0.0	0.0	0.0	0.0	0.0	0.0	0.0	0.0	0.0	0.0	0.0	0.0	0.0	0.0	0.0	0.0	0.0	0.0	0.0	0.0	0.0	0.0	0.0	0.0	0.0	0.0	0.0	0.0	0.0	0.0	0.0	0.0	0.0	0.0	0.0	0.0	0.0	0.0	0.0	0.0	0.0	0.0	0.0	0.0	0.0	0.0	0.0	0.0	0.0	0.0	0.0	0.0
2061.395627397659	1.0576629783263345	1.118650975722132	4249351.932654189	2991.926765843441	24.051437217310195	8951625.772170393	578.4716322182139	2234.8705129912405	10.108964399857996	102.19116123759632	4994646.20983773	2542.027473749351	1762.910846746434	1.709565	55.131855	0.388910302244108	0.2125031087591015	0.0418809927	-0.0547318836	0.1133766836	-0.0382811574	0.0098077223	0.0095611082	0.0957376126	-0.0268977313	0.0358224499	0.0543462158	0.0611807211	-0.0686958327	0.025863397	-0.1484424037	-0.0519410796	-0.0759153752	0.1107258648	-0.1264636342	0.0682617362	-0.0564059839	0.1047342619	-0.0058833433	-0.0258598812	-0.1424420178	0.0316135998	0.0141437238	-0.0099345226	0.0451442127	0.0394681394	-0.1247096676	0.0212202885	0.0843437546	-0.0679250289	0.0804601415	-0.0985506077	-0.0270087659	0.0149204944	-0.0141882467	-0.0068632468	0.001554585	-0.075799357	-0.0172777769	-0.0121260397	0.0374342914	-0.0209739499	-0.0393835284	0.1058807457	0.0017718448	-0.0932387646	0.0573093451	0.0255880353	-0.0395405933	-0.2379844198	-0.0328418929	0.0096800501	0.0928194319	0.1646885082	0.0815590168	0.081287294	0.0808350932	0.0802034182	0.0793936715	0.0784076511	0.0772475461	0.0759159322	-0.9414844044887474	-0.0430461217567739	0.8863928838955313	0.001852968598299	-0.3196592659975437	0.0381922653896963	0.1021820463380883	0.001458649135597	-2.0281700953170514	-0.0666835611800777	4.113473935538377	0.0044466973316571	-0.018891853182349	0.0033204921896871	1.1025668381773036e-05	0.0003569021166634	-0.0199863810647609	-0.00025399255968	0.0003994554280658	6.45122203728486e-08	-0.0244282503286185	0.001245282328984	0.0005967394141176	1.5507280788798157e-06	0.0	0.0	1.0	0.0	0.0	0.0	0.0	0.0	0.0	0.0	0.0	0.0	0.0	0.0	0.0	0.0	0.0	0.0	0.0	0.0	0.0	0.0	0.0	0.0	0.0	0.0	0.0	0.0	0.0	0.0	0.0	0.0	0.0	0.0	0.0	0.0	0.0	0.0	0.0	0.0	0.0	0.0	0.0	0.0	0.0	0.0	0.0	0.0	0.0	0.0	0.0	0.0	0.0	0.0	0.0	0.0	0.0	0.0	0.0	0.0	0.0	0.0	0.0	0.0	0.0	0.0	0.0	0.0	0.0	0.0	0.0	0.0	0.0	0.0	0.0	0.0	0.0	0.0	0.0	0.0	0.0	0.0	0.0	0.0	0.0	0.0	0.0	0.0	0.0	0.0	0.0	0.0	0.0	0.0	0.0	0.0	0.0	0.0	0.0	0.0	0.0	0.0	0.0	0.0
2068.92533082714	7.529703429480833	56.696433735935415	4280452.024538191	3023.547639224404	31.62087338096308	9141840.326659467	999.8796333748992	2236.156298088305	1.2857850970644904	1.653243315833141	5000394.989479993	2546.3483108566606	1762.2857580089037	1.334334	43.030998	0.2302471616420084	0.1150924567999143	0.0320293857	-0.0502156908	0.0841252115	-0.0220668233	0.0003339073	0.0157977975	0.1309211962	0.0803828505	-0.0881028814	0.0408006309	0.0797515233	-0.0826527447	-0.0319514459	-0.1306136157	-0.1033263992	-0.0822147093	0.0698191476	-0.0299398499	0.0862531083	-0.0207276016	0.090346731	0.0388291764	0.087221991	-0.1277764622	-0.0641001776	0.0240958681	-0.0319552259	0.0419199431	-0.1480865806	-0.1413535897	0.0486912312	-0.0147804279	-0.0587207638	0.0675251916	-0.1004432295	-0.0283736367	0.011061964	-0.0057546692	-0.0142913749	0.0244930566	-0.0825539405	-0.0333373007	-0.0030369252	0.0154551066	-0.0180801337	-0.1209910884	0.05429721	-0.0471619163	-0.1201702044	-0.0248537083	0.0326587745	-0.1855808061	-0.1747701018	0.0217100026	-0.0402804298	-0.026896472	0.0479423452	0.081514268	0.0811085467	0.0804338397	0.0794923845	0.0782873035	0.0768225931	0.0751031108	0.073134559	-0.968751847018396	-0.0272674425296486	0.9384801411015538	0.0007435134221076	-0.3024790386388645	0.0171802273586791	0.0914935688158916	0.0002951602120959	-2.0047563892543607	0.0234137060626906	4.019048180256182	0.00054820163159	-0.0175248438423025	0.0013670093400465	1.868714535774368e-06	0.000307120151697	-0.0188024067514276	0.0011839743133332	0.0003535304996461	1.4017951746330535e-06	-0.0251249823890585	-0.00069673206044	0.0006312647400504	4.854355640449709e-07	0.0	0.0	0.0	0.0	0.0	0.0	0.0	0.0	0.0	0.0	0.0	0.0	0.0	0.0	0.0	0.0	0.0	0.0	0.0	0.0	0.0	0.0	0.0	0.0	0.0	0.0	0.0	0.0	0.0	0.0	0.0	0.0	0.0	0.0	0.0	0.0	0.0	0.0	0.0	0.0	0.0	0.0	0.0	0.0	0.0	0.0	0.0	0.0	0.0	0.0	0.0	0.0	0.0	0.0	0.0	0.0	0.0	0.0	0.0	0.0	0.0	0.0	0.0	0.0	0.0	0.0	0.0	0.0	0.0	0.0	0.0	0.0	0.0	0.0	0.0	0.0	0.0	0.0	0.0	0.0	0.0	0.0	0.0	0.0	0.0	0.0	0.0	0.0	0.0	0.0	0.0	0.0	0.0	0.0	0.0	0.0	0.0	0.0	0.0	0.0	0.0	0.0	0.0	0.0
2063.844226376817	-5.081104450322982	25.817622435092016	4259452.990748922	3001.6998291015625	-21.847810122841565	9010201.86402835	477.3268071637384	2224.788085409057	-11.36821267924779	129.23625952061022	4949682.024978098	2534.080397499292	1784.8004301444112	1.229165	39.639385	0.3647116804657969	0.2033735717125671	0.0366074036	-0.0481056842	0.1126704335	-0.0470941874	0.0517352174	0.0279916016	0.0873230804	0.0661699004	0.0314615943	0.0601567295	0.0707200489	-0.0251098306	0.0006560247	-0.1064553182	-0.0583593092	-0.0402540154	0.0455930963	-0.0228134267	0.0430294975	-0.0636169428	0.1163521713	0.035566025	0.1231768826	-0.101766444	-0.0258589077	0.0558709875	-0.0039984704	0.047651108	-0.0479661064	-0.0952654882	0.038762869	0.0148539216	-0.0417936114	0.0652821778	-0.0943274801	-0.0286341591	0.0144338288	0.0040862639	0.0045642432	0.0152707941	-0.0964883121	-0.0340834978	0.0014996887	0.0432432755	0.0207698686	-0.0825542029	0.098249969	0.0327438641	-0.0088715315	0.0149984677	-0.0752063792	-0.2117287623	-0.1307419897	-0.0447864516	-0.0208557288	0.1445010349	0.0749489544	0.0814605803	0.0808942224	0.0799532077	0.0786418943	0.0769663555	0.0749343514	0.0725552932	0.0698401994	-0.9051280100086956	0.0636238370097004	0.8192567145023013	0.0040479926358369	-0.2625363828179274	0.039942655820937	0.0689253523031213	0.0015954157540298	-1.9615003366933264	0.0432560525610343	3.847483570848033	0.0018710860831629	-0.0139034317583406	0.0036214120839619	1.3114625481865278e-05	0.0001933054146588	-0.0194531720517052	-0.0006507653002775	0.0003784259028732	4.2349547604539366e-07	-0.0250393770718155	8.560531724300172e-05	0.0006269704041445	7.328270340274967e-09	0.0	0.0	0.0	0.0	0.0	0.0	0.0	0.0	0.0	0.0	0.0	0.0	0.0	0.0	0.0	0.0	0.0	0.0	0.0	0.0	0.0	0.0	0.0	0.0	0.0	0.0	0.0	0.0	0.0	0.0	0.0	0.0	0.0	0.0	0.0	0.0	0.0	0.0	0.0	0.0	0.0	0.0	0.0	0.0	0.0	0.0	0.0	0.0	0.0	0.0	0.0	0.0	0.0	0.0	0.0	0.0	0.0	0.0	0.0	0.0	0.0	0.0	0.0	0.0	0.0	0.0	0.0	0.0	0.0	0.0	0.0	0.0	0.0	0.0	0.0	0.0	0.0	0.0	0.0	0.0	0.0	0.0	0.0	0.0	0.0	0.0	0.0	0.0	0.0	0.0	0.0	0.0	0.0	0.0	0.0	0.0	0.0	0.0	0.0	0.0	0.0	0.0	0.0	0.0
2055.1676154095603	-8.676610967256693	75.28357787711911	4223713.927428219	2979.1869985480057	-22.5128305535568	8875555.172317475	506.8275395331604	2218.537286403375	-6.250799005681984	39.07248820943487	4921907.691162052	2520.0166308815024	1774.0441519881094	1.310436	42.260319	0.6256287811118892	0.3625723244169928	0.0316033776	-0.0440524332	0.1167615495	-0.0485192913	0.012488405	0.013008371	0.0515899124	0.0281805122	-0.0016895177	-0.0217854071	0.0932878713	-0.0537494925	-0.0044697093	-0.1160920564	-0.0046867546	-0.0361465679	-0.013292183	0.0278783889	0.0912613773	-0.0400810894	0.0211552799	0.0423253956	0.1331529	-0.0740591355	-0.0025505883	0.044363278	0.0404938307	-0.0016654573	-0.0962015635	-0.0887220738	0.0267143219	-0.0347435003	-0.0083706294	0.068334571	-0.0880199601	-0.0379972578	0.0045937452	0.0051305867	-0.0342188679	0.0301474999	-0.0572020667	-0.0201188521	-0.0048860155	0.0068999401	0.0195983186	-0.0783536584	0.0823429006	-0.0353463855	-0.0310301491	-0.0214445531	0.0692117136	-0.0380237002	-0.0551466836	0.0484861382	-0.0200648467	0.0360119887	0.0304481367	0.0813979594	0.0806444153	0.0793936715	0.0776534394	0.0754344479	0.0727503781	0.0696177779	0.066055961	-0.934926376154408	-0.0297983661457124	0.8740873288292136	0.0008879426249539	-0.3031211141564967	-0.0405847313385692	0.0918824098474759	0.0016471204178238	-1.805390271694229	0.1561100649990974	3.2594340331281617	0.0243703523940224	-0.01979669080139	-0.0058932590430494	3.4730502148483555e-05	0.0003919089666858	-0.0205836388121924	-0.0011304667604872	0.0004236861867507	1.2779550965664269e-06	-0.0259983636408491	-0.0009589865690336	0.0006759149120018	9.196552395868355e-07	0.0	0.0	0.0	1.0	0.0	0.0	0.0	0.0	0.0	0.0	0.0	0.0	0.0	0.0	0.0	0.0	0.0	0.0	0.0	0.0	0.0	0.0	0.0	0.0	0.0	0.0	0.0	0.0	0.0	0.0	0.0	0.0	0.0	0.0	0.0	0.0	0.0	0.0	0.0	0.0	0.0	0.0	0.0	0.0	0.0	0.0	0.0	0.0	0.0	0.0	0.0	0.0	0.0	0.0	0.0	0.0	0.0	0.0	0.0	0.0	0.0	0.0	0.0	0.0	0.0	0.0	0.0	0.0	0.0	0.0	0.0	0.0	0.0	0.0	0.0	0.0	0.0	0.0	0.0	0.0	0.0	0.0	0.0	0.0	0.0	0.0	0.0	0.0	0.0	0.0	0.0	0.0	0.0	0.0	0.0	0.0	0.0	0.0	0.0	0.0	0.0	0.0	0.0	0.0
2032.8754309162143	-22.292184493345985	496.9414894853752	4132582.517622784	2996.3417062859785	17.154707737972785	8978063.620828768	294.28399757526336	2211.8549720136634	-6.682314389711792	44.65332560294927	4892302.417221564	2530.3600810532125	1744.1311356826868	1.192733	38.464504	0.4371805378807284	0.2459942102057576	0.0224639372	-0.056097276	0.0819278272	-0.047566746	-0.0291992112	0.029944121	0.0967967825	0.0104526833	0.0306951178	-0.0185321232	0.1074638137	-0.0033139963	-0.0242542492	-0.0999865112	0.0382449269	-0.0074581423	0.0175970686	0.0351570989	0.065943586	-0.0704774091	0.0477727889	-0.0160712001	0.050796523	-0.1102616206	0.0155700881	0.0045186797	0.0368337274	0.030797844	-0.0495471027	-0.0377644324	0.0096668226	-0.0362056918	0.042729211	0.071442266	-0.0906878115	-0.0422503352	-0.0020540578	0.0205377687	-0.0306663024	0.0120227765	-0.0373378445	-0.0251242597	0.0176592134	-0.0035612013	0.0481523988	-0.057973644	0.0944616391	-0.0305326123	0.0030899931	0.0219043972	0.0703078887	0.0904967208	0.0499253786	0.0624672782	-0.0508200035	0.1198957359	0.0079729545	0.0813264124	0.0803592349	0.0787557834	0.076528754	0.0736957799	0.0702792922	0.0663063423	0.0618083875	-0.8789919746986499	0.0559344014557581	0.7726268915846319	0.0031286572662139	-0.2699093780326222	0.0332117361238744	0.0728510723499569	0.0011030194163618	-1.5692742120697432	0.2361160596244857	2.4626215526671134	0.0557507936125937	-0.0183432495161011	0.0014534412852889	2.1124915697822594e-06	0.0003364748028099	-0.0207954719346847	-0.0002118331224922	0.0004324516529862	4.4873271784837394e-08	-0.0254252712350981	0.0005730924057509	0.0006464444173783	3.284349055294683e-07	0.0	0.0	0.0	0.0	0.0	0.0	0.0	0.0	0.0	0.0	0.0	0.0	0.0	0.0	0.0	0.0	0.0	0.0	0.0	0.0	0.0	0.0	0.0	0.0	0.0	0.0	0.0	0.0	0.0	0.0	0.0	0.0	0.0	0.0	0.0	0.0	0.0	0.0	0.0	0.0	0.0	0.0	0.0	0.0	0.0	0.0	0.0	0.0	0.0	0.0	0.0	0.0	0.0	0.0	0.0	0.0	0.0	0.0	0.0	0.0	0.0	0.0	0.0	0.0	0.0	0.0	0.0	0.0	0.0	0.0	0.0	0.0	0.0	0.0	0.0	0.0	0.0	0.0	0.0	0.0	0.0	0.0	0.0	0.0	0.0	0.0	0.0	0.0	0.0	0.0	0.0	0.0	0.0	0.0	0.0	0.0	0.0	0.0	0.0	0.0	0.0	0.0	0.0	0.0
2013.0451261016017	-19.83030481461265	393.2409890404495	4052350.6797214136	2933.830773283306	-62.51093300267257	8607363.00626412	3907.6167448646192	2196.1665847580152	-15.688387255648196	246.12549468318468	4823147.668007685	2505.908171962035	1706.5660013383992	1.725687	55.651756	0.4272934241180315	0.2528330391240941	0.0251280219	-0.0573511481	0.0300940903	-0.0097121769	-0.0280500601	0.0058041609	0.0306747463	-0.0703440189	0.0985090837	-0.0811640417	-0.1401197514	0.2780447971	-0.0674499354	-0.113514843	0.1329803348	0.302192966	-0.1752456416	0.1283612841	-0.1063281868	0.106738349	-0.1455158933	-0.2271223654	-0.3064025513	-0.0834593545	0.037112922	0.0003659061	0.2192760853	-0.0644555394	-0.0009575198	0.2640129414	0.0306107106	-0.0198972517	0.2711666988	0.0761721083	-0.0958489644	-0.0249322962	-0.0296567163	0.0555822572	-0.0586455415	0.0150915673	-0.0467517543	-0.0028917821	0.0186146821	-0.0164961213	-0.0118666989	0.0509693343	-0.0771379372	0.0115741214	0.0730555543	-8.88423e-05	0.0718478883	0.313464359	0.3360673975	0.1014276353	-0.0851544154	0.030415995	-0.1314801133	0.0812459471	0.0800388062	0.0780401729	0.0752698111	0.0717551168	0.0675308461	0.0626387723	0.0571272725	-0.8528238656626996	0.0261681090359502	0.7273085458438704	0.0006847699305173	-0.2477159374470545	0.0221934405855677	0.061363185665273	0.0004925488050251	-1.3462831271514446	0.2229910849182985	1.8124782584526729	0.0497250239530398	-0.0201101871526564	-0.0017669376365553	3.122068611475634e-06	0.0004044196273148	-0.0211007418489201	-0.0003052699142353	0.0004452413065747	9.318972053728821e-08	-0.0243786629943245	0.0010466082407736	0.0005943192093908	1.0953888096552095e-06	0.0	0.0	0.0	0.0	1.0	0.0	0.0	0.0	0.0	0.0	0.0	0.0	0.0	0.0	0.0	0.0	0.0	0.0	0.0	0.0	0.0	0.0	0.0	0.0	0.0	0.0	0.0	0.0	0.0	0.0	0.0	0.0	0.0	0.0	0.0	0.0	0.0	0.0	0.0	0.0	0.0	0.0	0.0	0.0	0.0	0.0	0.0	0.0	0.0	0.0	0.0	0.0	0.0	0.0	0.0	0.0	0.0	0.0	0.0	0.0	0.0	0.0	0.0	0.0	0.0	0.0	0.0	0.0	0.0	0.0	0.0	0.0	0.0	0.0	0.0	0.0	0.0	0.0	0.0	0.0	0.0	0.0	0.0	0.0	0.0	0.0	0.0	0.0	0.0	0.0	0.0	0.0	0.0	0.0	0.0	0.0	0.0	0.0	0.0	0.0	0.0	0.0	0.0	0.0
2022.331810965756	9.286684864154267	86.24251576611196	4089825.953644034	2947.933992084704	14.10321880139827	8690314.82168846	198.90078056011367	2190.027974710836	-6.1386100471791	37.682533311328186	4796222.530016047	2496.9908615066206	1710.908398403402	1.694275	54.638752	0.4244603305763045	0.2426008442401527	0.011576317	-0.0694564792	0.0209125181	-0.0193515878	-0.0631265404	0.0181525122	0.0209518505	-0.0052061383	0.0885693284	-0.0447196853	0.0156727659	0.0919944524	-0.1651877118	-0.0143231696	0.1193226944	0.0497194879	0.0039778809	0.0804535983	0.1119129323	0.0287741572	-0.08962306	0.002571052	0.0124356603	-0.022311533	0.0456497552	0.0591423285	0.0428750968	0.0255269386	-0.0350222178	0.1163887547	-0.129587612	-0.0812862849	0.0192879043	0.0513918217	-0.0726142002	-0.038466352	-0.0054148649	0.0227024444	-0.0174099406	0.0236829928	0.0429408689	-0.0453497118	0.06184664	-0.0610590744	0.0799499729	-0.0218237857	0.0698826145	-0.0076452329	0.0606605999	0.0064331134	-0.0111926797	0.1114597307	0.2272864107	0.0406723155	-0.0888273831	0.1653889813	-0.0622343008	0.0811565722	0.0796832699	0.0772475461	0.0738788195	0.0696177779	0.0645158866	0.0586347667	0.0520454508	-0.8704933298872959	-0.0176694642245962	0.7577586373782725	0.0003122099659842	-0.1910622533144703	0.0566536841325842	0.0365047846416028	0.0032096399257946	-1.2390855718774605	0.1071975552739841	1.535333054434893	0.0114913158567188	-0.0160379239347023	0.004072263217954	1.6583327716301874e-05	0.0002572150041352	-0.0203954132663943	0.0007053285825258	0.000415972882307	4.974884093278543e-07	-0.0242974622559016	8.120073842289924e-05	0.0005903666720769	6.593559920424105e-09	0.0	0.0	0.0	0.0	0.0	1.0	0.0	0.0	0.0	0.0	0.0	0.0	0.0	0.0	0.0	0.0	0.0	0.0	0.0	0.0	0.0	0.0	0.0	0.0	0.0	0.0	0.0	0.0	0.0	0.0	0.0	0.0	0.0	0.0	0.0	0.0	0.0	0.0	0.0	0.0	0.0	0.0	0.0	0.0	0.0	0.0	0.0	0.0	0.0	0.0	0.0	0.0	0.0	0.0	0.0	0.0	0.0	0.0	0.0	0.0	0.0	0.0	0.0	0.0	0.0	0.0	0.0	0.0	0.0	0.0	0.0	0.0	0.0	0.0	0.0	0.0	0.0	0.0	0.0	0.0	0.0	0.0	0.0	0.0	0.0	0.0	0.0	0.0	0.0	0.0	0.0	0.0	0.0	0.0	0.0	0.0	0.0	0.0	0.0	0.0	0.0	0.0	0.0	0.0
2031.2819869569248	8.950175991168862	80.10565027289553	4126106.510535672	2970.023663651316	22.08967156661174	8821040.562648784	487.9535899207752	2199.461573216822	9.433598505986083	88.99278077214286	4837631.212057418	2509.202439783563	1700.8410534736165	1.291611	41.653225	0.5049891064093861	0.2994444364147003	0.0218284054	-0.0454492856	0.0433794444	-0.043040379	-0.0657300692	0.0923824713	0.0578445121	-0.0656399034	-0.0145551478	-0.0449519563	0.1425648714	-0.0457018417	-0.0917562241	-0.0447752494	0.0335654502	-0.0361950585	0.0147542823	0.1374781858	0.1253786731	-0.006722793	-0.0719681696	0.0272722867	0.0639633635	-0.0605672147	0.0248124321	-0.0491167587	-0.0010263761	-0.03151178	-0.0961237574	-0.0130476409	-0.0676652543	-0.0564080174	0.0288265684	0.0450998155	-0.0822903317	-0.0542188875	0.0216269359	0.0107760032	-0.0025526412	-0.0004681581	0.0554819422	-0.0515764667	0.0624576185	-0.080724733	0.1296318847	-0.0872364905	0.1852586695	-0.0644682702	-0.0305014207	0.0908071956	0.0672872913	0.0741786609	0.1290387853	0.0241285264	-0.0357345046	0.1199627463	0.0061912304	0.0810582975	0.0792927819	0.0763786853	0.0723582192	0.0672896215	0.0612463124	0.054315831	0.0465985677	-0.8369661587487514	0.0335271711385445	0.70051235089064	0.0011240712045532	-0.157598275098465	0.0334639782160053	0.0248372163140114	0.0011198378380412	-1.4691134757387516	-0.2300279038612911	2.1582944045971955	0.0529128365548194	-0.0131000837135361	0.0029378402211662	8.63090516510187e-06	0.0001716121933016	-0.020620448893863	-0.0002250356274687	0.0004252029125844	5.0641033630231725e-08	-0.0252939874711376	-0.000996525215236	0.00063978580219	9.930625046011575e-07	0.0	0.0	0.0	0.0	0.0	0.0	1.0	0.0	0.0	0.0	0.0	0.0	0.0	0.0	0.0	0.0	0.0	0.0	0.0	0.0	0.0	0.0	0.0	0.0	0.0	0.0	0.0	0.0	0.0	0.0	0.0	0.0	0.0	0.0	0.0	0.0	0.0	0.0	0.0	0.0	0.0	0.0	0.0	0.0	0.0	0.0	0.0	0.0	0.0	0.0	0.0	0.0	0.0	0.0	0.0	0.0	0.0	0.0	0.0	0.0	0.0	0.0	0.0	0.0	0.0	0.0	0.0	0.0	0.0	0.0	0.0	0.0	0.0	0.0	0.0	0.0	0.0	0.0	0.0	0.0	0.0	0.0	0.0	0.0	0.0	0.0	0.0	0.0	0.0	0.0	0.0	0.0	0.0	0.0	0.0	0.0	0.0	0.0	0.0	0.0	0.0	0.0	0.0	0.0
2019.053293461711	-12.228693495213747	149.540944599883	4076576.2018385823	2965.5081710012337	-4.515492650082251	8794238.712275082	20.389673872946837	2180.7052250321294	-18.7563481846928	351.8005972254288	4755475.278482431	2500.477393758261	1668.1071531327743	1.462234	47.155647	0.5995659442638459	0.4030384453520326	0.023231484	-0.0354402556	0.0315812461	-0.0368222946	-0.0328168802	0.1025271243	0.0485341423	-0.0036057639	-0.0336132895	0.1066207813	-0.0301625131	-0.0506906695	0.0205901004	0.0284020458	0.0917500289	0.0242231703	-0.0414343982	0.0029924977	0.1783673911	-0.2203995993	-0.0641044112	0.1078280494	-0.0065766804	-0.0345614042	0.0410106211	-0.0551707191	0.004716201	0.1390918985	-0.0023689866	0.00236647	-0.0791941474	-0.2601770493	4.235e-05	0.0521376226	-0.0950775789	-0.0513263945	0.0334024026	0.0161674133	0.0433590097	-0.0252771689	0.0863846077	-0.057638654	0.0378886689	-0.0799236925	0.0795380448	-0.1039934957	0.1051112421	-0.0968088416	-0.0796077811	0.0131976411	0.0877952728	-0.0993242845	-0.0436637148	0.0698275253	-0.0214923184	-0.0950285257	-0.0760820945	0.0809511339	0.0788675135	0.0754344479	0.0707106781	0.064777029	0.0577350269	0.0497051625	0.040824829	-0.7683937318974898	0.0685724268512615	0.5904289272193515	0.0047021777242716	-0.1596504013825352	-0.0020521262840701	0.0254882506616045	4.211222285771764e-06	-1.835664560013996	-0.3665510842752444	3.369664376891377	0.1343596973833573	-0.0123253779991046	0.0007747057144315	6.001689439728218e-07	0.0001519149428208	-0.0221160284992738	-0.0014955796054107	0.0004891187165806	2.2367583561207188e-06	-0.0262715082883607	-0.000977520817223	0.0006901921477454	9.55546948104512e-07	0.0	0.0	0.0	0.0	0.0	0.0	0.0	1.0	0.0	0.0	0.0	0.0	0.0	0.0	0.0	0.0	0.0	0.0	0.0	0.0	0.0	0.0	0.0	0.0	0.0	0.0	0.0	0.0	0.0	0.0	0.0	0.0	0.0	0.0	0.0	0.0	0.0	0.0	0.0	0.0	0.0	0.0	0.0	0.0	0.0	0.0	0.0	0.0	0.0	0.0	0.0	0.0	0.0	0.0	0.0	0.0	0.0	0.0	0.0	0.0	0.0	0.0	0.0	0.0	0.0	0.0	0.0	0.0	0.0	0.0	0.0	0.0	0.0	0.0	0.0	0.0	0.0	0.0	0.0	0.0	0.0	0.0	0.0	0.0	0.0	0.0	0.0	0.0	0.0	0.0	0.0	0.0	0.0	0.0	0.0	0.0	0.0	0.0	0.0	0.0	0.0	0.0	0.0	0.0
2028.840880143168	9.787586681457014	95.79685304703472	4116195.316940105	2971.967634341592	6.459463340358525	8832591.61957396	41.72466664543571	2197.4788009841723	16.773575952042847	281.3528502189501	4828913.080774835	2504.5335789245423	1742.23805350618	1.294459	41.74506	0.3042731887612565	0.172724118877345	0.0028686307	-0.0447576463	0.0656652138	-0.0460407174	-0.0262339043	0.0732969312	0.0299578698	0.1185221349	0.0164994806	0.0150585658	0.0933987228	-0.0305547236	-0.0075449066	-0.0333798888	0.031136943	-0.0488208323	0.0512548152	0.0766671081	0.1840140655	-0.1119076882	-0.0873379919	0.0692002886	0.0823893507	-0.0343197075	0.0056832347	0.0988737737	-0.0107340984	0.0611722566	-0.1485180383	-0.0807510885	-0.025602019	-0.1597318814	0.0203480612	0.0597570445	-0.0975871523	-0.0679676108	0.0271876754	0.0056407936	0.0124944621	-0.0022906483	0.0391110509	-0.0598283922	0.0273532195	-0.0471247859	0.1084570057	-0.1572474607	0.1567625003	-0.1063304196	-0.0049655134	-0.0224037605	0.0293293803	-0.1058751881	0.0161017361	0.0684052789	-0.0487817342	0.0481653036	-0.0916762084	0.0808350932	0.0784076511	0.0744157659	0.0689390864	0.0620868871	0.0539958877	0.0448275254	0.0347647336	-0.7696093767698642	-0.0012156448723743	0.5922985928120987	1.4777924557300625e-06	-0.2005485042806896	-0.0408981028981544	0.0402197025692217	0.001672654820668	-1.713939556476113	0.1217250035378829	2.937588803253535	0.0148169764862976	-0.0138875064770949	-0.0015621284779902	2.44024538174829e-06	0.0001928628361513	-0.0218280358454074	0.0002879926538663	0.0004764631488683	8.29397686810117e-08	-0.0253129406711605	0.0009585676172001	0.0006407449654216	9.188518767448646e-07	0.0	0.0	0.0	0.0	0.0	0.0	0.0	0.0	0.0	0.0	0.0	0.0	0.0	0.0	0.0	0.0	0.0	0.0	0.0	0.0	0.0	0.0	0.0	0.0	0.0	0.0	0.0	0.0	0.0	0.0	0.0	0.0	0.0	0.0	0.0	0.0	0.0	0.0	0.0	0.0	0.0	0.0	0.0	0.0	0.0	0.0	0.0	0.0	0.0	0.0	0.0	0.0	0.0	0.0	0.0	0.0	0.0	0.0	0.0	0.0	0.0	0.0	0.0	0.0	0.0	0.0	0.0	0.0	0.0	0.0	0.0	0.0	0.0	0.0	0.0	0.0	0.0	0.0	0.0	0.0	0.0	0.0	0.0	0.0	0.0	0.0	0.0	0.0	0.0	0.0	0.0	0.0	0.0	0.0	0.0	0.0	0.0	0.0	0.0	0.0	0.0	0.0	0.0	0.0
2012.5477104682627	-16.293169674905357	265.46737805525555	4050348.286911046	2957.0716687654194	-14.895965576172784	8744272.854215102	221.8897904465246	2185.0230348265018	-12.455766157670496	155.14611057456963	4774325.662722416	2492.8529716560847	1693.332285624243	1.59842	51.547539	0.9945861502644764	0.5152557257158896	0.019737514	-0.0365769056	0.015376521	-0.031073409	-0.0416878224	0.0766535817	0.0154927797	0.0521134328	0.0921866845	0.0067407416	0.1359633386	-0.0640633874	-0.0881224021	0.0049358139	0.1116620231	0.0155739548	0.0305011581	0.0651412041	0.1820329829	-0.1268336772	-0.038364727	-0.0208981889	-0.0748933013	-0.0113857625	0.063795105	0.0636049782	0.0349507563	0.0889282033	-0.1634319436	-0.0225263785	-0.0554181072	-0.1236588656	0.0658852255	0.0347568157	-0.0615069071	-0.0428388171	0.0384718791	0.0262191961	0.0618651703	-0.0315678085	0.1698503949	-0.1044084572	0.095156197	-0.1176141582	0.1474912592	-0.0587166197	0.0226430643	-0.0694704424	0.0069774336	-0.0009094376	0.0288745624	-0.0717028674	0.0914080602	0.1012227403	0.0478998487	-0.1219659975	-0.1900029101	0.0807101879	0.0779133966	0.0733236445	0.0670465522	0.0592265694	0.0500436514	0.0397091175	0.0284607885	-0.7389611919235364	0.0306481848463278	0.5460636431690535	0.0009393112343746	-0.0840791372793177	0.1164693670013718	0.0070693013256343	0.0135651134497002	-1.349436378469136	0.3645031780069769	1.8209785395358973	0.1328625667771859	-0.0062445964068282	0.0076429100702666	5.841407434218412e-05	3.899498428417167e-05	-0.0237870954138257	-0.0019590595684183	0.0005658259082264	3.8379143926113e-06	-0.0253702794406715	-5.733876951099712e-05	0.0006436510788977	3.2877344890352523e-09	0.0	0.0	0.0	0.0	0.0	0.0	0.0	0.0	1.0	0.0	0.0	0.0	0.0	0.0	0.0	0.0	0.0	0.0	0.0	0.0	0.0	0.0	0.0	0.0	0.0	0.0	0.0	0.0	0.0	0.0	0.0	0.0	0.0	0.0	0.0	0.0	0.0	0.0	0.0	0.0	0.0	0.0	0.0	0.0	0.0	0.0	0.0	0.0	0.0	0.0	0.0	0.0	0.0	0.0	0.0	0.0	0.0	0.0	0.0	0.0	0.0	0.0	0.0	0.0	0.0	0.0	0.0	0.0	0.0	0.0	0.0	0.0	0.0	0.0	0.0	0.0	0.0	0.0	0.0	0.0	0.0	0.0	0.0	0.0	0.0	0.0	0.0	0.0	0.0	0.0	0.0	0.0	0.0	0.0	0.0	0.0	0.0	0.0	0.0	0.0	0.0	0.0	0.0	0.0
1979.5236483072565	-33.02406216100621	1090.5886816140023	3918513.874207671	2814.8121235094573	-142.25954525596217	7923167.29065582	20237.778216433147	2115.750513118067	-69.27252170843485	4798.682263845578	4476400.233759363	2376.070743987207	1684.2137711168002	2.046881	66.009956	0.9676599714720552	0.5685922257321516	0.0243523112	-0.040727815	-0.001419493	-0.0292479581	-0.0197069398	0.0679737115	-0.2902357955	-0.0604570117	0.1642024272	0.1223145522	-0.0944940477	-0.1003126838	-0.1532918084	0.3162622753	0.3408220906	0.1681944951	0.1513748984	-0.110252095	0.1275250462	-0.1593969289	-0.280532179	0.1003931389	0.1411499834	0.3144924676	0.3005065708	-0.0004363377	0.0529691661	0.1775185652	0.0652949353	0.1068707772	-0.2531199145	-0.2782562623	0.0446692729	0.0108571469	-0.0352689516	-0.0129379469	0.041715284	0.0203465984	0.1218076331	-0.0713115444	0.3260792105	-0.0790288317	0.1248662764	-0.1887924427	0.2379786582	0.1410707697	-0.0219254214	-0.0409934698	0.0886710307	-0.0001835049	-0.2532515983	-0.0321442984	0.1099308847	-0.3483165112	0.213974669	-0.3274795097	0.1492691302	0.0805764318	0.0773849666	0.0721591615	0.0650363955	0.0562039158	0.0458939156	0.0343774302	0.0219572114	-0.7677211733628866	-0.0287599814393502	0.5893958000296874	0.0008271365323917	0.036613927675404	0.1206930649547217	0.0013405796998197	0.0145668159281646	-1.0966447557793728	0.2527916226897633	1.2026297203784002	0.0639036045021236	0.0040724027749074	0.0103169991817355	0.0001064404721159	1.6584464361073488e-05	-0.0244413306399797	-0.0006542352261539	0.0005973786434528	4.280237311407727e-07	-0.0250332078007967	0.0003370716398747	0.0006266614927978	1.136172904078847e-07	0.0	0.0	0.0	0.0	0.0	0.0	0.0	0.0	0.0	1.0	0.0	0.0	0.0	0.0	0.0	0.0	0.0	0.0	0.0	0.0	0.0	0.0	0.0	0.0	0.0	0.0	0.0	0.0	0.0	0.0	0.0	0.0	0.0	0.0	0.0	0.0	0.0	0.0	0.0	0.0	0.0	0.0	0.0	0.0	0.0	0.0	0.0	0.0	0.0	0.0	0.0	0.0	0.0	0.0	0.0	0.0	0.0	0.0	0.0	0.0	0.0	0.0	0.0	0.0	0.0	0.0	0.0	0.0	0.0	0.0	0.0	0.0	0.0	0.0	0.0	0.0	0.0	0.0	0.0	0.0	0.0	0.0	0.0	0.0	0.0	0.0	0.0	0.0	0.0	0.0	0.0	0.0	0.0	0.0	0.0	0.0	0.0	0.0	0.0	0.0	0.0	0.0	0.0	0.0
1963.6298086167064	-15.893839690550069	252.61414010890465	3855842.025288083	2806.650559274774	-8.161564234683283	7877287.361877401	66.61113075686131	2104.5701317725243	-11.180381345542628	125.00092703175758	4429215.4395490205	2360.4469196976493	1676.8797992045652	2.238036	72.17452199999998	0.9274376859085086	0.467803110988586	0.0034275663	-0.0518244448	-0.0342670482	-0.0294478461	-0.0608359439	0.0412926438	-0.3256109689	-0.0381989786	0.1446813962	0.0689602307	-0.0934211463	-0.1844282495	-0.1804396907	0.4219339737	0.2688121157	0.0108739935	0.3129665736	-0.2291028421	0.0836166551	0.1287830911	0.0910582989	-0.1354257999	-0.0003190532	0.3808041503	0.2876648571	0.0248937617	-0.0123071889	0.1480055448	0.0688764911	0.0212982591	-0.2440652641	0.0603448404	-0.118389837	-0.0066042118	-0.0010866594	-0.0061767399	0.0372109553	-0.0275161497	0.1523884587	-0.1089592902	0.4473292944	-0.0617602594	0.1328227155	-0.1175483466	0.058205399	0.2488378378	-0.2361681647	0.1146910592	0.0315283532	0.0447432993	-0.101342015	0.0606725969	-0.1931560976	0.0803987914	0.0877669086	0.0710708666	0.0614558434	0.0804338397	0.0768225931	0.0709234662	0.0629121428	0.0530272111	0.0415630576	0.0288611001	0.0152996203	-0.7854840460694987	-0.0177628727066121	0.6169851866297104	0.0003155196467913	0.2144071766614672	0.1777932489860632	0.0459704374039416	0.0316104393850202	-0.8677184329644945	0.2289263228148783	0.7529352789063579	0.0524072612775418	0.0056270289204742	0.0015546261455668	2.416862452479888e-06	3.1663454471853046e-05	-0.0184394196527006	0.006001910987279	0.0003400121971284	3.6022935499221554e-05	-0.0225306401056235	0.0025025676951732	0.0005076297435691	6.262845068924507e-06	0.0	0.0	0.0	0.0	0.0	0.0	0.0	0.0	0.0	0.0	1.0	0.0	0.0	0.0	0.0	0.0	0.0	0.0	0.0	0.0	0.0	0.0	0.0	0.0	0.0	0.0	0.0	0.0	0.0	0.0	0.0	0.0	0.0	0.0	0.0	0.0	0.0	0.0	0.0	0.0	0.0	0.0	0.0	0.0	0.0	0.0	0.0	0.0	0.0	0.0	0.0	0.0	0.0	0.0	0.0	0.0	0.0	0.0	0.0	0.0	0.0	0.0	0.0	0.0	0.0	0.0	0.0	0.0	0.0	0.0	0.0	0.0	0.0	0.0	0.0	0.0	0.0	0.0	0.0	0.0	0.0	0.0	0.0	0.0	0.0	0.0	0.0	0.0	0.0	0.0	0.0	0.0	0.0	0.0	0.0	0.0	0.0	0.0	0.0	0.0	0.0	0.0	0.0	0.0
1973.640835315395	10.01102669868851	100.2206555618542	3895258.1468244498	2819.659316213508	13.008756938734225	7950478.659509629	169.2277570910658	2134.7044751716385	30.134343399114183	908.0786520957369	4556963.196317821	2401.530781264752	1586.9592091778802	2.767392	89.245743	3.804212423771322	2.0416635854780347	-0.0828488974	0.0222233015	-0.1406580742	-0.0100683889	-0.0775089511	0.0112091696	-0.256449578	-0.1341001133	0.1519124559	0.0802782723	-0.0054582713	-0.2647263575	-0.0290616928	0.282602579	0.0148302604	-0.1226893396	0.1012667544	0.0990583642	0.0023169841	0.1836683021	0.3086649403	-0.4531027723	-0.1093672404	0.2532885227	0.1583840534	-0.0764619071	-0.1029383474	0.1418092235	-0.0748146376	-0.1295764499	0.0060227486	0.5493394983	0.1484323657	-0.1131528375	0.1071162822	0.0552815535	0.024421678	-0.0988689976	0.0520448066	0.0166759902	0.4006101281	0.0510161899	0.0229601891	0.2272715352	-0.2485647481	0.0362931107	-0.15950933	0.1312352793	-0.1463479567	-0.0265223827	-0.0710708096	-0.0413002524	-0.0461945452	0.0234820015	-0.304347369	0.2159110254	0.0791935166	0.080282427	0.0762265226	0.0696177779	0.0606775209	0.0497051625	0.0370681691	0.0231897558	0.0085347133	-0.0290638098110775	0.7564202362584213	0.0008447050407344	0.5721715738212458	0.1975562833709716	-0.0168508932904955	0.0390284850993516	0.0002839526046876	-0.1205867765041688	0.7471316564603256	0.0145411706676663	0.55820571208515	0.0088578659070099	0.0032308369865357	1.0438307633567086e-05	7.846178842656833e-05	0.0005381616887556	0.0189775813414562	2.8961800324427925e-07	0.0003601485935715	0.0009371343216262	0.0234677744272497	8.782207367697981e-07	0.0005507364365682	0.0	0.0	0.0	0.0	0.0	0.0	0.0	0.0	0.0	0.0	0.0	1.0	0.0	0.0	0.0	0.0	0.0	0.0	0.0	0.0	0.0	0.0	0.0	0.0	0.0	0.0	0.0	0.0	0.0	0.0	0.0	0.0	0.0	0.0	0.0	0.0	0.0	0.0	0.0	0.0	0.0	0.0	0.0	0.0	0.0	0.0	0.0	0.0	0.0	0.0	0.0	0.0	0.0	0.0	0.0	0.0	0.0	0.0	0.0	0.0	0.0	0.0	0.0	0.0	0.0	0.0	0.0	0.0	0.0	0.0	0.0	0.0	0.0	0.0	0.0	0.0	0.0	0.0	0.0	0.0	0.0	0.0	0.0	0.0	0.0	0.0	0.0	0.0	0.0	0.0	0.0	0.0	0.0	0.0	0.0	0.0	0.0	0.0	0.0	0.0	0.0	0.0	0.0	0.0
1987.752891800896	14.112056485500943	199.15013824996925	3951161.558862824	2941.5418042634665	121.88248804995828	8652668.18622957	14855.340893248223	2159.948511164942	25.24403599330344	637.2613532311997	4665377.570883649	2450.361843696894	1558.8786689161589	2.290209	73.857056	0.652775867224963	0.3509355024222736	-0.0890722977	0.0467479464	-0.1907972173	0.0256162594	-0.0826886837	-0.0270939788	-0.0719088502	0.1967725446	-0.1986282199	0.0027919357	-0.2046029183	-0.2823508006	-0.055594635	0.1923784793	-0.1895538071	-0.1766036683	-0.1538951735	0.1277386854	0.0436625678	0.1394262366	0.2177331663	0.0040248209	0.0115763897	0.1617022599	-0.1132340837	-0.005618587	-0.2734002675	0.0745868925	-0.173285152	-0.0627454882	-0.0086978509	0.0619589188	-0.1497844556	-0.1417283913	0.1351863963	0.0790553353	0.015588614	-0.1268898531	-0.0175593099	0.0514116778	0.1639403497	0.1081870128	0.0017628868	0.1242144167	-0.1676229932	-0.0389120154	0.1058409034	0.0370314863	-0.0850416699	0.0254523091	0.1205248172	0.0156205109	0.0538611714	-0.0998011215	0.0164848883	-0.0765679696	0.0110954399	0.0801222105	0.0755970167	0.0682433853	0.05833645	0.0462468756	0.0324269895	0.0173938582	0.0017099414	0.0011304999891876	0.0301943098002651	1.2780302255531637e-06	0.0009116963443143	0.1492598057628953	-0.0482964776080763	0.0222784896163772	0.0023325497493474	0.0766427311076327	0.1972295076118015	0.0058741082316368	0.0388994786727936	0.0051021490137187	-0.0037557168932912	1.4105409382552908e-05	2.6031924558190704e-05	0.0029943076037513	0.0024561459149957	8.965878025882853e-06	6.032652755750065e-06	0.0022663829574357	0.0013292486358095	5.13649170975499e-06	1.7669019358014167e-06	0.0	0.0	0.0	0.0	0.0	0.0	0.0	0.0	0.0	0.0	0.0	0.0	1.0	0.0	0.0	0.0	0.0	0.0	0.0	0.0	0.0	0.0	0.0	0.0	0.0	0.0	0.0	0.0	0.0	0.0	0.0	0.0	0.0	0.0	0.0	0.0	0.0	0.0	0.0	0.0	0.0	0.0	0.0	0.0	0.0	0.0	0.0	0.0	0.0	0.0	0.0	0.0	0.0	0.0	0.0	0.0	0.0	0.0	0.0	0.0	0.0	0.0	0.0	0.0	0.0	0.0	0.0	0.0	0.0	0.0	0.0	0.0	0.0	0.0	0.0	0.0	0.0	0.0	0.0	0.0	0.0	0.0	0.0	0.0	0.0	0.0	0.0	0.0	0.0	0.0	0.0	0.0	0.0	0.0	0.0	0.0	0.0	0.0	0.0	0.0	0.0	0.0	0.0	0.0
1989.8677288251847	2.1148370242888177	4.472535639302781	3959573.578219899	2921.2023736251026	-20.339430638363865	8533423.307672933	413.6924386928147	2176.656555440002	16.708044275060274	279.1587434973744	4737833.760339935	2464.839030009382	1582.395786886375	1.520561	49.036636	0.4725445210833977	0.222558075539657	-0.0876742457	0.0469505109	-0.1569033457	0.0056509366	-0.0402717422	-0.0216869891	-0.0322498722	-0.0803761208	-0.099507326	-0.036121031	-0.0415832255	-0.1304855598	-0.0281515605	0.1273916451	-0.1446659272	-0.091519856	-0.0522928559	0.0171149007	0.1288145704	0.1354878772	0.0754401757	0.0447843895	-0.0591922678	0.0790489795	-0.0816575492	-0.1375117367	-0.1188722789	0.0582758722	-0.0791406191	-0.0271078263	-0.0233486954	0.1894771154	-0.0654452122	-0.1402668602	0.1294016858	0.0493068494	0.0233971375	-0.0997270536	0.0012013773	0.0693291521	0.1286146289	0.0736152021	-0.0248873082	0.1616712471	-0.1306834618	-0.0530393718	0.009866819	-0.0609119763	-0.0224779984	-0.0436479049	0.1829556092	-0.0790595469	0.012209894	-0.0052425545	0.0662840911	-0.0817781666	-0.0755305616	0.0799532077	0.0749343514	0.0668016447	0.0558930371	0.0426618292	0.0276578354	0.0115045374	-0.0051268245	0.0126931877446025	0.0115626877554149	0.0001611170151197	0.0001336957481292	0.1054476575989724	-0.0438121481639229	0.0111192084931101	0.0019195043267375	-0.0521816218864472	-0.1288243529940799	0.0027229216627001	0.0165957139243433	0.0024289401693936	-0.0026732088443251	7.146045525377937e-06	5.89975034649381e-06	0.0012940627861461	-0.0017002448176052	1.6745984944882068e-06	2.8908324397933403e-06	0.0008729299759664	-0.0013934529814693	7.620067429406996e-07	1.941711211565682e-06	0.0	0.0	0.0	0.0	0.0	0.0	0.0	0.0	0.0	0.0	0.0	0.0	0.0	1.0	0.0	0.0	0.0	0.0	0.0	0.0	0.0	0.0	0.0	0.0	0.0	0.0	0.0	0.0	0.0	0.0	0.0	0.0	0.0	0.0	0.0	0.0	0.0	0.0	0.0	0.0	0.0	0.0	0.0	0.0	0.0	0.0	0.0	0.0	0.0	0.0	0.0	0.0	0.0	0.0	0.0	0.0	0.0	0.0	0.0	0.0	0.0	0.0	0.0	0.0	0.0	0.0	0.0	0.0	0.0	0.0	0.0	0.0	0.0	0.0	0.0	0.0	0.0	0.0	0.0	0.0	0.0	0.0	0.0	0.0	0.0	0.0	0.0	0.0	0.0	0.0	0.0	0.0	0.0	0.0	0.0	0.0	0.0	0.0	0.0	0.0	0.0	0.0	0.0	0.0
2002.5378942966893	12.67016547150456	160.5330930753064	4010158.0180942174	2926.800065532484	5.597691907381432	8566158.623600952	31.33415468996357	2179.5890664104777	2.932510970475505	8.599620591959189	4750608.498416098	2457.4211665496364	1608.4537021295985	1.374868	44.338184	0.3951193270787161	0.1948379462548996	-0.1049235597	0.0348454627	-0.1678377883	0.0149542408	-0.0378881839	-0.0674115583	-0.0714454221	0.1468972442	-0.0537972491	-0.0300590928	-0.133084214	-0.0815333029	-0.0142191761	0.1068715834	-0.1328892934	-0.132393592	-0.1398641466	0.0150697679	0.0695386012	0.038086708	-0.0469150885	0.0434985194	-0.0209024969	0.1164240182	-0.0972973492	0.0541305469	-0.168839766	0.0125016183	-0.1151332448	0.0286099965	0.0630753813	0.0141541345	-0.0493273297	-0.1347987886	0.1345649622	0.0604053994	-0.0033709444	-0.0974090438	-0.0167031973	0.0787066616	0.0712468102	0.0678419446	-0.0396352336	0.1098673843	-0.0643064065	-0.0783660324	0.1038228437	-0.0508001362	0.109020219	-0.0969774592	0.0815127074	-0.0257153627	0.0535220814	-0.1080975417	0.1020852763	-0.0098111322	-0.0564668204	0.0797754371	0.0742388174	0.0652939789	0.0533515689	0.0389598496	0.0227795284	0.0055534252	-0.0119276293	0.0442406887263899	0.0315475009817874	0.0019572385389853	0.0009952448181958	0.0297714308758543	-0.0756762267231181	0.0008863380963957	0.0057268912910487	0.0672798956508984	0.1194615175373456	0.0045265843587957	0.0142710541723255	0.0002162088793429	-0.0022127312900507	4.896179761969435e-06	4.674627950671269e-08	0.0004791313123138	-0.0008149314738323	2.2956681443954413e-07	6.641133070424846e-07	0.0012139488488127	0.0003410188728463	1.4736718075336798e-06	1.1629387163736101e-07	0.0	0.0	0.0	0.0	0.0	0.0	0.0	0.0	0.0	0.0	0.0	0.0	0.0	0.0	0.0	0.0	0.0	0.0	0.0	0.0	0.0	0.0	0.0	0.0	0.0	0.0	0.0	0.0	0.0	0.0	0.0	0.0	0.0	0.0	0.0	0.0	0.0	0.0	0.0	0.0	0.0	0.0	0.0	0.0	0.0	0.0	0.0	0.0	0.0	0.0	0.0	0.0	0.0	0.0	0.0	0.0	0.0	0.0	0.0	0.0	0.0	0.0	0.0	0.0	0.0	0.0	0.0	0.0	0.0	0.0	0.0	0.0	0.0	0.0	0.0	0.0	0.0	0.0	0.0	0.0	0.0	0.0	0.0	0.0	0.0	0.0	0.0	0.0	0.0	0.0	0.0	0.0	0.0	0.0	0.0	0.0	0.0	0.0	0.0	0.0	0.0	0.0	0.0	0.0
2003.1595816252584	0.6216873285691236	0.3864951345034134	4012648.30945708	2900.486865394994	-26.313200137490185	8412824.056328878	692.3845014756134	2176.647842473282	-2.9412239371959004	8.650798248734153	4737795.830143592	2451.9048646310307	1578.9462643181146	1.115921	35.987377	0.3367573227079899	0.1820659462971512	-0.094055648	0.0431556916	-0.1896799904	0.042968396	-0.0615552254	-0.0477849932	-0.0843002273	0.0244628009	-0.0562780401	-0.0835645399	-0.0882812926	-0.0110156974	0.0855358367	0.1124492578	-0.1476500436	-0.1177610891	-0.1171939589	0.0511023322	-0.0261952628	0.0153366318	0.0098767027	0.0293013984	-0.0042870498	0.1115772228	-0.0922761935	-0.007188415	-0.1400370691	-0.0676231877	-0.01634404	0.0025657705	0.1031650839	0.0417916574	-0.0166109969	-0.1349041499	0.1264296778	0.0835026106	-0.0110159225	-0.1129919173	-0.0365749385	0.0564161781	0.0761555653	0.0933150455	-0.000422512	0.0533877467	-0.1002871563	-0.1013890664	0.0887074431	0.0334729683	0.0382201279	-0.0589925772	0.0110696048	-0.0067967702	0.0201017714	-0.0084951585	0.0537152995	-0.0066104269	-0.0880143785	0.0795889182	0.0735107199	0.0637218759	0.0507165039	0.0351510839	0.0178113211	-0.0004275147	-0.0186447705	0.1585560450266427	0.1143153563002528	0.0251400194144907	0.0130680006860537	0.0233735982555742	-0.0063978326202801	0.0005463250954129	4.093226223712014e-05	0.155673822848648	0.0883939271977496	0.0242343391203122	0.007813486365441	7.018591070445104e-05	-0.0001460229686384	2.1322707369985448e-08	4.926062061413175e-09	0.0012921014508844	0.0008129701385706	1.6695261593775717e-06	6.609204462075007e-07	0.0028079598733978	0.001594011024585	7.884638650612188e-06	2.54087114649884e-06	0.0	0.0	0.0	0.0	0.0	0.0	0.0	0.0	0.0	0.0	0.0	0.0	0.0	0.0	0.0	0.0	0.0	0.0	0.0	0.0	0.0	0.0	0.0	0.0	0.0	0.0	0.0	0.0	0.0	0.0	0.0	0.0	0.0	0.0	0.0	0.0	0.0	0.0	0.0	0.0	0.0	0.0	0.0	0.0	0.0	0.0	0.0	0.0	0.0	0.0	0.0	0.0	0.0	0.0	0.0	0.0	0.0	0.0	0.0	0.0	0.0	0.0	0.0	0.0	0.0	0.0	0.0	0.0	0.0	0.0	0.0	0.0	0.0	0.0	0.0	0.0	0.0	0.0	0.0	0.0	0.0	0.0	0.0	0.0	0.0	0.0	0.0	0.0	0.0	0.0	0.0	0.0	0.0	0.0	0.0	0.0	0.0	0.0	0.0	0.0	0.0	0.0	0.0	0.0
2020.417861254352	17.258279629093522	297.8482157559844	4082088.3340756097	2926.799061022307	26.31219562731303	8566152.743601058	692.331638729991	2186.165834369081	9.51799189579924	90.59216972850004	4779321.05536266	2471.078073184656	1591.0549856718692	1.129645	36.42997	0.4379426590747353	0.2009125994709625	-0.0656165583	0.0610339635	-0.1996274086	0.0834694432	-0.0156453163	-0.0204614103	-0.0303870133	0.0262255171	-0.0727590377	-0.0729145467	-0.0633355063	0.0151713999	0.0922547287	0.0762571606	-0.1331815027	-0.1101620634	-0.0882833775	0.0458649677	-0.0539608878	-0.013072425	-0.0606900038	0.0364528709	0.0145697348	0.0601458909	-0.0996583648	-0.0369022662	-0.1328498819	-0.0699028766	0.0042728934	0.0072830777	0.110329398	-0.0202048311	-0.0284367998	-0.1300194105	0.1365574373	0.1057889389	-0.0060315715	-0.0500184706	-0.0569160982	0.0211890038	-0.0380415828	0.0940625862	0.004079304	-0.0390412155	-0.0603610743	-0.075007488	0.087333527	-0.0227372364	-0.0004565746	-0.0154317516	-0.0039195403	-0.0224847121	0.0389903951	-0.0230439056	0.110963702	-0.0471548554	-0.0695170842	0.0793936715	0.0727503781	0.0620868871	0.0479924649	0.0312459714	0.0127728206	-0.0064061583	-0.0252311319	0.0657368364161072	-0.0928192086105355	0.004321331661998	0.0086154054870861	-0.0172649526088264	-0.0406385508644006	0.000298078588585	0.0016514918163584	0.2366275780283047	0.0809537551796567	0.0559926106835414	0.0065535104776877	-0.001904995763843	-0.0019751816745474	3.901342647468073e-06	3.629008860259775e-06	0.0022852623981517	0.0009931609472673	5.22242422840606e-06	9.863686671768807e-07	0.0013056796068097	-0.001502280266588	1.704799235638733e-06	2.2568459993800123e-06	0.0	0.0	0.0	0.0	0.0	0.0	0.0	0.0	0.0	0.0	0.0	0.0	0.0	0.0	0.0	0.0	0.0	0.0	0.0	0.0	0.0	0.0	0.0	0.0	0.0	0.0	0.0	0.0	0.0	0.0	0.0	0.0	0.0	0.0	0.0	0.0	0.0	0.0	0.0	0.0	0.0	0.0	0.0	0.0	0.0	0.0	0.0	0.0	0.0	0.0	0.0	0.0	0.0	0.0	0.0	0.0	0.0	0.0	0.0	0.0	0.0	0.0	0.0	0.0	0.0	0.0	0.0	0.0	0.0	0.0	0.0	0.0	0.0	0.0	0.0	0.0	0.0	0.0	0.0	0.0	0.0	0.0	0.0	0.0	0.0	0.0	0.0	0.0	0.0	0.0	0.0	0.0	0.0	0.0	0.0	0.0	0.0	0.0	0.0	0.0	0.0	0.0	0.0	0.0
2031.115297251725	10.697435997373075	114.43513691789332	4125429.3507299633	2928.970011982165	2.1709509598581462	8578865.331090804	4.713028070109006	2190.991262724905	4.825428355823988	23.28475881719019	4800442.713336874	2472.0781570849463	1611.3322377929474	0.8566319999999998	27.625574	0.1476298839655779	0.0766896133940935	-0.0501215648	0.0692377874	-0.1757327606	0.0890203651	0.0086686158	-0.009582531	-0.0282134985	0.028039531	-0.0829135583	-0.0574151705	-0.0583895796	0.0236930281	0.1321312264	0.0603208898	-0.1124452712	-0.1064031362	-0.0388177865	0.0290377459	-0.1153225597	-0.0311748081	-0.0781553059	0.0064559872	-0.0141529314	0.054641966	-0.0979654202	-0.0286896752	-0.1271321199	-0.0934233699	0.0473690711	0.0021072907	0.0808338367	-0.0562766993	0.0002067637	-0.1233019066	0.1401867734	0.1036856065	0.000674212	-0.0158001748	-0.064038994	0.005058242	-0.0553036017	0.0805365809	0.020959082	-0.0604519114	-0.0348291292	-0.0437895672	0.0307830519	-0.018742041	-0.0200972907	0.0010914664	-0.0631568471	-0.026749439	0.0252232402	0.0308661422	0.0673887787	-0.0084281251	-0.0474772531	0.0791897184	0.0719581255	0.060390626	0.0451842308	0.0272552159	0.0076839116	-0.0123503943	-0.0316405151	0.0395012077971443	-0.0262356286189629	0.0015603454174331	0.0006883082090321	-0.0120418907774251	0.0052230618314012	0.0001450071334954	2.7280374894641098e-05	0.2563713044655884	0.0197437264372837	0.0657262457533874	0.0003898147336302	-0.0030477474458727	-0.0011427516820296	1.3058814067817082e-06	9.288764493823566e-06	0.002102936581577	-0.0001823258165747	4.422342266134758e-06	3.3242703389631275e-08	0.0007022077638555	-0.0006034718429542	4.930957436189416e-07	3.6417826523853885e-07	0.0	0.0	0.0	0.0	0.0	0.0	0.0	0.0	0.0	0.0	0.0	0.0	0.0	0.0	0.0	0.0	0.0	0.0	0.0	0.0	0.0	0.0	0.0	0.0	0.0	0.0	0.0	0.0	0.0	0.0	0.0	0.0	0.0	0.0	0.0	0.0	0.0	0.0	0.0	0.0	0.0	0.0	0.0	0.0	0.0	0.0	0.0	0.0	0.0	0.0	0.0	0.0	0.0	0.0	0.0	0.0	0.0	0.0	0.0	0.0	0.0	0.0	0.0	0.0	0.0	0.0	0.0	0.0	0.0	0.0	0.0	0.0	0.0	0.0	0.0	0.0	0.0	0.0	0.0	0.0	0.0	0.0	0.0	0.0	0.0	0.0	0.0	0.0	0.0	0.0	0.0	0.0	0.0	0.0	0.0	0.0	0.0	0.0	0.0	0.0	0.0	0.0	0.0	0.0
2039.6264561549392	8.51115890321421	72.4398258757625	4160076.080647156	2930.234546540913	1.2645345587479824	8586274.49774183	1.5990476502679545	2197.8824996617964	6.891236936891346	47.48914652037562	4830687.482319586	2475.820571207928	1639.956812601782	0.809407	26.102598	0.0912724120177526	0.0581160904089488	-0.0310136847	0.0707450261	-0.1570553426	0.0937596799	0.0317852848	-0.0078675027	-0.0257436194	0.0137907932	-0.0805630806	-0.057688883	-0.0181248668	0.0504422829	0.1424778789	0.0380043419	-0.1108727482	-0.1063682256	-0.0098172337	0.0176004753	-0.0960817194	-0.0314486241	-0.091666152	0.0052234023	0.0366516413	0.0433096657	-0.0936824558	-0.0222469065	-0.1075625657	-0.1085567911	0.0421139939	-0.0073992285	0.1093061745	-0.0412921471	0.0232267344	-0.1113342896	0.1343773454	0.1066300086	0.0033897019	0.0186324932	-0.0790256127	-0.0242274427	-0.1041780215	0.0709851302	0.0298492852	-0.0942909714	0.0026348089	-0.0442250481	0.0295329225	-0.0040880764	-0.0089583051	0.0282504557	-0.0855317571	-0.0109075274	0.0293488621	0.0275489043	0.040564941	-0.0110725146	-0.0184798217	0.0789770813	0.0711343098	0.0586347667	0.0422967282	0.0231897558	0.0025646777	-0.0182282956	-0.0378279629	0.0413097023764947	0.0018084945793504	0.0017064915104345	3.2706526435397867e-06	-0.0155350871768007	-0.0034931963993756	0.0002413389335907	1.2202421084610664e-05	0.2900717568429201	0.0337004523773316	0.0841416241179381	0.0011357204904367	-0.0038759844847976	-0.0008282370389249	6.859765926470865e-07	1.5023255726391716e-05	0.002104229369952	1.2927883750002249e-06	4.427781241368591e-06	1.6713017825357222e-12	0.0009180833097895	0.000215875545934	8.42876963714043e-07	4.6602251332302586e-08	0.0	0.0	0.0	0.0	0.0	0.0	0.0	0.0	0.0	0.0	0.0	0.0	0.0	0.0	0.0	0.0	0.0	0.0	0.0	0.0	0.0	0.0	0.0	0.0	0.0	0.0	0.0	0.0	0.0	0.0	0.0	0.0	0.0	0.0	0.0	0.0	0.0	0.0	0.0	0.0	0.0	0.0	0.0	0.0	0.0	0.0	0.0	0.0	0.0	0.0	0.0	0.0	0.0	0.0	0.0	0.0	0.0	0.0	0.0	0.0	0.0	0.0	0.0	0.0	0.0	0.0	0.0	0.0	0.0	0.0	0.0	0.0	0.0	0.0	0.0	0.0	0.0	0.0	0.0	0.0	0.0	0.0	0.0	0.0	0.0	0.0	0.0	0.0	0.0	0.0	0.0	0.0	0.0	0.0	0.0	0.0	0.0	0.0	0.0	0.0	0.0	0.0	0.0	0.0
2043.456899477892	3.83044332295276	14.672296050353385	4175716.1000238	2932.5863849840666	2.3518384431536106	8600062.905393917	5.531144062695199	2194.73921606551	-3.1432835962864374	9.8802317666834	4816880.226535849	2475.627508895275	1658.7336753552186	0.7404849999999998	23.879925	0.0817178263804624	0.0406377116643301	-0.0186101971	0.0767609137	-0.134201752	0.0948714097	0.0388828642	-0.0034426786	-0.0245968801	0.0247352422	-0.0750850139	-0.031605436	-0.0014845599	0.0430508734	0.1503820166	0.0408212487	-0.0947835015	-0.1018191588	0.0051115038	0.0261355299	-0.1530951469	-0.0351710052	-0.109668049	0.0539120081	0.0279011169	0.0431965453	-0.0915139877	-0.015136425	-0.1014974494	-0.1189021032	0.0569138502	-0.0318243089	0.0839996734	-0.0647766453	0.0116121233	-0.1015630169	0.1349428969	0.1008434065	0.0072487251	0.0392491288	-0.0740601669	-0.0380815176	-0.0984630716	0.0611515282	0.0454771551	-0.0889530064	0.0096247156	-0.0238396712	-0.0097303135	0.002188405	-0.0239509758	0.0482751014	-0.1151191453	-0.0090722755	0.0075913354	0.058737469	0.0118423173	0.0203273205	-0.0134692911	0.0787557834	0.0702792922	0.0568210419	0.0393350228	0.0190607341	-0.0025646777	-0.024008292	-0.0437500746	0.0142431875635793	-0.0270665148129154	0.0002028683919713	0.0007325962241177	-0.0081620299027065	0.0073730572740942	6.661873213267506e-05	5.436197356707341e-05	0.3107816047345579	0.0207098478916378	0.0965852058413869	0.0004288977996947	-0.0042669078011632	-0.0003909233163656	1.5282103927827933e-07	1.8206502183627376e-05	0.0019921125420385	-0.0001121168279135	3.968512380147094e-06	1.25701831013854e-08	0.0008897553260323	-2.8327983757200025e-05	7.916645402028445e-07	8.024746637481883e-10	0.0	0.0	0.0	0.0	0.0	0.0	0.0	0.0	0.0	0.0	0.0	0.0	0.0	0.0	0.0	0.0	0.0	0.0	0.0	0.0	0.0	0.0	0.0	0.0	0.0	0.0	0.0	0.0	0.0	0.0	0.0	0.0	0.0	0.0	0.0	0.0	0.0	0.0	0.0	0.0	0.0	0.0	0.0	0.0	0.0	0.0	0.0	0.0	0.0	0.0	0.0	0.0	0.0	0.0	0.0	0.0	0.0	0.0	0.0	0.0	0.0	0.0	0.0	0.0	0.0	0.0	0.0	0.0	0.0	0.0	0.0	0.0	0.0	0.0	0.0	0.0	0.0	0.0	0.0	0.0	0.0	0.0	0.0	0.0	0.0	0.0	0.0	0.0	0.0	0.0	0.0	0.0	0.0	0.0	0.0	0.0	0.0	0.0	0.0	0.0	0.0	0.0	0.0	0.0
2046.4879643402635	3.0310648623715224	9.187354199903297	4188112.988189556	2932.2653429533307	-0.3210420307359527	8598180.041485215	0.1030679854990644	2199.1940172864247	4.45480122091476	19.84525391786364	4836454.325668403	2479.6713900378822	1651.3449667216014	0.7807199999999999	25.177485	0.1213075370595944	0.0626393854800008	-0.012281546	0.0908245647	-0.1311405848	0.109509772	0.0381566241	0.0139200577	-0.019336837	-0.000472222	-0.0514196974	-0.0194247734	0.0265873031	0.0409081826	0.1897859151	0.0245328294	-0.0776766876	-0.0712847658	-0.0004325883	0.0318619546	-0.1598360821	-0.0471196486	-0.0782275013	0.0698007899	0.0094206177	0.0268811185	-0.0657560198	-0.0075708238	-0.0743592897	-0.1121765766	0.0838408254	-0.0220778478	0.0585287847	-0.0382145944	0.0171334525	-0.0937597092	0.1322102408	0.1004997601	0.0108585761	0.0611934735	-0.0675884056	-0.0556540179	-0.127666135	0.0545389887	0.0496126423	-0.1083105095	0.0374341723	-0.0147125569	-0.0066117433	-0.0078052387	-0.0311034829	0.0572582371	-0.0891310103	-0.0052406346	-0.0043893614	0.0353292686	0.012423091	-0.0136950136	0.0061822167	0.0785258491	0.0693934478	0.0549512416	0.0363043104	0.0148794683	-0.0076839116	-0.0296593388	-0.049365311	0.0104931786354001	-0.0037500089281792	0.0001101067978744	1.406256696142372e-05	-0.0339895328433073	-0.0258275029406008	0.0011552883429062	0.0006670599081467	0.2935089942840534	-0.0172726104505044	0.0861475297256365	0.0002983430717748	-0.0053021164447107	-0.0010352086435474	1.0716569356754535e-06	2.811243879327163e-05	0.0017627502699688	-0.0002293622720696	3.107288514275077e-06	5.2607051848975084e-08	0.0006651779468433	-0.0002245773791889	4.424617009666681e-07	5.0434999243399885e-08	0.0	0.0	0.0	0.0	0.0	0.0	0.0	0.0	0.0	0.0	0.0	0.0	0.0	0.0	0.0	0.0	0.0	0.0	0.0	0.0	0.0	0.0	0.0	0.0	0.0	0.0	0.0	0.0	0.0	0.0	0.0	0.0	0.0	0.0	0.0	0.0	0.0	0.0	0.0	0.0	0.0	0.0	0.0	0.0	0.0	0.0	0.0	0.0	0.0	0.0	0.0	0.0	0.0	0.0	0.0	0.0	0.0	0.0	0.0	0.0	0.0	0.0	0.0	0.0	0.0	0.0	0.0	0.0	0.0	0.0	0.0	0.0	0.0	0.0	0.0	0.0	0.0	0.0	0.0	0.0	0.0	0.0	0.0	0.0	0.0	0.0	0.0	0.0	0.0	0.0	0.0	0.0	0.0	0.0	0.0	0.0	0.0	0.0	0.0	0.0	0.0	0.0	0.0	0.0
2047.8065194321164	1.318555091852886	1.7385875302511729	4193511.541028679	2938.5369153474508	6.271572394120085	8634999.20285971	39.332620294689136	2195.875303854674	-3.318713431750893	11.013858842083792	4821868.350078856	2486.618729790172	1653.976967663472	0.851473	27.459198	0.1933805660711036	0.106116519086058	-0.015214547	0.1013010066	-0.1113265545	0.0963054661	0.0519691534	0.0125692243	0.016746491	-0.0568299353	-0.0789414857	0.0273945205	-0.1125202493	0.0737714102	0.1318989339	0.0387263894	-0.068568567	-0.0668294765	0.0071808491	0.0009734166	-0.1246936046	-0.0199571674	-0.0889945416	0.0459475104	-0.0198446851	0.0020779815	-0.065694529	-0.0983663014	-0.099582923	-0.0575897999	0.1135737795	0.0303025188	0.0485920799	-0.06630839	0.0327362007	-0.0857089899	0.128120865	0.0697587683	0.0167507165	0.0641322431	-0.0456953144	-0.0449231516	-0.1093004632	0.0294287402	0.017581856	-0.0655065323	0.0428887141	-0.0074047551	-0.0361997906	-0.0340606298	-0.0248391869	0.0338539074	-0.0739087552	-0.003335597	-0.0232062105	0.0516708395	-0.0052567371	0.0090091757	-0.0032620466	0.0782873035	0.0684771651	0.0530272111	0.0332099078	0.010657419	-0.0127728206	-0.0351510839	-0.0546342852	-0.0393612049998779	-0.049854383635278	0.0015493044590424	0.0024854595676534	-0.0287955520890648	0.0051939807542425	0.000829183820114	2.697743607544152e-05	0.2065828525719553	-0.0869261417120981	0.0426764749767662	0.0075561541129517	-0.0060334716474343	-0.0007313552027236	5.348804325508787e-07	3.6402780120393565e-05	0.0015868701696213	-0.0001758801003474	2.5181569352339336e-06	3.0933809698246613e-08	0.0005442920505247	-0.0001208858963186	2.962538362643826e-07	1.461339992875131e-08	0.0	0.0	0.0	0.0	0.0	0.0	0.0	0.0	0.0	0.0	0.0	0.0	0.0	0.0	0.0	0.0	0.0	0.0	0.0	0.0	0.0	0.0	0.0	0.0	0.0	0.0	0.0	0.0	0.0	0.0	0.0	0.0	0.0	0.0	0.0	0.0	0.0	0.0	0.0	0.0	0.0	0.0	0.0	0.0	0.0	0.0	0.0	0.0	0.0	0.0	0.0	0.0	0.0	0.0	0.0	0.0	0.0	0.0	0.0	0.0	0.0	0.0	0.0	0.0	0.0	0.0	0.0	0.0	0.0	0.0	0.0	0.0	0.0	0.0	0.0	0.0	0.0	0.0	0.0	0.0	0.0	0.0	0.0	0.0	0.0	0.0	0.0	0.0	0.0	0.0	0.0	0.0	0.0	0.0	0.0	0.0	0.0	0.0	0.0	0.0	0.0	0.0	0.0	0.0
2051.987917051164	4.18139761904763	17.484086048577186	4210654.411723975	2931.541104286596	-6.995811060854976	8593933.246121874	48.94137239918082	2202.7339009867087	6.858597132034902	47.04035461955738	4852036.638556124	2476.169832258426	1673.2853437732715	0.8095069999999999	26.105825	0.1435208715176227	0.0733473682710562	-0.0104090224	0.1106271871	-0.0977504322	0.100093776	0.0745181121	0.0119269664	-0.0263648036	0.0668165017	-0.0664737142	-0.0164884726	-0.040523647	0.0807575374	0.1485572746	0.0269284528	-0.0889782104	-0.052461659	0.0070510669	0.0115561421	-0.1141189388	-0.0300962868	-0.1373530794	-0.0086317107	-0.000701175	0.0435575811	-0.0826703757	0.0291134802	-0.0824571316	-0.0800877619	0.0634391354	0.0076180688	0.0694576401	-0.0696660654	0.045315851	-0.0855887015	0.1350328857	0.0578570381	0.0194342658	0.080981686	-0.0489509213	-0.0464431313	-0.1170536987	0.0155589567	-0.0019888104	-0.0596933123	0.0612552126	0.0186753531	-0.0259301897	-0.0232732069	-0.0059099279	0.0274851094	-0.0854387878	-0.0041989591	-0.0102832042	0.0173706718	-0.0325314269	0.0047486637	0.0086167788	0.0780401729	0.0675308461	0.0510508491	0.0300572439	0.0064061583	-0.0178113211	-0.0404540309	-0.0595200392	-0.0991503608642858	-0.0597891558644079	0.009830794059518	0.0035747431589784	-0.0336677292605003	-0.0048721771714355	0.0011335159935583	2.373811038985726e-05	0.2209406612521647	0.0143578086802093	0.0488147757945437	0.0002061466700974	-0.0058142999618595	0.0002191716855747	4.803622775769893e-08	3.3806084046479386e-05	0.0007228223838529	-0.0008640477857684	5.224721985987891e-07	7.46578576091275e-07	0.0007511071752129	0.0002068151246881	5.64161988656302e-07	4.277249579979568e-08	0.0	0.0	0.0	0.0	0.0	0.0	0.0	0.0	0.0	0.0	0.0	0.0	0.0	0.0	0.0	0.0	0.0	0.0	0.0	0.0	0.0	0.0	0.0	0.0	0.0	0.0	0.0	0.0	0.0	0.0	0.0	0.0	0.0	0.0	0.0	0.0	0.0	0.0	0.0	0.0	0.0	0.0	0.0	0.0	0.0	0.0	0.0	0.0	0.0	0.0	0.0	0.0	0.0	0.0	0.0	0.0	0.0	0.0	0.0	0.0	0.0	0.0	0.0	0.0	0.0	0.0	0.0	0.0	0.0	0.0	0.0	0.0	0.0	0.0	0.0	0.0	0.0	0.0	0.0	0.0	0.0	0.0	0.0	0.0	0.0	0.0	0.0	0.0	0.0	0.0	0.0	0.0	0.0	0.0	0.0	0.0	0.0	0.0	0.0	0.0	0.0	0.0	0.0	0.0
2051.970346393633	-0.0175706575309959	0.0003087280060715	4210582.302478806	2933.5278069747123	1.9867026881165657	8605585.394293865	3.946987570969588	2195.183621757474	-7.5502792292345475	57.00671643941063	4818831.133232261	2473.9089814615395	1702.7467896104524	0.921085	29.704117	0.1543756967831684	0.0958914967791505	0.0103778114	0.1115147333	-0.0711540868	0.0832799241	0.0826344109	0.0411938126	-0.0255635495	0.0588448514	-0.0526226567	0.0206750869	0.0134807617	0.0795549566	0.1619331497	0.0382883992	-0.0570820094	-0.0317670026	0.0483243867	0.0272953214	-0.2393469103	-0.0481564778	-0.1091157881	0.0380230278	-0.0203885725	0.0438464041	-0.0746260373	0.0310515522	-0.0564748367	-0.1298791876	0.1084618549	-0.0139205404	0.0261156188	-0.107190596	-0.0019034845	-0.0702201949	0.1336855776	0.0567838368	0.0323783025	0.1110159972	-0.0580224205	-0.0748480723	-0.0970052799	0.0161481863	0.0538332318	-0.0836014442	0.0599942528	0.0448260481	-0.045972829	0.0074287789	-0.0427823624	0.0930227718	-0.1239567853	0.0053656525	-0.021989596	0.0613106085	-0.0383361119	0.0481598989	0.0325166822	0.0777844842	0.0665549058	0.0490241061	0.0268518493	0.0021373389	-0.0227795284	-0.0455396975	-0.0639883028	-0.1309206564145313	-0.0317702955502454	0.0171402182760117	0.0010093516793499	-0.0331491508154044	0.0005185784450959	0.0010988661997824	2.689236037180848e-07	0.2992807991179518	0.0783401378657871	0.0895689967206798	0.0061371772008305	-0.0065023266359551	-0.0006880266740956	4.733807042670531e-07	4.2280251680651175e-05	0.0008298265895312	0.0001070042056782	6.886121686929827e-07	1.1449900032843924e-08	0.000671204356546	-7.990281866689997e-05	4.505152882463299e-07	6.384460430915499e-09	0.0	0.0	0.0	0.0	0.0	0.0	0.0	0.0	0.0	0.0	0.0	0.0	0.0	0.0	0.0	0.0	0.0	0.0	0.0	0.0	0.0	0.0	0.0	0.0	0.0	0.0	0.0	0.0	0.0	0.0	0.0	0.0	0.0	0.0	0.0	0.0	0.0	0.0	0.0	0.0	0.0	0.0	0.0	0.0	0.0	0.0	0.0	0.0	0.0	0.0	0.0	0.0	0.0	0.0	0.0	0.0	0.0	0.0	0.0	0.0	0.0	0.0	0.0	0.0	0.0	0.0	0.0	0.0	0.0	0.0	0.0	0.0	0.0	0.0	0.0	0.0	0.0	0.0	0.0	0.0	0.0	0.0	0.0	0.0	0.0	0.0	0.0	0.0	0.0	0.0	0.0	0.0	0.0	0.0	0.0	0.0	0.0	0.0	0.0	0.0	0.0	0.0	0.0	0.0
2056.1285649607803	4.158218567147287	17.290781652168437	4227664.675647678	2932.634697201377	-0.8931097733352544	8600346.267229414	0.7976450672269495	2203.13138570414	7.947763946665873	63.16695175192189	4853787.902674644	2479.8968236640862	1711.4836435307338	0.890482	28.717182	0.1953916293607412	0.1018734089193901	0.0045399955	0.1229605296	-0.056760123	0.0746306289	0.0905129621	0.0312093026	-0.0130886904	-0.0442903065	-0.0726032369	0.0062848021	0.0265032581	0.0345601786	0.1851887038	0.016287955	-0.0531333285	-0.0340603084	0.0364337075	-0.0082350715	-0.1633607689	-0.0332698176	-0.0901652992	-0.0410709847	-0.0318901936	0.0197466978	-0.0515123292	-0.0575435354	-0.0587878555	-0.1202014037	0.1219233637	-0.0196131086	0.0687718337	-0.0321910272	0.0368755611	-0.0585989874	0.1280663358	0.0342349496	0.0363312606	0.1240158558	-0.0403432762	-0.0740801367	-0.1197367869	-9.48397e-05	0.0210428035	-0.0612612445	0.0814641676	0.0511851752	-0.0402296862	-0.0105772929	-0.0202575392	0.0758292514	-0.0660862924	0.0094656848	-0.0256261043	0.0215142591	-0.0528304885	0.0190073469	0.054762296	0.0775202656	0.0655497724	0.0469489822	0.0235993474	-0.0021373389	-0.0276578354	-0.0503807682	-0.0680077345	-0.1625462591110817	-0.0316256026965504	0.0264212863510069	0.00100017874592	-0.0322219848891194	0.000927165926285	0.0010382563101946	8.596366548639234e-07	0.2199826379612659	-0.0792981611566858	0.0483923610043973	0.0062881983628317	-0.0074831472282684	-0.0009808205923132	9.620090343058115e-07	5.599749243994103e-05	0.0004090016217395	-0.0004208249677917	1.6728232658554106e-07	1.7709365351688533e-07	0.0004020359250266	-0.0002691684315194	1.6163288501199394e-07	7.245164452661392e-08	0.0	0.0	0.0	0.0	0.0	0.0	0.0	0.0	0.0	0.0	0.0	0.0	0.0	0.0	0.0	0.0	0.0	0.0	0.0	0.0	0.0	0.0	0.0	0.0	0.0	0.0	0.0	0.0	0.0	0.0	0.0	0.0	0.0	0.0	0.0	0.0	0.0	0.0	0.0	0.0	0.0	0.0	0.0	0.0	0.0	0.0	0.0	0.0	0.0	0.0	0.0	0.0	0.0	0.0	0.0	0.0	0.0	0.0	0.0	0.0	0.0	0.0	0.0	0.0	0.0	0.0	0.0	0.0	0.0	0.0	0.0	0.0	0.0	0.0	0.0	0.0	0.0	0.0	0.0	0.0	0.0	0.0	0.0	0.0	0.0	0.0	0.0	0.0	0.0	0.0	0.0	0.0	0.0	0.0	0.0	0.0	0.0	0.0	0.0	0.0	0.0	0.0	0.0	0.0
2060.218602099589	4.090037138808839	16.728403796835593	4244500.688437185	2936.605951570209	3.9712543688319775	8623654.514797574	15.770861261967076	2203.903718758455	0.7723330543149132	0.5964983467874027	4857191.601557347	2485.1541665068567	1703.3498919694782	0.944336	30.453941	0.560075407948595	0.2952390192945533	-0.0049150494	0.1355484946	-0.0510268667	0.067653602	0.0840691744	0.0149418373	-0.0005591705	-0.0169624921	-0.0341842339	0.0542448284	-0.0814382675	0.123094486	0.1271865867	0.0147450958	-0.029335894	-0.0171031835	0.066176682	-0.0479538421	-0.145908219	-0.0100412559	-0.0915435913	0.0163140869	-0.086165152	0.0084685272	-0.0433066937	-0.0223708933	-0.0585458725	-0.0613727083	0.204138749	0.0317016683	-0.0131361747	-0.0803425569	-0.0075353318	-0.0529091384	0.1326586231	0.0047164457	0.0362670805	0.1085140847	-0.010502727	-0.0587957591	-0.0829919186	-0.0282243683	-0.0273148771	-0.0490267574	0.0847705023	0.0960850511	-0.0287304286	-0.0102793979	0.0104322689	0.0334466676	-0.0029394682	0.008721357	-0.0459549311	0.0291292011	-0.07844878	0.0349386252	0.0543110062	0.0772475461	0.0645158866	0.0448275254	0.0203054443	-0.0064061583	-0.0324269895	-0.0549512416	-0.0715501408	-0.2859651553500129	-0.1234188962389311	0.081776070074357	0.015232223948836	-0.00742693488219	0.0247950500069293	5.5159361744290594e-05	0.0006147945048461	0.1516183483707465	-0.0683642895905194	0.022988123562673	0.0046736760912164	-0.0061093513064972	0.0013737959217711	1.8873152346751809e-06	3.7324173386199045e-05	-0.0009601331219266	-0.0013691347436661	9.218556118205192e-07	1.8745299463136368e-06	-0.0037249768517804	-0.004127012776807	1.3875452546299822e-05	1.7032234459928224e-05	0.0	0.0	0.0	0.0	0.0	0.0	0.0	0.0	0.0	0.0	0.0	0.0	0.0	0.0	1.0	0.0	0.0	0.0	0.0	0.0	0.0	0.0	0.0	0.0	0.0	0.0	0.0	0.0	0.0	0.0	0.0	0.0	0.0	0.0	0.0	0.0	0.0	0.0	0.0	0.0	0.0	0.0	0.0	0.0	0.0	0.0	0.0	0.0	0.0	0.0	0.0	0.0	0.0	0.0	0.0	0.0	0.0	0.0	0.0	0.0	0.0	0.0	0.0	0.0	0.0	0.0	0.0	0.0	0.0	0.0	0.0	0.0	0.0	0.0	0.0	0.0	0.0	0.0	0.0	0.0	0.0	0.0	0.0	0.0	0.0	0.0	0.0	0.0	0.0	0.0	0.0	0.0	0.0	0.0	0.0	0.0	0.0	0.0	0.0	0.0	0.0	0.0	0.0	0.0
2058.222033020145	-1.9965690794442708	3.986288088992943	4236277.937209578	2945.1462212813526	8.540269711143537	8673886.26472783	72.93620673907571	2201.261204046604	-2.642514711851163	6.982884002349836	4845550.888440704	2483.925729434656	1712.5448668495903	0.865881	27.923832	0.2033202983246645	0.132022040986438	-0.0134305096	0.1341476041	-0.039576765	0.057650973	0.0886998439	-0.0079776488	0.0102547955	-0.0047451098	-0.0909203077	-0.0023825664	-0.0868060568	0.0401308242	0.0952439688	0.03050062	-0.0450538195	-0.0210211476	0.0858287646	-0.0518759765	-0.1425199496	-0.0199864398	-0.096989639	0.0117219678	-0.1055351472	0.0146089827	-0.0597185769	-0.0328992156	-0.0663566276	-0.0649987014	0.1034643859	0.028183299	0.0031810136	-0.0430002199	0.0027788158	-0.0470649587	0.1210832716	-0.0190947734	0.0333076691	0.1006061537	0.0092176274	-0.0409997648	-0.0751308904	-0.0516065169	-0.068516651	-0.0219138026	0.0926794501	0.0827669	-0.0279997298	-0.0327751883	0.0662791695	-0.0197431728	0.075195603	0.019536255	-0.0511980188	0.0112068427	-0.0572563037	0.0154102042	0.0374625921	0.0769663555	0.063453702	0.0426618292	0.0169759185	-0.010657419	-0.0370681691	-0.0592265694	-0.0745906743	-0.3228018551182288	-0.0368366997682159	0.1042010376677699	0.0013569424498136	-0.016011169159313	-0.0085842342771229	0.0002563575378481	7.368907812453339e-05	0.0260984402784458	-0.1255199080923007	0.0006811285849676	0.0157552473274996	-0.0065590899030897	-0.0004497385965925	2.022648052649916e-07	4.302166035681325e-05	-0.0010529549312914	-9.28218093648e-05	1.1087140873308767e-06	8.615888293755271e-09	-0.0038300055695636	-0.0001050287177831	1.4668942662888196e-05	1.1031031559183007e-08	0.0	0.0	0.0	0.0	0.0	0.0	0.0	0.0	0.0	0.0	0.0	0.0	0.0	0.0	0.0	0.0	0.0	0.0	0.0	0.0	0.0	0.0	0.0	0.0	0.0	0.0	0.0	0.0	0.0	0.0	0.0	0.0	0.0	0.0	0.0	0.0	0.0	0.0	0.0	0.0	0.0	0.0	0.0	0.0	0.0	0.0	0.0	0.0	0.0	0.0	0.0	0.0	0.0	0.0	0.0	0.0	0.0	0.0	0.0	0.0	0.0	0.0	0.0	0.0	0.0	0.0	0.0	0.0	0.0	0.0	0.0	0.0	0.0	0.0	0.0	0.0	0.0	0.0	0.0	0.0	0.0	0.0	0.0	0.0	0.0	0.0	0.0	0.0	0.0	0.0	0.0	0.0	0.0	0.0	0.0	0.0	0.0	0.0	0.0	0.0	0.0	0.0	0.0	0.0
2061.5524398215744	3.33040680142949	11.091609463007806	4249998.462134286	2926.274930933902	-18.871290347450667	8563084.971412212	356.12559937778474	2196.873712713068	-4.387491333535763	19.25008020185143	4826254.1096097	2472.148864008509	1743.783514203972	0.975085	31.445559	0.2044745249104761	0.1068359986489192	-0.0232218101	0.1189602873	0.0023078143	0.0089651077	0.1003952829	-0.0340792633	-0.0394761315	0.0107732877	-0.0732340385	0.0158021717	-0.0555257851	0.0632727578	0.053571932	0.0392154798	-0.0406198343	0.0013137231	-0.0048612589	-0.0495530488	-0.0820580579	-0.0361580432	-0.057996709	0.0606909184	-0.1392090167	0.0452741312	-0.0535493717	-0.0205937315	-0.0281515318	-0.0542440212	0.0815294189	0.0178713547	0.0216190637	-0.0661321706	-0.0484373243	-0.0380357758	0.1100638114	-0.0564040141	0.0255383194	0.0737306817	0.0500863193	-0.0140875113	-0.0378835258	-0.0721519122	-0.0960271816	0.0363235259	0.0810457551	0.0912312598	-0.0193291394	-0.0266741946	0.1206961209	-0.0636681094	0.1056473307	0.0258155945	-0.0341397462	-0.0286252057	-0.0655835918	0.0634134864	0.0453155334	0.0766767246	0.0623636846	0.0404540309	0.0136166111	-0.0148794683	-0.0415630576	-0.0631837885	-0.0771080077	-0.3625043915399857	-0.0397025364217569	0.1314094338857752	0.0015762913983209	0.005696346001045	0.0217075151603579	3.244835776362136e-05	0.0004712162144371	-0.0481500151118154	-0.0742484553902612	0.002318423955268	0.0055128331278396	-0.0057023272237145	0.0008567626793751	7.340422887701714e-07	3.251653576631552e-05	-0.0013785445955214	-0.00032558966423	1.9003852018412605e-06	1.0600862945340417e-07	-0.0040239735847204	-0.0001939680151567	1.6192363410527545e-05	3.7623590903868575e-08	0.0	0.0	0.0	0.0	0.0	0.0	0.0	0.0	0.0	0.0	0.0	0.0	0.0	0.0	0.0	0.0	0.0	0.0	0.0	0.0	0.0	0.0	0.0	0.0	0.0	0.0	0.0	0.0	0.0	0.0	0.0	0.0	0.0	0.0	0.0	0.0	0.0	0.0	0.0	0.0	0.0	0.0	0.0	0.0	0.0	0.0	0.0	0.0	0.0	0.0	0.0	0.0	0.0	0.0	0.0	0.0	0.0	0.0	0.0	0.0	0.0	0.0	0.0	0.0	0.0	0.0	0.0	0.0	0.0	0.0	0.0	0.0	0.0	0.0	0.0	0.0	0.0	0.0	0.0	0.0	0.0	0.0	0.0	0.0	0.0	0.0	0.0	0.0	0.0	0.0	0.0	0.0	0.0	0.0	0.0	0.0	0.0	0.0	0.0	0.0	0.0	0.0	0.0	0.0
2064.1337136815177	2.581273859943394	6.662974740027069	4260647.987956654	2940.854490902549	14.579559968647118	8648625.136661692	212.5635688793776	2200.666414070955	3.7927013578869264	14.384583590117336	4842932.666019916	2481.8955220110106	1760.022657006546	0.923994	29.797913	0.1848977847800675	0.1351198432601241	-0.0207373541	0.1163298188	0.0182976483	-0.0142368349	0.0873862398	-0.0391651803	-0.0069754406	-0.0045689855	-0.0663206742	0.0256583709	-0.065332846	0.0463455599	0.0081752046	0.0310884513	-0.0361472454	0.0228615565	0.0158409601	-0.0668444437	-0.0540399932	-0.046705182	-0.0329858294	0.0404184776	-0.1267975816	0.0239606474	-0.0521362423	-0.03791602	-0.0094456908	0.0030477253	0.0972679147	0.0002649209	-0.0024512292	-0.0245413082	-0.032066974	-0.0258949238	0.102162718	-0.0731676915	0.0288501309	0.0735568408	0.0640541581	-0.0036998767	-0.0329615266	-0.0754502869	-0.1095687951	0.0482906479	0.0767131391	0.0880368539	-0.0032579793	-0.0453561639	0.1306900426	-0.0529966867	0.2072745777	0.0094609232	-0.0429003302	-0.0264806619	-0.0370593463	-0.002476434	0.0524550015	0.0763786853	0.0612463124	0.0382063093	0.0102334157	-0.0190607341	-0.0458939156	-0.0668016447	-0.0790844839	-0.3533607114374746	0.009143680102511	0.1248637923875981	8.360688581705736e-05	0.0060798284591498	0.0003834824581047	3.696431409268783e-05	1.4705879567409957e-07	-0.1761468238009271	-0.1279968086891117	0.0310277035351548	0.016383183034597	-0.005703343563284	-1.01633956949964e-06	1.0329461205307134e-12	3.2528127800853035e-05	-0.0013319733695691	4.657122595230008e-05	1.774153057241262e-06	2.1688790867001887e-09	-0.0049238622898054	-0.000899888705085	2.424441984896768e-05	8.097996815395591e-07	0.0	0.0	0.0	0.0	0.0	0.0	0.0	0.0	0.0	0.0	0.0	0.0	0.0	0.0	0.0	0.0	0.0	0.0	0.0	0.0	0.0	0.0	0.0	0.0	0.0	0.0	0.0	0.0	0.0	0.0	0.0	0.0	0.0	0.0	0.0	0.0	0.0	0.0	0.0	0.0	0.0	0.0	0.0	0.0	0.0	0.0	0.0	0.0	0.0	0.0	0.0	0.0	0.0	0.0	0.0	0.0	0.0	0.0	0.0	0.0	0.0	0.0	0.0	0.0	0.0	0.0	0.0	0.0	0.0	0.0	0.0	0.0	0.0	0.0	0.0	0.0	0.0	0.0	0.0	0.0	0.0	0.0	0.0	0.0	0.0	0.0	0.0	0.0	0.0	0.0	0.0	0.0	0.0	0.0	0.0	0.0	0.0	0.0	0.0	0.0	0.0	0.0	0.0	0.0
2064.291460672317	0.1577469907992963	0.0248841131062332	4261299.234604648	2919.792036839536	-21.062454063012865	8525185.538391568	443.62697115652713	2204.9608455509333	4.294431479978357	18.4421417362291	4861852.330412687	2475.5639847585444	1764.1906275914369	1.093099	35.251404	0.5650146240877785	0.3001028135420818	-0.0175688661	0.1082444157	0.0530158277	-0.0366312717	0.0840595336	-0.0543016685	-0.0478645931	-0.0186277646	-0.0003396874	0.0202333513	-0.0556537539	0.0578539018	-0.0314292848	0.028730497	-0.0353217698	0.0202690199	0.0323982404	-0.091334149	0.0132953599	0.019960972	0.0318894168	0.037542739	-0.1161424694	0.0424130535	-0.0165981527	0.0124662295	-0.0020790036	0.0272089029	0.0937038741	0.014441421	-0.0664363887	0.053882605	-0.0629389903	0.0007553673	0.0711759666	-0.1319372845	0.0221363884	0.0593178862	0.1123136031	-0.002506342	0.0353378169	-0.112800771	-0.1198654344	0.0936206719	0.0653293385	0.1073283031	-0.0230019105	-0.0202984332	0.222084728	-0.1048194223	0.2596770994	-0.0430666552	-0.0154094595	-0.0358811037	-0.0355714269	0.051018719	0.0112356876	0.0760722702	0.0601020755	0.0359208828	0.0068322673	-0.0231897558	-0.0500436514	-0.0700607062	-0.0805062393	-0.5323450483053307	-0.1789843368678561	0.2833912504552048	0.0320353928440261	-0.0081146937501728	-0.0141945222093225	6.584825465909349e-05	0.0002014844607509	-0.3002753165152469	-0.1241284927143198	0.0901652657083317	0.0154078827035289	-0.0057239488270506	-2.0605263766600504e-05	4.2457689489117955e-10	3.2763590174693944e-05	-0.0034323869812495	-0.0021004136116804	1.1781280389051056e-05	4.411737340132302e-06	-0.007756988860284	-0.0028331265704785	6.017087617857007e-05	8.026606164351829e-06	0.0	0.0	0.0	0.0	0.0	0.0	0.0	0.0	0.0	0.0	0.0	0.0	0.0	0.0	0.0	1.0	0.0	0.0	0.0	0.0	0.0	0.0	0.0	0.0	0.0	0.0	0.0	0.0	0.0	0.0	0.0	0.0	0.0	0.0	0.0	0.0	0.0	0.0	0.0	0.0	0.0	0.0	0.0	0.0	0.0	0.0	0.0	0.0	0.0	0.0	0.0	0.0	0.0	0.0	0.0	0.0	0.0	0.0	0.0	0.0	0.0	0.0	0.0	0.0	0.0	0.0	0.0	0.0	0.0	0.0	0.0	0.0	0.0	0.0	0.0	0.0	0.0	0.0	0.0	0.0	0.0	0.0	0.0	0.0	0.0	0.0	0.0	0.0	0.0	0.0	0.0	0.0	0.0	0.0	0.0	0.0	0.0	0.0	0.0	0.0	0.0	0.0	0.0	0.0
2068.112045616564	3.8205849442470026	14.596869316206872	4277087.433224329	2935.3200201737254	15.52798333418923	8616103.62083268	241.11826642685847	2206.876345415652	1.9154998647186403	3.6691397317371295	4870303.203955144	2479.7037185715044	1747.5626106049097	1.175452	37.907215	0.2006675608313996	0.1243164961915997	-0.0199177351	0.129862004	-0.0001082154	-0.0064554668	0.0345435927	-0.0561111275	-0.0384366485	0.0595637307	0.0022209506	0.0288800648	-0.0041325132	0.0333363251	0.0050486468	0.0208992685	-0.0311293674	0.010563565	0.0267979241	-0.1085739319	-0.0270775938	0.0216933611	-0.0401541168	0.0350765037	-0.1395459602	0.0382013143	-0.0464780114	0.0592220931	0.0159548706	-0.0013310532	0.0836114948	0.010091552	-0.0139818877	0.0324027688	-0.0716649603	-0.010037286	0.095769147	-0.0946793442	0.0294180229	0.0779547928	0.0740673466	-0.0326143936	-0.0009705808	-0.1040885852	-0.093751038	0.0156435971	0.1045352386	0.1077194851	-0.046212252	-0.0845280823	0.1428808566	-0.0747249708	0.2677841945	-0.002155763	-0.0673491515	0.0133809345	-0.0494334978	0.0274312836	0.0330891954	0.0757575129	0.0589314758	0.0336000067	0.0034191328	-0.0272552159	-0.0539958877	-0.0729434684	-0.0813633012	-0.5036580628439395	0.0286869854613911	0.2536714442677097	0.000822943134862	-0.0021224788882818	0.005992214861891	4.504916631201945e-06	3.590663895106738e-05	-0.1812409782941344	0.1190343382211125	0.0328482922130149	0.0141691736757382	-0.0057283535443238	-4.404717273199556e-06	1.940153425682253e-11	3.281403432876704e-05	-0.0037491198818908	-0.0003167329006412	1.4055899888788886e-05	1.0031973034865161e-07	-0.0083749316881096	-0.0006179428278255	7.01394807805023e-05	3.818533384610986e-07	0.0	0.0	0.0	0.0	0.0	0.0	0.0	0.0	0.0	0.0	0.0	0.0	0.0	0.0	0.0	0.0	0.0	0.0	0.0	0.0	0.0	0.0	0.0	0.0	0.0	0.0	0.0	0.0	0.0	0.0	0.0	0.0	0.0	0.0	0.0	0.0	0.0	0.0	0.0	0.0	0.0	0.0	0.0	0.0	0.0	0.0	0.0	0.0	0.0	0.0	0.0	0.0	0.0	0.0	0.0	0.0	0.0	0.0	0.0	0.0	0.0	0.0	0.0	0.0	0.0	0.0	0.0	0.0	0.0	0.0	0.0	0.0	0.0	0.0	0.0	0.0	0.0	0.0	0.0	0.0	0.0	0.0	0.0	0.0	0.0	0.0	0.0	0.0	0.0	0.0	0.0	0.0	0.0	0.0	0.0	0.0	0.0	0.0	0.0	0.0	0.0	0.0	0.0	0.0
2076.2506002624245	8.138554645860495	66.23607172365745	4310816.555090078	2934.0404801218133	-1.2795400519121358	8608593.53899344	1.6372227444473113	2209.340656495197	2.464311079545041	6.072829096768446	4881186.136442628	2480.457719416777	1769.6125075505431	1.730412	55.804138	2.072503676595443	1.0926411393172497	-0.0413749276	-0.0078173301	-0.009766112	0.0305741256	-0.0995598581	-0.1084332752	-0.023992104	-0.0133177572	-0.0205054497	0.0119382596	-0.0368666873	0.0298801008	0.0476472742	0.0105859126	-0.0306280861	0.0203450695	-0.0150473731	-0.0226691314	-0.0117464108	0.0252343371	-0.1060313451	0.0239149708	-0.0423287683	0.0293577478	-0.0186228917	-0.0024897051	-0.0035415309	-0.0276219182	0.0263195904	0.0400174329	0.0320641272	0.0108157507	0.0217867676	-0.0328117553	-0.0023311557	0.0004547995	-0.0680973895	-0.0689700219	0.0621517125	-0.0007750321	-0.0603986595	0.00038294	-0.0434855412	-0.0784947932	0.0560972755	-0.1203391671	-0.0826057877	0.0567050175	0.0668753502	-0.0959794273	-0.0023136768	0.0026288966	-0.0319534753	-0.0154185933	-0.0037451558	0.0181773914	-0.0308774186	0.0754344479	0.0577350269	0.0312459714	0.0	-0.0312459714	-0.0577350269	-0.0754344479	-0.0816496581	0.1582639639181167	0.6619220267620562	0.0250474822750749	0.4381407695127883	-0.0942225535804084	-0.0921000746921266	0.0088778896032129	0.0084824237582952	-0.2648124996625398	-0.0835715213684053	0.0701256599775226	0.0069841991838298	-0.0082784069520091	-0.0025500534076853	6.502772382047413e-06	6.853202166307261e-05	0.0063188311229587	0.0100679510048495	3.9927626760471504e-05	0.000101363637436	0.0037052649748127	0.0120801966629222	1.3728988533573756e-05	0.0001459311514148	0.0	0.0	0.0	0.0	0.0	0.0	0.0	0.0	0.0	0.0	0.0	0.0	0.0	0.0	0.0	0.0	1.0	0.0	0.0	0.0	0.0	0.0	0.0	0.0	0.0	0.0	0.0	0.0	0.0	0.0	0.0	0.0	0.0	0.0	0.0	0.0	0.0	0.0	0.0	0.0	0.0	0.0	0.0	0.0	0.0	0.0	0.0	0.0	0.0	0.0	0.0	0.0	0.0	0.0	0.0	0.0	0.0	0.0	0.0	0.0	0.0	0.0	0.0	0.0	0.0	0.0	0.0	0.0	0.0	0.0	0.0	0.0	0.0	0.0	0.0	0.0	0.0	0.0	0.0	0.0	0.0	0.0	0.0	0.0	0.0	0.0	0.0	0.0	0.0	0.0	0.0	0.0	0.0	0.0	0.0	0.0	0.0	0.0	0.0	0.0	0.0	0.0	0.0	0.0
2095.1001210925187	18.849520830094207	355.3044355241554	4389444.517401887	2994.840412983141	60.79993286132776	8969069.09923703	3696.6318359419633	2234.073772744183	24.73311624898588	611.7270393858494	4991085.622063427	2529.300844313515	1843.816637876713	1.621204	52.282288	1.1459214315938322	0.5157297927366776	-0.0070487266	-0.0841997135	0.0992767533	-0.0645791835	-0.0716325137	-0.0619189544	0.108921619	-0.038622017	-0.0733530823	0.0352216386	-0.0465384334	-0.0376987867	-0.0767830778	-0.0768797002	-0.0267575889	0.0591122265	0.0098383926	-0.0442230248	0.0967531569	0.0540878893	0.042252076	0.0315452355	0.0501361151	-0.0964770976	-0.0227990992	-0.0579780425	0.0130781227	0.0693000448	-0.0301593709	0.0230728935	-0.0795548314	-0.0025111279	-0.0267841048	0.020098827	-0.0744024443	-0.0556148801	-0.0535828687	-0.1043483483	0.0697310691	0.052979947	-0.0321941336	-0.0072074221	-0.0270489463	0.0146507035	-0.0668072486	-0.0540408659	0.0117525572	0.0604910445	-0.030732359	-0.0345793754	-0.0594383131	0.0049657963	0.0219573655	-0.0550054468	0.0306805404	0.0019004908	0.047264189	0.0751031108	0.0565132535	0.0288611001	-0.0034191328	-0.0351510839	-0.0612463124	-0.0775202656	-0.0813633012	0.0257458807556076	-0.1325180831625091	0.0006628503758819	0.0175610423650656	-0.1060804558815107	-0.0118579023011023	0.0112530631200291	0.0001406098469824	-0.6360564577070207	-0.3712439580444809	0.404567817390803	0.1378220763845323	-0.0132748178058041	-0.004996410853795	2.496412141992048e-05	0.0001762207877772	0.0112871830234551	0.0049683519004964	0.0001274005006049	2.468452060716619e-05	0.0010639979673893	-0.0026412670074233	1.132091674608562e-06	6.976291404503361e-06	0.0	0.0	0.0	0.0	0.0	0.0	0.0	0.0	0.0	0.0	0.0	0.0	0.0	0.0	0.0	0.0	0.0	1.0	0.0	0.0	0.0	0.0	0.0	0.0	0.0	0.0	0.0	0.0	0.0	0.0	0.0	0.0	0.0	0.0	0.0	0.0	0.0	0.0	0.0	0.0	0.0	0.0	0.0	0.0	0.0	0.0	0.0	0.0	0.0	0.0	0.0	0.0	0.0	0.0	0.0	0.0	0.0	0.0	0.0	0.0	0.0	0.0	0.0	0.0	0.0	0.0	0.0	0.0	0.0	0.0	0.0	0.0	0.0	0.0	0.0	0.0	0.0	0.0	0.0	0.0	0.0	0.0	0.0	0.0	0.0	0.0	0.0	0.0	0.0	0.0	0.0	0.0	0.0	0.0	0.0	0.0	0.0	0.0	0.0	0.0	0.0	0.0	0.0	0.0
2088.150430812939	-6.949690279579954	48.298194982088106	4360372.221704262	2945.1851231625205	-49.65528982062051	8674115.40969783	2465.647807169819	2231.7731077516232	-2.300664992559632	5.293059407989412	4980811.204483339	2501.0859531736805	1807.813221546791	0.8536939999999998	27.530828	0.2664491162243976	0.1293856632161982	-0.0082973711	-0.0598712984	0.0667650718	-0.0420006281	-0.1190606597	-0.0644481513	-0.0123766426	0.0302972295	0.0029291469	-0.0105640056	0.0526050103	-0.0045167386	-0.0591749892	-0.0691224491	-0.0381808609	0.0460013044	0.0375482265	-0.0370880709	0.0467853298	0.0672767575	0.0456084091	0.0248312323	0.0275085885	-0.0221428193	-0.0232171498	0.0605173082	0.0844700329	0.0013646695	-0.01307275	-0.0445112565	-0.0356211452	0.0734667008	-0.0530400173	0.0189501206	-0.0566901086	-0.0733519126	-0.0412323891	-0.1013366806	0.0683194212	0.0536895871	-0.0330920726	-0.0127838993	-0.0008439297	-0.0012132149	-0.061293905	-0.0310141212	-0.0303088608	0.0144504614	-0.0735211967	-0.0112561779	-0.0347493787	-0.0072661086	0.0156209047	-0.0324071931	0.0015752894	-0.0290947751	0.0346519802	0.0747635377	0.0552666915	0.0264477464	-0.0068322673	-0.0389598496	-0.0645158866	-0.0791897184	-0.0805062393	-0.0658113361907908	-0.0915572169463984	0.0043311319712172	0.0083827239749698	-0.1250848066549963	-0.0190043507734855	0.0156462088559178	0.0003611653483216	-0.6676150432246644	-0.0315585855176436	0.4457098459398704	0.0009959443198744	-0.0125852334472215	0.0006895843585825	4.7552658760177517e-07	0.000158388100921	0.0124943350506137	0.0012071520271585	0.0001561084083569	1.4572160166731162e-06	0.0004741550933931	-0.0005898428739962	2.2482305259061938e-07	3.479146160040972e-07	0.0	0.0	0.0	0.0	0.0	0.0	0.0	0.0	0.0	0.0	0.0	0.0	0.0	0.0	0.0	0.0	0.0	0.0	0.0	0.0	0.0	0.0	0.0	0.0	0.0	0.0	0.0	0.0	0.0	0.0	0.0	0.0	0.0	0.0	0.0	0.0	0.0	0.0	0.0	0.0	0.0	0.0	0.0	0.0	0.0	0.0	0.0	0.0	0.0	0.0	0.0	0.0	0.0	0.0	0.0	0.0	0.0	0.0	0.0	0.0	0.0	0.0	0.0	0.0	0.0	0.0	0.0	0.0	0.0	0.0	0.0	0.0	0.0	0.0	0.0	0.0	0.0	0.0	0.0	0.0	0.0	0.0	0.0	0.0	0.0	0.0	0.0	0.0	0.0	0.0	0.0	0.0	0.0	0.0	0.0	0.0	0.0	0.0	0.0	0.0	0.0	0.0	0.0	0.0
2091.7923916227987	3.6419608098599374	13.263878540555655	4375595.409651028	2985.196858295641	40.01173513312051	8911400.282778166	1600.9389483629902	2230.147016517012	-1.6260912346110672	2.6441727032789446	4973555.715279731	2522.690423418028	1806.2571409172183	0.740867	23.892269	0.1489387417562931	0.074823949541304	-0.0024790976	-0.050292439	0.0847245729	-0.0362815876	-0.0710293205	-0.0287360319	0.0731050082	0.0107511575	-0.0283724646	0.0187330415	0.0339843737	0.0006523588	-0.1002705773	-0.0649854186	-0.0270941527	0.0615220777	0.0081060779	-0.0246805545	0.089436002	0.0520333398	0.0442500621	0.0233085003	0.0453628188	-0.0757985597	-0.0356361146	-0.0105279023	0.0518966514	0.0583077979	-0.0388362538	0.0175267621	-0.0571018721	0.0408211991	-0.0341182564	0.0254081131	-0.0669337895	-0.078405874	-0.0386261363	-0.0804083799	0.0677950684	0.0471448988	-0.0272295146	-0.0126494592	-0.0164999244	0.0161362552	-0.0630081504	-0.0206727429	-0.0001945887	0.0229507624	-0.0711145882	-0.0140522313	-0.0616416199	-0.0127133697	0.0189416261	-0.0385772557	0.0202869336	-0.0272320337	0.0180420225	0.0744157659	0.0539958877	0.024008292	-0.0102334157	-0.0426618292	-0.0675308461	-0.0804338397	-0.0790844839	-0.0837994507984518	-0.017988114607661	0.0070223479541221	0.0003235722671383	-0.1288832888805302	-0.0037984822255338	0.0166109021526621	1.4428467217696889e-05	-0.6747469516007527	-0.0071319083760883	0.4552834486945085	5.0864117084919125e-05	-0.0132444391485371	-0.0006592057013155	4.345521566469905e-07	0.0001754151683593	0.0114693613507756	-0.001024973699838	0.0001315462497946	1.0505710853598018e-06	-0.0002420702363934	-0.0007162253297865	5.8597999347556553e-08	5.129787230277807e-07	0.0	0.0	0.0	0.0	0.0	0.0	0.0	0.0	0.0	0.0	0.0	0.0	0.0	0.0	0.0	0.0	0.0	0.0	0.0	0.0	0.0	0.0	0.0	0.0	0.0	0.0	0.0	0.0	0.0	0.0	0.0	0.0	0.0	0.0	0.0	0.0	0.0	0.0	0.0	0.0	0.0	0.0	0.0	0.0	0.0	0.0	0.0	0.0	0.0	0.0	0.0	0.0	0.0	0.0	0.0	0.0	0.0	0.0	0.0	0.0	0.0	0.0	0.0	0.0	0.0	0.0	0.0	0.0	0.0	0.0	0.0	0.0	0.0	0.0	0.0	0.0	0.0	0.0	0.0	0.0	0.0	0.0	0.0	0.0	0.0	0.0	0.0	0.0	0.0	0.0	0.0	0.0	0.0	0.0	0.0	0.0	0.0	0.0	0.0	0.0	0.0	0.0	0.0	0.0
2083.9346353877686	-7.857756235030138	61.744333049155	4342783.564568752	2967.320414011102	-17.876444284539048	8804990.439407017	319.5672602582288	2222.383275944433	-7.763740572579081	60.27566767831056	4938987.42519751	2504.59575955025	1830.520505383028	0.795139	25.642488	0.2477108852626729	0.1203225809757365	-0.0005046541	-0.0439319118	0.0815086671	-0.0430534902	-0.0396202098	-0.0207355654	0.0186084065	0.0736233831	-0.0123356017	-0.0062544648	0.0271063286	0.0086891711	-0.0589951098	-0.0418751451	-0.0025335366	0.0586853147	-0.0018090177	-0.0440372238	0.0557155079	-0.0057898504	0.0409958778	-0.0120194377	0.0111380428	-0.0235195885	-0.0380475095	0.0589487955	0.0598692057	0.0405685104	-0.0496644015	0.0041575901	-0.0108993855	-0.0056021951	-0.0145066843	0.0230452002	-0.058409459	-0.0644155378	-0.036625775	-0.0544219848	0.0493820798	0.0309660601	-0.0201266666	-0.0177677941	-0.0292215092	0.0050130724	-0.0515702386	-0.0219293406	-0.0171425915	0.0260106266	-0.073591051	-0.0185389901	-0.0580125765	-0.0061581036	0.0376140322	-0.0362267719	0.0196494273	0.0004270126	0.0045807958	0.0740598336	0.0527013995	0.0215451443	-0.0136166111	-0.0462468756	-0.0702792922	-0.0812459471	-0.0771080077	-0.1238540549566522	-0.0400546041582003	0.0153398269292054	0.0016043713142701	-0.1351009783174248	-0.0062176894368946	0.0182522743423252	3.865966193367072e-05	-0.5811570717065848	0.0935898798941679	0.3377435419945725	0.0087590656186047	-0.014230890969168	-0.0009864518206309	9.730871944260194e-07	0.0002025182577763	0.0103520516318413	-0.0011173097189342	0.0001071649729883	1.2483810080250435e-06	-0.0001888575404904	5.3212695902999984e-05	3.5667170600083084e-08	2.8315910052651515e-09	0.0	0.0	0.0	0.0	0.0	0.0	0.0	0.0	0.0	0.0	0.0	0.0	0.0	0.0	0.0	0.0	0.0	0.0	0.0	0.0	0.0	0.0	0.0	0.0	0.0	0.0	0.0	0.0	0.0	0.0	0.0	0.0	0.0	0.0	0.0	0.0	0.0	0.0	0.0	0.0	0.0	0.0	0.0	0.0	0.0	0.0	0.0	0.0	0.0	0.0	0.0	0.0	0.0	0.0	0.0	0.0	0.0	0.0	0.0	0.0	0.0	0.0	0.0	0.0	0.0	0.0	0.0	0.0	0.0	0.0	0.0	0.0	0.0	0.0	0.0	0.0	0.0	0.0	0.0	0.0	0.0	0.0	0.0	0.0	0.0	0.0	0.0	0.0	0.0	0.0	0.0	0.0	0.0	0.0	0.0	0.0	0.0	0.0	0.0	0.0	0.0	0.0	0.0	0.0
2088.3482413269166	4.413605939148056	19.47991738608299	4361198.377053225	2964.280315198396	-3.040098812706219	8786957.787072701	9.242200791017764	2230.805617031081	8.422341086647975	70.9358293798386	4976493.700977422	2509.604574059432	1802.5250320903413	0.80728	26.03401	0.1834679541971311	0.1003171890261411	-0.0043410573	-0.0406568992	0.0835980176	-0.0433278326	-0.0928420874	-0.033563371	0.0245957764	0.0030620305	-0.0150965831	-0.0188638006	0.071114655	-0.0223244511	-0.0699092241	-0.0557089123	-0.0257214802	0.0589473432	0.040778862	-0.0233690251	0.1012933971	0.0340358425	0.0562814263	-0.0161187381	0.009441295	-0.0373823467	-0.0246643441	0.0081380028	0.0699807359	0.0248728279	-0.0563727317	-0.036874769	-0.0405768953	0.0852191176	-0.0400974327	0.0229753994	-0.0583855905	-0.0874351956	-0.0363196837	-0.081063533	0.0769572633	0.0538754528	-0.0157572888	-0.007301014	-0.0356526249	0.019369897	-0.0483593957	-0.0191327044	0.0181181423	0.0171476932	-0.0498157241	0.0006634337	-0.0334408743	0.0136803156	0.0280613149	-0.0442267837	0.0061246826	-0.0276955717	0.0253051492	0.0736957799	0.0513837948	0.0190607341	-0.0169759185	-0.0497051625	-0.0727503781	-0.0816216788	-0.0745906743	-0.1149042740665606	0.0089497808900915	0.0132029921987632	8.009857798064858e-05	-0.1172951632436678	0.0178058150737569	0.0137581553203586	0.0003170470504408	-0.6392787431226523	-0.0581216714160675	0.4086773114084781	0.0033781286881973	-0.0129271579621511	0.0013037330070169	1.6997197535853298e-06	0.0001671114129784	0.010255135434396	-9.69161974453004e-05	0.0001051678027778	9.392749327256453e-09	0.0003823069913917	0.0005711645318821	1.461586356669734e-07	3.262289224800985e-07	0.0	0.0	0.0	0.0	0.0	0.0	0.0	0.0	0.0	0.0	0.0	0.0	0.0	0.0	0.0	0.0	0.0	0.0	0.0	0.0	0.0	0.0	0.0	0.0	0.0	0.0	0.0	0.0	0.0	0.0	0.0	0.0	0.0	0.0	0.0	0.0	0.0	0.0	0.0	0.0	0.0	0.0	0.0	0.0	0.0	0.0	0.0	0.0	0.0	0.0	0.0	0.0	0.0	0.0	0.0	0.0	0.0	0.0	0.0	0.0	0.0	0.0	0.0	0.0	0.0	0.0	0.0	0.0	0.0	0.0	0.0	0.0	0.0	0.0	0.0	0.0	0.0	0.0	0.0	0.0	0.0	0.0	0.0	0.0	0.0	0.0	0.0	0.0	0.0	0.0	0.0	0.0	0.0	0.0	0.0	0.0	0.0	0.0	0.0	0.0	0.0	0.0	0.0	0.0
2087.424456917479	-0.923784409437758	0.8533776351202671	4357340.863337232	2967.3905559339023	3.1102407355065225	8805406.711445713	9.673597432804154	2228.084108559084	-2.7215084719969127	7.406608363150971	4964358.794813529	2510.348082020924	1802.2072360715383	0.7830599999999999	25.252943	0.1961009438284309	0.1045777005841542	-0.0247314273	-0.0483193393	0.0588703563	-0.0171398757	-0.1054196803	-0.0538417044	0.0316874201	-0.0012016864	-0.0166297392	0.0177558943	0.027170101	0.0031277307	-0.05129733	-0.0451287706	-0.0247573873	0.0668536532	0.0213043385	-0.0432042902	0.0780473761	0.0660597005	0.0267670949	0.0091891368	0.0053848864	-0.0392338049	-0.0310688205	0.0059334893	0.0542535492	0.0406987694	-0.021923801	0.0181413885	-0.0400920266	0.0640616901	-0.0092416431	0.012950629	-0.0568995883	-0.0689149888	-0.0520689791	-0.0781905701	0.0633439519	0.0370605944	-0.0244666198	-0.0064543677	-0.0275587184	-0.0225188715	-0.0294426986	-0.0599319255	-0.0386133565	0.0300630231	-0.0648725662	-0.025309456	-0.0374512627	0.0103214262	0.021048944	-0.0255283539	0.015476271	-0.0161017387	0.0004710148	0.0733236445	0.0500436514	0.0165575133	-0.0203054443	-0.0530272111	-0.0749343514	-0.0815590168	-0.0715501408	-0.0530767198819148	0.0618275541846458	0.0028171381934232	0.0038226464564553	-0.1277080186117558	-0.0104128553680879	0.0163093380177405	0.0001084275569167	-0.5685147123554302	0.0707640307672221	0.3232089781645775	0.0050075480504243	-0.0128361463113465	9.101165080459966e-05	8.283120582178386e-09	0.0001647666521262	0.0106852218119726	0.0004300863775765	0.000114173965171	1.8497429217696162e-07	0.00092313903318	0.0005408320417883	8.521856745805051e-07	2.924992974249016e-07	0.0	0.0	0.0	0.0	0.0	0.0	0.0	0.0	0.0	0.0	0.0	0.0	0.0	0.0	0.0	0.0	0.0	0.0	0.0	0.0	0.0	0.0	0.0	0.0	0.0	0.0	0.0	0.0	0.0	0.0	0.0	0.0	0.0	0.0	0.0	0.0	0.0	0.0	0.0	0.0	0.0	0.0	0.0	0.0	0.0	0.0	0.0	0.0	0.0	0.0	0.0	0.0	0.0	0.0	0.0	0.0	0.0	0.0	0.0	0.0	0.0	0.0	0.0	0.0	0.0	0.0	0.0	0.0	0.0	0.0	0.0	0.0	0.0	0.0	0.0	0.0	0.0	0.0	0.0	0.0	0.0	0.0	0.0	0.0	0.0	0.0	0.0	0.0	0.0	0.0	0.0	0.0	0.0	0.0	0.0	0.0	0.0	0.0	0.0	0.0	0.0	0.0	0.0	0.0
2088.271071074488	0.8466141570092987	0.7167555308485654	4360876.06628659	2972.796774131373	5.40621819747048	8837520.660285896	29.227195198660965	2226.6129430465367	-1.4711655125474865	2.164327965309108	4957805.198142359	2512.248800871236	1843.374509545012	0.8373009999999999	27.002169	0.1947067650947747	0.1069155133818889	-0.0041155327	-0.051143068	0.0996129372	-0.0534665416	-0.0489807025	-0.0205721085	0.0348914351	0.0186903286	-0.0085099104	-0.0015812506	0.0524372003	0.0047972524	-0.0502043539	-0.0456479149	-0.0143916097	0.0602657085	0.0017649012	-0.0398397946	0.0575277633	0.0020378603	0.0383033627	-0.0158208223	0.0320794497	-0.0434769194	-0.0295504979	0.011469625	0.0660925397	0.0402816838	-0.0239497933	-0.0087228891	-0.010823179	0.0393669334	-0.018441245	0.0202752149	-0.0583836373	-0.0764652464	-0.0365333029	-0.0597154691	0.0635994361	0.0407336786	-0.0114766341	-0.0028859486	-0.057612965	0.0130878375	-0.0245269446	-0.0339911867	0.0210308585	0.0338985154	-0.0261151796	-0.0079366083	-0.0503742723	0.0407671552	0.0188125381	-0.0347845374	0.0124653637	-0.000406029	0.0093781449	0.0729434684	0.0486815572	0.0140379523	-0.0235993474	-0.0562039158	-0.0768225931	-0.0810582975	-0.0680077345	-0.0871341883728433	-0.0340574684909285	0.0075923667833941	0.0011599111600105	-0.132365394444065	-0.0046573758323092	0.0175205976463329	2.1691149643377933e-05	-0.5760288307667523	-0.0075141184113221	0.3318092138745117	5.6461975499369786e-05	-0.0135417703619181	-0.0007056240505715	4.979053007450707e-07	0.0001833795445349	0.0088723245921549	-0.0018128972198176	7.871814366855663e-05	3.2865963296227447e-06	0.000472104256365	-0.0004510347768149	2.228824288779497e-07	2.0343236989655685e-07	0.0	0.0	0.0	0.0	0.0	0.0	0.0	0.0	0.0	0.0	0.0	0.0	0.0	0.0	0.0	0.0	0.0	0.0	0.0	0.0	0.0	0.0	0.0	0.0	0.0	0.0	0.0	0.0	0.0	0.0	0.0	0.0	0.0	0.0	0.0	0.0	0.0	0.0	0.0	0.0	0.0	0.0	0.0	0.0	0.0	0.0	0.0	0.0	0.0	0.0	0.0	0.0	0.0	0.0	0.0	0.0	0.0	0.0	0.0	0.0	0.0	0.0	0.0	0.0	0.0	0.0	0.0	0.0	0.0	0.0	0.0	0.0	0.0	0.0	0.0	0.0	0.0	0.0	0.0	0.0	0.0	0.0	0.0	0.0	0.0	0.0	0.0	0.0	0.0	0.0	0.0	0.0	0.0	0.0	0.0	0.0	0.0	0.0	0.0	0.0	0.0	0.0	0.0	0.0
2083.8592363989665	-4.411834675521732	19.464285204135944	4342469.317125283	2972.386856560958	-0.4099175704145636	8835083.625056334	0.1680324145345787	2223.0603222867626	-3.552620759774072	12.621114262777706	4941997.196525725	2514.596576978793	1807.5417478763857	0.733394	23.65127	0.0748978664766605	0.0402082651308432	-0.0151277087	-0.0480796096	0.0637074279	-0.0351216966	-0.0820946824	-0.0198158616	0.0422897621	-0.0105997688	-0.0040477393	0.0306233228	0.0294183747	0.0121142587	-0.0877658807	-0.0462848537	0.0062331646	0.0631601753	-0.0309630595	-0.0065729085	0.0715090739	0.0006702675	0.0227058118	0.004719286	-0.0190602676	-0.054921393	-0.0099651813	-0.0108308095	0.0575792193	0.0587256438	-0.0295000576	0.0212717527	-0.0284737683	0.021427416	-0.0038886601	0.0187793848	-0.0618070705	-0.0677484113	-0.0407717261	-0.0637471709	0.051819035	0.0270558895	-0.005838813	-0.0022416176	-0.0510991736	-0.0160387174	-0.0155703628	-0.0467562897	-0.0114135866	0.0151255264	-0.0517220878	-0.0189621747	-0.0278823746	0.0353779608	0.0094092234	-0.0145886865	0.0083640859	-0.0010466957	-0.0077180325	0.0725552932	0.0472981097	0.0115045374	-0.0268518493	-0.0592265694	-0.0784076511	-0.0801222105	-0.0639883028	-0.0799243174958803	0.0072098708769629	0.0063878965271822	5.198223806247915e-05	-0.1285912663732347	0.0037741280708303	0.0165357137874722	1.4244042695029254e-05	-0.5830954021339494	-0.0070665713671971	0.3400002479897521	4.993643088769028e-05	-0.0141255920802351	-0.000583821718317	3.408477987786161e-07	0.0001995323516172	0.0084110380762107	-0.0004612865159442	7.074556151946619e-05	2.127852497919392e-07	0.0005639419453372	9.183768897219998e-05	3.1803051771070545e-07	8.434161115754541e-09	0.0	0.0	0.0	0.0	0.0	0.0	0.0	0.0	0.0	0.0	0.0	0.0	0.0	0.0	0.0	0.0	0.0	0.0	0.0	0.0	0.0	0.0	0.0	0.0	0.0	0.0	0.0	0.0	0.0	0.0	0.0	0.0	0.0	0.0	0.0	0.0	0.0	0.0	0.0	0.0	0.0	0.0	0.0	0.0	0.0	0.0	0.0	0.0	0.0	0.0	0.0	0.0	0.0	0.0	0.0	0.0	0.0	0.0	0.0	0.0	0.0	0.0	0.0	0.0	0.0	0.0	0.0	0.0	0.0	0.0	0.0	0.0	0.0	0.0	0.0	0.0	0.0	0.0	0.0	0.0	0.0	0.0	0.0	0.0	0.0	0.0	0.0	0.0	0.0	0.0	0.0	0.0	0.0	0.0	0.0	0.0	0.0	0.0	0.0	0.0	0.0	0.0	0.0	0.0
2078.834883405428	-5.024352993538287	25.244123003677142	4321554.47246326	2971.8001619037827	-0.5866946571754852	8831596.202291349	0.3442106207582601	2220.2216358267383	-2.838686460024292	8.058140818325244	4929384.112193158	2506.05425416883	1808.886144179872	0.725504	23.396801	0.3277794358611898	0.1772680615336072	-0.0190061146	-0.0543265615	0.0600393548	-0.0359244364	-0.0915279739	-0.0139791458	0.0247819548	0.0529672697	0.0046611216	0.0155179374	0.0326041376	-0.0015318842	-0.0821025095	-0.0318582485	0.0064461894	0.0422125007	-0.0170456281	-0.0044836272	0.051740512	-0.0177326469	0.024105893	0.0155167493	0.0250578686	-0.0253980542	-0.0141834559	0.0402518525	0.044749083	0.0485329026	-0.0574015474	-0.0011875346	-0.0093302745	-0.0177192318	-0.0054785781	0.0151037199	-0.065703103	-0.0540725296	-0.0475406359	-0.0798735912	0.0454274971	0.0254349846	-0.0139394171	0.0183115583	-0.0376225856	-0.0251509979	-0.0003815699	-0.060314907	-0.002431027	0.0642288993	-0.0447900846	-0.0042123407	-0.0405240804	0.0501747596	0.0122343372	-0.0147853848	0.0235165139	-0.0004863961	0.014308843	0.0721591615	0.0458939156	0.008959769	-0.0300572439	-0.0620868871	-0.0796832699	-0.0787557834	-0.0595200392	0.0063610842611296	0.0862854017570099	4.046339297719071e-05	0.0074451705563686	-0.1282299770199699	0.0003612893532647	0.016442927006542	1.305299967824925e-07	-0.5309480764365091	0.0521473256974402	0.2819058598716291	0.0027193435773949	-0.0143083895764395	-0.0001827974962043	3.3414924618597235e-08	0.0002047300122711	0.010932049933011	0.0025210118568002	0.0001195097157378	6.355500782127692e-06	0.001639840973402	0.0010758990280648	2.6890784180480184e-06	1.1575587185907812e-06	0.0	0.0	0.0	0.0	0.0	0.0	0.0	0.0	0.0	0.0	0.0	0.0	0.0	0.0	0.0	0.0	0.0	0.0	0.0	0.0	0.0	0.0	0.0	0.0	0.0	0.0	0.0	0.0	0.0	0.0	0.0	0.0	0.0	0.0	0.0	0.0	0.0	0.0	0.0	0.0	0.0	0.0	0.0	0.0	0.0	0.0	0.0	0.0	0.0	0.0	0.0	0.0	0.0	0.0	0.0	0.0	0.0	0.0	0.0	0.0	0.0	0.0	0.0	0.0	0.0	0.0	0.0	0.0	0.0	0.0	0.0	0.0	0.0	0.0	0.0	0.0	0.0	0.0	0.0	0.0	0.0	0.0	0.0	0.0	0.0	0.0	0.0	0.0	0.0	0.0	0.0	0.0	0.0	0.0	0.0	0.0	0.0	0.0	0.0	0.0	0.0	0.0	0.0	0.0
2077.0824392083564	-1.7524441970717817	3.0710606638505618	4314271.459267736	2962.6833126670435	-9.1168492367392	8777492.411155768	83.11694000543211	2222.118909695448	1.8972738687098167	3.599648132889117	4937812.448826087	2508.71914405477	1796.1414312820862	0.726604	23.432281	0.1959315768623455	0.0968633315039027	-0.0222662323	-0.0425926389	0.0521576251	-0.0302824408	-0.0888328917	-0.013451502	0.0211004621	-0.0108808992	0.0035881827	0.0116753348	0.020071741	0.0305325201	-0.0391047848	-0.0314735228	0.005220258	0.0626120867	0.0176166074	-0.0239122903	0.0459015137	0.0388139595	0.0460441562	-0.0530062839	0.0313776554	-0.034296087	0.0039074422	-0.0060536465	0.0558032486	0.0425365131	-0.0008648595	0.0073311279	-0.0372062199	0.0353121364	-0.0046611122	0.0135732764	-0.0617437733	-0.0590387285	-0.0434766986	-0.0671803424	0.0379523779	0.023424309	-0.004072411	0.0157984214	-0.0472639798	-0.0208235707	0.0035918978	-0.0512896211	-0.0079764873	0.0430831568	-0.0421183212	-0.008463343	-0.0164266216	0.0425110579	-0.0032147081	-0.013886791	0.0224683051	-0.0208278743	-0.0045154273	0.0717551168	0.044469591	0.0064061583	-0.0332099078	-0.064777029	-0.0806444153	-0.0769663555	-0.0546342852	-0.0218543729014299	-0.0282154571625595	0.0004776136149147	0.0007961120228922	-0.1458229901334675	-0.0175930131134975	0.0212643444514653	0.0003095141104116	-0.5609830522681776	-0.0300349758316684	0.3147019849321208	0.0009020997732089	-0.0145155102818333	-0.0002071207053938	4.289898660282552e-08	0.000210700038742	0.009497258606933	-0.0014347913260779	9.019792104696296e-05	2.058626149388663e-06	0.0008799903897814	-0.0007598505836205	7.743830861076202e-07	5.773729094285663e-07	0.0	0.0	0.0	0.0	0.0	0.0	0.0	0.0	0.0	0.0	0.0	0.0	0.0	0.0	0.0	0.0	0.0	0.0	0.0	0.0	0.0	0.0	0.0	0.0	0.0	0.0	0.0	0.0	0.0	0.0	0.0	0.0	0.0	0.0	0.0	0.0	0.0	0.0	0.0	0.0	0.0	0.0	0.0	0.0	0.0	0.0	0.0	0.0	0.0	0.0	0.0	0.0	0.0	0.0	0.0	0.0	0.0	0.0	0.0	0.0	0.0	0.0	0.0	0.0	0.0	0.0	0.0	0.0	0.0	0.0	0.0	0.0	0.0	0.0	0.0	0.0	0.0	0.0	0.0	0.0	0.0	0.0	0.0	0.0	0.0	0.0	0.0	0.0	0.0	0.0	0.0	0.0	0.0	0.0	0.0	0.0	0.0	0.0	0.0	0.0	0.0	0.0	0.0	0.0
2077.5730441088604	0.4906049005039676	0.240693168398508	4316309.753607756	2974.5216610557154	11.838348388671877	8847779.112089653	140.14649257156998	2220.74805955763	-1.3708501378182518	1.87923010035632	4931721.944028978	2511.027123949679	1784.4834484675744	0.731804	23.599976	0.105396331723151	0.050699580652352	-0.0193277851	-0.0470462335	0.0520257256	-0.0254523243	-0.0680416815	0.0097490293	0.0353642647	0.0284192597	0.0063924622	0.011572128	0.0320395971	0.0109921001	-0.0550803673	-0.0217668277	0.002462282	0.0558842349	-0.0133803026	-0.0340277783	0.0554872791	-0.0014999122	0.0214113993	-0.0265978054	0.0091565429	-0.0327337086	-0.0137162226	0.0212273492	0.0491720312	0.0596561843	-0.0264505563	0.0274201095	-0.0202749041	0.0266227679	-0.0017885679	0.0173267957	-0.0619606786	-0.0532965517	-0.0408839925	-0.0539726522	0.0344982135	0.0159188791	-0.0037064134	0.0188458441	-0.0572335532	-0.0133919621	0.0044986106	-0.0439975146	0.0132404724	0.0504116649	-0.0342352103	-0.0031571181	-0.0341152167	0.0549734468	0.0085464759	-0.0185829816	0.0468030478	0.0156577401	0.0024667445	0.0713432033	0.0430257605	0.0038462256	-0.0363043104	-0.0672896215	-0.081287294	-0.0747635377	-0.049365311	-0.0396769320167891	-0.0178225591153592	0.0015742589342649	0.0003176436134204	-0.1405875117885102	0.0052354783449573	0.0197648484708844	2.7410233500516835e-05	-0.548023937855433	0.0129591144127445	0.3003302364625755	0.0001679386463626	-0.0152733341407032	-0.0007578238588699	5.742970010724662e-07	0.0002332747357735	0.0089843214436893	-0.0005129371632436	8.07180318035354e-05	2.631045334364937e-07	0.0007631678148932	-0.0001168225748881	5.824251136888617e-07	1.3647514003509077e-08	0.0	0.0	0.0	0.0	0.0	0.0	0.0	0.0	0.0	0.0	0.0	0.0	0.0	0.0	0.0	0.0	0.0	0.0	0.0	0.0	0.0	0.0	0.0	0.0	0.0	0.0	0.0	0.0	0.0	0.0	0.0	0.0	0.0	0.0	0.0	0.0	0.0	0.0	0.0	0.0	0.0	0.0	0.0	0.0	0.0	0.0	0.0	0.0	0.0	0.0	0.0	0.0	0.0	0.0	0.0	0.0	0.0	0.0	0.0	0.0	0.0	0.0	0.0	0.0	0.0	0.0	0.0	0.0	0.0	0.0	0.0	0.0	0.0	0.0	0.0	0.0	0.0	0.0	0.0	0.0	0.0	0.0	0.0	0.0	0.0	0.0	0.0	0.0	0.0	0.0	0.0	0.0	0.0	0.0	0.0	0.0	0.0	0.0	0.0	0.0	0.0	0.0	0.0	0.0
2074.0396934374626	-3.533350671397784	12.48456696706717	4301640.649954164	2955.081058542352	-19.4406025133635	8732504.062555786	377.93702608259525	2222.7775656960225	2.0295061383926623	4.118895165773496	4940740.106561536	2501.63981236576	1807.671848881045	0.8184399999999998	26.393925	0.3062675792255279	0.1484937846832492	-0.0166770161	-0.0647835597	0.0451906772	-0.043799078	-0.0796493135	-0.0188733291	-0.0004469691	-0.0365359479	0.0194606828	-0.0140609627	0.0795915243	-0.0241175385	-0.0236796954	-0.0362081024	0.0206890934	0.0427175643	0.000648197	-0.0071796707	0.0439377269	-0.0086355078	0.0237982686	-0.0054919609	-0.0014807611	-0.0152217429	0.0193781259	-0.0039822236	0.0670039959	0.0124755179	-0.0211204789	-0.010475303	-0.0129178744	0.051289965	-0.0110233788	0.0222319644	-0.0735872807	-0.0432803363	-0.0418911458	-0.0701068767	0.016526928	0.0158113271	0.0050308206	0.0196188651	-0.0305536763	-0.0181220556	-0.0144929515	-0.0153665316	0.0062980124	0.0344253005	-0.0413198405	0.021733106	-0.0052163256	0.025201077	0.0151052672	0.0132344336	0.0177562665	-0.0127684862	0.0295462042	0.0709234662	0.0415630576	0.0012824971	-0.0393350228	-0.0696177779	-0.0816093689	-0.0721591615	-0.0437500746	-0.0392469206114185	0.0004300114053706	0.0015403207774789	1.8490980874880373e-07	-0.1622981184506358	-0.0217106066621255	0.0263406792526166	0.0004713504416375	-0.6617409604479647	-0.1137170225925316	0.4379010987345948	0.0129315612273103	-0.0168517716276989	-0.0015784374869957	2.491464900353304e-06	0.0002839822069921	0.0103112509491236	0.0013269295054342	0.0001063218961358	1.7607419123921148e-06	0.0012659995937732	0.0005028317788799	1.6027549714339074e-06	2.528397978516251e-07	0.0	0.0	0.0	0.0	0.0	0.0	0.0	0.0	0.0	0.0	0.0	0.0	0.0	0.0	0.0	0.0	0.0	0.0	0.0	0.0	0.0	0.0	0.0	0.0	0.0	0.0	0.0	0.0	0.0	0.0	0.0	0.0	0.0	0.0	0.0	0.0	0.0	0.0	0.0	0.0	0.0	0.0	0.0	0.0	0.0	0.0	0.0	0.0	0.0	0.0	0.0	0.0	0.0	0.0	0.0	0.0	0.0	0.0	0.0	0.0	0.0	0.0	0.0	0.0	0.0	0.0	0.0	0.0	0.0	0.0	0.0	0.0	0.0	0.0	0.0	0.0	0.0	0.0	0.0	0.0	0.0	0.0	0.0	0.0	0.0	0.0	0.0	0.0	0.0	0.0	0.0	0.0	0.0	0.0	0.0	0.0	0.0	0.0	0.0	0.0	0.0	0.0	0.0	0.0
2077.117498466614	3.0778050291514774	9.472883797470129	4314417.102436204	2967.596965267784	12.51590672543216	8806631.748266561	156.64792115971798	2220.7576233174377	-2.019942378584801	4.080167212802825	4931764.421522515	2505.335519104926	1770.198158890708	0.94159	30.365395	0.4731016722046335	0.2362944643291885	-0.0382021738	-0.0455977903	0.0263182614	-0.0060345552	-0.096411905	-0.0101094712	0.0190713269	0.0209445999	0.0363923727	0.0178924244	-0.0074033692	0.0212690041	-0.0396819811	-0.0184224515	0.0124494363	0.0659712558	-0.0096530517	-0.0397670558	0.001178047	-0.0007609603	0.02215311	0.0011377427	0.0001768729	-0.0163754115	0.0062219326	0.0338719381	0.0550246417	0.0556618938	0.0011279135	0.0327119285	-0.0069776904	0.0309650362	-0.0084117885	0.0094281952	-0.0724476242	-0.0229043953	-0.0548598939	-0.072693568	0.0184280993	0.0026638342	-0.0043783645	0.0299793714	-0.0446373557	-0.0480551468	0.0328262852	-0.0713324075	-0.0061559596	0.0864452181	-0.0073943028	-0.0038514566	-0.0171928888	0.0302584971	0.0015412714	-0.0093593884	0.0390536697	-0.0034947351	-0.0023562316	0.0704959515	0.0400821236	-0.0012824971	-0.0422967282	-0.0717551168	-0.0816093689	-0.0691672152	-0.0378279629	0.1111693217293492	0.1504162423407677	0.0123586180937635	0.0226250459599165	-0.1761983118130246	-0.0139001933623887	0.0310458450857598	0.0001932153755117	-0.5205245818244677	0.141216378623497	0.2709458402835369	0.0199420655915348	-0.0159018067839106	0.0009499648437883	9.024332044337304e-07	0.0002528674589928	0.0096851085744855	-0.000626142374638	9.380132809957255e-05	3.920542733174384e-07	0.0030412695329064	0.0017752699391332	9.249320371784712e-06	3.151583356789996e-06	0.0	0.0	0.0	0.0	0.0	0.0	0.0	0.0	0.0	0.0	0.0	0.0	0.0	0.0	0.0	0.0	0.0	0.0	0.0	0.0	0.0	0.0	0.0	0.0	0.0	0.0	0.0	0.0	0.0	0.0	0.0	0.0	0.0	0.0	0.0	0.0	0.0	0.0	0.0	0.0	0.0	0.0	0.0	0.0	0.0	0.0	0.0	0.0	0.0	0.0	0.0	0.0	0.0	0.0	0.0	0.0	0.0	0.0	0.0	0.0	0.0	0.0	0.0	0.0	0.0	0.0	0.0	0.0	0.0	0.0	0.0	0.0	0.0	0.0	0.0	0.0	0.0	0.0	0.0	0.0	0.0	0.0	0.0	0.0	0.0	0.0	0.0	0.0	0.0	0.0	0.0	0.0	0.0	0.0	0.0	0.0	0.0	0.0	0.0	0.0	0.0	0.0	0.0	0.0
2075.718189908475	-1.3993085581391824	1.9580644408815575	4308606.003916916	2965.0791735197367	-2.5177917480473297	8791694.505240485	6.339275286535228	2217.6059670716654	-3.151656245772301	9.932937091515557	4917776.225191857	2501.6997920379176	1792.182283527225	0.8549099999999998	27.570019	0.2177136278724751	0.0975629621368319	-0.0330820167	-0.0321041858	0.039703017	-0.0026429913	-0.0890051982	-0.0057122493	0.0047097045	0.0363063805	-0.0068322863	0.0413873901	0.0286204153	0.0427423796	-0.0135687972	-0.0096405863	-0.0014369609	0.0668318322	-0.0300356918	-0.0026810844	0.0338475671	-0.0160550193	0.0359588876	-0.00755418	-0.0250366995	-0.0029399917	-0.0256623816	0.0389085803	0.0547166808	0.043663191	-0.0196994324	0.0183072455	0.011572824	-0.0124814236	0.004226407	-0.0049905132	-0.0467465353	-0.0353771013	-0.0511447201	-0.0584122474	0.0234044213	-0.0045224098	0.0014580977	0.0409335995	-0.0578261198	-0.0581217222	0.0472387378	-0.0789997175	-0.022118028	0.0902694058	-0.075706786	0.0276455435	0.0086923491	0.0783598523	-0.014251599	-0.0073110854	0.042126547	-0.0231971432	-0.0006087756	0.0700607062	0.0385836084	-0.0038462256	-0.0451842308	-0.0736957799	-0.081287294	-0.0658037687	-0.0316405151	0.075614170242872	-0.0355551514864772	0.005717502741518	0.0012641687972263	-0.1557195529312736	0.0204787588817509	0.0242485791651157	0.0004193795653368	-0.4590848085351808	0.0614397732892869	0.2107588614277836	0.0037748457418389	-0.0153503686812049	0.0005514381027057	3.040839811156634e-07	0.0002356338186489	0.0092310113415818	-0.0004540972329037	8.521157038841183e-05	2.0620429693079746e-07	0.0020420059842166	-0.0009992635486898	4.1697884395764055e-06	9.985276397401324e-07	0.0	0.0	0.0	0.0	0.0	0.0	0.0	0.0	0.0	0.0	0.0	0.0	0.0	0.0	0.0	0.0	0.0	0.0	0.0	0.0	0.0	0.0	0.0	0.0	0.0	0.0	0.0	0.0	0.0	0.0	0.0	0.0	0.0	0.0	0.0	0.0	0.0	0.0	0.0	0.0	0.0	0.0	0.0	0.0	0.0	0.0	0.0	0.0	0.0	0.0	0.0	0.0	0.0	0.0	0.0	0.0	0.0	0.0	0.0	0.0	0.0	0.0	0.0	0.0	0.0	0.0	0.0	0.0	0.0	0.0	0.0	0.0	0.0	0.0	0.0	0.0	0.0	0.0	0.0	0.0	0.0	0.0	0.0	0.0	0.0	0.0	0.0	0.0	0.0	0.0	0.0	0.0	0.0	0.0	0.0	0.0	0.0	0.0	0.0	0.0	0.0	0.0	0.0	0.0
2082.0856413911515	6.367451482676643	40.544438384240976	4335080.618087202	2957.908659924959	-7.170513594777731	8749223.640459066	51.416265212892256	2218.552378204478	0.9464111328125	0.8956940323114395	4921974.654836745	2506.0889178964667	1828.9288532491505	0.974242	31.418371	0.5163840893080872	0.2386028681555649	-0.0187230167	-0.0621157899	0.047712633	-0.0285537878	-0.0539100362	-0.0114495685	0.0086552476	-0.0794428572	0.0014124849	0.0272901373	0.0181314289	-0.0013458028	-0.0222405505	-0.0031585794	0.0059332901	0.0178136599	-0.0134122104	-0.003134755	0.0486836686	-0.0331873793	0.0275911016	0.0209860418	0.0301518714	-0.0174899912	0.0311663495	-0.064103581	0.0193429101	0.0701238731	-0.009916101	-0.0052436873	0.0022192722	0.0115448604	0.0106387747	0.0162724913	-0.0718704803	-0.0182921645	-0.0365554228	-0.0474349486	-0.0009030293	-0.0014537091	-0.0034192109	0.0092777942	-0.0116837685	-0.0401139181	-0.0084700268	-0.0193136954	-0.0200902582	0.0258244176	-0.0424259177	-0.0058064171	-0.0351960005	-0.0439495904	0.0314538222	-0.0050000527	0.0183853736	-0.0197348869	0.0066096018	0.0696177779	0.0370681691	-0.0064061583	-0.0479924649	-0.0754344479	-0.0806444153	-0.0620868871	-0.0252311319	-0.0176229797604463	-0.0932371500033183	0.000310569415637	0.0086931661407412	-0.2046463726276357	-0.048926819696362	0.0418801378296491	0.0023938336856003	-0.6394704623916425	-0.1803856538564617	0.408922472271381	0.0325389841172232	-0.0174659464896325	-0.0021155778084276	4.475669463511333e-06	0.0003050592867787	0.0106432342014624	0.0014122228598806	0.0001132784342671	1.994373405969341e-06	0.0016931173374859	-0.0003488886467307	2.866646318495343e-06	1.217232878175793e-07	0.0	0.0	0.0	0.0	0.0	0.0	0.0	0.0	0.0	0.0	0.0	0.0	0.0	0.0	0.0	0.0	0.0	0.0	1.0	0.0	0.0	0.0	0.0	0.0	0.0	0.0	0.0	0.0	0.0	0.0	0.0	0.0	0.0	0.0	0.0	0.0	0.0	0.0	0.0	0.0	0.0	0.0	0.0	0.0	0.0	0.0	0.0	0.0	0.0	0.0	0.0	0.0	0.0	0.0	0.0	0.0	0.0	0.0	0.0	0.0	0.0	0.0	0.0	0.0	0.0	0.0	0.0	0.0	0.0	0.0	0.0	0.0	0.0	0.0	0.0	0.0	0.0	0.0	0.0	0.0	0.0	0.0	0.0	0.0	0.0	0.0	0.0	0.0	0.0	0.0	0.0	0.0	0.0	0.0	0.0	0.0	0.0	0.0	0.0	0.0	0.0	0.0	0.0	0.0
2080.0391773059487	-2.0464640852028424	4.188015252025107	4326562.979127607	2986.6277292351974	28.71906931023841	8919945.193036592	824.7849420462777	2219.4609089640826	0.9085307596046732	0.8254281411478446	4926006.726419671	2515.0108989243063	1809.8257186410144	1.205539	38.877491	0.8674908524357273	0.4682910923321821	0.0061234236	-0.0604071242	0.0187947718	-0.0273417937	0.0005444051	-0.0010539364	0.0421121381	0.0085812404	0.0437563112	-0.001062622	0.0284522268	-0.0986386892	-0.0334048427	-0.0182809665	0.0697854783	0.0081893419	-0.0299243764	-0.0126927619	0.0149697118	-0.0098250763	0.0927175296	0.0413310099	0.042458885	-0.0350101387	0.0727631513	0.0004777442	0.0295643384	0.0367267549	-0.0217033306	-0.0189718589	0.0018899575	0.013631798	-0.0433431441	0.0475770548	-0.0841259131	0.0142412122	-0.0026000953	-0.0264794821	-0.0542726297	-0.0323510881	0.0132496181	0.0119295898	0.0824278046	0.0242840764	-0.0196567341	0.0972583067	-0.0039145108	-0.0321309284	-0.00074439	0.0749520256	0.0102185002	-0.1173848242	0.0407260703	0.0689801718	0.0142474786	0.0436820048	0.019353099	0.0691672152	0.0355364705	-0.008959769	-0.0507165039	-0.0769663555	-0.0796832699	-0.058036534	-0.0186447705	-0.0276429170940843	-0.0100199373336379	0.0007641308654704	0.00010039914417	-0.2744400105125493	-0.0697936378849136	0.0753173193701281	0.0048711518892104	-0.8031215222480483	-0.1636510598564058	0.6450041794980224	0.0267816693921249	-0.0252522015427251	-0.0077862550530925	6.0625767751810026e-05	0.0006376736827544	0.0140376877284498	0.0033944535269874	0.0001970566767614	1.15223147468772e-05	0.0003933015703505	-0.0012998157671354	1.546861252401693e-07	1.6895210284937886e-06	0.0	0.0	0.0	0.0	0.0	0.0	0.0	0.0	0.0	0.0	0.0	0.0	0.0	0.0	0.0	0.0	0.0	0.0	0.0	1.0	0.0	0.0	0.0	0.0	0.0	0.0	0.0	0.0	0.0	0.0	0.0	0.0	0.0	0.0	0.0	0.0	0.0	0.0	0.0	0.0	0.0	0.0	0.0	0.0	0.0	0.0	0.0	0.0	0.0	0.0	0.0	0.0	0.0	0.0	0.0	0.0	0.0	0.0	0.0	0.0	0.0	0.0	0.0	0.0	0.0	0.0	0.0	0.0	0.0	0.0	0.0	0.0	0.0	0.0	0.0	0.0	0.0	0.0	0.0	0.0	0.0	0.0	0.0	0.0	0.0	0.0	0.0	0.0	0.0	0.0	0.0	0.0	0.0	0.0	0.0	0.0	0.0	0.0	0.0	0.0	0.0	0.0	0.0	0.0
2078.8234004891087	-1.2157768168399343	1.4781132683654432	4321506.730421102	2957.5130814401728	-29.114647795024663	8746883.626889747	847.6627162283347	2222.022608373072	2.561699408989625	6.562303862017795	4937384.472121071	2504.469949497557	1806.572187076334	0.873374	28.165487	0.5769269561509776	0.2836143474424275	0.0286177366	-0.0359788533	0.0486364358	-0.0134386574	0.0162708907	-0.0014094292	0.003320343	-0.0457913548	0.0059615295	-0.0501954113	0.047864566	-0.0191199081	-0.0148066707	-0.0235578167	0.0605666985	0.0277287631	-0.0171385446	0.0048000161	-0.0051835504	0.0124101863	0.0977962642	0.0305382613	0.0646779773	-0.0157575115	0.0601335837	-0.0221412406	0.0673054141	-0.0338447377	-0.0362499034	-0.0082580988	0.0152789068	0.0059197525	-0.0362482971	0.0538627722	-0.0739347689	-0.0205301045	0.0018966075	-0.0156448731	-0.0231365908	0.0225705788	0.0113068968	0.0103688585	0.0525019771	0.0377967529	-0.077668981	0.1245084434	0.0600428862	-0.0535385205	0.0279369484	0.1175233585	-0.0040138847	-0.1261889505	0.0503292468	0.0797842929	-0.0150009056	-0.0444327883	-0.010230031	0.0687090676	0.0339891844	-0.0115045374	-0.0533515689	-0.0782873035	-0.0784076511	-0.0536744641	-0.0119276293	-0.1089226270178045	-0.0812797099237202	0.0118641386764597	0.0066063912452841	-0.2593568896136986	0.0150831208988506	0.0672659961900922	0.0002275005360493	-0.9522715153871602	-0.1491499931391118	0.9068210390177583	0.0222457204533971	-0.0233708061032755	0.0018813954394495	3.5396487995817508e-06	0.0005461945779168	0.0110512117712284	-0.0029864759572214	0.0001221292816125	8.919038643061477e-06	-0.0013671096767644	-0.0017604112471149	1.8689888683028624e-06	3.0990477589686378e-06	0.0	0.0	0.0	0.0	0.0	0.0	0.0	0.0	0.0	0.0	0.0	0.0	0.0	0.0	0.0	0.0	0.0	0.0	0.0	0.0	1.0	0.0	0.0	0.0	0.0	0.0	0.0	0.0	0.0	0.0	0.0	0.0	0.0	0.0	0.0	0.0	0.0	0.0	0.0	0.0	0.0	0.0	0.0	0.0	0.0	0.0	0.0	0.0	0.0	0.0	0.0	0.0	0.0	0.0	0.0	0.0	0.0	0.0	0.0	0.0	0.0	0.0	0.0	0.0	0.0	0.0	0.0	0.0	0.0	0.0	0.0	0.0	0.0	0.0	0.0	0.0	0.0	0.0	0.0	0.0	0.0	0.0	0.0	0.0	0.0	0.0	0.0	0.0	0.0	0.0	0.0	0.0	0.0	0.0	0.0	0.0	0.0	0.0	0.0	0.0	0.0	0.0	0.0	0.0
2080.9093339912097	2.085933502100943	4.351118575187104	4330183.65629174	2953.840812602796	-3.6722688373765777	8725175.546197947	13.48555841396712	2219.2136568672213	-2.808951505850928	7.890208562222194	4924909.254825985	2500.4563963737373	1833.5402751645563	0.7348019999999998	23.696667	0.2225324918508848	0.107396057213539	0.0284713237	-0.0455650349	0.0359634268	-0.023255259	0.0474275123	0.0021318154	-0.0231807468	-0.0119808773	0.0708946464	-0.0188048884	0.0297760302	-0.0180480891	-0.0089470694	-0.016229636	0.0684280153	0.0063686914	-0.0156541225	0.0079633608	0.0171847731	-0.0092882156	0.0653970054	0.0070113622	0.0730295464	0.0046415839	0.0703467244	0.0343137864	0.0585253684	-0.0028631639	-0.016812813	-0.0142277948	0.0168421415	0.0256758399	-0.0175191897	0.0501561722	-0.0657015389	0.0055424718	0.0090369536	0.0082376091	-0.0444947994	-0.0128064793	0.0148050709	-0.0152591752	0.0519763248	0.0268442054	-0.0684442778	0.1058574212	0.035250736	-0.040865546	-0.0080743637	0.0735438109	-0.0207593706	-0.090302241	0.0234966526	0.0504058607	-0.0120349127	0.0063276113	-0.0020664827	0.0682433853	0.0324269895	-0.0140379523	-0.0558930371	-0.0793936715	-0.0768225931	-0.0490241061	-0.0051268245	-0.1364101460060141	-0.0274875189882095	0.018607727933382	0.0007555637001271	-0.2664562811716138	-0.0070993915579151	0.0709989497758061	5.040136049259717e-05	-0.8713500151475202	0.0809215002396399	0.7592508488975837	0.006548289201034	-0.0243454668373133	-0.0009746607340378	9.49963546475106e-07	0.0005927017555267	0.0099341831269061	-0.0011170286443223	9.868799439890584e-05	1.247752992236518e-06	-0.0013183174338221	4.8792242942299934e-05	1.7379608563192872e-06	2.380682971340417e-09	0.0	0.0	0.0	0.0	0.0	0.0	0.0	0.0	0.0	0.0	0.0	0.0	0.0	0.0	0.0	0.0	0.0	0.0	0.0	0.0	0.0	0.0	0.0	0.0	0.0	0.0	0.0	0.0	0.0	0.0	0.0	0.0	0.0	0.0	0.0	0.0	0.0	0.0	0.0	0.0	0.0	0.0	0.0	0.0	0.0	0.0	0.0	0.0	0.0	0.0	0.0	0.0	0.0	0.0	0.0	0.0	0.0	0.0	0.0	0.0	0.0	0.0	0.0	0.0	0.0	0.0	0.0	0.0	0.0	0.0	0.0	0.0	0.0	0.0	0.0	0.0	0.0	0.0	0.0	0.0	0.0	0.0	0.0	0.0	0.0	0.0	0.0	0.0	0.0	0.0	0.0	0.0	0.0	0.0	0.0	0.0	0.0	0.0	0.0	0.0	0.0	0.0	0.0	0.0
2079.3876192213	-1.521714769909522	2.31561584096079	4323852.870970827	2989.957272820724	36.11646021792785	8939844.493293542	1304.3986986731652	2223.40069183746	4.187034970238528	17.531261842000355	4943510.636463295	2527.284081588699	1815.0856958080271	0.835642	26.948654	0.4066508545796584	0.238762132673161	0.0660290768	-0.032405049	0.0327482832	0.0037559957	0.0411906353	-0.007618496	0.0770900677	-0.0856216423	0.0327834698	0.0027656606	0.0178821586	-0.0580527749	-0.0076444493	-0.0432360788	0.0652079067	0.0233876668	0.002520451	0.0765440762	0.0146714972	0.0037928672	0.0590676101	0.0003281087	0.0097110444	-0.0739361568	0.0720097035	-0.0676542622	-0.0003492396	-0.0023054399	-0.0027054944	-0.0106100984	-0.0614134961	0.0020545049	0.0383071942	0.0639054238	-0.0523188972	0.0165050393	0.0190435121	0.0185609872	-0.0206822466	0.003630722	0.0103721564	-0.0241362255	0.060940611	0.0297088814	-0.0898450916	0.1029772181	0.0611484002	-0.1074726082	0.0236204761	0.0939045948	-0.0054386164	-0.056503206	-0.017977862	0.0965072744	-0.0369163388	-0.059432094	-0.011637936	0.0677702193	0.0308505711	-0.0165575133	-0.05833645	-0.080282427	-0.0749343514	-0.0441104375	0.0017099414	-0.1220662740767011	0.0143438719293129	0.0149001752669683	0.0002057466619245	-0.2859744819255922	-0.0195182007539784	0.0817814043126108	0.0003809601606726	-1.0708874897845675	-0.1995374746370473	1.146800015777092	0.0398152037845302	-0.0265035790303662	-0.0021581121930528	4.657448237803584e-06	0.0007024397014188	0.0091542265465556	-0.0007799565803504	8.379986366566328e-05	6.083322672320438e-07	-0.0007913600620391	0.000526957371783	6.262507477905283e-07	2.776840716764469e-07	0.0	0.0	0.0	0.0	0.0	0.0	0.0	0.0	0.0	0.0	0.0	0.0	0.0	0.0	0.0	0.0	0.0	0.0	0.0	0.0	0.0	0.0	0.0	0.0	0.0	0.0	0.0	0.0	0.0	0.0	0.0	0.0	0.0	0.0	0.0	0.0	0.0	0.0	0.0	0.0	0.0	0.0	0.0	0.0	0.0	0.0	0.0	0.0	0.0	0.0	0.0	0.0	0.0	0.0	0.0	0.0	0.0	0.0	0.0	0.0	0.0	0.0	0.0	0.0	0.0	0.0	0.0	0.0	0.0	0.0	0.0	0.0	0.0	0.0	0.0	0.0	0.0	0.0	0.0	0.0	0.0	0.0	0.0	0.0	0.0	0.0	0.0	0.0	0.0	0.0	0.0	0.0	0.0	0.0	0.0	0.0	0.0	0.0	0.0	0.0	0.0	0.0	0.0	0.0
2083.499583626186	4.111964404885839	16.90825126704815	4340970.514970491	2971.8509351228413	-18.106337697882736	8831897.980590506	327.8394648297695	2227.152278751522	3.751586914062045	14.07440437376158	4960207.272748097	2515.491736466791	1836.497956818309	0.7246749999999998	23.370092	0.1260844690971427	0.0716538670341316	0.0597893825	-0.0380109583	0.0303063354	0.0027996797	0.0684292404	-0.0067802289	0.0113295037	0.0044860141	0.0898646511	-0.0037769284	0.0104122384	-0.0162583956	-0.0312571002	-0.0365234282	0.0466908843	0.0121597618	0.0230969664	0.0625334454	0.0092946176	0.0139665499	0.0218828021	0.0173137839	0.0210819117	-0.0291156505	0.0645513682	0.0304246844	0.0162860802	-0.0183918759	-0.0331246703	-0.0215692965	-0.0332471512	-0.0186513498	0.0228495709	0.0606733324	-0.0456188663	0.0351727782	0.0176022246	0.0399372682	-0.0229184853	0.007489603	0.0176312744	-0.0392831542	0.0772089649	0.0212385592	-0.0826960558	0.0696640938	0.0199123475	-0.1046408921	0.0496143288	0.0496469063	-0.0534739631	-0.0759221128	-0.0148325665	0.0910592129	-0.0355057861	-0.0038773664	-0.0323342261	0.0672896215	0.0292606206	-0.0190607341	-0.0606775209	-0.0809511339	-0.0727503781	-0.0389598496	0.0085347133	-0.1091654898322787	0.0129007842444224	0.0119171041703213	0.0001664302341211	-0.301083740290565	-0.0151092583649727	0.0906514186673564	0.0002282896883395	-1.07290370559803	-0.0020162158134624	1.151122361485984	4.065126206456057e-06	-0.0276195265543676	-0.0011159475240014	1.245338876324856e-06	0.0007628382470874	0.0086801272614198	-0.0004740992851358	7.53446092744432e-05	2.2477013216627733e-07	-0.0004602426576906	0.0003311174043485	2.1182330395810683e-07	1.0963873546248809e-07	0.0	0.0	0.0	0.0	0.0	0.0	0.0	0.0	0.0	0.0	0.0	0.0	0.0	0.0	0.0	0.0	0.0	0.0	0.0	0.0	0.0	0.0	0.0	0.0	0.0	0.0	0.0	0.0	0.0	0.0	0.0	0.0	0.0	0.0	0.0	0.0	0.0	0.0	0.0	0.0	0.0	0.0	0.0	0.0	0.0	0.0	0.0	0.0	0.0	0.0	0.0	0.0	0.0	0.0	0.0	0.0	0.0	0.0	0.0	0.0	0.0	0.0	0.0	0.0	0.0	0.0	0.0	0.0	0.0	0.0	0.0	0.0	0.0	0.0	0.0	0.0	0.0	0.0	0.0	0.0	0.0	0.0	0.0	0.0	0.0	0.0	0.0	0.0	0.0	0.0	0.0	0.0	0.0	0.0	0.0	0.0	0.0	0.0	0.0	0.0	0.0	0.0	0.0	0.0
2079.370839624702	-4.128744001483938	17.046527029789598	4323783.088681539	2982.8522512335526	11.001316110711286	8897407.552689072	121.02895616779573	2220.348363306616	-6.80391544490567	46.29326538142592	4929946.854438369	2519.350281130511	1814.379880235981	0.8228309999999999	26.535515	0.2369401175641377	0.1255761029122152	0.0889371683	-0.0138220323	0.0402252103	0.0332225084	0.0579886489	-0.0093386983	0.0442134802	-0.0455616398	0.0547057499	-0.0351284037	0.0521025951	-0.0453811237	-0.0155802725	-0.0293342857	0.0775662702	-0.0363522056	0.0030183048	0.088897085	-0.0004292827	-0.0390270358	0.0273355629	-0.0128556075	0.0630928442	-0.0455492608	0.0792556172	-0.024906816	-0.0120587665	-0.0403656902	-0.0308153658	-0.0196231381	-0.0237163808	-0.024686924	0.0569105138	0.0712794815	-0.0295193001	0.032284109	0.0249485808	0.0549502011	0.0019068866	0.0295493193	0.0255627911	-0.0246887541	0.0643497678	0.0456275	-0.0855004338	0.0652893624	0.0691364551	-0.0991444031	0.0812793198	0.0909440987	-0.0510920711	0.0056755609	-0.0144425792	0.0698992518	-0.0408633535	0.0079275465	-0.0076723088	0.0668016447	0.0276578354	-0.0215451443	-0.0629121428	-0.0813979594	-0.0702792922	-0.0336000067	0.0152996203	-0.1013968992694742	0.0077685905628044	0.0102813311814638	6.035099933249497e-05	-0.3056770914105442	-0.0045933511199792	0.0934384842132102	2.1098874511414324e-05	-1.130831518956974	-0.057927813358944	1.278779924266537	0.0033556315605486	-0.0291955447132124	-0.0015760181588448	2.483833237008554e-06	0.0008523798311011	0.0074094590315885	-0.0012706682298312	5.49000831407884e-05	1.614597750302609e-06	-0.0009465635194627	-0.0004863208617721	8.959824963776133e-07	2.3650798059475805e-07	0.0	0.0	0.0	0.0	0.0	0.0	0.0	0.0	0.0	0.0	0.0	0.0	0.0	0.0	0.0	0.0	0.0	0.0	0.0	0.0	0.0	0.0	0.0	0.0	0.0	0.0	0.0	0.0	0.0	0.0	0.0	0.0	0.0	0.0	0.0	0.0	0.0	0.0	0.0	0.0	0.0	0.0	0.0	0.0	0.0	0.0	0.0	0.0	0.0	0.0	0.0	0.0	0.0	0.0	0.0	0.0	0.0	0.0	0.0	0.0	0.0	0.0	0.0	0.0	0.0	0.0	0.0	0.0	0.0	0.0	0.0	0.0	0.0	0.0	0.0	0.0	0.0	0.0	0.0	0.0	0.0	0.0	0.0	0.0	0.0	0.0	0.0	0.0	0.0	0.0	0.0	0.0	0.0	0.0	0.0	0.0	0.0	0.0	0.0	0.0	0.0	0.0	0.0	0.0
2084.790675460478	5.419835835775757	29.3746204867591	4346352.160486955	2990.7297234786183	7.877472245065746	8944464.278898492	62.05456897178117	2226.37937814952	6.0310148429039145	36.37314003532733	4956765.135449444	2523.0708461427257	1844.9247996665915	0.839526	27.073908	0.2101894038886902	0.0924436028293922	0.0739875797	-0.0382372694	0.0200217912	-0.0166758844	0.0889218812	0.0193764575	0.0414702688	0.0123352	0.0650175416	-0.0221743372	0.0564574957	-0.0318801558	-0.044881408	-0.03772742	0.0638715672	-0.0157223162	0.0231700207	0.0654318811	0.01071945	-0.0121971356	0.0548982739	-0.0195837312	0.0358575244	-0.0435524246	0.0597251409	0.0292643836	0.0147209919	-0.0260324877	-0.0550685099	-0.0317969373	-0.0222139301	-0.0123229759	0.0087813429	0.0618582303	-0.0340714945	0.0523219314	0.0353962613	0.0546510482	-0.0338008733	-0.0182064005	0.0273106769	-0.0399504012	0.0518310928	0.0310445066	-0.0612822537	0.0367697209	0.014166891	-0.0997199701	0.0070196365	0.0358945827	-0.0068436724	-0.0179242148	-0.0481186754	0.0575771008	-0.0372609878	-0.0480257896	-0.0515652454	0.0663063423	0.0260429185	-0.024008292	-0.0650363955	-0.0816216788	-0.0675308461	-0.0280596966	0.0219572114	-0.1201916523080086	-0.0187947530385343	0.0144460332845292	0.0003532427417794	-0.3163661731137352	-0.0106890817031909	0.1000875554906298	0.0001142564676574	-1.050864792627884	0.0799667263290899	1.1043168123848457	0.0063946773197915	-0.0286315320550099	0.0005640126582024	3.1811027861264854e-07	0.000819764627817	0.0063941742846165	-0.0010152847469719	4.088546478205093e-05	1.0308031174339978e-06	-0.0005110840682797	0.000435479451183	2.6120692484932905e-07	1.896423524026469e-07	0.0	0.0	0.0	0.0	0.0	0.0	0.0	0.0	0.0	0.0	0.0	0.0	0.0	0.0	0.0	0.0	0.0	0.0	0.0	0.0	0.0	0.0	0.0	0.0	0.0	0.0	0.0	0.0	0.0	0.0	0.0	0.0	0.0	0.0	0.0	0.0	0.0	0.0	0.0	0.0	0.0	0.0	0.0	0.0	0.0	0.0	0.0	0.0	0.0	0.0	0.0	0.0	0.0	0.0	0.0	0.0	0.0	0.0	0.0	0.0	0.0	0.0	0.0	0.0	0.0	0.0	0.0	0.0	0.0	0.0	0.0	0.0	0.0	0.0	0.0	0.0	0.0	0.0	0.0	0.0	0.0	0.0	0.0	0.0	0.0	0.0	0.0	0.0	0.0	0.0	0.0	0.0	0.0	0.0	0.0	0.0	0.0	0.0	0.0	0.0	0.0	0.0	0.0	0.0
2082.374144746674	-2.416530713803695	5.839620690756596	4336282.078709442	2982.143384431538	-8.5863390470804	8893179.165308787	73.72521823141756	2225.210526899858	-1.1688512496621115	1.3662132438366796	4951561.889025943	2518.390643255228	1858.883835123904	0.704797	22.729034	0.139130130996481	0.0855452427141726	0.0691583036	-0.0352560227	0.0232736017	-0.0369945345	0.1041360638	0.0259292921	0.0133159367	0.0249410882	0.0527825953	-0.0203787936	0.0330680415	-0.0214329555	-0.010451969	-0.0347829033	0.0586240094	-0.0240237964	-0.0028983902	0.0523946886	0.0124588551	-0.0207720435	0.0228728347	-0.0304836451	0.0376939416	-0.025629412	0.0479502061	0.0417146225	0.0061529509	-0.0179364228	-0.048716509	-0.0201465075	0.0124118789	-0.0292200149	0.0115375416	0.0612450926	-0.0278530447	0.0502886108	0.0418054239	0.0603192439	-0.0309515149	-0.0088094371	0.0281742538	-0.0419721649	0.0494994772	0.0597132835	-0.0569866999	0.0304387944	0.0288569452	-0.0647444058	0.0637949482	0.0433192498	-0.0470415237	-0.0162276394	-0.0133135207	0.0203484895	-0.0411308961	0.0066221892	-0.0542141762	0.0658037687	0.0244165784	-0.0264477464	-0.0670465522	-0.0816216788	-0.0645158866	-0.0223686765	0.0284607885	-0.1162032022780579	0.0039884500299506	0.0135031842196752	1.5907733641413735e-05	-0.310140610722641	0.0062255623910942	0.0961871984194127	3.875762708540691e-05	-0.9871850979946828	0.0636796946332012	0.9745344177027716	0.0040551035085777	-0.0296558254443122	-0.0010242933893022	1.0491769473683886e-06	0.0008794679827835	0.0064248363742596	3.0662089643099244e-05	4.127852243600924e-05	9.401637412814536e-10	-0.0002613110683804	0.0002497729998993	6.82834744581061e-08	6.238655147869572e-08	0.0	0.0	0.0	0.0	0.0	0.0	0.0	0.0	0.0	0.0	0.0	0.0	0.0	0.0	0.0	0.0	0.0	0.0	0.0	0.0	0.0	0.0	0.0	0.0	0.0	0.0	0.0	0.0	0.0	0.0	0.0	0.0	0.0	0.0	0.0	0.0	0.0	0.0	0.0	0.0	0.0	0.0	0.0	0.0	0.0	0.0	0.0	0.0	0.0	0.0	0.0	0.0	0.0	0.0	0.0	0.0	0.0	0.0	0.0	0.0	0.0	0.0	0.0	0.0	0.0	0.0	0.0	0.0	0.0	0.0	0.0	0.0	0.0	0.0	0.0	0.0	0.0	0.0	0.0	0.0	0.0	0.0	0.0	0.0	0.0	0.0	0.0	0.0	0.0	0.0	0.0	0.0	0.0	0.0	0.0	0.0	0.0	0.0	0.0	0.0	0.0	0.0	0.0	0.0
2081.095984702444	-1.278160044229935	1.633693098665869	4330960.497544636	2969.828243857936	-12.315140573602092	8819879.798016312	151.6626873475805	2223.4956688819	-1.7148580179577948	2.9407380217541363	4943932.9895365685	2513.3572776771384	1834.657889322462	0.749074	24.15691	0.1252408962658286	0.0595165430323418	0.068805412	-0.0213964719	0.0066004762	-0.0201306153	0.0883118111	0.028808896	-0.003636081	-0.0273513988	0.057578662	-0.0580254871	0.0630920764	-0.0485465476	-0.0091670075	-0.0207738814	0.0526306241	-0.0070906842	0.0106995849	0.0508948779	0.0075295742	-0.016476979	0.0298804834	-0.0050494546	0.0314124406	-0.0117750404	0.0583441205	0.0045918269	0.0340147179	-0.043736821	-0.052792535	-0.0469362603	0.0026891454	0.0186804797	-0.0021695485	0.0543445434	-0.0250779515	0.0496561292	0.0446798194	0.0543379146	-0.038695638	-0.0273616328	0.0320955908	-0.0306586687	0.0300662168	0.0390397927	-0.0438833584	0.04245941	0.032262268	-0.0727397513	0.0074006928	0.042690512	-0.0090406042	0.0118298268	-0.027820508	0.0139327161	-0.0454685527	-0.0158880924	-0.0246259693	0.0652939789	0.0227795284	-0.0288611001	-0.0689390864	-0.0813979594	-0.0612463124	-0.0165575133	0.0347647336	-0.13249561971773	-0.016292417439672	0.0175550892443853	0.0002654428660285	-0.3209881667522722	-0.0108475560296312	0.1030334031949845	0.0001176694718159	-0.9850749615930424	0.0021101364016403	0.970372679957534	4.452675633527778e-06	-0.0289743809140984	0.0006814445302137	4.643666477583063e-07	0.0008395147493552	0.0056070823599649	-0.0008177540142946	3.1439372591429554e-05	6.687216278950955e-07	-0.0006819282517696	-0.0004206171833892	4.65026140561543e-07	1.769188149622639e-07	0.0	0.0	0.0	0.0	0.0	0.0	0.0	0.0	0.0	0.0	0.0	0.0	0.0	0.0	0.0	0.0	0.0	0.0	0.0	0.0	0.0	0.0	0.0	0.0	0.0	0.0	0.0	0.0	0.0	0.0	0.0	0.0	0.0	0.0	0.0	0.0	0.0	0.0	0.0	0.0	0.0	0.0	0.0	0.0	0.0	0.0	0.0	0.0	0.0	0.0	0.0	0.0	0.0	0.0	0.0	0.0	0.0	0.0	0.0	0.0	0.0	0.0	0.0	0.0	0.0	0.0	0.0	0.0	0.0	0.0	0.0	0.0	0.0	0.0	0.0	0.0	0.0	0.0	0.0	0.0	0.0	0.0	0.0	0.0	0.0	0.0	0.0	0.0	0.0	0.0	0.0	0.0	0.0	0.0	0.0	0.0	0.0	0.0	0.0	0.0	0.0	0.0	0.0	0.0
2080.25255998224	-0.8434247202039842	0.711365258651169	4327450.713312664	2980.204093210321	10.375849352385105	8881616.43718755	107.65824978339036	2221.395156397964	-2.1005124839362	4.412152695171824	4934596.440868335	2521.5489655002007	1819.2370666418665	0.7368	23.761084	0.1480284167513018	0.0610875458268173	0.0682838966	-0.0155326271	0.001083518	-0.0232259227	0.0941920777	0.0393065597	0.0230671169	-0.0486739548	0.0572351021	-0.0095746406	0.0013339092	0.0102164182	-0.0504721066	-0.0208752844	0.0406258621	-0.0163160273	-0.0165376148	0.0598468211	-0.0034323808	0.0026212644	0.0074326026	-0.0248413482	0.0289864882	-0.0362799115	0.0536168514	-0.0265713931	4.91689e-05	-0.0163434088	-0.0111577699	0.0093334326	-0.0128182825	-0.0090454548	0.0369940623	0.054589916	-0.019112702	0.0507120522	0.0513657181	0.0660839702	-0.0360446076	-0.0267077438	0.0268676126	-0.0293300316	0.0191622141	0.0609114154	-0.03404843	0.0130373502	0.0416789882	-0.064562592	0.0507731353	0.0438183812	-0.026841924	0.0347126148	-0.0403535588	-0.0161387858	-0.0468827336	-0.0189817898	-0.0545744375	0.064777029	0.0211324865	-0.0312459714	-0.0707106781	-0.0809511339	-0.0577350269	-0.010657419	0.040824829	-0.1126653568892948	0.0198302628284351	0.0126934826429921	0.0003932393238448	-0.2961338308889907	0.0248543358632815	0.0876952457969893	0.0006177380112048	-0.9471823422841724	0.03789261930887	0.8971543895349312	0.0014358505980869	-0.0291866918176095	-0.0002123109035111	4.50759197497009e-08	0.0008518629792561	0.0049372862459868	-0.000669796113978	2.437679547481043e-05	4.486268343001637e-07	-0.0002550112942445	0.0004269169575251	6.503076019225497e-08	1.8225808862248805e-07	0.0	0.0	0.0	0.0	0.0	0.0	0.0	0.0	0.0	0.0	0.0	0.0	0.0	0.0	0.0	0.0	0.0	0.0	0.0	0.0	0.0	0.0	0.0	0.0	0.0	0.0	0.0	0.0	0.0	0.0	0.0	0.0	0.0	0.0	0.0	0.0	0.0	0.0	0.0	0.0	0.0	0.0	0.0	0.0	0.0	0.0	0.0	0.0	0.0	0.0	0.0	0.0	0.0	0.0	0.0	0.0	0.0	0.0	0.0	0.0	0.0	0.0	0.0	0.0	0.0	0.0	0.0	0.0	0.0	0.0	0.0	0.0	0.0	0.0	0.0	0.0	0.0	0.0	0.0	0.0	0.0	0.0	0.0	0.0	0.0	0.0	0.0	0.0	0.0	0.0	0.0	0.0	0.0	0.0	0.0	0.0	0.0	0.0	0.0	0.0	0.0	0.0	0.0	0.0
2071.405439009428	-8.847120972812263	78.2715495075746	4290720.492757841	2970.925612600226	-9.278480610094904	8826398.995604029	86.09020243190707	2212.2206058915044	-9.174550506459582	84.17237699557776	4893920.009130975	2503.251418929085	1835.9673720716764	0.990572	31.945	0.3971973848651787	0.2114289744121495	0.0289283379	-0.038116866	-0.0172072878	-0.0626664214	0.0677857761	0.0529523408	-0.028608058	0.0393068784	0.0436111488	-0.0085857997	-0.0021821191	-0.056958381	-0.0334683782	0.0220479227	0.0543379411	-0.0065155183	-0.0626458803	0.0602028302	0.0122643516	0.0025094756	-0.0248980346	-0.0093279411	0.0395320512	0.0283958813	0.0508912923	0.0278520184	0.0163657574	0.0125799689	-0.0910522199	0.0065672851	0.04412252	-0.0257331374	0.0210476878	0.0254974734	-0.0324464653	0.0595639278	0.0298544376	-0.0039105435	-0.083999994	-0.0841540709	0.0292615269	-0.004735881	0.0403910321	0.0145449561	0.0316535512	0.0112376507	0.0289169971	0.0473290242	-0.0323841558	-0.0113350572	0.039081211	0.0469424511	-0.0626889947	-0.0089108808	-0.0327013151	-0.0185996043	-0.0629307463	0.0642529755	0.0194761753	-0.0336000067	-0.0723582192	-0.080282427	-0.0539958877	-0.0047000831	0.0465985677	-0.035348565248455	0.0773167916408398	0.0012495210651242	0.005977886269633	-0.2981076033320846	-0.0019737724430938	0.0888681431643994	3.895777657116783e-06	-0.7991260493499723	0.1480562929342	0.6386024427496945	0.0219206658774176	-0.0297429499911451	-0.0005562581735355	3.094231556251612e-07	0.0008846430741757	0.0067140078539646	0.0017767216079777	4.507790146309833e-05	3.156739672255217e-06	0.000809019481183	0.0010640307754275	6.545125209336106e-07	1.132161491056847e-06	0.0	0.0	0.0	0.0	0.0	0.0	0.0	0.0	0.0	0.0	0.0	0.0	0.0	0.0	0.0	0.0	0.0	0.0	0.0	0.0	0.0	0.0	0.0	0.0	0.0	0.0	0.0	0.0	0.0	0.0	0.0	0.0	0.0	0.0	0.0	0.0	0.0	0.0	0.0	0.0	0.0	0.0	0.0	0.0	0.0	0.0	0.0	0.0	0.0	0.0	0.0	0.0	0.0	0.0	0.0	0.0	0.0	0.0	0.0	0.0	0.0	0.0	0.0	0.0	0.0	0.0	0.0	0.0	0.0	0.0	0.0	0.0	0.0	0.0	0.0	0.0	0.0	0.0	0.0	0.0	0.0	0.0	0.0	0.0	0.0	0.0	0.0	0.0	0.0	0.0	0.0	0.0	0.0	0.0	0.0	0.0	0.0	0.0	0.0	0.0	0.0	0.0	0.0	0.0
2066.7449453523486	-4.660493657079314	21.72020112767652	4271434.669139482	2963.9673134251643	-6.958299175061711	8785102.235052787	48.41792740966449	2213.67311472707	1.452508835565368	2.109781917395461	4900348.658865446	2505.5037893427825	1802.1114318080447	0.990171	31.932087	0.6483368687146649	0.354876827260753	-0.0438905802	-0.0492296824	-0.0462497303	-0.0671697587	-0.0057280393	0.0492627267	-0.0307225199	-0.0170316289	0.0327315283	0.0125980793	-0.0125052309	0.0247362561	-0.057604259	0.0137234324	0.0598341843	0.0001676674	-0.0677905675	0.0242647497	0.0295406573	-0.0232152559	-0.0060099437	0.0048160077	0.0122289235	0.0182865498	0.0326393812	-0.006320341	0.037853153	0.0311786464	-0.0561995056	0.0495874298	0.0536550145	-0.0162895533	-0.0025298278	0.0067752173	-0.0473714492	0.0513519994	0.0051920387	-0.0354903007	-0.1186684753	-0.0802880114	0.0181287195	0.0180707513	0.0728818415	0.0207039847	0.0754117639	0.015050938	-0.0299538778	0.0608455689	-0.0366796108	-0.0311786999	0.0744379302	-0.0131629635	0.0186598858	-0.023545578	0.0182384384	0.0565478129	-0.0123226144	0.0637218759	0.0178113211	-0.0359208828	-0.0738788195	-0.0793936715	-0.0500436514	0.0012824971	0.0520454508	0.0754757757626833	0.1108243410111383	0.0056965927269788	0.012282034560553	-0.3203250825023644	-0.0222174791702798	0.1026081584801465	0.0004936163806818	-0.6610927884760756	0.1380332608738967	0.4370436749750732	0.0190531811074812	-0.0302058869845898	-0.0004629369934446	2.1431065989961694e-07	0.0009123956085258	0.0119910711336506	0.005277063279686	0.0001437857869322	2.7847396857810367e-05	0.0026142549612393	0.0018052354800563	6.8343290023642935e-06	3.2588751384540995e-06	0.0	0.0	0.0	0.0	0.0	0.0	0.0	0.0	0.0	0.0	0.0	0.0	0.0	0.0	0.0	0.0	0.0	0.0	0.0	0.0	0.0	1.0	0.0	0.0	0.0	0.0	0.0	0.0	0.0	0.0	0.0	0.0	0.0	0.0	0.0	0.0	0.0	0.0	0.0	0.0	0.0	0.0	0.0	0.0	0.0	0.0	0.0	0.0	0.0	0.0	0.0	0.0	0.0	0.0	0.0	0.0	0.0	0.0	0.0	0.0	0.0	0.0	0.0	0.0	0.0	0.0	0.0	0.0	0.0	0.0	0.0	0.0	0.0	0.0	0.0	0.0	0.0	0.0	0.0	0.0	0.0	0.0	0.0	0.0	0.0	0.0	0.0	0.0	0.0	0.0	0.0	0.0	0.0	0.0	0.0	0.0	0.0	0.0	0.0	0.0	0.0	0.0	0.0	0.0
2069.2694246926176	2.524479340268954	6.372995939444772	4281875.951967716	2965.64426301655	1.6769495913858918	8795045.894762978	2.8121599320493096	2216.411711457488	2.7385967304180667	7.499912051856525	4912480.874685911	2508.5232674866643	1797.535575108022	0.757653	24.43359	0.2609575041025525	0.1436411784026632	-0.024263739	-0.0474733951	-0.0521407041	-0.0743673843	0.0283421474	0.077151415	-0.0205351624	-0.0175714108	0.0094303964	-0.0085634729	0.0104160581	0.0323163281	-0.0241975185	0.0158358954	0.0366306676	-0.0288111522	-0.0748472977	-0.0055162888	0.0208231779	-0.0194501163	0.0148519745	-0.0064698608	0.0023927213	0.0131170763	0.0225742598	-0.0116079408	0.0205518409	0.0150623877	-0.0597378101	0.0277402505	0.0715818214	-0.0219867433	-0.0389684712	0.0100191356	-0.038032547	0.0590294081	0.0212115176	-0.024305217	-0.1118428518	-0.0885795055	0.0171799442	0.0068844083	0.0436348434	0.0328348447	0.0597612041	0.0102515793	-0.0180423229	0.0329611349	-0.0508239398	-0.0202476301	0.0500723035	0.0115001272	-0.000484733	-0.0290774827	0.0215572038	0.0354079927	-0.0325009669	0.0631837885	0.0161386543	-0.0382063093	-0.0752698111	-0.0782873035	-0.0458939156	0.0072581889	0.0571272725	0.0509239353544046	-0.0245518404082787	0.0025932471919795	0.0006027928674335	-0.2966506318696815	0.0236744506326829	0.0880015973886812	0.0005604796127593	-0.6893090002591364	-0.0282162117830608	0.4751468978382501	0.0007961546073865	-0.0298196095926646	0.0003862773919252	1.492102235125357e-07	0.0008892091162589	0.0097791426013464	-0.0022119285323041	9.563163001746804e-05	4.8926278320214085e-06	0.0015221608598981	-0.0010920941013411	2.3169736834057232e-06	1.1926695261842428e-06	0.0	0.0	0.0	0.0	0.0	0.0	0.0	0.0	0.0	0.0	0.0	0.0	0.0	0.0	0.0	0.0	0.0	0.0	0.0	0.0	0.0	0.0	0.0	0.0	0.0	0.0	0.0	0.0	0.0	0.0	0.0	0.0	0.0	0.0	0.0	0.0	0.0	0.0	0.0	0.0	0.0	0.0	0.0	0.0	0.0	0.0	0.0	0.0	0.0	0.0	0.0	0.0	0.0	0.0	0.0	0.0	0.0	0.0	0.0	0.0	0.0	0.0	0.0	0.0	0.0	0.0	0.0	0.0	0.0	0.0	0.0	0.0	0.0	0.0	0.0	0.0	0.0	0.0	0.0	0.0	0.0	0.0	0.0	0.0	0.0	0.0	0.0	0.0	0.0	0.0	0.0	0.0	0.0	0.0	0.0	0.0	0.0	0.0	0.0	0.0	0.0	0.0	0.0	0.0
2070.7931816132627	1.523756920645155	2.321835153214006	4288184.401015979	2958.691954923931	-6.952308092619205	8753858.084131593	48.33458781469849	2222.1803565087257	5.768645051237854	33.277265727170985	4938085.536853247	2508.842274461268	1797.5114689422053	0.701523	22.623457	0.0710474478462046	0.0385577985398027	-0.0350490694	-0.046155208	-0.0544734922	-0.0706876373	0.0093184642	0.06000259	-0.0372063565	-0.023231924	0.0459608336	-0.0016371283	-0.0005368389	0.0503698514	-0.0140100427	-0.0040140381	0.0449242245	-0.0151128741	-0.0650184707	-0.0211323462	-0.002381595	-0.0040687739	-0.0058167138	0.0010126558	0.0079800983	0.013614003	0.0275608102	0.0126002529	0.0463723511	0.0075489966	-0.0071111425	0.0358058016	0.0645391234	0.0125170938	-0.0253477254	0.005502408	-0.036526722	0.0548724808	0.0215540557	-0.0218820278	-0.1114041758	-0.0831214507	0.0167655535	0.0060627494	0.0415033972	0.0274761519	0.0548580735	0.0131518489	-0.0110610052	0.0432500457	-0.0304971684	-0.0251399999	0.0527211332	-0.0029653637	0.0103964887	-0.0412793098	0.009620675	0.0291824802	-0.03210746	0.0626387723	0.0144589085	-0.0404540309	-0.076528754	-0.0769663555	-0.0415630576	0.0131948967	0.0618083875	0.0259232835651772	-0.0250006517892274	0.0006720166308005	0.0006250325898861	-0.2977668359475132	-0.0011162040778316	0.0886650885901932	1.245911543368105e-06	-0.6872283469065508	0.0020806533525856	0.4722828007919105	4.329118373625992e-06	-0.0298158350861306	3.7745065339968298e-06	1.4246899575184759e-11	0.0008889840218833	0.0093198902061482	-0.0004592523951982	8.686035345465714e-05	2.1091276249528442e-07	0.0011281889890991	-0.000393971870799	1.272810395124449e-06	1.5521383498086406e-07	0.0	0.0	0.0	0.0	0.0	0.0	0.0	0.0	0.0	0.0	0.0	0.0	0.0	0.0	0.0	0.0	0.0	0.0	0.0	0.0	0.0	0.0	0.0	0.0	0.0	0.0	0.0	0.0	0.0	0.0	0.0	0.0	0.0	0.0	0.0	0.0	0.0	0.0	0.0	0.0	0.0	0.0	0.0	0.0	0.0	0.0	0.0	0.0	0.0	0.0	0.0	0.0	0.0	0.0	0.0	0.0	0.0	0.0	0.0	0.0	0.0	0.0	0.0	0.0	0.0	0.0	0.0	0.0	0.0	0.0	0.0	0.0	0.0	0.0	0.0	0.0	0.0	0.0	0.0	0.0	0.0	0.0	0.0	0.0	0.0	0.0	0.0	0.0	0.0	0.0	0.0	0.0	0.0	0.0	0.0	0.0	0.0	0.0	0.0	0.0	0.0	0.0	0.0	0.0
2069.896297695732	-0.8968839175308858	0.8044007615255487	4284470.683214498	2963.144019839638	4.452064915707069	8780222.482311409	19.820882013669795	2213.509080762987	-8.671275745738512	75.191023058633	4899622.450620204	2504.8738336937663	1792.1876826408854	0.741556	23.914473	0.3341166474850963	0.1621068365798854	-0.0499386787	-0.0533368234	-0.0621597468	-0.057855305	0.0046574914	0.0520929722	-0.0355760481	-0.0036526448	0.0118862759	0.0177856885	-0.0026617608	0.0681103004	-0.0352991709	0.0282360946	0.049527005	-0.0070138695	-0.1012061231	-0.0086195567	0.0282977467	-0.0366541638	-0.0241858118	-0.0466247033	-0.015045707	0.0297139481	0.0139416258	-0.0015950234	0.0317853687	0.0385186447	-0.0486981842	0.0609625469	0.0797428363	-0.0347388494	-0.0031049457	-0.01017959	-0.0434071123	0.0649748631	-0.0006567353	-0.0413156968	-0.1172895392	-0.0923336939	0.0094795999	0.0130713383	0.0381577538	0.0038216048	0.0802167955	0.0004965218	-0.0362308042	0.0793840463	-0.0465552253	-0.0433181232	0.057950218	-0.0108293049	0.0159615637	-0.0388700669	0.0375070658	0.0258002929	-0.0280734624	0.0620868871	0.0127728206	-0.0426618292	-0.0776534394	-0.0754344479	-0.0370681691	0.0190607341	0.066055961	0.1181943131023928	0.0922710295372156	0.0139698956497464	0.0085139428918577	-0.3019906424977847	-0.0042238065502714	0.0911983481562248	1.784054177411636e-05	-0.6559264308400117	0.031301916066539	0.4302394826745166	0.0009798099494366	-0.0288867074448393	0.0009291276412913	8.632781738115404e-07	0.0008344418670037	0.0105512418627158	0.0012313516565675	0.0001113287048455	1.5162269021317707e-06	0.0030941075978616	0.0019659186087625	9.57350182714488e-06	3.864835976278684e-06	0.0	0.0	0.0	0.0	0.0	0.0	0.0	0.0	0.0	0.0	0.0	0.0	0.0	0.0	0.0	0.0	0.0	0.0	0.0	0.0	0.0	0.0	0.0	0.0	0.0	0.0	0.0	0.0	0.0	0.0	0.0	0.0	0.0	0.0	0.0	0.0	0.0	0.0	0.0	0.0	0.0	0.0	0.0	0.0	0.0	0.0	0.0	0.0	0.0	0.0	0.0	0.0	0.0	0.0	0.0	0.0	0.0	0.0	0.0	0.0	0.0	0.0	0.0	0.0	0.0	0.0	0.0	0.0	0.0	0.0	0.0	0.0	0.0	0.0	0.0	0.0	0.0	0.0	0.0	0.0	0.0	0.0	0.0	0.0	0.0	0.0	0.0	0.0	0.0	0.0	0.0	0.0	0.0	0.0	0.0	0.0	0.0	0.0	0.0	0.0	0.0	0.0	0.0	0.0
2070.09292406168	0.1966263659483047	0.0386619277860366	4285284.714250237	2952.244142873664	-10.899876965974272	8715745.479131853	118.8073178733765	2216.078568892045	2.569488129057845	6.602269245369185	4911004.223502615	2500.3094015899383	1814.9927376731148	0.78317	25.256502	0.2336420008330448	0.1243332649516001	-0.0371359455	-0.0492954494	-0.0484422902	-0.0722182278	0.0330604167	0.0646555729	-0.0612231796	-0.0130406256	0.0152255885	-0.0125293483	-0.0083692327	0.0323845506	-9.86377e-05	0.0286028375	0.0355811935	-0.0063944971	-0.076736536	-0.0456930662	-0.002401926	-0.0046336012	-0.0120139128	0.0080440647	-0.0148692519	0.0455717721	0.0124772609	0.0067912118	0.0424768404	0.0110514541	-0.0069476022	0.04518733	0.0763294089	0.0035250776	-0.0332288162	-0.0066219814	-0.0327026267	0.0542810696	0.0144811138	-0.0290403791	-0.1079467039	-0.0705407658	0.0118064822	0.0045781183	0.0422038038	0.0313430812	0.0615866155	0.0271289891	-0.0099955521	0.0673070253	-0.0489232414	-0.0223620459	0.0357995904	-0.0165471597	0.0367522949	-0.0423636277	0.0165855117	0.0617554607	0.0004739916	0.0615281933	0.0110811301	-0.0448275254	-0.0786418943	-0.0736957799	-0.0324269895	0.0248241955	0.0698401994	0.0442011210280099	-0.0739931920743829	0.0019537391001327	0.0054749924733565	-0.294797350310759	0.0071932921870256	0.0869054777502443	5.174345248792485e-05	-0.6842563895371327	-0.028329958697121	0.4682068066223923	0.0008025865597805	-0.0297385205717842	-0.0008518131269449	7.255856032356524e-07	0.0008843796057984	0.0106429431325008	9.170126978500122e-05	0.0001132722385216	8.409122880181577e-09	0.0015551108371012	-0.0015389967607604	2.4183697156695947e-06	2.3685110296310043e-06	0.0	0.0	0.0	0.0	0.0	0.0	0.0	0.0	0.0	0.0	0.0	0.0	0.0	0.0	0.0	0.0	0.0	0.0	0.0	0.0	0.0	0.0	0.0	0.0	0.0	0.0	0.0	0.0	0.0	0.0	0.0	0.0	0.0	0.0	0.0	0.0	0.0	0.0	0.0	0.0	0.0	0.0	0.0	0.0	0.0	0.0	0.0	0.0	0.0	0.0	0.0	0.0	0.0	0.0	0.0	0.0	0.0	0.0	0.0	0.0	0.0	0.0	0.0	0.0	0.0	0.0	0.0	0.0	0.0	0.0	0.0	0.0	0.0	0.0	0.0	0.0	0.0	0.0	0.0	0.0	0.0	0.0	0.0	0.0	0.0	0.0	0.0	0.0	0.0	0.0	0.0	0.0	0.0	0.0	0.0	0.0	0.0	0.0	0.0	0.0	0.0	0.0	0.0	0.0
2071.585481292801	1.492557231120827	2.22772708817107	4291466.406303125	2962.761636834396	10.51749396073228	8777956.51669763	110.61767921404	2218.374378022693	2.29580913064774	5.270739564365531	4921184.881067569	2515.1148834689507	1778.1630014297016	0.810565	26.139946	0.184970513603975	0.101215655041818	-0.0352460026	-0.0515736618	-0.0755608724	-0.0492169649	0.0184554975	0.0561425743	-0.0217345168	-0.0761102766	0.0116693288	0.0023096931	-0.0654377843	0.057175787	-0.0364010103	0.0188874322	0.0352486438	0.0141775817	-0.0650625821	-0.018336639	0.0350786649	0.0328581176	-0.0062682645	-0.0099393625	-0.0052239527	0.0041942945	0.0207705712	-0.0562567924	0.0224817434	0.0334870778	-0.0056958098	0.0810485464	0.0136257731	0.0066950253	-0.0029913469	-0.0111213208	-0.0334292996	0.0632047681	0.0155854524	-0.0291482113	-0.1095631917	-0.0864481474	0.0079698947	-0.0153294933	0.0230558253	0.0149361933	0.0432314439	0.0233726262	-0.0204123104	0.0198019441	-0.102365623	-0.0329576999	0.0620712999	-0.0092092134	0.0160038645	-0.0316060511	0.0357452651	0.0018764873	-0.0043955121	0.0609627523	0.009384579	-0.0469489822	-0.0794923845	-0.0717551168	-0.0276578354	0.0304543249	0.073134559	0.0204662636889167	-0.0237348573390932	0.0004188679493842	0.0005633434529071	-0.3017202925170181	-0.0069229422062591	0.0910351349165549	4.792712879120373e-05	-0.7655265660008155	-0.0812701764636827	0.5860309232530009	0.0066048415824381	-0.0290105149281656	0.0007280056436185	5.299922171405316e-07	0.0008416099763973	0.0101482136488657	-0.0004947294836351	0.000102986240263	2.447572619778527e-07	0.0013169952124561	-0.000238115624645	1.7344763896322882e-06	5.6699050700126094e-08	0.0	0.0	0.0	0.0	0.0	0.0	0.0	0.0	0.0	0.0	0.0	0.0	0.0	0.0	0.0	0.0	0.0	0.0	0.0	0.0	0.0	0.0	0.0	0.0	0.0	0.0	0.0	0.0	0.0	0.0	0.0	0.0	0.0	0.0	0.0	0.0	0.0	0.0	0.0	0.0	0.0	0.0	0.0	0.0	0.0	0.0	0.0	0.0	0.0	0.0	0.0	0.0	0.0	0.0	0.0	0.0	0.0	0.0	0.0	0.0	0.0	0.0	0.0	0.0	0.0	0.0	0.0	0.0	0.0	0.0	0.0	0.0	0.0	0.0	0.0	0.0	0.0	0.0	0.0	0.0	0.0	0.0	0.0	0.0	0.0	0.0	0.0	0.0	0.0	0.0	0.0	0.0	0.0	0.0	0.0	0.0	0.0	0.0	0.0	0.0	0.0	0.0	0.0	0.0
2068.9500549632253	-2.6354263295756937	6.945471938620813	4280554.329932333	2968.2907875462583	5.529150711862258	8810750.199431987	30.57150759448691	2208.246421384605	-10.127956638087651	102.57550566298376	4876352.257557915	2512.192820015991	1799.6430465538408	1.061095	34.219288	0.5977752553635306	0.3632653771477055	0.0194148514	-0.0339970188	-0.0491710225	0.0018912649	0.0604162758	0.0331702907	-0.0115371277	-0.0691301579	-0.0079638405	0.0080975013	-0.0757164876	-0.006504356	0.0162769562	0.0450655318	0.0592638717	-0.021222347	-0.0372175645	0.0412664522	-0.0120742155	-0.0002981731	0.0059337448	0.0391110994	-0.0121533761	0.0109347929	0.0475151726	-0.0664956006	-0.029554554	0.013926562	0.0159595642	0.0467231831	-0.0203572746	-0.0663521428	0.0545319852	0.0176556493	-0.0081083573	0.0724021573	0.0195896579	0.0449868763	-0.0330602769	0.0014574983	0.0047488166	-0.0247399067	0.026297198	0.0341546066	-0.0128622009	-0.010041949	-0.0205369758	-0.0357449301	0.0294259692	-0.0201977971	0.0029896371	-0.0616702944	0.0277756565	0.0190322788	0.0415435755	-0.004899554	-0.0428636013	0.060390626	0.0076839116	-0.0490241061	-0.0802034182	-0.0696177779	-0.0227795284	0.0359208828	0.0759159322	0.0093002367453181	-0.0111660269435986	8.649440351896502e-05	0.0001246801577051	-0.3062433774313291	-0.004523084914311	0.0937850062205475	2.0458297142067983e-05	-1.0796286844238665	-0.314102118423051	1.1655980962308088	0.0986601407978483	-0.0306959965094846	-0.0016854815813189	2.840848160965593e-06	0.0009422442017102	0.0081180197842412	-0.0020301938646245	6.590224521733154e-05	4.121687127958963e-06	-0.0003270098432518	-0.0016440050557079	1.069354375835668e-07	2.702752623193136e-06	0.0	0.0	0.0	0.0	0.0	0.0	0.0	0.0	0.0	0.0	0.0	0.0	0.0	0.0	0.0	0.0	0.0	0.0	0.0	0.0	0.0	0.0	1.0	0.0	0.0	0.0	0.0	0.0	0.0	0.0	0.0	0.0	0.0	0.0	0.0	0.0	0.0	0.0	0.0	0.0	0.0	0.0	0.0	0.0	0.0	0.0	0.0	0.0	0.0	0.0	0.0	0.0	0.0	0.0	0.0	0.0	0.0	0.0	0.0	0.0	0.0	0.0	0.0	0.0	0.0	0.0	0.0	0.0	0.0	0.0	0.0	0.0	0.0	0.0	0.0	0.0	0.0	0.0	0.0	0.0	0.0	0.0	0.0	0.0	0.0	0.0	0.0	0.0	0.0	0.0	0.0	0.0	0.0	0.0	0.0	0.0	0.0	0.0	0.0	0.0	0.0	0.0	0.0	0.0
2088.80343672884	19.853381765614813	394.1567675312468	4363099.797290213	2980.23440391139	11.943616365131676	8881797.102257079	142.64997187744115	2228.7490815662204	20.502660181615283	420.35907452279287	4967322.468582271	2524.491120398945	1814.4957634313143	1.292213	41.672649	0.8812813393890411	0.5192585229768106	0.0966550417	0.0476687141	0.0315309055	0.1248661	0.0670735464	0.0309707085	-0.0021274919	-0.0413999625	0.0028193854	0.0423568471	-0.0274961901	-0.0744244973	0.0714800834	-0.0231975491	0.0142908083	-0.0559900251	0.0097741009	0.0861206454	-0.0259694615	-0.0411156158	-0.0198028585	-0.0621254718	-0.0078678889	-0.0153891167	0.0319618058	-0.0398017974	-0.0559766077	-0.0164516217	-0.003756187	-0.0870939663	0.0163683465	-0.0452323365	0.1568917067	0.0486445162	0.0247886371	0.0349419014	0.0041465141	0.1400817801	0.051620005	0.1141533662	0.0448483119	0.0471832802	-0.0023657147	0.0277061374	-0.0303444665	-0.0777388514	-0.0109316692	-0.0698009326	0.0608171753	0.0057941101	-0.051164942	0.0058429236	-0.0233288084	0.0204347043	0.0092209914	-0.0170397228	-0.0215361865	0.0598118772	0.0059798738	-0.0510508491	-0.0807737477	-0.0672896215	-0.0178113211	0.041194508	0.0781648097	-0.0343511799440818	-0.0436514166893999	0.0011800035635506	0.0019054461789916	-0.325273725446209	-0.0190303480148799	0.1058029964656557	0.0003621541455674	-1.4582380163632678	-0.3786093319394013	2.126458112367078	0.1433450262315997	-0.0330619445794103	-0.0023659480699257	5.597710269585146e-06	0.0010930921793719	0.0028652116169503	-0.0052528081672909	8.209437609906954e-06	2.7591993642357983e-05	-0.0015080584609424	-0.0011810486176906	2.27424032161996e-06	1.3948758373488769e-06	0.0	0.0	0.0	0.0	0.0	0.0	0.0	0.0	0.0	0.0	0.0	0.0	0.0	0.0	0.0	0.0	0.0	0.0	0.0	0.0	0.0	0.0	0.0	1.0	0.0	0.0	0.0	0.0	0.0	0.0	0.0	0.0	0.0	0.0	0.0	0.0	0.0	0.0	0.0	0.0	0.0	0.0	0.0	0.0	0.0	0.0	0.0	0.0	0.0	0.0	0.0	0.0	0.0	0.0	0.0	0.0	0.0	0.0	0.0	0.0	0.0	0.0	0.0	0.0	0.0	0.0	0.0	0.0	0.0	0.0	0.0	0.0	0.0	0.0	0.0	0.0	0.0	0.0	0.0	0.0	0.0	0.0	0.0	0.0	0.0	0.0	0.0	0.0	0.0	0.0	0.0	0.0	0.0	0.0	0.0	0.0	0.0	0.0	0.0	0.0	0.0	0.0	0.0	0.0
2094.394368028189	5.590931299348995	31.25851279404024	4386487.768828197	2997.01520417866	16.780800267270024	8982100.134078056	281.5952576100097	2245.9643655091654	17.215283942945007	296.3660012362202	5044355.931136988	2531.987399835961	1841.0666270250715	0.76949	24.81531	0.169009335807211	0.125387642820475	0.0847325554	0.0463028117	0.0537068076	0.1054024536	0.0541758169	0.0421692699	-0.0027055483	0.087487143	0.0502919457	-0.0019973062	0.0081783161	-0.0339088509	0.0376869862	-0.0611285619	-0.018878609	-0.0517314386	0.1092344424	0.0103796953	-0.0463869676	-0.0114940223	-0.038455384	-0.0771895862	0.0334327573	-0.0191645314	0.0109259269	0.1020230416	-0.0337716292	-0.056782157	0.019740274	-0.1064101436	-0.0020269201	-0.0113181601	0.0650723104	0.0398077963	0.0313192037	0.0370738882	0.009400369	0.1544647725	0.0382639462	0.102983114	0.0484849403	0.0666544832	-0.0139104845	0.022949733	0.0023671899	-0.0979930883	0.0118634434	-0.0252710106	0.0388151755	-0.0350557682	-0.04767768	0.0490444987	-0.0346883063	-0.0062457025	-0.0266204316	-0.0419485689	0.0121519645	0.0592265694	0.0042732129	-0.0530272111	-0.0812023727	-0.064777029	-0.0127728206	0.0462468756	0.0798654172	0.0071848299820658	0.0415360099261476	5.162178187119165e-05	0.001725240120585	-0.3325915174510214	-0.0073177920048123	0.110617117480373	5.355007982569574e-05	-1.469015592300714	-0.0107775759374462	2.1580068104226173	0.0001161561430874	-0.0330044377321107	5.7506847299597375e-05	3.3070374863392104e-09	0.0010892929100127	0.0007700205094471	-0.0020951911075032	5.929315849691715e-07	4.3898257769604864e-06	-0.0014731972569691	3.486120397330002e-05	2.1703101579412803e-06	1.215303542468029e-09	0.0	0.0	0.0	0.0	0.0	0.0	0.0	0.0	0.0	0.0	0.0	0.0	0.0	0.0	0.0	0.0	0.0	0.0	0.0	0.0	0.0	0.0	0.0	0.0	0.0	0.0	0.0	0.0	0.0	0.0	0.0	0.0	0.0	0.0	0.0	0.0	0.0	0.0	0.0	0.0	0.0	0.0	0.0	0.0	0.0	0.0	0.0	0.0	0.0	0.0	0.0	0.0	0.0	0.0	0.0	0.0	0.0	0.0	0.0	0.0	0.0	0.0	0.0	0.0	0.0	0.0	0.0	0.0	0.0	0.0	0.0	0.0	0.0	0.0	0.0	0.0	0.0	0.0	0.0	0.0	0.0	0.0	0.0	0.0	0.0	0.0	0.0	0.0	0.0	0.0	0.0	0.0	0.0	0.0	0.0	0.0	0.0	0.0	0.0	0.0	0.0	0.0	0.0	0.0
2092.2166829564394	-2.1776850717496927	4.742312271721464	4377370.648441246	3006.5052066200656	9.490002441405522	9039073.557433562	90.06014633788277	2242.695753221388	-3.2686122877776143	10.68382628781081	5029684.241517248	2542.5005544795013	1811.528825702348	0.773934	24.958641	0.16182211497357	0.1205767915444519	0.0859222942	0.0557453586	0.0430981758	0.1299264369	0.0300565201	0.0505197856	0.0414613788	-0.0140623394	0.0653217798	-0.0326649751	0.0491432902	-0.0238341617	0.064879276	-0.0613817345	-0.0011070456	-0.0452787541	0.0905376815	0.0023201648	-0.0659543646	0.0026630513	-0.0244619115	-0.0745454386	0.0428407735	-0.0533392705	0.0377568207	0.0392814072	-0.0429753404	-0.0483976438	0.094275331	-0.0694417938	-0.036297766	0.0542870752	0.0610953634	0.0441803263	0.0330834582	0.0471930487	0.0091307091	0.1466467826	0.0374282311	0.0871704876	0.0671280706	0.079424885	-0.0323897659	0.0157861518	0.0188940414	-0.1045067491	-0.000544962	-0.0089464737	0.0383880575	0.0033150974	-0.0384723831	0.0753819491	-0.0313309097	-0.0267819277	-0.0229409949	-0.0063298166	0.0376855252	0.0586347667	0.0025646777	-0.0549512416	-0.0814885411	-0.0620868871	-0.0076839116	0.0510508491	0.0810058262	0.0222295071060898	0.0150446771240239	0.0004941509861796	0.0002263423097661	-0.3445083218760771	-0.0119168044250557	0.1186859838418707	0.000142010227705	-1.4719807846591593	-0.0029651923584452	2.1667274304057944	8.792365722582276e-06	-0.035228474860141	-0.0022240371280303	4.946341146857264e-06	0.0012410454409715	0.0004951536091868	-0.0002748669002603	2.4517709669071426e-07	7.555181285870573e-08	-0.0013341924639388	0.0001390047930302	1.7800695308310862e-06	1.932233248539652e-08	0.0	0.0	0.0	0.0	0.0	0.0	0.0	0.0	0.0	0.0	0.0	0.0	0.0	0.0	0.0	0.0	0.0	0.0	0.0	0.0	0.0	0.0	0.0	0.0	0.0	0.0	0.0	0.0	0.0	0.0	0.0	0.0	0.0	0.0	0.0	0.0	0.0	0.0	0.0	0.0	0.0	0.0	0.0	0.0	0.0	0.0	0.0	0.0	0.0	0.0	0.0	0.0	0.0	0.0	0.0	0.0	0.0	0.0	0.0	0.0	0.0	0.0	0.0	0.0	0.0	0.0	0.0	0.0	0.0	0.0	0.0	0.0	0.0	0.0	0.0	0.0	0.0	0.0	0.0	0.0	0.0	0.0	0.0	0.0	0.0	0.0	0.0	0.0	0.0	0.0	0.0	0.0	0.0	0.0	0.0	0.0	0.0	0.0	0.0	0.0	0.0	0.0	0.0	0.0
2083.3314520992662	-8.885230857173156	78.94732738526201	4340269.9393060375	3017.600042082134	11.09483546206866	9105910.013974098	123.09537393037628	2234.6832396932496	-8.012513528138243	64.20037303859834	4993809.181765918	2544.140681240854	1805.552076746765	0.720354	23.230732	0.1321856892577657	0.0632120875028767	0.0738071991	0.054170256	0.0531384385	0.1259230146	0.0292800923	0.0671456352	0.0748975857	-0.0273362883	0.0171955412	-0.0088820805	0.0160686006	-0.0142073497	0.064386578	-0.0299257174	0.0007744322	-0.041574217	0.070376687	0.0207994013	-0.0226452883	-0.0153207136	-0.0257380407	-0.0629123304	0.0171385414	-0.0590486679	0.0197362079	-0.0081058272	-0.0752935372	-0.008899154	0.067019033	-0.0337064709	-0.0604041919	-0.0089359491	0.063462656	0.0444183121	0.0360770459	0.0414622388	0.0100625988	0.1522616027	0.0279722371	0.0876522347	0.0664326097	0.094392645	-0.0428178553	0.0198331761	0.0386658301	-0.1149055333	0.0076700594	0.0076622132	0.0225692877	0.0023257459	-0.0125668846	0.0852026174	-0.0202327115	-0.0289052564	-0.0136018622	-0.038386777	0.0348821961	0.058036534	0.0008550176	-0.0568210419	-0.081631751	-0.0592265694	-0.0025646777	0.0555806262	0.0815780375	0.0196813449035317	-0.002548162202558	0.0003873553372117	6.49313061054574e-06	-0.327077662547822	0.0174306593282551	0.1069797973377469	0.0003038278846176	-1.504659089342617	-0.0326783046834577	2.263998975141354	0.0010678715969848	-0.0357707058591569	-0.0005422309990158	2.9401445629377605e-07	0.0012795433976623	-0.0001759452432912	-0.000671098852478	3.0956728636799565e-08	4.503736697972885e-07	-0.0009569510545628	0.000377241409376	9.15755320828855e-07	1.423110809479909e-07	0.0	0.0	0.0	0.0	0.0	0.0	0.0	0.0	0.0	0.0	0.0	0.0	0.0	0.0	0.0	0.0	0.0	0.0	0.0	0.0	0.0	0.0	0.0	0.0	0.0	0.0	0.0	0.0	0.0	0.0	0.0	0.0	0.0	0.0	0.0	0.0	0.0	0.0	0.0	0.0	0.0	0.0	0.0	0.0	0.0	0.0	0.0	0.0	0.0	0.0	0.0	0.0	0.0	0.0	0.0	0.0	0.0	0.0	0.0	0.0	0.0	0.0	0.0	0.0	0.0	0.0	0.0	0.0	0.0	0.0	0.0	0.0	0.0	0.0	0.0	0.0	0.0	0.0	0.0	0.0	0.0	0.0	0.0	0.0	0.0	0.0	0.0	0.0	0.0	0.0	0.0	0.0	0.0	0.0	0.0	0.0	0.0	0.0	0.0	0.0	0.0	0.0	0.0	0.0
2084.645506451671	1.3140543524045825	1.7267388410734266	4345746.887569143	3005.557541696649	-12.042500385485257	9033376.136449603	145.0218155344125	2235.029965355283	0.3467256620333501	0.1202186847124649	4995358.946036037	2534.038561126617	1822.0696202624445	0.768371	24.779249	0.2014266909904417	0.1192829512101126	0.0937596708	0.0651046032	0.0349381803	0.1018963712	0.0908018	0.0638340592	0.0249352449	0.0466023288	0.0180696407	-0.042318193	0.0146370937	-0.0100144521	0.0478956128	-0.0272629538	0.004326497	-0.0312466915	0.0852695519	0.019888956	-0.0360870688	-0.0147936176	-0.0292389211	-0.0900976403	-0.0139261107	-0.023932585	0.0109997064	0.0564398382	-0.0436786734	-0.0455743127	0.0264085989	-0.0623353347	-0.0260374812	0.0029234757	0.0726660992	0.0380574823	0.0420034019	0.0381140224	0.0255113349	0.1622461814	0.0312944231	0.0838138274	0.0496270137	0.0642147668	-0.0349914528	0.0277880216	0.0120682993	-0.0868562474	-0.0064759442	-0.012601599	0.0096581831	-0.0199910955	-0.0021965347	0.0581432894	-0.0176063443	-0.0345860776	0.0100036458	-0.0504347922	-0.0075366146	0.057431937	-0.0008550176	-0.0586347667	-0.081631751	-0.0562039158	0.0025646777	0.0598118772	0.0815780375	-0.0490291867451304	-0.0687105316486621	0.0024038611528888	0.0047211371594417	-0.3287402841436204	-0.0016626215957983	0.1080701744188282	2.7643105708151718e-06	-1.4719337449176209	0.0327253444249961	2.166588949427212	0.0010709481677346	-0.0339585550726367	0.0018121507865202	3.283890473085785e-06	0.0011531834626212	-0.0001565946275536	1.9350615737599995e-05	2.4521877378650703e-08	3.744463294242526e-10	-0.0008218885904009	0.0001350624641618	6.755008550311785e-07	1.82418692254845e-08	0.0	0.0	0.0	0.0	0.0	0.0	0.0	0.0	0.0	0.0	0.0	0.0	0.0	0.0	0.0	0.0	0.0	0.0	0.0	0.0	0.0	0.0	0.0	0.0	0.0	0.0	0.0	0.0	0.0	0.0	0.0	0.0	0.0	0.0	0.0	0.0	0.0	0.0	0.0	0.0	0.0	0.0	0.0	0.0	0.0	0.0	0.0	0.0	0.0	0.0	0.0	0.0	0.0	0.0	0.0	0.0	0.0	0.0	0.0	0.0	0.0	0.0	0.0	0.0	0.0	0.0	0.0	0.0	0.0	0.0	0.0	0.0	0.0	0.0	0.0	0.0	0.0	0.0	0.0	0.0	0.0	0.0	0.0	0.0	0.0	0.0	0.0	0.0	0.0	0.0	0.0	0.0	0.0	0.0	0.0	0.0	0.0	0.0	0.0	0.0	0.0	0.0	0.0	0.0
2088.8497114852985	4.204205033627659	17.675339964780143	4363293.117172215	3010.6724480879934	5.114906391344448	9064148.589676153	26.162267392216283	2232.923165457589	-2.1067998976936906	4.438605808922145	4985945.86283714	2534.426477161419	1832.113941776386	0.814181	26.25655	0.4763888927597356	0.315507276443693	0.0749677572	0.0667163451	0.0387184822	0.0923109967	0.0600282446	0.0408921217	0.0337026486	0.0430595809	0.0077784764	-0.0301267375	0.0092516137	0.0059696071	0.0269704841	-0.0213106848	-0.0130791472	-0.0479807619	0.0610047111	0.0121482715	-0.050570047	-0.0398225811	-0.0408283453	-0.0218843416	0.0026969862	-0.0214670813	-0.0127675595	0.0381611449	-0.0521006412	-0.0447583853	0.049542273	-0.0480810894	-0.0232513771	-0.0296833478	0.0215185184	0.042529536	0.0552808812	0.0132344188	0.0299606013	0.1606620014	0.0360478382	0.0886934279	0.0584038503	0.0612599743	-0.0611567506	0.0241426098	0.0030101721	-0.0600046738	0.0099657916	0.0341995168	0.0327858019	-0.0623757765	-0.0027773175	0.0449973654	0.0036437354	-0.043209502	-0.0258278863	0.0209802457	0.0072344527	0.0568210419	-0.0025646777	-0.060390626	-0.0814885411	-0.0530272111	0.0076839116	0.0637218759	0.0810058262	-0.2018702443874076	-0.1528410576422772	0.0407515955690316	0.0233603889012099	-0.3055405472536279	0.0231997368899924	0.0933550260160464	0.0005382277917648	-1.4652920470913813	0.0066416978262395	2.1470807832692507	4.411215001507554e-05	-0.0348420289831215	-0.0008834739104848	7.805261505073067e-07	0.0012139669836606	-6.291493442467377e-05	9.367969312892624e-05	3.958288973661001e-09	8.77588490472979e-09	-0.0057188629948117	-0.0048969744044108	3.270539395342664e-05	2.398035831745451e-05	0.0	0.0	0.0	0.0	0.0	0.0	0.0	0.0	0.0	0.0	0.0	0.0	0.0	0.0	0.0	0.0	0.0	0.0	0.0	0.0	0.0	0.0	0.0	0.0	0.0	0.0	0.0	0.0	0.0	0.0	0.0	0.0	0.0	0.0	0.0	0.0	0.0	0.0	0.0	0.0	0.0	0.0	0.0	0.0	0.0	0.0	0.0	0.0	0.0	0.0	0.0	0.0	0.0	0.0	0.0	0.0	0.0	0.0	0.0	0.0	0.0	0.0	0.0	0.0	0.0	0.0	0.0	0.0	0.0	0.0	0.0	0.0	0.0	0.0	0.0	0.0	0.0	0.0	0.0	0.0	0.0	0.0	0.0	0.0	0.0	0.0	0.0	0.0	0.0	0.0	0.0	0.0	0.0	0.0	0.0	0.0	0.0	0.0	0.0	0.0	0.0	0.0	0.0	0.0
2086.002689654228	-2.8470218310703785	8.105533306591331	4351407.221244674	2993.0216058028373	-17.65084228515616	8958178.332802594	311.5522333754567	2228.298722436418	-4.624443021171373	21.38547325606062	4965315.196411772	2528.09690741686	1819.645938244612	0.754407	24.328911	0.178680223510178	0.1006250632701758	0.0779786169	0.077705307	0.0369475141	0.0854691358	0.0539077592	0.0351169016	0.0037799376	-0.0052195849	0.027222177	-0.0520342081	0.0274650605	-0.0189070743	0.0550513553	-0.0081496561	-0.0063127192	-0.011346289	0.0672527935	0.0339484449	-0.0512665239	-0.0467227501	-0.0374816114	-0.0644486703	-0.0186670195	-0.0086253501	0.0090478669	0.0325647756	-0.0197728054	-0.0608801796	0.0610700171	-0.0548238591	-0.0286974836	0.0213321914	0.0407408801	0.0369913257	0.0553270847	0.0149015964	0.0378949359	0.1461062692	0.0270278067	0.0684120981	0.0483539968	0.0373288261	-0.0528717639	0.0192575934	-0.0120046238	-0.0299959691	0.0432323849	0.019789165	-0.0256948528	-0.0480945275	0.046179742	0.0951638251	-0.0144591198	-0.0480529373	-0.0273013208	-0.0313249387	0.0552534449	0.0562039158	-0.0042732129	-0.0620868871	-0.0812023727	-0.0497051625	0.0127728206	0.0672896215	0.0798654172	-0.2102597320031805	-0.0083894876157728	0.0442091549020492	7.038350245520649e-05	-0.3173621940373863	-0.0118216467837584	0.1007187622042236	0.0001397513326799	-1.4569880634577856	0.0083039836335956	2.1228142170584685	6.895614418702417e-05	-0.033059729537862	0.0017822994452594	3.176591312572311e-06	0.0010929457171165	-0.0007539582686908	-0.0006910433342661	5.684530709272285e-07	4.77540889833645e-07	-0.0051889036647963	0.0005299593300153	2.692472124253648e-05	2.808568914703712e-07	0.0	0.0	0.0	0.0	0.0	0.0	0.0	0.0	0.0	0.0	0.0	0.0	0.0	0.0	0.0	0.0	0.0	0.0	0.0	0.0	0.0	0.0	0.0	0.0	0.0	0.0	0.0	0.0	0.0	0.0	0.0	0.0	0.0	0.0	0.0	0.0	0.0	0.0	0.0	0.0	0.0	0.0	0.0	0.0	0.0	0.0	0.0	0.0	0.0	0.0	0.0	0.0	0.0	0.0	0.0	0.0	0.0	0.0	0.0	0.0	0.0	0.0	0.0	0.0	0.0	0.0	0.0	0.0	0.0	0.0	0.0	0.0	0.0	0.0	0.0	0.0	0.0	0.0	0.0	0.0	0.0	0.0	0.0	0.0	0.0	0.0	0.0	0.0	0.0	0.0	0.0	0.0	0.0	0.0	0.0	0.0	0.0	0.0	0.0	0.0	0.0	0.0	0.0	0.0
2081.3331594222554	-4.669530231972658	21.804512587306625	4331947.720510628	3003.720255962171	10.698650159333738	9022335.37607745	114.46111523181182	2225.169129739076	-3.12959269734165	9.794350451254184	4951377.655943758	2534.336601695265	1823.0962564649528	0.886371	28.584618	0.1744824956879764	0.1096301669204121	0.0623294944	0.0673450686	0.0409138796	0.097336484	0.0364485867	0.0121767012	0.0406144427	-0.0427127802	0.0308357914	0.02097172	-0.0034769971	-0.0066352013	0.0402391654	-0.0009353779	0.0011155399	-0.0530978625	0.0800998655	0.0162385653	-0.0365609993	-0.0372099445	-0.0579177211	-0.0104286039	-0.030916088	-0.0297527869	0.0143226654	-0.0277184761	-0.0757284862	-0.0042702661	0.0827159954	-0.0272003278	-0.0489383676	-0.0274860039	0.078446999	0.0306143839	0.055060906	-3.64022e-05	0.0214812841	0.1605888647	0.0371038306	0.1011853486	0.0390972255	0.0566709254	-0.0547586977	0.0141475233	-0.0013051236	-0.0497911755	0.036615517	-0.0022114868	0.0030808819	-0.1205783884	-0.014845913	0.0414932116	0.0075521957	-0.0411653559	-0.0325976162	-0.0286489547	0.0260976935	0.0555806262	-0.0059798738	-0.0637218759	-0.0807737477	-0.0462468756	0.0178113211	0.0704959515	0.0781648097	-0.2188252269527026	-0.0085654949495221	0.0478844799509017	7.336770373028871e-05	-0.3036883551029632	0.013673838934423	0.0922266170251434	0.0001869738712045	-1.5345988371468169	-0.0776107736890312	2.3549935909723625	0.00602343219261	-0.0317441603160145	0.0013155692218475	1.73072237747244e-06	0.0010076917141688	-0.0007870779151983	-3.311964650750006e-05	6.194916445929023e-07	1.096910984781761e-09	-0.0053328625587413	-0.0001439588939449	2.84394230704248e-05	2.072416314586753e-08	0.0	0.0	0.0	0.0	0.0	0.0	0.0	0.0	0.0	0.0	0.0	0.0	0.0	0.0	0.0	0.0	0.0	0.0	0.0	0.0	0.0	0.0	0.0	0.0	0.0	0.0	0.0	0.0	0.0	0.0	0.0	0.0	0.0	0.0	0.0	0.0	0.0	0.0	0.0	0.0	0.0	0.0	0.0	0.0	0.0	0.0	0.0	0.0	0.0	0.0	0.0	0.0	0.0	0.0	0.0	0.0	0.0	0.0	0.0	0.0	0.0	0.0	0.0	0.0	0.0	0.0	0.0	0.0	0.0	0.0	0.0	0.0	0.0	0.0	0.0	0.0	0.0	0.0	0.0	0.0	0.0	0.0	0.0	0.0	0.0	0.0	0.0	0.0	0.0	0.0	0.0	0.0	0.0	0.0	0.0	0.0	0.0	0.0	0.0	0.0	0.0	0.0	0.0	0.0
2078.743115957682	-2.5900434645732275	6.708325148378488	4321172.942141454	3017.8836698833265	14.163413921155552	9107621.844948456	200.6022939019829	2220.613106863839	-4.556022875236977	20.75734443968261	4931122.570375472	2528.762907552575	1828.030641566441	1.575787	50.817635	1.5733208398259686	0.7899888869005266	0.0026966464	-0.0744471538	-0.0645947655	0.0180386851	0.019848621	-0.0789065088	0.0259915274	0.1624195451	0.018765985	-0.0590343661	-0.0802255383	0.0271942037	-0.0324672907	0.0317191112	-0.0172175905	-0.0539997368	-0.0364822127	0.0306922577	0.0080859358	0.047242973	-0.0138895593	0.0566395675	0.0080044327	0.0126625557	-0.0388508397	0.1121750638	-0.0616568126	0.0027506296	-0.084274748	0.0810488989	-0.0298001368	-0.0661601541	-0.069826783	-0.0327577834	0.0017917373	0.0884051559	-0.0158918835	-0.0221808439	-0.0259794716	-0.0072347331	-0.0007866481	-0.0388002103	-0.0031388624	-0.0372493214	0.006670344	-0.0145847191	0.0587711325	0.0855880614	0.0280814169	-0.0484119789	0.0209237701	0.0210953173	0.0209672495	-0.0062356844	0.0501966509	0.0243832408	0.027998493	0.0549512416	-0.0076839116	-0.0652939789	-0.0802034182	-0.0426618292	0.0227795284	0.0733236445	0.0759159322	0.1324499910145533	0.3512752179672559	0.0175430001197552	0.1233942787579431	-0.2822089213979097	0.0214794337050535	0.0796418753165715	0.0004613660722897	-1.1727879518259527	0.3618108853208641	1.3754315799481132	0.1309071167366675	-0.0309846397961492	0.0007595205198652	5.768714200964552e-07	0.0009600479032971	0.0069379275227994	0.0077250054379977	4.813483831161742e-05	5.967570901709403e-05	0.0029577175400516	0.0082905800987929	8.74809304672889e-06	6.873371837450088e-05	0.0	0.0	0.0	0.0	0.0	0.0	0.0	0.0	0.0	0.0	0.0	0.0	0.0	0.0	0.0	0.0	0.0	0.0	0.0	0.0	0.0	0.0	0.0	0.0	1.0	0.0	0.0	0.0	0.0	0.0	0.0	0.0	0.0	0.0	0.0	0.0	0.0	0.0	0.0	0.0	0.0	0.0	0.0	0.0	0.0	0.0	0.0	0.0	0.0	0.0	0.0	0.0	0.0	0.0	0.0	0.0	0.0	0.0	0.0	0.0	0.0	0.0	0.0	0.0	0.0	0.0	0.0	0.0	0.0	0.0	0.0	0.0	0.0	0.0	0.0	0.0	0.0	0.0	0.0	0.0	0.0	0.0	0.0	0.0	0.0	0.0	0.0	0.0	0.0	0.0	0.0	0.0	0.0	0.0	0.0	0.0	0.0	0.0	0.0	0.0	0.0	0.0	0.0	0.0
2075.057290593489	-3.685825364193079	13.58530861532904	4305862.759245192	2942.4375472219367	-75.44612266138984	8657938.719301447	5692.117424637481	2220.531870391978	-0.0812364718613025	0.0065993643604722	4930761.787426496	2498.233051772564	1842.7496674042168	1.1451	36.928398	0.7890906077590488	0.4186251988680883	-0.049906912	-0.0785281189	-0.091462365	-0.083332761	0.0498463318	-0.0478636995	-0.1117636061	-0.0151935152	0.0158110484	-0.0923355391	-0.0115307446	0.0142723258	0.0050018574	0.0344000607	0.0035781226	0.0050274234	-0.0449217666	-0.0174114726	0.0057402177	0.0529475605	0.0118434591	0.0192549144	-0.0304528155	0.0802709096	0.0170262813	0.0231752072	0.0544799646	-0.0511883273	-0.082916857	0.0196771727	0.0751604201	0.0327901267	-0.0625188892	-0.0543108748	-0.0227450114	0.1019458116	-0.01317808	-0.0705818437	-0.0971451596	-0.0867959492	-0.0025193401	-0.062671031	-0.0076238249	-0.0150001891	0.0561885259	0.0117473793	-0.0043867292	0.1041981018	-0.0534734226	-0.1083451121	0.1260303882	-0.0156441606	0.0466950481	-0.0123441778	0.0766284208	0.0455295688	0.0783509223	0.054315831	-0.009384579	-0.0668016447	-0.0794923845	-0.0389598496	0.0276578354	0.0757575129	0.073134559	0.2918585584666289	0.1594085674520756	0.0851814181502186	0.0254110913771229	-0.3112866367545877	-0.0290777153566779	0.0968993702219826	0.0008455135303639	-0.9028309231969374	0.2699570286290154	0.8151036758806343	0.072876797306207	-0.0305052928230362	0.0004793469731129	2.297735206325937e-07	0.0009305728902191	0.0113770007885327	0.0044390732657332	0.0001294361469422	1.9705371458548096e-05	0.0046522432276309	0.0016945256875792	2.1643367049037573e-05	2.871417305866098e-06	0.0	0.0	0.0	0.0	0.0	0.0	0.0	0.0	0.0	0.0	0.0	0.0	0.0	0.0	0.0	0.0	0.0	0.0	0.0	0.0	0.0	0.0	0.0	0.0	0.0	1.0	0.0	0.0	0.0	0.0	0.0	0.0	0.0	0.0	0.0	0.0	0.0	0.0	0.0	0.0	0.0	0.0	0.0	0.0	0.0	0.0	0.0	0.0	0.0	0.0	0.0	0.0	0.0	0.0	0.0	0.0	0.0	0.0	0.0	0.0	0.0	0.0	0.0	0.0	0.0	0.0	0.0	0.0	0.0	0.0	0.0	0.0	0.0	0.0	0.0	0.0	0.0	0.0	0.0	0.0	0.0	0.0	0.0	0.0	0.0	0.0	0.0	0.0	0.0	0.0	0.0	0.0	0.0	0.0	0.0	0.0	0.0	0.0	0.0	0.0	0.0	0.0	0.0	0.0
2072.140930016775	-2.9163605767139416	8.505159013411275	4293768.033850786	2977.9112330386515	35.473685816714806	8867955.311857782	1258.3823854229931	2222.116925392316	1.5850550003378885	2.512399354096144	4937803.630114999	2517.820868823464	1786.9554119685508	0.814044	26.252153	0.2487964244970955	0.109727560648985	-0.0502852595	-0.0690822395	-0.1208943595	-0.0805256249	0.0389667624	-0.0006331383	-0.0323947615	-0.0184462774	0.005683061	-0.0539714998	-0.0358710547	0.0558908776	-0.0482532263	0.0366280467	-0.008912804	-0.0251511163	-0.0341764755	-0.0438925857	0.0391253226	0.0473147075	0.001048422	0.0218992378	-0.0202826646	0.0335143671	-0.013023702	0.0010134412	0.0051063532	0.0113158104	-0.0581583497	0.0601897765	0.0375377114	0.033849137	-0.0879875132	-0.0507486847	-0.0185203008	0.1025219617	0.0079511166	-0.0596210375	-0.1056304375	-0.1068522265	-0.0018373844	-0.0468447017	-0.0096189926	0.0117079847	0.0784667313	0.008086694	0.0019823743	0.1027040144	-0.0894025912	-0.1002475387	0.1148646534	0.0239552695	0.0397057528	-0.0648828743	0.0953623438	0.0350110615	0.042111318	0.0536744641	-0.0110811301	-0.0682433853	-0.0786418943	-0.0351510839	0.0324269895	0.0777844842	0.0698401994	0.232688388544318	-0.0591701699223108	0.0541438861633515	0.0035011090086351	-0.3165605848022892	-0.0052739480477015	0.1002106038503673	2.7814528009854865e-05	-0.8266862655978144	0.0761446575991229	0.6834101817280602	0.0057980088808876	-0.0302618730833748	0.0002434197396614	5.925316965682533e-08	0.0009157809625142	0.0100602734900725	-0.0013167272984601	0.000101209102695	1.7337707785102951e-06	0.0040482372871933	-0.0006040059404375	1.638822513342217e-05	3.648231760839092e-07	0.0	0.0	0.0	0.0	0.0	0.0	0.0	0.0	0.0	0.0	0.0	0.0	0.0	0.0	0.0	0.0	0.0	0.0	0.0	0.0	0.0	0.0	0.0	0.0	0.0	0.0	0.0	0.0	0.0	0.0	0.0	0.0	0.0	0.0	0.0	0.0	0.0	0.0	0.0	0.0	0.0	0.0	0.0	0.0	0.0	0.0	0.0	0.0	0.0	0.0	0.0	0.0	0.0	0.0	0.0	0.0	0.0	0.0	0.0	0.0	0.0	0.0	0.0	0.0	0.0	0.0	0.0	0.0	0.0	0.0	0.0	0.0	0.0	0.0	0.0	0.0	0.0	0.0	0.0	0.0	0.0	0.0	0.0	0.0	0.0	0.0	0.0	0.0	0.0	0.0	0.0	0.0	0.0	0.0	0.0	0.0	0.0	0.0	0.0	0.0	0.0	0.0	0.0	0.0
2074.03369625325	1.8927662364749267	3.582564025939458	4301615.773193919	2975.785733835321	-2.125499203330492	8855300.73369782	4.517746863358554	2213.851132875913	-8.265792516402598	68.3233259242172	4901136.8385359645	2511.0070826596725	1842.3922932033431	1.122002	36.183506	0.5759754585015356	0.4291272337230766	-0.0276941353	-0.0731481956	-0.0898737038	-0.0496642531	0.0567899404	-0.0441409361	-0.0290352788	-0.0605578562	-0.0382028045	-0.0504817172	-0.0501690146	0.0042286948	0.0007224594	0.0528289969	0.0038541364	-0.0067877022	-0.0645384825	0.0158240131	-0.0092292135	0.0702713825	0.0180919279	0.0691530794	-0.0027934668	0.0392193276	0.0042724063	-0.0659867167	-0.0080484465	-0.0367565997	-0.0371511636	0.0681946199	0.0156609601	0.0065018832	-0.0415799252	-0.0425501929	-0.0061571381	0.0880643049	-0.0255176529	-0.0219255369	-0.0510121104	-0.0273763398	-0.010840362	-0.0858125627	0.0155529366	-0.0334741441	-0.0064320846	-0.0301771084	-0.0667029072	0.0155447663	-0.002660968	-0.1253965668	0.0058656194	-0.0904017785	0.0509812081	0.0518445553	0.0446599354	0.0309406267	0.0202398011	0.0530272111	-0.0127728206	-0.0696177779	-0.0776534394	-0.0312459714	0.0370681691	0.0793936715	0.066055961	0.1589117364311363	-0.0737766521131817	0.0252529399755589	0.0054429943970294	-0.3096631986565654	0.0068973861457238	0.0958912966022154	4.7573935643222994e-05	-1.2525588221364146	-0.4258725565386001	1.5689036029117622	0.1813674344127231	-0.0308665961453231	-0.0006047230619483	3.656899816521301e-07	0.0009527467575984	0.010472975112127	0.0004127016220544	0.0001096832076992	1.7032262884641505e-07	0.0036770846971155	-0.0003711525900778	1.3520951869760988e-05	1.3775424512145946e-07	0.0	0.0	0.0	0.0	0.0	0.0	0.0	0.0	0.0	0.0	0.0	0.0	0.0	0.0	0.0	0.0	0.0	0.0	0.0	0.0	0.0	0.0	0.0	0.0	0.0	0.0	1.0	0.0	0.0	0.0	0.0	0.0	0.0	0.0	0.0	0.0	0.0	0.0	0.0	0.0	0.0	0.0	0.0	0.0	0.0	0.0	0.0	0.0	0.0	0.0	0.0	0.0	0.0	0.0	0.0	0.0	0.0	0.0	0.0	0.0	0.0	0.0	0.0	0.0	0.0	0.0	0.0	0.0	0.0	0.0	0.0	0.0	0.0	0.0	0.0	0.0	0.0	0.0	0.0	0.0	0.0	0.0	0.0	0.0	0.0	0.0	0.0	0.0	0.0	0.0	0.0	0.0	0.0	0.0	0.0	0.0	0.0	0.0	0.0	0.0	0.0	0.0	0.0	0.0
2076.1248350288874	2.0911387756373188	4.372861378973945	4310294.330623725	2970.9272322805305	-4.858501554790564	8826408.619506054	23.60503735790233	2211.2406708688445	-2.6104620070686906	6.814511890349096	4889585.304504498	2508.941635085737	1826.8725816875865	1.214535	39.167599	0.4925881461836511	0.2418766276027609	-0.0451996107	-0.0391426281	-0.0634205996	0.0256022741	-0.0295676006	-0.1286807985	-0.0347223213	-0.0515614972	-0.0427316757	0.0702638145	-0.1064673709	-0.0585727619	-0.0073270933	0.0515721985	0.0107354199	-0.0328206671	-0.0203851732	0.0650868385	-0.0215262462	0.0319536608	-0.0518012558	0.0353445873	-0.0025841488	0.0401320788	0.0163320431	-0.0956761349	-0.0579700436	-0.0139168931	-0.0215035376	0.0260658537	0.0085019027	-0.0701595763	0.0862103352	-0.0503719471	0.0099645511	0.0154000005	-0.0663541785	-0.0465190976	0.029332475	0.051957926	-0.0178711895	-0.0631793182	0.0373279824	-0.0760655366	-0.0623268204	-0.0554678157	-0.1050753097	-0.0643561374	0.1581906714	-0.0790468819	-0.0546395289	-0.1227862291	0.039429746	0.0725734159	0.0405548926	0.0837009991	-0.0076191715	0.0523741431	-0.0144589085	-0.0709234662	-0.076528754	-0.0272552159	0.0415630576	0.0805764318	0.0618083875	0.2587552259041956	0.0998434894730593	0.0669542669327313	0.0099687223901569	-0.3149439630653603	-0.0052807644087949	0.099189699871315	2.7886472741195328e-05	-1.4628847596344414	-0.2103259374980268	2.1400318199707176	0.0442369999844239	-0.0295892641305352	0.0012773320147878	1.6315770760021138e-06	0.0008755245517865	0.0124701565536817	0.0019971814415547	0.0001555048044733	3.988733710490515e-06	0.0034088390573827	-0.0002682456397328	1.1620183719137777e-05	7.195572323565915e-08	0.0	0.0	0.0	0.0	0.0	0.0	0.0	0.0	0.0	0.0	0.0	0.0	0.0	0.0	0.0	0.0	0.0	0.0	0.0	0.0	0.0	0.0	0.0	0.0	0.0	0.0	0.0	0.0	0.0	0.0	0.0	0.0	0.0	0.0	0.0	0.0	0.0	0.0	0.0	0.0	0.0	0.0	0.0	0.0	0.0	0.0	0.0	0.0	0.0	0.0	0.0	0.0	0.0	0.0	0.0	0.0	0.0	0.0	0.0	0.0	0.0	0.0	0.0	0.0	0.0	0.0	0.0	0.0	0.0	0.0	0.0	0.0	0.0	0.0	0.0	0.0	0.0	0.0	0.0	0.0	0.0	0.0	0.0	0.0	0.0	0.0	0.0	0.0	0.0	0.0	0.0	0.0	0.0	0.0	0.0	0.0	0.0	0.0	0.0	0.0	0.0	0.0	0.0	0.0
2078.9213652600224	2.796530231134966	7.820581333651787	4321914.042934596	2977.846474416632	6.91924213610173	8867569.625195567	47.87591173800563	2228.8345001352814	17.593829266436842	309.5428282565296	4967703.228993289	2521.510815024016	1776.0548992913527	1.36	43.858707	0.4595274571116482	0.2866117211376591	-0.0214224348	0.0222690293	-0.0128663708	0.0898761501	-0.1203159009	-0.0785861193	-0.0318421497	0.0017286634	0.0030679342	0.0192390916	-0.0268040272	0.0071888567	0.0345992789	0.008906694	-0.0265633682	-0.0388777337	0.0465009922	0.0322958532	-0.0414969982	0.0035212525	-0.0052066104	-0.0173630066	0.052493342	0.0195419835	-0.0111109726	0.0022036913	-0.0389362122	-0.026210968	0.0414756477	-0.0378593029	-0.0072738185	-0.0013009984	0.0686554979	-0.044732661	0.0324524503	-0.023239396	-0.0520230628	-0.0544858156	0.0478793777	0.060513586	-0.0253611928	-0.0014870802	0.0330332015	-0.0870957955	-0.0612737565	-0.0127314753	0.0090378064	-0.0567643604	0.0761437838	0.0662377373	0.0114728537	0.0492872024	-0.0168568781	0.0209871258	0.0137750645	-0.0131312643	0.0894911079	0.0517153317	-0.0161386543	-0.0721591615	-0.0752698111	-0.0231897558	0.0458939156	0.0813264124	0.0571272725	0.2206238422519106	-0.0381313836522849	0.0486748797699959	0.0014540024192377	-0.288633325331773	0.0263106377335873	0.0833091964920771	0.000692249657948	-1.7155148619665823	-0.2526301023321409	2.942991241628222	0.0638219686043479	-0.0288748141733467	0.0007144499571885	5.104387413266509e-07	0.0008337548935453	0.0110511685513896	-0.0014189880022921	0.0001221283263512	2.013526950648925e-06	0.0026931703489906	-0.0007156687083921	7.253166528682149e-06	5.12181700171617e-07	0.0	0.0	0.0	0.0	0.0	0.0	0.0	0.0	0.0	0.0	0.0	0.0	0.0	0.0	0.0	0.0	0.0	0.0	0.0	0.0	0.0	0.0	0.0	0.0	0.0	0.0	0.0	0.0	0.0	0.0	0.0	0.0	0.0	0.0	0.0	0.0	0.0	0.0	0.0	0.0	0.0	0.0	0.0	0.0	0.0	0.0	0.0	0.0	0.0	0.0	0.0	0.0	0.0	0.0	0.0	0.0	0.0	0.0	0.0	0.0	0.0	0.0	0.0	0.0	0.0	0.0	0.0	0.0	0.0	0.0	0.0	0.0	0.0	0.0	0.0	0.0	0.0	0.0	0.0	0.0	0.0	0.0	0.0	0.0	0.0	0.0	0.0	0.0	0.0	0.0	0.0	0.0	0.0	0.0	0.0	0.0	0.0	0.0	0.0	0.0	0.0	0.0	0.0	0.0
2081.616927302815	2.695562042792517	7.266054726543767	4333129.032033613	2995.27807135331	17.431596936678034	8971690.724730005	303.86057176280303	2231.796387775636	2.961887640354689	8.772778394085869	4980915.116488378	2526.3229443875684	1788.8206065769302	0.777501	25.073656	0.1112823174375801	0.0534144842473634	-0.0284633259	0.0009764123	-0.025199856	0.0800680301	-0.1044762772	-0.1128857111	-0.008194168	0.0204413372	-0.0284327634	0.0077115802	0.0119108134	-0.0109799774	0.0362530979	0.0013195646	-0.0361033562	-0.0253195514	0.0463610299	0.0170147488	-0.0281231279	0.0531346132	-0.0347821634	-0.0283138931	0.0635439788	0.0104108323	-0.0237949367	0.0188945767	-0.0358772194	-0.0382599255	0.0127782411	-0.041837476	-0.0039983366	0.0187787625	0.04556954	-0.0445356679	0.0270160114	-0.019685657	-0.0569291111	-0.0546301614	0.0512748753	0.0622803524	-0.0229400125	-0.0173875294	0.0250144447	-0.099745898	-0.0669642196	-0.0423039617	-0.0508238637	-0.088518361	0.0819901587	0.020895737	-0.0058797674	0.0088738865	-0.0122040254	0.0252090832	0.0148971416	0.0163187489	0.0687989036	0.0510508491	-0.0178113211	-0.0733236445	-0.0738788195	-0.0190607341	0.0500436514	0.0816395852	0.0520454508	0.2024347542346873	-0.0181890880172233	0.0409798297220582	0.0003308429228982	-0.2965394470398337	-0.0079061217080607	0.0879356436506903	6.250676046266879e-05	-1.7438208560430084	-0.028305994076426	3.04091117797057	0.0008012293006546	-0.029417703545225	-0.0005428893718783	2.947288700984154e-07	0.0008654012818747	0.0109551655099469	-9.600304144270072e-05	0.0001200156513503	9.216583966248912e-09	0.003191900208387	0.0004987298593964	1.0188226940300976e-05	2.487314726535532e-07	0.0	0.0	0.0	0.0	0.0	0.0	0.0	0.0	0.0	0.0	0.0	0.0	0.0	0.0	0.0	0.0	0.0	0.0	0.0	0.0	0.0	0.0	0.0	0.0	0.0	0.0	0.0	0.0	0.0	0.0	0.0	0.0	0.0	0.0	0.0	0.0	0.0	0.0	0.0	0.0	0.0	0.0	0.0	0.0	0.0	0.0	0.0	0.0	0.0	0.0	0.0	0.0	0.0	0.0	0.0	0.0	0.0	0.0	0.0	0.0	0.0	0.0	0.0	0.0	0.0	0.0	0.0	0.0	0.0	0.0	0.0	0.0	0.0	0.0	0.0	0.0	0.0	0.0	0.0	0.0	0.0	0.0	0.0	0.0	0.0	0.0	0.0	0.0	0.0	0.0	0.0	0.0	0.0	0.0	0.0	0.0	0.0	0.0	0.0	0.0	0.0	0.0	0.0	0.0
2077.0031910392604	-4.613736263554529	21.286562309638104	4313942.255587271	3005.0058780067843	9.72780665347409	9030060.326855324	94.63022228737478	2228.1735517493576	-3.622836026278492	13.124940873301332	4964757.376715347	2531.029033188373	1778.5806695011074	0.8402849999999998	27.098383	0.1592554068430174	0.0900417349289371	-0.0283902362	0.0426081048	0.0102805535	0.0805103573	-0.1287091182	-0.0539243644	0.0205638691	-0.0123978184	-0.0434444885	0.0420760399	0.0179911054	-0.0336969131	0.028257088	0.0041208022	-0.0454351289	-0.0221227287	0.055395968	0.0308483419	-0.0275168616	-0.0068094872	-0.068917982	-0.0384865157	0.0193781176	-0.0080591044	-0.0316822427	-0.0369709431	-0.0538663696	0.0009527893	0.0435631279	-0.0307737066	-0.0226406964	0.0141179088	0.0603242803	-0.0425242338	0.0360968995	-0.0453175545	-0.0458144186	-0.0435030557	0.0500876671	0.064884305	-0.0202131788	0.0163623348	0.0309752199	-0.073638495	-0.0415551654	-0.0262421742	0.0046565707	-0.0564699191	0.0608036993	0.0562727042	-0.0062687881	0.0746876292	-0.0326337348	0.0194834204	-0.0162713965	-0.0122136863	0.0874284289	0.0503807682	-0.0194761753	-0.0744157659	-0.0723582192	-0.0148794683	0.0539958877	0.081514268	0.0465985677	0.175592589278466	-0.0268421649562213	0.030832757409516	0.0007205018195369	-0.3072956579413102	-0.0107562109014764	0.0944306213895827	0.000115696072957	-1.822781080885278	-0.0789602248422696	3.3225308688333026	0.0062347171071417	-0.0296971074778729	-0.0002794039326479	7.806655757911272e-08	0.0008819181925523	0.01063294851502	-0.0003222169949268	0.000113059594123	1.0382379181972173e-07	0.0034442154036732	0.0002523151952861	1.1862619746899744e-05	6.36629577723132e-08	0.0	0.0	0.0	0.0	0.0	0.0	0.0	0.0	0.0	0.0	0.0	0.0	0.0	0.0	0.0	0.0	0.0	0.0	0.0	0.0	0.0	0.0	0.0	0.0	0.0	0.0	0.0	0.0	0.0	0.0	0.0	0.0	0.0	0.0	0.0	0.0	0.0	0.0	0.0	0.0	0.0	0.0	0.0	0.0	0.0	0.0	0.0	0.0	0.0	0.0	0.0	0.0	0.0	0.0	0.0	0.0	0.0	0.0	0.0	0.0	0.0	0.0	0.0	0.0	0.0	0.0	0.0	0.0	0.0	0.0	0.0	0.0	0.0	0.0	0.0	0.0	0.0	0.0	0.0	0.0	0.0	0.0	0.0	0.0	0.0	0.0	0.0	0.0	0.0	0.0	0.0	0.0	0.0	0.0	0.0	0.0	0.0	0.0	0.0	0.0	0.0	0.0	0.0	0.0
2075.535110239858	-1.468080799402287	2.1552612335736585	4307845.99383838	3014.131685598273	9.125807591488863	9084989.818127489	83.2803641968758	2228.406731939935	0.2331801905775137	0.0543730012777656	4965796.562955222	2532.969794051525	1765.8315559685564	1.274128	41.089428	1.0813171136152255	0.5531767398487694	-0.0762472929	0.136465032	0.0497420198	0.0120756517	-0.1261408212	0.0801527898	0.042975822	-0.0269165	-0.0711462065	0.1501442521	-0.008420244	-0.0598057701	0.1018059159	0.0105788623	-0.0561291942	0.0013384345	0.0100774908	-0.0403285977	-0.0317933522	-0.0520502045	0.0124136763	-0.0823783822	-0.0378178103	-0.0182864982	-0.0394131954	-0.0714475791	-0.0597086811	0.0879206571	0.1092779677	-0.0454150359	0.0177552367	0.0181550211	0.048227141	-0.0368041699	0.0710324282	-0.1651547506	0.0433942326	-0.0325554355	0.0479210716	0.044351835	-0.032400964	0.1072349274	0.0702073481	0.0277653676	0.0556004244	-0.0379042662	-0.1044335149	-0.074895594	-0.0317826607	0.0469686477	-0.0471859323	0.0379675181	-0.0353392411	-0.037157963	0.0118360489	0.0689680137	-0.0381542588	0.0497051625	-0.0211324865	-0.0754344479	-0.0707106781	-0.010657419	0.0577350269	0.0809511339	0.040824829	-0.0248213804206898	-0.2004139696991558	0.0006161009259886	0.0401657592505741	-0.2862535469328975	0.0210421110084126	0.0819410931316645	0.0004427704356903	-2.225235560698316	-0.4024544798130378	4.951673300596348	0.1619696083215829	-0.0259067241132413	0.0037903833646316	1.4367006050875971e-05	0.0006711583542795	0.0086385114142857	-0.0019944371007343	7.46238794547443e-05	3.977779348785445e-06	8.090480714671722e-05	-0.0033633105965264	6.545587819447505e-09	1.1311858168707326e-05	0.0	0.0	0.0	0.0	0.0	0.0	0.0	0.0	0.0	0.0	0.0	0.0	0.0	0.0	0.0	0.0	0.0	0.0	0.0	0.0	0.0	0.0	0.0	0.0	0.0	0.0	0.0	1.0	0.0	0.0	0.0	0.0	0.0	0.0	0.0	0.0	0.0	0.0	0.0	0.0	0.0	0.0	0.0	0.0	0.0	0.0	0.0	0.0	0.0	0.0	0.0	0.0	0.0	0.0	0.0	0.0	0.0	0.0	0.0	0.0	0.0	0.0	0.0	0.0	0.0	0.0	0.0	0.0	0.0	0.0	0.0	0.0	0.0	0.0	0.0	0.0	0.0	0.0	0.0	0.0	0.0	0.0	0.0	0.0	0.0	0.0	0.0	0.0	0.0	0.0	0.0	0.0	0.0	0.0	0.0	0.0	0.0	0.0	0.0	0.0	0.0	0.0	0.0	0.0
2075.9113190867542	0.3762088468961337	0.1415330964829186	4309407.804712508	3008.752075837788	-5.379609760484982	9052589.0538582	28.940201175105283	2239.58151390439	11.174781964454723	124.87575195310257	5015725.357422278	2537.4569698460514	1711.4215880750944	1.233489	39.778839	0.873599243080915	0.4507558869370171	-0.0866130866	0.1840134104	0.0342298834	-0.0586625431	-0.0649375171	0.2120872665	0.0306026811	0.0111918946	0.0001181742	0.1686849759	-0.0840565767	0.0399279065	0.0518955871	-0.0047617359	-0.0880184292	0.0026815821	0.0198465327	-0.1483271471	-0.0349898688	-0.0535825112	0.0612201186	-0.0695952688	-0.0022314043	-0.0139915026	-0.0377496028	-0.0103007652	-0.03925525	0.126594934	0.1558861344	-0.0345594995	0.0387778159	0.0215566232	-0.0511650831	-0.0307739595	0.0739790621	-0.1934152752	0.1310048242	-0.0013901772	0.0416139445	-0.0305307646	-0.0712406619	0.1461087429	0.0029213093	0.1001669002	0.1602286922	0.0121208902	-0.0550373894	0.0230204393	-0.1104618136	0.1367420106	-0.0446050571	-0.0069924454	-0.0038004249	-0.063281381	0.0657416526	0.0363636418	-0.033924946	0.0490241061	-0.0227795284	-0.0763786853	-0.0689390864	-0.0064061583	0.0612463124	0.0799532077	0.0347647336	-0.1204256299173494	-0.0956042494966596	0.0145023323409903	0.0091401725218195	-0.2274289887486702	0.0588245581842273	0.0517239449232427	0.0034603286455695	-2.528926443888388	-0.3036908831900722	6.395468958597968	0.092228152532766	-0.0217544964851775	0.0041522276280638	1.7240994275256333e-05	0.0004732581173236	0.00641799206803	-0.0022205193462556	4.1190622185296e-05	4.930706167095838e-06	-0.0018559392627329	-0.0019368440698796	3.4445105469535403e-06	3.7513649510278392e-06	0.0	0.0	0.0	0.0	0.0	0.0	0.0	0.0	0.0	0.0	0.0	0.0	0.0	0.0	0.0	0.0	0.0	0.0	0.0	0.0	0.0	0.0	0.0	0.0	0.0	0.0	0.0	0.0	1.0	0.0	0.0	0.0	0.0	0.0	0.0	0.0	0.0	0.0	0.0	0.0	0.0	0.0	0.0	0.0	0.0	0.0	0.0	0.0	0.0	0.0	0.0	0.0	0.0	0.0	0.0	0.0	0.0	0.0	0.0	0.0	0.0	0.0	0.0	0.0	0.0	0.0	0.0	0.0	0.0	0.0	0.0	0.0	0.0	0.0	0.0	0.0	0.0	0.0	0.0	0.0	0.0	0.0	0.0	0.0	0.0	0.0	0.0	0.0	0.0	0.0	0.0	0.0	0.0	0.0	0.0	0.0	0.0	0.0	0.0	0.0	0.0	0.0	0.0	0.0
2085.1608669519046	9.249547865150362	85.55413570970761	4347895.841067619	3036.242620849609	27.490545011820814	9218769.252663702	755.7300650469463	2238.097440116849	-1.4840737875406376	2.202475006865213	5009080.151457593	2548.487871890342	1759.3242753524355	1.182031	38.119366	0.4677426797568523	0.2065710213195413	-0.08544152	0.1710058314	0.0336874164	-0.0155311088	-0.0831398205	0.1011540594	0.0723602575	0.045468294	-0.0716530833	0.1754117748	-0.0651078579	0.0021888578	0.0428010588	-0.0051527595	-0.0838007717	0.0142281386	0.0056346991	-0.1502227544	0.0172672784	-0.0525018774	0.0434610517	-0.0247066864	-0.0417225643	-0.0429416622	-0.0823806293	-0.0296884282	-0.0396292957	0.1576269269	0.0971973956	-0.0087561726	0.0259325395	0.0180892179	-0.0524288501	-0.0335225063	0.0754899609	-0.1956467544	0.089771241	-0.008451995	0.0455153659	-0.025745115	-0.053708436	0.0819110379	0.0332081309	0.031542696	0.0912858103	-0.0290629668	-0.1386252188	-0.0535836975	-0.1895746686	-0.004576505	-0.0229576693	-0.004914307	-0.062024882	-0.0126066923	0.0550612178	0.0600291506	-0.0808372371	0.0483376736	-0.0244165784	-0.0772475461	-0.0670465522	-0.0021373389	0.0645158866	0.0785258491	0.0284607885	-0.2367542660911255	-0.116328636173776	0.0560525825123474	0.0135323515940507	-0.202915037196746	0.0245139515519242	0.0411745123205568	0.00060093382069	-2.452771800670611	0.0761546432177771	6.016089506164951	0.0057995296836269	-0.0228808537014829	-0.0011263572163053	1.2686805787232466e-06	0.0005235334661086	0.0047912641050464	-0.0016267279629835	2.2956211724306085e-05	2.6462438655527715e-06	-0.0041177630597114	-0.0022618237969785	1.695597261592379e-05	5.11584688857824e-06	0.0	0.0	0.0	0.0	0.0	0.0	0.0	0.0	0.0	0.0	0.0	0.0	0.0	0.0	0.0	0.0	0.0	0.0	0.0	0.0	0.0	0.0	0.0	0.0	0.0	0.0	0.0	0.0	0.0	0.0	0.0	0.0	0.0	0.0	0.0	0.0	0.0	0.0	0.0	0.0	0.0	0.0	0.0	0.0	0.0	0.0	0.0	0.0	0.0	0.0	0.0	0.0	0.0	0.0	0.0	0.0	0.0	0.0	0.0	0.0	0.0	0.0	0.0	0.0	0.0	0.0	0.0	0.0	0.0	0.0	0.0	0.0	0.0	0.0	0.0	0.0	0.0	0.0	0.0	0.0	0.0	0.0	0.0	0.0	0.0	0.0	0.0	0.0	0.0	0.0	0.0	0.0	0.0	0.0	0.0	0.0	0.0	0.0	0.0	0.0	0.0	0.0	0.0	0.0
2084.755204007228	-0.4056629446768056	0.164562424683857	4346204.260635218	3030.9251207853617	-5.31750006424727	9186507.08780776	28.27580693326972	2231.716564888562	-6.380875228287096	40.71556867896789	4980558.825998004	2535.4602699856023	1770.4871996661138	1.086705	35.0452	0.2242580254056547	0.1692769071762615	-0.0677321381	0.1821284895	0.0715682079	-0.0395909028	-0.059364407	0.1409970772	0.0294701593	0.1703724362	-0.0173866191	0.0891878192	-0.0015120659	0.0073451653	0.0587205924	-0.0053985065	-0.0855018281	-0.0078135279	0.0267865455	-0.0537688096	-0.0221530301	-0.0922813351	-0.0227472833	-0.0504068529	-0.0199218181	-0.0020879011	-0.0792816899	0.1195584839	-0.0361646254	0.0843748257	0.0627739433	-0.059717874	0.0413006688	-0.0322891423	-0.0222482724	-0.022563655	0.0895232742	-0.2079080984	0.1017291291	0.0170572139	0.0415618159	0.0049658683	-0.0622822046	0.0825926773	0.0497890278	0.0909847953	0.1119738577	0.0115153922	-0.0261882372	0.0466165207	-0.0929092462	-0.0110467647	-0.0838103543	-0.0212345992	-0.0152113468	-0.0190327399	0.0240679104	0.0465784622	-0.0327533081	0.0476459404	-0.0260429185	-0.0780401729	-0.0650363955	0.0021373389	0.0675308461	0.0766767246	0.0219572114	-0.2364415185982693	0.0003127474928561	0.0559045917170557	9.7810994287823e-08	-0.2029167276304093	-1.690433663298352e-06	0.0411751983522337	2.8575659700122855e-12	-2.2917435075147807	0.1610282931558302	5.25208830423615	0.02593011119668	-0.0235053393335403	-0.0006244856320574	3.8998230464613097e-07	0.0005525009771848	0.0047288045101205	-6.245959492590016e-05	2.2361592094935986e-05	3.901200998307533e-09	-0.0046891237191942	-0.0005713606594827	2.1987881253909644e-05	3.264530032046201e-07	0.0	0.0	0.0	0.0	0.0	0.0	0.0	0.0	0.0	0.0	0.0	0.0	0.0	0.0	0.0	0.0	0.0	0.0	0.0	0.0	0.0	0.0	0.0	0.0	0.0	0.0	0.0	0.0	0.0	0.0	0.0	0.0	0.0	0.0	0.0	0.0	0.0	0.0	0.0	0.0	0.0	0.0	0.0	0.0	0.0	0.0	0.0	0.0	0.0	0.0	0.0	0.0	0.0	0.0	0.0	0.0	0.0	0.0	0.0	0.0	0.0	0.0	0.0	0.0	0.0	0.0	0.0	0.0	0.0	0.0	0.0	0.0	0.0	0.0	0.0	0.0	0.0	0.0	0.0	0.0	0.0	0.0	0.0	0.0	0.0	0.0	0.0	0.0	0.0	0.0	0.0	0.0	0.0	0.0	0.0	0.0	0.0	0.0	0.0	0.0	0.0	0.0	0.0	0.0
2076.3387521693635	-8.416451837864315	70.8366615390896	4311182.613760229	2993.004412199321	-37.920708586040746	8958075.411444603	1437.9801396674245	2218.35346119538	-13.363103693181984	178.57254031473397	4921092.078797523	2515.793197770133	1778.2661687648497	1.662984	53.629646	1.5122363380223465	0.7560044748946788	-0.0477813638	0.0734854238	-0.0046633123	0.028543566	-0.0998359347	-0.0197275059	-0.0216400264	0.0472143782	-0.0694159623	0.0302339443	0.057200643	-0.0034268051	0.0308403167	0.0443529749	-0.0492413549	0.006419807	-0.0147900932	0.0053249352	0.0335518044	0.0260033761	-0.0600202312	0.055337457	-0.0258585221	0.0400113337	-0.0671212738	-0.0043808718	-0.0323648065	-0.0144467414	-0.0358833642	0.024055345	0.0009188715	-0.0088412412	-0.0087412639	-0.0674392325	0.0367544297	-0.0933252777	0.0152743508	-0.1281715638	0.057477177	0.0010882004	-0.0576568713	-0.0160645427	0.074304223	-0.0902037411	-0.0210979562	0.0146064212	-0.0089137911	-0.0092062957	-0.0167476533	0.0176117099	0.0298140832	0.0664609776	-0.0925673006	-0.0488882268	-0.0660482163	-0.0532140233	-0.1301953228	0.0469489822	-0.0276578354	-0.0787557834	-0.0629121428	0.0064061583	0.0702792922	0.0744157659	0.0152996203	0.0863536789997567	0.322795197598026	0.007456957876793	0.1041967395923486	-0.2505725706989778	-0.0476558430685685	0.0627866131866942	0.002271079378576	-1.979258471520304	0.3124850359944766	3.91746409708489	0.0976468977204693	-0.0246022326237906	-0.0010968932902503	1.2031748901961313e-06	0.0006052698500751	0.0118493576296168	0.0071205531194962	0.0001404072762345	5.070227672756848e-05	0.0036794350982847	0.0083685588174788	1.353824264248934e-05	7.003277668160382e-05	0.0	0.0	0.0	0.0	0.0	0.0	0.0	0.0	0.0	0.0	0.0	0.0	0.0	0.0	0.0	0.0	0.0	0.0	0.0	0.0	0.0	0.0	0.0	0.0	0.0	0.0	0.0	0.0	0.0	1.0	0.0	0.0	0.0	0.0	0.0	0.0	0.0	0.0	0.0	0.0	0.0	0.0	0.0	0.0	0.0	0.0	0.0	0.0	0.0	0.0	0.0	0.0	0.0	0.0	0.0	0.0	0.0	0.0	0.0	0.0	0.0	0.0	0.0	0.0	0.0	0.0	0.0	0.0	0.0	0.0	0.0	0.0	0.0	0.0	0.0	0.0	0.0	0.0	0.0	0.0	0.0	0.0	0.0	0.0	0.0	0.0	0.0	0.0	0.0	0.0	0.0	0.0	0.0	0.0	0.0	0.0	0.0	0.0	0.0	0.0	0.0	0.0	0.0	0.0
2068.170133470484	-8.168618698879527	66.72633144768426	4277327.700979319	2969.867280337685	-23.13713186163613	8820111.662820356	535.326870782738	2222.466355625169	4.1128944297888665	16.915900590588286	4939356.70188582	2503.4294617989995	1773.9040252856037	1.736016	55.984859	0.825998143551762	0.4207304052000163	-0.0606525395	0.0206359821	-0.0316043188	-0.0722774716	-0.0386944811	-0.0056407923	-0.0699205154	0.0182792488	-0.0474328671	0.005292988	0.0315330193	-0.0653923726	0.0642836239	0.0375844843	-0.0514433285	0.039126426	-0.0088731339	-0.0052601226	-0.0103201722	0.0193675966	-0.0110930311	0.0712171649	-0.0037018504	0.072966124	-0.0357188988	-0.0048636757	0.0114963016	-0.0377408692	-0.0509918905	-0.054904813	0.0406882275	0.0056259932	0.0038073101	-0.0752700258	0.0290823293	-0.0680198918	0.0289569508	-0.1299508853	0.0522357165	-0.0385935579	-0.050033705	-0.0430905923	0.0037650516	-0.0247006908	0.0154876942	0.0661686677	0.0211308019	0.1633058175	0.1623529555	0.0687294204	0.0493308534	-0.0211264825	-0.065551292	0.0056601581	-0.1438736458	-0.0461436631	-0.0917146315	0.0462468756	-0.0292606206	-0.0793936715	-0.0606775209	0.010657419	0.0727503781	0.0717551168	0.0085347133	0.4331639567408416	0.3468102777410849	0.1876310134193817	0.1202773687468484	-0.2363134328211913	0.0142591378777865	0.0558440385317356	0.0002033230130177	-1.828685184664053	0.150573286856251	3.344089504609802	0.0226723147146948	-0.0230600768173101	0.0015421558064805	2.3782445314615222e-06	0.0005317671428202	0.0153003911553977	0.0034510335257809	0.0002341019695081	1.1909632396063754e-05	0.0049733545875561	0.0012939194892714	2.4734255853565308e-05	1.6742276447163615e-06	0.0	0.0	0.0	0.0	0.0	0.0	0.0	0.0	0.0	0.0	0.0	0.0	0.0	0.0	0.0	0.0	0.0	0.0	0.0	0.0	0.0	0.0	0.0	0.0	0.0	0.0	0.0	0.0	0.0	0.0	1.0	0.0	0.0	0.0	0.0	0.0	0.0	0.0	0.0	0.0	0.0	0.0	0.0	0.0	0.0	0.0	0.0	0.0	0.0	0.0	0.0	0.0	0.0	0.0	0.0	0.0	0.0	0.0	0.0	0.0	0.0	0.0	0.0	0.0	0.0	0.0	0.0	0.0	0.0	0.0	0.0	0.0	0.0	0.0	0.0	0.0	0.0	0.0	0.0	0.0	0.0	0.0	0.0	0.0	0.0	0.0	0.0	0.0	0.0	0.0	0.0	0.0	0.0	0.0	0.0	0.0	0.0	0.0	0.0	0.0	0.0	0.0	0.0	0.0
2067.7633659574603	-0.4067675130236239	0.165459809651424	4275645.337595726	2984.7591941431947	14.89191380550983	8908787.447022334	221.76909679073427	2213.4944196428573	-8.971935982311606	80.49563527069773	4899557.54579007	2504.4918500548765	1779.916832174802	1.921723	61.97374	1.9129265460757805	1.0127903543590169	-0.0308151241	0.0218756669	0.0051263204	-0.107132522	0.0171359309	0.0720592743	-0.0513334122	0.1261048138	-0.0392297701	-0.0848056766	-0.0040514208	0.0263724494	-0.0328216285	0.0603753461	-0.0446539367	0.0596176719	-0.036521576	0.0242102611	0.0024072585	0.0592480651	-0.0338568876	0.1458969869	0.0448477362	0.0806456577	-0.0529788036	0.0882668461	0.0159496318	-0.0703633043	-0.0923214399	0.0926185818	-0.0476870842	-0.0712141943	-0.09044095	-0.0615939384	0.0154589733	-0.0585926955	0.0257104091	-0.0806990241	0.045549017	-0.0446248122	-0.0610452336	-0.034114802	-0.0097518569	-0.021915923	0.0632001777	0.0709358441	0.3567277078	0.5032394985	0.2122628705	-0.0570982685	-0.1374575703	-0.0518610644	-0.1186462752	0.0492034187	-0.2529061426	-0.2482969978	-0.2182721892	0.0455396975	-0.0308505711	-0.0799532077	-0.05833645	0.0148794683	0.0749343514	0.0687090676	0.0017099414	0.0569719461100532	-0.3761920106307884	0.0032458026435668	0.1415204288624352	-0.3316771465250099	-0.0953637137038186	0.1100097295269728	0.0090942378913838	-1.6632207326111796	0.1654644520528734	2.7663032053876693	0.0273784848931576	-0.020860520204873	0.002199556612437	4.838049291315768e-06	0.0004351613032179	-0.0033677399745062	-0.0186681311299039	1.134167253588702e-05	0.0003484991198832	0.0003229149361311	-0.004650439651425	1.0427405597655238e-07	2.162658895154588e-05	0.0	0.0	0.0	0.0	0.0	0.0	0.0	0.0	0.0	0.0	0.0	0.0	0.0	0.0	0.0	0.0	0.0	0.0	0.0	0.0	0.0	0.0	0.0	0.0	0.0	0.0	0.0	0.0	0.0	0.0	0.0	1.0	0.0	0.0	0.0	0.0	0.0	0.0	0.0	0.0	0.0	0.0	0.0	0.0	0.0	0.0	0.0	0.0	0.0	0.0	0.0	0.0	0.0	0.0	0.0	0.0	0.0	0.0	0.0	0.0	0.0	0.0	0.0	0.0	0.0	0.0	0.0	0.0	0.0	0.0	0.0	0.0	0.0	0.0	0.0	0.0	0.0	0.0	0.0	0.0	0.0	0.0	0.0	0.0	0.0	0.0	0.0	0.0	0.0	0.0	0.0	0.0	0.0	0.0	0.0	0.0	0.0	0.0	0.0	0.0	0.0	0.0	0.0	0.0
2073.8925250097973	6.129159052336945	37.56659068884392	4301030.205291512	2963.910700747841	-20.84849339535367	8784766.642007558	434.6596768561057	2218.6768455340234	5.182425891166076	26.8575381174285	4922526.944908805	2508.8113349845403	1784.343084501554	2.530364	81.601837	1.647249620301499	1.0237430159934116	-0.0544079127	-0.0525512241	-0.1018989695	-0.021403729	-0.0661039117	-0.1441201837	-0.0415447191	-0.0819561072	-0.0895370649	-0.0626619581	0.0096355977	-0.0034058496	-0.0094606105	0.0368447061	-0.0221503898	0.0297043258	-0.0152606119	0.00869326	0.0306424146	0.100230977	0.0028552744	0.0899995459	-0.0046745116	0.0416084933	-0.034258702	-0.0861605454	0.0166998299	-0.0739984659	-0.0540114331	0.0409357883	-0.0275482692	0.0326817705	-0.0427690313	-0.075355199	0.0014492501	0.0046067034	-0.0188023729	-0.1538260049	0.0162009686	-0.0259260013	-0.0565318604	-0.1154344116	0.026017939	-0.0864093675	-0.0835094302	0.0727881491	-0.0306698031	-0.0839774429	-0.0209321001	0.0007671017	0.1177013463	0.0083983698	0.0484259897	-0.0007692011	0.0645014276	0.0307612479	0.0969074993	0.0448275254	-0.0324269895	-0.0804338397	-0.0558930371	0.0190607341	0.0768225931	0.0652939789	-0.0051268245	0.2576150489286988	0.2006431028186456	0.0663655134345358	0.0402576547086935	-0.2738488223113791	0.0578283242136308	0.0749931774813292	0.0033441150813568	-1.548220121947537	0.1150006106636425	2.3969855460032465	0.0132251404530106	-0.0249574278679458	-0.0040969076630727	1.6784652399744617e-05	0.0006228732057837	0.015104181031986	0.0184719210064922	0.000228136284647	0.00034121186567	0.0032296379186777	0.0029067229825466	1.0430561085760824e-05	8.449038497264602e-06	0.0	0.0	0.0	0.0	0.0	0.0	0.0	0.0	0.0	0.0	0.0	0.0	0.0	0.0	0.0	0.0	0.0	0.0	0.0	0.0	0.0	0.0	0.0	0.0	0.0	0.0	0.0	0.0	0.0	0.0	0.0	0.0	1.0	0.0	0.0	0.0	0.0	0.0	0.0	0.0	0.0	0.0	0.0	0.0	0.0	0.0	0.0	0.0	0.0	0.0	0.0	0.0	0.0	0.0	0.0	0.0	0.0	0.0	0.0	0.0	0.0	0.0	0.0	0.0	0.0	0.0	0.0	0.0	0.0	0.0	0.0	0.0	0.0	0.0	0.0	0.0	0.0	0.0	0.0	0.0	0.0	0.0	0.0	0.0	0.0	0.0	0.0	0.0	0.0	0.0	0.0	0.0	0.0	0.0	0.0	0.0	0.0	0.0	0.0	0.0	0.0	0.0	0.0	0.0
2072.971730139279	-0.9207948705184208	0.8478631935730353	4297211.793956636	2964.6200217799137	0.7093210320726939	8788971.873538336	0.5031363265406716	2222.9509768795656	4.274131345542173	18.26819875894615	4941511.045609815	2508.0717631452394	1788.2299266282407	1.163641	37.526306	0.2134178062959265	0.1064479143827305	-0.0305462098	-0.0442265028	-0.0631563427	-0.0358318731	-0.0035619931	-0.0920810947	-0.065974419	0.0108449052	-0.0206874765	-0.0846485002	0.0151709893	0.0196666041	-0.0174318021	0.0197362136	-0.0196322131	0.0252246657	0.0245412171	-0.0049091972	0.010799931	0.0920476439	-0.0146015698	0.0638943179	-0.0465974603	0.0510238238	-0.0339095632	0.0243266112	0.0412856888	-0.0717680495	-0.0336419167	0.0235817386	-0.0208117472	0.0612917196	-0.0455911732	-0.0583346048	0.0054108312	-0.0003894402	-0.0170637755	-0.0935571645	0.0239210119	-0.0202203737	-0.0590864635	-0.1058348858	0.0167996776	-0.040168122	-0.0625522997	0.0687018383	0.0235537018	0.0152336597	0.0659804316	-0.0105625303	0.0036967741	-0.0639041377	0.0397177604	0.0230456017	-0.0034328947	-0.015606008	0.0187299265	0.0441104375	-0.0339891844	-0.0808350932	-0.0533515689	0.0231897558	0.0784076511	0.0615281933	-0.0119276293	0.2130550788131415	-0.0445599701155572	0.0453924666080739	0.0019855909366993	-0.2905177648391657	-0.0166689425277866	0.0844005716871447	0.0002778536449946	-1.5478759412106695	0.0003441807368675	2.395919929378816	1.1846037963072014e-07	-0.0264726723993974	-0.0015152445314516	2.29596599009398e-06	0.0007008023839658	0.0141725045250451	-0.0009316765069409	0.0002008598845124	8.68021113585597e-07	0.0026396646987559	-0.0005899732199218	6.967829721858075e-06	3.480684002248967e-07	0.0	0.0	0.0	0.0	0.0	0.0	0.0	0.0	0.0	0.0	0.0	0.0	0.0	0.0	0.0	0.0	0.0	0.0	0.0	0.0	0.0	0.0	0.0	0.0	0.0	0.0	0.0	0.0	0.0	0.0	0.0	0.0	0.0	0.0	0.0	0.0	0.0	0.0	0.0	0.0	0.0	0.0	0.0	0.0	0.0	0.0	0.0	0.0	0.0	0.0	0.0	0.0	0.0	0.0	0.0	0.0	0.0	0.0	0.0	0.0	0.0	0.0	0.0	0.0	0.0	0.0	0.0	0.0	0.0	0.0	0.0	0.0	0.0	0.0	0.0	0.0	0.0	0.0	0.0	0.0	0.0	0.0	0.0	0.0	0.0	0.0	0.0	0.0	0.0	0.0	0.0	0.0	0.0	0.0	0.0	0.0	0.0	0.0	0.0	0.0	0.0	0.0	0.0	0.0
2075.908651889918	2.936921750639158	8.625509369377376	4309396.730991417	2980.5482222707647	15.92820049085094	8883667.705281416	253.70757087674411	2223.451386422822	0.50040954325641	0.2504097109820888	4943736.0677855695	2517.279974899984	1780.8229740419868	0.912241	29.418907	0.1219211858228403	0.0672742368689105	-0.0317006954	-0.0560899398	-0.0842193808	-0.0254188341	-0.0470617126	-0.129076445	-0.0192884952	-0.0212099623	-0.0621128022	-0.0504478312	-0.0105456391	0.0025251492	-0.022117102	0.0158533196	-0.0322405883	0.0221283801	-0.0085332784	0.023709021	0.0456249331	0.0759377689	0.0076531077	0.0625161733	-0.0346138849	0.0208673829	-0.0447844986	-0.0407685571	0.0141679553	-0.0415888124	-0.0515708164	0.0324373151	-0.0393785241	0.0175411947	-0.0355005245	-0.0574275534	0.0030839126	0.0134534749	-0.0205249338	-0.1178217287	0.0205608084	-0.0277022206	-0.0495288543	-0.1102107902	0.0133118342	-0.0673068805	-0.0850470974	0.0621815677	-0.0070274813	-0.0601745567	0.0045907712	0.0096713352	0.0542347926	-0.0044604108	0.0631969309	0.0176537169	0.0383116676	0.0418987337	0.0695658075	0.0433885123	-0.0355364705	-0.0811565722	-0.0507165039	0.0272552159	0.0796832699	0.057431937	-0.0186447705	0.2038437407217941	-0.0092113380913474	0.041552270631454	8.484874943310784e-05	-0.3078955086124466	-0.0173777437732808	0.0947996442237171	0.0003019859786498	-1.5682011067437216	-0.020325165533052	2.459254711192233	0.0004131123539459	-0.0275157942552106	-0.0010431218558131	1.0881032060751725e-06	0.000757118933495	0.0137375540895963	-0.0004349504354488	0.0001887203923645	1.891818812971009e-07	0.0026175982215147	-2.206647724119996e-05	6.85182044927692e-06	4.869294178363957e-10	0.0	0.0	0.0	0.0	0.0	0.0	0.0	0.0	0.0	0.0	0.0	0.0	0.0	0.0	0.0	0.0	0.0	0.0	0.0	0.0	0.0	0.0	0.0	0.0	0.0	0.0	0.0	0.0	0.0	0.0	0.0	0.0	0.0	0.0	0.0	0.0	0.0	0.0	0.0	0.0	0.0	0.0	0.0	0.0	0.0	0.0	0.0	0.0	0.0	0.0	0.0	0.0	0.0	0.0	0.0	0.0	0.0	0.0	0.0	0.0	0.0	0.0	0.0	0.0	0.0	0.0	0.0	0.0	0.0	0.0	0.0	0.0	0.0	0.0	0.0	0.0	0.0	0.0	0.0	0.0	0.0	0.0	0.0	0.0	0.0	0.0	0.0	0.0	0.0	0.0	0.0	0.0	0.0	0.0	0.0	0.0	0.0	0.0	0.0	0.0	0.0	0.0	0.0	0.0
2071.901584793815	-4.007067096103128	16.056586712672356	4292776.1770711215	2970.222468647204	-10.325753623560558	8822221.513256691	106.621187894474	2217.880360524892	-5.5710258979302125	31.03632955540913	4918993.293602024	2506.4226723293523	1796.413376164037	0.918624	29.624765	0.3338989215658537	0.1794982007607926	-0.0134477569	-0.0270017624	-0.0318330277	-0.0165995909	-0.027948192	-0.0966018116	-0.0427374233	-0.0278146713	-0.0405278412	-0.0563050759	0.0228510353	0.0184228729	0.0089200441	0.030137994	-0.006119517	0.0233881617	0.0004020712	0.0032458906	-0.0049235246	0.0456957766	0.0170370096	0.0788778322	-0.0248594187	0.0456674784	-0.0189713686	-0.0243730629	0.0157917547	-0.0634140402	0.0027596145	0.0302663888	-0.0200776893	0.0092455648	-0.0506586281	-0.0393238804	0.0166753549	-0.0193140264	-0.0101147887	-0.0770598872	0.0330958013	-0.0008118122	-0.0530980251	-0.0713856396	0.0305320665	-0.0333929123	-0.0650359845	0.0695331165	0.0145276437	-0.0419450936	0.0478985224	0.0567372348	0.0064885756	-0.0464399421	0.0696636794	0.0189356264	-0.0045341879	0.0069865646	0.0256344059	0.0426618292	-0.0370681691	-0.0813979594	-0.0479924649	0.0312459714	0.0806444153	0.0530272111	-0.0252311319	0.1480089460424238	-0.0558347946793703	0.0219066481085891	0.0031175242968874	-0.3130340291675395	-0.0051385205550928	0.0979903034168639	2.6404393495112203e-05	-1.719654440183092	-0.1514533334393704	2.9572113936414235	0.0229381122098971	-0.0282602005438807	-0.0007444062886701	5.541407226115941e-07	0.0007986389347803	0.013022240185301	-0.0007153139042953	0.0001695787394436	5.116739816781863e-07	0.0016478729566397	-0.0009697252648749	2.7154852812244662e-06	9.403670893368886e-07	0.0	0.0	0.0	0.0	0.0	0.0	0.0	0.0	0.0	0.0	0.0	0.0	0.0	0.0	0.0	0.0	0.0	0.0	0.0	0.0	0.0	0.0	0.0	0.0	0.0	0.0	0.0	0.0	0.0	0.0	0.0	0.0	0.0	0.0	0.0	0.0	0.0	0.0	0.0	0.0	0.0	0.0	0.0	0.0	0.0	0.0	0.0	0.0	0.0	0.0	0.0	0.0	0.0	0.0	0.0	0.0	0.0	0.0	0.0	0.0	0.0	0.0	0.0	0.0	0.0	0.0	0.0	0.0	0.0	0.0	0.0	0.0	0.0	0.0	0.0	0.0	0.0	0.0	0.0	0.0	0.0	0.0	0.0	0.0	0.0	0.0	0.0	0.0	0.0	0.0	0.0	0.0	0.0	0.0	0.0	0.0	0.0	0.0	0.0	0.0	0.0	0.0	0.0	0.0
2075.23127865826	3.3296938644452894	11.086861230924605	4306584.859921598	2979.179064941406	8.956596294201972	8875507.90098515	80.2206171773125	2221.0139413808847	3.133580855992932	9.819328981045397	4932902.927808252	2514.88656957344	1765.6420914804469	0.886318	28.582912	0.3048763300205451	0.1446376875927863	-0.0049781724	-0.0050060408	-0.0392134202	0.023973544	-0.0505953598	-0.1000403944	-0.0083854479	-0.0483408604	-0.0354750107	0.0180460213	-0.0637926297	0.0191179026	0.0066387368	0.0188963252	-0.0352795651	0.0298926043	-0.0119296095	0.011137374	0.0090859029	0.0472276809	-0.0241973387	0.0220913934	0.0034016748	0.0181066221	-0.0191562759	-0.0663541984	-0.0260863971	-0.0130516377	0.0300155696	0.038567595	-0.0300752454	0.0152685108	0.0108476764	-0.0285991673	0.0189219407	-0.0249399832	-0.0122700065	-0.0534984458	0.0418463534	0.0094518023	-0.03359349	-0.064740859	0.0157630675	-0.0390519743	-0.0861625648	0.0300425237	-0.031118947	-0.1161156974	-0.0124466415	0.0390659972	0.0147960582	-0.0201529287	0.0548422691	0.0170825029	0.0260443447	-0.0199605585	0.0203226089	0.0419304676	-0.0385836084	-0.0815590168	-0.0451842308	0.0351510839	0.081287294	0.0483376736	-0.0316405151	0.0865171538639089	-0.0614917921785148	0.0074852179127112	0.0037812405053256	-0.3156308722742977	-0.0025968431067582	0.099622847532634	6.743594121117729e-06	-1.789017760006594	-0.0693633198235019	3.200584545619011	0.0048112701369374	-0.0301228520174053	-0.0018626514735246	3.469470511823369e-06	0.0009073862136624	0.0121791333800866	-0.0008431068052144	0.0001483312898899	7.108290849988323e-07	0.0009251437371433	-0.0007227292194964	8.558909343754714e-07	5.223375247138757e-07	0.0	0.0	0.0	0.0	0.0	0.0	0.0	0.0	0.0	0.0	0.0	0.0	0.0	0.0	0.0	0.0	0.0	0.0	0.0	0.0	0.0	0.0	0.0	0.0	0.0	0.0	0.0	0.0	0.0	0.0	0.0	0.0	0.0	0.0	0.0	0.0	0.0	0.0	0.0	0.0	0.0	0.0	0.0	0.0	0.0	0.0	0.0	0.0	0.0	0.0	0.0	0.0	0.0	0.0	0.0	0.0	0.0	0.0	0.0	0.0	0.0	0.0	0.0	0.0	0.0	0.0	0.0	0.0	0.0	0.0	0.0	0.0	0.0	0.0	0.0	0.0	0.0	0.0	0.0	0.0	0.0	0.0	0.0	0.0	0.0	0.0	0.0	0.0	0.0	0.0	0.0	0.0	0.0	0.0	0.0	0.0	0.0	0.0	0.0	0.0	0.0	0.0	0.0	0.0
2073.428503661104	-1.8027749971561209	3.249997690371251	4299105.759794325	2972.9803229081003	-6.198742033305734	8838612.000398753	38.42440279547131	2214.688152098553	-6.325789282331698	40.015610044462576	4904843.611045703	2507.4962506712022	1775.61980246432	0.7367679999999999	23.760061	0.1439806330197042	0.0633931250130698	0.0051712432	-0.0078712737	-0.0196160941	0.0117075505	-0.0134035114	-0.0855061319	-0.040133471	0.0266625791	-0.0093273711	-0.0455306119	-0.0212057794	0.0164357168	-0.0183452014	0.0319961051	-0.020518014	0.0015090243	0.0088396606	0.000793568	-0.0163054291	0.0460627235	-0.0395375006	0.0578300317	-0.0417266172	0.0420582837	-0.0183977297	0.0235418135	-0.0124847238	-0.0412907332	-0.0069459724	0.0366849669	-0.0123889566	0.0038925745	-0.0211176768	-0.02630193	0.0192503505	-0.0159147372	-0.015616741	-0.0444392538	0.0429259618	0.0069057419	-0.036288586	-0.0604690221	0.0027204006	-0.0304923854	-0.0701732247	0.0319775217	0.0115481519	-0.0409410156	0.0295635993	0.0280065653	-0.0431595237	-0.0315098826	0.0435542057	0.0137331223	-0.0088835146	-0.0110621014	-0.0173009124	0.041194508	-0.0400821236	-0.0816395852	-0.0422967282	0.0389598496	0.0816093689	0.0433885123	-0.0378279629	0.1063048574280713	0.0197877035641624	0.0113007227128025	0.0003915532123431	-0.3088605154866712	0.0067703567876264	0.0953948180266922	4.583773103176018e-05	-1.7504683512445285	0.0385494087620654	3.064139448708738	0.0014860569159048	-0.0305176419085047	-0.0003947898910993	1.5585905811427509e-07	0.0009313264676557	0.0115015182397939	-0.0006776151402926	0.0001322849218203	4.5916227835389385e-07	0.0004200854904184	-0.0005050582467248	1.7647181926006765e-07	2.550838325848299e-07	0.0	0.0	0.0	0.0	0.0	0.0	0.0	0.0	0.0	0.0	0.0	0.0	0.0	0.0	0.0	0.0	0.0	0.0	0.0	0.0	0.0	0.0	0.0	0.0	0.0	0.0	0.0	0.0	0.0	0.0	0.0	0.0	0.0	0.0	0.0	0.0	0.0	0.0	0.0	0.0	0.0	0.0	0.0	0.0	0.0	0.0	0.0	0.0	0.0	0.0	0.0	0.0	0.0	0.0	0.0	0.0	0.0	0.0	0.0	0.0	0.0	0.0	0.0	0.0	0.0	0.0	0.0	0.0	0.0	0.0	0.0	0.0	0.0	0.0	0.0	0.0	0.0	0.0	0.0	0.0	0.0	0.0	0.0	0.0	0.0	0.0	0.0	0.0	0.0	0.0	0.0	0.0	0.0	0.0	0.0	0.0	0.0	0.0	0.0	0.0	0.0	0.0	0.0	0.0
2078.865467903079	5.436964241975147	29.56058016851639	4321681.633639889	2993.110295024671	20.12997211657057	8958709.238182673	405.2157774139087	2222.597662062872	7.909509964319113	62.56034787566334	4939940.367407345	2522.385957009122	1767.8215311476638	0.759754	24.501341	0.0848222845629519	0.0430986549608061	-0.002578412	-0.0171266881	-0.036381136	0.0028665984	-0.0533473516	-0.1012438175	0.0137233279	-0.0129370099	-0.0604477801	-0.0375263121	-0.0019122733	-0.0121162824	0.0094070768	0.0042408036	-0.017722441	0.021592464	0.0138787371	-0.0062742441	-0.010204071	0.0192008271	-0.0041135266	0.0708663029	0.0019697812	0.00180561	-0.0386114484	-0.027906115	-0.009216429	-0.0322062238	0.0025452663	0.0272207433	-0.041634021	0.0087605761	-0.0138825227	-0.0254305788	0.0118183528	-0.0038066725	-0.013341546	-0.0680752703	0.0419505054	-0.0060945669	-0.0356428408	-0.0754575153	0.0030466729	-0.045966037	-0.0783195693	0.031588472	-0.0089487567	-0.0905317713	-0.0306100987	0.0458979573	0.0222225958	0.0138991798	0.027481641	0.0186859627	0.0088598776	-0.0216332233	0.0333312359	0.0404540309	-0.0415630576	-0.0816395852	-0.0393350228	0.0426618292	0.0816093689	0.0382063093	-0.0437500746	0.1197915445448813	0.01348668711681	0.0143500141444482	0.0001818907293867	-0.3052881304538033	0.0035723850328678	0.0932008425959784	1.276193482305849e-05	-1.7887202085160825	-0.038251857271554	3.1995199843538176	0.0014632045847233	-0.0303991903951767	0.000118451513328	1.4030761009693414e-08	0.0009241107766822	0.0117151687344319	0.0002136504946379	0.0001372451784762	4.564653385906205e-08	0.0006782105852868	0.0002581250948684	4.599695979950638e-07	6.662856460082048e-08	0.0	0.0	0.0	0.0	0.0	0.0	0.0	0.0	0.0	0.0	0.0	0.0	0.0	0.0	0.0	0.0	0.0	0.0	0.0	0.0	0.0	0.0	0.0	0.0	0.0	0.0	0.0	0.0	0.0	0.0	0.0	0.0	0.0	0.0	0.0	0.0	0.0	0.0	0.0	0.0	0.0	0.0	0.0	0.0	0.0	0.0	0.0	0.0	0.0	0.0	0.0	0.0	0.0	0.0	0.0	0.0	0.0	0.0	0.0	0.0	0.0	0.0	0.0	0.0	0.0	0.0	0.0	0.0	0.0	0.0	0.0	0.0	0.0	0.0	0.0	0.0	0.0	0.0	0.0	0.0	0.0	0.0	0.0	0.0	0.0	0.0	0.0	0.0	0.0	0.0	0.0	0.0	0.0	0.0	0.0	0.0	0.0	0.0	0.0	0.0	0.0	0.0	0.0	0.0
2076.807358465867	-2.058109437212352	4.235814455542543	4313128.804177972	2982.939945903577	-10.17034912109375	8897930.720867235	103.4360012449324	2217.654855439157	-4.942806623715114	24.431337319442008	4917993.057852868	2512.435714491184	1825.484148110757	0.844966	27.249361	0.1205378490011795	0.0584318913489865	0.0068094239	-0.0298958995	-0.0010657204	-0.0050781896	0.0087588271	-0.0926575778	-0.019443245	0.0122764459	-0.0367827456	-0.0313520234	0.0133537867	0.0062817298	0.0011663871	0.0176138941	-0.0172754926	0.0135446079	0.0064277109	-0.0083345096	-0.0041128042	0.0069387355	-0.013696356	0.0369433003	-0.0473718589	0.0245674883	-0.0308437582	0.0036781365	0.0082123437	-0.0276309307	-0.012172891	0.0047988022	-0.0176406291	0.0014868435	-0.0177333852	-0.0198213738	0.0097912933	-0.0102600313	-0.0280614966	-0.0352297646	0.0404305074	0.0009659815	-0.0333177994	-0.060858794	-0.0052432159	-0.0266203372	-0.059432227	0.0018782011	-0.0317237534	-0.0525431946	0.0243130653	0.004360016	-0.0524713053	-0.0316952275	0.0136251316	0.0207007289	-0.0111241597	-0.0023875503	-0.001983004	0.0397091175	-0.0430257605	-0.0815590168	-0.0363043104	0.0462468756	0.081287294	0.0328188985	-0.049365311	0.1368291881735928	0.0170376436287114	0.0187222267362444	0.0002902813004189	-0.3154127002973439	-0.0101245698435405	0.0994851715088621	0.0001025069145167	-1.81418129466946	-0.0254610861533775	3.291253769928558	0.0006482669081097	-0.0307827599684587	-0.0003835695732819	1.4712561754773444e-07	0.0009475783112757	0.0113624410964598	-0.0003527276379721	0.0001291050676705	1.244167865893776e-07	0.0013002043615437	0.0006219937762569	1.690531381777261e-06	3.8687625770231865e-07	0.0	0.0	0.0	0.0	0.0	0.0	0.0	0.0	0.0	0.0	0.0	0.0	0.0	0.0	0.0	0.0	0.0	0.0	0.0	0.0	0.0	0.0	0.0	0.0	0.0	0.0	0.0	0.0	0.0	0.0	0.0	0.0	0.0	0.0	0.0	0.0	0.0	0.0	0.0	0.0	0.0	0.0	0.0	0.0	0.0	0.0	0.0	0.0	0.0	0.0	0.0	0.0	0.0	0.0	0.0	0.0	0.0	0.0	0.0	0.0	0.0	0.0	0.0	0.0	0.0	0.0	0.0	0.0	0.0	0.0	0.0	0.0	0.0	0.0	0.0	0.0	0.0	0.0	0.0	0.0	0.0	0.0	0.0	0.0	0.0	0.0	0.0	0.0	0.0	0.0	0.0	0.0	0.0	0.0	0.0	0.0	0.0	0.0	0.0	0.0	0.0	0.0	0.0	0.0
2073.750061954048	-3.057296511819004	9.34706196118065	4300439.319454418	2972.4437262284127	-10.496219675164411	8835421.705594651	110.1706274693085	2215.7943828632306	-1.860472575926451	3.4613582057744043	4909744.7471282445	2505.4333051698804	1804.1460956765288	0.733334	23.649317	0.1448496261586298	0.074728391174481	0.0052763905	-0.0241671441	-0.0091341222	-0.0060245838	-0.0229447911	-0.0878784497	-0.0431644933	0.0130174601	-0.0104212424	-0.067651877	0.0307696058	-0.0019866211	0.0017156479	0.0269224666	-0.0126024687	0.0173512477	-0.0008825396	0.0132840212	0.0309224142	0.0063997926	-0.0334657012	0.0150180072	-0.0313364204	0.0415531106	-0.0145524231	0.0170338437	0.0234476518	-0.0378425495	-0.0083384122	0.0065949742	-0.0079066251	0.015749429	-0.02291506	-0.0124089112	0.0098480528	0.0033890452	-0.0234534265	-0.0401846975	0.0323667603	-0.0005584077	-0.0179948524	-0.0583739261	-0.0126961793	-0.0266682067	-0.0575094165	0.0209235808	-0.0058329381	-0.0569504095	-0.0077505558	0.0384728602	-0.018369046	0.0176199788	0.0354313976	0.0183431205	-0.0044642031	0.0348822941	0.0582441848	0.0389598496	-0.044469591	-0.0813979594	-0.0332099078	0.0497051625	0.0806444153	0.0272552159	-0.0546342852	0.115463698045545	-0.0213654901280477	0.0133318655663527	0.0004564841684117	-0.31969481465174	-0.004282114354396	0.1022047745152103	1.8336503344124887e-05	-1.803295733302804	0.010885561366656	3.2518755017480974	0.0001184954462672	-0.0319922345822722	-0.0012094746138134	1.4628288414593116e-06	0.0010235030735671	0.0108101482444133	-0.0005522928520464	0.0001168593050661	3.050273944216557e-07	0.0008956426212131	-0.0004045617403306	8.021757049334726e-07	1.636702017393238e-07	0.0	0.0	0.0	0.0	0.0	0.0	0.0	0.0	0.0	0.0	0.0	0.0	0.0	0.0	0.0	0.0	0.0	0.0	0.0	0.0	0.0	0.0	0.0	0.0	0.0	0.0	0.0	0.0	0.0	0.0	0.0	0.0	0.0	0.0	0.0	0.0	0.0	0.0	0.0	0.0	0.0	0.0	0.0	0.0	0.0	0.0	0.0	0.0	0.0	0.0	0.0	0.0	0.0	0.0	0.0	0.0	0.0	0.0	0.0	0.0	0.0	0.0	0.0	0.0	0.0	0.0	0.0	0.0	0.0	0.0	0.0	0.0	0.0	0.0	0.0	0.0	0.0	0.0	0.0	0.0	0.0	0.0	0.0	0.0	0.0	0.0	0.0	0.0	0.0	0.0	0.0	0.0	0.0	0.0	0.0	0.0	0.0	0.0	0.0	0.0	0.0	0.0	0.0	0.0
2070.5912051425216	-3.158856811526221	9.9783763557256	4287347.93881356	2993.120007645457	20.676281417044265	8958767.38016754	427.50861323681	2215.547624332048	-0.2467585311824223	0.0608897727113064	4908651.275683383	2521.528063264138	1777.6863158950594	0.701465	22.621593	0.0820521797945643	0.0397327715282759	0.0176458641	-0.0182750724	-0.0202209887	0.0134507452	-0.0033474591	-0.0689814523	0.017528586	-0.0222356303	-0.0170293585	-0.0148528333	-0.0202957028	0.0404756576	-0.039354203	0.0119039187	-0.0001081861	0.0008421045	0.0085696021	0.0012546573	0.0046150039	0.0211618986	-0.008980173	0.0254731921	-0.031901558	-0.0075050846	-0.0136229477	-0.0307169718	-0.0125278971	-0.0019376697	0.0328286373	0.0372555139	-0.0509053436	-0.0013695729	-0.023310903	-0.0060347027	0.0066635081	0.016038951	-0.0175473691	-0.0183906114	0.0347836988	-0.0071941952	-0.0188849799	-0.0669768344	-0.0257523825	-0.018079915	-0.0578333672	0.0130491506	0.0117792792	-0.0568838566	-0.0208153743	0.0218446994	-0.0245891682	0.0131608702	0.0280512967	0.0183395111	-0.0096672395	-0.0205221056	0.040696901	0.0382063093	-0.0458939156	-0.0811565722	-0.0300572439	0.0530272111	0.0796832699	0.0215451443	-0.0595200392	0.105691241858878	-0.009772456186667	0.0111706386056718	9.550089992032611e-05	-0.3473932118714486	-0.0276983972197086	0.1206820436543611	0.0007672012085407	-1.7909816487625605	0.0123140845402434	3.20761526620426	0.0001516366780642	-0.0320010982385671	-8.863656294905153e-06	7.856440291421174e-11	0.0010240702884744	0.0102313921072969	-0.0005787561371164	0.0001046813844532	3.3495866624989866e-07	0.0008379175776655	-5.77250435476e-05	7.021058669608193e-07	3.332180652572316e-09	0.0	0.0	0.0	0.0	0.0	0.0	0.0	0.0	0.0	0.0	0.0	0.0	0.0	0.0	0.0	0.0	0.0	0.0	0.0	0.0	0.0	0.0	0.0	0.0	0.0	0.0	0.0	0.0	0.0	0.0	0.0	0.0	0.0	0.0	0.0	0.0	0.0	0.0	0.0	0.0	0.0	0.0	0.0	0.0	0.0	0.0	0.0	0.0	0.0	0.0	0.0	0.0	0.0	0.0	0.0	0.0	0.0	0.0	0.0	0.0	0.0	0.0	0.0	0.0	0.0	0.0	0.0	0.0	0.0	0.0	0.0	0.0	0.0	0.0	0.0	0.0	0.0	0.0	0.0	0.0	0.0	0.0	0.0	0.0	0.0	0.0	0.0	0.0	0.0	0.0	0.0	0.0	0.0	0.0	0.0	0.0	0.0	0.0	0.0	0.0	0.0	0.0	0.0	0.0
2069.03021797272	-1.5609871698015922	2.436680944285185	4280886.042884242	3011.344204872533	18.22419722707582	9068193.920219388	332.121364571358	2220.312399067404	4.764774735355786	22.703078278684803	4929787.149452451	2532.7915494521217	1771.008695966838	0.8738559999999999	28.181034	0.3154806284262029	0.2015256005706076	-0.0097560937	0.0057234511	0.0093835745	-0.0118701745	-0.0433436529	-0.0390642975	0.0590362531	-0.0397573298	-0.0732507798	0.081896874	-0.0438967704	-0.0519201509	-0.0287038918	-0.0029576898	-0.0103051533	0.0197329561	-0.0103019143	-0.0188840456	0.0331610981	-0.032399425	0.0024318675	0.0005860047	-0.0397534069	-0.0411624993	-0.0325017079	-0.0945799078	-0.0156882991	0.0849063915	0.0177838318	0.0162869898	-0.0206076476	-0.0192925695	0.0210810989	0.0027981493	0.0052953449	-0.0256269544	-0.0259588328	-0.028456621	0.0273302932	-0.0085548694	0.0047652592	0.0049616458	-0.0449731651	-0.0261307931	-0.0299179657	-0.0143836716	-0.0428569068	-0.089234176	-0.0398341596	0.0386187044	-0.0124511832	0.0298987914	-0.0086184566	-0.0021465691	-0.0073215309	-0.0064654862	0.0107651385	0.0374485793	-0.0472981097	-0.0808350932	-0.0268518493	0.0562039158	0.0784076511	0.0157193527	-0.0639883028	0.0859584780367441	-0.0197327638221339	0.0073888599463934	0.0003893819680601	-0.3280578702060381	0.0193353416654105	0.1076219662041217	0.0003738554373181	-1.980809023543749	-0.1898273747811885	3.923604387752341	0.0360344322163177	-0.0334449589492592	-0.0014438607106921	2.084733751880298e-06	0.0011185652791176	0.0102401951736545	8.803066357599906e-06	0.0001048615971945	7.749397729630729e-11	0.0005588783915658	-0.0002790391860997	3.123450565591757e-07	7.786286737918303e-08	0.0	0.0	0.0	0.0	0.0	0.0	0.0	0.0	0.0	0.0	0.0	0.0	0.0	0.0	0.0	0.0	0.0	0.0	0.0	0.0	0.0	0.0	0.0	0.0	0.0	0.0	0.0	0.0	0.0	0.0	0.0	0.0	0.0	0.0	0.0	0.0	0.0	0.0	0.0	0.0	0.0	0.0	0.0	0.0	0.0	0.0	0.0	0.0	0.0	0.0	0.0	0.0	0.0	0.0	0.0	0.0	0.0	0.0	0.0	0.0	0.0	0.0	0.0	0.0	0.0	0.0	0.0	0.0	0.0	0.0	0.0	0.0	0.0	0.0	0.0	0.0	0.0	0.0	0.0	0.0	0.0	0.0	0.0	0.0	0.0	0.0	0.0	0.0	0.0	0.0	0.0	0.0	0.0	0.0	0.0	0.0	0.0	0.0	0.0	0.0	0.0	0.0	0.0	0.0
2075.308542914866	6.2783249421459	39.41736407917132	4306905.548295424	2988.07091771176	-23.273287160772725	8928567.8092748	541.6458952677885	2220.2729338939057	-0.0394651734982289	0.0015574999192453	4929611.900981852	2512.28672269608	1802.5191997932989	0.8682149999999998	27.999098	0.2261455859512752	0.137369046175463	-0.0014049328	-0.0197859577	0.0293445192	0.0017660761	0.0044129227	-0.0312301829	-0.0298338594	0.1036655419	-0.0061256127	-0.0084849503	0.0200057549	0.0082872608	-0.0379211159	-0.0039021419	-0.0090915061	0.0312423983	0.0059823131	-0.0314060359	-0.0051921975	-0.0257469438	-0.0103872172	-0.0385929504	-0.0128939629	0.0261128278	-0.0364371496	0.0892969485	0.0350898695	0.0143574926	-0.0175657976	-0.0118460144	0.0282527869	-0.0030706308	-0.0140812097	0.0091062844	-0.0044600374	-0.0056965562	-0.0450145642	-0.0018355955	0.005755127	-0.0157404499	0.017088465	0.0153792714	-0.0706754225	-0.0170854299	-0.0037056127	-0.0237301476	-0.0275501385	-0.0459593125	-0.0017793484	0.0328272314	-0.0698906106	-0.0151643857	-0.0081299719	-0.0038578756	-0.0481188818	0.0121500952	0.0235535803	0.0366867426	-0.0486815572	-0.0804338397	-0.0235993474	0.0592265694	0.0768225931	0.0098091318	-0.0680077345	0.1137627600035955	0.0278042819668514	0.0129419655636356	0.0007730780956921	-0.3565648474661742	-0.028506977260136	0.127138490448576	0.0008126477525099	-1.976894728531441	0.0039142950123078	3.9081127676954	1.5321705443378417e-05	-0.0356804746530881	-0.0022355157038288	4.997530462065615e-06	0.0012730962714696	0.0096514405655723	-0.0005887546080821	9.315030499077457e-05	3.466319885380244e-07	0.0010530087138943	0.0004941303223285	1.108827351537328e-06	2.441647754444673e-07	0.0	0.0	0.0	0.0	0.0	0.0	0.0	0.0	0.0	0.0	0.0	0.0	0.0	0.0	0.0	0.0	0.0	0.0	0.0	0.0	0.0	0.0	0.0	0.0	0.0	0.0	0.0	0.0	0.0	0.0	0.0	0.0	0.0	0.0	0.0	0.0	0.0	0.0	0.0	0.0	0.0	0.0	0.0	0.0	0.0	0.0	0.0	0.0	0.0	0.0	0.0	0.0	0.0	0.0	0.0	0.0	0.0	0.0	0.0	0.0	0.0	0.0	0.0	0.0	0.0	0.0	0.0	0.0	0.0	0.0	0.0	0.0	0.0	0.0	0.0	0.0	0.0	0.0	0.0	0.0	0.0	0.0	0.0	0.0	0.0	0.0	0.0	0.0	0.0	0.0	0.0	0.0	0.0	0.0	0.0	0.0	0.0	0.0	0.0	0.0	0.0	0.0	0.0	0.0
2065.172163464028	-10.13637945083792	102.74618837136929	4264936.064746694	2983.8581507632607	-4.212766948499393	8903409.463876346	17.747405362368887	2217.6759344984443	-2.596999395461353	6.744405860026632	4918086.550453548	2517.4070207762934	1745.51367685968	0.964018	31.088655	0.332874767576731	0.1697784925123689	-0.0338674728	0.0369360564	0.0467266696	-0.0270037502	-0.0577259216	0.034195738	0.0083142695	-0.0499363467	0.0130429084	0.016443156	0.0186739877	0.0437359615	-0.0167015018	0.0043246236	-0.0080270697	0.0189284838	-0.0261036792	-0.0463354176	-0.0028578235	-0.0361164838	0.0315689877	-0.0023367791	0.011705937	-0.0051182693	0.000387614	-0.0349215191	0.0183645309	0.0309386847	0.0578515386	0.0090421108	0.0102956072	0.0136049708	-0.0437204224	0.0133309708	0.0081729804	-0.0548633896	-0.0269808438	-0.0176071643	0.0003333326	-0.0182573696	0.0219374958	0.0719052287	-0.0518895369	0.0139203465	0.0135091635	0.0336770586	0.0107743527	-0.0392490709	-0.0290148347	0.0877620123	-0.0408815546	0.0188036652	0.0027309453	-0.0281750979	-0.0506892311	0.0359373565	0.0282501569	0.0359208828	-0.0500436514	-0.0799532077	-0.0203054443	0.0620868871	0.0749343514	0.0038462256	-0.0715501408	0.0341848887941296	-0.0795778712094659	0.001168606621867	0.0063326375862303	-0.3445813280268766	0.0119835194392975	0.1187362916247659	0.000143604738152	-2.0953314325039685	-0.1184367039725273	4.3904138120391325	0.014027252847876	-0.0354206366568125	0.0002598379962756	6.751578430852004e-08	0.0012546215011739	0.0087287774273354	-0.0009226631382369	7.619155537596e-05	8.513072666611648e-07	-0.000222023610702	-0.0012750323245963	4.929448370915325e-08	1.6257074287654448e-06	0.0	0.0	0.0	0.0	0.0	0.0	0.0	0.0	0.0	0.0	0.0	0.0	0.0	0.0	0.0	0.0	0.0	0.0	0.0	0.0	0.0	0.0	0.0	0.0	0.0	0.0	0.0	0.0	0.0	0.0	0.0	0.0	0.0	0.0	0.0	0.0	0.0	0.0	0.0	0.0	0.0	0.0	0.0	0.0	0.0	0.0	0.0	0.0	0.0	0.0	0.0	0.0	0.0	0.0	0.0	0.0	0.0	0.0	0.0	0.0	0.0	0.0	0.0	0.0	0.0	0.0	0.0	0.0	0.0	0.0	0.0	0.0	0.0	0.0	0.0	0.0	0.0	0.0	0.0	0.0	0.0	0.0	0.0	0.0	0.0	0.0	0.0	0.0	0.0	0.0	0.0	0.0	0.0	0.0	0.0	0.0	0.0	0.0	0.0	0.0	0.0	0.0	0.0	0.0
2072.610810737074	7.438647273046172	55.33347325279725	4295715.572784192	2995.680419921875	11.82226915861429	8974101.178303301	139.76604805872265	2225.747822815206	8.071888316761488	65.1553809982706	4953953.3707666285	2527.494161277379	1759.1049280433017	0.932259	30.064463	0.6360460719347685	0.3183775882156494	-0.0423553315	0.0818893287	0.0784382998	-0.0604540791	0.0071233729	0.09314336	0.0350534894	-0.0594016655	-0.0491440274	0.090754119	-0.020284274	0.029531917	-0.0118553579	-0.0221941783	-0.0031420701	0.0084231845	-0.0474019571	-0.0764802248	0.0015132246	-0.0477581613	0.0776871993	-0.0172521543	-0.0046467682	-0.0331945323	-0.0049242966	-0.0636334435	0.0316416701	0.0907461956	0.0509973346	0.0029110522	0.0376002882	0.0090533978	-0.0412979382	0.0258125888	0.01349665	-0.1067462998	0.0012114987	0.00517765	-0.0104841341	-0.018744409	0.0047904038	0.1326778766	-0.0421274722	0.0676819745	0.0710875804	0.0695243845	-0.0005665117	-0.003604471	-0.0292468338	0.0383712257	-0.0118539827	-0.092237492	0.0222555745	0.0005146187	0.0270784793	-0.0251030848	-0.0299015066	0.0351510839	-0.0513837948	-0.0793936715	-0.0169759185	0.064777029	0.0727503781	-0.0021373389	-0.0745906743	-0.0106983390828361	-0.0448832278769657	0.0001144544591313	0.0020145041446556	-0.3014923411727608	0.0430889868541157	0.0908976317858323	0.0018566607881141	-2.2709636093387005	-0.1756321768347319	5.157275714940658	0.0308466615397065	-0.0332953036391564	0.002125333017656	4.51704043593918e-06	0.0011085772444236	0.0058230859228556	-0.0029056915044798	3.390832966495905e-05	8.443043119206084e-06	-0.0026398326959452	-0.0024178090852432	6.968716662581302e-06	5.84580077268456e-06	0.0	0.0	0.0	0.0	0.0	0.0	0.0	0.0	0.0	0.0	0.0	0.0	0.0	0.0	0.0	0.0	0.0	0.0	0.0	0.0	0.0	0.0	0.0	0.0	0.0	0.0	0.0	0.0	0.0	0.0	0.0	0.0	0.0	1.0	0.0	0.0	0.0	0.0	0.0	0.0	0.0	0.0	0.0	0.0	0.0	0.0	0.0	0.0	0.0	0.0	0.0	0.0	0.0	0.0	0.0	0.0	0.0	0.0	0.0	0.0	0.0	0.0	0.0	0.0	0.0	0.0	0.0	0.0	0.0	0.0	0.0	0.0	0.0	0.0	0.0	0.0	0.0	0.0	0.0	0.0	0.0	0.0	0.0	0.0	0.0	0.0	0.0	0.0	0.0	0.0	0.0	0.0	0.0	0.0	0.0	0.0	0.0	0.0	0.0	0.0	0.0	0.0	0.0	0.0
2081.5816393470946	8.970828610020362	80.47576595035987	4332982.121266938	3003.253571841591	7.573151919716111	9019532.016779276	57.35262999909981	2225.6068828632306	-0.1409399519752696	0.0198640700627913	4953325.997048186	2526.631889228014	1778.7877876878451	1.038854	33.502052	0.8132832764374641	0.3543984626683643	0.0083736522	0.0431536537	0.0541677588	0.0175010362	0.0552826081	0.0460496527	0.0105399106	0.1112061988	0.0629565371	0.0062870343	-0.0251889568	-0.0111830232	-0.015796821	-0.0253459649	-0.0105659358	0.0231784502	0.0046016135	-0.0435758604	-0.0025670727	-0.0484675275	0.0447282804	0.0082669809	0.0232750342	-0.0125557941	0.0044282724	0.1071633635	0.0160017409	0.0398079052	0.0097973335	-0.0259044172	-4.79244e-05	-0.0036833679	-0.0282114742	0.0392196192	0.0094739117	-0.0267720268	-0.0129237906	0.0772783234	-0.0138062625	-0.0018448918	0.0392213479	0.0678385131	-0.0862032045	0.0457048028	0.0219165924	0.0628117326	0.0164933006	0.0280024799	-0.074427643	-0.0196429094	0.0305582714	-0.0965299446	0.0640274364	0.0170793515	0.0386359544	0.013420713	0.0058974849	0.0343774302	-0.0527013995	-0.0787557834	-0.0136166111	0.0672896215	0.0702792922	-0.0081094236	-0.0771080077	-0.1444420059877273	-0.1337436669048912	0.0208634930937586	0.0178873684371664	-0.3309560866610326	-0.0294637454882717	0.1095319312979849	0.0008681122981976	-2.0342352179991394	0.236728391339561	4.138112922148006	0.0560403312662163	-0.0361238329728277	-0.0028285293336713	8.00057819143902e-06	0.0013049313086487	0.0032357381151113	-0.0025873478077442	1.0470001149584029e-05	6.694368678239233e-06	-0.0054909050086244	-0.0028510723126792	3.015003781373652e-05	8.12861333212592e-06	0.0	0.0	0.0	0.0	0.0	0.0	0.0	0.0	0.0	0.0	0.0	0.0	0.0	0.0	0.0	0.0	0.0	0.0	0.0	0.0	0.0	0.0	0.0	0.0	0.0	0.0	0.0	0.0	0.0	0.0	0.0	0.0	0.0	0.0	1.0	0.0	0.0	0.0	0.0	0.0	0.0	0.0	0.0	0.0	0.0	0.0	0.0	0.0	0.0	0.0	0.0	0.0	0.0	0.0	0.0	0.0	0.0	0.0	0.0	0.0	0.0	0.0	0.0	0.0	0.0	0.0	0.0	0.0	0.0	0.0	0.0	0.0	0.0	0.0	0.0	0.0	0.0	0.0	0.0	0.0	0.0	0.0	0.0	0.0	0.0	0.0	0.0	0.0	0.0	0.0	0.0	0.0	0.0	0.0	0.0	0.0	0.0	0.0	0.0	0.0	0.0	0.0	0.0	0.0
2076.702506073878	-4.879133273216667	23.805941497809982	4312693.298733525	2999.581583444696	-3.671988396894904	8997489.67574059	13.483498786930802	2223.458155776515	-2.148727086715553	4.617028093185108	4943766.170489102	2531.2657411696327	1803.389436327545	0.814821	26.277212	0.1550513905762393	0.0738402272800983	-0.0065505506	0.0484545082	0.0914774903	-0.0368727228	0.0794736799	0.0605487183	0.0447921795	-0.0530055113	-0.0186503262	0.0009443239	0.0264785692	0.0446126631	0.001003569	-0.0198258011	0.0008399688	0.0003062382	0.0334155544	-0.0515353436	0.0115650711	-0.0423781092	0.0530815093	0.0083256645	-0.0292347476	-0.042705569	0.002722809	-0.0343178351	0.0175227893	0.0354013112	0.0277457284	-0.0150935955	-0.0085423266	0.0353256366	-0.0659421781	0.0438153615	0.0073231756	-0.0407092015	-0.0016567434	0.0748928676	-0.0151690048	-0.0064669216	0.0396469515	0.0771543934	-0.089009199	0.0555809612	0.0324750161	0.0687092082	0.0529798569	0.0422625194	-0.0727127735	-0.0448498844	0.014846828	-0.059105905	0.0510789901	0.0237630986	0.0291459411	0.0093208235	0.0168830968	0.0336000067	-0.0539958877	-0.0780401729	-0.0102334157	0.0696177779	0.0675308461	-0.0140379523	-0.0790844839	-0.1648936479551963	-0.0204516419674689	0.0271899151359722	0.0004182696591655	-0.3024143276005304	0.0285417590605022	0.0914544255380809	0.0008146320102677	-2.0532803504286576	-0.0190451324295182	4.215960197456431	0.0003627170692578	-0.0354885022950527	0.0006353306777749	4.036450701220399e-07	0.0012594337951459	0.0023940052250899	-0.0008417328900213	5.731261017757743e-06	7.08514258143778e-07	-0.0052277114340458	0.0002631935745786	2.732896683765319e-05	6.927085769946113e-08	0.0	0.0	0.0	0.0	0.0	0.0	0.0	0.0	0.0	0.0	0.0	0.0	0.0	0.0	0.0	0.0	0.0	0.0	0.0	0.0	0.0	0.0	0.0	0.0	0.0	0.0	0.0	0.0	0.0	0.0	0.0	0.0	0.0	0.0	0.0	0.0	0.0	0.0	0.0	0.0	0.0	0.0	0.0	0.0	0.0	0.0	0.0	0.0	0.0	0.0	0.0	0.0	0.0	0.0	0.0	0.0	0.0	0.0	0.0	0.0	0.0	0.0	0.0	0.0	0.0	0.0	0.0	0.0	0.0	0.0	0.0	0.0	0.0	0.0	0.0	0.0	0.0	0.0	0.0	0.0	0.0	0.0	0.0	0.0	0.0	0.0	0.0	0.0	0.0	0.0	0.0	0.0	0.0	0.0	0.0	0.0	0.0	0.0	0.0	0.0	0.0	0.0	0.0	0.0
2074.0090766072594	-2.693429466618454	7.25456229164857	4301513.649849297	3003.375084164268	3.7935007195719663	9020261.896178724	14.390647709393026	2221.9021683069536	-1.5559874695613871	2.4210970054320486	4936849.245527142	2528.0491001094574	1801.67742641172	0.695315	22.42325	0.0843595121488123	0.0405477792490568	-0.0016651663	0.0435372295	0.0693486163	-0.037605586	0.0536819741	0.0589908326	0.0280088178	0.0060903401	0.0118107701	0.0354712105	0.052653146	0.0256039972	-0.010715221	-0.0206114595	-0.0085444696	0.0378438215	0.0092876628	-0.0338287359	0.0253909155	-0.06990893	0.0335127639	-0.0185302392	-0.0372865807	-0.032672778	-0.0022658322	0.0037404376	0.041034837	0.0496291693	0.0232740927	-0.0334410357	0.0125614468	0.0226779816	-0.0366168811	0.0436026841	0.009570942	-0.0341315636	-0.0011942709	0.073076584	-0.0179112423	-0.0108518199	0.0468040029	0.0557019154	-0.0824837966	0.0389433911	0.026509017	0.0484348874	0.0378714964	0.0106808993	-0.1047636427	-0.0773744543	0.0333488078	-0.026362794	0.0116754907	0.0426042668	0.0221604579	-0.0072094823	0.0314051996	0.0328188985	-0.0552666915	-0.0772475461	-0.0068322673	0.0717551168	0.0645158866	-0.0198910824	-0.0805062393	-0.1729674244108423	-0.008073776455646	0.0299177299073204	6.51858662557441e-05	-0.3290217910001587	-0.0266074633996283	0.1082553389529521	0.0007079571085625	-2.0768135923539504	-0.0235332419252927	4.31315469738612	0.0005538134755143	-0.0352645981854031	0.0002239041096496	5.013305031798271e-08	0.0012435918851779	0.0021009221537646	-0.0002930830713253	4.413873896178885e-06	8.589768669747102e-08	-0.0052336248604358	-5.913426390000316e-06	2.7390829179771645e-05	3.4968611669952166e-11	0.0	0.0	0.0	0.0	0.0	0.0	0.0	0.0	0.0	0.0	0.0	0.0	0.0	0.0	0.0	0.0	0.0	0.0	0.0	0.0	0.0	0.0	0.0	0.0	0.0	0.0	0.0	0.0	0.0	0.0	0.0	0.0	0.0	0.0	0.0	0.0	0.0	0.0	0.0	0.0	0.0	0.0	0.0	0.0	0.0	0.0	0.0	0.0	0.0	0.0	0.0	0.0	0.0	0.0	0.0	0.0	0.0	0.0	0.0	0.0	0.0	0.0	0.0	0.0	0.0	0.0	0.0	0.0	0.0	0.0	0.0	0.0	0.0	0.0	0.0	0.0	0.0	0.0	0.0	0.0	0.0	0.0	0.0	0.0	0.0	0.0	0.0	0.0	0.0	0.0	0.0	0.0	0.0	0.0	0.0	0.0	0.0	0.0	0.0	0.0	0.0	0.0	0.0	0.0
2071.766477501113	-2.242599106146372	5.029250750888506	4292216.33729737	3003.6127200478	0.237635883531766	9021689.372032944	0.056470813141923	2223.995462260721	2.093293953767443	4.381879576879333	4946155.816156278	2529.6857063777497	1762.228268338848	0.8094989999999999	26.105583	0.1981031610697443	0.1247363936559779	-0.0283446807	0.0672326626	0.0756898745	-0.0454186682	0.055437704	0.0914773994	0.0487342962	-0.0406851788	0.0079254668	0.081879527	0.0042960527	-0.0027212997	-0.0099454024	-0.0288514855	0.0049313807	0.0091561678	-0.0178148853	-0.0576336903	0.044899982	-0.0979901594	0.0166746862	-0.0128472638	-0.0535015576	-0.0436786895	0.008832466	-0.0419422818	0.0280398848	0.0941114213	0.0329950067	-0.0108777048	0.0127195056	-0.000573928	-0.0340657552	0.0394834638	0.0010420478	-0.0684192945	-0.0097384023	0.0660060915	-0.0469555998	-0.0377474529	0.0452308847	0.0962868798	-0.0886164628	0.0616084741	0.061550499	0.0562082871	0.0357204364	0.0220930216	-0.0606677438	-0.101342758	-0.0231134743	-0.07260044	0.0276081789	0.0367013944	0.0180398535	-0.0028379544	-0.0096176107	0.0320341914	-0.0565132535	-0.0763786853	-0.0034191328	0.0736957799	0.0612463124	-0.0256373767	-0.0813633012	-0.1724042440815907	0.0005631803292516	0.0297232233773446	3.1717208325596585e-07	-0.3548334388614478	-0.025811647861289	0.1259067693342408	0.0006662411653151	-2.1795639606820743	-0.1027503683281239	4.750499058704131	0.0105576381915651	-0.0351551304366327	0.0001094677487703	1.1983188020858291e-08	0.0012358831960166	0.0014372717237898	-0.0006636504299747	2.065750008005703e-06	4.404318932057368e-07	-0.0046271837481594	0.0006064411122764	2.1410829439230477e-05	3.677708226590373e-07	0.0	0.0	0.0	0.0	0.0	0.0	0.0	0.0	0.0	0.0	0.0	0.0	0.0	0.0	0.0	0.0	0.0	0.0	0.0	0.0	0.0	0.0	0.0	0.0	0.0	0.0	0.0	0.0	0.0	0.0	0.0	0.0	0.0	0.0	0.0	0.0	0.0	0.0	0.0	0.0	0.0	0.0	0.0	0.0	0.0	0.0	0.0	0.0	0.0	0.0	0.0	0.0	0.0	0.0	0.0	0.0	0.0	0.0	0.0	0.0	0.0	0.0	0.0	0.0	0.0	0.0	0.0	0.0	0.0	0.0	0.0	0.0	0.0	0.0	0.0	0.0	0.0	0.0	0.0	0.0	0.0	0.0	0.0	0.0	0.0	0.0	0.0	0.0	0.0	0.0	0.0	0.0	0.0	0.0	0.0	0.0	0.0	0.0	0.0	0.0	0.0	0.0	0.0	0.0
2068.1737373601736	-3.5927401409394406	12.907781720317551	4277342.607906348	2995.396502364309	-8.216217683490868	8972400.206376337	67.50623302250804	2216.5339128238297	-7.461549436891346	55.67471999917356	4913022.586698117	2516.035815466567	1765.1781802129478	0.8761729999999999	28.255745	0.564209589481435	0.2981559374834265	-0.0032300862	0.0256878911	0.0584156823	-0.0246877499	0.0362916821	0.0710688644	0.0016714029	0.0738487906	0.0287814137	0.0082225553	0.0335206731	0.0189266198	-0.0279814123	-0.0075738097	0.0168929653	0.0197087998	-0.0247295514	-0.0310798761	0.0187059568	-0.0659752373	0.0102266612	-0.0467736884	-0.0174340946	-0.0003082089	0.0060329847	0.0671332768	0.0399828087	0.0387578147	0.0087597096	-0.0098160276	0.0275482546	-0.0152369216	-0.0418049128	0.0341884771	-0.009601237	-0.001587511	-0.0129487954	0.0556973338	-0.0224887386	-0.0114085745	0.0490970181	0.0640927342	-0.0684384832	0.0413922944	0.0517953662	0.0148400725	0.0450538655	0.0264106341	-0.053519523	-0.0332300264	-0.0001551537	0.0257524091	0.0013610003	0.0611082628	0.0182271637	0.0024292246	0.0425411565	0.0312459714	-0.0577350269	-0.0754344479	-0.0	0.0754344479	0.0577350269	-0.0312459714	-0.0816496581	0.018194646218447	0.1905988903000376	0.0003310451510144	0.0363279369836058	-0.3266218120017612	0.0282116268596865	0.1066818080753138	0.0007958958900701	-2.0456203622102933	0.1339435984717809	4.184562666289372	0.0179408875715696	-0.0355784550545381	-0.0004233246179053	1.792037321247497e-07	0.0012658264640677	0.0018169379803549	0.000379666256565	3.3012636244561427e-06	1.441464663741563e-07	-0.0012010651456313	0.0034261186025281	1.442557484050336e-06	1.1738288678589102e-05	0.0	0.0	0.0	0.0	0.0	0.0	0.0	0.0	0.0	0.0	0.0	0.0	0.0	0.0	0.0	0.0	0.0	0.0	0.0	0.0	0.0	0.0	0.0	0.0	0.0	0.0	0.0	0.0	0.0	0.0	0.0	0.0	0.0	0.0	0.0	1.0	0.0	0.0	0.0	0.0	0.0	0.0	0.0	0.0	0.0	0.0	0.0	0.0	0.0	0.0	0.0	0.0	0.0	0.0	0.0	0.0	0.0	0.0	0.0	0.0	0.0	0.0	0.0	0.0	0.0	0.0	0.0	0.0	0.0	0.0	0.0	0.0	0.0	0.0	0.0	0.0	0.0	0.0	0.0	0.0	0.0	0.0	0.0	0.0	0.0	0.0	0.0	0.0	0.0	0.0	0.0	0.0	0.0	0.0	0.0	0.0	0.0	0.0	0.0	0.0	0.0	0.0	0.0	0.0
2070.1983639794453	2.024626619271657	4.099112947463381	4285721.266223172	2993.5178039550783	-1.8786984092307648	8961148.842596035	3.5295077128462062	2222.3638107497973	5.829897925967543	33.98770982720067	4938900.90733036	2523.706966711315	1745.7170621946536	0.935049	30.154434	0.4462490633572241	0.2333942061025431	-0.001573541	-0.0170239735	0.0180234165	0.0043849763	-0.0277188782	0.0079304595	0.0246844436	-0.0395613486	0.0245777916	-0.0063387902	0.066241282	0.0042105229	-0.0083695719	-0.0263786189	0.020275465	0.0022920017	-0.0274711484	-0.0240984893	-0.0007496254	-0.0370667087	-0.0087463979	-0.0306453094	0.0036638037	-0.028258641	0.0235555613	-0.0120040845	0.0398074519	0.0228095034	0.0236498424	-0.0086899751	0.0255416584	0.0373233257	-0.0229586106	0.0239178926	-0.0285668869	0.0244213461	-0.0451728406	0.0166662193	-0.0121952099	-0.0155948882	0.0278634801	0.0516021166	-0.0611153616	-0.0096839485	0.0438933359	-0.0397598661	-0.0104021643	-0.0135696641	0.0052609998	-0.0070218791	0.0030828681	0.0114632702	-0.0308762665	0.0386806505	-0.018665583	-0.0336870013	0.0332699735	0.0304543249	-0.0589314758	-0.0744157659	0.0034191328	0.0769663555	0.0539958877	-0.0366867426	-0.0813633012	0.1498015580477272	0.1316069118292802	0.0224405067935265	0.0173203792412399	-0.3469290890989214	-0.0203072770971601	0.1203597928630073	0.0004123855031008	-2.052702681531727	-0.0070823193214337	4.213588298767543	5.015924697075413e-05	-0.0350184228111479	0.0005600322433901	3.1363611363665895e-07	0.0012262899361803	0.0054302127870411	0.0036132748066862	2.9487210912544676e-05	1.3055754828633197e-05	0.0003706789064793	0.0015717440521106	1.3740285170868964e-07	2.4703793653450487e-06	0.0	0.0	0.0	0.0	0.0	0.0	0.0	0.0	0.0	0.0	0.0	0.0	0.0	0.0	0.0	0.0	0.0	0.0	0.0	0.0	0.0	0.0	0.0	0.0	0.0	0.0	0.0	0.0	0.0	0.0	0.0	0.0	0.0	0.0	0.0	0.0	0.0	0.0	0.0	0.0	0.0	0.0	0.0	0.0	0.0	0.0	0.0	0.0	0.0	0.0	0.0	0.0	0.0	0.0	0.0	0.0	0.0	0.0	0.0	0.0	0.0	0.0	0.0	0.0	0.0	0.0	0.0	0.0	0.0	0.0	0.0	0.0	0.0	0.0	0.0	0.0	0.0	0.0	0.0	0.0	0.0	0.0	0.0	0.0	0.0	0.0	0.0	0.0	0.0	0.0	0.0	0.0	0.0	0.0	0.0	0.0	0.0	0.0	0.0	0.0	0.0	0.0	0.0	0.0
2068.8768940954515	-1.3214698839938137	1.7462826543026235	4280251.602922042	2998.216485595703	4.698681640624727	8989302.094497848	22.07760915994388	2222.616145939022	0.2523351892245955	0.0636730477210124	4940022.532188831	2527.0990600585938	1751.0691065500569	0.710209	22.903564	0.2004850042544224	0.102008222852527	-0.0228641737	-0.0232241007	0.0347563245	-0.0035637361	-0.0270892052	0.0154978651	0.0365997056	-0.0252455435	-0.0026749381	0.0383297714	0.0225875158	0.0181377934	-0.0339745453	-0.0291347659	0.0154873668	0.0001311919	-0.0180364864	-0.033620738	0.0286629577	-0.0629718966	0.0218498665	-0.0273497712	-0.0468895872	-0.0388386683	0.0031268434	-0.0318250574	0.0282270992	0.058992205	0.0038625929	0.0136888575	0.0128585102	0.0039389858	-0.0272038201	0.0219770123	-0.0380559051	0.0226831724	-0.0522960556	0.0057484807	-0.0228837891	-0.0216666176	0.0364901453	0.0730345618	-0.0744135876	-0.0077167355	0.0741686328	-0.0367173859	-0.0028172181	0.0098895174	0.0258547615	-0.0019315611	-0.0051698271	0.0180533494	-0.0523474382	0.0266376068	-0.025046304	-0.0177753351	0.0350368328	0.0296593388	-0.0601020755	-0.0733236445	0.0068322673	0.0782873035	0.0500436514	-0.0419304676	-0.0805062393	0.2023731200850562	0.0525715620373289	0.0409548797329605	0.0027637691350447	-0.3559847824763551	-0.0090556933774337	0.1267251653547378	8.200558254609705e-05	-2.068719411588667	-0.0160167300569398	4.27960000388376	0.0002565356417168	-0.0358680549982202	-0.0008496321870722	7.218748533092566e-07	0.0012865173693553	0.0047733695678888	-0.0006568432191523	2.2785057031646908e-05	4.314430145463568e-07	0.0013210238759091	0.0009503449694298	1.7451040807219012e-06	9.031555609205276e-07	0.0	0.0	0.0	0.0	0.0	0.0	0.0	0.0	0.0	0.0	0.0	0.0	0.0	0.0	0.0	0.0	0.0	0.0	0.0	0.0	0.0	0.0	0.0	0.0	0.0	0.0	0.0	0.0	0.0	0.0	0.0	0.0	0.0	0.0	0.0	0.0	0.0	0.0	0.0	0.0	0.0	0.0	0.0	0.0	0.0	0.0	0.0	0.0	0.0	0.0	0.0	0.0	0.0	0.0	0.0	0.0	0.0	0.0	0.0	0.0	0.0	0.0	0.0	0.0	0.0	0.0	0.0	0.0	0.0	0.0	0.0	0.0	0.0	0.0	0.0	0.0	0.0	0.0	0.0	0.0	0.0	0.0	0.0	0.0	0.0	0.0	0.0	0.0	0.0	0.0	0.0	0.0	0.0	0.0	0.0	0.0	0.0	0.0	0.0	0.0	0.0	0.0	0.0	0.0
2068.132089978817	-0.744804116634441	0.55473317215561	4277170.34160015	2993.659221448396	-4.557264147307251	8961995.534163015	20.76865650833208	2219.4971458798364	-3.1190000591855096	9.728161369199212	4926167.580568739	2519.2209507691537	1766.522640351876	0.81065	26.142685	0.3644911534676501	0.171021583361961	0.0010499828	-0.0620590897	-0.0092820985	-0.0037220253	-0.0168635534	-0.0352317425	0.0103952757	0.046138922	-0.0022329482	-0.0043758323	0.0292405751	0.0130640863	-0.0390988114	-0.0176888888	0.0122823381	0.006312722	-0.0119392935	-0.0027411248	0.0041423757	-0.0350570575	-0.0028998225	-0.0072208804	0.0017887552	-0.0129860909	0.0011395446	0.0399917933	0.0270160312	0.0110369096	-0.034795901	0.0043955883	0.0086089751	-0.0343618671	-0.0206609096	0.0200708689	-0.0487093782	0.0637542902	-0.0672165475	-0.0167469666	-0.0181050514	-0.0378270132	0.0357368122	0.0250569441	-0.0844120349	-0.0449138924	0.0519445848	-0.0721073879	-0.0488074765	0.017896511	0.0664496761	0.012399694	0.0065437117	-0.0095241563	-0.0735558791	0.035913151	-0.0571640398	-0.0344982639	0.0004350772	0.0288611001	-0.0612463124	-0.0721591615	0.0102334157	0.0793936715	0.0458939156	-0.0469489822	-0.0790844839	0.2979046569360264	0.0955315368509702	0.0887471846241716	0.0091262745331082	-0.3431955328153435	0.0127892496610116	0.1177831737444075	0.0001635649068916	-2.031181497255204	0.037537914333463	4.125698274791891	0.0014090950125064	-0.0367600848362881	-0.0008920298380679	7.957172320034481e-07	0.001351303837171	0.0070918292746053	0.0023184597067165	5.029404246014874e-05	5.375255411667962e-06	0.0024831833835688	0.0011621595076597	6.166199716432193e-06	1.3506147212438362e-06	0.0	0.0	0.0	0.0	0.0	0.0	0.0	0.0	0.0	0.0	0.0	0.0	0.0	0.0	0.0	0.0	0.0	0.0	0.0	0.0	0.0	0.0	0.0	0.0	0.0	0.0	0.0	0.0	0.0	0.0	0.0	0.0	0.0	0.0	0.0	0.0	0.0	0.0	0.0	0.0	0.0	0.0	0.0	0.0	0.0	0.0	0.0	0.0	0.0	0.0	0.0	0.0	0.0	0.0	0.0	0.0	0.0	0.0	0.0	0.0	0.0	0.0	0.0	0.0	0.0	0.0	0.0	0.0	0.0	0.0	0.0	0.0	0.0	0.0	0.0	0.0	0.0	0.0	0.0	0.0	0.0	0.0	0.0	0.0	0.0	0.0	0.0	0.0	0.0	0.0	0.0	0.0	0.0	0.0	0.0	0.0	0.0	0.0	0.0	0.0	0.0	0.0	0.0	0.0
2068.01089201155	-0.1211979672671077	0.0146889472696789	4276669.049478406	2978.785480378804	-14.873741069591688	8873162.938115582	221.22817340525847	2217.1392119436555	-2.3579339361808707	5.559852447393414	4915706.285138134	2513.01783185423	1763.6885635546466	0.81684	26.342319	0.4268670852970744	0.2191252480328014	0.0239000238	-0.0574352885	5.93404e-05	0.0152205245	0.0354885996	0.0039777729	-0.0116728608	-0.0091360937	0.0177853932	-0.0456004521	0.0504656337	-0.0035606286	-0.0137684793	-0.0085257749	0.0054913386	0.0162022913	-0.0193904409	0.0081294643	-0.0021408268	-0.0207331828	-0.0059170675	-0.0140994577	-0.0069615486	-0.0009925831	0.0175505921	0.014350273	0.0327169268	-0.0160712981	-0.009600191	-0.009944999	0.0176516912	0.0081922338	-0.0055946434	0.0272520183	-0.0404049234	0.0649350656	-0.0466153399	0.0222824007	-0.0249896466	-0.0299699369	0.0462226408	0.0179907819	-0.0796866847	0.0026126716	0.0328213541	-0.0408572806	-0.0330713272	-0.0193909494	0.0301920684	0.0354855871	-0.0273436169	-0.0082544561	-0.0185168675	-0.000935009	-0.0381178312	0.0239103549	0.0211430405	0.0280596966	-0.0623636846	-0.0709234662	0.0136166111	0.080282427	0.0415630576	-0.0517153317	-0.0771080077	0.1530097114134889	-0.1448949455225375	0.0234119717868391	0.0209945452379791	-0.3644820223105114	-0.0212864894951679	0.1328471445875601	0.0004531146350278	-1.9332863443834896	0.0978951528717142	3.737596089379677	0.0095834609557763	-0.0380430004374263	-0.0012829156011381	1.6458724396437822e-06	0.001447269882282	0.0080078599956037	0.0009160307209983	6.412582170919008e-05	8.391122818128467e-07	0.0014263197575523	-0.0010568636260164	2.0343880507840523e-06	1.116960723996744e-06	0.0	0.0	0.0	0.0	0.0	0.0	0.0	0.0	0.0	0.0	0.0	0.0	0.0	0.0	0.0	0.0	0.0	0.0	0.0	0.0	0.0	0.0	0.0	0.0	0.0	0.0	0.0	0.0	0.0	0.0	0.0	0.0	0.0	0.0	0.0	0.0	0.0	0.0	0.0	0.0	0.0	0.0	0.0	0.0	0.0	0.0	0.0	0.0	0.0	0.0	0.0	0.0	0.0	0.0	0.0	0.0	0.0	0.0	0.0	0.0	0.0	0.0	0.0	0.0	0.0	0.0	0.0	0.0	0.0	0.0	0.0	0.0	0.0	0.0	0.0	0.0	0.0	0.0	0.0	0.0	0.0	0.0	0.0	0.0	0.0	0.0	0.0	0.0	0.0	0.0	0.0	0.0	0.0	0.0	0.0	0.0	0.0	0.0	0.0	0.0	0.0	0.0	0.0	0.0
2069.71518152349	1.70428951194026	2.9046027405095702	4283720.932628814	2997.433689478824	18.64820910001981	8984608.722822635	347.75570263806173	2224.632395558543	7.493183614887584	56.14780068641977	4948989.295368542	2527.8153031916777	1738.8347665797398	0.722246	23.291759	0.214312440141985	0.1092717290988001	0.0147386347	-0.0535379594	0.0107468849	0.0211842953	0.0023927442	0.0072332066	0.0456548324	-0.0457241727	0.0193753295	-0.0027090815	-0.0018719533	0.0332652485	-0.0504273019	-0.0421467001	0.0307145814	0.0090815251	0.0210022895	-0.053494611	0.02574824	-0.0519402052	-0.0150660917	-0.0091266971	0.0050796082	-0.0493074167	0.0260813898	-0.0315743938	0.0233500609	0.0146986151	0.0176315213	0.0283187749	-0.015175202	-0.0216600047	-0.0249511953	0.0335979752	-0.0394870565	0.0735253806	-0.0488528254	0.0215640701	-0.0258217934	-0.0327175376	0.0459442589	0.0399707701	-0.0995070473	-0.0069060354	0.0343443045	-0.0207384926	0.003463048	-0.0100509116	0.0076661001	0.0599081903	0.0023892552	0.0073183212	-0.0360011502	-0.0138548812	-0.0499067958	-0.0079552098	0.0361482738	0.0272552159	-0.063453702	-0.0696177779	0.0169759185	0.0809511339	0.0370681691	-0.0562039158	-0.0745906743	0.1361108270269539	-0.016898884386535	0.0185261572339613	0.0002855722935094	-0.3666921266521541	-0.0022101043416427	0.1344631157486794	4.884561200947933e-06	-1.9768937128127104	-0.0436073684292208	3.908108751758423	0.0019016025813218	-0.0385065504850612	-0.0004635500476349	2.148786466623209e-07	0.0014827544302585	0.0068411175132281	-0.0011667424823755	4.6800888829796215e-05	1.3612880201799764e-06	2.469062787107193e-05	-0.0014016291296812	6.096271046677538e-10	1.964564217170957e-06	0.0	0.0	0.0	0.0	0.0	0.0	0.0	0.0	0.0	0.0	0.0	0.0	0.0	0.0	0.0	0.0	0.0	0.0	0.0	0.0	0.0	0.0	0.0	0.0	0.0	0.0	0.0	0.0	0.0	0.0	0.0	0.0	0.0	0.0	0.0	0.0	0.0	0.0	0.0	0.0	0.0	0.0	0.0	0.0	0.0	0.0	0.0	0.0	0.0	0.0	0.0	0.0	0.0	0.0	0.0	0.0	0.0	0.0	0.0	0.0	0.0	0.0	0.0	0.0	0.0	0.0	0.0	0.0	0.0	0.0	0.0	0.0	0.0	0.0	0.0	0.0	0.0	0.0	0.0	0.0	0.0	0.0	0.0	0.0	0.0	0.0	0.0	0.0	0.0	0.0	0.0	0.0	0.0	0.0	0.0	0.0	0.0	0.0	0.0	0.0	0.0	0.0	0.0	0.0
2072.3537246375936	2.638543114103413	6.961909764982537	4294649.960019307	2994.5238528603	-2.9098366185239684	8967173.105349295	8.467149146503003	2219.787350344968	-4.845045213574849	23.47446312158456	4927455.880751534	2521.085209872427	1768.8486082023749	0.736043	23.736673	0.2139489078695875	0.1137968457288557	0.0445200994	-0.067172487	-0.0063591613	0.0206661535	0.0545666012	-0.0038420064	0.021369416	0.0112854067	-0.0029095223	-0.0515915671	0.0331711398	0.0032084688	-0.0245551325	-0.0286449341	0.0364108194	-0.0030411336	0.0069731876	0.0248469671	-0.0117280118	-0.0049207014	0.0226655115	0.0116847804	-0.0201487992	-0.0193866115	0.0147282779	0.0193527642	0.0195863065	-0.0168645383	-0.0313179404	-0.0039429173	-0.0124932935	-0.0175559995	-0.0219604344	0.0372731909	-0.039407578	0.0991911826	-0.030239314	0.0398578696	-0.0208230943	-0.0330214415	0.0433785184	-0.0149348473	-0.0829090038	-0.0002645559	0.009247128	-0.0402554818	-0.0188967246	-0.0170754747	-0.0310358492	0.046355125	0.0087769673	0.0120001554	-0.0193176953	0.0019607496	-0.0086187353	-0.0136862449	0.0191094007	0.0264477464	-0.0645158866	-0.0682433853	0.0203054443	0.0813979594	0.0324269895	-0.060390626	-0.0715501408	0.0810980708104978	-0.0550127562164561	0.0065768970891845	0.0030264033465312	-0.3482660258789138	0.0184261007732403	0.1212892247814922	0.0003395211897056	-1.8926763131952955	0.0842173996174149	3.5822236265305363	0.0070925703983193	-0.038613801225726	-0.0001072507406647	1.1502721373147449e-08	0.0014910256450998	0.0074234395127459	0.0005823219995178	5.5107454199397087e-05	3.3909891112240905e-07	0.000460970912938	0.0004362802850669	2.1249418257489322e-07	1.9034048713808002e-07	0.0	0.0	0.0	0.0	0.0	0.0	0.0	0.0	0.0	0.0	0.0	0.0	0.0	0.0	0.0	0.0	0.0	0.0	0.0	0.0	0.0	0.0	0.0	0.0	0.0	0.0	0.0	0.0	0.0	0.0	0.0	0.0	0.0	0.0	0.0	0.0	0.0	0.0	0.0	0.0	0.0	0.0	0.0	0.0	0.0	0.0	0.0	0.0	0.0	0.0	0.0	0.0	0.0	0.0	0.0	0.0	0.0	0.0	0.0	0.0	0.0	0.0	0.0	0.0	0.0	0.0	0.0	0.0	0.0	0.0	0.0	0.0	0.0	0.0	0.0	0.0	0.0	0.0	0.0	0.0	0.0	0.0	0.0	0.0	0.0	0.0	0.0	0.0	0.0	0.0	0.0	0.0	0.0	0.0	0.0	0.0	0.0	0.0	0.0	0.0	0.0	0.0	0.0	0.0
2074.902739877305	2.54901523971148	6.497478692281373	4305221.379950347	2992.0472113358346	-2.4766415244653217	8952346.514862545	6.1337532407059125	2219.216421680533	-0.5709286644350868	0.3259595398736319	4924921.52625655	2519.606610900326	1812.337726406545	0.8864379999999998	28.586771	0.3702897604987022	0.2452149153553472	0.087409865	-0.1054854668	-0.042751853	0.0006801443	0.1570883784	-0.0296430701	-0.0001751933	0.0713668079	0.035664013	-0.1024548371	-0.004409651	-0.0219252786	-0.0368807829	-0.0177556727	0.0315481029	-0.0135733018	0.0065682134	0.0180296636	0.0013243185	0.0547459556	-0.0154510286	0.0225227401	-0.0142446937	-0.0076513368	0.0119653817	0.0894112058	-0.0055146797	-0.064989398	-0.0560551688	0.0208589305	-0.0310071635	-0.0266918464	-0.0194623983	0.0402482028	-0.0392528734	0.1448965033	-0.0027054384	0.0660354372	-0.0273390171	-0.0508051146	0.0385358624	-0.0880049595	-0.0669037228	0.0404673556	0.0037635621	-0.0748563375	-0.0290133877	0.0337575249	-0.0173957071	-0.0188546858	-0.0331424844	-0.0114475109	0.036311225	-0.0238871893	0.0007206654	0.0145185937	-0.0307659913	0.0256373767	-0.0655497724	-0.0668016447	0.0235993474	0.0816216788	0.0276578354	-0.0642529755	-0.0680077345	0.0359398522955416	-0.0451582185149562	0.0012916729830253	0.0020392646994445	-0.3585400577461399	-0.010274031867226	0.1285509730086053	0.0001055557308087	-1.648880629677251	0.2437956835180446	2.7188073309248475	0.0594363353020305	-0.0391128976312627	-0.0004990964055367	2.4909722201966e-07	0.0015298187611136	0.0066663136934792	-0.0007571258192666	4.44397382598683e-05	5.732395062002711e-07	0.0002959566057719	-0.0001650143071661	8.759031250002382e-08	2.7229721569508005e-08	0.0	0.0	0.0	0.0	0.0	0.0	0.0	0.0	0.0	0.0	0.0	0.0	0.0	0.0	0.0	0.0	0.0	0.0	0.0	0.0	0.0	0.0	0.0	0.0	0.0	0.0	0.0	0.0	0.0	0.0	0.0	0.0	0.0	0.0	0.0	0.0	0.0	0.0	0.0	0.0	0.0	0.0	0.0	0.0	0.0	0.0	0.0	0.0	0.0	0.0	0.0	0.0	0.0	0.0	0.0	0.0	0.0	0.0	0.0	0.0	0.0	0.0	0.0	0.0	0.0	0.0	0.0	0.0	0.0	0.0	0.0	0.0	0.0	0.0	0.0	0.0	0.0	0.0	0.0	0.0	0.0	0.0	0.0	0.0	0.0	0.0	0.0	0.0	0.0	0.0	0.0	0.0	0.0	0.0	0.0	0.0	0.0	0.0	0.0	0.0	0.0	0.0	0.0	0.0
2069.27151799884	-5.631221878465112	31.710659844504143	4281884.615201224	2979.339971923828	-12.707239412006402	8876466.668303078	161.4739334740488	2218.346288111303	-0.8701335692303473	0.7571324283015437	4921060.253977195	2518.435747313716	1774.755882547288	0.830497	26.782747	0.1414760467819527	0.0672827174442985	0.0677044183	-0.0942890002	-0.0316459198	0.0169430754	0.0729346366	-0.025329561	0.0009762603	-0.0562059493	0.038466946	-0.1219799903	0.0547670257	0.0080726639	-0.0131977099	-0.0210176344	0.0365236561	-0.0051183817	0.0188235767	0.0370915471	-0.0146832576	0.0308272619	0.0151821414	0.0019626749	-0.0051863504	-0.0180580411	0.0395575438	-0.0042485881	0.0318737429	-0.0906372904	-0.0124924874	-0.0015164612	-0.0242027503	0.0381711363	-0.0255005533	0.0399634411	-0.0345365046	0.1398266427	-0.0099285464	0.0389685729	-0.0146165023	-0.0337983509	0.0463526389	-0.0617047829	-0.0650369164	0.0312682558	0.0110148221	-0.0469775171	0.0264795939	0.0381279695	-0.0160536123	0.0333307159	-0.0010619416	0.0624839813	0.0324448669	-0.0195569909	-0.005899649	0.0572534125	0.0570822282	0.0248241955	-0.0665549058	-0.0652939789	0.0268518493	0.0816216788	0.0227795284	-0.0677702193	-0.0639883028	0.0770862961755796	0.041146443880038	0.0059422970580691	0.0016930298439731	-0.3816958491341751	-0.0231557913880351	0.1456917212462589	0.0005361906748062	-1.6510478499746313	-0.0021672202973803	2.7259590029058525	4.69684381737745e-06	-0.0384470389969132	0.0006658586343495	4.4336772093778365e-07	0.0014781748076301	0.0060609880006208	-0.0006053256928584	3.673557554366932e-05	3.664191944345024e-07	6.700910864981813e-05	-0.000228947497122	4.49022064204313e-09	5.2416956438465683e-08	0.0	0.0	0.0	0.0	0.0	0.0	0.0	0.0	0.0	0.0	0.0	0.0	0.0	0.0	0.0	0.0	0.0	0.0	0.0	0.0	0.0	0.0	0.0	0.0	0.0	0.0	0.0	0.0	0.0	0.0	0.0	0.0	0.0	0.0	0.0	0.0	0.0	0.0	0.0	0.0	0.0	0.0	0.0	0.0	0.0	0.0	0.0	0.0	0.0	0.0	0.0	0.0	0.0	0.0	0.0	0.0	0.0	0.0	0.0	0.0	0.0	0.0	0.0	0.0	0.0	0.0	0.0	0.0	0.0	0.0	0.0	0.0	0.0	0.0	0.0	0.0	0.0	0.0	0.0	0.0	0.0	0.0	0.0	0.0	0.0	0.0	0.0	0.0	0.0	0.0	0.0	0.0	0.0	0.0	0.0	0.0	0.0	0.0	0.0	0.0	0.0	0.0	0.0	0.0
2068.6988308891905	-0.5726871096494506	0.3279705255586418	4279514.852922304	2982.7206183182566	3.380646394428368	8896622.286940843	11.428770044161524	2217.497999843581	-0.8482882677217276	0.7195929851543295	4917297.379310283	2522.297755676454	1782.3646744371126	0.988878	31.890387	0.4476983677509246	0.2142326714763417	0.0886853035	-0.1372814489	-0.0990130742	-0.0157525764	0.1293060156	-0.0755244117	0.0085143556	-0.0480648956	0.0424215387	-0.0973970037	-0.0107278703	0.0121834533	-0.0437356897	-0.0185329166	0.049478282	-0.0127857672	0.0074669945	0.0304987875	0.0024135981	0.0593445855	0.0140150128	0.0123089784	-0.0125741272	-0.0253595853	0.0403146108	-0.0127824887	0.0183424607	-0.0678239654	-0.0596924424	0.0312971259	-0.0187620001	0.0206187753	-0.0010964657	0.0311813269	-0.0496147455	0.1869189159	-0.0048490044	0.0224310358	-0.0235918625	-0.0704462334	0.0170812455	-0.1446139279	-0.0356145113	0.01775145	-0.0013991352	-0.0758973384	-0.0219870772	0.0209905483	-0.0261264577	-0.0305901746	0.0287007048	0.0132833806	0.0326159275	-0.0065640142	0.034001876	-0.0315575742	-0.0297747596	0.024008292	-0.0675308461	-0.0637218759	0.0300572439	0.0813979594	0.0178113211	-0.0709234662	-0.0595200392	0.1360863170943105	0.0590000209187308	0.0185194857002932	0.0034810024684106	-0.3712755850371394	0.0104202640970356	0.1378455600446701	0.0001085819038519	-1.5273536750286425	0.1236941749459887	2.3328092486235	0.0153002489155688	-0.0371565435999416	0.0012904953969716	1.665378369604898e-06	0.0013806087322943	0.0084271128894051	0.0023661248887843	7.101623165077758e-05	5.598546989324518e-06	0.0015020669786773	0.0014350578700274	2.2562052084327525e-06	2.059391090327813e-06	0.0	0.0	0.0	0.0	0.0	0.0	0.0	0.0	0.0	0.0	0.0	0.0	0.0	0.0	0.0	0.0	0.0	0.0	0.0	0.0	0.0	0.0	0.0	0.0	0.0	0.0	0.0	0.0	0.0	0.0	0.0	0.0	0.0	0.0	0.0	0.0	0.0	0.0	0.0	0.0	0.0	0.0	0.0	0.0	0.0	0.0	0.0	0.0	0.0	0.0	0.0	0.0	0.0	0.0	0.0	0.0	0.0	0.0	0.0	0.0	0.0	0.0	0.0	0.0	0.0	0.0	0.0	0.0	0.0	0.0	0.0	0.0	0.0	0.0	0.0	0.0	0.0	0.0	0.0	0.0	0.0	0.0	0.0	0.0	0.0	0.0	0.0	0.0	0.0	0.0	0.0	0.0	0.0	0.0	0.0	0.0	0.0	0.0	0.0	0.0	0.0	0.0	0.0	0.0
2062.4452954504936	-6.253535438696872	39.10670548303768	4253680.596725874	2970.473465447677	-12.247152870579612	8823712.60892873	149.99275343534643	2211.264913187398	-6.233086656182877	38.85136926348504	4889692.516293672	2510.1433739791823	1792.3280453346297	1.162628	37.493652	0.8333002553176073	0.3578006132093279	0.1074703279	-0.108777769	-0.0849396484	-0.0624953995	0.1992152922	-0.006588085	-0.0427895457	0.058193019	0.0891331374	-0.1087995405	-0.1259983442	0.0118792656	-0.0852227613	0.020253156	0.0339880163	0.041098367	0.0206546899	0.0261661447	0.028204959	0.1346130484	-0.0020213157	0.0745126242	-0.0301213437	0.0274806682	0.0115941033	0.0893200352	0.0156053106	-0.0535034796	-0.0573759891	0.0850664884	-0.0923620707	-0.0257756509	-0.012734681	0.0172219281	-0.0279447371	0.1832737818	0.0598836565	0.077519758	-0.0222493136	-0.0379103898	0.0104076787	-0.1834166066	0.024769985	0.0909200647	-0.0353123631	-0.0125345636	0.0667477155	0.05965041	-0.038785739	-0.0839769781	-0.0011233477	0.0716931388	0.0585746452	-0.0828367023	0.0427520995	0.0186545548	-0.0509696878	0.0231897558	-0.0684771651	-0.0620868871	0.0332099078	0.0809511339	0.0127728206	-0.0736957799	-0.0546342852	-0.0304945037243697	-0.1665808208186802	0.0009299147573955	0.0277491698646252	-0.35148423742082	0.0197913476163194	0.1235411691552953	0.0003916974404699	-1.3219683210131947	0.2053853540154477	1.747600241762445	0.0421831436440508	-0.0334869949715763	0.0036695486283652	1.3465587135937648e-05	0.0011213788322263	0.0049530128401569	-0.0034741000492482	2.4532336194759123e-05	1.2069371152186346e-05	-0.0001851390010524	-0.0016872059797297	3.4276449710680564e-08	2.8466640180356566e-06	0.0	0.0	0.0	0.0	0.0	0.0	0.0	0.0	0.0	0.0	0.0	0.0	0.0	0.0	0.0	0.0	0.0	0.0	0.0	0.0	0.0	0.0	0.0	0.0	0.0	0.0	0.0	0.0	0.0	0.0	0.0	0.0	0.0	0.0	0.0	0.0	1.0	0.0	0.0	0.0	0.0	0.0	0.0	0.0	0.0	0.0	0.0	0.0	0.0	0.0	0.0	0.0	0.0	0.0	0.0	0.0	0.0	0.0	0.0	0.0	0.0	0.0	0.0	0.0	0.0	0.0	0.0	0.0	0.0	0.0	0.0	0.0	0.0	0.0	0.0	0.0	0.0	0.0	0.0	0.0	0.0	0.0	0.0	0.0	0.0	0.0	0.0	0.0	0.0	0.0	0.0	0.0	0.0	0.0	0.0	0.0	0.0	0.0	0.0	0.0	0.0	0.0	0.0	0.0
2069.8728154948526	7.427520044358971	55.16805400935429	4284373.472324588	3012.1840068616366	41.71054141395962	9073252.491193024	1739.7692650456404	2227.9009116697107	16.635998482312516	276.7564455035043	4963542.472218728	2541.6266166018577	1744.368168499483	1.423721	45.913643	0.6791956045139644	0.4732089154423118	0.0690125265	-0.0716399034	-0.0281322024	0.0756700271	0.0282923062	-0.0538714205	0.0800824807	-0.0965342594	-0.0177637352	0.0271922661	-0.0284027223	-0.0186567502	-0.0171522675	-0.0394772432	0.004542964	-0.0118772718	0.0240216101	0.0382586935	0.0211493947	0.0700538776	0.0078427715	-0.0350871595	0.0217987327	-0.0768324277	0.0177479207	-0.0919132666	-0.0391459615	-0.0132196127	0.0235339962	0.0293179707	-0.0760926166	0.0183186817	0.0492277352	0.0223062056	-0.0343670924	0.107513107	-0.0310199373	0.0347920928	0.0091682255	0.0140321352	0.020185425	-0.0637195246	-0.0129135004	-0.024758569	-0.0436898004	-0.0378786028	0.019653666	-0.0188768312	-0.0133623346	-0.0030479693	-0.0005341593	0.041630205	-0.0141149864	-0.0021037081	0.005515488	-0.0142481072	0.0040875547	0.0223686765	-0.0693934478	-0.060390626	0.0363043104	0.080282427	0.0076839116	-0.0760722702	-0.049365311	0.0188197588373952	0.0493142625617648	0.0003541833226977	0.0024318964920106	-0.3202088253658672	0.0312754120549528	0.1025336918421884	0.000978151399207	-1.8025213073594413	-0.4805529863462465	3.249083063484789	0.2309311726862958	-0.0344266773901504	-0.0009396824185741	8.830030477772761e-07	0.0011851961161254	0.0063308450223971	0.0013778321822401	4.007959869761013e-05	1.8984215224167896e-06	-0.0001415947308467	4.354427020569998e-05	2.004906780354942e-08	1.896103467747011e-09	0.0	0.0	0.0	0.0	0.0	0.0	0.0	0.0	0.0	0.0	0.0	0.0	0.0	0.0	0.0	0.0	0.0	0.0	0.0	0.0	0.0	0.0	0.0	0.0	0.0	0.0	0.0	0.0	0.0	0.0	0.0	0.0	0.0	0.0	0.0	0.0	0.0	1.0	0.0	0.0	0.0	0.0	0.0	0.0	0.0	0.0	0.0	0.0	0.0	0.0	0.0	0.0	0.0	0.0	0.0	0.0	0.0	0.0	0.0	0.0	0.0	0.0	0.0	0.0	0.0	0.0	0.0	0.0	0.0	0.0	0.0	0.0	0.0	0.0	0.0	0.0	0.0	0.0	0.0	0.0	0.0	0.0	0.0	0.0	0.0	0.0	0.0	0.0	0.0	0.0	0.0	0.0	0.0	0.0	0.0	0.0	0.0	0.0	0.0	0.0	0.0	0.0	0.0	0.0
2061.590849018227	-8.281966476625712	68.59096871995212	4250156.8287556935	2968.975783177426	-43.20822368421068	8814817.201094009	1866.9505939447847	2215.5216370950016	-12.379274574709145	153.24643899604024	4908536.124436116	2510.7826215392515	1773.7847210591067	1.080515	34.845566	0.615473799538287	0.2818469682757464	0.025737253	-0.0951957849	-0.0132357807	-0.013404894	-0.003334421	-0.0580224769	-0.0421900277	0.0012072106	0.0522690819	0.0149049127	-0.0060858663	0.0007964667	-0.0443190811	-0.0042108034	0.0413371664	-0.0157516728	-0.0007095176	0.0494612858	0.0088476943	0.0346184958	0.0389290379	0.0162073078	0.0174431551	0.0105286446	0.0451285041	0.0316326393	0.0230002427	-0.0167232022	-0.0368619266	-0.0342997095	0.0018766249	0.0120207347	0.0437232567	0.0143696536	-0.0447925908	0.0849589021	-0.0495562961	-0.0288754482	-0.0075784556	-0.0073672054	0.0220187251	-0.0263144261	-0.0084038956	-0.0373212529	-0.0165488338	-0.0362255822	-0.0293062278	-0.0390315798	0.0722617454	0.0875235752	0.0135056379	0.0208635643	-0.0311697721	-0.011447038	-0.0193590777	0.031893488	-0.0113801762	0.0215451443	-0.0702792922	-0.0586347667	0.0393350228	0.0793936715	0.0025646777	-0.0780401729	-0.0437500746	0.172777490097161	0.1539577312597658	0.0298520610842745	0.0237029830146542	-0.3229977393960155	-0.0027889140301483	0.1043275396549363	7.778041467558055e-06	-1.887944478855644	-0.0854231714962028	3.5643343552415097	0.0072971182284696	-0.0360727770082676	-0.0016460996181172	2.7096439527655963e-06	0.0013012452410881	0.0107204551773483	0.0043896101549512	0.0001149281592095	1.9268677312450696e-05	0.0012887751511283	0.001430369881975	1.6609413901657725e-06	2.045957999261176e-06	0.0	0.0	0.0	0.0	0.0	0.0	0.0	0.0	0.0	0.0	0.0	0.0	0.0	0.0	0.0	0.0	0.0	0.0	0.0	0.0	0.0	0.0	0.0	0.0	0.0	0.0	0.0	0.0	0.0	0.0	0.0	0.0	0.0	0.0	0.0	0.0	0.0	0.0	1.0	0.0	0.0	0.0	0.0	0.0	0.0	0.0	0.0	0.0	0.0	0.0	0.0	0.0	0.0	0.0	0.0	0.0	0.0	0.0	0.0	0.0	0.0	0.0	0.0	0.0	0.0	0.0	0.0	0.0	0.0	0.0	0.0	0.0	0.0	0.0	0.0	0.0	0.0	0.0	0.0	0.0	0.0	0.0	0.0	0.0	0.0	0.0	0.0	0.0	0.0	0.0	0.0	0.0	0.0	0.0	0.0	0.0	0.0	0.0	0.0	0.0	0.0	0.0	0.0	0.0
2056.420777907325	-5.170071110901972	26.72963529178315	4228866.415808967	3009.0157718056125	40.03998862818662	9054175.914974926	1603.2006893453138	2221.0752455145766	5.5536084195750846	30.842566477975268	4933175.246237637	2533.3366085179264	1746.2841359356928	1.330666	42.912704	0.8626313027819176	0.5101442740458103	-0.0337463612	-0.0092097295	0.0665012691	-0.0554184267	-0.0369913992	0.0579187845	0.0615426439	-0.0625174621	0.0290157181	0.1195085699	-0.0259385155	-0.0168526354	-0.0386426416	-0.0255597888	0.0389340804	-0.0232918307	-0.0715996602	-0.0322408309	0.0087866941	-0.0753822702	0.0358645728	-0.0162073333	0.0668579904	-0.0563571649	0.040905496	-0.0585361709	0.0037556399	0.0971569671	0.0331830607	-0.0037360705	0.0256260893	-0.0265980564	-0.0110085355	0.0284393065	-0.0367651827	-0.0195535832	-0.0337579913	-0.0173487766	-0.0492286347	-0.0035045556	0.026780342	0.1298506952	-0.0014532573	0.0060248646	0.0512187139	0.027971076	0.003433072	-0.063844106	0.037119617	0.0810194576	0.0182307362	-0.0142365019	-0.0509014073	-0.0467279706	-0.0516572849	-0.0305227275	-0.0593220604	0.0207192494	-0.0711343098	-0.0568210419	0.0422967282	0.0782873035	-0.0025646777	-0.0795889182	-0.0378279629	0.0527520252320385	-0.1200254648651225	0.0027827761660816	0.0144061122160887	-0.3080847871011656	0.0149129522948499	0.0949162360431705	0.0002223961461484	-2.3192287883284592	-0.4312843094728151	5.3788221726114935	0.186006155597443	-0.0357017296096203	0.0003710473986473	1.3767617204292986e-07	0.0012746134971184	0.0078342482985156	-0.0028862068788327	6.137544640279457e-05	8.330190147421195e-06	-0.0013821420943743	-0.0026709172455026	1.9103167690413766e-06	7.1337989323231966e-06	0.0	0.0	0.0	0.0	0.0	0.0	0.0	0.0	0.0	0.0	0.0	0.0	0.0	0.0	0.0	0.0	0.0	0.0	0.0	0.0	0.0	0.0	0.0	0.0	0.0	0.0	0.0	0.0	0.0	0.0	0.0	0.0	0.0	0.0	0.0	0.0	0.0	0.0	0.0	1.0	0.0	0.0	0.0	0.0	0.0	0.0	0.0	0.0	0.0	0.0	0.0	0.0	0.0	0.0	0.0	0.0	0.0	0.0	0.0	0.0	0.0	0.0	0.0	0.0	0.0	0.0	0.0	0.0	0.0	0.0	0.0	0.0	0.0	0.0	0.0	0.0	0.0	0.0	0.0	0.0	0.0	0.0	0.0	0.0	0.0	0.0	0.0	0.0	0.0	0.0	0.0	0.0	0.0	0.0	0.0	0.0	0.0	0.0	0.0	0.0	0.0	0.0	0.0	0.0
2041.919845227471	-14.500932679854031	210.27704858565863	4169436.654333778	2961.9975573087995	-47.018214496813016	8773429.529503295	2210.712494468318	2208.652649190002	-12.422596324574442	154.32089944333043	4878146.524774015	2505.824046155117	1723.939761290737	0.893993	28.830439	0.2815382761644022	0.1598083890992222	-0.0318876787	-0.0178207452	0.0333554321	-0.0183247706	-0.0130412992	0.03963963	-0.0509230037	-0.0171726783	0.0394395923	0.0858493444	-0.00189589	-0.0049100353	-0.00648597	0.0153297067	0.0411754656	-0.0070207378	-0.0829785576	0.0246481667	0.0055337613	-0.0635021626	0.0212104639	-0.0585638404	0.0123165488	0.0190446538	0.0420294815	-0.0006476247	0.0419446762	0.079366184	-0.0460986438	-0.0464164043	0.1091621221	-0.0090985955	0.0598997547	0.0205255294	-0.0336075012	-0.0005418972	-0.0327778702	-0.0038762592	-0.038286137	0.0152362514	0.0436314049	0.0865662122	0.0099968366	-0.0015113661	0.0205859972	-0.0086558818	-0.0127754292	-0.0491637037	0.0348588634	0.0542126211	0.0216127763	0.0273861496	-0.0588222278	-0.0019334447	0.0004339081	0.0083118518	-0.0982043347	0.0198910824	-0.0719581255	-0.0549512416	0.0451842308	0.0769663555	-0.0076839116	-0.0807101879	-0.0316405151	0.0474715714635465	-0.005280453768492	0.0022535500972186	2.7883192001181403e-05	-0.2338712956089494	0.0742134914922162	0.0546957829098085	0.0055076423194652	-2.18268764815609	0.136541140172369	4.764125369413164	0.0186434829595705	-0.0357181330390699	-1.640342944959905e-05	2.6907249770797336e-10	0.0012757850277966	0.0068850797635513	-0.0009491685349642	4.740432335046363e-05	9.00920907766275e-07	-0.0017266339445869	-0.0003444918502125	2.981264778599718e-06	1.186746348629004e-07	0.0	0.0	0.0	0.0	0.0	0.0	0.0	0.0	0.0	0.0	0.0	0.0	0.0	0.0	0.0	0.0	0.0	0.0	0.0	0.0	0.0	0.0	0.0	0.0	0.0	0.0	0.0	0.0	0.0	0.0	0.0	0.0	0.0	0.0	0.0	0.0	0.0	0.0	0.0	0.0	0.0	0.0	0.0	0.0	0.0	0.0	0.0	0.0	0.0	0.0	0.0	0.0	0.0	0.0	0.0	0.0	0.0	0.0	0.0	0.0	0.0	0.0	0.0	0.0	0.0	0.0	0.0	0.0	0.0	0.0	0.0	0.0	0.0	0.0	0.0	0.0	0.0	0.0	0.0	0.0	0.0	0.0	0.0	0.0	0.0	0.0	0.0	0.0	0.0	0.0	0.0	0.0	0.0	0.0	0.0	0.0	0.0	0.0	0.0	0.0	0.0	0.0	0.0	0.0
2051.355555732054	9.435710504583312	89.03263272630386	4208059.616032765	3007.4959000436884	45.49834273488887	9045031.588779597	2070.0991916214143	2223.870414700859	15.21776551085668	231.58038714341905	4945599.62138177	2536.401816007954	1704.286544309648	1.028843	33.179195	0.5188330101890849	0.2428194464969827	-0.0314516881	0.0291497014	0.0185849429	-0.0245506254	-0.0363793137	0.0783030073	0.0384723131	0.0255872059	0.0955075187	0.1314611255	-0.0612260672	0.0606162006	-0.0672646974	-0.0249246141	0.0145135885	-0.0337024529	-0.0373925986	-0.0572278623	0.0015287144	-0.0462694133	0.0492885426	-0.0434340283	0.033427424	-0.0509805879	0.0330067906	0.026329849	-0.004147935	0.1176918866	0.0266207272	-0.0435159304	0.0623561779	-0.0151673558	-0.0099260937	0.0198833976	-0.0252268047	-0.04961348	-0.002969315	-0.0268493934	-0.0394323398	0.0039037016	0.015424204	0.1098603647	0.0496815649	0.0308497991	0.0554285244	-0.0170122478	-0.0675592577	-0.0822478309	0.0277265747	0.0211345328	0.014538837	-0.0514702969	-0.0507084036	-0.027694909	0.0184557734	-0.0462201393	-0.1759478946	0.0190607341	-0.0727503781	-0.0530272111	0.0479924649	0.0754344479	-0.0127728206	-0.0813979594	-0.0252311319	-0.0171720939922153	-0.0646436654557617	0.0002948808120774	0.0041788034835564	-0.3118693232212877	-0.0779980276123382	0.097262474766504	0.006083692311415	-2.364613084442425	-0.1819254362863347	5.591395039116319	0.0330968643679732	-0.0330881299996424	0.0026300030394275	6.916915987397897e-06	0.0010948243468732	0.0076478877002952	0.0007628079367439	5.849018627632661e-05	5.818759483594861e-07	-0.0022191405851085	-0.0004925066405215	4.924584936475695e-06	2.425627909578725e-07	0.0	0.0	0.0	0.0	0.0	0.0	0.0	0.0	0.0	0.0	0.0	0.0	0.0	0.0	0.0	0.0	0.0	0.0	0.0	0.0	0.0	0.0	0.0	0.0	0.0	0.0	0.0	0.0	0.0	0.0	0.0	0.0	0.0	0.0	0.0	0.0	0.0	0.0	0.0	0.0	1.0	0.0	0.0	0.0	0.0	0.0	0.0	0.0	0.0	0.0	0.0	0.0	0.0	0.0	0.0	0.0	0.0	0.0	0.0	0.0	0.0	0.0	0.0	0.0	0.0	0.0	0.0	0.0	0.0	0.0	0.0	0.0	0.0	0.0	0.0	0.0	0.0	0.0	0.0	0.0	0.0	0.0	0.0	0.0	0.0	0.0	0.0	0.0	0.0	0.0	0.0	0.0	0.0	0.0	0.0	0.0	0.0	0.0	0.0	0.0	0.0	0.0	0.0	0.0
2053.410828814763	2.0552730827089363	4.224147444507894	4216496.031893732	2973.4197760331003	-34.076124010588046	8841225.164504733	1161.1822275849752	2215.2645823821363	-8.605832318722605	74.0603498979705	4907397.169956701	2505.9503640350617	1729.4378063010104	1.220075	39.346272	0.7700787389134061	0.4357596638877817	0.008848467	-0.007931151	0.0036473174	0.0441869168	0.0354793902	0.0155503767	-0.0463475087	0.0511939015	0.0850303101	0.0338615505	-0.0127819048	-0.0266294969	0.0042512232	-0.0140731049	0.0339340255	-0.0140245064	-0.0381763712	0.0725803515	-0.0203480891	-0.0036891256	-0.001444951	-0.0617351495	0.0356427691	0.0250843984	0.0468384981	0.0680670676	0.0061994907	0.0022870357	-0.0344427602	-0.0373235595	0.0599886341	-0.0316546788	0.0816203626	0.0274209734	-0.0153947593	0.0067895732	-0.0246769633	0.043488641	-0.0207074103	0.0349253843	0.029187354	0.0122919257	0.0192662759	-0.0026337423	-0.0296337516	-0.006370893	-0.0207131566	-0.0333959998	0.0232426939	-0.0482044397	-0.0354888397	-0.0448572863	0.0161898739	-0.0385828869	0.0012488363	0.0476542842	-0.1270649645	0.0182282956	-0.0735107199	-0.0510508491	0.0507165039	0.0736957799	-0.0178113211	-0.0816485389	-0.0186447705	-0.1562358636056444	-0.1390637696134291	0.0244096450766015	0.0193387320190968	-0.3089924886023851	0.0028768346189025	0.095476358012695	8.276177424516414e-06	-2.0132379366280304	0.3513751478143945	4.053126989478289	0.1234644945015875	-0.0343465929668464	-0.0012584629672039	1.5837290398238943e-06	0.0011796884484302	0.0069858345166029	-0.0006620531836923	4.880188389336047e-05	4.383144180371106e-07	-0.0058338841715458	-0.0036147435864373	3.403420452701263e-05	1.3066371195689596e-05	0.0	0.0	0.0	0.0	0.0	0.0	0.0	0.0	0.0	0.0	0.0	0.0	0.0	0.0	0.0	0.0	0.0	0.0	0.0	0.0	0.0	0.0	0.0	0.0	0.0	0.0	0.0	0.0	0.0	0.0	0.0	0.0	0.0	0.0	0.0	0.0	0.0	0.0	0.0	0.0	0.0	1.0	0.0	0.0	0.0	0.0	0.0	0.0	0.0	0.0	0.0	0.0	0.0	0.0	0.0	0.0	0.0	0.0	0.0	0.0	0.0	0.0	0.0	0.0	0.0	0.0	0.0	0.0	0.0	0.0	0.0	0.0	0.0	0.0	0.0	0.0	0.0	0.0	0.0	0.0	0.0	0.0	0.0	0.0	0.0	0.0	0.0	0.0	0.0	0.0	0.0	0.0	0.0	0.0	0.0	0.0	0.0	0.0	0.0	0.0	0.0	0.0	0.0	0.0
2046.1000034473168	-7.310825367446341	53.44816755329693	4186525.22410711	2947.495661042866	-25.92411499023456	8687730.67186652	672.059738026904	2213.498684177151	-1.7658982049852057	3.118396470369972	4899576.424853979	2496.7834435777	1674.210581919068	1.390218	44.833221	0.8317873493967114	0.5066379833485739	-0.0213626225	0.0390870881	-0.0125209733	-0.0456204194	-0.0678324402	0.0992624064	-0.0804989671	-0.0460547712	0.0526993105	-0.0265026977	0.0832373192	0.0140091865	0.0805493621	0.0150894542	0.0274149537	-0.0063145933	-0.0034138364	0.0330166373	-0.0233080687	-0.0303166177	0.0020968301	-0.0451824921	0.0609995294	0.0519248692	0.0430468914	0.0262348764	0.0364877754	-0.0578497509	0.0209000322	-0.0249841222	0.0419422522	0.0193814536	0.0360778555	0.0061736484	0.0067702534	-0.0284355463	0.0581180763	0.0056889347	0.0198120387	0.0382210301	-0.0357610314	-0.0037835156	0.1215206561	0.0151837998	-0.0021360308	0.0253226095	0.0739499697	0.0177440346	-0.0358178161	0.0483150653	0.0417191443	0.1167066085	0.0098099368	-0.1046392597	-0.0095709133	0.0058877578	0.0036900814	0.0173938582	-0.0742388174	-0.0490241061	0.0533515689	0.0717551168	-0.0227795284	-0.0814605803	-0.0119276293	-0.1820789242297564	-0.025843060624112	0.0331527346486653	0.0006678637824215	-0.1738916943533013	0.1351007942490838	0.0302383213650619	0.0182522246067332	-2.164219375911891	-0.1509814392838606	4.683845507072455	0.0227953950082261	-0.0262414647409868	0.0081051282258595	6.569310355762596e-05	0.0006886144717524	0.0061722768664698	-0.000813557650133	3.809700171635826e-05	6.618760500900909e-07	-0.0043553289427454	0.0014785552288004	1.8968890199515768e-05	2.186125564613003e-06	0.0	0.0	0.0	0.0	0.0	0.0	0.0	0.0	0.0	0.0	0.0	0.0	0.0	0.0	0.0	0.0	0.0	0.0	0.0	0.0	0.0	0.0	0.0	0.0	0.0	0.0	0.0	0.0	0.0	0.0	0.0	0.0	0.0	0.0	0.0	0.0	0.0	0.0	0.0	0.0	0.0	0.0	1.0	0.0	0.0	0.0	0.0	0.0	0.0	0.0	0.0	0.0	0.0	0.0	0.0	0.0	0.0	0.0	0.0	0.0	0.0	0.0	0.0	0.0	0.0	0.0	0.0	0.0	0.0	0.0	0.0	0.0	0.0	0.0	0.0	0.0	0.0	0.0	0.0	0.0	0.0	0.0	0.0	0.0	0.0	0.0	0.0	0.0	0.0	0.0	0.0	0.0	0.0	0.0	0.0	0.0	0.0	0.0	0.0	0.0	0.0	0.0	0.0	0.0
2068.451022118468	22.351018671151	499.5680356381404	4278489.630902934	2997.0483690763776	49.55270803351186	8982298.926583376	2455.470873454471	2221.8959738991475	8.397289721996458	70.51447467514735	4936821.718829242	2526.3007154205416	1736.157119205411	1.446126	46.636173	0.445025060374668	0.2570021084137077	0.0294842747	0.0203556937	0.0165008235	0.076926173	0.0021620718	-0.0229925298	0.0206536121	-0.0458389886	0.0027919585	0.0087057986	0.03416176	0.0044790091	0.0314045371	-0.0098675083	0.0206393864	0.0032069588	0.0456135103	0.018064153	-0.0418634109	0.0217272003	-0.0243887427	-0.0324326137	0.0109464879	-0.0209942189	0.0204585414	-0.0386838641	-0.0080696224	-0.0348050742	0.0113851967	-0.0089469088	-0.0134220833	0.0117696979	0.046796023	0.0135137331	0.0035987223	-0.016752261	0.0017179897	0.034263822	0.0183893977	0.0578982341	-0.0227284131	-0.0212844449	0.09169787	-0.0124901323	-0.0386695814	0.013146315	0.0070596651	-0.0361135219	-0.0202790026	-0.0349781641	-0.0164348853	0.0340034907	-0.0176018261	-0.0261534957	0.0195263774	0.0233287824	-0.0548430013	0.0165575133	-0.0749343514	-0.0469489822	0.0558930371	0.0696177779	-0.0276578354	-0.0808350932	-0.0051268245	-0.1962267864115574	-0.014147862181801	0.0385049517054069	0.0002001620043152	-0.2474416769229037	-0.0735499825696024	0.0612273834784186	0.0054095999359888	-2.0463681167245014	0.1178512591873897	4.187622469146582	0.0138889192920533	-0.0299161220117735	-0.0036746572707867	1.3503106057745556e-05	0.0008949743562233	0.0062323926432172	6.011577674739938e-05	3.8842718059227873e-05	3.613906613943164e-09	-0.0054100750239288	-0.0010547460811834	2.9268911764538207e-05	1.1124892957717393e-06	0.0	0.0	0.0	0.0	0.0	0.0	0.0	0.0	0.0	0.0	0.0	0.0	0.0	0.0	0.0	0.0	0.0	0.0	0.0	0.0	0.0	0.0	0.0	0.0	0.0	0.0	0.0	0.0	0.0	0.0	0.0	0.0	0.0	0.0	0.0	0.0	0.0	0.0	0.0	0.0	0.0	0.0	0.0	0.0	0.0	0.0	0.0	0.0	0.0	0.0	0.0	0.0	0.0	0.0	0.0	0.0	0.0	0.0	0.0	0.0	0.0	0.0	0.0	0.0	0.0	0.0	0.0	0.0	0.0	0.0	0.0	0.0	0.0	0.0	0.0	0.0	0.0	0.0	0.0	0.0	0.0	0.0	0.0	0.0	0.0	0.0	0.0	0.0	0.0	0.0	0.0	0.0	0.0	0.0	0.0	0.0	0.0	0.0	0.0	0.0	0.0	0.0	0.0	0.0
2061.8745805248195	-6.576441593648269	43.24958403466699	4251326.785814401	2986.1538217644943	-10.894547311883343	8917114.647238696	118.6911611308646	2220.464132465841	-1.4318414333065448	2.0501698901333407	4930460.96356728	2518.111452408068	1718.6999767793625	0.792975	25.572693	0.1786891629155308	0.084346955606241	0.0280439615	0.0169808083	0.0008495395	0.0431661469	-0.0373855045	0.0001462234	-0.0149732926	0.0109773084	0.0218297696	-0.0273922426	0.0391661895	-0.0313424854	0.0216983535	-0.0093233921	0.0273527524	-0.0526106053	0.0217076587	0.0627875436	-0.0098738232	0.0136383092	-0.0086259157	-0.0218129695	0.0509724019	0.0040523034	0.0294668851	0.0304795553	-0.0203664382	-0.0384587601	-0.0340849816	-0.0327453945	0.0183823633	-0.0074806509	0.0435678206	0.0073416383	0.0053908181	-0.0022684461	0.0160453875	0.0297798468	0.0265878205	0.0712151081	-0.0205089576	-0.0443830066	0.1157629149	0.0054922461	-0.0437492591	0.0119341814	0.0433142194	0.0017095753	-0.0067099123	-0.0366213422	0.0153657332	0.0651631324	-0.0133090622	-0.0236776051	0.0148832167	0.0136044804	-0.0088310109	0.0157193527	-0.0755970167	-0.0448275254	0.05833645	0.0672896215	-0.0324269895	-0.0797754371	0.0017099414	-0.2005887808466582	-0.0043619944351007	0.0402358590015486	1.902699545185032e-05	-0.224002011665064	0.0234396652578396	0.0501769012299954	0.0005494179073995	-1.989284791039701	0.0570833256848004	3.9572539798618656	0.0032585060712369	-0.0289646154742976	0.0009515065374758	9.053646908593732e-07	0.0008389489495739	0.0054968217580793	-0.0007355708851379	3.0215049440094e-05	5.410645270625539e-07	-0.0052210688957868	0.0001890061281419	2.72595604145524e-05	3.5723316475230075e-08	0.0	0.0	0.0	0.0	0.0	0.0	0.0	0.0	0.0	0.0	0.0	0.0	0.0	0.0	0.0	0.0	0.0	0.0	0.0	0.0	0.0	0.0	0.0	0.0	0.0	0.0	0.0	0.0	0.0	0.0	0.0	0.0	0.0	0.0	0.0	0.0	0.0	0.0	0.0	0.0	0.0	0.0	0.0	0.0	0.0	0.0	0.0	0.0	0.0	0.0	0.0	0.0	0.0	0.0	0.0	0.0	0.0	0.0	0.0	0.0	0.0	0.0	0.0	0.0	0.0	0.0	0.0	0.0	0.0	0.0	0.0	0.0	0.0	0.0	0.0	0.0	0.0	0.0	0.0	0.0	0.0	0.0	0.0	0.0	0.0	0.0	0.0	0.0	0.0	0.0	0.0	0.0	0.0	0.0	0.0	0.0	0.0	0.0	0.0	0.0	0.0	0.0	0.0	0.0
2063.5882261016613	1.7136455768418273	2.936581163029559	4258396.366905401	2982.8454679790298	-3.308353785464533	8897367.085843038	10.945204769797504	2217.175509101901	-3.2886233639401325	10.815043629852914	4915867.238161273	2515.3326926793216	1731.7188910553575	0.822752	26.532984	0.598375350696874	0.3156345047030538	0.0457752232	0.005389324	-0.0088540512	0.0676385611	-0.0087660162	-0.0159755964	-0.027685633	-0.0015995988	0.0106761757	-0.0269443352	0.0395796131	-0.0123907396	0.0383229878	0.0072267029	0.0018886328	0.0123423245	0.0420114862	0.0774043302	-0.0046217366	0.0528922833	-0.0291762402	-0.0430603473	0.0445861428	0.016004897	0.0118833501	0.0115589614	-0.0068016738	-0.0592805467	-0.0339208627	-0.0206094858	-0.0171360448	0.0097083286	0.0990695839	-0.0192568854	-0.0022233778	0.0043279369	0.0288356263	0.0290374361	0.030469539	0.0846344229	-0.0539087635	-0.068355702	0.1804526263	0.0369790035	-0.0245479461	-0.0150098598	0.0151198829	-0.0177080618	0.0147012516	-0.0664976908	-0.0419383412	0.0445798939	-0.0245961804	-0.0151248738	0.0362755824	-0.0054703426	-0.058068325	0.0148794683	-0.0762265226	-0.0426618292	0.0606775209	0.064777029	-0.0370681691	-0.0782873035	0.0085347133	-0.0908664510685923	0.1097223297780659	0.0082567119298008	0.0120389896519266	-0.2473251056143937	-0.0233230939493296	0.0611697078671709	0.0005439667113692	-1.9481988471360976	0.0410859439036033	3.79547874798242	0.00168805478645	-0.0256494641961928	0.0033151512781048	1.0990227996719902e-05	0.0006578950135517	0.0046957274108261	-0.0008010943472531	2.2049855916783587e-05	6.417521532010302e-07	-0.0008524348598273	0.0043686340359595	7.266451902487886e-07	1.90849633401438e-05	0.0	0.0	0.0	0.0	0.0	0.0	0.0	0.0	0.0	0.0	0.0	0.0	0.0	0.0	0.0	0.0	0.0	0.0	0.0	0.0	0.0	0.0	0.0	0.0	0.0	0.0	0.0	0.0	0.0	0.0	0.0	0.0	0.0	0.0	0.0	0.0	0.0	0.0	0.0	0.0	0.0	0.0	0.0	1.0	0.0	0.0	0.0	0.0	0.0	0.0	0.0	0.0	0.0	0.0	0.0	0.0	0.0	0.0	0.0	0.0	0.0	0.0	0.0	0.0	0.0	0.0	0.0	0.0	0.0	0.0	0.0	0.0	0.0	0.0	0.0	0.0	0.0	0.0	0.0	0.0	0.0	0.0	0.0	0.0	0.0	0.0	0.0	0.0	0.0	0.0	0.0	0.0	0.0	0.0	0.0	0.0	0.0	0.0	0.0	0.0	0.0	0.0	0.0	0.0
2057.245809934554	-6.342416167107331	40.22624283678445	4232260.322493279	2984.647424316406	1.801956337376396	8908120.247478558	3.247046641810955	2214.026841200792	-3.148667901108638	9.914109551471876	4901914.853557558	2510.2114042068897	1719.9241012487998	0.785671	25.337143	0.3741182312264323	0.2354402093453007	0.0280051828	0.019026276	-0.004267924	0.0473876815	-0.0417980038	0.0077894834	-0.0292132102	0.0234115102	-0.0036987829	-0.0566914936	0.0774334857	-0.014438832	0.0512323506	0.0228207517	0.0269413144	-0.0156937512	0.0381832772	0.0904717581	-0.0199577952	0.0280809823	-0.0087114027	-0.0183556393	0.0818505704	0.0345709627	0.0161425808	0.0302597044	-0.0147293208	-0.0881146324	-0.0404775296	-0.0231263763	0.0007122727	-0.0009496504	0.0629284022	-0.0132667629	0.012075349	-0.0069887327	0.0422951513	0.023457774	0.0265011051	0.0785839652	-0.0450318556	-0.0656618978	0.1689412383	0.0395043804	-0.0169264583	0.0217223616	0.0561510198	0.047332309	0.0211539815	-0.054482775	-0.0133833109	0.0747535137	-0.0424149002	-0.014221502	0.0427552525	0.0619940292	-0.0033338866	0.0140379523	-0.0768225931	-0.0404540309	0.0629121428	0.0620868871	-0.0415630576	-0.0763786853	0.0152996203	-0.2045007437012884	-0.1136342926326961	0.04182055417438	0.0129127524621332	-0.1945595285010171	0.0527655771133765	0.037853410130538	0.0027842061281076	-1.9476597394579829	0.0005391076781147	3.793378460705538	2.9063708860223824e-07	-0.0256209289372617	2.8535258931098456e-05	8.142610022648341e-10	0.0006564319996082	0.0040130693207813	-0.0006826580900447	1.6104725373396084e-05	4.66022067903614e-07	-0.0042848265868963	-0.003432391727069	1.83597388797734e-05	1.1781312968051712e-05	0.0	0.0	0.0	0.0	0.0	0.0	0.0	0.0	0.0	0.0	0.0	0.0	0.0	0.0	0.0	0.0	0.0	0.0	0.0	0.0	0.0	0.0	0.0	0.0	0.0	0.0	0.0	0.0	0.0	0.0	0.0	0.0	0.0	0.0	0.0	0.0	0.0	0.0	0.0	0.0	0.0	0.0	0.0	0.0	0.0	0.0	0.0	0.0	0.0	0.0	0.0	0.0	0.0	0.0	0.0	0.0	0.0	0.0	0.0	0.0	0.0	0.0	0.0	0.0	0.0	0.0	0.0	0.0	0.0	0.0	0.0	0.0	0.0	0.0	0.0	0.0	0.0	0.0	0.0	0.0	0.0	0.0	0.0	0.0	0.0	0.0	0.0	0.0	0.0	0.0	0.0	0.0	0.0	0.0	0.0	0.0	0.0	0.0	0.0	0.0	0.0	0.0	0.0	0.0
2060.105275145962	2.859465211407951	8.176541295252317	4244033.744684219	2990.0276983963818	5.380274079975607	8940265.637177564	28.94734917565736	2216.258290212392	2.2314490115995795	4.97936469136874	4911800.808935154	2517.631873185541	1715.097220713866	0.7553229999999999	24.358446	0.2316131653119585	0.1200898651035976	0.0385023825	0.0269596104	-0.0210019779	0.0600248277	-0.0295269319	0.0040289513	0.0063296328	-0.0632402036	-0.0237408438	-0.0286684811	0.0382968362	-0.0297354066	0.0664466752	0.0159313973	0.0048126133	0.009130254	0.0490154506	0.0714335419	-0.0427032022	0.0447485304	-0.0389658825	-0.0173453796	0.0495320768	0.0065817591	0.0209359931	-0.0627797546	-0.0283094763	-0.0654867766	0.0084841046	-0.008313956	-0.0377535947	8.19393e-05	0.0813091008	-0.0188500386	0.0115479944	-0.012200603	0.0640209761	0.0247419926	0.0339418961	0.0727055554	-0.0569435013	-0.0848526989	0.1837466956	0.0410476118	-0.0176018193	-0.007364108	0.0168016757	0.0222050303	-0.0335774874	-0.076897458	0.0155973146	0.0542752841	-0.06523908	-0.0170960702	0.043249401	-0.0215390501	-0.0216453457	0.0131948967	-0.0773849666	-0.0382063093	0.0650363955	0.0592265694	-0.0458939156	-0.0740598336	0.0219572114	-0.2163557124262212	-0.0118549687249328	0.0468097942994577	0.0001405402834691	-0.2179795109295383	-0.0234199824285211	0.0475150671850807	0.0005484955769522	-2.0254262412338875	-0.0777665017759046	4.102351458678834	0.0060476287984617	-0.0242273779342471	0.0013935510030145	1.9419843980029944e-06	0.0005869658415688	0.0034370544043897	-0.0005760149163916	1.1813342978734637e-05	3.317931839056223e-07	-0.0038829582586505	0.0004018683282458	1.5077364838422124e-05	1.6149815324707406e-07	0.0	0.0	0.0	0.0	0.0	0.0	0.0	0.0	0.0	0.0	0.0	0.0	0.0	0.0	0.0	0.0	0.0	0.0	0.0	0.0	0.0	0.0	0.0	0.0	0.0	0.0	0.0	0.0	0.0	0.0	0.0	0.0	0.0	0.0	0.0	0.0	0.0	0.0	0.0	0.0	0.0	0.0	0.0	0.0	0.0	0.0	0.0	0.0	0.0	0.0	0.0	0.0	0.0	0.0	0.0	0.0	0.0	0.0	0.0	0.0	0.0	0.0	0.0	0.0	0.0	0.0	0.0	0.0	0.0	0.0	0.0	0.0	0.0	0.0	0.0	0.0	0.0	0.0	0.0	0.0	0.0	0.0	0.0	0.0	0.0	0.0	0.0	0.0	0.0	0.0	0.0	0.0	0.0	0.0	0.0	0.0	0.0	0.0	0.0	0.0	0.0	0.0	0.0	0.0
2067.6448282989645	7.539553153002544	56.8448617469506	4275155.135991454	2983.2607091000204	-6.7669892963613165	8899844.458459957	45.79214413706863	2216.3548118954614	0.0965216830695681	0.0093164353025821	4912228.652212166	2510.0728475795413	1743.9057505858011	0.758791	24.470284	0.1252257875309337	0.0909788993641156	0.0266826972	0.0130045423	0.0182008747	0.0693763354	-0.0350704144	-0.0124574823	-0.0381807544	0.0213075305	0.0090455752	-0.0578816568	0.0541764472	-0.0263904238	0.0468079262	0.0158362707	0.0120627217	0.0057012084	0.0233969479	0.0904097105	-0.0357937788	-0.0016929208	-0.0073487763	-0.0012520722	0.0692285462	0.0369389455	0.0169389219	0.0184012806	-0.007189369	-0.0866837443	-0.0228611907	-0.0404194346	-0.0050607812	-0.0231672477	0.0661962236	-0.0186990313	0.012706584	-0.0168924055	0.0336316103	0.0262018145	0.03976177	0.0870649595	-0.0519431146	-0.0547542587	0.1605218725	0.0344700345	-0.009410224	-0.0018437372	0.0099404571	0.0371966275	0.0239348863	-0.0761735297	-0.0340988396	0.0308878621	-0.0611917467	-0.0249108079	0.0502082732	0.0475618018	-0.0005109011	0.0123503943	-0.0779133966	-0.0359208828	0.0670465522	0.0562039158	-0.0500436514	-0.0713432033	0.0284607885	-0.2162089760029744	0.0001467364232468	0.0467463213042547	2.1531577907266123e-08	-0.2238671564123535	-0.0058876454828152	0.0501165037201531	3.466436933131425e-05	-2.0057198787612407	0.0197063624726467	4.022912232058006	0.0003883407219033	-0.0258471328587211	-0.0016197549244739	2.623606015357768e-06	0.0006680742770163	0.0037431474353957	0.000306093031006	1.4011152723109406e-05	9.369294363044021e-08	-0.003946811166215	-6.385290756449977e-05	1.5577318381759406e-05	4.0771938044405525e-09	0.0	0.0	0.0	0.0	0.0	0.0	0.0	0.0	0.0	0.0	0.0	0.0	0.0	0.0	0.0	0.0	0.0	0.0	0.0	0.0	0.0	0.0	0.0	0.0	0.0	0.0	0.0	0.0	0.0	0.0	0.0	0.0	0.0	0.0	0.0	0.0	0.0	0.0	0.0	0.0	0.0	0.0	0.0	0.0	0.0	0.0	0.0	0.0	0.0	0.0	0.0	0.0	0.0	0.0	0.0	0.0	0.0	0.0	0.0	0.0	0.0	0.0	0.0	0.0	0.0	0.0	0.0	0.0	0.0	0.0	0.0	0.0	0.0	0.0	0.0	0.0	0.0	0.0	0.0	0.0	0.0	0.0	0.0	0.0	0.0	0.0	0.0	0.0	0.0	0.0	0.0	0.0	0.0	0.0	0.0	0.0	0.0	0.0	0.0	0.0	0.0	0.0	0.0	0.0
2066.1821964089745	-1.462631889990007	2.1392920456157403	4269108.868757414	2985.7960886101973	2.535379510176881	8914978.282759953	6.428149260624761	2214.106605959145	-2.248205936316481	5.054429932088664	4902268.062551924	2513.3953529196565	1732.0520081248362	0.696127	22.44944	0.097746572875658	0.0466915626594375	0.0434249919	0.0090245915	0.004515571	0.0900223549	-0.0323250067	-0.0176661305	-0.0206018009	-0.030621425	0.0105307454	-0.068768269	0.0451714878	-0.017677525	0.0560789364	0.0201110323	0.0015877896	0.016079407	0.0149501174	0.1164544895	-0.0452580054	0.0351510682	-0.0127093101	-0.0182455284	0.0501620797	0.0264998829	0.0086812966	-0.0297966148	-0.0167049304	-0.0974099127	-0.0081059327	-0.011505918	-0.0261581898	0.0038546465	0.0927972097	-0.0200333279	0.0101159317	0.000309366	0.036456044	0.0427207534	0.0343568252	0.1013462157	-0.0532391142	-0.0740046867	0.1707508912	0.0322722116	-0.0309727911	0.0021453485	0.0395902084	0.0375749164	-0.0085956999	-0.0792643905	-0.0164376556	0.0597129973	-0.0466536149	-0.0141568162	0.0346761789	0.0003375466	0.0459580958	0.0115045374	-0.0784076511	-0.0336000067	0.0689390864	0.0530272111	-0.0539958877	-0.0682433853	0.0347647336	-0.2138982507059097	0.0023107252970646	0.0457524616550482	5.339451398494708e-06	-0.235596789710101	-0.0117296332977475	0.0555058473217055	0.0001375842972996	-1.981767852113535	0.0239520266477057	3.9274038196706935	0.0005736995805324	-0.0262762575337318	-0.0004291246750106	1.8414798670303858e-07	0.0006904417099789	0.0031091640082361	-0.0006339834271596	9.666900830110773e-06	4.0193498591303193e-07	-0.0038148355157225	0.0001319756504925	1.4552970012017752e-05	1.7417572322918523e-08	0.0	0.0	0.0	0.0	0.0	0.0	0.0	0.0	0.0	0.0	0.0	0.0	0.0	0.0	0.0	0.0	0.0	0.0	0.0	0.0	0.0	0.0	0.0	0.0	0.0	0.0	0.0	0.0	0.0	0.0	0.0	0.0	0.0	0.0	0.0	0.0	0.0	0.0	0.0	0.0	0.0	0.0	0.0	0.0	0.0	0.0	0.0	0.0	0.0	0.0	0.0	0.0	0.0	0.0	0.0	0.0	0.0	0.0	0.0	0.0	0.0	0.0	0.0	0.0	0.0	0.0	0.0	0.0	0.0	0.0	0.0	0.0	0.0	0.0	0.0	0.0	0.0	0.0	0.0	0.0	0.0	0.0	0.0	0.0	0.0	0.0	0.0	0.0	0.0	0.0	0.0	0.0	0.0	0.0	0.0	0.0	0.0	0.0	0.0	0.0	0.0	0.0	0.0	0.0
2063.254162405665	-2.9280340033096763	8.57338312453769	4257017.738684301	2980.12375520405	-5.672333406147118	8881137.59633149	32.17536627049256	2209.153617825859	-4.952988133285999	24.53209144847192	4880359.707153081	2506.989465442669	1744.6949966515908	0.84721	27.321714	0.2320908666756129	0.1337018364514391	0.014663237	0.0230443748	0.0219370173	0.0695574042	-0.0431619911	-0.0055817148	-0.0314126636	-0.0481811412	-0.0344260185	-0.0085063535	-0.0034460773	-0.0143043616	0.0718803077	0.0494333759	0.0191105459	0.0010524056	0.0344578109	0.0794232706	-0.0506112376	-0.0040794049	-0.0552041768	0.0085879482	0.044824112	0.0411517397	0.0313661829	-0.0583177774	-0.0308474726	-0.0651038345	0.0045299564	-0.0236056854	-0.0011966154	-0.042016401	0.0796744469	-0.0241583274	0.0121571793	-0.0266751501	0.0420235728	0.0156606981	0.0380183961	0.084041495	-0.0565950808	-0.040465849	0.1681403334	0.0437261447	0.0013254481	-0.0105239908	-0.0189248366	0.0547264335	0.0165501303	-0.033830741	0.0016555528	-0.0054985155	-0.0558825562	-0.0337410753	0.0741426662	0.0266620605	-0.0022349605	0.010657419	-0.0788675135	-0.0312459714	0.0707106781	0.0497051625	-0.0577350269	-0.064777029	0.040824829	-0.2296833275839418	-0.0157850768780321	0.0527544309700323	0.0002491686520453	-0.2066474577949435	0.0289493319151575	0.0427031718131129	0.0008380638183339	-2.1014296085846382	-0.1196617564711033	4.416006399836186	0.0143189359617496	-0.0254245724892853	0.0008516850444464	7.253674149338365e-07	0.0006464088862629	0.0035967826129446	0.0004876186047085	1.2936845164780586e-05	2.3777190365786467e-07	-0.0038294258947939	-1.4590379071400228e-05	1.4664502683718062e-05	2.1287916144715372e-10	0.0	0.0	0.0	0.0	0.0	0.0	0.0	0.0	0.0	0.0	0.0	0.0	0.0	0.0	0.0	0.0	0.0	0.0	0.0	0.0	0.0	0.0	0.0	0.0	0.0	0.0	0.0	0.0	0.0	0.0	0.0	0.0	0.0	0.0	0.0	0.0	0.0	0.0	0.0	0.0	0.0	0.0	0.0	0.0	0.0	0.0	0.0	0.0	0.0	0.0	0.0	0.0	0.0	0.0	0.0	0.0	0.0	0.0	0.0	0.0	0.0	0.0	0.0	0.0	0.0	0.0	0.0	0.0	0.0	0.0	0.0	0.0	0.0	0.0	0.0	0.0	0.0	0.0	0.0	0.0	0.0	0.0	0.0	0.0	0.0	0.0	0.0	0.0	0.0	0.0	0.0	0.0	0.0	0.0	0.0	0.0	0.0	0.0	0.0	0.0	0.0	0.0	0.0	0.0
2062.752422671157	-0.501739734507737	0.2517427611838944	4254947.557235728	2972.978469366776	-7.145285837274059	8838600.97931842	51.055109696349255	2206.7416130825554	-2.412004743303441	5.817766881718301	4869708.546910198	2501.37164140684	1738.252045960666	0.927439	29.909029	0.2410391104507363	0.1174565351971707	0.0342565669	0.0450044264	0.0186902302	0.0845973768	-0.0303772642	0.0056286126	-0.0736431792	0.0117571288	0.058349404	-0.069094089	0.0708614901	-0.090121627	0.1043979928	0.0560717168	0.0217354603	-0.016742547	0.0187323117	0.0997740893	-0.075821069	0.0331080646	0.0174321898	0.0156014133	0.0833580346	0.0736283319	0.0472207064	0.0289156609	-0.0237297923	-0.0884064944	0.0148190407	-0.0590573909	-0.0119243533	0.038758207	0.086064951	-0.016711062	0.0185638287	-0.0313107444	0.0471595458	0.0587462943	0.0334735559	0.101139685	-0.0608318039	-0.065341516	0.1851618056	0.0398352573	-0.0247828261	0.002787321	-0.0090185644	0.053576493	-0.009035966	-0.0355170949	0.0242497264	-0.0054299327	-0.0153408325	-0.0160739974	0.0780724994	-0.0004666377	0.053331193	0.0098091318	-0.0792927819	-0.0288611001	0.0723582192	0.0462468756	-0.0612463124	-0.0609627523	0.0465985677	-0.2959059138629669	-0.066222586279025	0.0875603098590775	0.0043854309334829	-0.2378910323256065	-0.0312435745306629	0.0565921432609427	0.000976160949453	-2.07920235624178	0.0222272523428581	4.32308243820137	0.000494050746713	-0.0264763496657265	-0.0010517771764412	1.1062352288826278e-06	0.0007009970916218	0.0038063194569828	0.0002095368440381	1.4488067808605836e-05	4.390568900948885e-08	-0.0049950258202783	-0.0011655999254844	2.4950282945246907e-05	1.3586231862892396e-06	0.0	0.0	0.0	0.0	0.0	0.0	0.0	0.0	0.0	0.0	0.0	0.0	0.0	0.0	0.0	0.0	0.0	0.0	0.0	0.0	0.0	0.0	0.0	0.0	0.0	0.0	0.0	0.0	0.0	0.0	0.0	0.0	0.0	0.0	0.0	0.0	0.0	0.0	0.0	0.0	0.0	0.0	0.0	0.0	0.0	0.0	0.0	0.0	0.0	0.0	0.0	0.0	0.0	0.0	0.0	0.0	0.0	0.0	0.0	0.0	0.0	0.0	0.0	0.0	0.0	0.0	0.0	0.0	0.0	0.0	0.0	0.0	0.0	0.0	0.0	0.0	0.0	0.0	0.0	0.0	0.0	0.0	0.0	0.0	0.0	0.0	0.0	0.0	0.0	0.0	0.0	0.0	0.0	0.0	0.0	0.0	0.0	0.0	0.0	0.0	0.0	0.0	0.0	0.0
2059.9827267326305	-2.769695938526638	7.671215591890955	4243528.834436803	3024.770914820621	51.79244545384472	9149239.087144775	2682.4574060894806	2224.129453188413	17.387840105857777	302.3369835468762	4946751.82454019	2546.4043877823474	1731.1788070380355	1.510257	48.704342	0.8458390064765303	0.4819934613117237	-0.0265738673	0.0285138554	0.0446014512	0.0290607318	0.0215799056	0.0280087572	0.075233792	-0.0752922173	0.033542642	0.1583232639	-0.1440574473	0.0019672174	-0.0528986817	0.0190871043	0.0330442291	-0.0136125604	0.0281807114	-0.0625791993	-0.0355450949	0.0176146836	0.0707845282	0.024093683	-0.0061487626	-0.048838308	0.0514293641	-0.1109071706	-0.0665293916	0.1374950809	0.0867771145	0.0219568023	-0.0313064299	-0.0491992578	-0.0093087122	0.0040532714	-0.0091806799	-0.0518140472	0.0264668715	0.0289403312	-0.0127584528	0.0153168178	-0.020142295	0.0249347648	0.0472371991	0.0544439668	0.0050394791	-0.0097483902	-0.0612743231	0.1049612319	0.0109106363	0.014004636	0.0935245361	-0.1693926798	-0.0498201365	0.0147007963	0.1718147609	-0.0088021448	-0.0488582484	0.008959769	-0.0796832699	-0.0264477464	0.0738788195	0.0426618292	-0.0645158866	-0.0568210419	0.0520454508	-0.2961174831301747	-0.0002115692672078	0.0876855638153493	4.4761554826859856e-08	-0.2653100511618476	-0.027419018836241	0.0703894232475021	0.0007518025939421	-2.4482991909352165	-0.3690968346934364	5.994168928334036	0.1362324733807139	-0.0289688909162092	-0.0024925412504826	6.212761885357852e-06	0.0008391966409152	-0.0002560615027638	-0.0040623809597466	6.556749319765557e-08	1.6502939062111707e-05	-0.0074223352836419	-0.0024273094633636	5.509106106279549e-05	5.891831230934488e-06	0.0	0.0	0.0	0.0	0.0	0.0	0.0	0.0	0.0	0.0	0.0	0.0	0.0	0.0	0.0	0.0	0.0	0.0	0.0	0.0	0.0	0.0	0.0	0.0	0.0	0.0	0.0	0.0	0.0	0.0	0.0	0.0	0.0	0.0	0.0	0.0	0.0	0.0	0.0	0.0	0.0	0.0	0.0	0.0	1.0	0.0	0.0	0.0	0.0	0.0	0.0	0.0	0.0	0.0	0.0	0.0	0.0	0.0	0.0	0.0	0.0	0.0	0.0	0.0	0.0	0.0	0.0	0.0	0.0	0.0	0.0	0.0	0.0	0.0	0.0	0.0	0.0	0.0	0.0	0.0	0.0	0.0	0.0	0.0	0.0	0.0	0.0	0.0	0.0	0.0	0.0	0.0	0.0	0.0	0.0	0.0	0.0	0.0	0.0	0.0	0.0	0.0	0.0	0.0
2075.494206578961	15.51147984633053	240.60600702311825	4307676.201542831	2985.4087980571544	-39.36211676346648	8912665.691517062	1549.3762361007684	2225.6045799090234	1.4751267206102057	2.17599884185822	4953315.746112021	2517.956956385125	1745.5982508824525	1.450387	46.77359	0.849886246865457	0.4345733251117972	-0.0364315077	0.0249938271	0.0604152023	-0.0253616606	0.0831240292	0.0305756633	-0.055727805	0.019853865	0.0909379979	0.0406584282	0.0227376048	-0.0576462645	0.0623622891	0.0199456795	0.0563819139	-0.0229315299	0.0012558683	-0.0558155557	-0.0814977423	-0.056131805	0.0798555588	-0.0106809662	0.1109899918	0.0415859271	0.095751583	0.0500762013	0.0193216577	0.0169735619	0.0453400143	-0.0776882969	0.0835154634	-0.0086999707	0.0085259339	0.0260859242	-0.0066074051	-0.0604453244	0.0057576621	0.0348939715	-0.0918260539	-0.0407275571	0.0014694299	0.0458017006	-0.0142558707	0.0803512846	0.0260488139	0.0825156497	-0.0019990318	0.1114857149	0.0849532082	0.0316439467	0.0018731243	-0.2404935889	0.0559042935	0.0955026318	0.1706073605	0.0818563836	0.0397885601	0.0081094236	-0.0800388062	-0.024008292	0.0752698111	0.0389598496	-0.0675308461	-0.0523741431	0.0571272725	-0.3706030007602692	-0.0744855176300944	0.137346584172516	0.0055480923366231	-0.3258328028980344	-0.0605227517361868	0.1061670154443893	0.0036630034777201	-2.570995048973657	-0.1226958580384405	6.610015541847058	0.0150542735797891	-0.0358587276622151	-0.0068898367460059	4.746985038661321e-05	0.0012858483495529	-0.0035799702538308	-0.003323908751067	1.2816187018313364e-05	1.1048369385419784e-05	-0.0090522321757837	-0.0016298968921418	8.194290736429371e-05	2.656563879013499e-06	0.0	0.0	0.0	0.0	0.0	0.0	0.0	0.0	0.0	0.0	0.0	0.0	0.0	0.0	0.0	0.0	0.0	0.0	0.0	0.0	0.0	0.0	0.0	0.0	0.0	0.0	0.0	0.0	0.0	0.0	0.0	0.0	0.0	0.0	0.0	0.0	0.0	0.0	0.0	0.0	0.0	0.0	0.0	0.0	0.0	1.0	0.0	0.0	0.0	0.0	0.0	0.0	0.0	0.0	0.0	0.0	0.0	0.0	0.0	0.0	0.0	0.0	0.0	0.0	0.0	0.0	0.0	0.0	0.0	0.0	0.0	0.0	0.0	0.0	0.0	0.0	0.0	0.0	0.0	0.0	0.0	0.0	0.0	0.0	0.0	0.0	0.0	0.0	0.0	0.0	0.0	0.0	0.0	0.0	0.0	0.0	0.0	0.0	0.0	0.0	0.0	0.0	0.0	0.0
2066.993909871728	-8.500296707232792	72.25504411099264	4272463.823446814	2976.795817164371	-8.612980892783526	8861313.337087294	74.1834398594541	2216.630244795894	-8.9743351131292	80.5386907227437	4913449.642143906	2514.4388326316443	1780.3865493817036	1.563506	50.421574	0.7992513206535883	0.4188746346754888	-0.0176622223	-0.0165982877	0.0880914924	0.041361829	0.027383932	-0.0022804504	-0.0565459464	-0.0625493339	0.070635903	-0.0003407246	0.0573720292	-0.0091400687	0.0963531731	0.0336441689	0.0531137519	-0.0123763813	0.0188783817	0.0232289438	-0.070925324	-0.0411069617	0.0433654681	-0.0361083933	0.0356094631	0.0392320563	0.0759748617	-0.0071136267	0.0182249893	-0.0174872958	0.0496278483	-0.0383215617	0.0477593275	0.0392233536	0.0736947555	-0.0012338675	-0.0261118935	0.0169036739	-0.0593023225	0.0244676911	-0.0415628515	0.0223538747	0.0416270305	0.0778979403	-0.0257949837	-0.0950103822	-0.0459589039	0.0114442746	0.0512078401	0.1202284843	0.0540804844	0.0595072441	0.0181452151	-0.0107815883	-0.0556109008	-0.0178218617	-0.0851726953	-0.0329835878	0.0679919792	0.0072581889	-0.0803592349	-0.0215451443	0.076528754	0.0351510839	-0.0702792922	-0.0476459404	0.0618083875	-0.1496047216345886	0.2209982791256806	0.0223815727353627	0.0488402393765122	-0.3170635119970626	0.0087692909009717	0.1005292706399114	7.69004629058665e-05	-2.345322750460106	0.225672298513551	5.500538803825757	0.0509279863163893	-0.0361957555110993	-0.0003370278488841	1.135877709235083e-07	0.0013101327170192	0.0010169903859353	0.0045969606397661	1.0342694450848304e-06	2.113204712355875e-05	-0.0071099916221663	0.0019422405536174	5.055198086727497e-05	3.772298368116027e-06	0.0	0.0	0.0	0.0	0.0	0.0	0.0	0.0	0.0	0.0	0.0	0.0	0.0	0.0	0.0	0.0	0.0	0.0	0.0	0.0	0.0	0.0	0.0	0.0	0.0	0.0	0.0	0.0	0.0	0.0	0.0	0.0	0.0	0.0	0.0	0.0	0.0	0.0	0.0	0.0	0.0	0.0	0.0	0.0	0.0	0.0	1.0	0.0	0.0	0.0	0.0	0.0	0.0	0.0	0.0	0.0	0.0	0.0	0.0	0.0	0.0	0.0	0.0	0.0	0.0	0.0	0.0	0.0	0.0	0.0	0.0	0.0	0.0	0.0	0.0	0.0	0.0	0.0	0.0	0.0	0.0	0.0	0.0	0.0	0.0	0.0	0.0	0.0	0.0	0.0	0.0	0.0	0.0	0.0	0.0	0.0	0.0	0.0	0.0	0.0	0.0	0.0	0.0	0.0
2079.4859570276385	12.492047155910312	156.05124214548695	4324261.845475154	3055.333446944388	78.53762978001714	9335062.472017076	6168.159291463036	2241.7589623917747	25.12871759588052	631.4524480135151	5025483.245463846	2564.486754633509	1744.0338876821477	1.71705	55.373222	1.5329657540157586	0.7410379515447697	-0.0144774992	-0.0739188118	0.0228467553	0.0135985141	-0.1025064272	-0.0181203446	0.0886187552	-0.0145717937	-0.116281501	0.101092711	-0.0988955858	-0.1085949177	0.0048168009	-0.0336986844	-0.0433874824	-0.0402932205	-0.0619147314	-0.0228275546	0.0313573524	0.0144597262	0.0440319958	-0.0614761332	-0.0058481091	-0.0749324814	-0.045174384	-0.0995015913	-0.0480893826	0.1069003161	-0.0655167455	-0.0021617965	0.0423082114	-0.0273322615	0.0219832069	-0.0343225862	-0.0542926557	0.0300455915	-0.0069782339	-0.0719205981	-0.0200175193	0.0442068597	0.0117930581	0.0896928449	0.0752687768	-0.0885101736	0.0152747668	-0.1117088531	-0.1756080295	-0.0298548824	0.0476546657	0.1595635283	0.1409508631	0.0736967309	-0.1436699573	-0.0121464332	-0.0930512471	-0.0535160974	-0.0565642224	0.0064061583	-0.0806444153	-0.0190607341	0.0776534394	0.0312459714	-0.0727503781	-0.0426618292	0.066055961	0.2356434456929719	0.3852481673275605	0.0555278334980566	0.148416150429244	-0.2605155482200274	0.0565479637770351	0.0678683508643814	0.0031976722073288	-2.529623849041549	-0.184301098581443	6.398996817639782	0.0339668949383267	-0.0360906569286559	0.0001050985824433	1.1045712031611512e-08	0.0013025355175419	0.0124292166422781	0.0114122262563428	0.0001544854263406	0.0001302389081259	-0.0004899459743581	0.0066200456478082	2.4004705778970803e-07	4.382500437906429e-05	0.0	0.0	0.0	0.0	0.0	0.0	0.0	0.0	0.0	0.0	0.0	0.0	0.0	0.0	0.0	0.0	0.0	0.0	0.0	0.0	0.0	0.0	0.0	0.0	0.0	0.0	0.0	0.0	0.0	0.0	0.0	0.0	0.0	0.0	0.0	0.0	0.0	0.0	0.0	0.0	0.0	0.0	0.0	0.0	0.0	0.0	0.0	1.0	0.0	0.0	0.0	0.0	0.0	0.0	0.0	0.0	0.0	0.0	0.0	0.0	0.0	0.0	0.0	0.0	0.0	0.0	0.0	0.0	0.0	0.0	0.0	0.0	0.0	0.0	0.0	0.0	0.0	0.0	0.0	0.0	0.0	0.0	0.0	0.0	0.0	0.0	0.0	0.0	0.0	0.0	0.0	0.0	0.0	0.0	0.0	0.0	0.0	0.0	0.0	0.0	0.0	0.0	0.0	0.0
2084.010563720208	4.524606692569705	20.472065722446565	4343100.02969742	2998.990909295333	-56.342537649054975	8993946.47403605	3174.481548735177	2245.86670820228	4.107745810505094	16.87357564372215	5043917.271011344	2535.8595896372262	1731.184408422289	1.691387	54.545631	1.485399556581089	0.7196840879922568	-0.0518498886	0.0555556309	0.0483518349	0.0348904307	-0.0120739387	0.0884689561	-0.047013096	0.1177033783	0.0020063018	0.0383009822	-0.0344067918	0.0263264772	0.0668970297	-0.0412312215	-0.0526491716	-0.0018414107	0.0071742789	-0.0329948854	0.0395472193	-0.0046064938	-0.0877115766	-0.0513349706	-0.014475491	0.0101932416	-0.0653712512	0.1194875112	0.0137439805	0.033705632	-0.0084551366	-0.0093605848	0.0256983705	-0.0200935294	0.0770175557	-0.0401059094	-0.0258921921	-0.0973297416	0.0469667819	0.0225409156	-0.0265484218	0.0103201141	-0.0250025019	0.0709498128	0.0283480796	-0.017591955	0.0175233024	-0.075769105	-0.1008826029	0.0262436728	-0.0170060474	-0.0346871317	-0.0075472734	-0.1057944316	0.1171994005	-0.0308168854	-0.0860325853	-0.1075446892	0.0266279583	0.0055534252	-0.0808942224	-0.0165575133	0.0786418943	0.0272552159	-0.0749343514	-0.0374485793	0.0698401994	-0.1730641107403556	-0.4087075564333275	0.02995118642635	0.1670418666857016	-0.2922123550278144	-0.0316968068077869	0.0853880604309014	0.0010046875618101	-2.515311483816305	0.0143123652252441	6.326791860618181	0.0002048437983407	-0.0302659591845459	0.0058246977441099	3.392710381024012e-05	0.0009160282853605	0.0041758281399864	-0.0082533885022917	1.743754065470228e-05	6.811842176976083e-05	-0.007025516290251	-0.0065355703158929	4.9357879144582174e-05	4.271367935398043e-05	0.0	0.0	0.0	0.0	0.0	0.0	0.0	0.0	0.0	0.0	0.0	0.0	0.0	0.0	0.0	0.0	0.0	0.0	0.0	0.0	0.0	0.0	0.0	0.0	0.0	0.0	0.0	0.0	0.0	0.0	0.0	0.0	0.0	0.0	0.0	0.0	0.0	0.0	0.0	0.0	0.0	0.0	0.0	0.0	0.0	0.0	0.0	0.0	1.0	0.0	0.0	0.0	0.0	0.0	0.0	0.0	0.0	0.0	0.0	0.0	0.0	0.0	0.0	0.0	0.0	0.0	0.0	0.0	0.0	0.0	0.0	0.0	0.0	0.0	0.0	0.0	0.0	0.0	0.0	0.0	0.0	0.0	0.0	0.0	0.0	0.0	0.0	0.0	0.0	0.0	0.0	0.0	0.0	0.0	0.0	0.0	0.0	0.0	0.0	0.0	0.0	0.0	0.0	0.0
2072.854217373468	-11.156346346740063	124.4640638084204	4296724.606482973	3010.34056717722	11.349657881886742	9062150.330392864	128.81473403587384	2232.447019899046	-13.41968830323367	180.0880341559466	4983819.696656132	2528.401163429652	1743.3952827155258	1.606953	51.822697	0.782577510303071	0.4804238382889207	-0.0095047812	-0.0021593607	0.0507494518	0.1292522313	-0.0086461346	-0.0010231658	-0.027533978	0.0962738401	0.0023005629	-0.023171196	0.0081603627	-0.0669488673	0.0732103398	0.006524179	-0.0266172752	0.0165081828	0.0827939756	0.0413433143	-0.0565856233	0.0257461154	-0.0376401993	-0.0225849777	0.1095860716	0.0390330849	-0.0487771758	0.1137653014	-0.0412256305	-0.0515230351	0.0832275711	-0.0095465181	-0.119473304	-0.0140981639	0.1028532732	-0.0433610198	-0.0103769693	-0.0109846718	0.0032413939	0.072741736	-0.0073445539	0.0917085281	0.0139871531	0.0134229524	0.0597253849	-0.0717048532	-0.0659809167	0.0289113901	0.0354981958	0.1264423506	0.0374924799	0.0613753585	0.0342528683	0.0522011905	0.1477443024	-0.0265524731	0.0058839947	0.1308864	0.1664190845	0.0047000831	-0.0811085467	-0.0140379523	0.0794923845	0.0231897558	-0.0768225931	-0.0320341914	0.073134559	-0.2644907438459398	-0.0914266331055841	0.0699553535801785	0.0083588292410231	-0.2555653608375507	0.0366469941902636	0.0653136536600275	0.0013430021831812	-2.0607011634589867	0.4546103203573182	4.246489285081221	0.2066705433753834	-0.0322995980657692	-0.0020336388812233	4.135687099223155e-06	0.0010432640352102	0.0032562160727638	-0.0009196120672226	1.0602943112525304e-05	8.456863541814248e-07	-0.0080701365948032	-0.0010446203045521	6.512710465878179e-05	1.0912315806827308e-06	0.0	0.0	0.0	0.0	0.0	0.0	0.0	0.0	0.0	0.0	0.0	0.0	0.0	0.0	0.0	0.0	0.0	0.0	0.0	0.0	0.0	0.0	0.0	0.0	0.0	0.0	0.0	0.0	0.0	0.0	0.0	0.0	0.0	0.0	0.0	0.0	0.0	0.0	0.0	0.0	0.0	0.0	0.0	0.0	0.0	0.0	0.0	0.0	0.0	1.0	0.0	0.0	0.0	0.0	0.0	0.0	0.0	0.0	0.0	0.0	0.0	0.0	0.0	0.0	0.0	0.0	0.0	0.0	0.0	0.0	0.0	0.0	0.0	0.0	0.0	0.0	0.0	0.0	0.0	0.0	0.0	0.0	0.0	0.0	0.0	0.0	0.0	0.0	0.0	0.0	0.0	0.0	0.0	0.0	0.0	0.0	0.0	0.0	0.0	0.0	0.0	0.0	0.0	0.0
2081.809835820647	8.95561844717895	80.2031017714519	4333932.192519589	3072.731239399157	62.390672221937166	9441677.26957948	3892.595980305202	2249.4805067978896	17.03348689884342	290.13967593307046	5060162.55046369	2575.8491935614734	1721.2068975320742	1.661919	53.595295	0.8942185939085721	0.6336267702771277	-0.0556648573	0.0508751891	0.017546771	-0.0731002155	-0.020341719	0.0909265379	0.1343434797	-0.025951566	-0.0848025774	0.0892185632	-0.0525603309	-0.0010247369	-0.0071889601	-0.0462519707	-0.0210630999	-0.0026469965	-0.0162447243	-0.0829451651	0.0227320558	-0.0143432953	-0.0267307176	-0.0833805773	0.0264562156	-0.0945146584	-0.0593443452	-0.0836383255	-0.0534581693	0.0975510371	0.0566523806	0.0618200505	-0.0203498036	-0.0019975476	0.0094279924	-0.0275386786	-0.0130948792	-0.0932010642	0.0746032511	0.0057038272	-0.0579122694	-0.021868038	0.002192664	0.0557440607	0.0002732045	-0.0385525065	-0.0096717321	-0.0152890819	-0.0416243809	0.0589280475	-0.0591404447	0.0767897966	0.0757584586	0.0336473965	0.127786052	0.0628271003	-0.0662034786	-0.0549800981	0.1456175475	0.0038462256	-0.081287294	-0.0115045374	0.0802034182	0.0190607341	-0.0784076511	-0.0264477464	0.0759159322	-0.288841637277045	-0.0243508934311051	0.083429491424884	0.000592966010893	-0.3047960219361556	-0.0492306610986049	0.0929006149881054	0.0024236579922056	-2.6768268076558286	-0.6161256441968419	7.165401758184895	0.3796108094369734	-0.0332354544598544	-0.0009358563940852	8.758271903501546e-07	0.001104595433153	0.0020958430112001	-0.0011603730615637	4.392557927596302e-06	1.3464656420027143e-06	-0.0100641350427947	-0.0019939984479915	0.0001012868141596	3.976029810592512e-06	0.0	0.0	0.0	0.0	0.0	0.0	0.0	0.0	0.0	0.0	0.0	0.0	0.0	0.0	0.0	0.0	0.0	0.0	0.0	0.0	0.0	0.0	0.0	0.0	0.0	0.0	0.0	0.0	0.0	0.0	0.0	0.0	0.0	0.0	0.0	0.0	0.0	0.0	0.0	0.0	0.0	0.0	0.0	0.0	0.0	0.0	0.0	0.0	0.0	0.0	1.0	0.0	0.0	0.0	0.0	0.0	0.0	0.0	0.0	0.0	0.0	0.0	0.0	0.0	0.0	0.0	0.0	0.0	0.0	0.0	0.0	0.0	0.0	0.0	0.0	0.0	0.0	0.0	0.0	0.0	0.0	0.0	0.0	0.0	0.0	0.0	0.0	0.0	0.0	0.0	0.0	0.0	0.0	0.0	0.0	0.0	0.0	0.0	0.0	0.0	0.0	0.0	0.0	0.0
2077.412057060125	-4.397778760522215	19.340458026500308	4315640.85481878	3007.4022409539475	-65.32899844520944	9044468.238894826	4267.878037854177	2249.636315019616	0.1558082217266019	0.0242762019576059	5060863.549855038	2543.0048839188776	1728.7646087209605	1.235922	39.857319	0.1248316107125352	0.0617170543007381	-0.0817693858	0.0183508471	0.030275313	-0.026320904	-0.0101329247	0.049252991	-0.0276623811	0.034352846	-0.012768955	0.0611766577	-0.0021321585	0.0437860108	0.0322299291	-0.0363999557	-0.0761863387	-0.0180914042	-0.0354580036	-0.0531766912	0.0878401364	-0.0297979325	-0.0653538666	-0.0659579239	0.0283039452	-0.0034405913	-0.0602982339	0.049105648	0.0169717265	0.0503996336	-0.0071899178	-0.0312737423	0.0596514065	0.0438543921	0.0421670386	-0.0328956088	-0.027335844	-0.0952228438	0.0325703182	-0.0255945032	-0.0752724865	-0.0465087567	0.0176422819	0.0799089858	-0.0333425236	-0.0447111331	0.0123374944	-0.0320115358	-0.0850953014	-0.0105852799	0.0377348285	-0.0420500683	-0.0405668887	-0.0814752654	0.1317991355	0.0070159565	-0.0883000746	0.0263024775	0.0059781163	0.0029919463	-0.0814303861	-0.008959769	0.0807737477	0.0148794683	-0.0796832699	-0.0207192494	0.0781648097	-0.2466023664950256	0.0422392707820193	0.0608127271609469	0.0017841559961967	-0.297810338214461	0.0069856837216946	0.0886909975474116	4.87997770595491e-05	-2.6537467476779923	0.0230800599778362	7.042371800811522	0.0005326891685805	-0.0337836056406302	-0.0005481511807758	3.004697169859046e-07	0.0011413320100816	0.0020080928246819	-8.775018651819991e-05	4.032436792538932e-06	7.700095233978874e-09	-0.009649504485469	0.0004146305573257	9.311293681508636e-05	1.719184990682209e-07	0.0	0.0	0.0	0.0	0.0	0.0	0.0	0.0	0.0	0.0	0.0	0.0	0.0	0.0	0.0	0.0	0.0	0.0	0.0	0.0	0.0	0.0	0.0	0.0	0.0	0.0	0.0	0.0	0.0	0.0	0.0	0.0	0.0	0.0	0.0	0.0	0.0	0.0	0.0	0.0	0.0	0.0	0.0	0.0	0.0	0.0	0.0	0.0	0.0	0.0	0.0	0.0	0.0	0.0	0.0	0.0	0.0	0.0	0.0	0.0	0.0	0.0	0.0	0.0	0.0	0.0	0.0	0.0	0.0	0.0	0.0	0.0	0.0	0.0	0.0	0.0	0.0	0.0	0.0	0.0	0.0	0.0	0.0	0.0	0.0	0.0	0.0	0.0	0.0	0.0	0.0	0.0	0.0	0.0	0.0	0.0	0.0	0.0	0.0	0.0	0.0	0.0	0.0	0.0
2058.189617651893	-19.22243940823182	369.50217680314375	4236144.502210046	3031.751353695518	24.34911274157048	9191516.270634606	592.8792913017098	2237.085457673837	-12.55085734577915	157.52402011409845	5004551.344935761	2549.9443991854114	1704.9353768673689	1.009499	32.555382	0.26572289869089	0.1363735352454501	-0.0817871794	0.0311719656	0.004697388	-0.0941801869	0.0032250275	0.0887931698	0.0294110738	0.0146866306	-0.0278975256	0.065000744	-0.0023226834	0.0268453686	-0.0332823023	-0.0024883329	-0.0409262532	-0.0035827076	-0.0385012114	-0.0487119054	0.096774492	-0.0622941319	-0.0285170383	-0.0215346518	-0.0173738806	-0.0201769098	-0.0488639268	-0.0115017254	-0.002943225	0.0963738254	0.0036279182	0.018639837	0.0005719743	0.014118104	-0.0187027971	-0.0336792749	-0.0149486834	-0.0874751039	0.0637008095	-0.0228398973	-0.0768087142	-0.0494477292	0.0283420647	0.0787564193	-0.0321842369	-0.0147300114	0.0102372471	-0.0217092285	-0.0128784428	-0.0060373504	0.0121966381	0.020049057	-0.0090731229	0.0370935247	0.1013163782	0.0783461038	-0.03905811	0.008434338	0.0877018904	0.0021373389	-0.0815377601	-0.0064061583	0.0812023727	0.010657419	-0.0806444153	-0.0148794683	0.0798654172	-0.1884886342762826	0.058113732218743	0.0355279652513382	0.0033772058723917	-0.300573344938698	-0.0027630067242369	0.0903443356876375	7.63420615817866e-06	-2.7102252648514025	-0.0564785171734101	7.345320986238855	0.0031898229021071	-0.0348660692085221	-0.0010824635678918	1.1717273758132597e-06	0.0012156427820534	0.0007096901924275	-0.0012984026322544	5.03660169227782e-07	1.6858493954451547e-06	-0.0090630178341253	0.0005864866513437	8.213829226167324e-05	3.439665922043469e-07	0.0	0.0	0.0	0.0	0.0	0.0	0.0	0.0	0.0	0.0	0.0	0.0	0.0	0.0	0.0	0.0	0.0	0.0	0.0	0.0	0.0	0.0	0.0	0.0	0.0	0.0	0.0	0.0	0.0	0.0	0.0	0.0	0.0	0.0	0.0	0.0	0.0	0.0	0.0	0.0	0.0	0.0	0.0	0.0	0.0	0.0	0.0	0.0	0.0	0.0	0.0	0.0	0.0	0.0	0.0	0.0	0.0	0.0	0.0	0.0	0.0	0.0	0.0	0.0	0.0	0.0	0.0	0.0	0.0	0.0	0.0	0.0	0.0	0.0	0.0	0.0	0.0	0.0	0.0	0.0	0.0	0.0	0.0	0.0	0.0	0.0	0.0	0.0	0.0	0.0	0.0	0.0	0.0	0.0	0.0	0.0	0.0	0.0	0.0	0.0	0.0	0.0	0.0	0.0
2046.4365515035745	-11.753066148318569	138.13456388675183	4187902.559329842	3000.1472097296464	-31.60414396587157	9000883.280048583	998.8219158155364	2229.1001652969426	-7.985292376894449	63.7648943444886	4968887.546926857	2534.2258857657903	1689.3377748920932	0.999225	32.224045	0.2118908605856196	0.1014107351099102	-0.0824997507	0.014221224	-0.0299320468	-0.074259535	-0.0169141497	0.0784349933	-0.0161061905	-0.0420488743	-0.0595523986	0.013167042	-0.0758202805	-0.0255310855	-0.0454125825	0.0073138317	-0.0279496389	-0.0062729984	-0.1307444451	0.0376441308	0.1158306985	-0.035811819	-0.0462977153	-0.0002717507	-0.0481428317	0.0133567548	-0.0380689179	-0.0815655727	-0.0115031136	0.077271949	-0.1154312986	0.0470683312	0.0610717232	0.0080786424	0.0217583326	-0.030888672	-0.0199003421	-0.0732913058	0.0455127846	-0.0540483491	-0.0774095633	-0.071395821	0.0384130399	0.0747025734	-0.0428091442	-0.0216350417	-0.0035166843	-0.0289546954	-0.0477825302	-0.0753636558	0.0395007685	-0.0379034019	-0.0223189018	-0.0234310788	0.0710625816	0.0459936489	-0.0808925996	-0.0034061546	-0.0149660825	0.0012824971	-0.0816093689	-0.0038462256	0.0814885411	0.0064061583	-0.081287294	-0.008959769	0.0810058262	-0.1578979913420397	0.0305906429342429	0.0249317756698508	0.0009357874351303	-0.3352832471754396	-0.0347099022367416	0.1124148558365069	0.0012047773132841	-2.774487957000588	-0.0642626921491853	7.697783423541296	0.0041296936022609	-0.0360462098000637	-0.0011801405915415	1.3927318158041497e-06	0.0012993292409502	0.0008288543313315	0.000119164138904	6.869995025669879e-07	1.4200092000731811e-08	-0.0094102655689887	-0.0003472477348633	8.85530980788942e-05	1.2058098936776177e-07	0.0	0.0	0.0	0.0	0.0	0.0	0.0	0.0	0.0	0.0	0.0	0.0	0.0	0.0	0.0	0.0	0.0	0.0	0.0	0.0	0.0	0.0	0.0	0.0	0.0	0.0	0.0	0.0	0.0	0.0	0.0	0.0	0.0	0.0	0.0	0.0	0.0	0.0	0.0	0.0	0.0	0.0	0.0	0.0	0.0	0.0	0.0	0.0	0.0	0.0	0.0	0.0	0.0	0.0	0.0	0.0	0.0	0.0	0.0	0.0	0.0	0.0	0.0	0.0	0.0	0.0	0.0	0.0	0.0	0.0	0.0	0.0	0.0	0.0	0.0	0.0	0.0	0.0	0.0	0.0	0.0	0.0	0.0	0.0	0.0	0.0	0.0	0.0	0.0	0.0	0.0	0.0	0.0	0.0	0.0	0.0	0.0	0.0	0.0	0.0	0.0	0.0	0.0	0.0
2055.042582092938	8.606030589363627	74.06376250506246	4223200.01421521	3044.4642764442847	44.31706671463826	9268762.730545422	1964.0024021896984	2237.2753388375945	8.17517354065194	66.83346241977559	5005400.941770873	2545.4696247757743	1643.9769410991137	1.072951	34.601643	0.2769009773973763	0.1639672107708764	-0.0955337944	0.0413764333	-0.0196057824	-0.0251348551	-0.0205405582	0.1059737657	0.0136234693	0.212942906	-0.0625418682	0.0428340845	-0.0029098676	-0.0234531349	-0.0802543437	-0.0042756566	-0.0437241923	-0.0317279996	-0.072461471	0.011226354	0.0441301414	-0.0636231284	-0.0408356421	-0.0656330885	0.0166564266	0.0139099485	-0.0872327645	0.112649249	-0.0285707811	0.0807643448	-0.0858063227	-0.0059349673	0.0355890203	-0.1001923385	0.0207943848	-0.0424458973	-0.0174223052	-0.0648760255	0.028988987	-0.0092457936	-0.0776708656	-0.0182958081	0.0362806754	0.0984751614	-0.0278860826	-0.028793454	-0.007501663	-0.0130783755	0.0225391116	-0.0215426251	0.0449793342	-0.0022418648	-0.005336099	0.0225186662	0.1019851729	0.0710953568	-0.0122936466	-0.0147151802	0.0924215769	0.0004275147	-0.0816451812	-0.0012824971	0.081631751	0.0021373389	-0.0816093689	-0.0029919463	0.0815780375	-0.1405368708309851	0.0173611205110545	0.0197506120629649	0.0003014085053993	-0.3201655337367413	0.0151177134386983	0.1025059689929324	0.0002285452596146	-2.6213032963805745	0.1531846606200133	6.871230971615666	0.0234655402492686	-0.0365070745654796	-0.0004608647654159	2.1239633200185493e-07	0.0013327664933294	0.0006380480429823	-0.0001908062883491	4.07105305153543e-07	3.6407039673598033e-08	-0.0082371869662016	0.001173078602787	6.785124911616152e-05	1.3761134083169324e-06	0.0	0.0	0.0	0.0	0.0	0.0	0.0	0.0	0.0	0.0	0.0	0.0	0.0	0.0	0.0	0.0	0.0	0.0	0.0	0.0	0.0	0.0	0.0	0.0	0.0	0.0	0.0	0.0	0.0	0.0	0.0	0.0	0.0	0.0	0.0	0.0	0.0	0.0	0.0	0.0	0.0	0.0	0.0	0.0	0.0	0.0	0.0	0.0	0.0	0.0	0.0	0.0	0.0	0.0	0.0	0.0	0.0	0.0	0.0	0.0	0.0	0.0	0.0	0.0	0.0	0.0	0.0	0.0	0.0	0.0	0.0	0.0	0.0	0.0	0.0	0.0	0.0	0.0	0.0	0.0	0.0	0.0	0.0	0.0	0.0	0.0	0.0	0.0	0.0	0.0	0.0	0.0	0.0	0.0	0.0	0.0	0.0	0.0	0.0	0.0	0.0	0.0	0.0	0.0
2063.3122766474235	8.26969455448534	68.3878480244845	4257257.550963974	3033.4984227230675	-10.965853721217172	9202112.680663338	120.2499478351325	2249.4449383624187	12.169599524824209	148.09915259460158	5060002.530724306	2555.375144382258	1665.4049565554997	1.013336	32.679127	0.6136303392236376	0.3220969678923365	-0.0578340945	0.0222749488	-0.0578768797	-0.1130901097	0.0050541038	0.0577613338	0.0387000851	-0.0395914509	-0.0829316399	-0.0334689867	0.0482335088	-0.0046330616	-0.01748389	-0.0317394417	-0.0306198731	-0.0346504169	-0.0579742523	-0.0249747024	0.063037116	-0.0266081473	-0.0352439518	-0.0176639888	-0.0379872342	-0.032907113	-0.0395561617	-0.0585434066	0.0036815218	0.0193769329	-0.0715584103	0.0184923896	0.0592141019	0.0303665367	-0.0616775688	-0.0181155346	0.0069373975	-0.058274987	0.04884855	-0.0634887294	-0.0707059039	-0.0737757106	0.0287705828	0.046888651	-0.0596715918	-0.0017022785	-0.0188484643	0.004156092	0.0498777843	-0.0803181749	0.0560353436	-0.0353972061	-0.0396523773	0.0234745582	0.0007955385	0.0652901849	0.0015160965	-0.0158571196	0.0403485702	-0.0004275147	-0.0816451812	0.0012824971	0.081631751	-0.0021373389	-0.0816093689	0.0029919463	0.0815780375	-0.18623018967304	-0.0456933188420549	0.0346816835456564	0.0020878793868016	-0.3378573097791104	-0.0176917760423691	0.1141475617711777	0.0003129989395333	-2.8666593938977982	-0.2453560975172237	8.217736080622492	0.0601996145888814	-0.0388739452749661	-0.0023668707094864	5.602076955425115e-06	0.001511183621241	-0.0018459451675307	-0.0024839932105129	3.407513561529944e-06	6.170222269874679e-06	-0.0094841059826419	-0.0012469190164402	8.994826628998388e-05	1.554807033560444e-06	0.0	0.0	0.0	0.0	0.0	0.0	0.0	0.0	0.0	0.0	0.0	0.0	0.0	0.0	0.0	0.0	0.0	0.0	0.0	0.0	0.0	0.0	0.0	0.0	0.0	0.0	0.0	0.0	0.0	0.0	0.0	0.0	0.0	0.0	0.0	0.0	0.0	0.0	0.0	0.0	0.0	0.0	0.0	0.0	0.0	0.0	0.0	0.0	0.0	0.0	0.0	1.0	0.0	0.0	0.0	0.0	0.0	0.0	0.0	0.0	0.0	0.0	0.0	0.0	0.0	0.0	0.0	0.0	0.0	0.0	0.0	0.0	0.0	0.0	0.0	0.0	0.0	0.0	0.0	0.0	0.0	0.0	0.0	0.0	0.0	0.0	0.0	0.0	0.0	0.0	0.0	0.0	0.0	0.0	0.0	0.0	0.0	0.0	0.0	0.0	0.0	0.0	0.0	0.0
2063.27687207907	-0.0354045683534423	0.0012534834602935	4257111.450856391	3016.691711747019	-16.806710976048635	9100428.883723158	282.46553383243366	2242.423591382576	-7.021346979842747	49.29931341134686	5028463.56318913	2548.429700960926	1661.7010459958508	0.918753	29.628918	0.2927595552747762	0.1604445995245173	-0.0869049197	0.0366928398	-0.0219058466	-0.0142530508	0.0225616938	0.0527846419	-0.0033672477	0.002083411	-0.0109410215	0.0297984771	-0.0540178129	0.0273601588	-0.0464594196	0.0015265163	-0.0273486043	0.0098310991	-0.0334393149	-0.04789729	0.053078258	-0.0062297169	-0.0172737031	0.0016204627	-0.0298162402	-0.0039730478	-0.0320913934	-0.0142696074	0.0059181265	0.0830325549	-0.0256110312	0.0262350428	0.0305630997	0.027404082	0.001915279	-0.0182654449	0.0018659339	-0.0429793001	0.002948495	-0.008008632	-0.0732058514	-0.0373220726	0.0346659925	0.0489799294	-0.0717069676	-0.0255565953	-0.0342599439	0.0280585534	0.0563657692	-0.0919050099	0.0195712242	-0.0979196142	-0.0237811261	-0.0063893962	-0.0128321826	0.0983243809	0.0140547806	-0.0602612442	0.0270649337	-0.0012824971	-0.0816093689	0.0038462256	0.0814885411	-0.0064061583	-0.081287294	0.008959769	0.0810058262	-0.1719575988342399	0.0142725908388001	0.0295694157968373	0.0002037068492518	-0.3595680049179606	-0.0217106951388502	0.1292891501606825	0.000471354283412	-2.750678020346242	0.115981373551556	7.566229571615922	0.0134516790109055	-0.0406888961310292	-0.001814950856063	3.2940466099241728e-06	0.0016555862683616	-0.0021989016951176	-0.0003529565275868	4.835168664791054e-06	1.2457831036620205e-07	-0.0101320965139033	-0.0006479905312614	0.000102659379767	4.198917286044321e-07	0.0	0.0	0.0	0.0	0.0	0.0	0.0	0.0	0.0	0.0	0.0	0.0	0.0	0.0	0.0	0.0	0.0	0.0	0.0	0.0	0.0	0.0	0.0	0.0	0.0	0.0	0.0	0.0	0.0	0.0	0.0	0.0	0.0	0.0	0.0	0.0	0.0	0.0	0.0	0.0	0.0	0.0	0.0	0.0	0.0	0.0	0.0	0.0	0.0	0.0	0.0	0.0	0.0	0.0	0.0	0.0	0.0	0.0	0.0	0.0	0.0	0.0	0.0	0.0	0.0	0.0	0.0	0.0	0.0	0.0	0.0	0.0	0.0	0.0	0.0	0.0	0.0	0.0	0.0	0.0	0.0	0.0	0.0	0.0	0.0	0.0	0.0	0.0	0.0	0.0	0.0	0.0	0.0	0.0	0.0	0.0	0.0	0.0	0.0	0.0	0.0	0.0	0.0	0.0
2070.959063470213	7.682191391143078	59.01606457015283	4288871.442569423	3031.831051796361	15.13934004934208	9191999.526636628	229.1996171296131	2245.4910222833805	3.0674309008045384	9.40913233121054	5042229.931155262	2549.686613054074	1681.841252735074	0.832655	26.852329	0.173917354014932	0.086856946686487	-0.0526921242	0.0163169917	-0.0310023245	-0.0385327729	0.0238138074	0.0300659702	0.0054075419	0.051446015	0.0015695244	0.0108279441	0.0148379657	0.048193095	-0.0489433179	-0.014891365	-0.0148186778	-0.0326020397	-0.0441117471	-0.0084690646	0.0336193206	-0.0381264968	-0.0083868771	0.0384788834	-0.0006856782	-0.0042561776	-0.0266524028	0.0388220038	0.0077362615	0.0400188551	-0.03126422	0.005268093	0.0512313788	-0.0210005607	-0.0387975033	-0.0106288176	0.0156931216	-0.0302553548	0.0044448716	-0.0340816207	-0.0531446858	-0.0511171631	0.0255924828	0.0369032747	-0.0740819529	-0.0206414227	-0.0280428237	0.0454798071	0.063266844	-0.0751444385	0.0338022619	-0.0686888773	-0.0473461274	0.0053848622	-0.0325724754	0.0434440902	-0.0025556898	0.0037418045	0.0271990107	-0.0021373389	-0.0815377601	0.0064061583	0.0812023727	-0.010657419	-0.0806444153	0.0148794683	0.0798654172	-0.1686097876634562	0.0033478111707836	0.0284292604959157	1.120783963522412e-05	-0.3607047762307331	-0.0011367713127725	0.1301079355956632	1.292249017542538e-06	-2.810119933544648	-0.0594419131984058	7.896774040904977	0.0035333410446868	-0.0418760308587908	-0.0011871347277616	1.4092888618576091e-06	0.0017536019604863	-0.0017082970382518	0.0004906046568657	2.918278770899872e-06	2.406929293384092e-07	-0.0106541742959353	-0.0005220777820319	0.0001135114299281	2.7256521049145164e-07	0.0	0.0	0.0	0.0	0.0	0.0	0.0	0.0	0.0	0.0	0.0	0.0	0.0	0.0	0.0	0.0	0.0	0.0	0.0	0.0	0.0	0.0	0.0	0.0	0.0	0.0	0.0	0.0	0.0	0.0	0.0	0.0	0.0	0.0	0.0	0.0	0.0	0.0	0.0	0.0	0.0	0.0	0.0	0.0	0.0	0.0	0.0	0.0	0.0	0.0	0.0	0.0	0.0	0.0	0.0	0.0	0.0	0.0	0.0	0.0	0.0	0.0	0.0	0.0	0.0	0.0	0.0	0.0	0.0	0.0	0.0	0.0	0.0	0.0	0.0	0.0	0.0	0.0	0.0	0.0	0.0	0.0	0.0	0.0	0.0	0.0	0.0	0.0	0.0	0.0	0.0	0.0	0.0	0.0	0.0	0.0	0.0	0.0	0.0	0.0	0.0	0.0	0.0	0.0
2068.94875728485	-2.0103061853628788	4.041330958908249	4280548.960270526	3069.646251477693	37.81519968133216	9422728.109211052	1429.9893269390238	2247.733596603592	2.242574320211588	5.029139581672467	5052306.32130052	2573.481765608773	1629.757118796237	1.632748	52.654579	0.9131504505872444	0.7497943828718521	0.098129217	0.0292642021	-0.1451439516	-0.1463300205	-0.0284325028	0.0418504828	0.120097112	-0.023049786	-0.0393687578	-0.0803601573	-0.1660832361	-0.0813376281	-0.0670012771	-0.0161484565	0.0056189531	0.0027232428	0.0551922947	-0.0162424822	0.0493255987	0.1321972481	-0.0313504856	0.140084512	-0.1484600579	-0.0641462504	0.001441676	-0.0492275097	-0.0886475019	-0.0080039238	-0.0434379988	0.1129820621	-0.1545286202	-0.0151404196	-0.1208785705	0.0421678016	0.062263025	0.0041260479	0.1558989905	-0.1244107614	0.0605017523	-0.1024039494	-0.0071142752	-0.0291648423	-0.0942032484	0.0245145897	0.0083433258	-0.0777541079	0.0328870144	-0.0453092075	0.0145283674	0.0146077805	-0.0247549465	0.1212711936	-0.0432352358	0.0233110353	-0.0027207993	-0.0754006202	-0.0045093916	-0.0029919463	-0.0814303861	0.008959769	0.0807737477	-0.0148794683	-0.0796832699	0.0207192494	0.0781648097	-0.1219958641405725	0.0466139235228836	0.014882990867405	0.0021728578661972	-0.353748743737853	0.0069560324928801	0.1251381736961092	4.838638804200411e-05	-3.532493566408484	-0.7223736328638362	12.478510796717332	0.5218236654568964	-0.0417496089134739	0.0001264219453168	1.5982508257708183e-08	0.001743029844428	-0.0036027596675101	-0.0018944626292582	1.2979877221837485e-05	3.58898865365627e-06	-0.011377426955513	-0.0007232526595777	0.000129445844128	5.23094409586217e-07	0.0	0.0	0.0	0.0	0.0	0.0	0.0	0.0	0.0	0.0	0.0	0.0	0.0	0.0	0.0	0.0	0.0	0.0	0.0	0.0	0.0	0.0	0.0	0.0	0.0	0.0	0.0	0.0	0.0	0.0	0.0	0.0	0.0	0.0	0.0	0.0	0.0	0.0	0.0	0.0	0.0	0.0	0.0	0.0	0.0	0.0	0.0	0.0	0.0	0.0	0.0	0.0	1.0	0.0	0.0	0.0	0.0	0.0	0.0	0.0	0.0	0.0	0.0	0.0	0.0	0.0	0.0	0.0	0.0	0.0	0.0	0.0	0.0	0.0	0.0	0.0	0.0	0.0	0.0	0.0	0.0	0.0	0.0	0.0	0.0	0.0	0.0	0.0	0.0	0.0	0.0	0.0	0.0	0.0	0.0	0.0	0.0	0.0	0.0	0.0	0.0	0.0	0.0	0.0
2069.2459155504125	0.2971582655623024	0.0883030347919958	4281778.659022065	3010.520310572574	-59.12594090511902	9063232.540369987	3495.876887915627	2240.758515329072	-6.975081274520107	48.65175878616105	5020998.724019747	2539.4440458822105	1663.6414308345518	0.998808	32.210602	0.2488417763355649	0.1301568000786497	0.0681428339	0.0298006593	-0.1168235259	-0.1329600948	-0.0248717552	-0.0125418591	-0.0351371629	0.0623961968	-0.0438438236	-0.0773180181	-0.1005463692	0.1023362487	-0.0693732065	0.0099511875	-0.0134733326	-0.0042422231	0.0191978716	-0.0421939516	0.0267007296	0.0960485883	-0.0149878848	0.1334862325	-0.1647904852	0.0284340863	-0.0292024102	0.0550831168	0.0037650353	-0.0632268926	-0.0449866962	0.07300117	-0.0216955202	-0.0217838267	-0.1719725657	0.0480094773	0.0690243343	0.006342872	0.1085415839	-0.1171264026	0.0691709216	-0.0942880867	-0.0175263103	-0.048844149	-0.0898406031	0.0118622583	0.0007036921	-0.0708264522	-0.0257705254	-0.0472976733	0.056633493	-0.0640793246	-0.0993065622	0.0416804979	-0.0010676278	0.0589299354	-0.0409255219	-0.0044312312	-0.0305886433	-0.0038462256	-0.081287294	0.0115045374	0.0802034182	-0.0190607341	-0.0784076511	0.0264477464	0.0759159322	-0.1653978359911292	-0.0434019718505567	0.0273564441505484	0.0018837311605165	-0.3478349743179478	0.0059137694199051	0.1209891693587674	3.4972668751805645e-05	-3.4772284252496206	0.0552651411588636	12.091117521363955	0.0030542358273091	-0.0433140340671326	-0.0015644251536586	2.447426061400041e-06	0.0018761055471687	-0.0035128270158888	8.993265162129992e-05	1.233995364355821e-05	8.087881827638099e-09	-0.0126082870283578	-0.0012308600728448	0.0001589689017894	1.515016518923506e-06	0.0	0.0	0.0	0.0	0.0	0.0	0.0	0.0	0.0	0.0	0.0	0.0	0.0	0.0	0.0	0.0	0.0	0.0	0.0	0.0	0.0	0.0	0.0	0.0	0.0	0.0	0.0	0.0	0.0	0.0	0.0	0.0	0.0	0.0	0.0	0.0	0.0	0.0	0.0	0.0	0.0	0.0	0.0	0.0	0.0	0.0	0.0	0.0	0.0	0.0	0.0	0.0	0.0	0.0	0.0	0.0	0.0	0.0	0.0	0.0	0.0	0.0	0.0	0.0	0.0	0.0	0.0	0.0	0.0	0.0	0.0	0.0	0.0	0.0	0.0	0.0	0.0	0.0	0.0	0.0	0.0	0.0	0.0	0.0	0.0	0.0	0.0	0.0	0.0	0.0	0.0	0.0	0.0	0.0	0.0	0.0	0.0	0.0	0.0	0.0	0.0	0.0	0.0	0.0
2074.489863093588	5.243947543175636	27.49898583557779	4303508.192078054	3023.7184297260487	13.198119153474636	9142873.142264962	174.19034918931405	2242.440334567776	1.6818192387040654	2.828515951675122	5028538.65409644	2546.557540294267	1674.2271910321113	0.910806	29.372639	0.4476954781182176	0.2681164283311851	0.0244841333	0.0456613005	-0.0771002715	-0.1326940083	-0.0005612588	-0.031695596	-0.0082151491	0.0136914062	0.033600275	-0.0350300672	-0.0215958556	0.0850030388	-0.0601867591	0.0092852038	-0.0080944467	0.0155481875	0.0154437462	-0.0421862268	0.0244730725	0.0710042552	0.003336123	0.1110106207	-0.1558773027	0.0124817612	-0.0052844588	0.0288325268	0.0214410816	-0.0283293185	0.037906489	0.0568518687	-0.0439918546	0.0054502115	-0.1759211191	0.0358005575	0.0636078198	-0.0252874394	0.0562712106	-0.0862830889	0.0251596374	-0.0918778677	-0.0093823196	-0.0374602297	-0.09318341	-0.0009169359	-0.0120520583	0.0219057766	0.0551017454	-0.0502365876	-0.0093954775	-0.0469178762	-0.0316003232	0.0687263484	-0.0129578047	0.0455413847	-0.0048845475	-0.0445929756	0.0520128762	-0.0047000831	-0.0811085467	0.0140379523	0.0794923845	-0.0231897558	-0.0768225931	0.0320341914	0.073134559	-0.2096266320657349	-0.0442287960746057	0.0439433248712229	0.001956186402209	-0.3374844153491096	0.0103505589688381	0.1138957306035303	0.0001071340709673	-3.255386337151677	0.2218420880979437	10.59754020411381	0.0492139120516558	-0.0448312317415681	-0.0015171976744354	2.3018887833124844e-06	0.0020098393394661	-0.0024621088926117	0.001050718123277	6.061980199077612e-06	1.1040085745829509e-06	-0.0134658519301818	-0.000857564901824	0.0001813291682055	7.354175608404081e-07	0.0	0.0	0.0	0.0	0.0	0.0	0.0	0.0	0.0	0.0	0.0	0.0	0.0	0.0	0.0	0.0	0.0	0.0	0.0	0.0	0.0	0.0	0.0	0.0	0.0	0.0	0.0	0.0	0.0	0.0	0.0	0.0	0.0	0.0	0.0	0.0	0.0	0.0	0.0	0.0	0.0	0.0	0.0	0.0	0.0	0.0	0.0	0.0	0.0	0.0	0.0	0.0	0.0	0.0	0.0	0.0	0.0	0.0	0.0	0.0	0.0	0.0	0.0	0.0	0.0	0.0	0.0	0.0	0.0	0.0	0.0	0.0	0.0	0.0	0.0	0.0	0.0	0.0	0.0	0.0	0.0	0.0	0.0	0.0	0.0	0.0	0.0	0.0	0.0	0.0	0.0	0.0	0.0	0.0	0.0	0.0	0.0	0.0	0.0	0.0	0.0	0.0	0.0	0.0
2082.111398116685	7.62153502309684	58.08779610829175	4335187.874167417	3047.3491981907896	23.630768464740868	9286337.135714049	558.4132182341915	2248.902920809659	6.462586241882946	41.765020933774736	5057564.347226216	2567.085418977766	1697.0389262652263	0.8203439999999999	26.455313	0.2194903770489987	0.1325352207466136	0.0223061191	0.0371775151	-0.0639057979	-0.0974317922	0.0051363661	-0.0553662937	0.0503734595	-0.0454768786	-0.0176932475	-0.0394485542	-0.0220308858	0.0355993219	-0.0216612517	-0.009223977	-0.0014895954	0.0009725496	0.0081575402	-0.0577885019	0.0507316801	0.0283959199	0.0205855429	0.0491404672	-0.1009425269	-0.040260539	0.009230579	-0.0493144474	-0.0166205403	-0.0020261577	-0.0041400191	0.0387936301	-0.0420991293	0.0237915811	-0.1230467322	0.0428263208	0.0672729359	-0.0141804594	0.0047584483	-0.0653627074	0.0263992617	-0.0682832785	-0.0057437653	-0.0384109094	-0.0774808901	-0.0105578873	-0.0192750621	0.0418598382	0.0214795818	-0.060879958	-0.0306821572	-0.0633998172	-0.0050802831	-0.0070685499	-0.0107334087	0.0346380018	0.0225740084	-0.0454965362	-0.0375872867	-0.0055534252	-0.0808942224	0.0165575133	0.0786418943	-0.0272552159	-0.0749343514	0.0374485793	0.0698401994	-0.2364539600198725	-0.0268273279541376	0.0559104752090794	0.0007197055251588	-0.3639943003824015	-0.0265098850332918	0.1324918507108739	0.0007027740044783	-3.2339837848065827	0.0214025523450942	10.45865112039191	0.0004580692468844	-0.0468734920085733	-0.0020422602670052	4.1708269981881496e-06	0.0021971242530777	-0.0017791040530183	0.0006830048395934	3.1652112314661417e-06	4.664956109080062e-07	-0.0136355990579127	-0.0001697471277309	0.0001859295616681	2.8814087372890522e-08	0.0	0.0	0.0	0.0	0.0	0.0	0.0	0.0	0.0	0.0	0.0	0.0	0.0	0.0	0.0	0.0	0.0	0.0	0.0	0.0	0.0	0.0	0.0	0.0	0.0	0.0	0.0	0.0	0.0	0.0	0.0	0.0	0.0	0.0	0.0	0.0	0.0	0.0	0.0	0.0	0.0	0.0	0.0	0.0	0.0	0.0	0.0	0.0	0.0	0.0	0.0	0.0	0.0	0.0	0.0	0.0	0.0	0.0	0.0	0.0	0.0	0.0	0.0	0.0	0.0	0.0	0.0	0.0	0.0	0.0	0.0	0.0	0.0	0.0	0.0	0.0	0.0	0.0	0.0	0.0	0.0	0.0	0.0	0.0	0.0	0.0	0.0	0.0	0.0	0.0	0.0	0.0	0.0	0.0	0.0	0.0	0.0	0.0	0.0	0.0	0.0	0.0	0.0	0.0
2082.336221337268	0.2248232205829481	0.0505454805132889	4336124.138693172	3047.780890213816	0.431692023026244	9288968.35475252	0.1863580027444911	2250.5942514923227	1.6913306826636472	2.860599478119479	5065174.484850288	2570.1948199776366	1692.005180745684	1.107835	35.726608	0.4573005107676402	0.2018761324039196	0.0970436243	0.0546043014	-0.076373812	-0.1326093257	-0.0341496139	-0.0601143749	0.0505036618	-0.0796340846	0.0066847017	-0.0322809475	-0.0889036967	0.0042458346	-0.0451719047	-0.0295923819	0.0263594448	-0.0366840613	0.0052287586	-0.0346362552	-0.0084371764	0.024831079	0.0537923012	0.1187692552	-0.0871064084	-0.0508386648	0.0373349684	-0.0784964326	-0.0399598743	-0.0160822783	0.0319228174	0.0162262507	-0.0240698048	-0.0012976946	-0.1309727451	0.0733430603	0.0915971957	-0.0108350919	0.0262411921	-0.0704233435	0.071769482	-0.0642791656	-0.007652346	-0.0431356789	-0.0885531932	0.0252709522	0.0112430102	0.0381722166	0.0794558512	0.0259818108	0.0013755541	0.0479218645	0.0204177596	0.0396085487	0.0547659319	0.0326194063	0.0996839462	0.0211615784	0.0404316692	-0.0064061583	-0.0806444153	0.0190607341	0.0776534394	-0.0312459714	-0.0727503781	0.0426618292	0.066055961	-0.3110916571343409	-0.0746376971144683	0.0967780191385903	0.0055707858305511	-0.3188617038612307	0.0451325965211708	0.1016727861892871	0.0020369512687427	-3.3585650198227484	-0.1245812350161656	11.279958992376978	0.0155204841181531	-0.0494295402901332	-0.0025560482815599	6.533382817665347e-06	0.0024432794532939	-0.0024051458869274	-0.0006260418339091	5.78472673740379e-06	3.919283778042693e-07	-0.0147124885847604	-0.0010768895268477	0.0002164573203567	1.1596910530342637e-06	0.0	0.0	0.0	0.0	0.0	0.0	0.0	0.0	0.0	0.0	0.0	0.0	0.0	0.0	0.0	0.0	0.0	0.0	0.0	0.0	0.0	0.0	0.0	0.0	0.0	0.0	0.0	0.0	0.0	0.0	0.0	0.0	0.0	0.0	0.0	0.0	0.0	0.0	0.0	0.0	0.0	0.0	0.0	0.0	0.0	0.0	0.0	0.0	0.0	0.0	0.0	0.0	0.0	0.0	0.0	0.0	0.0	0.0	0.0	0.0	0.0	0.0	0.0	0.0	0.0	0.0	0.0	0.0	0.0	0.0	0.0	0.0	0.0	0.0	0.0	0.0	0.0	0.0	0.0	0.0	0.0	0.0	0.0	0.0	0.0	0.0	0.0	0.0	0.0	0.0	0.0	0.0	0.0	0.0	0.0	0.0	0.0	0.0	0.0	0.0	0.0	0.0	0.0	0.0
2093.3826413323823	11.04641999511432	122.02339470846144	4382250.883031742	3047.086177143298	-0.6947130705179916	9284734.170937758	0.4826262503485359	2252.879019336783	2.2847678444604758	5.220164103080567	5075463.875767865	2557.5597213330225	1715.5732301339092	1.296705	41.81749	0.4201463495969352	0.2716007654961697	0.0299304789	0.039082831	-0.0471612988	-0.0408838708	-0.018647912	-0.0659278603	-0.0014175783	0.1095007855	0.0302857891	-0.0401731993	5.44051e-05	-0.0094154037	0.0020815044	-0.0058074838	-0.0186327393	0.0155605347	0.0265038814	-0.0662777069	-0.0113410444	0.0263065438	0.0255596833	0.0675208422	-0.0528483598	0.0080117979	-0.0149005987	0.1093794365	0.0154991177	-0.0199937853	-0.0194661772	-0.0084461513	0.0039664476	0.0098689091	-0.0752208884	0.030763613	0.0587376389	0.0023266345	-0.0383466318	-0.0384071989	0.0371836788	-0.0428346588	-0.001966662	-0.0383415135	-0.0714027167	-0.0633046338	-0.0210434199	0.1076040467	0.0546189103	0.0162160558	-0.1193128546	-0.0093768846	0.0587734726	0.0156832472	-0.0533882927	-0.0298865346	-0.0288987312	-0.031275848	-0.0420963721	-0.0072581889	-0.0803592349	0.0215451443	0.076528754	-0.0351510839	-0.0702792922	0.0476459404	0.0618083875	-0.2616143177202161	0.0494773394141248	0.0684420512362141	0.0024480071155005	-0.3089640863375251	0.0098976175237056	0.0954588066463816	9.796283264556424e-05	-3.142019920006049	0.2165450998166993	9.87228917771482	0.0468917802546242	-0.0498947677088923	-0.000465227418759	2.1643655116525081e-07	0.0024894878447243	-5.385972748128687e-05	0.0023512861594461	2.9008702443584882e-09	5.528546603602853e-06	-0.0146444763061175	6.80122786429014e-05	0.0002144606862804	4.625670046199661e-09	0.0	0.0	0.0	0.0	0.0	0.0	0.0	0.0	0.0	0.0	0.0	0.0	0.0	0.0	0.0	0.0	0.0	0.0	0.0	0.0	0.0	0.0	0.0	0.0	0.0	0.0	0.0	0.0	0.0	0.0	0.0	0.0	0.0	0.0	0.0	0.0	0.0	0.0	0.0	0.0	0.0	0.0	0.0	0.0	0.0	0.0	0.0	0.0	0.0	0.0	0.0	0.0	0.0	0.0	0.0	0.0	0.0	0.0	0.0	0.0	0.0	0.0	0.0	0.0	0.0	0.0	0.0	0.0	0.0	0.0	0.0	0.0	0.0	0.0	0.0	0.0	0.0	0.0	0.0	0.0	0.0	0.0	0.0	0.0	0.0	0.0	0.0	0.0	0.0	0.0	0.0	0.0	0.0	0.0	0.0	0.0	0.0	0.0	0.0	0.0	0.0	0.0	0.0	0.0
2083.563495851442	-9.81914548094028	96.41561797586988	4341236.841244682	3029.4073396381577	-17.67883750514011	9177308.82945354	312.54129553314857	2245.739903041295	-7.139116295488293	50.96698148050649	5043347.712111925	2554.7122749259465	1698.2749523738244	1.350278	43.545189	1.3278296075125824	0.7487347520423157	0.0198048408	-0.0302788107	-0.0301119041	-0.0201086148	-0.0715937081	-0.0412481098	0.0076655565	-0.097620038	-0.0412984132	-0.0253748988	-0.0326259337	-0.0177868684	0.0356467642	0.0143635521	-0.0086798745	-0.0005731758	0.0088907785	-0.0385409526	0.0261927502	0.029276682	0.0009931307	0.0903334446	-0.0737739144	-0.0035494778	0.0157304515	-0.0919621183	-0.0202924309	-0.0482446502	-0.0064625463	0.0175725337	-0.0052976217	0.0355041426	-0.0628097614	0.0088480036	0.0160200688	0.0604070094	-0.0423097018	-0.0849921568	0.0759851683	0.0302394475	-0.0390205228	0.0317502475	0.0085106394	-0.0007970359	0.090067708	0.0340451905	-0.0519309507	-0.0602474414	-0.0487307009	0.0301292873	0.0365036712	0.001954396	-0.0005119681	-0.0363849633	-0.0971622598	-0.0023216922	-0.0996345759	-0.0081094236	-0.0800388062	0.024008292	0.0752698111	-0.0389598496	-0.0675308461	0.0523741431	0.0571272725	0.29881913005525	0.5604334477754661	0.0892928724869764	0.3140856493854961	-0.3253594475394123	-0.0163953612018872	0.1058587701031515	0.0002688078689403	-3.149746829097424	-0.0077269090913749	9.920905087409276	5.970512410637312e-05	-0.0498565467223033	3.822098658899653e-05	1.4608438158362527e-09	0.0024856752510732	0.0076262347040334	0.0076800944315146	5.815945576100341e-05	5.89838504769829e-05	-0.0074973139353441	0.0071471623707733	5.620971624510484e-05	5.108192995419924e-05	0.0	0.0	0.0	0.0	0.0	0.0	0.0	0.0	0.0	0.0	0.0	0.0	0.0	0.0	0.0	0.0	0.0	0.0	0.0	0.0	0.0	0.0	0.0	0.0	0.0	0.0	0.0	0.0	0.0	0.0	0.0	0.0	0.0	0.0	0.0	0.0	0.0	0.0	0.0	0.0	0.0	0.0	0.0	0.0	0.0	0.0	0.0	0.0	0.0	0.0	0.0	0.0	0.0	1.0	0.0	0.0	0.0	0.0	0.0	0.0	0.0	0.0	0.0	0.0	0.0	0.0	0.0	0.0	0.0	0.0	0.0	0.0	0.0	0.0	0.0	0.0	0.0	0.0	0.0	0.0	0.0	0.0	0.0	0.0	0.0	0.0	0.0	0.0	0.0	0.0	0.0	0.0	0.0	0.0	0.0	0.0	0.0	0.0	0.0	0.0	0.0	0.0	0.0	0.0
2087.778879933335	4.215384081892808	17.769462957875266	4358820.6514956895	3018.264650043688	-11.14268959446963	9109921.497703347	124.15953139870176	2246.361196542715	0.6212935014200411	0.3860056149067746	5046138.625332817	2542.5457254738244	1732.1544819091284	0.942809	30.40469	0.6468669543636802	0.3188075970831803	0.0387674128	0.0007640355	-0.0204324091	-0.012742278	-0.0233207296	-0.0712060638	-0.0417726464	0.0168381679	0.0037298455	-0.0300566185	0.0116220345	0.0533421463	0.0098659823	0.006314455	-0.0033944629	-0.0039325755	0.0079260012	-0.0344961018	0.0056052015	0.0262000192	-0.0050991646	0.0781825962	-0.0440889121	0.0349905906	0.0011121344	0.0472209356	0.0259378025	-0.0609095054	0.0202102051	0.0061667323	0.0003101592	0.0136671986	-0.0898739289	0.0261835776	0.0465771419	0.0489091762	-0.0525002562	-0.0491668795	0.0881813117	0.0052989657	-0.0305308771	-0.0104920037	-0.0399406321	-0.0092015333	0.0601060278	0.0562713372	-0.0293125313	-0.0428873426	-0.075266999	-0.0270567731	-0.025153157	-0.0488521149	0.0331818142	-0.0295845341	-0.058945283	0.0253868884	-0.123945253	-0.008959769	-0.0796832699	0.0264477464	0.0738788195	-0.0426618292	-0.0645158866	0.0568210419	0.0520454508	0.1110121059569735	-0.1878070240982765	0.0123236876690023	0.0352714783006506	-0.3070561430166805	0.0183033045227318	0.0942834749642801	0.0003350109564518	-3.173955560279936	-0.0242087311825121	10.073993898631922	0.0005860626654671	-0.0516119564511809	-0.0017554097288775	3.081463316238117e-06	0.0026637940487185	0.0051759453826594	-0.002450289321374	2.6790410604273163e-05	6.003917758439457e-06	-0.0116225727762957	-0.0041252588409516	0.0001350841979402	1.7017760504849342e-05	0.0	0.0	0.0	0.0	0.0	0.0	0.0	0.0	0.0	0.0	0.0	0.0	0.0	0.0	0.0	0.0	0.0	0.0	0.0	0.0	0.0	0.0	0.0	0.0	0.0	0.0	0.0	0.0	0.0	0.0	0.0	0.0	0.0	0.0	0.0	0.0	0.0	0.0	0.0	0.0	0.0	0.0	0.0	0.0	0.0	0.0	0.0	0.0	0.0	0.0	0.0	0.0	0.0	0.0	1.0	0.0	0.0	0.0	0.0	0.0	0.0	0.0	0.0	0.0	0.0	0.0	0.0	0.0	0.0	0.0	0.0	0.0	0.0	0.0	0.0	0.0	0.0	0.0	0.0	0.0	0.0	0.0	0.0	0.0	0.0	0.0	0.0	0.0	0.0	0.0	0.0	0.0	0.0	0.0	0.0	0.0	0.0	0.0	0.0	0.0	0.0	0.0	0.0	0.0
2091.351984418311	3.573104484976284	12.767075660557635	4373753.122730408	3043.4537995990954	25.18914955540731	9262611.03029417	634.4932553246764	2250.00810472893	3.646908186215114	13.299939318682814	5062536.471345872	2554.562111292721	1722.169103683706	1.023852	33.018246	0.5792142522276565	0.32714225493381	0.0026905735	-0.0040734856	0.0042208672	0.0500876165	0.0275235153	-0.0370548179	-0.0033308513	0.0664222466	0.0422300038	-0.0108315176	0.0587883085	-0.0092738041	0.0351507797	-0.0010405268	-0.0103446208	0.0225708722	0.0441079137	0.011457739	-0.04984981	0.0138997171	0.0228785248	0.020516354	0.0219551886	0.0139266649	-0.0033534065	0.0994215388	0.0111205666	-0.0383311649	0.0597271331	0.0060035141	-0.0420454251	0.0113316371	-0.0166622552	0.0081874156	0.0311723968	0.0445559803	-0.0528394909	0.0105725983	0.0346318284	0.0087683634	-0.0082699436	-0.0147280572	-0.0592323602	-0.0239008482	0.0122840018	0.0813421447	0.0268017522	-0.0019267546	-0.0807120577	0.0316724888	-0.0035447571	-0.0194398982	0.0034866563	-0.1184646701	-0.0506637751	0.0662683708	-0.059070652	-0.0098091318	-0.0792927819	0.0288611001	0.0723582192	-0.0462468756	-0.0612463124	0.0609627523	0.0465985677	0.0039879903235942	-0.1070241156333793	1.5904066821080975e-05	0.0114541613271069	-0.3279428871146876	-0.0208867440980071	0.1075465372091167	0.0004362560790156	-2.859209176086296	0.31474638419364	8.175077112616076	0.0990652863629704	-0.0525325845092712	-0.0009206280580903	8.475560213431225e-07	0.0027596724352237	0.0039749974750948	-0.0012009479075645	1.580060492701004e-05	1.4422758766837903e-06	-0.011013008575898	0.0006095642003977	0.0001212863578928	3.715685144064875e-07	0.0	0.0	0.0	0.0	0.0	0.0	0.0	0.0	0.0	0.0	0.0	0.0	0.0	0.0	0.0	0.0	0.0	0.0	0.0	0.0	0.0	0.0	0.0	0.0	0.0	0.0	0.0	0.0	0.0	0.0	0.0	0.0	0.0	0.0	0.0	0.0	0.0	0.0	0.0	0.0	0.0	0.0	0.0	0.0	0.0	0.0	0.0	0.0	0.0	0.0	0.0	0.0	0.0	0.0	0.0	1.0	0.0	0.0	0.0	0.0	0.0	0.0	0.0	0.0	0.0	0.0	0.0	0.0	0.0	0.0	0.0	0.0	0.0	0.0	0.0	0.0	0.0	0.0	0.0	0.0	0.0	0.0	0.0	0.0	0.0	0.0	0.0	0.0	0.0	0.0	0.0	0.0	0.0	0.0	0.0	0.0	0.0	0.0	0.0	0.0	0.0	0.0	0.0	0.0
2096.312075004229	4.9600905859178965	24.60249862051134	4394524.3158085365	3043.946277176706	0.4924775776107708	9265608.93833793	0.2425341644493727	2255.810194932021	5.802090203091211	33.66425072480701	5088679.635559243	2565.2722169812714	1738.7636410889013	0.784095	25.286333	0.3765673983510462	0.2026653681623374	0.015527247	0.0172708059	-0.0044027817	0.0170814119	0.041792902	-0.0542860651	0.0269440884	-0.0705201884	-0.0667265009	-0.0357790377	0.0540439246	0.025035395	0.01430409	-0.0187943378	-0.032193884	-0.0045382241	0.0094135039	-0.0149995798	0.0019899553	0.0002027005	0.0165989806	0.0268358678	-0.0279751477	-0.0221154161	-0.0306412829	-0.0570598959	0.0011314482	-0.0424517704	0.0067725358	-0.0038536739	-0.0015251972	0.0339599924	-0.0582645727	0.0182053079	0.0449966574	0.0265570407	-0.0458698547	0.0103220398	0.0404921746	-0.006025899	-0.0064507021	-0.0371485035	-0.076273174	-0.0254964092	-0.0146779717	0.0844459496	0.0256696231	-0.0121056799	-0.1146189591	-0.0026903327	-0.0040545756	-0.0256577626	-0.0033961048	-0.059915518	-0.0109278268	0.0108183179	-0.0600021205	-0.010657419	-0.0788675135	0.0312459714	0.0707106781	-0.0497051625	-0.0577350269	0.064777029	0.040824829	-0.0803841464297221	-0.0843721367533163	0.006461610997235	0.0071186574603203	-0.3106432300572237	0.0172996570574638	0.0964992163803852	0.0002992781343058	-2.985862720930342	-0.126653544844046	8.915376188241545	0.0160411204215627	-0.0522358238038597	0.0002967607054115	8.806691627633116e-08	0.0027285812884678	0.0016922723237051	-0.0022827251513897	2.863785617578258e-06	5.210834116787131e-06	-0.0113983639130212	-0.0003853553371231	0.0001299226998936	1.484987358493348e-07	0.0	0.0	0.0	0.0	0.0	0.0	0.0	0.0	0.0	0.0	0.0	0.0	0.0	0.0	0.0	0.0	0.0	0.0	0.0	0.0	0.0	0.0	0.0	0.0	0.0	0.0	0.0	0.0	0.0	0.0	0.0	0.0	0.0	0.0	0.0	0.0	0.0	0.0	0.0	0.0	0.0	0.0	0.0	0.0	0.0	0.0	0.0	0.0	0.0	0.0	0.0	0.0	0.0	0.0	0.0	0.0	0.0	0.0	0.0	0.0	0.0	0.0	0.0	0.0	0.0	0.0	0.0	0.0	0.0	0.0	0.0	0.0	0.0	0.0	0.0	0.0	0.0	0.0	0.0	0.0	0.0	0.0	0.0	0.0	0.0	0.0	0.0	0.0	0.0	0.0	0.0	0.0	0.0	0.0	0.0	0.0	0.0	0.0	0.0	0.0	0.0	0.0	0.0	0.0
2098.2750332164305	1.9629582122015563	3.8532049428495294	4402758.115019413	3038.700162546258	-5.246114630448119	9233698.677858654	27.521718715801804	2252.691322227577	-3.1188727044441293	9.727366946526637	5074618.193239429	2562.60810008438	1738.3075665266151	0.688869	22.215384	0.0443037001806344	0.0271877093963576	0.0235533774	0.0163729273	0.0002697394	0.0141708135	0.0175864906	-0.059909796	0.0074555405	-0.0322979919	0.0266497301	0.0234780464	-0.0348564602	0.0620396613	-0.0303171066	-0.0053279	-0.0011546789	-0.0136841435	0.0277978371	-0.0288609623	-0.0234134057	0.0067618847	0.0041712766	0.0474293621	-0.0249495938	-0.010886463	0.0090966139	-0.0189131774	-0.0094524271	-0.0024660429	0.0672059782	0.022678688	-0.024118053	0.0014760265	-0.0532573357	0.0195882079	0.0462029502	0.0217000533	-0.0448147417	0.0056974883	0.0487392457	-0.0084635464	-0.0054887116	-0.0410838911	-0.0693482172	-0.0123951869	-0.0026827316	0.0738444358	0.0152900709	-0.0185483387	-0.1003720915	-0.0075454597	-0.0088063323	-0.0429404367	0.0146368942	-0.0600733423	-0.0229548581	0.0265069685	-0.0670731194	-0.0115045374	-0.0784076511	0.0336000067	0.0689390864	-0.0530272111	-0.0539958877	0.0682433853	0.0347647336	-0.0761958559687911	0.0041882904609309	0.0058058084668167	1.75417769851256e-05	-0.3280241463755118	-0.017380916318288	0.1075998406053831	0.0003020962520633	-2.985102430199192	0.0007602907311499	8.910836518781123	5.780419958724726e-07	-0.0524708102093425	-0.0002349864054827	5.521861076172673e-08	0.0027531859240248	0.0018489813766517	0.0001567090529466	3.418732131204816e-06	2.455772727542032e-08	-0.0113505753180453	4.778859497590014e-05	0.0001288355600506	2.283749809770628e-09	0.0	0.0	0.0	0.0	0.0	0.0	0.0	0.0	0.0	0.0	0.0	0.0	0.0	0.0	0.0	0.0	0.0	0.0	0.0	0.0	0.0	0.0	0.0	0.0	0.0	0.0	0.0	0.0	0.0	0.0	0.0	0.0	0.0	0.0	0.0	0.0	0.0	0.0	0.0	0.0	0.0	0.0	0.0	0.0	0.0	0.0	0.0	0.0	0.0	0.0	0.0	0.0	0.0	0.0	0.0	0.0	0.0	0.0	0.0	0.0	0.0	0.0	0.0	0.0	0.0	0.0	0.0	0.0	0.0	0.0	0.0	0.0	0.0	0.0	0.0	0.0	0.0	0.0	0.0	0.0	0.0	0.0	0.0	0.0	0.0	0.0	0.0	0.0	0.0	0.0	0.0	0.0	0.0	0.0	0.0	0.0	0.0	0.0	0.0	0.0	0.0	0.0	0.0	0.0
2098.307452669777	0.0324194533463924	0.0010510209552789	4402894.165929528	3046.404320646587	7.704158100329096	9280579.284854194	59.35405203486642	2244.940154897186	-7.751167330391127	60.08059498372271	5039756.299069801	2558.5649814202347	1754.4754854340792	0.721531	23.268682	0.1143974600178984	0.0501530018177064	0.036966239	0.0155380702	0.0065288615	0.0157615116	0.0377972691	-0.0721296862	0.0119489554	0.0010153465	-0.021382365	-0.0332094474	0.0276390045	-0.0136436978	-0.0111312422	0.0142166241	0.0125333205	-0.0173327397	0.0010000221	0.0117232307	-0.0350739325	-0.0294078295	0.0086482903	0.0029735615	-0.0188788656	0.0021651076	-0.004767076	-0.0120019638	-0.015935824	-0.0212088141	0.0138883846	0.0147920486	-0.0013204605	-0.0074125623	-0.0189495177	0.0202035815	0.0478876927	0.0262292875	-0.0417575004	0.0255763682	0.0543156188	-0.0098377885	-0.0121412689	-0.0521850229	-0.0769955601	-0.0122227945	-0.0067911133	0.0788253059	0.0418780582	0.0120972762	-0.1084692338	0.0061045938	-0.0280475854	-0.0245043854	0.0342048133	-0.0861919299	0.0045256976	0.0594037924	-0.0503817457	-0.0123503943	-0.0779133966	0.0359208828	0.0670465522	-0.0562039158	-0.0500436514	0.0713432033	0.0284607885	-0.0959294255610103	-0.0197335695922192	0.0092024546884654	0.0003894137688509	-0.3216517781543047	0.0063723682212071	0.103459866389826	4.060707674665046e-05	-2.9741777971448897	0.0109246330543024	8.845733569029628	0.0001193476073711	-0.0532272082428388	-0.0007563980334963	5.721379850770719e-07	0.0028331356973265	0.0013633204725398	-0.0004856609041119	1.8586427108461436e-06	2.3586651378278826e-07	-0.0110452964726501	0.0003052788453952	0.0001219985741687	9.319517344582696e-08	0.0	0.0	0.0	0.0	0.0	0.0	0.0	0.0	0.0	0.0	0.0	0.0	0.0	0.0	0.0	0.0	0.0	0.0	0.0	0.0	0.0	0.0	0.0	0.0	0.0	0.0	0.0	0.0	0.0	0.0	0.0	0.0	0.0	0.0	0.0	0.0	0.0	0.0	0.0	0.0	0.0	0.0	0.0	0.0	0.0	0.0	0.0	0.0	0.0	0.0	0.0	0.0	0.0	0.0	0.0	0.0	0.0	0.0	0.0	0.0	0.0	0.0	0.0	0.0	0.0	0.0	0.0	0.0	0.0	0.0	0.0	0.0	0.0	0.0	0.0	0.0	0.0	0.0	0.0	0.0	0.0	0.0	0.0	0.0	0.0	0.0	0.0	0.0	0.0	0.0	0.0	0.0	0.0	0.0	0.0	0.0	0.0	0.0	0.0	0.0	0.0	0.0	0.0	0.0
2100.721594607772	2.414141937995282	5.828081296787617	4413031.218051421	3051.127833958676	4.723513312088926	9309381.059157362	22.31157800948129	2254.587147634267	9.646992737080836	93.0644688692904	5083163.206277619	2564.2958569483453	1770.9488311383975	0.8030509999999998	25.897625	0.0787609660345392	0.0443629490283542	0.0319527038	0.0083478722	0.0119012384	0.01481914	0.0431607563	-0.0571445069	0.0172519159	-0.0106111238	-0.0320992365	-0.0454717621	0.0646905961	-0.0240767654	0.0235640123	-0.0082703907	-0.029483132	0.0145242731	0.0403637844	-0.0263708108	-0.0092292011	-0.0042437618	0.0176232422	-0.0149535608	-0.0157624951	-0.0086752069	-0.0268095088	-0.0033768844	0.0090374185	-0.0404550739	0.0080803181	-0.0305941012	-0.0176892071	0.035272781	-0.0294206389	0.0133307613	0.0375824993	0.0237706679	-0.0356240182	0.0302501127	0.0431531923	-0.0042064389	0.0061475791	-0.0466413722	-0.0755894965	-0.0263306184	-0.0234129294	0.05966884	0.0105360064	-0.0112620854	-0.1241635716	0.0068363979	0.0230644371	-0.0273772941	-0.0122872838	-0.0541564554	-0.0081122887	0.0024752387	-0.0462327742	-0.0131948967	-0.0773849666	0.0382063093	0.0650363955	-0.0592265694	-0.0458939156	0.0740598336	0.0219572114	-0.0648139687079094	0.0311154568531009	0.0042008505396698	0.0009681716551771	-0.3124690218054269	0.0091827563488777	0.0976368895880403	8.432301416285506e-05	-2.9450622939319544	0.0291155032129353	8.673391915139746	0.0008477125273424	-0.0531518034861724	7.540475666640428e-05	5.685877327919641e-09	0.0028251142138326	0.0013263409438015	-3.697952873830002e-05	1.7591802992042536e-06	1.367485545706757e-09	-0.0111198571796379	-7.456070698780119e-05	0.0001236512236955	5.559299026520745e-09	0.0	0.0	0.0	0.0	0.0	0.0	0.0	0.0	0.0	0.0	0.0	0.0	0.0	0.0	0.0	0.0	0.0	0.0	0.0	0.0	0.0	0.0	0.0	0.0	0.0	0.0	0.0	0.0	0.0	0.0	0.0	0.0	0.0	0.0	0.0	0.0	0.0	0.0	0.0	0.0	0.0	0.0	0.0	0.0	0.0	0.0	0.0	0.0	0.0	0.0	0.0	0.0	0.0	0.0	0.0	0.0	0.0	0.0	0.0	0.0	0.0	0.0	0.0	0.0	0.0	0.0	0.0	0.0	0.0	0.0	0.0	0.0	0.0	0.0	0.0	0.0	0.0	0.0	0.0	0.0	0.0	0.0	0.0	0.0	0.0	0.0	0.0	0.0	0.0	0.0	0.0	0.0	0.0	0.0	0.0	0.0	0.0	0.0	0.0	0.0	0.0	0.0	0.0	0.0
2098.747207035817	-1.9743875719550488	3.898206284290553	4404739.839040644	3043.7321379009045	-7.395696057771602	9264305.32729081	54.696320178938414	2249.5402795040245	-5.046868130242274	25.470877924055145	5060431.469111045	2563.317890639752	1735.2706973027916	0.988822	31.888571	0.8446250601203706	0.448389594149454	0.0154319537	-0.0299207795	-0.0013916136	0.0720623593	-0.0015432456	-0.0547235573	0.0047481932	-0.0206181465	-0.0203210447	0.0065710811	-0.0263199437	0.0039478058	-0.0103247069	0.0124634546	-0.0092322775	0.014166357	0.0036397305	-0.02214079	-0.0320854725	-0.0086179106	0.0039093284	0.0147678032	-0.0408204888	-0.0047921096	-0.0096230493	-0.034019055	-0.0117271024	0.0045723101	0.0334113364	0.016573399	-0.0099207942	0.0080868686	-0.0045850335	0.0011617179	0.0104807282	0.0610395129	-0.0650966302	0.0147208988	0.0484616654	0.0184782681	-0.0158697265	-0.0313869073	-0.026523151	-0.0037583021	0.0298409967	-0.0126102235	-0.0566371649	-0.049886103	-0.0444843816	0.0020377348	-0.0300997847	-0.0682073978	-0.0050242172	-0.0224673388	-0.0191112835	-0.0134898899	-0.0846417871	-0.0140379523	-0.0768225931	0.0404540309	0.0629121428	-0.0620868871	-0.0415630576	0.0763786853	0.0152996203	0.2271062409414099	0.2919202096493193	0.0515772446745377	0.0852174088017025	-0.389144035294322	-0.0766750134888951	0.1514330802051485	0.0058790576935222	-2.9695505888993807	-0.0244882949674263	8.81823070003266	0.0005996765904116	-0.0523411316419526	0.0008106718442197	6.57188839010727e-07	0.0027395940615602	0.0039486904267502	0.0026223494829486	1.5592156086308675e-05	6.876716810721312e-06	-0.0055220476665118	0.0055978095131261	3.049301043122842e-05	3.1335471345245065e-05	0.0	0.0	0.0	0.0	0.0	0.0	0.0	0.0	0.0	0.0	0.0	0.0	0.0	0.0	0.0	0.0	0.0	0.0	0.0	0.0	0.0	0.0	0.0	0.0	0.0	0.0	0.0	0.0	0.0	0.0	0.0	0.0	0.0	0.0	0.0	0.0	0.0	0.0	0.0	0.0	0.0	0.0	0.0	0.0	0.0	0.0	0.0	0.0	0.0	0.0	0.0	0.0	0.0	0.0	0.0	0.0	1.0	0.0	0.0	0.0	0.0	0.0	0.0	0.0	0.0	0.0	0.0	0.0	0.0	0.0	0.0	0.0	0.0	0.0	0.0	0.0	0.0	0.0	0.0	0.0	0.0	0.0	0.0	0.0	0.0	0.0	0.0	0.0	0.0	0.0	0.0	0.0	0.0	0.0	0.0	0.0	0.0	0.0	0.0	0.0	0.0	0.0	0.0	0.0
2098.910331263099	0.163124227281969	0.0266095135263395	4405424.578682972	3045.06492213199	1.3327842310854976	9272420.379998704	1.7763138066301611	2245.835330847538	-3.704948656486522	13.726644547201284	5043776.333283071	2550.314343778028	1753.4752925698317	0.895507	28.879242	0.4026174447250295	0.176929534243643	0.0035899919	-0.0561850323	0.0165628777	0.0454088423	-0.0208235152	-0.0614941644	-0.015230463	0.0785621148	-0.0091189671	-0.0433092231	0.043179313	0.0175687257	0.0077254348	0.0173044652	-0.0013757755	0.0215196396	-0.0036226724	0.0287718097	-0.0264408798	-0.0296394652	-0.052589223	0.0223182874	0.0199433697	0.0347626947	-0.0219962956	0.0729991016	0.0049648947	-0.0409159515	-0.0073704114	0.0163158986	0.0075557996	-0.0422768484	0.0168619392	-0.0149455279	-0.0038994665	0.0670928663	-0.0568722861	-0.0203953972	0.0555034362	0.0306469674	-0.0197011197	-0.0070658771	-0.0114803959	-0.0044430326	0.061072544	-0.0056257994	-0.0141561894	0.0260657472	0.0283838912	0.0379230384	-0.0276208748	-0.0238678777	-0.0173114409	-0.063334354	-0.0502145702	0.0608319925	-0.0565509056	-0.0148794683	-0.0762265226	0.0426618292	0.0606775209	-0.064777029	-0.0370681691	0.0782873035	0.0085347133	0.3486260983844857	0.1215198574430758	0.1215401564747891	0.0147670757529854	-0.3478411816041529	0.0413028536901691	0.1209934876197732	0.0017059257229515	-2.8892137154243613	0.0803368734750193	8.347555893396242	0.0064540132397412	-0.0515475803732961	0.0007935512686565	6.297236159863458e-07	0.0026571530423414	0.0056162956147072	0.001667605187957	3.154277643177933e-05	2.780907062901103e-06	-0.00479404692079	0.0007280007457217	2.2982885878736085e-05	5.299850857714966e-07	0.0	0.0	0.0	0.0	0.0	0.0	0.0	0.0	0.0	0.0	0.0	0.0	0.0	0.0	0.0	0.0	0.0	0.0	0.0	0.0	0.0	0.0	0.0	0.0	0.0	0.0	0.0	0.0	0.0	0.0	0.0	0.0	0.0	0.0	0.0	0.0	0.0	0.0	0.0	0.0	0.0	0.0	0.0	0.0	0.0	0.0	0.0	0.0	0.0	0.0	0.0	0.0	0.0	0.0	0.0	0.0	0.0	0.0	0.0	0.0	0.0	0.0	0.0	0.0	0.0	0.0	0.0	0.0	0.0	0.0	0.0	0.0	0.0	0.0	0.0	0.0	0.0	0.0	0.0	0.0	0.0	0.0	0.0	0.0	0.0	0.0	0.0	0.0	0.0	0.0	0.0	0.0	0.0	0.0	0.0	0.0	0.0	0.0	0.0	0.0	0.0	0.0	0.0	0.0
2096.132545620004	-2.777785643095285	7.716093078986287	4393771.648807397	3026.047816226357	-19.01710590563289	9156965.386088304	361.6503170260573	2248.060026887176	2.22469603963782	4.9492724687802	5053773.88448797	2549.435158905306	1754.162283764205	0.861888	27.795071	0.1404965514747772	0.0825693950235422	0.0149880683	-0.038579286	0.0146939607	0.0362312331	-0.0195514552	-0.0500852594	-0.0244975153	-0.0746963778	0.0056398414	-0.0105928494	0.0546882979	0.0108116624	0.0240833837	0.0176375867	0.0114777616	0.0494761703	0.0057923269	-0.0219031181	-0.0302812124	0.0089608661	-0.0269251413	-0.0050272458	-0.0012415382	0.0276010323	0.0103022936	-0.0387665464	0.0391958161	-0.039910704	0.0855173985	0.0226314523	-0.0248808013	0.0481332116	-0.0080557719	-0.0168376447	-0.0026012574	0.0517690596	-0.054850367	0.0065002577	0.0383733956	0.0283992219	-0.0136724293	-0.0038826782	-0.0088159559	-0.0228190091	0.0226580782	0.0129964507	-0.0103359055	-0.0132657935	-0.0458607075	0.0663284512	0.0446470277	-0.0013919632	-0.0314093668	-0.0608726995	-0.0474477375	-0.0245452816	0.0088190692	-0.0157193527	-0.0755970167	0.0448275254	0.05833645	-0.0672896215	-0.0324269895	0.0797754371	0.0017099414	0.2863724435249253	-0.0622536548595604	0.0820091764104365	0.0038755175433732	-0.3470626445513005	0.0007785370528524	0.1204524792429423	6.061199426641204e-07	-2.935106581655361	-0.0458928662309996	8.614850645676619	0.0021061551708964	-0.0510095514528164	0.0005380289204796	2.894751192725464e-07	0.0026019743394175	0.0055487309740143	-6.756464069290063e-05	3.078841542198568e-05	4.5649806719607654e-09	-0.0047682106153353	2.5836305454700163e-05	2.2735832472196244e-05	6.675146795485695e-10	0.0	0.0	0.0	0.0	0.0	0.0	0.0	0.0	0.0	0.0	0.0	0.0	0.0	0.0	0.0	0.0	0.0	0.0	0.0	0.0	0.0	0.0	0.0	0.0	0.0	0.0	0.0	0.0	0.0	0.0	0.0	0.0	0.0	0.0	0.0	0.0	0.0	0.0	0.0	0.0	0.0	0.0	0.0	0.0	0.0	0.0	0.0	0.0	0.0	0.0	0.0	0.0	0.0	0.0	0.0	0.0	0.0	0.0	0.0	0.0	0.0	0.0	0.0	0.0	0.0	0.0	0.0	0.0	0.0	0.0	0.0	0.0	0.0	0.0	0.0	0.0	0.0	0.0	0.0	0.0	0.0	0.0	0.0	0.0	0.0	0.0	0.0	0.0	0.0	0.0	0.0	0.0	0.0	0.0	0.0	0.0	0.0	0.0	0.0	0.0	0.0	0.0	0.0	0.0
2097.4639944782407	1.331448858236854	1.772756062100222	4399355.208132617	3043.5528458444696	17.50502961811253	9263213.92544797	306.4260619309969	2253.0154796781994	4.9554527910236175	24.55651236406376	5076078.751669587	2563.911271109682	1750.5301763406678	0.768154	24.772243	0.2183910093565706	0.1079051626442659	0.0063843496	-0.0377061409	0.0221854675	0.0644726942	0.0189831913	-0.0351520752	-0.005099029	-0.0011908086	0.0007772862	0.0070046631	0.0035344898	0.0200185495	-0.0317901131	0.0110104674	-0.0055576366	0.0162092068	0.0405050594	-0.041012341	-0.0199541615	0.0074412048	-0.000382384	-0.0058168067	0.0075264857	0.0026540269	-0.0167410989	0.0019802186	-0.0029300356	0.0067370677	0.0213552552	0.012277595	-0.0162492675	0.0075135898	-0.0003598977	-0.0152914076	-0.007368766	0.0615522039	-0.0533570745	0.01716724	0.038092421	0.024293371	-0.009271115	-0.0108072591	-0.0220990592	-0.0149601778	0.0293617111	-0.0223820748	-0.0121844172	0.0170035647	-0.0013269468	0.0316036253	0.00176449	-0.0096944242	-0.0403750931	-0.0534577895	-0.0244732868	0.0012937194	-0.0281745651	-0.0165575133	-0.0749343514	0.0469489822	0.0558930371	-0.0696177779	-0.0276578354	0.0808350932	-0.0051268245	0.3372871979424019	0.0509147544174766	0.113762653895837	0.0025923122173919	-0.3674986739478925	-0.020436029396592	0.1350552753534594	0.0004176312974983	-2.859551444166634	0.0755551374887271	8.17703446183548	0.0057085788009404	-0.0513459830843555	-0.000336431631539	1.1318624270005868e-07	0.0026364099788989	0.0045241288169763	-0.001024602157038	2.0467741552595373e-05	1.0498095802069226e-06	-0.0046995426428369	6.866797249840007e-05	2.2085701051842435e-05	4.715290447041029e-09	0.0	0.0	0.0	0.0	0.0	0.0	0.0	0.0	0.0	0.0	0.0	0.0	0.0	0.0	0.0	0.0	0.0	0.0	0.0	0.0	0.0	0.0	0.0	0.0	0.0	0.0	0.0	0.0	0.0	0.0	0.0	0.0	0.0	0.0	0.0	0.0	0.0	0.0	0.0	0.0	0.0	0.0	0.0	0.0	0.0	0.0	0.0	0.0	0.0	0.0	0.0	0.0	0.0	0.0	0.0	0.0	0.0	0.0	0.0	0.0	0.0	0.0	0.0	0.0	0.0	0.0	0.0	0.0	0.0	0.0	0.0	0.0	0.0	0.0	0.0	0.0	0.0	0.0	0.0	0.0	0.0	0.0	0.0	0.0	0.0	0.0	0.0	0.0	0.0	0.0	0.0	0.0	0.0	0.0	0.0	0.0	0.0	0.0	0.0	0.0	0.0	0.0	0.0	0.0
2094.30049251675	-3.1635019614905104	10.007744660354309	4386094.552955902	3037.703224904913	-5.849620939556644	9227640.88259771	34.218065136499554	2244.0895927396173	-8.925886938582153	79.67145764035148	5035938.100242262	2548.401255443377	1760.0440809598183	0.8780799999999999	28.317251	0.3945478378934572	0.1796082734409475	-0.0283746553	-0.0753415531	0.0162552563	0.0773239377	-0.0185853925	-0.0426633329	-0.0339204359	0.0554365879	-0.0159901819	-0.0184946622	0.0546236967	0.0045092133	0.0243450248	0.036862464	-0.0172303451	0.0214913031	0.0193541222	-0.0026556932	-0.0497186494	-0.0293792242	-0.0545067594	-0.0820946705	0.0369700267	0.0476095077	-0.0317531313	0.0483253116	0.0087072209	-0.0214481072	0.003425076	-0.0032427048	0.0315165694	-0.0145622943	0.0636512191	-0.0428322759	-0.0336440179	0.0557393005	-0.0569163215	0.0102709845	0.0057093256	0.0236442055	0.0114772882	-0.0075370503	-0.0132322434	-0.0491254617	0.0136007861	-0.0543257943	-0.053624833	0.0226825341	0.0637769696	0.0191574964	0.0432177725	-0.0149066694	-0.088132295	-0.0119850604	-0.0456376834	0.0032687308	0.0391979952	-0.0173938582	-0.0742388174	0.0490241061	0.0533515689	-0.0717551168	-0.0227795284	0.0814605803	-0.0119276293	0.3965129144798567	0.0592257165374547	0.1572224913493101	0.0035076854993749	-0.3457443524851271	0.0217543214627654	0.1195391572753598	0.0004732505023053	-2.760860362329552	0.098691081837082	7.622349940282464	0.0097399296341736	-0.0494859385707589	0.0018600445135966	3.459765592560816e-06	0.0024488581162289	0.0050870116113128	0.0005628827943365	2.5877687133631247e-05	3.1683704016006655e-07	-0.0028249355896469	0.00187460705319	7.98026108565368e-06	3.514151603869696e-06	0.0	0.0	0.0	0.0	0.0	0.0	0.0	0.0	0.0	0.0	0.0	0.0	0.0	0.0	0.0	0.0	0.0	0.0	0.0	0.0	0.0	0.0	0.0	0.0	0.0	0.0	0.0	0.0	0.0	0.0	0.0	0.0	0.0	0.0	0.0	0.0	0.0	0.0	0.0	0.0	0.0	0.0	0.0	0.0	0.0	0.0	0.0	0.0	0.0	0.0	0.0	0.0	0.0	0.0	0.0	0.0	0.0	0.0	0.0	0.0	0.0	0.0	0.0	0.0	0.0	0.0	0.0	0.0	0.0	0.0	0.0	0.0	0.0	0.0	0.0	0.0	0.0	0.0	0.0	0.0	0.0	0.0	0.0	0.0	0.0	0.0	0.0	0.0	0.0	0.0	0.0	0.0	0.0	0.0	0.0	0.0	0.0	0.0	0.0	0.0	0.0	0.0	0.0	0.0
2094.257702265814	-0.0427902509363775	0.0018310055751981	4385915.323499686	3036.831369821649	-0.8718550832641085	9222344.768732833	0.7601312862134656	2248.793347643568	4.703754903950539	22.125310196438747	5057071.520405964	2553.0692234557923	1743.680189117773	0.897266	28.935966	0.6935858439498607	0.3440179393448091	-0.0664427728	-0.0748691847	0.015360733	0.0823396624	-0.0677611014	-0.0256255048	-0.020052297	0.0140841925	-0.0231974066	0.0015814506	0.0486721322	0.0291503338	0.0236481065	0.0258478772	-0.0251335841	0.0509150577	0.0454525757	-0.0129680871	-0.0322840657	0.0094014599	-0.045632952	-0.0401183616	0.0121306306	0.0300283505	-0.0423706596	0.0128435868	0.0294128503	-0.0167417506	0.0375038643	0.0072345067	-0.0257013469	0.0061150662	0.0464059359	-0.0659875662	-0.0634972506	0.0269108639	-0.0369843098	-0.0028498348	-0.0173550904	0.0209314797	0.007939681	0.0128630714	-0.0075974931	-0.0547419474	0.0086718659	-0.0763644654	-0.050633124	0.0574094037	0.1549712189	0.0334767962	0.053452653	-0.0008746136	-0.0859968963	0.0219724981	-0.0438472438	-0.0399881829	0.1593615543	-0.0182282956	-0.0735107199	0.0510508491	0.0507165039	-0.0736957799	-0.0178113211	0.0816485389	-0.0186447705	0.480087017412643	0.0835741029327862	0.2304835442881673	0.0069846306810199	-0.3886538678556519	-0.0429095153705248	0.1510518289991585	0.0018412265093333	-2.657129215482122	0.1037311468474295	7.060335667768638	0.0107601508262829	-0.0452808286134732	0.0042051099572857	1.7682949752863348e-05	0.0020503534399227	0.0046247169001956	-0.0004622947111171	2.1388006406954803e-05	2.137163999269347e-07	0.0017750813179326	0.0046000169075795	3.150913685273336e-06	2.116015555001726e-05	0.0	0.0	0.0	0.0	0.0	0.0	0.0	0.0	0.0	0.0	0.0	0.0	0.0	0.0	0.0	0.0	0.0	0.0	0.0	0.0	0.0	0.0	0.0	0.0	0.0	0.0	0.0	0.0	0.0	0.0	0.0	0.0	0.0	0.0	0.0	0.0	0.0	0.0	0.0	0.0	0.0	0.0	0.0	0.0	0.0	0.0	0.0	0.0	0.0	0.0	0.0	0.0	0.0	0.0	0.0	0.0	0.0	1.0	0.0	0.0	0.0	0.0	0.0	0.0	0.0	0.0	0.0	0.0	0.0	0.0	0.0	0.0	0.0	0.0	0.0	0.0	0.0	0.0	0.0	0.0	0.0	0.0	0.0	0.0	0.0	0.0	0.0	0.0	0.0	0.0	0.0	0.0	0.0	0.0	0.0	0.0	0.0	0.0	0.0	0.0	0.0	0.0	0.0	0.0
2095.989515679094	1.7318134132801788	2.999177698417143	4393172.049836683	3048.567435816715	11.736065995065928	9293763.4107221	137.73524504054282	2249.57677271459	0.7834250710220658	0.6137548419059289	5060595.656336989	2556.354064388217	1744.399307624055	0.8371119999999999	26.996071	0.3221956536516473	0.1661107401363437	-0.0512588903	-0.0554652212	0.0274852091	0.1089157575	-0.0452285101	-0.0101960605	-0.0025882009	0.0223038843	-0.0716745273	-0.0003146432	0.0600569807	-0.0016612013	0.0049047879	0.0169013304	-0.0386264276	0.048935671	0.0443732548	0.0033598625	-0.0025498136	-2.7349e-06	-0.0331435811	-0.0478806434	0.0125408474	0.0200215932	-0.0464476921	-0.0039968346	0.0230486183	-0.003530391	-0.0064921657	-0.0098530078	-0.0305684338	0.0090171618	0.0334779742	-0.0610592272	-0.059860874	0.0301107357	-0.0490415661	0.0118077256	-0.010255315	0.0310127493	0.0044881813	0.0146401632	-0.0026600864	-0.0756807567	-0.0069876317	-0.0824792087	-0.0707365395	0.0164976748	0.0815793564	0.0035569143	0.0498365764	0.0001350527	-0.100628544	0.0044946207	-0.0620663968	-0.0748982001	0.0909223862	-0.0190607341	-0.0727503781	0.0530272111	0.0479924649	-0.0754344479	-0.0127728206	0.0813979594	-0.0252311319	0.4082806057656398	-0.0718064116470031	0.1666930530443577	0.0051561607536188	-0.3817088153602697	0.0069450524953822	0.1457016197237404	4.823375416361511e-05	-2.721346900821139	-0.0642176853390168	7.405728954608818	0.0041239111103009	-0.0455794659651775	-0.0002986373517043	8.918426783295898e-08	0.0020774877176707	0.005530200425081	0.0009054835248853	3.058311674156607e-05	8.199004138388877e-07	-0.0006053278888826	-0.0023804092068152	3.664218530590654e-07	5.666347991890569e-06	0.0	0.0	0.0	0.0	0.0	0.0	0.0	0.0	0.0	0.0	0.0	0.0	0.0	0.0	0.0	0.0	0.0	0.0	0.0	0.0	0.0	0.0	0.0	0.0	0.0	0.0	0.0	0.0	0.0	0.0	0.0	0.0	0.0	0.0	0.0	0.0	0.0	0.0	0.0	0.0	0.0	0.0	0.0	0.0	0.0	0.0	0.0	0.0	0.0	0.0	0.0	0.0	0.0	0.0	0.0	0.0	0.0	0.0	0.0	0.0	0.0	0.0	0.0	0.0	0.0	0.0	0.0	0.0	0.0	0.0	0.0	0.0	0.0	0.0	0.0	0.0	0.0	0.0	0.0	0.0	0.0	0.0	0.0	0.0	0.0	0.0	0.0	0.0	0.0	0.0	0.0	0.0	0.0	0.0	0.0	0.0	0.0	0.0	0.0	0.0	0.0	0.0	0.0	0.0
2096.104548999698	0.1150333206041978	0.0132326648492281	4393654.280337228	3024.471812358656	-24.09562345805898	9147429.743752051	580.5990698325622	2240.156755719866	-9.420016994723936	88.7367201808878	5018302.290197355	2542.4031895755643	1757.4059236132232	0.881545	28.428995	0.2599268685683649	0.1400796989743976	-0.038524646	-0.0484112755	0.0356610683	0.0763495259	-0.0326038034	-0.0050410199	-0.0503754744	0.029676109	-0.0032157944	-0.0255695767	0.0571398611	0.0315702004	0.0550922633	0.0534010338	-0.0125025981	0.0487319322	0.002746327	0.0453965392	-0.0498874533	0.0011535434	-0.0182155778	-0.0476465552	0.0764154948	0.0594760811	-0.0279805148	0.0405394422	0.0246636625	-0.0305163239	0.0323114602	0.0063998577	-0.0165557717	-0.0152218987	0.0812505579	-0.0566169758	-0.0439645081	0.00529292	-0.0232881564	0.0075734725	-0.0203544889	0.0269397509	0.0029790727	0.0219491192	0.0331950313	-0.0004469451	0.0002610777	-0.0516074291	-0.0843752505	0.018675907	0.1348044398	0.0132760048	-0.0018087724	-0.0596930543	-0.0343300554	0.009026956	-0.0181360011	0.0348331928	0.073527086	-0.0198910824	-0.0719581255	0.0549512416	0.0451842308	-0.0769663555	-0.0076839116	0.0807101879	-0.0316405151	0.3217809743837279	-0.0864996313819119	0.1035429954753413	0.0074821862292066	-0.3587369093596209	0.0229719060006488	0.1286921701368928	0.0005277084653026	-2.7571386689416784	-0.0357917681205393	7.60181363977349	0.0012810506651944	-0.0455735554470855	5.910518091997719e-06	3.493422411583235e-11	0.0020769489560885	0.0070661267079179	0.0015359262828369	4.993014665235066e-05	2.3590695463091787e-06	-0.001356762349259	-0.0007514344603764	1.8408040723668008e-06	5.646537482411715e-07	0.0	0.0	0.0	0.0	0.0	0.0	0.0	0.0	0.0	0.0	0.0	0.0	0.0	0.0	0.0	0.0	0.0	0.0	0.0	0.0	0.0	0.0	0.0	0.0	0.0	0.0	0.0	0.0	0.0	0.0	0.0	0.0	0.0	0.0	0.0	0.0	0.0	0.0	0.0	0.0	0.0	0.0	0.0	0.0	0.0	0.0	0.0	0.0	0.0	0.0	0.0	0.0	0.0	0.0	0.0	0.0	0.0	0.0	0.0	0.0	0.0	0.0	0.0	0.0	0.0	0.0	0.0	0.0	0.0	0.0	0.0	0.0	0.0	0.0	0.0	0.0	0.0	0.0	0.0	0.0	0.0	0.0	0.0	0.0	0.0	0.0	0.0	0.0	0.0	0.0	0.0	0.0	0.0	0.0	0.0	0.0	0.0	0.0	0.0	0.0	0.0	0.0	0.0	0.0
2095.854259986928	-0.2502890127702812	0.062644589913522	4392605.079105353	3022.629382002981	-1.8424303556748785	9136288.380947722	3.394549615512258	2248.960401658888	8.803645939021862	77.50418181965613	5057822.888229706	2556.4297964781795	1733.7073485478345	0.988854	31.889614	0.5873194959369286	0.257124510000298	-0.0125590438	-0.0042281394	0.0268234645	0.0444425787	0.0102801067	-0.0069900338	-0.0158535261	-0.1126331661	0.0579738254	0.0583238073	-0.0329276406	0.0031055036	-0.0019665642	0.0294022398	0.0047141172	-0.0140550881	-0.0069284209	-0.0024084207	-0.0271558423	-0.0398657987	0.0957265436	0.0203357313	0.0701230823	0.0114490249	0.0495047388	-0.0859855996	-0.0037320288	0.0331372952	0.097941182	-0.0331689173	-0.004932065	0.0152717264	-0.0263691846	-0.0201635415	-0.010463995	-0.006723392	-0.0161360293	0.0064010901	-0.0121373816	0.0202972108	-0.0019701988	0.0339680599	0.0347688753	0.0620950486	-0.0087635012	0.0215847051	-0.0012761864	0.018425316	0.0891078333	0.0924701261	0.0048255584	-0.0859946959	-0.0087198456	0.008343675	0.0780103859	0.0163429937	0.0142766764	-0.0207192494	-0.0711343098	0.0568210419	0.0422967282	-0.0782873035	-0.0025646777	0.0795889182	-0.0378279629	0.2054096193984236	-0.1163713549853042	0.0421931117414052	0.0135422922611157	-0.3812098954266787	-0.0224729860670578	0.1453209843712193	0.0005050351027701	-2.882524877306075	-0.1253862083643966	8.308949668288403	0.0157217012479998	-0.0473472406555008	-0.0017736852084152	3.145959218551212e-06	0.0022417611976899	0.0045080645481272	-0.0025580621597907	2.0322645970081292e-05	6.543682013353063e-06	-0.0034867939114564	-0.0021300315621974	1.2157731780969424e-05	4.537034455957096e-06	0.0	0.0	0.0	0.0	0.0	0.0	0.0	0.0	0.0	0.0	0.0	0.0	0.0	0.0	0.0	0.0	0.0	0.0	0.0	0.0	0.0	0.0	0.0	0.0	0.0	0.0	0.0	0.0	0.0	0.0	0.0	0.0	0.0	0.0	0.0	0.0	0.0	0.0	0.0	0.0	0.0	0.0	0.0	0.0	0.0	0.0	0.0	0.0	0.0	0.0	0.0	0.0	0.0	0.0	0.0	0.0	0.0	0.0	1.0	0.0	0.0	0.0	0.0	0.0	0.0	0.0	0.0	0.0	0.0	0.0	0.0	0.0	0.0	0.0	0.0	0.0	0.0	0.0	0.0	0.0	0.0	0.0	0.0	0.0	0.0	0.0	0.0	0.0	0.0	0.0	0.0	0.0	0.0	0.0	0.0	0.0	0.0	0.0	0.0	0.0	0.0	0.0	0.0	0.0
2106.079321632333	10.225061645405276	104.55188565233806	4435570.109007308	3041.7131945158308	19.083812512849818	9252019.1576917	364.1919000256033	2254.804054953835	5.843653294947217	34.14828383154746	5084141.326236257	2562.19760472969	1766.1103444903922	0.906186	29.223642	0.2897260271770711	0.160469810068753	-0.0236657984	-0.0176099559	0.0516617768	0.0981089851	0.0499288901	0.0081541857	-0.0281222431	0.0351763279	0.0087861828	0.0139744995	0.0307656502	-0.020548194	0.0097555834	-0.0041399434	0.0013263109	0.0129951414	0.0114325645	0.0088989687	-0.0311485515	-0.0253613052	0.0177730623	-0.0635204092	0.0566007228	0.0122160864	-0.0064146816	0.0323592029	0.0141713318	0.0162976975	0.0038629564	-0.0516822341	0.0121175733	0.0128917386	0.0794258281	-0.0289727021	-0.0214818025	0.002147805	-0.0379035153	0.0746431017	-0.0297718689	0.0281463562	0.0058334933	-0.007874251	-0.0060594613	0.0140987916	-0.0491552363	-0.0090925838	-0.0167452482	0.0069712171	0.0228192865	0.0373388554	-0.0194253125	-0.073818198	-0.0280792956	-0.0143672805	0.0380608643	-0.0249138059	0.0528137317	-0.0215451443	-0.0702792922	0.0586347667	0.0393350228	-0.0793936715	0.0025646777	0.0780401729	-0.0437500746	0.1924233438864746	-0.0129862755119489	0.0370267432724524	0.0001686433516722	-0.3757847296045469	0.0054251658221318	0.1412141630039624	2.943242419762719e-05	-2.737290751340865	0.1452341259652101	7.492760657376237	0.0210929513448785	-0.0482239123664602	-0.0008766717109594	7.685532887964904e-07	0.002325545723928	0.0037373109362723	-0.0007707536118549	1.3967493034380534e-05	5.940611301873738e-07	-0.0043609777861977	-0.0008741838747413	1.9018127251709797e-05	7.641974468577128e-07	0.0	0.0	0.0	0.0	0.0	0.0	0.0	0.0	0.0	0.0	0.0	0.0	0.0	0.0	0.0	0.0	0.0	0.0	0.0	0.0	0.0	0.0	0.0	0.0	0.0	0.0	0.0	0.0	0.0	0.0	0.0	0.0	0.0	0.0	0.0	0.0	0.0	0.0	0.0	0.0	0.0	0.0	0.0	0.0	0.0	0.0	0.0	0.0	0.0	0.0	0.0	0.0	0.0	0.0	0.0	0.0	0.0	0.0	0.0	0.0	0.0	0.0	0.0	0.0	0.0	0.0	0.0	0.0	0.0	0.0	0.0	0.0	0.0	0.0	0.0	0.0	0.0	0.0	0.0	0.0	0.0	0.0	0.0	0.0	0.0	0.0	0.0	0.0	0.0	0.0	0.0	0.0	0.0	0.0	0.0	0.0	0.0	0.0	0.0	0.0	0.0	0.0	0.0	0.0
2100.873658755056	-5.205662877277064	27.09892599186052	4413670.130050856	3056.983542351973	15.270347836142264	9345148.378210817	233.18352303677472	2253.907833214962	-0.8962217388730096	0.803213405228561	5080100.520627765	2570.891044685848	1736.1626586573084	0.886899	28.601652	0.4374863716892352	0.2391837794192152	-0.0116527169	0.0257527678	0.0354449563	0.0035087027	0.0351893785	0.0083278819	0.0286097138	-0.0402218918	-0.0615265744	0.0036750563	-0.0065209073	-0.0621958696	0.0282641925	-0.0037735031	-0.0149516546	0.0111652498	-0.0116951224	-0.0006453098	-0.0175075514	0.0046317208	0.0421048925	-0.0379335932	0.0054887531	-0.0196247304	-0.0101801638	-0.065029687	-0.0116240307	0.0145936312	-0.0124454635	-0.003851942	-0.0073135271	0.0119500062	0.0067091263	-0.0152443816	-0.0021575181	-0.0302488401	-0.0072576856	0.0305673827	-0.0180953845	0.0025779044	-0.0016545757	-0.0010851041	0.0054865404	0.0515733043	-0.0299617168	-0.0013325279	0.0228424704	-0.0070239279	0.0228460871	0.0264786621	-0.0280802672	-0.0050740212	-0.0124822684	0.0494012025	0.0673784227	-0.0473116545	0.0726385452	-0.0223686765	-0.0693934478	0.060390626	0.0363043104	-0.080282427	0.0076839116	0.0760722702	-0.049365311	0.1245584642081922	-0.0678648796782824	0.0155148110059034	0.0046056418937477	-0.3725795268546932	0.0032052027498536	0.138815503831267	1.0273324667669702e-05	-2.920943546781004	-0.183652795440139	8.53191120348159	0.0337283492729775	-0.0473690312370183	0.0008548811294419	7.308217454758644e-07	0.0022438251203336	0.0021018588647119	-0.0016354520715603	4.417810687167997e-06	2.6747034783712034e-06	-0.0031960411107808	0.0011649366754169	1.021467878180097e-05	1.35707745773138e-06	0.0	0.0	0.0	0.0	0.0	0.0	0.0	0.0	0.0	0.0	0.0	0.0	0.0	0.0	0.0	0.0	0.0	0.0	0.0	0.0	0.0	0.0	0.0	0.0	0.0	0.0	0.0	0.0	0.0	0.0	0.0	0.0	0.0	0.0	0.0	0.0	0.0	0.0	0.0	0.0	0.0	0.0	0.0	0.0	0.0	0.0	0.0	0.0	0.0	0.0	0.0	0.0	0.0	0.0	0.0	0.0	0.0	0.0	0.0	0.0	0.0	0.0	0.0	0.0	0.0	0.0	0.0	0.0	0.0	0.0	0.0	0.0	0.0	0.0	0.0	0.0	0.0	0.0	0.0	0.0	0.0	0.0	0.0	0.0	0.0	0.0	0.0	0.0	0.0	0.0	0.0	0.0	0.0	0.0	0.0	0.0	0.0	0.0	0.0	0.0	0.0	0.0	0.0	0.0
2094.1668234415697	-6.706835313486408	44.981639922228325	4385534.684403354	3034.3097245065787	-22.673817845394296	9207035.50423519	514.1020156861208	2246.880235812365	-7.027597402597166	49.38712525299044	5048470.794084229	2556.9456521578786	1751.9198434318243	0.777808	25.083565	0.296347537274484	0.1651451056483465	-0.0020143263	0.0259293915	0.0208140369	-0.0469600439	0.0359018428	0.0059967919	-0.025126186	-0.0181668806	-0.0144438425	0.036843997	-0.0682815881	-0.0047045821	-0.0274758124	0.0246708048	-0.004494964	-0.0030638562	-0.0103657185	0.0006003329	-0.0052517392	-0.003752558	0.0237719927	-0.0080061694	-0.0058978724	0.0162963515	0.0038209936	-0.0398955044	0.0062693797	0.0236682362	-0.022367629	-0.0159875526	0.0166735284	-0.0070627368	0.0043327545	-0.0092818234	0.0061772048	-0.041712576	0.0190355871	0.0096630519	-0.0161952387	-0.0173159999	-0.0092967851	-0.02368359	0.0131715707	0.0755797232	-0.0238524401	-0.0421380479	-0.0095566125	-0.0326192302	0.0406396774	-0.0251181992	-0.0553498539	0.0005537434	-0.0250875441	0.1071042691	0.1106779017	-0.0477697193	0.061105957	-0.0231897558	-0.0684771651	0.0620868871	0.0332099078	-0.0809511339	0.0127728206	0.0736957799	-0.0546342852	0.1085346549394898	-0.0160238092687023	0.0117797713228341	0.0002567624634797	-0.3815593759240698	-0.0089798490693766	0.1455875573555656	8.063768930878378e-05	-3.0345675421299987	-0.1136239953489948	9.208600167748902	0.0129104123190683	-0.0461635486164623	0.001205482620556	1.4531883484625687e-06	0.0021310732208644	0.0006951035712781	-0.0014067552934338	4.831689748035686e-07	1.978960455604017e-06	-0.0026538813530224	0.0005421597577584	7.043086235920004e-06	2.939372029326473e-07	0.0	0.0	0.0	0.0	0.0	0.0	0.0	0.0	0.0	0.0	0.0	0.0	0.0	0.0	0.0	0.0	0.0	0.0	0.0	0.0	0.0	0.0	0.0	0.0	0.0	0.0	0.0	0.0	0.0	0.0	0.0	0.0	0.0	0.0	0.0	0.0	0.0	0.0	0.0	0.0	0.0	0.0	0.0	0.0	0.0	0.0	0.0	0.0	0.0	0.0	0.0	0.0	0.0	0.0	0.0	0.0	0.0	0.0	0.0	0.0	0.0	0.0	0.0	0.0	0.0	0.0	0.0	0.0	0.0	0.0	0.0	0.0	0.0	0.0	0.0	0.0	0.0	0.0	0.0	0.0	0.0	0.0	0.0	0.0	0.0	0.0	0.0	0.0	0.0	0.0	0.0	0.0	0.0	0.0	0.0	0.0	0.0	0.0	0.0	0.0	0.0	0.0	0.0	0.0
2095.4187530944737	1.251929652903982	1.567327855820285	4390779.750819999	3033.2194178531045	-1.090306653474272	9200420.036841126	1.1887685986102663	2247.614091881426	0.7338560690609484	0.5385447300975874	5051769.106023966	2553.5723482345165	1765.80699076849	0.804076	25.93067	0.3069753852643899	0.1895364961765104	0.0260451613	0.0352993636	0.0295152653	-0.0270590519	0.0701692699	-0.0170501789	-0.0379142933	0.0451744578	0.0100257924	0.0093638249	0.0097273506	0.0223471668	0.0075205318	0.0130912694	0.0132739907	-0.0003339077	0.0191935776	-0.0012689796	-0.0257164531	-0.0482194287	0.0224942504	-0.0266358261	0.0025689018	0.0267171551	0.0011842568	0.0421833754	0.0293447377	-0.0050032353	0.0098195984	-0.0348456509	0.0193371672	-0.0265836659	0.0012225783	0.0060434171	0.0171755637	-0.0111499708	-0.0052702155	0.0429865956	0.0082993478	-0.0162348495	0.0048758819	-0.0357739934	-0.0205388904	0.0646896927	-0.0134477424	-0.0256300125	0.0434858251	0.0062619688	0.0270294548	-0.0211929677	-0.0939679574	0.0104625511	0.0020739617	0.0897417473	0.1046187606	-0.0125560603	0.0515471967	-0.024008292	-0.0675308461	0.0637218759	0.0300572439	-0.0813979594	0.0178113211	0.0709234662	-0.0595200392	0.1258685213173294	0.0173338663778395	0.015842884658611	0.0003004629236047	-0.3684687409543983	0.0130906349696715	0.1357692130605194	0.0001713647239091	-3.00509299963943	0.0294745424905684	9.030583936481907	0.0008687486550283	-0.049592638498583	-0.0034290898821207	1.1758657419662598e-05	0.0024594297932511	-0.0004360335557465	-0.0011311371270246	1.901252617369361e-07	1.279471200133466e-06	-0.0030351811724033	-0.0003812998193809	9.212324749311472e-06	1.4538955225990716e-07	0.0	0.0	0.0	0.0	0.0	0.0	0.0	0.0	0.0	0.0	0.0	0.0	0.0	0.0	0.0	0.0	0.0	0.0	0.0	0.0	0.0	0.0	0.0	0.0	0.0	0.0	0.0	0.0	0.0	0.0	0.0	0.0	0.0	0.0	0.0	0.0	0.0	0.0	0.0	0.0	0.0	0.0	0.0	0.0	0.0	0.0	0.0	0.0	0.0	0.0	0.0	0.0	0.0	0.0	0.0	0.0	0.0	0.0	0.0	0.0	0.0	0.0	0.0	0.0	0.0	0.0	0.0	0.0	0.0	0.0	0.0	0.0	0.0	0.0	0.0	0.0	0.0	0.0	0.0	0.0	0.0	0.0	0.0	0.0	0.0	0.0	0.0	0.0	0.0	0.0	0.0	0.0	0.0	0.0	0.0	0.0	0.0	0.0	0.0	0.0	0.0	0.0	0.0	0.0
2092.057755288285	-3.3609978061886068	11.296306253204628	4376705.651461858	3033.4842281943875	0.2648103412830096	9202026.5627041	0.070124516850424	2251.601211613907	3.9871197324810055	15.897123761139405	5069708.0161412135	2559.4251102320736	1730.9959690109977	0.719328	23.197659	0.1697883826047124	0.0745882446531081	0.0239689848	0.0452216797	0.0124032429	-0.0181168545	0.0439612041	-0.0014677344	-0.0161240658	-0.0374673567	0.047994264	0.01405545	0.0381169611	-0.001782333	0.0379114432	0.0026821608	0.0109651752	0.0271481675	0.0031981357	-0.0127190317	-0.0306176574	0.0100048501	0.0484856041	-0.0162413579	0.001132441	0.0042627018	0.0222215071	-0.0143867423	0.0236650828	-0.0144567618	0.0704344801	-0.0209660128	-0.0246653883	0.0473201912	-0.0186341877	0.0027212987	0.0178087248	-0.0181366146	-0.0013509247	0.0520203011	-0.0033621379	-0.0181908705	0.0154795158	-0.0422678852	-0.0231880638	0.0583598967	-0.0279632612	-0.0190640389	0.0690160669	0.0086960983	0.0036774559	0.0077059651	-0.0640572661	0.0428984695	-0.0023702522	0.0763191355	0.1189420413	-0.0278730915	0.0939644047	-0.0248241955	-0.0665549058	0.0652939789	0.0268518493	-0.0816216788	0.0227795284	0.0677702193	-0.0639883028	0.0796610265933992	-0.0462074947239301	0.0063458791579142	0.002135132568662	-0.4026886733941239	-0.0342199324397256	0.1621581676799194	0.0011710037761793	-2.9942597500736383	0.0108332495657919	8.965591450911047	0.0001173592961547	-0.0499755175610684	-0.0003828790624853	1.4659637648969461e-07	0.0024975523554966	-0.0009774460745972	-0.0005414125188507	9.554008287454752e-07	2.9312751556825965e-07	-0.0023889186362341	0.0006462625361692	5.706932250546592e-06	4.176552656558466e-07	0.0	0.0	0.0	0.0	0.0	0.0	0.0	0.0	0.0	0.0	0.0	0.0	0.0	0.0	0.0	0.0	0.0	0.0	0.0	0.0	0.0	0.0	0.0	0.0	0.0	0.0	0.0	0.0	0.0	0.0	0.0	0.0	0.0	0.0	0.0	0.0	0.0	0.0	0.0	0.0	0.0	0.0	0.0	0.0	0.0	0.0	0.0	0.0	0.0	0.0	0.0	0.0	0.0	0.0	0.0	0.0	0.0	0.0	0.0	0.0	0.0	0.0	0.0	0.0	0.0	0.0	0.0	0.0	0.0	0.0	0.0	0.0	0.0	0.0	0.0	0.0	0.0	0.0	0.0	0.0	0.0	0.0	0.0	0.0	0.0	0.0	0.0	0.0	0.0	0.0	0.0	0.0	0.0	0.0	0.0	0.0	0.0	0.0	0.0	0.0	0.0	0.0	0.0	0.0
2091.515022627172	-0.5427326611129502	0.2945587414387444	4374435.08987514	3046.955061099404	13.470832905016325	9283935.144359272	181.4633391548705	2252.827577004701	1.226365390794399	1.503972071738299	5075232.0917128725	2567.9037711613128	1709.248728704186	0.927671	29.916513	0.5554844214750977	0.2296098527074269	0.0468775092	0.0384021446	-0.0141350163	-0.0365839958	-0.0320604377	-0.0129414343	0.0207913381	-0.059692949	-0.0056103613	0.0214147689	-0.0761991539	-0.0179686027	-0.033932567	-0.0002704187	0.0184658283	-0.0193092962	0.029618676	-0.0116624686	-0.0024760679	-0.006177974	-0.0154025554	0.058301825	-0.0105793869	-0.0192322937	0.0414930497	-0.0775836214	-0.0326010783	0.0016977776	-0.0061241063	-0.0044238394	-0.0123396182	-0.0484679854	-0.0207240978	0.0170073513	0.0166958903	0.0007644238	-0.01479106	-0.011878959	0.0369032014	-0.0092153516	-0.0034608798	-0.0189852393	0.0115818796	0.0474961079	0.0395000964	-0.0321708552	0.047869255	0.0481733174	-0.0082709247	0.0381402985	-0.0227076443	0.0636470745	0.0134575942	0.067884498	0.0613197778	-0.0248792142	-0.0146947219	-0.0256373767	-0.0655497724	0.0668016447	0.0235993474	-0.0816216788	0.0276578354	0.0642529755	-0.0680077345	0.1793462039490236	0.0996851773556243	0.0321650608709247	0.0099371345844222	-0.3793930634612081	0.0232956099329157	0.1439390966024802	0.0005426854421465	-3.1610688251944907	-0.1668090751208524	9.992356117616476	0.0278252675426741	-0.0511096105270622	-0.0011340929659938	1.286166855516619e-06	0.0026121922882279	0.0023239920277995	0.0033014381023967	5.4009389452756325e-06	1.0899493543956722e-05	-0.0032672787491577	-0.0008783601129236	1.0675110424697505e-05	7.715164879751594e-07	0.0	0.0	0.0	0.0	0.0	0.0	0.0	0.0	0.0	0.0	0.0	0.0	0.0	0.0	0.0	0.0	0.0	0.0	0.0	0.0	0.0	0.0	0.0	0.0	0.0	0.0	0.0	0.0	0.0	0.0	0.0	0.0	0.0	0.0	0.0	0.0	0.0	0.0	0.0	0.0	0.0	0.0	0.0	0.0	0.0	0.0	0.0	0.0	0.0	0.0	0.0	0.0	0.0	0.0	0.0	0.0	0.0	0.0	0.0	1.0	0.0	0.0	0.0	0.0	0.0	0.0	0.0	0.0	0.0	0.0	0.0	0.0	0.0	0.0	0.0	0.0	0.0	0.0	0.0	0.0	0.0	0.0	0.0	0.0	0.0	0.0	0.0	0.0	0.0	0.0	0.0	0.0	0.0	0.0	0.0	0.0	0.0	0.0	0.0	0.0	0.0	0.0	0.0	0.0
2094.524054627237	3.009032000064962	9.05427357741495	4387031.015412121	3049.9855443050988	3.0304832056949635	9302411.820470069	9.183828459999225	2254.684233694365	1.8566566896638503	3.447174063273528	5083600.993669946	2566.7113440937146	1734.717152679699	0.824924	26.603016	0.2283991117246766	0.1483585161473668	0.0261196722	0.008212583	-0.0046667505	-0.0328031932	-0.0194727185	-0.0170352122	0.0069499169	0.032221089	-0.0051796279	-0.0004250857	-0.0156047686	-0.0056160234	-0.0249057982	-0.012888337	0.0036605043	-0.0140891672	-0.0066265755	0.0132743051	-0.0007002307	-0.000512789	0.0257994779	-0.0207800676	0.0063040038	-0.0099942709	0.0047473598	0.0161726859	-0.0006135992	-0.0031350081	-0.0208940384	-0.041503874	0.0055602354	-0.0145943878	-0.0176077178	0.0173862335	0.0131580997	-0.0024615487	-0.0031158713	-0.014299735	0.0413504228	0.0011671192	-0.0164676631	-0.0211866015	0.0226652828	0.0535370644	0.0373907264	-0.016171697	-0.0041081162	0.0045543376	-0.0224637819	-0.0059025103	-0.0348634811	0.0261935875	0.0532457614	0.0423086346	0.0336420826	0.0392863794	-0.0343154443	-0.0264477464	-0.0645158866	0.0682433853	0.0203054443	-0.0813979594	0.0324269895	0.060390626	-0.0715501408	0.1815823128528251	0.0022361089038015	0.0329721363409812	5.000183029660437e-06	-0.37172407962737	0.0076689838338381	0.1381787913748152	5.881331304367055e-05	-3.1588944037758537	0.0021744214186369	9.978613854206406	4.728108505827325e-06	-0.0500815784875841	0.001028032039478	1.0568498741935007e-06	0.002508164503808	0.0047647664114132	0.0024407743836136	2.270299895533142e-05	5.957379591704835e-06	-0.0041248642774339	-0.0008575855282762	1.7014505307250293e-05	7.354529383087695e-07	0.0	0.0	0.0	0.0	0.0	0.0	0.0	0.0	0.0	0.0	0.0	0.0	0.0	0.0	0.0	0.0	0.0	0.0	0.0	0.0	0.0	0.0	0.0	0.0	0.0	0.0	0.0	0.0	0.0	0.0	0.0	0.0	0.0	0.0	0.0	0.0	0.0	0.0	0.0	0.0	0.0	0.0	0.0	0.0	0.0	0.0	0.0	0.0	0.0	0.0	0.0	0.0	0.0	0.0	0.0	0.0	0.0	0.0	0.0	0.0	0.0	0.0	0.0	0.0	0.0	0.0	0.0	0.0	0.0	0.0	0.0	0.0	0.0	0.0	0.0	0.0	0.0	0.0	0.0	0.0	0.0	0.0	0.0	0.0	0.0	0.0	0.0	0.0	0.0	0.0	0.0	0.0	0.0	0.0	0.0	0.0	0.0	0.0	0.0	0.0	0.0	0.0	0.0	0.0
2090.617402649068	-3.906651978169066	15.261929678532276	4370681.124259136	3040.914903178968	-9.070641126130797	9247163.448375951	82.27653043905534	2250.501972677388	-4.182261016977009	17.491307214125563	5064759.129024815	2564.311514770877	1730.8820456861783	0.637892	20.571421	0.133054854923528	0.0738730737804925	0.0296919949	0.0188135966	-0.0022602333	-0.0316018526	-0.0137783509	-0.0133061511	-0.0039629527	-0.0207142273	0.0209352154	0.0139078368	-0.0295617333	0.0073334216	-0.0238860568	-0.0050671968	0.0091738651	-0.0071891075	-0.0268329909	0.0177177921	0.0196512691	-0.005903228	0.0452813554	0.0155304481	-0.0267310263	-0.0126088594	0.022171401	-0.0256442271	0.0018408413	0.0066241069	-0.0113177238	-0.0136589075	0.0286714245	-0.0061715951	-0.0240781629	0.0150787552	0.0150032255	-0.0050824952	-0.0110109116	0.0001691824	0.0333302224	-0.0010720486	-0.0003494855	-0.0227657122	0.0191377373	0.0507786059	0.0345937487	-0.0116601925	0.0184599799	0.0049842489	-0.0255723838	0.0007654948	-0.0386186309	0.0357172496	0.0437895836	0.0461245045	0.0455948835	0.0434320954	-0.04098732	-0.0272552159	-0.063453702	0.0696177779	0.0169759185	-0.0809511339	0.0370681691	0.0562039158	-0.0745906743	0.1602454753535767	-0.0213368374992484	0.0256786123712937	0.0004552606344693	-0.373559941543732	-0.001835861916362	0.1395470299261564	3.370388975948487e-06	-3.130680280456616	0.0282141233192376	9.801159018439916	0.0007960367546731	-0.0512540896935568	-0.0011725112059726	1.3747825281315513e-06	0.0026269817103151	0.0046401243721045	-0.0001246420393086	2.153075418859818e-05	1.553563796303148e-08	-0.0037886568789417	0.0003362073984922	1.4353920946352264e-05	1.1303541480089327e-07	0.0	0.0	0.0	0.0	0.0	0.0	0.0	0.0	0.0	0.0	0.0	0.0	0.0	0.0	0.0	0.0	0.0	0.0	0.0	0.0	0.0	0.0	0.0	0.0	0.0	0.0	0.0	0.0	0.0	0.0	0.0	0.0	0.0	0.0	0.0	0.0	0.0	0.0	0.0	0.0	0.0	0.0	0.0	0.0	0.0	0.0	0.0	0.0	0.0	0.0	0.0	0.0	0.0	0.0	0.0	0.0	0.0	0.0	0.0	0.0	0.0	0.0	0.0	0.0	0.0	0.0	0.0	0.0	0.0	0.0	0.0	0.0	0.0	0.0	0.0	0.0	0.0	0.0	0.0	0.0	0.0	0.0	0.0	0.0	0.0	0.0	0.0	0.0	0.0	0.0	0.0	0.0	0.0	0.0	0.0	0.0	0.0	0.0	0.0	0.0	0.0	0.0	0.0	0.0
2085.4794261095926	-5.137976539475403	26.39880292019964	4349224.436726396	3042.4873519094367	1.57244873046875	9256729.286528897	2.472595009952784	2242.438263071564	-8.063709605823988	65.02341260705805	5028529.363687413	2558.194259597456	1725.189214653143	0.645405	20.813702	0.107208118513061	0.0566871863703185	0.0169666068	0.0133875955	-0.0045800914	-0.039529486	-0.0093094021	-0.0019808732	-0.0034089077	0.021476501	0.012473253	-0.0206162284	0.0219030728	-0.0050019633	0.0006860432	0.0082191126	0.0324709415	-0.0143664602	-0.0486202326	0.0519858054	0.0046592606	-0.0397265026	0.0147986955	0.0094584805	0.0126454357	0.0017754679	0.0248419913	0.0071871694	0.0061958992	-0.0010037667	-0.0408424471	-0.0120744917	0.0337312104	-0.0388581963	-0.0047318616	0.0117776029	0.0099753387	-0.0077019253	-0.0058154352	0.000141455	0.022740591	-0.003731214	-0.0042082181	-0.0168111954	0.0174346212	0.0464939339	0.028636285	0.002004609	0.0421238212	0.0174230827	-0.014223399	0.0163184002	-0.0298465756	0.0551465933	0.0565085016	0.0264714778	0.0312115385	0.0453887111	-0.010552621	-0.0280596966	-0.0623636846	0.0709234662	0.0136166111	-0.080282427	0.0415630576	0.0517153317	-0.0771080077	0.1566702108295032	-0.0035752645240735	0.0245455549613609	1.278251641709852e-05	-0.3669482471482155	0.0066116943955165	0.1346510160851478	4.371450277970443e-05	-3.08431607201662	0.046364208439996	9.513005632100032	0.0021496398242673	-0.0507519225129372	0.0005021671806196	2.521718772914384e-07	0.0025757576387591	0.0042365797271535	-0.000403544644951	1.794860778452802e-05	1.628482804686288e-07	-0.0038960840764406	-0.0001074271974989	1.5179471130694004e-05	1.1540602762467725e-08	0.0	0.0	0.0	0.0	0.0	0.0	0.0	0.0	0.0	0.0	0.0	0.0	0.0	0.0	0.0	0.0	0.0	0.0	0.0	0.0	0.0	0.0	0.0	0.0	0.0	0.0	0.0	0.0	0.0	0.0	0.0	0.0	0.0	0.0	0.0	0.0	0.0	0.0	0.0	0.0	0.0	0.0	0.0	0.0	0.0	0.0	0.0	0.0	0.0	0.0	0.0	0.0	0.0	0.0	0.0	0.0	0.0	0.0	0.0	0.0	0.0	0.0	0.0	0.0	0.0	0.0	0.0	0.0	0.0	0.0	0.0	0.0	0.0	0.0	0.0	0.0	0.0	0.0	0.0	0.0	0.0	0.0	0.0	0.0	0.0	0.0	0.0	0.0	0.0	0.0	0.0	0.0	0.0	0.0	0.0	0.0	0.0	0.0	0.0	0.0	0.0	0.0	0.0	0.0
2082.1274041023235	-3.35202200726917	11.236051537216836	4335254.52691388	3038.7489617598685	-3.738390149568204	9233995.252596678	13.97556091038858	2247.57764570228	5.139382630715772	26.413253824902974	5051605.273460603	2564.481049598164	1708.7007890072614	0.704967	22.734526	0.1677463616048031	0.0899220359845587	0.0182460651	0.02234362	-0.0084267782	-0.0385412392	-0.0143557854	0.005316182	0.0084497659	-0.0546498366	-0.0029844841	-0.0039279153	-0.0447115975	-0.0404363231	-0.0222160601	-0.001046667	0.0069898421	-0.0245618123	-0.0196400648	0.0552674289	0.0207168481	0.0227328732	0.0367853322	0.0200582994	-0.032414839	-0.0178260004	0.0181135048	-0.0759228908	-0.0046076617	-0.0035881385	-0.0403307057	-0.0191087661	0.0054647628	0.0138597926	0.0016039786	0.009365632	0.0057807175	-0.0186340826	0.0002527969	0.00110355	0.0166656411	-0.0060424743	-0.0003831857	-0.0154659294	0.0226111498	0.0317839219	0.0128439349	0.0012780626	0.0419144945	-0.0020108724	-0.0390358609	0.0064360738	-0.0073540692	0.0652514285	0.0270842072	0.0289790576	0.0329515673	-0.0139059468	-0.0141801954	-0.0288611001	-0.0612463124	0.0721591615	0.0102334157	-0.0793936715	0.0458939156	0.0469489822	-0.0790844839	0.1369989250966199	-0.0196712857328832	0.0187687054776292	0.0003869594823847	-0.3720992906380616	-0.005151043489846	0.1384578820933486	2.6533249034285623e-05	-3.1215866663362988	-0.0372705943196787	9.744303315448567	0.001389097200942	-0.0494354293438773	0.0013164931690599	1.7331542641813782e-06	0.0024438616744134	0.0042030025051302	-3.357722202329983e-05	1.7665230058130736e-05	1.1274298388019712e-09	-0.0031330857062759	0.0007629983701647	9.816226042870356e-06	5.821665128739887e-07	0.0	0.0	0.0	0.0	0.0	0.0	0.0	0.0	0.0	0.0	0.0	0.0	0.0	0.0	0.0	0.0	0.0	0.0	0.0	0.0	0.0	0.0	0.0	0.0	0.0	0.0	0.0	0.0	0.0	0.0	0.0	0.0	0.0	0.0	0.0	0.0	0.0	0.0	0.0	0.0	0.0	0.0	0.0	0.0	0.0	0.0	0.0	0.0	0.0	0.0	0.0	0.0	0.0	0.0	0.0	0.0	0.0	0.0	0.0	0.0	0.0	0.0	0.0	0.0	0.0	0.0	0.0	0.0	0.0	0.0	0.0	0.0	0.0	0.0	0.0	0.0	0.0	0.0	0.0	0.0	0.0	0.0	0.0	0.0	0.0	0.0	0.0	0.0	0.0	0.0	0.0	0.0	0.0	0.0	0.0	0.0	0.0	0.0	0.0	0.0	0.0	0.0	0.0	0.0
2091.02800267486	8.900598572536637	79.22065494944123	4372398.107970415	3051.472713751542	12.723751991673453	9311485.7227702	161.89386474561417	2250.732464150433	3.154818448153037	9.952879440806736	5065796.625180679	2564.571154637639	1711.0311123987815	0.774462	24.975674	0.2264667924213774	0.1181113985630661	-0.0020708574	0.0010562142	-0.0053943725	0.0023603648	-0.0097212155	-0.0025742164	0.0072638	0.0742569539	0.0140163561	0.0117182506	0.0050139919	0.0065479077	-0.032740744	-0.0097720165	-0.0036657248	-0.012046039	-0.0249072277	0.0268834115	0.0247760329	0.0026380047	0.0003618169	-0.0068910243	0.0340555566	-0.0080093411	-0.0070944797	0.0589538564	0.0032530064	0.0137256838	-0.0444314676	-0.0225176446	0.0098423469	-0.032549366	0.0023098293	0.0051669776	-1.3242e-06	-0.0036433055	-0.0156802018	0.007928322	0.0199889183	0.0009162248	-0.0047867712	-0.021306948	0.0257064141	0.0207593497	0.0174117211	-0.005492049	0.0004671033	-0.0018701399	-0.0283088969	-0.0142050156	-0.0159914746	0.0159588501	0.0416209926	0.0110367532	0.0135087381	0.0337341573	-0.0551067967	-0.0296593388	-0.0601020755	0.0733236445	0.0068322673	-0.0782873035	0.0500436514	0.0419304676	-0.0805062393	0.1494861669201839	0.012487241823564	0.022346114100489	0.0001559312083601	-0.3496225383639171	0.0224767522741444	0.1222359193320286	0.0005052043927932	-3.057359264610085	0.0642274017262138	9.34744567289712	0.0041251591325004	-0.0503578997052951	-0.0009224703614178	8.509515676942867e-07	0.0025359180627285	0.0056147818475102	0.00141177934238	3.152577519513006e-05	1.9931209115709063e-06	-0.0033443439344272	-0.0002112582281513	1.1184636351740004e-05	4.4630038961626786e-08	0.0	0.0	0.0	0.0	0.0	0.0	0.0	0.0	0.0	0.0	0.0	0.0	0.0	0.0	0.0	0.0	0.0	0.0	0.0	0.0	0.0	0.0	0.0	0.0	0.0	0.0	0.0	0.0	0.0	0.0	0.0	0.0	0.0	0.0	0.0	0.0	0.0	0.0	0.0	0.0	0.0	0.0	0.0	0.0	0.0	0.0	0.0	0.0	0.0	0.0	0.0	0.0	0.0	0.0	0.0	0.0	0.0	0.0	0.0	0.0	0.0	0.0	0.0	0.0	0.0	0.0	0.0	0.0	0.0	0.0	0.0	0.0	0.0	0.0	0.0	0.0	0.0	0.0	0.0	0.0	0.0	0.0	0.0	0.0	0.0	0.0	0.0	0.0	0.0	0.0	0.0	0.0	0.0	0.0	0.0	0.0	0.0	0.0	0.0	0.0	0.0	0.0	0.0	0.0
2093.280692286023	2.2526896111630776	5.074610484242058	4381824.056697452	3032.0483835320724	-19.42433021946954	9193317.400079452	377.3046044749975	2250.1522813937363	-0.5801827566965585	0.336612031168018	5063185.289461437	2555.61895954789	1719.5965098021418	0.680878	21.957678	0.1606236258803753	0.073157366344908	0.0022349962	0.0246652457	0.0112260042	-0.0155805666	0.0091511518	0.0064606128	-0.0133051476	-0.0016109105	0.0285068761	-0.0011448662	0.0441665317	0.0135384549	0.0274047314	-0.0013001827	-0.0103058105	0.0210693581	-0.0052091219	-0.0128445244	0.0050460741	-0.0162614893	0.0054528925	0.0095127254	-0.0383988309	0.0070236181	0.0076537362	0.0258679763	0.0284798803	-0.0060420234	0.0188103627	-0.0188605909	-0.0008690406	0.0122386406	-0.016831061	0.0091119392	0.0019714147	-0.0202764881	-0.0117937892	0.0150844486	0.01021493	-0.0023898014	0.0022214275	-0.0111973795	0.0233545335	0.0363993293	0.0090615602	0.0164624568	0.0227594975	-0.0026363096	-0.0178819432	-0.0054601058	-0.0272379277	0.0183734291	0.0248867903	0.0224463219	0.022085534	0.0127700311	-0.0222065705	-0.0304543249	-0.0589314758	0.0744157659	0.0034191328	-0.0769663555	0.0539958877	0.0366867426	-0.0813633012	0.1096042640734964	-0.0398819028466875	0.0120130947030927	0.0015905661746726	-0.3146063407700126	0.0350161975939045	0.0989771496526972	0.0012261340939353	-3.0397919422227915	0.0175673223872934	9.24033505200261	0.0003086108158591	-0.049709845790234	0.000648053915061	4.199738768260181e-07	0.0024710687684888	0.0050407373733076	-0.0005740444742026	2.540903326666e-05	3.295270583625396e-07	-0.0032032782626411	0.000141065671786	1.0260991627908986e-05	1.989952375646368e-08	0.0	0.0	0.0	0.0	0.0	0.0	0.0	0.0	0.0	0.0	0.0	0.0	0.0	0.0	0.0	0.0	0.0	0.0	0.0	0.0	0.0	0.0	0.0	0.0	0.0	0.0	0.0	0.0	0.0	0.0	0.0	0.0	0.0	0.0	0.0	0.0	0.0	0.0	0.0	0.0	0.0	0.0	0.0	0.0	0.0	0.0	0.0	0.0	0.0	0.0	0.0	0.0	0.0	0.0	0.0	0.0	0.0	0.0	0.0	0.0	0.0	0.0	0.0	0.0	0.0	0.0	0.0	0.0	0.0	0.0	0.0	0.0	0.0	0.0	0.0	0.0	0.0	0.0	0.0	0.0	0.0	0.0	0.0	0.0	0.0	0.0	0.0	0.0	0.0	0.0	0.0	0.0	0.0	0.0	0.0	0.0	0.0	0.0	0.0	0.0	0.0	0.0	0.0	0.0
2094.4126060276617	1.1319137416385274	1.281228718510131	4386564.164287581	3045.3013495194286	13.25296598735622	9273860.309384853	175.6411074620208	2247.558091200792	-2.5941901929440974	6.729822757167333	5051517.373322149	2562.196320778654	1729.728445042445	0.719496	23.203072	0.1043952429215309	0.0584652383131545	-0.0040554292	-0.006195032	0.0091576208	0.0086118877	-0.0050731304	-0.0168191809	0.0208638168	-0.0210854385	-0.0061634759	0.0144277944	0.01746946	0.0007605549	-0.0167967677	-0.0055156895	0.0056877662	0.0079873254	-0.0160779889	0.0118128988	0.0149205127	-0.026946622	0.011520644	0.0211133682	0.0143578968	-0.0171628574	-0.0007445165	-0.0275082457	0.0058360578	0.0065995166	-0.020027876	-0.0080537621	0.0123621364	-0.0203395926	-0.0032608077	0.0090711123	-0.0078528818	-0.0020314741	-0.0284692823	0.0242324608	0.0079281992	0.0009305456	0.0029905635	-0.0242931028	0.0163278747	0.0028962802	0.0073123793	0.0058691956	-0.0057547017	-0.0144156938	-0.0434035559	-0.0161628051	-0.0072352034	0.025105485	0.0218120805	-0.0044734048	0.0013620854	0.0458121157	-0.0252657642	-0.0312459714	-0.0577350269	0.0754344479	0.0	-0.0754344479	0.0577350269	0.0312459714	-0.0816496581	0.0977329446134405	-0.0118713194600559	0.0095517284628138	0.0001409282257227	-0.3360983616389745	-0.0214920208689619	0.1129621086964028	0.0004619069610318	-3.0063444732762434	0.033447468946548	9.038107091998612	0.0011187331789302	-0.0503309163802442	-0.0006210705900102	3.857286777756202e-07	0.0025332011436751	0.0051460030738073	0.0001052657004997	2.6481347635634183e-05	1.1080867701692568e-08	-0.0032286306450505	-2.5352382409399903e-05	1.0424055842159209e-05	6.427432938324498e-10	0.0	0.0	0.0	0.0	0.0	0.0	0.0	0.0	0.0	0.0	0.0	0.0	0.0	0.0	0.0	0.0	0.0	0.0	0.0	0.0	0.0	0.0	0.0	0.0	0.0	0.0	0.0	0.0	0.0	0.0	0.0	0.0	0.0	0.0	0.0	0.0	0.0	0.0	0.0	0.0	0.0	0.0	0.0	0.0	0.0	0.0	0.0	0.0	0.0	0.0	0.0	0.0	0.0	0.0	0.0	0.0	0.0	0.0	0.0	0.0	0.0	0.0	0.0	0.0	0.0	0.0	0.0	0.0	0.0	0.0	0.0	0.0	0.0	0.0	0.0	0.0	0.0	0.0	0.0	0.0	0.0	0.0	0.0	0.0	0.0	0.0	0.0	0.0	0.0	0.0	0.0	0.0	0.0	0.0	0.0	0.0	0.0	0.0	0.0	0.0	0.0	0.0	0.0	0.0
2084.5554555064623	-9.8571505211994	97.1634163975816	4345371.447081755	3012.960833740234	-32.34051577919445	9077932.985652648	1045.908960864325	2240.653182917343	-6.904908283449004	47.67775840284266	5020526.686117621	2546.720883280129	1748.8387984052051	0.8717399999999998	28.112783	0.6873381324977338	0.3361482219043208	-0.025233776	-0.0531549422	0.0189603347	0.0539390097	-0.0241997131	-0.0274552437	-0.0393753411	-0.0332148284	0.067367683	0.015725323	0.0262493048	0.0035369626	0.0164751167	0.0154362193	0.0297126838	0.0075360683	-0.0272165218	0.0151580549	0.0336561233	-0.0234809969	0.0132441683	-0.0058527274	0.0051294943	0.0179373802	0.0467747823	-0.0010814212	0.0339790779	0.0338522693	0.0027123384	-0.0195625952	0.0254289248	0.0242828011	0.0427570777	-0.0118944564	-0.0417432444	0.0272374322	-0.0491923555	0.0248672919	0.0005157888	0.029322114	0.0075696282	-0.0104507372	0.0341789674	-0.0352083974	0.0158307039	-0.0220502849	-0.0401921298	0.0069561158	-0.0078394816	0.0326214061	0.0811527289	-0.0061813954	-0.0022606996	-0.0487321598	-0.0399958165	0.0395808799	-0.0287624111	-0.0320341914	-0.0565132535	0.0763786853	-0.0034191328	-0.0736957799	0.0612463124	0.0256373767	-0.0813633012	0.2527227162805445	0.1549897716671039	0.0638687713242165	0.024021829321421	-0.3269377296368105	0.0091606320021639	0.1068882790600722	8.39171786790711e-05	-2.8623329182704325	0.1440115550058109	8.19294973501453	0.0207393279751917	-0.0510756804104155	-0.0007447640301712	5.54673460636994e-07	0.0026087251293869	0.0095352581353	0.0043892550614927	9.092114770680484e-05	1.9265559994839284e-05	-0.0007791262602614	0.0024495043847891	6.070377294289148e-07	6.000071731101029e-06	0.0	0.0	0.0	0.0	0.0	0.0	0.0	0.0	0.0	0.0	0.0	0.0	0.0	0.0	0.0	0.0	0.0	0.0	0.0	0.0	0.0	0.0	0.0	0.0	0.0	0.0	0.0	0.0	0.0	0.0	0.0	0.0	0.0	0.0	0.0	0.0	0.0	0.0	0.0	0.0	0.0	0.0	0.0	0.0	0.0	0.0	0.0	0.0	0.0	0.0	0.0	0.0	0.0	0.0	0.0	0.0	0.0	0.0	0.0	0.0	1.0	0.0	0.0	0.0	0.0	0.0	0.0	0.0	0.0	0.0	0.0	0.0	0.0	0.0	0.0	0.0	0.0	0.0	0.0	0.0	0.0	0.0	0.0	0.0	0.0	0.0	0.0	0.0	0.0	0.0	0.0	0.0	0.0	0.0	0.0	0.0	0.0	0.0	0.0	0.0	0.0	0.0	0.0	0.0
2085.698352713958	1.14289720749548	1.306214026900966	4350137.618513717	3037.1350123355264	24.174178595292236	9224189.08315432	584.3909107570852	2246.3877338888324	5.7345509714891705	32.88507484460739	5046257.850966204	2557.500000921981	1737.9503198804805	0.746361	24.06942	0.2194277137995256	0.1311253466548856	-0.0181294783	-0.0448867766	0.0162432411	0.0575129793	0.0176971644	-0.0117252492	-0.0046468429	0.0240912974	0.0094335124	0.0398630739	0.059484076	-0.007028037	-0.0237376999	-0.0043961377	0.0220041685	0.011419116	0.0063707715	0.0171098377	-0.006282048	-0.0492861318	0.0195934195	-0.0347029042	0.020831037	-0.0048346406	0.0093439352	0.0163668664	0.0221267961	0.0199442093	-0.010818825	-0.0312910111	0.0064456504	-0.0085641371	0.0328453993	-0.0065935081	-0.0324094924	0.0376442296	-0.0511986461	0.0469490797	-0.003711504	0.0164995276	0.0124804916	-0.0216699987	0.0081547033	-0.0400568527	0.0064328329	-0.0263535837	-0.0036020608	0.0337523376	-0.0247993592	0.0137245169	0.0240654801	0.0284816357	-0.0143135763	-0.048585562	-0.0324840124	0.044653671	-0.051365561	-0.0328188985	-0.0552666915	0.0772475461	-0.0068322673	-0.0717551168	0.0645158866	0.0198910824	-0.0805062393	0.2446413387807382	-0.0080813774998062	0.0598493846404319	6.53086622943752e-05	-0.3316240455773993	-0.0046863159405887	0.109974507605121	2.1961557095016408e-05	-2.852872213453552	0.0094607048168806	8.138879866295367	8.950493563214894e-05	-0.0515296318572982	-0.0004539514468826	2.060719161268955e-07	0.0026553029593486	0.0074199710075779	-0.0021152871277221	5.50559697532966e-05	4.474439632706811e-06	-0.0021538739965016	-0.0013747477362402	4.639173192805775e-06	1.8899313382975555e-06	0.0	0.0	0.0	0.0	0.0	0.0	0.0	0.0	0.0	0.0	0.0	0.0	0.0	0.0	0.0	0.0	0.0	0.0	0.0	0.0	0.0	0.0	0.0	0.0	0.0	0.0	0.0	0.0	0.0	0.0	0.0	0.0	0.0	0.0	0.0	0.0	0.0	0.0	0.0	0.0	0.0	0.0	0.0	0.0	0.0	0.0	0.0	0.0	0.0	0.0	0.0	0.0	0.0	0.0	0.0	0.0	0.0	0.0	0.0	0.0	0.0	0.0	0.0	0.0	0.0	0.0	0.0	0.0	0.0	0.0	0.0	0.0	0.0	0.0	0.0	0.0	0.0	0.0	0.0	0.0	0.0	0.0	0.0	0.0	0.0	0.0	0.0	0.0	0.0	0.0	0.0	0.0	0.0	0.0	0.0	0.0	0.0	0.0	0.0	0.0	0.0	0.0	0.0	0.0
2084.623596466809	-1.074756247148798	1.1551009907853684	4345655.538946213	3028.139744166324	-8.995268169202518	9169630.31019969	80.91484943586802	2245.2938496643333	-1.0938842244991065	1.1965826966080115	5041344.471340481	2550.449389869713	1744.825567538512	0.7836889999999999	25.273228	0.2194284730321239	0.1100048953643112	-0.0233653337	-0.0594137085	0.0150162612	0.0505440751	-0.02457905	-0.0268911662	-0.019343902	0.0069496995	0.0206209691	-0.0062563163	0.0839090423	-0.0020381722	0.0239512935	0.0062877626	0.0114535158	-0.0222967033	-0.0251667602	0.0221512544	-0.0078719191	-0.0173378534	0.0032691602	-0.0309857082	0.0765898199	0.0121924573	0.0181830187	0.022434625	0.0260993007	-0.0112169002	-0.0159848743	-0.028650354	0.0430970348	0.0133429251	0.0296903542	-0.0055121235	-0.0390565253	0.0445866184	-0.0627786711	0.0170728498	-0.0026878828	0.0214510576	0.018624263	-0.0031347218	0.0287911855	-0.0312665676	0.0404432891	-0.0338720205	-0.0260130909	0.050559129	0.0426555705	0.0377417739	0.0457133687	-0.0062974324	-0.012378151	-0.0278041864	-0.0338593033	0.0926288592	-0.0270796214	-0.0336000067	-0.0539958877	0.0780401729	-0.0102334157	-0.0696177779	0.0675308461	0.0140379523	-0.0790844839	0.3178133070778131	0.0731719682970748	0.1010052981557363	0.0053541369444681	-0.3235962236124834	0.0080278219649158	0.1047145159362603	6.444592550038554e-05	-2.8584344850807	-0.0055622716271481	8.170647705498567	3.09388656541776e-05	-0.0519471481194886	-0.0004175162621904	1.7431982919344375e-07	0.002698506197748	0.008262923472164	0.0008429524645861	6.827590430683878e-05	7.105688575517812e-07	-0.0007610145004184	0.0013928594960832	5.79143069847067e-07	1.940057575829146e-06	0.0	0.0	0.0	0.0	0.0	0.0	0.0	0.0	0.0	0.0	0.0	0.0	0.0	0.0	0.0	0.0	0.0	0.0	0.0	0.0	0.0	0.0	0.0	0.0	0.0	0.0	0.0	0.0	0.0	0.0	0.0	0.0	0.0	0.0	0.0	0.0	0.0	0.0	0.0	0.0	0.0	0.0	0.0	0.0	0.0	0.0	0.0	0.0	0.0	0.0	0.0	0.0	0.0	0.0	0.0	0.0	0.0	0.0	0.0	0.0	0.0	0.0	0.0	0.0	0.0	0.0	0.0	0.0	0.0	0.0	0.0	0.0	0.0	0.0	0.0	0.0	0.0	0.0	0.0	0.0	0.0	0.0	0.0	0.0	0.0	0.0	0.0	0.0	0.0	0.0	0.0	0.0	0.0	0.0	0.0	0.0	0.0	0.0	0.0	0.0	0.0	0.0	0.0	0.0
2080.0218298660006	-4.601766600808332	21.17625584831508	4326490.812719106	3018.744434236225	-9.395309930098849	9112817.959232189	88.271848682614	2237.99020161154	-7.303648052793051	53.34327487906772	5008600.142509262	2554.3230402736144	1705.9984255923905	0.8955689999999998	28.881235	0.3909844289802029	0.1780010823944545	-0.0176545669	-0.0310639729	0.0057821752	0.0383711824	-0.0320604492	0.0003814153	-0.0039530647	-0.1068777772	0.0084588554	0.0313959906	-0.0190268403	-0.0301731659	0.0144078562	0.0200032724	0.047167457	-0.0278403693	-0.0473954597	0.0160348764	-0.0300848971	-0.0399141571	0.0265478035	-0.0159548917	0.0521441919	-0.0096771968	0.056922866	-0.0911783929	0.0016839757	0.0381676459	0.0054689906	-0.0140880546	0.0469692892	-0.004725289	0.0654819262	0.0034699995	-0.0314518647	0.0296401081	-0.0448514559	0.016787792	0.0085741178	0.0373624142	-0.0066247914	0.0202621811	0.048808318	-0.0055398721	0.0377255012	0.0207683638	-0.0004462444	0.0440727544	0.0296245678	0.0914459004	0.1034398024	-0.0444788212	0.042730563	-0.0541144031	-0.0040984028	0.0266277577	-0.0525070739	-0.0343774302	-0.0527013995	0.0787557834	-0.0136166111	-0.0672896215	0.0702792922	0.0081094236	-0.0771080077	0.2698030720001583	-0.0480102350776547	0.0727936976607226	0.0023049826722116	-0.2992306387693872	0.0243655848430962	0.0895389751783354	0.0005936817247461	-2.943272174927777	-0.084837689847077	8.662851095704086	0.0071974336185888	-0.0508015178192317	0.0011456303002568	1.3124687848667089e-06	0.0025807942127377	0.0103854502590108	0.0021225267868467	0.0001078575770823	4.505119960882197e-06	-0.0021682757975622	-0.0014072612971438	4.701419934293995e-06	1.980384358438851e-06	0.0	0.0	0.0	0.0	0.0	0.0	0.0	0.0	0.0	0.0	0.0	0.0	0.0	0.0	0.0	0.0	0.0	0.0	0.0	0.0	0.0	0.0	0.0	0.0	0.0	0.0	0.0	0.0	0.0	0.0	0.0	0.0	0.0	0.0	0.0	0.0	0.0	0.0	0.0	0.0	0.0	0.0	0.0	0.0	0.0	0.0	0.0	0.0	0.0	0.0	0.0	0.0	0.0	0.0	0.0	0.0	0.0	0.0	0.0	0.0	0.0	0.0	0.0	0.0	0.0	0.0	0.0	0.0	0.0	0.0	0.0	0.0	0.0	0.0	0.0	0.0	0.0	0.0	0.0	0.0	0.0	0.0	0.0	0.0	0.0	0.0	0.0	0.0	0.0	0.0	0.0	0.0	0.0	0.0	0.0	0.0	0.0	0.0	0.0	0.0	0.0	0.0	0.0	0.0
2098.4477255453235	18.42589567932282	339.5136315852874	4403482.856846341	3031.6332076223275	12.888773386102455	9190799.905558445	166.120479398303	2247.7179858715504	9.72778426001014	94.62978660930102	5052236.144010459	2556.5081294771408	1769.3404880204014	1.097949	35.40781	0.5974236061222649	0.2544429799576223	-0.0151764049	-0.0478694476	0.0430136869	0.1178458696	0.070520982	-0.01635741	-0.0184850404	0.0598750071	0.0699739327	0.0407018018	0.0421908106	-0.0170823067	0.0088277081	-0.0080929596	0.028993107	-0.0193839687	0.0340656661	0.005649493	-0.0198192241	-0.0409312474	-0.0042098049	-0.0401040386	0.0800886925	-0.0011009319	0.0281065446	0.0686439558	0.0092024482	0.0297993508	-0.0070934777	-0.0576110639	0.030096427	-0.01880434	0.0794125045	0.0005872988	-0.0333148056	0.0473197413	-0.0696644586	0.0813875994	-0.0175804949	0.0282924378	0.0161408632	-0.0286534189	0.0069675047	-0.0240505959	-0.0102102668	-0.0247797929	-0.0429746005	0.0233745531	-0.0301494915	0.0234086254	0.0469965753	-0.0929649155	0.0020406053	-0.0611841231	0.0151149796	0.016841863	-0.1207679526	-0.0351510839	-0.0513837948	0.0793936715	-0.0169759185	-0.064777029	0.0727503781	0.0021373389	-0.0745906743	0.1962165209226753	-0.0735865510774829	0.0385009230829986	0.005414980499479	-0.3356772709675653	-0.036446632198178	0.1126792302442322	0.0013283569985892	-2.770698533961088	0.1725736409666889	7.676770366094123	0.0297816615564996	-0.0531515162742418	-0.00234999845501	5.522492738549848e-06	0.0028250836822509	0.0078440574955274	-0.0025413927634833	6.152923799313959e-05	6.458677178285791e-06	-0.003573220216667	-0.0014049444191048	1.2767902716797765e-05	1.973868820773724e-06	0.0	0.0	0.0	0.0	0.0	0.0	0.0	0.0	0.0	0.0	0.0	0.0	0.0	0.0	0.0	0.0	0.0	0.0	0.0	0.0	0.0	0.0	0.0	0.0	0.0	0.0	0.0	0.0	0.0	0.0	0.0	0.0	0.0	0.0	0.0	0.0	0.0	0.0	0.0	0.0	0.0	0.0	0.0	0.0	0.0	0.0	0.0	0.0	0.0	0.0	0.0	0.0	0.0	0.0	0.0	0.0	0.0	0.0	0.0	0.0	0.0	1.0	0.0	0.0	0.0	0.0	0.0	0.0	0.0	0.0	0.0	0.0	0.0	0.0	0.0	0.0	0.0	0.0	0.0	0.0	0.0	0.0	0.0	0.0	0.0	0.0	0.0	0.0	0.0	0.0	0.0	0.0	0.0	0.0	0.0	0.0	0.0	0.0	0.0	0.0	0.0	0.0	0.0	0.0
2087.6196954047687	-10.828030140554802	117.24623672476324	4358155.992641899	3012.7008438913444	-18.93236373098307	9076366.374783618	358.4343964422432	2246.049084419812	-1.668901451738293	2.785232055614182	5044736.489623076	2546.9069180675865	1735.5148710751666	1.188919	38.341507	0.4466584940699128	0.2684590781021654	0.0213615411	0.0021908447	0.036244374	-0.0038864588	0.0121403715	-0.0348753591	-0.0243572527	-0.0736176683	0.0231165913	0.0036432977	0.0139023969	0.0116980302	0.0262171564	-0.0112267104	0.0293086574	-0.0366463974	-0.0088638569	0.0032324298	-0.0360702071	-0.0319650429	0.0050334815	-0.0239992946	0.0174599315	0.0036137124	0.0510132667	-0.035598013	0.013676339	-0.0161938422	0.0181334339	-0.0308747199	0.0496767151	-0.0018887935	0.0254304156	0.0282795253	0.001759471	0.0178054395	-0.0554519197	0.0212030116	0.0171103764	0.0240519225	0.0113947102	0.012340502	0.0139109473	0.0269837124	0.0347873801	0.0466960199	0.0378850233	0.0419420135	-0.0208824305	0.0933107433	0.0342660363	-0.0404827403	0.0611049309	-0.0280957337	0.0459274956	0.0915163623	-0.0807096596	-0.0359208828	-0.0500436514	0.0799532077	-0.0203054443	-0.0620868871	0.0749343514	-0.0038462256	-0.0715501408	0.1146830069195488	-0.0815335140031265	0.0131521920761092	0.006647713905698	-0.2948644857383016	0.0408127852292636	0.086945064949713	0.00166568343817	-3.0087933868339007	-0.2380948528728126	9.052837644655416	0.0566891589645262	-0.0534176715143036	-0.0002661552400618	7.083861181235484e-08	0.00285344763001	0.0067088808309938	-0.0011351766645336	4.500908200447606e-05	1.2886260597016292e-06	-0.0038962351513658	-0.0003230149346988	1.518064835473848e-05	1.0433864803847009e-07	0.0	0.0	0.0	0.0	0.0	0.0	0.0	0.0	0.0	0.0	0.0	0.0	0.0	0.0	0.0	0.0	0.0	0.0	0.0	0.0	0.0	0.0	0.0	0.0	0.0	0.0	0.0	0.0	0.0	0.0	0.0	0.0	0.0	0.0	0.0	0.0	0.0	0.0	0.0	0.0	0.0	0.0	0.0	0.0	0.0	0.0	0.0	0.0	0.0	0.0	0.0	0.0	0.0	0.0	0.0	0.0	0.0	0.0	0.0	0.0	0.0	0.0	0.0	0.0	0.0	0.0	0.0	0.0	0.0	0.0	0.0	0.0	0.0	0.0	0.0	0.0	0.0	0.0	0.0	0.0	0.0	0.0	0.0	0.0	0.0	0.0	0.0	0.0	0.0	0.0	0.0	0.0	0.0	0.0	0.0	0.0	0.0	0.0	0.0	0.0	0.0	0.0	0.0	0.0
2093.475502170804	5.85580676603513	34.290472881142804	4382639.678189299	3016.0992354543587	3.398391563014229	9096854.598108366	11.549065215566296	2246.534395820651	0.485311400838782	0.2355271557841009	5046916.7916052565	2543.988218739674	1768.5304774705255	0.953312	30.743397	0.2403014626224262	0.1358724822220353	-0.0020284224	0.0106036481	0.0608504537	0.0270538931	0.0476144198	-0.0135403205	-0.0395441296	0.0213314636	-0.000429063	-2.71755e-05	0.0225543271	-0.0078058723	0.0073962052	-0.0163785096	0.0247361721	0.0132530994	-0.0262690604	-0.0436656593	-0.0226880733	-0.0135785879	0.0235899922	-0.0305744781	0.0169755074	0.0206781454	0.0140903426	0.0257019432	0.0430404548	-0.0066956136	-0.0205002518	-0.0238599605	0.0692685652	-0.014905848	0.0171862664	0.0129333854	-0.0105407435	-0.0024300532	-0.0603795984	0.0634289858	-0.0242554174	0.0234564769	0.0149871538	-0.015333711	0.0131402684	-0.0225231049	-0.0238182009	0.0179019839	-0.0109946438	-0.0105430825	-0.0770095883	-0.0055062616	0.0216106864	-0.0390491285	-0.0042805345	0.0086679484	-0.0105902125	-0.049589195	-0.0636987302	-0.0366867426	-0.0486815572	0.0804338397	-0.0235993474	-0.0592265694	0.0768225931	-0.0098091318	-0.0680077345	0.0710932046199559	-0.0435898022995929	0.0050542437431349	0.0019000708645175	-0.2769270846484488	0.0179374010898528	0.0766886102118891	0.0003217503578582	-2.987025812842475	0.0217675739914255	8.922323206587249	0.0004738272774721	-0.0512594655642258	0.0021582059500777	4.657852922951209e-06	0.00262753280993	0.0060388366624113	-0.0006700441685825	3.646754823528285e-05	4.48959187851414e-07	-0.0042081187375366	-0.0003118835861707	1.7708263309206626e-05	9.72713713227586e-08	0.0	0.0	0.0	0.0	0.0	0.0	0.0	0.0	0.0	0.0	0.0	0.0	0.0	0.0	0.0	0.0	0.0	0.0	0.0	0.0	0.0	0.0	0.0	0.0	0.0	0.0	0.0	0.0	0.0	0.0	0.0	0.0	0.0	0.0	0.0	0.0	0.0	0.0	0.0	0.0	0.0	0.0	0.0	0.0	0.0	0.0	0.0	0.0	0.0	0.0	0.0	0.0	0.0	0.0	0.0	0.0	0.0	0.0	0.0	0.0	0.0	0.0	0.0	0.0	0.0	0.0	0.0	0.0	0.0	0.0	0.0	0.0	0.0	0.0	0.0	0.0	0.0	0.0	0.0	0.0	0.0	0.0	0.0	0.0	0.0	0.0	0.0	0.0	0.0	0.0	0.0	0.0	0.0	0.0	0.0	0.0	0.0	0.0	0.0	0.0	0.0	0.0	0.0	0.0
2091.878109085109	-1.5973930856948757	2.551664670225796	4375954.023269491	2995.7637252004524	-20.33551025390625	8974600.29722689	413.53297728672624	2238.6594592338	-7.874936586850708	62.01462624691988	5011596.17441697	2529.8129462389065	1761.3131077779738	1.201752	38.755363	0.942598447668681	0.5439662012468292	-0.0821544223	0.018141101	0.1072173381	0.0836902483	0.0273164656	0.0509405873	-0.0824149279	0.0574487143	0.0829030786	0.0879065141	0.018800201	0.0326723475	0.0764931538	0.0247707909	-0.0336904586	0.0646612422	0.0046515137	0.0190924373	-0.0487079927	-0.0359009134	-0.0555862369	-0.1036831755	0.0820368454	0.0634757615	-0.0416123363	0.1132852956	0.0353228166	0.0532214104	0.0867225194	-0.0196385667	-0.0059049923	0.0037268428	0.1826680436	-0.0450309717	-0.0503799335	-0.0769105556	-0.0204222561	0.0805969031	-0.0951625803	0.0345507809	0.0230599757	0.0230901373	0.0319743642	-0.012939569	-0.0805849297	-0.0303396293	-0.0102918413	0.0161005451	0.0431149674	-0.0677309532	-0.0592477517	-0.0657963728	0.0219625334	-0.0243846158	-0.0482007273	-0.0460562188	0.0753931091	-0.0374485793	-0.0472981097	0.0808350932	-0.0268518493	-0.0562039158	0.0784076511	-0.0157193527	-0.0639883028	-0.0059305832894125	-0.0770237879093684	3.5171818152658787e-05	0.0059326639039073	-0.3099562774778377	-0.0330291928293889	0.0960728939479183	0.0010909275789609	-2.6829681187000816	0.3040576941423936	7.198317925961055	0.0924510813671893	-0.0425698314568302	0.0086896341073956	7.550974092041294e-05	0.0018121905502629	0.0061589289865453	0.0001200923241339	3.793240626130791e-05	1.4422166315905626e-08	-0.0024480897133156	0.001760029024221	5.993143244441656e-06	3.097702166100325e-06	0.0	0.0	0.0	0.0	0.0	0.0	0.0	0.0	0.0	0.0	0.0	0.0	0.0	0.0	0.0	0.0	0.0	0.0	0.0	0.0	0.0	0.0	0.0	0.0	0.0	0.0	0.0	0.0	0.0	0.0	0.0	0.0	0.0	0.0	0.0	0.0	0.0	0.0	0.0	0.0	0.0	0.0	0.0	0.0	0.0	0.0	0.0	0.0	0.0	0.0	0.0	0.0	0.0	0.0	0.0	0.0	0.0	0.0	0.0	0.0	0.0	0.0	1.0	0.0	0.0	0.0	0.0	0.0	0.0	0.0	0.0	0.0	0.0	0.0	0.0	0.0	0.0	0.0	0.0	0.0	0.0	0.0	0.0	0.0	0.0	0.0	0.0	0.0	0.0	0.0	0.0	0.0	0.0	0.0	0.0	0.0	0.0	0.0	0.0	0.0	0.0	0.0	0.0	0.0
2099.553903431268	7.675794346158909	58.91781884452508	4408126.593413473	3004.0373435572574	8.273618356804946	9024240.361486545	68.45276071405976	2247.5471466196564	8.887687385856225	78.99098706870785	5051468.176278159	2539.2292751531227	1755.6983149131584	1.030432	33.230453	0.4068265869166678	0.2161330066937562	-0.0445523995	0.0103978366	0.069905596	0.0204469955	0.023190708	0.0156819519	-0.0530990523	-0.0351765186	0.0420123955	0.0507312375	0.0602552421	-0.0557606479	0.0661589716	-0.0004009995	-0.0159365204	0.0405603959	0.0162385887	-0.0494448455	-0.0244099465	0.0182595916	-0.0224889005	-0.0714803731	0.0441115495	0.0356919223	0.010761641	0.0286829016	0.0407729161	0.0109232757	0.0763824567	-0.0414802649	-0.0110651364	0.0807832324	0.0345365371	-0.0266749124	-0.0313179508	-0.0577523787	-0.0088985651	0.0415805102	-0.0713585953	0.0195657675	0.007199723	0.036412647	0.049564747	-0.0265784013	-0.0444659875	0.0215511956	-0.0145034474	-0.0293075177	-0.011610565	-0.0350614751	0.0124826915	0.0016899035	-0.0381004409	-0.029252327	-0.0256871345	-0.0390744078	0.0532692823	-0.0382063093	-0.0458939156	0.0811565722	-0.0300572439	-0.0530272111	0.0796832699	-0.0215451443	-0.0595200392	-0.0125355750535902	-0.0066049917641777	0.0001571406419241	4.362591620485525e-05	-0.2353781764577291	0.0745781010201086	0.0554028859525658	0.0055618931517655	-2.8871207315744982	-0.2041526128744166	8.335466118687267	0.0416782893434514	-0.0438678634862204	-0.0012980320293901	1.6848871493228312e-06	0.0019243894468456	0.0070559995943544	0.0008970706078091	4.978713027552946e-05	8.047356753949892e-07	-0.0022133747253556	0.0002347149879599	4.899027674842978e-06	5.5091125573062884e-08	0.0	0.0	0.0	0.0	0.0	0.0	0.0	0.0	0.0	0.0	0.0	0.0	0.0	0.0	0.0	0.0	0.0	0.0	0.0	0.0	0.0	0.0	0.0	0.0	0.0	0.0	0.0	0.0	0.0	0.0	0.0	0.0	0.0	0.0	0.0	0.0	0.0	0.0	0.0	0.0	0.0	0.0	0.0	0.0	0.0	0.0	0.0	0.0	0.0	0.0	0.0	0.0	0.0	0.0	0.0	0.0	0.0	0.0	0.0	0.0	0.0	0.0	0.0	0.0	0.0	0.0	0.0	0.0	0.0	0.0	0.0	0.0	0.0	0.0	0.0	0.0	0.0	0.0	0.0	0.0	0.0	0.0	0.0	0.0	0.0	0.0	0.0	0.0	0.0	0.0	0.0	0.0	0.0	0.0	0.0	0.0	0.0	0.0	0.0	0.0	0.0	0.0	0.0	0.0
2092.0469405049744	-7.506962926293454	56.35449237674438	4376660.401276223	3036.38482890882	32.34748535156268	9219632.829227643	1046.3598085695623	2248.399496499594	0.8523498799377194	0.7265003178298446	5055300.295859628	2557.5083463271217	1772.6140941688634	0.909728	29.337868	0.220467808892169	0.1435699287401394	-0.0708397455	-0.0024851135	0.0961876441	0.0286435848	0.02565445	0.0305339827	0.0055865295	0.0270947939	-0.0157080064	0.0869894642	0.0391779214	0.021696319	0.0227004576	-0.0278066541	-0.022919306	0.0299992471	-0.0096294499	0.0153404641	0.0058963316	-0.0246076611	-0.0149684224	-0.0644627881	0.0604624236	-0.0146177581	-0.0468165383	0.0207661403	0.0143807311	0.0656915207	0.0233217138	0.0053246786	0.001246289	0.0029002646	0.1073749582	-0.0395283921	-0.0475391923	-0.0716398112	-0.0091740072	0.0542723081	-0.1003761559	0.0342055782	0.0271823813	0.0480379215	0.0513111252	-0.0360623296	-0.0682813607	0.0042452738	-0.0112111528	-0.0185806161	0.0172006378	-0.0435550223	-0.0095480373	0.0072076661	-0.0059395429	-0.0429544655	-0.076325626	-0.0279110277	0.0427287596	-0.0389598496	-0.044469591	0.0813979594	-0.0332099078	-0.0497051625	0.0806444153	-0.0272552159	-0.0546342852	-0.0231885346146185	-0.0106529595610282	0.0005377081375733	0.0001134855474089	-0.2153778715068597	0.0200003049508694	0.0463876275348253	0.0004000121981277	-2.7658576405480417	0.1212630910264565	7.64996848777798	0.0147047372452906	-0.0438395079382806	2.835554793979844e-05	8.040370989662076e-10	0.0019219024562705	0.0078660432922299	0.0008100436978754	6.1874637075235e-05	6.561707924678134e-07	-0.0027460045466166	-0.0005326298212609	7.540540970039038e-06	2.836945264965247e-07	0.0	0.0	0.0	0.0	0.0	0.0	0.0	0.0	0.0	0.0	0.0	0.0	0.0	0.0	0.0	0.0	0.0	0.0	0.0	0.0	0.0	0.0	0.0	0.0	0.0	0.0	0.0	0.0	0.0	0.0	0.0	0.0	0.0	0.0	0.0	0.0	0.0	0.0	0.0	0.0	0.0	0.0	0.0	0.0	0.0	0.0	0.0	0.0	0.0	0.0	0.0	0.0	0.0	0.0	0.0	0.0	0.0	0.0	0.0	0.0	0.0	0.0	0.0	0.0	0.0	0.0	0.0	0.0	0.0	0.0	0.0	0.0	0.0	0.0	0.0	0.0	0.0	0.0	0.0	0.0	0.0	0.0	0.0	0.0	0.0	0.0	0.0	0.0	0.0	0.0	0.0	0.0	0.0	0.0	0.0	0.0	0.0	0.0	0.0	0.0	0.0	0.0	0.0	0.0
2072.233289649553	-19.8136508554212	392.5807602205333	4294150.806731809	3050.5101193076684	14.125290398848392	9305611.987998486	199.52382885179856	2239.9413835269547	-8.458112972639356	71.53967505793015	5017337.401636648	2567.42867903695	1747.88552571302	1.266232	40.834774	0.7989460297923223	0.4313726709092457	-0.0310833385	-0.0033222543	0.0055334409	-0.1146318858	-0.0010099201	0.0580319563	0.0568435069	-0.0217872269	-0.0217179884	0.0917245742	-0.1177260617	-0.0410970987	-0.0572616808	-0.0150527285	-0.0132543142	0.0060465028	-0.0658632497	0.0398519996	0.06557584	0.0185770799	-0.0191297007	-0.02646389	-0.0015658638	-0.0513087998	-0.0117798108	-0.0687563558	-0.048931104	0.0907019447	-0.0379809527	0.0318669785	-0.0290106806	-0.0324060994	0.0364527983	-0.0131920534	-0.0225354482	-0.0694046322	0.073203791	-0.022118691	-0.0704609238	-0.029283538	0.0015753913	0.0389022925	0.0620134358	7.9413e-06	-0.0163330081	0.0248725109	0.0147762133	-0.0162979934	-0.0288886828	-0.053822159	0.0629315475	0.0787516269	0.0195122166	-0.0268600633	-0.0414351151	-0.0431975169	0.0385412564	-0.0397091175	-0.0430257605	0.0815590168	-0.0363043104	-0.0462468756	0.081287294	-0.0328188985	-0.049365311	-0.1236552278284648	-0.1004666932138463	0.0152906153693095	0.0100935564453251	-0.2560691194552476	-0.0406912479483878	0.0655713939385858	0.0016557776595971	-3.142070400811015	-0.3762127602629732	9.872606403652693	0.1415360409846853	-0.0415319379338497	0.0023075700044309	5.324879325349232e-06	0.0017249018685411	0.0068423060928655	-0.0010237371993643	4.6817152668464346e-05	1.048037853362464e-06	-0.0050462039101636	-0.002300199363547	2.5464173902950405e-05	5.290917112062024e-06	0.0	0.0	0.0	0.0	0.0	0.0	0.0	0.0	0.0	0.0	0.0	0.0	0.0	0.0	0.0	0.0	0.0	0.0	0.0	0.0	0.0	0.0	0.0	0.0	0.0	0.0	0.0	0.0	0.0	0.0	0.0	0.0	0.0	0.0	0.0	0.0	0.0	0.0	0.0	0.0	0.0	0.0	0.0	0.0	0.0	0.0	0.0	0.0	0.0	0.0	0.0	0.0	0.0	0.0	0.0	0.0	0.0	0.0	0.0	0.0	0.0	0.0	0.0	1.0	0.0	0.0	0.0	0.0	0.0	0.0	0.0	0.0	0.0	0.0	0.0	0.0	0.0	0.0	0.0	0.0	0.0	0.0	0.0	0.0	0.0	0.0	0.0	0.0	0.0	0.0	0.0	0.0	0.0	0.0	0.0	0.0	0.0	0.0	0.0	0.0	0.0	0.0	0.0	0.0
2059.607697333459	-12.625592316094298	159.40558133221938	4241983.8669152325	3018.8963099429484	-31.61380936472005	9113734.93018715	999.4329425488614	2239.789087336817	-0.1522961901378039	0.0231941295304901	5016655.155753091	2549.3769326570173	1678.3185005752734	0.8676789999999999	27.981823	0.1255424779577197	0.0684425341480744	-0.0498208218	0.0106079019	-0.0252682228	-0.0793605535	-0.0103307323	0.0806966626	-0.0127518589	0.0501728076	-0.01387123	0.0451964116	-0.0544049769	0.0344156683	-0.0453408319	-0.0152066619	-0.0114456664	-0.028424705	-0.0937005951	0.0423664738	0.0828999232	-0.0333743178	-0.0299394637	-0.0194968592	-0.0111463862	-0.0046271553	-0.0283533436	0.0266093436	-0.0006198257	0.0581168818	-0.0745445333	0.0059539377	0.0439556959	-0.054045887	0.0293770833	-0.008765103	-0.0214250479	-0.0718679402	0.076844273	-0.0279793658	-0.069598862	-0.0284266906	0.0139690201	0.0430225129	0.0580802624	0.0119815754	-0.0157112826	0.0251366692	0.0213609247	-0.0201529291	0.0164625967	-0.0833910467	0.040773264	0.0329157826	0.0515645072	-0.0184329709	-0.0299087003	-0.0142440753	-0.0364309449	-0.0404540309	-0.0415630576	0.0816395852	-0.0393350228	-0.0426618292	0.0816093689	-0.0382063093	-0.0437500746	-0.1265017808708251	-0.0028465530423602	0.0160027005634902	8.102864222970586e-06	-0.2133124205067673	0.0427566989484802	0.0455021887424559	0.0018281353049709	-3.143646592325794	-0.0015761915147791	9.882513897441578	2.484379691261849e-06	-0.0421374786147355	-0.0006055406808858	3.666795162076392e-07	0.0017755671040072	0.0067318176738	-0.0001104884190654	4.531736919328605e-05	1.2207690747593526e-08	-0.0058974354992543	-0.0008512315890906	3.477974546786481e-05	7.245952182658781e-07	0.0	0.0	0.0	0.0	0.0	0.0	0.0	0.0	0.0	0.0	0.0	0.0	0.0	0.0	0.0	0.0	0.0	0.0	0.0	0.0	0.0	0.0	0.0	0.0	0.0	0.0	0.0	0.0	0.0	0.0	0.0	0.0	0.0	0.0	0.0	0.0	0.0	0.0	0.0	0.0	0.0	0.0	0.0	0.0	0.0	0.0	0.0	0.0	0.0	0.0	0.0	0.0	0.0	0.0	0.0	0.0	0.0	0.0	0.0	0.0	0.0	0.0	0.0	0.0	0.0	0.0	0.0	0.0	0.0	0.0	0.0	0.0	0.0	0.0	0.0	0.0	0.0	0.0	0.0	0.0	0.0	0.0	0.0	0.0	0.0	0.0	0.0	0.0	0.0	0.0	0.0	0.0	0.0	0.0	0.0	0.0	0.0	0.0	0.0	0.0	0.0	0.0	0.0	0.0
2058.2956650453893	-1.3120322880695312	1.7214287249369693	4236581.0447446415	3023.9136545281663	5.01734458521787	9144053.79004189	25.173746686815083	2240.542249010755	0.7531616739379388	0.567252507088998	5020029.569602172	2552.996927405412	1678.519176546555	0.761414	24.554863	0.1779901109996532	0.0843846144353527	-0.062987088	0.0083765483	-0.0228947875	-0.0762456987	-0.0131864833	0.0892989991	0.0047720596	0.0238029386	-4.31126e-05	0.0275659173	-0.0459747352	0.0556074632	-0.0701496244	-0.0132254841	-0.023562291	-0.0202913763	-0.0500229587	0.0459450038	0.0986902038	0.0041971876	-0.0218851968	-0.0534582404	-0.0392032071	-0.0175318135	-0.029062212	0.0054147735	-0.0013694191	0.0645480393	-0.0701183056	0.0251740874	0.0292760328	-0.0060631326	0.0411334393	-0.019330207	-0.0246247994	-0.0732068792	0.0627443687	-0.0189680275	-0.0793297987	-0.0266323119	0.0257983184	0.052333078	0.0620340244	-0.0033997274	-0.0193079638	0.0195973352	0.0157520632	-0.0374738744	0.0062578944	-0.0826938753	0.0545335608	0.0754279335	0.0008731499	-0.0093587644	-0.0081244515	-0.0306786067	-0.0159151149	-0.041194508	-0.0400821236	0.0816395852	-0.0422967282	-0.0389598496	0.0816093689	-0.0433885123	-0.0378279629	-0.1479880271547955	-0.0214862462839704	0.0219004561811684	0.0004616587793754	-0.2251402147622343	-0.011827794255467	0.0506881163031849	0.0001398967169496	-3.0788841257903883	0.0647624665354058	9.479527460044045	0.0041941770717495	-0.0412625009874089	0.0008749776273265	7.655858483220855e-07	0.0017025939877359	0.0066870812048664	-4.4736468933600365e-05	4.471705504047746e-05	2.0013516526469904e-09	-0.0052188775170183	0.0006785579822359	2.7236682537639097e-05	4.604409352561914e-07	0.0	0.0	0.0	0.0	0.0	0.0	0.0	0.0	0.0	0.0	0.0	0.0	0.0	0.0	0.0	0.0	0.0	0.0	0.0	0.0	0.0	0.0	0.0	0.0	0.0	0.0	0.0	0.0	0.0	0.0	0.0	0.0	0.0	0.0	0.0	0.0	0.0	0.0	0.0	0.0	0.0	0.0	0.0	0.0	0.0	0.0	0.0	0.0	0.0	0.0	0.0	0.0	0.0	0.0	0.0	0.0	0.0	0.0	0.0	0.0	0.0	0.0	0.0	0.0	0.0	0.0	0.0	0.0	0.0	0.0	0.0	0.0	0.0	0.0	0.0	0.0	0.0	0.0	0.0	0.0	0.0	0.0	0.0	0.0	0.0	0.0	0.0	0.0	0.0	0.0	0.0	0.0	0.0	0.0	0.0	0.0	0.0	0.0	0.0	0.0	0.0	0.0	0.0	0.0
2060.7120891106906	2.416424065301271	5.839105263367122	4246534.314206947	3028.218462813528	4.30480828536156	9170107.058524726	18.531374373717533	2237.956535042106	-2.585713968648633	6.685916727664666	5008449.45273767	2551.366260724485	1658.6183274508855	0.781989	25.218414	0.1996339257865424	0.1188926349507019	-0.0823239476	0.026598592	-0.0085298804	-0.0293295343	-0.0105210261	0.0787590856	0.0164350779	0.055780236	-0.0161676056	0.0290686163	0.0121181388	0.0422799174	-0.0214731853	-0.0049255618	-0.0079015565	-0.0126838514	-0.0713170936	-0.0209937331	0.0737470714	-0.030356697	-0.0140335954	-0.0323954941	-0.0005705801	-0.0142658159	-0.0336627386	0.0234359156	0.0017590435	0.0777333137	-0.0579003581	0.0247966893	0.0575616277	-0.0156518371	0.0213702919	-0.0169638942	-0.0206405926	-0.0779267058	0.0286167447	-0.0014338684	-0.0932202456	-0.0156633387	0.0305849168	0.0471975327	0.0590846007	-0.0076673389	-0.0324664417	0.0277565343	0.0282631021	-0.0477198881	0.0146861965	-0.1127758281	0.000582234	0.0423022904	0.0083637553	-0.0202138053	-0.0316413031	-0.0150948198	-0.0347571596	-0.0419304676	-0.0385836084	0.0815590168	-0.0451842308	-0.0351510839	0.081287294	-0.0483376736	-0.0316405151	-0.1716981387413625	-0.0237101115865669	0.0294802508472481	0.0005621693914474	-0.2237134065747597	0.0014268081874746	0.0500476882812837	2.0357816038446125e-06	-2.9904535914700574	0.0884305343203308	8.942812682736164	0.0078199594001792	-0.0425861224081517	-0.0013236214207427	1.7519736654491852e-06	0.001813577821762	0.0066539809001071	-3.310030475929971e-05	4.42754618189901e-05	1.0956301751585192e-09	-0.0055834852253596	-0.0003646077083413	3.1175307261808945e-05	1.3293878098189448e-07	0.0	0.0	0.0	0.0	0.0	0.0	0.0	0.0	0.0	0.0	0.0	0.0	0.0	0.0	0.0	0.0	0.0	0.0	0.0	0.0	0.0	0.0	0.0	0.0	0.0	0.0	0.0	0.0	0.0	0.0	0.0	0.0	0.0	0.0	0.0	0.0	0.0	0.0	0.0	0.0	0.0	0.0	0.0	0.0	0.0	0.0	0.0	0.0	0.0	0.0	0.0	0.0	0.0	0.0	0.0	0.0	0.0	0.0	0.0	0.0	0.0	0.0	0.0	0.0	0.0	0.0	0.0	0.0	0.0	0.0	0.0	0.0	0.0	0.0	0.0	0.0	0.0	0.0	0.0	0.0	0.0	0.0	0.0	0.0	0.0	0.0	0.0	0.0	0.0	0.0	0.0	0.0	0.0	0.0	0.0	0.0	0.0	0.0	0.0	0.0	0.0	0.0	0.0	0.0
2066.669400150286	5.9573110395954245	35.48955482248552	4271122.409517543	3024.6066688939145	-3.6117939196133193	9148245.501517542	13.045055317755743	2240.752918061756	2.7963830196499657	7.819757992586661	5020973.639802275	2554.085292850737	1666.330101000397	0.7427289999999999	23.952297	0.1564838729010718	0.0769379996879576	-0.0868970398	0.0146777846	0.0016414969	-0.018293747	-0.0185133296	0.053948508	0.0180020694	0.0072640647	-0.0228030689	0.0573209064	-0.0023806622	0.0293992024	0.0004579035	-0.0012503167	-0.0207718472	0.0101985831	-0.0407394817	-0.0442296627	0.0356987473	-0.028359193	-0.014985391	-0.0266995472	0.0495673068	-0.0206158811	-0.043563645	-0.0134866302	0.0040576804	0.080547196	-0.0088515438	0.0225826876	0.0342896475	0.0036365566	0.0460829989	-0.0187407114	-0.0211433252	-0.0649840011	0.003312332	-0.0006797943	-0.0896116858	-0.00502389	0.0322061277	0.0606651846	0.0490630391	-0.0436264305	-0.0369447113	0.032863932	0.0432605818	-0.0460641908	-0.0011825886	-0.0850082325	0.0272617394	0.0814583518	-0.0267033952	-0.0355935213	-0.0372302014	-0.0009982156	0.0108532311	-0.0426618292	-0.0370681691	0.0813979594	-0.0479924649	-0.0312459714	0.0806444153	-0.0530272111	-0.0252311319	-0.1181819842723541	0.0535161544690084	0.0139669814065509	0.0028639787891507	-0.2162242939037071	0.0074891126710525	0.0467529452741567	5.608680859972053e-05	-2.953345570402597	0.0371080210674605	8.72225005821664	0.001377005227543	-0.0427375433947346	-0.0001514209865829	2.292831517774029e-08	0.0018264976154168	0.0061593114805986	-0.0004946694195085	3.7937117915033714e-05	2.446978345968769e-07	-0.0061048065131392	-0.0005213212877796	3.72686625628668e-05	2.7177588509218097e-07	0.0	0.0	0.0	0.0	0.0	0.0	0.0	0.0	0.0	0.0	0.0	0.0	0.0	0.0	0.0	0.0	0.0	0.0	0.0	0.0	0.0	0.0	0.0	0.0	0.0	0.0	0.0	0.0	0.0	0.0	0.0	0.0	0.0	0.0	0.0	0.0	0.0	0.0	0.0	0.0	0.0	0.0	0.0	0.0	0.0	0.0	0.0	0.0	0.0	0.0	0.0	0.0	0.0	0.0	0.0	0.0	0.0	0.0	0.0	0.0	0.0	0.0	0.0	0.0	0.0	0.0	0.0	0.0	0.0	0.0	0.0	0.0	0.0	0.0	0.0	0.0	0.0	0.0	0.0	0.0	0.0	0.0	0.0	0.0	0.0	0.0	0.0	0.0	0.0	0.0	0.0	0.0	0.0	0.0	0.0	0.0	0.0	0.0	0.0	0.0	0.0	0.0	0.0	0.0
2069.545337556841	2.87593740655484	8.271015966421379	4283017.904203258	3029.696006694593	5.08933780067855	9179057.892981164	25.901359249415577	2244.1353749196765	3.3824568579202605	11.441014395691802	5036143.580965877	2551.2767511004768	1667.9772815411318	0.894974	28.862057	0.7242902165322984	0.3621400218996186	-0.0946622605	-0.0228178601	0.0142080296	0.0566092894	-0.0456617856	0.0439711259	0.019807167	0.0651739968	-0.0162396287	0.0460606772	0.0374637795	0.0608150624	0.0044975414	-0.0256090932	-0.0220195772	0.0090359064	-0.0287721164	-0.0117185691	0.0224923814	-0.0236233554	-0.0378403391	-0.0402536153	0.0286195918	-0.0151417704	-0.042174364	0.0464436061	0.0059184699	0.0507976223	-0.01671009	0.0153306385	0.0392096579	-0.0125453683	0.0338093337	-0.0347867618	-0.0528502018	-0.0201323934	-0.0381758965	0.0067965628	-0.0835228173	0.045080592	0.020677862	0.100152002	0.0795483186	-0.0756423709	-0.0067214186	0.0103035281	-0.000890421	-0.0505519622	0.0357025489	-0.0221659572	0.0946368401	0.0367638791	-0.0464883363	-0.0690576249	-0.0616657721	-0.0479689187	-0.0131854361	-0.0433885123	-0.0355364705	0.0811565722	-0.0507165039	-0.0272552159	0.0796832699	-0.057431937	-0.0186447705	0.118990939378321	0.2371729236506751	0.0141588436541352	0.0562509957130089	-0.2210612830215836	-0.0048369891178765	0.0488680908511486	2.3396463726455684e-05	-2.891541652862415	0.0618039175401818	8.361013130238307	0.0038197242233136	-0.0436299762513079	-0.0008924328565732	7.964364034915749e-07	0.0019035748276896	0.0100648699523469	0.0039055584717483	0.0001013016071576	1.5253386976244917e-05	-0.0024932701169895	0.0036115363961497	6.216395876272834e-06	1.3043195140713969e-05	0.0	0.0	0.0	0.0	0.0	0.0	0.0	0.0	0.0	0.0	0.0	0.0	0.0	0.0	0.0	0.0	0.0	0.0	0.0	0.0	0.0	0.0	0.0	0.0	0.0	0.0	0.0	0.0	0.0	0.0	0.0	0.0	0.0	0.0	0.0	0.0	0.0	0.0	0.0	0.0	0.0	0.0	0.0	0.0	0.0	0.0	0.0	0.0	0.0	0.0	0.0	0.0	0.0	0.0	0.0	0.0	0.0	0.0	0.0	0.0	0.0	0.0	0.0	0.0	1.0	0.0	0.0	0.0	0.0	0.0	0.0	0.0	0.0	0.0	0.0	0.0	0.0	0.0	0.0	0.0	0.0	0.0	0.0	0.0	0.0	0.0	0.0	0.0	0.0	0.0	0.0	0.0	0.0	0.0	0.0	0.0	0.0	0.0	0.0	0.0	0.0	0.0	0.0	0.0
2071.623075793901	2.0777382370602027	4.316996181742039	4291622.168161783	3023.1390962299547	-6.556910464638349	9139369.995154068	42.99307484128389	2244.8696680110256	0.7342930913491728	0.5391863440031246	5039439.826355932	2549.402924229372	1676.468868858721	1.051351	33.905064	0.5154969716851342	0.2871996660962466	-0.0560230235	-0.0038319915	-0.0055994962	-0.0411107642	-0.0156360525	0.0686151273	0.0272934006	-0.0239232458	-0.02400034	0.0362522579	0.0107203936	0.0535618743	0.0047689088	-0.0142485364	-0.0280806071	0.0111031924	-0.0055612471	-0.0273852578	0.0052389401	0.0115743527	-0.0163174755	-0.0428898331	0.0502668523	-0.014892766	-0.0278584257	-0.0171614113	0.0136189782	0.0179247727	0.0574088263	0.0393039908	-0.0056313552	0.0152819489	-0.0178191551	-0.0129777609	-0.0300223338	-0.0286928732	0.0328179045	-0.0425928896	-0.0565510279	0.0017821785	-0.0022523618	0.0881793155	0.0842650361	0.0147730433	0.0314558011	0.0258165328	-0.0018172728	-0.0262885801	0.0522024854	-0.0530965576	0.020611513	0.0134927241	-0.0121596667	-0.0244044142	-0.0191047653	0.0001339843	-0.0162077523	-0.0441104375	-0.0339891844	0.0808350932	-0.0533515689	-0.0231897558	0.0784076511	-0.0615281933	-0.0119276293	0.078502146609594	-0.040488792768727	0.0061625870223141	0.0016393423398689	-0.1835219130899474	0.0375393699316362	0.0336802925841942	0.0014092042948642	-3.120077606027316	-0.2285359531649011	9.734884267633149	0.0522286818889898	-0.0420566527922857	0.0015733234590221	2.4753467067095697e-06	0.0017687620440908	0.0083463657995832	-0.0017185041527637	6.966182206045211e-05	2.953256523066083e-06	-0.003380099621601	-0.0008868295046115	1.1425073451947224e-05	7.864665702494788e-07	0.0	0.0	0.0	0.0	0.0	0.0	0.0	0.0	0.0	0.0	0.0	0.0	0.0	0.0	0.0	0.0	0.0	0.0	0.0	0.0	0.0	0.0	0.0	0.0	0.0	0.0	0.0	0.0	0.0	0.0	0.0	0.0	0.0	0.0	0.0	0.0	0.0	0.0	0.0	0.0	0.0	0.0	0.0	0.0	0.0	0.0	0.0	0.0	0.0	0.0	0.0	0.0	0.0	0.0	0.0	0.0	0.0	0.0	0.0	0.0	0.0	0.0	0.0	0.0	0.0	1.0	0.0	0.0	0.0	0.0	0.0	0.0	0.0	0.0	0.0	0.0	0.0	0.0	0.0	0.0	0.0	0.0	0.0	0.0	0.0	0.0	0.0	0.0	0.0	0.0	0.0	0.0	0.0	0.0	0.0	0.0	0.0	0.0	0.0	0.0	0.0	0.0	0.0	0.0
2061.11568080153	-10.507394992371246	110.40534952570836	4248197.849645954	2987.2026675575657	-35.93642867238896	8923379.777063036	1291.426905725699	2230.939914455661	-13.92975355536464	194.03803411319387	4977092.901911432	2530.850744333872	1646.9590186401451	1.174804	37.886322	0.5272504555198253	0.2843714819174923	-0.0377963218	-0.0210066477	-0.0484385629	-0.0603844773	0.0161969656	0.1255566385	-0.0380392969	-0.0586847379	-0.0264666479	-0.0258064459	-0.03466618	0.0020311015	0.0054462095	0.0235702093	0.0493227359	-0.0242999149	0.0157386887	-0.0566471666	-0.007354026	-0.0169563349	-0.0073809587	0.0998088739	0.0070047562	0.0314663175	0.02286954	-0.0440946269	0.0178145118	-4.01195e-05	-0.0264847553	0.0384138255	0.0190982925	-0.0238491531	-0.0298019875	-0.0086522567	-0.042845874	-0.0145612005	0.092607201	-0.0469841722	-0.0744200969	-0.0282296457	-0.0163819419	0.0593363862	0.0451721433	0.0612214374	0.0251996148	-0.0097863605	0.0035651957	0.0263919357	0.0960157478	0.0393141013	-0.0417365475	-0.0054308613	-0.0328833461	-0.0155342577	0.0403023246	0.0234579955	0.0157537106	-0.0448275254	-0.0324269895	0.0804338397	-0.0558930371	-0.0190607341	0.0768225931	-0.0652939789	-0.0051268245	0.0495051586467667	-0.0289969879628272	0.0024507607326415	0.0008408253109163	-0.2290263923739388	-0.0455044792839914	0.0524530884038213	0.0020706576349072	-3.280881078547978	-0.1608034725206617	10.764180651574142	0.0258577567747032	-0.0389803700090928	0.0030762827831928	9.46351576216905e-06	0.0015194692460457	0.0056271892874917	-0.0027191765120914	3.1665259277261346e-05	7.393920903910093e-06	-0.0033366486018385	4.3451019762500136e-05	1.1133223892150816e-05	1.8879911184011776e-09	0.0	0.0	0.0	0.0	0.0	0.0	0.0	0.0	0.0	0.0	0.0	0.0	0.0	0.0	0.0	0.0	0.0	0.0	0.0	0.0	0.0	0.0	0.0	0.0	0.0	0.0	0.0	0.0	0.0	0.0	0.0	0.0	0.0	0.0	0.0	0.0	0.0	0.0	0.0	0.0	0.0	0.0	0.0	0.0	0.0	0.0	0.0	0.0	0.0	0.0	0.0	0.0	0.0	0.0	0.0	0.0	0.0	0.0	0.0	0.0	0.0	0.0	0.0	0.0	0.0	0.0	1.0	0.0	0.0	0.0	0.0	0.0	0.0	0.0	0.0	0.0	0.0	0.0	0.0	0.0	0.0	0.0	0.0	0.0	0.0	0.0	0.0	0.0	0.0	0.0	0.0	0.0	0.0	0.0	0.0	0.0	0.0	0.0	0.0	0.0	0.0	0.0	0.0	0.0
2062.6407715077185	1.525090706188621	2.3259016621029067	4254486.952285956	3018.692827405428	31.490159847862287	9112506.386228977	991.6301672439182	2235.532106605959	4.59219215029816	21.088228745260043	4997603.799666078	2541.9676734947366	1662.0048686533669	1.458957	47.04998	1.2889345399438212	0.7040440170470542	0.0550552216	-0.0851637029	-0.0876909989	0.0003285181	0.083872201	0.120492273	0.0212481488	-0.0184088233	-0.0220681081	-0.1551147921	-0.0381717404	-0.1941793085	-0.0288280381	-0.0119652814	-0.0020332727	0.0490367537	0.021160859	0.0326150356	0.0160296755	0.1180774128	-0.0043705578	0.0629101383	-0.0414275131	0.0004010677	0.0114904927	-0.0108665287	-0.016688646	-0.0710614277	-0.1083674299	0.0461326937	-0.1077857326	0.0544721393	-0.0150891411	-0.0153804395	-0.0750741535	0.0558301421	0.183925143	0.0157527211	-0.0020044871	-0.0255812872	-0.0191945611	-0.0232964231	-0.1076554965	-0.0207005307	-0.0424294246	0.012083947	0.0353749995	0.0026075648	-0.0294587519	-0.0036473243	-0.0983370243	0.020161066	-0.0679849657	0.0047304629	0.0460758556	0.0163911825	0.0270141958	-0.0455396975	-0.0308505711	0.0799532077	-0.05833645	-0.0148794683	0.0749343514	-0.0687090676	0.0017099414	-0.0950663818947958	-0.1445715405415625	0.0090376169665671	0.0209009303345606	-0.2425402947107784	-0.0135139023368396	0.0588257945583912	0.0001826255563696	-3.728993141572552	-0.448112063024574	13.90538984989513	0.2008044210281398	-0.0303559994431277	0.0086243705659651	7.437976765908525e-05	0.0009214867021911	0.0043080078952399	-0.0013191813922517	1.8558932025449315e-05	1.7402395456633965e-06	-0.0070478373244385	-0.0037111887226	4.9672010951748434e-05	1.377292173475342e-05	0.0	0.0	0.0	0.0	0.0	0.0	0.0	0.0	0.0	0.0	0.0	0.0	0.0	0.0	0.0	0.0	0.0	0.0	0.0	0.0	0.0	0.0	0.0	0.0	0.0	0.0	0.0	0.0	0.0	0.0	0.0	0.0	0.0	0.0	0.0	0.0	0.0	0.0	0.0	0.0	0.0	0.0	0.0	0.0	0.0	0.0	0.0	0.0	0.0	0.0	0.0	0.0	0.0	0.0	0.0	0.0	0.0	0.0	0.0	0.0	0.0	0.0	0.0	0.0	0.0	0.0	0.0	1.0	0.0	0.0	0.0	0.0	0.0	0.0	0.0	0.0	0.0	0.0	0.0	0.0	0.0	0.0	0.0	0.0	0.0	0.0	0.0	0.0	0.0	0.0	0.0	0.0	0.0	0.0	0.0	0.0	0.0	0.0	0.0	0.0	0.0	0.0	0.0	0.0
2078.1416657669456	15.500894259227152	240.2777228357413	4318672.782996615	3025.3364032946133	6.643575889185286	9152660.353099586	44.13710059536406	2243.411061472707	7.87895486674779	62.07792979224869	5032893.190738098	2551.8987126191937	1673.5861713175002	0.998406	32.197643	0.3874220471688689	0.2264479403178448	0.0939202908	-0.0511484595	-0.0948059612	-0.0089268878	0.0556588332	0.0892860086	0.0232981193	0.0330164193	0.0024895967	-0.1037766482	-0.0519895573	-0.029260337	-0.051146162	-0.0308058908	-0.0123460806	0.0224035185	0.1026943728	0.0402450097	0.0144459199	0.1098643514	-0.0163830011	0.0525195461	-0.0442629645	-0.0192246021	-0.0107033059	0.0360051442	-0.0238596014	-0.0804028051	-0.0480047515	0.0336298702	-0.1103472232	0.0399846454	-0.0262778333	0.0071408982	-0.0372950894	0.0665846962	0.199720795	-0.0145409025	0.0452586217	-0.0112424728	-0.0210860823	-0.0261127667	-0.0806178157	-0.0026811926	-0.0308908785	-0.0088493066	-0.0019638106	-0.0087497649	0.0041412636	-0.0178276657	-0.0408222771	-0.0251389583	-0.0232372266	0.0237463184	0.0378420619	-0.0089729021	0.0031666077	-0.0462468756	-0.0292606206	0.0793936715	-0.0606775209	-0.010657419	0.0727503781	-0.0717551168	0.0085347133	-0.1084047952594602	-0.0133384133646644	0.0117515996352454	0.0001779132710866	-0.2052901088121501	0.0372501858986283	0.0421440287761044	0.0013875763494823	-3.793434223535918	-0.0644410819633662	14.390143208293557	0.0041526530446092	-0.0345877576189799	-0.0042317581758521	1.7907777258891936e-05	0.0011963129771093	0.0036267451944347	-0.0006812627008052	1.315328070535519e-05	4.6411886750839613e-07	-0.0075826637666253	-0.0005348264421867	5.749678979769218e-05	2.860393232621902e-07	0.0	0.0	0.0	0.0	0.0	0.0	0.0	0.0	0.0	0.0	0.0	0.0	0.0	0.0	0.0	0.0	0.0	0.0	0.0	0.0	0.0	0.0	0.0	0.0	0.0	0.0	0.0	0.0	0.0	0.0	0.0	0.0	0.0	0.0	0.0	0.0	0.0	0.0	0.0	0.0	0.0	0.0	0.0	0.0	0.0	0.0	0.0	0.0	0.0	0.0	0.0	0.0	0.0	0.0	0.0	0.0	0.0	0.0	0.0	0.0	0.0	0.0	0.0	0.0	0.0	0.0	0.0	0.0	0.0	0.0	0.0	0.0	0.0	0.0	0.0	0.0	0.0	0.0	0.0	0.0	0.0	0.0	0.0	0.0	0.0	0.0	0.0	0.0	0.0	0.0	0.0	0.0	0.0	0.0	0.0	0.0	0.0	0.0	0.0	0.0	0.0	0.0	0.0	0.0
2078.7912094954577	0.6495437285120715	0.4219070552493636	4321372.892675588	3038.3457159745067	13.009312679893355	9231544.689780638	169.24221640323404	2242.0509751885484	-1.3600862841585697	1.849834700356265	5026792.575343921	2551.07385954612	1681.4300308184918	0.784622	25.303318	0.3386229377724556	0.1980830604662567	0.0538863875	-0.0289033613	-0.0678494628	-0.0626751295	0.0551227509	0.0696800468	0.0431708828	0.0523602355	-0.0161094525	-0.0787035714	-0.025184259	0.0046371767	-0.0451137217	-0.0225518616	1.9018e-05	0.0061993301	0.0354201758	0.0080629932	0.0256508388	0.0808311973	-0.0052399411	0.078284758	-0.0147631706	-0.0167441293	-0.0144198116	0.0371533188	-0.0194444353	-0.0497980438	-0.0470430584	0.0584898453	-0.0629461713	-0.0095849839	-0.0856559865	0.0133305762	-0.0187437369	0.0287973208	0.1637684581	-0.0315117208	0.0034917748	-0.0414990748	-0.0158359393	-0.0294956965	-0.0487189607	0.0106817414	-0.0220340599	-0.028313915	-0.0164610073	-0.0063634979	-0.0042224357	-0.0234548194	-0.0464683491	0.0163703095	-0.0555452077	0.0070821239	0.006224621	-0.0271087645	0.0185466356	-0.0469489822	-0.0276578354	0.0787557834	-0.0629121428	-0.0064061583	0.0702792922	-0.0744157659	0.0152996203	-0.137046375455057	-0.0286415801955967	0.0187817090253684	0.0008203401161008	-0.2294447103537322	-0.0241546015415821	0.052644875109308	0.0005834447756326	-3.6523016107835113	0.1411326127524068	13.339307056131831	0.0199184143823208	-0.0369376799385147	-0.0023499223195347	5.5221349078478085e-06	0.0013643921992401	0.0033920170815098	-0.0002347281129248	1.150577988125426e-05	5.5097286997284574e-08	-0.0072734313334276	0.0003092324331976	5.29028033620864e-05	9.562469774136969e-08	0.0	0.0	0.0	0.0	0.0	0.0	0.0	0.0	0.0	0.0	0.0	0.0	0.0	0.0	0.0	0.0	0.0	0.0	0.0	0.0	0.0	0.0	0.0	0.0	0.0	0.0	0.0	0.0	0.0	0.0	0.0	0.0	0.0	0.0	0.0	0.0	0.0	0.0	0.0	0.0	0.0	0.0	0.0	0.0	0.0	0.0	0.0	0.0	0.0	0.0	0.0	0.0	0.0	0.0	0.0	0.0	0.0	0.0	0.0	0.0	0.0	0.0	0.0	0.0	0.0	0.0	0.0	0.0	0.0	0.0	0.0	0.0	0.0	0.0	0.0	0.0	0.0	0.0	0.0	0.0	0.0	0.0	0.0	0.0	0.0	0.0	0.0	0.0	0.0	0.0	0.0	0.0	0.0	0.0	0.0	0.0	0.0	0.0	0.0	0.0	0.0	0.0	0.0	0.0
2075.814974391004	-2.9762351044537354	8.857975396982738	4309007.8079059245	3026.777158717105	-11.568557257401608	9161379.968531592	133.83151701777942	2236.599011177625	-5.451964010923348	29.7239115764034	5002375.13680073	2550.8473420388027	1688.1797518213368	0.66871	21.565273	0.1686119706991576	0.0972757585286049	0.0592425986	-0.02574751	-0.0593280412	-0.060300181	0.0372293434	0.0642453256	0.0462825296	-0.0194440921	-0.009935934	-0.1010286927	-0.0095083171	0.0271180256	-0.0269228882	-0.0156187613	0.0153542155	0.0114945262	0.0282688683	0.0194425954	0.0402196745	0.0873120756	-0.0062250157	0.0415201926	-0.0455364483	-0.0286337973	0.0070351123	-0.0061428851	-0.0093572216	-0.0416386163	-0.0196346555	0.0717469631	-0.0683113412	0.0298282669	-0.0659729592	0.0180708517	-0.012210189	0.0275123144	0.1491095771	-0.0466392013	0.0025234794	-0.0337611093	-0.0136448214	-0.0194985027	-0.0312561575	0.0266854918	-0.0122416941	-0.0250971747	-0.0193948767	-0.0156770122	0.0071729593	-0.0246713613	-0.0318825485	0.0124537799	-0.0415055174	0.0073938146	-3.4157e-05	-0.0233811527	0.0083771215	-0.0476459404	-0.0260429185	0.0780401729	-0.0650363955	-0.0021373389	0.0675308461	-0.0766767246	0.0219572114	-0.1418543874718381	-0.0048080120167811	0.0201226672450103	2.3116979553511503e-05	-0.2211602588948693	0.0082844514588629	0.0489118601144456	6.863213597425593e-05	-3.615036468679008	0.0372651421045033	13.068488669879192	0.0013886908160688	-0.0385131998206049	-0.0015755198820902	2.48226289886153e-06	0.0014832665604218	0.0037736335661462	0.0003816164846364	1.4240310291545288e-05	1.4563114134624372e-07	-0.006865480397774	0.0004079509356536	4.713482109221904e-05	1.6642396590064806e-07	0.0	0.0	0.0	0.0	0.0	0.0	0.0	0.0	0.0	0.0	0.0	0.0	0.0	0.0	0.0	0.0	0.0	0.0	0.0	0.0	0.0	0.0	0.0	0.0	0.0	0.0	0.0	0.0	0.0	0.0	0.0	0.0	0.0	0.0	0.0	0.0	0.0	0.0	0.0	0.0	0.0	0.0	0.0	0.0	0.0	0.0	0.0	0.0	0.0	0.0	0.0	0.0	0.0	0.0	0.0	0.0	0.0	0.0	0.0	0.0	0.0	0.0	0.0	0.0	0.0	0.0	0.0	0.0	0.0	0.0	0.0	0.0	0.0	0.0	0.0	0.0	0.0	0.0	0.0	0.0	0.0	0.0	0.0	0.0	0.0	0.0	0.0	0.0	0.0	0.0	0.0	0.0	0.0	0.0	0.0	0.0	0.0	0.0	0.0	0.0	0.0	0.0	0.0	0.0
2073.976343567884	-1.838630823119729	3.3805633037259324	4301377.87367921	3038.133804481908	11.356645764803034	9230257.013935711	128.9734030272187	2237.296111399993	0.6971002223681353	0.4859487200257036	5005493.8900855305	2554.1832266170813	1672.3421124293152	0.685114	22.094273	0.1147510339854202	0.0755379912846065	0.04697027	-0.0118470032	-0.0619856446	-0.0594658767	0.0308331068	0.0531039008	0.0537383948	0.0165247895	-0.0342133887	-0.0565955304	-0.0154173989	-0.010268299	-0.0582865033	-0.0243287128	-0.0086474708	0.0221576237	0.022171039	0.0287326478	0.0201099813	0.0695235385	-0.023867218	0.0137345779	-0.045125892	-0.0326548238	-0.0225415712	-0.0116433276	-0.0193777323	-0.0377099305	-0.046391576	0.0583105905	-0.0542667814	0.0021253453	-0.0265427692	0.0185495626	-0.000374056	0.0260928146	0.1215034658	-0.0349955732	-0.003533775	-0.0332213617	-0.0139960821	-0.0292375829	-0.005498904	0.0194725206	-0.0133176274	-0.0393147486	-0.0337888648	-0.0134614662	-0.0157932612	-0.0443742343	-0.0179608549	0.0103240918	-0.0326881685	0.0050455571	0.0042676544	-0.0637119574	-0.0051923367	-0.0483376736	-0.0244165784	0.0772475461	-0.0670465522	0.0021373389	0.0645158866	-0.0785258491	0.0284607885	-0.1530591506257934	-0.0112047631539553	0.0234271035902893	0.0001255467173362	-0.2386480346148687	-0.0174877757199994	0.0569528844255395	0.000305822299633	-3.612174524428162	0.0028619442508461	13.047804794927815	8.190724894951515e-06	-0.0396917032469636	-0.0011785034263586	1.388870325939186e-06	0.001575431306645	0.0042063839419794	0.0004327503758332	1.7693665867342155e-05	1.872728877837759e-07	-0.0068128031827535	5.2677215020499775e-05	4.641428720693622e-05	2.7748889823159673e-09	0.0	0.0	0.0	0.0	0.0	0.0	0.0	0.0	0.0	0.0	0.0	0.0	0.0	0.0	0.0	0.0	0.0	0.0	0.0	0.0	0.0	0.0	0.0	0.0	0.0	0.0	0.0	0.0	0.0	0.0	0.0	0.0	0.0	0.0	0.0	0.0	0.0	0.0	0.0	0.0	0.0	0.0	0.0	0.0	0.0	0.0	0.0	0.0	0.0	0.0	0.0	0.0	0.0	0.0	0.0	0.0	0.0	0.0	0.0	0.0	0.0	0.0	0.0	0.0	0.0	0.0	0.0	0.0	0.0	0.0	0.0	0.0	0.0	0.0	0.0	0.0	0.0	0.0	0.0	0.0	0.0	0.0	0.0	0.0	0.0	0.0	0.0	0.0	0.0	0.0	0.0	0.0	0.0	0.0	0.0	0.0	0.0	0.0	0.0	0.0	0.0	0.0	0.0	0.0
2071.406654639583	-2.569688928301275	6.603301188234156	4290725.528885148	3029.3291899028577	-8.804614579050394	9176835.340797504	77.52123788562675	2233.5099706608494	-3.786140739143775	14.334861696604172	4988566.789041428	2544.5190263730883	1659.6806027034145	0.839613	27.076704	0.2074395069818904	0.0969563600956623	0.0719716452	-0.0164241972	-0.0719853943	-0.0358837544	0.0127815998	0.0560141005	0.0318701811	0.0324406557	-0.0210094637	-0.0902934819	0.0006901858	-0.0036509043	-0.005420538	-0.0040875142	-0.0020034512	0.0119822319	0.0482903934	0.0039858571	0.0265555812	0.0703252113	-0.0040172182	0.0639285928	-0.035377823	-0.0075892826	-0.0133891531	0.01646763	-0.0177000978	-0.0676526614	-0.0309753454	0.0479361713	-0.0559711233	0.0169019957	-0.0741816562	0.0261901862	0.0017199574	0.036860533	0.1381595408	-0.0546301175	0.0334395643	-0.0095359162	-0.013185772	-0.0032338952	-0.0311974765	0.0308043648	-0.0033324924	-0.0013164736	-0.0133360725	0.0130812928	0.050711191	0.015158517	-0.0190572323	-0.016262799	0.0164929155	0.0213164421	0.0081135424	0.0423708523	0.0055710609	-0.0490241061	-0.0227795284	0.0763786853	-0.0689390864	0.0064061583	0.0612463124	-0.0799532077	0.0347647336	-0.1781287951559704	-0.025069644530177	0.0317298676637176	0.0006284870768694	-0.1989537705658932	0.0396942640489755	0.039582602822386	0.0015756345983897	-3.66405820801657	-0.0518836835884082	13.4253225517336	0.002691916622702	-0.0401201722420984	-0.0004284689951348	1.835856797918272e-07	0.0016096282207356	0.0039836634733869	-0.0002227204685924	1.586957466919698e-05	4.9604407130062736e-08	-0.0079774520153128	-0.0011646488325593	6.363974065661826e-05	1.3564069031817426e-06	0.0	0.0	0.0	0.0	0.0	0.0	0.0	0.0	0.0	0.0	0.0	0.0	0.0	0.0	0.0	0.0	0.0	0.0	0.0	0.0	0.0	0.0	0.0	0.0	0.0	0.0	0.0	0.0	0.0	0.0	0.0	0.0	0.0	0.0	0.0	0.0	0.0	0.0	0.0	0.0	0.0	0.0	0.0	0.0	0.0	0.0	0.0	0.0	0.0	0.0	0.0	0.0	0.0	0.0	0.0	0.0	0.0	0.0	0.0	0.0	0.0	0.0	0.0	0.0	0.0	0.0	0.0	0.0	0.0	0.0	0.0	0.0	0.0	0.0	0.0	0.0	0.0	0.0	0.0	0.0	0.0	0.0	0.0	0.0	0.0	0.0	0.0	0.0	0.0	0.0	0.0	0.0	0.0	0.0	0.0	0.0	0.0	0.0	0.0	0.0	0.0	0.0	0.0	0.0
2072.815029029809	1.408374390226072	1.9835184230446603	4296562.144571848	3042.6041452508225	13.274955347964806	9257439.984697487	176.2244394904594	2236.467321090368	2.957350429518556	8.745921562973587	5001786.078305127	2560.4337991674142	1648.2759458659082	1.053492	33.974121	0.7347371424908196	0.4664392146567441	0.1287004695	-0.0435136913	-0.0892548676	0.066455987	0.0115391473	0.057299128	0.0891536082	-0.055500833	-0.0219020701	-0.085166562	-0.0736123592	-0.028492452	-0.0474740399	-0.0202046249	0.0076627577	-0.0082297291	0.0652483524	0.0775780253	0.0135786987	0.0871374275	-0.0020932761	0.0641124259	0.0198422396	-0.0554989655	0.011114853	-0.0683211623	-0.0780014011	-0.0793728631	-0.0060431101	0.066081153	-0.1289908957	-0.0174324044	-0.0115450539	0.0176537302	-0.0263817631	0.0881592172	0.1536346691	0.0149176577	0.0780349161	0.0220926008	-0.0325045867	-0.0126919005	-0.0785483719	-0.0327120325	-0.0427424941	0.0503157751	0.033812883	0.0011127946	-0.0205464854	0.0494583987	0.0139291786	-0.0501695628	0.0090543274	-0.0048299494	0.0342994792	-0.0330199292	0.0549602997	-0.0497051625	-0.0211324865	0.0754344479	-0.0707106781	0.010657419	0.0577350269	-0.0809511339	0.040824829	-0.1940067813494153	-0.0158779861934448	0.0376386312095598	0.0002521104455592	-0.2026207361306404	-0.0036669655647472	0.0410551627101226	1.3446636453041865e-05	-4.008608259082727	-0.3445500510661574	16.068940174786256	0.1187147376896917	-0.0343535090870456	0.0057666631550528	3.325440394384354e-05	0.0011801635865937	0.0047948683274805	0.0008112048540935	2.299076227787565e-05	6.580533153050187e-07	-0.0088124267994958	-0.0008349747841829	7.765886609647178e-05	6.97182890221445e-07	0.0	0.0	0.0	0.0	0.0	0.0	0.0	0.0	0.0	0.0	0.0	0.0	0.0	0.0	0.0	0.0	0.0	0.0	0.0	0.0	0.0	0.0	0.0	0.0	0.0	0.0	0.0	0.0	0.0	0.0	0.0	0.0	0.0	0.0	0.0	0.0	0.0	0.0	0.0	0.0	0.0	0.0	0.0	0.0	0.0	0.0	0.0	0.0	0.0	0.0	0.0	0.0	0.0	0.0	0.0	0.0	0.0	0.0	0.0	0.0	0.0	0.0	0.0	0.0	0.0	0.0	0.0	0.0	1.0	0.0	0.0	0.0	0.0	0.0	0.0	0.0	0.0	0.0	0.0	0.0	0.0	0.0	0.0	0.0	0.0	0.0	0.0	0.0	0.0	0.0	0.0	0.0	0.0	0.0	0.0	0.0	0.0	0.0	0.0	0.0	0.0	0.0	0.0	0.0
2086.4653479482	13.650318918390894	186.33120657378035	4353337.648188603	3042.0127942537006	-0.5913509971219355	9253841.840403209	0.3496960017971073	2239.440059249019	2.972738158651282	8.837172159901415	5015091.778969251	2560.16730824266	1683.863454569385	1.107145	35.704357	0.6908263480099883	0.4730692908053696	0.093813394	5.35198e-05	-0.0488125873	-0.0146617454	0.0078954094	0.0135628996	0.0614910962	0.0228589986	0.0067763683	-0.0636435661	-0.0581833585	-0.0339770801	-0.0587459752	-0.0367601533	0.0084204015	-0.0383358453	0.0640992061	0.0348181579	0.0209385647	0.0574454769	0.0038444668	0.0117398687	-0.0289729224	-0.0508672116	0.0157861262	0.0128536945	-0.0549793646	-0.0336561765	-0.0332536274	0.0150875084	-0.0705076704	0.0018534178	-0.0264516145	0.0401014264	0.0184378323	0.0447886597	0.107245478	-0.0391124782	0.0537218877	0.002789288	-0.0196440474	-0.0314452878	-0.0152954424	0.0242106112	-0.0109297751	-0.0212983241	-0.0490582415	0.0175273704	-0.0031567262	-8.66796e-05	-0.0081227186	-0.0557238042	0.0213992683	0.025764926	0.0133720834	-0.0047374188	0.0046836487	-0.0503807682	-0.0194761753	0.0744157659	-0.0723582192	0.0148794683	0.0539958877	-0.081514268	0.0465985677	-0.2229201981354265	-0.0289134167860111	0.0496934147367378	0.0008359856702415	-0.2316315105687607	-0.0290107744381202	0.0536531566883658	0.0008416250334994	-3.7737168220895256	0.2348914369932018	14.240938653321468	0.0551739871727312	-0.0416574215926959	-0.0073039125056503	5.334713789019488e-05	0.0017353407737516	0.0052650222212171	0.0004701538937365	2.772045898990984e-05	2.2104468379568575e-07	-0.0086262788030296	0.0001861479964661	7.44126859875978e-05	3.4651076588379983e-08	0.0	0.0	0.0	0.0	0.0	0.0	0.0	0.0	0.0	0.0	0.0	0.0	0.0	0.0	0.0	0.0	0.0	0.0	0.0	0.0	0.0	0.0	0.0	0.0	0.0	0.0	0.0	0.0	0.0	0.0	0.0	0.0	0.0	0.0	0.0	0.0	0.0	0.0	0.0	0.0	0.0	0.0	0.0	0.0	0.0	0.0	0.0	0.0	0.0	0.0	0.0	0.0	0.0	0.0	0.0	0.0	0.0	0.0	0.0	0.0	0.0	0.0	0.0	0.0	0.0	0.0	0.0	0.0	0.0	1.0	0.0	0.0	0.0	0.0	0.0	0.0	0.0	0.0	0.0	0.0	0.0	0.0	0.0	0.0	0.0	0.0	0.0	0.0	0.0	0.0	0.0	0.0	0.0	0.0	0.0	0.0	0.0	0.0	0.0	0.0	0.0	0.0	0.0	0.0
2071.325932593947	-15.139415354252831	229.20189726858644	4290391.119036185	3021.699436870374	-20.313357383326547	9130667.486782735	412.6324881827471	2229.1290547424583	-10.311004506560948	106.31681393432018	4969016.342697006	2538.552588517572	1678.515377558277	0.8577939999999998	27.663027	0.2715200080868659	0.1519973106381769	0.0561357013	-0.0149017149	-0.044526929	-0.0436948942	0.0198203413	0.0206210348	0.008135967	0.0572803161	0.0235501509	-0.0715965802	0.0022903659	-0.0178891988	0.0251374883	-0.0006087372	0.0275906341	-0.0397435101	-0.0328439998	0.0154938943	0.0065318225	0.017083933	0.012291962	0.0237558438	0.0242817955	0.0065590979	0.0281807596	0.0640448404	-0.0153903033	-0.0416795179	-0.0376046359	0.017844355	0.0286311054	-0.015929322	-0.061416893	0.0308688785	0.0082958798	0.0276145292	0.08525633	-0.0462612091	0.0030276012	-0.0180935553	-0.0226973019	-0.0077817063	-0.0035721801	0.0106413007	-0.001874224	0.0461120399	-0.0022494152	0.0177102636	-0.0307558102	0.0264288786	0.0252653508	-0.0046216147	0.0021124372	-0.0148010733	-0.027102985	0.002162749	0.0484441054	-0.0510508491	-0.0178113211	0.0733236445	-0.0738788195	0.0190607341	0.0500436514	-0.0816395852	0.0520454508	-0.2461336448707953	-0.0232134467353688	0.0605817711373827	0.0005388641093358	-0.238463995287546	-0.0068324847187853	0.0568650770484987	4.668284743243476e-05	-3.655272550408824	0.1184442716807017	13.361017417772228	0.0140290454939718	-0.0407738799932511	0.0008835415994448	7.806457579494771e-07	0.001662509289704	0.0061878884760244	0.0009228662548073	3.8289963791715577e-05	8.516821242620538e-07	-0.0092804670478177	-0.000654188244788	8.612706862563017e-05	4.279622596189344e-07	0.0	0.0	0.0	0.0	0.0	0.0	0.0	0.0	0.0	0.0	0.0	0.0	0.0	0.0	0.0	0.0	0.0	0.0	0.0	0.0	0.0	0.0	0.0	0.0	0.0	0.0	0.0	0.0	0.0	0.0	0.0	0.0	0.0	0.0	0.0	0.0	0.0	0.0	0.0	0.0	0.0	0.0	0.0	0.0	0.0	0.0	0.0	0.0	0.0	0.0	0.0	0.0	0.0	0.0	0.0	0.0	0.0	0.0	0.0	0.0	0.0	0.0	0.0	0.0	0.0	0.0	0.0	0.0	0.0	0.0	0.0	0.0	0.0	0.0	0.0	0.0	0.0	0.0	0.0	0.0	0.0	0.0	0.0	0.0	0.0	0.0	0.0	0.0	0.0	0.0	0.0	0.0	0.0	0.0	0.0	0.0	0.0	0.0	0.0	0.0	0.0	0.0	0.0	0.0
2074.6796403419257	3.3537077479786603	11.247355658852095	4304295.610049303	3021.494947895251	-0.2044889751232403	9129431.720156524	0.0418157409469532	2233.033041421469	3.9039866790108135	15.24111198989388	4986436.564080017	2548.9243488599886	1689.3079123896594	0.8226369999999998	26.529253	0.2964601490565696	0.1730577101168823	0.0859160558	0.0090510699	-0.0426884787	-0.0277406054	-0.0091565522	-0.009950564	0.0412089804	-0.0784473625	-0.0139055876	-0.0701983832	-0.0204455057	-0.0120929653	-0.0143383167	-0.0203617193	0.0330191946	-0.0538990581	0.0273161162	0.0371074124	0.0294266473	0.0358991172	-0.0496582008	-0.0001314909	-0.0217488748	-0.0367094525	0.0414268674	-0.0626633871	-0.0432703718	-0.0586807773	-0.0167834445	0.0377972039	-0.0240759078	-0.0121224454	-0.015927246	0.0525246824	0.0292654821	0.0353331985	0.0742073158	-0.0350791711	0.046291144	-0.0073676091	-0.0211632315	-0.0084064202	-0.0140405768	0.0079712993	-0.0007224748	-0.0195382793	-0.0322040428	0.008749341	0.0209966703	0.0284760378	0.0094429261	-0.043367086	0.0580468944	0.0131451709	-0.0021996818	-0.0005789926	0.0317500209	-0.0517153317	-0.0161386543	0.0721591615	-0.0752698111	0.0231897558	0.0458939156	-0.0813264124	0.0571272725	-0.2447175084225392	0.0014161364482561	0.0598866589285355	2.0054424400794336e-06	-0.250309317897802	-0.0118453226102559	0.0626547546264628	0.000140311667741	-3.7690811144471454	-0.1138085640383215	14.205972447282136	0.0129523892484647	-0.0422398374276014	-0.0014659574343503	2.149031199326922e-06	0.0017842038659101	0.0045000028731416	-0.0016878856028828	2.0250025858282652e-05	2.848957808419034e-06	-0.0095144265297793	-0.0002339594819615	9.052431219056816e-05	5.4737039199740095e-08	0.0	0.0	0.0	0.0	0.0	0.0	0.0	0.0	0.0	0.0	0.0	0.0	0.0	0.0	0.0	0.0	0.0	0.0	0.0	0.0	0.0	0.0	0.0	0.0	0.0	0.0	0.0	0.0	0.0	0.0	0.0	0.0	0.0	0.0	0.0	0.0	0.0	0.0	0.0	0.0	0.0	0.0	0.0	0.0	0.0	0.0	0.0	0.0	0.0	0.0	0.0	0.0	0.0	0.0	0.0	0.0	0.0	0.0	0.0	0.0	0.0	0.0	0.0	0.0	0.0	0.0	0.0	0.0	0.0	0.0	0.0	0.0	0.0	0.0	0.0	0.0	0.0	0.0	0.0	0.0	0.0	0.0	0.0	0.0	0.0	0.0	0.0	0.0	0.0	0.0	0.0	0.0	0.0	0.0	0.0	0.0	0.0	0.0	0.0	0.0	0.0	0.0	0.0	0.0
2069.065681311053	-5.613959030872593	31.51653600031594	4281032.793579172	3009.7396689967104	-11.755278898540382	9058532.875132428	138.1865819824688	2231.543065983496	-1.489975437973044	2.220026805762964	4979784.455339022	2540.541614543996	1677.9050229887723	0.732484	23.621914	0.2813752814601121	0.1409520474932137	0.096107351	0.0170842261	-0.0456026641	-0.0077423695	-0.0427284153	-0.0188530051	0.0115765481	-0.0663900518	-0.0379789336	-0.0498820494	-0.0613019554	-0.0928409008	-0.022763105	-0.0195171236	0.0297164609	-0.0517530637	0.036293315	0.0873705191	0.0221749437	-0.018458205	-0.0369020785	0.0230189396	-0.0387178963	-0.0130494277	0.0360682531	-0.0886891703	-0.0571792499	-0.0615950478	-0.0622159087	-0.0217922363	-0.0277489088	-0.0369392021	0.0485967684	0.0561212579	0.0468467027	0.0312294791	0.0520301521	-0.0343152121	0.0576195751	-0.0006525104	-0.0004670288	-0.0219830511	-0.0218069252	-0.0016125339	0.0121929685	-0.053506895	-0.0349243106	0.0244342752	0.0099166301	0.0133833563	0.0135335228	-0.0001471018	0.0244499245	0.054888674	0.0118046472	0.0156568957	0.0259665832	-0.0523741431	-0.0144589085	0.0709234662	-0.076528754	0.0272552159	0.0415630576	-0.0805764318	0.0618083875	-0.2732309593179565	-0.0285134508954172	0.0746551571298108	0.0008130168819653	-0.2748364393367382	-0.0245271214389362	0.0755350683872965	0.0006015796860803	-3.78959598202848	-0.0205148675813346	14.3610377070064	0.0004208597918796	-0.0443859042335915	-0.00214606680599	4.605602735772533e-06	0.0019701084946335	0.003447638619743	-0.0010523642533986	1.1886212052343417e-05	1.1074705218311935e-06	-0.0104723923012791	-0.0009579657714997	0.0001096710005118	9.176984193652064e-07	0.0	0.0	0.0	0.0	0.0	0.0	0.0	0.0	0.0	0.0	0.0	0.0	0.0	0.0	0.0	0.0	0.0	0.0	0.0	0.0	0.0	0.0	0.0	0.0	0.0	0.0	0.0	0.0	0.0	0.0	0.0	0.0	0.0	0.0	0.0	0.0	0.0	0.0	0.0	0.0	0.0	0.0	0.0	0.0	0.0	0.0	0.0	0.0	0.0	0.0	0.0	0.0	0.0	0.0	0.0	0.0	0.0	0.0	0.0	0.0	0.0	0.0	0.0	0.0	0.0	0.0	0.0	0.0	0.0	0.0	0.0	0.0	0.0	0.0	0.0	0.0	0.0	0.0	0.0	0.0	0.0	0.0	0.0	0.0	0.0	0.0	0.0	0.0	0.0	0.0	0.0	0.0	0.0	0.0	0.0	0.0	0.0	0.0	0.0	0.0	0.0	0.0	0.0	0.0
2070.549066270366	1.4833849593128434	2.200430937515566	4287173.435833084	3004.3109085886103	-5.428760408100061	9025884.03546452	29.47143956855474	2227.816300561418	-3.726765422078188	13.888780511197613	4963165.469047162	2535.597126110803	1671.7529062281774	0.733695	23.660973	0.160203836244953	0.069934854064371	0.0742374049	0.0226829519	-0.0498933188	-0.0268851831	-0.0161727571	-0.0159931354	-0.0158253198	0.0346788825	0.0259090061	-0.0805598526	-0.0158987824	-0.0171649721	-0.0290319443	-0.0020979839	0.0297942519	-0.0129437076	0.0329771352	0.0627297871	-0.0038754807	0.0271512106	-0.0407786071	-0.0080432513	-0.0358071107	0.0074564025	0.0295460018	0.0401451954	-0.0196045985	-0.0651460027	-0.0317185354	-0.0111889037	-0.0300879015	-0.0178926991	0.019759044	0.0512320032	0.0473223176	0.0231022987	0.0515895177	-0.0415031046	0.0391975091	-0.0224861686	-0.0056095003	-0.0398690852	-0.0303039601	-0.0108939922	-0.003426854	-0.0443974184	-0.0286172861	-0.014720015	-0.0271823359	-0.0285628986	-0.0053829566	0.0219459618	0.002886215	0.0237300045	-0.0332243437	-0.0328370855	0.0114852302	-0.0530272111	-0.0127728206	0.0696177779	-0.0776534394	0.0312459714	0.0370681691	-0.0793936715	0.066055961	-0.2979752239973408	-0.0247442646793842	0.0887892341162654	0.0006122786345234	-0.2796581551269241	-0.0048217157901859	0.0782086837289947	2.324894316132824e-05	-3.749290775177087	0.0403052068513929	14.057181316828004	0.0016245096993335	-0.0435240435819214	0.00086186065167	7.428037828972074e-07	0.0018943423697209	0.0028728236165695	-0.0005748150031734	8.25311553191946e-06	3.304122878733507e-07	-0.0108423696249153	-0.0003699773236361	0.0001175569790832	1.3688322000500546e-07	0.0	0.0	0.0	0.0	0.0	0.0	0.0	0.0	0.0	0.0	0.0	0.0	0.0	0.0	0.0	0.0	0.0	0.0	0.0	0.0	0.0	0.0	0.0	0.0	0.0	0.0	0.0	0.0	0.0	0.0	0.0	0.0	0.0	0.0	0.0	0.0	0.0	0.0	0.0	0.0	0.0	0.0	0.0	0.0	0.0	0.0	0.0	0.0	0.0	0.0	0.0	0.0	0.0	0.0	0.0	0.0	0.0	0.0	0.0	0.0	0.0	0.0	0.0	0.0	0.0	0.0	0.0	0.0	0.0	0.0	0.0	0.0	0.0	0.0	0.0	0.0	0.0	0.0	0.0	0.0	0.0	0.0	0.0	0.0	0.0	0.0	0.0	0.0	0.0	0.0	0.0	0.0	0.0	0.0	0.0	0.0	0.0	0.0	0.0	0.0	0.0	0.0	0.0	0.0
2070.828924650647	0.2798583802809844	0.0783207130134961	4288332.435169755	3026.43806666324	22.127158074629733	9159327.37134833	489.6111244596518	2234.007969447545	6.19166888612699	38.33676359543305	4990791.607555143	2545.727475077004	1665.9452716166747	0.723005	23.316214	0.1713804821690326	0.0937108227566321	0.0773644436	0.0331460222	-0.0415424814	-0.0137295976	-0.0383599668	-0.0353946983	0.0262445994	0.0372822981	-0.0375167498	-0.0879683347	0.0205865198	-0.028528941	0.0076683823	-0.0190755179	0.002162285	-0.0335647713	0.0188840348	0.0136734921	0.0007909746	0.0314881078	-0.0383396257	0.0478107851	-0.0520547518	-0.0163401274	-0.0019777755	0.0208028139	-0.0276153043	-0.081575092	-0.0396834093	0.0037283695	-0.0190458652	-0.0168474649	-0.053401696	0.0569974261	0.0600604311	0.021725003	0.0160864519	-0.0327104575	0.0595957911	-0.0085090192	-0.0002151546	-0.0373515759	-0.0372438	-0.0184218775	0.0093807876	-0.0570179864	-0.01818565	0.0158121879	0.0027727114	-0.0393847119	-0.0360474927	0.0278729935	0.0178883552	0.0372049451	-0.0224870211	0.0001788466	0.0248586962	-0.0536744641	-0.0110811301	0.0682433853	-0.0786418943	0.0351510839	0.0324269895	-0.0777844842	0.0698401994	-0.2762115406086565	0.0217636833886842	0.0762928151654075	0.0004736579146428	-0.2760549574297641	0.0036031976971599	0.0762063395215488	1.2983033644819118e-05	-3.744840190271909	0.0044505849051783	14.023828050675746	1.980770599820144e-05	-0.0449103160709098	-0.0013862724889883	1.921751413726092e-06	0.002016936489589	0.0025090061437114	-0.0003638174728581	6.295111829181549e-06	1.3236315355685442e-07	-0.011923539986629	-0.0010811703617137	0.0001421708058127	1.1689293510481329e-06	0.0	0.0	0.0	0.0	0.0	0.0	0.0	0.0	0.0	0.0	0.0	0.0	0.0	0.0	0.0	0.0	0.0	0.0	0.0	0.0	0.0	0.0	0.0	0.0	0.0	0.0	0.0	0.0	0.0	0.0	0.0	0.0	0.0	0.0	0.0	0.0	0.0	0.0	0.0	0.0	0.0	0.0	0.0	0.0	0.0	0.0	0.0	0.0	0.0	0.0	0.0	0.0	0.0	0.0	0.0	0.0	0.0	0.0	0.0	0.0	0.0	0.0	0.0	0.0	0.0	0.0	0.0	0.0	0.0	0.0	0.0	0.0	0.0	0.0	0.0	0.0	0.0	0.0	0.0	0.0	0.0	0.0	0.0	0.0	0.0	0.0	0.0	0.0	0.0	0.0	0.0	0.0	0.0	0.0	0.0	0.0	0.0	0.0	0.0	0.0	0.0	0.0	0.0	0.0
2072.6295684974057	1.8006438467587031	3.24231826286998	4295793.328209742	3018.157467811986	-8.280598851254126	9109274.500509258	68.56831733539116	2231.881366680195	-2.1266027673500503	4.522439330100892	4981294.434934254	2540.874577732605	1668.044295139419	0.740113	23.867943	0.2423760716174205	0.1191539180310281	0.0522454987	0.0451162135	-0.0246388315	-0.0301622212	-0.0335987419	-0.0520446407	0.0160048822	0.0056141073	0.0119103315	-0.0353925605	0.0058085302	0.0453704335	0.0132966766	-0.001835151	0.0087154802	-0.0019621466	0.0428858978	-0.0300486847	-0.0118457434	0.0450142688	-0.0097905829	0.0365726081	-0.0443020107	-0.0051226181	0.0201541196	0.0092579417	-0.0108576911	-0.0478313527	0.0343942421	0.0261697075	-0.016108415	0.0107099317	-0.0836591412	0.0517729134	0.0618668239	0.0152866903	-0.01494021	-0.0585034004	0.0402268391	-0.0125275803	-0.0058872683	-0.0108799524	-0.0215356911	-0.0174141445	0.0215185846	-0.0018515129	0.002836825	0.0091197098	-0.0228778353	-0.0238592679	0.0104713216	0.0351695623	0.0028462772	0.0320882138	-0.0429911475	-0.02573291	0.0163395076	-0.054315831	-0.009384579	0.0668016447	-0.0794923845	0.0389598496	0.0276578354	-0.0757575129	0.073134559	-0.2529852055472616	0.0232263350613948	0.0640015142257902	0.0005394626403841	-0.2447500094633881	0.031304947966376	0.0599025671323285	0.0009799997671775	-3.6499118043974192	0.0949283858744896	13.321856179879624	0.0090113984447359	-0.0460404714786447	-0.0011301554077349	1.277251245632443e-06	0.0021197250139758	0.002781970943918	0.0002729648002066	7.739362332804009e-06	7.450978215182924e-08	-0.0114683321402673	0.0004552078463616	0.0001315226420794	2.072141833892558e-07	0.0	0.0	0.0	0.0	0.0	0.0	0.0	0.0	0.0	0.0	0.0	0.0	0.0	0.0	0.0	0.0	0.0	0.0	0.0	0.0	0.0	0.0	0.0	0.0	0.0	0.0	0.0	0.0	0.0	0.0	0.0	0.0	0.0	0.0	0.0	0.0	0.0	0.0	0.0	0.0	0.0	0.0	0.0	0.0	0.0	0.0	0.0	0.0	0.0	0.0	0.0	0.0	0.0	0.0	0.0	0.0	0.0	0.0	0.0	0.0	0.0	0.0	0.0	0.0	0.0	0.0	0.0	0.0	0.0	0.0	0.0	0.0	0.0	0.0	0.0	0.0	0.0	0.0	0.0	0.0	0.0	0.0	0.0	0.0	0.0	0.0	0.0	0.0	0.0	0.0	0.0	0.0	0.0	0.0	0.0	0.0	0.0	0.0	0.0	0.0	0.0	0.0	0.0	0.0
2075.3605973096187	2.731028812213026	7.458518373137691	4307121.608865337	3029.198913252981	11.041445440995176	9176046.056053042	121.91351742647316	2235.9745755546537	4.093208874458924	16.754358889949287	4999582.302526814	2547.0116110625945	1688.390524138552	0.8501609999999998	27.416876	0.4487816139183609	0.2116823087053728	0.0167191952	0.0321000979	-0.0007089042	-0.01954741	-0.0471793411	-0.0759665382	0.0393871571	0.0086166671	-0.0278092967	-0.0432238569	0.0397636899	0.0365644943	0.0230752809	-0.0172237878	0.0082181232	-0.0331130898	0.0017707924	-0.0182482453	0.0081014884	0.0160688575	-0.019269003	0.0427310474	-0.0420636584	-0.0211153375	-0.0007123534	0.0036140772	-0.017516186	-0.0398268757	-0.0230286536	0.0156773708	0.0205313392	0.0052485568	-0.0715661451	0.0462112569	0.0552033492	0.0207970791	-0.0833357881	-0.0444469454	0.0316507134	0.0045682281	-0.018869738	0.0048183143	0.0106671635	-0.0248405681	0.0496398285	0.0238587721	-0.0147023006	-0.028483693	-0.0583328811	-0.0582257224	-0.0184916455	0.024610807	0.0104020337	0.0315922515	-0.0604005725	-0.0090581955	-0.0073669915	-0.0549512416	-0.0076839116	0.0652939789	-0.0802034182	0.0426618292	0.0227795284	-0.0733236445	0.0759159322	-0.1630785152047025	0.0899066903425591	0.0265946021213703	0.0080832129683528	-0.2716516560625308	-0.0269016465991426	0.0737946222415155	0.0007236985897451	-3.55698962740653	0.0929221769908892	12.652175209477646	0.0086345309767261	-0.0474266031492471	-0.0013861316706023	1.921361008246997e-06	0.0022492826862761	0.0051398175456267	0.0023578466017086	2.6417724402332076e-05	5.559440597189263e-06	-0.010431288412863	0.0010370437274043	0.0001088117779523	1.075459692548607e-06	0.0	0.0	0.0	0.0	0.0	0.0	0.0	0.0	0.0	0.0	0.0	0.0	0.0	0.0	0.0	0.0	0.0	0.0	0.0	0.0	0.0	0.0	0.0	0.0	0.0	0.0	0.0	0.0	0.0	0.0	0.0	0.0	0.0	0.0	0.0	0.0	0.0	0.0	0.0	0.0	0.0	0.0	0.0	0.0	0.0	0.0	0.0	0.0	0.0	0.0	0.0	0.0	0.0	0.0	0.0	0.0	0.0	0.0	0.0	0.0	0.0	0.0	0.0	0.0	0.0	0.0	0.0	0.0	0.0	0.0	0.0	0.0	0.0	0.0	0.0	0.0	0.0	0.0	0.0	0.0	0.0	0.0	0.0	0.0	0.0	0.0	0.0	0.0	0.0	0.0	0.0	0.0	0.0	0.0	0.0	0.0	0.0	0.0	0.0	0.0	0.0	0.0	0.0	0.0
2074.050173481882	-1.3104238277364857	1.7172106082995426	4301684.122120226	3005.481786788137	-23.717126464844117	9032920.770715212	562.502087749409	2221.970321589218	-14.00425396543551	196.1191291284162	4937152.110023294	2534.057718236641	1677.182308482591	0.896076	28.897585	0.2766901501512395	0.1596809088620615	0.0475257496	0.0523199764	0.0028195392	-0.0122435933	-0.0572119378	-0.0779363858	-0.0001762828	-0.0422003886	0.002081037	-0.0146741948	0.0113747334	0.0330781034	0.0470081299	0.0162703209	0.0304629173	-0.0477157196	-0.0072376814	-0.011737527	-0.0547337316	-0.0051009602	0.0094304398	0.051114708	-0.0941247282	0.0039454184	0.0281049963	-0.023065723	-0.0158099074	-0.0445045057	0.0570349951	0.0202559339	0.0291886415	-0.0177049964	-0.0580715693	0.0533689116	0.0669341852	0.0253097445	-0.0555431064	-0.0498657542	0.0500121774	0.0052429389	-0.0077219607	0.0075637331	-0.007443956	-0.0051960378	0.0443721144	-0.0121758161	-0.0132983851	-0.0014615884	0.0335629628	-0.0192286412	-0.0359318748	0.0019543056	0.0409703578	0.0615553928	-0.0316704517	0.0126826406	0.0274798797	-0.0555806262	-0.0059798738	0.0637218759	-0.0807737477	0.0462468756	0.0178113211	-0.0704959515	0.0781648097	-0.1682830229701011	-0.0052045077653985	0.0283191758199555	2.708690108009407e-05	-0.2296249518151398	0.0420267042473909	0.0527276184961052	0.0017662438698976	-3.6215136000542	-0.0645239726476698	13.115360755377532	0.0041633430462372	-0.048186731577378	-0.0007601284281309	5.777952272527597e-07	0.0023219611001102	0.0027957288415723	-0.0023440887040543	7.816099755599195e-06	5.494751852475435e-06	-0.0102368062352327	0.0001944821776302	0.0001047922018976	3.7823317415823045e-08	0.0	0.0	0.0	0.0	0.0	0.0	0.0	0.0	0.0	0.0	0.0	0.0	0.0	0.0	0.0	0.0	0.0	0.0	0.0	0.0	0.0	0.0	0.0	0.0	0.0	0.0	0.0	0.0	0.0	0.0	0.0	0.0	0.0	0.0	0.0	0.0	0.0	0.0	0.0	0.0	0.0	0.0	0.0	0.0	0.0	0.0	0.0	0.0	0.0	0.0	0.0	0.0	0.0	0.0	0.0	0.0	0.0	0.0	0.0	0.0	0.0	0.0	0.0	0.0	0.0	0.0	0.0	0.0	0.0	0.0	0.0	0.0	0.0	0.0	0.0	0.0	0.0	0.0	0.0	0.0	0.0	0.0	0.0	0.0	0.0	0.0	0.0	0.0	0.0	0.0	0.0	0.0	0.0	0.0	0.0	0.0	0.0	0.0	0.0	0.0	0.0	0.0	0.0	0.0
2067.095445742699	-6.954727739182999	48.36823792616148	4272883.581810208	3005.1533945184005	-0.3283922697364687	9030946.924585463	0.1078414828226696	2226.394561371246	4.424239782027598	19.57389764887561	4956832.742903462	2537.2272580426265	1667.770734614367	1.106193	35.673668	0.3326547776726562	0.2078801118738921	0.0953142954	0.0270265493	-0.006837807	0.0271589881	-0.0993870969	-0.0261205948	0.0042426822	-0.0816859739	-0.0146502849	-0.0415633301	-0.0385860503	-0.0634294169	0.0771234902	0.0067925178	0.0756839533	-0.0725171614	0.0011189721	-0.0036728059	-0.0425078489	0.0045842885	0.0427419801	0.0584158721	-0.0103581758	-0.0006314175	0.0775562672	-0.0701939772	-0.0419929571	-0.0721521377	0.0014120497	-0.0099860769	0.0331509363	-0.0214980195	-0.0409493267	0.0648266896	0.0584729953	0.0503559665	-0.0437580271	-0.05216008	0.0778142668	0.0316502842	0.0030288762	0.0471566782	-0.0085759495	0.0207117651	0.0695337168	-0.0390031001	-0.0166188924	0.0527117278	0.0331817909	0.0699605135	-2.39395e-05	0.0121860985	0.0295703761	0.094744718	0.0386253513	0.0353930628	0.0402808813	-0.0562039158	-0.0042732129	0.0620868871	-0.0812023727	0.0497051625	0.0127728206	-0.0672896215	0.0798654172	-0.098879536022352	0.069403486947749	0.0097771626439956	0.0048168440005063	-0.2213654062159946	0.0082595455991452	0.0490026430691723	6.822009350435905e-05	-3.819423877244837	-0.1979102771906369	14.587998754067982	0.0391684778176747	-0.0488987011826541	-0.000711969605276	5.069007188370055e-07	0.0023910829773504	0.0031821151098874	0.0003863862683151	1.01258565725737e-05	1.492943483424685e-07	-0.0101935327501214	4.327348511130001e-05	0.0001039081099277	1.872594513677904e-09	0.0	0.0	0.0	0.0	0.0	0.0	0.0	0.0	0.0	0.0	0.0	0.0	0.0	0.0	0.0	0.0	0.0	0.0	0.0	0.0	0.0	0.0	0.0	0.0	0.0	0.0	0.0	0.0	0.0	0.0	0.0	0.0	0.0	0.0	0.0	0.0	0.0	0.0	0.0	0.0	0.0	0.0	0.0	0.0	0.0	0.0	0.0	0.0	0.0	0.0	0.0	0.0	0.0	0.0	0.0	0.0	0.0	0.0	0.0	0.0	0.0	0.0	0.0	0.0	0.0	0.0	0.0	0.0	0.0	0.0	0.0	0.0	0.0	0.0	0.0	0.0	0.0	0.0	0.0	0.0	0.0	0.0	0.0	0.0	0.0	0.0	0.0	0.0	0.0	0.0	0.0	0.0	0.0	0.0	0.0	0.0	0.0	0.0	0.0	0.0	0.0	0.0	0.0	0.0
2076.580257992406	9.48481224970692	89.96166341219045	4312185.567883808	2995.4159661543995	-9.737428364001062	8972516.810292695	94.8175111440524	2234.63758645326	8.243025082014356	67.94746250271777	4993605.142789652	2531.127115762486	1693.7984283404644	1.193202	38.479637	0.3731743728948371	0.2172346233714792	0.0454875317	0.0471883795	0.0191419365	-0.0292383851	-0.0438794409	-0.0721225857	-0.0487368362	0.0180895898	0.1495268462	0.0161475292	0.0318779126	0.016277973	0.1108850884	6.83432e-05	0.0740687923	-0.0777686604	0.0037853664	-0.0666976826	-0.0874428942	-0.0587860524	0.0660691435	0.0117014437	0.0422840951	0.0285538517	0.1082710962	0.1123828258	0.0164785679	-0.022742294	0.0792080117	-0.0678335536	0.104076415	0.022644092	-0.0607163674	0.0693951085	0.072515722	0.0437355244	-0.1058311714	-0.0296704594	0.0309118937	0.0219078301	-0.0220143676	0.0371955429	0.0316167285	0.0445014967	0.0663811082	0.0279748486	0.0445492858	0.0209744398	0.0475318612	0.0787462448	-0.0581676753	-0.0110164891	-0.0003004353	-0.0208624035	0.022442152	0.0635151698	0.0630642461	-0.0568210419	-0.0025646777	0.060390626	-0.0814885411	0.0530272111	0.0076839116	-0.0637218759	0.0810058262	-0.0828060288620662	0.0160735071602858	0.0068568384159053	0.0002583576324317	-0.2901484865761148	-0.0687830803601202	0.0841861442624098	0.0047311121438267	-3.616690461071961	0.202733416172876	13.080449891208913	0.0411008380331245	-0.0476951469331675	0.0012035542494866	1.4485428314572542e-06	0.0022748270409764	0.0032299413215532	4.782621166579985e-05	1.0432520940676832e-05	2.2873465223018896e-09	-0.0097332258272427	0.0004603069228787	9.473568500410434e-05	2.1188246325005853e-07	0.0	0.0	0.0	0.0	0.0	0.0	0.0	0.0	0.0	0.0	0.0	0.0	0.0	0.0	0.0	0.0	0.0	0.0	0.0	0.0	0.0	0.0	0.0	0.0	0.0	0.0	0.0	0.0	0.0	0.0	0.0	0.0	0.0	0.0	0.0	0.0	0.0	0.0	0.0	0.0	0.0	0.0	0.0	0.0	0.0	0.0	0.0	0.0	0.0	0.0	0.0	0.0	0.0	0.0	0.0	0.0	0.0	0.0	0.0	0.0	0.0	0.0	0.0	0.0	0.0	0.0	0.0	0.0	0.0	0.0	0.0	0.0	0.0	0.0	0.0	0.0	0.0	0.0	0.0	0.0	0.0	0.0	0.0	0.0	0.0	0.0	0.0	0.0	0.0	0.0	0.0	0.0	0.0	0.0	0.0	0.0	0.0	0.0	0.0	0.0	0.0	0.0	0.0	0.0
2078.9469109708407	2.3666529784345585	5.601046320333166	4322020.258635201	3021.8867939196134	26.47082776521393	9131799.79526576	700.7047225756205	2234.035019383286	-0.6025670699741568	0.3630870738172403	4990912.467830879	2554.942041310659	1692.8827885036362	1.097318	35.387451	0.4012100004788343	0.1960873875234711	0.0631597892	0.0620835152	0.0273460045	0.0067697812	-0.0791528591	-0.1027721655	0.0470611387	-0.1155486114	0.068271217	0.0376569022	-0.0771899859	-0.006017833	0.0251482135	-0.0224279164	0.0634637619	-0.0720620603	-0.0086832694	-0.0039771428	-0.0594706711	-0.0261897277	0.0431518711	0.0158887632	0.0131569742	-0.0504372957	0.097116989	-0.0866708879	-0.058834243	-0.0020908901	0.0735319549	-0.0247609307	0.020354574	-0.0017307189	-0.0187341323	0.0690389053	0.0769881033	0.0281517477	-0.1218686235	-0.0274768837	0.0453144745	0.02470202	-0.000690418	0.0315977352	0.0092807013	0.0084211951	0.0497112832	-0.0189319577	-0.0079088915	0.0099333068	-0.0158233692	0.0531271414	0.047254664	-0.0398364269	0.000585667	0.0788115635	0.0434421565	-0.0892009369	-0.0084436581	-0.057431937	-0.0008550176	0.0586347667	-0.081631751	0.0562039158	0.0025646777	-0.0598118772	0.0815780375	-0.1494515021152835	-0.0666454732532172	0.0223357514845145	0.0044416191051453	-0.3152467537006771	-0.0250982671245623	0.0993805157188153	0.0006299230126558	-3.699679879910221	-0.08298941883826	13.687631213812509	0.0068872436391121	-0.0500319752798371	-0.0023368283466695	5.460766721798552e-06	0.0025031985504022	0.0012423200248872	-0.001987621296666	1.5433590442357333e-06	3.950638418960232e-06	-0.009938313009163	-0.0002050871819202	9.87700654680985e-05	4.206075218801008e-08	0.0	0.0	0.0	0.0	0.0	0.0	0.0	0.0	0.0	0.0	0.0	0.0	0.0	0.0	0.0	0.0	0.0	0.0	0.0	0.0	0.0	0.0	0.0	0.0	0.0	0.0	0.0	0.0	0.0	0.0	0.0	0.0	0.0	0.0	0.0	0.0	0.0	0.0	0.0	0.0	0.0	0.0	0.0	0.0	0.0	0.0	0.0	0.0	0.0	0.0	0.0	0.0	0.0	0.0	0.0	0.0	0.0	0.0	0.0	0.0	0.0	0.0	0.0	0.0	0.0	0.0	0.0	0.0	0.0	0.0	0.0	0.0	0.0	0.0	0.0	0.0	0.0	0.0	0.0	0.0	0.0	0.0	0.0	0.0	0.0	0.0	0.0	0.0	0.0	0.0	0.0	0.0	0.0	0.0	0.0	0.0	0.0	0.0	0.0	0.0	0.0	0.0	0.0	0.0
2075.600557341239	-3.346353629601708	11.198082614348529	4308117.673635262	3011.5815012078538	-10.305292711759648	9069623.13841735	106.19905787504652	2237.397401751894	3.362382368607996	11.305615192725917	5005947.133366127	2544.079570666541	1685.8207685246814	0.792087	25.54405	0.1604417793227527	0.0772520156006105	0.0597493961	0.0625397373	0.0329345043	0.005642969	-0.0854479742	-0.0968998382	-0.0062783389	-0.0043068184	0.051904433	0.0097963286	-0.0068521041	-0.0454291905	0.0528421513	-0.0192193363	0.0393818242	-0.060595825	0.016037804	-0.0330418252	-0.0527047192	-0.054897469	0.0664365681	-0.000762509	-0.0212604746	-0.0072519321	0.0723932756	0.0172639504	-0.0315846342	-0.0130085447	0.0396182394	-0.081818445	0.0363171744	0.0023531457	-0.0282495303	0.0676725208	0.0821259179	0.0307897169	-0.1299763489	-0.0300225291	0.0610463109	0.033712292	0.0045734048	0.0427629527	-0.0077347553	0.0272041322	0.0656504712	-0.0324406648	0.0024417448	0.018682139	0.0441160407	0.050754195	-0.0128835122	-0.038335063	0.0435858495	0.0705209645	0.0587886681	0.024506488	0.0001134173	-0.058036534	0.0008550176	0.0568210419	-0.081631751	0.0592265694	-0.0025646777	-0.0555806262	0.0815780375	-0.1440366761226101	0.0054148259926734	0.0207465640684496	2.932034053093147e-05	-0.2781722355799729	0.0370745181207042	0.0773797926475599	0.0013745198938824	-3.6748911728186258	0.024788707091595	13.504825132060256	0.0006144799992728	-0.0513699137487694	-0.0013379384689322	1.790079346648906e-06	0.002638868038556	0.0008989394195126	-0.0003433806053746	8.080920799536502e-07	1.1791024014742682e-07	-0.0101202684972117	-0.0001819554880487	0.0001024198344556	3.3107799631041134e-08	0.0	0.0	0.0	0.0	0.0	0.0	0.0	0.0	0.0	0.0	0.0	0.0	0.0	0.0	0.0	0.0	0.0	0.0	0.0	0.0	0.0	0.0	0.0	0.0	0.0	0.0	0.0	0.0	0.0	0.0	0.0	0.0	0.0	0.0	0.0	0.0	0.0	0.0	0.0	0.0	0.0	0.0	0.0	0.0	0.0	0.0	0.0	0.0	0.0	0.0	0.0	0.0	0.0	0.0	0.0	0.0	0.0	0.0	0.0	0.0	0.0	0.0	0.0	0.0	0.0	0.0	0.0	0.0	0.0	0.0	0.0	0.0	0.0	0.0	0.0	0.0	0.0	0.0	0.0	0.0	0.0	0.0	0.0	0.0	0.0	0.0	0.0	0.0	0.0	0.0	0.0	0.0	0.0	0.0	0.0	0.0	0.0	0.0	0.0	0.0	0.0	0.0	0.0	0.0
2073.359506016712	-2.24105132452678	5.022311039163232	4298819.641189865	3013.4902131733143	1.9087119654604976	9081123.264891349	3.643181367092076	2233.796786750034	-3.6006150018602057	12.96442839162077	4989848.084494776	2539.650563404279	1699.190394089342	0.8620449999999998	27.800142	0.216528658369953	0.0997854796237805	0.0362964359	0.0711653657	0.0393614746	-0.0014923988	-0.0726046542	-0.1202541414	-0.0092134818	0.0118977571	0.0389540565	0.0032368383	0.0279943091	-0.0063485967	0.0875995703	-0.003438201	0.0576630685	-0.055366454	-0.0270120079	-0.0429791287	-0.028420626	-0.0320488075	0.0715902925	0.0724854571	-0.0139567817	0.0065711348	0.0768464337	0.0375425422	-0.0057640007	-0.022931557	0.0141161914	-0.0580259184	0.0834676132	-0.0068626243	-0.0640758979	0.0678172647	0.0862912077	0.0243198626	-0.1751977347	-0.0122270875	0.0307369992	0.023852007	0.0037739979	0.0453462872	0.0079698161	-0.0013475396	0.0548792913	0.0426336514	0.0471353758	0.0231099219	-0.010682453	0.0987303002	0.0528074121	-0.0274372	0.0011061667	0.0653677731	0.0656331321	-0.0307501691	0.0108420063	-0.0586347667	0.0025646777	0.0549512416	-0.0814885411	0.0620868871	-0.0076839116	-0.0510508491	0.0810058262	-0.1691800543879367	-0.0251433782653266	0.0286218908027052	0.0006321894705932	-0.2468362584464785	0.0313359771334944	0.0609281384838567	0.0009819434629108	-3.623199054556409	0.0516921182622169	13.127571388938454	0.002672075090435	-0.052317821195023	-0.0009479074462536	8.985285266630241e-07	0.0027371544145943	0.0007419197334501	-0.0001570196860625	5.504448908826674e-07	2.465518181116605e-08	-0.0111824850590739	-0.0010622165618621	0.0001250479720964	1.12830402429435e-06	0.0	0.0	0.0	0.0	0.0	0.0	0.0	0.0	0.0	0.0	0.0	0.0	0.0	0.0	0.0	0.0	0.0	0.0	0.0	0.0	0.0	0.0	0.0	0.0	0.0	0.0	0.0	0.0	0.0	0.0	0.0	0.0	0.0	0.0	0.0	0.0	0.0	0.0	0.0	0.0	0.0	0.0	0.0	0.0	0.0	0.0	0.0	0.0	0.0	0.0	0.0	0.0	0.0	0.0	0.0	0.0	0.0	0.0	0.0	0.0	0.0	0.0	0.0	0.0	0.0	0.0	0.0	0.0	0.0	0.0	0.0	0.0	0.0	0.0	0.0	0.0	0.0	0.0	0.0	0.0	0.0	0.0	0.0	0.0	0.0	0.0	0.0	0.0	0.0	0.0	0.0	0.0	0.0	0.0	0.0	0.0	0.0	0.0	0.0	0.0	0.0	0.0	0.0	0.0
2074.29666117931	0.937155162597719	0.8782597987835572	4302706.638579633	2978.4042181717723	-35.08599500154196	8870891.686823405	1231.0270452482273	2220.5871428782807	-13.209643871753087	174.4946912185439	4931007.2591163255	2522.65575047058	1683.392578363685	1.156114	37.283588	0.4874907276035576	0.2616252000427018	0.0869074158	0.0656874932	0.0167634048	0.0217519971	-0.0873130888	-0.070777746	-0.0612139063	-0.1058117706	0.0901430405	-0.0011396429	0.0105565787	-0.0288009505	0.0929886923	0.0458634506	0.0734055958	0.000745417	0.0611321903	-0.0436594615	-0.1203911029	-0.0023203566	0.0579413241	0.0340427514	-0.0084293179	0.048216382	0.1086827351	-0.0112343787	0.011746101	-0.0618428906	0.0990477517	-0.0641176028	0.0183920077	0.0640472148	-0.0311641928	0.0648780767	0.0779103056	0.0342951668	-0.075732087	-0.0357233588	0.084948712	0.0505776173	0.0047232943	0.0238276801	-0.0050138776	0.0300169773	0.0535101872	-0.0618760779	-0.0460143086	0.0674339893	0.0786230776	0.0569876273	-0.0136452694	-0.0972250051	0.0755048458	0.0895074847	0.0190826999	0.0302513945	0.0012839231	-0.0592265694	0.0042732129	0.0530272111	-0.0812023727	0.064777029	-0.0127728206	-0.0462468756	0.0798654172	-0.1973169157938343	-0.0281368614058976	0.0389339652583911	0.0007916829697746	-0.3089020847780261	-0.0620658263315476	0.0954204979802108	0.0038521667982178	-3.8549814680487913	-0.2317824134923825	14.860882118999614	0.0537230872043537	-0.0501031815095686	0.0022146396854543	4.904628936389559e-06	0.0025103287973807	0.0017761526504955	0.0010342329170454	3.1547182378621894e-06	1.0696377267002374e-06	-0.0111212451340991	6.123992497479927e-05	0.0001236820933327	3.750328410919043e-09	0.0	0.0	0.0	0.0	0.0	0.0	0.0	0.0	0.0	0.0	0.0	0.0	0.0	0.0	0.0	0.0	0.0	0.0	0.0	0.0	0.0	0.0	0.0	0.0	0.0	0.0	0.0	0.0	0.0	0.0	0.0	0.0	0.0	0.0	0.0	0.0	0.0	0.0	0.0	0.0	0.0	0.0	0.0	0.0	0.0	0.0	0.0	0.0	0.0	0.0	0.0	0.0	0.0	0.0	0.0	0.0	0.0	0.0	0.0	0.0	0.0	0.0	0.0	0.0	0.0	0.0	0.0	0.0	0.0	0.0	0.0	0.0	0.0	0.0	0.0	0.0	0.0	0.0	0.0	0.0	0.0	0.0	0.0	0.0	0.0	0.0	0.0	0.0	0.0	0.0	0.0	0.0	0.0	0.0	0.0	0.0	0.0	0.0	0.0	0.0	0.0	0.0	0.0	0.0
2087.918389279492	13.62172810018228	185.5514764352956	4359403.200291469	3039.513521214536	61.10930304276371	9238642.445645988	3734.3469183723305	2245.57329661712	24.98615373883922	624.3078786609092	5042599.43047988	2569.81862638076	1700.6715365958614	1.027413	33.133083	0.438842630501675	0.2288885145796763	0.0604266817	0.0424573744	0.0153283045	0.0215873201	-0.0636925387	-0.0741948807	0.0674763898	-0.0374238025	0.0689381267	0.0665318855	-0.0695183357	0.0309091477	0.0280405453	-0.0419364067	-0.0132748455	-0.0073893628	0.0786943007	-0.0432541481	-0.058235812	0.031905113	0.0460694595	0.0507047082	-0.0178103122	-0.0732273893	0.0196346764	-0.0102269813	-0.0646296837	0.0018803373	0.1803285243	-0.0122521759	-0.0765214322	0.0333179707	-0.0523139508	0.0460724221	0.0709214053	0.0140278979	-0.0629090596	-0.0268719822	0.0683930888	0.0126198911	-0.0005483013	-0.0110994698	-0.0066150081	-0.0182612561	0.0185395297	-0.0193979025	-0.0324686077	0.0403938402	-0.0492130331	0.0439530905	0.0735249735	-0.0234057395	0.0362035433	0.0432049291	-0.0370148363	-0.0491577171	0.0336345378	-0.0598118772	0.0059798738	0.0510508491	-0.0807737477	0.0672896215	-0.0178113211	-0.041194508	0.0781648097	-0.2574764446313651	-0.0601595288375307	0.0662941195400084	0.0036191689099536	-0.2726024814558769	0.0362996033221492	0.0743121128959017	0.0013176612013453	-3.797585747418111	0.0573957206306801	14.421657508993174	0.003294268746715	-0.0474307570488722	0.0026724244606963	7.14185249812843e-06	0.0022496767142291	0.0027582922261484	0.0009821395756529	7.608176004830697e-06	9.64598146063659e-07	-0.0131664366519761	-0.002045191517877	0.0001733550541104	4.182808344796027e-06	0.0	0.0	0.0	0.0	0.0	0.0	0.0	0.0	0.0	0.0	0.0	0.0	0.0	0.0	0.0	0.0	0.0	0.0	0.0	0.0	0.0	0.0	0.0	0.0	0.0	0.0	0.0	0.0	0.0	0.0	0.0	0.0	0.0	0.0	0.0	0.0	0.0	0.0	0.0	0.0	0.0	0.0	0.0	0.0	0.0	0.0	0.0	0.0	0.0	0.0	0.0	0.0	0.0	0.0	0.0	0.0	0.0	0.0	0.0	0.0	0.0	0.0	0.0	0.0	0.0	0.0	0.0	0.0	0.0	0.0	0.0	0.0	0.0	0.0	0.0	0.0	0.0	0.0	0.0	0.0	0.0	0.0	0.0	0.0	0.0	0.0	0.0	0.0	0.0	0.0	0.0	0.0	0.0	0.0	0.0	0.0	0.0	0.0	0.0	0.0	0.0	0.0	0.0	0.0
2096.456782133502	8.538392854009999	72.90415252940902	4395131.039353559	3062.7040758634867	23.19055464895064	9380156.256310811	537.801824925966	2247.4195683466924	1.846271729572436	3.408719299418394	5050894.716187633	2565.344414564058	1756.4782668428047	1.236045	39.861271	0.6642218400344404	0.4444679318762629	-0.0274745258	0.048339658	0.0789987794	-0.0415528256	0.009804882	-0.1459004569	0.0479216078	0.1483003356	0.095402653	0.0845485621	0.0401491318	-0.0171318812	-0.006141606	-0.0331848752	-0.0092726408	-0.0217263027	0.01158114	-0.0907669192	-0.0504868115	-0.0392333767	0.0325796605	-0.0274620652	-0.0368969834	-0.034155575	0.0037223811	0.1458952352	-0.0132186465	0.0704553347	0.033499279	-0.0660949362	0.0505695215	-0.0227061041	-0.046699886	0.0363257626	0.0709644191	-0.019097311	-0.1474260075	-0.0199520057	-0.021650369	-0.0008659842	-0.0213957015	-0.0053961004	0.0355792251	0.0196655534	0.0086685496	0.0623268153	0.0203073132	-0.070454024	-0.0347650198	-0.047806371	0.0085827875	-0.0415717138	-0.0344752017	-0.0581400194	-0.0246382469	-0.0559235577	-0.0238304521	-0.060390626	0.0076839116	0.0490241061	-0.0802034182	0.0696177779	-0.0227795284	-0.0359208828	0.0759159322	-0.2458243870276106	0.0116520576037544	0.0604296292575004	0.0001357704464012	-0.2917560416883304	-0.0191535602324535	0.0851215878616428	0.0003668588695782	-3.374612319206399	0.4229734282117121	11.388008304939593	0.1789065209731684	-0.0465821669012583	0.0008485901476139	7.201052386273865e-07	0.0021698982732166	0.002719262047085	-3.9030179063400186e-05	7.394386080716905e-06	1.523354877721082e-09	-0.009845201098923	0.0033212355530531	9.692798467823464e-05	1.1030605598863931e-05	0.0	0.0	0.0	0.0	0.0	0.0	0.0	0.0	0.0	0.0	0.0	0.0	0.0	0.0	0.0	0.0	0.0	0.0	0.0	0.0	0.0	0.0	0.0	0.0	0.0	0.0	0.0	0.0	0.0	0.0	0.0	0.0	0.0	0.0	0.0	0.0	0.0	0.0	0.0	0.0	0.0	0.0	0.0	0.0	0.0	0.0	0.0	0.0	0.0	0.0	0.0	0.0	0.0	0.0	0.0	0.0	0.0	0.0	0.0	0.0	0.0	0.0	0.0	0.0	0.0	0.0	0.0	0.0	0.0	0.0	1.0	0.0	0.0	0.0	0.0	0.0	0.0	0.0	0.0	0.0	0.0	0.0	0.0	0.0	0.0	0.0	0.0	0.0	0.0	0.0	0.0	0.0	0.0	0.0	0.0	0.0	0.0	0.0	0.0	0.0	0.0	0.0	0.0	0.0
2078.628925259125	-17.827856874377176	317.8324807332775	4320698.208923905	3003.341492341694	-59.36258352179266	9020060.119621234	3523.916322381809	2233.2829235787	-14.136644767992491	199.84472529640956	4987552.616748225	2539.83695573605	1736.0279356397064	0.944786	30.468447	0.3156260444586165	0.1722477198383037	-0.0512631808	0.049588917	0.0958086365	0.0206870388	-0.002779905	-0.1449052598	-0.0286317141	-0.0493766561	0.0251904395	0.0644525903	0.0695626507	0.0429613462	0.0651223752	0.0067203216	0.0021479294	-0.0182693063	-0.0377284262	-0.0348967737	-0.0185346372	-0.0409708906	0.0467928659	-0.0215898569	-0.0515733426	0.0079256746	0.0246799822	-0.0241277094	0.0292072044	0.0114141673	0.0356395453	-0.050979828	0.09327142	0.0238761644	-0.02541078	0.0203758965	0.0610194448	-0.0201542159	-0.2032021639	0.0231634059	-0.0307430899	0.0143631969	0.0146981966	-0.0046330848	0.0380930626	-0.0389524576	-0.0034424029	0.0984467924	0.0249936638	-0.0619362102	-0.1138728299	-0.0612975223	0.039653226	0.0038274847	-0.0960319073	-0.0346623848	-0.0526376694	-0.0411073963	-0.0470363791	-0.0609627523	0.009384579	0.0469489822	-0.0794923845	0.0717551168	-0.0276578354	-0.0304543249	0.073134559	-0.2652821065507424	-0.0194577195231318	0.0703745960559994	0.0003786028490408	-0.2630501027628185	0.0287059389255119	0.0691953565635293	0.0008240309295952	-3.2711473553542163	0.1034649638521827	10.700405020440884	0.0107049987449334	-0.049019748252695	-0.0024375813514367	5.941802844871971e-06	0.0024029357187575	0.0030506394023439	0.0003313773552588	9.306400763133148e-06	1.0981095157838313e-07	-0.0103561908353832	-0.0005109897364602	0.0001072506886188	2.611105107676647e-07	0.0	0.0	0.0	0.0	0.0	0.0	0.0	0.0	0.0	0.0	0.0	0.0	0.0	0.0	0.0	0.0	0.0	0.0	0.0	0.0	0.0	0.0	0.0	0.0	0.0	0.0	0.0	0.0	0.0	0.0	0.0	0.0	0.0	0.0	0.0	0.0	0.0	0.0	0.0	0.0	0.0	0.0	0.0	0.0	0.0	0.0	0.0	0.0	0.0	0.0	0.0	0.0	0.0	0.0	0.0	0.0	0.0	0.0	0.0	0.0	0.0	0.0	0.0	0.0	0.0	0.0	0.0	0.0	0.0	0.0	0.0	0.0	0.0	0.0	0.0	0.0	0.0	0.0	0.0	0.0	0.0	0.0	0.0	0.0	0.0	0.0	0.0	0.0	0.0	0.0	0.0	0.0	0.0	0.0	0.0	0.0	0.0	0.0	0.0	0.0	0.0	0.0	0.0	0.0
2068.640302918332	-9.988622340792972	99.77257626698848	4279272.7028580485	3009.507813463713	6.166321122018871	9057137.279299138	38.02351617985608	2224.9049431606804	-8.377980418019433	70.19055588471707	4950202.006100831	2533.794384913142	1730.4444784579996	1.06702	34.410378	0.4003768433015423	0.1882394209009539	-0.0992428576	0.0454764139	0.0944958807	-0.0296395768	0.0252592236	-0.0930670115	-0.0336716543	0.0432670957	0.0632127262	0.098286327	0.0907252973	0.063726728	0.0655713497	0.0364591724	0.0242229173	-0.0238722115	-0.0658119153	-0.0726639146	-0.0684299486	-0.1275727903	0.02720828	-0.0530946562	-0.0110178364	0.0374904071	0.0041799063	0.0709858356	0.0249782437	0.0808538608	0.0706837005	-0.0253329416	0.0971418904	-0.0337074997	0.0155186806	0.0083710421	0.0491625784	-0.0414255029	-0.1770598752	0.0110602921	-0.0885986057	-0.0139717078	0.0116337137	-0.0103744241	0.0581589562	0.0224119566	-0.0177355701	0.0841615021	0.0380918396	-0.0789993811	0.014832111	-0.0921292596	-0.1124583326	-0.0038399918	-0.0458433595	-0.1310198289	-0.116546672	0.0864419332	0.0022320326	-0.0615281933	0.0110811301	0.0448275254	-0.0786418943	0.0736957799	-0.0324269895	-0.0248241955	0.0698401994	-0.2818514311049256	-0.0165693245541831	0.0794402292158946	0.0002745425161818	-0.3190380547319051	-0.0559879519690866	0.101785280367118	0.0031346507656927	-3.153022108347294	0.1181252470069225	9.941548415726814	0.0139535739804464	-0.0463958832031462	0.0026238650495487	6.884667798243719e-06	0.0021525779781999	0.0036256129042475	0.0005749735019036	1.3145068931445992e-05	3.305945278912893e-07	-0.0093611429914086	0.0009950478439745	8.763099810559836e-05	9.901202117984982e-07	0.0	0.0	0.0	0.0	0.0	0.0	0.0	0.0	0.0	0.0	0.0	0.0	0.0	0.0	0.0	0.0	0.0	0.0	0.0	0.0	0.0	0.0	0.0	0.0	0.0	0.0	0.0	0.0	0.0	0.0	0.0	0.0	0.0	0.0	0.0	0.0	0.0	0.0	0.0	0.0	0.0	0.0	0.0	0.0	0.0	0.0	0.0	0.0	0.0	0.0	0.0	0.0	0.0	0.0	0.0	0.0	0.0	0.0	0.0	0.0	0.0	0.0	0.0	0.0	0.0	0.0	0.0	0.0	0.0	0.0	0.0	0.0	0.0	0.0	0.0	0.0	0.0	0.0	0.0	0.0	0.0	0.0	0.0	0.0	0.0	0.0	0.0	0.0	0.0	0.0	0.0	0.0	0.0	0.0	0.0	0.0	0.0	0.0	0.0	0.0	0.0	0.0	0.0	0.0
2059.34996825854	-9.29033465979228	86.31031809093773	4240922.291766449	3018.062630101254	8.55481663754108	9108702.039213698	73.18488770194968	2229.688034784226	4.783091623545715	22.877965479233183	4971508.732459945	2549.8144732241904	1668.8669419954608	1.328236	42.834343	0.5181378184756568	0.3402172091436521	-0.0131970094	0.0543945044	0.0214815197	-0.0239414435	-0.0536879011	-0.0811771288	0.0087974971	-0.0891958221	-0.0100998404	0.0749743559	-0.0213920135	-0.0556786313	0.0163956163	0.0286850921	0.0133063181	-0.0230495458	-0.0230625662	-0.0632194086	-0.0495776159	-0.0210618474	0.0589973781	0.0213058915	0.005597892	-0.0102721347	0.0334640346	-0.1050619179	-0.0200261556	0.0426466783	0.0410601303	-0.0289267855	0.0380378666	0.0123308159	-0.0181108398	0.0261066999	0.0696440334	-0.0303692921	-0.1160442171	-0.0115539421	-0.0007919228	-0.0066012789	-3.78707e-05	-0.0041932938	0.0546893362	-0.003483975	0.0122071843	0.0657995671	0.0549392961	-0.0198025138	-0.0739449703	0.0065424543	0.0853938913	0.0622369839	-0.0260488848	-0.035902329	-0.0249243186	-0.0225465991	0.0156903218	-0.0620868871	0.0127728206	0.0426618292	-0.0776534394	0.0754344479	-0.0370681691	-0.0190607341	0.066055961	-0.3425175308676813	-0.0606660997627556	0.117318258951693	0.0036803756604246	-0.3034199885226201	0.015618066209285	0.0920636894350669	0.0002439239921176	-3.47620626837265	-0.323184160025356	12.084010020273302	0.1044480012912949	-0.0455557491266258	0.0008401340765204	7.05825266530786e-07	0.002075326278488	0.0035927913322881	-3.282157195940013e-05	1.29081495573645e-05	1.0772555858860812e-09	-0.010861577192494	-0.0015004342010854	0.0001179738591085	2.251302791786783e-06	0.0	0.0	0.0	0.0	0.0	0.0	0.0	0.0	0.0	0.0	0.0	0.0	0.0	0.0	0.0	0.0	0.0	0.0	0.0	0.0	0.0	0.0	0.0	0.0	0.0	0.0	0.0	0.0	0.0	0.0	0.0	0.0	0.0	0.0	0.0	0.0	0.0	0.0	0.0	0.0	0.0	0.0	0.0	0.0	0.0	0.0	0.0	0.0	0.0	0.0	0.0	0.0	0.0	0.0	0.0	0.0	0.0	0.0	0.0	0.0	0.0	0.0	0.0	0.0	0.0	0.0	0.0	0.0	0.0	0.0	0.0	1.0	0.0	0.0	0.0	0.0	0.0	0.0	0.0	0.0	0.0	0.0	0.0	0.0	0.0	0.0	0.0	0.0	0.0	0.0	0.0	0.0	0.0	0.0	0.0	0.0	0.0	0.0	0.0	0.0	0.0	0.0	0.0	0.0
2067.87378377125	8.523815512710371	72.65543089472196	4276101.985608427	2991.9077774850944	-26.154852616159587	8951512.148975797	684.07631537303	2225.946112034125	-3.741922750101367	14.001985867726177	4954836.093679836	2531.052592205497	1686.929498039544	1.233091	39.766006	0.3176058286117502	0.1337610725991886	-0.0550294468	0.0467486226	0.0399506565	-0.0507189571	-0.0091036891	-0.0940796956	-0.0606624136	-0.011048825	0.071759766	0.1007475699	0.0294175149	0.0773553379	0.0249308028	0.0381196241	0.0456213624	-0.0435983106	-0.0332856358	-0.0467922393	-0.0451841127	-0.0976455516	-0.0259954381	-0.0268799871	-0.0428329801	0.0388299292	0.0417226475	0.0235153549	0.0411594929	0.0422358578	0.0622257711	-0.0415514162	0.0939001954	-0.0215345352	0.0020681279	0.0357508845	0.0646641669	-0.032505813	-0.1339919568	-0.0269365875	-0.0388822162	-0.0300056275	0.0015891471	-0.0281381007	0.0474841233	0.0499960249	0.0051046432	0.044533787	0.028787169	-0.0827793489	0.0185305053	-0.0868383531	-0.1293263474	0.0233659244	-0.007011718	-0.105644087	-0.1106931292	0.1119393979	-0.0166981644	-0.0626387723	0.0144589085	0.0404540309	-0.076528754	0.0769663555	-0.0415630576	-0.0131948967	0.0618083875	-0.2737738115908144	0.0687437192768669	0.0749520999129627	0.0047256989400166	-0.2540958135230227	0.0493241749995974	0.0645646824499267	0.0024328742393909	-3.405194290655274	0.0710119777173758	11.595348157111276	0.005042700979333	-0.0468193357249291	-0.0012635865983032	1.5966510914117048e-06	0.0021920501977236	0.0038031876146304	0.0002103962823423	1.446423603207807e-05	4.4266595623460826e-08	-0.0097650409407814	0.0010965362517126	9.535602457513687e-05	1.2023917513199205e-06	0.0	0.0	0.0	0.0	0.0	0.0	0.0	0.0	0.0	0.0	0.0	0.0	0.0	0.0	0.0	0.0	0.0	0.0	0.0	0.0	0.0	0.0	0.0	0.0	0.0	0.0	0.0	0.0	0.0	0.0	0.0	0.0	0.0	0.0	0.0	0.0	0.0	0.0	0.0	0.0	0.0	0.0	0.0	0.0	0.0	0.0	0.0	0.0	0.0	0.0	0.0	0.0	0.0	0.0	0.0	0.0	0.0	0.0	0.0	0.0	0.0	0.0	0.0	0.0	0.0	0.0	0.0	0.0	0.0	0.0	0.0	0.0	0.0	0.0	0.0	0.0	0.0	0.0	0.0	0.0	0.0	0.0	0.0	0.0	0.0	0.0	0.0	0.0	0.0	0.0	0.0	0.0	0.0	0.0	0.0	0.0	0.0	0.0	0.0	0.0	0.0	0.0	0.0	0.0
2061.6281414463087	-6.2456423249414	39.008048051099415	4250310.593603361	3013.6752569901314	21.767479505037045	9082238.554594535	473.8231640022078	2227.458009926272	1.5118978921473172	2.285835236279501	4961569.185984708	2535.3458401314083	1737.1481387942863	2.215794	71.457237	2.205391225857487	1.3254981542291442	-0.1315535144	0.0303874879	0.0908386279	0.058178857	0.0848551432	0.0001542277	-0.0357016119	0.0974533549	-0.0117964154	0.1633147088	-0.0823933357	0.0742194965	0.0188470472	0.0908071188	-0.1651520382	0.0690230743	-0.0125032504	-0.0514146978	-0.0320437151	0.0463919828	0.0115101872	-0.0789656901	0.0815798092	0.0636826977	-0.1333791892	0.0663388025	-0.0404343451	0.1467432135	0.1037854898	0.0364593966	-0.0403483989	-0.0229608413	0.0661981507	-0.1286931594	-0.008491253	-0.1169399442	-0.0151276935	0.1452627774	-0.0351637056	-0.0005125741	0.0484696658	-0.1013206898	0.0295243061	-0.0779686261	-0.0828803088	-0.0521529879	-0.0533236986	0.1847020657	-0.1382549071	0.1412332871	0.1485235615	0.0622547866	-0.0795876705	0.1485274963	0.1161347476	-0.0024018328	-0.0028559502	-0.0631837885	0.0161386543	0.0382063093	-0.0752698111	0.0782873035	-0.0458939156	-0.0072581889	0.0571272725	-0.4097108231181039	-0.1359370115272895	0.1678629585801142	0.0184788711029704	-0.058950815802973	0.1951449977200496	0.003475198683836	0.0380815701351581	-2.895700975963571	0.5094933146917029	8.385084142196378	0.2595834377155386	-0.0245925298209217	0.0222268059040074	0.0004940309006944	0.0006047925229929	0.0007287215955262	-0.0030744660191042	5.310351637862506e-07	9.452341302626429e-06	-0.0117600870560387	-0.0019950461152573	0.0001382996475656	3.980209002003247e-06	0.0	0.0	0.0	0.0	0.0	0.0	0.0	0.0	0.0	0.0	0.0	0.0	0.0	0.0	0.0	0.0	0.0	0.0	0.0	0.0	0.0	0.0	0.0	0.0	0.0	0.0	0.0	0.0	0.0	0.0	0.0	0.0	0.0	0.0	0.0	0.0	0.0	0.0	0.0	0.0	0.0	0.0	0.0	0.0	0.0	0.0	0.0	0.0	0.0	0.0	0.0	0.0	0.0	0.0	0.0	0.0	0.0	0.0	0.0	0.0	0.0	0.0	0.0	0.0	0.0	0.0	0.0	0.0	0.0	0.0	0.0	0.0	1.0	0.0	0.0	0.0	0.0	0.0	0.0	0.0	0.0	0.0	0.0	0.0	0.0	0.0	0.0	0.0	0.0	0.0	0.0	0.0	0.0	0.0	0.0	0.0	0.0	0.0	0.0	0.0	0.0	0.0	0.0	0.0
2099.361647095605	37.73350564929615	1423.8174485854645	4407319.325295971	2990.294255628084	-23.3810013620473	8941859.735242318	546.6712246920576	2248.5479731043697	21.089963178097605	444.7865468535129	5055967.98735177	2525.4672102913755	1738.678523935286	1.848089	59.599098	0.8939984050573804	0.4734702261916652	-0.1518792933	0.0825930804	0.0941043915	0.2192864003	0.0748257305	-0.0335542475	-0.1125574804	0.1254655368	-0.1202210394	0.0867795086	0.0979435856	-0.0571661874	0.1813440224	0.0216808182	-0.1537273406	0.0847757704	0.0628555957	-0.0891072449	-0.0258697131	-0.0214393849	-0.1739479855	-0.1239063383	0.1029937999	0.0992169493	-0.1841438385	0.0848235588	0.0293552647	0.0120766743	0.0334420309	-0.052496224	0.0322085029	0.008420257	0.17145328	-0.1635539457	-0.0132348075	-0.1257728725	-0.0420215387	0.2132258469	0.016495368	0.0008675945	-0.0419603246	-0.2005872336	0.0385205427	-0.1013057883	-0.0428267073	-0.1144444043	-0.1314473558	0.1381810161	-0.1666839259	-0.1104000726	0.0242961885	-0.109358665	0.064398504	0.0397627835	-0.0358680319	-0.1147869507	0.0350909154	-0.0637218759	0.0178113211	0.0359208828	-0.0738788195	0.0793936715	-0.0500436514	-0.0012824971	0.0520454508	-0.5115435706471203	-0.1018327475290163	0.2616768246704054	0.0103699084693083	-0.0653642029993477	-0.0064133871963747	0.0042724790337399	4.113153533062295e-05	-2.7218810232489616	0.1738199527146093	7.4086363047228145	0.030213375961709	-0.0161965510308622	0.0083959787900594	7.049245984312896e-05	0.0002623282652953	-0.0018779576137393	-0.0026066792092655	3.526724799001406e-06	6.794776500017013e-06	-0.0105240987030161	0.0012359883530226	0.0001107566535108	1.527667208807522e-06	0.0	0.0	0.0	0.0	0.0	0.0	0.0	0.0	0.0	0.0	0.0	0.0	0.0	0.0	0.0	0.0	0.0	0.0	0.0	0.0	0.0	0.0	0.0	0.0	0.0	0.0	0.0	0.0	0.0	0.0	0.0	0.0	0.0	0.0	0.0	0.0	0.0	0.0	0.0	0.0	0.0	0.0	0.0	0.0	0.0	0.0	0.0	0.0	0.0	0.0	0.0	0.0	0.0	0.0	0.0	0.0	0.0	0.0	0.0	0.0	0.0	0.0	0.0	0.0	0.0	0.0	0.0	0.0	0.0	0.0	0.0	0.0	0.0	1.0	0.0	0.0	0.0	0.0	0.0	0.0	0.0	0.0	0.0	0.0	0.0	0.0	0.0	0.0	0.0	0.0	0.0	0.0	0.0	0.0	0.0	0.0	0.0	0.0	0.0	0.0	0.0	0.0	0.0	0.0
2091.4894979550995	-7.872149140505371	61.970732090359455	4374328.320056474	3030.817253032484	40.52299740440003	9185853.221279372	1642.1133186370116	2255.961764513156	7.413791408786437	54.96430305299559	5089363.482945313	2555.3719611499246	1746.9837228188967	2.055975	66.30323	1.2192028797742434	0.7222660457060305	-0.1275769864	-0.0139755635	0.0788180263	0.0082516152	0.1122040182	0.0017473055	-6.18399e-05	-0.0262368279	-0.1729049146	0.0611505279	0.0562921369	-0.0272705327	0.0134484069	-0.0183572815	-0.0984249077	0.0651742594	0.0199296417	-0.1145087337	-0.0050170341	-0.0499162001	-0.0355595095	-0.0545363615	0.0260781923	0.0012286134	-0.1247574209	-0.0695076635	0.0488987586	0.0353513905	0.0079531323	-0.0017397346	0.0040217739	0.0430483119	0.0116397491	-0.0957973319	-0.044426615	-0.1104306432	0.0127485641	0.0886865333	-0.0478074092	-0.0597249104	0.0036228163	-0.0601379716	-0.1421137154	-0.045284675	-0.0830491902	-0.0325621082	-0.0238402298	0.0326087673	0.0621817524	0.081859825	-0.0659638425	-0.0925019972	0.0712003529	-0.1434423128	0.0602866468	0.1281100916	-0.0062912461	-0.0642529755	0.0194761753	0.0336000067	-0.0723582192	0.080282427	-0.0539958877	0.0047000831	0.0465985677	-0.4310560455555929	0.0804875250915274	0.1858093144100253	0.0064782416953592	-0.1535721869300772	-0.0882079839307295	0.0235844165984865	0.0077806484291238	-3.274435748667848	-0.5525547254188865	10.72192947215397	0.305316724582741	-0.0253645376621024	-0.0091679866312401	8.4051978870599e-05	0.0006433597708122	-0.0024249168871197	-0.0005469592733803	5.880221909438295e-06	2.991644467368149e-07	-0.0107682057050575	-0.0002441070020414	0.0001159542541064	5.958822844564026e-08	0.0	0.0	0.0	0.0	0.0	0.0	0.0	0.0	0.0	0.0	0.0	0.0	0.0	0.0	0.0	0.0	0.0	0.0	0.0	0.0	0.0	0.0	0.0	0.0	0.0	0.0	0.0	0.0	0.0	0.0	0.0	0.0	0.0	0.0	0.0	0.0	0.0	0.0	0.0	0.0	0.0	0.0	0.0	0.0	0.0	0.0	0.0	0.0	0.0	0.0	0.0	0.0	0.0	0.0	0.0	0.0	0.0	0.0	0.0	0.0	0.0	0.0	0.0	0.0	0.0	0.0	0.0	0.0	0.0	0.0	0.0	0.0	0.0	0.0	1.0	0.0	0.0	0.0	0.0	0.0	0.0	0.0	0.0	0.0	0.0	0.0	0.0	0.0	0.0	0.0	0.0	0.0	0.0	0.0	0.0	0.0	0.0	0.0	0.0	0.0	0.0	0.0	0.0	0.0
2084.498895902215	-6.990602052884697	48.868517061795735	4345135.6470175525	3022.4410297594573	-8.37622327302688	9135149.778373407	70.16111631959716	2251.877787007914	-4.083977505242274	16.678872263324905	5070953.56761966	2554.7265886842665	1752.784288647188	1.111063	35.830734	0.3756237416644143	0.1938702307924853	-0.0918476998	-0.0032564012	0.0560859843	-0.0038823421	0.0803516592	-0.0059567988	-0.0118232222	0.018484835	-0.0980458958	0.0343911089	0.0209387967	0.0518206629	-0.0254043613	-0.007748081	-0.0990765559	0.0785961709	0.0038790216	-0.0635654769	0.0494960887	-0.0261658387	-0.0491425655	-0.0543388165	-0.008878429	0.002828712	-0.1237311073	-0.0153151107	0.0541640808	0.0457325984	0.0208236753	0.0012792549	-0.0232341338	0.0184230569	0.002834379	-0.0827387056	-0.0241242278	-0.0986693644	0.0184245668	0.0950835975	-0.0430475446	-0.0592111957	0.0239809583	-0.0974051075	-0.0981536116	-0.0934359834	-0.1050241938	-0.0515879954	-0.0415362189	-0.0015067416	-0.0176871516	0.0267468907	-0.0062758649	-0.0335885564	0.0165916852	-0.0202944371	-0.0311425849	0.0036636844	-0.0168989401	-0.064777029	0.0211324865	0.0312459714	-0.0707106781	0.0809511339	-0.0577350269	0.010657419	0.040824829	-0.4516052548296727	-0.0205492092740797	0.2039473061897736	0.0004222700017899	-0.1529215382765585	0.0006506486535187	0.0233849968688689	4.233436703257169e-07	-3.413707908264179	-0.1392721595963308	11.653401682945397	0.0193967344386258	-0.0275984956357337	-0.0022339579736312	4.990568227950859e-06	0.0007616769613556	-0.0033478818931393	-0.0009229650060196	1.1208313170409984e-05	8.518644023367606e-07	-0.0119143172082163	-0.0011461115031588	0.0001419509545379	1.3135715776729263e-06	0.0	0.0	0.0	0.0	0.0	0.0	0.0	0.0	0.0	0.0	0.0	0.0	0.0	0.0	0.0	0.0	0.0	0.0	0.0	0.0	0.0	0.0	0.0	0.0	0.0	0.0	0.0	0.0	0.0	0.0	0.0	0.0	0.0	0.0	0.0	0.0	0.0	0.0	0.0	0.0	0.0	0.0	0.0	0.0	0.0	0.0	0.0	0.0	0.0	0.0	0.0	0.0	0.0	0.0	0.0	0.0	0.0	0.0	0.0	0.0	0.0	0.0	0.0	0.0	0.0	0.0	0.0	0.0	0.0	0.0	0.0	0.0	0.0	0.0	0.0	0.0	0.0	0.0	0.0	0.0	0.0	0.0	0.0	0.0	0.0	0.0	0.0	0.0	0.0	0.0	0.0	0.0	0.0	0.0	0.0	0.0	0.0	0.0	0.0	0.0	0.0	0.0	0.0	0.0
2053.0336153151143	-31.46528058710055	990.0638824249668	4214947.025613849	3009.663782059519	-12.77724769993847	9058076.081040809	163.25805878558293	2229.3818882533483	-22.495898754565587	506.0654607756656	4970143.603672065	2541.165031133461	1695.407663145012	1.099151	35.446587	0.1969968818590392	0.1135745400465192	-0.1031757651	-0.0040442306	0.0240335047	-0.0219712553	0.0784076087	0.0125138038	-0.0407564835	0.032120465	-0.0291471353	0.0641989995	-0.0198553482	0.033653929	-0.0493986604	0.0325013067	-0.0603073278	0.0369191291	-0.0692325539	0.0113915551	0.0652067444	-0.065993425	-0.0155409836	-0.0297179998	-0.0134135691	0.0277487017	-0.0586758266	-0.007180742	0.0237175332	0.0951458804	-0.0105381864	0.0082857749	0.0093238135	-0.0129322892	0.0404470619	-0.0672127553	-0.0257230114	-0.101251332	0.011161699	0.0686175881	-0.0652204627	-0.0787736465	0.0303520302	-0.0672653443	-0.0966542596	-0.0391748898	-0.1054984548	-0.0257058322	0.018854615	-0.0073701868	0.0401786338	0.0650111373	0.0043016639	-0.0455841508	-0.0243208721	-0.1083875111	0.0331792396	0.0282341638	-0.0639287181	-0.0652939789	0.0227795284	0.0288611001	-0.0689390864	0.0813979594	-0.0612463124	0.0165575133	0.0347647336	-0.4301345537468251	0.0214707010828476	0.1850157343269803	0.0004609910049889	-0.181552650489337	-0.0286311122127785	0.0329613648997033	0.0008197405865407	-3.389363316087021	0.0243445921771581	11.487783688436409	0.0005926591682721	-0.0294434020853768	-0.0018449064496431	3.4036798079347117e-06	0.0008669139263611	-0.0032209052625222	0.000126976630617	1.0374230710143204e-05	1.61230647228714e-08	-0.0123934436556812	-0.0004791264474649	0.0001535974456465	2.2956215266033566e-07	0.0	0.0	0.0	0.0	0.0	0.0	0.0	0.0	0.0	0.0	0.0	0.0	0.0	0.0	0.0	0.0	0.0	0.0	0.0	0.0	0.0	0.0	0.0	0.0	0.0	0.0	0.0	0.0	0.0	0.0	0.0	0.0	0.0	0.0	0.0	0.0	0.0	0.0	0.0	0.0	0.0	0.0	0.0	0.0	0.0	0.0	0.0	0.0	0.0	0.0	0.0	0.0	0.0	0.0	0.0	0.0	0.0	0.0	0.0	0.0	0.0	0.0	0.0	0.0	0.0	0.0	0.0	0.0	0.0	0.0	0.0	0.0	0.0	0.0	0.0	0.0	0.0	0.0	0.0	0.0	0.0	0.0	0.0	0.0	0.0	0.0	0.0	0.0	0.0	0.0	0.0	0.0	0.0	0.0	0.0	0.0	0.0	0.0	0.0	0.0	0.0	0.0	0.0	0.0
2033.1312025855425	-19.90241272957178	396.1060324582208	4133622.486926934	2999.7993176912005	-9.864464368318297	8998795.946420591	97.30765727382126	2224.9794853177423	-4.4024029356060055	19.381151607432376	4950533.710084805	2539.3208437455746	1641.7598020415066	1.496747	48.268658	0.536707929909241	0.2424850047888861	-0.0616000841	0.0038727891	-0.0338306133	-0.0141399084	0.0499317115	0.0534825379	-0.0468002369	-0.058567729	-0.008488895	0.0591321572	-0.046338464	-0.0062289105	-0.058834745	0.0383053993	0.0020374603	0.0042384149	-0.138752171	0.0176875034	0.0247632543	-0.0590233839	0.033729086	0.0036614104	-0.0381683159	0.0230779739	-0.0029483369	-0.0987045759	0.0368415738	0.0706213854	-0.0154218719	-0.0305901597	0.0525503909	-0.0484612854	0.0254745431	-0.0394784646	-0.0273892992	-0.0435381869	-0.0002252297	0.0728044044	-0.0343574464	-0.0770861812	0.0219041157	-0.0591284381	-0.0264479885	0.0006885305	-0.1009345533	0.0106339534	0.0479390135	0.0128702732	0.0580479554	0.0791362687	-0.0866680466	0.0055609128	-0.0884469036	-0.1733190479	-0.0017357653	0.1274869004	-0.1500089787	-0.0658037687	0.0244165784	0.0264477464	-0.0670465522	0.0816216788	-0.0645158866	0.0223686765	0.0284607885	-0.32908250054858	0.101052053198245	0.1082952921673061	0.0102115174555809	-0.2096185180146506	-0.0280658675253135	0.0439399230946583	0.0007876929199484	-3.561888384123378	-0.1725250680363572	12.68704886095305	0.0297648991009497	-0.0303854682922595	-0.0009420662068827	8.874887381503587e-07	0.0009232766833399	-0.0014228992324689	0.0017980060300533	2.024642225760585e-06	3.2328256841080287e-06	-0.0104322170696307	0.0019612265860505	0.0001088311529878	3.846409721831305e-06	0.0	0.0	0.0	0.0	0.0	0.0	0.0	0.0	0.0	0.0	0.0	0.0	0.0	0.0	0.0	0.0	0.0	0.0	0.0	0.0	0.0	0.0	0.0	0.0	0.0	0.0	0.0	0.0	0.0	0.0	0.0	0.0	0.0	0.0	0.0	0.0	0.0	0.0	0.0	0.0	0.0	0.0	0.0	0.0	0.0	0.0	0.0	0.0	0.0	0.0	0.0	0.0	0.0	0.0	0.0	0.0	0.0	0.0	0.0	0.0	0.0	0.0	0.0	0.0	0.0	0.0	0.0	0.0	0.0	0.0	0.0	0.0	0.0	0.0	0.0	1.0	0.0	0.0	0.0	0.0	0.0	0.0	0.0	0.0	0.0	0.0	0.0	0.0	0.0	0.0	0.0	0.0	0.0	0.0	0.0	0.0	0.0	0.0	0.0	0.0	0.0	0.0	0.0	0.0
2058.157130110026	25.02592752448368	626.2970484607097	4236010.77222274	3026.451837158203	26.65251946700255	9159410.722638262	710.3567939389499	2240.820269167681	15.840783849938816	250.93043298048244	5021275.478712719	2552.4686347523484	1634.8780533263136	1.678717	54.137024	0.5906425398253574	0.3351794851784766	-0.0771848788	0.0388753645	-0.015604124	-0.0476144494	0.040506891	0.0321967152	-0.0120076572	0.0720568853	0.0331111068	0.0736904667	0.0077239685	0.0611615892	-0.0189425042	0.0168977758	-0.0116169547	-0.0220755755	-0.0654124181	-0.0357338213	0.0192832332	-0.0798413556	0.0629323632	-0.0387069451	0.0334665565	0.0052508832	-0.0103032843	0.0454048144	0.0203048641	0.1005487286	0.0142691902	-0.0361523483	0.067609306	-0.0348947404	-0.0318731864	-0.0303352116	0.0159009898	-0.0935098922	0.0071927133	0.0121652841	-0.0769999599	-0.0734931313	0.0351573907	-0.0065385245	-0.0149489764	0.0302034573	-0.0875432938	-0.0066973484	0.0662321293	-0.0223521388	0.0880443852	0.1241787855	0.0489201993	0.0151350599	0.0100060955	-0.0709714106	0.0506952569	0.0318836959	0.0016577698	-0.0663063423	0.0260429185	0.024008292	-0.0650363955	0.0816216788	-0.0675308461	0.0280596966	0.0219572114	-0.2991283897085139	0.0299541108400661	0.0894777935296085	0.0008972487562189	-0.2456344338180542	-0.0360159158034036	0.060336275077116	0.0012971461911578	-3.3862496131056403	0.1756387710177378	11.4666864422581	0.0308489778846213	-0.0354146579301229	-0.0050291896378633	2.529274841359257e-05	0.0012541979963076	-0.0023683285842093	-0.0009454293517404	5.608980282782828e-06	8.938366591322731e-07	-0.0114382729233099	-0.0010060558536792	0.0001308340874681	1.0121483807221851e-06	0.0	0.0	0.0	0.0	0.0	0.0	0.0	0.0	0.0	0.0	0.0	0.0	0.0	0.0	0.0	0.0	0.0	0.0	0.0	0.0	0.0	0.0	0.0	0.0	0.0	0.0	0.0	0.0	0.0	0.0	0.0	0.0	0.0	0.0	0.0	0.0	0.0	0.0	0.0	0.0	0.0	0.0	0.0	0.0	0.0	0.0	0.0	0.0	0.0	0.0	0.0	0.0	0.0	0.0	0.0	0.0	0.0	0.0	0.0	0.0	0.0	0.0	0.0	0.0	0.0	0.0	0.0	0.0	0.0	0.0	0.0	0.0	0.0	0.0	0.0	0.0	1.0	0.0	0.0	0.0	0.0	0.0	0.0	0.0	0.0	0.0	0.0	0.0	0.0	0.0	0.0	0.0	0.0	0.0	0.0	0.0	0.0	0.0	0.0	0.0	0.0	0.0	0.0	0.0
2061.727770470643	3.570640360616835	12.749472584865922	4250721.399529848	3047.29256848787	20.84073132966705	9285991.9979614	434.33608235536576	2242.584678220542	1.7644090528610832	3.1131393058181445	5029186.038989533	2567.341962647222	1621.9972362028154	1.477456	47.646538	0.9602411205058092	0.611522847226221	-0.0309096215	0.0113735451	-0.0303921678	0.0675004164	0.039908852	0.0757134753	0.065007799	-0.0319717057	-0.0912066676	-0.017594034	0.0091018331	-0.0363307698	-0.0651679147	-0.0031604816	-0.0600864691	0.0670168479	0.0422451006	0.0555680944	0.0581454873	-0.0094472636	-0.033933092	-0.0886815925	-0.0149042462	-0.0399289514	-0.0768382492	-0.0879114334	-0.0087007706	0.0350859417	-0.0455084523	0.0125095774	-0.1071122851	0.0092769774	0.1146030098	-0.061220992	-0.0228391691	-0.0569399445	0.0429816468	0.1122265344	-0.0084391556	-0.0371303077	0.0338524917	-0.0427523213	-0.084376607	-0.1035279589	-0.1363171338	-0.0272995048	0.0099413374	-0.0488479857	-0.0409721001	0.023495888	0.0763004442	-0.0433682411	0.0153395783	-0.028528821	-0.0046527065	-0.1276033746	-0.1255649152	-0.0668016447	0.0276578354	0.0215451443	-0.0629121428	0.0813979594	-0.0702792922	0.0336000067	0.0152996203	-0.3394218175354382	-0.0402934278269243	0.1152071702190603	0.0016235603260435	-0.2167809549504369	0.0288534788676173	0.0469939824292233	0.000832523242764	-3.784883814218908	-0.3986342011132677	14.32534548713627	0.1589092262972131	-0.0278386427397376	0.0075760151903852	5.739600616494876e-05	0.0007749900295907	-0.0043907979663706	-0.0020224693821613	1.92791067814842e-05	4.09038240177991e-06	-0.0111875572418965	0.0002507156814134	0.0001251614370407	6.285835290658549e-08	0.0	0.0	0.0	0.0	0.0	0.0	0.0	0.0	0.0	0.0	0.0	0.0	0.0	0.0	0.0	0.0	0.0	0.0	0.0	0.0	0.0	0.0	0.0	0.0	0.0	0.0	0.0	0.0	0.0	0.0	0.0	0.0	0.0	0.0	0.0	0.0	0.0	0.0	0.0	0.0	0.0	0.0	0.0	0.0	0.0	0.0	0.0	0.0	0.0	0.0	0.0	0.0	0.0	0.0	0.0	0.0	0.0	0.0	0.0	0.0	0.0	0.0	0.0	0.0	0.0	0.0	0.0	0.0	0.0	0.0	0.0	0.0	0.0	0.0	0.0	0.0	0.0	1.0	0.0	0.0	0.0	0.0	0.0	0.0	0.0	0.0	0.0	0.0	0.0	0.0	0.0	0.0	0.0	0.0	0.0	0.0	0.0	0.0	0.0	0.0	0.0	0.0	0.0	0.0
2070.1978243241656	8.470053853522586	71.7418122815728	4285719.031836509	3025.812478155839	-21.480090332031068	9155541.15296358	461.39428067221456	2244.4013333671537	1.816655146611538	3.3002359217101884	5037337.3452202575	2546.9108855371387	1699.4285657333928	1.626809	52.463028	1.2214624509490766	0.5354478033313698	-0.0907765279	-0.0335411714	0.0413707013	0.0318191035	0.0743489915	0.0335177495	-0.0217034112	0.1581424305	0.0109034241	0.0770914053	-0.0747722542	0.1248216008	-0.1017397957	0.0189884041	-0.087237792	0.0703688597	-0.0075884745	-0.0182656407	0.0315764891	-0.0134509545	-0.0449004412	-0.036340192	-0.0120595944	0.0384803814	-0.1248080072	0.1530696844	0.0354751585	0.110913086	0.0340623569	0.0614899302	-0.0813237606	-0.0464455403	0.0424253406	-0.1168376305	-0.0516912152	-0.0606503749	0.0313384954	0.0740150276	0.0317065166	0.0165326998	0.0213967356	-0.0080410055	-0.1466001877	-0.03620455	-0.0548519809	-0.0046261135	0.0413986503	0.0046366631	0.085754033	0.0385364448	-0.0949634177	0.0345518407	0.0881972524	-0.0449405979	0.079152507	0.1494101391	-0.1033654321	-0.0672896215	0.0292606206	0.0190607341	-0.0606775209	0.0809511339	-0.0727503781	0.0389598496	0.0085347133	-0.1645449395982723	0.1748768779371659	0.027075037147399	0.0305819224370504	-0.0392349732051116	0.1775459817453253	0.0015393831224058	0.0315225756339113	-3.4724551232212377	0.3124286909976703	12.05794458278542	0.0976116869585177	-0.0223298046568532	0.0055088380828844	3.03472970234375e-05	0.0004986201760132	-0.0031019214455576	0.001288876520813	9.621916654410153e-06	1.6612026859030237e-06	-0.0068530538402156	0.0043345034016809	4.696434693689378e-05	1.8787919739183297e-05	0.0	0.0	0.0	0.0	0.0	0.0	0.0	0.0	0.0	0.0	0.0	0.0	0.0	0.0	0.0	0.0	0.0	0.0	0.0	0.0	0.0	0.0	0.0	0.0	0.0	0.0	0.0	0.0	0.0	0.0	0.0	0.0	0.0	0.0	0.0	0.0	0.0	0.0	0.0	0.0	0.0	0.0	0.0	0.0	0.0	0.0	0.0	0.0	0.0	0.0	0.0	0.0	0.0	0.0	0.0	0.0	0.0	0.0	0.0	0.0	0.0	0.0	0.0	0.0	0.0	0.0	0.0	0.0	0.0	0.0	0.0	0.0	0.0	0.0	0.0	0.0	0.0	0.0	1.0	0.0	0.0	0.0	0.0	0.0	0.0	0.0	0.0	0.0	0.0	0.0	0.0	0.0	0.0	0.0	0.0	0.0	0.0	0.0	0.0	0.0	0.0	0.0	0.0	0.0
2056.563652174186	-13.634172149979804	185.8906502152849	4229454.055444025	2995.717200028269	-30.09527812757005	8974321.542545212	905.7257655757966	2238.8582573432427	-5.543076023910999	30.725691806856965	5012486.296474022	2531.261956805549	1669.2033771791937	1.390955	44.856968	1.185699191010423	0.566390950509033	-0.0545718209	-0.0965122028	0.009692872	0.0885311466	0.0247308455	0.0449494216	-0.0828821595	-0.0125667793	-0.0884403687	-0.0306383671	0.0910595136	-0.0269142544	-0.0502410147	0.0290388324	-0.0839297124	0.1042841294	0.0022710543	0.0623441763	0.068632867	0.0092533623	-0.0279025665	-0.0451591797	0.0374265426	0.0679321253	-0.0814888108	-0.0265929201	0.083941218	-0.0161922783	-0.0683714021	-0.0237147503	-0.0408349029	0.0744627969	0.0557346601	-0.1460987414	-0.093989784	-0.0020740747	-0.0224283038	0.0305504976	0.0221619291	0.0544988861	0.0146202713	0.0362424089	-0.1112677539	-0.0410775055	0.0101077761	0.0137278867	0.0940104201	-0.0007633747	-0.0286825084	0.0454305491	-0.0457460909	0.1659741266	-0.0420935653	0.0251167595	0.0712945347	-0.0410095752	-0.0211259197	-0.0677702193	0.0308505711	0.0165575133	-0.05833645	0.080282427	-0.0749343514	0.0441104375	0.0017099414	0.1343543408065528	0.2988992804048251	0.0180510888935633	0.0893407798265222	-0.1523788106087096	-0.1131438374035979	0.0232193019225249	0.0128015279424118	-3.6453756496730776	-0.1729205264518398	13.288763627229413	0.0299015084683814	-0.0212066842188293	0.0011231204380239	1.2613995183069974e-06	0.0004497234555571	0.0006576156724713	0.0037595371180289	4.324583726798801e-07	1.4134119341837049e-05	0.0002789995387348	0.0071320533789504	7.784074261423116e-08	5.0866185400197816e-05	0.0	0.0	0.0	0.0	0.0	0.0	0.0	0.0	0.0	0.0	0.0	0.0	0.0	0.0	0.0	0.0	0.0	0.0	0.0	0.0	0.0	0.0	0.0	0.0	0.0	0.0	0.0	0.0	0.0	0.0	0.0	0.0	0.0	0.0	0.0	0.0	0.0	0.0	0.0	0.0	0.0	0.0	0.0	0.0	0.0	0.0	0.0	0.0	0.0	0.0	0.0	0.0	0.0	0.0	0.0	0.0	0.0	0.0	0.0	0.0	0.0	0.0	0.0	0.0	0.0	0.0	0.0	0.0	0.0	0.0	0.0	0.0	0.0	0.0	0.0	0.0	0.0	0.0	0.0	1.0	0.0	0.0	0.0	0.0	0.0	0.0	0.0	0.0	0.0	0.0	0.0	0.0	0.0	0.0	0.0	0.0	0.0	0.0	0.0	0.0	0.0	0.0	0.0	0.0
2053.3354122365945	-3.2282399375912973	10.421533094659464	4216186.315144826	3022.852057206004	27.13485717773483	9137634.55975457	736.3004740560674	2239.248497636803	0.3902402935605096	0.1522874867181927	5014233.83416868	2549.261276936604	1651.8876587169796	1.144718	36.91605	0.3864907244089566	0.2139790126295606	-0.1048513001	-0.1324334699	-0.0203269736	0.0506254193	0.001127658	0.0439352031	-0.0113160402	-0.0021526871	-0.0644192036	0.0175965582	0.0144702869	-0.0151426866	-0.106133036	0.0288788585	-0.0867620792	0.0679102747	-0.0116894037	0.0606154956	0.0864670469	0.0071935789	-0.0035906643	-0.0266413431	0.0401311341	0.0174207723	-0.080616718	-0.051157725	0.0251336694	0.066156049	-0.0489174916	0.0153267465	-0.0666582036	0.023331	0.0546762464	-0.1327307929	-0.1184332675	0.0266918756	-0.0167873738	-0.0037971906	0.0172970306	0.0383807467	0.0044215847	0.0699696633	-0.0845204924	-0.0110732989	0.0476904285	-0.0061762941	0.0309002376	-0.0340563296	0.0123467192	-0.0118401848	-0.0465693104	0.0546129417	0.0130564296	0.0015324906	0.0707828514	0.0238843628	-0.0282321073	-0.0682433853	0.0324269895	0.0140379523	-0.0558930371	0.0793936715	-0.0768225931	0.0490241061	-0.0051268245	0.2482740966747769	0.113919755868224	0.0616400270796764	0.0129777107770757	-0.1722517926581446	-0.019872982049435	0.0296706800739444	0.0003949354155371	-3.585782406675065	0.0595932429980123	12.857835468020422	0.0035513546110201	-0.0218083262200911	-0.0006016420012618	3.619730976823069e-07	0.0004756030925219	0.0039123725757057	0.0032547569032344	1.5306659171134054e-05	1.0593442499151983e-05	0.0002846955041043	5.695965369500002e-06	8.105153005720149e-08	3.2444021490543295e-11	0.0	0.0	0.0	0.0	0.0	0.0	0.0	0.0	0.0	0.0	0.0	0.0	0.0	0.0	0.0	0.0	0.0	0.0	0.0	0.0	0.0	0.0	0.0	0.0	0.0	0.0	0.0	0.0	0.0	0.0	0.0	0.0	0.0	0.0	0.0	0.0	0.0	0.0	0.0	0.0	0.0	0.0	0.0	0.0	0.0	0.0	0.0	0.0	0.0	0.0	0.0	0.0	0.0	0.0	0.0	0.0	0.0	0.0	0.0	0.0	0.0	0.0	0.0	0.0	0.0	0.0	0.0	0.0	0.0	0.0	0.0	0.0	0.0	0.0	0.0	0.0	0.0	0.0	0.0	0.0	0.0	0.0	0.0	0.0	0.0	0.0	0.0	0.0	0.0	0.0	0.0	0.0	0.0	0.0	0.0	0.0	0.0	0.0	0.0	0.0	0.0	0.0	0.0	0.0
2051.8012923183487	-1.5341199182457783	2.353523923558434	4209888.5431592455	3027.5106133711965	4.658556165192749	9165820.514075238	21.702145544255373	2230.5993705188043	-8.649127117998887	74.80739990330373	4975573.551758886	2548.5605264070173	1615.0369930885358	1.290861	41.629044	0.6250277316559678	0.3780954235609893	-0.0084272594	-0.0979894789	-0.0287360122	0.1214964707	-0.0405577593	0.0432126063	0.0027623949	-0.0137717237	-0.068989403	-0.0031717858	0.0675333702	-0.0943398525	-0.0665613472	0.0444115503	-0.0449905349	0.0766366828	0.0380752285	0.1670315407	0.0480261539	-0.0068596404	0.0119866946	-0.0122425225	0.0738382192	0.0131034992	-0.0386215905	-0.0652409648	0.0114159902	0.0086709181	-0.0670902838	-0.0350853308	-0.1151248873	0.0046480477	0.0990442485	-0.1062476174	-0.1020614604	0.030690776	-0.0098482447	-0.0040875426	0.072513303	0.1242686379	0.0137731045	0.0615025601	-0.0623912899	0.0149644241	-0.0050112993	0.099687772	0.1316484346	-0.0670721242	0.0820003653	-0.0151676638	-0.0397059487	0.0383333321	-0.0090023102	0.0879843723	0.0843184251	-0.0050262862	-0.0354321663	-0.0687090676	0.0339891844	0.0115045374	-0.0533515689	0.0782873035	-0.0784076511	0.0536744641	-0.0119276293	0.2702269360630112	0.0219528393882342	0.0730225969740027	0.0004819271572056	-0.1955101555657279	-0.0232583629075832	0.0382242209293351	0.0005409514451408	-3.9445656646372456	-0.3587832579621803	15.559598282635076	0.1287254261939564	-0.0225203476604839	-0.0007120214403927	5.06974531579036e-07	0.000507166058749	0.0046740950444243	0.0007617224687185	2.18471644843118e-05	5.802211193507583e-07	-0.0026622260147437	-0.002946921518848	7.087447353578123e-06	8.684346438249404e-06	0.0	0.0	0.0	0.0	0.0	0.0	0.0	0.0	0.0	0.0	0.0	0.0	0.0	0.0	0.0	0.0	0.0	0.0	0.0	0.0	0.0	0.0	0.0	0.0	0.0	0.0	0.0	0.0	0.0	0.0	0.0	0.0	0.0	0.0	0.0	0.0	0.0	0.0	0.0	0.0	0.0	0.0	0.0	0.0	0.0	0.0	0.0	0.0	0.0	0.0	0.0	0.0	0.0	0.0	0.0	0.0	0.0	0.0	0.0	0.0	0.0	0.0	0.0	0.0	0.0	0.0	0.0	0.0	0.0	0.0	0.0	0.0	0.0	0.0	0.0	0.0	0.0	0.0	0.0	0.0	1.0	0.0	0.0	0.0	0.0	0.0	0.0	0.0	0.0	0.0	0.0	0.0	0.0	0.0	0.0	0.0	0.0	0.0	0.0	0.0	0.0	0.0	0.0	0.0
2063.56634739027	11.765055071921324	138.4165208453417	4258306.0700816205	3021.8398694490133	-5.670743922183192	9131516.19659163	32.15733663097761	2243.4748381907807	12.875467671976368	165.77766777210852	5033179.34959515	2551.7628334252854	1633.5846450640502	1.170218	37.738407	0.3837843246424731	0.2762985477021877	-0.0630200186	-0.1167012417	-0.0365228769	0.0739119888	0.0027811043	0.0574074823	-0.0202862996	0.0551140539	-0.0195088364	0.0115302133	0.0036696385	0.0120388496	-0.1424842186	0.0054438999	-0.0577059679	0.0836544543	0.0312214644	0.0674847051	0.0419620021	-0.0203092642	-0.0243847296	-0.0416535175	0.0332017599	0.0107149893	-0.066348607	0.0119687311	0.0478362044	0.0523061827	-0.0402771243	-0.0061209426	-0.0609970817	0.0150956308	0.0741148514	-0.106197075	-0.1109608636	0.039245962	0.0032828258	-0.0097598246	0.0223229464	0.0460338972	0.0069428374	0.065365714	-0.0582058329	0.011697661	0.0346790168	0.038474175	0.045438657	-0.0575304287	-0.014385211	-0.0225013273	-0.0136549388	0.0317649958	-0.023150825	0.0464857621	0.0608694265	-0.0261504879	-0.0353052111	-0.0691672152	0.0355364705	0.008959769	-0.0507165039	0.0769663555	-0.0796832699	0.058036534	-0.0186447705	0.2791849433394162	0.008958007276405	0.077944232587433	8.024589436412493e-05	-0.2284290996071547	-0.0329189440414268	0.0521798535473354	0.0010836568768025	-3.691615440827839	0.2529502238094063	13.628024562958522	0.0639838157252287	-0.0241079045173897	-0.0015875568569058	2.520336773908624e-06	0.0005811910602195	0.0047279620007796	5.3866956355300144e-05	2.235362468081584e-05	2.90164898698381e-09	-0.0027999451917873	-0.0001377191770435	7.83969307701282e-06	1.896657172556643e-08	0.0	0.0	0.0	0.0	0.0	0.0	0.0	0.0	0.0	0.0	0.0	0.0	0.0	0.0	0.0	0.0	0.0	0.0	0.0	0.0	0.0	0.0	0.0	0.0	0.0	0.0	0.0	0.0	0.0	0.0	0.0	0.0	0.0	0.0	0.0	0.0	0.0	0.0	0.0	0.0	0.0	0.0	0.0	0.0	0.0	0.0	0.0	0.0	0.0	0.0	0.0	0.0	0.0	0.0	0.0	0.0	0.0	0.0	0.0	0.0	0.0	0.0	0.0	0.0	0.0	0.0	0.0	0.0	0.0	0.0	0.0	0.0	0.0	0.0	0.0	0.0	0.0	0.0	0.0	0.0	0.0	0.0	0.0	0.0	0.0	0.0	0.0	0.0	0.0	0.0	0.0	0.0	0.0	0.0	0.0	0.0	0.0	0.0	0.0	0.0	0.0	0.0	0.0	0.0
2064.440770589974	0.8744231997038696	0.7646159321803534	4261915.695274125	3021.078667891653	-0.7612015573604367	9126916.317590004	0.5794278109279543	2237.5105297534496	-5.964308437331056	35.57297513561842	5006453.370757563	2545.065793870079	1654.3812701944532	1.088354	35.098381	0.6824687306614805	0.4019183114470302	-0.1097610734	-0.1256365264	-0.0365171847	0.0422652164	-0.0369130475	0.0522612957	-0.0234026947	0.0673459647	-0.0138934122	-0.0450751782	0.0522384326	0.0500940003	-0.0683208486	0.0249716693	-0.0356765706	0.0918531662	-0.0336638322	0.0333128947	0.0291590451	0.0067171991	-0.0070381722	-0.0198028851	0.0403641692	0.0305658311	-0.0656171865	0.0414918936	0.0605757554	0.0210919582	-0.0521526705	0.0352243101	-0.0132983181	0.0197040952	0.027855249	-0.109121741	-0.1200185493	0.0543192922	-0.0179962737	-0.0250697726	-0.0065980963	0.0338437762	-0.0242105952	0.0586531349	0.0033090647	-0.005740237	0.1093338269	0.036697959	-0.0313426045	-0.0258357556	-0.0473169319	-0.0687558309	0.0517065122	-0.0086879405	-0.0083665892	0.0376052085	0.0318185322	0.0141676237	0.0750339955	-0.0696177779	0.0370681691	0.0064061583	-0.0479924649	0.0754344479	-0.0806444153	0.0620868871	-0.0252311319	0.3735610002397891	0.0943760569003729	0.1395478209001517	0.0089068401160624	-0.228529467245508	-0.0001003676383532	0.0522257173995157	1.00736628286142e-08	-3.614187493961815	0.0774279468660243	13.062351241509983	0.0059950869558878	-0.025359386742914	-0.0012514822255242	1.566207760803252e-06	0.0006430984959766	0.0116097798272509	0.0068818178264713	0.0001347869876372	4.735941659673817e-05	-0.0007219580586483	0.0020779871331389	5.212234384472222e-07	4.318030525491239e-06	0.0	0.0	0.0	0.0	0.0	0.0	0.0	0.0	0.0	0.0	0.0	0.0	0.0	0.0	0.0	0.0	0.0	0.0	0.0	0.0	0.0	0.0	0.0	0.0	0.0	0.0	0.0	0.0	0.0	0.0	0.0	0.0	0.0	0.0	0.0	0.0	0.0	0.0	0.0	0.0	0.0	0.0	0.0	0.0	0.0	0.0	0.0	0.0	0.0	0.0	0.0	0.0	0.0	0.0	0.0	0.0	0.0	0.0	0.0	0.0	0.0	0.0	0.0	0.0	0.0	0.0	0.0	0.0	0.0	0.0	0.0	0.0	0.0	0.0	0.0	0.0	0.0	0.0	0.0	0.0	0.0	1.0	0.0	0.0	0.0	0.0	0.0	0.0	0.0	0.0	0.0	0.0	0.0	0.0	0.0	0.0	0.0	0.0	0.0	0.0	0.0	0.0	0.0	0.0
2071.93934292564	7.4985723356662675	56.228587073219465	4292932.640763134	3001.417333984375	-19.66133390727782	9008506.012741871	386.5680510134726	2240.530528146983	3.019998393533569	9.12039029694534	5019977.047558599	2537.5770787357205	1660.1126674886525	0.984267	31.741673	0.3520497488695454	0.2268527596840108	-0.0934024868	-0.1167136519	-0.0344768134	0.0147568093	-0.0124065954	0.0374986655	-0.0590709083	-0.0170231927	-0.0633245713	-0.0273849576	0.0283917197	0.0476371976	-0.0743494825	0.0295971489	-0.0330241572	0.0672573134	-0.0331391677	0.0282432113	0.0271725048	0.0536610587	-0.0269895597	0.0311953712	0.0439762697	0.0456113969	-0.0544603676	-0.0323524114	0.0635861331	-0.0139020672	-0.0419240663	0.0497714184	-0.0029188147	0.0273867879	-0.0056324195	-0.0928011348	-0.1138982676	0.0698359187	-0.0010808018	-0.0602116769	-0.0037542352	0.0220595746	-0.0248276235	0.0463715254	0.0302448206	0.0425501507	0.1224160483	0.0555804615	-0.0178213513	0.0371655484	0.0464169803	-0.0912792494	-0.0071494002	-0.0161754854	0.0019387829	0.0299972197	-0.0326016624	0.0749399967	0.0462582972	-0.0700607062	0.0385836084	0.0038462256	-0.0451842308	0.0736957799	-0.081287294	0.0658037687	-0.0316405151	0.4641413349930303	0.0905803347532411	0.2154271788491123	0.0082047970440092	-0.2415946938531306	-0.0130652266076226	0.0583679960979878	0.0001707001463085	-3.603400098669482	0.0107873952923327	12.984492271091232	0.000116367897193	-0.0291884748234843	-0.0038290880805703	1.4661915528765556e-05	0.0008519670625211	0.0118432645227981	0.0002334846955472	0.0001402629145569	5.4515103054768924e-08	-3.2194990438823984e-05	0.0006897630682094	1.0365174093559676e-09	4.757730902657502e-07	0.0	0.0	0.0	0.0	0.0	0.0	0.0	0.0	0.0	0.0	0.0	0.0	0.0	0.0	0.0	0.0	0.0	0.0	0.0	0.0	0.0	0.0	0.0	0.0	0.0	0.0	0.0	0.0	0.0	0.0	0.0	0.0	0.0	0.0	0.0	0.0	0.0	0.0	0.0	0.0	0.0	0.0	0.0	0.0	0.0	0.0	0.0	0.0	0.0	0.0	0.0	0.0	0.0	0.0	0.0	0.0	0.0	0.0	0.0	0.0	0.0	0.0	0.0	0.0	0.0	0.0	0.0	0.0	0.0	0.0	0.0	0.0	0.0	0.0	0.0	0.0	0.0	0.0	0.0	0.0	0.0	0.0	0.0	0.0	0.0	0.0	0.0	0.0	0.0	0.0	0.0	0.0	0.0	0.0	0.0	0.0	0.0	0.0	0.0	0.0	0.0	0.0	0.0	0.0
2069.7632409973403	-2.176101928299886	4.735419602350482	4283919.873783814	3014.619618305407	13.20228432103204	9087931.443071838	174.3003112933684	2239.4744497852407	-1.0560783617424931	1.115301506140708	5015245.811240907	2543.65015902332	1647.2492350232	0.901142	29.060976	0.5421747108235573	0.2895983144890545	-0.0481018165	-0.1281019348	-0.0495090822	0.046783358	-0.0277574278	0.0296787677	-0.0184431462	-0.0337134444	-0.0982545985	-0.0833718041	0.0441750818	0.0196029802	-0.0410442363	0.0266506612	-0.0375026153	0.0534763772	-0.057277612	0.0509378368	0.0314909431	0.0476655942	-0.0178308164	0.0088264721	0.0509893412	0.026354373	-0.0554972389	-0.0571668588	0.0451482747	-0.0391640762	-0.0475697025	0.0485377373	-0.0148734026	0.0077336194	-0.013896688	-0.0906864258	-0.1109254956	0.0750203093	0.0019961112	-0.0369896068	0.0145838026	0.025799608	-0.0234288666	0.0391848339	0.0062128663	0.0073383503	0.0872044629	0.0767150231	0.0208989141	-0.0042616237	-0.0186979642	-0.0560730352	0.0117932267	0.0258032234	-0.0254539309	0.062142619	-0.0189566696	0.0047915016	0.0760690617	-0.0704959515	0.0400821236	0.0012824971	-0.0422967282	0.0717551168	-0.0816093689	0.0691672152	-0.0378279629	0.3882533254758584	-0.0758880095171719	0.1507406447430628	0.0057589899884783	-0.2421463559390844	-0.0005516620859538	0.0586348576945777	3.0433105707890657e-07	-3.7861875067708297	-0.1827874081013476	14.335215836427512	0.0334112365604086	-0.0274656132948649	0.0017228615286194	2.9682518467967785e-06	0.000754359913663	0.0087584001084182	-0.0030848644143799	7.670957245913992e-05	9.516388455107451e-06	-0.0008834216698212	-0.0008512266793823	7.804338467096774e-07	7.245868596923464e-07	0.0	0.0	0.0	0.0	0.0	0.0	0.0	0.0	0.0	0.0	0.0	0.0	0.0	0.0	0.0	0.0	0.0	0.0	0.0	0.0	0.0	0.0	0.0	0.0	0.0	0.0	0.0	0.0	0.0	0.0	0.0	0.0	0.0	0.0	0.0	0.0	0.0	0.0	0.0	0.0	0.0	0.0	0.0	0.0	0.0	0.0	0.0	0.0	0.0	0.0	0.0	0.0	0.0	0.0	0.0	0.0	0.0	0.0	0.0	0.0	0.0	0.0	0.0	0.0	0.0	0.0	0.0	0.0	0.0	0.0	0.0	0.0	0.0	0.0	0.0	0.0	0.0	0.0	0.0	0.0	0.0	0.0	1.0	0.0	0.0	0.0	0.0	0.0	0.0	0.0	0.0	0.0	0.0	0.0	0.0	0.0	0.0	0.0	0.0	0.0	0.0	0.0	0.0	0.0
2076.2611124032983	6.497871405957994	42.22233280836653	4310860.206878182	3019.944118138364	5.324499832956917	9120062.476678502	28.35029847115824	2246.0504324776784	6.575982692437719	43.24354837124044	5044742.545233167	2548.867960857841	1660.383478776303	0.790805	25.502703	0.231571823668728	0.1103064803013815	-0.0578970829	-0.116474463	-0.0449071712	0.0078940129	0.0057649703	0.041184268	-0.0182133244	-0.0101489189	-0.0647597336	-0.0373906117	-0.0018805922	0.0353005517	-0.1009885738	0.0077798103	-0.0345077565	0.051119072	-0.0168011623	0.0433390025	0.051589544	0.0478597152	-0.0246516845	0.014882875	-0.0068778741	0.0146277716	-0.0538969102	-0.0385715685	0.0421467563	-0.0099266154	-0.059081853	0.0472513273	-0.0281125918	0.0144507167	0.0123794185	-0.0769719696	-0.1052481742	0.0732186578	0.0255219976	-0.0477092492	0.0027855026	0.0098063742	-0.0240689675	0.0265321406	0.0095052976	0.041512823	0.0875453309	0.0463033541	-0.027946434	-0.0372505603	0.0137365008	-0.0832839284	-0.0198048677	-0.0117274524	-0.0117391885	0.0337372635	-0.0264203074	0.0252094346	0.0240064159	-0.0709234662	0.0415630576	-0.0012824971	-0.0393350228	0.0696177779	-0.0816093689	0.0721591615	-0.0437500746	0.3457601992725472	-0.0424931262033111	0.1195501154009915	0.0018056657745305	-0.2451700945260881	-0.0030237385870036	0.0601083752499309	9.142995042535094e-06	-3.7252831107758766	0.0609043959949531	13.877734255431992	0.00370934545151	-0.0289050297454859	-0.001439416450621	2.0719197183183613e-06	0.0008355007445874	0.0078241189970975	-0.0009342811113206	6.121683808074199e-05	8.728811949706413e-07	-0.0007541079740937	0.0001293136957275	5.686788365917044e-07	1.6722031902704468e-08	0.0	0.0	0.0	0.0	0.0	0.0	0.0	0.0	0.0	0.0	0.0	0.0	0.0	0.0	0.0	0.0	0.0	0.0	0.0	0.0	0.0	0.0	0.0	0.0	0.0	0.0	0.0	0.0	0.0	0.0	0.0	0.0	0.0	0.0	0.0	0.0	0.0	0.0	0.0	0.0	0.0	0.0	0.0	0.0	0.0	0.0	0.0	0.0	0.0	0.0	0.0	0.0	0.0	0.0	0.0	0.0	0.0	0.0	0.0	0.0	0.0	0.0	0.0	0.0	0.0	0.0	0.0	0.0	0.0	0.0	0.0	0.0	0.0	0.0	0.0	0.0	0.0	0.0	0.0	0.0	0.0	0.0	0.0	0.0	0.0	0.0	0.0	0.0	0.0	0.0	0.0	0.0	0.0	0.0	0.0	0.0	0.0	0.0	0.0	0.0	0.0	0.0	0.0	0.0
2072.74834581026	-3.5127665930381227	12.33952913716466	4296285.70505917	2998.8584010074014	-21.08571713096262	8993151.709292669	444.6074669269706	2238.99429493033	-7.056137547348499	49.78907708710128	5013095.452730565	2531.8543931667177	1670.2521372235688	0.738369	23.811697	0.2551381521230361	0.1204613554222048	-0.0526852498	-0.1049986433	-0.03392619	-0.0009062774	0.0080382283	0.0478961407	-0.071724801	0.0337364155	-0.0547425275	-0.0532330926	0.0220405987	0.0752941873	-0.0360498481	0.033867785	-0.0131827271	0.0387048293	-0.0238439848	-0.001221933	0.0141451597	-0.0156423669	-0.0138368281	0.0429609198	-0.0068984344	0.0615244747	-0.0534674822	0.021817169	0.0711107827	-0.0272861713	-0.0474146517	0.032380748	0.031418789	-0.0283883401	-0.0270506194	-0.0704746437	-0.0890833412	0.0536663135	0.0305733854	-0.0396866805	-0.012601335	-0.0103432354	-0.0180874833	0.03302558	0.0233867316	0.0447553372	0.0878628846	0.0273956553	-0.0317712786	-0.0276019505	-0.0001704177	-0.0422460547	-0.0042222673	0.012070083	-0.032638005	0.0071555784	-0.0328748549	-0.005977235	0.0213939873	-0.0713432033	0.0430257605	-0.0038462256	-0.0363043104	0.0672896215	-0.081287294	0.0747635377	-0.049365311	0.3273619668770777	-0.0183982323954695	0.1071658573576289	0.0003384949552777	-0.232450501506392	0.0127195930196961	0.0540332356505731	0.0001617880465867	-3.639928941644726	0.0853541691311505	13.249082700222896	0.007285334188069	-0.0297170484337984	-0.0008120186883124	6.593743501687505e-07	0.0008831029676167	0.0060709881219394	-0.0017531308751581	3.685689677672928e-05	3.073467865432605e-06	-0.0005459343860299	0.0002081735880638	2.980443538498439e-07	4.3336242767356697e-08	0.0	0.0	0.0	0.0	0.0	0.0	0.0	0.0	0.0	0.0	0.0	0.0	0.0	0.0	0.0	0.0	0.0	0.0	0.0	0.0	0.0	0.0	0.0	0.0	0.0	0.0	0.0	0.0	0.0	0.0	0.0	0.0	0.0	0.0	0.0	0.0	0.0	0.0	0.0	0.0	0.0	0.0	0.0	0.0	0.0	0.0	0.0	0.0	0.0	0.0	0.0	0.0	0.0	0.0	0.0	0.0	0.0	0.0	0.0	0.0	0.0	0.0	0.0	0.0	0.0	0.0	0.0	0.0	0.0	0.0	0.0	0.0	0.0	0.0	0.0	0.0	0.0	0.0	0.0	0.0	0.0	0.0	0.0	0.0	0.0	0.0	0.0	0.0	0.0	0.0	0.0	0.0	0.0	0.0	0.0	0.0	0.0	0.0	0.0	0.0	0.0	0.0	0.0	0.0
2078.1899924608706	5.441646650610437	29.61151827009979	4318873.644764514	3024.44325625771	25.584855250308465	9147257.01032274	654.5848181792367	2246.674274130817	7.679979200487196	58.982080519915954	5047545.294041234	2547.7790755995093	1660.9726860898834	0.7327139999999999	23.629345	0.2858159688702177	0.1675261125778083	-0.0551018889	-0.0802630638	-0.038029094	-0.0323503538	0.0156827778	0.050586306	-0.0017100877	-0.0353555402	-0.0703455031	-0.039464423	0.0327860154	0.0328019402	-0.0351157791	0.009800611	-0.0161420036	0.0435149776	-0.0107402139	-0.0238147047	0.0229763058	0.0404447446	0.0022949837	0.0440620599	-0.0037499246	0.0139214192	-0.0424446785	-0.0559263898	0.0486147031	-0.0237780707	-0.0121550556	0.0565115913	-0.0118669463	0.0299801762	-0.0546803032	-0.051256969	-0.0691525715	0.0460613394	0.0391352366	-0.0581090537	-0.0269016937	-0.0328383194	-0.0228925709	0.0264502654	0.0473698582	0.0719099984	0.094386234	-0.0017610935	-0.044933584	-0.039520349	0.0175202597	-0.0428741464	-0.0041927609	0.041128141	-0.0531639271	-0.01106954	-0.0544965606	0.0027343655	0.0141909085	-0.0717551168	0.044469591	-0.0064061583	-0.0332099078	0.064777029	-0.0806444153	0.0769663555	-0.0546342852	0.3158906555696603	-0.0114713113074174	0.0997869062762297	0.0001315909831116	-0.2611294975314564	-0.0286789960250644	0.0681886144810309	0.0008224848130056	-3.6070166252065903	0.0329123164381357	13.01056893451674	0.0010832205733239	-0.0324900809688865	-0.0027730325350881	7.689709440657156e-06	0.0010556053613648	0.0049990470331802	-0.0010719410887591	2.499047123994776e-05	1.149057697770258e-06	-0.0001358411078852	0.0004100932781446	1.8452806591478545e-08	1.6817649677946625e-07	0.0	0.0	0.0	0.0	0.0	0.0	0.0	0.0	0.0	0.0	0.0	0.0	0.0	0.0	0.0	0.0	0.0	0.0	0.0	0.0	0.0	0.0	0.0	0.0	0.0	0.0	0.0	0.0	0.0	0.0	0.0	0.0	0.0	0.0	0.0	0.0	0.0	0.0	0.0	0.0	0.0	0.0	0.0	0.0	0.0	0.0	0.0	0.0	0.0	0.0	0.0	0.0	0.0	0.0	0.0	0.0	0.0	0.0	0.0	0.0	0.0	0.0	0.0	0.0	0.0	0.0	0.0	0.0	0.0	0.0	0.0	0.0	0.0	0.0	0.0	0.0	0.0	0.0	0.0	0.0	0.0	0.0	0.0	0.0	0.0	0.0	0.0	0.0	0.0	0.0	0.0	0.0	0.0	0.0	0.0	0.0	0.0	0.0	0.0	0.0	0.0	0.0	0.0	0.0
2074.650801474956	-3.5391909859145017	12.525872834778465	4304175.948060677	3015.24505390368	-9.198202354029943	9091702.735090606	84.60692654568203	2240.825480143229	-5.848793987588124	34.20839110924699	5021298.832459133	2540.373682488848	1671.361791800387	0.784146	25.287968	0.274490414864914	0.1892980542973046	-0.0001418346	-0.0826729546	-0.0511791285	-0.0063602259	-0.003620643	0.0383952335	-0.0196775728	-0.0369220146	-0.0815105533	-0.0845818877	0.0016744474	0.0084291489	-0.0005510793	0.016859839	-0.0026830287	0.0322752742	-0.0162143847	0.0245806165	0.0049183352	0.0295297881	-0.024389138	0.0561537247	-0.0230530307	0.0273977422	-0.0254214808	-0.057661491	0.024918838	-0.0676470673	-0.0308252809	0.0459765021	0.0002192096	0.0046043294	-0.0259644049	-0.034656849	-0.0590851189	0.0701066018	0.0398206034	-0.0457183714	0.0102195814	-0.0138570174	-0.024279572	0.0020540556	0.0562217022	0.0592094522	0.0843676672	-0.0044460177	-0.0588724563	-0.0350746426	-0.0076742444	-0.0518409551	0.0200409155	0.0210215903	-0.0528813457	0.0376668808	-0.0531312248	-0.0331301119	0.0090869822	-0.0721591615	0.0458939156	-0.008959769	-0.0300572439	0.0620868871	-0.0796832699	0.0787557834	-0.0595200392	0.3264851904321943	0.010594534862534	0.1065925795715461	0.0001122441689534	-0.262056501222446	-0.0009270036909895	0.0686736098329498	8.593358431083059e-07	-3.785410820282401	-0.1783941950758105	14.32933507831108	0.0318244888367463	-0.0336856451820855	-0.0011955642131989	1.4293737878821352e-06	0.0011347226913333	0.0047523543965757	-0.0002466926366045	2.2584872310652384e-05	6.08572569548802e-08	-0.0003850778827933	-0.0002492367749081	1.482849758165705e-07	6.21189699665909e-08	0.0	0.0	0.0	0.0	0.0	0.0	0.0	0.0	0.0	0.0	0.0	0.0	0.0	0.0	0.0	0.0	0.0	0.0	0.0	0.0	0.0	0.0	0.0	0.0	0.0	0.0	0.0	0.0	0.0	0.0	0.0	0.0	0.0	0.0	0.0	0.0	0.0	0.0	0.0	0.0	0.0	0.0	0.0	0.0	0.0	0.0	0.0	0.0	0.0	0.0	0.0	0.0	0.0	0.0	0.0	0.0	0.0	0.0	0.0	0.0	0.0	0.0	0.0	0.0	0.0	0.0	0.0	0.0	0.0	0.0	0.0	0.0	0.0	0.0	0.0	0.0	0.0	0.0	0.0	0.0	0.0	0.0	0.0	0.0	0.0	0.0	0.0	0.0	0.0	0.0	0.0	0.0	0.0	0.0	0.0	0.0	0.0	0.0	0.0	0.0	0.0	0.0	0.0	0.0
2079.0887175150933	4.437916040137225	19.695098779307266	4322609.895298556	3019.775573087993	4.530519184313107	9119044.511818916	20.5256040794291	2243.467796688988	2.6423165457590585	6.981836727992083	5033147.754780543	2548.5576099960467	1651.8909074325136	0.770883	24.860241	0.2033614238488885	0.105180724161593	0.0045067544	-0.0730092918	-0.0565821435	0.0004121254	-0.0022251356	0.0344335845	-0.013495044	-0.0236938337	-0.0298573914	-0.0225491638	-0.028178146	-0.0104018157	-0.0472437778	0.0138569111	0.0005739683	0.0591737022	0.0002740996	0.0329236082	0.0006543737	0.0416026374	-0.0229684329	0.0459719791	-0.0361327815	0.0105686413	-0.0243375789	-0.0384905623	0.0234827631	-0.027671052	-0.0217785812	0.037677992	-0.041154404	0.0003714073	0.0162600947	-0.0251653837	-0.0507938793	0.0755114924	0.0586865394	-0.0433782323	0.0291028877	0.0026907342	-0.0210809695	-0.0090040161	0.0436244152	0.0709342807	0.0629357417	0.0005528325	-0.0461359028	-0.0493668781	0.0188396657	-0.0706453714	-0.0299723008	0.0084020738	-0.0073604186	0.0232928124	-0.0550120948	0.0090187571	-0.0092894276	-0.0725552932	0.0472981097	-0.0115045374	-0.0268518493	0.0592265694	-0.0784076511	0.0801222105	-0.0639883028	0.2571300263727352	-0.0693551640594591	0.0661158504624434	0.0048101387817144	-0.2701831832960693	-0.0081266820736232	0.0729989525359973	6.604296152574981e-05	-3.816953386235952	-0.031542565953551	14.5691331526981	0.0009949334669341	-0.0341228327786766	-0.0004371875965911	1.911329946131037e-07	0.0011643677168415	0.0049779217933367	0.000225567396761	2.4779705380576467e-05	5.0880650481534497e-08	-0.0016090631246863	-0.001223985241893	2.5890841392252397e-06	1.4981398723718656e-06	0.0	0.0	0.0	0.0	0.0	0.0	0.0	0.0	0.0	0.0	0.0	0.0	0.0	0.0	0.0	0.0	0.0	0.0	0.0	0.0	0.0	0.0	0.0	0.0	0.0	0.0	0.0	0.0	0.0	0.0	0.0	0.0	0.0	0.0	0.0	0.0	0.0	0.0	0.0	0.0	0.0	0.0	0.0	0.0	0.0	0.0	0.0	0.0	0.0	0.0	0.0	0.0	0.0	0.0	0.0	0.0	0.0	0.0	0.0	0.0	0.0	0.0	0.0	0.0	0.0	0.0	0.0	0.0	0.0	0.0	0.0	0.0	0.0	0.0	0.0	0.0	0.0	0.0	0.0	0.0	0.0	0.0	0.0	0.0	0.0	0.0	0.0	0.0	0.0	0.0	0.0	0.0	0.0	0.0	0.0	0.0	0.0	0.0	0.0	0.0	0.0	0.0	0.0	0.0
2070.161708745118	-8.927008769975146	79.69148557921316	4285569.500354508	2974.264844071238	-45.51072901675525	8846251.362678105	2071.226455636528	2230.202468673904	-13.265328015083924	175.9689273477704	4973803.051279176	2515.824546606519	1658.2785036140317	1.147624	37.009789	0.5138864103635525	0.297685489963186	0.0283676786	-0.0830145293	-0.0249407642	0.0572898984	0.0125768781	0.0375714154	-0.1143013602	-0.0221234536	-0.0294808629	-0.1028073394	0.0100671943	-0.027779831	0.0181875385	0.050348022	0.0202835191	0.0512784216	-0.0016949604	0.070973821	-0.0044604164	0.0012545591	0.0270194027	0.0337663394	-0.0235619367	0.0915742416	0.0182529929	-0.0098582703	0.0694296752	-0.1031696313	-0.0721507669	-0.0141874775	0.02370571	0.0110379451	0.0025989626	-0.0271456454	-0.0649276865	0.0562815712	0.066278408	-0.0039379573	0.0269479712	0.0293618189	-0.0288464107	0.0296178232	0.0146258855	0.0562094873	0.006043941	0.0982207464	0.0396832934	-0.0493792987	-0.0299330879	0.0491587599	0.0160861565	-0.0352194357	0.036030036	-0.0205155966	-0.0063925278	-0.052442709	0.031574481	-0.0729434684	0.0486815572	-0.0140379523	-0.0235993474	0.0562039158	-0.0768225931	0.0810582975	-0.0680077345	0.1786167453118281	-0.078513281060907	0.0319039417057904	0.0061643353029489	-0.2012550968393185	0.0689280864567507	0.0405036140038034	0.0047510811025893	-3.8848004453478415	-0.0678470591118896	15.091674500174788	0.0046032234301322	-0.029662456598318	0.0044603761803586	1.9894955670310387e-05	0.000879861331447	0.0050868101978904	0.0001088884045537	2.587563798936177e-05	1.1856684646250262e-08	-0.0030117582144541	-0.0014026950897678	9.070687542331747e-06	1.967553514858697e-06	0.0	0.0	0.0	0.0	0.0	0.0	0.0	0.0	0.0	0.0	0.0	0.0	0.0	0.0	0.0	0.0	0.0	0.0	0.0	0.0	0.0	0.0	0.0	0.0	0.0	0.0	0.0	0.0	0.0	0.0	0.0	0.0	0.0	0.0	0.0	0.0	0.0	0.0	0.0	0.0	0.0	0.0	0.0	0.0	0.0	0.0	0.0	0.0	0.0	0.0	0.0	0.0	0.0	0.0	0.0	0.0	0.0	0.0	0.0	0.0	0.0	0.0	0.0	0.0	0.0	0.0	0.0	0.0	0.0	0.0	0.0	0.0	0.0	0.0	0.0	0.0	0.0	0.0	0.0	0.0	0.0	0.0	0.0	1.0	0.0	0.0	0.0	0.0	0.0	0.0	0.0	0.0	0.0	0.0	0.0	0.0	0.0	0.0	0.0	0.0	0.0	0.0	0.0	0.0
2089.9103967927485	19.748688047630367	390.0106796026185	4367725.466622423	3029.0214284796466	54.7565844084088	9174970.81418888	2998.2835360751974	2252.2317148183847	22.029246144480567	485.28768569411193	5072547.697233762	2553.441122464183	1696.946256558722	1.190709	38.399239	0.4405283371875866	0.2107014754978739	0.0234030457	-0.0425813273	-0.019213794	-0.0356229183	0.0714563689	0.0378476838	0.0005510739	-0.0169525629	0.0047898915	-0.0539038855	-0.0028607314	0.0412628535	-0.009645807	-0.0024180136	-0.0043152705	0.0546230412	0.0287852889	-0.0250864404	-0.0231218326	0.021928409	-0.0018263819	0.0158351336	-0.003967548	0.0033712118	-0.0055498444	0.0001739336	0.0324874788	-0.0275796395	0.0203926218	0.0314967149	-0.0163519858	0.0459467938	-0.0444952742	-0.0044245419	-0.0368981246	0.0410745613	0.084694329	-0.0103478504	0.0005705985	-0.0156867984	-0.0462273952	-0.009459838	0.0427584104	0.0979256427	0.0086196262	0.0351418095	-0.0329746303	-0.0629031989	-0.0135596416	0.0481836862	-0.0112862617	-0.0762704589	0.0190992036	-0.0544166427	-0.0296582608	-0.0576053481	-0.0259653876	-0.0733236445	0.0500436514	-0.0165575133	-0.0203054443	0.0530272111	-0.0749343514	0.0815590168	-0.0715501408	0.1011005454606106	-0.0775161998512175	0.0102213202924329	0.0060087612393738	-0.2659136473128427	-0.0646585504735242	0.0707100678272189	0.0041807281493372	-3.7945470425743215	0.09025340277352	14.39858725830953	0.0081456767121992	-0.0324149239801625	-0.0027524673818444	7.576076688117908e-06	0.0010507272966397	0.0038460954083912	-0.0012407147894992	1.4792449890447872e-05	1.539373188882044e-06	-0.0028429367040113	0.0001688215104428	8.082289103014635e-06	2.8500702388188433e-08	0.0	0.0	0.0	0.0	0.0	0.0	0.0	0.0	0.0	0.0	0.0	0.0	0.0	0.0	0.0	0.0	0.0	0.0	0.0	0.0	0.0	0.0	0.0	0.0	0.0	0.0	0.0	0.0	0.0	0.0	0.0	0.0	0.0	0.0	0.0	0.0	0.0	0.0	0.0	0.0	0.0	0.0	0.0	0.0	0.0	0.0	0.0	0.0	0.0	0.0	0.0	0.0	0.0	0.0	0.0	0.0	0.0	0.0	0.0	0.0	0.0	0.0	0.0	0.0	0.0	0.0	0.0	0.0	0.0	0.0	0.0	0.0	0.0	0.0	0.0	0.0	0.0	0.0	0.0	0.0	0.0	0.0	0.0	0.0	0.0	0.0	0.0	0.0	0.0	0.0	0.0	0.0	0.0	0.0	0.0	0.0	0.0	0.0	0.0	0.0	0.0	0.0	0.0	0.0
2088.24059245352	-1.669804339228449	2.788246531306157	4360748.771970629	3046.306556781969	17.28512830232239	9279983.637892816	298.7756604277466	2243.455172716281	-8.776542102103576	77.02769126999667	5033091.111987439	2561.7874381535003	1682.0360333661126	1.181811	38.112289	0.7156920303243093	0.4406895239248166	0.1062658301	0.00540855	-0.0080806694	0.0293072216	-0.036365541	0.0290910552	0.0596921773	-0.0539940558	-0.0008957702	-0.0116611032	-0.0551158324	-0.0677365216	0.0238866095	0.0047642627	0.0317789641	0.0042746263	0.0265129571	0.0571759104	-0.0076666603	0.0133158579	0.0153515676	0.0278561545	0.0308251537	-0.0341402559	0.0401600019	-0.0643128007	-0.060903008	-0.0104430284	0.0369816614	0.0185272904	-0.0930796155	-0.0177282109	0.0294540129	0.0433073389	0.013432096	0.0526943734	0.0701778477	-0.008462906	0.0807249548	0.0304917099	-0.0199997678	0.0013077482	0.066594385	0.0892142048	0.0451421624	-0.0663345693	-0.07311434	-0.0227945707	-0.0013076263	0.0285656753	0.0202355733	-0.0172553217	0.036607945	0.0092682448	-0.037467726	-0.0389965799	0.0130239587	-0.0736957799	0.0513837948	-0.0190607341	-0.0169759185	0.0497051625	-0.0727503781	0.0816216788	-0.0745906743	0.1113851996706216	0.0102846542100109	0.0124066627056642	0.0001057741122194	-0.2849335595653599	-0.0190199122525171	0.0811871333665864	0.0003617570620934	-4.014913979125097	-0.2203669365507758	16.119534259774124	0.0485615867247736	-0.0391860656740449	-0.0067711416938824	4.584835983863268e-05	0.0015355477430105	0.0017848146072922	-0.002061280801099	3.1855631824036105e-06	4.248878540979335e-06	-0.0023549486527726	0.0004879880512387	5.545783157195483e-06	2.381323381517444e-07	0.0	0.0	0.0	0.0	0.0	0.0	0.0	0.0	0.0	0.0	0.0	0.0	0.0	0.0	0.0	0.0	0.0	0.0	0.0	0.0	0.0	0.0	0.0	0.0	0.0	0.0	0.0	0.0	0.0	0.0	0.0	0.0	0.0	0.0	0.0	0.0	0.0	0.0	0.0	0.0	0.0	0.0	0.0	0.0	0.0	0.0	0.0	0.0	0.0	0.0	0.0	0.0	0.0	0.0	0.0	0.0	0.0	0.0	0.0	0.0	0.0	0.0	0.0	0.0	0.0	0.0	0.0	0.0	0.0	0.0	0.0	0.0	0.0	0.0	0.0	0.0	0.0	0.0	0.0	0.0	0.0	0.0	0.0	0.0	1.0	0.0	0.0	0.0	0.0	0.0	0.0	0.0	0.0	0.0	0.0	0.0	0.0	0.0	0.0	0.0	0.0	0.0	0.0	0.0
2089.209989398256	0.9693969447357632	0.939730436463032	4364798.379801461	3028.023870528372	-18.28268625359715	9168928.560489625	334.25661664747014	2249.580353443757	6.125180727475708	37.51783894423985	5060611.766600138	2552.946383473376	1679.4845665446874	0.767846	24.762287	0.2612007337934872	0.1778321455082919	0.1233428069	-0.0093310032	-0.013601	0.0683158223	-0.0334349847	0.0527661227	0.0113347373	-0.0085702238	-0.0260500974	-0.0812040449	-0.0323807317	-0.0374699183	0.0233349848	-0.0204079257	0.0331922736	0.0025562742	0.0267395356	0.0442235819	-0.0054460083	0.0145916276	-0.0173207569	-0.0031146714	0.0356908232	-0.0088580481	0.0236225899	-0.0111347707	-0.0279045018	-0.0671959093	-0.001665085	0.0105511682	-0.0432049937	-0.0235299282	0.0481610068	0.0447893182	0.0062943231	0.0668207416	0.0711120702	0.0174978266	0.0878613554	0.05448347	-0.0089209299	0.0110107717	0.0507177435	0.0608278434	0.0314431224	-0.0704828025	-0.0710249812	-0.013327019	-0.0082363554	0.0288935397	-0.0150814019	-0.0203671902	0.0413665055	0.0008147492	-0.047195362	-0.0238730727	0.0172666914	-0.0740598336	0.0527013995	-0.0215451443	-0.0136166111	0.0462468756	-0.0702792922	0.0812459471	-0.0771080077	0.1134474634317541	0.0020622637611324	0.0128703269590991	4.252931820480361e-06	-0.2781113888481741	0.0068221707171857	0.0773459446070603	4.6542013294427024e-05	-4.161464747424496	-0.1465507682993987	17.317788844056825	0.021477127689144	-0.0383572334973002	0.0008288321767447	6.869627772073638e-07	0.0014712773615664	0.0006642197949295	-0.0011205948123627	4.411879359761872e-07	1.255732733494195e-06	-0.0021890650215646	0.0001658836312079	4.792005668637623e-06	2.75173791027517e-08	0.0	0.0	0.0	0.0	0.0	0.0	0.0	0.0	0.0	0.0	0.0	0.0	0.0	0.0	0.0	0.0	0.0	0.0	0.0	0.0	0.0	0.0	0.0	0.0	0.0	0.0	0.0	0.0	0.0	0.0	0.0	0.0	0.0	0.0	0.0	0.0	0.0	0.0	0.0	0.0	0.0	0.0	0.0	0.0	0.0	0.0	0.0	0.0	0.0	0.0	0.0	0.0	0.0	0.0	0.0	0.0	0.0	0.0	0.0	0.0	0.0	0.0	0.0	0.0	0.0	0.0	0.0	0.0	0.0	0.0	0.0	0.0	0.0	0.0	0.0	0.0	0.0	0.0	0.0	0.0	0.0	0.0	0.0	0.0	0.0	0.0	0.0	0.0	0.0	0.0	0.0	0.0	0.0	0.0	0.0	0.0	0.0	0.0	0.0	0.0	0.0	0.0	0.0	0.0
2077.896001099538	-11.31398829871796	128.0063312235269	4317651.79138545	3000.451283023232	-27.57258750513984	9002707.90179576	760.2475817285934	2237.848709436722	-11.731644007034902	137.63147110779792	5007966.846327602	2535.847398464053	1692.0307076225067	0.937315	30.227528	0.373648574490765	0.1777287018418211	0.1228394606	0.0066570453	0.000563436	0.0393724398	0.0243040218	0.0528699434	-0.0502918689	-0.0097501087	0.0520840644	-0.0830424233	-0.0017469423	0.0431899656	0.0097089859	0.0194855686	0.0416204075	0.0224049259	0.0371987312	0.0688383075	-0.0093038449	0.0284603205	0.015526368	0.0043770194	-0.0101398256	0.0333063567	0.0374465894	0.0242734803	0.0175817633	-0.0939676501	-0.0057466969	0.0041098689	-0.0181175578	0.0019537919	0.0101567152	0.041716209	0.0047945052	0.049116437	0.08652952	0.034813673	0.0675807558	0.052851123	-0.0109342715	0.0088064428	0.0434432873	0.0667424943	-0.0108247348	-0.0515794056	-0.052135038	-0.0200996633	0.0178523533	0.0415544843	0.008104866	-0.0515842295	0.0539702926	-0.0253252666	-0.0213603352	-0.073485316	-0.0415825969	-0.0744157659	0.0539958877	-0.024008292	-0.0102334157	0.0426618292	-0.0675308461	0.0804338397	-0.0790844839	0.0699693459380341	-0.04347811749372	0.0048957093709962	0.0018903467007977	-0.2697837015969071	0.0083276872512669	0.072783245647329	6.935037495491459e-05	-4.044074085243743	0.1173906621807532	16.354535206940017	0.0137805675672357	-0.0361771574962065	0.0021800760010936	4.752731370544687e-06	0.0013087867245053	-0.0004639457641273	-0.0011281655590568	2.152456720516643e-07	1.272757528641942e-06	-0.0029698656127146	-0.0007808005911499	8.820101757584665e-06	6.096495631401894e-07	0.0	0.0	0.0	0.0	0.0	0.0	0.0	0.0	0.0	0.0	0.0	0.0	0.0	0.0	0.0	0.0	0.0	0.0	0.0	0.0	0.0	0.0	0.0	0.0	0.0	0.0	0.0	0.0	0.0	0.0	0.0	0.0	0.0	0.0	0.0	0.0	0.0	0.0	0.0	0.0	0.0	0.0	0.0	0.0	0.0	0.0	0.0	0.0	0.0	0.0	0.0	0.0	0.0	0.0	0.0	0.0	0.0	0.0	0.0	0.0	0.0	0.0	0.0	0.0	0.0	0.0	0.0	0.0	0.0	0.0	0.0	0.0	0.0	0.0	0.0	0.0	0.0	0.0	0.0	0.0	0.0	0.0	0.0	0.0	0.0	0.0	0.0	0.0	0.0	0.0	0.0	0.0	0.0	0.0	0.0	0.0	0.0	0.0	0.0	0.0	0.0	0.0	0.0	0.0
2076.341527302189	-1.5544737973486915	2.4163887866436617	4311194.137999588	3010.360173596834	9.908890573602092	9062268.374777962	98.18611239962044	2249.5591438590704	11.7104344223485	137.1342743601246	5060516.341719954	2542.4633232185847	1673.8085653273088	1.223809	39.466671	0.8931764838262914	0.4433096610506514	0.0708649573	0.0193449181	0.0055434699	0.0078291987	0.0311842478	0.0452796319	-0.0376892589	0.0122082999	0.0601938208	-0.075232227	-0.0479517977	-0.0165322705	0.0150519769	-0.0073092651	0.0414841431	-0.0320236971	0.0522139635	-0.0161778484	0.0044488023	0.0449574237	0.0535631917	0.0916475186	0.0496758211	0.0218319615	0.0695989747	0.0386656404	0.0099765203	-0.0677990061	-0.0107892488	-0.01738098	0.0082359641	-0.0082928642	-0.1004163002	0.0427971927	0.0135167988	-0.0057456192	0.0911467785	0.0141816873	0.007149137	-0.0167252194	-0.0202045499	0.0138393651	0.0129745303	0.0436830435	-0.0542642659	0.0570487485	0.0923682563	0.0472961005	0.0027051273	0.1831138175	0.091373562	0.0326031196	0.0415060545	-0.142726291	0.0023017858	-0.0329632284	0.0184491211	-0.0747635377	0.0552666915	-0.0264477464	-0.0068322673	0.0389598496	-0.0645158866	0.0791897184	-0.0805062393	-0.1151951208894388	-0.1851644668274729	0.0132699158767324	0.0342858797755023	-0.2611460251696513	0.0086376764272558	0.0681972464619081	7.460945406197096e-05	-3.861802660114165	0.1822714251295778	14.91351978566484	0.0332228724187673	-0.0331718926640591	0.0030052648321474	9.03161671134194e-06	0.0011003744629158	-0.0021283107362337	-0.0016643649721064	4.529706589967634e-06	2.7701107603747376e-06	-0.0086422941173005	-0.0056724285045858	7.468924760992681e-05	3.217644513963862e-05	0.0	0.0	0.0	0.0	0.0	0.0	0.0	0.0	0.0	0.0	0.0	0.0	0.0	0.0	0.0	0.0	0.0	0.0	0.0	0.0	0.0	0.0	0.0	0.0	0.0	0.0	0.0	0.0	0.0	0.0	0.0	0.0	0.0	0.0	0.0	0.0	0.0	0.0	0.0	0.0	0.0	0.0	0.0	0.0	0.0	0.0	0.0	0.0	0.0	0.0	0.0	0.0	0.0	0.0	0.0	0.0	0.0	0.0	0.0	0.0	0.0	0.0	0.0	0.0	0.0	0.0	0.0	0.0	0.0	0.0	0.0	0.0	0.0	0.0	0.0	0.0	0.0	0.0	0.0	0.0	0.0	0.0	0.0	0.0	0.0	1.0	0.0	0.0	0.0	0.0	0.0	0.0	0.0	0.0	0.0	0.0	0.0	0.0	0.0	0.0	0.0	0.0	0.0	0.0
2095.4224737935688	19.080946491379564	364.0825190068901	4390795.343679159	3047.085916940789	36.72574334395495	9284732.58521889	1348.780224166051	2257.3851862655574	7.826042406486977	61.24693974813247	5095787.879171185	2561.8499263521408	1687.6534077223453	1.228612	39.621582	0.5347052354660387	0.2833185511680579	0.1072993283	0.0495949585	-0.0005330695	-0.0171178388	0.0048869855	0.0244603054	0.0503438505	-0.0457452616	-0.0358397192	-0.1126545436	0.0515811365	-0.0655930164	0.0092858381	-0.033921138	0.0515318073	-0.0383313301	0.016313654	-0.056384315	-0.033143266	0.0231532405	0.0386526325	0.0428542837	0.0571786849	-0.03379549	0.0492728768	-0.0318827541	-0.0140886951	-0.0895455174	-0.0504946357	-0.0149625972	0.0144819504	0.0123863062	-0.0747269997	0.0758653706	0.0494470468	0.0033650367	0.0777880919	0.0134459941	0.020418624	-0.0188386582	-0.0145235399	0.0003184982	0.0256060837	0.002495321	-0.0362295456	-0.0230603974	-0.0133829995	0.0396339721	-0.0194063634	0.1156724955	0.0581961729	-0.0056118715	0.0086994415	-0.0967516388	-0.0106834816	-0.0354690586	0.0257394465	-0.0751031108	0.0565132535	-0.0288611001	-0.0034191328	0.0351510839	-0.0612463124	0.0775202656	-0.0813633012	-0.1082724389478073	0.0069226819416314	0.0117229210357066	4.7923525264990806e-05	-0.287001413479274	-0.0258553883096226	0.0823698113391011	0.0006685011046413	-4.026475580540279	-0.1646729204261143	16.21250560068718	0.0271171707216653	-0.0370285756100627	-0.0038566829460036	1.4874003345995022e-05	0.0013711154117101	-0.0037509925602365	-0.0016226818240028	1.4069945186949572e-05	2.6330963019490537e-06	-0.0099080142430675	-0.001265720125767	9.816874624082843e-05	1.602047436771632e-06	0.0	0.0	0.0	0.0	0.0	0.0	0.0	0.0	0.0	0.0	0.0	0.0	0.0	0.0	0.0	0.0	0.0	0.0	0.0	0.0	0.0	0.0	0.0	0.0	0.0	0.0	0.0	0.0	0.0	0.0	0.0	0.0	0.0	0.0	0.0	0.0	0.0	0.0	0.0	0.0	0.0	0.0	0.0	0.0	0.0	0.0	0.0	0.0	0.0	0.0	0.0	0.0	0.0	0.0	0.0	0.0	0.0	0.0	0.0	0.0	0.0	0.0	0.0	0.0	0.0	0.0	0.0	0.0	0.0	0.0	0.0	0.0	0.0	0.0	0.0	0.0	0.0	0.0	0.0	0.0	0.0	0.0	0.0	0.0	0.0	0.0	1.0	0.0	0.0	0.0	0.0	0.0	0.0	0.0	0.0	0.0	0.0	0.0	0.0	0.0	0.0	0.0	0.0	0.0
2087.09646600973	-8.326007783838577	69.32240561654056	4355971.658430305	3022.3088748329565	-24.777042107832585	9134350.934894051	613.901815613309	2244.149888604234	-13.23529766132333	175.1731041838308	5036208.722522397	2548.728346533646	1727.8707045400608	1.078609	34.784103	0.5028193129675009	0.3087594356107518	0.0965362677	0.048460509	0.0372631226	-0.065082727	-0.0001557587	0.0003176111	-0.0104193567	-0.0217250548	0.081890582	0.0133706726	-0.0248470253	0.0089879552	0.0808039588	-0.0111063324	0.083263579	-0.0508007633	0.0147410744	0.0176588929	-0.0205031575	0.0027833637	0.0207350466	0.0429832477	0.000323294	-0.0024495034	0.0943433284	0.0256837008	-0.0062925903	-0.0396355062	0.0362388364	-0.020063722	0.019483558	-0.0322348751	-0.0562918458	0.0997279485	0.0717181807	-0.0227094379	0.0521156171	-0.0231582539	0.0016294704	-0.0271637949	0.0045216533	-0.023814051	0.0353715094	0.0429486125	-0.0211210353	-0.0854361142	-0.0212340982	0.0526406048	0.0536045003	0.0603104416	0.0095709037	0.0396134317	0.0342796123	-0.0591766231	-0.0238864925	0.0297812535	0.0319757215	-0.0754344479	0.0577350269	-0.0312459714	-0.0	0.0312459714	-0.0577350269	0.0754344479	-0.0816496581	-0.1201161284950842	-0.0118436895472768	0.0144278843246475	0.0001402729820922	-0.2787443678873842	0.0082570455918897	0.0776984226289373	6.817880190654641e-05	-3.821651198949205	0.2048243815910746	14.605017886429897	0.0419530272941661	-0.0413512145956758	-0.004322638985613	1.868520779994221e-05	0.0017099229485376	-0.0045809273610719	-0.0008299348008354	2.0984895487417164e-05	6.887917736376954e-07	-0.0103133243813642	-0.0004053101382966	0.0001063646597952	1.642763082060897e-07	0.0	0.0	0.0	0.0	0.0	0.0	0.0	0.0	0.0	0.0	0.0	0.0	0.0	0.0	0.0	0.0	0.0	0.0	0.0	0.0	0.0	0.0	0.0	0.0	0.0	0.0	0.0	0.0	0.0	0.0	0.0	0.0	0.0	0.0	0.0	0.0	0.0	0.0	0.0	0.0	0.0	0.0	0.0	0.0	0.0	0.0	0.0	0.0	0.0	0.0	0.0	0.0	0.0	0.0	0.0	0.0	0.0	0.0	0.0	0.0	0.0	0.0	0.0	0.0	0.0	0.0	0.0	0.0	0.0	0.0	0.0	0.0	0.0	0.0	0.0	0.0	0.0	0.0	0.0	0.0	0.0	0.0	0.0	0.0	0.0	0.0	0.0	1.0	0.0	0.0	0.0	0.0	0.0	0.0	0.0	0.0	0.0	0.0	0.0	0.0	0.0	0.0	0.0	0.0
2073.9477464424726	-13.148719567257558	172.88882625838178	4301259.254973811	3031.560699141653	9.25182430869654	9190360.272580229	85.59625303898824	2237.651879248681	-6.498009355553222	42.2241255848572	5007085.932705153	2553.939936611948	1716.6932057897473	1.004149	32.382862	0.3403295044561409	0.1804443372466355	0.0816496512	0.0673367627	0.0376236756	-0.0867375321	-0.0145905471	0.0030923648	0.0211972687	-0.0830205998	0.0542590406	0.0159263274	-0.0621995226	-0.0098198266	0.0223008385	-0.0115002879	0.103379233	-0.0678868	-0.0438232125	0.0557568917	-0.0261559301	-0.0369950748	0.0036761723	0.0010195716	0.0061051854	-0.0301288878	0.0943413035	-0.0824677882	-0.0300224245	-0.0196641794	-0.0136387242	0.0033270196	0.0865790771	-0.063721751	0.0176834478	0.10333246	0.0762256428	-0.030182265	0.0019413461	-0.0304537036	-0.0425443933	-0.047347858	0.0029069402	0.0045073456	0.0663544637	0.0266014032	0.0056177945	-0.0729498485	0.0438689101	0.0336700484	-0.0125229274	0.0719847814	0.0456530323	0.1113721783	-0.0112167103	-0.0505109314	-0.0044247727	-0.0545915156	0.0786656248	-0.0757575129	0.0589314758	-0.0336000067	0.0034191328	0.0272552159	-0.0539958877	0.0729434684	-0.0813633012	-0.0501690368264604	0.0699470916686238	0.0025169322560947	0.0048925956328988	-0.3117220353018552	-0.032977667414471	0.097170627292731	0.0010875265480994	-3.7699186976987136	0.0517325012504912	14.212286987258365	0.002676251685632	-0.0430669518988999	-0.0017157373032241	2.943754493674709e-06	0.0018547623458621	-0.0045993294796375	-1.8402118565599875e-05	2.1153831662262554e-05	3.3863796770239556e-10	-0.0083340189207028	0.0019793054606613	6.945587137063227e-05	3.917650106604031e-06	0.0	0.0	0.0	0.0	0.0	0.0	0.0	0.0	0.0	0.0	0.0	0.0	0.0	0.0	0.0	0.0	0.0	0.0	0.0	0.0	0.0	0.0	0.0	0.0	0.0	0.0	0.0	0.0	0.0	0.0	0.0	0.0	0.0	0.0	0.0	0.0	0.0	0.0	0.0	0.0	0.0	0.0	0.0	0.0	0.0	0.0	0.0	0.0	0.0	0.0	0.0	0.0	0.0	0.0	0.0	0.0	0.0	0.0	0.0	0.0	0.0	0.0	0.0	0.0	0.0	0.0	0.0	0.0	0.0	0.0	0.0	0.0	0.0	0.0	0.0	0.0	0.0	0.0	0.0	0.0	0.0	0.0	0.0	0.0	0.0	0.0	0.0	0.0	0.0	0.0	0.0	0.0	0.0	0.0	0.0	0.0	0.0	0.0	0.0	0.0	0.0	0.0	0.0	0.0
2080.8609235180884	6.913177075615749	47.79201727881912	4329982.183024552	3046.232577032792	14.671877891139047	9279532.913375843	215.2640008524948	2241.034964953666	3.3830857049852057	11.445268887275246	5022237.714144879	2555.0079043293285	1734.7617880368366	1.460306	47.093468	0.8054831835240388	0.4957697823630912	-0.0304234834	0.119184072	0.0600242876	-0.125231973	0.0457298999	-0.1052667819	0.0308990162	0.0800743128	0.158191384	0.0899845048	0.0067197514	0.0366961349	0.0592272782	0.002812718	0.1078464089	-0.0749296603	-0.0856011406	-0.0768660003	-0.0227336186	-0.0884946642	0.0414900939	-0.06326428	-0.0713285654	-0.0196743811	0.1011923256	0.1051356878	-0.0135759023	0.0991596603	0.0274656672	-0.018388449	0.1203908502	-0.0340391048	-0.0448958431	0.1071484716	0.0894733796	-0.0512867066	-0.1261484201	-0.0050452151	-0.1088311606	-0.0510374335	0.0359806705	-0.0246239708	0.063088037	0.0332828935	-0.0115925078	-0.0594253393	0.0186837824	-0.0312437478	0.0391348646	-0.1103394068	-0.0649806205	0.0157068872	-0.0636314519	0.0956821858	0.0736338047	-0.0628639833	0.0073189698	-0.0760722702	0.0601020755	-0.0359208828	0.0068322673	0.0231897558	-0.0500436514	0.0700607062	-0.0805062393	-0.0805119416111495	-0.030342904784689	0.0064821727419971	0.0009206918707727	-0.3514664551296107	-0.0397444198277555	0.1235286690813746	0.0015796189074448	-3.3393683792482847	0.4305503184504289	11.151381172323315	0.1853735767177657	-0.0475929477331576	-0.0045259958342577	2.048463829171808e-05	0.002265088673931	-0.0061073607603923	-0.0015080312807548	3.7299855457579614e-05	2.274158343734964e-06	-0.008271135226492	6.288369421080138e-05	6.841167793491686e-05	3.954358997597575e-09	0.0	0.0	0.0	0.0	0.0	0.0	0.0	0.0	0.0	0.0	0.0	0.0	0.0	0.0	0.0	0.0	0.0	0.0	0.0	0.0	0.0	0.0	0.0	0.0	0.0	0.0	0.0	0.0	0.0	0.0	0.0	0.0	0.0	0.0	0.0	0.0	0.0	0.0	0.0	0.0	0.0	0.0	0.0	0.0	0.0	0.0	0.0	0.0	0.0	0.0	0.0	0.0	0.0	0.0	0.0	0.0	0.0	0.0	0.0	0.0	0.0	0.0	0.0	0.0	0.0	0.0	0.0	0.0	0.0	0.0	0.0	0.0	0.0	0.0	0.0	0.0	0.0	0.0	0.0	0.0	0.0	0.0	0.0	0.0	0.0	0.0	0.0	0.0	1.0	0.0	0.0	0.0	0.0	0.0	0.0	0.0	0.0	0.0	0.0	0.0	0.0	0.0	0.0	0.0
2074.788600566602	-6.0723229514865125	36.87310602714987	4304747.737041119	3023.351187294408	-22.88138973838386	9140652.401714507	523.5579963598182	2235.820365872734	-5.214599080932203	27.19204357485897	4998892.708451286	2544.186883194569	1703.6889998566503	0.8570799999999998	27.640028	0.3414305203574352	0.2003821980799177	-0.0487591989	0.1098601755	0.0592243347	-0.0904355476	0.0540890615	-0.0832787981	0.0081556784	-0.0088648853	0.0956408196	0.1150839965	0.0542759641	0.0596572758	0.0699932087	0.0111798974	0.0976274695	-0.0891759987	-0.1028917537	-0.0408792683	-0.0455877539	-0.1211063203	0.0472403377	-0.008100007	-0.0578109882	-0.0065453	0.0924515486	0.0200112989	-0.0001750644	0.0705318894	0.0377514906	-0.0115142126	0.1560957271	-0.0615806002	-0.0430483298	0.0989454294	0.0821003774	-0.0526360161	-0.1378877878	0.0195589021	-0.1339591679	-0.0489345332	0.0410460815	-0.0162769859	0.0476735864	0.0099695255	-0.0284628636	0.0091465748	0.0799734404	-0.0029464992	0.0334936708	-0.0847025637	-0.0564851252	0.0262222565	-0.0431405052	0.0459181104	0.084043077	-0.0123568211	0.0464230755	-0.0763786853	0.0612463124	-0.0382063093	0.0102334157	0.0190607341	-0.0458939156	0.0668016447	-0.0790844839	-0.1552618547574979	-0.0747499131463484	0.0241062435427383	0.0055875495153866	-0.3418266706945729	0.0096397844350378	0.1168454727981359	9.292544395399747e-05	-3.169444372972116	0.1699240062761688	10.045377633364607	0.0288741679089434	-0.0478012625891928	-0.0002083148560352	4.339507924496701e-08	0.0022849607051209	-0.0064600441854734	-0.0003526834250811	4.173217087826869e-05	1.2438559832693588e-07	-0.0094524732753733	-0.0011813380488813	8.934925102164644e-05	1.395559585734678e-06	0.0	0.0	0.0	0.0	0.0	0.0	0.0	0.0	0.0	0.0	0.0	0.0	0.0	0.0	0.0	0.0	0.0	0.0	0.0	0.0	0.0	0.0	0.0	0.0	0.0	0.0	0.0	0.0	0.0	0.0	0.0	0.0	0.0	0.0	0.0	0.0	0.0	0.0	0.0	0.0	0.0	0.0	0.0	0.0	0.0	0.0	0.0	0.0	0.0	0.0	0.0	0.0	0.0	0.0	0.0	0.0	0.0	0.0	0.0	0.0	0.0	0.0	0.0	0.0	0.0	0.0	0.0	0.0	0.0	0.0	0.0	0.0	0.0	0.0	0.0	0.0	0.0	0.0	0.0	0.0	0.0	0.0	0.0	0.0	0.0	0.0	0.0	0.0	0.0	0.0	0.0	0.0	0.0	0.0	0.0	0.0	0.0	0.0	0.0	0.0	0.0	0.0	0.0	0.0
2069.91317638489	-4.875424181711878	23.76976095162094	4284540.557771784	3011.5028024773846	-11.848384817023543	9069149.12932914	140.38422277227403	2229.714527741139	-6.105838131594737	37.28125928923631	4971626.875219891	2544.4641419379013	1709.667991314254	0.821037	26.477661	0.1414424108235886	0.0808480773183109	-0.0414454438	0.1152746923	0.0441885145	-0.1170445378	0.0421006245	-0.0945617348	0.011430136	-0.1276365195	0.0330146844	0.0780680196	0.0025728615	0.0149894045	0.0500708166	0.0365573058	0.095952216	-0.1129637182	-0.1056012829	-0.0117551846	-0.0244750563	-0.0766865571	0.0804638106	-0.0260748251	-0.0671319084	-0.0167337255	0.1045016356	-0.126707053	-0.0375883319	0.0644612824	-0.0238410004	-0.0134379073	0.1577494805	-0.0328904491	-0.0125380616	0.1041523979	0.0853659498	-0.0626125217	-0.1241487397	-0.0043709564	-0.1317136763	-0.0525738254	0.0396143217	-0.0114812628	0.0464408377	0.0032526657	-0.0360551662	0.0002045937	0.0639988955	-0.0135359983	0.0085801695	-0.0651336813	0.0123611519	0.0125882327	-0.0702070478	0.0828951067	0.0989374812	-0.0807068008	0.0290274579	-0.0766767246	0.0623636846	-0.0404540309	0.0136166111	0.0148794683	-0.0415630576	0.0631837885	-0.0771080077	-0.1865644016451995	-0.0313025468877015	0.0348062759612313	0.0009798494416567	-0.3303656572079916	0.0114610134865812	0.1091414674624682	0.0001313548301395	-3.2346247929670966	-0.0651804199949808	10.462797551277433	0.004248487150722	-0.0474011174810797	0.000400145108113	1.60116107546844e-07	0.0022468659384551	-0.0067259443657379	-0.0002659001802644	4.5238327611001407e-05	7.070290586469351e-08	-0.0094563965960822	-3.923320708899836e-06	8.942343658239502e-05	1.539244538488231e-11	0.0	0.0	0.0	0.0	0.0	0.0	0.0	0.0	0.0	0.0	0.0	0.0	0.0	0.0	0.0	0.0	0.0	0.0	0.0	0.0	0.0	0.0	0.0	0.0	0.0	0.0	0.0	0.0	0.0	0.0	0.0	0.0	0.0	0.0	0.0	0.0	0.0	0.0	0.0	0.0	0.0	0.0	0.0	0.0	0.0	0.0	0.0	0.0	0.0	0.0	0.0	0.0	0.0	0.0	0.0	0.0	0.0	0.0	0.0	0.0	0.0	0.0	0.0	0.0	0.0	0.0	0.0	0.0	0.0	0.0	0.0	0.0	0.0	0.0	0.0	0.0	0.0	0.0	0.0	0.0	0.0	0.0	0.0	0.0	0.0	0.0	0.0	0.0	0.0	0.0	0.0	0.0	0.0	0.0	0.0	0.0	0.0	0.0	0.0	0.0	0.0	0.0	0.0	0.0
2100.6251809844343	30.712004599544343	943.2272265224328	4412626.150985887	3067.872215833162	56.3694133557774	9411839.932681076	3177.5107620744952	2263.204798050257	33.49027030911793	1121.598205377786	5122095.957917705	2589.6895842307285	1685.7880497596784	1.258028	40.570194	0.6211264358565621	0.4533065099766296	0.0478410447	0.11665913	0.0039483367	-0.0955864407	-0.0396996365	-0.0574491165	0.1266183916	-0.0445016622	0.0614322902	0.0752556216	-0.1229868707	-0.0246382277	0.0246686902	-0.0809958295	0.0680762359	-0.1057053643	-0.0149264436	-0.0568794288	-0.0158651567	-0.0011330298	-0.0008128553	0.0250070972	-0.0265152033	-0.1278869926	0.0809000761	-0.0276961798	-0.1004033421	0.0737415653	0.0508246384	0.0181060615	0.0210020554	-0.054568352	-0.0023164178	0.1289350993	0.1043628676	-0.0567340642	-0.0500657908	-0.0182618686	-0.0815382257	-0.0463011251	0.0402119803	-0.0295159786	0.0450086857	-0.0183579181	-0.023174778	-0.1013591374	-0.0188206906	0.0207667429	-0.0068345031	-0.030614675	0.0403553283	0.0313160119	-0.0261877812	0.0427062945	0.0506915588	-0.0546784626	0.042983391	-0.0769663555	0.063453702	-0.0426618292	0.0169759185	0.010657419	-0.0370681691	0.0592265694	-0.0745906743	-0.2744768596356834	-0.0879124579904839	0.0753375464754666	0.0077286002699286	-0.3383126157147558	-0.0079469585067641	0.11445542595176	6.315414950823172e-05	-3.6745180814873706	-0.439893288520274	13.502083131177626	0.193506105285181	-0.0474161813140255	-1.5063832945798328e-05	2.2691906301891916e-10	0.0022482942504045	-0.0072520921805703	-0.0005261478148323	5.259284099548889e-05	2.768315230529092e-07	-0.0106226595650848	-0.0011662629690025	0.0001128408962356	1.3601693128667593e-06	0.0	0.0	0.0	0.0	0.0	0.0	0.0	0.0	0.0	0.0	0.0	0.0	0.0	0.0	0.0	0.0	0.0	0.0	0.0	0.0	0.0	0.0	0.0	0.0	0.0	0.0	0.0	0.0	0.0	0.0	0.0	0.0	0.0	0.0	0.0	0.0	0.0	0.0	0.0	0.0	0.0	0.0	0.0	0.0	0.0	0.0	0.0	0.0	0.0	0.0	0.0	0.0	0.0	0.0	0.0	0.0	0.0	0.0	0.0	0.0	0.0	0.0	0.0	0.0	0.0	0.0	0.0	0.0	0.0	0.0	0.0	0.0	0.0	0.0	0.0	0.0	0.0	0.0	0.0	0.0	0.0	0.0	0.0	0.0	0.0	0.0	0.0	0.0	0.0	1.0	0.0	0.0	0.0	0.0	0.0	0.0	0.0	0.0	0.0	0.0	0.0	0.0	0.0	0.0
2118.693588115936	18.06840713150177	326.4673362697041	4488862.52032358	3068.931652510794	1.0594366776317656	9418341.487782631	1.1224060739114337	2281.0289311925053	17.82413314224823	317.6997222725917	5203092.984937223	2587.244206823252	1716.4265435160205	1.151765	37.143322	0.6194161891904129	0.3405019285268745	0.0784759186	0.0796085984	-0.0170688251	-0.0805083232	-0.01582156	-0.034751728	0.0994676624	0.0507370691	0.0210214273	-0.0154339405	-0.0549239915	-0.0364748417	0.0115012013	-0.1075551584	0.0209694813	-0.1105723783	0.0574291166	-0.0627290687	0.0085353916	0.0559447836	0.0460236706	-0.0428363781	-0.0153333237	-0.1048982552	0.0481552751	0.0612339243	-0.0821144131	-0.0133768009	-0.031929809	-0.0473924032	0.0188677056	-0.0068291262	-0.0338831266	0.1278738395	0.083538135	-0.0352247231	0.0498963726	-0.0249496582	-0.0315093913	-0.0093124192	0.0300667745	-0.0296719557	0.022704241	-0.0151872924	-0.041896333	-0.1525820582	-0.1240438302	0.0766631437	0.0925899767	-0.0193337646	0.0082970043	-0.0699709538	0.0498962961	-0.0055010953	0.0011348223	0.0619693412	-0.0541521765	-0.0772475461	0.0645158866	-0.0448275254	0.0203054443	0.0064061583	-0.0324269895	0.0549512416	-0.0715501408	-0.3087068209830903	-0.0342299613474069	0.0952999013214857	0.0011716902538449	-0.2671691296069696	0.0711434861077862	0.0713793438149457	0.0050613956155687	-3.898675948667865	-0.2241578671804944	15.199674152721276	0.0502467494189082	-0.0438194994529686	0.0035966818610569	1.2936120409655751e-05	0.0019201485323087	-0.0079680092480975	-0.0007159170675272	6.34891713777673e-05	5.125372475767466e-07	-0.0121077581275952	-0.0014850985625104	0.0001465978068763	2.2055177403704565e-06	0.0	0.0	0.0	0.0	0.0	0.0	0.0	0.0	0.0	0.0	0.0	0.0	0.0	0.0	0.0	0.0	0.0	0.0	0.0	0.0	0.0	0.0	0.0	0.0	0.0	0.0	0.0	0.0	0.0	0.0	0.0	0.0	0.0	0.0	0.0	0.0	0.0	0.0	0.0	0.0	0.0	0.0	0.0	0.0	0.0	0.0	0.0	0.0	0.0	0.0	0.0	0.0	0.0	0.0	0.0	0.0	0.0	0.0	0.0	0.0	0.0	0.0	0.0	0.0	0.0	0.0	0.0	0.0	0.0	0.0	0.0	0.0	0.0	0.0	0.0	0.0	0.0	0.0	0.0	0.0	0.0	0.0	0.0	0.0	0.0	0.0	0.0	0.0	0.0	0.0	1.0	0.0	0.0	0.0	0.0	0.0	0.0	0.0	0.0	0.0	0.0	0.0	0.0	0.0
2099.887091782889	-18.806496333047107	353.6843043249143	4409525.798236399	3031.3206205669203	-37.61103194387351	9188904.704674218	1414.589723883074	2260.721154415246	-20.30777677725928	412.4057976349913	5110860.138020603	2561.4747651898247	1703.2345317648776	0.978781	31.564758	0.3124805925299732	0.17994784089819	0.0592315037	0.0933996715	-0.0066391122	-0.1095850156	-0.0125259072	-0.0424779107	0.0231211497	-0.0116148125	0.1205028018	0.0040256067	-0.0609538323	-0.0310633496	0.0039690104	-0.0613722369	0.0816525583	-0.1226222237	-0.0403455345	-0.0643752378	-0.0320399134	0.021868158	0.0526158647	0.0122378208	-0.0002628319	-0.0458604325	0.128293815	0.0503219974	-0.0543839075	-0.0039539426	-0.0171298571	-0.0383228921	0.1162458436	-0.000398368	-0.0562943198	0.1370141183	0.0862127864	-0.0354552582	0.0232254517	-0.0442513623	-0.0483478554	-0.0164507362	0.0132683464	0.01316162	0.0415855698	-0.0052289977	-0.0348072532	-0.0870335004	-0.0388424666	0.0880610271	0.1237843683	0.0443554425	0.0085247553	-0.0923966594	0.0657891538	-0.0380631095	0.0147593342	0.0471143645	-0.0042345778	-0.0775202656	0.0655497724	-0.0469489822	0.0235993474	0.0021373389	-0.0276578354	0.0503807682	-0.0680077345	-0.2597355668192591	0.0489712541638312	0.0674625646709217	0.0023981837343785	-0.3082117362965988	-0.0410426066896292	0.0949944743909641	0.0016844955638795	-3.760377274706592	0.1382986739612728	14.140437248129778	0.0191265232194464	-0.0436357880039889	0.0001837114489796	3.374989648621973e-08	0.001904081994729	-0.0065471114713433	0.0014208977767542	4.286466861819503e-05	2.018950491985031e-06	-0.0121865100561661	-7.87519285709009e-05	0.000148511027349	6.201866253636276e-09	0.0	0.0	0.0	0.0	0.0	0.0	0.0	0.0	0.0	0.0	0.0	0.0	0.0	0.0	0.0	0.0	0.0	0.0	0.0	0.0	0.0	0.0	0.0	0.0	0.0	0.0	0.0	0.0	0.0	0.0	0.0	0.0	0.0	0.0	0.0	0.0	0.0	0.0	0.0	0.0	0.0	0.0	0.0	0.0	0.0	0.0	0.0	0.0	0.0	0.0	0.0	0.0	0.0	0.0	0.0	0.0	0.0	0.0	0.0	0.0	0.0	0.0	0.0	0.0	0.0	0.0	0.0	0.0	0.0	0.0	0.0	0.0	0.0	0.0	0.0	0.0	0.0	0.0	0.0	0.0	0.0	0.0	0.0	0.0	0.0	0.0	0.0	0.0	0.0	0.0	0.0	0.0	0.0	0.0	0.0	0.0	0.0	0.0	0.0	0.0	0.0	0.0	0.0	0.0
2107.3471924575515	7.460100674662499	55.65310207609987	4440912.189558725	3046.619976485403	15.299355918482888	9281893.281119918	234.07029152041736	2260.1830769328326	-0.5380774824134278	0.2895273770803727	5108427.541253567	2566.8321192070075	1730.1170218782052	1.071588	34.557697	0.431546849431194	0.2217392527691315	0.0316259783	0.093520259	0.0048437009	-0.1394689237	0.0043136655	-0.1077872651	0.0647117292	-0.0067194125	0.1359167106	0.0527431055	-0.0385783223	-0.0151318042	0.0972849226	-0.063421692	0.0784165717	-0.1301997712	-0.0303367053	-0.0969734117	-0.0038937735	-0.0062713538	-0.0096391009	-0.0280385205	-0.0958630949	-0.0699286076	0.1254446448	0.0479464943	-0.0623519191	0.0268647634	0.0504625792	0.0116107122	0.0864713703	-0.00020316	-0.0880077633	0.1519692468	0.0998089351	-0.0528082375	-0.0342336177	-0.0532159924	-0.0989934547	-0.0777860009	0.0017593657	-0.0659826512	0.0280135535	-0.0563080095	-0.0290548745	-0.0736001079	-0.0301721153	0.0274817302	0.0022591963	-0.0516720265	-0.0163159346	0.0036919646	-0.0013354086	-0.0175840797	-0.0230398637	-0.0351788489	0.0365434905	-0.0777844842	0.0665549058	-0.0490241061	0.0268518493	-0.0021373389	-0.0227795284	0.0455396975	-0.0639883028	-0.3323647935489902	-0.0726292267297311	0.1104663559908628	0.0052750045753586	-0.287268184282496	0.0209435520141028	0.082523009700962	0.0004386323709674	-3.613470711975552	0.1469065627310404	13.057170586305102	0.0215815381734491	-0.0455277446028052	-0.0018919565988162	3.5794997718045245e-06	0.0020727755286182	-0.006227122796276	0.0003199886750673	3.877705831990023e-05	1.0239275217132613e-07	-0.0137959149414089	-0.0016094048852427	0.0001903272690705	2.590184084643388e-06	0.0	0.0	0.0	0.0	0.0	0.0	0.0	0.0	0.0	0.0	0.0	0.0	0.0	0.0	0.0	0.0	0.0	0.0	0.0	0.0	0.0	0.0	0.0	0.0	0.0	0.0	0.0	0.0	0.0	0.0	0.0	0.0	0.0	0.0	0.0	0.0	0.0	0.0	0.0	0.0	0.0	0.0	0.0	0.0	0.0	0.0	0.0	0.0	0.0	0.0	0.0	0.0	0.0	0.0	0.0	0.0	0.0	0.0	0.0	0.0	0.0	0.0	0.0	0.0	0.0	0.0	0.0	0.0	0.0	0.0	0.0	0.0	0.0	0.0	0.0	0.0	0.0	0.0	0.0	0.0	0.0	0.0	0.0	0.0	0.0	0.0	0.0	0.0	0.0	0.0	0.0	0.0	0.0	0.0	0.0	0.0	0.0	0.0	0.0	0.0	0.0	0.0	0.0	0.0
2096.1783380995507	-11.168854358000772	124.74330767023284	4393963.625117795	3061.8467301218134	15.226753636410194	9374905.39875764	231.85402630393108	2262.5054107269684	2.322333794135829	5.3932342513853175	5118930.733568808	2577.352227248454	1712.136221927238	0.940288	30.3234	0.2933806276701902	0.131907932382314	0.0420921144	0.0835592145	0.0043785564	-0.138218451	-0.0303060279	-0.088652469	0.1083205575	-0.0280755005	0.0675400986	0.0067134068	-0.0139786153	0.0454817265	0.0635114497	-0.0814093896	0.1000110308	-0.1416938258	0.0018414006	-0.0705884395	-0.000333202	0.0002504065	-0.0452160496	0.0310798134	-0.1040884583	-0.1033596656	0.1023982808	0.0261781816	-0.0676067907	-0.0010804395	0.0074926064	0.0368713303	0.0625224942	-0.020800434	-0.0963211933	0.1549301319	0.0979731417	-0.0435869284	-0.0411678233	-0.072155872	-0.0889647551	-0.0521998439	0.0157676521	-0.0202924977	0.0331724737	-0.0520094062	-0.0092839091	-0.0142050384	0.0107932638	0.0366420128	0.019813634	-0.0307817861	-0.0391225392	0.0558778271	0.0246628453	-0.0235108192	-0.0302350107	0.1109710541	0.0485670792	-0.0780401729	0.0675308461	-0.0510508491	0.0300572439	-0.0064061583	-0.0178113211	0.0404540309	-0.0595200392	-0.3006843129288938	0.0316804806200963	0.0904110560415209	0.0010036528523203	-0.2423827662659619	0.0448854180165341	0.0587494053827399	0.002014700750519	-3.5863367053438324	0.0271340066317193	12.861810964096454	0.0007362543158901	-0.0470368354004936	-0.0015090907976884	2.2773550356678296e-06	0.0022124638844931	-0.0045076185448995	0.0017195042513764	2.031862494632189e-05	2.9566948705018567e-06	-0.0143609343403808	-0.0005650193989719	0.0002062364351287	3.192469212145678e-07	0.0	0.0	0.0	0.0	0.0	0.0	0.0	0.0	0.0	0.0	0.0	0.0	0.0	0.0	0.0	0.0	0.0	0.0	0.0	0.0	0.0	0.0	0.0	0.0	0.0	0.0	0.0	0.0	0.0	0.0	0.0	0.0	0.0	0.0	0.0	0.0	0.0	0.0	0.0	0.0	0.0	0.0	0.0	0.0	0.0	0.0	0.0	0.0	0.0	0.0	0.0	0.0	0.0	0.0	0.0	0.0	0.0	0.0	0.0	0.0	0.0	0.0	0.0	0.0	0.0	0.0	0.0	0.0	0.0	0.0	0.0	0.0	0.0	0.0	0.0	0.0	0.0	0.0	0.0	0.0	0.0	0.0	0.0	0.0	0.0	0.0	0.0	0.0	0.0	0.0	0.0	0.0	0.0	0.0	0.0	0.0	0.0	0.0	0.0	0.0	0.0	0.0	0.0	0.0
2072.4133609504493	-23.76497714910147	564.774138897315	4294897.138645937	3027.058586040296	-34.7881440815172	9163083.683320276	1210.2149686364005	2236.1608553799715	-26.344555346996916	694.0355964309837	5000415.371133686	2544.172008871672	1667.2594180155068	1.665537	53.711975	1.386568483580708	0.8212904827550619	0.1531965872	0.0358998393	-0.0420375754	0.0231286294	-0.0440469819	0.0693609132	0.0437570451	-0.0597726564	0.0046600299	-0.0151583073	-0.099061218	-0.1334798005	0.0747718658	-0.0244158059	0.1098793621	-0.1053543954	-0.0214288027	0.1251612778	-0.0489843879	0.0398206373	-0.0921745362	-0.0130581013	0.0300619838	-0.0284289644	0.0988124403	-0.0563182815	-0.1358154606	-0.0749452632	-0.0427902116	0.0643199696	-0.0095438321	-0.0807141422	0.1428811931	0.1332316507	0.0493146101	0.0479500936	0.1271516458	-0.0094758012	0.0039150822	0.033630744	-0.0024208851	0.0256863621	-0.0104537503	-0.1042952222	-0.0264028067	-0.0442081133	-0.0373944516	0.0543948266	-0.0528718554	0.0653270682	0.1383654194	-0.023300544	0.0482118787	-0.0782114014	-0.0051376731	-0.0600970188	-0.0340293117	-0.0782873035	0.0684771651	-0.0530272111	0.0332099078	-0.010657419	-0.0127728206	0.0351510839	-0.0546342852	-0.2606173219613481	0.0400669909675456	0.0679213885063049	0.0016053637651933	-0.286364630665048	-0.0439818643990861	0.0820047016959293	0.0019344043960196	-4.246211399522863	-0.659874694179031	18.030311249437915	0.4354346120178697	-0.0383678641157276	0.008668971284766	7.515106313609748e-05	0.0014720929968029	-0.002893011588585	0.0016146069563145	8.369516051687106e-06	2.6069556233791737e-06	-0.0117916139007604	0.0025693204396204	0.0001390421583846	6.601407521451169e-06	0.0	0.0	0.0	0.0	0.0	0.0	0.0	0.0	0.0	0.0	0.0	0.0	0.0	0.0	0.0	0.0	0.0	0.0	0.0	0.0	0.0	0.0	0.0	0.0	0.0	0.0	0.0	0.0	0.0	0.0	0.0	0.0	0.0	0.0	0.0	0.0	0.0	0.0	0.0	0.0	0.0	0.0	0.0	0.0	0.0	0.0	0.0	0.0	0.0	0.0	0.0	0.0	0.0	0.0	0.0	0.0	0.0	0.0	0.0	0.0	0.0	0.0	0.0	0.0	0.0	0.0	0.0	0.0	0.0	0.0	0.0	0.0	0.0	0.0	0.0	0.0	0.0	0.0	0.0	0.0	0.0	0.0	0.0	0.0	0.0	0.0	0.0	0.0	0.0	0.0	0.0	1.0	0.0	0.0	0.0	0.0	0.0	0.0	0.0	0.0	0.0	0.0	0.0	0.0
2057.376203822984	-15.037157127465434	226.1160944760845	4232796.844057072	2982.656507632607	-44.40207840768926	8896239.842523139	1971.5445669225849	2231.456744833942	-4.704110546029369	22.12865602926473	4979399.204064894	2524.503280040361	1580.8328673037736	1.427768	46.044151	0.8416716129216327	0.5141033533102026	0.1374067619	0.0496690554	-0.04782733	0.0895053124	-0.142228351	0.0964650665	-0.0346816075	-0.0522374743	0.0860070879	-0.0690635141	0.002316056	-0.0783880856	0.0778493197	-0.000765276	0.1272101936	-0.0914186639	0.0483338203	0.1329797386	-0.0226121801	0.0307055314	-0.0249401879	0.0345804014	0.0495214238	0.0185309825	0.1571053406	0.0203595628	-0.0638776532	-0.1118700157	-0.0525166558	-0.0285551587	0.0132506719	-0.0353668254	0.1126395793	0.0997972793	0.0138415998	0.0397088232	0.0874023774	0.0072191733	0.0515271921	0.1601255841	-0.0043946255	0.1408102621	0.0250408062	-0.1560114859	-0.0495517531	0.1572049261	0.0689385676	0.0829092859	0.0123444333	-0.0517751634	0.0660540442	-0.1337528901	0.0627420955	0.0353442352	0.0130653492	0.0676366187	-0.0216832407	-0.0785258491	0.0693934478	-0.0549512416	0.0363043104	-0.0148794683	-0.0076839116	0.0296593388	-0.049365311	-0.1933928891233449	0.0672244328380032	0.0374008095634743	0.0045191243703912	-0.1784127166769877	0.1079519139880603	0.031831097472063	0.0116536157336855	-4.5069926502546025	-0.2607812507317391	20.31298274944901	0.0680068607332101	-0.0309367605009916	0.007431103614736	5.522130093294249e-05	0.0009570831502957	-0.0022348589572209	0.0006581526313641	4.994594558670488e-06	4.331648861714893e-07	-0.0118166379619369	-2.5024061176499857e-05	0.0001396329327234	6.262036377652073e-10	0.0	0.0	0.0	0.0	0.0	0.0	0.0	0.0	0.0	0.0	0.0	0.0	0.0	0.0	0.0	0.0	0.0	0.0	0.0	0.0	0.0	0.0	0.0	0.0	0.0	0.0	0.0	0.0	0.0	0.0	0.0	0.0	0.0	0.0	0.0	0.0	0.0	0.0	0.0	0.0	0.0	0.0	0.0	0.0	0.0	0.0	0.0	0.0	0.0	0.0	0.0	0.0	0.0	0.0	0.0	0.0	0.0	0.0	0.0	0.0	0.0	0.0	0.0	0.0	0.0	0.0	0.0	0.0	0.0	0.0	0.0	0.0	0.0	0.0	0.0	0.0	0.0	0.0	0.0	0.0	0.0	0.0	0.0	0.0	0.0	0.0	0.0	0.0	0.0	0.0	0.0	0.0	1.0	0.0	0.0	0.0	0.0	0.0	0.0	0.0	0.0	0.0	0.0	0.0
2118.8702650863943	61.49406126341046	3781.519570668079	4489611.200267287	3103.2617508737662	120.60524324115931	9630233.494436111	14545.624697259203	2307.3573822417816	75.90063740783944	5760.906758916316	5323898.089385647	2611.134268677127	1625.7078158245406	1.730186	55.796848	0.43386668825287	0.2546689363787452	0.1363748278	0.0510050116	-0.0113515714	0.0822718731	-0.1666058978	0.1106205886	0.1679081613	0.1355964584	0.1570291171	-0.0516916905	0.0597412063	-0.1017620029	0.02936761	-0.1697782988	-0.0971002686	-0.0359555084	0.2815033326	-0.142388696	0.0194019509	0.1433776455	-0.020013526	0.0539493256	0.1428406115	-0.1512681008	-0.0128433865	0.2714574373	-0.1164840813	0.0017080791	0.1327842611	-0.0687774487	-0.2878411848	0.1950649316	-0.0281179728	0.0579341514	0.0087136222	0.0336290542	0.0875423566	0.0049828498	0.0587967178	0.1644782741	-0.0078821938	0.1236481423	0.01249333	-0.1969994381	-0.0454334768	0.1683481662	0.0665313827	0.0440934102	-0.0629054404	-0.1197468631	0.0261346111	-0.0616956298	0.0563309289	0.088843229	-0.0113518203	0.0170090136	0.0983508687	-0.0787557834	0.0702792922	-0.0568210419	0.0393350228	-0.0190607341	-0.0025646777	0.024008292	-0.0437500746	-0.1375230309253936	0.0558698581979512	0.0189125840349067	0.0031214410550591	-0.1697669054002375	0.0086458112767501	0.0288208021691731	7.475005263318061e-05	-4.647161566845156	-0.1401689165905537	21.596110628362727	0.0196473251781696	-0.0273986436227076	0.0035381168782839	1.2518271044398109e-05	0.0007506856723641	-0.0026488800903223	-0.0004140211331014	7.016565732905877e-06	1.7141349865456738e-07	-0.01118513392957	0.0006315040323668	0.0001251072210224	3.987973428956532e-07	0.0	0.0	0.0	0.0	0.0	0.0	0.0	0.0	0.0	0.0	0.0	0.0	0.0	0.0	0.0	0.0	0.0	0.0	0.0	0.0	0.0	0.0	0.0	0.0	0.0	0.0	0.0	0.0	0.0	0.0	0.0	0.0	0.0	0.0	0.0	0.0	0.0	0.0	0.0	0.0	0.0	0.0	0.0	0.0	0.0	0.0	0.0	0.0	0.0	0.0	0.0	0.0	0.0	0.0	0.0	0.0	0.0	0.0	0.0	0.0	0.0	0.0	0.0	0.0	0.0	0.0	0.0	0.0	0.0	0.0	0.0	0.0	0.0	0.0	0.0	0.0	0.0	0.0	0.0	0.0	0.0	0.0	0.0	0.0	0.0	0.0	0.0	0.0	0.0	0.0	0.0	0.0	0.0	1.0	0.0	0.0	0.0	0.0	0.0	0.0	0.0	0.0	0.0	0.0
2122.957403293148	4.087138206753934	16.704698721107768	4506948.136197187	3126.670832262541	23.409081388774663	9776070.49332133	547.9850914662765	2289.866431298194	-17.49095094358745	305.9333649109827	5243488.273186327	2617.340648270806	1673.6974508402734	1.627807	52.495235	0.4033303661414021	0.2675729832337721	0.1643026998	0.0417012821	-0.0243895011	0.1025927599	-0.1197688047	0.0701401336	0.248910706	0.006814777	0.1249683534	0.0096275116	0.0570826371	-0.2384256894	0.0878800948	-0.1697763079	-0.0115295544	-0.1335360867	0.1366206472	0.0707543082	0.0588680533	0.0695489526	-0.1498617644	-0.0976814557	0.0565691415	-0.2024490781	0.0534641162	0.078556826	-0.2047576861	0.0211629836	0.0280159297	-0.0631279957	-0.1537644133	0.1398122577	0.1742411664	0.1056944524	0.0184644775	0.0502514337	0.099553991	0.0205330633	0.0521667542	0.1569210442	-0.0090678062	0.0967554558	-0.0300974566	-0.2137373305	-0.039596722	0.0735794349	-0.0174423451	0.0049778635	-0.0975123655	-0.1946333744	0.0247684068	-0.0865037872	0.0169345075	0.0498479619	-0.0637433713	0.0127330283	0.0199784829	-0.0789770813	0.0711343098	-0.0586347667	0.0422967282	-0.0231897558	0.0025646777	0.0182282956	-0.0378279629	-0.2049701437395867	-0.067447112814193	0.0420127598246268	0.0045491130269704	-0.1809273125037833	-0.0111604071035457	0.0327346924098416	0.0001245546867168	-4.617639724645038	0.0295218422001184	21.3225966266199	0.0008715391668886	-0.0321384162249371	-0.0047397726022294	2.2465444320845395e-05	0.0010328777974473	-0.0024249062184287	0.0002239738718936	5.880170168174179e-06	5.0164295291010745e-08	-0.0121254075359178	-0.0009402736063477	0.000147025507912	8.841144547942947e-07	0.0	0.0	0.0	0.0	0.0	0.0	0.0	0.0	0.0	0.0	0.0	0.0	0.0	0.0	0.0	0.0	0.0	0.0	0.0	0.0	0.0	0.0	0.0	0.0	0.0	0.0	0.0	0.0	0.0	0.0	0.0	0.0	0.0	0.0	0.0	0.0	0.0	0.0	0.0	0.0	0.0	0.0	0.0	0.0	0.0	0.0	0.0	0.0	0.0	0.0	0.0	0.0	0.0	0.0	0.0	0.0	0.0	0.0	0.0	0.0	0.0	0.0	0.0	0.0	0.0	0.0	0.0	0.0	0.0	0.0	0.0	0.0	0.0	0.0	0.0	0.0	0.0	0.0	0.0	0.0	0.0	0.0	0.0	0.0	0.0	0.0	0.0	0.0	0.0	0.0	0.0	0.0	0.0	0.0	1.0	0.0	0.0	0.0	0.0	0.0	0.0	0.0	0.0	0.0
2098.4219364832143	-24.53546680993395	601.9891315813704	4403374.623513963	3031.873583984375	-94.79724827816608	9192257.429262258	8986.518281112261	2268.0177266174583	-21.848704680735864	477.3658962260092	5143904.408251024	2561.925498201768	1667.9554181253443	1.174366	37.872177	0.4213177077086492	0.2797881706956289	0.1312620976	0.012326717	-0.0224720836	0.0479553425	-0.0933774544	0.0727130619	0.0282055304	0.1036259118	0.0834111047	-0.0997033229	-0.0267210667	-0.0654324739	0.0441625778	-0.1039991393	0.0282297999	-0.1336278263	0.0995790081	0.0759614325	0.0330765072	0.093644462	-0.1037319508	-0.0537226679	0.0432505867	-0.0559655791	0.0500542029	0.1512745845	-0.1074266308	-0.0943584441	-0.0768953547	-0.019118754	-0.0253862179	0.0006469852	0.1066672445	0.0884820728	0.007811037	0.0497994646	0.122084729	-0.0083526069	0.0133588199	0.122595532	0.0065403874	0.076607592	-0.027508995	-0.1975777224	-0.0689806313	0.0933706333	0.026106272	0.0310924216	-0.048296308	-0.0993015844	-0.022800236	0.0049286688	-0.0167956745	0.011212058	-0.0710001144	0.1025519681	-0.0063299439	-0.0791897184	0.0719581255	-0.060390626	0.0451842308	-0.0272552159	0.0076839116	0.0123503943	-0.0316405151	-0.2001032711103505	0.0048668726292361	0.0400413191090624	2.3686449189208337e-05	-0.1572113902907261	0.0237159222130572	0.024715421237143	0.0005624449664157	-4.342981417368847	0.2746583072761908	18.86148759161112	0.0754371857558224	-0.030754199698077	0.0013842165268601	1.916055393232641e-06	0.0009458207990691	-0.0026129238522865	-0.0001880176338577	6.827371057847724e-06	3.5350630641485736e-08	-0.0113361095848324	0.0007892979510853	0.0001285073805193	6.229912555876092e-07	0.0	0.0	0.0	0.0	0.0	0.0	0.0	0.0	0.0	0.0	0.0	0.0	0.0	0.0	0.0	0.0	0.0	0.0	0.0	0.0	0.0	0.0	0.0	0.0	0.0	0.0	0.0	0.0	0.0	0.0	0.0	0.0	0.0	0.0	0.0	0.0	0.0	0.0	0.0	0.0	0.0	0.0	0.0	0.0	0.0	0.0	0.0	0.0	0.0	0.0	0.0	0.0	0.0	0.0	0.0	0.0	0.0	0.0	0.0	0.0	0.0	0.0	0.0	0.0	0.0	0.0	0.0	0.0	0.0	0.0	0.0	0.0	0.0	0.0	0.0	0.0	0.0	0.0	0.0	0.0	0.0	0.0	0.0	0.0	0.0	0.0	0.0	0.0	0.0	0.0	0.0	0.0	0.0	0.0	0.0	0.0	0.0	0.0	0.0	0.0	0.0	0.0	0.0	0.0
2107.895415357663	9.473478874448574	89.74680198462342	4443223.082085854	3083.7730944181744	51.899510433799605	9509656.497857442	2693.5591832680743	2270.921369808577	2.90364319111859	8.431143781329348	5157083.867853263	2582.060934844694	1735.4218150964662	1.799768	58.040794	0.8401972953974349	0.6654514107250955	0.0583301775	-0.0047892271	-0.0664201686	-0.1496308317	0.1182936365	-0.0036588515	0.1407103859	0.1359805995	0.1497355398	-0.0418925359	-0.1024123805	-0.0260071455	-0.0192456783	-0.1156009526	0.0353587301	-0.1865879524	0.0062153879	-0.016762713	0.0397372665	0.0841474596	-0.125135253	-0.022124594	-0.0523331798	-0.1102894853	0.0465112174	0.1669233528	-0.1410861283	0.0243557371	-0.0760046485	0.1020313942	0.0100860729	-0.033923846	-0.0526185964	0.1069583067	0.0238635016	0.0153089762	0.16352556	-0.0787930127	-0.1418949185	-0.0594832645	-0.0265590671	-0.0190025966	-0.0502614138	-0.1289253671	-0.0752102435	-0.0576764629	-0.0157023307	-0.0764127804	-0.0074671411	0.011358416	-0.0478481099	0.0200649602	-0.0677699897	-0.1990791084	-0.0580532305	-0.0064322602	-0.0094164372	-0.0793936715	0.0727503781	-0.0620868871	0.0479924649	-0.0312459714	0.0127728206	0.0064061583	-0.0252311319	-0.2135674635032245	-0.0134641923928739	0.0456110614672011	0.0001812844767923	-0.1737503959534763	-0.0165390056627502	0.0301892000939897	0.0002735387083124	-3.7056083937082462	0.6373730236606008	13.731533567521009	0.4062443712902567	-0.0337933637691846	-0.0030391640711075	9.236518251111318e-06	0.0011419914348364	-0.0027702711206858	-0.0001573472683992	7.674402082105757e-06	2.4758162872721257e-08	-0.0110761994507151	0.0002599101341172	0.000122682194272	6.755327781687248e-08	0.0	0.0	0.0	0.0	0.0	0.0	0.0	0.0	0.0	0.0	0.0	0.0	0.0	0.0	0.0	0.0	0.0	0.0	0.0	0.0	0.0	0.0	0.0	0.0	0.0	0.0	0.0	0.0	0.0	0.0	0.0	0.0	0.0	0.0	0.0	0.0	0.0	0.0	0.0	0.0	0.0	0.0	0.0	0.0	0.0	0.0	0.0	0.0	0.0	0.0	0.0	0.0	0.0	0.0	0.0	0.0	0.0	0.0	0.0	0.0	0.0	0.0	0.0	0.0	0.0	0.0	0.0	0.0	0.0	0.0	0.0	0.0	0.0	0.0	0.0	0.0	0.0	0.0	0.0	0.0	0.0	0.0	0.0	0.0	0.0	0.0	0.0	0.0	0.0	0.0	0.0	0.0	0.0	0.0	0.0	1.0	0.0	0.0	0.0	0.0	0.0	0.0	0.0	0.0
2068.513165082458	-39.382250275205024	1550.9616367388862	4278746.714119447	2986.931890226665	-96.8412041915094	8921762.116853038	9378.21882926162	2232.1844292182427	-38.73694059033414	1500.550566299077	4982647.326044372	2528.4861002112443	1692.907138935281	2.041614	65.840103	1.0960929759503657	0.6582604413956957	0.0449942325	-0.0015234179	-0.0276943028	-0.0409421024	0.006702745	0.0172996917	-0.0142725811	-0.0663358204	0.0355987306	-0.0966842386	-0.005310929	-0.0416646372	-0.0061378095	0.0201029729	0.0265201106	-0.0225392548	0.0282469724	0.0946976855	0.0216370161	0.180020238	0.0740175399	-0.0177931851	-0.0726941897	0.0159007108	0.0600045133	-0.0210183882	-0.0228980498	-0.0671418741	-0.1412539897	0.03817704	-0.0138589692	0.0807777654	0.0296248804	0.031486791	-0.0065462705	-0.0289064744	0.079830352	-0.0166935802	-0.0500450067	0.0236295442	0.0982303495	0.0051987857	-0.0690073264	-0.1615579772	-0.0844402418	0.0487890208	-0.088209826	0.0710542613	-0.0169798604	0.0342292867	0.005551106	0.1443013764	-0.2648929743	0.2700662664	0.1932476709	0.1922357059	-0.3134719883	-0.0795889182	0.0735107199	-0.0637218759	0.0507165039	-0.0351510839	0.0178113211	0.0004275147	-0.0186447705	-0.2944906619291743	-0.0809231984259497	0.0867247499634832	0.0065485640434856	0.0500393401035239	0.2237897360570002	0.0025039355579961	0.0500818459644618	-3.807661407349997	-0.1020530136417505	14.498285393022558	0.0104148175933633	-0.0237567158135876	0.0100366479555969	0.0001007343021845	0.0005643815462475	-0.0057550343212238	-0.002984763200538	3.3120420038463885e-05	8.908811363285846e-06	-0.0103110700503368	0.0007651294003783	0.0001063181655829	5.854229993232593e-07	0.0	0.0	0.0	0.0	0.0	0.0	0.0	0.0	0.0	0.0	0.0	0.0	0.0	0.0	0.0	0.0	0.0	0.0	0.0	0.0	0.0	0.0	0.0	0.0	0.0	0.0	0.0	0.0	0.0	0.0	0.0	0.0	0.0	0.0	0.0	0.0	0.0	0.0	0.0	0.0	0.0	0.0	0.0	0.0	0.0	0.0	0.0	0.0	0.0	0.0	0.0	0.0	0.0	0.0	0.0	0.0	0.0	0.0	0.0	0.0	0.0	0.0	0.0	0.0	0.0	0.0	0.0	0.0	0.0	0.0	0.0	0.0	0.0	0.0	0.0	0.0	0.0	0.0	0.0	0.0	0.0	0.0	0.0	0.0	0.0	0.0	0.0	0.0	0.0	0.0	0.0	0.0	0.0	0.0	0.0	0.0	1.0	0.0	0.0	0.0	0.0	0.0	0.0	0.0
2062.020375113045	-6.492789969413025	42.15632158691039	4251928.027381342	3014.384462376645	27.452572149979915	9086513.687017735	753.6437176498529	2239.9716796875	7.787250469257287	60.641269870947845	5017473.12580204	2540.151973297949	1681.864664838567	2.331846	75.199821	2.3275607517588326	1.7439648272051378	-0.0351155316	-0.0106752718	0.0517906786	0.0304531471	-0.0622928846	0.0701037411	-0.0055069928	0.0681297292	-0.0196976156	0.1629674586	0.0832865004	0.0385785235	-0.1387098874	0.0356452514	-0.1476984697	0.1578753298	0.1346814658	0.0705681192	-0.0294767345	-0.0795320276	0.1844394278	-0.0098763463	-0.1170360637	0.0181815929	-0.1205210264	-0.0016548	0.0882679687	0.0670670295	0.0621571443	-0.199813137	-0.1601755291	-0.0534606319	-0.0269014946	-0.0862242121	-0.0453703056	-0.0371907395	-0.0539502745	0.0841070209	0.1948324666	-0.1932735484	-0.0010863994	0.024209024	0.07490916	0.1369296994	-0.0736675757	-0.0300276171	0.0249253629	-0.0116137343	-0.027683462	-0.0248049506	0.0018944656	0.0803186354	-0.005440405	0.1106684753	-0.0001012155	0.0661435379	-0.0095999565	-0.0797754371	0.0742388174	-0.0652939789	0.0533515689	-0.0389598496	0.0227795284	-0.0055534252	-0.0119276293	-0.2775154299111335	0.0169752320180407	0.0770148138387612	0.0002881585020663	0.3357095549214506	0.2856702148179267	0.1127009052655584	0.0816074716341204	-3.9103195849713615	-0.1026581776213646	15.2905992566106	0.0105387014325396	0.0087100265790942	0.0324667423926818	0.0010540893615927	7.586456300852742e-05	-0.0036197829943334	0.0021352513268904	1.3102828926065276e-05	4.559298228987214e-06	-0.006467921223879	0.0038431488264577	4.183400495830442e-05	1.4769792902303958e-05	0.0	0.0	0.0	0.0	0.0	0.0	0.0	0.0	0.0	0.0	0.0	0.0	0.0	0.0	0.0	0.0	0.0	0.0	0.0	0.0	0.0	0.0	0.0	0.0	0.0	0.0	0.0	0.0	0.0	0.0	0.0	0.0	0.0	0.0	0.0	0.0	0.0	0.0	0.0	0.0	0.0	0.0	0.0	0.0	0.0	0.0	0.0	0.0	0.0	0.0	0.0	0.0	0.0	0.0	0.0	0.0	0.0	0.0	0.0	0.0	0.0	0.0	0.0	0.0	0.0	0.0	0.0	0.0	0.0	0.0	0.0	0.0	0.0	0.0	0.0	0.0	0.0	0.0	0.0	0.0	0.0	0.0	0.0	0.0	0.0	0.0	0.0	0.0	0.0	0.0	0.0	0.0	0.0	0.0	0.0	0.0	0.0	1.0	0.0	0.0	0.0	0.0	0.0	0.0
2067.246860569152	5.226485456107184	27.31615022289992	4273509.582533015	2975.811723247328	-38.57273912931714	8855455.412216231	1487.8562039383537	2237.187963972876	-2.7837157146241225	7.749073179845289	5005009.9861451015	2524.446729216331	1691.879998390901	1.204143	38.832458	0.1024573368697179	0.0521302290365065	-0.0078445993	-0.020597675	0.0415282665	0.0244457284	-0.0632925659	0.0618063662	-0.0669125638	-0.0241018364	-0.149369339	0.0835063931	0.1661992927	0.0796704084	-0.0897938608	0.0262350573	-0.0946900151	0.1738518733	0.1149606791	0.0593375364	-0.0170416871	-0.1569298449	0.0746103771	0.0252733022	-0.0861143259	0.0386338343	-0.1282770742	-0.0913615924	0.1727879007	-0.0490729802	0.0512733474	-0.1641268237	-0.1144733495	-0.036339132	-0.0549551119	-0.0706593609	-0.0494549001	-0.018081733	-0.0550480964	0.0833184894	0.18319175	-0.1830208959	-0.0306152832	0.0465285947	0.0491337662	0.0752035044	-0.0551127022	-0.0300422113	0.0170847915	-0.0100659219	-0.004283514	-0.0804440432	-0.0411287446	0.0046221305	0.0325459463	0.022276534	-0.0370130019	0.0288981927	-0.019650612	-0.0799532077	0.0749343514	-0.0668016447	0.0558930371	-0.0426618292	0.0276578354	-0.0115045374	-0.0051268245	-0.255299474274878	0.0222159556362555	0.065177821565029	0.000493548684832	0.3227168293925757	-0.0129927255288749	0.1041461519731968	0.0001688109166686	-3.922675839615089	-0.0123562546437274	15.387385742699944	0.0001526770288206	0.0090050821784723	0.000295055599378	8.70578067243698e-08	8.109150504103944e-05	-0.0035170775492296	0.0001027054451037	1.2369834487294893e-05	1.0548408453969673e-08	-0.0057678342471437	0.0007000869767353	3.326791190252373e-05	4.901217749943728e-07	0.0	0.0	0.0	0.0	0.0	0.0	0.0	0.0	0.0	0.0	0.0	0.0	0.0	0.0	0.0	0.0	0.0	0.0	0.0	0.0	0.0	0.0	0.0	0.0	0.0	0.0	0.0	0.0	0.0	0.0	0.0	0.0	0.0	0.0	0.0	0.0	0.0	0.0	0.0	0.0	0.0	0.0	0.0	0.0	0.0	0.0	0.0	0.0	0.0	0.0	0.0	0.0	0.0	0.0	0.0	0.0	0.0	0.0	0.0	0.0	0.0	0.0	0.0	0.0	0.0	0.0	0.0	0.0	0.0	0.0	0.0	0.0	0.0	0.0	0.0	0.0	0.0	0.0	0.0	0.0	0.0	0.0	0.0	0.0	0.0	0.0	0.0	0.0	0.0	0.0	0.0	0.0	0.0	0.0	0.0	0.0	0.0	0.0	0.0	0.0	0.0	0.0	0.0	0.0
2069.1439887543515	1.8971281851995627	3.5990953510785864	4281356.846198268	3010.957849442332	35.1461261950044	9065867.171118394	1235.2501865151744	2253.643996465774	16.456032492897975	270.80100540731394	5078911.262806225	2544.256101118474	1705.2468053764471	0.994438	32.069683	0.2324922764857365	0.1295954570755495	-0.0204280354	-0.0285411184	0.0594735267	0.015250584	-0.0623214875	0.040923907	0.0043054595	0.003292918	-0.1191626863	0.0723254296	0.121367532	0.0471056947	-0.0834496224	-0.0249150581	-0.1114887946	0.1084487999	0.1272552216	-0.0068923691	-0.000820742	-0.0725967313	0.0084551987	-0.0575816549	-0.060332057	-0.0072497043	-0.1362637125	-0.0382454828	0.1068529707	0.0092369714	0.0208987223	-0.0779058083	-0.12096273	0.0100766294	-0.0461261762	-0.0672911184	-0.0418700325	-0.0268710097	-0.0535186616	0.0626080369	0.1655511886	-0.1557546075	-0.0330476196	0.0303115954	0.0222810148	0.0817038232	-0.0233889646	-0.0312368923	0.0416578675	-0.0138624672	-0.0180008027	-0.0476299576	-0.0047300701	0.0711171367	-0.0014441171	-0.0159312394	-0.003075035	0.0526455783	0.0469360235	-0.0801222105	0.0755970167	-0.0682433853	0.05833645	-0.0462468756	0.0324269895	-0.0173938582	0.0017099414	-0.2823789255184152	-0.0270794512435372	0.0797378575769346	0.0007332966796511	0.3241987837029398	0.0014819543103641	0.1051048513544655	2.1961885780068268e-06	-3.874597955155594	0.0480778844594951	15.012509314095908	0.0023114829741005	0.0082143902940932	-0.0007906918843791	6.251936560229734e-07	6.747620790369257e-05	-0.0038071815704585	-0.0002901040212288	1.449463151043885e-05	8.416034313317803e-08	-0.0078040980709825	-0.0020362638238388	6.090394670151278e-05	4.146370360274612e-06	0.0	0.0	0.0	0.0	0.0	0.0	0.0	0.0	0.0	0.0	0.0	0.0	0.0	0.0	0.0	0.0	0.0	0.0	0.0	0.0	0.0	0.0	0.0	0.0	0.0	0.0	0.0	0.0	0.0	0.0	0.0	0.0	0.0	0.0	0.0	0.0	0.0	0.0	0.0	0.0	0.0	0.0	0.0	0.0	0.0	0.0	0.0	0.0	0.0	0.0	0.0	0.0	0.0	0.0	0.0	0.0	0.0	0.0	0.0	0.0	0.0	0.0	0.0	0.0	0.0	0.0	0.0	0.0	0.0	0.0	0.0	0.0	0.0	0.0	0.0	0.0	0.0	0.0	0.0	0.0	0.0	0.0	0.0	0.0	0.0	0.0	0.0	0.0	0.0	0.0	0.0	0.0	0.0	0.0	0.0	0.0	0.0	0.0	0.0	0.0	0.0	0.0	0.0	0.0
2069.5559833262128	0.4119945718612143	0.1697395272431053	4283061.968121327	2999.337429327714	-11.620420114618357	8996025.014966179	135.03416364022686	2240.4266093200417	-13.217387145732118	174.69932296016464	5019511.391749299	2537.166596288768	1746.6830164786825	1.12209	36.186337	0.296241318050684	0.1779388078603562	-0.0192251875	-0.0268704893	0.0485150727	0.0110917037	-0.0076512675	0.0023385539	-0.0125010409	-0.0042890805	-0.1002854178	0.0205446792	0.1369849721	0.0402839437	-0.0424255475	-0.0106702852	-0.0537053915	0.100921998	0.0575956194	0.0855899256	0.0683567397	-0.1181444066	-0.0527756142	-0.0637507208	-0.1440334511	0.0005620816	-0.1031519207	-0.0467993435	0.0898172632	-0.0076719503	-0.0476156608	-0.0746207962	-0.0686425609	-0.0194279018	0.0364813866	-0.0578323884	-0.0373478679	-0.0355216459	-0.048981742	0.0454787389	0.1085750499	-0.0810507527	-0.0148938476	-0.020949947	-0.0122852042	0.0607616975	-0.0075875418	-0.0543048536	-0.0352260751	-0.040553911	-0.008571861	-0.1308733859	-0.0203322773	-0.0108227775	0.0021434046	-0.0188419669	-0.0134316499	-0.0229407941	-0.0518487924	-0.080282427	0.0762265226	-0.0696177779	0.0606775209	-0.0497051625	0.0370681691	-0.0231897558	0.0085347133	-0.2859585415282311	-0.0035796160098158	0.081772287472953	1.2813650777730149e-05	0.2954760619588086	-0.0287227217441312	0.0873061031906857	0.0008249947443907	-3.762379429215912	0.1122185259396819	14.15549896938705	0.012592997564075	0.0058739822998624	-0.0023404079942307	5.477509579459433e-06	3.4503668059096776e-05	-0.0040294189955785	-0.0002222374251199	1.6236217441928844e-05	4.9389473123967456e-08	-0.0082758617387728	-0.0004717636677903	6.848988751928356e-05	2.2256095824695707e-07	0.0	0.0	0.0	0.0	0.0	0.0	0.0	0.0	0.0	0.0	0.0	0.0	0.0	0.0	0.0	0.0	0.0	0.0	0.0	0.0	0.0	0.0	0.0	0.0	0.0	0.0	0.0	0.0	0.0	0.0	0.0	0.0	0.0	0.0	0.0	0.0	0.0	0.0	0.0	0.0	0.0	0.0	0.0	0.0	0.0	0.0	0.0	0.0	0.0	0.0	0.0	0.0	0.0	0.0	0.0	0.0	0.0	0.0	0.0	0.0	0.0	0.0	0.0	0.0	0.0	0.0	0.0	0.0	0.0	0.0	0.0	0.0	0.0	0.0	0.0	0.0	0.0	0.0	0.0	0.0	0.0	0.0	0.0	0.0	0.0	0.0	0.0	0.0	0.0	0.0	0.0	0.0	0.0	0.0	0.0	0.0	0.0	0.0	0.0	0.0	0.0	0.0	0.0	0.0
2084.963255303888	15.407271977675464	237.3840297940636	4347071.775967387	3034.5874206542967	35.24999132658286	9208720.813593298	1242.5618885241668	2223.795674377706	-16.630934942335898	276.58799705620913	4945267.201380995	2537.96124617931	1720.9830300059398	2.117846	68.298531	1.355533690119976	0.9385894138720252	-0.1169903393	0.0295568213	-0.0160366723	0.0559241319	0.1647285361	-0.1046344413	0.0495470438	0.1475330962	-0.0129036388	0.0337402726	-0.2059964358	-0.0360790148	0.1605564699	0.0623639967	-0.0252044978	-0.0111286244	-0.1959441895	-0.1164468123	-0.0454658087	0.0481640459	-0.1089033439	-0.0005023883	0.1351278665	0.0089863861	-0.0929219394	0.0701180067	-0.1225917346	0.0946130482	0.1455924811	0.2464711596	0.0262736967	-0.0472391458	0.0625575805	-0.0870079632	0.0283570206	-0.0363991801	-0.0055480658	-0.0005398888	-0.126440915	0.1525140066	0.0169854838	-0.1633868973	-0.0636337227	0.0279147301	0.0778353031	0.0331732897	-0.0075913518	0.0443083289	-0.0316337404	0.0159291713	-0.1438664298	-0.0245414517	0.0981940347	-0.0050992484	-0.108036307	-0.0086728749	0.0271138478	-0.0804338397	0.0768225931	-0.0709234662	0.0629121428	-0.0530272111	0.0415630576	-0.0288611001	0.0152996203	-0.3989883381075998	-0.1130297965793687	0.1591916939458643	0.0127757349147734	0.1756025722044825	-0.1198734897543261	0.0308362633648304	0.0143696535458805	-2.9073087023105657	0.8550707269053461	8.452443890530745	0.731145948010437	0.0016794716603821	-0.0041945106394803	1.759391950471344e-05	2.820625058026608e-06	-0.0029364537194875	0.0010929652760909	8.622760446691973e-06	1.1945730947406757e-06	-0.0082121441167254	6.371762204740103e-05	6.74393109938676e-05	4.059935359375446e-09	0.0	0.0	0.0	0.0	0.0	0.0	0.0	0.0	0.0	0.0	0.0	0.0	0.0	0.0	0.0	0.0	0.0	0.0	0.0	0.0	0.0	0.0	0.0	0.0	0.0	0.0	0.0	0.0	0.0	0.0	0.0	0.0	0.0	0.0	0.0	0.0	0.0	0.0	0.0	0.0	0.0	0.0	0.0	0.0	0.0	0.0	0.0	0.0	0.0	0.0	0.0	0.0	0.0	0.0	0.0	0.0	0.0	0.0	0.0	0.0	0.0	0.0	0.0	0.0	0.0	0.0	0.0	0.0	0.0	0.0	0.0	0.0	0.0	0.0	0.0	0.0	0.0	0.0	0.0	0.0	0.0	0.0	0.0	0.0	0.0	0.0	0.0	0.0	0.0	0.0	0.0	0.0	0.0	0.0	0.0	0.0	0.0	0.0	1.0	0.0	0.0	0.0	0.0	0.0
2063.7633100331595	-21.19994527072868	449.4376794818912	4259118.999839023	2944.288285104852	-90.2991355494446	8668833.505805671	8153.93388097697	2225.0397225251963	1.2440481474905027	1.5476557932745516	4950801.766815003	2502.8636603686746	1682.71240595386	1.697721	54.749878	0.6096392183265262	0.3733502254392492	-0.0717077776	0.0073568324	0.0067817994	0.0026638395	0.0717208407	-0.0290567625	-0.1066528185	-0.04319566	-0.0481222501	-0.0511798594	-0.0615214462	-0.0136540315	0.0046961387	0.0598950706	-0.0022587986	0.1186347591	-0.0980975289	-0.1054041425	-0.0334497232	0.0814680486	0.0383966175	-0.0022193113	0.1176578509	0.0844094646	-0.0112324555	-0.0375331569	0.0705162807	0.0190363824	0.0348167329	0.0770548314	0.0315596945	0.0706299605	0.0143841205	-0.0766653294	0.0178977997	-0.0255488451	0.0038509303	-0.0143316671	-0.0787422266	0.1115675507	0.0168197084	-0.0939677371	-0.0424699761	0.0856899482	0.0626858718	0.0397298041	0.0570727351	0.0121998945	-0.0667054074	0.136375369	0.0552460838	0.0868717844	-0.0143445021	0.0639790409	-0.0011549724	-0.0712708925	0.0622468831	-0.0805764318	0.0773849666	-0.0721591615	0.0650363955	-0.0562039158	0.0458939156	-0.0343774302	0.0219572114	-0.3288853790200932	0.0701029590875066	0.1081655925331903	0.0049144248728246	0.2215423656468118	0.0459397934423292	0.0490810197763856	0.0021104646215238	-3.269861621989961	-0.3625529196793953	10.691995026962818	0.131444619568054	0.0017750210218661	9.554936148399996e-05	9.129680480000097e-09	3.150699628066574e-06	-0.0019479439120977	0.0009885098073897	3.794485484678492e-06	9.77151639305819e-07	-0.0066753323632533	0.001536811753472	4.4560062159896886e-05	2.36179036560999e-06	0.0	0.0	0.0	0.0	0.0	0.0	0.0	0.0	0.0	0.0	0.0	0.0	0.0	0.0	0.0	0.0	0.0	0.0	0.0	0.0	0.0	0.0	0.0	0.0	0.0	0.0	0.0	0.0	0.0	0.0	0.0	0.0	0.0	0.0	0.0	0.0	0.0	0.0	0.0	0.0	0.0	0.0	0.0	0.0	0.0	0.0	0.0	0.0	0.0	0.0	0.0	0.0	0.0	0.0	0.0	0.0	0.0	0.0	0.0	0.0	0.0	0.0	0.0	0.0	0.0	0.0	0.0	0.0	0.0	0.0	0.0	0.0	0.0	0.0	0.0	0.0	0.0	0.0	0.0	0.0	0.0	0.0	0.0	0.0	0.0	0.0	0.0	0.0	0.0	0.0	0.0	0.0	0.0	0.0	0.0	0.0	0.0	0.0	0.0	1.0	0.0	0.0	0.0	0.0
2059.9345774183803	-3.828732614779256	14.659193435474394	4243330.463243841	2911.4947583650287	-32.79352673982339	8476801.727987036	1075.4153960355118	2210.048970276144	-14.990752249052548	224.722652992474	4884316.451018644	2480.171554703727	1662.8872345055947	1.343675	43.332249	0.2921334211531012	0.1611862464422941	-0.088387662	0.0134708863	-0.0115784246	0.0283424645	0.0542967133	-0.0436142508	-0.1768032531	-0.0304283634	-0.0134222806	-0.0002520336	-0.0496056853	0.0374664192	-0.0004407103	0.1008279259	0.002038063	0.0881629778	-0.1195537729	-0.0268979512	-0.0613205716	0.0262301385	-0.0098792624	0.0849294347	0.0368852402	0.138400693	-0.0103778531	-0.0292925403	0.1036380407	-0.0065906326	0.0483760425	0.0202863515	0.093253771	0.0107084064	-0.0009732644	-0.0787995304	-0.0034693999	-0.0282738194	-0.0250781065	-0.0158999925	-0.0436806287	0.0843662141	0.0355774871	-0.086421605	-0.028982416	0.1623929833	0.0532526744	-0.0068091665	-0.0446196368	-0.0265554494	-0.019948758	0.0903734943	0.0156553362	-0.0599529782	0.0520991791	0.0929657697	-0.0538431029	-0.1308159563	-0.0761605429	-0.0807101879	0.0779133966	-0.0733236445	0.0670465522	-0.0592265694	0.0500436514	-0.0397091175	0.0284607885	-0.2990300002497434	0.0298553787703497	0.0894189410493615	0.000891343641521	0.2073499036194448	-0.0141924620273669	0.042993982530993	0.0002014259783982	-3.3058883426776404	-0.0360267206876794	10.928897734251915	0.001297924603508	0.004311135733624	0.0025361147117579	6.431877831194856e-06	1.8585891313729745e-05	-0.0016852992663713	0.0002626446457264	2.8402336172316417e-06	6.898220992874622e-08	-0.0052329145273835	0.0014424178358698	2.7383394450901275e-05	2.0805692132353177e-06	0.0	0.0	0.0	0.0	0.0	0.0	0.0	0.0	0.0	0.0	0.0	0.0	0.0	0.0	0.0	0.0	0.0	0.0	0.0	0.0	0.0	0.0	0.0	0.0	0.0	0.0	0.0	0.0	0.0	0.0	0.0	0.0	0.0	0.0	0.0	0.0	0.0	0.0	0.0	0.0	0.0	0.0	0.0	0.0	0.0	0.0	0.0	0.0	0.0	0.0	0.0	0.0	0.0	0.0	0.0	0.0	0.0	0.0	0.0	0.0	0.0	0.0	0.0	0.0	0.0	0.0	0.0	0.0	0.0	0.0	0.0	0.0	0.0	0.0	0.0	0.0	0.0	0.0	0.0	0.0	0.0	0.0	0.0	0.0	0.0	0.0	0.0	0.0	0.0	0.0	0.0	0.0	0.0	0.0	0.0	0.0	0.0	0.0	0.0	0.0	0.0	0.0	0.0	0.0
2090.01798364198	30.083406223599923	905.0113300141304	4368175.171946889	2993.107359876131	81.61260151110218	8958691.667744663	6660.616725409958	2241.864822189529	31.81585191338536	1012.2484329744668	5025957.880970889	2530.8724496155705	1706.5284144992936	1.332835	42.982658	0.2684981303762389	0.1585756080399433	-0.0687328161	0.0071442435	0.0182568665	0.0319478449	0.091777196	-0.0672227078	-0.0164032655	0.0342670129	-0.0550143412	-0.0191846262	-0.0834334775	0.0558408634	-0.0375407043	0.009451603	-0.0372834986	0.0441366873	-0.0862445946	-0.1279833258	0.0194113455	0.0792900076	-0.0096318353	0.0030023036	0.1134918222	0.013915092	-0.0590356703	0.0057477773	0.0022798664	0.0292353662	0.0050161954	0.1274375776	0.0599018651	0.0466801037	-0.0074302282	-0.0676136046	0.0096029458	-0.0272999271	-0.0102344712	-0.0141712927	-0.0668298093	0.1235999942	-0.0091366851	-0.1088828757	-0.0609141204	0.0816818746	0.0769032852	0.0216393265	-0.0065766394	-0.0313088773	-0.0277601269	0.0537570799	-0.0215191921	0.0100512435	-0.001686794	0.0033046189	-0.0033303305	-0.0444310845	0.0299622105	-0.0808350932	0.0784076511	-0.0744157659	0.0689390864	-0.0620868871	0.0539958877	-0.0448275254	0.0347647336	-0.3458926472079895	-0.0468626469582461	0.1196417233925506	0.0021961076799332	0.2063840763899946	-0.0009658272294502	0.0425943869873511	9.328222371474712e-07	-3.288404785674068	0.0174835570035725	10.813606034444112	0.0003056747654971	0.0016650263483412	-0.0026461093852828	7.0018948788817165e-06	2.7723127406704314e-06	-0.0010019757209716	0.0006833235453997	1.0039553454165574e-06	4.669310676976159e-07	-0.0059672035804004	-0.0007342890530169	3.560751856994336e-05	5.391804133804569e-07	0.0	0.0	0.0	0.0	0.0	0.0	0.0	0.0	0.0	0.0	0.0	0.0	0.0	0.0	0.0	0.0	0.0	0.0	0.0	0.0	0.0	0.0	0.0	0.0	0.0	0.0	0.0	0.0	0.0	0.0	0.0	0.0	0.0	0.0	0.0	0.0	0.0	0.0	0.0	0.0	0.0	0.0	0.0	0.0	0.0	0.0	0.0	0.0	0.0	0.0	0.0	0.0	0.0	0.0	0.0	0.0	0.0	0.0	0.0	0.0	0.0	0.0	0.0	0.0	0.0	0.0	0.0	0.0	0.0	0.0	0.0	0.0	0.0	0.0	0.0	0.0	0.0	0.0	0.0	0.0	0.0	0.0	0.0	0.0	0.0	0.0	0.0	0.0	0.0	0.0	0.0	0.0	0.0	0.0	0.0	0.0	0.0	0.0	0.0	0.0	0.0	0.0	0.0	0.0
2075.912868672072	-14.1051149699083	198.9542683143312	4309414.238318311	2977.757378829153	-15.349981046977971	8867039.007171467	235.62191814258296	2228.31174485508	-13.553077334448972	183.68590523355445	4965373.232259092	2517.2394180528345	1709.946961523301	1.07201	34.571297	0.2874688951287166	0.1410617243779684	-0.0866456379	0.0096574191	-0.012392619	0.0223000703	0.1137717239	-0.0784664766	-0.0475415115	0.049904655	-0.0127631591	-0.0716648817	-0.0786461464	0.0837792965	0.0618873425	0.0547618495	-0.0335072121	-0.025879696	-0.1509990462	-0.1204728255	-0.0070798352	0.1088286862	-0.0283869545	-0.0160199009	0.1305244077	0.0490848949	-0.0539850937	0.0460015668	-0.0256202382	0.0164378496	0.0582163293	0.1347292054	0.1156484739	0.0607794937	0.0045707202	-0.0720424974	0.0166799671	-0.0241295813	-0.0073033683	-0.0216713278	-0.112641961	0.1345001608	0.028862121	-0.1377118796	-0.0544427639	0.076051508	0.0688289468	0.0235088077	-0.0395937474	-0.0207116389	-0.0663173852	0.0570314984	-0.0594826832	0.0041399458	-0.0026999316	0.0770671514	-0.0812829141	-0.0802945013	0.0007801559	-0.0809511339	0.0788675135	-0.0754344479	0.0707106781	-0.064777029	0.0577350269	-0.0497051625	0.040824829	-0.3591039587137175	-0.0132113115057279	0.1289556531638633	0.0001745387517013	0.2449663872299794	0.0385823108399848	0.0600085308725082	0.0014885947097532	-3.174996238798784	0.1134085468752839	10.080601116386426	0.0128614985043634	0.0021469462570874	0.0004819199087461	2.322467984459455e-07	4.609378230821595e-06	-0.001677316884227	-0.0006753411632554	2.8133919301129715e-06	4.5608568678715706e-07	-0.0072552770265532	-0.0012880734461527	5.263904473203064e-05	1.659133202683949e-06	0.0	0.0	0.0	0.0	0.0	0.0	0.0	0.0	0.0	0.0	0.0	0.0	0.0	0.0	0.0	0.0	0.0	0.0	0.0	0.0	0.0	0.0	0.0	0.0	0.0	0.0	0.0	0.0	0.0	0.0	0.0	0.0	0.0	0.0	0.0	0.0	0.0	0.0	0.0	0.0	0.0	0.0	0.0	0.0	0.0	0.0	0.0	0.0	0.0	0.0	0.0	0.0	0.0	0.0	0.0	0.0	0.0	0.0	0.0	0.0	0.0	0.0	0.0	0.0	0.0	0.0	0.0	0.0	0.0	0.0	0.0	0.0	0.0	0.0	0.0	0.0	0.0	0.0	0.0	0.0	0.0	0.0	0.0	0.0	0.0	0.0	0.0	0.0	0.0	0.0	0.0	0.0	0.0	0.0	0.0	0.0	0.0	0.0	0.0	0.0	0.0	0.0	0.0	0.0
2066.044693019499	-9.868175652572972	97.380890710034	4268540.673554036	2976.839385986328	-0.9179928428247875	8861572.729959458	0.8427108594775353	2226.183401925224	-2.128342929855989	4.529843627067978	4955892.539007364	2516.269411208046	1676.2948181663812	0.975606	31.46236	0.3191780233410354	0.164240037994589	-0.0872090791	0.0161170897	-0.0375084858	0.0193385775	0.1039417667	-0.0669148721	-0.043297188	-0.0005209453	-0.0432701073	-0.0483675072	-0.0536102868	0.0240253792	0.0709596249	0.0777694167	-0.0417708736	-0.0144182816	-0.0660866771	-0.1202147902	0.0367931839	0.0882636855	-0.0412422693	-0.0571592646	0.1404233405	0.0517445985	-0.0494859971	-0.0108859622	-0.0490492504	0.0313035296	0.0352071468	0.1098899681	0.075357065	0.0884583901	0.0163106538	-0.0666423667	0.0164273539	-0.0113886733	-0.0098083963	-0.0261720088	-0.1223459948	0.1303806617	0.0492826271	-0.125453851	-0.0470491044	0.0536750182	0.0693038684	0.0234501774	-0.0121528828	0.0164687141	-0.0808201745	0.0875718377	-0.0807838906	0.0215335849	0.0139187668	0.0832829943	-0.1184544692	-0.0892538541	0.0203014796	-0.0810582975	0.0792927819	-0.0763786853	0.0723582192	-0.0672896215	0.0612463124	-0.054315831	0.0465985677	-0.3817132532134337	-0.0226092944997162	0.1457050076787829	0.0005111801977748	0.2577188208870637	0.0127524336570843	0.0664189906394184	0.0001626245641783	-3.112378407726929	0.0626178310718548	9.686899352884817	0.0039209927681433	0.0049955819144767	0.0028486356573893	8.11472510854977e-06	2.495583866424669e-05	-0.0025070441548906	-0.0008297272706635	6.285270394571122e-06	6.884473436828666e-07	-0.0080008833807479	-0.0007456063541947	6.401413487232796e-05	5.559288354155134e-07	0.0	0.0	0.0	0.0	0.0	0.0	0.0	0.0	0.0	0.0	0.0	0.0	0.0	0.0	0.0	0.0	0.0	0.0	0.0	0.0	0.0	0.0	0.0	0.0	0.0	0.0	0.0	0.0	0.0	0.0	0.0	0.0	0.0	0.0	0.0	0.0	0.0	0.0	0.0	0.0	0.0	0.0	0.0	0.0	0.0	0.0	0.0	0.0	0.0	0.0	0.0	0.0	0.0	0.0	0.0	0.0	0.0	0.0	0.0	0.0	0.0	0.0	0.0	0.0	0.0	0.0	0.0	0.0	0.0	0.0	0.0	0.0	0.0	0.0	0.0	0.0	0.0	0.0	0.0	0.0	0.0	0.0	0.0	0.0	0.0	0.0	0.0	0.0	0.0	0.0	0.0	0.0	0.0	0.0	0.0	0.0	0.0	0.0	0.0	0.0	0.0	0.0	0.0	0.0
2063.458571956506	-2.586121062992788	6.688022152454949	4257861.278180784	2969.9143512926603	-6.92503469366784	8820391.254014103	47.95610550850323	2229.070467862216	2.887065936991803	8.335149724538358	4968755.150695479	2515.5815306142017	1680.7586436681906	0.980722	31.627337	0.2001742254012416	0.1390313255151304	-0.0856706542	0.0043964446	-0.0275434446	0.0021344742	0.0785452045	-0.0483345331	-0.0431862655	-0.0140727836	-0.0351761159	-0.0413586186	-0.0658658926	0.0839522957	0.0487084116	0.0713365213	-0.0446973094	0.0414148258	-0.0689335212	-0.1603332696	0.0242007612	0.0679931739	-0.0009749104	0.0105620798	0.1471437744	0.0514619705	-0.0473159131	-0.0207716233	-0.013778437	0.0328816648	0.0947432228	0.1042309497	0.0396984239	0.0688669386	-0.035028725	-0.0656751621	0.0042973436	-0.0183080677	-0.0210028802	-0.0249922072	-0.0860704905	0.0932767705	0.050883631	-0.1102823061	-0.0380553027	0.0898136211	0.057029264	0.0079698705	-0.0296720698	0.0037472285	-0.0248074653	0.0621959675	-0.0781008236	-0.018932212	0.0256155031	0.0685959007	-0.0918300678	-0.0372716375	-0.0111554861	-0.0811565722	0.0796832699	-0.0772475461	0.0738788195	-0.0696177779	0.0645158866	-0.0586347667	0.0520454508	-0.4061916496447679	-0.0244783964313342	0.1649916562411378	0.0005991918918495	0.2341984365488656	-0.0235203843381981	0.054848907681933	0.0005532084794165	-3.2451133397752585	-0.1327349320483293	10.530760587987332	0.0176185621858746	0.0052620172381866	0.0002664353237098	7.09877817203991e-08	2.768882541497293e-05	-0.0024918932392825	1.5150915608099988e-05	6.20953191598183e-06	2.2955024376376783e-10	-0.0081081073930975	-0.0001072240123496	6.574140549800234e-05	1.1496988824347178e-08	0.0	0.0	0.0	0.0	0.0	0.0	0.0	0.0	0.0	0.0	0.0	0.0	0.0	0.0	0.0	0.0	0.0	0.0	0.0	0.0	0.0	0.0	0.0	0.0	0.0	0.0	0.0	0.0	0.0	0.0	0.0	0.0	0.0	0.0	0.0	0.0	0.0	0.0	0.0	0.0	0.0	0.0	0.0	0.0	0.0	0.0	0.0	0.0	0.0	0.0	0.0	0.0	0.0	0.0	0.0	0.0	0.0	0.0	0.0	0.0	0.0	0.0	0.0	0.0	0.0	0.0	0.0	0.0	0.0	0.0	0.0	0.0	0.0	0.0	0.0	0.0	0.0	0.0	0.0	0.0	0.0	0.0	0.0	0.0	0.0	0.0	0.0	0.0	0.0	0.0	0.0	0.0	0.0	0.0	0.0	0.0	0.0	0.0	0.0	0.0	0.0	0.0	0.0	0.0
2047.625175506981	-15.833396449525251	250.69644312783888	4192768.859369994	2990.253393554688	20.33904226202776	8941615.357665328	413.6766401365513	2220.381117255141	-8.689350607075085	75.50481397267615	4930092.305863188	2524.430316291187	1656.599772540151	1.851382	59.705299	1.1424160541602717	0.712767188543677	-0.0167550836	-0.0373866119	0.0021932024	0.0342508016	-0.0468501832	0.0516016248	0.0108307194	-0.0407731793	-0.1351042038	0.1215847728	-0.0391432674	-0.0707408462	-0.0744565278	0.0469127761	-0.0271415864	0.0707890756	0.021871691	0.1322968833	-0.0562330784	-0.1163006733	0.1090440687	0.0962775687	0.0255906593	0.0077472181	-0.0342154669	-0.1540972424	0.0354692674	0.046491021	0.0230875292	-0.1040461042	-0.1103043594	-0.1578878218	-0.0147208643	-0.0478382685	-0.0408563641	0.0263345257	-0.0390035594	0.0479689181	0.0962061364	-0.1404378761	-0.023366822	0.080083129	0.0523738332	0.0210250161	-0.041153251	-0.0124966996	0.0322805562	-0.0099695101	0.0274167424	0.0308448967	0.019236128	-0.0368210911	0.0440943539	-0.0038641114	-0.0107604151	0.0024852543	-0.0137958558	-0.0812459471	0.0800388062	-0.0780401729	0.0752698111	-0.0717551168	0.0675308461	-0.0626387723	0.0571272725	-0.3351700935634909	0.0710215560812769	0.1123389916193592	0.0050440614282059	0.3565280060458775	0.1223295694970118	0.1271122190950492	0.0149645235733242	-3.795865277857111	-0.5507519380818526	14.408593207641244	0.3033276973009168	0.011820487971225	0.0065584707330384	4.301353835612126e-05	0.0001397239358778	-0.0035017533724703	-0.0010098601331878	1.226227668160712e-05	1.0198174886020817e-06	-0.0077101784493211	0.0003979289437764	5.944685172037552e-05	1.5834744429500165e-07	0.0	0.0	0.0	0.0	0.0	0.0	0.0	0.0	0.0	0.0	0.0	0.0	0.0	0.0	0.0	0.0	0.0	0.0	0.0	0.0	0.0	0.0	0.0	0.0	0.0	0.0	0.0	0.0	0.0	0.0	0.0	0.0	0.0	0.0	0.0	0.0	0.0	0.0	0.0	0.0	0.0	0.0	0.0	0.0	0.0	0.0	0.0	0.0	0.0	0.0	0.0	0.0	0.0	0.0	0.0	0.0	0.0	0.0	0.0	0.0	0.0	0.0	0.0	0.0	0.0	0.0	0.0	0.0	0.0	0.0	0.0	0.0	0.0	0.0	0.0	0.0	0.0	0.0	0.0	0.0	0.0	0.0	0.0	0.0	0.0	0.0	0.0	0.0	0.0	0.0	0.0	0.0	0.0	0.0	0.0	0.0	0.0	0.0	0.0	0.0	1.0	0.0	0.0	0.0
2047.910124277268	0.2849487702872011	0.0811958016881881	4193935.877117336	2946.862722938939	-43.39067061574906	8683999.907847097	1882.7502964844289	2234.671292127469	14.290174872327952	204.2090978817132	4993755.783858651	2505.623792020216	1658.6629598862633	1.242831	40.080105	0.4343281165397475	0.281777837896535	0.0178481749	-0.0470912755	-0.0009193955	0.0299777989	-0.0857293775	0.0721460295	-0.0964783347	-0.0571657572	-0.0948658042	0.0633379549	0.1375005387	-0.0046595694	-0.0564985414	0.0058012484	-0.046441419	0.0391905369	0.1017011629	0.0612936885	-0.0507875541	-0.1996966772	0.0864692494	0.0668396395	-0.0707955785	0.0540635534	-0.0490059557	-0.0777362375	0.1184479112	-0.071815625	0.0003465993	-0.2328467662	-0.0120828003	-0.1017246561	-0.0445386615	-0.0314249452	-0.0486636619	0.0368128031	-0.0526940962	0.0561201863	0.1431450295	-0.2015862107	-0.0415606942	0.1229463611	0.0651952076	-0.041899274	-0.0698806003	-0.0168385333	0.0274298481	-0.00082335	0.0211134263	-0.0338054537	-0.0041334772	-0.0243330866	0.0265566468	-0.0082332358	-0.0047401135	0.0291822574	-0.0126583639	-0.0813264124	0.0803592349	-0.0787557834	0.076528754	-0.0736957799	0.0702792922	-0.0663063423	0.0618083875	-0.3308795063487935	0.0042905872146974	0.1094812477216212	1.8409138646925127e-05	0.4267680747305036	0.0702400686846261	0.1821309896091807	0.0049336672488209	-4.03689777450775	-0.2410324966506389	16.296543641825625	0.0580966644416402	0.0118154902711932	-4.997700031801264e-06	2.4977005607866356e-11	0.0001396058103486	-0.0048036371738877	-0.0013018838014173	2.307493009835581e-05	1.6949014323930192e-06	-0.0087785962276676	-0.0010684177783464	7.70637517284198e-05	1.1415165490868698e-06	0.0	0.0	0.0	0.0	0.0	0.0	0.0	0.0	0.0	0.0	0.0	0.0	0.0	0.0	0.0	0.0	0.0	0.0	0.0	0.0	0.0	0.0	0.0	0.0	0.0	0.0	0.0	0.0	0.0	0.0	0.0	0.0	0.0	0.0	0.0	0.0	0.0	0.0	0.0	0.0	0.0	0.0	0.0	0.0	0.0	0.0	0.0	0.0	0.0	0.0	0.0	0.0	0.0	0.0	0.0	0.0	0.0	0.0	0.0	0.0	0.0	0.0	0.0	0.0	0.0	0.0	0.0	0.0	0.0	0.0	0.0	0.0	0.0	0.0	0.0	0.0	0.0	0.0	0.0	0.0	0.0	0.0	0.0	0.0	0.0	0.0	0.0	0.0	0.0	0.0	0.0	0.0	0.0	0.0	0.0	0.0	0.0	0.0	0.0	0.0	0.0	0.0	0.0	0.0
2059.1465881264867	11.23646384921858	126.25811983479603	4240084.671392951	2974.332439864309	27.469716925369998	8846653.462829173	754.5853479599588	2246.104115936147	11.432823808678222	130.7094602402796	5044983.699625301	2520.0482813901413	1661.068632319786	1.23037	39.678257	0.43336284455342	0.2648302130294753	-0.0074216798	-0.0371528203	0.0094449406	0.0238896936	-0.0536763495	0.0421957404	-0.0574999627	0.0607692977	-0.0280125155	-0.0041483519	0.0744849574	-0.0247226876	-0.0599565178	-0.0267289324	-0.0313053135	0.0229810166	0.0746190906	0.0036264806	-0.0599489015	-0.0191640766	0.0771825121	-0.0585315861	-0.0193429246	0.0337147753	-0.0473979553	0.0528051438	0.0847407996	-0.0539976642	-0.0217094169	-0.0878015768	-0.0218624391	0.0013959031	-0.0348105235	-0.0364987902	-0.027254881	0.0305764473	-0.0444783643	0.0423468718	0.0710499448	-0.1244188421	-0.0159358233	0.0593932524	0.0302493238	-0.0079684059	-0.018459782	-0.0003215706	0.0553805168	0.008933042	0.0016577927	0.0416635432	0.028756484	0.0491069584	-0.018497765	-0.0366126967	0.0156897749	0.0320853923	0.0864509237	-0.0813979594	0.0806444153	-0.0793936715	0.0776534394	-0.0754344479	0.0727503781	-0.0696177779	0.066055961	-0.3538294830404567	-0.0229499766916632	0.1251953030686768	0.0005267014301478	0.3887394583049399	-0.0380286164255637	0.1511183664432181	0.0014461756672426	-3.798796556487957	0.2381012180197932	14.43085527758476	0.0566921900225091	0.0101093015652839	-0.0017061887059092	2.911079900172448e-06	0.0001021979781378	-0.0055389095184259	-0.0007352723445382	3.067951865330904e-05	5.406254206427021e-07	-0.0085343966097871	0.0002441996178804	7.283592549314556e-05	5.963345337298172e-08	0.0	0.0	0.0	0.0	0.0	0.0	0.0	0.0	0.0	0.0	0.0	0.0	0.0	0.0	0.0	0.0	0.0	0.0	0.0	0.0	0.0	0.0	0.0	0.0	0.0	0.0	0.0	0.0	0.0	0.0	0.0	0.0	0.0	0.0	0.0	0.0	0.0	0.0	0.0	0.0	0.0	0.0	0.0	0.0	0.0	0.0	0.0	0.0	0.0	0.0	0.0	0.0	0.0	0.0	0.0	0.0	0.0	0.0	0.0	0.0	0.0	0.0	0.0	0.0	0.0	0.0	0.0	0.0	0.0	0.0	0.0	0.0	0.0	0.0	0.0	0.0	0.0	0.0	0.0	0.0	0.0	0.0	0.0	0.0	0.0	0.0	0.0	0.0	0.0	0.0	0.0	0.0	0.0	0.0	0.0	0.0	0.0	0.0	0.0	0.0	0.0	0.0	0.0	0.0
2050.430863908698	-8.715724217788647	75.96384864054752	4204266.727669369	2974.001279810855	-0.3311600534539138	8844683.612316605	0.109666981003599	2221.899916083266	-24.20419985288117	585.843290518213	4936839.237090824	2516.4891016288825	1635.3931040575385	1.190548	38.394047	0.333349288893341	0.2248891094915407	0.0067333907	-0.0356704662	-0.012953181	0.0456649938	-0.075073461	0.0615609144	-0.0158982296	-0.1147189736	-0.0858350127	0.1040984807	0.1193881393	0.0182333242	-0.0267013498	0.0252138111	-0.0432681366	0.0534689287	0.0209772422	0.1614028409	-0.0444936676	-0.1389625006	0.1406259984	0.1007444064	-0.1545607533	0.0129840726	-0.029849049	-0.1377915165	0.0910918743	-0.051170169	0.0067349009	-0.1624698512	-0.0334208096	-0.0827983784	-0.0464425596	-0.030994815	-0.038868288	0.041004955	-0.0494679648	0.0533903902	0.1110386563	-0.1773219409	-0.027147845	0.1018200692	0.0572334165	-0.0425547914	-0.0638149873	-0.0082844245	0.0190272121	-0.0024801388	-0.0139621411	0.0254828414	0.0595792271	-0.0133092083	0.0089715665	0.0082938565	-0.0275487596	-0.0710822631	0.0191038973	-0.0814605803	0.0808942224	-0.0799532077	0.0786418943	-0.0769663555	0.0749343514	-0.0725552932	0.0698401994	-0.3660267116684537	-0.0121972286279969	0.1339755536548213	0.0001487723862036	0.4363594939744217	0.0476200356694818	0.1904096079816133	0.0022676677971627	-3.990346700471214	-0.1915501439832572	15.922866789961503	0.0366914576600065	0.0116996314715057	0.0015903299062217	2.529149210623435e-06	0.000136881376569	-0.005497694998199	4.121452022690011e-05	3.0224650293222303e-05	1.698636677533558e-09	-0.0085263034239837	8.093185803401126e-06	7.269785007783615e-05	6.549965644837354e-11	0.0	0.0	0.0	0.0	0.0	0.0	0.0	0.0	0.0	0.0	0.0	0.0	0.0	0.0	0.0	0.0	0.0	0.0	0.0	0.0	0.0	0.0	0.0	0.0	0.0	0.0	0.0	0.0	0.0	0.0	0.0	0.0	0.0	0.0	0.0	0.0	0.0	0.0	0.0	0.0	0.0	0.0	0.0	0.0	0.0	0.0	0.0	0.0	0.0	0.0	0.0	0.0	0.0	0.0	0.0	0.0	0.0	0.0	0.0	0.0	0.0	0.0	0.0	0.0	0.0	0.0	0.0	0.0	0.0	0.0	0.0	0.0	0.0	0.0	0.0	0.0	0.0	0.0	0.0	0.0	0.0	0.0	0.0	0.0	0.0	0.0	0.0	0.0	0.0	0.0	0.0	0.0	0.0	0.0	0.0	0.0	0.0	0.0	0.0	0.0	0.0	0.0	0.0	0.0
2052.3022239006423	1.8713599919442456	3.501988219449568	4211944.418227522	2940.101019287109	-33.900260523746056	8644194.003613098	1149.2276635778553	2213.1074556953463	-8.792460387919618	77.30735967313561	4897844.610454329	2491.7275643247854	1662.109185910358	1.125979	36.311756	0.3721069796593225	0.2321695640380602	0.0070753598	-0.0547526421	0.0081663071	0.0459115084	-0.0665619108	0.0466244984	-0.1107918625	-0.0614575517	-0.0164040092	0.1364417373	0.1227850314	0.0070622262	-0.0071235418	0.0936672719	-0.0563200614	0.0703963117	0.0465780841	0.1896462763	-0.0298732422	-0.1549797304	0.1409906927	0.1983149591	0.1168993835	0.0957237486	0.011339568	-0.0570789572	0.0944840739	-0.039027719	-0.0046882477	-0.2369836586	0.0020710657	-0.1104758602	-0.0499691413	-0.033440446	-0.0505803846	0.0534779775	-0.0522769838	0.0522500022	0.1172832788	-0.1784901672	-0.0357690864	0.1361726696	0.0663298453	-0.03857503	-0.08169698	0.0002654322	0.0246114738	0.010782187	0.0126766793	0.0418459268	0.0401314331	-0.0721997386	0.0737934872	0.0072815324	-0.0449768375	-0.0866642528	0.0015234472	-0.081514268	0.0811085467	-0.0804338397	0.0794923845	-0.0782873035	0.0768225931	-0.0751031108	0.073134559	-0.3489395320927002	0.0170871795757535	0.1217587970570725	0.000291971705854	0.5133830276082136	0.0770235336337919	0.2635621330361758	0.0059326247334358	-3.983442275851552	0.0069044246196621	15.867812365041392	4.76710793285964e-05	0.0158599346166112	0.0041603031451054	1.730812225917471e-05	0.0002515375260431	-0.0047772141841437	0.0007204808140552	2.282177536118376e-05	5.190926034217872e-07	-0.0079852505465422	0.0005410528774414	6.37642262910525e-05	2.927382161877267e-07	0.0	0.0	0.0	0.0	0.0	0.0	0.0	0.0	0.0	0.0	0.0	0.0	0.0	0.0	0.0	0.0	0.0	0.0	0.0	0.0	0.0	0.0	0.0	0.0	0.0	0.0	0.0	0.0	0.0	0.0	0.0	0.0	0.0	0.0	0.0	0.0	0.0	0.0	0.0	0.0	0.0	0.0	0.0	0.0	0.0	0.0	0.0	0.0	0.0	0.0	0.0	0.0	0.0	0.0	0.0	0.0	0.0	0.0	0.0	0.0	0.0	0.0	0.0	0.0	0.0	0.0	0.0	0.0	0.0	0.0	0.0	0.0	0.0	0.0	0.0	0.0	0.0	0.0	0.0	0.0	0.0	0.0	0.0	0.0	0.0	0.0	0.0	0.0	0.0	0.0	0.0	0.0	0.0	0.0	0.0	0.0	0.0	0.0	0.0	0.0	0.0	0.0	0.0	0.0
2077.26079959872	24.95857569807777	622.930500876678	4315012.429549513	2995.613974802118	55.5129555150088	8973703.086029744	3081.6882300113457	2239.8216304366206	26.71417474127429	713.6471321073374	5016800.936171762	2531.8720959435777	1727.6236544838164	1.656051	53.406082	0.9394975983082248	0.5369929320754291	-0.0118090439	-0.0390236908	0.0199350424	0.0056811255	0.0151409144	-0.0166384792	-0.0037852837	0.0504325723	0.0508539139	-0.0119498506	0.0292215985	0.0078746892	-0.0456681217	-0.0014678393	-0.0271608051	0.0029977224	0.051270311	-0.0355668607	-0.0158501668	-0.0415752281	-0.0504098516	-0.0354085438	0.0169611211	-0.0014148246	-0.0037301529	0.0585119496	0.0134783005	0.0123798125	-0.0151659062	-0.041593863	0.0159005217	0.0141406684	-0.0156357579	-0.0267344581	-0.0239875881	0.0185320022	-0.0356488794	0.0172300002	0.0283595038	-0.0542110944	-0.0246161591	0.0134005279	0.0002483042	0.0114637808	0.0088516417	-0.0049005102	0.0149416478	-0.0132317673	0.0198039312	0.0281271756	0.0327603224	-0.0119598873	-0.042082394	-0.0451216602	0.033322003	-0.0069735954	0.0383952014	-0.0815590168	0.081287294	-0.0808350932	0.0802034182	-0.0793936715	0.0784076511	-0.0772475461	0.0759159322	-0.3910928438798038	-0.0421533117871036	0.1529536125339926	0.0017769016946207	0.3554079056697503	-0.1579751219384633	0.1263147794125581	0.0249561391514723	-3.686125798763399	0.2973164770881529	13.587523404309106	0.0883970875481101	0.0085749415181362	-0.0072849930984749	5.307112444482837e-05	7.352962203945595e-05	-0.005299398599369	-0.0005221844152252	2.808362551499412e-05	2.7267656350418816e-07	-0.009019126782732	-0.0010338762361898	8.134464792299367e-05	1.068900071757987e-06	0.0	0.0	0.0	0.0	0.0	0.0	0.0	0.0	0.0	0.0	0.0	0.0	0.0	0.0	0.0	0.0	0.0	0.0	0.0	0.0	0.0	0.0	0.0	0.0	0.0	0.0	0.0	0.0	0.0	0.0	0.0	0.0	0.0	0.0	0.0	0.0	0.0	0.0	0.0	0.0	0.0	0.0	0.0	0.0	0.0	0.0	0.0	0.0	0.0	0.0	0.0	0.0	0.0	0.0	0.0	0.0	0.0	0.0	0.0	0.0	0.0	0.0	0.0	0.0	0.0	0.0	0.0	0.0	0.0	0.0	0.0	0.0	0.0	0.0	0.0	0.0	0.0	0.0	0.0	0.0	0.0	0.0	0.0	0.0	0.0	0.0	0.0	0.0	0.0	0.0	0.0	0.0	0.0	0.0	0.0	0.0	0.0	0.0	0.0	0.0	0.0	1.0	0.0	0.0
2076.8464496518804	-0.414349946839593	0.1716858784459735	4313291.17543162	3009.3464609246503	13.732486122532464	9056166.121879715	188.58117510554672	2241.760790804248	1.9391603676272096	3.760342931376096	5025491.443187286	2543.7873029910547	1731.2096454513803	1.212446	39.100216	0.8694362368544942	0.5085263960253164	-0.0325345162	-0.03595506	0.0331693805	-0.0171334296	0.0329835775	-0.0507079849	0.0540144099	-0.0326063603	-0.0292727756	-0.036725169	0.0112853891	0.0399878615	-0.0249830831	-0.0308137853	-0.0267393947	-0.0101616452	-0.0234629154	0.0066183784	0.0950433621	0.0037271428	-0.0770754811	-0.082221005	-0.0516627873	-0.0459118419	-0.024771894	-0.0417660634	-0.0301113679	0.0279102719	-0.0912930173	0.0513181628	-0.0068657437	0.0337471289	0.043627305	-0.0181715131	-0.0144839393	-0.0134543803	-0.0158386379	-0.0207050227	-0.0216670117	0.0651943159	0.0006883957	-0.0372355292	-0.0670097796	0.008553779	0.0528964951	-0.0163761708	-0.0261929799	-0.0470388708	0.0801080613	-0.0719632991	0.0120054574	-0.0210301462	-0.0362323812	-0.0716690003	0.0687539731	0.0505245784	-0.0044962204	-0.0815948217	0.0814303861	-0.0811565722	0.0807737477	-0.080282427	0.0796832699	-0.0789770813	0.0781648097	-0.4421998783528238	-0.05110703447302	0.1955407324152522	0.0026119289726264	0.1979819213904505	-0.1574259842792997	0.0391968411974545	0.0247829405263063	-3.5264540443241046	0.1596717544392945	12.435878126729834	0.0254950691657223	0.0007319303452162	-0.00784301117292	6.151282425854795e-05	5.357220302483057e-07	-0.0035210342683218	0.0017783643310472	1.2397682318696432e-05	3.162579693940956e-06	-0.0094223805520224	-0.0004032537692903	8.878125526712993e-05	1.6261360244691493e-07	0.0	0.0	0.0	0.0	0.0	0.0	0.0	0.0	0.0	0.0	0.0	0.0	0.0	0.0	0.0	0.0	0.0	0.0	0.0	0.0	0.0	0.0	0.0	0.0	0.0	0.0	0.0	0.0	0.0	0.0	0.0	0.0	0.0	0.0	0.0	0.0	0.0	0.0	0.0	0.0	0.0	0.0	0.0	0.0	0.0	0.0	0.0	0.0	0.0	0.0	0.0	0.0	0.0	0.0	0.0	0.0	0.0	0.0	0.0	0.0	0.0	0.0	0.0	0.0	0.0	0.0	0.0	0.0	0.0	0.0	0.0	0.0	0.0	0.0	0.0	0.0	0.0	0.0	0.0	0.0	0.0	0.0	0.0	0.0	0.0	0.0	0.0	0.0	0.0	0.0	0.0	0.0	0.0	0.0	0.0	0.0	0.0	0.0	0.0	0.0	0.0	0.0	1.0	0.0
2068.886277081456	-7.960172570424675	63.36434735094137	4280290.427495966	3001.535728374281	-7.810732550369266	9009216.728707325	61.00754297339798	2233.968760568858	-7.792030235389575	60.71573518922531	4990616.423197561	2531.116249845107	1718.9463885557718	0.945778	30.500433	0.095855269766676	0.0453411523844943	-0.0307794629	-0.028922821	0.0027897162	-0.0246557037	0.0514387879	-0.0335313384	0.0242737657	0.0143599731	0.0204774526	-0.0566116733	-0.0086150014	-0.012032545	-0.011609345	-0.0092951461	0.0163786751	-0.0170737236	-0.0662038633	0.0058301297	0.1293428477	0.0055739353	-0.0588111361	-0.1036784158	-0.0859984665	-0.0100586136	0.0084376323	0.0231043258	-0.0219584091	0.0500917945	-0.0932677499	0.0718066797	0.0268085124	0.0754804378	0.0331373615	-0.0096525697	-0.0032037398	-0.0080913133	-0.0092325245	-0.0281122104	-0.0518977142	0.08303211	0.002956625	-0.0356271367	-0.0776046412	-0.0123261094	0.0705494118	0.0127745839	-0.0082840221	-0.0298340717	0.0864328198	-0.0238944706	0.0442467612	0.0064186218	-0.070602702	-0.0947809951	0.1339046836	0.0587177004	0.0168835542	-0.0816216788	0.0815377601	-0.0813979594	0.0812023727	-0.0809511339	0.0806444153	-0.080282427	0.0798654172	-0.4552282166134631	-0.0130283382606392	0.207232729201074	0.0001697375978336	0.2079730404004607	0.0099911190100101	0.0432527855334116	9.98224590721868e-05	-3.5095646022121016	0.0168894421120029	12.317043697100187	0.0002852532548546	7.410110962302856e-05	-0.0006578292355931	4.3273930320109627e-07	5.4909744473640975e-09	-0.0036829603062982	-0.0001619260379763	1.3564196617768127e-05	2.6220041774734525e-08	-0.0097215526861333	-0.0002991721341109	9.45085866292656e-05	8.950396582847126e-08	0.0	0.0	0.0	0.0	0.0	0.0	0.0	0.0	0.0	0.0	0.0	0.0	0.0	0.0	0.0	0.0	0.0	0.0	0.0	0.0	0.0	0.0	0.0	0.0	0.0	0.0	0.0	0.0	0.0	0.0	0.0	0.0	0.0	0.0	0.0	0.0	0.0	0.0	0.0	0.0	0.0	0.0	0.0	0.0	0.0	0.0	0.0	0.0	0.0	0.0	0.0	0.0	0.0	0.0	0.0	0.0	0.0	0.0	0.0	0.0	0.0	0.0	0.0	0.0	0.0	0.0	0.0	0.0	0.0	0.0	0.0	0.0	0.0	0.0	0.0	0.0	0.0	0.0	0.0	0.0	0.0	0.0	0.0	0.0	0.0	0.0	0.0	0.0	0.0	0.0	0.0	0.0	0.0	0.0	0.0	0.0	0.0	0.0	0.0	0.0	0.0	0.0	0.0	0.0
2073.0040576344177	4.117780552961904	16.95611668235124	4297345.8229687605	3025.1567119397614	23.6209835654804	9151573.131794188	557.9508646006952	2242.816637707995	8.847877139136926	78.28492986926184	5030226.470379796	2548.2593271307355	1686.238673405141	1.084177	34.963661	0.1478876477614819	0.0777732526471269	-0.0377772925	-0.0335166648	0.0036833636	0.0043306886	-0.0035410449	-0.0290090446	0.0942284922	-0.0269160336	-0.0537013233	-0.0559870079	-0.012837415	-0.0276740913	-0.0546818268	-0.0450196226	0.04527043	-0.0494876507	-0.0591010917	-0.0067618497	0.091640157	0.0587555037	-0.114422816	-0.1248657648	-0.1343865535	-0.064617503	0.0064750991	-0.0648015412	-0.0646980862	0.0430613603	-0.1301739903	0.1447003817	0.0297966457	0.041776329	0.0631073039	-0.0069282287	-0.014722262	-0.0122415237	-0.0104858997	-0.0375121062	-0.0240497722	0.0857518991	-0.0070573638	-0.0272244628	-0.078440759	-0.0360107533	0.0580861972	-0.0292067713	-0.0297789059	-0.0569947821	0.0852188812	-0.1209604793	0.025008264	-0.0200641055	-0.0340290575	-0.1070051686	0.1175463177	0.0656850194	-0.0338453826	-0.0816395852	0.0816093689	-0.0815590168	0.0814885411	-0.0813979594	0.081287294	-0.0811565722	0.0810058262	-0.454005107421267	0.001223109192196	0.2061206375645961	1.4959960960345776e-06	0.183759971054414	-0.0242130693460466	0.033767726961919	0.0005862727271564	-3.5528998748257195	-0.0433352726136178	12.623097520536612	0.0018779458524965	-0.0011367861759733	-0.0012108872855963	1.4662480184188446e-06	1.2922828098839986e-06	-0.0033360453439816	0.0003469149623165	1.1129198537101311e-05	1.2034999107912797e-07	-0.0097460743704128	-2.4521684279498957e-05	9.498596563361726e-05	6.01312999903426e-10	0.0	0.0	0.0	0.0	0.0	0.0	0.0	0.0	0.0	0.0	0.0	0.0	0.0	0.0	0.0	0.0	0.0	0.0	0.0	0.0	0.0	0.0	0.0	0.0	0.0	0.0	0.0	0.0	0.0	0.0	0.0	0.0	0.0	0.0	0.0	0.0	0.0	0.0	0.0	0.0	0.0	0.0	0.0	0.0	0.0	0.0	0.0	0.0	0.0	0.0	0.0	0.0	0.0	0.0	0.0	0.0	0.0	0.0	0.0	0.0	0.0	0.0	0.0	0.0	0.0	0.0	0.0	0.0	0.0	0.0	0.0	0.0	0.0	0.0	0.0	0.0	0.0	0.0	0.0	0.0	0.0	0.0	0.0	0.0	0.0	0.0	0.0	0.0	0.0	0.0	0.0	0.0	0.0	0.0	0.0	0.0	0.0	0.0	0.0	0.0	0.0	0.0	0.0	0.0
2060.083558999185	-12.920498635232889	166.93928498305493	4243944.270058747	2949.998898154811	-75.15781378495058	8702493.499114597	5648.696972933307	2207.395813780945	-35.42082392705015	1254.6347676710884	4872596.278697641	2488.559378540408	1690.2976703238887	1.741775	56.170593	0.9460097787990228	0.4727331361714533	-0.0659659241	-0.0453739985	-0.0158166666	-0.0072985922	0.001393236	-0.049970451	-0.0813538644	0.0367232145	0.1183461034	-0.080426682	-0.0776673958	0.1237214124	0.0278120151	0.0867899482	0.1268476901	0.0454798959	-0.0583929212	-0.0834007395	-0.0686845898	0.0577640948	-0.080032876	0.0645849944	-0.0384111667	0.0924598849	0.0847798047	0.0900185476	0.0339156282	0.0361933796	0.1017361251	0.2044136467	0.0552756135	0.0076319797	-0.0170597732	-0.0245418707	-0.0100316365	0.0161356203	-0.0180971655	-0.0919048539	-0.0727161514	0.1232811943	-0.0351805274	0.0242488407	-0.0267545717	-0.007464714	0.0882220582	0.0540066359	0.0053434551	-0.0165381389	0.0145712365	0.13565039	-0.0520129683	0.0402996055	-0.0029775216	-0.1470733594	0.1124847958	0.0840730767	-0.0428429481	-0.0816485389	0.0816451812	-0.0816395852	0.081631751	-0.0816216788	0.0816093689	-0.0815948217	0.0815780375	-0.2785382740717637	0.1754668333495033	0.0775835701228769	0.0307886096057023	0.1947398114005523	0.0109798403461383	0.0379235941443226	0.0001205568940266	-3.369445951963108	0.1834539228626113	11.353166023200576	0.0336553418136809	0.0009872293531078	0.0021240155290811	4.511441967777665e-06	9.746217956376453e-07	0.0031401705011027	0.0064762158450843	9.860670775995582e-06	4.194137167212096e-05	-0.0068241220997628	0.00292195227065	4.656864243247104e-05	8.53780507195669e-06	0.0	0.0	0.0	0.0	0.0	0.0	0.0	0.0	0.0	0.0	0.0	0.0	0.0	0.0	0.0	0.0	0.0	0.0	0.0	0.0	0.0	0.0	0.0	0.0	0.0	0.0	0.0	0.0	0.0	0.0	0.0	0.0	0.0	0.0	0.0	0.0	0.0	0.0	0.0	0.0	0.0	0.0	0.0	0.0	0.0	0.0	0.0	0.0	0.0	0.0	0.0	0.0	0.0	0.0	0.0	0.0	0.0	0.0	0.0	0.0	0.0	0.0	0.0	0.0	0.0	0.0	0.0	0.0	0.0	0.0	0.0	0.0	0.0	0.0	0.0	0.0	0.0	0.0	0.0	0.0	0.0	0.0	0.0	0.0	0.0	0.0	0.0	0.0	0.0	0.0	0.0	0.0	0.0	0.0	0.0	0.0	0.0	0.0	0.0	0.0	0.0	0.0	0.0	1.0
