#!ascii label  , from subject sub-v1s20x0050335_ses-1 vox2ras=TkReg
5763
95689  35.841  22.797  28.876 0.2000000030
95705  34.838  22.762  27.577 0.3000000119
124314  34.766  21.990  28.023 0.2000000030
136855  34.027  21.286  27.450 0.2000000030
94872  34.425  21.104  28.357 0.3000000119
94858  35.300  21.905  29.195 0.2000000030
94161  33.721  20.257  27.494 0.3000000119
94160  34.368  20.001  28.430 0.3000000119
94149  34.954  20.969  29.280 0.4000000060
92906  34.077  18.428  27.540 0.4000000060
93510  33.873  19.125  27.674 0.3000000119
93509  34.535  18.971  28.399 0.4000000060
134080  34.958  19.870  29.277 0.3000000119
92924  34.098  18.060  26.970 0.5000000000
131061  33.859  18.287  27.199 0.5000000000
92905  34.760  18.442  28.328 0.5000000000
93505  35.071  18.937  29.207 0.4000000060
92960  33.993  18.149  24.967 0.4000000060
119337  34.495  18.196  25.745 0.5000000000
128643  34.407  18.305  27.685 0.5000000000
92904  35.092  18.159  28.522 0.5000000000
92893  35.217  18.499  29.082 0.5000000000
92880  35.523  18.901  29.968 0.4000000060
92320  35.477  18.079  23.312 0.4000000060
139603  35.246  18.396  23.846 0.4000000060
92944  35.105  18.244  26.390 0.5000000000
92923  34.885  18.040  27.582 0.5000000000
91681  36.066  16.469  22.744 0.4000000060
92972  35.842  18.472  24.034 0.4000000060
116816  35.936  18.167  26.886 0.5000000000
92922  35.677  17.857  28.053 0.5000000000
92892  35.671  18.364  29.651 0.5000000000
90908  36.612  15.492  23.127 0.5000000000
92319  36.228  17.428  23.035 0.4000000060
92971  36.833  18.375  23.883 0.5000000000
92958  36.412  18.595  24.821 0.5000000000
139422  36.288  17.940  27.507 0.5000000000
92903  35.942  17.855  29.084 0.5000000000
86533  37.386  8.768  17.641 0.8000000119
87288  37.164  9.968  19.452 0.8999999762
88657  36.768  11.987  20.914 0.8000000119
123804  36.186  12.656  22.985 0.6000000238
90107  37.075  14.330  23.631 0.6000000238
91666  36.895  16.611  23.114 0.5000000000
92921  36.978  18.144  26.981 0.5000000000
92891  36.454  18.133  30.438 0.4000000060
86537  37.199  8.885  16.688 0.8000000119
87295  37.552  9.430  18.937 0.8999999762
87977  37.212  10.687  19.799 0.8000000119
88646  37.575  12.819  21.923 0.8000000119
89361  37.300  13.703  23.626 0.6999999881
90900  37.452  15.589  23.523 0.5000000000
92970  37.592  18.175  23.780 0.5000000000
92957  37.478  18.517  24.667 0.5000000000
92943  37.721  18.510  25.867 0.5000000000
116526  36.547  17.769  28.141 0.5000000000
92890  36.922  17.692  29.334 0.5000000000
85697  36.243  8.638  14.262 0.6999999881
85692  36.357  8.625  15.262 0.8000000119
87969  37.343  11.581  20.223 0.8000000119
89369  37.485  13.419  23.307 0.6999999881
90106  38.028  14.702  23.967 0.6000000238
92317  38.045  17.602  23.596 0.5000000000
92969  38.262  18.181  24.083 0.5000000000
116527  37.648  17.889  27.984 0.5000000000
86541  36.980  9.062  15.711 0.8000000119
86532  38.076  9.004  17.949 0.8999999762
87976  37.960  10.939  19.505 0.8999999762
88656  37.382  12.399  20.852 0.8000000119
89360  38.043  13.746  23.662 0.6999999881
90899  38.327  15.757  23.883 0.5000000000
135602  38.926  18.098  24.287 0.5000000000
117259  37.875  18.289  26.787 0.5000000000
85704  36.342  8.515  13.323 0.6999999881
86531  38.556  9.325  18.185 0.8999999762
87286  38.490  10.258  18.912 0.8999999762
88663  38.165  12.025  19.867 0.8000000119
89386  38.475  13.233  22.018 0.8999999762
92956  38.570  18.479  24.973 0.5000000000
85710  36.563  8.321  12.458 0.6999999881
86544  36.791  9.132  14.738 0.8000000119
86535  38.622  9.332  17.535 0.8999999762
89368  38.272  13.438  23.072 0.5000000000
90898  38.865  14.973  24.326 0.6000000238
92307  39.388  17.548  24.317 0.5000000000
92942  38.588  18.496  26.114 0.5000000000
82135  39.098  4.298  7.864 0.6000000238
83100  36.808  5.096  9.478 0.6999999881
84872  36.996  6.817  11.103 0.6999999881
86564  36.970  8.987  12.843 0.6999999881
86554  36.769  9.114  13.776 0.6999999881
87309  38.058  9.816  15.661 0.8999999762
87294  38.897  9.756  18.408 0.8999999762
87975  38.742  11.110  19.087 0.8999999762
88655  38.221  12.842  20.851 0.8999999762
126871  39.231  15.979  24.243 0.5000000000
92955  39.481  18.211  24.708 0.5000000000
82126  37.412  4.728  8.815 0.6999999881
83999  36.876  6.060  9.641 0.6999999881
84860  37.179  7.691  11.154 0.6999999881
86540  37.452  9.599  15.091 0.8000000119
86539  38.472  9.619  16.532 0.8000000119
89399  39.121  13.232  20.920 0.8999999762
89359  39.024  13.793  23.495 0.6000000238
91656  39.810  16.714  24.409 0.5000000000
82136  38.198  4.543  8.264 0.6999999881
83101  36.763  5.688  9.123 0.6999999881
83988  37.043  6.394  10.484 0.6999999881
85709  37.226  8.744  12.016 0.6999999881
86553  37.441  9.633  13.362 0.6999999881
127523  38.052  10.176  14.827 0.8999999762
87986  39.246  10.363  18.558 0.8999999762
88654  38.935  12.721  19.887 0.8999999762
90099  39.389  14.588  24.345 0.5000000000
83109  37.519  5.249  8.101 0.6999999881
85719  37.459  8.478  11.315 0.6999999881
87308  38.707  10.211  15.671 0.8999999762
87305  39.293  9.717  17.105 0.8000000119
121078  38.971  12.017  19.151 0.8999999762
89385  39.444  13.498  21.882 0.8000000119
90104  39.604  14.228  24.059 0.6000000238
130594  37.367  6.811  10.027 0.6999999881
85730  37.652  8.137  10.667 0.6999999881
86563  37.628  9.409  12.346 0.6999999881
118714  38.106  10.389  13.620 0.8000000119
122735  39.431  10.222  16.290 0.8000000119
87300  39.932  10.024  17.663 0.8000000119
87293  40.034  10.374  18.204 0.8999999762
88662  39.799  12.421  19.129 0.8999999762
83119  36.997  6.060  8.088 0.6999999881
126549  37.157  6.900  9.256 0.6999999881
86574  37.861  9.181  11.557 0.6999999881
86562  38.273  9.835  11.869 0.6000000238
87311  38.672  10.758  14.560 0.8000000119
85749  37.393  7.782  8.866 0.6999999881
84882  37.693  7.674  9.920 0.6999999881
85718  38.083  8.889  10.881 0.6000000238
87307  39.385  10.765  15.351 0.8000000119
85729  38.247  8.560  10.217 0.6000000238
86573  38.542  9.568  11.128 0.6000000238
87326  38.714  10.523  12.412 0.6000000238
87321  38.894  11.075  13.448 0.8000000119
88004  39.314  11.353  14.358 0.8000000119
85739  38.055  8.532  9.471 0.6000000238
86581  38.764  9.301  10.478 0.6000000238
87336  38.980  10.220  11.399 0.6999999881
87320  39.416  11.148  12.556 0.8000000119
85748  37.805  8.680  8.399 0.6000000238
86590  38.850  9.165  9.871 0.6000000238
86580  39.514  9.780  10.104 0.6000000238
130279  36.813  23.936  28.526 0.2000000030
96495  36.688  23.352  28.877 0.2000000030
95688  36.719  22.971  29.086 0.2000000030
94132  35.560  20.765  29.938 0.2000000030
93497  35.514  19.734  30.051 0.3000000119
85687  36.512  8.553  16.250 0.8000000119
85698  35.768  8.134  14.757 0.6999999881
84849  36.328  7.555  12.208 0.6999999881
81134  38.839  3.973  8.633 0.5000000000
81118  37.593  4.169  9.695 0.6000000238
83989  36.672  6.004  11.036 0.6999999881
81133  39.655  3.800  8.399 0.5000000000
81146  39.960  3.934  7.607 0.6000000238
84861  36.695  7.225  11.628 0.6999999881
92941  39.437  18.457  25.516 0.5000000000
92306  40.242  17.555  24.673 0.6000000238
92954  40.129  18.279  25.082 0.6000000238
82147  40.371  3.929  6.819 0.6999999881
90098  40.113  14.662  24.443 0.5000000000
120926  40.030  15.869  24.555 0.5000000000
134894  39.430  4.510  6.919 0.6999999881
82148  38.430  5.068  7.447 0.6999999881
83118  37.681  5.791  7.553 0.6999999881
89398  39.731  13.237  19.977 0.8999999762
84890  36.960  7.008  8.185 0.6999999881
88671  40.435  11.763  18.561 0.8999999762
84021  37.429  6.596  7.398 0.6999999881
87303  40.234  10.652  16.149 0.8000000119
87299  40.633  10.343  17.122 0.8000000119
84901  37.431  7.572  7.180 0.6000000238
121653  37.295  7.909  7.993 0.6999999881
116937  39.473  10.792  11.674 0.6999999881
124164  39.890  11.573  12.720 0.8000000119
86600  38.609  9.330  9.003 0.6000000238
87335  39.709  10.523  10.908 0.6999999881
88020  39.915  11.323  11.927 0.8000000119
87343  40.034  10.312  10.282 0.6999999881
120298  38.402  9.414  8.191 0.6000000238
86589  39.536  9.848  9.380 0.6999999881
87349  40.339  10.234  9.669 0.6999999881
97292  37.687  24.109  28.285 0.2000000030
96494  37.161  23.495  28.660 0.2000000030
94857  36.184  22.164  29.524 0.2000000030
94841  35.671  21.558  29.726 0.2000000030
93496  35.869  19.528  30.672 0.3000000119
92879  36.086  18.862  30.844 0.3000000119
116528  38.014  17.665  29.765 0.5000000000
92902  38.735  18.078  28.191 0.5000000000
139365  41.808  3.522  6.990 0.6000000238
81145  40.789  3.668  7.579 0.5000000000
92919  39.406  18.498  26.757 0.5000000000
92920  38.438  18.291  27.133 0.5000000000
81158  42.852  3.277  6.430 0.6000000238
81159  41.974  3.422  6.224 0.6000000238
117392  41.233  3.638  6.888 0.6000000238
91655  40.710  16.524  24.639 0.5000000000
90129  40.985  13.966  22.196 0.6999999881
90113  40.539  13.908  22.851 0.6999999881
88661  40.714  12.505  18.802 0.8999999762
89407  40.342  13.068  19.352 0.8999999762
82162  40.065  4.348  6.029 0.6000000238
87993  41.329  10.858  17.725 0.8999999762
87984  40.769  10.965  18.227 0.8999999762
82163  39.316  4.985  6.129 0.6000000238
82164  38.800  5.196  6.695 0.6000000238
84020  38.202  5.931  6.848 0.6999999881
87996  41.185  10.779  16.563 0.8000000119
83128  38.734  5.602  6.134 0.6000000238
88003  40.530  11.885  14.601 0.8000000119
88001  40.009  11.315  15.064 0.8000000119
84032  37.826  6.868  6.385 0.5000000000
87334  40.436  10.771  10.482 0.6999999881
132454  40.100  11.043  11.142 0.6999999881
83137  38.648  6.023  5.324 0.5000000000
125745  38.230  6.642  5.598 0.5000000000
84910  37.744  7.767  6.081 0.5000000000
85760  37.575  8.480  7.442 0.5000000000
135554  37.992  9.132  7.675 0.6000000238
118488  40.848  10.588  9.898 0.6999999881
84042  37.992  7.279  5.390 0.5000000000
86615  37.977  9.147  6.856 0.5000000000
85759  38.601  9.673  7.449 0.6000000238
86599  39.298  10.011  8.261 0.6000000238
87359  40.402  10.296  8.763 0.6000000238
85770  37.907  8.565  5.602 0.5000000000
138391  37.878  8.845  6.281 0.5000000000
87368  39.473  10.173  7.082 0.6000000238
87367  40.440  10.350  7.657 0.6999999881
133964  38.235  9.274  5.951 0.5000000000
120061  38.723  9.793  6.481 0.5000000000
119121  37.764  24.687  28.125 0.2000000030
97291  38.262  24.827  27.928 0.2000000030
96509  37.673  23.667  28.267 0.2000000030
95687  37.163  23.044  28.793 0.2000000030
94840  36.019  21.347  30.022 0.2000000030
95674  36.490  22.592  29.208 0.2000000030
94856  36.327  21.735  29.716 0.2000000030
94839  36.344  20.814  30.227 0.2000000030
94131  36.035  20.376  30.608 0.2000000030
93484  36.344  19.627  31.156 0.3000000119
94148  36.549  20.733  30.385 0.2000000030
94130  36.567  20.107  30.873 0.3000000119
93483  36.802  19.534  31.615 0.3000000119
92878  36.615  18.691  31.422 0.3000000119
93495  37.377  19.378  32.060 0.3000000119
136162  37.219  17.779  30.604 0.4000000060
119300  37.868  17.944  31.472 0.3000000119
132341  38.626  17.800  31.088 0.4000000060
92889  39.174  17.884  29.705 0.4000000060
81157  43.543  3.118  5.965 0.5000000000
132043  41.092  18.293  26.037 0.6000000238
92918  40.559  18.532  26.840 0.6000000238
92901  39.834  18.393  28.091 0.6000000238
122533  42.824  3.269  5.760 0.6000000238
92297  41.818  17.657  25.829 0.6000000238
92298  40.929  17.897  25.205 0.6000000238
81185  45.093  4.055  4.227 0.5000000000
91654  41.520  16.078  24.800 0.6000000238
90890  40.647  15.387  24.591 0.6000000238
81171  44.414  3.379  5.275 0.5000000000
81172  43.426  3.368  5.021 0.6000000238
81160  40.900  3.756  6.019 0.6999999881
90097  40.936  14.760  24.410 0.6000000238
130909  40.720  14.157  23.493 0.5000000000
90103  40.434  14.346  24.041 0.5000000000
81174  41.528  3.565  5.453 0.6000000238
137419  40.506  4.045  5.608 0.6000000238
89383  40.985  13.866  21.154 0.8999999762
81173  42.380  3.409  5.017 0.5000000000
81175  40.909  3.851  5.116 0.5000000000
89406  41.065  13.230  19.184 0.8999999762
119705  41.158  11.783  18.327 0.8000000119
81202  42.159  3.730  3.909 0.5000000000
81188  41.279  3.829  4.307 0.6000000238
87983  41.458  11.270  17.996 0.8999999762
136646  41.293  10.633  17.282 0.8000000119
82174  39.629  4.836  5.374 0.6000000238
82189  41.378  4.293  3.369 0.5000000000
82190  40.613  4.229  4.329 0.6000000238
132849  39.131  5.366  5.559 0.6000000238
84031  38.339  6.209  6.102 0.6000000238
88013  40.239  12.022  13.461 0.8000000119
118873  39.585  5.158  3.815 0.6000000238
88028  40.756  11.299  10.746 0.6999999881
82206  40.308  4.775  3.379 0.6000000238
83159  39.671  5.402  3.019 0.6000000238
83149  38.676  6.193  4.321 0.5000000000
123185  41.442  10.467  8.054 0.8000000119
83160  39.004  5.934  3.376 0.5000000000
132612  42.148  10.524  7.524 0.8000000119
84055  39.360  6.112  2.090 0.5000000000
84050  38.389  6.820  3.391 0.5000000000
123669  37.846  7.936  5.130 0.5000000000
87377  39.639  10.256  5.795 0.5000000000
138974  40.118  10.504  4.937 0.5000000000
123814  40.881  10.530  5.162 0.6000000238
84056  38.449  6.862  2.098 0.5000000000
85779  38.036  8.507  4.139 0.5000000000
86620  38.766  9.939  3.859 0.5000000000
87387  39.569  10.373  4.425 0.5000000000
84925  37.921  8.095  3.358 0.5000000000
83180  40.475  6.353  -0.800 0.4000000060
83181  39.550  6.838  -1.930 0.4000000060
98056  38.645  25.438  27.186 0.2000000030
99600  38.094  27.238  25.626 0.1000000015
98055  38.716  26.375  26.333 0.1000000015
97322  38.282  24.808  27.162 0.2000000030
97304  38.040  24.249  27.764 0.2000000030
98836  37.116  26.301  24.969 0.1000000015
98068  38.005  25.524  25.957 0.1000000015
96524  37.568  23.456  27.006 0.2000000030
97323  37.580  24.372  26.172 0.2000000030
94871  36.816  22.209  29.043 0.2000000030
126777  36.787  22.733  26.093 0.2000000030
95704  36.986  22.037  27.760 0.2000000030
94173  36.801  21.150  27.714 0.2000000030
94159  36.740  21.067  29.192 0.2000000030
140219  37.925  20.149  28.231 0.2000000030
94146  37.934  19.885  29.978 0.3000000119
94158  37.381  20.441  28.598 0.3000000119
94147  37.290  20.218  29.920 0.3000000119
94145  39.574  20.275  29.844 0.3000000119
93503  38.728  19.825  31.355 0.3000000119
93504  37.579  19.713  31.459 0.3000000119
94114  40.479  20.273  32.961 0.3000000119
93493  39.445  19.497  32.720 0.3000000119
93494  38.267  19.306  32.448 0.3000000119
93481  40.424  19.760  33.074 0.4000000060
92876  38.597  18.403  32.286 0.3000000119
92864  37.856  18.796  32.356 0.3000000119
92862  40.533  19.054  32.694 0.4000000060
92874  40.903  18.656  30.971 0.4000000060
92875  39.610  18.260  31.501 0.4000000060
119301  41.483  18.627  29.367 0.6000000238
92888  40.305  18.353  29.518 0.5000000000
92900  41.016  18.547  27.996 0.6000000238
92296  42.612  17.137  26.082 0.6000000238
92917  41.699  18.296  26.894 0.6000000238
90888  42.362  15.407  24.650 0.6000000238
91645  42.192  16.682  25.374 0.6000000238
90897  41.753  14.835  24.268 0.6000000238
120028  44.185  3.894  4.120 0.6000000238
90907  42.830  14.872  23.270 0.6999999881
90101  41.992  14.570  23.586 0.6000000238
90128  41.649  14.251  21.878 0.8000000119
90127  42.471  14.697  21.437 0.6999999881
90145  41.898  14.208  20.754 0.8999999762
130932  41.443  13.727  19.990 0.8999999762
89396  42.196  13.857  19.865 0.8999999762
89416  42.231  12.551  18.488 0.8999999762
87995  41.918  10.948  16.916 0.8999999762
115778  43.346  13.353  18.867 0.6999999881
88679  42.524  11.871  17.602 0.8999999762
87991  42.473  11.526  17.075 0.8999999762
87999  41.704  11.366  16.081 0.8999999762
117212  42.965  11.975  17.220 0.8999999762
88683  42.995  11.993  16.702 0.8999999762
88688  42.159  12.027  15.548 0.8999999762
88694  41.025  12.365  13.998 0.8000000119
123078  41.951  4.752  2.424 0.5000000000
82205  41.215  4.991  2.341 0.6000000238
88687  42.896  12.264  15.874 0.8999999762
88705  41.654  12.601  13.279 0.8999999762
88715  40.731  12.095  11.928 0.8999999762
83158  40.284  5.507  2.168 0.6000000238
88714  41.433  12.479  12.021 0.8999999762
88722  41.646  12.239  11.100 0.8999999762
121922  42.556  4.838  2.055 0.5000000000
122283  41.955  11.262  9.591 0.8999999762
82214  42.061  5.235  1.738 0.5000000000
83167  41.327  5.820  1.094 0.6000000238
83168  40.070  6.436  0.860 0.6000000238
87365  42.834  10.668  6.957 0.8000000119
83173  41.246  5.920  0.444 0.6000000238
84062  39.029  6.927  0.849 0.5000000000
87385  42.203  11.015  4.058 0.8000000119
87392  41.936  11.516  2.808 0.6000000238
129802  40.626  6.688  -0.183 0.6000000238
83174  39.612  7.198  -0.534 0.5000000000
116033  38.732  7.162  0.004 0.5000000000
84929  38.035  7.457  2.578 0.5000000000
87393  40.712  11.281  2.696 0.5000000000
84071  39.938  6.960  -1.399 0.5000000000
84072  39.363  7.177  -1.733 0.5000000000
84073  38.725  7.138  -1.006 0.4000000060
84063  38.197  7.052  1.006 0.5000000000
84935  37.749  7.214  2.028 0.5000000000
86628  38.246  9.321  3.207 0.5000000000
86627  38.613  9.878  2.137 0.5000000000
87401  39.032  10.824  1.507 0.5000000000
124574  37.190  27.040  25.046 0.1000000015
96537  36.755  23.550  25.540 0.1000000015
94897  36.648  22.071  26.397 0.2000000030
121298  37.248  20.641  27.474 0.2000000030
94191  36.791  20.968  25.495 0.2000000030
94170  38.916  20.479  27.011 0.3000000119
94880  40.617  21.244  26.921 0.3000000119
94169  40.018  20.714  27.405 0.3000000119
94157  39.212  20.339  28.259 0.3000000119
125471  38.602  20.023  29.381 0.3000000119
94870  41.146  21.070  27.878 0.3000000119
94156  40.382  20.667  28.711 0.3000000119
94155  41.584  21.221  29.390 0.3000000119
94143  41.837  21.173  31.098 0.3000000119
94127  41.057  20.869  32.374 0.4000000060
93480  41.364  19.792  33.081 0.4000000060
129004  41.648  19.184  32.182 0.4000000060
94126  41.897  20.754  32.324 0.4000000060
93479  42.139  19.784  32.568 0.4000000060
119699  41.898  18.848  30.732 0.4000000060
92887  42.663  18.764  29.726 0.4000000060
131416  42.145  18.429  28.252 0.6000000238
92283  43.325  17.188  26.911 0.6000000238
92916  42.806  18.004  27.531 0.6000000238
91644  43.078  16.538  25.881 0.6000000238
90883  43.098  15.960  25.243 0.6000000238
90896  42.589  14.940  24.112 0.6000000238
90143  43.954  14.582  20.138 0.6999999881
90152  43.581  13.896  19.465 0.6999999881
89403  44.033  13.450  18.840 0.6999999881
88668  43.520  12.811  18.313 0.8999999762
89424  44.120  12.719  17.707 0.8999999762
88682  43.684  12.295  17.069 0.8999999762
88692  42.731  12.518  14.854 0.8999999762
88685  44.369  12.701  16.547 0.8000000119
88691  43.669  12.827  15.057 0.8999999762
88703  43.332  12.837  14.100 0.8999999762
88721  42.292  12.633  11.490 0.8999999762
88034  42.635  12.007  9.621 0.8999999762
130886  43.347  12.580  10.121 0.8999999762
88049  43.268  11.135  7.856 0.8999999762
87383  43.486  11.446  5.317 0.8000000119
87384  43.115  11.383  4.622 0.8000000119
88774  42.444  12.105  3.083 0.6999999881
94171  37.856  20.434  26.520 0.3000000119
126644  36.956  20.856  26.440 0.2000000030
94896  36.371  21.564  25.302 0.2000000030
134584  41.514  22.403  26.419 0.2000000030
94879  41.614  21.896  27.214 0.3000000119
94881  39.803  20.965  26.396 0.3000000119
94189  38.126  20.575  25.487 0.3000000119
94205  36.631  21.030  24.720 0.2000000030
95703  42.606  22.853  27.186 0.3000000119
94869  42.258  21.720  28.441 0.3000000119
94188  38.874  20.710  25.904 0.3000000119
94203  37.836  20.674  24.735 0.3000000119
94204  37.070  20.756  24.734 0.2000000030
94932  36.344  21.224  23.389 0.1000000015
95702  43.805  23.454  27.493 0.3000000119
95685  43.526  22.573  27.842 0.3000000119
95686  42.733  22.254  27.861 0.3000000119
94855  42.615  21.433  29.701 0.3000000119
94854  43.275  21.490  29.484 0.3000000119
94838  42.710  21.039  30.885 0.3000000119
118772  43.349  20.101  31.258 0.5000000000
92873  42.761  19.271  31.384 0.4000000060
92898  44.567  18.418  28.929 0.5000000000
92886  43.973  18.959  30.105 0.5000000000
92899  43.431  18.370  28.753 0.5000000000
92274  44.964  17.885  28.145 0.6000000238
92275  44.017  17.790  27.952 0.6000000238
118960  45.805  16.137  25.355 0.5000000000
91642  45.081  16.178  26.133 0.6000000238
91630  43.917  16.634  26.700 0.6000000238
91680  45.431  16.083  23.296 0.6000000238
90886  44.159  15.624  24.512 0.6000000238
90895  43.472  15.204  23.885 0.6000000238
90905  44.734  15.889  22.503 0.6000000238
90906  43.716  15.408  22.870 0.6999999881
90927  45.373  15.597  21.435 0.5000000000
90944  44.499  15.196  20.781 0.6000000238
90928  44.085  15.484  21.762 0.6999999881
90929  43.086  15.043  22.189 0.6999999881
90943  45.503  15.054  20.602 0.5000000000
90142  44.995  14.608  20.066 0.6000000238
90126  43.435  15.090  21.016 0.6999999881
89413  46.094  13.848  18.268 0.6000000238
90151  44.510  14.041  19.450 0.6000000238
90157  47.345  14.520  18.441 0.6000000238
89423  45.915  13.633  17.598 0.6999999881
134795  44.393  12.671  17.139 0.6999999881
128829  46.529  14.045  14.873 0.6999999881
89441  44.805  13.305  14.561 0.6999999881
89455  44.167  13.166  13.831 0.8000000119
88712  43.599  13.024  12.936 0.8999999762
89432  47.431  14.495  15.105 0.6999999881
89439  47.686  14.494  14.231 0.6999999881
134045  44.677  13.312  12.819 0.8000000119
88720  43.319  12.926  11.742 0.8999999762
130004  47.651  14.638  13.372 0.8000000119
89463  45.734  13.682  12.256 0.8000000119
89472  44.069  13.013  10.753 0.8000000119
118293  43.895  12.436  9.095 0.8999999762
123882  44.032  11.781  7.199 0.8999999762
90285  42.699  14.014  7.109 0.8999999762
89462  46.780  14.382  11.771 0.8000000119
89471  45.472  13.449  10.350 0.8000000119
89480  44.620  12.980  9.659 0.8000000119
88735  44.441  12.444  7.910 0.8999999762
123487  44.046  12.608  6.437 0.8999999762
89470  46.472  14.078  10.085 0.8000000119
121239  46.201  13.832  11.113 0.8000000119
88734  44.927  12.992  8.668 0.8000000119
88733  45.395  13.409  8.171 0.8000000119
89488  45.804  13.617  9.155 0.8000000119
124269  40.651  21.712  26.118 0.2000000030
95711  45.252  23.990  25.756 0.2000000030
95714  41.921  23.170  26.206 0.2000000030
94894  39.716  21.325  25.497 0.2000000030
94215  37.440  20.786  23.944 0.2000000030
94216  36.763  20.918  24.022 0.2000000030
94891  43.908  21.695  25.488 0.2000000030
94878  44.361  22.543  27.385 0.2000000030
95684  44.001  22.736  27.601 0.2000000030
94867  43.663  21.902  28.383 0.3000000119
94913  39.750  21.725  24.701 0.2000000030
94930  38.348  21.007  23.918 0.2000000030
116044  37.833  21.076  23.144 0.2000000030
94931  37.011  20.959  23.221 0.2000000030
119131  44.236  21.684  26.722 0.2000000030
116309  44.107  22.071  27.971 0.2000000030
94837  43.477  20.934  30.073 0.3000000119
93519  44.624  19.789  27.432 0.4000000060
94167  44.539  20.391  28.355 0.4000000060
94153  44.641  20.110  29.141 0.3000000119
94142  44.065  20.670  29.561 0.3000000119
94124  43.941  20.253  30.406 0.3000000119
120344  45.007  19.387  28.578 0.4000000060
126984  44.992  19.130  29.367 0.4000000060
93502  44.491  19.332  29.888 0.5000000000
92295  46.413  17.050  26.511 0.4000000060
92915  45.424  17.878  27.733 0.6000000238
117832  45.099  18.511  28.509 0.5000000000
91650  47.251  16.916  25.019 0.5000000000
91641  46.209  16.601  26.210 0.5000000000
91628  45.746  16.765  26.876 0.5000000000
92281  45.314  17.176  27.451 0.5000000000
91661  47.303  16.548  24.087 0.4000000060
117635  46.532  16.376  24.857 0.6000000238
137412  45.911  16.076  24.686 0.6000000238
90957  41.997  15.788  17.847 0.6000000238
90968  41.312  15.444  17.208 0.6000000238
91699  47.409  16.134  22.236 0.4000000060
91679  46.584  16.278  23.180 0.6000000238
90955  44.143  15.863  18.172 0.6999999881
90967  42.833  15.468  17.329 0.6000000238
119303  42.034  15.376  17.106 0.6000000238
90986  40.893  15.113  16.479 0.6000000238
130113  48.656  16.455  22.617 0.4000000060
90926  46.589  15.737  21.577 0.5000000000
90904  45.924  16.102  22.323 0.6000000238
90966  43.855  15.584  17.499 0.6000000238
90984  42.520  15.235  16.567 0.6000000238
116632  42.088  15.010  15.863 0.6000000238
91010  41.566  14.821  15.328 0.6000000238
91698  48.938  16.055  21.663 0.4000000060
90925  47.858  15.578  21.209 0.5000000000
128585  44.818  15.677  17.672 0.6000000238
90983  43.586  15.363  16.711 0.6000000238
91009  43.083  15.186  15.881 0.6000000238
90924  49.091  15.761  20.677 0.4000000060
90941  48.176  15.315  20.233 0.5000000000
90140  47.478  14.803  19.755 0.5000000000
119304  44.986  15.557  16.928 0.6000000238
116532  44.488  15.398  15.933 0.6000000238
139693  43.622  15.186  15.258 0.6000000238
90148  48.062  14.796  18.958 0.6000000238
89412  47.136  14.367  17.701 0.6000000238
116533  45.839  15.632  16.213 0.6000000238
91008  46.060  15.624  15.305 0.6000000238
91029  44.906  15.385  14.134 0.6000000238
91041  44.032  15.227  13.617 0.6000000238
90163  48.018  14.858  17.075 0.6999999881
117961  46.366  15.629  13.817 0.6000000238
91040  45.396  15.424  13.304 0.6000000238
118296  44.621  15.347  12.713 0.6999999881
90169  47.944  14.860  16.383 0.6999999881
90178  48.123  14.929  15.398 0.6999999881
91027  48.376  15.373  14.351 0.6999999881
124196  47.768  15.577  13.663 0.6999999881
91046  45.667  15.329  11.696 0.8000000119
91053  44.746  15.413  10.823 0.8000000119
90217  48.317  15.058  13.314 0.6999999881
91038  48.770  15.176  13.729 0.6999999881
91051  47.270  15.036  11.973 0.6999999881
91063  46.599  14.826  10.317 0.8000000119
91075  45.852  15.070  9.025 0.8000000119
90276  44.681  14.687  7.713 0.8000000119
90277  43.636  15.003  7.504 0.8999999762
89461  47.164  14.787  11.704 0.8000000119
90230  47.442  14.973  12.330 0.6999999881
90244  46.720  14.644  10.724 0.8000000119
89486  46.320  14.379  9.167 0.8000000119
88741  44.963  13.221  7.399 0.8000000119
140346  46.640  14.416  10.406 0.8000000119
89479  46.335  14.141  9.343 0.8000000119
94912  43.487  21.953  24.406 0.2000000030
95725  45.108  23.972  25.022 0.2000000030
94929  43.010  22.156  23.365 0.2000000030
95726  44.416  22.937  25.286 0.2000000030
119405  44.164  20.555  26.733 0.4000000060
93532  45.110  18.745  26.695 0.4000000060
93518  45.176  18.639  27.768 0.4000000060
93539  45.090  18.784  25.326 0.3000000119
92953  45.864  18.116  26.290 0.3000000119
92939  45.736  17.984  27.093 0.3000000119
92952  46.460  17.920  25.487 0.3000000119
92938  46.302  17.508  26.478 0.4000000060
92968  47.343  18.194  24.307 0.4000000060
92316  48.904  17.351  23.390 0.4000000060
91678  47.677  16.461  23.154 0.4000000060
91718  43.490  16.263  18.705 0.6000000238
91719  42.505  16.351  18.573 0.5000000000
91717  44.607  16.205  18.797 0.5000000000
91676  49.615  16.640  22.086 0.4000000060
90965  46.107  15.680  17.472 0.5000000000
90940  48.956  15.754  19.813 0.4000000060
90139  48.478  15.274  19.367 0.5000000000
90156  48.228  15.052  18.390 0.6000000238
119302  47.192  15.514  15.971 0.6999999881
90947  48.751  15.862  19.204 0.5000000000
90147  48.403  15.425  18.760 0.5000000000
123276  48.113  14.962  17.754 0.6000000238
132646  47.395  15.503  15.052 0.6999999881
91026  48.601  14.984  14.655 0.6999999881
91007  48.019  15.192  15.360 0.6999999881
94941  42.791  21.689  22.323 0.2000000030
94214  42.930  21.257  22.983 0.2000000030
94202  43.472  20.704  24.380 0.2000000030
93540  44.012  19.701  24.772 0.2000000030
94187  43.851  20.542  25.646 0.2000000030
93538  45.979  18.707  24.493 0.3000000119
93555  46.982  19.928  23.342 0.3000000119
93547  48.023  19.239  23.605 0.3000000119
92982  48.983  19.234  23.051 0.3000000119
92967  48.746  18.287  23.608 0.3000000119
92356  44.053  17.304  19.763 0.5000000000
91713  43.869  16.699  19.306 0.5000000000
91714  42.973  16.795  19.138 0.5000000000
92981  49.505  18.514  22.677 0.3000000119
92315  49.575  17.926  22.994 0.3000000119
91708  45.961  16.950  19.830 0.5000000000
121910  45.096  16.699  19.478 0.5000000000
116116  49.881  16.958  21.698 0.4000000060
91707  47.183  16.748  19.856 0.5000000000
91712  46.721  16.439  19.263 0.5000000000
92345  49.653  17.514  21.472 0.4000000060
92348  49.705  16.574  20.822 0.4000000060
91705  49.272  16.256  20.045 0.5000000000
91711  48.191  16.201  19.113 0.5000000000
90953  47.026  15.662  17.975 0.5000000000
90982  46.667  15.594  16.760 0.6000000238
91710  49.013  16.052  19.269 0.5000000000
90948  48.451  15.756  18.837 0.5000000000
90964  47.607  15.420  17.280 0.5000000000
139606  47.753  15.304  16.681 0.6999999881
90952  48.119  15.251  18.080 0.6000000238
90963  48.063  14.961  17.113 0.6000000238
90981  48.039  15.105  16.328 0.6999999881
90162  48.160  15.007  16.586 0.6999999881
138579  43.316  21.439  21.411 0.2000000030
94940  43.170  21.158  21.867 0.2000000030
94950  44.086  21.194  21.469 0.2000000030
122304  43.143  21.298  23.663 0.2000000030
94949  45.254  21.438  21.418 0.2000000030
94232  43.908  20.555  22.288 0.2000000030
132824  43.819  19.945  23.818 0.2000000030
94225  44.877  20.189  22.561 0.2000000030
93556  45.346  19.742  23.187 0.2000000030
93548  44.763  19.434  24.023 0.3000000119
94229  47.132  21.764  21.812 0.2000000030
94230  46.524  21.091  22.083 0.2000000030
94212  44.253  20.003  23.126 0.3000000119
94224  46.075  20.378  22.576 0.2000000030
123022  45.865  19.242  23.755 0.3000000119
117229  48.279  20.189  22.982 0.3000000119
126825  48.818  20.061  22.548 0.3000000119
129626  43.338  17.213  19.526 0.5000000000
92984  49.482  18.469  22.121 0.3000000119
93554  49.151  19.331  22.383 0.3000000119
92352  45.005  17.582  20.019 0.5000000000
92991  43.767  18.698  19.934 0.3000000119
92346  48.279  17.924  21.094 0.4000000060
92350  47.694  17.285  20.384 0.5000000000
92349  49.265  16.909  20.512 0.4000000060
91706  48.689  16.470  19.769 0.5000000000
94959  43.497  21.735  20.875 0.2000000030
94958  44.778  21.759  20.887 0.2000000030
95781  45.606  22.497  20.545 0.2000000030
94957  46.138  22.069  21.262 0.2000000030
95779  47.581  22.544  20.856 0.2000000030
95768  47.118  22.347  21.323 0.2000000030
94948  48.079  21.566  21.920 0.2000000030
94223  47.514  20.976  22.528 0.3000000119
130109  48.497  21.180  21.679 0.2000000030
119457  48.533  21.106  21.071 0.2000000030
93558  49.015  19.482  21.930 0.3000000119
92353  44.084  18.009  19.995 0.5000000000
92994  43.137  18.796  19.665 0.3000000119
92985  48.889  18.633  21.641 0.4000000060
93559  48.486  19.485  21.542 0.3000000119
131148  46.835  18.215  20.644 0.4000000060
92989  45.555  18.414  20.372 0.5000000000
92990  44.544  18.566  20.166 0.3000000119
95795  45.143  22.879  19.843 0.2000000030
96593  45.934  23.539  19.412 0.2000000030
133095  47.418  23.628  18.941 0.2000000030
95803  47.932  22.691  18.219 0.2000000030
95807  47.711  22.681  17.300 0.2000000030
95780  46.726  22.707  20.798 0.2000000030
95794  46.346  23.180  20.157 0.2000000030
138769  47.851  23.093  18.833 0.2000000030
94976  46.018  21.681  17.340 0.2000000030
94977  45.205  21.385  17.742 0.2000000030
94982  44.945  21.460  17.005 0.2000000030
95793  47.291  23.047  20.248 0.2000000030
94967  47.930  22.491  19.146 0.2000000030
94968  47.654  21.941  18.665 0.2000000030
132697  43.993  21.361  16.692 0.2000000030
116348  43.154  21.375  16.201 0.2000000030
94956  48.299  21.728  20.541 0.2000000030
95792  47.964  22.415  20.126 0.2000000030
94970  44.919  21.086  18.317 0.2000000030
94978  44.200  21.188  17.628 0.2000000030
115959  43.112  21.090  17.172 0.2000000030
94947  48.323  21.700  21.254 0.2000000030
132563  48.300  21.277  20.307 0.2000000030
94233  48.199  20.700  20.643 0.2000000030
94235  45.551  19.929  20.112 0.2000000030
94239  46.230  20.573  19.735 0.2000000030
93567  44.522  19.743  19.839 0.3000000119
94240  44.039  20.089  19.304 0.3000000119
94241  43.180  19.901  19.051 0.3000000119
122907  42.847  20.324  18.446 0.2000000030
93561  48.606  20.285  21.401 0.2000000030
93562  47.698  19.770  21.005 0.2000000030
94234  46.872  20.190  20.389 0.2000000030
93568  43.624  19.436  19.621 0.3000000119
93569  42.737  19.296  19.304 0.3000000119
92986  47.608  18.817  21.263 0.2000000030
93563  46.306  19.275  20.637 0.3000000119
94980  46.984  22.098  15.966 0.2000000030
94981  45.765  21.692  16.346 0.2000000030
94993  44.913  21.637  15.606 0.2000000030
94994  43.241  21.538  15.336 0.2000000030
116524  43.990  21.519  15.863 0.2000000030
139290  44.689  21.526  16.296 0.2000000030
94963  47.023  21.251  19.166 0.2000000030
94969  46.206  21.507  18.289 0.2000000030
94983  42.328  21.190  16.490 0.2000000030
94249  43.398  20.809  18.056 0.2000000030
94244  45.606  20.871  18.982 0.2000000030
94979  40.615  20.823  16.705 0.2000000030
94237  48.091  21.721  19.648 0.2000000030
94238  47.644  20.951  19.910 0.2000000030
124175  45.001  20.322  19.530 0.2000000030
116200  43.654  20.422  18.694 0.2000000030
123823  41.947  20.321  18.098 0.2000000030
94251  41.295  20.562  17.388 0.2000000030
94992  46.038  21.762  15.391 0.2000000030
119299  45.127  21.765  14.797 0.2000000030
116523  44.118  21.640  15.030 0.2000000030
94991  47.264  22.068  15.087 0.2000000030
139634  42.146  20.797  17.274 0.2000000030
121576  41.058  21.193  16.080 0.2000000030
94245  44.514  20.595  18.864 0.2000000030
94971  44.100  20.844  18.328 0.2000000030
94250  42.671  20.695  17.849 0.2000000030
94984  41.534  20.966  16.672 0.2000000030
127634  33.270  18.589  27.102 0.3000000119
132756  34.955  18.416  24.547 0.5000000000
132675  35.955  18.435  25.773 0.5000000000
139880  36.328  18.090  23.421 0.5000000000
90115  36.272  14.498  23.249 0.6000000238
137142  36.486  13.920  23.538 0.6000000238
92318  37.138  17.673  23.327 0.4000000060
119527  36.764  18.492  25.817 0.5000000000
86526  37.032  9.023  18.862 0.8000000119
87287  37.792  10.107  19.214 0.8999999762
120008  36.666  12.405  21.967 0.8000000119
88632  36.947  12.961  22.946 0.6999999881
89362  36.638  13.616  23.504 0.6000000238
91665  37.774  16.734  23.410 0.6000000238
86536  37.915  9.138  17.110 0.8000000119
86524  38.238  9.632  18.685 0.8999999762
135901  37.797  14.023  23.929 0.6999999881
92308  38.737  17.576  23.932 0.5000000000
122431  37.653  9.401  16.152 0.8999999762
91657  39.158  16.951  24.078 0.5000000000
117602  38.988  13.513  22.669 0.8999999762
90105  38.659  14.210  24.072 0.5000000000
82125  38.107  4.159  8.940 0.6000000238
85720  36.828  8.060  11.724 0.6999999881
87312  37.587  9.920  14.227 0.8999999762
137655  38.991  9.912  16.415 0.8000000119
87301  39.183  9.572  17.896 0.8999999762
84871  37.420  7.228  10.579 0.6999999881
84009  36.817  6.193  8.795 0.6999999881
87327  37.985  10.007  12.660 0.8000000119
87985  39.729  11.237  18.676 0.8999999762
129827  39.501  9.902  18.151 0.8999999762
89384  40.305  13.711  21.986 0.8000000119
89367  39.728  13.698  22.757 0.6999999881
86572  39.254  9.962  10.696 0.6999999881
88014  39.577  11.560  13.453 0.8000000119
135537  39.856  11.772  14.208 0.8000000119
92940  40.295  18.452  25.821 0.6000000238
89397  40.574  13.528  20.062 0.8000000119
88019  40.302  11.830  12.359 0.8000000119
138279  40.895  17.266  24.802 0.6000000238
82173  40.254  4.338  5.193 0.6000000238
88000  40.869  11.315  15.625 0.8000000119
83148  39.227  5.438  4.664 0.6000000238
122764  37.673  8.389  6.596 0.5000000000
88036  41.182  10.992  10.112 0.6999999881
84041  38.283  6.856  4.566 0.5000000000
87358  41.389  10.538  9.062 0.6999999881
86614  38.780  9.880  5.323 0.5000000000
87376  40.658  10.317  6.436 0.6000000238
94129  36.877  19.992  31.290 0.3000000119
92877  37.133  18.347  31.540 0.3000000119
92863  39.419  19.015  32.855 0.3000000119
92284  42.448  17.711  26.608 0.6000000238
91646  41.443  17.016  24.994 0.6000000238
81187  43.212  3.733  4.022 0.6000000238
90889  41.558  15.363  24.627 0.6000000238
90102  41.204  14.426  23.867 0.6000000238
126799  41.621  3.595  4.777 0.5000000000
90112  41.353  14.209  22.968 0.6999999881
88660  41.532  12.531  18.615 0.8999999762
88670  41.950  11.886  18.100 0.8999999762
82191  39.885  4.713  4.483 0.6000000238
88002  41.368  11.938  15.105 0.8999999762
82204  42.358  4.355  3.097 0.5000000000
88706  40.838  12.330  12.836 0.8000000119
88027  41.021  11.916  11.213 0.8999999762
132883  41.532  10.845  9.535 0.8000000119
87348  42.388  11.021  8.781 0.8999999762
84918  38.042  7.676  4.331 0.5000000000
87366  41.811  10.408  6.933 0.6999999881
86621  38.301  9.310  4.765 0.5000000000
87375  42.010  10.589  5.513 0.8000000119
84924  38.087  7.542  3.384 0.5000000000
85786  37.829  8.681  2.744 0.5000000000
127620  37.317  22.788  27.535 0.2000000030
94128  39.979  20.333  31.845 0.4000000060
93482  38.657  19.012  32.830 0.3000000119
90887  43.233  15.487  24.617 0.6000000238
90111  42.224  14.590  22.593 0.8000000119
90144  42.867  14.381  20.239 0.6999999881
89404  42.799  13.645  19.309 0.6999999881
89415  42.791  12.980  18.649 0.8999999762
88669  42.730  12.327  18.149 0.8999999762
87998  42.377  11.628  16.431 0.8999999762
88693  41.903  12.418  14.473 0.8999999762
88704  42.609  12.709  13.722 0.8999999762
88713  42.455  12.794  12.539 0.8999999762
88035  41.598  11.660  10.416 0.8999999762
88042  42.730  11.500  9.005 0.8999999762
87356  43.490  11.144  7.044 0.8000000119
87374  42.874  10.829  5.930 0.8000000119
139246  40.147  10.696  3.521 0.5000000000
87373  43.539  11.255  6.129 0.8000000119
88074  41.961  12.027  2.457 0.6000000238
87391  42.763  11.871  3.468 0.6999999881
87400  40.076  11.526  1.719 0.5000000000
87394  39.556  10.575  2.777 0.5000000000
86634  37.808  9.367  1.921 0.5000000000
86633  38.166  10.220  1.435 0.5000000000
94172  37.314  20.633  26.425 0.2000000030
94144  40.741  20.794  30.510 0.4000000060
94125  42.675  20.459  31.960 0.5000000000
92872  43.343  19.666  31.068 0.5000000000
125333  44.294  13.156  18.312 0.6000000238
88686  43.646  12.480  16.204 0.8999999762
88690  44.465  12.985  15.653 0.8000000119
89430  45.059  13.005  16.830 0.6999999881
137408  42.993  12.729  10.955 0.8999999762
123314  43.446  11.907  8.772 0.8999999762
123926  43.462  11.527  8.227 0.8999999762
88056  43.914  11.863  6.288 0.8999999762
88069  43.236  11.799  4.253 0.6999999881
88063  43.711  11.778  5.366 0.8000000119
88759  43.425  11.801  4.665 0.8000000119
94190  37.359  20.670  25.649 0.2000000030
95713  43.056  23.870  26.932 0.2000000030
94895  38.850  21.031  24.860 0.3000000119
94868  43.193  21.905  28.585 0.3000000119
135564  43.185  20.541  30.925 0.3000000119
93491  43.954  19.674  30.482 0.5000000000
92897  44.990  18.535  28.960 0.4000000060
92282  44.456  17.096  27.415 0.6000000238
91629  44.791  16.538  26.929 0.6000000238
91651  44.834  15.863  25.180 0.6000000238
91652  44.014  15.867  25.345 0.6000000238
90894  44.406  15.666  23.595 0.6999999881
90942  46.724  15.197  20.694 0.5000000000
90141  46.155  14.623  20.004 0.6000000238
90150  45.555  14.239  19.403 0.6000000238
90149  46.778  14.475  19.243 0.5000000000
89422  46.845  14.180  16.946 0.6999999881
88677  44.943  13.075  17.394 0.6000000238
89414  44.984  13.321  18.007 0.6000000238
89434  45.189  13.222  16.111 0.6999999881
89429  45.970  13.598  16.492 0.6999999881
117043  45.485  13.492  15.189 0.6999999881
89428  47.087  14.367  16.049 0.6999999881
89440  46.207  13.968  14.065 0.8000000119
89454  45.299  13.544  13.392 0.8000000119
89453  46.534  14.199  12.824 0.8000000119
89464  44.757  13.293  11.696 0.8000000119
90284  43.630  14.100  7.084 0.8999999762
136860  44.196  12.211  6.686 0.8999999762
89495  44.352  13.228  6.896 0.8999999762
88749  43.550  12.240  5.628 0.8000000119
94893  40.337  21.894  25.263 0.2000000030
95712  44.670  23.004  26.425 0.2000000030
94914  39.185  21.585  23.989 0.2000000030
94168  44.260  21.320  27.743 0.2000000030
95701  44.408  23.616  27.081 0.2000000030
94154  44.029  21.147  28.598 0.3000000119
94141  44.534  19.859  29.850 0.4000000060
91640  46.825  16.956  25.896 0.5000000000
92914  45.889  17.366  27.064 0.5000000000
92305  47.137  17.110  25.287 0.5000000000
90985  41.679  15.154  16.532 0.6000000238
119500  48.415  16.769  23.439 0.4000000060
91031  42.500  14.940  14.943 0.6000000238
116531  44.670  15.394  14.965 0.6000000238
116775  43.695  15.143  14.491 0.6000000238
137670  45.768  15.577  14.539 0.6000000238
91028  47.082  15.687  14.408 0.6000000238
138132  45.907  15.397  12.547 0.6999999881
90197  49.101  15.047  13.888 0.6999999881
91044  47.755  15.153  12.948 0.6999999881
140418  49.087  15.122  14.087 0.6999999881
91045  46.959  15.256  12.145 0.6999999881
91052  46.918  15.037  11.189 0.8000000119
91064  45.947  15.198  9.965 0.8000000119
90266  45.914  14.418  8.592 0.8000000119
91083  44.041  15.306  8.210 0.8000000119
89494  44.586  14.021  7.317 0.8999999762
125055  42.611  15.280  7.970 0.8000000119
89487  46.030  13.983  8.686 0.8000000119
93533  44.346  19.624  26.036 0.3000000119
92951  47.094  17.453  25.050 0.5000000000
92304  47.852  17.405  24.403 0.4000000060
90954  45.403  15.801  18.174 0.5000000000
90923  49.454  16.159  20.287 0.4000000060
90939  48.988  16.253  19.682 0.4000000060
139902  49.324  18.502  23.103 0.3000000119
92351  46.267  17.496  20.202 0.5000000000
90949  47.746  15.909  18.525 0.5000000000
94231  45.233  20.751  21.896 0.2000000030
94222  48.441  20.831  22.284 0.3000000119
93565  44.233  19.207  20.019 0.3000000119
93564  45.026  19.275  20.249 0.3000000119
96592  46.953  23.578  19.615 0.2000000030
96591  47.650  23.115  19.517 0.2000000030
95806  47.922  23.130  17.621 0.2000000030
122948  47.152  22.141  17.768 0.2000000030
95812  47.761  22.592  16.452 0.2000000030
94975  46.924  22.151  16.862 0.2000000030
83056  46.435  5.570  13.458 0.3000000119
82070  45.623  5.373  14.422 0.3000000119
82061  44.367  4.429  15.191 0.3000000119
82062  43.686  3.942  15.232 0.3000000119
80015  54.322  3.091  15.009 0.2000000030
80016  54.076  2.392  15.838 0.2000000030
83057  45.732  5.414  13.650 0.3000000119
125234  45.032  5.188  13.934 0.3000000119
81035  42.990  3.692  14.873 0.3000000119
81026  42.630  3.230  15.416 0.3000000119
81034  54.325  3.764  14.963 0.2000000030
83070  46.676  5.284  12.912 0.3000000119
82071  44.353  4.764  14.290 0.3000000119
82072  43.670  4.269  14.567 0.3000000119
81043  42.976  4.060  14.064 0.3000000119
81027  41.969  2.952  15.142 0.3000000119
82075  54.686  4.361  13.332 0.2000000030
139853  54.583  5.050  12.112 0.3000000119
83975  53.540  7.098  11.585 0.3000000119
85717  52.873  9.338  11.394 0.3000000119
82088  46.193  4.778  12.501 0.3000000119
82076  45.210  5.106  13.199 0.3000000119
82090  44.693  4.569  12.761 0.3000000119
81036  42.240  3.433  14.359 0.3000000119
81076  44.965  4.017  12.015 0.3000000119
81058  43.930  4.404  13.006 0.3000000119
81044  42.419  3.691  13.447 0.3000000119
80029  40.706  2.814  13.749 0.3000000119
84008  49.994  6.763  8.182 0.3000000119
81059  42.728  3.756  12.582 0.3000000119
118893  41.906  3.462  12.683 0.3000000119
84018  49.896  6.798  7.252 0.3000000119
123989  48.727  5.546  6.523 0.3000000119
82160  47.528  4.767  5.506 0.3000000119
83127  48.063  5.243  5.343 0.3000000119
82171  47.266  4.781  4.542 0.3000000119
135501  46.768  5.965  14.582 0.3000000119
82060  45.568  5.174  15.127 0.3000000119
120555  45.161  4.734  15.569 0.3000000119
82051  44.751  4.197  15.923 0.3000000119
81016  43.691  3.208  16.498 0.3000000119
80004  42.863  2.742  16.845 0.3000000119
80002  54.118  1.600  16.770 0.2000000030
78111  53.969  0.536  17.130 0.2000000030
83046  46.957  5.974  13.935 0.3000000119
81017  42.823  3.026  16.093 0.3000000119
80005  42.199  2.645  16.381 0.3000000119
79995  41.341  2.081  17.344 0.3000000119
81022  54.189  3.263  15.576 0.2000000030
83965  50.438  7.046  12.899 0.3000000119
83054  48.254  5.889  13.343 0.3000000119
80017  41.647  2.567  15.866 0.3000000119
80007  40.816  2.197  16.082 0.3000000119
83964  51.230  8.051  12.538 0.3000000119
83976  51.324  7.894  11.593 0.3000000119
83977  50.630  6.902  11.973 0.3000000119
83080  48.899  5.389  11.725 0.3000000119
83081  47.966  4.961  12.079 0.3000000119
80018  41.098  2.543  15.248 0.3000000119
79097  39.505  1.859  16.372 0.2000000030
83043  54.141  5.124  13.838 0.3000000119
83947  53.382  6.716  12.899 0.3000000119
84846  53.284  8.050  12.100 0.3000000119
84858  52.471  9.146  11.624 0.3000000119
83987  50.546  6.836  10.969 0.3000000119
82100  47.345  4.485  11.474 0.3000000119
80030  40.463  2.561  14.591 0.3000000119
80020  38.606  2.292  15.330 0.2000000030
83963  53.016  8.100  12.808 0.3000000119
84847  52.314  8.798  12.709 0.3000000119
83098  49.593  6.096  9.407 0.3000000119
82112  48.389  4.810  10.155 0.3000000119
82101  46.391  4.275  11.690 0.3000000119
126422  43.462  3.986  12.563 0.3000000119
117980  39.845  2.595  13.954 0.4000000060
80031  39.447  2.419  14.776 0.3000000119
83116  49.370  6.152  7.826 0.3000000119
125378  48.984  5.588  8.940 0.3000000119
82124  47.701  4.376  9.555 0.3000000119
133292  46.135  3.851  10.939 0.3000000119
81077  43.255  3.667  11.727 0.3000000119
119528  42.259  3.547  11.877 0.3000000119
80041  40.019  2.711  13.134 0.4000000060
80042  39.246  2.615  13.424 0.4000000060
83117  48.836  5.555  7.476 0.3000000119
131167  48.590  5.182  8.588 0.3000000119
82134  48.040  4.606  8.586 0.3000000119
117308  46.294  3.690  10.132 0.3000000119
81094  44.842  3.528  10.311 0.3000000119
81078  42.486  3.487  11.107 0.3000000119
81080  40.812  3.155  11.867 0.4000000060
80059  40.116  2.869  12.267 0.4000000060
82145  48.248  4.867  7.068 0.3000000119
81095  43.957  3.556  10.535 0.3000000119
81096  42.848  3.476  10.253 0.3000000119
81079  41.167  3.298  11.228 0.3000000119
82161  47.106  4.240  6.125 0.4000000060
130497  46.639  4.511  4.273 0.4000000060
115950  46.732  4.367  5.146 0.4000000060
82186  46.268  4.292  3.726 0.3000000119
82202  45.044  4.093  3.325 0.5000000000
82187  45.530  4.186  3.572 0.4000000060
82188  44.761  4.225  3.362 0.5000000000
79983  44.271  2.878  18.065 0.3000000119
81006  44.455  3.167  17.257 0.3000000119
79984  43.438  2.655  18.268 0.3000000119
79985  42.581  2.462  18.498 0.3000000119
80003  53.471  2.261  16.988 0.2000000030
79992  53.805  1.518  17.378 0.2000000030
83039  47.033  6.001  15.381 0.3000000119
82059  45.918  5.027  15.826 0.3000000119
82050  45.505  4.258  16.421 0.3000000119
79994  43.583  2.820  17.406 0.3000000119
120514  42.743  2.555  17.659 0.3000000119
116355  42.095  2.420  17.121 0.3000000119
79078  41.131  1.918  18.122 0.3000000119
81011  53.971  2.669  16.290 0.2000000030
79095  54.253  0.998  16.839 0.2000000030
83950  49.888  7.378  13.563 0.3000000119
83938  48.507  6.924  14.376 0.3000000119
83952  47.822  6.293  13.868 0.3000000119
79088  40.476  1.744  17.453 0.3000000119
120963  39.594  1.550  17.845 0.3000000119
84836  50.401  8.198  13.997 0.3000000119
83951  48.844  6.718  13.765 0.3000000119
79096  40.236  1.876  16.632 0.2000000030
79090  38.942  1.549  17.376 0.2000000030
82068  54.098  4.561  14.688 0.3000000119
82067  54.451  4.144  14.260 0.3000000119
83949  50.851  8.144  13.323 0.3000000119
138458  39.042  1.675  16.752 0.2000000030
79091  37.650  1.632  17.226 0.2000000030
83052  53.489  6.042  13.294 0.3000000119
80009  38.034  2.149  15.799 0.2000000030
83053  53.184  6.069  13.748 0.3000000119
80021  37.686  2.486  15.153 0.2000000030
80044  37.856  2.827  13.749 0.4000000060
80043  38.558  2.645  13.650 0.4000000060
138446  36.662  3.470  13.791 0.4000000060
82133  48.459  5.063  7.981 0.3000000119
81141  47.459  4.062  8.116 0.3000000119
81112  46.113  3.385  9.214 0.3000000119
116561  44.548  3.315  9.698 0.3000000119
140190  38.683  2.669  13.111 0.4000000060
120594  37.467  3.089  13.168 0.4000000060
127039  47.955  4.558  7.788 0.3000000119
81130  46.041  3.176  8.284 0.3000000119
116809  45.155  2.970  8.914 0.3000000119
116560  43.664  3.327  9.569 0.3000000119
135367  42.067  3.453  9.827 0.4000000060
81081  38.526  2.925  11.936 0.4000000060
81082  37.542  3.529  11.740 0.4000000060
82146  47.457  4.184  7.126 0.4000000060
130867  46.002  3.243  7.282 0.4000000060
133747  45.239  2.860  7.834 0.4000000060
116554  44.403  2.849  8.243 0.4000000060
81113  42.734  3.384  9.330 0.4000000060
117965  41.331  3.439  9.798 0.4000000060
81099  39.948  3.269  10.432 0.4000000060
122726  38.299  3.351  11.022 0.4000000060
82091  36.805  4.124  12.073 0.5000000000
82172  45.978  4.236  4.446 0.4000000060
81154  46.665  3.707  6.704 0.4000000060
120624  45.304  3.056  6.941 0.4000000060
116558  43.489  3.118  8.612 0.4000000060
81114  41.861  3.450  9.169 0.4000000060
81115  40.509  3.423  9.741 0.4000000060
81100  39.010  3.339  10.302 0.4000000060
81101  37.533  3.881  10.740 0.5000000000
81169  46.124  3.916  5.355 0.4000000060
81155  45.883  3.469  6.206 0.4000000060
81186  43.934  4.367  3.246 0.5000000000
79982  51.237  2.894  18.745 0.2000000030
79968  51.499  2.202  19.252 0.1000000015
81000  44.824  3.027  18.683 0.3000000119
79970  44.086  2.771  18.901 0.3000000119
79971  43.236  2.601  19.123 0.3000000119
81003  52.000  2.743  17.108 0.2000000030
81004  51.268  2.974  17.796 0.2000000030
79993  52.308  2.045  17.601 0.2000000030
79076  54.084  0.344  18.109 0.1000000015
118364  47.747  5.723  17.011 0.3000000119
83033  47.418  5.929  16.226 0.3000000119
82043  46.137  3.981  17.301 0.3000000119
80998  45.772  3.518  17.975 0.3000000119
79972  42.337  2.462  19.354 0.3000000119
79986  41.717  2.242  18.720 0.3000000119
79065  40.078  1.791  19.189 0.3000000119
81012  52.673  3.076  16.444 0.3000000119
79087  54.115  0.802  17.427 0.2000000030
83932  48.417  7.016  15.184 0.3000000119
81014  45.304  3.546  17.211 0.3000000119
81023  53.346  3.569  15.786 0.3000000119
84821  49.993  8.290  14.687 0.3000000119
84822  49.187  7.634  14.889 0.3000000119
83933  47.845  6.474  15.668 0.3000000119
83939  47.575  6.387  14.655 0.3000000119
137072  38.736  1.562  18.934 0.2000000030
82056  53.855  4.095  15.264 0.3000000119
84837  49.455  7.541  14.184 0.3000000119
132654  38.230  1.534  17.589 0.2000000030
79068  37.167  1.525  18.839 0.2000000030
84848  51.646  8.617  12.979 0.3000000119
79099  37.866  1.863  16.438 0.2000000030
79092  36.821  1.682  17.539 0.2000000030
79093  35.921  1.770  17.825 0.2000000030
84833  52.477  8.394  13.354 0.3000000119
84834  51.901  8.591  13.463 0.3000000119
80022  36.855  2.649  15.464 0.3000000119
80012  35.722  2.588  16.539 0.3000000119
81028  36.325  3.215  14.957 0.4000000060
81038  36.843  3.201  14.314 0.4000000060
82064  34.952  4.747  14.495 0.6000000238
81048  35.626  4.236  13.901 0.5000000000
81064  36.515  4.017  12.783 0.5000000000
82092  36.316  4.691  12.365 0.5000000000
82103  36.950  4.330  11.313 0.6000000238
133796  36.275  5.300  12.047 0.6000000238
81170  45.420  3.677  5.256 0.5000000000
117270  44.470  2.902  7.184 0.4000000060
116553  42.990  3.207  7.808 0.4000000060
116552  42.222  3.379  7.921 0.4000000060
116556  41.032  3.507  8.976 0.4000000060
117011  39.401  3.658  9.032 0.4000000060
82115  36.930  4.618  10.435 0.6000000238
83082  36.425  5.622  11.582 0.6000000238
136210  44.185  3.013  6.307 0.4000000060
117650  43.479  3.142  6.955 0.4000000060
81143  42.440  3.401  7.127 0.4000000060
81132  40.469  3.634  8.317 0.4000000060
82033  51.323  4.327  18.861 0.2000000030
82021  51.569  4.541  19.577 0.2000000030
80987  51.326  3.609  19.225 0.2000000030
80997  51.112  3.690  18.392 0.2000000030
79969  51.348  2.973  19.618 0.2000000030
83027  47.996  5.344  17.787 0.3000000119
82041  47.340  4.611  18.133 0.3000000119
82034  46.563  3.979  18.198 0.3000000119
80989  45.329  3.322  19.189 0.3000000119
80990  44.624  3.073  19.472 0.3000000119
79958  42.963  2.687  19.977 0.3000000119
79959  42.086  2.604  20.174 0.3000000119
81013  51.231  3.727  16.925 0.3000000119
83927  49.290  7.482  16.577 0.3000000119
83032  48.326  6.520  16.595 0.3000000119
82048  47.299  4.958  17.275 0.3000000119
82042  46.794  4.414  17.513 0.3000000119
80983  41.816  2.963  20.862 0.3000000119
79974  40.637  2.182  19.741 0.3000000119
82046  51.730  4.016  15.887 0.3000000119
84814  49.807  8.244  15.438 0.3000000119
121204  48.548  7.034  15.946 0.3000000119
79053  38.981  1.925  20.090 0.3000000119
79963  38.600  2.188  20.824 0.3000000119
82057  52.235  4.655  15.171 0.3000000119
85696  50.513  8.520  15.274 0.3000000119
79067  38.409  1.652  19.519 0.2000000030
79055  37.277  1.713  20.419 0.3000000119
82069  53.360  4.872  14.777 0.3000000119
84819  51.447  8.472  14.256 0.3000000119
84820  50.825  8.553  14.521 0.3000000119
79069  36.405  1.510  19.215 0.2000000030
129529  37.379  1.572  19.618 0.2000000030
83044  53.350  5.491  14.271 0.3000000119
83936  52.171  8.041  14.034 0.3000000119
79084  35.659  1.610  18.658 0.2000000030
79057  35.423  1.562  20.495 0.2000000030
81030  35.043  3.734  15.623 0.5000000000
80013  34.993  2.925  16.820 0.3000000119
122201  34.551  4.951  15.547 0.6000000238
139045  35.306  4.923  13.677 0.6000000238
82079  35.901  4.639  13.099 0.6000000238
83940  35.027  6.846  13.855 0.6000000238
83058  35.442  5.604  13.183 0.6000000238
83968  35.801  6.194  12.557 0.6000000238
83091  36.631  5.147  11.085 0.6000000238
83978  36.518  6.398  11.572 0.6000000238
83002  52.106  5.905  20.510 0.2000000030
116685  51.127  4.743  18.209 0.2000000030
82012  51.536  4.809  20.328 0.2000000030
82040  50.928  5.053  17.331 0.3000000119
132725  50.982  4.000  17.728 0.2000000030
122227  48.695  5.902  18.178 0.3000000119
122134  48.147  5.243  18.641 0.3000000119
82023  47.378  4.573  18.936 0.3000000119
82024  46.637  4.071  19.152 0.3000000119
82025  45.856  3.755  19.611 0.3000000119
82015  44.622  4.026  20.655 0.3000000119
80981  43.500  3.177  20.483 0.3000000119
80982  42.652  3.044  20.732 0.3000000119
80970  40.548  3.345  21.633 0.3000000119
84809  50.244  8.140  16.980 0.3000000119
83922  49.908  7.718  17.417 0.3000000119
83026  48.536  6.180  17.477 0.3000000119
79961  40.335  2.468  20.458 0.3000000119
79946  40.006  2.891  21.111 0.3000000119
127403  49.872  8.205  16.171 0.3000000119
79962  39.500  2.362  20.614 0.3000000119
79933  37.262  2.547  22.074 0.3000000119
82058  51.330  5.114  15.740 0.3000000119
85691  50.782  8.497  15.850 0.3000000119
79044  36.866  1.869  20.993 0.2000000030
79949  36.628  2.190  21.647 0.2000000030
79935  35.533  2.580  22.457 0.2000000030
83045  52.179  5.786  14.613 0.3000000119
83937  51.921  7.160  14.633 0.3000000119
85695  51.082  8.548  15.211 0.3000000119
79056  36.372  1.575  20.222 0.2000000030
120662  34.440  2.117  21.619 0.2000000030
79936  34.769  2.461  22.177 0.2000000030
128362  52.671  6.762  14.129 0.3000000119
79999  34.573  2.757  17.617 0.3000000119
79071  34.580  1.677  19.566 0.2000000030
79047  34.092  1.777  20.992 0.2000000030
80973  33.282  2.956  21.945 0.2000000030
80959  33.658  3.309  22.630 0.2000000030
124488  34.429  5.736  15.661 0.5000000000
81020  34.377  3.968  16.778 0.4000000060
119239  33.708  3.931  18.090 0.3000000119
83948  52.902  7.308  13.510 0.3000000119
84817  34.796  7.044  15.752 0.5000000000
84823  35.315  7.522  14.269 0.6000000238
84839  35.536  7.314  13.421 0.6000000238
84850  35.857  7.026  12.682 0.6000000238
84838  35.995  7.843  12.930 0.6000000238
83967  36.226  6.717  12.093 0.6000000238
84734  51.402  8.366  24.452 0.2000000030
82989  51.974  6.034  21.322 0.2000000030
82980  51.593  6.285  22.132 0.2000000030
82011  51.932  5.806  19.728 0.2000000030
83018  51.473  6.315  18.102 0.3000000119
82032  51.562  5.431  18.923 0.2000000030
137593  49.485  6.908  17.985 0.3000000119
82022  48.409  5.476  19.272 0.3000000119
132853  47.835  4.990  19.297 0.3000000119
116052  46.320  4.236  19.937 0.3000000119
82014  45.545  4.294  20.430 0.3000000119
82003  43.955  4.344  21.200 0.3000000119
82004  42.604  4.360  21.702 0.3000000119
80969  41.370  3.362  21.413 0.3000000119
82047  51.045  4.702  16.467 0.3000000119
83013  49.308  6.338  18.943 0.3000000119
80972  38.873  3.144  22.077 0.3000000119
128523  38.757  3.510  22.703 0.3000000119
83031  51.028  5.713  16.514 0.3000000119
84808  50.882  8.315  16.910 0.3000000119
84795  50.498  7.784  17.925 0.3000000119
79947  39.145  2.716  21.353 0.3000000119
80954  37.977  3.113  22.506 0.3000000119
83038  51.572  5.589  15.151 0.3000000119
85690  51.040  8.412  15.852 0.3000000119
80956  36.200  2.947  22.979 0.2000000030
80943  35.893  3.481  23.546 0.2000000030
81982  34.585  4.233  23.775 0.2000000030
131115  51.552  6.387  14.999 0.3000000119
84813  51.273  8.221  15.710 0.3000000119
80958  34.615  2.956  22.840 0.2000000030
80945  34.141  3.749  23.266 0.2000000030
124638  32.450  4.488  23.682 0.2000000030
81969  31.105  4.838  24.173 0.2000000030
83930  51.487  7.416  15.312 0.3000000119
81001  33.458  3.515  18.783 0.3000000119
79977  33.614  2.307  19.828 0.2000000030
80985  32.807  3.065  20.803 0.2000000030
80960  32.854  3.699  22.322 0.2000000030
138523  31.474  4.792  22.908 0.2000000030
82965  30.447  5.384  23.971 0.2000000030
84810  35.326  7.619  16.296 0.6000000238
83923  34.462  6.518  17.353 0.5000000000
82044  34.029  4.472  17.375 0.4000000060
136269  33.347  4.240  18.651 0.3000000119
121892  32.522  4.762  19.491 0.3000000119
82017  32.173  3.923  20.858 0.2000000030
82984  31.209  5.356  21.826 0.2000000030
82977  30.497  5.687  23.157 0.2000000030
82978  29.874  6.050  23.782 0.2000000030
84816  35.283  7.607  15.250 0.6000000238
83008  31.642  5.684  20.384 0.3000000119
82996  31.359  5.408  21.087 0.2000000030
83892  30.590  6.527  22.161 0.2000000030
84767  29.768  7.479  23.076 0.2000000030
83874  52.397  7.363  22.432 0.2000000030
83864  52.047  7.560  23.211 0.2000000030
84723  50.992  8.606  25.014 0.2000000030
82988  52.641  7.222  20.658 0.2000000030
83885  52.681  7.309  21.530 0.2000000030
83001  52.336  7.176  19.906 0.2000000030
83012  51.877  7.135  19.043 0.2000000030
83899  48.912  6.327  20.360 0.3000000119
137254  48.258  5.723  20.259 0.3000000119
83005  47.517  5.467  20.465 0.3000000119
82992  46.175  5.847  21.327 0.3000000119
82993  45.278  5.736  21.527 0.3000000119
83913  51.591  7.566  18.372 0.2000000030
134466  51.353  7.789  18.652 0.3000000119
83898  49.815  6.803  19.781 0.3000000119
83004  48.008  5.293  19.822 0.3000000119
83006  46.663  5.267  20.742 0.3000000119
82013  47.134  4.712  19.886 0.3000000119
83007  45.800  5.081  21.013 0.3000000119
127015  43.801  5.104  21.635 0.3000000119
138823  43.306  4.555  21.548 0.3000000119
81989  42.191  4.841  22.298 0.3000000119
81990  41.429  4.567  22.537 0.3000000119
80952  40.282  3.766  22.314 0.3000000119
81992  40.022  4.338  23.011 0.3000000119
83025  51.185  6.300  17.238 0.3000000119
84793  51.243  7.841  18.072 0.3000000119
83915  50.505  7.526  18.494 0.3000000119
83003  48.774  5.893  19.733 0.3000000119
80953  39.479  3.651  22.531 0.3000000119
83926  51.322  6.929  16.715 0.3000000119
84802  51.155  8.088  17.371 0.3000000119
84803  50.852  8.116  17.556 0.3000000119
81979  37.543  3.980  23.867 0.3000000119
81963  37.031  4.636  24.562 0.3000000119
83931  51.244  6.361  15.713 0.3000000119
83925  51.333  7.635  16.218 0.3000000119
84807  51.125  8.231  16.579 0.3000000119
81980  36.447  3.997  24.085 0.2000000030
81965  34.914  4.754  24.323 0.2000000030
81966  33.437  4.903  24.632 0.2000000030
82946  32.074  5.134  25.600 0.2000000030
82931  30.006  5.478  26.623 0.2000000030
120356  34.082  4.661  24.151 0.2000000030
81967  32.596  4.691  24.453 0.2000000030
139986  29.893  5.474  25.253 0.2000000030
83846  28.994  6.188  25.865 0.2000000030
83858  28.776  6.590  25.159 0.2000000030
83857  29.271  6.337  24.468 0.2000000030
84741  28.671  7.054  24.503 0.2000000030
120617  28.182  7.340  25.140 0.2000000030
85681  36.653  8.475  17.251 0.6999999881
84804  35.399  7.621  17.299 0.5000000000
83019  33.573  5.555  18.484 0.4000000060
83020  33.054  5.600  19.089 0.4000000060
83871  30.125  6.496  22.987 0.2000000030
84757  28.903  7.787  23.466 0.2000000030
85644  28.116  8.052  23.793 0.2000000030
85653  27.662  8.703  23.677 0.3000000119
85674  36.746  8.580  18.293 0.6999999881
85675  35.912  8.301  18.626 0.6000000238
85677  34.360  7.761  19.239 0.5000000000
83917  33.837  6.342  18.636 0.4000000060
83909  32.715  6.138  19.484 0.3000000119
83901  31.538  6.530  20.647 0.3000000119
84776  30.697  7.309  22.195 0.3000000119
85652  29.450  8.302  23.048 0.4000000060
85676  35.150  8.006  18.948 0.6000000238
85671  33.804  8.300  19.845 0.5000000000
85672  32.983  7.999  20.162 0.4000000060
84782  32.240  7.700  20.539 0.3000000119
85664  31.879  8.157  21.317 0.3000000119
85614  50.794  8.932  25.370 0.2000000030
85615  50.370  8.923  25.999 0.2000000030
83873  52.900  8.449  21.721 0.2000000030
85636  52.284  9.081  23.087 0.2000000030
86412  37.688  9.844  30.555 0.1000000015
86413  36.966  9.545  30.886 0.1000000015
83884  53.040  8.552  20.791 0.2000000030
86443  39.170  8.993  29.062 0.1000000015
86429  38.705  9.562  29.602 0.1000000015
85546  37.281  9.141  30.009 0.1000000015
136579  36.348  9.077  30.783 0.1000000015
85535  34.609  11.208  32.080 0.1000000015
87185  33.296  12.458  32.202 0.1000000015
87186  32.928  12.423  32.388 0.1000000015
86417  30.752  11.769  31.413 0.1000000015
129256  29.141  8.670  30.522 0.1000000015
127957  28.483  8.516  29.962 0.2000000030
85576  39.635  8.441  28.470 0.1000000015
118627  38.049  8.569  28.832 0.1000000015
85577  37.261  8.516  29.062 0.1000000015
85564  36.539  8.603  29.706 0.1000000015
85547  35.937  8.589  30.161 0.1000000015
85550  33.948  9.589  31.247 0.1000000015
86415  33.103  11.636  31.290 0.1000000015
87203  31.746  12.469  31.019 0.1000000015
87204  31.113  12.572  30.969 0.1000000015
86432  29.210  11.115  30.375 0.1000000015
129933  28.184  9.550  29.586 0.1000000015
84682  27.206  8.183  28.731 0.2000000030
138671  49.888  7.092  20.474 0.3000000119
83888  47.641  6.626  21.519 0.3000000119
83900  48.018  6.120  20.835 0.3000000119
82991  47.091  5.937  21.144 0.3000000119
121475  38.760  8.347  28.474 0.1000000015
85578  36.472  8.233  29.036 0.1000000015
84660  35.262  7.961  29.417 0.1000000015
84646  34.005  8.259  30.576 0.1000000015
85552  32.536  10.538  30.379 0.1000000015
87912  30.631  12.508  30.421 0.1000000015
87215  29.061  12.070  29.895 0.1000000015
86446  27.834  10.620  29.268 0.1000000015
85582  26.778  9.391  28.420 0.2000000030
83906  52.254  8.212  19.480 0.2000000030
83907  51.879  8.162  19.248 0.3000000119
83887  48.976  6.869  21.189 0.3000000119
83889  46.623  6.534  21.686 0.3000000119
83890  45.709  6.474  21.796 0.3000000119
83891  44.876  6.389  21.976 0.3000000119
82994  44.389  5.724  21.787 0.3000000119
82981  43.517  5.800  22.248 0.3000000119
124023  37.030  7.601  27.723 0.1000000015
120383  35.039  7.633  28.718 0.1000000015
83788  33.731  7.052  28.873 0.1000000015
84663  32.645  7.700  29.725 0.1000000015
85566  31.946  9.301  29.639 0.1000000015
86444  30.616  10.989  28.371 0.1000000015
87922  29.735  12.460  28.905 0.1000000015
128881  27.548  11.396  28.914 0.1000000015
86448  26.722  10.579  28.315 0.1000000015
82976  40.800  5.429  23.784 0.3000000119
81976  40.931  4.939  23.168 0.3000000119
124075  39.432  4.602  23.684 0.3000000119
83787  34.444  7.224  28.320 0.1000000015
121588  33.302  6.597  28.229 0.1000000015
84665  31.412  8.406  29.204 0.1000000015
85580  30.096  9.587  27.905 0.1000000015
86445  29.897  11.083  27.695 0.1000000015
87930  27.310  12.211  27.743 0.1000000015
87924  27.073  12.087  28.154 0.1000000015
87232  25.905  10.649  27.221 0.1000000015
81978  38.573  4.303  23.780 0.3000000119
81962  38.053  4.721  24.433 0.3000000119
82962  36.608  5.421  24.933 0.2000000030
82943  35.411  5.882  25.459 0.2000000030
83806  33.522  6.437  27.284 0.1000000015
83790  31.577  6.413  28.604 0.1000000015
140345  29.724  7.491  27.881 0.1000000015
85592  29.386  9.529  27.305 0.1000000015
86465  28.463  10.374  26.488 0.1000000015
121953  26.845  11.774  27.307 0.1000000015
87238  26.333  11.416  27.132 0.1000000015
82963  35.145  5.349  24.896 0.2000000030
129894  32.364  5.776  26.716 0.2000000030
82916  29.755  5.872  27.338 0.2000000030
84698  28.815  8.383  27.003 0.2000000030
85605  28.162  9.330  25.975 0.1000000015
87237  27.331  11.067  26.132 0.1000000015
87935  25.960  11.504  26.251 0.2000000030
87939  25.316  11.395  25.866 0.2000000030
83827  28.850  6.614  26.564 0.2000000030
85620  27.896  8.489  25.603 0.2000000030
86480  27.356  10.369  25.308 0.1000000015
87945  26.166  11.476  25.460 0.1000000015
87946  25.573  11.737  24.750 0.2000000030
85632  27.478  8.872  24.483 0.1000000015
87257  26.640  10.988  23.879 0.2000000030
87950  26.135  11.515  24.361 0.2000000030
87952  25.052  12.118  24.179 0.2000000030
133382  28.310  8.553  22.969 0.2000000030
86503  28.158  9.409  22.346 0.3000000119
86504  27.565  9.309  22.936 0.3000000119
87268  26.898  10.932  22.934 0.3000000119
85657  31.523  8.610  22.230 0.3000000119
125230  30.398  9.878  22.876 0.4000000060
86502  29.017  9.063  22.541 0.3000000119
87266  28.192  10.037  21.930 0.4000000060
87957  27.201  11.127  22.172 0.4000000060
86519  35.760  9.506  19.783 0.6000000238
121538  34.979  9.152  19.791 0.5000000000
86520  34.152  9.168  20.226 0.4000000060
85662  33.262  8.817  20.484 0.3000000119
85663  32.531  8.523  20.852 0.3000000119
86508  31.843  9.426  22.686 0.3000000119
81822  31.102  4.853  37.959 0.1000000015
81852  28.504  4.382  36.463 0.1000000015
118101  28.112  4.238  35.914 0.1000000015
82827  32.005  5.074  37.793 0.1000000015
81850  30.519  4.465  36.556 0.1000000015
81851  29.418  4.398  36.444 0.1000000015
80826  27.132  3.805  35.009 0.1000000015
80841  26.452  3.567  34.461 0.1000000015
81863  31.739  4.528  35.384 0.1000000015
117122  30.255  4.285  35.022 0.1000000015
80839  28.757  3.841  34.609 0.1000000015
115964  27.161  3.535  34.222 0.1000000015
80860  25.866  3.332  33.909 0.1000000015
80861  24.456  3.052  33.618 0.1000000015
127099  34.828  5.429  35.301 0.1000000015
81861  33.391  4.773  35.027 0.1000000015
121421  30.322  4.110  34.389 0.1000000015
81885  29.916  3.842  33.837 0.1000000015
80857  28.566  3.588  33.814 0.1000000015
130422  26.110  3.107  33.084 0.1000000015
79876  24.620  2.842  32.820 0.1000000015
82849  35.375  5.820  34.715 0.1000000015
81882  32.591  4.617  33.616 0.1000000015
118965  31.021  4.248  33.046 0.1000000015
80855  30.207  3.896  32.941 0.1000000015
133807  28.447  3.423  33.087 0.1000000015
80874  26.389  2.861  32.212 0.1000000015
79875  25.465  2.823  32.499 0.1000000015
84674  47.718  8.367  28.643 0.2000000030
82856  35.003  6.211  33.841 0.1000000015
81881  33.146  4.908  33.232 0.1000000015
81892  31.626  4.611  32.490 0.2000000030
122629  28.898  3.607  31.587 0.2000000030
116716  28.098  3.288  31.697 0.2000000030
80883  26.614  2.866  31.328 0.1000000015
79885  25.738  2.702  31.611 0.1000000015
86407  43.455  10.410  30.783 0.2000000030
87196  42.496  10.472  31.056 0.2000000030
83746  33.919  6.781  32.909 0.1000000015
83747  33.140  6.535  32.517 0.1000000015
82870  31.676  5.352  31.880 0.2000000030
81901  29.660  4.077  31.455 0.2000000030
80892  28.218  3.617  30.882 0.2000000030
80882  27.421  3.184  31.085 0.1000000015
80884  25.996  2.820  30.865 0.1000000015
84747  52.354  8.495  23.158 0.2000000030
136150  51.351  8.951  24.588 0.2000000030
86460  49.952  9.084  26.566 0.2000000030
86425  42.374  9.565  29.762 0.2000000030
86408  41.852  9.930  30.429 0.2000000030
87197  41.451  10.551  30.895 0.2000000030
87198  40.579  10.784  30.656 0.2000000030
84633  34.084  8.035  33.311 0.1000000015
84634  33.404  7.770  32.833 0.1000000015
83754  31.459  6.307  31.623 0.2000000030
82877  30.389  5.569  31.008 0.2000000030
81909  27.867  4.029  30.137 0.2000000030
80893  27.122  3.760  29.850 0.2000000030
80904  26.310  3.535  29.615 0.2000000030
119150  43.062  9.443  29.107 0.2000000030
86426  41.444  9.446  29.715 0.2000000030
86409  40.945  10.022  30.309 0.2000000030
87199  39.734  10.956  30.473 0.2000000030
87184  38.622  11.085  31.526 0.1000000015
86395  37.167  10.085  31.739 0.1000000015
118283  35.887  10.585  32.470 0.1000000015
86386  34.313  11.997  33.410 0.1000000015
85523  32.595  11.141  32.958 0.1000000015
85536  32.317  9.135  32.578 0.1000000015
84649  30.250  7.472  31.097 0.2000000030
83763  29.302  6.752  30.453 0.2000000030
82888  27.756  5.591  29.415 0.2000000030
82889  27.028  5.116  28.960 0.2000000030
116477  43.966  9.372  27.836 0.2000000030
136673  42.078  8.981  28.816 0.2000000030
86441  41.029  8.999  29.009 0.2000000030
86411  39.223  10.284  30.049 0.1000000015
86398  34.683  11.826  32.883 0.1000000015
87172  33.885  12.175  32.574 0.1000000015
86388  32.970  12.230  32.910 0.1000000015
85553  29.923  8.898  31.141 0.2000000030
84666  28.849  7.620  30.250 0.2000000030
83776  28.245  6.360  29.760 0.2000000030
85588  42.207  8.520  27.592 0.2000000030
85574  41.312  8.480  28.193 0.2000000030
83795  25.729  5.941  28.021 0.2000000030
84779  52.905  8.899  20.394 0.2000000030
84780  52.651  8.899  20.355 0.2000000030
84781  52.044  9.030  20.832 0.2000000030
84773  49.620  7.808  21.812 0.2000000030
84761  48.919  8.062  22.517 0.2000000030
84762  47.725  7.766  22.623 0.2000000030
84763  46.721  7.606  22.729 0.2000000030
84764  45.804  7.515  22.813 0.2000000030
122645  40.742  8.151  27.778 0.2000000030
85591  39.411  7.911  27.855 0.1000000015
84677  37.765  8.033  28.227 0.1000000015
85593  26.135  8.849  27.770 0.2000000030
84699  26.003  7.819  27.815 0.2000000030
83897  51.434  8.129  20.004 0.3000000119
83886  50.555  7.719  21.072 0.3000000119
84774  48.253  7.399  21.959 0.3000000119
83876  47.152  7.179  22.140 0.3000000119
83877  46.199  7.082  22.233 0.3000000119
83878  45.313  6.985  22.317 0.3000000119
83880  43.777  6.539  22.725 0.3000000119
83881  42.969  6.243  22.913 0.3000000119
82974  42.185  5.894  23.247 0.3000000119
82982  42.585  5.524  22.609 0.3000000119
84714  37.875  7.052  26.866 0.1000000015
85594  25.328  8.266  27.315 0.2000000030
82975  41.446  5.596  23.549 0.3000000119
81977  40.206  5.041  23.671 0.3000000119
83822  38.224  6.777  26.347 0.1000000015
84715  37.159  7.168  27.081 0.1000000015
84695  36.446  7.258  27.341 0.1000000015
86468  24.465  9.948  26.094 0.2000000030
85595  24.560  8.111  26.941 0.2000000030
82957  41.104  5.923  24.200 0.3000000119
82959  39.403  5.571  24.640 0.3000000119
83843  36.722  6.416  25.891 0.2000000030
83804  35.679  7.131  27.343 0.1000000015
87240  24.878  10.770  26.055 0.2000000030
87940  24.951  11.751  25.093 0.2000000030
87245  24.705  11.192  25.562 0.2000000030
86481  24.047  10.411  25.621 0.2000000030
88620  24.106  11.982  24.320 0.2000000030
129205  26.367  11.413  23.479 0.3000000119
88626  25.273  12.297  23.407 0.2000000030
87959  25.776  12.270  22.802 0.3000000119
88640  25.111  12.656  22.843 0.3000000119
86500  31.510  9.944  23.051 0.3000000119
134524  28.671  11.218  21.532 0.3000000119
87967  27.553  11.519  21.777 0.4000000060
88639  26.373  12.362  22.194 0.3000000119
134277  26.452  13.095  21.855 0.3000000119
86518  36.740  9.500  19.355 0.6999999881
87281  34.761  10.347  20.863 0.5000000000
87272  33.878  10.531  22.222 0.4000000060
87273  33.211  10.281  22.564 0.4000000060
87263  32.056  10.535  23.047 0.3000000119
87956  31.075  10.905  22.635 0.4000000060
88650  30.637  12.046  21.400 0.4000000060
87970  36.586  11.267  20.510 0.6999999881
137640  28.507  4.570  38.758 0.1000000015
116953  27.613  4.428  37.914 0.1000000015
82817  29.803  4.834  38.817 0.1000000015
81825  28.280  4.542  38.112 0.1000000015
80809  26.260  3.975  36.862 0.1000000015
82813  34.225  5.555  38.659 0.1000000015
124640  28.782  4.545  37.628 0.1000000015
81853  27.635  4.356  36.534 0.1000000015
80827  26.745  4.020  35.697 0.1000000015
117060  26.170  3.887  36.038 0.1000000015
82925  43.553  6.243  26.479 0.1000000015
83708  36.565  6.275  38.728 0.1000000015
121444  35.885  5.894  38.227 0.1000000015
117529  33.623  5.356  37.222 0.1000000015
81849  31.545  4.582  36.273 0.1000000015
123396  26.241  3.796  35.237 0.1000000015
80842  25.639  3.573  34.687 0.1000000015
84691  44.145  7.281  27.957 0.1000000015
83801  44.772  7.181  27.393 0.1000000015
82834  34.424  5.475  36.990 0.1000000015
82835  33.767  5.253  36.386 0.1000000015
81848  32.390  4.745  36.038 0.1000000015
125476  25.051  3.283  34.159 0.1000000015
82841  35.426  5.667  35.685 0.1000000015
82843  34.043  5.109  35.424 0.1000000015
79866  23.988  2.884  33.139 0.1000000015
87211  45.647  10.626  30.335 0.2000000030
84610  37.759  8.141  35.475 0.1000000015
83729  36.100  6.231  35.068 0.1000000015
79877  23.882  2.781  32.448 0.1000000015
85573  47.224  8.445  29.288 0.2000000030
125396  43.510  10.770  31.514 0.2000000030
87167  42.870  10.919  31.873 0.2000000030
87890  43.089  11.214  32.642 0.2000000030
87873  43.961  11.194  32.973 0.2000000030
86359  37.526  11.252  35.347 0.1000000015
85501  37.397  9.329  34.830 0.1000000015
84618  36.412  8.372  34.482 0.1000000015
79892  24.290  2.682  30.912 0.1000000015
79893  23.406  2.857  30.763 0.1000000015
85572  48.292  9.495  29.143 0.2000000030
87212  44.450  10.448  30.379 0.2000000030
87905  42.056  11.136  32.137 0.2000000030
87891  42.161  11.496  32.946 0.2000000030
87876  40.355  12.305  33.874 0.2000000030
127275  39.670  13.140  34.828 0.2000000030
88565  37.823  13.154  35.274 0.2000000030
85511  35.805  9.999  34.307 0.1000000015
85502  36.662  9.224  34.536 0.1000000015
80895  24.036  2.975  30.057 0.1000000015
86424  43.932  9.840  29.401 0.2000000030
127635  43.294  9.898  29.978 0.2000000030
87181  41.156  11.120  31.469 0.2000000030
87906  40.636  11.546  31.836 0.2000000030
87893  39.629  11.969  32.903 0.2000000030
87877  39.080  12.475  34.127 0.2000000030
87878  37.780  12.901  34.463 0.1000000015
86371  35.627  11.386  34.220 0.1000000015
85512  35.185  10.317  34.135 0.1000000015
85521  33.676  9.431  33.427 0.1000000015
118071  24.871  3.124  29.717 0.2000000030
80907  23.544  3.388  29.434 0.1000000015
86461  49.382  9.288  27.204 0.2000000030
120733  48.682  9.507  28.510 0.2000000030
86454  45.815  9.810  27.636 0.2000000030
87168  39.120  11.590  32.155 0.2000000030
87169  38.167  11.406  32.638 0.2000000030
131207  37.223  11.474  33.007 0.1000000015
87171  35.613  11.638  33.231 0.1000000015
85513  34.774  10.415  34.010 0.1000000015
123628  25.563  4.514  28.481 0.2000000030
133652  23.876  3.648  28.925 0.1000000015
85646  52.106  9.282  22.637 0.2000000030
85637  51.633  9.204  23.640 0.2000000030
86487  50.471  9.337  24.873 0.2000000030
129068  43.039  9.059  28.189 0.2000000030
82901  25.081  5.075  27.978 0.2000000030
80913  24.504  3.762  28.797 0.2000000030
84770  52.866  9.052  20.998 0.2000000030
116545  44.716  9.371  27.090 0.2000000030
85600  44.136  8.872  26.302 0.2000000030
125298  43.353  8.630  26.444 0.2000000030
85589  41.317  8.096  27.304 0.2000000030
84759  51.534  9.210  22.286 0.2000000030
84750  47.264  8.146  23.201 0.2000000030
84751  46.309  8.022  23.287 0.2000000030
85619  42.814  8.184  25.909 0.2000000030
85603  41.856  8.126  26.804 0.2000000030
84692  40.618  7.763  27.226 0.1000000015
116198  24.550  6.785  27.231 0.2000000030
84752  45.428  7.909  23.434 0.2000000030
84765  44.957  7.382  22.973 0.3000000119
83867  44.158  7.156  23.179 0.3000000119
83868  43.366  6.879  23.387 0.3000000119
84755  43.005  7.161  24.076 0.3000000119
84726  42.336  7.665  25.446 0.2000000030
84727  41.559  7.392  25.709 0.2000000030
84711  40.369  7.337  26.645 0.2000000030
84713  38.664  7.183  26.991 0.1000000015
116336  38.646  7.751  27.717 0.1000000015
83829  23.603  6.778  26.922 0.2000000030
83869  42.568  6.535  23.634 0.3000000119
83854  41.460  6.553  24.589 0.3000000119
83838  41.111  6.852  25.246 0.2000000030
84729  39.977  6.870  26.153 0.1000000015
86469  23.684  9.370  26.054 0.2000000030
85607  23.858  8.401  26.520 0.2000000030
83856  39.861  6.158  24.988 0.3000000119
83841  38.594  6.415  25.755 0.1000000015
86482  23.097  9.887  25.619 0.2000000030
87254  23.254  11.359  24.653 0.3000000119
87246  23.278  10.638  25.187 0.2000000030
88627  24.598  12.468  23.556 0.2000000030
88628  23.640  12.643  23.519 0.2000000030
88641  24.374  12.957  22.925 0.3000000119
89364  22.945  13.296  23.202 0.3000000119
118550  25.711  12.836  22.231 0.3000000119
89377  24.223  13.681  22.494 0.3000000119
123671  29.774  12.443  21.111 0.4000000060
121680  29.930  11.591  21.477 0.4000000060
88652  28.363  12.534  21.408 0.3000000119
89394  27.177  13.344  21.710 0.3000000119
89375  25.810  13.761  21.873 0.3000000119
87971  35.778  11.041  20.893 0.6000000238
87271  34.491  10.549  21.552 0.5000000000
138855  33.971  10.987  22.900 0.4000000060
88636  32.915  11.933  23.005 0.3000000119
88637  32.127  11.776  22.609 0.2000000030
87964  31.340  11.573  22.130 0.4000000060
89391  30.466  12.966  21.028 0.3000000119
80796  26.400  3.863  37.634 0.1000000015
80810  25.531  3.546  36.451 0.1000000015
80811  24.687  3.226  36.153 0.1000000015
82937  43.059  5.200  25.474 0.1000000015
116105  43.894  6.775  27.234 0.1000000015
84588  40.364  7.694  39.293 0.1000000015
84584  38.561  7.325  39.399 0.1000000015
83713  36.707  6.334  38.029 0.1000000015
132701  24.907  3.494  34.851 0.1000000015
84675  45.968  7.975  28.896 0.1000000015
85469  40.049  7.967  38.798 0.2000000030
84598  38.973  7.740  38.137 0.2000000030
83721  36.819  6.399  37.125 0.1000000015
80862  23.653  3.035  33.756 0.1000000015
130411  46.712  8.523  29.880 0.1000000015
85477  39.848  8.198  38.172 0.2000000030
85486  39.182  8.457  36.896 0.2000000030
136005  36.958  6.600  36.324 0.1000000015
79867  23.310  2.931  33.039 0.1000000015
85492  38.801  9.147  35.926 0.1000000015
83727  37.440  7.159  35.922 0.1000000015
79878  23.033  2.918  32.235 0.1000000015
87194  45.673  10.925  31.298 0.2000000030
87177  47.033  10.361  31.464 0.2000000030
85529  47.157  10.044  31.525 0.2000000030
87166  45.443  10.798  32.766 0.2000000030
87153  44.244  11.019  33.359 0.2000000030
87852  39.261  12.660  35.573 0.2000000030
87132  38.951  11.785  35.631 0.2000000030
79888  22.808  2.967  31.388 0.1000000015
87859  42.654  11.462  34.403 0.2000000030
87860  41.697  12.213  34.775 0.2000000030
87850  41.389  12.315  35.556 0.2000000030
119936  41.025  11.652  36.161 0.2000000030
140032  22.149  3.339  30.564 0.1000000015
87220  47.427  10.347  29.203 0.2000000030
130933  22.854  3.479  29.461 0.1000000015
86477  48.892  9.613  26.161 0.2000000030
87218  48.441  10.049  28.401 0.2000000030
81939  23.644  4.734  27.918 0.2000000030
81940  22.821  4.829  27.903 0.2000000030
81926  22.468  4.303  28.452 0.2000000030
86495  51.093  9.281  24.443 0.2000000030
86479  45.563  9.188  25.716 0.2000000030
85618  43.616  8.467  25.684 0.2000000030
82919  23.333  5.393  27.513 0.2000000030
82920  22.389  5.534  27.514 0.2000000030
85647  51.065  9.276  22.985 0.2000000030
85648  49.675  8.755  23.121 0.2000000030
85639  49.077  8.939  23.790 0.2000000030
85649  48.365  8.354  23.148 0.2000000030
85641  46.834  8.545  23.745 0.2000000030
85630  43.870  8.280  24.937 0.2000000030
83812  23.005  6.136  27.140 0.2000000030
83832  21.360  7.318  27.079 0.2000000030
85642  45.937  8.426  23.844 0.2000000030
85643  45.071  8.309  24.132 0.2000000030
84738  43.431  7.718  24.515 0.2000000030
84740  41.866  7.163  24.997 0.2000000030
83830  22.731  6.864  26.810 0.2000000030
84737  44.210  7.982  24.294 0.2000000030
84754  43.782  7.451  23.840 0.2000000030
84739  42.633  7.441  24.755 0.2000000030
83853  42.234  6.835  24.355 0.2000000030
85622  22.732  9.170  26.006 0.2000000030
85608  22.335  8.413  26.370 0.2000000030
86483  22.243  9.762  25.814 0.2000000030
135677  21.424  9.199  26.390 0.2000000030
88622  22.252  12.261  24.066 0.3000000119
139862  22.553  10.297  25.397 0.2000000030
88629  22.212  12.993  23.739 0.3000000119
90123  22.874  14.192  22.937 0.3000000119
120242  22.774  12.617  23.674 0.3000000119
127733  24.914  14.100  22.051 0.3000000119
140182  23.864  14.101  22.471 0.3000000119
90137  27.818  14.000  21.633 0.3000000119
89374  26.849  13.945  21.727 0.3000000119
90120  25.578  14.819  21.888 0.3000000119
87962  36.134  11.753  21.460 0.6999999881
87963  35.351  11.477  21.974 0.6000000238
120027  34.526  11.108  22.376 0.5000000000
117260  34.034  11.562  23.144 0.4000000060
88647  33.241  12.609  22.629 0.3000000119
88648  32.487  12.491  22.150 0.4000000060
88649  31.505  12.494  21.532 0.3000000119
130856  30.218  13.804  21.059 0.4000000060
90136  28.736  14.316  21.551 0.3000000119
80798  24.950  2.985  36.910 0.1000000015
83820  43.076  6.484  27.246 0.1000000015
116072  45.038  7.535  28.166 0.1000000015
84597  41.446  7.441  38.507 0.1000000015
140203  46.354  8.624  30.427 0.2000000030
83752  41.511  6.625  31.460 0.1000000015
83738  42.661  6.728  33.824 0.1000000015
83732  42.674  6.733  34.815 0.1000000015
85475  41.193  8.086  38.454 0.1000000015
85543  47.645  9.574  30.578 0.2000000030
85544  47.279  9.618  31.183 0.2000000030
132077  45.609  8.223  29.756 0.1000000015
84609  43.112  7.455  35.298 0.1000000015
86336  41.057  8.667  37.768 0.1000000015
86343  40.013  8.654  37.610 0.2000000030
80863  22.472  3.105  32.927 0.1000000015
139699  47.662  10.158  30.529 0.2000000030
117953  47.158  9.054  30.627 0.2000000030
86341  41.698  9.187  36.835 0.2000000030
87193  46.606  10.747  31.128 0.2000000030
87165  46.141  10.668  32.346 0.2000000030
86381  46.020  10.182  32.694 0.2000000030
85518  46.100  9.651  32.274 0.2000000030
85499  44.666  9.950  33.929 0.2000000030
85509  44.732  9.436  33.626 0.2000000030
87123  41.415  10.448  36.434 0.2000000030
86351  40.666  10.551  36.406 0.2000000030
85531  45.672  8.936  31.549 0.1000000015
86370  45.304  10.126  33.252 0.2000000030
87141  44.028  10.404  34.349 0.2000000030
87129  42.609  10.985  35.159 0.2000000030
87130  41.883  11.395  35.913 0.2000000030
80897  22.277  3.434  29.984 0.1000000015
81910  21.504  3.888  29.642 0.1000000015
117067  48.562  9.935  27.544 0.2000000030
81927  21.545  4.448  28.792 0.1000000015
85625  49.675  9.353  24.501 0.2000000030
117834  48.471  9.764  26.717 0.2000000030
86453  47.714  10.138  27.773 0.2000000030
117603  46.326  9.538  26.384 0.2000000030
82921  21.358  5.750  27.681 0.1000000015
81941  21.952  4.967  28.074 0.1000000015
85638  50.480  9.352  23.913 0.2000000030
86489  48.186  9.450  25.165 0.2000000030
86478  47.762  9.620  25.875 0.2000000030
121585  46.652  9.451  25.724 0.2000000030
85617  44.525  8.728  25.474 0.2000000030
82922  20.549  6.471  27.815 0.2000000030
85626  48.599  9.196  24.452 0.2000000030
85627  47.445  8.997  24.361 0.2000000030
85628  46.467  8.839  24.354 0.2000000030
86491  46.061  9.104  24.947 0.2000000030
85616  45.226  8.751  24.870 0.2000000030
83815  20.782  7.218  27.394 0.2000000030
85629  44.558  8.428  24.716 0.2000000030
85609  21.409  8.608  26.598 0.2000000030
84720  21.072  7.889  27.050 0.2000000030
86458  20.407  9.364  27.321 0.2000000030
87249  20.956  11.197  25.739 0.2000000030
87242  20.617  10.773  26.443 0.2000000030
88616  21.123  12.108  25.012 0.2000000030
89365  21.627  13.530  24.032 0.3000000119
90902  21.805  14.965  23.662 0.3000000119
125086  23.597  15.454  22.502 0.3000000119
90919  22.875  15.063  22.748 0.3000000119
123007  35.462  12.625  23.233 0.5000000000
127136  35.170  13.740  23.057 0.4000000060
89387  34.087  13.652  22.336 0.4000000060
90131  33.480  14.299  21.649 0.4000000060
90916  26.931  15.598  21.891 0.3000000119
134058  26.158  15.492  21.881 0.3000000119
90917  25.379  15.841  22.066 0.3000000119
88634  34.577  12.494  23.165 0.4000000060
89373  33.956  12.861  22.961 0.4000000060
89388  33.441  13.361  22.062 0.4000000060
89389  32.037  13.329  21.404 0.4000000060
90934  30.817  15.270  21.636 0.4000000060
90936  29.112  15.071  21.811 0.4000000060
90117  28.251  14.953  21.784 0.3000000119
82926  42.583  5.887  26.690 0.1000000015
132281  42.609  6.883  28.578 0.1000000015
83785  42.122  6.494  28.232 0.1000000015
83802  43.433  6.905  27.764 0.1000000015
119427  42.807  6.715  27.960 0.1000000015
84658  43.635  7.541  29.433 0.1000000015
136251  42.995  7.424  29.864 0.1000000015
83769  42.194  7.088  29.943 0.1000000015
83751  42.218  7.112  31.939 0.1000000015
83744  42.467  6.879  32.868 0.1000000015
84676  44.594  7.665  28.932 0.1000000015
84639  42.880  7.590  31.507 0.1000000015
83759  42.111  7.152  30.982 0.1000000015
84616  43.353  7.342  34.328 0.1000000015
85483  42.293  8.267  36.835 0.1000000015
84657  45.541  8.502  30.605 0.1000000015
129887  44.571  8.016  29.944 0.1000000015
84644  44.549  8.352  30.831 0.1000000015
125863  43.686  7.788  30.289 0.1000000015
84645  42.879  7.511  30.613 0.1000000015
84632  43.050  7.536  32.428 0.1000000015
86349  43.387  9.367  35.501 0.1000000015
85545  46.599  9.021  31.119 0.2000000030
123815  45.258  9.145  32.202 0.1000000015
85520  44.511  8.745  32.522 0.1000000015
84638  43.679  8.164  32.011 0.1000000015
139476  44.366  8.700  34.018 0.1000000015
86348  44.111  9.632  34.782 0.2000000030
129065  20.307  10.157  27.401 0.1000000015
87931  20.223  11.654  27.183 0.1000000015
86472  20.576  10.127  26.824 0.2000000030
121693  20.388  12.907  26.762 0.2000000030
121429  20.478  12.806  26.074 0.2000000030
124821  21.127  14.721  25.691 0.2000000030
89356  20.741  13.383  25.584 0.2000000030
88617  20.762  12.691  25.436 0.2000000030
90100  21.430  14.357  24.259 0.3000000119
137509  21.272  13.763  24.523 0.3000000119
91673  22.174  16.583  23.954 0.2000000030
127693  22.489  16.307  23.308 0.2000000030
91693  23.819  16.273  22.677 0.3000000119
91695  22.978  15.935  22.764 0.3000000119
89370  36.167  13.107  23.472 0.5000000000
128873  34.606  13.905  22.551 0.4000000060
130463  32.781  15.001  21.423 0.4000000060
126814  26.356  16.197  22.187 0.3000000119
92341  25.045  17.225  23.115 0.3000000119
90133  31.468  14.394  21.263 0.4000000060
90912  30.273  15.903  22.161 0.4000000060
90913  29.476  15.766  22.272 0.4000000060
91689  28.177  16.321  22.579 0.4000000060
91616  24.177  16.770  29.673 0.2000000030
90864  22.230  15.723  28.269 0.2000000030
90083  21.316  14.646  27.661 0.2000000030
89347  20.546  13.374  27.280 0.2000000030
88613  20.345  12.225  26.604 0.2000000030
92883  25.110  17.920  28.879 0.2000000030
92271  23.704  17.276  28.159 0.2000000030
91624  22.518  16.548  27.377 0.2000000030
90876  21.514  15.499  25.985 0.2000000030
89353  20.584  13.578  26.412 0.2000000030
92276  24.113  17.864  27.757 0.2000000030
92909  23.715  18.231  27.015 0.3000000119
92288  22.583  17.351  26.168 0.2000000030
91648  21.809  16.091  25.397 0.2000000030
92301  22.902  18.019  25.692 0.2000000030
92313  22.615  17.394  24.210 0.2000000030
91658  22.138  16.726  24.808 0.2000000030
123288  23.729  17.548  23.417 0.2000000030
123445  35.554  14.544  22.832 0.4000000060
90116  34.864  14.580  22.353 0.3000000119
91701  32.812  16.449  21.659 0.4000000060
91702  31.960  16.357  21.710 0.4000000060
91671  26.653  16.949  22.957 0.3000000119
92340  25.834  17.341  23.184 0.3000000119
91685  32.240  17.050  22.182 0.4000000060
90911  31.110  16.134  21.866 0.4000000060
91687  29.810  16.423  22.775 0.4000000060
91669  28.515  16.924  23.158 0.4000000060
133261  28.035  17.411  23.407 0.4000000060
92895  24.840  18.161  28.106 0.3000000119
93523  24.403  19.571  26.089 0.3000000119
92949  23.307  18.611  25.232 0.2000000030
127470  24.061  19.178  24.110 0.2000000030
92978  24.414  18.768  23.685 0.2000000030
90910  35.127  15.460  22.210 0.3000000119
90930  34.378  15.442  21.795 0.3000000119
92327  27.305  17.567  23.421 0.4000000060
134814  25.780  18.678  23.513 0.3000000119
91684  33.149  17.129  22.055 0.3000000119
92976  27.116  18.248  23.634 0.3000000119
93536  24.245  19.699  24.996 0.3000000119
93545  24.606  19.780  24.265 0.2000000030
93552  24.809  19.407  23.761 0.2000000030
93551  27.311  19.514  23.597 0.3000000119
118127  26.577  19.000  23.568 0.3000000119
133621  44.780  10.208  29.615 0.2000000030
86438  46.235  10.222  28.639 0.2000000030
85560  47.917  9.524  29.865 0.2000000030
87209  47.426  10.424  30.132 0.2000000030
86464  45.603  9.454  26.686 0.2000000030
85586  49.115  9.278  27.906 0.2000000030
85705  35.768  8.059  13.786 0.6000000238
85693  35.860  8.139  15.775 0.6000000238
85688  35.964  8.099  16.789 0.6000000238
81117  38.677  3.662  9.469 0.4000000060
83090  36.736  5.533  10.363 0.6000000238
81144  41.609  3.509  7.613 0.4000000060
89363  35.947  13.688  23.432 0.5000000000
83047  46.264  5.683  14.133 0.3000000119
83055  47.233  5.709  13.397 0.3000000119
81024  44.090  3.788  15.824 0.3000000119
83071  45.928  5.227  13.039 0.3000000119
82078  43.741  4.462  13.783 0.3000000119
82087  47.007  4.824  12.307 0.3000000119
82077  44.491  4.817  13.472 0.3000000119
83066  54.294  5.404  12.696 0.3000000119
137267  52.369  9.021  12.118 0.3000000119
84857  52.762  8.932  12.072 0.3000000119
82089  45.455  4.709  12.630 0.3000000119
116100  43.175  4.115  13.259 0.3000000119
81037  41.360  2.898  14.443 0.3000000119
82102  45.717  4.326  12.071 0.3000000119
81075  45.587  3.905  11.423 0.3000000119
81045  41.586  3.244  13.592 0.3000000119
83107  49.457  6.142  8.599 0.3000000119
125337  50.164  6.748  9.045 0.3000000119
81061  40.955  3.082  12.745 0.3000000119
84019  49.349  6.127  6.886 0.3000000119
83126  48.583  5.615  5.559 0.3000000119
82159  48.119  5.096  6.092 0.3000000119
81015  44.665  3.639  16.512 0.3000000119
115947  41.931  2.273  17.906 0.3000000119
79996  40.884  2.003  16.823 0.3000000119
83966  49.396  6.282  13.176 0.3000000119
83069  47.593  5.329  12.808 0.3000000119
83068  48.664  5.550  12.633 0.3000000119
83067  49.729  6.069  12.336 0.3000000119
80008  40.040  2.051  16.028 0.2000000030
84870  51.922  8.765  11.190 0.3000000119
84859  51.932  8.815  12.148 0.3000000119
83079  49.777  6.056  11.343 0.3000000119
83089  49.020  5.355  10.735 0.3000000119
79098  38.690  1.924  16.167 0.2000000030
79104  39.412  2.154  15.681 0.2000000030
80019  40.224  2.299  15.400 0.3000000119
83986  51.128  7.720  10.598 0.3000000119
83997  50.836  7.607  9.623 0.3000000119
83998  50.328  6.804  9.971 0.3000000119
83088  49.715  6.048  10.338 0.3000000119
82099  48.243  4.786  11.145 0.3000000119
80032  38.397  2.566  14.429 0.2000000030
83099  49.041  5.434  9.770 0.3000000119
82114  46.834  4.016  10.844 0.3000000119
82113  47.604  4.376  10.555 0.3000000119
116634  44.820  3.651  11.079 0.3000000119
125960  44.123  3.718  11.464 0.3000000119
119246  39.110  2.553  14.043 0.3000000119
83108  48.924  5.623  8.254 0.3000000119
82123  48.496  4.967  9.232 0.3000000119
135150  47.092  3.987  10.107 0.3000000119
81111  46.931  3.787  9.425 0.3000000119
81093  45.519  3.656  10.592 0.3000000119
137187  43.619  3.599  11.147 0.3000000119
81060  41.484  3.361  11.933 0.3000000119
81128  47.408  4.079  8.863 0.3000000119
116563  43.227  3.536  10.936 0.3000000119
116562  45.406  3.427  9.807 0.3000000119
139738  41.818  3.430  11.326 0.3000000119
80073  39.449  2.862  11.871 0.4000000060
122500  47.692  4.615  6.398 0.4000000060
81097  41.769  3.422  10.570 0.4000000060
80072  40.251  3.119  11.306 0.4000000060
136800  46.526  3.903  5.884 0.4000000060
79973  41.473  2.330  19.558 0.3000000119
83034  46.663  5.475  15.988 0.3000000119
79080  39.422  1.587  18.671 0.2000000030
79081  38.631  1.518  18.212 0.2000000030
84835  51.257  8.517  13.720 0.3000000119
79082  37.572  1.521  18.103 0.2000000030
80010  37.355  2.236  15.960 0.2000000030
80034  37.061  2.860  14.837 0.3000000119
80023  36.073  2.873  15.761 0.3000000119
80033  37.514  2.833  14.365 0.3000000119
80062  38.089  2.754  13.142 0.4000000060
115997  36.853  3.508  13.246 0.4000000060
81039  36.181  3.623  14.178 0.5000000000
81129  46.810  3.629  8.614 0.4000000060
80061  38.416  2.763  12.678 0.4000000060
81063  37.152  3.526  12.585 0.5000000000
81062  37.818  3.010  12.535 0.4000000060
81142  46.780  3.596  7.691 0.4000000060
116559  44.262  3.013  9.032 0.4000000060
81098  40.831  3.337  10.503 0.4000000060
116063  39.282  3.107  11.120 0.4000000060
136059  43.770  2.946  7.763 0.4000000060
116557  42.463  3.355  8.569 0.4000000060
81131  41.700  3.463  8.444 0.4000000060
81116  39.655  3.444  9.676 0.4000000060
123933  38.205  3.591  10.216 0.4000000060
81156  44.949  3.168  6.186 0.4000000060
79064  52.020  1.134  18.929 0.1000000015
79981  51.716  2.053  18.366 0.2000000030
79077  53.351  1.092  18.067 0.2000000030
136519  47.133  5.346  16.619 0.3000000119
80988  45.962  3.579  18.777 0.3000000119
79975  39.826  2.013  19.930 0.3000000119
79066  39.270  1.716  19.404 0.3000000119
84815  49.143  7.633  15.699 0.3000000119
121367  37.984  1.546  18.868 0.2000000030
79083  36.561  1.559  18.358 0.2000000030
79997  36.234  2.045  17.022 0.2000000030
79988  35.070  2.004  18.117 0.2000000030
81018  35.336  3.173  16.097 0.3000000119
79998  35.392  2.320  17.329 0.3000000119
82063  35.464  3.847  14.781 0.5000000000
133705  34.872  4.289  15.244 0.5000000000
83041  34.599  5.615  14.822 0.5000000000
83073  35.957  5.386  12.513 0.6000000238
136393  41.126  3.548  8.218 0.4000000060
116555  40.156  3.574  9.039 0.4000000060
80978  51.347  3.685  20.213 0.2000000030
80979  45.093  3.566  19.967 0.3000000119
80980  44.311  3.359  20.214 0.3000000119
79945  40.792  2.909  20.998 0.3000000119
79054  38.076  1.787  20.246 0.3000000119
79948  37.313  2.204  21.467 0.3000000119
79045  35.912  1.799  21.172 0.2000000030
79070  35.384  1.527  19.612 0.2000000030
124478  51.529  8.133  14.833 0.3000000119
79976  34.126  1.991  19.234 0.2000000030
79058  34.605  1.612  20.303 0.2000000030
79046  34.906  1.655  21.108 0.2000000030
82052  34.600  4.186  15.974 0.4000000060
81019  34.767  3.548  16.377 0.3000000119
81007  34.556  3.355  17.024 0.3000000119
83941  34.717  6.287  14.317 0.5000000000
83954  35.013  6.176  13.640 0.6000000238
84824  34.817  7.007  14.733 0.6000000238
83953  35.434  6.523  13.179 0.6000000238
80967  43.187  3.760  21.182 0.3000000119
80968  42.246  3.557  21.336 0.3000000119
80971  39.741  3.260  21.832 0.3000000119
79934  36.448  2.548  22.310 0.2000000030
79951  35.256  2.092  21.747 0.2000000030
80957  35.449  3.040  23.116 0.2000000030
79937  34.040  2.655  22.147 0.2000000030
79952  33.684  2.383  21.472 0.2000000030
80946  33.217  4.115  23.128 0.2000000030
80000  33.938  3.102  18.216 0.3000000119
79989  34.323  2.322  18.488 0.3000000119
79059  33.913  1.851  20.359 0.2000000030
80974  32.677  3.368  21.528 0.2000000030
82006  32.168  4.135  21.839 0.2000000030
81993  32.194  4.347  22.813 0.2000000030
83035  34.325  5.429  16.341 0.5000000000
83928  34.468  6.299  16.328 0.5000000000
83934  34.565  6.372  15.239 0.5000000000
83029  33.936  5.271  17.659 0.4000000060
83036  34.142  5.124  16.973 0.5000000000
82035  33.600  4.727  18.186 0.4000000060
84811  34.841  7.073  16.805 0.5000000000
121818  46.298  4.685  20.432 0.3000000119
82002  44.777  4.885  21.223 0.3000000119
82005  41.803  4.095  21.894 0.3000000119
80941  38.268  3.698  23.212 0.3000000119
84794  51.146  7.882  18.155 0.3000000119
80955  37.046  2.963  22.761 0.3000000119
80942  36.791  3.443  23.421 0.2000000030
80944  35.014  3.587  23.451 0.2000000030
81983  33.283  4.525  23.917 0.2000000030
81984  31.663  4.638  23.569 0.2000000030
82966  29.839  5.666  24.559 0.2000000030
82948  30.562  5.162  24.872 0.2000000030
80992  33.248  3.142  19.530 0.2000000030
83014  32.541  5.368  19.430 0.3000000119
80984  33.147  2.853  20.205 0.2000000030
82027  32.318  4.353  20.027 0.2000000030
81995  31.058  5.273  22.613 0.2000000030
81985  30.989  5.051  23.382 0.2000000030
85682  36.057  8.066  17.797 0.6999999881
84805  34.876  7.160  17.762 0.5000000000
83028  34.248  5.768  17.091 0.4000000060
83916  34.377  6.728  18.213 0.5000000000
84796  34.732  7.379  18.578 0.5000000000
83015  32.138  5.724  19.814 0.3000000119
82007  31.644  4.719  21.354 0.2000000030
82018  31.777  4.824  20.568 0.2000000030
82985  30.678  5.868  22.343 0.2000000030
84756  29.331  6.942  23.773 0.2000000030
135293  28.614  7.529  24.027 0.2000000030
83009  31.239  6.040  20.982 0.3000000119
82997  30.940  5.951  21.580 0.2000000030
83902  31.046  6.755  21.414 0.2000000030
138382  30.391  7.686  22.742 0.4000000060
83914  51.569  7.793  18.790 0.3000000119
83908  50.764  7.573  19.183 0.3000000119
82995  42.990  5.073  21.982 0.3000000119
80940  39.123  3.971  23.191 0.3000000119
83024  51.450  7.463  17.609 0.3000000119
118028  51.341  7.819  16.995 0.3000000119
81964  35.912  4.853  24.513 0.2000000030
82945  33.561  5.406  25.351 0.2000000030
81951  31.946  4.817  24.999 0.2000000030
82947  31.256  5.052  25.566 0.2000000030
82929  31.797  5.402  26.252 0.2000000030
121978  32.745  5.588  25.951 0.2000000030
82915  30.533  5.609  27.355 0.2000000030
127712  29.275  6.357  27.155 0.2000000030
82932  29.341  5.912  26.612 0.2000000030
118760  30.332  5.267  25.797 0.2000000030
121553  29.342  5.922  25.186 0.2000000030
83847  28.470  6.935  25.818 0.2000000030
84730  28.078  7.747  25.723 0.2000000030
84742  28.034  7.709  24.503 0.3000000119
84731  27.659  8.139  25.027 0.1000000015
85631  27.714  8.273  24.325 0.3000000119
85683  35.395  7.703  18.216 0.5000000000
83918  33.339  6.063  19.017 0.4000000060
83924  34.092  6.018  17.910 0.4000000060
84789  32.646  7.085  19.858 0.3000000119
86496  27.300  9.512  23.893 0.2000000030
86527  36.310  8.926  19.064 0.6999999881
85669  35.490  8.719  19.289 0.6000000238
85670  34.667  8.514  19.532 0.5000000000
84797  34.085  7.038  18.931 0.4000000060
84788  33.534  7.483  19.544 0.3000000119
84790  31.970  7.014  20.364 0.3000000119
84775  31.267  7.724  21.803 0.3000000119
84783  31.593  7.331  20.946 0.3000000119
85651  30.309  8.343  22.920 0.4000000060
85658  30.886  8.160  22.567 0.3000000119
87265  29.545  9.787  22.419 0.4000000060
86512  33.518  9.442  20.901 0.4000000060
86499  32.139  10.034  22.970 0.3000000119
86476  49.686  9.381  26.468 0.2000000030
87200  38.901  10.877  30.596 0.1000000015
87201  38.097  10.546  30.992 0.1000000015
86430  38.021  9.603  29.897 0.1000000015
86396  36.437  9.775  31.740 0.1000000015
85533  35.825  9.896  31.892 0.1000000015
86442  39.850  9.051  29.049 0.2000000030
138463  40.053  9.526  29.504 0.1000000015
85563  37.985  9.070  29.397 0.1000000015
85548  35.439  8.906  31.108 0.1000000015
86414  33.846  11.461  31.687 0.1000000015
87202  33.487  12.346  31.920 0.1000000015
85534  35.201  10.586  32.164 0.1000000015
115949  32.729  12.409  31.748 0.1000000015
87187  31.971  12.351  31.719 0.1000000015
86400  31.429  11.428  31.990 0.1000000015
86418  29.918  11.355  30.892 0.1000000015
85554  29.477  9.946  30.737 0.1000000015
85538  30.701  10.141  31.654 0.1000000015
85568  28.811  9.738  30.172 0.1000000015
138014  27.665  7.513  29.152 0.2000000030
84667  28.213  7.395  29.697 0.2000000030
84668  27.888  8.388  29.359 0.1000000015
85565  35.921  8.256  29.456 0.1000000015
84661  34.842  8.231  30.388 0.1000000015
86416  32.399  12.137  30.885 0.1000000015
87911  31.095  12.564  30.438 0.1000000015
87205  29.859  12.189  30.429 0.1000000015
86433  28.506  10.913  29.811 0.1000000015
85581  27.552  9.391  28.991 0.1000000015
84683  26.540  8.310  28.249 0.2000000030
84679  35.855  7.868  28.688 0.1000000015
123009  34.402  7.600  29.427 0.1000000015
84662  33.458  7.546  29.737 0.1000000015
84647  33.235  8.527  30.409 0.1000000015
84648  32.558  8.902  30.077 0.1000000015
87213  31.415  12.271  30.004 0.1000000015
123631  31.893  10.985  29.753 0.1000000015
87917  29.972  12.456  29.749 0.1000000015
87918  29.030  12.339  29.154 0.1000000015
86447  27.237  10.465  28.745 0.1000000015
83879  44.535  6.827  22.558 0.3000000119
84694  37.866  7.461  27.438 0.1000000015
84664  31.910  7.991  29.539 0.1000000015
83772  32.923  6.892  29.153 0.1000000015
86431  31.258  11.076  29.042 0.1000000015
85567  31.352  9.528  29.120 0.1000000015
87214  30.833  12.124  29.140 0.1000000015
87223  29.666  12.197  28.166 0.1000000015
85579  30.737  9.558  28.533 0.1000000015
87923  28.249  12.382  28.576 0.1000000015
87226  27.053  11.428  28.487 0.1000000015
86456  26.276  10.064  27.812 0.1000000015
87231  26.540  11.310  27.876 0.1000000015
81961  38.970  4.901  24.308 0.3000000119
83805  34.813  7.020  27.480 0.1000000015
119841  34.039  6.808  27.742 0.1000000015
83789  32.400  6.391  28.513 0.1000000015
84680  30.837  8.309  28.738 0.1000000015
83774  31.230  7.351  28.923 0.1000000015
84681  30.186  8.338  28.192 0.1000000015
87229  29.148  11.999  27.584 0.1000000015
87925  26.793  11.883  27.714 0.1000000015
87230  28.467  11.517  27.106 0.1000000015
87933  27.781  11.967  27.289 0.1000000015
117849  27.653  12.386  28.200 0.1000000015
86457  25.641  9.445  27.222 0.2000000030
86467  25.148  10.015  26.577 0.2000000030
82961  37.576  5.379  24.910 0.3000000119
131352  35.851  5.515  25.009 0.2000000030
82941  37.125  6.044  25.273 0.2000000030
82928  33.660  5.954  26.047 0.2000000030
136754  34.326  6.257  26.271 0.2000000030
83844  35.800  6.353  26.003 0.2000000030
82913  32.599  6.096  27.536 0.1000000015
82912  33.104  6.077  26.673 0.2000000030
83826  34.341  6.590  26.937 0.1000000015
83792  30.312  7.160  28.397 0.1000000015
82898  31.088  5.835  28.092 0.1000000015
84697  29.538  8.383  27.597 0.2000000030
83808  29.684  6.613  27.738 0.2000000030
83807  30.269  6.106  28.048 0.2000000030
134730  28.709  9.414  26.682 0.1000000015
87236  27.905  11.214  26.592 0.1000000015
87938  26.680  11.398  26.534 0.1000000015
87239  25.589  11.103  26.553 0.2000000030
82944  34.488  5.754  25.546 0.2000000030
82914  31.578  5.658  27.229 0.2000000030
83809  29.110  7.273  27.259 0.2000000030
83828  28.500  7.512  26.476 0.2000000030
86466  27.873  10.270  25.871 0.1000000015
85604  28.290  8.426  26.256 0.1000000015
87244  26.829  11.081  25.515 0.1000000015
135870  25.592  11.555  25.539 0.2000000030
86492  27.332  9.700  24.675 0.1000000015
87253  26.524  11.208  24.775 0.2000000030
87252  26.970  10.491  24.489 0.2000000030
87951  25.766  11.873  23.650 0.3000000119
87267  27.543  10.176  22.348 0.4000000060
87958  26.478  11.687  22.690 0.3000000119
123821  30.889  9.652  23.065 0.4000000060
131234  28.689  9.710  22.117 0.3000000119
87276  27.971  10.832  21.737 0.3000000119
88638  26.964  11.859  21.963 0.4000000060
86511  34.849  9.783  20.313 0.5000000000
87282  34.133  9.990  21.064 0.4000000060
86513  32.888  9.243  21.303 0.3000000119
86506  33.376  9.861  21.757 0.4000000060
86507  32.627  9.747  22.387 0.3000000119
140436  31.500  10.538  23.024 0.3000000119
81836  29.632  4.542  37.358 0.1000000015
81823  30.163  4.746  38.114 0.1000000015
82815  32.723  5.339  38.261 0.1000000015
81876  28.080  3.949  35.206 0.1000000015
81833  32.222  4.865  36.893 0.1000000015
82826  32.843  5.217  37.459 0.1000000015
138894  29.720  4.223  35.213 0.1000000015
81864  30.865  4.415  35.592 0.1000000015
81847  33.172  4.926  35.806 0.1000000015
139405  31.907  4.471  34.601 0.1000000015
80838  29.240  3.737  34.040 0.1000000015
80840  27.897  3.648  34.404 0.1000000015
80859  26.704  3.352  33.678 0.1000000015
80875  25.258  3.072  33.351 0.1000000015
82851  33.943  5.001  34.462 0.1000000015
81873  32.397  4.528  34.225 0.1000000015
81884  30.728  4.119  33.744 0.1000000015
116148  27.016  3.140  32.826 0.1000000015
82858  33.821  5.195  33.607 0.1000000015
80872  28.723  3.411  32.374 0.1000000015
80873  27.885  3.242  32.559 0.1000000015
79886  24.688  2.651  31.839 0.1000000015
83741  34.630  7.040  33.343 0.1000000015
83740  35.264  7.394  33.793 0.1000000015
82857  34.293  6.030  33.305 0.1000000015
83734  36.427  7.115  34.638 0.1000000015
82865  32.232  5.154  32.319 0.2000000030
82864  32.860  5.448  32.571 0.1000000015
81893  30.756  4.305  32.365 0.2000000030
79891  25.205  2.676  30.933 0.1000000015
84626  35.237  8.865  34.062 0.1000000015
82869  32.291  6.175  32.081 0.1000000015
82871  31.037  5.511  31.425 0.2000000030
81899  31.081  4.787  31.805 0.2000000030
81906  30.084  4.759  31.028 0.2000000030
80891  28.970  3.955  31.001 0.2000000030
132773  27.473  3.514  30.462 0.2000000030
80894  26.689  3.161  30.431 0.2000000030
124744  25.650  2.989  30.140 0.1000000015
87182  40.248  11.328  31.167 0.2000000030
87183  39.428  11.340  31.194 0.1000000015
138260  34.268  9.393  33.729 0.1000000015
84635  32.578  7.603  32.351 0.1000000015
140283  32.068  8.011  32.136 0.1000000015
83762  30.023  6.465  30.797 0.2000000030
84641  31.093  7.359  31.550 0.2000000030
82878  29.549  5.585  30.609 0.2000000030
82879  28.813  5.130  30.261 0.2000000030
81915  28.159  4.844  29.915 0.2000000030
81916  27.467  4.571  29.543 0.2000000030
81917  26.726  4.267  29.232 0.2000000030
140405  24.884  3.490  29.178 0.2000000030
117784  44.480  9.791  28.814 0.2000000030
86427  40.611  9.523  29.668 0.2000000030
86410  40.070  10.176  30.014 0.1000000015
86382  37.732  10.755  32.174 0.1000000015
87170  36.528  11.179  32.857 0.1000000015
86383  36.178  10.621  32.555 0.1000000015
86397  35.242  11.434  32.903 0.1000000015
86373  34.978  11.517  33.880 0.1000000015
122202  34.297  10.933  33.773 0.1000000015
86387  33.522  11.949  33.177 0.1000000015
85537  31.582  10.092  32.290 0.1000000015
118606  31.598  8.337  31.964 0.1000000015
128069  30.815  8.637  31.621 0.1000000015
84650  29.517  7.714  30.694 0.2000000030
83775  28.654  6.830  30.081 0.2000000030
82886  28.792  6.047  30.191 0.2000000030
82900  25.856  5.155  28.292 0.2000000030
83777  27.717  6.659  29.265 0.2000000030
118351  26.440  5.588  28.536 0.2000000030
85601  43.849  9.012  26.966 0.2000000030
119759  26.566  7.447  28.343 0.2000000030
83793  27.161  7.051  28.786 0.2000000030
83811  25.283  6.560  27.622 0.2000000030
82917  24.802  5.930  27.608 0.2000000030
84772  51.118  8.599  21.694 0.2000000030
135382  39.261  7.530  27.336 0.1000000015
84701  24.757  7.572  27.151 0.2000000030
83870  41.822  6.222  23.922 0.3000000119
83821  39.130  6.767  26.299 0.1000000015
84716  24.092  7.498  26.865 0.2000000030
82960  38.530  5.432  24.826 0.3000000119
83824  36.321  6.786  26.699 0.1000000015
83842  37.678  6.442  25.789 0.1000000015
125212  24.402  9.298  26.401 0.2000000030
83855  40.671  6.337  24.781 0.3000000119
82940  38.077  6.008  25.264 0.3000000119
82939  39.015  5.996  25.228 0.1000000015
83825  35.224  6.673  26.705 0.1000000015
123990  24.064  11.234  25.074 0.2000000030
88621  23.061  12.038  24.081 0.2000000030
89376  25.005  13.288  22.354 0.3000000119
87264  30.943  10.261  22.983 0.4000000060
87274  30.114  10.661  22.185 0.4000000060
87966  28.184  11.703  21.525 0.4000000060
87965  29.331  11.175  21.602 0.3000000119
88653  27.611  12.207  21.649 0.4000000060
130141  27.026  12.625  21.807 0.3000000119
87279  36.395  10.289  20.063 0.6999999881
87280  35.416  10.327  20.490 0.6000000238
87270  35.056  10.817  21.328 0.5000000000
87261  33.412  10.912  23.033 0.4000000060
134405  32.622  11.172  23.128 0.3000000119
87955  31.791  11.093  22.939 0.4000000060
81838  27.066  4.326  37.283 0.1000000015
81854  26.846  4.207  36.382 0.1000000015
80797  25.712  3.422  37.222 0.1000000015
82812  35.080  5.666  38.455 0.1000000015
82825  34.326  5.517  37.836 0.1000000015
130661  25.364  3.604  35.537 0.1000000015
82824  35.150  5.638  37.618 0.1000000015
82836  32.983  5.096  36.637 0.1000000015
82833  35.286  5.631  36.692 0.1000000015
83722  36.209  6.083  36.253 0.1000000015
85493  38.155  8.921  35.471 0.1000000015
84617  37.114  8.469  34.761 0.1000000015
79887  23.672  2.745  31.600 0.1000000015
87179  45.606  11.088  32.133 0.2000000030
87180  44.285  11.123  32.340 0.2000000030
127168  41.290  11.866  33.271 0.2000000030
87874  43.173  11.312  33.467 0.2000000030
87853  38.134  12.786  35.513 0.2000000030
86360  36.941  10.866  35.051 0.1000000015
86354  38.031  9.955  35.215 0.1000000015
87892  40.538  11.855  32.594 0.2000000030
134047  41.257  12.257  34.191 0.2000000030
119985  39.489  13.147  35.153 0.2000000030
87864  36.679  12.945  35.085 0.2000000030
87134  36.695  12.272  35.280 0.2000000030
87907  39.944  11.709  31.866 0.2000000030
87894  38.548  11.985  33.353 0.1000000015
87143  35.664  12.030  34.152 0.1000000015
87156  36.234  12.218  33.847 0.1000000015
86372  35.255  11.323  33.922 0.1000000015
86439  45.085  9.817  28.190 0.2000000030
87157  35.321  11.920  33.759 0.1000000015
80914  23.142  3.781  28.806 0.2000000030
86488  49.534  9.472  25.396 0.2000000030
82918  24.207  5.278  27.666 0.2000000030
85602  42.565  8.397  26.661 0.2000000030
84709  42.065  7.874  26.169 0.2000000030
84710  41.235  7.635  26.536 0.2000000030
116908  23.933  6.015  27.252 0.2000000030
84728  40.766  7.125  25.947 0.2000000030
84717  23.287  7.507  26.634 0.2000000030
83839  40.321  6.632  25.464 0.2000000030
135798  23.121  8.650  26.213 0.2000000030
87247  22.478  10.906  24.999 0.3000000119
89378  23.516  13.845  22.738 0.3000000119
135141  29.051  12.763  21.194 0.4000000060
129270  27.761  13.047  21.598 0.3000000119
89393  28.614  13.449  21.407 0.3000000119
88633  35.772  12.166  22.529 0.6999999881
133769  33.336  11.514  23.151 0.4000000060
89392  29.527  13.413  21.142 0.3000000119
84591  38.391  7.328  38.487 0.1000000015
83712  37.567  6.835  37.831 0.1000000015
85478  39.401  8.082  37.803 0.2000000030
84599  38.248  7.382  37.542 0.1000000015
124073  40.656  8.326  38.343 0.1000000015
86344  39.633  9.166  36.554 0.2000000030
83720  37.553  6.925  36.885 0.1000000015
85487  38.479  8.319  36.263 0.1000000015
87152  44.968  10.683  33.233 0.2000000030
86352  39.847  10.451  35.986 0.2000000030
139866  43.288  10.826  34.559 0.2000000030
87140  44.509  10.602  33.682 0.2000000030
87221  46.731  10.472  29.527 0.2000000030
83813  22.088  6.310  27.153 0.2000000030
85640  47.879  8.664  23.749 0.2000000030
84719  21.749  7.796  26.744 0.2000000030
84718  22.498  7.600  26.621 0.2000000030
87248  21.727  10.484  25.583 0.2000000030
86471  21.531  9.711  26.154 0.2000000030
121326  20.959  9.381  26.595 0.2000000030
87948  21.750  11.956  24.511 0.2000000030
88623  21.664  12.631  24.321 0.3000000119
87941  21.682  11.356  25.017 0.2000000030
89379  22.266  13.802  23.439 0.3000000119
90108  22.300  14.624  23.242 0.3000000119
90122  23.556  14.575  22.530 0.3000000119
133644  24.092  15.037  22.297 0.3000000119
90121  24.765  14.984  22.093 0.3000000119
90118  27.368  14.825  21.768 0.3000000119
90119  26.462  14.738  21.768 0.3000000119
133752  34.931  11.920  22.918 0.6000000238
88635  33.694  12.112  23.156 0.4000000060
130559  32.828  13.115  21.846 0.4000000060
89390  31.055  13.601  21.062 0.4000000060
90135  29.587  14.343  21.406 0.3000000119
90935  29.961  15.154  21.807 0.4000000060
90134  30.506  14.475  21.322 0.4000000060
115942  42.643  7.531  36.279 0.1000000015
84603  42.207  7.528  37.107 0.1000000015
133461  43.193  8.377  35.714 0.1000000015
86340  42.568  9.042  36.128 0.2000000030
128527  40.253  9.371  36.875 0.2000000030
82903  20.652  5.680  28.418 0.1000000015
86463  47.461  9.809  26.733 0.2000000030
139515  20.317  6.253  28.376 0.1000000015
85610  20.746  8.589  27.066 0.2000000030
87942  20.604  12.056  25.830 0.2000000030
87936  20.454  11.447  26.461 0.2000000030
88624  21.127  13.147  24.815 0.2000000030
90901  22.333  15.470  23.174 0.3000000119
91674  21.896  15.807  23.736 0.3000000119
90918  24.386  15.714  22.299 0.3000000119
89371  35.329  13.085  23.376 0.5000000000
89372  34.628  13.209  23.101 0.4000000060
90130  34.209  14.507  21.883 0.4000000060
90931  33.434  15.426  21.533 0.4000000060
90132  32.599  14.099  21.424 0.4000000060
90915  27.806  15.653  22.038 0.3000000119
91692  24.737  16.472  22.597 0.3000000119
90914  28.657  15.700  22.204 0.4000000060
84659  42.773  7.204  29.192 0.1000000015
84624  43.277  7.359  33.380 0.1000000015
84631  43.868  8.068  32.946 0.1000000015
84615  43.906  8.242  34.738 0.1000000015
84623  43.992  7.990  33.837 0.1000000015
88610  20.326  12.491  27.450 0.2000000030
90884  21.479  15.391  25.116 0.2000000030
90095  21.277  14.752  24.867 0.2000000030
136266  20.876  14.292  26.341 0.2000000030
90093  20.810  14.015  25.810 0.2000000030
90892  21.541  15.230  24.318 0.2000000030
91659  21.765  16.003  24.508 0.2000000030
91694  23.262  16.828  23.155 0.3000000119
92331  23.170  17.548  23.650 0.2000000030
92342  24.160  17.041  23.096 0.3000000119
90933  31.852  15.355  21.407 0.4000000060
90932  32.544  15.774  21.470 0.4000000060
91690  27.281  16.308  22.382 0.3000000119
91691  25.677  16.682  22.657 0.3000000119
91688  29.019  16.363  22.748 0.4000000060
91670  27.674  16.894  23.020 0.4000000060
91617  23.452  16.448  29.297 0.2000000030
92268  23.926  17.042  28.926 0.2000000030
92267  24.653  17.348  29.276 0.2000000030
90865  21.794  15.027  28.329 0.2000000030
136113  22.223  16.043  27.668 0.2000000030
91618  22.785  16.081  28.843 0.2000000030
91621  22.663  16.352  28.092 0.2000000030
90084  20.819  14.159  27.060 0.2000000030
90092  21.256  14.946  26.719 0.2000000030
90868  21.771  15.460  27.499 0.2000000030
92270  24.398  17.600  28.524 0.2000000030
91620  23.261  16.696  28.526 0.2000000030
92272  23.069  16.926  27.768 0.2000000030
92277  23.415  17.551  27.399 0.2000000030
92278  22.800  17.175  27.015 0.2000000030
91625  22.052  16.090  27.032 0.2000000030
123940  21.682  15.636  26.710 0.2000000030
92287  23.097  17.836  26.600 0.2000000030
92929  23.427  18.490  26.149 0.2000000030
92302  22.521  17.414  25.218 0.2000000030
91632  21.900  16.133  26.253 0.2000000030
91647  22.176  16.751  25.747 0.2000000030
123742  22.928  18.064  24.758 0.2000000030
132970  23.107  18.051  24.049 0.2000000030
92330  24.478  17.957  23.450 0.2000000030
92979  23.732  18.285  23.749 0.2000000030
91683  34.555  16.324  21.961 0.3000000119
91700  33.723  16.353  21.733 0.3000000119
91686  31.382  16.841  22.425 0.4000000060
92329  25.414  17.972  23.435 0.2000000030
92977  25.063  18.775  23.553 0.2000000030
123238  30.551  16.620  22.621 0.4000000060
92928  24.051  18.889  26.576 0.3000000119
92948  23.792  19.113  25.648 0.2000000030
121691  23.703  19.104  24.828 0.2000000030
92964  23.434  18.594  24.393 0.2000000030
92328  26.373  17.928  23.488 0.3000000119
116854  25.663  19.555  23.611 0.3000000119
79210  44.362  1.992  3.014 0.2000000030
78253  42.960  0.904  2.762 0.3000000119
119152  42.151  0.550  3.154 0.2000000030
92945  33.566  17.899  26.195 0.4000000060
81209  44.352  3.925  2.752 0.4000000060
82211  44.520  4.226  3.077 0.4000000060
80141  43.904  2.975  2.475 0.4000000060
81208  44.979  3.953  3.142 0.4000000060
79211  43.458  1.722  2.604 0.3000000119
79213  41.580  1.336  2.196 0.2000000030
78245  41.205  0.456  3.139 0.2000000030
129890  40.709  0.626  2.820 0.2000000030
78246  40.442  0.275  3.518 0.1000000015
77313  39.845  0.233  3.572 0.1000000015
77310  39.041  -0.453  3.899 0.1000000015
78237  38.887  0.313  4.019 0.1000000015
97305  34.279  24.425  26.941 0.2000000030
90909  35.853  15.472  22.665 0.3000000119
81200  43.306  4.456  2.655 0.4000000060
82212  43.634  4.341  2.757 0.4000000060
82203  44.276  4.337  3.051 0.4000000060
81216  42.871  4.292  1.917 0.4000000060
80142  42.952  2.523  2.169 0.3000000119
78254  42.166  0.907  2.531 0.2000000030
78256  40.029  0.722  2.868 0.2000000030
77309  39.489  -0.081  3.747 0.1000000015
78247  39.263  0.401  3.536 0.1000000015
79206  39.059  1.097  3.332 0.1000000015
133249  38.331  2.469  4.026 0.2000000030
80114  38.324  1.978  5.036 0.2000000030
81191  37.025  4.191  4.864 0.2000000030
81201  43.096  4.284  3.278 0.4000000060
82213  42.690  4.712  2.081 0.4000000060
80151  42.482  3.366  1.723 0.4000000060
80152  41.347  3.118  1.110 0.3000000119
79219  41.943  2.274  1.908 0.3000000119
135935  40.400  2.496  1.215 0.3000000119
79212  42.519  1.526  2.337 0.3000000119
79220  40.936  1.947  1.731 0.3000000119
79214  40.610  1.130  2.294 0.3000000119
79221  40.061  1.808  1.885 0.3000000119
138946  40.189  1.186  2.406 0.2000000030
79215  39.684  1.346  2.545 0.1000000015
121517  38.973  1.977  2.708 0.1000000015
82167  34.243  5.094  6.760 0.1000000015
81189  38.508  2.538  2.951 0.2000000030
82149  34.856  4.513  7.130 0.1000000015
81190  37.772  3.481  4.470 0.2000000030
82177  34.505  5.544  6.124 0.1000000015
82175  36.259  4.852  5.255 0.2000000030
82220  42.395  4.992  1.500 0.4000000060
81217  42.157  4.364  1.135 0.4000000060
82221  41.884  5.301  0.758 0.4000000060
140355  41.074  4.505  0.253 0.4000000060
81218  40.334  3.323  0.457 0.3000000119
79222  39.557  2.112  1.847 0.3000000119
79216  39.408  1.757  2.396 0.2000000030
82150  34.172  4.671  7.324 0.1000000015
80124  38.059  2.875  4.920 0.2000000030
82176  35.377  5.328  5.662 0.2000000030
82228  41.167  5.604  -0.073 0.5000000000
82229  40.364  5.398  -0.743 0.4000000060
81225  40.040  4.322  -0.494 0.4000000060
80159  39.582  3.515  0.202 0.3000000119
81226  39.300  4.556  -0.670 0.4000000060
79223  39.210  2.352  1.819 0.2000000030
83139  34.905  6.018  5.355 0.2000000030
83138  35.748  5.685  4.640 0.2000000030
83150  35.417  6.330  4.587 0.2000000030
115954  34.476  7.109  5.798 0.2000000030
83175  38.290  6.273  -0.767 0.3000000119
82216  37.550  5.448  1.016 0.3000000119
82215  38.038  4.643  1.889 0.3000000119
82207  37.852  4.554  2.965 0.2000000030
82192  37.391  4.342  3.935 0.2000000030
84067  38.073  6.875  0.002 0.3000000119
118393  37.319  5.427  2.121 0.3000000119
121962  36.775  5.901  2.315 0.2000000030
82208  36.932  5.335  3.220 0.2000000030
82193  36.557  5.017  4.288 0.2000000030
118616  36.248  5.693  3.749 0.2000000030
84043  34.566  6.538  5.573 0.2000000030
83151  35.078  6.712  4.946 0.2000000030
84068  37.680  6.558  0.861 0.3000000119
83169  37.141  6.061  1.399 0.4000000060
83170  36.830  6.452  2.132 0.4000000060
84911  34.363  7.391  6.374 0.1000000015
85772  34.713  8.181  6.628 0.2000000030
85762  34.692  8.363  7.548 0.2000000030
128863  37.477  7.994  2.521 0.4000000060
84033  34.128  6.544  6.171 0.1000000015
88029  34.185  11.760  10.912 0.3000000119
84064  37.454  6.772  1.543 0.4000000060
84936  37.138  7.225  2.152 0.4000000060
83161  36.453  6.093  2.960 0.2000000030
85781  34.794  7.910  5.759 0.2000000030
83162  35.929  6.377  3.738 0.2000000030
86609  35.249  9.047  7.705 0.3000000119
86601  35.527  9.562  8.137 0.2000000030
119585  35.835  10.102  8.689 0.3000000119
85793  37.299  8.812  2.223 0.4000000060
88730  34.686  12.528  10.738 0.4000000060
84930  36.702  7.745  2.705 0.3000000119
85761  35.210  8.883  6.991 0.2000000030
88038  35.015  11.510  10.546 0.3000000119
84057  36.513  6.853  2.827 0.3000000119
84920  34.841  7.284  5.267 0.2000000030
84051  35.526  6.906  4.176 0.2000000030
84926  35.276  7.431  4.579 0.2000000030
87361  35.973  10.151  7.798 0.3000000119
87350  36.069  10.752  9.502 0.3000000119
89483  34.378  13.525  10.971 0.3000000119
90261  34.871  14.346  11.042 0.4000000060
128006  36.816  8.424  2.503 0.4000000060
126449  35.584  12.188  10.369 0.3000000119
84058  36.025  7.264  3.381 0.3000000119
88044  36.314  11.707  9.951 0.3000000119
88043  36.714  11.355  9.143 0.3000000119
85799  37.191  9.332  1.946 0.4000000060
86640  37.437  9.876  1.673 0.4000000060
86635  36.418  9.608  2.804 0.4000000060
84919  35.156  7.988  4.947 0.3000000119
89482  35.352  13.461  10.555 0.4000000060
85794  36.592  9.010  2.485 0.4000000060
86641  36.851  9.606  2.033 0.4000000060
85795  36.095  8.173  3.152 0.4000000060
85787  35.515  8.128  4.110 0.3000000119
90260  35.679  14.666  10.753 0.4000000060
122952  36.177  15.371  11.142 0.4000000060
90250  35.353  14.910  11.418 0.4000000060
125434  35.644  7.564  3.856 0.3000000119
89481  36.230  14.030  10.233 0.4000000060
86608  35.585  9.567  7.337 0.3000000119
89491  36.937  13.343  9.869 0.3000000119
88729  36.263  12.800  10.163 0.4000000060
87360  36.383  10.683  8.441 0.3000000119
87406  39.477  11.778  1.100 0.4000000060
87407  38.603  11.165  1.286 0.4000000060
88084  39.776  12.141  1.054 0.4000000060
87402  37.527  11.153  2.038 0.4000000060
85780  35.288  8.607  5.288 0.2000000030
85771  35.203  8.729  6.141 0.3000000119
133361  36.486  15.247  11.741 0.4000000060
121536  35.820  15.086  11.920 0.4000000060
133660  36.499  14.869  12.716 0.4000000060
86616  35.578  9.479  6.509 0.3000000119
90271  37.013  14.452  9.986 0.4000000060
90259  36.498  15.023  10.523 0.4000000060
91060  36.868  15.544  10.779 0.5000000000
88746  37.338  11.812  8.870 0.3000000119
87369  36.540  10.772  7.387 0.3000000119
88051  36.906  11.252  8.181 0.3000000119
88736  37.544  12.707  9.342 0.3000000119
91012  34.076  15.256  15.786 0.4000000060
136598  34.777  14.954  15.613 0.4000000060
90185  35.165  14.658  15.137 0.6000000238
88080  40.316  12.337  1.335 0.4000000060
119305  35.642  14.482  14.479 0.6000000238
88086  38.239  11.354  1.373 0.4000000060
87395  36.874  10.838  3.233 0.4000000060
116534  36.084  14.527  13.682 0.6000000238
90223  35.546  14.883  12.768 0.4000000060
86630  35.602  9.200  4.646 0.3000000119
116535  37.008  14.475  13.776 0.4000000060
86623  35.565  9.350  5.620 0.3000000119
90249  36.974  15.583  11.260 0.4000000060
87378  36.476  10.682  6.372 0.3000000119
87370  35.986  10.157  6.899 0.3000000119
89490  37.600  13.824  9.529 0.5000000000
88058  36.971  11.232  6.674 0.3000000119
88050  37.447  11.675  7.933 0.3000000119
90975  34.865  15.897  17.081 0.3000000119
90992  34.421  15.582  16.558 0.2000000030
90974  35.642  15.759  16.996 0.4000000060
90991  35.190  15.414  16.584 0.4000000060
139380  36.295  14.846  16.060 0.5000000000
130838  35.449  14.930  15.954 0.6000000238
88783  39.393  12.291  1.473 0.4000000060
90184  35.974  14.592  15.357 0.5000000000
130920  36.648  14.597  15.589 0.6000000238
88081  38.331  11.851  1.795 0.4000000060
88075  37.552  11.749  3.305 0.4000000060
90203  37.570  14.393  14.609 0.6000000238
90204  36.605  14.412  14.732 0.6000000238
88071  36.870  11.145  4.528 0.4000000060
87388  36.420  10.584  5.378 0.4000000060
116536  37.817  14.431  13.823 0.6000000238
87379  35.982  10.047  5.996 0.3000000119
90236  37.193  15.099  12.131 0.6000000238
88057  37.453  11.668  7.027 0.4000000060
90258  37.309  15.264  10.289 0.5000000000
90270  37.787  14.829  9.683 0.5000000000
90257  38.125  15.492  9.929 0.5000000000
91059  37.661  15.672  10.638 0.5000000000
88754  37.940  12.082  7.573 0.4000000060
88745  37.865  12.264  8.552 0.3000000119
89499  38.196  13.117  9.034 0.5000000000
89489  38.316  14.221  9.185 0.5000000000
90990  36.289  15.662  16.875 0.3000000119
88079  41.035  12.143  1.712 0.5000000000
136240  36.674  15.256  16.548 0.5000000000
90174  35.931  15.288  16.519 0.4000000060
122768  40.277  12.440  1.739 0.5000000000
88777  39.375  12.542  3.014 0.4000000060
90183  37.315  14.527  15.461 0.6000000238
88070  37.450  11.768  4.919 0.4000000060
88065  36.918  11.220  5.712 0.4000000060
88772  38.011  12.219  5.398 0.4000000060
90222  37.485  14.630  13.039 0.6999999881
88064  37.454  11.691  6.073 0.4000000060
88764  37.977  12.122  6.526 0.4000000060
90248  37.989  15.285  11.634 0.6000000238
88753  38.619  12.416  7.196 0.5000000000
91058  38.418  15.626  10.914 0.6999999881
88744  38.456  12.595  8.228 0.5000000000
89498  38.795  13.483  8.613 0.5000000000
90269  38.554  15.077  9.349 0.5000000000
91070  38.540  15.756  10.204 0.6999999881
90281  39.015  14.498  8.836 0.5000000000
90280  39.762  14.702  8.547 0.5000000000
88775  41.728  12.228  2.463 0.5000000000
116804  41.528  12.455  3.442 0.6000000238
88770  40.061  12.657  4.323 0.5000000000
88771  38.780  12.511  4.608 0.4000000060
135709  38.767  14.735  12.458 0.6999999881
88763  38.952  12.492  5.875 0.5000000000
88752  39.656  12.640  6.891 0.5000000000
89506  40.208  13.087  7.477 0.6000000238
91069  39.409  15.784  10.083 0.6999999881
88743  39.212  12.859  7.876 0.6000000238
91079  39.050  15.581  9.532 0.6000000238
89496  40.637  14.043  7.800 0.6000000238
89497  39.577  13.797  8.215 0.6000000238
90267  39.850  15.268  8.916 0.6000000238
88769  42.276  12.338  4.114 0.5000000000
88760  42.914  12.275  4.828 0.6000000238
119289  41.127  12.577  4.672 0.5000000000
88762  40.314  12.678  5.709 0.6000000238
88750  42.310  12.704  5.993 0.6999999881
88751  40.902  12.757  6.517 0.6000000238
89504  42.885  13.020  6.650 0.6999999881
90286  41.825  13.766  7.269 0.6000000238
130293  40.474  14.879  8.325 0.6999999881
91085  41.899  15.179  8.078 0.6999999881
90278  42.658  14.814  7.511 0.6000000238
90279  41.546  14.644  7.795 0.6999999881
96510  34.524  23.539  27.063 0.2000000030
96496  35.758  23.455  28.054 0.2000000030
80153  39.362  2.879  1.022 0.3000000119
81219  39.077  3.770  0.048 0.3000000119
81211  38.553  3.837  1.371 0.2000000030
81204  38.106  3.505  3.534 0.2000000030
81203  38.393  3.622  2.506 0.2000000030
82230  39.594  5.454  -1.202 0.4000000060
83182  38.993  6.508  -1.817 0.3000000119
82231  39.052  5.621  -1.415 0.3000000119
83166  42.086  5.307  1.378 0.4000000060
89505  41.473  13.115  7.069 0.6000000238
79205  43.840  0.992  3.118 0.2000000030
81210  43.670  3.931  2.436 0.4000000060
80150  43.241  3.480  2.142 0.4000000060
78257  39.569  0.654  3.289 0.1000000015
78258  39.345  1.145  2.947 0.1000000015
80133  38.772  1.800  3.337 0.2000000030
127037  39.799  2.620  1.099 0.3000000119
126939  38.761  2.709  1.956 0.2000000030
81227  38.909  4.758  -0.721 0.3000000119
80154  38.991  3.215  1.000 0.3000000119
82222  37.957  5.432  -0.055 0.3000000119
116341  38.575  5.528  -1.021 0.3000000119
120753  38.095  4.745  0.833 0.3000000119
88737  36.947  12.221  9.673 0.3000000119
87403  36.916  10.272  2.108 0.4000000060
86636  35.819  8.947  3.585 0.3000000119
135983  36.454  10.164  3.225 0.4000000060
135614  35.445  8.570  4.528 0.3000000119
86629  36.047  9.706  3.920 0.4000000060
86622  35.947  9.912  5.017 0.3000000119
120691  36.398  10.400  4.276 0.3000000119
90976  34.029  16.125  17.029 0.2000000030
88784  38.471  12.283  2.663 0.5000000000
88778  38.133  12.325  4.037 0.4000000060
90235  37.975  14.773  12.494 0.6000000238
90173  37.041  14.792  16.116 0.5000000000
88761  41.639  12.618  5.359 0.6000000238
81220  38.549  4.388  0.067 0.3000000119
117716  27.392  18.770  23.673 0.2000000030
117403  26.575  20.190  23.601 0.2000000030
96539  31.579  23.356  25.041 0.2000000030
95732  31.433  22.696  24.697 0.2000000030
96541  30.030  23.166  25.017 0.2000000030
94918  30.754  22.010  24.441 0.2000000030
94919  29.119  21.698  24.273 0.2000000030
94920  28.244  21.760  24.299 0.2000000030
119539  30.044  21.210  24.333 0.2000000030
94934  29.336  20.875  24.100 0.2000000030
94217  29.026  20.060  23.891 0.2000000030
94937  27.018  21.064  23.732 0.2000000030
94220  25.838  20.366  23.771 0.2000000030
94208  29.789  20.040  24.365 0.2000000030
94218  28.275  19.770  23.713 0.2000000030
93549  28.899  19.048  23.968 0.3000000119
92975  27.916  18.125  23.709 0.2000000030
96540  30.854  23.345  25.006 0.2000000030
95731  32.179  23.048  25.028 0.2000000030
95717  29.300  22.816  25.093 0.2000000030
95736  27.890  22.164  24.812 0.2000000030
94207  30.493  20.035  24.711 0.2000000030
95735  28.749  22.325  24.714 0.2000000030
94921  27.426  21.646  24.305 0.2000000030
93544  25.175  20.116  23.957 0.2000000030
93543  29.604  19.021  24.487 0.2000000030
94902  26.410  21.556  24.959 0.2000000030
94210  25.628  20.757  24.370 0.2000000030
92963  29.503  18.372  24.403 0.3000000119
97306  33.378  24.589  26.623 0.1000000015
97324  33.045  24.127  26.190 0.1000000015
97307  32.505  24.547  26.445 0.2000000030
96511  33.678  23.926  26.456 0.1000000015
97325  32.510  23.924  25.858 0.1000000015
96526  32.011  23.654  25.405 0.2000000030
97326  31.811  24.149  25.981 0.2000000030
96528  30.434  23.564  25.753 0.2000000030
134748  32.550  23.361  25.505 0.1000000015
96529  29.739  23.175  25.578 0.2000000030
95718  28.534  22.500  25.279 0.2000000030
94917  31.657  21.668  24.720 0.2000000030
94206  31.149  19.895  25.182 0.2000000030
94901  27.097  21.923  24.888 0.2000000030
94903  25.883  21.196  24.931 0.2000000030
93542  30.202  19.057  25.001 0.3000000119
94196  24.935  20.283  24.702 0.2000000030
91668  29.396  17.082  23.377 0.3000000119
90839  29.199  16.092  34.924 0.1000000015
90841  27.693  15.310  34.492 0.1000000015
97294  35.455  24.192  27.616 0.1000000015
98058  33.944  25.104  27.051 0.1000000015
98059  33.082  25.099  26.976 0.1000000015
89339  21.142  13.574  28.628 0.1000000015
89340  20.631  13.112  28.076 0.1000000015
95715  33.557  22.645  26.152 0.1000000015
97309  31.084  24.035  26.268 0.2000000030
90079  20.915  13.889  27.866 0.1000000015
139419  32.709  22.007  25.362 0.2000000030
94899  32.443  21.330  25.360 0.2000000030
96512  30.422  23.751  26.736 0.2000000030
94192  32.961  20.840  26.011 0.2000000030
94900  31.762  20.614  25.133 0.2000000030
93541  30.681  19.211  25.364 0.3000000119
96513  29.777  23.304  26.322 0.2000000030
128920  26.861  21.730  25.562 0.2000000030
93535  31.179  18.949  25.940 0.3000000119
92947  30.597  18.518  25.696 0.3000000119
94195  25.446  20.777  25.207 0.2000000030
92961  30.680  18.098  25.793 0.3000000119
92312  29.919  17.848  24.768 0.2000000030
92326  29.411  17.853  23.979 0.3000000119
91585  30.744  16.563  35.513 0.1000000015
123240  30.418  15.814  35.828 0.1000000015
122954  30.818  15.271  36.409 0.1000000015
90835  29.893  16.206  35.270 0.1000000015
91592  29.602  16.642  34.539 0.1000000015
91593  28.850  16.351  34.330 0.1000000015
90840  28.525  15.617  34.849 0.1000000015
91594  28.064  16.052  34.131 0.1000000015
90844  27.296  15.738  33.841 0.1000000015
90845  26.562  15.437  33.543 0.1000000015
91599  26.933  16.138  33.172 0.1000000015
90848  26.193  15.839  32.888 0.1000000015
90850  24.754  15.168  32.226 0.1000000015
97293  36.493  24.808  27.893 0.1000000015
90066  22.728  13.945  31.053 0.1000000015
98057  34.993  24.952  27.381 0.1000000015
90075  21.593  14.038  29.161 0.1000000015
90078  21.419  14.313  28.440 0.1000000015
95706  34.144  22.820  26.757 0.1000000015
98060  32.280  24.985  27.114 0.1000000015
97308  31.680  24.506  26.686 0.2000000030
94883  34.067  21.997  26.823 0.1000000015
126061  33.503  21.032  26.663 0.2000000030
94193  32.321  20.099  25.932 0.2000000030
95708  28.513  22.474  26.130 0.2000000030
94884  27.263  21.718  26.361 0.2000000030
94885  26.139  21.207  25.638 0.2000000030
94194  31.640  19.728  25.676 0.2000000030
94177  24.898  20.191  25.597 0.2000000030
94174  33.062  20.055  26.629 0.2000000030
92927  31.776  18.508  26.473 0.2000000030
92311  30.523  17.821  25.377 0.3000000119
92300  31.326  17.793  25.904 0.3000000119
119173  30.509  17.548  24.564 0.2000000030
92325  30.013  17.469  23.925 0.3000000119
92324  31.244  17.399  24.059 0.4000000060
91667  30.798  17.207  23.435 0.3000000119
135075  30.123  16.957  23.269 0.3000000119
90039  31.163  13.775  37.173 0.1000000015
89296  30.892  12.809  37.361 0.1000000015
90043  30.496  14.430  36.614 0.1000000015
88557  31.557  12.122  38.148 0.1000000015
140227  31.356  16.080  36.245 0.1000000015
90824  32.323  14.914  37.388 0.1000000015
89295  31.961  13.067  37.820 0.1000000015
91584  31.536  16.943  35.774 0.1000000015
90042  31.375  14.670  36.985 0.1000000015
90037  33.462  14.266  38.290 0.1000000015
91591  30.334  16.976  34.825 0.1000000015
90830  32.436  15.821  37.070 0.1000000015
132045  33.226  15.145  37.806 0.1000000015
91596  29.300  16.976  33.821 0.1000000015
92247  28.975  17.322  33.123 0.1000000015
91597  28.505  16.688  33.625 0.1000000015
91598  27.710  16.414  33.413 0.1000000015
90846  25.865  15.106  33.210 0.1000000015
92248  28.177  17.029  32.914 0.1000000015
91601  27.396  16.737  32.689 0.1000000015
91602  26.625  16.454  32.451 0.1000000015
90060  25.187  14.739  32.850 0.1000000015
91603  25.869  16.166  32.180 0.1000000015
90851  25.127  15.848  31.863 0.1000000015
90852  24.366  15.540  31.543 0.1000000015
90853  23.646  15.185  31.175 0.1000000015
90069  23.002  14.729  30.739 0.1000000015
91608  24.773  16.191  31.162 0.1000000015
90855  23.997  15.894  30.841 0.1000000015
91613  23.706  16.173  30.069 0.1000000015
90857  22.655  15.030  29.978 0.1000000015
90074  22.076  14.525  29.578 0.1000000015
125968  35.626  25.444  27.602 0.1000000015
98047  34.618  25.558  27.502 0.1000000015
94882  36.727  21.348  26.430 0.1000000015
98048  33.693  25.508  27.475 0.1000000015
124485  31.590  24.696  27.440 0.2000000030
97296  31.028  24.250  27.066 0.2000000030
96498  29.817  23.372  27.270 0.2000000030
93522  25.133  19.910  26.540 0.2000000030
95692  27.978  22.063  26.642 0.2000000030
134412  26.673  21.382  26.210 0.2000000030
94176  25.596  20.568  26.088 0.2000000030
93521  32.507  19.042  26.689 0.2000000030
92926  32.546  18.311  26.774 0.3000000119
92925  33.346  18.275  26.950 0.3000000119
135239  32.921  17.825  26.424 0.3000000119
92310  32.035  17.501  25.291 0.3000000119
92285  33.376  18.107  26.818 0.3000000119
92309  32.961  17.704  25.446 0.3000000119
92323  32.055  17.494  24.077 0.3000000119
92339  31.719  17.301  23.158 0.3000000119
92322  33.569  18.057  23.964 0.3000000119
136900  33.955  16.997  22.052 0.2000000030
92336  34.585  17.142  22.381 0.2000000030
87814  30.910  11.307  39.008 0.1000000015
92227  31.041  17.341  35.145 0.1000000015
92216  32.223  16.668  36.424 0.1000000015
91576  33.023  16.471  37.068 0.1000000015
90823  34.336  14.832  38.514 0.1000000015
90814  35.172  14.780  39.161 0.1000000015
92237  30.725  17.646  34.381 0.1000000015
92238  30.044  17.314  34.072 0.1000000015
92245  30.448  17.943  33.652 0.1000000015
92246  29.765  17.636  33.347 0.1000000015
92253  28.656  17.628  32.429 0.1000000015
92254  27.881  17.320  32.191 0.1000000015
92255  27.115  17.016  31.952 0.1000000015
91606  26.352  16.720  31.697 0.1000000015
92259  26.813  17.310  31.254 0.1000000015
91607  25.581  16.436  31.426 0.1000000015
92260  26.079  16.969  30.946 0.1000000015
91611  25.278  16.724  30.691 0.1000000015
91612  24.467  16.479  30.414 0.1000000015
98046  36.831  25.545  27.777 0.1000000015
98823  34.391  25.959  27.867 0.1000000015
98049  32.879  25.409  27.588 0.1000000015
98050  32.139  25.153  27.865 0.1000000015
92908  24.443  18.527  27.380 0.2000000030
95690  29.158  22.814  26.816 0.2000000030
95691  28.565  22.374  26.941 0.2000000030
94163  25.863  20.221  26.964 0.2000000030
94175  26.282  20.869  26.541 0.2000000030
92321  34.544  17.894  23.049 0.2000000030
92335  35.386  17.288  22.711 0.2000000030
90207  32.702  15.333  14.014 0.2000000030
90208  31.683  15.193  13.807 0.3000000119
90226  32.123  14.961  13.107 0.2000000030
125797  33.932  15.064  12.927 0.3000000119
90225  33.062  15.173  13.057 0.2000000030
90240  32.497  14.693  12.375 0.2000000030
90238  34.210  14.953  12.215 0.3000000119
90224  34.724  14.940  12.801 0.3000000119
90239  33.382  14.909  12.329 0.3000000119
89465  32.930  14.366  11.863 0.3000000119
139588  33.243  14.109  11.587 0.3000000119
90252  33.707  14.530  11.717 0.3000000119
92236  31.373  17.981  34.742 0.1000000015
92226  31.764  17.650  35.432 0.1000000015
92833  31.016  18.270  34.030 0.1000000015
92841  30.191  18.360  32.958 0.1000000015
92252  29.437  17.942  32.665 0.1000000015
92851  28.320  17.922  31.781 0.1000000015
92258  27.557  17.626  31.530 0.1000000015
92859  27.203  17.964  30.902 0.1000000015
92263  25.733  17.319  30.280 0.1000000015
92264  24.947  17.053  29.992 0.1000000015
98045  38.068  25.409  27.941 0.1000000015
98821  37.056  26.292  27.946 0.1000000015
98036  33.484  25.809  28.080 0.1000000015
92907  25.172  18.821  27.743 0.2000000030
96497  30.480  23.889  27.727 0.2000000030
94875  26.919  21.161  26.928 0.2000000030
93513  24.751  19.229  26.990 0.2000000030
92973  34.620  18.328  23.849 0.3000000119
91033  31.991  15.455  14.661 0.3000000119
90206  33.820  14.983  13.944 0.3000000119
133174  34.489  14.812  13.503 0.4000000060
90237  35.018  14.970  12.087 0.3000000119
90251  34.554  14.714  11.627 0.3000000119
89473  34.196  14.237  11.305 0.3000000119
124843  39.031  15.581  10.693 0.6000000238
92822  32.023  18.350  35.185 0.1000000015
137208  30.721  18.522  33.439 0.1000000015
137461  30.233  18.834  32.589 0.1000000015
92849  29.769  18.593  32.355 0.1000000015
93462  29.382  18.932  31.813 0.1000000015
92858  27.905  18.304  31.228 0.1000000015
93472  28.182  18.984  30.962 0.1000000015
92867  27.533  18.638  30.595 0.1000000015
92868  26.858  18.280  30.239 0.1000000015
92262  26.486  17.625  30.581 0.1000000015
93487  27.189  18.927  29.906 0.1000000015
92881  26.512  18.583  29.561 0.1000000015
92869  26.152  17.937  29.904 0.1000000015
92266  25.410  17.631  29.589 0.1000000015
98044  38.704  25.687  27.744 0.1000000015
93500  26.173  18.877  28.863 0.2000000030
92894  25.512  18.515  28.491 0.1000000015
98822  35.600  26.093  27.775 0.1000000015
93507  25.820  19.196  28.149 0.2000000030
93511  26.124  19.914  27.804 0.2000000030
94861  27.158  20.934  27.783 0.2000000030
94874  27.572  21.531  27.268 0.2000000030
90969  40.475  15.459  17.278 0.5000000000
130134  40.407  14.867  16.041 0.5000000000
116291  40.085  15.103  16.652 0.5000000000
90987  39.283  15.200  16.646 0.5000000000
91032  32.734  15.498  14.932 0.3000000119
90171  38.845  14.820  15.988 0.5000000000
90187  33.489  15.285  14.872 0.3000000119
135472  41.594  14.719  14.675 0.5000000000
91011  40.940  14.842  15.673 0.5000000000
90170  39.748  14.807  15.984 0.5000000000
90186  34.357  14.904  14.958 0.4000000060
90179  41.000  14.645  14.915 0.5000000000
90180  40.327  14.682  15.331 0.5000000000
90205  35.211  14.640  13.597 0.5000000000
118936  34.778  14.631  14.286 0.5000000000
91030  42.867  14.935  13.950 0.5000000000
90199  41.915  14.750  14.137 0.6000000238
90200  41.191  14.619  14.222 0.5000000000
90218  42.205  14.823  13.438 0.6000000238
91057  39.805  15.382  10.945 0.6000000238
90247  39.121  15.132  11.622 0.6000000238
91067  41.361  15.463  10.528 0.6000000238
91068  40.389  15.596  10.247 0.6000000238
91078  41.126  15.600  9.532 0.6000000238
116658  40.033  15.643  9.436 0.6000000238
91086  40.922  15.341  8.615 0.6000000238
92832  31.587  18.673  34.470 0.1000000015
93442  31.181  18.897  33.746 0.1000000015
93460  30.751  19.147  32.961 0.1000000015
94096  30.691  20.012  32.467 0.1000000015
93461  30.132  19.293  32.196 0.1000000015
94097  30.162  20.091  31.906 0.1000000015
93486  27.778  19.314  30.324 0.1000000015
93498  27.402  19.661  29.657 0.2000000030
93499  26.813  19.258  29.242 0.2000000030
98820  38.694  26.270  28.182 0.1000000015
94135  27.078  19.993  28.951 0.2000000030
94151  26.754  20.319  28.209 0.2000000030
93506  26.449  19.596  28.555 0.2000000030
98813  36.196  26.676  28.293 0.1000000015
95676  28.970  22.382  28.387 0.2000000030
94860  27.819  21.328  28.196 0.2000000030
94162  26.514  20.569  27.387 0.2000000030
98814  35.090  26.425  28.326 0.1000000015
96489  29.847  23.374  28.187 0.2000000030
95675  29.327  22.932  27.810 0.2000000030
94873  28.323  21.972  27.656 0.2000000030
137742  36.296  22.254  25.429 0.1000000015
134233  31.090  24.371  27.763 0.2000000030
129250  28.868  22.501  27.527 0.2000000030
94915  36.248  21.366  24.271 0.1000000015
90958  40.930  15.856  17.923 0.5000000000
90970  39.668  15.558  17.265 0.5000000000
91727  39.259  16.116  17.708 0.5000000000
90971  38.860  15.725  17.154 0.5000000000
90988  38.410  15.275  16.621 0.4000000060
90972  37.982  15.874  17.042 0.4000000060
90172  37.873  14.794  16.071 0.5000000000
90989  37.492  15.278  16.590 0.4000000060
90181  39.371  14.536  15.051 0.5000000000
90202  38.485  14.411  14.362 0.5000000000
90220  40.832  14.591  13.648 0.6000000238
90221  40.056  14.548  13.454 0.6000000238
90219  41.488  14.671  13.620 0.6000000238
90233  40.551  14.648  12.887 0.6000000238
120337  43.994  15.369  12.009 0.6000000238
91047  42.927  15.204  12.300 0.6000000238
91048  42.141  15.141  12.072 0.6000000238
91054  43.202  15.380  11.417 0.6000000238
91056  40.721  15.257  11.220 0.6000000238
91066  43.498  15.511  10.161 0.6000000238
118692  42.206  15.576  9.824 0.6000000238
91055  42.287  15.398  10.934 0.6000000238
91077  43.161  15.548  9.054 0.6999999881
93441  31.689  19.393  34.214 0.1000000015
137201  31.295  19.480  33.572 0.1000000015
92831  32.273  19.183  35.010 0.1000000015
94089  31.223  20.010  33.156 0.1000000015
94804  31.066  20.801  32.862 0.1000000015
93470  29.555  19.719  31.617 0.2000000030
94104  29.697  20.651  31.416 0.2000000030
94105  28.986  20.124  31.115 0.2000000030
93485  28.368  19.701  30.737 0.2000000030
94115  29.101  20.874  30.830 0.2000000030
94116  28.554  20.465  30.489 0.2000000030
94133  28.239  20.818  29.799 0.2000000030
98819  39.473  26.288  27.781 0.1000000015
94844  28.015  21.102  29.049 0.2000000030
94134  27.657  20.416  29.386 0.2000000030
98812  37.549  26.821  28.526 0.1000000015
95668  28.924  22.020  29.145 0.2000000030
94150  27.405  20.698  28.621 0.2000000030
96488  30.398  23.712  28.672 0.2000000030
124796  29.464  22.915  28.543 0.2000000030
94859  28.449  21.718  28.669 0.2000000030
98815  34.112  26.198  28.587 0.1000000015
98038  32.000  25.105  28.705 0.2000000030
91720  41.456  16.499  18.539 0.5000000000
91721  40.478  16.450  18.359 0.5000000000
91728  38.483  16.342  17.482 0.3000000119
91730  36.758  16.739  17.325 0.2000000030
90182  38.228  14.507  15.308 0.5000000000
90201  39.385  14.446  13.952 0.6000000238
128968  43.213  15.126  13.007 0.6000000238
90232  41.737  14.788  12.943 0.6000000238
138987  39.302  14.528  13.154 0.6000000238
138787  38.485  14.495  13.310 0.6000000238
90231  42.405  14.961  12.787 0.6000000238
125456  41.170  14.671  13.131 0.6000000238
90234  39.681  14.666  12.599 0.6000000238
90245  41.150  14.878  12.270 0.6000000238
91065  44.880  15.410  9.794 0.6999999881
93440  32.232  20.147  34.651 0.1000000015
93451  31.636  20.062  33.886 0.1000000015
94071  32.929  20.583  35.316 0.1000000015
94088  31.512  20.754  33.571 0.1000000015
94814  30.476  20.950  32.081 0.1000000015
94813  31.029  21.660  32.652 0.2000000030
94822  29.529  21.309  30.991 0.2000000030
94821  30.017  21.552  31.414 0.2000000030
94829  29.262  21.448  30.516 0.2000000030
99570  38.485  27.397  29.251 0.1000000015
94842  29.205  21.870  29.884 0.2000000030
94830  28.803  21.189  30.181 0.2000000030
99579  38.985  27.023  28.684 0.1000000015
99571  36.928  27.185  29.077 0.1000000015
98804  35.721  26.931  28.958 0.1000000015
94843  28.605  21.472  29.464 0.2000000030
98806  33.961  26.274  29.524 0.1000000015
98027  33.254  25.938  28.972 0.2000000030
98028  32.513  25.464  29.299 0.2000000030
96481  30.388  23.510  29.489 0.2000000030
95667  29.422  22.555  29.253 0.2000000030
98805  34.771  26.571  29.140 0.1000000015
97278  30.889  24.039  29.197 0.2000000030
96482  29.871  23.199  29.002 0.2000000030
98037  32.686  25.544  28.405 0.2000000030
97284  31.428  24.560  28.949 0.2000000030
92357  42.667  17.489  19.396 0.4000000060
91715  42.148  16.994  19.016 0.4000000060
92361  40.813  16.997  18.737 0.5000000000
90959  40.040  15.897  17.911 0.5000000000
91722  39.645  16.579  18.220 0.3000000119
91723  38.857  16.787  17.930 0.3000000119
94080  31.913  20.741  34.182 0.1000000015
94796  31.872  21.436  33.995 0.1000000015
95633  31.495  22.244  33.162 0.2000000030
95641  31.198  22.489  32.454 0.2000000030
95651  30.280  22.376  31.232 0.2000000030
95652  29.678  21.981  30.674 0.2000000030
96464  30.617  23.091  30.995 0.2000000030
95660  29.637  22.445  30.020 0.2000000030
98021  32.311  25.222  30.117 0.2000000030
96473  30.452  23.321  30.249 0.2000000030
96474  29.924  22.996  29.771 0.2000000030
98020  33.154  25.798  30.074 0.2000000030
98029  31.883  24.947  29.476 0.2000000030
97271  30.896  23.858  29.958 0.2000000030
95623  32.342  22.206  34.293 0.1000000015
95624  31.793  22.034  33.718 0.1000000015
95632  32.025  22.671  33.646 0.1000000015
96449  31.723  23.003  32.986 0.2000000030
95650  30.894  22.785  31.720 0.2000000030
96456  31.469  23.247  32.213 0.2000000030
96463  31.211  23.496  31.451 0.2000000030
97262  31.552  24.181  31.135 0.2000000030
97269  31.970  24.799  30.713 0.2000000030
96472  30.995  23.709  30.707 0.2000000030
98022  31.786  24.760  30.070 0.2000000030
97270  31.414  24.296  30.377 0.2000000030
98799  34.026  26.249  30.469 0.2000000030
97277  31.375  24.402  29.672 0.2000000030
95615  32.893  22.070  34.971 0.1000000015
96455  32.043  23.747  32.712 0.2000000030
97255  31.818  23.958  31.896 0.2000000030
98006  32.808  25.149  31.980 0.2000000030
97261  32.187  24.693  31.522 0.2000000030
98012  32.706  25.363  31.038 0.2000000030
96440  32.986  23.547  34.257 0.1000000015
96439  33.066  22.855  34.752 0.1000000015
97254  32.414  24.476  32.343 0.2000000030
91682  35.298  16.377  22.341 0.2000000030
93520  33.269  19.321  27.135 0.2000000030
90862  21.806  14.656  28.941 0.1000000015
90861  22.314  15.275  29.094 0.1000000015
92882  25.817  18.244  29.221 0.1000000015
92338  32.610  17.468  22.905 0.2000000030
124568  28.699  17.632  23.584 0.3000000119
94219  27.572  20.321  23.607 0.2000000030
138750  27.800  19.662  23.639 0.2000000030
90860  23.013  15.776  29.633 0.1000000015
130355  33.790  23.274  26.429 0.1000000015
121084  42.084  15.516  8.744 0.6000000238
93550  28.046  19.016  23.768 0.2000000030
96527  31.281  23.728  25.547 0.2000000030
95734  29.755  22.399  24.561 0.2000000030
94935  28.649  21.080  23.938 0.2000000030
94936  27.849  21.150  23.836 0.2000000030
125956  31.014  20.942  24.594 0.2000000030
94209  26.269  20.942  23.877 0.2000000030
92974  28.785  18.366  23.863 0.3000000119
95716  32.826  22.658  25.492 0.2000000030
130528  32.254  22.271  24.985 0.2000000030
96525  33.158  23.437  25.939 0.1000000015
95707  29.180  22.836  25.834 0.2000000030
95719  27.701  22.152  25.597 0.2000000030
92962  30.082  18.270  25.226 0.2000000030
94898  33.215  21.768  25.887 0.2000000030
92946  31.164  18.240  26.182 0.3000000119
90849  25.485  15.497  32.554 0.1000000015
90070  22.386  14.269  30.323 0.1000000015
93534  31.830  19.165  26.201 0.2000000030
118952  31.204  17.481  25.012 0.3000000119
90038  32.207  14.022  37.607 0.1000000015
90036  34.752  14.058  39.068 0.1000000015
90856  23.324  15.482  30.415 0.1000000015
92299  31.909  18.041  26.498 0.3000000119
92286  32.713  18.066  26.668 0.3000000119
130713  32.255  17.713  26.178 0.3000000119
119166  32.683  17.663  24.495 0.3000000119
120919  32.903  17.710  23.608 0.3000000119
92337  33.613  17.620  22.765 0.2000000030
92850  29.064  18.254  32.066 0.1000000015
93512  25.476  19.535  27.383 0.2000000030
92857  28.642  18.610  31.518 0.1000000015
93471  28.853  19.331  31.309 0.1000000015
97295  31.514  24.711  28.195 0.2000000030
133431  40.353  14.559  14.372 0.6000000238
90246  40.178  14.889  11.952 0.6000000238
94117  27.957  20.083  30.097 0.2000000030
97285  30.944  24.225  28.419 0.2000000030
94916  35.881  22.061  24.649 0.1000000015
91729  37.621  16.657  17.384 0.2000000030
94803  31.441  21.496  33.337 0.1000000015
95642  30.608  21.983  31.956 0.2000000030
95659  30.066  22.726  30.502 0.2000000030
77230  54.340  -0.333  9.440 0.1000000015
76375  52.043  -1.207  9.694 0.1000000015
76374  53.181  -1.046  9.885 0.1000000015
77244  52.276  -0.170  8.471 0.1000000015
77231  52.793  -0.648  9.137 0.1000000015
77242  55.207  0.463  8.590 0.1000000015
78176  50.577  0.210  9.169 0.1000000015
78177  50.082  0.343  9.816 0.1000000015
77245  51.293  -0.090  8.725 0.1000000015
77243  53.653  0.106  8.526 0.1000000015
78185  53.040  0.578  7.853 0.1000000015
78184  54.499  0.930  7.829 0.1000000015
79153  50.106  1.113  9.984 0.1000000015
124997  50.348  0.798  9.439 0.1000000015
78168  49.600  0.639  10.436 0.1000000015
78187  51.115  0.606  8.525 0.1000000015
128862  50.620  0.857  8.958 0.1000000015
78186  51.880  0.459  8.067 0.1000000015
78182  56.323  0.971  7.484 0.1000000015
78195  55.212  1.629  7.190 0.1000000015
77259  56.436  0.432  7.288 0.1000000015
76410  55.998  0.021  6.231 0.1000000015
118231  54.929  -1.067  5.545 0.1000000015
79145  50.069  1.992  10.066 0.1000000015
79159  50.923  1.313  8.448 0.1000000015
80100  51.331  1.891  7.674 0.1000000015
79168  51.609  1.196  7.843 0.1000000015
79167  52.243  1.959  6.884 0.1000000015
78194  55.891  1.687  6.707 0.1000000015
79166  53.611  2.122  6.491 0.1000000015
78193  56.476  1.095  6.820 0.1000000015
135567  55.977  1.252  6.141 0.1000000015
77270  55.230  0.266  5.407 0.1000000015
77271  54.036  -0.624  5.040 0.1000000015
116467  41.854  -2.061  7.555 0.1000000015
74570  41.804  -3.079  8.489 0.1000000015
79152  50.425  1.496  9.268 0.1000000015
80086  50.453  2.469  9.430 0.1000000015
80094  50.791  2.108  8.574 0.1000000015
80107  53.536  2.790  5.712 0.1000000015
77288  55.312  1.335  5.557 0.1000000015
79175  55.129  2.183  5.853 0.1000000015
123247  54.502  2.430  5.697 0.1000000015
77289  54.564  0.875  5.065 0.1000000015
77290  53.335  0.319  5.058 0.1000000015
77272  52.684  -1.052  5.626 0.1000000015
118821  46.785  -2.916  8.947 0.1000000015
73601  45.665  -4.054  9.224 0.1000000015
123549  44.853  -4.079  9.459 0.1000000015
140109  44.676  -4.804  9.426 0.1000000015
74556  45.063  -3.215  9.351 0.1000000015
75507  44.447  -2.383  9.435 0.1000000015
129239  44.066  -4.196  9.703 0.1000000015
74558  43.232  -3.505  9.810 0.1000000015
74557  44.114  -3.171  9.630 0.1000000015
75510  42.408  -3.111  9.272 0.1000000015
76388  42.518  -1.434  8.182 0.1000000015
131270  51.016  3.578  9.014 0.1000000015
81126  51.188  3.506  8.190 0.1000000015
81127  50.822  2.936  8.793 0.1000000015
80093  51.233  2.680  7.863 0.1000000015
80106  53.545  3.478  5.073 0.1000000015
78219  54.131  1.800  4.784 0.1000000015
77291  52.323  -0.001  5.617 0.1000000015
77273  51.633  -0.725  6.146 0.1000000015
77260  50.302  -0.978  7.186 0.1000000015
76399  49.909  -1.498  7.848 0.1000000015
76400  48.955  -1.210  7.961 0.1000000015
76382  48.421  -1.642  8.423 0.1000000015
75520  46.982  -1.815  8.720 0.1000000015
78206  51.484  0.276  5.885 0.1000000015
77275  49.833  -0.219  6.728 0.1000000015
77261  49.388  -0.723  7.362 0.1000000015
77246  48.014  -0.731  8.084 0.1000000015
140225  46.875  -0.791  8.624 0.1000000015
75521  46.013  -2.015  9.009 0.1000000015
78207  50.452  0.417  6.186 0.1000000015
77276  48.875  0.042  6.905 0.1000000015
77263  47.486  -0.056  7.573 0.1000000015
77247  47.160  -0.432  8.159 0.1000000015
76384  46.186  -0.875  8.952 0.1000000015
116715  45.196  -2.248  9.259 0.1000000015
75508  43.718  -2.297  9.470 0.1000000015
78208  49.413  0.520  6.317 0.1000000015
78209  48.357  0.617  6.346 0.1000000015
77264  46.635  0.088  7.575 0.1000000015
117248  45.784  0.185  7.476 0.1000000015
77249  45.542  -0.289  8.419 0.1000000015
77250  44.649  -0.307  8.418 0.1000000015
75522  43.841  -1.588  9.295 0.1000000015
75509  43.097  -2.639  9.476 0.1000000015
78223  48.894  1.154  5.753 0.1000000015
78210  47.266  0.612  6.230 0.1000000015
77278  46.905  0.321  6.937 0.1000000015
78198  46.219  0.333  6.945 0.1000000015
121449  45.040  0.080  7.721 0.1000000015
77251  43.831  -0.392  8.305 0.1000000015
76387  43.324  -0.959  8.709 0.1000000015
75523  43.043  -1.804  9.075 0.1000000015
78224  47.818  0.980  5.740 0.1000000015
138042  47.210  0.843  5.686 0.1000000015
116997  46.567  0.726  5.591 0.1000000015
78211  46.319  0.464  6.362 0.1000000015
78213  45.093  0.362  6.100 0.1000000015
77280  44.354  0.293  6.367 0.1000000015
75524  42.281  -2.376  8.592 0.1000000015
77281  43.372  0.049  6.639 0.1000000015
76401  43.016  -0.479  7.660 0.1000000015
116727  42.691  -0.103  5.944 0.1000000015
81109  51.216  3.819  9.654 0.1000000015
81140  51.478  4.202  7.501 0.1000000015
133667  51.595  3.401  7.084 0.1000000015
80099  51.951  2.620  6.779 0.1000000015
81152  53.184  3.983  5.374 0.1000000015
81153  52.041  4.153  6.407 0.1000000015
116931  53.709  2.886  4.803 0.1000000015
119487  53.542  2.266  4.493 0.1000000015
79183  52.343  1.917  4.611 0.1000000015
78221  51.217  1.099  5.378 0.1000000015
118507  49.892  1.776  5.516 0.1000000015
127799  48.815  1.753  5.290 0.1000000015
125885  48.039  1.494  5.244 0.1000000015
79185  47.252  1.138  5.230 0.1000000015
78225  45.842  0.695  5.132 0.1000000015
78226  45.172  0.477  5.448 0.1000000015
78227  44.536  0.390  5.630 0.1000000015
78228  43.998  0.409  5.082 0.1000000015
77292  43.680  0.251  5.791 0.1000000015
77299  42.900  0.214  5.109 0.1000000015
82122  51.482  4.319  8.775 0.1000000015
82132  51.701  5.055  7.875 0.1000000015
82158  52.695  4.635  5.687 0.1000000015
82144  51.748  4.958  6.781 0.1000000015
140426  53.286  4.241  4.991 0.1000000015
125417  52.752  3.492  6.041 0.1000000015
123659  53.458  3.871  4.738 0.1000000015
80111  53.321  3.294  4.507 0.1000000015
80118  52.545  3.377  4.147 0.1000000015
80119  51.259  3.224  4.291 0.1000000015
80112  52.131  2.638  4.351 0.1000000015
80113  50.535  2.494  4.877 0.1000000015
79192  49.276  2.335  4.937 0.1000000015
79193  48.263  2.102  4.754 0.1000000015
80122  47.706  2.520  4.003 0.1000000015
79194  47.425  1.745  4.606 0.1000000015
79186  46.541  1.233  4.656 0.1000000015
140040  45.818  0.989  4.467 0.1000000015
78234  45.302  0.663  4.748 0.1000000015
115968  44.706  0.507  4.992 0.1000000015
78235  44.326  0.567  4.421 0.1000000015
78236  43.524  0.486  4.399 0.1000000015
77300  42.485  0.374  4.166 0.1000000015
77307  41.384  0.260  3.866 0.1000000015
81072  53.507  4.122  11.629 0.1000000015
82110  52.952  5.198  10.343 0.1000000015
81090  52.720  4.341  10.779 0.1000000015
82121  52.426  5.311  9.127 0.1000000015
83115  51.865  5.714  7.064 0.1000000015
83106  52.265  5.767  8.084 0.1000000015
83125  52.434  5.483  6.063 0.1000000015
83124  52.441  6.192  6.366 0.1000000015
81168  53.121  3.864  4.322 0.1000000015
81181  52.015  4.058  4.032 0.1000000015
81182  50.515  3.933  4.080 0.1000000015
80120  49.775  3.141  4.392 0.2000000030
81184  48.830  3.511  3.729 0.2000000030
80130  48.047  3.261  3.537 0.2000000030
80131  47.140  3.150  3.352 0.2000000030
80123  46.855  2.132  3.871 0.1000000015
79195  46.017  1.686  3.910 0.1000000015
80132  46.211  2.753  3.407 0.2000000030
79196  45.361  1.085  4.021 0.1000000015
78243  43.955  0.718  3.841 0.1000000015
78244  43.199  0.632  3.521 0.1000000015
80055  52.995  2.843  13.126 0.1000000015
80040  52.213  2.427  13.553 0.1000000015
79107  51.156  1.787  14.367 0.1000000015
79119  51.056  2.219  13.653 0.1000000015
81071  54.390  3.908  12.442 0.1000000015
129793  54.403  4.641  11.927 0.1000000015
82086  54.720  4.481  12.593 0.1000000015
82098  53.707  4.892  11.178 0.1000000015
83097  53.258  6.005  9.873 0.2000000030
82109  53.655  5.712  10.806 0.2000000030
83105  52.963  6.256  8.778 0.2000000030
131426  52.580  6.489  7.390 0.1000000015
84028  52.989  7.073  6.037 0.2000000030
83134  52.719  6.233  5.213 0.1000000015
83142  52.386  6.121  4.612 0.2000000030
82182  51.965  5.019  4.089 0.1000000015
82183  50.860  4.862  3.860 0.1000000015
82196  49.963  5.523  3.411 0.2000000030
82184  49.770  4.605  3.481 0.2000000030
81195  48.940  4.223  3.345 0.2000000030
136325  48.350  3.833  3.351 0.2000000030
81196  47.703  3.797  3.327 0.2000000030
82200  46.624  4.158  3.440 0.2000000030
81198  46.289  3.727  3.284 0.2000000030
79203  45.289  2.176  3.387 0.1000000015
79204  44.646  1.032  3.669 0.1000000015
78119  52.466  0.776  15.841 0.1000000015
78120  51.120  0.553  15.799 0.1000000015
131305  51.501  1.204  15.139 0.1000000015
81055  54.809  3.869  13.039 0.1000000015
82097  54.148  5.327  11.538 0.1000000015
83078  53.999  5.810  11.842 0.2000000030
83096  53.569  6.648  10.396 0.2000000030
83995  53.671  7.901  10.051 0.2000000030
84006  53.299  7.028  8.305 0.2000000030
84879  53.592  8.820  9.378 0.2000000030
84015  53.492  7.869  7.753 0.2000000030
84887  53.593  8.724  8.291 0.2000000030
84889  51.341  8.448  9.304 0.2000000030
84898  53.414  7.970  6.460 0.2000000030
84899  51.044  8.265  8.228 0.2000000030
84907  53.246  8.144  5.140 0.2000000030
84017  50.424  7.549  7.682 0.2000000030
84036  52.550  7.486  4.662 0.2000000030
84915  52.857  8.791  4.487 0.2000000030
127510  50.890  8.304  7.128 0.2000000030
84916  52.184  8.556  4.492 0.2000000030
84038  50.513  7.575  5.294 0.2000000030
84900  50.392  7.580  6.567 0.2000000030
83143  51.888  6.000  4.105 0.2000000030
133870  50.661  7.522  4.296 0.2000000030
84039  49.872  6.808  4.826 0.2000000030
84029  49.904  6.810  6.126 0.2000000030
83144  50.989  5.871  3.667 0.2000000030
83145  50.218  6.500  3.644 0.2000000030
84048  49.427  6.362  3.992 0.2000000030
84040  49.060  6.095  4.791 0.2000000030
83155  49.283  5.788  3.501 0.2000000030
83146  48.736  5.721  3.923 0.2000000030
83135  48.424  5.575  4.650 0.2000000030
83156  48.470  5.239  3.461 0.2000000030
82198  48.246  4.465  3.335 0.2000000030
82199  47.409  4.293  3.372 0.2000000030
83157  47.799  4.810  3.521 0.2000000030
80139  45.544  3.427  3.198 0.1000000015
80140  44.793  3.161  2.900 0.2000000030
78118  53.711  0.850  16.383 0.1000000015
78112  52.635  0.320  16.526 0.1000000015
79106  53.689  1.869  15.388 0.1000000015
79102  53.108  1.241  15.623 0.1000000015
80027  54.041  2.540  14.836 0.1000000015
80028  53.050  2.164  14.441 0.1000000015
120918  53.595  2.625  13.894 0.1000000015
84868  53.504  8.519  10.775 0.2000000030
84856  53.317  8.537  11.455 0.2000000030
116994  53.395  9.179  10.308 0.2000000030
85728  52.638  9.319  11.068 0.2000000030
135475  52.352  9.190  11.191 0.2000000030
85736  53.297  9.476  9.588 0.2000000030
85737  53.012  9.681  9.992 0.2000000030
85738  52.622  9.497  10.305 0.2000000030
84881  51.542  8.482  10.229 0.2000000030
85746  53.439  9.530  7.617 0.2000000030
85747  52.124  9.520  8.519 0.2000000030
84880  52.038  9.281  9.584 0.2000000030
84897  53.610  8.746  7.054 0.2000000030
86607  52.937  10.138  7.389 0.2000000030
84888  51.602  8.927  8.733 0.2000000030
85777  53.113  9.416  4.807 0.2000000030
85767  53.049  9.777  5.427 0.2000000030
85757  52.317  9.720  7.269 0.2000000030
85758  51.509  8.998  7.782 0.2000000030
85778  52.815  9.278  4.727 0.2000000030
84908  51.917  8.935  5.108 0.2000000030
84917  51.328  8.112  4.717 0.2000000030
82185  47.112  4.568  3.791 0.2000000030
82201  45.843  4.066  3.461 0.2000000030
81199  45.542  3.993  3.334 0.2000000030
80026  54.379  3.044  14.229 0.1000000015
81041  54.563  3.675  13.777 0.1000000015
81999  51.067  5.144  20.987 0.1000000015
82000  50.087  4.509  21.463 0.1000000015
82970  50.039  6.189  23.279 0.1000000015
83850  48.968  6.852  24.598 0.1000000015
84706  49.194  8.250  26.879 0.1000000015
84688  48.123  8.207  27.936 0.1000000015
118409  47.513  7.576  27.185 0.1000000015
84689  47.059  7.754  27.857 0.1000000015
82990  50.714  5.351  21.758 0.1000000015
83865  50.956  7.058  23.791 0.1000000015
84736  49.811  7.692  25.194 0.1000000015
133737  48.450  7.989  27.323 0.1000000015
116243  48.049  8.974  29.370 0.1000000015
84902  33.584  6.920  7.669 0.1000000015
84022  33.862  6.859  6.953 0.1000000015
83849  50.200  7.316  24.462 0.1000000015
83875  51.266  6.606  22.952 0.1000000015
135333  48.622  8.968  28.596 0.1000000015
84892  33.681  7.383  8.412 0.1000000015
84000  32.960  6.857  8.823 0.1000000015
85751  34.101  7.981  9.007 0.1000000015
84883  33.524  7.579  9.274 0.1000000015
128023  34.308  7.697  7.013 0.1000000015
85741  34.040  8.269  9.700 0.1000000015
84873  33.384  7.856  10.068 0.1000000015
84724  50.421  8.496  25.629 0.1000000015
84705  49.964  8.710  26.454 0.1000000015
84687  48.991  8.665  27.722 0.1000000015
85599  49.563  8.968  27.188 0.1000000015
121516  49.589  8.042  26.043 0.1000000015
85731  33.775  8.613  10.459 0.1000000015
85750  34.378  8.145  8.383 0.1000000015
85721  33.352  8.818  11.099 0.1000000015
86576  32.894  9.476  11.590 0.1000000015
87329  31.614  10.236  12.432 0.1000000015
87322  30.566  10.393  13.208 0.1000000015
84891  34.088  7.579  7.659 0.1000000015
85740  34.573  8.606  9.191 0.1000000015
136462  34.096  10.313  11.010 0.1000000015
124418  33.352  10.343  11.390 0.1000000015
86582  34.518  9.110  10.090 0.1000000015
87328  32.433  10.493  11.862 0.1000000015
87330  31.125  11.021  12.616 0.1000000015
87323  29.911  10.851  13.583 0.1000000015
86602  35.036  8.917  8.466 0.1000000015
86592  35.072  9.304  9.378 0.1000000015
86575  33.871  9.499  10.934 0.1000000015
87339  32.954  11.229  11.494 0.1000000015
86591  35.423  9.559  8.829 0.1000000015
116653  35.107  9.802  10.097 0.1000000015
87337  34.590  10.772  10.724 0.1000000015
88030  33.388  11.943  11.266 0.1000000015
87351  35.539  9.974  9.480 0.2000000030
140444  34.958  10.252  10.423 0.1000000015
87338  33.791  11.046  11.148 0.1000000015
126083  32.016  12.232  11.774 0.1000000015
88031  32.645  12.103  11.547 0.1000000015
88021  32.222  11.473  11.803 0.1000000015
88723  33.850  12.716  11.105 0.2000000030
88037  35.720  11.306  10.165 0.2000000030
88716  32.313  12.936  11.606 0.1000000015
89474  33.582  13.699  11.343 0.2000000030
88724  33.099  12.838  11.425 0.1000000015
89466  32.034  13.886  11.805 0.1000000015
89475  32.856  13.658  11.587 0.2000000030
90241  31.639  14.380  12.501 0.1000000015
90209  30.963  14.941  13.751 0.2000000030
91034  31.126  15.250  14.471 0.2000000030
91015  31.415  15.574  15.325 0.2000000030
91016  30.540  15.324  15.132 0.2000000030
90996  30.764  15.837  15.959 0.1000000015
91013  33.169  15.611  15.618 0.2000000030
90995  31.796  15.992  16.037 0.1000000015
91014  32.308  15.704  15.473 0.1000000015
90994  32.716  15.982  16.225 0.2000000030
90973  37.001  15.911  17.043 0.2000000030
127473  43.307  17.974  19.757 0.3000000119
131000  42.000  17.706  19.187 0.3000000119
92358  41.408  17.351  18.943 0.3000000119
92995  42.422  18.415  19.395 0.2000000030
93571  41.148  19.122  18.790 0.2000000030
93574  41.478  19.712  18.541 0.2000000030
93573  42.330  19.812  18.782 0.2000000030
139004  51.930  2.058  14.157 0.1000000015
93570  41.905  19.154  19.013 0.2000000030
79101  54.021  1.442  16.275 0.1000000015
83985  53.583  7.454  10.884 0.2000000030
83962  53.527  6.816  12.282 0.2000000030
85716  53.194  9.202  10.994 0.2000000030
84030  49.252  6.154  5.796 0.2000000030
83136  47.802  5.145  4.797 0.2000000030
83147  47.897  5.204  4.021 0.2000000030
84869  52.171  9.150  10.583 0.2000000030
84007  50.610  7.544  8.662 0.2000000030
84049  48.909  5.966  4.279 0.2000000030
77229  55.512  -0.106  9.280 0.1000000015
78183  55.813  1.192  7.741 0.1000000015
78197  52.602  1.292  7.405 0.1000000015
79165  54.854  1.990  6.411 0.1000000015
78196  53.946  1.514  7.227 0.1000000015
76411  55.394  -1.309  6.339 0.1000000015
76412  53.775  -1.569  5.892 0.1000000015
138781  54.596  -1.786  6.167 0.1000000015
125904  55.539  1.868  5.936 0.1000000015
128293  41.326  -3.591  7.804 0.1000000015
74559  41.834  -3.691  8.907 0.1000000015
81110  50.653  3.234  9.572 0.1000000015
78205  54.913  1.927  5.373 0.1000000015
79181  54.634  2.357  5.276 0.1000000015
76413  51.805  -1.448  6.818 0.1000000015
74569  45.889  -3.099  9.137 0.1000000015
134227  44.557  -1.602  9.308 0.1000000015
125782  42.513  -3.783  9.689 0.1000000015
79182  54.159  2.533  5.021 0.1000000015
78220  52.637  1.055  4.901 0.1000000015
77274  50.758  -0.449  6.493 0.1000000015
75518  49.416  -2.156  8.419 0.1000000015
124867  47.844  -2.024  8.600 0.1000000015
76383  47.577  -1.136  8.524 0.1000000015
77262  48.426  -0.372  7.492 0.1000000015
76385  45.181  -1.021  9.198 0.1000000015
137241  50.575  1.437  5.520 0.1000000015
78222  50.065  1.026  5.774 0.1000000015
77277  47.859  0.261  6.964 0.1000000015
77248  46.378  -0.296  8.264 0.1000000015
76386  44.181  -0.837  9.049 0.1000000015
78212  45.671  0.381  6.573 0.1000000015
77279  45.039  0.302  6.886 0.1000000015
131949  44.170  0.084  7.428 0.1000000015
118264  45.727  0.478  5.882 0.1000000015
82111  52.033  4.514  9.890 0.1000000015
136574  53.203  2.631  4.415 0.1000000015
79184  51.117  1.907  5.153 0.1000000015
82157  52.983  4.959  5.120 0.1000000015
81167  53.128  4.350  4.661 0.1000000015
80121  48.604  2.804  4.239 0.1000000015
79197  44.888  0.681  4.364 0.1000000015
84016  53.119  7.270  7.220 0.2000000030
82170  52.822  5.188  4.806 0.1000000015
81180  52.802  4.412  4.261 0.1000000015
82181  52.633  5.064  4.451 0.1000000015
81183  49.548  3.863  3.810 0.2000000030
81197  47.039  3.824  3.285 0.2000000030
81042  54.113  3.295  13.267 0.1000000015
117851  53.744  6.222  11.162 0.2000000030
83996  53.492  6.888  9.431 0.2000000030
84005  53.625  7.830  8.922 0.2000000030
140304  52.883  7.258  5.167 0.1000000015
84045  51.968  7.082  4.076 0.2000000030
82197  49.082  5.026  3.254 0.2000000030
79118  52.462  1.641  14.806 0.1000000015
121417  53.367  9.498  8.735 0.2000000030
84906  53.491  8.893  5.768 0.2000000030
84037  52.035  8.006  4.339 0.2000000030
84909  51.073  8.257  5.846 0.2000000030
85769  51.581  9.044  6.491 0.2000000030
84923  51.402  7.889  4.202 0.2000000030
135345  51.465  7.528  3.944 0.2000000030
84047  50.792  7.355  3.826 0.2000000030
129290  50.173  7.013  3.967 0.2000000030
86588  52.693  9.729  9.168 0.2000000030
86597  53.018  10.066  8.033 0.2000000030
86605  53.170  10.047  7.045 0.2000000030
85768  52.490  9.579  5.835 0.2000000030
137498  31.077  10.349  12.807 0.1000000015
88022  31.563  11.775  12.108 0.1000000015
126085  31.793  10.996  12.152 0.1000000015
86556  30.428  9.468  13.402 0.1000000015
86583  34.590  9.934  10.578 0.1000000015
87344  35.358  10.582  10.196 0.2000000030
90210  30.261  14.830  14.197 0.2000000030
96448  32.381  23.484  33.544 0.1000000015
97234  32.958  24.068  33.834 0.1000000015
97244  33.356  24.672  33.657 0.1000000015
97245  32.656  24.253  33.168 0.1000000015
97996  33.049  24.941  32.822 0.1000000015
98005  33.552  25.510  32.449 0.1000000015
127781  33.316  25.596  31.692 0.1000000015
97995  33.873  25.323  33.354 0.1000000015
122490  33.557  25.897  31.074 0.1000000015
98004  34.512  25.882  32.959 0.1000000015
90228  30.560  14.446  13.397 0.1000000015
95700  45.190  24.162  26.562 0.1000000015
96532  45.744  24.808  25.313 0.1000000015
96533  45.273  24.739  24.643 0.1000000015
95745  43.930  23.346  24.294 0.1000000015
93020  26.911  17.785  16.404 0.1000000015
93021  25.995  17.857  16.048 0.1000000015
121348  27.709  18.002  16.453 0.1000000015
93028  25.714  18.429  15.482 0.1000000015
93034  24.628  18.598  14.468 0.1000000015
131100  30.194  16.977  16.891 0.1000000015
96508  44.184  24.324  27.283 0.1000000015
97303  45.372  25.018  26.644 0.1000000015
96520  45.711  24.705  26.011 0.1000000015
97332  45.856  25.693  25.062 0.1000000015
98077  45.231  26.627  25.131 0.1000000015
97333  45.284  25.770  24.330 0.1000000015
96545  44.215  24.436  23.780 0.1000000015
98088  45.178  26.680  24.082 0.1000000015
95746  43.232  23.305  23.235 0.1000000015
97344  44.427  25.406  23.436 0.1000000015
97345  43.334  24.702  22.448 0.1000000015
95758  42.763  22.566  22.600 0.1000000015
96546  43.481  24.205  23.043 0.1000000015
96559  42.847  23.415  22.445 0.1000000015
92359  40.682  17.726  18.818 0.1000000015
92380  28.374  17.759  16.602 0.1000000015
93019  27.418  18.512  16.108 0.1000000015
93035  23.898  18.336  13.943 0.1000000015
93040  23.392  18.455  13.095 0.1000000015
92996  41.413  18.325  19.022 0.1000000015
91745  30.484  16.407  16.556 0.1000000015
93018  28.239  18.497  16.329 0.1000000015
93604  26.324  19.120  15.045 0.1000000015
93039  24.002  19.037  13.289 0.1000000015
91735  31.753  16.916  17.081 0.1000000015
91736  30.927  16.912  16.996 0.1000000015
93016  30.106  18.310  16.905 0.1000000015
91742  33.131  16.302  16.937 0.1000000015
96521  44.659  25.199  27.122 0.1000000015
96522  43.513  24.991  26.861 0.1000000015
97321  44.334  26.109  26.716 0.1000000015
97320  45.161  25.791  26.583 0.1000000015
98066  45.657  26.115  25.467 0.1000000015
98078  44.490  26.756  26.045 0.1000000015
98845  44.548  27.339  24.599 0.1000000015
98100  44.479  27.260  23.123 0.1000000015
133696  44.513  26.306  23.220 0.1000000015
119768  43.647  25.930  22.169 0.1000000015
139316  42.587  24.451  21.328 0.1000000015
96573  42.613  23.566  21.734 0.1000000015
123624  42.381  23.140  20.957 0.1000000015
94951  42.883  21.720  21.459 0.1000000015
135337  43.363  22.297  20.312 0.1000000015
95782  44.343  22.232  20.295 0.1000000015
94279  28.007  20.139  14.907 0.1000000015
94285  27.305  20.214  14.237 0.1000000015
94292  26.660  20.146  13.677 0.1000000015
94293  26.033  20.007  13.178 0.1000000015
94278  28.749  20.319  15.343 0.1000000015
93610  27.171  19.665  14.926 0.1000000015
93611  26.545  19.760  14.345 0.1000000015
120064  25.474  19.634  13.589 0.1000000015
94277  29.513  20.479  15.733 0.1000000015
93596  29.428  19.806  16.173 0.1000000015
93602  28.349  19.734  15.634 0.1000000015
93612  25.796  19.417  14.298 0.1000000015
93620  24.728  19.392  13.377 0.1000000015
122814  39.963  17.904  18.652 0.1000000015
93586  32.023  19.043  17.190 0.1000000015
93595  30.691  19.480  16.682 0.1000000015
136479  30.527  18.853  16.908 0.1000000015
93017  29.169  18.300  16.637 0.1000000015
93026  27.183  19.088  15.552 0.1000000015
93624  24.284  19.566  12.653 0.1000000015
92371  33.032  17.580  17.416 0.1000000015
93009  32.522  18.341  17.388 0.1000000015
92372  32.138  17.558  17.331 0.1000000015
92373  31.305  17.563  17.233 0.1000000015
93011  30.866  18.286  17.170 0.1000000015
92362  40.121  17.166  18.604 0.1000000015
130351  35.158  17.065  17.435 0.1000000015
91733  33.658  16.864  17.324 0.1000000015
91734  32.643  16.912  17.198 0.1000000015
94942  38.563  21.968  22.082 0.1000000015
134881  38.089  21.469  22.430 0.1000000015
95759  39.207  22.421  22.572 0.1000000015
95771  38.362  22.340  21.365 0.1000000015
94960  37.211  21.951  20.944 0.1000000015
96523  42.353  24.248  26.050 0.1000000015
95727  41.399  23.308  25.239 0.1000000015
95747  40.145  22.834  23.857 0.1000000015
96549  39.837  23.046  23.056 0.1000000015
95770  38.915  22.698  21.788 0.1000000015
95785  37.523  22.629  20.573 0.1000000015
95786  36.683  22.526  20.400 0.1000000015
128218  35.789  22.390  20.500 0.1000000015
96534  43.095  25.804  26.051 0.1000000015
96535  41.783  24.411  25.058 0.1000000015
97339  40.741  24.473  23.507 0.1000000015
96548  40.473  23.676  23.598 0.1000000015
96561  39.488  23.270  22.235 0.1000000015
95784  38.183  22.792  20.833 0.1000000015
95798  36.058  22.865  20.050 0.1000000015
95799  35.317  22.894  20.024 0.1000000015
96600  33.859  23.520  19.443 0.1000000015
97334  42.158  25.629  24.939 0.1000000015
97347  40.728  25.120  23.154 0.1000000015
96560  40.155  24.040  22.802 0.1000000015
97360  39.051  24.365  21.137 0.1000000015
96575  38.568  23.487  20.880 0.1000000015
96584  37.156  23.757  20.002 0.1000000015
96597  36.542  23.856  19.707 0.1000000015
96599  34.840  23.450  19.456 0.1000000015
126728  33.534  24.154  18.981 0.1000000015
126160  43.871  27.144  25.569 0.1000000015
97346  41.427  26.301  23.783 0.1000000015
97348  40.193  24.884  22.432 0.1000000015
97369  38.567  24.944  20.661 0.1000000015
97370  37.769  24.539  20.215 0.1000000015
97378  35.289  24.213  19.147 0.1000000015
97379  34.372  24.170  18.994 0.1000000015
98134  33.239  25.458  18.336 0.1000000015
98864  43.366  28.639  24.268 0.1000000015
97359  39.768  25.353  21.848 0.1000000015
97368  39.141  25.365  21.168 0.1000000015
98121  38.104  25.491  20.370 0.1000000015
98125  36.415  25.363  19.473 0.1000000015
98126  35.615  25.156  19.160 0.1000000015
97392  33.882  25.047  18.685 0.1000000015
134404  44.329  28.174  23.083 0.1000000015
98108  43.907  27.260  22.059 0.1000000015
134866  35.226  25.757  18.985 0.1000000015
97367  42.256  24.801  20.488 0.1000000015
96595  43.499  23.226  19.157 0.1000000015
95797  42.845  22.863  20.017 0.1000000015
96594  44.668  23.266  19.158 0.1000000015
95796  43.895  22.648  19.683 0.1000000015
94257  39.804  20.905  16.481 0.1000000015
94258  39.016  20.735  16.736 0.1000000015
94986  38.386  21.157  16.120 0.1000000015
131089  40.972  20.124  17.981 0.1000000015
123735  40.544  20.430  17.410 0.1000000015
94252  39.272  20.293  17.321 0.1000000015
94259  38.014  20.714  16.793 0.1000000015
94987  37.461  21.038  16.173 0.1000000015
95040  29.117  21.192  13.966 0.1000000015
139815  28.877  20.960  14.490 0.1000000015
94290  28.217  20.758  14.014 0.1000000015
94291  27.380  20.455  13.441 0.1000000015
94299  26.704  20.342  12.919 0.1000000015
116360  26.044  20.297  12.378 0.1000000015
94305  25.405  20.328  11.761 0.1000000015
94306  24.577  20.017  11.919 0.1000000015
94246  39.987  20.056  17.771 0.1000000015
121868  38.508  20.277  17.292 0.1000000015
94253  37.633  20.183  17.254 0.1000000015
118735  36.032  21.429  15.122 0.1000000015
94270  35.969  20.938  15.600 0.1000000015
95003  34.570  21.410  15.058 0.1000000015
95004  33.516  21.414  15.217 0.1000000015
95005  32.598  21.465  15.368 0.1000000015
116907  32.064  21.861  14.800 0.1000000015
95006  31.742  21.435  15.473 0.1000000015
95024  30.659  21.630  14.596 0.1000000015
123488  29.865  21.461  14.229 0.1000000015
132488  29.373  21.182  14.590 0.1000000015
94284  28.585  20.639  14.776 0.1000000015
93575  40.612  19.537  18.381 0.1000000015
93576  39.715  19.296  18.225 0.1000000015
93579  39.075  19.780  17.687 0.1000000015
93580  38.162  19.507  17.556 0.1000000015
94260  37.177  20.524  16.740 0.1000000015
94988  36.611  20.753  16.141 0.1000000015
94261  35.789  20.336  16.222 0.1000000015
94262  34.793  20.194  16.185 0.1000000015
94272  34.081  20.681  15.694 0.1000000015
135360  33.474  20.343  16.121 0.1000000015
94274  32.224  20.956  15.947 0.1000000015
94265  31.869  20.313  16.371 0.1000000015
94275  31.347  20.946  16.031 0.1000000015
94276  30.448  20.799  15.930 0.1000000015
94283  29.135  20.886  15.063 0.1000000015
116870  24.845  20.371  11.125 0.1000000015
92997  40.409  18.650  18.686 0.1000000015
92999  39.464  18.454  18.370 0.1000000015
130230  38.238  18.730  17.693 0.1000000015
130132  37.625  18.776  17.500 0.1000000015
93581  37.296  19.490  17.359 0.1000000015
93589  36.125  19.830  16.848 0.1000000015
93590  35.311  19.730  16.700 0.1000000015
93592  33.408  19.750  16.644 0.1000000015
93593  32.410  19.686  16.735 0.1000000015
93594  31.518  19.617  16.758 0.1000000015
94266  30.988  20.242  16.395 0.1000000015
94267  30.136  20.022  16.282 0.1000000015
94307  24.119  20.040  11.173 0.1000000015
92364  38.428  17.523  17.827 0.2000000030
93003  37.963  18.134  17.635 0.1000000015
139820  37.006  18.813  17.328 0.1000000015
93005  36.328  18.463  17.283 0.1000000015
93582  35.767  19.188  17.102 0.1000000015
93006  35.345  18.491  17.285 0.1000000015
93007  34.392  18.480  17.359 0.1000000015
93584  33.902  19.138  17.176 0.1000000015
93585  32.944  19.106  17.190 0.1000000015
130582  38.208  16.965  17.630 0.2000000030
92368  37.178  17.322  17.420 0.1000000015
92369  36.549  17.564  17.358 0.1000000015
129533  35.734  17.734  17.357 0.1000000015
139899  34.417  17.163  17.453 0.1000000015
93008  33.447  18.416  17.404 0.1000000015
91731  35.394  16.351  17.286 0.1000000015
94892  41.017  22.463  25.599 0.1000000015
123897  38.709  21.611  23.052 0.1000000015
94961  36.303  21.863  21.027 0.1000000015
95728  40.481  22.506  24.687 0.1000000015
95729  39.813  22.163  24.111 0.1000000015
95748  39.503  22.243  23.419 0.1000000015
94953  36.850  21.485  21.688 0.1000000015
132105  34.981  22.470  20.615 0.1000000015
95800  34.305  22.894  20.107 0.1000000015
96601  32.811  23.692  19.427 0.1000000015
97393  32.842  24.588  18.744 0.1000000015
97395  31.385  24.882  18.504 0.1000000015
98101  42.410  27.751  24.528 0.1000000015
98102  41.431  27.212  23.680 0.1000000015
98136  31.471  25.409  17.987 0.1000000015
99633  43.893  29.003  23.498 0.1000000015
98865  42.111  28.576  24.085 0.1000000015
98870  40.959  27.680  23.200 0.1000000015
98119  39.562  26.415  21.635 0.1000000015
98120  38.818  26.082  20.846 0.1000000015
130433  37.309  25.644  19.918 0.1000000015
98889  36.635  26.317  19.473 0.1000000015
98133  34.600  25.778  18.698 0.1000000015
122802  33.938  25.805  18.466 0.1000000015
98142  32.822  25.777  17.901 0.1000000015
99641  43.064  30.014  23.127 0.1000000015
99635  41.916  29.330  23.436 0.1000000015
98871  40.383  28.329  22.429 0.1000000015
98883  38.820  27.208  20.750 0.1000000015
98884  38.037  26.429  20.353 0.1000000015
98896  35.305  26.338  18.691 0.1000000015
128035  42.892  25.740  21.217 0.1000000015
134400  40.507  29.603  21.300 0.1000000015
99654  39.724  28.422  21.266 0.1000000015
99656  38.094  27.407  20.212 0.1000000015
98888  37.367  26.794  19.856 0.1000000015
98895  36.143  26.723  18.969 0.1000000015
98903  34.263  26.575  17.586 0.1000000015
98898  33.592  26.125  17.972 0.1000000015
125088  42.175  24.235  19.780 0.1000000015
96609  44.231  23.697  18.469 0.1000000015
116000  40.231  21.216  15.934 0.1000000015
94998  39.692  21.446  15.348 0.1000000015
94999  38.761  21.508  15.280 0.1000000015
95000  37.777  21.453  15.495 0.1000000015
124912  37.271  21.702  14.954 0.1000000015
95825  35.024  22.433  13.880 0.1000000015
95826  34.092  22.402  13.975 0.1000000015
95837  33.551  22.658  13.395 0.1000000015
95057  28.792  21.029  13.017 0.1000000015
127996  27.988  20.702  13.055 0.1000000015
94298  27.403  20.539  12.614 0.1000000015
119478  26.804  20.452  12.107 0.1000000015
95019  36.512  21.860  14.671 0.1000000015
95824  35.990  22.328  14.037 0.1000000015
95021  34.590  22.048  14.470 0.1000000015
95827  33.252  22.385  14.072 0.1000000015
95828  32.389  22.271  14.087 0.1000000015
95037  31.419  22.036  14.078 0.1000000015
95856  32.482  22.665  12.658 0.1000000015
95839  31.970  22.394  13.294 0.1000000015
95840  31.114  22.142  13.077 0.1000000015
95038  30.503  21.782  13.686 0.1000000015
95055  30.297  21.769  12.772 0.1000000015
130425  25.037  20.648  10.478 0.1000000015
94314  24.393  20.486  10.480 0.1000000015
134145  36.181  16.185  17.197 0.1000000015
129534  35.977  16.928  17.342 0.1000000015
95787  35.363  22.019  21.203 0.1000000015
95773  34.576  22.310  21.577 0.1000000015
95788  34.299  22.480  20.863 0.1000000015
96586  33.264  23.096  20.057 0.1000000015
97381  31.336  24.267  19.163 0.1000000015
98137  30.557  25.342  18.268 0.1000000015
98145  30.047  26.077  17.832 0.1000000015
99640  43.770  29.783  22.918 0.1000000015
98144  31.045  25.984  17.514 0.1000000015
98869  44.113  28.794  22.587 0.1000000015
99653  41.154  29.826  22.074 0.1000000015
100447  41.955  30.613  21.678 0.1000000015
98904  32.846  26.232  17.257 0.1000000015
98143  32.070  25.800  17.635 0.1000000015
98880  43.422  27.943  21.507 0.1000000015
98118  42.637  26.792  20.678 0.1000000015
100449  39.531  28.856  20.478 0.1000000015
99662  37.633  27.582  19.586 0.1000000015
99663  36.897  27.105  19.249 0.1000000015
99670  35.789  27.036  18.249 0.1000000015
98912  33.332  26.738  16.634 0.1000000015
98881  42.676  27.562  20.661 0.1000000015
98124  41.888  26.374  19.979 0.1000000015
100459  39.857  29.498  20.086 0.1000000015
100460  38.938  28.830  19.623 0.1000000015
97375  41.863  25.068  19.699 0.1000000015
97388  45.083  24.237  17.950 0.1000000015
96610  43.105  23.755  18.540 0.1000000015
96607  46.578  23.986  18.797 0.1000000015
132047  41.732  21.286  16.082 0.1000000015
117578  40.805  21.377  15.559 0.1000000015
95017  38.791  21.839  14.398 0.1000000015
95018  37.984  21.788  14.748 0.1000000015
95835  35.697  22.709  13.338 0.1000000015
95836  34.337  22.735  13.304 0.1000000015
95822  38.060  22.105  13.974 0.1000000015
95833  37.326  22.448  13.558 0.1000000015
128458  35.010  22.801  13.169 0.1000000015
131340  33.762  22.976  12.713 0.1000000015
95855  33.115  22.808  12.861 0.1000000015
95838  32.782  22.567  13.403 0.1000000015
95070  29.362  20.940  11.485 0.1000000015
95852  36.201  22.968  12.764 0.1000000015
95853  35.404  23.062  12.633 0.1000000015
96636  33.993  23.284  11.932 0.1000000015
96649  33.432  23.288  11.208 0.1000000015
95872  32.252  22.687  11.821 0.1000000015
95858  30.866  22.067  12.146 0.1000000015
95069  30.087  21.528  11.826 0.1000000015
94944  36.541  21.260  22.534 0.1000000015
94945  35.799  21.526  22.753 0.1000000015
94954  35.982  21.555  21.857 0.1000000015
95772  35.192  21.850  22.131 0.1000000015
95749  34.745  23.015  23.320 0.1000000015
95761  34.608  22.472  22.500 0.1000000015
95774  33.676  22.706  21.470 0.1000000015
95789  33.509  22.707  20.675 0.1000000015
95790  32.790  22.873  20.604 0.1000000015
96588  31.445  23.378  20.486 0.1000000015
97382  30.522  24.420  19.440 0.1000000015
97396  30.692  24.720  18.839 0.1000000015
136295  29.818  25.654  18.445 0.1000000015
98916  29.932  27.324  16.876 0.1000000015
98906  30.366  26.633  17.197 0.1000000015
100479  29.602  28.519  16.844 0.1000000015
99651  43.924  29.433  22.192 0.1000000015
133965  43.638  30.358  22.216 0.1000000015
100446  43.297  30.619  21.644 0.1000000015
98905  31.873  26.317  17.019 0.1000000015
99686  30.381  27.797  16.158 0.1000000015
99696  29.947  28.501  16.173 0.1000000015
99652  43.432  29.019  21.386 0.1000000015
99659  43.477  29.845  21.096 0.1000000015
101183  42.959  30.904  21.215 0.1000000015
101184  41.871  30.956  21.177 0.1000000015
99668  37.296  27.752  18.810 0.1000000015
99669  36.563  27.351  18.511 0.1000000015
99675  35.550  27.265  17.361 0.1000000015
98911  34.080  26.823  16.781 0.1000000015
99683  33.047  27.146  15.988 0.1000000015
99684  32.196  27.274  15.926 0.1000000015
130773  30.513  28.473  15.593 0.1000000015
100507  30.596  29.076  15.159 0.1000000015
101199  40.897  30.558  20.297 0.1000000015
100468  39.599  29.561  19.340 0.1000000015
100469  38.598  28.899  18.741 0.1000000015
99674  37.043  27.902  17.944 0.1000000015
99681  35.315  27.442  16.471 0.1000000015
124967  34.210  27.521  15.555 0.1000000015
99693  32.803  27.704  15.273 0.1000000015
99694  31.780  27.825  15.348 0.1000000015
100496  31.245  28.531  14.992 0.1000000015
98894  41.286  26.481  19.041 0.1000000015
97389  43.795  24.235  17.735 0.1000000015
97390  42.596  24.287  18.075 0.1000000015
97401  44.829  24.643  17.249 0.1000000015
96613  47.250  24.048  18.236 0.1000000015
97386  46.609  24.353  18.099 0.1000000015
94996  41.451  21.414  15.523 0.1000000015
116807  40.945  21.551  14.906 0.1000000015
95016  40.111  21.618  14.752 0.1000000015
95035  40.601  21.740  14.139 0.1000000015
95036  39.682  21.869  14.021 0.1000000015
95832  38.852  22.145  13.568 0.1000000015
118860  38.127  22.451  13.229 0.1000000015
116440  36.963  22.819  12.870 0.1000000015
130095  38.122  22.743  12.522 0.1000000015
95851  37.447  22.979  12.318 0.1000000015
96633  36.705  23.170  12.175 0.1000000015
96647  35.617  23.592  11.261 0.1000000015
136949  34.979  23.655  11.038 0.1000000015
96663  33.778  23.381  10.208 0.1000000015
96664  32.879  22.985  10.490 0.1000000015
96646  36.429  23.501  11.408 0.1000000015
96661  35.361  23.750  10.631 0.1000000015
96662  34.713  23.683  10.374 0.1000000015
96673  33.697  23.070  9.252 0.1000000015
96552  33.826  23.974  23.055 0.1000000015
96563  33.504  23.294  22.331 0.1000000015
96564  32.685  23.609  22.228 0.1000000015
96578  31.542  23.398  21.240 0.1000000015
97342  33.413  24.633  23.253 0.1000000015
96565  31.820  23.812  21.992 0.1000000015
97351  30.974  24.026  21.525 0.1000000015
96589  30.803  23.825  20.471 0.1000000015
98138  29.952  24.986  18.965 0.1000000015
98899  29.492  25.740  18.996 0.1000000015
123971  29.530  26.323  18.333 0.1000000015
101913  30.110  29.821  16.691 0.1000000015
101240  30.236  29.859  16.055 0.1000000015
99660  42.879  29.198  20.313 0.1000000015
100466  43.392  30.310  20.022 0.1000000015
101197  43.505  31.059  20.609 0.1000000015
101925  31.263  30.895  15.787 0.1000000015
137171  41.364  27.280  19.162 0.1000000015
99667  41.661  28.102  19.277 0.1000000015
100458  42.782  29.421  19.997 0.1000000015
101212  41.729  31.440  20.004 0.1000000015
101227  39.970  30.294  18.002 0.1000000015
100476  38.301  28.969  17.783 0.1000000015
100478  36.816  28.048  17.076 0.1000000015
99692  35.023  27.638  15.632 0.1000000015
99699  33.704  27.822  14.998 0.1000000015
99700  33.111  28.304  14.554 0.1000000015
100495  32.191  28.347  14.702 0.1000000015
101934  30.828  29.740  14.990 0.1000000015
101926  30.673  30.187  15.560 0.1000000015
98141  41.432  25.427  17.423 0.1000000015
101213  40.381  30.398  19.134 0.1000000015
100492  36.392  28.325  15.423 0.1000000015
99691  35.844  27.856  15.891 0.1000000015
132514  34.443  28.410  14.382 0.1000000015
100505  32.601  28.912  14.119 0.1000000015
100506  31.794  29.042  14.397 0.1000000015
102577  31.918  31.028  15.106 0.1000000015
97402  43.825  24.690  16.945 0.1000000015
97403  42.929  24.581  17.300 0.1000000015
97408  46.704  24.725  16.617 0.1000000015
95811  48.014  23.138  16.893 0.1000000015
116521  41.863  21.561  14.860 0.1000000015
95054  39.687  22.162  13.004 0.1000000015
95849  39.357  22.497  12.312 0.1000000015
116772  38.733  22.748  12.051 0.1000000015
117015  40.244  23.025  9.686 0.1000000015
96644  37.922  23.443  11.004 0.1000000015
96645  37.260  23.318  11.580 0.1000000015
95891  40.126  23.114  8.861 0.1000000015
116794  36.446  24.020  9.897 0.1000000015
96682  35.241  23.825  8.823 0.1000000015
134041  40.708  22.841  8.445 0.1000000015
98094  32.813  25.241  23.532 0.1000000015
98103  31.735  25.164  23.131 0.1000000015
122268  31.284  24.593  22.345 0.1000000015
97352  30.289  24.936  21.698 0.1000000015
97362  29.791  24.928  20.956 0.1000000015
98128  29.589  25.203  19.679 0.1000000015
99671  29.362  27.152  18.229 0.1000000015
98885  29.250  26.212  20.645 0.1000000015
122658  29.312  26.542  19.016 0.1000000015
100471  29.324  27.934  18.136 0.1000000015
130608  29.493  28.411  17.507 0.1000000015
101900  30.147  29.796  17.351 0.1000000015
101911  31.124  30.963  16.744 0.1000000015
98147  42.624  25.097  16.201 0.1000000015
98148  41.593  25.509  16.444 0.1000000015
98909  40.845  26.100  17.160 0.1000000015
101211  43.754  30.959  19.667 0.1000000015
140408  31.947  31.401  15.739 0.1000000015
102564  31.788  31.430  16.430 0.1000000015
99673  40.945  27.642  18.006 0.1000000015
100467  42.021  28.933  19.013 0.1000000015
101226  41.119  31.207  18.821 0.1000000015
125168  39.732  30.336  17.090 0.1000000015
100483  38.096  28.929  16.832 0.1000000015
100490  37.910  28.936  15.990 0.1000000015
97411  43.701  24.920  16.175 0.1000000015
97412  43.074  24.829  16.672 0.1000000015
100484  37.355  28.494  16.529 0.1000000015
100501  36.933  28.777  14.937 0.1000000015
100493  35.539  28.167  15.005 0.1000000015
100510  34.316  28.861  13.919 0.1000000015
101255  33.032  29.392  13.826 0.1000000015
101932  32.065  30.482  14.458 0.1000000015
120185  45.506  24.859  16.672 0.1000000015
96616  48.049  23.705  16.493 0.1000000015
116522  42.625  21.582  14.869 0.1000000015
95015  41.450  21.684  14.159 0.1000000015
130799  41.087  21.848  13.483 0.1000000015
95053  40.680  22.079  12.830 0.1000000015
95868  40.768  22.512  11.553 0.1000000015
116783  40.166  22.704  11.252 0.1000000015
95890  40.858  22.766  9.154 0.1000000015
132006  40.255  22.886  10.475 0.1000000015
118165  41.449  22.591  8.560 0.1000000015
116974  41.061  22.696  10.012 0.1000000015
98848  32.248  26.437  24.510 0.1000000015
123422  32.010  25.621  23.666 0.1000000015
98095  31.192  25.886  23.388 0.1000000015
98104  30.749  25.484  22.635 0.1000000015
98110  29.559  25.614  21.275 0.1000000015
98872  29.468  26.496  21.574 0.1000000015
122595  29.310  27.430  19.041 0.1000000015
101216  29.640  28.749  18.145 0.1000000015
101888  30.595  30.103  18.028 0.1000000015
131195  30.534  30.387  17.114 0.1000000015
102557  31.817  31.344  17.264 0.1000000015
102563  32.367  31.856  16.945 0.1000000015
98919  40.881  26.267  16.294 0.1000000015
99679  40.731  27.739  16.941 0.1000000015
102576  32.371  31.883  16.129 0.1000000015
100475  41.477  28.611  17.807 0.1000000015
101225  43.459  30.610  18.453 0.1000000015
101238  39.234  30.001  16.155 0.1000000015
117928  38.509  29.363  16.317 0.1000000015
121505  32.436  31.700  15.310 0.1000000015
139946  43.783  30.948  18.056 0.1000000015
102555  43.303  31.674  18.104 0.1000000015
101910  40.262  30.849  16.591 0.1000000015
101254  36.549  28.937  14.212 0.1000000015
100502  35.737  28.676  14.251 0.1000000015
101264  34.609  29.643  13.387 0.1000000015
101266  33.114  29.957  13.714 0.1000000015
102588  32.571  31.276  14.513 0.1000000015
103130  33.378  33.124  15.158 0.1000000015
103131  32.813  32.408  15.691 0.1000000015
97416  46.950  24.662  15.607 0.1000000015
101923  39.862  30.723  15.572 0.1000000015
101924  39.024  30.069  15.073 0.1000000015
137555  37.809  29.886  13.661 0.1000000015
101262  36.009  29.244  13.592 0.1000000015
134612  34.289  30.749  13.189 0.1000000015
102587  33.290  31.674  13.918 0.1000000015
103142  32.981  32.141  14.753 0.1000000015
95815  48.351  22.985  16.078 0.1000000015
101272  36.278  29.912  12.992 0.1000000015
101273  35.423  29.768  13.131 0.1000000015
95014  43.337  21.693  14.479 0.1000000015
95033  42.467  21.994  13.145 0.1000000015
95034  41.810  21.827  13.523 0.1000000015
95847  41.134  22.320  12.132 0.1000000015
95880  40.904  22.621  10.883 0.1000000015
95902  41.752  22.473  7.880 0.1000000015
95134  41.960  22.093  5.748 0.1000000015
95917  41.636  22.491  7.124 0.1000000015
95901  42.311  22.372  8.440 0.1000000015
99619  30.761  27.681  24.447 0.1000000015
98849  31.231  26.932  24.444 0.1000000015
98859  31.655  26.175  24.000 0.1000000015
138494  30.378  26.849  23.476 0.1000000015
98866  29.766  26.787  22.454 0.1000000015
98096  30.325  26.404  23.032 0.1000000015
99643  29.587  27.280  21.891 0.1000000015
99657  29.360  27.176  20.846 0.1000000015
130498  29.467  28.190  18.776 0.1000000015
100435  29.734  27.949  21.377 0.1000000015
100451  29.649  28.034  20.453 0.1000000015
101202  29.867  28.775  19.115 0.1000000015
101215  30.236  29.426  18.631 0.1000000015
102552  32.050  31.104  18.107 0.1000000015
100450  30.174  28.639  20.892 0.1000000015
101187  30.064  28.715  20.007 0.1000000015
103119  33.453  32.929  17.128 0.1000000015
98151  42.993  25.087  15.489 0.1000000015
98152  42.041  25.400  15.571 0.1000000015
98153  41.366  25.844  15.722 0.1000000015
99690  40.746  27.852  16.140 0.1000000015
103124  32.839  32.415  16.601 0.1000000015
97419  43.966  24.942  15.402 0.1000000015
98156  42.385  25.328  14.678 0.1000000015
128339  40.939  26.477  15.459 0.1000000015
100482  41.236  28.472  16.718 0.1000000015
101237  43.112  30.315  17.210 0.1000000015
104433  34.157  34.749  16.819 0.1000000015
138880  45.416  24.857  15.563 0.1000000015
97417  45.947  24.741  15.120 0.1000000015
98922  41.051  26.646  14.581 0.1000000015
98923  40.779  27.508  15.293 0.1000000015
100488  41.905  29.232  16.408 0.1000000015
101236  43.739  31.028  17.362 0.1000000015
102561  42.948  32.054  17.122 0.1000000015
101909  41.623  31.738  17.159 0.1000000015
104441  34.969  36.249  16.638 0.1000000015
97409  45.918  24.869  15.939 0.1000000015
97415  48.020  24.133  15.115 0.1000000015
119336  41.727  29.020  15.389 0.1000000015
101921  43.703  31.140  16.581 0.1000000015
102573  43.409  31.622  16.456 0.1000000015
101922  40.926  31.482  16.048 0.1000000015
101931  38.749  30.257  14.160 0.1000000015
101271  37.052  30.066  13.059 0.1000000015
102596  33.979  31.396  13.408 0.1000000015
103141  33.719  32.804  14.255 0.1000000015
103786  34.455  34.072  14.656 0.1000000015
103773  33.935  34.250  15.611 0.1000000015
96621  48.511  23.352  14.957 0.1000000015
102575  41.689  31.988  15.593 0.1000000015
101929  40.505  31.423  15.115 0.1000000015
101939  38.457  30.660  13.411 0.1000000015
101945  37.667  30.604  12.884 0.1000000015
130000  35.743  30.528  12.661 0.1000000015
102595  34.828  31.430  12.893 0.1000000015
103149  34.137  32.428  13.639 0.1000000015
95816  48.018  22.486  15.590 0.1000000015
95011  47.562  21.957  14.240 0.1000000015
95013  44.300  21.842  14.182 0.1000000015
95032  43.454  21.948  13.466 0.1000000015
129965  42.403  22.188  12.472 0.1000000015
95052  41.653  22.067  12.801 0.1000000015
95068  41.978  22.270  11.993 0.1000000015
95867  41.467  22.439  11.401 0.1000000015
95866  42.307  22.377  11.245 0.1000000015
137375  41.938  22.506  8.929 0.1000000015
118999  41.876  22.582  9.931 0.1000000015
95138  43.302  21.368  5.556 0.1000000015
95133  42.714  21.743  6.092 0.1000000015
94354  42.985  20.894  4.014 0.1000000015
95139  42.516  21.625  5.239 0.1000000015
100405  31.385  28.101  25.784 0.1000000015
99618  31.250  27.593  25.123 0.1000000015
98861  30.097  27.172  23.211 0.1000000015
100412  30.680  28.365  24.237 0.1000000015
99627  30.392  27.769  23.724 0.1000000015
100429  29.877  27.935  22.251 0.1000000015
100420  30.435  28.432  23.442 0.1000000015
99636  30.095  27.853  23.013 0.1000000015
100434  30.193  28.601  21.782 0.1000000015
101887  31.467  30.552  18.534 0.1000000015
101878  30.939  29.980  19.029 0.1000000015
101886  32.323  30.869  18.931 0.1000000015
103114  33.147  31.831  18.064 0.1000000015
103120  32.997  32.144  17.417 0.1000000015
103113  33.634  32.315  17.943 0.1000000015
97428  45.334  24.550  13.460 0.1000000015
97429  44.169  24.759  13.812 0.1000000015
98160  42.372  25.399  13.643 0.1000000015
98161  41.608  25.914  14.074 0.1000000015
136218  36.760  38.364  16.874 0.1000000015
97427  46.700  24.391  13.559 0.1000000015
97422  46.225  24.594  14.271 0.1000000015
98925  41.287  26.844  13.666 0.1000000015
100500  41.121  28.265  14.976 0.1000000015
104442  34.528  35.354  16.101 0.1000000015
97426  47.789  24.097  13.783 0.1000000015
127344  48.378  23.510  14.257 0.1000000015
101245  43.376  30.643  15.847 0.1000000015
102574  42.787  32.045  16.072 0.1000000015
104452  35.689  35.785  15.019 0.1000000015
104451  36.308  37.017  15.443 0.1000000015
126198  43.750  31.359  14.901 0.1000000015
102585  41.287  32.109  14.780 0.1000000015
102586  40.170  31.521  14.288 0.1000000015
102601  37.656  31.539  12.320 0.1000000015
102604  35.680  31.977  12.529 0.1000000015
103148  35.139  33.159  13.430 0.1000000015
103140  34.782  33.625  13.933 0.1000000015
130400  46.493  21.921  13.901 0.1000000015
95050  44.078  22.121  12.589 0.1000000015
95051  43.124  22.177  12.559 0.1000000015
95067  42.777  22.292  11.872 0.1000000015
121236  42.597  22.445  10.347 0.1000000015
95888  42.386  22.457  9.362 0.1000000015
94339  44.867  20.610  5.173 0.1000000015
95132  43.538  21.537  6.425 0.1000000015
95120  42.916  21.890  6.957 0.1000000015
95102  43.175  22.068  7.905 0.1000000015
101147  31.261  28.697  25.605 0.1000000015
100411  30.958  28.230  25.041 0.1000000015
101169  30.666  29.214  22.172 0.1000000015
101176  30.733  29.228  21.280 0.1000000015
101186  30.676  29.285  20.415 0.1000000015
101200  31.224  29.853  19.921 0.1000000015
102551  32.822  31.393  18.476 0.1000000015
103758  34.743  33.582  17.874 0.1000000015
104432  34.585  34.739  17.428 0.1000000015
131034  36.086  37.389  17.669 0.1000000015
106064  36.542  38.727  17.022 0.1000000015
98159  43.214  24.992  14.158 0.1000000015
134075  43.184  24.987  13.223 0.1000000015
105012  35.587  36.660  17.533 0.1000000015
106065  35.924  38.836  16.950 0.1000000015
98928  41.817  26.121  13.128 0.1000000015
99702  41.361  27.935  13.475 0.1000000015
105013  36.112  37.497  16.526 0.1000000015
130423  36.666  38.068  16.661 0.1000000015
105552  36.565  38.595  16.429 0.1000000015
97433  47.536  23.864  12.845 0.1000000015
96625  48.559  23.356  13.316 0.1000000015
98929  41.659  27.205  12.696 0.1000000015
101252  42.531  29.769  15.060 0.1000000015
105018  36.730  37.886  15.597 0.1000000015
105560  36.632  38.477  15.815 0.1000000015
95028  48.730  21.806  12.623 0.1000000015
95048  46.283  21.905  12.641 0.1000000015
100509  41.820  28.804  13.329 0.1000000015
101260  42.523  29.604  14.029 0.1000000015
117630  43.171  32.088  14.702 0.1000000015
103145  41.418  32.902  13.501 0.1000000015
102593  39.845  31.799  13.532 0.1000000015
102600  38.583  31.885  12.470 0.1000000015
102609  37.468  32.536  12.026 0.1000000015
103160  36.411  33.451  12.688 0.1000000015
103799  36.046  34.609  13.589 0.1000000015
103785  35.867  35.189  14.126 0.1000000015
105027  36.913  38.034  15.015 0.1000000015
105561  35.156  38.395  16.205 0.1000000015
105553  35.806  38.643  16.481 0.1000000015
95029  47.386  21.824  13.245 0.1000000015
102590  43.663  31.630  14.127 0.1000000015
136653  42.140  32.815  13.486 0.1000000015
103157  39.937  33.265  12.510 0.1000000015
102608  38.158  32.584  12.005 0.1000000015
102603  36.438  32.421  12.323 0.1000000015
103147  36.248  34.066  13.170 0.1000000015
104476  37.025  36.198  13.515 0.1000000015
104464  36.923  36.810  14.120 0.1000000015
123087  36.796  37.369  14.724 0.1000000015
123406  44.677  22.142  11.838 0.1000000015
95066  43.648  22.242  11.824 0.1000000015
132540  44.187  22.197  10.978 0.1000000015
95865  43.166  22.321  11.132 0.1000000015
95887  43.256  22.350  9.708 0.1000000015
95900  43.128  22.252  8.852 0.1000000015
126726  45.973  20.244  5.266 0.1000000015
95137  44.196  21.155  5.839 0.1000000015
101139  31.498  28.989  26.313 0.1000000015
100398  31.663  28.355  26.512 0.1000000015
101154  30.782  29.033  23.839 0.1000000015
101161  30.675  29.099  23.027 0.1000000015
101175  31.364  29.768  21.653 0.1000000015
101185  31.382  29.761  20.771 0.1000000015
101868  31.990  30.238  20.252 0.1000000015
101876  32.574  30.671  19.742 0.1000000015
102545  33.114  31.170  19.254 0.1000000015
102550  33.657  31.763  18.701 0.1000000015
103751  35.480  33.506  18.467 0.1000000015
104423  35.318  34.141  18.089 0.1000000015
105551  36.451  38.228  17.783 0.1000000015
97434  46.110  24.298  12.709 0.1000000015
106058  36.704  38.906  18.183 0.1000000015
97436  44.092  24.722  12.830 0.1000000015
106490  33.848  39.491  18.575 0.1000000015
106496  34.770  39.175  17.733 0.1000000015
98933  42.065  26.352  12.193 0.1000000015
106497  33.438  38.948  17.902 0.1000000015
122109  49.126  22.690  12.828 0.1000000015
98940  42.381  26.644  11.368 0.1000000015
132362  42.058  27.189  11.863 0.1000000015
101270  42.660  29.357  13.158 0.1000000015
101937  44.026  30.841  14.146 0.1000000015
105571  35.950  38.467  15.387 0.1000000015
106071  34.107  38.403  17.095 0.1000000015
130329  34.752  38.702  17.197 0.1000000015
95047  47.456  21.720  12.168 0.1000000015
99709  42.634  27.618  11.344 0.1000000015
100514  42.799  28.943  12.427 0.1000000015
101269  43.751  29.727  12.967 0.1000000015
101936  44.075  31.081  13.497 0.1000000015
120554  43.212  31.866  13.002 0.1000000015
103155  41.765  33.479  12.952 0.1000000015
103809  40.320  34.288  12.425 0.1000000015
103170  39.432  34.067  11.970 0.1000000015
137761  37.872  33.128  11.909 0.1000000015
103173  36.987  33.635  12.358 0.1000000015
104463  37.087  37.099  13.464 0.1000000015
95065  45.408  22.016  11.156 0.1000000015
120569  42.579  32.761  11.817 0.1000000015
135354  42.082  34.118  12.441 0.1000000015
122862  41.730  34.609  12.673 0.1000000015
103818  39.986  35.353  12.136 0.1000000015
103171  38.363  33.945  11.815 0.1000000015
103821  37.425  34.950  12.364 0.1000000015
104491  37.265  36.240  12.866 0.1000000015
105040  36.902  37.643  14.190 0.1000000015
105028  34.843  37.770  15.001 0.1000000015
105572  34.074  37.610  16.023 0.1000000015
95099  45.889  21.801  8.950 0.1000000015
95076  45.053  22.075  10.349 0.1000000015
134092  38.222  35.292  11.759 0.1000000015
104506  37.505  35.673  11.927 0.1000000015
103810  37.188  35.667  12.382 0.1000000015
120991  46.506  21.564  8.091 0.1000000015
95100  44.609  21.977  8.647 0.1000000015
95886  44.109  22.230  10.050 0.1000000015
95878  43.466  22.330  10.462 0.1000000015
95129  46.635  20.901  6.819 0.1000000015
95118  44.154  21.843  7.847 0.1000000015
95086  43.938  22.195  9.210 0.1000000015
94333  46.234  20.576  6.102 0.1000000015
95131  44.651  21.454  6.893 0.1000000015
95101  43.779  22.084  8.486 0.1000000015
100383  31.918  28.365  27.180 0.1000000015
101153  31.028  29.028  24.758 0.1000000015
135576  31.095  29.542  23.346 0.1000000015
101168  31.239  29.706  22.583 0.1000000015
101861  32.090  30.195  21.102 0.1000000015
101867  32.749  30.541  20.548 0.1000000015
101875  33.335  30.945  20.050 0.1000000015
102544  33.904  31.415  19.566 0.1000000015
103111  35.247  32.739  18.917 0.1000000015
101866  33.506  30.822  20.832 0.1000000015
102540  34.082  31.223  20.369 0.1000000015
102549  34.505  32.004  19.183 0.1000000015
105543  36.999  38.010  18.829 0.1000000015
106935  35.595  40.186  19.173 0.1000000015
120265  45.621  24.281  11.940 0.1000000015
106482  32.639  38.832  19.131 0.1000000015
106491  32.865  39.026  18.667 0.1000000015
106936  34.428  39.949  19.221 0.1000000015
97443  43.974  24.739  11.842 0.1000000015
98170  42.573  25.784  11.685 0.1000000015
106066  32.644  38.356  17.771 0.1000000015
97441  47.867  23.452  11.969 0.1000000015
96631  49.266  22.367  12.190 0.1000000015
98178  42.868  26.143  10.856 0.1000000015
105554  31.776  37.857  17.782 0.1000000015
134590  48.789  22.796  11.612 0.1000000015
95063  48.178  21.652  11.402 0.1000000015
139522  42.818  26.927  10.790 0.1000000015
99708  43.606  28.389  11.377 0.1000000015
100513  43.912  29.232  12.103 0.1000000015
101268  44.509  30.080  12.633 0.1000000015
137863  42.445  35.577  11.574 0.1000000015
105562  33.291  37.788  17.029 0.1000000015
95073  48.760  21.779  10.917 0.1000000015
95064  46.763  21.781  11.307 0.1000000015
102607  43.274  31.727  11.773 0.1000000015
105059  41.495  36.179  11.983 0.1000000015
104504  39.280  36.175  11.654 0.1000000015
105049  37.060  37.109  13.032 0.1000000015
105050  36.745  37.382  13.425 0.1000000015
105051  35.193  36.798  13.422 0.1000000015
105042  33.817  36.663  14.744 0.1000000015
105019  32.210  36.956  16.923 0.1000000015
95083  47.120  21.767  9.781 0.1000000015
95075  46.248  21.839  10.517 0.1000000015
105600  40.900  36.754  11.053 0.1000000015
105074  38.948  36.542  11.239 0.1000000015
105075  37.831  35.847  11.420 0.1000000015
104507  36.891  36.005  11.974 0.1000000015
136805  35.593  35.931  12.160 0.1000000015
125236  33.734  36.141  14.107 0.1000000015
105029  32.949  36.428  15.699 0.1000000015
95098  47.403  21.675  8.833 0.1000000015
129525  39.719  35.350  10.280 0.1000000015
104517  39.039  36.059  10.337 0.1000000015
104519  37.324  35.595  11.130 0.1000000015
104508  35.845  35.594  11.746 0.1000000015
104509  34.638  34.875  11.816 0.1000000015
104478  33.325  35.202  13.474 0.1000000015
116417  32.618  35.035  14.213 0.1000000015
104453  32.520  35.466  14.954 0.1000000015
103832  39.520  34.114  10.322 0.1000000015
128490  38.052  34.671  10.083 0.1000000015
103834  37.506  34.896  10.251 0.1000000015
103823  34.839  34.423  11.211 0.1000000015
104494  33.440  34.659  12.734 0.1000000015
104479  32.074  34.324  13.878 0.1000000015
103182  40.426  33.501  10.285 0.1000000015
102620  39.388  32.676  10.138 0.1000000015
103184  37.646  33.811  9.946 0.1000000015
103842  36.142  33.502  9.990 0.1000000015
103837  35.049  33.845  10.599 0.1000000015
103825  32.974  33.514  11.592 0.1000000015
103183  38.117  32.733  9.965 0.1000000015
103197  37.196  32.796  9.742 0.1000000015
103838  34.136  33.470  10.729 0.1000000015
103174  33.287  33.083  10.924 0.1000000015
103199  35.610  32.586  9.664 0.1000000015
103187  33.629  32.699  10.279 0.1000000015
129248  31.569  29.838  24.723 0.1000000015
101160  31.265  29.664  24.004 0.1000000015
101845  31.750  30.124  23.211 0.1000000015
101853  32.099  30.261  22.100 0.1000000015
102543  34.643  31.660  19.937 0.1000000015
103105  35.229  32.221  19.651 0.1000000015
105544  31.131  37.705  18.738 0.1000000015
97442  44.813  24.527  11.462 0.1000000015
97452  44.031  24.870  10.957 0.1000000015
106059  31.444  37.902  18.491 0.1000000015
106067  31.568  38.040  18.216 0.1000000015
96642  47.403  23.444  11.059 0.1000000015
117873  45.856  24.208  11.080 0.1000000015
98169  43.279  25.306  11.312 0.1000000015
105563  30.905  37.651  17.711 0.1000000015
98939  43.589  26.728  10.391 0.1000000015
99714  44.361  27.612  10.442 0.1000000015
101277  44.855  29.687  11.848 0.1000000015
119542  44.423  30.493  12.472 0.1000000015
102606  44.097  30.955  11.671 0.1000000015
102598  44.015  31.077  12.678 0.1000000015
127267  42.387  34.123  11.868 0.1000000015
105030  31.654  36.055  16.408 0.1000000015
101954  44.366  30.959  10.411 0.1000000015
102616  43.729  31.983  9.374 0.1000000015
103169  42.538  33.879  10.906 0.1000000015
103829  42.397  35.126  10.890 0.1000000015
134927  31.796  35.519  15.781 0.1000000015
101968  44.275  31.477  8.259 0.1000000015
102617  43.126  32.379  9.302 0.1000000015
123170  42.324  33.527  10.504 0.1000000015
103830  41.787  35.232  10.550 0.1000000015
136971  43.726  31.737  8.213 0.1000000015
101958  43.795  31.889  8.597 0.1000000015
103195  42.357  32.856  9.631 0.1000000015
103831  40.648  34.597  10.363 0.1000000015
104465  31.705  34.519  14.648 0.1000000015
102619  41.799  32.123  9.165 0.1000000015
103181  41.636  33.786  10.273 0.1000000015
103162  32.214  33.129  11.900 0.1000000015
103814  31.832  33.405  12.716 0.1000000015
103188  32.725  32.373  10.331 0.1000000015
103201  33.228  32.106  9.675 0.1000000015
103175  32.547  32.793  11.161 0.1000000015
131287  33.022  30.636  22.129 0.1000000015
101859  33.632  30.855  21.580 0.1000000015
103104  35.904  32.759  19.525 0.1000000015
106476  33.904  39.468  19.980 0.1000000015
104424  30.086  35.351  18.825 0.1000000015
104425  29.449  35.399  18.486 0.1000000015
106055  32.064  38.183  19.140 0.1000000015
105006  29.638  36.839  18.624 0.1000000015
105545  30.118  37.788  18.593 0.1000000015
122955  30.463  38.118  18.082 0.1000000015
98938  44.258  26.142  10.017 0.1000000015
99727  45.380  27.860  10.110 0.1000000015
137182  45.014  28.155  10.550 0.1000000015
101276  45.236  29.808  11.369 0.1000000015
105555  28.964  38.231  17.852 0.1000000015
105564  29.765  38.087  17.597 0.1000000015
100523  45.618  28.817  10.573 0.1000000015
105020  30.789  36.718  17.140 0.1000000015
100522  46.241  29.423  9.806 0.1000000015
101282  46.346  29.781  8.821 0.1000000015
101283  45.819  30.170  9.360 0.1000000015
117056  31.255  34.880  15.468 0.1000000015
104454  30.669  35.629  16.297 0.1000000015
100538  47.010  28.870  7.509 0.1000000015
101287  46.020  29.913  8.100 0.1000000015
101967  45.078  30.856  8.588 0.1000000015
103787  31.058  33.839  14.299 0.1000000015
103150  30.879  32.990  13.103 0.1000000015
103801  31.447  33.631  13.518 0.1000000015
103176  31.789  32.486  11.405 0.1000000015
102612  31.831  31.844  10.100 0.1000000015
103189  31.294  31.923  10.778 0.1000000015
134053  35.291  31.901  20.274 0.1000000015
103753  29.106  33.918  18.462 0.1000000015
98949  45.307  26.759  9.622 0.1000000015
98182  45.571  25.779  9.276 0.1000000015
99726  46.398  27.986  9.448 0.1000000015
100530  46.217  28.689  9.875 0.1000000015
105565  28.826  38.175  17.171 0.1000000015
98186  46.463  25.772  8.766 0.1000000015
98948  46.639  26.977  8.980 0.1000000015
124773  29.785  36.991  16.792 0.1000000015
127273  47.306  26.631  8.427 0.1000000015
100529  46.844  29.016  9.059 0.1000000015
104443  29.668  35.605  16.163 0.1000000015
99735  48.063  27.623  7.300 0.1000000015
99736  47.579  28.298  7.555 0.1000000015
103774  29.503  34.460  15.442 0.1000000015
99745  47.784  27.804  6.756 0.1000000015
103788  29.978  33.643  14.658 0.1000000015
104466  30.616  34.249  15.066 0.1000000015
103151  29.858  32.739  13.360 0.1000000015
103802  30.427  33.264  13.887 0.1000000015
103164  30.343  32.428  12.474 0.1000000015
102613  30.869  31.542  9.956 0.1000000015
105536  31.842  37.327  19.438 0.1000000015
104998  30.493  36.216  18.952 0.1000000015
104426  28.696  35.613  18.050 0.1000000015
98184  48.134  25.914  7.524 0.1000000015
98952  47.607  27.491  8.157 0.1000000015
99725  47.191  28.188  8.597 0.1000000015
98954  48.317  26.815  6.948 0.1000000015
103103  36.752  33.102  19.942 0.1000000015
103750  37.166  34.292  19.251 0.1000000015
102536  34.267  31.140  21.134 0.1000000015
95783  42.756  22.275  20.838 0.1000000015
96608  45.442  23.858  18.662 0.1000000015
96606  47.772  23.420  18.247 0.1000000015
94995  42.331  21.440  15.625 0.1000000015
124094  39.861  20.546  17.077 0.1000000015
95012  46.301  21.862  14.588 0.1000000015
120578  45.387  21.936  14.018 0.1000000015
96612  47.713  23.795  17.420 0.1000000015
91732  34.573  16.545  17.310 0.1000000015
90993  33.587  15.780  16.421 0.1000000015
92367  37.746  17.466  17.542 0.2000000030
91743  32.236  16.432  16.698 0.1000000015
93027  26.564  18.511  15.827 0.1000000015
93033  25.384  18.836  14.786 0.1000000015
93029  24.887  18.158  15.193 0.1000000015
134769  24.459  18.911  13.840 0.1000000015
92374  30.520  17.593  17.084 0.1000000015
93598  27.962  19.093  15.874 0.1000000015
93613  25.056  19.166  14.088 0.1000000015
93625  23.594  19.128  12.545 0.1000000015
92378  29.775  17.591  16.897 0.1000000015
93597  28.816  19.261  16.229 0.1000000015
98089  43.690  27.958  25.012 0.1000000015
98863  44.191  28.011  24.060 0.1000000015
95769  42.616  22.536  21.707 0.1000000015
96582  42.289  23.780  20.322 0.1000000015
93619  26.091  19.817  13.829 0.1000000015
93601  28.941  19.960  15.881 0.1000000015
93623  25.195  19.929  12.714 0.1000000015
126448  29.836  19.156  16.551 0.1000000015
93603  27.725  19.555  15.399 0.1000000015
93015  31.191  18.967  17.111 0.1000000015
93010  31.660  18.304  17.312 0.1000000015
92363  39.269  17.507  18.302 0.1000000015
92370  33.949  17.691  17.465 0.1000000015
135978  34.839  17.778  17.429 0.1000000015
96547  41.191  24.439  24.180 0.1000000015
96536  40.889  23.480  24.380 0.1000000015
96574  39.079  23.453  21.473 0.1000000015
96585  36.589  23.234  19.965 0.1000000015
96583  37.854  23.453  20.418 0.1000000015
121817  39.638  24.176  21.923 0.1000000015
98090  42.396  26.742  24.793 0.1000000015
97338  41.377  25.376  23.992 0.1000000015
97380  32.150  24.121  19.127 0.1000000015
98109  40.200  26.673  22.343 0.1000000015
99634  43.142  29.488  23.693 0.1000000015
98890  35.829  26.036  19.239 0.1000000015
129374  42.344  25.820  20.492 0.1000000015
96596  42.620  23.576  19.407 0.1000000015
94985  39.312  21.189  15.999 0.1000000015
95001  36.799  21.327  15.465 0.1000000015
95039  29.681  21.462  13.364 0.1000000015
94254  36.849  20.021  17.129 0.1000000015
94271  35.109  20.765  15.629 0.1000000015
95002  35.425  21.249  15.204 0.1000000015
95022  33.821  21.966  14.604 0.1000000015
95020  35.447  21.842  14.659 0.1000000015
95023  32.935  21.957  14.731 0.1000000015
94273  33.104  20.876  15.773 0.1000000015
95007  30.902  21.363  15.426 0.1000000015
120221  31.350  21.702  14.901 0.1000000015
134310  29.953  21.202  15.137 0.1000000015
93577  38.861  19.031  17.947 0.1000000015
94263  34.027  20.107  16.260 0.1000000015
93591  34.392  19.656  16.695 0.1000000015
94264  32.748  20.327  16.268 0.1000000015
93627  23.848  19.635  11.908 0.1000000015
93000  38.672  18.237  17.985 0.1000000015
93004  37.204  18.081  17.402 0.1000000015
127446  36.551  19.329  17.195 0.1000000015
93583  34.856  19.139  17.101 0.1000000015
96602  31.798  23.657  19.701 0.1000000015
98882  39.401  27.212  21.354 0.1000000015
99642  42.147  30.007  22.713 0.1000000015
99655  38.844  28.020  20.544 0.1000000015
99661  38.411  28.171  19.983 0.1000000015
99676  34.813  26.985  17.042 0.1000000015
133876  41.499  25.618  19.190 0.1000000015
97374  42.252  24.226  18.997 0.1000000015
94997  40.355  21.455  15.310 0.1000000015
140430  39.405  21.657  14.765 0.1000000015
95823  37.311  22.061  14.349 0.1000000015
133350  36.729  22.291  14.039 0.1000000015
95857  31.687  22.424  12.429 0.1000000015
95056  29.520  21.320  12.442 0.1000000015
94319  24.854  20.901  9.876 0.1000000015
98913  32.505  26.736  16.532 0.1000000015
100461  38.041  28.260  19.193 0.1000000015
123850  33.805  27.141  16.111 0.1000000015
98887  42.195  27.911  20.085 0.1000000015
98131  41.346  25.457  18.358 0.1000000015
97391  41.797  24.825  18.667 0.1000000015
97400  46.006  24.654  17.532 0.1000000015
97387  45.997  24.310  18.245 0.1000000015
129682  37.598  22.706  12.910 0.1000000015
95834  36.490  22.606  13.449 0.1000000015
95854  34.587  23.068  12.604 0.1000000015
136740  33.085  23.033  12.096 0.1000000015
96634  35.896  23.322  12.027 0.1000000015
96635  34.968  23.407  11.811 0.1000000015
96648  34.279  23.555  11.110 0.1000000015
96650  32.736  22.957  11.306 0.1000000015
95760  35.148  22.109  23.089 0.1000000015
96562  34.180  23.221  22.793 0.1000000015
95775  32.845  22.803  21.153 0.1000000015
97372  29.870  24.744  20.316 0.1000000015
99677  29.492  27.763  17.390 0.1000000015
99685  31.280  27.441  15.974 0.1000000015
100457  43.515  30.401  20.855 0.1000000015
101198  42.472  31.255  20.769 0.1000000015
100470  37.758  28.368  18.301 0.1000000015
99680  36.080  27.719  16.770 0.1000000015
99682  34.546  27.254  16.248 0.1000000015
132535  33.529  27.455  15.578 0.1000000015
101214  39.255  29.571  18.329 0.1000000015
100477  37.540  28.436  17.392 0.1000000015
100494  34.561  27.990  14.867 0.1000000015
125399  40.950  26.991  18.529 0.1000000015
98132  40.855  26.133  18.090 0.1000000015
116740  44.559  24.815  16.599 0.1000000015
97399  47.017  24.450  17.507 0.1000000015
133426  40.344  21.906  13.489 0.1000000015
95850  38.807  22.457  12.782 0.1000000015
95871  38.031  23.061  11.802 0.1000000015
95892  33.069  22.780  9.502 0.1000000015
96660  37.022  23.710  10.683 0.1000000015
120652  36.056  23.798  10.642 0.1000000015
96672  35.451  23.914  9.858 0.1000000015
125535  34.459  23.534  9.349 0.1000000015
95904  33.307  22.185  8.545 0.1000000015
97349  33.171  23.977  22.786 0.1000000015
97350  32.405  24.394  22.832 0.1000000015
97361  30.356  24.255  20.879 0.1000000015
100474  42.816  29.896  18.849 0.1000000015
101874  43.001  31.341  20.155 0.1000000015
101885  42.401  31.738  19.419 0.1000000015
101239  38.963  29.614  17.185 0.1000000015
124504  33.934  28.352  14.434 0.1000000015
98140  42.279  25.000  16.924 0.1000000015
136214  36.224  28.531  14.765 0.1000000015
101263  35.175  29.064  13.704 0.1000000015
101256  32.395  29.700  14.056 0.1000000015
117532  42.419  21.713  14.059 0.1000000015
95848  40.170  22.426  12.102 0.1000000015
95869  39.427  22.733  11.636 0.1000000015
95870  38.709  23.080  11.269 0.1000000015
139401  39.627  23.203  10.136 0.1000000015
132975  37.274  24.007  9.815 0.1000000015
96671  36.881  24.222  9.057 0.1000000015
117079  36.005  24.107  9.174 0.1000000015
96683  34.549  23.229  8.294 0.1000000015
99664  29.242  26.775  19.865 0.1000000015
98910  40.522  26.937  17.042 0.1000000015
101884  43.305  31.336  19.331 0.1000000015
100481  42.241  29.474  17.555 0.1000000015
101897  41.868  31.794  18.377 0.1000000015
101898  40.685  31.020  17.652 0.1000000015
101248  37.709  29.089  15.175 0.1000000015
101247  38.442  29.474  15.530 0.1000000015
97410  44.857  24.903  15.945 0.1000000015
101265  33.749  29.611  13.609 0.1000000015
101941  32.892  30.652  13.912 0.1000000015
96619  48.329  23.538  15.647 0.1000000015
97407  47.723  24.311  16.058 0.1000000015
100462  29.563  28.120  19.559 0.1000000015
103123  33.235  33.170  16.136 0.1000000015
101907  43.576  31.455  17.363 0.1000000015
101261  36.859  29.477  13.590 0.1000000015
136190  38.219  29.610  14.625 0.1000000015
101930  39.571  30.771  14.626 0.1000000015
139788  35.386  31.100  12.596 0.1000000015
95820  48.535  22.857  15.238 0.1000000015
101946  36.711  30.756  12.495 0.1000000015
95916  42.333  22.242  7.507 0.1000000015
95929  42.171  22.159  6.616 0.1000000015
98860  30.549  27.175  23.853 0.1000000015
103118  34.182  32.945  17.803 0.1000000015
97424  44.114  24.862  14.659 0.1000000015
100489  41.131  28.368  15.777 0.1000000015
97418  44.904  24.866  15.194 0.1000000015
101246  42.684  29.935  16.059 0.1000000015
124892  34.971  36.038  17.290 0.1000000015
97423  45.128  24.714  14.438 0.1000000015
99698  41.028  27.675  14.329 0.1000000015
102562  42.063  32.021  16.392 0.1000000015
97421  47.763  24.251  14.431 0.1000000015
119296  47.117  24.434  14.180 0.1000000015
118346  41.578  28.753  14.317 0.1000000015
101928  43.726  31.190  15.741 0.1000000015
101938  39.302  30.976  13.819 0.1000000015
95821  48.246  22.369  14.697 0.1000000015
123292  48.652  22.777  14.409 0.1000000015
102584  42.522  32.190  15.170 0.1000000015
102592  40.838  32.356  14.018 0.1000000015
102599  39.458  32.261  12.786 0.1000000015
102602  36.821  31.824  12.163 0.1000000015
103161  35.431  32.616  12.964 0.1000000015
95031  44.643  22.010  13.339 0.1000000015
95146  43.079  21.167  4.763 0.1000000015
129149  34.815  33.005  18.277 0.1000000015
98165  42.444  25.546  12.657 0.1000000015
96624  48.898  22.703  13.522 0.1000000015
101251  43.504  30.557  14.797 0.1000000015
102583  43.307  31.778  15.534 0.1000000015
95831  48.593  22.155  13.633 0.1000000015
102591  42.154  32.557  14.280 0.1000000015
95030  45.831  21.972  13.283 0.1000000015
95049  45.165  22.059  12.591 0.1000000015
139578  45.207  20.918  5.978 0.1000000015
95119  43.663  21.742  7.214 0.1000000015
97435  44.941  24.476  12.381 0.1000000015
105005  35.906  36.200  18.331 0.1000000015
106495  35.940  39.173  17.704 0.1000000015
98164  43.169  25.092  12.232 0.1000000015
99705  41.703  28.178  12.809 0.1000000015
96632  48.795  23.158  12.472 0.1000000015
95846  49.264  21.910  12.042 0.1000000015
122112  45.888  21.958  11.945 0.1000000015
99704  42.096  28.080  12.130 0.1000000015
101259  43.592  30.141  13.745 0.1000000015
103144  42.882  32.387  13.845 0.1000000015
103146  40.427  32.677  13.238 0.1000000015
103158  39.018  32.895  12.082 0.1000000015
103172  37.559  33.707  12.056 0.1000000015
105579  36.528  38.273  14.883 0.1000000015
103154  42.268  32.924  12.752 0.1000000015
103156  40.995  33.758  12.940 0.1000000015
103798  37.030  35.676  13.218 0.1000000015
103811  36.985  35.154  13.024 0.1000000015
101258  44.125  30.443  13.370 0.1000000015
99715  43.450  27.586  10.776 0.1000000015
101943  44.262  30.599  13.004 0.1000000015
103808  41.028  35.038  12.613 0.1000000015
103819  38.926  35.175  11.773 0.1000000015
103820  37.841  35.076  11.972 0.1000000015
135108  42.865  32.557  10.892 0.1000000015
104502  40.886  35.993  12.293 0.1000000015
126213  38.517  35.981  11.555 0.1000000015
105041  35.533  37.523  14.199 0.1000000015
95084  45.780  21.894  9.831 0.1000000015
95085  44.858  22.061  9.516 0.1000000015
104505  38.413  36.225  11.148 0.1000000015
120486  37.276  35.940  11.799 0.1000000015
131993  46.982  21.195  7.464 0.1000000015
95117  45.880  21.370  7.303 0.1000000015
121357  45.234  21.705  7.945 0.1000000015
95130  45.661  21.117  6.608 0.1000000015
122698  46.675  23.928  11.956 0.1000000015
95062  49.041  21.785  11.517 0.1000000015
132410  44.587  29.031  11.601 0.1000000015
105070  42.194  36.109  11.155 0.1000000015
95082  48.419  21.797  10.191 0.1000000015
95074  47.653  21.697  10.671 0.1000000015
105612  40.068  36.882  11.015 0.1000000015
104477  34.376  35.775  12.872 0.1000000015
116430  48.305  21.804  9.408 0.1000000015
104516  40.081  36.198  10.411 0.1000000015
104515  41.141  36.080  10.571 0.1000000015
125278  38.479  36.089  10.620 0.1000000015
104520  36.675  35.410  11.138 0.1000000015
104493  34.506  35.339  12.368 0.1000000015
103833  38.746  35.008  10.176 0.1000000015
117722  38.259  35.462  10.314 0.1000000015
103836  35.907  34.262  10.480 0.1000000015
103812  33.578  34.328  12.010 0.1000000015
119009  38.490  33.845  10.136 0.1000000015
103841  36.905  33.742  9.993 0.1000000015
103824  33.813  33.939  11.341 0.1000000015
103813  32.710  33.834  12.343 0.1000000015
103196  40.972  32.601  9.828 0.1000000015
117412  39.948  31.731  9.624 0.1000000015
103198  36.391  32.745  9.661 0.1000000015
103185  35.325  33.199  10.056 0.1000000015
102621  38.612  31.714  9.808 0.1000000015
138765  30.085  38.160  18.238 0.1000000015
133959  44.512  27.007  10.077 0.1000000015
100518  45.200  29.309  11.262 0.1000000015
132892  43.490  31.784  10.591 0.1000000015
101956  45.144  30.584  9.805 0.1000000015
101957  44.408  31.404  8.976 0.1000000015
102611  43.140  32.849  10.000 0.1000000015
101280  45.620  29.746  10.562 0.1000000015
100539  46.684  29.368  8.163 0.1000000015
98185  47.371  25.841  8.218 0.1000000015
80095  36.522  2.671  8.409 0.1000000015
79161  37.021  1.947  8.828 0.1000000015
80101  37.395  2.452  7.017 0.1000000015
79187  38.716  1.005  4.774 0.1000000015
80103  35.953  3.281  7.956 0.1000000015
81147  36.172  3.566  7.254 0.1000000015
80108  36.830  3.215  6.953 0.1000000015
130542  37.922  2.235  6.085 0.1000000015
81161  37.283  3.178  6.211 0.1000000015
81162  36.428  3.785  6.521 0.1000000015
82165  35.931  4.550  6.104 0.1000000015
81176  37.485  3.441  5.322 0.1000000015
81177  36.737  4.005  5.729 0.1000000015
79198  38.741  1.396  4.033 0.1000000015
80102  36.704  2.920  7.613 0.1000000015
81163  35.626  4.196  6.838 0.1000000015
128070  37.872  2.780  5.553 0.1000000015
78255  41.404  0.753  2.610 0.2000000030
79072  34.121  1.802  19.847 0.2000000030
79079  40.294  1.685  18.373 0.2000000030
79085  34.798  1.727  18.907 0.2000000030
79089  39.648  1.645  17.055 0.2000000030
79100  37.083  1.930  16.711 0.2000000030
79894  22.633  3.135  30.638 0.1000000015
79932  38.124  2.515  21.628 0.3000000119
79950  35.966  2.221  21.874 0.2000000030
79953  33.119  2.767  21.313 0.2000000030
79960  41.207  2.586  20.397 0.3000000119
79964  37.713  1.973  20.963 0.2000000030
79965  33.427  2.342  20.730 0.2000000030
79987  40.895  1.992  18.944 0.3000000119
79990  33.711  2.668  18.973 0.3000000119
80006  41.497  2.309  16.606 0.3000000119
80011  36.561  2.370  16.229 0.3000000119
80060  39.196  2.707  12.639 0.4000000060
80843  24.157  3.260  34.501 0.1000000015
80856  29.258  3.601  33.190 0.1000000015
80858  27.668  3.413  33.516 0.1000000015
80870  30.126  4.023  32.151 0.2000000030
80871  29.515  3.683  32.273 0.1000000015
80885  22.108  3.256  31.088 0.1000000015
80896  23.108  3.142  30.040 0.1000000015
80905  25.503  3.457  29.369 0.2000000030
80906  24.286  3.376  29.341 0.1000000015
80908  22.257  3.793  29.128 0.1000000015
80912  25.223  3.868  28.798 0.2000000030
80951  41.049  3.870  22.110 0.3000000119
80991  43.820  2.857  19.734 0.3000000119
80993  32.748  3.544  20.130 0.2000000030
80999  45.391  3.312  18.511 0.3000000119
81005  45.029  3.201  17.940 0.3000000119
81008  34.163  3.593  17.503 0.3000000119
81025  43.313  3.488  15.659 0.3000000119
81029  35.639  3.373  15.437 0.5000000000
81033  54.439  3.524  14.490 0.1000000015
81046  37.207  3.165  13.773 0.4000000060
81047  36.259  3.881  13.471 0.4000000060
81057  44.101  4.027  12.278 0.3000000119
81824  29.155  4.656  38.302 0.1000000015
81834  31.367  4.685  37.146 0.1000000015
81835  30.564  4.617  37.427 0.1000000015
81837  28.070  4.485  37.299 0.1000000015
81862  32.595  4.610  35.076 0.1000000015
81865  29.030  4.200  35.507 0.1000000015
81866  27.403  4.152  35.796 0.1000000015
81872  33.157  4.671  34.188 0.1000000015
81874  31.081  4.336  34.631 0.1000000015
81875  29.616  4.017  34.668 0.1000000015
81883  31.746  4.395  33.643 0.1000000015
81891  32.427  4.736  32.917 0.1000000015
81900  30.412  4.457  31.672 0.2000000030
81907  29.325  4.563  30.745 0.2000000030
81908  28.578  4.306  30.466 0.2000000030
81922  26.309  4.750  28.679 0.2000000030
81923  25.983  4.000  28.944 0.2000000030
81924  24.785  4.319  28.386 0.2000000030
81925  23.927  4.134  28.410 0.2000000030
81928  20.899  4.987  28.815 0.1000000015
81938  24.346  4.682  28.031 0.2000000030
81950  32.717  5.054  25.163 0.2000000030
81952  31.331  4.857  24.801 0.2000000030
81960  39.678  5.164  24.133 0.3000000119
81968  31.825  4.649  24.308 0.2000000030
81981  35.451  4.142  23.970 0.2000000030
81991  40.750  4.305  22.644 0.3000000119
81994  31.589  4.759  22.207 0.2000000030
82016  43.947  3.730  20.777 0.3000000119
82026  32.916  4.056  19.328 0.3000000119
82028  32.051  5.095  19.894 0.3000000119
82036  33.024  4.906  18.909 0.3000000119
82049  46.507  4.761  16.693 0.3000000119
82053  34.336  4.687  16.493 0.5000000000
82104  36.523  4.848  11.739 0.6000000238
82237  40.057  5.873  -1.364 0.4000000060
82238  39.436  6.448  -1.794 0.4000000060
82842  34.597  5.420  36.106 0.1000000015
82850  34.643  5.430  34.575 0.1000000015
82863  33.606  5.721  32.905 0.1000000015
82887  28.342  5.599  29.912 0.2000000030
82897  31.843  5.922  28.078 0.1000000015
82899  27.107  6.085  28.899 0.2000000030
82902  21.267  5.159  28.337 0.1000000015
82930  30.879  5.319  26.488 0.2000000030
82942  36.231  5.996  25.366 0.2000000030
82949  29.603  5.630  25.892 0.2000000030
82958  40.262  5.666  24.318 0.3000000119
82964  34.284  5.167  24.782 0.2000000030
82983  41.807  5.221  22.929 0.3000000119
83040  46.229  5.569  15.055 0.3000000119
83048  34.899  5.548  13.947 0.6000000238
83072  36.158  5.943  12.028 0.6000000238
83110  36.945  5.502  8.724 0.6999999881
83176  37.686  6.086  0.357 0.3000000119
83185  39.780  6.751  -1.738 0.4000000060
83702  35.929  5.991  39.117 0.1000000015
83714  36.014  5.889  37.345 0.1000000015
83726  42.513  6.795  35.822 0.1000000015
83728  36.756  6.722  35.462 0.1000000015
83735  35.747  6.695  34.262 0.1000000015
83755  30.722  6.424  31.214 0.2000000030
83773  32.063  6.989  29.218 0.1000000015
83784  43.380  7.225  28.517 0.1000000015
83791  30.844  6.492  28.498 0.1000000015
83794  26.503  6.499  28.427 0.2000000030
83810  25.937  6.908  27.904 0.2000000030
83814  21.300  6.661  27.279 0.2000000030
83823  37.341  6.773  26.442 0.1000000015
83831  21.944  7.074  26.918 0.2000000030
83840  39.499  6.471  25.648 0.2000000030
83845  34.991  6.245  26.066 0.2000000030
83863  52.604  8.223  22.564 0.2000000030
83896  52.739  8.441  20.151 0.2000000030
83910  32.051  6.370  20.048 0.3000000119
84046  51.209  6.848  3.677 0.2000000030
84587  40.954  7.587  39.143 0.1000000015
84589  39.796  7.721  39.293 0.1000000015
84590  39.164  7.649  38.952 0.1000000015
84596  41.798  7.831  37.795 0.1000000015
84604  38.784  7.891  37.216 0.2000000030
84605  38.083  7.591  36.552 0.1000000015
84611  37.066  7.583  35.021 0.1000000015
84619  35.844  7.814  34.195 0.1000000015
84625  35.693  9.012  34.209 0.1000000015
84627  34.703  8.435  33.738 0.1000000015
84640  31.855  7.251  31.869 0.1000000015
84678  36.765  7.959  28.432 0.1000000015
84693  39.919  7.600  27.275 0.1000000015
84696  35.292  7.465  28.013 0.1000000015
84700  25.324  7.298  27.478 0.2000000030
84712  39.583  7.188  26.781 0.1000000015
84725  43.107  7.996  25.178 0.2000000030
84733  51.895  8.737  23.797 0.2000000030
84735  50.743  8.048  24.897 0.2000000030
84748  51.789  7.968  23.884 0.2000000030
84749  51.116  7.726  24.349 0.1000000015
84753  44.592  7.709  23.636 0.2000000030
84760  50.318  8.573  22.419 0.2000000030
84766  30.280  7.078  22.627 0.4000000060
84771  52.303  9.218  21.757 0.2000000030
84787  52.509  8.529  20.007 0.2000000030
84798  33.371  6.693  19.257 0.4000000060
84914  53.295  9.096  4.894 0.2000000030
85468  40.550  8.009  38.842 0.2000000030
85470  39.587  7.880  38.561 0.2000000030
85476  40.221  8.273  38.330 0.2000000030
85484  41.593  8.407  37.616 0.1000000015
85485  39.661  8.474  37.497 0.2000000030
85491  44.042  8.907  35.147 0.1000000015
85500  44.392  9.143  34.418 0.1000000015
85510  44.449  8.796  33.349 0.1000000015
85519  45.272  9.549  32.861 0.2000000030
85522  33.116  10.337  33.287 0.1000000015
85530  46.721  9.628  31.701 0.2000000030
85532  44.514  8.574  31.698 0.1000000015
85549  34.662  9.268  31.345 0.1000000015
85551  33.216  9.994  30.874 0.1000000015
85561  47.592  9.005  30.035 0.2000000030
85562  38.548  8.903  29.093 0.1000000015
85575  40.447  8.559  28.501 0.1000000015
85587  43.166  8.824  27.255 0.2000000030
85590  40.133  8.010  27.839 0.2000000030
85606  24.840  8.898  26.816 0.2000000030
85621  27.599  9.229  25.242 0.1000000015
85650  31.054  9.080  22.965 0.4000000060
85656  32.195  8.974  21.765 0.3000000119
85685  50.886  8.394  16.362 0.3000000119
85686  50.584  8.391  16.368 0.3000000119
85727  52.968  9.556  10.793 0.2000000030
85756  53.398  9.559  6.465 0.2000000030
85766  53.208  9.560  5.414 0.2000000030
86337  40.481  8.694  37.713 0.2000000030
86342  40.886  9.424  37.018 0.2000000030
86350  42.411  10.110  35.890 0.2000000030
86353  38.752  10.528  35.512 0.1000000015
86361  36.379  10.399  34.546 0.1000000015
86380  46.613  10.252  32.017 0.2000000030
86384  35.442  11.591  33.307 0.1000000015
86385  34.766  11.833  33.636 0.1000000015
86399  32.300  11.866  32.499 0.1000000015
86406  47.605  10.066  31.043 0.2000000030
86422  48.090  9.860  29.568 0.2000000030
86423  45.620  10.297  29.314 0.2000000030
86428  39.498  9.630  29.569 0.1000000015
86436  48.454  9.798  28.837 0.2000000030
86437  46.934  10.212  28.146 0.2000000030
86440  43.680  9.490  28.638 0.2000000030
86452  48.937  9.673  27.997 0.2000000030
86455  29.099  10.649  27.073 0.1000000015
86462  49.152  9.610  27.107 0.2000000030
86470  21.930  9.138  26.222 0.2000000030
86475  50.389  9.194  25.758 0.2000000030
86486  50.917  9.183  25.047 0.2000000030
86490  47.035  9.312  25.001 0.2000000030
86501  30.193  9.134  23.014 0.4000000060
86525  38.024  9.234  18.440 0.8999999762
86543  37.157  9.527  14.235 0.6999999881
86587  53.028  9.765  9.158 0.2000000030
86598  52.692  9.903  8.119 0.2000000030
86606  53.032  10.195  7.016 0.2000000030
86612  53.087  10.022  6.230 0.2000000030
86613  52.944  10.101  6.494 0.2000000030
87128  43.390  10.223  35.085 0.2000000030
87131  40.094  11.693  35.942 0.2000000030
87133  37.736  12.101  35.515 0.1000000015
87142  42.087  11.846  35.232 0.2000000030
87154  43.717  11.005  33.955 0.2000000030
87155  37.364  12.192  33.733 0.1000000015
87173  33.294  12.396  32.667 0.1000000015
87178  46.458  10.788  31.876 0.2000000030
87191  47.853  9.920  30.311 0.2000000030
87192  47.320  10.444  30.870 0.2000000030
87195  44.528  10.890  31.443 0.2000000030
87208  47.822  10.110  29.881 0.2000000030
87210  46.652  10.635  30.265 0.2000000030
87219  48.136  10.090  29.155 0.2000000030
87222  30.250  12.055  28.535 0.1000000015
87224  28.185  11.928  29.258 0.1000000015
87225  27.570  12.095  28.646 0.1000000015
87228  47.844  10.246  28.577 0.2000000030
87233  20.295  10.843  27.089 0.2000000030
87234  20.201  10.588  27.776 0.1000000015
87241  21.045  10.292  26.233 0.2000000030
87256  27.095  10.186  23.326 0.2000000030
87262  32.675  10.467  22.935 0.3000000119
87275  28.905  10.446  21.813 0.3000000119
87292  40.710  10.475  17.758 0.8999999762
87304  39.949  10.118  16.912 0.8000000119
87357  42.454  10.707  7.953 0.8999999762
87386  40.848  10.778  3.922 0.5000000000
87399  41.225  11.911  1.884 0.4000000060
87408  37.772  10.648  1.449 0.4000000060
87851  40.368  12.557  35.584 0.2000000030
87854  37.258  12.933  35.367 0.2000000030
87861  40.652  12.893  34.939 0.2000000030
87862  38.484  13.310  35.043 0.2000000030
87863  37.312  13.203  35.130 0.2000000030
87865  36.136  12.523  34.726 0.2000000030
87875  42.043  11.760  33.852 0.2000000030
87879  36.705  12.882  34.659 0.2000000030
87916  30.760  12.511  29.857 0.1000000015
87921  30.367  12.452  29.256 0.1000000015
87928  29.006  12.430  28.395 0.1000000015
87929  28.189  12.459  27.855 0.1000000015
87934  27.265  11.677  26.988 0.1000000015
87947  22.392  11.597  24.496 0.3000000119
87992  41.934  11.246  17.551 0.8999999762
88068  43.504  11.768  4.765 0.6999999881
88085  39.011  11.827  1.065 0.4000000060
88642  23.730  13.277  22.967 0.3000000119
88651  29.030  11.911  21.244 0.3000000119
88678  43.240  12.296  17.671 0.8999999762
88728  42.318  12.340  10.596 0.8999999762
88742  44.486  12.550  6.943 0.8999999762
88768  43.024  11.909  3.943 0.6999999881
88776  40.798  12.477  2.591 0.5000000000
88782  40.314  12.287  1.067 0.5000000000
89355  21.019  14.033  25.046 0.2000000030
89401  46.127  14.129  18.840 0.6000000238
89402  45.049  13.677  18.752 0.6000000238
89405  41.994  13.296  19.050 0.8999999762
89433  46.218  13.799  15.675 0.6999999881
89452  47.430  14.791  12.467 0.8000000119
90109  21.835  14.245  23.676 0.3000000119
90114  40.011  13.992  23.522 0.5000000000
90168  48.020  15.073  15.850 0.6999999881
90175  34.788  15.191  16.126 0.4000000060
90198  48.857  14.930  14.319 0.6999999881
90243  47.039  14.841  11.473 0.6999999881
90256  46.527  14.427  9.924 0.8000000119
90268  39.213  15.115  9.036 0.5000000000
90275  45.263  14.936  8.226 0.8000000119
90831  31.603  15.380  36.795 0.1000000015
90891  39.695  15.150  24.545 0.5000000000
90950  46.096  16.081  18.723 0.5000000000
90956  43.101  15.827  18.061 0.6000000238
91039  46.852  15.482  13.036 0.6999999881
91074  46.409  14.713  9.623 0.8000000119
91076  44.444  15.427  9.039 0.6999999881
91084  43.054  15.411  8.259 0.8000000119
91631  22.322  16.678  26.609 0.2000000030
91643  43.969  16.239  26.106 0.6000000238
91649  48.035  17.008  24.137 0.4000000060
91653  42.282  15.984  25.042 0.6000000238
91662  46.151  16.141  24.102 0.6000000238
91663  45.215  15.880  24.392 0.6000000238
91664  38.571  16.814  23.757 0.5000000000
91672  22.712  16.962  23.600 0.2000000030
91677  49.258  16.851  22.877 0.4000000060
91697  49.737  16.326  21.139 0.4000000060
92334  49.744  17.224  22.559 0.3000000119
92865  36.991  18.992  32.025 0.3000000119
92866  36.569  19.167  31.567 0.3000000119
92885  44.766  18.835  29.497 0.5000000000
92937  46.796  17.245  25.900 0.5000000000
92959  35.471  18.487  25.170 0.5000000000
93432  32.741  19.843  35.266 0.1000000015
93478  42.073  20.272  32.874 0.4000000060
93490  44.321  19.766  30.190 0.5000000000
93492  42.773  19.989  32.073 0.5000000000
94113  41.221  20.399  33.062 0.4000000060
94213  43.344  20.556  23.213 0.2000000030
94226  43.090  20.970  22.509 0.2000000030
94228  48.754  20.375  21.887 0.2000000030
94853  43.656  21.291  29.192 0.3000000119
94922  26.684  21.457  24.340 0.2000000030
94923  26.137  21.230  24.470 0.2000000030
94943  37.355  21.250  22.409 0.1000000015
94952  37.804  21.717  21.621 0.1000000015
95046  48.754  21.696  11.933 0.1000000015
95733  30.547  22.782  24.663 0.2000000030
95762  34.102  22.760  22.117 0.1000000015
95767  47.820  22.148  21.439 0.2000000030
95776  32.135  22.949  20.901 0.1000000015
95778  48.156  22.197  20.880 0.2000000030
95864  49.140  22.053  11.369 0.1000000015
95879  41.703  22.516  10.630 0.1000000015
95889  41.595  22.595  9.327 0.1000000015
95903  41.013  22.745  7.667 0.1000000015
96507  44.822  24.510  27.035 0.1000000015
96576  32.999  23.109  21.736 0.1000000015
96577  32.310  23.235  21.540 0.1000000015
96579  30.953  23.668  20.945 0.1000000015
96587  32.338  23.166  20.189 0.1000000015
96598  35.844  23.499  19.613 0.1000000015
96603  30.987  23.835  19.861 0.1000000015
97319  45.822  25.587  25.843 0.1000000015
97358  40.645  26.075  22.828 0.1000000015
97371  30.373  24.221  20.108 0.1000000015
97376  36.905  24.568  19.750 0.1000000015
97377  36.129  24.407  19.417 0.1000000015
97383  30.003  24.659  19.686 0.1000000015
97394  32.006  24.590  18.725 0.1000000015
97398  47.489  24.285  16.832 0.1000000015
97404  42.009  24.811  17.723 0.1000000015
98067  45.279  26.380  25.988 0.1000000015
98099  44.911  27.270  23.909 0.1000000015
98105  29.914  25.949  22.142 0.1000000015
98117  43.038  26.660  21.141 0.1000000015
98122  29.463  25.410  20.453 0.1000000015
98127  34.816  25.046  18.903 0.1000000015
98135  32.284  25.216  18.237 0.1000000015
98155  43.316  25.025  14.887 0.1000000015
98157  41.490  25.846  14.983 0.1000000015
98835  37.869  26.536  25.448 0.1000000015
98858  32.598  25.869  24.016 0.1000000015
98891  29.287  25.953  19.761 0.1000000015
98897  34.445  26.234  18.311 0.1000000015
98901  40.680  26.743  17.753 0.1000000015
98902  35.029  26.745  17.924 0.1000000015
98907  29.661  26.868  17.610 0.1000000015
98914  31.626  26.866  16.464 0.1000000015
98915  30.729  27.057  16.549 0.1000000015
98920  40.596  27.142  16.159 0.1000000015
98951  47.961  26.828  7.777 0.1000000015
99687  29.738  27.977  16.651 0.1000000015
99695  31.010  27.973  15.557 0.1000000015
99738  47.952  28.072  6.966 0.1000000015
99739  47.436  28.366  6.985 0.1000000015
100428  30.270  28.529  22.638 0.1000000015
100433  42.550  30.445  22.094 0.1000000015
100448  40.724  29.975  20.844 0.1000000015
100485  36.613  28.168  16.229 0.1000000015
100491  37.176  28.617  15.704 0.1000000015
100497  30.149  28.972  15.702 0.1000000015
100498  29.907  29.215  16.295 0.1000000015
100503  34.957  28.490  14.337 0.1000000015
100504  33.437  28.858  13.990 0.1000000015
100515  42.064  28.689  12.703 0.1000000015
100519  42.885  28.447  11.812 0.1000000015
100524  44.571  28.379  10.972 0.1000000015
100528  47.138  28.818  8.134 0.1000000015
101201  30.494  29.361  19.536 0.1000000015
101210  43.782  31.141  18.836 0.1000000015
101228  30.028  29.440  17.856 0.1000000015
101249  30.343  29.520  15.596 0.1000000015
101253  37.381  29.259  14.350 0.1000000015
101860  32.869  30.518  21.363 0.1000000015
101877  31.767  30.371  19.415 0.1000000015
101895  43.759  31.249  18.175 0.1000000015
101896  42.862  31.793  18.796 0.1000000015
101899  31.224  30.786  17.634 0.1000000015
101908  42.635  31.943  17.985 0.1000000015
101912  30.589  30.393  16.300 0.1000000015
101933  31.290  30.403  14.992 0.1000000015
101940  33.646  30.493  13.509 0.1000000015
101944  38.264  31.151  12.810 0.1000000015
101947  34.884  30.451  12.930 0.1000000015
101948  34.226  30.174  13.310 0.1000000015
101950  44.862  30.235  11.768 0.1000000015
101953  45.182  30.167  10.914 0.1000000015
102539  34.877  31.495  20.686 0.1000000015
102548  43.501  31.394  18.707 0.1000000015
102556  32.556  31.602  17.715 0.1000000015
102594  38.957  31.408  13.153 0.1000000015
102610  36.995  32.770  12.102 0.1000000015
103112  34.338  32.450  18.469 0.1000000015
103159  37.120  34.701  12.630 0.1000000015
103163  31.337  32.704  12.227 0.1000000015
103186  34.470  32.945  10.173 0.1000000015
103200  34.705  32.292  9.652 0.1000000015
103740  36.386  33.487  19.149 0.1000000015
103759  34.015  33.761  17.242 0.1000000015
103767  33.732  33.980  16.532 0.1000000015
103800  32.459  34.102  13.140 0.1000000015
103807  42.320  35.143  12.072 0.1000000015
103817  42.511  35.157  11.382 0.1000000015
103822  35.839  34.984  11.148 0.1000000015
103835  36.687  34.639  10.383 0.1000000015
104431  35.438  35.209  18.037 0.1000000015
104455  28.961  35.679  15.813 0.1000000015
104489  42.207  35.900  11.736 0.1000000015
104490  41.718  35.580  12.358 0.1000000015
104492  36.777  36.589  12.502 0.1000000015
104503  40.080  36.285  11.842 0.1000000015
104513  42.443  35.712  11.221 0.1000000015
104514  42.182  35.840  10.847 0.1000000015
104518  37.911  35.796  10.763 0.1000000015
105060  35.880  36.659  12.709 0.1000000015
105071  41.596  36.415  11.389 0.1000000015
105072  40.674  36.559  11.547 0.1000000015
105073  39.666  36.680  11.313 0.1000000015
105083  41.572  36.358  10.822 0.1000000015
105084  40.541  36.607  10.771 0.1000000015
105085  39.597  36.628  10.730 0.1000000015
105086  38.924  36.546  10.790 0.1000000015
105535  32.573  37.803  19.791 0.1000000015
105537  31.123  36.812  19.149 0.1000000015
105570  36.775  38.371  15.282 0.1000000015
105601  39.287  36.782  10.991 0.1000000015
105613  38.890  36.630  11.034 0.1000000015
106054  33.004  38.785  19.702 0.1000000015
106057  37.299  38.744  19.124 0.1000000015
106060  30.603  37.998  18.285 0.1000000015
106483  32.187  38.354  18.626 0.1000000015
106488  36.278  39.714  18.537 0.1000000015
106489  35.104  39.746  18.442 0.1000000015
106498  32.466  38.521  18.291 0.1000000015
106924  34.220  39.793  19.733 0.1000000015
115802  36.150  7.587  27.882 0.1000000015
115883  27.273  2.992  31.926 0.1000000015
116082  44.979  5.031  14.771 0.3000000119
116247  37.523  8.953  18.396 0.8999999762
116550  33.510  5.424  38.031 0.1000000015
116776  46.609  9.826  27.207 0.2000000030
116849  38.450  10.158  30.232 0.1000000015
116886  42.057  6.770  29.016 0.1000000015
116887  40.009  13.580  20.980 0.8000000119
118186  31.508  29.771  14.488 0.1000000015
118326  28.866  4.489  37.042 0.1000000015
118800  32.980  8.768  32.917 0.1000000015
119061  23.009  8.077  26.408 0.2000000030
119100  44.663  11.030  32.930 0.2000000030
119208  49.221  22.178  12.765 0.1000000015
119297  47.046  24.544  14.788 0.1000000015
119573  31.537  5.121  38.458 0.1000000015
119817  43.109  4.641  24.886 0.1000000015
119836  29.380  27.493  19.948 0.1000000015
119888  44.205  6.273  22.234 0.3000000119
119893  40.435  11.575  11.494 0.8000000119
120011  23.197  4.320  28.267 0.2000000030
120317  30.823  26.580  23.717 0.1000000015
120830  43.467  30.705  16.599 0.1000000015
121117  30.092  10.350  31.202 0.1000000015
121445  37.562  6.756  38.845 0.1000000015
121830  37.285  36.716  13.135 0.1000000015
122077  24.816  2.810  30.329 0.1000000015
122147  33.783  11.119  33.535 0.1000000015
122160  41.958  10.798  31.509 0.2000000030
122944  49.096  6.931  17.210 0.3000000119
123256  46.892  19.037  23.926 0.3000000119
123355  36.870  13.381  23.421 0.6999999881
123791  37.943  35.750  11.652 0.1000000015
123986  35.965  32.400  20.166 0.1000000015
124445  32.537  22.967  34.104 0.1000000015
124783  48.744  7.615  26.197 0.1000000015
125043  43.629  8.040  31.136 0.1000000015
125309  29.659  38.173  18.123 0.1000000015
125733  36.507  20.292  16.634 0.1000000015
126690  33.450  39.398  19.342 0.1000000015
127146  36.298  27.569  17.659 0.1000000015
127753  41.410  14.970  15.965 0.6000000238
128214  48.716  14.849  13.803 0.6999999881
128347  46.793  14.512  10.962 0.8000000119
128422  49.811  17.721  22.262 0.3000000119
128616  38.395  24.120  20.598 0.1000000015
128949  44.863  9.138  26.221 0.2000000030
129375  37.052  11.310  7.420 0.3000000119
129528  38.407  1.628  16.902 0.2000000030
129843  30.261  34.816  15.782 0.1000000015
129889  46.103  21.449  21.692 0.2000000030
130405  41.295  11.532  32.336 0.2000000030
130554  36.065  31.370  12.370 0.1000000015
130772  45.446  14.021  7.925 0.8000000119
130903  33.869  4.274  23.630 0.2000000030
130948  46.173  15.241  10.714 0.8000000119
131094  36.079  11.740  34.722 0.1000000015
131277  32.095  32.278  10.755 0.1000000015
131444  37.536  3.440  23.151 0.3000000119
132973  34.622  32.146  13.234 0.1000000015
133109  20.509  7.889  27.487 0.2000000030
133745  50.337  8.452  15.832 0.3000000119
133822  45.727  8.684  24.405 0.2000000030
134274  29.837  27.394  22.594 0.1000000015
134347  37.189  23.077  20.201 0.1000000015
134432  29.699  29.157  17.193 0.1000000015
134490  24.234  14.382  22.283 0.3000000119
134521  34.385  5.514  33.908 0.1000000015
135047  40.373  9.137  29.146 0.1000000015
135050  45.731  30.261  8.512 0.1000000015
135068  31.471  29.390  25.512 0.1000000015
135127  41.524  15.241  11.436 0.6000000238
135159  30.655  4.945  31.330 0.2000000030
135217  36.424  37.592  13.738 0.1000000015
135302  30.448  12.322  30.866 0.1000000015
135342  35.475  8.327  30.063 0.1000000015
135442  35.738  11.931  33.542 0.1000000015
135849  52.614  9.008  22.227 0.2000000030
135858  33.629  26.478  17.245 0.1000000015
135890  38.555  13.147  35.256 0.2000000030
136484  38.647  22.927  21.219 0.1000000015
136913  33.064  12.370  31.739 0.1000000015
136964  46.978  4.277  18.602 0.3000000119
137183  43.043  5.693  26.051 0.1000000015
137376  41.643  10.861  17.380 0.8000000119
137500  33.872  6.902  28.283 0.1000000015
137660  37.861  22.212  20.978 0.1000000015
137746  33.411  31.046  13.658 0.1000000015
137801  34.718  6.461  26.488 0.1000000015
137847  37.741  13.155  22.735 0.6999999881
137868  43.631  13.379  6.733 0.6999999881
137882  41.294  2.927  20.931 0.3000000119
137883  42.658  10.011  30.417 0.2000000030
137895  34.799  22.257  21.018 0.1000000015
137933  30.633  11.351  21.913 0.4000000060
138270  42.262  2.859  15.769 0.3000000119
138411  31.116  26.540  16.921 0.1000000015
138489  29.792  7.083  30.706 0.2000000030
138924  29.981  4.323  35.709 0.1000000015
138964  44.949  10.340  33.491 0.2000000030
139003  28.283  20.516  23.729 0.2000000030
139443  29.099  13.912  21.354 0.3000000119
139518  31.425  28.536  26.071 0.1000000015
139660  51.790  8.930  9.960 0.2000000030
139674  45.693  13.426  17.076 0.6999999881
139856  41.782  35.952  10.656 0.1000000015
139872  42.454  3.335  14.938 0.3000000119
139934  46.607  16.610  25.571 0.5000000000
140046  33.785  6.305  26.631 0.2000000030
140185  40.693  35.568  10.391 0.1000000015
140332  31.133  29.222  14.715 0.1000000015
