#!ascii label  , from subject sub-v1s20x0050335_ses-1 vox2ras=TkReg
8396
132562  0.829  -91.044  -5.779 0.6000000238
248  0.538  -91.165  -7.447 0.5000000000
106  1.877  -92.342  -5.949 0.6999999881
107  1.311  -91.732  -6.025 0.5000000000
125  1.089  -91.889  -7.950 0.4000000060
254  0.566  -91.142  -8.277 0.2000000030
123053  1.626  -92.487  -6.623 0.5000000000
121533  2.613  -90.541  -5.785 0.8999999762
405  1.319  -90.644  -5.380 0.6999999881
403  2.851  -91.467  -5.400 0.8000000119
130530  1.449  -91.349  -5.488 0.6999999881
236  2.769  -92.161  -5.320 0.8000000119
32  2.248  -92.829  -6.156 0.6999999881
96  2.788  -92.576  -5.536 0.6999999881
124  1.482  -92.616  -8.449 0.4000000060
134  1.201  -91.767  -8.720 0.3000000119
125647  -0.296  -89.430  -6.909 0.6999999881
661  4.699  -89.455  -7.459 0.8999999762
650  3.049  -89.981  -6.570 0.8999999762
663  2.642  -89.099  -6.818 0.8000000119
641  0.709  -90.099  -5.595 0.6999999881
419  -0.253  -89.852  -6.564 0.6999999881
425  5.002  -90.563  -6.901 0.8999999762
415  3.500  -90.915  -6.093 0.8999999762
244  -0.051  -90.248  -6.429 0.5000000000
230  9.710  -91.410  -5.448 1.0000000000
399  9.009  -91.276  -4.677 1.0000000000
398  9.211  -90.467  -4.768 1.0000000000
123473  6.903  -89.931  -4.707 0.8999999762
413  5.752  -90.497  -6.189 0.8999999762
414  4.433  -91.250  -6.055 0.8999999762
231  9.250  -91.838  -5.140 0.8999999762
228  8.285  -91.170  -4.477 1.0000000000
402  6.245  -91.272  -5.436 0.8999999762
122525  5.323  -91.374  -5.818 0.8999999762
241  4.545  -92.012  -5.371 0.8999999762
136432  -0.009  -90.716  -7.827 0.2000000030
89  8.973  -92.205  -5.416 0.8999999762
232  8.625  -91.826  -4.847 0.8999999762
233  7.844  -91.799  -4.796 0.8999999762
240  5.556  -92.045  -5.435 0.8999999762
94  4.484  -92.476  -5.525 0.8000000119
235  3.594  -92.339  -5.330 0.8000000119
259  0.475  -90.970  -9.128 0.2000000030
95  3.637  -92.802  -5.503 0.8999999762
35  1.892  -93.064  -7.158 0.5000000000
43  1.855  -93.109  -8.874 0.3000000119
6  3.804  -94.244  -14.363 0.3000000119
11  3.068  -94.104  -14.888 0.3000000119
118135  2.583  -93.771  -15.491 0.2000000030
17  3.425  -94.148  -15.870 0.3000000119
191  1.753  -92.961  -16.203 0.2000000030
136247  0.717  -88.457  -8.252 0.8000000119
1025  1.634  -88.309  -8.440 1.0000000000
1036  0.923  -88.193  -9.064 0.6999999881
1015  -0.089  -88.799  -7.578 0.8000000119
1037  -0.038  -88.355  -8.554 0.4000000060
1016  -0.725  -89.080  -7.490 0.5000000000
1027  -1.212  -88.725  -8.572 0.4000000060
1012  3.228  -88.497  -7.654 1.0000000000
1013  2.220  -88.638  -7.625 0.8000000119
1014  1.092  -88.759  -7.564 0.6999999881
1011  4.112  -88.474  -7.740 0.8999999762
1021  5.218  -87.696  -8.051 1.0000000000
664  1.557  -89.227  -6.724 0.8000000119
652  0.907  -89.680  -5.828 0.6999999881
666  -0.704  -89.566  -7.286 0.5000000000
1010  5.553  -88.265  -7.590 1.0000000000
662  3.645  -89.145  -7.152 0.8000000119
117974  5.275  -88.972  -7.463 0.8999999762
116433  4.881  -88.435  -7.769 1.0000000000
417  1.272  -90.129  -5.414 0.6999999881
657  12.614  -89.725  -7.479 0.6999999881
658  11.607  -89.455  -7.562 0.6999999881
659  10.687  -89.169  -7.530 0.8000000119
649  5.453  -89.833  -7.159 0.8999999762
124091  11.117  -90.226  -7.364 1.0000000000
646  10.113  -89.827  -6.934 0.8000000119
648  6.053  -89.494  -6.261 0.8999999762
1001  5.859  -88.893  -7.114 0.8999999762
423  12.120  -90.688  -7.611 0.8999999762
424  11.221  -91.328  -7.219 0.8999999762
410  10.483  -91.014  -6.412 1.0000000000
638  9.257  -89.502  -5.098 0.8000000119
986  8.738  -89.452  -4.304 1.0000000000
639  7.465  -89.425  -4.168 0.8999999762
640  6.663  -89.073  -5.097 0.8999999762
117  10.455  -92.393  -8.487 0.8999999762
98  10.381  -92.236  -6.878 1.0000000000
239  10.437  -91.785  -6.465 0.8999999762
229  7.620  -91.063  -4.579 1.0000000000
400  7.397  -90.294  -4.440 0.8999999762
110  10.048  -92.380  -7.677 0.8999999762
111  8.643  -92.518  -7.133 0.8999999762
100  8.525  -92.434  -6.147 0.8999999762
91  7.285  -92.107  -5.318 0.8999999762
138180  6.336  -91.847  -5.325 0.8999999762
126  9.973  -92.474  -9.351 0.8999999762
119  8.669  -92.325  -8.722 0.8999999762
123666  8.135  -92.352  -7.929 0.8999999762
113  6.919  -92.498  -6.730 0.8999999762
127694  6.792  -92.317  -5.871 0.8999999762
139444  9.084  -92.446  -10.890 0.8999999762
128  8.102  -92.026  -9.518 0.8999999762
128437  7.158  -91.739  -9.344 0.8999999762
120  7.174  -92.160  -8.031 0.8999999762
117703  6.190  -92.345  -7.503 0.8999999762
114  4.471  -92.784  -6.661 0.6999999881
123  3.804  -93.056  -7.523 0.6999999881
120216  7.438  -91.708  -11.064 0.8000000119
129  6.430  -91.908  -9.771 0.6999999881
123107  5.655  -92.346  -9.332 0.6999999881
122  4.600  -92.722  -7.916 0.5000000000
131423  3.930  -93.356  -9.459 0.5000000000
122131  3.323  -93.295  -8.460 0.6000000238
120150  2.572  -93.353  -8.756 0.5000000000
155  8.081  -92.009  -12.607 0.6999999881
122398  6.707  -92.369  -11.640 0.6999999881
133294  6.607  -92.903  -12.353 0.6000000238
140  5.801  -92.600  -10.217 0.6000000238
40  4.228  -93.460  -10.139 0.5000000000
130088  3.513  -93.427  -9.960 0.4000000060
141  3.013  -92.903  -10.560 0.3000000119
59  7.494  -93.426  -14.844 0.6000000238
54  7.171  -93.127  -13.927 0.6000000238
50  6.002  -93.536  -12.771 0.6000000238
0  5.236  -94.076  -13.298 0.6000000238
51  4.820  -94.005  -12.422 0.6000000238
47  3.939  -93.650  -11.211 0.4000000060
68  7.693  -94.173  -16.818 0.5000000000
8  7.137  -94.227  -16.174 0.5000000000
60  6.589  -93.794  -14.454 0.5000000000
56  5.625  -94.155  -14.116 0.6000000238
2  4.524  -94.289  -13.833 0.6000000238
3  3.426  -94.183  -13.583 0.4000000060
14  6.891  -94.387  -16.799 0.5000000000
9  6.316  -94.404  -15.943 0.5000000000
16  5.458  -94.449  -16.144 0.3000000119
10  4.421  -94.321  -15.356 0.5000000000
184  2.563  -93.394  -15.477 0.2000000030
25  6.018  -94.267  -18.195 0.5000000000
15  6.166  -94.482  -16.678 0.3000000119
22  5.537  -94.462  -16.971 0.3000000119
19  2.124  -93.621  -16.793 0.2000000030
69  1.705  -93.146  -16.668 0.2000000030
190  2.215  -92.825  -15.911 0.2000000030
121903  5.599  -94.418  -17.665 0.3000000119
26  5.001  -94.284  -18.146 0.3000000119
27  3.756  -94.149  -17.775 0.2000000030
84  1.913  -92.847  -17.874 0.2000000030
80  5.299  -93.844  -18.780 0.3000000119
75  2.621  -93.685  -17.607 0.2000000030
83  2.285  -93.183  -18.175 0.2000000030
206  4.411  -93.246  -19.889 0.2000000030
81  4.287  -93.918  -18.655 0.2000000030
123257  3.721  -93.485  -19.262 0.2000000030
87  2.607  -93.045  -19.124 0.2000000030
307  2.404  -91.659  -19.418 0.2000000030
212  4.035  -93.064  -20.714 0.2000000030
207  3.349  -93.119  -19.989 0.2000000030
208  2.674  -92.507  -19.845 0.2000000030
313  2.565  -91.356  -20.222 0.2000000030
1493  1.150  -87.856  -9.973 0.8000000119
1038  -0.830  -88.196  -8.850 0.4000000060
1505  0.368  -87.650  -10.499 0.4000000060
129721  0.629  -87.560  -11.332 0.6000000238
1023  3.677  -87.971  -8.221 1.0000000000
1024  2.763  -87.899  -8.616 1.0000000000
1506  -0.770  -87.349  -10.203 0.4000000060
1515  -0.466  -87.030  -10.887 0.4000000060
1514  0.208  -87.217  -11.875 0.6000000238
1022  4.433  -87.775  -8.193 1.0000000000
675  -1.594  -88.940  -9.203 0.3000000119
1466  5.936  -87.622  -7.863 1.0000000000
1479  4.957  -87.060  -8.667 1.0000000000
1465  6.657  -87.458  -7.599 1.0000000000
1009  6.224  -88.098  -7.240 1.0000000000
655  14.179  -90.229  -7.215 0.8000000119
1005  12.392  -88.707  -7.199 0.6999999881
135787  11.200  -88.697  -7.627 0.6999999881
120389  7.578  -87.357  -5.903 1.0000000000
1453  6.846  -87.769  -6.627 1.0000000000
429  14.043  -91.165  -8.298 0.8999999762
422  13.796  -90.473  -7.648 0.8999999762
1007  10.505  -88.128  -7.465 0.8000000119
660  9.834  -88.796  -7.142 0.8000000119
1000  6.396  -88.533  -6.309 0.8999999762
245  12.613  -91.528  -8.087 0.8999999762
246  11.799  -91.670  -7.740 1.0000000000
122494  9.319  -88.728  -5.480 0.8000000119
1452  7.965  -87.675  -4.722 0.8999999762
994  7.467  -88.455  -4.412 0.8999999762
134765  13.335  -91.454  -8.389 0.8999999762
253  12.059  -92.063  -8.372 1.0000000000
247  11.082  -91.983  -7.267 1.0000000000
1431  8.091  -88.210  -4.050 0.8999999762
119945  11.391  -92.230  -9.872 0.8999999762
992  8.974  -88.471  -4.585 0.8000000119
136  10.461  -92.415  -10.240 0.8999999762
146  9.787  -92.537  -10.973 0.8999999762
144  11.101  -92.161  -11.749 0.8999999762
124055  9.290  -92.451  -11.576 0.8000000119
137308  10.148  -92.597  -12.355 0.8999999762
132763  8.529  -92.367  -13.865 0.6000000238
127970  8.810  -92.233  -13.089 0.6999999881
120460  9.682  -92.503  -13.280 0.8000000119
164  9.290  -92.352  -13.973 0.6999999881
71  9.285  -93.189  -17.459 0.6999999881
67  8.511  -93.814  -16.825 0.6000000238
63  7.862  -93.749  -15.898 0.6000000238
180  9.124  -92.877  -15.387 0.6000000238
171  9.771  -92.684  -14.962 0.8000000119
72  8.489  -93.563  -17.758 0.6000000238
73  7.843  -94.027  -18.010 0.6000000238
74  6.978  -94.204  -18.103 0.5000000000
201  5.679  -93.152  -19.105 0.4000000060
85  5.045  -93.370  -19.416 0.4000000060
211  4.982  -92.944  -20.661 0.3000000119
219  4.590  -92.875  -21.229 0.1000000015
220  3.850  -92.506  -21.328 0.2000000030
213  3.208  -92.580  -20.584 0.2000000030
1035  1.845  -87.900  -9.332 1.0000000000
1504  1.481  -87.707  -11.025 0.8999999762
1513  1.205  -87.491  -11.936 0.8000000119
1039  -1.287  -88.315  -9.161 0.3000000119
1521  0.832  -87.135  -12.579 0.8000000119
1480  3.824  -87.250  -8.812 1.0000000000
2025  -1.340  -86.925  -10.780 0.3000000119
2032  -1.213  -86.558  -11.429 0.3000000119
1522  -0.229  -86.662  -12.346 0.6999999881
2556  0.584  -85.849  -13.060 0.8000000119
1055  -2.043  -88.142  -10.951 0.3000000119
2005  5.876  -86.774  -8.895 1.0000000000
1476  7.135  -86.902  -8.148 1.0000000000
2003  7.556  -86.257  -8.686 1.0000000000
1992  7.831  -86.523  -7.633 1.0000000000
2002  8.276  -85.802  -8.122 0.8000000119
409  15.535  -90.554  -7.248 0.8999999762
134301  12.175  -87.471  -7.138 0.8000000119
1461  11.658  -87.360  -7.325 0.8000000119
1991  8.489  -86.036  -6.810 1.0000000000
126635  15.846  -90.532  -8.010 0.8999999762
421  14.966  -90.842  -8.048 0.8999999762
1448  12.660  -87.285  -6.592 0.8000000119
1989  12.100  -86.794  -7.124 0.8000000119
1462  10.974  -87.307  -7.365 0.8000000119
115880  8.413  -87.024  -5.268 0.8000000119
1977  8.840  -86.387  -5.629 0.8000000119
667  15.664  -89.841  -8.741 0.8000000119
672  15.206  -90.169  -9.259 0.8999999762
1990  11.425  -86.621  -7.128 0.8000000119
1975  10.673  -86.551  -6.787 0.8000000119
998  9.345  -87.930  -5.324 0.8000000119
1451  9.054  -86.913  -5.036 0.8000000119
434  14.075  -91.193  -9.981 0.8999999762
255  13.606  -91.612  -9.479 0.8999999762
1441  9.017  -87.571  -4.783 0.8000000119
261  13.191  -91.439  -10.232 0.8999999762
257  12.130  -92.092  -9.671 1.0000000000
263  11.867  -91.953  -10.507 1.0000000000
268  11.544  -91.730  -11.382 1.0000000000
273  11.559  -91.865  -12.442 0.8999999762
161  11.252  -92.434  -13.121 0.8999999762
187  9.969  -93.073  -16.989 0.8000000119
179  10.517  -92.858  -15.695 0.8000000119
163  10.203  -92.613  -14.011 0.8000000119
66  9.301  -93.440  -16.939 0.6999999881
61  9.825  -93.001  -16.166 0.6999999881
170  10.797  -92.900  -14.862 0.8999999762
193  8.843  -93.025  -17.962 0.6000000238
199  7.207  -92.561  -18.473 0.5000000000
78  7.199  -93.639  -18.332 0.5000000000
200  6.432  -92.876  -18.756 0.6000000238
204  6.000  -92.291  -19.374 0.5000000000
309  5.725  -92.176  -20.090 0.4000000060
1492  2.483  -87.505  -9.518 1.0000000000
118838  2.038  -87.601  -10.189 1.0000000000
137974  3.066  -87.224  -9.313 1.0000000000
133711  2.365  -87.416  -10.914 1.0000000000
2022  4.161  -86.152  -10.093 1.0000000000
1507  -1.519  -87.623  -10.332 0.3000000119
2529  2.278  -85.536  -12.086 1.0000000000
1490  4.482  -86.584  -9.390 1.0000000000
1516  -1.935  -87.332  -11.090 0.3000000119
2033  -1.765  -86.860  -11.394 0.3000000119
118660  5.308  -86.482  -9.293 1.0000000000
2016  6.113  -86.066  -9.525 1.0000000000
697  -1.521  -88.949  -11.937 0.3000000119
139957  -1.780  -88.358  -12.204 0.3000000119
1536  -2.053  -87.331  -12.830 0.3000000119
2041  -1.958  -86.523  -11.995 0.3000000119
2057  -0.778  -85.868  -12.877 0.6000000238
2015  7.096  -85.887  -9.372 1.0000000000
119648  -2.202  -85.400  -13.495 0.4000000060
2558  -1.328  -85.108  -13.268 0.6999999881
2497  7.936  -85.449  -9.114 1.0000000000
140000  7.813  -84.948  -9.430 1.0000000000
2496  8.565  -85.029  -8.441 0.8000000119
1447  13.196  -87.602  -5.761 0.6999999881
2487  8.777  -85.268  -7.189 0.8000000119
643  17.138  -89.760  -6.939 0.8000000119
1972  13.284  -86.603  -6.179 0.8000000119
654  16.248  -89.539  -8.057 0.8000000119
1973  12.675  -86.296  -6.744 0.8000000119
2474  9.176  -85.699  -6.018 0.8000000119
433  14.763  -90.788  -9.484 0.8000000119
1974  11.955  -85.973  -6.946 0.6999999881
116375  11.039  -85.764  -6.528 0.8000000119
128769  10.216  -85.984  -5.890 0.8000000119
2473  9.797  -85.570  -5.798 0.8000000119
673  14.696  -89.963  -9.741 0.8999999762
1450  9.427  -87.092  -5.307 0.8000000119
678  12.960  -89.759  -10.798 0.8999999762
440  12.690  -90.498  -10.877 0.8999999762
262  12.171  -91.203  -10.953 0.8999999762
445  12.337  -90.299  -11.651 0.8999999762
267  11.836  -91.011  -11.992 0.8999999762
279  12.124  -92.158  -13.398 0.8999999762
124501  11.968  -92.753  -14.089 0.8999999762
132609  10.784  -92.770  -16.525 0.8999999762
125447  11.300  -92.855  -15.684 1.0000000000
169  11.673  -92.939  -14.873 0.8999999762
162  11.108  -92.870  -13.978 0.8999999762
135754  9.461  -92.676  -17.677 0.8000000119
491  7.639  -90.474  -19.264 0.5000000000
198  8.078  -92.251  -18.224 0.6999999881
302  7.168  -91.338  -18.784 0.5000000000
308  6.437  -91.455  -19.576 0.5000000000
210  5.769  -92.572  -21.067 0.5000000000
218  5.245  -92.763  -21.520 0.2000000030
311  6.327  -91.715  -20.483 0.5000000000
127784  4.742  -92.665  -21.780 0.1000000015
321  6.730  -92.440  -21.617 0.5000000000
2023  3.501  -86.458  -10.500 1.0000000000
1503  2.839  -87.068  -10.151 1.0000000000
3014  1.816  -85.112  -12.110 0.8999999762
2523  4.376  -85.472  -10.451 1.0000000000
2524  3.697  -85.162  -10.916 1.0000000000
2030  3.426  -86.049  -11.204 1.0000000000
129792  0.654  -84.701  -11.923 0.8999999762
3003  -0.049  -84.588  -11.508 0.8999999762
2513  5.796  -85.115  -9.953 1.0000000000
2514  5.054  -85.844  -9.905 1.0000000000
2989  4.489  -84.142  -10.225 1.0000000000
3004  -1.154  -84.276  -12.147 0.8000000119
2976  6.483  -84.442  -9.624 1.0000000000
2512  6.572  -85.347  -9.681 1.0000000000
1066  -1.131  -88.127  -13.390 0.3000000119
126680  -0.717  -84.513  -12.852 0.6999999881
3529  8.043  -84.072  -9.028 0.8999999762
2975  7.560  -84.489  -9.378 1.0000000000
2060  -2.302  -85.474  -13.923 0.4000000060
3034  -1.652  -84.720  -13.179 0.5000000000
3035  -3.031  -84.561  -13.576 0.5000000000
3036  -3.079  -84.558  -14.098 0.4000000060
3562  -3.400  -84.171  -13.925 0.6000000238
4128  9.983  -82.654  -6.740 0.6999999881
134248  9.465  -83.733  -7.278 0.8000000119
126118  -3.520  -83.702  -13.384 0.6000000238
2942  10.586  -84.078  -6.362 0.6999999881
3497  10.016  -83.433  -6.814 0.8000000119
1959  13.826  -86.826  -5.259 0.6999999881
2460  13.709  -85.858  -5.855 0.6999999881
122301  10.073  -84.922  -6.071 0.8000000119
2943  9.791  -84.279  -6.656 0.8000000119
1002  16.584  -88.863  -7.385 0.8000000119
1003  15.445  -88.861  -8.672 0.8000000119
2470  12.621  -85.473  -6.574 0.6999999881
2941  11.501  -84.355  -6.218 0.6999999881
1033  14.840  -89.116  -9.368 0.8000000119
2471  11.749  -85.179  -6.480 0.6999999881
2472  10.835  -84.932  -6.171 0.8000000119
674  13.994  -88.912  -10.143 0.8999999762
129556  13.245  -88.848  -10.733 0.8999999762
679  12.626  -89.748  -11.227 0.8999999762
695  12.617  -89.630  -11.756 0.8999999762
453  12.615  -90.053  -12.374 0.8000000119
127622  12.129  -91.217  -12.909 0.8000000119
118134  12.995  -91.855  -13.566 0.8000000119
160  12.854  -92.438  -14.227 0.8000000119
292  11.340  -92.233  -16.826 0.8999999762
186  11.583  -92.617  -16.231 1.0000000000
168  12.492  -92.748  -14.966 0.8999999762
192  10.221  -92.617  -17.234 0.8999999762
296  10.630  -91.681  -17.412 0.8999999762
197  8.995  -92.053  -18.020 0.8000000119
118376  9.812  -91.915  -17.721 0.8000000119
126866  8.906  -90.505  -18.626 0.8000000119
301  8.266  -91.041  -18.459 0.8000000119
300  9.281  -91.114  -18.144 0.8000000119
507  7.506  -90.537  -20.185 0.5000000000
499  6.800  -90.994  -20.123 0.5000000000
127118  7.920  -90.924  -20.905 0.6000000238
310  7.169  -91.448  -20.934 0.5000000000
222  6.931  -92.674  -22.362 0.5000000000
217  6.046  -92.734  -21.984 0.5000000000
319  8.981  -92.365  -21.968 0.5000000000
123501  8.086  -91.928  -21.580 0.5000000000
320  8.231  -92.660  -22.139 0.5000000000
329  8.945  -92.628  -22.526 0.5000000000
137218  8.329  -92.657  -22.670 0.5000000000
215  7.712  -92.689  -22.539 0.5000000000
227  7.063  -92.448  -22.924 0.5000000000
328  9.830  -92.446  -22.384 0.5000000000
340  9.425  -92.346  -23.124 0.5000000000
528  8.787  -91.431  -23.785 0.5000000000
131135  7.951  -91.651  -23.566 0.5000000000
526  10.632  -91.560  -23.625 0.5000000000
527  9.793  -91.595  -23.673 0.5000000000
792  8.469  -89.905  -24.130 0.4000000060
777  10.113  -90.320  -23.867 0.5000000000
1156  9.644  -89.142  -24.070 0.4000000060
1175  9.603  -88.387  -25.133 0.4000000060
2528  2.975  -85.353  -11.508 1.0000000000
2994  -0.980  -84.553  -11.032 1.0000000000
3000  3.069  -84.643  -11.052 1.0000000000
2992  1.753  -84.589  -10.588 1.0000000000
116391  0.908  -84.912  -10.367 0.8999999762
3531  5.631  -83.885  -9.576 1.0000000000
2988  5.385  -84.288  -10.003 1.0000000000
118729  -2.085  -84.327  -11.415 0.6999999881
128529  7.202  -83.529  -8.408 1.0000000000
3516  6.492  -83.573  -8.515 1.0000000000
125719  -2.964  -84.229  -12.191 0.8999999762
3515  7.849  -83.660  -8.543 0.8999999762
3506  7.565  -83.245  -7.860 0.8000000119
126291  6.784  -83.328  -7.775 0.8000000119
116680  5.991  -83.465  -7.743 0.8000000119
3017  -2.003  -84.269  -12.889 0.6999999881
3018  -3.629  -84.123  -12.991 0.8000000119
3019  -3.914  -83.956  -11.948 0.8000000119
4138  8.833  -82.822  -7.510 0.8999999762
4129  8.580  -82.267  -6.830 0.8000000119
3555  -4.079  -83.556  -12.440 0.6999999881
4179  -3.768  -82.924  -12.976 0.8000000119
4186  -2.705  -82.743  -14.189 0.6999999881
4171  -3.555  -82.280  -11.664 0.8000000119
3496  10.706  -83.024  -6.467 0.6999999881
3495  11.439  -83.460  -6.188 0.6999999881
4126  11.416  -82.542  -5.999 0.6999999881
1460  15.682  -87.313  -7.448 0.8000000119
139935  15.118  -87.999  -8.490 0.8000000119
2930  13.645  -84.509  -5.401 0.6999999881
2939  13.305  -85.032  -6.099 0.6999999881
3494  12.142  -83.866  -6.051 0.6999999881
1020  14.637  -87.727  -9.066 0.8000000119
1501  13.915  -87.126  -10.330 0.8999999762
1054  13.280  -88.162  -11.219 0.8999999762
687  13.382  -88.712  -11.871 0.8999999762
694  12.958  -89.431  -12.157 0.8999999762
126689  13.760  -89.602  -12.529 0.8999999762
452  13.230  -90.259  -12.824 0.8000000119
278  13.857  -92.147  -14.340 0.8999999762
271  13.855  -91.488  -13.492 0.8000000119
185  12.165  -92.361  -16.272 1.0000000000
177  12.758  -92.405  -15.705 1.0000000000
159  13.294  -92.349  -15.105 1.0000000000
297  10.057  -90.987  -17.847 0.8999999762
497  8.225  -90.088  -19.772 0.6999999881
489  9.615  -90.295  -18.489 0.8000000119
12519  -1.722  -71.518  -22.590 0.6000000238
12507  -2.392  -70.867  -21.627 0.6000000238
496  9.005  -89.979  -19.259 0.8000000119
139334  9.522  -89.747  -19.039 0.8999999762
506  8.504  -90.244  -20.598 0.6000000238
744  8.867  -89.761  -20.043 0.6999999881
737  9.518  -89.406  -19.728 0.8999999762
124479  -1.846  -71.397  -23.636 0.6000000238
516  8.748  -91.219  -21.414 0.6000000238
10937  -1.649  -72.417  -22.651 0.5000000000
131036  9.638  -91.923  -21.824 0.5000000000
318  10.490  -92.161  -21.935 0.5000000000
339  10.298  -92.313  -23.047 0.5000000000
123999  11.712  -90.320  -23.897 0.6000000238
525  11.419  -91.405  -23.683 0.5000000000
317  11.285  -92.133  -21.901 0.6999999881
776  10.923  -90.302  -23.793 0.5000000000
1155  10.465  -89.150  -23.892 0.5000000000
119477  10.139  -88.413  -24.474 0.5000000000
1154  11.272  -89.199  -23.876 0.5000000000
134550  10.328  -88.130  -25.060 0.4000000060
1642  11.041  -87.980  -24.671 0.5000000000
1174  10.890  -88.076  -25.389 0.4000000060
1184  10.297  -88.544  -25.901 0.4000000060
2993  0.083  -84.885  -10.627 0.8999999762
2981  -2.347  -84.777  -10.453 1.0000000000
2995  -3.709  -84.377  -10.347 1.0000000000
2996  -4.193  -83.908  -10.233 0.8999999762
3549  -4.244  -83.458  -11.502 0.8000000119
4170  -2.009  -81.724  -12.194 0.6999999881
3489  12.303  -83.023  -5.688 0.6999999881
1474  14.974  -86.999  -8.330 0.8000000119
136007  12.973  -83.979  -5.726 0.6999999881
1489  14.170  -87.047  -9.695 0.8000000119
1502  13.780  -87.442  -11.018 0.8000000119
120851  13.866  -87.989  -11.657 0.8000000119
130833  14.281  -88.864  -12.288 0.8000000119
451  14.436  -90.817  -13.097 0.6999999881
277  14.942  -91.585  -13.823 0.8999999762
283  14.763  -91.737  -14.568 0.8999999762
288  13.422  -92.029  -15.722 1.0000000000
287  14.080  -91.942  -15.161 0.8999999762
290  12.786  -91.944  -16.250 1.0000000000
295  11.398  -91.173  -17.098 1.0000000000
138355  12.575  -91.133  -16.424 0.8999999762
485  10.777  -90.608  -17.577 1.0000000000
488  10.276  -90.252  -18.126 1.0000000000
137274  -2.921  -68.104  -21.731 0.8000000119
13371  -2.616  -69.747  -22.221 0.8000000119
13357  -3.137  -69.900  -21.420 0.6999999881
736  10.067  -89.592  -18.786 0.8999999762
733  10.771  -89.594  -17.992 0.8999999762
13384  -2.319  -68.781  -22.563 0.8000000119
13370  -2.082  -70.543  -22.639 0.6000000238
14186  -3.714  -69.079  -21.035 0.6999999881
753  9.358  -89.552  -20.766 0.8000000119
1127  9.902  -88.846  -20.463 0.8999999762
13383  -1.829  -69.637  -23.527 0.8000000119
761  9.184  -90.291  -21.185 0.8000000119
138842  9.987  -89.110  -21.167 1.0000000000
1126  10.392  -88.505  -20.897 0.8999999762
10950  -2.204  -72.125  -24.203 0.5000000000
515  9.447  -90.858  -21.498 0.6000000238
121424  10.106  -91.161  -21.673 0.8000000119
758  11.453  -90.969  -21.228 0.8999999762
1133  11.374  -89.487  -21.344 0.8999999762
337  11.927  -91.855  -23.218 0.6999999881
326  11.653  -92.155  -22.422 0.8000000119
513  11.881  -91.698  -21.283 0.8999999762
325  12.609  -91.872  -22.544 0.6000000238
316  12.161  -91.925  -21.647 0.6999999881
791  12.939  -89.566  -24.270 0.6999999881
775  12.460  -90.495  -24.052 0.6999999881
1163  12.544  -88.480  -24.319 0.5000000000
1641  12.056  -87.846  -24.657 0.5000000000
2980  -0.877  -85.098  -10.087 1.0000000000
4155  -4.197  -82.911  -10.071 0.8000000119
121916  -2.290  -81.885  -11.265 0.8000000119
5418  -1.381  -80.740  -11.980 0.4000000060
4761  -1.024  -81.298  -11.908 0.6000000238
4169  -0.856  -81.562  -11.241 0.8000000119
3488  13.064  -83.181  -5.093 0.6999999881
5407  -1.173  -80.549  -11.116 0.3000000119
2484  16.114  -85.309  -7.553 0.8000000119
2485  15.441  -85.426  -8.211 0.8000000119
2509  15.382  -85.489  -8.851 0.8000000119
2001  14.929  -85.909  -8.600 0.8000000119
2020  14.957  -86.339  -10.148 0.8000000119
1058  14.863  -88.250  -11.951 0.8000000119
1510  15.513  -87.845  -11.484 0.8000000119
693  15.508  -89.366  -12.468 0.6999999881
115915  14.953  -90.085  -12.789 0.6999999881
124869  16.207  -90.825  -13.813 0.8000000119
461  15.463  -91.010  -13.384 0.6999999881
135841  15.274  -91.521  -14.337 0.8000000119
479  15.666  -90.600  -15.424 0.8999999762
286  14.813  -91.218  -15.329 0.8999999762
128207  13.535  -90.290  -16.017 0.8999999762
729  12.675  -90.113  -16.317 0.8999999762
730  12.081  -89.725  -16.702 0.8999999762
16592  -1.292  -66.487  -20.563 1.0000000000
133708  -1.522  -66.939  -21.655 0.8999999762
15802  -1.916  -66.778  -21.137 0.8999999762
1095  11.888  -89.180  -16.974 0.8999999762
14975  -2.463  -67.503  -21.614 0.8000000119
120721  -3.408  -68.083  -21.253 0.6999999881
14965  -3.886  -68.456  -20.419 0.6999999881
1104  10.877  -88.718  -18.278 0.8999999762
14987  -2.386  -68.074  -22.145 0.8999999762
1110  10.565  -88.104  -19.061 0.8000000119
14212  -1.704  -68.796  -23.314 0.8000000119
1603  10.723  -87.959  -20.481 0.8999999762
121212  -1.867  -70.598  -23.529 0.8000000119
759  10.608  -90.258  -21.542 1.0000000000
136722  -1.759  -70.491  -24.406 0.8999999762
130003  12.155  -89.185  -20.871 0.8999999762
537  14.092  -90.597  -24.282 0.8000000119
790  13.785  -89.898  -24.559 0.6999999881
335  14.113  -91.184  -23.399 0.8000000119
324  13.639  -91.592  -22.369 0.6000000238
315  13.169  -91.658  -21.535 0.6000000238
757  12.333  -90.745  -20.741 0.6999999881
774  13.316  -90.818  -24.075 0.6999999881
1162  13.491  -88.647  -24.578 0.6999999881
4167  -3.457  -82.340  -10.683 0.8000000119
6066  -3.683  -80.103  -9.983 0.3000000119
4760  -0.434  -81.110  -11.365 0.6999999881
1987  15.942  -86.198  -6.953 0.8000000119
5393  -2.335  -80.274  -10.579 0.3000000119
2467  17.537  -85.331  -6.389 0.8000000119
2494  16.674  -85.208  -7.857 0.8000000119
121111  16.519  -86.062  -9.433 0.8000000119
1499  15.200  -86.991  -10.879 0.8000000119
692  16.738  -89.709  -12.756 0.8000000119
686  16.034  -88.800  -12.036 0.8000000119
449  16.784  -90.197  -13.597 0.8999999762
131090  16.133  -90.653  -15.094 0.8999999762
460  16.726  -90.347  -14.288 0.8999999762
124746  16.182  -90.854  -14.537 0.8999999762
15801  -0.868  -66.670  -21.173 1.0000000000
14964  -3.531  -67.725  -20.540 0.6999999881
133536  11.579  -88.010  -17.473 0.8000000119
128175  11.087  -87.964  -18.111 0.8000000119
15817  -1.580  -67.379  -22.185 0.8999999762
136729  15.643  -91.215  -22.156 0.8000000119
1591  10.810  -87.457  -19.695 0.8000000119
14986  -1.499  -67.934  -22.886 0.8999999762
13402  -1.539  -69.628  -24.454 0.8000000119
536  14.987  -90.722  -24.020 0.8999999762
126145  15.055  -91.163  -23.022 0.6000000238
1124  12.012  -88.170  -20.722 0.8000000119
12534  -1.967  -70.991  -24.999 0.8999999762
788  15.422  -90.300  -25.030 0.8999999762
519  14.678  -91.398  -22.270 0.5000000000
314  14.271  -91.536  -21.379 0.6000000238
504  14.471  -91.060  -19.934 0.5000000000
1123  13.639  -89.158  -19.417 0.6000000238
11745  -2.716  -72.404  -25.191 0.6000000238
11744  -2.256  -71.697  -25.666 0.8000000119
789  14.540  -90.153  -24.868 0.8999999762
505  13.465  -90.962  -20.202 0.6000000238
752  13.030  -89.933  -19.972 0.6000000238
1639  14.033  -87.961  -25.067 0.6000000238
1161  14.311  -89.111  -24.960 0.6999999881
1650  14.074  -87.553  -25.693 0.5000000000
131245  13.374  -87.569  -25.480 0.6000000238
134815  12.767  -87.533  -26.089 0.4000000060
6067  -4.585  -79.400  -9.483 0.3000000119
118016  -2.233  -80.339  -9.487 0.6999999881
5406  -0.231  -80.729  -10.718 0.6999999881
2483  17.053  -85.093  -7.140 0.8000000119
1999  16.906  -85.567  -8.599 0.8000000119
1046  16.273  -87.631  -10.896 0.8000000119
1045  17.229  -88.403  -10.864 0.8000000119
1053  16.599  -88.516  -11.453 0.8000000119
685  17.145  -89.292  -12.064 0.8000000119
118388  -0.752  -65.196  -17.942 0.8999999762
17307  -1.129  -65.134  -18.784 1.0000000000
17327  -1.456  -65.760  -19.321 1.0000000000
119791  -0.872  -65.979  -19.276 1.0000000000
16571  -0.949  -66.198  -19.988 1.0000000000
16572  -1.678  -66.198  -19.984 0.8999999762
15762  -3.158  -66.971  -19.387 0.6999999881
14953  -3.682  -67.814  -19.671 0.6000000238
1567  11.945  -87.558  -17.042 0.8000000119
16591  -0.461  -66.645  -20.486 1.0000000000
1580  10.991  -87.040  -18.655 0.8000000119
15800  0.120  -66.915  -21.203 1.0000000000
15816  -0.641  -66.859  -21.886 0.8999999762
118051  -0.576  -67.525  -23.336 0.8999999762
14222  -1.276  -68.716  -24.269 0.8000000119
518  16.054  -91.136  -21.402 0.6999999881
2622  12.128  -85.893  -19.076 0.6999999881
2122  11.745  -86.561  -19.460 0.8000000119
13420  -1.321  -69.946  -25.448 0.8000000119
125540  15.307  -91.390  -21.312 0.6000000238
509  15.817  -91.039  -20.609 0.6000000238
1602  12.183  -87.187  -20.017 0.8000000119
12545  -1.646  -70.899  -26.147 0.8999999762
742  14.597  -89.425  -19.136 0.6000000238
1117  14.269  -88.282  -19.226 0.6000000238
2121  12.656  -86.444  -19.415 0.6000000238
134146  12.748  -88.852  -20.134 0.8000000119
10167  -3.315  -74.129  -26.103 0.6000000238
11754  -2.610  -72.385  -26.137 0.6999999881
11753  -1.978  -71.639  -26.741 0.8000000119
1657  15.340  -88.071  -26.073 0.8000000119
751  14.033  -90.251  -19.476 0.6000000238
1658  14.557  -87.460  -26.348 0.6000000238
136358  13.979  -87.254  -27.039 0.6000000238
1667  13.325  -87.512  -27.312 0.4000000060
1676  13.224  -87.743  -28.646 0.4000000060
6055  -4.169  -79.539  -8.314 0.6000000238
125787  17.690  -89.631  -12.753 0.8999999762
16548  -0.762  -65.946  -18.373 0.8999999762
134212  -1.468  -64.482  -18.490 1.0000000000
17328  -2.059  -65.660  -19.320 1.0000000000
123453  -0.466  -66.771  -19.720 0.8999999762
16549  -2.562  -65.709  -18.714 0.6999999881
2598  12.056  -85.079  -16.962 0.6000000238
2095  11.886  -85.718  -17.003 0.6999999881
15815  0.329  -66.939  -22.255 0.8999999762
136200  16.635  -89.143  -26.741 0.8999999762
138845  17.397  -89.826  -25.701 0.8000000119
2613  11.883  -85.574  -18.369 0.8000000119
2106  11.494  -86.184  -17.849 0.8000000119
15001  -0.126  -67.651  -24.021 0.8999999762
1171  16.158  -89.540  -25.989 0.8000000119
803  16.840  -90.037  -25.445 0.8000000119
522  16.642  -90.778  -23.002 0.8000000119
517  16.603  -90.945  -22.085 0.6999999881
15002  -0.941  -68.101  -23.788 0.8999999762
13419  -0.677  -69.375  -25.521 0.8999999762
12560  -1.264  -71.141  -26.915 0.8999999762
1180  17.029  -88.832  -27.535 0.8999999762
135956  16.415  -88.679  -27.047 0.8999999762
1181  15.947  -88.865  -26.463 0.8999999762
118148  16.014  -90.101  -25.460 0.8000000119
1131  16.501  -90.057  -21.482 0.6999999881
756  16.014  -90.368  -20.670 0.6000000238
1122  15.703  -89.584  -20.161 0.5000000000
2621  13.007  -85.790  -19.116 0.6000000238
139038  13.281  -85.249  -18.923 0.5000000000
1664  16.532  -88.081  -27.635 1.0000000000
1656  15.933  -88.023  -26.805 0.8999999762
1172  15.429  -89.184  -25.888 1.0000000000
1132  15.910  -89.557  -21.044 0.6999999881
126859  15.541  -88.567  -20.917 0.5000000000
133674  15.327  -88.499  -19.743 0.5000000000
1587  14.954  -88.048  -19.336 0.5000000000
2120  13.677  -86.401  -19.317 0.6000000238
118568  -3.846  -75.463  -25.717 0.5000000000
131170  -2.902  -73.309  -26.361 0.8999999762
1685  17.381  -87.565  -29.267 1.0000000000
1665  15.596  -87.477  -27.403 1.0000000000
1615  15.402  -87.534  -20.610 0.5000000000
1600  15.120  -87.391  -19.750 0.5000000000
2119  14.416  -86.155  -19.426 0.5000000000
1674  15.821  -86.989  -28.724 1.0000000000
1666  14.708  -87.250  -27.243 0.8000000119
1687  14.768  -86.934  -29.170 0.6999999881
1675  14.946  -87.054  -28.147 0.6999999881
118713  13.925  -87.259  -28.801 0.4000000060
1701  15.716  -86.692  -30.541 0.6999999881
120093  14.710  -86.791  -30.087 0.6000000238
1689  12.725  -87.678  -29.765 0.4000000060
1702  13.846  -86.790  -30.636 0.4000000060
123048  13.700  -87.175  -29.740 0.4000000060
5382  -2.575  -80.315  -8.606 0.8000000119
5392  -0.878  -80.346  -9.459 0.6999999881
5391  -0.072  -80.536  -9.930 0.6999999881
5405  0.298  -80.941  -10.409 0.6999999881
5373  -3.804  -79.793  -7.392 0.8000000119
128220  -1.012  -80.347  -10.241 0.6000000238
133204  -3.315  -76.396  -8.198 0.1000000015
16530  -0.824  -66.180  -17.209 0.8999999762
15761  -0.625  -66.779  -18.713 0.8999999762
18060  -1.870  -64.147  -18.411 1.0000000000
17309  -2.179  -64.975  -18.784 0.8000000119
129870  -2.518  -64.973  -18.079 0.8000000119
3093  12.333  -84.739  -17.225 0.5000000000
15783  0.050  -67.160  -20.235 1.0000000000
802  17.875  -89.698  -26.101 0.8999999762
813  17.545  -89.308  -27.105 0.8999999762
521  17.089  -90.466  -23.635 0.8000000119
766  17.143  -90.373  -22.129 0.8000000119
3097  13.198  -84.631  -18.467 0.4000000060
3098  12.352  -84.888  -17.985 0.4000000060
14984  0.730  -67.511  -22.732 1.0000000000
14221  -0.632  -67.812  -24.888 0.8999999762
1672  17.809  -88.399  -28.918 0.8000000119
772  17.952  -90.205  -22.794 0.8000000119
1144  17.107  -89.352  -22.321 0.6999999881
1145  16.149  -88.658  -21.861 0.6000000238
8497  -2.688  -76.657  -27.056 0.8000000119
13439  -0.939  -70.300  -26.169 0.8999999762
1684  18.064  -88.165  -29.449 0.8999999762
137092  15.695  -87.725  -21.483 0.5000000000
2620  13.801  -85.669  -19.173 0.5000000000
6266  -3.205  -79.698  -26.555 0.8000000119
7708  -2.526  -77.533  -27.290 0.8999999762
9344  -3.032  -75.781  -26.658 0.6999999881
10183  -2.501  -74.378  -26.672 0.8000000119
11765  -1.411  -71.833  -27.427 0.8999999762
136016  16.540  -87.045  -29.138 1.0000000000
2629  15.314  -85.743  -20.177 0.5000000000
2630  14.874  -85.765  -19.699 0.5000000000
2619  14.453  -85.384  -19.403 0.5000000000
9343  -2.400  -75.367  -26.782 0.8000000119
127922  17.565  -87.327  -29.963 1.0000000000
121219  16.656  -86.935  -29.846 0.8999999762
1710  17.065  -86.782  -31.336 0.8999999762
1711  16.181  -86.626  -31.349 0.8000000119
134110  15.398  -86.561  -31.322 0.6000000238
125012  14.810  -86.523  -31.781 0.5000000000
1713  13.990  -86.608  -31.506 0.5000000000
1703  12.973  -87.177  -30.404 0.4000000060
121752  -2.102  -80.326  -7.980 0.8000000119
5383  -3.250  -80.148  -8.038 0.8000000119
135534  -4.100  -78.559  -6.061 0.4000000060
120171  -0.622  -64.498  -17.466 0.8999999762
18010  -0.449  -63.737  -17.125 0.8999999762
18040  -0.814  -63.725  -18.013 1.0000000000
18059  -1.393  -63.915  -18.299 1.0000000000
18878  -1.383  -63.350  -18.057 1.0000000000
18891  -1.819  -63.677  -18.194 1.0000000000
18892  -2.071  -63.864  -18.184 1.0000000000
17265  -2.642  -64.643  -17.199 0.8000000119
116432  -2.023  -63.496  -17.199 0.8999999762
17288  -3.067  -65.548  -17.194 0.8000000119
15741  -0.853  -66.956  -17.644 0.8999999762
137251  -0.102  -67.305  -19.686 0.8999999762
125742  17.838  -90.005  -25.111 0.6999999881
14963  0.411  -67.772  -20.708 1.0000000000
1201  18.001  -88.742  -28.787 0.8000000119
765  18.025  -89.730  -22.609 0.6999999881
1143  17.840  -88.551  -22.611 0.6999999881
15019  0.183  -67.613  -24.867 0.8999999762
1212  18.228  -88.682  -29.182 0.8000000119
1627  16.856  -88.036  -22.468 0.6000000238
2135  15.779  -86.718  -21.369 0.4000000060
3104  13.874  -84.951  -19.049 0.4000000060
14235  -0.184  -68.421  -25.234 0.8999999762
13438  -0.102  -69.624  -26.003 0.8999999762
1699  18.114  -87.679  -30.107 0.8999999762
2628  15.798  -85.077  -20.518 0.5000000000
133213  15.165  -84.306  -19.623 0.4000000060
5618  -2.011  -80.106  -26.379 0.6000000238
140268  17.576  -87.093  -30.626 1.0000000000
3111  15.124  -85.040  -19.822 0.5000000000
8496  -2.009  -76.858  -27.153 0.8999999762
120125  -2.247  -76.146  -27.023 0.8000000119
10983  -2.123  -72.456  -27.025 0.8999999762
1718  17.349  -86.543  -32.028 0.8999999762
10998  -1.965  -73.458  -27.131 0.8999999762
1719  16.484  -86.460  -32.061 0.8000000119
123249  14.986  -86.316  -32.496 0.5000000000
1721  14.179  -86.497  -32.245 0.5000000000
2213  13.673  -86.118  -33.167 0.4000000060
2202  14.304  -86.259  -32.926 0.6000000238
139666  12.707  -85.764  -32.862 0.3000000119
3510  -0.942  -83.134  -7.770 1.0000000000
4153  -0.699  -82.252  -9.554 1.0000000000
5371  -0.156  -80.531  -7.711 0.8999999762
5380  -0.216  -80.472  -8.893 0.6999999881
5379  0.431  -80.876  -9.564 0.8000000119
4152  0.313  -81.987  -9.499 0.8000000119
4165  -0.145  -81.822  -10.336 0.8000000119
120306  -1.034  -80.383  -8.115 0.8000000119
16501  -0.897  -66.126  -15.205 0.8999999762
133958  -0.845  -65.866  -15.832 0.8999999762
18001  -0.451  -64.588  -16.362 0.8999999762
18009  -0.033  -63.761  -16.185 0.8999999762
18851  -0.193  -62.900  -16.870 1.0000000000
18852  -0.784  -63.093  -17.560 1.0000000000
134804  -1.668  -63.125  -17.302 1.0000000000
18853  -2.155  -63.299  -16.561 1.0000000000
15724  -1.118  -67.090  -16.597 0.8999999762
18002  -2.551  -63.801  -16.294 0.8000000119
18012  -2.764  -64.399  -16.534 0.8000000119
138607  -3.449  -65.956  -15.581 0.6999999881
3096  14.065  -84.197  -18.792 0.4000000060
15742  -1.228  -67.882  -16.990 0.8999999762
134005  -0.343  -67.485  -19.079 0.8999999762
17259  -3.427  -65.348  -15.190 0.6000000238
16502  -3.471  -66.745  -15.501 0.5000000000
785  18.690  -89.846  -24.375 0.6999999881
3645  15.618  -83.682  -19.608 0.5000000000
14938  -0.503  -68.314  -18.738 0.8999999762
14974  0.742  -67.454  -21.734 1.0000000000
1200  18.393  -88.997  -29.009 0.8000000119
764  18.655  -89.628  -22.852 0.6999999881
1626  17.651  -87.480  -22.302 0.6000000238
14211  1.114  -68.109  -23.316 1.0000000000
14220  0.954  -67.952  -24.432 0.8999999762
1683  18.486  -88.402  -29.727 0.8000000119
2140  16.928  -87.154  -22.116 0.5000000000
140091  16.260  -85.970  -21.351 0.5000000000
3110  15.768  -84.381  -20.030 0.5000000000
1709  18.694  -87.377  -31.053 0.8999999762
6264  -1.718  -79.521  -26.513 0.8999999762
12559  -0.442  -70.776  -26.721 0.8999999762
12576  -0.705  -71.532  -27.424 0.8999999762
128109  17.948  -87.070  -30.998 0.8999999762
2193  19.099  -86.678  -31.809 0.8999999762
6977  -1.823  -78.605  -27.074 0.8000000119
2198  18.594  -86.261  -32.914 0.8999999762
9342  -1.698  -75.935  -26.787 0.8999999762
10181  -1.472  -74.488  -27.080 0.8999999762
2199  17.715  -86.185  -32.878 0.8999999762
2208  18.165  -85.847  -33.473 1.0000000000
2209  17.287  -85.647  -33.301 1.0000000000
2701  16.793  -85.637  -33.250 0.8999999762
2200  16.825  -86.130  -32.783 0.6999999881
2210  16.281  -85.723  -33.152 0.6000000238
2704  13.953  -85.779  -33.381 0.5000000000
3207  13.522  -85.124  -33.138 0.3000000119
3785  12.559  -84.020  -32.321 0.4000000060
130819  0.556  -81.329  -7.077 1.0000000000
4145  -0.152  -82.390  -8.712 0.8999999762
5361  0.200  -80.789  -6.911 1.0000000000
5370  0.439  -80.886  -8.529 0.8999999762
4144  0.523  -82.037  -8.737 1.0000000000
6033  -1.881  -80.067  -6.495 0.6999999881
5363  -0.602  -80.399  -6.705 0.8000000119
16494  -0.863  -66.530  -14.397 0.8000000119
17250  -0.614  -65.630  -14.655 0.8999999762
17992  0.307  -64.242  -14.533 0.8000000119
17258  -0.701  -65.380  -15.575 0.8999999762
17257  -0.302  -64.630  -15.171 0.8999999762
18836  0.232  -62.897  -15.897 0.8999999762
19757  -0.673  -62.436  -16.951 1.0000000000
19758  -1.275  -62.557  -16.906 1.0000000000
16510  -1.246  -67.170  -15.750 0.8000000119
18837  -2.416  -63.232  -15.914 1.0000000000
18838  -2.844  -63.723  -15.225 0.8000000119
763  19.302  -89.203  -22.798 0.6000000238
14924  -1.143  -68.795  -17.271 0.8999999762
17993  -3.327  -64.609  -14.703 0.6999999881
123176  19.368  -88.300  -22.383 0.6000000238
120702  18.482  -87.899  -22.443 0.6000000238
14952  -0.075  -68.115  -19.622 0.8999999762
14201  0.713  -68.519  -21.226 1.0000000000
1142  18.695  -88.931  -22.665 0.6000000238
2134  16.610  -86.552  -21.668 0.5000000000
3109  16.548  -84.522  -20.484 0.5000000000
14185  0.199  -68.909  -20.296 0.8999999762
14200  0.999  -68.264  -22.237 1.0000000000
2192  20.111  -86.783  -31.709 0.8000000119
128179  19.009  -88.101  -30.373 0.6999999881
13418  0.920  -69.176  -25.439 0.8999999762
2206  19.973  -85.770  -33.426 1.0000000000
2197  19.538  -86.257  -32.815 0.8999999762
2698  19.501  -85.343  -33.768 0.8999999762
11764  -0.870  -72.068  -27.854 0.8999999762
2207  19.000  -85.898  -33.563 1.0000000000
124776  -0.943  -73.733  -27.433 0.8999999762
120931  -1.364  -72.635  -27.564 0.8999999762
3201  19.296  -85.190  -33.805 1.0000000000
2699  18.664  -85.574  -33.586 1.0000000000
125990  -1.611  -76.910  -26.761 0.8000000119
3203  17.803  -85.058  -33.449 1.0000000000
2700  17.793  -85.682  -33.439 1.0000000000
3204  16.284  -85.181  -33.228 1.0000000000
2702  15.780  -85.751  -33.231 0.8000000119
3206  14.400  -85.083  -33.200 0.6000000238
3193  13.929  -84.349  -32.888 0.4000000060
3192  14.864  -84.261  -32.941 1.0000000000
3784  13.416  -83.722  -32.506 0.5000000000
3774  12.214  -83.540  -31.821 0.4000000060
4372  12.529  -82.613  -31.636 0.6000000238
3783  14.354  -83.513  -32.580 0.6999999881
4728  0.431  -81.812  -6.413 1.0000000000
4132  0.096  -82.697  -6.477 1.0000000000
125851  -0.706  -83.625  -6.922 1.0000000000
5355  0.220  -80.720  -5.432 1.0000000000
123831  0.255  -82.404  -7.935 1.0000000000
5362  0.008  -80.513  -6.060 1.0000000000
6032  -0.725  -80.104  -6.028 0.8999999762
17249  -0.067  -65.092  -14.206 0.8000000119
17985  0.880  -64.745  -13.947 0.6999999881
16489  -0.319  -66.053  -13.969 0.6999999881
17243  0.609  -65.605  -13.742 0.6999999881
18000  0.167  -63.814  -15.287 0.8999999762
14880  -0.151  -67.869  -13.763 0.6000000238
18829  0.492  -63.382  -14.811 0.8999999762
121472  0.464  -62.477  -15.118 0.8999999762
19756  0.024  -62.150  -16.625 1.0000000000
15686  -0.518  -67.106  -13.857 0.6999999881
20667  0.273  -61.498  -15.478 0.8999999762
20668  -0.283  -61.017  -16.118 1.0000000000
20694  -0.930  -61.849  -16.618 1.0000000000
19737  -1.452  -61.917  -16.291 1.0000000000
15700  -1.143  -67.408  -14.308 0.6999999881
14903  -1.425  -68.517  -15.355 0.6000000238
20693  -0.464  -61.669  -16.460 1.0000000000
20670  -1.567  -61.002  -15.927 1.0000000000
19729  -2.069  -61.606  -15.428 1.0000000000
2626  17.485  -85.231  -20.936 0.5000000000
2627  16.973  -84.940  -21.016 0.5000000000
14914  -1.374  -68.670  -16.332 0.6999999881
14152  -1.012  -69.699  -17.471 0.8000000119
132253  -0.695  -70.071  -18.426 0.8000000119
21667  -1.420  -60.395  -15.724 1.0000000000
18831  -2.819  -63.165  -14.547 1.0000000000
129773  -3.126  -63.890  -14.186 0.6999999881
127759  19.675  -87.664  -21.776 0.6000000238
1625  18.941  -87.577  -22.031 0.5000000000
1612  18.294  -87.187  -21.868 0.5000000000
2634  17.799  -85.879  -21.094 0.5000000000
121514  -0.546  -69.007  -18.878 0.8999999762
14170  -0.343  -69.461  -19.455 0.8000000119
122664  -3.067  -63.980  -13.239 0.6000000238
1613  17.510  -86.624  -21.653 0.5000000000
13382  1.067  -69.388  -22.660 1.0000000000
5642  7.991  -79.788  -26.981 0.8000000119
5643  7.120  -79.858  -26.993 0.8000000119
6278  6.247  -79.810  -26.891 0.8999999762
13401  1.179  -68.908  -24.726 0.8999999762
140121  22.348  -84.378  -33.709 0.8000000119
3199  21.739  -84.360  -33.862 0.6999999881
4994  17.036  -80.736  -30.647 0.6000000238
4982  15.916  -80.607  -29.647 0.5000000000
6295  8.317  -79.038  -27.386 0.8000000119
6296  7.452  -79.227  -27.505 0.8000000119
6297  6.563  -79.266  -27.513 0.8999999762
6259  4.437  -79.427  -25.959 0.8000000119
12557  1.151  -71.212  -26.526 0.8000000119
12558  0.425  -70.471  -26.463 0.8000000119
3209  20.758  -84.725  -33.973 0.8999999762
3788  19.780  -83.649  -33.206 0.8000000119
4997  18.557  -81.489  -31.850 0.8000000119
5657  16.306  -80.388  -30.424 0.6000000238
5658  15.821  -80.039  -30.242 0.6000000238
6990  8.802  -77.890  -27.684 0.8000000119
6991  7.794  -78.266  -27.880 0.8999999762
6280  3.888  -78.184  -26.501 0.8999999762
6281  3.074  -78.029  -25.591 0.8999999762
6262  0.964  -78.833  -25.481 0.8999999762
5591  0.756  -79.644  -24.419 0.8999999762
12575  0.193  -71.259  -27.181 0.8999999762
11763  -0.131  -72.041  -27.591 0.8000000119
4993  17.773  -81.043  -30.989 0.6999999881
7007  6.583  -77.555  -28.224 0.8000000119
6299  4.818  -78.336  -27.184 0.8999999762
6994  4.380  -76.944  -27.485 0.8999999762
6973  2.810  -77.189  -26.116 0.8000000119
5592  -0.310  -79.937  -25.733 0.8999999762
5574  -1.046  -79.781  -25.356 0.8999999762
6943  -1.658  -78.628  -24.594 0.8999999762
117220  -1.644  -78.298  -25.784 0.8999999762
10982  0.148  -73.848  -27.181 0.8999999762
10997  -0.438  -72.868  -27.551 0.8999999762
3202  18.611  -84.742  -33.512 0.8999999762
7005  8.110  -76.978  -28.367 0.8000000119
7006  7.237  -77.301  -28.354 0.8000000119
7704  2.349  -76.082  -27.217 0.8999999762
9331  -1.327  -75.887  -26.376 1.0000000000
3791  16.909  -84.285  -33.127 0.8999999762
3792  15.829  -84.252  -32.971 1.0000000000
3781  16.314  -83.244  -32.633 0.8999999762
4995  12.299  -81.037  -31.141 0.6999999881
5670  11.799  -80.471  -30.762 0.6999999881
5661  11.385  -79.791  -30.568 0.6999999881
3782  15.328  -83.369  -32.616 0.8000000119
4380  14.812  -82.576  -32.311 0.8000000119
4371  13.276  -82.201  -31.963 0.6999999881
4363  12.130  -82.101  -31.074 0.6999999881
6322  10.768  -78.953  -30.516 0.6999999881
7022  9.189  -78.143  -30.731 0.6999999881
7033  7.804  -77.250  -30.849 0.6000000238
4381  13.807  -82.843  -32.262 0.8999999762
4706  0.228  -81.077  -4.832 1.0000000000
6020  -0.171  -80.004  -5.278 1.0000000000
6021  -1.323  -79.575  -5.755 0.8999999762
7452  -2.809  -78.097  -4.977 0.6999999881
8214  -2.354  -76.918  -3.679 0.6999999881
8227  -3.591  -76.517  -3.798 0.5000000000
8216  -4.177  -75.856  -3.652 0.6000000238
15641  3.825  -67.836  -11.526 0.4000000060
16479  2.925  -66.849  -12.276 0.4000000060
16480  2.283  -66.755  -12.817 0.4000000060
17241  2.020  -65.843  -13.105 0.5000000000
17983  2.036  -64.976  -13.064 0.5000000000
14862  2.966  -68.754  -12.451 0.4000000060
15664  3.238  -67.778  -12.095 0.4000000060
16488  1.529  -66.692  -13.293 0.4000000060
17984  1.489  -64.471  -13.462 0.6999999881
124392  1.454  -63.692  -13.412 0.6999999881
19717  1.267  -62.848  -13.111 0.8999999762
18822  0.981  -62.962  -14.135 0.8999999762
14863  2.250  -68.603  -12.954 0.4000000060
15665  2.600  -67.697  -12.617 0.4000000060
15684  1.086  -67.486  -13.517 0.6000000238
17991  1.076  -63.916  -14.120 0.8999999762
19728  0.602  -61.978  -14.421 0.8999999762
21631  0.237  -60.533  -13.846 0.8999999762
14106  1.849  -69.484  -13.262 0.4000000060
135555  0.018  -60.240  -14.694 0.8999999762
20652  -2.047  -60.464  -15.339 1.0000000000
123591  -2.417  -59.695  -14.771 1.0000000000
3108  17.436  -84.617  -20.381 0.4000000060
14108  -0.008  -68.690  -13.855 0.6000000238
14120  -0.698  -69.015  -14.191 0.6000000238
14892  -1.250  -68.298  -14.481 0.6000000238
19720  -2.701  -62.150  -14.420 1.0000000000
2133  18.271  -86.582  -21.241 0.5000000000
14132  -1.340  -69.415  -15.696 0.6000000238
18823  -3.066  -63.148  -13.792 1.0000000000
13355  0.430  -70.836  -21.224 0.8000000119
13369  0.651  -69.682  -21.724 0.8000000119
135196  2.293  -71.841  -22.000 0.6000000238
12504  1.575  -71.354  -22.244 0.6000000238
12505  0.863  -70.643  -22.047 0.6000000238
12518  1.353  -70.384  -23.000 0.8000000119
121529  1.384  -68.994  -23.733 0.8999999762
18816  -3.116  -63.157  -12.817 0.8000000119
12533  1.537  -70.079  -24.106 0.6000000238
13400  1.408  -69.794  -24.964 0.8000000119
4983  14.965  -80.544  -29.153 0.5000000000
6987  11.751  -78.421  -27.139 0.6000000238
6971  10.912  -78.418  -26.833 0.8000000119
6989  9.592  -78.109  -27.280 0.8000000119
6279  5.416  -79.698  -26.510 0.8999999762
5616  3.495  -79.670  -24.639 0.8999999762
12517  1.906  -71.269  -23.557 0.6000000238
12532  1.883  -70.702  -24.781 0.6000000238
13417  1.376  -70.141  -25.558 0.8000000119
138383  14.555  -80.084  -29.032 0.5000000000
6988  10.322  -77.841  -27.279 0.8000000119
5615  4.342  -79.981  -25.123 0.8000000119
118812  3.751  -79.381  -25.292 0.8000000119
6260  2.883  -78.642  -24.984 0.8000000119
6247  1.430  -79.088  -24.571 0.8999999762
135699  -0.123  -80.114  -24.356 1.0000000000
5573  -0.599  -79.856  -25.231 1.0000000000
11752  0.838  -72.095  -26.907 0.8000000119
5671  16.402  -80.412  -30.881 0.6999999881
6320  14.877  -79.026  -30.245 0.6999999881
7003  13.255  -77.941  -29.400 0.6999999881
7718  10.577  -77.020  -27.914 0.8000000119
7719  9.708  -77.217  -27.723 0.8000000119
6959  2.298  -77.763  -25.421 0.8000000119
6960  1.311  -77.967  -25.782 0.8999999762
6230  -1.305  -79.616  -23.814 1.0000000000
10996  0.518  -72.966  -27.170 0.8999999762
5000  16.155  -80.722  -31.300 0.8000000119
6331  15.281  -79.701  -30.874 0.6999999881
6332  14.726  -79.126  -30.724 0.6999999881
7734  9.915  -76.506  -28.750 0.8000000119
7735  9.010  -76.576  -28.406 0.8000000119
7737  6.530  -75.964  -28.823 0.8999999762
7738  5.535  -75.574  -28.954 0.8999999762
7739  4.853  -75.356  -28.949 0.8999999762
6974  1.688  -77.125  -26.372 0.8999999762
6975  0.254  -77.643  -26.954 0.8000000119
120382  -1.527  -77.293  -25.990 0.8999999762
8483  -1.362  -76.500  -26.046 0.8999999762
10166  -0.408  -74.721  -26.794 0.8999999762
5005  16.454  -81.469  -31.740 0.8000000119
136659  15.429  -80.638  -31.423 0.6999999881
8522  4.989  -75.244  -29.553 0.6999999881
8523  4.212  -75.173  -29.293 0.6999999881
9317  -1.128  -75.878  -25.435 0.8000000119
4379  15.849  -82.378  -32.244 0.8000000119
5675  13.192  -80.554  -31.504 0.8000000119
123851  12.157  -79.404  -31.063 0.8000000119
8536  6.370  -74.651  -30.587 0.6999999881
8537  5.413  -75.191  -30.167 0.6999999881
4370  14.230  -81.864  -32.053 0.8000000119
5002  13.679  -81.204  -31.774 0.8000000119
7031  9.633  -77.274  -31.080 0.6999999881
7757  8.312  -76.210  -30.675 0.6999999881
8542  6.829  -74.589  -31.107 0.6000000238
6019  0.182  -80.381  -4.639 1.0000000000
6732  -0.715  -79.186  -4.993 0.8999999762
7426  -1.106  -77.276  -3.538 0.8000000119
137854  -2.711  -76.334  -3.087 0.8000000119
8215  -3.346  -75.762  -2.940 0.6999999881
8254  -4.534  -76.278  -6.129 0.3000000119
9042  -4.653  -75.533  -4.042 0.5000000000
8242  -4.658  -76.661  -5.026 0.4000000060
14059  5.322  -69.471  -11.068 0.3000000119
14842  4.777  -68.850  -11.119 0.3000000119
15628  4.469  -67.961  -11.004 0.3000000119
125437  4.047  -66.950  -11.031 0.2000000030
16468  3.445  -66.961  -11.680 0.4000000060
17235  2.622  -66.018  -12.434 0.2000000030
17973  2.374  -64.773  -12.411 0.4000000060
14843  4.252  -68.776  -11.506 0.4000000060
17974  2.005  -64.224  -12.907 0.6000000238
19707  0.988  -61.986  -12.831 0.8999999762
14091  2.704  -69.676  -12.950 0.3000000119
14105  2.352  -70.369  -13.443 0.4000000060
20642  0.620  -61.481  -13.643 0.8999999762
134900  1.435  -70.237  -13.642 0.4000000060
14107  0.270  -69.921  -14.016 0.6000000238
12424  -0.341  -70.775  -14.809 0.5000000000
12434  0.070  -71.487  -15.715 0.5000000000
21632  -0.375  -59.799  -14.251 1.0000000000
133874  -1.858  -59.902  -15.255 1.0000000000
130811  -0.577  -69.932  -14.506 0.6000000238
13300  -0.618  -70.963  -15.630 0.5000000000
12442  -0.353  -71.348  -16.412 0.5000000000
12465  0.007  -71.747  -18.003 0.6999999881
21646  -1.291  -59.860  -15.292 1.0000000000
122205  -3.081  -61.342  -13.719 1.0000000000
14121  -1.210  -69.245  -14.800 0.6000000238
13301  -1.147  -70.241  -16.041 0.5000000000
13322  -0.581  -71.102  -17.809 0.6000000238
13344  -0.326  -70.554  -19.388 0.8000000119
119844  -3.143  -62.424  -13.552 1.0000000000
12477  0.088  -71.446  -19.379 0.6000000238
12490  0.077  -70.925  -20.271 0.8000000119
12488  1.492  -71.918  -21.258 0.5000000000
136614  0.871  -71.410  -21.495 0.6000000238
6310  13.021  -78.547  -28.406 0.6000000238
135669  3.630  -80.060  -24.181 0.8999999762
5589  3.111  -79.831  -23.961 0.8999999762
6309  13.697  -78.807  -29.134 0.6999999881
134539  11.954  -77.781  -27.889 0.6999999881
5571  1.614  -79.945  -23.369 0.8999999762
6229  -0.831  -79.839  -22.946 1.0000000000
121175  2.389  -71.709  -24.474 0.5000000000
11751  1.709  -72.183  -26.078 0.6999999881
135341  12.035  -77.415  -28.726 0.8000000119
7717  11.387  -77.185  -28.326 0.8000000119
9303  -1.147  -75.915  -24.309 0.8000000119
10965  1.723  -73.208  -25.385 0.6999999881
10980  1.281  -73.061  -26.424 0.8000000119
6336  14.764  -79.545  -31.111 0.6999999881
7019  13.908  -78.172  -30.215 0.6999999881
7732  11.688  -76.902  -29.398 0.8000000119
7748  11.108  -76.543  -30.257 0.8000000119
8533  9.282  -75.747  -30.243 0.8999999762
9330  -0.721  -75.381  -26.029 0.8999999762
10165  0.504  -74.394  -26.258 0.8000000119
8521  5.860  -74.911  -29.770 0.8000000119
5001  14.646  -80.890  -31.683 0.8000000119
7021  10.165  -77.957  -30.881 0.8000000119
8535  7.179  -74.620  -30.593 0.8999999762
6009  0.076  -79.637  -4.412 0.8999999762
6719  -0.183  -78.799  -4.275 0.8000000119
7437  -0.595  -78.021  -4.012 0.8999999762
121534  -1.279  -76.214  -2.139 0.8999999762
132435  -1.753  -76.606  -2.833 0.6999999881
133031  -2.865  -75.472  -2.438 0.8000000119
9029  -4.120  -75.210  -3.126 0.8000000119
10709  -4.158  -73.516  -3.394 0.5000000000
9868  -4.663  -74.727  -3.831 0.5000000000
9869  -5.006  -74.008  -4.734 0.5000000000
136925  -3.950  -74.344  -7.201 0.2000000030
9900  -4.581  -74.523  -6.598 0.2000000030
9043  -4.859  -74.912  -4.664 0.5000000000
9055  -4.708  -75.565  -5.363 0.4000000060
14832  5.171  -68.419  -10.504 0.3000000119
17234  3.150  -66.171  -11.858 0.2000000030
17224  2.888  -65.346  -12.008 0.2000000030
17963  2.661  -64.684  -11.825 0.3000000119
18805  1.885  -63.160  -11.701 0.5000000000
19706  1.429  -62.580  -12.197 0.8999999762
20631  0.415  -61.045  -12.762 0.8999999762
14090  3.586  -69.828  -12.556 0.4000000060
13272  2.718  -70.717  -13.732 0.3000000119
130078  2.037  -70.877  -13.879 0.3000000119
21616  -0.179  -60.021  -13.231 0.8999999762
12423  0.402  -71.349  -14.966 0.5000000000
22553  -1.125  -59.376  -13.730 1.0000000000
134311  -2.559  -59.082  -14.321 1.0000000000
21633  -2.955  -59.124  -14.236 1.0000000000
13288  1.679  -71.117  -14.415 0.3000000119
20643  -3.106  -60.043  -13.682 1.0000000000
12441  0.509  -71.613  -16.619 0.6000000238
13335  -0.330  -71.208  -18.632 0.8000000119
134128  -3.423  -59.790  -12.987 1.0000000000
12471  5.380  -71.805  -19.762 0.5000000000
12472  4.582  -71.541  -20.145 0.5000000000
12485  4.067  -71.698  -20.760 0.5000000000
117748  -3.648  -61.637  -12.182 0.8999999762
12486  3.231  -71.779  -20.937 0.6000000238
118532  2.045  -72.089  -20.622 0.5000000000
117743  1.180  -72.073  -20.242 0.5000000000
12476  0.852  -72.079  -19.283 0.6000000238
122221  -3.200  -62.666  -12.061 0.8999999762
120856  -2.951  -63.208  -11.290 0.8999999762
12487  2.627  -71.949  -21.507 0.6000000238
129888  1.363  -80.246  -22.862 1.0000000000
12503  2.607  -71.825  -22.749 0.5000000000
11728  2.880  -72.070  -23.552 0.5000000000
11736  2.869  -72.634  -24.110 0.6000000238
11743  2.246  -72.434  -25.034 0.6999999881
135656  14.073  -78.561  -30.817 0.8000000119
7752  12.475  -77.418  -30.644 0.8000000119
7753  11.731  -76.980  -30.887 0.8000000119
7754  10.854  -76.704  -31.073 0.6999999881
10152  -0.014  -75.077  -25.594 0.8000000119
5674  14.197  -80.114  -31.456 0.6999999881
7029  13.243  -77.917  -30.978 0.8000000119
7030  10.420  -77.141  -31.196 0.8999999762
123533  13.645  -79.617  -31.389 0.8999999762
6335  11.246  -77.513  -31.125 0.8000000119
8539  9.481  -76.155  -30.639 0.8000000119
6710  0.159  -78.513  -3.552 0.8000000119
7425  -0.050  -77.719  -3.269 0.8000000119
8199  -0.212  -76.394  -2.109 0.8000000119
138815  -0.831  -75.873  -1.868 0.8000000119
127413  -2.486  -75.255  -2.164 0.8000000119
9019  -3.263  -75.158  -2.473 0.8000000119
10697  -3.518  -73.944  -2.755 0.8000000119
10768  -4.353  -73.757  -7.109 0.2000000030
118218  -5.193  -73.028  -5.402 0.5000000000
10769  -4.749  -72.916  -7.033 0.4000000060
10742  -5.122  -73.667  -5.834 0.5000000000
137136  4.215  -66.534  -10.378 0.2000000030
17217  3.425  -65.339  -10.428 0.2000000030
17956  2.984  -64.418  -10.454 0.2000000030
17947  2.756  -63.816  -9.533 0.4000000060
14058  6.063  -70.137  -11.106 0.2000000030
16462  3.776  -66.120  -10.762 0.2000000030
17962  3.034  -64.930  -11.248 0.2000000030
18791  2.475  -63.645  -10.558 0.4000000060
117496  2.267  -63.591  -11.288 0.4000000060
14073  5.477  -70.211  -11.631 0.2000000030
19695  1.531  -62.426  -11.271 0.8000000119
133842  0.919  -61.772  -11.803 0.8999999762
20620  0.207  -61.066  -11.759 0.8999999762
14089  4.449  -70.258  -12.421 0.3000000119
13269  4.777  -70.433  -12.846 0.3000000119
13248  4.010  -70.392  -13.070 0.3000000119
13287  2.600  -70.876  -14.304 0.3000000119
21598  -0.535  -60.488  -11.684 0.8999999762
21617  -0.968  -59.698  -12.608 0.8999999762
22554  -2.039  -58.974  -13.303 1.0000000000
22555  -3.242  -58.840  -12.825 1.0000000000
12432  1.778  -71.186  -15.732 0.4000000060
12433  0.922  -71.521  -15.723 0.5000000000
21634  -3.260  -58.909  -13.482 1.0000000000
12451  1.298  -71.594  -17.435 0.5000000000
12464  0.872  -72.040  -18.277 0.5000000000
20633  -3.779  -60.322  -12.210 1.0000000000
12460  4.789  -71.091  -19.281 0.4000000060
12473  3.477  -71.281  -20.154 0.5000000000
12462  2.948  -70.894  -19.230 0.5000000000
132453  0.262  -71.781  -18.701 0.6000000238
20621  -3.963  -61.294  -11.428 0.8999999762
127948  -3.034  -62.832  -10.453 0.6000000238
12474  2.565  -71.700  -20.033 0.5000000000
12475  1.640  -72.076  -19.702 0.5000000000
11686  1.405  -72.033  -18.935 0.5000000000
121803  -3.678  -61.939  -10.531 0.8999999762
10949  2.282  -73.508  -24.323 0.6000000238
10966  1.171  -73.903  -25.792 0.6999999881
120643  0.895  -77.981  -2.289 0.8999999762
7416  0.511  -77.353  -2.483 0.8999999762
9017  0.058  -75.846  -1.835 0.8000000119
9847  -0.611  -75.188  -1.984 0.8000000119
9848  -1.687  -74.781  -2.130 0.8999999762
136318  -2.652  -73.577  -2.769 0.8000000119
10708  -3.235  -73.038  -3.194 0.6999999881
10721  -4.920  -73.162  -4.208 0.6999999881
11589  -5.039  -72.169  -6.875 0.4000000060
14815  7.575  -69.620  -9.512 0.2000000030
14816  6.790  -69.008  -9.466 0.2000000030
14817  5.909  -68.666  -9.912 0.2000000030
15611  5.433  -67.724  -9.716 0.2000000030
15612  4.683  -67.269  -10.251 0.2000000030
16454  4.518  -66.466  -9.749 0.2000000030
14056  7.636  -70.369  -10.757 0.2000000030
14044  7.201  -70.035  -10.093 0.2000000030
17946  3.321  -64.756  -9.584 0.2000000030
18792  2.040  -62.976  -10.857 0.4000000060
20603  0.467  -61.501  -11.101 0.8999999762
13214  7.203  -70.380  -11.376 0.2000000030
13229  5.995  -70.445  -11.979 0.2000000030
13230  5.194  -70.458  -12.231 0.3000000119
20604  -0.159  -61.074  -10.947 0.8999999762
21578  -0.907  -60.524  -10.878 0.8999999762
22537  -2.900  -58.615  -11.625 1.0000000000
23463  -3.254  -58.737  -12.104 1.0000000000
14103  4.977  -70.253  -13.232 0.3000000119
13270  4.226  -70.337  -13.400 0.3000000119
13271  3.425  -70.562  -13.694 0.3000000119
21599  -1.318  -59.810  -11.668 0.8999999762
22536  -2.100  -59.017  -11.697 0.8999999762
14118  4.031  -69.623  -14.480 0.3000000119
13298  2.987  -70.427  -14.938 0.3000000119
13299  2.399  -70.828  -15.290 0.3000000119
12458  6.444  -71.617  -18.512 0.4000000060
128242  2.705  -70.002  -15.786 0.3000000119
126191  2.322  -70.309  -16.239 0.4000000060
13309  1.991  -70.669  -16.592 0.4000000060
12459  5.757  -71.588  -19.087 0.4000000060
12461  3.774  -70.765  -19.414 0.5000000000
12463  1.730  -71.718  -18.351 0.5000000000
19685  -3.347  -62.458  -9.755 0.6000000238
13332  3.329  -70.164  -18.570 0.4000000060
116171  2.131  -71.708  -19.155 0.5000000000
21566  -4.902  -59.930  -9.690 1.0000000000
20586  -4.129  -61.595  -9.648 0.8000000119
20587  -4.873  -60.773  -9.170 0.6999999881
8189  1.583  -76.689  -1.527 0.8999999762
9006  1.096  -75.896  -1.728 0.8999999762
9846  0.625  -75.100  -1.929 0.8000000119
122747  -0.561  -74.158  -2.479 0.8999999762
129287  -1.540  -73.640  -2.704 0.8999999762
10696  -0.412  -73.213  -2.862 0.8999999762
10707  -1.999  -72.779  -3.384 0.8999999762
11539  -2.678  -72.192  -3.883 0.8999999762
11540  -4.085  -72.568  -3.842 0.6000000238
136336  -5.026  -72.090  -4.924 0.6999999881
12316  -5.163  -71.345  -6.055 0.5000000000
11574  -5.216  -72.201  -6.186 0.4000000060
15610  6.159  -67.986  -9.262 0.2000000030
16444  4.302  -65.831  -9.219 0.2000000030
19682  2.200  -62.993  -9.960 0.4000000060
19683  1.616  -62.442  -10.352 0.6999999881
19684  1.006  -61.941  -10.768 0.6999999881
20583  0.183  -61.689  -10.245 0.6999999881
22519  -3.145  -58.420  -10.789 1.0000000000
23433  -3.816  -58.397  -10.504 1.0000000000
13226  8.026  -70.231  -11.327 0.2000000030
13245  6.778  -70.177  -12.310 0.2000000030
13246  6.239  -70.332  -12.479 0.3000000119
20584  -0.564  -61.127  -10.163 0.8999999762
21564  -1.217  -60.494  -10.074 0.8999999762
22518  -2.348  -58.884  -10.875 0.8999999762
13308  2.269  -69.709  -16.914 0.5000000000
13334  2.166  -70.986  -17.836 0.4000000060
13319  2.914  -69.517  -17.857 0.4000000060
118442  2.423  -71.142  -18.572 0.4000000060
10685  2.230  -74.369  -1.055 0.8000000119
10687  0.769  -73.393  -2.058 0.8999999762
11527  0.147  -72.939  -2.536 0.8000000119
12288  -0.937  -71.937  -3.452 0.8999999762
11538  -1.605  -72.093  -3.794 0.8999999762
11557  -3.740  -71.705  -4.239 0.6999999881
12314  -3.485  -71.153  -4.153 0.6000000238
13186  -5.132  -70.648  -6.729 0.4000000060
19669  0.966  -62.158  -9.823 0.6999999881
127713  -0.395  -61.642  -9.543 0.8999999762
22501  -2.505  -58.735  -10.071 1.0000000000
122307  -1.366  -60.347  -9.277 0.8999999762
119473  1.042  -73.397  -0.254 0.8000000119
10666  1.940  -73.736  0.133 0.8000000119
10654  1.985  -73.988  1.043 0.8000000119
10678  1.858  -73.736  -0.796 0.8000000119
11501  -0.231  -72.643  -1.267 0.8999999762
10680  0.195  -73.068  -0.675 0.8999999762
11528  -0.351  -72.400  -3.013 0.8999999762
12275  -0.740  -71.754  -2.682 0.8999999762
136717  -1.246  -71.485  -3.225 0.8999999762
12301  -2.487  -71.172  -3.758 0.8999999762
14021  -4.782  -69.777  -6.891 0.3000000119
140266  -5.198  -70.582  -5.972 0.3000000119
12315  -4.762  -71.039  -5.028 0.6000000238
14008  -4.083  -69.057  -6.873 0.3000000119
14009  -4.725  -69.295  -6.226 0.3000000119
19668  1.623  -62.673  -9.409 0.6000000238
19648  1.644  -63.052  -8.226 0.4000000060
19650  -0.066  -62.533  -8.119 0.6999999881
20561  -0.672  -61.863  -8.654 0.8999999762
19625  2.148  -63.345  -6.988 0.4000000060
124657  0.747  -62.904  -7.811 0.6999999881
20562  -1.192  -61.044  -8.483 0.8999999762
22500  -1.791  -59.362  -9.304 0.8999999762
23387  -2.485  -58.415  -9.289 0.8999999762
125888  0.892  -62.858  -6.069 0.6000000238
19628  -0.581  -62.385  -7.234 0.6999999881
23370  -2.411  -57.983  -8.489 0.8999999762
19595  0.148  -62.136  -5.297 0.6000000238
20510  -1.036  -61.280  -5.157 0.6999999881
20508  0.735  -61.737  -5.184 0.4000000060
21496  -0.754  -60.785  -4.776 0.6999999881
22435  1.046  -59.846  -6.720 0.5000000000
21495  0.380  -60.343  -5.546 0.5000000000
22425  -0.288  -59.588  -4.942 0.5000000000
22436  0.462  -59.338  -6.270 0.4000000060
23344  -0.198  -58.661  -5.136 0.6000000238
119484  1.101  -73.597  0.733 0.8000000119
10656  0.223  -73.583  1.319 0.8000000119
10667  -0.123  -73.369  0.319 0.8000000119
11487  -1.058  -73.040  -0.219 0.8000000119
11502  -1.011  -72.438  -0.703 0.8999999762
11515  -0.747  -72.043  -1.567 0.8999999762
12277  -1.996  -71.273  -0.968 0.8999999762
12276  -1.337  -71.475  -1.741 0.8999999762
12289  -1.542  -71.200  -2.634 0.8999999762
13124  -1.914  -71.075  -3.307 0.8999999762
13155  -3.421  -70.752  -3.949 0.8000000119
13156  -4.417  -70.477  -4.470 0.6000000238
14778  -2.815  -68.480  -5.889 0.3000000119
14780  -4.636  -68.850  -5.607 0.4000000060
14759  -4.840  -68.779  -4.822 0.4000000060
14774  -4.338  -68.299  -5.053 0.4000000060
135200  -0.632  -62.167  -7.935 0.8000000119
20536  -1.088  -61.718  -7.635 0.8000000119
118337  -1.481  -60.800  -7.591 0.8999999762
131399  -1.542  -59.890  -7.677 0.8999999762
21506  -1.547  -60.983  -5.684 0.6999999881
21520  -1.679  -60.279  -6.650 0.8999999762
22470  -1.702  -58.927  -8.424 0.8999999762
137487  -1.632  -60.147  -5.604 0.8999999762
140088  -1.691  -58.101  -7.881 0.8999999762
21494  1.593  -61.366  -5.423 0.3000000119
140222  -0.850  -59.709  -4.537 0.6000000238
135155  -1.315  -60.369  -4.940 0.6999999881
22426  -1.471  -59.421  -5.181 0.8999999762
23372  -3.996  -57.835  -7.729 1.0000000000
117335  -4.242  -57.907  -8.728 1.0000000000
21505  1.303  -60.632  -5.942 0.3000000119
22414  -0.799  -58.970  -4.497 0.6999999881
22415  -1.109  -59.398  -4.610 0.8999999762
22472  -4.629  -58.858  -8.739 1.0000000000
22434  1.887  -60.038  -6.717 0.3000000119
24266  -0.056  -57.579  -5.376 0.6999999881
22471  -4.408  -58.584  -7.996 0.8999999762
120500  -4.703  -59.698  -8.076 0.8000000119
22447  0.947  -59.009  -7.365 0.4000000060
134370  0.257  -58.391  -6.111 0.6999999881
23357  0.587  -58.444  -7.130 0.4000000060
12290  -2.029  -71.053  -1.865 1.0000000000
13125  -2.544  -70.687  -2.598 1.0000000000
13126  -3.724  -70.149  -2.981 0.8000000119
13141  -4.142  -70.172  -3.792 0.6999999881
13982  -4.429  -69.242  -3.616 0.6999999881
13983  -4.833  -69.467  -4.572 0.5000000000
132485  -4.761  -68.728  -4.193 0.6000000238
14773  -3.321  -68.043  -5.224 0.2000000030
22448  -1.588  -59.037  -7.342 0.8999999762
22437  -1.650  -59.231  -6.168 0.8999999762
23358  -1.517  -57.964  -7.036 0.8999999762
23359  -2.241  -57.682  -7.636 0.8999999762
129677  -1.555  -58.254  -5.798 0.8999999762
24285  -2.236  -57.313  -6.589 0.8999999762
24286  -3.260  -57.143  -6.385 0.8000000119
19651  -4.205  -62.726  -8.226 0.4000000060
20564  -4.886  -60.885  -8.077 0.6000000238
23345  -0.695  -58.063  -4.587 0.8000000119
125115  -1.279  -57.678  -4.818 0.8999999762
23360  -3.771  -57.638  -6.855 0.8999999762
22449  -3.955  -58.577  -7.068 0.8999999762
20538  -4.815  -61.112  -7.138 0.6000000238
24267  -0.608  -57.181  -4.656 0.8999999762
24251  -1.061  -57.323  -4.595 0.8999999762
22450  -4.401  -59.611  -7.152 0.8999999762
21507  -4.635  -60.529  -6.697 0.6999999881
131052  -0.173  -56.690  -5.194 0.8999999762
24284  0.112  -56.795  -5.994 0.6999999881
11483  -1.974  -73.170  0.569 0.8000000119
11503  -1.736  -72.666  -0.099 0.8999999762
13084  -2.259  -71.181  0.399 0.8999999762
13061  -2.351  -70.926  1.220 0.8000000119
13098  -2.524  -70.941  -0.402 1.0000000000
13099  -3.475  -70.274  -0.830 1.0000000000
13111  -3.569  -70.240  -2.011 0.8999999762
13970  -4.159  -69.152  -2.574 0.8999999762
14757  -2.761  -67.772  -4.413 0.2000000030
14743  -4.537  -67.749  -3.374 0.4000000060
15560  -3.847  -67.746  -4.458 0.2000000030
120802  -4.853  -62.457  -5.913 0.4000000060
18744  -5.491  -63.881  -6.867 0.2000000030
24268  -1.679  -57.409  -5.491 0.8999999762
24269  -2.587  -56.803  -5.707 0.8999999762
133706  -4.763  -61.665  -7.387 0.5000000000
118685  -4.645  -61.444  -6.264 0.6000000238
24252  -1.787  -56.768  -5.046 0.8999999762
24270  -3.658  -56.860  -5.370 0.8000000119
117228  -3.719  -57.461  -6.020 0.8999999762
22438  -4.231  -59.230  -6.368 0.8999999762
25119  -1.340  -56.431  -4.708 0.8999999762
23347  -4.122  -57.817  -5.123 0.8999999762
118572  -4.476  -59.914  -6.160 0.6999999881
21504  2.209  -60.747  -5.924 0.3000000119
24283  0.261  -57.672  -6.632 0.6000000238
25129  -0.552  -56.297  -4.752 0.8999999762
25118  -0.911  -56.640  -4.571 0.8999999762
13062  -2.790  -70.172  1.955 0.8000000119
13085  -2.806  -70.472  0.251 0.8000000119
13960  -4.013  -69.619  -1.578 0.8999999762
13961  -4.380  -68.797  -1.704 0.8000000119
14744  -4.707  -68.187  -2.540 0.6999999881
15549  -3.408  -67.296  -3.808 0.2000000030
15537  -4.122  -66.923  -3.200 0.4000000060
121292  -4.582  -61.851  -5.237 0.6000000238
21497  -4.507  -60.746  -5.784 0.6999999881
25154  -0.458  -56.302  -6.589 0.6000000238
126636  -4.559  -59.817  -4.507 0.6999999881
25147  -0.243  -56.091  -5.474 0.8000000119
25976  -0.747  -55.548  -6.018 0.8999999762
133719  -2.909  -56.386  -5.097 0.8999999762
25130  -3.775  -56.387  -4.530 0.8000000119
23332  -4.493  -58.090  -4.079 0.8999999762
22406  -4.518  -59.030  -3.736 0.8000000119
22416  -4.481  -59.360  -5.546 0.8000000119
25943  -1.066  -56.031  -4.584 0.8999999762
24253  -2.590  -55.995  -4.774 0.8999999762
24254  -4.205  -57.205  -4.354 0.8999999762
119640  -4.466  -58.759  -4.844 0.8999999762
13905  -3.457  -69.426  2.698 0.6999999881
118750  -3.011  -69.961  0.955 0.8000000119
122724  -3.590  -69.725  -0.059 0.8999999762
13923  -3.703  -68.732  1.680 0.8999999762
13943  -4.103  -68.640  -0.273 0.8999999762
13951  -4.595  -68.635  -1.056 1.0000000000
14731  -5.005  -68.243  -1.617 0.6999999881
132135  -4.311  -66.540  -2.545 0.3000000119
122860  -4.723  -67.524  -2.764 0.6000000238
25987  -1.183  -55.758  -7.367 0.6000000238
25977  -1.584  -55.075  -6.839 0.8000000119
26818  -2.141  -54.481  -6.418 0.8999999762
25180  -0.596  -56.338  -9.165 0.5000000000
25162  -0.756  -56.485  -7.901 0.6000000238
25956  -1.387  -55.116  -5.653 0.8999999762
116930  -4.502  -60.831  -4.834 0.5000000000
25944  -1.707  -55.461  -4.898 0.8999999762
126761  -4.489  -59.974  -3.279 0.6999999881
25955  -0.784  -55.675  -5.038 0.8999999762
25945  -2.862  -55.367  -4.624 0.8999999762
25120  -3.860  -55.768  -4.116 0.6999999881
122649  -3.976  -56.595  -3.630 0.8999999762
24255  -4.233  -57.463  -3.178 0.8999999762
134943  -3.222  -69.443  1.607 0.8000000119
14698  -4.254  -67.922  1.629 0.8999999762
14715  -4.079  -68.265  0.637 0.8999999762
14716  -4.759  -68.047  -0.090 0.8999999762
124998  -5.065  -67.448  -0.422 0.6999999881
17128  -4.657  -65.838  -1.598 0.3000000119
15527  -5.094  -67.456  -1.509 0.5000000000
16364  -4.740  -66.547  -1.984 0.5000000000
25988  -1.783  -55.014  -8.144 0.6000000238
26016  -1.205  -55.416  -9.738 0.5000000000
25997  -1.310  -55.682  -8.709 0.5000000000
26801  -2.173  -54.695  -5.384 0.8999999762
26792  -2.557  -54.927  -4.793 0.8999999762
22396  -4.493  -59.218  -2.639 0.6000000238
23324  -4.514  -58.359  -3.000 0.6000000238
16245  1.367  -66.077  6.089 0.8000000119
15465  -4.921  -67.663  4.603 0.8999999762
15510  -4.950  -66.869  0.322 0.8999999762
117837  -4.642  -66.527  2.118 0.8000000119
124679  -5.147  -65.412  -1.086 0.4000000060
26832  -2.253  -54.424  -7.602 0.6999999881
26819  -2.811  -53.804  -6.053 0.8999999762
27656  -3.346  -53.500  -5.309 0.8999999762
27644  -3.528  -53.896  -4.601 0.8999999762
26802  -2.982  -54.271  -5.059 0.8999999762
26793  -3.511  -54.626  -4.334 0.8000000119
25946  -3.885  -55.155  -3.705 0.8000000119
23316  -4.438  -58.522  -2.083 0.4000000060
24228  -4.307  -57.132  -2.101 0.6999999881
24229  -4.420  -57.855  -2.357 0.6999999881
25112  -3.974  -55.867  -2.912 0.8999999762
24243  -3.964  -56.698  -2.713 0.8999999762
129852  2.431  -65.648  6.511 0.8000000119
137468  0.746  -65.537  5.476 0.8000000119
17762  0.637  -64.812  5.031 0.8000000119
17769  -1.283  -64.537  4.525 0.8000000119
127018  -2.062  -64.969  4.731 0.8999999762
136767  -3.935  -65.497  5.124 0.8999999762
16279  -4.697  -66.463  4.196 0.8999999762
15466  -4.878  -67.224  4.034 0.8999999762
17772  -3.817  -64.591  4.651 0.8999999762
17035  -4.348  -65.567  4.149 0.8000000119
125513  -5.293  -64.259  -0.027 0.6000000238
17055  -4.692  -64.810  1.802 0.6999999881
122732  -5.104  -64.585  -0.802 0.4000000060
124777  -5.114  -65.191  0.340 0.5000000000
117312  -4.789  -65.558  1.440 0.6999999881
128476  -3.195  -53.172  -6.069 1.0000000000
124240  -3.780  -52.356  -4.470 1.0000000000
126663  -4.019  -53.358  -2.892 0.8000000119
27618  -3.115  -52.709  -1.736 0.8000000119
27645  -3.700  -53.133  -4.530 1.0000000000
26764  -3.798  -54.175  -1.438 0.8000000119
26843  -2.097  -54.386  -8.450 0.6000000238
124766  -3.942  -53.812  -3.717 0.8999999762
26773  -4.087  -54.187  -2.557 0.8000000119
25923  -4.287  -54.879  -1.846 0.8000000119
26794  -3.962  -54.587  -3.400 0.8000000119
25936  -4.146  -55.029  -2.721 0.8000000119
24213  -4.337  -57.791  -1.616 0.4000000060
25096  -4.339  -56.225  -2.113 0.8000000119
137200  -4.317  -57.195  -1.549 0.6999999881
125459  -0.576  -64.126  4.412 0.8000000119
18590  -1.355  -63.636  4.293 0.8999999762
17771  -3.391  -64.104  4.587 0.8000000119
18580  1.043  -64.068  4.617 0.8000000119
139733  -3.972  -63.993  4.399 0.8000000119
119899  -4.358  -64.811  3.096 0.8000000119
118461  -4.909  -63.194  1.440 0.6999999881
17796  -4.619  -63.952  2.162 0.8000000119
28551  -3.361  -51.913  -2.474 0.8000000119
27608  -1.923  -53.496  -0.883 0.6000000238
25910  -1.811  -55.083  -0.706 0.5000000000
27657  -3.410  -52.728  -5.325 1.0000000000
28584  -3.869  -51.805  -3.977 1.0000000000
118312  -3.812  -52.632  -2.587 0.8999999762
27609  -2.923  -53.543  -0.963 0.8000000119
130237  -2.372  -55.737  -0.489 0.5000000000
26844  -2.420  -54.149  -7.792 0.6999999881
26833  -2.783  -53.914  -7.224 0.8000000119
26763  -3.223  -54.477  -0.678 0.6999999881
25911  -3.435  -55.438  -0.618 0.6999999881
25998  -1.701  -54.885  -9.266 0.6000000238
25912  -4.271  -55.668  -1.421 0.6999999881
24197  -3.259  -57.044  -0.516 0.3000000119
125848  -4.361  -55.523  -2.180 0.6999999881
25083  -4.323  -56.635  -1.487 0.6000000238
24212  -4.114  -57.277  -0.998 0.5000000000
25179  0.122  -56.512  -9.752 0.5000000000
18589  -0.280  -63.504  4.212 0.8999999762
18588  0.581  -63.463  4.254 0.8000000119
18591  -3.121  -63.203  4.512 0.8000000119
18600  -4.331  -63.406  3.990 0.6999999881
28550  -2.382  -52.061  -1.846 0.8000000119
26761  -1.389  -54.394  -1.094 0.6000000238
28599  -3.519  -52.009  -4.733 1.0000000000
29443  -3.540  -51.349  -3.013 1.0000000000
27674  -2.954  -53.452  -6.809 0.8000000119
25199  -0.542  -55.862  -10.061 0.5000000000
26040  -0.893  -55.224  -10.121 0.5000000000
128133  0.879  -62.853  4.066 0.8000000119
19458  2.278  -62.318  4.211 0.8000000119
20361  0.754  -62.097  3.674 0.8999999762
121385  -0.319  -62.053  3.726 0.8999999762
29442  -2.935  -51.298  -2.622 0.8000000119
27701  -1.682  -54.459  -8.843 0.6000000238
20360  1.708  -61.769  3.718 0.8000000119
20372  0.134  -61.274  3.414 0.8000000119
20362  -0.894  -61.166  3.594 0.8000000119
22325  -2.295  -59.369  1.923 0.5000000000
21388  -3.576  -60.536  2.048 0.5000000000
29470  -3.422  -51.439  -4.158 1.0000000000
28549  -1.187  -52.095  -1.987 0.8000000119
27691  -2.488  -53.926  -7.338 0.8000000119
28618  -3.049  -52.363  -5.626 0.8999999762
26017  -1.301  -55.014  -9.844 0.5000000000
26039  -0.029  -55.580  -10.420 0.5000000000
130393  -0.948  -55.009  -10.102 0.5000000000
20358  3.398  -61.342  4.213 0.8000000119
21347  1.996  -60.826  3.379 0.8000000119
20371  1.078  -61.099  3.304 0.8999999762
21357  2.238  -59.758  3.413 0.8000000119
21360  -0.328  -60.601  3.357 0.8000000119
121419  -2.415  -60.816  3.794 0.8000000119
21386  -2.039  -59.641  1.249 0.5000000000
22303  -2.239  -59.546  2.936 0.6000000238
21350  -2.409  -60.265  3.254 0.6000000238
118822  -1.649  -58.758  1.515 0.5000000000
22310  -1.809  -58.956  2.839 0.6000000238
27615  0.281  -53.160  -2.557 0.4000000060
28548  -0.212  -52.349  -2.434 0.4000000060
29440  -0.677  -51.464  -2.484 0.5000000000
27675  -3.077  -52.983  -6.273 0.8999999762
133164  -2.613  -50.787  -2.946 0.8000000119
29453  -1.078  -50.731  -2.748 0.8000000119
27702  -2.120  -54.164  -8.089 0.6999999881
117539  -2.641  -53.259  -6.936 0.8999999762
26857  -1.389  -54.788  -9.419 0.6000000238
28650  -1.528  -53.735  -8.442 0.6000000238
26875  -1.046  -54.780  -9.800 0.5000000000
27717  -1.135  -54.236  -9.241 0.6000000238
22286  3.131  -59.588  3.790 0.6999999881
22300  1.343  -58.696  3.507 0.8000000119
21358  1.282  -60.026  3.225 0.8000000119
22288  -0.432  -59.702  3.311 0.8000000119
25090  7.929  -55.112  -3.383 0.4000000060
24208  6.149  -56.127  -2.093 0.3000000119
24193  5.623  -56.846  -1.253 0.4000000060
23279  4.599  -57.507  -0.515 0.2000000030
21385  -1.013  -59.407  0.932 0.5000000000
22287  -0.387  -58.681  3.238 0.8000000119
25091  7.207  -54.900  -3.140 0.5000000000
24209  5.328  -55.674  -1.859 0.4000000060
129192  4.588  -56.307  -1.152 0.4000000060
23280  3.723  -57.714  -0.294 0.3000000119
22345  3.244  -58.861  0.811 0.2000000030
23263  2.351  -58.160  0.448 0.4000000060
118092  0.729  -59.175  0.881 0.3000000119
22347  -0.039  -58.237  1.005 0.6000000238
25079  5.495  -55.027  -1.964 0.5000000000
123448  4.031  -55.969  -0.791 0.4000000060
24182  2.436  -57.328  -0.051 0.4000000060
24184  1.000  -57.449  1.349 0.4000000060
23248  -0.986  -58.234  2.049 0.6000000238
24195  3.046  -57.144  -0.306 0.5000000000
133872  2.311  -56.910  0.230 0.5000000000
29525  -2.223  -52.452  -6.757 0.8999999762
30358  -2.957  -50.975  -4.408 1.0000000000
129791  -2.412  -50.366  -3.835 1.0000000000
30357  -2.530  -50.845  -4.850 1.0000000000
28637  -2.076  -53.552  -7.645 0.6999999881
128325  -2.047  -52.886  -7.315 0.8000000119
22299  2.467  -58.601  3.842 0.8000000119
25919  7.861  -54.489  -3.212 0.6000000238
22346  1.447  -58.862  0.838 0.3000000119
25048  3.849  -55.924  -0.056 0.5000000000
23265  0.785  -58.159  0.974 0.5000000000
23237  -0.596  -58.084  2.686 0.6999999881
25066  4.841  -55.486  -1.289 0.5000000000
29452  -0.262  -50.972  -3.117 0.5000000000
29454  -1.856  -50.418  -3.201 0.6999999881
31179  -1.988  -49.693  -4.053 0.8999999762
30402  -1.818  -51.519  -6.586 0.8999999762
29506  -2.468  -51.940  -6.006 0.8999999762
30335  -2.400  -50.409  -4.296 1.0000000000
31194  -1.844  -49.709  -4.709 0.8999999762
30381  -2.147  -50.949  -5.640 1.0000000000
31220  -1.739  -49.991  -5.530 1.0000000000
28636  -1.518  -52.890  -7.825 0.8000000119
29524  -1.577  -52.155  -7.261 0.8999999762
30401  -1.144  -51.091  -7.318 1.0000000000
125051  -0.870  -52.849  -8.310 0.6000000238
29539  -0.950  -51.984  -7.835 0.8000000119
25873  5.970  -54.894  -0.406 0.5000000000
23225  1.920  -57.788  3.721 0.8000000119
23226  0.969  -57.764  3.356 0.8000000119
25887  9.389  -54.831  -1.969 0.8000000119
25889  7.673  -54.411  -1.900 0.6999999881
25890  6.780  -54.450  -1.803 0.6000000238
25015  5.473  -55.987  1.162 0.6999999881
25030  3.804  -56.102  1.090 0.6999999881
25017  3.423  -56.666  2.218 0.6999999881
25908  6.222  -54.707  -2.490 0.5000000000
25891  5.926  -54.692  -1.568 0.5000000000
25029  4.550  -55.784  0.419 0.5000000000
135521  3.270  -56.175  0.408 0.5000000000
24172  1.640  -56.866  2.128 0.6000000238
24162  1.146  -56.967  2.753 0.6999999881
136142  0.422  -58.360  3.363 0.8000000119
25047  4.492  -55.510  -0.681 0.4000000060
25031  2.946  -56.430  1.162 0.6000000238
25050  2.158  -56.772  1.094 0.5000000000
23236  -0.217  -57.695  2.383 0.6999999881
25906  8.710  -53.881  -3.000 0.6000000238
24196  2.683  -56.838  -0.122 0.5000000000
24173  0.922  -56.983  2.049 0.6000000238
24174  0.305  -57.408  1.900 0.6000000238
30317  0.107  -50.253  -3.617 0.5000000000
31159  -0.616  -49.547  -3.657 0.6000000238
31158  -0.047  -49.409  -3.878 0.6999999881
31160  -1.423  -49.555  -3.736 0.6999999881
31177  -0.603  -48.921  -4.101 0.8999999762
30380  -1.482  -50.517  -6.382 1.0000000000
30418  -0.570  -51.165  -7.951 0.8999999762
25014  6.508  -56.507  1.937 0.6999999881
25903  11.887  -54.243  -1.653 0.8999999762
25886  10.314  -54.607  -2.033 0.8999999762
25888  8.629  -54.775  -1.839 0.6000000238
25872  6.644  -54.733  -0.749 0.6000000238
25016  4.387  -56.621  2.338 0.6999999881
24160  2.958  -56.925  3.208 0.6999999881
24161  1.964  -56.881  2.989 0.8000000119
27606  13.952  -52.412  -2.168 0.8999999762
25904  10.925  -53.728  -2.411 0.8999999762
117186  10.106  -53.606  -3.193 0.8000000119
25905  9.424  -53.806  -2.948 0.8999999762
31175  1.028  -49.444  -4.827 0.5000000000
31178  -1.358  -48.981  -4.452 0.8999999762
32052  -0.625  -48.395  -4.759 0.8999999762
32051  -0.159  -48.406  -4.585 0.6999999881
32053  -1.047  -48.525  -5.127 0.8999999762
31250  -1.041  -49.967  -7.044 1.0000000000
31219  -1.292  -49.477  -6.120 1.0000000000
123188  4.712  -56.188  1.481 0.6999999881
24159  3.972  -56.892  3.380 0.8000000119
25885  12.895  -54.923  -1.178 0.8000000119
139322  11.284  -55.027  -1.499 0.8000000119
25065  9.432  -55.642  -0.712 0.8000000119
25045  7.816  -55.744  0.886 0.8000000119
25027  7.249  -56.061  1.303 0.6999999881
27597  14.454  -52.974  -1.304 0.8999999762
26748  12.466  -53.600  -1.721 0.8000000119
25871  7.575  -54.930  -0.389 0.8000000119
25046  6.958  -55.033  0.402 0.6999999881
25028  6.273  -55.582  0.752 0.6999999881
138032  15.987  -51.895  -2.159 0.8000000119
27605  14.901  -52.295  -1.812 0.8999999762
26747  13.284  -53.804  -1.343 0.8000000119
28539  17.573  -52.301  -1.732 0.8999999762
27603  16.913  -52.684  -1.499 0.8999999762
32066  -1.057  -48.594  -5.797 1.0000000000
32065  -0.509  -47.941  -5.493 1.0000000000
32064  -0.125  -47.830  -5.035 1.0000000000
29538  -0.152  -51.811  -8.251 0.8000000119
30400  -0.602  -50.390  -7.814 1.0000000000
30417  -0.096  -50.672  -8.395 0.8000000119
26755  16.365  -53.500  -1.416 0.8999999762
32963  0.048  -47.313  -5.667 1.0000000000
31192  0.502  -48.332  -4.965 0.6999999881
31272  -0.222  -49.920  -8.272 1.0000000000
32124  -0.071  -49.095  -8.260 1.0000000000
31218  -0.805  -48.981  -6.651 1.0000000000
32080  -0.588  -48.181  -6.255 1.0000000000
31249  -0.489  -49.478  -7.562 1.0000000000
27601  19.426  -53.057  -1.582 0.6999999881
124126  19.922  -52.556  -1.509 0.8000000119
31986  20.351  -48.411  1.446 0.6000000238
31987  19.724  -48.044  1.891 0.6000000238
30423  0.212  -49.879  -9.025 0.8000000119
26752  18.995  -53.778  -1.865 0.6999999881
28533  20.959  -51.978  -0.650 0.4000000060
28530  21.493  -51.627  0.931 0.4000000060
29431  21.334  -50.936  0.287 0.5000000000
31092  20.219  -49.522  2.335 0.3000000119
31974  19.296  -48.472  2.455 0.1000000015
117970  17.399  -47.680  2.807 0.1000000015
31105  21.150  -49.841  1.147 0.4000000060
125305  20.444  -49.076  1.816 0.3000000119
32842  15.775  -48.451  3.347 0.2000000030
32860  14.461  -48.429  2.999 0.1000000015
32857  19.083  -47.747  2.181 0.4000000060
32858  18.347  -47.607  2.455 0.3000000119
32859  16.374  -47.642  2.873 0.2000000030
135024  15.409  -47.890  2.932 0.2000000030
117830  13.723  -48.827  3.110 0.1000000015
32878  19.447  -47.355  1.599 0.5000000000
32879  18.754  -47.069  1.902 0.5000000000
33827  17.916  -46.941  2.148 0.4000000060
33829  14.975  -47.197  2.433 0.2000000030
118927  13.837  -48.089  2.539 0.2000000030
32861  13.100  -48.790  2.723 0.2000000030
32862  12.540  -48.896  2.170 0.2000000030
32880  12.186  -49.066  1.649 0.2000000030
30259  20.609  -50.357  2.409 0.2000000030
30276  21.372  -50.720  1.156 0.3000000119
30260  19.917  -50.047  2.929 0.2000000030
31093  19.504  -49.330  2.786 0.2000000030
31961  17.342  -48.520  3.359 0.1000000015
135122  16.602  -48.323  3.315 0.2000000030
31073  18.990  -49.720  3.407 0.1000000015
33843  19.158  -46.639  1.275 0.6000000238
31076  16.646  -48.979  3.727 0.1000000015
135968  16.040  -48.914  3.660 0.1000000015
33828  16.990  -46.868  2.338 0.4000000060
126711  16.023  -46.941  2.445 0.2000000030
133043  13.051  -48.397  2.310 0.2000000030
33849  12.663  -48.153  1.786 0.2000000030
30245  20.207  -50.795  3.211 0.1000000015
122648  19.462  -49.886  3.177 0.1000000015
31960  17.916  -48.877  3.424 0.1000000015
124723  15.423  -49.119  3.825 0.1000000015
33858  19.465  -46.307  0.525 0.6999999881
33859  18.810  -45.930  0.904 0.6999999881
33845  17.528  -46.259  1.750 0.4000000060
33847  15.721  -46.316  2.062 0.3000000119
33830  13.430  -47.338  2.042 0.2000000030
31074  18.150  -49.554  3.776 0.1000000015
31058  17.487  -49.663  4.528 0.1000000015
33887  20.154  -46.620  -1.754 0.8999999762
34871  19.229  -45.461  -0.921 0.6000000238
34872  18.635  -44.983  -0.485 0.5000000000
34855  17.484  -45.062  0.774 0.5000000000
34856  16.775  -44.736  0.762 0.4000000060
35819  16.055  -44.864  0.998 0.4000000060
31075  17.340  -49.209  3.814 0.1000000015
31962  15.988  -49.244  4.059 0.1000000015
34841  16.671  -45.332  1.227 0.4000000060
35820  15.056  -45.077  1.320 0.2000000030
35821  14.074  -45.106  1.283 0.1000000015
34857  12.470  -45.873  1.173 0.1000000015
34840  17.986  -45.748  1.160 0.5000000000
123263  17.252  -45.685  1.368 0.4000000060
34842  15.869  -45.587  1.567 0.4000000060
128816  15.052  -46.021  1.891 0.2000000030
34844  13.712  -45.993  1.692 0.2000000030
34858  11.738  -46.864  0.813 0.1000000015
34823  14.254  -46.674  2.065 0.2000000030
33848  12.947  -46.503  1.617 0.2000000030
33850  12.068  -48.492  1.166 0.2000000030
34002  2.537  -45.824  -10.198 0.8000000119
33042  2.220  -47.177  -10.371 0.8000000119
33041  3.112  -46.884  -10.606 0.8000000119
32146  2.927  -48.219  -10.856 0.8000000119
31285  3.310  -49.375  -10.897 0.6999999881
33909  20.400  -46.803  -3.237 1.0000000000
33899  19.742  -45.988  -2.276 1.0000000000
34884  19.237  -45.379  -1.911 1.0000000000
35858  18.141  -44.401  -1.068 0.6000000238
35843  17.205  -44.313  0.255 0.5000000000
35844  16.398  -44.240  0.423 0.3000000119
35846  14.543  -44.453  0.749 0.1000000015
124129  20.128  -46.150  -3.323 1.0000000000
34899  19.313  -45.307  -2.668 1.0000000000
35845  15.505  -44.324  0.610 0.4000000060
35847  13.628  -44.589  0.778 0.1000000015
35822  13.248  -45.376  1.256 0.1000000015
136908  12.029  -45.414  0.688 0.1000000015
32951  21.388  -47.743  -4.462 1.0000000000
33930  20.617  -46.503  -3.786 1.0000000000
34984  3.601  -44.845  -10.103 0.6999999881
34985  2.802  -44.889  -10.044 0.6999999881
127625  3.313  -45.600  -10.342 0.8000000119
121082  4.410  -49.666  -10.798 0.6000000238
34885  18.700  -44.864  -1.533 0.6000000238
35871  18.241  -44.315  -1.930 0.6000000238
35860  16.788  -43.809  -0.290 0.5000000000
36755  15.935  -43.734  -0.056 0.4000000060
36756  15.003  -43.838  0.096 0.1000000015
36757  14.088  -44.017  0.129 0.1000000015
36758  13.175  -44.151  0.124 0.1000000015
34900  18.754  -44.747  -2.282 0.8000000119
33929  21.240  -46.920  -4.376 1.0000000000
34929  20.356  -45.640  -3.820 1.0000000000
32961  21.655  -47.315  -5.195 0.8999999762
34931  21.295  -45.927  -5.239 1.0000000000
34000  5.112  -45.092  -10.255 0.6000000238
33040  4.002  -46.615  -10.646 0.8000000119
34001  4.221  -45.486  -10.361 0.6999999881
32145  3.847  -47.758  -10.887 0.8000000119
119186  4.782  -48.496  -10.829 0.6000000238
30433  4.587  -50.902  -10.524 0.5000000000
118646  3.818  -48.725  -10.954 0.6999999881
36786  15.445  -43.385  -0.616 0.3000000119
36816  14.969  -42.940  -0.959 0.2000000030
36787  14.499  -43.497  -0.461 0.1000000015
129495  17.691  -43.929  -1.517 0.6000000238
36784  17.148  -43.664  -1.065 0.5000000000
135700  18.376  -44.270  -2.349 0.6000000238
35872  17.895  -43.880  -2.105 0.6000000238
116135  17.227  -43.464  -1.690 0.5000000000
34918  19.687  -45.609  -3.192 0.8000000119
34919  19.259  -44.927  -3.077 0.6999999881
35882  18.763  -44.597  -2.658 0.6000000238
35894  19.824  -45.060  -3.552 0.8999999762
34935  20.993  -45.369  -5.592 0.6999999881
35901  20.284  -44.755  -4.238 0.6999999881
121074  6.087  -46.886  -10.667 0.8000000119
34982  5.679  -44.880  -9.700 0.6000000238
125428  5.727  -45.821  -10.498 0.6999999881
33039  5.002  -46.384  -10.679 0.8000000119
131988  4.599  -47.404  -10.831 0.6999999881
32144  5.465  -47.656  -10.748 0.6999999881
32143  6.731  -48.197  -10.579 0.6999999881
119522  7.260  -47.290  -10.581 0.6999999881
32142  7.809  -48.212  -10.762 0.6999999881
32160  8.025  -48.760  -11.463 0.3000000119
36815  15.933  -42.961  -1.180 0.3000000119
36814  16.634  -43.102  -1.531 0.4000000060
37670  15.469  -42.541  -1.462 0.4000000060
35883  18.221  -43.923  -2.624 0.6000000238
36841  17.531  -43.457  -2.321 0.6000000238
36842  16.929  -43.026  -2.046 0.4000000060
37669  16.274  -42.720  -1.739 0.3000000119
35895  19.536  -44.287  -3.773 0.6999999881
35896  18.797  -44.259  -3.134 0.6000000238
36864  18.403  -43.510  -3.392 0.6000000238
36865  17.733  -43.269  -3.012 0.6000000238
36877  19.261  -43.566  -4.491 0.6999999881
36878  18.616  -43.080  -4.338 0.6999999881
35905  20.534  -44.633  -5.421 0.6999999881
35902  19.888  -44.037  -4.848 0.6999999881
135566  20.838  -45.118  -6.263 0.6999999881
35912  20.416  -44.398  -6.452 0.6999999881
33036  15.262  -47.935  -10.119 0.5000000000
33024  14.688  -48.388  -9.974 0.3000000119
33037  12.398  -47.706  -10.816 0.4000000060
33995  11.714  -46.393  -10.519 0.5000000000
127363  10.580  -46.692  -9.461 0.6000000238
135862  9.865  -46.285  -9.065 0.5000000000
33999  6.015  -45.042  -10.216 0.8000000119
123522  6.626  -46.057  -10.486 0.8000000119
35931  7.655  -44.863  -9.603 0.4000000060
33998  7.076  -45.225  -10.168 0.8000000119
136728  7.654  -47.655  -13.143 0.3000000119
37671  14.514  -42.399  -1.292 0.2000000030
37691  16.416  -42.383  -2.457 0.3000000119
37692  15.799  -42.276  -1.974 0.3000000119
37690  17.153  -42.855  -2.695 0.4000000060
37715  18.064  -42.752  -3.813 0.4000000060
36886  19.979  -43.849  -5.870 0.6999999881
36887  19.387  -43.433  -5.408 0.6000000238
36901  20.360  -44.285  -7.330 0.6999999881
119554  18.142  -45.351  -10.224 0.6000000238
136000  16.980  -46.496  -10.144 0.3000000119
33991  15.980  -46.960  -10.425 0.5000000000
33992  15.345  -47.273  -10.520 0.4000000060
33993  14.339  -47.483  -10.863 0.4000000060
33994  12.753  -46.943  -11.250 0.5000000000
137632  12.537  -45.906  -11.258 0.4000000060
33981  10.987  -45.897  -9.753 0.5000000000
33982  10.146  -45.580  -9.336 0.5000000000
34958  9.542  -44.728  -9.631 0.4000000060
123866  9.410  -44.541  -10.415 0.5000000000
34980  7.875  -45.014  -10.033 0.6999999881
35942  8.638  -44.808  -10.102 0.5000000000
34979  8.890  -45.381  -10.751 0.5000000000
33996  8.743  -46.329  -11.345 0.5000000000
133255  8.044  -47.502  -10.742 0.6000000238
33052  8.520  -47.184  -11.508 0.5000000000
128148  8.308  -47.539  -12.226 0.3000000119
37672  13.530  -42.310  -1.280 0.2000000030
37693  15.048  -41.963  -1.809 0.2000000030
38542  14.095  -41.747  -1.686 0.2000000030
38551  15.576  -41.648  -2.561 0.2000000030
38552  14.590  -41.298  -2.322 0.1000000015
39408  14.062  -40.687  -2.858 0.1000000015
37716  17.433  -42.478  -3.521 0.4000000060
37717  16.776  -42.148  -3.280 0.4000000060
137674  16.205  -41.770  -3.108 0.3000000119
38563  15.675  -41.251  -3.530 0.2000000030
38564  14.942  -40.892  -3.120 0.1000000015
135889  18.091  -42.565  -4.674 0.5000000000
37741  17.579  -42.245  -4.459 0.4000000060
39417  15.065  -40.750  -4.057 0.2000000030
37759  18.871  -42.896  -5.808 0.6000000238
36888  18.887  -43.131  -5.090 0.5000000000
36902  19.578  -43.199  -7.180 0.6999999881
37760  18.403  -42.689  -5.260 0.5000000000
37761  17.701  -42.231  -5.416 0.4000000060
137153  20.052  -43.701  -7.542 0.6999999881
124990  20.001  -43.740  -8.877 0.8000000119
36909  19.833  -43.310  -8.200 0.6999999881
36912  19.777  -43.914  -9.516 0.6999999881
34971  19.103  -45.056  -10.084 0.6000000238
35935  18.423  -44.379  -10.332 0.5000000000
120984  17.613  -44.939  -10.450 0.6000000238
34972  17.297  -45.689  -10.286 0.5000000000
34973  16.244  -46.055  -10.569 0.4000000060
34974  15.574  -46.191  -10.896 0.4000000060
137719  15.452  -46.779  -10.741 0.5000000000
34976  13.485  -46.367  -11.433 0.5000000000
34956  11.251  -45.248  -10.124 0.4000000060
133017  10.989  -44.581  -10.186 0.6000000238
35940  10.474  -44.192  -10.516 0.5000000000
126752  9.843  -44.320  -10.326 0.5000000000
34977  12.056  -45.010  -10.924 0.5000000000
122236  11.047  -44.109  -10.607 0.5000000000
35952  9.866  -44.160  -11.246 0.4000000060
35953  9.439  -44.692  -11.157 0.4000000060
34992  9.094  -45.358  -11.735 0.5000000000
34021  8.064  -46.260  -13.065 0.4000000060
35002  7.827  -45.356  -13.379 0.4000000060
34039  7.231  -46.209  -13.744 0.3000000119
35026  7.276  -45.628  -14.262 0.2000000030
38576  16.362  -41.514  -3.879 0.2000000030
37742  17.019  -41.816  -4.169 0.3000000119
38592  16.372  -41.492  -4.818 0.3000000119
38577  15.725  -41.136  -4.453 0.2000000030
39419  13.559  -40.109  -4.114 0.1000000015
123622  17.025  -41.851  -5.133 0.3000000119
38578  15.119  -40.852  -4.848 0.2000000030
39427  14.360  -40.464  -4.699 0.1000000015
37766  18.911  -42.591  -6.704 0.6000000238
118272  18.249  -42.405  -6.018 0.5000000000
37780  19.677  -43.250  -9.154 0.5000000000
35934  19.329  -44.168  -10.052 0.5000000000
36914  18.892  -43.628  -10.245 0.5000000000
35936  17.448  -44.085  -10.587 0.4000000060
35938  15.851  -45.141  -11.032 0.5000000000
35946  15.722  -44.180  -11.164 0.4000000060
34989  14.903  -45.478  -11.327 0.5000000000
34990  13.893  -45.527  -11.552 0.5000000000
35949  13.278  -44.575  -11.593 0.6000000238
35950  12.339  -44.407  -11.271 0.5000000000
35939  11.542  -44.206  -10.831 0.5000000000
36917  11.050  -43.663  -11.043 0.5000000000
36918  10.618  -43.813  -11.076 0.5000000000
36919  10.269  -44.020  -11.004 0.5000000000
35941  9.875  -44.240  -10.908 0.5000000000
36928  10.669  -43.270  -11.505 0.5000000000
130338  10.336  -43.482  -11.571 0.5000000000
36929  9.738  -43.547  -12.109 0.3000000119
132734  9.652  -44.068  -11.933 0.4000000060
35954  9.192  -44.424  -12.409 0.4000000060
34993  8.742  -45.135  -12.652 0.3000000119
34052  7.004  -46.542  -14.180 0.2000000030
35977  7.540  -44.732  -13.727 0.2000000030
35997  7.723  -44.856  -14.596 0.2000000030
35989  7.368  -44.792  -13.948 0.2000000030
35996  8.256  -44.117  -14.988 0.2000000030
37762  17.112  -41.800  -5.877 0.3000000119
116387  16.434  -41.509  -5.649 0.3000000119
38593  15.635  -41.137  -5.377 0.2000000030
38594  14.816  -40.710  -5.428 0.1000000015
39444  14.085  -40.344  -5.479 0.1000000015
124690  17.671  -42.024  -6.109 0.5000000000
38601  17.378  -41.629  -6.475 0.3000000119
38602  16.649  -41.405  -6.276 0.3000000119
38603  15.883  -41.196  -6.118 0.2000000030
39443  15.145  -40.873  -5.986 0.2000000030
136909  14.528  -40.540  -5.906 0.1000000015
37769  19.324  -42.640  -7.718 0.5000000000
38600  18.155  -41.948  -6.696 0.5000000000
138408  18.317  -41.720  -7.287 0.4000000060
39455  15.449  -40.746  -6.541 0.2000000030
37776  19.497  -42.752  -8.599 0.5000000000
37770  18.732  -42.078  -7.423 0.4000000060
38609  17.840  -41.375  -7.216 0.4000000060
37777  19.121  -42.141  -8.374 0.4000000060
38616  18.519  -41.532  -8.005 0.4000000060
36913  19.381  -43.356  -9.900 0.4000000060
129621  19.283  -42.500  -9.429 0.4000000060
126860  18.276  -43.565  -10.404 0.5000000000
35937  16.442  -44.213  -10.869 0.5000000000
35947  15.078  -44.504  -11.388 0.5000000000
35948  14.232  -44.637  -11.584 0.6000000238
36924  14.565  -43.902  -11.593 0.5000000000
36925  13.756  -43.779  -11.722 0.4000000060
121114  12.027  -42.999  -11.634 0.4000000060
35951  11.717  -43.655  -11.236 0.5000000000
36939  8.474  -43.588  -13.036 0.3000000119
35963  8.127  -44.298  -13.269 0.3000000119
37795  9.744  -43.064  -12.266 0.3000000119
37797  8.405  -43.005  -13.020 0.3000000119
121228  7.758  -44.088  -13.661 0.2000000030
35988  7.711  -44.064  -14.118 0.2000000030
39454  16.197  -40.965  -6.709 0.2000000030
39456  14.718  -40.440  -6.414 0.1000000015
39462  17.406  -40.789  -7.640 0.4000000060
39463  16.605  -40.554  -7.387 0.2000000030
39464  15.772  -40.387  -7.183 0.2000000030
39465  15.073  -40.270  -6.955 0.1000000015
38620  18.838  -41.666  -9.100 0.4000000060
38621  18.484  -41.151  -9.705 0.4000000060
37782  18.763  -42.820  -10.212 0.5000000000
37784  17.324  -42.344  -10.724 0.5000000000
36916  16.894  -43.277  -10.802 0.5000000000
36922  16.036  -43.432  -11.110 0.5000000000
37789  15.577  -42.752  -11.455 0.5000000000
125004  13.223  -42.843  -11.900 0.4000000060
37792  11.365  -42.525  -11.875 0.3000000119
37793  10.684  -42.691  -11.916 0.3000000119
132980  8.874  -41.908  -13.247 0.3000000119
37828  8.291  -42.731  -13.364 0.3000000119
130511  8.133  -43.428  -13.359 0.3000000119
37845  8.131  -42.731  -13.804 0.2000000030
36969  7.965  -43.377  -13.641 0.2000000030
38617  18.030  -41.024  -8.010 0.4000000060
39471  17.110  -40.186  -8.177 0.3000000119
39472  16.214  -39.852  -8.007 0.2000000030
39469  18.342  -41.031  -8.848 0.4000000060
39476  18.060  -40.398  -9.510 0.4000000060
40233  17.524  -40.059  -8.971 0.4000000060
40234  16.908  -39.671  -8.909 0.2000000030
37783  18.185  -42.124  -10.387 0.4000000060
38624  18.350  -41.432  -10.211 0.4000000060
128602  18.139  -40.796  -10.262 0.4000000060
123589  16.951  -41.625  -11.030 0.4000000060
122316  16.079  -41.814  -11.458 0.4000000060
37788  16.452  -42.549  -11.078 0.5000000000
118940  15.130  -42.017  -11.785 0.4000000060
37790  14.529  -43.011  -11.773 0.4000000060
117747  14.116  -42.095  -12.071 0.4000000060
37791  12.302  -42.296  -12.007 0.3000000119
37807  8.524  -41.998  -13.437 0.3000000119
38656  8.233  -41.166  -13.741 0.1000000015
40242  17.496  -39.768  -9.689 0.2000000030
120467  16.164  -39.222  -8.786 0.2000000030
39479  17.781  -40.101  -10.327 0.4000000060
40248  17.317  -39.603  -10.386 0.3000000119
38625  17.459  -40.763  -10.802 0.4000000060
38629  15.699  -41.125  -11.834 0.3000000119
38630  14.795  -41.293  -12.185 0.3000000119
38631  13.794  -41.373  -12.424 0.3000000119
40243  16.795  -39.162  -9.828 0.2000000030
39480  17.246  -39.967  -10.966 0.4000000060
40249  16.947  -39.214  -10.854 0.2000000030
38628  16.653  -40.754  -11.417 0.4000000060
39482  16.632  -39.778  -11.489 0.3000000119
39483  16.067  -40.357  -11.791 0.3000000119
124188  15.943  -39.697  -11.964 0.3000000119
39484  15.413  -40.490  -12.188 0.3000000119
136108  15.317  -39.850  -12.505 0.3000000119
123212  14.580  -40.564  -12.599 0.3000000119
121821  15.781  -38.854  -12.323 0.2000000030
39485  13.514  -40.679  -12.857 0.2000000030
1512  2.153  -87.202  -11.731 1.0000000000
6754  -4.738  -78.814  -8.681 0.3000000119
6741  -4.332  -78.822  -6.738 0.5000000000
7461  -4.621  -77.981  -6.031 0.4000000060
119483  -4.485  -77.435  -5.317 0.4000000060
5364  -2.706  -80.194  -7.250 0.6999999881
8228  -4.485  -76.277  -4.375 0.4000000060
6733  -1.959  -78.816  -5.448 0.8000000119
7439  -3.172  -77.313  -4.388 0.6000000238
6992  6.164  -78.341  -27.857 0.8999999762
5614  5.353  -80.214  -25.603 0.8000000119
122743  4.854  -79.018  -26.708 0.8999999762
7008  5.920  -76.947  -28.275 0.8999999762
129360  8.401  -75.795  -29.045 0.8000000119
119855  3.735  -80.429  -23.687 0.8999999762
8540  8.828  -75.460  -30.535 0.8999999762
3787  20.651  -83.679  -33.308 0.6999999881
3789  18.897  -83.631  -33.118 0.8000000119
3786  22.605  -83.487  -33.091 0.6000000238
4368  19.143  -81.503  -31.456 0.6000000238
4998  17.867  -81.305  -31.460 0.8000000119
3780  17.333  -82.933  -32.644 0.8000000119
4378  16.809  -82.191  -32.184 0.8000000119
4382  20.381  -82.776  -32.590 0.6999999881
21600  -3.819  -59.498  -11.849 1.0000000000
23448  -3.485  -58.622  -11.385 1.0000000000
20563  -4.424  -61.740  -8.636 0.5000000000
21544  -4.895  -59.890  -8.881 0.8999999762
23371  -3.327  -57.715  -8.181 0.8999999762
23416  -3.377  -58.118  -9.962 0.8999999762
23388  -3.438  -57.869  -9.086 1.0000000000
25078  5.915  -55.128  -2.595 0.5000000000
25907  7.935  -54.037  -2.922 0.6000000238
416  1.910  -90.637  -5.351 0.8000000119
31  2.799  -93.048  -6.053 0.6999999881
34  2.477  -93.177  -7.038 0.8000000119
426  4.171  -90.394  -7.040 0.8999999762
411  9.792  -90.381  -5.693 1.0000000000
393  8.534  -90.355  -4.296 1.0000000000
401  6.921  -90.766  -4.900 1.0000000000
99  9.738  -92.127  -5.868 0.8999999762
90  8.149  -92.226  -5.280 0.8999999762
234  6.986  -91.648  -5.085 0.8999999762
136294  3.873  -93.052  -6.313 0.8999999762
42  2.371  -93.227  -9.540 0.4000000060
7  2.946  -94.081  -14.099 0.3000000119
12  2.754  -93.984  -14.896 0.2000000030
23  3.651  -94.214  -16.804 0.2000000030
196  1.803  -92.762  -16.934 0.2000000030
633  8.212  -89.442  -3.896 0.8999999762
116  11.249  -92.276  -8.429 1.0000000000
125777  11.692  -92.241  -9.053 1.0000000000
109  10.832  -92.264  -7.731 0.8999999762
128446  10.876  -92.356  -9.205 0.8999999762
117800  9.507  -92.391  -6.769 0.8999999762
125807  9.079  -92.468  -7.806 0.8999999762
101  7.563  -92.391  -5.989 0.8999999762
92  6.326  -92.078  -5.463 0.8999999762
93  5.399  -92.313  -5.627 0.8999999762
127  8.979  -92.425  -9.513 0.8999999762
133969  7.807  -92.085  -8.756 0.8999999762
102  5.980  -92.450  -6.180 0.8999999762
103  4.970  -92.670  -5.932 0.8999999762
122039  8.509  -92.050  -11.333 0.8000000119
138  8.447  -92.094  -10.381 0.8999999762
132550  7.592  -91.724  -10.130 0.8000000119
125177  7.027  -91.649  -10.234 0.6999999881
126637  6.356  -91.982  -8.742 0.6999999881
121  5.455  -92.376  -8.318 0.6999999881
126257  5.267  -92.558  -7.053 0.8999999762
36  3.959  -93.184  -8.651 0.6000000238
137900  7.325  -91.940  -11.774 0.8000000119
147  7.877  -91.830  -11.923 0.8000000119
139  6.528  -92.040  -10.692 0.8000000119
130  5.130  -93.102  -9.865 0.6000000238
131  4.709  -92.963  -9.096 0.5000000000
41  3.207  -93.376  -9.329 0.5000000000
165  7.784  -92.412  -13.337 0.6999999881
173  7.999  -92.758  -14.290 0.6000000238
154  8.707  -92.159  -12.157 0.8000000119
49  6.883  -92.968  -13.057 0.6999999881
148  5.893  -93.308  -11.956 0.6999999881
44  4.987  -93.393  -10.665 0.5000000000
124502  4.914  -93.661  -11.547 0.5000000000
45  3.415  -93.365  -10.576 0.3000000119
55  6.267  -93.610  -13.600 0.6000000238
52  3.715  -94.096  -12.538 0.4000000060
135864  3.352  -94.128  -13.047 0.3000000119
4  6.024  -94.313  -14.967 0.5000000000
5  5.010  -94.376  -14.638 0.5000000000
124954  4.569  -94.345  -16.428 0.4000000060
79  6.310  -93.799  -18.578 0.5000000000
123837  2.258  -92.396  -19.183 0.2000000030
1464  7.378  -87.170  -7.132 1.0000000000
997  12.417  -88.026  -6.889 0.6999999881
428  14.630  -91.108  -8.792 0.8999999762
119958  15.415  -90.544  -8.689 0.8999999762
1008  9.781  -87.729  -6.472 0.8000000119
250  14.253  -91.278  -9.344 0.8999999762
122286  12.360  -92.119  -9.068 1.0000000000
126001  12.531  -91.834  -10.195 1.0000000000
145  10.517  -92.382  -11.278 0.8999999762
129421  9.985  -92.610  -11.794 0.8999999762
139526  11.135  -92.244  -12.406 0.8999999762
153  9.608  -92.517  -12.426 0.8000000119
129484  10.395  -92.614  -13.035 0.8999999762
58  8.363  -93.111  -15.173 0.6000000238
62  8.858  -93.330  -16.106 0.6999999881
77  8.037  -93.357  -18.129 0.5000000000
2537  1.452  -85.613  -12.682 0.8999999762
3015  1.113  -84.996  -12.387 0.8999999762
3033  -0.380  -84.930  -13.067 0.6999999881
3016  0.264  -84.801  -12.673 0.8999999762
420  16.541  -90.211  -7.510 0.8000000119
408  16.218  -90.519  -6.745 0.6999999881
256  12.883  -91.963  -9.588 0.8999999762
438  13.962  -90.152  -10.240 0.8999999762
123922  12.278  -90.567  -12.442 0.8000000119
124721  2.467  -84.524  -10.917 1.0000000000
1523  -2.146  -87.104  -11.970 0.3000000119
2560  -2.686  -84.921  -14.122 0.4000000060
2964  8.511  -84.287  -8.501 0.8999999762
1034  14.023  -87.844  -9.849 0.8000000119
3578  -2.873  -84.036  -14.873 0.4000000060
272  12.739  -90.781  -13.014 0.8000000119
226  7.839  -92.381  -23.114 0.5000000000
778  9.282  -90.268  -24.011 0.5000000000
1166  9.227  -88.664  -24.677 0.4000000060
126717  -3.437  -82.400  -12.510 0.8000000119
1988  15.309  -86.010  -7.775 0.8000000119
2021  14.392  -86.569  -9.940 0.8000000119
12506  -1.759  -71.476  -21.910 0.5000000000
138957  11.174  -92.292  -22.416 0.5000000000
1153  12.077  -89.297  -24.002 0.5000000000
2014  14.854  -86.004  -9.375 0.8000000119
481  13.181  -91.191  -16.083 1.0000000000
127854  12.018  -90.617  -16.724 0.8999999762
732  11.459  -89.958  -17.185 0.8999999762
121294  -2.884  -67.275  -20.911 0.6999999881
119986  -3.072  -68.791  -21.830 0.6999999881
743  10.144  -88.852  -19.534 0.8999999762
760  9.859  -89.913  -21.424 0.8999999762
1134  10.513  -89.158  -21.340 0.8999999762
1125  11.123  -88.396  -21.097 0.8999999762
512  12.810  -91.514  -20.996 0.8000000119
1488  16.074  -86.642  -10.224 0.8000000119
16573  -2.443  -66.493  -19.786 0.8000000119
1590  11.294  -87.611  -20.409 0.8000000119
5394  -3.552  -80.105  -8.944 0.6000000238
120461  17.594  -89.830  -13.479 0.8999999762
2114  11.163  -86.830  -19.289 0.8000000119
139452  11.326  -87.042  -19.825 0.8000000119
804  15.522  -89.807  -25.637 0.8999999762
805  14.962  -89.657  -25.441 0.8000000119
510  14.907  -91.364  -20.577 0.6000000238
750  14.983  -90.379  -19.469 0.6000000238
1589  13.462  -87.207  -19.517 0.6000000238
1601  13.059  -88.069  -19.811 0.6999999881
1173  14.800  -88.602  -25.503 0.6999999881
17287  -0.941  -64.425  -18.305 1.0000000000
14236  -0.924  -68.762  -25.135 0.8999999762
787  16.410  -90.395  -24.774 0.8000000119
1116  15.018  -88.757  -19.186 0.6000000238
1588  14.489  -87.156  -19.421 0.5000000000
9332  -3.222  -74.914  -26.252 0.6999999881
6748  -4.534  -79.052  -7.574 0.5000000000
786  17.204  -90.269  -24.597 0.8000000119
773  17.182  -90.566  -22.563 0.8000000119
135851  15.994  -87.356  -28.050 1.0000000000
129971  -3.252  -78.716  -5.681 0.6999999881
6734  -3.652  -79.126  -6.325 0.6000000238
118686  -4.319  -77.224  -7.280 0.2000000030
8269  -3.530  -76.045  -7.810 0.2000000030
7471  -2.578  -76.551  -8.627 0.1000000015
801  18.864  -89.710  -25.607 0.6999999881
7694  -3.511  -77.250  -26.619 0.6000000238
7693  -1.684  -78.003  -26.767 0.8999999762
7453  -3.885  -77.678  -4.872 0.6999999881
7440  -4.273  -77.066  -4.574 0.4000000060
121908  -3.376  -66.151  -16.325 0.6999999881
125281  17.917  -90.150  -23.913 0.6999999881
2703  14.814  -85.774  -33.326 0.6999999881
19736  0.264  -62.081  -15.965 0.8999999762
770  19.123  -89.552  -23.141 0.6000000238
1708  19.603  -87.595  -31.051 0.8000000119
9341  -1.159  -75.229  -26.708 0.8999999762
13356  0.274  -69.835  -20.813 0.8000000119
2196  20.615  -86.259  -32.564 0.6999999881
2697  20.480  -85.205  -33.874 0.8999999762
17242  1.394  -65.259  -13.444 0.6000000238
123605  0.546  -66.609  -13.636 0.5000000000
21666  -0.769  -60.405  -15.748 1.0000000000
124251  -0.145  -69.968  -20.069 0.8000000119
6277  8.722  -79.575  -26.912 0.8000000119
2693  22.413  -85.348  -33.080 0.6999999881
3793  20.134  -84.585  -33.867 0.8000000119
4992  18.455  -81.370  -31.225 0.6000000238
6298  5.596  -79.058  -27.316 0.8999999762
12544  1.921  -71.209  -25.633 0.8000000119
4383  19.499  -82.609  -32.553 0.8000000119
3779  18.466  -82.464  -32.487 0.8000000119
4376  19.324  -81.644  -32.068 0.6999999881
6319  15.312  -79.578  -30.389 0.6999999881
6321  14.485  -78.831  -29.819 0.6999999881
6311  6.950  -78.485  -27.938 0.8000000119
116466  3.602  -78.799  -25.671 0.8999999762
6248  0.343  -79.526  -25.506 0.8999999762
6261  1.916  -78.376  -24.860 0.8999999762
6993  5.347  -77.764  -27.727 0.8999999762
6995  3.462  -76.763  -26.862 0.8000000119
6238  -1.353  -79.468  -25.143 1.0000000000
3790  17.957  -83.862  -33.092 0.8999999762
7736  7.560  -75.763  -29.007 0.8000000119
7720  5.137  -76.194  -28.217 0.8999999762
7722  3.452  -75.529  -27.760 0.8999999762
7705  0.690  -76.578  -27.688 0.8999999762
8495  1.605  -75.703  -28.375 0.8999999762
7032  8.725  -77.313  -30.913 0.6000000238
7438  -1.791  -77.582  -4.328 0.8999999762
130654  2.383  -65.381  -12.596 0.4000000060
15666  1.888  -67.592  -13.121 0.4000000060
18804  2.276  -64.016  -12.042 0.6000000238
18815  1.731  -63.438  -12.570 0.8999999762
123961  0.921  -69.189  -13.582 0.4000000060
19719  -2.691  -60.417  -14.642 1.0000000000
5660  14.215  -79.595  -29.093 0.6999999881
6986  12.455  -78.475  -27.694 0.6000000238
6246  2.569  -79.133  -24.357 0.8000000119
5590  2.120  -79.499  -23.763 1.0000000000
5554  0.423  -80.291  -23.077 1.0000000000
5556  -0.993  -79.973  -24.019 1.0000000000
7731  12.503  -77.380  -29.661 0.8000000119
4377  17.741  -81.815  -32.091 0.8000000119
7733  10.849  -76.580  -29.033 0.8000000119
8520  6.901  -74.843  -29.868 0.8999999762
9316  -0.674  -75.470  -24.864 0.8000000119
13273  1.140  -70.846  -14.060 0.4000000060
22571  -2.091  -58.991  -14.173 1.0000000000
12489  0.648  -71.624  -20.772 0.6000000238
5653  13.146  -79.432  -28.201 0.6000000238
7004  12.578  -77.892  -28.585 0.6999999881
6338  13.593  -78.779  -31.237 0.8000000119
7747  11.944  -76.959  -30.320 0.8000000119
8518  9.068  -75.665  -29.593 0.8999999762
8534  8.596  -75.062  -30.370 0.8000000119
138100  12.699  -77.982  -31.195 0.6999999881
9018  -1.623  -75.577  -1.988 0.8000000119
9073  -4.094  -75.128  -7.061 0.2000000030
118635  -2.788  -75.035  -7.320 0.2000000030
10756  -4.900  -73.737  -6.578 0.3000000119
116374  2.605  -64.236  -11.249 0.3000000119
22572  -2.895  -58.741  -13.711 1.0000000000
19696  -3.353  -62.288  -11.309 0.8999999762
8190  0.828  -76.582  -1.986 0.8999999762
9849  -2.761  -74.461  -2.337 0.8000000119
17210  3.748  -65.417  -9.644 0.2000000030
123271  -2.718  -58.766  -12.598 1.0000000000
22538  -3.585  -58.862  -11.902 1.0000000000
21580  -4.264  -60.201  -11.371 1.0000000000
13331  4.204  -70.317  -18.745 0.4000000060
20606  -4.742  -60.647  -9.964 0.8999999762
133469  0.172  -74.473  -2.298 0.8000000119
21579  -1.621  -59.770  -10.850 0.8999999762
22502  -4.734  -59.092  -9.444 1.0000000000
21581  -4.665  -59.870  -10.559 1.0000000000
9838  2.120  -74.952  -1.449 0.8999999762
10694  0.867  -74.192  -2.173 0.8000000119
10686  1.603  -74.037  -1.668 0.8000000119
19667  2.233  -63.185  -8.993 0.4000000060
20560  0.092  -62.140  -9.251 0.6999999881
23417  -4.041  -57.979  -9.644 1.0000000000
22521  -4.328  -58.879  -10.625 1.0000000000
20585  -0.894  -61.116  -9.352 0.8999999762
21565  -1.796  -59.642  -10.077 0.8999999762
11513  0.275  -72.817  -1.958 0.8999999762
19649  0.864  -62.565  -8.832 0.6999999881
21543  -1.456  -60.106  -8.449 0.8999999762
13157  -5.057  -70.098  -5.336 0.4000000060
19627  0.249  -62.808  -6.840 0.6999999881
19626  1.222  -63.101  -6.907 0.4000000060
19594  0.979  -62.387  -5.413 0.4000000060
19607  0.351  -62.568  -5.854 0.6000000238
19609  -1.018  -61.994  -6.708 0.6999999881
20521  -0.562  -61.851  -5.420 0.6999999881
120410  0.809  -61.097  -5.320 0.5000000000
20509  -0.253  -61.468  -5.076 0.6999999881
20537  -1.452  -61.340  -6.683 0.8999999762
24295  -3.221  -57.384  -7.325 0.8999999762
23346  -1.304  -58.455  -4.895 0.8999999762
23331  -1.037  -58.273  -4.481 0.8999999762
19652  -4.641  -62.084  -7.795 0.5000000000
131918  -4.745  -63.128  -7.398 0.3000000119
23348  -4.079  -58.405  -5.991 0.8999999762
19629  -4.752  -62.394  -7.165 0.3000000119
129660  -1.773  -55.864  -4.720 0.8999999762
14687  -4.035  -68.391  2.823 0.8999999762
15495  -4.647  -67.130  1.384 0.8999999762
130852  -4.969  -66.445  -0.515 0.5000000000
117975  -4.546  -65.830  2.885 0.8000000119
121220  -3.324  -65.737  5.302 0.8999999762
17078  -5.088  -64.678  0.772 0.6000000238
27628  -3.968  -52.693  -3.666 1.0000000000
135751  -2.369  -52.903  -1.239 0.8000000119
27617  -1.583  -52.808  -1.416 0.6999999881
26762  -2.315  -54.246  -0.593 0.6000000238
25082  -3.055  -56.257  -0.424 0.4000000060
25068  -3.864  -56.365  -0.815 0.5000000000
29441  -1.840  -51.209  -2.476 0.8000000119
27607  -0.986  -53.696  -1.540 0.6000000238
29490  -2.936  -51.505  -5.044 1.0000000000
29455  -3.227  -50.949  -3.188 1.0000000000
21348  -0.907  -60.345  3.365 0.8000000119
27616  -0.607  -52.995  -1.992 0.6999999881
22289  -1.271  -59.619  3.222 0.6000000238
136529  0.478  -52.576  -2.898 0.4000000060
27627  1.117  -53.166  -3.140 0.4000000060
30318  -0.894  -50.168  -3.286 0.6000000238
22301  0.394  -59.248  3.389 0.8000000119
25077  6.643  -55.461  -2.814 0.4000000060
25917  9.388  -53.894  -3.534 0.6999999881
25064  10.293  -55.825  -0.805 0.8000000119
25870  8.537  -55.320  -0.608 0.8000000119
27613  13.199  -52.571  -2.986 0.8000000119
26767  12.199  -52.842  -2.987 0.8000000119
26757  13.681  -53.021  -1.516 0.8999999762
26758  12.858  -52.907  -2.205 0.8999999762
26759  11.750  -53.154  -2.583 0.8999999762
26746  14.195  -54.014  -1.136 0.8000000119
26756  15.388  -53.108  -1.208 0.8000000119
27604  15.911  -52.313  -1.699 0.8999999762
28541  15.364  -51.880  -2.338 0.8999999762
28540  16.665  -52.002  -1.966 0.8000000119
28546  16.073  -51.778  -2.454 0.8000000119
28537  19.095  -52.189  -1.648 0.8999999762
124551  16.787  -51.881  -2.500 0.8000000119
27602  18.438  -52.697  -1.576 0.8000000119
26754  17.343  -54.021  -1.738 0.6999999881
32123  0.213  -48.066  -8.046 1.0000000000
127723  17.683  -52.950  -1.517 0.6999999881
27600  20.254  -53.459  -1.470 0.3000000119
121994  20.478  -52.922  -1.225 0.6999999881
28536  20.358  -52.071  -1.237 0.8000000119
31985  20.822  -49.120  1.254 0.6000000238
31973  19.964  -48.772  2.157 0.3000000119
120079  18.712  -48.174  2.626 0.3000000119
117363  21.298  -51.837  0.102 0.4000000060
29433  21.057  -51.112  -0.469 0.6999999881
30295  21.253  -50.076  0.423 0.6000000238
31106  20.753  -49.679  1.792 0.4000000060
31975  18.670  -48.896  3.075 0.1000000015
31976  18.091  -48.236  3.005 0.2000000030
32843  14.945  -48.770  3.470 0.1000000015
32881  11.485  -49.184  1.236 0.1000000015
30246  19.456  -50.407  3.554 0.1000000015
30277  21.067  -50.293  1.708 0.2000000030
33844  18.381  -46.398  1.548 0.5000000000
33846  16.593  -46.096  1.846 0.4000000060
33888  19.736  -46.034  -1.357 0.6999999881
33898  20.201  -46.678  -2.577 1.0000000000
34854  18.384  -45.263  0.462 0.6000000238
34853  19.123  -45.599  0.095 0.6000000238
35842  17.991  -44.536  -0.006 0.5000000000
34843  14.421  -45.692  1.658 0.2000000030
34845  12.383  -47.126  1.362 0.2000000030
33908  20.856  -47.323  -3.782 1.0000000000
34898  19.839  -46.087  -2.947 1.0000000000
35859  17.498  -44.070  -0.637 0.5000000000
35848  12.741  -44.864  0.755 0.1000000015
34928  20.980  -46.135  -4.425 1.0000000000
34932  20.808  -45.373  -4.759 0.8000000119
120006  5.875  -48.637  -10.651 0.6999999881
36785  16.453  -43.391  -0.941 0.4000000060
127065  6.711  -49.281  -10.611 0.6999999881
33053  8.319  -47.878  -11.240 0.5000000000
36863  18.964  -43.715  -3.766 0.6999999881
35922  20.659  -44.991  -7.076 0.6999999881
34981  6.972  -44.749  -9.652 0.6999999881
33997  8.286  -45.947  -10.567 0.5000000000
36894  19.980  -43.748  -6.766 0.6999999881
36895  19.432  -43.268  -6.289 0.6000000238
120849  16.726  -46.054  -10.349 0.4000000060
34975  14.758  -46.525  -11.151 0.5000000000
123132  11.869  -45.646  -10.727 0.5000000000
34957  10.436  -44.788  -9.825 0.5000000000
128485  7.733  -46.535  -10.557 0.6000000238
33038  8.372  -47.007  -10.921 0.5000000000
33066  8.489  -46.779  -12.262 0.4000000060
116268  16.802  -45.166  -10.604 0.2000000030
34991  12.891  -45.341  -11.472 0.5000000000
34978  11.420  -44.739  -10.477 0.6000000238
128787  10.082  -43.785  -11.495 0.4000000060
34020  8.656  -45.945  -12.389 0.3000000119
35014  7.204  -45.489  -13.915 0.2000000030
35034  7.818  -45.661  -15.126 0.2000000030
39428  13.542  -40.071  -4.946 0.1000000015
36926  12.697  -43.707  -11.568 0.4000000060
36927  11.168  -43.108  -11.443 0.5000000000
37794  10.198  -42.863  -12.071 0.4000000060
36930  9.129  -43.512  -12.644 0.3000000119
38610  17.004  -41.118  -6.882 0.4000000060
36915  17.804  -43.020  -10.525 0.5000000000
36923  15.248  -43.629  -11.430 0.5000000000
134860  13.186  -41.998  -12.129 0.3000000119
37796  9.022  -42.946  -12.735 0.3000000119
37805  10.042  -42.291  -12.557 0.3000000119
122803  8.955  -42.461  -12.933 0.3000000119
136650  8.533  -42.611  -13.128 0.3000000119
36968  8.181  -43.303  -14.402 0.2000000030
40216  13.908  -40.098  -6.167 0.1000000015
39470  17.808  -40.529  -8.510 0.4000000060
38623  18.764  -41.890  -9.931 0.4000000060
38639  8.487  -41.181  -13.522 0.3000000119
37827  8.269  -42.008  -13.705 0.1000000015
118144  17.757  -41.492  -10.589 0.4000000060
38632  12.611  -41.525  -12.470 0.3000000119
40252  14.589  -39.576  -13.022 0.2000000030
7472  -4.585  -78.191  -7.284 0.2000000030
21601  -4.147  -59.231  -11.277 1.0000000000
8525  2.347  -75.454  -29.292 0.8000000119
8505  3.386  -75.005  -28.926 0.6999999881
7749  5.594  -76.194  -30.311 0.5000000000
7025  6.091  -76.983  -30.571 0.3000000119
139559  6.658  -76.022  -30.736 0.5000000000
6327  5.929  -79.587  -30.181 0.1000000015
118984  6.495  -78.424  -30.519 0.4000000060
8506  2.527  -75.210  -28.479 0.8000000119
7706  -0.862  -77.262  -28.042 0.4000000060
116637  -0.271  -79.325  -26.955 0.2000000030
6976  -0.844  -78.298  -27.482 0.4000000060
123824  8.711  -81.868  -29.371 0.2000000030
123484  7.719  -80.930  -29.791 0.1000000015
6324  8.729  -79.170  -30.199 0.5000000000
7023  8.256  -78.316  -30.649 0.5000000000
4354  9.801  -82.116  -29.162 0.3000000119
125382  8.679  -80.951  -29.654 0.3000000119
128143  8.272  -80.161  -30.016 0.3000000119
4353  10.880  -81.985  -29.446 0.4000000060
4985  10.314  -81.204  -29.498 0.5000000000
4986  9.451  -81.353  -29.440 0.4000000060
5663  9.175  -79.974  -29.936 0.5000000000
6323  9.681  -78.955  -30.185 0.6000000238
5617  -0.213  -80.092  -26.449 0.2000000030
128592  -0.166  -81.709  -25.300 0.3000000119
4922  -1.064  -82.567  -24.831 0.3000000119
140437  -0.593  -82.363  -24.926 0.3000000119
4906  -1.795  -82.344  -23.225 0.2000000030
4987  7.879  -81.680  -29.505 0.1000000015
4984  11.076  -80.945  -30.028 0.5000000000
5662  10.587  -80.242  -29.959 0.6000000238
2011  18.280  -87.256  -9.049 0.6999999881
1998  18.125  -86.365  -8.398 0.6999999881
2012  17.496  -86.564  -9.205 0.6999999881
1472  19.831  -87.867  -8.292 0.6000000238
1473  18.951  -87.576  -8.609 0.6999999881
1486  18.826  -88.183  -9.286 0.6999999881
721  14.973  -90.233  -15.837 0.8000000119
122371  13.140  -89.182  -16.107 0.8000000119
1080  14.119  -89.413  -16.012 0.8000000119
6263  0.086  -79.484  -26.222 0.6000000238
6961  0.250  -78.656  -26.522 0.6999999881
115851  -0.252  -79.942  -26.152 0.6000000238
4923  -1.522  -82.050  -24.801 0.4000000060
4924  -2.251  -81.717  -24.539 0.2000000030
4907  -2.323  -81.642  -22.703 0.2000000030
5575  -2.924  -81.109  -23.498 0.2000000030
5539  -2.879  -80.848  -22.167 0.1000000015
1458  21.189  -87.400  -7.202 0.5000000000
1459  20.171  -87.068  -7.101 0.6000000238
1997  19.062  -86.940  -7.907 0.6999999881
1487  17.901  -87.665  -9.696 0.6999999881
1471  20.750  -87.823  -7.990 0.6000000238
1485  19.724  -88.526  -8.987 0.6000000238
1031  18.729  -88.682  -10.020 0.6000000238
136468  18.006  -88.956  -10.976 0.8000000119
1444  23.429  -87.506  -7.168 0.4000000060
1445  22.315  -87.507  -7.278 0.4000000060
1470  21.948  -87.976  -8.115 0.4000000060
134657  21.571  -88.518  -8.691 0.6000000238
1019  20.803  -88.751  -8.876 0.6000000238
122078  19.590  -89.020  -9.719 0.6000000238
470  17.249  -89.884  -14.483 0.8000000119
720  15.697  -89.914  -15.800 0.8000000119
122688  15.120  -89.249  -16.003 0.8000000119
137605  15.422  -88.472  -15.965 0.6999999881
1094  12.430  -88.973  -16.523 0.8000000119
1081  12.892  -88.364  -16.254 0.6999999881
120035  13.606  -88.191  -16.096 0.6999999881
1103  11.413  -88.853  -17.554 0.8000000119
1556  14.352  -87.394  -16.034 0.6999999881
2080  15.668  -87.048  -15.522 0.5000000000
2081  14.997  -86.689  -15.840 0.5000000000
4939  -0.725  -81.201  -25.668 0.6000000238
5593  -1.058  -80.225  -26.073 0.5000000000
4940  -1.153  -81.154  -25.707 0.3000000119
140315  -1.502  -83.048  -22.254 0.2000000030
5595  -2.385  -80.657  -25.913 0.4000000060
4941  -1.608  -81.108  -25.782 0.5000000000
131159  -3.237  -80.624  -25.312 0.3000000119
4889  -2.327  -81.387  -21.594 0.1000000015
6250  -3.855  -80.120  -25.652 0.3000000119
5576  -3.385  -80.584  -24.151 0.2000000030
5557  -3.368  -80.205  -22.811 0.1000000015
6951  -4.421  -78.575  -25.108 0.3000000119
139892  -3.918  -80.229  -24.749 0.3000000119
1986  17.491  -85.392  -7.707 0.6999999881
1984  19.300  -86.535  -7.190 0.6999999881
1970  18.771  -85.745  -6.693 0.6999999881
1438  23.717  -87.351  -5.914 0.4000000060
1966  22.591  -87.276  -6.323 0.4000000060
1968  20.640  -86.841  -6.403 0.5000000000
1969  19.618  -86.252  -6.394 0.6999999881
677  19.647  -89.370  -11.643 0.6000000238
1044  18.753  -89.181  -10.829 0.6000000238
684  18.171  -89.483  -12.255 0.6999999881
1954  25.260  -86.681  -5.264 0.3000000119
122414  24.874  -87.043  -5.850 0.3000000119
1018  21.785  -88.970  -9.357 0.6000000238
1030  20.496  -89.214  -9.580 0.5000000000
671  20.344  -89.392  -10.291 0.6000000238
683  19.100  -89.389  -12.418 0.6000000238
691  18.476  -89.502  -13.161 0.6999999881
710  17.717  -89.433  -14.545 0.6999999881
1068  18.022  -89.025  -14.602 0.5000000000
1456  24.337  -87.988  -7.905 0.4000000060
1457  23.326  -88.199  -8.313 0.3000000119
123998  22.472  -88.611  -8.987 0.4000000060
1028  21.831  -89.136  -10.001 0.4000000060
1049  21.380  -88.674  -11.236 0.4000000060
681  20.341  -89.149  -12.104 0.5000000000
698  19.402  -89.034  -13.406 0.4000000060
709  18.410  -89.230  -14.193 0.5000000000
478  16.358  -89.976  -15.453 0.6999999881
1078  16.743  -89.127  -15.454 0.5000000000
1965  25.414  -86.819  -6.458 0.3000000119
1443  24.504  -87.366  -7.015 0.4000000060
1455  25.199  -87.769  -7.868 0.3000000119
1469  23.427  -88.402  -9.247 0.4000000060
1483  23.081  -88.311  -9.855 0.3000000119
1040  22.251  -88.700  -10.206 0.4000000060
1542  16.932  -88.301  -15.092 0.5000000000
1454  25.747  -87.227  -7.607 0.3000000119
1482  24.198  -88.054  -9.439 0.3000000119
1554  16.140  -88.142  -15.688 0.6000000238
1555  15.248  -87.620  -15.907 0.6000000238
1543  16.318  -87.347  -15.027 0.4000000060
129143  11.967  -88.433  -17.012 0.8000000119
2068  15.303  -86.202  -15.335 0.6000000238
1566  12.444  -87.060  -16.546 0.6999999881
134288  13.599  -87.225  -16.111 0.6000000238
117714  11.864  -86.625  -17.053 0.6999999881
2094  12.393  -86.102  -16.523 0.6000000238
2083  13.147  -86.510  -16.177 0.5000000000
2579  14.695  -85.827  -15.696 0.6000000238
125877  -0.545  -80.100  -25.745 0.8000000119
5594  -1.581  -80.347  -26.234 0.6000000238
124211  -3.248  -80.213  -21.766 0.1000000015
6231  -3.500  -79.666  -21.962 0.1000000015
6239  -3.804  -79.757  -23.811 0.2000000030
135336  16.419  -86.518  -6.285 0.6999999881
138981  19.008  -85.701  -6.183 0.6999999881
2482  17.906  -85.246  -6.882 0.6999999881
126559  17.858  -85.472  -5.705 0.6999999881
1967  21.612  -87.122  -6.412 0.4000000060
1956  21.203  -86.717  -5.667 0.5000000000
2455  19.296  -85.760  -5.567 0.6999999881
700  18.050  -89.692  -14.002 0.6000000238
1508  20.922  -88.346  -11.750 0.4000000060
1517  19.912  -88.411  -12.770 0.4000000060
1527  19.447  -88.719  -13.315 0.4000000060
1468  24.623  -88.150  -8.713 0.3000000119
1484  22.595  -88.138  -10.351 0.3000000119
1497  21.341  -87.867  -11.199 0.3000000119
1518  19.206  -87.935  -13.090 0.4000000060
1528  18.783  -88.345  -13.661 0.5000000000
1541  17.685  -88.451  -14.592 0.5000000000
119545  17.085  -87.481  -14.317 0.4000000060
2050  16.798  -86.711  -13.620 0.4000000060
1530  16.141  -86.529  -14.209 0.4000000060
2565  14.984  -85.364  -15.083 0.4000000060
125110  15.463  -85.895  -14.622 0.4000000060
2581  13.003  -85.512  -16.260 0.6000000238
123302  13.750  -84.971  -16.149 0.5000000000
6249  -1.483  -79.802  -26.210 0.8000000119
136333  -3.446  -79.714  -20.652 0.1000000015
128649  -4.269  -79.285  -26.011 0.4000000060
6944  -4.124  -78.719  -23.722 0.1000000015
6919  -3.855  -78.967  -21.540 0.1000000015
6963  -4.075  -78.269  -26.324 0.5000000000
7684  -4.143  -77.481  -25.352 0.4000000060
7660  -4.154  -77.808  -23.103 0.1000000015
121142  -4.038  -78.368  -22.436 0.1000000015
995  17.128  -88.790  -6.569 0.6999999881
1446  16.375  -87.573  -6.709 0.6999999881
1440  16.884  -87.538  -5.949 0.6999999881
1971  16.804  -86.278  -5.745 0.6999999881
2017  21.765  -87.447  -10.572 0.4000000060
2026  20.588  -87.392  -11.467 0.4000000060
1509  20.331  -87.935  -12.187 0.4000000060
1519  18.358  -87.509  -13.287 0.4000000060
1529  18.017  -87.941  -13.990 0.4000000060
2018  20.871  -86.853  -10.744 0.4000000060
2027  19.763  -86.960  -11.720 0.4000000060
2028  18.943  -86.599  -11.941 0.4000000060
2049  17.515  -87.124  -13.478 0.4000000060
2009  22.394  -86.887  -10.086 0.3000000119
2010  21.287  -86.312  -10.248 0.4000000060
2521  19.153  -86.032  -11.263 0.4000000060
2029  18.174  -86.246  -12.139 0.4000000060
2547  16.256  -85.975  -13.299 0.4000000060
2531  16.508  -85.532  -12.552 0.4000000060
2051  15.544  -85.619  -13.700 0.4000000060
124425  14.434  -84.904  -15.586 0.4000000060
3027  15.131  -84.834  -13.299 0.4000000060
3060  13.114  -84.704  -16.522 0.5000000000
2548  14.941  -85.179  -14.101 0.4000000060
3058  14.419  -84.085  -15.274 0.4000000060
5587  4.991  -80.527  -24.655 0.8000000119
5628  6.786  -80.268  -26.370 0.8000000119
5586  5.925  -80.738  -24.864 0.6999999881
6950  -1.530  -79.174  -25.873 0.8000000119
132991  -4.151  -78.129  -21.514 0.1000000015
6284  -3.355  -78.809  -26.897 0.6999999881
116253  -4.204  -77.340  -22.110 0.1000000015
7673  -4.223  -77.710  -24.115 0.2000000030
8484  -3.429  -76.312  -26.386 0.5000000000
122433  -4.216  -76.697  -24.360 0.4000000060
8460  -4.300  -75.944  -23.482 0.2000000030
8475  -3.982  -76.463  -25.529 0.4000000060
120448  -4.277  -75.683  -24.615 0.4000000060
2991  3.080  -84.157  -10.453 0.8999999762
2979  0.307  -85.298  -9.674 0.8999999762
2978  1.353  -84.985  -9.730 0.8999999762
2499  0.002  -85.711  -8.688 0.8999999762
2515  -0.691  -85.539  -9.279 0.8999999762
2508  19.970  -84.941  -10.154 0.4000000060
2520  19.451  -85.479  -10.563 0.4000000060
2525  18.476  -85.857  -11.570 0.4000000060
2526  17.753  -85.457  -11.642 0.4000000060
2530  17.357  -85.900  -12.305 0.4000000060
2527  16.844  -85.099  -11.840 0.4000000060
3007  16.050  -84.750  -12.162 0.4000000060
3047  14.635  -84.467  -14.577 0.4000000060
3028  14.724  -84.478  -13.720 0.4000000060
3009  14.811  -84.018  -13.072 0.4000000060
3008  15.357  -84.395  -12.561 0.4000000060
5588  4.143  -80.264  -24.372 0.8000000119
5555  -0.360  -80.192  -23.340 0.8999999762
5537  0.338  -80.272  -22.198 0.8999999762
5538  -0.310  -80.063  -22.383 0.8999999762
6962  -1.617  -78.876  -26.676 0.8000000119
8432  -4.177  -76.471  -21.289 0.1000000015
7647  -4.220  -77.515  -20.915 0.1000000015
8444  -4.186  -76.215  -22.369 0.1000000015
116207  -4.225  -76.943  -23.236 0.1000000015
1981  -1.208  -86.993  -6.205 0.8999999762
1982  -2.187  -86.881  -6.246 0.8999999762
2990  3.711  -84.386  -10.555 0.8999999762
3543  4.989  -83.857  -9.931 0.8999999762
3532  4.353  -83.715  -9.782 0.8999999762
3520  3.147  -83.835  -8.970 0.8999999762
2479  -2.852  -86.342  -6.306 0.8999999762
2966  2.531  -84.314  -8.974 0.8999999762
139352  2.537  -84.265  -10.298 0.8999999762
2967  1.811  -84.958  -8.976 0.8999999762
2498  0.748  -85.760  -8.021 0.8999999762
2968  0.992  -85.440  -8.913 0.8999999762
2982  -3.502  -85.074  -9.552 0.8999999762
2987  16.778  -83.816  -10.821 0.4000000060
2999  15.640  -83.987  -11.826 0.4000000060
3546  16.044  -83.538  -11.220 0.4000000060
3542  15.828  -82.865  -11.133 0.3000000119
4938  5.562  -81.004  -24.044 0.6000000238
121334  7.161  -81.257  -24.472 0.5000000000
4955  6.806  -80.862  -24.985 0.6999999881
5552  2.761  -80.621  -22.739 0.6999999881
124644  2.209  -80.341  -22.872 0.8000000119
119210  1.268  -80.392  -22.204 0.6999999881
120080  -0.090  -79.937  -21.817 0.8000000119
7646  -1.075  -78.330  -22.230 0.8000000119
6217  -1.199  -79.120  -22.648 0.8000000119
122188  -1.549  -78.949  -23.598 0.8999999762
7683  -1.660  -77.534  -24.502 0.8999999762
8418  -4.053  -76.803  -20.187 0.1000000015
9273  -4.006  -75.548  -21.603 0.1000000015
9287  -3.940  -75.167  -22.588 0.1000000015
9318  -4.177  -74.793  -24.826 0.3000000119
9304  -4.218  -75.006  -23.825 0.3000000119
10168  -3.785  -74.497  -25.562 0.4000000060
1432  1.023  -87.558  -3.698 0.8000000119
1932  1.940  -87.521  -2.375 0.8000000119
1420  2.118  -87.606  -3.306 0.8000000119
1963  0.244  -86.912  -5.260 0.8000000119
1980  0.088  -86.691  -6.109 0.8999999762
1433  -0.060  -87.260  -4.464 0.8000000119
3517  5.571  -83.606  -8.652 0.8999999762
2492  -3.685  -85.601  -7.196 0.8999999762
3518  4.660  -83.618  -8.456 0.8999999762
3519  3.788  -83.767  -8.449 0.8999999762
2965  3.019  -84.303  -8.210 0.8999999762
3508  5.203  -83.650  -7.660 0.8000000119
3509  4.437  -83.945  -7.588 0.8000000119
2956  2.238  -84.973  -8.091 0.8999999762
2959  -3.761  -84.516  -6.977 0.8999999762
132919  1.505  -85.391  -8.301 0.8999999762
3512  -3.491  -83.965  -7.343 0.8999999762
2960  -4.062  -84.758  -7.257 0.8999999762
4147  -3.000  -82.802  -8.799 0.8999999762
4154  -3.298  -82.581  -9.680 0.8000000119
4166  -1.688  -82.080  -10.361 0.8000000119
3535  -4.244  -83.594  -9.564 0.6999999881
4792  -2.700  -81.962  -15.117 0.4000000060
4178  -2.595  -82.035  -13.234 0.5000000000
4777  -2.548  -81.717  -13.887 0.5000000000
126697  7.135  -81.475  -23.799 0.5000000000
4937  6.459  -81.200  -24.248 0.5000000000
5568  4.653  -80.719  -23.854 0.6000000238
5569  4.294  -80.907  -23.076 0.6000000238
126489  3.431  -80.756  -22.917 0.6000000238
4904  3.096  -80.921  -22.220 0.6000000238
5553  2.230  -80.576  -22.275 0.6000000238
5536  2.009  -80.449  -21.577 0.5000000000
6214  1.233  -80.185  -21.560 0.5000000000
6931  -1.399  -78.428  -22.801 0.8000000119
7672  -1.478  -77.264  -23.338 0.6999999881
8474  -1.413  -76.579  -24.995 0.8000000119
9247  -3.345  -76.073  -19.284 0.1000000015
9258  -3.748  -75.651  -20.634 0.1000000015
10118  -3.631  -74.384  -23.212 0.3000000119
10105  -3.367  -74.795  -21.411 0.1000000015
10154  -3.891  -74.174  -24.987 0.3000000119
2954  3.683  -84.356  -7.499 0.8000000119
2955  2.897  -84.914  -7.295 0.8999999762
138982  2.275  -85.243  -7.396 0.8999999762
2489  -0.441  -86.214  -7.725 0.8999999762
127719  -4.245  -83.765  -8.506 0.8999999762
4148  -4.074  -83.015  -9.034 0.6999999881
2501  -2.378  -86.079  -8.440 0.8999999762
2983  -4.195  -84.370  -8.971 0.8999999762
4920  6.247  -81.349  -23.316 0.5000000000
4921  5.210  -81.088  -23.209 0.5000000000
4868  3.143  -80.982  -20.942 0.4000000060
4903  3.934  -81.153  -22.286 0.5000000000
4885  3.536  -81.220  -21.538 0.4000000060
5522  2.053  -80.082  -20.947 0.4000000060
133625  1.360  -79.581  -21.072 0.4000000060
6917  0.017  -78.359  -21.468 0.6000000238
6199  0.787  -78.811  -21.151 0.6000000238
137533  0.108  -77.788  -21.617 0.6000000238
7645  -0.502  -77.837  -21.873 0.6999999881
133577  0.736  -77.748  -21.419 0.6000000238
8431  -0.437  -77.000  -22.335 0.6999999881
8443  -1.040  -76.719  -22.949 0.6999999881
8442  -0.277  -76.240  -22.850 0.6999999881
139037  -0.668  -75.585  -24.010 0.6999999881
9257  -2.290  -75.052  -19.301 0.1000000015
9315  0.097  -75.244  -24.381 0.6999999881
10117  -2.935  -73.743  -22.680 0.2000000030
133106  -3.336  -74.423  -22.330 0.1000000015
10135  -3.510  -73.652  -24.737 0.4000000060
120552  -3.216  -73.688  -23.740 0.3000000119
10153  -3.534  -73.769  -25.521 0.4000000060
1930  2.786  -86.735  -2.963 0.8000000119
2434  2.953  -85.847  -2.735 0.6999999881
3521  -2.403  -83.058  -8.155 0.8999999762
4146  -1.559  -82.612  -8.683 0.8999999762
2477  1.548  -85.871  -6.686 0.8999999762
2500  -1.168  -85.931  -8.557 0.8999999762
4901  5.692  -81.369  -22.495 0.5000000000
129565  5.304  -81.467  -21.852 0.4000000060
4902  4.822  -81.250  -22.411 0.4000000060
4883  5.444  -81.649  -21.173 0.3000000119
4884  4.530  -81.493  -21.513 0.4000000060
4866  4.852  -81.550  -20.648 0.3000000119
121202  2.851  -80.373  -20.628 0.4000000060
5521  2.531  -80.600  -21.069 0.4000000060
6197  2.577  -79.663  -20.393 0.4000000060
138460  1.989  -79.421  -20.666 0.4000000060
6903  1.459  -77.972  -20.918 0.6000000238
122103  1.034  -76.953  -21.879 0.6000000238
9286  0.700  -75.809  -22.926 0.6000000238
8430  0.422  -76.559  -22.333 0.6000000238
10938  -1.925  -73.357  -22.148 0.1000000015
10927  -1.590  -73.876  -21.248 0.1000000015
10087  -1.573  -74.517  -19.670 0.1000000015
10066  -2.131  -74.361  -18.235 0.1000000015
139803  0.632  -75.355  -23.655 0.6000000238
9302  -0.136  -75.640  -23.481 0.6999999881
121335  -2.430  -73.010  -23.246 0.3000000119
10928  -2.584  -74.068  -21.818 0.1000000015
10151  0.734  -74.633  -25.152 0.6000000238
10951  -2.916  -72.976  -24.417 0.4000000060
1931  2.445  -87.330  -3.219 0.8000000119
116654  -1.843  -87.070  -5.603 0.8999999762
2463  -2.389  -86.602  -5.464 0.8999999762
1951  2.117  -87.148  -4.152 0.8000000119
2948  -2.735  -85.692  -5.940 0.8999999762
2433  3.465  -86.199  -3.286 0.6000000238
1940  3.248  -86.751  -3.665 0.6999999881
1952  1.090  -86.992  -4.740 0.8000000119
2958  -2.719  -84.340  -6.779 0.8999999762
2491  -2.885  -86.295  -7.601 0.8999999762
2490  -1.796  -86.412  -7.756 0.8999999762
2502  -3.400  -85.819  -8.104 0.8999999762
2478  0.650  -86.166  -7.044 0.8999999762
5520  3.592  -80.747  -20.391 0.4000000060
5519  4.402  -81.077  -20.182 0.4000000060
6196  3.308  -79.954  -20.115 0.4000000060
6198  1.655  -78.799  -20.705 0.4000000060
127044  2.353  -78.883  -20.300 0.4000000060
7635  1.479  -77.169  -21.271 0.6000000238
9272  1.272  -76.194  -22.247 0.6000000238
10103  -1.505  -74.308  -20.412 0.1000000015
10065  -1.426  -74.048  -18.899 0.1000000015
9301  1.368  -75.185  -23.409 0.6000000238
10133  1.855  -74.518  -23.922 0.6000000238
10134  1.087  -74.925  -24.239 0.6000000238
10150  1.466  -74.116  -24.770 0.6000000238
137243  -1.007  -87.269  -4.366 0.8000000119
129642  -2.437  -84.970  -6.178 0.8999999762
1962  1.093  -86.498  -5.584 0.8000000119
1993  -0.434  -86.580  -6.846 0.8999999762
2462  1.971  -86.016  -5.914 0.8000000119
2946  3.743  -84.928  -6.662 0.8000000119
6184  3.804  -79.416  -19.636 0.3000000119
6185  3.080  -79.064  -19.982 0.4000000060
6888  2.802  -78.199  -19.922 0.3000000119
7634  2.011  -77.283  -20.698 0.5000000000
8417  1.937  -76.650  -21.035 0.5000000000
11716  -1.445  -72.190  -21.696 0.3000000119
129265  -1.281  -73.063  -21.494 0.2000000030
11694  -1.406  -73.175  -20.014 0.1000000015
10896  -2.011  -73.837  -18.312 0.1000000015
11687  -2.515  -73.062  -18.707 0.1000000015
9285  1.668  -75.529  -22.686 0.6000000238
8429  1.654  -76.462  -21.613 0.6000000238
11703  -1.299  -72.696  -20.886 0.1000000015
11695  -2.097  -72.660  -19.564 0.1000000015
10906  -1.577  -73.516  -19.139 0.1000000015
12492  -2.825  -71.861  -20.035 0.1000000015
2935  -2.128  -85.805  -5.033 0.8999999762
2957  -1.518  -83.848  -7.040 0.8999999762
2451  4.633  -85.734  -4.442 0.6999999881
1961  2.782  -86.214  -5.248 0.8000000119
120915  2.016  -86.532  -5.028 0.8000000119
2475  3.831  -85.485  -5.853 0.8000000119
6886  4.329  -78.897  -19.194 0.4000000060
6887  3.597  -78.393  -19.468 0.4000000060
7620  2.576  -77.349  -20.069 0.4000000060
8416  2.527  -76.469  -20.502 0.5000000000
9270  2.692  -75.475  -21.701 0.6000000238
8428  2.226  -76.036  -21.244 0.6000000238
11696  -3.246  -72.232  -19.197 0.1000000015
116188  2.412  -75.132  -22.381 0.6000000238
133212  -2.410  -71.413  -20.786 0.2000000030
10116  2.117  -74.823  -23.110 0.6000000238
139134  -3.043  -70.707  -20.997 0.3000000119
2947  -1.278  -84.378  -6.334 0.8999999762
7619  3.215  -77.485  -19.529 0.4000000060
8405  3.090  -76.655  -19.731 0.5000000000
10115  2.795  -74.186  -22.735 0.5000000000
12478  -3.709  -71.336  -19.561 0.1000000015
12493  -3.309  -70.992  -20.338 0.2000000030
133158  -0.878  -84.289  -5.646 0.8999999762
2934  -1.456  -84.865  -5.077 0.8000000119
118395  -1.821  -85.074  -5.584 0.8999999762
3492  -0.402  -83.369  -5.729 0.8999999762
4122  -0.006  -82.369  -5.737 0.8999999762
9269  3.052  -74.735  -22.002 0.6000000238
13345  -3.964  -70.387  -19.861 0.1000000015
10132  2.416  -74.100  -23.508 0.5000000000
121353  -1.556  -84.545  -3.996 0.8000000119
116706  -1.696  -85.475  -3.799 0.8000000119
3485  -1.287  -83.575  -4.203 0.8000000119
3484  -0.919  -84.216  -4.906 0.8000000119
132903  -1.835  -85.942  -4.411 0.8000000119
4110  -0.501  -83.056  -4.947 0.8000000119
13324  -4.390  -70.237  -18.456 0.1000000015
14187  -4.016  -69.402  -20.137 0.4000000060
2912  -1.898  -84.833  -2.657 0.8000000119
3475  -2.097  -83.739  -3.427 0.8000000119
140159  -1.711  -85.408  -3.060 0.8000000119
4111  -1.112  -82.506  -4.201 0.8000000119
4099  -2.976  -82.357  -3.352 0.8000000119
119765  -1.396  -81.234  -3.555 0.8000000119
4695  -0.508  -81.518  -4.084 0.8000000119
4722  -0.216  -81.984  -4.922 0.8000000119
5344  0.138  -80.701  -4.269 0.8000000119
14171  -4.060  -68.807  -19.480 0.3000000119
118204  -4.266  -69.786  -19.272 0.2000000030
4085  -3.444  -82.354  -3.001 0.8000000119
3462  -2.453  -83.864  -2.941 0.8000000119
3451  -2.025  -84.123  -2.315 0.8000000119
5333  -2.760  -81.179  -3.266 0.8000000119
5332  -0.254  -80.681  -3.740 0.8000000119
15763  -3.510  -67.477  -18.893 0.6000000238
14925  -3.815  -68.472  -17.957 0.4000000060
14158  -4.138  -69.220  -18.454 0.2000000030
4668  -3.797  -81.032  -2.270 0.6999999881
134483  -3.185  -82.556  -2.421 0.8000000119
4074  -2.926  -82.240  -1.581 0.6999999881
119828  -2.737  -80.421  -2.841 0.8000000119
4685  -3.615  -81.515  -2.960 0.8000000119
5320  -1.344  -80.467  -3.158 0.8000000119
5319  -0.180  -80.059  -3.440 0.8000000119
6008  0.237  -80.015  -3.958 0.6999999881
16550  -3.161  -66.702  -18.571 0.6000000238
139635  -3.808  -68.942  -16.637 0.1000000015
4669  -3.974  -80.502  -1.508 0.6999999881
4062  -2.580  -81.721  -0.394 0.6999999881
5321  -3.504  -80.711  -2.701 0.6999999881
139972  -3.523  -67.511  -17.432 0.4000000060
132304  -3.654  -68.135  -17.094 0.2000000030
4653  -3.503  -80.855  -0.820 0.6999999881
5298  -3.186  -80.758  0.083 0.6999999881
5998  -2.003  -79.749  -2.470 0.8000000119
137916  0.249  -79.295  -3.009 0.8000000119
16531  -3.026  -66.027  -17.928 0.6999999881
116699  -3.372  -66.943  -17.669 0.6000000238
14904  -3.611  -68.411  -15.978 0.1000000015
6698  -3.782  -79.163  -1.310 0.6999999881
6680  -3.568  -78.512  -0.024 0.6999999881
5299  -3.828  -79.845  0.371 0.6999999881
5988  -1.954  -79.119  -1.802 0.6999999881
6697  -2.723  -78.799  -1.237 0.6999999881
6692  -3.392  -78.646  -0.610 0.6999999881
6705  0.242  -79.090  -2.576 0.8000000119
5987  -0.722  -79.249  -2.070 0.6999999881
133861  -3.534  -67.684  -16.375 0.3000000119
7401  -1.683  -77.948  -0.206 0.6999999881
7381  -3.131  -77.963  0.421 0.6999999881
6678  -3.412  -78.464  0.794 0.6999999881
6696  0.161  -78.786  -1.743 0.6999999881
6690  -1.128  -78.611  -1.073 0.6999999881
7408  1.268  -77.483  -1.850 0.8000000119
6695  0.961  -78.281  -1.622 0.6999999881
6691  -2.510  -78.261  -0.489 0.6999999881
7380  -2.521  -77.613  0.874 0.6999999881
134928  -3.155  -77.993  2.006 0.6999999881
6687  1.192  -78.088  -0.847 0.6999999881
11601  -4.159  -72.364  -7.143 0.3000000119
15701  -3.575  -67.435  -14.632 0.2000000030
7388  -1.542  -77.525  0.547 0.6999999881
115912  -1.117  -76.976  1.796 0.6999999881
135229  -1.404  -77.208  3.193 0.6999999881
7400  -0.489  -77.976  -0.106 0.6999999881
138684  -0.658  -77.493  0.526 0.6999999881
8164  -0.162  -76.822  1.894 0.6999999881
6689  0.314  -78.387  -0.874 0.6999999881
7386  1.262  -77.284  0.464 0.6999999881
12363  -3.923  -71.502  -7.237 0.3000000119
12364  -4.814  -71.246  -7.080 0.3000000119
13195  -4.073  -70.580  -7.280 0.3000000119
16496  -3.570  -66.308  -14.681 0.3000000119
7354  -2.386  -77.614  3.388 0.6999999881
7363  -0.764  -76.957  2.552 0.6999999881
7353  -0.698  -77.026  4.091 0.6999999881
7377  0.417  -76.905  1.157 0.6999999881
7399  1.657  -77.634  -0.324 0.6999999881
7385  2.169  -77.120  0.139 0.6999999881
139966  1.227  -76.685  1.172 0.6999999881
7407  1.747  -77.454  -1.090 0.6999999881
7384  2.456  -76.536  -0.283 0.6999999881
7344  -0.979  -77.549  4.959 0.6999999881
8148  0.346  -76.621  2.889 0.6999999881
8163  1.661  -76.357  1.627 0.6999999881
121578  0.901  -76.533  1.945 0.6999999881
8140  0.258  -76.546  4.033 0.6999999881
8172  2.436  -76.310  0.447 0.6999999881
8162  2.310  -75.998  1.398 0.6999999881
8139  0.926  -76.270  3.531 0.6999999881
9005  1.893  -75.883  -1.382 0.6999999881
9837  2.613  -74.987  -0.673 0.6999999881
8965  2.246  -75.483  2.215 0.6999999881
8959  2.109  -74.994  2.829 0.6999999881
9833  2.803  -74.929  0.097 0.6999999881
9820  2.501  -74.721  1.244 0.6999999881
9815  2.380  -74.864  2.141 0.6999999881
125209  -3.332  -64.716  -13.714 0.6000000238
17251  -3.583  -65.453  -14.211 0.4000000060
9792  1.161  -74.809  3.911 0.6999999881
10637  1.094  -73.910  2.736 0.6999999881
10655  1.323  -73.824  1.817 0.6999999881
17244  -3.334  -65.555  -13.266 0.5000000000
9806  0.285  -74.418  4.124 0.6999999881
122270  0.735  -74.160  3.429 0.6999999881
17236  -3.162  -65.588  -12.328 0.4000000060
10649  -0.733  -73.697  1.802 0.6999999881
10657  -0.793  -73.585  0.942 0.6999999881
10668  -1.288  -73.391  0.491 0.6999999881
18806  -2.958  -63.461  -11.966 0.6000000238
18793  -2.757  -63.840  -10.541 0.3000000119
17986  -3.094  -64.804  -12.774 0.5000000000
17975  -2.876  -64.819  -11.831 0.3000000119
10659  -2.302  -73.320  1.332 0.6999999881
12219  -3.058  -71.892  2.920 0.6000000238
12245  -2.273  -72.031  0.833 0.6000000238
11484  -2.472  -72.931  1.293 0.6999999881
126275  -4.501  -60.838  -3.801 0.4000000060
12232  -2.531  -72.172  1.761 0.6000000238
122906  -2.481  -71.109  2.233 0.6999999881
17844  -5.093  -63.901  -0.200 0.2000000030
128484  -4.391  -60.092  -2.282 0.4000000060
13038  -3.929  -70.028  3.608 0.6999999881
19504  -3.932  -62.067  0.955 0.3000000119
18656  -4.733  -62.902  0.778 0.3000000119
19503  -3.106  -61.682  0.883 0.2000000030
18632  -3.475  -62.510  0.797 0.1000000015
25024  10.097  -56.604  1.506 0.6000000238
20406  -2.382  -60.759  0.996 0.4000000060
20407  -3.389  -60.798  1.268 0.3000000119
20384  -4.101  -61.081  2.477 0.6000000238
131160  12.313  -56.657  0.132 0.6000000238
134867  10.957  -56.454  0.177 0.6000000238
25025  9.177  -56.446  1.415 0.6000000238
25081  -2.111  -56.744  -0.619 0.3000000119
16263  -4.597  -66.062  5.104 0.8000000119
19461  -0.840  -62.812  4.012 0.8000000119
138666  -2.243  -63.451  4.388 0.6999999881
126415  -1.360  -61.994  3.907 0.6999999881
20364  -2.797  -61.322  4.128 0.6999999881
19470  -4.154  -61.970  3.888 0.6000000238
19483  -4.487  -62.288  2.581 0.6000000238
25042  11.783  -56.729  0.798 0.5000000000
25023  11.045  -56.692  1.383 0.5000000000
25011  8.952  -56.666  1.947 0.5000000000
21362  -3.505  -60.601  2.792 0.6000000238
130769  11.349  -56.123  -0.623 0.6999999881
25043  10.206  -56.298  0.355 0.6999999881
25012  8.189  -56.540  1.845 0.6000000238
120295  8.459  -55.785  0.591 0.6999999881
117628  -0.062  -53.884  -2.192 0.5000000000
25062  13.600  -56.344  -0.361 0.6000000238
25063  12.347  -56.028  -0.787 0.6999999881
24181  12.804  -56.890  1.438 0.4000000060
24170  11.048  -56.964  2.567 0.4000000060
24171  9.885  -56.934  2.415 0.4000000060
25041  13.205  -56.753  0.425 0.6000000238
24156  7.129  -57.153  2.732 0.6000000238
24157  6.271  -57.022  2.946 0.8000000119
126182  4.821  -56.872  3.377 0.6000000238
25884  13.963  -55.402  -0.955 0.6999999881
26760  10.859  -53.347  -3.389 0.5000000000
24180  13.784  -57.005  1.785 0.4000000060
24154  9.072  -57.057  2.540 0.5000000000
24155  8.199  -57.239  2.710 0.5000000000
24179  14.681  -57.129  1.977 0.3000000119
25040  14.250  -56.849  0.890 0.6000000238
25061  14.820  -56.549  0.074 0.6000000238
24142  7.660  -57.741  3.296 0.6000000238
24146  3.522  -57.240  4.084 0.6999999881
25060  15.809  -56.468  -0.038 0.5000000000
25882  15.768  -55.520  -0.983 0.6000000238
25883  14.948  -55.527  -0.887 0.6000000238
124291  16.752  -54.733  -1.508 0.6000000238
26745  15.073  -54.202  -1.153 0.6999999881
26768  11.564  -53.140  -3.457 0.6999999881
137372  -0.897  -53.504  -8.853 0.5000000000
119458  11.931  -57.340  3.426 0.4000000060
24153  10.896  -57.477  3.413 0.4000000060
24140  9.219  -57.619  3.227 0.5000000000
24143  6.614  -57.466  3.467 0.6000000238
23222  5.182  -57.683  4.325 0.6999999881
24145  4.581  -57.014  4.133 0.6999999881
127411  3.593  -57.844  4.414 0.8000000119
24144  5.577  -57.063  3.762 0.6999999881
28558  18.792  -51.721  -3.079 0.6000000238
27611  14.772  -51.913  -2.779 0.6999999881
121502  14.626  -52.024  -2.419 0.8000000119
28649  -0.323  -52.851  -8.787 0.5000000000
28543  19.622  -51.684  -1.760 0.6999999881
29438  19.626  -51.163  -2.747 0.6999999881
28538  18.299  -52.031  -1.855 0.8000000119
30309  20.207  -50.236  -2.710 0.8000000119
30307  20.258  -50.479  -1.899 0.8000000119
27716  -0.488  -53.640  -9.325 0.5000000000
29548  0.386  -52.114  -8.692 0.5000000000
29434  20.535  -51.205  -1.154 0.6999999881
30303  21.104  -50.265  -0.306 0.6000000238
30304  20.672  -50.438  -1.025 0.8000000119
139193  19.997  -47.710  1.342 0.5000000000
31157  20.364  -49.704  -3.099 0.8000000119
31150  20.491  -49.915  -1.558 0.8000000119
31139  20.765  -49.649  -0.898 0.8000000119
33874  20.226  -46.723  -0.783 0.8000000119
33857  19.996  -46.661  0.087 0.6999999881
140131  20.396  -47.059  -1.380 0.8999999762
32907  20.592  -47.615  -0.955 0.8000000119
32890  20.411  -47.281  0.010 0.8000000119
124420  20.788  -48.092  -0.037 0.8000000119
135783  20.568  -48.047  -2.561 0.8999999762
128025  20.560  -49.203  -1.680 0.8000000119
123348  20.793  -48.706  -0.772 0.8000000119
31205  22.308  -49.585  -6.141 0.6999999881
133717  0.515  -48.770  -9.068 0.6999999881
32106  -0.252  -48.372  -7.186 0.8999999762
124778  0.471  -50.934  -8.937 0.6000000238
32863  12.043  -49.231  1.930 0.1000000015
33875  19.674  -46.110  -0.354 0.5000000000
32933  20.668  -47.628  -3.378 0.8999999762
31234  21.778  -49.275  -6.550 0.6000000238
32061  21.877  -48.052  -5.749 0.8000000119
31191  1.447  -48.944  -5.435 0.5000000000
126725  0.325  -47.587  -5.381 0.8000000119
32105  0.060  -47.387  -7.228 0.8999999762
33002  0.358  -46.618  -6.979 0.8999999762
32979  0.503  -46.751  -6.417 0.8999999762
128690  0.720  -49.485  -9.630 0.6999999881
33030  0.740  -47.654  -8.701 0.6999999881
33016  0.495  -47.003  -7.773 0.8999999762
126606  1.181  -49.609  -10.103 0.6999999881
123939  1.021  -48.831  -9.922 0.6999999881
30434  2.832  -50.152  -10.591 0.6000000238
32997  21.704  -47.959  -6.488 0.6999999881
32976  21.756  -47.286  -6.110 0.8000000119
32063  1.065  -47.806  -5.650 0.6000000238
32079  1.668  -47.776  -6.271 0.6000000238
33948  1.034  -46.167  -6.729 0.6999999881
32978  1.186  -46.896  -6.288 0.6000000238
33963  0.831  -46.149  -7.492 0.8999999762
33029  1.238  -47.215  -9.348 0.6999999881
33015  0.998  -46.538  -8.443 0.8000000119
31286  2.424  -49.149  -10.726 0.6999999881
32137  0.956  -48.115  -9.523 0.6999999881
126206  21.427  -46.547  -4.952 0.8000000119
33945  21.561  -47.323  -6.784 0.8000000119
33946  21.451  -46.538  -6.630 0.8999999762
33004  21.141  -47.665  -7.896 0.8000000119
33959  21.294  -46.969  -7.450 0.8000000119
35911  21.076  -45.697  -6.848 0.6000000238
33976  19.097  -46.667  -9.709 0.5000000000
33977  18.098  -46.760  -9.823 0.4000000060
33961  1.958  -45.683  -7.708 0.8000000119
33962  1.320  -45.876  -7.331 0.8999999762
125941  5.177  -46.471  -8.933 0.3000000119
33043  1.695  -46.905  -9.854 0.6999999881
34003  1.974  -46.120  -9.960 0.6999999881
35923  20.573  -44.887  -7.948 0.6000000238
34953  20.286  -45.411  -9.198 0.6000000238
130111  20.374  -46.115  -9.116 0.6999999881
33975  19.945  -46.727  -9.417 0.6000000238
34954  18.649  -45.941  -9.912 0.5000000000
33978  17.234  -46.993  -9.934 0.5000000000
33000  3.262  -46.926  -8.099 0.5000000000
33013  4.481  -46.962  -8.756 0.4000000060
33014  3.725  -46.482  -8.626 0.4000000060
33960  2.804  -45.769  -8.328 0.6999999881
125781  4.320  -45.735  -9.109 0.5000000000
33972  3.461  -45.471  -8.931 0.5000000000
34951  2.227  -45.256  -8.610 0.8000000119
34948  4.438  -44.958  -9.686 0.6000000238
34964  3.225  -44.811  -9.799 0.6000000238
33985  6.912  -45.064  -9.273 0.5000000000
35927  20.394  -44.818  -8.812 0.6999999881
123219  19.687  -45.800  -9.647 0.6000000238
34970  19.901  -44.768  -9.588 0.6000000238
123762  5.989  -44.682  -9.717 0.4000000060
33984  8.437  -45.492  -8.975 0.4000000060
34962  4.952  -44.750  -9.924 0.5000000000
31284  5.733  -49.560  -10.649 0.6000000238
36908  20.271  -44.110  -8.272 0.6000000238
33983  9.312  -45.476  -9.133 0.4000000060
34959  8.720  -44.809  -9.539 0.4000000060
34960  7.746  -44.843  -9.484 0.5000000000
119420  6.317  -44.621  -9.857 0.5000000000
132572  9.119  -44.446  -9.937 0.5000000000
139987  15.708  -39.433  -8.228 0.1000000015
40227  14.319  -39.783  -7.024 0.1000000015
40235  15.288  -38.972  -8.479 0.1000000015
40994  15.027  -38.285  -9.073 0.1000000015
129821  11.540  -41.945  -12.331 0.2000000030
37804  10.711  -42.175  -12.355 0.2000000030
40244  15.897  -38.627  -9.421 0.1000000015
41004  16.339  -38.464  -10.539 0.1000000015
39489  12.366  -40.845  -12.964 0.1000000015
38635  11.699  -41.429  -12.691 0.2000000030
38637  10.065  -41.717  -12.890 0.2000000030
37806  9.494  -42.367  -12.738 0.2000000030
41014  16.221  -38.233  -11.429 0.1000000015
40251  16.472  -38.949  -11.518 0.1000000015
39490  11.325  -41.031  -13.050 0.1000000015
39491  10.394  -41.165  -13.134 0.1000000015
39492  9.513  -40.957  -13.331 0.2000000030
39488  13.170  -39.936  -13.210 0.1000000015
127785  11.998  -40.215  -13.234 0.1000000015
39507  10.887  -40.444  -13.302 0.1000000015
40273  9.197  -39.975  -13.332 0.1000000015
135719  8.684  -40.267  -13.408 0.1000000015
126013  7.923  -40.682  -13.939 0.1000000015
40255  15.206  -38.089  -13.035 0.1000000015
128401  12.703  -39.228  -13.406 0.1000000015
41019  11.139  -38.659  -13.580 0.1000000015
39508  9.999  -40.522  -13.335 0.1000000015
40272  10.211  -39.599  -13.427 0.1000000015
40259  8.377  -39.117  -13.272 0.1000000015
40256  13.935  -38.793  -13.383 0.1000000015
40257  11.544  -39.532  -13.424 0.1000000015
117727  -4.138  -84.271  -9.748 0.8000000119
2517  -3.055  -85.660  -8.854 0.8999999762
13358  -3.543  -70.055  -20.601 0.3000000119
2516  -1.985  -85.550  -9.379 0.8999999762
14939  -3.822  -68.239  -18.757 0.4000000060
2468  16.687  -85.504  -6.508 0.6999999881
121613  12.456  -87.993  -16.587 0.6999999881
1498  17.087  -87.595  -10.318 0.6999999881
1052  17.609  -89.085  -11.474 0.8000000119
4996  11.593  -81.673  -30.310 0.4000000060
7024  7.360  -78.417  -30.636 0.5000000000
5570  2.784  -80.259  -23.314 0.8000000119
18633  -4.799  -62.781  1.221 0.4000000060
19471  -4.369  -62.467  3.573 0.6000000238
124001  -1.417  -55.984  -0.900 0.4000000060
19463  -3.059  -62.163  4.317 0.6999999881
19464  -3.845  -62.474  4.340 0.6000000238
128874  -4.034  -61.034  1.617 0.5000000000
21351  -3.197  -60.778  3.476 0.6999999881
31998  21.107  -49.297  0.550 0.5000000000
30422  0.787  -50.165  -9.628 0.6000000238
32891  19.879  -47.076  0.839 0.6999999881
34965  2.547  -44.962  -9.394 0.8000000119
34966  1.888  -45.208  -8.835 0.8000000119
32147  2.091  -48.308  -10.585 0.6999999881
34963  4.031  -44.789  -9.935 0.5000000000
33938  21.575  -46.553  -5.720 0.8999999762
124780  21.317  -45.822  -6.077 0.6999999881
34943  20.847  -45.600  -7.626 0.6000000238
35930  8.486  -44.615  -9.874 0.4000000060
34955  17.693  -46.171  -10.014 0.5000000000
36911  20.162  -44.237  -9.068 0.5000000000
40226  15.234  -39.716  -7.669 0.1000000015
38638  9.160  -41.456  -13.263 0.1000000015
12491  -1.658  -71.850  -21.218 0.2000000030
26744  15.930  -54.421  -1.319 0.6999999881
28545  17.566  -51.873  -2.218 0.6000000238
34961  6.839  -44.587  -9.669 0.4000000060
39493  8.430  -40.515  -13.504 0.1000000015
126447  -2.751  -81.108  -24.948 0.4000000060
1043  19.642  -89.352  -10.610 0.6999999881
1079  15.992  -89.178  -15.840 0.6000000238
135906  22.823  -87.324  -5.429 0.4000000060
1957  20.300  -86.324  -5.670 0.5000000000
682  19.774  -89.216  -12.464 0.6000000238
1017  22.452  -88.712  -9.666 0.4000000060
676  20.582  -89.302  -11.159 0.5000000000
699  18.818  -89.214  -13.625 0.6000000238
1050  20.988  -89.006  -11.730 0.4000000060
1057  19.951  -88.985  -12.891 0.4000000060
1467  25.579  -87.606  -8.460 0.3000000119
1481  25.189  -87.783  -9.047 0.3000000119
2580  13.904  -85.663  -16.077 0.5000000000
2466  18.357  -85.461  -6.088 0.6999999881
2035  18.662  -87.086  -12.592 0.4000000060
2008  23.610  -87.835  -10.022 0.2000000030
2037  17.033  -86.344  -12.970 0.4000000060
2519  20.359  -85.861  -10.377 0.4000000060
2506  21.733  -85.804  -9.974 0.4000000060
3550  15.014  -83.565  -12.321 0.4000000060
117756  -0.085  -79.276  -21.506 0.8000000119
7659  -1.198  -77.623  -22.581 0.6999999881
4886  2.747  -80.840  -21.579 0.4000000060
10088  -2.563  -74.973  -20.229 0.1000000015
124391  0.225  -77.287  -21.872 0.6000000238
10104  -2.290  -74.387  -21.011 0.1000000015
10914  -1.213  -73.667  -20.473 0.1000000015
10905  -1.159  -73.900  -19.592 0.1000000015
5506  4.069  -80.311  -19.858 0.3000000119
9271  2.072  -75.898  -22.051 0.6000000238
2920  -1.953  -84.645  -3.251 0.8000000119
118636  -3.519  -81.360  -1.573 0.6999999881
5989  -3.115  -79.350  -1.905 0.8000000119
5977  -3.982  -79.112  -0.621 0.6999999881
132969  -4.126  -79.530  -0.480 0.6999999881
5967  -3.663  -79.146  1.108 0.6999999881
7364  -1.851  -77.188  2.236 0.6999999881
7365  -2.643  -77.570  2.488 0.6999999881
7378  -0.726  -77.102  1.113 0.6999999881
7387  0.114  -77.481  0.523 0.6999999881
129254  1.820  -75.585  2.870 0.6999999881
11478  -2.911  -72.890  2.310 0.6000000238
20409  -4.334  -61.604  1.827 0.5000000000
127349  12.163  -56.977  2.427 0.4000000060
25038  15.755  -56.920  1.195 0.3000000119
28559  18.144  -52.023  -2.995 0.6999999881
29436  19.970  -51.128  -1.861 0.8000000119
28544  18.979  -51.656  -2.311 0.6999999881
116260  18.334  -51.787  -2.429 0.6999999881
31154  20.358  -49.751  -2.294 0.8000000119
134746  20.009  -50.720  -2.713 0.8000000119
31138  21.103  -49.443  -0.155 0.8000000119
32877  20.410  -47.834  0.734 0.6000000238
32010  21.044  -48.803  0.041 0.6999999881
121976  20.602  -48.302  -1.796 0.8000000119
32918  20.443  -47.387  -2.021 0.8999999762
32027  20.493  -48.900  -2.623 0.8000000119
121911  22.904  -50.967  -6.471 0.6000000238
32924  20.470  -47.458  -2.892 0.8999999762
119171  22.040  -50.200  -6.675 0.6000000238
31235  21.434  -49.352  -7.198 0.6000000238
32076  21.890  -48.710  -6.202 0.6000000238
32998  21.474  -47.811  -7.192 0.6999999881
34944  1.762  -45.501  -8.123 0.8999999762
124495  1.596  -46.012  -9.199 0.8000000119
33966  20.937  -46.954  -8.263 0.6999999881
127181  21.160  -46.207  -7.320 0.6999999881
34947  20.634  -45.620  -8.493 0.6999999881
34946  20.947  -46.286  -7.960 0.6999999881
34950  2.940  -44.966  -9.081 0.5000000000
34949  3.719  -44.987  -9.471 0.6000000238
40236  14.429  -39.167  -7.891 0.1000000015
38636  10.878  -41.639  -12.712 0.2000000030
41010  15.817  -37.724  -10.791 0.1000000015
40258  9.077  -39.082  -13.239 0.1000000015
129576  8.147  -39.674  -13.498 0.1000000015
39528  7.840  -40.074  -14.019 0.1000000015
123826  12.202  -38.705  -13.567 0.1000000015
28560  17.326  -52.071  -3.002 0.6999999881
4127  10.567  -82.100  -6.185 0.5000000000
136886  9.784  -82.118  -6.458 0.5000000000
120189  9.356  -82.438  -6.973 0.5000000000
4130  7.634  -82.472  -6.442 0.6999999881
4727  9.174  -81.855  -6.338 0.5000000000
656  13.055  -89.487  -7.152 0.6000000238
119694  4.404  -84.843  0.770 0.3000000119
2877  4.781  -84.368  0.361 0.3000000119
127514  6.566  -83.940  -0.434 0.2000000030
2890  6.276  -84.655  -0.316 0.2000000030
118389  8.127  -83.964  -0.751 0.4000000060
3459  9.946  -83.139  -2.062 0.4000000060
4092  12.537  -82.460  -3.784 0.5000000000
4093  11.756  -82.198  -3.508 0.5000000000
4079  10.472  -82.519  -2.616 0.5000000000
4080  9.685  -82.223  -2.341 0.5000000000
4117  12.602  -82.485  -4.885 0.6000000238
4118  11.925  -82.152  -5.345 0.5000000000
4691  10.603  -81.277  -3.524 0.5000000000
4677  10.153  -81.722  -2.918 0.5000000000
4716  11.516  -81.499  -5.032 0.5000000000
5328  11.010  -80.929  -4.027 0.5000000000
5341  9.819  -80.781  -4.433 0.5000000000
5329  9.397  -80.805  -3.733 0.5000000000
4131  6.916  -82.939  -6.515 0.6999999881
4717  10.708  -81.332  -5.446 0.5000000000
4703  9.270  -80.992  -4.902 0.6000000238
4120  7.495  -82.262  -5.423 0.6999999881
1004  12.711  -88.705  -6.727 0.6000000238
127123  9.886  -81.590  -5.932 0.5000000000
4719  8.340  -81.804  -5.815 0.6000000238
343  6.457  -91.845  -23.135 0.4000000060
539  6.106  -89.719  -23.907 0.2000000030
794  6.175  -89.485  -25.086 0.1000000015
1661  4.691  -87.948  -26.753 0.1000000015
137312  5.038  -88.897  -26.462 0.1000000015
1654  4.243  -87.823  -25.935 0.1000000015
126353  3.569  -84.905  1.800 0.2000000030
2891  5.351  -84.740  -0.050 0.2000000030
2409  6.907  -85.301  -0.425 0.2000000030
2889  7.349  -84.553  -0.527 0.3000000119
3448  8.872  -84.346  -1.006 0.4000000060
4068  8.420  -82.612  -1.338 0.5000000000
4056  7.170  -82.617  -0.739 0.5000000000
3437  6.413  -83.150  -0.529 0.4000000060
2888  8.268  -84.915  -0.686 0.3000000119
4067  9.097  -82.710  -1.759 0.5000000000
3458  10.797  -83.388  -2.346 0.5000000000
3446  10.287  -84.179  -1.716 0.4000000060
3457  11.596  -83.524  -2.680 0.5000000000
3471  12.057  -82.961  -3.263 0.5000000000
4078  11.273  -82.750  -2.932 0.4000000060
139053  12.925  -88.889  -6.050 0.6000000238
996  12.792  -88.190  -6.206 0.6000000238
2929  14.141  -84.954  -4.918 0.6000000238
3469  13.464  -83.570  -3.827 0.6000000238
135094  13.046  -82.792  -4.467 0.5000000000
3499  5.770  -83.632  -6.902 0.6999999881
2459  14.162  -85.799  -5.089 0.6000000238
3507  6.450  -83.233  -7.025 0.6999999881
1430  13.468  -88.011  -4.875 0.6000000238
5343  8.261  -81.120  -4.176 0.6000000238
4121  6.918  -82.856  -5.769 0.6999999881
991  13.075  -88.579  -5.477 0.6000000238
644  14.219  -90.193  -6.551 0.6000000238
342  7.226  -91.783  -23.351 0.4000000060
529  7.289  -90.848  -23.656 0.3000000119
779  7.836  -90.485  -23.923 0.4000000060
538  7.003  -89.741  -24.162 0.3000000119
130182  7.150  -89.459  -25.241 0.1000000015
2162  5.342  -87.424  -27.104 0.1000000015
2155  6.491  -86.949  -25.222 0.1000000015
818  7.044  -89.415  -26.382 0.1000000015
828  6.369  -88.931  -27.115 0.1000000015
1679  5.731  -87.264  -28.827 0.1000000015
118567  5.324  -87.088  -28.277 0.1000000015
2399  4.573  -85.718  0.568 0.2000000030
2386  3.962  -85.554  1.177 0.2000000030
2410  6.040  -85.683  -0.229 0.2000000030
134603  4.737  -83.572  0.385 0.4000000060
137811  5.041  -83.957  -0.038 0.4000000060
2908  11.246  -84.255  -2.132 0.5000000000
2916  13.747  -84.418  -3.684 0.6000000238
3456  12.327  -83.721  -3.028 0.5000000000
3500  5.124  -84.158  -6.730 0.6999999881
1949  14.274  -86.521  -4.417 0.6000000238
2443  13.777  -85.213  -3.267 0.5000000000
2431  12.276  -85.252  -2.158 0.5000000000
5331  7.885  -80.947  -3.447 0.6000000238
5330  8.621  -80.861  -3.549 0.5000000000
3498  6.368  -83.510  -6.123 0.6999999881
2450  14.336  -85.573  -4.274 0.6000000238
2429  13.950  -85.919  -2.850 0.5000000000
4720  7.894  -81.645  -4.846 0.6000000238
4108  7.199  -82.142  -4.592 0.6999999881
133806  5.802  -84.107  -6.178 0.6000000238
2418  12.771  -85.981  -1.966 0.5000000000
3490  6.458  -83.338  -5.172 0.6999999881
637  13.285  -89.528  -5.610 0.6000000238
3482  6.535  -82.783  -4.460 0.6999999881
1186  8.566  -89.182  -26.018 0.1000000015
1195  7.899  -88.568  -27.846 0.1000000015
1678  6.676  -87.597  -29.049 0.1000000015
3173  9.083  -84.588  -29.437 0.1000000015
4346  9.736  -83.102  -28.915 0.2000000030
3761  8.794  -83.620  -29.361 0.1000000015
3198  23.081  -84.062  -33.585 0.6000000238
120619  1.478  -89.568  6.892 0.1000000015
562  2.590  -89.750  8.058 0.1000000015
556  2.934  -89.278  9.019 0.1000000015
1872  2.845  -86.506  2.753 0.2000000030
137583  2.255  -87.197  3.241 0.2000000030
1867  1.656  -87.195  3.926 0.2000000030
122513  1.293  -89.701  6.139 0.1000000015
124822  3.309  -86.301  2.075 0.2000000030
124404  0.844  -88.098  5.444 0.1000000015
2376  3.216  -85.378  2.454 0.2000000030
2372  2.840  -85.512  3.205 0.2000000030
1873  2.356  -86.175  3.749 0.2000000030
931  0.808  -88.509  4.851 0.1000000015
2398  5.172  -85.717  0.119 0.2000000030
1891  4.290  -86.731  0.772 0.2000000030
2865  3.971  -84.489  1.322 0.2000000030
134650  3.707  -84.110  1.896 0.2000000030
4661  8.499  -81.937  -1.670 0.5000000000
4069  7.810  -82.042  -1.119 0.5000000000
4057  6.363  -82.207  -0.626 0.5000000000
5316  8.934  -80.941  -3.068 0.5000000000
130184  7.946  -81.499  -1.719 0.5000000000
119231  10.832  -84.876  -1.616 0.5000000000
2432  11.481  -85.107  -1.830 0.4000000060
2945  4.397  -84.498  -6.790 0.6999999881
832  9.726  -88.734  -28.007 0.2000000030
816  8.967  -89.270  -26.749 0.2000000030
131091  8.873  -87.987  -28.795 0.1000000015
1693  7.347  -87.172  -29.523 0.1000000015
1215  9.807  -88.052  -28.758 0.2000000030
2179  9.703  -86.358  -29.172 0.1000000015
121617  11.430  -86.560  -29.493 0.1000000015
3751  11.311  -83.907  -29.122 0.1000000015
561  3.534  -89.927  8.444 0.1000000015
555  3.965  -89.511  9.279 0.1000000015
1352  1.765  -88.314  3.186 0.2000000030
134899  0.926  -89.182  4.833 0.1000000015
133101  3.883  -89.043  10.148 0.1000000015
934  1.012  -89.009  4.199 0.1000000015
135317  1.106  -89.058  6.374 0.1000000015
925  1.394  -88.658  7.022 0.1000000015
137835  2.502  -87.927  2.466 0.2000000030
123407  1.735  -86.376  4.409 0.2000000030
920  2.176  -88.706  8.626 0.1000000015
1907  5.521  -86.656  -0.095 0.2000000030
132181  6.319  -86.814  -0.365 0.2000000030
3424  5.043  -83.197  -0.131 0.4000000060
1905  7.733  -86.479  -0.558 0.3000000119
4058  5.638  -82.712  -0.404 0.4000000060
116911  6.797  -81.084  -2.137 0.5000000000
4662  7.195  -81.433  -1.474 0.5000000000
5317  8.156  -80.854  -2.879 0.5000000000
4693  7.240  -81.178  -3.397 0.5000000000
4705  7.559  -81.465  -4.036 0.6000000238
3483  5.957  -83.672  -4.439 0.6000000238
2944  5.374  -84.664  -5.773 0.6000000238
815  9.888  -89.143  -26.832 0.2000000030
126503  10.775  -88.870  -26.995 0.3000000119
1204  10.361  -88.527  -28.336 0.3000000119
1183  11.209  -88.240  -26.144 0.3000000119
1203  11.176  -88.376  -28.671 0.3000000119
1651  12.451  -87.630  -25.388 0.3000000119
1677  12.783  -88.062  -28.088 0.3000000119
2185  11.932  -86.760  -30.316 0.3000000119
3189  11.747  -84.828  -31.435 0.2000000030
1704  12.299  -87.424  -30.031 0.3000000119
2690  11.879  -85.603  -31.734 0.2000000030
4374  20.866  -82.074  -32.110 0.5000000000
118580  5.729  -89.526  9.833 0.1000000015
551  4.698  -89.332  9.956 0.1000000015
349  3.327  -90.313  7.806 0.1000000015
554  5.178  -89.856  8.880 0.1000000015
550  5.153  -88.994  10.702 0.1000000015
545  5.492  -88.599  11.283 0.1000000015
570  1.834  -90.170  6.721 0.1000000015
1343  0.939  -87.607  5.072 0.2000000030
893  4.804  -88.476  11.506 0.1000000015
134784  6.466  -88.042  12.521 0.1000000015
2860  3.374  -84.311  2.471 0.2000000030
1337  1.216  -87.153  6.509 0.1000000015
2373  2.564  -85.050  3.823 0.2000000030
125472  4.451  -83.068  1.037 0.3000000119
3416  4.038  -83.581  1.555 0.3000000119
4648  6.350  -81.480  -1.062 0.5000000000
4045  5.034  -82.241  -0.144 0.4000000060
3425  4.727  -82.653  0.396 0.4000000060
140066  6.583  -81.282  -1.555 0.5000000000
137776  6.248  -81.115  -2.325 0.5000000000
121122  6.718  -81.867  -3.797 0.5000000000
2931  5.547  -84.601  -4.767 0.6000000238
136419  3.139  -85.295  -6.496 0.6999999881
2204  12.517  -86.262  -32.003 0.2000000030
4367  19.888  -81.702  -31.653 0.5000000000
881  9.946  -88.172  12.302 0.1000000015
123301  9.167  -88.311  12.067 0.1000000015
890  8.993  -88.492  11.136 0.1000000015
543  7.481  -89.067  10.467 0.1000000015
549  6.781  -89.476  9.915 0.1000000015
123903  5.988  -89.031  10.675 0.1000000015
544  6.711  -88.850  10.935 0.1000000015
892  6.574  -88.345  11.790 0.1000000015
348  4.133  -90.390  7.870 0.1000000015
921  1.677  -88.222  7.867 0.1000000015
912  3.171  -88.917  9.895 0.1000000015
904  3.438  -88.601  10.707 0.1000000015
884  5.610  -88.165  12.139 0.1000000015
1341  1.057  -87.168  5.816 0.2000000030
913  1.962  -88.101  9.442 0.1000000015
894  3.812  -88.346  11.639 0.1000000015
4040  4.469  -82.011  1.140 0.3000000119
2367  2.015  -85.524  4.466 0.2000000030
905  2.651  -88.394  10.487 0.1000000015
119744  1.747  -87.821  8.820 0.1000000015
4663  6.055  -81.170  -1.753 0.5000000000
119199  5.599  -81.260  -1.187 0.5000000000
4109  6.023  -82.705  -3.861 0.6000000238
2933  4.606  -85.090  -5.979 0.6000000238
4361  18.159  -81.563  -30.654 0.4000000060
4360  18.865  -81.755  -30.793 0.4000000060
2368  1.297  -85.995  4.996 0.2000000030
3403  3.101  -83.632  3.118 0.2000000030
1863  1.072  -86.490  5.512 0.2000000030
138137  1.004  -86.425  5.946 0.2000000030
119019  1.384  -87.629  7.134 0.1000000015
1329  1.500  -87.264  8.111 0.1000000015
4664  5.191  -81.140  -1.625 0.5000000000
4638  4.859  -81.465  -0.246 0.4000000060
4682  5.613  -81.274  -2.519 0.5000000000
3473  5.385  -84.267  -4.024 0.6000000238
2932  5.073  -85.245  -5.038 0.6000000238
128219  16.175  -81.781  -29.270 0.3000000119
4350  17.618  -82.471  -30.007 0.3000000119
130336  18.333  -82.440  -30.369 0.3000000119
4359  19.648  -81.909  -30.994 0.3000000119
4046  4.638  -81.679  0.390 0.4000000060
4032  4.138  -82.545  1.806 0.4000000060
3404  2.618  -84.052  3.763 0.2000000030
4021  3.257  -82.563  3.168 0.4000000060
2852  2.150  -84.530  4.431 0.2000000030
2364  0.981  -85.512  5.652 0.2000000030
133074  4.176  -80.887  -0.596 0.5000000000
4632  4.073  -81.513  1.908 0.4000000060
4033  3.766  -82.066  2.579 0.4000000060
118472  2.693  -83.014  3.765 0.3000000119
3396  2.206  -83.535  4.379 0.2000000030
2356  0.790  -85.787  6.176 0.2000000030
1859  1.032  -86.432  6.374 0.2000000030
3397  1.715  -84.071  5.010 0.2000000030
2849  1.159  -84.607  5.644 0.2000000030
1852  1.211  -86.623  7.314 0.1000000015
5287  3.631  -80.680  1.085 0.4000000060
3472  5.449  -83.335  -3.789 0.6000000238
133086  4.976  -83.775  -3.651 0.6000000238
2918  4.813  -84.613  -3.690 0.6000000238
130656  6.948  -88.010  13.202 0.1000000015
874  5.991  -87.835  13.080 0.1000000015
895  2.900  -88.236  11.302 0.1000000015
128800  4.554  -88.131  12.382 0.1000000015
4683  4.673  -81.403  -2.321 0.5000000000
1316  1.630  -87.336  9.904 0.1000000015
4665  4.282  -81.056  -1.378 0.5000000000
133725  3.816  -80.774  0.526 0.5000000000
1846  1.330  -86.447  8.532 0.1000000015
1836  1.543  -86.964  9.163 0.1000000015
4694  5.016  -81.837  -3.108 0.6000000238
4081  4.230  -82.068  -2.909 0.5000000000
4651  3.576  -80.986  -0.821 0.5000000000
124040  0.654  -85.041  6.186 0.2000000030
1860  0.736  -85.852  6.949 0.2000000030
1853  0.954  -85.883  7.940 0.1000000015
4096  4.742  -82.822  -3.405 0.6000000238
4666  3.383  -81.442  -1.540 0.5000000000
5296  3.162  -80.715  0.548 0.5000000000
133610  2.274  -82.504  4.421 0.2000000030
4082  3.538  -82.426  -2.686 0.5000000000
4667  2.853  -81.363  -0.946 0.5000000000
5288  3.048  -80.514  1.419 0.4000000060
4621  3.552  -81.119  2.671 0.4000000060
5438  -2.522  -81.067  -13.684 0.4000000060
882  8.352  -88.212  12.774 0.1000000015
873  7.895  -88.189  13.615 0.1000000015
1268  10.168  -87.348  14.220 0.1000000015
906  1.945  -87.916  10.344 0.1000000015
2842  0.542  -84.640  6.669 0.2000000030
4612  3.017  -80.987  3.469 0.3000000119
3390  1.811  -83.080  4.995 0.2000000030
123198  0.912  -84.217  6.259 0.2000000030
4640  2.475  -81.061  0.248 0.5000000000
4022  2.814  -81.843  3.858 0.3000000119
4070  3.202  -82.034  -2.133 0.5000000000
2444  4.534  -85.660  -3.810 0.6000000238
1960  3.843  -86.133  -4.824 0.6000000238
4770  -1.713  -81.323  -12.768 0.4000000060
3460  3.439  -83.452  -2.946 0.6000000238
135708  3.001  -80.469  2.211 0.4000000060
2919  4.002  -84.718  -3.257 0.6000000238
2445  4.013  -86.379  -3.809 0.6000000238
5627  7.652  -80.310  -26.412 0.6999999881
6294  9.160  -78.891  -27.142 0.6999999881
5297  2.389  -80.711  1.034 0.4000000060
4083  2.861  -82.766  -2.388 0.6000000238
5613  6.368  -80.508  -25.657 0.6999999881
132192  2.196  -81.897  -0.786 0.5000000000
122476  3.206  -84.364  -2.814 0.6000000238
126923  2.995  -86.681  -4.472 0.6999999881
1953  -1.752  -87.041  -4.758 0.6999999881
127972  -1.975  -86.511  -4.690 0.6999999881
1434  -0.352  -87.555  -3.578 0.6999999881
138795  -0.768  -87.472  -3.043 0.6999999881
1435  -1.253  -87.147  -3.766 0.6999999881
2453  -1.641  -86.768  -4.225 0.6999999881
1421  1.506  -88.110  -2.972 0.6999999881
1422  0.487  -88.092  -3.035 0.6999999881
1424  -1.060  -87.163  -2.850 0.6999999881
122657  1.495  -86.876  -1.510 0.6999999881
1918  1.228  -87.717  -1.583 0.6999999881
1413  1.465  -88.062  -2.434 0.6999999881
979  0.729  -88.164  -1.994 0.6999999881
975  -0.037  -88.200  -1.621 0.6999999881
1406  -1.059  -87.361  -1.855 0.6999999881
2435  2.265  -86.070  -2.154 0.6000000238
136109  -0.197  -88.103  -0.904 0.6999999881
1405  -0.693  -87.941  -1.244 0.6999999881
1920  -1.327  -86.890  -1.453 0.6999999881
122152  -1.511  -86.127  -3.228 0.6999999881
1933  -1.285  -86.729  -2.555 0.6999999881
121009  -1.638  -86.331  -4.038 0.6999999881
2423  1.592  -85.637  -1.397 0.6000000238
2424  0.972  -86.457  -0.670 0.6999999881
1908  0.176  -87.250  -0.068 0.6999999881
2911  2.056  -84.963  -1.852 0.6000000238
2879  0.066  -85.347  0.886 0.6000000238
2892  1.217  -84.246  -0.694 0.6000000238
4060  0.981  -83.127  0.334 0.5000000000
3440  0.859  -84.144  0.123 0.6000000238
2412  0.319  -86.177  0.226 0.6999999881
1897  -0.449  -87.116  0.552 0.6999999881
1898  -1.165  -87.270  0.794 0.6999999881
1910  -1.291  -87.357  0.140 0.6999999881
2411  1.105  -85.274  -0.682 0.6000000238
1909  -0.624  -87.545  0.166 0.6999999881
2900  1.599  -84.557  -1.372 0.6000000238
2436  -1.503  -85.945  -2.224 0.6999999881
2861  -1.966  -85.744  3.034 0.6999999881
125501  -1.119  -84.861  2.607 0.6000000238
2866  -1.594  -85.895  2.395 0.6000000238
3427  -0.438  -84.766  1.662 0.6000000238
2401  -1.604  -86.864  1.322 0.6999999881
126714  0.377  -84.098  0.791 0.6000000238
2400  -0.699  -86.718  1.100 0.6999999881
118786  -2.065  -86.572  1.223 0.6999999881
2894  -1.749  -86.003  -0.214 0.6999999881
2425  -1.531  -86.428  -0.905 0.6999999881
2901  -1.639  -85.325  -1.596 0.6999999881
12208  -3.743  -70.969  3.755 0.6000000238
12991  -3.362  -70.092  6.101 0.6000000238
13860  -4.735  -70.033  5.260 0.6000000238
120898  -0.213  -70.198  4.706 0.6000000238
134482  -2.290  -69.736  5.884 0.6000000238
13839  -4.267  -69.433  5.880 0.6000000238
127189  -4.745  -69.319  4.990 0.6000000238
13859  -1.074  -69.044  5.219 0.6000000238
13838  -3.050  -69.196  6.129 0.6000000238
14656  -4.473  -68.499  5.519 0.6000000238
13878  -4.443  -69.137  3.924 0.6000000238
14673  -4.666  -68.032  3.892 0.6000000238
14667  -1.475  -68.387  5.475 0.6000000238
14655  -3.663  -68.475  6.101 0.6000000238
14666  -0.564  -68.539  5.097 0.6000000238
14668  -4.823  -68.414  4.722 0.6000000238
15451  -0.957  -67.606  5.250 0.6000000238
130537  -2.074  -67.670  5.779 0.6000000238
121238  -4.491  -66.861  5.611 0.6000000238
124725  -1.781  -66.932  5.482 0.6999999881
15452  -3.550  -66.934  5.963 0.6999999881
128135  -0.962  -66.773  5.227 0.6999999881
16246  0.370  -66.147  5.472 0.6999999881
16260  -1.585  -66.233  5.163 0.6999999881
16261  -2.773  -66.378  5.558 0.6999999881
16262  -3.917  -66.182  5.614 0.6999999881
17025  -1.141  -65.431  4.854 0.6999999881
17018  -0.012  -65.485  5.113 0.6999999881
17017  1.313  -65.136  5.605 0.6999999881
17753  2.673  -64.785  6.177 0.6999999881
17760  2.513  -64.188  5.512 0.6999999881
17759  3.195  -64.029  5.903 0.6999999881
18579  1.892  -63.921  4.929 0.6999999881
19452  2.117  -63.092  4.495 0.6999999881
18577  3.708  -63.375  5.597 0.6999999881
123654  4.111  -62.761  5.361 0.6000000238
19460  0.147  -62.812  3.955 0.6999999881
19451  3.395  -62.766  4.968 0.6999999881
20349  3.973  -62.020  4.837 0.6999999881
20348  4.853  -61.542  5.096 0.6000000238
20350  3.067  -62.157  4.410 0.6999999881
21343  5.348  -60.173  4.895 0.6000000238
128067  5.666  -59.447  4.854 0.6000000238
21344  4.506  -60.242  4.516 0.6999999881
21345  3.688  -60.420  4.127 0.6999999881
22285  3.930  -59.433  4.337 0.6999999881
127315  5.734  -58.686  4.552 0.6000000238
22284  4.816  -59.274  4.641 0.6000000238
23220  7.191  -58.390  3.796 0.5000000000
23221  6.159  -57.973  4.074 0.5000000000
23212  4.874  -58.401  4.598 0.6000000238
22298  3.344  -58.527  4.262 0.6000000238
115039  18.325  -58.548  -4.372 0.1000000015
23352  16.670  -58.760  -5.797 0.1000000015
117103  17.303  -57.395  -3.528 0.1000000015
24235  16.168  -57.309  -3.419 0.1000000015
115534  18.085  -57.960  -3.672 0.1000000015
115507  18.174  -58.727  -4.924 0.1000000015
24277  13.275  -57.203  -6.161 0.1000000015
115042  18.783  -57.522  -6.080 0.1000000015
24273  17.122  -58.084  -6.198 0.1000000015
24275  15.173  -57.540  -6.322 0.1000000015
25104  14.518  -55.966  -3.591 0.1000000015
25103  15.431  -56.374  -3.533 0.1000000015
25930  13.764  -54.573  -3.732 0.2000000030
137225  12.968  -54.779  -3.790 0.3000000119
25106  11.588  -54.720  -4.065 0.4000000060
25108  9.878  -54.284  -4.129 0.4000000060
25089  8.525  -54.888  -3.671 0.4000000060
25102  16.473  -56.361  -3.561 0.1000000015
122555  15.786  -55.574  -3.647 0.2000000030
25101  18.300  -57.218  -3.709 0.1000000015
25927  17.511  -56.266  -3.628 0.1000000015
25928  16.572  -55.215  -3.676 0.2000000030
118932  18.723  -58.019  -4.110 0.1000000015
25114  19.115  -57.161  -4.087 0.1000000015
116016  18.810  -58.217  -4.847 0.1000000015
115540  19.663  -56.989  -5.246 0.1000000015
131830  19.422  -57.072  -5.892 0.1000000015
25134  18.097  -57.029  -6.394 0.1000000015
25136  15.817  -56.880  -6.461 0.1000000015
25137  14.744  -56.543  -6.439 0.1000000015
128961  17.428  -56.208  -6.480 0.1000000015
25135  16.321  -55.986  -6.473 0.1000000015
120973  12.571  -53.619  -3.849 0.3000000119
25932  11.287  -53.809  -4.192 0.4000000060
25916  10.296  -53.713  -3.872 0.4000000060
25929  14.898  -55.190  -3.645 0.2000000030
26777  14.376  -53.830  -3.796 0.2000000030
26784  20.417  -54.880  -4.438 0.1000000015
25940  18.950  -55.439  -3.819 0.1000000015
126384  16.854  -54.267  -3.685 0.2000000030
120013  15.524  -53.685  -3.787 0.2000000030
26788  14.889  -53.492  -3.798 0.2000000030
26772  -0.428  -54.673  -1.826 0.3000000119
115044  20.371  -55.770  -4.881 0.1000000015
115751  19.915  -56.402  -4.726 0.1000000015
131501  19.794  -56.577  -5.734 0.1000000015
131831  18.952  -56.774  -6.303 0.1000000015
25962  17.933  -55.464  -6.541 0.1000000015
26808  18.430  -54.789  -6.650 0.1000000015
27637  19.752  -53.683  -3.926 0.3000000119
26785  19.396  -54.625  -3.874 0.2000000030
27638  18.698  -53.505  -3.704 0.4000000060
27640  16.992  -53.421  -3.631 0.4000000060
26783  21.388  -54.711  -5.129 0.1000000015
26771  0.506  -54.773  -2.409 0.2000000030
115047  20.870  -55.247  -5.164 0.1000000015
131580  20.212  -55.996  -5.883 0.1000000015
115045  20.111  -55.497  -6.359 0.1000000015
115050  22.460  -54.762  -5.853 0.1000000015
115646  21.544  -55.001  -5.797 0.1000000015
115411  20.958  -55.365  -6.045 0.1000000015
115524  21.010  -54.868  -6.480 0.1000000015
115049  19.338  -54.850  -6.701 0.1000000015
27661  18.026  -54.113  -6.747 0.1000000015
27636  20.859  -53.869  -4.306 0.3000000119
27639  17.785  -53.430  -3.630 0.4000000060
28577  17.158  -52.664  -3.387 0.5000000000
28578  16.478  -52.724  -3.466 0.3000000119
27635  22.055  -53.845  -4.928 0.2000000030
115053  24.165  -54.295  -6.634 0.3000000119
115532  23.160  -54.927  -7.373 0.1000000015
27681  22.566  -53.660  -7.369 0.2000000030
115054  22.619  -54.587  -6.108 0.1000000015
115451  22.028  -54.592  -6.692 0.1000000015
130439  20.411  -53.429  -7.462 0.1000000015
26827  18.845  -54.068  -6.949 0.1000000015
29519  19.715  -52.035  -7.819 0.2000000030
27684  18.116  -53.436  -6.940 0.1000000015
28547  0.195  -51.839  -2.967 0.3000000119
29520  18.707  -51.841  -7.721 0.2000000030
30396  16.426  -50.596  -7.269 0.2000000030
28574  20.084  -52.770  -3.897 0.3000000119
135153  21.101  -53.017  -4.167 0.6000000238
28573  21.768  -52.461  -4.438 0.5000000000
30330  20.680  -50.546  -3.976 0.6999999881
29464  23.642  -52.194  -5.587 0.5000000000
30329  21.769  -50.565  -4.593 0.6999999881
138214  21.060  -50.099  -4.184 0.6999999881
137624  24.621  -53.012  -6.915 0.4000000060
28628  23.122  -52.696  -7.465 0.2000000030
126084  21.311  -53.468  -7.405 0.2000000030
29516  23.390  -52.750  -7.279 0.3000000119
28629  21.640  -52.722  -7.456 0.2000000030
29518  20.755  -51.928  -7.676 0.2000000030
29451  0.682  -51.370  -3.638 0.4000000060
126349  21.771  -51.974  -7.427 0.2000000030
30394  21.069  -51.064  -7.605 0.2000000030
29535  20.105  -51.127  -7.938 0.2000000030
29536  19.206  -51.123  -8.015 0.2000000030
30414  18.677  -50.294  -8.288 0.2000000030
30395  17.330  -50.827  -7.586 0.2000000030
30415  17.700  -50.142  -8.090 0.2000000030
30416  16.773  -49.934  -7.799 0.2000000030
31236  15.938  -49.707  -7.524 0.2000000030
32050  20.938  -49.081  -4.046 0.6999999881
31174  20.672  -49.788  -3.823 0.6999999881
30346  23.305  -50.691  -5.740 0.5000000000
31173  21.478  -49.613  -4.548 0.6999999881
29517  22.375  -51.636  -7.259 0.5000000000
132080  21.586  -50.527  -7.295 0.4000000060
30411  20.896  -50.215  -7.702 0.2000000030
139749  21.096  -49.703  -7.616 0.5000000000
30412  20.355  -50.311  -8.011 0.3000000119
31259  19.089  -49.548  -8.661 0.3000000119
31260  18.057  -49.516  -8.661 0.2000000030
31261  17.037  -49.367  -8.398 0.3000000119
31262  16.176  -49.269  -8.096 0.2000000030
32128  18.976  -48.118  -9.397 0.5000000000
32130  17.020  -48.221  -9.330 0.4000000060
122197  16.445  -48.844  -8.750 0.2000000030
32099  15.296  -49.256  -7.879 0.2000000030
33022  16.842  -47.722  -9.687 0.4000000060
32114  15.532  -49.162  -8.283 0.2000000030
32100  14.864  -49.280  -7.923 0.2000000030
136889  20.913  -48.264  -3.825 0.8000000119
32049  21.548  -48.691  -4.666 0.6999999881
32048  22.023  -48.900  -5.582 0.6999999881
31257  21.004  -49.010  -7.875 0.5000000000
127499  20.414  -48.887  -8.424 0.4000000060
32110  19.598  -48.754  -8.926 0.4000000060
30356  1.875  -49.985  -5.328 0.4000000060
30334  0.637  -49.886  -4.237 0.4000000060
33005  20.735  -47.587  -8.620 0.6999999881
32127  19.746  -48.003  -9.237 0.5000000000
31189  3.079  -50.012  -6.171 0.2000000030
31190  2.297  -49.542  -5.868 0.4000000060
33019  19.444  -47.395  -9.483 0.5000000000
33021  17.527  -47.545  -9.697 0.3000000119
31265  13.046  -49.642  -8.021 0.1000000015
133564  4.815  -50.035  -7.168 0.1000000015
31216  3.273  -49.782  -6.721 0.3000000119
138449  16.483  -47.887  -9.703 0.4000000060
33007  15.703  -48.823  -8.818 0.2000000030
31264  13.863  -49.437  -7.974 0.1000000015
31247  6.094  -49.783  -7.596 0.1000000015
31248  5.220  -49.700  -7.651 0.1000000015
33034  16.345  -47.576  -9.984 0.4000000060
33023  15.457  -48.481  -9.362 0.2000000030
137004  20.715  -46.344  -8.583 0.5000000000
31215  4.007  -49.790  -7.092 0.2000000030
32062  1.953  -48.581  -5.988 0.4000000060
32116  14.401  -49.193  -8.592 0.2000000030
32117  13.615  -49.420  -8.776 0.1000000015
31276  11.428  -49.826  -8.863 0.1000000015
32118  10.201  -49.593  -8.938 0.1000000015
31269  8.174  -49.569  -8.368 0.1000000015
31246  6.957  -49.779  -7.557 0.1000000015
31271  6.493  -49.200  -8.274 0.1000000015
132248  4.504  -49.507  -7.580 0.2000000030
33035  15.889  -47.788  -9.952 0.3000000119
32132  14.020  -48.944  -9.665 0.2000000030
32077  3.147  -48.845  -7.085 0.4000000060
32134  11.858  -49.278  -9.833 0.1000000015
32135  10.959  -49.166  -9.481 0.1000000015
32120  7.718  -48.793  -8.587 0.1000000015
31270  7.337  -49.354  -8.259 0.1000000015
32102  5.602  -49.028  -8.290 0.2000000030
123954  3.901  -48.838  -7.738 0.2000000030
32977  1.997  -47.183  -6.713 0.5000000000
33008  9.438  -48.619  -9.024 0.3000000119
32119  8.476  -48.675  -8.729 0.2000000030
129019  6.105  -48.251  -8.651 0.2000000030
32122  5.119  -47.880  -8.670 0.2000000030
32999  4.041  -47.794  -8.375 0.3000000119
33001  2.487  -46.691  -7.466 0.5000000000
33011  6.646  -47.347  -8.754 0.2000000030
3447  9.418  -83.748  -1.484 0.4000000060
124709  8.664  -83.411  -1.208 0.4000000060
4678  9.355  -81.464  -2.656 0.5000000000
2898  9.579  -84.707  -1.203 0.4000000060
119757  10.217  -85.198  -1.269 0.4000000060
2407  8.419  -85.859  -0.640 0.4000000060
3765  20.004  -83.174  -30.908 0.3000000119
30333  1.477  -50.534  -4.679 0.4000000060
223  5.461  -92.636  -22.162 0.2000000030
4137  9.479  -83.050  -7.332 0.6999999881
1167  8.486  -89.033  -24.669 0.3000000119
1185  9.319  -88.906  -25.949 0.2000000030
1176  8.712  -88.808  -25.216 0.3000000119
2924  13.844  -84.183  -4.708 0.6000000238
1652  11.593  -87.815  -25.361 0.3000000119
1182  11.631  -88.376  -27.067 0.3000000119
1668  12.571  -87.831  -27.032 0.3000000119
130116  11.884  -88.432  -28.515 0.3000000119
1715  12.550  -86.801  -30.696 0.3000000119
120155  13.001  -86.439  -32.195 0.3000000119
3195  12.304  -84.822  -32.525 0.2000000030
3188  11.899  -84.360  -32.072 0.2000000030
3775  11.980  -83.046  -31.227 0.3000000119
27614  0.847  -53.947  -2.679 0.3000000119
129451  21.746  -48.127  -5.115 0.6999999881
33990  16.524  -46.779  -10.282 0.4000000060
33979  16.729  -47.292  -10.007 0.4000000060
4364  11.725  -82.668  -30.431 0.2000000030
25109  9.057  -54.272  -3.865 0.4000000060
4355  8.752  -82.723  -29.237 0.1000000015
4345  10.622  -82.783  -28.990 0.2000000030
140285  11.037  -82.637  -29.209 0.2000000030
28576  17.998  -52.653  -3.398 0.5000000000
119211  20.585  -49.007  -3.478 0.8000000119
32035  20.598  -48.227  -3.183 0.8000000119
32078  2.323  -48.292  -6.637 0.3000000119
32108  20.879  -48.275  -8.232 0.4000000060
33020  18.509  -47.431  -9.646 0.5000000000
32104  3.232  -47.886  -7.716 0.3000000119
29498  23.145  -52.741  -6.871 0.4000000060
30393  22.619  -51.479  -7.082 0.4000000060
32098  21.268  -48.419  -7.555 0.6000000238
33018  20.194  -47.479  -9.177 0.5000000000
3470  12.831  -83.197  -3.565 0.5000000000
4690  11.394  -81.513  -3.755 0.6000000238
4715  12.120  -81.892  -4.558 0.5000000000
122736  10.227  -80.801  -3.854 0.5000000000
137264  6.769  -90.142  -23.681 0.3000000119
1669  5.271  -87.533  -27.617 0.1000000015
125589  5.026  -87.554  -26.372 0.1000000015
1187  5.102  -87.902  -27.204 0.1000000015
820  4.537  -88.368  -26.511 0.1000000015
1197  5.706  -88.207  -27.612 0.1000000015
807  5.499  -89.294  -25.905 0.1000000015
2422  9.016  -85.255  -0.856 0.4000000060
2907  11.886  -84.646  -2.269 0.5000000000
134236  14.161  -85.095  -3.776 0.5000000000
2917  13.074  -83.996  -3.328 0.5000000000
1168  8.026  -89.157  -25.058 0.1000000015
817  8.061  -89.321  -26.626 0.1000000015
127892  5.434  -86.786  -28.379 0.1000000015
2166  6.203  -86.688  -26.983 0.1000000015
2161  5.876  -86.994  -26.207 0.1000000015
819  5.958  -89.170  -26.492 0.1000000015
827  7.449  -89.089  -27.215 0.1000000015
1196  6.779  -88.414  -27.744 0.1000000015
1208  6.020  -87.937  -28.432 0.1000000015
2906  12.570  -84.536  -2.695 0.5000000000
4679  8.497  -81.301  -2.329 0.5000000000
1206  8.316  -88.163  -28.411 0.1000000015
826  8.469  -89.103  -27.378 0.2000000030
1205  9.494  -88.335  -28.368 0.2000000030
1207  7.233  -88.066  -28.441 0.1000000015
118504  7.815  -86.603  -29.928 0.1000000015
126744  8.056  -84.184  -30.033 0.1000000015
3753  9.705  -83.885  -28.903 0.1000000015
2679  8.140  -85.870  -30.152 0.1000000015
125050  8.941  -85.556  -29.630 0.1000000015
3752  10.632  -83.687  -28.779 0.1000000015
4344  11.144  -83.133  -29.111 0.2000000030
1878  3.163  -87.422  1.946 0.2000000030
3410  3.631  -83.252  2.379 0.3000000119
1194  10.253  -88.960  -27.657 0.3000000119
1692  8.445  -87.393  -29.310 0.1000000015
134753  9.574  -87.407  -29.172 0.1000000015
2180  8.713  -86.675  -29.580 0.1000000015
138767  8.840  -86.128  -29.649 0.1000000015
1691  10.590  -87.783  -28.978 0.2000000030
2178  10.667  -87.043  -29.163 0.1000000015
2669  10.762  -85.099  -28.726 0.1000000015
2678  10.863  -85.913  -28.900 0.1000000015
2177  11.515  -87.443  -29.475 0.2000000030
2677  11.446  -85.587  -29.375 0.1000000015
2685  11.762  -86.058  -30.250 0.3000000119
3172  11.437  -84.722  -29.265 0.1000000015
3183  11.740  -85.035  -30.199 0.1000000015
3760  11.516  -83.286  -29.719 0.2000000030
3768  11.737  -83.505  -30.591 0.2000000030
1193  11.180  -88.753  -27.954 0.3000000119
128802  11.260  -87.976  -29.124 0.3000000119
1192  12.015  -88.437  -27.811 0.3000000119
1690  11.843  -87.720  -29.611 0.3000000119
125625  11.972  -86.166  -31.143 0.3000000119
1716  12.337  -86.450  -31.093 0.3000000119
1705  12.080  -87.133  -30.200 0.3000000119
135033  11.815  -85.591  -30.996 0.2000000030
15433  -4.113  -67.663  5.926 0.6000000238
115644  17.624  -59.055  -4.257 0.1000000015
115473  18.077  -58.587  -3.887 0.1000000015
119448  17.923  -57.837  -6.211 0.1000000015
23351  17.703  -58.562  -5.701 0.1000000015
115051  19.172  -57.663  -5.423 0.1000000015
129905  16.999  -57.164  -6.457 0.1000000015
24245  14.884  -56.652  -3.487 0.1000000015
25931  12.056  -54.227  -4.020 0.3000000119
25933  10.728  -53.960  -4.257 0.4000000060
26787  16.110  -54.230  -3.746 0.2000000030
25100  18.583  -56.297  -3.774 0.1000000015
25941  17.769  -55.143  -3.684 0.1000000015
136421  19.574  -56.957  -4.563 0.1000000015
115041  19.394  -56.358  -4.161 0.1000000015
115046  20.092  -56.266  -5.369 0.1000000015
115668  19.642  -56.383  -6.127 0.1000000015
130693  18.300  -56.291  -6.452 0.1000000015
115048  19.018  -55.789  -6.465 0.1000000015
25939  19.802  -55.631  -4.274 0.1000000015
128944  17.551  -54.132  -3.672 0.2000000030
129443  16.105  -53.352  -3.683 0.2000000030
133169  20.631  -55.565  -5.557 0.1000000015
26786  18.364  -54.378  -3.698 0.1000000015
28575  18.960  -52.494  -3.583 0.6000000238
27634  23.290  -54.255  -5.904 0.2000000030
131710  22.785  -54.235  -6.527 0.1000000015
135867  22.037  -54.119  -7.061 0.1000000015
26826  20.115  -54.621  -6.853 0.1000000015
140365  19.490  -54.333  -6.962 0.1000000015
124812  18.924  -53.223  -7.307 0.1000000015
128405  20.561  -52.064  -3.932 0.5000000000
28572  23.006  -52.906  -5.211 0.5000000000
28592  23.995  -53.224  -5.916 0.2000000030
115663  23.421  -54.565  -6.654 0.2000000030
115469  24.051  -54.689  -7.425 0.1000000015
136204  24.259  -53.890  -7.560 0.2000000030
126678  24.212  -52.776  -6.265 0.5000000000
131632  23.763  -53.988  -7.622 0.2000000030
27682  20.925  -54.145  -7.082 0.1000000015
28630  20.548  -52.745  -7.626 0.2000000030
28631  19.707  -52.954  -7.563 0.1000000015
131260  19.038  -52.524  -7.597 0.1000000015
28632  18.188  -52.561  -7.266 0.1000000015
29522  16.925  -51.480  -7.105 0.2000000030
28557  19.553  -51.874  -3.533 0.6000000238
29450  19.989  -51.154  -3.576 0.6999999881
29466  21.154  -51.366  -4.199 0.6999999881
29465  22.573  -51.665  -4.794 0.5000000000
124835  22.949  -51.182  -5.277 0.6000000238
29481  23.107  -52.518  -5.951 0.6000000238
130178  24.251  -53.216  -6.630 0.5000000000
29515  24.012  -53.264  -7.354 0.3000000119
128851  1.423  -51.970  -3.840 0.4000000060
30413  19.604  -50.343  -8.259 0.2000000030
29537  18.259  -51.008  -7.870 0.2000000030
31188  22.675  -49.771  -5.821 0.6999999881
31172  22.076  -49.371  -5.209 0.6999999881
130185  22.499  -50.055  -5.193 0.6000000238
129145  19.974  -49.585  -8.456 0.3000000119
32111  18.514  -48.831  -9.089 0.3000000119
32112  17.425  -48.803  -9.008 0.3000000119
31263  15.787  -49.126  -8.257 0.2000000030
32129  17.943  -48.158  -9.436 0.4000000060
122256  16.037  -48.834  -8.765 0.2000000030
32113  16.468  -48.356  -9.304 0.3000000119
32101  14.489  -49.312  -8.045 0.2000000030
32109  20.326  -48.185  -8.857 0.4000000060
30355  2.714  -50.397  -5.712 0.3000000119
31275  12.620  -49.655  -8.930 0.1000000015
33006  16.106  -48.316  -9.410 0.3000000119
32131  14.795  -48.781  -9.111 0.2000000030
118345  9.089  -49.658  -8.646 0.1000000015
31268  9.636  -50.121  -8.385 0.1000000015
32103  4.703  -48.852  -8.162 0.2000000030
32133  12.986  -49.303  -9.889 0.3000000119
32121  6.984  -48.483  -8.595 0.2000000030
53  3.649  -93.684  -12.104 0.2000000030
48  3.434  -93.145  -11.309 0.2000000030
176  3.267  -94.111  -13.850 0.2000000030
1355  17.949  -87.749  2.322 0.4000000060
118163  18.386  -87.857  2.072 0.3000000119
134635  17.829  -88.752  1.287 0.4000000060
595  17.237  -89.144  1.559 0.3000000119
603  17.508  -89.166  0.612 0.4000000060
960  18.219  -88.510  0.593 0.4000000060
612  17.784  -89.036  -0.148 0.4000000060
965  18.228  -88.346  -0.501 0.4000000060
1383  18.985  -87.702  -0.481 0.4000000060
973  17.772  -88.303  -1.522 0.5000000000
621  17.491  -89.172  -1.084 0.5000000000
1399  18.029  -87.496  -1.996 0.5000000000
976  17.482  -88.407  -2.376 0.5000000000
120130  17.335  -89.171  -2.014 0.5000000000
1938  17.640  -86.835  -3.618 0.6000000238
1428  17.321  -87.851  -3.804 0.5000000000
980  17.359  -88.683  -3.272 0.5000000000
396  16.154  -90.572  -5.938 0.5000000000
397  15.335  -90.599  -6.249 0.5000000000
1948  17.636  -86.296  -4.449 0.6000000238
1958  17.278  -86.292  -5.137 0.6000000238
120678  17.254  -87.141  -4.532 0.6000000238
132870  17.281  -88.240  -4.581 0.5000000000
642  17.433  -89.558  -6.146 0.6000000238
407  16.850  -90.289  -6.577 0.5000000000
2458  17.301  -85.648  -5.748 0.6000000238
2421  9.641  -85.495  -0.950 0.3000000119
1376  19.654  -87.521  1.108 0.4000000060
122766  16.413  -89.472  1.752 0.3000000119
604  16.617  -89.664  0.687 0.4000000060
1377  18.956  -87.861  0.375 0.4000000060
613  17.103  -89.472  -0.258 0.5000000000
1398  18.941  -87.390  -1.306 0.4000000060
622  16.718  -89.890  -1.207 0.5000000000
132263  18.426  -86.468  -3.202 0.6000000238
627  17.271  -89.624  -3.706 0.5000000000
391  16.017  -90.701  -5.030 0.5000000000
392  15.088  -90.843  -5.260 0.5000000000
132348  17.915  -85.924  -4.482 0.6000000238
386  17.014  -90.219  -4.012 0.5000000000
390  16.942  -90.351  -4.872 0.5000000000
131214  16.122  -90.702  -4.174 0.5000000000
2456  18.428  -85.599  -5.246 0.6000000238
800  19.946  -89.577  -25.655 0.5000000000
812  18.624  -89.590  -26.934 0.6000000238
128981  19.512  -89.631  -26.421 0.5000000000
1211  18.694  -88.927  -29.382 0.6999999881
1217  19.210  -88.657  -29.858 0.6999999881
1906  7.068  -86.970  -0.525 0.2000000030
1354  18.779  -87.305  2.233 0.2000000030
1356  17.302  -87.597  2.365 0.2000000030
1904  8.517  -86.847  -0.639 0.3000000119
139010  9.712  -86.656  -0.750 0.3000000119
1367  19.638  -87.169  1.839 0.3000000119
941  17.307  -88.179  2.395 0.3000000119
581  16.069  -89.089  2.391 0.3000000119
1397  19.768  -87.639  -0.643 0.4000000060
1410  19.939  -87.454  -1.344 0.5000000000
605  15.928  -89.990  1.154 0.4000000060
376  16.350  -89.877  -0.292 0.4000000060
1925  20.158  -87.163  -2.186 0.4000000060
985  13.281  -89.154  -4.711 0.5000000000
1926  18.931  -86.921  -2.221 0.5000000000
134044  19.483  -86.559  -3.031 0.6000000238
130968  17.115  -89.644  -1.845 0.5000000000
138223  16.802  -90.221  -2.814 0.5000000000
134812  14.186  -90.807  -4.722 0.5000000000
121838  14.825  -91.051  -4.256 0.5000000000
2440  18.903  -86.054  -3.838 0.6000000238
2448  19.180  -85.813  -4.605 0.6000000238
1151  20.767  -89.312  -23.177 0.5000000000
769  20.372  -89.525  -24.077 0.5000000000
120738  19.355  -89.672  -23.751 0.5000000000
768  21.527  -89.267  -24.000 0.5000000000
127268  20.496  -89.496  -26.587 0.5000000000
822  19.626  -89.566  -27.317 0.5000000000
1199  19.108  -89.246  -28.982 0.6000000238
1210  19.525  -89.048  -29.390 0.6000000238
1698  19.944  -88.180  -30.391 0.6000000238
2191  21.296  -86.858  -31.544 0.6999999881
2195  21.817  -86.134  -32.279 0.5000000000
2194  23.117  -85.748  -31.962 0.5000000000
2695  22.926  -84.480  -33.474 0.3000000119
4003  1.562  -82.680  5.705 0.1000000015
3383  1.257  -83.307  6.357 0.2000000030
4013  2.288  -81.590  4.518 0.2000000030
134198  4.033  -87.834  0.858 0.1000000015
1896  4.872  -86.701  0.272 0.1000000015
1373  3.871  -89.143  0.526 0.1000000015
1390  5.764  -87.723  -0.260 0.1000000015
1389  6.594  -87.809  -0.475 0.1000000015
1388  7.635  -87.627  -0.601 0.2000000030
127290  6.915  -88.784  -0.429 0.2000000030
1368  16.430  -87.644  2.246 0.2000000030
971  7.964  -88.612  -0.563 0.3000000119
942  16.532  -88.325  2.391 0.3000000119
1358  15.097  -88.221  2.266 0.3000000119
1903  9.310  -87.114  -0.705 0.3000000119
1387  8.644  -87.810  -0.678 0.3000000119
1386  9.574  -88.004  -0.719 0.3000000119
1366  20.245  -87.157  1.425 0.3000000119
1902  10.095  -87.126  -0.798 0.3000000119
2420  10.919  -85.769  -1.302 0.3000000119
1382  20.072  -87.693  0.237 0.4000000060
1396  20.898  -87.755  -0.394 0.4000000060
943  15.592  -88.625  2.390 0.3000000119
130602  14.767  -89.940  2.062 0.3000000119
1916  10.678  -86.600  -0.949 0.3000000119
596  15.562  -89.843  1.863 0.3000000119
362  15.227  -90.276  1.075 0.4000000060
370  15.614  -90.174  0.191 0.5000000000
132873  14.883  -90.461  -0.577 0.5000000000
1928  14.381  -86.564  -3.146 0.5000000000
377  15.678  -90.205  -0.869 0.5000000000
631  13.772  -90.752  -4.020 0.5000000000
632  13.441  -89.878  -3.998 0.5000000000
1419  14.351  -87.320  -3.614 0.5000000000
383  15.903  -90.523  -2.700 0.5000000000
389  14.197  -90.927  -3.300 0.5000000000
984  13.804  -88.529  -3.930 0.5000000000
1429  14.041  -87.419  -4.402 0.5000000000
1937  20.069  -86.331  -3.777 0.6000000238
387  16.464  -90.488  -3.400 0.5000000000
134232  21.876  -88.998  -23.033 0.4000000060
1141  20.100  -89.046  -22.634 0.5000000000
1152  19.823  -89.449  -23.196 0.5000000000
782  21.217  -89.341  -24.900 0.4000000060
821  20.583  -89.404  -27.577 0.5000000000
1188  20.693  -89.175  -28.294 0.5000000000
1682  20.179  -88.583  -29.757 0.5000000000
1697  21.103  -87.918  -30.094 0.4000000060
2190  22.535  -86.633  -31.226 0.5000000000
3191  24.163  -84.019  -33.182 0.3000000119
3384  0.661  -83.834  6.986 0.2000000030
3375  1.152  -82.975  7.000 0.2000000030
4588  1.905  -81.046  4.968 0.2000000030
4589  1.387  -81.584  5.769 0.2000000030
4602  2.435  -80.915  4.217 0.2000000030
1365  2.265  -89.211  2.149 0.1000000015
594  2.361  -90.017  2.014 0.1000000015
1892  3.725  -86.793  1.427 0.1000000015
1374  3.497  -88.353  1.189 0.1000000015
953  2.636  -89.902  1.284 0.1000000015
958  3.132  -89.680  0.832 0.1000000015
957  3.748  -89.892  0.617 0.1000000015
137803  5.186  -87.565  0.017 0.1000000015
964  4.554  -89.352  0.301 0.1000000015
131053  17.157  -86.302  1.834 0.2000000030
1881  18.517  -86.686  2.241 0.2000000030
1378  5.189  -88.604  -0.056 0.1000000015
135652  16.129  -87.019  1.842 0.2000000030
610  6.465  -89.774  0.373 0.2000000030
600  6.217  -89.814  0.786 0.1000000015
1880  19.420  -86.713  2.109 0.2000000030
131307  15.677  -87.575  2.017 0.2000000030
961  6.936  -89.591  -0.066 0.2000000030
599  7.061  -90.036  1.118 0.2000000030
1369  14.997  -87.480  1.802 0.2000000030
619  8.296  -89.447  -0.282 0.2000000030
1359  14.265  -88.581  2.346 0.2000000030
970  8.855  -88.708  -0.554 0.3000000119
1893  20.829  -87.071  1.142 0.3000000119
944  14.785  -88.839  2.461 0.3000000119
128680  14.092  -89.076  2.520 0.3000000119
618  9.167  -89.575  -0.208 0.3000000119
131928  10.321  -87.851  -0.733 0.3000000119
127078  13.979  -89.756  2.151 0.3000000119
584  13.327  -89.314  2.319 0.3000000119
359  12.103  -90.127  1.849 0.2000000030
360  11.294  -90.187  2.035 0.3000000119
968  11.619  -88.614  -0.438 0.3000000119
1385  10.923  -87.334  -0.835 0.3000000119
2419  11.853  -85.879  -1.575 0.4000000060
134348  21.767  -87.722  -0.707 0.4000000060
132272  14.279  -90.138  1.788 0.3000000119
364  13.722  -90.311  1.440 0.3000000119
366  11.560  -90.432  1.291 0.3000000119
1384  11.675  -87.836  -0.687 0.4000000060
1914  12.405  -86.681  -1.319 0.4000000060
2430  13.207  -85.358  -2.587 0.4000000060
371  14.529  -90.509  0.185 0.5000000000
372  13.772  -90.528  0.558 0.5000000000
2417  13.524  -86.105  -2.331 0.4000000060
1924  21.260  -87.531  -2.233 0.4000000060
1411  14.139  -88.443  -2.305 0.5000000000
1929  14.075  -86.701  -2.413 0.4000000060
126273  20.425  -86.896  -2.899 0.4000000060
384  15.047  -90.651  -2.270 0.5000000000
385  14.167  -90.790  -2.327 0.5000000000
626  13.897  -90.582  -2.709 0.5000000000
118254  14.221  -88.461  -3.031 0.5000000000
120437  14.369  -87.498  -2.706 0.5000000000
1936  21.234  -87.141  -3.206 0.4000000060
127913  14.848  -90.815  -2.849 0.5000000000
981  13.708  -89.479  -3.362 0.5000000000
126582  21.720  -86.857  -4.784 0.4000000060
1108  21.545  -88.424  -18.327 0.2000000030
1102  20.679  -88.369  -17.850 0.1000000015
1572  20.310  -88.158  -17.336 0.1000000015
1113  22.525  -88.163  -18.810 0.1000000015
134480  20.015  -88.158  -17.994 0.2000000030
1596  23.545  -87.459  -20.202 0.2000000030
1597  22.234  -87.454  -20.756 0.3000000119
124546  21.232  -87.825  -20.186 0.2000000030
1598  20.147  -87.736  -20.221 0.2000000030
1586  19.598  -87.800  -19.329 0.3000000119
1608  23.548  -87.733  -21.943 0.2000000030
1609  22.104  -87.667  -21.455 0.4000000060
1610  19.915  -87.375  -21.131 0.4000000060
1621  23.896  -88.017  -23.076 0.2000000030
1150  22.594  -88.808  -24.031 0.3000000119
799  20.890  -89.408  -25.697 0.5000000000
1160  22.226  -88.959  -24.915 0.3000000119
798  21.802  -89.105  -25.740 0.3000000119
3766  18.994  -83.134  -30.479 0.2000000030
1179  21.325  -89.161  -27.069 0.4000000060
4365  21.569  -82.349  -31.957 0.4000000060
1706  21.833  -87.248  -30.670 0.5000000000
2692  23.771  -84.766  -32.766 0.3000000119
3776  24.698  -83.184  -32.215 0.3000000119
2184  22.855  -86.485  -30.337 0.3000000119
2689  24.405  -85.010  -31.580 0.3000000119
4956  0.279  -81.513  -25.811 0.2000000030
2691  25.041  -84.105  -32.261 0.3000000119
7742  0.300  -76.577  -29.091 0.4000000060
7011  -0.240  -77.418  -29.024 0.3000000119
120605  0.361  -84.682  8.067 0.2000000030
115962  0.305  -83.915  7.809 0.2000000030
3991  1.298  -82.399  6.459 0.2000000030
3979  0.747  -82.034  7.858 0.2000000030
138703  1.583  -80.689  4.914 0.2000000030
4578  1.059  -81.544  6.693 0.2000000030
576  2.115  -90.110  3.855 0.1000000015
5267  2.256  -80.379  3.592 0.2000000030
5235  1.825  -80.551  4.468 0.2000000030
575  2.761  -90.245  3.293 0.1000000015
133687  2.656  -90.281  2.275 0.1000000015
602  3.023  -90.157  0.919 0.1000000015
578  3.275  -90.231  2.360 0.1000000015
592  3.447  -90.214  1.236 0.1000000015
117492  4.010  -89.187  3.250 0.1000000015
939  4.182  -89.801  2.129 0.1000000015
115893  4.781  -89.639  0.468 0.1000000015
952  4.551  -89.923  1.070 0.1000000015
938  5.179  -88.923  2.335 0.1000000015
611  5.642  -89.626  0.329 0.1000000015
951  5.837  -89.356  1.693 0.1000000015
1350  5.601  -87.008  3.837 0.1000000015
937  6.265  -88.389  2.631 0.2000000030
118375  5.779  -87.723  3.248 0.1000000015
121500  6.952  -89.104  2.371 0.2000000030
117207  14.347  -87.849  1.957 0.2000000030
609  7.711  -89.838  0.140 0.2000000030
122566  7.915  -88.988  2.865 0.2000000030
1886  13.494  -87.444  1.545 0.2000000030
598  7.916  -90.074  1.648 0.2000000030
589  8.491  -89.607  2.453 0.2000000030
1370  13.730  -88.233  2.175 0.2000000030
945  13.542  -88.722  2.402 0.1000000015
949  9.714  -89.071  2.907 0.2000000030
588  9.364  -89.820  2.462 0.2000000030
368  9.866  -90.343  1.798 0.2000000030
947  11.603  -88.849  2.532 0.1000000015
136791  10.899  -88.807  2.637 0.1000000015
367  10.709  -90.440  1.525 0.3000000119
374  10.859  -90.381  0.818 0.3000000119
133683  11.503  -90.228  0.720 0.3000000119
967  12.495  -88.369  -0.609 0.4000000060
1402  12.527  -87.511  -0.864 0.4000000060
128249  13.820  -90.588  -0.234 0.5000000000
615  12.616  -90.068  0.271 0.5000000000
966  13.111  -89.104  -0.719 0.5000000000
1401  13.335  -88.079  -0.936 0.5000000000
117425  13.219  -87.271  -1.262 0.4000000060
382  13.678  -90.445  -0.863 0.5000000000
120826  13.650  -89.099  -1.523 0.5000000000
1400  13.922  -87.625  -1.750 0.5000000000
381  14.699  -90.581  -1.476 0.5000000000
623  13.742  -90.412  -1.820 0.5000000000
977  13.739  -89.755  -2.609 0.5000000000
1540  21.910  -87.630  -14.498 0.1000000015
132502  21.197  -86.942  -14.586 0.1000000015
1552  21.782  -88.080  -15.159 0.1000000015
2079  20.623  -86.668  -15.247 0.1000000015
1077  22.144  -88.303  -15.497 0.1000000015
126792  21.746  -88.542  -16.752 0.1000000015
1565  20.603  -88.006  -16.514 0.1000000015
2092  20.308  -87.001  -16.220 0.1000000015
1100  22.374  -88.457  -17.154 0.1000000015
1577  23.336  -87.828  -18.292 0.1000000015
2104  19.993  -87.422  -17.028 0.2000000030
1579  19.603  -87.823  -18.474 0.2000000030
2111  19.263  -87.194  -18.292 0.3000000119
2118  18.963  -87.133  -19.633 0.4000000060
1607  24.498  -87.107  -20.695 0.3000000119
1599  19.332  -87.302  -20.384 0.4000000060
2126  18.748  -86.762  -20.549 0.4000000060
121131  24.633  -87.285  -22.368 0.2000000030
1149  23.541  -88.256  -24.022 0.2000000030
1170  22.517  -88.449  -25.709 0.3000000119
1178  21.833  -88.793  -26.485 0.4000000060
3767  18.050  -83.682  -29.974 0.2000000030
1647  22.006  -88.260  -26.433 0.2000000030
119382  21.208  -89.082  -27.739 0.2000000030
3757  16.625  -83.122  -29.345 0.2000000030
1670  21.358  -87.829  -28.943 0.2000000030
1671  20.933  -88.620  -28.780 0.4000000060
1680  21.579  -87.474  -29.445 0.4000000060
3770  22.956  -82.894  -31.771 0.3000000119
1696  22.089  -87.032  -29.945 0.2000000030
3769  24.546  -83.109  -31.605 0.3000000119
2175  23.839  -85.446  -29.876 0.2000000030
2688  25.468  -84.097  -31.062 0.2000000030
133395  25.449  -83.210  -31.495 0.2000000030
7010  0.976  -76.802  -29.548 0.3000000119
3370  0.141  -83.233  8.460 0.2000000030
123803  -0.402  -80.709  7.153 0.3000000119
134082  0.571  -80.431  4.669 0.3000000119
5220  0.806  -80.805  6.145 0.2000000030
4579  0.417  -80.887  6.914 0.2000000030
127449  1.512  -80.144  3.077 0.3000000119
125176  0.075  -80.445  4.126 0.3000000119
5258  -0.358  -80.580  4.904 0.3000000119
5289  2.351  -80.436  1.868 0.3000000119
5290  1.493  -80.843  1.530 0.3000000119
136086  0.495  -80.390  3.319 0.4000000060
933  3.427  -89.827  3.621 0.1000000015
4641  1.758  -81.304  0.679 0.3000000119
4652  1.957  -81.684  -0.048 0.4000000060
4047  1.324  -82.119  0.396 0.4000000060
932  3.854  -88.721  4.087 0.1000000015
1345  4.274  -87.867  4.075 0.1000000015
1866  4.639  -87.062  4.988 0.1000000015
3449  2.237  -83.124  -1.889 0.4000000060
1344  4.944  -87.181  4.138 0.1000000015
1351  4.794  -88.116  3.278 0.1000000015
2366  5.094  -86.216  5.231 0.1000000015
1865  5.408  -86.523  4.513 0.1000000015
134640  5.748  -85.817  4.693 0.1000000015
1871  6.411  -86.837  3.667 0.1000000015
1349  6.768  -87.561  3.321 0.1000000015
936  7.318  -88.312  3.052 0.2000000030
1363  8.861  -87.734  3.167 0.2000000030
950  8.856  -88.755  3.118 0.2000000030
935  8.172  -88.170  3.273 0.2000000030
1371  11.583  -87.432  2.024 0.1000000015
1362  9.572  -88.058  2.958 0.1000000015
121148  12.987  -88.200  2.163 0.2000000030
1360  11.229  -88.155  2.463 0.1000000015
1361  10.396  -88.279  2.711 0.1000000015
3024  24.243  -85.433  -13.433 0.1000000015
2542  24.917  -86.476  -13.333 0.1000000015
2543  23.860  -86.450  -13.361 0.1000000015
3025  23.229  -85.304  -13.394 0.1000000015
2045  24.682  -87.379  -13.519 0.1000000015
2544  22.935  -86.024  -13.389 0.1000000015
124432  22.331  -85.308  -13.417 0.1000000015
1525  24.310  -88.032  -13.779 0.1000000015
1539  22.815  -88.056  -14.222 0.1000000015
2064  22.484  -87.327  -13.831 0.1000000015
2048  22.167  -86.210  -13.524 0.1000000015
2563  21.326  -85.779  -13.703 0.1000000015
136426  22.327  -88.104  -14.811 0.1000000015
2066  20.807  -86.009  -14.262 0.1000000015
1076  22.808  -88.274  -15.470 0.1000000015
1090  23.036  -88.207  -16.834 0.1000000015
2577  20.170  -85.561  -14.899 0.1000000015
2596  19.959  -86.008  -15.846 0.1000000015
1106  22.992  -88.162  -17.566 0.1000000015
1584  23.492  -87.609  -19.253 0.1000000015
2093  19.749  -86.374  -16.771 0.2000000030
1583  23.953  -87.216  -18.941 0.1000000015
2117  24.406  -86.681  -19.478 0.1000000015
2605  19.181  -85.754  -17.420 0.3000000119
2611  18.835  -85.651  -18.378 0.4000000060
2127  18.628  -86.274  -19.906 0.4000000060
3102  18.122  -84.670  -19.626 0.4000000060
2132  25.112  -86.566  -21.511 0.1000000015
2618  18.580  -85.544  -19.325 0.4000000060
3107  18.134  -85.420  -20.330 0.4000000060
2144  24.767  -86.749  -23.912 0.1000000015
2150  23.625  -87.144  -24.822 0.2000000030
2145  24.190  -86.392  -24.360 0.1000000015
135837  22.600  -87.958  -25.853 0.2000000030
138633  15.342  -82.395  -28.817 0.3000000119
4342  14.659  -82.329  -28.599 0.3000000119
4976  13.903  -80.805  -28.607 0.4000000060
2650  22.914  -86.370  -24.695 0.1000000015
122498  21.190  -87.604  -27.616 0.2000000030
1663  21.161  -88.511  -28.075 0.2000000030
2163  20.331  -86.802  -26.737 0.1000000015
2173  21.274  -87.570  -28.318 0.2000000030
119736  19.505  -84.275  -30.363 0.2000000030
2168  20.904  -86.800  -27.659 0.1000000015
3180  21.926  -84.319  -30.444 0.2000000030
3186  22.518  -83.566  -31.233 0.2000000030
2673  23.838  -85.059  -29.226 0.1000000015
3185  24.182  -83.442  -30.821 0.2000000030
8526  1.375  -75.807  -29.102 0.6000000238
7741  1.418  -76.068  -29.555 0.4000000060
3178  24.721  -83.749  -29.911 0.2000000030
7740  2.360  -76.105  -29.854 0.4000000060
7009  2.173  -77.444  -29.504 0.3000000119
7027  4.375  -77.342  -30.070 0.2000000030
3361  -0.584  -83.129  9.916 0.3000000119
135655  -0.176  -84.285  9.167 0.2000000030
3956  -1.057  -82.286  10.508 0.3000000119
3360  -0.247  -83.578  9.111 0.2000000030
3961  -0.606  -81.946  9.761 0.3000000119
2350  0.551  -85.270  7.508 0.1000000015
123610  -0.212  -81.602  8.985 0.3000000119
5200  -1.002  -80.677  8.898 0.3000000119
5199  -0.550  -80.734  8.084 0.3000000119
5238  -0.700  -80.633  5.743 0.4000000060
5239  -1.705  -81.102  6.064 0.4000000060
5280  -0.236  -80.947  2.863 0.4000000060
5269  -0.378  -80.794  3.561 0.3000000119
124518  0.802  -82.558  0.845 0.4000000060
4623  -0.014  -81.384  2.264 0.4000000060
4048  1.044  -81.772  1.075 0.4000000060
4072  1.905  -82.716  -1.138 0.4000000060
3450  1.691  -83.618  -1.335 0.5000000000
2363  4.770  -85.998  5.975 0.1000000015
1870  7.203  -86.783  3.487 0.2000000030
1347  8.296  -87.394  3.294 0.2000000030
125872  9.419  -87.130  2.811 0.1000000015
3022  26.288  -85.930  -13.288 0.1000000015
3040  25.790  -84.832  -13.693 0.1000000015
1524  25.256  -87.928  -13.873 0.1000000015
3026  21.645  -84.659  -13.539 0.1000000015
2546  21.218  -85.133  -13.610 0.1000000015
1550  23.563  -88.148  -14.936 0.1000000015
138435  23.748  -88.028  -15.653 0.1000000015
3055  20.316  -85.083  -14.098 0.1000000015
2578  19.541  -85.152  -15.469 0.1000000015
128049  24.002  -86.932  -18.688 0.1000000015
137557  19.088  -84.822  -15.990 0.1000000015
4252  17.207  -82.279  -18.413 0.3000000119
4268  16.142  -82.493  -19.028 0.3000000119
4254  15.679  -82.168  -18.454 0.3000000119
3090  18.882  -84.861  -16.805 0.4000000060
3642  18.049  -83.841  -19.022 0.3000000119
3643  17.368  -83.364  -19.497 0.3000000119
3658  17.050  -83.859  -20.056 0.4000000060
3644  16.215  -83.043  -19.524 0.4000000060
3629  15.377  -82.964  -18.998 0.3000000119
3646  14.832  -83.841  -19.188 0.3000000119
2125  24.902  -86.558  -20.394 0.1000000015
2633  25.218  -85.519  -22.168 0.1000000015
3091  18.451  -84.002  -17.180 0.3000000119
2606  18.697  -84.871  -17.776 0.4000000060
134522  18.410  -84.146  -18.201 0.4000000060
2640  25.103  -85.273  -23.139 0.1000000015
2644  24.776  -85.752  -23.757 0.1000000015
5652  13.216  -80.526  -28.046 0.3000000119
3171  15.933  -84.004  -28.872 0.3000000119
3759  14.927  -83.175  -28.554 0.3000000119
3750  14.287  -83.018  -28.236 0.3000000119
4343  14.007  -82.086  -28.321 0.3000000119
2156  21.762  -87.647  -26.146 0.1000000015
3756  17.276  -83.899  -29.574 0.2000000030
133347  13.567  -79.873  -28.569 0.5000000000
2157  20.353  -87.085  -26.091 0.1000000015
2158  19.876  -86.375  -25.879 0.1000000015
2658  20.531  -86.105  -27.114 0.1000000015
132976  21.385  -86.552  -28.306 0.1000000015
2683  23.008  -84.348  -29.257 0.2000000030
2674  22.844  -85.373  -29.006 0.1000000015
3166  23.887  -84.410  -29.314 0.1000000015
8538  4.409  -75.496  -29.641 0.5000000000
8524  3.383  -75.421  -29.529 0.5000000000
7028  3.302  -77.206  -29.842 0.2000000030
7751  3.744  -76.139  -29.890 0.4000000060
6325  7.839  -79.367  -30.268 0.3000000119
3957  -1.671  -82.370  11.237 0.3000000119
2818  0.202  -84.801  8.901 0.2000000030
2337  0.473  -85.419  9.446 0.2000000030
4531  -1.124  -81.483  10.259 0.3000000119
136933  -1.525  -80.655  8.955 0.3000000119
5223  -1.969  -81.362  6.986 0.4000000060
5201  -1.601  -80.713  8.420 0.3000000119
4603  -2.024  -82.326  4.993 0.4000000060
4580  -2.532  -82.198  6.437 0.4000000060
4035  -1.459  -83.116  3.425 0.5000000000
4614  -1.776  -82.710  4.170 0.5000000000
3417  -0.353  -83.518  1.878 0.5000000000
3461  2.689  -83.718  -2.460 0.5000000000
2899  2.092  -84.067  -1.959 0.5000000000
2910  2.660  -84.851  -2.406 0.5000000000
128189  3.975  -85.736  -3.412 0.5000000000
137592  18.375  -85.054  -10.850 0.3000000119
3043  22.536  -84.473  -13.524 0.1000000015
1549  25.078  -88.086  -14.159 0.1000000015
132412  23.908  -87.287  -15.946 0.1000000015
4803  15.859  -81.266  -15.530 0.3000000119
4833  15.587  -81.653  -17.154 0.3000000119
121543  14.279  -82.620  -14.918 0.3000000119
3582  14.270  -83.376  -15.499 0.3000000119
4816  16.101  -81.510  -16.559 0.3000000119
4842  16.037  -81.714  -17.929 0.3000000119
4834  14.825  -81.837  -16.932 0.3000000119
4239  14.557  -82.420  -17.398 0.3000000119
4214  14.277  -82.605  -15.915 0.3000000119
3615  13.591  -83.629  -17.257 0.3000000119
3628  17.644  -82.926  -18.785 0.3000000119
4255  14.868  -82.597  -18.176 0.3000000119
3630  14.465  -83.406  -18.521 0.3000000119
4240  14.113  -82.949  -17.137 0.3000000119
3631  13.644  -83.812  -18.094 0.3000000119
3116  24.639  -84.600  -22.683 0.1000000015
3593  18.154  -83.516  -16.078 0.3000000119
3749  15.293  -83.967  -28.501 0.3000000119
127609  12.830  -79.080  -27.587 0.5000000000
123313  5.750  -78.298  -30.374 0.3000000119
127918  -1.931  -83.079  11.776 0.2000000030
3945  -2.384  -82.310  11.972 0.2000000030
2805  -0.748  -84.200  10.300 0.2000000030
2806  -1.209  -84.431  11.033 0.3000000119
3338  -1.697  -84.025  11.675 0.3000000119
4516  -2.752  -81.602  12.017 0.2000000030
2338  -0.207  -84.859  9.782 0.2000000030
138104  -2.126  -81.819  11.453 0.3000000119
4532  -1.784  -80.974  10.361 0.3000000119
128813  -2.732  -80.801  9.965 0.3000000119
5211  -2.384  -81.338  7.804 0.4000000060
119793  -2.203  -80.735  9.131 0.3000000119
4581  -3.155  -82.540  7.234 0.4000000060
4604  -2.906  -83.501  5.654 0.4000000060
140461  -2.770  -82.873  6.095 0.4000000060
4023  -2.416  -84.259  4.059 0.5000000000
4014  -2.658  -83.843  4.812 0.5000000000
2867  -2.300  -86.132  2.462 0.6000000238
2984  19.092  -84.588  -10.265 0.3000000119
2985  18.368  -84.169  -10.293 0.3000000119
2986  17.627  -84.074  -10.517 0.3000000119
2997  17.262  -84.627  -11.153 0.3000000119
117344  14.244  -82.832  -13.968 0.3000000119
3573  14.359  -83.518  -14.643 0.3000000119
4787  14.727  -81.397  -14.585 0.3000000119
4805  14.436  -81.844  -15.221 0.3000000119
4804  14.931  -81.363  -15.439 0.3000000119
4818  14.603  -81.839  -16.104 0.3000000119
122878  12.447  -79.139  -26.758 0.6000000238
4500  -3.321  -81.730  13.670 0.2000000030
3933  -3.063  -82.072  12.853 0.2000000030
3323  -2.653  -82.924  12.674 0.1000000015
129337  -3.182  -81.285  12.700 0.2000000030
2327  -0.720  -85.264  10.872 0.2000000030
5160  -3.269  -80.997  11.748 0.2000000030
4552  -3.438  -81.304  8.947 0.3000000119
121137  -3.521  -80.797  10.452 0.2000000030
4565  -3.558  -82.105  8.031 0.4000000060
3993  -3.992  -83.590  6.504 0.4000000060
4024  -3.120  -84.593  4.569 0.6000000238
4004  -3.764  -83.964  5.884 0.4000000060
4016  -4.178  -83.819  5.082 0.5000000000
3412  -3.094  -84.984  3.277 0.6000000238
3406  -3.168  -84.817  4.035 0.6000000238
3398  -3.809  -84.472  4.393 0.6000000238
125690  -4.313  -83.633  4.211 0.5000000000
2868  -2.584  -86.006  2.274 0.6000000238
2389  -2.331  -86.204  2.052 0.6000000238
3539  18.044  -83.478  -10.235 0.3000000119
3548  14.847  -82.704  -12.149 0.3000000119
4759  14.843  -81.902  -12.095 0.3000000119
4173  14.573  -82.304  -12.672 0.3000000119
3558  14.515  -83.050  -13.010 0.3000000119
4772  14.634  -81.550  -13.714 0.2000000030
4180  14.374  -82.204  -13.393 0.3000000119
5612  7.234  -80.645  -25.750 0.6000000238
3925  -3.426  -82.456  14.562 0.1000000015
136803  -3.196  -80.535  13.356 0.2000000030
3324  -2.904  -83.798  13.351 0.1000000015
3934  -3.353  -82.716  13.684 0.1000000015
4517  -3.388  -80.753  12.401 0.2000000030
118591  -0.955  -85.839  11.858 0.1000000015
2796  -1.443  -85.118  11.830 0.2000000030
126820  -1.940  -85.367  12.696 0.1000000015
1821  0.067  -86.446  11.383 0.1000000015
136667  -2.267  -83.652  12.358 0.2000000030
2326  0.056  -85.652  10.336 0.1000000015
5188  -4.170  -80.619  9.953 0.2000000030
5173  -3.649  -80.677  11.058 0.2000000030
4566  -4.067  -82.445  7.817 0.3000000119
5203  -4.146  -81.215  8.980 0.2000000030
5187  -3.884  -80.691  10.411 0.2000000030
4567  -4.237  -82.357  7.447 0.4000000060
5212  -4.478  -81.160  7.629 0.3000000119
4605  -4.396  -82.491  4.406 0.6000000238
4606  -4.402  -82.547  5.310 0.4000000060
4615  -4.179  -82.504  3.544 0.6000000238
4036  -3.647  -84.034  3.027 0.6000000238
130143  -2.861  -85.386  2.053 0.6000000238
133167  -3.081  -85.052  2.498 0.6000000238
3428  -2.385  -84.457  0.917 0.6000000238
2881  -1.987  -85.364  0.485 0.6000000238
132416  -1.752  -84.029  -0.321 0.6000000238
4492  -3.287  -81.594  14.504 0.2000000030
5147  -3.432  -80.242  12.724 0.2000000030
5174  -4.118  -80.420  10.882 0.2000000030
5869  -4.475  -80.019  10.577 0.2000000030
5892  -4.427  -80.413  9.176 0.2000000030
6592  -4.394  -79.471  9.171 0.2000000030
5923  -4.393  -80.477  6.219 0.3000000119
138315  -4.516  -80.433  7.016 0.3000000119
6606  -4.216  -79.251  8.176 0.3000000119
5259  -4.268  -81.113  4.732 0.5000000000
5240  -4.190  -80.117  5.274 0.5000000000
4626  -3.728  -82.615  2.694 0.6000000238
127908  -3.334  -84.201  2.363 0.6000000238
4625  -3.447  -83.210  2.242 0.6000000238
4635  -3.417  -81.365  2.086 0.6000000238
4043  -3.045  -83.046  1.517 0.6000000238
4642  -2.776  -81.814  0.802 0.6000000238
4049  -2.378  -82.908  0.611 0.6000000238
4061  -1.972  -82.947  -0.387 0.6000000238
5836  -3.147  -79.889  13.285 0.2000000030
5835  -2.799  -79.607  13.472 0.2000000030
5845  -3.371  -79.491  12.879 0.2000000030
6529  -2.639  -78.684  13.389 0.2000000030
6540  -3.408  -78.729  12.765 0.2000000030
6554  -4.065  -79.140  11.825 0.2000000030
6581  -4.392  -79.327  10.224 0.2000000030
6580  -4.080  -78.882  9.634 0.2000000030
5939  -3.754  -79.289  5.119 0.4000000060
5922  -4.017  -79.436  5.888 0.3000000119
5913  -3.834  -78.950  6.461 0.3000000119
6605  -3.657  -78.775  7.851 0.3000000119
5271  -4.009  -80.861  3.667 0.6000000238
5952  -3.792  -79.686  4.315 0.6000000238
6634  -3.451  -78.723  5.594 0.4000000060
6620  -3.265  -78.597  6.317 0.4000000060
139093  -2.832  -78.560  7.565 0.3000000119
5281  -3.660  -81.229  2.817 0.6000000238
125477  -3.657  -79.404  3.213 0.6000000238
6659  -3.448  -78.707  3.589 0.6000000238
5958  -3.608  -79.195  2.206 0.6000000238
6668  -3.476  -78.543  2.609 0.6000000238
5292  -3.456  -80.155  1.834 0.6000000238
11702  3.538  -72.054  -21.596 0.5000000000
11715  3.244  -72.117  -22.170 0.5000000000
6553  -2.909  -77.834  13.050 0.2000000030
121269  -3.503  -78.349  12.119 0.2000000030
6566  -3.388  -78.213  11.083 0.2000000030
6578  -1.945  -77.851  9.523 0.3000000119
6579  -3.116  -78.367  9.793 0.3000000119
6604  -1.842  -78.244  7.721 0.3000000119
6658  -3.231  -77.981  3.003 0.6000000238
7345  -2.138  -77.866  4.437 0.5000000000
7329  -1.900  -77.994  5.408 0.5000000000
120040  -3.423  -78.559  1.683 0.6000000238
11700  4.816  -72.391  -20.930 0.5000000000
11701  4.201  -72.148  -21.367 0.5000000000
10912  5.287  -73.121  -20.981 0.5000000000
7267  -2.710  -77.447  12.184 0.2000000030
7278  -2.432  -77.604  10.724 0.2000000030
6589  -1.525  -77.869  8.568 0.3000000119
7313  -0.565  -77.292  6.639 0.4000000060
129070  -1.106  -77.802  7.880 0.4000000060
7327  -0.265  -77.085  5.722 0.6000000238
124699  -0.416  -76.887  3.372 0.6000000238
8129  0.401  -76.297  4.902 0.6000000238
8128  0.944  -76.078  4.215 0.6000000238
11685  6.051  -72.493  -19.801 0.4000000060
11693  5.507  -72.582  -20.430 0.5000000000
120689  -1.678  -76.941  10.302 0.2000000030
8071  -1.553  -76.369  9.133 0.2000000030
118410  -1.421  -77.347  9.217 0.2000000030
8897  -1.160  -76.085  7.418 0.3000000119
8084  -1.152  -76.486  8.100 0.3000000119
9779  -0.437  -75.221  5.412 0.4000000060
8097  -0.340  -76.583  6.294 0.5000000000
128140  -1.818  -74.567  4.591 0.5000000000
9794  -0.384  -74.704  4.844 0.5000000000
8917  -1.935  -75.644  7.041 0.3000000119
9807  -0.880  -74.234  4.066 0.6000000238
139409  -1.335  -74.082  3.322 0.6000000238
10638  0.101  -73.720  2.780 0.6000000238
10650  -2.145  -73.698  1.899 0.6000000238
11600  -3.294  -72.184  -7.113 0.2000000030
14019  -3.156  -69.328  -7.274 0.2000000030
14007  -3.010  -68.811  -6.739 0.2000000030
13184  -1.430  -69.893  -7.235 0.1000000015
126186  -0.987  -68.923  -5.622 0.1000000015
13994  -0.032  -69.255  -4.951 0.1000000015
14755  -1.006  -68.487  -3.531 0.1000000015
17127  -4.180  -65.459  -1.764 0.2000000030
17112  -4.401  -64.746  -1.262 0.2000000030
16362  -3.342  -66.041  -2.021 0.1000000015
17843  -4.562  -63.962  -0.493 0.2000000030
17111  -3.394  -64.598  -0.615 0.2000000030
124814  3.590  -66.897  7.014 0.5000000000
16234  5.078  -66.378  7.315 0.3000000119
17008  6.197  -65.239  7.310 0.4000000060
17032  11.980  -66.077  2.917 0.1000000015
17023  10.475  -66.219  3.918 0.1000000015
16278  11.226  -66.154  3.410 0.1000000015
17024  9.855  -65.532  4.207 0.1000000015
132235  3.107  -66.127  7.062 0.6000000238
16227  4.512  -65.683  7.438 0.4000000060
17741  5.773  -64.494  7.291 0.4000000060
17000  5.254  -65.282  7.469 0.4000000060
17752  3.551  -64.543  6.539 0.6000000238
120582  7.823  -64.705  6.150 0.1000000015
18573  3.992  -63.897  6.331 0.4000000060
17757  8.948  -64.730  5.188 0.1000000015
17758  8.272  -64.360  5.688 0.1000000015
17034  10.533  -65.278  3.527 0.1000000015
118981  9.423  -64.939  4.589 0.1000000015
17009  3.216  -65.220  6.890 0.6000000238
18564  5.555  -63.866  7.059 0.4000000060
17743  4.439  -64.496  7.097 0.5000000000
18572  6.267  -63.299  6.720 0.4000000060
18576  4.644  -63.190  6.042 0.4000000060
17033  11.106  -64.674  3.048 0.1000000015
17777  10.318  -64.265  3.357 0.1000000015
18585  9.077  -63.174  4.273 0.1000000015
18569  8.159  -63.494  5.627 0.2000000030
17748  7.485  -63.841  6.197 0.3000000119
17767  9.182  -64.099  4.559 0.1000000015
20340  6.379  -62.005  6.127 0.5000000000
132544  5.564  -62.596  6.061 0.5000000000
18570  6.889  -63.089  6.576 0.5000000000
17785  11.709  -64.210  2.626 0.1000000015
18606  11.513  -63.318  2.503 0.1000000015
17786  10.910  -63.795  2.897 0.1000000015
19441  7.161  -62.135  6.241 0.4000000060
19449  5.573  -61.829  5.655 0.5000000000
18607  10.747  -62.919  2.765 0.1000000015
19469  9.389  -61.884  3.650 0.2000000030
19456  9.055  -62.418  4.125 0.1000000015
127480  8.231  -61.843  5.521 0.4000000060
26769  10.975  -53.462  -3.980 0.3000000119
26778  13.351  -52.956  -3.587 0.4000000060
119636  12.261  -52.984  -3.462 0.4000000060
25198  0.346  -56.132  -10.464 0.3000000119
116712  0.764  -56.661  -10.205 0.3000000119
139549  6.105  -61.488  5.766 0.5000000000
20339  7.100  -61.704  6.133 0.5000000000
19477  10.607  -62.019  2.719 0.2000000030
20370  8.981  -60.926  4.170 0.2000000030
125931  8.346  -60.644  5.283 0.3000000119
20345  8.059  -61.169  5.694 0.5000000000
27625  13.829  -52.357  -3.273 0.6000000238
24327  0.146  -56.945  -9.062 0.4000000060
24294  -0.114  -57.032  -7.197 0.4000000060
24346  0.991  -56.690  -11.010 0.3000000119
24304  -0.106  -57.036  -8.278 0.4000000060
24345  1.436  -57.256  -10.364 0.4000000060
20347  5.704  -61.038  5.320 0.5000000000
19476  11.340  -62.406  2.410 0.2000000030
20378  11.179  -61.395  2.420 0.2000000030
21365  11.195  -60.100  2.878 0.2000000030
20346  6.705  -61.097  5.807 0.5000000000
20379  10.446  -61.044  2.916 0.2000000030
21355  10.252  -60.058  3.518 0.3000000119
22282  8.913  -59.738  4.380 0.3000000119
21342  8.279  -59.859  5.165 0.4000000060
22275  7.502  -59.675  5.155 0.4000000060
28562  15.504  -51.816  -2.841 0.6000000238
24326  0.931  -57.096  -9.422 0.4000000060
24303  0.645  -57.396  -8.496 0.4000000060
24293  0.371  -57.613  -7.669 0.4000000060
24357  1.281  -57.520  -11.358 0.3000000119
21376  12.832  -60.579  1.912 0.2000000030
22307  12.256  -59.573  2.533 0.2000000030
22309  10.963  -59.119  3.806 0.3000000119
22294  11.469  -58.351  3.960 0.3000000119
128618  10.169  -57.923  3.693 0.4000000060
21335  6.258  -60.233  5.311 0.5000000000
22295  9.954  -59.244  3.862 0.3000000119
120791  10.220  -58.644  3.920 0.3000000119
24141  8.531  -57.913  3.350 0.4000000060
23211  6.793  -58.973  4.434 0.4000000060
29439  19.342  -51.483  -3.065 0.6000000238
23369  0.908  -58.103  -7.910 0.4000000060
23386  1.510  -57.759  -8.664 0.4000000060
24325  1.783  -57.499  -9.551 0.4000000060
119937  12.379  -58.490  3.251 0.3000000119
22319  13.107  -59.608  2.163 0.1000000015
23217  10.991  -58.075  4.030 0.4000000060
139252  12.296  -57.707  3.650 0.3000000119
26049  -0.347  -55.132  -10.322 0.4000000060
26874  -0.359  -54.696  -10.181 0.4000000060
22306  13.033  -58.684  2.742 0.3000000119
127243  12.156  -58.050  3.860 0.3000000119
23246  14.427  -58.134  2.649 0.1000000015
23234  12.816  -57.820  3.362 0.2000000030
23244  15.563  -57.684  2.139 0.1000000015
24168  14.105  -57.351  2.494 0.3000000119
24152  12.709  -57.416  3.233 0.3000000119
30315  20.225  -50.455  -3.353 0.6999999881
25022  15.426  -57.287  1.909 0.2000000030
24190  16.529  -57.077  0.718 0.4000000060
25879  18.648  -55.613  -1.543 0.2000000030
28663  0.222  -52.992  -9.221 0.4000000060
29547  1.022  -51.603  -9.062 0.4000000060
33009  8.831  -47.523  -8.800 0.3000000119
33010  7.709  -47.679  -8.706 0.3000000119
130987  3.686  -50.193  -10.716 0.5000000000
33980  13.574  -48.122  -10.654 0.2000000030
120946  12.118  -48.481  -10.411 0.3000000119
33027  9.894  -47.431  -9.122 0.4000000060
33968  8.140  -46.475  -8.770 0.4000000060
33970  6.116  -45.893  -8.993 0.4000000060
30431  6.424  -50.533  -10.677 0.4000000060
29578  6.961  -51.820  -11.410 0.4000000060
126175  5.717  -51.153  -10.556 0.5000000000
29555  6.426  -51.582  -10.792 0.4000000060
124943  11.408  -47.196  -10.197 0.4000000060
134493  7.670  -45.529  -8.910 0.4000000060
29596  6.803  -51.859  -12.424 0.3000000119
31283  7.234  -50.019  -10.895 0.4000000060
30430  7.129  -50.944  -11.136 0.4000000060
31303  7.743  -49.628  -11.807 0.3000000119
30469  7.204  -50.191  -12.850 0.3000000119
940  1.870  -89.436  2.865 0.1000000015
1353  1.333  -88.927  3.588 0.1000000015
12362  -2.865  -71.354  -7.249 0.1000000015
14029  -3.261  -70.073  -7.392 0.2000000030
15525  -1.857  -67.332  -1.711 0.1000000015
15526  -2.673  -66.752  -2.263 0.1000000015
14017  -0.989  -69.459  -6.654 0.1000000015
15536  -2.983  -66.905  -3.096 0.1000000015
14771  -0.987  -68.682  -4.549 0.1000000015
13981  -0.297  -69.063  -3.889 0.1000000015
123203  -1.728  -68.098  -4.128 0.1000000015
3595  12.994  -84.269  -16.928 0.3000000119
824  18.207  -89.173  -27.757 0.6999999881
784  19.583  -89.628  -24.726 0.5000000000
831  18.782  -89.165  -28.607 0.6000000238
1611  18.971  -87.186  -21.328 0.4000000060
1624  20.364  -88.326  -22.135 0.5000000000
134178  18.340  -86.134  -20.672 0.4000000060
4351  17.062  -81.526  -29.916 0.3000000119
138221  17.632  -84.033  -19.765 0.4000000060
4352  15.281  -81.502  -28.969 0.4000000060
14006  -1.954  -68.842  -6.275 0.1000000015
14772  -2.042  -68.343  -5.174 0.1000000015
24224  8.446  -55.934  -3.097 0.2000000030
26753  18.258  -53.900  -1.871 0.5000000000
3778  22.476  -82.769  -32.257 0.4000000060
57  3.306  -93.840  -12.833 0.2000000030
990  17.368  -88.693  -5.897 0.6000000238
118363  17.217  -87.954  -5.229 0.6000000238
3076  13.642  -83.936  -16.522 0.3000000119
3441  -1.655  -84.640  -0.962 0.6000000238
5291  -3.223  -80.911  1.185 0.6000000238
7343  -0.138  -76.868  4.871 0.6000000238
7328  -0.961  -77.752  6.029 0.5000000000
138323  0.005  -76.626  5.300 0.6000000238
8960  1.620  -75.188  3.464 0.6000000238
9793  0.704  -75.041  4.596 0.6000000238
10640  -2.272  -73.926  2.838 0.6000000238
25881  17.090  -55.801  -1.052 0.4000000060
25901  18.107  -54.944  -1.784 0.4000000060
25902  17.446  -55.123  -1.594 0.4000000060
28579  15.739  -52.400  -3.330 0.5000000000
26789  14.206  -52.770  -3.628 0.4000000060
137734  19.936  -50.894  -3.156 0.6000000238
33971  5.168  -45.259  -9.482 0.4000000060
33969  7.185  -46.288  -8.788 0.4000000060
1917  10.100  -86.149  -0.882 0.3000000119
3772  20.481  -82.116  -31.402 0.3000000119
3439  1.367  -83.334  -0.548 0.4000000060
3426  0.317  -83.382  1.129 0.4000000060
4034  -0.997  -83.648  2.805 0.5000000000
131084  -1.869  -84.539  3.497 0.5000000000
2882  -2.491  -85.826  1.685 0.6000000238
23218  9.282  -58.556  3.733 0.4000000060
23210  7.820  -59.217  4.434 0.4000000060
3187  21.102  -83.609  -31.225 0.2000000030
167  3.246  -93.663  -13.096 0.2000000030
134140  18.338  -87.788  -1.197 0.5000000000
1418  17.570  -87.615  -2.908 0.5000000000
1927  17.990  -86.952  -2.744 0.6000000238
983  17.340  -88.980  -4.201 0.5000000000
395  16.914  -90.350  -5.736 0.5000000000
989  17.457  -89.166  -5.225 0.5000000000
783  20.383  -89.501  -24.995 0.5000000000
962  6.104  -89.388  -0.075 0.1000000015
119346  9.577  -88.870  -0.527 0.3000000119
1915  11.381  -86.562  -1.117 0.4000000060
137129  13.944  -90.725  -1.513 0.5000000000
1139  22.934  -88.530  -23.336 0.2000000030
1623  21.458  -88.398  -22.141 0.4000000060
590  7.492  -89.648  2.074 0.2000000030
369  8.654  -90.188  0.412 0.2000000030
617  10.102  -89.472  -0.164 0.3000000119
132148  9.383  -90.475  0.970 0.2000000030
375  10.113  -90.480  0.932 0.2000000030
969  10.210  -88.551  -0.595 0.3000000119
358  13.000  -90.100  1.780 0.3000000119
124276  12.571  -89.631  2.193 0.2000000030
587  10.157  -89.779  2.549 0.2000000030
121438  10.877  -88.944  -0.340 0.3000000119
616  11.557  -89.219  -0.096 0.3000000119
127002  12.961  -90.472  0.892 0.4000000060
373  12.169  -90.334  0.814 0.4000000060
379  13.313  -90.365  0.061 0.5000000000
1114  21.456  -88.262  -19.189 0.2000000030
1101  21.586  -88.533  -17.457 0.1000000015
1585  22.468  -87.903  -19.761 0.2000000030
1578  20.119  -88.186  -18.587 0.2000000030
2105  19.493  -86.821  -17.580 0.2000000030
128676  21.008  -87.386  -20.984 0.2000000030
1622  22.682  -88.346  -22.462 0.3000000119
131150  20.709  -87.705  -21.516 0.4000000060
1620  24.725  -87.252  -23.320 0.2000000030
1159  23.100  -88.380  -24.824 0.2000000030
5268  1.197  -80.245  4.035 0.2000000030
597  8.765  -90.286  1.540 0.2000000030
956  12.069  -88.169  2.274 0.1000000015
125685  12.358  -89.287  -0.248 0.4000000060
614  13.089  -89.921  -0.373 0.5000000000
974  13.398  -90.003  -1.062 0.5000000000
1553  21.255  -87.604  -15.181 0.1000000015
2610  19.112  -86.408  -18.118 0.2000000030
2139  25.128  -86.316  -22.956 0.1000000015
1148  24.292  -87.583  -23.957 0.2000000030
1648  21.244  -87.683  -26.906 0.2000000030
2176  23.005  -86.050  -29.560 0.1000000015
3960  -0.182  -82.600  9.119 0.2000000030
4550  0.240  -81.310  8.219 0.3000000119
5221  -0.086  -80.595  6.328 0.2000000030
5222  -1.012  -80.710  6.623 0.3000000119
4622  0.546  -81.505  1.708 0.4000000060
1888  11.163  -86.820  1.888 0.1000000015
2046  23.895  -87.420  -13.532 0.1000000015
3074  19.385  -85.476  -16.394 0.2000000030
3095  18.479  -84.778  -18.728 0.4000000060
127564  -1.425  -81.083  5.234 0.4000000060
4624  -0.737  -82.015  2.699 0.4000000060
4042  -0.232  -82.350  2.035 0.4000000060
5270  -1.033  -81.181  4.302 0.5000000000
3075  18.681  -84.232  -16.044 0.1000000015
4267  16.890  -82.671  -19.179 0.3000000119
4971  13.460  -81.662  -27.852 0.3000000119
1829  0.397  -86.187  10.564 0.1000000015
3594  13.959  -83.245  -16.650 0.3000000119
4515  -2.409  -81.324  11.205 0.2000000030
3992  -3.886  -83.035  6.889 0.3000000119
2786  -2.574  -84.914  13.328 0.1000000015
1830  -0.326  -86.003  11.204 0.1000000015
4553  -4.003  -81.793  8.523 0.2000000030
4006  -4.116  -83.227  6.526 0.4000000060
4025  -4.096  -83.836  3.605 0.6000000238
4554  -4.198  -81.809  8.193 0.2000000030
5224  -4.502  -81.442  6.897 0.4000000060
4592  -4.345  -82.536  6.082 0.4000000060
5905  -4.454  -79.909  7.661 0.3000000119
5241  -4.356  -81.347  5.616 0.5000000000
5162  -4.286  -79.886  11.410 0.2000000030
5914  -4.318  -79.564  6.744 0.3000000119
128063  -3.971  -78.710  10.341 0.2000000030
6648  -3.386  -78.783  4.586 0.6000000238
6590  -2.599  -78.384  8.552 0.3000000119
132472  -3.594  -80.088  2.812 0.6000000238
119902  -2.856  -78.280  4.962 0.4000000060
6647  -2.975  -78.227  3.962 0.6000000238
6633  -2.704  -78.314  5.860 0.4000000060
6632  -1.776  -78.137  6.215 0.5000000000
7301  -0.740  -77.292  7.566 0.3000000119
125414  -0.678  -76.662  7.108 0.4000000060
9778  0.265  -75.381  5.123 0.6000000238
8937  -0.039  -75.730  5.620 0.5000000000
8916  -0.747  -76.057  6.689 0.4000000060
8939  -2.393  -75.261  6.053 0.4000000060
9780  -1.392  -74.983  5.384 0.5000000000
9795  -3.147  -74.459  4.288 0.6000000238
9808  -2.191  -74.259  3.676 0.6000000238
14028  -2.358  -69.823  -7.349 0.2000000030
14018  -2.109  -69.262  -7.132 0.1000000015
14742  -1.481  -68.089  -2.919 0.1000000015
16361  -2.410  -66.548  -1.480 0.1000000015
18563  6.132  -63.914  7.101 0.3000000119
19447  8.191  -62.614  5.543 0.1000000015
18599  9.510  -62.879  3.612 0.2000000030
125722  8.834  -61.648  4.513 0.3000000119
21356  9.299  -60.056  3.999 0.3000000119
21333  7.981  -60.485  5.613 0.3000000119
21341  8.501  -60.090  5.075 0.3000000119
19495  13.075  -62.870  1.651 0.2000000030
20377  11.938  -60.882  2.150 0.2000000030
22296  9.305  -59.412  3.962 0.4000000060
22318  13.893  -58.964  2.256 0.1000000015
23232  14.300  -57.704  2.668 0.2000000030
33028  9.101  -46.434  -8.879 0.4000000060
139180  -1.597  -68.076  -3.509 0.1000000015
2465  24.949  -85.802  -6.781 0.2000000030
2952  23.927  -84.863  -6.870 0.2000000030
1947  20.142  -86.136  -4.796 0.3000000119
2928  24.485  -84.311  -4.874 0.1000000015
2937  24.348  -84.858  -5.962 0.2000000030
2481  25.758  -86.301  -7.972 0.2000000030
118329  25.710  -86.684  -7.250 0.2000000030
1944  22.604  -87.345  -4.629 0.3000000119
1945  22.256  -87.503  -3.668 0.3000000119
1955  22.068  -87.032  -5.554 0.3000000119
2464  25.285  -86.319  -6.079 0.2000000030
2883  20.223  -84.879  -0.430 0.1000000015
2415  22.211  -86.291  -0.670 0.1000000015
136792  22.981  -85.631  -2.417 0.1000000015
2447  24.871  -84.949  -3.831 0.1000000015
2938  23.765  -84.068  -5.748 0.2000000030
1426  23.468  -87.517  -4.722 0.3000000119
3503  23.785  -83.848  -8.118 0.2000000030
1437  24.265  -87.340  -4.881 0.3000000119
2951  24.168  -84.655  -7.885 0.2000000030
2950  24.855  -85.444  -7.871 0.2000000030
2402  21.631  -86.404  0.209 0.2000000030
2428  22.600  -85.891  -1.593 0.1000000015
2913  24.225  -84.677  -3.627 0.1000000015
2439  23.778  -85.747  -2.845 0.1000000015
2921  24.755  -84.403  -4.122 0.1000000015
1427  23.342  -87.808  -3.735 0.3000000119
2454  25.296  -85.958  -4.973 0.2000000030
4143  23.425  -82.826  -8.253 0.2000000030
2405  18.797  -84.726  0.374 0.2000000030
2377  20.529  -85.952  1.109 0.2000000030
2884  19.059  -84.475  -0.460 0.1000000015
2403  20.865  -85.645  0.429 0.2000000030
122815  21.086  -86.543  0.908 0.2000000030
1900  22.110  -87.211  -0.145 0.2000000030
2427  23.459  -86.553  -1.819 0.1000000015
1912  22.646  -87.210  -0.763 0.2000000030
2426  24.339  -86.726  -2.460 0.1000000015
2927  25.044  -84.975  -4.564 0.1000000015
2437  25.019  -86.059  -3.646 0.1000000015
1417  23.221  -88.068  -2.831 0.3000000119
1415  24.661  -87.368  -3.489 0.2000000030
2936  24.913  -85.383  -5.407 0.2000000030
132601  20.567  -86.582  1.389 0.2000000030
1901  21.464  -87.160  0.430 0.3000000119
1380  21.742  -87.634  -0.108 0.2000000030
1911  23.134  -87.149  -1.294 0.1000000015
122653  24.815  -86.692  -3.026 0.1000000015
1943  25.194  -86.490  -4.159 0.1000000015
1921  23.710  -87.866  -2.505 0.1000000015
1408  22.188  -87.773  -1.465 0.3000000119
139377  25.040  -86.997  -3.755 0.2000000030
10948  2.895  -73.377  -23.478 0.4000000060
6315  -0.264  -78.326  -28.657 0.3000000119
2390  18.944  -85.220  1.181 0.2000000030
1879  20.204  -86.869  1.730 0.2000000030
1395  22.292  -87.637  -0.658 0.2000000030
1394  22.833  -87.556  -1.304 0.2000000030
1922  23.589  -87.387  -2.003 0.1000000015
1923  22.304  -87.815  -2.506 0.3000000119
11735  3.217  -72.725  -23.385 0.4000000060
135857  3.311  -75.167  -21.468 0.5000000000
10102  3.730  -74.373  -21.594 0.4000000060
9256  2.963  -75.693  -20.968 0.5000000000
2379  18.842  -85.959  1.897 0.2000000030
10085  4.990  -73.898  -20.792 0.4000000060
11727  3.281  -72.377  -22.848 0.4000000060
137860  4.154  -73.775  -21.507 0.4000000060
10913  4.605  -73.175  -21.407 0.4000000060
11726  3.648  -72.679  -22.357 0.4000000060
9244  4.753  -75.177  -19.698 0.3000000119
9245  4.031  -75.458  -19.900 0.4000000060
8415  3.315  -75.890  -20.162 0.4000000060
7750  4.825  -76.245  -30.078 0.3000000119
10895  6.625  -73.366  -19.701 0.3000000119
10903  6.034  -73.211  -20.184 0.4000000060
10904  5.582  -73.555  -20.511 0.4000000060
10073  5.907  -73.952  -19.958 0.4000000060
10074  5.234  -74.411  -20.174 0.4000000060
10064  5.455  -74.787  -19.475 0.4000000060
7026  5.275  -77.343  -30.314 0.2000000030
11684  6.618  -72.385  -19.218 0.3000000119
8404  3.687  -76.064  -19.382 0.4000000060
13330  5.128  -70.750  -18.659 0.3000000119
10894  6.996  -73.893  -18.998 0.3000000119
135301  5.827  -71.048  -18.455 0.3000000119
11679  7.105  -72.311  -18.541 0.3000000119
13318  3.814  -69.538  -18.035 0.3000000119
10063  6.223  -74.348  -19.278 0.3000000119
13317  5.482  -70.401  -18.117 0.3000000119
121216  4.723  -70.057  -18.304 0.3000000119
13305  7.224  -70.702  -16.697 0.3000000119
12448  7.486  -71.817  -17.287 0.3000000119
13306  6.720  -70.692  -17.257 0.3000000119
14148  4.877  -69.556  -17.655 0.3000000119
14149  3.973  -69.042  -17.352 0.3000000119
12449  6.977  -71.558  -17.785 0.3000000119
14150  3.157  -68.988  -17.228 0.4000000060
13297  6.965  -69.853  -16.417 0.3000000119
14138  6.276  -69.248  -16.504 0.3000000119
14140  4.493  -68.859  -16.930 0.3000000119
14922  3.714  -68.802  -16.779 0.3000000119
14141  2.727  -69.094  -16.739 0.3000000119
134472  4.099  -68.558  -16.240 0.2000000030
14902  3.353  -68.808  -15.633 0.3000000119
14119  3.410  -69.386  -15.018 0.2000000030
128048  -2.993  -80.933  14.149 0.1000000015
5138  -2.510  -80.353  13.807 0.1000000015
17936  2.691  -63.673  -8.603 0.3000000119
18760  2.394  -63.463  -8.013 0.3000000119
10651  -2.720  -73.275  1.991 0.5000000000
9796  -3.730  -74.046  4.266 0.5000000000
119734  -2.880  -73.571  2.601 0.5000000000
11479  -3.439  -72.867  3.237 0.5000000000
12209  -3.822  -71.994  3.823 0.5000000000
23368  1.613  -58.426  -7.893 0.3000000119
11436  -2.164  -72.082  7.064 0.4000000060
11451  -3.871  -72.239  6.421 0.4000000060
130565  -4.187  -73.063  5.833 0.5000000000
10642  -3.557  -73.446  3.592 0.5000000000
12196  0.534  -71.343  4.804 0.3000000119
11450  -0.094  -72.017  5.867 0.4000000060
12165  -2.828  -71.642  6.733 0.4000000060
126019  -4.168  -72.136  5.674 0.4000000060
11460  -4.130  -72.819  4.942 0.5000000000
11449  0.910  -72.403  5.728 0.3000000119
12183  -3.657  -71.348  6.289 0.5000000000
140212  -4.309  -72.028  5.174 0.5000000000
11469  -3.922  -72.874  4.022 0.5000000000
128106  -4.174  -71.163  4.439 0.5000000000
123072  -0.056  -70.884  4.726 0.4000000060
12180  -0.327  -71.395  5.262 0.4000000060
13857  0.520  -69.663  4.582 0.5000000000
13006  -0.841  -70.684  5.166 0.5000000000
23385  2.244  -58.192  -8.400 0.3000000119
23415  2.366  -57.915  -9.136 0.3000000119
13855  2.378  -70.214  4.843 0.4000000060
14664  1.158  -69.072  4.859 0.5000000000
13858  -0.360  -69.366  4.873 0.5000000000
14653  0.924  -68.281  5.248 0.5000000000
15450  0.071  -67.954  5.157 0.5000000000
129865  3.066  -58.412  -8.619 0.3000000119
22499  3.574  -58.850  -9.551 0.3000000119
133122  2.889  -58.279  -9.545 0.3000000119
125754  2.258  -57.914  -10.094 0.3000000119
22517  2.496  -59.396  -11.069 0.3000000119
23431  2.108  -58.523  -10.839 0.3000000119
125572  1.617  -68.598  5.337 0.5000000000
15428  1.590  -67.813  5.770 0.5000000000
15410  1.914  -67.021  6.268 0.5000000000
128741  0.716  -66.735  5.641 0.5000000000
17832  -4.261  -63.280  0.037 0.2000000030
16236  2.311  -66.385  6.572 0.5000000000
20425  -0.245  -60.703  1.167 0.2000000030
20405  -1.422  -61.397  0.944 0.2000000030
25204  0.854  -56.202  -11.354 0.3000000119
26062  0.969  -56.126  -11.931 0.3000000119
25211  0.866  -56.748  -12.471 0.3000000119
26048  0.596  -55.609  -10.881 0.3000000119
27726  -0.640  -54.278  -9.724 0.3000000119
26047  1.045  -55.536  -11.380 0.3000000119
26897  0.373  -55.057  -10.690 0.3000000119
27750  0.630  -54.428  -10.571 0.3000000119
27623  15.017  -52.096  -3.160 0.5000000000
122184  1.063  -54.896  -11.066 0.3000000119
27725  0.155  -53.811  -9.917 0.3000000119
128343  1.997  -53.741  -10.751 0.3000000119
28670  1.044  -53.056  -9.529 0.3000000119
119981  0.893  -52.402  -9.037 0.3000000119
28669  2.074  -53.169  -9.842 0.3000000119
28662  1.755  -52.260  -9.184 0.3000000119
27723  2.743  -53.665  -10.538 0.3000000119
28661  2.681  -52.501  -9.555 0.3000000119
29546  2.420  -51.503  -9.654 0.4000000060
29558  3.228  -51.739  -9.853 0.4000000060
30420  2.179  -50.626  -10.047 0.4000000060
29559  2.865  -50.952  -10.119 0.4000000060
37653  13.861  -43.004  -0.832 0.1000000015
37673  12.615  -42.337  -1.380 0.1000000015
38543  13.122  -41.726  -1.738 0.1000000015
14877  4.537  -68.782  -14.309 0.2000000030
119505  -1.339  -60.488  1.003 0.2000000030
28561  16.406  -52.031  -3.029 0.4000000060
131168  1.628  -51.139  -9.515 0.5000000000
12990  -2.032  -70.439  5.858 0.5000000000
122941  -3.936  -70.742  6.139 0.5000000000
1946  21.085  -86.609  -4.190 0.4000000060
11714  3.986  -72.540  -21.876 0.4000000060
10641  -3.200  -73.939  3.362 0.5000000000
10936  3.352  -73.223  -22.729 0.4000000060
9255  3.901  -75.230  -20.918 0.5000000000
10926  3.876  -73.351  -21.960 0.4000000060
10075  4.631  -74.858  -20.503 0.4000000060
120832  6.406  -69.926  -16.922 0.3000000119
10628  -3.935  -73.609  4.456 0.5000000000
125697  -0.862  -71.639  5.951 0.4000000060
12182  -2.393  -71.057  6.298 0.4000000060
27724  1.218  -53.720  -10.366 0.3000000119
669  -1.339  -89.431  -8.533 0.3000000119
437  -1.403  -89.875  -9.451 0.2000000030
4206  -2.949  -83.664  -14.589 0.3000000119
4205  -2.424  -82.680  -15.503 0.3000000119
132549  -1.858  -88.392  -10.348 0.2000000030
444  -1.396  -89.849  -10.524 0.2000000030
696  -0.902  -89.960  -12.426 0.2000000030
2058  -1.996  -85.963  -12.687 0.3000000119
2059  -2.232  -86.340  -12.942 0.2000000030
2074  -1.394  -86.335  -14.503 0.2000000030
2588  -1.753  -84.929  -15.798 0.2000000030
3577  -2.378  -83.337  -15.768 0.2000000030
140223  -2.387  -83.041  -16.526 0.2000000030
117843  -3.053  -81.774  -16.278 0.2000000030
5452  -3.178  -81.184  -14.759 0.3000000119
119995  -1.785  -89.100  -10.883 0.2000000030
4220  -2.675  -82.568  -16.705 0.2000000030
138549  -3.319  -81.243  -15.707 0.2000000030
3066  -1.969  -84.177  -16.253 0.2000000030
1548  -0.198  -87.901  -15.018 0.2000000030
1065  -0.153  -88.444  -14.587 0.2000000030
707  -0.471  -89.136  -13.738 0.2000000030
5426  -1.781  -80.880  -12.851 0.3000000119
6302  -0.655  -78.752  -27.702 0.2000000030
5611  8.086  -80.768  -25.773 0.5000000000
130158  8.642  -80.221  -26.347 0.5000000000
6274  11.559  -78.955  -26.368 0.5000000000
6972  10.018  -78.670  -26.866 0.5000000000
6276  9.551  -79.572  -26.521 0.5000000000
6257  12.156  -79.570  -25.844 0.4000000060
5625  12.849  -79.898  -25.996 0.4000000060
130555  13.005  -80.566  -25.361 0.2000000030
4936  7.815  -81.430  -24.346 0.4000000060
4919  8.011  -81.571  -23.445 0.3000000119
4954  7.603  -81.048  -25.102 0.5000000000
4935  8.639  -81.510  -24.253 0.4000000060
4953  8.386  -81.207  -25.058 0.5000000000
126703  9.649  -80.832  -25.333 0.5000000000
5610  8.922  -80.808  -25.597 0.5000000000
5626  9.571  -80.309  -25.868 0.5000000000
5609  10.513  -80.452  -25.359 0.5000000000
6258  11.194  -79.604  -25.802 0.5000000000
5641  13.059  -79.854  -26.989 0.4000000060
5608  11.695  -80.209  -25.198 0.4000000060
5640  13.267  -81.029  -26.930 0.2000000030
4960  13.308  -81.778  -25.949 0.2000000030
5606  13.351  -81.350  -25.091 0.1000000015
4325  13.542  -82.774  -25.997 0.2000000030
4950  13.716  -82.379  -25.146 0.1000000015
4314  14.013  -83.125  -25.384 0.1000000015
4302  14.335  -82.575  -24.782 0.1000000015
4930  14.635  -82.006  -24.129 0.1000000015
10605  -4.368  -73.988  6.318 0.4000000060
134999  -3.963  -74.150  4.968 0.4000000060
125900  7.184  -81.516  -22.946 0.3000000119
4918  8.944  -81.571  -23.427 0.3000000119
4952  9.200  -81.253  -24.922 0.5000000000
4934  9.527  -81.497  -24.171 0.3000000119
4951  10.076  -81.154  -24.784 0.5000000000
4933  10.370  -81.441  -24.001 0.4000000060
5585  11.117  -80.978  -24.522 0.4000000060
5583  12.637  -80.939  -23.741 0.1000000015
5607  12.572  -80.282  -25.256 0.3000000119
121382  13.372  -82.253  -26.882 0.2000000030
5582  13.440  -81.178  -23.597 0.1000000015
120572  13.054  -80.929  -24.477 0.1000000015
131142  14.687  -83.784  -28.165 0.2000000030
4335  13.755  -82.800  -27.633 0.2000000030
129302  13.627  -83.023  -26.764 0.2000000030
4914  14.286  -81.429  -23.508 0.1000000015
4931  13.881  -81.858  -24.227 0.1000000015
4313  14.654  -83.100  -25.238 0.1000000015
4301  14.909  -82.524  -24.707 0.1000000015
4913  14.920  -81.409  -23.543 0.1000000015
2666  21.276  -84.868  -29.120 0.1000000015
2684  21.626  -84.678  -29.716 0.1000000015
4312  15.274  -82.968  -25.336 0.1000000015
4949  15.463  -82.158  -25.005 0.1000000015
5605  15.606  -81.344  -24.758 0.1000000015
5581  15.409  -81.019  -23.882 0.1000000015
6256  15.747  -80.334  -24.790 0.1000000015
3156  22.012  -84.912  -29.047 0.1000000015
4900  6.545  -81.468  -22.386 0.2000000030
130350  7.895  -81.484  -22.531 0.3000000119
4917  9.776  -81.533  -23.275 0.3000000119
5584  11.761  -81.049  -23.730 0.1000000015
4932  11.038  -81.341  -23.698 0.3000000119
4915  11.304  -81.320  -22.975 0.3000000119
5566  13.026  -80.867  -23.146 0.1000000015
3152  14.708  -84.104  -27.529 0.1000000015
3728  14.600  -83.863  -26.549 0.1000000015
5548  12.948  -80.667  -22.495 0.1000000015
3170  16.642  -84.497  -28.919 0.1000000015
3162  15.131  -84.376  -28.082 0.1000000015
3141  15.147  -84.280  -27.160 0.1000000015
5565  13.806  -80.908  -22.820 0.1000000015
3182  18.715  -84.535  -29.892 0.1000000015
3169  17.734  -84.740  -29.273 0.1000000015
136820  17.149  -84.932  -28.508 0.1000000015
3149  17.143  -84.980  -27.896 0.1000000015
3140  15.767  -84.436  -27.290 0.1000000015
3726  16.106  -83.920  -26.765 0.1000000015
3713  14.991  -83.557  -25.825 0.1000000015
5546  14.555  -80.463  -22.328 0.1000000015
5563  15.254  -80.573  -23.000 0.1000000015
3181  20.541  -84.530  -30.501 0.1000000015
3167  19.639  -84.855  -29.829 0.1000000015
3740  16.592  -84.463  -27.401 0.1000000015
4323  16.456  -82.972  -26.589 0.1000000015
4324  15.697  -83.375  -26.088 0.1000000015
4311  16.010  -82.349  -25.893 0.1000000015
4948  15.892  -81.580  -25.505 0.1000000015
120548  15.673  -79.810  -23.829 0.1000000015
2676  20.827  -84.832  -29.565 0.1000000015
4959  16.328  -81.286  -26.251 0.1000000015
3748  20.964  -84.174  -28.710 0.1000000015
6245  15.848  -79.403  -24.881 0.1000000015
6949  15.815  -78.697  -24.416 0.1000000015
124612  6.024  -81.530  -21.740 0.3000000119
4899  7.252  -81.463  -22.206 0.2000000030
135785  8.532  -81.522  -22.836 0.3000000119
4916  10.553  -81.469  -23.115 0.3000000119
4895  10.795  -81.301  -22.496 0.2000000030
5549  11.436  -81.017  -22.221 0.2000000030
6226  14.194  -79.960  -21.785 0.1000000015
3168  18.780  -84.937  -29.228 0.1000000015
3159  17.975  -84.953  -28.529 0.1000000015
5531  12.758  -80.269  -21.897 0.1000000015
5545  15.224  -80.010  -22.333 0.1000000015
2667  19.982  -84.902  -29.211 0.1000000015
3148  18.239  -84.622  -28.023 0.1000000015
3739  17.559  -84.280  -27.547 0.1000000015
3725  16.934  -83.620  -27.108 0.1000000015
4958  16.753  -81.950  -26.676 0.1000000015
6255  16.033  -79.581  -25.850 0.1000000015
3158  19.075  -84.764  -28.651 0.1000000015
3147  19.426  -84.254  -28.307 0.1000000015
3157  20.493  -84.605  -28.871 0.1000000015
3738  18.598  -83.918  -27.722 0.1000000015
6183  4.551  -79.806  -19.350 0.2000000030
127004  2.817  -69.472  5.349 0.4000000060
6182  5.318  -80.198  -19.047 0.2000000030
7604  3.837  -77.528  -19.099 0.3000000119
15409  2.837  -67.120  6.620 0.4000000060
14651  3.363  -68.888  5.798 0.3000000119
133436  2.351  -67.716  6.150 0.4000000060
14640  3.887  -68.365  6.213 0.3000000119
14639  5.091  -68.007  6.573 0.2000000030
9233  4.256  -75.673  -19.228 0.3000000119
119465  6.093  -66.754  7.040 0.1000000015
16233  5.872  -65.951  7.368 0.2000000030
123109  6.628  -66.022  7.147 0.1000000015
17007  7.010  -65.303  7.035 0.2000000030
16469  -3.649  -66.260  -11.928 0.1000000015
129087  -3.458  -66.360  -12.797 0.2000000030
17204  -5.346  -65.687  -8.494 0.1000000015
135339  -3.172  -63.469  -9.466 0.3000000119
17949  -4.711  -64.908  -8.944 0.1000000015
17957  -3.158  -64.481  -10.030 0.1000000015
17212  -5.010  -65.675  -9.425 0.1000000015
17225  -3.171  -65.485  -11.418 0.1000000015
17910  -5.536  -64.435  -6.475 0.1000000015
140137  -5.179  -64.030  -7.438 0.1000000015
18729  -5.406  -63.888  -6.100 0.1000000015
139472  -5.138  -63.282  -5.749 0.2000000030
19560  -3.476  -62.155  -1.587 0.1000000015
20492  -4.435  -61.724  -3.274 0.1000000015
20464  -2.529  -61.764  -0.862 0.1000000015
20481  -4.227  -61.608  -2.547 0.1000000015
21444  -4.078  -60.185  -1.592 0.2000000030
25088  9.493  -55.368  -3.637 0.2000000030
123782  -3.572  -60.306  -1.146 0.1000000015
22380  -4.306  -59.350  -1.803 0.3000000119
123929  -3.152  -59.173  -0.835 0.1000000015
22379  -3.751  -59.459  -1.193 0.2000000030
22377  -2.297  -59.304  -0.911 0.1000000015
23298  -3.602  -58.608  -0.955 0.1000000015
23299  -4.118  -58.611  -1.432 0.2000000030
123797  -4.040  -58.028  -1.049 0.2000000030
25080  -1.039  -56.896  -1.189 0.1000000015
24211  -2.471  -57.714  -0.600 0.1000000015
25095  -0.623  -56.164  -1.593 0.1000000015
137682  -1.534  -57.546  -0.921 0.2000000030
118485  -3.493  -57.889  -0.644 0.1000000015
24187  18.856  -57.354  -0.745 0.1000000015
25058  17.312  -56.795  -0.217 0.2000000030
25935  1.949  -55.420  -3.254 0.1000000015
25920  1.173  -55.504  -2.713 0.1000000015
25922  -0.205  -55.517  -1.904 0.2000000030
26770  1.403  -54.695  -2.829 0.1000000015
138035  0.102  -55.132  -2.122 0.1000000015
25909  -0.950  -55.298  -1.312 0.2000000030
24202  19.840  -57.484  -1.063 0.1000000015
25057  18.769  -56.411  -1.144 0.1000000015
127834  20.409  -55.191  -1.412 0.1000000015
25900  19.004  -54.824  -1.845 0.1000000015
26780  2.249  -54.121  -3.590 0.1000000015
28565  0.896  -52.304  -3.443 0.2000000030
135251  22.052  -55.471  2.361 0.1000000015
25857  21.839  -54.922  2.723 0.1000000015
134839  21.807  -58.058  -0.618 0.1000000015
25037  22.437  -56.843  0.658 0.1000000015
25868  22.190  -55.992  0.842 0.1000000015
25863  21.810  -54.996  1.949 0.1000000015
24186  21.785  -57.435  -0.573 0.1000000015
25054  22.133  -56.253  0.063 0.1000000015
127958  21.602  -55.695  -0.459 0.1000000015
25878  21.864  -55.389  0.242 0.1000000015
121205  20.976  -56.088  -1.083 0.1000000015
25898  21.065  -55.065  -0.921 0.1000000015
133495  21.345  -54.090  -0.191 0.1000000015
26743  21.108  -54.227  -0.765 0.1000000015
27596  21.144  -53.488  -0.513 0.1000000015
27599  20.808  -53.549  -1.080 0.1000000015
28532  21.205  -52.720  -0.173 0.2000000030
28580  4.148  -52.297  -5.266 0.1000000015
129666  3.698  -52.938  -4.842 0.1000000015
28564  1.661  -52.657  -3.704 0.2000000030
27579  21.480  -53.478  2.697 0.1000000015
26738  21.611  -54.378  1.490 0.1000000015
28501  21.262  -52.812  3.351 0.1000000015
27587  21.478  -53.058  1.812 0.1000000015
124052  21.438  -52.661  0.813 0.2000000030
29421  21.419  -51.445  1.624 0.2000000030
29468  2.104  -51.299  -4.640 0.3000000119
28583  2.337  -52.087  -4.187 0.2000000030
28516  21.374  -52.565  2.516 0.1000000015
128241  2.849  -51.575  -4.918 0.2000000030
30332  2.360  -50.846  -5.163 0.2000000030
29467  3.697  -51.752  -5.317 0.1000000015
30331  3.197  -51.129  -5.485 0.1000000015
27722  3.715  -53.623  -10.104 0.3000000119
29557  4.216  -51.994  -9.914 0.3000000119
129172  3.546  -50.938  -10.372 0.3000000119
28666  5.587  -53.415  -10.552 0.3000000119
29556  5.474  -52.191  -10.326 0.3000000119
28689  6.111  -53.339  -11.563 0.3000000119
29579  6.369  -52.560  -10.893 0.3000000119
31282  7.504  -49.075  -10.859 0.3000000119
33012  5.833  -47.210  -8.810 0.2000000030
2040  -1.565  -86.253  -12.060 0.2000000030
1535  -1.013  -87.367  -13.984 0.2000000030
2570  -1.777  -85.469  -14.857 0.2000000030
2571  -2.382  -84.940  -14.708 0.3000000119
2589  -2.339  -84.307  -15.345 0.3000000119
18762  -4.473  -63.624  -8.046 0.1000000015
20502  -4.471  -61.759  -4.203 0.2000000030
30316  0.955  -50.654  -3.993 0.3000000119
26751  19.823  -54.286  -1.734 0.1000000015
28535  20.868  -52.810  -0.851 0.2000000030
30258  21.186  -50.953  2.023 0.1000000015
126452  1.654  -53.983  -3.071 0.1000000015
4851  5.212  -81.283  -19.966 0.2000000030
6171  5.028  -79.290  -18.857 0.3000000119
17964  -2.785  -64.737  -10.914 0.1000000015
30354  3.569  -50.711  -5.955 0.1000000015
32136  10.291  -48.631  -9.341 0.1000000015
33026  10.976  -48.140  -9.834 0.2000000030
137736  1.971  -54.610  -3.221 0.1000000015
3179  23.516  -83.925  -29.813 0.1000000015
2663  15.937  -84.996  -28.009 0.1000000015
120755  -2.928  -75.003  5.110 0.4000000060
15407  4.444  -67.227  6.931 0.2000000030
25056  19.338  -55.808  -1.520 0.1000000015
28688  6.620  -52.537  -11.785 0.3000000119
120542  -3.845  -74.631  5.095 0.4000000060
120676  2.961  -53.169  -9.871 0.3000000119
28668  3.583  -52.775  -9.716 0.3000000119
2587  -0.933  -85.373  -16.502 0.2000000030
6275  10.596  -79.118  -26.327 0.5000000000
120431  12.193  -80.655  -24.479 0.2000000030
4929  15.140  -81.863  -24.210 0.1000000015
9781  -3.892  -75.067  5.795 0.4000000060
5564  14.603  -81.021  -22.989 0.1000000015
5567  12.203  -81.007  -22.894 0.1000000015
17948  -3.653  -64.367  -9.296 0.1000000015
17211  -4.108  -65.084  -9.728 0.1000000015
17218  -3.455  -65.284  -10.552 0.1000000015
20465  -3.299  -61.670  -1.151 0.1000000015
19559  -2.803  -62.323  -1.152 0.1000000015
20480  -3.867  -61.615  -1.782 0.1000000015
21442  -2.881  -60.937  -0.911 0.1000000015
23296  -1.668  -58.450  -1.021 0.2000000030
24227  -0.305  -57.023  -1.995 0.1000000015
132554  18.142  -56.871  -0.641 0.1000000015
25075  19.570  -56.683  -1.212 0.1000000015
25117  2.950  -56.074  -4.264 0.1000000015
127053  2.525  -55.609  -3.876 0.1000000015
25111  1.588  -56.283  -3.103 0.1000000015
25093  0.855  -56.297  -2.664 0.1000000015
25074  20.408  -56.843  -1.168 0.1000000015
25073  21.182  -57.076  -0.929 0.1000000015
128354  20.117  -56.008  -1.466 0.1000000015
25899  19.755  -55.244  -1.655 0.1000000015
27626  1.948  -53.390  -3.540 0.2000000030
26790  3.422  -54.514  -4.845 0.1000000015
25849  21.854  -55.000  3.506 0.1000000015
25862  22.134  -55.726  1.693 0.1000000015
128043  22.214  -57.115  -0.052 0.1000000015
122066  21.470  -54.812  -0.302 0.1000000015
26741  21.570  -54.418  0.515 0.1000000015
126416  21.486  -53.635  1.133 0.1000000015
26750  20.633  -54.314  -1.296 0.1000000015
27594  21.361  -53.503  0.251 0.1000000015
28581  3.322  -52.236  -4.734 0.1000000015
28582  2.973  -52.845  -4.276 0.2000000030
26733  21.628  -54.302  2.328 0.1000000015
134926  21.522  -53.769  1.906 0.1000000015
28523  21.495  -52.192  1.686 0.1000000015
28667  4.637  -53.172  -9.900 0.3000000119
142  2.383  -92.760  -10.080 0.2000000030
143  1.926  -92.137  -9.718 0.2000000030
133  1.621  -92.479  -9.126 0.2000000030
6314  0.931  -78.184  -29.101 0.1000000015
6300  0.640  -79.145  -28.264 0.1000000015
4963  0.458  -81.049  -26.468 0.1000000015
5631  0.521  -80.477  -26.974 0.1000000015
6301  -0.448  -78.976  -28.061 0.1000000015
1877  8.730  -86.735  3.074 0.1000000015
124004  7.565  -86.220  3.449 0.1000000015
4299  -0.959  -83.380  -23.426 0.1000000015
4964  -0.023  -80.684  -26.269 0.1000000015
5647  -0.059  -79.509  -27.243 0.1000000015
5630  1.282  -80.611  -27.224 0.1000000015
2855  8.347  -85.051  3.183 0.1000000015
3402  7.635  -83.751  3.780 0.1000000015
2370  7.590  -85.520  3.513 0.1000000015
2365  6.976  -85.112  3.849 0.1000000015
5439  -3.480  -80.342  -14.492 0.2000000030
5427  -3.097  -80.385  -13.606 0.2000000030
6096  -3.707  -79.718  -12.209 0.2000000030
6080  -3.584  -79.796  -11.104 0.2000000030
6081  -4.650  -79.378  -10.583 0.1000000015
8898  -2.042  -75.726  8.062 0.2000000030
11421  -3.942  -72.998  7.405 0.3000000119
10587  -3.914  -73.344  8.120 0.2000000030
8900  -4.188  -74.725  7.520 0.2000000030
8899  -3.332  -75.229  7.852 0.2000000030
9760  -4.451  -74.358  7.030 0.2000000030
9735  -4.014  -74.066  8.720 0.2000000030
9724  -2.700  -74.134  10.183 0.2000000030
8885  -2.512  -75.213  9.723 0.2000000030
11420  -2.946  -72.750  7.526 0.3000000119
8886  -3.461  -74.394  9.233 0.2000000030
11437  -3.346  -72.387  7.037 0.3000000119
11438  -4.194  -73.122  6.749 0.3000000119
11434  0.140  -72.559  6.533 0.2000000030
10550  -2.290  -73.777  10.149 0.2000000030
10569  -3.644  -73.745  8.916 0.2000000030
10551  -3.067  -73.869  9.662 0.2000000030
11435  -0.957  -72.124  6.716 0.3000000119
10604  0.488  -73.073  7.182 0.2000000030
10567  -1.306  -73.459  9.136 0.2000000030
10584  -0.199  -73.342  8.124 0.2000000030
11418  -0.612  -72.836  7.369 0.2000000030
10585  -1.553  -73.138  8.265 0.2000000030
12989  2.952  -70.893  5.150 0.2000000030
12178  1.880  -71.528  4.820 0.2000000030
11448  1.974  -72.287  5.393 0.2000000030
136548  3.084  -70.199  5.277 0.2000000030
12194  1.718  -70.758  4.552 0.3000000119
13835  3.617  -69.750  5.594 0.1000000015
19475  12.224  -62.825  2.105 0.1000000015
20395  12.687  -61.807  1.805 0.1000000015
19493  14.496  -63.051  0.868 0.1000000015
21375  13.654  -60.193  1.718 0.1000000015
20507  1.872  -62.089  -5.315 0.2000000030
19605  2.753  -63.151  -6.080 0.2000000030
18728  3.465  -63.267  -6.155 0.2000000030
18743  2.842  -63.573  -7.003 0.2000000030
18759  2.950  -63.828  -7.764 0.2000000030
20520  4.563  -60.986  -6.043 0.2000000030
122695  5.435  -61.200  -6.374 0.2000000030
20506  2.794  -61.922  -5.446 0.2000000030
125462  5.830  -61.967  -6.235 0.2000000030
19591  4.253  -61.823  -5.756 0.2000000030
19604  3.969  -62.563  -5.789 0.2000000030
19592  3.420  -62.155  -5.580 0.2000000030
19603  4.921  -62.419  -5.925 0.2000000030
18726  5.050  -63.357  -6.189 0.2000000030
18727  4.199  -63.264  -6.071 0.2000000030
18742  3.417  -63.815  -6.737 0.2000000030
130264  2.986  -60.835  -5.882 0.2000000030
20518  6.654  -62.015  -6.830 0.2000000030
20519  6.097  -61.420  -6.710 0.2000000030
19601  6.352  -62.679  -6.579 0.2000000030
20558  6.748  -61.414  -8.411 0.2000000030
20559  6.205  -60.755  -9.032 0.2000000030
126836  5.516  -60.143  -9.063 0.2000000030
19666  7.250  -61.981  -8.999 0.2000000030
21517  6.192  -60.867  -7.894 0.2000000030
21542  4.915  -59.623  -8.541 0.2000000030
131018  3.737  -59.681  -6.848 0.2000000030
19647  7.092  -62.210  -7.862 0.2000000030
20535  6.506  -61.405  -7.358 0.2000000030
21519  5.194  -60.199  -7.059 0.2000000030
21502  5.159  -60.609  -6.558 0.2000000030
20582  6.825  -61.350  -9.516 0.2000000030
127660  6.331  -60.997  -10.155 0.2000000030
19681  7.890  -61.873  -9.948 0.2000000030
21562  5.599  -60.661  -10.184 0.2000000030
22468  4.294  -59.164  -8.235 0.2000000030
21563  4.921  -59.929  -9.598 0.2000000030
135503  3.585  -59.009  -7.727 0.2000000030
22446  1.728  -59.205  -7.331 0.2000000030
20581  7.357  -61.644  -9.778 0.2000000030
20602  5.747  -61.218  -10.972 0.2000000030
21576  4.719  -60.518  -10.583 0.2000000030
22498  4.333  -59.255  -9.090 0.2000000030
22469  3.802  -58.865  -8.605 0.2000000030
20617  6.621  -61.116  -11.123 0.2000000030
20619  4.991  -61.117  -11.546 0.2000000030
21595  4.387  -61.125  -12.007 0.2000000030
21577  3.907  -60.401  -10.934 0.2000000030
22534  3.097  -60.247  -11.403 0.2000000030
20616  7.626  -61.075  -11.052 0.2000000030
137821  6.093  -61.202  -11.063 0.2000000030
134822  5.095  -61.124  -11.039 0.2000000030
119724  4.469  -61.007  -11.367 0.2000000030
20618  5.592  -61.030  -11.570 0.2000000030
21612  5.092  -60.959  -12.314 0.2000000030
21596  3.736  -60.910  -11.751 0.2000000030
23432  1.775  -57.858  -10.805 0.2000000030
21613  4.500  -60.985  -12.525 0.2000000030
21597  3.072  -60.722  -12.141 0.2000000030
23462  1.704  -59.261  -12.514 0.2000000030
23447  1.611  -58.232  -11.385 0.2000000030
21630  2.751  -60.386  -13.671 0.2000000030
22551  2.135  -59.901  -13.290 0.2000000030
21629  3.421  -60.633  -13.548 0.2000000030
126063  1.131  -58.231  -12.321 0.2000000030
22593  2.643  -59.589  -14.597 0.2000000030
22552  1.425  -58.934  -13.312 0.2000000030
23477  0.902  -58.119  -13.311 0.2000000030
22592  3.419  -59.693  -14.807 0.2000000030
23493  1.381  -58.353  -14.183 0.2000000030
24372  0.739  -57.450  -12.901 0.2000000030
26075  1.029  -56.342  -12.769 0.2000000030
129777  2.137  -58.779  -14.867 0.2000000030
24384  0.906  -56.828  -13.270 0.2000000030
23506  1.763  -57.947  -15.102 0.2000000030
24399  1.848  -57.039  -14.916 0.2000000030
26074  1.495  -56.143  -13.450 0.2000000030
24398  2.403  -57.440  -15.702 0.2000000030
25226  2.193  -56.327  -15.049 0.2000000030
25220  1.488  -56.925  -13.975 0.2000000030
26061  1.440  -55.799  -12.416 0.2000000030
26896  1.620  -55.160  -11.640 0.2000000030
26060  1.878  -55.607  -13.131 0.2000000030
26915  2.047  -55.265  -12.409 0.2000000030
26106  2.619  -56.111  -15.666 0.2000000030
128905  2.149  -55.498  -13.930 0.2000000030
26914  2.463  -55.272  -13.144 0.2000000030
27749  1.598  -54.369  -11.114 0.2000000030
27748  2.545  -54.350  -11.311 0.2000000030
121659  2.161  -54.856  -11.730 0.2000000030
26087  2.385  -55.709  -14.818 0.2000000030
121806  2.649  -54.942  -13.819 0.2000000030
130751  3.562  -54.336  -11.063 0.2000000030
26931  2.723  -55.031  -14.542 0.2000000030
26930  3.200  -54.409  -14.088 0.2000000030
26913  3.282  -54.957  -13.097 0.2000000030
26893  4.164  -54.676  -12.658 0.2000000030
27747  4.430  -54.543  -11.620 0.2000000030
27721  4.644  -54.070  -10.562 0.2000000030
27746  5.311  -54.119  -11.381 0.2000000030
125643  6.650  -50.960  -13.117 0.2000000030
30453  7.503  -50.413  -11.652 0.2000000030
30486  5.190  -50.115  -14.476 0.2000000030
31338  6.101  -49.244  -13.915 0.2000000030
30503  7.634  -50.561  -16.259 0.2000000030
31357  5.691  -49.657  -14.759 0.2000000030
32195  6.061  -48.504  -14.265 0.2000000030
119240  8.068  -48.265  -12.407 0.2000000030
32223  6.979  -49.118  -15.809 0.2000000030
32196  5.723  -49.099  -14.243 0.2000000030
29633  7.934  -50.836  -16.213 0.1000000015
33084  6.863  -47.202  -13.921 0.2000000030
31367  7.355  -49.804  -16.169 0.2000000030
32213  6.594  -48.536  -14.924 0.2000000030
32212  7.437  -48.426  -15.955 0.2000000030
33103  7.126  -47.815  -15.166 0.1000000015
32221  8.321  -48.907  -16.454 0.2000000030
33101  8.130  -47.126  -15.983 0.1000000015
33102  7.823  -47.741  -16.038 0.1000000015
124039  9.658  -46.916  -16.473 0.1000000015
34058  10.343  -46.600  -16.144 0.1000000015
35041  9.322  -45.532  -16.467 0.1000000015
34050  11.699  -46.101  -15.164 0.1000000015
34057  10.902  -45.925  -15.887 0.1000000015
35040  9.950  -45.330  -16.601 0.1000000015
35995  8.903  -44.343  -15.849 0.1000000015
35993  10.791  -44.419  -16.001 0.1000000015
36973  10.241  -43.706  -16.319 0.1000000015
36975  8.852  -43.362  -15.497 0.1000000015
35030  11.388  -45.185  -15.504 0.1000000015
38673  8.211  -41.377  -14.148 0.1000000015
37844  8.597  -42.372  -14.695 0.1000000015
36972  10.959  -43.615  -15.780 0.1000000015
36974  9.537  -43.916  -16.261 0.1000000015
140173  9.109  -42.688  -15.607 0.1000000015
38683  8.819  -41.560  -14.931 0.1000000015
135601  9.610  -42.989  -16.110 0.1000000015
19606  1.789  -62.876  -5.815 0.2000000030
21493  2.507  -61.426  -5.548 0.2000000030
22445  2.772  -59.349  -7.115 0.2000000030
19596  -4.973  -62.957  -5.131 0.2000000030
22433  2.890  -60.173  -6.467 0.2000000030
32175  7.650  -48.903  -12.709 0.2000000030
32194  7.018  -48.168  -13.663 0.2000000030
34060  7.371  -46.434  -14.748 0.1000000015
123079  8.349  -44.950  -15.472 0.1000000015
116459  -3.095  -75.093  8.770 0.2000000030
24358  0.841  -57.145  -12.024 0.2000000030
117521  7.278  -51.099  -12.052 0.2000000030
30479  5.806  -49.990  -13.862 0.2000000030
135334  6.769  -48.794  -13.647 0.2000000030
23367  2.531  -58.684  -7.806 0.2000000030
22516  3.413  -59.448  -10.576 0.2000000030
23446  1.809  -59.012  -11.649 0.2000000030
27770  5.475  -53.764  -12.422 0.2000000030
2369  8.189  -86.020  3.234 0.1000000015
9744  -4.454  -74.130  8.090 0.2000000030
8887  -4.022  -74.505  8.449 0.2000000030
19593  2.649  -62.487  -5.587 0.2000000030
22432  4.533  -60.200  -6.624 0.2000000030
21492  3.491  -61.361  -5.702 0.2000000030
21541  5.550  -60.186  -7.943 0.2000000030
22444  4.590  -59.615  -7.496 0.2000000030
20601  6.681  -61.196  -10.491 0.2000000030
20600  7.405  -61.352  -10.465 0.2000000030
22515  4.192  -59.669  -10.066 0.2000000030
22535  2.333  -59.999  -12.099 0.2000000030
23492  2.953  -59.011  -15.278 0.2000000030
24383  1.012  -57.539  -13.699 0.2000000030
25243  2.984  -56.799  -16.392 0.2000000030
26088  1.942  -56.243  -14.327 0.2000000030
26086  2.894  -55.391  -15.525 0.2000000030
26895  2.815  -55.025  -12.223 0.2000000030
26894  3.631  -54.851  -12.071 0.2000000030
26941  3.364  -54.571  -15.213 0.2000000030
126395  5.440  -50.603  -13.804 0.2000000030
31356  6.428  -49.781  -15.661 0.2000000030
31349  5.300  -49.500  -14.205 0.2000000030
31339  5.383  -49.470  -14.208 0.2000000030
30494  6.843  -50.520  -16.142 0.1000000015
31366  7.991  -49.654  -16.403 0.1000000015
31348  5.782  -49.050  -14.303 0.2000000030
136486  6.280  -49.225  -15.059 0.2000000030
33085  6.695  -47.584  -14.312 0.2000000030
32207  6.225  -48.416  -14.203 0.2000000030
32222  7.814  -49.030  -16.355 0.2000000030
33109  8.591  -47.576  -16.370 0.1000000015
34061  6.982  -47.237  -14.490 0.1000000015
125108  7.539  -47.134  -15.326 0.1000000015
32220  8.697  -48.271  -16.452 0.1000000015
34069  8.619  -46.660  -16.269 0.1000000015
35033  8.560  -45.753  -16.039 0.1000000015
34068  9.176  -46.844  -16.526 0.1000000015
34067  9.716  -46.179  -16.584 0.1000000015
35032  8.935  -45.054  -16.093 0.1000000015
36002  9.501  -44.773  -16.381 0.1000000015
35042  9.090  -46.182  -16.548 0.1000000015
35031  10.571  -45.203  -16.228 0.1000000015
35987  11.503  -44.300  -15.340 0.1000000015
35994  10.126  -44.534  -16.508 0.1000000015
37850  9.899  -42.358  -16.247 0.1000000015
331  5.379  -92.150  -22.594 0.1000000015
531  5.771  -90.658  -23.159 0.1000000015
195  2.138  -92.600  -16.687 0.1000000015
221  2.928  -91.896  -21.028 0.1000000015
306  2.038  -91.952  -18.381 0.1000000015
128424  2.948  -91.957  -17.480 0.1000000015
150  3.244  -92.122  -11.151 0.1000000015
275  3.029  -91.277  -11.661 0.1000000015
137008  3.428  -92.649  -11.594 0.1000000015
158  3.492  -93.119  -12.205 0.1000000015
454  4.069  -91.231  -12.625 0.1000000015
464  4.725  -90.833  -13.484 0.1000000015
183  3.158  -93.434  -14.527 0.1000000015
174  4.525  -92.500  -14.108 0.1000000015
166  4.549  -92.225  -13.572 0.1000000015
280  5.160  -91.367  -13.703 0.1000000015
465  3.772  -90.499  -13.350 0.1000000015
182  3.784  -92.908  -14.525 0.1000000015
473  5.808  -91.079  -14.196 0.1000000015
194  3.279  -92.466  -16.358 0.1000000015
284  6.314  -90.804  -14.705 0.1000000015
304  3.507  -91.266  -18.100 0.1000000015
294  4.690  -91.947  -16.327 0.1000000015
140148  6.642  -90.497  -15.254 0.1000000015
121272  2.592  -89.912  -21.578 0.1000000015
140180  2.478  -89.812  -21.226 0.1000000015
748  2.495  -90.380  -20.487 0.1000000015
124096  2.713  -90.646  -19.800 0.1000000015
305  2.432  -91.664  -18.312 0.1000000015
493  4.064  -90.460  -18.611 0.1000000015
135231  6.306  -89.770  -16.854 0.1000000015
500  3.513  -90.135  -19.474 0.1000000015
265  1.597  -91.221  -10.203 0.1000000015
270  2.058  -91.152  -10.810 0.1000000015
446  2.123  -90.899  -11.604 0.1000000015
456  2.583  -90.783  -12.275 0.1000000015
181  4.953  -92.332  -14.776 0.1000000015
285  5.241  -91.892  -14.215 0.1000000015
293  5.574  -91.413  -16.038 0.1000000015
482  6.186  -90.896  -15.611 0.1000000015
484  5.905  -90.637  -16.496 0.1000000015
487  4.616  -90.836  -17.782 0.1000000015
1136  3.763  -88.742  -21.620 0.1000000015
746  3.871  -89.317  -19.969 0.1000000015
740  4.434  -89.597  -19.024 0.1000000015
486  5.496  -90.318  -17.383 0.1000000015
731  7.012  -89.113  -16.545 0.1000000015
4783  19.124  -81.877  -13.860 0.1000000015
492  4.953  -89.941  -18.185 0.1000000015
431  -0.656  -90.241  -7.751 0.2000000030
260  -0.251  -90.595  -8.467 0.1000000015
435  -0.023  -90.742  -9.841 0.1000000015
442  0.252  -90.687  -10.624 0.1000000015
266  0.808  -90.929  -9.931 0.1000000015
447  0.273  -90.542  -11.747 0.1000000015
125463  1.237  -90.634  -11.947 0.1000000015
457  1.752  -90.604  -12.580 0.1000000015
466  2.514  -90.425  -13.257 0.1000000015
476  1.004  -90.041  -14.322 0.1000000015
718  1.237  -89.296  -15.023 0.1000000015
474  2.842  -89.946  -14.238 0.1000000015
717  2.117  -89.319  -14.962 0.1000000015
4213  17.532  -82.403  -14.399 0.1000000015
131442  16.840  -81.655  -14.973 0.2000000030
4784  18.015  -82.240  -13.817 0.1000000015
126125  16.579  -81.666  -15.924 0.2000000030
1121  4.693  -88.713  -20.224 0.1000000015
745  4.869  -88.874  -19.359 0.1000000015
734  6.486  -88.795  -17.551 0.1000000015
1618  5.470  -87.971  -21.539 0.1000000015
1120  5.470  -88.340  -19.699 0.1000000015
5442  20.060  -80.910  -14.462 0.1000000015
2493  25.816  -86.745  -8.705 0.1000000015
120541  -1.090  -90.141  -8.506 0.1000000015
2006  25.444  -87.307  -9.078 0.1000000015
2961  25.297  -85.879  -8.666 0.1000000015
2962  24.738  -85.130  -8.665 0.1000000015
436  -0.593  -90.479  -9.268 0.1000000015
124464  23.861  -86.722  -9.588 0.1000000015
121112  24.045  -85.695  -9.428 0.1000000015
443  -0.753  -90.427  -10.154 0.1000000015
689  -1.229  -89.842  -11.494 0.1000000015
137357  23.110  -86.811  -9.809 0.1000000015
127732  -0.650  -90.346  -11.097 0.1000000015
459  -0.146  -90.296  -12.696 0.1000000015
2505  22.776  -85.908  -9.733 0.1000000015
458  0.775  -90.468  -12.744 0.1000000015
467  1.333  -90.354  -13.556 0.1000000015
727  1.128  -88.870  -15.476 0.1000000015
2972  20.555  -84.501  -10.025 0.2000000030
2973  19.669  -84.116  -10.039 0.2000000030
724  7.027  -90.035  -15.323 0.1000000015
2974  18.845  -83.747  -10.109 0.2000000030
738  5.872  -88.803  -18.227 0.1000000015
3540  17.236  -83.256  -10.436 0.2000000030
4161  18.571  -82.897  -10.137 0.2000000030
1112  5.652  -88.532  -18.892 0.1000000015
4162  16.988  -82.359  -10.421 0.2000000030
4801  21.573  -80.924  -14.709 0.1000000015
4802  20.845  -81.115  -14.539 0.1000000015
1119  6.114  -87.917  -19.211 0.1000000015
3504  23.141  -83.866  -6.728 0.1000000015
9034  21.558  -75.325  -4.490 0.1000000015
119338  24.729  -84.528  -9.291 0.1000000015
139066  25.092  -84.159  -9.987 0.1000000015
706  -0.067  -89.816  -14.130 0.1000000015
2970  23.162  -84.984  -9.703 0.1000000015
3525  23.839  -84.316  -10.138 0.1000000015
468  0.337  -90.203  -13.700 0.1000000015
728  0.664  -88.764  -15.257 0.1000000015
2971  21.698  -84.959  -9.900 0.2000000030
3536  24.342  -83.616  -10.517 0.1000000015
3526  21.122  -84.148  -10.006 0.2000000030
3537  22.729  -83.570  -10.375 0.1000000015
477  0.537  -89.646  -14.511 0.1000000015
3527  20.299  -83.734  -9.999 0.2000000030
3528  19.440  -83.356  -10.046 0.2000000030
4785  16.378  -81.089  -14.421 0.2000000030
4815  16.975  -81.936  -16.862 0.2000000030
121222  17.910  -82.159  -10.234 0.2000000030
117506  18.854  -82.037  -10.188 0.2000000030
4223  17.210  -82.249  -15.534 0.2000000030
4164  15.370  -82.311  -11.491 0.2000000030
4163  16.094  -82.267  -10.862 0.2000000030
132430  17.317  -81.469  -10.431 0.2000000030
1594  6.069  -87.843  -20.107 0.1000000015
5461  22.634  -80.331  -15.059 0.1000000015
4135  22.547  -82.946  -7.082 0.1000000015
5368  21.783  -80.157  -6.707 0.1000000015
4732  22.338  -81.963  -7.354 0.1000000015
125316  21.375  -76.241  -5.514 0.1000000015
6745  21.253  -78.517  -6.523 0.1000000015
4740  22.084  -81.097  -7.718 0.1000000015
4739  23.117  -81.795  -8.402 0.1000000015
4142  24.935  -83.410  -8.988 0.1000000015
9859  21.601  -74.646  -3.968 0.1000000015
9876  21.335  -74.943  -5.427 0.1000000015
133377  21.023  -77.862  -6.542 0.1000000015
5390  22.412  -80.163  -8.855 0.1000000015
5377  22.796  -80.877  -8.639 0.1000000015
4738  24.647  -82.486  -9.025 0.1000000015
10692  21.530  -73.510  -2.910 0.1000000015
3524  25.261  -83.698  -9.627 0.1000000015
11509  21.940  -72.804  -1.888 0.1000000015
10703  21.733  -73.717  -3.716 0.1000000015
4156  25.528  -83.225  -10.296 0.1000000015
1099  1.294  -88.540  -15.557 0.1000000015
116925  24.610  -82.850  -10.966 0.1000000015
719  0.228  -89.171  -14.671 0.1000000015
3538  21.233  -83.415  -10.113 0.2000000030
4157  23.082  -82.880  -10.782 0.2000000030
4757  24.751  -82.150  -11.361 0.2000000030
4158  21.862  -82.863  -10.398 0.2000000030
4749  23.391  -82.108  -11.237 0.2000000030
4151  20.109  -82.977  -10.062 0.2000000030
128394  21.791  -82.069  -10.752 0.2000000030
5412  24.022  -81.300  -11.700 0.2000000030
4750  20.586  -81.862  -10.471 0.2000000030
5399  22.310  -81.257  -11.287 0.2000000030
130993  19.877  -81.460  -10.429 0.2000000030
118547  20.861  -81.145  -10.779 0.2000000030
5400  21.424  -80.494  -11.323 0.2000000030
5415  16.948  -80.139  -11.081 0.2000000030
137457  16.897  -80.873  -10.698 0.2000000030
4752  18.170  -81.357  -10.309 0.2000000030
6075  18.337  -80.052  -10.735 0.2000000030
5403  17.638  -80.597  -10.574 0.2000000030
4751  19.047  -81.188  -10.346 0.2000000030
4197  18.576  -83.150  -13.750 0.1000000015
4198  17.844  -83.081  -13.899 0.2000000030
6129  24.572  -79.538  -15.350 0.1000000015
5460  23.381  -80.537  -15.046 0.1000000015
4236  17.539  -82.474  -17.232 0.2000000030
6049  20.939  -79.050  -7.701 0.1000000015
5378  21.780  -80.339  -8.118 0.1000000015
9066  20.890  -75.964  -6.578 0.1000000015
134050  20.719  -78.123  -7.683 0.1000000015
124151  21.558  -79.530  -8.599 0.1000000015
4745  24.169  -81.518  -9.164 0.1000000015
9898  21.117  -75.408  -6.031 0.1000000015
8263  20.671  -76.553  -7.183 0.1000000015
7477  20.568  -77.205  -7.857 0.1000000015
125552  21.934  -78.969  -9.178 0.1000000015
5389  23.864  -80.460  -9.423 0.1000000015
5388  25.411  -81.306  -9.831 0.1000000015
2100  0.413  -86.420  -16.445 0.1000000015
11533  21.973  -72.992  -3.424 0.1000000015
9875  21.545  -74.411  -4.914 0.1000000015
136556  21.348  -74.161  -5.774 0.1000000015
4743  26.043  -82.033  -10.161 0.1000000015
1562  0.181  -87.744  -15.511 0.1000000015
11496  23.019  -72.760  -1.130 0.1000000015
5398  26.029  -81.153  -10.611 0.2000000030
6072  26.076  -80.048  -11.007 0.1000000015
1089  0.404  -88.342  -15.296 0.1000000015
5401  19.786  -80.689  -10.662 0.2000000030
9083  20.826  -75.856  -7.446 0.1000000015
7476  20.967  -76.933  -8.699 0.1000000015
120529  22.877  -78.903  -9.519 0.1000000015
11548  22.039  -73.011  -4.242 0.1000000015
6759  22.138  -78.181  -9.297 0.1000000015
6059  24.351  -79.386  -9.879 0.1000000015
2602  -0.220  -85.881  -16.641 0.1000000015
2089  -0.513  -86.710  -15.552 0.1000000015
123122  19.596  -82.620  -13.780 0.1000000015
4222  17.626  -82.725  -16.290 0.2000000030
8276  21.378  -76.489  -8.844 0.1000000015
2073  -0.550  -87.256  -14.993 0.1000000015
2601  0.046  -85.619  -16.850 0.1000000015
118220  -0.582  -85.107  -16.971 0.1000000015
4782  20.260  -81.806  -14.167 0.1000000015
3613  17.978  -83.092  -17.167 0.2000000030
2586  0.357  -85.304  -16.720 0.1000000015
3587  -0.696  -83.726  -17.073 0.1000000015
3586  0.384  -83.684  -16.036 0.1000000015
131297  21.282  -81.811  -14.363 0.1000000015
4212  17.772  -83.150  -14.837 0.2000000030
3572  18.124  -83.581  -14.021 0.1000000015
4864  6.499  -81.366  -20.207 0.1000000015
4882  6.269  -81.558  -20.981 0.1000000015
4898  8.583  -81.336  -22.200 0.1000000015
119277  6.825  -81.439  -21.609 0.1000000015
2090  -1.138  -85.814  -15.611 0.1000000015
5468  -2.535  -80.336  -16.544 0.1000000015
123985  -0.411  -81.937  -16.668 0.1000000015
4811  -1.021  -81.116  -16.904 0.1000000015
4800  22.195  -81.469  -14.645 0.1000000015
3581  18.419  -83.841  -14.941 0.2000000030
5502  7.243  -80.814  -19.592 0.1000000015
5503  6.468  -81.092  -19.441 0.1000000015
4850  5.899  -81.352  -19.829 0.1000000015
4881  7.710  -81.248  -21.634 0.1000000015
4863  6.984  -81.297  -20.867 0.1000000015
4880  8.533  -81.095  -21.800 0.1000000015
5534  8.761  -80.630  -21.770 0.1000000015
4897  9.373  -81.145  -22.043 0.1000000015
4896  10.058  -81.337  -22.426 0.2000000030
5551  9.930  -80.488  -21.871 0.1000000015
5533  11.013  -80.493  -21.796 0.1000000015
3081  -1.410  -84.492  -16.888 0.1000000015
5475  -2.102  -80.928  -17.173 0.1000000015
116980  22.866  -81.061  -14.854 0.1000000015
6169  7.663  -80.317  -18.855 0.1000000015
6155  6.781  -79.986  -18.301 0.1000000015
6170  5.822  -79.663  -18.543 0.2000000030
6181  7.903  -80.349  -19.818 0.1000000015
5492  6.876  -80.625  -18.926 0.1000000015
5493  6.138  -80.509  -18.849 0.1000000015
5504  5.627  -80.998  -19.350 0.1000000015
6213  7.486  -79.919  -20.879 0.1000000015
131322  7.456  -80.704  -20.147 0.1000000015
131242  7.117  -81.127  -20.199 0.1000000015
5535  7.925  -80.779  -21.345 0.1000000015
6211  8.733  -79.820  -21.991 0.1000000015
6210  9.902  -79.313  -22.086 0.1000000015
3601  -1.519  -83.745  -17.140 0.1000000015
4219  -1.503  -82.828  -17.236 0.1000000015
5476  -3.085  -80.998  -17.043 0.1000000015
6141  -3.097  -80.001  -15.850 0.1000000015
6116  -3.695  -79.751  -14.686 0.1000000015
125670  7.303  -78.358  -17.449 0.2000000030
7585  7.082  -77.314  -17.161 0.2000000030
6851  8.687  -78.909  -17.625 0.2000000030
127237  6.451  -77.833  -17.544 0.2000000030
6854  5.943  -78.303  -17.909 0.2000000030
6154  7.718  -79.793  -18.030 0.2000000030
6853  7.082  -79.246  -17.749 0.2000000030
6869  6.261  -79.127  -18.035 0.2000000030
7602  5.247  -77.838  -18.227 0.2000000030
6885  7.940  -79.611  -20.246 0.1000000015
6180  8.386  -79.898  -19.375 0.1000000015
118082  7.751  -80.216  -20.493 0.1000000015
6228  6.846  -79.059  -21.261 0.1000000015
6212  7.810  -79.942  -21.432 0.1000000015
4812  -3.111  -81.685  -17.013 0.1000000015
5453  -3.454  -80.486  -15.480 0.1000000015
6108  -3.866  -79.635  -13.985 0.1000000015
136383  -4.454  -79.142  -13.417 0.1000000015
124134  8.146  -78.476  -17.347 0.2000000030
6850  9.426  -78.645  -17.696 0.2000000030
7584  7.902  -77.713  -17.059 0.2000000030
6167  8.830  -79.382  -18.684 0.1000000015
7603  4.457  -77.409  -18.599 0.2000000030
6884  8.496  -79.154  -19.740 0.1000000015
6900  7.386  -78.684  -20.457 0.1000000015
6901  6.882  -79.084  -20.863 0.1000000015
123148  -3.939  -79.658  -13.229 0.1000000015
119559  -4.697  -79.163  -12.631 0.1000000015
6109  -4.800  -78.605  -12.645 0.1000000015
6098  -5.170  -78.634  -12.011 0.1000000015
8362  9.890  -76.764  -16.334 0.2000000030
8363  8.951  -76.605  -16.474 0.2000000030
7570  10.281  -77.493  -16.785 0.2000000030
7572  8.450  -77.224  -16.694 0.2000000030
128355  7.702  -77.003  -16.839 0.2000000030
129026  10.448  -77.881  -17.406 0.2000000030
7583  8.837  -78.079  -17.115 0.2000000030
116728  6.192  -76.788  -17.440 0.2000000030
6868  9.611  -78.747  -18.319 0.2000000030
7586  5.769  -77.516  -17.761 0.2000000030
7587  5.193  -76.765  -17.997 0.2000000030
129390  4.318  -76.331  -18.671 0.2000000030
138312  4.014  -77.008  -18.840 0.2000000030
9199  10.460  -76.024  -16.146 0.2000000030
9201  8.578  -75.869  -16.614 0.2000000030
8374  7.176  -76.355  -17.116 0.2000000030
8375  6.416  -75.877  -17.530 0.2000000030
8390  5.185  -75.823  -18.203 0.2000000030
9198  11.514  -76.193  -16.166 0.2000000030
8364  8.094  -76.440  -16.721 0.2000000030
9216  7.094  -75.539  -17.411 0.2000000030
9230  6.674  -75.095  -17.804 0.2000000030
9217  5.942  -75.449  -17.972 0.2000000030
10062  6.421  -74.731  -18.435 0.2000000030
9231  5.647  -75.135  -18.670 0.2000000030
132234  8.671  -75.064  -16.766 0.2000000030
9202  7.861  -75.511  -17.029 0.2000000030
10037  10.150  -75.057  -16.180 0.2000000030
10039  8.135  -74.520  -17.292 0.2000000030
117059  7.426  -74.801  -17.597 0.2000000030
10054  7.703  -73.943  -17.797 0.2000000030
10055  7.008  -74.247  -18.083 0.2000000030
10018  9.962  -74.179  -16.030 0.2000000030
126561  8.765  -74.187  -16.901 0.2000000030
10879  9.298  -73.793  -16.386 0.2000000030
10053  8.285  -73.678  -17.358 0.2000000030
10881  8.291  -73.001  -17.172 0.2000000030
10886  7.846  -73.083  -17.807 0.2000000030
11678  7.478  -72.337  -17.859 0.2000000030
14128  6.649  -68.771  -16.002 0.2000000030
14912  5.686  -68.442  -16.062 0.2000000030
119931  5.488  -67.814  -15.310 0.1000000015
15710  4.583  -68.122  -15.124 0.1000000015
14127  7.591  -69.310  -15.808 0.1000000015
14899  6.165  -67.795  -15.437 0.1000000015
15699  4.841  -67.938  -14.653 0.1000000015
13284  9.588  -70.614  -14.606 0.1000000015
14126  8.351  -69.295  -15.491 0.2000000030
14117  8.004  -68.406  -15.377 0.1000000015
14898  7.081  -68.037  -15.483 0.1000000015
15708  5.737  -67.214  -14.868 0.1000000015
14104  4.427  -70.030  -13.828 0.2000000030
14116  9.823  -69.628  -14.622 0.1000000015
13285  9.002  -69.734  -15.108 0.1000000015
116224  9.327  -68.697  -14.932 0.1000000015
15695  8.612  -67.140  -13.914 0.1000000015
124300  8.560  -67.783  -14.828 0.1000000015
135629  7.819  -66.960  -13.988 0.1000000015
15696  6.827  -66.792  -14.141 0.1000000015
15681  6.424  -66.936  -13.530 0.1000000015
15697  6.014  -66.905  -14.301 0.1000000015
15663  6.225  -67.473  -13.125 0.2000000030
14876  5.053  -69.147  -13.635 0.2000000030
16231  8.231  -66.771  6.403 0.1000000015
130991  8.152  -66.016  6.265 0.1000000015
19589  -4.610  -63.342  -4.473 0.1000000015
130427  -4.611  -62.583  -4.524 0.1000000015
27642  3.242  -53.632  -4.522 0.1000000015
123252  2.906  -92.931  -15.278 0.1000000015
135021  4.550  -68.484  6.275 0.1000000015
16244  8.899  -66.436  5.861 0.1000000015
258  1.341  -91.552  -9.435 0.1000000015
151  2.870  -92.126  -10.571 0.1000000015
501  2.485  -90.989  -19.919 0.1000000015
502  2.521  -90.831  -20.347 0.1000000015
116218  2.588  -90.410  -21.366 0.1000000015
333  3.804  -91.138  -22.149 0.1000000015
5419  -2.582  -80.334  -12.675 0.1000000015
117586  17.730  -82.822  -10.256 0.2000000030
4753  15.753  -81.517  -11.270 0.2000000030
3513  24.737  -84.264  -8.867 0.1000000015
9232  4.856  -75.470  -18.895 0.2000000030
10887  7.408  -73.476  -18.408 0.2000000030
15683  5.042  -67.886  -14.011 0.2000000030
129616  9.223  -81.440  -22.651 0.2000000030
5505  4.839  -80.699  -19.564 0.1000000015
6871  4.775  -78.397  -18.709 0.2000000030
4865  5.693  -81.530  -20.446 0.1000000015
6870  5.502  -78.769  -18.384 0.2000000030
264  2.334  -91.772  -10.353 0.1000000015
494  3.037  -90.921  -18.952 0.1000000015
274  3.549  -91.855  -11.899 0.1000000015
455  3.345  -90.904  -12.406 0.1000000015
157  3.783  -92.655  -12.861 0.1000000015
175  3.529  -93.125  -13.653 0.1000000015
281  4.438  -91.689  -13.055 0.1000000015
189  4.263  -92.578  -15.465 0.1000000015
188  5.168  -92.021  -15.529 0.1000000015
298  5.118  -91.139  -16.915 0.1000000015
747  2.916  -89.907  -20.284 0.1000000015
754  3.116  -89.416  -20.696 0.1000000015
441  1.249  -90.764  -11.045 0.1000000015
735  5.769  -89.483  -17.824 0.1000000015
2504  25.006  -86.516  -9.219 0.1000000015
2969  24.750  -85.466  -9.034 0.1000000015
117231  24.446  -84.811  -9.543 0.1000000015
119687  22.242  -84.241  -10.055 0.1000000015
6039  21.532  -79.248  -6.589 0.1000000015
140036  20.649  -77.606  -7.282 0.1000000015
4744  25.474  -82.110  -9.575 0.1000000015
4149  25.867  -82.473  -10.377 0.1000000015
4748  25.639  -82.464  -10.916 0.2000000030
4159  20.845  -82.534  -10.272 0.2000000030
139579  19.430  -80.227  -10.789 0.2000000030
6751  21.111  -78.647  -8.719 0.1000000015
132450  6.868  -81.173  -19.839 0.1000000015
6195  7.512  -80.914  -20.720 0.1000000015
137496  10.031  -81.084  -21.998 0.1000000015
130359  10.655  -79.786  -21.761 0.1000000015
5532  11.898  -80.379  -21.830 0.1000000015
6168  8.249  -79.848  -18.524 0.2000000030
136637  6.583  -78.607  -17.701 0.2000000030
6153  8.471  -79.501  -17.983 0.2000000030
6152  9.092  -79.179  -18.042 0.2000000030
6227  7.564  -79.112  -21.879 0.1000000015
7571  9.364  -77.416  -16.642 0.2000000030
7618  8.304  -78.273  -19.861 0.1000000015
8376  5.714  -76.096  -17.732 0.2000000030
2392  17.109  -85.605  1.357 0.1000000015
2381  16.303  -86.204  1.492 0.1000000015
118259  16.174  -85.186  0.789 0.1000000015
2383  14.710  -86.019  1.062 0.1000000015
1885  14.447  -86.991  1.374 0.1000000015
116659  13.000  -83.995  0.317 0.1000000015
2869  18.086  -84.735  0.569 0.1000000015
2391  18.023  -85.337  1.314 0.1000000015
2404  19.798  -85.159  0.629 0.1000000015
2886  17.346  -84.224  0.106 0.1000000015
10017  10.723  -74.540  -15.761 0.1000000015
9183  10.983  -75.339  -15.931 0.1000000015
9899  -2.949  -74.413  -7.112 0.1000000015
126651  -4.436  -76.784  -6.723 0.1000000015
10015  12.786  -74.549  -15.353 0.1000000015
10866  11.400  -74.213  -15.273 0.1000000015
136705  11.370  -74.825  -15.625 0.1000000015
9180  13.095  -75.086  -15.849 0.1000000015
9197  12.509  -75.780  -16.139 0.1000000015
8358  13.847  -75.500  -17.002 0.1000000015
138810  12.240  -76.529  -16.632 0.1000000015
8360  11.651  -76.920  -16.732 0.1000000015
135461  11.176  -77.452  -17.285 0.1000000015
6849  10.129  -78.343  -17.823 0.1000000015
121133  -2.478  -73.607  -6.667 0.1000000015
10002  12.285  -74.032  -14.970 0.1000000015
10014  13.447  -74.363  -15.675 0.1000000015
10867  10.541  -73.724  -15.333 0.1000000015
10868  9.719  -73.435  -15.711 0.1000000015
10036  13.892  -74.208  -16.333 0.1000000015
10869  9.105  -73.027  -16.051 0.1000000015
9215  14.091  -75.516  -17.719 0.1000000015
8372  13.510  -76.033  -17.654 0.1000000015
7580  12.178  -76.910  -17.383 0.1000000015
8387  13.155  -76.305  -18.314 0.1000000015
8388  12.436  -76.826  -18.186 0.1000000015
8400  12.627  -76.465  -18.878 0.1000000015
7600  11.589  -77.426  -18.142 0.1000000015
7581  10.773  -77.942  -17.927 0.1000000015
6883  9.207  -78.775  -19.126 0.1000000015
13168  1.678  -70.577  -5.793 0.1000000015
12334  1.302  -71.342  -6.286 0.1000000015
10755  -3.407  -73.701  -7.089 0.1000000015
11572  0.383  -71.819  -6.534 0.1000000015
9054  -1.901  -74.752  -6.618 0.1000000015
11666  10.054  -73.098  -15.096 0.1000000015
10852  11.497  -73.470  -14.642 0.1000000015
11667  9.511  -72.747  -15.318 0.1000000015
10851  12.544  -73.290  -14.498 0.1000000015
7615  11.341  -77.294  -18.948 0.1000000015
7601  10.778  -77.836  -18.511 0.1000000015
7616  10.357  -77.462  -19.278 0.1000000015
6882  9.999  -78.235  -18.760 0.1000000015
10767  -3.822  -73.002  -7.106 0.1000000015
11588  -2.841  -72.871  -6.939 0.1000000015
11587  -1.725  -72.661  -6.583 0.1000000015
11657  11.970  -72.833  -13.937 0.1000000015
11642  10.896  -71.993  -13.781 0.1000000015
118926  11.089  -72.746  -14.089 0.1000000015
11658  10.087  -72.381  -14.533 0.1000000015
12429  9.335  -72.146  -15.055 0.1000000015
12437  8.422  -71.857  -15.851 0.1000000015
12438  7.822  -71.529  -16.517 0.1000000015
11599  -2.282  -71.968  -7.079 0.1000000015
12349  -1.264  -71.608  -7.070 0.1000000015
12406  11.680  -71.681  -13.439 0.1000000015
12419  10.196  -71.366  -14.179 0.1000000015
12431  8.279  -71.122  -15.684 0.1000000015
13296  7.683  -70.480  -16.102 0.1000000015
136100  9.450  -71.525  -14.739 0.1000000015
12420  8.866  -70.833  -15.106 0.1000000015
20399  4.917  -61.282  2.094 0.1000000015
21405  6.370  -60.164  1.670 0.1000000015
135325  5.016  -62.154  2.268 0.1000000015
18611  2.721  -63.438  2.499 0.1000000015
131882  1.661  -64.065  2.483 0.1000000015
18613  1.261  -63.327  2.197 0.1000000015
20401  3.231  -61.316  1.793 0.1000000015
19480  3.617  -62.388  2.309 0.1000000015
21380  5.427  -60.195  1.719 0.1000000015
20381  4.259  -61.920  2.210 0.1000000015
23260  6.202  -58.308  0.455 0.1000000015
22342  6.643  -59.092  1.188 0.1000000015
137870  2.413  -62.322  2.059 0.1000000015
19482  2.166  -62.950  2.324 0.1000000015
23277  7.459  -57.869  -0.262 0.1000000015
25076  7.775  -56.143  -2.650 0.1000000015
18614  0.317  -63.838  1.955 0.1000000015
133160  -0.420  -64.149  1.830 0.1000000015
17811  -0.902  -64.754  1.865 0.1000000015
21381  4.573  -60.460  1.756 0.1000000015
22320  4.856  -59.569  1.412 0.1000000015
130885  5.318  -58.357  0.192 0.1000000015
140433  5.837  -58.738  0.969 0.1000000015
23278  6.478  -57.778  -0.353 0.1000000015
24192  6.744  -57.232  -1.212 0.1000000015
18628  0.409  -63.089  1.802 0.1000000015
18629  -0.459  -63.296  1.612 0.1000000015
17812  -1.673  -64.578  1.500 0.1000000015
17076  -1.398  -65.358  1.646 0.1000000015
20402  2.275  -61.516  1.666 0.1000000015
19500  0.851  -62.465  1.752 0.1000000015
126530  5.103  -58.868  0.928 0.1000000015
22321  3.929  -59.714  1.337 0.1000000015
21382  3.596  -60.563  1.616 0.1000000015
23261  4.446  -58.404  0.111 0.1000000015
17813  -2.481  -64.290  1.050 0.1000000015
17097  -2.495  -64.817  0.496 0.1000000015
17126  -3.113  -65.511  -1.263 0.1000000015
138505  2.839  -60.756  1.520 0.1000000015
20404  0.373  -61.680  1.439 0.1000000015
126377  -0.021  -62.435  1.513 0.1000000015
23262  2.985  -57.978  -0.099 0.1000000015
27641  15.066  -52.793  -3.594 0.1000000015
18631  -2.573  -62.746  0.890 0.1000000015
18654  -3.219  -63.319  0.699 0.1000000015
21383  2.130  -60.446  1.252 0.1000000015
22322  2.931  -59.910  1.217 0.1000000015
9882  -1.295  -74.370  -6.096 0.1000000015
25107  11.022  -55.248  -3.860 0.1000000015
1884  15.386  -86.718  1.483 0.1000000015
2382  15.505  -85.818  1.122 0.1000000015
1894  13.708  -86.291  0.913 0.1000000015
11673  8.442  -72.512  -16.434 0.1000000015
13295  8.299  -70.161  -15.573 0.1000000015
2394  14.207  -85.360  0.590 0.1000000015
2395  13.373  -85.384  0.591 0.1000000015
126092  15.786  -80.850  -14.041 0.1000000015
5431  15.637  -80.751  -13.391 0.1000000015
124503  15.283  -81.319  -11.903 0.1000000015
4199  17.325  -81.586  -14.178 0.1000000015
5446  16.365  -80.685  -13.655 0.1000000015
5430  16.228  -80.411  -12.982 0.1000000015
5421  16.273  -80.314  -12.243 0.1000000015
5416  16.417  -80.338  -11.560 0.1000000015
120844  17.837  -81.219  -13.826 0.1000000015
5445  17.149  -80.890  -13.832 0.1000000015
6101  17.540  -79.427  -12.539 0.1000000015
6094  16.842  -79.829  -11.947 0.1000000015
6118  18.409  -79.502  -14.003 0.1000000015
5429  17.327  -79.744  -13.122 0.1000000015
6100  18.076  -79.088  -12.051 0.1000000015
6076  17.707  -79.845  -10.948 0.1000000015
6074  19.126  -79.779  -10.967 0.1000000015
129786  20.496  -80.446  -11.004 0.1000000015
5413  22.755  -80.500  -11.755 0.1000000015
6110  17.956  -79.357  -13.362 0.1000000015
6801  18.411  -78.831  -12.924 0.1000000015
6092  18.356  -79.405  -11.345 0.1000000015
123106  19.145  -79.218  -11.504 0.1000000015
6091  19.877  -79.501  -11.454 0.1000000015
6090  21.783  -79.824  -11.846 0.1000000015
5410  25.922  -80.962  -11.132 0.1000000015
118043  24.049  -80.411  -11.971 0.1000000015
6089  23.229  -79.756  -12.152 0.1000000015
6088  24.862  -79.774  -12.016 0.1000000015
133365  -2.116  -76.849  11.531 0.1000000015
8049  -1.806  -75.525  12.179 0.1000000015
8844  -0.898  -74.995  12.362 0.1000000015
8843  0.296  -75.255  12.141 0.1000000015
8856  -2.072  -74.879  11.594 0.1000000015
8871  -2.350  -74.966  10.829 0.1000000015
8842  1.344  -75.339  11.604 0.1000000015
9691  -0.313  -74.728  11.846 0.1000000015
9707  -1.635  -73.989  11.050 0.1000000015
8857  -2.389  -74.310  10.841 0.1000000015
128496  -2.819  -74.325  10.088 0.1000000015
8841  2.079  -75.770  11.369 0.1000000015
9706  0.286  -74.606  11.112 0.1000000015
9705  1.474  -74.859  10.985 0.1000000015
9723  -0.324  -74.166  10.555 0.1000000015
9704  2.602  -74.903  10.633 0.1000000015
9722  0.861  -74.365  10.297 0.1000000015
10549  0.305  -73.933  9.660 0.1000000015
9720  3.270  -74.388  10.217 0.1000000015
9721  2.078  -74.299  10.139 0.1000000015
10547  2.872  -73.928  9.558 0.1000000015
10565  0.958  -73.839  8.777 0.1000000015
10566  -0.099  -73.647  8.971 0.1000000015
123011  3.385  -73.552  8.924 0.1000000015
10564  2.511  -73.712  8.567 0.1000000015
10583  1.031  -73.517  7.845 0.1000000015
133825  2.963  -73.462  8.051 0.1000000015
128378  2.163  -73.481  7.605 0.1000000015
11416  3.741  -72.713  7.202 0.1000000015
10602  2.325  -73.044  6.711 0.1000000015
129359  0.964  -72.837  6.475 0.1000000015
11417  3.044  -72.762  6.463 0.1000000015
14802  7.690  -68.872  -8.882 0.1000000015
14035  9.052  -69.581  -9.189 0.1000000015
11433  1.694  -72.764  6.179 0.1000000015
11431  3.656  -72.247  6.311 0.1000000015
17203  3.784  -65.176  -8.903 0.1000000015
16442  6.859  -67.109  -8.387 0.1000000015
15595  6.316  -67.409  -8.764 0.1000000015
15596  5.711  -67.229  -9.025 0.1000000015
135991  9.076  -67.433  -8.062 0.1000000015
15594  7.642  -67.830  -8.498 0.1000000015
14803  6.878  -68.032  -8.809 0.1000000015
117145  4.793  -66.375  -9.109 0.1000000015
15580  9.828  -67.938  -7.685 0.1000000015
14801  8.406  -68.539  -8.434 0.1000000015
14034  9.811  -69.383  -8.855 0.1000000015
14041  9.617  -69.599  -9.728 0.1000000015
14042  8.823  -69.968  -10.111 0.1000000015
14055  8.831  -70.038  -10.926 0.1000000015
11432  2.912  -72.308  5.704 0.1000000015
12177  3.493  -71.548  5.619 0.1000000015
116403  4.068  -64.964  -8.013 0.1000000015
17924  3.662  -64.341  -7.424 0.1000000015
17201  4.853  -66.043  -8.489 0.1000000015
17192  4.979  -65.504  -7.712 0.1000000015
119413  5.996  -66.843  -8.387 0.1000000015
15593  8.407  -67.589  -8.280 0.1000000015
15579  10.739  -67.996  -7.417 0.1000000015
14798  11.603  -68.626  -8.498 0.1000000015
14790  11.185  -68.491  -7.816 0.1000000015
14799  10.665  -69.018  -8.524 0.1000000015
14033  10.408  -69.336  -9.516 0.1000000015
14054  9.422  -69.634  -10.439 0.1000000015
14070  9.289  -69.372  -11.010 0.1000000015
14071  8.608  -69.464  -11.379 0.1000000015
14086  7.040  -69.474  -12.293 0.1000000015
16425  7.191  -66.407  -8.184 0.1000000015
16427  5.586  -66.205  -8.033 0.1000000015
17909  4.280  -64.062  -6.525 0.1000000015
16424  10.102  -66.170  -7.832 0.1000000015
16439  9.520  -66.821  -7.962 0.1000000015
16440  8.607  -66.596  -8.371 0.1000000015
17176  12.308  -65.723  -6.870 0.1000000015
16423  10.941  -66.414  -7.348 0.1000000015
120835  10.380  -67.117  -7.530 0.1000000015
15569  12.553  -67.211  -6.719 0.1000000015
128483  11.475  -68.075  -7.295 0.1000000015
15568  13.236  -67.171  -6.769 0.1000000015
14788  12.932  -67.996  -7.821 0.1000000015
14814  11.222  -68.929  -9.409 0.1000000015
14829  9.964  -69.099  -10.620 0.1000000015
14087  6.424  -69.745  -12.737 0.1000000015
17191  6.061  -65.702  -7.423 0.1000000015
17922  5.609  -64.938  -7.035 0.1000000015
17908  5.266  -64.174  -6.583 0.1000000015
17198  9.244  -65.795  -8.355 0.1000000015
17199  8.389  -65.746  -8.547 0.1000000015
17190  7.064  -65.655  -7.879 0.1000000015
17186  12.631  -65.028  -6.978 0.1000000015
17188  10.637  -65.549  -7.642 0.1000000015
17932  9.556  -64.891  -8.387 0.1000000015
128303  13.260  -65.646  -6.722 0.1000000015
16412  12.833  -66.525  -6.642 0.1000000015
17921  6.636  -64.864  -7.353 0.1000000015
17934  7.810  -65.307  -8.465 0.1000000015
18741  7.099  -63.846  -7.475 0.1000000015
129336  11.047  -64.973  -7.560 0.1000000015
17919  10.370  -64.831  -7.938 0.1000000015
17933  8.562  -64.976  -8.706 0.1000000015
118402  7.915  -64.514  -8.718 0.1000000015
17920  7.417  -64.718  -8.018 0.1000000015
17916  14.930  -64.479  -7.160 0.1000000015
17931  10.055  -64.189  -8.391 0.1000000015
19624  7.017  -62.830  -7.166 0.1000000015
17917  12.587  -64.320  -7.298 0.1000000015
18758  8.013  -63.751  -9.087 0.1000000015
18740  7.616  -63.921  -8.405 0.1000000015
19623  7.408  -63.154  -8.050 0.1000000015
17185  13.253  -64.763  -7.013 0.1000000015
18757  8.749  -63.703  -9.163 0.1000000015
18738  11.934  -63.854  -7.610 0.1000000015
18755  10.572  -63.457  -8.494 0.1000000015
19646  7.527  -62.735  -8.807 0.1000000015
18736  14.101  -63.656  -7.350 0.1000000015
18737  12.664  -63.564  -7.551 0.1000000015
18754  11.454  -63.283  -8.084 0.1000000015
18756  9.649  -63.598  -8.911 0.1000000015
18774  8.391  -63.167  -9.477 0.1000000015
19663  8.829  -62.587  -9.795 0.1000000015
19664  8.162  -62.544  -9.683 0.1000000015
122748  15.973  -61.997  -7.556 0.1000000015
19620  14.455  -62.858  -7.520 0.1000000015
19621  13.634  -62.858  -7.611 0.1000000015
19643  11.997  -62.496  -8.251 0.1000000015
19645  10.160  -62.900  -9.131 0.1000000015
19619  15.481  -62.670  -7.468 0.1000000015
133370  9.125  -62.166  -10.009 0.1000000015
21516  15.926  -61.302  -7.848 0.1000000015
20533  14.508  -62.054  -7.749 0.1000000015
20555  13.651  -61.684  -8.105 0.1000000015
20556  12.209  -61.746  -8.573 0.1000000015
19662  9.664  -62.310  -9.702 0.1000000015
20552  18.112  -61.116  -8.159 0.1000000015
20531  16.669  -61.771  -7.627 0.1000000015
20599  8.149  -61.474  -10.538 0.1000000015
19501  -0.945  -62.327  1.210 0.1000000015
20424  0.741  -60.954  1.273 0.1000000015
135868  15.883  -60.692  -8.229 0.1000000015
20554  14.486  -61.257  -8.144 0.1000000015
21539  13.789  -60.832  -8.589 0.1000000015
20578  11.090  -61.356  -9.402 0.1000000015
20598  9.255  -61.107  -10.622 0.1000000015
21560  11.508  -60.624  -9.581 0.1000000015
20597  9.923  -60.976  -10.364 0.1000000015
21575  8.593  -60.928  -10.960 0.1000000015
21594  5.811  -60.714  -12.157 0.1000000015
21627  4.745  -60.814  -12.876 0.1000000015
22467  14.001  -60.093  -9.004 0.1000000015
21540  12.839  -61.163  -8.655 0.1000000015
20577  11.916  -61.201  -9.024 0.1000000015
21558  13.213  -60.313  -9.065 0.1000000015
22496  11.889  -59.896  -9.834 0.1000000015
21574  9.454  -60.405  -10.765 0.1000000015
21593  7.095  -60.708  -11.576 0.1000000015
22533  6.617  -60.314  -12.082 0.1000000015
22466  14.737  -59.766  -9.003 0.1000000015
140269  15.943  -59.704  -8.838 0.1000000015
22493  14.137  -59.371  -9.374 0.1000000015
21573  10.321  -60.260  -10.454 0.1000000015
138407  9.299  -59.810  -10.894 0.1000000015
22531  8.226  -59.540  -11.471 0.1000000015
22532  7.448  -59.910  -11.893 0.1000000015
21628  4.173  -60.793  -13.266 0.1000000015
22567  3.084  -60.246  -14.253 0.1000000015
125528  5.545  -59.726  -13.108 0.1000000015
23476  4.433  -59.495  -14.366 0.1000000015
22565  4.743  -60.163  -13.465 0.1000000015
23475  5.296  -58.924  -13.603 0.1000000015
23445  7.631  -58.823  -11.793 0.1000000015
23491  3.562  -59.000  -15.345 0.1000000015
23490  4.131  -58.905  -15.206 0.1000000015
23274  17.187  -58.343  0.455 0.1000000015
23504  3.265  -58.396  -15.947 0.1000000015
139225  3.593  -57.905  -16.483 0.1000000015
24397  3.092  -57.748  -16.338 0.1000000015
24395  4.928  -57.280  -16.224 0.1000000015
23273  17.678  -58.175  -0.019 0.1000000015
23256  16.676  -57.687  1.090 0.1000000015
30398  14.748  -49.763  -7.094 0.1000000015
116490  3.839  -56.217  -16.966 0.1000000015
26105  3.120  -55.934  -16.319 0.1000000015
26103  4.758  -55.914  -16.900 0.1000000015
27771  4.875  -54.378  -12.253 0.1000000015
26929  3.823  -54.476  -13.445 0.1000000015
31238  14.668  -49.436  -7.511 0.1000000015
31239  14.069  -49.518  -7.564 0.1000000015
26102  5.570  -55.536  -16.396 0.1000000015
26104  4.278  -55.271  -16.654 0.1000000015
127909  3.531  -55.294  -16.303 0.1000000015
127965  6.325  -55.155  -15.807 0.1000000015
26117  5.937  -54.704  -16.307 0.1000000015
26949  3.961  -54.522  -16.060 0.1000000015
27803  3.941  -53.962  -15.281 0.1000000015
27786  3.952  -53.764  -14.074 0.1000000015
26948  4.561  -54.525  -16.327 0.1000000015
26946  7.140  -53.954  -15.562 0.1000000015
26962  5.728  -54.283  -16.373 0.1000000015
27802  4.507  -53.717  -15.780 0.1000000015
28714  4.129  -53.088  -14.291 0.1000000015
27784  5.206  -53.177  -13.317 0.1000000015
28742  6.070  -52.849  -16.235 0.1000000015
29626  4.875  -51.728  -15.024 0.1000000015
29609  4.684  -51.783  -14.357 0.1000000015
29624  6.481  -51.245  -16.166 0.1000000015
29616  5.085  -50.895  -14.831 0.1000000015
29607  5.892  -51.593  -13.418 0.1000000015
17935  3.272  -64.355  -8.553 0.1000000015
30397  15.446  -50.259  -6.974 0.1000000015
8061  -1.800  -76.089  10.224 0.1000000015
119848  -2.010  -75.837  11.475 0.1000000015
24188  17.755  -57.559  -0.110 0.1000000015
28701  6.119  -52.770  -12.765 0.1000000015
9708  -2.373  -74.094  10.843 0.1000000015
116652  -0.931  -73.717  9.965 0.1000000015
18724  6.616  -63.369  -6.843 0.1000000015
19665  7.711  -62.342  -9.437 0.1000000015
21592  7.999  -60.484  -11.476 0.1000000015
30495  5.788  -50.455  -15.481 0.1000000015
135280  4.849  -50.609  -14.260 0.1000000015
138245  7.199  -51.177  -16.272 0.1000000015
27785  4.580  -54.042  -13.249 0.1000000015
5428  17.710  -80.239  -13.660 0.1000000015
124827  16.909  -80.286  -13.295 0.1000000015
5420  16.823  -79.931  -12.674 0.1000000015
124824  -1.981  -76.433  12.478 0.1000000015
8845  -1.659  -75.061  12.157 0.1000000015
9692  -1.356  -74.534  11.812 0.1000000015
16426  6.452  -66.350  -7.943 0.1000000015
17923  4.590  -64.721  -7.158 0.1000000015
17200  7.796  -66.109  -8.404 0.1000000015
17187  11.438  -65.680  -7.238 0.1000000015
130870  13.283  -63.355  -7.517 0.1000000015
18773  9.235  -63.095  -9.452 0.1000000015
19644  11.059  -62.688  -8.673 0.1000000015
19622  12.822  -62.785  -7.769 0.1000000015
20557  11.485  -61.919  -8.840 0.1000000015
135668  12.804  -62.009  -8.177 0.1000000015
20579  10.244  -61.529  -9.820 0.1000000015
21535  17.451  -60.797  -8.141 0.1000000015
21538  14.601  -60.496  -8.575 0.1000000015
22497  11.103  -60.103  -10.154 0.1000000015
22549  6.094  -59.973  -12.619 0.1000000015
24389  4.498  -58.055  -15.641 0.1000000015
25242  4.495  -56.860  -17.025 0.1000000015
25241  5.263  -56.420  -16.472 0.1000000015
120172  17.175  -57.853  0.619 0.1000000015
27795  3.804  -53.823  -14.524 0.1000000015
25240  5.993  -55.990  -15.594 0.1000000015
26118  5.135  -54.936  -16.542 0.1000000015
26947  6.576  -54.336  -15.945 0.1000000015
27794  4.216  -53.216  -14.837 0.1000000015
28713  4.375  -52.746  -14.008 0.1000000015
27813  5.880  -53.634  -16.323 0.1000000015
27812  6.537  -53.319  -16.271 0.1000000015
27801  5.267  -53.174  -16.003 0.1000000015
28730  4.732  -52.667  -15.293 0.1000000015
28721  4.439  -52.253  -14.430 0.1000000015
28712  5.072  -52.116  -13.762 0.1000000015
29635  6.264  -52.045  -16.181 0.1000000015
28729  5.390  -52.257  -15.834 0.1000000015
28741  6.802  -52.602  -16.280 0.1000000015
29625  5.563  -51.395  -15.702 0.1000000015
29617  4.670  -51.289  -14.356 0.1000000015
29608  4.913  -51.026  -14.146 0.1000000015
1  4.103  -94.239  -13.095 0.4000000060
13  2.059  -93.420  -16.094 0.2000000030
18  2.605  -93.986  -16.301 0.3000000119
20  7.401  -94.264  -17.517 0.5000000000
21  6.433  -94.427  -17.463 0.5000000000
24  2.863  -94.052  -17.057 0.2000000030
28  3.147  -92.864  -5.578 0.6999999881
29  2.760  -92.762  -5.719 0.6999999881
30  2.349  -92.441  -5.690 0.6999999881
33  3.241  -93.140  -6.695 0.6999999881
37  2.923  -93.285  -7.802 0.8000000119
38  2.123  -93.258  -8.029 0.5000000000
39  1.680  -93.017  -8.101 0.5000000000
46  2.890  -93.257  -10.092 0.3000000119
64  6.913  -94.083  -15.346 0.5000000000
65  3.067  -94.099  -14.593 0.2000000030
70  1.768  -93.032  -17.164 0.2000000030
76  1.960  -93.224  -17.331 0.2000000030
82  3.173  -93.635  -18.471 0.2000000030
86  4.570  -93.570  -19.202 0.3000000119
88  2.113  -92.751  -18.574 0.2000000030
97  1.840  -91.996  -5.610 0.6999999881
104  4.160  -92.892  -5.712 0.8999999762
105  3.494  -93.032  -5.712 0.6999999881
108  11.455  -92.126  -7.847 1.0000000000
112  7.826  -92.546  -7.007 0.8999999762
115  1.065  -91.862  -7.005 0.4000000060
118  9.576  -92.440  -8.597 0.8999999762
132  1.951  -92.870  -9.512 0.2000000030
135  11.185  -92.151  -10.832 0.8999999762
137  9.450  -92.487  -10.201 0.8999999762
149  5.892  -93.018  -11.091 0.6999999881
152  10.629  -92.436  -12.250 0.8999999762
156  7.321  -92.271  -12.398 0.8000000119
172  8.819  -92.576  -14.611 0.6000000238
178  12.059  -92.775  -15.671 0.8999999762
202  1.966  -92.558  -17.661 0.2000000030
203  2.044  -92.388  -18.500 0.2000000030
205  5.325  -92.872  -19.813 0.4000000060
209  2.455  -91.958  -19.771 0.2000000030
214  2.669  -91.947  -20.364 0.2000000030
216  7.510  -92.716  -22.092 0.5000000000
224  4.906  -92.359  -22.223 0.1000000015
237  2.181  -92.004  -5.368 0.8000000119
238  0.449  -90.524  -5.989 0.6000000238
242  3.788  -91.707  -5.525 0.8999999762
243  0.534  -90.978  -6.449 0.5000000000
249  -0.097  -90.487  -7.125 0.5000000000
251  13.845  -91.469  -8.858 0.8999999762
252  12.984  -91.841  -8.821 0.8999999762
269  2.745  -91.475  -10.960 0.1000000015
276  15.682  -91.316  -14.104 0.8000000119
282  15.559  -91.223  -14.804 0.8999999762
289  5.718  -91.551  -14.979 0.1000000015
291  12.109  -91.691  -16.644 1.0000000000
299  2.076  -92.276  -17.533 0.1000000015
303  6.552  -91.951  -18.897 0.5000000000
312  2.608  -91.360  -20.713 0.2000000030
322  3.343  -91.593  -21.620 0.1000000015
323  2.664  -91.091  -21.221 0.1000000015
327  10.705  -92.325  -22.418 0.5000000000
330  6.182  -92.458  -22.661 0.5000000000
336  13.255  -91.501  -23.260 0.6000000238
338  11.134  -92.227  -23.003 0.5000000000
341  8.583  -92.360  -23.195 0.5000000000
352  2.687  -90.404  7.228 0.1000000015
361  10.597  -90.161  2.171 0.3000000119
363  14.509  -90.345  1.257 0.3000000119
365  12.346  -90.377  1.302 0.3000000119
378  14.094  -90.706  -0.820 0.5000000000
380  15.828  -90.298  -1.820 0.5000000000
388  15.340  -90.873  -3.459 0.5000000000
394  7.941  -90.297  -4.134 1.0000000000
404  2.032  -91.429  -5.315 0.8000000119
406  0.800  -90.580  -5.620 0.6000000238
412  6.387  -90.170  -5.411 0.8999999762
418  0.218  -90.078  -5.903 0.6999999881
427  -0.663  -89.995  -7.052 0.2000000030
430  13.154  -90.938  -7.874 0.8999999762
432  -1.083  -89.757  -7.753 0.5000000000
439  13.476  -90.797  -10.425 0.8999999762
448  17.229  -90.017  -13.901 0.8000000119
450  16.014  -90.345  -13.090 0.6999999881
469  -0.429  -89.953  -13.346 0.1000000015
471  16.628  -90.242  -14.876 0.8999999762
475  1.808  -90.011  -14.334 0.1000000015
480  13.937  -91.323  -15.694 0.8999999762
483  6.566  -90.314  -15.979 0.1000000015
490  8.352  -90.272  -18.998 0.8000000119
495  2.411  -91.357  -19.187 0.1000000015
498  7.038  -90.808  -19.613 0.5000000000
503  15.285  -90.997  -19.976 0.6000000238
508  16.283  -90.707  -21.365 0.6999999881
511  13.870  -91.409  -20.733 0.6000000238
514  11.039  -91.641  -21.578 0.8000000119
523  15.873  -90.980  -23.061 0.8000000119
524  12.631  -91.455  -23.582 0.6999999881
530  6.640  -90.901  -23.404 0.3000000119
535  16.050  -90.617  -23.983 0.8000000119
560  4.397  -90.053  8.468 0.1000000015
563  1.868  -89.175  7.631 0.1000000015
566  1.965  -89.932  7.336 0.1000000015
579  2.246  -90.022  2.898 0.1000000015
580  1.648  -89.555  3.625 0.1000000015
582  15.234  -89.284  2.394 0.3000000119
583  14.567  -89.350  2.397 0.3000000119
585  11.850  -89.577  2.324 0.1000000015
586  10.969  -89.562  2.503 0.3000000119
591  6.527  -89.678  1.498 0.1000000015
593  2.831  -90.242  1.508 0.1000000015
601  5.548  -89.761  0.847 0.1000000015
606  11.019  -89.722  0.272 0.3000000119
607  10.326  -90.132  0.417 0.3000000119
608  9.605  -90.176  0.347 0.2000000030
620  7.539  -89.296  -0.323 0.2000000030
624  17.288  -89.429  -2.846 0.5000000000
625  17.134  -89.835  -2.522 0.5000000000
628  17.129  -90.046  -3.212 0.5000000000
629  13.725  -90.373  -3.368 0.5000000000
630  17.377  -89.838  -4.634 0.5000000000
634  17.426  -90.029  -5.527 0.5000000000
635  17.279  -90.073  -6.234 0.6000000238
636  14.177  -90.461  -5.599 0.5000000000
645  13.242  -89.416  -6.558 0.6000000238
647  9.620  -89.307  -6.234 0.8000000119
651  1.946  -89.783  -5.849 0.6999999881
653  0.143  -89.738  -6.053 0.6999999881
665  0.475  -89.289  -6.722 0.6999999881
668  -1.074  -89.139  -7.874 0.3000000119
670  21.142  -89.313  -10.357 0.4000000060
680  -1.816  -89.128  -10.004 0.2000000030
688  12.834  -89.047  -11.368 0.8999999762
690  19.352  -89.208  -13.066 0.6000000238
708  -1.291  -88.667  -12.799 0.3000000119
711  17.073  -89.662  -15.022 0.6999999881
716  3.075  -89.323  -14.850 0.1000000015
722  14.269  -90.545  -15.850 0.8000000119
739  5.264  -89.166  -18.568 0.1000000015
741  15.284  -89.526  -19.531 0.6000000238
749  15.639  -90.392  -19.977 0.6000000238
755  2.525  -89.718  -20.949 0.1000000015
762  2.719  -89.423  -21.577 0.1000000015
771  18.644  -89.880  -23.354 0.6999999881
793  7.772  -89.501  -24.517 0.3000000119
806  7.901  -89.325  -25.735 0.1000000015
811  21.380  -89.235  -26.367 0.3000000119
814  17.044  -89.553  -26.160 0.8000000119
823  18.832  -89.270  -27.941 0.6000000238
825  9.397  -89.091  -27.496 0.2000000030
829  5.379  -88.535  -26.924 0.1000000015
830  19.645  -89.356  -28.264 0.5000000000
833  8.935  -88.607  -27.986 0.2000000030
883  7.341  -88.186  12.352 0.1000000015
902  8.190  -88.722  10.848 0.1000000015
903  4.290  -88.753  10.772 0.1000000015
928  1.055  -88.108  6.228 0.1000000015
946  12.582  -88.893  2.445 0.2000000030
948  10.412  -89.134  2.735 0.1000000015
954  17.745  -88.425  2.064 0.4000000060
955  16.942  -88.822  2.320 0.3000000119
959  18.942  -87.589  1.684 0.3000000119
963  5.281  -89.337  0.116 0.1000000015
972  5.906  -88.711  -0.279 0.1000000015
978  0.890  -88.164  -2.578 0.6999999881
982  0.190  -88.176  -2.384 0.6999999881
987  8.457  -88.655  -3.986 0.8999999762
988  7.934  -88.747  -3.840 0.8999999762
993  8.604  -87.939  -4.309 0.8999999762
999  7.037  -88.056  -5.416 1.0000000000
1006  11.360  -88.039  -7.518 0.8000000119
1026  -0.787  -88.663  -8.083 0.5000000000
1029  21.282  -89.251  -9.619 0.6000000238
1032  17.924  -88.438  -10.386 0.8000000119
1041  21.681  -89.010  -10.629 0.4000000060
1042  21.227  -89.147  -11.059 0.4000000060
1047  13.553  -87.883  -10.587 0.8999999762
1048  -1.616  -88.262  -9.706 0.3000000119
1051  18.604  -89.355  -11.610 0.6999999881
1056  20.448  -88.708  -12.270 0.4000000060
1059  -1.936  -87.887  -12.454 0.3000000119
1060  18.968  -88.918  -13.809 0.5000000000
1067  18.393  -88.724  -14.226 0.5000000000
1069  17.353  -88.915  -14.986 0.5000000000
1075  23.197  -88.219  -15.932 0.1000000015
1088  0.923  -88.560  -15.477 0.1000000015
1091  22.396  -88.433  -16.268 0.1000000015
1092  21.685  -88.434  -16.254 0.1000000015
1093  21.060  -88.453  -16.828 0.1000000015
1107  22.435  -88.325  -17.944 0.1000000015
1109  20.770  -88.351  -18.649 0.2000000030
1111  6.254  -88.212  -18.382 0.1000000015
1115  20.439  -88.160  -19.351 0.2000000030
1118  10.338  -88.174  -20.086 0.8999999762
1128  5.435  -88.226  -20.589 0.1000000015
1129  3.822  -88.977  -20.805 0.1000000015
1140  20.928  -88.972  -22.562 0.5000000000
1164  11.640  -88.433  -24.161 0.5000000000
1165  10.898  -88.510  -24.120 0.5000000000
1189  18.293  -88.959  -28.473 0.6000000238
1190  17.779  -88.812  -28.034 0.8000000119
1191  17.446  -88.481  -28.282 0.8999999762
1198  20.064  -89.275  -28.899 0.6000000238
1202  12.516  -88.074  -29.088 0.3000000119
1209  5.343  -87.632  -28.064 0.1000000015
1213  11.743  -88.124  -29.187 0.3000000119
1214  10.654  -88.173  -28.751 0.2000000030
1216  7.784  -87.797  -29.040 0.1000000015
1276  9.984  -87.942  13.988 0.1000000015
1286  10.325  -87.874  12.453 0.1000000015
1346  1.030  -88.120  4.186 0.1000000015
1348  7.639  -87.505  3.345 0.2000000030
1357  15.882  -88.136  2.331 0.3000000119
1364  2.753  -88.883  1.510 0.1000000015
1375  20.442  -87.396  0.904 0.3000000119
1379  4.599  -88.070  0.368 0.1000000015
1381  21.031  -87.516  0.416 0.3000000119
1391  0.017  -88.017  -0.377 0.6999999881
1392  -0.687  -87.863  -0.393 0.6999999881
1393  -1.139  -87.471  -0.819 0.6999999881
1403  1.255  -87.993  -1.885 0.6999999881
1404  0.552  -88.076  -1.261 0.6999999881
1407  23.080  -87.940  -2.029 0.2000000030
1409  21.099  -87.702  -1.314 0.4000000060
1412  2.082  -87.999  -2.863 0.8000000119
1414  -0.592  -87.788  -2.257 0.6999999881
1416  24.043  -87.957  -3.086 0.3000000119
1423  -0.286  -87.897  -2.865 0.6999999881
1425  24.154  -87.595  -3.940 0.2000000030
1436  24.877  -87.101  -4.387 0.3000000119
1439  17.003  -86.968  -5.272 0.6000000238
1442  25.283  -87.173  -7.044 0.3000000119
1449  10.013  -86.683  -5.928 0.8000000119
1463  10.331  -87.235  -7.011 0.8000000119
1475  14.572  -86.588  -9.194 0.8000000119
1477  6.353  -87.093  -8.331 1.0000000000
1478  5.667  -87.239  -8.366 1.0000000000
1491  3.612  -86.720  -9.658 1.0000000000
1494  -0.058  -87.909  -9.511 0.4000000060
1495  -1.106  -87.753  -9.529 0.4000000060
1496  21.889  -88.373  -10.753 0.3000000119
1500  14.352  -86.882  -10.636 0.8000000119
1511  14.472  -87.425  -11.337 0.8000000119
1520  1.580  -87.074  -12.427 0.8000000119
1526  23.417  -87.850  -13.767 0.1000000015
1534  0.423  -86.544  -12.924 0.8000000119
1537  24.594  -88.236  -14.007 0.1000000015
1538  23.746  -88.230  -14.151 0.1000000015
1551  22.897  -88.188  -14.781 0.1000000015
1557  12.972  -87.561  -16.217 0.6000000238
1564  21.312  -88.208  -15.889 0.1000000015
1570  0.779  -87.923  -15.636 0.1000000015
1571  23.342  -87.857  -17.453 0.1000000015
1573  19.728  -87.697  -17.789 0.2000000030
1574  11.393  -87.192  -17.689 0.8000000119
1595  24.365  -87.131  -19.775 0.2000000030
1614  16.239  -87.419  -21.960 0.5000000000
1638  23.769  -87.742  -24.579 0.2000000030
1640  13.048  -87.854  -24.781 0.6000000238
1646  23.242  -87.870  -25.298 0.3000000119
1649  14.596  -87.822  -25.668 0.6000000238
1655  21.502  -88.562  -27.268 0.2000000030
1659  13.527  -87.381  -26.406 0.4000000060
1660  12.016  -87.830  -26.167 0.3000000119
1673  16.867  -87.695  -28.542 1.0000000000
1681  20.987  -88.296  -29.385 0.3000000119
1686  15.685  -86.810  -29.570 1.0000000000
1688  13.194  -87.682  -29.250 0.4000000060
1700  16.815  -86.866  -30.657 0.8999999762
1707  20.700  -87.615  -30.945 0.6999999881
1712  14.729  -86.600  -30.963 0.6000000238
1714  13.196  -86.653  -31.129 0.5000000000
1717  18.196  -86.641  -31.929 0.8999999762
1720  15.623  -86.466  -31.981 0.6000000238
1722  13.407  -86.589  -31.931 0.3000000119
1723  12.798  -86.496  -31.532 0.3000000119
1864  6.098  -86.216  4.039 0.1000000015
1868  1.222  -87.008  4.726 0.2000000030
1869  7.955  -86.777  3.357 0.1000000015
1874  18.094  -87.246  2.336 0.2000000030
1882  17.663  -86.804  2.219 0.2000000030
1883  16.830  -86.926  2.079 0.2000000030
1899  -1.715  -87.145  0.810 0.6999999881
1913  13.400  -86.676  -1.805 0.4000000060
1919  0.734  -87.515  -0.876 0.6999999881
1934  24.980  -86.890  -3.397 0.2000000030
1935  24.419  -87.345  -2.775 0.1000000015
1939  14.387  -86.335  -3.806 0.5000000000
1941  2.868  -87.057  -3.749 0.8000000119
1942  -1.397  -86.745  -3.514 0.6999999881
1950  3.749  -86.722  -4.057 0.6999999881
1964  -0.917  -87.142  -5.264 0.8999999762
1976  9.524  -86.315  -5.539 0.8000000119
1978  8.058  -86.705  -6.357 1.0000000000
1979  1.094  -86.219  -6.278 0.8000000119
1983  -3.144  -86.181  -6.908 0.8999999762
1985  18.443  -85.906  -7.458 0.6999999881
1994  -1.441  -86.679  -6.983 0.8999999762
1995  -2.479  -86.590  -6.965 0.8999999762
1996  25.750  -87.342  -8.733 0.1000000015
2000  16.045  -85.484  -8.981 0.8000000119
2004  6.745  -86.567  -8.945 1.0000000000
2007  24.654  -87.554  -9.434 0.2000000030
2013  15.558  -85.863  -9.524 0.8000000119
2019  20.005  -86.399  -10.980 0.4000000060
2024  2.943  -86.857  -11.117 1.0000000000
2031  2.746  -86.243  -11.780 1.0000000000
2034  19.522  -87.492  -12.428 0.4000000060
2036  17.843  -86.700  -12.778 0.4000000060
2038  2.036  -86.378  -12.416 0.8999999762
2039  1.246  -86.500  -12.884 0.8000000119
2047  23.124  -86.931  -13.512 0.1000000015
2065  21.574  -86.695  -13.953 0.1000000015
2067  15.799  -86.573  -14.999 0.6000000238
2082  14.137  -86.503  -16.021 0.5000000000
2101  0.135  -86.899  -16.035 0.1000000015
2112  18.899  -86.585  -18.922 0.3000000119
2113  11.487  -86.300  -18.806 0.8000000119
2128  15.368  -86.555  -20.412 0.5000000000
2129  14.980  -86.465  -19.753 0.5000000000
2149  24.264  -87.140  -24.389 0.2000000030
2170  5.762  -86.335  -28.405 0.1000000015
2171  5.344  -86.896  -27.911 0.1000000015
2172  21.687  -86.687  -28.856 0.1000000015
2174  5.574  -86.615  -28.840 0.1000000015
2188  24.684  -84.779  -30.417 0.2000000030
2189  23.660  -85.882  -30.819 0.3000000119
2201  15.886  -86.170  -32.671 0.5000000000
2203  13.579  -86.364  -32.564 0.4000000060
2205  12.154  -86.072  -31.740 0.3000000119
2211  15.169  -86.025  -33.153 0.6000000238
2212  14.341  -86.043  -33.305 0.6000000238
2214  12.923  -86.123  -32.726 0.4000000060
2357  0.511  -85.205  6.733 0.2000000030
2378  19.864  -86.026  1.635 0.2000000030
2380  17.912  -86.058  1.931 0.2000000030
2387  3.538  -85.732  1.767 0.2000000030
2388  -2.023  -86.503  2.019 0.6000000238
2406  9.254  -86.194  -0.744 0.3000000119
2408  7.645  -85.527  -0.536 0.3000000119
2413  -1.723  -86.927  0.237 0.6999999881
2414  22.862  -86.698  -1.149 0.1000000015
2438  24.557  -85.849  -3.308 0.1000000015
2441  18.071  -86.132  -3.987 0.6000000238
2442  14.241  -85.772  -3.528 0.5000000000
2446  25.162  -85.362  -4.151 0.1000000015
2449  18.333  -85.790  -4.513 0.6000000238
2452  4.292  -86.286  -4.094 0.6000000238
2457  17.773  -85.738  -5.009 0.6000000238
2461  2.968  -85.729  -5.847 0.8000000119
2469  13.207  -85.804  -6.404 0.8000000119
2476  2.339  -85.500  -6.732 0.8999999762
2480  -3.351  -85.621  -6.585 0.8999999762
2486  9.442  -85.012  -6.381 0.8000000119
2488  1.630  -85.570  -7.468 0.8999999762
2495  16.049  -85.253  -8.364 0.8000000119
2503  -3.969  -85.181  -7.767 0.8999999762
2507  20.885  -85.338  -10.093 0.2000000030
2510  8.183  -84.686  -9.130 0.8999999762
2511  7.294  -85.120  -9.561 1.0000000000
2518  -3.862  -85.193  -8.562 0.8999999762
2522  4.927  -84.845  -10.295 1.0000000000
2532  15.753  -85.191  -12.894 0.4000000060
2538  0.564  -85.251  -12.932 0.8000000119
2545  21.706  -85.385  -13.513 0.1000000015
2557  -0.131  -85.312  -13.072 0.6999999881
2559  -2.592  -84.979  -13.651 0.5000000000
2564  20.828  -85.322  -13.799 0.1000000015
2597  12.384  -85.276  -16.658 0.6000000238
2607  11.901  -85.308  -17.550 0.6000000238
2608  23.724  -86.296  -18.749 0.1000000015
2612  12.592  -85.304  -18.673 0.6000000238
2635  17.002  -85.675  -21.353 0.5000000000
2636  16.391  -85.258  -21.081 0.5000000000
2637  15.747  -85.791  -21.005 0.5000000000
2645  23.835  -85.464  -24.005 0.1000000015
2668  11.172  -85.163  -28.892 0.1000000015
2670  9.994  -85.374  -28.872 0.1000000015
2672  24.692  -84.349  -29.699 0.1000000015
2675  21.926  -84.767  -29.159 0.1000000015
2681  25.857  -83.505  -30.718 0.2000000030
2682  25.474  -84.011  -30.300 0.2000000030
2694  21.121  -85.648  -33.297 0.6999999881
2696  21.676  -84.853  -33.774 0.8000000119
2705  13.186  -85.772  -33.181 0.3000000119
2706  20.880  -84.814  -33.984 0.8999999762
2707  20.146  -85.027  -34.055 0.8999999762
2785  -2.135  -84.497  12.507 0.2000000030
2819  -0.439  -84.031  9.629 0.2000000030
2830  -0.012  -84.105  8.530 0.2000000030
2836  0.393  -84.629  7.236 0.1000000015
2853  1.528  -85.033  5.056 0.2000000030
2857  2.998  -84.641  3.159 0.2000000030
2862  -2.690  -85.750  2.824 0.6000000238
2870  17.209  -84.859  0.697 0.1000000015
2878  4.416  -83.996  0.920 0.2000000030
2880  -1.126  -86.239  1.733 0.6000000238
2893  0.753  -84.975  -0.044 0.6000000238
2905  13.282  -84.702  -3.108 0.5000000000
2909  3.415  -85.294  -2.940 0.5000000000
2923  14.164  -84.658  -4.231 0.6000000238
2925  5.116  -85.128  -4.217 0.6000000238
2926  -1.644  -85.141  -4.513 0.8000000119
2940  12.437  -84.632  -6.257 0.6999999881
2949  -3.823  -85.030  -6.771 0.8999999762
2953  9.060  -84.432  -7.493 0.8000000119
2963  8.890  -83.649  -7.832 0.8999999762
2977  2.174  -84.437  -9.760 0.8999999762
2998  16.399  -84.309  -11.465 0.3000000119
3001  2.399  -84.938  -11.562 1.0000000000
3002  1.611  -84.780  -11.543 0.8999999762
3005  -3.285  -84.165  -11.189 0.8999999762
3006  -4.038  -83.892  -10.950 0.8999999762
3023  25.265  -85.619  -13.406 0.1000000015
3052  -2.792  -84.572  -14.585 0.4000000060
3059  14.033  -84.198  -15.996 0.4000000060
3065  -0.039  -84.497  -16.886 0.1000000015
3077  12.447  -84.798  -16.834 0.5000000000
3080  -0.782  -84.428  -17.094 0.1000000015
3082  -1.927  -83.788  -16.855 0.2000000030
3092  12.964  -84.328  -17.614 0.3000000119
3103  14.575  -84.627  -19.307 0.4000000060
3113  24.690  -84.744  -21.601 0.1000000015
3150  16.170  -84.944  -27.830 0.1000000015
3151  15.507  -84.647  -27.805 0.1000000015
3160  16.427  -85.003  -28.172 0.1000000015
3161  15.780  -84.633  -28.349 0.1000000015
3163  11.046  -84.528  -28.739 0.1000000015
3164  10.264  -84.533  -28.764 0.1000000015
3177  25.535  -83.665  -30.435 0.2000000030
3184  25.660  -83.397  -31.360 0.2000000030
3190  24.960  -83.501  -32.279 0.3000000119
3194  13.047  -84.528  -32.786 0.3000000119
3196  11.817  -85.065  -32.151 0.2000000030
3197  24.011  -83.543  -32.895 0.5000000000
3200  20.949  -84.274  -33.852 0.6999999881
3205  15.330  -85.114  -33.200 1.0000000000
3208  12.756  -85.288  -32.911 0.3000000119
3350  -1.244  -83.354  10.877 0.3000000119
3376  0.705  -82.931  7.713 0.2000000030
3391  1.442  -83.673  5.659 0.2000000030
3405  -2.614  -84.861  3.628 0.6000000238
3411  -2.323  -85.315  3.322 0.5000000000
3413  -3.604  -84.544  3.748 0.6000000238
3418  -2.950  -84.235  1.679 0.6000000238
3435  7.957  -83.033  -0.938 0.5000000000
3436  7.316  -83.556  -0.639 0.4000000060
3438  5.689  -83.780  -0.290 0.4000000060
3452  -2.852  -83.128  -2.745 0.8000000119
3468  13.881  -83.971  -4.099 0.6000000238
3474  4.316  -83.689  -3.374 0.6000000238
3481  13.489  -83.414  -4.437 0.6000000238
3491  5.986  -84.087  -5.391 0.6000000238
3501  0.007  -82.998  -7.119 1.0000000000
3502  -0.467  -83.551  -6.388 1.0000000000
3505  8.268  -83.324  -7.929 0.8999999762
3511  -2.452  -83.629  -7.513 0.8999999762
3514  8.339  -83.829  -8.439 0.8999999762
3522  -3.571  -83.441  -8.121 0.8999999762
3523  -4.038  -84.104  -7.626 0.8999999762
3530  7.206  -83.904  -9.088 1.0000000000
3533  3.675  -83.663  -9.392 0.8999999762
3534  2.955  -83.883  -9.753 0.8999999762
3541  16.436  -83.024  -10.708 0.2000000030
3544  3.699  -83.852  -10.098 0.8999999762
3545  -4.255  -83.417  -10.551 0.8999999762
3547  15.400  -83.170  -11.640 0.3000000119
3583  14.042  -83.458  -16.139 0.3000000119
3588  -2.262  -83.597  -16.100 0.2000000030
3602  -2.263  -83.131  -16.999 0.2000000030
3614  14.195  -83.136  -17.754 0.3000000119
3627  18.115  -83.379  -18.118 0.3000000119
3659  16.367  -83.763  -19.934 0.4000000060
3714  14.421  -83.472  -25.775 0.1000000015
3727  15.337  -83.996  -26.568 0.1000000015
3729  13.918  -83.413  -26.210 0.2000000030
3741  14.052  -83.527  -27.089 0.1000000015
3758  15.702  -83.135  -28.868 0.3000000119
3764  25.392  -83.300  -30.801 0.2000000030
3771  21.496  -82.451  -31.750 0.3000000119
3773  12.911  -83.149  -32.124 0.6000000238
3777  23.668  -82.998  -32.349 0.4000000060
3967  0.337  -82.244  8.447 0.2000000030
3978  1.057  -82.252  7.215 0.2000000030
3980  -3.870  -82.722  7.429 0.3000000119
3981  -4.012  -82.814  7.299 0.3000000119
3982  -4.015  -83.044  6.928 0.4000000060
4002  1.857  -82.053  5.051 0.2000000030
4005  -4.135  -83.485  5.970 0.4000000060
4015  -3.434  -84.306  5.143 0.4000000060
4041  0.347  -82.483  1.396 0.4000000060
4059  1.597  -82.448  -0.332 0.4000000060
4071  2.595  -82.125  -1.609 0.5000000000
4073  -2.140  -83.270  -1.627 0.6999999881
4084  -2.875  -82.988  -3.160 0.8000000119
4091  13.166  -82.821  -3.974 0.5000000000
4094  10.959  -81.963  -3.198 0.5000000000
4095  5.427  -82.474  -3.506 0.6000000238
4097  3.976  -82.830  -3.156 0.6000000238
4098  -2.244  -82.804  -3.646 0.8000000119
4107  12.674  -82.317  -4.203 0.5000000000
4119  11.284  -81.850  -5.679 0.5000000000
4139  8.017  -82.726  -7.367 0.8000000119
4140  7.217  -82.919  -7.176 0.8000000119
4141  0.545  -82.151  -7.184 1.0000000000
4150  25.690  -82.829  -9.768 0.1000000015
4160  19.806  -82.189  -10.238 0.2000000030
4168  -4.259  -82.840  -11.090 0.8000000119
4172  -4.170  -82.916  -12.046 0.8000000119
4200  14.319  -81.987  -14.301 0.3000000119
4224  14.366  -82.421  -16.697 0.3000000119
4229  -2.510  -82.227  -17.210 0.2000000030
4237  17.287  -82.142  -17.718 0.2000000030
4238  15.230  -81.958  -17.702 0.3000000119
4251  17.716  -82.636  -17.967 0.2000000030
4253  16.482  -82.090  -18.540 0.3000000119
4362  17.594  -81.300  -30.476 0.4000000060
4366  20.687  -81.955  -31.803 0.5000000000
4369  15.381  -81.486  -31.858 0.8000000119
4373  21.422  -82.931  -32.630 0.6000000238
4375  20.148  -81.851  -32.100 0.6999999881
4491  -2.559  -81.241  14.410 0.1000000015
4493  -3.207  -81.055  13.790 0.2000000030
4501  -3.277  -80.927  13.115 0.2000000030
4542  -0.890  -80.962  9.595 0.3000000119
4543  -3.852  -81.030  9.572 0.2000000030
4551  -0.428  -80.945  8.753 0.3000000119
4564  0.690  -81.450  7.439 0.2000000030
4582  -4.297  -82.501  6.746 0.4000000060
4590  -2.255  -82.056  5.721 0.4000000060
4591  -3.431  -83.269  6.392 0.4000000060
4613  -0.959  -81.630  3.444 0.4000000060
4633  3.640  -80.795  1.867 0.4000000060
4634  -3.247  -82.127  1.760 0.6000000238
4639  4.311  -80.995  0.038 0.5000000000
4647  7.038  -81.874  -0.876 0.5000000000
4649  5.548  -81.651  -0.620 0.5000000000
4650  4.844  -81.062  -0.790 0.5000000000
4660  9.049  -81.877  -2.111 0.5000000000
4680  7.641  -81.124  -2.235 0.5000000000
4681  6.507  -81.126  -2.944 0.5000000000
4684  3.845  -81.626  -2.217 0.5000000000
4689  12.125  -81.842  -3.971 0.6000000238
4692  9.780  -81.091  -3.287 0.5000000000
4696  -3.197  -81.878  -3.300 0.8000000119
4702  11.572  -81.394  -4.297 0.6000000238
4704  8.630  -81.256  -4.937 0.6000000238
4707  -2.243  -81.928  -3.702 0.8000000119
4718  9.878  -81.074  -5.238 0.5000000000
4721  0.284  -81.426  -5.638 1.0000000000
4734  0.632  -81.538  -8.043 1.0000000000
4741  0.637  -81.443  -9.120 0.8000000119
4746  0.408  -81.416  -10.037 0.6999999881
4747  25.977  -81.848  -10.765 0.2000000030
4754  0.007  -81.003  -10.969 0.6999999881
4755  0.042  -81.257  -10.757 0.6999999881
4756  25.470  -81.644  -11.338 0.2000000030
4758  15.858  -80.782  -11.702 0.1000000015
4762  14.972  -81.351  -12.487 0.1000000015
4763  14.628  -81.724  -12.878 0.3000000119
4769  -1.011  -81.096  -11.968 0.6000000238
4771  14.992  -81.138  -13.153 0.2000000030
4786  15.118  -81.037  -13.953 0.2000000030
4793  -3.329  -81.104  -16.403 0.2000000030
4817  15.236  -81.502  -16.320 0.3000000119
4823  -1.790  -81.729  -17.287 0.1000000015
4824  -2.657  -81.499  -17.288 0.1000000015
4831  16.779  -81.798  -17.867 0.3000000119
4832  16.319  -81.655  -17.308 0.3000000119
4867  3.956  -81.337  -20.817 0.4000000060
4905  -1.363  -82.956  -23.469 0.2000000030
4942  -2.100  -81.076  -25.673 0.5000000000
4975  14.498  -81.498  -28.712 0.4000000060
4981  16.600  -80.860  -29.971 0.3000000119
4999  17.102  -80.844  -31.186 0.8000000119
5003  12.802  -81.617  -31.562 0.6999999881
5004  17.236  -81.451  -31.713 0.8000000119
5139  -3.034  -80.395  13.740 0.2000000030
5161  -3.773  -80.403  11.769 0.2000000030
5172  -2.898  -80.958  10.874 0.2000000030
5186  -1.598  -80.732  9.487 0.3000000119
5202  -2.706  -81.223  8.508 0.4000000060
5209  0.161  -80.884  7.588 0.3000000119
5210  -1.279  -80.759  7.509 0.3000000119
5236  1.268  -80.768  5.377 0.2000000030
5237  0.407  -80.554  5.443 0.2000000030
5257  1.198  -80.496  4.824 0.3000000119
5277  3.003  -80.576  2.893 0.4000000060
5278  2.348  -80.267  2.696 0.3000000119
5279  0.766  -80.642  2.378 0.4000000060
5295  3.664  -80.846  -0.103 0.5000000000
5304  3.038  -80.971  -0.267 0.5000000000
5305  -4.082  -80.152  -0.669 0.6999999881
5312  -3.964  -80.225  -2.073 0.6999999881
5318  7.355  -80.917  -2.813 0.5000000000
5322  -3.372  -79.969  -2.393 0.8000000119
5340  10.530  -80.821  -4.332 0.5000000000
5342  8.989  -80.837  -4.274 0.5000000000
5353  11.026  -81.035  -4.664 0.5000000000
5354  10.417  -80.925  -4.842 0.5000000000
5369  21.345  -79.706  -7.625 0.1000000015
5372  -1.420  -80.344  -7.339 0.8000000119
5381  -1.466  -80.342  -8.738 0.6999999881
5402  19.002  -80.419  -10.600 0.2000000030
5404  16.338  -80.816  -11.069 0.1000000015
5411  25.186  -80.726  -11.696 0.1000000015
5414  20.675  -79.910  -11.411 0.1000000015
5417  -0.517  -80.938  -11.388 0.4000000060
5422  15.547  -80.794  -12.553 0.1000000015
5462  21.850  -80.208  -15.017 0.1000000015
5469  -3.298  -80.612  -16.354 0.1000000015
5547  13.619  -80.395  -22.075 0.1000000015
5550  10.584  -81.074  -22.033 0.2000000030
5572  0.308  -80.063  -24.162 1.0000000000
5596  -2.831  -80.308  -26.187 0.3000000119
5604  15.977  -80.741  -25.636 0.1000000015
5624  13.153  -80.620  -25.984 0.2000000030
5629  6.051  -80.135  -26.238 0.8000000119
5632  0.066  -80.196  -26.711 0.1000000015
5646  0.544  -79.791  -27.501 0.1000000015
5659  14.940  -79.558  -29.639 0.6000000238
5664  7.530  -80.238  -30.084 0.3000000119
5668  15.805  -80.040  -30.704 0.6999999881
5669  12.777  -79.753  -31.298 0.8000000119
5672  15.767  -80.139  -31.056 0.6999999881
5673  15.059  -80.104  -31.276 0.6999999881
5844  -3.045  -79.006  13.247 0.2000000030
5856  -3.759  -79.655  12.227 0.2000000030
5904  -4.145  -79.054  7.283 0.3000000119
5970  -3.871  -79.059  0.094 0.6999999881
5990  -3.850  -79.638  -1.820 0.6999999881
5997  0.389  -78.914  -3.087 0.8000000119
6002  0.184  -79.486  -3.410 0.6999999881
6022  -2.606  -79.388  -6.057 0.8000000119
6034  -3.233  -79.806  -6.661 0.8000000119
6035  -4.044  -79.397  -6.900 0.6000000238
6060  22.706  -79.577  -9.282 0.1000000015
6073  19.880  -80.078  -11.020 0.2000000030
6093  17.515  -79.534  -11.626 0.1000000015
6095  -2.375  -80.243  -11.627 0.3000000119
6097  -4.731  -79.250  -11.665 0.1000000015
6123  -3.415  -79.759  -15.204 0.1000000015
6215  0.539  -79.820  -21.465 0.5000000000
6216  -0.596  -79.555  -22.078 0.8000000119
6218  -3.524  -79.749  -21.178 0.1000000015
6237  15.504  -79.585  -22.800 0.1000000015
6265  -2.183  -79.689  -26.623 0.8000000119
6282  -1.774  -79.184  -26.924 0.8999999762
6283  -2.268  -79.092  -27.082 0.8000000119
6333  12.873  -78.538  -31.248 0.6999999881
6334  11.987  -78.449  -31.120 0.8000000119
6337  14.257  -79.150  -31.169 0.6999999881
6539  -2.839  -78.119  13.255 0.2000000030
6567  -4.127  -78.853  11.125 0.2000000030
6568  -4.425  -79.446  11.037 0.2000000030
6591  -3.797  -78.805  8.818 0.2000000030
6619  -2.434  -78.432  6.794 0.4000000060
6688  0.750  -77.953  -0.160 0.6999999881
6704  0.591  -78.493  -2.389 0.6999999881
6718  0.210  -79.255  -3.750 0.8000000119
6720  -1.235  -78.336  -4.758 0.8999999762
6735  -3.991  -78.153  -5.406 0.4000000060
6760  20.997  -77.702  -8.779 0.1000000015
6784  19.704  -78.896  -12.007 0.1000000015
6852  7.915  -79.146  -17.612 0.2000000030
6867  10.294  -78.258  -18.232 0.1000000015
6872  4.195  -78.110  -19.025 0.3000000119
6902  2.130  -78.080  -20.401 0.5000000000
6918  -0.663  -78.745  -21.833 0.8000000119
6932  -3.748  -79.262  -22.700 0.1000000015
6978  -2.394  -78.328  -27.259 0.8999999762
6979  -3.243  -78.049  -27.124 0.6999999881
6996  -0.862  -77.971  -28.310 0.3000000119
7012  -0.687  -77.120  -28.680 0.4000000060
7018  14.446  -78.699  -30.405 0.6999999881
7020  13.150  -77.694  -30.289 0.6999999881
7034  6.949  -77.205  -30.797 0.3000000119
7287  -1.029  -77.136  8.564 0.3000000119
7302  -1.130  -78.031  6.993 0.5000000000
7379  -1.797  -77.237  1.371 0.6999999881
7389  -2.564  -77.773  0.155 0.6999999881
7398  2.160  -77.166  -0.497 0.6999999881
7424  0.511  -78.185  -2.859 0.8999999762
7466  20.757  -77.263  -6.774 0.1000000015
7582  9.785  -78.041  -17.178 0.2000000030
7707  -1.943  -77.799  -27.088 0.8999999762
7721  4.308  -75.409  -28.431 0.8999999762
7723  -0.290  -76.709  -28.579 0.4000000060
7755  10.002  -76.697  -31.031 0.8000000119
7756  9.178  -76.544  -30.798 0.8000000119
7758  5.914  -75.120  -31.042 0.5000000000
8096  -0.266  -76.007  6.097 0.5000000000
8114  0.033  -76.324  5.593 0.5000000000
8138  1.377  -75.807  3.549 0.6000000238
8146  1.899  -76.016  2.210 0.6999999881
8147  1.313  -76.193  2.767 0.6999999881
8173  1.900  -76.624  0.839 0.6999999881
8188  2.138  -76.638  -0.935 0.6999999881
8200  -0.569  -76.933  -2.734 0.8000000119
8201  -2.341  -75.901  -2.377 0.8000000119
8248  21.282  -76.812  -5.897 0.1000000015
8359  13.018  -76.255  -16.937 0.1000000015
8361  10.872  -76.930  -16.451 0.1000000015
8373  12.890  -76.532  -17.699 0.1000000015
8389  12.011  -76.986  -18.712 0.1000000015
8459  -1.428  -76.583  -23.801 0.6999999881
8507  0.622  -76.216  -28.685 0.6000000238
8517  10.142  -76.019  -29.761 0.8000000119
8519  7.990  -74.902  -30.085 0.8000000119
8532  10.182  -76.271  -30.524 0.6999999881
8541  7.944  -74.734  -30.703 0.8999999762
8855  2.067  -75.350  11.054 0.1000000015
8918  -3.465  -75.240  6.822 0.4000000060
8938  -0.915  -75.507  6.068 0.4000000060
8951  1.171  -75.484  4.117 0.6000000238
8952  0.724  -75.758  4.723 0.6000000238
8975  2.496  -75.357  1.597 0.6999999881
8984  2.654  -75.446  0.764 0.6999999881
8994  2.718  -75.686  -0.093 0.6999999881
9004  2.397  -75.783  -0.807 0.6999999881
9049  21.515  -75.811  -5.010 0.1000000015
9072  -3.765  -75.695  -7.373 0.2000000030
9097  20.835  -76.304  -8.156 0.1000000015
9181  12.442  -75.108  -15.656 0.1000000015
9182  11.794  -75.350  -15.770 0.1000000015
9196  13.731  -74.966  -16.281 0.1000000015
9200  9.419  -75.713  -16.371 0.2000000030
9228  14.400  -75.150  -18.162 0.1000000015
9690  0.674  -74.956  11.647 0.1000000015
9693  -2.015  -74.444  11.418 0.1000000015
9719  4.118  -74.445  10.164 0.1000000015
9734  -3.311  -74.089  9.425 0.2000000030
9782  -4.125  -74.432  5.615 0.4000000060
9805  1.551  -74.574  3.214 0.6999999881
9816  1.859  -74.384  2.494 0.6999999881
9821  2.093  -74.293  1.809 0.6999999881
9839  1.479  -75.288  -1.703 0.8999999762
9845  1.397  -74.675  -1.830 0.8000000119
9855  -4.685  -73.972  -3.777 0.5000000000
9883  -4.940  -74.445  -5.670 0.5000000000
9914  21.003  -75.084  -7.140 0.1000000015
10016  12.018  -74.704  -15.387 0.1000000015
10038  9.368  -74.657  -16.475 0.2000000030
10076  -1.142  -74.149  -19.892 0.1000000015
10077  -1.306  -74.193  -19.411 0.1000000015
10078  -1.805  -74.579  -18.890 0.1000000015
10086  4.395  -74.255  -21.141 0.4000000060
10114  3.356  -73.966  -22.179 0.4000000060
10136  -3.823  -74.289  -24.218 0.3000000119
10182  -1.814  -75.098  -26.834 0.8999999762
10548  1.247  -74.070  9.575 0.1000000015
10568  -2.587  -73.475  9.189 0.2000000030
10570  -4.264  -73.882  8.357 0.2000000030
10582  3.011  -73.157  7.290 0.1000000015
10586  -2.840  -73.115  8.322 0.2000000030
10588  -4.450  -73.723  7.563 0.2000000030
10603  1.467  -73.174  6.950 0.1000000015
10620  -4.114  -73.795  5.345 0.4000000060
10639  -1.127  -73.884  2.658 0.6000000238
10648  0.456  -73.685  2.155 0.6000000238
10652  -3.060  -73.229  2.850 0.5000000000
10658  -1.703  -73.588  1.057 0.6999999881
10665  2.466  -74.387  0.462 0.6999999881
10677  2.449  -74.290  -0.351 0.8000000119
10679  1.082  -73.335  -1.210 0.8000000119
10695  0.223  -73.712  -2.493 0.8000000119
10698  -4.247  -74.367  -3.104 0.8000000119
10706  -1.005  -72.583  -3.326 0.8999999762
10733  21.578  -73.555  -5.514 0.1000000015
10741  -1.540  -73.622  -6.212 0.1000000015
10853  10.613  -73.114  -14.703 0.1000000015
10865  13.134  -73.809  -15.010 0.1000000015
10880  8.723  -73.362  -16.760 0.2000000030
10967  -3.196  -73.030  -25.430 0.4000000060
10981  0.821  -73.700  -26.656 1.0000000000
11419  -1.806  -72.678  7.506 0.3000000119
11488  -2.131  -72.653  0.516 0.8000000119
11500  0.472  -73.019  -1.464 0.8999999762
11508  22.701  -72.534  -1.779 0.1000000015
11514  -0.195  -72.383  -2.241 0.8999999762
11521  21.905  -72.885  -2.655 0.1000000015
11556  -2.437  -71.685  -3.916 0.8999999762
11602  -4.640  -72.060  -7.086 0.3000000119
11668  8.903  -72.348  -15.614 0.1000000015
11674  7.911  -72.390  -17.197 0.2000000030
11704  -1.762  -72.279  -20.453 0.1000000015
12164  -1.692  -71.544  6.439 0.4000000060
12179  1.183  -71.856  5.007 0.3000000119
12181  -1.322  -71.141  5.742 0.4000000060
12184  -4.306  -71.329  5.531 0.5000000000
12195  1.227  -71.251  4.631 0.3000000119
12197  -4.222  -71.867  4.675 0.5000000000
12261  -1.399  -71.861  -0.757 0.8999999762
12262  -2.006  -71.808  -0.026 0.8999999762
12300  -1.635  -71.617  -3.631 0.8999999762
12333  2.110  -71.240  -5.952 0.1000000015
12350  -5.160  -71.518  -6.709 0.4000000060
12421  1.941  -71.167  -14.899 0.3000000119
12422  1.293  -71.375  -14.993 0.3000000119
12430  8.843  -71.662  -15.290 0.1000000015
12439  7.256  -71.258  -17.105 0.3000000119
12440  1.386  -71.314  -16.507 0.5000000000
12450  6.244  -70.915  -17.927 0.3000000119
12452  0.487  -71.789  -17.493 0.5000000000
12453  -0.167  -71.547  -17.216 0.6999999881
12992  -4.356  -70.395  5.676 0.5000000000
13005  0.746  -70.579  4.486 0.3000000119
13007  -1.218  -69.813  5.272 0.6000000238
13008  -4.571  -70.814  5.016 0.5000000000
13037  -3.054  -70.528  2.952 0.6999999881
13110  -2.827  -70.830  -1.413 1.0000000000
13140  -2.919  -70.660  -3.450 0.8000000119
13171  -5.119  -69.945  -6.176 0.3000000119
13185  -4.676  -70.360  -7.109 0.3000000119
13205  8.303  -70.237  -10.707 0.2000000030
13215  6.588  -70.387  -11.456 0.2000000030
13227  7.297  -70.186  -11.892 0.2000000030
13228  6.692  -70.377  -11.928 0.2000000030
13247  5.529  -70.396  -12.673 0.3000000119
13249  3.181  -70.395  -13.283 0.3000000119
13286  3.637  -70.496  -14.161 0.3000000119
13289  0.360  -70.819  -14.387 0.4000000060
13307  5.921  -70.117  -17.502 0.3000000119
13310  -0.699  -71.028  -17.016 0.6000000238
13311  -1.048  -70.322  -16.840 0.6000000238
13320  2.436  -69.926  -17.512 0.4000000060
13321  1.906  -70.680  -17.130 0.4000000060
13323  -0.835  -70.461  -17.505 0.6000000238
13333  2.744  -70.327  -18.266 0.4000000060
13336  -4.302  -70.750  -19.082 0.1000000015
13436  1.191  -70.466  -26.142 0.8000000119
13437  0.728  -69.680  -25.992 0.8000000119
13820  4.291  -69.153  5.987 0.1000000015
13836  1.998  -69.282  5.040 0.5000000000
13837  -1.899  -69.094  5.745 0.6000000238
13856  1.452  -69.914  4.541 0.4000000060
13942  -3.527  -69.091  0.710 0.8999999762
13950  -4.056  -69.310  -0.913 0.8999999762
13995  -4.991  -69.395  -5.444 0.4000000060
14005  -0.277  -69.453  -5.874 0.1000000015
14020  -4.081  -69.767  -7.253 0.2000000030
14036  8.281  -69.685  -9.359 0.1000000015
14043  8.012  -70.168  -10.092 0.2000000030
14053  10.079  -69.414  -10.150 0.1000000015
14057  6.860  -70.347  -10.831 0.2000000030
14072  7.771  -69.388  -11.794 0.1000000015
14074  4.751  -69.807  -11.642 0.3000000119
14075  4.099  -69.592  -11.969 0.4000000060
14088  5.776  -70.060  -13.114 0.3000000119
14129  3.040  -69.336  -15.536 0.3000000119
14130  2.848  -69.038  -16.121 0.3000000119
14131  -0.992  -70.150  -15.183 0.5000000000
14139  5.548  -69.212  -16.918 0.3000000119
14142  -1.257  -69.537  -16.616 0.6000000238
14151  2.635  -69.300  -17.243 0.4000000060
14157  -0.813  -68.987  -18.135 0.8999999762
14234  0.577  -68.255  -25.142 0.8999999762
14252  0.410  -68.976  -25.476 0.8999999762
14641  3.077  -68.060  6.219 0.3000000119
14652  2.399  -68.552  5.686 0.5000000000
14654  -2.538  -68.397  6.035 0.6000000238
14665  0.302  -68.807  4.899 0.5000000000
14688  -4.457  -67.406  2.773 0.8999999762
14721  -5.032  -68.176  -0.770 1.0000000000
14756  -2.282  -67.659  -3.496 0.1000000015
14758  -4.598  -68.156  -4.199 0.4000000060
14779  -3.843  -68.583  -5.979 0.3000000119
14789  12.081  -68.255  -7.607 0.1000000015
14791  10.446  -68.562  -7.792 0.1000000015
14800  9.124  -69.148  -8.432 0.1000000015
14828  10.765  -68.930  -10.251 0.1000000015
14830  6.411  -69.635  -10.288 0.2000000030
14831  5.734  -69.274  -10.529 0.3000000119
14860  5.828  -68.662  -13.231 0.2000000030
14861  3.616  -68.782  -11.949 0.4000000060
14878  1.446  -68.431  -13.349 0.4000000060
14879  0.610  -68.177  -13.646 0.6000000238
14887  9.381  -67.702  -14.415 0.1000000015
14888  7.460  -67.301  -14.871 0.1000000015
14889  6.480  -67.037  -14.921 0.1000000015
14890  4.001  -68.533  -14.995 0.2000000030
14891  -0.808  -68.032  -13.943 0.6000000238
14900  4.790  -68.197  -15.600 0.1000000015
14901  3.964  -68.491  -15.620 0.1000000015
14913  3.275  -68.744  -16.317 0.3000000119
14923  -0.723  -67.899  -18.045 0.8999999762
14985  0.182  -67.288  -23.137 0.8999999762
15000  0.558  -67.698  -23.798 0.8999999762
15408  3.686  -67.620  6.610 0.2000000030
15429  1.243  -67.031  5.909 0.5000000000
15430  0.754  -67.467  5.491 0.5000000000
15431  -0.072  -66.980  5.245 0.6999999881
15432  -3.107  -67.688  6.097 0.6000000238
15453  -4.754  -67.653  5.257 0.6000000238
15454  -4.943  -66.964  4.908 0.8000000119
15535  -2.064  -67.476  -2.560 0.1000000015
15538  -4.804  -67.067  -2.421 0.5000000000
15550  -4.184  -67.545  -3.814 0.2000000030
15570  11.894  -66.690  -6.845 0.1000000015
15577  12.746  -67.748  -7.099 0.1000000015
15578  12.009  -67.732  -6.894 0.1000000015
15592  9.089  -68.330  -8.038 0.1000000015
15680  7.210  -66.727  -13.247 0.1000000015
15682  5.657  -67.393  -13.730 0.1000000015
15685  0.287  -67.432  -13.666 0.6000000238
15698  5.415  -67.370  -14.417 0.1000000015
15709  5.144  -67.678  -14.938 0.1000000015
15711  -1.371  -67.666  -15.097 0.6999999881
15725  -1.367  -67.828  -16.020 0.8999999762
15726  -3.496  -67.295  -16.973 0.4000000060
15743  -3.557  -67.645  -18.049 0.6000000238
15784  -3.087  -67.122  -20.140 0.6999999881
15827  -0.613  -67.121  -22.691 0.8999999762
16232  6.904  -66.671  6.896 0.1000000015
16235  4.055  -66.315  7.308 0.4000000060
16258  9.932  -66.376  4.565 0.1000000015
16259  -0.549  -66.154  5.212 0.6999999881
16324  -4.838  -66.221  0.919 0.8999999762
16340  -4.978  -65.836  -0.110 0.5000000000
16349  -4.891  -66.555  -1.201 0.4000000060
16363  -4.165  -66.047  -2.201 0.3000000119
16381  -3.573  -66.468  -2.598 0.1000000015
16411  13.689  -66.501  -6.732 0.1000000015
16441  7.753  -66.906  -8.390 0.1000000015
16443  5.317  -66.604  -8.716 0.1000000015
16453  5.063  -66.932  -9.418 0.1000000015
16455  4.044  -65.922  -10.067 0.2000000030
16495  -1.142  -66.883  -15.081 0.8000000119
16509  -0.986  -66.414  -16.023 0.8999999762
16511  -3.366  -66.482  -17.074 0.6999999881
16593  -2.248  -66.658  -20.460 0.8999999762
17001  4.455  -64.996  7.378 0.4000000060
17002  3.836  -65.481  7.284 0.4000000060
17016  1.911  -65.270  6.061 0.8000000119
17026  -2.360  -65.653  5.038 0.6999999881
17027  -4.155  -65.302  4.764 0.8999999762
17077  -1.982  -65.028  1.215 0.1000000015
17113  -4.954  -65.059  -1.489 0.3000000119
17189  9.977  -65.432  -8.053 0.1000000015
17202  4.367  -65.524  -8.449 0.1000000015
17264  -0.710  -65.462  -16.633 0.8999999762
17308  -1.831  -64.870  -18.794 1.0000000000
17742  5.005  -64.460  7.287 0.4000000060
17744  3.907  -64.815  7.095 0.6000000238
17749  6.956  -63.865  6.799 0.3000000119
17750  6.574  -64.419  7.096 0.3000000119
17751  4.142  -64.349  6.818 0.5000000000
17761  1.378  -64.527  5.120 0.8000000119
17763  -0.328  -64.778  4.692 0.8000000119
17768  8.697  -64.008  5.228 0.1000000015
17770  -2.396  -64.143  4.544 0.8000000119
17778  9.778  -64.659  3.943 0.1000000015
17779  -4.109  -64.540  4.145 0.8000000119
17780  -4.384  -63.954  3.298 0.8000000119
17814  -5.026  -63.982  0.940 0.6000000238
17831  -3.425  -63.957  0.166 0.2000000030
17906  13.861  -65.163  -6.835 0.1000000015
17907  6.251  -64.135  -6.857 0.1000000015
17918  11.834  -64.794  -7.299 0.1000000015
17937  -4.011  -64.011  -8.694 0.1000000015
18011  -2.313  -63.980  -17.014 0.8999999762
18041  -2.277  -63.990  -17.835 1.0000000000
18061  -2.139  -64.375  -18.433 0.8000000119
18565  4.736  -63.917  6.830 0.4000000060
18571  6.569  -63.686  6.906 0.3000000119
18578  2.801  -63.463  5.115 0.6999999881
18581  0.212  -64.144  4.488 0.8000000119
18586  8.699  -63.312  5.038 0.1000000015
18587  1.362  -63.350  4.356 0.8000000119
18592  -3.918  -63.476  4.462 0.8000000119
18593  -4.213  -62.677  4.168 0.6000000238
18598  10.179  -63.369  3.224 0.2000000030
18612  2.050  -63.601  2.479 0.1000000015
18615  -4.620  -63.078  2.740 0.6000000238
18655  -4.264  -62.789  0.587 0.2000000030
18662  -4.831  -63.308  0.096 0.3000000119
18718  -4.279  -63.174  -3.737 0.1000000015
18722  -5.044  -63.739  -5.323 0.1000000015
18725  5.896  -63.413  -6.484 0.1000000015
18739  11.023  -64.168  -7.860 0.1000000015
18753  12.164  -63.170  -7.817 0.1000000015
18761  -3.753  -63.265  -8.664 0.3000000119
18775  7.877  -63.057  -9.315 0.1000000015
18830  -2.416  -62.774  -15.257 1.0000000000
18879  -1.902  -63.411  -17.870 1.0000000000
19440  7.536  -62.789  6.058 0.2000000030
19442  6.760  -62.529  6.365 0.5000000000
19448  7.765  -61.879  5.916 0.4000000060
19450  4.786  -62.338  5.490 0.5000000000
19457  8.668  -62.353  4.930 0.1000000015
19459  1.517  -62.574  4.093 0.8000000119
19462  -2.031  -62.753  4.193 0.6999999881
19468  10.078  -62.496  3.150 0.2000000030
19481  2.909  -62.712  2.345 0.1000000015
19494  13.788  -62.946  1.259 0.1000000015
19499  1.710  -62.396  1.925 0.1000000015
19505  -4.579  -62.198  1.829 0.5000000000
19526  -4.460  -62.279  1.280 0.5000000000
19572  -4.347  -62.234  -2.984 0.1000000015
19602  5.631  -62.727  -6.262 0.2000000030
19608  -0.428  -62.345  -6.093 0.6999999881
19610  -5.027  -63.027  -6.534 0.3000000119
19642  13.345  -62.301  -7.842 0.1000000015
19670  -3.674  -62.541  -9.026 0.6000000238
19708  -3.406  -62.071  -12.917 1.0000000000
19718  0.922  -62.278  -13.611 0.8999999762
19738  -1.991  -62.634  -16.055 1.0000000000
19759  -1.745  -62.890  -16.726 1.0000000000
19779  -1.342  -62.963  -17.535 1.0000000000
20338  7.572  -61.344  5.892 0.5000000000
20354  8.639  -60.926  4.895 0.3000000119
20355  8.453  -61.382  5.202 0.3000000119
20356  4.946  -60.858  4.802 0.6999999881
20357  4.259  -61.126  4.492 0.8000000119
20359  2.551  -61.529  3.925 0.6999999881
20363  -1.916  -61.210  3.981 0.8000000119
20365  -3.676  -61.568  4.076 0.6999999881
20369  9.702  -60.945  3.505 0.2000000030
20373  -3.933  -61.203  3.355 0.6999999881
20374  -4.147  -61.762  3.070 0.6000000238
20382  3.627  -61.774  2.062 0.1000000015
20383  3.013  -62.019  2.012 0.1000000015
20385  -4.360  -61.712  2.336 0.6000000238
20400  4.038  -61.230  1.908 0.1000000015
20408  -4.113  -61.624  1.350 0.3000000119
20522  -1.114  -61.745  -5.884 0.6999999881
20523  -4.725  -62.024  -6.725 0.5000000000
20530  17.441  -61.475  -7.829 0.1000000015
20532  15.244  -61.674  -7.774 0.1000000015
20534  13.899  -62.325  -7.733 0.1000000015
20553  15.239  -60.905  -8.158 0.1000000015
20580  8.604  -61.963  -10.096 0.1000000015
20605  -4.485  -61.011  -10.660 0.8999999762
20630  4.877  -61.096  -12.020 0.2000000030
20632  -0.155  -60.469  -12.374 0.8999999762
20651  0.344  -61.022  -14.585 0.8999999762
20669  -0.969  -61.030  -16.323 1.0000000000
20692  0.042  -61.609  -16.276 1.0000000000
21334  7.342  -60.279  5.574 0.3000000119
21340  8.702  -60.283  4.770 0.3000000119
21346  2.869  -60.603  3.693 0.8000000119
21349  -1.685  -60.498  3.460 0.8000000119
21359  0.386  -60.356  3.263 0.8000000119
21361  -2.884  -60.010  2.903 0.6000000238
21366  -2.920  -60.047  2.386 0.5000000000
21379  6.530  -60.997  1.860 0.1000000015
21387  -2.874  -60.082  1.604 0.4000000060
21408  0.187  -59.952  0.979 0.3000000119
21443  -3.742  -60.950  -1.381 0.1000000015
21461  -4.210  -60.904  -1.997 0.2000000030
21472  -4.368  -60.873  -2.829 0.4000000060
21483  -0.507  -60.290  -4.774 0.6999999881
21484  -1.010  -60.144  -4.574 0.6000000238
21503  3.742  -60.506  -6.191 0.2000000030
21518  5.825  -60.728  -7.013 0.2000000030
21521  -4.749  -60.385  -7.455 0.8000000119
21536  16.252  -60.224  -8.510 0.1000000015
21537  15.424  -60.175  -8.624 0.1000000015
21559  12.362  -60.471  -9.275 0.1000000015
21561  10.699  -60.795  -9.957 0.1000000015
21591  8.802  -60.109  -11.183 0.1000000015
21614  3.724  -60.941  -12.618 0.2000000030
21615  2.843  -60.590  -12.919 0.2000000030
21618  -3.486  -59.173  -12.578 1.0000000000
21645  -0.562  -59.916  -15.116 1.0000000000
21665  -0.077  -60.566  -15.389 0.8999999762
22276  6.555  -59.561  5.019 0.6000000238
22283  8.757  -59.770  4.675 0.3000000119
22290  -1.916  -59.797  3.181 0.6000000238
22297  4.116  -58.481  4.524 0.6000000238
22302  -1.769  -59.217  3.056 0.6000000238
22308  11.717  -58.815  3.493 0.3000000119
22311  -2.298  -59.470  2.605 0.6000000238
22323  -0.846  -58.397  1.207 0.6000000238
22324  -1.748  -58.816  2.266 0.5000000000
22343  5.731  -59.370  1.426 0.1000000015
22344  4.242  -58.939  0.899 0.1000000015
22348  -0.251  -58.968  0.900 0.6000000238
22465  15.411  -59.434  -9.065 0.1000000015
22494  13.529  -59.680  -9.359 0.1000000015
22520  -3.882  -58.669  -11.186 1.0000000000
22550  5.342  -60.492  -12.769 0.1000000015
22566  3.880  -60.211  -14.173 0.1000000015
22568  2.414  -60.052  -14.071 0.2000000030
22569  1.882  -59.413  -14.152 0.2000000030
22570  -1.246  -59.507  -14.614 1.0000000000
22591  3.897  -59.628  -14.905 0.2000000030
22594  -1.964  -59.472  -14.769 1.0000000000
23209  8.733  -59.402  4.349 0.4000000060
23213  1.540  -57.300  3.219 0.8000000119
23214  -1.186  -58.822  3.076 0.8000000119
23219  8.218  -58.614  3.722 0.4000000060
23223  4.290  -57.697  4.442 0.6000000238
23224  2.858  -57.743  4.164 0.8000000119
23227  -0.010  -57.754  3.052 0.8000000119
23228  -0.670  -58.324  2.956 0.6999999881
23233  13.751  -57.990  2.911 0.1000000015
23235  11.759  -57.797  3.918 0.3000000119
23238  -1.152  -58.539  2.661 0.6999999881
23247  -0.332  -57.831  1.630 0.6000000238
23264  1.591  -58.128  0.797 0.4000000060
23266  0.269  -57.732  1.351 0.5000000000
23297  -2.824  -58.543  -0.648 0.1000000015
23389  -4.430  -58.284  -9.328 1.0000000000
23414  2.870  -58.632  -10.285 0.3000000119
23418  -4.389  -58.489  -9.962 1.0000000000
23460  6.828  -59.218  -12.347 0.1000000015
23503  3.826  -58.360  -16.001 0.1000000015
23505  2.582  -58.252  -15.615 0.1000000015
24147  2.481  -57.333  3.603 0.8000000119
24148  0.781  -57.299  3.017 0.8000000119
24151  13.494  -57.551  2.871 0.2000000030
24158  5.422  -56.684  2.452 0.6000000238
24163  0.504  -57.310  2.585 0.6999999881
24167  14.892  -57.543  2.350 0.1000000015
24169  13.267  -57.134  2.616 0.4000000060
24183  1.908  -57.306  0.731 0.5000000000
24189  17.050  -57.454  0.546 0.1000000015
24194  3.795  -56.747  -0.521 0.4000000060
24200  21.322  -57.853  -0.882 0.1000000015
24207  7.166  -56.681  -1.965 0.1000000015
24237  14.370  -56.776  -3.459 0.1000000015
24390  1.439  -57.587  -14.421 0.2000000030
24396  4.175  -57.676  -16.595 0.1000000015
25013  7.485  -56.705  2.110 0.8000000119
25026  8.486  -56.318  1.330 0.6000000238
25032  2.493  -56.761  2.156 0.6999999881
25039  15.076  -56.896  1.377 0.3000000119
25044  9.311  -56.075  0.478 0.6999999881
25049  2.720  -56.538  0.332 0.5000000000
25055  21.710  -56.604  -0.541 0.1000000015
25059  16.535  -56.323  -0.434 0.5000000000
25067  3.295  -56.466  -0.191 0.5000000000
25092  6.507  -54.813  -2.979 0.5000000000
25094  0.116  -56.276  -2.199 0.2000000030
25244  2.396  -56.724  -15.539 0.2000000030
25869  21.836  -55.159  1.108 0.1000000015
25874  5.275  -55.394  -0.067 0.5000000000
25880  17.947  -55.984  -1.198 0.2000000030
25892  5.126  -54.962  -1.171 0.5000000000
25918  8.593  -54.099  -3.327 0.6999999881
25921  0.430  -55.581  -2.365 0.1000000015
26776  15.450  -54.504  -3.746 0.2000000030
26779  11.653  -53.411  -3.907 0.4000000060
26791  2.846  -54.325  -4.152 0.1000000015
26940  6.944  -54.691  -15.232 0.1000000015
26961  6.280  -53.989  -16.295 0.1000000015
27612  14.124  -52.082  -2.861 0.8000000119
27619  -3.746  -53.406  -1.936 0.8000000119
27624  14.371  -52.188  -3.215 0.6999999881
27643  2.631  -53.515  -3.947 0.1000000015
27651  24.533  -53.640  -6.830 0.3000000119
27683  19.749  -53.833  -7.241 0.1000000015
27814  5.173  -54.049  -16.276 0.1000000015
28563  2.344  -52.886  -3.892 0.2000000030
28566  -3.831  -51.834  -3.219 1.0000000000
28591  24.395  -53.331  -6.468 0.3000000119
28605  24.695  -53.272  -7.107 0.2000000030
28606  24.658  -53.441  -7.075 0.2000000030
28617  -2.709  -52.708  -6.331 0.8999999762
28626  24.554  -53.321  -7.290 0.2000000030
28627  24.159  -53.040  -7.599 0.2000000030
29456  -3.558  -51.372  -3.511 1.0000000000
29469  1.525  -51.327  -4.141 0.3000000119
30319  -2.605  -50.583  -3.448 1.0000000000
30336  -3.049  -50.851  -3.792 1.0000000000
30421  1.386  -50.344  -9.957 0.6000000238
30432  5.353  -50.369  -10.640 0.5000000000
30435  1.924  -49.799  -10.358 0.6999999881
30480  5.180  -50.104  -14.240 0.2000000030
31161  -2.138  -50.061  -3.653 1.0000000000
31176  0.211  -49.003  -4.377 0.6999999881
31193  -1.416  -49.130  -5.257 0.8999999762
31217  2.654  -49.229  -6.437 0.3000000119
31237  15.238  -49.469  -7.451 0.1000000015
31245  7.794  -49.907  -7.620 0.1000000015
31258  20.613  -49.614  -8.034 0.3000000119
31287  1.628  -48.944  -10.411 0.6999999881
31321  7.305  -49.410  -13.065 0.2000000030
31952  14.770  -49.142  4.034 0.1000000015
31999  20.793  -48.580  0.666 0.5000000000
32097  21.589  -48.560  -6.861 0.6999999881
32115  15.081  -49.019  -8.510 0.2000000030
32962  0.540  -47.196  -5.835 0.8000000119
32980  -0.104  -47.348  -6.380 0.8999999762
33025  13.073  -48.613  -10.452 0.2000000030
33067  7.787  -46.956  -13.149 0.4000000060
33096  6.623  -47.865  -14.415 0.2000000030
33108  9.206  -47.557  -16.465 0.1000000015
33110  8.181  -48.382  -16.398 0.2000000030
33947  1.595  -46.160  -6.915 0.8999999762
33949  0.760  -46.140  -6.911 0.6999999881
33967  20.551  -46.890  -8.949 0.5000000000
33973  1.395  -45.740  -8.177 0.8999999762
33986  2.203  -45.279  -9.652 0.8000000119
34059  7.982  -46.444  -15.619 0.1000000015
34983  4.361  -44.846  -10.081 0.6000000238
115043  19.285  -57.585  -4.712 0.1000000015
115619  18.528  -58.184  -5.580 0.1000000015
115710  24.474  -53.957  -7.177 0.2000000030
115894  6.910  -82.718  -5.056 0.6999999881
115948  -0.368  -80.675  -25.979 0.3000000119
116067  14.459  -83.744  -13.780 0.3000000119
116401  6.286  -83.813  -9.189 1.0000000000
116695  -1.398  -76.808  9.426 0.2000000030
116861  -2.571  -77.533  1.673 0.6999999881
117071  -4.433  -80.794  8.399 0.3000000119
117799  23.925  -80.031  -15.218 0.1000000015
117859  -4.642  -66.727  3.255 0.8000000119
117895  -3.641  -81.879  -2.394 0.6999999881
118169  6.914  -89.769  -16.088 0.1000000015
118510  -0.120  -84.527  -12.238 0.8999999762
118522  11.920  -84.124  -2.535 0.5000000000
118549  7.456  -60.983  5.883 0.5000000000
118579  -5.147  -72.981  -6.450 0.4000000060
118623  4.914  -83.651  -9.316 0.8999999762
118707  13.821  -87.335  -27.904 0.4000000060
118830  13.296  -75.556  -16.417 0.1000000015
118892  -4.638  -68.425  -3.479 0.6999999881
118996  13.863  -85.212  -5.526 0.6999999881
119004  11.997  -88.033  -7.315 0.6999999881
119024  -2.431  -74.978  -18.136 0.1000000015
119082  -0.391  -79.675  -2.874 0.8000000119
119234  19.329  -84.479  -33.591 0.8000000119
119365  7.240  -64.586  6.664 0.1000000015
119564  3.683  -57.286  -16.939 0.1000000015
119590  13.294  -64.013  -7.318 0.1000000015
119599  18.464  -87.784  -30.335 0.8999999762
119674  -3.191  -65.208  -16.271 0.8000000119
119679  -4.469  -70.201  4.473 0.6000000238
119696  -1.644  -81.649  10.839 0.3000000119
119758  9.630  -63.765  3.763 0.1000000015
119831  5.473  -94.406  -15.384 0.3000000119
119916  -4.324  -74.687  6.077 0.4000000060
119944  5.130  -85.276  6.212 0.1000000015
120234  -3.102  -64.504  -15.727 0.8000000119
120418  -4.648  -67.609  0.539 0.8999999762
120516  15.275  -87.574  -26.726 1.0000000000
120577  15.390  -81.036  -14.709 0.1000000015
120680  12.308  -77.589  -31.049 0.6999999881
120698  13.505  -90.162  -4.729 0.5000000000
120804  10.300  -45.843  -16.384 0.1000000015
120827  9.394  -61.659  -10.208 0.1000000015
120852  -5.046  -63.415  0.470 0.2000000030
121028  -1.521  -77.435  4.003 0.6999999881
121209  -0.550  -61.536  1.204 0.2000000030
121380  -2.119  -63.769  1.261 0.1000000015
121412  13.474  -83.800  -5.121 0.6999999881
121462  2.302  -87.980  11.010 0.1000000015
121509  -4.467  -79.922  8.521 0.3000000119
121522  -2.658  -66.305  -19.173 0.6999999881
121549  19.203  -87.404  -18.910 0.2000000030
121554  24.289  -88.213  -14.288 0.1000000015
121581  -3.314  -85.022  -6.531 0.8999999762
121655  0.048  -61.007  -4.963 0.6999999881
121745  2.632  -71.654  5.147 0.2000000030
121956  21.462  -83.763  -33.443 0.6999999881
122034  0.401  -81.033  -6.268 1.0000000000
122120  0.824  -88.952  5.582 0.1000000015
122208  9.168  -81.373  -5.567 0.6000000238
122346  0.864  -84.698  -11.146 0.8999999762
122461  10.890  -88.187  -0.636 0.3000000119
122464  11.149  -77.752  -27.488 0.6999999881
122538  11.864  -61.875  2.153 0.2000000030
122562  7.849  -90.225  0.857 0.2000000030
122596  11.239  -67.368  -7.163 0.1000000015
122858  -1.825  -59.184  -12.408 1.0000000000
122960  6.383  -89.486  -25.872 0.1000000015
123111  11.836  -83.913  -31.407 0.2000000030
123118  -4.184  -79.731  -1.248 0.6999999881
123274  -3.508  -60.877  -12.971 1.0000000000
123323  0.530  -71.702  -19.977 0.6000000238
123618  3.634  -76.815  -19.157 0.2000000030
123736  0.397  -75.936  5.232 0.6000000238
123807  26.038  -87.033  -8.176 0.3000000119
123908  3.274  -65.711  -11.268 0.2000000030
123934  -2.243  -61.894  4.103 0.6999999881
124032  -4.384  -62.555  -3.706 0.1000000015
124197  7.248  -73.044  -19.072 0.3000000119
124246  3.878  -85.890  -10.669 1.0000000000
124253  4.177  -81.089  1.047 0.5000000000
124435  -2.054  -87.919  -11.703 0.3000000119
124615  -3.457  -66.999  -16.289 0.3000000119
124918  10.631  -62.115  -9.264 0.1000000015
124928  -4.336  -79.534  -24.877 0.3000000119
125170  4.058  -93.986  -11.930 0.4000000060
125388  -0.598  -90.264  -11.910 0.1000000015
125545  -3.133  -64.956  4.917 0.8999999762
125651  -0.925  -89.426  -12.902 0.2000000030
125666  1.948  -64.651  5.559 0.6999999881
125819  7.088  -54.425  -2.841 0.5000000000
126364  4.460  -85.587  -5.219 0.6000000238
126423  6.446  -47.956  -14.185 0.2000000030
126507  -3.974  -54.868  -1.108 0.6999999881
126615  22.698  -87.433  -25.369 0.1000000015
126645  -0.538  -86.153  -16.226 0.1000000015
126676  -1.184  -63.977  1.609 0.1000000015
126718  11.918  -89.757  0.345 0.4000000060
126740  22.215  -57.908  -0.219 0.1000000015
126865  -5.047  -67.743  -2.190 0.6000000238
126964  22.237  -80.795  -14.842 0.1000000015
127084  -2.910  -64.063  -12.328 0.5000000000
127092  2.447  -88.561  9.631 0.1000000015
127428  3.276  -62.712  -5.758 0.2000000030
127438  -0.887  -76.023  -23.467 0.6999999881
127441  15.491  -79.963  -29.800 0.6000000238
127450  18.337  -88.203  1.507 0.3000000119
127539  1.911  -73.941  9.142 0.1000000015
127675  9.138  -64.267  -8.800 0.1000000015
127776  1.463  -92.599  -7.607 0.4000000060
127819  9.559  -88.469  -6.266 0.8000000119
128014  10.497  -89.003  -18.762 0.8999999762
128064  17.895  -60.355  -8.515 0.1000000015
128212  -0.734  -74.364  11.336 0.1000000015
128217  -2.726  -64.081  -11.433 0.6000000238
128251  1.477  -47.942  -10.130 0.6999999881
128308  -3.493  -78.715  7.006 0.3000000119
128351  11.875  -88.734  -7.503 0.6999999881
128372  -2.151  -50.346  -5.002 1.0000000000
128454  16.803  -83.283  -19.694 0.4000000060
128491  13.992  -64.511  -7.071 0.1000000015
128509  0.986  -71.211  -14.516 0.4000000060
128612  3.350  -81.665  3.187 0.3000000119
128750  16.516  -81.529  -10.714 0.2000000030
128752  3.087  -94.038  -13.409 0.3000000119
128780  -3.977  -69.080  -17.433 0.1000000015
128953  23.346  -87.353  -21.106 0.3000000119
129059  20.900  -86.476  -5.030 0.4000000060
129138  2.472  -90.793  -20.806 0.1000000015
129160  -3.081  -70.687  6.249 0.5000000000
129169  -1.960  -75.759  8.822 0.2000000030
129216  6.983  -86.114  -0.459 0.2000000030
129453  25.769  -79.465  -10.630 0.1000000015
129575  2.738  -62.774  4.603 0.6999999881
129594  -2.572  -70.562  -7.362 0.2000000030
129709  22.199  -86.593  -29.350 0.1000000015
129754  7.573  -92.379  -21.734 0.5000000000
129778  8.809  -61.439  -10.523 0.1000000015
129919  -1.442  -87.052  -0.470 0.6999999881
129960  4.730  -94.349  -17.329 0.3000000119
130051  1.259  -65.987  -13.478 0.6000000238
130198  7.699  -63.371  -8.822 0.1000000015
130300  5.544  -63.317  6.543 0.4000000060
130436  -1.636  -78.091  -23.452 0.8999999762
130625  6.253  -62.788  6.392 0.5000000000
130667  2.570  -69.465  -16.479 0.3000000119
130694  8.176  -94.015  -17.478 0.6000000238
130727  4.107  -91.688  -17.236 0.1000000015
130756  -3.762  -61.367  1.119 0.3000000119
130798  14.605  -88.349  -16.031 0.6999999881
130899  0.453  -80.950  -7.657 0.8999999762
130979  0.766  -89.083  -15.130 0.1000000015
131012  7.172  -89.959  0.447 0.2000000030
131016  -2.103  -82.390  -9.371 0.8999999762
131019  21.725  -73.705  -4.581 0.1000000015
131141  6.296  -60.856  -11.658 0.2000000030
131198  9.710  -80.584  -29.646 0.4000000060
131212  5.530  -57.694  -0.446 0.4000000060
131447  17.119  -85.366  -33.356 1.0000000000
131558  17.585  -58.284  -3.619 0.1000000015
131581  21.806  -54.868  -6.209 0.1000000015
131992  15.428  -56.078  -6.471 0.1000000015
132141  4.255  -83.559  -9.114 0.8999999762
132230  12.158  -87.889  -29.634 0.3000000119
132256  -2.622  -54.966  -0.470 0.6000000238
132271  5.876  -81.786  -3.310 0.5000000000
132296  9.885  -57.382  3.100 0.5000000000
132324  20.354  -88.880  -29.278 0.5000000000
132325  10.805  -58.629  4.005 0.3000000119
132355  -2.138  -77.355  2.797 0.6999999881
132498  1.467  -56.991  1.433 0.5000000000
132519  -3.183  -78.086  -0.100 0.6999999881
132607  0.443  -71.846  5.272 0.4000000060
132685  -4.752  -62.693  1.933 0.6000000238
132855  10.040  -61.707  3.144 0.2000000030
133010  -0.112  -70.381  -14.383 0.5000000000
133052  -3.006  -77.939  1.172 0.6999999881
133064  25.921  -83.214  -30.906 0.2000000030
133245  -4.709  -59.225  -10.071 1.0000000000
133250  7.388  -76.007  -30.729 0.6000000238
133326  16.730  -90.098  -2.178 0.5000000000
133427  6.844  -70.315  -16.825 0.3000000119
133450  20.799  -87.601  -15.800 0.1000000015
133451  -4.212  -74.843  6.569 0.2000000030
133512  1.717  -73.753  8.324 0.1000000015
133514  1.463  -76.276  2.149 0.6999999881
133545  2.408  -90.200  -20.945 0.1000000015
133574  0.715  -85.849  9.910 0.1000000015
133592  -4.419  -81.638  6.289 0.4000000060
133620  15.680  -88.331  -8.051 0.8000000119
133781  11.583  -72.327  -13.665 0.1000000015
134083  10.268  -79.824  -25.965 0.5000000000
134086  -0.838  -70.797  -16.386 0.5000000000
134102  4.886  -68.577  -16.367 0.3000000119
134131  11.634  -84.098  -29.876 0.1000000015
134148  9.126  -89.311  2.828 0.2000000030
134365  9.822  -68.928  -8.028 0.1000000015
134592  11.336  -82.556  -29.636 0.2000000030
134659  3.923  -92.078  -12.403 0.1000000015
134760  -4.426  -62.526  0.899 0.3000000119
134788  1.722  -80.346  2.321 0.3000000119
134897  17.035  -86.867  -9.804 0.6999999881
134945  -4.549  -60.078  -5.390 0.6999999881
134993  16.075  -90.181  -8.248 0.8999999762
135156  3.526  -66.368  -11.314 0.2000000030
135244  -0.298  -73.986  3.448 0.6999999881
135265  -2.648  -67.106  5.870 0.6000000238
135312  -4.143  -84.505  -8.046 0.8999999762
135721  19.786  -87.304  -7.643 0.6000000238
135966  2.665  -47.789  -7.101 0.5000000000
136032  24.325  -87.256  -21.495 0.2000000030
136069  18.415  -80.712  -10.460 0.2000000030
136083  5.013  -61.660  -6.004 0.2000000030
136126  2.301  -93.066  -6.542 0.6999999881
136259  2.355  -71.030  4.792 0.2000000030
136391  8.370  -64.226  -8.915 0.1000000015
136402  3.705  -58.408  0.187 0.1000000015
136438  -0.224  -85.004  -17.034 0.1000000015
136440  8.985  -89.265  -24.270 0.4000000060
136475  8.518  -69.241  -8.789 0.1000000015
136515  8.711  -68.776  -15.260 0.1000000015
136555  -1.663  -84.970  3.159 0.5000000000
136648  7.468  -72.857  -18.425 0.3000000119
136864  7.453  -66.184  6.717 0.1000000015
137057  -3.340  -70.789  -7.343 0.2000000030
137065  18.837  -87.940  1.082 0.4000000060
137093  15.252  -81.765  -11.651 0.2000000030
137095  -4.488  -80.024  9.835 0.2000000030
137179  9.234  -92.315  -6.002 0.8999999762
137184  3.343  -80.723  2.441 0.4000000060
137192  11.636  -88.706  -21.124 0.8999999762
137213  18.472  -85.451  -33.599 1.0000000000
137258  16.717  -89.676  -7.476 0.8000000119
137333  1.989  -75.360  -28.895 0.8000000119
137334  2.686  -74.884  0.650 0.6999999881
137433  1.004  -90.836  -10.447 0.1000000015
137570  7.885  -60.059  5.545 0.4000000060
137659  1.389  -77.912  -1.375 0.6999999881
137731  -5.295  -64.911  -0.500 0.5000000000
137735  4.838  -85.054  0.337 0.2000000030
137866  6.590  -49.872  -10.643 0.4000000060
137923  9.162  -87.789  -29.029 0.1000000015
137992  15.052  -90.173  1.597 0.4000000060
138018  13.527  -83.783  -16.842 0.3000000119
138061  15.597  -49.238  -7.867 0.2000000030
138174  11.733  -87.148  -0.923 0.4000000060
138239  19.322  -82.698  -10.111 0.2000000030
138258  10.303  -85.433  -6.011 0.8000000119
138346  4.330  -67.961  6.520 0.2000000030
138405  5.182  -60.714  1.928 0.1000000015
138474  2.507  -81.369  -0.375 0.5000000000
138586  -2.226  -63.620  -16.814 0.8000000119
138599  0.463  -73.591  8.376 0.1000000015
138680  -2.030  -74.202  -6.488 0.1000000015
138691  2.413  -72.660  6.047 0.1000000015
138704  -3.196  -78.242  1.414 0.6000000238
138800  4.914  -84.665  -6.327 0.6999999881
138826  16.409  -55.431  -1.161 0.6000000238
138940  8.773  -93.621  -17.371 0.6000000238
138968  8.957  -88.243  -28.380 0.1000000015
139049  5.787  -91.832  -22.920 0.3000000119
139052  25.315  -86.541  -5.694 0.2000000030
139106  5.258  -58.917  4.684 0.6000000238
139130  5.323  -68.090  -13.672 0.2000000030
139142  19.364  -81.727  -10.290 0.2000000030
139227  -0.171  -71.229  -15.226 0.5000000000
139329  -0.913  -57.770  -4.468 0.8999999762
139331  14.463  -91.954  -14.045 0.8999999762
139359  11.738  -84.246  -30.726 0.2000000030
139383  -3.151  -73.460  3.135 0.5000000000
139442  12.263  -85.693  -32.416 0.2000000030
139511  10.003  -79.749  -29.933 0.6000000238
139512  8.684  -87.418  -4.758 0.8000000119
139648  1.025  -50.777  -9.457 0.6000000238
139706  5.023  -57.112  -0.942 0.4000000060
139755  -0.862  -59.116  3.258 0.8000000119
139871  -4.357  -68.901  -6.204 0.4000000060
139906  -4.123  -74.686  5.652 0.4000000060
139932  12.055  -91.224  -23.793 0.6000000238
140021  14.235  -83.501  -27.779 0.2000000030
140051  3.137  -54.679  -11.664 0.2000000030
140112  4.251  -84.733  -10.533 1.0000000000
140237  -4.510  -78.353  -6.487 0.4000000060
140320  -2.187  -69.499  -22.879 0.8000000119
140356  -3.641  -74.669  -2.649 0.8000000119
140366  6.059  -88.552  11.365 0.1000000015
140382  3.190  -92.688  -5.469 0.8000000119
