global_signal	global_signal_derivative1	global_signal_derivative1_power2	global_signal_power2	csf	csf_derivative1	csf_power2	csf_derivative1_power2	white_matter	white_matter_derivative1	white_matter_power2	white_matter_derivative1_power2	csf_wm	tcompcor	std_dvars	dvars	framewise_displacement	rmsd	t_comp_cor_00	t_comp_cor_01	t_comp_cor_02	t_comp_cor_03	t_comp_cor_04	t_comp_cor_05	c_comp_cor_00	c_comp_cor_01	c_comp_cor_02	c_comp_cor_03	c_comp_cor_04	c_comp_cor_05	c_comp_cor_06	c_comp_cor_07	w_comp_cor_00	w_comp_cor_01	w_comp_cor_02	w_comp_cor_03	w_comp_cor_04	w_comp_cor_05	w_comp_cor_06	w_comp_cor_07	w_comp_cor_08	w_comp_cor_09	w_comp_cor_10	w_comp_cor_11	w_comp_cor_12	w_comp_cor_13	w_comp_cor_14	w_comp_cor_15	w_comp_cor_16	w_comp_cor_17	w_comp_cor_18	w_comp_cor_19	w_comp_cor_20	w_comp_cor_21	w_comp_cor_22	w_comp_cor_23	w_comp_cor_24	w_comp_cor_25	w_comp_cor_26	w_comp_cor_27	a_comp_cor_00	a_comp_cor_01	a_comp_cor_02	a_comp_cor_03	a_comp_cor_04	a_comp_cor_05	a_comp_cor_06	a_comp_cor_07	a_comp_cor_08	a_comp_cor_09	a_comp_cor_10	a_comp_cor_11	a_comp_cor_12	a_comp_cor_13	a_comp_cor_14	a_comp_cor_15	a_comp_cor_16	a_comp_cor_17	a_comp_cor_18	a_comp_cor_19	a_comp_cor_20	a_comp_cor_21	a_comp_cor_22	a_comp_cor_23	a_comp_cor_24	a_comp_cor_25	edge_comp_00	edge_comp_01	edge_comp_02	edge_comp_03	edge_comp_04	edge_comp_05	edge_comp_06	edge_comp_07	edge_comp_08	edge_comp_09	edge_comp_10	edge_comp_11	edge_comp_12	edge_comp_13	edge_comp_14	edge_comp_15	edge_comp_16	edge_comp_17	edge_comp_18	edge_comp_19	edge_comp_20	edge_comp_21	edge_comp_22	edge_comp_23	cosine00	cosine01	cosine02	cosine03	cosine04	cosine05	cosine06	cosine07	trans_x	trans_x_derivative1	trans_x_power2	trans_x_derivative1_power2	trans_y	trans_y_derivative1	trans_y_derivative1_power2	trans_y_power2	trans_z	trans_z_derivative1	trans_z_power2	trans_z_derivative1_power2	rot_x	rot_x_derivative1	rot_x_power2	rot_x_derivative1_power2	rot_y	rot_y_derivative1	rot_y_power2	rot_y_derivative1_power2	rot_z	rot_z_derivative1	rot_z_derivative1_power2	rot_z_power2	motion_outlier00	motion_outlier01	motion_outlier02	motion_outlier03	motion_outlier04	motion_outlier05	motion_outlier06	motion_outlier07	motion_outlier08	motion_outlier09	motion_outlier10	motion_outlier11	motion_outlier12	motion_outlier13	motion_outlier14	motion_outlier15	motion_outlier16	motion_outlier17	motion_outlier18	motion_outlier19	motion_outlier20	motion_outlier21	motion_outlier22	motion_outlier23	motion_outlier24
2219.048320971858	n/a	n/a	4924175.450808023	2478.228292892228	n/a	6141615.471691527	n/a	2389.4743231068487	n/a	5709587.540786933	n/a	2418.1420227381896	1604.6243482509774	n/a	n/a	n/a	n/a	-0.0495064827	-0.0217897369	0.0699622929	-0.0216835134	0.037844336	-0.0168737722	-0.0013575558	0.0835824352	-0.0295421611	0.0153847706	-0.0028802267	0.014740759	-0.0522153879	-0.0135237054	0.0363678858	-0.0163292124	0.008415814	-0.0009971466	0.0337044522	-0.0626126889	-0.0297150858	0.0337949755	-0.0661498695	0.0730157301	-0.0459866666	0.1580326408	-0.1966451757	0.1094437876	-0.1797693094	0.0281065787	-0.1036706293	0.1394409392	-0.1400644891	0.1430424886	-0.0131182545	0.0859766317	-0.0199681608	0.0485674772	-0.1075514311	0.0607337089	-0.0196584835	0.0545671382	-0.0326174481	-0.0205567513	0.020086719	-0.0526870585	0.0293612181	-0.0585917375	0.0870621143	0.0212993723	-0.004491329	0.0343740153	-0.073329364	0.1221068201	-0.0799738905	0.08355009	-0.0320318807	0.0360204219	-0.0976723927	0.1130631385	0.0408238911	-0.1632040921	0.1567449122	-0.0709037811	0.1912309535	-0.0641873013	0.0516833543	-0.107948014	-0.0205704346	0.0721241748	-0.0064977572	0.0732798679	-0.1347461314	0.0029724028	-0.0558584342	-0.038781261	0.0785591187	-0.0944116189	0.084456837	-0.0120832208	0.0526284451	-0.0274494985	0.0314453425	-0.0490936956	0.045540713	-0.0730159834	0.1505001873	-0.3067008323	0.0233332363	-0.0374468307	-0.0485634288	-0.0273634456	0.0816485389	0.0816451812	0.0816395852	0.081631751	0.0816216788	0.0816093689	0.0815948217	0.0815780375	-0.0003212026655887	n/a	1.0317115238128627e-07	n/a	-0.0580573450882582	n/a	n/a	0.003370655318697	0.0603375886537875	n/a	0.0036406246045536	n/a	-0.004050136111072	n/a	1.6403602518209423e-05	n/a	-0.0021760802990606	n/a	4.73532546795967e-06	n/a	-0.0019419138241683	n/a	n/a	3.7710293004959513e-06	0.0	0.0	0.0	0.0	0.0	0.0	0.0	0.0	0.0	0.0	0.0	0.0	0.0	0.0	0.0	0.0	0.0	0.0	0.0	0.0	0.0	0.0	0.0	0.0	0.0
2225.44103439472	6.392713422862016	40.8667849068402	4952587.7975678425	2504.235860340631	26.007567448402824	6271197.24421598	676.3935645832222	2395.732551574707	6.258228467858316	5739534.458674656	39.16542355591225	2421.411821306722	1640.483591602805	1.113029	29.40485	0.0855422393936964	0.0412746697884142	-0.0700948743	-0.0169320622	0.0512046458	0.0484562093	0.1009928796	-0.0216598889	-0.0467193284	0.0568995068	0.0582502701	-0.0663974675	0.0514874212	0.0067248041	-0.0051813929	-0.0781149451	0.0284432376	-0.0263949677	0.0451735124	0.082722818	-0.0404495937	-0.1255222713	-0.0879063243	-0.0123137382	0.0339891248	0.0965782408	0.1505362784	0.1281065529	-0.1352321522	0.136958348	0.0508481177	-0.0809513172	-0.0848240827	0.0396455566	-0.0541767641	-0.0810740224	-0.0571679248	0.0444950465	-0.0345675428	-0.0318206762	-0.1078493865	0.0665828452	0.0760148774	-0.063880866	-0.0470456593	-0.0328028308	-0.0050256932	-0.024374711	0.0444133379	0.0958722558	0.0127095726	0.0943684951	0.0398073403	0.1721038567	-0.0497857003	0.0751612354	-0.0894984111	0.0792370858	-0.109868983	-0.0440641492	0.0017046954	0.0409407718	-0.0605814675	-0.1362141023	0.0289191822	-0.0135732663	0.0146953774	-0.1112830721	0.0593680449	0.1034524485	-0.0203554639	0.080745595	-0.0112943162	0.0942435526	-0.1057881673	0.0097907794	-0.0075571297	-0.0661688151	0.0885678242	-0.1005813694	0.0245922901	-0.0522212425	-0.0535756373	0.0385485546	-0.0064909092	-0.0236653586	0.1078996479	0.053199357	0.0662883354	-0.2330531836	-0.0037111473	-0.108963443	-0.0749290206	-0.0799827031	0.0816395852	0.0816093689	0.0815590168	0.0814885411	0.0813979594	0.081287294	0.0811565722	0.0810058262	0.0127013964174125	0.0130225990830012	0.0001613254709522	0.0001695880868765	-0.0598011036622239	-0.0017437585739656	3.040693964278889e-06	0.00357617199922	0.0446613741470329	-0.0156762145067545	0.0019946383407012	0.0002457437012617	-0.0039292411611861	0.0001208949498858	1.543893610275909e-05	1.4615588907914232e-08	-0.001664616686779	0.0005114636122816	2.7709487139030955e-06	2.615950266881428e-07	-0.0014722790417363	0.000469634782432	2.2055682886995206e-07	2.1676055767359574e-06	0.0	0.0	0.0	0.0	0.0	0.0	0.0	0.0	0.0	0.0	0.0	0.0	0.0	0.0	0.0	0.0	0.0	0.0	0.0	0.0	0.0	0.0	0.0	0.0	0.0
2227.017344867036	1.576310472315981	2.484754705133032	4959606.254338624	2499.6250838094684	-4.610776531162628	6248125.559609491	21.25926022032008	2396.371412194293	0.638860619586012	5742595.94518207	0.4081428912578231	2430.1228886030035	1644.8534537263972	1.256302	33.189964	0.121177969552682	0.0717258803191619	-0.0867990062	-0.0284132913	0.0458828097	-0.0139802537	0.0109472906	-0.022513746	-0.0229536128	0.0765706219	-0.0115731588	0.0320156629	-0.1001227106	0.047171774	-0.0720066423	-0.0980651983	0.0334376817	-0.0687918321	0.1322418705	-0.0253442276	0.016436573	-0.0229788731	0.0255468407	0.0772823138	-0.0062780751	0.100856474	-0.1549516834	0.1324561495	-0.0139533926	-0.04442374	-0.0219448082	0.056110694	-0.2151290198	0.0083508615	0.0243315425	-0.1174135882	0.1184502181	-0.0017179224	-0.0801968892	-0.0936160285	-0.0640484484	0.092722446	-0.0009350396	0.0856280308	-0.0555139446	-0.1097664758	-0.0513343285	-0.0217285771	0.0214662279	-0.0262053556	-0.0116395745	-0.0072507872	0.0178318321	-0.0858699099	-0.1026386252	0.0425735815	-0.0743952683	0.059656394	-0.022307349	0.0172973188	0.0562065106	0.1060315761	-0.0502224221	0.0388141305	0.0711649645	-0.2330958046	0.1322177074	-0.0906361583	0.0856518638	0.0609899208	-0.055614183	0.0694263964	-0.0145820648	0.0549294543	-0.0494967525	-0.023665036	-0.0011961823	-0.0692995199	0.0384488049	-0.1343670553	0.0145017555	0.0073287092	-0.003961321	0.0240793222	0.0828385106	0.0398932886	-0.03673742	-0.1570282495	0.1415373347	-0.1357143844	-0.0185039825	-0.0702481105	0.011548656	-0.0575817013	0.0816216788	0.0815377601	0.0813979594	0.0812023727	0.0809511339	0.0806444153	0.080282427	0.0798654172	0.0170919189668268	0.0043905225494143	0.0002921336939685	1.927668825691544e-05	-0.049871316762136	0.0099297869000879	9.860066788115732e-05	0.0024871482355893	0.0614667217918878	0.0168053476448548	0.0037781578878413	0.0002824197094644	-0.003979250125427	-5.000896424089962e-05	1.5834431560710793e-05	2.500896504447577e-09	-0.0006560505253154	0.0010085661614636	4.3040229176661245e-07	1.0172057020494209e-06	-0.0007298079182743	0.0007424711234619	5.512633691749243e-07	5.326195975758673e-07	0.0	0.0	0.0	0.0	0.0	0.0	0.0	0.0	0.0	0.0	0.0	0.0	0.0	0.0	0.0	0.0	0.0	0.0	0.0	0.0	0.0	0.0	0.0	0.0	0.0
2247.0802939133714	20.062949046335238	402.5219244358439	5049369.847293804	2499.795882950968	0.1707991414996286	6248979.45641861	0.0291723467370101	2396.779286923616	0.4078747293228844	5744550.950226077	0.1663617948202162	2428.213363895796	1688.7465406406425	1.227593	32.431492	0.0801430665564764	0.0397398169930305	-0.14595543	0.0208131857	0.0470791778	-0.0460321129	0.0516884628	-0.006181595	-0.1152637634	0.1378383198	-0.0216425971	-0.0194327106	-0.0523680732	0.0656947055	0.0627174861	-0.0643497648	0.0536886294	-0.0348854533	0.204488232	-0.0690198889	-0.069736934	-0.020256517	0.0341858944	0.0731158002	-0.0188134824	0.0050073988	-0.0638497943	0.1458923567	-0.1036978294	-0.0117752009	-0.0186627779	0.0934210413	-0.1527985462	-0.213917792	-0.0579469116	-0.0384464019	-0.0445195562	-0.0363926254	-0.0648513529	0.095531737	0.0850939399	0.1235640001	0.0366201641	-0.0081691446	-0.1148661603	-0.1159159804	-0.1492720396	0.0136346352	-0.0182990117	-0.029415281	0.0343575258	0.0276422317	0.0334675445	-0.0672916918	-0.0665726454	0.0483399201	-0.1164934237	0.0807178323	-0.0719141595	0.1888107644	-0.0086668799	0.1278318954	-0.1459632375	0.0652394922	0.0548577064	-0.0423849439	0.0565822495	0.0104425669	-0.0797329643	0.0681123923	-0.045536573	0.0816577839	-0.0148535482	0.0859389505	0.0060012354	-0.0687865077	-0.0424277071	-0.0758737878	0.0044595727	-0.1054705359	-0.0629530991	-0.0259112274	0.0209072075	0.033271655	0.0155818218	-0.0762778656	-0.0553504192	-0.0873101716	0.0708965281	-0.1418407152	0.0470261403	-0.1169955027	-0.023511532	-0.0678043272	0.0815948217	0.0814303861	0.0811565722	0.0807737477	0.080282427	0.0796832699	0.0789770813	0.0781648097	0.0065555993318042	-0.0105363196350226	4.297588259915168e-05	0.0001110140314513	-0.0816099674190411	-0.0317386506569051	0.001007341945521	0.0066601867821369	0.0396432738054741	-0.0218234479864137	0.0015715891580157	0.0004762628820157	-0.0040631620894613	-8.391196403430019e-05	1.6509286165235518e-05	7.041217708093688e-09	-0.0004200211093308	0.0002360294159846	1.764177322834759e-07	5.570988521003136e-08	-0.0007288563327305	9.51585543799982e-07	9.055150471691077e-13	5.312315537613533e-07	0.0	0.0	0.0	0.0	0.0	0.0	0.0	0.0	0.0	0.0	0.0	0.0	0.0	0.0	0.0	0.0	0.0	0.0	0.0	0.0	0.0	0.0	0.0	0.0	0.0
2248.504179050676	1.423885137304751	2.0274488842373697	5055771.043208355	2539.273817831011	39.477934880042994	6447911.521922078	1558.5073423929152	2395.5184352708898	-1.26085165272616	5738508.573722692	1.589746890182289	2428.003892343256	1744.8281444800828	1.209869	31.963263	0.1908427740215962	0.0997656500262863	-0.1395708741	0.0137703661	-0.0473991532	0.0168078023	0.0362755675	0.0744370205	-0.1070234243	0.0113657699	0.0723882946	-0.0331435362	-0.0506999782	0.0479966751	-0.0322222362	-0.1125759771	0.0338057555	-0.0166147332	0.0909519933	0.0189944132	-0.0703165064	0.0236394218	0.0415686355	-0.0118769939	0.0521219986	-0.0595262044	0.0502886785	0.0222948167	0.0909990721	0.0129011979	0.1972453404	0.012575706	-0.0501103049	-0.1683294005	-0.0211500233	-0.0051761512	-0.0582601869	0.0317237096	-0.11778736	-0.0807650208	-0.009408525	-0.0364115122	-0.0550704822	-0.0922969959	-0.0583388513	-0.0532725013	-0.0576047712	0.0483015664	0.019533227	0.0128606988	-0.0817015185	0.0202630089	0.0581302876	0.0348908077	0.0116121976	-0.0887294561	-0.0871035215	0.0289353371	-0.0231473682	0.0954534927	0.0843003743	-0.059108168	-0.0817186022	0.0839567347	-0.0721587142	-0.0689734292	-0.0434772154	-0.0414057771	-0.1443949571	0.0233462367	-0.0570068511	0.0915236268	-0.0162670812	0.0649609242	0.0373435745	-0.0597445858	-0.0019245038	-0.109339352	-0.0114510754	0.03081608	-0.0703478249	0.0164817251	0.0271670101	0.0126005956	-0.1180948324	0.0227429834	-0.0398609534	0.0026515849	0.0682198743	-0.1530498932	-0.1045703941	-0.0426389305	-0.0459174999	-0.0760283913	0.0815590168	0.081287294	0.0808350932	0.0802034182	0.0793936715	0.0784076511	0.0772475461	0.0759159322	0.0002487540913449	-0.0063068452404593	6.187859796082686e-08	3.977629688710413e-05	-0.1102363341670269	-0.0286263667479858	0.0008194688731901	0.0121520493705844	0.1119579025299302	0.0723146287244561	0.0125345719389013	0.0052294055275559	-0.0035049736957565	0.0005581883937047	1.2284840607944978e-05	3.115742828667447e-07	0.0002199480443674	0.0006399691536982	4.8377142221043765e-08	4.0956051768519046e-07	-0.0002551152139596	0.0004737411187709	2.2443064761430402e-07	6.50837723936525e-08	0.0	0.0	0.0	0.0	0.0	0.0	0.0	0.0	0.0	0.0	0.0	0.0	0.0	0.0	0.0	0.0	0.0	0.0	0.0	0.0	0.0	0.0	0.0	0.0	0.0
2232.405891557181	-16.098287493495263	259.154860223226	4983636.064659212	2536.620431473006	-2.653386358004809	6434443.2133663	7.040459164846025	2390.777979975161	-4.74045529572868	5715819.349534112	22.471916410802084	2421.7866550880144	1715.732715501614	1.261001	33.314095	0.1926333667260173	0.0931548504853083	-0.1176578939	0.0184390775	-0.0314178113	0.0918117802	0.0113058682	-0.0623934582	-0.0690657638	-0.0278677642	0.1028299931	-0.0457842	-0.0081996069	-0.038538756	-0.0905623062	-0.0783400093	-0.0100631304	-0.0285781711	0.025167219	0.0753859711	0.0249121456	-0.0167143691	-0.0405880574	-0.0175037906	-0.0706169115	-0.0905778514	0.0047584807	-0.1004554426	0.0806422735	0.0030206806	-0.0335565179	-0.0089847352	0.03726558	-0.1018855011	-0.027944781	-0.10263005	0.0783164499	-0.0664974066	0.0532504051	0.0001653684	-0.0445590368	-0.1514652915	0.0334945119	0.006139508	-0.0107317446	-0.0322455557	-0.0075070309	-0.001228807	0.0912719975	0.0005991944	-0.0289281237	-0.0410895412	0.1272701104	0.0312550452	0.0431176306	-0.0273605107	0.0241250801	-0.0648995786	-0.0238577671	-0.0420736477	0.0551835692	-0.071368209	0.0939433952	0.0740351778	0.0879654623	0.0626037273	-0.0730155408	0.068896227	-0.044918739	0.0740485732	-0.0549172198	0.0625220855	-0.0482380398	0.0207723219	0.0216973733	-0.0546972536	0.0730740467	-0.0727221023	0.0845611405	0.0400036952	0.0010495692	-0.0840564034	0.0346858942	-0.0458784063	-0.0927637278	0.0302345052	-0.058571552	0.0318580681	-0.1099405409	0.0468916429	-0.0748239306	-0.0350935541	-0.0241934853	-0.0598227368	0.081514268	0.0811085467	0.0804338397	0.0794923845	0.0782873035	0.0768225931	0.0751031108	0.073134559	0.0082819178490893	0.0080331637577444	6.859016325906395e-05	6.453171995873812e-05	-0.0628113354849659	0.047424998682061	0.0022491304999934	0.0039452638654049	0.0342896675633994	-0.0776682349665308	0.0011757813016084	0.0060323547228162	-0.0030170062104055	0.000487967485351	9.102326473625356e-06	2.381122667597784e-07	0.0006660000674814	0.0004460520231139	4.435560898852293e-07	1.9896240732409238e-07	1.0046639690231877e-06	0.0002561198779286	6.559739187017286e-08	1.009349690653425e-12	0.0	0.0	0.0	0.0	0.0	0.0	0.0	0.0	0.0	0.0	0.0	0.0	0.0	0.0	0.0	0.0	0.0	0.0	0.0	0.0	0.0	0.0	0.0	0.0	0.0
2232.704960173812	0.2990686166313026	0.089442037453761	4984971.439184744	2509.489920089494	-27.130511383512385	6297539.659030774	736.0646479308951	2392.255271248196	1.4772912730350072	5722885.28281478	2.1823895053853923	2416.514583980844	1629.1834549132934	1.22156	32.272125	0.1776009333943165	0.086455690939872	-0.1064003422	0.0398808653	0.0593557118	-0.0328105179	-0.0344825527	-0.104463232	-0.0623875135	0.0349123557	-0.0289379082	0.0370369437	0.0433979757	-0.0462877445	-0.05605192	-0.1063710498	0.0272465095	-0.0325766538	0.0508923111	0.092994585	0.0144202919	-0.0644529321	-0.029531003	-0.1332029738	-0.1821524818	-0.1373799951	-0.0122861644	-0.0992874234	0.0222442188	-0.0830853338	-0.1390746224	-0.082977139	0.0948694127	-0.066239114	0.0184373168	-0.0906340618	0.1000232067	-0.1095970777	0.0674672677	0.0211510302	0.0858837639	-0.0355665592	0.0118996092	-0.1097323251	-0.0399038282	-0.0307266198	0.0114034872	-0.0699319422	0.1148922405	0.0069855593	0.1397821127	0.0197869821	0.0835044325	0.138730214	0.1019963986	-0.0180297253	0.056665	-0.1036245802	0.0366816498	0.0355564555	0.0690953344	0.038427338	0.0963040551	0.116401208	0.0379094888	0.2124535876	-0.0590835478	-0.0015265453	-0.0225356013	0.0667947335	-0.0595260073	0.0269402493	-0.0466337455	-0.0587444371	0.0314321008	-0.0966007775	0.0224887156	-0.0909074723	0.0830903723	-0.0274102404	0.0195284231	-0.1026553048	0.0560690881	-0.1048525955	-0.0281743196	-0.0554848818	-0.1627866312	0.168176138	-0.1650291213	0.1248039857	-0.0449016656	-0.0382446017	-0.1444320346	-0.0508532745	0.0814605803	0.0808942224	0.0799532077	0.0786418943	0.0769663555	0.0749343514	0.0725552932	0.0698401994	0.0010992931059092	-0.0071826247431801	1.2084453326994951e-06	5.1590098201343e-05	-0.0521088761426256	0.0107024593423403	0.0001145426359744	0.0027153349728474	-0.0065638166947579	-0.0408534842581573	4.308368960238252e-05	0.0016690071760315	-0.0030720457697554	-5.503955934989995e-05	9.437465211472048e-06	3.0293530934311592e-09	0.0018868094708546	0.0012208094033732	3.560049979306616e-06	1.4903755993644288e-06	0.0011024030022587	0.0011013983382896	1.213078299587261e-06	1.2152923793889957e-06	0.0	0.0	0.0	0.0	0.0	0.0	0.0	0.0	0.0	0.0	0.0	0.0	0.0	0.0	0.0	0.0	0.0	0.0	0.0	0.0	0.0	0.0	0.0	0.0	0.0
2249.3309776812184	16.62601750740623	276.4244581565785	5059489.847156346	2547.2516802887417	37.761760199247874	6488491.122733817	1425.9505333455008	2396.2505745265794	3.9953032783832896	5742016.815918962	15.962448286260262	2429.457147139537	1695.3535782248673	1.291063	34.108311	0.0645150060051211	0.033870725834284	-0.1095500808	0.044764645	-0.0153341113	-0.0373926043	-0.0609354756	-0.0207184158	-0.11954211	0.0112567391	0.0014479722	0.0346756242	0.0467943144	-0.038656633	-0.0530958649	-0.1011713065	0.0363243997	-0.0579982417	0.0852279546	0.0637244848	0.0093616468	0.016843415	0.0296427938	0.0722273852	0.0472736518	-0.002441032	-0.0936415284	-0.0717239464	0.0072064078	-0.0321169089	0.0670816875	0.0505045646	-0.0503583831	0.0226630348	0.049977186	0.0657027964	0.0072496202	0.0025625493	-0.088743302	0.0092857848	0.0463176732	-0.03859787	-0.0782797555	-0.0676571216	-0.0396034301	-0.0819968771	-0.0257556855	0.0085373181	0.0735352497	0.0779459187	0.0529535059	-0.0529963032	-0.0014924563	-0.1081787783	0.0158250026	0.0055331095	0.0323189239	-0.0378880123	-0.0099871021	0.0153611431	-0.0277773382	0.0036079043	-0.0445657594	0.0083983257	-0.0400630165	-0.0842345384	0.0062918566	-0.0709763101	0.0364576807	-0.0926635559	-0.063912683	0.0284778706	-0.0556032666	-0.0259379391	0.0937685071	-0.087546718	0.0569106322	-0.0029779826	0.0029886231	0.0317797097	0.037857244	-0.0978637642	0.0914305342	0.0244999573	-0.0363662609	-0.0378155781	-0.0232690184	0.0304057773	0.0807339364	0.1113427523	-0.0379666521	-0.0241345064	0.0724284841	0.0089697754	0.0813979594	0.0806444153	0.0793936715	0.0776534394	0.0754344479	0.0727503781	0.0696177779	0.066055961	0.016134321362486	0.0150350282565768	0.0002603163258279	0.000226052074676	-0.0337536868612886	0.0183551892813369	0.0003369129735537	0.0011393113767299	-0.0239377860129152	-0.0173739693181573	0.0005730175992001	0.0003018548098682	-0.003041912123318	3.0133646437400036e-05	9.253229365989022e-06	9.080366476142315e-10	0.0016423289917606	-0.000244480479094	2.697244517177389e-06	5.977070465803177e-08	0.0011020007448091	-4.0225744960009125e-07	1.618110557587699e-13	1.214405641559811e-06	0.0	0.0	0.0	0.0	0.0	0.0	0.0	0.0	0.0	0.0	0.0	0.0	0.0	0.0	0.0	0.0	0.0	0.0	0.0	0.0	0.0	0.0	0.0	0.0	0.0
2232.624461893821	-16.70651578739762	279.107669754566	4984611.987846673	2538.228748833956	-9.02293145478552	6442605.181407191	81.41329203775796	2387.7809783272123	-8.46959619936706	5701498.000461259	71.73405978033296	2425.7579550993164	1735.1641138773475	1.244634	32.881706	0.1475368381169889	0.0799270918910772	-0.050876496	0.0662899513	-0.1051755967	0.0769089723	-0.0058838294	-0.0374573811	-0.0777011946	-0.0924314891	-0.0132199528	0.0244433277	0.0086397755	-0.0010099052	0.0323515766	-0.0175502748	0.0095317976	0.0072685897	-0.050221233	0.0403615213	-0.0545440349	0.0438605853	-0.0004086644	-0.1017875765	-0.0737083494	0.0381914242	-0.0544324325	-0.1044066099	-0.0446884881	0.0556376941	0.0085666758	-0.0407604712	0.0409758674	0.0113533453	0.0269347105	0.0279184978	0.0392481978	-0.0846503508	0.0114110301	0.0313304555	-0.0009635156	0.0043721117	-0.0031556813	0.0421765767	0.0096145942	0.0132672767	0.0245851565	0.1029599294	0.0376725358	0.0326699391	0.0290859536	-0.0884009916	0.0362988718	0.0388118809	0.1186061523	-0.0640883035	0.1390067151	0.0104523886	-0.0396289556	0.03058807	0.0521780749	0.0950217608	0.032933019	-0.0359777226	0.0015851317	0.1000305606	0.0035343357	-0.0185681015	0.0867807854	-0.0387254559	-0.0119524493	0.00512323	-0.0663593166	0.014041798	0.014596717	-0.0488390366	0.0290363411	0.0643185684	-0.0125877893	0.1369004341	0.012095269	-0.0701463891	-0.0068266844	0.0154054291	-0.0626042163	-0.0443952254	-0.0171539627	0.0397625361	-0.070688606	0.0561386977	-0.013570815	-0.0460252375	-0.0149689085	0.0033125154	0.0813264124	0.0803592349	0.0787557834	0.076528754	0.0736957799	0.0702792922	0.0663063423	0.0618083875	0.0001495585202349	-0.0159847628422511	2.236775097485299e-08	0.000255512643123	-0.0323995084250015	0.0013541784362871	1.8337992373049789e-06	0.0010497281461817	-0.033124641498226	-0.0091868554853108	0.0010972418743859	8.439831370798513e-05	-0.0023346210520874	0.0007072910712305	5.450455456849679e-06	5.002606594425292e-07	0.0006865984987214	-0.0009557304930392	4.714174984464803e-07	9.134207753249524e-07	0.0003448014820161	-0.0007571992627929	5.733507235742625e-07	1.1888806200049893e-07	0.0	0.0	0.0	0.0	0.0	0.0	0.0	0.0	0.0	0.0	0.0	0.0	0.0	0.0	0.0	0.0	0.0	0.0	0.0	0.0	0.0	0.0	0.0	0.0	0.0
2223.093156689655	-9.53130520416562	90.84577889495462	4942143.183320376	2497.661274468721	-40.56747436523528	6238311.841980715	1645.719976374022	2381.9083696448283	-5.872608682383998	5673487.481384085	34.487532736411914	2414.568089186822	1680.6309878275067	1.147331	30.311089	0.0767465993566398	0.0431957067646182	-0.0203512867	0.0150626653	-0.0520980048	0.0629894918	-0.0098016742	-0.0398202343	-0.0272233576	-0.0012353207	-0.0111005404	0.0047061046	0.0050468718	-0.0547591656	-0.0102403801	0.0632209278	0.0032604709	0.0005168218	-0.0070823506	0.0229949581	0.0639060307	0.0198106937	-0.033200436	-0.0080765549	-0.007176662	-0.0386165807	0.064771693	-0.0667093921	0.1250850933	0.0914548512	-0.0349008162	0.050056948	0.0425468476	0.0491224173	0.0233718789	0.0641385998	0.0152939144	0.1492054318	-0.0919415201	0.0499115355	0.0738244644	-0.0386328477	-0.0244808035	0.1081549764	0.0056867202	0.0061452418	0.0232261606	-0.0271441052	0.03039365	-0.0167419984	-0.0744293795	-0.0152445516	0.007063541	-0.0232851322	0.0265866555	-0.00933526	0.0226540296	-0.0632602475	-0.0840397144	-0.0826087683	0.0267633371	-0.0800981243	0.0034335648	-0.106176169	-0.0763067505	-0.0133490044	-0.0304547339	0.0480700801	-0.015412694	-0.2295291006	-0.0096589941	-0.0023985808	-0.0422096626	0.0259043189	-0.0055190868	-0.0132893615	0.0466956949	0.0489005286	0.0017461819	0.0266036158	0.0074426566	0.0102472961	-0.0675421901	-0.0001240864	0.0557392049	0.0986010292	-0.0253392797	-0.0156952676	-0.0077231165	0.0489769036	-0.0077931083	-0.0083674581	0.0296690526	0.0298151437	0.0812459471	0.0800388062	0.0780401729	0.0752698111	0.0717551168	0.0675308461	0.0626387723	0.0571272725	0.0111415435255395	0.0109919850053046	0.0001241339921314	0.0001208237343568	-0.0326907764379029	-0.0002912680129013	8.483705533952983e-08	0.0010686868641129	-0.0332560986828198	-0.0001314571845938	0.0011059680996014	1.7280991381328428e-08	-0.0021319809783799	0.0002026400737075	4.545342892173716e-06	4.106299947218112e-08	0.0001522395730084	-0.0005343589257129	2.3176887589779955e-08	2.8553946148915137e-07	-0.0002248373016402	-0.0005696387836562	3.244883438454289e-07	5.0551812208846284e-08	0.0	0.0	0.0	0.0	0.0	0.0	0.0	0.0	0.0	0.0	0.0	0.0	0.0	0.0	0.0	0.0	0.0	0.0	0.0	0.0	0.0	0.0	0.0	0.0	0.0
2223.217612785532	0.1244560958766669	0.0154893198008621	4942696.553799799	2510.219889626574	12.558615157853184	6301203.89427685	157.71881468305972	2380.5040127298107	-1.4043569150176154	5666799.354622731	1.972218344757794	2416.802519151574	1652.777845279899	0.99513	26.290119	0.0473391986395678	0.0239139732478826	0.0073024289	0.0193401958	-0.0398408071	0.0095832489	-0.0317000511	-0.0314887777	-0.0274437097	-0.0564243241	0.0185882085	0.0582705635	-0.0423631497	0.0081203654	-0.0374562832	0.134485938	0.0093411224	-0.0035816358	-0.0281506248	-0.0093915023	0.0697346918	0.0107613841	-0.0212751512	0.0330238552	-0.0311309977	-0.0120534437	0.0095960561	-0.1521694318	0.0332729416	0.0092728751	-0.0735465811	-0.0330155009	0.0037147252	-0.0106428556	0.0784942071	0.0607957244	0.1295047734	0.0626097871	-0.0074183716	0.0699106329	0.0225722502	-0.0375243762	0.0131942584	0.0342169291	0.0087416011	0.0013745698	0.0253162752	0.0029890342	0.0007221382	-0.0462674787	-0.0570142642	-0.0333085298	0.0051124674	-0.0811523372	0.0470948013	0.0675122468	0.076562209	-0.1398323167	-0.042531056	-0.0494607809	0.0328475754	0.068146852	0.0205064132	-0.0206491469	-0.0187959733	0.0018714206	0.0519485368	0.0594502187	0.0489460873	-0.0538449453	-0.0073346771	-0.0309001566	-0.0319349292	-0.0071003889	-0.0237441636	-0.0305978463	0.0008211865	0.0744329541	-0.0402964286	0.0238903579	0.0394192609	0.0197697043	0.0202255371	-0.0390399263	0.0831493322	0.0833309344	-0.0727490451	0.0330841021	-0.003480135	0.0721928745	0.0736737174	0.0132293123	0.0075252415	0.0409342838	0.0811565722	0.0796832699	0.0772475461	0.0738788195	0.0696177779	0.0645158866	0.0586347667	0.0520454508	9.112692225698991e-05	-0.0110504166032825	8.304115960031483e-09	0.0001221117071061	-0.0323092085206155	0.0003815679172873	1.455940755030427e-07	0.0010438849552286	-0.0267952665609669	0.0064608321218528	0.0007179863100732	4.174235170676623e-05	-0.002400941939752	-0.000268960961372	5.764522198060096e-06	7.233999874220423e-08	0.0003309398635253	0.0001787002905169	1.0952119327014421e-07	3.1933793830824466e-08	-0.0003661036896941	-0.0001412663880539	1.9956192393795065e-08	1.340319116076339e-07	0.0	0.0	0.0	0.0	0.0	0.0	0.0	0.0	0.0	0.0	0.0	0.0	0.0	0.0	0.0	0.0	0.0	0.0	0.0	0.0	0.0	0.0	0.0	0.0	0.0
2222.033731761353	-1.183881024178845	1.4015742794107513	4937433.905085284	2495.0888608106925	-15.131028815881564	6225468.423341599	228.94803302703824	2387.2961070848546	6.792094355043901	5699182.702902501	46.13254572781922	2416.0638222444336	1625.1645754420117	0.919615	24.295107	0.0407437806577053	0.023708063641218	-0.0128531336	-0.0229049476	-0.0104499681	0.0045877737	-0.0035213127	-0.019224176	-0.0211779512	-0.0023491049	-0.0103571548	0.0125297562	-0.0371957352	-0.002852209	-0.0334473623	0.1011593565	0.0132586215	-0.0147492503	-0.0293751279	0.0426148059	0.0243907348	0.0547502246	-0.0150922547	-0.0113037532	-0.0411033858	0.0655144674	0.1176978658	-0.0726982604	0.0161712542	-0.0002315917	-0.0305720551	0.0073561202	0.0094917118	0.0539370699	-0.0185554857	-0.0031565302	0.0285866298	-0.0247159293	-0.0027298216	0.0285303275	-0.0374492824	0.0739244176	-0.084647611	0.0784577935	0.0052050549	-0.0030753287	0.0267280898	-0.0323776687	0.0226058913	-0.029811134	-0.0505894972	0.0099288274	-0.0762580486	0.018749782	0.0359675628	0.0540179298	0.0463375738	-0.0433644374	-0.0664904649	-0.0419464213	0.0380781073	-0.0428106219	6.15105e-05	-0.0462585519	-0.0528783369	0.0063851238	-0.0103206069	-0.0562546772	0.0017641022	0.05579536	-0.026099786	-0.0007782854	-0.0083327991	0.0065445594	-0.0328780995	-0.0099555392	0.0369210916	0.0338909243	0.0249556636	0.0015557547	0.0695753986	0.0217975311	-0.0020455034	-0.015056886	0.0439872315	0.0414417495	-0.0089195469	0.0527949636	0.0442641645	0.0322172656	0.0219316766	0.0173781254	0.0188780507	0.0468826973	0.0810582975	0.0792927819	0.0763786853	0.0723582192	0.0672896215	0.0612463124	0.054315831	0.0465985677	-1.5407932622224507e-05	-0.0001065348548792	2.374043876910102e-10	1.1349675304135276e-08	-0.0301904715922489	0.0021187369283666	4.489046171624343e-06	0.0009114645749623	-0.0033987515973024	0.0233965149636645	1.1551512420165615e-05	0.0005473969124449	-0.0024959737762248	-9.503183647280007e-05	6.229885091601888e-06	9.031049943393014e-09	0.0001908729355575	-0.0001400669279678	3.643247752833755e-08	1.961874431033688e-08	-0.0002987625759188	6.73411137753e-05	4.5348256044979e-09	8.925907676963673e-08	0.0	0.0	0.0	0.0	0.0	0.0	0.0	0.0	0.0	0.0	0.0	0.0	0.0	0.0	0.0	0.0	0.0	0.0	0.0	0.0	0.0	0.0	0.0	0.0	0.0
2223.8104387586504	1.776706997297424	3.156687754245629	4945332.867531941	2487.2910748382114	-7.797785972481051	6186616.890969825	60.80546607262226	2380.345890542735	-6.950216542119506	5666046.558623686	48.30550998235162	2410.7097931735984	1616.5877802591838	1.180704	31.192745	0.1948056715994125	0.1073846235305202	0.0064849567	0.0743808555	0.0118401781	-0.0737587686	-0.045886201	-0.0579730816	-0.0014437314	0.0168520744	0.0587232561	0.0251263988	0.0274343142	-0.0350212302	0.1099114401	0.025405403	-0.0031817097	0.0103521041	0.0080880335	-0.0430521141	0.0557663944	0.0512611326	0.0074274989	0.015838426	-0.0022235739	0.0042666276	0.093843328	-0.0481544511	-0.0598844114	-0.0647459184	0.0265435346	0.0782444184	0.0644392717	0.0117409936	-0.0295719795	-0.0415295205	-0.0124874623	-0.0030412231	-0.008985286	-0.0491142087	-0.0561960864	0.0811298277	-0.0670837674	-0.1341328434	-0.017547916	-0.0047358595	-0.0266487105	-0.0248110974	-0.0469567233	0.0437221538	-0.0545007739	0.0024864284	-0.0468036575	-0.0201104274	0.077320205	-0.0050139735	0.0721633981	-0.0166615652	-0.0814461391	0.0089132965	-0.1484734797	-0.1042764927	-0.0274717538	0.0149100034	0.0817353926	0.0042943754	-0.040088349	0.1007892486	0.0447953694	0.1246750987	0.021736916	-0.0482827958	-0.0393084614	-0.0124281357	0.0576457335	-0.0492961517	0.0066926134	0.0473665454	-0.0092761631	-0.0070250067	-0.004037683	0.020456055	0.0004319308	0.0676178872	0.0376970234	-0.0437268924	-0.0047955547	0.0574572499	0.040312039	0.1166107826	0.0231701813	0.0957250383	-0.0402177976	0.1093120438	0.0809511339	0.0788675135	0.0754344479	0.0707106781	0.064777029	0.0577350269	0.0497051625	0.040824829	0.0087689198744556	0.0087843278070778	7.689395576462242e-05	7.71644150222007e-05	-0.0330402571241137	-0.0028497855318648	8.121277577625956e-06	0.0010916585908275	-0.0560162185800123	-0.0526174669827099	0.0031378167440037	0.0027685978316765	-0.0010841404765689	0.0014118332996559	1.1753605729350417e-06	1.9932732660172666e-06	0.0004151332905573	0.0002242603549997	1.723356489289317e-07	5.0292706824636316e-08	0.0006762255949807	0.0009749881708995	9.506019333939528e-07	4.572810553070018e-07	0.0	0.0	0.0	0.0	0.0	0.0	0.0	0.0	0.0	0.0	0.0	0.0	0.0	0.0	0.0	0.0	0.0	0.0	0.0	0.0	0.0	0.0	0.0	0.0	0.0
2242.9533730875783	19.142934328927826	366.4519347216433	5030839.833844945	2518.09322300242	30.80214816420857	6340793.479730715	948.7723315298576	2394.151821634044	13.805931091309048	5731962.945033612	190.60373329797383	2427.441100522364	1682.6256717590516	1.114315	29.438831	0.0831680073351616	0.0492712325623593	0.0050922123	0.1111608238	-0.0568073806	-0.0568069523	-0.0483361298	0.0179518292	-0.0707151954	-0.0260354249	-0.0367259177	0.037078085	0.0390399835	-0.0441815127	0.0985396589	-0.0006305543	-0.0034425168	-0.0072064094	0.0676212027	0.017963358	-0.0820039655	0.0299682514	0.006030266	0.0113552479	0.0693279354	0.0585876924	0.026842466	-0.106107821	0.0641727774	-0.0695800661	0.0370875006	0.0080761418	0.0334219484	-0.0254365232	-0.0176346937	0.1013966973	-0.1532668025	-0.0464412706	0.0725808113	-0.035933573	-0.0971666969	-0.0035919743	0.068169779	-0.0341837504	-0.0066732421	-0.040177691	-0.0577612859	0.0914865016	0.0208989156	0.0425595599	-0.0448517968	0.033934441	-0.0773651862	-0.0620705328	-0.0119946769	-0.0221376358	0.135871635	0.0148363875	0.0347118153	0.0193610328	-0.030779648	-0.0678372269	-0.0267758442	0.0593200326	-0.0152899982	0.0492725489	0.0111644529	0.0811173661	-0.1491318538	0.153115071	0.0475421057	-0.056649068	-0.0506001071	0.0098277465	0.1098753923	-0.0718386472	0.0197134455	0.0099367714	-0.0534730534	0.0445121288	-0.056267518	0.01733809	-0.0810964247	-0.008052374	-0.0094568674	-0.0157496749	-0.0308326811	0.0797407008	0.0024672033	0.1174261287	-0.0091100203	0.0542642709	-0.063380911	0.0769095779	0.0808350932	0.0784076511	0.0744157659	0.0689390864	0.0620868871	0.0539958877	0.0448275254	0.0347647336	0.009750597724178	0.0009816778497224	9.50741559787452e-05	9.636914006355956e-07	-0.033104427441529	-6.417031741529772e-05	4.1178296371800616e-09	0.0010959031162314	-0.0560918529258813	-7.563434586899814e-05	0.0031462959646586	5.720554275031236e-09	-0.0003880904114974	0.0006960500650715	1.5061416749622128e-07	4.844856930860393e-07	0.0008879600814439	0.0004728267908866	7.884731062378576e-07	2.2356517418012066e-07	0.0002041719544957	-0.000472053640485	2.228346394951417e-07	4.1686187002594194e-08	0.0	0.0	0.0	0.0	0.0	0.0	0.0	0.0	0.0	0.0	0.0	0.0	0.0	0.0	0.0	0.0	0.0	0.0	0.0	0.0	0.0	0.0	0.0	0.0	0.0
2230.9260431716266	-12.027329915951668	144.65666490714597	4977031.010101411	2532.4676121953707	14.37438919295073	6413392.206818523	206.62306467041876	2391.1458614183507	-3.005960215693449	5717578.530578107	9.035796818331804	2426.6063854914246	1740.9317293818126	1.272478	33.617317	0.1079955700325553	0.06274670773117	0.0106005413	0.0652145979	-0.1669045301	0.07042122	-0.0402354664	0.0153943682	-0.0546078512	-0.1534800114	-0.0041531813	0.0249489794	0.0100912568	-0.0281909625	0.0223627858	0.0146061702	-0.0296005304	0.0013507792	-0.0532200292	0.035876314	-0.1332721431	0.0381405012	0.0246169572	-0.0271216148	-0.0647391329	-0.0237486473	0.0082966304	-0.0880524718	-0.0664352981	-0.0009325442	0.1083313743	-0.063048012	0.071018832	-0.033696109	-0.0132058711	0.1051626596	0.0085370158	-0.1239807292	0.0260563777	-0.0271922861	-0.0533652081	0.0707582592	0.1230147952	-0.0204863363	0.0404865352	0.0065869703	0.0092957566	0.1498289076	0.0440398036	-0.0178308965	-0.0125785605	-0.0127568022	-0.0150924505	0.0680409565	0.092099627	0.0232009119	0.0854939548	-0.0088003704	0.1213565767	0.1098143292	0.0236063063	0.035921435	0.0977608533	0.0790068314	-0.0470982505	-0.0110687182	0.0615924175	0.0414303523	-0.1028122115	0.1148751543	0.0263379806	-0.0531263636	-0.0312484575	0.0051506987	-0.0371998827	-0.0708037335	0.0495006817	0.0094993723	-0.038474356	0.2235603784	0.0014184682	0.1069317949	-0.1015479882	-0.0049530439	-0.0631977027	0.0121233394	-0.0284459914	-0.008571606	-0.0305013167	0.0393457577	0.0083303658	0.0452747188	-0.0441584088	0.0486893769	0.0807101879	0.0779133966	0.0733236445	0.0670465522	0.0592265694	0.0500436514	0.0397091175	0.0284607885	0.0001034427995989	-0.0096471549245791	1.0700412788858186e-08	9.30675981388308e-05	-0.0330882827893219	1.6144652207096544e-05	2.6064979488810727e-10	0.0010948344579461	-0.0080828656177871	0.0480089873080942	6.533271659520485e-05	0.0023048628623487	-0.0009369134714027	-0.0005488230599053	8.77806852895858e-07	3.0120675108381656e-07	0.0008400961684629	-4.786391298100003e-05	7.057615722660452e-07	2.2909541658527435e-09	-0.0002056067355715	-0.0004097786900671	1.6791857483319036e-07	4.227412971236872e-08	0.0	0.0	0.0	0.0	0.0	0.0	0.0	0.0	0.0	0.0	0.0	0.0	0.0	0.0	0.0	0.0	0.0	0.0	0.0	0.0	0.0	0.0	0.0	0.0	0.0
2206.399470159742	-24.526573011884462	601.5527837072995	4868198.621921191	2491.278494308244	-41.18911788712694	6206468.53620275	1696.5434323196405	2380.886682925017	-10.25917849333382	5668621.39692969	105.2507433580832	2417.9657095000284	1644.5554103183176	1.556845	41.129936	0.2377616402492717	0.1475198278621757	0.0601418479	0.0136723782	-0.0376063878	0.0189852914	0.0416679568	0.0611524225	0.0279425271	-0.077202801	0.0235369436	0.0106569491	-0.0147635525	0.0099253947	-0.0463645331	0.0191774935	-0.0281671513	0.0365661721	-0.0429632867	-0.0133207619	-0.0285558638	-0.0054359119	0.0132569405	0.0092622832	0.054690897	0.0180482386	0.0739547727	-0.0393274865	0.0884797208	0.0553288399	0.0908425685	-0.0406463167	0.0269715027	0.0212871961	0.0774475724	0.0358641134	0.0268999044	0.0082828141	0.1382246947	-0.0465498998	0.0545175818	-0.1177179573	0.0565869133	-0.0841291124	0.0441063312	0.04520152	0.0101342227	0.0698745765	-0.0153506919	0.0097678657	-0.036225214	0.0148545892	0.0299272145	-0.050746611	-0.0161745713	-0.0564169859	0.006065874	0.0065800988	-0.0422273335	-0.0500319749	0.0177376496	-0.0936059991	-0.0121622608	-0.0196574469	-0.098550181	0.00728739	0.0016975825	0.133983343	0.0070067983	-0.0055269268	0.0632763185	0.001568083	0.0751532887	0.0517885179	0.1259006839	0.1048488087	0.0321874126	0.0539032284	0.0195249238	0.0817949607	0.0395658785	-0.0375476389	-0.0210411154	-0.0509978441	-0.0303448174	0.0505998504	-0.0003312754	-0.0312931578	0.0342847576	0.0659164974	-0.0323597985	0.1004615179	-0.0630350559	0.0765908778	0.0805764318	0.0773849666	0.0721591615	0.0650363955	0.0562039158	0.0458939156	0.0343774302	0.0219572114	0.0101507781952676	0.0100473353956687	0.0001030382979695	0.000100948948553	-0.0331768322814127	-8.854949209079893e-05	7.841012549538462e-09	0.0011007022002289	0.1449553184938352	0.1530381841116223	0.0210120443596492	0.0234206857961828	-0.0005324625542443	0.0004044509171584	2.835163716723641e-07	1.6358054439027093e-07	0.0001281550469964	-0.0007119411214665	1.6423716070649497e-08	5.068601604349778e-07	-0.0005809661219444	-0.0003753593863729	1.4089466893824008e-07	3.375216348471155e-07	1.0	0.0	0.0	0.0	0.0	0.0	0.0	0.0	0.0	0.0	0.0	0.0	0.0	0.0	0.0	0.0	0.0	0.0	0.0	0.0	0.0	0.0	0.0	0.0	0.0
2212.5844666588137	6.184996499071531	38.25418169352709	4895530.0220998665	2479.912457821974	-11.366036486269875	6149965.798460623	129.18678540721808	2376.355212667714	-4.531470257302772	5647064.096773017	20.534222692819647	2411.8371586446087	1620.1601037442326	1.230852	32.517609	0.2332508109889602	0.1272755653582524	0.0482475302	-0.0184546153	-0.0097799975	-0.0110646261	0.0750716376	0.0313517346	0.02242332	-0.0195623891	-0.0169259552	-0.027634945	-0.0087023036	0.0360160363	0.0940307816	0.036107027	-0.0265088562	0.0471269262	0.0144857465	-0.1282531225	-0.0256072914	0.0544897581	0.0310088901	-0.0165813787	0.0888869977	0.0309371294	-0.0558127549	-0.0405615496	-0.0109624494	-0.018175575	0.0702210115	-0.033485746	0.0428485483	-0.1506181082	0.2050261867	0.0236856511	-0.1116083638	0.0206909608	0.0527375561	0.0564411678	0.076801142	0.0192524527	0.012968829	0.0750678556	0.0237126239	0.031609299	-0.0407476	0.035527123	-0.1256166705	0.0329425863	-0.0316184772	-0.0335546688	0.0087558405	-0.0758131086	-0.0262971414	-0.0836949783	0.0225790094	-0.008651834	0.0013369632	0.0214722195	0.0722579019	0.0818036525	-0.1351633124	0.102928184	-0.1276545532	0.0264076754	-0.0704019453	0.088134896	-0.0714308585	0.0267001084	0.0411886576	-0.0146388174	0.0264959097	0.0583488426	0.0320879544	0.0363951162	-0.0686814828	0.1020013771	-0.112954957	-0.0674537968	-0.1271009376	-0.0603279415	-0.0222327334	-0.0287246349	0.0011598777	0.0531039502	-0.0283472648	0.0443785031	-0.072725371	0.0700594134	0.076010169	0.0705048617	-0.0776474918	0.0075340102	0.0804338397	0.0768225931	0.0709234662	0.0629121428	0.0530272111	0.0415630576	0.0288611001	0.0152996203	-0.021193777188941	-0.0313445553842086	0.0004491761915344	0.0009824811522337	-0.0711413802022207	-0.037964547920808	0.0014413068988313	0.0050610959770769	0.0495277864886816	-0.0954275320051536	0.0024530016344684	0.0091064138645946	-0.0003418257365072	0.0001906368177371	1.1684483413868973e-07	3.63423962769283e-08	-0.0006903391769079	-0.0008184942239043	4.765681791738769e-07	6.699327945647023e-07	-0.0009421185938788	-0.0003611524719344	1.3043110798432757e-07	8.875874449321673e-07	0.0	0.0	0.0	0.0	0.0	0.0	0.0	0.0	0.0	0.0	0.0	0.0	0.0	0.0	0.0	0.0	0.0	0.0	0.0	0.0	0.0	0.0	0.0	0.0	0.0
2219.300033801498	6.715567142684449	45.09884204790298	4925292.64003133	2508.5925051561044	28.68004733413045	6293036.35692538	822.5451150879632	2384.7291090592093	8.373896391495236	5686932.92359433	70.12214077549694	2417.513745161336	1627.4172726002996	1.509774	39.886368	0.2718722228420997	0.1303103955914618	0.0464745118	-0.0128332701	-0.0522017137	-0.0081979509	-0.0254902007	-0.0449842189	-0.0119749306	-0.0888383139	0.0637169085	-0.0240133465	0.029719295	-0.0340207769	-0.0896363181	0.1549637068	-0.0308684646	-0.0238797174	-0.0349435904	0.0789649932	0.0264079093	0.0258961065	-0.0379374671	0.0383874781	-0.0339625839	0.0463640813	-0.000787195	-0.1049542247	0.0055529093	0.0723336486	-0.0417265572	-0.0241428539	0.0246637368	-0.0090721969	0.0262789385	0.052295799	-0.0199222975	0.1778042492	0.027073738	0.0042884868	0.0241156127	0.0697421052	0.1481698412	0.0046507448	0.0491298346	-0.0001145702	0.0312395738	0.011813243	0.0738983681	-0.032980638	-0.0073091268	-0.0029745659	-0.0661354015	-0.0449042918	0.0158311739	0.0565317448	0.088566354	-0.0527940218	-0.0365196917	-0.0604550408	-0.0332098864	0.0284884968	-0.0345134397	-0.15164345	-0.0412451901	-0.0002637451	0.0805990717	-0.0142647933	-0.0098808895	-0.0427545708	0.0059675918	-0.0518291753	0.021041113	0.0027531669	-0.0954570948	0.0032528167	0.0283671931	0.0581100612	0.0235859646	0.0891273532	0.1176608443	0.0578599712	-0.0555175103	0.0113162538	0.092472291	-0.000684597	-0.0424009224	-0.106324821	0.0443024457	0.0195472415	0.070888673	-0.0386942823	-0.0017172493	0.0999601228	0.080282427	0.0762265226	0.0696177779	0.0606775209	0.0497051625	0.0370681691	0.0231897558	0.0085347133	0.0003217015474348	0.0215154787363757	1.0349188562194486e-07	0.0004629158252554	-0.0007341194294241	0.0704072607727966	0.0049571823695285	5.389313366579661e-07	0.0292102205894693	-0.0203175658992123	0.0008532369868854	0.0004128034840688	-0.0021308653066554	-0.0017890395701482	4.540586955107612e-06	3.2006625835560564e-06	0.0004211933904427	0.0011115325673506	1.7740387215261679e-07	1.235504648281016e-06	-0.0006500523827033	0.0002920662111755	8.530267171041179e-08	4.225681002582376e-07	0.0	1.0	0.0	0.0	0.0	0.0	0.0	0.0	0.0	0.0	0.0	0.0	0.0	0.0	0.0	0.0	0.0	0.0	0.0	0.0	0.0	0.0	0.0	0.0	0.0
2204.7176712476485	-14.582362553849634	212.645297651916	4860780.009911655	2465.356014422516	-43.2364907335882	6077980.277849274	1869.394130955658	2377.8664152725883	-6.862693786621094	5654248.688881309	47.096566008927766	2408.939595282832	1661.1123332269178	1.314123	34.717529	0.1428722358144268	0.0631745191943449	0.055650055	-0.0466600398	-0.070753459	0.0602548661	0.0339715149	0.0245816034	0.0476476965	-0.0456167243	-0.0681177243	0.0276967595	0.0029646085	-0.0083952339	0.0874511257	0.0087821876	-0.0289140624	0.0334746778	-0.0728045154	-0.0098333426	-8.07333e-05	0.0486275995	-0.0187054114	-0.0153734277	0.0207864967	0.0560094314	0.0521698619	-0.0181007042	-0.0429960799	0.020797722	-0.0296096354	0.0540606905	0.018674422	-0.0121350148	0.0248288048	-0.0793006696	0.1110835178	0.0679611436	-0.0158499128	0.0127497407	0.0199610102	0.0313463108	0.0893378435	-0.0313774054	0.0348270861	0.0527078903	0.0206184882	0.0220040856	-0.0385922696	0.0587666843	0.0476511996	-0.0572881752	-0.0402619063	0.0113551292	0.0259567482	-0.018727813	0.04943775	0.0358363465	-0.0973319855	-0.0431459994	-0.0688041182	-0.0122003122	0.0024585739	-0.036999384	0.009140207	0.014918881	-0.0153889796	-0.0722962194	0.0889192324	-0.0237970006	0.0021218075	-0.0234462249	0.0619267798	0.04297528	-0.0052258874	0.0507559988	-0.0056144473	0.1014929201	-0.013055645	-0.0142270623	0.0691686932	-0.0795785679	-0.0622545297	0.0811681685	-0.0185727609	0.0402501802	0.0232751632	-0.0084254192	0.0262826913	0.0209521662	-0.0029174465	0.0105549825	-0.0511817754	0.057745314	0.0801222105	0.0755970167	0.0682433853	0.05833645	0.0462468756	0.0324269895	0.0173938582	0.0017099414	-0.0376604501052355	-0.0379821516526703	0.0014183095021289	0.0014426438441664	-0.0160586385195387	-0.0153245190901146	0.0002348408853432	0.0002578798711012	0.0012117256135724	-0.0279984949758968	1.4682789625874092e-06	0.0007839157209153	-0.0026039872986006	-0.0004731219919452	6.780749851273249e-06	2.238444192621939e-07	0.0001467169282074	-0.0002744764622353	2.1525857022615364e-08	7.533732832120607e-08	-0.0001663094349689	0.0004837429477343	2.340072394827664e-07	2.765882815967477e-08	0.0	0.0	0.0	0.0	0.0	0.0	0.0	0.0	0.0	0.0	0.0	0.0	0.0	0.0	0.0	0.0	0.0	0.0	0.0	0.0	0.0	0.0	0.0	0.0	0.0
2200.7290136817487	-3.988657565899757	15.909389178009375	4843208.191660643	2454.906817535856	-10.449196886660047	6026567.482784025	109.18571557618604	2378.6014799035115	0.7350646309232616	5657745.000199175	0.5403200116343507	2408.1733168865844	1596.2665554115158	1.216492	32.138237	0.096378524229641	0.0490807372668306	0.0841333324	-0.0264589187	-0.0224468149	-0.0001052077	0.0588543632	-0.0011979037	0.0862340843	-0.0540381832	0.0115682659	0.0107296252	0.0231459118	0.0597508948	-0.0170819389	0.1215093083	-0.0711818441	-0.0031274133	-0.1042393492	-0.0275019437	-0.0417870656	0.0184912424	-0.0100086079	-0.0361942977	0.0744844792	-0.0200146316	0.0461196063	0.0301670022	-0.0206376302	-0.0160960951	0.0128848573	-0.0201606454	0.0233388489	0.0109097696	0.0222133062	-0.0620597272	0.0622404255	-0.0002095067	0.0858157965	0.1192791242	-0.0602366598	0.0116846601	-0.1100743293	0.0272261258	0.0815295047	0.031342947	0.0292567123	0.0339649542	-0.0495987903	-0.0358455121	0.0004078706	-0.0157613106	-0.0819280266	0.0273484449	-0.0119959749	-0.0061778904	0.0066783537	-0.0307424215	0.004262179	-0.0557648097	-0.0290025874	-0.0375988296	-0.016664186	-0.0644553268	-0.0523048084	-0.01090372	-0.0571469501	-0.0043309339	0.1084025986	0.0587128323	0.0070880876	-0.0517386015	0.0287660137	0.0053508693	-0.068290513	-0.0084002069	-0.0333920535	0.0774464058	-0.0519803061	0.0169496374	-0.0508308966	0.0305749442	-0.0069579842	0.023365746	0.0368663206	0.0337209409	-0.0332840016	-0.0097361237	0.0245713322	0.0291364374	0.0966664161	0.0835084526	0.1000327637	0.0571511898	0.0799532077	0.0749343514	0.0668016447	0.0558930371	0.0426618292	0.0276578354	0.0115045374	-0.0051268245	-0.017873754831001	0.0197866952742345	0.0003194711117587	0.0003915133098754	-0.0241674301434358	-0.0081087916238971	6.57525015997838e-05	0.0005840646797378	0.0198065465805399	0.0185948209669674	0.000392299287447	0.0003457673667935	-0.0017820072124052	0.0008219800861953	3.1755497050641514e-06	6.756512621017971e-07	-2.8351216269539847e-05	-0.0001750681444769	8.037914639622208e-10	3.0648855210598684e-08	-0.0001670255315874	-7.160966185000095e-07	5.127943670271483e-13	2.789752820205356e-08	0.0	0.0	0.0	0.0	0.0	0.0	0.0	0.0	0.0	0.0	0.0	0.0	0.0	0.0	0.0	0.0	0.0	0.0	0.0	0.0	0.0	0.0	0.0	0.0	0.0
2187.406182445982	-13.322831235766898	177.49783213672615	4784745.807002904	2414.735802493878	-40.17101504197808	5830948.995845754	1613.710449502829	2371.840037138565	-6.761442764946423	5625625.16177347	45.71710826364633	2404.47598150712	1585.5358652628825	1.161066	30.673943	0.0942017410093686	0.0688791970942714	0.1305634632	-0.0047593463	-0.0061583147	0.0036837679	0.0608834984	0.0167049007	0.1629859341	-0.0220795914	-0.070827952	0.064830838	0.0446674425	0.0680026514	0.1527616143	-0.0734019155	-0.0756491363	0.0569520485	-0.1194714841	-0.0600740193	-0.0226511854	0.0022079939	-0.0126393948	0.0385990194	0.0491714493	-0.0352394073	-0.0496022247	0.006409815	-0.0038262626	-0.0533398869	0.0068710923	0.0243086916	-0.0247329061	-0.0280474356	-0.0130890995	-0.0295610451	0.0190037164	-0.1176834732	-0.0248539857	0.0379552433	-0.0313870055	-0.069952245	-0.0062911762	0.1173653789	0.0984834937	0.0877452362	0.0343845397	0.0286702088	-0.0780346756	0.008029563	0.0488954659	-0.0362172444	0.0257200451	-0.0669951433	-0.0631786592	-0.0109174491	0.0141936939	-0.0017124807	0.0110133488	0.0022116943	-0.0068788963	-0.0432500236	0.00423972	0.0893110846	0.0192340478	0.0398135189	-0.0210720778	-0.0091472692	0.0668024808	-0.0171014464	0.0586900604	-0.0785548202	0.0408054508	-0.001111127	-0.0416124182	0.0505358522	-0.0219346934	0.1175177673	-0.0450349651	-0.0012324379	-0.0279146302	-0.0718539811	0.0133389957	0.0734038294	-0.0468909152	-0.0024227181	0.0737373987	0.0103946492	-0.0116882034	0.0054947312	0.0483698819	0.0914101451	0.0213082905	0.0304091204	0.0797754371	0.0742388174	0.0652939789	0.0533515689	0.0389598496	0.0227795284	0.0055534252	-0.0119276293	-0.0192265316939739	-0.0013527768629729	0.0003696595209793	1.830005240994804e-06	0.0029150319706445	0.0270824621140803	0.0007334597541605	8.497411389879556e-06	0.0194704989528062	-0.0003360476277336	0.0003791003294712	1.129280081054457e-07	-0.0005270068255876	0.0012550003868176	2.777361942159191e-07	1.5750259709123254e-06	-8.195599757887528e-05	-5.360478130933544e-05	6.716785539148611e-09	2.873472579221677e-09	-0.0001670216116227	3.9199647000067415e-09	1.5366123249298945e-17	2.7896218749044037e-08	0.0	0.0	0.0	0.0	0.0	0.0	0.0	0.0	0.0	0.0	0.0	0.0	0.0	0.0	0.0	0.0	0.0	0.0	0.0	0.0	0.0	0.0	0.0	0.0	0.0
2177.063560886426	-10.342621559555935	106.96982072419128	4739605.748139485	2402.135665210325	-12.600137283553067	5770255.754075451	158.76345956438408	2371.98747850501	0.1474413664450367	5626324.598184556	0.0217389565391795	2397.21339789006	1543.910317737328	1.123783	29.688982	0.1151587374521884	0.0802711403852204	0.151038592	-0.0627845366	0.0291926945	-0.0020627003	0.035149098	0.0013674437	0.1837783525	-0.0214008202	-0.0206249746	-0.0389348791	-0.0042825784	0.0780250121	0.0689221719	0.0256692137	-0.0868132978	0.0459867093	-0.1002693181	-0.0711527427	0.0131086354	-0.0067287258	-0.026061957	0.0635047577	0.094156764	-0.0708853951	-0.0554946629	0.1157912282	0.045289721	-0.0415785065	-0.0345512013	-0.1382050351	0.010864596	-0.0028372514	0.0092939784	0.0175428504	0.0267539272	0.0185758842	0.0039209576	0.0040658982	0.0143537859	-0.0172472941	-0.0826251583	0.0249937262	0.1051128286	0.0776138436	0.0175265185	-0.0388459443	-0.1143498706	0.0186000142	0.0195638043	-0.0104442289	0.0356019144	0.000772539	-0.0369745198	0.0116442683	-0.1290484341	0.0004620373	0.0734234105	-0.1048935228	-0.029744963	-0.0199387367	-0.0423071042	0.0355725012	-0.068214415	0.0393894559	0.0046416131	0.0851522038	-0.0066567617	-0.0226877696	0.0521720532	-0.0735439276	0.0680090201	-0.0388274717	-0.0956995497	0.0580992629	-0.0636944606	0.0055420197	-0.0312903984	-0.0190392462	-0.0771962929	-0.0174187574	0.0276558814	0.0504453989	-0.030773443	0.0061184623	0.0105298738	-0.0922194407	-0.0854897399	0.017382662	0.1206180586	0.0480406131	0.0291081328	0.0986152383	0.0795889182	0.0735107199	0.0637218759	0.0507165039	0.0351510839	0.0178113211	-0.0004275147	-0.0186447705	-0.00627027904072	0.0129562526532539	3.931639924849253e-05	0.0001678644828149	-0.019193974659899	-0.0221090066305435	0.0004888081741894	0.0003684086632448	0.0941131675667961	0.0746426686139899	0.0088572883094558	0.0055715279778179	-0.0005610005191282	-3.399369354060001e-05	3.147215824621099e-07	1.1555712005322311e-09	-6.953151377553368e-06	7.500284620132192e-05	4.8346314079172304e-11	5.625426938299149e-09	-0.0001670019602766	1.9651346099995104e-08	3.861754035417928e-16	2.7889654736227084e-08	0.0	0.0	0.0	0.0	0.0	0.0	0.0	0.0	0.0	0.0	0.0	0.0	0.0	0.0	0.0	0.0	0.0	0.0	0.0	0.0	0.0	0.0	0.0	0.0	0.0
2185.758945814354	8.69538492792799	75.60971904483725	4777542.169207475	2404.439950515975	2.3042853056499557	5781331.475637264	5.309730769834308	2367.546737007473	-4.440741497537147	5605277.551914733	19.72018504794846	2387.062347467295	1506.6555796914472	1.477502	39.033779	0.2408441082965794	0.114824413644323	0.1050835642	-0.1168105923	0.0754970335	-0.066416283	-0.0241655028	-0.0203495769	0.1362518633	0.0300005633	-0.0755904589	-0.0262890057	0.0721097797	-0.0430594606	-0.0376327022	-0.0622254503	-0.0718022854	0.0495846243	-0.0804970653	0.0456346742	0.201398164	-0.1382664657	0.084810753	-0.2613812233	0.0438029282	0.1875493759	-0.3709481551	-0.0719741481	0.0290101113	0.0747412186	0.1514543344	0.1198869178	0.0889311143	0.0807848393	-0.1362841542	-0.0977369595	-0.1434985743	-0.0153246298	-0.0204656054	-0.1636719079	0.0280750252	-0.1136944044	-0.0566760223	-0.0015736363	0.0886499751	0.1085806833	0.0612700061	-0.2070578124	0.0394114593	0.0113923274	0.1408368258	0.0455677514	0.0925952172	-0.0350166832	-0.0088740119	-0.3118858388	0.2147060681	0.1825225552	0.2176394647	-0.016087715	0.0618043148	0.1011808177	0.0469252983	-0.0442354638	0.1103202101	-0.1206394622	-0.1353760333	-0.0819640143	-0.0526462963	-0.15853987	0.0304825535	-0.0639068641	0.079406802	-0.0672818902	-0.0825106818	0.0434080404	-0.0267367318	-0.0596894693	0.0262435285	-0.1987187408	0.0901989529	-0.0235608593	-0.0064816254	0.0030271847	0.0131524856	-0.0525976586	-0.0710861629	-0.1101201128	-0.3092626369	0.0275608425	0.1828625511	0.1197086304	0.1082235535	0.0527924176	0.0793936715	0.0727503781	0.0620868871	0.0479924649	0.0312459714	0.0127728206	-0.0064061583	-0.0252311319	-0.0098709470753561	-0.003600668034636	9.743559616448114e-05	1.2964810295650188e-05	0.0178657391520005	0.0370597138118995	0.0013734223878198	0.0003191846354473	0.0073907629110649	-0.0867224046557312	5.462337640757252e-05	0.0075207754692723	-0.0020048815189544	-0.0014438809998262	4.0195499050449015e-06	2.084792341659107e-06	0.0005454411208671	0.0005523942722446	2.975060163327584e-07	3.051394320087002e-07	-0.000439953124092	-0.0002729511638154	7.450233782818132e-08	1.9355875139831077e-07	0.0	0.0	0.0	0.0	0.0	0.0	0.0	0.0	0.0	0.0	0.0	0.0	0.0	0.0	0.0	0.0	0.0	0.0	0.0	0.0	0.0	0.0	0.0	0.0	0.0
2204.532065156487	18.773119342133214	352.43000983397616	4859961.626303126	2456.767840029589	52.32788951361408	6035708.219803653	2738.2080209490027	2383.347657245138	15.800920237665196	5680346.055295888	249.66908035705757	2409.7618759182865	1587.889069329907	1.612272	42.59425	0.1338714412957999	0.0637524812548755	0.1051966706	0.0038571072	-0.0033752353	0.0238770839	0.060669005	-0.0250048694	0.0623042371	-0.0317400555	-0.0373252764	-0.0244210743	0.1072701349	-0.0182926363	0.0995133811	0.0158677152	-0.0566756412	0.0127605337	-0.0363738045	-0.0014826567	-0.0374597149	0.0297885887	-0.0278092729	0.0178701413	0.0840834935	0.051940134	0.0299568681	0.0250075725	-0.0478520889	-0.0298914437	-0.0013912681	0.0853516719	0.0810781618	0.1512466134	0.0110488683	-0.0479623774	0.0056821748	0.1161159996	-0.0281234265	0.0354718849	-0.0288268492	-0.0935152509	-0.1051896163	0.0342134008	0.062005786	0.0223866407	0.0006040167	0.0193521032	-0.043704585	0.0741888233	0.0454169937	0.0327161165	-0.0857542833	0.0502848374	-0.0182954078	0.0148473723	0.0010310457	0.0412566715	0.0479317363	-0.1629006647	-0.1239018842	0.007090546	0.0233612193	0.0056444827	-0.0685068723	-0.1040215201	-0.0815521833	-0.006877567	-0.0435354365	-0.1125613253	0.0403819991	-0.0768746811	0.0670530815	-0.0119875351	-0.0295877028	0.0495382833	-0.0259803563	0.0768220875	-0.0228027914	-0.0236269089	-0.033751966	-0.0152293893	-0.0377494689	0.0819211456	0.0208178194	-0.0562718753	0.0673262451	0.0125233735	-0.023415558	-0.0092022801	-0.0958316039	-0.0038500449	0.0865162468	-0.0863237417	0.0791897184	0.0719581255	0.060390626	0.0451842308	0.0272552159	0.0076839116	-0.0123503943	-0.0316405151	0.0105131438447756	0.0203840909201317	0.0001105261935009	0.0004155111626401	0.0313036866691902	0.0134379475171897	0.0001805784334747	0.0009799207990828	0.0119646464089484	0.0045738834978835	0.0001431527636911	2.0920410252211e-05	-0.0011430248386252	0.0008618566803291	1.3065057817141644e-06	7.427969374280687e-07	0.0001958525513114	-0.0003495885695557	3.835822185518457e-08	1.222121679640005e-07	0.000258112013235	0.000698065137327	4.872949359513634e-07	6.662181137622484e-08	0.0	0.0	1.0	0.0	0.0	0.0	0.0	0.0	0.0	0.0	0.0	0.0	0.0	0.0	0.0	0.0	0.0	0.0	0.0	0.0	0.0	0.0	0.0	0.0	0.0
2186.2044685579235	-18.32759659856356	335.90079707967857	4779489.978342633	2429.7140972080515	-27.05374282153753	5903510.594171537	731.9050006538932	2368.323466093644	-15.024191151494051	5608956.040049813	225.7263197566321	2399.202008487088	1593.6741904344387	1.132233	29.912212	0.2162828360289583	0.108165783193739	0.1378728738	-0.0340840697	-0.0203782175	0.0013008819	0.0647261413	0.0516411182	0.1342042843	-0.0853247714	-0.0385580672	0.0011556681	0.0149503486	0.0448959638	0.0844340695	-0.0039915754	-0.0816378301	0.0713696552	-0.0849861604	-0.1203245341	-0.0018889836	0.0090260827	0.0035587664	0.037692654	0.0623099328	-0.0693413961	0.033384294	0.0563592666	-0.0046287598	-0.0251711967	-0.0850803309	-0.155691588	0.0383111671	0.0204484481	-0.0233839886	-0.0044016152	0.0400581835	0.0270219853	-0.011793732	0.0027066832	0.0664572096	-0.0490955608	-0.0202738028	0.0343710809	0.090855363	0.0841103993	-0.0042011245	0.0032843257	-0.1287474429	-0.0087392275	-0.0253403155	-0.0235885768	0.0084036981	0.0082827311	-0.0296907763	0.0110872203	-0.1110201822	-0.0231437769	0.0461897384	-0.074948797	0.0117808635	0.0267371188	0.0127484642	0.0254346027	0.0125155274	0.1230344382	0.0195499992	0.0630299292	0.0766938992	-0.0677431101	0.0535965993	-0.074015553	0.0888550015	-0.0133031078	-0.0328025482	0.0636259749	-0.0461696215	0.0505614555	-0.0549372177	0.0232838736	-0.0708563202	-0.0085334636	0.0144344313	0.0352327452	-0.0570981247	0.0534424105	0.0289292875	-0.0266661825	-0.0581665419	0.0222308929	0.0134306077	0.0903321154	0.0282494723	0.0071771604	0.0789770813	0.0711343098	0.0586347667	0.0422967282	0.0231897558	0.0025646777	-0.0182282956	-0.0378279629	0.0054280040384071	-0.0050851398063684	2.9463227840963783e-05	2.585864685031346e-05	-0.0131729476512845	-0.0444766343204747	0.0019781710004772	0.0001735265498234	0.097070415608357	0.0851057691994086	0.0094226655863791	0.007242991951023	-6.297303218536873e-05	0.0010800518064398	3.965602782619486e-09	1.1665119045939426e-06	0.000323004754696	0.0001271522033845	1.0433207155622313e-07	1.6167682825558674e-08	-0.0001669898309947	-0.0004251018442297	1.807115779674922e-07	2.7885603655638476e-08	0.0	0.0	0.0	0.0	0.0	0.0	0.0	0.0	0.0	0.0	0.0	0.0	0.0	0.0	0.0	0.0	0.0	0.0	0.0	0.0	0.0	0.0	0.0	0.0	0.0
2187.578116150211	1.373647592287398	1.8869077077969647	4785498.014259306	2417.8421530652404	-11.871944142811117	5845960.677139157	140.9430577300272	2369.368351811948	1.0448857183037037	5613906.386568066	1.0917861643150464	2394.6261006194904	1536.9553006748954	1.321494	34.912254	0.1102352205663423	0.0695184112865465	0.1452358337	-0.0599843173	0.0399418486	-0.0948118017	0.0246831156	0.0328292544	0.1129543873	0.0713777548	-0.0624580411	-0.0274215093	0.0398727173	0.0438483777	0.0086605994	0.0873514231	-0.0768328402	0.0491155947	-0.0710034722	-0.1122383501	0.022253897	0.0591761328	0.0709491495	-0.0114978665	-0.1104200152	0.000201812	-0.0392748642	0.0794537524	0.0262751977	0.0094866801	-0.0074446391	-0.0194528415	0.1271325353	0.001292248	-0.0092976257	0.057081605	-0.0932368392	-0.0513246527	0.0586582982	-0.0142366924	-0.0885783948	-0.0121202284	0.041269389	0.056426005	0.0819377317	0.0657246105	0.0023142431	-0.0631741461	-0.0804653364	-0.1137923834	0.0368079659	-0.0555999136	-0.031444282	-0.0265926805	0.0328163948	-0.0107328928	0.0048658328	0.1366476705	0.0812287974	0.0889056425	0.0036884272	-0.041082196	0.1064255981	0.0079547604	-0.0329343991	0.1468628705	-0.0496963553	-0.0218230801	-0.0153087322	-0.0298454495	0.0704939147	-0.0662348779	0.143440256	-0.054415703	0.0062296848	0.1057288031	0.0031182729	-0.0631253731	0.0749337376	0.0614647687	0.0519053632	0.0976181554	-0.0278193988	-0.0516575667	0.0548506681	-0.1615454639	0.0243545753	-0.065057168	-0.0038927302	0.0793540502	-0.0608091441	-0.0361666966	0.0200243384	0.0231580457	0.0787557834	0.0702792922	0.0568210419	0.0393350228	0.0190607341	-0.0025646777	-0.024008292	-0.0437500746	0.00531676571876	-0.0001112383196471	2.8267997708181536e-05	1.2373963757910409e-08	-0.0344512422858116	-0.021278294634527	0.0004527658225537	0.0011868880950356	0.1469173823536493	0.0498469667452922	0.0215847172376483	0.0024847200937062	3.30323711735967e-05	9.600540335896542e-05	1.091137545350262e-09	9.217037474117649e-09	0.0009109989858002	0.0005879942311042	8.299191521289931e-07	3.457372158118195e-07	-7.101504812034783e-05	9.597478287435218e-05	9.211158947779044e-09	5.043137059535318e-09	0.0	0.0	0.0	0.0	0.0	0.0	0.0	0.0	0.0	0.0	0.0	0.0	0.0	0.0	0.0	0.0	0.0	0.0	0.0	0.0	0.0	0.0	0.0	0.0	0.0
2200.962678873216	13.384562723005274	179.14651928606236	4844236.713792765	2469.239499220208	51.39734615496764	6097143.704509264	2641.6871917735666	2378.426197881284	9.057846069336392	5656911.178768022	82.04457541579274	2407.404403714116	1585.5694299389502	1.138404	30.075249	0.2448945436416636	0.1481458914869383	0.1391517212	-0.0453237347	-0.0250229542	-0.0236831873	0.0355322383	0.0391302257	0.0410743667	-0.0298018536	0.0522048121	-0.0229276273	0.1033384711	-0.0056112284	-0.022547644	0.1628181807	-0.0658913521	-0.0020278785	-0.065806528	-0.0325140458	-0.0142377129	0.0341779637	0.0576607658	0.0434918674	0.0625016135	0.0303074732	0.0589851765	0.0483785853	0.0614280036	-0.1136879768	-0.1034168297	-0.0818473498	0.024199674	0.1208972129	0.0490141383	0.1003118062	-0.0350206448	0.0788780346	0.0725138098	-0.0703540163	0.1002540784	-0.0206078799	0.003953028	-0.0283969067	0.0809346186	0.0105060637	0.0147304114	0.013484375	-0.0628783854	-0.0152455852	-0.0398754684	0.0662979853	-0.1061784972	-0.0281387923	0.0150271495	0.0192983618	-0.0272895952	0.0217646927	0.0583469352	-0.0824130276	-0.051472413	-0.0653562147	0.017653122	-0.0341644917	-0.0216655035	0.0535011977	0.0589187482	0.0801643635	0.0271608769	-0.0519651646	0.0523275658	-0.0787323842	0.1145594205	-0.0342908442	0.0360185266	0.0734392	0.0127339098	0.0490006017	-0.013029765	-0.0085331987	0.0027933328	0.0572409103	-0.091613108	0.0343927463	0.0718210206	-0.025417461	-0.0464508895	-0.0323297742	0.0001148263	0.0688777093	-0.0600532072	-0.0095214234	0.0801194053	-0.0104739435	0.0785258491	0.0693934478	0.0549512416	0.0363043104	0.0148794683	-0.0076839116	-0.0296593388	-0.049365311	0.0055400774588889	0.0002233117401289	3.069245825048889e-05	4.986813327939752e-08	-0.0050444393334601	0.0294068029523514	0.0008647600598784	2.544636818895938e-05	0.0065728801124933	-0.140344502241156	4.320275297320994e-05	0.0196965793093178	-0.0006403303137262	-0.0006733626848997	4.100229106766937e-07	4.53417305415463e-07	0.0008947645950296	-1.6234390770600076e-05	8.00603680518484e-07	2.6355544369254493e-10	0.0007377864103698	0.0008088014584901	6.541597992557903e-07	5.44328787326355e-07	0.0	0.0	0.0	0.0	0.0	0.0	0.0	0.0	0.0	0.0	0.0	0.0	0.0	0.0	0.0	0.0	0.0	0.0	0.0	0.0	0.0	0.0	0.0	0.0	0.0
2201.79543072739	0.8327518541736936	0.6934756506297246	4847903.118772012	2467.5931965842174	-1.6463026359906507	6089016.183828716	2.710312369269765	2375.243747877038	-3.1824500042462205	5641782.861828958	10.127988029526769	2404.0023738592054	1572.6431904318804	1.103997	29.166246	0.0691891871708688	0.044499330200157	0.1500057019	-0.0571549476	-0.047755419	-0.0668421522	-0.0206577861	0.0693898306	0.0777762867	-0.0736766036	0.0393391941	-0.039105518	0.0921501056	-0.0271895642	-0.1232917164	0.1495894529	-0.0791238981	-0.0045605736	-0.064808935	-0.0061476857	0.0428742324	0.0207429989	0.0495678671	0.0082880155	0.0311981682	-0.0174033783	0.0409097633	0.0618358538	0.0027269532	-0.020921113	-0.0851359769	0.0100856072	0.0166430464	0.0576868	-0.0549615648	0.0051496831	0.0783868768	-0.0022690555	-0.05288412	-0.1012586498	0.0913746025	0.0973763109	-0.0475811853	-0.0339644779	0.0970064221	0.0326236186	0.0337917086	-0.0322249866	-0.0154458387	-0.0611371799	-0.0308255011	0.0304953177	-0.0860370732	-0.0089203222	0.0001470949	0.0123571263	-0.0893803632	-0.0220366912	0.0153080331	-0.0369516762	-0.0892140593	0.0136912039	0.0818728288	-0.039072017	0.0515223399	-0.022936189	0.0722504754	-0.0695576641	0.0906408642	-0.0235511727	0.0221612178	-0.1221716462	0.093889204	-0.0823454747	-0.0530134755	-0.0072780928	-0.0131240991	0.026829164	-0.0910713842	0.0185788448	-0.0117509488	0.1299353449	0.0070596412	-0.0304531257	0.0234224029	0.0211896728	-0.0047635061	0.0288049952	-0.0095855053	-0.0251375515	-0.0448784817	0.0247650282	0.101571773	-0.0186788681	0.0782873035	0.0684771651	0.0530272111	0.0332099078	0.010657419	-0.0127728206	-0.0351510839	-0.0546342852	0.0056077827086227	6.770524973379998e-05	3.144722690712774e-05	4.584000841516222e-09	-0.0025213972470368	0.0025230420864233	6.365741369863239e-06	6.357444077364754e-06	0.02314348219533	0.0165706020828367	0.0005356207681255	0.0002745848533877	-0.0009900926593239	-0.0003497623455977	9.802834740470723e-07	1.2233369839800498e-07	0.0014886076828592	0.0005938430878296	2.2159528334674368e-06	3.5264961296299413e-07	0.00079473773198	5.695132161019992e-05	3.243453033148424e-09	6.316080626327143e-07	0.0	0.0	0.0	0.0	0.0	0.0	0.0	0.0	0.0	0.0	0.0	0.0	0.0	0.0	0.0	0.0	0.0	0.0	0.0	0.0	0.0	0.0	0.0	0.0	0.0
2188.599511443648	-13.19591928374166	174.132285743025	4789967.821491376	2419.3094200020405	-48.28377658217687	5853058.0697106095	2331.323081037572	2372.402809474779	-2.840938402258871	5628295.090403825	8.070931005429188	2398.9141922962817	1567.50673544878	1.28174	33.862	0.2256995613006788	0.1081757429211696	0.1311973996	-0.0374085402	0.0352027011	-0.0637106125	0.0392603872	0.0977965409	0.107832701	0.0250902865	-0.0834014943	-0.0519319352	0.0240216732	0.034191641	0.0412236101	0.0885701946	-0.0812869376	0.0237817759	-0.0293520215	-0.0882558553	-0.0054315199	-0.0344017898	0.0648462661	0.0134098038	0.0399590672	-0.0135191831	0.0563738969	0.1027687788	0.0891544457	-0.0442798203	-0.0098533741	0.0927999274	0.0070156229	0.1107038936	0.0185212536	0.005679114	-0.0889822342	-0.0427155382	0.1261340132	-0.0405224054	-0.0523175512	-0.0884601579	-0.0922007621	-0.1222397998	0.0776314137	0.0452529906	-0.0219594569	-0.0238213063	-0.1099499269	-0.0345767162	-0.0227375875	0.0871782168	-0.0745859451	-0.0109590379	-0.0654330625	-0.0240058393	-0.0943023065	0.0573915351	0.0409473251	-0.030618198	-0.0135220817	-0.1200988579	0.0850633822	0.0219410689	0.0351455612	-0.0158000818	-0.0354636813	0.0262304724	-0.0152649276	0.0204988659	0.0610688423	-0.0669731191	0.1433579293	-0.0312749746	0.0758065644	0.0891717666	-0.0180894229	-0.0045675253	-0.0361663447	-0.0503532211	-0.059978363	0.0571516706	0.0262206477	-0.0237583109	-0.0236497546	-0.0315994933	0.0921604953	0.0409330231	-0.0233231241	-0.0292482513	-0.2339331439	-0.0338753364	0.1489602637	-0.1250815511	0.0780401729	0.0675308461	0.0510508491	0.0300572439	0.0064061583	-0.0178113211	-0.0404540309	-0.0595200392	0.0054155064401726	-0.00019227626845	2.932771000355091e-05	3.697016340909481e-08	-0.0477575368048803	-0.0452361395578434	0.0020463083220966	0.0022807823216694	0.0854712972908302	0.0623278150955002	0.0073053426605774	0.0038847565345788	0.0005109441328748	0.0015010367921987	2.610639069191812e-07	2.253111451534164e-06	0.000975791432642	-0.0005128162502172	9.521689200175268e-07	2.6298050648683e-07	0.0011397512971418	0.0003450135651618	1.190343601456556e-07	1.2990330193364154e-06	0.0	0.0	0.0	0.0	0.0	0.0	0.0	0.0	0.0	0.0	0.0	0.0	0.0	0.0	0.0	0.0	0.0	0.0	0.0	0.0	0.0	0.0	0.0	0.0	0.0
2210.13375567555	21.534244231901997	463.72367463920426	4884691.217976512	2469.0325422144647	49.72312221242419	6096121.694514022	2472.3888825516715	2381.425105882728	9.022296407948945	5671185.534928563	81.4018324728884	2406.7619503083324	1573.0961028778624	1.218933	32.202724	0.0772304970478223	0.0364991286087604	0.1020151099	-0.0511931752	0.010314033	-0.1123799474	0.0011809011	0.002123881	0.0219178865	0.0282363673	-0.0017185545	-0.0845575059	0.1279884858	-0.0574980515	0.0373158306	0.0102264787	-0.085218315	-0.021549585	-0.007451733	0.0201382538	-0.0100387375	-0.0341110586	0.0533544063	0.0021546228	-0.0517942712	-0.0640882232	0.0774362007	0.093217642	-0.0447772208	-0.0244555904	0.004952545	0.0900733561	-0.0066977542	0.0757394095	-0.0629855142	0.0024248657	-0.1118501182	-0.0401354833	0.0489168325	-0.0269546865	0.0792442732	-0.0019453956	-0.0325152998	0.0309554922	0.080185542	-0.0067996925	-0.0166452224	-0.026300387	-0.0037912395	-0.00789836	-0.0055427059	0.0947597914	-0.051469227	0.0842209652	0.0158105237	0.0059562235	-0.1054336252	0.0232366042	0.0546335207	0.1003930549	-0.0613799393	-0.0542744517	0.0155679106	-0.0103721277	0.0925692941	0.0067297938	-0.0841129149	0.0011710831	-0.0219881221	-0.0380052416	0.0266639251	-0.0914215064	0.0998938084	-0.0797532713	0.0020828203	0.0075752989	-0.0090550629	-0.1032982869	0.0047023707	-0.0003583161	-0.0551485741	0.1254145708	0.0272285908	-0.0298068785	-0.0092138911	-0.0745165595	0.1002330229	0.148544365	-0.0254197532	-0.0048096933	-0.0650398351	-0.0383930888	0.0340497018	-0.0325866438	0.0777844842	0.0665549058	0.0490241061	0.0268518493	0.0021373389	-0.0227795284	-0.0455396975	-0.0639883028	0.0053279516043716	-8.755483580100056e-05	2.8387068298525904e-05	7.66584927214017e-09	-0.0331939998451531	0.0145635369597271	0.0002120966087773	0.00110184162572	0.0741954503398645	-0.0112758469509657	0.0055049648511352	0.0001271447244616	6.690803332573173e-05	-0.000444036099549	4.476684923517228e-09	1.9716805770275005e-07	0.0013170313151855	0.0003412398825435	1.734571485179248e-06	1.1644465743830177e-07	0.0008989561132078	-0.0002407951839339	5.798232060580884e-08	8.081220934736749e-07	0.0	0.0	0.0	0.0	0.0	0.0	0.0	0.0	0.0	0.0	0.0	0.0	0.0	0.0	0.0	0.0	0.0	0.0	0.0	0.0	0.0	0.0	0.0	0.0	0.0
2206.642861859804	-3.490893815746404	12.186339632816486	4869272.719796825	2472.178874001574	3.146331787109375	6111668.385059691	9.899403714574872	2374.443767713464	-6.981338169264291	5637983.20603331	48.73908263362648	2403.319805014198	1643.6572320995217	1.216074	32.127197	0.0924875500554948	0.0511422960898491	0.0841740825	-0.0395458154	-0.0614629069	-0.046627843	0.0315872854	0.0751029569	0.027831236	-0.0576049038	-0.065411165	0.0242637355	0.0470640643	0.044587018	-0.0767720512	0.0806791643	-0.0849631569	-0.0086815197	-0.0304249793	-0.0349317767	0.0266782507	-0.0189096253	0.0071770725	0.0014698068	0.0009608719	-0.0631827182	0.0536609117	0.0269376359	0.0834025445	-0.0019393377	-0.1000381761	0.0919591183	0.003185662	0.0810784735	-0.0980852957	0.017237505	-0.0351079826	-0.0135258881	-0.0313589941	-0.0419999787	0.1283886102	-0.0144721724	0.0575349059	0.0425668012	0.0929015712	0.0069880089	0.0049740783	-0.0296441709	-0.0058830615	-0.0983560675	-0.0394424385	0.0118948239	-0.0153568982	0.0126251026	-0.0347512058	0.0203435188	-0.07226219	-0.0545629927	0.0190572537	-0.0637689688	0.0368897934	-0.0030872779	0.1592246804	0.0557183581	0.043513236	-0.0185789357	-0.044720027	-0.013775086	-0.0852489354	-0.0529033906	0.0255286325	-0.0464112134	0.1145278534	-0.0551969423	0.1035935296	0.0372876124	0.0148652459	-0.0133260176	-0.0193425552	0.0151270083	-0.0020505793	0.0838075354	0.0892302892	-0.0932126679	-0.0351700539	0.0138494944	0.0781015114	0.0750078185	-0.0269807096	-0.0320322678	-0.1399543875	-0.0499915654	0.1061773286	-0.1886257727	0.0775202656	0.0655497724	0.0469489822	0.0235993474	-0.0021373389	-0.0276578354	-0.0503807682	-0.0680077345	0.0132295352437807	0.007901583639409	0.0001750206027664	6.243502401057754e-05	-0.0207079577703552	0.0124860420747979	0.0001559012466936	0.0004288195150188	0.0588013601286832	-0.0153940902111812	0.003457599952983	0.0002369780134299	-0.0001242184696566	-0.0001911265029823	1.5430228203827662e-08	3.6529340142255264e-08	0.0013398884736206	2.285715843509993e-05	1.7953011217413414e-06	5.224496917272601e-10	0.0018190891343925	0.0009201330211847	8.466447766744835e-07	3.309085278864855e-06	0.0	0.0	0.0	0.0	0.0	0.0	0.0	0.0	0.0	0.0	0.0	0.0	0.0	0.0	0.0	0.0	0.0	0.0	0.0	0.0	0.0	0.0	0.0	0.0	0.0
2193.873089176097	-12.769772683706831	163.0670943935452	4813079.131411071	2411.816087865118	-60.36278613645618	5816856.841685002	3643.6659501555455	2368.267093492591	-6.176674220872883	5608689.026119844	38.15130443079563	2394.149869232453	1618.9371948424928	1.290603	34.096161	0.1705091407659872	0.0765363421130208	0.0489007426	-0.0250709321	0.0373640942	-0.0267180907	0.0684945939	-0.0274580339	0.1103507637	0.0679788869	-0.0619141929	-0.0635328967	0.0330555368	0.0872500236	0.1397824114	-0.0604203483	-0.0964455446	0.0181311052	-0.0111291246	-0.1354257806	-0.0206247227	0.0128459393	0.037897316	0.0153497472	-0.0932134354	-0.0182313881	-0.0145611157	0.162497399	-0.0112471846	-0.0402880625	-0.0046020721	0.037301276	0.1006730137	-0.1689721331	-0.0805327569	-0.0684723561	0.0605647385	0.0274060955	-0.0023357946	-0.0394641799	0.0781259124	-0.0259315281	0.1332671428	-0.0087316915	0.0672526698	0.0167140066	-0.0558974777	-0.0114585507	-0.1212510501	-0.0649210971	0.047668536	-0.0503650941	0.0285162556	0.0494010488	0.0114197414	-0.027761489	-0.1285027935	0.1113806383	0.0353763574	0.0209185483	-0.0435223438	-0.0044460774	-0.0720610362	0.1009325903	0.1248848667	0.0372034527	-0.067520383	0.0020897439	-0.0884382968	0.02755433	0.0146334802	-0.0343873758	0.0848227162	-0.0262830605	0.0142366788	0.0133887619	-0.0544147168	-0.0516750387	-0.0177510403	0.023238461	-0.1847842132	0.0621767358	0.1202687288	-0.0196808348	-0.0315323228	-0.0270463732	0.0938004132	0.0029844368	-0.0454280928	0.0046035761	-0.1039836789	-0.0595012475	0.0526532147	-0.1406237757	0.0772475461	0.0645158866	0.0448275254	0.0203054443	-0.0064061583	-0.0324269895	-0.0549512416	-0.0715501408	0.0233581499904715	0.0101286147466908	0.0005456031709773	0.0001025888366868	-0.078090657239656	-0.0573826994693008	0.003292774198384	0.0060981507481214	0.1041050852472338	0.0453037251185506	0.0108378687743338	0.0020524275096171	-0.000421159121161	-0.0002969406515044	1.773750053371059e-07	8.817375051585754e-08	0.001231776024209	-0.0001081124494116	1.5172721738161309e-06	1.1688301717775771e-08	0.0010702602066796	-0.0007488289277129	5.607447629796516e-07	1.14545691000186e-06	0.0	0.0	0.0	0.0	0.0	0.0	0.0	0.0	0.0	0.0	0.0	0.0	0.0	0.0	0.0	0.0	0.0	0.0	0.0	0.0	0.0	0.0	0.0	0.0	0.0
2219.509864838233	25.636775662136188	657.2442663506984	4926224.040114232	2481.441086498659	69.62499863354105	6157549.865763645	4847.6404347205935	2385.8997975225034	17.632704029912475	5692517.843817922	310.91225140649163	2412.6289927808543	1627.8143500687834	1.387277	36.650166	0.1850991576649756	0.1270790977622767	0.0589065012	-0.0502368219	-0.0262294914	-0.0817181709	-0.0608520042	-0.0202746647	-0.0008532735	0.0851967275	-0.073053445	0.0398771813	0.0954804691	-0.0245520331	-0.1417801512	0.0061557087	-0.0919428827	-0.0296148797	0.0644557765	0.0726718234	0.0183346769	-0.0474732927	0.054484884	0.0239983548	0.0235187678	-0.0393555948	0.0648190427	0.0063343688	0.0013644086	0.0080082057	-0.0546202029	-0.0486783415	-0.0106778466	0.052587246	0.0276744926	0.0024435342	-0.1424596045	0.0123591319	-0.0148137085	-0.0275779289	-0.0505154732	0.0332681514	-0.022083343	0.0526082456	0.0864878418	-0.0368007403	-0.0370482923	-0.0548127942	0.0503161291	0.0149361593	-0.0410602795	0.103103611	-0.0788386764	-0.03368317	-0.031727533	0.0637907188	-0.0742404951	-0.0609829017	0.0390148752	0.0266015626	0.0843399045	0.0070467053	0.0297880584	-0.0303350327	-0.0437429933	0.0349671364	0.0012312143	-0.0853909332	-0.0400423479	-0.0081790204	-0.0038876757	-0.067480456	0.0667542546	-0.0450915733	0.0297139051	-0.0306202795	0.0732622277	-0.0686093668	0.0725196651	-0.0811749159	0.0134306408	0.0576757193	0.0078775408	-0.0589176921	0.0175691308	0.0848076302	0.1215000183	-0.0518972272	0.0537846944	0.0586809286	0.1351295227	-0.0400479053	-0.0006192111	-0.0538942701	0.0769663555	0.063453702	0.0426618292	0.0169759185	-0.010657419	-0.0370681691	-0.0592265694	-0.0745906743	0.0233725969413995	1.444695092799736e-05	0.0005462782877851	2.0871439111596375e-10	-0.0116886707840819	0.0664019864555741	0.0044092238052462	0.0001366250246986	0.0011427961068903	-0.1029622891403435	1.3059829419236258e-06	0.0106012329850196	-0.0004440035645626	-2.28444434016e-05	1.971391653442949e-07	5.218685943289056e-10	0.0009402631563317	-0.0002915128678773	8.840948031548509e-07	8.497975213804818e-08	0.0010702088155959	-5.1391083699973625e-08	2.641043483857695e-15	1.1453469089791792e-06	0.0	0.0	0.0	0.0	0.0	0.0	0.0	0.0	0.0	0.0	0.0	0.0	0.0	0.0	0.0	0.0	0.0	0.0	0.0	0.0	0.0	0.0	0.0	0.0	0.0
2217.574949508904	-1.9349153293292147	3.743897331673184	4917638.656689418	2493.5489433630187	12.107856864359746	6217786.332946827	146.60019784782344	2379.01146930197	-6.888328220533367	5659695.571070318	47.44906567379638	2406.7178184688632	1651.404090191504	0.930161	24.573725	0.0366849782264439	0.0241507844289134	0.0611176517	-0.036247449	-0.0734086431	-0.0925494343	-0.0476240339	0.00741494	-0.0055575845	-0.0022534956	-0.0647806459	0.0454420958	0.0758529073	0.0128998583	-0.08892192	-0.0007095146	-0.0953147193	-0.0309616718	0.0062752241	0.0418427341	0.0447833576	0.0434927461	0.0700929089	0.073240861	-0.0132509877	-0.0915095762	0.0239394404	-0.0504612915	0.002709732	0.0165033446	-0.0472829393	-0.0956447163	-0.0976977712	0.0434611177	0.0404982569	-0.0060036942	-0.0024013783	-0.0849784324	-0.0640076681	0.0463803944	-0.0406870272	0.0756817906	-0.0902853437	-0.0440682078	0.100342212	-0.0231544618	-0.0115800606	-0.0529426329	0.0286520306	0.0022460949	-0.0009905998	-0.0265701184	-0.0525489428	-0.0236909806	0.0544405517	0.0684183615	-0.1027678	-0.1063754467	0.0529171809	-0.0036104401	0.0572827081	-0.0285239342	0.0625448693	0.0051932614	-0.070690945	-0.0110111075	0.1002791973	-0.0745619248	-0.0341145913	0.0306232669	-0.0073217865	-0.0788863269	0.0485346578	-0.0575775045	0.0024339143	-0.0566762772	0.0217138274	-0.0233676431	0.0002136723	-0.0076856066	0.0288950337	0.0430613666	0.1266835926	-0.0563298144	-0.0220621103	0.0355385201	0.166300629	0.0232513911	0.0746223548	0.0408644978	0.1120541775	0.0111004289	-0.0005829039	-0.0464400699	0.0766767246	0.0623636846	0.0404540309	0.0136166111	-0.0148794683	-0.0415630576	-0.0631837885	-0.0771080077	0.0234641641777102	9.15672363107009e-05	0.0005505670005585	8.384558765579743e-09	-0.0096352451992203	0.0020534255848615	4.216556632564202e-06	9.283795004909786e-05	0.0193594074927219	0.0182166113858316	0.0003747866584692	0.0003318449303824	-0.0003291160156843	0.0001148875488783	1.0831735177990841e-07	1.3199148887263772e-08	0.0011518240418715	0.0002115608855398	1.326698623433199e-06	4.475800829038439e-08	0.0010701897696252	-1.9045970700093746e-08	3.627489999088293e-16	1.1453061430104386e-06	0.0	0.0	0.0	0.0	0.0	0.0	0.0	0.0	0.0	0.0	0.0	0.0	0.0	0.0	0.0	0.0	0.0	0.0	0.0	0.0	0.0	0.0	0.0	0.0	0.0
2210.805796931999	-6.769152576905071	45.82142660942057	4887662.271748131	2483.727672975455	-9.8212703875638	6168903.153504068	96.4573520256376	2376.626891094705	-2.3845782072648944	5648355.379474483	5.686213226562658	2402.6094337173654	1617.2783444981376	0.9148440000000002	24.169046	0.0497981387010175	0.0228936382591929	0.0726259059	-0.0544127583	-0.0376987257	-0.0960451224	-0.0227395289	-0.0009969338	0.0145156588	0.0153451293	-0.050412531	-0.0180299194	0.1130441203	-0.0483438878	-0.0472426772	-0.0247760246	-0.0942468087	-0.0263928412	0.0093268251	0.0241101687	0.0967923023	-0.0392694563	0.0999108104	-0.018810304	-0.0075244433	-0.0216896846	0.0577269692	-0.0236205216	-0.0074014024	-0.0472646134	-0.002556922	-0.0147124533	-0.033544752	0.0189651406	0.0547702891	-0.0301086297	-0.0543530493	-0.0743858454	0.103029919	0.0364266352	-0.0644709464	0.0058122353	0.0487343702	-0.0799983482	0.0902981916	-0.0153416996	-0.0196305863	-0.1020415029	0.0083238567	0.0385388665	0.0282044956	0.0365547528	-0.0134111736	-0.0210979711	0.0826178283	0.0139649286	-0.0542121825	-0.0225081156	0.0137874578	-0.007387365	0.0363130006	-0.0382830084	0.0289381701	0.0494778195	-0.0319467155	0.0035423294	-0.0121830804	-0.013706818	-0.0257313083	0.1005759933	0.0016373296	-0.0754879613	0.0828928285	-0.0432459353	0.0268692481	-0.0328020066	0.0474763371	-0.0459108468	0.0518153202	-0.0625063318	0.0052664918	0.028963793	0.0144930845	0.0125537663	-0.048360205	0.0132801999	0.1496447292	-0.0255543004	0.0172224787	0.0654254305	0.1064653335	-0.0202911762	-0.0304420659	-0.071786884	0.0763786853	0.0612463124	0.0382063093	0.0102334157	-0.0190607341	-0.0458939156	-0.0668016447	-0.0790844839	0.0235434863226231	7.932214491290085e-05	0.0005542957482235	6.292002673583242e-09	0.0012576802099317	0.010892925409152	0.0001186558239693	1.581759510453845e-06	0.0009734158942293	-0.0183859915984926	9.475385031382278e-07	0.0003380446870598	-0.0002323029905676	9.681302511670002e-05	5.3964679426650457e-08	9.372761832246788e-09	0.0012548522583812	0.0001030282165096	1.574654190364398e-06	1.0614813397169607e-08	0.001279146518968	0.0002089567493428	4.366292309590974e-08	1.636215816987952e-06	0.0	0.0	0.0	0.0	0.0	0.0	0.0	0.0	0.0	0.0	0.0	0.0	0.0	0.0	0.0	0.0	0.0	0.0	0.0	0.0	0.0	0.0	0.0	0.0	0.0
2216.312714328321	5.506917396322024	30.326139209914132	4912042.047693369	2485.018822968896	1.291149993441195	6175318.550509717	1.6670683055631978	2378.886305435844	2.259414341138836	5659100.0541902	5.10495316494384	2404.544723869448	1652.5101559987324	1.651035	43.618324	0.1511174306714505	0.0758851327549021	-0.0240544735	0.0834631957	0.1026275437	0.0895972304	-0.0940428445	-0.0552161172	-0.0084872346	0.0608000671	-0.027993579	0.0558527395	-0.0717109646	-0.0788647633	-0.0268415803	0.0373202186	0.1066159248	0.0169702235	-0.0066418989	-0.0386647559	-0.1131042718	-0.0249960553	-0.200724619	0.033868712	-0.0542939063	-0.1396348907	-0.0780301511	-0.0286468781	0.0216763161	-0.1938587188	0.2510249541	-0.0731339172	0.069248115	0.3456489548	-0.0211424353	0.0527606601	-0.1291002749	-0.1141088054	-0.2353432945	0.2128731144	0.0574572523	-0.0293891191	-0.0315030291	0.0843506261	-0.0797971915	0.0174678907	0.0265066729	0.0688757703	-0.0201589753	-0.0574866805	-0.0146660352	-0.0225832622	-0.0062453144	0.0915790498	-0.1210884748	0.1666847466	0.1224014707	-0.1096860384	0.2849774512	0.0747264074	-0.010591272	-0.1387481412	-0.0465946399	0.006950537	-0.1434188649	-0.0322531273	-0.187641322	-0.019696769	0.2611286595	-0.0910476912	0.030802657	0.0510121887	-0.1494311676	-0.0484465732	0.0220225992	0.0401404357	-0.0237534303	0.0027090285	-0.0049788518	0.0777576302	-0.0853785028	0.0429744273	0.0556511844	-0.0455764913	0.0720621194	0.0733884924	0.0382911818	-0.0418585146	0.0273054146	-0.0554972533	-0.0894461665	-0.0656236096	0.0721131928	0.0826916501	0.0760722702	0.0601020755	0.0359208828	0.0068322673	-0.0231897558	-0.0500436514	-0.0700607062	-0.0805062393	0.0584847461635007	0.0349412598408776	0.0034204655338091	0.0012208916392677	0.0238703045042711	0.0226126242943393	0.0005113307774769	0.0005697914371266	-0.0108913378924242	-0.0118647537866535	0.0001186212410869	0.0001407723824179	0.0008988751290098	0.0011311781195774	8.079764975523845e-07	1.2795639382106624e-06	0.0017495810890175	0.0004947288306363	3.061033987047661e-06	2.4475661586276085e-07	0.0012872154237459	8.068904777900135e-06	6.510722431481961e-11	1.6569235471293372e-06	0.0	0.0	0.0	1.0	0.0	0.0	0.0	0.0	0.0	0.0	0.0	0.0	0.0	0.0	0.0	0.0	0.0	0.0	0.0	0.0	0.0	0.0	0.0	0.0	0.0
2188.5919623213763	-27.720752006944625	768.4400918305242	4789934.777537732	2473.620793129081	-11.39802983981508	6118799.828200543	129.915084229315	2367.0835720559826	-11.802733379861364	5603084.63709731	139.3045152360937	2385.0089475552386	1617.02845073403	1.648872	43.561188	0.1525120389240336	0.0743617847750514	-0.0394077123	0.0518239581	0.198420212	0.1541559387	-0.1472467112	0.0868801376	0.0302394429	0.0275787349	0.0920160599	0.0303397107	-0.2829626293	-0.1952329027	0.0645887028	-0.0153104294	0.359927134	0.0757656307	-0.1561446658	0.0501697166	0.0460514062	-0.0210647539	0.0639105139	0.0685759758	-0.1056710395	-0.1409818897	-0.0644426513	-0.0470763321	-0.0272930928	-0.075783944	0.1183796894	-0.0049908352	-0.0765755558	-0.023368361	0.0054558905	-0.0818491926	0.1233573431	0.2238919275	0.1675121213	0.1712006149	-0.0558238239	-0.1982016712	-0.0730161648	0.056057679	-0.3015494643	0.1211553252	0.2289805712	0.0289574081	0.0190465202	-0.0128213328	0.0889190803	-0.0605663632	0.0272799985	-0.0475942864	0.1358764937	0.0485841316	-0.052553869	-0.1030330439	0.0862633369	0.0160321498	0.0114754055	-0.1105974571	-0.1553549539	-0.0447160387	-0.0214272604	-0.0680426729	-0.0897375839	0.0386308933	0.0841908971	-0.0096851248	0.0587869253	0.1651597105	-0.2401861267	-0.0710587906	0.0291818813	0.2048262279	-0.0799576045	0.0243106067	-0.0735455179	0.026094292	0.1246010958	0.0183503792	0.0375294663	-0.0110163428	-0.1467939784	-0.0218975368	0.0462457205	0.0412097466	0.0057964277	-0.0021060472	-0.0217793351	-0.0496030137	-0.0152588538	-0.0991533794	0.0757575129	0.0589314758	0.0336000067	0.0034191328	-0.0272552159	-0.0539958877	-0.0729434684	-0.0813633012	0.0739339671708876	0.0154492210073868	0.0054662315016258	0.000238678429735	0.0493102824541011	0.02543997794983	0.0006471924780878	0.0024315039557032	0.0024847513428625	0.0133760892352867	6.173989235856997e-06	0.0001789197632303	0.0021218477345205	0.0012229726055107	4.502237808489779e-06	1.4956619938296305e-06	0.0012276345672115	-0.000521946521806	1.507086630612567e-06	2.7242817162538125e-07	0.001067199536432	-0.0002200158873139	4.8406990670522803e-08	1.1389148505606756e-06	0.0	0.0	0.0	0.0	1.0	0.0	0.0	0.0	0.0	0.0	0.0	0.0	0.0	0.0	0.0	0.0	0.0	0.0	0.0	0.0	0.0	0.0	0.0	0.0	0.0
2185.711200043381	-2.8807622779954727	8.298791302321664	4777333.449995076	2450.8365382863512	-22.78425484272975	6006599.737399425	519.1222687384542	2371.5294750047765	4.445902948793901	5624152.050816431	19.7660530300943	2385.8019679588606	1604.579898619509	0.957865	25.30562	0.0456637665377682	0.0275666666193677	-0.0167768281	0.0599249644	0.2076177865	0.129894946	-0.1455841688	0.0636918519	0.0841854065	0.0587443625	0.0526273845	0.0561156185	-0.2861701012	-0.1513642394	0.0643601832	0.0243550504	0.4008361899	0.0855730841	-0.1204117195	0.0258866567	-0.0102458059	0.0442927334	0.0679788597	0.1644610179	-0.1141756704	-0.0407886799	-0.0529776499	-0.0775927215	-0.0319137599	-0.1200210082	0.0504194807	0.0484539582	-0.09958102	0.0448490574	-0.18151776	-0.0712692745	-0.0766715491	0.0824780658	-0.0021130027	-0.0477416027	0.2051790768	0.0727987607	0.0955408828	-0.2718784812	-0.3323226053	0.1252637317	0.2150023421	0.0544583399	-0.0208059501	-0.0084590089	0.0486000996	-0.0365602949	-0.0772013763	-0.0705345082	0.0758100535	0.1390744922	-0.0182146757	-0.0250016742	0.11672771	0.0454257309	0.0872408988	-0.1012310112	-0.076790691	0.0025812549	0.1966014666	-0.0618823113	0.0146008658	-0.0875182619	-0.0817631649	-0.1688256604	0.0523002215	0.1335976731	-0.2357019048	-0.0785278571	-0.0144297011	0.1862277443	-0.1105888114	0.0281415545	-0.1066695319	0.0386202988	0.0555896079	0.0622855455	0.0222268866	0.0099339129	-0.0993864696	-0.0324092488	0.0168021866	0.0381341602	0.0689493878	0.0212738096	-0.0049901381	-0.0596898592	-0.0342744487	-0.0962679754	0.0754344479	0.0577350269	0.0312459714	0.0	-0.0312459714	-0.0577350269	-0.0754344479	-0.0816496581	0.080893147274736	0.0069591801038483	0.0065437012760121	4.843018771779939e-05	0.0263535506533827	-0.0229567318007184	0.0005270115349701	0.0006945096320404	0.0093566337805839	0.0068718824377213	8.754659570396376e-05	4.72227682378638e-05	0.0021637653461462	4.19176116257e-05	4.681880473183185e-06	1.7570861644030192e-09	0.0012472824896945	1.964792248299995e-05	1.5557136090985105e-06	3.860408578979749e-10	0.0011831534462329	0.0001159539098009	1.3445309198115254e-08	1.3998520773327876e-06	0.0	0.0	0.0	0.0	0.0	0.0	0.0	0.0	0.0	0.0	0.0	0.0	0.0	0.0	0.0	0.0	0.0	0.0	0.0	0.0	0.0	0.0	0.0	0.0	0.0
2181.499363263627	-4.211836779753867	17.739569059287422	4758939.47191961	2449.496424888497	-1.340113397854111	6000032.735541529	1.795903919108091	2365.9448689999786	-5.584606004797934	5597695.123147326	31.187824228825136	2382.0039938845644	1581.0986075212857	1.160329	30.654482	0.1205318626852273	0.0677033797039981	-0.0438367015	0.0365882079	0.2592487573	0.1475581153	-0.1716446219	0.1267381857	0.0847875026	0.0959794412	0.1629557337	0.0404718177	-0.4045963612	-0.1437506321	0.0221705123	0.0611584483	0.4733940503	0.0738120617	-0.1523210856	0.021010762	0.0572632245	0.0102439231	0.3944729741	-0.0044849259	0.0199474399	0.1161039053	0.021982368	0.078672275	0.0160753562	0.068781233	-0.0057780881	-0.0793189102	-0.080275339	0.0131783997	0.1380613733	-0.0195820552	0.0462967953	-0.2453111449	0.0153686959	-0.1220189914	-0.1093587527	0.0501390812	0.0232750974	0.2269818077	-0.4077605901	0.1237307915	0.2737914039	0.0210852704	-0.0126416361	-0.0055575222	0.0180636062	0.0578920963	-0.0678005383	-0.2331094514	0.1843309335	-0.124967649	-0.1404310895	0.1917714416	-0.0637445788	0.0090446469	0.1519423214	0.0012552112	0.1198528191	0.1045476352	-0.0043227591	-0.0418445308	0.0831587085	0.1125797098	0.1483864305	0.1783719397	0.0562183583	0.1930536292	-0.2425563359	-0.0790417043	-0.0017772507	0.2352152255	-0.0841505669	-0.0021021754	-0.0847688701	-0.0387109464	0.1457871105	0.0934499358	-0.0792124376	0.0318664857	-0.1164527209	-0.0568709434	-0.0615186382	0.0390543624	0.0267461606	0.0946599006	0.0843566991	-0.0302286504	-0.0408734129	-0.1947197473	0.0751031108	0.0565132535	0.0288611001	-0.0034191328	-0.0351510839	-0.0612463124	-0.0775202656	-0.0813633012	0.0803979576370608	-0.0004951896376751	0.0064638315922106	2.452127772608933e-07	0.0500729036902214	0.0237193530368387	0.0005626077084861	0.0025072956839701	-0.0174863800683695	-0.0268430138489534	0.0003057734878954	0.0007205473924951	0.002778213066139	0.0006144477199927	7.718467840865464e-06	3.7754600060435037e-07	0.0005055980720467	-0.0007416844176478	2.556294104573401e-07	5.500957753815562e-07	0.0011497994606383	-3.335398559459993e-05	1.1124883550447796e-09	1.3220387996841257e-06	0.0	0.0	0.0	0.0	0.0	0.0	0.0	0.0	0.0	0.0	0.0	0.0	0.0	0.0	0.0	0.0	0.0	0.0	0.0	0.0	0.0	0.0	0.0	0.0	0.0
2198.117450378889	16.618087115261915	276.16081937043407	4831720.325660187	2480.8215227269416	31.325097838444435	6154475.427625221	981.2617545881162	2369.941006867782	3.9961378678035535	5616620.376033477	15.969117858493538	2391.6294426530008	1631.6561354905546	1.537599	40.621494	0.2069113517097147	0.1107668283472235	-0.0676690001	0.0644597536	0.1904589118	0.1260103064	-0.1857476532	0.0692965874	0.0048009468	0.0739802964	0.1968083502	0.0825818409	-0.1900280939	-0.1019705325	0.0101058843	-0.0676901837	0.2934559145	0.0208040034	0.0114239748	0.0171638823	0.0729815194	-0.0639406123	-0.1169643898	-0.1427278595	0.1141884554	0.1111940812	0.1117062933	0.1833575686	0.1182436395	0.1671910391	-0.1060107088	-0.091412969	0.1415891416	-0.0988512089	0.1128625664	0.0793306037	-0.1557572379	0.1033644194	-0.1199643085	0.1542552662	-0.0388618559	0.0993374823	-0.0062479801	-0.165803893	-0.269565451	0.0357285998	0.1176266687	-0.0677759792	0.0343654325	-0.0404334613	-0.0909509102	0.1508024432	0.0467697945	0.0543513567	-0.1660257492	-0.1261741233	-0.0176271396	0.0654184799	-0.1206812574	-0.13574438	-0.155845702	0.1970723208	0.0186104069	-0.1483614552	-0.2777088689	0.2214277844	-0.0036394195	-0.116090153	-0.1906877797	0.1474725531	0.0438920406	0.1325761462	-0.2485187543	-0.0733477332	-0.0183379151	0.0762940446	-0.0567799	-0.0784275577	-0.0501664152	-0.1255625838	0.0364550271	0.0828295451	-0.142419444	-0.0027349685	0.0151817857	0.0341074626	-0.1159114035	0.0061257689	-0.0803316622	0.0123239445	0.1011631837	0.0738789744	0.1084856873	0.0423924951	0.0747635377	0.0552666915	0.0264477464	-0.0068322673	-0.0389598496	-0.0645158866	-0.0791897184	-0.0805062393	0.0617391445387198	-0.018658813098341	0.0038117219683729	0.0003481513062388	0.073320574635403	0.0232476709451815	0.0005404542043754	0.0053759066648657	-0.1207613241998117	-0.1032749441314422	0.014583297422492	0.0106657140853525	0.0018450666470533	-0.0009331464190856	3.404270932068507e-06	8.707622394524647e-07	0.0007780346586265	0.0002724365865797	6.053379300240544e-07	7.422169370725284e-08	0.0011207839956088	-2.9015465029500007e-05	8.418972108781379e-10	1.2561567648128266e-06	0.0	0.0	0.0	0.0	0.0	1.0	0.0	0.0	0.0	0.0	0.0	0.0	0.0	0.0	0.0	0.0	0.0	0.0	0.0	0.0	0.0	0.0	0.0	0.0	0.0
2214.6166277216525	16.499177342763687	272.22285298796663	4904526.807781224	2502.778465612611	21.956942885669378	6263900.047934216	482.1073408845471	2376.872088224992	6.931081357209678	5649520.923783033	48.039888780259545	2399.042724167892	1668.7785687749258	1.344637	35.523666	0.0893587468625255	0.0604667677023892	-0.1160193562	0.0613942342	0.185281193	0.0830250695	-0.2146017362	0.1353927722	-0.0420796169	0.1055169546	0.1622974285	0.0350523732	-0.283107646	-0.1332336953	0.0250501701	-0.1312293344	0.3078229644	0.0240562097	0.0488547704	0.0509758454	-0.0278492807	-0.0983578382	-0.1612353376	0.0588033691	0.204702735	-0.0489151921	0.0442927467	0.0275267075	-0.0266205835	-0.0374164904	-0.1689350113	0.1142769584	0.2711618803	-0.1787128637	-0.0706018698	0.0673822183	0.0020266738	-0.0202183931	-0.0418541307	-0.1544661231	-0.0730033626	-0.031506224	-0.0523601045	0.0586509212	-0.2961560862	0.0016407725	0.0898035296	0.0359430132	0.0323353096	0.0666686597	-0.0440965135	0.1028958395	0.0697409645	-0.0136538762	-0.1812547171	0.036447079	0.0113535741	-0.1064205048	-0.0440321674	-0.0274117304	-0.2180815213	0.1106021851	0.0369267296	0.1359727181	0.0607290374	0.1033048682	-0.0118099476	-0.0442000948	-0.1901585549	-0.0951539493	0.0164362141	0.1528297197	-0.2377192382	-0.048730651	0.029608424	0.0802299764	-0.0387951715	-0.0303488045	-0.0384273791	-0.0395712335	0.1161078637	0.0139200516	-0.0788819961	0.0105608028	0.0048005238	-0.0401578592	-0.0417982376	0.0212960482	0.0465390278	0.0161496545	0.0161855212	0.0289582051	0.0244892073	0.0435005393	0.0744157659	0.0539958877	0.024008292	-0.0102334157	-0.0426618292	-0.0675308461	-0.0804338397	-0.0790844839	0.0598196036320501	-0.0019195409066697	0.0035783849786955	3.684637292378341e-06	0.074010823881025	0.000690249245622	4.764440210817577e-07	0.0054776020515481	-0.0808592866929629	0.0399020375068488	0.0065382242444947	0.0015921725971979	0.0015527704190638	-0.0002922962279895	2.4110959743195687e-06	8.543708489688986e-08	0.0013698305349187	0.0005917958762922	1.876435694395652e-06	3.502223591964531e-07	0.0010679377158228	-5.284627978599998e-05	2.79272928722019e-09	1.1404909648768197e-06	0.0	0.0	0.0	0.0	0.0	0.0	0.0	0.0	0.0	0.0	0.0	0.0	0.0	0.0	0.0	0.0	0.0	0.0	0.0	0.0	0.0	0.0	0.0	0.0	0.0
2216.2425049480103	1.6258772263577157	2.643476755188659	4911730.840738231	2505.122349981052	2.343884368441195	6275637.988374589	5.493793932622979	2373.35760630732	-3.5144819176716737	5632826.327416812	12.351583149641163	2401.47719271834	1706.8382055225486	1.494352	39.478943	0.1466252543426124	0.0733357172876236	-0.0942401274	0.0689824973	0.0671770269	0.0682305487	-0.1086979166	0.0145398236	-0.0328331496	0.0028775434	0.0506594183	0.0652659204	-0.0495260445	0.0401451574	0.0014786576	-0.0922979601	0.0845513753	-0.0019180858	0.0429458084	-0.0366764401	-0.0372793993	-0.022348612	-0.3923971729	-0.0869766686	0.0977589957	0.0328006858	-0.1438322369	-0.1088978131	0.0160423207	0.039143434	-0.0828687788	0.1481082621	0.053338392	0.0364747801	0.0027930763	0.0134659119	0.1734823266	-0.1937796315	0.1877403752	-0.0001482605	0.0096455399	0.1905964414	-0.1087263626	0.0946689286	-0.0955749129	-0.0121809504	-0.0026442636	0.0315149438	-0.016830377	0.0566765002	-0.0674182273	-0.0958436217	0.1312384461	0.117660519	-0.2638819114	-0.0155882672	0.2855904714	-0.056188324	0.0133742463	-0.0007346009	-0.0808588188	0.0249521458	0.1375568957	-0.0285685138	0.1210529432	-0.0574688092	-0.0458987499	0.0954687331	-0.010800716	0.0194689412	-0.0034405848	0.0804781343	-0.1696393437	-0.0390254483	0.0419509092	-0.0100690302	0.0012372953	0.0069673836	-0.0263724507	0.0233171289	-0.0279430554	-0.0793773349	0.0188205605	0.0315393601	0.0207187363	0.0593436647	0.0169997981	-0.0126553976	0.0109096874	-0.0577444678	-0.0721336612	0.0356202385	0.0207609117	0.198768769	0.0740598336	0.0527013995	0.0215451443	-0.0136166111	-0.0462468756	-0.0702792922	-0.0812459471	-0.0771080077	0.0396204262180077	-0.0201991774140423	0.0015697781736965	0.0004080067682039	0.0375087158555658	-0.0365021080254592	0.0013324038903022	0.0014069037651335	-0.0662217597586121	0.0146375269343508	0.0043853214655273	0.0002142571947538	0.0007793786763493	-0.0007733917427144	6.074311211479868e-07	5.981347876989713e-07	0.002101923096355	0.0007320925614362	4.4180807029905896e-06	5.359595185103623e-07	0.0010681822510472	2.445352243998951e-07	5.979747597230704e-14	1.1410133214522632e-06	0.0	0.0	0.0	0.0	0.0	0.0	0.0	0.0	0.0	0.0	0.0	0.0	0.0	0.0	0.0	0.0	0.0	0.0	0.0	0.0	0.0	0.0	0.0	0.0	0.0
2206.121020589977	-10.121484358033284	102.44444560991246	4866969.9574889615	2485.792127011427	-19.330222969625083	6179162.498711995	373.6575200554212	2369.072444749915	-4.28516155740499	5612504.24847334	18.36260957306156	2394.4442222553826	1665.3483798820816	1.163922	30.749405	0.3473336403408611	0.1765601053536373	-0.0946542498	0.0139553242	0.1229910481	0.0491609749	-0.0309666578	-0.0239051685	-0.013685249	0.0204909106	0.0327449331	-0.0493159653	-0.1053571592	0.0956591931	-0.0671818494	-0.1040847037	0.0360842537	0.0126489081	0.0567751954	-0.0700424383	-0.0185789642	0.0559732613	-0.4402685855	-0.056824466	-0.0617343132	-0.1707311619	-0.0219231093	0.0552392906	-0.0177518028	-0.1591505724	0.1008525421	-0.0479792028	-0.1382537415	-0.0490608517	0.0546889626	0.0864569958	0.0065353109	-0.0040828931	-0.0314059722	-0.0894907904	-0.1482378658	0.0244545079	0.086715926	-0.0100808936	-0.0853408726	-0.0085437793	-0.0467262679	-0.0319449096	-0.0537993696	0.0085009632	-0.0331970434	-0.189010291	0.1830380205	0.3275756933	-0.1804712288	0.0963196503	0.0933820009	-0.1121490555	0.0632355042	0.1198373843	-0.1263527222	-0.1442448184	-0.1052977231	0.1148497989	-0.1139063835	-0.0311797616	0.1518187468	-0.0181856834	0.0275084279	0.02127602	-0.0219399613	0.1020126021	-0.0657834885	-0.0390332826	0.0237408287	0.0344587029	-0.0113175038	-0.10747922	0.0923883108	0.1131816855	-0.0629604429	-0.057918596	0.0669436613	-0.018874673	0.071254351	-0.0168910259	-0.0380493703	-0.0614262725	-0.0126094624	-0.0449379852	-0.0560710433	0.0680983059	-0.1075304726	0.2915002999	0.0736957799	0.0513837948	0.0190607341	-0.0169759185	-0.0497051625	-0.0727503781	-0.0816216788	-0.0745906743	-0.008378995554878	-0.0479994217728857	7.020756650866528e-05	0.0023039444905313	-0.0141843494362063	-0.051693065291772	0.0026721729992594	0.0002011957689284	0.0441303428801163	0.1103521026387284	0.0019474871627166	0.0121775865567884	-0.0010649341271423	-0.0018443128034916	1.1340846951523322e-06	3.401489717123045e-06	0.0025657039513802	0.0004637808550251	6.58283676612797e-06	2.1509268148790558e-07	0.0015058696052799	0.0004376873542327	1.91570220055221e-07	2.2676432681058418e-06	0.0	0.0	0.0	0.0	0.0	0.0	0.0	0.0	0.0	0.0	0.0	0.0	0.0	0.0	0.0	0.0	0.0	0.0	0.0	0.0	0.0	0.0	0.0	0.0	0.0
2223.7665311109013	17.64551052092429	311.3640415440498	4945137.584889011	2475.4702635807776	-10.3218634306495	6127953.025872684	106.54086468097948	2380.369963936184	11.2975191862688	5666161.1652095495	127.63393976411166	2405.157263647152	1691.587991814842	1.143975	30.222424	0.131219698743611	0.071823624340251	-0.1203083856	-0.0050616009	0.0772438373	0.0073888871	0.004508681	-0.0177679526	-0.0254410751	0.1058723365	0.0065572932	-0.021716755	0.0022926343	0.1240758686	-0.0413127686	-0.085995322	0.0325957963	-0.0339011024	0.1393340459	0.0137921859	-0.0286386292	-0.0078777308	-0.2331670976	-0.0792054703	0.0049840845	0.0299381184	-0.1000655395	0.055326006	-0.08922469	0.0291643665	-0.0696988245	-0.0538627187	-0.1663420487	0.1434498353	0.1890036578	-0.0365622138	-0.0801326166	0.0517028238	0.0687572804	-0.1209774763	0.0875245086	-0.1407569191	0.1334737604	-0.0196853337	-0.06447379	-0.071758805	-0.0786580399	-0.0529001268	0.0326501512	-0.0058944414	0.0513913605	-0.0489333909	0.0430912736	0.1066025479	-0.2467087215	0.0243157544	0.0709437487	-0.0074923833	-0.0491494381	0.0487297892	0.1069290272	0.016869944	-0.1199070932	-0.1003532997	-0.0508103111	0.043975882	0.0596377853	0.1021295597	0.1827993535	-0.0534061324	-0.0707908604	0.0818647968	-0.0447409154	-0.0043804681	0.0397229316	-0.0049858152	0.0291954201	-0.0272029806	0.0501682409	-0.0083860497	-0.0550628611	-0.0530882529	0.0556776101	-0.0564337392	0.1466395668	0.095099943	-0.0565584856	-0.0100818849	-0.0073043153	-0.0557895375	-0.116239455	0.0711695285	-0.0562874847	0.1746533565	0.0733236445	0.0500436514	0.0165575133	-0.0203054443	-0.0530272111	-0.0749343514	-0.0815590168	-0.0715501408	-0.0082858410085719	9.315454630609912e-05	6.865516121933182e-05	8.677769497495166e-09	0.0076706260551588	0.0218549754913651	0.0004776399537281	5.8838504078081056e-05	-0.0115541230560936	-0.0556844659362099	0.0001334977595953	0.0031007597466009	-0.0017043813565563	-0.000639447229414	2.904915808576693e-06	4.088927592052407e-07	0.00256508954359	-6.144077901999549e-07	6.579684366634754e-06	3.774969326583918e-13	0.0010741891870895	-0.0004316804181903	1.863479834490385e-07	1.153882409660001e-06	0.0	0.0	0.0	0.0	0.0	0.0	0.0	0.0	0.0	0.0	0.0	0.0	0.0	0.0	0.0	0.0	0.0	0.0	0.0	0.0	0.0	0.0	0.0	0.0	0.0
2227.234654017294	3.4681229063926367	12.027876493845309	4960574.204055535	2512.5756753949977	37.10541181422013	6313036.524586629	1376.8115859028671	2374.6001125833263	-5.769851352857586	5638725.694680746	33.291184634072515	2403.4095838660573	1698.2204342048326	1.043906	27.578709	0.092703950519486	0.0467853431241478	-0.1271208649	-0.0053032805	0.0635212575	-0.0196846264	0.0560152265	-0.033608173	-0.0798994241	0.0321138558	0.0277837513	-0.0337149855	-0.0283159336	0.1490891766	-0.0003993288	-0.0405418327	-0.0182379345	-0.0246689883	0.1018098712	-0.0276673108	0.0088818087	0.0479056564	-0.0898020104	-0.0377896898	-0.0291367695	0.0105999755	0.0131728479	0.0541690114	0.0463266373	0.0312650656	0.1447462073	-0.0268116039	-0.0899793495	-0.099443013	0.0920790167	-0.0215328484	-0.0871960789	0.0776938086	0.0730851651	-0.0558346695	0.0696649241	0.0119265242	0.0319646641	0.0026612764	-0.0253199189	-0.0591044149	-0.0953597996	-0.0125108362	0.0242650682	-0.0706153252	-0.0333240853	-0.0813857051	0.0538113714	0.0700934417	-0.0450763548	-0.0163613708	-0.0159612533	-0.0036222226	-0.0810115575	0.046279088	0.0179604823	-0.0053114534	-0.1461442316	-0.0440079496	-0.0335954683	-0.0626035094	0.02215664	0.0610251175	-0.0019134555	0.0383823923	-0.0789836598	0.0840258277	-0.0004574451	0.039627158	0.019976064	-0.0272273823	-0.0157168337	-0.0348099704	0.0535145779	0.0029988037	-0.0692265109	-0.04142784	0.1016108448	-0.0289439353	0.1084395393	0.0396961205	0.0338577177	-0.0012113474	0.010762847	-0.0925883331	-0.039424768	0.0724676393	-0.0363377289	0.1378111405	0.0729434684	0.0486815572	0.0140379523	-0.0235993474	-0.0562039158	-0.0768225931	-0.0810582975	-0.0680077345	0.0049624531591803	0.0132482941677522	2.4625941357058543e-05	0.0001755172983552	0.0046257259295146	-0.0030449001256442	9.271416775148068e-06	2.1397340374983707e-05	0.024722456399786	0.0362765794558796	0.0006111998504393	0.0013159902170187	-0.0017934929333225	-8.911157676620013e-05	3.2166169018777456e-06	7.940873113758378e-09	0.0018525423602246	-0.0007125471833653	3.431913196426531e-06	5.077234885219649e-07	0.0010731644118169	-1.0247752726001008e-06	1.0501643593326109e-12	1.1516818547903128e-06	0.0	0.0	0.0	0.0	0.0	0.0	0.0	0.0	0.0	0.0	0.0	0.0	0.0	0.0	0.0	0.0	0.0	0.0	0.0	0.0	0.0	0.0	0.0	0.0	0.0
2234.8472320338888	7.612578016594853	57.95134405874322	4994542.150529535	2513.633543555416	1.0578681604183655	6318353.591286957	1.1190850448269372	2376.790179045304	2.1900664619774943	5649131.555206208	4.79639110787862	2407.0102399995058	1725.6459050047183	1.071778	28.315063	0.0437068602949755	0.0322133372177737	-0.1156545942	-0.0296280324	-0.0159040025	-0.0299819074	0.0619851269	-0.0207436042	-0.0969903648	0.040187813	0.0420862097	-0.116053386	0.0608431884	0.0842428994	0.0058642503	-0.0548124865	-0.0357444175	-0.0272924202	0.1394451755	-0.0016491258	0.0244101103	0.0531562824	0.0953801733	-0.032126919	-0.0426809222	-0.0031546968	0.0927851455	0.0811029232	-0.048157343	0.0632964159	0.1385294341	0.0492889653	-0.0516770645	0.0026358011	0.0032553449	-0.0057368597	0.1429180969	-0.0515294277	0.0464071509	0.0126513441	0.0684815042	0.0283004529	-0.0161844467	0.04956417	-0.008988209	-0.0783950207	-0.1218323618	-0.0276815313	0.0129953727	0.0280996	-0.0653569498	-0.0113761702	-0.0033582433	0.0383748566	0.0930252536	-0.0515624775	-0.1065458435	0.0616940298	-0.0847463413	0.1301005115	0.0491388987	-0.0142007667	-0.0019767705	-0.0205740551	0.0574243342	-0.0526530973	-0.0146145957	-0.0016898561	0.0843851781	0.0412745561	-0.0787897029	0.05785064	0.0228203457	0.0384745722	0.0348687677	-0.0440036408	0.0561745917	-0.0340493124	0.0732615068	0.0533485045	-0.0396301539	-0.0203246784	-0.0209911561	0.0516805417	0.0849819252	-0.008436153	0.0662796864	-0.0144425318	-0.0120152498	-0.0554690456	-0.012716778	0.0084548034	-0.0286960215	0.0426208473	0.0725552932	0.0472981097	0.0115045374	-0.0268518493	-0.0592265694	-0.0784076511	-0.0801222105	-0.0639883028	-0.0087614364947228	-0.0137238896539031	7.676276945106055e-05	0.0001883451472325	0.0046193344437881	-6.391485726499509e-06	4.0851089792046945e-11	2.133825070356712e-05	-0.0044279011367649	-0.0291503575365509	1.9606308476963894e-05	0.0008497433445087	-0.001776992897384	1.6500035938500027e-05	3.1577037573531838e-06	2.722511859717925e-10	0.0018525510037661	8.643541500163304e-09	3.431945221554785e-06	7.471080966504531e-17	0.001073148658921	-1.5752895900049413e-08	2.481537292377936e-16	1.1516480441439409e-06	0.0	0.0	0.0	0.0	0.0	0.0	0.0	0.0	0.0	0.0	0.0	0.0	0.0	0.0	0.0	0.0	0.0	0.0	0.0	0.0	0.0	0.0	0.0	0.0	0.0
2242.254492176128	7.4072601422394655	54.86750281480943	5027705.207684027	2516.759639455311	3.1260958998950628	6334079.082791228	9.772475575340724	2379.6216513592262	2.8314723139224043	5662599.203617611	8.017235464509094	2407.4948598023566	1733.1784751663663	0.956378	25.266329	0.060965840313895	0.0438229406352802	-0.0929678862	-0.0114612244	-0.0589381426	-0.0565149676	0.0569872827	-0.0187239797	-0.1153406733	0.0473479902	-0.0634366994	-0.0642962745	-0.0101257867	0.1044759595	-0.0367074006	0.0111832412	-0.0670640845	-0.0368740715	0.1137334672	-0.0029730694	-0.0494043282	-0.0159527892	0.0351291075	-0.0460133006	-0.0554941874	-0.034505839	0.0173065637	0.1198605886	0.0739234305	0.0333879485	0.0158102759	-0.0040728085	-0.0683498171	-0.024940032	-0.0050582154	0.0179426312	0.0802277424	-0.0636908754	-0.0075761717	0.0791185182	-0.0305707255	-0.1805173164	-0.0788147015	0.0362474159	0.0179956154	-0.0806634815	-0.1045092805	0.0054316346	0.0436896147	-0.0650915006	-0.0487230592	0.0105493552	0.0314725502	0.0568943071	-0.0251780449	-0.0561044271	-0.0798973643	0.0558809312	-0.0327215879	0.0404349358	0.080804443	-0.0357871003	0.0311832837	0.0655252756	0.0453695843	-0.0395177076	-0.0018142712	0.0651461595	-0.0131432495	0.0442249343	-0.0702672356	0.0351045331	0.0255061533	0.0591378048	0.0493025977	-0.0531480754	0.0412321869	-0.009888151	0.0402999231	0.0235800236	-0.0428194046	0.0112720374	0.0005899901	-0.0186818123	0.1162439237	0.0209643187	0.0634322436	-0.0364892821	0.0162190426	-0.071319903	-0.027241227	0.0144899349	-0.0522322092	-0.0187902948	0.0721591615	0.0458939156	0.008959769	-0.0300572439	-0.0620868871	-0.0796832699	-0.0787557834	-0.0595200392	-0.0087925991072665	-3.11626125436993e-05	7.730979906110364e-05	9.711084205487251e-10	0.0042889652742417	-0.0003303691695464	1.0914378818677799e-07	1.8395223123651183e-05	-0.0252124391845498	-0.0207845380477849	0.0006356670896346	0.0004319970218598	-0.0010954332553567	0.0006815596420273	1.199974016941377e-06	4.6452354564038134e-07	0.0017389148250013	-0.0001136361787648	3.023824768609301e-06	1.2913181124265612e-08	0.0010719490700327	-1.199588888300008e-06	1.4390135009328488e-12	1.1490748087439702e-06	0.0	0.0	0.0	0.0	0.0	0.0	0.0	0.0	0.0	0.0	0.0	0.0	0.0	0.0	0.0	0.0	0.0	0.0	0.0	0.0	0.0	0.0	0.0	0.0	0.0
2244.8089255916843	2.5544334155561046	6.525130074509627	5039167.112416092	2534.360027711783	17.600388256471888	6422980.750063269	309.77366677855355	2376.048233695652	-3.5734176635742188	5645605.208848228	12.769313798344228	2407.6837690191287	1779.4129710077525	1.000227	26.424763	0.0951795453945722	0.0536631452860105	-0.1255184843	-5.8781e-06	-0.0850227201	-0.0132441405	0.0297657405	-0.0315828225	-0.1068615208	-0.0345209452	0.0496874972	-0.1278701479	0.0705592597	0.0303506129	0.0144798684	-0.042928337	-0.0321392099	-0.0312625779	0.1158031781	-0.0120439384	-0.0135639464	-0.0228204633	0.011459389	-0.0847625531	0.001072929	0.0886076973	0.0476855204	0.0072542335	0.0256087354	0.0164318741	0.1309979757	0.0350051911	0.022291775	-0.1139506575	-0.0572446886	-0.017027988	0.1461682521	-0.1337850619	-0.0716033021	0.0114616537	0.0178357522	-0.0594112519	0.0369188306	0.0411844589	-0.0032656141	-0.0789318875	-0.1032854463	0.0098813146	0.0033354188	0.0184947624	-0.0814423963	0.0540116601	0.0459919437	0.0589840116	0.060897814	-0.0670075794	0.0268549847	0.0531305183	-0.0724540939	0.0452810716	0.0473900371	0.0538017392	-0.0110847829	0.0917038961	0.0852855076	-0.0583198658	-0.0094830561	-0.0611178568	0.0198626097	-0.0155098125	-0.0867222866	0.0311646525	-0.0023252893	0.0552496308	0.0220629808	-0.103625416	0.030043266	7.59197e-05	0.0009505143	0.0155260694	-0.0765208949	-0.0105593898	-0.0415507917	0.0493184302	0.0811445267	-0.0240435251	0.0545162008	-0.0161396459	-0.0192954564	-0.0652259097	0.0135952899	0.0344573088	-0.0817900094	-0.0320086073	0.0717551168	0.044469591	0.0064061583	-0.0332099078	-0.064777029	-0.0806444153	-0.0769663555	-0.0546342852	-0.0087706817141537	2.1917393112799027e-05	7.692485773099009e-05	4.803721208609701e-10	0.0175221914301175	0.0132332261558757	0.0001751182744925	0.0003070271925136	-0.0779857232978784	-0.0527732841133286	0.0060817730382932	0.0027850195161061	-0.0013909764031168	-0.0002955431477601	1.9348153540277506e-06	8.734575218794833e-08	0.0019523041925013	0.0002133893675	3.811491660058153e-06	4.5535022162050086e-08	0.0009978592306477	-7.408983938499993e-05	5.4893043000950875e-09	9.957230441888195e-07	0.0	0.0	0.0	0.0	0.0	0.0	0.0	0.0	0.0	0.0	0.0	0.0	0.0	0.0	0.0	0.0	0.0	0.0	0.0	0.0	0.0	0.0	0.0	0.0	0.0
2244.7200034893963	-0.0889221022880519	0.0079071402753267	5038767.894065435	2528.588549258104	-5.77147845367881	6393760.051439204	33.30996354127875	2380.9087789784307	4.86054528277873	5668726.613816562	23.62490044594257	2413.359604792397	1778.148569045381	1.003873	26.521088	0.0513897323512171	0.0262511217653402	-0.1084038015	0.0019012906	-0.1029295576	-0.0173986232	0.0148225377	-0.0361698362	-0.1080502158	-0.0215942809	-0.1214183087	-0.037801706	-0.007720707	0.0172716161	-0.0362631402	-0.0573262163	-0.0601782567	-0.0310049033	0.0634738094	0.0520852509	-0.0629029061	-0.0007264428	0.0423495339	0.0059427222	-0.0065429009	-0.0119858213	-0.0078042349	-0.0336010881	0.0331137012	0.0528336652	0.0227324633	-0.0036368864	-0.0798652906	-0.0625207893	-0.0021298195	0.0665033983	-0.0023179646	0.05810521	-0.0667348382	-0.0190911614	-0.0215727078	-0.0298245479	0.0045823281	0.0471092357	0.0448666785	-0.0605487459	-0.0580745398	0.0626513332	0.0969347832	-0.0141608054	0.0130500312	-0.0323399614	0.0199704072	-0.026920969	-0.0276922343	-0.0396179521	-0.0174417054	0.0243063294	-0.052631014	0.0344891661	0.0642095418	0.0046378343	0.0432764936	-0.0064879046	0.0357491597	-0.021321721	0.0075572307	0.0738611072	-0.0422929312	0.04734625	-0.0863718862	0.0264721381	0.0078388193	0.0521262845	0.0360061634	-0.1000229891	0.0351826532	0.0254860305	-0.0032960236	0.0265177737	-0.0329816002	-0.0354036713	0.0052891531	-0.0155767595	0.0906693607	0.0443032039	0.0305939443	-0.0177617818	-0.0087576088	-0.0633235806	0.0032306799	0.004570022	-0.0697751327	-0.0174447101	0.0713432033	0.0430257605	0.0038462256	-0.0363043104	-0.0672896215	-0.081287294	-0.0747635377	-0.049365311	0.0093094485557827	0.0180801302699364	8.666583241276461e-05	0.0003268911105778	0.0137470196709301	-0.0037751717591873	1.4251921811366085e-05	0.0001889805498329	-0.064868556188685	0.0131171671091933	0.0042079295820045	0.0001720600729705	-0.0012851288441255	0.0001058475589913	1.6515561460033436e-06	1.1203705744416764e-08	0.0021003093355076	0.0001480051430062	4.411299304820376e-06	2.1905522356315263e-08	0.0010723517929081	7.449256226040014e-05	5.5491418321195906e-09	1.1499383677532168e-06	0.0	0.0	0.0	0.0	0.0	0.0	0.0	0.0	0.0	0.0	0.0	0.0	0.0	0.0	0.0	0.0	0.0	0.0	0.0	0.0	0.0	0.0	0.0	0.0	0.0
2232.7954831936954	-11.92452029570086	142.1941842825817	4985375.669770168	2529.5419425395	0.95339328139562	6398582.439066506	0.9089587490103076	2378.737423108972	-2.1713558694586936	5658391.728099112	4.71478631183272	2409.8327508688403	1729.7650052898657	1.050688	27.757881	0.1264335242034213	0.0727451841024389	-0.1175009073	-0.0311126347	-0.0508601076	0.0029419134	0.0577491452	-0.043244313	-0.0913188427	-0.0753629029	-0.0523574245	-0.0825880547	0.0297942601	0.0861026401	-0.0141329089	-0.0168121541	-0.0622042424	-0.015385857	-0.0033043029	0.0668501968	-0.0692511403	0.0266803791	0.0079728456	-0.0314086149	-0.0752167042	-0.0058933148	-0.0327144827	-0.0693944796	-0.017391127	0.1312983321	-0.0141711513	-0.0460196744	-0.0072405811	-0.0527495055	-0.0421338413	0.0156985521	0.0117302534	0.0506437865	0.0015572236	0.0288731977	-0.0156505405	0.100228481	-0.0062565455	-0.0552946836	0.040027598	-0.0198456205	-0.0355367427	0.0734054315	0.0770633019	0.0180587144	0.076915724	-0.0654823857	0.0291290543	0.0743427511	0.1123636886	-0.0079413539	0.0327316383	-0.0215920491	-0.0366774269	-0.0132590676	0.0005105081	0.02292184	0.00887314	-0.1089216423	0.0011824644	-0.0151830273	0.0679290919	-0.0045758844	-0.0019382532	-0.0071636678	-0.1035703456	0.0576901458	0.0220464568	0.0368689718	-0.0118320593	-0.0462751284	0.0399648049	0.0222267044	0.0433091358	0.1116858574	0.0607711875	-0.0451822201	0.0953428853	0.0355221986	0.0666104056	-0.0674127165	0.0541498885	0.0293088064	-0.0187788682	-0.0838277437	0.0102867374	0.0385061158	-0.0640785068	0.049217322	0.0709234662	0.0415630576	0.0012824971	-0.0393350228	-0.0696177779	-0.0816093689	-0.0721591615	-0.0437500746	7.710731405552451e-05	-0.0092323412417271	5.945537880857288e-09	8.523612480369649e-05	0.009400147347506	-0.0043468723234241	1.889529899615043e-05	8.83627701548241e-05	-0.0265574783916449	0.0383110777970401	0.0007052996585226	0.0014677386819708	-0.0024274055424836	-0.001142276698358	5.892297667680099e-06	1.3047960556118815e-06	0.0018518238976132	-0.0002484854378943	3.4292517477713437e-06	6.174501284557166e-08	0.000972249272336	-0.0001001025205721	1.0020514624887724e-08	9.452686475578816e-07	0.0	0.0	0.0	0.0	0.0	0.0	0.0	0.0	0.0	0.0	0.0	0.0	0.0	0.0	0.0	0.0	0.0	0.0	0.0	0.0	0.0	0.0	0.0	0.0	0.0
2230.481308358667	-2.3141748350285525	5.355405167079428	4975046.866937391	2507.633221071158	-21.90872146834181	6288224.371419711	479.9920763773813	2380.212240136188	1.4748170272159769	5665410.308094131	2.1750852637661717	2414.172662386627	1766.1102945658974	1.105569	29.207781	0.0746010504531729	0.0488817983760363	-0.0974984846	-0.0682394512	-0.0854994826	0.0650677067	0.0474179705	-0.0207157367	-0.0597160491	-0.0286023604	-0.0424352505	-0.0654321748	0.0119782048	0.0554890882	-0.0247288313	-0.0621746223	-0.0753241985	-0.0154804669	0.039271881	0.0353683123	-0.0617730986	-0.0234425698	0.0266985309	0.0433159074	0.0575977271	0.0816196229	0.0422611479	-0.0436742268	-0.0013764716	0.0946608283	0.0453041329	-0.041262344	-0.0589559069	-0.0256503039	0.0151064684	-0.126439118	0.0135331933	-0.0131091272	-0.0207012372	-0.0639402912	0.0141604595	0.0981702886	0.0084263865	0.0045934786	0.0670254348	-0.0316520584	-0.0470750326	0.0609480116	0.0233285177	0.0849372936	-0.0492787198	0.0336873164	0.0444506851	-0.0206128545	-0.0097047608	-0.0133650341	-0.0152465493	0.0324764698	-0.0672924165	0.006132242	0.1444286907	0.0109157981	-0.0380190197	-0.0745533272	0.0206084248	-0.009258945	-0.0115753284	-0.067091727	0.0305922683	0.0281538971	-0.0993508512	0.0568950961	0.0480959243	0.0568390435	0.0353708799	-0.0260575067	0.0390016299	0.0145175112	0.0141211253	0.000980721	-0.0518052294	-0.0717311466	-0.0327982653	0.0781739251	0.0199435662	0.0794419308	0.0437795497	-0.0401168432	-0.0313218389	-0.0510611279	0.0151586336	0.0392815989	-0.049177243	0.0013406321	0.0704959515	0.0400821236	-0.0012824971	-0.0422967282	-0.0717551168	-0.0816093689	-0.0691672152	-0.0378279629	0.0051865810390978	0.0051094737250422	2.690062287512881e-05	2.6106721746897382e-05	0.0102469512245733	0.0008468038770672	7.170768062162094e-07	0.0001050000093987	-0.0529023725331683	-0.0263448941415233	0.0027986610196381	0.000694053447328	-0.0016829968744469	0.0007444086680366	2.8324784793980347e-06	5.541442650481735e-07	0.0018526005000245	7.766024112999554e-07	3.432128612691027e-06	6.031113052369051e-13	0.0010730615760788	0.0001008123037428	1.0163120585930576e-08	1.1514611460567184e-06	0.0	0.0	0.0	0.0	0.0	0.0	0.0	0.0	0.0	0.0	0.0	0.0	0.0	0.0	0.0	0.0	0.0	0.0	0.0	0.0	0.0	0.0	0.0	0.0	0.0
2226.119165679811	-4.362142678855889	19.028288750696035	4955606.539806978	2519.582328227029	11.949107155870934	6348295.108713936	142.78116182248596	2371.915916774584	-8.296323361604209	5625985.116248614	68.82898132029976	2403.654983824028	1719.0211328198095	1.038385	27.432856	0.13223467208838	0.0620177370117847	-0.0987376461	-0.0937378406	-0.0486512878	0.025012074	0.0698351844	-0.0423215493	-0.0519200339	-0.0721748708	0.0316923522	-0.1181151455	-0.0058373785	0.0669702157	0.0424436957	-0.0121614463	-0.05432802	-0.0168731273	0.0744136356	-0.0550395535	0.0256946016	0.0598584189	0.0714533122	0.0038364485	-0.0354623138	0.0434838128	-0.0363728794	-0.0251169749	0.0115219733	0.109289105	0.0261791024	-0.0547405709	0.0484047399	-0.0529664006	0.0099335425	-0.0462337309	0.0421733003	-0.0281125098	-0.0390908263	0.1043539135	0.059196864	0.0219306637	0.0008074395	0.0191740951	0.0203475755	-0.0469523744	-0.0782847115	-0.0050769353	-0.0151836344	-0.0164622545	-0.066721218	-0.0523398549	0.0186711796	0.0008443	0.1125301098	-0.0535577611	-0.0371252485	0.0066717893	0.0081606323	-0.0611757492	0.0572745539	0.1033482646	-0.0224990568	-0.0497270287	0.001120897	-0.0062229526	-0.032567947	-0.0531995989	-0.0163241504	-0.0039383612	-0.120433661	0.0558404558	0.0442860998	0.049988427	-0.036728708	-0.0549109395	-0.0146107347	-0.0322237535	-0.0088243419	0.0280816673	-0.1444055148	0.0319956348	0.0415007291	0.0343205809	0.0378250262	0.0210416654	0.0343481007	0.0255889648	-0.0227357897	-0.034438897	0.0665213637	0.0458878752	-0.0921658816	-0.055508056	0.0700607062	0.0385836084	-0.0038462256	-0.0451842308	-0.0736957799	-0.081287294	-0.0658037687	-0.0316405151	0.0177410503978165	0.0125544693587187	0.0003147448692178	0.000157614700879	-0.0156306116127922	-0.0258775628373655	0.0006696482584018	0.0002443160193899	-0.0046021797403525	0.0483001927928158	2.118005836251101e-05	0.0023329086238231	-0.0021772752386623	-0.0004942783642154	4.740527464891976e-06	2.4431110133145174e-07	0.0014368346508744	-0.00041576584915	2.064493813953359e-06	1.7286124131950358e-07	0.0010730663047029	4.728624099920031e-09	2.235988587834453e-17	1.151471294288737e-06	0.0	0.0	0.0	0.0	0.0	0.0	0.0	0.0	0.0	0.0	0.0	0.0	0.0	0.0	0.0	0.0	0.0	0.0	0.0	0.0	0.0	0.0	0.0	0.0	0.0
2231.364664770992	5.2454990911810455	27.51526071558117	4978988.267188561	2499.0038811982567	-20.57844702877219	6245020.398243951	423.4724821159829	2377.392379429029	5.476462654445186	5651994.52576722	29.99164320553281	2407.2219633409386	1692.910947364533	1.090602	28.81237	0.163131609753893	0.0770966813357995	-0.0917973793	-0.0685435328	-0.0279463865	-0.0530979569	0.0789680574	-0.028698928	-0.0531398571	0.0400469328	-0.0351384364	-0.0822878706	0.0309909642	0.0605480555	-0.0443635442	0.0041968324	-0.0640689897	-0.0356001228	0.0841148854	0.0180336396	0.0091060903	0.0446772414	0.0337218555	-0.0025831848	-0.0040501906	0.0251781745	-0.0429124113	-0.0183674554	-0.0141514574	0.0735079624	-0.016443217	-0.0736821067	-0.0265517263	-0.1240800853	-0.0540413403	-0.0518836716	0.0439198846	0.0741737989	0.0602695353	0.0613787488	-0.109097336	-0.0632189477	0.0124518362	-0.0180556241	0.0465155535	-0.0588337292	-0.0657243102	-0.0211309259	0.0120233815	0.0804828026	0.0157956889	-0.0312891998	0.0013856577	-0.0074359977	0.0232062669	-0.0396878082	0.0087298536	0.0384751283	0.006220131	-0.0030494171	0.0686617417	0.0358122056	-0.0040916512	-0.0336891921	0.0181230842	0.0514819525	0.0917020429	0.0090695288	-0.0611013673	0.0266512424	-0.1134525368	0.0463604678	0.0692563672	0.0568654753	0.0188530669	-0.0346938677	0.0531320965	0.0428801873	0.0326340527	-0.0354981647	0.0318848496	-0.0124965076	-0.016673453	0.0405547122	0.0931811332	0.0163456021	0.0138645068	-0.0449921085	-0.0301974097	0.0030562922	0.0343754781	0.0497815548	-0.1486471606	-0.0926319335	0.0696177779	0.0370681691	-0.0064061583	-0.0479924649	-0.0754344479	-0.0806444153	-0.0620868871	-0.0252311319	0.0320545100497611	0.0143134596519446	0.0010274916145302	0.0002048751272078	0.0158547792106844	0.0314853908234766	0.000991329835307	0.0002513740238195	-0.0743502418640744	-0.0697480621237219	0.0055279584652463	0.0048647921700145	-0.0024921199179194	-0.000314844679257	6.210661685290596e-06	9.912717205650597e-08	0.002071665977547	0.0006348313266725	4.291799922525767e-06	4.030108133248931e-07	0.0010750842418682	2.0179371652999985e-06	4.072070403098993e-12	1.1558061271133223e-06	0.0	0.0	0.0	0.0	0.0	0.0	0.0	0.0	0.0	0.0	0.0	0.0	0.0	0.0	0.0	0.0	0.0	0.0	0.0	0.0	0.0	0.0	0.0	0.0	0.0
2245.30165496587	13.936990194878035	194.2396956921265	5041379.521792475	2529.3179157314016	30.31403453314488	6397449.118839841	918.9406896767	2383.33389215884	5.941512729811166	5680280.441513006	35.30157351850813	2413.843141855857	1709.3671224582697	1.167794	30.851685	0.2573202212679656	0.1209043775002181	-0.0806270058	-0.0349240217	-0.0778187822	-0.0913830597	0.0040092059	-0.0020357431	-0.1049573167	-0.0432000792	-0.0762647678	-0.0161185511	0.0654605147	0.0161062632	-0.0950005405	-0.0348037343	-0.0609290021	-0.078572748	0.063131776	0.097200142	0.0306195293	0.0016347936	0.0581203617	0.099366657	0.0711311541	-0.0230273163	0.0243277827	-0.0189649141	0.0446735987	0.0244599694	-0.0052683405	0.124982329	0.0182929188	0.1299681509	-0.0371504699	-0.1051622795	-0.0222228273	-0.0605020394	-0.0202241682	0.1648644578	-0.1098564034	0.0068156718	0.0736572433	-0.0970464762	0.0372478266	-0.0969338246	-0.0477553755	-0.0309201644	0.0692377637	0.0912629315	-0.0116810169	0.0009084293	-0.040089715	-0.088564898	-0.003824089	-0.0062741466	-0.0541142222	-0.0531978651	0.0147806501	-0.0804946524	-0.0042847886	-0.021017391	0.0571961615	0.0028222778	-0.0549469874	-0.0916870169	-0.1079753884	-0.176964677	-0.0387759618	0.0696327626	-0.0967043803	-0.0097663474	0.0245501726	-0.0073486118	0.015278691	-0.1555571261	0.0169592682	0.0299396687	-0.0642313779	-0.0665388911	-0.0073588449	-0.0480821084	-0.0909910325	0.0573251839	0.0523254724	-0.101456552	-0.1011120364	-0.0582333833	-0.0540251544	0.0469449094	0.0222112938	-0.0049713777	0.0978829809	-0.0856672532	0.0691672152	0.0355364705	-0.008959769	-0.0507165039	-0.0769663555	-0.0796832699	-0.058036534	-0.0186447705	0.0165325260485218	-0.0155219840012393	0.000273324417545	0.0002409319873347	0.051465327082937	0.0356105478722526	0.0012681111197619	0.0026486798917536	-0.1703652327784581	-0.0960149909143837	0.0290243125396582	0.0092188784802891	-0.0015147768903135	0.0009773430276058	2.294549027427837e-06	9.55199393609867e-07	0.0032976935494293	0.0012260275718823	1.0874782745947616e-05	1.5031436070156093e-06	0.0010750008717546	-8.337011360003839e-08	6.950575841683304e-15	1.1556268742731498e-06	0.0	0.0	0.0	0.0	0.0	0.0	0.0	0.0	0.0	0.0	0.0	0.0	0.0	0.0	0.0	0.0	0.0	0.0	0.0	0.0	0.0	0.0	0.0	0.0	0.0
2242.3876916733843	-2.9139632924857324	8.49118206995429	5028302.559768289	2544.4649015967525	15.14698586535087	6474301.635457772	229.43118080513904	2380.7447950943656	-2.589097064474572	5667945.779368913	6.703423609270847	2414.81623407126	1758.3301523357095	1.347996	35.612396	0.4297680595806195	0.2103348162123303	-0.0247237876	0.0696315723	-0.1369654308	-0.042333828	-0.0679740805	0.0055604973	-0.0915030481	-0.0353694087	-0.0433141816	0.1224884658	0.1063196955	-0.0358308253	-0.1242596455	0.014383834	-0.0758458191	-0.0482252265	0.0462390642	0.1004860556	0.0206318484	-0.0442504931	0.0801094651	0.0412749363	-0.0119725172	-0.0305499914	-0.0331582193	-0.0526413409	-0.0280298062	-0.0465054465	-0.0115444799	0.0129675053	-0.0153718726	-0.0998889199	-0.0139154746	0.1698089987	0.0215476472	0.0156177057	0.0180680923	0.0287558175	-0.0382122191	0.0909921919	0.0058521987	-0.0238697414	0.082880065	-0.0600593953	-0.0273853078	0.0025697345	0.134731983	-0.0125858566	0.066582981	0.0353275228	-0.0354293354	-0.1343760746	0.0584082281	0.0070779658	0.0667398501	-0.0456393411	0.0044740399	0.1110441485	-0.1080569834	-0.022664146	-0.0760390626	-0.0514303522	-0.0078593278	0.0153599702	0.0857875607	-0.0008637879	-0.0400884695	0.001091682	0.0171135165	-0.0645554485	0.0176763157	-0.0441234545	0.0468617496	-0.1795434847	0.1141136872	-0.0492632151	0.0359078823	-0.0025141841	0.1689389324	-0.0599152107	-0.0813654677	-0.0635149253	-0.0714774327	-0.0278103414	-0.1212623621	-0.0239112151	0.0719139743	0.0258819161	0.0425667879	-0.1060575721	0.1393538402	0.0273381838	0.0687090676	0.0339891844	-0.0115045374	-0.0533515689	-0.0782873035	-0.0784076511	-0.0536744641	-0.0119276293	0.027801240182697	0.0112687141341752	0.000772908955696	0.0001269839182377	0.1514406575870026	0.0999753305040656	0.0099950667093971	0.0229342727703837	-0.2320677102043618	-0.0617024774259036	0.0538554221194956	0.0038071957204941	0.001703193070387	0.0032179699607005	2.9008666350142965e-06	1.035533066797078e-05	0.0036562553424746	0.0003585617930452	1.3368203129374056e-05	1.2856655943186044e-07	0.0026348998683383	0.0015598989965837	2.4332848795428346e-06	6.942697316169191e-06	0.0	0.0	0.0	0.0	0.0	0.0	0.0	0.0	0.0	0.0	0.0	0.0	0.0	0.0	0.0	0.0	0.0	0.0	0.0	0.0	0.0	0.0	0.0	0.0	0.0
2233.2706002017703	-9.117091471614003	83.12135690177679	4987497.573725576	2531.9784486685226	-12.486452928229935	6410914.864521858	155.91150672890197	2380.3455837083898	-0.3992113859758319	5666045.097880035	0.1593697306927446	2418.837435675788	1775.3412489925315	1.242639	32.829002	0.3001326098997131	0.1276011766307995	-0.0416379852	-0.0216189399	-0.1500989011	0.0279369902	-0.0491920816	-0.012076545	-0.0441687093	-0.086525044	-0.0464804597	0.0570240904	0.0278997544	0.0096471513	-0.0403225598	-0.0690848769	-0.0688110793	-0.0258185738	-0.0255303162	0.1196942925	-0.0221655703	0.0361122546	0.038548158	0.0709953443	0.0769570375	-0.0179515019	-0.0191886043	-0.0393063496	0.04048547	0.0219880845	-0.0686575378	0.066956028	-0.013579311	-0.0135490205	-0.023801566	-0.0906793838	0.0776672465	0.1049054042	-0.0285527956	-0.0135829451	-0.0412398939	0.0592799852	0.0276315629	0.022645237	0.0878705909	-0.0270109128	0.0129029845	0.0822844589	0.091329133	0.0874720256	0.0139025148	-0.0403236626	0.001395544	-0.1007945223	0.0009342064	-0.0161234256	-0.0514117802	-0.0529353049	-0.1142852391	-0.0600060119	-0.0593560681	-0.0471906874	0.0027852185	-0.0473347068	0.0513307034	-0.0423730313	-0.0076943405	-0.0690087341	0.0114571095	-0.0488916356	-0.0681184032	-0.0399243346	0.0199840369	-0.0054833398	0.0114410659	-0.1021061485	0.0732262349	0.0915584596	-0.0705469977	-0.0088061822	0.0327126336	-0.0695705257	0.0850955019	0.0207808321	-0.1024813146	0.035476945	0.0265843422	-0.0099160431	0.0118315708	0.0171692893	0.0039404559	-0.0263967367	0.0660902563	-0.0833613862	0.0682433853	0.0324269895	-0.0140379523	-0.0558930371	-0.0793936715	-0.0768225931	-0.0490241061	-0.0051268245	0.010415919911253	-0.017385320271444	0.0001084913875976	0.0003022493609406	0.077948911344464	-0.0734917462425386	0.0054010367657776	0.0060760327797871	-0.1474117969015012	0.0846559133028606	0.0217302378657294	0.0071666236571414	0.0006010715160857	-0.0011021215543013	3.6128696744956193e-07	1.2146719204555131e-06	0.0028311286669746	-0.0008251266754999	8.015289528965376e-06	6.808340306216822e-07	0.0020701554964822	-0.0005647443718561	3.1893620554314095e-07	4.285543779615465e-06	0.0	0.0	0.0	0.0	0.0	0.0	0.0	0.0	0.0	0.0	0.0	0.0	0.0	0.0	0.0	0.0	0.0	0.0	0.0	0.0	0.0	0.0	0.0	0.0	0.0
2213.730939667974	-19.53966053379645	381.79833377600255	4900604.673243251	2495.5550254707905	-36.42342319773206	6227794.885152518	1326.6657574410865	2371.2579478388247	-9.08763586956502	5622864.255188795	82.58512569780477	2404.491700763944	1681.2650588075558	1.375724	36.34494	0.1121003244223459	0.0598008137893394	0.0262277386	-0.012922334	-0.0560253877	-0.0660997336	-0.0285390314	-0.0403436729	0.0003647953	-0.0159663498	-0.0065216557	0.0384836206	0.0524454405	0.0339903961	-0.0099798171	-0.0315901717	-0.0596316897	-0.0394698514	0.0659463714	0.0042622549	0.103525262	0.0176621261	0.1018692403	0.0183542191	0.0179187713	0.012855921	0.0008090563	-0.1540979817	-0.0161164271	0.005395967	-0.0007237082	0.0037228808	0.0002322421	-0.0684697835	0.0429290228	0.0977846701	-0.0155933972	0.0539879641	-0.1164606115	-0.0944967021	-0.0253781758	-0.0044806089	-0.1109197819	-0.0042593436	0.0548598606	-0.0394816835	-0.0235762927	-0.0614964779	0.0078131045	0.0477352935	-0.0305855697	0.0010245847	0.0301043992	-0.1168196527	0.1185503958	-0.0457513028	0.0214610251	-0.0665280945	-0.0352744833	0.0278515482	0.043649509	0.0328481555	-0.0301869828	0.0564358679	-0.0522179734	0.0108894396	0.0468903105	-0.0427803074	-0.0263470534	-0.1040151407	0.0062291154	-0.055914773	0.0522314892	0.000537916	0.0193953622	-0.0909683062	-0.066211217	-0.0636185824	0.0042811122	-0.0453075873	-0.0269463405	-0.0319789013	-0.0100702974	-0.0152032412	-0.0770200806	0.0222423358	-0.0282634706	0.0193610302	0.0201464218	0.0560436381	0.1506107718	-0.1079871713	-0.1073959453	0.0366020842	0.0677702193	0.0308505711	-0.0165575133	-0.05833645	-0.080282427	-0.0749343514	-0.0441104375	0.0017099414	0.0247268789158283	0.0143109590045753	0.000611418540918	0.0002048035476306	0.0794484279175833	0.0014995165731193	2.248549953059474e-06	0.0063120526985754	-0.1741598707573075	-0.0267480738558062	0.030331660582202	0.0007154594549956	0.0012368752347107	0.000635803718625	1.5298603462406492e-06	4.042463686173782e-07	0.0022781566630702	-0.0005529720039044	5.189997781491148e-06	3.0577803710204815e-07	0.0018680957192347	-0.0002020597772475	4.0828153581309394e-08	3.489781616223011e-06	0.0	0.0	0.0	0.0	0.0	0.0	0.0	0.0	0.0	0.0	0.0	0.0	0.0	0.0	0.0	0.0	0.0	0.0	0.0	0.0	0.0	0.0	0.0	0.0	0.0
2224.850767996827	11.119828328853146	123.65058206316496	4949960.939856071	2514.550281126108	18.995255655317575	6322963.116311389	360.8197374108744	2367.133915776792	-4.124032062032711	5603322.975220769	17.007640448673776	2401.7392955593778	1717.2931586099955	1.328476	35.096706	0.3578937014321136	0.2015764683942742	0.0352446406	0.1026239379	-0.0820768235	-0.0181649597	-0.0244303978	-0.021663978	-0.0090889768	0.0248790678	0.074022132	0.170347425	0.1206845257	-0.0673128921	-0.0353852261	-0.00221609	-0.0596099182	0.0124410091	0.0365770398	0.0288498438	0.1621180864	-0.0154916339	0.0153261251	0.1083024008	0.041190732	0.0409837302	-0.0612048286	-0.1547582503	-0.1505941151	-0.0686225661	-0.0697779976	0.0855528859	-0.0643890759	-0.0018698341	0.0607602815	0.1297952057	0.0096592454	0.0100314086	-0.0697713359	-0.0074504642	-0.0190740004	-0.0221712451	0.0825167922	-0.0148794719	0.0673760557	0.0035934747	-0.0248933216	-0.0992328816	0.0591381865	0.0087175676	0.0166521985	0.0025951152	-0.0147970607	-0.2085797219	0.0328212065	0.1083112221	0.102142786	-0.082518641	-0.0808275297	0.0930976178	-0.1516623853	0.1373145192	-0.0093426957	0.0356704959	-0.0185852506	-0.0722491189	0.0969490182	-0.0089173309	0.0161946375	0.0052054262	0.0939301802	-0.0932738827	-0.002991431	-0.011875128	-0.0451315359	-0.1741953881	0.0174863241	-0.0817964736	0.0006960463	-0.086096068	0.071626582	0.0065852235	0.0177847038	-0.0398489404	-0.1319944081	0.012397769	-0.1002325198	-0.0317116446	0.2107356685	0.0358983834	0.1158529919	-0.0968721335	0.1431445383	0.0806343034	0.0672896215	0.0292606206	-0.0190607341	-0.0606775209	-0.0809511339	-0.0727503781	-0.0389598496	0.0085347133	0.035124361073926	0.0103974821580976	0.0012337207408515	0.0001081076352279	0.1454428233894589	0.0659943954718756	0.0043552602336983	0.0211536148754973	-0.2333063018628678	-0.0591464311055603	0.0544318304889275	0.0034983003125247	0.0046451525202451	0.0034082772855344	2.1577441936339405e-05	1.161635405508974e-05	0.0021048666901613	-0.0001732899729088	4.430463783350586e-06	3.0029414710767227e-08	0.002733636314723	0.0008655405954883	7.491605224382411e-07	7.472767501172345e-06	0.0	0.0	0.0	0.0	0.0	0.0	0.0	0.0	0.0	0.0	0.0	0.0	0.0	0.0	0.0	0.0	0.0	0.0	0.0	0.0	0.0	0.0	0.0	0.0	0.0
2219.4822953195453	-5.368472677281716	28.820498886720312	4926101.659236917	2508.541369082323	-6.008912043785131	6292779.800397416	36.107023949946	2372.0281846419625	4.894268865170488	5626517.708735844	23.953867724577226	2403.514270306496	1663.8162349586714	1.495838	39.518215	0.5224839566999693	0.2871018422262214	-0.0391485456	-0.0502910351	-0.0109441797	-0.0036744409	0.0032006929	-0.1039131751	-0.0331005624	0.007356716	0.023531574	-0.0090710861	0.0775400766	-0.0051912461	-0.0442494633	0.0022006825	-0.043108987	-0.0207345645	0.0225054571	0.0246789802	0.0833453599	0.0257915206	-0.039007169	0.023422013	0.0073207553	0.0067379344	0.0313530712	-0.0881591454	0.0312458627	-0.0064709722	-0.0007031012	-0.0378720006	-0.0252179422	0.01234186	-0.0549368827	-0.1138900871	0.0635373085	0.0196729117	0.0449339183	-0.0948880426	0.0887204216	0.0849516872	0.0260359328	-0.069525869	0.041293624	-0.0241841887	-0.013843581	-0.0620605496	0.0195373134	0.0981007474	-0.059303307	-0.0100000539	-7.55083e-05	-0.0122101461	0.0478207234	0.0259587874	0.0803222243	-0.0379860727	-0.0278014523	-0.0523584306	-0.0277370193	-0.0387671847	0.0339889607	-0.0588632945	0.0871903265	0.0220272929	0.02613381	0.0496851409	0.0520612397	0.0636065934	-0.0680155334	-0.0050097808	0.0476899175	-0.0272369806	0.0036819868	-0.0172968335	0.105473335	0.027231223	0.0759701115	-0.032198487	0.0469153881	-0.1032344863	-0.0492841951	0.0355314922	-0.0179941287	-0.0530397715	-0.0243075817	0.043644708	-0.0102180151	0.0603769735	-0.0029470564	-0.0278043474	0.0190537583	0.0014407756	0.0668016447	0.0276578354	-0.0215451443	-0.0629121428	-0.0813979594	-0.0702792922	-0.0336000067	0.0152996203	0.0040083134023802	-0.0311160476715458	1.6066576331700732e-05	0.0009682084226979	0.0837047518017755	-0.0617380715876834	0.0038115894833659	0.0070064854741968	-0.1494607151893277	0.0838455866735401	0.0223385053849053	0.0070300824046301	-0.0001450737913176	-0.0047902263115627	2.1046404927262556e-08	2.294626811598759e-05	0.0029179048833753	0.0008130381932139	8.514168908425422e-06	6.610311036246853e-07	0.0014212158041557	-0.0013124205105673	1.7224475965577327e-06	2.019854361981933e-06	0.0	0.0	0.0	0.0	0.0	0.0	1.0	0.0	0.0	0.0	0.0	0.0	0.0	0.0	0.0	0.0	0.0	0.0	0.0	0.0	0.0	0.0	0.0	0.0	0.0
2243.251963847764	23.76966852821852	564.9971419413819	5032179.373306849	2540.30267015144	31.761301069117053	6453137.655978535	1008.780245603096	2385.2269224083943	13.198737766431805	5689307.471381821	174.20667862703323	2419.0501896615056	1715.0716617332962	1.212781	32.040195	0.2283496054618169	0.1047348857286114	-0.0242589926	0.039369461	-0.0590877339	-0.0393546443	-0.0110591464	-0.0424260154	-0.0939046911	0.0095822725	0.0224111662	0.022695379	0.0540137236	-0.0762237458	-0.0696999015	0.0171917479	-0.0356456468	-0.0548910674	0.0890077663	0.0538504182	-0.0452188128	-0.0193917584	0.0403025046	0.0347335017	0.0579956368	0.0802086413	0.0741506293	-0.0652712035	-0.0854554291	0.030401757	0.0553401347	-0.0407263239	0.0908020029	0.0916981414	-0.0784951439	-0.019111258	-0.0306558456	-0.0475472595	-0.0584655271	0.0050236154	-0.0163372847	-0.029097306	-0.0299443932	0.1157949028	0.0220322774	-0.0903967326	-0.0589374954	0.02309939	0.0483982624	0.063972583	-0.0579365196	0.0887759701	-0.0696942239	-0.0504805406	0.0200740417	0.0503864476	0.0587261456	0.0203938324	0.0163670267	0.0218054686	0.0338642185	0.0520771865	0.0738057622	-0.0343862432	0.00388055	0.0259566936	-0.0659983214	0.0051854118	0.0987290691	0.0500164489	-0.010858227	-0.0555708199	-0.0056860933	-0.0044247857	0.0208192238	-0.1349995073	0.0128841348	-0.0324808614	-0.0094813197	-0.0415423416	-0.0505547733	-0.0151233308	-0.0797354113	0.0437814967	-0.0298455733	-0.0074251799	-0.0843687797	0.0676991947	0.0173504251	-0.0003193804	-0.0171667902	-0.0207851892	0.0702456868	-0.0064862272	0.0663063423	0.0260429185	-0.024008292	-0.0650363955	-0.0816216788	-0.0675308461	-0.0280596966	0.0219572114	-0.0121437428427526	-0.0161520562451328	0.0001474704902309	0.0002608889209459	0.1023913204002013	0.0186865685984257	0.0003491878459836	0.0104839824932966	-0.220789941426041	-0.0713292262367133	0.0487481982349146	0.0050878585155282	0.0010808444717483	0.0012259182630659	1.1682247721088617e-06	1.5028755877185134e-06	0.0034106722123485	0.0004927673289732	1.163268494008621e-05	2.42819640503382e-07	0.0021461652997475	0.0007249494955918	5.255517711588055e-07	4.606025493840277e-06	0.0	0.0	0.0	0.0	0.0	0.0	0.0	0.0	0.0	0.0	0.0	0.0	0.0	0.0	0.0	0.0	0.0	0.0	0.0	0.0	0.0	0.0	0.0	0.0	0.0
2226.4074638037714	-16.84450004399241	283.7371817320604	4956890.194881142	2531.4570485584773	-8.845621592962743	6408274.788696397	78.24502136588875	2373.9463902349057	-11.28053217348861	5635621.46370934	127.25040611711164	2408.1176877013168	1749.2267785169408	1.118951	29.561325	0.1865182067084388	0.0860580159179806	-0.0293995901	-0.0024368238	-0.10777615	0.042371301	-0.0040583114	-0.0214209208	-0.0617760221	-0.0618923937	-0.0039151933	-0.0001907858	0.0708302089	-0.0222149145	-0.0138225347	0.0011935879	-0.0458127307	0.0022600249	0.0492281045	-0.0093315933	-0.0050813596	0.0027988654	0.0490816865	0.0363829049	-0.0703093214	-0.0276992632	0.0119405187	-0.0337208894	0.0691164664	0.0154035243	0.0228880534	-0.0305361112	0.0012608152	0.036954486	-0.081790305	0.0801264819	0.0169426542	-0.0511248713	-0.1065228494	-0.0036258913	0.0072608258	0.0463366686	-0.0571717156	-0.0680063035	0.0295105947	-0.0097464054	-0.0478548312	0.0252995641	0.0236112979	-0.0223085637	-0.0763102037	-0.0075314801	0.0660564363	-0.0092524762	0.1133474746	-0.0233375388	-0.0184864034	0.0087825957	0.0661711467	0.0277478123	0.0393703464	-0.0240768634	0.0239248854	-0.0143710595	-0.0129604361	0.0519010667	0.0273265179	-0.1364812603	-0.049607534	-0.0808189523	-0.0231342891	-0.0123727687	0.0453251734	0.0143159958	0.030711701	-0.0636795952	0.0505862224	-0.063186813	0.0330057699	0.1043509645	-0.0592678193	0.0196993634	-0.0498848009	-0.0830234017	-0.1374543018	-0.0040828658	-0.0555457142	-0.0367634982	-0.0182695862	0.0679856895	0.0391716258	0.0015293003	-0.0975607383	-0.0890728498	0.0658037687	0.0244165784	-0.0264477464	-0.0670465522	-0.0816216788	-0.0645158866	-0.0223686765	0.0284607885	-0.0183203530827285	-0.0061766102399758	0.0003356353370758	3.815051405657514e-05	0.0722347484618097	-0.0301565719383915	0.0009094188310753	0.0052178588853409	-0.1402080084935946	0.0805819329324463	0.0196582856457398	0.0064934479151292	0.0013511053304403	0.0002702608586919	1.825485613944192e-06	7.304093174093716e-08	0.0025677670619961	-0.0008429051503523	6.593427684672083e-06	7.10489092490602e-07	0.0018672694768394	-0.0002788958229081	7.778288003558633e-08	3.4866952991360864e-06	0.0	0.0	0.0	0.0	0.0	0.0	0.0	0.0	0.0	0.0	0.0	0.0	0.0	0.0	0.0	0.0	0.0	0.0	0.0	0.0	0.0	0.0	0.0	0.0	0.0
2229.8346627709475	3.427198967176082	11.745692760612805	4972162.623294825	2502.495879671467	-28.961168887010444	6262485.627772668	838.7493033019418	2379.783165641453	5.836775406547076	5663367.915470454	34.06794714647279	2413.6423200776308	1719.9560913862583	1.282419	33.87994	0.2516510348857045	0.12071510692342	-0.0147253275	0.0136910397	-0.089213557	-0.0518104359	-0.0562502455	-0.0547895372	0.0148842696	-0.0201127576	-0.0686624107	0.0804226881	0.0813821013	-0.032405361	-0.0585067467	-0.0260987796	-0.0298878244	-0.0324969476	0.0144523043	0.0973926484	-0.0028035245	0.0243561318	0.0561954456	0.0594808751	-0.0181571305	-0.0052747998	-0.0388514316	-0.0295559376	0.0671478589	0.0117479556	-0.053338476	0.0513431089	0.0336490681	0.0105832671	-0.0476560006	0.00564419	-0.0206128621	0.0833322717	-0.0099614345	-0.007498766	0.0009775008	0.098978768	0.0154674985	0.0774771896	0.0458208446	-0.0369775328	-0.0041545906	0.0253843384	0.086995568	0.0003288668	0.0367256557	-0.0156278985	-0.0634156472	-0.1242200967	-0.0295155722	0.0294720478	0.009295154	-0.0054880498	0.0028485646	0.033594504	0.0038365374	-0.0150324826	0.0572042874	-0.0673642651	0.0169241658	-0.0040189938	-0.0072915734	-0.0385351403	-0.0153033751	0.0074640559	-0.0356545511	-0.0849942324	-0.0122660192	-0.0223891773	-0.0713147363	-0.1390613175	-0.0126052596	0.0478908781	-0.0622463529	-0.0110023363	0.0453877211	0.0232232812	0.0394259853	0.0159662352	0.0168831266	0.0087347945	-0.1137730609	-0.014515267	0.0541548202	0.0157852551	0.0406160585	-0.061921483	0.071392595	-0.0036572351	0.0652939789	0.0227795284	-0.0288611001	-0.0689390864	-0.0813979594	-0.0612463124	-0.0165575133	0.0347647336	-0.0001402988837071	0.0181800541990213	1.9683776769458372e-08	0.0003305143706793	0.1349096170161914	0.0626748685543816	0.003928139148309	0.0182006047634554	-0.231418501418851	-0.0912104929252564	0.0535545227989467	0.0083193540196682	0.0002630020253278	-0.0010881033051125	6.917006532652477e-08	1.183968802596746e-06	0.0029172315683354	0.0003494645063393	8.510240023292618e-06	1.2212544119097078e-07	0.0017131249041503	-0.000154144572689	2.3760549289505193e-08	2.934796937219975e-06	0.0	0.0	0.0	0.0	0.0	0.0	0.0	0.0	0.0	0.0	0.0	0.0	0.0	0.0	0.0	0.0	0.0	0.0	0.0	0.0	0.0	0.0	0.0	0.0	0.0
2204.93700950934	-24.897653261607505	619.8931379352347	4861747.215903991	2503.130868484725	0.6349888132581327	6265664.144761093	0.4032107929629717	2362.346112126889	-17.437053514564013	5580679.153481027	304.0508352697692	2400.0664941053064	1679.0723227129724	2.09422	55.326725	0.6261971449965233	0.4040527730690683	0.0639621642	0.0137381524	-0.0335239184	-0.060318407	0.1332256647	0.1118800977	-0.0152048743	-0.0361416645	0.030864146	0.0110898155	-0.0132517781	0.1278360167	0.1092649329	0.1065107967	-0.0500522088	0.0706273652	-0.0201575062	-0.2324362963	-0.1049059974	0.0249638408	0.10164093	0.0335489682	0.0364827262	-0.0923716666	-0.1084272027	-0.008348984	0.0525799617	-0.0355057892	-0.1062490894	-0.0749756233	0.0650560317	-0.0300663534	-0.0683562004	0.0381690071	-0.0646832281	-0.0535755848	0.0721892569	0.0386525519	0.0932219967	0.0123327869	-0.0333276477	-0.0650913019	0.0184166635	0.041894607	-0.1069359025	0.1014806507	-0.1945014554	-0.0894499101	0.0400029957	-0.0644309729	0.0331180419	-0.1084406794	0.0289015261	-0.0846690523	-0.0557731135	-0.0175683704	0.0670772591	-0.0411484416	-0.0078512628	0.0018113722	-0.0720156826	-0.0312232366	0.0584226216	0.169376628	-0.0021256183	0.1786676176	-0.0648759602	-0.0564438325	0.0826946948	0.0308430152	0.2139018162	0.1030147548	0.2193041036	0.1815566509	-0.0768454732	0.0417491114	0.0305482964	0.1118275951	-0.0072872854	-0.0757894739	-0.079060119	-0.2141978689	-0.0656316756	-0.1766718773	-0.0366739134	-0.1718201165	-0.0424627483	0.0047727062	-0.1141691775	-0.1183790668	-0.0130218702	0.0324235511	0.064777029	0.0211324865	-0.0312459714	-0.0707106781	-0.0809511339	-0.0577350269	-0.010657419	0.040824829	-0.0391467928384088	-0.0390064939547017	0.0015324713895332	0.0015215065706381	0.0853303868989172	-0.0495792301172741	0.0024581000590216	0.0072812749283189	0.1624253649963165	0.3938438664151675	0.0263819991941866	0.1551129911128483	0.0027340388680654	0.0024710368427376	7.474968532092335e-06	6.1060230781666086e-06	0.0028354123700053	-8.181919833010007e-05	8.039563307979073e-06	6.694381215380251e-09	0.0013906298550304	-0.0003224950491199	1.0400305670684678e-07	1.9338513937018714e-06	0.0	0.0	0.0	0.0	0.0	0.0	0.0	1.0	0.0	0.0	0.0	0.0	0.0	0.0	0.0	0.0	0.0	0.0	0.0	0.0	0.0	0.0	0.0	0.0	0.0
2222.106735802979	17.169726293639087	294.79950099848145	4937758.345300971	2484.109681997726	-19.02118648699889	6170800.912194843	361.805535373189	2370.431830696438	8.085718569549044	5618947.063978866	65.37884478595025	2403.090606634268	1634.079868266397	1.403475	37.078091	0.5005662780043746	0.3540584502339214	0.0626756821	0.0190465007	0.0170667153	-0.128435508	0.1551070544	0.1253258763	-0.0040277847	0.0774271262	-0.0291635222	0.0405718292	0.0133509195	-0.0215221116	0.0639134376	0.1087060112	-0.0056286123	0.0070079964	0.0395382533	-0.1525354142	-0.0496822434	-0.0089062993	0.0980759949	-0.0278335649	0.0777365609	0.0526138646	0.029679272	-0.0169548855	-0.0410356824	-0.007098259	-0.0484114471	0.0299782847	0.0087133205	-0.0626262623	0.0879873104	0.017444608	-0.0975727055	-0.0271956521	0.0040430389	0.0925928763	0.1494630699	-0.0355374438	-0.0522330393	-0.026341465	9.61503e-05	-0.0158600631	-0.0669453738	-0.0093046182	-0.1547636532	0.0052935744	0.0522251728	0.0887102213	-0.0649803011	-0.09605335	-0.0525374159	-0.0397846015	-0.0113223848	0.0550224634	-0.1104570486	0.0494557625	0.1067192906	0.0266256879	-0.0492514973	0.0254587318	-0.102073618	0.0773832575	-0.0623590527	0.0822548737	-0.0318933147	-0.150625973	0.085324525	-0.0004987015	0.1246894365	0.1247903836	0.1664814759	0.0855458831	-0.0692107245	0.115158695	0.0060843679	-0.1596200928	0.0124461185	-0.1005547976	-0.1563076751	-0.1854781832	-0.0214283576	-0.046149001	0.0184088438	0.1207930714	0.1023655479	0.0013547885	0.0181467641	0.0215124352	0.0312914503	0.0347170809	0.0642529755	0.0194761753	-0.0336000067	-0.0723582192	-0.080282427	-0.0539958877	-0.0047000831	0.0465985677	-0.0443704676365968	-0.0052236747981879	0.0019687383982902	2.728677839722444e-05	0.112974462420766	0.0276440755218488	0.0007641949114576	0.012763229159261	-0.1351796553819113	-0.2976050203782278	0.0182735392291722	0.0885687481543253	0.0045381453860032	0.0018041065179378	2.0594763544502137e-05	3.2548003280656536e-06	0.001249188635559	-0.0015862237344463	1.560472247209756e-06	2.5161057357207663e-06	0.0014021697487685	1.15398937381001e-05	1.331691474866419e-10	1.9660800043615187e-06	0.0	0.0	0.0	0.0	0.0	0.0	0.0	0.0	1.0	0.0	0.0	0.0	0.0	0.0	0.0	0.0	0.0	0.0	0.0	0.0	0.0	0.0	0.0	0.0	0.0
2225.0624765108023	2.9557407078232245	8.736403131883336	4950903.024376385	2500.8272286030783	16.717546605352254	6254136.827322553	279.4763645021247	2370.0629600856614	-0.3688706107764119	5617198.434770008	0.1360655274945632	2401.281602524935	1694.3271890263356	1.982477	52.374603	0.3629828400547604	0.1668568527742218	0.0107906577	0.0671352585	-0.0577287437	-0.0207728437	0.0433047766	-0.0598426585	0.0005697509	0.0081327932	-0.0316808885	0.1012979547	-0.0201753658	0.0155825244	0.0207359168	0.0530630469	-0.0271750995	-0.006032988	-0.0605141988	0.0649460421	0.0620769646	0.0276592397	-7.46408e-05	-0.0941302995	-0.1648933478	-0.016513712	-0.0498973634	-0.0467469731	-0.0165948415	0.040514651	-0.1077172963	0.0056374902	-0.0440482183	-0.0150827573	-0.0006868426	-0.0201842572	-0.0207621309	-0.0187909712	-0.0166782663	0.1097887615	-0.0444369278	-0.0817412151	0.0171447215	0.0016426319	0.036489506	0.0049430348	0.0352612414	-0.0483839169	0.0896416007	-0.143866408	0.1078973109	-0.0972528126	-0.0297968274	0.017654163	0.0657726696	-0.0020569409	0.0648841099	-0.0243663118	-0.0854286879	-0.0173564799	-0.0211127213	0.0294031918	-0.0059252445	-0.059791558	0.0567512098	0.0140572467	0.0072994965	0.0402178138	0.0109973292	0.0550904748	0.012029971	-0.0719797178	-0.0301617123	0.0175828076	-0.1429239704	-0.0993644595	0.0011560417	0.0389280517	-0.0258876825	0.0272513195	0.0759359765	0.0124878824	0.0966784886	-0.0054350741	-0.0404626995	-0.0463085068	-0.067097883	0.0837640389	-0.0504893554	-0.0711419893	-0.0403765455	0.0100007956	0.0895853424	-0.0639384424	0.0637218759	0.0178113211	-0.0359208828	-0.0738788195	-0.0793936715	-0.0500436514	0.0012824971	0.0520454508	-0.0220210490008554	0.0223494186357414	0.000484926599098	0.0004994965133556	0.1646713999940914	0.0516969375733253	0.0026725733544603	0.027116669976014	-0.2161598247077449	-0.0809801693258336	0.046725069817683	0.0065577878240406	0.0020720469198312	-0.002466098466172	4.293378437981964e-06	6.081641644855892e-06	0.0019979778055521	0.0007487891699931	3.991915311478785e-06	5.606852210989556e-07	0.0004579310945364	-0.0009442386542321	8.915866361460476e-07	2.097008873433053e-07	0.0	0.0	0.0	0.0	0.0	0.0	0.0	0.0	0.0	1.0	0.0	0.0	0.0	0.0	0.0	0.0	0.0	0.0	0.0	0.0	0.0	0.0	0.0	0.0	0.0
2209.2186792462	-15.843797264602472	251.0259117618248	4880647.172730324	2505.698346038363	4.871117435284759	6278524.201339388	23.72778506833517	2367.090098505435	-2.972861580226436	5603115.5344424695	8.837905975186422	2399.140406906928	1648.1976658347123	1.2843	33.929623	0.1022757025461692	0.0593078323619814	0.0305431232	0.0330775151	-0.0031260899	-0.0335951879	0.0319943427	-0.022332478	0.0006123098	-0.0649665623	0.0458388306	0.053580923	0.0882863838	-0.0363469317	0.0835447278	-0.0440855289	-0.0410786545	0.004347316	-0.0655290841	0.0260337884	0.0827593332	-0.1510462298	-0.0194006101	-0.0773352906	-0.0285001481	-0.058503478	-0.0272350216	-0.0369410423	-0.039652545	0.0424984531	-0.0146689442	-0.0687971562	0.0302450409	-0.0067899247	-0.0185302813	-0.0651866668	-0.0524625299	-0.0068930021	-0.0326652892	0.0486506637	0.1048572026	-0.0740731426	0.0226058801	-0.0394733828	0.0372221515	0.018281482	0.0250848075	-0.0886162328	0.0618386349	-0.0354048812	0.1309281372	0.0499436996	0.1407941768	0.0410239709	0.1132051201	-0.0351986369	0.0038620414	-0.0907271211	-0.0114343307	-0.1449991063	-0.0341210173	0.0661517678	-0.089098869	-0.0414102915	0.026949829	0.0925848642	-0.0879352196	0.0608236692	0.0941081927	0.0219179054	0.0491828214	-0.0334256286	0.0229853578	0.0565234037	-0.0271728867	-0.0250329648	-0.007201565	-0.02528992	0.0408304347	-0.109388478	0.0974908916	-0.0768922118	-0.0028816301	-0.0270435855	-0.1019763395	-0.036498653	-0.0490946736	0.0262158798	-0.1489483286	0.0161675702	0.0190213726	-0.064567089	-0.0938378594	-0.0355632205	0.0631837885	0.0161386543	-0.0382063093	-0.0752698111	-0.0782873035	-0.0458939156	0.0072581889	0.0571272725	-0.0193791196985699	0.0026419293022855	0.0003755502802914	6.979790438274749e-06	0.1776949655643136	0.0130235655702222	0.0001696132601618	0.0315755007869026	-0.2654668145602414	-0.0493069898524965	0.0704726296327616	0.0024311792483141	0.0022528558780872	0.0001808089582559	5.075359607432049e-06	3.2691879385619925e-08	0.0017258494668388	-0.0002721283387133	2.9785563821877704e-06	7.405383273086052e-08	0.0007510581539904	0.000293127059454	8.592347298414889e-08	5.640883506754675e-07	0.0	0.0	0.0	0.0	0.0	0.0	0.0	0.0	0.0	0.0	0.0	0.0	0.0	0.0	0.0	0.0	0.0	0.0	0.0	0.0	0.0	0.0	0.0	0.0	0.0
2225.066398204925	15.84771895872518	251.1501961947376	4950920.476420638	2503.7063489316115	-1.991997106751569	6268545.48168046	3.9680524733066216	2382.6797057442045	15.589607238769531	5677162.580165289	243.03585385909537	2417.32979645824	1717.66270167642	1.342456	35.466034	0.0562833240268152	0.0271604500096351	0.0325355718	0.0653585924	-0.1016290597	0.0274648823	0.0361901525	0.0046938181	-0.0168786719	-0.0722219805	-0.0656626357	0.0317487829	0.0262635129	-0.0577553644	0.0999058718	0.00326551	-0.0296169737	-0.032212207	-0.0461670588	0.0405721942	-0.1292540969	0.0267141056	-0.0166727009	0.0817114749	0.0481791582	0.0575835345	0.0267560278	0.024737042	-0.0324581254	-0.0393356716	-0.0397394385	0.0044308105	0.0240985882	0.0369162058	0.032894161	-0.0202963277	0.0348585859	0.0742882534	-0.0432837948	0.0063252617	-0.0654703168	-0.0751315611	0.0949206908	0.0012325342	0.0488404316	-0.0241054334	0.0164181187	0.1506295486	-0.0118105566	0.0428355806	-0.0118520107	0.0347694959	-0.033636952	0.0105810502	0.0006774966	0.0642484972	-0.0111328838	0.0406443366	0.0135402705	-0.0625927767	-0.066474946	0.0012262834	-0.0061156725	0.0497315655	-0.0298846556	-0.0019424564	0.0425163249	-0.031029233	0.0305189983	-0.0010648298	0.0384283062	-0.0629318	-0.0241960409	0.0546493933	-0.0595034511	-0.0695266763	0.0091057791	0.0585052905	-0.0820555817	0.0319695681	0.0129011444	-0.0042324994	-0.0377303584	0.0918670955	-0.0750930651	0.0121707755	-0.0572970472	-0.0616274903	0.0970145202	0.0034515186	-0.0254778142	-0.0382996508	0.0039755753	-0.003298806	0.0626387723	0.0144589085	-0.0404540309	-0.076528754	-0.0769663555	-0.0415630576	0.0131948967	0.0618083875	-0.019156756115592	0.0002223635829778	0.0003669813048722	4.944556303476867e-08	0.1798817437857565	0.0021867782214428	4.781998989776938e-06	0.0323574417474045	-0.2809892283280959	-0.0155224137678545	0.0789549464364188	0.0002409453291804	0.0020710502941481	-0.000181805583939	4.289249320890932e-06	3.305327035143711e-08	0.0021919049410132	0.0004660554741743	4.804447270438079e-06	2.172077050079246e-07	0.0008702324649677	0.0001191743109772	1.4202516396914182e-08	7.573045430837591e-07	0.0	0.0	0.0	0.0	0.0	0.0	0.0	0.0	0.0	0.0	0.0	0.0	0.0	0.0	0.0	0.0	0.0	0.0	0.0	0.0	0.0	0.0	0.0	0.0	0.0
2188.8906125063613	-36.175785698563686	1308.687470908405	4791242.113518474	2459.5937627536146	-44.11258617799695	6049601.477776484	1945.9202593112072	2363.1965235834537	-19.483182160750857	5584697.809076921	379.5943871090004	2401.745485826599	1712.0746793826895	1.356567	35.83884	0.1123747833137285	0.0580802243293934	0.0669668185	0.0208016207	-0.0927309222	0.1218844697	0.0371317333	0.0059394124	0.1204377457	-0.158038973	-0.0136745368	0.0455048032	0.0106210488	0.0294260721	0.10002347	-0.123402546	-0.0640363158	0.034851129	-0.111324102	0.0246115576	-0.0169464871	-0.0320778518	-0.0574340639	0.0081047767	0.0837750503	-0.1294461654	0.0155525576	0.0643277937	-4.06524e-05	0.0258261587	0.1035639406	0.1016904651	0.0136914014	-0.0953951444	0.0532332933	-0.0126308424	0.0293242861	0.0484747698	-0.0087203406	-0.159147706	-0.0072673996	0.0291594568	-0.1155390884	0.0575448957	0.096312339	0.0793859175	0.0604044165	0.0688825494	-0.0035317256	0.0510994129	-0.0218862271	-0.0069709207	0.1397329493	0.0365319512	-0.0170876483	-0.0609371672	-0.0481438775	-0.0432597648	-0.0969829845	0.0614028149	-0.0526206672	-0.0570723748	-0.0015511287	0.0593680853	0.0116222102	-0.0456407007	-0.0545653215	0.0532144953	0.0174219646	-0.0619738533	0.0527408817	-0.0443817677	0.0168472893	0.0388466936	-0.0805780845	0.0096482069	0.0003674936	0.0254139659	-0.0116270626	0.0373888662	0.0125647731	-0.100636316	-0.0396475053	0.0210470253	-0.1706288837	0.0979374749	-0.0008868453	-0.0026120877	0.0234268406	-0.052313756	0.019187154	-0.0179930845	0.0337126652	0.0541990247	0.0620868871	0.0127728206	-0.0426618292	-0.0776534394	-0.0754344479	-0.0370681691	0.0190607341	0.066055961	-0.0302434623847318	-0.0110867062691397	0.0009146670170166	0.0001229150558981	0.1708255665331535	-0.0090561772526029	8.201434643056389e-05	0.0291813741813728	-0.2279417406512252	0.0530474876768707	0.0519574371311104	0.0028140359488277	0.0025967753847913	0.0005257250906431	6.743242399058003e-06	2.763868709318007e-07	0.0021079090367148	-8.399590429839995e-05	4.443280507063915e-06	7.055311938905964e-09	0.000696265217607	-0.0001739672473606	3.0264603154258976e-08	4.847852532493231e-07	0.0	0.0	0.0	0.0	0.0	0.0	0.0	0.0	0.0	0.0	0.0	0.0	0.0	0.0	0.0	0.0	0.0	0.0	0.0	0.0	0.0	0.0	0.0	0.0	0.0
2187.4204106720945	-1.4702018342668453	2.1614934334815965	4784808.053024874	2431.1376597845733	-28.45610296904124	5910430.320822812	809.7497961846776	2369.62507563052	6.428552047066205	5615122.999056947	41.32628142183909	2402.253875787608	1586.0633738809004	1.35726	35.857143	0.1208461291058597	0.0476700179182315	0.1111418685	0.0002715403	0.0485235631	0.0232308788	0.0903926982	-0.0725280873	0.15869779	-0.0234635732	-0.0281833125	0.0024684162	-0.0035950931	-0.030271166	0.0165108896	-0.0003184999	-0.0555603205	0.027159736	-0.1294241573	-0.0326319645	-0.0895687413	0.0611695858	-0.0331049878	0.0204861399	-0.0258281217	0.0671955277	-0.0569843346	-0.0278294918	-0.0511760586	-0.0402654543	-0.0298303628	0.0232163772	-0.0594145407	-0.050000801	0.0498023103	0.0093912968	0.0573365403	0.0070182894	-0.0085495622	0.0038483648	-0.0029114005	0.0174321261	-0.0885710465	0.0700661149	0.0827439754	0.0632125316	0.0612280003	0.0714768412	-0.0768336202	0.0202675626	0.0985572254	-0.0521083529	-0.0598137223	0.0111618851	-0.0390812832	0.0514954072	0.0552626454	0.0585133371	-0.0222915723	-0.0034148562	0.0198043731	0.0411249739	-0.0440357625	0.0737507454	-0.0386017004	-0.0506066116	-0.0123275172	0.0453521718	-0.0763307014	0.0093331145	0.0708444378	-0.0563053906	0.0081597444	0.0261140735	-0.134437075	0.0559301931	-0.0323772671	0.0262050663	0.0238216928	0.03741431	-0.0181204279	-0.0016395317	0.0308736588	0.0270077094	-0.0014656659	0.0138823291	-0.1294025717	-0.045345928	0.0386576649	0.0250699624	0.0749738899	-0.0228858204	0.0038093047	-0.0003069611	0.0615281933	0.0110811301	-0.0448275254	-0.0786418943	-0.0736957799	-0.0324269895	0.0248241955	0.0698401994	-0.0185499876073151	0.0116934747774167	0.0003441020402315	0.00013673735237	0.1392133963401107	-0.0316121701930428	0.0009993293043139	0.0193803697205487	-0.2160882626678599	0.0118534779833652	0.046694137262814	0.0001405049403021	0.0023803895923438	-0.0002163857924474	5.666254611338682e-06	4.6822811173132506e-08	0.0015606763303253	-0.0005472327063894	2.4357106080376453e-06	2.994636349423765e-07	0.0001461435934033	-0.0005501216242037	3.0263380141651694e-07	2.1357949892829073e-08	0.0	0.0	0.0	0.0	0.0	0.0	0.0	0.0	0.0	0.0	0.0	0.0	0.0	0.0	0.0	0.0	0.0	0.0	0.0	0.0	0.0	0.0	0.0	0.0	0.0
2200.365328458083	12.94491778598831	167.57089648599649	4841607.578680446	2462.61547669368	31.47781690910688	6064474.986051242	990.8529573632547	2379.277335125467	9.652259494946977	5660960.637441743	93.16611335779405	2409.7985168788146	1619.8080692405472	1.099848	29.056646	0.0869733659883042	0.039375365363327	0.0860241388	0.0081025973	0.0292983204	0.0599221854	0.1009409567	-0.0803283367	0.0756892417	0.0111882918	-0.0310637345	-0.0054785814	0.0208045071	-0.0551032441	0.1364362896	0.0060948919	-0.0196453483	0.0161626305	-0.1136616572	0.0225034259	-0.1302365038	-0.0110700599	0.0285415162	-0.0020796044	0.0268844576	0.1272230664	0.0178342884	-0.0335739417	-0.150779146	-0.0639251271	-0.0406675618	-0.0255327813	-0.0609490991	0.0244577826	-0.0322517076	-0.0964337937	0.0006754572	-0.0090566171	0.0972416908	0.0147054712	-0.0524997909	-0.0926552376	-0.0299181475	-0.0573156726	0.049592822	0.0469555397	0.0614227118	0.0838364245	-0.0469311611	0.1023040638	0.129482597	0.0591735693	-0.0931426058	0.0490195089	0.0044209389	0.0794914527	0.014952179	0.0850676481	-0.0292864279	-0.0647693313	0.056794282	0.0397621925	-0.0410970002	0.0420657817	0.0298290747	-0.0306742487	0.0172742184	0.0536055905	-0.006299335	0.0734173911	0.0577220259	-0.0382646051	0.0094536958	0.0444728612	-0.1045312817	0.0875621756	-0.0487695091	0.0912421123	0.0175370297	0.0122329409	-0.0199898795	-0.0912179464	-0.0048854091	0.0939647125	0.012771823	-0.0297208717	-0.0473714841	0.0084037922	0.0277208821	0.0361843511	0.0168079925	-0.0494601216	0.0289076921	-0.015197789	0.0609627523	0.009384579	-0.0469489822	-0.0794923845	-0.0717551168	-0.0276578354	0.0304543249	0.073134559	-0.0236949651243065	-0.0051449775169914	0.0005614513722421	2.6470793650346982e-05	0.1269045385049736	-0.0123088578351371	0.0001515079812056	0.0161047618931603	-0.2329607776296356	-0.0168725149617756	0.0542707239138045	0.0002846817611353	0.0017497485465211	-0.0006306410458226	3.061619976052702e-06	3.9770812867634873e-07	0.00185574231553	0.0002950659852046	3.443779541648646e-06	8.706393562482017e-08	0.0002733768758639	0.0001272332824606	1.6188308165698823e-08	7.473491625710618e-08	0.0	0.0	0.0	0.0	0.0	0.0	0.0	0.0	0.0	0.0	0.0	0.0	0.0	0.0	0.0	0.0	0.0	0.0	0.0	0.0	0.0	0.0	0.0	0.0	0.0
2189.659502957331	-10.705825500751873	114.61469965254904	4794608.738891345	2450.4116634539705	-12.203813239709689	6004517.320391255	148.93305758971348	2366.7545457922893	-12.52278933317757	5601527.080028465	156.82025268314592	2400.7111873799163	1620.4940686345817	0.995167	26.291098	0.0875814469018707	0.0569896787843731	0.1033551441	-0.0224259461	0.0130386044	0.1018537971	0.0914209387	-0.0839828723	0.1132277555	-0.0835634867	-0.0139510357	-0.0279482321	-0.0528301312	0.0279774037	0.0906442451	0.0415779764	-0.0262768709	0.0451170092	-0.1105976846	-0.0379319007	-0.0469079859	0.0305112138	-0.0555879522	-0.0303741018	-0.0831116755	0.0610059263	-0.032958623	0.0509078949	-0.0561715415	0.0179544809	0.1005237937	0.0975641059	0.0285056082	-0.0150893594	-0.0464485382	-0.0389317575	-0.1026255669	0.0463392093	0.0704633334	0.0198262532	-0.0467378317	0.0255992703	0.0579635926	0.059705998	0.0598363379	0.0856375109	0.0555362276	0.0539850802	-0.0698154922	-0.0014644908	0.002304649	-0.0542502293	-0.003882732	0.0812342619	-0.0150920922	0.0456094086	0.0259376539	0.0592891915	0.0483398978	0.0163887624	0.0659970546	0.0972169383	-0.0024097038	0.0475438146	0.0099171044	-0.1015434698	-0.0387234098	-0.0276283541	-0.0954586167	-0.0112603975	0.0292772886	-0.0382457925	0.011073762	0.0132782119	-0.1664470954	0.0846327317	-0.0301493633	0.0791584349	0.0230950058	0.0392179345	-0.0596129016	-0.036521815	-0.0527584793	0.0656544287	0.0245283145	0.0207027503	-0.0901493336	-0.0777522915	-0.0038937006	-0.0127180524	-0.0319597255	-0.0359657426	-0.0334747464	-0.0469936527	0.060390626	0.0076839116	-0.0490241061	-0.0802034182	-0.0696177779	-0.0227795284	0.0359208828	0.0759159322	-0.0273743337507994	-0.0036793686264928	0.0007493541483001	1.3537753489620235e-05	0.1287817211165105	0.0018771826115369	3.523814557056532e-06	0.0165847316937306	-0.2076548847485497	0.0253058928810858	0.0431205511599334	0.0006403882145089	0.0008383717977879	-0.0009113767487332	7.028672713261154e-07	8.306075781314986e-07	0.0019380572006559	8.231488512590009e-05	3.756065713014184e-06	6.775740313290128e-09	0.0001326884540679	-0.000140688421796	1.979323202744921e-08	1.7606225842929213e-08	0.0	0.0	0.0	0.0	0.0	0.0	0.0	0.0	0.0	0.0	0.0	0.0	0.0	0.0	0.0	0.0	0.0	0.0	0.0	0.0	0.0	0.0	0.0	0.0	0.0
2195.5563881153794	5.896885158048463	34.77325456721224	4820467.85339425	2465.5692352750407	15.157571821070178	6079031.653934749	229.75198351090071	2367.0886820917544	0.3341362994651717	5603108.828886879	0.1116470666202789	2397.854129618805	1591.9011235528365	1.059681	27.995476	0.0474132093119794	0.0223692545046459	0.0948033753	-0.0211698497	0.0665844185	0.0647676359	0.1115597006	-0.0937150328	0.0866483015	-0.0108542564	0.0535955208	-0.0817425708	0.041594805	0.0133522688	-0.0012833876	0.1121222669	0.004613499	0.0280619212	-0.0773442347	-0.0240180797	0.0218012846	0.0222843393	-0.036735875	-0.0993422891	-0.0843281743	0.0366880367	0.03198123	-0.0103089635	-0.0220298319	-0.0218749746	0.0167173093	-0.0065062507	0.0335502674	-0.0361516449	-0.006107842	0.0754493918	0.0236842671	0.0499055145	0.0836351049	0.0095800775	0.0203291698	-0.0019691147	-0.0132353181	0.0147551146	0.0122610835	0.0564506407	0.0569766763	-0.0187735772	-0.0301602998	-0.0656957198	-0.0510433668	0.0076235231	-0.0574576809	0.0923139516	0.0484149201	0.0214038341	0.074744898	0.0247493013	-0.0053541983	0.0142892282	0.0151363875	0.0541253395	0.0085591259	0.0168482966	0.0129901277	-0.062174264	0.0202041859	0.119316476	-0.0218959158	-0.001497823	0.0315253378	-0.0193114399	0.0159365419	0.0411504232	-0.1213647214	0.10443333	-0.0180730707	0.0228553037	0.1174091569	0.0030979927	-0.0285699946	0.0004245275	-0.0302373646	-0.0189413983	0.0633225586	0.0045131106	0.0055399183	0.1288362657	-0.000896448	-0.0239147926	0.003657634	0.0100993994	0.0194845177	-0.0639041405	0.0598118772	0.0059798738	-0.0510508491	-0.0807737477	-0.0672896215	-0.0178113211	0.041194508	0.0781648097	-0.027549277617382	-0.0001749438665826	0.0007589626972395	3.060535645487095e-08	0.1214144446852572	-0.0073672764312533	5.4276762014500606e-05	0.0147414673782293	-0.1968717816115912	0.0107831031369585	0.038758498394922	0.0001162753132622	0.0011568531994556	0.0003184814016677	1.3383093250906584e-06	1.0143040320822293e-07	0.0017141013103432	-0.0002239558903127	2.938143302120275e-06	5.0156240805754186e-08	0.0001720088796312	3.932042556329998e-05	1.5460958664790144e-09	2.9587054671980648e-08	0.0	0.0	0.0	0.0	0.0	0.0	0.0	0.0	0.0	0.0	0.0	0.0	0.0	0.0	0.0	0.0	0.0	0.0	0.0	0.0	0.0	0.0	0.0	0.0	0.0
2207.8718211349574	12.315433019577997	151.66989045971198	4874697.978561793	2474.7108040425314	9.141568767490751	6124193.563644832	83.56827953076241	2374.327820487644	7.239138395889768	5637432.599141607	52.40512471484548	2400.6187037766304	1613.146778403642	0.987151	26.079313	0.1299082188424352	0.0723291582085475	0.0505815633	-0.0202754261	0.040852323	0.0456516077	0.1032861183	-0.1043754435	0.0359808452	0.0134775111	-0.0134741175	-0.0929593061	0.0013331253	-0.0298292955	0.0928522315	0.0622893627	0.0081902597	0.0051203449	-0.0596087639	0.0032272191	-0.0270521401	0.0539602132	-0.033051918	-0.0698775193	-0.0657008271	0.1064677458	0.0614031381	0.0041502888	-0.0595979989	0.0259227989	0.0175714112	-0.0360131634	0.0890102566	0.0047748282	-0.086434327	-0.0265499694	-0.0143528597	0.0311938603	-0.0031828748	-0.0703726048	-0.0220930266	-0.0167292138	-0.0251499448	-0.0956073354	0.0020429393	0.0390562184	0.0497657927	0.0036316258	-0.0214671854	-0.0288517226	-0.041221445	-0.0118436871	-0.079215164	0.1213404203	0.0451237377	0.0065836383	0.0444655407	0.0891012412	-0.0073638158	-0.0255938596	0.0209029457	0.0473568382	-0.0317286166	-0.0695495989	0.0667226233	0.0431318435	-0.0252465967	-0.0736035424	-0.0267001058	0.0281033985	-0.0035557753	-0.0173573275	0.0033916456	0.0541324561	-0.1489885281	0.0752671676	-0.0349417045	0.0628432075	0.040299679	0.0541323434	-0.0434122097	0.0221499278	-0.0110532822	0.0169670664	0.0703559221	0.0013561638	-0.0148104084	0.0856270204	-0.0469500791	-0.0005157194	0.0197400113	0.0501868945	-0.0365402588	-0.0575566949	0.0592265694	0.0042732129	-0.0530272111	-0.0812023727	-0.064777029	-0.0127728206	0.0462468756	0.0798654172	-0.0274700793297881	7.919828759389916e-05	0.0007546052583848	6.272368757805961e-09	0.115347001742009	-0.0060674429432481	3.681386386957231e-05	0.013304930810871	-0.1849415921577915	0.0119301894537997	0.0342033925098588	0.0001423294204035	5.339787579032303e-06	-0.0011515134118765	2.8513331389187668e-11	1.3259831377316135e-06	0.0013169992996182	-0.0003971020107249	1.7344871551948292e-06	1.57690006921838e-07	-0.0005160034609231	-0.0006880123405543	4.733609807550061e-07	2.662595716846172e-07	0.0	0.0	0.0	0.0	0.0	0.0	0.0	0.0	0.0	0.0	0.0	0.0	0.0	0.0	0.0	0.0	0.0	0.0	0.0	0.0	0.0	0.0	0.0	0.0	0.0
2200.5696577777167	-7.302163357240715	53.321589695829	4842506.818731937	2469.708533443622	-5.00227059890949	6099460.2401642455	25.02271114471431	2368.5996269557786	-5.7281935318656	5610264.192815053	32.81220113850689	2401.1331875406167	1631.8270197748425	1.022291	27.007673	0.0603454868751365	0.034022666544623	0.0672482273	-0.0053026293	0.0208553973	0.0690511418	0.0999768415	-0.0498545934	0.073647668	-0.0269529626	-0.0464102277	0.0213704211	-0.020973962	0.1057384668	-0.0479992291	0.1144657317	-0.000583042	0.0346686487	-0.0995744076	-0.0065156665	-0.034240468	0.0582453373	-0.0759099422	-0.1208284604	-0.0712554415	0.0939464981	0.0588103298	0.0229251679	0.0486115699	0.0388908344	-0.0463215169	-0.0295261891	-0.0012821633	0.0258595895	0.0139163985	-0.0095238247	0.0418906448	-0.0105869685	-0.0618720164	-0.005665915	-0.1016681161	-0.0044864627	0.0468639424	-0.01431804	0.0309965516	0.0781258703	0.0659642323	0.0190029909	-0.0088477879	-0.1017019561	-0.0311610647	-0.0276934305	-0.0680469619	0.1149696227	-0.042661331	0.004900664	0.0491763337	0.040735762	-0.0731713344	-0.075612938	0.044644954	0.0636812673	0.0767473092	0.0039555099	-0.0788948858	-0.0055129755	0.0666479296	-0.0397269064	0.0787693427	0.0266704593	0.0255234131	-0.0084354715	0.0066776627	0.0720762507	-0.0895418901	0.1056574694	0.0010901502	0.1009979537	0.0670991063	0.0695425403	0.0554572029	-0.0331354505	0.0564836658	-0.0286549466	0.0596982712	0.0216972782	-0.0027733845	0.0783855841	-0.0387556126	0.006657938	0.032729205	0.0456729337	-0.018466531	-0.1211116939	0.0586347667	0.0025646777	-0.0549512416	-0.0814885411	-0.0620868871	-0.0076839116	0.0510508491	0.0810058262	-0.027591091698369	-0.0001210123685808	0.0007612683411078	1.4643993349559266e-08	0.1283348590691986	0.0129878573271895	0.0001686844379514	0.016469836052311	-0.1918507414776442	-0.0069091493198527	0.0368067070055218	4.773634432402107e-05	0.0005781859091365	0.0005728461215574	3.34298945524001e-07	3.28152678983433e-07	0.001316919033544	-8.026607419995765e-08	1.734275740910463e-06	6.442642667473108e-15	-0.0002823804913645	0.0002336229695586	5.457969190537856e-08	7.973874190325649e-08	0.0	0.0	0.0	0.0	0.0	0.0	0.0	0.0	0.0	0.0	0.0	0.0	0.0	0.0	0.0	0.0	0.0	0.0	0.0	0.0	0.0	0.0	0.0	0.0	0.0
2196.611841699531	-3.957816078185715	15.664308108745354	4825103.583094605	2460.79474013599	-8.91379330763175	6055510.753080956	79.45571113118056	2363.1578395677648	-5.441787388013836	5584514.974710586	29.61304997634645	2393.4677906553743	1612.3994083610123	1.052158	27.79673	0.0481650318492714	0.0300961440401745	0.07153993	-0.0242171971	0.0336772685	0.0905869345	0.0795720316	-0.0934474166	0.0836287628	0.023663246	-0.0239552542	-0.072986413	0.0418600396	-0.0334933163	0.049502611	0.0166460097	0.0012539976	0.0359102394	-0.1150710332	-0.0478958375	0.0199802158	0.0795266207	-0.0668341193	0.0031134021	-0.0435651158	-0.0150479805	0.0514102079	-0.0019165931	0.0435302019	-0.0056962742	-0.0356786286	-0.0116013682	-0.0291707788	0.0218155096	-0.0032327285	-0.0365175156	-0.0043095085	0.0174799543	-0.1670223944	0.0051210822	0.0287770648	0.023573584	-0.0208903544	0.0126832146	0.0107470804	0.0664937961	0.0690119805	-0.0267656026	-0.0745488321	0.0364243776	-0.0010483598	-0.0731131284	-0.0112728343	0.0993798216	0.0162727068	0.0377538139	-0.0128367899	0.0252275668	-0.0168977215	-0.0699852033	0.0473961504	-0.0761867312	0.0322605632	0.0563223278	-0.015936227	-0.0213387412	-0.0137609862	-0.00706809	-0.0645695995	-0.0237682763	0.0223411805	-0.0160393245	-0.0118586671	0.0472974324	-0.1213908476	0.0966936561	-0.0116950018	0.0559152813	0.052231174	0.0351548845	-0.0331627235	-0.0258291235	-0.0124794918	0.0604806546	0.0291228299	0.0402046982	0.000961121	-0.0208106761	-0.0417169638	0.0288473185	-0.0039427406	0.0304535053	-0.074930417	-0.0921616338	0.058036534	0.0008550176	-0.0568210419	-0.081631751	-0.0592265694	-0.0025646777	0.0555806262	0.0815780375	-0.0274619081538531	0.0001291835445158	0.0007541563994506	1.6688388173691287e-08	0.1299627630644693	0.0016279039952707	2.6500714178183497e-06	0.0168903197833513	-0.1888173622769144	0.0030333792007297	0.0356519962972115	9.20138937542014e-06	0.0009972872173358	0.0004191013081993	9.945817938613833e-07	1.7564590653436478e-07	0.0017138344399054	0.0003969154063614	2.9372284874058564e-06	1.5754183980703538e-07	-0.0003338550789789	-5.1474587614399984e-05	2.6496331700725404e-09	1.1145921376000758e-07	0.0	0.0	0.0	0.0	0.0	0.0	0.0	0.0	0.0	0.0	0.0	0.0	0.0	0.0	0.0	0.0	0.0	0.0	0.0	0.0	0.0	0.0	0.0	0.0	0.0
2204.418873851969	7.807032152437841	60.94975102919823	4859462.571394783	2486.133838255014	25.339098119023674	6180861.461716607	642.0698934855092	2369.721358257791	6.563518690026285	5615579.315783151	43.07977759432436	2401.0751652915915	1608.537143346364	1.088424	28.754816	0.0703231339904697	0.034792141703145	0.0821544959	0.0074140768	0.0570969873	0.0365664868	0.0959965858	-0.0782442121	0.0562751339	-0.0184557027	0.0915391759	-0.0524418728	-0.0193497782	0.0149312648	-0.0353529914	0.13075054	-0.0006136463	0.0057406214	-0.04414196	-0.0460827097	0.0321230694	0.033679368	-0.027074521	-0.0334311196	-0.0429771928	0.0179212521	0.0889407892	0.0991931797	-0.0799577726	0.0115201778	-0.0256416104	0.0681216032	0.0292421271	0.0026041657	0.0480149715	0.0161471049	-0.0003740217	0.0837230523	0.0558262883	-0.0102391715	0.0475320914	-0.0047346051	0.0438134901	0.0609297374	0.0053818366	0.0322794946	0.0360959692	-0.0390351975	-0.034255476	-0.0942409115	-0.0864977406	0.0309307738	-0.0915869093	0.0912753924	-0.0111398171	0.0497782647	-0.0204394139	0.0164703157	-0.023083065	0.0074959613	-0.0454962202	0.0838294844	0.0588840847	0.0204098466	-0.0192912661	-0.1226510916	-0.033206835	0.0696515532	-0.0228629354	0.0328965732	0.0381197103	-0.0199861508	-0.01528068	0.0465872353	-0.0927883024	0.0795979099	-0.0068869609	0.0206183241	0.0999412281	0.0195899047	-0.041988717	0.0460533984	-0.0085696978	-0.043970306	0.0925550726	0.0278016445	-0.003197933	0.0888750057	0.0154667807	-0.0070534965	-0.0273516956	0.0315559392	0.0052382456	-0.0775362325	0.057431937	-0.0008550176	-0.0586347667	-0.081631751	-0.0562039158	0.0025646777	0.0598118772	0.0815780375	-0.035024749590093	-0.0075628414362399	0.0012267330838487	5.719657058970723e-05	0.1452970277556744	0.0153342646912051	0.0002351396736199	0.0211112262746332	-0.2154107204246713	-0.0265933581477569	0.0464017784738759	0.0007072066975748	0.0010060346781091	8.747460773299862e-06	1.0121057735580805e-06	7.651806998041982e-11	0.0015969802446975	-0.0001168541952079	2.550345901954087e-06	1.3654902937686044e-08	-4.280334065474308e-05	0.0002910517383241	8.471111438151351e-08	1.8321259712059814e-09	0.0	0.0	0.0	0.0	0.0	0.0	0.0	0.0	0.0	0.0	0.0	0.0	0.0	0.0	0.0	0.0	0.0	0.0	0.0	0.0	0.0	0.0	0.0	0.0	0.0
2213.8032881511003	9.38441429913155	88.06723173774469	4900924.998628624	2486.808399712861	0.6745614578471759	6184216.016882441	0.4550331604129073	2373.250788813052	3.529430555261115	5632319.306601774	12.456880044410784	2399.782409336856	1623.105719341347	1.019907	26.944685	0.0480358265947558	0.0286346371897225	0.0391249439	0.0363777441	0.0500522094	0.0013737545	0.0720636451	-0.0968610079	0.027272964	0.0500570524	0.0171288296	-0.0268141127	0.0597132117	-0.0819729918	0.0252098939	0.0047581118	0.0264568182	0.0053392232	-0.036253981	0.0114078326	0.0118663545	0.0012827669	-0.0603388407	-0.0690386984	-0.0491448487	0.0291169074	0.0816660939	-0.0205201592	-0.005014784	0.0438106579	0.0138366915	0.0374487681	-0.0137029817	0.0400022168	-0.0004856513	-0.0004974472	0.0547715375	-0.0408609995	-0.0371862191	-0.0016717622	0.0420486599	-0.0082721816	-0.0223939981	-0.0083261418	-0.0174084878	0.0254940823	0.0498420602	-0.0552222716	-0.0035319503	0.0402147318	0.0073899587	0.0150660786	-0.0059628083	0.1431760065	0.0320367298	-0.0119980054	0.0425621944	0.0654344602	-0.028738155	-0.0118457208	-0.0009262315	-0.0483637417	0.0479642979	-0.0227557582	0.0011406062	-0.0259075434	-0.0462170094	-0.0236114246	-0.0230960442	-0.0298937334	0.0337411918	-0.0244679396	-0.0378893227	0.0425310467	-0.0699850164	0.0420372415	0.0106770192	0.0138762666	0.0750077172	0.0232806913	-0.0004869693	-0.0082570979	0.0505247314	0.0071894473	0.0275370285	-0.0114660554	0.0043431188	0.118407893	-0.0572406426	0.0218830721	-0.0285008265	0.0629293799	-0.06545446	-0.032390571	0.0568210419	-0.0025646777	-0.060390626	-0.0814885411	-0.0530272111	0.0076839116	0.0637218759	0.0810058262	-0.0231672944075995	0.0118574551824935	0.0005367235301683	0.0001405992434048	0.1391514494718677	-0.0061455782838067	3.7768132442396665e-05	0.0193631258901217	-0.2184280644644829	-0.0030173440398116	0.0477108193457002	9.104365054586608e-06	0.0010580457428832	5.201106477409996e-05	1.1194607940332625e-06	2.7051508589356204e-09	0.0020849785007808	0.0004879982560833	4.347135348718152e-06	2.3814229794034213e-07	-4.310300157022286e-05	-2.996609154797795e-07	8.97966642661795e-14	1.8578687443626342e-09	0.0	0.0	0.0	0.0	0.0	0.0	0.0	0.0	0.0	0.0	0.0	0.0	0.0	0.0	0.0	0.0	0.0	0.0	0.0	0.0	0.0	0.0	0.0	0.0	0.0
2220.0451524679943	6.2418643168939525	38.960870150514005	4928600.47899664	2512.6691889976387	25.86078928477764	6313506.453338051	668.7804224316699	2376.551256926163	3.3004681131110374	5647995.876797326	10.893089765662731	2409.9474554630992	1643.6461469136311	0.977592	25.826777	0.1021544692650985	0.0456006810160481	0.0598254608	0.050104747	0.0199115191	-0.0270629303	0.0534709183	-0.0083812093	-0.007708326	-0.0071073467	-0.0321272359	0.0258964541	0.0187626802	-0.072567525	0.0033805302	0.0477877594	0.0090513238	-0.0144815681	-0.0077018452	-0.0046715048	-0.0204111627	0.0380140015	-0.0230994934	-0.0407406394	-0.0175240612	0.0024707471	0.0191238137	0.0093856256	-0.0393435481	-0.0025966884	-0.0450269786	0.0511253367	-0.0034815966	0.1257492632	-0.0417996534	-0.0449077475	0.0141654376	0.0558329813	0.0177788837	-0.0750530106	-0.0011634199	-0.0358546553	0.0011542209	-0.0710496597	-0.0121512248	-0.0097730703	0.0134547314	-0.0085481288	-0.010028411	0.0018521866	0.0818938394	-0.0276766065	-0.0540453672	0.0457229905	-0.0315947848	0.0302560951	0.0078795728	0.0088227986	-0.0004931558	-0.0341213509	-0.0234575715	-0.0208049674	0.0743943351	-0.0096476877	0.0041281044	-0.0117794694	-0.0490922831	-0.0214846052	0.051597013	-0.0144441146	0.0558203849	-0.0364469332	-0.0277113411	0.0611789077	-0.0206661783	0.0325930298	-0.0075880021	0.027245953	0.030772392	0.0106451042	0.0024303576	0.0257592723	0.0123451246	0.0210274295	0.0498141244	0.0051581014	0.0227143973	0.1084380182	0.028937093	0.0482628958	-0.006919783	0.0201697485	-0.0534752343	-0.0362491867	0.0562039158	-0.0042732129	-0.0620868871	-0.0812023727	-0.0497051625	0.0127728206	0.0672896215	0.0798654172	-0.0327953143445967	-0.0096280199369971	0.0010755326429609	9.26987679072155e-05	0.1564744284554251	0.0173229789835574	0.0003000856008647	0.0244842467604519	-0.2460983252047057	-0.0276702607402228	0.060564385668561	0.0007656433294319	0.0014317010863762	0.000373655343493	2.0497680007307915e-06	1.3961831572087197e-07	0.0018722323290221	-0.0002127461717586	3.505253893835517e-06	4.526093359798225e-08	0.0003211596752645	0.0003642626768347	1.3268729773479774e-07	1.0314353701599909e-07	0.0	0.0	0.0	0.0	0.0	0.0	0.0	0.0	0.0	0.0	0.0	0.0	0.0	0.0	0.0	0.0	0.0	0.0	0.0	0.0	0.0	0.0	0.0	0.0	0.0
2210.250848334761	-9.794304133233254	95.92839345427	4885208.81256453	2509.256363142782	-3.412825854856692	6296367.495972541	11.64738031557831	2370.692869103473	-5.85838782269002	5620184.679618058	34.32070788104271	2407.8057305058346	1675.6337434186194	1.163954	30.750225	0.1166152758110381	0.0656894822575374	0.0699265939	0.0697608923	-0.004392117	0.0473799008	-0.0133686745	0.0463366924	0.0277997331	-0.0287846367	0.0613334268	0.06000892	0.0332246696	-0.0163588227	0.1016993121	-0.0194301451	0.0218321099	0.0232148717	-0.0443612481	-0.0659252668	0.0041936991	-0.0408284278	-0.0186464565	0.0167738114	-0.0159249739	0.004478237	0.1086581909	-0.0319486392	0.0584471901	-0.0114223245	0.0660039147	0.0210650394	-0.0971426449	0.057663511	-0.134226859	0.0509548405	-0.0406970859	-0.0986204311	0.0694713398	0.0236006916	-0.0867115975	0.0288882198	-0.0430128562	-0.0829038726	-0.0107021159	0.0348789912	0.0295840768	0.0288293902	-0.0607971423	-0.0092409815	-0.0573408098	0.030566958	0.0248694365	0.0017488857	0.036393333	0.0134533965	0.0422319291	0.0064854355	0.0213300216	0.0487935165	-0.0577495834	-0.0912044208	0.0433964182	-0.0434763401	0.05369754	-0.0505317038	0.0170224271	-0.0059586016	-0.0355801099	0.1486535199	0.0945147913	-0.0378671839	-0.0387268684	0.0327407217	-0.0378471063	0.0180052719	-0.0194488046	-0.04069804	-0.0237958765	0.0113148016	-0.044006792	0.040964499	-0.015659239	0.0899719977	-0.0808910978	0.0515269554	0.0573622438	-0.0243152499	-0.0761604551	-0.1252349415	-0.1150084634	-0.0775725696	0.076875151	0.1214017375	0.0555806262	-0.0059798738	-0.0637218759	-0.0807737477	-0.0462468756	0.0178113211	0.0704959515	0.0781648097	-0.0260906678696244	0.0067046464749722	0.000680722949883	4.495228435435843e-05	0.171933188298766	0.0154587598433408	0.000238973255894	0.0295610212385789	-0.2442059335994457	0.00189239160526	0.0596365380051768	3.5811459876585274e-06	0.0025210374490799	0.0010893363627036	6.355629819663288e-06	1.1866537111085264e-06	0.0019762343680098	0.0001040020389876	3.905502277303094e-06	1.0816424113599065e-08	0.0009790108313224	0.0006578511560579	4.327681435267155e-07	9.584622078465769e-07	0.0	0.0	0.0	0.0	0.0	0.0	0.0	0.0	0.0	0.0	0.0	0.0	0.0	0.0	0.0	0.0	0.0	0.0	0.0	0.0	0.0	0.0	0.0	0.0	0.0
2194.0261026087	-16.224745726060974	263.24237387533384	4813750.5389283225	2457.288778732072	-51.96758441071006	6038268.142082558	2700.6298294842754	2369.5912485537324	-1.101620549740801	5614962.685222437	1.2135678356112245	2398.693207283779	1569.9352847883088	1.691175	44.678768	0.1043353646489257	0.0543064816118029	0.0728880923	-0.0038179997	0.0914916095	-0.1073160371	-0.1229169154	0.0845844415	0.078795116	0.1215581919	-0.0074465625	0.0714872423	-0.00107909	-0.002436639	-0.1189693305	-0.1266848169	-0.0378480798	-0.0055507877	0.0180658332	-0.0320011907	0.2169319675	-0.4051341946	0.0316387233	-0.0643279616	0.0818260961	0.2253994177	-0.250655966	0.1866594385	0.2156708414	-0.2828922565	0.0836738389	-0.1632455747	-0.0216543594	0.0337167564	0.0097297638	0.0795814111	0.1391665443	0.0351550259	0.0787756933	0.0755401252	-0.0069301256	0.0930576539	0.0508082975	-0.0171152274	0.0327666379	0.0104005785	0.0037995324	-0.231639827	0.0231763771	-0.0894420522	0.0788197869	0.2744342113	0.2265408897	-0.1388868632	-0.1370549782	-0.1715913665	0.1231112487	0.1778473107	0.2903194689	-0.1667819304	-0.0409932459	-0.1094839646	-0.1796658378	0.0944037835	0.0071732555	-0.0870333051	0.2117905181	0.0015256621	0.1418854392	0.0998663117	0.0919701476	-0.0095039042	-0.0100525943	-0.0536939754	0.0139997243	0.0220766287	-0.0359951323	-0.2301883537	-0.0260114166	-0.2710122354	0.0959658846	0.124998421	0.0938098068	-0.0285277579	-0.026645399	0.118692967	0.0582446227	-0.2633371521	-0.3890168329	-0.0626719219	-0.1530301632	0.1469786658	0.002551181	0.1613122907	0.0549512416	-0.0076839116	-0.0652939789	-0.0802034182	-0.0426618292	0.0227795284	0.0733236445	0.0759159322	-0.0173614298109043	0.0087292380587201	0.0003014192450789	7.61995970858075e-05	0.1997975438097654	0.0278643555109993	0.0007764223080433	0.0399190585124151	-0.2321594816452545	0.0120464519541912	0.0538980249177932	0.0001451170046846	0.0020370155890021	-0.0004840218600778	4.149432509837571e-06	2.342771610331735e-07	0.0020939759285465	0.0001177415605367	4.384735189332178e-06	1.3863075077617428e-08	0.0004668678694366	-0.0005121429618858	2.6229041340916e-07	2.1796560751227019e-07	0.0	0.0	0.0	0.0	0.0	0.0	0.0	0.0	0.0	0.0	1.0	0.0	0.0	0.0	0.0	0.0	0.0	0.0	0.0	0.0	0.0	0.0	0.0	0.0	0.0
2235.8236749169755	41.79757230827545	1747.0370508655146	4998907.50531925	2534.618457395639	77.32967866356694	6424290.724570648	5979.87920221052	2384.836393605108	15.245145051375404	5687444.624263417	232.41444763747592	2418.990225766063	1677.537153084121	1.719669	45.431545	0.205192381227162	0.089591235592154	0.0438124801	0.0921441565	0.0077995727	-0.0654320033	-0.0322885655	0.0785341314	-0.0680684461	0.0699131148	0.0306650866	0.0311157888	0.0261902849	-0.0849133476	0.0448524625	0.0022458334	0.030214758	-0.0302908244	0.1194962485	-0.00766599	-0.0458884275	-0.0202018287	0.02074212	0.0710480419	-0.0193963688	-0.0084799913	0.0140431065	0.0573885475	-0.0883508627	-0.0790555012	-0.0437237426	-0.0123172705	0.0749002727	-0.0462226124	0.0673909735	0.018228551	0.0318106717	-0.0241006967	-0.0572699676	-0.014449199	-0.0341466657	-0.0419018011	0.0557639302	-0.110651819	-0.0569200558	-0.076793174	-0.0719125521	0.0214415595	-0.0245503078	0.041292569	0.0001684925	0.064079237	-0.0557409967	0.0072327842	0.0066874797	0.0963150979	-0.0449626025	-0.0049872712	0.0576131871	-0.0196904173	-0.0815248443	0.0168239224	-0.0178893109	0.1165973974	-0.0441455219	0.0708534834	0.0796197039	-0.1108148639	0.0173730302	-0.0992980972	0.0916473673	-0.0434592057	-0.0446768766	0.0141397115	0.0602506405	-0.0291699391	0.0058920692	-0.0791600173	-0.040961817	-0.0400881467	-0.0530172887	0.1226368553	0.0235656738	0.053950439	-0.0245916937	-0.0404771754	0.0472418808	0.0467347721	0.1029561904	0.0606316346	-0.1134268246	0.006874289	-0.0153135439	0.0053637163	0.054315831	-0.009384579	-0.0668016447	-0.0794923845	-0.0389598496	0.0276578354	0.0757575129	0.073134559	0.0053961367139265	0.0227575665248308	2.9118291435385483e-05	0.000517906834132	0.1542996491553339	-0.0454978946544314	0.0020700584179857	0.0238083817294591	-0.2677652749518842	-0.0356057933066296	0.0716982424700581	0.0012677725169944	0.0027671049477006	0.0007300893586985	7.656869791589142e-06	5.330304716847875e-07	0.0028813595203995	0.0007873835918529	8.302232685796837e-06	6.199729207193313e-07	0.0009760174537105	0.0005091495842739	2.592332991662852e-07	9.52610069947528e-07	0.0	0.0	0.0	0.0	0.0	0.0	0.0	0.0	0.0	0.0	0.0	1.0	0.0	0.0	0.0	0.0	0.0	0.0	0.0	0.0	0.0	0.0	0.0	0.0	0.0
2227.6932149033228	-8.130460013652737	66.10438003360606	4962617.059726302	2545.239747004722	10.621289609083306	6478245.369732662	112.811792960021	2375.271229619565	-9.565163985542767	5641913.41425844	91.4923620703244	2411.669504231182	1712.5072518354405	1.109568	29.313431	0.0877794160945841	0.0421393336935556	0.0562743505	0.0838755001	-0.0629885131	0.0239616786	-0.1088364776	0.0732129019	-0.0336322384	-0.052451587	0.077639224	0.0698619976	0.035201779	-0.1153767025	-0.0199375774	0.0109483081	0.0037189051	-0.0107633024	-0.0334840479	0.0356112813	0.0351643719	-0.0909025578	0.013491451	-0.0103188581	-0.0325540063	-0.008792984	0.0819825372	0.0456951623	0.0759636725	-0.0837803895	0.0105413569	0.0262054855	0.0319273241	-0.0203205179	-0.022700313	0.0792557217	0.0224475517	0.0294215969	-0.1341122647	-0.0195723303	-0.059843644	0.0117052356	0.0238653352	0.1029848116	0.0053726649	-0.002443719	0.0384389925	-0.0191135222	0.0571131547	-0.0754537237	-0.035832656	0.1031735574	0.0395531215	0.0057495615	0.0410220439	0.0158261362	0.0078979009	-0.009770051	0.0182631503	-0.036784984	-0.0718396648	-0.0679747699	0.0403146841	0.100822539	-0.0388680369	-0.0552145121	0.0367314468	-0.04463232	-0.039377489	-0.0032867638	0.0913477086	-0.0630385232	-0.0492418512	-0.0168669893	0.0163100738	-0.0552130824	0.0206628849	-0.1166579417	-0.0007787242	0.013364402	0.0366478575	0.1160830275	-0.0155474829	-0.0235693145	-0.0925878272	0.0642497359	0.0357434662	0.045410141	0.0503852606	0.004185699	-0.0560722411	0.0374552736	-0.1094336786	0.0817422641	0.0536744641	-0.0110811301	-0.0682433853	-0.0786418943	-0.0351510839	0.0324269895	0.0777844842	0.0698401994	-0.0024566119760436	-0.0078527486899701	6.034942400840842e-06	6.166566198782712e-05	0.1881596193386343	0.0338599701833003	0.0011464975808139	0.0354040423496597	-0.2698635493474128	-0.0020982743955286	0.0728263352663835	4.402755438930999e-06	0.0024832467787459	-0.0002838581689547	6.166514564151888e-06	8.05754600823151e-08	0.0028829598462287	1.6003258292000312e-06	8.311457474967009e-06	2.561042759604768e-12	0.0015699274154423	0.0005939099617318	3.527290426442681e-07	2.46467208975734e-06	0.0	0.0	0.0	0.0	0.0	0.0	0.0	0.0	0.0	0.0	0.0	0.0	0.0	0.0	0.0	0.0	0.0	0.0	0.0	0.0	0.0	0.0	0.0	0.0	0.0
2222.7269479683187	-4.966266935004114	24.66380726971516	4940515.085224557	2499.145227688462	-46.094519316260175	6245726.869078015	2124.704710997082	2379.9886789736543	4.71744935408924	5664346.11204276	22.254328408396987	2412.8150550883674	1657.3391758307723	1.063317	28.091536	0.0359721990714129	0.0163655399352732	0.0649900189	0.0716248238	0.006549503	-0.0638835218	-0.0718587737	0.0757147406	0.009028741	0.0615109018	-0.0394530309	0.0490910726	0.0095279432	-0.0772664287	-0.0241787431	0.0161902174	0.0313807587	0.0018006932	0.0115913926	-0.0303803614	-0.050323394	-0.0196826994	0.048713186	-0.0219447207	-0.0237207608	-0.0316573223	-0.0388020502	-0.0084201189	-0.0170900632	-0.0637490747	0.0104918441	0.0343530254	0.0039645221	0.0004299979	0.144736612	-0.0376193483	-0.0491446588	-0.0441913525	0.1289339412	-0.0649096473	-0.0287786422	0.0949665869	0.0506226805	-0.0815778994	-0.0298877034	-0.0004141958	-0.0051908966	0.0100534012	-0.0366115303	0.004734041	0.1029751043	0.0037369021	-0.0211290969	-0.0284607935	-0.0357521534	0.0145739183	0.0131411829	0.0232763699	0.0006855082	0.0742813435	-0.0003337381	-0.0568417444	0.0485724641	0.0518731152	-0.0622558332	0.0392111906	-0.022191263	0.0109203212	-0.0117298594	0.0936975691	0.0967769711	-0.0539333863	-0.044128676	-0.00627063	0.0481359786	-0.0141415668	0.0126250388	-0.0536638192	-0.0272535959	0.0012284212	0.0361329534	0.0961415594	0.0508928278	0.0665989461	0.0201548795	-0.0194248727	0.0167506514	-0.0012829204	0.0828253661	0.0715495626	-0.0488616966	0.0012570012	-0.0248583635	0.1406588808	0.0530272111	-0.0127728206	-0.0696177779	-0.0776534394	-0.0312459714	0.0370681691	0.0793936715	0.066055961	-0.0078576488853769	-0.0054010369093333	6.174264600586484e-05	2.9171199695980606e-05	0.1791416071757368	-0.0090180121628974	8.132454337016712e-05	0.0320917154215059	-0.2725247996031399	-0.0026612502557271	0.0742697663987315	7.082252923607608e-06	0.0023210543653758	-0.0001621924133701	5.387293367030057e-06	2.6306378954817432e-08	0.0028820818173822	-8.78028846500005e-07	8.306395602085085e-06	7.709346552861293e-13	0.0013551598627898	-0.0002147675526524	4.6125101672344347e-08	1.8364582537164696e-06	0.0	0.0	0.0	0.0	0.0	0.0	0.0	0.0	0.0	0.0	0.0	0.0	0.0	0.0	0.0	0.0	0.0	0.0	0.0	0.0	0.0	0.0	0.0	0.0	0.0
2230.113549353357	7.386601385038375	54.56188002145084	4973406.443009428	2509.720657576376	10.575429887914195	6298697.779065598	111.83971731418887	2379.542412799338	-0.4462661743164062	5662222.094310895	0.1991534983390011	2413.7186325652688	1654.8939937043333	0.943853	24.93544	0.0709157156136953	0.0343309035439804	0.0617605338	0.102113264	0.0100710284	-0.0777372657	-0.1006789726	0.056164658	-0.0021734995	0.0684673182	-0.0168439854	0.1124608421	0.0133447361	-0.0751487307	-0.0323868912	0.0907401556	0.0306977837	0.0057636574	0.010200612	-0.0162413619	-0.0305727757	-0.0252436176	0.0745636941	-0.0103187373	-0.0347353503	-0.043399038	0.0429386135	0.0029522868	0.0568709612	-0.0214406001	-0.0852411541	0.0118619644	0.0506607314	0.0117223223	0.0881773931	-0.0206809377	-0.1352681676	-0.0002332431	0.0666688608	0.0421004977	-0.0429350453	0.0351195946	-0.0242356594	0.0452750319	-0.0203496601	-0.0019395526	0.0032983119	0.0203155704	-0.0041218787	-0.1044128676	0.0304471569	0.0617646926	-0.0826735844	-0.0740768367	-0.036902668	0.0136379885	-0.0021775512	-0.0341871082	-0.0181004746	0.0645160469	-0.0082549144	-0.0675594979	0.0330210451	-0.0099779883	-0.0327980261	0.120738747	-0.0636299409	-0.0658893359	-0.0204165908	0.0396954313	0.1000644655	-0.0655230006	-0.0543075	-0.0204509516	0.050652447	-0.0410942826	0.0103451943	-0.0621585116	-0.0252603643	-0.0333231963	0.0391522036	0.1239513103	0.0485051494	-0.0282789844	0.0320049556	0.0543144408	0.0135427438	0.0096363888	0.0822360648	0.0269600466	-0.0970452151	0.0150702003	0.0014321796	0.1199336064	0.0523741431	-0.0144589085	-0.0709234662	-0.076528754	-0.0272552159	0.0415630576	0.0805764318	0.0618083875	0.0062794323660142	0.0141370812513911	3.943127083934669e-05	0.0001998570663084	0.2003169682905081	0.0211753611147713	0.0004483959183409	0.0401268877851004	-0.2916964961273578	-0.0191716965242179	0.0850868458529776	0.0003675539476167	0.0020319980804009	-0.0002890562849748	4.129016198752942e-06	8.355353588349049e-08	0.0028814242716621	-6.575457201000133e-07	8.302605833323463e-06	4.3236637402184497e-13	0.0013940775665611	3.891770377129999e-05	1.5145876668306575e-09	1.9434522615889183e-06	0.0	0.0	0.0	0.0	0.0	0.0	0.0	0.0	0.0	0.0	0.0	0.0	0.0	0.0	0.0	0.0	0.0	0.0	0.0	0.0	0.0	0.0	0.0	0.0	0.0
2221.6241020143734	-8.48944733898361	72.07071612137588	4935613.650651171	2513.098753060868	3.37809548449195	6315665.342636091	11.411529102344907	2376.83106530231	-2.711347497027873	5649325.912986114	7.351405249639312	2411.148741903184	1682.7358113066166	0.9173690000000002	24.235767	0.1292219147028163	0.06491515676929	0.0605660367	0.0737065577	-0.0166270114	-0.042622841	-0.094565672	0.0718474152	0.0039120686	0.0134792062	0.0064278598	0.0955132982	0.0052050563	-0.0065469042	0.028856822	0.046253759	0.006136143	-0.0022276153	-0.0038179056	-0.0291755542	-0.0004180954	0.003423254	0.0380042049	0.0222889021	-0.0249316951	-0.0425932917	0.0160029062	-0.0008482125	-0.0201854887	-0.1171008676	0.0026483393	0.0893708771	0.0311618671	0.0525698575	0.091039174	-0.0220305883	-0.0089240411	0.0762700476	0.0728531361	-0.0750857464	-0.0113136953	-0.0273099393	0.0741185605	0.037998194	-0.0107670137	-0.002776045	-0.0061558282	0.0040683637	-0.008703518	-0.0646923997	0.0578946471	-0.0135093648	-0.0372658861	-0.0282936007	0.0390485396	0.0345698628	-0.0152475157	-0.0202893562	-0.0308065412	0.014291003	-0.1334665248	-0.0619755066	-0.0417372074	0.0463075957	0.0036918256	0.0025565649	-0.056212065	-0.0303149808	0.0737821101	-0.0467202718	0.0695979717	-0.0549365671	-0.0491769825	-0.0304047995	0.0368760503	-0.014229211	0.0183693951	-0.0354556095	-0.0463588992	-0.0140092098	0.0167750177	0.0695631315	0.1130991008	-0.0003868263	-0.0182397517	0.0082243309	0.0744658983	0.0295658676	0.1027359338	0.0290238869	-0.0759171064	0.0413789352	-0.0538125472	0.0719316969	0.0517153317	-0.0161386543	-0.0721591615	-0.0752698111	-0.0231897558	0.0458939156	0.0813264124	0.0571272725	-0.0154155925560246	-0.0216950249220388	0.0002376404938533	0.0004706741063678	0.1733598545670247	-0.0269571137234833	0.0007266859803008	0.0300536391754999	-0.2480316421242037	0.0436648540031541	0.061519695494829	0.0019066194751167	0.0016261527682921	-0.0004058453121088	2.64437282582406e-06	1.647104173606894e-07	0.0030807503147471	0.000199326043085	9.491022501814356e-06	3.9730871451923314e-08	0.0015270046524501	0.000132927085889	1.7669610162941594e-08	2.331743208604251e-06	0.0	0.0	0.0	0.0	0.0	0.0	0.0	0.0	0.0	0.0	0.0	0.0	0.0	0.0	0.0	0.0	0.0	0.0	0.0	0.0	0.0	0.0	0.0	0.0	0.0
2223.938452699024	2.314350684650435	5.356219091541938	4945902.241393329	2532.690400536381	19.591647475512676	6414520.664969133	383.83265080476207	2376.2030108907948	-0.6280544115152225	5646340.748966479	0.3944523438237324	2408.728576549785	1653.8377402345575	0.991555	26.195671	0.095657404681222	0.0505881829522592	0.0615375875	0.0718720323	0.0200864679	-0.0377733929	-0.0984973084	0.0099056221	-0.016055005	0.0391656915	0.1316174123	0.0124660764	0.0882446034	-0.1046279965	0.0018781488	0.0272545961	0.0281501664	0.0023062134	0.0526220048	-0.0458745409	0.058135393	-0.0457071859	0.0344108955	0.0041236035	-0.0221327184	0.0008845474	0.113099642	0.0405331596	-0.0418012453	-0.0816422707	0.0310925837	-0.0449061224	0.0803113694	0.0630632518	0.0496766155	0.0956234414	0.0605393756	0.026177045	0.0207227872	-0.020578719	-0.0257623343	-0.0155744081	-0.0082234454	-0.002315519	-0.0430288116	-0.0110090656	-0.0275458956	-0.081720758	-0.0250484624	-0.0282938511	-0.0480292031	0.1071711197	-0.0155383042	0.0416293883	0.0916451629	0.0521404971	-0.0420415061	0.0159011757	0.017948861	-0.0004471092	-0.0719767096	0.0020639721	0.0142202612	0.038950706	-0.0851003094	0.021941103	0.0049755944	0.0498118826	-0.0148633225	-0.0176891868	0.0798587265	-0.0578640542	-0.0497462843	-0.0612009264	0.047470517	-0.0131458742	0.0302657999	-0.1155503147	0.0495549973	0.0071218076	-0.0025297395	0.1014939903	-0.013581169	0.0223181778	0.0252492975	-0.0388712223	0.0760190175	0.0889692839	0.0279542047	0.0280433681	-0.0356126966	0.0405415489	-0.028415718	0.112329397	0.0510508491	-0.0178113211	-0.0733236445	-0.0738788195	-0.0190607341	0.0500436514	0.0816395852	0.0520454508	-0.0198605623476595	-0.0044449697916349	0.0003944419367652	1.9757756448546808e-05	0.1593319954182988	-0.0140278591487259	0.0001967808322964	0.0253866847639767	-0.2233878751011175	0.0246437670230862	0.0499021427421924	0.0006073152530881	0.0009177308590352	-0.0007084219092568	8.422299296254862e-07	5.018616015151913e-07	0.0032811402100674	0.0002003898953203	1.0765881078121143e-05	4.0156110146480856e-08	0.0013850002826718	-0.0001420043697783	2.016524103613217e-08	1.9182257830009658e-06	0.0	0.0	0.0	0.0	0.0	0.0	0.0	0.0	0.0	0.0	0.0	0.0	0.0	0.0	0.0	0.0	0.0	0.0	0.0	0.0	0.0	0.0	0.0	0.0	0.0
2228.186814391744	4.248361692720209	18.04857707217252	4964816.4798292285	2519.651296131646	-13.039104404734644	6348642.654097885	170.01824367757038	2376.5752712747326	0.372260383937828	5648110.020034568	0.1385777934495391	2411.012852260045	1659.0054343126492	1.301863	34.393631	0.2472712440158853	0.142729754275477	-0.0233817269	0.0164032495	0.0398253895	-0.0832606184	-0.0471506568	0.0585412429	-0.0228368347	0.0660525932	0.0027606527	0.0046216321	-0.0112016616	-0.0153825478	-0.0326948671	-0.0701509911	0.0461267709	0.0126190317	0.0291898096	0.0247590526	0.0351676368	0.0255393822	-0.0030126785	0.0148769087	0.0165633717	-0.0304258698	0.0200696525	-0.0371112741	-0.0062018375	0.0409454514	-0.102216643	0.0556621588	0.0103336708	-0.0233273062	0.035105248	0.0381466613	0.0741326591	-0.0322310642	-0.01632601	-0.0171282559	0.0714903467	-0.0888417614	0.0410299144	-0.0177267203	-0.0474470426	-0.0002273391	-0.0054280144	-0.02253575	0.012755434	0.0614230703	0.0471174982	-0.0672281525	0.0067915022	-0.0132232933	-0.0099087468	0.0244206031	-0.033681571	-0.0130422386	-0.0367122057	-0.0311485358	-0.038710001	-0.0410717463	0.1466817819	0.0519448939	-0.0048536343	0.0347014333	0.0330031838	0.0134760354	-0.047100006	-0.0734168619	-0.0179266772	0.0087898544	0.0014718437	-0.0411552472	0.0973258071	0.0257063766	0.0855179365	0.0347175153	-0.0351660974	0.0011615003	0.064995228	-0.0043981438	0.1317043529	0.0702169417	-0.0086695084	-0.0266320953	0.0837310082	0.0330735108	0.0366505235	0.0758439514	-0.1320425088	0.1140291509	-0.0185409377	-0.0085941356	0.0503807682	-0.0194761753	-0.0744157659	-0.0723582192	-0.0148794683	0.0539958877	0.081514268	0.0465985677	-0.0189598161725115	0.000900746175148	0.0003594746292954	8.113436720437536e-07	0.1360850285571757	-0.023246966861123	0.0005404214682421	0.0185191349974073	-0.1491729753521582	0.0742148997489592	0.0222525765754156	0.005507851344748	-0.0010417080741484	-0.0019594389331836	1.0851557117459683e-06	3.8394009328756834e-06	0.0036619589481707	0.0003808187381032	1.3409943338087456e-05	1.450229112905895e-07	0.002022915235998	0.0006379149533261	4.0693548767716796e-07	4.092186052032844e-06	0.0	0.0	0.0	0.0	0.0	0.0	0.0	0.0	0.0	0.0	0.0	0.0	0.0	0.0	0.0	0.0	0.0	0.0	0.0	0.0	0.0	0.0	0.0	0.0	0.0
2223.317670530224	-4.869143861520115	23.708561944179017	4943141.464091942	2528.936620000583	9.285323868936755	6395520.427979973	86.21723935104667	2378.5930026510487	2.0177313763160782	5657704.672260531	4.071239906970376	2416.825041234601	1685.1085857551254	1.650331	43.599712	0.7580090660647634	0.4497505978830159	-0.1417793435	-0.2031235101	0.0465960712	-0.0201237617	0.0739024952	0.1125063978	-0.0448105852	-0.0550271272	-0.0022758869	-0.1221427154	-0.106662586	0.1280023807	-0.0509246896	-0.1004247252	0.0360564825	0.0088413419	0.0436516771	0.008993601	0.0127088728	0.0368126396	0.0180867608	0.0806376922	-0.0383244583	-0.1393006691	-0.0757454624	0.0437545621	0.0526310981	0.1640766011	0.0602269365	-0.2050007029	0.0027202709	0.0326465396	-0.0807660618	-0.0476585913	-0.037244421	-0.0466681982	0.0326515141	-0.1369741271	-0.0692052301	0.0130223046	-0.0239966378	-0.0303278702	-0.055484415	-0.0170167773	-0.0168588989	0.0332095956	0.0268559882	0.0068910406	-0.055325852	-0.1160583923	0.0923601128	0.0225521546	0.0363773547	-0.0164955696	-0.1804916343	-0.0502777631	0.1528386309	-0.0596745414	0.1233751141	0.04782685	0.0332028809	-0.0965361628	0.0413933635	0.0471376938	0.0720564639	-0.0121301603	-0.0177039314	0.032235925	-0.164717261	0.1681114526	0.1311044992	0.0699703	-0.0023810824	0.0591458227	-0.0912054186	-0.0657727617	-0.0727745139	-0.0874896598	-0.0074060875	0.0125178707	0.0844830517	0.050857334	-0.1446894647	-0.000733181	-0.1263625601	-0.0818984151	0.0693951463	0.0224722687	-0.0624970648	-0.0074755739	-0.0711790268	-0.0022759737	0.0497051625	-0.0211324865	-0.0754344479	-0.0707106781	-0.010657419	0.0577350269	0.0809511339	0.040824829	-0.0428516579205933	-0.0238918417480818	0.0018362645865435	0.0005708201021153	0.0023574837344568	-0.1337275448227189	0.0178830562443122	5.5577295582283804e-06	-0.0211844956531805	0.1279884796989777	0.0004487828560796	0.0163810509356556	-0.0088194131015927	-0.0077777050274443	7.778204745654495e-05	6.049269549393233e-05	0.0037192735091113	5.731456094060011e-05	1.3832995435577084e-05	3.2849588958137637e-09	0.0004099108284832	-0.0016130044075148	2.601783218662171e-06	1.680268873077834e-07	0.0	0.0	0.0	0.0	0.0	0.0	0.0	0.0	0.0	0.0	0.0	0.0	1.0	0.0	0.0	0.0	0.0	0.0	0.0	0.0	0.0	0.0	0.0	0.0	0.0
2220.683665745612	-2.6340047846119887	6.937981205358849	4931435.943309369	2504.036803288246	-24.89981671233681	6270200.312222019	620.0008723079677	2378.086429761804	-0.5065728892445804	5655295.067417244	0.2566160921176019	2412.468360611156	1659.9371838780935	1.135663	30.002819	0.1836043260249148	0.1038508429432958	-0.1113768826	-0.2007596501	0.0386700594	-0.0103632917	0.0555681627	0.150299678	-0.0037355456	-0.0040358653	0.0317657643	-0.123708525	-0.1417153564	0.1361784048	-0.1484256453	0.0732617865	-0.0030400386	-0.0075520802	0.0378517822	0.0149279102	0.0213563421	0.0161183852	-0.0106878345	-0.0037039084	0.0128929107	-0.0737874387	-0.0417111174	0.0708407702	0.1530845924	0.080851139	-0.0514927963	-0.1599147171	-0.0768083727	-0.013408786	-0.0176402149	-0.0168446437	-0.0427177273	0.0182456043	0.0602559436	0.0084224718	-0.0025560753	0.0178622953	-0.0344132589	0.0149970763	-0.0196290472	-0.0202451256	-0.02405184	-0.0250069971	0.0492546928	-0.0898627181	-0.0311536241	-0.0378262447	0.0033206606	0.0127615434	-0.0659004637	-0.0412374747	-0.1071352453	-0.0644249164	0.0451145082	-0.0930799702	0.1303686168	-0.0318216181	-0.0635285074	-0.0714869637	-0.0120327005	0.0244328204	0.0878674642	0.0491895615	-0.1105910268	0.0382367685	-0.1408908136	0.1375825467	0.1284103008	0.0347836193	-0.0135857081	0.0712743444	0.0011022294	-0.0357835571	-0.0396145609	-0.0583523377	0.1004048039	0.0903441189	0.0456107768	-0.0389713088	-0.007748339	0.0812601427	-0.1173597419	-0.0205533401	0.0212728888	0.0058829321	0.0088734757	-0.0260078949	0.0305454799	-0.0102676882	0.0490241061	-0.0227795284	-0.0763786853	-0.0689390864	-0.0064061583	0.0612463124	0.0799532077	0.0347647336	-0.0370030699090335	0.0058485880115597	0.0013692271826928	3.420598172896098e-05	0.0496517483319252	0.0472942645974684	0.0022367474638153	0.0024652961124168	-0.0864622384535422	-0.0652777428003617	0.0074757186783971	0.0042611837051101	-0.007724364679566	0.0010950484220266	5.966580970292675e-05	1.1991310465831649e-06	0.0035328878275218	-0.0001863856815894	1.2481296401851705e-05	3.4739622301582465e-08	0.0004321513371775	2.2240508694299985e-05	4.946402269812333e-10	1.867547782243013e-07	0.0	0.0	0.0	0.0	0.0	0.0	0.0	0.0	0.0	0.0	0.0	0.0	0.0	0.0	0.0	0.0	0.0	0.0	0.0	0.0	0.0	0.0	0.0	0.0	0.0
2223.9645272702446	3.280861524632656	10.764052343814912	4946018.218556362	2492.251774574393	-11.78502871385308	6211318.907869211	138.88690178634158	2375.196814827297	-2.8896149345068807	5641559.909165738	8.349874469725204	2410.296956012305	1687.7467064383502	1.540048	40.686184	0.4916521929854828	0.2345145326629006	-0.0662961992	-0.0927008414	0.0456929963	-0.0480802482	-0.1040326567	0.0850410369	-0.0031026024	0.0753577804	-0.0260879218	-0.0734564461	-0.0474384361	-0.0027787565	-0.0112852597	-0.0700590421	0.0250964332	0.0041244599	0.0954837704	-0.0385588828	0.0785144987	0.020809657	-0.0170798675	0.0118514672	0.0952871547	-0.0552489993	-0.0571206091	0.0715225732	-0.1107573768	0.0210116837	-0.0090473989	-0.0334491065	0.0366007478	-0.0699999797	-0.0697367826	-0.0734304116	-0.0970068473	-0.0403373591	0.0348190825	-0.0062758968	-0.1750062993	-0.2000896621	0.068172155	0.1006463126	-0.0543499301	-0.0290583059	-0.0638333845	-0.0876938146	-0.0321330561	0.0790700938	0.0146679214	-0.0506290898	0.0580903706	-0.0470601981	-0.0845434886	-0.0513884472	-0.0960252022	-0.0136547536	0.0042937771	0.0021272517	-0.0112012063	0.0785476731	0.0217752529	0.0867805575	0.0765679784	0.0561033894	-0.0229438202	0.0309387192	0.0164438284	-0.0019976237	-0.0845481325	0.0581709096	0.0226907173	-0.076247435	0.0926196499	-0.0010178756	-0.0422617271	0.0073365205	-0.0962801576	-0.1082848226	-0.0521102771	-0.0203554655	-0.0009570186	0.049692083	0.004035402	-0.0292702444	0.034131909	-0.0897504741	0.0707013642	0.048707982	0.050079461	0.1020006367	-0.1116177321	-0.0106339124	0.0483376736	-0.0244165784	-0.0772475461	-0.0670465522	-0.0021373389	0.0645158866	0.0785258491	0.0284607885	0.0010910284951819	0.0380940984042154	1.1903431772988812e-06	0.00145116033323	0.0942009428972312	0.044549194565306	0.0019846307364174	0.0088738176427274	-0.2295270715240036	-0.1430648330704614	0.052682676562385	0.0204675464614789	-0.0050000953154765	0.0027242693640894	2.5000953163850045e-05	7.421643568116606e-06	0.0040968850906843	0.0005639972631625	1.6784467446271307e-05	3.180929128547905e-07	0.0024627660488355	0.002030614711658	4.123396107201902e-06	6.065216611296819e-06	0.0	0.0	0.0	0.0	0.0	0.0	0.0	0.0	0.0	0.0	0.0	0.0	0.0	1.0	0.0	0.0	0.0	0.0	0.0	0.0	0.0	0.0	0.0	0.0	0.0
2231.567428020614	7.602900750369372	57.80409981996716	4979893.185802538	2508.595962752157	16.344188177763954	6293053.704336422	267.132487190159	2380.172205717667	4.9753908903699084	5665219.728870905	24.75451451197587	2416.386771728074	1709.8945912892234	1.231206	32.526955	0.1147785807599727	0.0697393807884855	-0.1039373643	-0.0394973355	0.0334394817	-0.0094115934	-0.0436012678	-0.0493815012	-0.0369329874	0.0441644451	0.0008940318	-0.1083601237	-0.044988112	0.0730362091	0.0508872348	-0.0391858588	0.0268989075	-0.0018680097	0.0667321532	-0.0519066054	-0.0101556948	0.0631554509	0.0386271874	0.02970908	0.0084626742	-0.0432212523	-0.0977794309	0.0170646748	-0.1278092405	0.05692472	0.0473371904	-0.0461468885	-0.0212947595	0.0145371965	-0.0401402978	0.0605662598	-0.0360313007	-0.039147701	-0.0997289434	0.0272801568	0.1310048918	0.0133943186	-0.0190296925	0.03778716	-0.0521406823	-0.0323023037	-0.0690337519	0.0146451821	-0.0381631688	0.0004517506	-0.0306461682	-0.0851557929	0.0249049205	-0.0212365224	0.005783477	-0.0267424843	-0.0417333914	0.0039629649	0.072587649	0.1274950488	0.0170367819	0.1135612304	-0.0568397469	-0.0654760681	0.0258866848	0.0427691465	-0.0208998332	0.0064374633	0.1051421994	-0.0711141727	-0.0792790219	0.0693969824	-0.0396225308	-0.0701305434	0.0501394122	-0.0251424648	-0.0370008614	-0.0213426945	-0.0184613036	0.10744067	-0.1243052844	0.0084943496	0.0073881473	0.0130067824	0.0463296086	-0.103656431	0.0271088925	-0.0700253488	-0.0384642149	-0.0081658758	0.1033200289	-0.0856092912	0.1204642406	-0.0798519929	0.0476459404	-0.0260429185	-0.0780401729	-0.0650363955	0.0021373389	0.0675308461	0.0766767246	0.0219572114	-0.0156935692654087	-0.0167845977605906	0.0002462881162881	0.0002817227219848	0.1049764215056257	0.0107754786083944	0.0001161109392399	0.0110200490721267	-0.1627484516507209	0.0667786198732826	0.026487058514707	0.0044593840721803	-0.0050740385272346	-7.39432117580997e-05	2.574586697586107e-05	5.467598565103173e-09	0.0039467613656583	-0.000150123725026	1.5576925277452965e-05	2.253713281568219e-08	0.0022780352952655	-0.0001847307535699	3.4125451314540045e-08	5.1894448064753735e-06	0.0	0.0	0.0	0.0	0.0	0.0	0.0	0.0	0.0	0.0	0.0	0.0	0.0	0.0	0.0	0.0	0.0	0.0	0.0	0.0	0.0	0.0	0.0	0.0	0.0
2235.27695199961	3.7095239789960033	13.76056815074634	4996463.052140667	2499.430538348297	-9.165424403860015	6247153.016028058	84.00500450287272	2382.832095270572	2.6598895529050424	5677888.794251545	7.075012433653386	2415.3310599853075	1707.5926301487905	1.15539	30.523989	0.1136222616717207	0.0716961496588039	-0.1128902951	-0.1047309618	0.0308738901	-0.0308537801	-0.0019271742	0.0723858556	-0.0285641926	0.0997604148	-0.0690335508	-0.0403319096	-0.0588867297	0.0570436097	-0.0880655868	-0.0494453186	0.0365279713	-0.0321274998	0.0601531081	0.0073228362	-0.0077591298	0.0153617117	0.0386694014	0.0048612281	0.0312808968	-0.1080116532	0.0105617536	0.0370416369	0.0606872265	0.1135501047	-0.0028246323	0.0623771234	-0.043853706	0.0934667743	0.0279086612	-0.1048195114	-0.0455806723	-0.0171748734	0.0364461317	0.0335442311	0.0516464149	-0.0517683328	-0.0654227263	0.0717993628	-0.0514139366	-0.0454346884	-0.016716705	-0.0260053252	0.0144011029	-0.0139279217	-0.003039215	-0.0162352588	-0.0156727884	-0.0392249351	-0.0858746513	-0.0420032481	-0.1116727016	-0.0280395399	-0.0421269137	0.061630408	0.1079099368	-0.1163665229	0.0608957641	-0.1049471388	0.0160615012	-0.01303461	-0.1335604571	0.0700209307	0.0012519585	-0.0222748979	-0.113939854	0.0968864454	0.0463286189	-0.0293562016	0.0826852406	0.0258814606	0.0189828861	0.006204712	-0.0241425606	-0.0398978028	0.0330014732	0.0005329291	-0.0235156985	0.0028499694	0.0700773761	0.0113909204	0.0176256247	-0.0178952924	0.003636794	-0.0258309342	0.0399052851	-0.0336969196	0.0926766784	-0.0382704282	0.0469489822	-0.0276578354	-0.0787557834	-0.0629121428	0.0064061583	0.0702792922	0.0744157659	0.0152996203	-0.0109716629940379	0.0047219062713707	0.0001203773888547	2.229639883561088e-05	0.0933711735481779	-0.0116052479574478	0.0001346817801538	0.0087181760497639	-0.1694943463303531	-0.0067458946796321	0.0287283334379536	4.550709502868984e-05	-0.0063999795822302	-0.0013259410549955	4.0959738652963446e-05	1.7581196813228444e-06	0.0035219525508556	-0.0004248088148026	1.2404149770478266e-05	1.8046252913407447e-07	0.0022178009097984	-6.02343854670998e-05	3.628181192599164e-09	4.918640875502611e-06	0.0	0.0	0.0	0.0	0.0	0.0	0.0	0.0	0.0	0.0	0.0	0.0	0.0	0.0	0.0	0.0	0.0	0.0	0.0	0.0	0.0	0.0	0.0	0.0	0.0
2242.832911277172	7.555959277562124	57.09252060417714	5030299.467908035	2550.266699947528	50.83616159923122	6503860.240861256	2584.3153261431507	2384.808716152025	1.9766208814530728	5687312.612634671	3.9070301089963215	2422.595563174588	1733.3953849472684	0.995538	26.300892	0.1229422368333807	0.0546082211119399	-0.0976899879	-0.0566918868	-0.0171217324	-0.0065305976	-0.0517666491	0.0599319607	-0.0729916645	-0.0746634501	0.0266281931	-0.0219207553	-0.057635017	0.0107652339	0.0171889541	0.0164989421	0.0248078086	-0.0094213064	0.0577912603	0.0078372747	-0.0674532526	0.0508551911	0.022517134	0.0622327561	0.0422570145	-0.0172018429	-0.0187351378	-0.0394816715	0.036142946	-0.0034398524	-0.0028281205	-0.0283521655	-0.0401124097	-0.0061778282	-0.0232491695	-0.0011058918	-0.007687112	-0.012632085	0.0137900582	0.0105331439	0.0353783478	0.0079541775	-0.0407848961	0.0203369638	-0.0444567635	-0.0430704755	-0.0507912095	0.077389502	0.0064621679	0.0241717578	-0.04296575	-0.0319643607	-0.0246206963	-0.0502786457	0.0064709469	0.0073086568	-0.0103638585	-0.0398206475	-0.0007907865	-0.0273252615	0.00675024	-0.0051554868	-0.0277852758	-0.0293304103	0.0611007998	0.0066903014	-0.0018528206	0.0537534392	0.0117035379	0.0093169315	-0.0916843826	0.0634705424	0.0027862928	-0.0527708684	0.0778246004	-0.0343986599	-0.0143889848	0.0384244342	-0.105781826	0.004932078	-0.0630917409	-0.0079177269	-0.0632030566	-0.0062654018	0.0172291989	-0.0274731988	0.0310952826	-0.0249728948	-0.0052332899	-0.0119963855	0.0507154908	-0.0446202798	0.0709894434	-0.0160744842	0.0462468756	-0.0292606206	-0.0793936715	-0.0606775209	0.010657419	0.0727503781	0.0717551168	0.0085347133	-0.0226048585501956	-0.0116331955561576	0.0005109796300743	0.0001353312388478	0.1127047826082616	0.0193336090600837	0.0003737884392881	0.0127023680227755	-0.2167793424732025	-0.0472849961428493	0.046993283323114	0.0022358708602292	-0.0060782431276212	0.000321736454609	3.694503951847434e-05	1.0351434622436925e-07	0.003936833035288	0.0004148804844323	1.5498654347734925e-05	1.7212581636286278e-07	0.0023749926922428	0.0001571917824443	2.47092564680475e-08	5.640590288206703e-06	0.0	0.0	0.0	0.0	0.0	0.0	0.0	0.0	0.0	0.0	0.0	0.0	0.0	0.0	0.0	0.0	0.0	0.0	0.0	0.0	0.0	0.0	0.0	0.0	0.0
2233.58140034167	-9.25151093550221	85.59045458971698	4988885.871952255	2526.1425507958256	-24.124149151702568	6381396.186941241	581.9745722935917	2381.6661151388416	-3.1426010131835938	5672333.484000542	9.87594112806255	2419.1279833278	1755.056232530057	1.015286	26.822609	0.0890607366940941	0.0363251197815513	-0.0580770954	-0.0652746826	-0.0679074743	0.0754980061	-0.0779794818	0.0747263789	-0.0340800947	-0.0739516487	0.0228782079	-0.0451346329	-0.0487377778	-0.0342037453	-0.0485191829	0.0012845651	0.0230345545	0.0033062826	-0.0174848412	0.0159125283	-0.0644467819	-0.0054532167	-0.0454884438	0.0451361044	0.064976722	0.0391028232	-0.0117619872	-0.0299342602	0.0316821289	0.0376092779	0.0576521884	-0.0751310845	0.0187295139	-0.010483524	-0.0106829096	-0.0034873013	0.0723478271	-0.0088137221	-0.0190565298	0.0547449363	0.1068127365	0.0224358375	0.0520839247	0.031842376	-0.0124183217	0.0015431848	0.0220374115	0.0843839945	0.0124772713	-0.0044295812	-0.0948759889	0.0223290874	0.0392632491	-0.0146635099	-0.0179996798	-0.0248175825	0.0199326005	0.0144367478	0.0568821339	0.0225837498	0.0352844889	0.0033151284	-0.1137620377	-0.0614187237	-0.0069939579	0.0529821237	-0.0093645872	0.0043323674	0.0574655425	-0.0094052454	-0.0645488398	0.0449174376	0.0197264083	-0.0595321399	0.0765700989	0.0066961079	0.0336052252	0.0030914707	-0.0520191223	0.0769089187	0.0082915986	0.0290881317	-0.1200448603	-0.0042139589	0.0157033457	0.0306728119	0.0093632543	-0.0490921868	-0.0478165594	-0.0393974101	0.1048434343	-0.0274523006	-0.0151324107	-0.0474707353	0.0455396975	-0.0308505711	-0.0799532077	-0.05833645	0.0148794683	0.0749343514	0.0687090676	0.0017099414	-0.0151131439786666	0.0074917145715289	0.0002284071209199	5.612578722125994e-05	0.1063600557404242	-0.0063447268678373	4.025555902745771e-05	0.0113124614571061	-0.1896461619130747	0.0271331805601277	0.0359656667283601	0.0007362094873084	-0.0056894621892935	0.0003887809383276	3.236998000340039e-05	1.5115061800696641e-07	0.0035232365217225	-0.0004135965135654	1.2413195587999262e-05	1.710620760335365e-07	0.002215547850244	-0.0001594448419987	2.5422657640022163e-08	4.908652276720811e-06	0.0	0.0	0.0	0.0	0.0	0.0	0.0	0.0	0.0	0.0	0.0	0.0	0.0	0.0	0.0	0.0	0.0	0.0	0.0	0.0	0.0	0.0	0.0	0.0	0.0
2234.439531382012	0.8581310403419593	0.7363888823983734	4992720.019402665	2510.009082395639	-16.133468400186757	6300145.593708597	260.28880261982465	2387.3766227390456	5.710507600203982	5699567.138800891	32.609897051987446	2424.7056968647576	1702.9990081238889	1.111104	29.354012	0.0335758621259978	0.0199603643336524	-0.0586438169	-0.0440838649	0.0137822636	-0.0250380358	-0.0554794352	0.0476612421	-0.0180113463	0.0145397709	-0.0498290431	-0.0279287683	-0.0465736205	0.0335563037	0.0460917621	-0.0169174253	0.0246973739	-0.0026618987	0.0505416651	-0.0041722553	-0.0850642842	0.0227950886	-0.0012870891	0.0630468595	0.0545985386	-0.0073336957	-0.0955047508	-0.0561844971	-0.0251027113	0.0054389668	0.0595308632	-0.0594526514	-0.0019932632	-0.0349979271	0.0185390967	-0.0191061784	-0.1230453581	0.09240548	0.0879956502	-0.0144721644	-0.0050964859	0.0994516507	-0.0242485887	0.0507813147	-0.0269171403	-0.0206994705	-0.0387064049	0.0989047694	-0.0449055085	0.1111762967	-0.0065858628	-0.0501305722	0.0229960862	-0.0697876199	-0.0745670555	0.004365151	-0.0006136571	-0.0387071655	0.0877902563	0.0447536575	0.0867578261	0.0152202818	-0.0794981196	-0.0333303848	0.0048860352	0.0187019922	-0.0072201929	0.0203046755	0.00504029	0.0176139412	-0.0543650105	0.0413411849	0.0009886993	-0.0440127082	0.100594262	0.0159885219	0.0032893312	0.1131646544	-0.1113329478	-0.0006298788	-0.017236984	-0.0514132746	0.0197935323	0.0532315884	0.0834699427	-0.0440897276	0.0139222308	-0.0851887929	-0.0279472646	0.0115096065	0.0863658413	-0.0219931601	0.039421338	0.0210841263	0.0448275254	-0.0324269895	-0.0804338397	-0.0558930371	0.0190607341	0.0768225931	0.0652939789	-0.0051268245	-0.0147594103523118	0.0003537336263547	0.0002178401939479	1.251274784141171e-07	0.0922468773017897	-0.0141131784386345	0.0001991818056407	0.0085094863719314	-0.2012083797358883	-0.0115622178228135	0.0404848120759414	0.0001336848809821	-0.0055399583055682	0.0001495038837253	3.069113802743409e-05	2.2351411248948027e-08	0.0035239058092821	6.692875595998467e-07	1.2417912152692132e-05	4.479458374351183e-13	0.002214786376765	-7.614734790000952e-07	5.798418592205083e-13	4.905278694703837e-06	0.0	0.0	0.0	0.0	0.0	0.0	0.0	0.0	0.0	0.0	0.0	0.0	0.0	0.0	0.0	0.0	0.0	0.0	0.0	0.0	0.0	0.0	0.0	0.0	0.0
2226.771107562083	-7.668423819928648	58.80472388204908	4958509.565473267	2507.725784074015	-2.283298321623988	6288688.6081096325	5.213451225530921	2377.802826259447	-9.573796479598514	5653946.280567414	91.65757903277289	2415.4137854688206	1689.4107674695774	1.038923	27.447073	0.104873271424989	0.0646188437317121	-0.0356806974	-0.0593827968	0.0059170528	-0.002519077	-0.0655471867	0.030559143	-0.0025656872	0.0006924381	-0.0238248583	-0.0154272874	-0.0372501417	0.0547563398	-0.0227542149	-0.0664596972	0.020596207	0.017586963	-0.0223816032	0.0597322302	0.0131827316	0.0244439861	0.0429434769	0.0098866201	0.0200032268	-0.0474211083	-0.0507899231	0.0003299394	-0.0010576523	-0.0112006909	0.0387412291	0.0436993773	-0.0567488724	-0.0168002049	-0.0106437248	0.0644243246	0.0470377716	-0.0376553061	-0.0662702247	0.0475129969	-0.046668847	-0.0415741384	-0.0010132528	-0.0105050906	-0.0152398827	0.0242059717	0.0130362645	0.012818834	0.0491911219	0.0646454312	0.0426869651	-0.0610144466	-0.0009353198	-0.0244989347	0.0290999745	-0.0066130077	-0.0090542135	-0.0329461425	0.0159209426	0.0527965253	0.0108266524	2.70669e-05	0.0373303141	0.03651458	-0.0047477118	-0.0527438996	0.0625259085	-0.0136742679	0.0437660859	-0.0291411633	-0.0633830751	0.0315143423	0.0077421085	-0.0778708729	0.0004532938	-0.0139141497	-0.0234922415	0.039287353	-0.0388902462	0.0167650713	0.0562945556	-0.0450205805	-0.0205190243	-0.0200661121	-0.008558566	-0.0875211466	0.1340753182	-0.0060180334	0.0024574846	-0.0532182832	0.066211124	-0.0380446326	-0.0024401094	0.0022140698	0.0441104375	-0.0339891844	-0.0808350932	-0.0533515689	0.0231897558	0.0784076511	0.0615281933	-0.0119276293	-0.0216984337198198	-0.006939023367508	0.0004708220258934	4.815004529482207e-05	0.1114083035511868	0.0191614262493971	0.000367160255911	0.0124118101001533	-0.2004820968228244	0.0007262829130638	0.0401930711464763	5.274868698085802e-07	-0.006430295734754	-0.0008903374291857	4.134870323639548e-05	7.927007378091785e-07	0.0035260716191973	2.1658099152001638e-06	1.243318106370867e-05	4.690732588779339e-12	0.0015463588379656	-0.0006684275387994	4.467953746254236e-07	2.3912256557543206e-06	0.0	0.0	0.0	0.0	0.0	0.0	0.0	0.0	0.0	0.0	0.0	0.0	0.0	0.0	0.0	0.0	0.0	0.0	0.0	0.0	0.0	0.0	0.0	0.0	0.0
2227.316099886428	0.544992324345003	0.2970166335949689	4960937.00881329	2499.1393642140856	-8.586419859929265	6245697.561764384	73.7266060109877	2383.7005840799084	5.8977578204612655	5682028.474542896	34.78354730881202	2416.015949159591	1679.3352369731058	1.01901	26.920982	0.1200515877633288	0.0623198115412228	-0.0369068734	-0.0339776592	0.0283387608	0.0002424198	-0.0424576824	-0.0091057071	0.0085601614	-0.023930963	-0.0130845749	-0.0257138944	0.0185995739	0.0271374137	0.0511838348	0.0246576157	0.045424296	0.0046463839	-0.0097792896	0.0518433404	-0.0349902089	0.0144855051	0.0027378892	-0.0465071334	0.0627655373	-0.0019616345	0.0235957061	-0.074553889	0.0699844319	0.07199534	0.0091181379	-0.00103459	0.0563288671	0.0495401467	-0.0610614439	-0.0099380512	0.0413831978	0.0514635186	-0.013761195	-0.0983865732	-0.0047173446	0.016417333	-0.1373071441	-0.0365659177	-0.0257875475	0.018142916	0.036784309	0.0314333182	0.0167545258	0.0692430865	-0.0284220474	0.0348422497	-0.0216350646	0.0219532987	0.0052810333	-0.06846869	0.0164714853	-0.0387583536	-0.0049572058	-0.0590793585	-0.0114946483	-0.0565472288	0.0534633802	-0.0990559452	0.0017068995	0.0181678384	-0.0163458492	-0.0287158663	-0.0040585087	-0.0632363686	-0.0435656923	0.0269036896	-0.0009715289	-0.0779500913	0.0587391467	0.0143948901	0.0244094114	0.0201804922	-0.0092498113	0.0550167969	0.0045704183	-0.0226304634	-0.0196279914	0.0028653044	0.047956715	-0.0671403107	0.0301453216	0.0776673883	-0.0706065414	-0.0774185527	0.066022486	-0.0022899108	0.0797724751	0.0405829892	0.0433885123	-0.0355364705	-0.0811565722	-0.0507165039	0.0272552159	0.0796832699	0.057431937	-0.0186447705	-0.0106800958067623	0.0110183379130575	0.0001140644464416	0.0001214037703663	0.0948628657960881	-0.0165454377550987	0.0002737515105078	0.0089989633070466	-0.1944426227799667	0.0060394740428576	0.0378079335535524	3.647524671435167e-05	-0.0058550998103754	0.0005751959243785	3.428219378945805e-05	3.3085035142175145e-07	0.0039012439504211	0.0003751723312237	1.5219704360697227e-05	1.4075427811590046e-07	0.0023249573434095	0.0007785985054439	6.062156326794748e-07	5.40542664867376e-06	0.0	0.0	0.0	0.0	0.0	0.0	0.0	0.0	0.0	0.0	0.0	0.0	0.0	0.0	0.0	0.0	0.0	0.0	0.0	0.0	0.0	0.0	0.0	0.0	0.0
2232.341179729845	5.025079843416734	25.251427432713143	4983347.142717636	2509.1504972087805	10.01113299469489	6295836.21764307	100.22278383746868	2385.4812827732253	1.7806986933169355	5690520.950461392	3.1708878363806416	2417.408029842549	1665.894856262207	0.918087	24.25473	0.1303546450206067	0.0662003374410623	-0.0218742559	-0.0171951161	0.0231143836	-0.0463611036	-0.0849132119	0.0106634636	-0.0137615268	-0.0135153644	-0.0155499443	0.0120742903	-0.0166007891	-0.0262835982	-0.015463781	0.0142978113	0.0135818797	-0.0293959374	0.0022205435	0.0748937259	-0.0432224583	-0.0173418707	0.0092285768	-0.0076980297	0.0155091238	-0.0349307084	0.0039549265	-0.0376900741	-0.0081510774	-0.0479002135	-0.0144888976	-0.0595138059	0.0045531285	0.0354228314	0.0973032076	0.076551459	0.0749312205	-0.1088682238	-0.040543998	0.010741187	-0.0108839955	0.0248563535	0.0419210345	-0.0401872948	-0.0101534857	-0.0167009446	0.0157667683	0.0153851964	0.0430620407	0.039640425	0.0074016429	0.0401546286	-0.0416266009	0.0249422488	0.0131797054	0.011962382	0.031208515	-0.0667499123	0.0711405454	0.0369411591	-0.0093139016	-0.0184809275	0.0062728818	0.0350832787	-0.0920318187	0.0162664297	0.0647780806	-0.0185454673	0.0278528611	0.0573673295	-0.0345470036	0.0053750849	-0.0161482462	-0.1164118379	0.0595873692	-0.0337812175	0.0159484409	0.006547984	-0.0391996957	0.0217176019	0.0213510088	-0.0035247406	-0.0747007133	-0.0432337735	0.0614922031	-0.044294564	0.0325960125	-0.0074408504	-0.0022641442	-0.0149801138	0.0565723	0.0144072242	-0.0505683273	-0.0331226107	0.0426618292	-0.0370681691	-0.0813979594	-0.0479924649	0.0312459714	0.0806444153	0.0530272111	-0.0252311319	-0.0127244167534996	-0.0020443209467373	0.0001619107817167	4.179248133268891e-06	0.1332023558664303	0.0383394900703422	0.0014699164988538	0.0177428676083671	-0.245584389207309	-0.0511417664273422	0.060311692222327	0.0026154802733088	-0.0055329957813421	0.0003221040290333	3.061404231634948e-05	1.037510055194851e-07	0.004315734277863	0.0004144903274419	1.862556235712167e-05	1.718022315428935e-07	0.002284970348361	-3.998699504849986e-05	1.5989597730087523e-09	5.22108949288899e-06	0.0	0.0	0.0	0.0	0.0	0.0	0.0	0.0	0.0	0.0	0.0	0.0	0.0	0.0	0.0	0.0	0.0	0.0	0.0	0.0	0.0	0.0	0.0	0.0	0.0
2228.7261988856503	-3.6149808441946334	13.068086503894143	4967220.46959928	2532.572159952192	23.421662743411616	6413921.745364912	548.5742856661158	2381.5070996491804	-3.9741831240448846	5671576.065679451	15.79413150344316	2419.5799885037577	1737.5116277728966	1.070601	28.283978	0.0780127612866132	0.0381906468149488	0.0006796037	-0.0078948144	-0.0754876298	0.0406079875	-0.1037826426	0.0728921845	-0.0289414062	-0.1289108944	-0.0022506044	0.0513621505	-0.0839676178	0.0029941119	-0.1205949539	0.0875563165	0.0077644512	0.0105826571	-0.1017738303	0.0768539751	-0.0634772375	-0.0149817343	0.0260360493	-0.016215706	0.0291615367	-0.0130610072	0.0413886919	0.0178424767	-0.0255220627	-0.0454458199	-0.0003773261	0.0321155351	-0.0157421808	-0.0434277757	0.0778087523	0.0490771565	-0.068049902	-0.0592063698	-0.0804272329	0.0247837389	0.0050922892	-0.0090984931	-0.0261249741	-0.0184756985	0.0373206786	0.0415977847	0.0806942755	0.0710322336	0.0833718594	-0.0996710094	-0.0146669474	0.0657835928	-0.0562857535	-0.0045948871	-0.0164085196	0.0050435391	-0.0109857356	-0.0530117985	-0.047180174	0.0385380342	-0.0085891359	0.0586811869	-0.0356914713	0.0359107657	-0.0755633647	0.011688273	0.0005228962	0.0334099173	-0.0096641244	0.028248598	-0.0291596229	-0.0105135737	-0.0022186092	-0.1048300102	0.0434901734	-0.0186938307	0.0289820906	0.0293477243	-0.0595540681	0.0941060822	0.0592562605	0.0325109141	-0.0065700969	-0.1160670104	0.0183219389	0.0526136456	0.0306305915	0.064846674	0.0206142945	-0.0560647077	0.1071511639	0.0280008289	-0.0201506231	-0.0272218643	0.0419304676	-0.0385836084	-0.0815590168	-0.0451842308	0.0351510839	0.081287294	0.0483376736	-0.0316405151	-0.0228225545452716	-0.010098137791772	0.0005208689959718	0.0001019723868616	0.1234934537035314	-0.0097089021628989	9.42627812087431e-05	0.0152506331076262	-0.2123646055128816	0.0332197836944273	0.0450987256746418	0.0011035540287045	-0.0057851493344814	-0.0002521535531392	3.346795282225059e-05	6.358141436077367e-08	0.004137143069594	-0.0001785912082689	1.7115952778289666e-05	3.1894819670981266e-08	0.002215996357019	-6.89739913420002e-05	4.757411481646318e-09	4.910639854321479e-06	0.0	0.0	0.0	0.0	0.0	0.0	0.0	0.0	0.0	0.0	0.0	0.0	0.0	0.0	0.0	0.0	0.0	0.0	0.0	0.0	0.0	0.0	0.0	0.0	0.0
2208.90588846417	-19.82031042148037	392.8447052038434	4879265.224091684	2471.327950093284	-61.24420985890811	6107461.836912273	3750.853241241977	2374.1086657980213	-7.398433851159098	5636391.957017261	54.73682344997684	2409.143647178388	1711.700531535805	1.173084	30.991444	0.0951921988820211	0.0448808635931042	0.0200320848	-0.0526772483	-0.0247430389	0.0870747211	-0.1019382144	0.0326753068	0.0700409517	-0.0147117737	-0.0829565724	0.0639530992	-0.0421275907	-0.0019274871	-0.0393701853	-0.0930286457	-0.005486012	0.0108741795	-0.0639554695	0.018711216	0.033924871	-0.0361308382	-0.034586879	0.0187356325	0.0637513998	-0.0428177831	0.0042201124	0.011486803	0.002972253	-0.015972842	-0.0026434683	0.1481018781	0.0137261423	-0.0069279615	0.0284867551	-0.0412275621	0.0235516034	-0.0811056401	0.0036312526	0.0360832522	0.0742999731	0.0922424932	0.097285981	-0.0303206598	0.032882023	0.0517246978	0.0669384209	-0.014862442	0.0160969795	0.0101316331	0.026338859	0.0069875054	0.0652437087	-0.0473793467	-0.0890100188	-0.0492796243	0.0042574627	-0.0253767047	-0.101230322	0.1314406927	-0.0836348254	-0.0636612086	0.0406300047	-0.0065997047	0.0273184024	0.0068431189	-0.0772580609	-0.0684580617	0.0321414846	0.0220658226	-0.0219304863	0.0087141367	-0.007707693	-0.1192462295	0.0349043309	0.019828299	0.0219364105	-0.0006973269	-0.0127913056	0.0399113154	0.0269030392	-0.0566077472	-0.0011996671	-0.0521236305	0.0225546437	0.0535833014	0.0760930666	-0.0589307581	0.0148813381	-0.047560591	0.0572386019	0.0026141634	0.0432504985	-0.0531330552	0.041194508	-0.0400821236	-0.0816395852	-0.0422967282	0.0389598496	0.0816093689	0.0433885123	-0.0378279629	-0.0398894262312694	-0.0170668716859977	0.0015911663250598	0.0002912781091463	0.0904794138475892	-0.0330140398559422	0.0010899268276097	0.0081865243302033	-0.1919974075474755	0.0203671979654061	0.0368630045049514	0.000414822752962	-0.0057458969321558	3.925240232559996e-05	3.3015331554957434e-05	1.5407510883307646e-09	0.0043638413608249	0.0002266982912308	1.9043111422446116e-05	5.13921152470098e-08	0.001987065263082	-0.000228931093937	5.240944577119153e-08	3.9484283597471375e-06	0.0	0.0	0.0	0.0	0.0	0.0	0.0	0.0	0.0	0.0	0.0	0.0	0.0	0.0	0.0	0.0	0.0	0.0	0.0	0.0	0.0	0.0	0.0	0.0	0.0
2221.9102136028064	13.004325138636432	169.11247231137145	4936884.9973124685	2478.3328565910683	7.0049064977843045	6142133.748058844	49.06871504270077	2375.580108974291	1.4714431762695312	5643380.854154304	2.165145020990167	2406.893756445665	1650.034658388606	1.161108	30.675047	0.0641259193333723	0.0302817826129958	-0.0048108745	-0.0240049617	0.052569729	-0.0033124652	-0.0466746952	-0.0570208469	0.0182596661	0.057693113	-0.0454370797	-0.0073374379	-0.0019016777	0.0312113079	-0.040217268	0.0630728062	0.0024176559	0.004441136	-0.0120475181	-0.016357693	0.0250747049	0.0508480031	-0.0207667948	0.0358315092	-0.0135258836	0.0017295713	0.0129545067	0.0270511116	0.0783669232	0.0088442153	0.0247635678	0.0982882164	0.0238508057	-0.0270376868	0.0412852202	0.0016455345	-0.0497215478	0.0156629414	0.0444241123	0.04444692	0.0865504598	0.1374203872	-0.0656155677	0.0224002502	0.0013275492	0.0015931716	0.010285943	-0.0248915422	-0.0104297668	-0.050730624	-0.0413485919	-0.0136184159	-0.0586298175	-0.0252500801	-0.0239474842	0.0262092114	0.0146805458	0.0157116738	-0.0136679269	0.0579904139	-0.0131842655	-0.0791167285	-0.0733923342	-0.0806350348	-0.0137533821	-0.0341938533	-0.1024281745	-0.1105901659	-0.0453384599	-0.0420048684	-0.0230301318	0.011101117	-0.021603113	-0.0932266242	0.0208935037	0.0063975126	0.0111056507	-0.014559468	0.0304399405	0.0304286484	-0.0386138293	0.0064635766	-0.039169231	-0.0528953341	0.0823001201	-0.057403056	0.0108909683	-0.0654244057	0.0211993781	-0.0400652146	0.0532115734	-0.0448649119	0.0965511536	-0.0494614504	0.0404540309	-0.0415630576	-0.0816395852	-0.0393350228	0.0426618292	0.0816093689	0.0382063093	-0.0437500746	-0.0386994144786712	0.0011900117525981	0.0014976446809919	1.416127971321832e-06	0.102190668759718	0.0117112549121287	0.0001371534916168	0.0104429327815584	-0.1843272286531601	0.0076701788943153	0.0339765272229543	5.88316442708014e-05	-0.0060500935305861	-0.0003041965984302	3.660363172883977e-05	9.253557049656505e-08	0.0040387720787891	-0.0003250692820358	1.6311679904406427e-05	1.0567003812327046e-07	0.0017452416680615	-0.0002418235950204	5.847865110863872e-08	3.045868479938087e-06	0.0	0.0	0.0	0.0	0.0	0.0	0.0	0.0	0.0	0.0	0.0	0.0	0.0	0.0	0.0	0.0	0.0	0.0	0.0	0.0	0.0	0.0	0.0	0.0	0.0
2222.5422501944204	0.6320365916139963	0.3994702531390375	4939694.053899278	2509.881843680766	31.548987089697675	6299506.869238361	995.3385863859106	2375.5751190185547	-0.0049899557361641	5643357.14610002	2.489965824887721e-05	2411.4220515935804	1729.9775859170331	1.109443	29.310137	0.1060417743219707	0.0535341884701215	-0.0117896315	-0.0312179183	-0.0495426743	0.1132142697	-0.0306923465	0.0178626802	0.0055886029	-0.0664126542	0.0577709833	-0.058403673	-0.0241702093	-0.0316445282	0.0123452217	-0.0476392098	-0.0141323582	0.0144603107	0.0053222165	0.0303439147	0.0760664248	-0.0392310025	-0.0477652054	0.0123010469	0.0524987377	0.0260326656	0.0445479821	0.0040525493	0.0365825759	0.0262984528	0.0745109906	-0.0324505676	0.0090920489	-0.0457822606	0.0030555867	0.0950147893	0.0359732997	0.0661986809	-0.0535584574	0.0267240524	0.1054953217	0.046326887	0.020743701	0.1044217778	0.0204605059	0.0191468812	0.0126262075	-0.0292534554	0.0213105518	0.0383325667	-0.1157099715	0.031270054	0.0512324108	-0.0071845624	0.0292384537	-0.0244732462	0.023234539	-0.011650508	0.0120264999	0.0208428493	-0.0115966581	0.0044701867	-0.0899745599	-0.0615758502	-0.0332498208	-0.0410986622	0.0043655284	-0.0237035812	-0.0334549615	-0.0341626264	-0.0299622913	0.018737041	0.0097496689	-0.0370765876	0.0336583999	0.0072779817	0.0256690307	0.0020702143	-0.0112729602	0.0154258451	-0.0130839296	-0.003828513	-0.1106379707	-0.0007341746	-0.0236681797	0.0683508824	0.0228806215	-0.0381624274	0.0007609418	-0.0156625383	0.0188403148	0.0294828199	-0.0340908268	-0.0663720911	0.0397091175	-0.0430257605	-0.0815590168	-0.0363043104	0.0462468756	0.081287294	0.0328188985	-0.049365311	-0.0371729204619839	0.0015264940166873	0.0013818260156729	2.3301839829821286e-06	0.0932336414783776	-0.0089570272813404	8.022833771867623e-05	0.0086925119033186	-0.168902128271057	0.015425100382103	0.0285279289344925	0.0002379337217979	-0.0068939572717796	-0.0008438637411935	4.752664686512282e-05	7.121060137010905e-07	0.0037652173961719	-0.0002735546826171	1.4176862040435502e-05	7.483216438179694e-08	0.0012599970390354	-0.0004852446290261	2.354623499986774e-07	1.5875925383779754e-06	0.0	0.0	0.0	0.0	0.0	0.0	0.0	0.0	0.0	0.0	0.0	0.0	0.0	0.0	0.0	0.0	0.0	0.0	0.0	0.0	0.0	0.0	0.0	0.0	0.0
2216.142495935638	-6.399754258782195	40.95685457280085	4911287.56229184	2492.920162371735	-16.961681309031064	6214650.935959517	287.69863282913377	2373.1753331059995	-2.399785912555217	5631961.161662771	5.758972426098475	2408.6326292841604	1689.615251013476	0.928841	24.538851	0.1147197513945143	0.0641055696877342	0.0096257013	-0.0232776186	-0.0014608379	0.041919277	-0.0452559569	-0.0142245581	0.0230861393	-0.0232416365	-0.0115720128	0.0264170735	-0.053623177	0.0254784597	-0.0332685555	0.0761985179	-0.003284359	0.0086044175	-0.0206887095	-0.0508263767	0.0519326179	-0.0193487897	-0.0719345279	0.0585193039	0.0678479893	-0.0075597447	-0.0295039235	-0.0452491333	0.0417124095	-0.0036070566	-0.0090560544	0.0268672779	-0.0451617283	0.0379788556	0.0454825203	-0.0450807686	-0.1195008476	-0.0407919755	-0.0802024377	0.0531310458	0.0714974371	-0.0149167172	0.025526449	-0.0107716271	0.0093569514	0.0191090915	0.0136587374	-0.0310077138	-0.0332663269	-0.0192426403	-0.0676495918	-0.0152546981	0.0152220201	-0.0569105517	-0.0850378452	0.0465372292	0.0428887653	-0.0764493545	-0.0034168159	-0.0417364115	0.0511758355	0.0266566322	-0.0053501628	-0.0042043342	0.0212175755	-0.0275936316	-0.0567514332	-0.0109066167	0.0064180842	-0.0816791285	-0.017291081	-0.0021710552	-0.0082501164	-0.0606489718	0.0224664258	0.0140259322	0.0130867312	0.0356584683	-0.041970038	-0.0049223992	-0.0531428449	0.0032716881	0.0010846739	-0.0584511388	0.0457168713	0.0959254956	0.0111264633	0.0049506311	-0.0066800061	-0.0401907728	0.0190885913	-0.0272852206	0.0494562567	-0.0274135243	0.0389598496	-0.044469591	-0.0813979594	-0.0332099078	0.0497051625	0.0806444153	0.0272552159	-0.0546342852	-0.0415286645517625	-0.0043557440897785	0.0017246299794528	1.897250657564117e-05	0.0644980659106408	-0.0287355755677367	0.0008257333032091	0.0041600005062133	-0.140563172236213	0.0283389560348439	0.0197580053891072	0.0008030964291448	-0.0058699591331463	0.0010239981386333	3.445642022480766e-05	1.0485721879244632e-06	0.0038018315076855	3.661411151359992e-05	1.4453922812830202e-05	1.34059316193033e-09	0.0012651743029316	5.177263896199904e-06	2.680406145089501e-11	1.6006660167984598e-06	0.0	0.0	0.0	0.0	0.0	0.0	0.0	0.0	0.0	0.0	0.0	0.0	0.0	0.0	0.0	0.0	0.0	0.0	0.0	0.0	0.0	0.0	0.0	0.0	0.0
2212.515052292228	-3.6274436434100608	13.158347386116056	4895222.856619681	2462.669936906046	-30.2502254656888	6064743.218140829	915.0761407250072	2372.6774162624192	-0.4979168435802421	5629598.1216417095	0.2479211831209113	2402.536485337435	1647.1886934794352	0.994607	26.276287	0.0937185604807649	0.053239394109164	0.0102412091	-0.0131405184	0.0543395748	-0.039493844	-0.0359479099	-0.0310171607	0.0624719656	0.0799950806	-0.0216726531	0.0085227903	0.0144730169	0.0880914721	0.0216903363	-0.0073472008	-0.0114994116	0.0094381218	-0.0435055828	-0.0242403105	0.0408790745	0.0694657372	-0.0210606799	-0.0074041697	-0.0668064373	-0.0372616987	-0.0433312205	-0.0099128823	-0.0469031537	0.0204594797	-0.0729527471	-0.0421692442	-0.0570038381	-0.034893027	0.0483929395	-0.0479383784	0.0346749839	-0.021876127	0.0442081029	-0.0139286313	0.0387176003	0.0155860964	-0.0312136529	0.0174898181	0.0089579867	0.0252635304	0.01429756	-0.0588444026	-0.0297588408	-0.0640739493	0.0901008264	-0.0885760841	-0.0345782698	-0.0172515181	0.0033308051	0.0185551835	-0.010574565	-0.0221558122	-0.0746400989	0.082648763	-0.0485313375	0.0207914771	-0.0943569683	-0.0714400583	0.0398297733	0.0844682203	-0.0145323148	0.0088267501	0.0570491019	0.0394223836	-0.0064397436	-0.0075095638	0.000772996	-0.0793119802	-0.0006975046	0.0134283366	-0.0223338278	0.0212544316	0.0062762346	0.0538884717	0.045103363	-0.0325484719	0.1052644859	-0.068554193	0.0418550271	-0.0538442004	0.0129136364	0.002764381	0.0011422717	-0.0470838766	0.0564755047	-0.0262484424	0.0286560667	0.0217193415	0.0382063093	-0.0458939156	-0.0811565722	-0.0300572439	0.0530272111	0.0796832699	0.0215451443	-0.0595200392	-0.05494440203978	-0.0134157374880175	0.0030188873155089	0.0001799820123473	0.0831083697822379	0.018610303871597	0.0003463434101931	0.0069070011278611	-0.1396978560454727	0.0008653161907403	0.0195154909837016	7.487721099573331e-07	-0.0067312187442136	-0.0008612596110673	4.530930578245252e-05	7.417681176557978e-07	0.0041532874662235	0.000351455958538	1.7249796777089223e-05	1.2352129079186464e-07	0.0012690027919345	3.828489002900013e-06	1.4657328045326334e-11	1.6103680859375558e-06	0.0	0.0	0.0	0.0	0.0	0.0	0.0	0.0	0.0	0.0	0.0	0.0	0.0	0.0	0.0	0.0	0.0	0.0	0.0	0.0	0.0	0.0	0.0	0.0	0.0
2212.80067658033	0.2856242881020989	0.0815812339538308	4896486.834274367	2482.337578616925	19.6676417108788	6161999.854213738	386.8161304674995	2370.998705988345	-1.678710274074092	5621634.863798407	2.818068184281913	2400.693853174799	1637.9429585987937	0.925767	24.457642	0.0891318614757655	0.0507510751608479	0.0467944268	0.0195688599	0.0429757272	-0.0243539845	-0.042446376	-0.0388668281	0.0402983158	0.0381897053	0.0168789531	-0.0052768877	0.021574902	-0.0140476619	0.0060685416	0.0189081444	0.0042916794	0.0116546783	-0.0258993519	-0.0362182794	0.0788138464	0.0509278003	-0.0189688087	0.0032170737	0.0306815974	-0.0338230664	0.0111363085	0.0779518236	-0.0395586761	0.038914095	-0.0304147244	0.1104043405	-0.0793032782	0.0630168364	-0.0273758988	0.0112814001	0.0188800904	0.0016542985	0.0455539272	-0.0008610758	0.0071795593	-0.030657523	-0.0500671049	0.0351055515	-0.005881583	0.0321909649	0.0244375591	-0.0896249647	-0.0369967407	0.024808886	0.0361571186	-0.0507740041	-0.0222747173	0.032454106	-0.0145713182	0.0073163152	-0.0512068737	-0.0090446506	-0.0720056907	-0.002832422	-0.0846468622	-0.0062702748	0.0504927479	-0.0081848714	0.0218116917	-0.1163734088	0.0007236446	0.0611088216	0.0057389711	-0.0185955833	0.0070974112	-0.0290743637	-0.0224731509	-0.0936582544	0.004580018	0.0188948575	0.0036211445	0.0488942728	-0.0155000987	0.0246349693	-0.0214634726	-0.0685266653	0.0163296451	-0.0101823029	0.0567428342	-0.0478747669	0.0729573411	0.0085125364	-0.0008058069	-0.0305653149	0.0163155872	-0.0071518625	-0.0119733472	-0.0043707136	0.0374485793	-0.0472981097	-0.0808350932	-0.0268518493	0.0562039158	0.0784076511	0.0157193527	-0.0639883028	-0.0476735365648153	0.0072708654749647	0.0022727660885967	5.286548475503366e-05	0.0952457372040669	0.0121373674218289	0.0001473156879324	0.0090717504555461	-0.1630062707349395	-0.0233084146894668	0.0265710442989123	0.0005432821953361	-0.0059473030831395	0.0007839156610741	3.53704139627206e-05	6.145237636772439e-07	0.0040830551960147	-7.023227020880058e-05	1.6671339733702637e-05	4.932571778681977e-09	0.0013431591384417	7.415634650720002e-05	5.4991637272959165e-09	1.8040764711794495e-06	0.0	0.0	0.0	0.0	0.0	0.0	0.0	0.0	0.0	0.0	0.0	0.0	0.0	0.0	0.0	0.0	0.0	0.0	0.0	0.0	0.0	0.0	0.0	0.0	0.0
2215.245730250004	2.445053669673598	5.978287447584329	4907313.645390873	2494.192626953125	11.85504833620007	6220996.860347331	140.54217105364006	2376.7449699070144	5.746263918669229	5648916.651978294	33.01954902299984	2410.72288416609	1623.2645120083928	0.947428	25.029886	0.0913987453057164	0.0468911748081244	0.0177948813	0.0043550258	0.090406871	-0.0621978147	-0.0109430476	-0.0533913842	0.0145274514	0.03348518	0.0410658197	-0.0177066357	0.0092212902	0.0321044713	0.0349114354	-0.0088324273	0.0214161668	0.0082052036	0.0251451568	-0.0243116297	0.0035768614	0.0091392355	-0.0083752345	0.0190227599	0.0564076896	0.0339684293	-0.0398150884	0.0239934878	-0.0843418441	0.0363180607	0.0143395413	0.0187853264	0.023852911	-0.0069912961	-0.0934730595	0.063909818	0.010919753	-0.0193664425	0.0034080181	-0.0794768927	-0.0351217279	-0.0633050658	-0.0374976232	-0.0137824306	-0.033670245	-0.0024832853	-0.0280962206	-0.0001468112	-0.0508875701	0.0472174969	-0.0353697106	2.68887e-05	-0.014393222	0.0001596043	-0.0089931073	-0.0158566152	-0.0125832374	0.0069999812	0.0098645743	0.0041718662	-0.0845350882	0.0762122255	0.0288038255	-0.0254913626	0.089799534	-0.0147579886	0.0432311266	-0.0009820151	0.0245225028	-0.0201329831	0.0083462987	-0.0075176803	-0.0237951123	-0.0726579743	0.0238240693	0.022883194	-0.0201720294	0.0008643841	0.0140312535	0.0002868303	-0.0783320263	-0.0339758704	0.0208632487	0.0144540681	0.0724709105	-0.026319294	0.064493126	0.0564177386	-0.022123803	-0.0478653289	0.001926774	-0.0005463191	0.0131219306	0.0685653377	0.0366867426	-0.0486815572	-0.0804338397	-0.0235993474	0.0592265694	0.0768225931	0.0098091318	-0.0680077345	-0.0479740624456184	-0.0003005258808031	0.002301510667536	9.031580503247906e-08	0.0734617612600629	-0.0217839759440039	0.0004745416079289	0.0053966303674304	-0.1245262851946051	0.0384799855403344	0.0155067957043681	0.0014807092871843	-0.0062709200147693	-0.0003236169316297	3.9324437831634194e-05	1.0472791843748657e-07	0.0039347910826856	-0.000148264113329	1.5482580864382115e-05	2.19822473012642e-08	0.0011983550245891	-0.0001448041138526	2.0968231388636743e-08	1.4360547649579423e-06	0.0	0.0	0.0	0.0	0.0	0.0	0.0	0.0	0.0	0.0	0.0	0.0	0.0	0.0	0.0	0.0	0.0	0.0	0.0	0.0	0.0	0.0	0.0	0.0	0.0
2234.8200069238624	19.57427667385855	383.15230730476287	4994420.463347172	2520.8437299586053	26.65110300548031	6354653.110871614	710.2812914087216	2386.634285968283	9.8893160612688	5696023.214959336	97.79857215966906	2417.531720842634	1670.1137099123289	1.049805	27.73455	0.1455988461430035	0.0659677713349185	-0.0037212187	0.0362260395	0.0380641946	-0.0635936209	-0.0442274029	0.0044091467	-0.051506596	0.0611674963	-0.0113328865	-0.0058703691	0.0099362063	-0.0485012257	-0.0639591883	-0.0297875581	0.0108481439	-0.0452605018	0.1020939422	0.040112556	0.0091491396	-0.0052317746	0.0303929439	-0.009096636	0.0047934101	-0.0783991812	0.0004972196	0.0144030685	-0.0608352939	-0.0712209663	0.0679652807	-0.0402986166	0.0847438285	0.0565777245	0.0149010706	0.0374960172	-0.0692435513	0.0027090285	0.0591799021	-0.0233121869	-0.0234924008	-0.0143144469	0.0338889769	0.033500544	-0.0300288474	-0.0645471298	-0.0471298102	-0.0449559244	0.0481764345	0.0185636991	0.0091411808	0.0667823722	-0.0355945689	0.0290879215	-0.0036611147	-0.003539248	-0.0209890845	-0.0141803898	0.0948009319	0.0631036146	-0.0413637591	-0.0168895211	0.0311105053	0.0518058324	-0.0262338545	0.0391673413	0.0259970036	0.1079654268	0.0149198401	-0.032970806	-0.0031482001	-0.0099229028	-0.0296824403	-0.0873458434	0.0488053089	-0.0299444957	0.0623042016	-0.0199684669	0.0100091301	-0.0149091605	-0.0219534703	-0.0230335646	-0.0855407978	-0.0554036223	0.0964893441	-0.0201334915	0.028357412	0.018378432	0.0033479148	-0.0224472605	-0.0427025148	0.0377482206	-0.0027392234	-0.0338246865	0.0359208828	-0.0500436514	-0.0799532077	-0.0203054443	0.0620868871	0.0749343514	0.0038462256	-0.0715501408	-0.0458941268513797	0.0020799355942386	0.0021062708794505	4.326132076181085e-06	0.0954676250718193	0.0220058638117564	0.0004842580421015	0.0091140674368534	-0.1723670193987985	-0.0478407342041934	0.0297103893764257	0.0022887358491962	-0.0066832231836767	-0.0004123031689074	4.466547212283373e-05	1.699939030910843e-07	0.0049203210444994	0.0009855299618138	2.4209559180943667e-05	9.712693056327106e-07	0.0012739681445242	7.561311993510003e-05	5.7173439063198225e-09	1.622994833262433e-06	0.0	0.0	0.0	0.0	0.0	0.0	0.0	0.0	0.0	0.0	0.0	0.0	0.0	0.0	0.0	0.0	0.0	0.0	0.0	0.0	0.0	0.0	0.0	0.0	0.0
2231.6569189030497	-3.163088020812665	10.005125827408586	4980292.603687853	2535.5292713677704	14.685541409165126	6428908.685962777	215.66512648030363	2380.013061191725	-6.6212247765583925	5664462.171443204	43.840617541710735	2420.8356961186496	1748.327582973206	1.178646	31.138376	0.2035136515061458	0.1025260313829086	-0.0452189521	0.0303716369	-0.0295075276	0.0340460358	0.0248507855	-0.0163238667	-0.0418499745	-0.0678745723	-0.0136818925	0.065013023	-0.0177671481	0.0786289207	0.016723262	-0.025544164	0.0113747155	0.0039376142	0.0316206479	-0.0031754289	-0.0272542768	0.0172488987	-0.0191124923	-0.0014121767	0.0427799562	-0.0166124614	0.0071233218	-0.0533432784	0.0518316611	-0.0201594634	-0.0425390993	0.0907674516	0.0092687306	0.0014299968	-0.0190052555	-0.0232072568	-0.0022100445	-0.0512873331	0.0140702364	-0.0290518719	0.0404884235	-0.0135095006	-0.0632672957	-0.0180634413	-0.0138874977	-0.0138366858	-0.0261261579	0.067620143	0.0298320504	-0.0177622436	-0.1008014993	0.0184111004	-0.0047432484	-0.0328444373	-0.0575564916	-0.024614747	0.0457157029	-0.0723043941	-0.0225100404	0.0048640483	0.0237669534	0.013885658	0.0849043476	0.0701688618	0.0845378489	-0.0365611715	-0.0815164939	0.0457081422	-0.0254113238	0.003864601	-0.0019674515	0.0194999398	-0.0072611311	0.0252533988	0.0472685811	-0.0001832729	0.0342092885	0.0406446657	0.0257797697	-0.0171850738	-0.001051781	-0.0436986715	-0.0431686584	0.0269336085	0.0293044697	0.0947918161	0.0209949732	-0.0128170185	0.0092502389	0.030043655	-0.0616646234	-0.0583560093	0.0329150045	0.0007785413	0.0351510839	-0.0513837948	-0.0793936715	-0.0169759185	0.064777029	0.0727503781	-0.0021373389	-0.0745906743	-0.0482240554283777	-0.002329928576998	0.0023255595219592	5.428567173911925e-06	0.0887655266864726	-0.0067020983853467	4.491812276686688e-05	0.0078793187279268	-0.0873532395224074	0.0850137798763911	0.007630588455059	0.0072273427688714	-0.0067832654765715	-0.0001000422928948	4.601269052564678e-05	1.0008460367649005e-08	0.0037358002214138	-0.0011845208230855	1.3956203294315398e-05	1.4030895803233869e-06	0.0003691743671564	-0.0009047937773678	8.18651779563492e-07	1.3628971336532846e-07	0.0	0.0	0.0	0.0	0.0	0.0	0.0	0.0	0.0	0.0	0.0	0.0	0.0	0.0	0.0	0.0	0.0	0.0	0.0	0.0	0.0	0.0	0.0	0.0	0.0
2227.1048088195344	-4.552110083515345	20.72170621244208	4959995.829467095	2494.2300838641268	-41.29918750364368	6221183.711252849	1705.6228884611182	2382.964667942213	2.951606750488281	5678520.608660942	8.711982409527991	2415.011159610576	1672.8798153860128	1.298664	34.309105	0.340849308284011	0.1581797075820446	-0.0562277883	0.0113710517	0.0657243072	-0.0707702739	0.1090738028	-0.0077818304	-0.0213223479	0.0661736942	0.0094908753	-0.0259134575	-0.0149914328	0.0663274464	0.1141176062	-0.0446124419	0.0235360101	0.0105522885	0.0853122643	-0.0193582282	-0.0575618328	0.0321074698	-0.0052456213	-0.0100963823	-0.0354944465	0.0161274378	-0.000514549	0.0651458291	0.0091625387	-0.0199057468	0.0688920593	0.0527539863	-0.0306511549	-0.0141540616	-0.09728625	0.0197203534	0.0761066366	0.0794054512	0.0354719326	-0.0227912595	0.1207179171	-0.0607728749	0.0124829543	-0.0139500168	-0.0529168017	-0.0266013731	-0.0641339347	0.0407003813	-0.0054424473	-0.0089837047	-0.0071934808	-0.0125672515	0.0176786299	0.0585118775	0.0029658641	-0.0263525881	-0.0644337151	0.0790652142	0.0314909101	-0.018597093	-0.047204117	-0.078845056	-0.0287794029	-0.0287992933	0.0251235498	-0.0905218288	-0.0013188863	0.0126394823	-0.0113383855	-0.0370487641	0.0032263001	0.0593452666	0.0074211348	0.1408590792	-0.034892226	0.0005269738	-0.0670301755	-0.0137745482	0.0385055349	-0.0271811695	-0.0326859038	0.0764300793	0.0344850632	0.0185572586	-0.0056648002	-0.0271194108	-0.0210491064	0.0204781614	-0.0217620603	0.0150431582	0.0362409525	-0.0163725287	0.0339927722	0.0695218757	0.0343774302	-0.0527013995	-0.0787557834	-0.0136166111	0.0672896215	0.0702792922	-0.0081094236	-0.0771080077	-0.0604655698562055	-0.0122415144278277	0.0036560851380356	0.0001498546754867	0.0082629533292077	-0.0805025733572649	0.0064806643171418	6.82763977206646e-05	-0.0731485829232241	0.0142046565991832	0.0053507151836757	0.0002017722691007	-0.0090501599808431	-0.0022668945042715	8.190539567885398e-05	5.138810693496781e-06	0.0024841341754877	-0.0012516660459261	6.170922601825956e-06	1.5666678905242778e-06	-0.0007902763606406	-0.001159450727797	1.344325990188993e-06	6.245367261873517e-07	0.0	0.0	0.0	0.0	0.0	0.0	0.0	0.0	0.0	0.0	0.0	0.0	0.0	0.0	0.0	0.0	0.0	0.0	0.0	0.0	0.0	0.0	0.0	0.0	0.0
2233.885154292991	6.780345473456691	45.97308473942464	4990242.882570621	2510.7971710660563	16.567087201929553	6304102.434233312	274.468378356338	2381.4077244634213	-1.556943478791709	5671102.750134051	2.4240729961520286	2415.200778954284	1743.802194625032	1.109614	29.314636	0.2221198186074332	0.1039038768122555	-0.0671803268	0.0255753217	-0.0218826851	-0.0152802663	0.042912334	0.0206346936	-0.0268876194	0.0317113441	-0.0389641241	-0.0201744578	-0.0346255881	0.0207165419	-0.0225389025	-0.0799005453	-0.0011588459	-0.0062253895	0.0336636774	0.0320288932	-0.0215965197	0.0347169262	-0.0059503907	-0.015015164	0.0328542558	0.0172715988	-0.1000718237	-0.0547589144	0.0722687792	0.0493884676	-0.031790415	-0.025804196	-0.0217916879	0.0409975249	-0.0028401829	-0.0587550579	0.0251085173	-0.0918675195	-0.0197633036	-0.0483227796	0.0273937885	-0.0904625273	-0.0127482216	-0.0340054583	-0.0072759072	-0.0168110356	-0.0221911388	0.028169224	0.0228349384	0.0607628139	0.0123719532	-0.051139054	0.0300443349	-0.0117355276	-0.0310998125	-0.0602968844	0.0243344464	0.0488793228	0.0311689063	-0.0249143995	0.0970010264	-0.0192163491	0.1094341817	0.0198153882	0.0436078863	-0.0006888642	-0.0042806455	0.0123615798	0.0343504721	-0.0610071199	-0.0116819728	0.0391409072	0.0050184179	0.0589264837	-0.0115391189	-0.0427880947	-0.0456400204	0.0219694566	-0.00759321	0.0008841751	0.0465362493	-0.0390947142	0.045556729	-0.0138247277	-0.0532297169	-0.0590828161	-0.0400709406	-0.0685425927	0.0054816863	0.0157177429	-0.0251235071	-0.0077922412	0.0843131739	0.0370944082	0.0336000067	-0.0539958877	-0.0780401729	-0.0102334157	0.0696177779	0.0675308461	-0.0140379523	-0.0790844839	-0.0427128011614428	0.0177527686947627	0.0018243833830569	0.0003151607963297	0.0635634384873213	0.0553004851581135	0.0030581436587227	0.0040403107123314	-0.107115219584486	-0.0339666366612619	0.0114736702666326	0.0011537324060781	-0.0092103999613304	-0.0001602399804873	8.483146744767504e-05	2.5676851346570364e-08	0.0042007822956284	0.0017166481201407	1.7646571895265015e-05	2.9468807683826e-06	-0.0003651658994027	0.0004251104612378	1.8071890425390005e-07	1.3334613408658285e-07	0.0	0.0	0.0	0.0	0.0	0.0	0.0	0.0	0.0	0.0	0.0	0.0	0.0	0.0	0.0	0.0	0.0	0.0	0.0	0.0	0.0	0.0	0.0	0.0	0.0
2225.548633849516	-8.33652044347491	69.49757310447511	4953066.721629447	2524.9439077804336	14.146736714377312	6375341.737437527	200.13015966591095	2378.5258324664574	-2.8818919969639865	5657385.135710254	8.305301482165074	2416.819889999859	1707.7979871738455	0.960911	25.386084	0.1309508062976221	0.0546000855077661	-0.0264995945	0.0134016435	-0.0071107526	0.0212957756	0.0724915823	-0.0151080611	-0.0334321448	-0.0729627644	-0.0309435959	0.0264808446	-0.0583126793	0.0503717594	0.0253353908	-0.0775577416	-0.0157119877	0.0065899628	0.0059302854	0.0168045293	-0.0317309385	0.0275033155	-0.0066770236	0.0182932696	0.017239209	0.0176418136	-0.0013580352	0.0177098873	0.0400135487	0.0054344858	0.0275931219	-0.0063700888	0.006106354	-0.09592926	0.0136050336	-0.0514610519	-0.0483657761	-0.015785811	-0.0222715583	0.0702013366	0.0169964816	-0.0299229006	-0.0285159357	-0.0041415627	0.0033755063	-0.0067472458	-0.0110919296	0.0670974677	0.0248341451	0.0129982304	-0.0051023747	-0.0816698012	0.0343605547	-0.0095863989	5.74864e-05	-0.0155633671	-0.0157852007	-0.0032230217	-0.0429320596	-0.0926062041	0.0075903296	0.0485014621	-0.0541645441	0.0522002883	0.0125413355	-0.0303267936	-0.0237179314	-0.0023172581	-0.0389604291	0.0456948415	-0.0032671916	0.0333839105	0.0031875379	0.0793210317	-0.0197438771	-0.0045274199	-0.0301110458	0.0391181663	-0.0073778584	-0.0563755406	-0.0342323549	-0.0570093872	0.0368485554	0.0153113667	-0.0871232985	0.012943165	-0.0251618812	-0.0209013539	0.0181474157	0.0425005428	-0.0559171875	0.0025980902	-0.0127326149	-0.0215142122	0.0328188985	-0.0552666915	-0.0772475461	-0.0068322673	0.0717551168	0.0645158866	-0.0198910824	-0.0805062393	-0.0677000980288795	-0.0249872968674366	0.0045833032731198	0.0006243650047414	0.0396849066548696	-0.0238785318324516	0.0005701842824734	0.0015748918162057	-0.0835018590567173	0.0236133605277687	0.0069725604659278	0.0005575907954143	-0.0085112106698502	0.0006991892914802	7.244070706657188e-05	4.888656653205847e-07	0.0040680769926584	-0.00013270530297	1.6549250418196613e-05	1.7610697436359522e-08	-0.0007027036463518	-0.0003375377469491	1.1393173061547468e-07	4.937924145961157e-07	0.0	0.0	0.0	0.0	0.0	0.0	0.0	0.0	0.0	0.0	0.0	0.0	0.0	0.0	0.0	0.0	0.0	0.0	0.0	0.0	0.0	0.0	0.0	0.0	0.0
2220.585143281554	-4.963490567962253	24.636238618250253	4930998.37856276	2498.3135908895465	-26.63031689088712	6241570.798423421	709.1737777090676	2374.192397407864	-4.333435058593295	5636789.539909301	18.77865940704548	2406.106058462188	1734.0036290642745	1.109849	29.320858	0.0322528449111033	0.0169807404891975	-0.0075052953	0.0128800696	-0.0548910844	0.0854179094	0.0347942125	-0.024425244	0.0091295679	-0.0399255289	0.0668939654	-0.0234301942	0.0060004768	0.0144624424	-0.0180658207	0.0718115127	-0.0030921012	0.0146654945	-0.0428307608	0.0309420425	0.0235402603	-0.0317152535	0.0156293638	-0.0668106412	-0.0387881066	-0.0238380258	0.0270858474	-0.0035002309	-0.0050267493	-0.0231928396	-0.0052866409	0.0270108314	0.0103118767	-0.0107401735	-0.0920198578	-0.0215748679	0.0411079591	-0.0262526762	0.039727842	0.1115865725	0.0278117798	-0.0192159373	0.0034305684	-0.0162053371	0.0098077488	0.0345503512	0.0251602916	-0.0234720121	0.0407544055	-0.0789475993	-0.0321922842	0.0492929242	-0.011421074	0.0315123029	0.0760143592	-0.0211909685	0.0449589241	-3.55955e-05	0.0324505764	0.0204009531	-0.0075115172	-0.0221039631	0.0169606462	-0.0062640154	0.0012243169	0.025765398	-0.0118722203	0.0294634039	-0.0305951285	0.0309206685	0.0138588381	0.0128385088	0.0045144446	0.033394804	-0.0642286035	-0.0252158706	-0.0170316953	-0.0610476055	0.0658201868	0.0788503093	0.0158276069	0.0103544754	-0.0613369875	-0.0917994714	-0.0566421915	0.0050466349	-0.093967936	0.0128559459	-0.055566517	-0.0053226087	0.013672755	0.0013516414	0.0260729852	0.006062826	0.0320341914	-0.0565132535	-0.0763786853	-0.0034191328	0.0736957799	0.0612463124	-0.0256373767	-0.0813633012	-0.0684738057151008	-0.0007737076862213	0.0046886620691093	5.986235837179184e-07	0.04784579226245	0.0081608856075803	6.660005390001284e-05	0.0022892198372215	-0.0951617566970739	-0.0116598976403566	0.009055759937673	0.0001359532129835	-0.008599090019006	-8.787934915580053e-05	7.39443491549686e-05	7.722780008047101e-09	0.0039959231064721	-7.215388618629984e-05	1.5967401472837642e-05	5.20618329178551e-09	-0.0007758374905486	-7.31338441968e-05	5.348559167001816e-09	6.01923811740749e-07	0.0	0.0	0.0	0.0	0.0	0.0	0.0	0.0	0.0	0.0	0.0	0.0	0.0	0.0	0.0	0.0	0.0	0.0	0.0	0.0	0.0	0.0	0.0	0.0	0.0
2217.915639759038	-2.669503522515697	7.126249056723715	4919149.785087744	2485.519805908203	-12.79378498134338	6177808.705561952	163.6809341488474	2375.02997788139	0.8375804735260317	5640767.395835277	0.7015410496320915	2406.367663640441	1649.278521924961	1.17924	31.154087	0.1946894001837306	0.1007839882486382	0.0145499373	0.0280822845	0.0306587115	-0.0352091304	0.0005775544	-0.0602250637	0.0323861652	0.0334028236	-0.0448050114	0.0471093846	0.0039086989	0.0154053837	-0.0404892334	-0.0455759426	-0.0078564421	-0.0028175745	-0.0347097784	0.0309272471	0.0282275669	-0.0466198892	-0.0409806832	-0.0400903711	-0.0984901913	-0.1064398677	0.0355295924	-0.0922145064	-0.0639918142	0.0315880002	-0.0255115539	-0.0195417009	-0.0084392036	-0.0469694949	-0.0127614676	-0.0513344491	-0.0005391572	-0.0694764723	-0.0107493445	0.0849817174	-0.0899791962	0.0280970523	0.056628104	-0.0491473624	0.0237567113	0.0221847811	0.0358384173	-0.0507676618	0.0191804298	0.0687888107	0.1031803139	-0.009507708	0.0580988608	0.0466207228	0.0724932707	0.051342378	0.0601501691	-0.0842910953	-0.0280043117	0.0526057359	0.067796002	0.0081279367	0.0819957655	0.0496309251	-0.0383559533	0.1016562677	0.0270490496	-0.0113570542	-0.0561378276	0.058015766	0.0218764153	-0.0244521119	-0.0255581779	-0.0172732784	-0.0129430198	-0.0224000982	0.0136308871	0.0280541841	0.0496384339	-0.049675788	0.0541324061	-0.0952156594	0.015906358	-0.0905860194	0.0414116965	-0.0469887245	-0.0321605187	0.0294233307	-0.1260399363	0.0399349711	0.0280413013	0.0364543489	-0.0980857575	-0.0197451247	0.0312459714	-0.0577350269	-0.0754344479	-0.0	0.0754344479	0.0577350269	-0.0312459714	-0.0816496581	-0.0639598599095307	0.0045139458055701	0.0040908636796467	2.037570673562392e-05	0.0730424456539964	0.0251966533915464	0.0006348713421337	0.005335198867117	-0.1411068968790019	-0.045945140181928	0.0199111563468212	0.002110955906337	-0.0071750127579005	0.0014240772611055	5.148080807603493e-05	2.027996045597743e-06	0.0037742047395279	-0.0002217183669442	1.4244621415874864e-05	4.9159034240403086e-08	-4.095990250457815e-05	0.000734877588044	5.400450694093991e-07	1.677713613184547e-09	0.0	0.0	0.0	0.0	0.0	0.0	0.0	0.0	0.0	0.0	0.0	0.0	0.0	0.0	0.0	0.0	0.0	0.0	0.0	0.0	0.0	0.0	0.0	0.0	0.0
2230.4721276947903	12.556487935752102	157.6653892806881	4975005.912423325	2498.090322010553	12.570516102349757	6240455.256922788	158.01787507943453	2377.8171336961827	2.7871558147926407	5654014.32129913	7.768237535932429	2411.043869156518	1703.8063678581557	1.096876	28.978107	0.0563714791940436	0.0297514059083648	-0.0082667497	0.0533689996	-0.0119388112	-0.0164160282	0.007634231	-0.0536933674	-0.0224292534	0.0224465317	-0.0225095788	0.0033550495	0.0298566053	-0.0251811426	0.0451435706	0.0318539157	0.0039818717	-0.0020291063	0.0295204889	-0.0176565582	0.0199709842	0.0667368762	0.0300499443	-0.0209349465	-0.0076330206	0.0661530864	0.0302555453	-0.022904197	-0.0038246555	-0.0130853297	0.0101593869	0.050316415	0.0379036536	0.0118925477	0.1095608705	-0.0556745746	-0.037854977	-0.0087825621	0.0260107946	0.0469521325	-0.0793071805	-0.0140614465	0.0566237295	-0.0422237924	-0.0081074107	-0.0218137151	-0.0323763774	-0.0232046008	-0.0228836923	-0.0050506924	0.0101142685	-0.0295051977	-0.0632573824	-0.0266221073	0.0343892071	0.0012107628	0.0336154806	0.0140563274	-0.0335258221	0.0015938156	-0.0023304741	0.0355737528	-0.0221523768	-0.0012416958	-0.0812191503	0.0102877654	-0.0853483223	-0.1134191393	0.0156839441	0.059355683	0.0165541281	-0.0218778567	-0.0351485573	0.0129327344	-0.0086068625	-0.05115256	-0.0436348821	0.0005423275	-0.004611206	0.0362838079	-0.0907686238	-0.0177001001	-0.0164169456	-0.0114316625	-0.0123839822	-0.0403114178	0.0023738801	-0.0261063086	-0.0289182073	0.0258457822	0.0191614235	-0.0213951701	0.0352937647	-0.017865152	0.0304543249	-0.0589314758	-0.0744157659	0.0034191328	0.0769663555	0.0539958877	-0.0366867426	-0.0813633012	-0.0692681318237191	-0.0053082719141884	0.0047980740863481	2.8177750714961476e-05	0.0535912346139326	-0.0194512110400637	0.000378349610925	0.0028720204274455	-0.1383209248923194	0.0027859719866825	0.0191326782630666	7.7616399105797e-06	-0.0073200161991413	-0.0001450034412408	5.358263715569104e-05	2.1025997971674224e-08	0.0039527914900907	0.0001785867505628	1.562456056413346e-05	3.1893227476579894e-08	0.000211970390754	0.0002529302932585	6.397373324787036e-08	4.493144655640345e-08	0.0	0.0	0.0	0.0	0.0	0.0	0.0	0.0	0.0	0.0	0.0	0.0	0.0	0.0	0.0	0.0	0.0	0.0	0.0	0.0	0.0	0.0	0.0	0.0	0.0
2215.1609810910786	-15.311146603711675	234.4312103203516	4906938.17214839	2493.4223382295067	-4.667983781046132	6217154.9567819005	21.790072580109744	2366.3887876427693	-11.428346053413406	5599795.894281415	130.6070935165698	2401.464338250876	1755.918375931243	1.086356	28.700199	0.1919248692471781	0.1104403087545979	0.0100436751	0.0368538707	-0.0690269199	0.1116732318	0.0205516334	-0.0347868173	0.0152167573	-0.0363361394	0.0219331256	0.0378700516	0.0202802875	-0.0104282324	0.0412242913	-0.0684354145	-0.0255965421	0.0470814551	-0.0375860989	-0.0277542237	0.0669292628	-0.012557772	-0.035960689	0.0394101984	0.0157058457	-0.0353387061	0.0412551721	-0.0119629962	0.0487928025	-0.009598928	0.0180298155	0.009347011	0.0284165174	-0.0185371158	-0.1533384968	-0.0358606101	-0.0018289468	0.0072344104	-0.0903073812	0.0028140395	-0.1148299372	-0.0492600331	0.0514727103	-0.0507750332	0.0305151561	0.0553851107	0.0014565494	-0.0466182809	-0.0456068826	0.0406895649	-0.0630265672	-0.019818917	0.0775973643	0.0343878948	0.0208201498	-0.0050667762	-0.0590143862	-0.0295386328	0.0080961463	-0.0523817172	-0.0135819222	0.0233268733	0.0353532854	0.0477831477	0.0368469815	0.0411063474	-0.0313034805	-0.1088097068	-0.0629443981	-0.0537978128	0.0327435039	-0.0185575406	-0.0234254067	0.0376757048	0.0072173897	-0.0148941007	0.0261900512	-0.0213585209	0.0245859494	0.0298274874	-0.0899025	-0.0352675173	0.015996743	0.0251964096	-0.1072803714	0.0705343259	-0.0175052342	0.0336150982	-0.0680982462	0.0146294318	-0.0202179693	0.0127778376	-0.0722682333	-0.0412597219	0.0296593388	-0.0601020755	-0.0733236445	0.0068322673	0.0782873035	0.0500436514	-0.0419304676	-0.0805062393	-0.0645469340407345	0.0047211977829846	0.0041663066940589	2.228970850605874e-05	0.0216827934387993	-0.0319084411751333	0.0010181486182269	0.0004701435313096	-0.0350689637014909	0.1032519611908285	0.0012298322150964	0.0106609674897523	-0.0065650435967237	0.0007549726024175	4.309979742688286e-05	5.699836304012031e-07	0.0038920931456123	-6.069834447840032e-05	1.514838905412225e-05	3.684289022418551e-09	-1.322404431463491e-05	-0.0002251944350686	5.071253358588162e-08	1.7487534803542786e-10	0.0	0.0	0.0	0.0	0.0	0.0	0.0	0.0	0.0	0.0	0.0	0.0	0.0	0.0	0.0	0.0	0.0	0.0	0.0	0.0	0.0	0.0	0.0	0.0	0.0
2219.255218791512	4.094237700433496	16.76278234765096	4925093.726133362	2482.2628861612347	-11.159452068272005	6161629.036013503	124.53337046406028	2380.4692993164062	14.08051167363692	5666634.084987942	198.2608089914256	2412.7074020965188	1669.094612541884	1.087775	28.737682	0.1841345768103718	0.0979144874133235	0.0098394661	0.0208065174	0.0181759747	0.0163306611	0.0307031062	-0.0719566957	0.0110935171	0.0454433039	-0.0489987008	0.0024569837	0.0123490952	-0.0190590058	-0.0307970733	-0.000309428	0.000138742	-0.0103387618	0.0081180269	-0.006213311	-0.03852863	0.0342787465	-0.0054889483	0.0170728513	0.0046439722	-0.0090523187	-0.0382646188	-0.0578123138	-0.0558908363	-0.0578355151	-0.0421153381	-0.0731971942	-0.0110705937	-0.0012789456	0.0387633137	-0.0110597434	0.0019443167	-0.0181329367	-0.0410774111	0.0543947683	-0.079970971	0.0116230441	-0.0429951179	-0.0005574801	0.0031153388	-0.0064612261	-0.0015864658	0.0077004147	-0.025104773	0.0750098094	0.0668495547	-0.0120980472	-0.0244645744	-0.0045460524	-0.0379892179	0.0398513534	0.013675196	-0.0189726035	0.0087462207	0.0391589424	0.0506870398	0.0415232402	0.0278790871	0.0552926263	-0.0537515715	0.0566870146	0.0641838469	-0.046528314	0.0238389626	0.0357562079	0.0188265907	-0.0095451355	-0.0191113556	0.0225245675	-0.0180532315	-0.0021429969	6.30112e-05	0.034149598	0.0484753658	-0.039017569	-0.0030447956	-0.0654736311	-0.0491387604	0.0186464792	0.0184503787	0.0181029613	-0.0163254998	-0.0326423075	-0.0073221941	0.0998070278	0.0022232136	0.0251415907	-0.013335329	-0.0179603698	0.0288611001	-0.0612463124	-0.0721591615	0.0102334157	0.0793936715	0.0458939156	-0.0469489822	-0.0790844839	-0.058385174371665	0.0061617596690694	0.0034088285864097	3.796728221937144e-05	0.0570666336093381	0.0353838401705388	0.0012520161452142	0.0032566006715024	-0.1122139445631731	-0.0771449808616822	0.0125919693544268	0.0059513480721493	-0.0077220980945253	-0.0011570544978015	5.963079898147127e-05	1.338775110882912e-06	0.0040381031198546	0.0001460099742422	1.630627680657945e-05	2.1318912578236983e-08	-7.4085941769068756e-06	5.815450137728034e-06	3.3819460304401e-11	5.488726767809847e-11	0.0	0.0	0.0	0.0	0.0	0.0	0.0	0.0	0.0	0.0	0.0	0.0	0.0	0.0	0.0	0.0	0.0	0.0	0.0	0.0	0.0	0.0	0.0	0.0	0.0
2220.33057208284	1.0753532913277013	1.15638470116932	4929867.849325711	2505.955180609404	23.692294448169378	6279811.367223111	561.3248162187575	2375.788535408352	-4.68076390805436	5644371.164977762	21.90955076294432	2408.859631060692	1727.06576869759	1.008318	26.638527	0.1408921740619575	0.0792699983137381	0.0010117453	0.0318762012	-0.0359469937	0.1000491728	0.0771641862	-0.0543939022	-0.0129417345	-0.0213554028	0.0185253035	0.0036919426	0.0237627646	-0.0170839742	0.066797816	-0.0279052858	0.0023498966	0.0164921328	0.0198318401	-0.0158146607	-0.026211521	0.0439188862	0.0056827012	-0.034292283	-0.0220606655	0.0694891882	0.089455114	-0.0252432251	0.0325008987	0.0215518959	0.0008275956	-0.0464951482	0.0605217323	0.0383773201	-0.000147229	0.0071008811	-0.040929114	0.0142239378	0.011697008	0.0131731306	0.0080926413	0.0804435083	-0.0306686511	-0.012174682	-0.0086705369	0.0093454136	-0.0108141054	0.0163401871	-0.0116300323	0.019404078	-0.0538152856	0.0003262905	-0.009195194	0.0593964414	0.0575959961	-0.0088197119	0.029177221	0.0552408088	-0.0047429379	0.0050696875	0.022894359	0.0187848485	0.0274498624	-0.0503696525	-0.071345386	0.0455339045	-0.0477193066	-0.0765583692	-0.0086043063	0.0444622269	0.0240934387	0.0056085008	-0.0129377656	0.0691131173	-0.0506002718	-0.0153459892	-0.0180026137	-0.0424518375	0.0648404992	0.0609466591	-0.0981795414	-0.0220190671	-0.0582168238	0.0297736122	-0.1218455779	-0.0325790296	-0.0263990521	0.0309149105	-0.0228851477	0.0011341803	-0.0216256658	-0.0149319839	0.0056823401	0.0043811324	0.0280596966	-0.0623636846	-0.0709234662	0.0136166111	0.080282427	0.0415630576	-0.0517153317	-0.0771080077	-0.0669343294562594	-0.0085491550845944	0.004480204459759	7.308805266044635e-05	0.0215285963409854	-0.0355380372683526	0.0012629520928868	0.000463480460413	-0.06266491751132	0.0495490270518531	0.0039268918867005	0.0024551060817852	-0.0085841376964501	-0.0008620396019247	7.368741999161562e-05	7.431122752866664e-07	0.0041171030137294	7.89998938748003e-05	1.695053722565971e-05	6.24098323222971e-09	-3.3289968333592712e-06	4.079597343547604e-06	1.6643114485480668e-11	1.1082219916516056e-11	0.0	0.0	0.0	0.0	0.0	0.0	0.0	0.0	0.0	0.0	0.0	0.0	0.0	0.0	0.0	0.0	0.0	0.0	0.0	0.0	0.0	0.0	0.0	0.0	0.0
2210.7216730690748	-9.60889901376504	92.33094025673476	4887290.315777329	2488.04722025857	-17.907960350833946	6190378.970236398	320.6950439270407	2369.840821971064	-5.947713437287803	5616145.521480489	35.37529513209389	2403.8640882826626	1691.6070565868995	0.884942	23.379078	0.0777124794782642	0.0414429633790067	0.0229616189	0.0147673386	-0.0193006514	0.0761509466	0.0358589332	-0.0497473953	0.0316947928	-0.0067230624	0.0359814775	-0.0227552802	0.0534126498	-0.0375846855	0.0144644709	-0.04655604	-0.0042095618	0.0258310224	-0.0269597949	-0.0184633891	0.0410938832	0.0072951059	-0.0260305352	0.0147998248	0.039253072	0.045178145	0.0371081624	0.0146781084	-0.0853422812	0.1326992376	-0.0363504382	0.0251163352	-0.020903521	-0.0594316658	-0.0922016052	0.0310190927	0.0140186487	0.0524201893	-0.1098722994	-0.000118748	0.0717087984	-0.008871649	0.0825470814	0.0587374845	0.0165938444	0.0362290093	0.0240393492	-0.0191157853	-0.0254905291	0.0608216645	-0.0330309585	-0.0026925043	0.0350364165	0.0117542731	0.023308108	0.0027227195	8.45213e-05	0.0566880766	-0.0674930099	0.0306527314	-0.0097627261	0.0737878926	0.0095268776	-0.0707090792	0.0427498835	-0.0085952625	0.0434500654	-0.0324871965	-0.0185182803	-0.1400286329	0.0244638167	-0.0125316022	-0.0104771032	0.0407247213	-0.0495206055	-0.0013260717	-0.0007069561	0.0026890733	0.0575271471	0.0125222067	-0.0218772849	-0.0303500156	-0.0586698882	0.0126913647	-0.0594162622	0.0504068816	-0.0212331358	-0.0227516598	0.0078436985	0.0281092012	-0.0198052925	0.0178404039	-0.014796887	-5.55109e-05	0.0272552159	-0.063453702	-0.0696177779	0.0169759185	0.0809511339	0.0370681691	-0.0562039158	-0.0745906743	-0.0624873326095638	0.0044469968466956	0.0039046667366582	1.977578095452065e-05	0.024454484874397	0.0029258885334116	8.56082370994949e-06	0.0005980218304721	-0.07866031280399	-0.0159953952926699	0.0061874448104215	0.0002558526705687	-0.0080461437645048	0.0005379939319452	6.474042947907948e-05	2.8943747080996325e-07	0.0038105607432652	-0.0003065422704642	1.4520373178113833e-05	9.396816358134676e-08	-0.0002456767705336	-0.0002423477737002	5.873244341746309e-08	6.035707557981914e-08	0.0	0.0	0.0	0.0	0.0	0.0	0.0	0.0	0.0	0.0	0.0	0.0	0.0	0.0	0.0	0.0	0.0	0.0	0.0	0.0	0.0	0.0	0.0	0.0	0.0
2219.7870234794464	9.065350410371591	82.18057806282441	4927454.429607741	2488.965798904647	0.9185786460766394	6194950.748117046	0.843786729027992	2378.178847603176	8.338025632112021	5655734.631187171	69.52267144175707	2410.4853290468186	1658.4349672328926	0.916612	24.215776	0.0662106024282411	0.0291068642338034	0.0109476061	0.0314703914	0.0244852189	-0.0157481091	0.0502271888	-0.0662837437	-0.0033540868	0.0350275331	-0.0585182383	-0.0066855889	0.0231047126	-0.0362124368	-0.0068814179	0.0278067032	-0.004671291	-0.0121631324	-0.0136801366	0.0020861325	-0.0218699595	-0.0289062835	-0.009545385	0.0113128137	-0.0127317943	0.0421260843	-0.0525291256	-0.0638966718	-0.0366924438	-0.0077003049	-0.0733561215	-0.0360374778	0.0184699177	-0.0257211922	-0.0118278692	-0.0353773432	-0.039158213	-0.0124390362	-0.0512639183	0.0380184021	-0.0545990937	-0.006213329	0.0283123292	0.0453747858	0.01158903	-0.0142336667	0.0058841449	-0.0010569271	-0.0122415759	0.0139528623	0.0871107465	-0.0040963941	-0.007886295	-0.0299676996	-0.0180863974	0.050122287	0.0587259569	-0.0143836806	0.0052881475	-0.0509675611	0.0645511809	0.0814177777	-0.0263868028	0.0163445067	0.0038087869	0.0279425893	-0.0183810303	-0.0172395881	-0.0601770356	0.0235969834	0.0232785889	-0.0127944217	-0.0119006033	0.0516904979	-0.0332821581	-0.0090281759	-0.0173542548	0.0084113333	0.0303055305	-0.0318266826	-0.045540367	0.0078136806	0.0178473102	-0.0197665819	0.0187695729	0.0080986761	-0.0701919572	0.0004192688	-0.0207315013	0.08462936	0.0030823595	0.0353947888	-0.051811254	-0.046983788	0.0264477464	-0.0645158866	-0.0682433853	0.0203054443	0.0813979594	0.0324269895	-0.060390626	-0.0715501408	-0.052890282832763	0.0095970497768008	0.0027973820181296	9.21033644183923e-05	0.0337510511535441	0.009296566279147	8.64261445825749e-05	0.0011391334539691	-0.0640134492124318	0.0146468635915582	0.0040977216800725	0.0002145306130697	-0.007891238993567	0.0001549047709378	6.227165285359231e-05	2.3995488059292463e-08	0.0033409173156919	-0.0004696434275733	1.116172851028997e-05	2.2056494906279766e-07	-0.00021682251343	2.88542571036e-05	8.32568153000651e-10	4.7012002330102535e-08	0.0	0.0	0.0	0.0	0.0	0.0	0.0	0.0	0.0	0.0	0.0	0.0	0.0	0.0	0.0	0.0	0.0	0.0	0.0	0.0	0.0	0.0	0.0	0.0	0.0
2219.3155328763	-0.4714906031463215	0.222303388855282	4925361.434466016	2519.026056545884	30.060257641237055	6345492.273557107	903.6190894575508	2378.547580553138	0.368732949961668	5657488.592955185	0.135963988387434	2412.365864924453	1690.9916853213738	1.07297	28.346554	0.1162711706980747	0.0583509726435413	0.0136207291	0.0359254144	-0.0241914124	0.0281608585	0.0026223095	-0.0369488695	-0.0243247594	-0.0433895444	0.1238700649	0.0276204497	0.0523162835	-0.0563983628	-0.109116141	-0.0020030696	-0.0116025593	-0.0216900274	0.0008794883	0.0735416006	0.0623052188	-0.0826996437	0.0105621827	-0.0107620644	0.011044352	0.0290807654	0.0420423112	-0.019854722	0.0945113774	-0.0348339604	-0.0437608537	0.0378956844	0.0108484173	0.0031565369	0.0078932839	0.0652801649	0.0116734328	0.0853951665	0.0342947587	0.1224090927	-0.0115100673	0.0296838274	0.0623738987	-0.0814544536	0.0398267835	-0.0080462763	0.0337154893	-0.0612688086	0.1180171367	-0.0575500547	-0.0504692387	0.1264713607	0.0007506754	-0.0537917048	0.0035070123	-0.0051017138	0.0391813837	-0.0147245209	0.0011496136	-0.0382105258	-0.0110385919	-0.011446246	-0.0590402817	-0.0162746535	-0.0706972336	-0.0145083549	-0.0199048528	-0.0062421452	-0.0396508265	-0.0320869052	0.0289189618	-0.025827122	-0.0189832691	0.0287140976	-0.0412118921	-0.0386630507	0.0106702732	-0.0214810349	0.0541247664	-0.030809051	0.0298051948	0.0037246326	-0.0599248694	-0.0502808082	0.005156792	0.0231035044	-0.0173072612	0.0044295152	-0.0576807685	-0.0015318636	0.0177321727	-0.0061849338	0.0448822423	-0.0162084782	0.0256373767	-0.0655497724	-0.0668016447	0.0235993474	0.0816216788	0.0276578354	-0.0642529755	-0.0680077345	-0.064747273551589	-0.011856990718826	0.0041922094323642	0.0001405882289063	0.0755785587740831	0.0418275076205389	0.0017495403937462	0.0057121185463675	-0.0963465226416815	-0.0323330734292497	0.009282652425144	0.0010454276373812	-0.0080337606628357	-0.0001425216692687	6.454131038772631e-05	2.0312426211136945e-08	0.003538996980102	0.0001980796644101	1.2524499625171075e-05	3.92355534528179e-08	-0.0004812931583404	-0.0002644706449104	6.99447220193229e-08	2.316431042652774e-07	0.0	0.0	0.0	0.0	0.0	0.0	0.0	0.0	0.0	0.0	0.0	0.0	0.0	0.0	0.0	0.0	0.0	0.0	0.0	0.0	0.0	0.0	0.0	0.0	0.0
2223.1678606615383	3.852327785238231	14.840429364918492	4942475.336678401	2499.6791336287315	-19.34692291715237	6248395.771098886	374.30342636223554	2377.4719234964123	-1.075657056725504	5652372.74701373	1.157038103683374	2410.678502115591	1711.102085593218	1.058147	27.954943	0.1857926507165487	0.0897828204321232	-0.0003647787	0.0408652085	-0.0252415164	0.0246894917	0.0421345479	-0.04284084	-0.0145224698	0.009561919	0.0153332523	-0.032775163	0.0677091271	-0.0587672164	0.035932561	-0.0058761711	-0.0133083836	-0.0116402325	0.0270184256	0.0018378298	-0.0434441418	-0.0167683715	0.0026669652	0.0214494216	-0.0100265737	0.0416418082	0.0435947546	-0.0761583097	0.0030666641	0.0030411491	0.0407332083	0.0033333313	-0.0220814775	0.0020108423	0.0370914333	-0.0188692614	-0.0203856664	0.0906184707	0.0139022635	-0.0336172379	0.0215225517	0.0608297093	0.0165884996	-0.0021457504	0.0013540773	-0.0300849193	-0.0270338817	0.0248287067	-0.0088028219	0.0639328404	0.0282742262	0.0152088924	-0.0099724845	0.0203239359	0.0481900608	0.0513360915	0.0536861794	0.0346650689	0.0026205929	-0.0424798893	0.0156964396	-0.0479535198	-0.015788752	-0.0394397066	-0.0236729953	-0.0523982899	-0.0051200631	0.0319013057	-0.0932711211	0.0519304172	0.0252987853	-0.009208443	-0.0181643335	0.0831590287	-0.0436927604	-0.0215061685	-0.0183633027	-0.0067373609	0.0334430006	0.0279933191	-0.0230236207	-0.0047281846	0.027437044	0.008817222	-0.0352422039	-0.0391626903	-0.0159367204	0.0058206948	0.0241199704	0.0384923039	0.0286752022	0.0091328579	0.0594945915	0.0480955491	0.0248241955	-0.0665549058	-0.0652939789	0.0268518493	0.0816216788	0.0227795284	-0.0677702193	-0.0639883028	-0.0788124365568876	-0.0140651630052986	0.0062114001560334	0.0001978288103656	0.0117571255107691	-0.0638214332633139	0.0040731753437836	0.0001382300002759	-0.0441057602105203	0.0522407624311612	0.0019453180837479	0.002729097259389	-0.0084073287753923	-0.0003735681125565	7.068317713753938e-05	1.3955313471909978e-07	0.0038160481710995	0.0002770511909974	1.4562223644151838e-05	7.675736243313316e-08	-0.0009439796951218	-0.0004626865367814	2.1407883131876586e-07	8.910976648022465e-07	0.0	0.0	0.0	0.0	0.0	0.0	0.0	0.0	0.0	0.0	0.0	0.0	0.0	0.0	0.0	0.0	0.0	0.0	0.0	0.0	0.0	0.0	0.0	0.0	0.0
2214.925183149275	-8.242677512263072	67.94173257116734	4905893.566948851	2507.702080114564	8.022946485832563	6288569.722610911	64.36767031453307	2378.8719840671706	1.4000605707583418	5659031.916579677	1.9601696017921737	2414.521598498601	1693.4599355000937	0.982821	25.964922	0.1199232299664846	0.0516665169336754	0.0011976414	0.0342272168	-0.012737603	0.0296096918	0.0483599339	-0.0243124247	0.0117235372	-0.0525618743	-0.0032861641	0.073032706	0.0617055789	0.0094952845	-0.0393739952	-0.0618703421	-0.0281141285	-0.0150202195	-0.0403289437	0.0740065492	-0.0307480629	-0.0176027594	0.0233152585	0.0014318932	-0.0707139645	-0.010482936	-0.0211825231	0.0088250141	0.0621637988	0.0231732912	0.0305750771	-0.027029742	-0.0601215716	0.0025519567	0.0453406222	0.0520355514	0.1201055386	0.0270268484	0.0097420388	-0.0647351921	0.054454582	-0.0039818595	-0.0277232066	0.0262574699	0.0433435764	0.0056726473	0.036174845	0.046631577	0.0719700001	0.0234729951	0.0830758126	-0.0493229273	0.0486605087	-0.0247915777	0.0174098131	-0.0078388098	-0.0066294821	0.0349966023	-0.019154608	-0.0124472714	0.0322821211	-0.0658055827	0.0188498556	-0.0297686739	-0.0533722795	-0.0349171054	0.0575966513	0.0677019611	0.0371027358	-0.0376147171	0.0286446492	-0.0063126023	0.0028261113	0.0509528184	-0.0159666147	0.0179930369	0.0285827765	0.0352771043	0.0649741861	0.0177951482	0.0961908884	-0.0901579063	0.086092839	0.0532469914	-0.0672114072	0.0076161532	-0.002350793	-0.0114159437	0.0202953057	0.0277965879	-0.0742732906	-0.0131046339	0.0742087393	-0.0167906512	0.024008292	-0.0675308461	-0.0637218759	0.0300572439	0.0813979594	0.0178113211	-0.0709234662	-0.0595200392	-0.0652218883731308	0.0135905481837568	0.0042538947229571	0.000184702999935	0.0399068321262063	0.0281497066154371	0.0007924059825351	0.0015925552503492	-0.0120430994863696	0.0320626607241507	0.0001450362452385	0.0010280142127119	-0.0079430365256608	0.0004642922497314	6.30918292479816e-05	2.1556729316073685e-07	0.0038837699470939	6.77217759944e-05	1.5083669001949754e-05	4.5862389438356935e-09	-0.0005535874319849	0.0003903922631369	1.5240611911715056e-07	3.064590448516363e-07	0.0	0.0	0.0	0.0	0.0	0.0	0.0	0.0	0.0	0.0	0.0	0.0	0.0	0.0	0.0	0.0	0.0	0.0	0.0	0.0	0.0	0.0	0.0	0.0	0.0
2202.451006334134	-12.474176815141163	155.60508721540535	4850790.43530224	2472.2840284660683	-35.41805164849575	6112188.317408412	1254.4383825755124	2368.952922323476	-9.919061743694783	5611937.948184936	98.3877858752294	2400.6738601325865	1663.0295139518328	0.985591	26.038103	0.0776524049465542	0.043242164440218	0.039567193	0.0056665485	0.0002590413	0.0658642603	0.0518977063	-0.0510442779	0.0531971986	0.0012079884	-0.0052346534	0.0132182281	0.0526686537	-0.0154013648	-0.0042116801	-0.0443822817	-0.0162916028	0.0222264045	-0.0015590475	-0.0274568611	0.0448368831	-0.025162186	-0.0061822017	-0.0117248153	0.0166083209	0.0640416272	0.0234328489	-0.0081802387	0.0132636882	-0.0146598942	0.082024064	0.0280096717	-0.0842459598	0.003630135	0.0366980839	-0.0878532771	0.0329258465	-0.0430647026	0.0516782178	-0.0700539971	0.0017706544	-0.0711266922	-0.0418849068	-0.0706048777	0.0179479281	0.0339203868	0.0076076451	-0.0186433478	-0.0544489986	0.0941855637	0.0066085525	0.0220094497	0.0341724621	0.0183826062	0.0376537896	-0.0148401758	0.0071532314	0.0370184909	-0.0272317521	-0.0319401176	0.0096299553	-0.0612896729	-0.0372768212	0.0103710396	0.0231641012	-0.0832071501	0.0043577572	-0.031314213	0.0425346581	-0.0319382225	0.0301863477	-0.019470051	-0.0022218713	0.0433140834	-0.034903939	0.0297222843	0.0012847339	0.0262051046	0.0264801873	-0.0334695908	-0.0312607301	-0.0615783111	-0.0078067834	0.0990537859	-0.0648464494	-0.0055727052	0.0319965514	0.0004408362	0.0158935407	0.0255341793	-0.0719688626	-0.0218307227	0.033086247	0.0091555968	0.0231897558	-0.0684771651	-0.0620868871	0.0332099078	0.0809511339	0.0127728206	-0.0736957799	-0.0546342852	-0.0496162541966924	0.0156056341764383	0.0024617726805107	0.0002435358180488	0.0297509764967429	-0.0101558556294634	0.0001031414035665	0.0008851206025097	-0.0523494891451221	-0.0403063896587525	0.0027404690137552	0.0016246050473231	-0.0079430548566441	-1.833098329899474e-08	6.309212045565741e-05	3.360249487080241e-16	0.0040836484311128	0.0001998784840188	1.667618450893003e-05	3.995140837369356e-08	-0.0005217937373491	3.1793694635800064e-05	1.0108390185945016e-09	2.722687043367415e-07	0.0	0.0	0.0	0.0	0.0	0.0	0.0	0.0	0.0	0.0	0.0	0.0	0.0	0.0	0.0	0.0	0.0	0.0	0.0	0.0	0.0	0.0	0.0	0.0	0.0
2200.694127558336	-1.7568787757982136	3.086623032850229	4843054.643069745	2487.8471752565297	15.56314679046136	6189383.567431894	242.21153802144767	2364.32650524637	-4.626417077105998	5590039.823410513	21.403734971338007	2399.6800918992994	1644.15141907652	0.966816	25.542097	0.0418733456212106	0.0253573007372586	0.038034352	0.0004869816	0.0257088083	0.0398704165	0.0569797094	-0.076270741	0.0341504218	-0.0181343576	0.0882556958	-0.0359672591	0.0626398334	0.0067995313	0.0422704806	-0.0191714485	0.0024862437	0.0284372138	-0.0127753421	-0.0459802667	0.0878243622	0.0118746617	-0.0255251295	-0.041066182	-0.0172557172	0.059662257	0.0519979937	-0.0495299874	-0.0201170198	-0.0037541644	0.0690490944	0.014716682	-0.0059480796	0.0057058055	0.0337323098	-0.0254488748	0.1053852928	0.0132622117	0.0645665059	-0.0351464375	0.0225555185	0.0843690375	0.079750994	0.0333004899	0.0066146423	0.0331108525	0.0024969295	-0.0457524536	-0.0318487047	0.0095770257	-0.0743575134	-0.0313060449	0.0409541696	0.0019016912	0.0384569305	-0.0192417408	0.0644211104	0.0290397425	-0.0473718839	0.0394571783	-0.0039626022	0.0233494315	-0.0021378532	-0.010426647	0.0255102314	-0.043841329	-0.0734464626	0.0100003268	0.0634500755	0.1008304839	0.0250340214	-0.0136110989	0.0006476091	0.0268615937	-0.0745395073	0.0098257468	-0.0324019916	-0.0373196579	0.0651087498	-0.0097631721	-0.080662393	0.0082878363	-0.049765357	0.0418170396	-0.0525277435	0.0366024839	-0.0093615759	0.040346302	0.0061576997	-0.0080768621	-0.0337701057	-0.0084833038	0.0488741536	0.018763701	0.0223686765	-0.0693934478	-0.060390626	0.0363043104	0.080282427	0.0076839116	-0.0760722702	-0.049365311	-0.0482775410510072	0.0013387131456851	0.0023307209699316	1.792152886430359e-06	0.0256414506375932	-0.0041095258591496	1.6888202787020067e-05	0.0006574839908001	-0.0264915389873863	0.0258579501577358	0.0007018016379202	0.0006686335863599	-0.0079431268735791	-7.20169350005434e-08	6.309326452977448e-05	5.186438926872493e-15	0.0038850912452839	-0.0001985571858288	1.5093933984181606e-05	3.9424956044292084e-08	-0.0005090798109402	1.2713926408899922e-05	1.6164392473092286e-10	2.591622539069099e-07	0.0	0.0	0.0	0.0	0.0	0.0	0.0	0.0	0.0	0.0	0.0	0.0	0.0	0.0	0.0	0.0	0.0	0.0	0.0	0.0	0.0	0.0	0.0	0.0	0.0
2200.169963127383	-0.5241644309526237	0.2747483506758877	4840747.86664795	2464.183899836754	-23.6632754197758	6072202.292214673	559.9506035921656	2363.983265752377	-0.343239493992769	5588416.880757274	0.1178133502364121	2394.69629347734	1629.907752839962	0.968524	25.587208	0.09020910783399	0.0417617025490715	0.0369243429	-0.0021955783	0.038627534	0.0066238789	0.0545126948	-0.066075691	0.0464625343	0.0332034199	0.0671349404	-0.0826231763	0.0293810413	0.0114161767	-0.0159784591	0.0611834569	-0.0012154818	0.0036865679	0.0222736553	-0.0723698805	0.0855699161	0.0181799415	0.0209956126	-0.012722203	-0.0634314358	0.0365000463	0.0016265767	0.004823706	-0.0977524558	0.0330868033	0.0554296013	0.0119417849	-0.0372578931	-0.0675629667	-0.0241726985	0.0638602509	0.0125535647	-0.0363751935	-0.0396245756	0.0111183878	-0.0917445157	-0.047173119	-0.0001343126	0.0145693769	-0.0123919954	0.000888033	-0.0121125516	-0.0808093059	-0.0498559927	-0.0357573464	-0.0446119523	-0.0064824911	0.0059199309	0.020822022	0.0805720226	-0.0062182689	0.0399936671	0.0312612523	-0.0036718025	0.0665870421	0.0100614747	0.0402274643	-0.0285416284	0.0246294185	0.0062598194	-0.0277131351	0.114030138	-0.0026668896	-0.0365801317	-0.0514849584	0.0270859553	-0.0135402128	0.0096537182	0.0409082615	-0.0752201012	0.0210563704	-0.0068561111	-0.0419676217	0.0729848913	-0.0143129537	-0.0121781651	0.0477421083	0.012145567	-0.0367114274	-0.0040325094	0.0227421114	-0.0682753541	0.0165519816	0.0409995845	-0.009093775	-0.0114427797	-0.0118071329	-0.0485792786	-0.0236596077	0.0215451443	-0.0702792922	-0.0586347667	0.0393350228	0.0793936715	0.0025646777	-0.0780401729	-0.0437500746	-0.0546230482938483	-0.0063455072428411	0.002983677404912	4.026546216894888e-05	0.0115653800084487	-0.0140760706291445	0.0001981357643566	0.0001337580147398	-0.0131391682896619	0.0133523706977244	0.000172637743344	0.0001782858032494	-0.0084479183870206	-0.0005047915134415	7.136732507376074e-05	2.548144720425604e-07	0.003342869772045	-0.0005422214732389	1.117477831285219e-05	2.940041260413633e-07	-0.000427389612335	8.169019860520003e-05	6.6732885481570265e-09	1.826618807318616e-07	0.0	0.0	0.0	0.0	0.0	0.0	0.0	0.0	0.0	0.0	0.0	0.0	0.0	0.0	0.0	0.0	0.0	0.0	0.0	0.0	0.0	0.0	0.0	0.0	0.0
2212.6227922433063	12.452829115923125	155.07295299038267	4895699.620754565	2483.075999701201	18.89209986444712	6165666.420292119	356.91143728824284	2372.448230245839	8.464964493462048	5628510.605196614	71.6556238755732	2400.8602462685776	1633.645742930338	1.030624	27.227825	0.0772644790222689	0.0349646146351787	-0.0081006995	0.0280229099	0.0620521405	-0.0703037209	0.0667762684	-0.0465254085	-0.0002907589	0.0963007196	0.0054918365	-0.0012391521	0.0658579103	-0.0046712946	-0.0076609182	-0.0472654727	-0.0059744478	-0.0005511183	0.0300306916	-0.0125393745	0.0368440384	0.024131765	-0.0296376631	-0.0273121624	-0.0358239277	0.0586665853	0.0183855913	0.0770866654	-0.058326878	0.0194832033	-0.0661051386	0.0051169515	-0.0395650503	0.021129474	0.0158728881	0.0177975965	0.0290207425	-0.0194810175	-0.0073385009	0.0038429719	-0.0320376258	-0.0096426316	-0.1510554525	-0.0353324927	-0.0201023344	-0.0201596533	-0.0349528155	-0.0920157904	-0.0158523866	0.0281975819	0.1029558889	-0.0313700337	-0.0176487268	0.0617161025	-0.0297368784	0.044376	-0.0216219628	0.0829767173	-0.1060824491	-0.0381584278	0.0027426855	0.0009980032	0.026432863	0.0073041169	-0.0222796475	-0.003048112	0.0667649018	0.0031229659	0.0073535867	-0.0407318849	0.0190933846	-0.008550224	-0.0018987937	0.05455487	-0.0424917902	0.0023116136	0.0017768483	-0.0089703511	0.0942563317	-0.0504105308	0.0774788748	-0.0240785676	0.0369376076	0.0356046814	0.0237713752	-0.0373089032	0.0152575209	0.047185282	0.0516984742	0.0546842119	-0.0223833605	0.0088032467	0.0132488088	0.0236111614	0.0207192494	-0.0711343098	-0.0568210419	0.0422967282	0.0782873035	-0.0025646777	-0.0795889182	-0.0378279629	-0.053596611997662	0.0010264362961863	0.0028725968176279	1.0535714701286565e-06	0.0254119488493103	0.0138465688408616	0.0001917274686647	0.0006457671443199	-0.032517916683183	-0.0193787483935211	0.0010574149054144	0.0003755358892993	-0.0081770885897063	0.0002708297973142	6.686477780390497e-05	7.334877911330476e-08	0.0038187849266797	0.0004759151546346	1.4583118316236082e-05	2.2649523441097037e-07	-0.00054089917022	-0.0001135095578849	1.2884419731248152e-08	2.925719123446845e-07	0.0	0.0	0.0	0.0	0.0	0.0	0.0	0.0	0.0	0.0	0.0	0.0	0.0	0.0	0.0	0.0	0.0	0.0	0.0	0.0	0.0	0.0	0.0	0.0	0.0
2219.9437827432853	7.3209904999789615	53.59690190078221	4928150.398540567	2512.4097854842003	29.333785782999257	6312202.930196765	860.4709883628893	2375.753184442935	3.304954197095867	5644203.193390747	10.922722244901587	2409.4081071022406	1672.796095376386	0.951659	25.141663	0.0703765196208565	0.0376095386717333	-0.0201296175	0.040459742	0.0182098849	-0.0275628345	0.0791661424	-0.0432636035	-0.0615180262	0.0202457549	0.0547585676	0.0114934758	0.0520206705	0.0243529695	0.0773326108	0.038138515	-0.001059667	-0.0195481634	0.0532050528	-0.0308341061	-0.0135974771	-0.0272950304	0.0004237212	-0.0304588297	-0.0147429999	0.0574270798	0.0583409485	0.069932167	-0.000319592	-0.0946752455	-0.0273317481	0.0721916075	0.076224207	-0.0271620364	-0.0914908384	0.0527395913	-0.0037519336	0.0521936963	0.0788804657	-0.039081582	0.0040184095	-0.0093276649	0.0438733572	0.094618108	-0.0267499891	-0.0463516566	-0.0551530159	0.0083596883	-0.0055079053	-0.0473268196	-0.0551916323	0.053846224	-0.0232118401	0.0317803559	0.0137175666	-0.009796557	0.0123917695	0.0311021555	-0.0419569632	-0.0597142104	-0.0966150733	0.0281870376	0.0141057509	0.079819512	0.107489938	0.0008817376	0.0036859742	0.0579431617	0.0328180868	0.0249829295	0.0108098329	0.0005729312	-0.0092810704	0.0850116696	-0.0252634799	-0.0103717975	0.0123268194	-0.0133415875	0.0632808335	-0.0836082822	-0.0261628666	0.0202861866	-0.0319678909	0.0439984401	0.0063806633	0.0173507463	0.0299742121	0.0587990335	0.0364428454	0.0152961413	-0.0794879184	0.0127257019	0.0050631724	0.0070178251	0.0198910824	-0.0719581255	-0.0549512416	0.0451842308	0.0769663555	-0.0076839116	-0.0807101879	-0.0316405151	-0.0529999110718222	0.0005967009258397	0.002808990573621	3.560519948980736e-07	0.0467963046280175	0.0213843557787072	0.0004572906720703	0.0021898941268382	-0.0462341458324075	-0.0137162291492245	0.0021375962408523	0.000188134942074	-0.0079432849705777	0.0002338036191286	6.309577612380557e-05	5.466413231763157e-08	0.0034189723489745	-0.0003998125777051	1.168937192305221e-05	1.5985009729127653e-07	-0.0004809306917121	5.996847850789995e-05	3.596218414552458e-09	2.3129433023067898e-07	0.0	0.0	0.0	0.0	0.0	0.0	0.0	0.0	0.0	0.0	0.0	0.0	0.0	0.0	0.0	0.0	0.0	0.0	0.0	0.0	0.0	0.0	0.0	0.0	0.0
2223.5974649180075	3.6536821747222343	13.349393433883	4944385.68598979	2512.21960540316	-0.1901800810401255	6311247.345772009	0.0361684632244287	2376.4885655278745	0.7353810849394904	5647697.902084734	0.540785340086782	2410.6025348684025	1680.0820726428915	1.019027	26.921444	0.0993473085638381	0.0518153242147135	-0.0393834876	0.0648269691	-0.0009109048	-0.0835187482	0.0593068436	-0.0256192443	-0.0727121979	-0.0146795392	-0.0583613449	0.03628153	-0.0565621893	0.0253774472	0.0159867041	0.0446505521	-0.0174643518	-0.0084317853	0.0189069447	-0.0073901009	-0.0607036704	-0.0120225783	-0.010925078	-0.0391562628	-0.1124718519	0.0026819336	-0.1207525199	0.0617916742	0.0334461095	-0.0711049796	-0.0239264208	-0.0732820692	-0.0454046204	-0.0016110395	0.0090619847	0.0507151461	-0.0073271919	0.124034063	-0.0063172777	-0.1002336176	-0.0744343965	0.0029527074	-0.0654670723	-0.0173076253	-0.0057387451	-0.0426894808	-0.0443143407	0.0285948217	0.0533194867	-0.1587810571	0.0603548175	-0.0358670126	0.0180480635	0.0508438155	-0.0263425176	0.0235433909	-0.0225069068	0.006607818	0.0547337792	-0.1088295037	0.0194073033	0.0632215985	-0.0518851145	0.0777378687	0.0094225197	-0.0817756461	0.0866191754	0.1020475565	-0.0474772797	0.0092610522	0.0074434348	-0.0007227083	-0.0136997168	0.1034787202	-0.042644643	-0.0500751635	-0.0419161424	-0.0041686737	0.0238588659	0.0056163688	0.0208873292	0.0630188328	0.101887345	-0.0510052803	0.0084255773	0.0263382099	-0.055779456	0.0154942259	0.027479594	0.0287203235	-0.0092666252	-0.0039773785	-0.0127530154	-0.0284994008	0.0190607341	-0.0727503781	-0.0530272111	0.0479924649	0.0754344479	-0.0127728206	-0.0813979594	-0.0252311319	-0.0689662019379966	-0.0159662908661744	0.0047563370097525	0.0002549224440232	0.0047156743837319	-0.0420806302442856	0.0017707794417562	2.2237584893385234e-05	-0.0234396512758294	0.0227944945565781	0.0005494172519324	0.0005195889820898	-0.0082002480094235	-0.0002569630388458	6.724406741605408e-05	6.603000333286838e-08	0.0033436890752311	-7.528327374340012e-05	1.1180256631819809e-05	5.667571305523717e-09	-0.0005188022370589	-3.787154534680003e-05	1.434253946954731e-09	2.691557611773191e-07	0.0	0.0	0.0	0.0	0.0	0.0	0.0	0.0	0.0	0.0	0.0	0.0	0.0	0.0	0.0	0.0	0.0	0.0	0.0	0.0	0.0	0.0	0.0	0.0	0.0
2215.2485088989533	-8.348956019054185	69.7050666081011	4907325.956179036	2483.715284660681	-28.504320742479194	6168841.615257087	812.4963009901296	2375.648188715396	-0.8403768124785529	5643704.316546741	0.7062331869516129	2405.6677855341604	1708.4191612472075	1.10952	29.312155	0.069774054344798	0.0463366253589934	-0.0308585046	0.038550579	-0.0250159287	-0.019278797	0.0662671185	0.0002325226	-0.0149308198	-0.0015727205	-0.0090136699	0.0506894395	0.0252256459	0.0501512046	0.0643947164	-0.0228752628	-0.011270532	-0.0169675142	-0.0050175333	0.0154156511	-0.0516563127	-0.0123091705	0.0240386727	-0.0523674476	-0.0570011156	0.0205651694	-0.0062624254	0.0667034893	0.0245957426	0.0059338733	-0.0151398878	0.0237947	0.0018078857	-0.0321466659	0.0289256137	0.0242486654	0.0173849424	0.0235569889	-0.04434951	0.0213797135	-0.0588622909	-0.0102677255	-0.0468764893	-0.1007017918	-0.0041826354	-0.0278676616	-0.014067593	0.0319803346	0.0333079851	-0.0476712815	0.1073182596	-0.015863724	-0.0021448036	0.0373806648	0.0205927184	-0.0307290359	-0.0145302835	0.0912044691	-0.0519712121	-0.0302618391	-0.0326194216	-0.0267538572	-0.0362868226	-0.0005879028	-0.024827653	-0.0070695949	-0.0397777801	-0.0009076222	-0.0424301861	0.0323717703	0.0112437749	0.0041982239	-0.0001080031	0.0848243741	-0.0273722912	-0.0075836115	0.0368733544	-0.0091542834	0.0654819877	-0.0289591683	0.0928672159	-0.0146314158	0.0577490349	0.037434906	-0.0422265253	-0.0349472436	0.0492936642	0.0481910494	0.052794676	-0.0325287786	-0.0569994023	-0.0221664549	0.0339195167	0.0245361202	0.0182282956	-0.0735107199	-0.0510508491	0.0507165039	0.0736957799	-0.0178113211	-0.0816485389	-0.0186447705	-0.0596652809361444	0.0093009210018522	0.003559945749189	8.650713148269538e-05	0.0450578222366857	0.0403421478529538	0.0016274888933895	0.0020302073447127	-0.0175523852755574	0.005887266000272	0.0003080862288616	3.465990095795867e-05	-0.0081423687563533	5.787925307020048e-05	6.629816896443838e-05	3.350007935964311e-09	0.0033455901378216	1.9010625904999565e-06	1.1192973370289152e-05	3.614038972998405e-12	-0.0007438963111926	-0.0002250940741336	5.066734221010762e-08	5.533817218059575e-07	0.0	0.0	0.0	0.0	0.0	0.0	0.0	0.0	0.0	0.0	0.0	0.0	0.0	0.0	0.0	0.0	0.0	0.0	0.0	0.0	0.0	0.0	0.0	0.0	0.0
2218.8496648887226	3.601155989769268	12.968324462651074	4923293.835376796	2506.8144986736243	23.09921401294332	6284118.930760294	533.573688015757	2375.695694964865	0.0475062494692792	5643930.0350745935	0.0022568437386373	2409.041156789493	1710.2625397573688	1.031067	27.239517	0.0895399722389533	0.055746305797416	-0.0254410829	0.0198525078	-0.0556482616	0.0290173836	0.0660527978	0.0047616322	-0.0527186317	-0.0682995135	0.0595463344	-0.0173551635	0.0031916515	-0.0686720732	-0.001179768	0.0348118779	-0.0073418847	-0.0236458427	0.0476104439	0.0257994489	-0.0213221901	-0.0406337514	0.0252649034	-0.0288453497	-0.0468508194	0.0731159479	0.0657763969	0.0130144919	0.0853184469	-0.0034642651	0.0239116295	0.0684346575	-0.0248140481	0.0492261055	0.0160915333	-0.0671024136	-0.0093934921	0.0631120168	-0.0346124809	-0.0133626232	0.014449486	-0.0549458784	0.0578512825	-0.0411289201	-0.0153559173	-0.0474630943	-0.0358422283	0.009579006	0.0595490539	-0.0796184711	-0.0446396235	0.0717734328	-0.0166193964	0.0251596497	0.0537947833	-0.0037660129	-0.0005305731	0.0426228568	-0.0606823792	-0.132948958	0.0410918911	-0.0217007448	-0.0210578351	0.0296395996	-0.0298217402	-0.1277120586	-0.0857699596	-0.0023519307	0.0078727187	-0.0436893551	0.0017584762	0.0106923674	0.0014928176	0.0898259151	-0.0182036781	-0.0202831151	0.0104905132	-0.0370279366	0.0583944195	-0.0420363476	0.0224811756	0.0422259197	-0.0606072976	0.0312583676	-0.0123701528	0.0791128212	-0.0207380462	0.0163935263	0.0351469477	0.033821238	-0.0315574313	0.0304030495	0.0072046211	-0.0484673557	0.0173938582	-0.0742388174	-0.0490241061	0.0533515689	0.0717551168	-0.0227795284	-0.0814605803	-0.0119276293	-0.0506812542429457	0.0089840266931986	0.0025685895316381	8.071273562410675e-05	0.0431880691048149	-0.0018697531318708	3.495976774140668e-06	0.0018652093130022	-0.0655065586447563	-0.0479541733691988	0.0042911092254788	0.0022996027435231	-0.0079280220818856	0.0002143466744676	6.285353413086569e-05	4.594449685536189e-08	0.0033419332411246	-3.6568966969999575e-06	1.1168517788133574e-05	1.33728934525292e-11	-0.0003472595014636	0.0003966368097289	1.573207588319989e-07	1.2058916135674801e-07	0.0	0.0	0.0	0.0	0.0	0.0	0.0	0.0	0.0	0.0	0.0	0.0	0.0	0.0	0.0	0.0	0.0	0.0	0.0	0.0	0.0	0.0	0.0	0.0	0.0
2215.261188242362	-3.5884766463605047	12.877164641474735	4907382.132132962	2504.551707709013	-2.262790964611213	6272779.256588133	5.120222949526144	2375.1205822488537	-0.5751127160115175	5641197.780222134	0.3307546361181444	2410.050393185607	1703.744971415811	0.930423	24.580635	0.0977438312090533	0.0551795678898981	-0.0181212745	0.0311540637	-0.0502353256	-0.0045601859	0.0433493613	-0.0084100578	-0.0402395559	-0.0832647442	0.0538960657	-0.019270601	-0.0005808323	-0.0075388819	0.0072251348	0.1055266144	-0.013050383	-0.012894003	0.007647892	-0.0192825904	-0.0553046313	-0.0026632079	0.0165009765	-0.0119723431	-0.0281870233	0.0592101988	-0.0020972513	-0.026832576	0.0197758389	-0.0167849176	0.0160161353	-0.0536298407	-0.0106980291	0.0420736913	-0.0487248594	-0.042609864	0.07152595	0.0147841655	-0.0293710515	-0.0621101779	0.0286192747	-0.0009829061	-0.0590666121	-0.0216505483	-0.001893881	-0.0268099478	-0.0192086899	0.0641908246	0.0032257803	-0.0741103042	-0.0248475801	0.0113509993	0.0046129056	0.0137055036	0.0259562748	-0.0101472875	0.008491974	0.0165014408	-0.0025537279	-0.0651018026	0.0385399976	0.0308438799	-0.0078304667	0.0109940991	0.045330986	-0.0687247147	0.037784462	-9.30114e-05	0.0454332654	0.0170133076	-0.0026783047	-0.0130449159	-0.0056576458	0.0612456946	-0.044018823	-0.0329904696	-0.0113323786	-0.0059454381	-0.017654407	0.0240708863	-0.0248806072	0.0488366664	0.0392659855	-0.0303806438	-0.0357751096	0.0168480529	-0.0361019737	0.0465754678	0.025486562	-0.0104986942	-0.004761559	-0.0276178843	0.0532253296	0.0387737352	0.0165575133	-0.0749343514	-0.0469489822	0.0558930371	0.0696177779	-0.0276578354	-0.0808350932	-0.0051268245	-0.0722041211149644	-0.0215228668720186	0.0052134351059844	0.0004632337983906	0.0380574525318024	-0.0051306165730125	2.632322641927056e-05	0.0014483696932103	-0.0325517475779193	0.0329548110668369	0.0010596162703765	0.0010860195724509	-0.0078195804004938	0.0001084416813918	6.114583763978677e-05	1.1759598263080969e-08	0.0039191255965034	0.0005771923553788	1.5359545441168133e-05	3.331510151077274e-07	-0.0002701828042905	7.707669717310004e-05	5.940817247113768e-09	7.299874773427862e-08	0.0	0.0	0.0	0.0	0.0	0.0	0.0	0.0	0.0	0.0	0.0	0.0	0.0	0.0	0.0	0.0	0.0	0.0	0.0	0.0	0.0	0.0	0.0	0.0	0.0
2217.853097091089	2.591908848726689	6.717991480107711	4918872.360276534	2492.6114210441933	-11.940286664819723	6213111.696319953	142.5704456380717	2374.4741406648054	-0.6464415840482616	5638127.444685866	0.4178867215868256	2406.1100476008	1651.7031534160683	1.016758	26.861507	0.0755624308734731	0.0400103827461331	-0.0323724725	0.0057514665	0.0181017302	-0.0566194933	0.0494016976	-0.0029948686	-0.0477021895	0.0267561591	0.0070604836	-0.0083011933	0.0471877148	-0.0831976565	0.0204525983	0.0252361946	0.0057849582	-0.0412343567	0.0489561528	-0.0020082566	0.0069189675	0.0316458373	0.0346133532	-0.0598097175	-0.0034251853	0.043994856	0.0345229445	-0.0213118561	-0.0221834091	0.0499105804	-0.0331577127	0.0506776723	0.023112026	0.0677276125	0.0025697728	0.0363957867	0.0051085266	0.0233245465	0.0172106657	0.0101585215	-0.0682628066	-0.049440694	0.0054779644	0.0209476053	-0.0227345296	-0.057331997	-0.0402271314	-0.0147847219	-0.0205075187	0.0450554772	0.0155923559	0.0268250902	-0.0427388628	-0.0010648289	0.0310552703	-0.0367430147	0.034090966	0.0440284646	-0.0709274328	0.0169120608	-0.0302010512	-0.0268449246	0.0629128784	-0.0447585144	-0.0411448621	-0.0182971009	0.0377391341	0.0640485781	0.0616675893	-0.0174901127	-0.0102943944	0.010185918	0.0095785668	0.0585869054	-0.008233172	-0.0196792185	0.0205111935	-0.0334930045	0.062329358	-0.0576103816	0.0551209653	-0.0008596511	-0.0668556956	0.0671863042	0.0213956179	-0.0357436355	0.0040107745	0.0196745851	0.0440873072	0.0543522172	-0.018468796	0.0353701357	0.0042836856	0.0464429545	0.0157193527	-0.0755970167	-0.0448275254	0.05833645	0.0672896215	-0.0324269895	-0.0797754371	0.0017099414	-0.0588634588579424	0.0133406622570219	0.0034649067887206	0.0001779732694559	0.0657988948686494	0.027741442336847	0.0007695876229286	0.0043294945659355	-0.0580493158574384	-0.0254975682795191	0.0033697230715166	0.0006501259881687	-0.0079470497565549	-0.0001274693560611	6.315559983315929e-05	1.6248436734631643e-08	0.0039557055489196	3.657995241619985e-05	1.5647606389753316e-05	1.3380929187714454e-09	-0.0002857886558149	-1.5605851524400007e-05	2.43542601801618e-10	8.167515579248736e-08	0.0	0.0	0.0	0.0	0.0	0.0	0.0	0.0	0.0	0.0	0.0	0.0	0.0	0.0	0.0	0.0	0.0	0.0	0.0	0.0	0.0	0.0	0.0	0.0	0.0
2230.2209082137656	12.367811122676812	152.9627519662083	4973885.299433834	2498.942407864244	6.330986820050839	6244713.157822346	40.08139411565743	2379.122421596361	4.648280931555746	5660223.496942534	21.606515618664755	2411.959459632473	1711.4465580466265	1.06649	28.175362	0.0552000942927068	0.0315835927964814	-0.0515583852	0.0313681298	-0.0574767438	-0.058982603	0.0088467676	0.0246320046	-0.0760488504	0.0134877292	-0.0983732826	0.0414034404	-0.0550929234	-0.0328999126	-0.0183058463	0.0352854759	-0.003903479	-0.0486316815	0.0101574555	0.0328018597	-0.0623419147	-0.0265849276	0.0062239487	-0.0191629605	-0.0221391386	0.0309702429	-0.0801710925	-0.0011536525	0.0567657389	-0.012963073	-0.1694700738	-0.0842261531	0.0356435832	0.0043662601	0.0063983888	-0.0343728343	0.022029217	-0.0611914162	-0.0318257625	-0.0149294661	0.0282192745	0.0497943704	0.028463804	-0.0225091116	0.0109711379	-0.0644975959	-8.72503e-05	0.0449021479	0.0509412349	-0.0612424551	0.0594418346	-0.0356103308	-0.0184781555	-0.0619442906	-0.0951964138	-0.0054117188	0.0369333529	0.0023775365	-0.0189416815	-0.0665105932	0.0545861096	0.0192584309	0.0467811655	-0.0046579786	0.0588231637	0.1472375371	0.0423834683	-0.0538992717	0.0808435589	0.0512482986	-0.0238547064	-0.0070295106	-0.0061416301	0.0809204498	-0.0022849048	-0.0589721007	0.0021242048	0.0413126682	-0.0618858213	-0.0845479282	0.0469456372	0.0185630364	0.0551629167	-0.0795488833	-0.0152712655	0.0604455478	-0.0386956738	0.0215256564	0.0201143253	0.004210537	-0.046327706	0.0088317376	-0.0099213989	-0.0168732265	0.0148794683	-0.0762265226	-0.0426618292	0.0606775209	0.064777029	-0.0370681691	-0.0782873035	0.0085347133	-0.0615994555443109	-0.0027359966863685	0.0037944929233555	7.485677867819418e-06	0.0655137354429769	-0.0002851594256725	8.13158980498725e-08	0.0042920495316923	-0.0846786451536942	-0.0266293292962557	0.0071704729450652	0.0007091211787684	-0.0081951649361172	-0.0002481151795623	6.716072833016484e-05	6.156114232923283e-08	0.0038970815433276	-5.862400559200013e-05	1.5187244555344627e-05	3.436774031650862e-09	-0.0004900416483488	-0.0002042529925339	4.1719284959053414e-08	2.4014081711640893e-07	0.0	0.0	0.0	0.0	0.0	0.0	0.0	0.0	0.0	0.0	0.0	0.0	0.0	0.0	0.0	0.0	0.0	0.0	0.0	0.0	0.0	0.0	0.0	0.0	0.0
2209.8691788744954	-20.35172933927015	414.1928870989094	4883521.787739437	2485.1714864702367	-13.770921394007472	6176077.317164686	189.63827603993272	2366.971293905507	-12.151127690854082	5602553.106172711	147.6499041594409	2401.728975209793	1711.647640461265	1.285517	33.961792	0.3067425651233284	0.1821954288978896	-0.0455297531	0.0162673748	-0.050500975	-0.0441269074	0.0253162774	0.0585226356	-0.0387330157	0.0158133034	-0.0311184071	-0.0308185374	-0.0375380628	0.0669477563	0.0966981714	-0.0218679809	-0.0113149505	0.0075808512	0.0606880922	-0.1178012193	-0.0180710522	0.1058700359	0.0276779061	0.0670213934	-0.0447028088	-0.086472475	-0.1040799626	-0.0092411945	0.0823800147	0.1117998197	0.0877428767	-0.0313351539	0.0568499038	-0.0416954269	0.0237905603	-0.1083243169	-0.0113032646	0.0973816659	-0.052743391	-0.0024488386	-0.0118469775	0.0960701049	-0.015579173	0.050567487	-0.0260272514	-0.0261753667	-0.0873924917	0.0307004634	-0.077920305	-0.093290458	-0.0410433302	-0.174926604	0.0708356518	-0.079634295	0.0188664773	-0.0214547195	-0.0642175527	-0.0321332986	0.0477449967	-0.0094102337	0.084401165	-0.0226188146	-0.0543842833	-0.0359609331	-0.0472266084	0.0229478239	-0.042460279	-0.0155897042	0.0224238958	0.0313578298	0.0047371082	0.0239378175	0.0257041103	0.1175861561	0.0253106783	-0.0181426676	-0.032707569	-0.0595121702	-0.0484050346	0.1072329823	-0.0163127118	0.0919186245	0.1925515663	0.0982264233	-0.0524871293	-0.0468106853	-0.1007589965	-0.2196646219	0.0277344534	0.0129675402	0.0186391881	-0.034931742	-0.0233973089	-0.0074441989	0.0140379523	-0.0768225931	-0.0404540309	0.0629121428	0.0620868871	-0.0415630576	-0.0763786853	0.0152996203	-0.0501770786515152	0.0114223768927956	0.0025177392220003	0.000130470693881	-0.0527079228600939	-0.1182216583030708	0.013976360491928	0.0027781251322256	0.0524203605821327	0.1370990057358269	0.0027478942035608	0.0187961373737522	-0.0076289419858304	0.0005662229502868	5.820075582316589e-05	3.206084294314886e-07	0.0038083782875628	-8.870325576480027e-05	1.4503745181179764e-05	7.868267583275572e-09	-0.0003449773705677	0.000145064277781	2.1043644688152134e-08	1.1900938620380421e-07	0.0	0.0	0.0	0.0	0.0	0.0	0.0	0.0	0.0	0.0	0.0	0.0	0.0	0.0	0.0	0.0	0.0	0.0	0.0	0.0	0.0	0.0	0.0	0.0	0.0
2216.474317827381	6.605138952885682	43.62786058692776	4912758.401588354	2497.7066500080164	12.53516353777968	6238538.509494267	157.1303249188812	2378.601637467094	11.63034356158687	5657745.749761141	135.26489136054514	2409.273706584468	1675.8645492005492	1.350967	35.690899	0.3027548612022847	0.1807321398613194	-0.0055189876	-0.02555165	-0.0600739842	0.020043032	-0.0263625151	0.0263568273	-0.0333179798	-0.003766191	0.0209719246	-0.0648351982	0.0234841284	-0.125170886	-0.0258329847	0.0125069636	-0.0016455272	-0.067832878	0.0456452062	0.0444197862	0.0234312586	-0.0270878645	0.0076319422	0.0481801727	-0.0075906902	-0.0109166476	0.0256719829	-0.0750543652	-0.0285659156	-0.056340725	0.0018637353	-0.0530296619	-0.0100853133	-0.0248237298	-0.0417514019	0.0701971679	-0.0827117737	0.0479618034	0.0634038287	0.0281662688	-0.0422671589	0.0183043306	0.0340092353	0.0601780064	0.009149447	-0.0624814434	0.013705593	-0.0028358603	0.0366006049	0.0121570742	-0.0642519475	0.0673621934	-0.0255775628	-0.0566406348	0.0224290472	0.0301960983	0.0507180062	-0.0449697124	0.0611076015	0.0832107556	0.0264923752	-0.0444519529	-0.0891973383	-0.013821611	-0.0028895389	0.0357155162	0.0381601302	-0.0005014299	-0.0942975717	-0.026186303	-0.0281845894	-0.0056318963	0.0087341438	0.0181560317	-0.0218491092	-0.0250368411	0.0559167546	-0.0450917403	-0.0047520846	-0.0397210924	0.029571982	0.0472882975	-0.1273841516	-0.0142152102	-0.0199255288	0.0146100444	-0.0143653195	-0.0892446205	0.0102822225	0.0023149018	0.046143464	-0.0189959537	-0.0429967192	0.0112141214	0.0131948967	-0.0773849666	-0.0382063093	0.0650363955	0.0592265694	-0.0458939156	-0.0740598336	0.0219572114	-0.0488025681888473	0.0013745104626678	0.002381690661827	1.889279011983523e-06	0.0656966330661816	0.1184045559262755	0.0140196388640985	0.0043160475962325	-0.0904220129982036	-0.1428423735803363	0.0081761404346473	0.0204039436900643	-0.0078343745717118	-0.0002054325858813	6.137742492988444e-05	4.220254734191844e-08	0.0043999095965383	0.0005915313089755	1.935920445770983e-05	3.499092894982689e-07	-0.0003392728407645	5.704529803199994e-06	3.254166027559696e-11	1.1510606048041381e-07	0.0	0.0	0.0	0.0	0.0	0.0	0.0	0.0	0.0	0.0	0.0	0.0	0.0	0.0	0.0	0.0	0.0	0.0	0.0	0.0	0.0	0.0	0.0	0.0	0.0
2218.130305795615	1.655987968234058	2.742296150935964	4920102.053488949	2487.801264976388	-9.905385031628157	6189155.134018118	98.11665262480314	2379.219520237135	0.6178827700409784	5660685.525477422	0.3817791175135125	2408.5863860476943	1691.3631959378365	1.055206	27.877254	0.0878320467215217	0.0404375671998227	-0.0169451234	0.0069772924	-0.0567276618	-0.0152044952	-0.0120928075	0.0339530259	-0.0436086617	0.0412450308	-0.0823281066	0.041163373	-0.026664873	-0.0258925114	-0.0094384805	0.0295317969	0.0052789592	-0.0483349777	0.0041156958	0.0541744032	-0.0805774044	-0.0583943603	-0.0040138748	-0.0052257034	0.0641764611	-0.0237792838	0.0721345642	0.0456594778	-0.0412048008	0.0347064417	-0.0745543516	-0.0239526585	0.0011798969	0.0022746504	0.0046948735	0.0263157518	0.0574357786	-0.0352564045	-0.018685058	-0.0460072234	-0.0160720153	-0.0317910306	-0.0118323575	0.0207126866	0.013959161	-0.0365967593	0.0242044842	0.0464552141	0.0341003617	0.0083657878	0.0180463485	0.0718052315	-0.0149944422	0.0231898262	-0.0901911593	0.0190747674	-0.0329468235	0.0016949804	-0.0671305114	0.0441412485	-0.0220123709	-0.0151533792	0.0966744493	-0.0197888015	0.0239374682	0.0746960468	0.0240872811	-0.0147097758	0.0862666427	0.0203156615	-0.0242229444	-0.0114985424	0.0031161783	0.0401549941	0.0197590522	-0.0232177036	0.0050388635	0.0314944599	-0.0289261395	-0.0248490508	0.0589571282	-0.0002720089	0.0257542697	0.0384100793	-0.0037154026	0.0377366041	0.0226979103	0.0497077865	0.0343346215	-0.012552931	-0.0014219612	0.0172500414	0.0005986475	0.0193939721	0.0123503943	-0.0779133966	-0.0359208828	0.0670465522	0.0562039158	-0.0500436514	-0.0713432033	0.0284607885	-0.0548542218339633	-0.0060516536451159	0.0030089856530096	3.662251184044576e-05	0.0561492911442371	-0.0095473419219445	9.115173777451904e-05	0.0031527428960003	-0.0798949653344323	0.0105270476637713	0.0063832054857901	0.0001108187325153	-0.0073308025983827	0.000503571973329	5.374066673645455e-05	2.5358473232256294e-07	0.0041096992136859	-0.0002902103828523	1.6889627626970507e-05	8.422206631533652e-08	0.0001010648728678	0.0004403377136323	1.9389730204692146e-07	1.0214108527784578e-08	0.0	0.0	0.0	0.0	0.0	0.0	0.0	0.0	0.0	0.0	0.0	0.0	0.0	0.0	0.0	0.0	0.0	0.0	0.0	0.0	0.0	0.0	0.0	0.0	0.0
2215.022935656654	-3.10737013896096	9.655749180506254	4906326.605485023	2510.819708980732	23.018444004343564	6304215.611006087	529.8487643811002	2366.359311642854	-12.86020859428072	5599656.391798843	165.38496508841172	2402.718807172172	1694.268392003225	0.97334	25.714453	0.099000950260364	0.0489894459445509	0.0057152593	0.0033778486	-0.0916189908	0.0131099334	-0.0079486035	0.0491800584	-0.0693374196	-0.0744567743	-0.0190151755	-0.0142755063	-0.0254240505	-0.0350791477	0.1196351557	0.0669113542	-0.0284065517	0.0073805269	-0.0720741541	-0.0372592934	-0.0608703627	0.0161036143	0.0317639664	-0.0180981616	0.0466561506	0.0979334441	-0.0206343467	-0.0038091592	-0.0583143068	-0.070066805	0.045033924	-0.0049320764	0.0540942064	-0.0146201264	-0.0037026581	-0.0305643439	-0.0392579686	-0.0440140603	-0.0466113593	-0.0202313484	-0.009667762	0.0835545308	0.0094621268	-0.032573166	0.0369763765	0.0098602018	0.0107650481	0.1113724554	-0.0642741327	0.0052275831	-0.015090707	-0.0124801188	-0.0291500933	-0.0251275901	0.0298431913	-0.0583861822	0.0799256213	0.0398686102	-0.022559491	0.0013559303	-0.0631682913	0.0738275905	-0.0768810408	0.0259611982	0.0721179059	0.0251259721	-0.0071849315	-0.0657207373	0.0688839294	0.0636052663	-0.0180596657	-0.0281068538	-0.0017306825	0.0483159924	0.0015312717	-0.0048758612	0.0199982321	0.070457023	-0.1112780433	0.0048477511	-0.0208979663	0.0368226482	-0.0760866758	0.0184994926	0.0040452599	0.0196787411	-0.0041004572	0.0370446994	-0.0290030863	-0.0690780274	0.0118224758	-0.0031973461	-0.0755097511	0.0246658328	0.0115045374	-0.0784076511	-0.0336000067	0.0689390864	0.0530272111	-0.0539958877	-0.0682433853	0.0347647336	-0.0577488131888799	-0.0028945913549165	0.0033349254247241	8.378659111957907e-06	0.0462234622506656	-0.0099258288935715	9.85220792244588e-05	0.0021366084624387	-0.0936797889786333	-0.013784823644201	0.0087759028630812	0.0001900213629017	-0.0067184253099662	0.0006123772884164	4.5137238645594434e-05	3.75005943368345e-07	0.0037242220686335	-0.0003854771450524	1.3869830016496786e-05	1.4859262935774917e-07	-0.0003489948210168	-0.0004500596938846	2.0255372805949985e-07	1.217973850965483e-07	0.0	0.0	0.0	0.0	0.0	0.0	0.0	0.0	0.0	0.0	0.0	0.0	0.0	0.0	0.0	0.0	0.0	0.0	0.0	0.0	0.0	0.0	0.0	0.0	0.0
2195.3338579599945	-19.68907769665975	387.65978054510447	4819490.747905513	2493.3337393234024	-17.485969657329406	6216713.13564842	305.75913485704467	2365.14478899085	-1.2145226520042345	5593909.872890572	1.4750652722313984	2402.1917046931508	1686.714818673505	1.236748	32.673378	0.2762105916990527	0.1251711199571068	0.0700798683	0.0023230736	-0.1146758976	0.0676737638	-0.0805477635	0.0594853353	0.0133559276	-0.1119803263	0.0366204107	0.0349420086	-0.0037219858	-0.0199235612	-0.0834058607	-0.0318694514	-0.0297348944	0.0064719486	-0.126535991	0.0114520712	-0.0116445869	-0.0606927121	-0.0054695665	-0.0553167721	-0.0448207247	0.0085497074	0.0168608369	0.0013230208	0.0312591304	0.0688442542	0.042341121	-0.0609141259	0.0817465918	0.0235471856	9.50335e-05	0.0194255052	0.0221395334	-0.0406455329	-0.1114251028	-0.0369021102	-0.0947257512	0.013075397	0.0486304926	-0.0162744394	0.0826943942	0.0592783248	0.0930658315	0.0609773466	0.0391224806	-0.0340049916	-0.0155957882	0.0249014481	0.1026481633	0.0318008294	0.0464557482	-0.0724105466	0.0573591551	0.0277054717	0.035766679	0.0187847369	-0.0012819868	0.009887091	0.0899056886	0.015388647	-0.0574133865	0.0782414637	0.0854484634	-0.014687813	0.0653526577	-0.0594052522	0.0158092786	-0.0635551445	0.0057716887	-0.0586560976	0.0328271767	0.0130652499	0.0829082474	-0.0125953804	-0.0042780332	0.1520856547	0.0771774251	-0.0252473104	-0.0642313402	-0.0145273162	-0.021027638	0.0527358162	-0.0064814669	0.0596759437	-0.0593832365	-0.0931421429	0.0179665099	0.035541022	-0.1151533497	0.0331040006	0.010657419	-0.0788675135	-0.0312459714	0.0707106781	0.0497051625	-0.0577350269	-0.064777029	0.040824829	-0.0664621400313763	-0.0087133268424963	0.0044172160575502	7.592206466416815e-05	0.084479665955925	0.0382562037052594	0.0014635371219383	0.0071368139600246	-0.0595502473815514	0.0341295415970819	0.0035462319632039	0.0011648256096269	-0.0051250017195902	0.001593423590376	2.6265642625802503e-05	2.538998738366745e-06	0.0048850063567453	0.0011607842881117	2.386328710544199e-05	1.347420163527218e-06	0.0007990276915797	0.0011480225125965	1.317955689428381e-06	6.384452519111842e-07	0.0	0.0	0.0	0.0	0.0	0.0	0.0	0.0	0.0	0.0	0.0	0.0	0.0	0.0	0.0	0.0	0.0	0.0	0.0	0.0	0.0	0.0	0.0	0.0	0.0
2194.413394797893	-0.9204631621014414	0.8472524327857844	4815450.147268414	2449.9205527234435	-43.41318659995886	6002110.714656743	1884.704770762848	2371.8324173637056	6.68762837285567	5625589.01605736	44.724373253424176	2403.088831537671	1613.2033417113528	1.261279	33.321453	0.1457807243023269	0.0720038713869539	0.0787323041	-0.0259446339	-0.0077610617	-0.0131898146	-0.0666217969	-0.0064013592	0.0518492599	-0.0065466635	-0.0924521999	0.0148666447	-0.0389589515	-0.1036328539	0.082967751	-0.0008467004	-0.026331342	-0.0321070306	-0.0241877558	-0.0266144748	-0.0436762544	-0.0176834058	0.0174797005	0.0785673489	0.0851219383	0.0169188867	-0.0034831048	-0.0328608041	-0.0358577213	-0.0551097814	0.0538593481	0.0037966585	0.0902085404	-0.0703656869	0.0872115875	-0.0463119097	-0.0449846936	0.0178565938	0.0609393426	-0.0096261099	0.0473487915	0.006167473	0.0150785442	0.0358123979	0.0450558192	-0.01758374	0.0241564453	0.0496951961	-0.0800902684	0.0935640982	-0.014538882	0.0459995703	-0.0007602014	-0.0701707027	-0.0118727333	0.0257653652	0.0138627879	0.0190681115	0.0135410401	0.0142659914	-0.0337910342	-0.056335396	-0.0487194351	0.0408150085	-0.0248417404	0.0867960551	-0.0618708797	0.0358677459	-0.0062949439	0.0158015177	0.0112092241	-0.0638727581	0.0034907649	-0.0414168521	0.0852908478	0.0733875819	0.0673984481	0.047860835	-0.0683384769	-0.0074929133	-0.0296511102	-0.026789699	0.0461767525	0.0755117328	0.0551355281	0.027335207	-0.0001564288	0.0017008885	-0.0156594299	0.0335187713	0.0795765398	0.0209973157	-0.1144185353	0.0206185966	0.0098091318	-0.0792927819	-0.0288611001	0.0723582192	0.0462468756	-0.0612463124	-0.0609627523	0.0465985677	-0.0527319185232784	0.0137302215080978	0.0027806552311456	0.0001885189826614	0.0562216193403628	-0.0282580466155622	0.0007985171985272	0.0031608704812526	-0.0819904663467383	-0.0224402189651869	0.0067224365717556	0.0005035634272055	-0.0045687735753953	0.0005562281441948	2.087369198323035e-05	3.0938974839450213e-07	0.0041050493879257	-0.0007799569688196	1.6851430477309162e-05	6.083328732102587e-07	0.0010898873228348	0.0002908596312551	8.459932509385276e-08	1.1878543764760075e-06	0.0	0.0	0.0	0.0	0.0	0.0	0.0	0.0	0.0	0.0	0.0	0.0	0.0	0.0	0.0	0.0	0.0	0.0	0.0	0.0	0.0	0.0	0.0	0.0	0.0
2196.5038867470416	2.0904919491486	4.370156589455112	4824629.324494861	2475.237454086987	25.31690136354337	6126800.4541150285	640.9454946513839	2365.7968604046364	-6.035556959069254	5596994.784700435	36.4279478061693	2398.741490617583	1616.2894033877435	1.233539	32.5886	0.1159195493190368	0.0638816072024415	0.0634693347	-0.0260195968	-0.0285761053	-0.017487341	-0.0535042234	0.0220128048	0.032036714	-0.0792808465	-0.0551595534	0.0383280732	-0.0402727576	0.0229838882	-0.0434363936	0.0772719292	-0.0317113127	0.0005278293	-0.0816481768	0.0198815639	-0.0038598829	0.0392295801	-0.0030456084	-0.0277260511	-0.1030856089	0.0012998635	-0.0521349373	-0.0042792377	0.0234688775	0.0003767147	0.0036373291	-0.0178673326	0.0069883375	-0.0292871147	0.0466056297	0.0608721441	-0.0236873382	-0.0699864125	0.0308621439	-0.0202391323	-0.0294624964	0.0686006124	0.030662314	0.079957612	0.0608286734	0.0332436745	0.0566813904	0.0144998839	0.0477968064	-0.1186051053	-0.0029233992	-0.0550128132	-0.019441229	0.0130237558	0.0276992576	0.0266236853	0.0183849433	-0.0158465866	0.0543846778	0.0442421345	0.0252484882	0.0511709198	0.0526033677	0.0387174903	-0.0700425261	-0.0302016873	0.0523044541	-0.0724203362	-0.0201822864	0.0136847563	-0.0105989764	-0.0579645345	0.0084059896	-0.0679399073	-0.036938537	0.0023458854	-0.0168510791	-0.0203341643	-0.0145962768	0.1111707346	0.0285168908	0.032523677	0.0871777039	-0.0516345922	0.002806162	-0.0400085633	0.0019756762	0.0399008295	-0.0211430022	-0.0310222515	0.1253567748	0.0274001891	-0.0779290306	-0.0212608907	0.008959769	-0.0796832699	-0.0264477464	0.0738788195	0.0426618292	-0.0645158866	-0.0568210419	0.0520454508	-0.0620692558118634	-0.0093373372885849	0.0038525925170385	8.718586764079982e-05	0.0656659294244832	0.0094443100841203	8.919499296501819e-05	0.0043120142871812	-0.0419773967831318	0.0400130695636065	0.0017621018406884	0.001601045735902	-0.0053741614232658	-0.0008053878478704	2.8881611003318287e-05	6.486495854974754e-07	0.0040619047672127	-4.31446207129994e-05	1.6499070337905262e-05	1.8614582964685763e-09	0.0007959231437638	-0.0002939641790709	8.641493857688695e-08	6.334936507788507e-07	0.0	0.0	0.0	0.0	0.0	0.0	0.0	0.0	0.0	0.0	0.0	0.0	0.0	0.0	0.0	0.0	0.0	0.0	0.0	0.0	0.0	0.0	0.0	0.0	0.0
2179.368453785988	-17.13543296105354	293.62306276276007	4749646.857357528	2425.963021805037	-49.274432281949885	5885296.583165427	2427.9696767084647	2360.9060390306554	-4.890821373980998	5573877.325131418	23.920133712189376	2390.9416186037806	1600.624169821368	1.279429	33.800941	0.1000249689179795	0.0516784165024496	0.0692586352	-0.0487748412	0.016473149	-0.002801557	-0.0721078921	-0.0047331264	0.1091272432	-0.0177716926	-0.067106881	0.0140576296	0.0213797513	0.0040770002	0.0465540493	-0.1531155645	-0.0445886943	-0.0071056113	-0.0834124821	0.0098707386	0.0934000019	-0.0333554747	-0.0481062009	0.0707024976	0.1151650212	-0.0717382692	0.015306102	0.0319007213	0.0535584378	0.050801334	-0.0644266637	0.034056427	-0.0054919239	0.0321473416	0.0423078985	-0.0182833226	0.0260002468	-0.0121916819	0.0813170762	-0.030046067	0.0508764028	-0.0071402237	-0.0404850534	0.0123666861	0.0602845037	0.031001962	0.065192165	-0.0764236354	-0.0206320169	0.0838738918	0.0479240788	-0.0318375261	0.0688039881	-0.0645179811	-0.0849344656	-0.0273704621	-0.0758582992	-0.0162272799	-0.0506736089	-0.0632217066	-0.0665900955	-0.1482582959	0.0050749612	-0.0456530007	-0.0043721805	0.0233499345	-0.0768535348	0.0912888744	-0.0895849691	0.0576599348	0.0006203607	-0.04898178	0.012568939	-0.0582474175	0.0465725419	0.0666302718	0.0620402849	0.0219842077	-0.0547536939	-0.0368078791	0.0157261486	-0.0797603493	0.0680996203	0.0771912381	-0.0151318224	-0.0323664918	0.0474367357	-0.0867585098	-0.0481537435	0.0219316106	0.0781098585	0.0133898714	-0.0361850408	0.0053510683	0.0081094236	-0.0800388062	-0.024008292	0.0752698111	0.0389598496	-0.0675308461	-0.0523741431	0.0571272725	-0.0583633714811924	0.0037058843306709	0.0034062831306516	1.3733578672312823e-05	0.0975522067000298	0.0318862772755466	0.001016734678493	0.0095164330320453	-0.0755349778104488	-0.0335575810273169	0.0057055328728249	0.0011261112444049	-0.004943734860475	0.0004304265627907	2.444051437067577e-05	1.85267025955902e-07	0.0042480698792208	0.000186165112008	1.804609769874302e-05	3.4657448928988144e-08	0.0007950102928738	-9.128508900000006e-07	8.332967473737932e-13	6.320413657752853e-07	0.0	0.0	0.0	0.0	0.0	0.0	0.0	0.0	0.0	0.0	0.0	0.0	0.0	0.0	0.0	0.0	0.0	0.0	0.0	0.0	0.0	0.0	0.0	0.0	0.0
2189.682872069302	10.314418283313898	106.38722452316004	4794711.080233667	2428.565428776528	2.6024069714908364	5897930.041848521	6.772522045264108	2366.0255929698114	5.119553939156049	5598077.106588148	26.20983253592821	2395.640359226661	1574.586946873465	1.130487	29.866079	0.0858418338041858	0.0454734624397218	0.0620969509	-0.0601366567	0.0214130499	-0.0412286597	-0.0396115107	0.0013752738	0.0657521267	0.0056329143	-0.0674167987	-0.0247243082	0.0145546723	-0.0055540893	0.0459207636	0.0394828436	-0.0113916015	0.0015896012	-0.0373706554	-0.0181153523	0.0178157781	0.0656537106	0.0259321245	0.0287819917	0.0035288371	-0.0316692114	-0.0385744191	0.0489283132	-0.1297010476	-0.0942028611	0.0631719834	-0.0347789126	-0.0025866793	0.0041279364	-0.0666813982	0.007359317	0.0428460866	0.0324392596	0.0596106152	-0.0720702256	0.0159735605	-0.0016228354	-0.0249534	0.0051852669	0.0253176333	0.0075886049	0.0248028888	-0.015775931	-0.0482265751	0.0055831246	0.0259476652	-0.0306542387	-0.0818287701	0.0060512584	0.0321354578	0.0362385396	-0.05671534	0.0052015064	0.1097021286	0.0381059375	-0.0775031785	0.0535060621	-0.0765908925	0.0154802707	0.0634453086	-0.0306021951	-0.0271727651	0.0367119224	0.0074358556	0.0604096362	-0.01553831	-0.0585641298	0.0348852806	-0.0845756006	-0.0105435608	0.0153022677	-0.0716374344	-0.050109717	-0.0829814232	0.0326238932	-0.0758453835	0.0888139423	-0.0087098248	0.0147617391	0.0268541256	-0.0537578634	-0.055636062	-0.002151724	-0.0508709497	-0.0202338715	-0.0136846915	-0.023495706	-0.0193053131	-0.0910983057	0.0072581889	-0.0803592349	-0.0215451443	0.076528754	0.0351510839	-0.0702792922	-0.0476459404	0.0618083875	-0.0500974485164533	0.0082659229647391	0.0025097543478586	6.832548245900128e-05	0.0701026319301121	-0.0274495747699177	0.0007534791550493	0.0049143790035287	-0.0558180368628598	0.0197169409475889	0.0031156532392235	0.0003887577603307	-0.0054592851500345	-0.0005155502895594	2.980379434938721e-05	2.65792101064884e-07	0.0043378682831085	8.97984038877005e-05	1.8817101241598685e-05	8.063753340778584e-09	0.0007978495018654	2.8392089915999907e-06	8.061107697982236e-12	6.36563827626867e-07	0.0	0.0	0.0	0.0	0.0	0.0	0.0	0.0	0.0	0.0	0.0	0.0	0.0	0.0	0.0	0.0	0.0	0.0	0.0	0.0	0.0	0.0	0.0	0.0	0.0
2185.055247337085	-4.6276247322171	21.41491066222739	4774466.433915329	2463.231583324831	34.666154548302984	6067509.833088953	1201.7422711668278	2366.6604809968367	0.6348880270252266	5601081.832312178	0.4030828068599849	2397.72005171543	1611.836030008693	1.108165	29.276371	0.1063413942889732	0.0529356501653263	0.0809312322	-0.0605175512	-0.0417449998	0.0283139318	-0.066626993	0.0638354657	0.0814781173	-0.04970349	0.0478153658	0.0213568539	0.0145940376	0.0262778557	-0.1270956	0.005734056	-0.0146572221	-0.0173121527	-0.0843841834	0.0141089884	-0.0194354529	-0.0158621559	-0.0067614003	0.0291281496	0.021259883	-0.0001384269	0.0448497106	-0.0342039527	-0.0015767069	-0.0700723437	-0.0683826035	0.0634885453	0.0508143215	-0.0510301718	0.054629918	-0.0248131553	-0.0465176806	-0.0118702706	0.0256697054	-0.001591136	-0.0032696047	0.032129058	-0.0236742495	-0.1018513677	0.0462622144	0.0151423219	0.0765801542	0.0286535238	-0.0133677114	-0.0280086011	-0.0162157345	0.0371872183	-0.0361235776	-0.0005753033	-0.0194632617	0.0591876122	0.010113973	-0.0420213299	-0.0384705017	-0.0224077231	-0.0452166971	-0.0196697498	-0.0139152601	0.0396182355	0.0170681175	0.014331155	-0.0079081039	-0.067214532	-0.0465271376	0.0505368073	-0.0131494275	-0.0552028952	0.034603147	-0.0774873805	0.0368408397	0.0713162127	0.075165698	0.0318781606	-0.0809986954	0.0352212713	0.0247534074	0.0145499704	-0.0042670831	0.0131858222	-0.0198703239	0.0341006259	-0.0186696683	-0.0245017937	0.0145854099	-0.0905297844	0.0014320252	0.0302600998	-0.0325813947	0.0019603136	0.0064061583	-0.0806444153	-0.0190607341	0.0776534394	0.0312459714	-0.0727503781	-0.0426618292	0.066055961	-0.0486994900361139	0.0013979584803393	0.0023716403297775	1.954287912752839e-06	0.1073798479902734	0.0372772160601613	0.0013895908371959	0.0115304317544142	-0.0815796028995023	-0.0257615660366424	0.0066552316092404	0.0006636582846602	-0.004998433760214	0.0004608513898204	2.498434005524707e-05	2.123840034994861e-07	0.0047150533552895	0.000377185072181	2.2231728143226776e-05	1.4226857867618637e-07	0.0007977928896303	-5.6612235100088e-08	3.2049451630276346e-15	6.36473494744664e-07	0.0	0.0	0.0	0.0	0.0	0.0	0.0	0.0	0.0	0.0	0.0	0.0	0.0	0.0	0.0	0.0	0.0	0.0	0.0	0.0	0.0	0.0	0.0	0.0	0.0
2169.114670805166	-15.94057653191885	254.101980169962	4705058.455102203	2401.283242752303	-61.94834057252774	5766161.211923016	3837.5968996898864	2361.2879592232084	-5.37252177362825	5575680.826372504	28.86399020810964	2389.1272197813064	1559.5052294138663	1.125707	29.739794	0.214945995639709	0.1086685946584907	0.078084049	-0.0990092268	0.0263345429	-0.0027816213	-0.0264377928	0.0257965567	0.1374001944	0.0386040228	-0.0869920782	-0.0360683824	-0.0395796142	0.0702129307	-0.0278058857	0.0301545535	-0.0199550438	-0.0021973477	-0.088663916	-0.0600073911	-0.0023058333	0.0457992682	0.0053033529	0.0375098329	0.0280448584	-0.0515655477	-0.0537949144	0.0111709975	-0.0044284636	0.0252165728	0.0674098558	0.0258878693	0.0530940685	0.0350165075	-0.0692326962	-0.0547935955	-0.0212245009	-0.036057242	0.0079849107	-0.0097253599	-0.0245723323	0.032086788	0.0465196865	-0.0033069683	0.0513037565	0.0481218089	0.0639601529	-0.011945179	-0.0937380078	-0.0145873632	-0.0204316947	-0.0450965677	-0.0429930747	-0.0001094039	-0.0460676691	0.0193688155	-0.0727569499	-0.025929616	0.1116648373	0.0367802505	0.0271793122	0.0605064459	0.0387683693	-0.0049100655	0.0450068963	-0.0357838956	-0.0777979862	-0.052482351	-0.0343234332	0.0538628074	-0.0273547273	-0.0381486942	0.0435039635	-0.0850119159	-0.0323406958	0.0495339174	-0.0855977841	-0.0336808895	-0.0788331067	0.0339583422	-0.0670864438	0.0361103912	0.0454715153	0.0416082303	0.0135686991	0.0105139712	-0.0323923857	-0.0718848486	0.0118301318	-0.0185288948	0.0112051291	-0.0184956484	0.0125188662	-0.0365007529	0.0055534252	-0.0808942224	-0.0165575133	0.0786418943	0.0272552159	-0.0749343514	-0.0374485793	0.0698401994	-0.0338207353576507	0.0148787546784632	0.0011438421401322	0.0002213773407818	0.0343066811591512	-0.0730731668311222	0.005339687710729	0.0011769483721556	-0.0051542430654336	0.0764253598340686	2.656622157757035e-05	0.0058408356257668	-0.0054592139498498	-0.0004607801896357	2.980301695023465e-05	2.1231838316080322e-07	0.0041653721934145	-0.000549681161875	1.7350325509670726e-05	3.0214937972025013e-07	0.00079687995522	-9.129344102999432e-07	8.334492375097048e-13	6.350176630314292e-07	0.0	0.0	0.0	0.0	0.0	0.0	0.0	0.0	0.0	0.0	0.0	0.0	0.0	0.0	0.0	0.0	0.0	0.0	0.0	0.0	0.0	0.0	0.0	0.0	0.0
2184.420433121594	15.305762316428172	234.26636008699268	4771692.628639134	2438.2540019021108	36.97075914980769	5945082.577791658	1366.837032113089	2369.235797716224	7.947838493015752	5613278.265180033	63.16813671106289	2395.1407648400414	1554.589442439279	1.176532	31.082539	0.1471927388888128	0.0732948194035926	0.0506081404	-0.1264883892	0.0620270194	-0.0180293805	-0.0185109432	0.0146989277	0.063034641	0.0763764351	0.0605543439	-0.0922631446	0.0479105291	0.0375595142	-0.0045637202	0.0813884875	0.0147312417	-0.0297069591	-0.027066123	-0.0149162913	0.0111561489	-0.0117726992	-0.002926353	0.0971618171	0.0261832694	-0.0185359381	0.0486290149	0.0117422242	-0.0493645487	-0.0694526017	-0.0791636092	-0.087010648	-0.1642141319	-0.0065670362	-0.0447946777	-0.0282808061	-0.0384773376	0.0479051885	-0.0338584938	0.0306443131	0.1405452904	-0.014767299	-0.0649239278	0.0344290987	0.0052804275	-0.0153045716	0.0391743554	-0.0288971253	-0.0491147151	0.0458404292	-0.0290000314	0.0414924044	-0.0524704084	-0.0050104792	-0.0107686491	0.1074241688	-0.0529778355	-0.0461341594	0.0076440087	-0.0188201957	0.0439965601	-0.0596332751	-0.1112413203	-0.0369882046	0.0783789898	0.0507142936	0.0454399183	0.0510402323	0.0034864956	-0.0220165231	-0.0410395059	-0.0146834925	0.0574658115	-0.0462098129	0.0232666195	0.1141763302	0.0485652234	0.001554101	-0.0243339452	-0.0921942408	0.0155974235	0.0395263458	-0.0147867386	0.0753177344	0.0679647391	-0.0539692089	-0.0076640092	0.0377839636	0.0581478582	0.0035273096	0.0177907418	-0.0348442275	0.0173350627	0.0467244241	0.0047000831	-0.0811085467	-0.0140379523	0.0794923845	0.0231897558	-0.0768225931	-0.0320341914	0.073134559	-0.0354217453416083	-0.0016010099839576	0.0012547000430457	2.563232968731925e-06	0.0785299829211823	0.0442233017620311	0.0019557004187356	0.0061669582176011	-0.0515675247654527	-0.0464132817000191	0.0026592096104355	0.0021541927181653	-0.0059489155539024	-0.0004897016040526	3.5389596267461895e-05	2.398076610116894e-07	0.0043678907442428	0.0002025185508283	1.9078469553641923e-05	4.101376342959478e-08	0.0003899972012448	-0.0004068827539752	1.6555357548244312e-07	1.5209781697877705e-07	0.0	0.0	0.0	0.0	0.0	0.0	0.0	0.0	0.0	0.0	0.0	0.0	0.0	0.0	0.0	0.0	0.0	0.0	0.0	0.0	0.0	0.0	0.0	0.0	0.0
2196.919473752904	12.49904063130998	156.22601670313782	4826455.174154738	2461.860154792444	23.606152890333306	6060755.421754677	557.2504542817915	2370.7758065928583	1.5400088766341469	5620577.925126018	2.371627340111967	2399.0538975748404	1579.5378763073218	1.040371	27.485319	0.0810478671380217	0.0399371669823819	0.0280317692	-0.0841396223	0.0210967119	-0.0595631019	-0.0511367506	0.0504814145	0.001820716	0.010143569	-0.0010898353	-0.0832917401	0.0111189728	-0.018742404	0.0658370709	0.0673554042	0.0056554421	-0.0291786771	-0.0126959198	-0.02146448	0.0077260959	-0.0220418911	0.013821509	0.0459817011	0.0835397338	-0.0545705515	-0.0367997919	0.0362350558	-0.0697285908	0.0176178799	-0.0233293737	-0.1430989502	0.0178555041	0.0378504193	0.019449879	0.0458789577	0.0220805337	0.0539798937	0.0551285351	0.0074806619	-0.0186959263	0.026170998	-0.0639303279	-0.0394690264	0.0061410513	-0.0138423094	0.0153925643	-0.0019549047	-0.0720258746	0.0323587499	-0.0105562219	0.0606962137	-0.0493146749	-0.0303773915	-0.0221429127	0.0066268203	-0.0461004081	-0.0731909149	0.091133374	-0.0053501441	-0.0737986872	0.0495570814	-0.0471031419	-0.1302658522	0.0152155654	0.0374519007	0.0413680221	0.0261864978	0.0683570003	0.0565698933	-0.0461919055	-0.0297564633	0.0504678924	-0.0688824602	0.0395296263	0.0233736758	-0.0556061372	-0.0075203513	-0.1180058721	-0.0248336597	-0.0247137735	0.0605014393	-0.0237910912	0.0478280645	0.050276657	0.0324050907	-0.039894741	0.0591107499	0.0051922524	-0.0444450539	-0.0532770762	-0.0126812344	0.0414994736	-0.015290733	0.0038462256	-0.081287294	-0.0115045374	0.0802034182	0.0190607341	-0.0784076511	-0.0264477464	0.0759159322	-0.0498068843476744	-0.014385139006066	0.0024807257284226	0.0002069322242238	0.0787276624562451	0.0001976795350628	3.907719858264706e-08	0.0061980448358244	-0.0680222542830506	-0.0164547295175979	0.0046270270777479	0.0002707581234973	-0.0054438306410776	0.0005050849128247	2.9635292048735357e-05	2.551107691632353e-07	0.0044548740843151	8.698334007229986e-05	1.9845903107102302e-05	7.566101450133366e-09	0.0007981353299336	0.0004081381286888	1.665767320895955e-07	6.370200048882166e-07	0.0	0.0	0.0	0.0	0.0	0.0	0.0	0.0	0.0	0.0	0.0	0.0	0.0	0.0	0.0	0.0	0.0	0.0	0.0	0.0	0.0	0.0	0.0	0.0	0.0
2190.6433912171487	-6.2760825357554495	39.38921199561455	4798918.46748337	2471.951014276761	10.090859484316752	6110541.816983907	101.82544513222534	2366.1629794576893	-4.612827135169027	5598727.245356089	21.27817417895169	2395.396626532832	1595.2637620366263	1.024986	27.07888	0.0702332582248883	0.0379184496730528	0.031449746	-0.1180738159	-0.0092788438	-0.017842739	-0.0607983606	0.0803531372	0.0386522973	-0.0539856049	0.0583913622	-0.0817749562	-0.0177452781	0.0314475389	-0.1365810832	0.0559057852	-0.0105551219	-0.044074223	-0.0561012138	0.0065492128	0.0246445545	-0.044496629	0.0126480803	0.0406346253	-0.0132195216	-0.0880336155	-0.0004369329	0.0318795943	-0.0549388604	0.0480509898	-0.0526022995	-0.0505270543	-0.0950378785	0.0703156233	-0.0067919763	0.0462924071	0.0026797031	-0.0048220269	0.0315984902	-0.0561893007	0.058181793	0.0377148851	0.0046017329	-0.0140225469	0.0345229922	-0.0061143908	0.06597899	-0.0153660902	-0.0067980813	-0.0213628739	0.0047936219	0.0166367774	-0.0132446218	0.0365947642	0.0109663318	0.0481039164	-0.0769092147	-0.0695392811	0.0494600563	0.0289239652	-0.0277386112	0.000515382	0.0318435133	-0.0804975881	0.0578419205	-0.0075030241	0.10544414	0.0210183107	0.0265788217	0.0079775612	-0.0611082399	-0.0208385982	0.0690970566	-0.0612508251	0.0179981269	0.0835279834	0.0911466908	-0.0054102477	-0.0661550921	0.0003422698	0.0917590972	0.0695877963	0.0264196235	-0.0142084364	-0.0126840445	-0.0113725582	-0.052292835	0.0009455452	0.0523620817	-0.023023865	0.0358676585	-0.0128255597	-0.0758351212	0.0264140668	0.0029919463	-0.0814303861	-0.008959769	0.0807737477	0.0148794683	-0.0796832699	-0.0207192494	0.0781648097	-0.0429238638260898	0.0068830205215845	0.0018424580857607	4.737597150055472e-05	0.0854873453426137	0.0067596828863685	4.569331272426443e-05	0.0073080862137272	-0.0382880707036505	0.0297341835794001	0.0014659763582077	0.0008841216731334	-0.0058472872507226	-0.000403456609645	3.419076819246307e-05	1.627772358662381e-07	0.0043222149510904	-0.0001326591332247	1.8681542083429383e-05	1.7598445627928866e-08	0.0007991470118146	1.0116818809999956e-06	1.0235002283436892e-12	6.386359464922045e-07	0.0	0.0	0.0	0.0	0.0	0.0	0.0	0.0	0.0	0.0	0.0	0.0	0.0	0.0	0.0	0.0	0.0	0.0	0.0	0.0	0.0	0.0	0.0	0.0	0.0
2191.3251800958724	0.681788878723637	0.4648360751512342	4801906.044922208	2458.5521786817862	-13.398835594974573	6044478.815300958	179.52879530115757	2370.9229603643003	4.759980906610963	5621275.683982617	22.657418231300923	2398.035093117795	1560.5006929194856	1.071694	28.312853	0.1300004601914878	0.0625554479477073	0.0147072215	-0.1089398914	0.0436944398	-0.0707043447	-0.0384120986	0.043935127	0.0206566811	0.0382348809	-0.0397279975	-0.0399636373	0.0119202424	-0.0183599252	-0.0283608473	-0.0399555299	0.0068267216	-0.0348372882	-0.0309949864	0.0239215773	-0.0364867323	-0.0140352641	0.013269664	0.0172481669	0.0173777025	-0.0238352044	-0.0464434566	0.0276601855	-0.1305019813	0.0520824667	0.0175537567	-0.0350740963	-0.0126268373	0.0374893856	-0.0001173806	0.0013568769	-0.015750687	-0.0404847303	-0.027047338	0.0194514227	-0.0268272611	-0.0368959596	0.0618618087	0.024541197	0.0036309917	-0.0155351434	0.0334938026	-0.0157091865	-0.025520845	0.0976276919	0.0937168984	0.0144277933	-0.0274622281	0.0438871951	-0.0148841193	0.0462739132	-0.0537307543	0.0101623882	0.0887900388	0.0411449432	0.0269564061	0.0760417703	0.0583088467	0.019474236	-0.0344853795	-0.0391384908	0.0316649414	-0.0025477477	-0.0385344282	0.0536837914	-0.0631184674	-0.0143792874	0.0653245253	-0.090511416	0.0141021372	0.025971489	-0.0698561783	-0.0352182283	-0.0591724395	-0.0437638135	0.0506824409	-0.0232832081	-0.0172759533	0.084626373	0.0309178822	-0.0553833172	-0.0007927919	0.0435695768	0.018796518	-0.0002215956	-0.05636125	-0.023855185	-0.0331162837	-0.0228511731	0.0021373389	-0.0815377601	-0.0064061583	0.0812023727	0.010657419	-0.0806444153	-0.0148794683	0.0798654172	-0.0610869554298005	-0.0181630916037107	0.0037316161236824	0.0003298978966047	0.1049453474469714	0.0194580021043577	0.0003786138458931	0.0110135259507655	-0.0925099705238849	-0.0542218998202344	0.00855809464633	0.0029400144201155	-0.0057930849293161	5.4202321406500095e-05	3.355983299826932e-05	2.937891645853538e-09	0.0050272348309461	0.0007050198798557	2.5273090045477663e-05	4.970530309917468e-07	0.0008030741438161	3.927132001499932e-06	1.542236575720486e-11	6.44928080465962e-07	0.0	0.0	0.0	0.0	0.0	0.0	0.0	0.0	0.0	0.0	0.0	0.0	0.0	0.0	0.0	0.0	0.0	0.0	0.0	0.0	0.0	0.0	0.0	0.0	0.0
2203.777060026197	12.451879930324594	155.0493137992204	4856633.3302977085	2500.0739071974112	41.521728515625	6250369.54144933	1724.0539389252665	2370.198130731997	-0.7248296323032264	5617839.178925453	0.5253779958648304	2401.811595620126	1615.536066953008	1.140364	30.127022	0.0204542903368336	0.0107727432291998	0.0061986258	-0.1240139933	-0.0161599834	-0.0265978129	-0.0782491166	0.0693003459	-0.0280413865	-0.0229690382	0.0732945889	-0.1010208371	-0.0120710176	-0.0232275738	-0.1647657906	0.0731827459	-0.0001543911	-0.0499196564	0.0068229324	0.0273593801	0.0382185745	0.0028251545	-0.024623207	0.0243572814	0.0122281024	-0.0396304395	0.0872793489	0.0340325661	-0.0037023031	-0.061527135	-0.0070464366	-0.0034100336	-0.0114320326	0.0182992403	-0.042823185	0.0048799582	-0.0608941446	-0.0863913738	0.0536487218	0.0765521192	0.0113229604	-0.0516667709	-0.040319114	0.0550283051	0.0124243347	-0.0412586716	0.0370068168	-0.0425666768	0.047754061	-0.0401341796	-0.0740760708	0.0360601389	-0.0619082011	0.0352325865	-0.0080595717	0.0435368581	-0.0247902848	-0.0544623777	0.0492724472	-0.0210757751	-0.0364215697	-0.0341028515	0.0256610634	0.0417553414	0.0438200736	0.0074012999	-0.0013299568	0.04000883	-0.0264308395	0.0438546932	-0.0837042725	-0.0101492074	0.0457361741	-0.0747040132	0.0158707842	0.0566100665	0.1037471854	-0.0464378973	-0.0702247186	-0.0362858731	0.0070648769	0.1153978522	-0.0365044339	-0.0841546437	-0.0263063688	-0.0417641293	-0.0386303741	0.0614445374	0.063251398	-0.076696942	0.0054161182	-0.0147809138	-0.0838629663	0.0114206826	0.0012824971	-0.0816093689	-0.0038462256	0.0814885411	0.0064061583	-0.081287294	-0.008959769	0.0810058262	-0.0534455735316612	0.0076413818981393	0.0028564293301282	5.8390717313210994e-05	0.1002178557259014	-0.0047274917210699	2.234917797278535e-05	0.0100436186062975	-0.0925740850038892	-6.411448000429032e-05	0.0085699612143073	4.110666546220543e-09	-0.0057110542502029	8.20306791132e-05	3.261614064876061e-05	6.729032315772786e-09	0.0049497683810941	-7.746644985200026e-05	2.450020702647891e-05	6.0010508526724724e-09	0.0008021452280289	-9.289157871999544e-07	8.628845397093108e-13	6.434369668495359e-07	0.0	0.0	0.0	0.0	0.0	0.0	0.0	0.0	0.0	0.0	0.0	0.0	0.0	0.0	0.0	0.0	0.0	0.0	0.0	0.0	0.0	0.0	0.0	0.0	0.0
2192.087938069766	-11.68912195643088	136.63557211231452	4805249.528230959	2476.030351781133	-24.043555416278195	6130726.3029414015	578.0925570556406	2365.8471994814668	-4.350931250530266	5597232.971294299	18.930602746840865	2394.676216111692	1604.355967666717	1.079407	28.516617	0.0611989480209716	0.0330220865475402	0.0023903209	-0.0979442734	-0.0122794602	-0.0646017739	-0.0439151495	0.1040314498	0.0039043043	-0.0051914677	0.0498706972	-0.0443011233	-0.0107594596	0.0539626978	-0.0878480631	0.0658280304	0.0219648889	-0.015669416	-0.0457252136	0.0370614962	0.0078112698	-0.0293860337	0.0067389813	-0.0283834276	-0.0585315214	-0.1528976419	-0.0277233581	0.0590241497	0.0487525425	0.0686263336	-0.0322717174	0.0548158673	0.0408175753	0.02605575	-0.062462056	0.1073995935	0.0180136612	0.0062899164	0.0196764693	-0.064094917	0.0779421617	0.0267770764	0.0368836046	0.0569552069	-0.0048260452	0.0079036292	0.0559828765	-0.0361032922	0.0443966272	-0.0814746394	0.0286609518	0.0215915611	0.0208845106	0.0668728906	0.0113874894	-0.0028489004	-0.1154424737	-0.0886960404	0.0619501659	0.0441467685	-0.0331577765	0.0245870647	0.1233543186	-0.0294871229	0.0150855399	-0.0054381572	0.0478952791	0.036203614	-0.0287442312	-0.0939178154	-0.0674577954	-0.0069863648	0.0719913438	-0.0916227398	0.0029476822	-0.0194017186	-0.1200265044	-0.0841903757	-0.0557143303	0.0423368108	0.1033340623	0.0197955769	0.0333426984	-0.0001576455	0.0088775623	0.0134205334	0.0179017464	0.1824442173	0.0090507867	-0.0909608107	-0.0231782905	-0.03275262	0.0422648949	0.0244944727	0.0004275147	-0.0816451812	-0.0012824971	0.081631751	0.0021373389	-0.0816093689	-0.0029919463	0.0815780375	-0.0549959998300266	-0.0015504262983654	0.0030245599973042	2.403821706663044e-06	0.0739121854205251	-0.0263056703053762	0.0006919882902151	0.005463011153638	-0.0766282728728242	0.0159458121310649	0.005871892203472	0.0002542689245192	-0.0057282342844721	-1.7180034269199777e-05	3.2812668017801594e-05	2.9515357749087865e-10	0.0047339335153355	-0.0002158348657586	2.2410126527616727e-05	4.6584689277032905e-08	0.0009170711137244	0.0001149258856955	1.3207959202895132e-08	8.410194276277114e-07	0.0	0.0	0.0	0.0	0.0	0.0	0.0	0.0	0.0	0.0	0.0	0.0	0.0	0.0	0.0	0.0	0.0	0.0	0.0	0.0	0.0	0.0	0.0	0.0	0.0
2204.05914483466	11.97120676489385	143.3097914078403	4857876.713929293	2459.018137462104	-17.012214319029226	6046770.200367594	289.41543603658306	2368.68366938052	2.8364698990531	5610662.325589964	8.045561488234302	2395.9704084344626	1590.195946552939	1.349606	35.654949	0.0666507947795963	0.0383574919418189	-0.0645376358	-0.1668337615	0.0563561517	-0.0991053791	-0.0136850879	0.0349459511	-0.0077895951	0.0983728908	0.0015369683	-0.1389025512	-0.0228648737	0.0042362986	-0.0173359275	-0.0402198111	0.0104256883	-0.0711845069	0.0558223479	0.0189206096	0.0459118134	0.0524233165	-0.0108470414	-0.0023135782	0.0265025909	0.0236886791	0.0759908282	0.037553506	0.0478121675	-0.0365966414	0.0067666455	-0.0565857989	-0.0935234149	-0.0618076678	-0.0314404754	-0.0282818614	-0.0862110528	-0.1181640963	0.0732856853	0.0206924082	0.0385050773	-0.0797940706	0.0993480662	0.0468184487	-0.0264088258	-0.0842787466	0.0043050145	-0.0730778341	-0.012418348	0.0756153359	-0.0132933701	0.0001653572	-0.060424286	0.0526981582	0.0265338654	-0.0345555624	-0.0209408618	0.0280542244	0.0113020117	0.013275406	0.0121818177	-0.165653688	-0.1099394016	-0.0046027505	0.085280033	0.1164931304	0.0929304289	0.0238583191	-0.0468468355	-0.0251798145	-0.1211971303	0.030398528	0.0550251017	-0.0299448382	0.0329773652	0.0981113615	0.1784113658	-0.0234139505	-0.0666582001	-0.131794321	0.0096628594	0.0987518042	-0.0011836089	0.0159670452	-0.0546389827	-0.1743233997	-0.0509555578	0.1008493713	0.0758524959	-0.0171931062	0.0062406593	-0.0276579612	-0.0914823249	0.1162395259	-0.0004275147	-0.0816451812	0.0012824971	0.081631751	-0.0021373389	-0.0816093689	0.0029919463	0.0815780375	-0.0555393146038483	-0.0005433147738216	0.0030846154666652	2.951909434529221e-07	0.0842595233939533	0.0103473379734281	0.0001070674031363	0.0070996672825761	-0.0713730660003477	0.0052552068724764	0.0050941145502899	2.7617199272524155e-05	-0.0063181152842262	-0.000589880999754	3.991858074477271e-05	3.479595938708964e-07	0.0050430246208241	0.0003090911054885	2.543209732623805e-05	9.553731149216465e-08	0.0008059445157697	-0.0001111265979546	1.2349120772985533e-08	6.495465624992563e-07	0.0	0.0	0.0	0.0	0.0	0.0	0.0	0.0	0.0	0.0	0.0	0.0	0.0	0.0	0.0	0.0	0.0	0.0	0.0	0.0	0.0	0.0	0.0	0.0	0.0
2205.528521666489	1.4693768318288676	2.15906827391544	4864356.059884368	2492.3619325552413	33.34379509313749	6211868.002850497	1111.8086712131396	2371.884832299274	3.2011629187541075	5625837.657691355	10.247444032406316	2406.1145973136586	1641.4118537537352	2.253344	59.530586	0.4714940322899809	0.2681574095133596	-0.0317283999	0.0182957517	-0.0118146903	-0.1769184533	-0.0434342493	0.1546540374	-0.0456018177	0.0247150132	-0.0432144014	0.0331061372	0.0142104904	-0.0678126284	-0.0140747564	-0.0207261909	0.0327185965	-0.0225408964	0.0987539597	0.0216494742	-0.0320974235	-0.1075225855	0.0680602133	-0.0575135446	0.0721033107	-0.1470176077	-0.1178104274	-0.0118058231	-0.161439169	0.2314336824	0.143279917	0.0941375149	0.0702581614	0.0954296642	0.2141902843	0.0480386236	0.0242228575	0.0370510265	-0.0022330926	0.0351410793	0.0003488784	-0.0289704719	0.086082777	-0.1131687517	-0.0604343778	-0.0482912412	-0.0712477037	0.0006722714	0.0246156847	0.0966109444	0.1174055915	0.0655475521	0.080406183	-0.0261571895	-0.0085694645	-0.028493466	-0.0796247298	-0.0477244141	0.1142763457	0.1304765333	-0.0096514709	0.1986485367	0.1839071194	-0.1178586324	-0.2644543112	-0.2087860419	-0.1026428645	0.2076287696	0.011992084	0.0325621555	0.0115383617	0.0066525024	0.0724545174	-0.0543951867	0.0860574182	-0.1692181029	-0.5600324092	-0.1290095592	-0.0446489727	0.0980312317	0.2437913036	-0.1608413479	-0.1397934476	0.1174790174	0.2354724457	0.2054541286	0.0671713986	0.0651578583	0.0061568349	0.0944447993	-0.1126035397	-0.051592294	-0.0807245765	-0.0742220494	-0.0012824971	-0.0816093689	0.0038462256	0.0814885411	-0.0064061583	-0.081287294	0.008959769	0.0810058262	-0.0292439733859311	0.0262953412179171	0.000855209979397	0.0006914449697666	0.1819796462970373	0.097720122903084	0.0095492224201938	0.0331165916663948	-0.2752071107722074	-0.2038340447718596	0.075738953819586	0.0415483178080565	-0.0042572531999315	0.0020608620842947	1.8124204808327e-05	4.247152530483494e-06	0.0044918749153857	-0.0005511497054383	2.017694025547129e-05	3.037659978048345e-07	0.0005450658375604	-0.0002608786782093	6.80576847442315e-08	2.970967672754204e-07	0.0	0.0	0.0	0.0	0.0	0.0	0.0	0.0	0.0	0.0	0.0	0.0	0.0	0.0	1.0	0.0	0.0	0.0	0.0	0.0	0.0	0.0	0.0	0.0	0.0
2122.8079475901827	-82.7205740763061	6842.693375513643	4506313.582352044	2480.974051859841	-11.387880695400328	6155232.246001837	129.68382673267143	2332.86997521442	-39.01485708485416	5442282.321256928	1522.1590733515943	2368.0791510087024	1485.8246051948229	4.45093	117.588112	4.062430100483881	2.576765375609813	-0.0163596956	0.2419115469	0.2897378726	0.2205308526	0.3473026171	0.4420788091	-0.0541442792	0.1208363939	0.3352514742	0.4523055627	0.0500786558	0.4623977679	0.0600033434	0.0772224803	-0.0932836451	0.8884740466	0.2520148407	0.2530336306	-0.0073262631	0.0288875282	-0.0010357618	0.0296897452	-0.0036547753	0.022784285	0.0225834065	0.0296113977	0.0002809501	-0.0281839014	-0.0396341188	-0.020170824	-0.0179210031	0.0360215612	0.0040752133	-0.0135136202	-0.0117086158	-0.0237050801	0.0070615843	0.0213108639	-0.005140239	0.0225272659	0.0028657267	0.0184009363	-0.1149433481	0.7272634479	-0.52267534	-8.30137e-05	0.3070849824	0.0895161584	-0.0402743806	0.023421721	-0.1041950081	-0.0162705661	-0.05007731	0.0614423911	-0.0200992503	0.0100523068	0.0133437687	-0.0227322583	0.0252137752	-0.0184232642	-0.0105778663	0.0063072234	0.0255548303	0.018506816	0.0219483819	-0.0181322287	0.0053840352	0.021859876	0.4736439579	0.6037439184	0.2805925503	-0.2965357982	-0.1215611187	-0.30082269	0.0932006594	0.2504590506	0.0946164065	-0.0125618821	-0.071349405	0.0932455523	0.0361044233	0.055404402	-0.0047595781	0.0160185545	0.0167821616	0.0210985897	-0.0218748772	0.0276801774	0.0053059107	-0.0048985396	-0.0328253219	0.0151793486	-0.0021373389	-0.0815377601	0.0064061583	0.0812023727	-0.010657419	-0.0806444153	0.0148794683	0.0798654172	0.062301471112363	0.0915454444982941	0.0038814733027646	0.0083805684083902	1.093122464794973	0.9111428184979358	0.8301812357003623	1.1949167230394373	-0.7231405065463434	-0.447933395774136	0.5229321922081022	0.2006443270497488	0.0413201089880072	0.0455773621879386	0.0017073514067807	0.0020772959440105	-0.0018602085109913	-0.006352083426377	3.4603757043644693e-06	4.034896385565337e-05	0.000851789057515	0.0003067232199545	9.407913365931792e-08	7.255445985022919e-07	0.0	0.0	0.0	0.0	0.0	0.0	0.0	0.0	0.0	0.0	0.0	0.0	0.0	0.0	0.0	1.0	0.0	0.0	0.0	0.0	0.0	0.0	0.0	0.0	0.0
2224.9925130759534	102.18456548577068	10441.68542351576	4950591.683244047	2478.2137168770405	-2.7603349828004866	6141543.226517516	7.619449217272162	2374.375549979832	41.50557476541235	5637659.25234203	1722.7127366072343	2404.4909063135738	1688.9088579783183	4.889928	129.185913	3.872408154603193	2.4066905846591005	-0.0820336872	0.0905829328	0.0153815388	0.0469296356	-0.0620941217	-0.2091152434	-0.0430703578	0.0680545261	-0.1433775651	0.106881517	-0.0842988384	-0.0584068584	-0.0156209118	0.0287221905	0.0556915014	-0.0543363667	0.0433960599	0.0209688556	-0.0701977288	0.1449273492	-0.0584709185	-0.0181418927	-0.0971679739	0.2320001584	-0.0225919269	-0.0563903692	0.1592307665	-0.1732191512	-0.0970909962	0.0265472795	-0.0675871663	-0.0329956142	-0.1567195531	-0.0524288491	-0.1287753813	0.0273153221	0.021409388	0.07693493	-0.0461279824	-0.1190424068	-0.0224340357	0.0002932591	-0.051784294	-0.0793426501	0.0142246836	0.0358980759	0.0321257017	-0.0368645948	-0.0246145254	-0.0828777104	-0.1477217441	-0.0087457344	-0.0618369962	0.0280167661	0.2137128243	0.156470014	-0.019708865	-0.0986481912	0.086393053	-0.1086348436	-0.0597751596	0.1359748604	0.1409935353	0.0820851894	0.0221340547	-0.0748135194	-0.1054718175	-0.0252828414	-0.0316165699	-0.0298959147	-0.2324298006	0.0434069492	-0.1141504618	0.0017250089	0.2641191462	0.1762509519	-0.0844085291	-0.0300158871	-0.123690774	0.0903702242	0.0327271934	-0.1204590331	0.1471624611	-0.088589393	-0.0114136186	-0.0822264517	-0.0536894891	0.0260533386	-0.1867309675	-0.0666294545	-0.0295669825	0.013884492	-0.0029919463	-0.0814303861	0.008959769	0.0807737477	-0.0148794683	-0.0796832699	0.0207192494	0.0781648097	-0.0355685703835746	-0.0978700414959376	0.0012651231991313	0.0095785450224165	0.2285323160187999	-0.8645901487761732	0.7475161253608054	0.0522270194649166	-0.2727895623313117	0.4503509442150317	0.0744141453169085	0.2028159729553706	-0.0012238966396626	-0.0425440056276698	1.497922984577404e-06	0.0018099924148471	0.0032559276087948	0.0051161361197861	1.0601064593712226e-05	2.617484879617997e-05	-0.0006800095973501	-0.0015317986548651	2.34640711904653e-06	4.624130524882452e-07	0.0	0.0	0.0	0.0	0.0	0.0	0.0	0.0	0.0	0.0	0.0	0.0	0.0	0.0	0.0	0.0	1.0	0.0	0.0	0.0	0.0	0.0	0.0	0.0	0.0
2196.695141236191	-28.29737183976249	800.7412530377832	4825469.543530689	2505.2348177326257	27.02110085558525	6276201.491979823	730.1398914477097	2349.2000307829485	-25.17551919688367	5518740.784630606	633.8067668326581	2385.163128540701	1658.3601467932056	2.633224	69.566544	0.7020027633739164	0.3686204346753856	0.0297910706	0.2836959799	0.0763829793	-0.0316948832	0.0655564011	-0.0380533125	-0.0927399551	0.043675772	-0.0219500391	0.1161067432	-0.0451983605	-0.0506789494	0.1336976316	0.0978585647	0.0354755806	0.0791695108	0.0597038243	-0.3072110581	-0.0535454295	-0.0172455609	0.0696340247	-0.0490173213	-0.0187247307	-0.1080069968	0.0014024547	0.0363320627	0.0385674174	0.0389624078	-0.0421296106	0.0232458185	0.0613969796	0.0752963448	0.0795703095	0.0800157403	0.1627207872	-0.094738426	-0.1680278249	0.0327115991	-0.0189878653	-0.1276369974	-0.0329122823	-0.1118443939	-0.0817665101	0.0293412355	-0.1494848582	0.0564408058	-0.2143607741	-0.1879009902	0.0501949818	0.0140865881	0.1017779833	-0.0460456133	0.060622509	-0.0674603139	-0.0214233579	-0.0197295957	-0.0583538119	0.0445975402	-0.1411566783	0.0404282688	0.1125358562	0.0417794799	-0.1607451733	0.0565922417	0.0124404696	-0.0401237594	0.139148692	-0.0863063396	0.2408833198	0.0030498142	-0.0147620193	0.1445653422	0.2560835817	0.0712242711	-0.1517009122	-0.0645462389	0.1588595896	0.1485089321	-0.0341516159	-0.0659159862	0.036309059	-0.2057374647	0.0368333885	-0.0154650333	0.0508550209	-0.2226233209	0.0419140322	0.0333396819	0.0201087202	0.0016763186	-0.0324417601	-0.0269333911	-0.0038462256	-0.081287294	0.0115045374	0.0802034182	-0.0190607341	-0.0784076511	0.0264477464	0.0759159322	-0.0507945155396498	-0.0152259451560751	0.0025800828089077	0.0002318294058958	0.2668445012032521	0.0383121851844522	0.0014678235336077	0.0712059878224124	-0.0305326350189076	0.242256927312404	0.0009322418011978	0.0586884188308474	0.0047579578950123	0.0059818545346749	2.2638163330709877e-05	3.5782583674010664e-05	0.0022896943108405	-0.0009662332979543	5.242700037095353e-06	9.336067860756432e-07	0.0004960566844404	0.0011760662817905	1.383131899164532e-06	2.460722341780026e-07	0.0	0.0	0.0	0.0	0.0	0.0	0.0	0.0	0.0	0.0	0.0	0.0	0.0	0.0	0.0	0.0	0.0	1.0	0.0	0.0	0.0	0.0	0.0	0.0	0.0
2217.3132392910084	20.61809805481744	425.1059673980666	4916478.001135184	2477.321265377216	-27.913552355409596	6137120.651890172	779.1664050981924	2360.778918390689	11.578887607740398	5573277.101517911	134.07063823268416	2394.202048220643	1678.4772075173385	1.626058	42.958462	0.5393175389762009	0.2970497981255567	0.0276862591	0.2287012753	0.0239550052	-0.1082553384	0.0994808568	0.0639777414	-0.0547627005	0.1172813938	0.008932878	0.0887546328	0.0243863221	-0.0727853296	0.1620026401	0.0291084826	0.0411172231	0.0331722232	0.1029023698	-0.2284834749	-0.1136988322	-0.1480756263	0.0466962693	-0.1164241919	0.0832348873	0.0515998513	0.1258159889	-0.1123549628	-0.0088456173	-0.0835076487	-0.079829686	0.0916729617	-0.1677914606	-0.0638130444	0.1331065647	-0.0478512059	-0.0226012984	0.1135062755	-0.050113183	0.0920697029	0.0005171725	-0.0480726891	-0.0827705058	-0.0071167373	-0.0888421089	-0.0203146789	-0.1309707188	0.0320073736	-0.2235770904	-0.0140545589	0.1342336034	0.2306969384	0.0141538968	0.0186861173	-0.0295829604	-0.0552772891	0.0375276418	-0.0778598061	-0.2612970995	-0.081499589	0.0945277706	-0.0690531244	-0.1468707681	0.0580865687	-0.1186119184	-0.0335570917	-0.0110731742	-0.0678625414	-0.01160927	-0.1527362945	0.2179648801	-0.0044667272	-0.0801580316	0.2281170142	0.200314063	0.0289753451	-0.0155932844	0.0940779014	-0.03586673	-0.2018224052	-0.1158700975	-0.0956893341	-0.0481940076	-0.241286562	0.0091625741	0.0009399982	0.0872077869	0.1191336974	0.058866424	-0.1374343907	0.2395070266	-0.0452520703	0.0578452844	0.0667750611	-0.0047000831	-0.0811085467	0.0140379523	0.0794923845	-0.0231897558	-0.0768225931	0.0320341914	0.073134559	-0.050764606690933	2.990884871680033e-05	0.0025770452924851	8.945392315644486e-10	0.1899764199506108	-0.0768680812526413	0.0059087019154626	0.0360910401372508	-0.2159951944759655	-0.1854625594570579	0.0466539240367101	0.0343963609603627	0.0063138874267507	0.0015559295317384	3.986517443768057e-05	2.4209167077356766e-06	-0.0003696163716182	-0.0026593106824587	1.366162621682033e-07	7.0719333058389565e-06	-0.0008278428897182	-0.0013238995741586	1.752710082457322e-06	6.853238500569798e-07	0.0	0.0	0.0	0.0	0.0	0.0	0.0	0.0	0.0	0.0	0.0	0.0	0.0	0.0	0.0	0.0	0.0	0.0	1.0	0.0	0.0	0.0	0.0	0.0	0.0
2223.152708937187	5.8394696461787134	34.099405748642546	4942407.967254753	2516.9089537663244	39.58768838910828	6334830.681549094	1567.1850719931383	2370.8379274451213	10.059009054432408	5620872.478212278	101.18366315715318	2403.679077810664	1694.8762773068363	2.138155	56.487434	0.6390737016071443	0.3900758144392014	-0.0393459786	0.1468231707	-0.0618102687	-0.0805053393	-0.0934474861	-0.0688739105	-0.0928232801	0.0150092002	-0.0038080554	0.0854398871	0.0614788684	0.0018881868	-0.0286776518	-0.0802461823	0.0115319952	-0.0636119838	0.0261448662	0.0759933446	0.0663728493	-0.010848639	0.0002290392	0.0352073212	-0.1678382982	-0.0333820793	-0.0610464309	-0.0269343834	0.0945439756	0.0058885617	-0.0287355853	0.096490087	0.1225405003	0.0924935093	0.1220653593	-0.0590088558	0.0048735162	0.0485934548	0.0103329988	0.0484012778	-0.0467045103	0.0387563332	0.0339673722	0.0543007356	-0.0259265291	-0.0708518477	-0.0101227523	-0.0385295351	0.1227020635	-0.0581566512	0.095774813	-0.1212020066	0.0789815488	-0.0859762705	0.0596160898	0.0474008501	0.0607594357	-0.0127495258	-0.0009888756	-0.0402067167	-0.0110904286	-0.0439469934	0.0549912313	0.0076458961	-0.1061278223	-0.0849552075	-0.1418135162	0.0090776184	0.0237404113	0.0150537908	0.0366623378	-0.0695957536	-0.1771152311	0.0445446619	-0.123900521	-0.1696145573	-0.0939125211	0.0467169562	-0.0474292965	-0.0001721838	0.0961349396	0.0116621764	0.0039760268	0.0034340591	0.1364929187	-0.0922229365	0.1480532666	-0.1351313279	-0.1248962288	-0.0306315694	-0.0328028819	0.0225795219	0.1068813763	-0.0393029912	-0.0055534252	-0.0808942224	0.0165575133	0.0786418943	-0.0272552159	-0.0749343514	0.0374485793	0.0698401994	-0.0392153511017028	0.0115492555892302	0.0015378437620298	0.0001333853046653	0.2402860663269024	0.0503096463762915	0.0025310605185075	0.0577373936708565	-0.2918052393704329	-0.0758100448944674	0.0851502977240356	0.0057471629069011	-0.0008751854838984	-0.0071890729106491	7.659496312264765e-07	5.168276931462872e-05	0.0019420961586333	0.0023117125302515	3.77173748937822e-06	5.344014822521792e-06	-0.0013551525437607	-0.0005273096540425	2.7805547124642097e-07	1.836438416861096e-06	0.0	0.0	0.0	0.0	0.0	0.0	0.0	0.0	0.0	0.0	0.0	0.0	0.0	0.0	0.0	0.0	0.0	0.0	0.0	1.0	0.0	0.0	0.0	0.0	0.0
2215.776802813519	-7.375906123667846	54.40399114516083	4909666.839886501	2492.3016184337102	-24.607335332614184	6211567.357247291	605.5209521717225	2363.49794636602	-7.339981079101108	5586122.542476395	53.87532224156226	2395.575029093792	1720.8135040877107	1.404209	37.097481	0.1208076965745041	0.0545181433095511	-0.0363087653	0.112934435	-0.0843161312	0.001588975	0.0202431865	0.0135364098	-0.0782649594	-0.0078062608	-0.0502815089	0.0155660002	-0.0008671273	0.0407837284	0.0946136776	0.0572264072	0.0208436099	-0.0218812178	0.0218590777	-0.0503688904	-0.0605940367	0.0029002297	0.0749244541	-0.118643956	-0.0539034884	0.0671805141	0.0353974393	-0.0607496255	0.0580483006	-0.0764124374	0.0205168169	0.0849853153	-0.0332767667	-0.0119385911	-0.0290881842	0.1340577225	-0.0128255878	-0.0473638769	0.0026872365	0.0524620686	-0.0167379531	0.0648168452	0.041952179	0.0040332427	-0.0394371085	-0.040627941	-0.0300264824	0.0735561224	-0.0051345874	-0.1203358739	-0.0037572733	0.0418812396	-0.0203716202	0.0154995259	0.1032718231	-0.0936047528	0.1219392539	0.0466941203	-0.0428857906	0.0897503841	-0.0099234236	-0.0690292846	-0.0205214189	0.0300387195	-0.0209490327	-0.0319283866	0.0272034478	-0.0844146559	0.0454926365	-0.074377722	0.0446738115	-0.0061983734	-0.0562553188	0.1427606242	0.0252537772	-0.0062302114	0.1048687164	0.0746393264	0.020797168	0.0285134379	0.0838482235	0.104518415	-0.1537941313	-0.0259607733	0.0734457479	-0.1489180036	0.0865523279	-0.1493141926	-0.081990592	-0.1331674278	0.0052259797	0.1028918723	0.0763297359	-0.1054682197	-0.0064061583	-0.0806444153	0.0190607341	0.0776534394	-0.0312459714	-0.0727503781	0.0426618292	0.066055961	-0.0590576261487996	-0.0198422750470967	0.0034878032063313	0.0003937158790446	0.2138111249418699	-0.0264749413850324	0.0007009225213409	0.0457151971489079	-0.2713362930409531	0.0204689463294798	0.0736233839212059	0.0004189777638391	-0.0011991973884989	-0.0003240119046005	1.438074376582582e-06	1.049837143228436e-07	0.0011863141739989	-0.0007557819846343	1.4073413194306929e-06	5.712064082979123e-07	-0.0013557893307837	-6.367870229999784e-07	4.054977126611751e-13	1.838164709466913e-06	0.0	0.0	0.0	0.0	0.0	0.0	0.0	0.0	0.0	0.0	0.0	0.0	0.0	0.0	0.0	0.0	0.0	0.0	0.0	0.0	0.0	0.0	0.0	0.0	0.0
2214.139605645979	-1.6371971675403074	2.680414565402005	4902414.193290131	2519.8897131165463	27.588094682836072	6349844.16627059	761.1029682291279	2370.7211486152983	7.223202249278074	5620318.764491839	52.17465073397583	2410.9058760630933	1747.2242772176594	1.284791	33.942616	0.2073223970838046	0.1200703094735525	-0.0572085482	0.0911625944	-0.1285179486	0.0371326602	-0.0460635294	0.012076533	-0.0838721884	-0.1521323387	-0.136719095	0.0717541297	-0.0479497671	-0.0028836795	0.0557354063	-0.0260136411	-0.0007996079	-0.0309502809	-0.0615890178	0.0780451256	-0.1308426979	-0.0339371839	0.0118435033	0.040273776	0.0088342216	-0.0386552331	-0.1061202534	0.0798755127	-0.005439219	0.0415786371	0.0327835417	0.1350097205	0.0435079337	-0.0196612379	-0.0133473883	0.0340494544	0.0521913427	-0.0215423893	-0.0445851723	-0.0498947823	-0.0448460389	0.0514517379	0.1154945742	0.0015647437	0.0228195184	-0.0308385509	0.0401505799	0.1935933407	0.0829875132	-0.0432035355	0.0466108722	-0.0043943194	0.0305303874	-0.03840262	-0.0364789325	-0.0306336569	-0.0527176552	0.0294359483	0.028716696	0.0607693488	-0.1104149036	0.0384169375	0.0725078061	0.029665017	0.0458037553	-0.0922162444	-0.0041205503	0.010645694	0.0251089767	-0.0113850007	-0.0300568597	-0.0273927686	-0.0826303839	0.0479306831	-0.0274505687	-0.076292584	0.0215751018	0.1120346977	-0.0846695377	0.0914781816	0.0987376575	-0.0172958154	0.0146786935	-0.0163592751	0.0164771303	0.0634742976	0.0971993096	-0.083180433	-0.0735217108	-0.0035078329	-0.0822084052	0.0333737232	-0.0380359759	-0.0688814477	-0.0072581889	-0.0803592349	0.0215451443	0.076528754	-0.0351510839	-0.0702792922	0.0476459404	0.0618083875	-0.0572730618144277	0.0017845643343719	0.0032802036095992	3.1846698635122248e-06	0.2282653243555756	0.0144541994137056	0.0002089238806911	0.0521050583031561	-0.253745373809096	0.017590919231857	0.0643867147295178	0.0003094404394217	-0.001844995490889	-0.00064579810239	3.404008361400741e-06	4.1705518905065386e-07	0.0029948196789137	0.0018085055049148	8.968944909208757e-06	3.270692161307136e-06	-0.0003402386560112	0.0010155506747725	1.0313431730308805e-06	1.1576234304430769e-07	0.0	0.0	0.0	0.0	0.0	0.0	0.0	0.0	0.0	0.0	0.0	0.0	0.0	0.0	0.0	0.0	0.0	0.0	0.0	0.0	0.0	0.0	0.0	0.0	0.0
2190.7879256900246	-23.351679955954296	545.3009567653177	4799551.735349201	2468.827053240876	-51.06265987567031	6095107.018814027	2607.39523357839	2366.4855502584705	-4.2355983568277225	5600253.859582136	17.940293440361703	2408.5802615615817	1721.3990129847728	1.321733	34.918575	0.0666370467274058	0.0406952752172342	0.0021185817	0.0130232814	-0.1081679561	0.094123768	-0.1068146213	0.0015076068	0.0574442319	-0.1572112681	-0.0751721316	0.0594322816	-0.041946228	0.0229067349	0.0139062273	-0.1657678675	-0.0223100083	-0.0195814089	-0.110070309	0.0904353534	-0.0284429302	-0.078305812	0.0155416014	0.0449908667	0.0712434287	-0.0645573454	-0.0009150724	0.0380140852	0.0314973956	-0.0104747485	0.0345196522	0.1082933588	-0.0595184693	-0.0566732363	-0.0049439679	0.0840151673	-0.0544322033	0.0201929965	-0.0332059524	0.0573208412	-0.032044233	0.0200175177	-0.0931451015	-0.0337707381	0.0709161937	0.0180570397	0.1029435899	0.1196800441	0.0735583214	0.027634944	-0.0219237863	0.0434650146	0.1087464358	-0.0546015341	-0.0344449689	-0.0694925321	-0.0762472314	-0.0221516991	-0.0971241295	0.090381832	-0.0565893838	-0.0772260196	-0.0561447387	-0.0165085864	0.0415995017	-0.0026168299	-0.0062400389	-0.0314380828	0.007521013	-0.0820272911	-0.0090605896	-0.0296283185	-0.0419211626	0.0080826561	-0.0313809102	-0.0055761768	0.0504250127	0.0176814216	-0.0372205508	0.0227907176	0.03507977	-0.1016638509	-0.0042232923	-0.043213887	-0.1674450287	0.015035908	0.1428931809	-0.0791574859	-0.0655467335	-0.0956521801	0.0809270271	0.0425325157	0.0252912715	0.0522923081	-0.0081094236	-0.0800388062	0.024008292	0.0752698111	-0.0389598496	-0.0675308461	0.0523741431	0.0571272725	-0.0594828282887078	-0.0022097664742801	0.0035382068612238	4.883067870852318e-06	0.2048439972708422	-0.0234213270847333	0.00054855856241	0.0419610632178968	-0.2205769959775736	0.0331683778315224	0.0486542111544905	0.0011001412879746	-0.0016969826965282	0.0001480127943607	2.879750272316121e-06	2.190778729449244e-08	0.0029948021538841	-1.7525029600250208e-08	8.968839940908844e-06	3.07126662489646e-16	-0.0003489598433582	-8.721187347000001e-06	7.605910874147292e-11	1.2177297227657946e-07	0.0	0.0	0.0	0.0	0.0	0.0	0.0	0.0	0.0	0.0	0.0	0.0	0.0	0.0	0.0	0.0	0.0	0.0	0.0	0.0	0.0	0.0	0.0	0.0	0.0
2178.6555079721115	-12.132417717913086	147.19555968193137	4746539.822417219	2433.488482574918	-35.33857066595783	5921866.194824778	1248.8145767128954	2366.9918780119524	0.5063277534818553	5602650.5505745495	0.2563677939459824	2402.20352498446	1606.747588745848	1.25226	33.083176	0.2617941557512041	0.1360280493656887	0.0334779387	-0.0714589928	0.0034486589	0.0626101789	-0.072216517	-0.0318574896	0.119191839	-0.086566416	-0.0096347151	-0.0217425657	-0.0518289175	-0.010730039	-0.02922174	-0.066062447	-0.0102618777	-0.0206581046	-0.0889012356	0.0851848772	-0.0141479632	-0.062986898	-0.0489312751	0.061584525	0.046185768	0.0385864457	-0.042825024	-0.0079708734	-0.0369003338	0.0469917771	-0.0074637482	-0.0342996503	-0.0185110262	-0.0471130102	-0.0399795949	0.0133588889	0.0417769198	-0.0785338909	0.0167215903	-0.0098839749	0.0550596139	-0.0672464489	0.0746111223	-0.0536514556	0.0565031557	0.018046203	0.1137655882	0.05913398	0.0521463585	0.0859970988	-0.0006705581	0.0205507053	0.1168133443	0.0015270213	-0.0502636789	-0.0186307627	-0.0285288078	0.0580778304	-0.0165868103	0.0331529305	-0.0078515289	0.0136893646	-0.0594269405	-0.0251924537	0.0688602966	0.0378990324	0.0184423539	0.0711056323	-0.0181347395	-0.0205256614	-0.0499616404	-0.0245395379	-0.0094397464	-0.1147543172	-0.0473457149	0.0198188217	-0.034039273	-0.0347529627	-0.0186643638	0.0506684337	-0.0183891308	-0.0927585135	0.0246075596	-0.0069980592	-0.0558396136	0.0613958641	0.0172846431	0.0148849701	-0.0267447191	-0.0190271831	0.0066476883	-0.0042082443	0.0691986949	0.0768301801	-0.008959769	-0.0796832699	0.0264477464	0.0738788195	-0.0426618292	-0.0645158866	0.0568210419	0.0520454508	-0.0462661395522587	0.0132166887364491	0.002140555669069	0.0001746808611561	0.1858505078087375	-0.0189934894621047	0.000360752641947	0.0345404112527655	-0.1681250448194333	0.0524519511581403	0.0282660306955364	0.0027512071802959	-0.0026566100685161	-0.0009596273719879	7.057577056141118e-06	9.208846930684036e-07	0.0042402152206237	0.0012454130667396	1.7979425117208893e-05	1.551053706805736e-06	0.0009886402458045	0.0013376000891627	1.789173998528063e-06	9.774095356243822e-07	0.0	0.0	0.0	0.0	0.0	0.0	0.0	0.0	0.0	0.0	0.0	0.0	0.0	0.0	0.0	0.0	0.0	0.0	0.0	0.0	0.0	0.0	0.0	0.0	0.0
2179.3642530620687	0.7087450899571195	0.5023196025383254	4749628.547524788	2444.2051678557896	10.716685280871388	5974138.9025729485	114.84734340924548	2365.2103802224865	-1.7814977894659023	5594220.142712199	3.1737343738718966	2398.853288040023	1605.034182392052	1.02236	27.009493	0.0280702993257203	0.0140588823043723	0.0466133483	-0.1000798867	0.0183672673	0.0627863027	-0.0743309142	-0.024751857	0.1125054243	-0.0732259549	-0.027825524	-0.0207920815	-0.0402478481	0.0021070805	-0.027359911	-0.1177562238	-0.0008834782	-0.0229214485	-0.0777162135	0.0695728542	0.0162907907	0.0148716258	-0.0666993488	0.0485165174	0.0567913375	-0.0367879391	-0.0172591752	-0.078513508	0.0141441286	-0.0230371372	0.042662272	-0.087840635	-0.0648400367	-0.0730933041	-0.0263782646	-0.0074056745	-0.0360938989	0.0325336624	0.037505743	0.0185301323	-0.0192158067	-0.0977176107	0.0232764783	0.1058215967	0.0458474309	0.0152895315	0.0837758652	0.001424268	0.0138851839	0.1376408526	-0.0008626901	-0.0315666397	0.0610729394	-0.0102957329	-0.0218313649	0.033656202	0.018068574	-0.0412846612	-0.0055697804	-0.0079636581	0.0474497275	-0.0495458329	-0.0338791257	0.0465720169	-0.0404733639	0.0527170729	0.0114644519	0.0844413108	-0.0525561452	-0.016174109	-0.037986841	-0.016389696	0.0047211113	-0.0894328145	-0.0094409861	0.0820156489	0.0267388319	-0.0161497598	0.0161054405	-0.0486142949	-0.0384398232	-0.1218504169	0.0086496928	0.0047481428	-0.0921132196	-0.0021475323	-9.24619e-05	-0.0858488484	0.0260750715	0.0358337884	0.0570025761	0.0429262093	0.0200463736	0.0359386452	-0.0098091318	-0.0792927819	0.0288611001	0.0723582192	-0.0462468756	-0.0612463124	0.0609627523	0.0465985677	-0.0495579132604149	-0.0032917737081561	0.0024559867667268	1.0835774145708408e-05	0.1894475605960366	0.0035970527872991	1.2938788754616256e-05	0.0358903782157889	-0.1643161664709183	0.003808878348515	0.0269998025636985	1.4507554273786431e-05	-0.0025052276646002	0.0001513824039159	6.276165651478172e-06	2.2916632215356732e-08	0.0042179984258166	-2.2216794807100596e-05	1.7791510720191313e-05	4.935859715008119e-10	0.0008147875548925	-0.000173852690912	3.0224758137343444e-08	6.638787596076986e-07	0.0	0.0	0.0	0.0	0.0	0.0	0.0	0.0	0.0	0.0	0.0	0.0	0.0	0.0	0.0	0.0	0.0	0.0	0.0	0.0	0.0	0.0	0.0	0.0	0.0
2169.520647931223	-9.843605130845845	96.89656197201464	4706819.841799913	2425.8274290170243	-18.377738838765254	5884638.715371346	337.7412848258609	2359.954248511273	-5.256131711213584	5569384.055066407	27.62692056562504	2392.0579297581376	1575.3573156025595	1.041928	27.526468	0.0536172581429128	0.0239086257044536	0.0666103845	-0.1065764375	0.0260705886	0.0733859296	-0.0685892007	-0.014515646	0.1498966119	-0.0629510952	0.0338606283	-0.0205423349	0.0030356596	-0.0204693081	-0.0424327147	-0.0844433402	-0.0147572853	-0.0189059262	-0.0707248033	0.0218410315	0.0874430466	-0.0264170877	-0.0194694308	0.0330676705	0.0385066161	-0.0627379936	-0.0061110142	0.0289636918	-0.0701825653	-0.060259051	0.049054667	-0.0105140144	0.0499168537	-0.0501902061	0.0587904377	-0.0602454935	0.0522067784	0.0132854694	0.0272135371	-0.011475355	-0.0118476158	-0.0099004803	0.0092190566	-0.072881109	0.0614957441	0.0320659389	0.0908907425	-0.0588237393	-0.0069090565	0.0528840636	-0.0322839374	0.0087518659	0.0418423572	-0.0122925012	-0.0299121982	0.0133414547	-0.0685056821	-0.0481035794	0.0118873601	0.060747022	-0.0298454707	0.043568506	-0.0820081499	0.0289432864	0.0193665933	0.0348420155	-0.0474366793	-0.0316208655	0.0375589747	0.0603955995	-0.0436083055	-0.0224788549	0.0186962917	-0.1142583334	-0.0594726255	0.0590016241	-0.0219687483	-0.0477561308	0.0165593141	0.0091903883	-0.0531734453	-0.081311825	0.0019295622	0.008575374	-0.0562750503	0.089143955	0.0078786669	-0.0097128055	-0.0082745935	0.006628307	0.0015152443	0.0210898856	0.075584354	0.0805719376	-0.010657419	-0.0788675135	0.0312459714	0.0707106781	-0.0497051625	-0.0577350269	0.064777029	0.040824829	-0.035044719356037	0.0145131939043779	0.0012281323547433	0.000210632797306	0.1856862119726798	-0.0037613486233568	1.4147743466428157e-05	0.0344793693167629	-0.1479915545542951	0.0163246119166231	0.0219015002193969	0.0002664929542283	-0.0023118033146745	0.0001934243499257	5.344434565740004e-06	3.7412979144179714e-08	0.0040900058988999	-0.0001279925269166	1.6728148253035976e-05	1.6382086946522147e-08	0.0008737327520212	5.89451971287e-05	3.4745362645413032e-09	7.634089219545398e-07	0.0	0.0	0.0	0.0	0.0	0.0	0.0	0.0	0.0	0.0	0.0	0.0	0.0	0.0	0.0	0.0	0.0	0.0	0.0	0.0	0.0	0.0	0.0	0.0	0.0
2174.009191672994	4.488543741771082	20.147024921792344	4726315.965478664	2407.156641718167	-18.67078729885725	5794403.097767884	348.5982983591692	2355.678806470788	-4.275442040484904	5549222.639255636	18.27940464154572	2383.921342791097	1538.9350694347995	1.125218	29.726892	0.057356763866741	0.0322335006153296	0.091727627	-0.1033465252	0.0678752788	0.0078691635	-0.025464923	-0.0164916146	0.134488596	0.0344422765	-0.075947564	-0.0282764602	-0.0465989182	-0.0072789393	-0.0521194456	0.024365286	0.0036428057	-0.0039357169	-0.0924406907	-0.0650870267	0.0538471022	0.0738032168	-0.0145969729	-0.0194725702	0.003843941	0.0064636838	0.0261081091	0.0227979745	-0.0460867003	0.0618738039	0.0632768578	-0.0110319526	0.0535212457	-0.003230444	0.0411239104	-0.0873526651	-0.0150616296	-0.0026990068	0.0330459212	0.035400936	0.0111429496	0.0470019282	-0.1131981453	0.0056795716	0.0375620699	0.0423994655	0.0932645677	-0.0697102021	-0.0774928693	-0.0283298631	-0.0559969004	-0.0478128304	-0.0520165926	0.0330444984	-0.0264214898	0.0344480561	-0.026033594	-0.0019356629	0.0073785968	0.0592184667	0.0919158107	0.0935013722	0.0226224908	-0.0101423458	-0.0500429744	-0.0102633367	-0.1185208868	-0.0349977906	0.0174605029	0.0620737832	-0.0286113296	-0.0234325311	0.0321753523	-0.0944510367	-0.0427833765	0.1007277277	-0.0088293031	-0.0285655676	0.0430911623	-0.03590637	-0.065933073	-0.0184467028	0.0085421709	-0.0509003784	-0.001773728	-0.0409046545	-0.0451375275	-0.0484231956	0.0357954176	0.002002765	0.0375743781	0.0278824849	-0.0306033217	-0.0113929598	-0.0115045374	-0.0784076511	0.0336000067	0.0689390864	-0.0530272111	-0.0539958877	0.0682433853	0.0347647336	-0.0442083907358892	-0.0091636713798521	0.001954381811457	8.397287315792226e-05	0.171646946434393	-0.0140392655382868	0.0001971009768545	0.0294626742202513	-0.1726310709630922	-0.024639516408797	0.0298014866618641	0.0006071057688593	-0.0022941681368143	1.763517786019988e-05	5.263207439973997e-06	3.1099949816088396e-10	0.0039500524182287	-0.0001399534806711	1.56029141067544e-05	1.9586976751983907e-08	0.0008410351997565	-3.269755226469994e-05	1.0691299241027843e-09	7.07340207229456e-07	0.0	0.0	0.0	0.0	0.0	0.0	0.0	0.0	0.0	0.0	0.0	0.0	0.0	0.0	0.0	0.0	0.0	0.0	0.0	0.0	0.0	0.0	0.0	0.0	0.0
2189.5097307816523	15.50053910865836	240.26671265904727	4793952.861187544	2454.752998921409	47.59635720324195	6025812.285713651	2265.413219018602	2363.3755128279977	7.696706357209678	5585543.814635001	59.23928874911186	2390.9366354640524	1598.784501245921	1.168594	30.872816	0.0920678461641827	0.0438041816433283	-0.0033860554	-0.0623986351	0.0648800913	0.0306345825	-0.023868032	-0.1044818633	0.0644089796	0.0143843825	0.058842156	-0.0754449395	0.0208375898	-0.024094101	-0.0247509295	0.0073051202	0.0321291396	-0.0244154461	0.0169551075	0.0162132728	0.0963783415	0.0282961051	-0.0495911633	0.0061102594	0.0337812278	0.0440674392	-0.0081486899	-0.0799292267	-0.0236771414	0.0312846956	-0.0007262083	-0.0907986361	0.0304171716	0.0154890372	0.0042333083	0.0814066294	-0.0105003542	0.0154705177	-0.0195636099	-0.0251998491	0.0626296034	-0.031286552	0.0022146862	0.0425411024	-0.0162094935	-0.0143117308	0.0363902915	-0.0937181135	-0.0063139268	0.065136811	-0.0866989654	0.0096023884	-0.0385479305	-0.0197954553	-0.0102052429	0.0246221095	0.0808182113	-0.053935545	0.0111031225	-0.016897766	0.0445845901	0.0689529787	-0.0249669009	-0.0717183505	0.0124756792	0.022516723	0.0045450446	0.0822867603	-0.0017286339	-0.0526334306	-0.0496071261	0.0037792705	-0.0287018964	-0.0786787789	-0.0334227943	0.027221936	-0.0383701922	-0.0419245756	0.0709024475	-0.0229963988	-0.0614638204	-0.0890725331	0.0018590787	-0.0186671395	0.0334279702	0.0004134669	-0.0311212009	-0.0044247758	0.0244031139	0.0807887525	-0.026924084	-0.0282516441	0.1594837361	0.0281841122	-0.0123503943	-0.0779133966	0.0359208828	0.0670465522	-0.0562039158	-0.0500436514	0.0713432033	0.0284607885	-0.0549206196161691	-0.0107122288802799	0.0030162744590239	0.0001147518475835	0.1938024577929979	0.0221555113586049	0.0004908666835612	0.0375593926466067	-0.2028706281336951	-0.0302395571706029	0.04115649175936	0.0009144308178741	-0.0025041942161847	-0.0002100260793703	6.270988672372903e-06	4.411095401570151e-08	0.0040592879229384	0.0001092355047097	1.647781844131355e-05	1.1932395489182958e-08	0.0005810858087427	-0.0002599493910138	6.757368588844549e-08	3.376607171221578e-07	0.0	0.0	0.0	0.0	0.0	0.0	0.0	0.0	0.0	0.0	0.0	0.0	0.0	0.0	0.0	0.0	0.0	0.0	0.0	0.0	0.0	0.0	0.0	0.0	0.0
2198.276418460207	8.766687678554717	76.8548128533231	4832419.211958235	2485.394885618295	30.641886696886104	6177187.737457578	938.9252203448056	2365.1814734417458	1.805960613748084	5594083.402312067	3.261493738409357	2392.683437464681	1629.2726528144883	0.913811	24.141777	0.049648634168526	0.0279542743579051	-0.0308305244	-0.0170593982	0.0620452125	0.0893691416	0.0189907072	-0.1310264816	0.0115809443	0.0087150612	0.0385067121	-0.0314280865	0.0240547332	-0.0685072769	-0.0181274168	-0.061095354	0.0247059305	-0.0147256152	0.0115467442	0.0380203527	0.0488617197	0.0199276567	-0.0681131986	0.0116383314	0.0052292253	0.0349125957	0.0287887822	-0.0744806205	-0.0005605449	-0.0093323904	0.0887571141	-0.0885338611	0.0149518694	-0.0420593679	0.0043607909	-0.0204385132	-0.0126977593	-0.0058723419	-0.012992661	-0.0010238993	0.1086427508	0.105614923	-0.0649117038	0.0249918473	-0.0101590896	-0.0083555834	0.0346276738	-0.0575215187	0.0163406169	0.0856925167	-0.0667612772	-0.0513415184	0.0134363307	0.0323824457	0.0268596557	0.0418983252	0.0575655315	0.0032539213	0.0236025598	-0.0041710284	0.0759960781	0.0135752285	-0.0739335151	-0.0286616107	-0.0065956732	0.0044563099	-0.0450600454	-0.0295877824	-0.0190420206	0.0410467449	-0.0476034925	0.0174475089	-0.0503502372	-0.0426319531	-0.0096746967	0.0281141439	0.0213813325	-0.0088829224	0.0802831075	0.0002252947	-0.0966678503	-0.1241450477	-0.0191478707	-0.0239291459	-0.0471370146	-0.0104066758	-0.0400732123	0.0088272695	0.0055989782	0.0364826921	-0.0563026672	0.019046361	0.0418061842	-0.0133945751	-0.0131948967	-0.0773849666	0.0382063093	0.0650363955	-0.0592265694	-0.0458939156	0.0740598336	0.0219572114	-0.0394466966711775	0.0154739229449916	0.0015560418782678	0.0002394422913075	0.1761928280653677	-0.0176096297276301	0.0003100990591442	0.0310439126616722	-0.2118396476829644	-0.0089690195492692	0.0448760363304424	8.044331167517473e-05	-0.0025044648852927	-2.706691080000406e-07	6.272344361664177e-06	7.326176602553765e-14	0.0040436175072746	-1.56704156638e-05	1.635084254513765e-05	2.4556192707626844e-10	0.0007170659629036	0.0001359801541608	1.8490602325622112e-08	5.14183595154867e-07	0.0	0.0	0.0	0.0	0.0	0.0	0.0	0.0	0.0	0.0	0.0	0.0	0.0	0.0	0.0	0.0	0.0	0.0	0.0	0.0	0.0	0.0	0.0	0.0	0.0
2191.053522255725	-7.222896204481913	52.17022958071922	4800715.537389219	2480.8723026104826	-4.5225830078125	6154727.381859838	20.45375706255436	2361.942606386931	-3.2388670548148184	5578772.875865889	10.490259798764816	2392.286084911492	1644.599054713449	0.908388	23.998491	0.0430395317110402	0.0242534602858324	-0.0158731269	-0.0463890243	0.0122713744	0.1258528918	0.0018927318	-0.1017334813	0.0472037481	-0.0731923321	0.0754154412	-0.0517055279	0.0033279892	-0.0282053238	-0.1110200468	-0.0376410662	0.0193277524	-0.0177048745	-0.0533889052	0.0324872385	0.0698374558	0.0048882749	-0.0268896839	-0.0553873588	-0.0124873905	0.0759865209	0.0280386266	-0.0180113837	0.018681007	0.0793658986	0.0359474122	-0.1009349301	-0.026790635	-0.054979577	-0.0150059299	-0.0069100462	-0.0854100603	0.020226775	-0.0223227697	0.0738881897	0.0287513003	-0.0222914927	-0.0026925146	0.0739916325	0.0024134069	0.0209349902	0.076552327	-0.0509310507	0.0177035447	0.0209593051	-0.0708349737	-0.0230757605	0.0136119705	0.0418270798	0.0302402713	-0.0288477906	0.03464347	0.0164473563	0.018302526	-0.0243965914	0.1331890595	0.1058418337	-0.0464243948	-0.0556846275	-0.0364660188	-0.0298643349	-0.0111714833	-0.0262935771	-0.077734445	0.031437758	-0.0579051678	0.0135181785	-0.0268136523	-0.0616620691	-0.0492901703	0.0116394704	-0.00776706	-0.0317772902	0.0747648459	0.0764241899	-0.0789972961	-0.0592183531	-0.0594700953	-0.080021307	-0.0320091647	0.0923668058	-0.0921524086	-0.0139600558	-0.0154566646	0.0257785672	-0.0420829724	0.0107876924	0.060928313	-0.0271609587	-0.0140379523	-0.0768225931	0.0404540309	0.0629121428	-0.0620868871	-0.0415630576	0.0763786853	0.0152996203	-0.0474524386418124	-0.0080057419706349	0.0022517339330549	6.409190450038521e-05	0.1745012826021792	-0.0016915454631885	2.8613260540336106e-06	0.0304506976298056	-0.1908967613380525	0.0209428863449119	0.0364415734893573	0.0004386044884558	-0.0026555632540334	-0.0001510983687406	7.05201619617246e-06	2.283071703610054e-08	0.0040049864988005	-3.86310084740998e-05	1.603991685557429e-05	1.4923548157259707e-09	0.0007753237443349	5.825778143130002e-05	3.393969097297125e-09	6.011269085294893e-07	0.0	0.0	0.0	0.0	0.0	0.0	0.0	0.0	0.0	0.0	0.0	0.0	0.0	0.0	0.0	0.0	0.0	0.0	0.0	0.0	0.0	0.0	0.0	0.0	0.0
2189.008005164423	-2.0455170913019174	4.184140170808257	4791756.046673927	2445.429999963561	-35.44230264692169	5980127.884721782	1256.1568169159923	2357.2734162703805	-4.669190116550453	5556737.959055031	21.801336344492437	2384.455620708776	1611.973110687804	0.984886	26.01947	0.0581756178000486	0.0297421222717092	-0.0233325269	-0.0488266372	0.0839734786	0.0411624771	0.0117386422	-0.1157851852	0.0668772222	0.0992178639	-0.0178104141	-0.0163077934	-0.0071222331	0.0087192908	-0.0543591485	-0.0191684762	0.0312542055	-0.0206908515	0.0038513778	-0.0497141269	0.0912633487	0.0614949103	-0.0227430006	-0.0179112846	0.0033177391	0.0066259921	-0.0187813963	0.0240970544	0.0621105843	0.0050946921	-0.0463654862	0.0541432519	0.0030229013	-0.0311896073	-0.0706642444	0.0245422844	-0.0049004933	-0.0254272669	-0.000390626	0.0230859621	0.031418916	0.0354143123	-0.0804719584	-0.0485645121	-0.0208837385	-0.005154637	0.0328170442	-0.1086912851	-0.0449330806	-0.0059953144	0.0053922334	-0.0607054441	-0.0351618744	-0.0499506069	-0.0584305273	-0.0337215857	0.0430746703	0.0160060728	-0.0260090263	0.0471645376	-0.0111504546	-0.0002988515	0.0346878681	-0.0223770514	0.0542339417	0.0216263725	-0.0442394388	-0.0561213613	-0.0648352689	0.0100456786	-0.0530017223	0.0144618197	-0.0217522201	-0.052429911	-0.0072066964	0.044559824	0.0078517009	0.0014352394	0.0761940011	-0.0369051971	-0.0501489932	-0.0952227486	0.0239566614	-0.0509856897	0.0036585664	-0.0100830046	-0.0622014133	-0.0267064151	0.0322355065	0.0351926444	-0.0419950568	-0.0019401776	0.0970259126	0.0082941408	-0.0148794683	-0.0762265226	0.0426618292	0.0606775209	-0.064777029	-0.0370681691	0.0782873035	0.0085347133	-0.0438567392950233	0.003595699346789	0.0019234135815916	1.2929053792499548e-05	0.1836326378226545	0.0091313552204752	8.338164816250123e-05	0.0337209456737062	-0.2115859977766518	-0.0206892364385992	0.0447686344551413	0.0004280445044122	-0.002395188911679	0.0002603743423543	5.736929922630032e-06	6.779479815648624e-08	0.0040458226411626	4.083614236209936e-05	1.6368680843743915e-05	1.667590523017646e-09	0.0005813476931677	-0.0001939760511672	3.762670842642021e-08	3.379651403514063e-07	0.0	0.0	0.0	0.0	0.0	0.0	0.0	0.0	0.0	0.0	0.0	0.0	0.0	0.0	0.0	0.0	0.0	0.0	0.0	0.0	0.0	0.0	0.0	0.0	0.0
2203.605433190614	14.597428026190755	213.08490497981933	4855876.905187193	2493.00576736678	47.57576740321929	6215077.756124029	2263.453644005223	2370.3118282815685	13.03841201118803	5618378.163291512	170.00018777349226	2401.671735159958	1620.813903004538	0.954227	25.20952	0.0396200541430293	0.0190716345337357	-0.0384002495	-0.0266363252	0.0664827616	0.0154339311	0.0110942704	-0.1213675265	0.0050294464	0.0436147846	0.0876337181	-0.0920789361	0.0084827523	-0.0060460061	0.037476322	-0.0336317588	0.044213603	-0.0231273543	0.0508812733	0.0138489181	-0.0060563896	0.0343687884	-0.0191032056	-0.0418800255	0.0023271503	0.0865081076	-0.0103802556	0.0032426915	-0.0165891768	0.0464757064	0.009803276	-0.0137103095	0.0481068357	0.0357287109	-0.0607082184	-0.009875626	0.0066160705	0.1180834009	0.0156315938	-0.0406404746	0.01151358	0.0179305394	-0.0202130445	0.0370770612	-0.0473555158	-0.0497319285	-0.009414645	-0.0290999797	0.0110557832	0.0444214422	-0.0166945864	0.0091833219	-0.0670776321	0.0471115528	0.0229827921	0.0221421657	0.0336237573	0.0470420346	0.0154666504	-0.074437377	-0.007164352	0.0835615823	-0.0318848516	-0.0782759238	-0.0021920629	-0.0323677824	-0.0190524204	0.0235304351	-0.0269864201	-0.0819181403	-0.0513857944	0.0045064725	-0.0326548526	-0.0510960539	-0.0257431912	-0.0061398743	-0.0490276441	-0.0348894905	0.0596361496	-0.0022341703	-0.1067114698	-0.0432230551	-0.0291840101	-0.0423757272	0.0421378953	-0.0496382259	-0.0772130958	0.0591793162	-0.0049200354	0.0588430095	-0.0421825204	-0.0357370459	0.0305072944	0.033841023	-0.0157193527	-0.0755970167	0.0448275254	0.05833645	-0.0672896215	-0.0324269895	0.0797754371	0.0017099414	-0.0455407535950342	-0.0016840143000108	0.0020739602380036	2.835904162641187e-06	0.1936724849711737	0.0100398471485192	0.0001007985307656	0.0375090314349095	-0.2110608078256675	0.0005251899509843	0.0445466646000233	2.758244846148921e-07	-0.002468747675482	-7.355876380300006e-05	6.094715085197779e-06	5.410891732225552e-09	0.0038839130135379	-0.0001619096276246	1.5084780296729052e-05	2.6214727517568894e-08	0.0008932993566103	0.0003119516634426	9.731384032460519e-08	7.979837405203759e-07	0.0	0.0	0.0	0.0	0.0	0.0	0.0	0.0	0.0	0.0	0.0	0.0	0.0	0.0	0.0	0.0	0.0	0.0	0.0	0.0	0.0	0.0	0.0	0.0	0.0
2208.0126784523086	4.4072452616946975	19.423810796730365	4875319.988206138	2490.776625903685	-2.2291414630954023	6203968.200148145	4.96907166249111	2368.026793438455	-2.285034843113408	5607550.894442412	5.221384234242317	2396.4535466171733	1633.2608802475615	0.946227	24.998165	0.0544630223429181	0.0289556481910837	-0.0365005292	0.0158098367	0.0504076741	-0.0148029782	0.0241240615	-0.0734319658	-0.0099009554	0.083624968	0.0278606695	-0.0313910001	0.0135621646	-0.0105166169	-0.0325308816	-0.0774059451	0.0153227898	-0.046881578	0.0270950306	0.0271352684	0.0208253952	0.0415614895	-0.0615009404	-0.0812796889	-0.0178296314	-0.022803583	0.0594285673	-0.0717482991	-0.0244321605	-0.0149440786	-0.006782126	-0.0322138389	-0.0060864099	-0.0151745613	-0.0218545663	-0.047303206	-0.0615562211	-0.0382392443	0.0164639369	-0.034910439	0.0177262955	-0.0445642396	-0.0754525343	0.0322709115	-0.0201274039	-0.04353233	0.0141980915	-0.0587339897	0.0013403485	0.0719562403	0.0299482556	-0.0405789619	-0.009236183	0.1005510199	-0.0152559129	0.0113606458	0.0283014211	-0.0375748392	-0.0298583412	-0.0379148123	0.0774193804	-0.0236542505	0.050531977	0.0587142187	-0.0210170072	0.0305556239	0.0017014578	0.0126471461	-0.029529888	-0.0542195043	-0.0379467009	0.0121691479	-0.0342993115	-0.0068802245	0.0287343868	0.0103954137	0.0282162596	0.0231861616	0.0647932488	-0.0264352453	-0.0068736886	-0.0989655234	0.0317507186	-0.0052764818	-0.0171759186	-0.0540669478	-0.0242039979	0.0577154728	-0.0200244292	0.0393121272	-0.0838659387	0.0288035489	0.0216129211	0.0136145908	-0.0165575133	-0.0749343514	0.0469489822	0.0558930371	-0.0696177779	-0.0276578354	0.0808350932	-0.0051268245	-0.0370914177569687	0.0084493358380655	0.0013757732712219	7.139127610441805e-05	0.1934849192751357	-0.000187565696038	3.518089033022153e-08	0.0374364139869057	-0.2079744462656378	0.0030863615600296	0.0432533702994986	9.525627679228956e-06	-0.0020152162736436	0.0004535314018383	4.061096629557998e-06	2.0569073245350413e-07	0.0039959062045411	0.0001119931910031	1.5967266395490057e-05	1.254247483107917e-08	0.0006040287644762	-0.0002892705921341	8.367747547361285e-08	3.648507483146447e-07	0.0	0.0	0.0	0.0	0.0	0.0	0.0	0.0	0.0	0.0	0.0	0.0	0.0	0.0	0.0	0.0	0.0	0.0	0.0	0.0	0.0	0.0	0.0	0.0	0.0
2200.843021350211	-7.169657102097517	51.40398296165736	4843710.004625926	2500.96020325618	10.183577352495377	6254801.938271194	103.70524769425674	2360.3246688842773	-7.702124554177772	5571132.542543674	59.32272264806814	2394.489209249265	1677.2028067034876	1.017102	26.870583	0.101378259376399	0.0479992992861912	-0.0371720824	-0.011563612	0.0075894218	0.061871705	0.0172882587	-0.0650476449	0.0038529056	-0.0281347635	0.0546301237	-0.007720675	0.0016647817	0.0303731747	-0.0137405894	-0.0754130175	0.0143526254	-0.0122318875	0.017460208	-0.0471673588	0.0314590794	0.0617160216	-0.0284559845	0.0048067038	0.0826150336	-0.0063313809	-0.0231644906	0.0237021291	0.0335240644	-0.0112030626	0.0234853965	0.0138366406	0.0673105347	-0.0148341275	-0.0777621288	-0.0867781845	-0.0034922372	-0.0816317608	-0.012209111	-0.0166470169	-0.0478642898	-0.0079583307	0.0353718227	0.0067733434	-0.0241638826	-0.0218151933	0.0007480789	0.0064892228	-0.039690894	0.0269922647	-0.0895399574	-0.0622555915	0.0045763195	-0.0299199136	-0.0292678084	-0.0723341599	0.022654972	-0.0246626121	0.0459683809	-0.0346422629	-0.0531674026	0.0319410056	0.0136660501	0.0083000986	0.0995645725	0.009948915	-0.0653622786	-0.0899199821	0.0238808966	0.050035743	-0.0476516734	0.0134654085	-0.027107635	0.0034456248	0.0233625974	0.0101784864	0.0006051133	-0.0101452276	0.023655226	-0.0110017484	-0.1023425198	-0.0296506521	-0.0338325407	0.0317841989	-0.0147554194	0.0895537007	-0.0238561515	0.0445365106	-0.0010804065	0.0834654328	-0.0215545377	0.0132137498	0.0316211138	0.002873685	-0.0173938582	-0.0742388174	0.0490241061	0.0533515689	-0.0717551168	-0.0227795284	0.0814605803	-0.0119276293	-0.0301120099106668	0.0069794078463018	0.00090673314086	4.871213388502048e-05	0.1722256025188073	-0.0212593167563283	0.0004519585489459	0.0296616581629662	-0.1952398878113541	0.0127345584542837	0.0381186137925901	0.0001621689790255	-0.0015359458627347	0.0004792704109089	2.359129693251842e-06	2.2970012677278602e-07	0.0033010684365908	-0.0006948377679502	1.0897052823056028e-05	4.827995237701549e-07	0.0005700374169457	-3.399134753049996e-05	1.155411706939226e-09	3.249426567181258e-07	0.0	0.0	0.0	0.0	0.0	0.0	0.0	0.0	0.0	0.0	0.0	0.0	0.0	0.0	0.0	0.0	0.0	0.0	0.0	0.0	0.0	0.0	0.0	0.0	0.0
2197.5586604048303	-3.2843609453807403	10.78702681954227	4829264.065920273	2461.0160577119286	-39.94414554425157	6056600.036315963	1595.5347632603523	2356.8007484104323	-3.52392047384501	5554509.767707974	12.41801550598404	2383.3359795513466	1625.7093859918102	1.019907	26.9447	0.0643285873712476	0.0393273242280198	-0.0249354811	-0.0062067528	0.0543058991	-0.018808849	0.0269671889	-0.0854645466	0.0235962496	0.1285248837	-0.0306593488	-0.0219550738	0.0006817601	0.0102578489	-0.0039617736	-0.0016746664	0.009811783	-0.0079645177	0.0288369543	-0.0426632927	0.0860057156	0.0545422197	0.016396099	-0.0356717302	-0.0792185649	-0.0496388983	-0.0137090355	0.0035099702	0.0116048869	0.0411378291	0.0077427714	0.0557326593	-0.0279320239	-0.0231462838	-0.0102216199	0.0369926492	-0.0053604734	0.0123886102	0.0178102783	-0.0294193353	0.0151541847	0.0684158159	-0.0034893979	0.0661352452	-0.0322841143	-0.0120044615	-0.01978197	-0.1164200489	-0.0178513031	-0.0998541309	0.0331062341	-0.0590741224	-0.0197045504	0.0129393887	0.0273363758	-0.0207956515	1.13852e-05	0.0025881851	-0.0482084623	0.1036969768	0.0099936347	-0.0212759642	0.0198423614	-0.044030926	0.008955728	0.0002874037	0.0094886349	-0.0459092299	-0.0263905955	-0.0432216085	-0.0244341855	0.0032750877	-0.0240473505	0.0079606354	-0.017489586	0.018194811	0.0023912516	-0.0245754606	0.1098631612	0.0496767923	0.0027885963	0.0389575288	0.0654913145	-0.0566402983	0.0192578524	-0.0608749788	-0.0405527598	-0.0038624453	0.0112732178	0.0521988521	0.0692785712	0.0473780892	-0.0182090586	-0.0485564064	-0.0182282956	-0.0735107199	0.0510508491	0.0507165039	-0.0736957799	-0.0178113211	0.0816485389	-0.0186447705	-0.0307423363192214	-0.0006303264085546	0.0009450912423641	3.97311381321341e-07	0.1667336500810421	-0.0054919524377652	3.0161541578675205e-05	0.0278001100693473	-0.1949502755473062	0.0002896122640478	0.0380056099359706	8.387526348694435e-08	-0.0016737502076422	-0.0001378043449074	2.801439757582308e-06	1.8990037475385213e-08	0.0026623468852469	-0.0006387215513438	7.08809093738387e-06	4.079652201511581e-07	0.0001882293879795	-0.0003818080289661	1.457773709830546e-07	3.5430302499137144e-08	0.0	0.0	0.0	0.0	0.0	0.0	0.0	0.0	0.0	0.0	0.0	0.0	0.0	0.0	0.0	0.0	0.0	0.0	0.0	0.0	0.0	0.0	0.0	0.0	0.0
2210.246227765512	12.687567360681442	160.97436553182905	4885188.387351675	2524.9957521353194	63.97969442339081	6375603.548301407	4093.401298510465	2364.182087773862	7.381339363429561	5589356.944150777	54.48417079811471	2395.835220419692	1687.5089168251632	1.01638	26.851515	0.0766178040386639	0.0408576670418651	-0.0357599607	0.0066546624	-0.0080021632	0.0583512159	0.0262944043	-0.0540106239	-0.0556256129	0.0364949764	0.1061915635	-0.0553513037	0.023061283	-0.0702246382	-0.032142368	-0.0169613032	0.0314592801	-0.0332209824	0.0631197801	-0.0172796065	0.049095542	-0.0181503772	0.0189920861	-0.0360013976	0.06312763	-0.0409057276	0.016449363	-0.0013805878	0.0136874152	-0.0171363754	0.0206737033	0.0501171507	0.0070462324	-0.0225950358	0.0172165278	0.0017923323	-0.0177645292	0.0112158779	0.0085054017	-0.0930256666	0.0962375645	-0.1175147552	0.0453869468	0.0910787045	-0.0451421908	-0.051969137	-0.0158604707	-0.0645363251	0.0027219565	0.0069978513	-0.0709307078	0.0430203131	0.0039130968	0.0065043538	0.0045973417	-0.0371730948	-0.0181111928	-0.0038960234	-0.0202400485	-0.032396033	-0.0026435434	0.0234827467	0.0603770475	0.0633595879	0.0129477525	-0.0539245839	-0.0529184006	0.1291188469	-0.0068381498	-0.0725846731	-0.0286973421	0.0120638145	-0.0307674819	0.0399480953	0.007358055	0.005935168	0.0180334724	-0.0285198905	0.0729601782	-0.0175942843	-0.0491866793	0.0179976333	-0.0496929665	0.0339351215	0.0059240694	0.0597831126	0.0324243439	0.0419788152	-0.0171541457	0.0619698749	-0.0035762461	0.0022336585	-1.0409e-06	-0.0503825585	-0.0190607341	-0.0727503781	0.0530272111	0.0479924649	-0.0754344479	-0.0127728206	0.0813979594	-0.0252311319	-0.0114898316144689	0.0192525047047525	0.0001320162305288	0.0003706589374065	0.1779945572176586	0.0112609071366165	0.0001268080295395	0.0316820623991103	-0.2250878463503411	-0.0301375708030348	0.0506645385746347	0.0009082731739079	-0.0014651985428422	0.0002085516647999	2.1468067699469064e-06	4.3493796890851537e-08	0.0025888951823056	-7.345170294129977e-05	6.702378264965147e-06	5.395152664976946e-09	0.0001508963278356	-3.73330601439e-05	1.3937573797080543e-09	2.2769701754268872e-08	0.0	0.0	0.0	0.0	0.0	0.0	0.0	0.0	0.0	0.0	0.0	0.0	0.0	0.0	0.0	0.0	0.0	0.0	0.0	0.0	0.0	0.0	0.0	0.0	0.0
2206.0108328687	-4.235394896811613	17.938569931937852	4866483.794734056	2501.375521987232	-23.62023014808756	6256879.501996897	557.9152722486243	2359.991689267366	-4.190398506495967	5569560.773411036	17.559439643243632	2393.126837787318	1666.0625902826914	0.946209	24.997692	0.0773842454015654	0.0319883700507891	-0.0247076211	0.0185582518	0.0175020405	-0.0268916947	0.0179350974	-0.0388590029	-0.029937144	0.0324025984	-0.014573235	0.0038502532	-0.0570802524	0.0411002061	-0.0533995795	0.0107276834	0.0109505485	-0.0011902414	-0.0004029236	-0.0730797309	0.0231322243	0.0236570189	-0.0193482254	0.0004977388	-0.006264953	0.018840779	-0.019988457	0.0410737265	0.0514639197	-0.0455794815	-0.0595042788	-0.026043646	0.0007807818	0.0535876795	-0.0511266595	-0.0807381552	0.0098503519	0.0038270287	-0.0547896483	-0.0293297866	0.0632827323	0.0335909345	0.056405647	0.0135335729	-0.0191090952	-0.0057222656	-0.0134644903	-0.029814759	-0.0433072881	-0.0871823429	-0.0591423082	-0.0389692305	0.0101354906	0.0060097772	-0.0438600947	0.001918505	-0.0121899471	-0.022892686	0.014924714	-0.1056197618	0.0623072417	0.0292026687	0.0501648439	0.075000191	0.0923322475	-0.0179645688	0.0404445394	-0.0149202178	0.0775754323	0.0024956546	-0.0214587252	-0.0024337763	-0.0195688291	0.0456650745	0.0223905173	0.0132404077	-0.0041083671	0.0308978135	0.0243263384	-0.0253110384	-0.0359282138	0.0333022165	0.0914462047	-0.0314819525	-0.0004770673	0.0655724742	0.0044847663	0.0476560588	0.0141917122	0.046576941	0.0202194252	0.059968085	-0.0170415667	-0.0409593591	-0.0198910824	-0.0719581255	0.0549512416	0.0451842308	-0.0769663555	-0.0076839116	0.0807101879	-0.0316405151	-0.0094222170290692	0.0020676145853997	8.877817374288162e-05	4.275030073757573e-06	0.1662264072632382	-0.0117681499544204	0.0001384893533497	0.0276312184716439	-0.1990967009104096	0.0259911454399315	0.039639496313409	0.0006755396412796	-0.0011760150129838	0.0002891835298583	1.3830113107632875e-06	8.362711394136409e-08	0.002265995911225	-0.0003228992710806	5.134737469688417e-06	1.0426393926438309e-07	1.1832420338324509e-05	-0.0001390639074972	1.9338770368410798e-08	1.4000617106279548e-10	0.0	0.0	0.0	0.0	0.0	0.0	0.0	0.0	0.0	0.0	0.0	0.0	0.0	0.0	0.0	0.0	0.0	0.0	0.0	0.0	0.0	0.0	0.0	0.0	0.0
2211.528806766699	5.517973897998672	30.44803593899466	4890859.663158939	2503.6837968968634	2.308274909631564	6268432.554843894	5.328133058434604	2364.294568600862	4.302879333496094	5589888.807115536	18.514770558627788	2395.9081693514777	1666.5910201569518	1.008035	26.631052	0.0653618135831412	0.0337885247533903	-0.0490692672	0.0102411802	0.0313043479	-0.0225692598	0.0331705609	-0.0517818925	-0.0392470068	0.0630473068	0.0625847536	-0.1070208224	0.0546854347	0.0007842357	0.0499010485	-0.0126414084	0.0279242042	-0.0195497427	0.0538197868	-0.0335355349	0.0226085546	0.039250749	0.0330335932	-0.0306241052	-0.0591471854	0.0433022337	0.0851336914	0.0497359525	-0.1039684748	0.0152900236	0.0431513666	0.0579731099	0.0252154235	0.0253523169	-0.0178660711	0.0453153375	0.0446947594	0.0257491502	0.0443233557	-0.0303435741	0.0660516546	-0.0035738261	-0.0309296844	-0.0444136127	-0.0477172545	-0.0344993317	-0.0282609026	-0.0335961421	-0.0149390271	0.0289276423	-0.0219017731	-0.0159916276	-0.0118773595	0.0780488727	0.0798048585	-0.0049703918	-0.0167338126	0.1208221384	-0.0239003476	0.080830134	-0.0490982902	-0.0339069614	0.0248325919	-0.0500654849	0.0228238252	0.0048879045	-0.0116807813	0.0659975822	0.0125632663	-0.0175303115	-0.0191861906	0.0115335012	-0.0237992698	0.0336467723	-0.005731345	-0.0047670987	-0.0087912994	-0.0556270516	0.1003902574	0.0664884211	-0.0149376618	0.036887431	-0.041618811	0.077778641	0.0001604285	-0.085246234	0.0528381902	0.0550473671	-0.0328453153	0.0362015884	0.0252476395	-0.0495372459	0.0214223047	0.0262878569	-0.0207192494	-0.0711343098	0.0568210419	0.0422967282	-0.0782873035	-0.0025646777	0.0795889182	-0.0378279629	-0.0109413899940733	-0.0015191729650041	0.0001197140150024	2.3078864975993487e-06	0.1739010996898429	0.0076746924266047	5.890090384298364e-05	0.0302415924733366	-0.2156734241222082	-0.0165767232117985	0.0465150258725978	0.0002747877524405	-0.0017620602185697	-0.0005860452055859	3.1048562138658998e-06	3.4344898299021977e-07	0.0024359614262579	0.0001699655150329	5.933908070216423e-06	2.8888276300399036e-08	4.764619931420168e-05	3.5813778975877174e-05	1.282626764532982e-09	2.270160309088633e-09	0.0	0.0	0.0	0.0	0.0	0.0	0.0	0.0	0.0	0.0	0.0	0.0	0.0	0.0	0.0	0.0	0.0	0.0	0.0	0.0	0.0	0.0	0.0	0.0	0.0
2220.805279019873	9.276472253174234	86.05293746391145	4931976.087322536	2500.2939999708487	-3.3897969260146965	6251470.086290226	11.490723199618683	2368.6006871099057	4.306118509043699	5610269.214977518	18.54265661392873	2401.3462139219314	1694.042872409478	1.076752	28.44647	0.1250235776863662	0.0666903060475835	-0.053523661	0.0445886192	0.0085072355	-0.0548007013	0.0035345343	-0.028745974	-0.0534714793	0.0823294766	-0.0711285364	0.015491453	-0.0446343962	-0.0017299715	-0.0517640125	-0.0104503674	0.0278982865	-0.0380100158	0.0407992206	-0.0160265878	-0.0267110188	0.0770605606	0.0518191611	-0.0232651224	0.0078128663	-0.0108553901	-0.0589102203	0.0549960234	0.0788565219	-0.0094983864	-0.0641191382	0.0182275469	-0.0682020332	0.0652444407	-0.0287098227	-0.0577080838	-0.012536466	0.0621204764	-0.0721640604	-0.0766121266	-0.0899298172	0.0168248947	-0.1159438764	0.0042592591	-0.0368362278	-0.0505817157	-0.0305725419	-0.001900506	0.0040213537	-0.0501042034	0.0428214575	-0.0849315534	-0.0455906718	-0.0603294504	-0.1139764119	-0.0658363432	-0.0439404861	0.0247497119	-0.0212139025	-0.0319292674	0.0737814384	-0.0618681171	0.1006881584	0.0469027905	0.0175613224	-0.0068249485	0.0365454181	-0.0140917788	0.0525805654	-0.0102893936	-0.0084732147	0.0002972917	-0.0395695775	0.0555479846	0.0502438624	-0.0226142095	0.0223310396	0.054337817	0.0110859973	-0.0332719271	0.0208401408	0.0205522263	0.0498310398	0.0097030641	0.0178460389	0.040319356	-0.0290951347	-0.0484553568	0.0446300852	0.0647789826	-0.0114233017	0.0199440732	0.0436284467	-0.062355711	-0.0215451443	-0.0702792922	0.0586347667	0.0393350228	-0.0793936715	0.0025646777	0.0780401729	-0.0437500746	0.0011590723131718	0.0121004623072451	1.3434486271614274e-06	0.000146421188049	0.2039183305696355	0.0300172308797925	0.0009010341496907	0.0415826855423071	-0.2535043260731839	-0.0378309019509757	0.0642644433378191	0.0014311771424243	-0.0009420936905555	0.0008199665280142	8.875405217844822e-07	6.72345107063662e-07	0.0024909674093607	5.500598310280002e-05	6.204918634497158e-06	3.025658177105521e-09	7.41733391642585e-05	2.6527139850056813e-05	7.036891486244722e-10	5.501684242776123e-09	0.0	0.0	0.0	0.0	0.0	0.0	0.0	0.0	0.0	0.0	0.0	0.0	0.0	0.0	0.0	0.0	0.0	0.0	0.0	0.0	0.0	0.0	0.0	0.0	0.0
2218.404104609285	-2.401174410588282	5.765638550063986	4921316.7713473225	2529.011192663392	28.71719269254345	6395897.612616713	824.6771561406708	2363.587931757388	-5.012755352517615	5586547.911149167	25.127716224194003	2402.0112874201795	1682.370293659507	0.963072	25.443188	0.0490557823789972	0.0288826705662306	-0.0523937349	0.0371679045	0.0107942759	-0.0634831522	0.011223451	-0.0423058041	-0.0696581842	-0.0490827623	0.0188561811	-0.0405953621	-0.0112000466	0.0128037537	0.084837584	-0.0172452629	0.0221547769	0.0014437799	0.0471476186	-0.0070342146	0.0251822731	0.0518864066	-0.0195895207	-0.0295466722	0.0275974799	-0.0061398335	-0.1188333316	0.0058799554	-0.0351533883	0.041670125	-0.027930006	0.0622765603	0.0880235882	-0.0155824382	-0.0425139824	-0.0464168568	0.0481770904	0.0764958782	-0.0352889158	0.0673156422	-0.0444283793	-0.0332623542	-0.0461821647	-0.1015878261	-0.0487030135	-0.0383656901	-0.0537144177	0.0120599893	0.0053905813	0.0384120615	0.0443570105	-0.0873551389	0.0167431517	0.0044378506	0.0343874019	-0.0464977428	-0.0059845111	-0.006177038	0.0084187798	-0.1186919517	-0.1284069758	0.0983599345	-0.0226676339	-0.0174521464	0.0559812735	-0.0514322045	-0.0619397124	0.0048616301	-0.0357657452	-0.071849676	-0.0179440122	-0.0016608112	-0.0377366443	0.0388869576	0.0119656139	-0.0458392169	-0.0539408501	0.0059447245	0.0006796296	0.0019940354	-0.0477152347	0.0033404892	0.0652898945	0.0474816462	-0.0178939589	-0.0551206168	0.0468482969	0.0368051202	-0.0328842738	0.0691132019	0.0147392882	-0.0542544203	-0.0696040119	-0.0143894568	-0.0223686765	-0.0693934478	0.060390626	0.0363043104	-0.080282427	0.0076839116	0.0760722702	-0.049365311	-0.0030842945308648	-0.0042433668440366	9.512872753122516e-06	1.8006162173069136e-05	0.1977630926023863	-0.0061552379672491	3.788695443346579e-05	0.03911024079566	-0.2351491823945295	0.0183551436786544	0.0552951379808157	0.000336911299464	-0.0013240881741229	-0.0003819944835674	1.7532094928521153e-06	1.459197854759247e-07	0.0024719579863667	-1.9009422994000023e-05	6.11057628636211e-06	3.6135816256481675e-10	6.913656794451664e-05	-5.036771219741861e-06	2.5369064320019908e-11	4.779865027146765e-09	0.0	0.0	0.0	0.0	0.0	0.0	0.0	0.0	0.0	0.0	0.0	0.0	0.0	0.0	0.0	0.0	0.0	0.0	0.0	0.0	0.0	0.0	0.0	0.0	0.0
2226.3755643361023	7.971459726817557	63.54417017627424	4956748.1534728985	2503.660575752828	-25.350616910563986	6268316.278578984	642.6537777461728	2370.811999113663	7.2240673562751	5620749.535141325	52.18714916799951	2400.715519993042	1709.4442013814778	1.088953	28.768805	0.0972855857470548	0.0429145317237083	-0.0318563535	0.0455630305	-0.0381838173	-0.0386268684	0.0001656739	-0.0028626059	-0.0689490548	0.0492683494	-0.0963605076	0.0075808725	-0.007451514	-0.043108052	-0.0305699829	0.0533948873	0.0146476887	-0.0188836123	0.0468482822	0.0200089046	-0.0705352708	-0.0341112536	-0.0011395288	-0.0565918646	-0.0385615698	0.015573737	-0.059060482	0.0074060837	0.0065853116	-0.0079588103	0.0093210999	0.0243470042	-0.0051633827	0.040672585	0.0315160663	0.0352635919	-0.0969003052	-0.128377675	0.0296760769	-0.0494503104	0.0225400008	-0.0586870042	0.0065115959	0.028751722	-0.0151112921	-0.0414250255	-0.0164157986	0.0194637916	0.0446678864	-0.0972413812	0.0767271577	0.0329164362	-0.0269933956	0.0381578518	-0.0709359891	-0.0225374429	0.031286639	0.0530746299	0.0615539531	0.0353428201	0.0666423243	-0.0325034806	0.0221058821	0.0529642329	-0.0331265028	0.0195456499	-0.0320142075	0.0041827237	-0.0718619214	-0.0663642156	-0.0014531874	-0.0057994513	-0.021119467	0.0457057392	0.0432933605	-0.0329539835	0.0307590512	-0.0050418121	0.0602945529	0.0193886355	0.0416694288	0.0766431293	-0.0370258793	-0.0225647552	0.0096689611	-0.0109459598	-0.0328411707	0.0056994925	-0.028552417	-0.0268651606	-0.0183490005	0.0189508269	0.0158773674	-0.0585427949	-0.0231897558	-0.0684771651	0.0620868871	0.0332099078	-0.0809511339	0.0127728206	0.0736957799	-0.0546342852	-0.0128820093052866	-0.0097977147744218	0.0001659461637414	9.599521480092324e-05	0.2193895891561084	0.021626496553722	0.0004677053531881	0.048131791830086	-0.2670236196950242	-0.0318744373004946	0.0713016134750329	0.0010159797532231	-0.0017321013897752	-0.0004080132156522	3.00017522446118e-06	1.6647478414693017e-07	0.0027419454110737	0.0002699874247069	7.51826463730812e-06	7.289320949991787e-08	7.087466995354225e-05	1.7381020090256188e-06	3.0209985937788927e-12	5.023218841023545e-09	0.0	0.0	0.0	0.0	0.0	0.0	0.0	0.0	0.0	0.0	0.0	0.0	0.0	0.0	0.0	0.0	0.0	0.0	0.0	0.0	0.0	0.0	0.0	0.0	0.0
2226.213767198448	-0.1617971376545028	0.0261783137531901	4956027.737263905	2550.441787947469	46.78121219464083	6504753.313708683	2188.481814400012	2369.6741256713867	-1.1378734422764865	5615355.461876451	1.2947559706381406	2405.140059790172	1707.6242434381725	1.12974	29.84634	0.0804640516754187	0.043976432839517	-0.0400419714	0.0347589836	-0.0457444607	0.0050023296	-0.0118570589	0.0144804575	-0.0906596614	-0.1011487568	0.0805822959	-0.0293516398	0.0422100218	-0.0605569355	0.0053218735	0.0107603676	-0.0114853062	-0.0272251866	0.0200770688	0.0736641398	-0.0070186752	-0.0390810046	0.0015778662	0.0796213646	0.0741175001	-0.0915140343	0.0992987002	-0.0382996672	0.0554876714	-0.0652565424	0.0812002475	-0.0209568027	-0.0185456477	0.0003239769	-0.0037865023	-0.0034954267	0.1408981842	0.0438038995	0.0267217021	0.0700056608	-0.1181745844	-0.0437833937	-0.0941099005	-0.0030968942	-0.0040142609	-0.0440582709	-0.0138281106	0.0427948134	0.0574673256	0.0268660028	-0.1058188281	0.0463670653	0.0181212087	-0.0145337691	0.0758114635	0.0154461464	-0.033162943	-0.1093081522	0.0262731413	-0.0364883679	-0.0940913972	-0.1303664427	-0.0713906099	-0.0016014908	-0.0247077144	-0.0510045438	-0.0025268091	0.0571717892	0.0426962924	0.0828432987	-0.0138349922	-0.0025467103	-0.0338422671	0.0337216021	0.0338362204	-0.0643572949	0.0099973209	-0.0109800431	-0.0160882251	0.001593567	-0.0170253962	0.0409596066	-0.0316630755	0.0572111188	-0.0345658974	-0.0022392083	0.0289067527	-0.0075453375	-0.0174575784	0.0101255849	-0.0236536239	-0.0602430418	0.0357147885	-0.0082653607	-0.024008292	-0.0675308461	0.0637218759	0.0300572439	-0.0813979594	0.0178113211	0.0709234662	-0.0595200392	-0.0027751440629089	0.0101068652423776	7.701424569898517e-06	0.0001021487250275	0.234402455417225	0.0150128662611165	0.0002253861533741	0.0549445111056241	-0.2733389164005189	-0.0063152967054946	0.0747141632190098	3.988297247843207e-05	-0.0010495905914757	0.0006825107982995	1.1016404097143098e-06	4.658209897954207e-07	0.0024459661849391	-0.0002959792261345	5.982750577865536e-06	8.760370230323656e-08	6.878422505904606e-05	-2.090444894496191e-06	4.369959856925191e-12	4.731269616973501e-09	0.0	0.0	0.0	0.0	0.0	0.0	0.0	0.0	0.0	0.0	0.0	0.0	0.0	0.0	0.0	0.0	0.0	0.0	0.0	0.0	0.0	0.0	0.0	0.0	0.0
2223.811928887917	-2.4018383105308203	5.768827269933545	4945339.495064198	2505.968426149283	-44.47336179818603	6279877.752857114	1977.8799096323528	2370.045034657354	0.3709089859671621	5617113.466303978	0.1375734758711884	2402.414009521926	1740.3472112644215	1.052251	27.799187	0.1286871191075123	0.071996751853994	-0.0383002663	0.0073867134	-0.0753831146	0.0059260486	-0.0619462575	0.0582373255	-0.0453253029	-0.0131570543	-0.0673811873	0.000580206	0.0091750688	-0.0420456134	-0.0165404197	-0.0317614003	-0.0046093168	-0.0278000331	0.0466130991	0.062554757	0.0048588134	-0.0152932127	0.0116280414	0.0361122104	0.0166887648	-0.0261368372	-0.0196947338	-0.0969733842	0.004777833	-0.0297405677	0.0272272107	-0.0152125607	-0.0210893483	0.0238140977	-0.0204492889	0.0132489	-0.0421667295	-0.0297740091	-0.0355230866	0.0150821265	0.0539130223	0.0422641407	0.0353071873	-0.0499327453	0.0024925969	-0.0302642512	-0.0057448788	0.0008283749	0.0439605958	0.0653704006	-0.0068688843	-0.0113246914	0.0013568005	-0.043642197	0.0050444936	-0.0050825478	0.0361488351	-0.0510872897	0.078515276	0.0182876493	0.0801585398	-0.0206996037	0.0266021665	0.0377951519	0.0036570432	0.0110806352	0.0011777687	-0.0488586517	-0.0474138738	0.0091749529	-0.0243192071	-0.0041459342	-0.0078905825	-0.0045973318	0.0862932933	-0.0473393707	0.0421603125	-0.007572887	-0.0075739702	-0.0055815632	0.0341167016	0.0237520434	-0.032528339	0.0124857539	-0.0845580073	0.068484399	-0.0380706067	-0.0608335125	0.0014958777	0.0342723608	-0.0040735643	0.0182516078	-0.0654072355	-0.0706540912	-0.0248241955	-0.0665549058	0.0652939789	0.0268518493	-0.0816216788	0.0227795284	0.0677702193	-0.0639883028	-0.0012247542052534	0.0015503898576555	1.5000228632858877e-06	2.403708710721042e-06	0.2278539503423786	-0.0065485050748463	4.288291871528891e-05	0.0519174226866271	-0.2637268539107111	0.0096120624898077	0.0695518534736415	9.239174530796978e-05	-0.0017349533462733	-0.0006853627547976	3.010063113744921e-06	4.6972210566375525e-07	0.0031212001144029	0.0006752339294638	9.741890154148677e-06	4.559408594991242e-07	0.0009277107745017	0.0008589265494426	7.377548173374638e-07	8.60647281126544e-07	0.0	0.0	0.0	0.0	0.0	0.0	0.0	0.0	0.0	0.0	0.0	0.0	0.0	0.0	0.0	0.0	0.0	0.0	0.0	0.0	0.0	0.0	0.0	0.0	0.0
2215.601119374034	-8.21080951388285	67.41739287326912	4908888.320171474	2536.128969562588	30.160543413304826	6431950.150254593	909.6583789858448	2363.933044101881	-6.1119905554728575	5588179.436996786	37.356428550189406	2403.4918943546563	1750.8308669312985	1.152511	30.447935	0.1597106522551587	0.0697170097801244	-0.0289111131	0.0414993553	-0.0648757661	0.1280983577	0.0083515748	-0.0116009569	-0.0553123704	-0.1115339615	0.0615475536	-0.0122946472	-0.0305144225	0.034475869	0.0491106623	0.0723179462	-0.0052065038	0.0124632057	-0.0162431326	-0.005335082	-0.0202033954	0.0089188238	-0.0035259634	-0.0171199241	0.0006059339	0.0128890709	0.0330287665	-0.0059272367	0.0967854445	-0.0209428639	0.0252389804	0.1026277653	-0.0270999142	0.0499463392	0.0991904096	-0.0608775868	0.0508983841	0.076267602	-0.0783027693	-0.0017165535	0.0282053707	0.0435507315	0.0614075338	0.0910640615	0.0024355588	0.0058020705	-0.0028514417	0.071351119	0.0221650022	-0.053744633	-0.095151324	-0.0027244664	0.0315287872	0.0003796943	0.0325503753	-0.0309188754	0.0234085985	-0.0558254691	-0.0595030471	-0.0670988894	-0.0113314068	0.0137300226	-0.0003655738	0.0353968489	-0.0263052103	-0.1366957097	-0.097469586	0.0028439165	0.0629528132	-0.0011151488	-0.0131077457	0.0187929629	-0.0359792829	0.0279134254	0.0353300629	-0.0172110109	0.0201748747	0.0121351648	0.006538078	0.0527941838	-0.05509049	0.0492179711	-0.0012458697	0.0460256492	-0.0362223915	0.0972502216	0.0475554373	0.0173139041	-0.020549478	-0.0937440552	-0.0508734759	-0.078442055	0.1153062357	-0.0512779303	-0.0256373767	-0.0655497724	0.0668016447	0.0235993474	-0.0816216788	0.0276578354	0.0642529755	-0.0680077345	0.0217149810219154	0.0229397352271688	0.0004715404007821	0.0005262314522926	0.1958426681950698	-0.0320112821473088	0.0010247221847146	0.0383543506857642	-0.25643593594733	0.0072909179633811	0.0657593892451831	5.315748474875328e-05	-0.0009201786561893	0.000814774690084	8.467287593063459e-07	6.638577956014783e-07	0.0023342358796518	-0.0007869642347511	5.448657141853811e-06	6.193127067773849e-07	0.0005800753609908	-0.0003476354135109	1.2085038072689445e-07	3.364874244286069e-07	0.0	0.0	0.0	0.0	0.0	0.0	0.0	0.0	0.0	0.0	0.0	0.0	0.0	0.0	0.0	0.0	0.0	0.0	0.0	0.0	0.0	0.0	0.0	0.0	0.0
2207.338030786517	-8.263088587517359	68.27863300515962	4872341.182156498	2476.6685126005714	-59.46045696201645	6133886.921307127	3535.5459421318105	2362.7901644499407	-1.1428796519403477	5582777.361221378	1.3061738988192904	2394.448433570793	1650.0713151120854	1.27512	33.687103	0.1423503512305387	0.0732566268852643	0.0194122433	0.0468398685	0.0163677421	-0.0442157259	0.0034844216	-0.0102962381	0.0222496684	-0.0017252088	-0.0171510219	-0.0074408577	0.0422713671	-0.005742662	0.0567657951	0.0062058205	-0.0049078784	-0.0008373556	-0.0171023419	-0.0020780928	0.0190752844	0.0614654762	0.0289740799	-0.0118253764	-0.0318912267	0.054855239	0.0638449375	-0.0312081326	0.0317883319	-0.0757441151	0.0356261047	-0.0147223844	-0.0350784642	0.0947777978	0.0568576477	-0.007237229	0.0510622715	-0.0559641751	-0.1049326356	-0.0410667447	-0.0592287042	0.0931751478	0.1153608913	-0.086068879	-0.0012695123	0.0135750858	0.0018390458	-0.0138921527	-0.0228853272	0.0132185931	0.0095404055	-0.0403951087	0.0070370018	0.0099176625	0.0577636643	-0.0398904608	0.0254224001	0.0490055005	-0.0151023513	-0.0263095462	-0.0050762134	-0.0944041984	0.0237826821	0.0849532614	-0.0909546215	0.0069271364	0.1013860467	-0.1246498635	0.082307869	0.0318811759	0.0437355038	-0.0255535907	-0.0195891147	0.0543197826	0.0149472716	0.0008627278	0.019923232	7.30128e-05	0.0537710218	0.0311375395	0.0734682788	0.1029952911	0.0629874802	0.0550815676	-0.0027293683	-0.0129664346	0.0225079035	0.0111833227	-0.0558475871	0.0099854938	0.0862876742	0.0333807663	-0.0884127673	-0.022710927	-0.0264477464	-0.0645158866	0.0682433853	0.0203054443	-0.0813979594	0.0324269895	0.060390626	-0.0715501408	0.0209089077187627	-0.0008060733031527	0.0004371824219917	6.497541700555074e-07	0.2231665141061398	0.02732384591107	0.0007465925553718	0.0498032930182858	-0.244626200194709	0.011809735752621	0.0598419778217018	0.0001394698585467	-0.0005013565638161	0.0004188220923731	2.513584040814872e-07	1.7541194505986521e-07	0.0014790489867511	-0.0008551868929006	2.187585905209456e-06	7.313446217891529e-07	-0.0001941295790092	-0.00077420494	5.993932891204036e-07	3.7686293446289234e-08	0.0	0.0	0.0	0.0	0.0	0.0	0.0	0.0	0.0	0.0	0.0	0.0	0.0	0.0	0.0	0.0	0.0	0.0	0.0	0.0	0.0	0.0	0.0	0.0	0.0
2220.834229711826	13.496198925309272	182.14738543151915	4932104.67585972	2509.4919401709712	32.82342757039987	6297549.797783066	1077.3773974692865	2369.909038046132	7.118873596191406	5616468.848612743	50.678361278551165	2405.53479533687	1698.774773557743	1.069225	28.24762	0.0560041530934959	0.0361355218597442	0.0124301869	0.0183155269	-0.0365621681	-0.026055865	-0.0309679872	0.039446839	-0.0281735533	-0.005065208	-0.0270645826	0.028389682	0.0230566288	-0.0284368998	0.0272164782	0.0274953083	0.0029989348	-0.0375525603	0.0369945655	-0.0089399819	-0.0083071135	-0.0010659181	0.0381837427	0.0519554886	0.0056184176	0.0461763587	0.0040036225	-0.0153275331	-0.0142281492	-0.0378072845	0.016831419	-0.0566242788	0.0059534434	-0.0188979299	-0.01356222	-0.0873348345	0.0414504841	-0.0247888713	-0.0292634713	0.0824350023	-0.0285967182	0.0388995613	0.0344727273	-0.1102964663	-0.0058747903	-0.0467920832	-0.0230965223	0.0126072044	-0.0212121911	0.0691041556	0.033392871	-0.0061200551	-0.0142220982	-0.0425010712	0.0272688612	0.0522033758	-0.0020140284	0.0145366763	0.0115975777	-0.0450807874	0.0219000343	0.0186910703	0.0002407536	0.0351573416	-0.0452380171	0.0131292936	0.0415619812	-0.098502695	0.065930692	0.0964357612	0.0231882688	-0.0229037177	-0.00550044	0.0516147506	0.027511208	-0.0208296167	0.0005496375	-0.0083531913	-0.0211184412	-0.0482487424	0.0290784421	0.063173888	-0.0249819072	0.1215309152	-0.0237447091	0.0227149631	0.097018936	-0.0346264703	0.0251417321	0.042266358	0.033481589	-0.0384386493	-0.0893178985	-0.0136231238	-0.0272552159	-0.063453702	0.0696177779	0.0169759185	-0.0809511339	0.0370681691	0.0562039158	-0.0745906743	0.0076729399262944	-0.0132359677924683	5.887400711252271e-05	0.0001751908434032	0.2252969783443745	0.0021304642382347	4.538877870396996e-06	0.0507587284511055	-0.2793861108079269	-0.0347599106132179	0.0780565989123792	0.0012082513858389	-0.0005528500519263	-5.149348811019994e-05	3.056431799149126e-07	2.6515793177553022e-09	0.001545054766384	6.600577963289996e-05	2.3871942311259167e-06	4.3567629449469524e-09	-0.0001940726377608	5.6941248400009575e-08	3.2423057693515922e-15	3.766418872743469e-08	0.0	0.0	0.0	0.0	0.0	0.0	0.0	0.0	0.0	0.0	0.0	0.0	0.0	0.0	0.0	0.0	0.0	0.0	0.0	0.0	0.0	0.0	0.0	0.0	0.0
2214.546096306512	-6.288133405314056	39.54062172302655	4904214.412666411	2503.728378979128	-5.7635611918431096	6268655.795705453	33.21863761211996	2364.4915207572603	-5.41751728887175	5590820.151732981	29.349493575224315	2401.419998030982	1710.9822668109823	0.917068	24.227802	0.1144775000120274	0.0585047210871743	0.0208268174	0.0173552425	-0.0448121456	0.0028475702	-0.0307363798	0.012426353	-0.0027878438	-0.0398829085	0.0015287853	-0.0438088547	0.0199742415	-0.0052009736	0.0430412435	-0.0228515055	-0.0052046524	-0.0066121548	0.0055694867	-0.0236884763	0.0243881455	0.0319220113	-0.0023544279	0.0350990383	0.0229979329	0.0078871976	0.0448092382	0.060541538	-0.0470794978	-0.0138325348	-0.0141646088	-0.015530942	-0.0250889147	-0.0178276075	-0.0299892532	-0.0020244012	0.0395045999	-0.1003782531	0.0103853557	-0.0432752355	-0.014743448	0.1122575363	-0.0277613244	-0.052300811	0.0146759836	-0.0051841509	-0.0065330094	-0.0052119462	-0.0200108619	0.0020787164	-0.039400254	-0.0144076179	0.0202106699	-0.0013833771	0.008404795	0.0030679732	-0.027245421	-0.0033577804	-0.0280832154	0.056031272	-0.0576625917	-0.0121865979	0.0120693616	0.0020745352	0.0318798272	0.035731058	0.0565159711	-0.1284649936	0.0510150886	0.0968684771	0.0254096619	-0.0303695069	-0.0094230914	0.0304488956	0.0065756231	-0.023933941	-0.0316604615	-0.0264857188	0.0079385833	0.039025333	-0.0387164779	0.0893728672	0.0062662078	0.074127607	-0.0976707591	0.0119508714	0.0771303741	-0.0039832479	-0.0251711326	-0.0229520775	0.0895924882	-0.0111926606	-0.0298059516	0.0412174558	-0.0280596966	-0.0623636846	0.0709234662	0.0136166111	-0.080282427	0.0415630576	0.0517153317	-0.0771080077	0.0083816011415223	0.0007086612152278	7.025123769556792e-05	5.022007179682839e-07	0.1996188364458362	-0.0256781418985383	0.0006593669713614	0.0398476798639895	-0.2303251956383007	0.0490609151696262	0.0530496957458214	0.0024069733972812	-0.000915890798952	-0.0003630407470257	8.388559556049329e-07	1.317985840009783e-07	0.001127588916199	-0.000417465850185	1.2714567639348355e-06	1.7427773607068486e-07	-0.0001939836003988	8.903736200001454e-08	7.927651831921631e-15	3.7629637223681324e-08	0.0	0.0	0.0	0.0	0.0	0.0	0.0	0.0	0.0	0.0	0.0	0.0	0.0	0.0	0.0	0.0	0.0	0.0	0.0	0.0	0.0	0.0	0.0	0.0	0.0
2204.680804711841	-9.865291594670907	97.32397824788444	4860617.450664851	2478.1469489709657	-25.58143000816244	6141212.300694106	654.4095612625139	2360.844791246497	-3.64672951076318	5573588.128355716	13.29863612467106	2394.834849683544	1690.6562923043075	1.078762	28.499567	0.1659439900714057	0.0962746580224847	-0.0084697689	-0.0553303262	-0.0215091959	0.0068305583	0.0103314367	0.0243252883	0.0293153733	0.0530315309	-0.0233211033	-0.0257279273	-0.0252874096	0.0796505424	-0.0425431383	0.0592340783	0.0009161106	-0.0086297729	-0.0113866273	-0.0296203003	0.0092183685	0.0187584583	-0.0270305583	-0.0561481042	0.0168838733	0.0042292116	0.0793496185	0.0373937472	0.0775552905	0.066734474	-0.0474330005	0.0056090651	-0.0898759022	-0.0105594367	-0.0930658856	0.0095101475	-0.0468545942	-0.1063176781	0.0172364249	0.0227054539	0.0311501971	0.0162129649	0.1458171146	0.0517589415	0.0052049559	0.0041197577	0.0167398365	-0.0089897033	-0.0134491069	-0.0460813004	-0.0868011724	0.0320926469	-0.013689681	0.0279522075	-0.0642866397	-0.0337628363	0.0027694556	-0.003679371	-0.0684747295	0.0624877462	0.0892547731	-0.040946831	0.0641825039	-0.0429368053	0.044197055	0.0454785188	0.0636953792	-0.058689534	0.0254348675	-0.0292164252	-0.023075728	0.0180612672	0.0339632775	0.0357087522	0.0100752795	0.0374545478	0.0248287993	-0.0234577997	0.0649094628	0.0077235632	0.0524588092	0.0829768291	-0.0384741001	0.0686134334	0.0450239971	0.0852487525	0.056177362	-0.0053725642	0.0063631474	0.0016772402	0.0928980114	-0.0794206373	0.0397937888	0.0049160452	-0.0288611001	-0.0612463124	0.0721591615	0.0102334157	-0.0793936715	0.0458939156	0.0469489822	-0.0790844839	-0.0046674705142351	-0.0130490716557573	2.1785281001254067e-05	0.000170278271077	0.1868847340434456	-0.0127341024023905	0.0001621573639945	0.0349259038184893	-0.205520419414583	0.0248047762237177	0.0422386427963461	0.0006152769235087	-0.0025116953322529	-0.0015958045333009	6.308613442061006e-06	2.5465921085037035e-06	0.0016599728066073	0.0005323838904083	2.7555097186757167e-06	2.834326067662768e-07	-0.0003729159724804	-0.0001789323720816	3.2016793778748154e-08	1.3906632253100245e-07	0.0	0.0	0.0	0.0	0.0	0.0	0.0	0.0	0.0	0.0	0.0	0.0	0.0	0.0	0.0	0.0	0.0	0.0	0.0	0.0	0.0	0.0	0.0	0.0	0.0
2219.91228385706	15.231479145219057	231.997956951243	4928010.548019469	2514.8056749941697	36.65872602320405	6324247.582982882	1343.862193644338	2372.5805670696755	11.7357758231783	5629138.547236662	137.72843417189634	2405.961370154272	1676.1132480587073	1.027562	27.146929	0.1355536097780947	0.0637147029040201	-0.0149819862	-0.0151245598	0.0194128198	-0.0550438633	0.0174910812	0.0101025621	-0.0292759286	0.0008396623	0.0187662514	0.0056840976	-0.0057404076	0.0090184596	0.0494254269	0.0221889885	0.009516242	-0.0167579462	0.0693888375	0.013971897	-0.0020557542	-0.000528317	-0.0015379905	0.0352474332	0.0470561539	0.037673641	-0.0022850104	-0.0440522297	0.0015845913	-0.0397698786	-0.0293429416	-0.0726620493	0.0410057508	-0.0158258764	0.0250468035	-0.0336954861	-0.0015594849	0.0129067591	-0.0249897933	-0.0871437625	-0.0428926715	0.0079621795	-0.0170198908	-0.0316284936	-0.024323567	-0.0424736746	-0.0410697632	-0.0123958892	0.0175741669	0.0374739717	-0.0193955591	-5.6924e-05	-0.0267602851	-0.018463944	0.0028952799	0.0180638411	0.0121357289	-0.041267465	0.0049334515	-0.0931051791	0.0070434764	0.0478704779	-0.0713462265	0.0104629787	-0.0076612983	0.0368652132	0.0077643641	-0.0063821063	-0.0171989287	0.0253141455	-0.0148965343	-0.0017562197	0.006591512	0.0171131695	0.0585796139	-0.0127658552	-0.0129989728	0.0203040898	0.0123091706	-0.0888425288	-0.008969093	0.0503201587	0.0343470172	0.0434425676	-0.0020834801	0.0185864208	-0.0001052225	0.0420057134	0.0285502194	0.0285910581	0.0605878774	0.0875397837	0.0071041184	-0.0281038856	-0.0296593388	-0.0601020755	0.0733236445	0.0068322673	-0.0782873035	0.0500436514	0.0419304676	-0.0805062393	0.0067686644654685	0.0114361349797036	4.581481864609598e-05	0.000130785183274	0.1953379092564944	0.0084531752130488	7.145617118250276e-05	0.0381568987926984	-0.2541588285029803	-0.0486384090883973	0.0645967101060073	0.0023656948386502	-0.0018502965212753	0.0006613988109776	3.4235972166434767e-06	4.374483871625832e-07	0.0021571808616811	0.0004972080550738	4.6534292700032135e-06	2.472158500302709e-07	-0.0001910050285929	0.0001819109438875	3.3091591506041175e-08	3.6482920947774544e-08	0.0	0.0	0.0	0.0	0.0	0.0	0.0	0.0	0.0	0.0	0.0	0.0	0.0	0.0	0.0	0.0	0.0	0.0	0.0	0.0	0.0	0.0	0.0	0.0	0.0
2220.960337348755	1.0480534916946451	1.098416121453338	4932664.820076295	2512.149835842759	-2.655839151410873	6310896.7977248	7.053481598166829	2367.726338262143	-4.854228807532309	5606128.012900257	23.563537315876538	2400.407685264325	1707.1475528465774	0.97489	25.755411	0.0665180417797481	0.0308665798440642	-0.0208052987	0.0038679503	-0.0219820093	-0.0542998839	-0.0211830143	0.0027023187	-0.02802428	-0.007184652	-0.0413629579	0.0171874896	-0.0227738889	0.010727237	-0.0251827418	0.0082027043	-0.0378232198	-0.0086486734	0.0156783003	0.0357108282	0.0031670094	0.0240240902	-0.0004673644	0.0414878086	-0.0284182823	-0.0359559089	-0.0118682551	0.0522958688	0.0175595735	-0.0355266448	-0.0769962447	-0.0471356149	0.0076810206	-0.034898974	-0.0008245922	0.0021108207	-0.0158207454	-0.0324292557	0.0675999198	-0.0027600566	-0.0608476557	0.0826359857	-0.0615709082	-0.0247475808	0.0212612084	-0.0189835032	-0.0268904402	-0.0130978376	0.0462240308	-0.0409754768	0.0764333082	-0.0699277188	-0.0374733166	-0.0173908831	-0.0114403098	0.0256618082	-0.0396646096	-0.0106109292	0.0329440895	-0.0139374528	-0.1017915313	-0.0645972764	-0.0320204412	-0.050894973	0.0361171697	0.0424375733	0.0435165362	0.0318313182	-0.1133398646	0.1259549224	-0.0067212494	-0.010048092	0.0024352512	0.0176858455	0.0203424331	-0.0209258524	0.011680101	-0.0050717601	0.0346441583	0.0538766504	0.0656251337	0.0781674069	0.0725078789	0.0236223537	-0.0191767227	0.0141272533	0.074050429	0.0195596914	0.0099277001	0.0163394247	0.0713002976	-0.1288827418	0.0051060083	0.0287266349	-0.0304543249	-0.0589314758	0.0744157659	0.0034191328	-0.0769663555	0.0539958877	0.0366867426	-0.0813633012	-0.0037846165553503	-0.0105532810208188	1.4323322471031569e-05	0.0001113717403043	0.195405359906033	6.745064953858626e-05	4.5495901231771874e-09	0.0381832546800062	-0.2356532714063846	0.0185055570965957	0.0555324643245311	0.0003424556434553	-0.0020761818500472	-0.0002258853287719	4.310531074465415e-06	5.102418175438936e-08	0.0020048175622868	-0.0001523632993943	4.019293458053587e-06	2.3214575002317138e-08	0.0001785814034968	0.0003695864320897	1.3659413078479446e-07	3.189131767488689e-08	0.0	0.0	0.0	0.0	0.0	0.0	0.0	0.0	0.0	0.0	0.0	0.0	0.0	0.0	0.0	0.0	0.0	0.0	0.0	0.0	0.0	0.0	0.0	0.0	0.0
2214.852415145742	-6.107922203013004	37.30671363805923	4905571.220876926	2507.923257856227	-4.226577986531993	6289679.067296191	17.863961476236835	2366.4634548684826	-1.2628833936605588	5600149.283228075	1.5948744659836098	2401.2328867576007	1720.9297658314963	1.026336	27.114542	0.0781950409405935	0.0401535419706372	0.010450063	-0.0041221375	-0.0375488895	0.0145635101	-0.0053824852	0.0445433124	-0.0138909991	-0.0191531327	0.0352692328	0.0109181751	0.0100603107	-0.0406118366	0.0010513755	-0.0251384483	-0.024639551	-0.006364244	0.0037412749	0.0523235015	0.0113322438	-0.0313759302	0.032566758	0.0102574985	0.0205394957	-0.0258450524	0.0515262882	0.0225689512	0.0362011807	0.0151465862	0.0423030907	-0.0623457657	0.0486865908	-0.0008189266	0.0027519219	0.0222831596	0.0591497421	0.0697812385	0.0119361395	-0.1025194223	-0.0528000765	-0.0190742025	0.048098699	-0.0314859765	0.0173137904	0.0034808164	0.0036104331	-0.0017137655	0.0405686247	0.0402170591	-0.0376252914	0.0338008731	0.0465785744	0.0274287926	0.0703888324	-0.0496241656	-0.0664060297	-0.0207876671	0.0205038667	-0.0596531906	-0.0319050022	-0.0453643764	-0.0189243957	0.0112206294	-0.0262258804	0.0163610856	0.0692843419	-0.038552082	0.0450936015	0.0226457142	0.0045638839	-0.011732239	0.0083880108	0.0183979277	0.0547452301	-0.0128373383	0.0092778562	-0.0085486541	0.0389957315	-0.0406362934	0.0147932448	0.0469326446	-0.0104479059	0.1069106748	-0.0960900524	0.0458078255	0.0460286304	0.065220628	-0.0174280115	-0.0447185853	0.0790707682	0.1506043155	-0.0076826287	-0.0303997392	-0.0312459714	-0.0577350269	0.0754344479	0.0	-0.0754344479	0.0577350269	0.0312459714	-0.0816496581	0.0214144777860241	0.0251990943413744	0.0004585798588481	0.0006349943556254	0.1947993336030009	-0.0006060263030321	3.672678799667655e-07	0.0379467803721732	-0.2479165715816051	-0.0122633001752205	0.0614626264647771	0.0001503885311875	-0.0015939097839643	0.0004822720660828	2.5405483994171218e-06	2.3258634572386906e-07	0.0019580781227033	-4.673943958349988e-05	3.83406993460928e-06	2.1845752125796354e-09	-9.493949325613108e-05	-0.0002735208967529	7.48136809605276e-08	9.01350737973096e-09	0.0	0.0	0.0	0.0	0.0	0.0	0.0	0.0	0.0	0.0	0.0	0.0	0.0	0.0	0.0	0.0	0.0	0.0	0.0	0.0	0.0	0.0	0.0	0.0	0.0
2210.4483435152474	-4.4040716304944	19.395846926525603	4886081.879349302	2508.84101298318	0.917755126953125	6294283.228426469	0.8422744730487466	2362.393686045771	-4.069768822711467	5580903.927868925	16.563018270314277	2395.517838159047	1664.733237735954	1.188543	31.399857	0.1994756870349801	0.1027611394258471	0.029440089	0.0306058496	-0.0053631912	-0.0340377403	-0.0299898223	-0.0187333073	-0.0130606556	0.0064961306	-0.0509697603	0.0914406257	0.0314664038	-0.0524037805	-0.0757380343	0.0115369024	-0.0420357997	0.0027063713	-0.0453779166	-0.0028222597	0.0162614217	-0.0525756973	0.0003083711	-0.0116329142	-0.0201087632	-0.0341187049	-0.0199971947	0.0317838153	-0.0141411345	-0.0460718904	0.0042562371	-0.0139119444	0.0475532057	0.0409702221	0.004115086	0.0018003061	-0.0545104105	0.0162377078	-0.0078631017	0.0001168403	-0.0593355049	0.1228350972	0.0774329713	0.0293551223	0.052427616	0.0231995314	0.0205474195	-0.0357460221	0.0511582627	-0.1297283044	0.034123968	0.0356335744	0.0366638998	-0.0182589865	-0.0350712346	-0.0356532173	0.0062255927	0.011168702	0.0263980238	0.040686597	-0.0263238162	-0.0094178804	-0.0108528426	0.005079894	-0.0736362064	0.0464252211	-0.016848811	-0.0561678561	0.0186115657	0.0745356952	0.0371393117	-0.0152320433	-0.0125834837	0.012306821	0.0139224872	-0.0363494624	0.0443637242	-0.0440049092	-0.0049244412	-0.0889013644	0.0187350237	0.0962311908	0.0301695765	0.0077031699	0.0009125516	0.1142634826	0.0089503515	-0.0316375805	-0.1116389103	0.0333368324	0.0475945163	-0.2237843717	-0.0030955307	-0.0736036908	-0.0320341914	-0.0565132535	0.0763786853	-0.0034191328	-0.0736957799	0.0612463124	0.0256373767	-0.0813633012	0.0013723106100655	-0.0200421671759586	1.8832364104983448e-06	0.000401688465109	0.25079983559948	0.0560005019964791	0.0031360562238576	0.0629005575367261	-0.3008136340691791	-0.052897062487574	0.090488842441906	0.0027980992198143	-0.0005173330023614	0.0010765767816029	2.6763343533226026e-07	1.1590175666864586e-06	0.0017230510276045	-0.0002350270950988	2.9689048437289235e-06	5.5237735430580384e-08	-0.0001940547240538	-9.911523079766892e-05	9.823828976075176e-09	3.7657235927596464e-08	0.0	0.0	0.0	0.0	0.0	0.0	0.0	0.0	0.0	0.0	0.0	0.0	0.0	0.0	0.0	0.0	0.0	0.0	0.0	0.0	0.0	0.0	0.0	0.0	0.0
2223.5994095594106	13.151066044163144	172.95053809794086	4944394.33419296	2505.1142660112523	-3.726746971927696	6275597.485773096	13.888642992772253	2367.31437981647	4.9206937706990175	5604177.372885839	24.213227184996114	2400.6893412088184	1721.3194181293784	1.486929	39.282829	0.3728356279792766	0.1903643326802803	-0.0026307436	0.0363984801	-0.0238042162	-0.0374008236	-0.0040843382	0.0286232323	-0.0210202731	0.0540442123	-0.0445759454	0.0114831933	0.0254781566	-0.0091709965	0.0442209471	0.0332299154	0.0219607537	0.0001656424	0.0603089968	-0.0115181414	0.011764635	0.0705179906	0.0200380382	-0.0622929814	0.0415564845	-0.0503670839	-0.0007593968	0.0104515662	-0.0047427037	-0.0086354966	0.101219043	0.01254759	0.012565505	0.0289855136	0.0441716277	0.097432028	0.0223827922	-0.0394569228	0.1176194959	-0.0404944316	-0.0172439826	0.0130049969	-0.0716308756	-0.014655499	-0.0220749636	-0.0102918769	-0.0352963667	0.0033568801	-0.0136648395	0.0161136193	-0.0272963068	-3.34714e-05	-0.071785537	-0.013312849	-0.0081203633	-0.0857835699	0.0336378605	-0.0057352041	0.0299117881	0.1863410223	-0.0553910629	-0.0730774035	0.0027158831	-0.0377902333	-0.0487152531	0.0158682005	-0.0156183291	-5.15186e-05	0.0302968274	-0.0061162787	0.0089630947	-0.0331315864	0.0051010803	-0.0705900145	0.0946743483	-0.0885396691	-0.069670492	-0.0164506695	0.0659465638	0.0319960449	-0.0187216235	0.0097423628	4.77263e-05	0.044821193	-0.1025780921	-0.1520231833	-0.1355452592	-0.0204564197	0.2238190708	-0.1370740381	-0.021264098	0.3698070363	0.0926160304	-0.0463791698	-0.0328188985	-0.0552666915	0.0772475461	-0.0068322673	-0.0717551168	0.0645158866	0.0198910824	-0.0805062393	-0.0273497103143824	-0.0287220209244479	0.0007480066542806	0.0008249544859844	0.2043256729260463	-0.0464741626734336	0.0021598477961967	0.0417489806166816	-0.2850690669330191	0.01574456713616	0.0812643729220621	0.000247891394305	-0.002192047126628	-0.0016747141242666	4.805070605358071e-06	2.8046673980180453e-06	0.003957334695031	0.0022342836674264	1.5660497888496096e-05	4.992023506528809e-06	0.0015348450291578	0.0017288997532116	2.9890943566551315e-06	2.355749263530408e-06	0.0	0.0	0.0	0.0	0.0	0.0	0.0	0.0	0.0	0.0	0.0	0.0	0.0	0.0	0.0	0.0	0.0	0.0	0.0	0.0	0.0	0.0	0.0	0.0	0.0
2205.8614056191	-17.73800394031059	314.63678378647404	4865824.540799871	2542.094568053288	36.98030204203587	6462244.792926034	1367.542739120203	2364.800110194994	-2.51426962147616	5592279.561178256	6.321551729477872	2402.881971252331	1764.185042275069	2.390302	63.148838	1.5083384146441363	1.0351976304401953	0.0452079986	0.1197180622	-0.0590467579	0.1027394187	0.1307347721	0.1960303302	-0.0300772003	-0.0695743002	0.1589263323	0.0786671173	0.0640870814	0.056896761	0.0816217853	-0.039891166	-0.0262698323	0.0444886037	0.0059173826	-0.1763040238	-0.0687616697	-0.4170217397	-0.1336355999	0.4974313389	-0.3855451544	0.2142066102	0.0625822569	-0.0707080176	-0.0056316042	0.1993387645	0.0469704373	0.0468709842	0.0939956326	-0.0365194107	0.070386758	-0.0250481589	-0.0175614518	-0.0806180274	0.0280757292	-0.0636234981	-0.0117470455	-0.0894835724	-0.1088011458	0.0715639263	0.025151319	0.0116426184	-0.0582713153	0.0628239619	-0.0677691207	-0.1050320384	-0.007103145	0.1358052034	0.4621692331	-0.1327812791	0.0978576075	0.5921786568	0.0590119504	0.2981582674	-0.0174706202	-0.0304231557	0.0688791663	-0.0147767936	0.0848043079	-0.1036439813	0.0207438983	0.0465538626	-0.0859727078	-0.005553006	-0.0538017694	-0.0118203007	0.2513009774	0.1398829649	0.1172089578	0.1944577585	-0.1904344316	0.0615251796	0.2743411468	-0.4998190221	-0.4756078519	0.136418861	0.0192260738	-0.3027427088	0.0122418126	-0.0231457536	0.2077323456	-0.0520080932	0.0163140061	0.0589682854	0.0666739693	0.0800417974	0.0268127718	0.1409421868	0.0590991935	-0.1221327694	-0.0336000067	-0.0539958877	0.0780401729	-0.0102334157	-0.0696177779	0.0675308461	0.0140379523	-0.0790844839	-0.0946633380214621	-0.0673136277070796	0.0089611475653655	0.0045311244750873	0.2630502499578284	0.058724577031782	0.0034485759475617	0.0691954340028759	-0.2436291883042045	0.0414398786288146	0.0593551813937655	0.0017172635407708	0.0039836089556714	0.0061756560822994	1.5869140311705383e-05	3.813872804684157e-05	0.0013716971071884	-0.0025856375878425	1.8815529538690247e-06	6.685521735664498e-06	-0.0165210679262294	-0.0180559129553872	0.0003260159926525	0.000272945685423	0.0	0.0	0.0	0.0	0.0	0.0	0.0	0.0	0.0	0.0	0.0	0.0	0.0	0.0	0.0	0.0	0.0	0.0	0.0	0.0	1.0	0.0	0.0	0.0	0.0
2204.798381283857	-1.0630243352429716	1.1300207373187616	4861135.902111916	2508.7234059803523	-33.37116207293593	6293693.12771366	1113.6344580981574	2360.0388687797213	-4.761241415272707	5569783.462151066	22.66941981450805	2398.2147581021136	1714.970426027218	2.255214	59.579998	1.4350948348728854	0.93178498472972	-0.019231943	-0.1274889187	-0.0334437665	0.0372979579	0.0575759458	0.0484966857	0.0112316588	-0.0490255838	0.0256664973	-0.0807122336	-0.0343449446	0.0714462593	0.0586455948	0.0231106244	-0.0102713286	0.0305612872	-0.0382903754	-0.076882932	-0.0186876359	-0.0277722746	-0.0256393282	0.0248482824	0.0560563078	-0.0289441826	0.0358292524	-0.0193422378	0.0451168219	0.0566537762	-0.0466181671	-0.0516893436	-0.0489237161	-0.0837170852	-0.0209933416	-0.0288231699	0.0739437982	-0.0061541232	0.1139259719	0.0324486659	-0.0925557134	-0.0292116866	-0.0020236709	-0.1104206417	0.0183510821	0.0375693282	0.0114857849	0.0581016014	-0.0838518798	0.0391243857	-0.031890716	0.0142272499	0.0734933101	-0.012361092	-0.0044376425	-0.0300865951	-0.0222253357	-0.0156329467	-0.0668213458	-0.0569210613	-0.0094270981	-0.0313688451	0.0315492475	-0.0686993064	0.0202973778	0.0859978274	0.0720871004	0.0630173358	-0.0392734335	0.0483082891	-0.0464965202	0.0559163244	0.0888300927	0.0645718771	-0.0498719531	0.0936875865	0.049541271	-0.003820045	-0.1060097704	0.0063975812	-0.0222236909	-0.0017702458	-0.0372488014	-0.0217815395	0.036732016	0.0893338404	0.0160167785	0.0790127414	-0.096221942	0.0951778218	0.0137147917	-0.410993162	-0.0302816002	0.2403980587	-0.0343774302	-0.0527013995	0.0787557834	-0.0136166111	-0.0672896215	0.0702792922	0.0081094236	-0.0771080077	-0.0530385809539382	0.0416247570675238	0.0028130910696074	0.0017326204009303	0.1362810560376459	-0.1267691939201825	0.0160704285271728	0.0185725262347359	-0.1870711085403655	0.056558079763839	0.0349955996505212	0.0031988163865727	-0.0042067709565852	-0.0081903799122566	1.7696921881168762e-05	6.708232310709645e-05	0.0025951595685611	0.0012234624613727	6.7348531862942354e-06	1.4968603943881462e-06	-0.0017320542174319	0.0147890137087975	0.000218714926479	3.000011812123632e-06	0.0	0.0	0.0	0.0	0.0	0.0	0.0	0.0	0.0	0.0	0.0	0.0	0.0	0.0	0.0	0.0	0.0	0.0	0.0	0.0	0.0	1.0	0.0	0.0	0.0
2213.5275398265685	8.729158542711502	76.1982088637932	4899704.169570661	2489.348954385786	-19.37445159456638	6196858.216701605	375.3693745901958	2363.5836234714675	3.5447546917462205	5586527.545142512	12.565285824656842	2395.338312683657	1637.3647916965142	1.41018	37.255215	0.1072143451740846	0.0546948836429803	-0.0159563625	-0.0789236064	0.0510738161	-0.0750681643	0.0842143159	0.0124818973	-0.0151224765	0.0653181748	-0.0073356256	-0.0919565549	0.0101870882	0.0362117616	0.0291474747	0.0830861129	-0.0180800319	0.0125603899	0.0237363339	-0.0217806651	0.0281562014	0.0911345608	0.0243303124	-0.0290863782	-0.0065927275	0.0026788756	-0.0289739305	-0.0130015698	-0.0594542023	0.0364866719	0.0428686496	-0.0666097224	0.0105730978	0.0184862335	-0.0660591645	0.0371407451	0.0726176847	0.0310279367	-0.0198319818	-0.0019698455	-0.0552164003	0.006917859	-0.0530678721	-0.0499123659	-0.0134969123	0.0015760715	-0.0375633752	-0.0367633373	-0.0346514667	0.0351057434	0.0128524839	-0.0467894769	-0.0382534751	0.0459543401	0.0783951799	-0.0592581097	0.0005738296	0.0190828691	0.0738317267	0.0224179478	-0.0418642792	-0.0130389057	-0.026610048	-0.053220478	-0.0203536874	-0.0059388938	0.1099467356	-0.0081910343	-0.0148679614	0.007142526	-0.0555063971	0.0222545319	0.0670632515	0.0102026507	-0.0464748881	-0.0033247793	-0.0995010933	-0.004391695	0.0509787044	0.0070922657	0.0054744674	0.0618867149	0.0022757224	-0.0135642698	-0.0121372691	-0.1133925487	-0.0707398401	0.0117060714	0.0046540279	-0.0421508411	0.0043137142	0.2189702975	-0.0032905769	0.0185450953	-0.0351510839	-0.0513837948	0.0793936715	-0.0169759185	-0.064777029	0.0727503781	0.0021373389	-0.0745906743	-0.0504933955271553	0.0025451854267828	0.0025495829918617	6.4779688567080486e-06	0.1656009862331871	0.0293199301955411	0.0008596583066714	0.0274236866414042	-0.216183426520196	-0.0291123179798305	0.0467352739020129	0.0008475270581587	-0.0048883160983818	-0.0006815451417966	2.3895634277698663e-05	4.645037803065477e-07	0.0024389690577459	-0.0001561905108152	5.948570064641924e-06	2.4395475668713143e-08	-0.0018190567962587	-8.700257882679995e-05	7.569448722513537e-09	3.3089676280149653e-06	0.0	0.0	0.0	0.0	0.0	0.0	0.0	0.0	0.0	0.0	0.0	0.0	0.0	0.0	0.0	0.0	0.0	0.0	0.0	0.0	0.0	0.0	0.0	0.0	0.0
2227.4179013394937	13.89036151292521	192.94214295975397	4961390.507207635	2520.55598153641	31.20702715062407	6353202.456058975	973.878543579788	2369.541065381921	5.957441910453326	5614724.860531288	35.49111411642578	2404.085068438842	1701.3125050047915	1.078417	28.490458	0.058007164829239	0.030057306616791	-0.0441558719	-0.057015383	0.0047083885	-0.0748175253	0.0545268355	0.0430714687	-0.0411175221	0.0378102617	-0.0404726678	-0.0432172667	-0.0203418626	0.0223315591	-0.0269267402	0.000597933	-0.0221427065	-0.0119973334	0.0177093199	0.0433633721	-0.0077904185	0.0046652422	0.0024231681	0.0009941179	0.0161100461	-0.0061514235	-0.0485376916	0.0286818083	0.0164985786	0.0125062846	-0.0836725385	-0.0135541551	0.0068201942	0.0457864656	0.0609312888	-0.0317437927	0.0491617158	-0.0025807917	0.0591206548	0.047888244	-0.0443569813	0.0229016653	0.0197862826	-0.0225754518	0.0107298674	-0.0302858648	-0.0146483026	-0.0178559476	0.0426731061	0.0348692655	0.0959058862	-0.0318186628	-0.0268703987	-0.0136863631	-0.0404839943	0.0104980993	-0.0262099111	0.0011950461	-0.0089323705	-0.0710813533	-0.0069854612	0.0010486828	0.034988243	-0.0286440704	-0.0232054313	0.0131488145	0.0091008058	0.0093304512	0.0094966855	0.0444885583	-0.0508540354	0.0345660483	0.0626843004	0.0558878217	-0.001505874	0.0366368711	0.0276059317	0.0468999614	-0.0218637278	-0.0290648765	0.0868036309	0.0081379908	0.0387097963	-0.0096583168	0.026735108	0.0268513085	0.0043816775	0.0346855741	-0.0262126906	0.0663542823	-0.024891326	-0.0946799895	-0.0358188871	0.0594251651	-0.0359208828	-0.0500436514	0.0799532077	-0.0203054443	-0.0620868871	0.0749343514	-0.0038462256	-0.0715501408	-0.0349715443620084	0.0155218511651469	0.0012230089150639	0.0002409278635929	0.1762593988813137	0.0106584126481266	0.0001136017601777	0.031067375694002	-0.2224863996237616	-0.0063029731035655	0.0495001980175441	3.972746994427125e-05	-0.0044659146195613	0.0004224014788204	1.9944393389211357e-05	1.784230093097453e-07	0.002437884589119	-1.0844686269000266e-06	5.943281269863916e-06	1.176072202730429e-12	-0.0017320641854581	8.699261080059991e-05	7.567714333904653e-09	3.0000463425466317e-06	0.0	0.0	0.0	0.0	0.0	0.0	0.0	0.0	0.0	0.0	0.0	0.0	0.0	0.0	0.0	0.0	0.0	0.0	0.0	0.0	0.0	0.0	0.0	0.0	0.0
2216.673652713672	-10.74424862582191	115.438878533476	4913642.082634972	2524.2296479637944	3.6736664273844326	6371735.3156594215	13.4958250196915	2364.883946626083	-4.657118755837928	5592676.081009758	21.68875510597741	2401.7034280787325	1720.203027234106	0.999106	26.395149	0.0488251825667143	0.0280164155804464	-0.0104659235	-0.0444608296	-0.0310870132	-0.0048703033	0.0502001209	0.0560306935	-0.027883536	-0.0386162386	0.0103597805	-0.0621339193	-0.0019813362	0.0573666562	0.0200791705	-0.0304910553	-0.0072343165	0.0078936947	-0.0159907054	0.0198930027	0.0137450403	0.0266424449	0.0087829031	-0.0171373245	0.0265370305	-0.0272905381	0.0468422561	0.0607963642	-0.0258285821	0.0022210505	-0.0822209793	-0.0534877079	0.0793913039	-0.0330751973	0.0063356085	0.0489940979	0.0139845762	0.0640660111	0.030900296	-0.0624158352	0.0231831063	-0.1203985552	0.1455410655	0.0287794362	0.0034558402	0.0052391338	-0.0088167744	0.0161160838	-0.0042779276	0.0452225123	-0.0062283998	-0.0207979498	-0.003780167	0.035972477	0.0614845743	-0.0194302245	-0.0562428713	-0.011844274	0.0170972891	-0.0852684514	-0.1009103069	0.0337809798	0.0725636778	0.0364017687	-0.0126695684	0.0500213274	0.0795772325	0.0415302864	-0.0055081778	-0.038100205	-0.0358431186	0.015918218	0.052094515	0.0370854663	-0.0154030088	0.0102240871	-0.0524664361	0.0503714038	-0.0141923016	-0.0086862596	0.0378330252	-0.0127973517	0.0367781196	0.0571333415	-0.0837232313	-0.0485316753	0.0656767506	0.0323764121	0.0131124602	-0.0764538045	-0.0296889241	0.0907111882	-0.0460974649	0.0002200049	-0.0366867426	-0.0486815572	0.0804338397	-0.0235993474	-0.0592265694	0.0768225931	-0.0098091318	-0.0680077345	-0.0420291121087785	-0.00705756774677	0.0017664462646522	4.980926250024956e-05	0.1870721416700576	0.0108127427887438	0.0001169154066155	0.034995986189022	-0.2265262250332469	-0.0040398254094853	0.0513141306278132	1.63201893391231e-05	-0.0043537791976179	0.0001121354219434	1.8955393301610363e-05	1.2574352854424476e-08	0.0020137862693399	-0.0004240983197791	4.055335138581912e-06	1.79859384839456e-07	-0.0017341313761699	-2.067190711799996e-06	4.273277438952173e-12	3.007211629816911e-06	0.0	0.0	0.0	0.0	0.0	0.0	0.0	0.0	0.0	0.0	0.0	0.0	0.0	0.0	0.0	0.0	0.0	0.0	0.0	0.0	0.0	0.0	0.0	0.0	0.0
2214.955412816704	-1.7182398969675887	2.95234834353119	4906027.480766017	2497.8174857523904	-26.41216221140394	6239092.192130393	697.6023126815141	2366.7523807028065	1.868434076723588	5601516.831562403	3.491045899061927	2400.8479677169275	1712.2290967564384	0.983029	25.970423	0.1293691588141649	0.0587589848744292	-0.0037899804	-0.0644708137	-0.0246624747	0.0197659167	0.0593783731	0.0118054303	0.0097148717	0.0006165555	0.041258352	-0.0988834979	0.022734374	0.0127714504	0.0690222229	0.0172114532	-0.0107705626	0.0231601192	-0.0216278041	-0.025098216	-0.0735244229	-0.0093552421	0.0307947682	-0.019834	-0.0063053423	0.0533082249	0.0262554935	0.0656938115	0.0510234016	0.0392123262	0.0403119037	-0.0410651045	0.0408653402	0.0287603646	0.0702432886	-0.0142398436	0.067914549	0.0914585362	-0.0140219639	0.0926126369	0.1597054911	0.0264374578	0.0937623573	0.0226501274	0.0037123415	0.0161363009	-0.0255700631	0.0579726039	-0.0525753063	0.0046419784	-0.0298820259	0.045397436	-0.0250342323	0.0413765036	0.0497535598	-0.0102746303	-0.024042129	0.0655265818	-0.0079986615	-0.043709945	0.0414475613	0.0214791024	-0.0444780039	-0.0477018429	-0.0674773272	-0.0080280499	-0.0647816555	0.058623184	0.0553544864	0.0046501653	-0.0250947143	0.0193635436	0.0470956727	0.0287632812	-0.063043073	0.0258359872	-0.0345472895	0.0324128101	-0.0346220981	0.0236552111	-0.0326532659	0.049290255	-0.1126815397	-0.0227342261	0.0447350883	-0.0827963831	-0.0437052889	0.0361755254	-0.0198409722	-0.0162922819	0.0019664059	-0.0686715588	-0.0047490173	0.0996403253	-0.0374485793	-0.0472981097	0.0808350932	-0.0268518493	-0.0562039158	0.0784076511	-0.0157193527	-0.0639883028	-0.0558873740310588	-0.0138582619222802	0.0031233985760874	0.0001920514235065	0.1765465287221843	-0.0105256129478732	0.0001107885279284	0.031168676803853	-0.2801976415549632	-0.0536714165217162	0.0785107183329636	0.0028806209514475	-0.0045669352720362	-0.0002131560744183	2.0856897778968363e-05	4.543551206142005e-08	0.0023889779405055	0.0003751916711656	5.7072156002219e-06	1.4076879011203576e-07	-0.0021720609790319	-0.0004379296028619	1.9178233706286884e-07	4.717848896633015e-06	0.0	0.0	0.0	0.0	0.0	0.0	0.0	0.0	0.0	0.0	0.0	0.0	0.0	0.0	0.0	0.0	0.0	0.0	0.0	0.0	0.0	0.0	0.0	0.0	0.0
2233.547144722752	18.5917319060477	345.652495266352	4988732.847699158	2516.571761401732	18.754275649341707	6333133.430284617	351.7228551314913	2372.4848775449004	5.732496842093951	5628684.494179241	32.86152004461712	2405.1436081070583	1711.5162297779927	1.019749	26.940525	0.1625535186134621	0.0743377759207516	-0.0395154668	-0.0480263314	-0.0049195953	-0.0701254427	0.0607219419	0.0504387289	-0.0574030796	0.0269672762	-0.0579254337	-0.0378645962	-0.0301281437	0.0116531313	0.0015866313	0.0499925625	0.0056979688	-0.0234901665	0.0247728775	0.0042447605	-0.0839650733	0.0395028788	0.0262189865	-0.0680456706	-0.0031032084	-0.0054556395	-0.0609949813	0.0086705883	0.0019135328	0.0253805773	-0.0058573415	-0.0519522609	-0.0592118354	0.0500697152	-0.0496405231	0.0091303127	0.0382728849	0.0228351073	0.0317485615	0.0709657652	0.0034784592	-0.0725498356	0.0082220076	0.0242586259	-0.0166475	-0.0363142055	-0.0188853671	0.0444357679	-0.0084546118	0.0136623678	0.0162721533	0.0139815862	-0.0688167096	0.0549808484	-0.0106725365	-0.0636233115	0.0008983553	0.0092432819	0.0480742411	-0.0222601814	0.0756602014	0.0351632027	-0.0096782027	-0.0138825245	0.0270336378	-0.0040862118	0.0343345891	0.1258983387	0.0266339589	-0.0424666454	-0.0490403232	0.0193143444	0.0605567529	0.0199711365	-0.0287413105	-0.0196900494	-0.0865818178	0.0709842476	-0.0683675593	-0.0527350854	0.0068278037	0.0124253671	-0.0984182502	-0.030153191	0.0414243439	-0.1128654277	-0.1250599117	-0.0227179556	0.0121550593	0.0142280891	-0.0923871566	0.0868640758	0.0738473085	0.0816244793	-0.0382063093	-0.0458939156	0.0811565722	-0.0300572439	-0.0530272111	0.0796832699	-0.0215451443	-0.0595200392	-0.067409083825936	-0.0115217097948771	0.004543984582252	0.0001327497965973	0.2123570559445085	0.0358105272223241	0.0012823938599408	0.0450955192094191	-0.301368106058014	-0.0211704645030508	0.0908227353489943	0.0004481885672749	-0.0054931136756164	-0.0009261784035801	3.0174297853243917e-05	8.578064352583667e-07	0.0032707989755165	0.000881821035011	1.0698125938239788e-05	7.776083377878718e-07	-0.0020990440757589	7.301690327299977e-05	5.331468163578604e-09	4.405986031978535e-06	0.0	0.0	0.0	0.0	0.0	0.0	0.0	0.0	0.0	0.0	0.0	0.0	0.0	0.0	0.0	0.0	0.0	0.0	0.0	0.0	0.0	0.0	0.0	0.0	0.0
2232.302862152435	-1.2442825703169549	1.548239114794567	4983176.068373953	2532.4507109229244	15.878949521192226	6413306.603254025	252.1410378965708	2374.113812985628	1.6289354407276733	5636416.397009158	2.653430670058659	2408.4028956049387	1731.578435000117	1.023717	27.045345	0.0937488406327591	0.0493715438462774	-0.0665342525	-0.0052646978	-0.0026242168	-0.0563233366	0.0659321082	0.0453605094	-0.0675195488	-0.0491839447	-0.0807273292	0.0194826928	-0.0559727845	0.0637189685	0.0644100513	0.0252341642	-0.0055588628	-0.0071927662	-0.0008056292	0.0391664592	-0.1185224924	0.0062771553	0.0008849997	0.0156878447	-0.0325254299	0.0206595474	-0.1027254995	-0.0434485776	0.0416528101	0.0076584679	-0.0430966006	0.0380369216	0.0299789295	-0.0403176399	0.0025094493	-0.0239788025	-0.0395451896	0.0903553313	0.0808898369	0.1018006576	-0.030785909	-0.0515764181	-0.040415152	-0.0263052328	-0.0119806748	-0.0235175973	-0.028100139	0.1095954144	0.0502850727	-0.0701747529	0.1138287018	-0.0584859499	-0.0469458847	-0.0250327539	-0.0365968306	-0.0067503841	0.0258756037	-0.0244091389	0.0563008819	-0.1038607385	-0.0366591335	0.0124923999	-0.0711433217	-0.0722221151	0.0542320932	-0.0474097051	-0.0766041317	0.0628244472	-0.1285989593	0.0563641305	-0.0473408899	0.0420979368	0.0329976914	0.0793560762	-0.0150861075	-0.0108292599	-0.0482223052	0.0929538037	-0.0748380981	0.01935939	0.0112611047	0.0279990804	0.0492222015	-0.121279196	0.0347025095	-0.0004866918	-0.0515622283	0.0231787845	-0.0503183227	-0.0036015957	-0.0642146043	-0.0190507446	-0.0080541213	0.059132087	-0.0389598496	-0.044469591	0.0813979594	-0.0332099078	-0.0497051625	0.0806444153	-0.0272552159	-0.0546342852	-0.058391957946597	0.0090171258793389	0.0034096207528371	8.130855912384498e-05	0.2086827624998761	-0.0036742934446323	1.3500432317268492e-05	0.0435484953645797	-0.2704345072507763	0.0309335988072377	0.0731348227119701	0.0009568875351671	-0.0055389526314085	-4.583895579210028e-05	3.0679996252987145e-05	2.101209868110124e-09	0.0023850328238839	-0.0008857661516326	5.68838157100361e-06	7.845816753780266e-07	-0.0021699154183652	-7.08713426062998e-05	5.022747202819525e-09	4.70853292285902e-06	0.0	0.0	0.0	0.0	0.0	0.0	0.0	0.0	0.0	0.0	0.0	0.0	0.0	0.0	0.0	0.0	0.0	0.0	0.0	0.0	0.0	0.0	0.0	0.0	0.0
2216.520354930627	-15.78250722180792	249.0875342064191	4912962.4838217925	2516.2972280018366	-16.153482921087743	6331751.739649727	260.9350104818734	2364.697289840035	-9.416523145593146	5591793.272576806	88.67090815149145	2400.25810189273	1762.4973205566407	1.111975	29.377024	0.1701987064237786	0.0978633556482693	-0.002461873	0.0227342685	-0.0701216808	0.0448278937	0.0083542942	0.036590987	-0.0059147891	-0.0710548338	-0.0676386677	0.0634109972	-0.0248877729	0.0096839742	0.0027981536	0.0496423611	-0.0059505745	0.0243050297	-0.0749479733	0.0477653353	-0.0652985909	-0.0137661992	-0.0015497101	-0.0639043217	-0.0324110297	0.0306849886	-0.0623738963	0.0058543023	0.0258928196	0.0321504358	-0.0327631713	0.0558790757	-0.0421094818	-0.009235965	-0.0741903663	0.0944628463	0.0022670595	0.0009721928	-0.0431314879	-0.0227339474	0.066941601	-0.0248372542	-0.0042892318	-0.0090260318	0.0271254213	0.0491947194	0.0465317175	0.0835799683	0.0532070694	-0.1043445794	0.0453319357	0.0330678726	-0.0170355211	0.0213555284	-0.0168894182	-0.0527815987	0.0371098875	0.011748893	-0.0348992832	0.0624060865	-0.0320181155	0.0303174447	-0.0214000669	-0.0725823342	0.0483438559	-0.0106339448	0.0591634595	-0.0367439513	0.0116192423	-0.1115772711	0.0008253337	-0.0039871087	0.0107061437	0.0185103874	-0.0366641416	-0.0105358968	3.69028e-05	0.0650774344	0.0238580509	0.1069453502	0.1117494265	0.0063177546	0.015955845	-0.0651940993	-0.0115193311	0.0066415151	-0.0204290855	-0.0110576525	-0.0223779268	-0.0820992943	-0.068724802	0.0250776487	0.0346160381	0.0208203199	-0.0397091175	-0.0430257605	0.0815590168	-0.0363043104	-0.0462468756	0.081287294	-0.0328188985	-0.049365311	-0.0446702997214458	0.0137216582251512	0.0019954356772038	0.0001882839044478	0.2445472505022081	0.0358644880023319	0.0012862614996694	0.0598033577281897	-0.2805465783730767	-0.0101120711223004	0.0787063826368408	0.0001022539823824	-0.0038073572902236	0.0017315953411849	1.4495969535418792e-05	2.9984224256132505e-06	0.0024553675355003	7.033471161639994e-05	6.028829734388816e-06	4.946971658162145e-09	-0.0017618356896866	0.0004080797286785	1.665290649583997e-07	3.104064997453457e-06	0.0	0.0	0.0	0.0	0.0	0.0	0.0	0.0	0.0	0.0	0.0	0.0	0.0	0.0	0.0	0.0	0.0	0.0	0.0	0.0	0.0	0.0	0.0	0.0	0.0
2205.5723284359688	-10.94802649465828	119.85928412773966	4864549.295962461	2491.8937792422166	-24.403448759620005	6209534.607026057	595.5283113633992	2361.888922981594	-2.808366858440877	5578519.284503154	7.886924411589081	2399.865234816484	1730.3669850058184	0.918932	24.277067	0.0677688486361985	0.0331206640051161	0.0299822839	-0.0278969691	-0.0495247758	0.054335835	0.014159627	0.0298550002	0.0497589076	-0.0775606141	-0.0927881561	0.0512363366	-0.0639336053	0.0196469244	-0.0306325226	0.0313989522	-0.0286984817	0.0401539111	-0.1072416775	0.0210090211	-0.0603340583	0.006248793	0.0197762004	-0.0726108637	0.0001853601	-0.0006318483	-0.0517429182	-0.0307784686	0.0453144689	0.0815773524	-0.0020865535	0.0138693399	-0.0269475458	-0.0473273899	-0.0219837572	0.0135418042	-0.0612692515	-0.0301232588	0.0043958115	0.0611041218	-0.0217175103	-0.0794631819	-0.0061821372	-0.0359378608	0.0575948542	0.0668565798	0.0575342911	0.084180994	0.0165982447	-0.0597292373	0.0377346686	-0.0079504395	0.0040056993	-0.0118945747	-0.0498731479	-0.0799322578	0.0045235848	-0.0004578954	-0.0691295712	0.0204177716	0.0531383592	-0.007119684	-0.0041709535	-0.0598341999	0.0162282295	0.0389482188	0.0015686146	0.0132189274	-0.0141652387	-0.0690442105	-0.00819581	-0.0081022875	0.0391712395	0.0146106321	-0.0418778979	0.0377381049	-0.0068638987	0.0902858866	-0.041088363	0.00490657	0.0763645607	-0.0249220033	0.0703983079	-0.0776282772	-0.0174068078	0.079375905	-0.0238470058	-0.0459651726	0.0115431969	-0.0489766835	-0.0243292915	-0.0106208818	-0.0436559685	-0.0014966907	-0.0404540309	-0.0415630576	0.0816395852	-0.0393350228	-0.0426618292	0.0816093689	-0.0382063093	-0.0437500746	-0.0427214868753367	0.0019488128461091	0.0018251254408395	3.797871509159853e-06	0.2171342224986574	-0.0274130280035506	0.0007514741043234	0.0471472705800964	-0.2810059306508705	-0.0004593522777937	0.0789643330609618	2.110045151143124e-07	-0.0038941880852604	-8.683079503680026e-05	1.5164700843384062e-05	7.539586966722817e-09	0.0021701958743842	-0.0002851716611161	4.709750133194201e-06	8.132287630371583e-08	-0.0021487863437086	-0.000386950654022	1.4973080864805358e-07	4.617282750908573e-06	0.0	0.0	0.0	0.0	0.0	0.0	0.0	0.0	0.0	0.0	0.0	0.0	0.0	0.0	0.0	0.0	0.0	0.0	0.0	0.0	0.0	0.0	0.0	0.0	0.0
2198.6835857509377	-6.888742685031048	47.45477578056877	4834209.510250601	2468.321518627565	-23.57226061465144	6092611.11931989	555.6514704850475	2360.091923589292	-1.796999392302041	5570033.8877914045	3.229206815933905	2394.692480601196	1667.758594535782	0.942646	24.903557	0.10521066291693	0.0592802935137499	0.0502784245	-0.0571391711	0.0142900894	0.0120733478	0.0358707025	0.0072301149	0.0800579676	-0.0105048744	-0.0359609383	0.0206786386	-0.0599420924	0.0311444298	0.0233878198	0.0483345723	-0.0284873247	0.0441973995	-0.0799824555	-0.00948179	-0.0002920798	0.0111442088	-0.0234432757	-0.0539185537	-0.0348391921	0.0060268423	-0.0008381234	0.0471272472	-0.028566982	0.0366474378	-0.0273268042	0.0506551943	-0.0569307335	-0.0074528203	0.0274940175	-0.0571426832	-0.0408936931	0.0315951572	-0.0145977267	0.0141204312	0.0633460861	0.0466063783	-0.0090838798	0.0415165994	0.0476378484	0.0717096053	0.0321091737	0.0231846639	-0.0287505616	-0.0564824132	0.0200673332	-0.016163154	-0.0373215733	0.0355455947	-0.033929621	-0.0071002024	-0.0428897141	-0.010711844	-0.0581947516	0.0017365128	0.0032721901	0.0578014043	-0.0575213457	-0.055287472	0.0630544404	-0.0548161148	-0.0612675886	-0.0226473978	0.0248374204	0.0107920741	-0.0151327421	-0.007134838	0.0468895285	-0.0210742558	-0.0814311727	0.0326783172	-0.0844355166	0.0434646872	-0.0116509225	0.0257980918	-0.0180645705	-0.0050957904	0.0357229589	-0.0442539403	-0.0076352688	-0.0381766121	-0.0228894821	0.0144836894	0.0204815291	-0.0725097282	-0.0084549981	0.0084030598	-0.0047967403	0.0552781244	-0.041194508	-0.0400821236	0.0816395852	-0.0422967282	-0.0389598496	0.0816093689	-0.0433885123	-0.0378279629	-0.0529654248171596	-0.0102439379418228	0.0028053362260621	0.0001049382645559	0.2009954610082616	-0.0161387614903958	0.0002604596224438	0.0403991753459236	-0.2407566812264292	0.0402492494244412	0.0579637795551644	0.0016200020792308	-0.0045320501581142	-0.0006378620728537	2.0539478635662945e-05	4.068680239853461e-07	0.0023018908755185	0.0001316950011343	5.298701602795327e-06	1.7343573323763378e-08	-0.0021508035509259	-2.0172072173001675e-06	4.069124957527885e-12	4.625955914675461e-06	0.0	0.0	0.0	0.0	0.0	0.0	0.0	0.0	0.0	0.0	0.0	0.0	0.0	0.0	0.0	0.0	0.0	0.0	0.0	0.0	0.0	0.0	0.0	0.0	0.0
2208.785073153986	10.101487403048395	102.04004775394542	4878731.499387859	2485.2826952578416	16.96117663027644	6176630.075348082	287.6815126834357	2367.776877693508	7.684954104216104	5606367.342540018	59.05851958390794	2397.3557454500665	1652.8793393666158	0.977164	25.815487	0.1326345694783282	0.0726396538223323	0.0664217208	-0.0407220861	0.0225579328	0.0083168591	0.0417530659	0.0034209605	0.0422169895	0.0164372066	0.0200594064	-0.0359838274	0.0345122716	-0.0499167864	0.0292813683	0.0790222461	-0.0094801084	-0.0041493636	-0.0127288277	0.0194456307	0.0008462956	-0.0098750322	-0.0053677857	-0.0438916705	0.0329961142	0.022428378	0.0629493102	-0.0179620893	-0.059875604	-0.0142314233	-0.0645269316	-0.0490778823	-0.0310551379	-0.0010529647	-0.0040012722	0.0489818407	0.0020744212	-0.0320887002	-0.0266156814	0.0598158078	0.0040934628	0.0039274452	-0.0132973665	-0.0313415144	0.0156504041	0.0158835268	0.019561556	-0.0249643108	-0.0068312296	0.0277940717	0.0061682912	0.0470951809	-0.0580095233	0.0449765597	0.0215728901	-0.0017530304	0.0410248639	0.0076310445	-0.0405701957	0.0036416539	-0.0152720828	-0.0013860638	-0.0372139141	-0.0302660276	-0.0077450565	0.0249774171	0.0692619816	0.0483864996	0.0038686662	0.0420729906	0.0042882555	-0.0123595049	0.0393100216	-0.0041408917	-0.0402244895	0.048981958	-0.0027806063	0.0336709739	0.0054025152	-0.0390620949	0.0002283948	0.0105404803	-0.0839192111	0.0212452024	0.0352850106	-0.0067207526	0.0005705349	0.0575484974	-0.0028229388	-0.0078956511	-0.0092106529	0.0368701518	-0.0813716371	0.0416175864	-0.0419304676	-0.0385836084	0.0815590168	-0.0451842308	-0.0351510839	0.081287294	-0.0483376736	-0.0316405151	-0.034019827753184	0.0189455970639756	0.0011573486803563	0.0003589356481105	0.2267578350113979	0.0257623740031363	0.0006636999142774	0.0514191157390563	-0.2957970347804206	-0.0550403535539913	0.0874958857848893	0.0030294405193483	-0.003982657599154	0.0005493925589601	1.5861561552099108e-05	3.018321838408362e-07	0.002213256843691	-8.863403182750003e-05	4.898505856145048e-06	7.855991597998289e-09	-0.0021311052445691	1.9698306356800022e-05	3.880232733263482e-10	4.541609563429924e-06	0.0	0.0	0.0	0.0	0.0	0.0	0.0	0.0	0.0	0.0	0.0	0.0	0.0	0.0	0.0	0.0	0.0	0.0	0.0	0.0	0.0	0.0	0.0	0.0	0.0
2216.000694514915	7.215621360928708	52.065191624290655	4910659.078090585	2507.12475403743	21.84205877958857	6285674.532307245	477.0755317310021	2368.6200309421706	0.8431532486624747	5610360.8509804895	0.7109074007300848	2405.575728404371	1697.059768165086	1.066128	28.1658	0.0638585270446448	0.0306128571793903	0.0284445762	-0.0251408122	-0.0142862677	-0.0238018712	-0.0056635127	0.0175490616	0.0188281402	-0.0673080198	-0.0347162537	0.0368478588	-0.0463334643	0.0290964769	-0.0118652219	0.0996943525	-0.0293585906	-0.0161113489	-0.0371898824	0.0014985305	-0.0326940178	0.046169364	0.019464755	0.0217621838	0.0152372433	0.0217556739	-0.0072406058	0.0275634307	-0.0340383135	-0.0295686547	-0.0582335231	-0.0192887125	0.0037840578	0.0245704694	0.0088227313	-0.0953020503	-0.0761379777	-0.0065567792	0.0361758979	-0.0179112149	0.0255856788	-0.002017942	0.042051641	0.0923478894	0.0462437836	0.0033321294	0.0217342359	0.0406333035	-0.0018280483	-0.0650156457	-0.0339179896	0.0191028503	-0.112016181	-0.03139621	-0.0504824782	0.0358031388	-0.0400735695	-0.0692063734	0.00880597	-0.0474915449	0.0585589885	0.1044903213	-0.0393871109	0.020147934	0.025448584	-0.0009501456	-0.0377448808	0.0063095547	0.0515783872	0.005123769	-0.0096601198	-0.0205289904	0.0253246209	-0.0012874865	-0.0389409169	-0.003932374	-0.0645782829	0.0624577175	-0.0651166913	-0.0166833453	0.0001584569	0.0451181009	0.0115544042	-0.0970032983	0.0399279329	0.0730984676	-0.0640576589	-0.0599860073	0.04551897	0.0068969247	-0.0050293599	0.0215854504	-0.0220903289	-0.0045373992	-0.0426618292	-0.0370681691	0.0813979594	-0.0479924649	-0.0312459714	0.0806444153	-0.0530272111	-0.0252311319	-0.0423279554379973	-0.0083081276848133	0.001791655811561	6.902498562716124e-05	0.2311028677549558	0.0043450327435579	1.8879309542590365e-05	0.0534085354845646	-0.2698781554530569	0.0259188793273636	0.0728342187907443	0.0006717883055864	-0.0040971594748241	-0.00011450187567	1.6786715762140894e-05	1.3110679531970876e-08	0.0020247896854443	-0.0001884671582466	4.099773270281628e-06	3.5519869737586633e-08	-0.0023338659564305	-0.0002027607118613	4.111190627454162e-08	5.446930302585253e-06	0.0	0.0	0.0	0.0	0.0	0.0	0.0	0.0	0.0	0.0	0.0	0.0	0.0	0.0	0.0	0.0	0.0	0.0	0.0	0.0	0.0	0.0	0.0	0.0	0.0
2201.842092983165	-14.15860153174981	200.4659973348681	4848108.602432485	2484.8268141106	-22.297939926830168	6174364.296123034	497.1981249805269	2364.114077360733	-4.505953581437552	5589035.37077519	20.303617678069905	2395.364232868657	1691.0709999861117	1.070192	28.273172	0.050411642459595	0.0329210450475835	0.0493224686	-0.0555027276	-0.0207020481	0.0310263081	0.0164179929	0.0552262008	0.068951256	-0.0017698664	-0.038889647	0.0709169954	-0.001307053	0.0441168645	-0.0886788523	-0.0422678962	-0.0388314825	0.0112994319	-0.0785852584	0.0522210472	0.0013863348	-0.0335447377	-0.0105126928	-0.0442999418	-0.0032660278	-0.0271387965	-0.0122557565	0.0673277888	0.0056613792	0.0494443807	-0.0088672915	0.0390441738	-0.0661010375	-0.015499507	0.0203080839	0.1253885613	-0.1117266187	0.0333466053	0.0267073913	0.0378558121	-0.0319630873	0.0101409207	-0.0575425632	-0.0298653224	0.0632979831	0.0525492246	0.0560491464	-0.0130110921	0.027287991	-0.033565135	0.0400611582	0.0313157647	-0.0122867373	0.0399671156	-0.057037308	-0.0186825576	-0.0564448879	0.011597801	-0.0341978384	0.0193640351	-0.0370411618	-0.0268878271	-0.0252052926	-0.0698618532	-0.0378062941	-0.0608661417	0.0372630404	0.0243531065	-0.0753049676	-0.0201809131	-0.0049742862	-0.0065664084	0.0544009058	-0.011430751	-0.0471054306	0.0508259632	0.0257281907	0.0568186265	-0.0017004863	0.0116870666	0.1119758192	-0.0376637462	0.0512820482	-0.0376028112	-0.0333481563	0.0337713452	0.0184926398	0.0066957688	-0.0095322724	-0.0773201835	-0.001529692	-0.0083877	-0.0040501522	0.0207355242	-0.0433885123	-0.0355364705	0.0811565722	-0.0507165039	-0.0272552159	0.0796832699	-0.057431937	-0.0186447705	-0.0419557609760374	0.0003721944619599	0.0017602858790783	1.385287175136196e-07	0.2367606069663281	0.0056577392113723	3.2010012983899695e-05	0.0560555850110641	-0.244249196471884	0.0256289589811728	0.0596576699771609	0.0006568435384586	-0.0042539086997498	-0.0001567492249256	1.809573922580703e-05	2.4570319514807657e-08	0.0022419765694723	0.0002171868840279	5.026458938062784e-06	4.7170142593791904e-08	-0.0023327470692824	1.1188871480998126e-06	1.2519084501829321e-12	5.441708889245627e-06	0.0	0.0	0.0	0.0	0.0	0.0	0.0	0.0	0.0	0.0	0.0	0.0	0.0	0.0	0.0	0.0	0.0	0.0	0.0	0.0	0.0	0.0	0.0	0.0	0.0
2201.8622229040025	0.0201299208374621	0.0004052137129224	4848197.248651755	2476.2763949721607	-8.550419138439338	6131944.784296321	73.10966744298972	2362.33199807872	-1.782079282013001	5580612.469146598	3.175806567379973	2394.616599884861	1631.2435141374965	1.178097	31.123875	0.4159115295954972	0.2157660713538627	0.1018131804	0.052399043	0.0484901158	-0.0006946925	-0.0292676998	-0.0274623508	0.0668158757	0.0352669293	0.0253889845	0.0858541395	0.0651580203	-0.1142190868	-0.0432024896	-0.0767552799	-0.0316384632	0.0262258505	-0.0199749087	0.0048865698	0.0909331778	-0.0572345953	0.0234206559	0.03576153	0.0079366209	-0.0837944119	0.0214339439	0.0093664437	-0.0275301334	-0.06105125	0.0197965039	0.065593748	-0.0287686885	0.0256390389	0.1257187973	-0.0084620991	-0.0185445888	0.0582482927	-0.0893585012	-0.0217462148	0.0013619513	-0.055384659	-0.0056246318	0.0089414335	0.0415441184	0.0466117535	0.015704824	-0.096292344	-0.0099750636	0.0539924158	0.0298450816	0.0638966183	0.0369330156	-0.0355298631	-0.0013774296	0.0269304667	-0.0763709445	-0.0580418487	-0.0030641719	0.0320912052	0.0036222156	-0.0368509065	-0.0601900999	0.1013601719	-0.0903628513	-0.0464300761	-0.0536675515	0.0319695412	0.0038755959	-0.0348444107	0.0852670589	-0.0593899574	-0.0276014649	-0.0540760661	-0.0029162512	-0.013356523	0.018956027	0.004444535	-0.0061568822	-0.1214126581	-0.0126545283	-0.0543946317	0.009578951	0.0392287622	-0.0105234512	-0.0054752352	-0.1017595185	-0.067369954	-0.0076378733	-0.0281426523	-0.0735882623	-0.0047881886	-0.0994117999	-0.0635222009	-0.0441104375	-0.0339891844	0.0808350932	-0.0533515689	-0.0231897558	0.0784076511	-0.0615281933	-0.0119276293	-0.0254970128459888	0.0164587481300486	0.0006500976640685	0.0002708903900083	0.2928139861862036	0.0560533792198754	0.0031419813219671	0.0857400305062542	-0.3705415363883872	-0.1262923399165032	0.1373010301890664	0.0159497551215855	-0.0013099808133977	0.002943927886352	1.7160497314700995e-06	8.666711400041541e-06	0.0025172973618505	0.0002753207923781	6.336786007979488e-06	7.580153871575983e-08	-0.0012098545014313	0.0011228925678511	1.260887718935238e-06	1.4637479146335794e-06	0.0	0.0	0.0	0.0	0.0	0.0	0.0	0.0	0.0	0.0	0.0	0.0	0.0	0.0	0.0	0.0	0.0	0.0	0.0	0.0	0.0	0.0	0.0	0.0	0.0
2222.0011168726537	20.13889396865125	405.5750502805775	4937288.963383321	2509.833913319146	33.55751834698549	6299266.2724469	1126.1070376082678	2372.214749543564	9.88275146484375	5627402.817952033	97.66877651587129	2407.056683448943	1684.3639391687816	1.099737	29.053705	0.1881328083613523	0.0950959016057703	0.0367074387	0.0581438934	0.0280220097	-0.0530651172	-0.0461546906	-0.0380748128	0.0072826268	0.0349009169	-0.0250140429	0.0654186333	0.0461781783	-0.0801934312	-0.024769538	-0.0611934139	-0.003851593	-0.0089482781	0.0383845421	0.0446389223	-0.0186455662	0.0091137262	0.0375495865	0.0068287264	0.0188585543	-0.0020951175	-0.0053466989	-0.0329104386	-0.0866001966	-0.0656849832	-0.0247146752	0.0188609791	-0.0308912203	-0.014915491	-0.046757813	0.0609892807	0.0060750072	-0.0280622709	0.0684909897	-0.0721662622	0.005438524	-0.0065675999	-0.03538732	0.0411854569	0.0086427604	-0.0225070349	-0.0056967605	-0.0056354052	0.0234832296	0.099136199	0.0507686814	0.0304550627	-0.058184327	-0.0374119936	-0.0265445254	0.0282408163	0.0362528566	0.0415283072	0.0456759026	0.0968321159	0.0176152875	-0.0326985	0.0690410643	0.0969275293	0.0193099035	0.0153189354	0.0283614152	0.0432475046	-0.0492934047	-0.0015178382	0.0524228893	-0.0563247773	-0.0318300269	-0.0347515412	-0.0134035784	-0.0368945972	-0.0049149912	0.0120462172	0.0117083101	-0.0376486721	0.0339618527	-0.0383449196	-0.0226996074	-0.0007488392	0.0381373277	-0.0731612673	0.0009131771	-0.0359876421	0.075718164	0.0100682566	0.0021584543	-0.0398381542	-0.0395484611	0.032208849	-0.0448275254	-0.0324269895	0.0804338397	-0.0558930371	-0.0190607341	0.0768225931	-0.0652939789	-0.0051268245	-0.0353416564835242	-0.0098446436375354	0.0012490326829994	9.691700835006622e-05	0.2632724534626618	-0.0295415327235417	0.000872702155656	0.0693123847522494	-0.3366329129360821	0.0339086234523051	0.1133217180718318	0.0011497947444302	-0.0028012728815226	-0.0014912920681249	7.847129756753932e-06	2.223952032452242e-06	0.0023831480097287	-0.0001341493521218	5.679394436273864e-06	1.7996048674698714e-08	-0.001881173252144	-0.0006713187507127	4.506688650584604e-07	3.5388128045820334e-06	0.0	0.0	0.0	0.0	0.0	0.0	0.0	0.0	0.0	0.0	0.0	0.0	0.0	0.0	0.0	0.0	0.0	0.0	0.0	0.0	0.0	0.0	0.0	0.0	0.0
2215.656701220632	-6.34441565202178	40.25160996561896	4909134.617663893	2519.547608788334	9.713695469187767	6348120.152951011	94.355879668119	2368.6954893029256	-3.519260240638232	5610718.321044026	12.385192641337069	2405.4681469329225	1722.255011662466	0.948061	25.046612	0.014424306254122	0.0080615570351541	0.0439527335	0.0424728016	-0.0279690919	0.0391764746	-0.0212480557	0.0037078258	0.0171446095	-0.0405290977	-0.0005736831	0.0802057175	0.0160824956	-0.0302429811	-0.017894846	-0.0830512585	-0.0147550204	0.0108817937	-0.0508455577	0.0534970302	-0.0473727787	-0.0049824057	0.0366821682	0.0144582191	0.0385360764	-0.0390395587	-0.0294730529	-0.0121406079	-0.0289466126	-0.0496505332	-0.0166822867	0.000703092	-0.0444938587	-0.0265833109	0.0173000975	0.0140658969	0.0281515414	-0.0183410883	-0.0513315722	-0.0149633411	0.007441091	-0.0402647311	0.055984294	0.0747666199	0.0248079896	0.0289445243	0.0325595175	0.0506463212	0.0169053476	0.0752391628	0.0444962165	0.0070948702	-0.0077535772	-0.0179530109	0.0005972895	0.0178608171	-0.0332962772	-0.0421222464	-0.008949158	-0.0143452749	0.0150604669	0.0480906278	0.0345989624	0.1131252189	-0.0273417803	-0.0282772208	0.0516646062	0.0047231698	0.0404144904	-0.0399656521	0.0306540505	-0.0332117632	-0.0202457268	-0.0271312069	-0.009028367	-0.0222706811	-0.0010313524	0.0765523994	-0.0382227507	-0.0266541801	0.040387872	-0.1235219861	0.028170315	0.0471409524	-0.0757460595	-0.0238458791	0.0430880006	-0.042902619	0.0309982876	-0.0285682313	-0.0501555642	0.0095499041	-0.0172407383	-0.0114709983	-0.0455396975	-0.0308505711	0.0799532077	-0.05833645	-0.0148794683	0.0749343514	-0.0687090676	0.0017099414	-0.0371975223119704	-0.0018558658284461	0.0013836556661495	3.444237973194296e-06	0.2631559900042646	-0.0001164634583972	1.3563737141841033e-08	0.0692510750751246	-0.3346466786215885	0.0019862343144936	0.1119883995124607	3.945126752071976e-06	-0.0029023980523862	-0.0001011251708635	8.423914454495207e-06	1.022630018219226e-08	0.0023830823613451	-6.56483835998964e-08	5.679081540954138e-06	4.309710269279145e-15	-0.0017730492183355	0.0001081240338085	1.1690806687021668e-08	3.1437035306401277e-06	0.0	0.0	0.0	0.0	0.0	0.0	0.0	0.0	0.0	0.0	0.0	0.0	0.0	0.0	0.0	0.0	0.0	0.0	0.0	0.0	0.0	0.0	0.0	0.0	0.0
2204.7174405100905	-10.939260710541475	119.66742489319638	4860778.992489364	2481.996125634037	-37.55148315429688	6160304.767662371	1410.113887087442	2365.035691302756	-3.659798000169758	5593393.821135904	13.39412140204656	2398.8445318680774	1660.618051339338	0.976216	25.790426	0.1070799361204577	0.0576077051736343	0.0634776095	0.001106309	0.0295097072	-0.0322152715	-0.0371644905	-0.0289209842	0.059542439	0.0078190427	-0.0126520458	0.0221155362	-0.0157236562	-0.0230497229	0.0200735524	-0.0261767728	-0.0368827702	0.0104872545	-0.0469998348	-0.019776108	-0.0323464683	-0.0045953749	-0.0008101736	0.0076056193	0.0264065232	0.0070876295	-0.0165304435	0.0352758928	-0.0409928887	0.0222897255	0.0416741876	0.0449212589	-0.0076590355	0.0556791871	0.0510847182	-0.0591969042	-0.0196742247	0.0552340894	0.0157388644	0.0343970914	-0.0476742232	-0.0266483876	0.0909987678	-0.0573769327	0.0334100182	0.0268867392	0.0121881913	0.0259614551	-0.0626819145	0.05228583	0.0276663982	-0.0064327215	-0.0028987287	0.0100295631	-0.0216256959	0.0029545122	-0.0244694559	0.0291202142	0.0306894403	0.0310409038	-0.0107986734	-0.0057460541	-0.0143257752	-0.0063503214	-0.0190509894	-0.0744404434	-0.0601687608	-0.0638882791	0.005041201	0.0406836657	0.0328300244	-0.0492941805	-0.0085726233	-0.0363630383	-0.0401427627	-0.0039530019	-0.0547149484	0.0091276499	-0.0357831521	-0.0230290585	-0.0727218652	-0.0052037178	-0.0029731778	-0.0004207881	-0.0019211312	-0.0302967697	-0.001220396	-0.0445928721	0.0120456434	0.0087820904	0.0307715611	-0.0368875819	-0.1216071436	0.0582264346	-0.0462468756	-0.0292606206	0.0793936715	-0.0606775209	-0.010657419	0.0727503781	-0.0717551168	0.0085347133	-0.040067569050052	-0.0028700467380816	0.0016054100895806	8.237168278772855e-06	0.240911366488433	-0.0222446235158315	0.000494823275361	0.058038286503324	-0.287680988354964	0.0469656902666245	0.0827603510608889	0.0022057760622205	-0.0033731064533369	-0.0004707084009506	1.137784714554304e-05	2.2156639872556493e-07	0.0021619861866579	-0.0002210961746872	4.674184271299568e-06	4.88835184613129e-08	-0.001764862281975	8.186936360499858e-06	6.702592697087466e-11	3.1147388743380045e-06	0.0	0.0	0.0	0.0	0.0	0.0	0.0	0.0	0.0	0.0	0.0	0.0	0.0	0.0	0.0	0.0	0.0	0.0	0.0	0.0	0.0	0.0	0.0	0.0	0.0
2214.3818252784263	9.664384768335822	93.40033295044144	4903486.868123415	2495.6680571143306	13.671931480293551	6228359.051300818	186.9217104018418	2364.715379797894	-0.3203115048618201	5591878.827452698	0.1025994601468438	2397.965485778036	1669.8787236607718	0.99552	26.300407	0.0535765291310145	0.025095106467818	0.0393146429	0.012883777	0.0308003738	-0.0357377629	-0.0290478967	-0.0148645593	0.0309967395	0.0748959423	-0.0156164236	0.0508444988	0.0368494414	-0.0301332088	-0.1020151866	0.0182897137	-0.0045603127	0.0032718675	-0.0236343236	0.0151794153	0.0327045704	-0.0133278221	0.0297842553	-0.0096259825	-0.0213563072	0.0084544445	-0.0325517002	0.0419083309	-0.0850920969	-0.0243827998	0.0139814713	0.0551877411	-0.073972186	-0.00906487	-0.0249764629	0.0658905901	-0.0063864621	-0.017805474	-0.0392727851	0.0164409155	-0.0013726116	0.0631136222	-0.1309590134	0.0066276165	0.0169631864	0.0130600653	0.0224372684	-0.0585922362	0.0303834069	-0.0199880104	0.0728007976	0.0035652626	-0.0465846854	-0.0341973043	-0.0523206405	0.0304512162	-0.004403455	0.0461316305	-0.0118984345	0.0730224387	0.0153494287	0.0247130749	-0.0060043457	0.0237430485	0.0342900354	-0.0914704683	0.0033642706	0.0477711985	-0.0343161589	0.0368576773	0.0287837298	-0.037776038	-0.0028599623	-0.0486058344	-0.01691504	-0.0026481674	0.0186753725	0.019805568	0.050135683	-0.0343451705	0.0851175001	-0.0147733416	-0.0097768108	-0.0459531575	0.0375039134	0.0108928763	-0.0385310611	0.0004989764	0.0068407781	-0.0339579937	-0.020123536	-0.0031269452	0.0352163457	-0.0054875733	-0.0469489822	-0.0276578354	0.0787557834	-0.0629121428	-0.0064061583	0.0702792922	-0.0744157659	0.0152996203	-0.0329444857925835	0.0071230832574685	0.0010853391441377	5.073831509282806e-05	0.2628009107349953	0.0218895442465622	0.0004791521473222	0.0690643186831429	-0.2980906942608428	-0.0104097059058788	0.0888580620049112	0.0001083619770468	-0.0033805904909215	-7.484037584599805e-06	1.1428392067308869e-05	5.601081856770248e-11	0.0023243036143789	0.000162317427721	5.4023872918148185e-06	2.6346947341962077e-08	-0.0016515798328585	0.0001132824491164	1.2832913277832409e-08	2.727715944304911e-06	0.0	0.0	0.0	0.0	0.0	0.0	0.0	0.0	0.0	0.0	0.0	0.0	0.0	0.0	0.0	0.0	0.0	0.0	0.0	0.0	0.0	0.0	0.0	0.0	0.0
2211.154471758073	-3.2273535203530628	10.415810745335309	4889204.097975723	2495.66723450618	-0.000822608150429	6228354.945387726	6.766841691522285e-07	2368.887121781059	4.171741983164793	5611626.195740148	17.40343117409972	2406.33170609707	1688.3279260966592	0.957419	25.293842	0.0746360894663167	0.0398691634545787	0.0515636442	0.0258395571	0.012390963	-0.0277777132	-0.0370418653	0.0058735005	0.0500064682	0.0259004671	0.0220826086	0.0612624985	0.0347327926	0.0030439677	0.0288338499	-0.0299520282	1.863e-06	0.0138330303	0.0251977785	0.0134565498	-0.004615117	0.0584932736	0.0247048724	0.0677045232	0.1052981009	-0.0378436027	-0.0464135987	-0.0475132835	-0.0645197499	0.0067115798	-0.0248486284	0.0965775885	0.0371607026	0.0273460487	0.0022892611	0.0131637289	0.0325830014	0.0585838077	-0.0071728968	0.0130608433	-0.0072512326	0.0067479547	0.0187644338	0.0556657707	-0.002627452	0.0024541081	-0.0200811246	0.0227292819	-0.0297438707	0.1324069428	0.0474845485	-0.0322039848	-0.0425054589	-0.0773143153	-0.0150373337	0.0219018607	-0.0077508076	-0.0307828065	-0.0012728943	0.0089685628	-0.0852185795	0.0105284479	0.059190534	0.0330916418	-0.0279120648	-0.0423346112	0.0058775994	-0.0100165615	-0.0028546965	-0.0812905778	0.0409327506	-0.0502948816	-0.0131184995	-0.0332237444	-0.0025445214	0.0035799067	-0.004504187	0.060815542	-0.0527009781	-0.0435522691	0.0289873541	-0.0550772235	0.0027273048	0.0792394854	0.0120615503	-0.0503904159	0.0412434279	-0.0627847792	0.0794794805	-0.0109369045	-0.0349968859	-0.0532520118	-0.0619872356	0.0481643855	-0.0476459404	-0.0260429185	0.0780401729	-0.0650363955	-0.0021373389	0.0675308461	-0.0766767246	0.0219572114	-0.0234904468435672	0.0094540389490163	0.0005518010929104	8.937885244951725e-05	0.2624173391035072	-0.0003835716314881	1.4712719648245124e-07	0.068862859862165	-0.3214459513892151	-0.0233552571283723	0.1033274996645176	0.0005454680355323	-0.0028667327325063	0.0005138577584151	8.218156559623037e-06	2.64049795883494e-07	0.0023637709761161	3.946736173720015e-05	5.587413227528861e-06	1.5576726424950102e-09	-0.0019271191478549	-0.0002755393149963	7.592191410868526e-08	3.713788210028996e-06	0.0	0.0	0.0	0.0	0.0	0.0	0.0	0.0	0.0	0.0	0.0	0.0	0.0	0.0	0.0	0.0	0.0	0.0	0.0	0.0	0.0	0.0	0.0	0.0	0.0
2213.687100156348	2.5326283982749374	6.414206603748675	4900410.5773986215	2502.924937233996	7.25770272781574	6264633.2414278025	52.67424888534404	2369.381040490192	0.4939187091331405	5613966.515034384	0.2439556912317478	2402.341018759536	1683.8020164741013	1.054417	27.856409	0.0276788289253232	0.0130735846439211	0.0622327545	0.0341446201	0.0146760721	-0.0224812501	-0.04177606	-0.0220450376	0.0178102114	0.0284464839	0.0126330887	0.0116098788	0.031754355	-0.018680383	0.0418561812	0.0416645918	0.0096498539	0.0081317159	0.0074676567	-0.0152737381	-0.0515377243	-0.0385536373	-0.017714929	-0.0925981099	-0.0474621683	-0.0170552022	0.045777048	-0.0494357127	-0.0903301405	-0.0698908762	0.0192231776	-0.0028936592	0.0557833113	0.0175498973	-0.0560387877	-0.0168291354	-0.0415223929	0.009984437	-0.017884289	-0.0030220744	0.0374409951	0.0447791235	-0.1017923502	0.0934209763	-0.0046905511	0.0026903623	-0.0176146176	0.0121847321	-0.0291668257	-0.0246448427	0.0026419113	0.0929542738	-0.0641069139	0.109651837	0.0551423742	0.0432427378	0.0617862422	-0.0262772732	-0.0018996488	0.0615697826	0.0383428196	0.0699383507	-0.0366396153	0.0566372608	0.0542566704	0.0110275089	-0.1126300609	0.0620419135	0.014200209	-0.0241691198	0.0529696942	-0.0539705752	-0.0293360898	-0.0477537094	-0.0363670651	-0.0350719116	-0.0516407148	-0.0325409094	0.009193459	-0.0274890705	-0.0530049134	0.0391249252	-0.0822036426	-0.0224259368	0.0631902508	-0.0775196422	-0.0269683371	0.0331008283	0.0083887257	-0.0744402906	-0.0304948036	-0.0383908796	-0.0697336043	-0.0110694741	-0.0483376736	-0.0244165784	0.0772475461	-0.0670465522	0.0021373389	0.0645158866	-0.0785258491	0.0284607885	-0.0319368935523414	-0.0084464467087742	0.0010199651697735	7.134246200416256e-05	0.2621293940360232	-0.0002879450674839	8.291236188835065e-08	0.0687118192176927	-0.3174642630364701	0.003981688352745	0.100783558305289	1.58538421383855e-05	-0.0026923525731736	0.0001743801593326	7.248762378274505e-06	3.040843996889778e-08	0.0022690620185072	-9.470895760889992e-05	5.148642443831969e-06	8.969786651364404e-09	-0.0018969532888701	3.016585898479992e-05	9.099790482908341e-10	3.598431780155089e-06	0.0	0.0	0.0	0.0	0.0	0.0	0.0	0.0	0.0	0.0	0.0	0.0	0.0	0.0	0.0	0.0	0.0	0.0	0.0	0.0	0.0	0.0	0.0	0.0	0.0
2226.762263143342	13.075162986993746	170.9598871364512	4958470.176559258	2512.443244592467	9.518307358471247	6312371.057298324	90.59817497032788	2372.3001689081607	2.91912841796875	5627808.091401688	8.521310720592737	2404.4274312962675	1705.305074780858	0.997608	26.355577	0.131853424970671	0.0522317213123689	0.0248669216	0.0630122633	0.0144987463	-0.0583150658	-0.0634803142	-0.017892051	-0.013632218	0.0610946389	0.0069242733	0.0705947574	0.0489248929	-0.0619818008	-0.025182198	0.0130281994	0.0092716326	-0.0109348475	0.0470495779	0.0138082307	-0.0571592408	-0.1291313516	0.043063035	-0.1201912653	-0.0878787112	-0.0546176474	0.0346966466	0.059466202	-0.1591267358	-0.1193918169	-0.012681494	-0.0174314092	0.0402565412	-0.0031465012	-0.0778413118	-0.0048451748	-0.0728068837	0.0104824889	0.0473908432	0.014624012	0.0518641875	0.0320861336	-0.0140135036	-0.0332686136	-0.0143366751	-0.0297969202	-0.0221837523	-0.0091958404	-0.0021409245	0.0080474072	0.0742232282	0.1754034022	-0.0666170824	0.131611195	0.0552543684	0.061346551	-0.0240494563	-0.0123552814	0.0364113452	0.0819706604	-0.0279801771	0.064085223	-0.0320387342	0.0656752027	0.1492122725	0.0484373836	-0.0485588391	0.0714998944	0.0236718612	-0.0083553389	0.0602308544	-0.0574033819	-0.031225863	-0.073941826	0.0204138366	-0.0750878301	-0.0028253896	-0.0418751035	0.0112381333	-0.0923379939	0.0222567835	-0.0407591951	-0.0527544764	-0.0327393237	0.014228822	-0.1290207456	-0.0570367801	0.0491895543	-0.0558663662	-0.117351008	-0.0803003238	-0.0583502825	-0.0510078966	-0.0466729007	-0.0490241061	-0.0227795284	0.0763786853	-0.0689390864	0.0064061583	0.0612463124	-0.0799532077	0.0347647336	-0.0411271482651045	-0.0091902547127631	0.0016914423244198	8.446078168546438e-05	0.287333056185389	0.0252036621493658	0.0006352245857393	0.0825602851768359	-0.3562504588595772	-0.0387861958231071	0.1269143894376593	0.0015043689864284	-0.0024209404780986	0.0002714120950749	5.860952798496279e-06	7.36645253530008e-08	0.0027683180008142	0.0004992559823069	7.663584553631929e-06	2.4925653586932725e-07	-0.0014941551205434	0.0004027981683267	1.6224636440734458e-07	2.232499524246062e-06	0.0	0.0	0.0	0.0	0.0	0.0	0.0	0.0	0.0	0.0	0.0	0.0	0.0	0.0	0.0	0.0	0.0	0.0	0.0	0.0	0.0	0.0	0.0	0.0	0.0
2233.4815962017988	6.7193330584568685	45.14943675047133	4988440.040572135	2549.866583525245	37.423338932777824	6501819.593778705	1400.5062968775644	2373.981794274372	1.6816253662113922	5635789.559546167	2.827863872285599	2413.1674197647067	1747.7631117586604	1.1622	30.703892	0.1439619702683136	0.0734231159727918	-0.0083828977	0.0685775066	-0.0383156987	-0.0232996009	-0.0398336542	-0.0021213452	-0.0523855955	-0.0577628656	0.0137898345	-0.0136937278	0.0202222394	-0.0669990494	0.043813922	0.0038556426	0.0222798061	-0.0332853107	0.040132336	-0.0126383433	-0.0936134944	-0.0045090299	0.0340981347	0.0528439057	0.0118848488	0.0279653772	-0.0103464334	0.0342780506	0.0223279575	-0.043560525	0.0271584989	0.0001209244	0.049582217	0.069383337	-0.0414657861	0.0458785437	0.0588634747	0.0097877357	0.0010821788	0.0235922364	-0.0084916701	0.0956742953	0.0776465505	0.0425757226	-0.0180834781	-0.0606196327	-0.0300722341	0.0899583766	0.0083485047	-0.0453988982	-0.0548365179	0.0479698496	-0.0379332184	-0.0573772935	-0.0130596353	0.0264762018	0.0209645726	0.040214014	0.1325359645	-0.0017960263	-0.0505787697	0.0041572596	0.0611704631	0.030558128	-0.0345813979	-0.0464272863	-0.0365025347	-0.0087100965	-0.011733959	0.0381928783	0.0245395022	-0.0369553508	-0.0476774013	-0.0108091386	0.0351316396	-0.0714813945	-0.0256195126	0.0099747433	-0.0508980688	0.0265485109	-0.0985475071	0.060737137	-0.0508390156	0.0087167997	0.0140266126	-0.0302268654	-0.0221477753	-0.0500490261	0.0533068531	0.0197679209	0.0125951374	0.0081647962	-0.0254706615	-0.0123141275	-0.0497051625	-0.0211324865	0.0754344479	-0.0707106781	0.010657419	0.0577350269	-0.0809511339	0.040824829	-0.0314327354518013	0.0096944128133032	0.0009880168579829	9.398163979473732e-05	0.2481383059179194	-0.0391947502674696	0.0015362284485293	0.0615726188638149	-0.2978546450955264	0.0583958137640507	0.0887173896049819	0.0034100710651657	-0.0028241880449477	-0.0004032475668491	7.976038113225513e-06	1.6260860016971938e-07	0.0024381181130508	-0.0003301998877633	5.944419933186393e-06	1.0903196587896189e-07	-0.0014940627066861	9.241385729992328e-08	8.540321021050584e-15	2.2322233715101952e-06	0.0	0.0	0.0	0.0	0.0	0.0	0.0	0.0	0.0	0.0	0.0	0.0	0.0	0.0	0.0	0.0	0.0	0.0	0.0	0.0	0.0	0.0	0.0	0.0	0.0
2212.2055851952755	-21.27601100652328	452.6686443496996	4893853.551169171	2509.247861036614	-40.61872248863119	6296324.828116821	1649.8806166084337	2363.7870589546537	-10.194735319718347	5587489.260081491	103.93262823911276	2402.494000012361	1725.149182613167	1.239536	32.747013	0.08124514472049	0.0526942783818502	0.0073051218	0.0549803689	-0.0165718949	0.0005813498	-0.0422010398	-2.2403e-05	0.020502324	-0.023746773	-0.0486315066	0.1016342541	0.0195029273	0.0394680589	-0.1164587415	-0.0096472826	-0.0084149693	0.0192289405	-0.0577634923	0.0138649556	-0.0260336629	-0.0403846428	0.0217070676	0.0245952238	-0.039544777	-0.0536918577	-0.072641627	-0.0056345052	0.0076120214	-0.0303477948	-0.0519276892	-0.0079275492	0.0237737458	-0.0943361309	-0.0250834442	0.0690143777	0.0359460596	0.0185285713	-0.0592267282	-0.027233879	0.0124320625	-0.0842539102	-0.0595836737	-0.0905709383	0.0206834437	0.0264979395	0.030668391	0.0532649735	0.039684934	-0.0513511957	0.082359496	-0.0154559302	0.0444559137	-0.0455335797	0.0153910367	-0.006169176	-0.0007709484	-0.022155278	-0.0240091268	0.0354159342	-0.0579237934	-0.0172574558	-0.0401260538	0.0056238405	0.0585653283	0.0766216186	0.0804854627	0.0284646366	-0.003126629	-0.0692296948	0.0296232926	-0.0262504115	-0.0217729713	-0.0431899969	0.0487132065	0.000970042	0.0801704596	0.0261421932	0.038525556	0.0721864182	0.1278143332	-0.0542787093	0.089750848	-0.0284728577	0.0113153606	0.0626384863	-0.0345827047	6.89897e-05	0.0027877295	-0.0048943863	0.0146004238	-0.0326940318	-0.0003647644	-0.0153035698	-0.0503807682	-0.0194761753	0.0744157659	-0.0723582192	0.0148794683	0.0539958877	-0.081514268	0.0465985677	-0.011231552735083	0.0202011827167183	0.0001261477768409	0.0004080877831542	0.2484073229134509	0.0002690169955315	7.237014388479584e-08	0.0617061980770274	-0.2544527964929912	0.0434018486025352	0.0647462256431035	0.0018837204621173	-0.0029850565224452	-0.0001608684774975	8.910562442192632e-06	2.5878667052363692e-08	0.0026237380698088	0.0001856199567579	6.884001458964006e-06	3.445476834684171e-08	-0.0014930892128275	9.73493858600098e-07	9.476902927321071e-13	2.2293153974618437e-06	0.0	0.0	0.0	0.0	0.0	0.0	0.0	0.0	0.0	0.0	0.0	0.0	0.0	0.0	0.0	0.0	0.0	0.0	0.0	0.0	0.0	0.0	0.0	0.0	0.0
2206.604029981109	-5.601555214166638	31.377420817357446	4869101.345128871	2495.6912208671	-13.556640169513685	6228474.669913117	183.78249268567205	2365.676182290782	1.8891233361282505	5596423.799457889	3.56878697910433	2402.875363341292	1724.5247776922351	1.1342	29.964176	0.1342806946883173	0.0529104909908838	0.0272158044	-0.0168231465	-0.0260967097	0.0736801492	-0.0246937072	0.0027265448	0.040538377	-0.0306011429	0.0049497768	0.0044118566	0.0215858155	0.0011859633	-0.0292866355	-0.0331533125	-0.0053248913	0.012920684	-0.0013488696	-0.0016240669	-0.0183645711	-0.0191753858	-0.0011298278	0.0167178484	0.0734685199	0.0265439608	-0.020265613	-0.0565963479	-0.0142393016	0.0055719207	-0.0470837344	-0.0002101415	0.0087846241	-0.0103206123	0.0018135824	-0.0178467585	0.0234303714	-0.1304538617	-0.0530261788	0.0046978924	0.0847779603	-0.0091273572	0.0645702687	0.0544715071	0.0142952115	0.0174432641	0.008785144	0.0113322363	-0.0190105922	0.091748934	-0.0112711095	0.001766405	0.0341349815	-0.0215820885	-0.0357033612	-0.0115967594	0.0269459449	0.0090705599	-0.0022540742	0.029901026	0.0714710857	0.025811644	0.0575486485	0.0698449798	-0.0095404196	0.0533863465	-0.0043581877	-0.0555153338	-0.0067685531	-0.0123572596	0.004116966	-0.0076195271	-0.0065814299	-0.0362360498	0.0287366924	0.0295799842	0.0288088136	0.005152494	0.0219644409	-0.0252101934	-0.0356761504	-0.036041877	-0.0395423165	0.064141014	-0.0195504947	0.0686590709	0.020748498	-0.0423467517	0.0245856897	0.0317656188	-0.0286900497	0.0179136774	-0.043336155	-0.0686516938	-0.0510508491	-0.0178113211	0.0733236445	-0.0738788195	0.0190607341	0.0500436514	-0.0816395852	0.0520454508	-0.0196093291264105	-0.0083777763913274	0.0003845257887878	7.01871372630844e-05	0.2145578501236542	-0.0338494727897967	0.0011457868081471	0.0460350710496844	-0.2782561540131993	-0.0238033575202081	0.0774264872462173	0.0005665998292348	-0.0035906764691332	-0.0006056199466879	1.2892957505986863e-05	3.667755198263755e-07	0.0029449837809523	0.0003212457111435	8.672929470072105e-06	1.0319880692809329e-07	-0.0019312253147357	-0.0004381361019081	1.919632437953126e-07	3.729631216276003e-06	0.0	0.0	0.0	0.0	0.0	0.0	0.0	0.0	0.0	0.0	0.0	0.0	0.0	0.0	0.0	0.0	0.0	0.0	0.0	0.0	0.0	0.0	0.0	0.0	0.0
2205.7055869510823	-0.8984430300265558	0.8071998782032986	4865137.136307218	2507.315517140858	11.624296273757864	6286631.1024953285	135.12426386010097	2359.726108385169	-5.950073905612953	5568307.306594615	35.403379482256184	2393.6446023289163	1673.196093731726	1.002141	26.475332	0.0886109051650608	0.0418877848534757	0.0338944534	0.0088169858	0.0361510419	-0.0207223049	-0.0283792019	-0.0368823959	0.0250764845	-0.0302756338	0.0869815446	0.0066191762	0.0118208647	0.0013819185	0.0220146645	0.0328630722	0.0077391669	0.015657332	0.0028837593	-0.0481583601	0.0412778603	0.0181185828	0.0065396827	-0.0508853124	0.0418039745	0.0120062866	0.007257732	-0.0419283558	-0.0035931214	-0.0755664287	0.1293175909	-0.0570311892	0.008294146	-0.1332758162	-0.0012849702	0.0036073099	-0.0416437967	0.0551184071	-0.0445181477	0.0552355241	-0.0220358291	0.0103443751	-0.0189070232	0.0802000572	-0.0135169009	0.0150520876	-0.0021271895	-0.0243870435	-0.0479741929	-0.0164004158	-0.053672487	0.0047229859	-0.0008292295	0.0098993089	0.0524193656	-0.05107491	0.0554298618	-0.0754867855	0.0314770085	0.0066821027	0.0158540088	0.0538112654	-0.1363244441	0.0527187683	0.0079986558	-0.0258462898	-0.0122479485	-0.0491853167	-0.0262623671	0.0162039569	0.0150044799	-0.0211145637	-0.024881099	-0.0404117449	0.014007446	0.0017915151	-0.0124107936	0.0004364416	-0.0055142035	-0.0350337724	-0.0996390676	0.0190768286	0.0264013487	-0.0346486655	0.0352299395	0.0516154408	-0.032579879	0.0245868243	-0.0054800775	0.0008722545	0.0178682623	0.0077599175	-0.0508796641	-0.0283621531	-0.0517153317	-0.0161386543	0.0721591615	-0.0752698111	0.0231897558	0.0458939156	-0.0813264124	0.0571272725	-0.0243746623882969	-0.0047653332618864	0.0005941241665434	2.270840109684089e-05	0.2173502432188456	0.0027923930951914	7.797459198072687e-06	0.0472411282272913	-0.2565570797426062	0.021699074270593	0.065821535166054	0.0004708498242007	-0.0033486106545169	0.0002420658146162	1.1213193315544102e-05	5.859585860585285e-08	0.0022118881801369	-0.0007330956008154	4.892449321429328e-06	5.374291599348924e-07	-0.0017193046394196	0.000211920675316	4.491037262643184e-08	2.9560084431297608e-06	0.0	0.0	0.0	0.0	0.0	0.0	0.0	0.0	0.0	0.0	0.0	0.0	0.0	0.0	0.0	0.0	0.0	0.0	0.0	0.0	0.0	0.0	0.0	0.0	0.0
2210.2044220462863	4.498835095203958	20.23951721383881	4885003.587232959	2498.566604386515	-8.74891275434311	6242835.076555559	76.54347438310754	2361.7185957535453	1.99248736837626	5577714.725528098	3.970005913138953	2394.78048689499	1682.3257701028606	0.960052	25.363394	0.0788280454496684	0.0375101869757029	0.0111019582	0.0129064412	0.0251247593	-0.0100813552	-0.0194122048	-0.0262554723	0.0060955202	0.060102307	0.0392624448	-0.0247426068	0.0536343902	0.0100745966	-0.035248218	0.0168166353	0.0239884061	-0.0120898659	0.0324524903	-0.0003363746	0.0900602575	0.0675419066	0.002480839	-0.0303518472	-0.0398001336	0.0056658855	0.0013489835	-0.0428096891	0.0094508656	0.0463467432	0.0068068465	0.029447034	0.0635456167	-0.0077316866	0.0332305309	0.076927286	-0.055046622	-0.052130667	-0.02360289	0.0193072583	-0.0148345185	0.0011966727	0.0395558806	0.0149482917	-0.0333037002	-0.012252361	-0.0126263306	-0.0969297347	0.0058452889	0.0145202418	0.0089041347	-0.0692688	-0.0021602277	-0.0104485082	0.0532491762	6.33317e-05	0.0525935021	0.0037052895	-0.0166158735	0.0715438463	0.0192218788	0.0391708258	0.0583212399	-0.004511446	-0.1081533749	0.0172505893	0.030994659	-0.0629365013	-0.0450010068	-0.0282288969	0.0127825981	-0.0108652098	-0.0121706056	-0.0450958866	0.0055830475	0.0119237473	0.0316702227	-0.0392819062	0.084242177	0.041024363	0.0346575862	-0.0087489666	-0.0377946649	0.0316560434	0.0258267431	-0.0570100388	-0.0007413611	-0.0451480336	0.0084636723	0.0276360071	0.0054491634	-0.0184573675	-0.0114263044	-0.0286472776	-0.0523741431	-0.0144589085	0.0709234662	-0.076528754	0.0272552159	0.0415630576	-0.0805764318	0.0618083875	-0.0113747627053442	0.0129998996829527	0.0001293852266028	0.0001689973917668	0.2149805677386496	-0.002369675480196	5.615361881442189e-06	0.0462166445052321	-0.272160298466936	-0.0156032187243297	0.0740712280616116	0.0002434604345592	-0.0039777748498826	-0.0006291641953656	1.582269275635854e-05	3.958475847301688e-07	0.002353303153634	0.000141414973497	5.538035732903729e-06	1.9998194729185396e-08	-0.0019058305018006	-0.000186525862381	3.4791897336975774e-08	3.632189901593527e-06	0.0	0.0	0.0	0.0	0.0	0.0	0.0	0.0	0.0	0.0	0.0	0.0	0.0	0.0	0.0	0.0	0.0	0.0	0.0	0.0	0.0	0.0	0.0	0.0	0.0
2215.373738495411	5.169316449124835	26.721832551192595	4907880.801215134	2524.013721523	25.447117136485303	6370645.266436385	647.555770558004	2362.0394134521484	0.3208176986031503	5579230.190701369	0.1029239957370218	2398.5499459623643	1702.9823249131618	0.91412	24.149929	0.0909480178933778	0.0436390966130507	0.0090827315	0.022543462	0.0069495664	-0.009035092	-0.0224387087	-0.0066764264	-0.0253864763	0.0025402955	0.0822159312	0.027804384	0.0060992216	-0.0304241375	0.0306027572	0.0419894301	0.01816919	-0.0206138413	-0.002533715	-0.0465297119	0.0935697434	0.0117653419	-0.011339106	-0.0159308641	0.0288930684	0.0175272734	0.0662134995	-0.0626687398	-0.0242058534	-0.0358776422	-0.0581426087	-0.0091942018	-0.0048664138	0.0166795329	0.0310426921	0.0285998908	-0.0479521521	-0.0264110409	-0.0305908277	-0.0632205414	-0.0166975027	-0.0105318036	0.0077544858	-0.0036107263	-0.0175926044	-0.020536188	0.0025150091	-0.0546759844	-0.0274923607	-0.0152786732	-0.0709211256	-0.0118596126	-0.0063195874	-0.0225427122	0.0280661837	0.0153201035	0.0518118101	-0.0646756817	-0.0874382061	-0.0618905188	-0.0141149248	0.0224674567	0.0337138481	0.0343760179	-0.0023636248	0.0102980969	0.042562218	0.0498802766	0.0320151523	-0.0074806684	0.0107345049	-0.0085471965	-0.0160007973	-0.0178676282	0.0494078845	0.0097495413	0.0377674337	0.0108135878	0.0145239783	-0.0182405537	0.000724281	-0.0089542967	-0.0216337775	0.0154155961	0.0355520275	0.0354190269	-0.0163737559	0.0258124392	-0.0034837378	-0.0142479456	-0.0358282916	-0.0157877918	0.0398725996	-0.0085902395	-0.0530272111	-0.0127728206	0.0696177779	-0.0776534394	0.0312459714	0.0370681691	-0.0793936715	0.066055961	-0.0245604564747594	-0.0131856937694152	0.0006032160222485	0.0001738625201807	0.2463782118229716	0.0313976440843219	0.0009858120540457	0.060702223261085	-0.2976332376230317	-0.0254729391560956	0.088585544137968	0.0006488706292501	-0.0037960536200385	0.0001817212298441	1.44100230862074e-05	3.302260537605224e-08	0.0025841407340088	0.0002308375803748	6.6777833331635394e-06	5.328598851329229e-08	-0.0019111065092526	-5.276007451999977e-06	2.7836254633559287e-11	3.652328089707658e-06	0.0	0.0	0.0	0.0	0.0	0.0	0.0	0.0	0.0	0.0	0.0	0.0	0.0	0.0	0.0	0.0	0.0	0.0	0.0	0.0	0.0	0.0	0.0	0.0	0.0
2216.0480075277537	0.6742690323426359	0.4546387279762746	4910868.771667727	2504.0140950217174	-19.99962650128282	6270086.58806743	399.98506019081407	2364.147834777832	2.1084213256835938	5589194.984684711	4.445440486597363	2396.646256790023	1690.3030395690553	0.876139	23.146519	0.0690063886991966	0.041552909160312	-0.0026881933	0.028788422	0.021825824	-0.040062074	-0.0163856287	-0.0283915587	-0.0115397948	-0.0020595858	0.0137107805	-0.0073821201	0.0315628978	0.0051085968	0.0256755674	-0.0238153128	-0.0019618764	-0.0079092765	0.0081897428	-0.0205218834	0.0007104989	0.04795803	-0.0272022299	-0.0512007201	0.0354186682	0.012641436	-0.0324877916	-0.0498430405	-0.0150314983	-0.0660109135	-0.0177496348	0.0041127114	0.0407920706	-0.0031572334	0.0294304073	-0.0689686364	0.1406804071	0.0033761088	-0.1151437617	0.0239264813	-0.0738857952	-0.025473071	0.0150709061	0.0276261204	-0.0153005838	-0.0089469307	-0.0131678455	-0.0158264694	-0.024261589	0.0224560721	0.0065635026	-0.0548497913	-0.0103093007	0.040580094	0.0248465992	-0.0290613254	0.0316172489	-0.0254020653	0.0320370747	-0.0790394221	-0.0153459381	0.0332016259	-0.0118804233	0.0666515034	-0.0430999787	-0.0142263215	0.0077133049	-0.0926663863	0.078833751	0.0017504767	-0.0031772626	-0.0101129048	-0.0343165135	-0.0181431188	0.014563445	-0.025962727	-0.0301618648	0.021893764	-0.0340620447	-0.0091993604	-0.0959759469	-0.0155483592	0.0274947963	0.011264527	-0.0114351223	-0.017948593	0.0108102085	-0.0031363157	-0.006600704	0.0382588545	0.0030249255	0.0009980121	-0.0703191438	-0.0354804727	-0.0536744641	-0.0110811301	0.0682433853	-0.0786418943	0.0351510839	0.0324269895	-0.0777844842	0.0698401994	-0.0315627937543183	-0.0070023372795589	0.0009962099495776	4.903272737670036e-05	0.2161382288733762	-0.0302399829495954	0.0009144565687918	0.0467157339805199	-0.2704672710606743	0.0271659665623573	0.0731525447150082	0.0007379897392671	-0.0038710326571645	-7.497903712599995e-05	1.4984893832834048e-05	5.6218560083420795e-09	0.0025912331172091	7.09238320030026e-06	6.71448906772119e-06	5.0301899459901345e-11	-0.00192099712708	-9.890617827399946e-06	9.782432100768164e-11	3.6902299622496137e-06	0.0	0.0	0.0	0.0	0.0	0.0	0.0	0.0	0.0	0.0	0.0	0.0	0.0	0.0	0.0	0.0	0.0	0.0	0.0	0.0	0.0	0.0	0.0	0.0	0.0
2208.860354011865	-7.187653515888542	51.66236306446491	4879064.063525423	2514.6532875174908	10.639192495773386	6323481.156422524	113.19241696212072	2358.3941942297893	-5.753640548042768	5562023.175376777	33.10437955608188	2398.597656360371	1736.410059178518	1.05135	27.775383	0.0718058068988139	0.0402467243757028	0.0125212571	0.0037524364	-0.0472003598	0.0693839526	-0.0371915479	0.02856112	0.0017770527	-0.0664129119	0.0690828143	-0.0288058798	-0.0168102145	-0.0480425088	-0.0889588105	0.0204242191	-0.0139528131	0.0176654884	-0.0614028091	-0.0064778149	-0.0032941281	0.0091180835	-0.0046255282	-0.0372476072	0.0372375257	0.0089580729	0.018848318	-0.0381179855	0.054650719	0.0123095003	0.0215408521	0.013204991	-0.09581761	-0.0632212278	-0.00481515	0.0774197106	-0.0526777931	0.0019124479	0.0590902686	-0.0782467481	0.0068050531	-0.0390797008	0.060252862	-0.0735191233	0.0340513951	0.0355255396	0.0394598091	0.0282518578	0.0243816015	-0.0617788011	-0.041774883	0.0184512796	0.0067823102	-0.0229218221	-0.015789959	-0.0605227381	0.0698645497	-0.0318922273	-0.0463254826	0.0302637265	-0.0114677089	-0.0410186148	-0.0031845562	-0.0053586583	-0.0092467283	-0.0140722306	0.1031325249	0.0741498605	-0.0494805191	0.0050674723	0.0048419978	-0.0059849889	0.0001653336	-0.0324958863	0.0246500398	0.0133792022	0.0612268808	-0.0111861889	0.0321997757	0.0846847123	0.0439163817	0.0177710149	-0.0567310329	-0.0264796412	-0.0093468003	0.0979357595	-0.0324019937	-0.0024080618	-0.0154062104	-0.0357104247	0.0010754512	-0.0050096929	0.0495368118	-0.0121163226	-0.054315831	-0.009384579	0.0668016447	-0.0794923845	0.0389598496	0.0276578354	-0.0757575129	0.073134559	-0.0335558407842313	-0.001993047029913	0.0011259944507366	3.9722364634450325e-06	0.2439812561650995	0.0278430272917233	0.0007752341687676	0.0595268533598999	-0.2598295094452467	0.0106377616154276	0.0675113739785575	0.0001131619721866	-0.004325341667512	-0.0004543090103474	1.8708580540715484e-05	2.0639667688292465e-07	0.0026823470873795	9.111397017040004e-05	7.194985897173288e-06	8.30175556021255e-09	-0.0020022135657971	-8.121643871709982e-05	6.596109917888429e-09	4.008859163061938e-06	0.0	0.0	0.0	0.0	0.0	0.0	0.0	0.0	0.0	0.0	0.0	0.0	0.0	0.0	0.0	0.0	0.0	0.0	0.0	0.0	0.0	0.0	0.0	0.0	0.0
2200.790096662598	-8.070257349267195	65.12905368340117	4843477.049568167	2468.008342230498	-46.64494528699288	6091065.17731933	2175.750920826559	2359.534419515858	1.140225286068926	5567402.676880037	1.300113702990964	2397.368209424976	1713.8172424681886	0.954568	25.218513	0.120547551756009	0.0667638112210333	0.0178488364	0.0059398849	-0.0007747977	0.0748596733	-0.0346870021	-0.0287124864	0.0668719896	0.0375115649	-0.0531077952	0.0249736091	-0.0080006499	0.0042913088	0.0043908137	-0.0558693744	-0.003926399	0.021365919	-0.0429606535	-0.0204645979	-0.0068271589	0.0122549922	-0.0111100211	-0.0022570046	0.0196755857	0.0528475248	0.0237058817	-0.020928931	0.0191447321	-0.003481429	-0.0275250605	0.0392598289	-0.0454712264	0.0551588475	0.0847983254	-0.0371956443	0.0064639415	-0.0172458351	-0.0062953532	-0.0546889965	0.0020179896	-0.0169733945	0.0747638524	0.0021178406	0.0160520508	0.0373509913	0.0263080024	0.0055697212	-0.0250828433	-0.0082052275	0.02628964	-0.0193237138	0.0073323984	-0.0681142106	-0.0813409108	-0.0099580875	0.0335120511	0.0522488621	-0.1150614189	0.0283072053	0.0271724104	-0.0487325743	0.0789050768	0.0276948979	-0.025756857	-0.0009904866	-0.0206430866	0.0068815401	0.0525202501	0.0501384252	0.0097564986	-0.0072501496	-0.0318858402	-0.0404101329	0.0195723565	0.0270940281	0.0359106676	0.0231799289	0.0110119284	-0.0014520393	-0.0198413043	-0.0497220226	0.0005749607	0.0102580372	0.0068199061	0.0666411421	-0.0021715759	-0.0519230343	0.0038505921	-0.0234341868	-0.0515501774	-0.0040279735	0.0179872645	-0.0750074743	-0.0549512416	-0.0076839116	0.0652939789	-0.0802034182	0.0426618292	0.0227795284	-0.0733236445	0.0759159322	-0.0274220775792031	0.0061337632050282	0.0007519703387598	3.762305105535781e-05	0.2115398309665153	-0.0324414251985842	0.0010524460689153	0.0447491000853418	-0.2902530159663783	-0.0304235065211316	0.0842468132775786	0.0009255897490413	-0.0034550104417599	0.000870331225752	1.193709715266994e-05	7.57476442519152e-07	0.0025828667251024	-9.948036227710011e-05	6.671200519641197e-06	9.896342478783088e-09	-0.001941048017201	6.116554859609971e-05	3.741224335061836e-09	3.767667405079934e-06	0.0	0.0	0.0	0.0	0.0	0.0	0.0	0.0	0.0	0.0	0.0	0.0	0.0	0.0	0.0	0.0	0.0	0.0	0.0	0.0	0.0	0.0	0.0	0.0	0.0
2207.9543898047746	7.164293142176575	51.327096227038304	4875062.587458175	2494.207379696974	26.199037466476057	6221070.452934844	686.3895641698161	2364.802244103473	5.267824587614996	5592289.653716823	27.7499758858811	2397.4733819392445	1664.3670692855012	1.104495	29.179401	0.1071260083943031	0.0632344625579509	0.0017290718	0.0009463946	0.0466377439	-0.0173966166	-0.0197960965	-0.0620517674	-0.0004633439	0.0098051733	0.0406992163	-0.0786956308	-0.0006578359	-0.0214237098	0.0427904953	0.0727514532	0.0135949001	-0.0078494134	0.0403113046	-0.0129918853	0.0288413291	0.0228459514	-0.0158552432	-0.0217803272	-0.0922534552	-0.0258417391	0.0463564069	-0.0233883898	-0.0203300759	-2.60704e-05	0.0583668576	-0.0330194508	-0.0317526853	-0.0231018578	0.0158642132	-0.0076108245	-0.0357440974	0.0618551942	0.0826096658	-0.0932363175	-0.025648479	0.0907773913	-0.0877189099	0.0234123579	-0.0231355523	-0.0196625422	-0.0234994393	-0.0408190949	-0.0068643132	-0.0540777415	-0.0660801746	-0.0102073211	-0.021707945	0.0630317454	0.0574099741	0.0252212022	0.0129078926	-0.0186017081	-0.0056407613	0.0384937638	0.0379804478	-0.0167943869	-0.0762563118	-0.0338050255	-0.0057207887	-0.0255776868	-0.0246672888	0.0139881587	-0.0274307515	0.0274832289	-0.0014677224	-0.0071489996	-0.0283941061	-0.0367183352	-0.0030470938	-0.0058160423	-0.0289031246	-0.0480035872	0.0394327417	0.0488222418	-0.081834231	0.0323681243	0.0279864265	-0.0409817182	0.033394009	-0.0443261796	-0.0187984673	0.0212282564	-0.0008643606	0.0013587465	0.0459543322	-0.0422008234	0.0152685486	0.0157646613	-0.0555806262	-0.0059798738	0.0637218759	-0.0807737477	0.0462468756	0.0178113211	-0.0704959515	0.0781648097	-0.0386365168220379	-0.0112144392428347	0.0014927804321396	0.0001257636475312	0.2025703824104141	-0.0089694485561011	8.045100740054561e-05	0.0410347598299014	-0.2555778345845212	0.0346751813818571	0.0653200295309128	0.0012023682038646	-0.0043989960441609	-0.000943985602401	1.935116619654325e-05	8.911088175403793e-07	0.0025349031590991	-4.796356600330004e-05	6.425734026010597e-06	2.3005036637529195e-09	-0.0019944376330669	-5.338961586589999e-05	2.850451082308359e-09	3.977781472193499e-06	0.0	0.0	0.0	0.0	0.0	0.0	0.0	0.0	0.0	0.0	0.0	0.0	0.0	0.0	0.0	0.0	0.0	0.0	0.0	0.0	0.0	0.0	0.0	0.0	0.0
2210.725615561176	2.771225756401236	7.679692192941603	4887307.747298339	2498.85852688462	4.651147187646075	6244293.937383973	21.63317016114799	2364.156335581904	-0.6459085215692539	5589235.179072056	0.4171978182357794	2398.906925691187	1717.9426531214915	1.04352	27.568525	0.0540919378670732	0.0325134298273093	-0.0205879943	-0.0001365705	0.0018788104	0.0524644997	-0.0038933693	-0.0086114773	0.0117944011	0.0211290097	0.0109174853	-0.0110279129	0.0486353156	-0.0069052192	-0.016974199	-0.0772296723	0.0038402371	-0.0006831995	-0.0083298149	0.0376848924	0.0173602182	-0.0228374501	-0.017576717	0.0140923805	0.0138251673	0.0551631333	-0.001649441	-0.0029043415	0.0218208026	0.0439481329	0.0435289308	-0.041740067	-0.0253373521	-0.049114466	0.0237908582	-0.0615635872	0.0059124596	-0.0187659954	-0.0285102388	0.0193991085	0.0369838171	0.0154433848	-0.1184948666	-0.0853373376	0.0065599454	0.0108625475	0.0235709643	-0.0109269821	0.0120743539	0.0715069962	0.0210720902	-0.0182403319	0.0483606895	-0.0051535806	-0.010831941	-0.0079793881	0.0139863425	0.049721003	-0.0228579723	0.008590436	0.0254369998	-0.0413323846	-0.0348879782	-0.0534729593	0.0137352434	0.0224503842	-0.0059656249	0.0036645977	0.0287763718	0.0457832978	-0.0146512185	0.0192549414	-0.0157016853	-0.0250215062	0.0275206546	0.0184353101	0.0521563031	-0.0026643277	0.0518747418	0.0393632628	0.0286596924	-0.0750358899	-0.0209655897	0.0673490933	-0.0410664205	-0.0243320748	0.0594546401	0.0366752191	-0.0120060357	0.0101332188	-0.0101927708	0.0039359116	0.0822704512	0.0257783974	-0.0562039158	-0.0042732129	0.0620868871	-0.0812023727	0.0497051625	0.0127728206	-0.0672896215	0.0798654172	-0.0330113300820329	0.0056251867400049	0.0010897479137849	3.164272585992807e-05	0.2340510740504839	0.0314806916400697	0.0009910339461371	0.054779905264185	-0.2529094254638977	0.0026684091206234	0.0639631774884788	7.120407235026648e-06	-0.0043009895450371	9.800649912379988e-05	1.8498511066518445e-05	9.605273870503388e-09	0.002644637977138	0.0001097348180388	6.994110030120572e-06	1.2041730290030462e-08	-0.0019158259429021	7.861169016480001e-05	6.1797978305665155e-09	3.6703890434967207e-06	0.0	0.0	0.0	0.0	0.0	0.0	0.0	0.0	0.0	0.0	0.0	0.0	0.0	0.0	0.0	0.0	0.0	0.0	0.0	0.0	0.0	0.0	0.0	0.0	0.0
2200.903820382503	-9.8217951786728	96.46766053180028	4843977.626574297	2495.865687128324	-2.99283975629578	6229345.528184542	8.957089806864582	2360.362362737241	-3.7939728446631302	5571310.48342653	14.394229946041248	2395.642381002416	1698.2034551015158	0.921164	24.336027	0.0423261694699561	0.0264720524256462	0.0050849783	-0.0171753178	0.0066536562	0.0698150635	-0.0187760079	-0.0288561186	0.0280553707	-0.0374556876	0.0238866678	-0.0456763863	-0.0088894487	-0.0610437023	0.0430943584	-0.0478508091	0.0039697594	0.0067584487	-0.0266141892	-0.0001725246	0.0316507083	-0.0344004471	-0.0255400466	0.0230820031	0.0548730345	0.0125472084	-0.0161224072	-0.0263779457	0.0357454568	-0.0117663014	0.0334535006	-0.0999688334	0.0078610263	0.0289273938	-0.0068920037	-0.0204009768	-0.0526906176	-0.0222573216	-0.0773181988	-0.0651318295	0.0515417851	-0.0476809399	0.0075021583	-0.018826643	0.0032743125	0.0200535161	0.0318267103	-0.0062516981	-0.0082286887	0.0253670241	-0.048023618	0.0188469329	0.0410355902	-0.0023689776	-0.0019329677	-0.0160550974	0.0340362296	-0.0357789309	0.0465534522	-0.0555328518	0.0221173544	0.0110468859	-0.0131029429	0.0131181506	0.0136786949	0.0084881641	0.0169371291	0.0212843489	0.0247111292	-0.0113783735	-0.008184367	0.0083136644	-0.0125558938	-0.0301021411	0.0215279595	0.0259586686	0.0321368029	-0.0306246129	0.0334079289	-0.0020485053	-0.037091824	-0.0232773215	-0.0202524658	-0.0020234332	-0.0101655654	0.0521753134	0.0067730408	0.009510681	0.0022626578	0.0150390288	0.0110029401	0.0051531785	-6.49715e-05	-0.0163391272	-0.0568210419	-0.0025646777	0.060390626	-0.0814885411	0.0530272111	0.0076839116	-0.0637218759	0.0810058262	-0.030454180993118	0.0025571490889149	0.0009274571399615	6.53901146293831e-06	0.2255290293301897	-0.0085220447202941	7.26252462146941e-05	0.0508633430706175	-0.2702141576349248	-0.017304732171027	0.0730156909863519	0.0002994537555109	-0.0042877420919501	1.3247453087000295e-05	1.838473224708062e-05	1.7549501329227364e-10	0.002380124633398	-0.00026451334374	5.664993270507963e-06	6.996730901651545e-08	-0.0019169100158695	-1.0840729673998548e-06	1.175214198647127e-12	3.6745440089408064e-06	0.0	0.0	0.0	0.0	0.0	0.0	0.0	0.0	0.0	0.0	0.0	0.0	0.0	0.0	0.0	0.0	0.0	0.0	0.0	0.0	0.0	0.0	0.0	0.0	0.0
2208.591956173684	7.688135791181139	59.10743194364044	4877878.428875101	2475.919477320429	-19.94620980789523	6130177.258174666	397.85128570057583	2361.0464314999786	0.684068762737752	5574540.251698783	0.4679500721535587	2393.0666899034386	1654.2472618971042	0.962645	25.431911	0.0635562416697062	0.0327094417361379	-0.0102441792	-0.0075398104	0.0593812707	-0.0352178124	-0.012594208	-0.0466454525	0.0165883851	0.050620798	-0.0484407713	-0.0301156877	-0.0115602089	-0.0419100976	0.0281741726	-0.0221754761	0.015090366	0.0033212913	0.010831547	-0.0353030825	0.0359798914	0.0394969183	-0.0085298961	-0.0153937804	0.0190173392	0.028336485	-0.025150313	-0.0268875075	-0.0612402862	0.0361709689	-0.0114155575	-0.0695948675	0.0097837592	0.0216534293	-0.0244298283	-0.1030213104	0.0052021303	-0.0194620555	-0.0280536301	0.0480693529	0.0231002604	0.0609419768	0.000485546	0.0499535974	-0.0198230671	-0.0004727199	0.0002123782	-0.0515712042	-0.0542426899	0.0447878723	0.0198370809	-0.034781169	-0.0011747278	0.0075931392	-0.0117587693	-0.0229179896	-0.0011188248	0.0165748763	-0.0009370447	-0.0088122066	0.0702253225	0.0219721378	-0.0560132425	-0.0452105647	0.027031918	0.0665270324	-0.0096194098	-0.0868735615	0.02297206	0.0206472608	-0.0219281436	0.0057689679	-0.0287477931	-0.0333053621	0.0109840478	-0.0024128687	-0.039320105	0.0045674863	-0.0166424223	-0.0268342134	-0.0839908427	-0.0297611575	0.0609135566	-0.0265542575	-0.0041342691	-0.0007035394	0.0036202466	0.0051844645	-0.0349442522	0.0477577994	0.0170663969	0.0061013465	-0.0579975646	-0.0387167383	-0.057431937	-0.0008550176	0.0586347667	-0.081631751	0.0562039158	0.0025646777	-0.0598118772	0.0815780375	-0.0360309729805266	-0.0055767919874086	0.0012982310139234	3.110060887082477e-05	0.2065831369223616	-0.018945892407828	0.0003589468391289	0.0426765924606832	-0.2602594158791902	0.0099547417557345	0.0677349635537772	9.90968834233655e-05	-0.0046470373833812	-0.000359295291431	2.1594956442542387e-05	1.2909310644455885e-07	0.0026004683720755	0.0002203437386775	6.762435754165002e-06	4.855136317437852e-08	-0.0019149727356034	1.937280266099857e-06	3.753054829419933e-12	3.6671205781043696e-06	0.0	0.0	0.0	0.0	0.0	0.0	0.0	0.0	0.0	0.0	0.0	0.0	0.0	0.0	0.0	0.0	0.0	0.0	0.0	0.0	0.0	0.0	0.0	0.0	0.0
2207.471798406414	-1.1201577672700296	1.2547534235753777	4872931.740759648	2515.778089380976	39.85861206054688	6329139.395009394	1588.7089553931728	2361.4835898357887	0.4371583358101816	5576604.745063724	0.1911074105683275	2396.1660391340206	1699.679684247228	1.063344	28.092258	0.0334320519828024	0.0213342347195988	-0.0026312885	0.0030267416	-0.0136848618	0.0725800334	-0.0190116768	-0.0203041339	-0.0043191525	-0.0357250643	0.0904668894	-0.0660711808	-0.0052055807	-0.011938034	-0.0398200578	0.0302036122	0.0052905157	-0.0011809675	0.0265807842	0.019927194	0.0637927686	-0.0136417887	-0.0138116667	-0.0368418595	-0.0342920888	-0.0022079427	0.0221918068	0.0089600359	0.0285081711	0.0002784063	0.0825492225	0.0018642065	0.0328647641	0.0377748372	-0.0273402874	0.0776766103	0.0229345213	0.0171560332	-0.0040654493	0.0291528498	0.0118506314	-0.0024748899	-0.1103486648	-0.0206030956	-0.0049681028	0.007639951	0.0160902763	-0.0478554383	0.0543312628	-0.0641828535	-0.1028858464	0.0281305651	0.009474198	0.0146224313	0.015396118	-0.0380339376	0.0441037274	0.0079289061	0.0590700917	0.0319840758	-0.0355016734	-0.0298507098	-0.0024506221	-0.0371468327	-0.0351017333	-0.0028744699	0.009682769	0.0258527513	-0.001701265	-0.0259258433	-0.0066154845	0.0091845394	-0.0127932717	-0.0320464625	0.0011216823	0.0113266664	0.0532525126	-0.0743166994	0.0825806137	0.1044491171	1.90505e-05	0.0304339162	-0.0851272759	-0.0194118398	-0.0129425762	0.0514586702	-0.0138608285	-0.0186670817	-0.0102959984	-0.0169254958	0.023369409	-0.0026817578	0.0547010708	-0.0247227444	-0.058036534	0.0008550176	0.0568210419	-0.081631751	0.0592265694	-0.0025646777	-0.0555806262	0.0815780375	-0.0295251532345446	0.0065058197459819	0.0008717346735233	4.232569056720927e-05	0.2261059155516704	0.0195227786293087	0.0003811388854089	0.0511238850474591	-0.2627079847311719	-0.0024485688519816	0.0690154852415136	5.99548942289494e-06	-0.0046885939647264	-4.155658134520016e-05	2.198291336606882e-05	1.726949453100238e-09	0.0025430084564703	-5.745991560519989e-05	6.4668920096794585e-06	3.3016419013566932e-09	-0.0019150539337636	-8.119816019992039e-08	6.5931412198519334e-15	3.667431569223439e-06	0.0	0.0	0.0	0.0	0.0	0.0	0.0	0.0	0.0	0.0	0.0	0.0	0.0	0.0	0.0	0.0	0.0	0.0	0.0	0.0	0.0	0.0	0.0	0.0	0.0
2198.870218502878	-8.601579903536276	73.98717683691913	4835030.237818894	2489.9496150230293	-25.82847435794656	6199849.085353332	667.110087659103	2359.7146981280785	-1.7688917077102817	5568253.456561688	3.128977873606196	2393.923727908143	1709.308511398224	0.850469	22.468359	0.0229503697679898	0.0133422719524315	0.0135131657	-0.0200212319	-0.0246931053	0.0777864598	-0.026872098	0.0074273022	0.0490077223	-0.0477366685	0.0771436185	0.0061543597	-0.0147158569	-0.0260123807	-0.0682556069	0.0098083929	0.0002379357	0.0098685636	-0.0359492325	0.0136405353	0.0439762546	0.0059968337	-0.0255961864	0.0334462858	0.01363939	-0.0389531154	0.0604199277	0.0066983453	0.0573207708	-0.0101560405	0.0530440886	-0.0158547354	0.0556965586	-0.0622422709	0.0360998646	-0.0770664147	0.0269402968	-0.0373373349	-6.22143e-05	-0.0546619763	0.0046943403	0.0099230335	-0.0745108337	4.49622e-05	0.0102628158	0.0356196969	0.0356701181	-0.0292453673	0.0179203333	-0.0265420707	-0.0682436524	0.0003809122	0.0217617751	-0.0169211672	-0.0226097787	0.0008109351	-0.0254327734	-0.0294093698	-0.0378179815	-0.0106150144	0.0072701308	-0.0306619332	-0.0062310375	0.0470618957	-0.0309898675	0.0202735505	-0.0621577765	-0.0045523796	0.0219003207	0.0419890008	-0.0164558482	0.0029634417	-0.0049051093	-0.0378531197	0.007003957	0.0216112476	0.0465330448	-0.0100239582	0.0129625383	0.028383592	-0.0249625582	0.0054038526	-0.0160936163	-0.053085185	-0.0348152731	0.1391538723	-0.006817372	-0.007027358	0.0023307644	-0.0119301865	-0.0198070721	0.0504666839	0.0224336568	-0.0408730922	-0.0586347667	0.0025646777	0.0549512416	-0.0814885411	0.0620868871	-0.0076839116	-0.0510508491	0.0810058262	-0.0285921791048622	0.0009329741296823	0.0008175127059645	8.704407266566315e-07	0.2259936679098473	-0.0001122476418231	1.2599533094847942e-08	0.0510731379353463	-0.2610301663742476	0.0016778183569243	0.0681367477573673	2.8150744388322283e-06	-0.0044868817676919	0.0002017121970344	2.0132107997245996e-05	4.068781043248477e-08	0.0026949284883595	0.0001519200318891	7.26263955737162e-06	2.3079696089215513e-08	-0.0019659682976311	-5.0914363867500144e-05	2.592272448032204e-09	3.865031347290526e-06	0.0	0.0	0.0	0.0	0.0	0.0	0.0	0.0	0.0	0.0	0.0	0.0	0.0	0.0	0.0	0.0	0.0	0.0	0.0	0.0	0.0	0.0	0.0	0.0	0.0
2194.270930169239	-4.599288333638924	21.15345317594711	4814824.914985777	2461.964315841447	-27.985299181582377	6061268.292476644	783.1769702826753	2358.256883372432	-1.4578147556462682	5561375.527973457	2.125223861779989	2391.1803268791323	1648.5479557608417	0.882467	23.313707	0.0954398547844231	0.0436258569318061	0.0241535385	-0.0177887006	0.0493218152	-0.0157561329	-0.0220897882	-0.0371396056	0.0527535264	0.0364078893	0.0040338897	0.0084057121	-0.0332758835	0.0145731938	0.0135477895	0.0667857659	0.0144907192	-0.002765705	-0.005027886	-0.0397434125	0.0998271278	0.0258461668	-0.0062359749	0.0383408197	0.034984569	-0.0033824918	0.0268606518	0.0045205303	-0.0112645261	0.0205751008	-0.0220914732	-0.0881946588	0.0313353424	0.0921545248	0.0371856557	-0.1233078968	-0.0459272923	0.001765039	-0.0678545513	-0.0481634954	0.0245776449	0.034004392	-0.0575678211	-0.0337577838	-0.0084246812	0.0061921337	0.0168213432	-0.0978370393	-0.0376078516	-0.0363134496	-0.0435320381	-0.0089214881	-0.0179413879	-0.0162659657	-0.0295326963	0.032363131	-0.0540776333	-0.0650434572	0.0020470305	-0.0668661081	0.070541996	0.0149539925	0.0070517818	-0.029273153	-0.0017108361	0.0212369687	-0.0095653682	-0.0384726198	0.0773996106	-0.0133358302	-0.0020366703	-0.0075619108	-0.0095375101	-0.0415433373	0.0112949533	0.0330564498	-0.0093164488	-0.0204033718	0.0100907428	-0.0279048099	-0.0638481731	0.007634507	0.0727104992	-0.0344983902	0.0265916593	0.0708880739	-0.0011312563	0.0282881877	0.0038780222	-0.0234309249	0.0107896654	-0.0129228013	0.0285247695	-0.0169759771	-0.0592265694	0.0042732129	0.0530272111	-0.0812023727	0.064777029	-0.0127728206	-0.0462468756	0.0798654172	-0.0281179173484815	0.0004742617563807	0.000790617276016	2.2492421356530766e-07	0.2117904480749928	-0.0142032198348544	0.0002017314536772	0.0448551938958062	-0.2315523311754646	0.0294778351987829	0.053616482072792	0.0008689427680066	-0.0038750977104281	0.0006117840572638	1.5016382265365104e-05	3.742797327221568e-07	0.0023639845491947	-0.0003309439391647	5.588422948831269e-06	1.0952389086991483e-07	-0.0020489310610906	-8.296276345949984e-05	6.882820120836922e-09	4.198118493101852e-06	0.0	0.0	0.0	0.0	0.0	0.0	0.0	0.0	0.0	0.0	0.0	0.0	0.0	0.0	0.0	0.0	0.0	0.0	0.0	0.0	0.0	0.0	0.0	0.0	0.0
2201.051080137802	6.78014996856291	45.97043359620363	4844625.857375784	2480.0353771608266	18.071061319379623	6150575.471969243	326.5632572087784	2356.89194554868	-1.3649378237523706	5554939.642992241	1.8630552627098576	2388.6891445277183	1633.6418822511228	0.993154	26.237925	0.0976819915472903	0.0572775836329258	-0.0322925044	-0.0174339137	0.0922358894	-0.0824458957	0.0122095297	-0.0485161693	-0.000256222	0.1028305182	0.0138758169	-0.042333435	0.0297207198	0.0675719047	0.0171555844	-0.0515815935	0.0216175045	0.0069022334	0.058509396	-0.0485261381	0.0976038736	0.0848305061	-0.015774177	-0.0270403729	-0.0786769146	-0.0350632909	0.0061672131	0.0397404113	-0.0408523171	-0.0184716846	-0.0306912856	0.0320640407	0.004180439	-0.0239495749	0.0997920469	-0.063203457	-0.0060689698	-0.0369943555	0.0016205081	-0.0117503452	-0.0608152915	0.0077271263	0.0071824621	-0.0354690664	-0.0548390422	-0.0162307065	-0.0449212654	-0.1151468172	-0.0416748052	0.0146294217	0.0699430604	-0.1153668015	0.0058798262	0.049925223	0.0620010455	0.0190588801	-0.0420519599	-0.0001904174	-0.0458674928	0.0019439577	-0.034900613	-0.0340813859	0.0129698543	0.0519637587	-0.0426971723	0.0451336607	0.0251633215	-0.0555295659	0.0012011971	-0.0257868369	-0.0260178777	0.0104780775	-0.0069564754	-0.036439255	0.0046441089	0.0145690636	-0.0302835351	-0.0303458068	0.0391106772	0.0107302317	-0.0196084611	-0.0271012151	0.1250998044	0.011395743	-0.0079457807	-0.1244767144	0.0282025827	0.0251160379	-0.0075553133	0.0470509908	0.0600247503	-0.0141358323	0.0199910346	0.0172772959	-0.0598118772	0.0059798738	0.0510508491	-0.0807737477	0.0672896215	-0.0178113211	-0.041194508	0.0781648097	-0.0429546083706213	-0.0148366910221398	0.0018450983802734	0.0002201274004864	0.2090709077842376	-0.0027195402907552	7.395899393040976e-06	0.0437106444817251	-0.2367831912062499	-0.0052308600307853	0.0560662796378155	2.7361896661667422e-05	-0.0048092622671302	-0.000934164556702	2.312900355404231e-05	8.726634189984304e-07	0.0023691008957227	5.116346527999759e-06	5.6126390541140986e-06	2.6177001794575196e-11	-0.0014903139602485	0.0005586171008421	3.1205306535323295e-07	2.2210357001115677e-06	0.0	0.0	0.0	0.0	0.0	0.0	0.0	0.0	0.0	0.0	0.0	0.0	0.0	0.0	0.0	0.0	0.0	0.0	0.0	0.0	0.0	0.0	0.0	0.0	0.0
2208.635794678648	7.584714540846107	57.52789466612238	4878072.073535782	2506.8222173434583	26.78684018263175	6284157.629366773	717.5348069698549	2361.615379996921	4.723434448241278	5577227.203038002	22.310832986832388	2398.375101099825	1704.0488062011982	1.062263	28.063681	0.097916193990192	0.0508464439470956	-0.0388750362	-0.030039315	0.0190790961	0.0337240407	0.0035573701	-0.0042021977	-0.0249767596	0.0263209186	0.0437750377	-0.0435336887	0.0153894916	0.0095643565	-0.0518544086	-0.0099568869	0.0288442716	-0.0244786936	0.0558330145	-0.0050126362	0.0668763763	-0.042858817	0.0078980064	-0.0252577992	0.0415847152	-0.0368788081	0.0804685224	-0.0207346843	0.0583464442	0.0850607056	0.0262495806	0.0550019597	-0.0184434474	-0.0091053122	-0.0739668236	0.0209267473	-0.0289894625	-0.0054001571	0.0518175975	0.0482157571	0.062348241	-0.0434722382	0.1510205899	0.0243356406	-0.0360486453	-0.0330967209	-0.0113159188	-0.0500868306	0.0046965883	0.0167752519	-0.0937522671	0.0526116936	0.0209152959	-0.0056700434	0.0153107457	-0.0424722275	-0.0149168679	-0.0225425686	-0.015632982	0.0294257416	0.0084960998	-0.019160043	0.0810939201	-0.025978624	0.0354421586	-0.0320252309	-0.0344030359	0.0617727313	-0.0600529435	-0.0400505305	-0.0328453246	0.0365624265	0.0064155117	-0.0145738542	0.0448941296	0.0274607534	0.0412371732	-0.0766360434	0.0804385832	0.0090163182	-0.0243230996	0.0075149028	-0.0917779197	0.0511409872	-0.0122559847	0.0225290536	0.0213702364	0.0162429062	0.0031852125	0.0185994165	-0.0006864627	0.0276797266	0.0329024593	-0.0075810988	-0.060390626	0.0076839116	0.0490241061	-0.0802034182	0.0696177779	-0.0227795284	-0.0359208828	0.0759159322	-0.0330574238939931	0.0098971844766282	0.0010927932745071	9.795426056441032e-05	0.2216858036255615	0.0126148958413239	0.0001591355970874	0.049144595529111	-0.2354712312844	0.0013119599218499	0.0554467007625914	1.7212388365404049e-06	-0.0052540936351515	-0.0004448313680212	2.76054999269395e-05	1.9787494597570107e-07	0.0027561465425067	0.000387045646784	7.596343763771636e-06	1.4980433269444488e-07	-0.002140280020451	-0.0006499660602025	4.224558794151598e-07	4.580798565941732e-06	0.0	0.0	0.0	0.0	0.0	0.0	0.0	0.0	0.0	0.0	0.0	0.0	0.0	0.0	0.0	0.0	0.0	0.0	0.0	0.0	0.0	0.0	0.0	0.0	0.0
2208.6408534718066	0.005058793158696	2.559138822247008e-05	4878094.41962467	2500.642663756413	-6.17955358704512	6253213.73179877	38.18688253516221	2361.3785367219343	-0.2368432749867679	5576108.593691024	0.0560947369064577	2399.965495049199	1689.9955298874906	1.022719	27.018978	0.0731466551570481	0.0376953997301863	-0.0457998926	-0.0217318066	0.0280608928	-0.0319775783	0.0044543744	0.0185009304	-0.0265256178	-0.0154896796	-0.0277806504	0.0203478463	-0.108330165	0.0900330678	0.0036356215	0.0218508059	0.0281033586	-0.0077510998	0.0378510385	-0.0344873484	0.0257747224	0.0276701102	-0.015324865	0.0334227842	-0.0256136927	0.0007733042	-0.0628041535	-0.0152305179	0.0633443903	0.0191079675	-0.049779576	0.010834171	-0.0048358511	-0.0648082279	-0.0628402371	0.0044849254	-0.0132735468	0.0066736704	-0.1188017765	-0.0432328204	0.0788067546	-0.1251049464	-0.0181460404	-0.0321651222	-0.0349119545	-0.0293396331	-0.0279463839	-0.0044041814	0.011270084	-0.0581095265	-0.0548813347	-0.0621491048	0.0476140872	-0.0478654214	-0.0510836163	0.004753669	-0.0067979018	-0.0218843365	-0.015470718	-0.0600259942	0.0367813158	0.0780074369	0.0499815644	0.0747141248	0.0750452023	0.0055133825	0.0004753021	0.1037445485	-0.0438533984	-0.0820736446	-0.04175409	0.032955077	-0.0034454295	-0.0122672188	0.0528291859	0.0164744135	0.0277454163	0.0298477828	-0.0146185153	-0.0452833796	-0.0031632183	-0.0112123783	0.050207735	-0.0135969703	0.035927608	0.0752766199	-0.0263210693	-0.0172978342	0.0181611206	0.0677575214	-0.0657752063	0.0382918944	0.1013998799	-0.0550836181	-0.0609627523	0.009384579	0.0469489822	-0.0794923845	0.0717551168	-0.0276578354	-0.0304543249	0.073134559	-0.0327153149786596	0.0003421089153334	0.0010702918341529	1.1703850995066197e-07	0.2269031453531909	0.0052173417276293	2.72206547028628e-05	0.0514850373711712	-0.2631774085268503	-0.0277061772424502	0.0692623483589086	0.00076763225739	-0.0048091700232184	0.000444923611933	2.3128116312222467e-05	1.9795702045559533e-07	0.0030238754808669	0.0002677289383602	9.143822923788028e-06	7.167878443547998e-08	-0.0022252480155904	-8.496799513940017e-05	7.219560198009131e-09	4.951728730889013e-06	0.0	0.0	0.0	0.0	0.0	0.0	0.0	0.0	0.0	0.0	0.0	0.0	0.0	0.0	0.0	0.0	0.0	0.0	0.0	0.0	0.0	0.0	0.0	0.0	0.0
2211.9749265484866	3.3340730766799425	11.116043280642057	4892833.075679182	2490.525260355935	-10.117403400477995	6202716.072470998	102.36185156800371	2365.679384314496	4.300847592561695	5596438.949370613	18.497290014443728	2399.926160263972	1691.1299072539734	1.098541	29.022097	0.0449797810504436	0.0335548295518619	-0.0556536163	0.0231567345	0.0398589392	-0.0920417615	-0.0111647644	-0.0389151026	-0.0096341135	-0.0016036383	0.0119074337	-0.0250910019	-0.0087044297	0.0915814577	0.0857564961	-0.0548952401	0.0235152419	-0.0292821373	0.0646193913	-0.0086741547	-0.0129102979	-0.0017752333	0.0335264719	0.0026760077	-0.0046714276	0.0017297303	-0.0418230996	0.0298792087	-0.0096868487	0.0333973381	0.0018850398	0.0320350075	0.0768195202	0.0710572236	0.0498048317	-0.049055929	-0.0744921556	-0.021681244	0.0215475974	0.0198412338	0.0137225825	0.0008013878	-0.0242908232	-0.025341379	-0.0551545117	-0.0569241079	-0.0550212923	0.0019511111	0.0120842439	-0.0144088428	0.0986408253	-0.0325437192	-0.008250355	0.0078398607	0.0278633134	-0.0269134478	-0.0475515076	0.0086908014	0.0363165149	-0.0755919447	-0.0572529508	0.025363131	-0.0231613396	-0.0633963688	-0.0064328939	-0.0482713202	-0.1232408717	0.0205298824	-0.0434319451	0.0588228871	-0.0210768755	0.0092071918	-0.029105671	0.0077749579	0.0290426556	-0.0342498168	-0.0766884226	-0.0240333345	-0.0173145809	0.003534006	-0.0572658752	0.0032524943	0.067688206	0.0087765487	0.021756585	-0.0855065434	0.0131522654	0.0204780521	-0.007653774	0.0329155694	0.059101118	-0.0572422632	0.0012518358	0.0493828672	-0.0615281933	0.0110811301	0.0448275254	-0.0786418943	0.0736957799	-0.0324269895	-0.0248241955	0.0698401994	-0.0258710556531127	0.0068442593255469	0.0006693115206064	4.684388571533571e-05	0.2264266772742047	-0.0004764680789861	2.2702183029278678e-07	0.0512690401814368	-0.2635689833414858	-0.0003915748146355	0.0694686089796644	1.5333083545685076e-07	-0.004753265504294	5.590451892439983e-05	2.2593532954311297e-05	3.125315236168578e-09	0.0024069793488368	-0.0006168961320301	5.793549585726825e-06	3.805608377136991e-07	-0.0022977969412614	-7.254892567099989e-05	5.263346616016267e-09	5.2798707832702455e-06	0.0	0.0	0.0	0.0	0.0	0.0	0.0	0.0	0.0	0.0	0.0	0.0	0.0	0.0	0.0	0.0	0.0	0.0	0.0	0.0	0.0	0.0	0.0	0.0	0.0
2213.6303114930306	1.6553849445440392	2.740299314623072	4900159.155960732	2506.831439117887	16.30617876195174	6284203.864149856	265.89146581672605	2363.814018912937	-1.8653654015588472	5587616.716009332	3.4795880813327997	2400.7703861836712	1739.7983655072971	1.101672	29.104826	0.1380353476256982	0.0704068618952922	-0.0303783012	0.0353786724	-0.0390470165	0.0473850061	-0.0190726904	0.0063056298	-0.0189630916	-0.0023181336	0.0514545338	-0.0149471502	0.017775754	0.0313746909	0.0014754525	-0.0563543069	0.0118302556	-0.0097577284	0.0281451151	0.0333292716	-0.0015146878	0.0282009476	-0.0162212026	0.0337013029	-0.0451708725	-0.0028396588	0.0324196151	0.0243975106	0.053864622	-0.0310965122	0.0297230877	-0.0205601397	-0.0163121313	-0.0162183137	-0.0741275478	0.070047279	0.0009325506	0.0373881083	0.007240254	-0.0734445575	-0.0352504535	-0.0080380639	0.0387066881	-0.0221532408	-0.0135686009	-0.0213360834	-0.0159557484	0.0133697377	0.0343537153	0.0008765367	-0.0756588236	-0.0028205715	0.0162387385	0.0149930882	0.0372369215	0.0152247838	-0.0024333144	0.0300714819	0.0370687947	0.0600013653	0.0210892072	-0.0155598015	-0.0174589951	0.0295581721	-0.0074679149	0.0197979501	0.0280497561	-0.0176217138	-0.0398792771	-0.0183863198	0.0089183317	0.008982505	-0.0306085596	0.0255894333	0.001275042	-0.0207525938	0.0325245908	-0.0295350684	0.0528704869	0.0164563802	0.026584176	0.0264865861	-0.0998568555	0.0396683897	-0.0005601751	-0.0145489051	0.0926499508	-0.0632071128	-0.0341109909	-0.0130700601	-0.0001419489	0.0160739596	-0.0020600048	-0.025753924	-0.0620868871	0.0127728206	0.0426618292	-0.0776534394	0.0754344479	-0.0370681691	-0.0190607341	0.066055961	-0.0385220896629618	-0.0126510340098491	0.0014839513920012	0.0001600486615183	0.2530464690307212	0.0266197917565164	0.0007086133131603	0.0640325154889157	-0.2806645352701835	-0.0170955519286976	0.078772581358428	0.0002922578957467	-0.0041910872737871	0.0005621782305069	1.7565212536500188e-05	3.160443628558692e-07	0.0015437617150919	-0.0008632176337448	2.3832002329834848e-06	7.451446832081439e-07	-0.0025057804756223	-0.0002079835343609	4.325715056525178e-08	6.278935792009921e-06	0.0	0.0	0.0	0.0	0.0	0.0	0.0	0.0	0.0	0.0	0.0	0.0	0.0	0.0	0.0	0.0	0.0	0.0	0.0	0.0	0.0	0.0	0.0	0.0	0.0
2213.102264917597	-0.5280465754335637	0.2788331858271143	4897821.634983398	2490.4394995845964	-16.391939533290497	6202288.901091175	268.69568166305186	2363.10404172151	-0.7099771914272424	5584260.712000536	0.5040676123469151	2398.566823562705	1702.3228843803176	0.979779	25.884558	0.085794507365209	0.0410623548988668	-0.0494604648	0.0223651408	0.0061195971	-0.0266649335	-0.0076153781	0.0001569531	-0.0373258744	0.0249558243	-0.0898534996	0.0453568281	-0.0448250845	0.0286220321	-0.0166032405	-0.0074040679	0.0086565624	-0.0034853573	0.0144391154	0.0379144242	-0.0256262186	-0.0164796497	-0.0452486332	0.0239040668	0.0099317825	-0.0325092583	-0.0021793021	-0.0017160055	0.0340123477	0.0052105318	-0.0358836337	0.0824529382	-0.0675867331	-0.0207937557	0.0090485888	-0.026006608	-0.0127512029	-0.0292818379	0.0526267964	0.0063750908	0.0101899528	-0.0556305369	-0.0311785268	0.0679891831	-0.0125382493	-0.018638432	-0.0022753931	0.0232121936	0.0639931277	-0.024542598	0.0037550553	-0.0253421619	0.025424742	-0.0144444386	-0.0934640481	0.0231713163	-0.0159238032	-0.0300378107	-0.0429850946	0.016715464	0.0333484264	-0.0344288009	0.0298373094	0.0097435488	0.0857019598	-0.0237353898	-0.0447097715	0.0058569381	0.0191322035	0.0152307851	-0.0130137761	0.0281020579	-0.0246783401	0.0416626523	0.0239796763	-0.015813252	0.0261262539	0.0181077732	0.0016665945	-0.0464371267	0.0285016896	0.0043051032	0.0425576585	-0.026884258	0.0391957178	0.0274149805	0.0808791294	-0.0064301381	-0.0167830648	0.0556983432	0.0146049571	0.0189198748	0.0505315859	-0.0190688421	-0.0626387723	0.0144589085	0.0404540309	-0.076528754	0.0769663555	-0.0415630576	-0.0131948967	0.0618083875	-0.0292434713062021	0.0092786183567597	0.0008551806140366	8.609275861039808e-05	0.2472373556249749	-0.0058091134057463	3.37457985608214e-05	0.0611263100164303	-0.3114151656651316	-0.0307506303949481	0.0969794054062413	0.0009456012696867	-0.0044020922186056	-0.0002110049448184	1.937841590110797e-05	4.4523086737857966e-08	0.0016086791587364	6.491744364449988e-05	2.5878486357528517e-06	4.214274489336818e-09	-0.0030289809913144	-0.000523200515692	2.737387796204792e-07	9.174725845743963e-06	0.0	0.0	0.0	0.0	0.0	0.0	0.0	0.0	0.0	0.0	0.0	0.0	0.0	0.0	0.0	0.0	0.0	0.0	0.0	0.0	0.0	0.0	0.0	0.0	0.0
2213.6618349829887	0.5595700653916538	0.3131186580824197	4900298.719660252	2508.228065149108	17.788565564511373	6291208.026801637	316.4330648429198	2363.5648554926333	0.4608137711234121	5586438.826119913	0.2123493316569804	2400.45900004768	1700.6707918452646	0.949913	25.095545	0.1485407801636195	0.0757213841640381	-0.0525542443	0.022554439	0.0012738504	-0.0311255572	0.0007295949	-0.0133620564	-0.0519699011	-0.0705291151	-0.0276494973	-0.0409720084	-0.0436796005	0.0495686473	0.0931823211	-0.0601869607	0.0185952951	-0.0184334908	0.0113738539	0.0537199113	-0.0021717177	0.011696498	-0.0030167819	0.0162365098	-0.0338038561	0.0065807027	-0.0199426252	-0.0040180263	0.0374037959	-0.038046851	0.0339781469	0.0470142856	-0.0257683375	-0.0084681223	0.0089011321	-0.039491953	0.0065029999	0.0527035309	-0.0444703787	0.0365025681	-0.0756757593	0.0071798708	-0.0117960429	0.0090266438	-0.0238685893	-0.0249081686	0.0010376708	0.0171987687	0.06497502	0.0305803432	0.0438642567	-0.0688203636	0.0287358319	0.0121540395	0.0696720487	0.013028161	-0.0049839516	-0.0050079733	-0.0104552436	-0.0836000849	-0.0137344529	0.0016939939	-0.0658725446	0.0341995237	-0.012917046	-0.0838437392	-0.018286154	-0.0612715758	-0.0072290396	-0.0253195592	-0.0207273683	0.0231377484	-0.0319224754	0.0392492298	-0.0168820416	-0.0312168729	-0.0610334842	0.0323532338	-0.0317172393	0.0089051076	-0.0094821555	-0.0398148294	0.0967196378	-0.0006482699	-0.0423373961	-0.0896543127	0.1053694307	-0.0201978405	-0.0256363951	0.04321771	0.0412019614	-0.0186269641	-0.0362261516	5.54824e-05	-0.0631837885	0.0161386543	0.0382063093	-0.0752698111	0.0782873035	-0.0458939156	-0.0072581889	0.0571272725	-0.035551569407346	-0.0063080981011439	0.0012639140873253	3.979210165365532e-05	0.2191151634690555	-0.0281221921559194	0.0007908576916544	0.0480114548620709	-0.2688847101901004	0.0425304554750312	0.0722989873740142	0.0018088396429136	-0.0052191393028852	-0.0008170470842796	2.723941506292101e-05	6.675659379297962e-07	0.0015190482553613	-8.963090337509982e-05	2.3075076021162097e-06	8.03369883983648e-09	-0.0025040582903386	0.0005249227009758	2.755438419997293e-07	6.270307921413472e-06	0.0	0.0	0.0	0.0	0.0	0.0	0.0	0.0	0.0	0.0	0.0	0.0	0.0	0.0	0.0	0.0	0.0	0.0	0.0	0.0	0.0	0.0	0.0	0.0	0.0
2199.4421329663523	-14.219702016636347	202.1999254419318	4837545.696267578	2480.3118368120336	-27.916228337074244	6151946.807829884	779.315804567667	2354.1016384622326	-9.463217030400756	5541794.524210568	89.5524765644669	2390.240459752557	1701.0205951530777	0.930036	24.5704	0.0619471170904111	0.0350370893824549	-0.0385533289	-0.0182672087	-0.0064495891	0.0456938007	0.0237355614	0.0059863723	0.0104028106	-0.0125628936	-0.0219137709	0.0194535012	-0.0126237828	0.0702954963	0.0015953183	-0.0559250831	-0.0026162826	0.0079119024	-0.0078726044	-0.0046256114	0.0807907416	-0.0299445847	0.0048629763	0.0457051989	0.0091268683	-0.083314763	0.0264942866	-0.0069746784	0.0576247381	0.0713571518	-0.0250953259	0.018589716	-0.0055745881	-0.0389718749	-0.0348580637	0.078649246	0.0271104906	-0.0667859263	0.116345748	0.0757565643	-0.053815792	0.0045208002	0.0013120607	-0.0334688876	-0.0004224279	0.0201727505	0.0173366472	-0.0442355428	0.0119049979	0.0332873167	0.0069290979	-0.0365247044	0.0795030322	-0.0320436219	0.0231084569	-0.0264957633	-0.0489914593	-0.0462637498	-0.0292789843	0.0141010031	-0.0217586305	-0.0857777501	0.0355253506	-0.0591356456	0.0212490242	0.0024178324	0.0505900625	0.0133329425	-0.1046245627	-0.0194078481	-0.0219643292	0.0429448079	0.005790561	0.0315003423	-0.0072094134	0.0246185674	0.0204410805	-0.001004996	0.0349806731	0.0388427652	0.0771624852	-0.0426781187	0.0463184953	0.0512579792	-0.0436003321	-0.0439050627	0.1012775059	-0.0100162803	-0.0149315057	0.0338696607	0.0567458997	-0.0057307016	0.0727398521	0.0326397861	-0.0637218759	0.0178113211	0.0359208828	-0.0738788195	0.0793936715	-0.0500436514	-0.0012824971	0.0520454508	-0.0290882441929625	0.0064633252143835	0.0008461259502294	4.177457282688555e-05	0.219856670806223	0.0007415073371675	5.498331310732639e-07	0.0483369556979959	-0.2537517585161453	0.0151329516739551	0.0643899549500361	0.0002290062263662	-0.0052894381724767	-7.029886959150026e-05	2.7978156180453653e-05	4.9419310658427595e-09	0.0017210142324726	0.0002019659771113	2.9618899883732528e-06	4.079025591052215e-08	-0.0030239801009339	-0.0005199218105953	2.703186891326952e-07	9.1444556508442e-06	0.0	0.0	0.0	0.0	0.0	0.0	0.0	0.0	0.0	0.0	0.0	0.0	0.0	0.0	0.0	0.0	0.0	0.0	0.0	0.0	0.0	0.0	0.0	0.0	0.0
2203.5761736729664	4.134040706614087	17.0902925639423	4855747.953179192	2494.1830703963096	13.87123358427607	6220949.188651563	192.41112114954836	2358.6261669656506	4.524528503417969	5563117.395495077	20.471358178241644	2395.197292886634	1691.3786499640185	0.906319	23.943836	0.0626462729441748	0.029514525219372	-0.0247678703	-0.0346863467	0.0016368457	0.0687586363	0.0109103437	-0.0172738803	-0.013175697	-0.0037273355	0.0363041076	-0.0513319239	0.0177049389	-0.0400853136	-0.0018476434	-0.0056864995	0.021617981	-0.0103808509	0.0069321521	-0.006071382	0.051759202	-0.0203780576	3.17137e-05	0.0471044215	0.0581380121	0.0361653723	-0.0152261512	0.0154953158	0.0256546109	0.0616958359	-0.0306087709	0.021950788	0.0153943261	0.0381910487	-0.0269560953	0.0484638999	-0.0017482655	-0.0701769907	-0.0436403464	0.025667882	-0.0190455541	-0.0115870314	0.0498879475	-0.0152379993	-0.0187034037	-0.0087528176	0.0066439338	-0.026775609	0.0005099214	0.0329712148	-0.0575529159	0.0125437514	0.0374237752	-0.0592417036	0.0030987161	-0.0086906872	0.0023252476	0.0142650035	0.0028593219	-0.0551416909	-0.0557326283	0.0388970763	0.0532530565	-0.0419332611	-0.0203577016	-0.0275817777	0.0126269607	7.69873e-05	0.0007503933	-0.0077596795	-0.0256699312	0.0365029772	0.0012207083	0.0296550923	-0.0141998718	0.0167262002	0.0120856395	-0.0416314064	0.0379178149	-0.0278403993	-0.0194066825	0.018082619	-0.0742011569	0.0163631337	-0.0164910324	0.0280188367	0.0880726362	0.0062639266	-0.0162540256	0.0348148923	0.0285621874	0.0389423654	0.0287087902	-0.0095829642	-0.0642529755	0.0194761753	0.0336000067	-0.0723582192	0.080282427	-0.0539958877	0.0047000831	0.0465985677	-0.028951079784079	0.0001371644088834	0.0008381650206641	1.8814075064359598e-08	0.2279434463741552	0.0080867755679321	6.539593908610503e-05	0.0519582147449273	-0.2761969702269695	-0.0224452117108241	0.0762847663625574	0.0005037875287437	-0.0050930076790758	0.0001964304934009	2.593872721912507e-05	3.858493873772104e-08	0.0018579378775558	0.0001369236450831	3.451933156856551e-06	1.8748084582870096e-08	-0.0027177918142873	0.0003061882866465	9.375126687958043e-08	7.3863923458070545e-06	0.0	0.0	0.0	0.0	0.0	0.0	0.0	0.0	0.0	0.0	0.0	0.0	0.0	0.0	0.0	0.0	0.0	0.0	0.0	0.0	0.0	0.0	0.0	0.0	0.0
2203.619516844513	0.0433431715464394	0.001878630519704	4855938.975018044	2493.189220371531	-0.9938500247785668	6215992.488576802	0.987737871752358	2361.498337123705	2.8721701580543595	5576674.396238023	8.249361416818004	2397.8035706559745	1695.8684385471	0.860786	22.740921	0.0316689099219091	0.0168766403948788	-0.0316584959	-0.0288888129	-0.0108767456	0.0326645842	-0.0007252181	0.0089365647	-0.0222837045	-0.0170269545	-0.0202969315	0.0086271507	-0.079652877	0.0455973818	-0.0361216684	0.0493450821	0.018561499	-0.0092120028	0.0261299402	0.0055732202	0.0445471296	-0.0040980253	-0.0391524304	0.0382320485	-0.0196491798	-0.0246554695	-0.0020622309	0.044818719	0.0628107138	0.0127346242	0.0091873945	-0.0272777702	-0.041370522	0.0036438252	-0.0050752976	-0.1128421325	-0.0455618575	-0.0148744318	-0.0265740707	-0.0233337716	0.0009079361	0.042559289	-0.0141618107	-0.0491947476	-0.0128567854	-0.0120743747	0.0001293976	-0.0302000582	0.0367370733	-0.0439616507	-0.0609103871	-0.0424998694	0.0455813678	-0.0292644966	-0.0692781452	0.0360283868	-0.0253412903	-0.042187112	-0.0109905818	-0.0412989484	0.0837192201	-0.0012127079	0.0304266724	0.0145276424	0.0125078935	0.015395247	-0.0200943452	-0.044486781	0.0858971349	0.0038735374	-0.0265609794	0.0341042785	0.0030463927	0.0376515009	0.0020095715	0.0103017307	0.0036920011	0.0041918139	-0.0011135379	-0.0398076562	-0.0013238291	0.0337878068	0.0211521563	-0.073121537	0.0131194291	0.1414996837	0.0138235714	-0.01187629	-0.0184746465	0.0564604749	0.0352601575	0.0500927549	0.036862129	-0.0494036573	-0.064777029	0.0211324865	0.0312459714	-0.0707106781	0.0809511339	-0.0577350269	0.010657419	0.040824829	-0.0289074825893891	4.3597194689899005e-05	0.0008356425496558	1.900715384828958e-09	0.2192661755859433	-0.0086772707882119	7.529502833195556e-05	0.0480776557560857	-0.2765170685130869	-0.0003200982861173	0.0764616891790711	1.024629127752959e-07	-0.005109119979166	-1.6112300090199635e-05	2.6103106961513184e-05	2.596062141966472e-10	0.0016430276702257	-0.00021491020733	2.699539925127292e-06	4.618639721466654e-08	-0.0029393281799248	-0.0002215363656374	4.907836129987205e-08	8.639650149300038e-06	0.0	0.0	0.0	0.0	0.0	0.0	0.0	0.0	0.0	0.0	0.0	0.0	0.0	0.0	0.0	0.0	0.0	0.0	0.0	0.0	0.0	0.0	0.0	0.0	0.0
2203.5625791507287	-0.0569376937842207	0.0032419009734656	4855688.040233411	2467.989136197674	-25.20008417385725	6090970.37638974	635.0442423694906	2358.235358528469	-3.262978595235836	5561274.006213897	10.64702931296723	2389.511755393168	1671.3249970898655	0.912955	24.119158	0.0678692923448677	0.0389113191296284	-0.0494906737	-0.0340769561	0.0238994477	-0.0214184524	0.0186546241	-0.0177348506	-0.0093427221	0.0558005996	-0.0671345548	-0.003444566	-0.05665656	0.0280064383	-0.0215012867	0.0287261484	0.0101552938	0.0001448074	0.0243972361	-0.0129350901	0.0405079519	0.0579316958	-0.0120767409	0.0252564298	-0.045839638	-0.0454361629	-0.0346507291	0.0601724097	0.0471358213	0.0101567014	0.03322657	0.0618843679	0.0381248962	0.0495558	0.0257371836	-0.0048805997	0.0165291138	-0.0085839112	0.0651182759	0.0442334808	-0.0274210744	0.0568695084	0.0066873619	0.0800609877	-0.0184978078	-0.0053835217	-0.0109745799	-0.0509966264	0.0069196309	-0.0702110114	-0.0234497435	-0.0474279868	-0.0139622119	-0.0073102171	-0.0136907662	0.0056175989	-0.0575379204	0.0178176204	0.027099377	0.0447149044	-0.0521184007	-0.034483668	-0.0071681282	-0.058056867	-0.0512248675	-0.0111743372	-0.0858406031	-0.053351578	0.0031445801	-0.0098432085	-0.0395220988	0.0351611675	-0.0005701667	0.0255755792	-0.0448285947	-0.0164020485	-0.0525258256	-0.0465982495	0.0139213757	0.001370992	-0.0204523928	0.0650331193	0.050105823	-0.0730489324	0.0141046475	-0.056040973	0.0529704516	-0.029845575	0.0078466553	0.0504140372	0.078629345	0.0189039451	0.0322823027	-0.0008332661	-0.0652939789	0.0227795284	0.0288611001	-0.0689390864	0.0813979594	-0.0612463124	0.0165575133	0.0347647336	-0.0337669204512707	-0.0048594378618815	0.0011402049167624	2.36141363334884e-05	0.2153478280027769	-0.0039183475831663	1.5353447782505913e-05	0.0463746870255135	-0.2498601494378221	0.0266569190752647	0.0624300942770907	0.0007105913345852	-0.0055609125173744	-0.0004517925382084	3.0923748025891285e-05	2.0411649758078866e-07	0.001723015371166	7.998770094029984e-05	2.968781969274308e-06	6.398032301714844e-09	-0.0030562396972672	-0.0001169115173423	1.3668302887302238e-08	9.340601087151904e-06	0.0	0.0	0.0	0.0	0.0	0.0	0.0	0.0	0.0	0.0	0.0	0.0	0.0	0.0	0.0	0.0	0.0	0.0	0.0	0.0	0.0	0.0	0.0	0.0	0.0
2212.162950400837	8.60037125010831	73.96638563968958	4893664.919126136	2508.7012957672573	40.71215956958349	6293582.191384316	1657.479936819229	2364.2106190557065	5.975260527237424	5589491.851255767	35.703738368361655	2399.5004756989574	1698.0911828046787	0.95899	25.335337	0.0743170656937824	0.0389508633550255	-0.067765375	-0.0359210697	0.0018557413	0.0293586956	0.0487685211	0.0141359613	-0.0493384891	0.0071659369	0.0566162616	-0.0607438699	0.0052187425	0.0140244499	-0.0242753103	-0.0522865728	0.0164041294	-0.0119631444	0.0747147294	0.0355418233	0.0330690075	-0.0309010582	0.010248078	0.0577684572	0.0702439008	-0.0136164415	0.0265483642	-0.0414047575	0.0638552985	0.0364215734	-0.0432027553	-0.0108351205	0.0856376391	0.0819656575	-0.0464513916	-0.0371688009	-0.0293457879	0.0295690163	0.1115458289	0.0100166585	-0.0055431851	0.0104336852	0.0058261797	-0.0470521976	-0.0246357984	-0.0360896624	-0.0303234415	-0.0098334908	0.0270516725	0.0839181196	-0.0441841946	0.019543036	0.047980857	-0.0324790165	0.0257013481	-0.016336563	-0.0104454251	-0.0098232715	0.0290734566	-0.0604150153	-0.0371877024	-0.0526909027	0.0321131952	-0.0871714457	0.0363627304	0.0766142204	-0.0643447605	-0.0242773239	0.0089452532	0.0228517364	-0.0426230001	0.0588945184	0.0249273597	0.0564421914	0.0233456007	0.0179597062	0.0154757099	-0.0485641786	0.0385786784	0.002439375	0.0189824323	-0.006671606	-0.0358227259	0.0702803641	-0.0559238939	-0.0487686972	0.0780171499	0.0420738274	-0.0387034609	0.0173737642	0.0118972972	-0.0027314927	0.0824908861	0.0525148493	-0.0658037687	0.0244165784	0.0264477464	-0.0670465522	0.0816216788	-0.0645158866	0.0223686765	0.0284607885	-0.0389275636551218	-0.0051606432038511	0.0015153552121235	2.663223827745457e-05	0.2203907465746084	0.0050429185718314	2.543102772212284e-05	0.0485720811757132	-0.2386193164505172	0.0112408329873048	0.056939178183312	0.0001263563262484	-0.0061471901366	-0.0005862776192256	3.7787946575512325e-05	3.4372144680483775e-07	0.0020023318286177	0.0002793164574517	4.009332751895503e-06	7.801768340336743e-08	-0.0028643803553286	0.0001918593419385	3.6810007089112553e-08	8.204674819992396e-06	0.0	0.0	0.0	0.0	0.0	0.0	0.0	0.0	0.0	0.0	0.0	0.0	0.0	0.0	0.0	0.0	0.0	0.0	0.0	0.0	0.0	0.0	0.0	0.0	0.0
2207.6078346234453	-4.55511577739162	20.749079745442064	4873532.351490817	2505.0276288843866	-3.673666882870748	6275163.421474132	13.495828366301277	2359.16157730766	-5.04904174804642	5565643.347844766	25.49282257351565	2395.310464096759	1717.553109796033	0.836242	22.092484	0.0863022050280484	0.0421484157738487	-0.0648165544	-0.0565831872	-0.0302584635	0.0716056823	0.0321361538	0.0303836635	-0.0501258413	-0.0139111626	0.0215611319	-0.0337922116	-0.0149380032	0.0241475413	-0.026843851	-0.0439376623	0.0083491784	-0.0096501505	0.002701402	0.0199901512	0.0245289007	0.0111321315	-0.036590002	0.0299576468	0.0402278834	-0.0440760253	0.0065124357	0.0473656113	0.0833342962	0.0251677456	0.0661399832	-0.0165918605	-0.011093342	-0.028296152	-0.0508400301	-0.0009939615	0.0553122574	-0.0113400227	0.0916954674	-0.0313364225	-0.0041016133	0.0178116907	0.0737673086	0.0413327169	-0.0123820031	-0.0052521512	0.0047970537	0.009591678	0.0162907915	0.0249057875	-0.0843540772	-0.0418877442	0.0701286946	0.0058146266	-0.0028710122	-0.0634200754	-0.0285099916	-0.0149520502	0.0450712849	-0.0092503667	-0.0345288247	-0.0562559235	0.017322545	-0.0447745441	0.024542261	0.0028363487	0.0089414336	-0.0134320942	0.0136065401	0.0249260588	-0.058751983	0.0580149033	0.0176297569	0.0449107788	-0.0048915361	-0.0051514948	0.0084814686	-0.02971439	0.0011573104	-0.0136153806	-0.0357743542	0.0332457893	-0.0510043596	0.0234634406	-0.0780351166	0.0439917404	0.0659436715	0.0098871641	-0.0327111858	0.0457645171	0.0008403767	0.02980592	0.0608232806	0.0202636982	-0.0663063423	0.0260429185	0.024008292	-0.0650363955	0.0816216788	-0.0675308461	0.0280596966	0.0219572114	-0.0459637686511058	-0.007036204995984	0.0021126680286123	4.950818074551021e-05	0.2085681637406082	-0.0118225828340002	0.0001397734648667	0.0435006789261291	-0.2566354817646115	-0.0180161653140942	0.0658617705005542	0.0003245822126247	-0.0055547922308884	0.0005923979057116	3.0855716728338126e-05	3.509352786914898e-07	0.0021262194645288	0.000123887635911	4.520809211341136e-06	1.534814633164124e-08	-0.0025921208592719	0.0002722594960567	7.412523319304825e-08	6.719090549072493e-06	0.0	0.0	0.0	0.0	0.0	0.0	0.0	0.0	0.0	0.0	0.0	0.0	0.0	0.0	0.0	0.0	0.0	0.0	0.0	0.0	0.0	0.0	0.0	0.0	0.0
2202.893369391819	-4.714465231626491	22.226182420215025	4852739.196910441	2479.3597152482216	-25.66791363616494	6147224.597595743	658.841790433622	2362.234345809273	3.0727685016127	5580151.104520963	9.441906264503157	2394.530601018592	1682.706295968244	0.8352899999999999	22.067341	0.0615962767613409	0.0300958783728637	-0.0574619359	-0.0485670357	0.0056214508	0.0227631626	0.034567723	-0.0111731915	-0.0185819516	0.0245839753	-0.0149019701	-0.1035464738	0.0029615409	-0.0028784751	0.0237046507	-0.0218402202	0.0048142723	-0.0294798374	0.0367236162	0.0106538256	-0.0224106158	0.0056063001	0.0117299676	-0.0179523159	-0.0210861274	0.000244658	-0.0047112228	0.0907809547	0.0298017268	0.0512021727	0.056822393	-0.0524007394	0.039454965	0.0623829082	-0.0043784043	-0.00794409	0.0640601349	0.0744371125	-0.0398779736	0.0782602864	-0.0892673292	0.0169134526	-0.0560150465	-0.0492814992	-0.022866696	-0.030892306	-0.0109517476	-0.008618749	0.003474063	0.0268074131	-0.0258304907	0.0079529315	0.0162260775	0.0823733343	0.0332196904	-0.0609274064	-0.0719717586	0.0625569834	0.0681862279	-0.0276099557	0.0190908697	-0.0437753539	-0.0511619054	-0.0813379612	-0.0553534939	0.0012602699	-0.0008110767	-0.1181965574	0.0128886683	-0.0256862122	-0.0436987456	0.0483963568	0.0173049391	0.0412794843	-0.0116421194	-0.0057011785	-0.0297227231	-0.0608189884	0.0180588197	0.0151797367	-0.0493140973	0.067398461	-0.011207423	-0.0319046772	-0.0546747031	0.009272821	-0.0188368771	-0.017681738	-0.018687925	0.0548367852	0.0716299569	0.0375840878	-0.0230802156	-0.0046043469	-0.0668016447	0.0276578354	0.0215451443	-0.0629121428	0.0813979594	-0.0702792922	0.0336000067	0.0152996203	-0.0417544559560667	0.0042093126950391	0.0017434345921871	1.771831336461735e-05	0.2048029749239646	-0.0037651888166435	1.4176646824977947e-05	0.041944258537706	-0.2359266872301333	0.0207087945344781	0.0556614017473851	0.0004288541710712	-0.0059330039733604	-0.000378211742472	3.52005361479103e-05	1.4304412214370672e-07	0.0019129055363802	-0.0002133139281486	3.659207591114021e-06	4.5502831942186084e-08	-0.0026588548029549	-6.673394368300004e-05	4.453419239485821e-09	7.06950886319634e-06	0.0	0.0	0.0	0.0	0.0	0.0	0.0	0.0	0.0	0.0	0.0	0.0	0.0	0.0	0.0	0.0	0.0	0.0	0.0	0.0	0.0	0.0	0.0	0.0	0.0
2212.2472201284068	9.3538507365879	87.49452360236603	4894037.762965864	2479.8853058316813	0.5255905834596888	6149831.130079892	0.2762454614214961	2361.8962352586827	-0.338110550590045	5578553.8261291385	0.1143187444203033	2393.387868705322	1682.4700754862345	0.998529	26.379913	0.0677110574511144	0.0332245806078713	-0.088197799	-0.047959614	0.0190561337	-0.0504188141	0.0306796474	0.0252011108	-0.0382496062	0.1160443421	-0.0490417606	-0.0040586196	-0.029326172	0.0408517803	-0.0987991722	0.0008109911	0.0040922125	-0.0330481342	0.0610866909	0.0371341917	0.0422476864	0.071934818	0.0010816364	0.015147821	-0.1017722914	3.16579e-05	-0.0105288607	0.0833939214	0.032749001	-0.0581568253	-0.0280948992	0.0277924363	-0.0861616105	0.0650866007	0.0432540511	0.0366796929	0.0233128665	-0.0819061759	0.0365866358	0.0123988911	-0.0378320917	0.0147625941	0.05270139	-0.0027984211	-0.0082245774	-0.0466359533	-0.0178715469	-0.0830525204	0.0712717248	-0.0502467442	0.0455628818	-0.0803030924	-0.0470512471	-0.0293728436	-0.040741919	0.0024117316	-0.0169105484	0.0996514468	0.0163126559	0.0750845197	0.000290378	-0.1184710565	0.0166022735	0.0174468407	-0.0421045896	0.0567898924	0.0265130266	0.0105637319	0.0155741833	2.8991e-06	-0.0618990308	0.0590786752	0.0264068038	0.0388775812	-0.0149024062	-0.0088882468	0.0065223736	-0.0249430896	0.0417672277	-0.005660197	0.0944707409	0.0467734068	0.0368220319	-0.0687121585	0.0055499822	-0.0236971303	0.027139469	0.0098001518	0.0042667233	0.0857318506	0.0159189897	0.0305691175	0.1045048767	0.0338953158	-0.0672896215	0.0292606206	0.0190607341	-0.0606775209	0.0809511339	-0.0727503781	0.0389598496	0.0085347133	-0.0433699399054461	-0.0016154839493794	0.001880951687402	2.6097883907024715e-06	0.2257494411224456	0.020946466198481	0.0004387544462041	0.0509628101670965	-0.2454955979506223	-0.009568910720489	0.0602680886131336	9.15640523766896e-05	-0.0063611726427509	-0.0004281686693905	4.046451739088248e-05	1.8332840944763138e-07	0.0020918149876416	0.0001789094512614	4.375689942522027e-06	3.200859175065529e-08	-0.0027633806139583	-0.0001045258110034	1.0925645165918525e-08	7.636272417600552e-06	0.0	0.0	0.0	0.0	0.0	0.0	0.0	0.0	0.0	0.0	0.0	0.0	0.0	0.0	0.0	0.0	0.0	0.0	0.0	0.0	0.0	0.0	0.0	0.0	0.0
2211.216447195819	-1.0307729325877515	1.0624928385555537	4889478.1763493	2497.358731397942	17.47342556626063	6236800.633289538	305.3206010196506	2360.9690100628395	-0.9272251958432208	5574174.666477105	0.859746563806499	2392.89314797041	1692.1094345001404	0.8869639999999999	23.432495	0.0669642111074585	0.0328300874229598	-0.0696005359	-0.013191303	0.0013291312	-0.0522085354	0.0516350101	0.0384541613	-0.0418718907	0.0255746402	-0.0202923509	-0.0013081459	-0.0431269674	0.0581506498	-0.0464742673	-0.0066221719	0.0056728106	-0.0005346149	0.0102902909	0.0601045863	-0.0228099795	-0.0465925172	-0.0076259119	-0.0005679269	0.014422629	-0.0384646812	0.0262096343	0.0386599365	0.0861541899	-0.0293161967	-0.0622229933	0.0933126359	-0.0582873285	-0.0157531963	-0.0055169584	-0.0555182456	0.0033393237	-0.0085778356	0.0025495153	-0.0528849914	0.0199201357	-0.0025552814	0.0277911004	-0.0112095397	-0.011839425	-0.0063111483	-0.0013235666	-0.0008284185	0.0691081747	-0.0529730576	0.0667322877	0.0003840269	0.0184393057	0.0034617895	-0.0481633805	-0.0196851553	-0.038964235	-0.0241947818	-0.0398288796	-0.0561556811	-0.0427353705	-0.1055144135	0.0281306834	-0.0019903211	0.0659574498	-0.0302475165	-0.0125318861	-0.0142866318	-0.0354052009	0.0166249265	-0.0471312038	0.0506941936	0.0238888085	0.0499892671	0.0261427722	-0.0103026743	-0.0171145451	0.0123801157	-0.006107052	-0.0203521175	0.0913955239	-0.0136469846	0.1088620155	-0.0514063531	-0.0406959594	0.0033085309	0.0287496317	0.0922625492	-0.0277030754	-0.0445607073	-0.0158712113	0.03222643	0.083839695	0.0343628534	-0.0677702193	0.0308505711	0.0165575133	-0.05833645	0.080282427	-0.0749343514	0.0441104375	0.0017099414	-0.0350627199808712	0.0083072199245749	0.0012293943324569	6.900990287525422e-05	0.245662920401557	0.0199134792791113	0.0003965466569995	0.0603502704602217	-0.2626720456264095	-0.0171764476757871	0.0689966035535625	0.000295030354759	-0.00623881829419	0.0001223543485609	3.892285370791982e-05	1.4970586611762332e-08	0.002161390810808	6.957582316640017e-05	4.671610237045265e-06	4.840795169282186e-09	-0.0030027917267907	-0.0002394111128323	5.731768094764808e-08	9.016758154482674e-06	0.0	0.0	0.0	0.0	0.0	0.0	0.0	0.0	0.0	0.0	0.0	0.0	0.0	0.0	0.0	0.0	0.0	0.0	0.0	0.0	0.0	0.0	0.0	0.0	0.0
2210.7045399556223	-0.511907240196706	0.262049022565808	4887214.5629804	2490.6011229557776	-6.757608442164383	6203093.95366858	45.66527185761134	2365.8055350262184	4.836524963378906	5597035.829560692	23.39197372138733	2400.2817969986154	1669.5793254007122	1.061334	28.039143	0.123805630637552	0.0584253150333686	-0.0953161071	-0.073094659	0.024486165	-0.0399506167	0.05600057	0.0135556168	-0.0544072223	0.0285671839	-0.0523895793	-0.0757489318	-0.0522404778	0.0498138738	0.0240298498	-0.0123823608	0.0112903914	-0.0271889528	0.0555665159	0.0348225431	-0.0348972545	0.0871858252	0.0145785005	0.1102772894	-0.0257161156	0.0502408294	-0.0879614616	0.0253960893	-0.0297934527	-0.0286876372	0.0047217651	-0.0674096637	0.1234503804	0.0070969462	-0.0026420715	-0.0594522719	0.108457556	0.0641986887	0.0596032062	0.0303322963	0.0317506142	-0.0054211354	0.0598369857	0.0482983674	-0.0202114226	-0.0495453716	-0.020075167	0.0307647709	0.0250324412	0.0590863577	0.0186173773	-0.0830677359	-0.0102619126	-0.0381731293	0.014393144	0.0383738109	-0.0591590689	0.0966973193	0.090538261	-0.0749287532	-0.0164049932	0.0225455122	-0.0746202565	0.001270652	-0.0267049466	0.0947941966	-0.0255805707	-0.0659646423	0.0832690206	-0.0684923005	-0.0836957721	0.0724119305	0.0250227229	0.0613702377	-0.034049233	-0.0197983725	-0.0490783013	0.0114712981	-0.0647369817	-0.04702722	-0.0499804925	0.0423161147	0.029855211	-0.0170069397	-0.0446520316	-0.0493719972	0.0250900592	-0.1062674852	-0.0165420162	0.1572763976	-0.0218058852	0.00689275	0.0114585293	0.0116291433	-0.0682433853	0.0324269895	0.0140379523	-0.0558930371	0.0793936715	-0.0768225931	0.0490241061	-0.0051268245	-0.0463683853276535	-0.0113056653467822	0.0021500271578937	0.0001278180689334	0.2061378968133027	-0.0395250235882543	0.001562227489652	0.0424928325026118	-0.2400256143530441	0.0226464312733654	0.0576122955455562	0.0005128608494192	-0.0066090583782018	-0.0003702400840118	4.367965264647941e-05	1.370777198090648e-07	0.0019171526329844	-0.0002442381778236	3.675474218159018e-06	5.965228750659253e-08	-0.0026106997800431	0.0003920919467475	1.5373609470432268e-07	6.815753341517092e-06	0.0	0.0	0.0	0.0	0.0	0.0	0.0	0.0	0.0	0.0	0.0	0.0	0.0	0.0	0.0	0.0	0.0	0.0	0.0	0.0	0.0	0.0	0.0	0.0	0.0
2211.799585810434	1.095045854811815	1.1991254241405385	4892057.407791208	2495.896302180504	5.295179224726326	6229498.351238313	28.03892302197329	2356.126127160114	-9.679407866104611	5551330.327086517	93.69093663840783	2394.929008718425	1701.515150159276	1.36337	36.018578	0.2124445067983717	0.1035781309400019	-0.0279153682	0.046459183	-0.0240861302	-0.0805386623	0.017955104	0.0307965075	-0.0567592326	0.0484426341	-0.0610905637	-0.0159289793	-0.0220328695	0.0338465456	-0.0228242167	0.0795895862	0.029708991	0.0137561772	0.0362281351	-0.1259302581	-0.0992810198	-0.0704818537	0.0111591853	-0.0463662085	0.0362701769	-0.0272782023	-0.0715236561	-0.0582152204	0.0438232257	0.0718431473	-0.0359638259	-0.0042460394	-0.0226787115	0.0187988531	-0.0948802779	0.0395294832	0.0229548359	-0.0306480039	0.1068686353	-0.0178250289	0.0294688174	0.1052584867	-0.0259712481	-0.0018047871	-0.0372043899	-0.0078258719	-0.0501995953	0.0829555272	-0.0874478835	-0.0982396248	0.0122300582	0.0886534133	0.0077499394	-0.0274740855	-0.0734577162	-0.0293009354	0.0580228166	-0.076138732	0.0552858358	0.0320308039	0.071004749	0.0080613255	0.0749399022	-0.1451773746	0.0720385804	-0.0467090357	0.0479091547	-0.0236511344	-0.0374351161	0.0496122076	0.0259473982	0.0136477928	0.0160411817	0.0914809901	0.1234795528	0.0168243335	-0.0546540844	-0.0114323138	0.0003257083	0.0974217621	0.0329806013	0.0476688039	0.047970031	0.0676688841	0.0847068055	0.0149347909	-0.1433884843	0.0613155611	-0.0216611721	-0.0776468844	0.1023575047	-0.0191082742	0.0902607492	0.0889824902	-0.0687090676	0.0339891844	0.0115045374	-0.0533515689	0.0782873035	-0.0784076511	0.0536744641	-0.0119276293	-0.0663589157876884	-0.0199905304600349	0.0044035057045175	0.0003996213080735	0.2413623783157703	0.0352244815024676	0.0012407640971176	0.058255797666245	-0.2665753197618983	-0.0265497054088542	0.0710624011061583	0.0007048868572969	-0.004873173107801	0.0017358852704008	2.374781613859485e-05	3.013297671994459e-06	0.0024851260909879	0.0005679734580035	6.175851688108801e-06	3.225938489964538e-07	-0.0023009627199071	0.000309737060136	9.593704642169232e-08	5.294429438402279e-06	0.0	0.0	0.0	0.0	0.0	0.0	0.0	0.0	0.0	0.0	0.0	0.0	0.0	0.0	0.0	0.0	0.0	0.0	0.0	0.0	0.0	0.0	0.0	0.0	0.0
2204.9546700138308	-6.844915796603345	46.85287226259001	4861825.096815801	2499.470285899604	3.5739837190999424	6247351.710095047	12.773359624391455	2346.566080176312	-9.56004698380184	5506372.368634022	91.39449833249866	2386.0445810493898	1694.750376181688	1.507738	39.832596	0.3972140504440159	0.3004645141253512	0.0571302255	0.1807090317	-0.0350313788	-0.0325395188	0.0236001182	0.0477232164	-0.044928698	0.0300442076	0.0384111705	0.0812596873	0.0412879018	-0.0874421309	0.1425688578	0.0333036811	0.0194768754	0.0759005532	-0.0110796661	-0.2608832836	-0.1276223428	-0.0991031736	0.0120491288	-0.0535250856	0.0905064134	-0.0404303953	0.0821227722	-0.1463601789	0.0263780843	0.0112503971	0.029088488	0.0064219613	-0.0589417854	-0.0385870652	-0.1240995389	-0.050925812	0.0158813871	0.0548687097	0.0021847401	0.0406392307	-0.1705135377	0.0479824337	0.1219924657	0.0365420057	-0.0304349483	0.0497452323	-0.0957281257	0.1232162805	-0.286109195	-0.0095301601	0.0381691751	0.1375084598	0.0356713623	0.0085393258	0.0283761297	-0.015923406	0.0996437103	-0.1792441378	0.0015101793	0.0075747067	0.0154290462	-0.0275435722	0.1108836652	-0.0158336168	0.0635905604	-0.1151320229	0.043012802	-0.1865813818	-0.1031130792	0.159365471	0.1595268097	-0.0493975265	-0.0644659192	0.0740063091	0.1734582256	-0.0599143021	0.0007521042	0.0120904038	-0.1139685025	-0.0203791972	-0.1476971285	-0.0205191159	0.087894144	0.1718654222	0.0175094188	0.06746287	-0.227619577	0.1522018363	-0.131717585	-0.2530219309	0.1456451028	-0.0051711956	0.0866938061	-0.0476530369	-0.0691672152	0.0355364705	0.008959769	-0.0507165039	0.0769663555	-0.0796832699	0.058036534	-0.0186447705	-0.0543402039411802	0.0120187118465082	0.002952857764369	0.0001444494344493	0.2282160985401731	-0.0131462797755971	0.0001728246719382	0.052082587632898	-0.3236610045031938	-0.0570856847412954	0.1047564458360164	0.0032587754023825	0.0006830389283475	0.0055562120361485	4.665421776381012e-07	3.087149219064146e-05	0.0017582122286547	-0.0007269138623332	3.091310240990928e-06	5.284037632521706e-07	-0.0023171043030377	-1.614158313060013e-05	2.605507059620747e-10	5.368972351155825e-06	0.0	0.0	0.0	0.0	0.0	0.0	0.0	0.0	0.0	0.0	0.0	0.0	0.0	0.0	0.0	0.0	0.0	0.0	0.0	0.0	0.0	0.0	1.0	0.0	0.0
2214.363964277349	9.409294263518404	88.53481853748035	4903407.7662900975	2518.9677287998484	19.49744290024455	6345198.418735066	380.1502796482967	2364.7716217041016	18.205541527789592	5592144.822817046	331.4417423200714	2401.076480693024	1699.2204195088254	1.868267	49.357323	0.3679826777481473	0.2807130394291937	-0.0191969159	-0.0132742089	-0.0536688146	0.0403288221	-0.0129552147	0.0109581621	-0.0697641226	-0.0669976304	0.0002715283	-0.0282872955	0.0149428723	-0.0746190735	-0.0001234291	-0.018360132	0.0068236048	-0.0182721806	-0.0153776822	0.0733572509	-0.0716660705	0.0555293275	0.0174120501	-0.0107758944	-0.0381356874	0.0890382214	-0.0024381834	-0.0048491538	-0.1002605923	-0.0206137755	0.0225090059	-0.0094554278	0.0560659065	0.0141627772	0.0506882297	0.1422180234	0.0536243059	-0.0479882815	0.0540129864	0.0201972012	0.0726749615	-0.0832738477	0.0019092258	-0.0048643075	-0.0017058468	-0.0191086551	0.024291863	0.0745183788	0.0570340165	0.068527308	-0.028130122	-0.0023914198	-0.0510340034	0.0482417272	0.0569791861	0.0245560949	0.0301804743	0.1271490917	0.047696641	0.0742649992	-0.0304602154	0.0866896663	-0.005138581	0.0352128719	-0.0826761802	0.0714115687	0.0229072288	0.07676989	0.0243286021	-0.0532029495	-0.0222066213	-0.0002557137	-0.0048934657	-0.0021832645	-0.0652382741	-0.0311973787	0.0124101836	0.0104676497	-0.052667727	0.0201436231	-0.0258190458	0.0364289377	-0.1794832	-0.0168950269	-0.0509724351	-0.1060302322	0.0728216941	-0.0211729642	0.0402436777	0.0343358476	-0.1135252674	-0.0351597991	-0.0938434565	0.0262006135	-0.0696177779	0.0370681691	0.0064061583	-0.0479924649	0.0754344479	-0.0806444153	0.0620868871	-0.0252311319	-0.0398902383711003	0.0144499655700799	0.0015912311173032	0.0002088015049764	0.2441270565099387	0.0159109579697656	0.0002531585835156	0.0595980197202068	-0.3398855139181407	-0.0162245094149469	0.1155221625713986	0.0002632347057557	-0.0047668458776853	-0.0054498848060328	2.2722819621605337e-05	2.970124439902717e-05	0.0024572097198203	0.0006989974911655	6.037879607179356e-06	4.885974926558027e-07	-0.0025961669017064	-0.0002790625986687	7.787593397572802e-08	6.740082581515809e-06	0.0	0.0	0.0	0.0	0.0	0.0	0.0	0.0	0.0	0.0	0.0	0.0	0.0	0.0	0.0	0.0	0.0	0.0	0.0	0.0	0.0	0.0	0.0	1.0	0.0
2201.588391092091	-12.775573185258054	163.21527021188462	4846991.443791462	2500.2995368615907	-18.66819193825768	6251497.774030285	348.501390243629	2355.534739950429	-9.236881753672606	5548543.911113335	85.31998453132991	2393.969266977707	1718.3763924878515	0.923305	24.39258	0.0459786479631574	0.0255388060406147	0.0070657567	0.0154265994	-0.0741959469	0.0539451564	0.0073461617	0.0385850869	-0.0224094017	-0.0771642832	0.0071026259	-0.0173198631	0.0011477393	-0.0559788889	0.072207008	-0.0670994993	0.0040254065	0.0159760224	-0.0313139276	-0.0230110132	-0.0543058905	0.0004951077	-0.0327928329	-0.0045817012	0.0227949034	0.0065880082	0.0423968298	-0.019937638	-0.0578052515	0.0500327501	0.0038924785	-0.0616014528	-0.0163325374	-0.0089789647	0.0720617042	0.0880390364	0.0634813041	-0.0226025275	-0.008250418	-0.0187909917	0.1051324093	0.013356921	0.0350786209	-0.0231512168	0.0011174458	0.0173996316	0.0133681665	0.0749332197	-0.0342847885	0.052154652	-0.0421312789	-0.0009519904	0.0471099475	0.0398051773	0.0104743447	0.0026921809	0.0185414589	0.0206154265	-0.0332309553	0.0625004536	-0.0247043086	0.0653103465	0.0381195406	-0.0106859963	-0.0573999552	0.0385798464	0.031455925	0.0577475927	0.0289645034	0.009325298	0.0147694574	-0.0092430643	0.0046363314	0.0318557647	-0.0001595319	-0.0168668994	-0.0242152635	-0.0024815229	-0.0447033499	0.0794168082	-0.0265429924	0.0244235766	-0.0936306505	0.0444542072	-0.0383339106	-0.0083145407	0.002223754	0.0410296657	-0.0138194185	-0.0505159075	-0.0221557092	0.004400537	0.009800665	0.06557402	-0.0700607062	0.0385836084	0.0038462256	-0.0451842308	0.0736957799	-0.081287294	0.0658037687	-0.0316405151	-0.0373677680355086	0.0025224703355916	0.0013963500879555	6.362856593940099e-06	0.2397188893925061	-0.0044081671174326	1.9431937335214123e-05	0.0574651459315765	-0.3150868813163825	0.0247986326017581	0.0992797427776841	0.0006149721789169	-0.0047757040480654	-8.858170380100262e-06	2.280734915470825e-05	7.846718248288562e-11	0.0021822249983618	-0.0002749847214584	4.762105943475157e-06	7.561659703560883e-08	-0.0025973115680353	-1.1446663288998404e-06	1.3102610045170377e-12	6.746027381449988e-06	0.0	0.0	0.0	0.0	0.0	0.0	0.0	0.0	0.0	0.0	0.0	0.0	0.0	0.0	0.0	0.0	0.0	0.0	0.0	0.0	0.0	0.0	0.0	0.0	0.0
2193.4023743773223	-8.186016714768812	67.01086965447436	4811013.975924076	2483.159637906658	-17.139898954932505	6166081.787328726	293.7761361852964	2358.3425485362177	2.8078085857887345	5561779.576236302	7.883789054428933	2393.13976576186	1675.9692521329412	0.976153	25.788754	0.0848425292295841	0.0398989849243498	0.0213521377	-0.0276977876	-0.048343628	0.0556517428	-0.0130857988	0.0232157354	-0.0019691737	-0.0974404657	0.0219140434	0.0130174252	-0.0485055335	-0.0262601272	0.0114970636	0.0206416734	-0.0238186357	0.0122591938	-0.0487308867	0.0265041571	-0.0322970357	0.0690458435	0.0100207523	-0.0197175754	-0.0077686518	0.0777812463	0.0044665031	0.009672817	0.0197469468	-0.0804897432	0.0023687631	0.0088325413	0.04612866	0.0032521289	0.0772252387	0.0224255284	0.0857345928	-0.0155947495	-0.0366740409	-0.1006838753	0.0354030634	-0.0094215826	-0.0813695712	0.000112	0.0293545697	0.0346422846	0.0292615907	0.0435975281	0.0280588348	0.0194351373	-0.0638369548	-0.0369038765	-0.0251691045	0.0260387699	0.0331037349	-0.0158758033	0.0429906688	0.0956018928	-0.0457409355	-0.0151858778	-0.0184178108	0.0413291828	0.028669747	0.1042626699	-0.0473232655	0.005332804	0.0122403902	0.0891039912	0.0657214439	-0.0401624437	-0.0052189213	-0.0042616666	0.0085864379	-0.0169709878	-0.0693791602	-0.0017991868	0.0093260452	0.0255208585	-0.0439768346	0.0239264359	0.03813051	0.0134492693	-0.0864260172	-0.0620701429	-0.0151804402	-0.0166846246	0.0017828638	-0.0181370994	0.0620522365	0.0033953209	-0.0633661206	-0.0085086041	-0.0626750505	0.0205826245	-0.0704959515	0.0400821236	0.0012824971	-0.0422967282	0.0717551168	-0.0816093689	0.0691672152	-0.0378279629	-0.025073448621427	0.0122943194140816	0.0006286778257713	0.0001511502898554	0.2625493342989955	0.0228304449064894	0.0005212292146282	0.0689321529408457	-0.3337035790167206	-0.018616697700338	0.1113580786485686	0.0003465814332657	-0.0047629353816638	1.2768666401600376e-05	2.2685553449904887e-05	1.630388416753583e-10	0.0024330578822429	0.0002508328838811	5.919770658344306e-06	6.291713563610948e-08	-0.0029557313619261	-0.0003584197938907	1.284647486527235e-07	8.736347883873517e-06	0.0	0.0	0.0	0.0	0.0	0.0	0.0	0.0	0.0	0.0	0.0	0.0	0.0	0.0	0.0	0.0	0.0	0.0	0.0	0.0	0.0	0.0	0.0	0.0	0.0
2191.860363579273	-1.5420107980494322	2.377797301301047	4804251.853429862	2438.249653830457	-44.909984076201	5945061.374404345	2016.9066697246276	2360.6183936077614	2.2758450715436997	5572519.200239288	5.179470789669746	2391.5321519517124	1627.2114195955014	1.007892	26.627266	0.052959797957514	0.0240192284568666	0.0421308188	0.0063746716	-0.0008709062	-0.0207826402	0.00181345	0.0164994629	0.0630647986	-0.0221321108	-0.0937118543	0.0366408316	-0.0084439682	-0.0394399494	0.0726940575	-0.0309957403	-0.0194998716	-0.0050055106	-0.0451439898	0.0495491849	-0.0696031886	-0.014073288	2.36862e-05	0.027219016	0.0512594092	0.049965897	0.0180447664	0.0230189473	-0.0603563488	-0.0107140006	0.0634631391	0.0153859582	-0.0289779137	0.0229593019	0.0078613969	-0.0066581864	0.0366700201	-0.0265806395	-0.0351955192	0.1291841873	-0.0259983575	-0.0161382265	-0.0111888056	-0.0268061636	0.0303369304	0.0111068842	0.0257142797	0.033753704	-0.0076328286	0.0878278698	0.0647400066	0.0277440896	-0.0205589543	0.0137813096	-0.0441847799	0.0310932325	-0.0132876113	0.0536770566	-0.0362291998	-0.0181263245	0.0430646847	-0.0337954737	-0.0350721247	0.0415995974	-0.0394351041	-0.0452964605	0.0024763304	-0.0235780281	0.0315658477	0.0475554359	0.0203441253	-0.0242104274	0.0085439702	0.0119340108	-0.0072097158	0.0013783504	-0.028403015	0.0552794028	-0.0569192041	-0.0331128381	0.0267952831	-0.0217226207	-0.0037917313	0.0266439654	0.0160409839	0.0010474674	-0.0080556565	0.0199542049	0.0134715576	0.0151732776	-0.010854101	0.0381543022	-0.0629026332	0.0320603421	-0.0709234662	0.0415630576	-0.0012824971	-0.0393350228	0.0696177779	-0.0816093689	0.0721591615	-0.0437500746	-0.041367478732937	-0.01629403011151	0.0017112682967199	0.0002654954172747	0.2782812089607489	0.0157318746617534	0.0002474918803731	0.077440431260656	-0.3363482228720613	-0.0026446438553406	0.1131301270291938	6.994141121591265e-06	-0.0047008246936381	6.211068802569955e-05	2.2097752800317738e-05	3.857737567025778e-09	0.0023150338055557	-0.0001180240766871	5.359381520865706e-06	1.3929682677866064e-08	-0.0027700811400608	0.0001856502218652	3.446600487863507e-08	7.673349522520541e-06	0.0	0.0	0.0	0.0	0.0	0.0	0.0	0.0	0.0	0.0	0.0	0.0	0.0	0.0	0.0	0.0	0.0	0.0	0.0	0.0	0.0	0.0	0.0	0.0	0.0
2198.7511928102595	6.890829230986583	47.48352749061914	4834506.807884539	2456.816322896018	18.566669065560745	6035946.444448311	344.7212001900503	2364.3776065992274	3.759212991466029	5590281.466587891	14.131682315206971	2398.118169139565	1640.6747606197516	0.916347	24.208767	0.0820484595299339	0.0357893312826729	0.0272156827	0.0041673775	-0.0007044163	-0.0274685542	-0.0042984291	0.005619448	0.0239042586	-0.0082822897	-0.1168906283	0.0434864869	-0.0301671129	-0.0060708821	0.0349336362	-0.0087386604	-0.0111297287	-0.0085805498	-0.0408563508	0.0678356447	-0.1192321081	0.0302015427	0.0088516176	-0.0005814386	0.0396647476	0.0620060299	-0.0470245199	0.0628384422	0.0037560241	-0.0434170849	-0.0115388987	0.0188409481	0.0320434655	-0.0319145463	0.0028897681	-0.0387588931	0.0094938975	0.0345727513	-0.019875341	0.0882524346	0.0417172515	0.0079146744	-0.0087616478	-0.0562679815	0.0357687788	-0.0052550463	0.0331751424	0.0926385713	0.0325195854	0.006212284	0.0704127821	0.0143699238	-0.0822445077	-0.0101368582	-0.0890412841	-0.0005633096	-0.0126102209	0.0774785518	0.0205248028	-0.0079687205	-0.0083827381	0.0272545021	-0.0801589381	-0.0039133741	-0.0154329282	0.0323250918	-0.063897	-0.0382325467	0.0128754832	0.017256581	0.0119445517	-0.0162085334	0.0046270861	0.0087833912	-0.0392389497	0.0032157091	-0.0227885901	0.0638425146	-0.0678400849	-0.0130980867	-0.0005287435	0.0177346557	-0.0215506676	-0.0036866186	0.0160677401	-0.0103087799	0.017640425	-0.0437238578	0.0222553863	-0.0106149643	-0.0454554595	-0.0058218994	-0.0385876332	0.0026673897	-0.0713432033	0.0430257605	-0.0038462256	-0.0363043104	0.0672896215	-0.081287294	0.0747635377	-0.049365311	-0.0339134418164093	0.0074540369165277	0.0011501215358349	5.556266635295786e-05	0.2774533243197226	-0.0008278846410263	6.853929788473186e-07	0.0769803471760651	-0.3176083337224114	0.0187398891496499	0.1008750536499266	0.0003511834453411	-0.0043503484843145	0.0003504762093235	1.892553193497747e-05	1.2283357330183978e-07	0.0017890252571923	-0.0005260085483633	3.200611370871976e-06	2.766849929513713e-07	-0.0029941293588284	-0.0002240482187676	5.0197604332934396e-08	8.964810617398166e-06	0.0	0.0	0.0	0.0	0.0	0.0	0.0	0.0	0.0	0.0	0.0	0.0	0.0	0.0	0.0	0.0	0.0	0.0	0.0	0.0	0.0	0.0	0.0	0.0	0.0
2188.1905108090486	-10.560682001210807	111.5280043306979	4788177.711594765	2475.7216441595733	18.90532126355538	6129197.659360181	357.41117207823913	2357.2335782258406	-7.1440283733868455	5556550.1423154	51.03714139975629	2392.4866014035656	1650.443596347649	1.023669	27.044092	0.1208572985351807	0.0718182194569155	0.0316321286	-0.0016971186	-0.0105100259	0.0358856172	0.0318584844	0.0023701703	0.0378702008	-0.0492351853	-0.028820183	-0.0196883809	0.0319591078	-0.0052743495	0.0602947204	-0.1210195329	-0.0310768082	0.013804651	-0.0810587481	0.0331997906	-0.0667292732	-0.0064651252	-0.0305523582	0.0030661675	0.0588343246	0.0440780805	-0.0377448146	0.05164145	-0.0352320085	0.0124017519	0.0131313318	0.0150545636	-0.1289244612	0.0570087257	0.0403131808	-0.0038045334	0.0414962994	0.0272076023	0.0154685894	0.0010090222	-0.0088624854	-0.0041024288	-0.0606333149	-0.0434240285	0.041317195	0.0374475009	0.0362309575	0.078259298	-0.0146739962	0.0995456773	0.0920178543	-0.0079093286	-0.0122985157	0.0470301161	-0.0329188118	0.0099262736	-0.0166082828	0.0492263249	-0.0009733553	-0.0473728265	-0.0527670859	-0.0013862782	-0.0262356781	-0.0140163321	-0.0324294552	-0.143848958	0.0802569173	0.0555846889	-0.0209842911	0.0344012442	0.0132825747	-0.0108149526	0.0194808341	0.0102844335	-0.0406719734	0.0405459273	-0.0163844704	0.0477704348	-0.0077545271	0.0225442793	0.0514947603	-0.0804887959	0.0233106641	0.1061663715	-0.0321449534	-0.0451053314	0.050250463	0.0147368202	0.0269654528	0.0082301199	-0.0023247876	-0.0008437307	0.0232789244	0.0679573594	-0.0717551168	0.044469591	-0.0064061583	-0.0332099078	0.064777029	-0.0806444153	0.0769663555	-0.0546342852	-0.0399775394338632	-0.0060640976174539	0.001598203659186	3.677327991401013e-05	0.2754885089280066	-0.001964815391716	3.860499523524105e-06	0.0758939185513763	-0.2659061598347705	0.0517021738876408	0.0707060858380745	0.0026731147847078	-0.0049460025015984	-0.0005956540172838	2.4462940745817628e-05	3.548037083064478e-07	0.0021918686677877	0.0004028434105954	4.804288256829428e-06	1.6228281346013409e-07	-0.0027701025539403	0.0002240268048881	5.0188009308370906e-08	7.673468159346572e-06	0.0	0.0	0.0	0.0	0.0	0.0	0.0	0.0	0.0	0.0	0.0	0.0	0.0	0.0	0.0	0.0	0.0	0.0	0.0	0.0	0.0	0.0	0.0	0.0	0.0
2188.4068414185367	0.2163306094880681	0.046798932601479	4789124.503567456	2462.093915341505	-13.627728818068135	6061906.447961663	185.71499273880477	2362.055918486222	4.822340260381225	5579308.162055789	23.254965586893658	2394.4806282360773	1622.2476441343388	1.064856	28.132185	0.1091137514338493	0.0574368727387058	0.0554056818	-0.049249495	0.0071881817	0.0593207754	0.0342581531	-0.0135308215	0.0423638093	-0.0230445808	-0.0053336255	-0.0229843152	0.0192517574	-0.0762112359	0.0276836299	0.0286829783	-0.0086788176	-0.0108285544	-0.0274182769	0.0333328025	-0.0491612002	-0.0259659148	0.0197867367	0.0131757785	0.0532938196	0.0115966825	0.0336578568	0.0122159359	-0.0240148406	-0.0150143259	-0.0037315833	-0.0702226833	-0.0206901999	-0.0130456521	-0.0319827157	0.0217077629	-0.0189083646	0.0004914526	0.0390680687	-0.0755091113	0.0405021508	-0.007814981	-0.0571019934	-0.0124595767	0.0259144244	-0.0022543324	0.0352679328	0.0413628187	-0.0188613938	0.0259467145	-0.0291250551	0.0850123037	-0.0427943793	0.0100098762	-0.0299855188	-0.0017610967	-0.0291456772	0.0173919124	0.0097794513	0.0006023495	-0.0088960183	-0.0260864597	-0.0317641076	-0.0258061671	0.0334410784	0.0484919351	0.0151892125	0.0065895644	-0.0211255195	-0.0380618556	0.0097174151	-0.003884598	0.0311819202	0.016663939	-0.0381100738	0.0656933392	0.0288303156	0.0192419362	0.0073340627	-0.019700511	-0.0236932656	0.0515558412	-0.0848323238	0.0383535862	0.044157277	0.0735317088	0.0030738344	0.006364587	0.0370295805	-0.0078575381	-0.0239702031	0.0100516124	0.0170314537	0.0089723245	-0.0721591615	0.0458939156	-0.008959769	-0.0300572439	0.0620868871	-0.0796832699	0.0787557834	-0.0595200392	-0.0302636519759715	0.0097138874578917	0.0009158886309227	9.43596095445857e-05	0.2611557511337707	-0.0143327577942358	0.0002054279459882	0.0682023263502439	-0.2908522519512573	-0.0249460921164867	0.0845950324651176	0.0006223075118842	-0.0043197605934151	0.0006262419081832	1.8660331584421976e-05	3.921789275650606e-07	0.0016688797071711	-0.0005229889606166	2.785159477007496e-06	2.735174529268318e-07	-0.0027169131414355	5.318941250479978e-05	2.8291136026057507e-09	7.381617018104918e-06	0.0	0.0	0.0	0.0	0.0	0.0	0.0	0.0	0.0	0.0	0.0	0.0	0.0	0.0	0.0	0.0	0.0	0.0	0.0	0.0	0.0	0.0	0.0	0.0	0.0
2190.864555032463	2.457713613926444	6.040356208079381	4799887.498497593	2474.419879970266	12.32596462876063	6122753.742392065	151.92940402945817	2355.232605643894	-6.823312842327596	5547120.626688127	46.557598144272696	2387.9982749014607	1619.3644735918788	0.8819939999999998	23.301197	0.0600872760023426	0.0333975510860764	0.0541634932	-0.0192061341	0.0055939274	0.0066008206	0.0053037046	-0.0078035131	0.0135988718	-0.0342153998	0.0239650672	-0.0408584887	0.0087305352	-0.043889525	-0.0186656931	0.0651352969	-0.023214784	0.0044739544	-0.0293597369	0.0140256314	-0.0082099879	0.0523686535	-0.0061313909	-0.0096723783	-0.0294528895	0.061503619	0.0044159216	0.0434970298	-0.0436346391	-0.0567758242	0.0465861367	-0.040896516	-0.0146107808	-0.0486700888	-0.0310087518	0.0298010884	0.0820783183	0.0437909519	-0.0142639939	0.0273349046	-0.0212399316	0.0351488676	0.0473334686	0.061748023	0.0201629241	0.018313119	0.0124868464	0.009864901	0.0019884869	-0.0259526257	-0.0360265284	-0.0261172952	-0.04530634	0.0316324381	0.0093700455	0.006907865	0.0085540944	0.0647322654	-0.0006027213	0.0376756707	-0.0365175974	0.0182298124	-0.0576951894	0.0320530065	-0.0202504066	-0.0285400664	0.0881079909	-0.0060852821	0.0235250519	0.0408505767	0.0119234014	-0.0286824842	0.0117531551	-0.00690063	-0.07437366	0.0142532217	-0.0393478088	0.0144632478	-0.0203393169	0.0234854803	-0.0083510353	0.0600682446	0.0167017234	-0.0542859667	0.020662554	0.0128296866	-0.0237174893	0.0094084386	0.0371166055	0.000402104	0.0516561312	0.0256563824	-0.0584663906	0.0136709481	-0.0725552932	0.0472981097	-0.0115045374	-0.0268518493	0.0592265694	-0.0784076511	0.0801222105	-0.0639883028	-0.0261441807321745	0.0041194712437969	0.0006835181861566	1.6970043328470398e-05	0.2485069721488315	-0.0126487789849392	0.0001599916098098	0.0617557152065801	-0.2834884452389659	0.0073638067122914	0.0803656985840061	5.422564929598818e-05	-0.0048987528640777	-0.0005789922706626	2.399777962330947e-05	3.352320494870339e-07	0.0016233978600663	-4.548184710479993e-05	2.6354206120678423e-06	2.068598416064397e-09	-0.0028115434048944	-9.463026345889972e-05	8.954886762300772e-09	7.904776317605195e-06	0.0	0.0	0.0	0.0	0.0	0.0	0.0	0.0	0.0	0.0	0.0	0.0	0.0	0.0	0.0	0.0	0.0	0.0	0.0	0.0	0.0	0.0	0.0	0.0	0.0
2189.697940151852	-1.1666148806111778	1.3609902796634326	4794777.069105264	2449.8934585799034	-24.52642139036243	6001977.9583926005	601.5453462176278	2352.293604975161	-2.939000668733115	5533285.204007039	8.637724930813699	2379.241138203019	1617.3893709970805	0.916743	24.219238	0.0325435464099327	0.0169443193420472	0.026164849	-0.0270824819	0.0312136648	-0.0243247512	0.0384894828	-0.0190776277	0.0286491981	0.093668659	-0.0571473601	-0.0181899164	0.0287770511	0.0023534509	-0.0229867517	0.0199734686	-0.0104566413	0.000736636	-0.0274169778	-0.0173169936	0.0028172217	0.0506316509	-0.0198500897	-0.0543010869	-0.0165560945	0.1120450938	-0.014755321	-0.0018893188	-0.0747713858	0.0170100984	0.0042751143	0.0497612826	0.027420077	0.0061931819	0.0382593281	0.0144569546	-0.0371414995	0.0320667934	0.0694870486	0.0326694304	0.0243634144	-0.0439961014	-0.0496822406	0.0015649224	0.0073500399	0.0093787535	0.0082338949	-0.0448322907	-0.0276104021	-0.0362516328	0.0404045963	-0.0392059741	-0.0788407049	0.0263532722	-0.0389923021	-0.0026098406	0.0832961219	0.1309764438	-0.0317081272	0.0359080168	-0.0270692793	-0.0269328126	-0.021772938	-0.0799503942	-0.0102674581	0.001988377	-0.0586407559	0.0507949601	-0.0303292633	0.025445098	0.0060116686	-0.0001072001	0.0298050169	0.0228115592	-0.0318624283	0.0471280173	0.0246538721	0.0046874588	0.0505243055	0.0106429468	0.0646140082	0.0574395002	-0.0085439057	0.0233382168	0.0759844261	-0.0360124956	0.0090710487	-0.0213106928	0.0328361901	0.0362808467	0.0109665881	-0.0033768468	-0.0047821127	-0.0224489437	-0.0729434684	0.0486815572	-0.0140379523	-0.0235993474	0.0562039158	-0.0768225931	0.0810582975	-0.0680077345	-0.025695988369506	0.0004481923626684	0.0006602838182857	2.008763939543717e-07	0.2618356185638504	0.0133286464150189	0.0001776528152565	0.0685578911487141	-0.2833269492743255	0.0001614959646403	0.0802741601850962	2.6080946595126573e-08	-0.0048816464169288	1.7106447148899744e-05	2.3830471739913795e-05	2.926305340581001e-10	0.0018069585820095	0.0001835607219432	3.265099317097783e-06	3.36945386403088e-08	-0.0026401063406344	0.0001714370642599	2.939066700208725e-08	6.970161489857963e-06	0.0	0.0	0.0	0.0	0.0	0.0	0.0	0.0	0.0	0.0	0.0	0.0	0.0	0.0	0.0	0.0	0.0	0.0	0.0	0.0	0.0	0.0	0.0	0.0	0.0
2209.390478054966	19.692537903114044	387.7960490655833	4881406.284519951	2505.4536205690297	55.5601619891263	6277297.844822459	3086.931600257955	2363.934705319612	11.641100344450932	5588187.291014521	135.51521722957563	2397.578261418541	1660.5721914965236	0.978384	25.847706	0.1025252016475537	0.0491772216985718	0.0101104365	0.0117397431	-0.0174182143	0.007497954	0.0220647683	-0.0075779075	-0.0533360126	0.0079624634	0.0379640365	-0.0226212455	0.0392796187	-0.0425376152	0.0149215851	0.0994211406	0.0023728851	-0.0273190266	0.0108448935	0.0547032765	-0.0593295759	0.038655997	-0.0143783071	0.0068493877	-0.0188403266	0.0572770439	0.0488921283	0.0084926715	0.0252032733	0.0061205062	0.0019755193	0.011961137	0.0200885766	-0.0126526318	0.0016317668	0.0913545308	-0.0740796914	-0.005750895	0.0093774451	0.0238408649	0.019853786	0.0233650973	-0.1191281769	0.0183722661	0.0027216309	-0.0322659539	-0.0004906664	0.0446380415	0.0483079255	0.0002227147	-0.0672215581	0.0347847657	-0.089609935	0.0338594705	0.0061370768	0.0527173786	0.0295892261	0.0482827913	-0.011227382	-0.0293779198	0.003772108	-0.0131146547	-0.0123868817	-0.0195967505	-0.042410013	-0.0203704071	-0.0118504558	0.0524509779	-0.0129625266	-0.0655790598	0.0006852487	-0.0076228596	-0.000382382	0.0220793009	-0.0317098023	-0.0199828177	-0.0184466677	0.0344512541	-0.0294667405	-0.0175122415	-0.0079810498	0.0448189947	-0.0633479611	-0.0324709567	0.0465432176	0.0041618127	-0.0070241146	0.0056265152	0.0458471453	0.0293897387	-0.040305595	0.0269083053	0.0030719394	-0.0141321445	-0.0733236445	0.0500436514	-0.0165575133	-0.0203054443	0.0530272111	-0.0749343514	0.0815590168	-0.0715501408	-0.0344935180976762	-0.0087975297281702	0.0011898027907547	7.739652931803843e-05	0.2696418785959054	0.0078062600320549	6.0937695688059e-05	0.0727067426927289	-0.3298402353493941	-0.0465132860750686	0.1087945808553436	0.0021634857815011	-0.0053078916766138	-0.0004262452596849	2.8173714050666058e-05	1.816850214039328e-07	0.0020777798731466	0.000270821291137	4.3171692012531006e-06	7.334417173316576e-08	-0.0025490103752113	9.10959654231002e-05	8.298474916366668e-09	6.4974538929348526e-06	0.0	0.0	0.0	0.0	0.0	0.0	0.0	0.0	0.0	0.0	0.0	0.0	0.0	0.0	0.0	0.0	0.0	0.0	0.0	0.0	0.0	0.0	0.0	0.0	0.0
2200.233632396973	-9.156845657993015	83.84782240430557	4841028.037130778	2500.162892811334	-5.290727757695549	6250814.490590739	27.991800206050176	2358.0784779424253	-5.8562273771867694	5560534.108135265	34.29539909331183	2393.1164346594924	1680.3701367555263	0.902233	23.835899	0.0587424125089321	0.0320721016437844	0.0162193104	-0.0104945207	-0.0485663115	0.0139227893	0.0100428938	0.0401658661	-0.0403739842	-0.05503889	-0.0083869782	0.0276416485	-0.0015156753	-0.0140419272	-0.0613316158	0.1210405331	0.001015626	-0.0010377192	-0.0395664528	0.0188773328	-0.0873046892	0.0018236227	0.0210477993	-0.0076160762	-0.0130181313	0.0131585209	-0.0144516272	0.0133404545	0.0511876801	0.0135814446	-0.0242129445	-0.0034788861	0.0348038434	-0.0013635394	0.0052808424	5.95382e-05	-0.0121495929	-0.0393278884	-0.0182891053	0.0486607564	0.0390281686	-0.0707417333	0.041005924	0.0705005946	0.0151230882	0.0063633301	0.0288807953	0.0695562528	0.0220222244	-0.0783655138	-0.0007203811	0.0299517445	-0.0556475575	-0.0106912318	-0.052544188	0.0068455628	-0.0190290693	-0.0010404137	0.0008922559	-0.0302405365	0.0321608871	0.0307978159	0.0287703521	-0.0110747765	-0.0087185264	0.0281044402	-0.0004499355	0.0085262171	0.0306565708	-0.0374188847	-0.0055006611	-0.0084532166	0.0246621165	0.0323340525	-0.0149016548	0.0093234502	0.001203556	0.0673651984	-0.0390999172	0.0189790474	0.0423817284	0.073447619	0.0219373075	-0.0637767787	0.0311063206	0.0989750884	-0.0194944856	0.0280618206	0.0332695789	0.0106635281	0.0052773735	0.0435209268	-0.0326975075	-0.0100201236	-0.0736957799	0.0513837948	-0.0190607341	-0.0169759185	0.0497051625	-0.0727503781	0.0816216788	-0.0745906743	-0.0346138381262051	-0.0001203200285289	0.0011981177898271	1.4476909265195698e-08	0.2619595448061602	-0.0076823337897451	5.9018252457060834e-05	0.0686228031150506	-0.2975480127320011	0.032292222617393	0.088534819880763	0.0010427876415712	-0.0051730694374625	0.0001348222391513	2.6760647404808587e-05	1.8177036169770343e-08	0.00189675717683	-0.0001810226963165	3.597687787856112e-06	3.2769216581731895e-08	-0.0026061161612087	-5.710578599739998e-05	3.261070794380844e-09	6.791841445713171e-06	0.0	0.0	0.0	0.0	0.0	0.0	0.0	0.0	0.0	0.0	0.0	0.0	0.0	0.0	0.0	0.0	0.0	0.0	0.0	0.0	0.0	0.0	0.0	0.0	0.0
2195.051923412864	-5.181708984108809	26.850107995993945	4818252.946478515	2453.2880326456097	-46.87486016572439	6018622.171122166	2197.252515556215	2351.0950788415	-6.983399100925453	5527648.069752718	48.76786300280643	2381.875686949028	1635.8673568999695	0.960077	25.364071	0.0627204830879414	0.0285858754986974	0.0178885546	-0.0014404643	0.0178544576	-0.0193603935	0.0381180134	-0.0301687516	0.0271005692	0.053774573	-0.0697513686	0.0039470002	0.0089479407	0.0025798747	-0.0050538933	0.0699708304	-0.0141565551	0.0186663949	-0.0236254677	-0.0315736257	-0.0256104249	0.0596903952	-0.0226604962	0.0428557966	-0.0363012973	-0.0153562088	-0.0304773606	0.1175079377	-0.0185077454	0.0481349502	-0.0909600811	0.0790289111	0.0579677613	0.0029197708	-0.0248121463	-0.0212407238	0.0295405263	-0.0352187927	-0.0194880139	0.0480061129	0.015920568	0.0230039245	0.0812940633	-0.0623016897	0.0084333704	0.0170598587	-0.0067079824	-0.0038634957	-0.030630904	-0.0598836369	0.0118806799	-0.0241698983	-0.0344143836	0.0170495926	-0.026566331	0.0305490006	-0.0701132128	0.0820617347	0.0180752966	0.0314279636	-0.0793284346	0.020843912	0.0471619837	-0.0109374965	0.0073690631	0.0652570954	-0.0383182613	-0.0602049441	-0.0359333362	-0.0029095773	-0.0007477126	-0.0107072141	0.003581412	0.017403698	-0.0671910156	-0.0054338973	-0.062306598	0.0113584623	-0.0191315217	0.0181840814	-0.0350516328	0.053159729	0.0444553058	-0.0322337827	0.0225692071	-0.0648604353	0.0236806816	-0.0184904919	0.0419055045	-0.0098662563	0.016010593	0.0010412365	-0.025599718	-0.0075591166	-0.0740598336	0.0527013995	-0.0215451443	-0.0136166111	0.0462468756	-0.0702792922	0.0812459471	-0.0771080077	-0.0469513514775883	-0.0123375133513831	0.002204429405572	0.0001522142356955	0.2688857183470929	0.0069261735409327	4.797187991911653e-05	0.0722995295310321	-0.2748278507620156	0.0227201619699854	0.0755303475544687	0.0005162057599423	-0.0052518878149629	-7.881837750040033e-05	2.7582325620955788e-05	6.212336631795613e-09	0.0016160075512847	-0.0002807496255453	2.611480405809172e-06	7.882035224382622e-08	-0.0026612808426758	-5.5164681467100105e-05	3.0431420813666182e-09	7.082415723593217e-06	0.0	0.0	0.0	0.0	0.0	0.0	0.0	0.0	0.0	0.0	0.0	0.0	0.0	0.0	0.0	0.0	0.0	0.0	0.0	0.0	0.0	0.0	0.0	0.0	0.0
2202.1446057092294	7.092682296365183	50.30614215717208	4849440.864454257	2501.8576113572763	48.56957871166651	6259291.507506336	2359.0039762287684	2355.1693387238874	4.074259882387651	5546822.6140651135	16.599593589233432	2389.692881247881	1656.6209711498843	0.98699	26.075056	0.0680349362265536	0.0450413959070041	-0.0179652426	-0.041739924	0.0012039188	0.0157423286	0.0497645679	0.0129587381	-0.0464608557	0.0226375189	0.0389653135	-0.0750271555	0.0151238445	-0.0069456575	-0.0379269239	0.0480496706	0.0057919175	-0.0010126161	0.0516281471	-0.0008583442	0.0284157185	0.0075797547	0.0150186253	-0.0256763606	-0.0626594925	0.0095680696	0.0672219281	-0.0350630556	0.0084420056	0.0556242482	0.0621199106	-0.0388554121	0.022181118	0.0374626929	-0.0595458259	0.1180786267	0.0307789383	0.0333931954	0.065094622	0.026368773	0.0599878067	-0.0336226605	-0.0763511193	0.000322727	-0.0206336843	-0.0249681362	-0.0371314953	-0.0354862037	0.0146185401	-0.0118578424	-0.0708123157	0.0383687836	-0.0474358873	0.0258174934	0.0802303266	0.0116042855	0.0335940116	0.0459212293	0.0201021093	0.0344930185	-0.0265893154	-0.0594824318	0.0301242813	-0.1287148288	-0.0087826422	0.0242850175	0.0153359866	0.126764744	-0.0319261855	-0.0204396838	-0.0216048352	0.0293796266	0.0411003936	0.0382441873	-0.0199076252	0.0241623344	0.0312612552	-0.0384905616	0.0676987852	0.024324017	0.0386424622	0.0820064286	-0.0941349612	0.0252833767	0.0102652068	0.0047924615	0.0078032153	-0.0015081947	0.0277775692	0.0371974871	-0.0131820647	0.0360868073	0.0267691899	-0.0032058599	-0.0744157659	0.0539958877	-0.024008292	-0.0102334157	0.0426618292	-0.0675308461	0.0804338397	-0.0790844839	-0.0439579433603398	0.0029934081172484	0.0019323007844708	8.9604921564092e-06	0.2683379098297962	-0.0005478085172966	3.000941716227962e-07	0.0720052338518238	-0.2696439374245472	0.0051839133374684	0.0727078529898131	2.687295749038304e-05	-0.0058782001843583	-0.0006263123693954	3.455323740738996e-05	3.922671840576801e-07	0.0021587943932428	0.0005427868419581	4.66039323229655e-06	2.946175558028477e-07	-0.0026441839289385	1.7096913737300098e-05	2.923044593406808e-10	6.991708650056642e-06	0.0	0.0	0.0	0.0	0.0	0.0	0.0	0.0	0.0	0.0	0.0	0.0	0.0	0.0	0.0	0.0	0.0	0.0	0.0	0.0	0.0	0.0	0.0	0.0	0.0
2208.2442666900106	6.099660980781209	37.20586408046479	4876342.741369302	2482.8486410112523	-19.008970346023943	6164537.374171423	361.34095361601766	2360.073343028193	4.904004304305545	5569946.18447227	24.04925821664731	2395.972817722756	1679.971722777589	1.032375	27.274084	0.057169876839925	0.0346078837964148	-0.015926117	0.0104705945	-0.0267919513	-0.0345548855	0.0280536739	0.0403317932	-0.0111964773	0.027822193	-0.049598066	0.0426862294	-0.0369053715	0.0398216024	-0.0755392553	0.0481818603	0.0017945833	-0.0219699587	0.0140571505	0.0134789295	-0.0238055414	0.0525324048	-0.0435448014	0.0572604662	-0.0209397842	0.0537287072	-0.0156911383	0.0123384844	0.0258206038	0.0330231722	-0.0782054482	-0.1103654552	-0.0620503862	0.0314972964	0.079673334	0.0597007462	-0.0678501736	-0.0804699685	-0.0353265175	-0.0417005988	6.75082e-05	-0.0483432511	0.0200106656	-0.0517054535	0.0054484679	-0.0244805933	0.0017857221	0.0268939471	0.0271624787	-0.0325607533	-0.0420115057	-0.0533650843	-0.0426598339	-0.0387850339	-0.0778578531	0.0657177946	0.0042038588	0.0390623979	0.0066862951	-0.0699188637	0.0628216111	0.0157210203	0.0655645497	0.0425091642	-0.0601695944	0.0557106957	0.1227322688	0.0469859543	0.0392080042	-0.03087514	-0.0205312985	-0.001032217	0.0071928334	0.0311603928	-0.0375658838	-0.0382694289	-0.0274601626	0.0618028941	-0.0869705457	-0.0282492669	0.0005403167	0.014027097	0.050975418	-0.0629442608	0.0030061003	0.0132559247	0.0030938318	0.0120452058	0.0196897741	0.0084231224	-0.0438992663	0.0022433641	0.061885267	0.0128755383	-0.0747635377	0.0552666915	-0.0264477464	-0.0068322673	0.0389598496	-0.0645158866	0.0791897184	-0.0805062393	-0.0395846781493673	0.0043732652109724	0.0015669467441889	1.9125448605502325e-05	0.2682736820588474	-6.422777094883259e-05	4.125206561055703e-09	0.0719707684854115	-0.3004905575324059	-0.0308466201078587	0.0902945751661361	0.0009515139720785	-0.0058771889279445	1.0112564138003294e-06	3.454134969475342e-05	1.022639534452303e-12	0.002258786378068	9.999198482519992e-05	5.102115901745555e-06	9.998397029283011e-09	-0.0029808959627024	-0.0003367120337638	1.1337499368142174e-07	8.885740740455467e-06	0.0	0.0	0.0	0.0	0.0	0.0	0.0	0.0	0.0	0.0	0.0	0.0	0.0	0.0	0.0	0.0	0.0	0.0	0.0	0.0	0.0	0.0	0.0	0.0	0.0
2189.9797675019786	-18.264499188032005	333.59193058962177	4796011.38206802	2485.8340208139	2.9853798026479126	6179370.779035802	8.91249256605809	2341.900861988897	-18.172481039296144	5484499.647384338	330.23906712357785	2377.1735524182723	1617.1526400446178	1.602699	42.341339	0.5378325299089972	0.2682562062311294	0.0710484401	0.0839990321	0.0264462421	-0.0988283067	0.0122515661	0.0237385206	-0.0132027529	0.0134236248	0.0478917158	0.0117860491	0.0102917303	0.0659075335	0.1018263727	0.1187963775	-0.0039931117	0.064224646	-0.0063555602	-0.2168344085	-0.015205899	0.0140182416	0.0514248277	-0.0050037684	-0.042162247	-0.0846298465	-0.0908423574	-0.1563068055	0.0388365794	0.041575328	-0.033583733	-0.0196526528	0.0360125067	0.0857912276	-0.0482434886	0.0547124549	-0.050685679	0.1364002844	0.0019755693	-0.0846578719	-0.1270377263	0.0324096477	0.122729912	-0.0266426005	-0.0239496464	0.0323897199	-0.0981360702	0.0501047406	-0.212415606	-0.0439345927	0.0907586798	-0.1027081036	0.0482402591	-0.076225826	0.1272037674	-0.0528386213	0.0779070439	-0.1072992777	0.1042808743	-0.0451616174	-0.046514351	0.0082764431	0.0553147874	-0.1122871912	0.0205409166	0.0336322812	0.056856325	0.0079877145	-0.0688936128	0.051980564	0.1088161317	-0.0457234494	0.0382653915	0.0208581402	0.2211196004	0.1083270019	0.1072553046	0.0135516222	0.0653793176	0.1075671694	0.0489603555	0.0269450636	0.1353661235	0.295215685	0.0688749884	-0.0453565572	-0.2814603799	-0.0909816847	-0.1004532325	-0.0526141619	-0.0561898046	-0.1052571155	-0.0422902969	-0.0616603358	-0.0751031108	0.0565132535	-0.0288611001	-0.0034191328	0.0351510839	-0.0612463124	0.0775202656	-0.0813633012	-0.054570558876918	-0.0149858807275507	0.0029779458961391	0.0002245766211803	0.3154663766512868	0.0471926945924394	0.0022271504228952	0.0995190347974915	-0.1779979015751038	0.122492655957302	0.0316832529651403	0.0150044507634739	-0.0016459903568436	0.0042311985711009	2.7092842548221216e-06	1.79030413480863e-05	0.0028270932450265	0.0005683068669585	7.992456216074466e-06	3.229726950321862e-07	-0.0007171754281277	0.0022637205345747	5.124430658655165e-06	5.143405947101497e-07	0.0	0.0	0.0	0.0	0.0	0.0	0.0	0.0	0.0	0.0	0.0	0.0	0.0	0.0	0.0	0.0	0.0	0.0	0.0	0.0	0.0	0.0	0.0	0.0	1.0
2203.364652526619	13.384885024640424	179.15514712284352	4854815.792003749	2464.2923155827307	-21.541705231169544	6072736.6166400965	464.0450642665973	2352.77842546546	10.877563476562957	5535566.319335728	118.32138718665637	2384.006411119568	1638.2131214256058	1.379857	36.454124	0.4837966342698586	0.2579815569515714	0.0227190581	0.0360100093	0.0218414018	-0.1433624787	-0.0204277674	0.0331441356	-0.0121257617	0.0965116533	-0.0375738368	0.0310800495	0.0757206055	-0.021037785	0.0256135171	0.063583873	0.0141602189	0.0317566058	0.017739948	-0.083309077	-0.0905627193	-0.2098166817	0.0750482149	-0.1630395516	0.0741308718	-0.1000568632	0.058466623	-0.1987163923	0.020270003	0.0587736096	-0.0813967153	-0.0142192675	-0.2056990447	0.1070565717	-0.0290505971	-0.0121161714	0.072212017	0.1084214136	-0.0232231493	-0.0919247562	-0.0546150657	0.0453303426	0.040118361	0.1173440749	-0.03634646	0.0087302916	-0.0531331749	0.028565943	-0.1172623992	0.0234088082	0.1803364376	0.2036427201	0.0061651304	0.0542909582	0.0376667377	-0.0454694693	0.0615449916	-0.2174476507	-0.0348781414	-0.0015809434	0.1836390871	-0.1042289302	0.0963703663	-0.1074760084	0.0905102822	-0.1334907558	0.1398115026	0.0007398595	0.0113774437	0.0075578156	0.05878429	-0.0307830551	0.0391317818	0.0134891297	0.1148055609	0.0078767728	0.0115343367	0.050155845	-0.0006982735	-0.0463174396	0.1265332135	-0.0239622407	-0.0083632977	0.0904574585	0.0888786807	-0.0224400092	-0.1359154318	0.0755363887	-0.0654094438	-0.1338157183	-0.0156193993	-0.0594214848	-0.0792795443	-0.0082935482	-0.0754344479	0.0577350269	-0.0312459714	-0.0	0.0312459714	-0.0577350269	0.0754344479	-0.0816496581	-0.0382905991724129	0.0162799597045051	0.0014661699849823	0.0002650370879803	0.3068553678855181	-0.0086110087657687	7.414947196414542e-05	0.0941602168001566	-0.3708232601737435	-0.1928253585986397	0.1375098902858838	0.0371816189186939	-0.0046220260545719	-0.0029760356977283	2.1363124849141488e-05	8.856788474153172e-06	0.0021219603239626	-0.0007051329210639	4.502715616471461e-06	4.972124363681086e-07	-0.0023576129533544	-0.0016404375252267	2.6910352741719003e-06	5.558338837824456e-06	0.0	0.0	0.0	0.0	0.0	0.0	0.0	0.0	0.0	0.0	0.0	0.0	0.0	0.0	0.0	0.0	0.0	0.0	0.0	0.0	0.0	0.0	0.0	0.0	0.0
2211.709907616412	8.345255089792772	69.64328251371217	4891660.7154485965	2512.3021668391443	48.00985125641364	6311662.17750466	2304.9458176629623	2357.061977884044	4.28355241858435	5555741.167586642	18.348821322759832	2390.398891897357	1669.6281803884906	1.4282	37.731293	0.1366916688158781	0.073984716860867	-0.020102063	0.0289554351	-0.0061050644	-0.078346229	-0.0120175867	0.0043818922	-0.0716868453	-0.016498294	-0.0175258479	0.021732715	0.0222517553	-0.0429419362	-0.0043793078	0.0257865904	-0.0046288495	-0.0002909725	0.0135968567	0.0701537883	0.0298117988	-0.1833581055	0.0319250988	-0.2122768959	-0.1406493248	-0.1206499748	0.049382922	0.0282106629	-0.1451311684	-0.06832049	-0.0761643653	-0.0528234623	0.0883318541	-0.1052873112	0.0073365323	-0.2311728812	0.0012519354	-0.0046932142	-0.1134303928	-0.0017868006	0.1358958686	0.0518542947	-0.0529348711	0.0188908259	0.0021808137	-0.0041232973	-0.000472097	-0.0637034853	0.1249995795	-0.0637667238	0.1898996605	0.1013704088	0.0783441902	0.1404492426	0.1088917763	-0.0154381704	-0.0297023774	-0.108083194	-0.0702620928	0.0052604807	0.0229786715	0.1224172566	-0.0751499055	0.0855883085	0.1298406962	0.124989051	-0.1776269978	0.0372229281	0.1381887681	0.0597759827	-0.0077217132	-0.0185549873	-0.0193969569	-0.0243578854	-0.0561714392	-0.0969464375	-0.0343885372	-0.0315234088	-0.0299204931	-0.067087879	0.0299718664	-0.0498860845	0.0184320913	-0.1587663306	-0.0655721161	-0.1421642768	0.0120714384	0.1093267811	-0.2022892663	-0.0122570973	-0.0566037921	-0.042398094	-0.0931143749	-0.0299963699	-0.0757575129	0.0589314758	-0.0336000067	0.0034191328	0.0272552159	-0.0539958877	0.0729434684	-0.0813633012	-0.0496642607164545	-0.0113736615440416	0.0024665387925119	0.0001293601769184	0.2896924382907713	-0.0171629295947468	0.0002945661522742	0.0839217088028523	-0.3397626760209888	0.0310605841527547	0.1154386760169434	0.0009647598879103	-0.0054081990958948	-0.0007861730413228	2.9248617460837328e-05	6.180680509028972e-07	0.0028598552837539	0.0007378949597913	8.178772244015098e-06	5.444889716854043e-07	-0.0023397910839819	1.78218693725001e-05	3.1761902793045713e-10	5.474622316681194e-06	0.0	0.0	0.0	0.0	0.0	0.0	0.0	0.0	0.0	0.0	0.0	0.0	0.0	0.0	0.0	0.0	0.0	0.0	0.0	0.0	0.0	0.0	0.0	0.0	0.0
2216.066958321044	4.357050704632002	18.983890842734223	4910952.763762283	2516.9783507389807	4.67618389983636	6335180.018088719	21.86669586508879	2364.042234337848	6.980256453804032	5588695.6857330855	48.723980160872834	2397.862505121214	1667.2522911985477	0.994855	26.282848	0.1170961017166881	0.0510946393067739	-0.0154111404	0.0537255789	-0.009576606	-0.0959221885	-0.0352642411	0.0328046762	-0.0846586767	-0.0231192861	-0.0078353179	0.0595068662	0.05219817	-0.0388433905	0.0534604052	-0.0242591868	-0.0142701899	-0.0102795762	0.0377122704	0.0650657456	-0.0649417735	-0.1814548367	0.0602320874	-0.1061281139	-0.060953373	-0.153695433	0.0109419281	-0.0890658839	-0.1100333622	-0.0544590693	-0.0153478377	-0.0384172126	0.042820858	0.0184081724	-0.05856824	-0.0571120629	-0.0898793099	0.0366912799	-0.0213444301	-0.0843208279	-0.0021596763	0.0396041416	0.0083810318	0.05630242	0.0035465839	-0.0273087677	-0.0277829973	0.0251800363	0.0757705342	0.0072930107	0.1420694712	0.1788898985	0.0274035919	0.086106198	0.0997994474	-0.0010816961	0.0034523355	-0.1534018466	0.0651174297	0.0213489042	0.0463318691	0.0514001563	-0.0363706535	0.0496067527	0.0478779353	0.0877951008	-0.0655461156	-0.0119958692	0.0105560916	-0.0613175543	0.0181825746	-0.0284725572	-0.0042450579	-0.0240511255	0.0368558721	-0.0854562342	0.0129768505	-0.0247627097	-0.0059170293	-0.0636762312	0.089849941	-0.0354319048	-0.0393899497	-0.0408272902	-0.0281904756	-0.1160234251	-0.0372695927	0.0467883376	-0.1111504762	-0.0334951921	-0.0428526451	0.0155305431	-0.1118278225	-0.0510037832	-0.0760722702	0.0601020755	-0.0359208828	0.0068322673	0.0231897558	-0.0500436514	0.0700607062	-0.0805062393	-0.0368159313646998	0.0128483293517547	0.0013554128022502	0.0001650795671311	0.3170364940727097	0.0273440557819383	0.0007476973866057	0.1005121385739152	-0.3752872053553489	-0.03552452933436	0.1408404865034278	0.0012619921844278	-0.004993194180405	0.0004150049154897	2.4931988123230363e-05	1.7222907988069565e-07	0.0030969311684017	0.0002370758846478	9.59098266181792e-06	5.6204975081537034e-08	-0.0021642881391468	0.0001755029448351	3.0801283645792166e-08	4.684143149251517e-06	0.0	0.0	0.0	0.0	0.0	0.0	0.0	0.0	0.0	0.0	0.0	0.0	0.0	0.0	0.0	0.0	0.0	0.0	0.0	0.0	0.0	0.0	0.0	0.0	0.0
2220.7569749348745	4.690016613830721	21.996255838008185	4931761.541721894	2534.495403232859	17.51705249387851	6423666.949008494	306.8471280732953	2366.6737063864	2.631472048552041	5601144.4325007405	6.924645142310676	2407.98885782804	1764.0735088142806	1.23267	32.565632	0.1270778498330154	0.0587587329057205	-0.0395175339	0.0450726029	-0.1155658482	0.0299134251	-0.0248014673	0.0720559762	-0.0936774386	-0.1675413744	-0.0447915116	0.0719306867	-0.026242453	-0.0250570523	0.0196272285	-0.054904971	-0.0196253942	-0.0352338913	-0.0331242846	0.093857957	-0.1098044993	0.0825624011	0.0084986983	0.0672592142	0.0132291936	0.056032809	-0.0479198673	0.0392645331	0.036646664	-0.0522394741	-0.0019705866	-0.0092371284	0.0750807781	-0.053317645	0.0821663975	0.0794506665	-0.0940860664	-0.0297580856	-0.1294386571	-0.1599612608	0.0098946996	-0.0810809289	0.0009547602	-0.047497144	0.02570893	-0.0351035435	0.017169525	0.1781171636	0.0824466556	0.0373909515	-0.036587216	-0.0624584803	-0.000671978	-0.0446396902	0.0257844301	-0.0323034989	-0.0162027657	0.0336136414	0.0260760552	-0.0482809234	-0.0513337819	0.0598211249	-0.0490291903	0.1379646751	-0.0440713563	0.0398487859	0.009024991	-0.019514156	0.0113714329	-0.0723622816	-0.0219301091	-0.0005341736	-0.0122651304	-0.002999906	0.0190365635	-0.084118623	0.0025691827	0.0797979063	-0.136934245	0.0436873971	-0.0229555134	-0.0522515098	-0.0767325421	-0.0525947463	-0.1104643941	0.0031893407	-0.0136713905	-0.0806351236	0.0290250595	0.042909772	-0.1000947424	0.0079821068	-0.0232463673	0.0032344147	-0.0763786853	0.0612463124	-0.0382063093	0.0102334157	0.0190607341	-0.0458939156	0.0668016447	-0.0790844839	-0.059230026392214	-0.0224140950275142	0.0035081960264223	0.0005023916559024	0.3139274828290155	-0.0031090112436941	9.665950913416776e-06	0.0985504644753618	-0.402241647243521	-0.0269544418881721	0.1617983427771812	0.0007265419375028	-0.005916057565725	-0.0009228633853199	3.499973712097201e-05	8.516768279642896e-07	0.00350195600079	0.0004050248323883	1.2263695831469092e-05	1.6404511485117062e-07	-0.0020001703233824	0.0001641178157643	2.693465745127744e-08	4.000681322539655e-06	0.0	0.0	0.0	0.0	0.0	0.0	0.0	0.0	0.0	0.0	0.0	0.0	0.0	0.0	0.0	0.0	0.0	0.0	0.0	0.0	0.0	0.0	0.0	0.0	0.0
2187.783422745876	-32.97355218899838	1087.2551439606	4786396.304841661	2487.018592492858	-47.47681074000138	6185261.479405155	2254.04755804191	2354.1607755578084	-12.512930828591834	5542072.957174942	156.5734379211239	2396.263708297426	1756.8509910720552	1.39656	36.895412	0.1354890133411016	0.0687101867996039	0.0339521202	-0.0069785714	-0.1391741785	0.1274153331	-0.0671217321	0.089485006	0.0549424148	-0.1957719262	0.0235660412	0.0866744086	-0.0125662819	0.0112595195	-0.0876593538	-0.0681415369	-0.0510410002	0.0279126471	-0.0786040206	0.0507330852	-0.059530808	-0.0867628422	0.0091938713	-0.0047703352	0.0563461256	-0.0524257617	-0.0188112054	0.0491457194	0.0133842862	0.0193245371	0.097968175	0.0889437873	-0.0311408608	-0.1205749616	-0.003344889	0.0157638756	-0.0903180796	-0.0006759092	-0.0051570386	-0.0237386112	0.0107607303	0.004340976	-0.0239649384	-0.0652785016	0.0852904693	0.0678190326	0.0705123359	0.1232199613	0.0497041114	0.008739356	-0.0395615263	0.0708910815	0.1254133408	0.0192714587	-0.0033084311	-0.0894917171	-0.0656641185	-0.019132661	-0.0436235316	0.1418281676	-0.0011021995	0.0389213795	-0.098206813	0.0498055777	-0.0005144979	-0.0484830684	0.0046665671	-0.0447468663	-0.0874934747	-0.0533096572	0.0093299878	-0.0303250837	0.0185241022	-0.054422687	-0.0191427942	-0.0376257739	0.0094307286	-0.0100209321	-0.0470070305	0.0885948945	0.0243144926	-0.0474382439	-0.1115329302	-0.086630522	-0.1539157607	0.0946821852	-0.0295717846	-0.047133245	0.013129689	-0.1363899638	-0.0214415726	0.0156492406	-0.0692119199	0.0305770618	-0.0766767246	0.0623636846	-0.0404540309	0.0136166111	0.0148794683	-0.0415630576	0.0631837885	-0.0771080077	-0.0362701575811428	0.0229598688110712	0.0013155243309609	0.0005271555758216	0.2878536358709453	-0.0260738469580701	0.0006798454951928	0.0828597156841227	-0.3448999005829307	0.0573417466605903	0.1189559414221154	0.0032880759100873	-0.0054992902778362	0.0004167672878887	3.0242193559903748e-05	1.7369497225418575e-07	0.0035488645418784	4.69085410883998e-05	1.2594439536601783e-05	2.200411227042092e-09	-0.0021187655126326	-0.0001185951892501	1.4064818913290682e-08	4.489167297521284e-06	0.0	0.0	0.0	0.0	0.0	0.0	0.0	0.0	0.0	0.0	0.0	0.0	0.0	0.0	0.0	0.0	0.0	0.0	0.0	0.0	0.0	0.0	0.0	0.0	0.0
2167.3542928554098	-20.42912989046636	417.34934808154594	4697424.630758774	2438.2050225556786	-48.81356993717918	5944843.732015737	2382.764610011883	2351.912846440854	-2.2479291169543103	5531494.03725352	5.053185314850985	2387.574144580696	1625.7115160548044	1.206381	31.871113	0.1075667621085456	0.0697259979154301	0.0934157436	-0.0966338014	-0.0227968659	0.0978433872	-0.040715261	0.0652749916	0.162709387	-0.1110712129	0.093788453	0.0157999518	-0.0189776604	0.0234361798	-0.1463995309	-0.1000407688	-0.0479210231	-0.0011823771	-0.1120946338	0.081320935	0.0605439971	-0.0312162453	-0.0048156981	0.0715615753	-0.0074768064	-0.0645390288	0.0050084237	0.1032723259	0.0054103258	0.0679166964	0.0475477954	0.0202428562	-0.0573494646	-0.0375025969	0.0023090947	-0.0279797958	-0.0991081043	-0.0322983187	-0.0205156578	0.1308152589	-0.0176098606	-0.0013780901	0.0217937098	0.0344418153	0.1000313599	0.0739459491	0.1211996516	-0.0191717173	0.0769061007	-0.0216257114	-0.0560411521	-0.0138939226	0.1068070864	-0.0109315778	-0.0839774387	-0.0087602844	-0.1661290363	-0.0055803743	-0.0280801676	0.0691664103	0.0627589394	0.0256120751	-0.0606722662	0.0236445161	-0.0500663918	-0.0177354551	-0.0280805379	-0.0081028461	-0.0562880005	0.0406406369	-0.0108460666	-0.017638175	0.0468605306	-0.1030560502	-0.0740067593	0.0383224855	0.0041669917	-0.0179041376	-0.0061885845	-0.0118610903	-0.0066472652	-0.0623620678	0.0091963431	-0.1015534196	-0.1189325648	0.1016413935	-0.0087587316	0.0017403737	-0.0010693468	-0.1504148481	-0.0325172069	0.0063597616	-0.0407006253	0.0349007472	-0.0769663555	0.063453702	-0.0426618292	0.0169759185	0.010657419	-0.0370681691	0.0592265694	-0.0745906743	-0.0374240684520685	-0.0011539108709257	0.0014005608995051	1.331510298040509e-06	0.2764408877193602	-0.0114127481515851	0.0001302508203715	0.0764195644030679	-0.2751360776604059	0.0697638229225248	0.0756998612303529	0.0048669909887653	-0.0056851430492206	-0.0001858527713844	3.2320851490101303e-05	3.454125263126212e-08	0.0032549846054772	-0.0002938799364012	1.0594924781893562e-05	8.636541701917337e-08	-0.002093772617148	2.4992895484599823e-05	6.246448247041301e-10	4.383883772318786e-06	0.0	0.0	0.0	0.0	0.0	0.0	0.0	0.0	0.0	0.0	0.0	0.0	0.0	0.0	0.0	0.0	0.0	0.0	0.0	0.0	0.0	0.0	0.0	0.0	0.0
2157.468667776643	-9.88562507876668	97.72558319794072	4654671.052437923	2410.8913451237463	-27.31367743193232	5812397.077992586	746.0369748556489	2343.7519146463146	-8.160931794539465	5493173.037408265	66.60080775512513	2374.952327790355	1574.7247629862345	0.975941	25.783161	0.0558882089662661	0.0261479708683388	0.1381072076	-0.0723900682	0.0325218446	0.0684630067	-0.0332049576	0.0043110612	0.1979653464	-0.0386839152	0.0864914182	0.0035979926	-0.031330324	0.018736427	-0.0814433975	0.0195564981	-0.0514819967	0.0254552847	-0.1119202589	-0.0244607259	0.0830156097	-0.0218102578	-0.0416194118	0.0098980785	0.0186693245	0.0082128254	0.0281708908	0.0028967507	-0.1090402335	-0.0334522603	0.0332381703	-0.0162530523	-0.0331142433	-0.0521391627	-0.0227784124	0.0058067146	-0.0032363312	-0.0075754878	-0.0644946094	-0.0893851961	-0.1045450716	-0.006378145	-0.01674137	0.0116994182	0.0714721665	0.0844857521	0.0778331515	-0.0694526836	-0.0501931764	-0.0124374582	-0.0335253654	0.0158598777	0.0283626259	0.0513500505	-0.0151938643	0.0404132578	-0.0366725339	-0.0564499038	-0.036538891	0.0244351211	0.0148157995	0.0830893217	-0.0534009504	0.0954694504	0.0433205204	-0.0801356401	0.0918879113	0.0004357002	-0.008573379	0.0461517308	0.0250523513	-0.0493610992	0.0489292339	-0.1200763145	-0.0762781317	0.0741534434	-0.0242873036	-0.041178805	0.0426800457	-0.0203152734	-0.0077352259	-0.051355345	0.013312527	-0.0391841784	0.0045806221	0.0587058616	-0.0456580764	-0.0236325463	0.1039537654	-0.0764695955	0.0448252689	0.0055517592	-0.0895008684	0.0220210038	-0.0772475461	0.0645158866	-0.0448275254	0.0203054443	0.0064061583	-0.0324269895	0.0549512416	-0.0715501408	-0.0232462506312884	0.01417781782078	0.0005403881684126	0.0002010105181592	0.2864816492572686	0.0100407615379083	0.0001008168922611	0.0820717353611646	-0.2826694864519936	-0.0075334087915877	0.0799020385710337	5.67522480211709e-05	-0.0058639723309947	-0.000178829281774	3.438617149867141e-05	3.19799120198404e-08	0.0029810831729908	-0.0002739014324864	8.886856884288896e-06	7.502199471810193e-08	-0.0020637789150887	2.999370205929988e-05	8.996221632220497e-10	4.259183410364692e-06	0.0	0.0	0.0	0.0	0.0	0.0	0.0	0.0	0.0	0.0	0.0	0.0	0.0	0.0	0.0	0.0	0.0	0.0	0.0	0.0	0.0	0.0	0.0	0.0	0.0
2169.65360642877	12.18493865212713	148.47272995610172	4707396.771889369	2412.143256344013	1.2519112202667202	5818435.089125899	1.5672817034297084	2344.881984544837	1.130069898522379	5498471.521442933	1.2770579755463798	2373.068742362328	1537.4372984743404	1.200566	31.717491	0.0529857722682579	0.0246545193536649	0.0633799959	-0.0714520921	0.1223971165	0.0115501667	0.0619292226	-0.0729395038	0.1405918063	0.0622164112	-0.0186378208	-0.0453125034	0.0387716443	0.0050789333	0.0545088539	-0.0062461569	-0.003955682	0.028047574	-0.0461289427	-0.0353467783	0.1427723244	0.0307884387	-0.0323566539	-0.0232232997	-0.027480001	0.0083682461	-0.0027926697	0.009940291	-0.1118892547	0.0490965043	-0.0232882291	-0.1155576655	-0.0140648108	-0.0105711297	0.0745776681	0.0599205711	-0.0091207391	0.0577789588	0.0099635152	0.0399551094	0.0243000168	-0.0775954986	-0.0121142105	-0.0436575504	0.0262746311	0.0591924356	0.0387196382	-0.1455098233	-0.0609614396	0.0683528199	0.0461695248	-0.0795897838	-0.0139408596	-0.0146304736	0.0156507359	0.0590486637	0.0294303452	0.0030110223	-0.0675226236	0.0219279583	0.0250230766	0.0488254594	-0.0401711767	-0.0360719911	-0.0351343678	0.0462131817	0.069970795	0.1301583372	0.0024364119	0.0773182587	-0.0087504776	0.0086069495	0.0219240603	-0.0885318382	-0.0522619413	0.0961123032	0.0135652589	-0.0044996914	0.0761184906	-0.0437675639	-0.0280657221	-0.0975381697	0.065643687	0.0018720965	0.0546079941	-0.012551894	-0.0388075746	0.0290938443	0.0293005092	-0.0113234734	-0.0398507921	0.0011750113	0.0628555554	-0.034162359	-0.0775202656	0.0655497724	-0.0469489822	0.0235993474	0.0021373389	-0.0276578354	0.0503807682	-0.0680077345	-0.0350409921548475	-0.0117947415235591	0.001227871131196	0.0001391159276075	0.276659060635879	-0.0098225886213896	9.648324722505296e-05	0.0765402358319269	-0.2782495391561994	0.0044199472957942	0.0774228060406373	1.953593409759848e-05	-0.005741982623414	0.0001219897075807	3.297036444758832e-05	1.4881488755624711e-08	0.0032917675881358	0.000310684415145	1.0835733854301383e-05	9.652480581399089e-08	-0.0021700746889133	-0.0001062957738245	1.129879153297044e-08	4.709224155462155e-06	0.0	0.0	0.0	0.0	0.0	0.0	0.0	0.0	0.0	0.0	0.0	0.0	0.0	0.0	0.0	0.0	0.0	0.0	0.0	0.0	0.0	0.0	0.0	0.0	0.0
2185.9627240284567	16.309117599686488	265.9873168804036	4778433.030841911	2429.467574390013	17.324318045999917	5902312.695012493	300.1319957589584	2347.7586072838826	2.876622739045615	5511970.478075556	8.274958382794297	2379.051808472784	1625.3946559837475	1.390766	36.742336	0.3181142420877277	0.1849713232285944	0.0723954029	0.0538205719	0.0650581679	-0.0027638002	-0.0732011901	-0.0848324777	0.0933713051	0.0975803893	-0.0215841004	0.0874277998	0.0322991259	-0.0318444896	-0.002911947	-0.0321324659	-0.0287666316	0.0149856268	0.0674853594	-0.0373049962	0.1784738182	0.0055696077	0.0202996224	0.0636799874	0.0814925306	-0.0083067939	-0.0443048034	-0.0647117703	-0.1090294098	-0.1043778044	-0.0353948313	0.0216341125	0.0620898544	-0.0692565657	-0.0959468443	0.0095247372	-0.0032769905	-0.0399064481	0.0131870816	0.1714260853	0.0228425333	0.0717202738	0.0162753628	0.050549769	0.0261395325	0.0197729264	-0.0273064464	-0.1709065431	-0.0224188163	0.0178216241	-0.0389525685	0.0259218019	-0.0519891838	-0.1719463817	-0.0774137035	0.0185053858	0.060832658	-0.0447903046	0.0146031359	0.1415422442	-0.0435946836	0.0460220242	-0.0246550811	0.0537914136	0.0869738269	0.0601848434	-0.0531593622	-0.0260984337	0.0676113103	-0.0094317373	0.0752645118	-0.0605229493	-0.0447166596	-0.0712463321	-0.0234761691	-0.0096732346	0.0221935127	-0.0687774065	0.0431968613	-0.0944659538	-0.0504311798	-0.0451603148	-0.0085920973	-0.0050537595	0.078689724	0.0476783043	-0.020452349	-0.1495173917	0.1375288473	0.0478706478	-0.0241989448	-0.1073832172	-0.0890559952	-0.0579341556	-0.0777844842	0.0665549058	-0.0490241061	0.0268518493	-0.0021373389	-0.0227795284	0.0455396975	-0.0639883028	-0.0295047614796999	0.0055362306751476	0.0008705309499739	3.06498500884453e-05	0.3366657251178679	0.0600066644819889	0.0036007997822539	0.1133438104691398	-0.3978199235468906	-0.1195703843906912	0.1582606915708539	0.0142970768233376	-0.0036904270026135	0.0020515556208004	1.3619251461618864e-05	4.208880465238123e-06	0.0027571566541699	-0.0005346109339659	7.601912815633357e-06	2.858088507158923e-07	-0.0022439273849449	-7.38526960316001e-05	5.45422071113592e-09	5.035210108905657e-06	0.0	0.0	0.0	0.0	0.0	0.0	0.0	0.0	0.0	0.0	0.0	0.0	0.0	0.0	0.0	0.0	0.0	0.0	0.0	0.0	0.0	0.0	0.0	0.0	0.0
2197.381832884938	11.419108856481216	130.39604707616775	4828486.919492769	2468.677162739768	39.209588349755	6094366.933832871	1537.3918185572427	2354.8614419024925	7.102834618609904	5545372.410559086	50.450259619323305	2388.0900936299163	1649.0325302032654	1.016621	26.857885	0.1053778880828692	0.0542682875621848	0.0513425669	0.0837686916	0.0320713727	-0.0323979404	-0.0827504951	-0.0837806546	0.050630467	0.061977587	0.0213214176	0.1038143762	0.0543351634	-0.0517962944	0.0066420724	-0.0060864769	0.0004865049	0.0023887221	0.0102766738	0.0118055653	0.0828163312	0.0425608064	0.0220695521	0.0732832568	0.003031223	0.0250962153	-0.0242347843	-0.0384252895	-0.0590861723	-0.0389143686	-0.0756872898	0.0351103941	0.0450650147	0.0024729326	0.0515423498	-0.0100047794	-0.0842199821	0.0232843556	0.0215610877	0.0319470647	-0.0709858993	0.0744652482	-0.012004159	0.0908798439	0.0103863488	-0.0022436196	0.00657377	-0.0723819301	0.0128953195	0.0175262705	-0.0312666946	-0.0120491307	-0.0896818431	-0.1003381215	-0.0173169705	0.081832268	0.0367957254	-0.0247104573	-0.0099793523	0.0166737491	-0.0022999241	0.0462468038	-0.0308493893	0.0342618379	-0.014067722	0.0185901079	-0.0426888171	-0.010467341	-0.0279506433	-0.0743201749	0.0653209115	-0.0812094078	-0.0585007106	-0.0619177514	-0.0233371772	-0.0529420295	-0.0063454574	-0.0151391235	0.0184039132	-0.0763673978	-0.0257739044	-0.0757011659	0.0200176535	-0.0097470648	0.0461082901	-0.0156715164	0.0080211338	-0.0659778923	0.1028423329	-0.0169248352	-0.0093476056	-0.0610117347	-0.0376492846	0.0047929203	-0.0780401729	0.0675308461	-0.0510508491	0.0300572439	-0.0064061583	-0.0178113211	0.0404540309	-0.0595200392	-0.0395946823477686	-0.0100899208680686	0.0015677388702206	0.0001018065031238	0.3114475289417413	-0.0252181961761265	0.0006359574183776	0.0969995632839168	-0.3563252263771517	0.0414946971697389	0.1269676669527284	0.0017218098932083	-0.0040961130883798	-0.0004056860857663	1.6778142432796305e-05	1.6458120018438178e-07	0.0025946194752934	-0.0001625371788764	6.732050221571798e-06	2.6418334517131332e-08	-0.0022472055976808	-3.278212735900298e-06	1.0746678741818918e-11	5.0499329982479225e-06	0.0	0.0	0.0	0.0	0.0	0.0	0.0	0.0	0.0	0.0	0.0	0.0	0.0	0.0	0.0	0.0	0.0	0.0	0.0	0.0	0.0	0.0	0.0	0.0	0.0
2191.4740920482377	-5.9077408367002135	34.90140179361534	4802558.696118648	2488.1027253563725	19.42556261660457	6190655.171925808	377.35248297162485	2355.1814299873686	0.3199880848760585	5546879.568157346	0.1023923744626476	2390.3853064428404	1654.7528178323528	0.987618	26.091646	0.1537552421191059	0.0791737496262699	0.0308188586	0.0121082287	0.0248551595	0.001298891	-0.0181962259	-0.0408532155	0.0488599455	-0.0297068209	0.063617265	0.0557523465	0.0367859687	0.0220896107	0.0150934527	-0.0791184073	-0.0084526485	-0.0156225009	-0.0073131652	-0.0036798398	0.0481391185	-0.0139728364	6.47406e-05	0.0183922238	0.0447413913	0.0301942273	-0.090922559	-0.0386457183	-0.0106200568	-0.0170501554	-0.0587083211	-0.0245521233	-0.016625783	-0.0471223107	0.0762936423	-0.1167325569	-0.0169678302	0.0330300971	-0.0975418556	-0.0236641655	-0.0736636947	-0.0126369744	-0.0063256596	0.0173721577	0.0179924621	-0.0060091983	0.0150791553	-0.0323008076	0.0016975566	0.0614845583	0.070773538	-0.0439628027	0.0233923407	-0.0732501679	-0.0165912629	0.0145276929	0.0177669181	-0.0680836683	-0.0109056842	-0.0983578677	0.0070945673	0.0960065557	-0.0431247681	0.0734501372	-0.0013973291	-0.0576334786	0.0272174515	-0.041906692	-0.0278112761	0.0598364341	0.0143952514	-0.0323381783	-0.0214360937	-0.0327550064	-0.0138695647	0.0080145932	0.0062920313	0.0401001289	-0.0087845971	-0.0545348679	-0.0211421006	-0.1153459168	0.0967099467	0.0287561734	-0.0477707511	0.0151254054	0.0636091268	-0.0203421465	0.0231777854	-0.0171432928	-0.0098816289	-0.0096814436	-0.017819187	-0.029133196	-0.0782873035	0.0684771651	-0.0530272111	0.0332099078	-0.010657419	-0.0127728206	0.0351510839	-0.0546342852	-0.0453897320940939	-0.0057950497463253	0.0020602277795736	3.3582601562384966e-05	0.2770376532363769	-0.0344098757053644	0.0011840395460586	0.076749861310719	-0.2958643570889805	0.0604608692881711	0.0875357177956757	0.0036555167150813	-0.0047849217156997	-0.0006888086273199	2.289547582537456e-05	4.744573250703249e-07	0.0024810177736185	-0.0001136017016749	6.1554491930108975e-06	1.2905346623433e-08	-0.0025065842162709	-0.00025937861859	6.727726778170855e-08	6.2829644332584025e-06	0.0	0.0	0.0	0.0	0.0	0.0	0.0	0.0	0.0	0.0	0.0	0.0	0.0	0.0	0.0	0.0	0.0	0.0	0.0	0.0	0.0	0.0	0.0	0.0	0.0
2176.0329703075063	-15.441121740731433	238.4282406120889	4735119.487865308	2450.490823774196	-37.611901582176415	6004905.277401539	1414.6551406273247	2343.03319251019	-12.148237477178554	5489804.5412044935	147.57967380192557	2375.3157718375624	1618.65436450707	0.8967359999999999	23.690666	0.0721127142917226	0.0512788845080103	0.0480297335	0.0059290096	0.0537397027	0.0009429645	-0.0219802298	-0.0740107994	0.1013303884	0.0556384138	0.0926675267	-0.0272199839	0.0661265775	0.0809243189	0.0121919417	-0.0652778873	-0.0238059196	0.0223080444	-0.0544112341	-0.056577035	0.1091525107	0.096847821	-0.0023299498	-0.0156563026	-0.0264458577	-0.0238154544	-0.0010596761	-0.0617329645	0.0078362495	-0.0069663741	0.0694011168	0.1148906899	-0.0974998214	-0.0125222823	0.0417644495	-0.0074432136	-0.0266440326	-0.0557786482	-0.0698220839	-0.0330556918	-0.0498872099	0.0598098313	0.0094973335	-0.0569734894	0.0096613494	0.0372018695	0.0111262852	-0.0976460583	-0.0547339986	0.0064269639	0.0186267542	-0.1342217444	-0.0021362267	-0.0033258504	0.0722677919	0.0253617603	0.035328002	-0.0268882975	-0.0890453042	0.0517439824	0.017535224	-0.0661278696	-0.0030599164	0.0716867216	-0.0368766244	-0.127096026	0.0392733379	-0.0705644887	-0.0466715347	-0.0393363163	0.0352550086	-0.0425210168	-0.0151074906	-0.0564930453	-0.0584496992	0.0252656523	0.0080708191	-0.0530173861	0.0891876934	0.0515004674	0.0102367285	-0.0671126267	0.0650873089	0.0554760228	0.0114015046	-0.0745133244	0.0233944425	-0.0743072143	0.031180923	0.015077419	0.0592066291	-0.07134231	-0.0224956065	0.0309763183	-0.0785258491	0.0693934478	-0.0549512416	0.0363043104	-0.0148794683	-0.0076839116	0.0296593388	-0.049365311	-0.0458165643229619	-0.0004268322288679	0.0020991575663601	1.821857516004213e-07	0.2750849649629288	-0.0019526882734481	3.812991493261852e-06	0.0756717379486557	-0.250113790557009	0.0457505665319715	0.0625569082267953	0.0020931143379963	-0.0050346347214118	-0.000249713005712	2.534754677804527e-05	6.235658522177106e-08	0.0026110897254469	0.0001300719518284	6.817789554334368e-06	1.6918712652449668e-08	-0.0026064518038791	-9.986758760819996e-05	9.973535054681494e-09	6.793591005944615e-06	0.0	0.0	0.0	0.0	0.0	0.0	0.0	0.0	0.0	0.0	0.0	0.0	0.0	0.0	0.0	0.0	0.0	0.0	0.0	0.0	0.0	0.0	0.0	0.0	0.0
2185.589869182861	9.556898875354818	91.3343161137582	4776803.076274755	2466.544602123659	16.053778349462846	6083842.274265359	257.723799293682	2349.653862662937	6.620670152747152	5520873.274326861	43.833273271477005	2384.1041332610475	1642.8713746818953	1.029067	27.186695	0.0976986249700371	0.0506263933224451	0.0498308234	-0.01461996	0.0501185798	0.0550534139	-0.0108459864	-0.0692510672	0.0672826755	0.0786441018	0.1567417621	-0.0031050551	0.0716773886	0.0161099177	0.0089829415	-0.012067747	0.0037210359	-0.0122187435	0.0461958607	-0.0528860436	0.1316522	-0.0245905279	-0.0143226263	0.0198301954	0.0464229853	0.016917728	0.0820764047	0.0210538568	0.0046939229	-0.0343498612	-0.0038469825	-0.0193822009	0.0083506416	0.0316504016	-0.0592951914	-0.0378045661	-0.0468335547	-0.0170288792	-0.0082799982	0.0138574937	0.0151080707	-0.0130263042	-0.0206595735	0.0926884626	-0.0090247979	-0.0189450493	-0.0175280113	-0.1188112428	-0.0327579641	0.0116586711	-0.1054404004	0.0653160663	-0.0214613153	-0.0482437097	-0.0092970203	0.0350128159	0.0153959083	0.0019438839	-0.0180583154	-0.0319886572	-0.0067099252	-0.0075921653	0.0301116573	0.0222260345	0.0394563367	-0.0285230299	-0.0575190331	0.0604528507	0.0484600877	0.0056403711	0.0284486635	-0.0243915837	-0.010737636	-0.0305203886	-0.0008450291	0.0534164274	0.0663213706	-0.0609811777	0.1168474945	-0.0644871833	-0.0379507693	-0.0078857294	-0.0513464088	0.0658496196	0.0696724784	0.090595508	0.0101740469	-0.0005634272	0.0299039961	0.0071421953	0.0254035994	0.0215515506	0.0017586681	-0.0620466541	-0.0787557834	0.0702792922	-0.0568210419	0.0393350228	-0.0190607341	-0.0025646777	0.024008292	-0.0437500746	-0.0250548623351107	0.0207617019878511	0.0006277461266313	0.0004310482694323	0.2908591833615617	0.0157742183986329	0.0002488259660877	0.0845990645457545	-0.2859862110093871	-0.035872420452378	0.0817881128875056	0.0012868305491121	-0.0046329944256809	0.0004016402957308	2.146463734839029e-05	1.6131492715480465e-07	0.0026257667769034	1.4677051456499918e-05	6.89465116668967e-06	2.1541583945674639e-10	-0.0026959401393152	-8.948833543609988e-05	8.00816217912393e-09	7.26809323477086e-06	0.0	0.0	0.0	0.0	0.0	0.0	0.0	0.0	0.0	0.0	0.0	0.0	0.0	0.0	0.0	0.0	0.0	0.0	0.0	0.0	0.0	0.0	0.0	0.0	0.0
2197.1035188293886	11.513649646527483	132.56412818298244	4827263.872452482	2465.642501603312	-0.9021005203467212	6079392.945712639	0.8137853488098251	2351.4163609380307	1.7624982750935487	5529158.902487051	3.1064001697077344	2386.01080476785	1645.0618061910843	1.031806	27.259052	0.0574064410331993	0.0354822909109765	0.0296080631	0.0483876666	0.0582020224	-0.0494076994	-0.0348844286	-0.0828875673	0.0447405705	0.0866989045	-0.0058292782	0.0872067905	0.0191125584	0.0325712854	-0.0209180455	-0.0059711427	0.0094822338	-0.0138037582	0.038547029	-0.0415906146	0.080720196	0.0416964695	-0.0342977937	-0.011244692	-0.0373414515	0.0089348665	-0.0009556308	0.0099517521	-0.0126760032	-0.0353153861	0.0229752562	-0.0184477866	0.006924136	-0.0137803081	0.0565772466	-0.0422160548	0.0186378348	0.0307055207	0.0105694122	-0.0181068171	0.021612854	-0.0614541781	-0.0210481958	-0.0680887936	-0.0143125111	-0.0222863562	-0.0186407315	-0.0906185821	-0.0209255101	-0.039580984	-0.0364887733	-0.0299396453	-0.0322529061	-0.0102386085	-0.0560274199	0.0303307747	0.0304024481	-0.0220223386	-0.0043723534	-0.0472111973	0.0245903583	0.0024548237	0.0182901371	0.0711245084	-0.0012523765	-0.0534465114	-0.0140635293	0.0510003286	0.0132536718	0.0165757182	0.030116819	-0.0459780658	-0.045578947	-0.0314846563	-0.0091366858	-0.0039358426	0.0146080089	0.0289075728	0.0209350671	-0.0833969739	-0.0354176038	-0.0429078677	0.0865437643	-0.034834089	0.0944826387	0.0774240973	0.0141553242	0.0278431871	0.0436598056	0.0108069804	-0.0344107145	-0.0199871325	-0.0193697202	-0.0121138774	-0.0789770813	0.0711343098	-0.0586347667	0.0422967282	-0.0231897558	0.0025646777	0.0182282956	-0.0378279629	-0.0329946955800579	-0.0079398332449472	0.0010886499364206	6.304095195756881e-05	0.2743397661804891	-0.0165194171810725	0.0002728911440023	0.0752623073079654	-0.3151946440321467	-0.0292084330227596	0.0993476636265516	0.000853132559645	-0.0046300857188315	2.9087068493995755e-06	2.143769376372741e-05	8.460575535744004e-12	0.0025607463555263	-6.502042137710015e-05	6.557421897341227e-06	4.227655196055662e-09	-0.0026890941158533	6.84602346189998e-06	4.6868037240884985e-11	7.231227163916841e-06	0.0	0.0	0.0	0.0	0.0	0.0	0.0	0.0	0.0	0.0	0.0	0.0	0.0	0.0	0.0	0.0	0.0	0.0	0.0	0.0	0.0	0.0	0.0	0.0	0.0
2201.6527199142406	4.5492010848520295	20.69523051041888	4847274.699105774	2486.647913690824	21.005412087512013	6183417.846662928	441.2273369661958	2350.9477986874786	-0.4685622505521678	5526955.552153501	0.2195505826425125	2382.7613514353525	1659.5806280079005	0.97284	25.701242	0.0576103178306849	0.0313783513829722	-0.0035207743	0.050529016	0.0484631335	-0.0740117574	-0.0234769451	-0.0639728203	-0.0044190072	0.0642897222	0.0563026895	0.0295158546	0.0074943272	0.0515896212	0.0195187872	0.0016150003	-0.0029902502	0.0062639056	0.0845092692	-0.0561689185	0.0764897352	0.0478003821	0.0362584019	0.0043094835	-0.1054421508	-0.0065013051	-0.0324307721	-0.0173806256	0.054872309	-0.0490307133	-0.0396866794	0.1086682093	0.0238960123	0.0097602332	0.0712638376	0.0292556672	-0.0364283226	0.0089025873	-0.005533739	-0.0367730765	-0.0388139606	-0.0422968812	-0.0595717702	0.0128132278	-0.0367574873	-0.0357516198	-0.0895845568	-0.0927969486	-0.0064430999	-0.1020526936	0.0486080241	-0.0751609423	-0.0084170886	-0.057401838	0.0665661643	0.0152891926	0.0370531359	0.0189150863	-0.063186396	-0.0149825891	-0.0985236427	-0.0653910171	-0.0287491805	0.0480128859	-0.0128526182	-0.0353568378	-0.0773240519	0.0821329759	-0.125664733	0.0169700598	0.026268656	-0.0386682141	-0.0485267353	-0.0309527574	-0.0106648969	-0.0377764807	-0.0073628734	-0.0314655795	0.0600882565	0.0274844041	-0.0095472613	0.0043455173	0.0531436623	-0.0148964872	0.0729612566	-0.08431036	0.0164086379	-0.0115045452	0.0355380146	0.0224855938	0.0542759937	-0.0137439442	-0.0109068777	-0.0250122191	-0.0791897184	0.0719581255	-0.060390626	0.0451842308	-0.0272552159	0.0076839116	0.0123503943	-0.0316405151	-0.0373405316315142	-0.0043458360514562	0.0013943153025241	1.8886290986137253e-05	0.2794832573150643	0.0051434911345751	2.645550105145352e-05	0.0781108911194384	-0.3146191503914082	0.0005754936407385	0.0989852097930115	3.3119293053045404e-07	-0.0051510886363381	-0.0005210029175065	2.6533714139411508e-05	2.714440400503888e-07	0.0027829160902295	0.0002221697347032	7.744621965258246e-06	4.935939101809032e-08	-0.0024813568279848	0.0002077372878684	4.3154780770959966e-08	6.157131707786789e-06	0.0	0.0	0.0	0.0	0.0	0.0	0.0	0.0	0.0	0.0	0.0	0.0	0.0	0.0	0.0	0.0	0.0	0.0	0.0	0.0	0.0	0.0	0.0	0.0	0.0
2209.941700028243	8.288980114002243	68.70719133032463	4883842.31752372	2508.2715199029267	21.62360621210246	6291426.017556138	467.580345616076	2357.417430711829	6.469632024350631	5557416.942623962	41.85613853050324	2392.2724746235026	1701.7608831348534	0.961242	25.394842	0.0502565094333328	0.0319143764933433	-0.0115544779	0.0450572989	0.002227975	-0.0237236665	-0.0237884817	-0.0305424645	-0.032871059	0.0264602647	0.0888704964	-0.0063848722	0.0632974646	0.0063932003	0.0203450992	-0.0379352588	-0.0022386894	-0.033924927	0.0327669425	0.0162458785	0.0585461976	0.0169238615	0.044834952	0.0317658003	0.0108132264	-0.0247247195	0.038512021	0.02703253	-0.0032114463	-0.0471082646	0.0188320086	0.0604583446	0.0140622668	0.0150886782	-0.1053230144	-0.0158807466	0.0886669995	-0.0482392039	-0.0152029624	-0.0150928551	0.0610594773	-0.1017643005	0.0436805013	-0.0112375848	-0.0143966603	-0.039692701	-0.0234035386	-0.0477726456	0.0129215748	0.0362385821	-0.0486851609	0.0057535675	0.0139821632	-0.0004335337	0.0713153776	-0.0163556536	-0.0618116513	0.0156955284	-0.0019114885	-0.0171417308	-0.0716201661	-0.0094656908	0.0735938083	0.0603610796	0.0871103588	-0.0168496171	-0.0386234027	-0.0251785079	0.0944771978	-0.0809405618	0.0092267819	-0.0235481149	-0.0329537848	-0.0072591083	0.0177709464	-0.0272103172	0.0260669065	-0.0113249923	0.0237328527	-0.025981246	-0.0242446751	-0.0569427687	-0.0240466332	0.0651447731	-0.0039673144	-0.027023278	0.1075861411	0.0495808879	0.0002884996	0.0240013196	-0.008047771	-0.0224655523	-0.0291605402	0.0397579811	-0.0793936715	0.0727503781	-0.0620868871	0.0479924649	-0.0312459714	0.0127728206	0.0064061583	-0.0252311319	-0.0344109048789249	0.0029296267525893	0.0011841103745864	8.582712909486934e-06	0.2833424849837911	0.0038592276687268	1.489363819906662e-05	0.0802829637967899	-0.3140899400655215	0.0005292103258867	0.0986524904503628	2.800635690251164e-07	-0.0057164340782358	-0.0005653454418976	3.267761857081558e-05	3.196154686745056e-07	0.0030049223359511	0.0002220062457216	9.029558245097815e-06	4.9286773139399455e-08	-0.0024099396218815	7.141720610330006e-05	5.1004173276012394e-09	5.807808981114348e-06	0.0	0.0	0.0	0.0	0.0	0.0	0.0	0.0	0.0	0.0	0.0	0.0	0.0	0.0	0.0	0.0	0.0	0.0	0.0	0.0	0.0	0.0	0.0	0.0	0.0
2207.070339004805	-2.871361023437657	8.244714126916952	4871159.481314786	2510.697319372377	2.4257994694503395	6303601.02950364	5.884503065985549	2359.205603226372	1.788172514543021	5565851.078294711	3.1975609417671107	2396.0096688296435	1720.0355668530492	0.930127	24.572821	0.1469945562193549	0.0719074297874344	-0.0344221131	-0.0175976782	-0.0233841684	0.0233995781	0.0133198307	0.0232270722	-0.0442605579	-0.0436623391	0.0255385627	-0.018716299	-0.0289621672	0.0327005508	-0.0115905127	0.0075654356	-0.0033396322	-0.0144557852	0.0354910102	-0.0108422623	-0.0219059068	0.0349496554	0.0184018162	-0.0073738377	0.0412290566	0.0333567136	0.075972976	0.0417252407	0.0364348063	-0.0124557674	0.0709213453	-0.0245481528	0.0662615016	0.0733137915	-0.0274374404	-0.0421755088	0.0471581969	-0.0130900224	0.032859562	-0.0187491975	-0.0068480584	-0.0653363895	-0.019091292	0.0037660523	-0.0161001916	-0.0345649926	-0.0371244069	0.026052038	0.0032701884	0.0009757445	-0.1008255907	-0.0143144767	0.0147320114	0.0234566546	0.0105112812	-0.0569516312	-0.0163713952	0.0496369572	-0.0059635816	-0.0353634004	-0.0223397895	-0.0523635128	0.0837891933	0.0361567023	0.0139675853	-0.0164475796	-0.0130031353	0.0280256497	0.1236707228	0.0375483937	-0.0298737236	0.0183813363	0.0072898503	0.0027680747	0.0375058868	-0.0057201127	0.0231466967	-0.0256873858	0.0010684709	-0.0133233509	-0.0497196747	-0.0129518114	-0.0434397541	0.0307637734	-0.0451473119	0.0663692548	0.0061694233	0.0298221339	0.0141783707	0.007113439	-0.0266495582	0.028773258	0.0217539151	-0.0052817124	-0.0795889182	0.0735107199	-0.0637218759	0.0507165039	-0.0351510839	0.0178113211	0.0004275147	-0.0186447705	-0.0578702567285489	-0.023459351849624	0.0033489666138281	0.0005503411892044	0.2632294607391117	-0.0201130242446794	0.000404533744267	0.0692897490010035	-0.2952193794040099	0.0188705606615116	0.0871544819756887	0.0003560980596797	-0.0067380381918533	-0.0010216041136174	4.540115867487368e-05	1.0436749649601973e-06	0.0034579040037818	0.0004529816678306	1.1957100099370202e-05	2.0519239139068253e-07	-0.0026263862297041	-0.0002164466078225	4.6849134037910364e-08	6.897904627579318e-06	0.0	0.0	0.0	0.0	0.0	0.0	0.0	0.0	0.0	0.0	0.0	0.0	0.0	0.0	0.0	0.0	0.0	0.0	0.0	0.0	0.0	0.0	0.0	0.0	0.0
2206.222153819431	-0.8481851853744047	0.7194181086886132	4867416.192003648	2499.414450574277	-11.282868798100026	6247072.595739515	127.30312831513912	2356.932901797087	-2.272701429285007	5555132.703573638	5.165171786674114	2390.89182164225	1692.246077522689	0.918153	24.256466	0.0490490284008761	0.0286456257384252	-0.0171719859	-0.0035141967	-0.0180655532	-0.0081357715	-0.0029640315	-0.0058578441	-0.0152034763	-0.0176567019	0.0519601088	-0.100387726	-0.0075603374	-0.0353550694	0.0366912086	0.001633391	-0.018055898	-0.004406346	0.0157937239	0.0255989201	0.0129204035	0.0119969453	0.0203773399	0.0207099355	-0.070766785	0.0244058452	0.0781642533	0.0219518466	0.0583623532	-0.0511287653	0.0397555402	-0.0424280528	0.0364801491	0.0119821655	0.0248539325	-0.0361697831	-0.0363269442	0.0078944923	0.0102153904	-0.0154694674	0.0276644222	-0.0038199754	0.0995912309	0.0410200515	0.0007874191	-0.0194841756	-0.0114344503	-0.0176329807	0.0445333492	-0.0485277647	-0.0646925864	0.0074973212	-0.0080584238	0.0486778777	0.0739099825	0.0243407661	-0.0167186386	0.0482219833	0.0335952243	-0.0934530962	0.0227986614	-0.0811109866	0.0216046395	0.0715003475	-0.0279182817	0.0080519573	0.0094701676	0.0036019017	-0.0611685901	-0.0021946231	-0.0114726102	-0.0069041113	-0.0082809679	-0.0179809005	-0.0184930652	-0.0266574787	0.008059551	-0.0265866918	0.0126874258	0.0334474642	-0.0114335398	0.0228357724	0.0046950968	-0.046029227	-0.008765407	-0.0242740642	-0.0035268181	0.0032444751	-0.0100810708	-0.0138393486	0.0109392746	-0.0299534576	-0.002693843	-0.0057384996	-0.0797754371	0.0742388174	-0.0652939789	0.0533515689	-0.0389598496	0.0227795284	-0.0055534252	-0.0119276293	-0.0468036885882554	0.0110665681402934	0.0021905852654663	0.0001224689304037	0.262456498977528	-0.0007729617615837	5.974698848705789e-07	0.0688834138555411	-0.2979410091653989	-0.002721629761389	0.0887688449424963	7.407268558078403e-06	-0.0065830179608241	0.0001550202310291	4.333612547253269e-05	2.4031272028346463e-08	0.00300094223904	-0.0004569617647417	9.005654322054408e-06	2.088140544359401e-07	-0.0027041616086853	-7.777537898120013e-05	6.0490095756693085e-09	7.31249000588747e-06	0.0	0.0	0.0	0.0	0.0	0.0	0.0	0.0	0.0	0.0	0.0	0.0	0.0	0.0	0.0	0.0	0.0	0.0	0.0	0.0	0.0	0.0	0.0	0.0	0.0
2214.460799804613	8.238645985182302	67.87528766916046	4903836.633871287	2494.3791831856342	-5.035267388642751	6221927.509509832	25.35391767512919	2363.48875891644	6.555857119352822	5586079.113524374	42.97926256936909	2395.3835745013	1691.2703186126523	0.967348	25.556141	0.1064500571572592	0.0552701808329039	-0.029095335	0.0267017291	0.0078171611	-0.0698006982	-0.0272303372	-0.0031140095	-0.0275118863	0.0480738323	-0.0372561471	0.0164210065	-0.0010596535	-0.0127208079	-0.0241561725	-0.0167056542	0.0089992866	-0.0325399469	0.0424769136	0.0641320501	-0.0094190955	-0.0450270032	-0.0245416695	-0.0398690482	-0.0177434149	0.0320350638	-0.0139870411	0.0338476943	-0.0155614293	0.028708403	0.0002440849	0.0743607864	-0.0419085225	-0.0174180987	0.0234112478	-0.0297815156	0.0081010866	-0.0281123182	0.0412239866	-0.0047794318	-0.0377506605	-0.0249070804	-0.0525475613	-0.092544502	-0.0065330293	-0.0352358279	-0.0035438094	-0.0241454895	0.0471029926	0.0434205661	0.0842341699	0.0220566753	0.0012879243	0.03004897	-0.0401183091	-0.0009489321	0.0037587796	0.0606523233	-0.0162740495	-0.0029119213	0.0105068104	-0.0287954598	0.0675241575	0.0020124669	-0.0102457568	-0.0169176414	0.0121233025	-0.0592036937	-0.0099029182	-0.0091710312	-0.0096073487	-0.0070195329	-0.0226569903	-0.0149723611	0.0452630531	-0.0369420189	0.0217797299	0.0105735914	0.0105548797	-0.040624589	0.0168118722	-0.0210728649	0.0085892275	0.0007195352	0.0181436935	-0.0143367079	0.0161688194	0.0185431796	-0.015032976	0.056346839	0.0187970627	0.0188772159	-0.0483725501	-0.0375344447	-0.0799532077	0.0749343514	-0.0668016447	0.0558930371	-0.0426618292	0.0276578354	-0.0115045374	-0.0051268245	-0.0198844627393697	0.0269192258488857	0.0003953918584333	0.0007246447203033	0.2648251960703618	0.0023686970928338	5.610725917599423e-06	0.0701323844737055	-0.3419820123405586	-0.0440410031751596	0.1169516967644979	0.0019396099606744	-0.0064988315681433	8.418639268080019e-05	4.22348117510959e-05	7.087348712605887e-09	0.0032081263165952	0.0002071840775552	1.0292074463230686e-05	4.2925241992399176e-08	-0.0023331094581137	0.0003710521505716	1.376796984438094e-07	5.443399743539603e-06	0.0	0.0	0.0	0.0	0.0	0.0	0.0	0.0	0.0	0.0	0.0	0.0	0.0	0.0	0.0	0.0	0.0	0.0	0.0	0.0	0.0	0.0	0.0	0.0	0.0
2224.0064059068754	9.545606102262354	91.1185958595483	4946204.493514817	2510.773055347044	16.393872161409945	6303981.335456732	268.759044444652	2364.7040063609247	1.215247444484703	5591825.037699408	1.4768263513266011	2398.839482505757	1721.990917347434	0.894306	23.626465	0.0872853065980671	0.046309864519567	-0.0410742839	0.0480260002	-0.0264053041	-0.0469271869	-0.0251567415	-0.0092000707	-0.0600855419	0.0038210543	-0.0725958899	0.0089552867	-0.0302529497	-0.0477009243	-0.0127608912	0.0520012412	0.0115945257	-0.0166591226	0.0281883659	0.0449697896	-0.0511966523	-0.0424332018	0.009679962	-0.0388720339	-0.0077610958	-0.0231069571	-0.0259594659	-0.0337553592	0.0316174307	-0.0359531187	-0.0536110273	0.0084750315	0.0523725733	-0.0497357297	0.0555311289	-0.071640943	-0.0176538557	0.0138825132	-0.0030072937	-0.0396995612	-0.0166214721	0.093650995	-0.0621038079	0.0082143389	-0.0094129017	-0.0295497976	-0.0130196453	0.0373776109	0.0574658249	-0.0770503644	0.0561502139	0.0440950372	-0.0369237383	-0.0289148776	-0.0581890844	-0.0035253236	0.0270806979	-0.0632385516	-0.0080609441	-0.0316154678	0.0193828276	0.0297317835	-0.0255606075	-0.0133757031	-0.0089106228	0.0158085357	-0.0928894396	-0.0605411963	-0.0184534293	0.0406943838	-0.0136411222	-0.0058871472	-0.0317308059	-0.0063214809	0.0283473065	-0.0684138803	0.0031180613	0.0321906206	-0.0404915048	-0.0014120792	-0.0132756592	0.0113333626	0.0042435519	-0.0857658799	0.0254005376	0.0013301554	-0.0172562713	0.0017946757	0.0343352836	0.0337378173	-0.0224725584	0.0255305153	0.0290512299	-0.0138905069	-0.0801222105	0.0755970167	-0.0682433853	0.05833645	-0.0462468756	0.0324269895	-0.0173938582	0.0017099414	-0.0334788647575976	-0.0135944020182279	0.0011208343854575	0.0001848077662331	0.2883807437859218	0.02355554771556	0.00055486382818	0.0831634533865215	-0.3416708628671543	0.0003111494734042	0.1167389785323857	9.681399479975502e-08	-0.0067346753835744	-0.0002358438154311	4.5355852522123e-05	5.562230527709905e-08	0.0034800503237881	0.0002719240071928	1.2110750256097658e-05	7.394266568784416e-08	-0.0028218257833072	-0.0004887163251934	2.388436465106387e-07	7.962700751337292e-06	0.0	0.0	0.0	0.0	0.0	0.0	0.0	0.0	0.0	0.0	0.0	0.0	0.0	0.0	0.0	0.0	0.0	0.0	0.0	0.0	0.0	0.0	0.0	0.0	0.0
2207.731245309131	-16.275160597744616	264.8808524823789	4874077.251514206	2513.327941439045	2.554886092000743	6316817.341218228	6.527442943098828	2353.068029652471	-11.635976708453654	5536929.152172563	135.39595395967595	2390.520295348349	1753.74598345728	1.005656	26.568192	0.0883196917167094	0.0428269806256679	-0.0219580215	0.0209617096	-0.0826276013	0.0607597118	-0.023086498	0.0328232987	-0.0304019334	-0.0834444509	-0.0292389486	0.0212289693	-0.0677951103	0.0405582679	-0.0629581423	0.0535329347	-0.0032278971	0.0177040027	-0.0144830028	0.0227166566	0.0137646779	-0.0031667189	0.0088965816	-0.0226834326	-0.0596506702	-0.0396475007	0.0030957957	-0.025881109	0.0984017275	0.0220478706	0.0226007589	0.0215840833	-0.033457179	-0.1209569047	0.070692416	0.0657676789	-0.025750584	-0.0470135913	-0.0360279074	-0.0238552186	0.0106949282	0.0046948231	0.0517161379	-0.0251153997	0.0083951781	0.0229816046	0.0221955813	0.0195471158	0.0652746955	-0.1103558168	-0.0536580599	-0.0091861787	0.0404712817	-0.0027705832	0.0443717066	-0.0258466952	0.0231081878	-0.0731708779	-0.0360090481	0.0293983155	0.0375753499	0.0114076629	-0.0405529382	0.0255119041	-0.0477655371	-0.0100678524	0.0814267031	0.000922226	-0.0548440071	-0.0303443982	-0.0112852985	0.0027280597	-0.0105431122	-0.0117435776	0.0256261251	-0.0197837611	0.0569536276	0.0025894581	0.0317274338	0.0877178952	0.0712828067	0.0066806615	0.0155790751	-0.0550850425	-0.0048117293	0.0749613656	-0.0373721368	0.0041061272	0.0102955895	0.0128208752	0.0309405994	0.0276483434	0.0001460006	-0.0328003107	-0.080282427	0.0762265226	-0.0696177779	0.0606775209	-0.0497051625	0.0370681691	-0.0231897558	0.0085347133	-0.0369811304464491	-0.0035022656888515	0.0013676040090972	1.226586495530648e-05	0.2734103329506894	-0.0149704108352324	0.0002241132005756	0.0747532101642068	-0.3111239200991988	0.0305469427679555	0.0967980936578926	0.0009331157124687	-0.0066622572596846	7.241812388980064e-05	4.438567179422015e-05	5.244384667718514e-09	0.0032114595543488	-0.0002685907694392	1.0313472469218194e-05	7.2141001427995e-08	-0.0023768332281429	0.0004449925551642	1.980183741516525e-07	5.649336194404199e-06	0.0	0.0	0.0	0.0	0.0	0.0	0.0	0.0	0.0	0.0	0.0	0.0	0.0	0.0	0.0	0.0	0.0	0.0	0.0	0.0	0.0	0.0	0.0	0.0	0.0
2201.936967003428	-5.794278305702846	33.573661083938646	4848526.406656256	2485.0470476292853	-28.28089380975962	6175458.828931027	799.8089546788999	2351.296700850777	-1.771328801693926	5528596.175431749	3.13760572371044	2385.507232941943	1711.944026759713	0.86921	22.963455	0.0710261691169202	0.0462509501080031	-0.0042547033	0.0069225548	-0.0262667847	0.0289161678	-0.0199728129	-0.0120843595	0.0073730434	-0.0042094245	-0.0654862143	0.0537360532	-0.0489766801	-0.0030173329	-0.0358517927	-0.0006146867	-0.0123432019	0.0008154295	-0.0367102682	-0.0068591861	0.0219475015	-0.0100785923	0.0043148981	-0.0029919179	-0.0235655212	-0.0159070369	-0.049964263	-0.007450809	-0.0240950376	-0.04436085	-0.04926041	0.0358925914	-0.060073768	-0.0692318055	0.0213114743	0.0639959367	0.0518590559	0.0002711218	0.0010274675	0.0080908407	0.027451939	0.0039334221	-0.0213952294	0.0259139843	0.0249454027	0.0203821991	0.0227086476	-0.0182072398	0.0026770187	-0.0627272121	0.0268603277	-0.0244464736	0.0079179959	-0.0558037914	-0.0297364506	-0.0032977506	0.0270183796	-0.0035117585	-0.0513312217	0.0434744121	0.0107850403	-0.0010341019	-0.0442480397	0.0260100522	-0.0337457497	0.0125747144	0.049564027	0.0458040608	0.0196332179	-0.059087157	-0.0043272878	-0.0017290956	-0.0103550761	-0.0055410394	0.0049109754	0.0041477692	0.0376933393	0.0279515386	0.0036390141	0.0122079986	0.0409781795	-0.0164710333	0.064783721	-0.0292295592	0.0435059913	0.0674375544	-0.0175251484	-0.0211816419	0.0141644738	0.0411488808	0.0193850689	-0.0036586258	0.0077575014	-0.0176676247	-0.0804338397	0.0768225931	-0.0709234662	0.0629121428	-0.0530272111	0.0415630576	-0.0288611001	0.0152996203	-0.0473104451069161	-0.010329314660467	0.0022382782162145	0.0001066947413549	0.2700649086835653	-0.003345424267124	1.119186352706273e-05	0.0729350549022624	-0.3097934094085346	0.0013305106906641	0.0959719565129639	1.770258697971725e-06	-0.0063399731556085	0.0003222841040761	4.01952596138364e-05	1.0386704374013453e-07	0.0032190862910019	7.626736653099791e-06	1.0362516548916367e-05	5.8167111975735805e-11	-0.003167340777387	-0.0007905075492441	6.249021854119132e-07	1.0032047600098486e-05	0.0	0.0	0.0	0.0	0.0	0.0	0.0	0.0	0.0	0.0	0.0	0.0	0.0	0.0	0.0	0.0	0.0	0.0	0.0	0.0	0.0	0.0	0.0	0.0	0.0
2203.9117950395143	1.9748280360863648	3.899945772112728	4857227.200314295	2495.538507717759	10.49146008847356	6227712.443502178	110.07073478803362	2354.312810814899	3.0161099641218243	5542788.81116715	9.096919315674953	2386.3053166146306	1685.3326707485908	0.867724	22.92421	0.1070813529273337	0.062089422578078	-0.0005711334	-7.58564e-05	0.011718044	-0.0010439037	-0.0044830083	-0.0306885084	-0.0109207385	-0.007775659	-0.0175002068	-0.0155566912	0.0011645514	0.0002747187	0.0161071906	-0.0023595393	0.0095045851	0.0040240058	-0.0286202161	0.0119328826	0.0129016804	0.0192005041	-0.0219434137	0.0075870216	-0.0206752237	0.008616094	-0.0411720335	-0.0012954987	0.0601891234	0.0136721638	0.0335796996	0.0593412314	0.0093996492	0.0041621859	0.0601957951	0.0625630205	0.0623904511	0.0780188475	-0.0473712832	0.0245573701	-0.0017383242	0.0299580963	0.0079985989	0.0071972413	-0.0097884799	0.0076157278	0.0066316732	-0.0087858045	-0.003460671	-0.0163551948	0.0621489228	-0.07485255	0.0143533278	0.0046518821	0.0374305373	0.0020356413	0.0087461811	-0.0054850959	0.0138583819	-0.0419903201	-0.0833107578	0.0035138997	-0.0292391682	-0.0718814018	-0.0793789605	-0.0835769216	-0.0258303132	-0.0045815961	-0.0569301974	0.0451523334	-0.0087059688	0.0044208809	-0.0216776053	-0.01771375	0.0043685648	-0.0054009974	-0.0280954325	0.0018707945	0.0044823208	0.0383789106	-0.0338075167	-0.0335113614	0.0743899489	0.0003274255	-0.0088548481	-0.0716329883	0.0129561117	0.0015051955	0.0038219056	0.0053908074	0.0548870966	-0.0197990742	0.0109758831	-0.0145179574	-0.0805764318	0.0773849666	-0.0721591615	0.0650363955	-0.0562039158	0.0458939156	-0.0343774302	0.0219572114	-0.0472205450589626	8.990004795349921e-05	0.0022297798756655	8.082018622041457e-09	0.2545803353803109	-0.0154845733032544	0.0002397720103838	0.0648111471623515	-0.2994484470505938	0.0103449623579408	0.0896693724410123	0.0001070182461872	-0.0072111695373844	-0.0008711963817759	5.200096609690074e-05	7.589831356194201e-07	0.0031231041910961	-9.598209990579988e-05	9.753779788442024e-06	9.212563502326951e-09	-0.002511280914705	0.000656059862682	4.304145434223249e-07	6.306531832561581e-06	0.0	0.0	0.0	0.0	0.0	0.0	0.0	0.0	0.0	0.0	0.0	0.0	0.0	0.0	0.0	0.0	0.0	0.0	0.0	0.0	0.0	0.0	0.0	0.0	0.0
2205.569277915103	1.657482875588812	2.747249482870157	4864535.83968295	2503.952531045942	8.414023328183248	6269778.27773138	70.7957885672119	2355.922455165697	1.6096443507981348	5550370.614753966	2.590954936056349	2388.993416480949	1698.854797029781	0.904928	23.907082	0.0808708322108976	0.0417446830120734	-0.0106465262	0.0004461188	0.0031463402	0.0767895448	0.0151498041	-0.037886408	-0.0044763391	-0.0002832041	0.0378492379	-0.0179505401	0.0624620563	-0.0295483308	-0.0218313495	0.0308588362	0.0310440545	0.0116434775	0.0308747424	0.0055896209	0.0604685286	0.0130624734	-0.0139893698	0.0541127493	-0.0315184114	0.1046796768	0.0624046155	-0.1164684432	0.0085090547	-0.0100880294	-0.0192786838	0.0064607724	-0.025649086	0.0086456538	-0.0729665176	0.0216094814	0.04067046	-0.0005041082	0.0113395348	-0.0430271516	0.0145910303	-0.0926625867	-0.0613991353	0.0201650676	-0.0181101287	0.0099748318	0.0060822135	-0.0467611293	0.0063506664	0.0381268065	-0.0569143255	0.0482141205	-0.0297295208	-0.0336614333	0.0590359351	0.0633756744	0.1017083942	0.028658364	-0.0526832712	-0.0320939008	0.0228852882	-0.0136658001	-0.0248406968	-0.0313900964	0.0525296718	0.0170551388	-0.0062202957	0.045163602	-0.0143032837	-0.0576171434	-0.0028126546	0.0091517011	-0.003174644	-0.0129480707	0.0050627798	0.0138356348	0.027534389	-0.0158678689	0.042568772	0.0094730612	-0.0098477328	-0.0153979118	-0.0636489202	0.0132611462	0.0291253589	-0.0342641362	-0.0263004005	0.0289669839	-0.0211462859	0.0016350635	-0.0026974613	0.0076727628	0.0605001453	0.0192975159	-0.0807101879	0.0779133966	-0.0733236445	0.0670465522	-0.0592265694	0.0500436514	-0.0397091175	0.0284607885	-0.071755293280745	-0.0245347482217823	0.0051488221138057	0.0006019538703062	0.2749346333726947	0.0203542979923838	0.0004142974467627	0.075589052627778	-0.2950435514374874	0.0044048956131064	0.0870506972448452	1.940310536236417e-05	-0.0071158746809513	9.52948564330999e-05	5.063567247500377e-05	9.08110966260512e-09	0.0033625455677939	0.0002394413766978	1.1306712695490402e-05	5.73321728749378e-08	-0.0028080824892466	-0.0002968015745416	8.80911746503731e-08	7.885327266413383e-06	0.0	0.0	0.0	0.0	0.0	0.0	0.0	0.0	0.0	0.0	0.0	0.0	0.0	0.0	0.0	0.0	0.0	0.0	0.0	0.0	0.0	0.0	0.0	0.0	0.0
2221.613188150068	16.043910234964642	257.4070556276032	4935565.157762309	2522.373735570196	18.42120452425388	6362369.261894345	339.34077612439165	2366.762978263523	10.840523097826008	5601566.995278822	117.51694103449918	2402.627862361197	1703.2984869357354	0.917086	24.228291	0.1164562877806284	0.052960145038094	-0.0379141758	-0.0079815124	0.0081918946	-0.0078063542	0.0268074526	0.01477736	-0.0587584164	0.0152157519	0.0028492409	-0.0258634809	0.0385036401	-0.0565888377	-0.0087663459	0.0063534213	0.016364925	-0.0231625626	0.0397949586	0.0352155894	-0.0744415901	0.0076489207	0.0081308061	-0.0115095287	0.0739940151	0.0287791682	0.0159354627	-0.0111658936	-0.0130149953	0.010179574	0.0137272361	-0.0838212976	0.064604009	0.0573872046	0.0016675678	-0.0055086915	0.0325333858	-0.0060188531	0.0814012833	0.0355041555	-0.003645769	-0.0241469504	-0.0197318804	0.0614983301	-0.0154149474	-0.0388141703	-0.00939784	0.0526229658	0.0070549512	0.0878053334	-0.022663348	0.0545247759	-0.0523595825	0.0021144857	-0.0183939003	-0.0299694857	0.0299060188	0.0036523571	0.0670411348	-0.0090574889	-0.0056113416	-0.0121401042	0.0248564801	-0.0466218941	-0.0277470448	0.0618954199	-0.0070671115	0.0194733305	0.0700220193	0.0528775783	-0.0240119529	0.0345215208	0.0085862681	0.0148115822	0.0353614446	-0.0096769389	0.0038914402	0.0026665612	-0.0121207253	-0.0240394767	-0.0136769851	-0.0245903732	-0.0336388793	0.034029715	-0.008980315	-0.0270567135	-0.0156560616	0.0171292217	-0.0246782355	0.0328207457	-0.0160995815	0.038496955	0.0665317459	0.0149109961	-0.0808350932	0.0784076511	-0.0744157659	0.0689390864	-0.0620868871	0.0539958877	-0.0448275254	0.0347647336	-0.0490265366963171	0.0227287565844278	0.0024036013004353	0.0005165963758741	0.2734272082154376	-0.0015074251572571	2.2723306047316013e-06	0.0747624381924882	-0.3188680446427909	-0.0238244932053035	0.1016768298943168	0.0005676064764895	-0.0078829075713536	-0.0007670328904022	6.214023177850391e-05	5.883394549589061e-07	0.0035298504426786	0.0001673048748846	1.245984414767831e-05	2.799092116018509e-08	-0.0032416569806324	-0.0004335744913857	1.8798683958045482e-07	1.0508339980082767e-05	0.0	0.0	0.0	0.0	0.0	0.0	0.0	0.0	0.0	0.0	0.0	0.0	0.0	0.0	0.0	0.0	0.0	0.0	0.0	0.0	0.0	0.0	0.0	0.0	0.0
2212.367181411741	-9.24600673832674	85.4886406051835	4894568.545387732	2522.38317962191	0.0094440517141265	6362416.904839537	8.919011277909652e-05	2351.0072057972784	-15.755772466244707	5527234.881710727	248.2443660080748	2392.445626174347	1767.6197214811862	1.029676	27.202784	0.0924702621075254	0.0422515094000412	-0.0197820278	-0.010522055	-0.0759859807	0.0798320212	-0.0080116046	0.0352046028	-0.0329596012	-0.05361226	0.0023636763	-0.0179528563	0.0187150019	-0.0202536306	-0.0016523207	-0.0396450211	0.0038922942	0.0341983964	0.0162705099	-0.062402638	0.0279408316	-0.0001888145	-0.0272269048	0.0158252594	0.0929430199	0.0691289911	-0.1581187957	-0.0356006563	-0.0612839602	0.1164481281	-0.0365035166	-0.0065532266	-0.0322167556	0.0073337897	-0.0636116319	0.1189856129	-0.0066766399	-0.004836325	0.0570465367	0.075799885	0.0210451659	0.0113655172	0.0224365133	-0.1000376612	-0.0067057539	0.0229640323	-0.0163390814	0.0267874653	-0.0392080986	0.0454049622	-0.0314030051	-0.0323578561	0.0561895098	-0.0703812136	-0.0093469003	-0.0612439669	0.0660873869	0.0500306788	0.0988060366	0.050486837	-0.0685241952	0.1316563853	0.0049194772	-0.1222351487	0.0032869863	0.0170419508	0.0499291058	-0.0146339542	-0.0706862829	-0.0642183647	-0.0041558979	0.0137530934	0.0006043607	0.0202028634	0.0010252577	-0.0175502526	-0.0338681439	-0.014686464	-0.047802323	0.0570741897	-0.0509589642	0.0366681952	-0.0789781567	0.0087725377	-0.0678040791	-0.0255466028	0.0086343689	-0.0860778569	-0.0480181093	0.0152292232	0.0208304098	-0.0346133114	-0.033351544	-0.0028971376	-0.0809511339	0.0788675135	-0.0754344479	0.0707106781	-0.064777029	0.0577350269	-0.0497051625	0.040824829	-0.0655089005005891	-0.016482363804272	0.004291416044796	0.0002716683165763	0.2510199922607654	-0.0224072159546722	0.0005020833268393	0.0630110365145947	-0.3057625413397247	0.0131055033030662	0.0934907316865268	0.0001717542168266	-0.0078851538150777	-2.246243724100816e-06	6.217565068743441e-05	5.045610868062303e-12	0.0029040539675255	-0.0006257964751531	8.433529446300599e-06	3.916212283140447e-07	-0.0034231178426655	-0.0001814608620331	3.292804444979587e-08	1.1717735764774908e-05	0.0	0.0	0.0	0.0	0.0	0.0	0.0	0.0	0.0	0.0	0.0	0.0	0.0	0.0	0.0	0.0	0.0	0.0	0.0	0.0	0.0	0.0	0.0	0.0	0.0
2213.8959261187283	1.5287447069872542	2.3370603791415454	4901335.171685101	2499.527362424936	-22.85581719697393	6247637.035510958	522.3883797414893	2362.606209464695	11.599003667416582	5581908.101001134	134.53688607674331	2395.687972387828	1693.594484084809	1.009605	26.672531	0.0923194072763787	0.0505181853796201	-0.0076977275	-0.0142703339	0.0012038341	-0.027577649	-0.0090718993	0.0139199419	-0.0223147566	0.0525625489	-0.0518737587	0.01520056	0.013610346	-0.071274679	-0.0548240046	0.0149195223	0.0207044228	-0.0129911349	-0.0117702448	0.0328195543	-0.0815177008	-0.035002956	0.0107240715	-0.0252006656	0.0564053259	0.0057855831	-0.032548955	-0.0326325171	0.0355016398	0.0583102507	0.0090492962	0.0186878223	0.0162796679	-0.0260291149	-0.0244740187	0.0002272834	0.031975357	-0.0631236027	0.0459687193	0.0159759563	-0.0053234647	0.0897624565	-0.0833361045	0.0333413237	-0.0034414146	-0.0078344165	0.0144590235	0.0396129841	-0.0009333832	0.0354071046	0.0612623221	0.0260420729	-0.0108464101	-0.0280419134	-0.0839682036	-0.0334840839	0.0383685051	0.0095528333	0.0094148279	0.0596821152	0.0442968018	-0.0621909746	0.0406785199	-0.078679671	0.0066908446	0.018443545	-0.0407759872	-0.0518916476	-0.0388893491	0.0420122665	-0.0052557601	0.0115692874	0.0033573095	0.0116031845	0.0195114432	-0.0015627578	-0.016681775	0.0291841661	-0.0336880666	-0.0259412645	0.0206314116	0.0235879684	-0.0267829268	-0.0024466638	0.0282205216	-0.0051325529	0.0101793445	-0.0294948998	-0.0263559606	0.0278310964	-0.0102810764	-0.0119112081	0.0674842179	0.0163848421	-0.0810582975	0.0792927819	-0.0763786853	0.0723582192	-0.0672896215	0.0612463124	-0.054315831	0.0465985677	-0.0610457810009137	0.0044631194996754	0.0037265873780115	1.9919435668382853e-05	0.2803472668699953	0.0293272746092299	0.0008600890360051	0.0785945900414763	-0.3409460037223581	-0.0351834623826334	0.1162441774542462	0.0012378760252301	-0.0078834167630917	1.737051986000493e-06	6.214825986059522e-05	3.0173496020682565e-12	0.0030523020479193	0.0001482480803937	9.316547791732351e-06	2.1977493340446534e-08	-0.0037400437259825	-0.0003169258833169	1.0044201551626061e-07	1.398792707226106e-05	0.0	0.0	0.0	0.0	0.0	0.0	0.0	0.0	0.0	0.0	0.0	0.0	0.0	0.0	0.0	0.0	0.0	0.0	0.0	0.0	0.0	0.0	0.0	0.0	0.0
2212.0940400637605	-1.801886054967781	3.2467933550873536	4893360.04208561	2532.7038228049205	33.17646037998429	6414588.654050658	1100.6775233446674	2354.155560037364	-8.450649427330973	5542048.400854835	71.4134757436493	2395.010440212477	1745.295163484676	0.986211	26.054491	0.082776434163316	0.0426363729410819	-0.0082209219	0.0089474573	-0.0505201417	0.0664719742	0.0009934296	0.0082372558	-0.0530723759	-0.0782797464	0.0258253187	-0.0024340228	-0.0025901982	-0.0491754412	0.0546830131	-0.0068767982	0.0022363611	0.012867039	-0.0199693751	-0.0128742422	0.0138078102	0.0217656429	0.0072455429	0.0488984146	0.0171180585	0.0309730513	0.0018093447	-0.0557626219	-0.0348421629	-0.0104677893	0.0694662434	0.0138958009	-0.0172965751	-0.0119951494	-0.0233105462	0.0046146704	0.0571227672	-0.0174389188	0.0833756676	-0.0091700983	0.0636279395	-0.0103161894	0.0457384314	-0.1146630345	0.0034824584	0.0135656367	0.0083417417	0.0498389671	-0.0213995604	0.0508816275	-0.0618017781	-0.0320332405	0.0379104368	-0.0329487781	0.0717244436	-0.0038393971	0.0241832125	0.0044135063	-0.0018253698	0.0266395095	-0.0474056122	0.0094122442	-0.0607475935	-0.0488312211	0.0871395568	-0.0141647452	-0.0467552821	0.0143977574	0.0512373279	0.0516537895	-0.0057885962	0.0100621697	-0.0143993379	0.027283859	-0.0006273652	-0.0132860377	-0.0303382169	0.009975827	-0.0476542354	0.0492961046	-0.0702650499	-0.0141398614	-0.0425987963	0.0506288477	-0.0771636761	-0.0312203927	0.0787697467	0.0132372003	-0.0317168421	-0.0081840509	0.0106443252	0.0057924955	0.0301350426	0.0327566911	-0.0811565722	0.0796832699	-0.0772475461	0.0738788195	-0.0696177779	0.0645158866	-0.0586347667	0.0520454508	-0.0656411193574797	-0.0045953383565659	0.0043087565505028	2.111713461132667e-05	0.271206050937181	-0.0091412159328143	8.356182873033812e-05	0.0735527220649408	-0.3054863665438674	0.0354596371784907	0.0933219201441741	0.0012573858688302	-0.0075729649483168	0.0003104518147749	5.734979810843487e-05	9.63803292970289e-08	0.003008018482447	-4.428356547229962e-05	9.048175190742754e-06	1.961034170939447e-09	-0.0034231742523208	0.0003168694736617	1.0040626333864289e-07	1.1718121961752069e-05	0.0	0.0	0.0	0.0	0.0	0.0	0.0	0.0	0.0	0.0	0.0	0.0	0.0	0.0	0.0	0.0	0.0	0.0	0.0	0.0	0.0	0.0	0.0	0.0	0.0
2195.1675016574336	-16.926538406326927	286.5077024208605	4818760.360332939	2491.6947841359606	-41.009038668959874	6208542.897290352	1681.7412525522464	2353.5959963591204	-0.5595636782436486	5539414.114077681	0.3131115100095615	2389.7378973797045	1681.435835611035	0.940047	24.834892	0.0580697813223561	0.027303268121381	0.0274783918	-0.0282862546	0.0011213399	0.0568521672	-0.0018302509	-0.0034663251	0.0429681981	-0.0041784544	0.0219394232	0.0221953318	0.034977928	0.0021293595	-0.0379923986	-0.0540831975	0.0080270307	0.0135475206	-0.050239403	0.0107895937	0.0254680415	-0.0298890133	-0.0586476795	-0.0008777985	0.0485754129	0.0563921517	0.0716016427	-0.0728592299	-0.0058049401	0.0503880191	0.0597627624	0.0216089077	-0.1083837634	0.107667451	0.0197914978	-0.0273730513	-0.0320192862	-0.0703212761	0.0204679475	-0.002887817	0.0303158668	-0.0162595108	0.0410125126	-0.0258103265	0.0197548491	0.0475361132	0.047949071	-0.0021286282	-0.0288105218	0.081381664	-0.02266074	0.0053075328	0.058017139	0.004880046	-0.0163598449	0.0207689706	0.0637872707	0.0194490283	-0.0628230703	0.0188027089	0.0648193194	-0.0711998951	0.030797898	-0.0507671185	-0.0241030101	-0.0329962297	0.0024999065	0.0374851702	0.0675469486	0.0359370397	0.0036300954	0.0070554635	0.0081960283	-0.0090427533	-0.0101871472	0.037627591	0.0246513035	-0.0011022255	0.0260566513	0.0251311647	0.02117291	-0.019189824	-0.0556150784	0.0649353668	-0.0336416608	0.0171666961	0.0593574272	-0.005448512	-0.0458795986	-0.0666077005	-0.0188939999	-0.0269393936	0.0611367898	0.032594616	-0.0812459471	0.0800388062	-0.0780401729	0.0752698111	-0.0717551168	0.0675308461	-0.0626387723	0.0571272725	-0.0662276729494806	-0.0005865535920009	0.0043861046643033	3.440451162891702e-07	0.2701506123200943	-0.0010554386170866	1.1139506744378418e-06	0.0729813533369218	-0.2860077049378589	0.0194786616060085	0.0818004072838213	0.0003794182579613	-0.00723385386632	0.0003391110819967	5.232864175927282e-05	1.1499632593304012e-07	0.0027007649072243	-0.0003072535752227	7.294131084094282e-06	9.440475948713147e-08	-0.0035157921452465	-9.26178929257001e-05	8.578074089996448e-09	1.2360794408576986e-05	0.0	0.0	0.0	0.0	0.0	0.0	0.0	0.0	0.0	0.0	0.0	0.0	0.0	0.0	0.0	0.0	0.0	0.0	0.0	0.0	0.0	0.0	0.0	0.0	0.0
2200.993611547108	5.826109889674171	33.943556446559185	4844372.878071181	2476.9837304869693	-14.71105364899131	6135448.401097143	216.41509946350052	2355.859620135764	2.263623776643726	5550074.549786227	5.123992602186806	2387.761572177328	1688.718757213661	0.94697	25.017792	0.0897054370770349	0.0466144497561479	0.0186493265	-0.0403943002	-0.0002154685	0.0442865268	0.0013783145	0.0101654896	0.0269382861	0.0437168153	-0.0451375189	0.0139779346	-0.0303318752	-0.0100681821	-0.0589579715	0.1193858316	-0.0012978345	0.0065821072	-0.0394548571	0.0020691876	0.0221099311	0.0268210515	-0.0383246982	0.0329439201	0.0363851554	-0.023461862	-0.0026185603	0.0293062889	0.0064465998	0.0075974403	0.0129025041	-0.0298610994	-0.0350901574	0.012274577	0.05440957	-0.0140095121	-0.0455324705	-0.0481424336	0.0359483959	0.0165848828	-0.0229539513	-0.0110031407	-0.0154388552	0.0626812356	0.0140707797	0.0343940427	0.0401729559	-0.0305136168	-0.0117909956	-0.0284048651	-0.0938121387	0.0021209423	-0.0296740497	0.0139675619	-0.0698005368	0.032699016	-0.0204210006	-0.0512055019	0.0255174521	0.0123757836	0.1048415232	0.0348002358	0.0001232968	0.0165916097	-0.0325917319	-0.0394230154	-0.0029642728	0.0111277871	0.0294985464	0.0242403812	-0.0089337	0.01433691	0.0140333381	0.005797972	-0.0046021494	0.0426984482	0.0141307401	0.0144293143	0.0108280641	-0.0241367544	0.0136355211	0.0383388132	0.0004936269	-0.0466471877	0.02883599	0.0958682747	-0.0254108238	-0.0190424197	0.0076349199	-0.0020182383	-0.0097973957	0.0248880826	-0.0055185563	-0.0536388172	-0.0813264124	0.0803592349	-0.0787557834	0.076528754	-0.0736957799	0.0702792922	-0.0663063423	0.0618083875	-0.0407926527097544	0.0254350202397262	0.0016640405150986	0.0006469402545952	0.2712288426466926	0.0010782303265983	1.162580637196314e-06	0.0735650850834643	-0.3061972394851793	-0.0201895345473204	0.0937567494683442	0.0004076173052374	-0.0078861660705664	-0.0006523122042463	6.21916152925527e-05	4.2551121180879677e-07	0.002661748265456	-3.9016641768300185e-05	7.084903828658024e-06	1.5222983348758664e-09	-0.0033470679519934	0.0001687241932531	2.8467853388909444e-08	1.1202863875261292e-05	0.0	0.0	0.0	0.0	0.0	0.0	0.0	0.0	0.0	0.0	0.0	0.0	0.0	0.0	0.0	0.0	0.0	0.0	0.0	0.0	0.0	0.0	0.0	0.0	0.0
2197.881784617771	-3.111826929336985	9.683466838146847	4830684.339154597	2478.4531641718168	1.469433684847445	6142730.08699329	2.1592353541643403	2350.951065726902	-4.908554408862074	5526970.913442456	24.0939063847593	2387.168328449049	1660.8639267424624	0.899205	23.755894	0.1171679046690453	0.0563623723864521	0.011013786	-0.0324356997	0.029583609	-0.037121983	0.0017920367	0.0005080941	0.0291258321	0.0010837516	-0.0209048037	-0.0266708568	-0.0786943113	0.0862203961	0.0272907552	0.07409808	0.0246306391	0.0026147624	-0.0163514487	-0.0881151826	0.0197091327	0.0330859387	0.0125102493	0.0584960989	-0.0282729556	-0.0230656355	-0.0253676154	-0.0294667374	0.0168602394	-0.0302119038	-0.062797891	-0.0634793513	-0.0443687707	0.0113157559	-0.0074866266	0.0683155541	-0.0039410722	0.0263287295	-0.035790907	-0.0013538299	0.0292320153	0.0313850633	0.0550758782	-0.0398502555	-0.0186465753	0.0059779815	0.0100984563	-0.0175179135	-0.0463062335	-0.1216813372	-0.0289109623	-0.0118809784	-0.0124041382	-0.0401940243	0.0171130234	0.0468860308	-0.0146249278	-0.0765279326	0.0306712334	-0.0316181876	-0.0178920259	0.0686615892	-0.0416555727	-0.017066806	-0.0121122114	0.0040824945	0.0896795109	0.0414535555	0.0074894446	0.0130638038	-0.0092730645	0.004666842	0.0068938766	0.0111724078	-0.0340335991	0.0224274593	-0.0674771906	-0.0013498825	-0.0249932915	0.0293312037	-0.0197585034	0.0709114786	0.0843263597	-0.0502581127	0.0305351703	0.0006719526	-0.0243335513	0.0233874049	0.0088402299	-0.0025544819	0.0707904633	-0.0199284381	0.0094633186	0.0248043019	-0.0813979594	0.0806444153	-0.0793936715	0.0776534394	-0.0754344479	0.0727503781	-0.0696177779	0.066055961	-0.0570183876202747	-0.0162257349105203	0.0032510965268158	0.0002632744733864	0.2514648156947459	-0.0197640269519467	0.0003906167613572	0.0632345535323925	-0.2565709209506011	0.0496263185345782	0.0658286374774395	0.0024627714912954	-0.0080852758652485	-0.0001991097946821	6.53716858171699e-05	3.9644710338348325e-08	0.0024439455298872	-0.0002178027355687	5.972869753055627e-06	4.7438031621252574e-08	-0.0035611919071825	-0.0002141239551891	4.58490681858238e-08	1.2682087799782132e-05	0.0	0.0	0.0	0.0	0.0	0.0	0.0	0.0	0.0	0.0	0.0	0.0	0.0	0.0	0.0	0.0	0.0	0.0	0.0	0.0	0.0	0.0	0.0	0.0	0.0
2207.1614353021887	9.279650684417902	86.11191682481764	4871561.601485218	2500.81904032693	22.365876155113256	6254095.872461707	500.2324161858637	2361.975227355957	11.024161629055016	5578926.974643225	121.53213962352892	2394.965268016077	1671.1684245743438	1.012439	26.747387	0.0580466134577971	0.0271047835704961	-0.0103005093	-0.0199802711	0.041882852	-0.0099057535	0.0318194839	0.0015469739	0.0054641905	0.0664952408	0.0564711439	-0.054557623	0.0385386898	-0.0097549718	0.0154792263	-0.0607194263	0.0154683827	-0.0159438218	0.0237332102	0.0299203159	-0.0325616069	-0.0107618799	-0.0073342127	0.0245129193	0.0574889875	-0.0347838133	0.0623859997	0.0374351983	-0.0366957903	0.0024310366	0.072677453	0.0464642502	0.0299706772	0.0790274652	-0.0895350836	-0.0234143279	0.0116411585	0.0678679711	0.0078994011	0.0475671964	0.0645226835	0.0353838902	0.0045473232	-0.051639922	-0.0124537032	-0.016986282	-0.004357916	-0.0024835948	-0.0097838416	0.1042097252	0.002740557	0.0497998703	-0.0485281409	0.0478581385	-0.0145851681	0.0235078294	-0.0559902552	0.0254546894	0.0238000076	0.0238497417	-0.0538098154	-0.0420813652	0.0066246965	-0.0691478582	0.012018715	-0.0415855623	-0.0622635648	-0.0319609158	-0.0043716905	-0.05469031	-0.0042797789	0.0231603093	0.0150159353	0.0172628976	0.0052068496	0.043669824	0.0228926978	-0.0064447841	0.0443332372	-0.0034036753	0.0296686956	-0.0080371128	-0.0502757866	0.0900340366	0.0114302832	-0.0493179017	0.0587069519	0.0313239773	-0.0106749733	-0.007980137	-0.002584634	-0.0091549938	0.0542067146	0.0539049142	-0.0814605803	0.0808942224	-0.0799532077	0.0786418943	-0.0769663555	0.0749343514	-0.0725552932	0.0698401994	-0.0463231846915306	0.0106952029287441	0.0021458374399656	0.000114387365687	0.2520358881581472	0.0005710724634013	3.261237584552555e-07	0.063522088919666	-0.2814820311109329	-0.0249111101603318	0.0792321338383361	0.0006205634094201	-0.008231790388733	-0.0001465145234844	6.776237300403699e-05	2.1466505591889862e-08	0.0026779497505391	0.0002340042206518	7.171414866412427e-06	5.4757975282903044e-08	-0.0036180577211525	-5.686581397000004e-05	3.233720798470651e-09	1.3090341673591224e-05	0.0	0.0	0.0	0.0	0.0	0.0	0.0	0.0	0.0	0.0	0.0	0.0	0.0	0.0	0.0	0.0	0.0	0.0	0.0	0.0	0.0	0.0	0.0	0.0	0.0
2208.572043791424	1.4106084892355284	1.98981630990334	4877790.472617028	2514.3555985635785	13.536558236648489	6321984.076028011	183.23840889417605	2354.825661700705	-7.14956565525199	5545203.897004163	51.11628905875882	2394.0220781709145	1696.0958004431811	0.7678249999999999	20.284986	0.0539114004758166	0.0308507845295115	-0.0157675524	-0.0173310525	0.0138376045	-0.0087806772	0.0217137341	0.0126188913	-0.0131266314	-0.029157598	0.0133242813	-0.00402162	-0.0165723321	0.028979849	0.013711867	-0.0717684951	0.0058714522	0.0087859147	-0.001241994	-0.0230336639	0.0291250853	-0.0112058845	-0.0304919495	0.0196860539	0.0184414197	0.0162657608	0.0186511619	0.029854347	-0.0157402604	-0.0121812747	-0.0030132681	-0.0286067931	0.0910624921	0.0251031974	0.0209433596	-0.0619349732	0.0305145999	-0.048681461	0.0229309885	-0.054578878	-0.0456427179	0.0235844332	0.0031119634	-0.1229296645	-0.0062674488	0.0048895531	-0.0066152447	0.0124216771	-0.0174542164	0.0422405025	-0.0157817487	-0.0330542989	0.0534062317	0.0037723279	-0.0151044573	-0.0170862083	-0.0016618236	0.0210914274	-0.0081294723	-0.0117660012	-0.0549855456	0.0046669234	0.0310024255	0.0192097045	0.0641424631	0.0586751368	-0.016926655	-0.0154534087	0.0806045356	0.1118538732	-0.0150107741	0.0209732362	0.0094979615	0.0335656318	0.0104299577	0.019417357	-0.0135514463	0.012817821	-0.0168159682	-0.0097711557	-0.006166212	0.0099270707	-0.0077634575	0.0446773537	-0.0250346017	-0.0048782442	0.0521161424	0.0695047455	-0.0345948929	-0.0031360272	-0.0090533492	0.0051875099	0.0086087622	0.0431424203	-0.081514268	0.0811085467	-0.0804338397	0.0794923845	-0.0782873035	0.0768225931	-0.0751031108	0.073134559	-0.0514758277709717	-0.005152643079441	0.0026497608447067	2.654973070411224e-05	0.2538402712355321	0.0018043830773848	3.2557982899529903e-06	0.0644348833009285	-0.3060287934111585	-0.0245467623002256	0.0936536223966895	0.0006025435394237	-0.0081212463209539	0.0001105440677791	6.595464180560725e-05	1.22199909211504e-08	0.0026380404986494	-3.9909251889699935e-05	6.959257672514375e-06	1.5927483863955176e-09	-0.003320358800446	0.0002976989207065	8.862464738981502e-08	1.10247825636992e-05	0.0	0.0	0.0	0.0	0.0	0.0	0.0	0.0	0.0	0.0	0.0	0.0	0.0	0.0	0.0	0.0	0.0	0.0	0.0	0.0	0.0	0.0	0.0	0.0	0.0
2205.231520423477	-3.3405233679472985	11.159096371801963	4863046.058669239	2506.268542389372	-8.087056174206282	6281382.006570549	65.40047756476794	2352.867251520572	-1.958410180132887	5535984.303277971	3.835370433648127	2390.306687863783	1711.8074404048348	0.817758	21.604162	0.1051485005085603	0.0471219473433198	-0.0183013335	-0.0359573255	-0.0011479025	0.0244174225	0.0338324999	0.0183215425	-0.0201222892	-0.0268105441	0.0327014589	-0.0525777907	-0.0501937452	-0.001069229	0.0661544661	-0.0251689097	-0.0021164498	0.0150833351	0.0113916482	-0.0339728459	-0.0195142841	0.0207336582	-0.0169910404	-0.0279613113	0.0485942072	0.0044912284	0.0244332071	0.0731222617	0.0193482288	-0.0067605688	0.028513908	-0.0166034598	0.059146304	-0.00387415	-0.0793141177	-0.0115995403	0.0135607796	0.0569556453	-0.1049566329	-0.0253306752	-0.0796091357	-0.0482563613	0.0457972593	0.0882816223	-0.019827156	0.0033683135	-0.0269789975	0.0325295241	-0.0431182946	0.029733254	-0.0638001847	-0.0147903152	0.035143059	0.0683031853	0.0162323031	-0.0696155216	-0.0563784383	0.0476588452	0.0155644206	-0.0373422569	-0.063885942	0.0224754892	0.0146244259	0.0663644482	0.0526929101	0.0099374017	-0.0180319647	-0.0452869016	0.0152637144	-0.0351121793	-0.0158806007	0.0302523106	0.0172882356	0.0459974436	-0.0137522119	0.0206377724	-0.0403751801	-0.0240161023	-0.0311814179	0.0038979049	-0.0779191653	0.0642220976	-0.0413883803	0.0412972377	-0.0651651568	0.002403817	0.019808383	0.0208177896	-0.0259618019	-0.0324456666	0.0012428993	0.0048536553	-0.027340138	-0.0017272227	-0.0815590168	0.081287294	-0.0808350932	0.0802034182	-0.0793936715	0.0784076511	-0.0772475461	0.0759159322	-0.058242204191174	-0.0067663764202023	0.0033921543490464	4.5783849859869705e-05	0.2382468976871763	-0.0155933735483557	0.0002431532986185	0.0567615842575638	-0.2760137232091963	0.0300150702019622	0.0761835753998028	0.0009009044392287	-0.0086491006165318	-0.0005278542955779	7.480694147489075e-05	2.786301573600412e-07	0.0024689679406297	-0.0001690725580197	6.095802691857261e-06	2.8585529875324838e-08	-0.0036789055536092	-0.0003585467531631	1.285557742038725e-07	1.3534346072376612e-05	0.0	0.0	0.0	0.0	0.0	0.0	0.0	0.0	0.0	0.0	0.0	0.0	0.0	0.0	0.0	0.0	0.0	0.0	0.0	0.0	0.0	0.0	0.0	0.0	0.0
2201.970769868158	-3.2607505553187366	10.632494184011447	4848675.271353769	2498.907497576813	-7.361044812559157	6244538.68144561	54.18498073250408	2353.636242410411	0.768990889838733	5539603.561587798	0.5913469886549664	2389.7286136344374	1702.168938372949	0.818299	21.61845	0.0510920745554136	0.0249976051147655	-0.0085489596	-0.0337448374	-0.008968209	0.0306189173	0.0090996019	0.0154389038	0.0108001069	-0.0238820134	0.012411545	-0.0734900508	-0.0207727005	-0.0059239027	0.0222699148	-0.0167564767	-0.0051625196	0.007723874	-0.0305293117	-0.0271058979	-0.0178231814	0.0331439693	0.0036091945	-0.0572326984	-0.0322800223	-0.0233600262	0.0495748981	0.0851613016	-0.0024883069	0.0421932153	0.0560733106	-0.0281709267	-0.0188446732	-0.0344550656	-0.032264789	-0.0034375806	-0.0075725415	0.0140243338	0.0089356685	0.0404128975	-0.0263659818	0.0605391503	0.0260677869	-0.0129467908	-0.0023268668	0.0151834605	0.01327707	0.0140528664	-0.0132686667	-0.0209126122	-0.02863716	-0.0198815905	0.0106293249	0.0931356027	0.0466251342	-0.0538211647	-0.0485526125	0.0528396206	0.0118235454	0.0655821879	0.0110168652	-0.0112178703	0.0012048244	-0.0240827995	-0.0241044812	0.0132029633	0.0374403398	-0.0269882741	-0.0533557712	0.0303313972	-0.0102798218	0.0198243928	0.0172155142	0.0169680258	-0.0258366066	0.0191379351	-0.0169416633	-0.0343243135	0.0087972235	0.0402604286	0.0163692409	0.0624335319	-0.0284897026	-0.0087129978	-0.0225427665	-0.0131138098	-0.0126723535	-0.007849113	-0.0133849884	-0.002333421	0.0521255244	0.028636069	-0.0567244317	-0.0054061816	-0.0815948217	0.0814303861	-0.0811565722	0.0807737477	-0.080282427	0.0796832699	-0.0789770813	0.0781648097	-0.061601004920945	-0.003358800729771	0.0037946838072702	1.128154234231022e-05	0.2564235358087359	0.0181766381215595	0.0003303901734021	0.065753029716654	-0.2885044443083444	-0.012490721099148	0.0832348143856665	0.0001560181135767	-0.0084282130350604	0.0002208875814714	7.103477496436204e-05	4.8791323648284386e-08	0.0024826070988763	1.3639158246600036e-05	6.163338007390998e-06	1.8602663767579784e-10	-0.0035721140012285	0.0001067915523806	1.1404435659879782e-08	1.2759998437772685e-05	0.0	0.0	0.0	0.0	0.0	0.0	0.0	0.0	0.0	0.0	0.0	0.0	0.0	0.0	0.0	0.0	0.0	0.0	0.0	0.0	0.0	0.0	0.0	0.0	0.0
2216.3756845878142	14.404914719656064	207.50156808056389	4912321.175232102	2485.902621596607	-13.00487598020618	6179711.844060883	169.12679926054363	2365.761763199516	12.12552078910494	5596828.720216882	147.02825440701608	2397.604864358471	1668.8645804970563	1.028663	27.176022	0.0980598593130707	0.037278211449645	-0.0361382017	-0.0083475639	0.0522001599	-0.0699453718	0.0319991152	0.0113054534	-0.0145415656	0.0831616155	-0.0735537793	-0.0400417549	0.0121533533	-0.0235079581	0.0032860241	-0.0030879451	0.0265474358	-0.0354642032	0.0798622768	0.0075502724	-0.0441992369	-0.017727658	0.0237656961	0.0109545445	-0.0658080029	-0.0600505438	-0.0278272755	0.0438652123	0.02045838	0.0299790911	-0.090293275	0.0014360094	0.0199195642	0.0288963451	-0.0048764356	0.0670892836	-0.0374627898	0.0673507999	-0.0061799193	-0.0127615593	-0.0204728897	-0.0047849511	-0.0374388439	0.0122542681	-0.0446654018	-0.0614901951	-0.0288955448	-0.0124739757	-0.0049753392	0.0517929144	0.081602371	0.0184117188	-0.0213366579	0.0354441966	-0.0360020429	0.0285299823	-0.0841580045	0.0172253649	0.0867990167	-0.0177901665	0.0635182369	-0.0275614435	0.04097511	-0.0076388273	-0.0369775988	0.0369559822	0.0661947449	-0.0089731982	-0.1105712964	-0.1513291116	-0.0164286344	0.029121838	0.0183759969	0.0195642414	0.0253324285	0.0162596449	0.0028159997	0.0039375795	0.0047935428	-0.0537298334	0.0333168559	0.0125605709	-0.0088496871	0.0093486405	0.0488949037	-0.0219513462	-0.0158952856	0.0034464256	-0.0025707945	0.0356967791	-0.0254956568	0.0456307548	-0.000667773	-0.0076803487	-0.0816216788	0.0815377601	-0.0813979594	0.0812023727	-0.0809511339	0.0806444153	-0.080282427	0.0798654172	-0.0668198278631138	-0.0052188229421687	0.0044648893956561	2.7236112901707404e-05	0.277200344677766	0.0207768088690301	0.0004316757867802	0.0768400310894722	-0.3053438299272812	-0.0168393856189368	0.0932348544746604	0.0002835649080232	-0.008731980577216	-0.0003037675421555	7.624748480087745e-05	9.227471966725413e-08	0.0029160621057777	0.0004334550069014	8.503418204752674e-06	1.878832430078929e-07	-0.0032048397126268	0.0003672742886016	1.3489040306788465e-07	1.0270997583629831e-05	0.0	0.0	0.0	0.0	0.0	0.0	0.0	0.0	0.0	0.0	0.0	0.0	0.0	0.0	0.0	0.0	0.0	0.0	0.0	0.0	0.0	0.0	0.0	0.0	0.0
2234.085653854578	17.709969266763892	313.6430114297216	4991138.708758838	2522.276277001225	36.37365540461815	6361877.617523161	1323.042807493907	2372.3866341632347	6.624870963718877	5628218.341956361	43.88891528592548	2407.845040457589	1725.57992995028	0.935136	24.705153	0.1266782661776803	0.0634497769912969	-0.0727510475	0.0283086811	0.0176030679	-0.0771169298	0.0402687517	0.0355231298	-0.0853554677	0.0214543281	-0.0722945038	-0.0154133126	-0.0413742017	0.0106624637	0.0367481408	2.52045e-05	0.0116703133	-0.0323314794	0.0566608023	0.0623134576	-0.1424793671	-0.0196447117	0.0193681448	-0.0479786972	0.0017080606	-0.0377947889	-0.0239495665	0.0350255712	0.0085691011	-0.0270445941	0.0010204045	-0.0460503414	0.011689561	0.0480392313	0.0428878043	-0.0473805164	0.0468129478	-0.046440906	0.0098937554	0.0496555845	0.0491004117	0.0111505903	-0.0123420028	0.0426918525	-0.0330192653	-0.0636393516	-0.0438638959	0.0866993548	0.0631732537	0.004350347	0.0912209523	0.0285203625	-0.0297983017	0.0408444312	-0.0615126243	-0.0168618091	-0.0517061846	0.020756585	0.0323501263	-0.0244502279	0.055223322	-0.0574657604	0.0035678756	-0.0102805346	-0.076029305	0.0413035925	-0.0252533452	-0.0274601787	0.0836877372	-0.0116871723	-0.0259927542	0.0498512992	0.0056229009	0.0762333629	0.0532261924	-0.0262987818	-0.0192207556	0.0267348339	-0.0370002017	-0.0423883831	0.036411182	0.0393753631	0.0318803401	-0.0402248874	0.0134792768	0.0147123003	-0.008521084	-0.0032131369	-0.0004615293	0.0659127168	-0.0346386977	0.0595479086	0.0695730278	-0.010409667	-0.0816395852	0.0816093689	-0.0815590168	0.0814885411	-0.0813979594	0.081287294	-0.0811565722	0.0810058262	-0.0507008856483537	0.0161189422147601	0.0025705798055274	0.0002598202981227	0.2755916713460351	-0.0016086733317308	2.5878298882220976e-06	0.075950769315301	-0.3309472638983806	-0.0256034339710993	0.1095260914818243	0.0006555358311124	-0.0096331588383923	-0.0009011782611763	9.279774920569568e-05	8.121222584167398e-07	0.00284436021506	-7.170189071770009e-05	8.090385033016169e-06	5.1411611324930065e-09	-0.0038989038939346	-0.0006940641813077	4.817250877744664e-07	1.5201451574138386e-05	0.0	0.0	0.0	0.0	0.0	0.0	0.0	0.0	0.0	0.0	0.0	0.0	0.0	0.0	0.0	0.0	0.0	0.0	0.0	0.0	0.0	0.0	0.0	0.0	0.0
2217.069650682437	-17.016003172141154	289.5443639543178	4915397.835977144	2507.0035983413013	-15.272678659923711	6285067.042096233	233.2547134492892	2360.608994193699	-11.777639969535812	5572474.823468187	138.71280325200752	2396.135968337654	1742.1674921321298	0.975433	25.769737	0.1460884723262919	0.074387265353043	-0.0604213151	0.0112488379	-0.0375237974	-0.0253761226	0.0291160169	0.0597490905	-0.0323152431	-0.0827090971	-0.0984854561	0.0072715332	-0.0907647787	0.1079111498	0.0336466388	0.0273093208	0.0019944906	0.0192393998	-0.0515830916	0.0287641879	-0.1207842915	0.0287430531	0.0061478568	-0.007969143	-0.0687680913	-0.0255032256	-0.0182282255	0.0606408801	0.1109406519	0.0221116284	-0.0641369296	-0.0064115611	-0.0129287588	-0.0352234735	0.0049412919	-0.042618298	-0.0131272975	0.0043777989	0.0071325022	-0.0254412498	0.0030512986	-0.0166459507	0.0056161882	0.1000748582	-0.0089677544	0.0122441779	0.0010409133	0.1110588839	0.0476155469	-0.1357807701	0.0668324975	-0.0450101812	0.0043293354	0.0251706739	-0.0135225678	-0.0114710587	-0.0439352223	0.0030443508	-0.0444589213	-0.0584552757	-0.0047569871	-0.050601449	0.0203941582	0.0002198163	0.0174640417	0.0462744525	-0.0128667699	-0.0384402625	-0.0234903491	0.0307773095	-0.0274282128	0.0421744575	0.0084443051	0.0671798877	0.0034604584	-0.0362905026	-0.0349390046	0.0066297529	-0.0479630636	0.0690721278	0.035296728	0.0809160113	0.0802305747	-0.0612272436	-0.036577987	-0.0044743841	-0.0281676356	0.0157797592	-0.011973804	0.0100650143	0.0195714478	0.0268051569	0.0493247569	0.0114328407	-0.0816485389	0.0816451812	-0.0816395852	0.081631751	-0.0816216788	0.0816093689	-0.0815948217	0.0815780375	-0.0687942318103864	-0.0180933461620326	0.0047326463303811	0.0003273691753391	0.2542871107328466	-0.0213045606131885	0.000453884302921	0.064661934684859	-0.2691925102645598	0.0617547536338207	0.0724646075825351	0.0038136495963738	-0.0090092748924256	0.0006238839459666	8.11670340872903e-05	3.892311780349797e-07	0.0029182311948934	7.387097983339993e-05	8.51607330684896e-06	5.456921661546581e-09	-0.0036979425813897	0.0002009613125449	4.0385449139769e-08	1.3674779335255118e-05	0.0	0.0	0.0	0.0	0.0	0.0	0.0	0.0	0.0	0.0	0.0	0.0	0.0	0.0	0.0	0.0	0.0	0.0	0.0	0.0	0.0	0.0	0.0	0.0	0.0
