
Thu Mar 12 16:49:07 CET 2026
cd /out/sourcedata/freesurfer/sub-v1s20x0050289_ses-1
setenv SUBJECTS_DIR /out/sourcedata/freesurfer
/opt/freesurfer/bin/recon-all -autorecon-hemi lh -noparcstats -noparcstats2 -noparcstats3 -nohyporelabel -nobalabels -lh-only -openmp 16 -subjid sub-v1s20x0050289_ses-1 -sd /out/sourcedata/freesurfer

subjid sub-v1s20x0050289_ses-1
setenv SUBJECTS_DIR /out/sourcedata/freesurfer
FREESURFER_HOME /opt/freesurfer
Actual FREESURFER_HOME /opt/freesurfer
build-stamp.txt: freesurfer-linux-ubuntu22_x86_64-7.3.2-20220804-6354275
Linux dna003 5.14.0-427.37.1.el9_4.x86_64 #1 SMP PREEMPT_DYNAMIC Fri Sep 13 12:41:50 EDT 2024 x86_64 x86_64 x86_64 GNU/Linux
cputime      unlimited
filesize     unlimited
datasize     unlimited
stacksize    8192 kbytes
coredumpsize 0 kbytes
memoryuse    67108864 kbytes
vmemoryuse   unlimited
descriptors  1024 
memorylocked unlimited
maxproc      2061970 
maxlocks     unlimited
maxsignal    2061970 
maxmessage   819200 
maxnice      0 
maxrtprio    0 
maxrttime    unlimited

               total        used        free      shared  buff/cache   available
Mem:           503Gi        46Gi       402Gi        15Gi        54Gi       437Gi
Swap:             0B          0B          0B

########################################
program versions used
7.3.2 (freesurfer-linux-ubuntu22_x86_64-7.3.2-20220804-6354275)
7.3.2

ProgramName: lta_convert  ProgramArguments: lta_convert -all-info  ProgramVersion: 7.3.2  TimeStamp: 2026/03/12-15:49:07-GMT  BuildTime: Aug  4 2022 06:17:15  BuildStamp: freesurfer-linux-ubuntu22_x86_64-7.3.2-20220804-6354275  User: oesteban  Machine: dna003  Platform: Linux  PlatformVersion: 5.14.0-427.37.1.el9_4.x86_64  CompilerName: GCC  CompilerVersion: 8.4.0
ProgramName: mri_and  ProgramArguments: mri_and -all-info  ProgramVersion: 7.3.2  TimeStamp: 2026/03/12-15:49:07-GMT  BuildTime: Aug  4 2022 06:17:15  BuildStamp: freesurfer-linux-ubuntu22_x86_64-7.3.2-20220804-6354275  User: oesteban  Machine: dna003  Platform: Linux  PlatformVersion: 5.14.0-427.37.1.el9_4.x86_64  CompilerName: GCC  CompilerVersion: 8.4.0
ProgramName: mri_annotation2label  ProgramArguments: mri_annotation2label -all-info  ProgramVersion: 7.3.2  TimeStamp: 2026/03/12-15:49:07-GMT  BuildTime: Aug  4 2022 06:17:15  BuildStamp: freesurfer-linux-ubuntu22_x86_64-7.3.2-20220804-6354275  User: oesteban  Machine: dna003  Platform: Linux  PlatformVersion: 5.14.0-427.37.1.el9_4.x86_64  CompilerName: GCC  CompilerVersion: 8.4.0
ProgramName: mri_aparc2aseg  ProgramArguments: mri_aparc2aseg -all-info  ProgramVersion: 7.3.2  TimeStamp: 2026/03/12-15:49:07-GMT  BuildTime: Aug  4 2022 06:17:15  BuildStamp: freesurfer-linux-ubuntu22_x86_64-7.3.2-20220804-6354275  User: oesteban  Machine: dna003  Platform: Linux  PlatformVersion: 5.14.0-427.37.1.el9_4.x86_64  CompilerName: GCC  CompilerVersion: 8.4.0
ProgramName: mri_surf2volseg  ProgramArguments: mri_surf2volseg -all-info  ProgramVersion: 7.3.2  TimeStamp: 2026/03/12-15:49:07-GMT  BuildTime: Aug  4 2022 06:17:15  BuildStamp: freesurfer-linux-ubuntu22_x86_64-7.3.2-20220804-6354275  User: oesteban  Machine: dna003  Platform: Linux  PlatformVersion: 5.14.0-427.37.1.el9_4.x86_64  CompilerName: GCC  CompilerVersion: 8.4.0
ProgramName: mri_binarize  ProgramArguments: mri_binarize -all-info  ProgramVersion: 7.3.2  TimeStamp: 2026/03/12-15:49:07-GMT  BuildTime: Aug  4 2022 06:17:15  BuildStamp: freesurfer-linux-ubuntu22_x86_64-7.3.2-20220804-6354275  User: oesteban  Machine: dna003  Platform: Linux  PlatformVersion: 5.14.0-427.37.1.el9_4.x86_64  CompilerName: GCC  CompilerVersion: 8.4.0
ProgramName: mri_ca_label  ProgramArguments: mri_ca_label -all-info  ProgramVersion: 7.3.2  TimeStamp: 2026/03/12-15:49:07-GMT  BuildTime: Aug  4 2022 06:17:15  BuildStamp: freesurfer-linux-ubuntu22_x86_64-7.3.2-20220804-6354275  User: oesteban  Machine: dna003  Platform: Linux  PlatformVersion: 5.14.0-427.37.1.el9_4.x86_64  CompilerName: GCC  CompilerVersion: 8.4.0
ProgramName: mri_ca_normalize  ProgramArguments: mri_ca_normalize -all-info  ProgramVersion: 7.3.2  TimeStamp: 2026/03/12-15:49:07-GMT  BuildTime: Aug  4 2022 06:17:15  BuildStamp: freesurfer-linux-ubuntu22_x86_64-7.3.2-20220804-6354275  User: oesteban  Machine: dna003  Platform: Linux  PlatformVersion: 5.14.0-427.37.1.el9_4.x86_64  CompilerName: GCC  CompilerVersion: 8.4.0
ProgramName: mri_ca_register  ProgramArguments: mri_ca_register -all-info  ProgramVersion: 7.3.2  TimeStamp: 2026/03/12-15:49:07-GMT  BuildTime: Aug  4 2022 06:17:15  BuildStamp: freesurfer-linux-ubuntu22_x86_64-7.3.2-20220804-6354275  User: oesteban  Machine: dna003  Platform: Linux  PlatformVersion: 5.14.0-427.37.1.el9_4.x86_64  CompilerName: GCC  CompilerVersion: 8.4.0
ProgramName: mri_cc  ProgramArguments: mri_cc -all-info  ProgramVersion: 7.3.2  TimeStamp: 2026/03/12-15:49:07-GMT  BuildTime: Aug  4 2022 06:17:15  BuildStamp: freesurfer-linux-ubuntu22_x86_64-7.3.2-20220804-6354275  User: oesteban  Machine: dna003  Platform: Linux  PlatformVersion: 5.14.0-427.37.1.el9_4.x86_64  CompilerName: GCC  CompilerVersion: 8.4.0
ProgramName: mri_compute_overlap  ProgramArguments: mri_compute_overlap -all-info  ProgramVersion: 7.3.2  TimeStamp: 2026/03/12-15:49:07-GMT  BuildTime: Aug  4 2022 06:17:15  BuildStamp: freesurfer-linux-ubuntu22_x86_64-7.3.2-20220804-6354275  User: oesteban  Machine: dna003  Platform: Linux  PlatformVersion: 5.14.0-427.37.1.el9_4.x86_64  CompilerName: GCC  CompilerVersion: 8.4.0
ProgramName: mri_compute_seg_overlap  ProgramArguments: mri_compute_seg_overlap -all-info  ProgramVersion: 7.3.2  TimeStamp: 2026/03/12-15:49:07-GMT  BuildTime: Aug  4 2022 06:17:15  BuildStamp: freesurfer-linux-ubuntu22_x86_64-7.3.2-20220804-6354275  User: oesteban  Machine: dna003  Platform: Linux  PlatformVersion: 5.14.0-427.37.1.el9_4.x86_64  CompilerName: GCC  CompilerVersion: 8.4.0
ProgramName: mri_concat  ProgramArguments: mri_concat -all-info  ProgramVersion: 7.3.2  TimeStamp: 2026/03/12-15:49:07-GMT  BuildTime: Aug  4 2022 06:17:15  BuildStamp: freesurfer-linux-ubuntu22_x86_64-7.3.2-20220804-6354275  User: oesteban  Machine: dna003  Platform: Linux  PlatformVersion: 5.14.0-427.37.1.el9_4.x86_64  CompilerName: GCC  CompilerVersion: 8.4.0
ProgramName: mri_concatenate_lta  ProgramArguments: mri_concatenate_lta -all-info  ProgramVersion: 7.3.2  TimeStamp: 2026/03/12-15:49:07-GMT  BuildTime: Aug  4 2022 06:17:15  BuildStamp: freesurfer-linux-ubuntu22_x86_64-7.3.2-20220804-6354275  User: oesteban  Machine: dna003  Platform: Linux  PlatformVersion: 5.14.0-427.37.1.el9_4.x86_64  CompilerName: GCC  CompilerVersion: 8.4.0
mri_convert -all-info 
ProgramName: mri_convert  ProgramArguments: mri_convert -all-info  ProgramVersion: 7.3.2  TimeStamp: 2026/03/12-15:49:07-GMT  BuildTime: Aug  4 2022 06:17:15  BuildStamp: freesurfer-linux-ubuntu22_x86_64-7.3.2-20220804-6354275  User: oesteban  Machine: dna003  Platform: Linux  PlatformVersion: 5.14.0-427.37.1.el9_4.x86_64  CompilerName: GCC  CompilerVersion: 8.4.0
ProgramName: mri_diff  ProgramArguments: mri_diff -all-info  ProgramVersion: 7.3.2  TimeStamp: 2026/03/12-15:49:07-GMT  BuildTime: Aug  4 2022 06:17:15  BuildStamp: freesurfer-linux-ubuntu22_x86_64-7.3.2-20220804-6354275  User: oesteban  Machine: dna003  Platform: Linux  PlatformVersion: 5.14.0-427.37.1.el9_4.x86_64  CompilerName: GCC  CompilerVersion: 8.4.0
ProgramName: mri_edit_wm_with_aseg  ProgramArguments: mri_edit_wm_with_aseg -all-info  ProgramVersion: 7.3.2  TimeStamp: 2026/03/12-15:49:07-GMT  BuildTime: Aug  4 2022 06:17:15  BuildStamp: freesurfer-linux-ubuntu22_x86_64-7.3.2-20220804-6354275  User: oesteban  Machine: dna003  Platform: Linux  PlatformVersion: 5.14.0-427.37.1.el9_4.x86_64  CompilerName: GCC  CompilerVersion: 8.4.0
ProgramName: mri_em_register  ProgramArguments: mri_em_register -all-info  ProgramVersion: 7.3.2  TimeStamp: 2026/03/12-15:49:07-GMT  BuildTime: Aug  4 2022 06:17:15  BuildStamp: freesurfer-linux-ubuntu22_x86_64-7.3.2-20220804-6354275  User: oesteban  Machine: dna003  Platform: Linux  PlatformVersion: 5.14.0-427.37.1.el9_4.x86_64  CompilerName: GCC  CompilerVersion: 8.4.0
ProgramName: mri_fill  ProgramArguments: mri_fill -all-info  ProgramVersion: 7.3.2  TimeStamp: 2026/03/12-15:49:07-GMT  BuildTime: Aug  4 2022 06:17:15  BuildStamp: freesurfer-linux-ubuntu22_x86_64-7.3.2-20220804-6354275  User: oesteban  Machine: dna003  Platform: Linux  PlatformVersion: 5.14.0-427.37.1.el9_4.x86_64  CompilerName: GCC  CompilerVersion: 8.4.0
ProgramName: mri_fuse_segmentations  ProgramArguments: mri_fuse_segmentations -all-info  ProgramVersion: 7.3.2  TimeStamp: 2026/03/12-15:49:07-GMT  BuildTime: Aug  4 2022 06:17:15  BuildStamp: freesurfer-linux-ubuntu22_x86_64-7.3.2-20220804-6354275  User: oesteban  Machine: dna003  Platform: Linux  PlatformVersion: 5.14.0-427.37.1.el9_4.x86_64  CompilerName: GCC  CompilerVersion: 8.4.0
ProgramName: mri_fwhm  ProgramArguments: mri_fwhm -all-info  ProgramVersion: 7.3.2  TimeStamp: 2026/03/12-15:49:07-GMT  BuildTime: Aug  4 2022 06:17:15  BuildStamp: freesurfer-linux-ubuntu22_x86_64-7.3.2-20220804-6354275  User: oesteban  Machine: dna003  Platform: Linux  PlatformVersion: 5.14.0-427.37.1.el9_4.x86_64  CompilerName: GCC  CompilerVersion: 8.4.0
ProgramName: mri_gcut  ProgramArguments: mri_gcut -all-info  ProgramVersion: 7.3.2  TimeStamp: 2026/03/12-15:49:07-GMT  BuildTime: Aug  4 2022 06:17:15  BuildStamp: freesurfer-linux-ubuntu22_x86_64-7.3.2-20220804-6354275  User: oesteban  Machine: dna003  Platform: Linux  PlatformVersion: 5.14.0-427.37.1.el9_4.x86_64  CompilerName: GCC  CompilerVersion: 8.4.0
ProgramName: mri_info  ProgramArguments: mri_info -all-info  ProgramVersion: 7.3.2  TimeStamp: 2026/03/12-15:49:07-GMT  BuildTime: Aug  4 2022 06:17:15  BuildStamp: freesurfer-linux-ubuntu22_x86_64-7.3.2-20220804-6354275  User: oesteban  Machine: dna003  Platform: Linux  PlatformVersion: 5.14.0-427.37.1.el9_4.x86_64  CompilerName: GCC  CompilerVersion: 8.4.0
ProgramName: mri_label2label  ProgramArguments: mri_label2label -all-info  ProgramVersion: 7.3.2  TimeStamp: 2026/03/12-15:49:07-GMT  BuildTime: Aug  4 2022 06:17:15  BuildStamp: freesurfer-linux-ubuntu22_x86_64-7.3.2-20220804-6354275  User: oesteban  Machine: dna003  Platform: Linux  PlatformVersion: 5.14.0-427.37.1.el9_4.x86_64  CompilerName: GCC  CompilerVersion: 8.4.0
ProgramName: mri_label2vol  ProgramArguments: mri_label2vol -all-info  ProgramVersion: 7.3.2  TimeStamp: 2026/03/12-15:49:07-GMT  BuildTime: Aug  4 2022 06:17:15  BuildStamp: freesurfer-linux-ubuntu22_x86_64-7.3.2-20220804-6354275  User: oesteban  Machine: dna003  Platform: Linux  PlatformVersion: 5.14.0-427.37.1.el9_4.x86_64  CompilerName: GCC  CompilerVersion: 8.4.0
ProgramName: mri_log_likelihood  ProgramArguments: mri_log_likelihood -all-info  ProgramVersion: 7.3.2  TimeStamp: 2026/03/12-15:49:07-GMT  BuildTime: Aug  4 2022 06:17:15  BuildStamp: freesurfer-linux-ubuntu22_x86_64-7.3.2-20220804-6354275  User: oesteban  Machine: dna003  Platform: Linux  PlatformVersion: 5.14.0-427.37.1.el9_4.x86_64  CompilerName: GCC  CompilerVersion: 8.4.0
ProgramName: mri_mask  ProgramArguments: mri_mask -all-info  ProgramVersion: 7.3.2  TimeStamp: 2026/03/12-15:49:07-GMT  BuildTime: Aug  4 2022 06:17:15  BuildStamp: freesurfer-linux-ubuntu22_x86_64-7.3.2-20220804-6354275  User: oesteban  Machine: dna003  Platform: Linux  PlatformVersion: 5.14.0-427.37.1.el9_4.x86_64  CompilerName: GCC  CompilerVersion: 8.4.0
ProgramName: mri_matrix_multiply  ProgramArguments: mri_matrix_multiply -all-info  ProgramVersion: 7.3.2  TimeStamp: 2026/03/12-15:49:07-GMT  BuildTime: Aug  4 2022 06:17:15  BuildStamp: freesurfer-linux-ubuntu22_x86_64-7.3.2-20220804-6354275  User: oesteban  Machine: dna003  Platform: Linux  PlatformVersion: 5.14.0-427.37.1.el9_4.x86_64  CompilerName: GCC  CompilerVersion: 8.4.0
ProgramName: mri_normalize  ProgramArguments: mri_normalize -all-info  ProgramVersion: 7.3.2  TimeStamp: 2026/03/12-15:49:07-GMT  BuildTime: Aug  4 2022 06:17:15  BuildStamp: freesurfer-linux-ubuntu22_x86_64-7.3.2-20220804-6354275  User: oesteban  Machine: dna003  Platform: Linux  PlatformVersion: 5.14.0-427.37.1.el9_4.x86_64  CompilerName: GCC  CompilerVersion: 8.4.0
ProgramName: mri_normalize_tp2  ProgramArguments: mri_normalize_tp2 -all-info  ProgramVersion: 7.3.2  TimeStamp: 2026/03/12-15:49:07-GMT  BuildTime: Aug  4 2022 06:17:15  BuildStamp: freesurfer-linux-ubuntu22_x86_64-7.3.2-20220804-6354275  User: oesteban  Machine: dna003  Platform: Linux  PlatformVersion: 5.14.0-427.37.1.el9_4.x86_64  CompilerName: GCC  CompilerVersion: 8.4.0
ProgramName: mri_or  ProgramArguments: mri_or -all-info  ProgramVersion: 7.3.2  TimeStamp: 2026/03/12-15:49:07-GMT  BuildTime: Aug  4 2022 06:17:15  BuildStamp: freesurfer-linux-ubuntu22_x86_64-7.3.2-20220804-6354275  User: oesteban  Machine: dna003  Platform: Linux  PlatformVersion: 5.14.0-427.37.1.el9_4.x86_64  CompilerName: GCC  CompilerVersion: 8.4.0
ProgramName: mri_relabel_hypointensities  ProgramArguments: mri_relabel_hypointensities -all-info  ProgramVersion: 7.3.2  TimeStamp: 2026/03/12-15:49:07-GMT  BuildTime: Aug  4 2022 06:17:15  BuildStamp: freesurfer-linux-ubuntu22_x86_64-7.3.2-20220804-6354275  User: oesteban  Machine: dna003  Platform: Linux  PlatformVersion: 5.14.0-427.37.1.el9_4.x86_64  CompilerName: GCC  CompilerVersion: 8.4.0
ProgramName: mri_relabel_nonwm_hypos  ProgramArguments: mri_relabel_nonwm_hypos -all-info  ProgramVersion: 7.3.2  TimeStamp: 2026/03/12-15:49:07-GMT  BuildTime: Aug  4 2022 06:17:15  BuildStamp: freesurfer-linux-ubuntu22_x86_64-7.3.2-20220804-6354275  User: oesteban  Machine: dna003  Platform: Linux  PlatformVersion: 5.14.0-427.37.1.el9_4.x86_64  CompilerName: GCC  CompilerVersion: 8.4.0
ProgramName: mri_remove_neck  ProgramArguments: mri_remove_neck -all-info  ProgramVersion: 7.3.2  TimeStamp: 2026/03/12-15:49:07-GMT  BuildTime: Aug  4 2022 06:17:15  BuildStamp: freesurfer-linux-ubuntu22_x86_64-7.3.2-20220804-6354275  User: oesteban  Machine: dna003  Platform: Linux  PlatformVersion: 5.14.0-427.37.1.el9_4.x86_64  CompilerName: GCC  CompilerVersion: 8.4.0
7.3.2

ProgramName: mri_robust_register  ProgramArguments: mri_robust_register -all-info  ProgramVersion: 7.3.2  TimeStamp: 2026/03/12-15:49:07-GMT  BuildTime: Aug  4 2022 06:17:15  BuildStamp: freesurfer-linux-ubuntu22_x86_64-7.3.2-20220804-6354275  User: oesteban  Machine: dna003  Platform: Linux  PlatformVersion: 5.14.0-427.37.1.el9_4.x86_64  CompilerName: GCC  CompilerVersion: 8.4.0
7.3.2

ProgramName: mri_robust_template  ProgramArguments: mri_robust_template -all-info  ProgramVersion: 7.3.2  TimeStamp: 2026/03/12-15:49:07-GMT  BuildTime: Aug  4 2022 06:17:15  BuildStamp: freesurfer-linux-ubuntu22_x86_64-7.3.2-20220804-6354275  User: oesteban  Machine: dna003  Platform: Linux  PlatformVersion: 5.14.0-427.37.1.el9_4.x86_64  CompilerName: GCC  CompilerVersion: 8.4.0
ProgramName: mris_anatomical_stats  ProgramArguments: mris_anatomical_stats -all-info  ProgramVersion: 7.3.2  TimeStamp: 2026/03/12-15:49:07-GMT  BuildTime: Aug  4 2022 06:17:15  BuildStamp: freesurfer-linux-ubuntu22_x86_64-7.3.2-20220804-6354275  User: oesteban  Machine: dna003  Platform: Linux  PlatformVersion: 5.14.0-427.37.1.el9_4.x86_64  CompilerName: GCC  CompilerVersion: 8.4.0
ProgramName: mris_ca_label  ProgramArguments: mris_ca_label -all-info  ProgramVersion: 7.3.2  TimeStamp: 2026/03/12-15:49:07-GMT  BuildTime: Aug  4 2022 06:17:15  BuildStamp: freesurfer-linux-ubuntu22_x86_64-7.3.2-20220804-6354275  User: oesteban  Machine: dna003  Platform: Linux  PlatformVersion: 5.14.0-427.37.1.el9_4.x86_64  CompilerName: GCC  CompilerVersion: 8.4.0
ProgramName: mris_calc  ProgramArguments: mris_calc -all-info  ProgramVersion: 7.3.2  TimeStamp: 2026/03/12-15:49:07-GMT  BuildTime: Aug  4 2022 06:17:15  BuildStamp: freesurfer-linux-ubuntu22_x86_64-7.3.2-20220804-6354275  User: oesteban  Machine: dna003  Platform: Linux  PlatformVersion: 5.14.0-427.37.1.el9_4.x86_64  CompilerName: GCC  CompilerVersion: 8.4.0
ProgramName: mris_convert  ProgramArguments: mris_convert -all-info  ProgramVersion: 7.3.2  TimeStamp: 2026/03/12-15:49:07-GMT  BuildTime: Aug  4 2022 06:17:15  BuildStamp: freesurfer-linux-ubuntu22_x86_64-7.3.2-20220804-6354275  User: oesteban  Machine: dna003  Platform: Linux  PlatformVersion: 5.14.0-427.37.1.el9_4.x86_64  CompilerName: GCC  CompilerVersion: 8.4.0
ProgramName: mris_curvature  ProgramArguments: mris_curvature -all-info  ProgramVersion: 7.3.2  TimeStamp: 2026/03/12-15:49:07-GMT  BuildTime: Aug  4 2022 06:17:15  BuildStamp: freesurfer-linux-ubuntu22_x86_64-7.3.2-20220804-6354275  User: oesteban  Machine: dna003  Platform: Linux  PlatformVersion: 5.14.0-427.37.1.el9_4.x86_64  CompilerName: GCC  CompilerVersion: 8.4.0
ProgramName: mris_curvature_stats  ProgramArguments: mris_curvature_stats -all-info  ProgramVersion: 7.3.2  TimeStamp: 2026/03/12-15:49:07-GMT  BuildTime: Aug  4 2022 06:17:15  BuildStamp: freesurfer-linux-ubuntu22_x86_64-7.3.2-20220804-6354275  User: oesteban  Machine: dna003  Platform: Linux  PlatformVersion: 5.14.0-427.37.1.el9_4.x86_64  CompilerName: GCC  CompilerVersion: 8.4.0
ProgramName: mris_diff  ProgramArguments: mris_diff -all-info  ProgramVersion: 7.3.2  TimeStamp: 2026/03/12-15:49:07-GMT  BuildTime: Aug  4 2022 06:17:15  BuildStamp: freesurfer-linux-ubuntu22_x86_64-7.3.2-20220804-6354275  User: oesteban  Machine: dna003  Platform: Linux  PlatformVersion: 5.14.0-427.37.1.el9_4.x86_64  CompilerName: GCC  CompilerVersion: 8.4.0
ProgramName: mris_divide_parcellation  ProgramArguments: mris_divide_parcellation -all-info  ProgramVersion: 7.3.2  TimeStamp: 2026/03/12-15:49:07-GMT  BuildTime: Aug  4 2022 06:17:15  BuildStamp: freesurfer-linux-ubuntu22_x86_64-7.3.2-20220804-6354275  User: oesteban  Machine: dna003  Platform: Linux  PlatformVersion: 5.14.0-427.37.1.el9_4.x86_64  CompilerName: GCC  CompilerVersion: 8.4.0
ProgramName: mri_segment  ProgramArguments: mri_segment -all-info  ProgramVersion: 7.3.2  TimeStamp: 2026/03/12-15:49:07-GMT  BuildTime: Aug  4 2022 06:17:15  BuildStamp: freesurfer-linux-ubuntu22_x86_64-7.3.2-20220804-6354275  User: oesteban  Machine: dna003  Platform: Linux  PlatformVersion: 5.14.0-427.37.1.el9_4.x86_64  CompilerName: GCC  CompilerVersion: 8.4.0
ProgramName: mri_segstats  ProgramArguments: mri_segstats -all-info  ProgramVersion: 7.3.2  TimeStamp: 2026/03/12-15:49:07-GMT  BuildTime: Aug  4 2022 06:17:15  BuildStamp: freesurfer-linux-ubuntu22_x86_64-7.3.2-20220804-6354275  User: oesteban  Machine: dna003  Platform: Linux  PlatformVersion: 5.14.0-427.37.1.el9_4.x86_64  CompilerName: GCC  CompilerVersion: 8.4.0
ProgramName: mris_euler_number  ProgramArguments: mris_euler_number -all-info  ProgramVersion: 7.3.2  TimeStamp: 2026/03/12-15:49:07-GMT  BuildTime: Aug  4 2022 06:17:15  BuildStamp: freesurfer-linux-ubuntu22_x86_64-7.3.2-20220804-6354275  User: oesteban  Machine: dna003  Platform: Linux  PlatformVersion: 5.14.0-427.37.1.el9_4.x86_64  CompilerName: GCC  CompilerVersion: 8.4.0
ProgramName: mris_fix_topology  ProgramArguments: mris_fix_topology -all-info  ProgramVersion: 7.3.2  TimeStamp: 2026/03/12-15:49:07-GMT  BuildTime: Aug  4 2022 06:17:15  BuildStamp: freesurfer-linux-ubuntu22_x86_64-7.3.2-20220804-6354275  User: oesteban  Machine: dna003  Platform: Linux  PlatformVersion: 5.14.0-427.37.1.el9_4.x86_64  CompilerName: GCC  CompilerVersion: 8.4.0
ProgramName: mris_topo_fixer  ProgramArguments: mris_topo_fixer -all-info  ProgramVersion: 7.3.2  TimeStamp: 2026/03/12-15:49:07-GMT  BuildTime: Aug  4 2022 06:17:15  BuildStamp: freesurfer-linux-ubuntu22_x86_64-7.3.2-20220804-6354275  User: oesteban  Machine: dna003  Platform: Linux  PlatformVersion: 5.14.0-427.37.1.el9_4.x86_64  CompilerName: GCC  CompilerVersion: 8.4.0
ProgramName: mris_jacobian  ProgramArguments: mris_jacobian -all-info  ProgramVersion: 7.3.2  TimeStamp: 2026/03/12-15:49:07-GMT  BuildTime: Aug  4 2022 06:17:15  BuildStamp: freesurfer-linux-ubuntu22_x86_64-7.3.2-20220804-6354275  User: oesteban  Machine: dna003  Platform: Linux  PlatformVersion: 5.14.0-427.37.1.el9_4.x86_64  CompilerName: GCC  CompilerVersion: 8.4.0
ProgramName: mris_label2annot  ProgramArguments: mris_label2annot -all-info  ProgramVersion: 7.3.2  TimeStamp: 2026/03/12-15:49:07-GMT  BuildTime: Aug  4 2022 06:17:15  BuildStamp: freesurfer-linux-ubuntu22_x86_64-7.3.2-20220804-6354275  User: oesteban  Machine: dna003  Platform: Linux  PlatformVersion: 5.14.0-427.37.1.el9_4.x86_64  CompilerName: GCC  CompilerVersion: 8.4.0
ProgramName: mris_left_right_register  ProgramArguments: mris_left_right_register -all-info  ProgramVersion: 7.3.2  TimeStamp: 2026/03/12-15:49:07-GMT  BuildTime: Aug  4 2022 06:17:15  BuildStamp: freesurfer-linux-ubuntu22_x86_64-7.3.2-20220804-6354275  User: oesteban  Machine: dna003  Platform: Linux  PlatformVersion: 5.14.0-427.37.1.el9_4.x86_64  CompilerName: GCC  CompilerVersion: 8.4.0
ProgramName: mris_place_surface  ProgramArguments: mris_place_surface -all-info  ProgramVersion: 7.3.2  TimeStamp: 2026/03/12-15:49:07-GMT  BuildTime: Aug  4 2022 06:17:15  BuildStamp: freesurfer-linux-ubuntu22_x86_64-7.3.2-20220804-6354275  User: oesteban  Machine: dna003  Platform: Linux  PlatformVersion: 5.14.0-427.37.1.el9_4.x86_64  CompilerName: GCC  CompilerVersion: 8.4.0
ProgramName: mrisp_paint  ProgramArguments: mrisp_paint -all-info  ProgramVersion: 7.3.2  TimeStamp: 2026/03/12-15:49:07-GMT  BuildTime: Aug  4 2022 06:17:15  BuildStamp: freesurfer-linux-ubuntu22_x86_64-7.3.2-20220804-6354275  User: oesteban  Machine: dna003  Platform: Linux  PlatformVersion: 5.14.0-427.37.1.el9_4.x86_64  CompilerName: GCC  CompilerVersion: 8.4.0
ProgramName: mris_register  ProgramArguments: mris_register -all-info  ProgramVersion: 7.3.2  TimeStamp: 2026/03/12-15:49:07-GMT  BuildTime: Aug  4 2022 06:17:15  BuildStamp: freesurfer-linux-ubuntu22_x86_64-7.3.2-20220804-6354275  User: oesteban  Machine: dna003  Platform: Linux  PlatformVersion: 5.14.0-427.37.1.el9_4.x86_64  CompilerName: GCC  CompilerVersion: 8.4.0
ProgramName: mris_smooth  ProgramArguments: mris_smooth -all-info  ProgramVersion: 7.3.2  TimeStamp: 2026/03/12-15:49:07-GMT  BuildTime: Aug  4 2022 06:17:15  BuildStamp: freesurfer-linux-ubuntu22_x86_64-7.3.2-20220804-6354275  User: oesteban  Machine: dna003  Platform: Linux  PlatformVersion: 5.14.0-427.37.1.el9_4.x86_64  CompilerName: GCC  CompilerVersion: 8.4.0
ProgramName: mris_sphere  ProgramArguments: mris_sphere -all-info  ProgramVersion: 7.3.2  TimeStamp: 2026/03/12-15:49:07-GMT  BuildTime: Aug  4 2022 06:17:15  BuildStamp: freesurfer-linux-ubuntu22_x86_64-7.3.2-20220804-6354275  User: oesteban  Machine: dna003  Platform: Linux  PlatformVersion: 5.14.0-427.37.1.el9_4.x86_64  CompilerName: GCC  CompilerVersion: 8.4.0
ProgramName: mris_surface_stats  ProgramArguments: mris_surface_stats -all-info  ProgramVersion: 7.3.2  TimeStamp: 2026/03/12-15:49:07-GMT  BuildTime: Aug  4 2022 06:17:15  BuildStamp: freesurfer-linux-ubuntu22_x86_64-7.3.2-20220804-6354275  User: oesteban  Machine: dna003  Platform: Linux  PlatformVersion: 5.14.0-427.37.1.el9_4.x86_64  CompilerName: GCC  CompilerVersion: 8.4.0
ProgramName: mri_stats2seg  ProgramArguments: mri_stats2seg -all-info  ProgramVersion: 7.3.2  TimeStamp: 2026/03/12-15:49:07-GMT  BuildTime: Aug  4 2022 06:17:15  BuildStamp: freesurfer-linux-ubuntu22_x86_64-7.3.2-20220804-6354275  User: oesteban  Machine: dna003  Platform: Linux  PlatformVersion: 5.14.0-427.37.1.el9_4.x86_64  CompilerName: GCC  CompilerVersion: 8.4.0
ProgramName: mris_thickness  ProgramArguments: mris_thickness -all-info  ProgramVersion: 7.3.2  TimeStamp: 2026/03/12-15:49:07-GMT  BuildTime: Aug  4 2022 06:17:15  BuildStamp: freesurfer-linux-ubuntu22_x86_64-7.3.2-20220804-6354275  User: oesteban  Machine: dna003  Platform: Linux  PlatformVersion: 5.14.0-427.37.1.el9_4.x86_64  CompilerName: GCC  CompilerVersion: 8.4.0
ProgramName: mris_thickness_diff  ProgramArguments: mris_thickness_diff -all-info  ProgramVersion: 7.3.2  TimeStamp: 2026/03/12-15:49:07-GMT  BuildTime: Aug  4 2022 06:17:15  BuildStamp: freesurfer-linux-ubuntu22_x86_64-7.3.2-20220804-6354275  User: oesteban  Machine: dna003  Platform: Linux  PlatformVersion: 5.14.0-427.37.1.el9_4.x86_64  CompilerName: GCC  CompilerVersion: 8.4.0
ProgramName: mris_topo_fixer  ProgramArguments: mris_topo_fixer -all-info  ProgramVersion: 7.3.2  TimeStamp: 2026/03/12-15:49:07-GMT  BuildTime: Aug  4 2022 06:17:15  BuildStamp: freesurfer-linux-ubuntu22_x86_64-7.3.2-20220804-6354275  User: oesteban  Machine: dna003  Platform: Linux  PlatformVersion: 5.14.0-427.37.1.el9_4.x86_64  CompilerName: GCC  CompilerVersion: 8.4.0
ProgramName: mri_surf2surf  ProgramArguments: mri_surf2surf -all-info  ProgramVersion: 7.3.2  TimeStamp: 2026/03/12-15:49:07-GMT  BuildTime: Aug  4 2022 06:17:15  BuildStamp: freesurfer-linux-ubuntu22_x86_64-7.3.2-20220804-6354275  User: oesteban  Machine: dna003  Platform: Linux  PlatformVersion: 5.14.0-427.37.1.el9_4.x86_64  CompilerName: GCC  CompilerVersion: 8.4.0
ProgramName: mri_surf2vol  ProgramArguments: mri_surf2vol -all-info  ProgramVersion: 7.3.2  TimeStamp: 2026/03/12-15:49:07-GMT  BuildTime: Aug  4 2022 06:17:15  BuildStamp: freesurfer-linux-ubuntu22_x86_64-7.3.2-20220804-6354275  User: oesteban  Machine: dna003  Platform: Linux  PlatformVersion: 5.14.0-427.37.1.el9_4.x86_64  CompilerName: GCC  CompilerVersion: 8.4.0
ProgramName: mri_surfcluster  ProgramArguments: mri_surfcluster -all-info  ProgramVersion: 7.3.2  TimeStamp: 2026/03/12-15:49:07-GMT  BuildTime: Aug  4 2022 06:17:15  BuildStamp: freesurfer-linux-ubuntu22_x86_64-7.3.2-20220804-6354275  User: oesteban  Machine: dna003  Platform: Linux  PlatformVersion: 5.14.0-427.37.1.el9_4.x86_64  CompilerName: GCC  CompilerVersion: 8.4.0
ProgramName: mris_volmask  ProgramArguments: mris_volmask -all-info  ProgramVersion: 7.3.2  TimeStamp: 2026/03/12-15:49:07-GMT  BuildTime: Aug  4 2022 06:17:15  BuildStamp: freesurfer-linux-ubuntu22_x86_64-7.3.2-20220804-6354275  User: oesteban  Machine: dna003  Platform: Linux  PlatformVersion: 5.14.0-427.37.1.el9_4.x86_64  CompilerName: GCC  CompilerVersion: 8.4.0
ProgramName: mri_tessellate  ProgramArguments: mri_tessellate -all-info  ProgramVersion: 7.3.2  TimeStamp: 2026/03/12-15:49:07-GMT  BuildTime: Aug  4 2022 06:17:15  BuildStamp: freesurfer-linux-ubuntu22_x86_64-7.3.2-20220804-6354275  User: oesteban  Machine: dna003  Platform: Linux  PlatformVersion: 5.14.0-427.37.1.el9_4.x86_64  CompilerName: GCC  CompilerVersion: 8.4.0
ProgramName: mri_vol2surf  ProgramArguments: mri_vol2surf -all-info  ProgramVersion: 7.3.2  TimeStamp: 2026/03/12-15:49:07-GMT  BuildTime: Aug  4 2022 06:17:15  BuildStamp: freesurfer-linux-ubuntu22_x86_64-7.3.2-20220804-6354275  User: oesteban  Machine: dna003  Platform: Linux  PlatformVersion: 5.14.0-427.37.1.el9_4.x86_64  CompilerName: GCC  CompilerVersion: 8.4.0
ProgramName: mri_vol2vol  ProgramArguments: mri_vol2vol -all-info  ProgramVersion: 7.3.2  TimeStamp: 2026/03/12-15:49:07-GMT  BuildTime: Aug  4 2022 06:17:15  BuildStamp: freesurfer-linux-ubuntu22_x86_64-7.3.2-20220804-6354275  User: oesteban  Machine: dna003  Platform: Linux  PlatformVersion: 5.14.0-427.37.1.el9_4.x86_64  CompilerName: GCC  CompilerVersion: 8.4.0
ProgramName: mri_voldiff  ProgramArguments: mri_voldiff -all-info  ProgramVersion: 7.3.2  TimeStamp: 2026/03/12-15:49:07-GMT  BuildTime: Aug  4 2022 06:17:15  BuildStamp: freesurfer-linux-ubuntu22_x86_64-7.3.2-20220804-6354275  User: oesteban  Machine: dna003  Platform: Linux  PlatformVersion: 5.14.0-427.37.1.el9_4.x86_64  CompilerName: GCC  CompilerVersion: 8.4.0
ProgramName: mri_watershed  ProgramArguments: mri_watershed -all-info  ProgramVersion: 7.3.2  TimeStamp: 2026/03/12-15:49:07-GMT  BuildTime: Aug  4 2022 06:17:15  BuildStamp: freesurfer-linux-ubuntu22_x86_64-7.3.2-20220804-6354275  User: oesteban  Machine: dna003  Platform: Linux  PlatformVersion: 5.14.0-427.37.1.el9_4.x86_64  CompilerName: GCC  CompilerVersion: 8.4.0
ProgramName: tkregister2  ProgramArguments: tkregister2_cmdl -all-info  ProgramVersion: 7.3.2  TimeStamp: 2026/03/12-15:49:07-GMT  BuildTime: Aug  4 2022 06:17:15  BuildStamp: freesurfer-linux-ubuntu22_x86_64-7.3.2-20220804-6354275  User: oesteban  Machine: dna003  Platform: Linux  PlatformVersion: 5.14.0-427.37.1.el9_4.x86_64  CompilerName: GCC  CompilerVersion: 8.4.0
mri_motion_correct.fsl 7.3.2
mri_convert -all-info 
ProgramName: mri_convert  ProgramArguments: mri_convert -all-info  ProgramVersion: 7.3.2  TimeStamp: 2026/03/12-15:49:07-GMT  BuildTime: Aug  4 2022 06:17:15  BuildStamp: freesurfer-linux-ubuntu22_x86_64-7.3.2-20220804-6354275  User: oesteban  Machine: dna003  Platform: Linux  PlatformVersion: 5.14.0-427.37.1.el9_4.x86_64  CompilerName: GCC  CompilerVersion: 8.4.0
Program nu_correct, built from:
Package MNI N3, version 1.12.0, compiled by nicks@terrier (x86_64-unknown-linux-gnu) on 2015-06-19 at 01:25:34
#######################################
GCADIR /opt/freesurfer/average
GCA RB_all_2020-01-02.gca
GCASkull RB_all_withskull_2020_01_02.gca
AvgCurvTif folding.atlas.acfb40.noaparc.i12.2016-08-02.tif
GCSDIR /opt/freesurfer/average
GCS DKaparc.atlas.acfb40.noaparc.i12.2016-08-02.gcs
#######################################
#--------------------------------------------
#@# Tessellate lh Thu Mar 12 16:49:07 CET 2026
/out/sourcedata/freesurfer/sub-v1s20x0050289_ses-1/scripts

 mri_pretess ../mri/filled.mgz 255 ../mri/norm.mgz ../mri/filled-pretess255.mgz 


Iteration Number : 1
pass   1 (xy+):   1 found -   1 modified     |    TOTAL:   1
pass   2 (xy+):   0 found -   1 modified     |    TOTAL:   1
pass   1 (xy-):   0 found -   0 modified     |    TOTAL:   1
pass   1 (yz+):   4 found -   4 modified     |    TOTAL:   5
pass   2 (yz+):   0 found -   4 modified     |    TOTAL:   5
pass   1 (yz-):   2 found -   2 modified     |    TOTAL:   7
pass   2 (yz-):   0 found -   2 modified     |    TOTAL:   7
pass   1 (xz+):   0 found -   0 modified     |    TOTAL:   7
pass   1 (xz-):   0 found -   0 modified     |    TOTAL:   7
Iteration Number : 1
pass   1 (+++):   0 found -   0 modified     |    TOTAL:   0
pass   1 (+++):   0 found -   0 modified     |    TOTAL:   0
pass   1 (+++):   0 found -   0 modified     |    TOTAL:   0
pass   1 (+++):   0 found -   0 modified     |    TOTAL:   0
Iteration Number : 1
pass   1 (++):   0 found -   0 modified     |    TOTAL:   0
pass   1 (+-):   0 found -   0 modified     |    TOTAL:   0
pass   1 (--):   0 found -   0 modified     |    TOTAL:   0
pass   1 (-+):   1 found -   1 modified     |    TOTAL:   1
pass   2 (-+):   0 found -   1 modified     |    TOTAL:   1
Iteration Number : 2
pass   1 (xy+):   0 found -   0 modified     |    TOTAL:   0
pass   1 (xy-):   0 found -   0 modified     |    TOTAL:   0
pass   1 (yz+):   0 found -   0 modified     |    TOTAL:   0
pass   1 (yz-):   0 found -   0 modified     |    TOTAL:   0
pass   1 (xz+):   0 found -   0 modified     |    TOTAL:   0
pass   1 (xz-):   0 found -   0 modified     |    TOTAL:   0
Iteration Number : 2
pass   1 (+++):   0 found -   0 modified     |    TOTAL:   0
pass   1 (+++):   0 found -   0 modified     |    TOTAL:   0
pass   1 (+++):   0 found -   0 modified     |    TOTAL:   0
pass   1 (+++):   0 found -   0 modified     |    TOTAL:   0
Iteration Number : 2
pass   1 (++):   0 found -   0 modified     |    TOTAL:   0
pass   1 (+-):   0 found -   0 modified     |    TOTAL:   0
pass   1 (--):   0 found -   0 modified     |    TOTAL:   0
pass   1 (-+):   0 found -   0 modified     |    TOTAL:   0

Total Number of Modified Voxels = 8 (out of 236161: 0.003388)
Ambiguous edge configurations... 

mri_pretess done


 mri_tessellate ../mri/filled-pretess255.mgz 255 ../surf/lh.orig.nofix 

7.3.2
  7.3.2
slice 40: 586 vertices, 634 faces
slice 50: 4786 vertices, 5010 faces
slice 60: 11612 vertices, 11837 faces
slice 70: 19584 vertices, 19891 faces
slice 80: 27901 vertices, 28213 faces
slice 90: 37221 vertices, 37564 faces
slice 100: 47627 vertices, 48050 faces
slice 110: 59163 vertices, 59550 faces
slice 120: 70833 vertices, 71254 faces
slice 130: 81326 vertices, 81707 faces
slice 140: 91152 vertices, 91438 faces
slice 150: 98536 vertices, 98828 faces
slice 160: 105688 vertices, 105950 faces
slice 170: 112470 vertices, 112692 faces
slice 180: 117690 vertices, 117889 faces
slice 190: 121321 vertices, 121446 faces
slice 200: 122482 vertices, 122518 faces
slice 210: 122482 vertices, 122518 faces
slice 220: 122482 vertices, 122518 faces
slice 230: 122482 vertices, 122518 faces
slice 240: 122482 vertices, 122518 faces
slice 250: 122482 vertices, 122518 faces
using the conformed surface RAS to save vertex points...
writing ../surf/lh.orig.nofix
using vox2ras matrix:
-1.00000   0.00000   0.00000   128.00000;
 0.00000   0.00000   1.00000  -128.00000;
 0.00000  -1.00000   0.00000   128.00000;
 0.00000   0.00000   0.00000   1.00000;

 rm -f ../mri/filled-pretess255.mgz 


 mris_extract_main_component ../surf/lh.orig.nofix ../surf/lh.orig.nofix 


counting number of connected components...
   122482 voxel in cpt #1: X=-36 [v=122482,e=367554,f=245036] located at (-27.463179, -16.275093, 7.673315)
For the whole surface: X=-36 [v=122482,e=367554,f=245036]
One single component has been found
nothing to do
done

#--------------------------------------------
#@# Smooth1 lh Thu Mar 12 16:49:11 CET 2026
/out/sourcedata/freesurfer/sub-v1s20x0050289_ses-1/scripts

 mris_smooth -nw -seed 1234 ../surf/lh.orig.nofix ../surf/lh.smoothwm.nofix 

setting seed for random number generator to 1234
smoothing surface tessellation for 10 iterations...
smoothing complete - recomputing first and second fundamental forms...
#--------------------------------------------
#@# Inflation1 lh Thu Mar 12 16:49:13 CET 2026
/out/sourcedata/freesurfer/sub-v1s20x0050289_ses-1/scripts

 mris_inflate -no-save-sulc ../surf/lh.smoothwm.nofix ../surf/lh.inflated.nofix 

Not saving sulc
Reading ../surf/lh.smoothwm.nofix
avg radius = 45.3 mm, total surface area = 65620 mm^2
step 000: RMS=0.153 (target=0.015)   step 005: RMS=0.117 (target=0.015)   step 010: RMS=0.089 (target=0.015)   step 015: RMS=0.075 (target=0.015)   step 020: RMS=0.065 (target=0.015)   step 025: RMS=0.056 (target=0.015)   step 030: RMS=0.050 (target=0.015)   step 035: RMS=0.046 (target=0.015)   step 040: RMS=0.042 (target=0.015)   step 045: RMS=0.041 (target=0.015)   step 050: RMS=0.040 (target=0.015)   step 055: RMS=0.039 (target=0.015)   step 060: RMS=0.039 (target=0.015)   writing inflated surface to ../surf/lh.inflated.nofix
inflation took 0.2 minutes

inflation complete.
Not saving sulc
mris_inflate utimesec    51.061522
mris_inflate stimesec    1.998607
mris_inflate ru_maxrss   196616
mris_inflate ru_ixrss    0
mris_inflate ru_idrss    0
mris_inflate ru_isrss    0
mris_inflate ru_minflt   565772
mris_inflate ru_majflt   33
mris_inflate ru_nswap    0
mris_inflate ru_inblock  1672
mris_inflate ru_oublock  8624
mris_inflate ru_msgsnd   0
mris_inflate ru_msgrcv   0
mris_inflate ru_nsignals 0
mris_inflate ru_nvcsw    12425
mris_inflate ru_nivcsw   327
#--------------------------------------------
#@# QSphere lh Thu Mar 12 16:49:25 CET 2026
/out/sourcedata/freesurfer/sub-v1s20x0050289_ses-1/scripts

 mris_sphere -q -p 6 -a 128 -seed 1234 ../surf/lh.inflated.nofix ../surf/lh.qsphere.nofix 

doing quick spherical unfolding.
limitting unfolding to 6 passes
using n_averages = 128
setting seed for random number genererator to 1234
version: 7.3.2
available threads: 16
scaling brain by 0.321...
inflating...
projecting onto sphere...
surface projected - minimizing metric distortion...
vertex spacing 1.03 +- 0.59 (0.00-->7.03) (max @ vno 47378 --> 48604)
face area 0.03 +- 0.03 (-0.19-->0.60)
Entering MRISinflateToSphere()
inflating to sphere (rms error < 2.00)
000: dt: 0.0000, rms radial error=177.091, avgs=0
005/300: dt: 0.9000, rms radial error=176.835, avgs=0
010/300: dt: 0.9000, rms radial error=176.284, avgs=0
015/300: dt: 0.9000, rms radial error=175.559, avgs=0
020/300: dt: 0.9000, rms radial error=174.729, avgs=0
025/300: dt: 0.9000, rms radial error=173.841, avgs=0
030/300: dt: 0.9000, rms radial error=172.920, avgs=0
035/300: dt: 0.9000, rms radial error=171.981, avgs=0
040/300: dt: 0.9000, rms radial error=171.035, avgs=0
045/300: dt: 0.9000, rms radial error=170.085, avgs=0
050/300: dt: 0.9000, rms radial error=169.136, avgs=0
055/300: dt: 0.9000, rms radial error=168.190, avgs=0
060/300: dt: 0.9000, rms radial error=167.246, avgs=0
065/300: dt: 0.9000, rms radial error=166.307, avgs=0
070/300: dt: 0.9000, rms radial error=165.372, avgs=0
075/300: dt: 0.9000, rms radial error=164.442, avgs=0
080/300: dt: 0.9000, rms radial error=163.517, avgs=0
085/300: dt: 0.9000, rms radial error=162.596, avgs=0
090/300: dt: 0.9000, rms radial error=161.680, avgs=0
095/300: dt: 0.9000, rms radial error=160.769, avgs=0
100/300: dt: 0.9000, rms radial error=159.863, avgs=0
105/300: dt: 0.9000, rms radial error=158.962, avgs=0
110/300: dt: 0.9000, rms radial error=158.065, avgs=0
115/300: dt: 0.9000, rms radial error=157.174, avgs=0
120/300: dt: 0.9000, rms radial error=156.288, avgs=0
125/300: dt: 0.9000, rms radial error=155.407, avgs=0
130/300: dt: 0.9000, rms radial error=154.532, avgs=0
135/300: dt: 0.9000, rms radial error=153.661, avgs=0
140/300: dt: 0.9000, rms radial error=152.796, avgs=0
145/300: dt: 0.9000, rms radial error=151.937, avgs=0
150/300: dt: 0.9000, rms radial error=151.082, avgs=0
155/300: dt: 0.9000, rms radial error=150.233, avgs=0
160/300: dt: 0.9000, rms radial error=149.388, avgs=0
165/300: dt: 0.9000, rms radial error=148.548, avgs=0
170/300: dt: 0.9000, rms radial error=147.712, avgs=0
175/300: dt: 0.9000, rms radial error=146.881, avgs=0
180/300: dt: 0.9000, rms radial error=146.055, avgs=0
185/300: dt: 0.9000, rms radial error=145.233, avgs=0
190/300: dt: 0.9000, rms radial error=144.415, avgs=0
195/300: dt: 0.9000, rms radial error=143.602, avgs=0
200/300: dt: 0.9000, rms radial error=142.794, avgs=0
205/300: dt: 0.9000, rms radial error=141.990, avgs=0
210/300: dt: 0.9000, rms radial error=141.190, avgs=0
215/300: dt: 0.9000, rms radial error=140.395, avgs=0
220/300: dt: 0.9000, rms radial error=139.604, avgs=0
225/300: dt: 0.9000, rms radial error=138.818, avgs=0
230/300: dt: 0.9000, rms radial error=138.037, avgs=0
235/300: dt: 0.9000, rms radial error=137.259, avgs=0
240/300: dt: 0.9000, rms radial error=136.486, avgs=0
245/300: dt: 0.9000, rms radial error=135.717, avgs=0
250/300: dt: 0.9000, rms radial error=134.953, avgs=0
255/300: dt: 0.9000, rms radial error=134.192, avgs=0
260/300: dt: 0.9000, rms radial error=133.436, avgs=0
265/300: dt: 0.9000, rms radial error=132.685, avgs=0
270/300: dt: 0.9000, rms radial error=131.937, avgs=0
275/300: dt: 0.9000, rms radial error=131.194, avgs=0
280/300: dt: 0.9000, rms radial error=130.454, avgs=0
285/300: dt: 0.9000, rms radial error=129.719, avgs=0
290/300: dt: 0.9000, rms radial error=128.988, avgs=0
295/300: dt: 0.9000, rms radial error=128.261, avgs=0
300/300: dt: 0.9000, rms radial error=127.538, avgs=0

spherical inflation complete.
epoch 1 (K=10.0), pass 1, starting sse = 14124.18
taking momentum steps...
taking momentum steps...
taking momentum steps...
taking momentum steps...
pass 1 complete, delta sse/iter = 0.00/13 = 0.00032
epoch 2 (K=40.0), pass 1, starting sse = 2242.87
taking momentum steps...
taking momentum steps...
taking momentum steps...
taking momentum steps...
pass 1 complete, delta sse/iter = 0.01/13 = 0.00060
epoch 3 (K=160.0), pass 1, starting sse = 203.67
taking momentum steps...
taking momentum steps...
taking momentum steps...
taking momentum steps...
pass 1 complete, delta sse/iter = 0.18/19 = 0.00951
epoch 4 (K=640.0), pass 1, starting sse = 9.68
taking momentum steps...
taking momentum steps...
taking momentum steps...
taking momentum steps...
pass 1 complete, delta sse/iter = 0.12/22 = 0.00541
final distance error %100000.00
writing spherical brain to ../surf/lh.qsphere.nofix
spherical transformation took 0.0187 hours
FSRUNTIME@ mris_sphere  0.0187 hours 16 threads
#VMPC# mris_sphere VmPeak  1535988
mris_sphere done
#@# Fix Topology lh Thu Mar 12 16:50:33 CET 2026

 mris_fix_topology -mgz -sphere qsphere.nofix -inflated inflated.nofix -orig orig.nofix -out orig.premesh -ga -seed 1234 sub-v1s20x0050289_ses-1 lh 

reading spherical homeomorphism from 'qsphere.nofix'
reading inflated coordinates from 'inflated.nofix'
reading original coordinates from 'orig.nofix'
using genetic algorithm with optimized parameters
setting seed for random number genererator to 1234

*************************************************************
Topology Correction Parameters
retessellation mode:           genetic search
number of patches/generation : 10
number of generations :        10
surface mri loglikelihood coefficient :         1.0
volume mri loglikelihood coefficient :          10.0
normal dot loglikelihood coefficient :          1.0
quadratic curvature loglikelihood coefficient : 1.0
volume resolution :                             2
eliminate vertices during search :              1
initial patch selection :                       1
select all defect vertices :                    0
ordering dependant retessellation:              0
use precomputed edge table :                    0
smooth retessellated patch :                    2
match retessellated patch :                     1
verbose mode :                                  0

*************************************************************
INFO: assuming .mgz format
writing corrected surface to 'orig.premesh'
7.3.2
  7.3.2
before topology correction, eno=-36 (nv=122482, nf=245036, ne=367554, g=19)
using quasi-homeomorphic spherical map to tessellate cortical surface...

Correction of the Topology
Finding true center and radius of Spherical Surface...done
Surface centered at (0,0,0) with radius 100.0 in 11 iterations
marking ambiguous vertices...
3302 ambiguous faces found in tessellation
segmenting defects...
24 defects found, arbitrating ambiguous regions...
analyzing neighboring defects...
24 defects to be corrected 
0 vertices coincident
reading input surface /out/sourcedata/freesurfer/sub-v1s20x0050289_ses-1/surf/lh.qsphere.nofix...
reading brain volume from brain...
reading wm segmentation from wm...
Reading original properties of orig.nofix
Reading vertex positions of inflated.nofix
Computing Initial Surface Statistics
      -face       loglikelihood: -9.2478  (-4.6239)
      -vertex     loglikelihood: -6.4385  (-3.2193)
      -normal dot loglikelihood: -3.6705  (-3.6705)
      -quad curv  loglikelihood: -5.9861  (-2.9931)
      Total Loglikelihood : -25.3430
CORRECTING DEFECT 0 (vertices=57, convex hull=77, v0=11934)
After retessellation of defect 0 (v0=11934), euler #=-20 (120503,360768,240245) : difference with theory (-21) = -1 
CORRECTING DEFECT 1 (vertices=21, convex hull=53, v0=14495)
After retessellation of defect 1 (v0=14495), euler #=-19 (120512,360809,240278) : difference with theory (-20) = -1 
CORRECTING DEFECT 2 (vertices=40, convex hull=66, v0=15319)
After retessellation of defect 2 (v0=15319), euler #=-18 (120523,360868,240327) : difference with theory (-19) = -1 
CORRECTING DEFECT 3 (vertices=74, convex hull=74, v0=19279)
After retessellation of defect 3 (v0=19279), euler #=-18 (120541,360964,240405) : difference with theory (-18) = 0 
CORRECTING DEFECT 4 (vertices=19, convex hull=46, v0=22601)
After retessellation of defect 4 (v0=22601), euler #=-17 (120550,361008,240441) : difference with theory (-17) = 0 
CORRECTING DEFECT 5 (vertices=22, convex hull=52, v0=36504)
After retessellation of defect 5 (v0=36504), euler #=-16 (120559,361055,240480) : difference with theory (-16) = 0 
CORRECTING DEFECT 6 (vertices=288, convex hull=207, v0=40847)
After retessellation of defect 6 (v0=40847), euler #=-15 (120586,361238,240637) : difference with theory (-15) = 0 
CORRECTING DEFECT 7 (vertices=5, convex hull=12, v0=54134)
After retessellation of defect 7 (v0=54134), euler #=-14 (120588,361247,240645) : difference with theory (-14) = 0 
CORRECTING DEFECT 8 (vertices=344, convex hull=250, v0=57953)
After retessellation of defect 8 (v0=57953), euler #=-13 (120704,361718,241001) : difference with theory (-13) = 0 
CORRECTING DEFECT 9 (vertices=19, convex hull=24, v0=66412)
After retessellation of defect 9 (v0=66412), euler #=-12 (120707,361733,241014) : difference with theory (-12) = 0 
CORRECTING DEFECT 10 (vertices=73, convex hull=92, v0=85346)
After retessellation of defect 10 (v0=85346), euler #=-11 (120736,361857,241110) : difference with theory (-11) = 0 
CORRECTING DEFECT 11 (vertices=95, convex hull=104, v0=85413)
After retessellation of defect 11 (v0=85413), euler #=-10 (120773,362014,241231) : difference with theory (-10) = 0 
CORRECTING DEFECT 12 (vertices=258, convex hull=104, v0=91009)
After retessellation of defect 12 (v0=91009), euler #=-9 (120798,362143,241336) : difference with theory (-9) = 0 
CORRECTING DEFECT 13 (vertices=8, convex hull=16, v0=91771)
After retessellation of defect 13 (v0=91771), euler #=-8 (120799,362150,241343) : difference with theory (-8) = 0 
CORRECTING DEFECT 14 (vertices=46, convex hull=48, v0=91844)
After retessellation of defect 14 (v0=91844), euler #=-7 (120808,362195,241380) : difference with theory (-7) = 0 
CORRECTING DEFECT 15 (vertices=351, convex hull=103, v0=96945)
After retessellation of defect 15 (v0=96945), euler #=-6 (120819,362276,241451) : difference with theory (-6) = 0 
CORRECTING DEFECT 16 (vertices=29, convex hull=48, v0=97749)
After retessellation of defect 16 (v0=97749), euler #=-5 (120827,362316,241484) : difference with theory (-5) = 0 
CORRECTING DEFECT 17 (vertices=41, convex hull=79, v0=98453)
After retessellation of defect 17 (v0=98453), euler #=-4 (120851,362424,241569) : difference with theory (-4) = 0 
CORRECTING DEFECT 18 (vertices=31, convex hull=56, v0=99408)
After retessellation of defect 18 (v0=99408), euler #=-3 (120866,362491,241622) : difference with theory (-3) = 0 
CORRECTING DEFECT 19 (vertices=48, convex hull=74, v0=100009)
After retessellation of defect 19 (v0=100009), euler #=-2 (120875,362546,241669) : difference with theory (-2) = 0 
CORRECTING DEFECT 20 (vertices=19, convex hull=60, v0=103756)
After retessellation of defect 20 (v0=103756), euler #=-1 (120886,362604,241717) : difference with theory (-1) = 0 
CORRECTING DEFECT 21 (vertices=65, convex hull=40, v0=104337)
After retessellation of defect 21 (v0=104337), euler #=0 (120895,362648,241753) : difference with theory (0) = 0 
CORRECTING DEFECT 22 (vertices=36, convex hull=66, v0=118858)
After retessellation of defect 22 (v0=118858), euler #=1 (120916,362737,241822) : difference with theory (1) = 0 
CORRECTING DEFECT 23 (vertices=20, convex hull=28, v0=121299)
After retessellation of defect 23 (v0=121299), euler #=2 (120920,362754,241836) : difference with theory (2) = 0 
computing original vertex metric properties...
storing new metric properties...
computing tessellation statistics...
vertex spacing 0.89 +- 0.23 (0.08-->10.85) (max @ vno 49189 --> 51354)
face area -nan +- -nan (1000.00-->-1.00)
performing soap bubble on retessellated vertices for 0 iterations...
vertex spacing 0.89 +- 0.23 (0.08-->10.85) (max @ vno 49189 --> 51354)
face area -nan +- -nan (1000.00-->-1.00)
tessellation finished, orienting corrected surface...
122 mutations (34.4%), 233 crossovers (65.6%), 245 vertices were eliminated
building final representation...
1562 vertices and 0 faces have been removed from triangulation
after topology correction, eno=2 (nv=120920, nf=241836, ne=362754, g=0)
writing corrected surface to /out/sourcedata/freesurfer/sub-v1s20x0050289_ses-1/surf/lh.orig.premesh...

0.000 % of the vertices (0 vertices) exhibit an orientation change
removing intersecting faces
000: 148 intersecting
001: 15 intersecting
terminating search with 0 intersecting
topology fixing took 1.5 minutes
FSRUNTIME@ mris_fix_topology lh  0.0258 hours 16 threads
#VMPC# mris_fix_topology VmPeak  1838012

 mris_euler_number ../surf/lh.orig.premesh 

euler # = v-e+f = 2g-2: 120920 - 362754 + 241836 = 2 --> 0 holes
      F =2V-4:          241836 = 241840-4 (0)
      2E=3F:            725508 = 725508 (0)

total defect index = 0
Thu Mar 12 16:52:06 CET 2026

setenv SUBJECTS_DIR /out/sourcedata/freesurfer
cd /out/sourcedata/freesurfer/sub-v1s20x0050289_ses-1/scripts
/opt/freesurfer/bin/defect2seg --s sub-v1s20x0050289_ses-1 --lh-only --cortex

freesurfer-linux-ubuntu22_x86_64-7.3.2-20220804-6354275
defect2seg 7.3.2
Linux dna003 5.14.0-427.37.1.el9_4.x86_64 #1 SMP PREEMPT_DYNAMIC Fri Sep 13 12:41:50 EDT 2024 x86_64 x86_64 x86_64 GNU/Linux
pid 2235036
mri_label2label --label-cortex /out/sourcedata/freesurfer/sub-v1s20x0050289_ses-1/surf/lh.orig.nofix /out/sourcedata/freesurfer/sub-v1s20x0050289_ses-1/mri/aseg.presurf.mgz 0 /out/sourcedata/freesurfer/sub-v1s20x0050289_ses-1/label/lh.nofix.cortex.label

 Generating cortex label... RemoveHipAmgy=0
 NucAccIsMedialWall=0
 mris->useRealRAS=0
13 non-cortical segments detected
only using segment with 7277 vertices
erasing segment 0 (vno[0] = 16679)
erasing segment 1 (vno[0] = 17658)
erasing segment 2 (vno[0] = 26016)
erasing segment 4 (vno[0] = 71866)
erasing segment 5 (vno[0] = 72975)
erasing segment 6 (vno[0] = 73001)
erasing segment 7 (vno[0] = 84330)
erasing segment 8 (vno[0] = 85313)
erasing segment 9 (vno[0] = 86253)
erasing segment 10 (vno[0] = 88177)
erasing segment 11 (vno[0] = 88233)
erasing segment 12 (vno[0] = 89980)
mri_label2vol --defects /out/sourcedata/freesurfer/sub-v1s20x0050289_ses-1/surf/lh.orig.nofix /out/sourcedata/freesurfer/sub-v1s20x0050289_ses-1/surf/lh.defect_labels /out/sourcedata/freesurfer/sub-v1s20x0050289_ses-1/mri/orig.mgz 1000 0 /out/sourcedata/freesurfer/sub-v1s20x0050289_ses-1/mri/lh.surface.defects.mgz /out/sourcedata/freesurfer/sub-v1s20x0050289_ses-1/label/lh.nofix.cortex.label
mri_label2vol supposed to be reproducible but seed not set
Contraining to label /out/sourcedata/freesurfer/sub-v1s20x0050289_ses-1/label/lh.nofix.cortex.label
Changing input type 0 to MRI_INT
Converting defects to volume: offset=1000, merge=0
Writing to /out/sourcedata/freesurfer/sub-v1s20x0050289_ses-1/mri/lh.surface.defects.mgz
mris_defects_pointset -s /out/sourcedata/freesurfer/sub-v1s20x0050289_ses-1/surf/lh.orig.nofix -d /out/sourcedata/freesurfer/sub-v1s20x0050289_ses-1/surf/lh.defect_labels -o /out/sourcedata/freesurfer/sub-v1s20x0050289_ses-1/surf/lh.defects.pointset --label /out/sourcedata/freesurfer/sub-v1s20x0050289_ses-1/label/lh.nofix.cortex.label
Reading in surface /out/sourcedata/freesurfer/sub-v1s20x0050289_ses-1/surf/lh.orig.nofix
Reading in defect segmentation /out/sourcedata/freesurfer/sub-v1s20x0050289_ses-1/surf/lh.defect_labels
Reading in label /out/sourcedata/freesurfer/sub-v1s20x0050289_ses-1/label/lh.nofix.cortex.label
#VMPC# mris_defects_pointset 1254932
mris_defects_pointset done
 
Started at Thu Mar 12 16:52:06 CET 2026 
Ended   at Thu Mar 12 16:52:20 CET 2026
Defect2seg-Run-Time-Sec 14
Defect2seg-Run-Time-Min 0.28
Defect2seg-Run-Time-Hours 0.00
 
tkmeditfv sub-v1s20x0050289_ses-1 brain.finalsurfs.mgz -defect
defect2seg Done

 mris_remesh --remesh --iters 3 --input /out/sourcedata/freesurfer/sub-v1s20x0050289_ses-1/surf/lh.orig.premesh --output /out/sourcedata/freesurfer/sub-v1s20x0050289_ses-1/surf/lh.orig 

iters = 3
standard remeshing without target
   adjusted l: 0.711123
remeshing to edge length 0.711123 with 3 iterations

avg qual before   : 0.889076  after: 0.971036

Removing intersections
Remeshed surface quality stats nv0 = 120920  nv = 125922  1.04137
Area    251840  0.30280  0.03389 0.079144   0.4583
Corner  755520 60.00000  8.82586 17.507852 144.3712
Edge    377760  0.84422  0.08261 0.440074   1.2561
Hinge   377760  9.80143 10.46857 0.000005 154.2306
mris_remesh done
/out/sourcedata/freesurfer/sub-v1s20x0050289_ses-1/scripts

 mris_remove_intersection ../surf/lh.orig ../surf/lh.orig 

intersection removal took 0.00 hours
writing corrected surface to ../surf/lh.orig

 rm -f ../surf/lh.inflated 

#--------------------------------------------
#@# AutoDetGWStats lh Thu Mar 12 16:52:49 CET 2026
cd /out/sourcedata/freesurfer/sub-v1s20x0050289_ses-1/mri
mris_autodet_gwstats --o ../surf/autodet.gw.stats.lh.dat --i brain.finalsurfs.mgz --wm wm.mgz --surf ../surf/lh.orig.premesh
7.3.2

cd /out/sourcedata/freesurfer/sub-v1s20x0050289_ses-1/mri
setenv SUBJECTS_DIR /out/sourcedata/freesurfer
mris_autodet_gwstats --o ../surf/autodet.gw.stats.lh.dat --i brain.finalsurfs.mgz --wm wm.mgz --surf ../surf/lh.orig.premesh 

border white:    223333 voxels (1.33%)
border gray      254236 voxels (1.52%)
Reading in intensity volume brain.finalsurfs.mgz
Reading in wm volume wm.mgz
Reading in surf ../surf/lh.orig.premesh
Auto detecting stats
MRIclipBrightWM(): nthresh=15179, wmmin=5, clip=110 
Binarizing thresholding at 5
computing class statistics... low=30, hi=110.000000
CCS WM (97.0): 97.4 +- 8.0 [70.0 --> 110.0]
CCS GM (74.0) : 73.0 +- 10.6 [30.0 --> 110.0]
white_mean = 97.4309 +/- 8.0314, gray_mean = 72.998 +/- 10.64
using class modes intead of means, discounting robust sigmas....
MRIScomputeClassModes(): min=0 max=255 nbins=256
intensity peaks found at WM=101+-6.1,    GM=68+-7.0
white_mode = 101, gray_mode = 68
std_scale = 1
Applying sanity checks, max_scale_down = 0.2
setting MIN_GRAY_AT_WHITE_BORDER to 57.4 (was 70.000000)
setting MAX_BORDER_WHITE to 109.0 (was 105.000000)
setting MIN_BORDER_WHITE to 68.0 (was 85.000000)
setting MAX_CSF to 46.7 (was 40.000000)
setting MAX_GRAY to 93.0 (was 95.000000)
setting MAX_GRAY_AT_CSF_BORDER to 57.4 (was 75.000000)
setting MIN_GRAY_AT_CSF_BORDER to 36.1 (was 40.000000)
When placing the white surface
  white_border_hi   = 109.031;
  white_border_low  = 68;
  white_outside_low = 57.36;
  white_inside_hi   = 120;
  white_outside_hi  = 109.031;
When placing the pial surface
  pial_border_hi   = 57.36;
  pial_border_low  = 36.08;
  pial_outside_low = 10;
  pial_inside_hi   = 92.9686;
  pial_outside_hi  = 52.04;
#VMPC# mris_autodet_gwstats VmPeak  1321792
mris_autodet_gwstats done
#--------------------------------------------
#@# WhitePreAparc lh Thu Mar 12 16:52:52 CET 2026
cd /out/sourcedata/freesurfer/sub-v1s20x0050289_ses-1/mri
mris_place_surface --adgws-in ../surf/autodet.gw.stats.lh.dat --wm wm.mgz --threads 16 --invol brain.finalsurfs.mgz --lh --i ../surf/lh.orig --o ../surf/lh.white.preaparc --white --seg aseg.presurf.mgz --nsmooth 5
7.3.2
7.3.2

cd /out/sourcedata/freesurfer/sub-v1s20x0050289_ses-1/mri
setenv SUBJECTS_DIR /out/sourcedata/freesurfer
mris_place_surface --adgws-in ../surf/autodet.gw.stats.lh.dat --wm wm.mgz --threads 16 --invol brain.finalsurfs.mgz --lh --i ../surf/lh.orig --o ../surf/lh.white.preaparc --white --seg aseg.presurf.mgz --nsmooth 5 

Reading in input surface ../surf/lh.orig
Smoothing surface before ripping with 5 iterations
Area    251840  0.26657  0.06460 0.000220   0.5667
Corner  755520 60.00000  9.65898 1.697320 169.3255
Edge    377760  0.78814  0.11753 0.005041   1.3200
Hinge   377760  6.53286  6.81789 0.000005 154.6481
Not reading in aparc
Reading in input volume brain.finalsurfs.mgz
Reading in wm volume wm.mgz
MRIclipBrightWM(): nthresh=15179, wmmin=5, clip=110 
MRIfindBrightNonWM(): 1124 bright non-wm voxels segmented.
Masking bright non-wm for white surface
MRImask(): AllowDiffGeom = 1
MRImask(): AllowDiffGeom = 1
Reading in seg volume aseg.presurf.mgz
Ripping frozen voxels
INFO: rip surface needed but not specified, so using input surface
Freezing midline and others
Entering: MRISripMidline(): inhibiting deformation at non-cortical midline structures...
  which=1, fix_mtl=0, using annot = 0
#FML0# MRISripMidline(): nripped=0
removing 3 vertices from ripped group in thread:0
removing 4 vertices from ripped group in thread:0
#FML# MRISripMidline(): nmarked=6604, nmarked2=21, nripped=6604
Ripping segs (eg, WMSA, BG, frozen)
Starting MRISripSegs() d = (-2 2 0.5) segnos: 247 
MRISripSegs(): -2 2 0.5 ripped 0
vertex 62961: xyz = (-53.5908,-6.17428,30.9296) oxyz = (-53.5908,-6.17428,30.9296) wxzy = (-53.5908,-6.17428,30.9296) pxyz = (0,0,0) 
CBVO Creating mask 125922
n_averages 4
Iteration 0 =========================================
n_averages=4, current_sigma=2
Freezing midline and others
Ripping frozen voxels
INFO: rip surface needed but not specified, so using input surface
Freezing midline and others
Entering: MRISripMidline(): inhibiting deformation at non-cortical midline structures...
  which=1, fix_mtl=0, using annot = 0
#FML0# MRISripMidline(): nripped=6604
removing 3 vertices from ripped group in thread:0
removing 4 vertices from ripped group in thread:0
#FML# MRISripMidline(): nmarked=6604, nmarked2=21, nripped=6604
Ripping segs (eg, WMSA, BG, frozen)
Starting MRISripSegs() d = (-2 2 0.5) segnos: 247 247 
MRISripSegs(): -2 2 0.5 ripped 0
Computing target border values 
Entering MRIScomputeBorderValues_new(): 
  inside_hi   = 120.0000000;
  border_hi   = 109.0314030;
  border_low  =  68.0000000;
  outside_low =  57.3600160;
  outside_hi  = 109.0314030;
  sigma = 2;
  max_thickness = 10;
  step_size=0.5;
  STEP_SIZE=0.1;
  which = 1
  thresh = 0
  flags = 0
  CBVfindFirstPeakD1=0
  CBVfindFirstPeakD2=0
  nvertices=125922
  Gdiag_no=-1
  vno start=0, stop=125922
Replacing 255s with 0s
#SI# sigma=2 had to be increased for 169 vertices, nripped=6604
mean border=79.9, 335 (335) missing vertices, mean dist 0.4 [0.6 (%34.0)->0.8 (%66.0))]
%61 local maxima, %33 large gradients and % 0 min vals, 0 gradients ignored
nFirstPeakD1 0
MRIScomputeBorderValues_new() finished in 0.0103 min


Finding expansion regions
mean absolute distance = 0.76 +- 0.92
4638 vertices more than 2 sigmas from mean.
Averaging target values for 5 iterations...
Positioning Surface: tspring = 0.3, nspring = 0.3, spring = 0, niters = 100 l_repulse = 5, l_surf_repulse = 0, checktol = 0
Positioning pial surface
Entering MRISpositionSurface()
  max_mm = 0.3
  MAX_REDUCTIONS = 2, REDUCTION_PCT = 0.5
  parms->check_tol = 0, niterations = 100
tol=1.0e-04, sigma=2.0, host=dna00, nav=4, nbrs=2, l_repulse=5.000, l_tspring=0.300, l_nspring=0.300, l_intensity=0.200, l_curv=1.000
mom=0.00, dt=0.50
complete_dist_mat 0
rms 0
smooth_averages 0
remove_neg 0
ico_order 0
which_surface 0
target_radius 0.000000
nfields 0
scale 0.000000
desired_rms_height 0.000000
momentum 0.000000
nbhd_size 0
max_nbrs 0
niterations 100
nsurfaces 0
SURFACES 3
flags 0 (0)
use curv 0
no sulc 0
no rigid align 0
mris->nsize 2
mris->hemisphere 0
randomSeed 0

000: dt: 0.0000, sse=2738676.2, rms=10.452
001: dt: 0.5000, sse=1484474.9, rms=7.533 (27.934%)
002: dt: 0.5000, sse=927701.1, rms=5.777 (23.301%)
003: dt: 0.5000, sse=659830.4, rms=4.699 (18.668%)
004: dt: 0.5000, sse=523230.3, rms=4.037 (14.082%)
005: dt: 0.5000, sse=450615.7, rms=3.627 (10.158%)
006: dt: 0.5000, sse=417224.1, rms=3.389 (6.553%)
007: dt: 0.5000, sse=393442.0, rms=3.253 (4.038%)
008: dt: 0.5000, sse=385928.0, rms=3.178 (2.286%)
rms = 3.1316/3.1782, sse=377029.7/385928.0, time step reduction 1 of 3 to 0.250  0 0 1
009: dt: 0.5000, sse=377029.7, rms=3.132 (1.468%)
010: dt: 0.2500, sse=238108.2, rms=1.977 (36.878%)
011: dt: 0.2500, sse=218670.5, rms=1.764 (10.768%)
012: dt: 0.2500, sse=215534.6, rms=1.713 (2.882%)
rms = 1.6858/1.7130, sse=213996.9/215534.6, time step reduction 2 of 3 to 0.125  0 0 1
013: dt: 0.2500, sse=213996.9, rms=1.686 (1.591%)
014: dt: 0.1250, sse=210215.8, rms=1.634 (3.082%)
rms = 1.6213/1.6338, sse=210128.1/210215.8, time step reduction 3 of 3 to 0.062  0 0 1
015: dt: 0.1250, sse=210128.1, rms=1.621 (0.765%)
  maximum number of reductions reached, breaking from loop
positioning took 1.2 minutes
Iteration 1 =========================================
n_averages=2, current_sigma=1
Freezing midline and others
Ripping frozen voxels
INFO: rip surface needed but not specified, so using input surface
Freezing midline and others
Entering: MRISripMidline(): inhibiting deformation at non-cortical midline structures...
  which=1, fix_mtl=0, using annot = 0
#FML0# MRISripMidline(): nripped=6604
removing 4 vertices from ripped group in thread:0
removing 4 vertices from ripped group in thread:0
removing 4 vertices from ripped group in thread:0
removing 3 vertices from ripped group in thread:0
removing 2 vertices from ripped group in thread:0
#FML# MRISripMidline(): nmarked=6905, nmarked2=25, nripped=6905
Ripping segs (eg, WMSA, BG, frozen)
Starting MRISripSegs() d = (-2 2 0.5) segnos: 247 247 247 
MRISripSegs(): -2 2 0.5 ripped 0
Computing target border values 
Entering MRIScomputeBorderValues_new(): 
  inside_hi   = 120.0000000;
  border_hi   = 109.0314030;
  border_low  =  68.0000000;
  outside_low =  57.3600160;
  outside_hi  = 109.0314030;
  sigma = 1;
  max_thickness = 10;
  step_size=0.5;
  STEP_SIZE=0.1;
  which = 1
  thresh = 0
  flags = 0
  CBVfindFirstPeakD1=0
  CBVfindFirstPeakD2=0
  nvertices=125922
  Gdiag_no=-1
  vno start=0, stop=125922
Replacing 255s with 0s
#SI# sigma=1 had to be increased for 184 vertices, nripped=6905
mean border=82.6, 282 (164) missing vertices, mean dist -0.2 [0.4 (%70.1)->0.3 (%29.9))]
%68 local maxima, %26 large gradients and % 0 min vals, 0 gradients ignored
nFirstPeakD1 0
MRIScomputeBorderValues_new() finished in 0.0075 min


Finding expansion regions
mean absolute distance = 0.40 +- 0.71
3692 vertices more than 2 sigmas from mean.
Averaging target values for 5 iterations...
Positioning Surface: tspring = 0.3, nspring = 0.3, spring = 0, niters = 100 l_repulse = 5, l_surf_repulse = 0, checktol = 0
Positioning pial surface
Entering MRISpositionSurface()
  max_mm = 0.3
  MAX_REDUCTIONS = 2, REDUCTION_PCT = 0.5
  parms->check_tol = 0, niterations = 100
tol=1.0e-04, sigma=1.0, host=dna00, nav=2, nbrs=2, l_repulse=5.000, l_tspring=0.300, l_nspring=0.300, l_intensity=0.200, l_curv=1.000
mom=0.00, dt=0.50
000: dt: 0.0000, sse=660740.9, rms=4.424
016: dt: 0.5000, sse=404702.4, rms=2.906 (34.309%)
017: dt: 0.5000, sse=366292.4, rms=2.690 (7.426%)
rms = 2.6518/2.6902, sse=366673.4/366292.4, time step reduction 1 of 3 to 0.250  0 1 1
018: dt: 0.5000, sse=366673.4, rms=2.652 (1.426%)
019: dt: 0.2500, sse=256684.4, rms=1.579 (40.454%)
020: dt: 0.2500, sse=243493.4, rms=1.374 (13.015%)
021: dt: 0.2500, sse=239004.2, rms=1.315 (4.297%)
022: dt: 0.2500, sse=237483.7, rms=1.264 (3.841%)
rms = 1.2500/1.2640, sse=241439.0/237483.7, time step reduction 2 of 3 to 0.125  0 1 1
023: dt: 0.2500, sse=241439.0, rms=1.250 (1.108%)
024: dt: 0.1250, sse=235410.6, rms=1.180 (5.578%)
rms = 1.1697/1.1803, sse=229674.2/235410.6, time step reduction 3 of 3 to 0.062  0 0 1
025: dt: 0.1250, sse=229674.2, rms=1.170 (0.899%)
  maximum number of reductions reached, breaking from loop
positioning took 0.8 minutes
Iteration 2 =========================================
n_averages=1, current_sigma=0.5
Freezing midline and others
Ripping frozen voxels
INFO: rip surface needed but not specified, so using input surface
Freezing midline and others
Entering: MRISripMidline(): inhibiting deformation at non-cortical midline structures...
  which=1, fix_mtl=0, using annot = 0
#FML0# MRISripMidline(): nripped=6905
removing 4 vertices from ripped group in thread:0
removing 2 vertices from ripped group in thread:0
removing 4 vertices from ripped group in thread:0
removing 3 vertices from ripped group in thread:0
removing 4 vertices from ripped group in thread:0
removing 2 vertices from ripped group in thread:0
removing 4 vertices from ripped group in thread:0
#FML# MRISripMidline(): nmarked=7037, nmarked2=25, nripped=7037
Ripping segs (eg, WMSA, BG, frozen)
Starting MRISripSegs() d = (-2 2 0.5) segnos: 247 247 247 247 
MRISripSegs(): -2 2 0.5 ripped 0
Computing target border values 
Entering MRIScomputeBorderValues_new(): 
  inside_hi   = 120.0000000;
  border_hi   = 109.0314030;
  border_low  =  68.0000000;
  outside_low =  57.3600160;
  outside_hi  = 109.0314030;
  sigma = 0.5;
  max_thickness = 10;
  step_size=0.5;
  STEP_SIZE=0.1;
  which = 1
  thresh = 0
  flags = 0
  CBVfindFirstPeakD1=0
  CBVfindFirstPeakD2=0
  nvertices=125922
  Gdiag_no=-1
  vno start=0, stop=125922
Replacing 255s with 0s
#SI# sigma=0.5 had to be increased for 215 vertices, nripped=7037
mean border=84.4, 290 (143) missing vertices, mean dist -0.1 [0.4 (%65.4)->0.2 (%34.6))]
%76 local maxima, %18 large gradients and % 0 min vals, 0 gradients ignored
nFirstPeakD1 0
MRIScomputeBorderValues_new() finished in 0.0058 min


Finding expansion regions
mean absolute distance = 0.31 +- 0.52
3545 vertices more than 2 sigmas from mean.
Averaging target values for 5 iterations...
Positioning Surface: tspring = 0.3, nspring = 0.3, spring = 0, niters = 100 l_repulse = 5, l_surf_repulse = 0, checktol = 0
Positioning pial surface
Entering MRISpositionSurface()
  max_mm = 0.3
  MAX_REDUCTIONS = 2, REDUCTION_PCT = 0.5
  parms->check_tol = 0, niterations = 100
tol=1.0e-04, sigma=0.5, host=dna00, nav=1, nbrs=2, l_repulse=5.000, l_tspring=0.300, l_nspring=0.300, l_intensity=0.200, l_curv=1.000
mom=0.00, dt=0.50
000: dt: 0.0000, sse=411660.6, rms=3.024
026: dt: 0.5000, sse=328025.2, rms=2.300 (23.941%)
rms = 2.3042/2.3003, sse=325277.5/328025.2, time step reduction 1 of 3 to 0.250  0 0 1
   RMS increased, rejecting step
027: dt: 0.2500, sse=263730.2, rms=1.688 (26.608%)
028: dt: 0.2500, sse=236525.3, rms=1.298 (23.125%)
029: dt: 0.2500, sse=233651.7, rms=1.198 (7.718%)
030: dt: 0.2500, sse=224868.5, rms=1.140 (4.788%)
rms = 1.1433/1.1403, sse=226681.4/224868.5, time step reduction 2 of 3 to 0.125  0 1 1
   RMS increased, rejecting step
rms = 1.1088/1.1403, sse=222933.6/224868.5, time step reduction 3 of 3 to 0.062  0 0 1
031: dt: 0.1250, sse=222933.6, rms=1.109 (2.766%)
  maximum number of reductions reached, breaking from loop
positioning took 0.5 minutes
Iteration 3 =========================================
n_averages=0, current_sigma=0.25
Freezing midline and others
Ripping frozen voxels
INFO: rip surface needed but not specified, so using input surface
Freezing midline and others
Entering: MRISripMidline(): inhibiting deformation at non-cortical midline structures...
  which=1, fix_mtl=0, using annot = 0
#FML0# MRISripMidline(): nripped=7037
removing 4 vertices from ripped group in thread:0
removing 2 vertices from ripped group in thread:0
removing 4 vertices from ripped group in thread:0
removing 4 vertices from ripped group in thread:0
removing 2 vertices from ripped group in thread:0
removing 2 vertices from ripped group in thread:0
#FML# MRISripMidline(): nmarked=7092, nmarked2=25, nripped=7092
Ripping segs (eg, WMSA, BG, frozen)
Starting MRISripSegs() d = (-2 2 0.5) segnos: 247 247 247 247 247 
MRISripSegs(): -2 2 0.5 ripped 0
Computing target border values 
Entering MRIScomputeBorderValues_new(): 
  inside_hi   = 120.0000000;
  border_hi   = 109.0314030;
  border_low  =  68.0000000;
  outside_low =  57.3600160;
  outside_hi  = 109.0314030;
  sigma = 0.25;
  max_thickness = 10;
  step_size=0.5;
  STEP_SIZE=0.1;
  which = 1
  thresh = 0
  flags = 0
  CBVfindFirstPeakD1=0
  CBVfindFirstPeakD2=0
  nvertices=125922
  Gdiag_no=-1
  vno start=0, stop=125922
Replacing 255s with 0s
#SI# sigma=0.25 had to be increased for 209 vertices, nripped=7092
mean border=85.1, 284 (106) missing vertices, mean dist -0.1 [0.3 (%55.5)->0.2 (%44.5))]
%81 local maxima, %13 large gradients and % 0 min vals, 0 gradients ignored
nFirstPeakD1 0
MRIScomputeBorderValues_new() finished in 0.0030 min


Finding expansion regions
mean absolute distance = 0.27 +- 0.42
3321 vertices more than 2 sigmas from mean.
Averaging target values for 5 iterations...
Positioning Surface: tspring = 0.3, nspring = 0.3, spring = 0, niters = 100 l_repulse = 5, l_surf_repulse = 0, checktol = 0
Positioning pial surface
Entering MRISpositionSurface()
  max_mm = 0.3
  MAX_REDUCTIONS = 2, REDUCTION_PCT = 0.5
  parms->check_tol = 0, niterations = 100
tol=1.0e-04, sigma=0.2, host=dna00, nav=0, nbrs=2, l_repulse=5.000, l_tspring=0.300, l_nspring=0.300, l_intensity=0.200, l_curv=1.000
mom=0.00, dt=0.50
000: dt: 0.0000, sse=258270.7, rms=1.680
rms = 1.6394/1.6803, sse=262061.5/258270.7, time step reduction 1 of 3 to 0.250  0 1 1
032: dt: 0.5000, sse=262061.5, rms=1.639 (2.435%)
033: dt: 0.2500, sse=222367.8, rms=1.103 (32.741%)
034: dt: 0.2500, sse=218030.6, rms=1.050 (4.795%)
rms = 1.0692/1.0498, sse=224794.5/218030.6, time step reduction 2 of 3 to 0.125  0 1 1
   RMS increased, rejecting step
035: dt: 0.1250, sse=213738.0, rms=0.959 (8.604%)
036: dt: 0.1250, sse=208664.8, rms=0.854 (11.005%)
rms = 0.8269/0.8539, sse=206904.0/208664.8, time step reduction 3 of 3 to 0.062  0 0 1
037: dt: 0.1250, sse=206904.0, rms=0.827 (3.164%)
  maximum number of reductions reached, breaking from loop
positioning took 0.5 minutes


Writing output to ../surf/lh.white.preaparc
#ET# mris_place_surface  3.12 minutes
#VMPC# mris_place_surfaces VmPeak  3129668
mris_place_surface done
#--------------------------------------------
#@# CortexLabel lh Thu Mar 12 16:56:05 CET 2026
cd /out/sourcedata/freesurfer/sub-v1s20x0050289_ses-1/mri
mri_label2label --label-cortex ../surf/lh.white.preaparc aseg.presurf.mgz 0 ../label/lh.cortex.label

 Generating cortex label... RemoveHipAmgy=0
 NucAccIsMedialWall=0
 mris->useRealRAS=0
5 non-cortical segments detected
only using segment with 8121 vertices
erasing segment 0 (vno[0] = 14059)
erasing segment 1 (vno[0] = 16293)
erasing segment 2 (vno[0] = 32218)
erasing segment 3 (vno[0] = 33076)
#--------------------------------------------
#@# CortexLabel+HipAmyg lh Thu Mar 12 16:56:19 CET 2026
cd /out/sourcedata/freesurfer/sub-v1s20x0050289_ses-1/mri
mri_label2label --label-cortex ../surf/lh.white.preaparc aseg.presurf.mgz 1 ../label/lh.cortex+hipamyg.label

 Generating cortex label... RemoveHipAmgy=1
 NucAccIsMedialWall=0
 mris->useRealRAS=0
11 non-cortical segments detected
only using segment with 6002 vertices
erasing segment 0 (vno[0] = 14059)
erasing segment 1 (vno[0] = 16293)
erasing segment 2 (vno[0] = 32218)
erasing segment 3 (vno[0] = 33076)
erasing segment 5 (vno[0] = 45101)
erasing segment 6 (vno[0] = 47061)
erasing segment 7 (vno[0] = 64285)
erasing segment 8 (vno[0] = 66743)
erasing segment 9 (vno[0] = 73081)
erasing segment 10 (vno[0] = 103208)
#--------------------------------------------
#@# Smooth2 lh Thu Mar 12 16:56:33 CET 2026
/out/sourcedata/freesurfer/sub-v1s20x0050289_ses-1/scripts

 mris_smooth -n 3 -nw -seed 1234 ../surf/lh.white.preaparc ../surf/lh.smoothwm 

smoothing for 3 iterations
setting seed for random number generator to 1234
smoothing surface tessellation for 3 iterations...
smoothing complete - recomputing first and second fundamental forms...
#--------------------------------------------
#@# Inflation2 lh Thu Mar 12 16:56:35 CET 2026
/out/sourcedata/freesurfer/sub-v1s20x0050289_ses-1/scripts

 mris_inflate ../surf/lh.smoothwm ../surf/lh.inflated 

Reading ../surf/lh.smoothwm
avg radius = 45.2 mm, total surface area = 78472 mm^2
step 000: RMS=0.174 (target=0.015)   step 005: RMS=0.118 (target=0.015)   step 010: RMS=0.091 (target=0.015)   step 015: RMS=0.076 (target=0.015)   step 020: RMS=0.063 (target=0.015)   step 025: RMS=0.052 (target=0.015)   step 030: RMS=0.043 (target=0.015)   step 035: RMS=0.037 (target=0.015)   step 040: RMS=0.032 (target=0.015)   step 045: RMS=0.028 (target=0.015)   step 050: RMS=0.026 (target=0.015)   step 055: RMS=0.025 (target=0.015)   step 060: RMS=0.024 (target=0.015)   writing inflated surface to ../surf/lh.inflated
writing sulcal depths to ../surf/lh.sulc

inflation complete.
inflation took 0.2 minutes
mris_inflate utimesec    55.750039
mris_inflate stimesec    0.534844
mris_inflate ru_maxrss   193812
mris_inflate ru_ixrss    0
mris_inflate ru_idrss    0
mris_inflate ru_isrss    0
mris_inflate ru_minflt   89831
mris_inflate ru_majflt   7
mris_inflate ru_nswap    0
mris_inflate ru_inblock  130
mris_inflate ru_oublock  9848
mris_inflate ru_msgsnd   0
mris_inflate ru_msgrcv   0
mris_inflate ru_nsignals 0
mris_inflate ru_nvcsw    5523
mris_inflate ru_nivcsw   284
#--------------------------------------------
#@# Curv .H and .K lh Thu Mar 12 16:56:48 CET 2026
/out/sourcedata/freesurfer/sub-v1s20x0050289_ses-1/surf

 mris_curvature -w -seed 1234 lh.white.preaparc 

setting seed for random number generator to 1234
total integrated curvature = 23.374*4pi (293.721) --> -22 handles
ICI = 160.7, FI = 1590.2, variation=25031.650
writing Gaussian curvature to ./lh.white.preaparc.K...done.
writing mean curvature to ./lh.white.preaparc.H...done.
rm -f lh.white.H
ln -s lh.white.preaparc.H lh.white.H
rm -f lh.white.K
ln -s lh.white.preaparc.K lh.white.K

 mris_curvature -seed 1234 -thresh .999 -n -a 5 -w -distances 10 10 lh.inflated 

setting seed for random number generator to 1234
normalizing curvature values.
averaging curvature patterns 5 times.
sampling 10 neighbors out to a distance of 10 mm
163 vertices thresholded to be in k1 ~ [-0.30 1.53], k2 ~ [-0.20 0.13]
total integrated curvature = 0.454*4pi (5.708) --> 1 handles
ICI = 1.4, FI = 8.9, variation=154.174
131 vertices thresholded to be in [-0.11 0.03]
writing Gaussian curvature to ./lh.inflated.K...thresholding curvature at 99.90% level
curvature mean = 0.000, std = 0.002
96 vertices thresholded to be in [-0.20 0.30]
done.
writing mean curvature to ./lh.inflated.H...curvature mean = -0.017, std = 0.024
done.
#--------------------------------------------
#@# Sphere lh Thu Mar 12 16:57:30 CET 2026
/out/sourcedata/freesurfer/sub-v1s20x0050289_ses-1/scripts

 mris_sphere -seed 1234 ../surf/lh.inflated ../surf/lh.sphere 

setting seed for random number genererator to 1234
version: 7.3.2
available threads: 16
reading original vertex positions...
projecting onto sphere...
surface projected - minimizing metric distortion...
scaling brain by 0.292...
MRISunfold() max_passes = 1 -------
tol=5.0e-01, sigma=0.0, host=dna00, nav=1024, nbrs=2, l_area=1.000, l_dist=1.000
using quadratic fit line minimization
complete_dist_mat 0
rms 0
smooth_averages 0
remove_neg 0
ico_order 0
which_surface 0
target_radius 0.000000
nfields 0
scale 1.000000
desired_rms_height -1.000000
momentum 0.900000
nbhd_size 7
max_nbrs 8
niterations 25
nsurfaces 0
SURFACES 3
flags 0 (0)
use curv 0
no sulc 0
no rigid align 0
mris->nsize 2
mris->hemisphere 0
randomSeed 1234

singular matrix in quadratic form
singular matrix in quadratic form
singular matrix in quadratic form
--------------------
  mrisRemoveNegativeArea()
pass 1: epoch 1 of 3 starting distance error %20.77
pass 1: epoch 2 of 3 starting distance error %20.69
unfolding complete - removing small folds...
starting distance error %20.60
removing remaining folds...
final distance error %20.64
MRISunfold() return, current seed 1234
-01: dt=0.0000,  22 negative triangles  VmPeak 2202456
181: dt=0.9900,  22 negative triangles
182: dt=0.9900,  10 negative triangles
183: dt=0.9900,  11 negative triangles
184: dt=0.9900,   9 negative triangles
185: dt=0.9900,   9 negative triangles
186: dt=0.9900,  10 negative triangles
187: dt=0.9900,   9 negative triangles
188: dt=0.9900,   8 negative triangles
189: dt=0.9900,   8 negative triangles
190: dt=0.9900,   9 negative triangles
191: dt=0.9900,   7 negative triangles
192: dt=0.9900,   3 negative triangles
193: dt=0.9900,   5 negative triangles
194: dt=0.9900,   4 negative triangles
195: dt=0.9900,   4 negative triangles
196: dt=0.9900,   4 negative triangles
197: dt=0.9900,   3 negative triangles
198: dt=0.9900,   5 negative triangles
199: dt=0.9900,   3 negative triangles
200: dt=0.9900,   4 negative triangles
201: dt=0.9900,   2 negative triangles
202: dt=0.9900,   3 negative triangles
203: dt=0.9900,   2 negative triangles
204: dt=0.9900,   3 negative triangles
205: dt=0.9900,   1 negative triangles
206: dt=0.9900,   1 negative triangles
207: dt=0.9900,   1 negative triangles
208: dt=0.9900,   1 negative triangles
writing spherical brain to ../surf/lh.sphere
spherical transformation took 0.0525 hours
FSRUNTIME@ mris_sphere  0.0525 hours 16 threads
#VMPC# mris_sphere VmPeak  2202456
mris_sphere done
#--------------------------------------------
#@# Surf Reg lh Thu Mar 12 17:00:39 CET 2026
/out/sourcedata/freesurfer/sub-v1s20x0050289_ses-1/scripts

 mris_register -curv ../surf/lh.sphere /opt/freesurfer/average/lh.folding.atlas.acfb40.noaparc.i12.2016-08-02.tif ../surf/lh.sphere.reg 

using smoothwm curvature for final alignment

cwd /out/sourcedata/freesurfer/sub-v1s20x0050289_ses-1/scripts
cmdline mris_register -curv ../surf/lh.sphere /opt/freesurfer/average/lh.folding.atlas.acfb40.noaparc.i12.2016-08-02.tif ../surf/lh.sphere.reg 

0 inflated.H
1 sulc
2 smoothwm (computed)
7.3.2
  7.3.2
reading surface from ../surf/lh.sphere...
reading template parameterization from /opt/freesurfer/average/lh.folding.atlas.acfb40.noaparc.i12.2016-08-02.tif...
MRISregister() -------
max_passes = 4 
min_degrees = 0.500000 
max_degrees = 64.000000 
nangles = 8 
tol=5.0e-01, sigma=0.0, host=dna00, nav=1024, nbrs=1, l_extern=10000.000, l_parea=0.200, l_nlarea=1.000, l_corr=1.000, l_dist=5.000
using quadratic fit line minimization
complete_dist_mat 0
rms 0
smooth_averages 0
remove_neg 0
ico_order 0
which_surface 0
target_radius 0.000000
nfields 0
scale 0.000000
desired_rms_height -1.000000
momentum 0.950000
nbhd_size -10
max_nbrs 10
niterations 25
nsurfaces 0
SURFACES 3
flags 16 (10)
use curv 16
no sulc 0
no rigid align 0
mris->nsize 1
mris->hemisphere 0
randomSeed 0

tol=5.0e-01, sigma=0.0, host=dna00, nav=1024, nbrs=1, l_extern=10000.000, l_parea=0.200, l_nlarea=1.000, l_corr=1.000, l_dist=5.000
using quadratic fit line minimization
--------------------
1 Reading lh.sulc
tol=1.0e+00, sigma=0.5, host=dna00, nav=1024, nbrs=1, l_extern=10000.000, l_parea=0.200, l_nlarea=1.000, l_corr=0.050, l_spring=0.500, l_dist=5.000
using quadratic fit line minimization
curvature mean = -0.000, std = 5.574
curvature mean = 0.038, std = 0.811
curvature mean = 0.006, std = 0.867
Starting MRISrigidBodyAlignGlobal()
Starting new MRISrigidBodyAlignGlobal_findMinSSE()
  new MRISrigidBodyAlignGlobal_findMinSSE min @ (1.50, -8.50, 11.00) sse = 226455.1, elapsed since starting=0.1164 min
MRISrigidBodyAlignGlobal() done   0.12 min
curvature mean = 0.022, std = 0.839
curvature mean = 0.003, std = 0.950
curvature mean = 0.021, std = 0.852
curvature mean = 0.002, std = 0.981
curvature mean = 0.021, std = 0.855
curvature mean = 0.000, std = 0.993
2 Reading smoothwm
curvature mean = -0.022, std = 0.268
curvature mean = 0.043, std = 0.248
curvature mean = 0.050, std = 0.391
curvature mean = 0.039, std = 0.308
curvature mean = 0.034, std = 0.582
curvature mean = 0.039, std = 0.335
curvature mean = 0.018, std = 0.722
curvature mean = 0.038, std = 0.346
curvature mean = 0.006, std = 0.826
MRISregister() return, current seed 0
-01: dt=0.0000,  27 negative triangles  VmPeak 1746604
113: dt=0.9900,  27 negative triangles
expanding nbhd size to 1
114: dt=0.9900,  29 negative triangles
115: dt=0.9900,  23 negative triangles
116: dt=0.9900,  23 negative triangles
117: dt=0.9900,  23 negative triangles
118: dt=0.9900,  23 negative triangles
119: dt=0.9900,  22 negative triangles
120: dt=0.9900,  20 negative triangles
121: dt=0.9900,  17 negative triangles
122: dt=0.9900,  16 negative triangles
123: dt=0.9900,  18 negative triangles
124: dt=0.9900,  17 negative triangles
125: dt=0.9900,  15 negative triangles
126: dt=0.9900,  14 negative triangles
127: dt=0.9900,  14 negative triangles
128: dt=0.9900,  16 negative triangles
129: dt=0.9900,  16 negative triangles
130: dt=0.9900,  13 negative triangles
131: dt=0.9900,  11 negative triangles
132: dt=0.9900,  11 negative triangles
133: dt=0.9900,  16 negative triangles
134: dt=0.9900,  16 negative triangles
135: dt=0.9900,  12 negative triangles
136: dt=0.9900,  10 negative triangles
137: dt=0.9900,  10 negative triangles
138: dt=0.9900,  16 negative triangles
139: dt=0.9900,  15 negative triangles
140: dt=0.9900,  12 negative triangles
141: dt=0.9900,   9 negative triangles
142: dt=0.9900,   9 negative triangles
143: dt=0.9900,  10 negative triangles
144: dt=0.9900,   8 negative triangles
145: dt=0.9900,   7 negative triangles
146: dt=0.9900,   7 negative triangles
147: dt=0.9900,   9 negative triangles
148: dt=0.9900,  12 negative triangles
149: dt=0.9900,   7 negative triangles
150: dt=0.9900,   7 negative triangles
151: dt=0.9900,   7 negative triangles
152: dt=0.9900,   8 negative triangles
153: dt=0.9900,   6 negative triangles
154: dt=0.9900,   3 negative triangles
155: dt=0.9900,   3 negative triangles
156: dt=0.9900,   2 negative triangles
157: dt=0.9900,   7 negative triangles
158: dt=0.9900,   3 negative triangles
159: dt=0.9900,   2 negative triangles
160: dt=0.9900,   2 negative triangles
writing registered surface to ../surf/lh.sphere.reg...
registration took 0.06 hours
#VMPC# mris_register VmPeak  1746604
FSRUNTIME@ mris_register  0.0623 hours 16 threads

 ln -sf lh.sphere.reg lh.fsaverage.sphere.reg 

#--------------------------------------------
#@# Jacobian white lh Thu Mar 12 17:04:23 CET 2026
/out/sourcedata/freesurfer/sub-v1s20x0050289_ses-1/scripts

 mris_jacobian ../surf/lh.white.preaparc ../surf/lh.sphere.reg ../surf/lh.jacobian_white 

reading surface from ../surf/lh.white.preaparc...
writing curvature file ../surf/lh.jacobian_white
#--------------------------------------------
#@# AvgCurv lh Thu Mar 12 17:04:24 CET 2026
/out/sourcedata/freesurfer/sub-v1s20x0050289_ses-1/scripts

 mrisp_paint -a 5 /opt/freesurfer/average/lh.folding.atlas.acfb40.noaparc.i12.2016-08-02.tif#6 ../surf/lh.sphere.reg ../surf/lh.avg_curv 

averaging curvature patterns 5 times...
reading surface from ../surf/lh.sphere.reg...
reading template parameterization from /opt/freesurfer/average/lh.folding.atlas.acfb40.noaparc.i12.2016-08-02.tif...
writing curvature file to ../surf/lh.avg_curv...
#-----------------------------------------
#@# Cortical Parc lh Thu Mar 12 17:04:25 CET 2026
/out/sourcedata/freesurfer/sub-v1s20x0050289_ses-1/scripts

 mris_ca_label -l ../label/lh.cortex.label -aseg ../mri/aseg.presurf.mgz -seed 1234 sub-v1s20x0050289_ses-1 lh ../surf/lh.sphere.reg /opt/freesurfer/average/lh.DKaparc.atlas.acfb40.noaparc.i12.2016-08-02.gcs ../label/lh.aparc.annot 

setting seed for random number generator to 1234
using ../mri/aseg.presurf.mgz aseg volume to correct midline
7.3.2
  7.3.2
reading atlas from /opt/freesurfer/average/lh.DKaparc.atlas.acfb40.noaparc.i12.2016-08-02.gcs...
reading color table from GCSA file....
average std = 0.8   using min determinant for regularization = 0.006
0 singular and 342 ill-conditioned covariance matrices regularized
input 0: MEAN CURVATURE, flags 0, avgs 5, name mean_curvature
labeling surface...
1281 labels changed using aseg
relabeling using gibbs priors...
000:   2868 changed, 125922 examined...
001:    666 changed, 12047 examined...
002:    151 changed, 3726 examined...
003:     41 changed, 947 examined...
004:     16 changed, 251 examined...
005:      5 changed, 101 examined...
006:      3 changed, 32 examined...
007:      0 changed, 21 examined...
231 labels changed using aseg
000: 107 total segments, 66 labels (190 vertices) changed
001: 41 total segments, 0 labels (0 vertices) changed
10 filter iterations complete (10 requested, 7 changed)
rationalizing unknown annotations with cortex label
relabeling unknown label...
relabeling corpuscallosum label...
1568 vertices marked for relabeling...
1568 labels changed in reclassification.
writing output to ../label/lh.aparc.annot...
classification took 0 minutes and 9 seconds.
#--------------------------------------------
#@# WhiteSurfs lh Thu Mar 12 17:04:33 CET 2026
cd /out/sourcedata/freesurfer/sub-v1s20x0050289_ses-1/mri
mris_place_surface --adgws-in ../surf/autodet.gw.stats.lh.dat --seg aseg.presurf.mgz --threads 16 --wm wm.mgz --invol brain.finalsurfs.mgz --lh --i ../surf/lh.white.preaparc --o ../surf/lh.white --white --nsmooth 0 --rip-label ../label/lh.cortex.label --rip-bg --rip-surf ../surf/lh.white.preaparc --aparc ../label/lh.aparc.annot
7.3.2
7.3.2

cd /out/sourcedata/freesurfer/sub-v1s20x0050289_ses-1/mri
setenv SUBJECTS_DIR /out/sourcedata/freesurfer
mris_place_surface --adgws-in ../surf/autodet.gw.stats.lh.dat --seg aseg.presurf.mgz --threads 16 --wm wm.mgz --invol brain.finalsurfs.mgz --lh --i ../surf/lh.white.preaparc --o ../surf/lh.white --white --nsmooth 0 --rip-label ../label/lh.cortex.label --rip-bg --rip-surf ../surf/lh.white.preaparc --aparc ../label/lh.aparc.annot 

Reading in input surface ../surf/lh.white.preaparc
Not smoothing input surface
Area    251840  0.34504  0.12941 0.001164   1.8191
Corner  755520 60.00000 14.39204 0.277023 178.8125
Edge    377760  0.90480  0.21314 0.019069   3.3829
Hinge   377760 10.39590 12.07869 0.000016 179.9717
Reading in aparc ../label/lh.aparc.annot
Reading in input volume brain.finalsurfs.mgz
Reading in wm volume wm.mgz
MRIclipBrightWM(): nthresh=15179, wmmin=5, clip=110 
MRIfindBrightNonWM(): 1124 bright non-wm voxels segmented.
Masking bright non-wm for white surface
MRImask(): AllowDiffGeom = 1
MRImask(): AllowDiffGeom = 1
Reading in seg volume aseg.presurf.mgz
Ripping frozen voxels
Ripping vertices not in label ../label/lh.cortex.label
MRISripNotLabel() ripped 8461/125922 vertices (117461 unripped)
Reading in ripping surface ../surf/lh.white.preaparc
Reading in aparc ../label/lh.aparc.annot for ripsurf
Ripping BG
MRISripBasalGanglia(): 1 -2 2 0.5 ripped 482
Ripping segs (eg, WMSA, BG, frozen)
Starting MRISripSegs() d = (-2 2 0.5) segnos: 247 
MRISripSegs(): -2 2 0.5 ripped 0
vertex 62961: xyz = (-53.3207,-5.62185,31.6615) oxyz = (-53.3207,-5.62185,31.6615) wxzy = (-53.3207,-5.62185,31.6615) pxyz = (0,0,0) 
CBVO Creating mask 125922
n_averages 4
Iteration 0 =========================================
n_averages=4, current_sigma=2
Computing target border values 
Entering MRIScomputeBorderValues_new(): 
  inside_hi   = 120.0000000;
  border_hi   = 109.0314030;
  border_low  =  68.0000000;
  outside_low =  57.3600160;
  outside_hi  = 109.0314030;
  sigma = 2;
  max_thickness = 10;
  step_size=0.5;
  STEP_SIZE=0.1;
  which = 1
  thresh = 0
  flags = 0
  CBVfindFirstPeakD1=0
  CBVfindFirstPeakD2=0
  nvertices=125922
  Gdiag_no=-1
  vno start=0, stop=125922
Replacing 255s with 0s
#SI# sigma=2 had to be increased for 166 vertices, nripped=8943
mean border=79.6, 191 (191) missing vertices, mean dist 0.3 [0.9 (%17.9)->0.6 (%82.1))]
%56 local maxima, %37 large gradients and % 0 min vals, 0 gradients ignored
nFirstPeakD1 0
MRIScomputeBorderValues_new() finished in 0.0098 min


Finding expansion regions
mean absolute distance = 0.65 +- 0.94
2938 vertices more than 2 sigmas from mean.
Averaging target values for 5 iterations...
Positioning Surface: tspring = 0.3, nspring = 0.3, spring = 0, niters = 100 l_repulse = 5, l_surf_repulse = 0, checktol = 0
Positioning pial surface
Entering MRISpositionSurface()
  max_mm = 0.3
  MAX_REDUCTIONS = 2, REDUCTION_PCT = 0.5
  parms->check_tol = 0, niterations = 100
tol=1.0e-04, sigma=2.0, host=dna00, nav=4, nbrs=2, l_repulse=5.000, l_tspring=0.300, l_nspring=0.300, l_intensity=0.200, l_curv=1.000
mom=0.00, dt=0.50
complete_dist_mat 0
rms 0
smooth_averages 0
remove_neg 0
ico_order 0
which_surface 0
target_radius 0.000000
nfields 0
scale 0.000000
desired_rms_height 0.000000
momentum 0.000000
nbhd_size 0
max_nbrs 0
niterations 100
nsurfaces 0
SURFACES 3
flags 0 (0)
use curv 0
no sulc 0
no rigid align 0
mris->nsize 2
mris->hemisphere 0
randomSeed 0

000: dt: 0.0000, sse=1479012.6, rms=7.441
001: dt: 0.5000, sse=701785.9, rms=4.709 (36.715%)
002: dt: 0.5000, sse=461101.6, rms=3.438 (26.991%)
003: dt: 0.5000, sse=409130.3, rms=3.078 (10.481%)
004: dt: 0.5000, sse=369334.2, rms=2.793 (9.248%)
rms = 2.8572/2.7932, sse=380024.0/369334.2, time step reduction 1 of 3 to 0.250  0 1 1
   RMS increased, rejecting step
005: dt: 0.2500, sse=286428.7, rms=2.054 (26.478%)
006: dt: 0.2500, sse=255934.9, rms=1.692 (17.623%)
007: dt: 0.2500, sse=246074.0, rms=1.565 (7.482%)
008: dt: 0.2500, sse=243395.5, rms=1.511 (3.487%)
rms = 1.4800/1.5105, sse=241383.0/243395.4, time step reduction 2 of 3 to 0.125  0 0 1
009: dt: 0.2500, sse=241383.0, rms=1.480 (2.020%)
010: dt: 0.1250, sse=237361.5, rms=1.417 (4.261%)
rms = 1.4026/1.4169, sse=237470.3/237361.5, time step reduction 3 of 3 to 0.062  0 1 1
011: dt: 0.1250, sse=237470.3, rms=1.403 (1.012%)
  maximum number of reductions reached, breaking from loop
positioning took 0.9 minutes
Iteration 1 =========================================
n_averages=2, current_sigma=1
Computing target border values 
Entering MRIScomputeBorderValues_new(): 
  inside_hi   = 120.0000000;
  border_hi   = 109.0314030;
  border_low  =  68.0000000;
  outside_low =  57.3600160;
  outside_hi  = 109.0314030;
  sigma = 1;
  max_thickness = 10;
  step_size=0.5;
  STEP_SIZE=0.1;
  which = 1
  thresh = 0
  flags = 0
  CBVfindFirstPeakD1=0
  CBVfindFirstPeakD2=0
  nvertices=125922
  Gdiag_no=-1
  vno start=0, stop=125922
Replacing 255s with 0s
#SI# sigma=1 had to be increased for 166 vertices, nripped=8943
mean border=82.4, 124 (41) missing vertices, mean dist -0.2 [0.5 (%69.4)->0.3 (%30.6))]
%66 local maxima, %27 large gradients and % 0 min vals, 0 gradients ignored
nFirstPeakD1 0
MRIScomputeBorderValues_new() finished in 0.0077 min


Finding expansion regions
mean absolute distance = 0.41 +- 0.73
3209 vertices more than 2 sigmas from mean.
Averaging target values for 5 iterations...
Positioning Surface: tspring = 0.3, nspring = 0.3, spring = 0, niters = 100 l_repulse = 5, l_surf_repulse = 0, checktol = 0
Positioning pial surface
Entering MRISpositionSurface()
  max_mm = 0.3
  MAX_REDUCTIONS = 2, REDUCTION_PCT = 0.5
  parms->check_tol = 0, niterations = 100
tol=1.0e-04, sigma=1.0, host=dna00, nav=2, nbrs=2, l_repulse=5.000, l_tspring=0.300, l_nspring=0.300, l_intensity=0.200, l_curv=1.000
mom=0.00, dt=0.50
000: dt: 0.0000, sse=615052.0, rms=4.190
012: dt: 0.5000, sse=387753.3, rms=2.729 (34.861%)
013: dt: 0.5000, sse=354432.3, rms=2.524 (7.527%)
rms = 2.5179/2.5236, sse=355276.7/354432.3, time step reduction 1 of 3 to 0.250  0 1 1
014: dt: 0.5000, sse=355276.7, rms=2.518 (0.225%)
015: dt: 0.2500, sse=256630.3, rms=1.456 (42.156%)
016: dt: 0.2500, sse=244533.9, rms=1.257 (13.670%)
rms = 1.2116/1.2574, sse=244094.7/244533.9, time step reduction 2 of 3 to 0.125  0 0 1
017: dt: 0.2500, sse=244094.7, rms=1.212 (3.640%)
018: dt: 0.1250, sse=239884.2, rms=1.122 (7.406%)
rms = 1.1046/1.1219, sse=239314.3/239884.2, time step reduction 3 of 3 to 0.062  0 0 1
019: dt: 0.1250, sse=239314.3, rms=1.105 (1.541%)
  maximum number of reductions reached, breaking from loop
positioning took 0.6 minutes
Iteration 2 =========================================
n_averages=1, current_sigma=0.5
Computing target border values 
Entering MRIScomputeBorderValues_new(): 
  inside_hi   = 120.0000000;
  border_hi   = 109.0314030;
  border_low  =  68.0000000;
  outside_low =  57.3600160;
  outside_hi  = 109.0314030;
  sigma = 0.5;
  max_thickness = 10;
  step_size=0.5;
  STEP_SIZE=0.1;
  which = 1
  thresh = 0
  flags = 0
  CBVfindFirstPeakD1=0
  CBVfindFirstPeakD2=0
  nvertices=125922
  Gdiag_no=-1
  vno start=0, stop=125922
Replacing 255s with 0s
#SI# sigma=0.5 had to be increased for 173 vertices, nripped=8943
mean border=84.3, 124 (29) missing vertices, mean dist -0.2 [0.4 (%65.9)->0.2 (%34.1))]
%75 local maxima, %18 large gradients and % 0 min vals, 0 gradients ignored
nFirstPeakD1 0
MRIScomputeBorderValues_new() finished in 0.0046 min


Finding expansion regions
mean absolute distance = 0.32 +- 0.54
3612 vertices more than 2 sigmas from mean.
Averaging target values for 5 iterations...
Positioning Surface: tspring = 0.3, nspring = 0.3, spring = 0, niters = 100 l_repulse = 5, l_surf_repulse = 0, checktol = 0
Positioning pial surface
Entering MRISpositionSurface()
  max_mm = 0.3
  MAX_REDUCTIONS = 2, REDUCTION_PCT = 0.5
  parms->check_tol = 0, niterations = 100
tol=1.0e-04, sigma=0.5, host=dna00, nav=1, nbrs=2, l_repulse=5.000, l_tspring=0.300, l_nspring=0.300, l_intensity=0.200, l_curv=1.000
mom=0.00, dt=0.50
000: dt: 0.0000, sse=421220.3, rms=3.040
020: dt: 0.5000, sse=335998.0, rms=2.287 (24.780%)
rms = 2.2587/2.2866, sse=330704.4/335998.0, time step reduction 1 of 3 to 0.250  0 0 1
021: dt: 0.5000, sse=330704.3, rms=2.259 (1.222%)
022: dt: 0.2500, sse=240555.4, rms=1.304 (42.266%)
023: dt: 0.2500, sse=231929.6, rms=1.124 (13.837%)
rms = 1.1083/1.1236, sse=229787.2/231929.6, time step reduction 2 of 3 to 0.125  0 0 1
024: dt: 0.2500, sse=229787.2, rms=1.108 (1.362%)
025: dt: 0.1250, sse=225196.5, rms=1.012 (8.698%)
rms = 0.9995/1.0119, sse=224283.6/225196.6, time step reduction 3 of 3 to 0.062  0 0 1
026: dt: 0.1250, sse=224283.6, rms=0.999 (1.227%)
  maximum number of reductions reached, breaking from loop
positioning took 0.5 minutes
Iteration 3 =========================================
n_averages=0, current_sigma=0.25
Computing target border values 
Entering MRIScomputeBorderValues_new(): 
  inside_hi   = 120.0000000;
  border_hi   = 109.0314030;
  border_low  =  68.0000000;
  outside_low =  57.3600160;
  outside_hi  = 109.0314030;
  sigma = 0.25;
  max_thickness = 10;
  step_size=0.5;
  STEP_SIZE=0.1;
  which = 1
  thresh = 0
  flags = 0
  CBVfindFirstPeakD1=0
  CBVfindFirstPeakD2=0
  nvertices=125922
  Gdiag_no=-1
  vno start=0, stop=125922
Replacing 255s with 0s
#SI# sigma=0.25 had to be increased for 170 vertices, nripped=8943
mean border=85.1, 159 (24) missing vertices, mean dist -0.1 [0.3 (%55.8)->0.2 (%44.2))]
%80 local maxima, %13 large gradients and % 0 min vals, 0 gradients ignored
nFirstPeakD1 0
MRIScomputeBorderValues_new() finished in 0.0031 min


Finding expansion regions
mean absolute distance = 0.28 +- 0.44
3282 vertices more than 2 sigmas from mean.
Averaging target values for 5 iterations...
Positioning Surface: tspring = 0.3, nspring = 0.3, spring = 0, niters = 100 l_repulse = 5, l_surf_repulse = 0, checktol = 0
Positioning pial surface
Entering MRISpositionSurface()
  max_mm = 0.3
  MAX_REDUCTIONS = 2, REDUCTION_PCT = 0.5
  parms->check_tol = 0, niterations = 100
tol=1.0e-04, sigma=0.2, host=dna00, nav=0, nbrs=2, l_repulse=5.000, l_tspring=0.300, l_nspring=0.300, l_intensity=0.200, l_curv=1.000
mom=0.00, dt=0.50
000: dt: 0.0000, sse=259071.7, rms=1.622
rms = 1.6571/1.6224, sse=267247.9/259071.7, time step reduction 1 of 3 to 0.250  0 1 1
   RMS increased, rejecting step
027: dt: 0.2500, sse=232499.8, rms=1.178 (27.405%)
028: dt: 0.2500, sse=223239.0, rms=0.946 (19.717%)
rms = 1.0141/0.9456, sse=223817.0/223239.0, time step reduction 2 of 3 to 0.125  0 1 1
   RMS increased, rejecting step
029: dt: 0.1250, sse=219167.4, rms=0.884 (6.468%)
030: dt: 0.1250, sse=217634.1, rms=0.824 (6.801%)
rms = 0.8065/0.8243, sse=215219.3/217634.1, time step reduction 3 of 3 to 0.062  0 0 1
031: dt: 0.1250, sse=215219.3, rms=0.807 (2.153%)
  maximum number of reductions reached, breaking from loop
positioning took 0.5 minutes


Writing output to ../surf/lh.white
#ET# mris_place_surface  2.62 minutes
#VMPC# mris_place_surfaces VmPeak  3035376
mris_place_surface done
#--------------------------------------------
#@# T1PialSurf lh Thu Mar 12 17:07:16 CET 2026
cd /out/sourcedata/freesurfer/sub-v1s20x0050289_ses-1/mri
mris_place_surface --adgws-in ../surf/autodet.gw.stats.lh.dat --seg aseg.presurf.mgz --threads 16 --wm wm.mgz --invol brain.finalsurfs.mgz --lh --i ../surf/lh.white --o ../surf/lh.pial.T1 --pial --nsmooth 0 --rip-label ../label/lh.cortex+hipamyg.label --pin-medial-wall ../label/lh.cortex.label --aparc ../label/lh.aparc.annot --repulse-surf ../surf/lh.white --white-surf ../surf/lh.white
7.3.2
7.3.2

cd /out/sourcedata/freesurfer/sub-v1s20x0050289_ses-1/mri
setenv SUBJECTS_DIR /out/sourcedata/freesurfer
mris_place_surface --adgws-in ../surf/autodet.gw.stats.lh.dat --seg aseg.presurf.mgz --threads 16 --wm wm.mgz --invol brain.finalsurfs.mgz --lh --i ../surf/lh.white --o ../surf/lh.pial.T1 --pial --nsmooth 0 --rip-label ../label/lh.cortex+hipamyg.label --pin-medial-wall ../label/lh.cortex.label --aparc ../label/lh.aparc.annot --repulse-surf ../surf/lh.white --white-surf ../surf/lh.white 

Reading in input surface ../surf/lh.white
Not smoothing input surface
Area    251840  0.34989  0.14926 0.000335   1.8711
Corner  755520 60.00000 16.21955 0.134190 179.4330
Edge    377760  0.91374  0.24107 0.015318   3.4468
Hinge   377760 10.53429 12.39092 0.000080 179.9801
Reading white surface coordinates from ../surf/lh.white
Reading repulsion surface coordinates from ../surf/lh.white
Reading in aparc ../label/lh.aparc.annot
Reading in input volume brain.finalsurfs.mgz
Reading in wm volume wm.mgz
MRIclipBrightWM(): nthresh=15179, wmmin=5, clip=110 
MRIfindBrightNonWM(): 1124 bright non-wm voxels segmented.
Masking bright non-wm for pial surface mid_gray = 64.5243
MRImask(): AllowDiffGeom = 1
MRImask(): AllowDiffGeom = 1
MRImask(): AllowDiffGeom = 1
Reading in seg volume aseg.presurf.mgz
Ripping frozen voxels
Ripping vertices not in label ../label/lh.cortex+hipamyg.label
MRISripNotLabel() ripped 6356/125922 vertices (119566 unripped)
INFO: rip surface needed but not specified, so using input surface
Ripping segs (eg, WMSA, BG, frozen)
Starting MRISripSegs() d = (-2 2 0.5) segnos: 247 
MRISripSegs(): -2 2 0.5 ripped 0
vertex 62961: xyz = (-53.1404,-5.75949,31.5914) oxyz = (-53.1404,-5.75949,31.5914) wxzy = (-53.1404,-5.75949,31.5914) pxyz = (-53.1404,-5.75949,31.5914) 
CBVO Creating mask 125922
n_averages 16
Iteration 0 =========================================
n_averages=16, current_sigma=2
Computing target border values 
Entering MRIScomputeBorderValues_new(): 
  inside_hi   =  92.9685970;
  border_hi   =  57.3600160;
  border_low  =  36.0800440;
  outside_low =  10.0000000;
  outside_hi  =  52.0400240;
  sigma = 2;
  max_thickness = 10;
  step_size=0.5;
  STEP_SIZE=0.1;
  which = 2
  thresh = 0
  flags = 0
  CBVfindFirstPeakD1=0
  CBVfindFirstPeakD2=0
  nvertices=125922
  Gdiag_no=-1
  vno start=0, stop=125922
Replacing 255s with 0s
#SI# sigma=2 had to be increased for 217 vertices, nripped=6356
mean border=54.8, 262 (262) missing vertices, mean dist 1.8 [0.6 (%0.0)->2.8 (%100.0))]
%13 local maxima, %46 large gradients and %36 min vals, 0 gradients ignored
nFirstPeakD1 0
MRIScomputeBorderValues_new() finished in 0.0117 min


Averaging target values for 5 iterations...
Positioning Surface: tspring = 0.3, nspring = 0.3, spring = 0, niters = 100 l_repulse = 0, l_surf_repulse = 5, checktol = 0
Positioning pial surface
Entering MRISpositionSurface()
  max_mm = 0.3
  MAX_REDUCTIONS = 2, REDUCTION_PCT = 0.5
  parms->check_tol = 0, niterations = 100
tol=1.0e-04, sigma=2.0, host=dna00, nav=16, nbrs=2, l_surf_repulse=5.000, l_tspring=0.300, l_nspring=0.300, l_intensity=0.200, l_curv=1.000
mom=0.00, dt=0.50
complete_dist_mat 0
rms 0
smooth_averages 0
remove_neg 0
ico_order 0
which_surface 0
target_radius 0.000000
nfields 0
scale 0.000000
desired_rms_height 0.000000
momentum 0.000000
nbhd_size 0
max_nbrs 0
niterations 100
nsurfaces 0
SURFACES 3
flags 0 (0)
use curv 0
no sulc 0
no rigid align 0
mris->nsize 2
mris->hemisphere 0
randomSeed 0

000: dt: 0.0000, sse=23048472.0, rms=30.951
001: dt: 0.5000, sse=16564598.0, rms=26.196 (15.364%)
002: dt: 0.5000, sse=11726435.0, rms=21.986 (16.070%)
003: dt: 0.5000, sse=8430475.0, rms=18.578 (15.499%)
004: dt: 0.5000, sse=6279643.5, rms=15.966 (14.063%)
005: dt: 0.5000, sse=4886661.5, rms=14.015 (12.218%)
006: dt: 0.5000, sse=3851586.8, rms=12.367 (11.762%)
007: dt: 0.5000, sse=3105642.8, rms=11.025 (10.847%)
008: dt: 0.5000, sse=2499760.8, rms=9.800 (11.112%)
009: dt: 0.5000, sse=2061925.6, rms=8.808 (10.124%)
010: dt: 0.5000, sse=1687100.8, rms=7.858 (10.779%)
011: dt: 0.5000, sse=1442575.2, rms=7.169 (8.768%)
012: dt: 0.5000, sse=1242159.1, rms=6.550 (8.645%)
013: dt: 0.5000, sse=1135900.8, rms=6.193 (5.448%)
014: dt: 0.5000, sse=1034477.4, rms=5.832 (5.822%)
015: dt: 0.5000, sse=1001472.8, rms=5.706 (2.168%)
016: dt: 0.5000, sse=944667.0, rms=5.487 (3.833%)
rms = 5.4585/5.4871, sse=938570.5/944667.0, time step reduction 1 of 3 to 0.250  0 0 1
017: dt: 0.5000, sse=938570.5, rms=5.458 (0.522%)
018: dt: 0.2500, sse=750253.6, rms=4.661 (14.616%)
019: dt: 0.2500, sse=707230.6, rms=4.459 (4.330%)
rms = 4.4555/4.4589, sse=707105.4/707230.6, time step reduction 2 of 3 to 0.125  0 0 1
020: dt: 0.2500, sse=707105.4, rms=4.455 (0.076%)
021: dt: 0.1250, sse=638084.9, rms=4.114 (7.675%)
022: dt: 0.1250, sse=614728.2, rms=3.991 (2.973%)
rms = 3.9460/3.9912, sse=606388.8/614728.2, time step reduction 3 of 3 to 0.062  0 0 1
023: dt: 0.1250, sse=606388.8, rms=3.946 (1.134%)
  maximum number of reductions reached, breaking from loop
positioning took 1.6 minutes
Iteration 1 =========================================
n_averages=8, current_sigma=1
Computing target border values 
Entering MRIScomputeBorderValues_new(): 
  inside_hi   =  92.9685970;
  border_hi   =  57.3600160;
  border_low  =  36.0800440;
  outside_low =  10.0000000;
  outside_hi  =  52.0400240;
  sigma = 1;
  max_thickness = 10;
  step_size=0.5;
  STEP_SIZE=0.1;
  which = 2
  thresh = 0
  flags = 0
  CBVfindFirstPeakD1=0
  CBVfindFirstPeakD2=0
  nvertices=125922
  Gdiag_no=-1
  vno start=0, stop=125922
Replacing 255s with 0s
#SI# sigma=1 had to be increased for 7464 vertices, nripped=6356
mean border=52.7, 1311 (47) missing vertices, mean dist 0.2 [0.2 (%45.9)->0.7 (%54.1))]
%24 local maxima, %38 large gradients and %32 min vals, 0 gradients ignored
nFirstPeakD1 0
MRIScomputeBorderValues_new() finished in 0.0047 min


Averaging target values for 5 iterations...
Positioning Surface: tspring = 0.3, nspring = 0.3, spring = 0, niters = 100 l_repulse = 0, l_surf_repulse = 5, checktol = 0
Positioning pial surface
Entering MRISpositionSurface()
  max_mm = 0.3
  MAX_REDUCTIONS = 2, REDUCTION_PCT = 0.5
  parms->check_tol = 0, niterations = 100
tol=1.0e-04, sigma=1.0, host=dna00, nav=8, nbrs=2, l_surf_repulse=5.000, l_tspring=0.300, l_nspring=0.300, l_intensity=0.200, l_curv=1.000
mom=0.00, dt=0.50
000: dt: 0.0000, sse=959867.1, rms=5.303
rms = 5.5010/5.3035, sse=1011154.1/959867.1, time step reduction 1 of 3 to 0.250  0 1 1
   RMS increased, rejecting step
024: dt: 0.2500, sse=824025.4, rms=4.735 (10.725%)
025: dt: 0.2500, sse=778470.7, rms=4.527 (4.393%)
rms = 4.6273/4.5267, sse=800269.9/778470.7, time step reduction 2 of 3 to 0.125  0 1 1
   RMS increased, rejecting step
026: dt: 0.1250, sse=748727.7, rms=4.386 (3.110%)
027: dt: 0.1250, sse=709871.2, rms=4.194 (4.365%)
028: dt: 0.1250, sse=685387.0, rms=4.069 (2.983%)
rms = 4.0332/4.0694, sse=678506.8/685387.0, time step reduction 3 of 3 to 0.062  0 0 1
029: dt: 0.1250, sse=678506.8, rms=4.033 (0.889%)
  maximum number of reductions reached, breaking from loop
positioning took 0.5 minutes
Iteration 2 =========================================
n_averages=4, current_sigma=0.5
Computing target border values 
Entering MRIScomputeBorderValues_new(): 
  inside_hi   =  92.9685970;
  border_hi   =  57.3600160;
  border_low  =  36.0800440;
  outside_low =  10.0000000;
  outside_hi  =  52.0400240;
  sigma = 0.5;
  max_thickness = 10;
  step_size=0.5;
  STEP_SIZE=0.1;
  which = 2
  thresh = 0
  flags = 0
  CBVfindFirstPeakD1=0
  CBVfindFirstPeakD2=0
  nvertices=125922
  Gdiag_no=-1
  vno start=0, stop=125922
Replacing 255s with 0s
#SI# sigma=0.5 had to be increased for 8623 vertices, nripped=6356
mean border=52.0, 1671 (30) missing vertices, mean dist 0.1 [0.2 (%46.4)->0.5 (%53.6))]
%32 local maxima, %29 large gradients and %33 min vals, 0 gradients ignored
nFirstPeakD1 0
MRIScomputeBorderValues_new() finished in 0.0029 min


Averaging target values for 5 iterations...
Positioning Surface: tspring = 0.3, nspring = 0.3, spring = 0, niters = 100 l_repulse = 0, l_surf_repulse = 5, checktol = 0
Positioning pial surface
Entering MRISpositionSurface()
  max_mm = 0.3
  MAX_REDUCTIONS = 2, REDUCTION_PCT = 0.5
  parms->check_tol = 0, niterations = 100
tol=1.0e-04, sigma=0.5, host=dna00, nav=4, nbrs=2, l_surf_repulse=5.000, l_tspring=0.300, l_nspring=0.300, l_intensity=0.200, l_curv=1.000
mom=0.00, dt=0.50
000: dt: 0.0000, sse=751726.8, rms=4.380
rms = 5.3148/4.3803, sse=966357.1/751726.8, time step reduction 1 of 3 to 0.250  0 1 1
   RMS increased, rejecting step
030: dt: 0.2500, sse=697164.0, rms=4.111 (6.155%)
rms = 4.1755/4.1107, sse=709399.3/697164.0, time step reduction 2 of 3 to 0.125  0 1 1
   RMS increased, rejecting step
031: dt: 0.1250, sse=687220.9, rms=4.059 (1.247%)
032: dt: 0.1250, sse=669646.3, rms=3.968 (2.262%)
rms = 3.9377/3.9676, sse=663947.0/669646.3, time step reduction 3 of 3 to 0.062  0 0 1
033: dt: 0.1250, sse=663947.0, rms=3.938 (0.754%)
  maximum number of reductions reached, breaking from loop
positioning took 0.4 minutes
Iteration 3 =========================================
n_averages=2, current_sigma=0.25
Computing target border values 
Entering MRIScomputeBorderValues_new(): 
  inside_hi   =  92.9685970;
  border_hi   =  57.3600160;
  border_low  =  36.0800440;
  outside_low =  10.0000000;
  outside_hi  =  52.0400240;
  sigma = 0.25;
  max_thickness = 10;
  step_size=0.5;
  STEP_SIZE=0.1;
  which = 2
  thresh = 0
  flags = 0
  CBVfindFirstPeakD1=0
  CBVfindFirstPeakD2=0
  nvertices=125922
  Gdiag_no=-1
  vno start=0, stop=125922
Replacing 255s with 0s
#SI# sigma=0.25 had to be increased for 7473 vertices, nripped=6356
mean border=51.4, 3794 (28) missing vertices, mean dist 0.1 [0.2 (%48.2)->0.5 (%51.8))]
%36 local maxima, %24 large gradients and %32 min vals, 0 gradients ignored
nFirstPeakD1 0
MRIScomputeBorderValues_new() finished in 0.0019 min


Averaging target values for 5 iterations...
Positioning Surface: tspring = 0.3, nspring = 0.3, spring = 0, niters = 100 l_repulse = 0, l_surf_repulse = 5, checktol = 0
Positioning pial surface
Entering MRISpositionSurface()
  max_mm = 0.3
  MAX_REDUCTIONS = 2, REDUCTION_PCT = 0.5
  parms->check_tol = 0, niterations = 100
tol=1.0e-04, sigma=0.2, host=dna00, nav=2, nbrs=2, l_surf_repulse=5.000, l_tspring=0.300, l_nspring=0.300, l_intensity=0.200, l_curv=1.000
mom=0.00, dt=0.50
000: dt: 0.0000, sse=695643.8, rms=4.097
rms = 5.0434/4.0968, sse=899285.2/695643.7, time step reduction 1 of 3 to 0.250  0 1 1
   RMS increased, rejecting step
034: dt: 0.2500, sse=656825.8, rms=3.894 (4.946%)
rms = 3.9230/3.8941, sse=660831.0/656825.8, time step reduction 2 of 3 to 0.125  0 1 1
   RMS increased, rejecting step
rms = 3.8507/3.8941, sse=648754.4/656825.8, time step reduction 3 of 3 to 0.062  0 0 1
035: dt: 0.1250, sse=648754.4, rms=3.851 (1.117%)
  maximum number of reductions reached, breaking from loop
positioning took 0.2 minutes
Pinning medial wall to white surface
removing intersecting faces
000: 23 intersecting
001: 5 intersecting
terminating search with 0 intersecting


Writing output to ../surf/lh.pial.T1
#ET# mris_place_surface  2.88 minutes
#VMPC# mris_place_surfaces VmPeak  2359624
mris_place_surface done
#@# white curv lh Thu Mar 12 17:10:15 CET 2026
cd /out/sourcedata/freesurfer/sub-v1s20x0050289_ses-1/mri
mris_place_surface --curv-map ../surf/lh.white 2 10 ../surf/lh.curv
insurf  ../surf/lh.white, nbrs 2, curvature_avgs 10
writing curvature file ../surf/lh.curv
#@# white area lh Thu Mar 12 17:10:17 CET 2026
cd /out/sourcedata/freesurfer/sub-v1s20x0050289_ses-1/mri
mris_place_surface --area-map ../surf/lh.white ../surf/lh.area
writing curvature file ../surf/lh.area
#@# pial curv lh Thu Mar 12 17:10:17 CET 2026
cd /out/sourcedata/freesurfer/sub-v1s20x0050289_ses-1/mri
mris_place_surface --curv-map ../surf/lh.pial 2 10 ../surf/lh.curv.pial
insurf  ../surf/lh.pial, nbrs 2, curvature_avgs 10
writing curvature file ../surf/lh.curv.pial
#@# pial area lh Thu Mar 12 17:10:19 CET 2026
cd /out/sourcedata/freesurfer/sub-v1s20x0050289_ses-1/mri
mris_place_surface --area-map ../surf/lh.pial ../surf/lh.area.pial
writing curvature file ../surf/lh.area.pial
#@# thickness lh Thu Mar 12 17:10:19 CET 2026
cd /out/sourcedata/freesurfer/sub-v1s20x0050289_ses-1/mri
mris_place_surface --thickness ../surf/lh.white ../surf/lh.pial 20 5 ../surf/lh.thickness
0 of 125922 vertices processed
25000 of 125922 vertices processed
50000 of 125922 vertices processed
75000 of 125922 vertices processed
100000 of 125922 vertices processed
125000 of 125922 vertices processed
0 of 125922 vertices processed
25000 of 125922 vertices processed
50000 of 125922 vertices processed
75000 of 125922 vertices processed
100000 of 125922 vertices processed
125000 of 125922 vertices processed
thickness calculation complete, 80:947 truncations.
57736 vertices at 0 distance
100322 vertices at 1 distance
58493 vertices at 2 distance
21905 vertices at 3 distance
7985 vertices at 4 distance
3104 vertices at 5 distance
1258 vertices at 6 distance
514 vertices at 7 distance
204 vertices at 8 distance
110 vertices at 9 distance
63 vertices at 10 distance
49 vertices at 11 distance
25 vertices at 12 distance
20 vertices at 13 distance
19 vertices at 14 distance
6 vertices at 15 distance
7 vertices at 16 distance
6 vertices at 17 distance
6 vertices at 18 distance
9 vertices at 19 distance
3 vertices at 20 distance
writing curvature file ../surf/lh.thickness
#@# area and vertex vol lh Thu Mar 12 17:10:46 CET 2026
cd /out/sourcedata/freesurfer/sub-v1s20x0050289_ses-1/mri
mris_place_surface --thickness ../surf/lh.white ../surf/lh.pial 20 5 ../surf/lh.thickness
/out/sourcedata/freesurfer/sub-v1s20x0050289_ses-1/surf
mris_calc -o lh.area.mid lh.area add lh.area.pial
Saving result to 'lh.area.mid' (type = MRI_CURV_FILE)                       [ ok ]
mris_calc -o lh.area.mid lh.area.mid div 2
Saving result to 'lh.area.mid' (type = MRI_CURV_FILE)                       [ ok ]
mris_convert --volume sub-v1s20x0050289_ses-1 lh /out/sourcedata/freesurfer/sub-v1s20x0050289_ses-1/surf/lh.volume
masking with /out/sourcedata/freesurfer/sub-v1s20x0050289_ses-1/label/lh.cortex.label
Total face volume 229075
Total vertex volume 228817 (mask=0)
#@# sub-v1s20x0050289_ses-1 lh 228817
 
vertexvol Done

#-----------------------------------------
#@# Curvature Stats lh Thu Mar 12 17:10:47 CET 2026
/out/sourcedata/freesurfer/sub-v1s20x0050289_ses-1/surf

 mris_curvature_stats -m --writeCurvatureFiles -G -o ../stats/lh.curv.stats -F smoothwm sub-v1s20x0050289_ses-1 lh curv sulc 

             Toggling save flag on curvature files                       [ ok ]
                 Outputting results using filestem   [ ../stats/lh.curv.stats ]
             Toggling save flag on curvature files                       [ ok ]
                                   Setting surface [ sub-v1s20x0050289_ses-1/lh.smoothwm ]
                                Reading surface...                       [ ok ]
                                   Setting texture                     [ curv ]
                                Reading texture...                       [ ok ]
                                   Setting texture                     [ sulc ]
                                Reading texture...Gb_filter = 0
                       [ ok ]
      Calculating Discrete Principal Curvatures...
      Determining geometric order for vno faces... [####################] [ ok ]
                      Determining KH curvatures... [####################] [ ok ]
                    Determining k1k2 curvatures... [####################] [ ok ]
                                   deltaViolations                      [ 207 ]
Gb_filter = 0

WARN:    S lookup   min:                          -0.021614
WARN:    S explicit min:                          0.000000	vertex = 881
#-----------------------------------------
#@# Cortical Parc 2 lh Thu Mar 12 17:10:49 CET 2026
/out/sourcedata/freesurfer/sub-v1s20x0050289_ses-1/scripts

 mris_ca_label -l ../label/lh.cortex.label -aseg ../mri/aseg.presurf.mgz -seed 1234 sub-v1s20x0050289_ses-1 lh ../surf/lh.sphere.reg /opt/freesurfer/average/lh.CDaparc.atlas.acfb40.noaparc.i12.2016-08-02.gcs ../label/lh.aparc.a2009s.annot 

setting seed for random number generator to 1234
using ../mri/aseg.presurf.mgz aseg volume to correct midline
7.3.2
  7.3.2
reading atlas from /opt/freesurfer/average/lh.CDaparc.atlas.acfb40.noaparc.i12.2016-08-02.gcs...
reading color table from GCSA file....
average std = 3.0   using min determinant for regularization = 0.088
0 singular and 0 ill-conditioned covariance matrices regularized
input 0: MEAN CURVATURE, flags 0, avgs 5, name mean_curvature
labeling surface...
11 labels changed using aseg
relabeling using gibbs priors...
000:   8550 changed, 125922 examined...
001:   2012 changed, 33210 examined...
002:    624 changed, 10705 examined...
003:    263 changed, 3585 examined...
004:    157 changed, 1551 examined...
005:     70 changed, 867 examined...
006:     31 changed, 417 examined...
007:     13 changed, 162 examined...
008:      5 changed, 73 examined...
009:      4 changed, 26 examined...
010:      2 changed, 19 examined...
011:      2 changed, 12 examined...
012:      2 changed, 12 examined...
013:      0 changed, 10 examined...
6 labels changed using aseg
000: 214 total segments, 128 labels (1435 vertices) changed
001: 88 total segments, 3 labels (11 vertices) changed
002: 85 total segments, 0 labels (0 vertices) changed
10 filter iterations complete (10 requested, 27 changed)
rationalizing unknown annotations with cortex label
relabeling Medial_wall label...
1049 vertices marked for relabeling...
1049 labels changed in reclassification.
writing output to ../label/lh.aparc.a2009s.annot...
classification took 0 minutes and 12 seconds.
#-----------------------------------------
#@# Cortical Parc 3 lh Thu Mar 12 17:11:02 CET 2026
/out/sourcedata/freesurfer/sub-v1s20x0050289_ses-1/scripts

 mris_ca_label -l ../label/lh.cortex.label -aseg ../mri/aseg.presurf.mgz -seed 1234 sub-v1s20x0050289_ses-1 lh ../surf/lh.sphere.reg /opt/freesurfer/average/lh.DKTaparc.atlas.acfb40.noaparc.i12.2016-08-02.gcs ../label/lh.aparc.DKTatlas.annot 

setting seed for random number generator to 1234
using ../mri/aseg.presurf.mgz aseg volume to correct midline
7.3.2
  7.3.2
reading atlas from /opt/freesurfer/average/lh.DKTaparc.atlas.acfb40.noaparc.i12.2016-08-02.gcs...
reading color table from GCSA file....
average std = 1.4   using min determinant for regularization = 0.020
0 singular and 383 ill-conditioned covariance matrices regularized
input 0: MEAN CURVATURE, flags 0, avgs 5, name mean_curvature
labeling surface...
1499 labels changed using aseg
relabeling using gibbs priors...
000:   1895 changed, 125922 examined...
001:    446 changed, 8965 examined...
002:    132 changed, 2510 examined...
003:     66 changed, 736 examined...
004:     36 changed, 367 examined...
005:     27 changed, 205 examined...
006:     19 changed, 150 examined...
007:     21 changed, 96 examined...
008:     17 changed, 97 examined...
009:     15 changed, 87 examined...
010:     12 changed, 80 examined...
011:     11 changed, 55 examined...
012:      6 changed, 51 examined...
013:      6 changed, 31 examined...
014:      6 changed, 31 examined...
015:      3 changed, 32 examined...
016:      3 changed, 22 examined...
017:      0 changed, 16 examined...
348 labels changed using aseg
000: 56 total segments, 23 labels (205 vertices) changed
001: 34 total segments, 1 labels (14 vertices) changed
002: 33 total segments, 0 labels (0 vertices) changed
10 filter iterations complete (10 requested, 8 changed)
rationalizing unknown annotations with cortex label
relabeling unknown label...
relabeling corpuscallosum label...
727 vertices marked for relabeling...
727 labels changed in reclassification.
writing output to ../label/lh.aparc.DKTatlas.annot...
classification took 0 minutes and 9 seconds.
#-----------------------------------------
#@# WM/GM Contrast lh Thu Mar 12 17:11:11 CET 2026
/out/sourcedata/freesurfer/sub-v1s20x0050289_ses-1/scripts

 pctsurfcon --s sub-v1s20x0050289_ses-1 --lh-only 

Log file is /out/sourcedata/freesurfer/sub-v1s20x0050289_ses-1/scripts/pctsurfcon.log
Thu Mar 12 17:11:11 CET 2026
setenv SUBJECTS_DIR /out/sourcedata/freesurfer
cd /out/sourcedata/freesurfer/sub-v1s20x0050289_ses-1/scripts
/opt/freesurfer/bin/pctsurfcon
pctsurfcon 7.3.2
Linux dna003 5.14.0-427.37.1.el9_4.x86_64 #1 SMP PREEMPT_DYNAMIC Fri Sep 13 12:41:50 EDT 2024 x86_64 x86_64 x86_64 GNU/Linux
FREESURFER_HOME /opt/freesurfer
mri_vol2surf --mov /out/sourcedata/freesurfer/sub-v1s20x0050289_ses-1/mri/rawavg.mgz --hemi lh --noreshape --interp trilinear --projdist -1 --o /out/sourcedata/freesurfer/sub-v1s20x0050289_ses-1/surf/tmp.pctsurfcon.2244661/lh.wm.mgh --regheader sub-v1s20x0050289_ses-1 --cortex
srcvol = /out/sourcedata/freesurfer/sub-v1s20x0050289_ses-1/mri/rawavg.mgz
srcreg unspecified
srcregold = 0
srcwarp unspecified
surf = white
hemi = lh
ProjDist = -1
reshape = 0
interp = trilinear
float2int = round
GetProjMax = 0
INFO: float2int code = 0
Done loading volume
Computing registration from header.
  Using /out/sourcedata/freesurfer/sub-v1s20x0050289_ses-1/mri/orig.mgz as target reference.
-------- original matrix -----------
-1.00000   0.00000   0.00000   0.00000;
 0.00000   0.00000   1.00000   0.00000;
 0.00000  -1.00000   0.00000   0.00000;
 0.00000   0.00000   0.00000   1.00000;
-------- original matrix -----------
Loading label /out/sourcedata/freesurfer/sub-v1s20x0050289_ses-1/label/lh.cortex.label
Reading surface /out/sourcedata/freesurfer/sub-v1s20x0050289_ses-1/surf/lh.white
Done reading source surface
Mapping Source Volume onto Source Subject Surface
Projecting -1 -1 1
 1 -1 -1 -1
using old
Done mapping volume to surface
Number of source voxels hit = 64400
Masking with /out/sourcedata/freesurfer/sub-v1s20x0050289_ses-1/label/lh.cortex.label
Writing to /out/sourcedata/freesurfer/sub-v1s20x0050289_ses-1/surf/tmp.pctsurfcon.2244661/lh.wm.mgh
Dim: 125922 1 1
mri_vol2surf --mov /out/sourcedata/freesurfer/sub-v1s20x0050289_ses-1/mri/rawavg.mgz --hemi lh --noreshape --interp trilinear --o /out/sourcedata/freesurfer/sub-v1s20x0050289_ses-1/surf/tmp.pctsurfcon.2244661/lh.gm.mgh --projfrac 0.3 --regheader sub-v1s20x0050289_ses-1 --cortex
srcvol = /out/sourcedata/freesurfer/sub-v1s20x0050289_ses-1/mri/rawavg.mgz
srcreg unspecified
srcregold = 0
srcwarp unspecified
surf = white
hemi = lh
ProjFrac = 0.3
thickness = thickness
reshape = 0
interp = trilinear
float2int = round
GetProjMax = 0
INFO: float2int code = 0
Done loading volume
Computing registration from header.
  Using /out/sourcedata/freesurfer/sub-v1s20x0050289_ses-1/mri/orig.mgz as target reference.
-------- original matrix -----------
-1.00000   0.00000   0.00000   0.00000;
 0.00000   0.00000   1.00000   0.00000;
 0.00000  -1.00000   0.00000   0.00000;
 0.00000   0.00000   0.00000   1.00000;
-------- original matrix -----------
Loading label /out/sourcedata/freesurfer/sub-v1s20x0050289_ses-1/label/lh.cortex.label
Reading surface /out/sourcedata/freesurfer/sub-v1s20x0050289_ses-1/surf/lh.white
Done reading source surface
Reading thickness /out/sourcedata/freesurfer/sub-v1s20x0050289_ses-1/surf/lh.thickness
Done
Mapping Source Volume onto Source Subject Surface
Projecting 0.3 0.3 1
 1 0.3 0.3 0.3
using old
Done mapping volume to surface
Number of source voxels hit = 74496
Masking with /out/sourcedata/freesurfer/sub-v1s20x0050289_ses-1/label/lh.cortex.label
Writing to /out/sourcedata/freesurfer/sub-v1s20x0050289_ses-1/surf/tmp.pctsurfcon.2244661/lh.gm.mgh
Dim: 125922 1 1
mri_concat /out/sourcedata/freesurfer/sub-v1s20x0050289_ses-1/surf/tmp.pctsurfcon.2244661/lh.wm.mgh /out/sourcedata/freesurfer/sub-v1s20x0050289_ses-1/surf/tmp.pctsurfcon.2244661/lh.gm.mgh --paired-diff-norm --mul 100 --o /out/sourcedata/freesurfer/sub-v1s20x0050289_ses-1/surf/lh.w-g.pct.mgh
ninputs = 2
Checking inputs
nframestot = 2
Allocing output
Done allocing
Combining pairs
nframes = 1
Multiplying by 100.000000
Writing to /out/sourcedata/freesurfer/sub-v1s20x0050289_ses-1/surf/lh.w-g.pct.mgh
mri_segstats --in /out/sourcedata/freesurfer/sub-v1s20x0050289_ses-1/surf/lh.w-g.pct.mgh --annot sub-v1s20x0050289_ses-1 lh aparc --sum /out/sourcedata/freesurfer/sub-v1s20x0050289_ses-1/stats/lh.w-g.pct.stats --snr

7.3.2
cwd 
cmdline mri_segstats --in /out/sourcedata/freesurfer/sub-v1s20x0050289_ses-1/surf/lh.w-g.pct.mgh --annot sub-v1s20x0050289_ses-1 lh aparc --sum /out/sourcedata/freesurfer/sub-v1s20x0050289_ses-1/stats/lh.w-g.pct.stats --snr 
sysname  Linux
hostname dna003
machine  x86_64
user     oesteban
whitesurfname  white
UseRobust  0
Constructing seg from annotation

Reading annotation /out/sourcedata/freesurfer/sub-v1s20x0050289_ses-1/label/lh.aparc.annot
Seg base 1000
Loading /out/sourcedata/freesurfer/sub-v1s20x0050289_ses-1/surf/lh.w-g.pct.mgh
Vertex Area is 0.699774 mm^3
Generating list of segmentation ids
Found  36 segmentations
Computing statistics for each segmentation

Reporting on  35 segmentations
Using PrintSegStat
mri_segstats done
Cleaning up

Started at Thu Mar 12 16:49:07 CET 2026 
Ended   at Thu Mar 12 17:11:14 CET 2026
#@#%# recon-all-run-time-hours 0.369
recon-all -s sub-v1s20x0050289_ses-1 finished without error at Thu Mar 12 17:11:15 CET 2026



#New# invocation of recon-all 




Thu Mar 12 17:37:23 CET 2026
cd /out/sourcedata/freesurfer/sub-v1s20x0050289_ses-1
setenv SUBJECTS_DIR /out/sourcedata/freesurfer
/opt/freesurfer/bin/recon-all -autorecon-hemi lh -nohyporelabel -lh-only -openmp 16 -subjid sub-v1s20x0050289_ses-1 -sd /out/sourcedata/freesurfer -notessellate -nosmooth1 -noinflate1 -noqsphere -nofix -nowhite -nosmooth2 -noinflate2 -nocurvHK -nocurvstats -nosphere -nosurfreg -nojacobian_white -noavgcurv -nocortparc -nopial -nocortparc2 -nocortparc3 -nopctsurfcon

subjid sub-v1s20x0050289_ses-1
setenv SUBJECTS_DIR /out/sourcedata/freesurfer
FREESURFER_HOME /opt/freesurfer
Actual FREESURFER_HOME /opt/freesurfer
build-stamp.txt: freesurfer-linux-ubuntu22_x86_64-7.3.2-20220804-6354275
Linux dna003 5.14.0-427.37.1.el9_4.x86_64 #1 SMP PREEMPT_DYNAMIC Fri Sep 13 12:41:50 EDT 2024 x86_64 x86_64 x86_64 GNU/Linux
cputime      unlimited
filesize     unlimited
datasize     unlimited
stacksize    8192 kbytes
coredumpsize 0 kbytes
memoryuse    67108864 kbytes
vmemoryuse   unlimited
descriptors  1024 
memorylocked unlimited
maxproc      2061970 
maxlocks     unlimited
maxsignal    2061970 
maxmessage   819200 
maxnice      0 
maxrtprio    0 
maxrttime    unlimited

               total        used        free      shared  buff/cache   available
Mem:           503Gi        49Gi       398Gi        15Gi        55Gi       434Gi
Swap:             0B          0B          0B

########################################
program versions used
7.3.2 (freesurfer-linux-ubuntu22_x86_64-7.3.2-20220804-6354275)
7.3.2

ProgramName: lta_convert  ProgramArguments: lta_convert -all-info  ProgramVersion: 7.3.2  TimeStamp: 2026/03/12-16:37:23-GMT  BuildTime: Aug  4 2022 06:17:15  BuildStamp: freesurfer-linux-ubuntu22_x86_64-7.3.2-20220804-6354275  User: oesteban  Machine: dna003  Platform: Linux  PlatformVersion: 5.14.0-427.37.1.el9_4.x86_64  CompilerName: GCC  CompilerVersion: 8.4.0
ProgramName: mri_and  ProgramArguments: mri_and -all-info  ProgramVersion: 7.3.2  TimeStamp: 2026/03/12-16:37:23-GMT  BuildTime: Aug  4 2022 06:17:15  BuildStamp: freesurfer-linux-ubuntu22_x86_64-7.3.2-20220804-6354275  User: oesteban  Machine: dna003  Platform: Linux  PlatformVersion: 5.14.0-427.37.1.el9_4.x86_64  CompilerName: GCC  CompilerVersion: 8.4.0
ProgramName: mri_annotation2label  ProgramArguments: mri_annotation2label -all-info  ProgramVersion: 7.3.2  TimeStamp: 2026/03/12-16:37:23-GMT  BuildTime: Aug  4 2022 06:17:15  BuildStamp: freesurfer-linux-ubuntu22_x86_64-7.3.2-20220804-6354275  User: oesteban  Machine: dna003  Platform: Linux  PlatformVersion: 5.14.0-427.37.1.el9_4.x86_64  CompilerName: GCC  CompilerVersion: 8.4.0
ProgramName: mri_aparc2aseg  ProgramArguments: mri_aparc2aseg -all-info  ProgramVersion: 7.3.2  TimeStamp: 2026/03/12-16:37:23-GMT  BuildTime: Aug  4 2022 06:17:15  BuildStamp: freesurfer-linux-ubuntu22_x86_64-7.3.2-20220804-6354275  User: oesteban  Machine: dna003  Platform: Linux  PlatformVersion: 5.14.0-427.37.1.el9_4.x86_64  CompilerName: GCC  CompilerVersion: 8.4.0
ProgramName: mri_surf2volseg  ProgramArguments: mri_surf2volseg -all-info  ProgramVersion: 7.3.2  TimeStamp: 2026/03/12-16:37:23-GMT  BuildTime: Aug  4 2022 06:17:15  BuildStamp: freesurfer-linux-ubuntu22_x86_64-7.3.2-20220804-6354275  User: oesteban  Machine: dna003  Platform: Linux  PlatformVersion: 5.14.0-427.37.1.el9_4.x86_64  CompilerName: GCC  CompilerVersion: 8.4.0
ProgramName: mri_binarize  ProgramArguments: mri_binarize -all-info  ProgramVersion: 7.3.2  TimeStamp: 2026/03/12-16:37:23-GMT  BuildTime: Aug  4 2022 06:17:15  BuildStamp: freesurfer-linux-ubuntu22_x86_64-7.3.2-20220804-6354275  User: oesteban  Machine: dna003  Platform: Linux  PlatformVersion: 5.14.0-427.37.1.el9_4.x86_64  CompilerName: GCC  CompilerVersion: 8.4.0
ProgramName: mri_ca_label  ProgramArguments: mri_ca_label -all-info  ProgramVersion: 7.3.2  TimeStamp: 2026/03/12-16:37:23-GMT  BuildTime: Aug  4 2022 06:17:15  BuildStamp: freesurfer-linux-ubuntu22_x86_64-7.3.2-20220804-6354275  User: oesteban  Machine: dna003  Platform: Linux  PlatformVersion: 5.14.0-427.37.1.el9_4.x86_64  CompilerName: GCC  CompilerVersion: 8.4.0
ProgramName: mri_ca_normalize  ProgramArguments: mri_ca_normalize -all-info  ProgramVersion: 7.3.2  TimeStamp: 2026/03/12-16:37:23-GMT  BuildTime: Aug  4 2022 06:17:15  BuildStamp: freesurfer-linux-ubuntu22_x86_64-7.3.2-20220804-6354275  User: oesteban  Machine: dna003  Platform: Linux  PlatformVersion: 5.14.0-427.37.1.el9_4.x86_64  CompilerName: GCC  CompilerVersion: 8.4.0
ProgramName: mri_ca_register  ProgramArguments: mri_ca_register -all-info  ProgramVersion: 7.3.2  TimeStamp: 2026/03/12-16:37:23-GMT  BuildTime: Aug  4 2022 06:17:15  BuildStamp: freesurfer-linux-ubuntu22_x86_64-7.3.2-20220804-6354275  User: oesteban  Machine: dna003  Platform: Linux  PlatformVersion: 5.14.0-427.37.1.el9_4.x86_64  CompilerName: GCC  CompilerVersion: 8.4.0
ProgramName: mri_cc  ProgramArguments: mri_cc -all-info  ProgramVersion: 7.3.2  TimeStamp: 2026/03/12-16:37:23-GMT  BuildTime: Aug  4 2022 06:17:15  BuildStamp: freesurfer-linux-ubuntu22_x86_64-7.3.2-20220804-6354275  User: oesteban  Machine: dna003  Platform: Linux  PlatformVersion: 5.14.0-427.37.1.el9_4.x86_64  CompilerName: GCC  CompilerVersion: 8.4.0
ProgramName: mri_compute_overlap  ProgramArguments: mri_compute_overlap -all-info  ProgramVersion: 7.3.2  TimeStamp: 2026/03/12-16:37:23-GMT  BuildTime: Aug  4 2022 06:17:15  BuildStamp: freesurfer-linux-ubuntu22_x86_64-7.3.2-20220804-6354275  User: oesteban  Machine: dna003  Platform: Linux  PlatformVersion: 5.14.0-427.37.1.el9_4.x86_64  CompilerName: GCC  CompilerVersion: 8.4.0
ProgramName: mri_compute_seg_overlap  ProgramArguments: mri_compute_seg_overlap -all-info  ProgramVersion: 7.3.2  TimeStamp: 2026/03/12-16:37:23-GMT  BuildTime: Aug  4 2022 06:17:15  BuildStamp: freesurfer-linux-ubuntu22_x86_64-7.3.2-20220804-6354275  User: oesteban  Machine: dna003  Platform: Linux  PlatformVersion: 5.14.0-427.37.1.el9_4.x86_64  CompilerName: GCC  CompilerVersion: 8.4.0
ProgramName: mri_concat  ProgramArguments: mri_concat -all-info  ProgramVersion: 7.3.2  TimeStamp: 2026/03/12-16:37:23-GMT  BuildTime: Aug  4 2022 06:17:15  BuildStamp: freesurfer-linux-ubuntu22_x86_64-7.3.2-20220804-6354275  User: oesteban  Machine: dna003  Platform: Linux  PlatformVersion: 5.14.0-427.37.1.el9_4.x86_64  CompilerName: GCC  CompilerVersion: 8.4.0
ProgramName: mri_concatenate_lta  ProgramArguments: mri_concatenate_lta -all-info  ProgramVersion: 7.3.2  TimeStamp: 2026/03/12-16:37:23-GMT  BuildTime: Aug  4 2022 06:17:15  BuildStamp: freesurfer-linux-ubuntu22_x86_64-7.3.2-20220804-6354275  User: oesteban  Machine: dna003  Platform: Linux  PlatformVersion: 5.14.0-427.37.1.el9_4.x86_64  CompilerName: GCC  CompilerVersion: 8.4.0
mri_convert -all-info 
ProgramName: mri_convert  ProgramArguments: mri_convert -all-info  ProgramVersion: 7.3.2  TimeStamp: 2026/03/12-16:37:23-GMT  BuildTime: Aug  4 2022 06:17:15  BuildStamp: freesurfer-linux-ubuntu22_x86_64-7.3.2-20220804-6354275  User: oesteban  Machine: dna003  Platform: Linux  PlatformVersion: 5.14.0-427.37.1.el9_4.x86_64  CompilerName: GCC  CompilerVersion: 8.4.0
ProgramName: mri_diff  ProgramArguments: mri_diff -all-info  ProgramVersion: 7.3.2  TimeStamp: 2026/03/12-16:37:23-GMT  BuildTime: Aug  4 2022 06:17:15  BuildStamp: freesurfer-linux-ubuntu22_x86_64-7.3.2-20220804-6354275  User: oesteban  Machine: dna003  Platform: Linux  PlatformVersion: 5.14.0-427.37.1.el9_4.x86_64  CompilerName: GCC  CompilerVersion: 8.4.0
ProgramName: mri_edit_wm_with_aseg  ProgramArguments: mri_edit_wm_with_aseg -all-info  ProgramVersion: 7.3.2  TimeStamp: 2026/03/12-16:37:23-GMT  BuildTime: Aug  4 2022 06:17:15  BuildStamp: freesurfer-linux-ubuntu22_x86_64-7.3.2-20220804-6354275  User: oesteban  Machine: dna003  Platform: Linux  PlatformVersion: 5.14.0-427.37.1.el9_4.x86_64  CompilerName: GCC  CompilerVersion: 8.4.0
ProgramName: mri_em_register  ProgramArguments: mri_em_register -all-info  ProgramVersion: 7.3.2  TimeStamp: 2026/03/12-16:37:23-GMT  BuildTime: Aug  4 2022 06:17:15  BuildStamp: freesurfer-linux-ubuntu22_x86_64-7.3.2-20220804-6354275  User: oesteban  Machine: dna003  Platform: Linux  PlatformVersion: 5.14.0-427.37.1.el9_4.x86_64  CompilerName: GCC  CompilerVersion: 8.4.0
ProgramName: mri_fill  ProgramArguments: mri_fill -all-info  ProgramVersion: 7.3.2  TimeStamp: 2026/03/12-16:37:23-GMT  BuildTime: Aug  4 2022 06:17:15  BuildStamp: freesurfer-linux-ubuntu22_x86_64-7.3.2-20220804-6354275  User: oesteban  Machine: dna003  Platform: Linux  PlatformVersion: 5.14.0-427.37.1.el9_4.x86_64  CompilerName: GCC  CompilerVersion: 8.4.0
ProgramName: mri_fuse_segmentations  ProgramArguments: mri_fuse_segmentations -all-info  ProgramVersion: 7.3.2  TimeStamp: 2026/03/12-16:37:23-GMT  BuildTime: Aug  4 2022 06:17:15  BuildStamp: freesurfer-linux-ubuntu22_x86_64-7.3.2-20220804-6354275  User: oesteban  Machine: dna003  Platform: Linux  PlatformVersion: 5.14.0-427.37.1.el9_4.x86_64  CompilerName: GCC  CompilerVersion: 8.4.0
ProgramName: mri_fwhm  ProgramArguments: mri_fwhm -all-info  ProgramVersion: 7.3.2  TimeStamp: 2026/03/12-16:37:23-GMT  BuildTime: Aug  4 2022 06:17:15  BuildStamp: freesurfer-linux-ubuntu22_x86_64-7.3.2-20220804-6354275  User: oesteban  Machine: dna003  Platform: Linux  PlatformVersion: 5.14.0-427.37.1.el9_4.x86_64  CompilerName: GCC  CompilerVersion: 8.4.0
ProgramName: mri_gcut  ProgramArguments: mri_gcut -all-info  ProgramVersion: 7.3.2  TimeStamp: 2026/03/12-16:37:23-GMT  BuildTime: Aug  4 2022 06:17:15  BuildStamp: freesurfer-linux-ubuntu22_x86_64-7.3.2-20220804-6354275  User: oesteban  Machine: dna003  Platform: Linux  PlatformVersion: 5.14.0-427.37.1.el9_4.x86_64  CompilerName: GCC  CompilerVersion: 8.4.0
ProgramName: mri_info  ProgramArguments: mri_info -all-info  ProgramVersion: 7.3.2  TimeStamp: 2026/03/12-16:37:23-GMT  BuildTime: Aug  4 2022 06:17:15  BuildStamp: freesurfer-linux-ubuntu22_x86_64-7.3.2-20220804-6354275  User: oesteban  Machine: dna003  Platform: Linux  PlatformVersion: 5.14.0-427.37.1.el9_4.x86_64  CompilerName: GCC  CompilerVersion: 8.4.0
ProgramName: mri_label2label  ProgramArguments: mri_label2label -all-info  ProgramVersion: 7.3.2  TimeStamp: 2026/03/12-16:37:23-GMT  BuildTime: Aug  4 2022 06:17:15  BuildStamp: freesurfer-linux-ubuntu22_x86_64-7.3.2-20220804-6354275  User: oesteban  Machine: dna003  Platform: Linux  PlatformVersion: 5.14.0-427.37.1.el9_4.x86_64  CompilerName: GCC  CompilerVersion: 8.4.0
ProgramName: mri_label2vol  ProgramArguments: mri_label2vol -all-info  ProgramVersion: 7.3.2  TimeStamp: 2026/03/12-16:37:23-GMT  BuildTime: Aug  4 2022 06:17:15  BuildStamp: freesurfer-linux-ubuntu22_x86_64-7.3.2-20220804-6354275  User: oesteban  Machine: dna003  Platform: Linux  PlatformVersion: 5.14.0-427.37.1.el9_4.x86_64  CompilerName: GCC  CompilerVersion: 8.4.0
ProgramName: mri_log_likelihood  ProgramArguments: mri_log_likelihood -all-info  ProgramVersion: 7.3.2  TimeStamp: 2026/03/12-16:37:23-GMT  BuildTime: Aug  4 2022 06:17:15  BuildStamp: freesurfer-linux-ubuntu22_x86_64-7.3.2-20220804-6354275  User: oesteban  Machine: dna003  Platform: Linux  PlatformVersion: 5.14.0-427.37.1.el9_4.x86_64  CompilerName: GCC  CompilerVersion: 8.4.0
ProgramName: mri_mask  ProgramArguments: mri_mask -all-info  ProgramVersion: 7.3.2  TimeStamp: 2026/03/12-16:37:23-GMT  BuildTime: Aug  4 2022 06:17:15  BuildStamp: freesurfer-linux-ubuntu22_x86_64-7.3.2-20220804-6354275  User: oesteban  Machine: dna003  Platform: Linux  PlatformVersion: 5.14.0-427.37.1.el9_4.x86_64  CompilerName: GCC  CompilerVersion: 8.4.0
ProgramName: mri_matrix_multiply  ProgramArguments: mri_matrix_multiply -all-info  ProgramVersion: 7.3.2  TimeStamp: 2026/03/12-16:37:23-GMT  BuildTime: Aug  4 2022 06:17:15  BuildStamp: freesurfer-linux-ubuntu22_x86_64-7.3.2-20220804-6354275  User: oesteban  Machine: dna003  Platform: Linux  PlatformVersion: 5.14.0-427.37.1.el9_4.x86_64  CompilerName: GCC  CompilerVersion: 8.4.0
ProgramName: mri_normalize  ProgramArguments: mri_normalize -all-info  ProgramVersion: 7.3.2  TimeStamp: 2026/03/12-16:37:23-GMT  BuildTime: Aug  4 2022 06:17:15  BuildStamp: freesurfer-linux-ubuntu22_x86_64-7.3.2-20220804-6354275  User: oesteban  Machine: dna003  Platform: Linux  PlatformVersion: 5.14.0-427.37.1.el9_4.x86_64  CompilerName: GCC  CompilerVersion: 8.4.0
ProgramName: mri_normalize_tp2  ProgramArguments: mri_normalize_tp2 -all-info  ProgramVersion: 7.3.2  TimeStamp: 2026/03/12-16:37:23-GMT  BuildTime: Aug  4 2022 06:17:15  BuildStamp: freesurfer-linux-ubuntu22_x86_64-7.3.2-20220804-6354275  User: oesteban  Machine: dna003  Platform: Linux  PlatformVersion: 5.14.0-427.37.1.el9_4.x86_64  CompilerName: GCC  CompilerVersion: 8.4.0
ProgramName: mri_or  ProgramArguments: mri_or -all-info  ProgramVersion: 7.3.2  TimeStamp: 2026/03/12-16:37:23-GMT  BuildTime: Aug  4 2022 06:17:15  BuildStamp: freesurfer-linux-ubuntu22_x86_64-7.3.2-20220804-6354275  User: oesteban  Machine: dna003  Platform: Linux  PlatformVersion: 5.14.0-427.37.1.el9_4.x86_64  CompilerName: GCC  CompilerVersion: 8.4.0
ProgramName: mri_relabel_hypointensities  ProgramArguments: mri_relabel_hypointensities -all-info  ProgramVersion: 7.3.2  TimeStamp: 2026/03/12-16:37:23-GMT  BuildTime: Aug  4 2022 06:17:15  BuildStamp: freesurfer-linux-ubuntu22_x86_64-7.3.2-20220804-6354275  User: oesteban  Machine: dna003  Platform: Linux  PlatformVersion: 5.14.0-427.37.1.el9_4.x86_64  CompilerName: GCC  CompilerVersion: 8.4.0
ProgramName: mri_relabel_nonwm_hypos  ProgramArguments: mri_relabel_nonwm_hypos -all-info  ProgramVersion: 7.3.2  TimeStamp: 2026/03/12-16:37:23-GMT  BuildTime: Aug  4 2022 06:17:15  BuildStamp: freesurfer-linux-ubuntu22_x86_64-7.3.2-20220804-6354275  User: oesteban  Machine: dna003  Platform: Linux  PlatformVersion: 5.14.0-427.37.1.el9_4.x86_64  CompilerName: GCC  CompilerVersion: 8.4.0
ProgramName: mri_remove_neck  ProgramArguments: mri_remove_neck -all-info  ProgramVersion: 7.3.2  TimeStamp: 2026/03/12-16:37:23-GMT  BuildTime: Aug  4 2022 06:17:15  BuildStamp: freesurfer-linux-ubuntu22_x86_64-7.3.2-20220804-6354275  User: oesteban  Machine: dna003  Platform: Linux  PlatformVersion: 5.14.0-427.37.1.el9_4.x86_64  CompilerName: GCC  CompilerVersion: 8.4.0
7.3.2

ProgramName: mri_robust_register  ProgramArguments: mri_robust_register -all-info  ProgramVersion: 7.3.2  TimeStamp: 2026/03/12-16:37:23-GMT  BuildTime: Aug  4 2022 06:17:15  BuildStamp: freesurfer-linux-ubuntu22_x86_64-7.3.2-20220804-6354275  User: oesteban  Machine: dna003  Platform: Linux  PlatformVersion: 5.14.0-427.37.1.el9_4.x86_64  CompilerName: GCC  CompilerVersion: 8.4.0
7.3.2

ProgramName: mri_robust_template  ProgramArguments: mri_robust_template -all-info  ProgramVersion: 7.3.2  TimeStamp: 2026/03/12-16:37:23-GMT  BuildTime: Aug  4 2022 06:17:15  BuildStamp: freesurfer-linux-ubuntu22_x86_64-7.3.2-20220804-6354275  User: oesteban  Machine: dna003  Platform: Linux  PlatformVersion: 5.14.0-427.37.1.el9_4.x86_64  CompilerName: GCC  CompilerVersion: 8.4.0
ProgramName: mris_anatomical_stats  ProgramArguments: mris_anatomical_stats -all-info  ProgramVersion: 7.3.2  TimeStamp: 2026/03/12-16:37:23-GMT  BuildTime: Aug  4 2022 06:17:15  BuildStamp: freesurfer-linux-ubuntu22_x86_64-7.3.2-20220804-6354275  User: oesteban  Machine: dna003  Platform: Linux  PlatformVersion: 5.14.0-427.37.1.el9_4.x86_64  CompilerName: GCC  CompilerVersion: 8.4.0
ProgramName: mris_ca_label  ProgramArguments: mris_ca_label -all-info  ProgramVersion: 7.3.2  TimeStamp: 2026/03/12-16:37:23-GMT  BuildTime: Aug  4 2022 06:17:15  BuildStamp: freesurfer-linux-ubuntu22_x86_64-7.3.2-20220804-6354275  User: oesteban  Machine: dna003  Platform: Linux  PlatformVersion: 5.14.0-427.37.1.el9_4.x86_64  CompilerName: GCC  CompilerVersion: 8.4.0
ProgramName: mris_calc  ProgramArguments: mris_calc -all-info  ProgramVersion: 7.3.2  TimeStamp: 2026/03/12-16:37:23-GMT  BuildTime: Aug  4 2022 06:17:15  BuildStamp: freesurfer-linux-ubuntu22_x86_64-7.3.2-20220804-6354275  User: oesteban  Machine: dna003  Platform: Linux  PlatformVersion: 5.14.0-427.37.1.el9_4.x86_64  CompilerName: GCC  CompilerVersion: 8.4.0
ProgramName: mris_convert  ProgramArguments: mris_convert -all-info  ProgramVersion: 7.3.2  TimeStamp: 2026/03/12-16:37:23-GMT  BuildTime: Aug  4 2022 06:17:15  BuildStamp: freesurfer-linux-ubuntu22_x86_64-7.3.2-20220804-6354275  User: oesteban  Machine: dna003  Platform: Linux  PlatformVersion: 5.14.0-427.37.1.el9_4.x86_64  CompilerName: GCC  CompilerVersion: 8.4.0
ProgramName: mris_curvature  ProgramArguments: mris_curvature -all-info  ProgramVersion: 7.3.2  TimeStamp: 2026/03/12-16:37:23-GMT  BuildTime: Aug  4 2022 06:17:15  BuildStamp: freesurfer-linux-ubuntu22_x86_64-7.3.2-20220804-6354275  User: oesteban  Machine: dna003  Platform: Linux  PlatformVersion: 5.14.0-427.37.1.el9_4.x86_64  CompilerName: GCC  CompilerVersion: 8.4.0
ProgramName: mris_curvature_stats  ProgramArguments: mris_curvature_stats -all-info  ProgramVersion: 7.3.2  TimeStamp: 2026/03/12-16:37:23-GMT  BuildTime: Aug  4 2022 06:17:15  BuildStamp: freesurfer-linux-ubuntu22_x86_64-7.3.2-20220804-6354275  User: oesteban  Machine: dna003  Platform: Linux  PlatformVersion: 5.14.0-427.37.1.el9_4.x86_64  CompilerName: GCC  CompilerVersion: 8.4.0
ProgramName: mris_diff  ProgramArguments: mris_diff -all-info  ProgramVersion: 7.3.2  TimeStamp: 2026/03/12-16:37:23-GMT  BuildTime: Aug  4 2022 06:17:15  BuildStamp: freesurfer-linux-ubuntu22_x86_64-7.3.2-20220804-6354275  User: oesteban  Machine: dna003  Platform: Linux  PlatformVersion: 5.14.0-427.37.1.el9_4.x86_64  CompilerName: GCC  CompilerVersion: 8.4.0
ProgramName: mris_divide_parcellation  ProgramArguments: mris_divide_parcellation -all-info  ProgramVersion: 7.3.2  TimeStamp: 2026/03/12-16:37:23-GMT  BuildTime: Aug  4 2022 06:17:15  BuildStamp: freesurfer-linux-ubuntu22_x86_64-7.3.2-20220804-6354275  User: oesteban  Machine: dna003  Platform: Linux  PlatformVersion: 5.14.0-427.37.1.el9_4.x86_64  CompilerName: GCC  CompilerVersion: 8.4.0
ProgramName: mri_segment  ProgramArguments: mri_segment -all-info  ProgramVersion: 7.3.2  TimeStamp: 2026/03/12-16:37:23-GMT  BuildTime: Aug  4 2022 06:17:15  BuildStamp: freesurfer-linux-ubuntu22_x86_64-7.3.2-20220804-6354275  User: oesteban  Machine: dna003  Platform: Linux  PlatformVersion: 5.14.0-427.37.1.el9_4.x86_64  CompilerName: GCC  CompilerVersion: 8.4.0
ProgramName: mri_segstats  ProgramArguments: mri_segstats -all-info  ProgramVersion: 7.3.2  TimeStamp: 2026/03/12-16:37:23-GMT  BuildTime: Aug  4 2022 06:17:15  BuildStamp: freesurfer-linux-ubuntu22_x86_64-7.3.2-20220804-6354275  User: oesteban  Machine: dna003  Platform: Linux  PlatformVersion: 5.14.0-427.37.1.el9_4.x86_64  CompilerName: GCC  CompilerVersion: 8.4.0
ProgramName: mris_euler_number  ProgramArguments: mris_euler_number -all-info  ProgramVersion: 7.3.2  TimeStamp: 2026/03/12-16:37:23-GMT  BuildTime: Aug  4 2022 06:17:15  BuildStamp: freesurfer-linux-ubuntu22_x86_64-7.3.2-20220804-6354275  User: oesteban  Machine: dna003  Platform: Linux  PlatformVersion: 5.14.0-427.37.1.el9_4.x86_64  CompilerName: GCC  CompilerVersion: 8.4.0
ProgramName: mris_fix_topology  ProgramArguments: mris_fix_topology -all-info  ProgramVersion: 7.3.2  TimeStamp: 2026/03/12-16:37:23-GMT  BuildTime: Aug  4 2022 06:17:15  BuildStamp: freesurfer-linux-ubuntu22_x86_64-7.3.2-20220804-6354275  User: oesteban  Machine: dna003  Platform: Linux  PlatformVersion: 5.14.0-427.37.1.el9_4.x86_64  CompilerName: GCC  CompilerVersion: 8.4.0
ProgramName: mris_topo_fixer  ProgramArguments: mris_topo_fixer -all-info  ProgramVersion: 7.3.2  TimeStamp: 2026/03/12-16:37:23-GMT  BuildTime: Aug  4 2022 06:17:15  BuildStamp: freesurfer-linux-ubuntu22_x86_64-7.3.2-20220804-6354275  User: oesteban  Machine: dna003  Platform: Linux  PlatformVersion: 5.14.0-427.37.1.el9_4.x86_64  CompilerName: GCC  CompilerVersion: 8.4.0
ProgramName: mris_jacobian  ProgramArguments: mris_jacobian -all-info  ProgramVersion: 7.3.2  TimeStamp: 2026/03/12-16:37:23-GMT  BuildTime: Aug  4 2022 06:17:15  BuildStamp: freesurfer-linux-ubuntu22_x86_64-7.3.2-20220804-6354275  User: oesteban  Machine: dna003  Platform: Linux  PlatformVersion: 5.14.0-427.37.1.el9_4.x86_64  CompilerName: GCC  CompilerVersion: 8.4.0
ProgramName: mris_label2annot  ProgramArguments: mris_label2annot -all-info  ProgramVersion: 7.3.2  TimeStamp: 2026/03/12-16:37:23-GMT  BuildTime: Aug  4 2022 06:17:15  BuildStamp: freesurfer-linux-ubuntu22_x86_64-7.3.2-20220804-6354275  User: oesteban  Machine: dna003  Platform: Linux  PlatformVersion: 5.14.0-427.37.1.el9_4.x86_64  CompilerName: GCC  CompilerVersion: 8.4.0
ProgramName: mris_left_right_register  ProgramArguments: mris_left_right_register -all-info  ProgramVersion: 7.3.2  TimeStamp: 2026/03/12-16:37:23-GMT  BuildTime: Aug  4 2022 06:17:15  BuildStamp: freesurfer-linux-ubuntu22_x86_64-7.3.2-20220804-6354275  User: oesteban  Machine: dna003  Platform: Linux  PlatformVersion: 5.14.0-427.37.1.el9_4.x86_64  CompilerName: GCC  CompilerVersion: 8.4.0
ProgramName: mris_place_surface  ProgramArguments: mris_place_surface -all-info  ProgramVersion: 7.3.2  TimeStamp: 2026/03/12-16:37:23-GMT  BuildTime: Aug  4 2022 06:17:15  BuildStamp: freesurfer-linux-ubuntu22_x86_64-7.3.2-20220804-6354275  User: oesteban  Machine: dna003  Platform: Linux  PlatformVersion: 5.14.0-427.37.1.el9_4.x86_64  CompilerName: GCC  CompilerVersion: 8.4.0
ProgramName: mrisp_paint  ProgramArguments: mrisp_paint -all-info  ProgramVersion: 7.3.2  TimeStamp: 2026/03/12-16:37:23-GMT  BuildTime: Aug  4 2022 06:17:15  BuildStamp: freesurfer-linux-ubuntu22_x86_64-7.3.2-20220804-6354275  User: oesteban  Machine: dna003  Platform: Linux  PlatformVersion: 5.14.0-427.37.1.el9_4.x86_64  CompilerName: GCC  CompilerVersion: 8.4.0
ProgramName: mris_register  ProgramArguments: mris_register -all-info  ProgramVersion: 7.3.2  TimeStamp: 2026/03/12-16:37:23-GMT  BuildTime: Aug  4 2022 06:17:15  BuildStamp: freesurfer-linux-ubuntu22_x86_64-7.3.2-20220804-6354275  User: oesteban  Machine: dna003  Platform: Linux  PlatformVersion: 5.14.0-427.37.1.el9_4.x86_64  CompilerName: GCC  CompilerVersion: 8.4.0
ProgramName: mris_smooth  ProgramArguments: mris_smooth -all-info  ProgramVersion: 7.3.2  TimeStamp: 2026/03/12-16:37:23-GMT  BuildTime: Aug  4 2022 06:17:15  BuildStamp: freesurfer-linux-ubuntu22_x86_64-7.3.2-20220804-6354275  User: oesteban  Machine: dna003  Platform: Linux  PlatformVersion: 5.14.0-427.37.1.el9_4.x86_64  CompilerName: GCC  CompilerVersion: 8.4.0
ProgramName: mris_sphere  ProgramArguments: mris_sphere -all-info  ProgramVersion: 7.3.2  TimeStamp: 2026/03/12-16:37:23-GMT  BuildTime: Aug  4 2022 06:17:15  BuildStamp: freesurfer-linux-ubuntu22_x86_64-7.3.2-20220804-6354275  User: oesteban  Machine: dna003  Platform: Linux  PlatformVersion: 5.14.0-427.37.1.el9_4.x86_64  CompilerName: GCC  CompilerVersion: 8.4.0
ProgramName: mris_surface_stats  ProgramArguments: mris_surface_stats -all-info  ProgramVersion: 7.3.2  TimeStamp: 2026/03/12-16:37:23-GMT  BuildTime: Aug  4 2022 06:17:15  BuildStamp: freesurfer-linux-ubuntu22_x86_64-7.3.2-20220804-6354275  User: oesteban  Machine: dna003  Platform: Linux  PlatformVersion: 5.14.0-427.37.1.el9_4.x86_64  CompilerName: GCC  CompilerVersion: 8.4.0
ProgramName: mri_stats2seg  ProgramArguments: mri_stats2seg -all-info  ProgramVersion: 7.3.2  TimeStamp: 2026/03/12-16:37:23-GMT  BuildTime: Aug  4 2022 06:17:15  BuildStamp: freesurfer-linux-ubuntu22_x86_64-7.3.2-20220804-6354275  User: oesteban  Machine: dna003  Platform: Linux  PlatformVersion: 5.14.0-427.37.1.el9_4.x86_64  CompilerName: GCC  CompilerVersion: 8.4.0
ProgramName: mris_thickness  ProgramArguments: mris_thickness -all-info  ProgramVersion: 7.3.2  TimeStamp: 2026/03/12-16:37:23-GMT  BuildTime: Aug  4 2022 06:17:15  BuildStamp: freesurfer-linux-ubuntu22_x86_64-7.3.2-20220804-6354275  User: oesteban  Machine: dna003  Platform: Linux  PlatformVersion: 5.14.0-427.37.1.el9_4.x86_64  CompilerName: GCC  CompilerVersion: 8.4.0
ProgramName: mris_thickness_diff  ProgramArguments: mris_thickness_diff -all-info  ProgramVersion: 7.3.2  TimeStamp: 2026/03/12-16:37:23-GMT  BuildTime: Aug  4 2022 06:17:15  BuildStamp: freesurfer-linux-ubuntu22_x86_64-7.3.2-20220804-6354275  User: oesteban  Machine: dna003  Platform: Linux  PlatformVersion: 5.14.0-427.37.1.el9_4.x86_64  CompilerName: GCC  CompilerVersion: 8.4.0
ProgramName: mris_topo_fixer  ProgramArguments: mris_topo_fixer -all-info  ProgramVersion: 7.3.2  TimeStamp: 2026/03/12-16:37:23-GMT  BuildTime: Aug  4 2022 06:17:15  BuildStamp: freesurfer-linux-ubuntu22_x86_64-7.3.2-20220804-6354275  User: oesteban  Machine: dna003  Platform: Linux  PlatformVersion: 5.14.0-427.37.1.el9_4.x86_64  CompilerName: GCC  CompilerVersion: 8.4.0
ProgramName: mri_surf2surf  ProgramArguments: mri_surf2surf -all-info  ProgramVersion: 7.3.2  TimeStamp: 2026/03/12-16:37:23-GMT  BuildTime: Aug  4 2022 06:17:15  BuildStamp: freesurfer-linux-ubuntu22_x86_64-7.3.2-20220804-6354275  User: oesteban  Machine: dna003  Platform: Linux  PlatformVersion: 5.14.0-427.37.1.el9_4.x86_64  CompilerName: GCC  CompilerVersion: 8.4.0
ProgramName: mri_surf2vol  ProgramArguments: mri_surf2vol -all-info  ProgramVersion: 7.3.2  TimeStamp: 2026/03/12-16:37:23-GMT  BuildTime: Aug  4 2022 06:17:15  BuildStamp: freesurfer-linux-ubuntu22_x86_64-7.3.2-20220804-6354275  User: oesteban  Machine: dna003  Platform: Linux  PlatformVersion: 5.14.0-427.37.1.el9_4.x86_64  CompilerName: GCC  CompilerVersion: 8.4.0
ProgramName: mri_surfcluster  ProgramArguments: mri_surfcluster -all-info  ProgramVersion: 7.3.2  TimeStamp: 2026/03/12-16:37:23-GMT  BuildTime: Aug  4 2022 06:17:15  BuildStamp: freesurfer-linux-ubuntu22_x86_64-7.3.2-20220804-6354275  User: oesteban  Machine: dna003  Platform: Linux  PlatformVersion: 5.14.0-427.37.1.el9_4.x86_64  CompilerName: GCC  CompilerVersion: 8.4.0
ProgramName: mris_volmask  ProgramArguments: mris_volmask -all-info  ProgramVersion: 7.3.2  TimeStamp: 2026/03/12-16:37:23-GMT  BuildTime: Aug  4 2022 06:17:15  BuildStamp: freesurfer-linux-ubuntu22_x86_64-7.3.2-20220804-6354275  User: oesteban  Machine: dna003  Platform: Linux  PlatformVersion: 5.14.0-427.37.1.el9_4.x86_64  CompilerName: GCC  CompilerVersion: 8.4.0
ProgramName: mri_tessellate  ProgramArguments: mri_tessellate -all-info  ProgramVersion: 7.3.2  TimeStamp: 2026/03/12-16:37:23-GMT  BuildTime: Aug  4 2022 06:17:15  BuildStamp: freesurfer-linux-ubuntu22_x86_64-7.3.2-20220804-6354275  User: oesteban  Machine: dna003  Platform: Linux  PlatformVersion: 5.14.0-427.37.1.el9_4.x86_64  CompilerName: GCC  CompilerVersion: 8.4.0
ProgramName: mri_vol2surf  ProgramArguments: mri_vol2surf -all-info  ProgramVersion: 7.3.2  TimeStamp: 2026/03/12-16:37:23-GMT  BuildTime: Aug  4 2022 06:17:15  BuildStamp: freesurfer-linux-ubuntu22_x86_64-7.3.2-20220804-6354275  User: oesteban  Machine: dna003  Platform: Linux  PlatformVersion: 5.14.0-427.37.1.el9_4.x86_64  CompilerName: GCC  CompilerVersion: 8.4.0
ProgramName: mri_vol2vol  ProgramArguments: mri_vol2vol -all-info  ProgramVersion: 7.3.2  TimeStamp: 2026/03/12-16:37:23-GMT  BuildTime: Aug  4 2022 06:17:15  BuildStamp: freesurfer-linux-ubuntu22_x86_64-7.3.2-20220804-6354275  User: oesteban  Machine: dna003  Platform: Linux  PlatformVersion: 5.14.0-427.37.1.el9_4.x86_64  CompilerName: GCC  CompilerVersion: 8.4.0
ProgramName: mri_voldiff  ProgramArguments: mri_voldiff -all-info  ProgramVersion: 7.3.2  TimeStamp: 2026/03/12-16:37:23-GMT  BuildTime: Aug  4 2022 06:17:15  BuildStamp: freesurfer-linux-ubuntu22_x86_64-7.3.2-20220804-6354275  User: oesteban  Machine: dna003  Platform: Linux  PlatformVersion: 5.14.0-427.37.1.el9_4.x86_64  CompilerName: GCC  CompilerVersion: 8.4.0
ProgramName: mri_watershed  ProgramArguments: mri_watershed -all-info  ProgramVersion: 7.3.2  TimeStamp: 2026/03/12-16:37:23-GMT  BuildTime: Aug  4 2022 06:17:15  BuildStamp: freesurfer-linux-ubuntu22_x86_64-7.3.2-20220804-6354275  User: oesteban  Machine: dna003  Platform: Linux  PlatformVersion: 5.14.0-427.37.1.el9_4.x86_64  CompilerName: GCC  CompilerVersion: 8.4.0
ProgramName: tkregister2  ProgramArguments: tkregister2_cmdl -all-info  ProgramVersion: 7.3.2  TimeStamp: 2026/03/12-16:37:23-GMT  BuildTime: Aug  4 2022 06:17:15  BuildStamp: freesurfer-linux-ubuntu22_x86_64-7.3.2-20220804-6354275  User: oesteban  Machine: dna003  Platform: Linux  PlatformVersion: 5.14.0-427.37.1.el9_4.x86_64  CompilerName: GCC  CompilerVersion: 8.4.0
mri_motion_correct.fsl 7.3.2
mri_convert -all-info 
ProgramName: mri_convert  ProgramArguments: mri_convert -all-info  ProgramVersion: 7.3.2  TimeStamp: 2026/03/12-16:37:23-GMT  BuildTime: Aug  4 2022 06:17:15  BuildStamp: freesurfer-linux-ubuntu22_x86_64-7.3.2-20220804-6354275  User: oesteban  Machine: dna003  Platform: Linux  PlatformVersion: 5.14.0-427.37.1.el9_4.x86_64  CompilerName: GCC  CompilerVersion: 8.4.0
Program nu_correct, built from:
Package MNI N3, version 1.12.0, compiled by nicks@terrier (x86_64-unknown-linux-gnu) on 2015-06-19 at 01:25:34
#######################################
GCADIR /opt/freesurfer/average
GCA RB_all_2020-01-02.gca
GCASkull RB_all_withskull_2020_01_02.gca
AvgCurvTif folding.atlas.acfb40.noaparc.i12.2016-08-02.tif
GCSDIR /opt/freesurfer/average
GCS DKaparc.atlas.acfb40.noaparc.i12.2016-08-02.gcs
#######################################
#--------------------------------------------
#@# AutoDetGWStats lh Thu Mar 12 17:37:23 CET 2026
cd /out/sourcedata/freesurfer/sub-v1s20x0050289_ses-1/mri
mris_autodet_gwstats --o ../surf/autodet.gw.stats.lh.dat --i brain.finalsurfs.mgz --wm wm.mgz --surf ../surf/lh.orig.premesh
  Update not needed
#--------------------------------------------
#@# WhitePreAparc lh Thu Mar 12 17:37:23 CET 2026
cd /out/sourcedata/freesurfer/sub-v1s20x0050289_ses-1/mri
mris_place_surface --adgws-in ../surf/autodet.gw.stats.lh.dat --wm wm.mgz --threads 16 --invol brain.finalsurfs.mgz --lh --i ../surf/lh.orig --o ../surf/lh.white.preaparc --white --seg aseg.presurf.mgz --nsmooth 5
   Update not needed
#--------------------------------------------
#@# CortexLabel lh Thu Mar 12 17:37:23 CET 2026
cd /out/sourcedata/freesurfer/sub-v1s20x0050289_ses-1/mri
mri_label2label --label-cortex ../surf/lh.white.preaparc aseg.presurf.mgz 0 ../label/lh.cortex.label
   Update not needed
#--------------------------------------------
#@# CortexLabel+HipAmyg lh Thu Mar 12 17:37:23 CET 2026
cd /out/sourcedata/freesurfer/sub-v1s20x0050289_ses-1/mri
mri_label2label --label-cortex ../surf/lh.white.preaparc aseg.presurf.mgz 1 ../label/lh.cortex+hipamyg.label
   Update not needed
#@# white curv lh Thu Mar 12 17:37:23 CET 2026
cd /out/sourcedata/freesurfer/sub-v1s20x0050289_ses-1/mri
mris_place_surface --curv-map ../surf/lh.white 2 10 ../surf/lh.curv
   Update not needed
#@# white area lh Thu Mar 12 17:37:23 CET 2026
cd /out/sourcedata/freesurfer/sub-v1s20x0050289_ses-1/mri
mris_place_surface --area-map ../surf/lh.white ../surf/lh.area
   Update not needed
#@# pial curv lh Thu Mar 12 17:37:23 CET 2026
cd /out/sourcedata/freesurfer/sub-v1s20x0050289_ses-1/mri
mris_place_surface --curv-map ../surf/lh.pial 2 10 ../surf/lh.curv.pial
   Update not needed
#@# pial area lh Thu Mar 12 17:37:23 CET 2026
cd /out/sourcedata/freesurfer/sub-v1s20x0050289_ses-1/mri
mris_place_surface --area-map ../surf/lh.pial ../surf/lh.area.pial
   Update not needed
#@# thickness lh Thu Mar 12 17:37:23 CET 2026
cd /out/sourcedata/freesurfer/sub-v1s20x0050289_ses-1/mri
mris_place_surface --thickness ../surf/lh.white ../surf/lh.pial 20 5 ../surf/lh.thickness
   Update not needed
#@# area and vertex vol lh Thu Mar 12 17:37:23 CET 2026
cd /out/sourcedata/freesurfer/sub-v1s20x0050289_ses-1/mri
mris_place_surface --thickness ../surf/lh.white ../surf/lh.pial 20 5 ../surf/lh.thickness
   Update not needed
#-----------------------------------------
#@# Parcellation Stats lh Thu Mar 12 17:37:23 CET 2026
/out/sourcedata/freesurfer/sub-v1s20x0050289_ses-1/scripts

 mris_anatomical_stats -th3 -mgz -noglobal -cortex ../label/lh.cortex.label -f ../stats/lh.aparc.stats -b -a ../label/lh.aparc.annot -c ../label/aparc.annot.ctab sub-v1s20x0050289_ses-1 lh white 

computing statistics for each annotation in ../label/lh.aparc.annot.
reading volume /out/sourcedata/freesurfer/sub-v1s20x0050289_ses-1/mri/wm.mgz...
reading input surface /out/sourcedata/freesurfer/sub-v1s20x0050289_ses-1/surf/lh.white...
reading input pial surface /out/sourcedata/freesurfer/sub-v1s20x0050289_ses-1/surf/lh.pial...
reading input white surface /out/sourcedata/freesurfer/sub-v1s20x0050289_ses-1/surf/lh.white...
INFO: using TH3 volume calc
INFO: assuming MGZ format for volumes.
INFO: not computing global stats
INFO: using ../label/lh.cortex.label as mask to calc cortex NumVert, SurfArea and MeanThickness.
Using TH3 vertex volume calc
Total face volume 229075
Total vertex volume 228817 (mask=0)
Saving annotation colortable ../label/aparc.annot.ctab

table columns are:
    number of vertices
    total surface area (mm^2)
    total gray matter volume (mm^3)
    average cortical thickness +- standard deviation (mm)
    integrated rectified mean curvature
    integrated rectified Gaussian curvature
    folding index
    intrinsic curvature index
    structure name

 1215    894   2363  2.489 0.674     0.102     0.017       11     0.9  bankssts
  943    628   1462  2.431 0.599     0.112     0.017       11     0.7  caudalanteriorcingulate
 3337   2286   6299  2.601 0.511     0.110     0.021       30     2.9  caudalmiddlefrontal
 2101   1470   2671  1.672 0.536     0.143     0.033       28     2.8  cuneus
  511    329   1292  2.510 0.863     0.111     0.047        7     0.9  entorhinal
 4452   3129   9298  2.511 0.717     0.115     0.029       50     4.7  fusiform
 5385   3883   9242  2.318 0.598     0.124     0.028       65     6.0  inferiorparietal
 3583   2641   7403  2.364 0.747     0.129     0.035       48     5.3  inferiortemporal
 1382    961   2690  2.389 0.816     0.116     0.027       16     1.6  isthmuscingulate
 6619   4388   8847  1.877 0.593     0.132     0.037       91     9.8  lateraloccipital
 3480   2595   8497  2.839 0.756     0.140     0.034       45     5.4  lateralorbitofrontal
 4112   2851   5895  1.914 0.633     0.131     0.031       47     5.2  lingual
 2737   1956   5830  2.554 0.957     0.125     0.034       38     3.5  medialorbitofrontal
 3280   2647   7931  2.437 0.624     0.148     0.044       64     5.7  middletemporal
  945    594   1746  2.467 0.764     0.077     0.015        5     0.4  parahippocampal
 1981   1291   3350  2.406 0.619     0.111     0.023       14     1.9  paracentral
 2092   1561   5037  2.778 0.535     0.111     0.021       24     1.7  parsopercularis
  783    659   2243  2.534 0.737     0.141     0.034       13     0.8  parsorbitalis
 1958   1484   4502  2.533 0.743     0.125     0.033       27     2.7  parstriangularis
 1535   1064   1466  1.511 0.412     0.126     0.031       16     1.8  pericalcarine
 6413   4157   9783  2.066 0.716     0.111     0.023       59     6.2  postcentral
 1577   1178   3280  2.471 0.876     0.135     0.028       20     2.0  posteriorcingulate
 7387   4656  12274  2.432 0.643     0.100     0.019       55     5.8  precentral
 5040   3667  10628  2.539 0.718     0.122     0.025       56     5.8  precuneus
 1161    796   2526  2.756 0.769     0.111     0.020       15     0.9  rostralanteriorcingulate
 7742   6081  18422  2.535 0.695     0.142     0.036      109    12.1  rostralmiddlefrontal
11879   8178  28049  2.927 0.697     0.118     0.026      118    12.2  superiorfrontal
 8317   5945  13765  2.119 0.608     0.129     0.029       97    10.1  superiorparietal
 5309   3763  10813  2.499 0.632     0.119     0.028       51     5.9  superiortemporal
 5386   3939  10700  2.554 0.527     0.131     0.028       71     6.5  supramarginal
  341    274   1379  3.048 0.752     0.144     0.038        5     0.5  frontalpole
  724    602   2319  2.577 0.988     0.166     0.062       19     1.9  temporalpole
  590    385   1093  2.538 0.520     0.132     0.035        7     0.7  transversetemporal
 3164   2089   5723  2.774 0.728     0.103     0.025       23     3.2  insula

 mris_anatomical_stats -th3 -mgz -noglobal -cortex ../label/lh.cortex.label -f ../stats/lh.aparc.pial.stats -b -a ../label/lh.aparc.annot -c ../label/aparc.annot.ctab sub-v1s20x0050289_ses-1 lh pial 

computing statistics for each annotation in ../label/lh.aparc.annot.
reading volume /out/sourcedata/freesurfer/sub-v1s20x0050289_ses-1/mri/wm.mgz...
reading input surface /out/sourcedata/freesurfer/sub-v1s20x0050289_ses-1/surf/lh.pial...
reading input pial surface /out/sourcedata/freesurfer/sub-v1s20x0050289_ses-1/surf/lh.pial...
reading input white surface /out/sourcedata/freesurfer/sub-v1s20x0050289_ses-1/surf/lh.white...
INFO: using TH3 volume calc
INFO: assuming MGZ format for volumes.
INFO: not computing global stats
INFO: using ../label/lh.cortex.label as mask to calc cortex NumVert, SurfArea and MeanThickness.
Using TH3 vertex volume calc
Total face volume 229075
Total vertex volume 228817 (mask=0)
Saving annotation colortable ../label/aparc.annot.ctab

table columns are:
    number of vertices
    total surface area (mm^2)
    total gray matter volume (mm^3)
    average cortical thickness +- standard deviation (mm)
    integrated rectified mean curvature
    integrated rectified Gaussian curvature
    folding index
    intrinsic curvature index
    structure name

 1215    990   2363  2.489 0.674     0.144     0.031       60     1.6  bankssts
  943    640   1462  2.431 0.599     0.124     0.038       27     1.3  caudalanteriorcingulate
 3337   2531   6299  2.601 0.511     0.125     0.028      140     3.7  caudalmiddlefrontal
 2101   1844   2671  1.672 0.536     0.155     0.039       32     3.4  cuneus
  511    701   1292  2.510 0.863     0.299     0.081       14     2.1  entorhinal
 4452   4185   9298  2.511 0.717     0.164     0.039      102     7.8  fusiform
 5385   4262   9242  2.318 0.598     0.180     0.081    98367     7.7  inferiorparietal
 3583   3468   7403  2.364 0.747     0.180     0.045      102     7.0  inferiortemporal
 1382   1297   2690  2.389 0.816     0.216     0.066       61     4.1  isthmuscingulate
 6619   5259   8847  1.877 0.593     0.146     0.041     1364     9.5  lateraloccipital
 3480   3388   8497  2.839 0.756     0.181     0.045       66     7.4  lateralorbitofrontal
 4112   3545   5895  1.914 0.633     0.155     0.040      153     6.6  lingual
 2737   2673   5830  2.554 0.957     0.170     0.039      112     4.9  medialorbitofrontal
 3280   3803   7931  2.437 0.624     0.195     0.046       77     6.9  middletemporal
  945    817   1746  2.467 0.764     0.154     0.040       12     1.9  parahippocampal
 1981   1485   3350  2.406 0.619     0.124     0.027       95     2.1  paracentral
 2092   2048   5037  2.778 0.535     0.164     0.039      225     3.1  parsopercularis
  783   1070   2243  2.534 0.737     0.214     0.040       10     1.6  parsorbitalis
 1958   1989   4502  2.533 0.743     0.174     0.035       32     2.9  parstriangularis
 1535    964   1466  1.511 0.412     0.124     0.033       25     1.9  pericalcarine
 6413   5299   9783  2.066 0.716     0.126     0.024       73     6.8  postcentral
 1577   1427   3280  2.471 0.876     0.164     0.049       67     2.7  posteriorcingulate
 7387   5385  12274  2.432 0.643     0.112     0.022       84     7.1  precentral
 5040   4558  10628  2.539 0.718     0.156     0.036      108     7.5  precuneus
 1161   1063   2526  2.756 0.769     0.167     0.054       23     2.2  rostralanteriorcingulate
 7742   8233  18422  2.535 0.695     0.183     0.039      165    13.9  rostralmiddlefrontal
11879  10537  28049  2.927 0.697     0.147     0.033      261    16.0  superiorfrontal
 8317   6986  13765  2.119 0.608     0.144     0.033      134    12.1  superiorparietal
 5309   4843  10813  2.499 0.632     0.159     0.040      253     9.2  superiortemporal
 5386   4531  10700  2.554 0.527     0.145     0.038      149     8.0  supramarginal
  341    624   1379  3.048 0.752     0.291     0.058        6     0.9  frontalpole
  724   1100   2319  2.577 0.988     0.264     0.079       51     2.0  temporalpole
  590    511   1093  2.538 0.520     0.150     0.052        7     0.9  transversetemporal
 3164   2001   5723  2.774 0.728     0.131     0.040       55     5.5  insula
#-----------------------------------------
#@# Parcellation Stats 2 lh Thu Mar 12 17:37:39 CET 2026
/out/sourcedata/freesurfer/sub-v1s20x0050289_ses-1/scripts

 mris_anatomical_stats -th3 -mgz -noglobal -cortex ../label/lh.cortex.label -f ../stats/lh.aparc.a2009s.stats -b -a ../label/lh.aparc.a2009s.annot -c ../label/aparc.annot.a2009s.ctab sub-v1s20x0050289_ses-1 lh white 

computing statistics for each annotation in ../label/lh.aparc.a2009s.annot.
reading volume /out/sourcedata/freesurfer/sub-v1s20x0050289_ses-1/mri/wm.mgz...
reading input surface /out/sourcedata/freesurfer/sub-v1s20x0050289_ses-1/surf/lh.white...
reading input pial surface /out/sourcedata/freesurfer/sub-v1s20x0050289_ses-1/surf/lh.pial...
reading input white surface /out/sourcedata/freesurfer/sub-v1s20x0050289_ses-1/surf/lh.white...
INFO: using TH3 volume calc
INFO: assuming MGZ format for volumes.
INFO: not computing global stats
INFO: using ../label/lh.cortex.label as mask to calc cortex NumVert, SurfArea and MeanThickness.
Using TH3 vertex volume calc
Total face volume 229075
Total vertex volume 228817 (mask=0)
Saving annotation colortable ../label/aparc.annot.a2009s.ctab

table columns are:
    number of vertices
    total surface area (mm^2)
    total gray matter volume (mm^3)
    average cortical thickness +- standard deviation (mm)
    integrated rectified mean curvature
    integrated rectified Gaussian curvature
    folding index
    intrinsic curvature index
    structure name

  978    802   2371  2.513 0.798     0.174     0.056       16     2.7  G_and_S_frontomargin
 1562   1034   2506  2.059 0.694     0.125     0.037       20     2.1  G_and_S_occipital_inf
 1748   1113   2788  2.170 0.603     0.114     0.026       14     2.1  G_and_S_paracentral
 1418   1051   3357  2.672 0.629     0.133     0.028       18     1.4  G_and_S_subcentral
  688    585   2491  3.146 0.766     0.168     0.047       14     1.3  G_and_S_transv_frontopol
 2309   1630   4868  2.731 0.672     0.114     0.023       25     2.2  G_and_S_cingul-Ant
 1548   1084   2635  2.646 0.515     0.110     0.016       12     1.2  G_and_S_cingul-Mid-Ant
 1289    937   2581  2.592 0.680     0.124     0.027       12     1.5  G_and_S_cingul-Mid-Post
  451    380   1579  2.969 1.005     0.179     0.045        9     0.8  G_cingul-Post-dorsal
  258    189    762  2.786 0.865     0.149     0.055        4     0.5  G_cingul-Post-ventral
 1970   1402   2759  1.719 0.605     0.152     0.037       30     3.0  G_cuneus
 1082    840   3181  2.809 0.595     0.117     0.024       16     1.0  G_front_inf-Opercular
  361    286   1127  2.788 0.609     0.155     0.040        8     0.4  G_front_inf-Orbital
 1134    919   3573  2.860 0.669     0.153     0.046       24     2.4  G_front_inf-Triangul
 3973   3067  11205  2.734 0.686     0.135     0.033       60     5.3  G_front_middle
 7683   5231  20806  3.037 0.734     0.128     0.029       95     9.0  G_front_sup
  563    369   1127  2.819 0.704     0.118     0.037        6     0.7  G_Ins_lg_and_S_cent_ins
  750    508   2086  3.282 0.796     0.112     0.030        6     0.9  G_insular_short
 1842   1306   3134  2.030 0.580     0.144     0.039       32     2.9  G_occipital_middle
 1451    952   1828  1.735 0.509     0.130     0.032       18     1.8  G_occipital_sup
 2114   1482   4978  2.669 0.784     0.124     0.034       29     2.6  G_oc-temp_lat-fusifor
 2862   2004   4519  1.907 0.667     0.145     0.038       40     4.5  G_oc-temp_med-Lingual
 1038    649   2260  2.560 0.829     0.100     0.030       10     1.2  G_oc-temp_med-Parahip
 1894   1631   6571  2.955 0.824     0.163     0.044       35     3.5  G_orbital
 1996   1518   4256  2.373 0.602     0.134     0.032       32     2.6  G_pariet_inf-Angular
 2958   2229   6938  2.624 0.532     0.144     0.034       52     4.2  G_pariet_inf-Supramar
 2955   2311   6605  2.306 0.651     0.139     0.034       45     4.1  G_parietal_sup
 2564   1574   4240  2.190 0.696     0.119     0.026       28     2.9  G_postcentral
 2652   1555   5579  2.693 0.694     0.104     0.022       26     2.2  G_precentral
 2403   1907   6981  2.703 0.721     0.151     0.037       44     4.0  G_precuneus
  926    698   2682  2.607 0.858     0.137     0.037       16     1.3  G_rectus
  473    310    670  2.242 0.720     0.117     0.052        6     0.8  G_subcallosal
  426    277    914  2.542 0.537     0.139     0.045        7     0.6  G_temp_sup-G_T_transv
 1987   1519   5342  2.658 0.685     0.149     0.042       30     3.2  G_temp_sup-Lateral
  600    416   1075  2.094 0.770     0.114     0.035        9     0.8  G_temp_sup-Plan_polar
 1034    697   1786  2.489 0.602     0.096     0.017        6     0.7  G_temp_sup-Plan_tempo
 1905   1452   4690  2.377 0.856     0.138     0.043       33     3.4  G_temporal_inf
 1764   1576   5416  2.539 0.667     0.169     0.055       47     3.7  G_temporal_middle
  302    193    347  2.024 0.427     0.079     0.010        1     0.1  Lat_Fis-ant-Horizont
  336    240    506  2.433 0.577     0.083     0.014        1     0.1  Lat_Fis-ant-Vertical
 1058    714   1364  2.400 0.541     0.127     0.027        9     1.4  Lat_Fis-post
 1701   1066   1880  1.664 0.530     0.137     0.047       29     3.2  Pole_occipital
 1495   1251   4827  2.586 0.808     0.167     0.066       34     3.4  Pole_temporal
 2093   1418   2229  1.720 0.621     0.119     0.025       19     2.1  S_calcarine
 3124   2027   3186  1.781 0.538     0.096     0.017       18     2.3  S_central
 1012    684   1357  2.221 0.636     0.092     0.013        4     0.6  S_cingul-Marginalis
  477    311    785  3.006 0.646     0.097     0.016        3     0.4  S_circular_insula_ant
 1352    879   1735  2.295 0.571     0.087     0.015        6     0.9  S_circular_insula_inf
 1847   1208   2542  2.587 0.560     0.087     0.013        8     1.2  S_circular_insula_sup
  738    488   1112  2.494 0.568     0.096     0.019        6     0.6  S_collat_transv_ant
  488    335    781  2.178 0.542     0.122     0.030        4     0.6  S_collat_transv_post
 2104   1554   3737  2.474 0.525     0.123     0.025       19     2.2  S_front_inf
 1372    976   2325  2.299 0.608     0.122     0.027       13     1.5  S_front_middle
 3941   2785   7096  2.576 0.530     0.105     0.022       31     3.2  S_front_sup
  212    154    353  2.538 0.479     0.081     0.011        1     0.1  S_interm_prim-Jensen
 2940   2011   3929  2.142 0.564     0.109     0.018       20     2.4  S_intrapariet_and_P_trans
  878    585   1057  1.993 0.564     0.118     0.027        7     0.9  S_oc_middle_and_Lunatus
 1181    791   1284  1.751 0.486     0.108     0.023        8     1.1  S_oc_sup_and_transversal
  616    437    884  2.181 0.503     0.132     0.027        7     0.9  S_occipital_ant
  775    510   1082  2.206 0.709     0.096     0.020        5     0.7  S_oc-temp_lat
 2125   1442   2834  2.191 0.497     0.092     0.015       11     1.3  S_oc-temp_med_and_Lingual
  470    335    682  2.101 0.393     0.104     0.017        2     0.4  S_orbital_lateral
  662    430    778  2.046 0.728     0.115     0.026        7     0.5  S_orbital_med-olfact
 1219    874   2448  2.746 0.713     0.137     0.034       13     2.0  S_orbital-H_Shaped
 2110   1432   2865  2.215 0.741     0.102     0.018       12     1.7  S_parieto_occipital
 1429    925   1600  2.031 0.723     0.103     0.018       18     1.1  S_pericallosal
 3242   2189   4042  2.080 0.507     0.117     0.022       28     3.2  S_postcentral
 1408    964   2173  2.573 0.512     0.105     0.018        9     1.2  S_precentral-inf-part
 1485    969   2042  2.574 0.419     0.090     0.016        6     1.0  S_precentral-sup-part
  684    459   1328  3.039 1.150     0.104     0.015        5     0.4  S_suborbital
  897    620   1363  2.483 0.472     0.113     0.018        5     0.7  S_subparietal
 1082    768   1718  2.265 0.599     0.118     0.023        9     1.1  S_temporal_inf
 4674   3284   7846  2.506 0.549     0.109     0.020       39     4.0  S_temporal_sup
  323    223    429  2.467 0.468     0.121     0.020        2     0.3  S_temporal_transverse
#-----------------------------------------
#@# Parcellation Stats 3 lh Thu Mar 12 17:37:46 CET 2026
/out/sourcedata/freesurfer/sub-v1s20x0050289_ses-1/scripts

 mris_anatomical_stats -th3 -mgz -noglobal -cortex ../label/lh.cortex.label -f ../stats/lh.aparc.DKTatlas.stats -b -a ../label/lh.aparc.DKTatlas.annot -c ../label/aparc.annot.DKTatlas.ctab sub-v1s20x0050289_ses-1 lh white 

computing statistics for each annotation in ../label/lh.aparc.DKTatlas.annot.
reading volume /out/sourcedata/freesurfer/sub-v1s20x0050289_ses-1/mri/wm.mgz...
reading input surface /out/sourcedata/freesurfer/sub-v1s20x0050289_ses-1/surf/lh.white...
reading input pial surface /out/sourcedata/freesurfer/sub-v1s20x0050289_ses-1/surf/lh.pial...
reading input white surface /out/sourcedata/freesurfer/sub-v1s20x0050289_ses-1/surf/lh.white...
INFO: using TH3 volume calc
INFO: assuming MGZ format for volumes.
INFO: not computing global stats
INFO: using ../label/lh.cortex.label as mask to calc cortex NumVert, SurfArea and MeanThickness.
Using TH3 vertex volume calc
Total face volume 229075
Total vertex volume 228817 (mask=0)
Saving annotation colortable ../label/aparc.annot.DKTatlas.ctab

table columns are:
    number of vertices
    total surface area (mm^2)
    total gray matter volume (mm^3)
    average cortical thickness +- standard deviation (mm)
    integrated rectified mean curvature
    integrated rectified Gaussian curvature
    folding index
    intrinsic curvature index
    structure name

 1884   1305   3634  2.643 0.633     0.121     0.022       22     1.8  caudalanteriorcingulate
 3550   2426   6562  2.598 0.500     0.109     0.021       31     3.1  caudalmiddlefrontal
 2893   2018   3777  1.761 0.567     0.134     0.030       33     3.5  cuneus
  439    282   1067  2.434 0.860     0.118     0.051        6     0.9  entorhinal
 4221   2930   8471  2.512 0.709     0.111     0.026       45     4.2  fusiform
 5450   3917   9248  2.314 0.591     0.124     0.027       66     6.0  inferiorparietal
 3661   2686   7796  2.367 0.762     0.128     0.037       48     5.4  inferiortemporal
 1364    944   2647  2.404 0.813     0.115     0.027       15     1.5  isthmuscingulate
 6632   4401   8831  1.871 0.583     0.133     0.037       91     9.7  lateraloccipital
 3547   2697   8986  2.821 0.816     0.151     0.042       54     6.3  lateralorbitofrontal
 4193   2903   5988  1.903 0.644     0.132     0.031       48     5.4  lingual
 2251   1603   5080  2.606 0.964     0.119     0.029       27     2.4  medialorbitofrontal
 4332   3472   9986  2.417 0.607     0.142     0.040       77     6.9  middletemporal
 1017    640   1842  2.450 0.755     0.079     0.017        6     0.4  parahippocampal
 2381   1542   4229  2.473 0.664     0.110     0.023       18     2.2  paracentral
 1893   1400   4369  2.758 0.534     0.107     0.020       20     1.4  parsopercularis
  881    651   1972  2.566 0.594     0.122     0.029       11     0.8  parsorbitalis
 2370   1820   5728  2.576 0.730     0.129     0.032       34     3.4  parstriangularis
 1549   1064   1490  1.530 0.422     0.127     0.033       17     2.0  pericalcarine
 7280   4735  11028  2.083 0.716     0.111     0.023       67     7.1  postcentral
 1713   1270   3447  2.487 0.848     0.135     0.029       21     2.2  posteriorcingulate
 7217   4564  12126  2.437 0.645     0.100     0.019       55     5.6  precentral
 4927   3654  11028  2.596 0.687     0.126     0.027       59     5.9  precuneus
 1540   1071   3347  2.758 0.796     0.117     0.025       21     1.6  rostralanteriorcingulate
 5855   4540  14234  2.540 0.696     0.140     0.035       76     9.1  rostralmiddlefrontal
12430   8824  29601  2.857 0.725     0.123     0.028      137    13.7  superiorfrontal
 6677   4791  11003  2.110 0.600     0.128     0.028       78     8.1  superiorparietal
 6989   5023  14952  2.520 0.696     0.121     0.031       77     8.6  superiortemporal
 4953   3634   9926  2.556 0.528     0.135     0.029       69     6.3  supramarginal
  590    384   1088  2.538 0.522     0.131     0.034        7     0.7  transversetemporal
 2782   1827   5336  2.878 0.723     0.094     0.020       18     2.2  insula
/out/sourcedata/freesurfer/sub-v1s20x0050289_ses-1/label
#--------------------------------------------
#@# BA_exvivo Labels lh Thu Mar 12 17:37:54 CET 2026

 mri_label2label --srcsubject fsaverage --srclabel /out/sourcedata/freesurfer/fsaverage/label/lh.BA1_exvivo.label --trgsubject sub-v1s20x0050289_ses-1 --trglabel ./lh.BA1_exvivo.label --hemi lh --regmethod surface 


srclabel = /out/sourcedata/freesurfer/fsaverage/label/lh.BA1_exvivo.label
srcsubject = fsaverage
trgsubject = sub-v1s20x0050289_ses-1
trglabel = ./lh.BA1_exvivo.label
regmethod = surface

srchemi = lh
trghemi = lh
trgsurface = white
srcsurfreg = sphere.reg
trgsurfreg = sphere.reg
usehash = 1
Use ProjAbs  = 0, 0
Use ProjFrac = 0, 0
DoPaint 0

SUBJECTS_DIR    /out/sourcedata/freesurfer
FREESURFER_HOME /opt/freesurfer
Loading source label.
Found 4129 points in source label.
Starting surface-based mapping
Reading source registration 
 /out/sourcedata/freesurfer/fsaverage/surf/lh.sphere.reg
Rescaling ...  original radius = 100
Reading target surface 
 /out/sourcedata/freesurfer/sub-v1s20x0050289_ses-1/surf/lh.white
Reading target registration 
 /out/sourcedata/freesurfer/sub-v1s20x0050289_ses-1/surf/lh.sphere.reg
Rescaling ...  original radius = 100
Building target registration hash (res=16).
Building source registration hash (res=16).
INFO: found  4129 nlabel points
Performing mapping from target back to the source label 125922
Number of reverse mapping hits = 173
Checking for and removing duplicates
Writing label file ./lh.BA1_exvivo.label 4302
mri_label2label: Done


 mri_label2label --srcsubject fsaverage --srclabel /out/sourcedata/freesurfer/fsaverage/label/lh.BA2_exvivo.label --trgsubject sub-v1s20x0050289_ses-1 --trglabel ./lh.BA2_exvivo.label --hemi lh --regmethod surface 


srclabel = /out/sourcedata/freesurfer/fsaverage/label/lh.BA2_exvivo.label
srcsubject = fsaverage
trgsubject = sub-v1s20x0050289_ses-1
trglabel = ./lh.BA2_exvivo.label
regmethod = surface

srchemi = lh
trghemi = lh
trgsurface = white
srcsurfreg = sphere.reg
trgsurfreg = sphere.reg
usehash = 1
Use ProjAbs  = 0, 0
Use ProjFrac = 0, 0
DoPaint 0

SUBJECTS_DIR    /out/sourcedata/freesurfer
FREESURFER_HOME /opt/freesurfer
Loading source label.
Found 7909 points in source label.
Starting surface-based mapping
Reading source registration 
 /out/sourcedata/freesurfer/fsaverage/surf/lh.sphere.reg
Rescaling ...  original radius = 100
Reading target surface 
 /out/sourcedata/freesurfer/sub-v1s20x0050289_ses-1/surf/lh.white
Reading target registration 
 /out/sourcedata/freesurfer/sub-v1s20x0050289_ses-1/surf/lh.sphere.reg
Rescaling ...  original radius = 100
Building target registration hash (res=16).
Building source registration hash (res=16).
INFO: found  7909 nlabel points
Performing mapping from target back to the source label 125922
Number of reverse mapping hits = 324
Checking for and removing duplicates
Writing label file ./lh.BA2_exvivo.label 8233
mri_label2label: Done


 mri_label2label --srcsubject fsaverage --srclabel /out/sourcedata/freesurfer/fsaverage/label/lh.BA3a_exvivo.label --trgsubject sub-v1s20x0050289_ses-1 --trglabel ./lh.BA3a_exvivo.label --hemi lh --regmethod surface 


srclabel = /out/sourcedata/freesurfer/fsaverage/label/lh.BA3a_exvivo.label
srcsubject = fsaverage
trgsubject = sub-v1s20x0050289_ses-1
trglabel = ./lh.BA3a_exvivo.label
regmethod = surface

srchemi = lh
trghemi = lh
trgsurface = white
srcsurfreg = sphere.reg
trgsurfreg = sphere.reg
usehash = 1
Use ProjAbs  = 0, 0
Use ProjFrac = 0, 0
DoPaint 0

SUBJECTS_DIR    /out/sourcedata/freesurfer
FREESURFER_HOME /opt/freesurfer
Loading source label.
Found 4077 points in source label.
Starting surface-based mapping
Reading source registration 
 /out/sourcedata/freesurfer/fsaverage/surf/lh.sphere.reg
Rescaling ...  original radius = 100
Reading target surface 
 /out/sourcedata/freesurfer/sub-v1s20x0050289_ses-1/surf/lh.white
Reading target registration 
 /out/sourcedata/freesurfer/sub-v1s20x0050289_ses-1/surf/lh.sphere.reg
Rescaling ...  original radius = 100
Building target registration hash (res=16).
Building source registration hash (res=16).
INFO: found  4077 nlabel points
Performing mapping from target back to the source label 125922
Number of reverse mapping hits = 23
Checking for and removing duplicates
Writing label file ./lh.BA3a_exvivo.label 4100
mri_label2label: Done


 mri_label2label --srcsubject fsaverage --srclabel /out/sourcedata/freesurfer/fsaverage/label/lh.BA3b_exvivo.label --trgsubject sub-v1s20x0050289_ses-1 --trglabel ./lh.BA3b_exvivo.label --hemi lh --regmethod surface 


srclabel = /out/sourcedata/freesurfer/fsaverage/label/lh.BA3b_exvivo.label
srcsubject = fsaverage
trgsubject = sub-v1s20x0050289_ses-1
trglabel = ./lh.BA3b_exvivo.label
regmethod = surface

srchemi = lh
trghemi = lh
trgsurface = white
srcsurfreg = sphere.reg
trgsurfreg = sphere.reg
usehash = 1
Use ProjAbs  = 0, 0
Use ProjFrac = 0, 0
DoPaint 0

SUBJECTS_DIR    /out/sourcedata/freesurfer
FREESURFER_HOME /opt/freesurfer
Loading source label.
Found 5983 points in source label.
Starting surface-based mapping
Reading source registration 
 /out/sourcedata/freesurfer/fsaverage/surf/lh.sphere.reg
Rescaling ...  original radius = 100
Reading target surface 
 /out/sourcedata/freesurfer/sub-v1s20x0050289_ses-1/surf/lh.white
Reading target registration 
 /out/sourcedata/freesurfer/sub-v1s20x0050289_ses-1/surf/lh.sphere.reg
Rescaling ...  original radius = 100
Building target registration hash (res=16).
Building source registration hash (res=16).
INFO: found  5983 nlabel points
Performing mapping from target back to the source label 125922
Number of reverse mapping hits = 142
Checking for and removing duplicates
Writing label file ./lh.BA3b_exvivo.label 6125
mri_label2label: Done


 mri_label2label --srcsubject fsaverage --srclabel /out/sourcedata/freesurfer/fsaverage/label/lh.BA4a_exvivo.label --trgsubject sub-v1s20x0050289_ses-1 --trglabel ./lh.BA4a_exvivo.label --hemi lh --regmethod surface 


srclabel = /out/sourcedata/freesurfer/fsaverage/label/lh.BA4a_exvivo.label
srcsubject = fsaverage
trgsubject = sub-v1s20x0050289_ses-1
trglabel = ./lh.BA4a_exvivo.label
regmethod = surface

srchemi = lh
trghemi = lh
trgsurface = white
srcsurfreg = sphere.reg
trgsurfreg = sphere.reg
usehash = 1
Use ProjAbs  = 0, 0
Use ProjFrac = 0, 0
DoPaint 0

SUBJECTS_DIR    /out/sourcedata/freesurfer
FREESURFER_HOME /opt/freesurfer
Loading source label.
Found 5784 points in source label.
Starting surface-based mapping
Reading source registration 
 /out/sourcedata/freesurfer/fsaverage/surf/lh.sphere.reg
Rescaling ...  original radius = 100
Reading target surface 
 /out/sourcedata/freesurfer/sub-v1s20x0050289_ses-1/surf/lh.white
Reading target registration 
 /out/sourcedata/freesurfer/sub-v1s20x0050289_ses-1/surf/lh.sphere.reg
Rescaling ...  original radius = 100
Building target registration hash (res=16).
Building source registration hash (res=16).
INFO: found  5784 nlabel points
Performing mapping from target back to the source label 125922
Number of reverse mapping hits = 204
Checking for and removing duplicates
Writing label file ./lh.BA4a_exvivo.label 5988
mri_label2label: Done


 mri_label2label --srcsubject fsaverage --srclabel /out/sourcedata/freesurfer/fsaverage/label/lh.BA4p_exvivo.label --trgsubject sub-v1s20x0050289_ses-1 --trglabel ./lh.BA4p_exvivo.label --hemi lh --regmethod surface 


srclabel = /out/sourcedata/freesurfer/fsaverage/label/lh.BA4p_exvivo.label
srcsubject = fsaverage
trgsubject = sub-v1s20x0050289_ses-1
trglabel = ./lh.BA4p_exvivo.label
regmethod = surface

srchemi = lh
trghemi = lh
trgsurface = white
srcsurfreg = sphere.reg
trgsurfreg = sphere.reg
usehash = 1
Use ProjAbs  = 0, 0
Use ProjFrac = 0, 0
DoPaint 0

SUBJECTS_DIR    /out/sourcedata/freesurfer
FREESURFER_HOME /opt/freesurfer
Loading source label.
Found 4070 points in source label.
Starting surface-based mapping
Reading source registration 
 /out/sourcedata/freesurfer/fsaverage/surf/lh.sphere.reg
Rescaling ...  original radius = 100
Reading target surface 
 /out/sourcedata/freesurfer/sub-v1s20x0050289_ses-1/surf/lh.white
Reading target registration 
 /out/sourcedata/freesurfer/sub-v1s20x0050289_ses-1/surf/lh.sphere.reg
Rescaling ...  original radius = 100
Building target registration hash (res=16).
Building source registration hash (res=16).
INFO: found  4070 nlabel points
Performing mapping from target back to the source label 125922
Number of reverse mapping hits = 62
Checking for and removing duplicates
Writing label file ./lh.BA4p_exvivo.label 4132
mri_label2label: Done


 mri_label2label --srcsubject fsaverage --srclabel /out/sourcedata/freesurfer/fsaverage/label/lh.BA6_exvivo.label --trgsubject sub-v1s20x0050289_ses-1 --trglabel ./lh.BA6_exvivo.label --hemi lh --regmethod surface 


srclabel = /out/sourcedata/freesurfer/fsaverage/label/lh.BA6_exvivo.label
srcsubject = fsaverage
trgsubject = sub-v1s20x0050289_ses-1
trglabel = ./lh.BA6_exvivo.label
regmethod = surface

srchemi = lh
trghemi = lh
trgsurface = white
srcsurfreg = sphere.reg
trgsurfreg = sphere.reg
usehash = 1
Use ProjAbs  = 0, 0
Use ProjFrac = 0, 0
DoPaint 0

SUBJECTS_DIR    /out/sourcedata/freesurfer
FREESURFER_HOME /opt/freesurfer
Loading source label.
Found 13589 points in source label.
Starting surface-based mapping
Reading source registration 
 /out/sourcedata/freesurfer/fsaverage/surf/lh.sphere.reg
Rescaling ...  original radius = 100
Reading target surface 
 /out/sourcedata/freesurfer/sub-v1s20x0050289_ses-1/surf/lh.white
Reading target registration 
 /out/sourcedata/freesurfer/sub-v1s20x0050289_ses-1/surf/lh.sphere.reg
Rescaling ...  original radius = 100
Building target registration hash (res=16).
Building source registration hash (res=16).
INFO: found  13589 nlabel points
Performing mapping from target back to the source label 125922
Number of reverse mapping hits = 1053
Checking for and removing duplicates
Writing label file ./lh.BA6_exvivo.label 14642
mri_label2label: Done


 mri_label2label --srcsubject fsaverage --srclabel /out/sourcedata/freesurfer/fsaverage/label/lh.BA44_exvivo.label --trgsubject sub-v1s20x0050289_ses-1 --trglabel ./lh.BA44_exvivo.label --hemi lh --regmethod surface 


srclabel = /out/sourcedata/freesurfer/fsaverage/label/lh.BA44_exvivo.label
srcsubject = fsaverage
trgsubject = sub-v1s20x0050289_ses-1
trglabel = ./lh.BA44_exvivo.label
regmethod = surface

srchemi = lh
trghemi = lh
trgsurface = white
srcsurfreg = sphere.reg
trgsurfreg = sphere.reg
usehash = 1
Use ProjAbs  = 0, 0
Use ProjFrac = 0, 0
DoPaint 0

SUBJECTS_DIR    /out/sourcedata/freesurfer
FREESURFER_HOME /opt/freesurfer
Loading source label.
Found 4181 points in source label.
Starting surface-based mapping
Reading source registration 
 /out/sourcedata/freesurfer/fsaverage/surf/lh.sphere.reg
Rescaling ...  original radius = 100
Reading target surface 
 /out/sourcedata/freesurfer/sub-v1s20x0050289_ses-1/surf/lh.white
Reading target registration 
 /out/sourcedata/freesurfer/sub-v1s20x0050289_ses-1/surf/lh.sphere.reg
Rescaling ...  original radius = 100
Building target registration hash (res=16).
Building source registration hash (res=16).
INFO: found  4181 nlabel points
Performing mapping from target back to the source label 125922
Number of reverse mapping hits = 59
Checking for and removing duplicates
Writing label file ./lh.BA44_exvivo.label 4240
mri_label2label: Done


 mri_label2label --srcsubject fsaverage --srclabel /out/sourcedata/freesurfer/fsaverage/label/lh.BA45_exvivo.label --trgsubject sub-v1s20x0050289_ses-1 --trglabel ./lh.BA45_exvivo.label --hemi lh --regmethod surface 


srclabel = /out/sourcedata/freesurfer/fsaverage/label/lh.BA45_exvivo.label
srcsubject = fsaverage
trgsubject = sub-v1s20x0050289_ses-1
trglabel = ./lh.BA45_exvivo.label
regmethod = surface

srchemi = lh
trghemi = lh
trgsurface = white
srcsurfreg = sphere.reg
trgsurfreg = sphere.reg
usehash = 1
Use ProjAbs  = 0, 0
Use ProjFrac = 0, 0
DoPaint 0

SUBJECTS_DIR    /out/sourcedata/freesurfer
FREESURFER_HOME /opt/freesurfer
Loading source label.
Found 3422 points in source label.
Starting surface-based mapping
Reading source registration 
 /out/sourcedata/freesurfer/fsaverage/surf/lh.sphere.reg
Rescaling ...  original radius = 100
Reading target surface 
 /out/sourcedata/freesurfer/sub-v1s20x0050289_ses-1/surf/lh.white
Reading target registration 
 /out/sourcedata/freesurfer/sub-v1s20x0050289_ses-1/surf/lh.sphere.reg
Rescaling ...  original radius = 100
Building target registration hash (res=16).
Building source registration hash (res=16).
INFO: found  3422 nlabel points
Performing mapping from target back to the source label 125922
Number of reverse mapping hits = 351
Checking for and removing duplicates
Writing label file ./lh.BA45_exvivo.label 3773
mri_label2label: Done


 mri_label2label --srcsubject fsaverage --srclabel /out/sourcedata/freesurfer/fsaverage/label/lh.V1_exvivo.label --trgsubject sub-v1s20x0050289_ses-1 --trglabel ./lh.V1_exvivo.label --hemi lh --regmethod surface 


srclabel = /out/sourcedata/freesurfer/fsaverage/label/lh.V1_exvivo.label
srcsubject = fsaverage
trgsubject = sub-v1s20x0050289_ses-1
trglabel = ./lh.V1_exvivo.label
regmethod = surface

srchemi = lh
trghemi = lh
trgsurface = white
srcsurfreg = sphere.reg
trgsurfreg = sphere.reg
usehash = 1
Use ProjAbs  = 0, 0
Use ProjFrac = 0, 0
DoPaint 0

SUBJECTS_DIR    /out/sourcedata/freesurfer
FREESURFER_HOME /opt/freesurfer
Loading source label.
Found 4641 points in source label.
Starting surface-based mapping
Reading source registration 
 /out/sourcedata/freesurfer/fsaverage/surf/lh.sphere.reg
Rescaling ...  original radius = 100
Reading target surface 
 /out/sourcedata/freesurfer/sub-v1s20x0050289_ses-1/surf/lh.white
Reading target registration 
 /out/sourcedata/freesurfer/sub-v1s20x0050289_ses-1/surf/lh.sphere.reg
Rescaling ...  original radius = 100
Building target registration hash (res=16).
Building source registration hash (res=16).
INFO: found  4641 nlabel points
Performing mapping from target back to the source label 125922
Number of reverse mapping hits = 580
Checking for and removing duplicates
Writing label file ./lh.V1_exvivo.label 5221
mri_label2label: Done


 mri_label2label --srcsubject fsaverage --srclabel /out/sourcedata/freesurfer/fsaverage/label/lh.V2_exvivo.label --trgsubject sub-v1s20x0050289_ses-1 --trglabel ./lh.V2_exvivo.label --hemi lh --regmethod surface 


srclabel = /out/sourcedata/freesurfer/fsaverage/label/lh.V2_exvivo.label
srcsubject = fsaverage
trgsubject = sub-v1s20x0050289_ses-1
trglabel = ./lh.V2_exvivo.label
regmethod = surface

srchemi = lh
trghemi = lh
trgsurface = white
srcsurfreg = sphere.reg
trgsurfreg = sphere.reg
usehash = 1
Use ProjAbs  = 0, 0
Use ProjFrac = 0, 0
DoPaint 0

SUBJECTS_DIR    /out/sourcedata/freesurfer
FREESURFER_HOME /opt/freesurfer
Loading source label.
Found 8114 points in source label.
Starting surface-based mapping
Reading source registration 
 /out/sourcedata/freesurfer/fsaverage/surf/lh.sphere.reg
Rescaling ...  original radius = 100
Reading target surface 
 /out/sourcedata/freesurfer/sub-v1s20x0050289_ses-1/surf/lh.white
Reading target registration 
 /out/sourcedata/freesurfer/sub-v1s20x0050289_ses-1/surf/lh.sphere.reg
Rescaling ...  original radius = 100
Building target registration hash (res=16).
Building source registration hash (res=16).
INFO: found  8114 nlabel points
Performing mapping from target back to the source label 125922
Number of reverse mapping hits = 1541
Checking for and removing duplicates
Writing label file ./lh.V2_exvivo.label 9655
mri_label2label: Done


 mri_label2label --srcsubject fsaverage --srclabel /out/sourcedata/freesurfer/fsaverage/label/lh.MT_exvivo.label --trgsubject sub-v1s20x0050289_ses-1 --trglabel ./lh.MT_exvivo.label --hemi lh --regmethod surface 


srclabel = /out/sourcedata/freesurfer/fsaverage/label/lh.MT_exvivo.label
srcsubject = fsaverage
trgsubject = sub-v1s20x0050289_ses-1
trglabel = ./lh.MT_exvivo.label
regmethod = surface

srchemi = lh
trghemi = lh
trgsurface = white
srcsurfreg = sphere.reg
trgsurfreg = sphere.reg
usehash = 1
Use ProjAbs  = 0, 0
Use ProjFrac = 0, 0
DoPaint 0

SUBJECTS_DIR    /out/sourcedata/freesurfer
FREESURFER_HOME /opt/freesurfer
Loading source label.
Found 2018 points in source label.
Starting surface-based mapping
Reading source registration 
 /out/sourcedata/freesurfer/fsaverage/surf/lh.sphere.reg
Rescaling ...  original radius = 100
Reading target surface 
 /out/sourcedata/freesurfer/sub-v1s20x0050289_ses-1/surf/lh.white
Reading target registration 
 /out/sourcedata/freesurfer/sub-v1s20x0050289_ses-1/surf/lh.sphere.reg
Rescaling ...  original radius = 100
Building target registration hash (res=16).
Building source registration hash (res=16).
INFO: found  2018 nlabel points
Performing mapping from target back to the source label 125922
Number of reverse mapping hits = 215
Checking for and removing duplicates
Writing label file ./lh.MT_exvivo.label 2233
mri_label2label: Done


 mri_label2label --srcsubject fsaverage --srclabel /out/sourcedata/freesurfer/fsaverage/label/lh.entorhinal_exvivo.label --trgsubject sub-v1s20x0050289_ses-1 --trglabel ./lh.entorhinal_exvivo.label --hemi lh --regmethod surface 


srclabel = /out/sourcedata/freesurfer/fsaverage/label/lh.entorhinal_exvivo.label
srcsubject = fsaverage
trgsubject = sub-v1s20x0050289_ses-1
trglabel = ./lh.entorhinal_exvivo.label
regmethod = surface

srchemi = lh
trghemi = lh
trgsurface = white
srcsurfreg = sphere.reg
trgsurfreg = sphere.reg
usehash = 1
Use ProjAbs  = 0, 0
Use ProjFrac = 0, 0
DoPaint 0

SUBJECTS_DIR    /out/sourcedata/freesurfer
FREESURFER_HOME /opt/freesurfer
Loading source label.
Found 1290 points in source label.
Starting surface-based mapping
Reading source registration 
 /out/sourcedata/freesurfer/fsaverage/surf/lh.sphere.reg
Rescaling ...  original radius = 100
Reading target surface 
 /out/sourcedata/freesurfer/sub-v1s20x0050289_ses-1/surf/lh.white
Reading target registration 
 /out/sourcedata/freesurfer/sub-v1s20x0050289_ses-1/surf/lh.sphere.reg
Rescaling ...  original radius = 100
Building target registration hash (res=16).
Building source registration hash (res=16).
INFO: found  1290 nlabel points
Performing mapping from target back to the source label 125922
Number of reverse mapping hits = 88
Checking for and removing duplicates
Writing label file ./lh.entorhinal_exvivo.label 1378
mri_label2label: Done


 mri_label2label --srcsubject fsaverage --srclabel /out/sourcedata/freesurfer/fsaverage/label/lh.perirhinal_exvivo.label --trgsubject sub-v1s20x0050289_ses-1 --trglabel ./lh.perirhinal_exvivo.label --hemi lh --regmethod surface 


srclabel = /out/sourcedata/freesurfer/fsaverage/label/lh.perirhinal_exvivo.label
srcsubject = fsaverage
trgsubject = sub-v1s20x0050289_ses-1
trglabel = ./lh.perirhinal_exvivo.label
regmethod = surface

srchemi = lh
trghemi = lh
trgsurface = white
srcsurfreg = sphere.reg
trgsurfreg = sphere.reg
usehash = 1
Use ProjAbs  = 0, 0
Use ProjFrac = 0, 0
DoPaint 0

SUBJECTS_DIR    /out/sourcedata/freesurfer
FREESURFER_HOME /opt/freesurfer
Loading source label.
Found 1199 points in source label.
Starting surface-based mapping
Reading source registration 
 /out/sourcedata/freesurfer/fsaverage/surf/lh.sphere.reg
Rescaling ...  original radius = 100
Reading target surface 
 /out/sourcedata/freesurfer/sub-v1s20x0050289_ses-1/surf/lh.white
Reading target registration 
 /out/sourcedata/freesurfer/sub-v1s20x0050289_ses-1/surf/lh.sphere.reg
Rescaling ...  original radius = 100
Building target registration hash (res=16).
Building source registration hash (res=16).
INFO: found  1199 nlabel points
Performing mapping from target back to the source label 125922
Number of reverse mapping hits = 27
Checking for and removing duplicates
Writing label file ./lh.perirhinal_exvivo.label 1226
mri_label2label: Done


 mri_label2label --srcsubject fsaverage --srclabel /out/sourcedata/freesurfer/fsaverage/label/lh.FG1.mpm.vpnl.label --trgsubject sub-v1s20x0050289_ses-1 --trglabel ./lh.FG1.mpm.vpnl.label --hemi lh --regmethod surface 


srclabel = /out/sourcedata/freesurfer/fsaverage/label/lh.FG1.mpm.vpnl.label
srcsubject = fsaverage
trgsubject = sub-v1s20x0050289_ses-1
trglabel = ./lh.FG1.mpm.vpnl.label
regmethod = surface

srchemi = lh
trghemi = lh
trgsurface = white
srcsurfreg = sphere.reg
trgsurfreg = sphere.reg
usehash = 1
Use ProjAbs  = 0, 0
Use ProjFrac = 0, 0
DoPaint 0

SUBJECTS_DIR    /out/sourcedata/freesurfer
FREESURFER_HOME /opt/freesurfer
Loading source label.
Found 414 points in source label.
Starting surface-based mapping
Reading source registration 
 /out/sourcedata/freesurfer/fsaverage/surf/lh.sphere.reg
Rescaling ...  original radius = 100
Reading target surface 
 /out/sourcedata/freesurfer/sub-v1s20x0050289_ses-1/surf/lh.white
Reading target registration 
 /out/sourcedata/freesurfer/sub-v1s20x0050289_ses-1/surf/lh.sphere.reg
Rescaling ...  original radius = 100
Building target registration hash (res=16).
Building source registration hash (res=16).
INFO: found  414 nlabel points
Performing mapping from target back to the source label 125922
Number of reverse mapping hits = 143
Checking for and removing duplicates
Writing label file ./lh.FG1.mpm.vpnl.label 557
mri_label2label: Done


 mri_label2label --srcsubject fsaverage --srclabel /out/sourcedata/freesurfer/fsaverage/label/lh.FG2.mpm.vpnl.label --trgsubject sub-v1s20x0050289_ses-1 --trglabel ./lh.FG2.mpm.vpnl.label --hemi lh --regmethod surface 


srclabel = /out/sourcedata/freesurfer/fsaverage/label/lh.FG2.mpm.vpnl.label
srcsubject = fsaverage
trgsubject = sub-v1s20x0050289_ses-1
trglabel = ./lh.FG2.mpm.vpnl.label
regmethod = surface

srchemi = lh
trghemi = lh
trgsurface = white
srcsurfreg = sphere.reg
trgsurfreg = sphere.reg
usehash = 1
Use ProjAbs  = 0, 0
Use ProjFrac = 0, 0
DoPaint 0

SUBJECTS_DIR    /out/sourcedata/freesurfer
FREESURFER_HOME /opt/freesurfer
Loading source label.
Found 703 points in source label.
Starting surface-based mapping
Reading source registration 
 /out/sourcedata/freesurfer/fsaverage/surf/lh.sphere.reg
Rescaling ...  original radius = 100
Reading target surface 
 /out/sourcedata/freesurfer/sub-v1s20x0050289_ses-1/surf/lh.white
Reading target registration 
 /out/sourcedata/freesurfer/sub-v1s20x0050289_ses-1/surf/lh.sphere.reg
Rescaling ...  original radius = 100
Building target registration hash (res=16).
Building source registration hash (res=16).
INFO: found  703 nlabel points
Performing mapping from target back to the source label 125922
Number of reverse mapping hits = 243
Checking for and removing duplicates
Writing label file ./lh.FG2.mpm.vpnl.label 946
mri_label2label: Done


 mri_label2label --srcsubject fsaverage --srclabel /out/sourcedata/freesurfer/fsaverage/label/lh.FG3.mpm.vpnl.label --trgsubject sub-v1s20x0050289_ses-1 --trglabel ./lh.FG3.mpm.vpnl.label --hemi lh --regmethod surface 


srclabel = /out/sourcedata/freesurfer/fsaverage/label/lh.FG3.mpm.vpnl.label
srcsubject = fsaverage
trgsubject = sub-v1s20x0050289_ses-1
trglabel = ./lh.FG3.mpm.vpnl.label
regmethod = surface

srchemi = lh
trghemi = lh
trgsurface = white
srcsurfreg = sphere.reg
trgsurfreg = sphere.reg
usehash = 1
Use ProjAbs  = 0, 0
Use ProjFrac = 0, 0
DoPaint 0

SUBJECTS_DIR    /out/sourcedata/freesurfer
FREESURFER_HOME /opt/freesurfer
Loading source label.
Found 1873 points in source label.
Starting surface-based mapping
Reading source registration 
 /out/sourcedata/freesurfer/fsaverage/surf/lh.sphere.reg
Rescaling ...  original radius = 100
Reading target surface 
 /out/sourcedata/freesurfer/sub-v1s20x0050289_ses-1/surf/lh.white
Reading target registration 
 /out/sourcedata/freesurfer/sub-v1s20x0050289_ses-1/surf/lh.sphere.reg
Rescaling ...  original radius = 100
Building target registration hash (res=16).
Building source registration hash (res=16).
INFO: found  1873 nlabel points
Performing mapping from target back to the source label 125922
Number of reverse mapping hits = 176
Checking for and removing duplicates
Writing label file ./lh.FG3.mpm.vpnl.label 2049
mri_label2label: Done


 mri_label2label --srcsubject fsaverage --srclabel /out/sourcedata/freesurfer/fsaverage/label/lh.FG4.mpm.vpnl.label --trgsubject sub-v1s20x0050289_ses-1 --trglabel ./lh.FG4.mpm.vpnl.label --hemi lh --regmethod surface 


srclabel = /out/sourcedata/freesurfer/fsaverage/label/lh.FG4.mpm.vpnl.label
srcsubject = fsaverage
trgsubject = sub-v1s20x0050289_ses-1
trglabel = ./lh.FG4.mpm.vpnl.label
regmethod = surface

srchemi = lh
trghemi = lh
trgsurface = white
srcsurfreg = sphere.reg
trgsurfreg = sphere.reg
usehash = 1
Use ProjAbs  = 0, 0
Use ProjFrac = 0, 0
DoPaint 0

SUBJECTS_DIR    /out/sourcedata/freesurfer
FREESURFER_HOME /opt/freesurfer
Loading source label.
Found 2101 points in source label.
Starting surface-based mapping
Reading source registration 
 /out/sourcedata/freesurfer/fsaverage/surf/lh.sphere.reg
Rescaling ...  original radius = 100
Reading target surface 
 /out/sourcedata/freesurfer/sub-v1s20x0050289_ses-1/surf/lh.white
Reading target registration 
 /out/sourcedata/freesurfer/sub-v1s20x0050289_ses-1/surf/lh.sphere.reg
Rescaling ...  original radius = 100
Building target registration hash (res=16).
Building source registration hash (res=16).
INFO: found  2101 nlabel points
Performing mapping from target back to the source label 125922
Number of reverse mapping hits = 218
Checking for and removing duplicates
Writing label file ./lh.FG4.mpm.vpnl.label 2319
mri_label2label: Done


 mri_label2label --srcsubject fsaverage --srclabel /out/sourcedata/freesurfer/fsaverage/label/lh.hOc1.mpm.vpnl.label --trgsubject sub-v1s20x0050289_ses-1 --trglabel ./lh.hOc1.mpm.vpnl.label --hemi lh --regmethod surface 


srclabel = /out/sourcedata/freesurfer/fsaverage/label/lh.hOc1.mpm.vpnl.label
srcsubject = fsaverage
trgsubject = sub-v1s20x0050289_ses-1
trglabel = ./lh.hOc1.mpm.vpnl.label
regmethod = surface

srchemi = lh
trghemi = lh
trgsurface = white
srcsurfreg = sphere.reg
trgsurfreg = sphere.reg
usehash = 1
Use ProjAbs  = 0, 0
Use ProjFrac = 0, 0
DoPaint 0

SUBJECTS_DIR    /out/sourcedata/freesurfer
FREESURFER_HOME /opt/freesurfer
Loading source label.
Found 3877 points in source label.
Starting surface-based mapping
Reading source registration 
 /out/sourcedata/freesurfer/fsaverage/surf/lh.sphere.reg
Rescaling ...  original radius = 100
Reading target surface 
 /out/sourcedata/freesurfer/sub-v1s20x0050289_ses-1/surf/lh.white
Reading target registration 
 /out/sourcedata/freesurfer/sub-v1s20x0050289_ses-1/surf/lh.sphere.reg
Rescaling ...  original radius = 100
Building target registration hash (res=16).
Building source registration hash (res=16).
INFO: found  3877 nlabel points
Performing mapping from target back to the source label 125922
Number of reverse mapping hits = 432
Checking for and removing duplicates
Writing label file ./lh.hOc1.mpm.vpnl.label 4309
mri_label2label: Done


 mri_label2label --srcsubject fsaverage --srclabel /out/sourcedata/freesurfer/fsaverage/label/lh.hOc2.mpm.vpnl.label --trgsubject sub-v1s20x0050289_ses-1 --trglabel ./lh.hOc2.mpm.vpnl.label --hemi lh --regmethod surface 


srclabel = /out/sourcedata/freesurfer/fsaverage/label/lh.hOc2.mpm.vpnl.label
srcsubject = fsaverage
trgsubject = sub-v1s20x0050289_ses-1
trglabel = ./lh.hOc2.mpm.vpnl.label
regmethod = surface

srchemi = lh
trghemi = lh
trgsurface = white
srcsurfreg = sphere.reg
trgsurfreg = sphere.reg
usehash = 1
Use ProjAbs  = 0, 0
Use ProjFrac = 0, 0
DoPaint 0

SUBJECTS_DIR    /out/sourcedata/freesurfer
FREESURFER_HOME /opt/freesurfer
Loading source label.
Found 2919 points in source label.
Starting surface-based mapping
Reading source registration 
 /out/sourcedata/freesurfer/fsaverage/surf/lh.sphere.reg
Rescaling ...  original radius = 100
Reading target surface 
 /out/sourcedata/freesurfer/sub-v1s20x0050289_ses-1/surf/lh.white
Reading target registration 
 /out/sourcedata/freesurfer/sub-v1s20x0050289_ses-1/surf/lh.sphere.reg
Rescaling ...  original radius = 100
Building target registration hash (res=16).
Building source registration hash (res=16).
INFO: found  2919 nlabel points
Performing mapping from target back to the source label 125922
Number of reverse mapping hits = 650
Checking for and removing duplicates
Writing label file ./lh.hOc2.mpm.vpnl.label 3569
mri_label2label: Done


 mri_label2label --srcsubject fsaverage --srclabel /out/sourcedata/freesurfer/fsaverage/label/lh.hOc3v.mpm.vpnl.label --trgsubject sub-v1s20x0050289_ses-1 --trglabel ./lh.hOc3v.mpm.vpnl.label --hemi lh --regmethod surface 


srclabel = /out/sourcedata/freesurfer/fsaverage/label/lh.hOc3v.mpm.vpnl.label
srcsubject = fsaverage
trgsubject = sub-v1s20x0050289_ses-1
trglabel = ./lh.hOc3v.mpm.vpnl.label
regmethod = surface

srchemi = lh
trghemi = lh
trgsurface = white
srcsurfreg = sphere.reg
trgsurfreg = sphere.reg
usehash = 1
Use ProjAbs  = 0, 0
Use ProjFrac = 0, 0
DoPaint 0

SUBJECTS_DIR    /out/sourcedata/freesurfer
FREESURFER_HOME /opt/freesurfer
Loading source label.
Found 1286 points in source label.
Starting surface-based mapping
Reading source registration 
 /out/sourcedata/freesurfer/fsaverage/surf/lh.sphere.reg
Rescaling ...  original radius = 100
Reading target surface 
 /out/sourcedata/freesurfer/sub-v1s20x0050289_ses-1/surf/lh.white
Reading target registration 
 /out/sourcedata/freesurfer/sub-v1s20x0050289_ses-1/surf/lh.sphere.reg
Rescaling ...  original radius = 100
Building target registration hash (res=16).
Building source registration hash (res=16).
INFO: found  1286 nlabel points
Performing mapping from target back to the source label 125922
Number of reverse mapping hits = 329
Checking for and removing duplicates
Writing label file ./lh.hOc3v.mpm.vpnl.label 1615
mri_label2label: Done


 mri_label2label --srcsubject fsaverage --srclabel /out/sourcedata/freesurfer/fsaverage/label/lh.hOc4v.mpm.vpnl.label --trgsubject sub-v1s20x0050289_ses-1 --trglabel ./lh.hOc4v.mpm.vpnl.label --hemi lh --regmethod surface 


srclabel = /out/sourcedata/freesurfer/fsaverage/label/lh.hOc4v.mpm.vpnl.label
srcsubject = fsaverage
trgsubject = sub-v1s20x0050289_ses-1
trglabel = ./lh.hOc4v.mpm.vpnl.label
regmethod = surface

srchemi = lh
trghemi = lh
trgsurface = white
srcsurfreg = sphere.reg
trgsurfreg = sphere.reg
usehash = 1
Use ProjAbs  = 0, 0
Use ProjFrac = 0, 0
DoPaint 0

SUBJECTS_DIR    /out/sourcedata/freesurfer
FREESURFER_HOME /opt/freesurfer
Loading source label.
Found 1006 points in source label.
Starting surface-based mapping
Reading source registration 
 /out/sourcedata/freesurfer/fsaverage/surf/lh.sphere.reg
Rescaling ...  original radius = 100
Reading target surface 
 /out/sourcedata/freesurfer/sub-v1s20x0050289_ses-1/surf/lh.white
Reading target registration 
 /out/sourcedata/freesurfer/sub-v1s20x0050289_ses-1/surf/lh.sphere.reg
Rescaling ...  original radius = 100
Building target registration hash (res=16).
Building source registration hash (res=16).
INFO: found  1006 nlabel points
Performing mapping from target back to the source label 125922
Number of reverse mapping hits = 373
Checking for and removing duplicates
Writing label file ./lh.hOc4v.mpm.vpnl.label 1379
mri_label2label: Done


 mris_label2annot --s sub-v1s20x0050289_ses-1 --ctab /opt/freesurfer/average/colortable_vpnl.txt --hemi lh --a mpm.vpnl --maxstatwinner --noverbose --l lh.FG1.mpm.vpnl.label --l lh.FG2.mpm.vpnl.label --l lh.FG3.mpm.vpnl.label --l lh.FG4.mpm.vpnl.label --l lh.hOc1.mpm.vpnl.label --l lh.hOc2.mpm.vpnl.label --l lh.hOc3v.mpm.vpnl.label --l lh.hOc4v.mpm.vpnl.label 

Reading ctab /opt/freesurfer/average/colortable_vpnl.txt
Number of ctab entries 9

7.3.2
cwd /out/sourcedata/freesurfer/sub-v1s20x0050289_ses-1/label
cmdline mris_label2annot --s sub-v1s20x0050289_ses-1 --ctab /opt/freesurfer/average/colortable_vpnl.txt --hemi lh --a mpm.vpnl --maxstatwinner --noverbose --l lh.FG1.mpm.vpnl.label --l lh.FG2.mpm.vpnl.label --l lh.FG3.mpm.vpnl.label --l lh.FG4.mpm.vpnl.label --l lh.hOc1.mpm.vpnl.label --l lh.hOc2.mpm.vpnl.label --l lh.hOc3v.mpm.vpnl.label --l lh.hOc4v.mpm.vpnl.label 
sysname  Linux
hostname dna003
machine  x86_64
user     oesteban

subject sub-v1s20x0050289_ses-1
hemi    lh
SUBJECTS_DIR /out/sourcedata/freesurfer
ColorTable /opt/freesurfer/average/colortable_vpnl.txt
AnnotName  mpm.vpnl
nlables 8
LabelThresh 0 0.000000
Loading /out/sourcedata/freesurfer/sub-v1s20x0050289_ses-1/surf/lh.orig
 1 1376057 FG1
 2 16711935 FG2
 3 16711680 FG3
 4 1705837 FG4
 5 25600 hOc1
 6 255 hOc2
 7 16776960 hOc3v
 8 65535 hOc4v
Mapping unhit to unknown
Found 111329 unhit vertices
Writing annot to /out/sourcedata/freesurfer/sub-v1s20x0050289_ses-1/label/lh.mpm.vpnl.annot

 mri_label2label --srcsubject fsaverage --srclabel /out/sourcedata/freesurfer/fsaverage/label/lh.BA1_exvivo.thresh.label --trgsubject sub-v1s20x0050289_ses-1 --trglabel ./lh.BA1_exvivo.thresh.label --hemi lh --regmethod surface 


srclabel = /out/sourcedata/freesurfer/fsaverage/label/lh.BA1_exvivo.thresh.label
srcsubject = fsaverage
trgsubject = sub-v1s20x0050289_ses-1
trglabel = ./lh.BA1_exvivo.thresh.label
regmethod = surface

srchemi = lh
trghemi = lh
trgsurface = white
srcsurfreg = sphere.reg
trgsurfreg = sphere.reg
usehash = 1
Use ProjAbs  = 0, 0
Use ProjFrac = 0, 0
DoPaint 0

SUBJECTS_DIR    /out/sourcedata/freesurfer
FREESURFER_HOME /opt/freesurfer
Loading source label.
Found 1014 points in source label.
Starting surface-based mapping
Reading source registration 
 /out/sourcedata/freesurfer/fsaverage/surf/lh.sphere.reg
Rescaling ...  original radius = 100
Reading target surface 
 /out/sourcedata/freesurfer/sub-v1s20x0050289_ses-1/surf/lh.white
Reading target registration 
 /out/sourcedata/freesurfer/sub-v1s20x0050289_ses-1/surf/lh.sphere.reg
Rescaling ...  original radius = 100
Building target registration hash (res=16).
Building source registration hash (res=16).
INFO: found  1014 nlabel points
Performing mapping from target back to the source label 125922
Number of reverse mapping hits = 63
Checking for and removing duplicates
Writing label file ./lh.BA1_exvivo.thresh.label 1077
mri_label2label: Done


 mri_label2label --srcsubject fsaverage --srclabel /out/sourcedata/freesurfer/fsaverage/label/lh.BA2_exvivo.thresh.label --trgsubject sub-v1s20x0050289_ses-1 --trglabel ./lh.BA2_exvivo.thresh.label --hemi lh --regmethod surface 


srclabel = /out/sourcedata/freesurfer/fsaverage/label/lh.BA2_exvivo.thresh.label
srcsubject = fsaverage
trgsubject = sub-v1s20x0050289_ses-1
trglabel = ./lh.BA2_exvivo.thresh.label
regmethod = surface

srchemi = lh
trghemi = lh
trgsurface = white
srcsurfreg = sphere.reg
trgsurfreg = sphere.reg
usehash = 1
Use ProjAbs  = 0, 0
Use ProjFrac = 0, 0
DoPaint 0

SUBJECTS_DIR    /out/sourcedata/freesurfer
FREESURFER_HOME /opt/freesurfer
Loading source label.
Found 2092 points in source label.
Starting surface-based mapping
Reading source registration 
 /out/sourcedata/freesurfer/fsaverage/surf/lh.sphere.reg
Rescaling ...  original radius = 100
Reading target surface 
 /out/sourcedata/freesurfer/sub-v1s20x0050289_ses-1/surf/lh.white
Reading target registration 
 /out/sourcedata/freesurfer/sub-v1s20x0050289_ses-1/surf/lh.sphere.reg
Rescaling ...  original radius = 100
Building target registration hash (res=16).
Building source registration hash (res=16).
INFO: found  2092 nlabel points
Performing mapping from target back to the source label 125922
Number of reverse mapping hits = 112
Checking for and removing duplicates
Writing label file ./lh.BA2_exvivo.thresh.label 2204
mri_label2label: Done


 mri_label2label --srcsubject fsaverage --srclabel /out/sourcedata/freesurfer/fsaverage/label/lh.BA3a_exvivo.thresh.label --trgsubject sub-v1s20x0050289_ses-1 --trglabel ./lh.BA3a_exvivo.thresh.label --hemi lh --regmethod surface 


srclabel = /out/sourcedata/freesurfer/fsaverage/label/lh.BA3a_exvivo.thresh.label
srcsubject = fsaverage
trgsubject = sub-v1s20x0050289_ses-1
trglabel = ./lh.BA3a_exvivo.thresh.label
regmethod = surface

srchemi = lh
trghemi = lh
trgsurface = white
srcsurfreg = sphere.reg
trgsurfreg = sphere.reg
usehash = 1
Use ProjAbs  = 0, 0
Use ProjFrac = 0, 0
DoPaint 0

SUBJECTS_DIR    /out/sourcedata/freesurfer
FREESURFER_HOME /opt/freesurfer
Loading source label.
Found 1504 points in source label.
Starting surface-based mapping
Reading source registration 
 /out/sourcedata/freesurfer/fsaverage/surf/lh.sphere.reg
Rescaling ...  original radius = 100
Reading target surface 
 /out/sourcedata/freesurfer/sub-v1s20x0050289_ses-1/surf/lh.white
Reading target registration 
 /out/sourcedata/freesurfer/sub-v1s20x0050289_ses-1/surf/lh.sphere.reg
Rescaling ...  original radius = 100
Building target registration hash (res=16).
Building source registration hash (res=16).
INFO: found  1504 nlabel points
Performing mapping from target back to the source label 125922
Number of reverse mapping hits = 6
Checking for and removing duplicates
Writing label file ./lh.BA3a_exvivo.thresh.label 1510
mri_label2label: Done


 mri_label2label --srcsubject fsaverage --srclabel /out/sourcedata/freesurfer/fsaverage/label/lh.BA3b_exvivo.thresh.label --trgsubject sub-v1s20x0050289_ses-1 --trglabel ./lh.BA3b_exvivo.thresh.label --hemi lh --regmethod surface 


srclabel = /out/sourcedata/freesurfer/fsaverage/label/lh.BA3b_exvivo.thresh.label
srcsubject = fsaverage
trgsubject = sub-v1s20x0050289_ses-1
trglabel = ./lh.BA3b_exvivo.thresh.label
regmethod = surface

srchemi = lh
trghemi = lh
trgsurface = white
srcsurfreg = sphere.reg
trgsurfreg = sphere.reg
usehash = 1
Use ProjAbs  = 0, 0
Use ProjFrac = 0, 0
DoPaint 0

SUBJECTS_DIR    /out/sourcedata/freesurfer
FREESURFER_HOME /opt/freesurfer
Loading source label.
Found 1996 points in source label.
Starting surface-based mapping
Reading source registration 
 /out/sourcedata/freesurfer/fsaverage/surf/lh.sphere.reg
Rescaling ...  original radius = 100
Reading target surface 
 /out/sourcedata/freesurfer/sub-v1s20x0050289_ses-1/surf/lh.white
Reading target registration 
 /out/sourcedata/freesurfer/sub-v1s20x0050289_ses-1/surf/lh.sphere.reg
Rescaling ...  original radius = 100
Building target registration hash (res=16).
Building source registration hash (res=16).
INFO: found  1996 nlabel points
Performing mapping from target back to the source label 125922
Number of reverse mapping hits = 44
Checking for and removing duplicates
Writing label file ./lh.BA3b_exvivo.thresh.label 2040
mri_label2label: Done


 mri_label2label --srcsubject fsaverage --srclabel /out/sourcedata/freesurfer/fsaverage/label/lh.BA4a_exvivo.thresh.label --trgsubject sub-v1s20x0050289_ses-1 --trglabel ./lh.BA4a_exvivo.thresh.label --hemi lh --regmethod surface 


srclabel = /out/sourcedata/freesurfer/fsaverage/label/lh.BA4a_exvivo.thresh.label
srcsubject = fsaverage
trgsubject = sub-v1s20x0050289_ses-1
trglabel = ./lh.BA4a_exvivo.thresh.label
regmethod = surface

srchemi = lh
trghemi = lh
trgsurface = white
srcsurfreg = sphere.reg
trgsurfreg = sphere.reg
usehash = 1
Use ProjAbs  = 0, 0
Use ProjFrac = 0, 0
DoPaint 0

SUBJECTS_DIR    /out/sourcedata/freesurfer
FREESURFER_HOME /opt/freesurfer
Loading source label.
Found 2319 points in source label.
Starting surface-based mapping
Reading source registration 
 /out/sourcedata/freesurfer/fsaverage/surf/lh.sphere.reg
Rescaling ...  original radius = 100
Reading target surface 
 /out/sourcedata/freesurfer/sub-v1s20x0050289_ses-1/surf/lh.white
Reading target registration 
 /out/sourcedata/freesurfer/sub-v1s20x0050289_ses-1/surf/lh.sphere.reg
Rescaling ...  original radius = 100
Building target registration hash (res=16).
Building source registration hash (res=16).
INFO: found  2319 nlabel points
Performing mapping from target back to the source label 125922
Number of reverse mapping hits = 73
Checking for and removing duplicates
Writing label file ./lh.BA4a_exvivo.thresh.label 2392
mri_label2label: Done


 mri_label2label --srcsubject fsaverage --srclabel /out/sourcedata/freesurfer/fsaverage/label/lh.BA4p_exvivo.thresh.label --trgsubject sub-v1s20x0050289_ses-1 --trglabel ./lh.BA4p_exvivo.thresh.label --hemi lh --regmethod surface 


srclabel = /out/sourcedata/freesurfer/fsaverage/label/lh.BA4p_exvivo.thresh.label
srcsubject = fsaverage
trgsubject = sub-v1s20x0050289_ses-1
trglabel = ./lh.BA4p_exvivo.thresh.label
regmethod = surface

srchemi = lh
trghemi = lh
trgsurface = white
srcsurfreg = sphere.reg
trgsurfreg = sphere.reg
usehash = 1
Use ProjAbs  = 0, 0
Use ProjFrac = 0, 0
DoPaint 0

SUBJECTS_DIR    /out/sourcedata/freesurfer
FREESURFER_HOME /opt/freesurfer
Loading source label.
Found 1549 points in source label.
Starting surface-based mapping
Reading source registration 
 /out/sourcedata/freesurfer/fsaverage/surf/lh.sphere.reg
Rescaling ...  original radius = 100
Reading target surface 
 /out/sourcedata/freesurfer/sub-v1s20x0050289_ses-1/surf/lh.white
Reading target registration 
 /out/sourcedata/freesurfer/sub-v1s20x0050289_ses-1/surf/lh.sphere.reg
Rescaling ...  original radius = 100
Building target registration hash (res=16).
Building source registration hash (res=16).
INFO: found  1549 nlabel points
Performing mapping from target back to the source label 125922
Number of reverse mapping hits = 13
Checking for and removing duplicates
Writing label file ./lh.BA4p_exvivo.thresh.label 1562
mri_label2label: Done


 mri_label2label --srcsubject fsaverage --srclabel /out/sourcedata/freesurfer/fsaverage/label/lh.BA6_exvivo.thresh.label --trgsubject sub-v1s20x0050289_ses-1 --trglabel ./lh.BA6_exvivo.thresh.label --hemi lh --regmethod surface 


srclabel = /out/sourcedata/freesurfer/fsaverage/label/lh.BA6_exvivo.thresh.label
srcsubject = fsaverage
trgsubject = sub-v1s20x0050289_ses-1
trglabel = ./lh.BA6_exvivo.thresh.label
regmethod = surface

srchemi = lh
trghemi = lh
trgsurface = white
srcsurfreg = sphere.reg
trgsurfreg = sphere.reg
usehash = 1
Use ProjAbs  = 0, 0
Use ProjFrac = 0, 0
DoPaint 0

SUBJECTS_DIR    /out/sourcedata/freesurfer
FREESURFER_HOME /opt/freesurfer
Loading source label.
Found 7035 points in source label.
Starting surface-based mapping
Reading source registration 
 /out/sourcedata/freesurfer/fsaverage/surf/lh.sphere.reg
Rescaling ...  original radius = 100
Reading target surface 
 /out/sourcedata/freesurfer/sub-v1s20x0050289_ses-1/surf/lh.white
Reading target registration 
 /out/sourcedata/freesurfer/sub-v1s20x0050289_ses-1/surf/lh.sphere.reg
Rescaling ...  original radius = 100
Building target registration hash (res=16).
Building source registration hash (res=16).
INFO: found  7035 nlabel points
Performing mapping from target back to the source label 125922
Number of reverse mapping hits = 451
Checking for and removing duplicates
Writing label file ./lh.BA6_exvivo.thresh.label 7486
mri_label2label: Done


 mri_label2label --srcsubject fsaverage --srclabel /out/sourcedata/freesurfer/fsaverage/label/lh.BA44_exvivo.thresh.label --trgsubject sub-v1s20x0050289_ses-1 --trglabel ./lh.BA44_exvivo.thresh.label --hemi lh --regmethod surface 


srclabel = /out/sourcedata/freesurfer/fsaverage/label/lh.BA44_exvivo.thresh.label
srcsubject = fsaverage
trgsubject = sub-v1s20x0050289_ses-1
trglabel = ./lh.BA44_exvivo.thresh.label
regmethod = surface

srchemi = lh
trghemi = lh
trgsurface = white
srcsurfreg = sphere.reg
trgsurfreg = sphere.reg
usehash = 1
Use ProjAbs  = 0, 0
Use ProjFrac = 0, 0
DoPaint 0

SUBJECTS_DIR    /out/sourcedata/freesurfer
FREESURFER_HOME /opt/freesurfer
Loading source label.
Found 1912 points in source label.
Starting surface-based mapping
Reading source registration 
 /out/sourcedata/freesurfer/fsaverage/surf/lh.sphere.reg
Rescaling ...  original radius = 100
Reading target surface 
 /out/sourcedata/freesurfer/sub-v1s20x0050289_ses-1/surf/lh.white
Reading target registration 
 /out/sourcedata/freesurfer/sub-v1s20x0050289_ses-1/surf/lh.sphere.reg
Rescaling ...  original radius = 100
Building target registration hash (res=16).
Building source registration hash (res=16).
INFO: found  1912 nlabel points
Performing mapping from target back to the source label 125922
Number of reverse mapping hits = 28
Checking for and removing duplicates
Writing label file ./lh.BA44_exvivo.thresh.label 1940
mri_label2label: Done


 mri_label2label --srcsubject fsaverage --srclabel /out/sourcedata/freesurfer/fsaverage/label/lh.BA45_exvivo.thresh.label --trgsubject sub-v1s20x0050289_ses-1 --trglabel ./lh.BA45_exvivo.thresh.label --hemi lh --regmethod surface 


srclabel = /out/sourcedata/freesurfer/fsaverage/label/lh.BA45_exvivo.thresh.label
srcsubject = fsaverage
trgsubject = sub-v1s20x0050289_ses-1
trglabel = ./lh.BA45_exvivo.thresh.label
regmethod = surface

srchemi = lh
trghemi = lh
trgsurface = white
srcsurfreg = sphere.reg
trgsurfreg = sphere.reg
usehash = 1
Use ProjAbs  = 0, 0
Use ProjFrac = 0, 0
DoPaint 0

SUBJECTS_DIR    /out/sourcedata/freesurfer
FREESURFER_HOME /opt/freesurfer
Loading source label.
Found 1151 points in source label.
Starting surface-based mapping
Reading source registration 
 /out/sourcedata/freesurfer/fsaverage/surf/lh.sphere.reg
Rescaling ...  original radius = 100
Reading target surface 
 /out/sourcedata/freesurfer/sub-v1s20x0050289_ses-1/surf/lh.white
Reading target registration 
 /out/sourcedata/freesurfer/sub-v1s20x0050289_ses-1/surf/lh.sphere.reg
Rescaling ...  original radius = 100
Building target registration hash (res=16).
Building source registration hash (res=16).
INFO: found  1151 nlabel points
Performing mapping from target back to the source label 125922
Number of reverse mapping hits = 150
Checking for and removing duplicates
Writing label file ./lh.BA45_exvivo.thresh.label 1301
mri_label2label: Done


 mri_label2label --srcsubject fsaverage --srclabel /out/sourcedata/freesurfer/fsaverage/label/lh.V1_exvivo.thresh.label --trgsubject sub-v1s20x0050289_ses-1 --trglabel ./lh.V1_exvivo.thresh.label --hemi lh --regmethod surface 


srclabel = /out/sourcedata/freesurfer/fsaverage/label/lh.V1_exvivo.thresh.label
srcsubject = fsaverage
trgsubject = sub-v1s20x0050289_ses-1
trglabel = ./lh.V1_exvivo.thresh.label
regmethod = surface

srchemi = lh
trghemi = lh
trgsurface = white
srcsurfreg = sphere.reg
trgsurfreg = sphere.reg
usehash = 1
Use ProjAbs  = 0, 0
Use ProjFrac = 0, 0
DoPaint 0

SUBJECTS_DIR    /out/sourcedata/freesurfer
FREESURFER_HOME /opt/freesurfer
Loading source label.
Found 3405 points in source label.
Starting surface-based mapping
Reading source registration 
 /out/sourcedata/freesurfer/fsaverage/surf/lh.sphere.reg
Rescaling ...  original radius = 100
Reading target surface 
 /out/sourcedata/freesurfer/sub-v1s20x0050289_ses-1/surf/lh.white
Reading target registration 
 /out/sourcedata/freesurfer/sub-v1s20x0050289_ses-1/surf/lh.sphere.reg
Rescaling ...  original radius = 100
Building target registration hash (res=16).
Building source registration hash (res=16).
INFO: found  3405 nlabel points
Performing mapping from target back to the source label 125922
Number of reverse mapping hits = 360
Checking for and removing duplicates
Writing label file ./lh.V1_exvivo.thresh.label 3765
mri_label2label: Done


 mri_label2label --srcsubject fsaverage --srclabel /out/sourcedata/freesurfer/fsaverage/label/lh.V2_exvivo.thresh.label --trgsubject sub-v1s20x0050289_ses-1 --trglabel ./lh.V2_exvivo.thresh.label --hemi lh --regmethod surface 


srclabel = /out/sourcedata/freesurfer/fsaverage/label/lh.V2_exvivo.thresh.label
srcsubject = fsaverage
trgsubject = sub-v1s20x0050289_ses-1
trglabel = ./lh.V2_exvivo.thresh.label
regmethod = surface

srchemi = lh
trghemi = lh
trgsurface = white
srcsurfreg = sphere.reg
trgsurfreg = sphere.reg
usehash = 1
Use ProjAbs  = 0, 0
Use ProjFrac = 0, 0
DoPaint 0

SUBJECTS_DIR    /out/sourcedata/freesurfer
FREESURFER_HOME /opt/freesurfer
Loading source label.
Found 3334 points in source label.
Starting surface-based mapping
Reading source registration 
 /out/sourcedata/freesurfer/fsaverage/surf/lh.sphere.reg
Rescaling ...  original radius = 100
Reading target surface 
 /out/sourcedata/freesurfer/sub-v1s20x0050289_ses-1/surf/lh.white
Reading target registration 
 /out/sourcedata/freesurfer/sub-v1s20x0050289_ses-1/surf/lh.sphere.reg
Rescaling ...  original radius = 100
Building target registration hash (res=16).
Building source registration hash (res=16).
INFO: found  3334 nlabel points
Performing mapping from target back to the source label 125922
Number of reverse mapping hits = 739
Checking for and removing duplicates
Writing label file ./lh.V2_exvivo.thresh.label 4073
mri_label2label: Done


 mri_label2label --srcsubject fsaverage --srclabel /out/sourcedata/freesurfer/fsaverage/label/lh.MT_exvivo.thresh.label --trgsubject sub-v1s20x0050289_ses-1 --trglabel ./lh.MT_exvivo.thresh.label --hemi lh --regmethod surface 


srclabel = /out/sourcedata/freesurfer/fsaverage/label/lh.MT_exvivo.thresh.label
srcsubject = fsaverage
trgsubject = sub-v1s20x0050289_ses-1
trglabel = ./lh.MT_exvivo.thresh.label
regmethod = surface

srchemi = lh
trghemi = lh
trgsurface = white
srcsurfreg = sphere.reg
trgsurfreg = sphere.reg
usehash = 1
Use ProjAbs  = 0, 0
Use ProjFrac = 0, 0
DoPaint 0

SUBJECTS_DIR    /out/sourcedata/freesurfer
FREESURFER_HOME /opt/freesurfer
Loading source label.
Found 513 points in source label.
Starting surface-based mapping
Reading source registration 
 /out/sourcedata/freesurfer/fsaverage/surf/lh.sphere.reg
Rescaling ...  original radius = 100
Reading target surface 
 /out/sourcedata/freesurfer/sub-v1s20x0050289_ses-1/surf/lh.white
Reading target registration 
 /out/sourcedata/freesurfer/sub-v1s20x0050289_ses-1/surf/lh.sphere.reg
Rescaling ...  original radius = 100
Building target registration hash (res=16).
Building source registration hash (res=16).
INFO: found  513 nlabel points
Performing mapping from target back to the source label 125922
Number of reverse mapping hits = 53
Checking for and removing duplicates
Writing label file ./lh.MT_exvivo.thresh.label 566
mri_label2label: Done


 mri_label2label --srcsubject fsaverage --srclabel /out/sourcedata/freesurfer/fsaverage/label/lh.entorhinal_exvivo.thresh.label --trgsubject sub-v1s20x0050289_ses-1 --trglabel ./lh.entorhinal_exvivo.thresh.label --hemi lh --regmethod surface 


srclabel = /out/sourcedata/freesurfer/fsaverage/label/lh.entorhinal_exvivo.thresh.label
srcsubject = fsaverage
trgsubject = sub-v1s20x0050289_ses-1
trglabel = ./lh.entorhinal_exvivo.thresh.label
regmethod = surface

srchemi = lh
trghemi = lh
trgsurface = white
srcsurfreg = sphere.reg
trgsurfreg = sphere.reg
usehash = 1
Use ProjAbs  = 0, 0
Use ProjFrac = 0, 0
DoPaint 0

SUBJECTS_DIR    /out/sourcedata/freesurfer
FREESURFER_HOME /opt/freesurfer
Loading source label.
Found 470 points in source label.
Starting surface-based mapping
Reading source registration 
 /out/sourcedata/freesurfer/fsaverage/surf/lh.sphere.reg
Rescaling ...  original radius = 100
Reading target surface 
 /out/sourcedata/freesurfer/sub-v1s20x0050289_ses-1/surf/lh.white
Reading target registration 
 /out/sourcedata/freesurfer/sub-v1s20x0050289_ses-1/surf/lh.sphere.reg
Rescaling ...  original radius = 100
Building target registration hash (res=16).
Building source registration hash (res=16).
INFO: found  470 nlabel points
Performing mapping from target back to the source label 125922
Number of reverse mapping hits = 49
Checking for and removing duplicates
Writing label file ./lh.entorhinal_exvivo.thresh.label 519
mri_label2label: Done


 mri_label2label --srcsubject fsaverage --srclabel /out/sourcedata/freesurfer/fsaverage/label/lh.perirhinal_exvivo.thresh.label --trgsubject sub-v1s20x0050289_ses-1 --trglabel ./lh.perirhinal_exvivo.thresh.label --hemi lh --regmethod surface 


srclabel = /out/sourcedata/freesurfer/fsaverage/label/lh.perirhinal_exvivo.thresh.label
srcsubject = fsaverage
trgsubject = sub-v1s20x0050289_ses-1
trglabel = ./lh.perirhinal_exvivo.thresh.label
regmethod = surface

srchemi = lh
trghemi = lh
trgsurface = white
srcsurfreg = sphere.reg
trgsurfreg = sphere.reg
usehash = 1
Use ProjAbs  = 0, 0
Use ProjFrac = 0, 0
DoPaint 0

SUBJECTS_DIR    /out/sourcedata/freesurfer
FREESURFER_HOME /opt/freesurfer
Loading source label.
Found 450 points in source label.
Starting surface-based mapping
Reading source registration 
 /out/sourcedata/freesurfer/fsaverage/surf/lh.sphere.reg
Rescaling ...  original radius = 100
Reading target surface 
 /out/sourcedata/freesurfer/sub-v1s20x0050289_ses-1/surf/lh.white
Reading target registration 
 /out/sourcedata/freesurfer/sub-v1s20x0050289_ses-1/surf/lh.sphere.reg
Rescaling ...  original radius = 100
Building target registration hash (res=16).
Building source registration hash (res=16).
INFO: found  450 nlabel points
Performing mapping from target back to the source label 125922
Number of reverse mapping hits = 3
Checking for and removing duplicates
Writing label file ./lh.perirhinal_exvivo.thresh.label 453
mri_label2label: Done


 mris_label2annot --s sub-v1s20x0050289_ses-1 --hemi lh --ctab /opt/freesurfer/average/colortable_BA.txt --l lh.BA1_exvivo.label --l lh.BA2_exvivo.label --l lh.BA3a_exvivo.label --l lh.BA3b_exvivo.label --l lh.BA4a_exvivo.label --l lh.BA4p_exvivo.label --l lh.BA6_exvivo.label --l lh.BA44_exvivo.label --l lh.BA45_exvivo.label --l lh.V1_exvivo.label --l lh.V2_exvivo.label --l lh.MT_exvivo.label --l lh.perirhinal_exvivo.label --l lh.entorhinal_exvivo.label --a BA_exvivo --maxstatwinner --noverbose 

Reading ctab /opt/freesurfer/average/colortable_BA.txt
Number of ctab entries 15

7.3.2
cwd /out/sourcedata/freesurfer/sub-v1s20x0050289_ses-1/label
cmdline mris_label2annot --s sub-v1s20x0050289_ses-1 --hemi lh --ctab /opt/freesurfer/average/colortable_BA.txt --l lh.BA1_exvivo.label --l lh.BA2_exvivo.label --l lh.BA3a_exvivo.label --l lh.BA3b_exvivo.label --l lh.BA4a_exvivo.label --l lh.BA4p_exvivo.label --l lh.BA6_exvivo.label --l lh.BA44_exvivo.label --l lh.BA45_exvivo.label --l lh.V1_exvivo.label --l lh.V2_exvivo.label --l lh.MT_exvivo.label --l lh.perirhinal_exvivo.label --l lh.entorhinal_exvivo.label --a BA_exvivo --maxstatwinner --noverbose 
sysname  Linux
hostname dna003
machine  x86_64
user     oesteban

subject sub-v1s20x0050289_ses-1
hemi    lh
SUBJECTS_DIR /out/sourcedata/freesurfer
ColorTable /opt/freesurfer/average/colortable_BA.txt
AnnotName  BA_exvivo
nlables 14
LabelThresh 0 0.000000
Loading /out/sourcedata/freesurfer/sub-v1s20x0050289_ses-1/surf/lh.orig
 1 1530880 BA1_exvivo
 2 16749699 BA2_exvivo
 3 16711680 BA3a_exvivo
 4 3368703 BA3b_exvivo
 5 1376196 BA4a_exvivo
 6 13382655 BA4p_exvivo
 7 10036737 BA6_exvivo
 8 2490521 BA44_exvivo
 9 39283 BA45_exvivo
10 3993 V1_exvivo
11 8508928 V2_exvivo
12 10027163 MT_exvivo
13 16422433 perirhinal_exvivo
14 16392598 entorhinal_exvivo
Mapping unhit to unknown
Found 86305 unhit vertices
Writing annot to /out/sourcedata/freesurfer/sub-v1s20x0050289_ses-1/label/lh.BA_exvivo.annot

 mris_label2annot --s sub-v1s20x0050289_ses-1 --hemi lh --ctab /opt/freesurfer/average/colortable_BA.txt --l lh.BA1_exvivo.thresh.label --l lh.BA2_exvivo.thresh.label --l lh.BA3a_exvivo.thresh.label --l lh.BA3b_exvivo.thresh.label --l lh.BA4a_exvivo.thresh.label --l lh.BA4p_exvivo.thresh.label --l lh.BA6_exvivo.thresh.label --l lh.BA44_exvivo.thresh.label --l lh.BA45_exvivo.thresh.label --l lh.V1_exvivo.thresh.label --l lh.V2_exvivo.thresh.label --l lh.MT_exvivo.thresh.label --l lh.perirhinal_exvivo.thresh.label --l lh.entorhinal_exvivo.thresh.label --a BA_exvivo.thresh --maxstatwinner --noverbose 

Reading ctab /opt/freesurfer/average/colortable_BA.txt
Number of ctab entries 15

7.3.2
cwd /out/sourcedata/freesurfer/sub-v1s20x0050289_ses-1/label
cmdline mris_label2annot --s sub-v1s20x0050289_ses-1 --hemi lh --ctab /opt/freesurfer/average/colortable_BA.txt --l lh.BA1_exvivo.thresh.label --l lh.BA2_exvivo.thresh.label --l lh.BA3a_exvivo.thresh.label --l lh.BA3b_exvivo.thresh.label --l lh.BA4a_exvivo.thresh.label --l lh.BA4p_exvivo.thresh.label --l lh.BA6_exvivo.thresh.label --l lh.BA44_exvivo.thresh.label --l lh.BA45_exvivo.thresh.label --l lh.V1_exvivo.thresh.label --l lh.V2_exvivo.thresh.label --l lh.MT_exvivo.thresh.label --l lh.perirhinal_exvivo.thresh.label --l lh.entorhinal_exvivo.thresh.label --a BA_exvivo.thresh --maxstatwinner --noverbose 
sysname  Linux
hostname dna003
machine  x86_64
user     oesteban

subject sub-v1s20x0050289_ses-1
hemi    lh
SUBJECTS_DIR /out/sourcedata/freesurfer
ColorTable /opt/freesurfer/average/colortable_BA.txt
AnnotName  BA_exvivo.thresh
nlables 14
LabelThresh 0 0.000000
Loading /out/sourcedata/freesurfer/sub-v1s20x0050289_ses-1/surf/lh.orig
 1 1530880 BA1_exvivo
 2 16749699 BA2_exvivo
 3 16711680 BA3a_exvivo
 4 3368703 BA3b_exvivo
 5 1376196 BA4a_exvivo
 6 13382655 BA4p_exvivo
 7 10036737 BA6_exvivo
 8 2490521 BA44_exvivo
 9 39283 BA45_exvivo
10 3993 V1_exvivo
11 8508928 V2_exvivo
12 10027163 MT_exvivo
13 16422433 perirhinal_exvivo
14 16392598 entorhinal_exvivo
Mapping unhit to unknown
Found 102704 unhit vertices
Writing annot to /out/sourcedata/freesurfer/sub-v1s20x0050289_ses-1/label/lh.BA_exvivo.thresh.annot

 mris_anatomical_stats -th3 -mgz -noglobal -f ../stats/lh.BA_exvivo.stats -b -a ./lh.BA_exvivo.annot -c ./BA_exvivo.ctab sub-v1s20x0050289_ses-1 lh white 

computing statistics for each annotation in ./lh.BA_exvivo.annot.
reading volume /out/sourcedata/freesurfer/sub-v1s20x0050289_ses-1/mri/wm.mgz...
reading input surface /out/sourcedata/freesurfer/sub-v1s20x0050289_ses-1/surf/lh.white...
reading input pial surface /out/sourcedata/freesurfer/sub-v1s20x0050289_ses-1/surf/lh.pial...
reading input white surface /out/sourcedata/freesurfer/sub-v1s20x0050289_ses-1/surf/lh.white...
INFO: using TH3 volume calc
INFO: assuming MGZ format for volumes.
INFO: not computing global stats
Using TH3 vertex volume calc
Total face volume 229075
Total vertex volume 228817 (mask=0)
Saving annotation colortable ./BA_exvivo.ctab

table columns are:
    number of vertices
    total surface area (mm^2)
    total gray matter volume (mm^3)
    average cortical thickness +- standard deviation (mm)
    integrated rectified mean curvature
    integrated rectified Gaussian curvature
    folding index
    intrinsic curvature index
    structure name

 1209    748   2301  2.326 0.659     0.134     0.033       17     1.7  BA1_exvivo
 4153   2793   6122  2.183 0.585     0.115     0.022       37     4.1  BA2_exvivo
 1023    645    789  1.630 0.393     0.125     0.031        9     1.2  BA3a_exvivo
 2363   1582   3167  1.747 0.619     0.105     0.020       19     2.2  BA3b_exvivo
 1694   1008   2949  2.473 0.680     0.099     0.022       11     1.6  BA4a_exvivo
 1234    785   1701  2.288 0.477     0.090     0.015        7     0.8  BA4p_exvivo
10315   6661  20942  2.778 0.649     0.109     0.022       92     9.0  BA6_exvivo
 1897   1382   4148  2.669 0.549     0.113     0.021       22     1.5  BA44_exvivo
 2814   2265   7581  2.633 0.715     0.138     0.035       43     4.3  BA45_exvivo
 2922   1960   3019  1.532 0.448     0.130     0.035       34     4.1  V1_exvivo
 7123   4889   9866  1.834 0.623     0.139     0.036       99    10.3  V2_exvivo
 1800   1274   2979  2.182 0.605     0.131     0.036       25     2.3  MT_exvivo
  492    339    981  2.321 0.794     0.088     0.025        3     0.3  perirhinal_exvivo
  578    375   1207  2.174 1.179     0.146     0.065       11     2.0  entorhinal_exvivo

 mris_anatomical_stats -th3 -mgz -f ../stats/lh.BA_exvivo.thresh.stats -noglobal -b -a ./lh.BA_exvivo.thresh.annot -c ./BA_exvivo.thresh.ctab sub-v1s20x0050289_ses-1 lh white 

computing statistics for each annotation in ./lh.BA_exvivo.thresh.annot.
reading volume /out/sourcedata/freesurfer/sub-v1s20x0050289_ses-1/mri/wm.mgz...
reading input surface /out/sourcedata/freesurfer/sub-v1s20x0050289_ses-1/surf/lh.white...
reading input pial surface /out/sourcedata/freesurfer/sub-v1s20x0050289_ses-1/surf/lh.pial...
reading input white surface /out/sourcedata/freesurfer/sub-v1s20x0050289_ses-1/surf/lh.white...
INFO: using TH3 volume calc
INFO: assuming MGZ format for volumes.
INFO: not computing global stats
Using TH3 vertex volume calc
Total face volume 229075
Total vertex volume 228817 (mask=0)
Saving annotation colortable ./BA_exvivo.thresh.ctab

table columns are:
    number of vertices
    total surface area (mm^2)
    total gray matter volume (mm^3)
    average cortical thickness +- standard deviation (mm)
    integrated rectified mean curvature
    integrated rectified Gaussian curvature
    folding index
    intrinsic curvature index
    structure name

  789    474   1308  2.165 0.591     0.152     0.041       14     1.4  BA1_exvivo
 1700   1093   2576  2.163 0.643     0.103     0.018       13     1.3  BA2_exvivo
  831    520    604  1.580 0.338     0.132     0.035        8     1.0  BA3a_exvivo
 1440    943   1441  1.467 0.393     0.093     0.014        9     1.0  BA3b_exvivo
 1628    994   2729  2.466 0.594     0.091     0.017        8     1.4  BA4a_exvivo
 1032    661   1341  2.196 0.465     0.093     0.015        6     0.7  BA4p_exvivo
 5742   3475  10739  2.690 0.699     0.104     0.022       49     4.9  BA6_exvivo
 1220    893   2754  2.706 0.545     0.115     0.022       16     0.9  BA44_exvivo
 1158    948   3348  2.772 0.673     0.146     0.042       21     2.3  BA45_exvivo
 3061   2072   3246  1.541 0.454     0.129     0.035       35     4.2  V1_exvivo
 3596   2444   4295  1.678 0.534     0.142     0.038       54     5.5  V2_exvivo
  466    321    783  2.239 0.590     0.128     0.034        5     0.6  MT_exvivo
  206    134    418  2.491 0.749     0.055     0.015        0     0.1  perirhinal_exvivo
  349    228    749  2.294 0.810     0.131     0.060        6     1.0  entorhinal_exvivo

Started at Thu Mar 12 17:37:23 CET 2026 
Ended   at Thu Mar 12 17:40:10 CET 2026
#@#%# recon-all-run-time-hours 0.046
recon-all -s sub-v1s20x0050289_ses-1 finished without error at Thu Mar 12 17:40:10 CET 2026
