
Thu Mar 12 15:23:09 CET 2026
cd /out/sourcedata/freesurfer/sub-v1s20x0050296_ses-1
setenv SUBJECTS_DIR /out/sourcedata/freesurfer
/opt/freesurfer/bin/recon-all -autorecon1 -i /work/fmriprep_25_2_wf/sub_v1s20x0050296_ses_1_wf/anat_fit_wf/anat_validate/sub-v1s20x0050296_ses-1_T1w_noise_corrected_ras_valid.nii.gz -noskullstrip -noT2pial -noFLAIRpial -cw256 -openmp 16 -subjid sub-v1s20x0050296_ses-1 -sd /out/sourcedata/freesurfer

subjid sub-v1s20x0050296_ses-1
setenv SUBJECTS_DIR /out/sourcedata/freesurfer
FREESURFER_HOME /opt/freesurfer
Actual FREESURFER_HOME /opt/freesurfer
build-stamp.txt: freesurfer-linux-ubuntu22_x86_64-7.3.2-20220804-6354275
Linux dna017 5.14.0-427.37.1.el9_4.x86_64 #1 SMP PREEMPT_DYNAMIC Fri Sep 13 12:41:50 EDT 2024 x86_64 x86_64 x86_64 GNU/Linux
cputime      unlimited
filesize     unlimited
datasize     unlimited
stacksize    8192 kbytes
coredumpsize 0 kbytes
memoryuse    67108864 kbytes
vmemoryuse   unlimited
descriptors  1024 
memorylocked unlimited
maxproc      2061970 
maxlocks     unlimited
maxsignal    2061970 
maxmessage   819200 
maxnice      0 
maxrtprio    0 
maxrttime    unlimited

               total        used        free      shared  buff/cache   available
Mem:           503Gi        50Gi       407Gi        13Gi        45Gi       436Gi
Swap:             0B          0B          0B

########################################
program versions used
7.3.2 (freesurfer-linux-ubuntu22_x86_64-7.3.2-20220804-6354275)
7.3.2

ProgramName: lta_convert  ProgramArguments: lta_convert -all-info  ProgramVersion: 7.3.2  TimeStamp: 2026/03/12-14:23:09-GMT  BuildTime: Aug  4 2022 06:17:15  BuildStamp: freesurfer-linux-ubuntu22_x86_64-7.3.2-20220804-6354275  User: oesteban  Machine: dna017  Platform: Linux  PlatformVersion: 5.14.0-427.37.1.el9_4.x86_64  CompilerName: GCC  CompilerVersion: 8.4.0
ProgramName: mri_and  ProgramArguments: mri_and -all-info  ProgramVersion: 7.3.2  TimeStamp: 2026/03/12-14:23:09-GMT  BuildTime: Aug  4 2022 06:17:15  BuildStamp: freesurfer-linux-ubuntu22_x86_64-7.3.2-20220804-6354275  User: oesteban  Machine: dna017  Platform: Linux  PlatformVersion: 5.14.0-427.37.1.el9_4.x86_64  CompilerName: GCC  CompilerVersion: 8.4.0
ProgramName: mri_annotation2label  ProgramArguments: mri_annotation2label -all-info  ProgramVersion: 7.3.2  TimeStamp: 2026/03/12-14:23:09-GMT  BuildTime: Aug  4 2022 06:17:15  BuildStamp: freesurfer-linux-ubuntu22_x86_64-7.3.2-20220804-6354275  User: oesteban  Machine: dna017  Platform: Linux  PlatformVersion: 5.14.0-427.37.1.el9_4.x86_64  CompilerName: GCC  CompilerVersion: 8.4.0
ProgramName: mri_aparc2aseg  ProgramArguments: mri_aparc2aseg -all-info  ProgramVersion: 7.3.2  TimeStamp: 2026/03/12-14:23:09-GMT  BuildTime: Aug  4 2022 06:17:15  BuildStamp: freesurfer-linux-ubuntu22_x86_64-7.3.2-20220804-6354275  User: oesteban  Machine: dna017  Platform: Linux  PlatformVersion: 5.14.0-427.37.1.el9_4.x86_64  CompilerName: GCC  CompilerVersion: 8.4.0
ProgramName: mri_surf2volseg  ProgramArguments: mri_surf2volseg -all-info  ProgramVersion: 7.3.2  TimeStamp: 2026/03/12-14:23:09-GMT  BuildTime: Aug  4 2022 06:17:15  BuildStamp: freesurfer-linux-ubuntu22_x86_64-7.3.2-20220804-6354275  User: oesteban  Machine: dna017  Platform: Linux  PlatformVersion: 5.14.0-427.37.1.el9_4.x86_64  CompilerName: GCC  CompilerVersion: 8.4.0
ProgramName: mri_binarize  ProgramArguments: mri_binarize -all-info  ProgramVersion: 7.3.2  TimeStamp: 2026/03/12-14:23:09-GMT  BuildTime: Aug  4 2022 06:17:15  BuildStamp: freesurfer-linux-ubuntu22_x86_64-7.3.2-20220804-6354275  User: oesteban  Machine: dna017  Platform: Linux  PlatformVersion: 5.14.0-427.37.1.el9_4.x86_64  CompilerName: GCC  CompilerVersion: 8.4.0
ProgramName: mri_ca_label  ProgramArguments: mri_ca_label -all-info  ProgramVersion: 7.3.2  TimeStamp: 2026/03/12-14:23:09-GMT  BuildTime: Aug  4 2022 06:17:15  BuildStamp: freesurfer-linux-ubuntu22_x86_64-7.3.2-20220804-6354275  User: oesteban  Machine: dna017  Platform: Linux  PlatformVersion: 5.14.0-427.37.1.el9_4.x86_64  CompilerName: GCC  CompilerVersion: 8.4.0
ProgramName: mri_ca_normalize  ProgramArguments: mri_ca_normalize -all-info  ProgramVersion: 7.3.2  TimeStamp: 2026/03/12-14:23:09-GMT  BuildTime: Aug  4 2022 06:17:15  BuildStamp: freesurfer-linux-ubuntu22_x86_64-7.3.2-20220804-6354275  User: oesteban  Machine: dna017  Platform: Linux  PlatformVersion: 5.14.0-427.37.1.el9_4.x86_64  CompilerName: GCC  CompilerVersion: 8.4.0
ProgramName: mri_ca_register  ProgramArguments: mri_ca_register -all-info  ProgramVersion: 7.3.2  TimeStamp: 2026/03/12-14:23:09-GMT  BuildTime: Aug  4 2022 06:17:15  BuildStamp: freesurfer-linux-ubuntu22_x86_64-7.3.2-20220804-6354275  User: oesteban  Machine: dna017  Platform: Linux  PlatformVersion: 5.14.0-427.37.1.el9_4.x86_64  CompilerName: GCC  CompilerVersion: 8.4.0
ProgramName: mri_cc  ProgramArguments: mri_cc -all-info  ProgramVersion: 7.3.2  TimeStamp: 2026/03/12-14:23:09-GMT  BuildTime: Aug  4 2022 06:17:15  BuildStamp: freesurfer-linux-ubuntu22_x86_64-7.3.2-20220804-6354275  User: oesteban  Machine: dna017  Platform: Linux  PlatformVersion: 5.14.0-427.37.1.el9_4.x86_64  CompilerName: GCC  CompilerVersion: 8.4.0
ProgramName: mri_compute_overlap  ProgramArguments: mri_compute_overlap -all-info  ProgramVersion: 7.3.2  TimeStamp: 2026/03/12-14:23:09-GMT  BuildTime: Aug  4 2022 06:17:15  BuildStamp: freesurfer-linux-ubuntu22_x86_64-7.3.2-20220804-6354275  User: oesteban  Machine: dna017  Platform: Linux  PlatformVersion: 5.14.0-427.37.1.el9_4.x86_64  CompilerName: GCC  CompilerVersion: 8.4.0
ProgramName: mri_compute_seg_overlap  ProgramArguments: mri_compute_seg_overlap -all-info  ProgramVersion: 7.3.2  TimeStamp: 2026/03/12-14:23:09-GMT  BuildTime: Aug  4 2022 06:17:15  BuildStamp: freesurfer-linux-ubuntu22_x86_64-7.3.2-20220804-6354275  User: oesteban  Machine: dna017  Platform: Linux  PlatformVersion: 5.14.0-427.37.1.el9_4.x86_64  CompilerName: GCC  CompilerVersion: 8.4.0
ProgramName: mri_concat  ProgramArguments: mri_concat -all-info  ProgramVersion: 7.3.2  TimeStamp: 2026/03/12-14:23:09-GMT  BuildTime: Aug  4 2022 06:17:15  BuildStamp: freesurfer-linux-ubuntu22_x86_64-7.3.2-20220804-6354275  User: oesteban  Machine: dna017  Platform: Linux  PlatformVersion: 5.14.0-427.37.1.el9_4.x86_64  CompilerName: GCC  CompilerVersion: 8.4.0
ProgramName: mri_concatenate_lta  ProgramArguments: mri_concatenate_lta -all-info  ProgramVersion: 7.3.2  TimeStamp: 2026/03/12-14:23:09-GMT  BuildTime: Aug  4 2022 06:17:15  BuildStamp: freesurfer-linux-ubuntu22_x86_64-7.3.2-20220804-6354275  User: oesteban  Machine: dna017  Platform: Linux  PlatformVersion: 5.14.0-427.37.1.el9_4.x86_64  CompilerName: GCC  CompilerVersion: 8.4.0
mri_convert -all-info 
ProgramName: mri_convert  ProgramArguments: mri_convert -all-info  ProgramVersion: 7.3.2  TimeStamp: 2026/03/12-14:23:09-GMT  BuildTime: Aug  4 2022 06:17:15  BuildStamp: freesurfer-linux-ubuntu22_x86_64-7.3.2-20220804-6354275  User: oesteban  Machine: dna017  Platform: Linux  PlatformVersion: 5.14.0-427.37.1.el9_4.x86_64  CompilerName: GCC  CompilerVersion: 8.4.0
ProgramName: mri_diff  ProgramArguments: mri_diff -all-info  ProgramVersion: 7.3.2  TimeStamp: 2026/03/12-14:23:09-GMT  BuildTime: Aug  4 2022 06:17:15  BuildStamp: freesurfer-linux-ubuntu22_x86_64-7.3.2-20220804-6354275  User: oesteban  Machine: dna017  Platform: Linux  PlatformVersion: 5.14.0-427.37.1.el9_4.x86_64  CompilerName: GCC  CompilerVersion: 8.4.0
ProgramName: mri_edit_wm_with_aseg  ProgramArguments: mri_edit_wm_with_aseg -all-info  ProgramVersion: 7.3.2  TimeStamp: 2026/03/12-14:23:09-GMT  BuildTime: Aug  4 2022 06:17:15  BuildStamp: freesurfer-linux-ubuntu22_x86_64-7.3.2-20220804-6354275  User: oesteban  Machine: dna017  Platform: Linux  PlatformVersion: 5.14.0-427.37.1.el9_4.x86_64  CompilerName: GCC  CompilerVersion: 8.4.0
ProgramName: mri_em_register  ProgramArguments: mri_em_register -all-info  ProgramVersion: 7.3.2  TimeStamp: 2026/03/12-14:23:09-GMT  BuildTime: Aug  4 2022 06:17:15  BuildStamp: freesurfer-linux-ubuntu22_x86_64-7.3.2-20220804-6354275  User: oesteban  Machine: dna017  Platform: Linux  PlatformVersion: 5.14.0-427.37.1.el9_4.x86_64  CompilerName: GCC  CompilerVersion: 8.4.0
ProgramName: mri_fill  ProgramArguments: mri_fill -all-info  ProgramVersion: 7.3.2  TimeStamp: 2026/03/12-14:23:09-GMT  BuildTime: Aug  4 2022 06:17:15  BuildStamp: freesurfer-linux-ubuntu22_x86_64-7.3.2-20220804-6354275  User: oesteban  Machine: dna017  Platform: Linux  PlatformVersion: 5.14.0-427.37.1.el9_4.x86_64  CompilerName: GCC  CompilerVersion: 8.4.0
ProgramName: mri_fuse_segmentations  ProgramArguments: mri_fuse_segmentations -all-info  ProgramVersion: 7.3.2  TimeStamp: 2026/03/12-14:23:09-GMT  BuildTime: Aug  4 2022 06:17:15  BuildStamp: freesurfer-linux-ubuntu22_x86_64-7.3.2-20220804-6354275  User: oesteban  Machine: dna017  Platform: Linux  PlatformVersion: 5.14.0-427.37.1.el9_4.x86_64  CompilerName: GCC  CompilerVersion: 8.4.0
ProgramName: mri_fwhm  ProgramArguments: mri_fwhm -all-info  ProgramVersion: 7.3.2  TimeStamp: 2026/03/12-14:23:09-GMT  BuildTime: Aug  4 2022 06:17:15  BuildStamp: freesurfer-linux-ubuntu22_x86_64-7.3.2-20220804-6354275  User: oesteban  Machine: dna017  Platform: Linux  PlatformVersion: 5.14.0-427.37.1.el9_4.x86_64  CompilerName: GCC  CompilerVersion: 8.4.0
ProgramName: mri_gcut  ProgramArguments: mri_gcut -all-info  ProgramVersion: 7.3.2  TimeStamp: 2026/03/12-14:23:09-GMT  BuildTime: Aug  4 2022 06:17:15  BuildStamp: freesurfer-linux-ubuntu22_x86_64-7.3.2-20220804-6354275  User: oesteban  Machine: dna017  Platform: Linux  PlatformVersion: 5.14.0-427.37.1.el9_4.x86_64  CompilerName: GCC  CompilerVersion: 8.4.0
ProgramName: mri_info  ProgramArguments: mri_info -all-info  ProgramVersion: 7.3.2  TimeStamp: 2026/03/12-14:23:09-GMT  BuildTime: Aug  4 2022 06:17:15  BuildStamp: freesurfer-linux-ubuntu22_x86_64-7.3.2-20220804-6354275  User: oesteban  Machine: dna017  Platform: Linux  PlatformVersion: 5.14.0-427.37.1.el9_4.x86_64  CompilerName: GCC  CompilerVersion: 8.4.0
ProgramName: mri_label2label  ProgramArguments: mri_label2label -all-info  ProgramVersion: 7.3.2  TimeStamp: 2026/03/12-14:23:09-GMT  BuildTime: Aug  4 2022 06:17:15  BuildStamp: freesurfer-linux-ubuntu22_x86_64-7.3.2-20220804-6354275  User: oesteban  Machine: dna017  Platform: Linux  PlatformVersion: 5.14.0-427.37.1.el9_4.x86_64  CompilerName: GCC  CompilerVersion: 8.4.0
ProgramName: mri_label2vol  ProgramArguments: mri_label2vol -all-info  ProgramVersion: 7.3.2  TimeStamp: 2026/03/12-14:23:09-GMT  BuildTime: Aug  4 2022 06:17:15  BuildStamp: freesurfer-linux-ubuntu22_x86_64-7.3.2-20220804-6354275  User: oesteban  Machine: dna017  Platform: Linux  PlatformVersion: 5.14.0-427.37.1.el9_4.x86_64  CompilerName: GCC  CompilerVersion: 8.4.0
ProgramName: mri_log_likelihood  ProgramArguments: mri_log_likelihood -all-info  ProgramVersion: 7.3.2  TimeStamp: 2026/03/12-14:23:09-GMT  BuildTime: Aug  4 2022 06:17:15  BuildStamp: freesurfer-linux-ubuntu22_x86_64-7.3.2-20220804-6354275  User: oesteban  Machine: dna017  Platform: Linux  PlatformVersion: 5.14.0-427.37.1.el9_4.x86_64  CompilerName: GCC  CompilerVersion: 8.4.0
ProgramName: mri_mask  ProgramArguments: mri_mask -all-info  ProgramVersion: 7.3.2  TimeStamp: 2026/03/12-14:23:09-GMT  BuildTime: Aug  4 2022 06:17:15  BuildStamp: freesurfer-linux-ubuntu22_x86_64-7.3.2-20220804-6354275  User: oesteban  Machine: dna017  Platform: Linux  PlatformVersion: 5.14.0-427.37.1.el9_4.x86_64  CompilerName: GCC  CompilerVersion: 8.4.0
ProgramName: mri_matrix_multiply  ProgramArguments: mri_matrix_multiply -all-info  ProgramVersion: 7.3.2  TimeStamp: 2026/03/12-14:23:09-GMT  BuildTime: Aug  4 2022 06:17:15  BuildStamp: freesurfer-linux-ubuntu22_x86_64-7.3.2-20220804-6354275  User: oesteban  Machine: dna017  Platform: Linux  PlatformVersion: 5.14.0-427.37.1.el9_4.x86_64  CompilerName: GCC  CompilerVersion: 8.4.0
ProgramName: mri_normalize  ProgramArguments: mri_normalize -all-info  ProgramVersion: 7.3.2  TimeStamp: 2026/03/12-14:23:09-GMT  BuildTime: Aug  4 2022 06:17:15  BuildStamp: freesurfer-linux-ubuntu22_x86_64-7.3.2-20220804-6354275  User: oesteban  Machine: dna017  Platform: Linux  PlatformVersion: 5.14.0-427.37.1.el9_4.x86_64  CompilerName: GCC  CompilerVersion: 8.4.0
ProgramName: mri_normalize_tp2  ProgramArguments: mri_normalize_tp2 -all-info  ProgramVersion: 7.3.2  TimeStamp: 2026/03/12-14:23:09-GMT  BuildTime: Aug  4 2022 06:17:15  BuildStamp: freesurfer-linux-ubuntu22_x86_64-7.3.2-20220804-6354275  User: oesteban  Machine: dna017  Platform: Linux  PlatformVersion: 5.14.0-427.37.1.el9_4.x86_64  CompilerName: GCC  CompilerVersion: 8.4.0
ProgramName: mri_or  ProgramArguments: mri_or -all-info  ProgramVersion: 7.3.2  TimeStamp: 2026/03/12-14:23:09-GMT  BuildTime: Aug  4 2022 06:17:15  BuildStamp: freesurfer-linux-ubuntu22_x86_64-7.3.2-20220804-6354275  User: oesteban  Machine: dna017  Platform: Linux  PlatformVersion: 5.14.0-427.37.1.el9_4.x86_64  CompilerName: GCC  CompilerVersion: 8.4.0
ProgramName: mri_relabel_hypointensities  ProgramArguments: mri_relabel_hypointensities -all-info  ProgramVersion: 7.3.2  TimeStamp: 2026/03/12-14:23:09-GMT  BuildTime: Aug  4 2022 06:17:15  BuildStamp: freesurfer-linux-ubuntu22_x86_64-7.3.2-20220804-6354275  User: oesteban  Machine: dna017  Platform: Linux  PlatformVersion: 5.14.0-427.37.1.el9_4.x86_64  CompilerName: GCC  CompilerVersion: 8.4.0
ProgramName: mri_relabel_nonwm_hypos  ProgramArguments: mri_relabel_nonwm_hypos -all-info  ProgramVersion: 7.3.2  TimeStamp: 2026/03/12-14:23:09-GMT  BuildTime: Aug  4 2022 06:17:15  BuildStamp: freesurfer-linux-ubuntu22_x86_64-7.3.2-20220804-6354275  User: oesteban  Machine: dna017  Platform: Linux  PlatformVersion: 5.14.0-427.37.1.el9_4.x86_64  CompilerName: GCC  CompilerVersion: 8.4.0
ProgramName: mri_remove_neck  ProgramArguments: mri_remove_neck -all-info  ProgramVersion: 7.3.2  TimeStamp: 2026/03/12-14:23:09-GMT  BuildTime: Aug  4 2022 06:17:15  BuildStamp: freesurfer-linux-ubuntu22_x86_64-7.3.2-20220804-6354275  User: oesteban  Machine: dna017  Platform: Linux  PlatformVersion: 5.14.0-427.37.1.el9_4.x86_64  CompilerName: GCC  CompilerVersion: 8.4.0
7.3.2

ProgramName: mri_robust_register  ProgramArguments: mri_robust_register -all-info  ProgramVersion: 7.3.2  TimeStamp: 2026/03/12-14:23:09-GMT  BuildTime: Aug  4 2022 06:17:15  BuildStamp: freesurfer-linux-ubuntu22_x86_64-7.3.2-20220804-6354275  User: oesteban  Machine: dna017  Platform: Linux  PlatformVersion: 5.14.0-427.37.1.el9_4.x86_64  CompilerName: GCC  CompilerVersion: 8.4.0
7.3.2

ProgramName: mri_robust_template  ProgramArguments: mri_robust_template -all-info  ProgramVersion: 7.3.2  TimeStamp: 2026/03/12-14:23:09-GMT  BuildTime: Aug  4 2022 06:17:15  BuildStamp: freesurfer-linux-ubuntu22_x86_64-7.3.2-20220804-6354275  User: oesteban  Machine: dna017  Platform: Linux  PlatformVersion: 5.14.0-427.37.1.el9_4.x86_64  CompilerName: GCC  CompilerVersion: 8.4.0
ProgramName: mris_anatomical_stats  ProgramArguments: mris_anatomical_stats -all-info  ProgramVersion: 7.3.2  TimeStamp: 2026/03/12-14:23:09-GMT  BuildTime: Aug  4 2022 06:17:15  BuildStamp: freesurfer-linux-ubuntu22_x86_64-7.3.2-20220804-6354275  User: oesteban  Machine: dna017  Platform: Linux  PlatformVersion: 5.14.0-427.37.1.el9_4.x86_64  CompilerName: GCC  CompilerVersion: 8.4.0
ProgramName: mris_ca_label  ProgramArguments: mris_ca_label -all-info  ProgramVersion: 7.3.2  TimeStamp: 2026/03/12-14:23:09-GMT  BuildTime: Aug  4 2022 06:17:15  BuildStamp: freesurfer-linux-ubuntu22_x86_64-7.3.2-20220804-6354275  User: oesteban  Machine: dna017  Platform: Linux  PlatformVersion: 5.14.0-427.37.1.el9_4.x86_64  CompilerName: GCC  CompilerVersion: 8.4.0
ProgramName: mris_calc  ProgramArguments: mris_calc -all-info  ProgramVersion: 7.3.2  TimeStamp: 2026/03/12-14:23:09-GMT  BuildTime: Aug  4 2022 06:17:15  BuildStamp: freesurfer-linux-ubuntu22_x86_64-7.3.2-20220804-6354275  User: oesteban  Machine: dna017  Platform: Linux  PlatformVersion: 5.14.0-427.37.1.el9_4.x86_64  CompilerName: GCC  CompilerVersion: 8.4.0
ProgramName: mris_convert  ProgramArguments: mris_convert -all-info  ProgramVersion: 7.3.2  TimeStamp: 2026/03/12-14:23:09-GMT  BuildTime: Aug  4 2022 06:17:15  BuildStamp: freesurfer-linux-ubuntu22_x86_64-7.3.2-20220804-6354275  User: oesteban  Machine: dna017  Platform: Linux  PlatformVersion: 5.14.0-427.37.1.el9_4.x86_64  CompilerName: GCC  CompilerVersion: 8.4.0
ProgramName: mris_curvature  ProgramArguments: mris_curvature -all-info  ProgramVersion: 7.3.2  TimeStamp: 2026/03/12-14:23:09-GMT  BuildTime: Aug  4 2022 06:17:15  BuildStamp: freesurfer-linux-ubuntu22_x86_64-7.3.2-20220804-6354275  User: oesteban  Machine: dna017  Platform: Linux  PlatformVersion: 5.14.0-427.37.1.el9_4.x86_64  CompilerName: GCC  CompilerVersion: 8.4.0
ProgramName: mris_curvature_stats  ProgramArguments: mris_curvature_stats -all-info  ProgramVersion: 7.3.2  TimeStamp: 2026/03/12-14:23:09-GMT  BuildTime: Aug  4 2022 06:17:15  BuildStamp: freesurfer-linux-ubuntu22_x86_64-7.3.2-20220804-6354275  User: oesteban  Machine: dna017  Platform: Linux  PlatformVersion: 5.14.0-427.37.1.el9_4.x86_64  CompilerName: GCC  CompilerVersion: 8.4.0
ProgramName: mris_diff  ProgramArguments: mris_diff -all-info  ProgramVersion: 7.3.2  TimeStamp: 2026/03/12-14:23:09-GMT  BuildTime: Aug  4 2022 06:17:15  BuildStamp: freesurfer-linux-ubuntu22_x86_64-7.3.2-20220804-6354275  User: oesteban  Machine: dna017  Platform: Linux  PlatformVersion: 5.14.0-427.37.1.el9_4.x86_64  CompilerName: GCC  CompilerVersion: 8.4.0
ProgramName: mris_divide_parcellation  ProgramArguments: mris_divide_parcellation -all-info  ProgramVersion: 7.3.2  TimeStamp: 2026/03/12-14:23:09-GMT  BuildTime: Aug  4 2022 06:17:15  BuildStamp: freesurfer-linux-ubuntu22_x86_64-7.3.2-20220804-6354275  User: oesteban  Machine: dna017  Platform: Linux  PlatformVersion: 5.14.0-427.37.1.el9_4.x86_64  CompilerName: GCC  CompilerVersion: 8.4.0
ProgramName: mri_segment  ProgramArguments: mri_segment -all-info  ProgramVersion: 7.3.2  TimeStamp: 2026/03/12-14:23:09-GMT  BuildTime: Aug  4 2022 06:17:15  BuildStamp: freesurfer-linux-ubuntu22_x86_64-7.3.2-20220804-6354275  User: oesteban  Machine: dna017  Platform: Linux  PlatformVersion: 5.14.0-427.37.1.el9_4.x86_64  CompilerName: GCC  CompilerVersion: 8.4.0
ProgramName: mri_segstats  ProgramArguments: mri_segstats -all-info  ProgramVersion: 7.3.2  TimeStamp: 2026/03/12-14:23:09-GMT  BuildTime: Aug  4 2022 06:17:15  BuildStamp: freesurfer-linux-ubuntu22_x86_64-7.3.2-20220804-6354275  User: oesteban  Machine: dna017  Platform: Linux  PlatformVersion: 5.14.0-427.37.1.el9_4.x86_64  CompilerName: GCC  CompilerVersion: 8.4.0
ProgramName: mris_euler_number  ProgramArguments: mris_euler_number -all-info  ProgramVersion: 7.3.2  TimeStamp: 2026/03/12-14:23:09-GMT  BuildTime: Aug  4 2022 06:17:15  BuildStamp: freesurfer-linux-ubuntu22_x86_64-7.3.2-20220804-6354275  User: oesteban  Machine: dna017  Platform: Linux  PlatformVersion: 5.14.0-427.37.1.el9_4.x86_64  CompilerName: GCC  CompilerVersion: 8.4.0
ProgramName: mris_fix_topology  ProgramArguments: mris_fix_topology -all-info  ProgramVersion: 7.3.2  TimeStamp: 2026/03/12-14:23:09-GMT  BuildTime: Aug  4 2022 06:17:15  BuildStamp: freesurfer-linux-ubuntu22_x86_64-7.3.2-20220804-6354275  User: oesteban  Machine: dna017  Platform: Linux  PlatformVersion: 5.14.0-427.37.1.el9_4.x86_64  CompilerName: GCC  CompilerVersion: 8.4.0
ProgramName: mris_topo_fixer  ProgramArguments: mris_topo_fixer -all-info  ProgramVersion: 7.3.2  TimeStamp: 2026/03/12-14:23:09-GMT  BuildTime: Aug  4 2022 06:17:15  BuildStamp: freesurfer-linux-ubuntu22_x86_64-7.3.2-20220804-6354275  User: oesteban  Machine: dna017  Platform: Linux  PlatformVersion: 5.14.0-427.37.1.el9_4.x86_64  CompilerName: GCC  CompilerVersion: 8.4.0
ProgramName: mris_jacobian  ProgramArguments: mris_jacobian -all-info  ProgramVersion: 7.3.2  TimeStamp: 2026/03/12-14:23:09-GMT  BuildTime: Aug  4 2022 06:17:15  BuildStamp: freesurfer-linux-ubuntu22_x86_64-7.3.2-20220804-6354275  User: oesteban  Machine: dna017  Platform: Linux  PlatformVersion: 5.14.0-427.37.1.el9_4.x86_64  CompilerName: GCC  CompilerVersion: 8.4.0
ProgramName: mris_label2annot  ProgramArguments: mris_label2annot -all-info  ProgramVersion: 7.3.2  TimeStamp: 2026/03/12-14:23:09-GMT  BuildTime: Aug  4 2022 06:17:15  BuildStamp: freesurfer-linux-ubuntu22_x86_64-7.3.2-20220804-6354275  User: oesteban  Machine: dna017  Platform: Linux  PlatformVersion: 5.14.0-427.37.1.el9_4.x86_64  CompilerName: GCC  CompilerVersion: 8.4.0
ProgramName: mris_left_right_register  ProgramArguments: mris_left_right_register -all-info  ProgramVersion: 7.3.2  TimeStamp: 2026/03/12-14:23:09-GMT  BuildTime: Aug  4 2022 06:17:15  BuildStamp: freesurfer-linux-ubuntu22_x86_64-7.3.2-20220804-6354275  User: oesteban  Machine: dna017  Platform: Linux  PlatformVersion: 5.14.0-427.37.1.el9_4.x86_64  CompilerName: GCC  CompilerVersion: 8.4.0
ProgramName: mris_place_surface  ProgramArguments: mris_place_surface -all-info  ProgramVersion: 7.3.2  TimeStamp: 2026/03/12-14:23:09-GMT  BuildTime: Aug  4 2022 06:17:15  BuildStamp: freesurfer-linux-ubuntu22_x86_64-7.3.2-20220804-6354275  User: oesteban  Machine: dna017  Platform: Linux  PlatformVersion: 5.14.0-427.37.1.el9_4.x86_64  CompilerName: GCC  CompilerVersion: 8.4.0
ProgramName: mrisp_paint  ProgramArguments: mrisp_paint -all-info  ProgramVersion: 7.3.2  TimeStamp: 2026/03/12-14:23:09-GMT  BuildTime: Aug  4 2022 06:17:15  BuildStamp: freesurfer-linux-ubuntu22_x86_64-7.3.2-20220804-6354275  User: oesteban  Machine: dna017  Platform: Linux  PlatformVersion: 5.14.0-427.37.1.el9_4.x86_64  CompilerName: GCC  CompilerVersion: 8.4.0
ProgramName: mris_register  ProgramArguments: mris_register -all-info  ProgramVersion: 7.3.2  TimeStamp: 2026/03/12-14:23:09-GMT  BuildTime: Aug  4 2022 06:17:15  BuildStamp: freesurfer-linux-ubuntu22_x86_64-7.3.2-20220804-6354275  User: oesteban  Machine: dna017  Platform: Linux  PlatformVersion: 5.14.0-427.37.1.el9_4.x86_64  CompilerName: GCC  CompilerVersion: 8.4.0
ProgramName: mris_smooth  ProgramArguments: mris_smooth -all-info  ProgramVersion: 7.3.2  TimeStamp: 2026/03/12-14:23:09-GMT  BuildTime: Aug  4 2022 06:17:15  BuildStamp: freesurfer-linux-ubuntu22_x86_64-7.3.2-20220804-6354275  User: oesteban  Machine: dna017  Platform: Linux  PlatformVersion: 5.14.0-427.37.1.el9_4.x86_64  CompilerName: GCC  CompilerVersion: 8.4.0
ProgramName: mris_sphere  ProgramArguments: mris_sphere -all-info  ProgramVersion: 7.3.2  TimeStamp: 2026/03/12-14:23:09-GMT  BuildTime: Aug  4 2022 06:17:15  BuildStamp: freesurfer-linux-ubuntu22_x86_64-7.3.2-20220804-6354275  User: oesteban  Machine: dna017  Platform: Linux  PlatformVersion: 5.14.0-427.37.1.el9_4.x86_64  CompilerName: GCC  CompilerVersion: 8.4.0
ProgramName: mris_surface_stats  ProgramArguments: mris_surface_stats -all-info  ProgramVersion: 7.3.2  TimeStamp: 2026/03/12-14:23:09-GMT  BuildTime: Aug  4 2022 06:17:15  BuildStamp: freesurfer-linux-ubuntu22_x86_64-7.3.2-20220804-6354275  User: oesteban  Machine: dna017  Platform: Linux  PlatformVersion: 5.14.0-427.37.1.el9_4.x86_64  CompilerName: GCC  CompilerVersion: 8.4.0
ProgramName: mri_stats2seg  ProgramArguments: mri_stats2seg -all-info  ProgramVersion: 7.3.2  TimeStamp: 2026/03/12-14:23:09-GMT  BuildTime: Aug  4 2022 06:17:15  BuildStamp: freesurfer-linux-ubuntu22_x86_64-7.3.2-20220804-6354275  User: oesteban  Machine: dna017  Platform: Linux  PlatformVersion: 5.14.0-427.37.1.el9_4.x86_64  CompilerName: GCC  CompilerVersion: 8.4.0
ProgramName: mris_thickness  ProgramArguments: mris_thickness -all-info  ProgramVersion: 7.3.2  TimeStamp: 2026/03/12-14:23:09-GMT  BuildTime: Aug  4 2022 06:17:15  BuildStamp: freesurfer-linux-ubuntu22_x86_64-7.3.2-20220804-6354275  User: oesteban  Machine: dna017  Platform: Linux  PlatformVersion: 5.14.0-427.37.1.el9_4.x86_64  CompilerName: GCC  CompilerVersion: 8.4.0
ProgramName: mris_thickness_diff  ProgramArguments: mris_thickness_diff -all-info  ProgramVersion: 7.3.2  TimeStamp: 2026/03/12-14:23:09-GMT  BuildTime: Aug  4 2022 06:17:15  BuildStamp: freesurfer-linux-ubuntu22_x86_64-7.3.2-20220804-6354275  User: oesteban  Machine: dna017  Platform: Linux  PlatformVersion: 5.14.0-427.37.1.el9_4.x86_64  CompilerName: GCC  CompilerVersion: 8.4.0
ProgramName: mris_topo_fixer  ProgramArguments: mris_topo_fixer -all-info  ProgramVersion: 7.3.2  TimeStamp: 2026/03/12-14:23:09-GMT  BuildTime: Aug  4 2022 06:17:15  BuildStamp: freesurfer-linux-ubuntu22_x86_64-7.3.2-20220804-6354275  User: oesteban  Machine: dna017  Platform: Linux  PlatformVersion: 5.14.0-427.37.1.el9_4.x86_64  CompilerName: GCC  CompilerVersion: 8.4.0
ProgramName: mri_surf2surf  ProgramArguments: mri_surf2surf -all-info  ProgramVersion: 7.3.2  TimeStamp: 2026/03/12-14:23:09-GMT  BuildTime: Aug  4 2022 06:17:15  BuildStamp: freesurfer-linux-ubuntu22_x86_64-7.3.2-20220804-6354275  User: oesteban  Machine: dna017  Platform: Linux  PlatformVersion: 5.14.0-427.37.1.el9_4.x86_64  CompilerName: GCC  CompilerVersion: 8.4.0
ProgramName: mri_surf2vol  ProgramArguments: mri_surf2vol -all-info  ProgramVersion: 7.3.2  TimeStamp: 2026/03/12-14:23:09-GMT  BuildTime: Aug  4 2022 06:17:15  BuildStamp: freesurfer-linux-ubuntu22_x86_64-7.3.2-20220804-6354275  User: oesteban  Machine: dna017  Platform: Linux  PlatformVersion: 5.14.0-427.37.1.el9_4.x86_64  CompilerName: GCC  CompilerVersion: 8.4.0
ProgramName: mri_surfcluster  ProgramArguments: mri_surfcluster -all-info  ProgramVersion: 7.3.2  TimeStamp: 2026/03/12-14:23:09-GMT  BuildTime: Aug  4 2022 06:17:15  BuildStamp: freesurfer-linux-ubuntu22_x86_64-7.3.2-20220804-6354275  User: oesteban  Machine: dna017  Platform: Linux  PlatformVersion: 5.14.0-427.37.1.el9_4.x86_64  CompilerName: GCC  CompilerVersion: 8.4.0
ProgramName: mris_volmask  ProgramArguments: mris_volmask -all-info  ProgramVersion: 7.3.2  TimeStamp: 2026/03/12-14:23:09-GMT  BuildTime: Aug  4 2022 06:17:15  BuildStamp: freesurfer-linux-ubuntu22_x86_64-7.3.2-20220804-6354275  User: oesteban  Machine: dna017  Platform: Linux  PlatformVersion: 5.14.0-427.37.1.el9_4.x86_64  CompilerName: GCC  CompilerVersion: 8.4.0
ProgramName: mri_tessellate  ProgramArguments: mri_tessellate -all-info  ProgramVersion: 7.3.2  TimeStamp: 2026/03/12-14:23:09-GMT  BuildTime: Aug  4 2022 06:17:15  BuildStamp: freesurfer-linux-ubuntu22_x86_64-7.3.2-20220804-6354275  User: oesteban  Machine: dna017  Platform: Linux  PlatformVersion: 5.14.0-427.37.1.el9_4.x86_64  CompilerName: GCC  CompilerVersion: 8.4.0
ProgramName: mri_vol2surf  ProgramArguments: mri_vol2surf -all-info  ProgramVersion: 7.3.2  TimeStamp: 2026/03/12-14:23:09-GMT  BuildTime: Aug  4 2022 06:17:15  BuildStamp: freesurfer-linux-ubuntu22_x86_64-7.3.2-20220804-6354275  User: oesteban  Machine: dna017  Platform: Linux  PlatformVersion: 5.14.0-427.37.1.el9_4.x86_64  CompilerName: GCC  CompilerVersion: 8.4.0
ProgramName: mri_vol2vol  ProgramArguments: mri_vol2vol -all-info  ProgramVersion: 7.3.2  TimeStamp: 2026/03/12-14:23:09-GMT  BuildTime: Aug  4 2022 06:17:15  BuildStamp: freesurfer-linux-ubuntu22_x86_64-7.3.2-20220804-6354275  User: oesteban  Machine: dna017  Platform: Linux  PlatformVersion: 5.14.0-427.37.1.el9_4.x86_64  CompilerName: GCC  CompilerVersion: 8.4.0
ProgramName: mri_voldiff  ProgramArguments: mri_voldiff -all-info  ProgramVersion: 7.3.2  TimeStamp: 2026/03/12-14:23:09-GMT  BuildTime: Aug  4 2022 06:17:15  BuildStamp: freesurfer-linux-ubuntu22_x86_64-7.3.2-20220804-6354275  User: oesteban  Machine: dna017  Platform: Linux  PlatformVersion: 5.14.0-427.37.1.el9_4.x86_64  CompilerName: GCC  CompilerVersion: 8.4.0
ProgramName: mri_watershed  ProgramArguments: mri_watershed -all-info  ProgramVersion: 7.3.2  TimeStamp: 2026/03/12-14:23:09-GMT  BuildTime: Aug  4 2022 06:17:15  BuildStamp: freesurfer-linux-ubuntu22_x86_64-7.3.2-20220804-6354275  User: oesteban  Machine: dna017  Platform: Linux  PlatformVersion: 5.14.0-427.37.1.el9_4.x86_64  CompilerName: GCC  CompilerVersion: 8.4.0
ProgramName: tkregister2  ProgramArguments: tkregister2_cmdl -all-info  ProgramVersion: 7.3.2  TimeStamp: 2026/03/12-14:23:09-GMT  BuildTime: Aug  4 2022 06:17:15  BuildStamp: freesurfer-linux-ubuntu22_x86_64-7.3.2-20220804-6354275  User: oesteban  Machine: dna017  Platform: Linux  PlatformVersion: 5.14.0-427.37.1.el9_4.x86_64  CompilerName: GCC  CompilerVersion: 8.4.0
mri_motion_correct.fsl 7.3.2
mri_convert -all-info 
ProgramName: mri_convert  ProgramArguments: mri_convert -all-info  ProgramVersion: 7.3.2  TimeStamp: 2026/03/12-14:23:09-GMT  BuildTime: Aug  4 2022 06:17:15  BuildStamp: freesurfer-linux-ubuntu22_x86_64-7.3.2-20220804-6354275  User: oesteban  Machine: dna017  Platform: Linux  PlatformVersion: 5.14.0-427.37.1.el9_4.x86_64  CompilerName: GCC  CompilerVersion: 8.4.0
Program nu_correct, built from:
Package MNI N3, version 1.12.0, compiled by nicks@terrier (x86_64-unknown-linux-gnu) on 2015-06-19 at 01:25:34
#######################################
GCADIR /opt/freesurfer/average
GCA RB_all_2020-01-02.gca
GCASkull RB_all_withskull_2020_01_02.gca
AvgCurvTif folding.atlas.acfb40.noaparc.i12.2016-08-02.tif
GCSDIR /opt/freesurfer/average
GCS DKaparc.atlas.acfb40.noaparc.i12.2016-08-02.gcs
#######################################
-cw256 option is now persistent (remove with -clean-cw256)
/out/sourcedata/freesurfer/sub-v1s20x0050296_ses-1

 mri_convert /work/fmriprep_25_2_wf/sub_v1s20x0050296_ses_1_wf/anat_fit_wf/anat_validate/sub-v1s20x0050296_ses-1_T1w_noise_corrected_ras_valid.nii.gz /out/sourcedata/freesurfer/sub-v1s20x0050296_ses-1/mri/orig/001.mgz 

mri_convert /work/fmriprep_25_2_wf/sub_v1s20x0050296_ses_1_wf/anat_fit_wf/anat_validate/sub-v1s20x0050296_ses-1_T1w_noise_corrected_ras_valid.nii.gz /out/sourcedata/freesurfer/sub-v1s20x0050296_ses-1/mri/orig/001.mgz 
reading from /work/fmriprep_25_2_wf/sub_v1s20x0050296_ses_1_wf/anat_fit_wf/anat_validate/sub-v1s20x0050296_ses-1_T1w_noise_corrected_ras_valid.nii.gz...
TR=0.00, TE=0.00, TI=0.00, flip angle=0.00
i_ras = (1, 0, 0)
j_ras = (0, 1, 0)
k_ras = (0, 0, 1)
writing to /out/sourcedata/freesurfer/sub-v1s20x0050296_ses-1/mri/orig/001.mgz...
#--------------------------------------------
#@# MotionCor Thu Mar 12 15:23:11 CET 2026
Found 1 runs
/out/sourcedata/freesurfer/sub-v1s20x0050296_ses-1/mri/orig/001.mgz
Checking for (invalid) multi-frame inputs...
Only one run found so motion
correction will not be performed. I'll
copy the run to rawavg and continue.

 cp /out/sourcedata/freesurfer/sub-v1s20x0050296_ses-1/mri/orig/001.mgz /out/sourcedata/freesurfer/sub-v1s20x0050296_ses-1/mri/rawavg.mgz 


 mri_info /out/sourcedata/freesurfer/sub-v1s20x0050296_ses-1/mri/rawavg.mgz 

rawavg.mgz ========================================
Volume information for /out/sourcedata/freesurfer/sub-v1s20x0050296_ses-1/mri/rawavg.mgz
          type: MGH
    dimensions: 256 x 256 x 124
   voxel sizes: 1.015620, 1.015620, 1.200000
          type: FLOAT (3)
           fov: 259.999
           dof: 1
        xstart: -130.0, xend: 130.0
        ystart: -130.0, yend: 130.0
        zstart: -74.4, zend: 74.4
            TR: 0.00 msec, TE: 0.00 msec, TI: 0.00 msec, flip angle: 0.00 degrees
       nframes: 1
       PhEncDir: UNKNOWN
       FieldStrength: 0.000000
ras xform present
    xform info: x_r =   1.0000, y_r =   0.0000, z_r =   0.0000, c_r =     0.5078
              : x_a =   0.0000, y_a =   1.0000, z_a =   0.0000, c_a =     0.5078
              : x_s =   0.0000, y_s =   0.0000, z_s =   1.0000, c_s =     0.6000

talairach xfm : 
Orientation   : RAS
Primary Slice Direction: axial

voxel to ras transform:
                1.0156   0.0000   0.0000  -129.4915
                0.0000   1.0156   0.0000  -129.4915
                0.0000   0.0000   1.2000   -73.8000
                0.0000   0.0000   0.0000     1.0000

voxel-to-ras determinant 1.23778

ras to voxel transform:
                0.9846   0.0000   0.0000   127.5000
                0.0000   0.9846   0.0000   127.5000
                0.0000   0.0000   0.8333    61.5000
                0.0000   0.0000   0.0000     1.0000
/out/sourcedata/freesurfer/sub-v1s20x0050296_ses-1

 mri_convert /out/sourcedata/freesurfer/sub-v1s20x0050296_ses-1/mri/rawavg.mgz /out/sourcedata/freesurfer/sub-v1s20x0050296_ses-1/mri/orig.mgz --conform --cw256 

mri_convert /out/sourcedata/freesurfer/sub-v1s20x0050296_ses-1/mri/rawavg.mgz /out/sourcedata/freesurfer/sub-v1s20x0050296_ses-1/mri/orig.mgz --conform --cw256 
reading from /out/sourcedata/freesurfer/sub-v1s20x0050296_ses-1/mri/rawavg.mgz...
TR=0.00, TE=0.00, TI=0.00, flip angle=0.00
i_ras = (1, 0, 0)
j_ras = (0, 1, 0)
k_ras = (0, 0, 1)
changing data type from float to uchar (noscale = 0)...
MRIchangeType: Building histogram -0.00152952 6841.73 1000, flo=0, fhi=0.999, dest_type=0
Reslicing using trilinear interpolation 
writing to /out/sourcedata/freesurfer/sub-v1s20x0050296_ses-1/mri/orig.mgz...

 mri_add_xform_to_header -c /out/sourcedata/freesurfer/sub-v1s20x0050296_ses-1/mri/transforms/talairach.xfm /out/sourcedata/freesurfer/sub-v1s20x0050296_ses-1/mri/orig.mgz /out/sourcedata/freesurfer/sub-v1s20x0050296_ses-1/mri/orig.mgz 

INFO: extension is mgz

 mri_info /out/sourcedata/freesurfer/sub-v1s20x0050296_ses-1/mri/orig.mgz 

orig.mgz ========================================
Volume information for /out/sourcedata/freesurfer/sub-v1s20x0050296_ses-1/mri/orig.mgz
          type: MGH
    dimensions: 256 x 256 x 256
   voxel sizes: 1.000000, 1.000000, 1.000000
          type: UCHAR (0)
           fov: 256.000
           dof: 1
        xstart: -128.0, xend: 128.0
        ystart: -128.0, yend: 128.0
        zstart: -128.0, zend: 128.0
            TR: 0.00 msec, TE: 0.00 msec, TI: 0.00 msec, flip angle: 0.00 degrees
       nframes: 1
       PhEncDir: UNKNOWN
       FieldStrength: 0.000000
ras xform present
    xform info: x_r =  -1.0000, y_r =   0.0000, z_r =   0.0000, c_r =     0.5078
              : x_a =   0.0000, y_a =   0.0000, z_a =   1.0000, c_a =     0.5078
              : x_s =   0.0000, y_s =  -1.0000, z_s =   0.0000, c_s =     0.6000

talairach xfm : /out/sourcedata/freesurfer/sub-v1s20x0050296_ses-1/mri/transforms/talairach.xfm
Orientation   : LIA
Primary Slice Direction: coronal

voxel to ras transform:
               -1.0000   0.0000   0.0000   128.5078
                0.0000   0.0000   1.0000  -127.4922
                0.0000  -1.0000   0.0000   128.6000
                0.0000   0.0000   0.0000     1.0000

voxel-to-ras determinant -1

ras to voxel transform:
               -1.0000  -0.0000  -0.0000   128.5078
               -0.0000  -0.0000  -1.0000   128.6000
               -0.0000   1.0000  -0.0000   127.4922
               -0.0000  -0.0000  -0.0000     1.0000
#--------------------------------------------
#@# Talairach Thu Mar 12 15:23:19 CET 2026
/out/sourcedata/freesurfer/sub-v1s20x0050296_ses-1/mri

 mri_nu_correct.mni --no-rescale --i orig.mgz --o orig_nu.mgz --ants-n4 --n 1 --proto-iters 1000 --distance 50 

/usr/bin/bc
/out/sourcedata/freesurfer/sub-v1s20x0050296_ses-1/mri
/opt/freesurfer/bin/mri_nu_correct.mni
--no-rescale --i orig.mgz --o orig_nu.mgz --ants-n4 --n 1 --proto-iters 1000 --distance 50
nIters 1
mri_nu_correct.mni 7.3.2
Linux dna017 5.14.0-427.37.1.el9_4.x86_64 #1 SMP PREEMPT_DYNAMIC Fri Sep 13 12:41:50 EDT 2024 x86_64 x86_64 x86_64 GNU/Linux
Thu Mar 12 15:23:19 CET 2026
tmpdir is ./tmp.mri_nu_correct.mni.1603334
cd /out/sourcedata/freesurfer/sub-v1s20x0050296_ses-1/mri
AntsN4BiasFieldCorrectionFs -i orig.mgz -o ./tmp.mri_nu_correct.mni.1603334/nu0.mgz --dtype uchar
AntsN4BiasFieldCorrectionFs done
mri_convert ./tmp.mri_nu_correct.mni.1603334/nu0.mgz orig_nu.mgz --like orig.mgz --conform
mri_convert ./tmp.mri_nu_correct.mni.1603334/nu0.mgz orig_nu.mgz --like orig.mgz --conform 
reading from ./tmp.mri_nu_correct.mni.1603334/nu0.mgz...
TR=0.00, TE=0.00, TI=0.00, flip angle=0.00
i_ras = (-1, 0, 0)
j_ras = (0, 0, -1)
k_ras = (0, 1, 0)
INFO: transform src into the like-volume: orig.mgz
writing to orig_nu.mgz...
 
 
Thu Mar 12 15:26:14 CET 2026
mri_nu_correct.mni done

 talairach_avi --i orig_nu.mgz --xfm transforms/talairach.auto.xfm 

talairach_avi log file is transforms/talairach_avi.log...
mv -f /out/sourcedata/freesurfer/sub-v1s20x0050296_ses-1/mri/talsrcimg_to_711-2C_as_mni_average_305_t4_vox2vox.txt /out/sourcedata/freesurfer/sub-v1s20x0050296_ses-1/mri/transforms/talsrcimg_to_711-2C_as_mni_average_305_t4_vox2vox.txt
Started at Thu Mar 12 15:26:14 CET 2026
Ended   at Thu Mar 12 15:27:42 CET 2026
talairach_avi done

 cp transforms/talairach.auto.xfm transforms/talairach.xfm 

lta_convert --src orig.mgz --trg /opt/freesurfer/average/mni305.cor.mgz --inxfm transforms/talairach.xfm --outlta transforms/talairach.xfm.lta --subject fsaverage --ltavox2vox
7.3.2

--src: orig.mgz src image (geometry).
--trg: /opt/freesurfer/average/mni305.cor.mgz trg image (geometry).
--inmni: transforms/talairach.xfm input MNI/XFM transform.
--outlta: transforms/talairach.xfm.lta output LTA.
--s: fsaverage subject name
--ltavox2vox: output LTA as VOX_TO_VOX transform.
 LTA read, type : 1
 1.06275  -0.01656  -0.06220  -4.95467;
-0.03135   1.06030   0.07620  -13.21062;
 0.07288   0.01101   1.13636   2.78111;
 0.00000   0.00000   0.00000   1.00000;
setting subject to fsaverage
Writing  LTA to file transforms/talairach.xfm.lta...
lta_convert successful.
#--------------------------------------------
#@# Talairach Failure Detection Thu Mar 12 15:27:44 CET 2026
/out/sourcedata/freesurfer/sub-v1s20x0050296_ses-1/mri

 talairach_afd -T 0.005 -xfm transforms/talairach.xfm 

talairach_afd: Talairach Transform: transforms/talairach.xfm OK (p=0.7250, pval=0.4932 >= threshold=0.0050)

 awk -f /opt/freesurfer/bin/extract_talairach_avi_QA.awk /out/sourcedata/freesurfer/sub-v1s20x0050296_ses-1/mri/transforms/talairach_avi.log 


 tal_QC_AZS /out/sourcedata/freesurfer/sub-v1s20x0050296_ses-1/mri/transforms/talairach_avi.log 

TalAviQA: 0.97583
z-score: 0
#--------------------------------------------
#@# Nu Intensity Correction Thu Mar 12 15:27:44 CET 2026

 mri_nu_correct.mni --i orig.mgz --o nu.mgz --uchar transforms/talairach.xfm --n 2 --ants-n4 

/usr/bin/bc
/out/sourcedata/freesurfer/sub-v1s20x0050296_ses-1/mri
/opt/freesurfer/bin/mri_nu_correct.mni
--i orig.mgz --o nu.mgz --uchar transforms/talairach.xfm --n 2 --ants-n4
nIters 2
mri_nu_correct.mni 7.3.2
Linux dna017 5.14.0-427.37.1.el9_4.x86_64 #1 SMP PREEMPT_DYNAMIC Fri Sep 13 12:41:50 EDT 2024 x86_64 x86_64 x86_64 GNU/Linux
Thu Mar 12 15:27:44 CET 2026
tmpdir is ./tmp.mri_nu_correct.mni.1607619
cd /out/sourcedata/freesurfer/sub-v1s20x0050296_ses-1/mri
AntsN4BiasFieldCorrectionFs -i orig.mgz -o ./tmp.mri_nu_correct.mni.1607619/nu0.mgz --dtype uchar
AntsN4BiasFieldCorrectionFs done
mri_binarize --i ./tmp.mri_nu_correct.mni.1607619/nu0.mgz --min -1 --o ./tmp.mri_nu_correct.mni.1607619/ones.mgz

7.3.2
cwd /out/sourcedata/freesurfer/sub-v1s20x0050296_ses-1/mri
cmdline mri_binarize --i ./tmp.mri_nu_correct.mni.1607619/nu0.mgz --min -1 --o ./tmp.mri_nu_correct.mni.1607619/ones.mgz 
sysname  Linux
hostname dna017
machine  x86_64
user     oesteban

input      ./tmp.mri_nu_correct.mni.1607619/nu0.mgz
frame      0
nErode3d   0
nErode2d   0
output     ./tmp.mri_nu_correct.mni.1607619/ones.mgz
Binarizing based on threshold
min        -1
max        +infinity
binval        1
binvalnot     0
fstart = 0, fend = 0, nframes = 1
Starting parallel 1
Found 16777216 values in range
Counting number of voxels in first frame
Found 16777215 voxels in final mask
Writing output to ./tmp.mri_nu_correct.mni.1607619/ones.mgz
Count: 16777215 16777215.000000 16777216 99.999994
mri_binarize done
mri_segstats --id 1 --seg ./tmp.mri_nu_correct.mni.1607619/ones.mgz --i orig.mgz --sum ./tmp.mri_nu_correct.mni.1607619/sum.junk --avgwf ./tmp.mri_nu_correct.mni.1607619/input.mean.dat

7.3.2
cwd 
cmdline mri_segstats --id 1 --seg ./tmp.mri_nu_correct.mni.1607619/ones.mgz --i orig.mgz --sum ./tmp.mri_nu_correct.mni.1607619/sum.junk --avgwf ./tmp.mri_nu_correct.mni.1607619/input.mean.dat 
sysname  Linux
hostname dna017
machine  x86_64
user     oesteban
whitesurfname  white
UseRobust  0
Loading ./tmp.mri_nu_correct.mni.1607619/ones.mgz
Loading orig.mgz
Voxel Volume is 1 mm^3
Generating list of segmentation ids
Found   1 segmentations
Computing statistics for each segmentation

Reporting on   1 segmentations
Using PrintSegStat
Computing spatial average of each frame

Writing to ./tmp.mri_nu_correct.mni.1607619/input.mean.dat
mri_segstats done
mri_segstats --id 1 --seg ./tmp.mri_nu_correct.mni.1607619/ones.mgz --i ./tmp.mri_nu_correct.mni.1607619/nu0.mgz --sum ./tmp.mri_nu_correct.mni.1607619/sum.junk --avgwf ./tmp.mri_nu_correct.mni.1607619/output.mean.dat

7.3.2
cwd 
cmdline mri_segstats --id 1 --seg ./tmp.mri_nu_correct.mni.1607619/ones.mgz --i ./tmp.mri_nu_correct.mni.1607619/nu0.mgz --sum ./tmp.mri_nu_correct.mni.1607619/sum.junk --avgwf ./tmp.mri_nu_correct.mni.1607619/output.mean.dat 
sysname  Linux
hostname dna017
machine  x86_64
user     oesteban
whitesurfname  white
UseRobust  0
Loading ./tmp.mri_nu_correct.mni.1607619/ones.mgz
Loading ./tmp.mri_nu_correct.mni.1607619/nu0.mgz
Voxel Volume is 1 mm^3
Generating list of segmentation ids
Found   1 segmentations
Computing statistics for each segmentation

Reporting on   1 segmentations
Using PrintSegStat
Computing spatial average of each frame

Writing to ./tmp.mri_nu_correct.mni.1607619/output.mean.dat
mri_segstats done
mris_calc -o ./tmp.mri_nu_correct.mni.1607619/nu0.mgz ./tmp.mri_nu_correct.mni.1607619/nu0.mgz mul 1.07164416217940644050
Saving result to './tmp.mri_nu_correct.mni.1607619/nu0.mgz' (type = MGH )                       [ ok ]
mri_convert ./tmp.mri_nu_correct.mni.1607619/nu0.mgz nu.mgz --like orig.mgz
mri_convert ./tmp.mri_nu_correct.mni.1607619/nu0.mgz nu.mgz --like orig.mgz 
reading from ./tmp.mri_nu_correct.mni.1607619/nu0.mgz...
TR=0.00, TE=0.00, TI=0.00, flip angle=0.00
i_ras = (-1, 0, 0)
j_ras = (0, 0, -1)
k_ras = (0, 1, 0)
INFO: transform src into the like-volume: orig.mgz
writing to nu.mgz...
mri_make_uchar nu.mgz transforms/talairach.xfm nu.mgz
type change took 0 minutes and 6 seconds.
FIRST_PERCENTILE 0.010000
WM_PERCENTILE    0.900000
MAX_R 50.000000
i1 = 5, i2 = 43
#mri_make_uchar# mapping 13 111 to  3 110  :  b -11.5882 m 1.09779 : thresh 10.5559 maxsat 242.842 : nzero 14314114 nsat 1563
 
 
Thu Mar 12 15:31:00 CET 2026
mri_nu_correct.mni done

 mri_add_xform_to_header -c /out/sourcedata/freesurfer/sub-v1s20x0050296_ses-1/mri/transforms/talairach.xfm nu.mgz nu.mgz 

INFO: extension is mgz
#--------------------------------------------
#@# Intensity Normalization Thu Mar 12 15:31:00 CET 2026
/out/sourcedata/freesurfer/sub-v1s20x0050296_ses-1/mri

 mri_normalize -g 1 -seed 1234 -mprage nu.mgz T1.mgz 

using max gradient = 1.000
setting seed for random number genererator to 1234
assuming input volume is MGH (Van der Kouwe) MP-RAGE
reading mri_src from nu.mgz...
normalizing image...
NOT doing gentle normalization with control points/label
talairach transform
 1.06275  -0.01656  -0.06220  -4.95467;
-0.03135   1.06030   0.07620  -13.21062;
 0.07288   0.01101   1.13636   2.78111;
 0.00000   0.00000   0.00000   1.00000;
processing without aseg, no1d=0
MRInormInit(): 
INFO: Modifying talairach volume c_(r,a,s) based on average_305
MRInormalize(): 
MRIsplineNormalize(): npeaks = 20
Starting OpenSpline(): npoints = 20
building Voronoi diagram...
performing soap bubble smoothing, sigma = 8...

Iterating 2 times
---------------------------------
3d normalization pass 1 of 2
white matter peak found at 110
white matter peak found at 109
gm peak at 64 (64), valley at 34 (34)
csf peak at 32, setting threshold to 53
building Voronoi diagram...
performing soap bubble smoothing, sigma = 8...
---------------------------------
3d normalization pass 2 of 2
white matter peak found at 110
white matter peak found at 110
gm peak at 65 (65), valley at 34 (34)
csf peak at 33, setting threshold to 54
building Voronoi diagram...
performing soap bubble smoothing, sigma = 8...
Done iterating ---------------------------------
writing output to T1.mgz
3D bias adjustment took 1 minutes and 24 seconds.

Started at Thu Mar 12 15:23:09 CET 2026 
Ended   at Thu Mar 12 15:32:25 CET 2026
#@#%# recon-all-run-time-hours 0.154
recon-all -s sub-v1s20x0050296_ses-1 finished without error at Thu Mar 12 15:32:25 CET 2026



#New# invocation of recon-all 




Thu Mar 12 15:39:28 CET 2026
cd /out/sourcedata/freesurfer/sub-v1s20x0050296_ses-1
setenv SUBJECTS_DIR /out/sourcedata/freesurfer
/opt/freesurfer/bin/recon-all -openmp 16 -subjid sub-v1s20x0050296_ses-1 -sd /out/sourcedata/freesurfer -gcareg

subjid sub-v1s20x0050296_ses-1
setenv SUBJECTS_DIR /out/sourcedata/freesurfer
FREESURFER_HOME /opt/freesurfer
Actual FREESURFER_HOME /opt/freesurfer
build-stamp.txt: freesurfer-linux-ubuntu22_x86_64-7.3.2-20220804-6354275
Linux dna017 5.14.0-427.37.1.el9_4.x86_64 #1 SMP PREEMPT_DYNAMIC Fri Sep 13 12:41:50 EDT 2024 x86_64 x86_64 x86_64 GNU/Linux
cputime      unlimited
filesize     unlimited
datasize     unlimited
stacksize    8192 kbytes
coredumpsize 0 kbytes
memoryuse    67108864 kbytes
vmemoryuse   unlimited
descriptors  1024 
memorylocked unlimited
maxproc      2061970 
maxlocks     unlimited
maxsignal    2061970 
maxmessage   819200 
maxnice      0 
maxrtprio    0 
maxrttime    unlimited

               total        used        free      shared  buff/cache   available
Mem:           503Gi        60Gi       398Gi        13Gi        44Gi       426Gi
Swap:             0B          0B          0B

########################################
program versions used
7.3.2 (freesurfer-linux-ubuntu22_x86_64-7.3.2-20220804-6354275)
7.3.2

ProgramName: lta_convert  ProgramArguments: lta_convert -all-info  ProgramVersion: 7.3.2  TimeStamp: 2026/03/12-14:39:28-GMT  BuildTime: Aug  4 2022 06:17:15  BuildStamp: freesurfer-linux-ubuntu22_x86_64-7.3.2-20220804-6354275  User: oesteban  Machine: dna017  Platform: Linux  PlatformVersion: 5.14.0-427.37.1.el9_4.x86_64  CompilerName: GCC  CompilerVersion: 8.4.0
ProgramName: mri_and  ProgramArguments: mri_and -all-info  ProgramVersion: 7.3.2  TimeStamp: 2026/03/12-14:39:28-GMT  BuildTime: Aug  4 2022 06:17:15  BuildStamp: freesurfer-linux-ubuntu22_x86_64-7.3.2-20220804-6354275  User: oesteban  Machine: dna017  Platform: Linux  PlatformVersion: 5.14.0-427.37.1.el9_4.x86_64  CompilerName: GCC  CompilerVersion: 8.4.0
ProgramName: mri_annotation2label  ProgramArguments: mri_annotation2label -all-info  ProgramVersion: 7.3.2  TimeStamp: 2026/03/12-14:39:28-GMT  BuildTime: Aug  4 2022 06:17:15  BuildStamp: freesurfer-linux-ubuntu22_x86_64-7.3.2-20220804-6354275  User: oesteban  Machine: dna017  Platform: Linux  PlatformVersion: 5.14.0-427.37.1.el9_4.x86_64  CompilerName: GCC  CompilerVersion: 8.4.0
ProgramName: mri_aparc2aseg  ProgramArguments: mri_aparc2aseg -all-info  ProgramVersion: 7.3.2  TimeStamp: 2026/03/12-14:39:28-GMT  BuildTime: Aug  4 2022 06:17:15  BuildStamp: freesurfer-linux-ubuntu22_x86_64-7.3.2-20220804-6354275  User: oesteban  Machine: dna017  Platform: Linux  PlatformVersion: 5.14.0-427.37.1.el9_4.x86_64  CompilerName: GCC  CompilerVersion: 8.4.0
ProgramName: mri_surf2volseg  ProgramArguments: mri_surf2volseg -all-info  ProgramVersion: 7.3.2  TimeStamp: 2026/03/12-14:39:28-GMT  BuildTime: Aug  4 2022 06:17:15  BuildStamp: freesurfer-linux-ubuntu22_x86_64-7.3.2-20220804-6354275  User: oesteban  Machine: dna017  Platform: Linux  PlatformVersion: 5.14.0-427.37.1.el9_4.x86_64  CompilerName: GCC  CompilerVersion: 8.4.0
ProgramName: mri_binarize  ProgramArguments: mri_binarize -all-info  ProgramVersion: 7.3.2  TimeStamp: 2026/03/12-14:39:28-GMT  BuildTime: Aug  4 2022 06:17:15  BuildStamp: freesurfer-linux-ubuntu22_x86_64-7.3.2-20220804-6354275  User: oesteban  Machine: dna017  Platform: Linux  PlatformVersion: 5.14.0-427.37.1.el9_4.x86_64  CompilerName: GCC  CompilerVersion: 8.4.0
ProgramName: mri_ca_label  ProgramArguments: mri_ca_label -all-info  ProgramVersion: 7.3.2  TimeStamp: 2026/03/12-14:39:28-GMT  BuildTime: Aug  4 2022 06:17:15  BuildStamp: freesurfer-linux-ubuntu22_x86_64-7.3.2-20220804-6354275  User: oesteban  Machine: dna017  Platform: Linux  PlatformVersion: 5.14.0-427.37.1.el9_4.x86_64  CompilerName: GCC  CompilerVersion: 8.4.0
ProgramName: mri_ca_normalize  ProgramArguments: mri_ca_normalize -all-info  ProgramVersion: 7.3.2  TimeStamp: 2026/03/12-14:39:28-GMT  BuildTime: Aug  4 2022 06:17:15  BuildStamp: freesurfer-linux-ubuntu22_x86_64-7.3.2-20220804-6354275  User: oesteban  Machine: dna017  Platform: Linux  PlatformVersion: 5.14.0-427.37.1.el9_4.x86_64  CompilerName: GCC  CompilerVersion: 8.4.0
ProgramName: mri_ca_register  ProgramArguments: mri_ca_register -all-info  ProgramVersion: 7.3.2  TimeStamp: 2026/03/12-14:39:28-GMT  BuildTime: Aug  4 2022 06:17:15  BuildStamp: freesurfer-linux-ubuntu22_x86_64-7.3.2-20220804-6354275  User: oesteban  Machine: dna017  Platform: Linux  PlatformVersion: 5.14.0-427.37.1.el9_4.x86_64  CompilerName: GCC  CompilerVersion: 8.4.0
ProgramName: mri_cc  ProgramArguments: mri_cc -all-info  ProgramVersion: 7.3.2  TimeStamp: 2026/03/12-14:39:28-GMT  BuildTime: Aug  4 2022 06:17:15  BuildStamp: freesurfer-linux-ubuntu22_x86_64-7.3.2-20220804-6354275  User: oesteban  Machine: dna017  Platform: Linux  PlatformVersion: 5.14.0-427.37.1.el9_4.x86_64  CompilerName: GCC  CompilerVersion: 8.4.0
ProgramName: mri_compute_overlap  ProgramArguments: mri_compute_overlap -all-info  ProgramVersion: 7.3.2  TimeStamp: 2026/03/12-14:39:28-GMT  BuildTime: Aug  4 2022 06:17:15  BuildStamp: freesurfer-linux-ubuntu22_x86_64-7.3.2-20220804-6354275  User: oesteban  Machine: dna017  Platform: Linux  PlatformVersion: 5.14.0-427.37.1.el9_4.x86_64  CompilerName: GCC  CompilerVersion: 8.4.0
ProgramName: mri_compute_seg_overlap  ProgramArguments: mri_compute_seg_overlap -all-info  ProgramVersion: 7.3.2  TimeStamp: 2026/03/12-14:39:28-GMT  BuildTime: Aug  4 2022 06:17:15  BuildStamp: freesurfer-linux-ubuntu22_x86_64-7.3.2-20220804-6354275  User: oesteban  Machine: dna017  Platform: Linux  PlatformVersion: 5.14.0-427.37.1.el9_4.x86_64  CompilerName: GCC  CompilerVersion: 8.4.0
ProgramName: mri_concat  ProgramArguments: mri_concat -all-info  ProgramVersion: 7.3.2  TimeStamp: 2026/03/12-14:39:28-GMT  BuildTime: Aug  4 2022 06:17:15  BuildStamp: freesurfer-linux-ubuntu22_x86_64-7.3.2-20220804-6354275  User: oesteban  Machine: dna017  Platform: Linux  PlatformVersion: 5.14.0-427.37.1.el9_4.x86_64  CompilerName: GCC  CompilerVersion: 8.4.0
ProgramName: mri_concatenate_lta  ProgramArguments: mri_concatenate_lta -all-info  ProgramVersion: 7.3.2  TimeStamp: 2026/03/12-14:39:28-GMT  BuildTime: Aug  4 2022 06:17:15  BuildStamp: freesurfer-linux-ubuntu22_x86_64-7.3.2-20220804-6354275  User: oesteban  Machine: dna017  Platform: Linux  PlatformVersion: 5.14.0-427.37.1.el9_4.x86_64  CompilerName: GCC  CompilerVersion: 8.4.0
mri_convert -all-info 
ProgramName: mri_convert  ProgramArguments: mri_convert -all-info  ProgramVersion: 7.3.2  TimeStamp: 2026/03/12-14:39:28-GMT  BuildTime: Aug  4 2022 06:17:15  BuildStamp: freesurfer-linux-ubuntu22_x86_64-7.3.2-20220804-6354275  User: oesteban  Machine: dna017  Platform: Linux  PlatformVersion: 5.14.0-427.37.1.el9_4.x86_64  CompilerName: GCC  CompilerVersion: 8.4.0
ProgramName: mri_diff  ProgramArguments: mri_diff -all-info  ProgramVersion: 7.3.2  TimeStamp: 2026/03/12-14:39:28-GMT  BuildTime: Aug  4 2022 06:17:15  BuildStamp: freesurfer-linux-ubuntu22_x86_64-7.3.2-20220804-6354275  User: oesteban  Machine: dna017  Platform: Linux  PlatformVersion: 5.14.0-427.37.1.el9_4.x86_64  CompilerName: GCC  CompilerVersion: 8.4.0
ProgramName: mri_edit_wm_with_aseg  ProgramArguments: mri_edit_wm_with_aseg -all-info  ProgramVersion: 7.3.2  TimeStamp: 2026/03/12-14:39:28-GMT  BuildTime: Aug  4 2022 06:17:15  BuildStamp: freesurfer-linux-ubuntu22_x86_64-7.3.2-20220804-6354275  User: oesteban  Machine: dna017  Platform: Linux  PlatformVersion: 5.14.0-427.37.1.el9_4.x86_64  CompilerName: GCC  CompilerVersion: 8.4.0
ProgramName: mri_em_register  ProgramArguments: mri_em_register -all-info  ProgramVersion: 7.3.2  TimeStamp: 2026/03/12-14:39:28-GMT  BuildTime: Aug  4 2022 06:17:15  BuildStamp: freesurfer-linux-ubuntu22_x86_64-7.3.2-20220804-6354275  User: oesteban  Machine: dna017  Platform: Linux  PlatformVersion: 5.14.0-427.37.1.el9_4.x86_64  CompilerName: GCC  CompilerVersion: 8.4.0
ProgramName: mri_fill  ProgramArguments: mri_fill -all-info  ProgramVersion: 7.3.2  TimeStamp: 2026/03/12-14:39:28-GMT  BuildTime: Aug  4 2022 06:17:15  BuildStamp: freesurfer-linux-ubuntu22_x86_64-7.3.2-20220804-6354275  User: oesteban  Machine: dna017  Platform: Linux  PlatformVersion: 5.14.0-427.37.1.el9_4.x86_64  CompilerName: GCC  CompilerVersion: 8.4.0
ProgramName: mri_fuse_segmentations  ProgramArguments: mri_fuse_segmentations -all-info  ProgramVersion: 7.3.2  TimeStamp: 2026/03/12-14:39:28-GMT  BuildTime: Aug  4 2022 06:17:15  BuildStamp: freesurfer-linux-ubuntu22_x86_64-7.3.2-20220804-6354275  User: oesteban  Machine: dna017  Platform: Linux  PlatformVersion: 5.14.0-427.37.1.el9_4.x86_64  CompilerName: GCC  CompilerVersion: 8.4.0
ProgramName: mri_fwhm  ProgramArguments: mri_fwhm -all-info  ProgramVersion: 7.3.2  TimeStamp: 2026/03/12-14:39:28-GMT  BuildTime: Aug  4 2022 06:17:15  BuildStamp: freesurfer-linux-ubuntu22_x86_64-7.3.2-20220804-6354275  User: oesteban  Machine: dna017  Platform: Linux  PlatformVersion: 5.14.0-427.37.1.el9_4.x86_64  CompilerName: GCC  CompilerVersion: 8.4.0
ProgramName: mri_gcut  ProgramArguments: mri_gcut -all-info  ProgramVersion: 7.3.2  TimeStamp: 2026/03/12-14:39:28-GMT  BuildTime: Aug  4 2022 06:17:15  BuildStamp: freesurfer-linux-ubuntu22_x86_64-7.3.2-20220804-6354275  User: oesteban  Machine: dna017  Platform: Linux  PlatformVersion: 5.14.0-427.37.1.el9_4.x86_64  CompilerName: GCC  CompilerVersion: 8.4.0
ProgramName: mri_info  ProgramArguments: mri_info -all-info  ProgramVersion: 7.3.2  TimeStamp: 2026/03/12-14:39:28-GMT  BuildTime: Aug  4 2022 06:17:15  BuildStamp: freesurfer-linux-ubuntu22_x86_64-7.3.2-20220804-6354275  User: oesteban  Machine: dna017  Platform: Linux  PlatformVersion: 5.14.0-427.37.1.el9_4.x86_64  CompilerName: GCC  CompilerVersion: 8.4.0
ProgramName: mri_label2label  ProgramArguments: mri_label2label -all-info  ProgramVersion: 7.3.2  TimeStamp: 2026/03/12-14:39:28-GMT  BuildTime: Aug  4 2022 06:17:15  BuildStamp: freesurfer-linux-ubuntu22_x86_64-7.3.2-20220804-6354275  User: oesteban  Machine: dna017  Platform: Linux  PlatformVersion: 5.14.0-427.37.1.el9_4.x86_64  CompilerName: GCC  CompilerVersion: 8.4.0
ProgramName: mri_label2vol  ProgramArguments: mri_label2vol -all-info  ProgramVersion: 7.3.2  TimeStamp: 2026/03/12-14:39:28-GMT  BuildTime: Aug  4 2022 06:17:15  BuildStamp: freesurfer-linux-ubuntu22_x86_64-7.3.2-20220804-6354275  User: oesteban  Machine: dna017  Platform: Linux  PlatformVersion: 5.14.0-427.37.1.el9_4.x86_64  CompilerName: GCC  CompilerVersion: 8.4.0
ProgramName: mri_log_likelihood  ProgramArguments: mri_log_likelihood -all-info  ProgramVersion: 7.3.2  TimeStamp: 2026/03/12-14:39:28-GMT  BuildTime: Aug  4 2022 06:17:15  BuildStamp: freesurfer-linux-ubuntu22_x86_64-7.3.2-20220804-6354275  User: oesteban  Machine: dna017  Platform: Linux  PlatformVersion: 5.14.0-427.37.1.el9_4.x86_64  CompilerName: GCC  CompilerVersion: 8.4.0
ProgramName: mri_mask  ProgramArguments: mri_mask -all-info  ProgramVersion: 7.3.2  TimeStamp: 2026/03/12-14:39:28-GMT  BuildTime: Aug  4 2022 06:17:15  BuildStamp: freesurfer-linux-ubuntu22_x86_64-7.3.2-20220804-6354275  User: oesteban  Machine: dna017  Platform: Linux  PlatformVersion: 5.14.0-427.37.1.el9_4.x86_64  CompilerName: GCC  CompilerVersion: 8.4.0
ProgramName: mri_matrix_multiply  ProgramArguments: mri_matrix_multiply -all-info  ProgramVersion: 7.3.2  TimeStamp: 2026/03/12-14:39:28-GMT  BuildTime: Aug  4 2022 06:17:15  BuildStamp: freesurfer-linux-ubuntu22_x86_64-7.3.2-20220804-6354275  User: oesteban  Machine: dna017  Platform: Linux  PlatformVersion: 5.14.0-427.37.1.el9_4.x86_64  CompilerName: GCC  CompilerVersion: 8.4.0
ProgramName: mri_normalize  ProgramArguments: mri_normalize -all-info  ProgramVersion: 7.3.2  TimeStamp: 2026/03/12-14:39:28-GMT  BuildTime: Aug  4 2022 06:17:15  BuildStamp: freesurfer-linux-ubuntu22_x86_64-7.3.2-20220804-6354275  User: oesteban  Machine: dna017  Platform: Linux  PlatformVersion: 5.14.0-427.37.1.el9_4.x86_64  CompilerName: GCC  CompilerVersion: 8.4.0
ProgramName: mri_normalize_tp2  ProgramArguments: mri_normalize_tp2 -all-info  ProgramVersion: 7.3.2  TimeStamp: 2026/03/12-14:39:28-GMT  BuildTime: Aug  4 2022 06:17:15  BuildStamp: freesurfer-linux-ubuntu22_x86_64-7.3.2-20220804-6354275  User: oesteban  Machine: dna017  Platform: Linux  PlatformVersion: 5.14.0-427.37.1.el9_4.x86_64  CompilerName: GCC  CompilerVersion: 8.4.0
ProgramName: mri_or  ProgramArguments: mri_or -all-info  ProgramVersion: 7.3.2  TimeStamp: 2026/03/12-14:39:28-GMT  BuildTime: Aug  4 2022 06:17:15  BuildStamp: freesurfer-linux-ubuntu22_x86_64-7.3.2-20220804-6354275  User: oesteban  Machine: dna017  Platform: Linux  PlatformVersion: 5.14.0-427.37.1.el9_4.x86_64  CompilerName: GCC  CompilerVersion: 8.4.0
ProgramName: mri_relabel_hypointensities  ProgramArguments: mri_relabel_hypointensities -all-info  ProgramVersion: 7.3.2  TimeStamp: 2026/03/12-14:39:28-GMT  BuildTime: Aug  4 2022 06:17:15  BuildStamp: freesurfer-linux-ubuntu22_x86_64-7.3.2-20220804-6354275  User: oesteban  Machine: dna017  Platform: Linux  PlatformVersion: 5.14.0-427.37.1.el9_4.x86_64  CompilerName: GCC  CompilerVersion: 8.4.0
ProgramName: mri_relabel_nonwm_hypos  ProgramArguments: mri_relabel_nonwm_hypos -all-info  ProgramVersion: 7.3.2  TimeStamp: 2026/03/12-14:39:28-GMT  BuildTime: Aug  4 2022 06:17:15  BuildStamp: freesurfer-linux-ubuntu22_x86_64-7.3.2-20220804-6354275  User: oesteban  Machine: dna017  Platform: Linux  PlatformVersion: 5.14.0-427.37.1.el9_4.x86_64  CompilerName: GCC  CompilerVersion: 8.4.0
ProgramName: mri_remove_neck  ProgramArguments: mri_remove_neck -all-info  ProgramVersion: 7.3.2  TimeStamp: 2026/03/12-14:39:28-GMT  BuildTime: Aug  4 2022 06:17:15  BuildStamp: freesurfer-linux-ubuntu22_x86_64-7.3.2-20220804-6354275  User: oesteban  Machine: dna017  Platform: Linux  PlatformVersion: 5.14.0-427.37.1.el9_4.x86_64  CompilerName: GCC  CompilerVersion: 8.4.0
7.3.2

ProgramName: mri_robust_register  ProgramArguments: mri_robust_register -all-info  ProgramVersion: 7.3.2  TimeStamp: 2026/03/12-14:39:28-GMT  BuildTime: Aug  4 2022 06:17:15  BuildStamp: freesurfer-linux-ubuntu22_x86_64-7.3.2-20220804-6354275  User: oesteban  Machine: dna017  Platform: Linux  PlatformVersion: 5.14.0-427.37.1.el9_4.x86_64  CompilerName: GCC  CompilerVersion: 8.4.0
7.3.2

ProgramName: mri_robust_template  ProgramArguments: mri_robust_template -all-info  ProgramVersion: 7.3.2  TimeStamp: 2026/03/12-14:39:28-GMT  BuildTime: Aug  4 2022 06:17:15  BuildStamp: freesurfer-linux-ubuntu22_x86_64-7.3.2-20220804-6354275  User: oesteban  Machine: dna017  Platform: Linux  PlatformVersion: 5.14.0-427.37.1.el9_4.x86_64  CompilerName: GCC  CompilerVersion: 8.4.0
ProgramName: mris_anatomical_stats  ProgramArguments: mris_anatomical_stats -all-info  ProgramVersion: 7.3.2  TimeStamp: 2026/03/12-14:39:28-GMT  BuildTime: Aug  4 2022 06:17:15  BuildStamp: freesurfer-linux-ubuntu22_x86_64-7.3.2-20220804-6354275  User: oesteban  Machine: dna017  Platform: Linux  PlatformVersion: 5.14.0-427.37.1.el9_4.x86_64  CompilerName: GCC  CompilerVersion: 8.4.0
ProgramName: mris_ca_label  ProgramArguments: mris_ca_label -all-info  ProgramVersion: 7.3.2  TimeStamp: 2026/03/12-14:39:28-GMT  BuildTime: Aug  4 2022 06:17:15  BuildStamp: freesurfer-linux-ubuntu22_x86_64-7.3.2-20220804-6354275  User: oesteban  Machine: dna017  Platform: Linux  PlatformVersion: 5.14.0-427.37.1.el9_4.x86_64  CompilerName: GCC  CompilerVersion: 8.4.0
ProgramName: mris_calc  ProgramArguments: mris_calc -all-info  ProgramVersion: 7.3.2  TimeStamp: 2026/03/12-14:39:28-GMT  BuildTime: Aug  4 2022 06:17:15  BuildStamp: freesurfer-linux-ubuntu22_x86_64-7.3.2-20220804-6354275  User: oesteban  Machine: dna017  Platform: Linux  PlatformVersion: 5.14.0-427.37.1.el9_4.x86_64  CompilerName: GCC  CompilerVersion: 8.4.0
ProgramName: mris_convert  ProgramArguments: mris_convert -all-info  ProgramVersion: 7.3.2  TimeStamp: 2026/03/12-14:39:28-GMT  BuildTime: Aug  4 2022 06:17:15  BuildStamp: freesurfer-linux-ubuntu22_x86_64-7.3.2-20220804-6354275  User: oesteban  Machine: dna017  Platform: Linux  PlatformVersion: 5.14.0-427.37.1.el9_4.x86_64  CompilerName: GCC  CompilerVersion: 8.4.0
ProgramName: mris_curvature  ProgramArguments: mris_curvature -all-info  ProgramVersion: 7.3.2  TimeStamp: 2026/03/12-14:39:28-GMT  BuildTime: Aug  4 2022 06:17:15  BuildStamp: freesurfer-linux-ubuntu22_x86_64-7.3.2-20220804-6354275  User: oesteban  Machine: dna017  Platform: Linux  PlatformVersion: 5.14.0-427.37.1.el9_4.x86_64  CompilerName: GCC  CompilerVersion: 8.4.0
ProgramName: mris_curvature_stats  ProgramArguments: mris_curvature_stats -all-info  ProgramVersion: 7.3.2  TimeStamp: 2026/03/12-14:39:28-GMT  BuildTime: Aug  4 2022 06:17:15  BuildStamp: freesurfer-linux-ubuntu22_x86_64-7.3.2-20220804-6354275  User: oesteban  Machine: dna017  Platform: Linux  PlatformVersion: 5.14.0-427.37.1.el9_4.x86_64  CompilerName: GCC  CompilerVersion: 8.4.0
ProgramName: mris_diff  ProgramArguments: mris_diff -all-info  ProgramVersion: 7.3.2  TimeStamp: 2026/03/12-14:39:28-GMT  BuildTime: Aug  4 2022 06:17:15  BuildStamp: freesurfer-linux-ubuntu22_x86_64-7.3.2-20220804-6354275  User: oesteban  Machine: dna017  Platform: Linux  PlatformVersion: 5.14.0-427.37.1.el9_4.x86_64  CompilerName: GCC  CompilerVersion: 8.4.0
ProgramName: mris_divide_parcellation  ProgramArguments: mris_divide_parcellation -all-info  ProgramVersion: 7.3.2  TimeStamp: 2026/03/12-14:39:28-GMT  BuildTime: Aug  4 2022 06:17:15  BuildStamp: freesurfer-linux-ubuntu22_x86_64-7.3.2-20220804-6354275  User: oesteban  Machine: dna017  Platform: Linux  PlatformVersion: 5.14.0-427.37.1.el9_4.x86_64  CompilerName: GCC  CompilerVersion: 8.4.0
ProgramName: mri_segment  ProgramArguments: mri_segment -all-info  ProgramVersion: 7.3.2  TimeStamp: 2026/03/12-14:39:28-GMT  BuildTime: Aug  4 2022 06:17:15  BuildStamp: freesurfer-linux-ubuntu22_x86_64-7.3.2-20220804-6354275  User: oesteban  Machine: dna017  Platform: Linux  PlatformVersion: 5.14.0-427.37.1.el9_4.x86_64  CompilerName: GCC  CompilerVersion: 8.4.0
ProgramName: mri_segstats  ProgramArguments: mri_segstats -all-info  ProgramVersion: 7.3.2  TimeStamp: 2026/03/12-14:39:28-GMT  BuildTime: Aug  4 2022 06:17:15  BuildStamp: freesurfer-linux-ubuntu22_x86_64-7.3.2-20220804-6354275  User: oesteban  Machine: dna017  Platform: Linux  PlatformVersion: 5.14.0-427.37.1.el9_4.x86_64  CompilerName: GCC  CompilerVersion: 8.4.0
ProgramName: mris_euler_number  ProgramArguments: mris_euler_number -all-info  ProgramVersion: 7.3.2  TimeStamp: 2026/03/12-14:39:28-GMT  BuildTime: Aug  4 2022 06:17:15  BuildStamp: freesurfer-linux-ubuntu22_x86_64-7.3.2-20220804-6354275  User: oesteban  Machine: dna017  Platform: Linux  PlatformVersion: 5.14.0-427.37.1.el9_4.x86_64  CompilerName: GCC  CompilerVersion: 8.4.0
ProgramName: mris_fix_topology  ProgramArguments: mris_fix_topology -all-info  ProgramVersion: 7.3.2  TimeStamp: 2026/03/12-14:39:28-GMT  BuildTime: Aug  4 2022 06:17:15  BuildStamp: freesurfer-linux-ubuntu22_x86_64-7.3.2-20220804-6354275  User: oesteban  Machine: dna017  Platform: Linux  PlatformVersion: 5.14.0-427.37.1.el9_4.x86_64  CompilerName: GCC  CompilerVersion: 8.4.0
ProgramName: mris_topo_fixer  ProgramArguments: mris_topo_fixer -all-info  ProgramVersion: 7.3.2  TimeStamp: 2026/03/12-14:39:28-GMT  BuildTime: Aug  4 2022 06:17:15  BuildStamp: freesurfer-linux-ubuntu22_x86_64-7.3.2-20220804-6354275  User: oesteban  Machine: dna017  Platform: Linux  PlatformVersion: 5.14.0-427.37.1.el9_4.x86_64  CompilerName: GCC  CompilerVersion: 8.4.0
ProgramName: mris_jacobian  ProgramArguments: mris_jacobian -all-info  ProgramVersion: 7.3.2  TimeStamp: 2026/03/12-14:39:28-GMT  BuildTime: Aug  4 2022 06:17:15  BuildStamp: freesurfer-linux-ubuntu22_x86_64-7.3.2-20220804-6354275  User: oesteban  Machine: dna017  Platform: Linux  PlatformVersion: 5.14.0-427.37.1.el9_4.x86_64  CompilerName: GCC  CompilerVersion: 8.4.0
ProgramName: mris_label2annot  ProgramArguments: mris_label2annot -all-info  ProgramVersion: 7.3.2  TimeStamp: 2026/03/12-14:39:28-GMT  BuildTime: Aug  4 2022 06:17:15  BuildStamp: freesurfer-linux-ubuntu22_x86_64-7.3.2-20220804-6354275  User: oesteban  Machine: dna017  Platform: Linux  PlatformVersion: 5.14.0-427.37.1.el9_4.x86_64  CompilerName: GCC  CompilerVersion: 8.4.0
ProgramName: mris_left_right_register  ProgramArguments: mris_left_right_register -all-info  ProgramVersion: 7.3.2  TimeStamp: 2026/03/12-14:39:28-GMT  BuildTime: Aug  4 2022 06:17:15  BuildStamp: freesurfer-linux-ubuntu22_x86_64-7.3.2-20220804-6354275  User: oesteban  Machine: dna017  Platform: Linux  PlatformVersion: 5.14.0-427.37.1.el9_4.x86_64  CompilerName: GCC  CompilerVersion: 8.4.0
ProgramName: mris_place_surface  ProgramArguments: mris_place_surface -all-info  ProgramVersion: 7.3.2  TimeStamp: 2026/03/12-14:39:28-GMT  BuildTime: Aug  4 2022 06:17:15  BuildStamp: freesurfer-linux-ubuntu22_x86_64-7.3.2-20220804-6354275  User: oesteban  Machine: dna017  Platform: Linux  PlatformVersion: 5.14.0-427.37.1.el9_4.x86_64  CompilerName: GCC  CompilerVersion: 8.4.0
ProgramName: mrisp_paint  ProgramArguments: mrisp_paint -all-info  ProgramVersion: 7.3.2  TimeStamp: 2026/03/12-14:39:28-GMT  BuildTime: Aug  4 2022 06:17:15  BuildStamp: freesurfer-linux-ubuntu22_x86_64-7.3.2-20220804-6354275  User: oesteban  Machine: dna017  Platform: Linux  PlatformVersion: 5.14.0-427.37.1.el9_4.x86_64  CompilerName: GCC  CompilerVersion: 8.4.0
ProgramName: mris_register  ProgramArguments: mris_register -all-info  ProgramVersion: 7.3.2  TimeStamp: 2026/03/12-14:39:28-GMT  BuildTime: Aug  4 2022 06:17:15  BuildStamp: freesurfer-linux-ubuntu22_x86_64-7.3.2-20220804-6354275  User: oesteban  Machine: dna017  Platform: Linux  PlatformVersion: 5.14.0-427.37.1.el9_4.x86_64  CompilerName: GCC  CompilerVersion: 8.4.0
ProgramName: mris_smooth  ProgramArguments: mris_smooth -all-info  ProgramVersion: 7.3.2  TimeStamp: 2026/03/12-14:39:28-GMT  BuildTime: Aug  4 2022 06:17:15  BuildStamp: freesurfer-linux-ubuntu22_x86_64-7.3.2-20220804-6354275  User: oesteban  Machine: dna017  Platform: Linux  PlatformVersion: 5.14.0-427.37.1.el9_4.x86_64  CompilerName: GCC  CompilerVersion: 8.4.0
ProgramName: mris_sphere  ProgramArguments: mris_sphere -all-info  ProgramVersion: 7.3.2  TimeStamp: 2026/03/12-14:39:28-GMT  BuildTime: Aug  4 2022 06:17:15  BuildStamp: freesurfer-linux-ubuntu22_x86_64-7.3.2-20220804-6354275  User: oesteban  Machine: dna017  Platform: Linux  PlatformVersion: 5.14.0-427.37.1.el9_4.x86_64  CompilerName: GCC  CompilerVersion: 8.4.0
ProgramName: mris_surface_stats  ProgramArguments: mris_surface_stats -all-info  ProgramVersion: 7.3.2  TimeStamp: 2026/03/12-14:39:28-GMT  BuildTime: Aug  4 2022 06:17:15  BuildStamp: freesurfer-linux-ubuntu22_x86_64-7.3.2-20220804-6354275  User: oesteban  Machine: dna017  Platform: Linux  PlatformVersion: 5.14.0-427.37.1.el9_4.x86_64  CompilerName: GCC  CompilerVersion: 8.4.0
ProgramName: mri_stats2seg  ProgramArguments: mri_stats2seg -all-info  ProgramVersion: 7.3.2  TimeStamp: 2026/03/12-14:39:28-GMT  BuildTime: Aug  4 2022 06:17:15  BuildStamp: freesurfer-linux-ubuntu22_x86_64-7.3.2-20220804-6354275  User: oesteban  Machine: dna017  Platform: Linux  PlatformVersion: 5.14.0-427.37.1.el9_4.x86_64  CompilerName: GCC  CompilerVersion: 8.4.0
ProgramName: mris_thickness  ProgramArguments: mris_thickness -all-info  ProgramVersion: 7.3.2  TimeStamp: 2026/03/12-14:39:28-GMT  BuildTime: Aug  4 2022 06:17:15  BuildStamp: freesurfer-linux-ubuntu22_x86_64-7.3.2-20220804-6354275  User: oesteban  Machine: dna017  Platform: Linux  PlatformVersion: 5.14.0-427.37.1.el9_4.x86_64  CompilerName: GCC  CompilerVersion: 8.4.0
ProgramName: mris_thickness_diff  ProgramArguments: mris_thickness_diff -all-info  ProgramVersion: 7.3.2  TimeStamp: 2026/03/12-14:39:28-GMT  BuildTime: Aug  4 2022 06:17:15  BuildStamp: freesurfer-linux-ubuntu22_x86_64-7.3.2-20220804-6354275  User: oesteban  Machine: dna017  Platform: Linux  PlatformVersion: 5.14.0-427.37.1.el9_4.x86_64  CompilerName: GCC  CompilerVersion: 8.4.0
ProgramName: mris_topo_fixer  ProgramArguments: mris_topo_fixer -all-info  ProgramVersion: 7.3.2  TimeStamp: 2026/03/12-14:39:28-GMT  BuildTime: Aug  4 2022 06:17:15  BuildStamp: freesurfer-linux-ubuntu22_x86_64-7.3.2-20220804-6354275  User: oesteban  Machine: dna017  Platform: Linux  PlatformVersion: 5.14.0-427.37.1.el9_4.x86_64  CompilerName: GCC  CompilerVersion: 8.4.0
ProgramName: mri_surf2surf  ProgramArguments: mri_surf2surf -all-info  ProgramVersion: 7.3.2  TimeStamp: 2026/03/12-14:39:28-GMT  BuildTime: Aug  4 2022 06:17:15  BuildStamp: freesurfer-linux-ubuntu22_x86_64-7.3.2-20220804-6354275  User: oesteban  Machine: dna017  Platform: Linux  PlatformVersion: 5.14.0-427.37.1.el9_4.x86_64  CompilerName: GCC  CompilerVersion: 8.4.0
ProgramName: mri_surf2vol  ProgramArguments: mri_surf2vol -all-info  ProgramVersion: 7.3.2  TimeStamp: 2026/03/12-14:39:28-GMT  BuildTime: Aug  4 2022 06:17:15  BuildStamp: freesurfer-linux-ubuntu22_x86_64-7.3.2-20220804-6354275  User: oesteban  Machine: dna017  Platform: Linux  PlatformVersion: 5.14.0-427.37.1.el9_4.x86_64  CompilerName: GCC  CompilerVersion: 8.4.0
ProgramName: mri_surfcluster  ProgramArguments: mri_surfcluster -all-info  ProgramVersion: 7.3.2  TimeStamp: 2026/03/12-14:39:28-GMT  BuildTime: Aug  4 2022 06:17:15  BuildStamp: freesurfer-linux-ubuntu22_x86_64-7.3.2-20220804-6354275  User: oesteban  Machine: dna017  Platform: Linux  PlatformVersion: 5.14.0-427.37.1.el9_4.x86_64  CompilerName: GCC  CompilerVersion: 8.4.0
ProgramName: mris_volmask  ProgramArguments: mris_volmask -all-info  ProgramVersion: 7.3.2  TimeStamp: 2026/03/12-14:39:28-GMT  BuildTime: Aug  4 2022 06:17:15  BuildStamp: freesurfer-linux-ubuntu22_x86_64-7.3.2-20220804-6354275  User: oesteban  Machine: dna017  Platform: Linux  PlatformVersion: 5.14.0-427.37.1.el9_4.x86_64  CompilerName: GCC  CompilerVersion: 8.4.0
ProgramName: mri_tessellate  ProgramArguments: mri_tessellate -all-info  ProgramVersion: 7.3.2  TimeStamp: 2026/03/12-14:39:28-GMT  BuildTime: Aug  4 2022 06:17:15  BuildStamp: freesurfer-linux-ubuntu22_x86_64-7.3.2-20220804-6354275  User: oesteban  Machine: dna017  Platform: Linux  PlatformVersion: 5.14.0-427.37.1.el9_4.x86_64  CompilerName: GCC  CompilerVersion: 8.4.0
ProgramName: mri_vol2surf  ProgramArguments: mri_vol2surf -all-info  ProgramVersion: 7.3.2  TimeStamp: 2026/03/12-14:39:28-GMT  BuildTime: Aug  4 2022 06:17:15  BuildStamp: freesurfer-linux-ubuntu22_x86_64-7.3.2-20220804-6354275  User: oesteban  Machine: dna017  Platform: Linux  PlatformVersion: 5.14.0-427.37.1.el9_4.x86_64  CompilerName: GCC  CompilerVersion: 8.4.0
ProgramName: mri_vol2vol  ProgramArguments: mri_vol2vol -all-info  ProgramVersion: 7.3.2  TimeStamp: 2026/03/12-14:39:28-GMT  BuildTime: Aug  4 2022 06:17:15  BuildStamp: freesurfer-linux-ubuntu22_x86_64-7.3.2-20220804-6354275  User: oesteban  Machine: dna017  Platform: Linux  PlatformVersion: 5.14.0-427.37.1.el9_4.x86_64  CompilerName: GCC  CompilerVersion: 8.4.0
ProgramName: mri_voldiff  ProgramArguments: mri_voldiff -all-info  ProgramVersion: 7.3.2  TimeStamp: 2026/03/12-14:39:28-GMT  BuildTime: Aug  4 2022 06:17:15  BuildStamp: freesurfer-linux-ubuntu22_x86_64-7.3.2-20220804-6354275  User: oesteban  Machine: dna017  Platform: Linux  PlatformVersion: 5.14.0-427.37.1.el9_4.x86_64  CompilerName: GCC  CompilerVersion: 8.4.0
ProgramName: mri_watershed  ProgramArguments: mri_watershed -all-info  ProgramVersion: 7.3.2  TimeStamp: 2026/03/12-14:39:28-GMT  BuildTime: Aug  4 2022 06:17:15  BuildStamp: freesurfer-linux-ubuntu22_x86_64-7.3.2-20220804-6354275  User: oesteban  Machine: dna017  Platform: Linux  PlatformVersion: 5.14.0-427.37.1.el9_4.x86_64  CompilerName: GCC  CompilerVersion: 8.4.0
ProgramName: tkregister2  ProgramArguments: tkregister2_cmdl -all-info  ProgramVersion: 7.3.2  TimeStamp: 2026/03/12-14:39:28-GMT  BuildTime: Aug  4 2022 06:17:15  BuildStamp: freesurfer-linux-ubuntu22_x86_64-7.3.2-20220804-6354275  User: oesteban  Machine: dna017  Platform: Linux  PlatformVersion: 5.14.0-427.37.1.el9_4.x86_64  CompilerName: GCC  CompilerVersion: 8.4.0
mri_motion_correct.fsl 7.3.2
mri_convert -all-info 
ProgramName: mri_convert  ProgramArguments: mri_convert -all-info  ProgramVersion: 7.3.2  TimeStamp: 2026/03/12-14:39:28-GMT  BuildTime: Aug  4 2022 06:17:15  BuildStamp: freesurfer-linux-ubuntu22_x86_64-7.3.2-20220804-6354275  User: oesteban  Machine: dna017  Platform: Linux  PlatformVersion: 5.14.0-427.37.1.el9_4.x86_64  CompilerName: GCC  CompilerVersion: 8.4.0
Program nu_correct, built from:
Package MNI N3, version 1.12.0, compiled by nicks@terrier (x86_64-unknown-linux-gnu) on 2015-06-19 at 01:25:34
#######################################
GCADIR /opt/freesurfer/average
GCA RB_all_2020-01-02.gca
GCASkull RB_all_withskull_2020_01_02.gca
AvgCurvTif folding.atlas.acfb40.noaparc.i12.2016-08-02.tif
GCSDIR /opt/freesurfer/average
GCS DKaparc.atlas.acfb40.noaparc.i12.2016-08-02.gcs
#######################################
#-------------------------------------
#@# EM Registration Thu Mar 12 15:39:28 CET 2026
/out/sourcedata/freesurfer/sub-v1s20x0050296_ses-1/mri

 mri_em_register -uns 3 -mask brainmask.mgz nu.mgz /opt/freesurfer/average/RB_all_2020-01-02.gca transforms/talairach.lta 

setting unknown_nbr_spacing = 3
using MR volume brainmask.mgz to mask input volume...

== Number of threads available to mri_em_register for OpenMP = 16 == 
reading 1 input volumes...
logging results to talairach.log
reading '/opt/freesurfer/average/RB_all_2020-01-02.gca'...
GCAread took 0 minutes and 1 seconds.
average std = 7.2   using min determinant for regularization = 5.2
0 singular and 884 ill-conditioned covariance matrices regularized
reading 'nu.mgz'...
MRImask(): AllowDiffGeom = 1
MRImask(): AllowDiffGeom = 1
MRImask(): AllowDiffGeom = 1
MRImask(): AllowDiffGeom = 1
MRImask(): AllowDiffGeom = 1
freeing gibbs priors...done.
accounting for voxel sizes in initial transform
bounding unknown intensity as < 5.9 or > 519.0 
total sample mean = 79.1 (1017 zeros)
************************************************
spacing=8, using 2841 sample points, tol=1.00e-05...
************************************************
register_mri: find_optimal_transform
find_optimal_transform: nsamples 2841, passno 0, spacing 8
resetting wm mean[0]: 98 --> 107
resetting gm mean[0]: 61 --> 61
input volume #1 is the most T1-like
using real data threshold=30.0
skull bounding box = (57, 67, 43) --> (189, 177, 202)
finding center of left hemi white matter
using (101, 104, 123) as brain centroid of Right_Cerebral_White_Matter...
MRImask(): AllowDiffGeom = 1
mean wm in atlas = 107, using box (85,91,103) --> (117, 117,142) to find MRI wm
before smoothing, mri peak at 106
robust fit to distribution - 107 +- 4.3
after smoothing, mri peak at 106, scaling input intensities by 1.009
scaling channel 0 by 1.00943
initial log_p = -4.043
************************************************
First Search limited to translation only.
************************************************
max log p =    -4.048131 @ (10.526, -10.526, -10.526)
max log p =    -3.768106 @ (-5.263, 5.263, 5.263)
max log p =    -3.730840 @ (-2.632, 2.632, -2.632)
max log p =    -3.717289 @ (1.316, 1.316, -1.316)
max log p =    -3.710160 @ (-0.658, -1.974, 0.658)
max log p =    -3.710160 @ (0.000, 0.000, 0.000)
max log p =    -3.710160 @ (0.000, 0.000, 0.000)
max log p =    -3.710160 @ (0.000, 0.000, 0.000)
Found translation: (3.3, -3.3, -8.6): log p = -3.710
****************************************
Nine parameter search.  iteration 0 nscales = 0 ...
****************************************
Result so far: scale 1.000: max_log_p=-3.455, old_max_log_p =-3.710 (thresh=-3.7)
 1.07500   0.00000   0.00000  -5.97399;
 0.00000   1.23625   0.00000  -32.24895;
 0.00000   0.00000   1.00000  -8.55264;
 0.00000   0.00000   0.00000   1.00000;
iteration took 0 minutes and 12 seconds.
****************************************
Nine parameter search.  iteration 1 nscales = 0 ...
****************************************
Result so far: scale 1.000: max_log_p=-3.455, old_max_log_p =-3.455 (thresh=-3.5)
 1.07500   0.00000   0.00000  -5.97399;
 0.00000   1.23625   0.00000  -32.24895;
 0.00000   0.00000   1.00000  -8.55264;
 0.00000   0.00000   0.00000   1.00000;
reducing scale to 0.2500
iteration took 0 minutes and 12 seconds.
****************************************
Nine parameter search.  iteration 2 nscales = 1 ...
****************************************
Result so far: scale 0.250: max_log_p=-3.310, old_max_log_p =-3.455 (thresh=-3.5)
 1.03247  -0.07766  -0.00412   9.26703;
 0.06890   1.20917   0.02945  -42.67103;
 0.00221  -0.04508   1.03678  -7.49259;
 0.00000   0.00000   0.00000   1.00000;
iteration took 0 minutes and 12 seconds.
****************************************
Nine parameter search.  iteration 3 nscales = 1 ...
****************************************
Result so far: scale 0.250: max_log_p=-3.310, old_max_log_p =-3.310 (thresh=-3.3)
 1.05134  -0.08057   0.03037   3.36365;
 0.06761   1.18649   0.02890  -39.63425;
-0.03157  -0.04251   1.03636  -5.46150;
 0.00000   0.00000   0.00000   1.00000;
reducing scale to 0.0625
iteration took 0 minutes and 12 seconds.
****************************************
Nine parameter search.  iteration 4 nscales = 2 ...
****************************************
Result so far: scale 0.062: max_log_p=-3.267, old_max_log_p =-3.310 (thresh=-3.3)
 1.04910  -0.07996   0.02186   4.08838;
 0.06704   1.18647   0.05437  -42.97191;
-0.02463  -0.07238   1.03676  -1.72134;
 0.00000   0.00000   0.00000   1.00000;
iteration took 0 minutes and 12 seconds.
****************************************
Nine parameter search.  iteration 5 nscales = 2 ...
****************************************
Result so far: scale 0.062: max_log_p=-3.266, old_max_log_p =-3.267 (thresh=-3.3)
 1.04927  -0.07944   0.01337   5.44862;
 0.06724   1.18702   0.04589  -42.08994;
-0.01548  -0.06325   1.03610  -3.91727;
 0.00000   0.00000   0.00000   1.00000;
min search scale 0.025000 reached
***********************************************
Computing MAP estimate using 2841 samples...
***********************************************
dt = 5.00e-06, momentum=0.80, tol=1.00e-05
l_intensity = 1.0000
Aligning input volume to GCA...
Transform matrix
 1.04927  -0.07944   0.01337   5.44862;
 0.06724   1.18702   0.04589  -42.08994;
-0.01548  -0.06325   1.03610  -3.91727;
 0.00000   0.00000   0.00000   1.00000;
nsamples 2841
Quasinewton: input matrix
 1.04927  -0.07944   0.01337   5.44862;
 0.06724   1.18702   0.04589  -42.08994;
-0.01548  -0.06325   1.03610  -3.91727;
 0.00000   0.00000   0.00000   1.00000;
 IFLAG= -1  LINE SEARCH FAILED. SEE DOCUMENTATION OF ROUTINE MCSRCH ERROR RETURN OF LINE SEARCH: INFO= 3 POSSIBLE CAUSES: FUNCTION OR GRADIENT ARE INCORRECT OR INCORRECT TOLERANCESoutof QuasiNewtonEMA: 008: -log(p) =   -0.0  tol 0.000010
Resulting transform:
 1.04927  -0.07944   0.01337   5.44862;
 0.06724   1.18702   0.04589  -42.08994;
-0.01548  -0.06325   1.03610  -3.91727;
 0.00000   0.00000   0.00000   1.00000;

pass 1, spacing 8: log(p) = -3.266 (old=-4.043)
transform before final EM align:
 1.04927  -0.07944   0.01337   5.44862;
 0.06724   1.18702   0.04589  -42.08994;
-0.01548  -0.06325   1.03610  -3.91727;
 0.00000   0.00000   0.00000   1.00000;

**************************************************
 EM alignment process ...
 Computing final MAP estimate using 315638 samples. 
**************************************************
dt = 5.00e-06, momentum=0.80, tol=1.00e-07
l_intensity = 1.0000
Aligning input volume to GCA...
Transform matrix
 1.04927  -0.07944   0.01337   5.44862;
 0.06724   1.18702   0.04589  -42.08994;
-0.01548  -0.06325   1.03610  -3.91727;
 0.00000   0.00000   0.00000   1.00000;
nsamples 315638
Quasinewton: input matrix
 1.04927  -0.07944   0.01337   5.44862;
 0.06724   1.18702   0.04589  -42.08994;
-0.01548  -0.06325   1.03610  -3.91727;
 0.00000   0.00000   0.00000   1.00000;
 IFLAG= -1  LINE SEARCH FAILED. SEE DOCUMENTATION OF ROUTINE MCSRCH ERROR RETURN OF LINE SEARCH: INFO= 6 POSSIBLE CAUSES: FUNCTION OR GRADIENT ARE INCORRECT OR INCORRECT TOLERANCESoutof QuasiNewtonEMA: 010: -log(p) =    3.8  tol 0.000000
final transform:
 1.04927  -0.07944   0.01337   5.44862;
 0.06724   1.18702   0.04589  -42.08994;
-0.01548  -0.06325   1.03610  -3.91727;
 0.00000   0.00000   0.00000   1.00000;

writing output transformation to transforms/talairach.lta...
#VMPC# mri_em_register VmPeak  891288
FSRUNTIME@ mri_em_register  0.0294 hours 16 threads
registration took 1 minutes and 46 seconds.

Started at Thu Mar 12 15:39:28 CET 2026 
Ended   at Thu Mar 12 15:41:14 CET 2026
#@#%# recon-all-run-time-hours 0.029
recon-all -s sub-v1s20x0050296_ses-1 finished without error at Thu Mar 12 15:41:14 CET 2026



#New# invocation of recon-all 




Thu Mar 12 15:41:16 CET 2026
cd /out/sourcedata/freesurfer/sub-v1s20x0050296_ses-1
setenv SUBJECTS_DIR /out/sourcedata/freesurfer
/opt/freesurfer/bin/recon-all -autorecon2-volonly -openmp 16 -subjid sub-v1s20x0050296_ses-1 -sd /out/sourcedata/freesurfer -nogcareg

subjid sub-v1s20x0050296_ses-1
setenv SUBJECTS_DIR /out/sourcedata/freesurfer
FREESURFER_HOME /opt/freesurfer
Actual FREESURFER_HOME /opt/freesurfer
build-stamp.txt: freesurfer-linux-ubuntu22_x86_64-7.3.2-20220804-6354275
Linux dna017 5.14.0-427.37.1.el9_4.x86_64 #1 SMP PREEMPT_DYNAMIC Fri Sep 13 12:41:50 EDT 2024 x86_64 x86_64 x86_64 GNU/Linux
cputime      unlimited
filesize     unlimited
datasize     unlimited
stacksize    8192 kbytes
coredumpsize 0 kbytes
memoryuse    67108864 kbytes
vmemoryuse   unlimited
descriptors  1024 
memorylocked unlimited
maxproc      2061970 
maxlocks     unlimited
maxsignal    2061970 
maxmessage   819200 
maxnice      0 
maxrtprio    0 
maxrttime    unlimited

               total        used        free      shared  buff/cache   available
Mem:           503Gi        60Gi       398Gi        13Gi        44Gi       426Gi
Swap:             0B          0B          0B

########################################
program versions used
7.3.2 (freesurfer-linux-ubuntu22_x86_64-7.3.2-20220804-6354275)
7.3.2

ProgramName: lta_convert  ProgramArguments: lta_convert -all-info  ProgramVersion: 7.3.2  TimeStamp: 2026/03/12-14:41:16-GMT  BuildTime: Aug  4 2022 06:17:15  BuildStamp: freesurfer-linux-ubuntu22_x86_64-7.3.2-20220804-6354275  User: oesteban  Machine: dna017  Platform: Linux  PlatformVersion: 5.14.0-427.37.1.el9_4.x86_64  CompilerName: GCC  CompilerVersion: 8.4.0
ProgramName: mri_and  ProgramArguments: mri_and -all-info  ProgramVersion: 7.3.2  TimeStamp: 2026/03/12-14:41:16-GMT  BuildTime: Aug  4 2022 06:17:15  BuildStamp: freesurfer-linux-ubuntu22_x86_64-7.3.2-20220804-6354275  User: oesteban  Machine: dna017  Platform: Linux  PlatformVersion: 5.14.0-427.37.1.el9_4.x86_64  CompilerName: GCC  CompilerVersion: 8.4.0
ProgramName: mri_annotation2label  ProgramArguments: mri_annotation2label -all-info  ProgramVersion: 7.3.2  TimeStamp: 2026/03/12-14:41:16-GMT  BuildTime: Aug  4 2022 06:17:15  BuildStamp: freesurfer-linux-ubuntu22_x86_64-7.3.2-20220804-6354275  User: oesteban  Machine: dna017  Platform: Linux  PlatformVersion: 5.14.0-427.37.1.el9_4.x86_64  CompilerName: GCC  CompilerVersion: 8.4.0
ProgramName: mri_aparc2aseg  ProgramArguments: mri_aparc2aseg -all-info  ProgramVersion: 7.3.2  TimeStamp: 2026/03/12-14:41:16-GMT  BuildTime: Aug  4 2022 06:17:15  BuildStamp: freesurfer-linux-ubuntu22_x86_64-7.3.2-20220804-6354275  User: oesteban  Machine: dna017  Platform: Linux  PlatformVersion: 5.14.0-427.37.1.el9_4.x86_64  CompilerName: GCC  CompilerVersion: 8.4.0
ProgramName: mri_surf2volseg  ProgramArguments: mri_surf2volseg -all-info  ProgramVersion: 7.3.2  TimeStamp: 2026/03/12-14:41:16-GMT  BuildTime: Aug  4 2022 06:17:15  BuildStamp: freesurfer-linux-ubuntu22_x86_64-7.3.2-20220804-6354275  User: oesteban  Machine: dna017  Platform: Linux  PlatformVersion: 5.14.0-427.37.1.el9_4.x86_64  CompilerName: GCC  CompilerVersion: 8.4.0
ProgramName: mri_binarize  ProgramArguments: mri_binarize -all-info  ProgramVersion: 7.3.2  TimeStamp: 2026/03/12-14:41:16-GMT  BuildTime: Aug  4 2022 06:17:15  BuildStamp: freesurfer-linux-ubuntu22_x86_64-7.3.2-20220804-6354275  User: oesteban  Machine: dna017  Platform: Linux  PlatformVersion: 5.14.0-427.37.1.el9_4.x86_64  CompilerName: GCC  CompilerVersion: 8.4.0
ProgramName: mri_ca_label  ProgramArguments: mri_ca_label -all-info  ProgramVersion: 7.3.2  TimeStamp: 2026/03/12-14:41:16-GMT  BuildTime: Aug  4 2022 06:17:15  BuildStamp: freesurfer-linux-ubuntu22_x86_64-7.3.2-20220804-6354275  User: oesteban  Machine: dna017  Platform: Linux  PlatformVersion: 5.14.0-427.37.1.el9_4.x86_64  CompilerName: GCC  CompilerVersion: 8.4.0
ProgramName: mri_ca_normalize  ProgramArguments: mri_ca_normalize -all-info  ProgramVersion: 7.3.2  TimeStamp: 2026/03/12-14:41:16-GMT  BuildTime: Aug  4 2022 06:17:15  BuildStamp: freesurfer-linux-ubuntu22_x86_64-7.3.2-20220804-6354275  User: oesteban  Machine: dna017  Platform: Linux  PlatformVersion: 5.14.0-427.37.1.el9_4.x86_64  CompilerName: GCC  CompilerVersion: 8.4.0
ProgramName: mri_ca_register  ProgramArguments: mri_ca_register -all-info  ProgramVersion: 7.3.2  TimeStamp: 2026/03/12-14:41:16-GMT  BuildTime: Aug  4 2022 06:17:15  BuildStamp: freesurfer-linux-ubuntu22_x86_64-7.3.2-20220804-6354275  User: oesteban  Machine: dna017  Platform: Linux  PlatformVersion: 5.14.0-427.37.1.el9_4.x86_64  CompilerName: GCC  CompilerVersion: 8.4.0
ProgramName: mri_cc  ProgramArguments: mri_cc -all-info  ProgramVersion: 7.3.2  TimeStamp: 2026/03/12-14:41:16-GMT  BuildTime: Aug  4 2022 06:17:15  BuildStamp: freesurfer-linux-ubuntu22_x86_64-7.3.2-20220804-6354275  User: oesteban  Machine: dna017  Platform: Linux  PlatformVersion: 5.14.0-427.37.1.el9_4.x86_64  CompilerName: GCC  CompilerVersion: 8.4.0
ProgramName: mri_compute_overlap  ProgramArguments: mri_compute_overlap -all-info  ProgramVersion: 7.3.2  TimeStamp: 2026/03/12-14:41:16-GMT  BuildTime: Aug  4 2022 06:17:15  BuildStamp: freesurfer-linux-ubuntu22_x86_64-7.3.2-20220804-6354275  User: oesteban  Machine: dna017  Platform: Linux  PlatformVersion: 5.14.0-427.37.1.el9_4.x86_64  CompilerName: GCC  CompilerVersion: 8.4.0
ProgramName: mri_compute_seg_overlap  ProgramArguments: mri_compute_seg_overlap -all-info  ProgramVersion: 7.3.2  TimeStamp: 2026/03/12-14:41:16-GMT  BuildTime: Aug  4 2022 06:17:15  BuildStamp: freesurfer-linux-ubuntu22_x86_64-7.3.2-20220804-6354275  User: oesteban  Machine: dna017  Platform: Linux  PlatformVersion: 5.14.0-427.37.1.el9_4.x86_64  CompilerName: GCC  CompilerVersion: 8.4.0
ProgramName: mri_concat  ProgramArguments: mri_concat -all-info  ProgramVersion: 7.3.2  TimeStamp: 2026/03/12-14:41:16-GMT  BuildTime: Aug  4 2022 06:17:15  BuildStamp: freesurfer-linux-ubuntu22_x86_64-7.3.2-20220804-6354275  User: oesteban  Machine: dna017  Platform: Linux  PlatformVersion: 5.14.0-427.37.1.el9_4.x86_64  CompilerName: GCC  CompilerVersion: 8.4.0
ProgramName: mri_concatenate_lta  ProgramArguments: mri_concatenate_lta -all-info  ProgramVersion: 7.3.2  TimeStamp: 2026/03/12-14:41:16-GMT  BuildTime: Aug  4 2022 06:17:15  BuildStamp: freesurfer-linux-ubuntu22_x86_64-7.3.2-20220804-6354275  User: oesteban  Machine: dna017  Platform: Linux  PlatformVersion: 5.14.0-427.37.1.el9_4.x86_64  CompilerName: GCC  CompilerVersion: 8.4.0
mri_convert -all-info 
ProgramName: mri_convert  ProgramArguments: mri_convert -all-info  ProgramVersion: 7.3.2  TimeStamp: 2026/03/12-14:41:16-GMT  BuildTime: Aug  4 2022 06:17:15  BuildStamp: freesurfer-linux-ubuntu22_x86_64-7.3.2-20220804-6354275  User: oesteban  Machine: dna017  Platform: Linux  PlatformVersion: 5.14.0-427.37.1.el9_4.x86_64  CompilerName: GCC  CompilerVersion: 8.4.0
ProgramName: mri_diff  ProgramArguments: mri_diff -all-info  ProgramVersion: 7.3.2  TimeStamp: 2026/03/12-14:41:16-GMT  BuildTime: Aug  4 2022 06:17:15  BuildStamp: freesurfer-linux-ubuntu22_x86_64-7.3.2-20220804-6354275  User: oesteban  Machine: dna017  Platform: Linux  PlatformVersion: 5.14.0-427.37.1.el9_4.x86_64  CompilerName: GCC  CompilerVersion: 8.4.0
ProgramName: mri_edit_wm_with_aseg  ProgramArguments: mri_edit_wm_with_aseg -all-info  ProgramVersion: 7.3.2  TimeStamp: 2026/03/12-14:41:16-GMT  BuildTime: Aug  4 2022 06:17:15  BuildStamp: freesurfer-linux-ubuntu22_x86_64-7.3.2-20220804-6354275  User: oesteban  Machine: dna017  Platform: Linux  PlatformVersion: 5.14.0-427.37.1.el9_4.x86_64  CompilerName: GCC  CompilerVersion: 8.4.0
ProgramName: mri_em_register  ProgramArguments: mri_em_register -all-info  ProgramVersion: 7.3.2  TimeStamp: 2026/03/12-14:41:16-GMT  BuildTime: Aug  4 2022 06:17:15  BuildStamp: freesurfer-linux-ubuntu22_x86_64-7.3.2-20220804-6354275  User: oesteban  Machine: dna017  Platform: Linux  PlatformVersion: 5.14.0-427.37.1.el9_4.x86_64  CompilerName: GCC  CompilerVersion: 8.4.0
ProgramName: mri_fill  ProgramArguments: mri_fill -all-info  ProgramVersion: 7.3.2  TimeStamp: 2026/03/12-14:41:16-GMT  BuildTime: Aug  4 2022 06:17:15  BuildStamp: freesurfer-linux-ubuntu22_x86_64-7.3.2-20220804-6354275  User: oesteban  Machine: dna017  Platform: Linux  PlatformVersion: 5.14.0-427.37.1.el9_4.x86_64  CompilerName: GCC  CompilerVersion: 8.4.0
ProgramName: mri_fuse_segmentations  ProgramArguments: mri_fuse_segmentations -all-info  ProgramVersion: 7.3.2  TimeStamp: 2026/03/12-14:41:16-GMT  BuildTime: Aug  4 2022 06:17:15  BuildStamp: freesurfer-linux-ubuntu22_x86_64-7.3.2-20220804-6354275  User: oesteban  Machine: dna017  Platform: Linux  PlatformVersion: 5.14.0-427.37.1.el9_4.x86_64  CompilerName: GCC  CompilerVersion: 8.4.0
ProgramName: mri_fwhm  ProgramArguments: mri_fwhm -all-info  ProgramVersion: 7.3.2  TimeStamp: 2026/03/12-14:41:16-GMT  BuildTime: Aug  4 2022 06:17:15  BuildStamp: freesurfer-linux-ubuntu22_x86_64-7.3.2-20220804-6354275  User: oesteban  Machine: dna017  Platform: Linux  PlatformVersion: 5.14.0-427.37.1.el9_4.x86_64  CompilerName: GCC  CompilerVersion: 8.4.0
ProgramName: mri_gcut  ProgramArguments: mri_gcut -all-info  ProgramVersion: 7.3.2  TimeStamp: 2026/03/12-14:41:16-GMT  BuildTime: Aug  4 2022 06:17:15  BuildStamp: freesurfer-linux-ubuntu22_x86_64-7.3.2-20220804-6354275  User: oesteban  Machine: dna017  Platform: Linux  PlatformVersion: 5.14.0-427.37.1.el9_4.x86_64  CompilerName: GCC  CompilerVersion: 8.4.0
ProgramName: mri_info  ProgramArguments: mri_info -all-info  ProgramVersion: 7.3.2  TimeStamp: 2026/03/12-14:41:16-GMT  BuildTime: Aug  4 2022 06:17:15  BuildStamp: freesurfer-linux-ubuntu22_x86_64-7.3.2-20220804-6354275  User: oesteban  Machine: dna017  Platform: Linux  PlatformVersion: 5.14.0-427.37.1.el9_4.x86_64  CompilerName: GCC  CompilerVersion: 8.4.0
ProgramName: mri_label2label  ProgramArguments: mri_label2label -all-info  ProgramVersion: 7.3.2  TimeStamp: 2026/03/12-14:41:16-GMT  BuildTime: Aug  4 2022 06:17:15  BuildStamp: freesurfer-linux-ubuntu22_x86_64-7.3.2-20220804-6354275  User: oesteban  Machine: dna017  Platform: Linux  PlatformVersion: 5.14.0-427.37.1.el9_4.x86_64  CompilerName: GCC  CompilerVersion: 8.4.0
ProgramName: mri_label2vol  ProgramArguments: mri_label2vol -all-info  ProgramVersion: 7.3.2  TimeStamp: 2026/03/12-14:41:16-GMT  BuildTime: Aug  4 2022 06:17:15  BuildStamp: freesurfer-linux-ubuntu22_x86_64-7.3.2-20220804-6354275  User: oesteban  Machine: dna017  Platform: Linux  PlatformVersion: 5.14.0-427.37.1.el9_4.x86_64  CompilerName: GCC  CompilerVersion: 8.4.0
ProgramName: mri_log_likelihood  ProgramArguments: mri_log_likelihood -all-info  ProgramVersion: 7.3.2  TimeStamp: 2026/03/12-14:41:16-GMT  BuildTime: Aug  4 2022 06:17:15  BuildStamp: freesurfer-linux-ubuntu22_x86_64-7.3.2-20220804-6354275  User: oesteban  Machine: dna017  Platform: Linux  PlatformVersion: 5.14.0-427.37.1.el9_4.x86_64  CompilerName: GCC  CompilerVersion: 8.4.0
ProgramName: mri_mask  ProgramArguments: mri_mask -all-info  ProgramVersion: 7.3.2  TimeStamp: 2026/03/12-14:41:16-GMT  BuildTime: Aug  4 2022 06:17:15  BuildStamp: freesurfer-linux-ubuntu22_x86_64-7.3.2-20220804-6354275  User: oesteban  Machine: dna017  Platform: Linux  PlatformVersion: 5.14.0-427.37.1.el9_4.x86_64  CompilerName: GCC  CompilerVersion: 8.4.0
ProgramName: mri_matrix_multiply  ProgramArguments: mri_matrix_multiply -all-info  ProgramVersion: 7.3.2  TimeStamp: 2026/03/12-14:41:16-GMT  BuildTime: Aug  4 2022 06:17:15  BuildStamp: freesurfer-linux-ubuntu22_x86_64-7.3.2-20220804-6354275  User: oesteban  Machine: dna017  Platform: Linux  PlatformVersion: 5.14.0-427.37.1.el9_4.x86_64  CompilerName: GCC  CompilerVersion: 8.4.0
ProgramName: mri_normalize  ProgramArguments: mri_normalize -all-info  ProgramVersion: 7.3.2  TimeStamp: 2026/03/12-14:41:16-GMT  BuildTime: Aug  4 2022 06:17:15  BuildStamp: freesurfer-linux-ubuntu22_x86_64-7.3.2-20220804-6354275  User: oesteban  Machine: dna017  Platform: Linux  PlatformVersion: 5.14.0-427.37.1.el9_4.x86_64  CompilerName: GCC  CompilerVersion: 8.4.0
ProgramName: mri_normalize_tp2  ProgramArguments: mri_normalize_tp2 -all-info  ProgramVersion: 7.3.2  TimeStamp: 2026/03/12-14:41:16-GMT  BuildTime: Aug  4 2022 06:17:15  BuildStamp: freesurfer-linux-ubuntu22_x86_64-7.3.2-20220804-6354275  User: oesteban  Machine: dna017  Platform: Linux  PlatformVersion: 5.14.0-427.37.1.el9_4.x86_64  CompilerName: GCC  CompilerVersion: 8.4.0
ProgramName: mri_or  ProgramArguments: mri_or -all-info  ProgramVersion: 7.3.2  TimeStamp: 2026/03/12-14:41:16-GMT  BuildTime: Aug  4 2022 06:17:15  BuildStamp: freesurfer-linux-ubuntu22_x86_64-7.3.2-20220804-6354275  User: oesteban  Machine: dna017  Platform: Linux  PlatformVersion: 5.14.0-427.37.1.el9_4.x86_64  CompilerName: GCC  CompilerVersion: 8.4.0
ProgramName: mri_relabel_hypointensities  ProgramArguments: mri_relabel_hypointensities -all-info  ProgramVersion: 7.3.2  TimeStamp: 2026/03/12-14:41:16-GMT  BuildTime: Aug  4 2022 06:17:15  BuildStamp: freesurfer-linux-ubuntu22_x86_64-7.3.2-20220804-6354275  User: oesteban  Machine: dna017  Platform: Linux  PlatformVersion: 5.14.0-427.37.1.el9_4.x86_64  CompilerName: GCC  CompilerVersion: 8.4.0
ProgramName: mri_relabel_nonwm_hypos  ProgramArguments: mri_relabel_nonwm_hypos -all-info  ProgramVersion: 7.3.2  TimeStamp: 2026/03/12-14:41:16-GMT  BuildTime: Aug  4 2022 06:17:15  BuildStamp: freesurfer-linux-ubuntu22_x86_64-7.3.2-20220804-6354275  User: oesteban  Machine: dna017  Platform: Linux  PlatformVersion: 5.14.0-427.37.1.el9_4.x86_64  CompilerName: GCC  CompilerVersion: 8.4.0
ProgramName: mri_remove_neck  ProgramArguments: mri_remove_neck -all-info  ProgramVersion: 7.3.2  TimeStamp: 2026/03/12-14:41:16-GMT  BuildTime: Aug  4 2022 06:17:15  BuildStamp: freesurfer-linux-ubuntu22_x86_64-7.3.2-20220804-6354275  User: oesteban  Machine: dna017  Platform: Linux  PlatformVersion: 5.14.0-427.37.1.el9_4.x86_64  CompilerName: GCC  CompilerVersion: 8.4.0
7.3.2

ProgramName: mri_robust_register  ProgramArguments: mri_robust_register -all-info  ProgramVersion: 7.3.2  TimeStamp: 2026/03/12-14:41:16-GMT  BuildTime: Aug  4 2022 06:17:15  BuildStamp: freesurfer-linux-ubuntu22_x86_64-7.3.2-20220804-6354275  User: oesteban  Machine: dna017  Platform: Linux  PlatformVersion: 5.14.0-427.37.1.el9_4.x86_64  CompilerName: GCC  CompilerVersion: 8.4.0
7.3.2

ProgramName: mri_robust_template  ProgramArguments: mri_robust_template -all-info  ProgramVersion: 7.3.2  TimeStamp: 2026/03/12-14:41:16-GMT  BuildTime: Aug  4 2022 06:17:15  BuildStamp: freesurfer-linux-ubuntu22_x86_64-7.3.2-20220804-6354275  User: oesteban  Machine: dna017  Platform: Linux  PlatformVersion: 5.14.0-427.37.1.el9_4.x86_64  CompilerName: GCC  CompilerVersion: 8.4.0
ProgramName: mris_anatomical_stats  ProgramArguments: mris_anatomical_stats -all-info  ProgramVersion: 7.3.2  TimeStamp: 2026/03/12-14:41:16-GMT  BuildTime: Aug  4 2022 06:17:15  BuildStamp: freesurfer-linux-ubuntu22_x86_64-7.3.2-20220804-6354275  User: oesteban  Machine: dna017  Platform: Linux  PlatformVersion: 5.14.0-427.37.1.el9_4.x86_64  CompilerName: GCC  CompilerVersion: 8.4.0
ProgramName: mris_ca_label  ProgramArguments: mris_ca_label -all-info  ProgramVersion: 7.3.2  TimeStamp: 2026/03/12-14:41:16-GMT  BuildTime: Aug  4 2022 06:17:15  BuildStamp: freesurfer-linux-ubuntu22_x86_64-7.3.2-20220804-6354275  User: oesteban  Machine: dna017  Platform: Linux  PlatformVersion: 5.14.0-427.37.1.el9_4.x86_64  CompilerName: GCC  CompilerVersion: 8.4.0
ProgramName: mris_calc  ProgramArguments: mris_calc -all-info  ProgramVersion: 7.3.2  TimeStamp: 2026/03/12-14:41:16-GMT  BuildTime: Aug  4 2022 06:17:15  BuildStamp: freesurfer-linux-ubuntu22_x86_64-7.3.2-20220804-6354275  User: oesteban  Machine: dna017  Platform: Linux  PlatformVersion: 5.14.0-427.37.1.el9_4.x86_64  CompilerName: GCC  CompilerVersion: 8.4.0
ProgramName: mris_convert  ProgramArguments: mris_convert -all-info  ProgramVersion: 7.3.2  TimeStamp: 2026/03/12-14:41:16-GMT  BuildTime: Aug  4 2022 06:17:15  BuildStamp: freesurfer-linux-ubuntu22_x86_64-7.3.2-20220804-6354275  User: oesteban  Machine: dna017  Platform: Linux  PlatformVersion: 5.14.0-427.37.1.el9_4.x86_64  CompilerName: GCC  CompilerVersion: 8.4.0
ProgramName: mris_curvature  ProgramArguments: mris_curvature -all-info  ProgramVersion: 7.3.2  TimeStamp: 2026/03/12-14:41:16-GMT  BuildTime: Aug  4 2022 06:17:15  BuildStamp: freesurfer-linux-ubuntu22_x86_64-7.3.2-20220804-6354275  User: oesteban  Machine: dna017  Platform: Linux  PlatformVersion: 5.14.0-427.37.1.el9_4.x86_64  CompilerName: GCC  CompilerVersion: 8.4.0
ProgramName: mris_curvature_stats  ProgramArguments: mris_curvature_stats -all-info  ProgramVersion: 7.3.2  TimeStamp: 2026/03/12-14:41:16-GMT  BuildTime: Aug  4 2022 06:17:15  BuildStamp: freesurfer-linux-ubuntu22_x86_64-7.3.2-20220804-6354275  User: oesteban  Machine: dna017  Platform: Linux  PlatformVersion: 5.14.0-427.37.1.el9_4.x86_64  CompilerName: GCC  CompilerVersion: 8.4.0
ProgramName: mris_diff  ProgramArguments: mris_diff -all-info  ProgramVersion: 7.3.2  TimeStamp: 2026/03/12-14:41:16-GMT  BuildTime: Aug  4 2022 06:17:15  BuildStamp: freesurfer-linux-ubuntu22_x86_64-7.3.2-20220804-6354275  User: oesteban  Machine: dna017  Platform: Linux  PlatformVersion: 5.14.0-427.37.1.el9_4.x86_64  CompilerName: GCC  CompilerVersion: 8.4.0
ProgramName: mris_divide_parcellation  ProgramArguments: mris_divide_parcellation -all-info  ProgramVersion: 7.3.2  TimeStamp: 2026/03/12-14:41:16-GMT  BuildTime: Aug  4 2022 06:17:15  BuildStamp: freesurfer-linux-ubuntu22_x86_64-7.3.2-20220804-6354275  User: oesteban  Machine: dna017  Platform: Linux  PlatformVersion: 5.14.0-427.37.1.el9_4.x86_64  CompilerName: GCC  CompilerVersion: 8.4.0
ProgramName: mri_segment  ProgramArguments: mri_segment -all-info  ProgramVersion: 7.3.2  TimeStamp: 2026/03/12-14:41:16-GMT  BuildTime: Aug  4 2022 06:17:15  BuildStamp: freesurfer-linux-ubuntu22_x86_64-7.3.2-20220804-6354275  User: oesteban  Machine: dna017  Platform: Linux  PlatformVersion: 5.14.0-427.37.1.el9_4.x86_64  CompilerName: GCC  CompilerVersion: 8.4.0
ProgramName: mri_segstats  ProgramArguments: mri_segstats -all-info  ProgramVersion: 7.3.2  TimeStamp: 2026/03/12-14:41:16-GMT  BuildTime: Aug  4 2022 06:17:15  BuildStamp: freesurfer-linux-ubuntu22_x86_64-7.3.2-20220804-6354275  User: oesteban  Machine: dna017  Platform: Linux  PlatformVersion: 5.14.0-427.37.1.el9_4.x86_64  CompilerName: GCC  CompilerVersion: 8.4.0
ProgramName: mris_euler_number  ProgramArguments: mris_euler_number -all-info  ProgramVersion: 7.3.2  TimeStamp: 2026/03/12-14:41:16-GMT  BuildTime: Aug  4 2022 06:17:15  BuildStamp: freesurfer-linux-ubuntu22_x86_64-7.3.2-20220804-6354275  User: oesteban  Machine: dna017  Platform: Linux  PlatformVersion: 5.14.0-427.37.1.el9_4.x86_64  CompilerName: GCC  CompilerVersion: 8.4.0
ProgramName: mris_fix_topology  ProgramArguments: mris_fix_topology -all-info  ProgramVersion: 7.3.2  TimeStamp: 2026/03/12-14:41:16-GMT  BuildTime: Aug  4 2022 06:17:15  BuildStamp: freesurfer-linux-ubuntu22_x86_64-7.3.2-20220804-6354275  User: oesteban  Machine: dna017  Platform: Linux  PlatformVersion: 5.14.0-427.37.1.el9_4.x86_64  CompilerName: GCC  CompilerVersion: 8.4.0
ProgramName: mris_topo_fixer  ProgramArguments: mris_topo_fixer -all-info  ProgramVersion: 7.3.2  TimeStamp: 2026/03/12-14:41:16-GMT  BuildTime: Aug  4 2022 06:17:15  BuildStamp: freesurfer-linux-ubuntu22_x86_64-7.3.2-20220804-6354275  User: oesteban  Machine: dna017  Platform: Linux  PlatformVersion: 5.14.0-427.37.1.el9_4.x86_64  CompilerName: GCC  CompilerVersion: 8.4.0
ProgramName: mris_jacobian  ProgramArguments: mris_jacobian -all-info  ProgramVersion: 7.3.2  TimeStamp: 2026/03/12-14:41:16-GMT  BuildTime: Aug  4 2022 06:17:15  BuildStamp: freesurfer-linux-ubuntu22_x86_64-7.3.2-20220804-6354275  User: oesteban  Machine: dna017  Platform: Linux  PlatformVersion: 5.14.0-427.37.1.el9_4.x86_64  CompilerName: GCC  CompilerVersion: 8.4.0
ProgramName: mris_label2annot  ProgramArguments: mris_label2annot -all-info  ProgramVersion: 7.3.2  TimeStamp: 2026/03/12-14:41:16-GMT  BuildTime: Aug  4 2022 06:17:15  BuildStamp: freesurfer-linux-ubuntu22_x86_64-7.3.2-20220804-6354275  User: oesteban  Machine: dna017  Platform: Linux  PlatformVersion: 5.14.0-427.37.1.el9_4.x86_64  CompilerName: GCC  CompilerVersion: 8.4.0
ProgramName: mris_left_right_register  ProgramArguments: mris_left_right_register -all-info  ProgramVersion: 7.3.2  TimeStamp: 2026/03/12-14:41:16-GMT  BuildTime: Aug  4 2022 06:17:15  BuildStamp: freesurfer-linux-ubuntu22_x86_64-7.3.2-20220804-6354275  User: oesteban  Machine: dna017  Platform: Linux  PlatformVersion: 5.14.0-427.37.1.el9_4.x86_64  CompilerName: GCC  CompilerVersion: 8.4.0
ProgramName: mris_place_surface  ProgramArguments: mris_place_surface -all-info  ProgramVersion: 7.3.2  TimeStamp: 2026/03/12-14:41:16-GMT  BuildTime: Aug  4 2022 06:17:15  BuildStamp: freesurfer-linux-ubuntu22_x86_64-7.3.2-20220804-6354275  User: oesteban  Machine: dna017  Platform: Linux  PlatformVersion: 5.14.0-427.37.1.el9_4.x86_64  CompilerName: GCC  CompilerVersion: 8.4.0
ProgramName: mrisp_paint  ProgramArguments: mrisp_paint -all-info  ProgramVersion: 7.3.2  TimeStamp: 2026/03/12-14:41:16-GMT  BuildTime: Aug  4 2022 06:17:15  BuildStamp: freesurfer-linux-ubuntu22_x86_64-7.3.2-20220804-6354275  User: oesteban  Machine: dna017  Platform: Linux  PlatformVersion: 5.14.0-427.37.1.el9_4.x86_64  CompilerName: GCC  CompilerVersion: 8.4.0
ProgramName: mris_register  ProgramArguments: mris_register -all-info  ProgramVersion: 7.3.2  TimeStamp: 2026/03/12-14:41:16-GMT  BuildTime: Aug  4 2022 06:17:15  BuildStamp: freesurfer-linux-ubuntu22_x86_64-7.3.2-20220804-6354275  User: oesteban  Machine: dna017  Platform: Linux  PlatformVersion: 5.14.0-427.37.1.el9_4.x86_64  CompilerName: GCC  CompilerVersion: 8.4.0
ProgramName: mris_smooth  ProgramArguments: mris_smooth -all-info  ProgramVersion: 7.3.2  TimeStamp: 2026/03/12-14:41:16-GMT  BuildTime: Aug  4 2022 06:17:15  BuildStamp: freesurfer-linux-ubuntu22_x86_64-7.3.2-20220804-6354275  User: oesteban  Machine: dna017  Platform: Linux  PlatformVersion: 5.14.0-427.37.1.el9_4.x86_64  CompilerName: GCC  CompilerVersion: 8.4.0
ProgramName: mris_sphere  ProgramArguments: mris_sphere -all-info  ProgramVersion: 7.3.2  TimeStamp: 2026/03/12-14:41:16-GMT  BuildTime: Aug  4 2022 06:17:15  BuildStamp: freesurfer-linux-ubuntu22_x86_64-7.3.2-20220804-6354275  User: oesteban  Machine: dna017  Platform: Linux  PlatformVersion: 5.14.0-427.37.1.el9_4.x86_64  CompilerName: GCC  CompilerVersion: 8.4.0
ProgramName: mris_surface_stats  ProgramArguments: mris_surface_stats -all-info  ProgramVersion: 7.3.2  TimeStamp: 2026/03/12-14:41:16-GMT  BuildTime: Aug  4 2022 06:17:15  BuildStamp: freesurfer-linux-ubuntu22_x86_64-7.3.2-20220804-6354275  User: oesteban  Machine: dna017  Platform: Linux  PlatformVersion: 5.14.0-427.37.1.el9_4.x86_64  CompilerName: GCC  CompilerVersion: 8.4.0
ProgramName: mri_stats2seg  ProgramArguments: mri_stats2seg -all-info  ProgramVersion: 7.3.2  TimeStamp: 2026/03/12-14:41:16-GMT  BuildTime: Aug  4 2022 06:17:15  BuildStamp: freesurfer-linux-ubuntu22_x86_64-7.3.2-20220804-6354275  User: oesteban  Machine: dna017  Platform: Linux  PlatformVersion: 5.14.0-427.37.1.el9_4.x86_64  CompilerName: GCC  CompilerVersion: 8.4.0
ProgramName: mris_thickness  ProgramArguments: mris_thickness -all-info  ProgramVersion: 7.3.2  TimeStamp: 2026/03/12-14:41:16-GMT  BuildTime: Aug  4 2022 06:17:15  BuildStamp: freesurfer-linux-ubuntu22_x86_64-7.3.2-20220804-6354275  User: oesteban  Machine: dna017  Platform: Linux  PlatformVersion: 5.14.0-427.37.1.el9_4.x86_64  CompilerName: GCC  CompilerVersion: 8.4.0
ProgramName: mris_thickness_diff  ProgramArguments: mris_thickness_diff -all-info  ProgramVersion: 7.3.2  TimeStamp: 2026/03/12-14:41:16-GMT  BuildTime: Aug  4 2022 06:17:15  BuildStamp: freesurfer-linux-ubuntu22_x86_64-7.3.2-20220804-6354275  User: oesteban  Machine: dna017  Platform: Linux  PlatformVersion: 5.14.0-427.37.1.el9_4.x86_64  CompilerName: GCC  CompilerVersion: 8.4.0
ProgramName: mris_topo_fixer  ProgramArguments: mris_topo_fixer -all-info  ProgramVersion: 7.3.2  TimeStamp: 2026/03/12-14:41:16-GMT  BuildTime: Aug  4 2022 06:17:15  BuildStamp: freesurfer-linux-ubuntu22_x86_64-7.3.2-20220804-6354275  User: oesteban  Machine: dna017  Platform: Linux  PlatformVersion: 5.14.0-427.37.1.el9_4.x86_64  CompilerName: GCC  CompilerVersion: 8.4.0
ProgramName: mri_surf2surf  ProgramArguments: mri_surf2surf -all-info  ProgramVersion: 7.3.2  TimeStamp: 2026/03/12-14:41:16-GMT  BuildTime: Aug  4 2022 06:17:15  BuildStamp: freesurfer-linux-ubuntu22_x86_64-7.3.2-20220804-6354275  User: oesteban  Machine: dna017  Platform: Linux  PlatformVersion: 5.14.0-427.37.1.el9_4.x86_64  CompilerName: GCC  CompilerVersion: 8.4.0
ProgramName: mri_surf2vol  ProgramArguments: mri_surf2vol -all-info  ProgramVersion: 7.3.2  TimeStamp: 2026/03/12-14:41:16-GMT  BuildTime: Aug  4 2022 06:17:15  BuildStamp: freesurfer-linux-ubuntu22_x86_64-7.3.2-20220804-6354275  User: oesteban  Machine: dna017  Platform: Linux  PlatformVersion: 5.14.0-427.37.1.el9_4.x86_64  CompilerName: GCC  CompilerVersion: 8.4.0
ProgramName: mri_surfcluster  ProgramArguments: mri_surfcluster -all-info  ProgramVersion: 7.3.2  TimeStamp: 2026/03/12-14:41:16-GMT  BuildTime: Aug  4 2022 06:17:15  BuildStamp: freesurfer-linux-ubuntu22_x86_64-7.3.2-20220804-6354275  User: oesteban  Machine: dna017  Platform: Linux  PlatformVersion: 5.14.0-427.37.1.el9_4.x86_64  CompilerName: GCC  CompilerVersion: 8.4.0
ProgramName: mris_volmask  ProgramArguments: mris_volmask -all-info  ProgramVersion: 7.3.2  TimeStamp: 2026/03/12-14:41:16-GMT  BuildTime: Aug  4 2022 06:17:15  BuildStamp: freesurfer-linux-ubuntu22_x86_64-7.3.2-20220804-6354275  User: oesteban  Machine: dna017  Platform: Linux  PlatformVersion: 5.14.0-427.37.1.el9_4.x86_64  CompilerName: GCC  CompilerVersion: 8.4.0
ProgramName: mri_tessellate  ProgramArguments: mri_tessellate -all-info  ProgramVersion: 7.3.2  TimeStamp: 2026/03/12-14:41:16-GMT  BuildTime: Aug  4 2022 06:17:15  BuildStamp: freesurfer-linux-ubuntu22_x86_64-7.3.2-20220804-6354275  User: oesteban  Machine: dna017  Platform: Linux  PlatformVersion: 5.14.0-427.37.1.el9_4.x86_64  CompilerName: GCC  CompilerVersion: 8.4.0
ProgramName: mri_vol2surf  ProgramArguments: mri_vol2surf -all-info  ProgramVersion: 7.3.2  TimeStamp: 2026/03/12-14:41:16-GMT  BuildTime: Aug  4 2022 06:17:15  BuildStamp: freesurfer-linux-ubuntu22_x86_64-7.3.2-20220804-6354275  User: oesteban  Machine: dna017  Platform: Linux  PlatformVersion: 5.14.0-427.37.1.el9_4.x86_64  CompilerName: GCC  CompilerVersion: 8.4.0
ProgramName: mri_vol2vol  ProgramArguments: mri_vol2vol -all-info  ProgramVersion: 7.3.2  TimeStamp: 2026/03/12-14:41:16-GMT  BuildTime: Aug  4 2022 06:17:15  BuildStamp: freesurfer-linux-ubuntu22_x86_64-7.3.2-20220804-6354275  User: oesteban  Machine: dna017  Platform: Linux  PlatformVersion: 5.14.0-427.37.1.el9_4.x86_64  CompilerName: GCC  CompilerVersion: 8.4.0
ProgramName: mri_voldiff  ProgramArguments: mri_voldiff -all-info  ProgramVersion: 7.3.2  TimeStamp: 2026/03/12-14:41:16-GMT  BuildTime: Aug  4 2022 06:17:15  BuildStamp: freesurfer-linux-ubuntu22_x86_64-7.3.2-20220804-6354275  User: oesteban  Machine: dna017  Platform: Linux  PlatformVersion: 5.14.0-427.37.1.el9_4.x86_64  CompilerName: GCC  CompilerVersion: 8.4.0
ProgramName: mri_watershed  ProgramArguments: mri_watershed -all-info  ProgramVersion: 7.3.2  TimeStamp: 2026/03/12-14:41:16-GMT  BuildTime: Aug  4 2022 06:17:15  BuildStamp: freesurfer-linux-ubuntu22_x86_64-7.3.2-20220804-6354275  User: oesteban  Machine: dna017  Platform: Linux  PlatformVersion: 5.14.0-427.37.1.el9_4.x86_64  CompilerName: GCC  CompilerVersion: 8.4.0
ProgramName: tkregister2  ProgramArguments: tkregister2_cmdl -all-info  ProgramVersion: 7.3.2  TimeStamp: 2026/03/12-14:41:16-GMT  BuildTime: Aug  4 2022 06:17:15  BuildStamp: freesurfer-linux-ubuntu22_x86_64-7.3.2-20220804-6354275  User: oesteban  Machine: dna017  Platform: Linux  PlatformVersion: 5.14.0-427.37.1.el9_4.x86_64  CompilerName: GCC  CompilerVersion: 8.4.0
mri_motion_correct.fsl 7.3.2
mri_convert -all-info 
ProgramName: mri_convert  ProgramArguments: mri_convert -all-info  ProgramVersion: 7.3.2  TimeStamp: 2026/03/12-14:41:16-GMT  BuildTime: Aug  4 2022 06:17:15  BuildStamp: freesurfer-linux-ubuntu22_x86_64-7.3.2-20220804-6354275  User: oesteban  Machine: dna017  Platform: Linux  PlatformVersion: 5.14.0-427.37.1.el9_4.x86_64  CompilerName: GCC  CompilerVersion: 8.4.0
Program nu_correct, built from:
Package MNI N3, version 1.12.0, compiled by nicks@terrier (x86_64-unknown-linux-gnu) on 2015-06-19 at 01:25:34
#######################################
GCADIR /opt/freesurfer/average
GCA RB_all_2020-01-02.gca
GCASkull RB_all_withskull_2020_01_02.gca
AvgCurvTif folding.atlas.acfb40.noaparc.i12.2016-08-02.tif
GCSDIR /opt/freesurfer/average
GCS DKaparc.atlas.acfb40.noaparc.i12.2016-08-02.gcs
#######################################
#--------------------------------------
#@# CA Normalize Thu Mar 12 15:41:16 CET 2026
/out/sourcedata/freesurfer/sub-v1s20x0050296_ses-1/mri

 mri_ca_normalize -c ctrl_pts.mgz -mask brainmask.mgz nu.mgz /opt/freesurfer/average/RB_all_2020-01-02.gca transforms/talairach.lta norm.mgz 

writing control point volume to ctrl_pts.mgz
using MR volume brainmask.mgz to mask input volume...
reading 1 input volume
reading atlas from '/opt/freesurfer/average/RB_all_2020-01-02.gca'...
reading transform from 'transforms/talairach.lta'...
reading input volume from nu.mgz...
resetting wm mean[0]: 98 --> 107
resetting gm mean[0]: 61 --> 61
input volume #1 is the most T1-like
using real data threshold=29.9
skull bounding box = (57, 66, 43) --> (189, 177, 203)
finding center of left hemi white matter
using (101, 103, 123) as brain centroid of Right_Cerebral_White_Matter...
mean wm in atlas = 107, using box (85,89,103) --> (117, 116,142) to find MRI wm
before smoothing, mri peak at 106
robust fit to distribution - 107 +- 4.4
after smoothing, mri peak at 106, scaling input intensities by 1.009
scaling channel 0 by 1.00943
using 246437 sample points...
INFO: compute sample coordinates transform
 1.04927  -0.07944   0.01337   5.44862;
 0.06724   1.18702   0.04589  -42.08994;
-0.01548  -0.06325   1.03610  -3.91727;
 0.00000   0.00000   0.00000   1.00000;
INFO: transform used
finding control points in Left_Cerebral_White_Matter....
found 40230 control points for structure...
bounding box (123, 67, 39) --> (187, 165, 201)
Left_Cerebral_White_Matter: limiting intensities to 98.0 --> 132.0
1 of 5757 (0.0%) samples deleted
finding control points in Right_Cerebral_White_Matter....
found 39478 control points for structure...
bounding box (61, 69, 38) --> (124, 170, 201)
Right_Cerebral_White_Matter: limiting intensities to 95.0 --> 132.0
0 of 5175 (0.0%) samples deleted
finding control points in Left_Cerebellum_White_Matter....
found 3105 control points for structure...
bounding box (126, 138, 62) --> (174, 176, 114)
Left_Cerebellum_White_Matter: limiting intensities to 98.0 --> 132.0
0 of 383 (0.0%) samples deleted
finding control points in Right_Cerebellum_White_Matter....
found 2710 control points for structure...
bounding box (85, 138, 59) --> (126, 178, 116)
Right_Cerebellum_White_Matter: limiting intensities to 94.0 --> 132.0
0 of 154 (0.0%) samples deleted
finding control points in Brain_Stem....
found 3475 control points for structure...
bounding box (109, 133, 97) --> (143, 191, 126)
Brain_Stem: limiting intensities to 91.0 --> 132.0
0 of 391 (0.0%) samples deleted
using 11860 total control points for intensity normalization...
bias field = 0.950 +- 0.065
7 of 11859 control points discarded
finding control points in Left_Cerebral_White_Matter....
found 40230 control points for structure...
bounding box (123, 67, 39) --> (187, 165, 201)
Left_Cerebral_White_Matter: limiting intensities to 89.0 --> 132.0
4 of 6218 (0.1%) samples deleted
finding control points in Right_Cerebral_White_Matter....
found 39478 control points for structure...
bounding box (61, 69, 38) --> (124, 170, 201)
Right_Cerebral_White_Matter: limiting intensities to 88.0 --> 132.0
0 of 5643 (0.0%) samples deleted
finding control points in Left_Cerebellum_White_Matter....
found 3105 control points for structure...
bounding box (126, 138, 62) --> (174, 176, 114)
Left_Cerebellum_White_Matter: limiting intensities to 88.0 --> 132.0
8 of 418 (1.9%) samples deleted
finding control points in Right_Cerebellum_White_Matter....
found 2710 control points for structure...
bounding box (85, 138, 59) --> (126, 178, 116)
Right_Cerebellum_White_Matter: limiting intensities to 88.0 --> 132.0
45 of 193 (23.3%) samples deleted
finding control points in Brain_Stem....
found 3475 control points for structure...
bounding box (109, 133, 97) --> (143, 191, 126)
Brain_Stem: limiting intensities to 88.0 --> 132.0
92 of 515 (17.9%) samples deleted
using 12987 total control points for intensity normalization...
bias field = 1.044 +- 0.060
7 of 12736 control points discarded
finding control points in Left_Cerebral_White_Matter....
found 40230 control points for structure...
bounding box (123, 67, 39) --> (187, 165, 201)
Left_Cerebral_White_Matter: limiting intensities to 89.0 --> 132.0
3 of 6254 (0.0%) samples deleted
finding control points in Right_Cerebral_White_Matter....
found 39478 control points for structure...
bounding box (61, 69, 38) --> (124, 170, 201)
Right_Cerebral_White_Matter: limiting intensities to 88.0 --> 132.0
0 of 5606 (0.0%) samples deleted
finding control points in Left_Cerebellum_White_Matter....
found 3105 control points for structure...
bounding box (126, 138, 62) --> (174, 176, 114)
Left_Cerebellum_White_Matter: limiting intensities to 88.0 --> 132.0
91 of 449 (20.3%) samples deleted
finding control points in Right_Cerebellum_White_Matter....
found 2710 control points for structure...
bounding box (85, 138, 59) --> (126, 178, 116)
Right_Cerebellum_White_Matter: limiting intensities to 88.0 --> 132.0
124 of 224 (55.4%) samples deleted
finding control points in Brain_Stem....
found 3475 control points for structure...
bounding box (109, 133, 97) --> (143, 191, 126)
Brain_Stem: limiting intensities to 88.0 --> 132.0
227 of 590 (38.5%) samples deleted
using 13123 total control points for intensity normalization...
bias field = 1.039 +- 0.053
6 of 12470 control points discarded
writing normalized volume to norm.mgz...
writing control points to ctrl_pts.mgz
freeing GCA...done.
normalization took 1 minutes and 20 seconds.
#--------------------------------------
#@# CA Reg Thu Mar 12 15:42:36 CET 2026
/out/sourcedata/freesurfer/sub-v1s20x0050296_ses-1/mri

 mri_ca_register -nobigventricles -T transforms/talairach.lta -align-after -mask brainmask.mgz norm.mgz /opt/freesurfer/average/RB_all_2020-01-02.gca transforms/talairach.m3z 

not handling expanded ventricles...
using previously computed transform transforms/talairach.lta
renormalizing sequences with structure alignment, equivalent to:
	-renormalize
	-regularize_mean 0.500
	-regularize 0.500
using MR volume brainmask.mgz to mask input volume...

== Number of threads available to mri_ca_register for OpenMP = 16 == 
reading 1 input volumes...
logging results to talairach.log
reading input volume 'norm.mgz'...
reading GCA '/opt/freesurfer/average/RB_all_2020-01-02.gca'...
label assignment complete, 0 changed (0.00%)
freeing gibbs priors...done.
average std[0] = 5.0
Starting GCAMregister()
label assignment complete, 0 changed (0.00%)
npasses = 1, nlevels = 6
#pass# 1 of 1 ************************
enabling zero nodes
setting smoothness cost coefficient to 0.156

#GCAMreg# pass 0 level1 5 level2 0 tsec 0 sigma 2
l_jacobian=1.00 l_label=1.00 l_log_likelihood=0.20 l_smoothness=0.16 
tol=2.50e-01, dt=5.00e-02, exp_k=20.0, momentum=0.90, levels=6, niter=500, lbl_dist=10.00, avgs=256, sigma=2.0,type=2, relabel=0, neg=no

blurring input image with Gaussian with sigma=2.000...
GCAMRegisterLevel(): init RMS 0.781401
#FOTS# QuadFit found better minimum quadopt=(dt=223.15,rms=0.730315) vs oldopt=(dt=92.48,rms=0.746721)
#GCMRL#    0 dt 223.150442 rms  0.730  6.538% neg 0  invalid 762 tFOTS 5.0630 tGradient 3.3230 tsec 8.7530
#FOTS# QuadFit found better minimum quadopt=(dt=149.522,rms=0.720584) vs oldopt=(dt=92.48,rms=0.722299)
#GCMRL#    1 dt 149.522124 rms  0.721  1.332% neg 0  invalid 762 tFOTS 4.9460 tGradient 3.2240 tsec 8.5320
#GCMRL#    2 dt 369.920000 rms  0.711  1.287% neg 0  invalid 762 tFOTS 4.9960 tGradient 2.8600 tsec 8.2180
#FOTS# QuadFit found better minimum quadopt=(dt=129.472,rms=0.705615) vs oldopt=(dt=92.48,rms=0.705908)
#GCMRL#    3 dt 129.472000 rms  0.706  0.800% neg 0  invalid 762 tFOTS 5.0650 tGradient 2.9420 tsec 8.3670
#FOTS# QuadFit found better minimum quadopt=(dt=129.472,rms=0.703305) vs oldopt=(dt=92.48,rms=0.703786)
#GCMRL#    4 dt 129.472000 rms  0.703  0.327% neg 0  invalid 762 tFOTS 4.9340 tGradient 3.1220 tsec 8.4160
#FOTS# QuadFit found better minimum quadopt=(dt=517.888,rms=0.698085) vs oldopt=(dt=369.92,rms=0.698964)
#GCMRL#    5 dt 517.888000 rms  0.698  0.742% neg 0  invalid 762 tFOTS 4.9790 tGradient 3.1240 tsec 8.4650
#FOTS# QuadFit found better minimum quadopt=(dt=110.976,rms=0.696245) vs oldopt=(dt=92.48,rms=0.696293)
#GCMRL#    6 dt 110.976000 rms  0.696  0.263% neg 0  invalid 762 tFOTS 5.1410 tGradient 3.0630 tsec 8.5610
#FOTS# QuadFit found better minimum quadopt=(dt=517.888,rms=0.694003) vs oldopt=(dt=369.92,rms=0.694261)
#GCMRL#    7 dt 517.888000 rms  0.694  0.322% neg 0  invalid 762 tFOTS 4.9840 tGradient 3.1980 tsec 8.5430
#GCMRL#    8 dt  92.480000 rms  0.693  0.000% neg 0  invalid 762 tFOTS 5.5480 tGradient 2.7960 tsec 8.7740
#GCMRL#    9 dt  92.480000 rms  0.692  0.053% neg 0  invalid 762 tFOTS 0.0000 tGradient 3.2890 tsec 3.6170
#GCMRL#   10 dt  92.480000 rms  0.692  0.098% neg 0  invalid 762 tFOTS 0.0000 tGradient 3.2560 tsec 3.6040
#GCMRL#   11 dt  92.480000 rms  0.691  0.126% neg 0  invalid 762 tFOTS 0.0000 tGradient 2.8980 tsec 3.2190
#GCMRL#   12 dt  92.480000 rms  0.690  0.148% neg 0  invalid 762 tFOTS 0.0000 tGradient 2.9510 tsec 3.2590
#GCMRL#   13 dt  92.480000 rms  0.689  0.162% neg 0  invalid 762 tFOTS 0.0000 tGradient 2.7940 tsec 3.1040
#GCMRL#   14 dt  92.480000 rms  0.688  0.166% neg 0  invalid 762 tFOTS 0.0000 tGradient 3.0410 tsec 3.3580
#GCMRL#   15 dt  92.480000 rms  0.686  0.168% neg 0  invalid 762 tFOTS 0.0000 tGradient 2.9960 tsec 3.3290
#GCMRL#   16 dt  92.480000 rms  0.685  0.157% neg 0  invalid 762 tFOTS 0.0000 tGradient 3.2060 tsec 3.5540
#GCMRL#   17 dt  92.480000 rms  0.684  0.145% neg 0  invalid 762 tFOTS 0.0000 tGradient 3.2960 tsec 3.6990
#GCMRL#   18 dt  92.480000 rms  0.683  0.133% neg 0  invalid 762 tFOTS 0.0000 tGradient 3.1110 tsec 3.3990
#GCMRL#   19 dt  92.480000 rms  0.683  0.115% neg 0  invalid 762 tFOTS 0.0000 tGradient 3.0800 tsec 3.4370
#GCMRL#   20 dt  92.480000 rms  0.682  0.113% neg 0  invalid 762 tFOTS 0.0000 tGradient 3.5960 tsec 4.0510
#FOTS# QuadFit found better minimum quadopt=(dt=2071.55,rms=0.681224) vs oldopt=(dt=1479.68,rms=0.681338)
#GCMRL#   21 dt 2071.552000 rms  0.681  0.000% neg 0  invalid 762 tFOTS 5.5830 tGradient 3.5840 tsec 9.5980

#GCAMreg# pass 0 level1 5 level2 1 tsec 141.679 sigma 0.5
l_jacobian=1.00 l_label=1.00 l_log_likelihood=0.20 l_smoothness=0.16 
tol=2.50e-01, dt=5.00e-02, exp_k=20.0, momentum=0.90, levels=6, niter=500, lbl_dist=10.00, avgs=256, sigma=0.5,type=2, relabel=0, neg=no

blurring input image with Gaussian with sigma=0.500...
GCAMRegisterLevel(): init RMS 0.681531
#FOTS# QuadFit found better minimum quadopt=(dt=129.472,rms=0.680758) vs oldopt=(dt=92.48,rms=0.680835)
#GCMRL#   23 dt 129.472000 rms  0.681  0.113% neg 0  invalid 762 tFOTS 5.0720 tGradient 3.1350 tsec 8.5600
#FOTS# QuadFit found better minimum quadopt=(dt=517.888,rms=0.680003) vs oldopt=(dt=369.92,rms=0.680065)
#GCMRL#   24 dt 517.888000 rms  0.680  0.000% neg 0  invalid 762 tFOTS 4.8010 tGradient 3.2860 tsec 8.4760
#GCMRL#   25 dt 517.888000 rms  0.680  0.015% neg 0  invalid 762 tFOTS 0.0000 tGradient 2.7830 tsec 3.1310
#GCMRL#   26 dt 517.888000 rms  0.679  0.167% neg 0  invalid 762 tFOTS 0.0000 tGradient 2.8310 tsec 3.1870
#GCMRL#   27 dt 517.888000 rms  0.679 -0.364% neg 0  invalid 762 tFOTS 0.0000 tGradient 3.4800 tsec 4.1740
#FOTS# QuadFit found better minimum quadopt=(dt=73.984,rms=0.678555) vs oldopt=(dt=92.48,rms=0.678566)
#GCMRL#   28 dt  73.984000 rms  0.679  0.029% neg 0  invalid 762 tFOTS 4.9710 tGradient 3.1950 tsec 8.5310
#FOTS# QuadFit found better minimum quadopt=(dt=32.368,rms=0.67857) vs oldopt=(dt=23.12,rms=0.678572)
setting smoothness cost coefficient to 0.615

#GCAMreg# pass 0 level1 4 level2 0 tsec 0 sigma 2
l_jacobian=1.00 l_label=1.00 l_log_likelihood=0.20 l_smoothness=0.62 
tol=2.50e-01, dt=5.00e-02, exp_k=20.0, momentum=0.90, levels=6, niter=500, lbl_dist=10.00, avgs=64, sigma=2.0,type=2, relabel=0, neg=no

blurring input image with Gaussian with sigma=2.000...
GCAMRegisterLevel(): init RMS 0.684954
#FOTS# QuadFit found better minimum quadopt=(dt=76.2899,rms=0.682247) vs oldopt=(dt=103.68,rms=0.682649)
#GCMRL#   30 dt  76.289855 rms  0.682  0.395% neg 0  invalid 762 tFOTS 5.2470 tGradient 2.7220 tsec 8.4000
#FOTS# QuadFit found better minimum quadopt=(dt=248.832,rms=0.675438) vs oldopt=(dt=414.72,rms=0.676722)
#GCMRL#   31 dt 248.832000 rms  0.675  0.998% neg 0  invalid 762 tFOTS 4.8290 tGradient 2.2850 tsec 7.4800
#FOTS# QuadFit found better minimum quadopt=(dt=82.5528,rms=0.671995) vs oldopt=(dt=103.68,rms=0.672211)
#GCMRL#   32 dt  82.552809 rms  0.672  0.510% neg 0  invalid 762 tFOTS 5.0900 tGradient 2.4820 tsec 7.9870
#GCMRL#   33 dt 103.680000 rms  0.670  0.342% neg 0  invalid 762 tFOTS 5.3080 tGradient 2.4080 tsec 8.0900
#FOTS# QuadFit found better minimum quadopt=(dt=36.288,rms=0.668648) vs oldopt=(dt=25.92,rms=0.668863)
#GCMRL#   34 dt  36.288000 rms  0.669  0.000% neg 0  invalid 762 tFOTS 4.6600 tGradient 2.4970 tsec 7.5570
#GCMRL#   35 dt  36.288000 rms  0.668  0.075% neg 0  invalid 762 tFOTS 0.0000 tGradient 2.4900 tsec 2.8320
#GCMRL#   36 dt  36.288000 rms  0.667  0.122% neg 0  invalid 762 tFOTS 0.0000 tGradient 2.3550 tsec 2.7550
#GCMRL#   37 dt  36.288000 rms  0.666  0.166% neg 0  invalid 762 tFOTS 0.0000 tGradient 2.5360 tsec 2.8980
#GCMRL#   38 dt  36.288000 rms  0.665  0.214% neg 0  invalid 762 tFOTS 0.0000 tGradient 2.1760 tsec 2.4970
#GCMRL#   39 dt  36.288000 rms  0.663  0.232% neg 0  invalid 762 tFOTS 0.0000 tGradient 2.4720 tsec 2.7830
#GCMRL#   40 dt  36.288000 rms  0.662  0.230% neg 0  invalid 762 tFOTS 0.0000 tGradient 2.3040 tsec 2.6660
#GCMRL#   41 dt  36.288000 rms  0.660  0.221% neg 0  invalid 762 tFOTS 0.0000 tGradient 2.5090 tsec 2.8300
#GCMRL#   42 dt  36.288000 rms  0.659  0.202% neg 0  invalid 762 tFOTS 0.0000 tGradient 2.2970 tsec 2.6240
#GCMRL#   43 dt  36.288000 rms  0.658  0.181% neg 0  invalid 762 tFOTS 0.0000 tGradient 2.3050 tsec 2.6370
#GCMRL#   44 dt  36.288000 rms  0.657  0.164% neg 0  invalid 762 tFOTS 0.0000 tGradient 2.4560 tsec 2.7940
#GCMRL#   45 dt  36.288000 rms  0.656  0.149% neg 0  invalid 762 tFOTS 0.0000 tGradient 2.4350 tsec 2.7860
#GCMRL#   46 dt  36.288000 rms  0.655  0.125% neg 0  invalid 762 tFOTS 0.0000 tGradient 2.4350 tsec 2.7790
#GCMRL#   47 dt  36.288000 rms  0.654  0.112% neg 0  invalid 762 tFOTS 0.0000 tGradient 2.3680 tsec 2.7410
#GCMRL#   48 dt   0.450000 rms  0.654  0.000% neg 0  invalid 762 tFOTS 5.3100 tGradient 2.3200 tsec 8.0600

#GCAMreg# pass 0 level1 4 level2 1 tsec 95.494 sigma 0.5
l_jacobian=1.00 l_label=1.00 l_log_likelihood=0.20 l_smoothness=0.62 
tol=2.50e-01, dt=5.00e-02, exp_k=20.0, momentum=0.90, levels=6, niter=500, lbl_dist=10.00, avgs=64, sigma=0.5,type=2, relabel=0, neg=no

blurring input image with Gaussian with sigma=0.500...
GCAMRegisterLevel(): init RMS 0.654536
#FOTS# QuadFit found better minimum quadopt=(dt=5.33333,rms=0.654131) vs oldopt=(dt=6.48,rms=0.654131)
#GCMRL#   50 dt   5.333333 rms  0.654  0.062% neg 0  invalid 762 tFOTS 5.3790 tGradient 2.6990 tsec 8.4470
#GCMRL#   51 dt   0.450000 rms  0.654  0.000% neg 0  invalid 762 tFOTS 4.9130 tGradient 2.3660 tsec 7.6710
setting smoothness cost coefficient to 2.353

#GCAMreg# pass 0 level1 3 level2 0 tsec 0 sigma 2
l_jacobian=1.00 l_label=1.00 l_log_likelihood=0.20 l_smoothness=2.35 
tol=2.50e-01, dt=5.00e-02, exp_k=20.0, momentum=0.90, levels=6, niter=500, lbl_dist=10.00, avgs=16, sigma=2.0,type=2, relabel=0, neg=no

blurring input image with Gaussian with sigma=2.000...
GCAMRegisterLevel(): init RMS 0.677711
#GCMRL#   53 dt   0.500000 rms  0.677  0.060% neg 0  invalid 762 tFOTS 4.6270 tGradient 2.2710 tsec 7.2510

#GCAMreg# pass 0 level1 3 level2 1 tsec 23.528 sigma 0.5
l_jacobian=1.00 l_label=1.00 l_log_likelihood=0.20 l_smoothness=2.35 
tol=2.50e-01, dt=5.00e-02, exp_k=20.0, momentum=0.90, levels=6, niter=500, lbl_dist=10.00, avgs=16, sigma=0.5,type=2, relabel=0, neg=no

blurring input image with Gaussian with sigma=0.500...
GCAMRegisterLevel(): init RMS 0.677695
#FOTS# QuadFit found better minimum quadopt=(dt=0.3,rms=0.677302) vs oldopt=(dt=0.5,rms=0.677305)
#GCMRL#   55 dt   0.300000 rms  0.677  0.058% neg 0  invalid 762 tFOTS 4.4680 tGradient 1.9550 tsec 6.7860
#FOTS# QuadFit found better minimum quadopt=(dt=0.025,rms=0.677299) vs oldopt=(dt=0.03125,rms=0.677299)
#GCMRL#   56 dt   0.025000 rms  0.677  0.000% neg 0  invalid 762 tFOTS 4.4970 tGradient 1.8820 tsec 6.7660
setting smoothness cost coefficient to 8.000

#GCAMreg# pass 0 level1 2 level2 0 tsec 0 sigma 2
l_jacobian=1.00 l_label=1.00 l_log_likelihood=0.20 l_smoothness=8.00 
tol=2.50e-01, dt=5.00e-02, exp_k=20.0, momentum=0.90, levels=6, niter=500, lbl_dist=10.00, avgs=4, sigma=2.0,type=2, relabel=0, neg=no

blurring input image with Gaussian with sigma=2.000...
GCAMRegisterLevel(): init RMS 0.744871
#FOTS# QuadFit found better minimum quadopt=(dt=2.51409,rms=0.720104) vs oldopt=(dt=2.88,rms=0.720629)
#GCMRL#   58 dt   2.514088 rms  0.720  3.325% neg 0  invalid 762 tFOTS 4.5420 tGradient 1.7230 tsec 6.6280
#FOTS# QuadFit found better minimum quadopt=(dt=1.68333,rms=0.717583) vs oldopt=(dt=0.72,rms=0.718408)
#GCMRL#   59 dt   1.683333 rms  0.718  0.350% neg 0  invalid 762 tFOTS 4.7090 tGradient 1.7450 tsec 6.8230
#FOTS# QuadFit found better minimum quadopt=(dt=1.008,rms=0.717212) vs oldopt=(dt=0.72,rms=0.717247)
#GCMRL#   60 dt   1.008000 rms  0.717  0.000% neg 0  invalid 762 tFOTS 4.7880 tGradient 1.7010 tsec 6.8680

#GCAMreg# pass 0 level1 2 level2 1 tsec 31.912 sigma 0.5
l_jacobian=1.00 l_label=1.00 l_log_likelihood=0.20 l_smoothness=8.00 
tol=2.50e-01, dt=5.00e-02, exp_k=20.0, momentum=0.90, levels=6, niter=500, lbl_dist=10.00, avgs=4, sigma=0.5,type=2, relabel=0, neg=no

blurring input image with Gaussian with sigma=0.500...
GCAMRegisterLevel(): init RMS 0.717523
#GCMRL#   62 dt   0.000000 rms  0.717  0.043% neg 0  invalid 762 tFOTS 4.2550 tGradient 1.6850 tsec 6.3000
setting smoothness cost coefficient to 20.000

#GCAMreg# pass 0 level1 1 level2 0 tsec 0 sigma 2
l_jacobian=1.00 l_label=1.00 l_log_likelihood=0.20 l_smoothness=20.00 
tol=2.50e-01, dt=5.00e-02, exp_k=20.0, momentum=0.90, levels=6, niter=500, lbl_dist=10.00, avgs=1, sigma=2.0,type=2, relabel=0, neg=no

blurring input image with Gaussian with sigma=2.000...
GCAMRegisterLevel(): init RMS 0.759886
#FOTS# QuadFit found better minimum quadopt=(dt=0.384,rms=0.758257) vs oldopt=(dt=0.32,rms=0.758283)
#GCMRL#   64 dt   0.384000 rms  0.758  0.214% neg 0  invalid 762 tFOTS 5.0220 tGradient 1.7700 tsec 7.1620
#FOTS# QuadFit found better minimum quadopt=(dt=0.932106,rms=0.752094) vs oldopt=(dt=1.28,rms=0.752719)
#GCMRL#   65 dt   0.932106 rms  0.752  0.813% neg 0  invalid 762 tFOTS 4.6110 tGradient 1.5400 tsec 6.5120
#FOTS# QuadFit found better minimum quadopt=(dt=0.112,rms=0.751271) vs oldopt=(dt=0.08,rms=0.75142)
#GCMRL#   66 dt   0.112000 rms  0.751  0.000% neg 0  invalid 762 tFOTS 4.4540 tGradient 1.6400 tsec 6.4760
#GCMRL#   67 dt   0.112000 rms  0.751  0.032% neg 0  invalid 762 tFOTS 0.0000 tGradient 1.5370 tsec 1.8800

#GCAMreg# pass 0 level1 1 level2 1 tsec 33.659 sigma 0.5
l_jacobian=1.00 l_label=1.00 l_log_likelihood=0.20 l_smoothness=20.00 
tol=2.50e-01, dt=5.00e-02, exp_k=20.0, momentum=0.90, levels=6, niter=500, lbl_dist=10.00, avgs=1, sigma=0.5,type=2, relabel=0, neg=no

blurring input image with Gaussian with sigma=0.500...
GCAMRegisterLevel(): init RMS 0.751306
#FOTS# QuadFit found better minimum quadopt=(dt=0.256,rms=0.750612) vs oldopt=(dt=0.32,rms=0.750662)
#GCMRL#   69 dt   0.256000 rms  0.751  0.092% neg 0  invalid 762 tFOTS 4.4520 tGradient 1.5810 tsec 6.3890
#GCMRL#   70 dt   1.280000 rms  0.747  0.428% neg 0  invalid 762 tFOTS 4.6570 tGradient 1.5300 tsec 6.5600
#FOTS# QuadFit found better minimum quadopt=(dt=0.112,rms=0.74713) vs oldopt=(dt=0.08,rms=0.747159)
#GCMRL#   71 dt   0.112000 rms  0.747  0.000% neg 0  invalid 762 tFOTS 4.3990 tGradient 1.4960 tsec 6.2930
#GCMRL#   72 dt   0.112000 rms  0.747  0.007% neg 0  invalid 762 tFOTS 0.0000 tGradient 1.5090 tsec 1.8500
resetting metric properties...
setting smoothness cost coefficient to 40.000

#GCAMreg# pass 0 level1 0 level2 0 tsec 0 sigma 2
l_jacobian=1.00 l_label=1.00 l_log_likelihood=0.20 l_smoothness=40.00 
tol=2.50e-01, dt=5.00e-02, exp_k=20.0, momentum=0.90, levels=6, niter=500, lbl_dist=10.00, avgs=0, sigma=2.0,type=2, relabel=0, neg=no

blurring input image with Gaussian with sigma=2.000...
GCAMRegisterLevel(): init RMS 0.714535
#FOTS# QuadFit found better minimum quadopt=(dt=0.222407,rms=0.709408) vs oldopt=(dt=0.32,rms=0.710095)
#GCMRL#   74 dt   0.222407 rms  0.709  0.718% neg 0  invalid 762 tFOTS 4.5210 tGradient 0.9820 tsec 5.8630
#GCMRL#   75 dt   0.020000 rms  0.709  0.000% neg 0  invalid 762 tFOTS 4.7340 tGradient 0.9820 tsec 6.1330

#GCAMreg# pass 0 level1 0 level2 1 tsec 23.204 sigma 0.5
l_jacobian=1.00 l_label=1.00 l_log_likelihood=0.20 l_smoothness=40.00 
tol=2.50e-01, dt=5.00e-02, exp_k=20.0, momentum=0.90, levels=6, niter=500, lbl_dist=10.00, avgs=0, sigma=0.5,type=2, relabel=0, neg=no

blurring input image with Gaussian with sigma=0.500...
GCAMRegisterLevel(): init RMS 0.709472
#FOTS# QuadFit found better minimum quadopt=(dt=0.007,rms=0.709157) vs oldopt=(dt=0.005,rms=0.709161)
#GCMRL#   77 dt   0.007000 rms  0.709  0.044% neg 0  invalid 762 tFOTS 4.5970 tGradient 0.9570 tsec 5.9150
#FOTS# QuadFit found better minimum quadopt=(dt=0.00175,rms=0.709156) vs oldopt=(dt=0.00125,rms=0.709156)
#GCMRL#   78 dt   0.001750 rms  0.709  0.000% neg 0  invalid 762 tFOTS 4.7020 tGradient 0.9650 tsec 6.1060
#GCMRL#   79 dt   0.001750 rms  0.709  0.000% neg 0  invalid 762 tFOTS 0.0000 tGradient 1.0970 tsec 1.5140
GCAMregister done in 8.15728 min
Starting GCAmapRenormalizeWithAlignment() without scales
renormalizing by structure alignment....
renormalizing input #0
gca peak = 0.10253 (16)
mri peak = 0.04780 (17)
Left_Lateral_Ventricle (4): linear fit = 1.10 x + 0.0 (843 voxels, overlap=0.835)
Left_Lateral_Ventricle (4): linear fit = 1.10 x + 0.0 (843 voxels, peak = 18), gca=17.5
gca peak = 0.17690 (16)
mri peak = 0.08014 (24)
Right_Lateral_Ventricle (43): linear fit = 1.47 x + 0.0 (935 voxels, overlap=0.527)
Right_Lateral_Ventricle (43): linear fit = 1.47 x + 0.0 (935 voxels, peak = 23), gca=23.4
gca peak = 0.28275 (96)
mri peak = 0.08165 (91)
Right_Pallidum (52): linear fit = 0.94 x + 0.0 (979 voxels, overlap=0.916)
Right_Pallidum (52): linear fit = 0.94 x + 0.0 (979 voxels, peak = 90), gca=89.8
gca peak = 0.18948 (93)
mri peak = 0.11523 (86)
Left_Pallidum (13): linear fit = 0.92 x + 0.0 (814 voxels, overlap=0.162)
Left_Pallidum (13): linear fit = 0.92 x + 0.0 (814 voxels, peak = 85), gca=85.1
gca peak = 0.20755 (55)
mri peak = 0.09788 (64)
Right_Hippocampus (53): linear fit = 1.12 x + 0.0 (997 voxels, overlap=0.230)
Right_Hippocampus (53): linear fit = 1.12 x + 0.0 (997 voxels, peak = 61), gca=61.3
gca peak = 0.31831 (58)
mri peak = 0.13373 (64)
Left_Hippocampus (17): linear fit = 1.10 x + 0.0 (998 voxels, overlap=0.304)
Left_Hippocampus (17): linear fit = 1.10 x + 0.0 (998 voxels, peak = 64), gca=63.5
gca peak = 0.11957 (102)
mri peak = 0.09193 (102)
Right_Cerebral_White_Matter (41): linear fit = 1.01 x + 0.0 (60508 voxels, overlap=0.827)
Right_Cerebral_White_Matter (41): linear fit = 1.01 x + 0.0 (60508 voxels, peak = 104), gca=103.5
gca peak = 0.11429 (102)
mri peak = 0.09304 (102)
Left_Cerebral_White_Matter (2): linear fit = 1.02 x + 0.0 (61616 voxels, overlap=0.729)
Left_Cerebral_White_Matter (2): linear fit = 1.02 x + 0.0 (61616 voxels, peak = 105), gca=104.5
gca peak = 0.14521 (59)
mri peak = 0.03842 (62)
Left_Cerebral_Cortex (3): linear fit = 1.02 x + 0.0 (28456 voxels, overlap=0.975)
Left_Cerebral_Cortex (3): linear fit = 1.02 x + 0.0 (28456 voxels, peak = 60), gca=60.5
gca peak = 0.14336 (58)
mri peak = 0.03938 (58)
Right_Cerebral_Cortex (42): linear fit = 1.02 x + 0.0 (27193 voxels, overlap=0.877)
Right_Cerebral_Cortex (42): linear fit = 1.02 x + 0.0 (27193 voxels, peak = 59), gca=59.4
gca peak = 0.13305 (70)
mri peak = 0.08224 (61)
Right_Caudate (50): linear fit = 0.95 x + 0.0 (970 voxels, overlap=0.884)
Right_Caudate (50): linear fit = 0.95 x + 0.0 (970 voxels, peak = 67), gca=66.8
gca peak = 0.15761 (71)
mri peak = 0.06215 (75)
Left_Caudate (11): linear fit = 1.00 x + 0.0 (1062 voxels, overlap=0.960)
Left_Caudate (11): linear fit = 1.00 x + 0.0 (1062 voxels, peak = 71), gca=71.0
gca peak = 0.13537 (57)
mri peak = 0.05115 (58)
Left_Cerebellum_Cortex (8): linear fit = 1.12 x + 0.0 (24156 voxels, overlap=0.871)
Left_Cerebellum_Cortex (8): linear fit = 1.12 x + 0.0 (24156 voxels, peak = 64), gca=63.6
gca peak = 0.13487 (56)
mri peak = 0.04847 (58)
Right_Cerebellum_Cortex (47): linear fit = 1.04 x + 0.0 (24838 voxels, overlap=0.980)
Right_Cerebellum_Cortex (47): linear fit = 1.04 x + 0.0 (24838 voxels, peak = 59), gca=58.5
gca peak = 0.19040 (84)
mri peak = 0.08605 (90)
Left_Cerebellum_White_Matter (7): linear fit = 1.07 x + 0.0 (9473 voxels, overlap=0.542)
Left_Cerebellum_White_Matter (7): linear fit = 1.07 x + 0.0 (9473 voxels, peak = 89), gca=89.5
gca peak = 0.18871 (83)
mri peak = 0.09104 (87)
Right_Cerebellum_White_Matter (46): linear fit = 1.04 x + 0.0 (8093 voxels, overlap=0.707)
Right_Cerebellum_White_Matter (46): linear fit = 1.04 x + 0.0 (8093 voxels, peak = 87), gca=86.7
gca peak = 0.24248 (57)
mri peak = 0.10706 (69)
Left_Amygdala (18): linear fit = 1.23 x + 0.0 (432 voxels, overlap=0.045)
Left_Amygdala (18): linear fit = 1.23 x + 0.0 (432 voxels, peak = 70), gca=69.8
gca peak = 0.35833 (56)
mri peak = 0.17686 (66)
Right_Amygdala (54): linear fit = 1.15 x + 0.0 (530 voxels, overlap=0.007)
Right_Amygdala (54): linear fit = 1.15 x + 0.0 (530 voxels, peak = 65), gca=64.7
gca peak = 0.12897 (85)
mri peak = 0.07686 (89)
Left_Thalamus (10): linear fit = 1.01 x + 0.0 (5231 voxels, overlap=0.952)
Left_Thalamus (10): linear fit = 1.01 x + 0.0 (5231 voxels, peak = 86), gca=86.3
gca peak = 0.13127 (83)
mri peak = 0.07198 (78)
Right_Thalamus (49): linear fit = 1.02 x + 0.0 (4543 voxels, overlap=0.918)
Right_Thalamus (49): linear fit = 1.02 x + 0.0 (4543 voxels, peak = 85), gca=85.1
gca peak = 0.12974 (78)
mri peak = 0.07364 (80)
Left_Putamen (12): linear fit = 1.00 x + 0.0 (2357 voxels, overlap=0.983)
Left_Putamen (12): linear fit = 1.00 x + 0.0 (2357 voxels, peak = 78), gca=77.6
gca peak = 0.17796 (79)
mri peak = 0.09570 (79)
Right_Putamen (51): linear fit = 0.99 x + 0.0 (2349 voxels, overlap=0.949)
Right_Putamen (51): linear fit = 0.99 x + 0.0 (2349 voxels, peak = 78), gca=77.8
gca peak = 0.10999 (80)
mri peak = 0.07464 (93)
Brain_Stem (16): linear fit = 1.14 x + 0.0 (12240 voxels, overlap=0.416)
Brain_Stem (16): linear fit = 1.14 x + 0.0 (12240 voxels, peak = 92), gca=91.6
gca peak = 0.13215 (88)
mri peak = 0.07905 (90)
Right_VentralDC (60): linear fit = 1.09 x + 0.0 (1503 voxels, overlap=0.502)
Right_VentralDC (60): linear fit = 1.09 x + 0.0 (1503 voxels, peak = 95), gca=95.5
gca peak = 0.11941 (89)
mri peak = 0.08728 (95)
Left_VentralDC (28): linear fit = 1.10 x + 0.0 (1579 voxels, overlap=0.449)
Left_VentralDC (28): linear fit = 1.10 x + 0.0 (1579 voxels, peak = 97), gca=97.5
gca peak = 0.20775 (25)
mri peak = 0.10095 (40)
gca peak = 0.13297 (21)
mri peak = 0.05534 ( 8)
gca peak Unknown = 0.94777 ( 0)
gca peak Left_Inf_Lat_Vent = 0.19087 (28)
gca peak Third_Ventricle = 0.20775 (25)
gca peak Fourth_Ventricle = 0.13297 (21)
gca peak CSF = 0.16821 (33)
gca peak Left_Accumbens_area = 0.32850 (63)
gca peak Left_undetermined = 0.98480 (28)
gca peak Left_vessel = 0.40887 (53)
gca peak Left_choroid_plexus = 0.10898 (46)
gca peak Right_Inf_Lat_Vent = 0.17798 (26)
gca peak Right_Accumbens_area = 0.30137 (64)
gca peak Right_vessel = 0.47828 (52)
gca peak Right_choroid_plexus = 0.11612 (45)
gca peak Fifth_Ventricle = 0.59466 (35)
gca peak WM_hypointensities = 0.10053 (78)
gca peak non_WM_hypointensities = 0.07253 (60)
gca peak Optic_Chiasm = 0.25330 (73)
not using caudate to estimate GM means
estimating mean gm scale to be 1.11 x + 0.0
estimating mean wm scale to be 1.02 x + 0.0
estimating mean csf scale to be 1.28 x + 0.0
saving intensity scales to talairach.label_intensities.txt
GCAmapRenormalizeWithAlignment() took 3.4609 min
noneg pre
Starting GCAMregister()
label assignment complete, 0 changed (0.00%)
npasses = 1, nlevels = 6
#pass# 1 of 1 ************************
enabling zero nodes
setting smoothness cost coefficient to 0.008

#GCAMreg# pass 0 level1 5 level2 0 tsec 0 sigma 2
l_jacobian=1.00 l_label=1.00 l_log_likelihood=0.20 l_smoothness=0.01 
tol=5.00e-02, dt=5.00e-02, exp_k=20.0, momentum=0.90, levels=6, niter=500, lbl_dist=10.00, avgs=256, sigma=2.0,type=2, relabel=0, neg=no

blurring input image with Gaussian with sigma=2.000...
GCAMRegisterLevel(): init RMS 0.715659
#FOTS# QuadFit found better minimum quadopt=(dt=221.952,rms=0.702888) vs oldopt=(dt=369.92,rms=0.705833)
#GCMRL#   81 dt 221.952000 rms  0.703  1.784% neg 0  invalid 762 tFOTS 5.1990 tGradient 2.3510 tsec 7.9760
#FOTS# QuadFit found better minimum quadopt=(dt=295.936,rms=0.696228) vs oldopt=(dt=369.92,rms=0.696983)
#GCMRL#   82 dt 295.936000 rms  0.696  0.948% neg 0  invalid 762 tFOTS 4.5020 tGradient 3.0030 tsec 7.8280
#FOTS# QuadFit found better minimum quadopt=(dt=129.472,rms=0.692401) vs oldopt=(dt=92.48,rms=0.692707)
#GCMRL#   83 dt 129.472000 rms  0.692  0.550% neg 0  invalid 762 tFOTS 4.4190 tGradient 2.4710 tsec 7.2250
#GCMRL#   84 dt 369.920000 rms  0.689  0.473% neg 0  invalid 762 tFOTS 4.4530 tGradient 2.5050 tsec 7.3000
#FOTS# QuadFit found better minimum quadopt=(dt=110.976,rms=0.686859) vs oldopt=(dt=92.48,rms=0.686868)
#GCMRL#   85 dt 110.976000 rms  0.687  0.329% neg 0  invalid 762 tFOTS 5.0040 tGradient 2.3380 tsec 7.7010
#FOTS# QuadFit found better minimum quadopt=(dt=443.904,rms=0.684613) vs oldopt=(dt=369.92,rms=0.684635)
#GCMRL#   86 dt 443.904000 rms  0.685  0.327% neg 0  invalid 762 tFOTS 4.6470 tGradient 2.6690 tsec 7.6690
#GCMRL#   87 dt  92.480000 rms  0.683  0.238% neg 0  invalid 762 tFOTS 5.2360 tGradient 2.5160 tsec 8.1210
#FOTS# QuadFit found better minimum quadopt=(dt=2071.55,rms=0.675801) vs oldopt=(dt=1479.68,rms=0.676996)
#GCMRL#   88 dt 2071.552000 rms  0.676  1.051% neg 0  invalid 762 tFOTS 4.7110 tGradient 3.0950 tsec 8.1750
#GCMRL#   89 dt  92.480000 rms  0.675  0.139% neg 0  invalid 762 tFOTS 5.2880 tGradient 2.9870 tsec 8.6560
#FOTS# QuadFit found better minimum quadopt=(dt=887.808,rms=0.673668) vs oldopt=(dt=1479.68,rms=0.674038)
#GCMRL#   90 dt 887.808000 rms  0.674  0.177% neg 0  invalid 762 tFOTS 5.2850 tGradient 3.0160 tsec 8.7050
#FOTS# QuadFit found better minimum quadopt=(dt=110.976,rms=0.673122) vs oldopt=(dt=92.48,rms=0.673142)
#GCMRL#   91 dt 110.976000 rms  0.673  0.081% neg 0  invalid 762 tFOTS 4.9150 tGradient 2.8280 tsec 8.1130
#FOTS# QuadFit found better minimum quadopt=(dt=295.936,rms=0.672854) vs oldopt=(dt=369.92,rms=0.672857)
#GCMRL#   92 dt 295.936000 rms  0.673  0.000% neg 0  invalid 762 tFOTS 5.3120 tGradient 2.9300 tsec 8.6520
#GCMRL#   93 dt 295.936000 rms  0.673  0.035% neg 0  invalid 762 tFOTS 0.0000 tGradient 3.2890 tsec 3.7170
#GCMRL#   94 dt 295.936000 rms  0.672  0.088% neg 0  invalid 762 tFOTS 0.0000 tGradient 3.0070 tsec 3.3660
#GCMRL#   95 dt 295.936000 rms  0.671  0.153% neg 0  invalid 762 tFOTS 0.0000 tGradient 3.0570 tsec 3.4270
#GCMRL#   96 dt 295.936000 rms  0.670  0.163% neg 0  invalid 762 tFOTS 0.0000 tGradient 3.0400 tsec 3.4050
#GCMRL#   97 dt 295.936000 rms  0.669  0.148% neg 0  invalid 762 tFOTS 0.0000 tGradient 2.9180 tsec 3.2890
#GCMRL#   98 dt 295.936000 rms  0.668  0.142% neg 0  invalid 762 tFOTS 0.0000 tGradient 2.8150 tsec 3.1750
#GCMRL#   99 dt 295.936000 rms  0.667  0.163% neg 0  invalid 762 tFOTS 0.0000 tGradient 2.9240 tsec 3.2960
#GCMRL#  100 dt 295.936000 rms  0.666  0.153% neg 0  invalid 762 tFOTS 0.0000 tGradient 3.0230 tsec 3.3540
#GCMRL#  101 dt 295.936000 rms  0.665  0.183% neg 0  invalid 762 tFOTS 0.0000 tGradient 2.7650 tsec 3.0900
#GCMRL#  102 dt 295.936000 rms  0.664  0.145% neg 0  invalid 762 tFOTS 0.0000 tGradient 3.0250 tsec 3.3900
#GCMRL#  103 dt 295.936000 rms  0.663  0.103% neg 0  invalid 762 tFOTS 0.0000 tGradient 2.9050 tsec 3.2390
#GCMRL#  104 dt 295.936000 rms  0.662  0.141% neg 0  invalid 762 tFOTS 0.0000 tGradient 2.8370 tsec 3.1790
#GCMRL#  105 dt 295.936000 rms  0.661  0.130% neg 0  invalid 762 tFOTS 0.0000 tGradient 2.8640 tsec 3.2040
#GCMRL#  106 dt 295.936000 rms  0.660  0.119% neg 0  invalid 762 tFOTS 0.0000 tGradient 2.7310 tsec 3.0650
#GCMRL#  107 dt 295.936000 rms  0.660  0.106% neg 0  invalid 762 tFOTS 0.0000 tGradient 2.7820 tsec 3.1070
#GCMRL#  108 dt 295.936000 rms  0.659  0.117% neg 0  invalid 762 tFOTS 0.0000 tGradient 2.7710 tsec 3.1000
#GCMRL#  109 dt 295.936000 rms  0.658  0.108% neg 0  invalid 762 tFOTS 0.0000 tGradient 2.7320 tsec 3.0630
#GCMRL#  110 dt 295.936000 rms  0.657  0.126% neg 0  invalid 762 tFOTS 0.0000 tGradient 2.8330 tsec 3.1840
#GCMRL#  111 dt 295.936000 rms  0.657  0.095% neg 0  invalid 762 tFOTS 0.0000 tGradient 2.8180 tsec 3.1810
#GCMRL#  112 dt 295.936000 rms  0.656  0.081% neg 0  invalid 762 tFOTS 0.0000 tGradient 2.7580 tsec 3.0920
#GCMRL#  113 dt 295.936000 rms  0.656  0.107% neg 0  invalid 762 tFOTS 0.0000 tGradient 2.8130 tsec 3.1400
#GCMRL#  114 dt 295.936000 rms  0.655  0.088% neg 0  invalid 762 tFOTS 0.0000 tGradient 2.9670 tsec 3.2930
#GCMRL#  115 dt 295.936000 rms  0.654  0.091% neg 0  invalid 762 tFOTS 0.0000 tGradient 2.9410 tsec 3.2740
#GCMRL#  116 dt 295.936000 rms  0.654  0.081% neg 0  invalid 762 tFOTS 0.0000 tGradient 2.9750 tsec 3.3280
#GCMRL#  117 dt 295.936000 rms  0.653  0.063% neg 0  invalid 762 tFOTS 0.0000 tGradient 2.9980 tsec 3.3840
#GCMRL#  118 dt 295.936000 rms  0.653  0.076% neg 0  invalid 762 tFOTS 0.0000 tGradient 2.9800 tsec 3.3010
#GCMRL#  119 dt 295.936000 rms  0.653  0.065% neg 0  invalid 762 tFOTS 0.0000 tGradient 2.8760 tsec 3.2120
#GCMRL#  120 dt 295.936000 rms  0.652  0.061% neg 0  invalid 762 tFOTS 0.0000 tGradient 2.7610 tsec 3.1010
#GCMRL#  121 dt 295.936000 rms  0.652  0.061% neg 0  invalid 762 tFOTS 0.0000 tGradient 2.7660 tsec 3.0980
#GCMRL#  122 dt 295.936000 rms  0.651  0.053% neg 0  invalid 762 tFOTS 0.0000 tGradient 2.6200 tsec 2.9580
#GCMRL#  123 dt 295.936000 rms  0.651  0.052% neg 0  invalid 762 tFOTS 0.0000 tGradient 2.7540 tsec 3.0910
#GCMRL#  124 dt 295.936000 rms  0.651  0.049% neg 0  invalid 762 tFOTS 0.0000 tGradient 3.0370 tsec 3.3610
#GCMRL#  125 dt 295.936000 rms  0.650  0.042% neg 0  invalid 762 tFOTS 0.0000 tGradient 2.9240 tsec 3.2380
#GCMRL#  126 dt 295.936000 rms  0.650  0.042% neg 0  invalid 762 tFOTS 0.0000 tGradient 2.9370 tsec 3.2570
#GCMRL#  127 dt 295.936000 rms  0.650  0.047% neg 0  invalid 762 tFOTS 0.0000 tGradient 2.7710 tsec 3.0840
#GCMRL#  128 dt 295.936000 rms  0.650  0.049% neg 0  invalid 762 tFOTS 0.0000 tGradient 2.8260 tsec 3.1440
#GCMRL#  129 dt 295.936000 rms  0.649  0.038% neg 0  invalid 762 tFOTS 0.0000 tGradient 2.6380 tsec 2.9550
#GCMRL#  130 dt 295.936000 rms  0.649  0.043% neg 0  invalid 762 tFOTS 0.0000 tGradient 2.7670 tsec 3.0880
#GCMRL#  131 dt 295.936000 rms  0.649  0.050% neg 0  invalid 762 tFOTS 0.0000 tGradient 2.7220 tsec 3.0410
#GCMRL#  132 dt 295.936000 rms  0.648  0.054% neg 0  invalid 762 tFOTS 0.0000 tGradient 2.7790 tsec 3.1360
#GCMRL#  133 dt 295.936000 rms  0.648  0.045% neg 0  invalid 762 tFOTS 0.0000 tGradient 3.0480 tsec 3.4120
#GCMRL#  134 dt 295.936000 rms  0.648  0.046% neg 0  invalid 762 tFOTS 0.0000 tGradient 3.1240 tsec 3.4860
#GCMRL#  135 dt 295.936000 rms  0.647  0.048% neg 0  invalid 762 tFOTS 0.0000 tGradient 2.9040 tsec 3.2250
#GCMRL#  136 dt 295.936000 rms  0.647  0.045% neg 0  invalid 762 tFOTS 0.0000 tGradient 3.0300 tsec 3.3830
#GCMRL#  137 dt 295.936000 rms  0.647  0.048% neg 0  invalid 762 tFOTS 0.0000 tGradient 2.9920 tsec 3.3550
#GCMRL#  138 dt 295.936000 rms  0.647  0.046% neg 0  invalid 762 tFOTS 0.0000 tGradient 3.0570 tsec 3.4140
#GCMRL#  139 dt 295.936000 rms  0.646  0.042% neg 0  invalid 762 tFOTS 0.0000 tGradient 3.1840 tsec 3.5790
#GCMRL#  140 dt 295.936000 rms  0.646  0.037% neg 0  invalid 762 tFOTS 0.0000 tGradient 3.1690 tsec 3.5610
#GCMRL#  141 dt 295.936000 rms  0.646  0.034% neg 0  invalid 762 tFOTS 0.0000 tGradient 2.5980 tsec 2.9430
#GCMRL#  142 dt 295.936000 rms  0.646  0.039% neg 0  invalid 762 tFOTS 0.0000 tGradient 2.5310 tsec 2.8710
#GCMRL#  143 dt 295.936000 rms  0.645  0.032% neg 0  invalid 762 tFOTS 0.0000 tGradient 2.5190 tsec 2.8450
#GCMRL#  144 dt 295.936000 rms  0.645  0.036% neg 0  invalid 762 tFOTS 0.0000 tGradient 2.5370 tsec 2.8730
#GCMRL#  145 dt 295.936000 rms  0.645  0.033% neg 0  invalid 762 tFOTS 0.0000 tGradient 2.5090 tsec 2.8500
#GCMRL#  146 dt 295.936000 rms  0.645  0.029% neg 0  invalid 762 tFOTS 0.0000 tGradient 2.5860 tsec 2.9070
#GCMRL#  147 dt 295.936000 rms  0.645  0.032% neg 0  invalid 762 tFOTS 0.0000 tGradient 2.5300 tsec 2.8520
#GCMRL#  148 dt 295.936000 rms  0.644  0.031% neg 0  invalid 762 tFOTS 0.0000 tGradient 2.5400 tsec 2.8720
#GCMRL#  149 dt 295.936000 rms  0.644  0.030% neg 0  invalid 762 tFOTS 0.0000 tGradient 2.5950 tsec 2.9220
#GCMRL#  150 dt 295.936000 rms  0.644  0.026% neg 0  invalid 762 tFOTS 0.0000 tGradient 2.5240 tsec 2.9070
#GCMRL#  151 dt 295.936000 rms  0.644  0.023% neg 0  invalid 762 tFOTS 0.0000 tGradient 2.5230 tsec 2.8520
#GCMRL#  152 dt 295.936000 rms  0.644  0.025% neg 0  invalid 762 tFOTS 0.0000 tGradient 2.6720 tsec 3.0150
#GCMRL#  153 dt 295.936000 rms  0.644  0.023% neg 0  invalid 762 tFOTS 0.0000 tGradient 2.6610 tsec 3.0300
#FOTS# QuadFit found better minimum quadopt=(dt=517.888,rms=0.643466) vs oldopt=(dt=369.92,rms=0.643471)
#GCMRL#  154 dt 517.888000 rms  0.643  0.000% neg 0  invalid 762 tFOTS 5.1630 tGradient 2.8150 tsec 8.3630

#GCAMreg# pass 0 level1 5 level2 1 tsec 310.639 sigma 0.5
l_jacobian=1.00 l_label=1.00 l_log_likelihood=0.20 l_smoothness=0.01 
tol=5.00e-02, dt=5.00e-02, exp_k=20.0, momentum=0.90, levels=6, niter=500, lbl_dist=10.00, avgs=256, sigma=0.5,type=2, relabel=0, neg=no

blurring input image with Gaussian with sigma=0.500...
GCAMRegisterLevel(): init RMS 0.643808
#FOTS# QuadFit found better minimum quadopt=(dt=129.472,rms=0.642974) vs oldopt=(dt=92.48,rms=0.643064)
#GCMRL#  156 dt 129.472000 rms  0.643  0.130% neg 0  invalid 762 tFOTS 4.9440 tGradient 2.6100 tsec 7.9300
#FOTS# QuadFit found better minimum quadopt=(dt=517.888,rms=0.642223) vs oldopt=(dt=369.92,rms=0.642352)
#GCMRL#  157 dt 517.888000 rms  0.642  0.117% neg 0  invalid 762 tFOTS 5.1760 tGradient 2.5860 tsec 8.1810
#FOTS# QuadFit found better minimum quadopt=(dt=295.936,rms=0.642016) vs oldopt=(dt=369.92,rms=0.642044)
#GCMRL#  158 dt 295.936000 rms  0.642  0.000% neg 0  invalid 762 tFOTS 5.3390 tGradient 3.0260 tsec 8.7670
#GCMRL#  159 dt 295.936000 rms  0.642  0.021% neg 0  invalid 762 tFOTS 0.0000 tGradient 2.5930 tsec 2.9550
#GCMRL#  160 dt 295.936000 rms  0.642  0.045% neg 0  invalid 762 tFOTS 0.0000 tGradient 2.6060 tsec 2.9620
#GCMRL#  161 dt 295.936000 rms  0.641  0.047% neg 0  invalid 762 tFOTS 0.0000 tGradient 2.5690 tsec 2.9250
#GCMRL#  162 dt 295.936000 rms  0.641  0.041% neg 0  invalid 762 tFOTS 0.0000 tGradient 2.6320 tsec 2.9660
#GCMRL#  163 dt 295.936000 rms  0.641  0.055% neg 0  invalid 762 tFOTS 0.0000 tGradient 2.6170 tsec 2.9580
#GCMRL#  164 dt 295.936000 rms  0.640  0.045% neg 0  invalid 762 tFOTS 0.0000 tGradient 2.5380 tsec 2.8800
#GCMRL#  165 dt 295.936000 rms  0.640  0.024% neg 0  invalid 762 tFOTS 0.0000 tGradient 2.5480 tsec 2.8890
#GCMRL#  166 dt 295.936000 rms  0.640  0.026% neg 0  invalid 762 tFOTS 0.0000 tGradient 2.5890 tsec 2.9350
#GCMRL#  167 dt 295.936000 rms  0.640  0.024% neg 0  invalid 762 tFOTS 0.0000 tGradient 2.5390 tsec 2.8840
#GCMRL#  168 dt 295.936000 rms  0.640  0.017% neg 0  invalid 762 tFOTS 0.0000 tGradient 3.1090 tsec 3.5220
#GCMRL#  169 dt  92.480000 rms  0.640  0.000% neg 0  invalid 762 tFOTS 5.7570 tGradient 3.1690 tsec 9.3120
setting smoothness cost coefficient to 0.031

#GCAMreg# pass 0 level1 4 level2 0 tsec 0 sigma 2
l_jacobian=1.00 l_label=1.00 l_log_likelihood=0.20 l_smoothness=0.03 
tol=5.00e-02, dt=5.00e-02, exp_k=20.0, momentum=0.90, levels=6, niter=500, lbl_dist=10.00, avgs=64, sigma=2.0,type=2, relabel=0, neg=no

blurring input image with Gaussian with sigma=2.000...
GCAMRegisterLevel(): init RMS 0.642423
#FOTS# QuadFit found better minimum quadopt=(dt=117.909,rms=0.639003) vs oldopt=(dt=103.68,rms=0.639052)
#GCMRL#  171 dt 117.908714 rms  0.639  0.532% neg 0  invalid 762 tFOTS 4.8870 tGradient 2.3520 tsec 7.6150
#FOTS# QuadFit found better minimum quadopt=(dt=164.188,rms=0.634062) vs oldopt=(dt=103.68,rms=0.634621)
#GCMRL#  172 dt 164.188482 rms  0.634  0.773% neg 0  invalid 762 tFOTS 4.9770 tGradient 2.2950 tsec 7.6340
#FOTS# QuadFit found better minimum quadopt=(dt=62.7925,rms=0.631281) vs oldopt=(dt=25.92,rms=0.631915)
#GCMRL#  173 dt  62.792453 rms  0.631  0.439% neg 0  invalid 762 tFOTS 4.8950 tGradient 2.2740 tsec 7.5380
#FOTS# QuadFit found better minimum quadopt=(dt=145.152,rms=0.628215) vs oldopt=(dt=103.68,rms=0.628553)
#GCMRL#  174 dt 145.152000 rms  0.628  0.486% neg 0  invalid 762 tFOTS 4.8310 tGradient 2.4530 tsec 7.6470
#FOTS# QuadFit found better minimum quadopt=(dt=36.288,rms=0.626524) vs oldopt=(dt=25.92,rms=0.626843)
#GCMRL#  175 dt  36.288000 rms  0.627  0.269% neg 0  invalid 762 tFOTS 5.1080 tGradient 2.4480 tsec 7.9460
#FOTS# QuadFit found better minimum quadopt=(dt=497.664,rms=0.621327) vs oldopt=(dt=414.72,rms=0.621336)
#GCMRL#  176 dt 497.664000 rms  0.621  0.829% neg 0  invalid 762 tFOTS 4.9180 tGradient 2.4810 tsec 7.7460
#FOTS# QuadFit found better minimum quadopt=(dt=57.3694,rms=0.616221) vs oldopt=(dt=25.92,rms=0.617519)
#GCMRL#  177 dt  57.369369 rms  0.616  0.822% neg 0  invalid 762 tFOTS 4.7360 tGradient 2.2860 tsec 7.3760
#FOTS# QuadFit found better minimum quadopt=(dt=67.1605,rms=0.615392) vs oldopt=(dt=103.68,rms=0.615577)
#GCMRL#  178 dt  67.160494 rms  0.615  0.134% neg 0  invalid 762 tFOTS 5.0540 tGradient 2.4420 tsec 7.8610
#FOTS# QuadFit found better minimum quadopt=(dt=145.152,rms=0.613741) vs oldopt=(dt=103.68,rms=0.61394)
#GCMRL#  179 dt 145.152000 rms  0.614  0.268% neg 0  invalid 762 tFOTS 4.9780 tGradient 2.2890 tsec 7.6220
#FOTS# QuadFit found better minimum quadopt=(dt=36.288,rms=0.61283) vs oldopt=(dt=25.92,rms=0.612983)
#GCMRL#  180 dt  36.288000 rms  0.613  0.148% neg 0  invalid 762 tFOTS 4.8620 tGradient 2.2500 tsec 7.5500
#FOTS# QuadFit found better minimum quadopt=(dt=580.608,rms=0.608542) vs oldopt=(dt=414.72,rms=0.609231)
#GCMRL#  181 dt 580.608000 rms  0.609  0.700% neg 0  invalid 762 tFOTS 5.1600 tGradient 2.2510 tsec 7.8110
#FOTS# QuadFit found better minimum quadopt=(dt=56.1404,rms=0.606124) vs oldopt=(dt=25.92,rms=0.606603)
#GCMRL#  182 dt  56.140351 rms  0.606  0.397% neg 0  invalid 762 tFOTS 4.9170 tGradient 2.2580 tsec 7.5500
#FOTS# QuadFit found better minimum quadopt=(dt=36.288,rms=0.60568) vs oldopt=(dt=25.92,rms=0.605753)
#GCMRL#  183 dt  36.288000 rms  0.606  0.073% neg 0  invalid 762 tFOTS 4.7760 tGradient 2.6240 tsec 7.7650
#GCMRL#  184 dt 1658.880000 rms  0.599  1.162% neg 0  invalid 762 tFOTS 5.3100 tGradient 2.4970 tsec 8.2100
#FOTS# QuadFit found better minimum quadopt=(dt=46.2545,rms=0.595259) vs oldopt=(dt=25.92,rms=0.59575)
#GCMRL#  185 dt  46.254545 rms  0.595  0.565% neg 0  invalid 762 tFOTS 5.0760 tGradient 2.4730 tsec 7.9210
#FOTS# QuadFit found better minimum quadopt=(dt=36.288,rms=0.59487) vs oldopt=(dt=25.92,rms=0.594934)
#GCMRL#  186 dt  36.288000 rms  0.595  0.065% neg 0  invalid 762 tFOTS 5.0200 tGradient 2.2240 tsec 7.6520
#FOTS# QuadFit found better minimum quadopt=(dt=580.608,rms=0.592676) vs oldopt=(dt=414.72,rms=0.593034)
#GCMRL#  187 dt 580.608000 rms  0.593  0.369% neg 0  invalid 762 tFOTS 4.9490 tGradient 2.2800 tsec 7.6620
#FOTS# QuadFit found better minimum quadopt=(dt=62.208,rms=0.592163) vs oldopt=(dt=103.68,rms=0.592321)
#GCMRL#  188 dt  62.208000 rms  0.592  0.087% neg 0  invalid 762 tFOTS 4.7960 tGradient 2.3000 tsec 7.4690
#FOTS# QuadFit found better minimum quadopt=(dt=82.944,rms=0.591881) vs oldopt=(dt=103.68,rms=0.591881)
#GCMRL#  189 dt  82.944000 rms  0.592  0.000% neg 0  invalid 762 tFOTS 4.5590 tGradient 2.4860 tsec 7.4130
#GCMRL#  190 dt  82.944000 rms  0.592  0.026% neg 0  invalid 762 tFOTS 0.0000 tGradient 2.6190 tsec 2.9820
#GCMRL#  191 dt  82.944000 rms  0.591  0.106% neg 0  invalid 762 tFOTS 0.0000 tGradient 2.4280 tsec 2.7630
#GCMRL#  192 dt  82.944000 rms  0.590  0.109% neg 0  invalid 762 tFOTS 0.0000 tGradient 2.2750 tsec 2.6180
#GCMRL#  193 dt  82.944000 rms  0.589  0.166% neg 0  invalid 762 tFOTS 0.0000 tGradient 2.5530 tsec 2.9160
#GCMRL#  194 dt  82.944000 rms  0.588  0.179% neg 0  invalid 762 tFOTS 0.0000 tGradient 2.4750 tsec 2.8260
#GCMRL#  195 dt  82.944000 rms  0.587  0.199% neg 0  invalid 762 tFOTS 0.0000 tGradient 2.5580 tsec 2.9340
#GCMRL#  196 dt  82.944000 rms  0.586  0.199% neg 0  invalid 762 tFOTS 0.0000 tGradient 2.5750 tsec 2.9580
#GCMRL#  197 dt  82.944000 rms  0.585  0.174% neg 0  invalid 762 tFOTS 0.0000 tGradient 2.6870 tsec 3.0640
#GCMRL#  198 dt  82.944000 rms  0.584  0.209% neg 0  invalid 762 tFOTS 0.0000 tGradient 2.4860 tsec 2.8450
#GCMRL#  199 dt  82.944000 rms  0.583  0.189% neg 0  invalid 762 tFOTS 0.0000 tGradient 2.3280 tsec 2.7370
#GCMRL#  200 dt  82.944000 rms  0.582  0.185% neg 0  invalid 762 tFOTS 0.0000 tGradient 2.7640 tsec 3.1700
#GCMRL#  201 dt  82.944000 rms  0.580  0.200% neg 0  invalid 762 tFOTS 0.0000 tGradient 2.7050 tsec 3.0820
#GCMRL#  202 dt  82.944000 rms  0.579  0.189% neg 0  invalid 762 tFOTS 0.0000 tGradient 2.5080 tsec 2.9190
#GCMRL#  203 dt  82.944000 rms  0.578  0.169% neg 0  invalid 762 tFOTS 0.0000 tGradient 2.4690 tsec 2.8380
#GCMRL#  204 dt  82.944000 rms  0.578  0.148% neg 0  invalid 762 tFOTS 0.0000 tGradient 2.4260 tsec 2.8130
#GCMRL#  205 dt  82.944000 rms  0.577  0.152% neg 0  invalid 762 tFOTS 0.0000 tGradient 2.3940 tsec 2.7600
#GCMRL#  206 dt  82.944000 rms  0.576  0.140% neg 0  invalid 762 tFOTS 0.0000 tGradient 2.3610 tsec 2.7170
#GCMRL#  207 dt  82.944000 rms  0.575  0.129% neg 0  invalid 762 tFOTS 0.0000 tGradient 2.3820 tsec 2.7370
#GCMRL#  208 dt  82.944000 rms  0.574  0.140% neg 0  invalid 762 tFOTS 0.0000 tGradient 2.3840 tsec 2.7600
#GCMRL#  209 dt  82.944000 rms  0.574  0.126% neg 0  invalid 762 tFOTS 0.0000 tGradient 2.8160 tsec 3.2030
#GCMRL#  210 dt  82.944000 rms  0.573  0.115% neg 0  invalid 762 tFOTS 0.0000 tGradient 2.5790 tsec 2.9010
#GCMRL#  211 dt  82.944000 rms  0.572  0.120% neg 0  invalid 762 tFOTS 0.0000 tGradient 2.1540 tsec 2.4810
#GCMRL#  212 dt  82.944000 rms  0.572  0.113% neg 0  invalid 762 tFOTS 0.0000 tGradient 2.1540 tsec 2.4750
#GCMRL#  213 dt  82.944000 rms  0.571  0.099% neg 0  invalid 762 tFOTS 0.0000 tGradient 2.5110 tsec 2.8870
#GCMRL#  214 dt  82.944000 rms  0.571  0.092% neg 0  invalid 762 tFOTS 0.0000 tGradient 2.5290 tsec 2.9000
#GCMRL#  215 dt  82.944000 rms  0.570  0.094% neg 0  invalid 762 tFOTS 0.0000 tGradient 2.4300 tsec 2.7480
#GCMRL#  216 dt  82.944000 rms  0.570  0.082% neg 0  invalid 762 tFOTS 0.0000 tGradient 2.4370 tsec 2.8190
#GCMRL#  217 dt  82.944000 rms  0.569  0.081% neg 0  invalid 762 tFOTS 0.0000 tGradient 2.5760 tsec 2.9560
#GCMRL#  218 dt  82.944000 rms  0.569  0.090% neg 0  invalid 762 tFOTS 0.0000 tGradient 2.6860 tsec 3.0690
#GCMRL#  219 dt  82.944000 rms  0.568  0.073% neg 0  invalid 762 tFOTS 0.0000 tGradient 2.6670 tsec 3.0720
#GCMRL#  220 dt  82.944000 rms  0.568  0.073% neg 0  invalid 762 tFOTS 0.0000 tGradient 2.6610 tsec 3.1090
#GCMRL#  221 dt  82.944000 rms  0.567  0.078% neg 0  invalid 762 tFOTS 0.0000 tGradient 2.2670 tsec 2.6140
#GCMRL#  222 dt  82.944000 rms  0.567  0.066% neg 0  invalid 762 tFOTS 0.0000 tGradient 2.5520 tsec 2.9370
#GCMRL#  223 dt  82.944000 rms  0.567  0.056% neg 0  invalid 762 tFOTS 0.0000 tGradient 2.6320 tsec 3.0050
#GCMRL#  224 dt  82.944000 rms  0.566  0.070% neg 0  invalid 762 tFOTS 0.0000 tGradient 2.6110 tsec 3.0130
#GCMRL#  225 dt  82.944000 rms  0.566  0.056% neg 0  invalid 762 tFOTS 0.0000 tGradient 2.1920 tsec 2.5940
#GCMRL#  226 dt  82.944000 rms  0.566  0.049% neg 0  invalid 762 tFOTS 0.0000 tGradient 2.5170 tsec 2.8420
#GCMRL#  227 dt  82.944000 rms  0.565  0.055% neg 0  invalid 762 tFOTS 0.0000 tGradient 2.5310 tsec 2.8980
#GCMRL#  228 dt  82.944000 rms  0.565  0.065% neg 0  invalid 762 tFOTS 0.0000 tGradient 2.3190 tsec 2.6270
#GCMRL#  229 dt  82.944000 rms  0.565  0.051% neg 0  invalid 762 tFOTS 0.0000 tGradient 2.2970 tsec 2.6210
#GCMRL#  230 dt  82.944000 rms  0.564  0.044% neg 0  invalid 762 tFOTS 0.0000 tGradient 2.3830 tsec 2.7020
#GCMRL#  231 dt  82.944000 rms  0.564  0.048% neg 0  invalid 762 tFOTS 0.0000 tGradient 2.3340 tsec 2.6590
#GCMRL#  232 dt  82.944000 rms  0.564  0.050% neg 0  invalid 762 tFOTS 0.0000 tGradient 2.2970 tsec 2.6150
#GCMRL#  233 dt  82.944000 rms  0.564  0.034% neg 0  invalid 762 tFOTS 0.0000 tGradient 2.5050 tsec 2.9290
#GCMRL#  234 dt  82.944000 rms  0.563  0.035% neg 0  invalid 762 tFOTS 0.0000 tGradient 2.3080 tsec 2.6400
#GCMRL#  235 dt  82.944000 rms  0.563  0.046% neg 0  invalid 762 tFOTS 0.0000 tGradient 2.0520 tsec 2.3660
#GCMRL#  236 dt  82.944000 rms  0.563  0.047% neg 0  invalid 762 tFOTS 0.0000 tGradient 2.0820 tsec 2.3960
#GCMRL#  237 dt  82.944000 rms  0.563  0.035% neg 0  invalid 762 tFOTS 0.0000 tGradient 2.0270 tsec 2.3500
#GCMRL#  238 dt  82.944000 rms  0.563  0.031% neg 0  invalid 762 tFOTS 0.0000 tGradient 2.1090 tsec 2.4290
#GCMRL#  239 dt  82.944000 rms  0.562  0.037% neg 0  invalid 762 tFOTS 0.0000 tGradient 2.0280 tsec 2.3510
#GCMRL#  240 dt  82.944000 rms  0.562  0.039% neg 0  invalid 762 tFOTS 0.0000 tGradient 2.1290 tsec 2.4540
#GCMRL#  241 dt  82.944000 rms  0.562  0.029% neg 0  invalid 762 tFOTS 0.0000 tGradient 2.1210 tsec 2.4490
#GCMRL#  242 dt  82.944000 rms  0.562  0.019% neg 0  invalid 762 tFOTS 0.0000 tGradient 2.0350 tsec 2.3580
#GCMRL#  243 dt  82.944000 rms  0.562  0.019% neg 0  invalid 762 tFOTS 0.0000 tGradient 2.0390 tsec 2.3550
#GCMRL#  244 dt  82.944000 rms  0.561  0.042% neg 0  invalid 762 tFOTS 0.0000 tGradient 2.0770 tsec 2.4610
#GCMRL#  245 dt  82.944000 rms  0.561  0.033% neg 0  invalid 762 tFOTS 0.0000 tGradient 2.1140 tsec 2.4450
#GCMRL#  246 dt  82.944000 rms  0.561  0.020% neg 0  invalid 762 tFOTS 0.0000 tGradient 2.0460 tsec 2.3770
#GCMRL#  247 dt  82.944000 rms  0.561  0.024% neg 0  invalid 762 tFOTS 0.0000 tGradient 2.1060 tsec 2.4340
#GCMRL#  248 dt  82.944000 rms  0.561  0.037% neg 0  invalid 762 tFOTS 0.0000 tGradient 2.2070 tsec 2.5830
#GCMRL#  249 dt  82.944000 rms  0.561  0.031% neg 0  invalid 762 tFOTS 0.0000 tGradient 2.2250 tsec 2.5540
#GCMRL#  250 dt  82.944000 rms  0.561  0.028% neg 0  invalid 762 tFOTS 0.0000 tGradient 2.1120 tsec 2.4390
#GCMRL#  251 dt  82.944000 rms  0.560  0.024% neg 0  invalid 762 tFOTS 0.0000 tGradient 2.4440 tsec 2.7770
#GCMRL#  252 dt  82.944000 rms  0.560  0.021% neg 0  invalid 762 tFOTS 0.0000 tGradient 2.1080 tsec 2.4740
#FOTS# QuadFit found better minimum quadopt=(dt=0.00564236,rms=0.560271) vs oldopt=(dt=0.00632812,rms=0.560271)

#GCAMreg# pass 0 level1 4 level2 1 tsec 334.939 sigma 0.5
l_jacobian=1.00 l_label=1.00 l_log_likelihood=0.20 l_smoothness=0.03 
tol=5.00e-02, dt=5.00e-02, exp_k=20.0, momentum=0.90, levels=6, niter=500, lbl_dist=10.00, avgs=64, sigma=0.5,type=2, relabel=0, neg=no

blurring input image with Gaussian with sigma=0.500...
GCAMRegisterLevel(): init RMS 0.560814
#GCMRL#  254 dt 103.680000 rms  0.559  0.334% neg 0  invalid 762 tFOTS 4.6700 tGradient 2.1280 tsec 7.1390
#FOTS# QuadFit found better minimum quadopt=(dt=36.288,rms=0.55854) vs oldopt=(dt=25.92,rms=0.558615)
#GCMRL#  255 dt  36.288000 rms  0.559  0.072% neg 0  invalid 762 tFOTS 4.7120 tGradient 2.0940 tsec 7.1610
#FOTS# QuadFit found better minimum quadopt=(dt=331.776,rms=0.557693) vs oldopt=(dt=414.72,rms=0.557721)
#GCMRL#  256 dt 331.776000 rms  0.558  0.152% neg 0  invalid 762 tFOTS 4.8630 tGradient 2.0400 tsec 7.2330
#FOTS# QuadFit found better minimum quadopt=(dt=62.208,rms=0.557286) vs oldopt=(dt=103.68,rms=0.557423)
#GCMRL#  257 dt  62.208000 rms  0.557  0.073% neg 0  invalid 762 tFOTS 5.0490 tGradient 2.1190 tsec 7.5280
#FOTS# QuadFit found better minimum quadopt=(dt=124.416,rms=0.556997) vs oldopt=(dt=103.68,rms=0.55701)
#GCMRL#  258 dt 124.416000 rms  0.557  0.052% neg 0  invalid 762 tFOTS 4.7740 tGradient 2.0890 tsec 7.2290
#FOTS# QuadFit found better minimum quadopt=(dt=36.288,rms=0.556891) vs oldopt=(dt=25.92,rms=0.556905)
#GCMRL#  259 dt  36.288000 rms  0.557  0.000% neg 0  invalid 762 tFOTS 5.2260 tGradient 2.1110 tsec 7.7970
#GCMRL#  260 dt  36.288000 rms  0.557  0.009% neg 0  invalid 762 tFOTS 0.0000 tGradient 2.3610 tsec 2.7020
#GCMRL#  261 dt  36.288000 rms  0.557  0.018% neg 0  invalid 762 tFOTS 0.0000 tGradient 2.1810 tsec 2.5120
#GCMRL#  262 dt  36.288000 rms  0.557  0.028% neg 0  invalid 762 tFOTS 0.0000 tGradient 2.1660 tsec 2.5060
#GCMRL#  263 dt  36.288000 rms  0.556  0.035% neg 0  invalid 762 tFOTS 0.0000 tGradient 2.2560 tsec 2.5950
#GCMRL#  264 dt  36.288000 rms  0.556  0.038% neg 0  invalid 762 tFOTS 0.0000 tGradient 2.3030 tsec 2.6390
#GCMRL#  265 dt  36.288000 rms  0.556  0.039% neg 0  invalid 762 tFOTS 0.0000 tGradient 2.2880 tsec 2.6140
#GCMRL#  266 dt  36.288000 rms  0.556  0.038% neg 0  invalid 762 tFOTS 0.0000 tGradient 2.2010 tsec 2.5270
#GCMRL#  267 dt  36.288000 rms  0.556  0.039% neg 0  invalid 762 tFOTS 0.0000 tGradient 2.2590 tsec 2.6340
#GCMRL#  268 dt  36.288000 rms  0.555  0.039% neg 0  invalid 762 tFOTS 0.0000 tGradient 2.3630 tsec 2.7000
#GCMRL#  269 dt  36.288000 rms  0.555  0.035% neg 0  invalid 762 tFOTS 0.0000 tGradient 2.2130 tsec 2.5410
#GCMRL#  270 dt  36.288000 rms  0.555  0.038% neg 0  invalid 762 tFOTS 0.0000 tGradient 2.2770 tsec 2.6100
#GCMRL#  271 dt  36.288000 rms  0.555  0.034% neg 0  invalid 762 tFOTS 0.0000 tGradient 2.1470 tsec 2.4800
#GCMRL#  272 dt  36.288000 rms  0.555  0.032% neg 0  invalid 762 tFOTS 0.0000 tGradient 2.3130 tsec 2.6320
#GCMRL#  273 dt  36.288000 rms  0.554  0.029% neg 0  invalid 762 tFOTS 0.0000 tGradient 2.2330 tsec 2.5610
#GCMRL#  274 dt  36.288000 rms  0.554  0.028% neg 0  invalid 762 tFOTS 0.0000 tGradient 2.0930 tsec 2.4380
#GCMRL#  275 dt  36.288000 rms  0.554  0.025% neg 0  invalid 762 tFOTS 0.0000 tGradient 2.1130 tsec 2.4610
#GCMRL#  276 dt  36.288000 rms  0.554  0.026% neg 0  invalid 762 tFOTS 0.0000 tGradient 2.1270 tsec 2.4600
#GCMRL#  277 dt  36.288000 rms  0.554  0.025% neg 0  invalid 762 tFOTS 0.0000 tGradient 2.0800 tsec 2.4080
#GCMRL#  278 dt  36.288000 rms  0.554  0.025% neg 0  invalid 762 tFOTS 0.0000 tGradient 2.0640 tsec 2.4090
#GCMRL#  279 dt  36.288000 rms  0.554  0.029% neg 0  invalid 762 tFOTS 0.0000 tGradient 2.1430 tsec 2.4860
#GCMRL#  280 dt  36.288000 rms  0.553  0.023% neg 0  invalid 762 tFOTS 0.0000 tGradient 2.2900 tsec 2.6840
#GCMRL#  281 dt  36.288000 rms  0.553  0.026% neg 0  invalid 762 tFOTS 0.0000 tGradient 2.3240 tsec 2.6670
#GCMRL#  282 dt  36.288000 rms  0.553  0.025% neg 0  invalid 762 tFOTS 0.0000 tGradient 2.6250 tsec 3.0110
#GCMRL#  283 dt  36.288000 rms  0.553  0.026% neg 0  invalid 762 tFOTS 0.0000 tGradient 2.5910 tsec 3.0050
#GCMRL#  284 dt  36.288000 rms  0.553  0.025% neg 0  invalid 762 tFOTS 0.0000 tGradient 2.6540 tsec 3.0380
#GCMRL#  285 dt  36.288000 rms  0.553  0.023% neg 0  invalid 762 tFOTS 0.0000 tGradient 2.6080 tsec 3.0300
#FOTS# QuadFit found better minimum quadopt=(dt=145.152,rms=0.552636) vs oldopt=(dt=103.68,rms=0.552642)
#GCMRL#  286 dt 145.152000 rms  0.553  0.000% neg 0  invalid 762 tFOTS 5.1400 tGradient 2.3300 tsec 7.8440
setting smoothness cost coefficient to 0.118

#GCAMreg# pass 0 level1 3 level2 0 tsec 0 sigma 2
l_jacobian=1.00 l_label=1.00 l_log_likelihood=0.20 l_smoothness=0.12 
tol=5.00e-02, dt=5.00e-02, exp_k=20.0, momentum=0.90, levels=6, niter=500, lbl_dist=10.00, avgs=16, sigma=2.0,type=2, relabel=0, neg=no

blurring input image with Gaussian with sigma=2.000...
GCAMRegisterLevel(): init RMS 0.565522
#FOTS# QuadFit found better minimum quadopt=(dt=25.6,rms=0.563614) vs oldopt=(dt=32,rms=0.563676)
#GCMRL#  288 dt  25.600000 rms  0.564  0.337% neg 0  invalid 762 tFOTS 5.0150 tGradient 1.9400 tsec 7.3310
#FOTS# QuadFit found better minimum quadopt=(dt=44.8,rms=0.560864) vs oldopt=(dt=32,rms=0.561447)
#GCMRL#  289 dt  44.800000 rms  0.561  0.488% neg 0  invalid 762 tFOTS 4.6970 tGradient 2.1160 tsec 7.1790
#FOTS# QuadFit found better minimum quadopt=(dt=76.8,rms=0.557981) vs oldopt=(dt=128,rms=0.558897)
#GCMRL#  290 dt  76.800000 rms  0.558  0.514% neg 0  invalid 762 tFOTS 4.8140 tGradient 1.8910 tsec 7.0860
#FOTS# QuadFit found better minimum quadopt=(dt=25.6,rms=0.554883) vs oldopt=(dt=32,rms=0.555079)
#GCMRL#  291 dt  25.600000 rms  0.555  0.555% neg 0  invalid 762 tFOTS 4.9040 tGradient 1.8750 tsec 7.1220
#FOTS# QuadFit found better minimum quadopt=(dt=25.2021,rms=0.553833) vs oldopt=(dt=32,rms=0.55396)
#GCMRL#  292 dt  25.202073 rms  0.554  0.189% neg 0  invalid 762 tFOTS 4.7540 tGradient 1.8700 tsec 6.9940
#FOTS# QuadFit found better minimum quadopt=(dt=44.8,rms=0.551721) vs oldopt=(dt=32,rms=0.551935)
#GCMRL#  293 dt  44.800000 rms  0.552  0.381% neg 0  invalid 762 tFOTS 4.5530 tGradient 1.7880 tsec 6.7140
#FOTS# QuadFit found better minimum quadopt=(dt=11.2,rms=0.55077) vs oldopt=(dt=8,rms=0.550958)
#GCMRL#  294 dt  11.200000 rms  0.551  0.172% neg 0  invalid 762 tFOTS 4.6160 tGradient 1.9070 tsec 6.8690
#FOTS# QuadFit found better minimum quadopt=(dt=76.8,rms=0.549141) vs oldopt=(dt=128,rms=0.549549)
#GCMRL#  295 dt  76.800000 rms  0.549  0.296% neg 0  invalid 762 tFOTS 4.3300 tGradient 1.8150 tsec 6.4950
#FOTS# QuadFit found better minimum quadopt=(dt=22.8571,rms=0.546852) vs oldopt=(dt=32,rms=0.547185)
#GCMRL#  296 dt  22.857143 rms  0.547  0.417% neg 0  invalid 762 tFOTS 4.2810 tGradient 1.9290 tsec 6.6280
#FOTS# QuadFit found better minimum quadopt=(dt=25.5,rms=0.546245) vs oldopt=(dt=32,rms=0.546336)
#GCMRL#  297 dt  25.500000 rms  0.546  0.111% neg 0  invalid 762 tFOTS 4.7250 tGradient 1.8670 tsec 6.9610
#FOTS# QuadFit found better minimum quadopt=(dt=38.4,rms=0.545001) vs oldopt=(dt=32,rms=0.545037)
#GCMRL#  298 dt  38.400000 rms  0.545  0.228% neg 0  invalid 762 tFOTS 4.7480 tGradient 1.8320 tsec 6.9270
#FOTS# QuadFit found better minimum quadopt=(dt=11.2,rms=0.544421) vs oldopt=(dt=8,rms=0.54453)
#GCMRL#  299 dt  11.200000 rms  0.544  0.106% neg 0  invalid 762 tFOTS 4.8300 tGradient 2.0280 tsec 7.1940
#GCMRL#  300 dt 128.000000 rms  0.543  0.279% neg 0  invalid 762 tFOTS 4.3420 tGradient 1.7550 tsec 6.4840
#FOTS# QuadFit found better minimum quadopt=(dt=19.2,rms=0.540705) vs oldopt=(dt=32,rms=0.541472)
#GCMRL#  301 dt  19.200000 rms  0.541  0.405% neg 0  invalid 762 tFOTS 4.6100 tGradient 1.7260 tsec 6.6900
#GCMRL#  302 dt  32.000000 rms  0.540  0.068% neg 0  invalid 762 tFOTS 4.6290 tGradient 1.8140 tsec 6.7970
#GCMRL#  303 dt  32.000000 rms  0.540  0.145% neg 0  invalid 762 tFOTS 4.4000 tGradient 1.6870 tsec 6.4510
#FOTS# QuadFit found better minimum quadopt=(dt=9.6,rms=0.539241) vs oldopt=(dt=8,rms=0.539274)
#GCMRL#  304 dt   9.600000 rms  0.539  0.058% neg 0  invalid 762 tFOTS 4.5820 tGradient 1.7870 tsec 6.7470
#FOTS# QuadFit found better minimum quadopt=(dt=0.7,rms=0.539225) vs oldopt=(dt=0.5,rms=0.539229)
#GCMRL#  305 dt   0.700000 rms  0.539  0.000% neg 0  invalid 762 tFOTS 4.0340 tGradient 1.8930 tsec 6.3850
#GCMRL#  306 dt   0.010937 rms  0.539  0.000% neg 0  invalid 762 tFOTS 0.0000 tGradient 1.8030 tsec 3.4100
#GCMRL#  307 dt   0.005469 rms  0.539  0.000% neg 0  invalid 762 tFOTS 0.0000 tGradient 1.7340 tsec 2.4450
#GCMRL#  308 dt   0.002734 rms  0.539  0.000% neg 0  invalid 762 tFOTS 0.0000 tGradient 1.7530 tsec 2.4570
#GCMRL#  309 dt   0.001953 rms  0.539  0.000% neg 0  invalid 762 tFOTS 2.3620 tGradient 1.7670 tsec 4.5300

#GCAMreg# pass 0 level1 3 level2 1 tsec 149.624 sigma 0.5
l_jacobian=1.00 l_label=1.00 l_log_likelihood=0.20 l_smoothness=0.12 
tol=5.00e-02, dt=5.00e-02, exp_k=20.0, momentum=0.90, levels=6, niter=500, lbl_dist=10.00, avgs=16, sigma=0.5,type=2, relabel=0, neg=no

blurring input image with Gaussian with sigma=0.500...
GCAMRegisterLevel(): init RMS 0.539691
#FOTS# QuadFit found better minimum quadopt=(dt=66.56,rms=0.536534) vs oldopt=(dt=32,rms=0.536977)
#GCMRL#  311 dt  66.560000 rms  0.537  0.585% neg 0  invalid 762 tFOTS 4.7780 tGradient 1.6940 tsec 6.8120
#GCMRL#  312 dt  32.000000 rms  0.535  0.338% neg 0  invalid 762 tFOTS 4.4590 tGradient 1.6850 tsec 6.5020
#FOTS# QuadFit found better minimum quadopt=(dt=25.6,rms=0.534083) vs oldopt=(dt=32,rms=0.534134)
#GCMRL#  313 dt  25.600000 rms  0.534  0.119% neg 0  invalid 762 tFOTS 4.4650 tGradient 1.7280 tsec 6.5680
#FOTS# QuadFit found better minimum quadopt=(dt=44.8,rms=0.533204) vs oldopt=(dt=32,rms=0.533259)
#GCMRL#  314 dt  44.800000 rms  0.533  0.165% neg 0  invalid 762 tFOTS 4.5890 tGradient 1.7300 tsec 6.6930
#FOTS# QuadFit found better minimum quadopt=(dt=11.2,rms=0.532726) vs oldopt=(dt=8,rms=0.532828)
#GCMRL#  315 dt  11.200000 rms  0.533  0.089% neg 0  invalid 762 tFOTS 4.5980 tGradient 1.6890 tsec 6.6500
#FOTS# QuadFit found better minimum quadopt=(dt=76.8,rms=0.531816) vs oldopt=(dt=128,rms=0.532078)
#GCMRL#  316 dt  76.800000 rms  0.532  0.171% neg 0  invalid 762 tFOTS 4.1930 tGradient 1.7140 tsec 6.2570
#FOTS# QuadFit found better minimum quadopt=(dt=22.7451,rms=0.530955) vs oldopt=(dt=32,rms=0.53117)
#GCMRL#  317 dt  22.745098 rms  0.531  0.162% neg 0  invalid 762 tFOTS 4.5260 tGradient 1.7580 tsec 6.6520
#FOTS# QuadFit found better minimum quadopt=(dt=25.6,rms=0.530593) vs oldopt=(dt=32,rms=0.530601)
#GCMRL#  318 dt  25.600000 rms  0.531  0.068% neg 0  invalid 762 tFOTS 4.3850 tGradient 1.7450 tsec 6.4790
#FOTS# QuadFit found better minimum quadopt=(dt=44.8,rms=0.530035) vs oldopt=(dt=32,rms=0.530078)
#GCMRL#  319 dt  44.800000 rms  0.530  0.105% neg 0  invalid 762 tFOTS 4.5780 tGradient 1.7340 tsec 6.6690
#FOTS# QuadFit found better minimum quadopt=(dt=11.2,rms=0.529694) vs oldopt=(dt=8,rms=0.529768)
#GCMRL#  320 dt  11.200000 rms  0.530  0.064% neg 0  invalid 762 tFOTS 4.8430 tGradient 2.0600 tsec 7.2400
#FOTS# QuadFit found better minimum quadopt=(dt=102.4,rms=0.528903) vs oldopt=(dt=128,rms=0.528949)
#GCMRL#  321 dt 102.400000 rms  0.529  0.149% neg 0  invalid 762 tFOTS 4.6650 tGradient 1.7850 tsec 6.8120
#FOTS# QuadFit found better minimum quadopt=(dt=11.2,rms=0.528174) vs oldopt=(dt=8,rms=0.528313)
#GCMRL#  322 dt  11.200000 rms  0.528  0.138% neg 0  invalid 762 tFOTS 4.6010 tGradient 1.9290 tsec 6.8800
#FOTS# QuadFit found better minimum quadopt=(dt=44.8,rms=0.527765) vs oldopt=(dt=32,rms=0.527805)
#GCMRL#  323 dt  44.800000 rms  0.528  0.077% neg 0  invalid 762 tFOTS 4.6280 tGradient 1.7910 tsec 6.7600
#FOTS# QuadFit found better minimum quadopt=(dt=11.2,rms=0.527515) vs oldopt=(dt=8,rms=0.527572)
#GCMRL#  324 dt  11.200000 rms  0.528  0.000% neg 0  invalid 762 tFOTS 4.6130 tGradient 1.7790 tsec 6.7510
#GCMRL#  325 dt  11.200000 rms  0.527  0.028% neg 0  invalid 762 tFOTS 0.0000 tGradient 1.7700 tsec 2.0940
#GCMRL#  326 dt  11.200000 rms  0.527  0.042% neg 0  invalid 762 tFOTS 0.0000 tGradient 1.7190 tsec 2.0510
#GCMRL#  327 dt  11.200000 rms  0.527  0.064% neg 0  invalid 762 tFOTS 0.0000 tGradient 1.7430 tsec 2.0780
#GCMRL#  328 dt  11.200000 rms  0.526  0.082% neg 0  invalid 762 tFOTS 0.0000 tGradient 1.7700 tsec 2.1110
#GCMRL#  329 dt  11.200000 rms  0.526  0.093% neg 0  invalid 762 tFOTS 0.0000 tGradient 1.7720 tsec 2.0950
#GCMRL#  330 dt  11.200000 rms  0.525  0.100% neg 0  invalid 762 tFOTS 0.0000 tGradient 1.7080 tsec 2.0360
#GCMRL#  331 dt  11.200000 rms  0.525  0.107% neg 0  invalid 762 tFOTS 0.0000 tGradient 1.7340 tsec 2.0750
#GCMRL#  332 dt  11.200000 rms  0.524  0.118% neg 0  invalid 762 tFOTS 0.0000 tGradient 1.7350 tsec 2.0690
#GCMRL#  333 dt  11.200000 rms  0.524  0.120% neg 0  invalid 762 tFOTS 0.0000 tGradient 1.8100 tsec 2.1500
#GCMRL#  334 dt  11.200000 rms  0.523  0.119% neg 0  invalid 762 tFOTS 0.0000 tGradient 1.7860 tsec 2.1230
#GCMRL#  335 dt  11.200000 rms  0.522  0.122% neg 0  invalid 762 tFOTS 0.0000 tGradient 1.7730 tsec 2.1050
#GCMRL#  336 dt  11.200000 rms  0.522  0.118% neg 0  invalid 762 tFOTS 0.0000 tGradient 1.7760 tsec 2.1810
#GCMRL#  337 dt  11.200000 rms  0.521  0.111% neg 0  invalid 762 tFOTS 0.0000 tGradient 1.7470 tsec 2.0760
#GCMRL#  338 dt  11.200000 rms  0.521  0.114% neg 0  invalid 762 tFOTS 0.0000 tGradient 1.7760 tsec 2.1170
#GCMRL#  339 dt  11.200000 rms  0.520  0.112% neg 0  invalid 762 tFOTS 0.0000 tGradient 1.7420 tsec 2.0840
#GCMRL#  340 dt  11.200000 rms  0.519  0.107% neg 0  invalid 762 tFOTS 0.0000 tGradient 1.7780 tsec 2.1260
#GCMRL#  341 dt  11.200000 rms  0.519  0.107% neg 0  invalid 762 tFOTS 0.0000 tGradient 1.7270 tsec 2.0600
#GCMRL#  342 dt  11.200000 rms  0.518  0.097% neg 0  invalid 762 tFOTS 0.0000 tGradient 1.7230 tsec 2.0670
#GCMRL#  343 dt  11.200000 rms  0.518  0.093% neg 0  invalid 762 tFOTS 0.0000 tGradient 1.7540 tsec 2.1020
#GCMRL#  344 dt  11.200000 rms  0.517  0.089% neg 0  invalid 762 tFOTS 0.0000 tGradient 1.7400 tsec 2.0800
#GCMRL#  345 dt  11.200000 rms  0.517  0.089% neg 0  invalid 762 tFOTS 0.0000 tGradient 1.7720 tsec 2.1090
#GCMRL#  346 dt  11.200000 rms  0.516  0.084% neg 0  invalid 762 tFOTS 0.0000 tGradient 1.7930 tsec 2.1410
#GCMRL#  347 dt  11.200000 rms  0.516  0.079% neg 0  invalid 762 tFOTS 0.0000 tGradient 1.7690 tsec 2.1190
#GCMRL#  348 dt  11.200000 rms  0.516  0.072% neg 0  invalid 762 tFOTS 0.0000 tGradient 1.7770 tsec 2.1220
#GCMRL#  349 dt  11.200000 rms  0.515  0.068% neg 0  invalid 762 tFOTS 0.0000 tGradient 1.7710 tsec 2.1050
#GCMRL#  350 dt  11.200000 rms  0.515  0.065% neg 0  invalid 762 tFOTS 0.0000 tGradient 1.7810 tsec 2.1180
#GCMRL#  351 dt  11.200000 rms  0.515  0.064% neg 0  invalid 762 tFOTS 0.0000 tGradient 1.7380 tsec 2.0740
#GCMRL#  352 dt  11.200000 rms  0.514  0.061% neg 0  invalid 762 tFOTS 0.0000 tGradient 1.7500 tsec 2.0980
#GCMRL#  353 dt  11.200000 rms  0.514  0.056% neg 0  invalid 762 tFOTS 0.0000 tGradient 1.7710 tsec 2.1170
#GCMRL#  354 dt  11.200000 rms  0.514  0.053% neg 0  invalid 762 tFOTS 0.0000 tGradient 1.7900 tsec 2.1390
#GCMRL#  355 dt  11.200000 rms  0.514  0.047% neg 0  invalid 762 tFOTS 0.0000 tGradient 1.7920 tsec 2.1420
#GCMRL#  356 dt  11.200000 rms  0.513  0.047% neg 0  invalid 762 tFOTS 0.0000 tGradient 1.7270 tsec 2.0630
#GCMRL#  357 dt  11.200000 rms  0.513  0.048% neg 0  invalid 762 tFOTS 0.0000 tGradient 1.7530 tsec 2.1010
#GCMRL#  358 dt  11.200000 rms  0.513  0.045% neg 0  invalid 762 tFOTS 0.0000 tGradient 1.7490 tsec 2.0960
#GCMRL#  359 dt  11.200000 rms  0.513  0.041% neg 0  invalid 762 tFOTS 0.0000 tGradient 1.7890 tsec 2.1360
#GCMRL#  360 dt  11.200000 rms  0.512  0.039% neg 0  invalid 762 tFOTS 0.0000 tGradient 1.7690 tsec 2.1150
#GCMRL#  361 dt  11.200000 rms  0.512  0.037% neg 0  invalid 762 tFOTS 0.0000 tGradient 1.7680 tsec 2.1150
#GCMRL#  362 dt  11.200000 rms  0.512  0.036% neg 0  invalid 762 tFOTS 0.0000 tGradient 1.9300 tsec 2.2680
#GCMRL#  363 dt  11.200000 rms  0.512  0.037% neg 0  invalid 762 tFOTS 0.0000 tGradient 1.7780 tsec 2.1090
#GCMRL#  364 dt  11.200000 rms  0.512  0.034% neg 0  invalid 762 tFOTS 0.0000 tGradient 1.7630 tsec 2.0980
#GCMRL#  365 dt  11.200000 rms  0.512  0.036% neg 0  invalid 762 tFOTS 0.0000 tGradient 1.8950 tsec 2.2500
#GCMRL#  366 dt  11.200000 rms  0.511  0.034% neg 0  invalid 762 tFOTS 0.0000 tGradient 1.7620 tsec 2.1090
#GCMRL#  367 dt  11.200000 rms  0.511  0.032% neg 0  invalid 762 tFOTS 0.0000 tGradient 1.7980 tsec 2.1560
#GCMRL#  368 dt  11.200000 rms  0.511  0.031% neg 0  invalid 762 tFOTS 0.0000 tGradient 1.7710 tsec 2.1010
#GCMRL#  369 dt  11.200000 rms  0.511  0.029% neg 0  invalid 762 tFOTS 0.0000 tGradient 1.7650 tsec 2.1140
#GCMRL#  370 dt  11.200000 rms  0.511  0.031% neg 0  invalid 762 tFOTS 0.0000 tGradient 1.8030 tsec 2.1540
#GCMRL#  371 dt  11.200000 rms  0.511  0.031% neg 0  invalid 762 tFOTS 0.0000 tGradient 1.7740 tsec 2.1230
#GCMRL#  372 dt  11.200000 rms  0.510  0.029% neg 0  invalid 762 tFOTS 0.0000 tGradient 1.7820 tsec 2.1230
#GCMRL#  373 dt  11.200000 rms  0.510  0.024% neg 0  invalid 762 tFOTS 0.0000 tGradient 1.8130 tsec 2.1420
#GCMRL#  374 dt  11.200000 rms  0.510  0.024% neg 0  invalid 762 tFOTS 0.0000 tGradient 1.7760 tsec 2.1080
#GCMRL#  375 dt  11.200000 rms  0.510  0.023% neg 0  invalid 762 tFOTS 0.0000 tGradient 1.6850 tsec 2.0580
#GCMRL#  376 dt 128.000000 rms  0.510  0.028% neg 0  invalid 762 tFOTS 4.7400 tGradient 1.7140 tsec 6.8160
#GCMRL#  377 dt   8.000000 rms  0.510  0.000% neg 0  invalid 762 tFOTS 4.7620 tGradient 1.7280 tsec 6.8580
#GCMRL#  378 dt   8.000000 rms  0.510  0.001% neg 0  invalid 762 tFOTS 0.0000 tGradient 1.7260 tsec 2.0530
#GCMRL#  379 dt   8.000000 rms  0.510  0.002% neg 0  invalid 762 tFOTS 0.0000 tGradient 1.6880 tsec 2.0100
setting smoothness cost coefficient to 0.400

#GCAMreg# pass 0 level1 2 level2 0 tsec 0 sigma 2
l_jacobian=1.00 l_label=1.00 l_log_likelihood=0.20 l_smoothness=0.40 
tol=5.00e-02, dt=5.00e-02, exp_k=20.0, momentum=0.90, levels=6, niter=500, lbl_dist=10.00, avgs=4, sigma=2.0,type=2, relabel=0, neg=no

blurring input image with Gaussian with sigma=2.000...
GCAMRegisterLevel(): init RMS 0.535112
#GCMRL#  381 dt   0.000000 rms  0.535  0.087% neg 0  invalid 762 tFOTS 4.4870 tGradient 1.5270 tsec 6.3620
#GCMRL#  382 dt   0.150000 rms  0.535  0.000% neg 0  invalid 762 tFOTS 4.4420 tGradient 1.5380 tsec 6.5570

#GCAMreg# pass 0 level1 2 level2 1 tsec 24.374 sigma 0.5
l_jacobian=1.00 l_label=1.00 l_log_likelihood=0.20 l_smoothness=0.40 
tol=5.00e-02, dt=5.00e-02, exp_k=20.0, momentum=0.90, levels=6, niter=500, lbl_dist=10.00, avgs=4, sigma=0.5,type=2, relabel=0, neg=no

blurring input image with Gaussian with sigma=0.500...
GCAMRegisterLevel(): init RMS 0.535112
#GCMRL#  384 dt   0.000000 rms  0.535  0.087% neg 0  invalid 762 tFOTS 4.4480 tGradient 1.5610 tsec 6.3470
#GCMRL#  385 dt   0.150000 rms  0.535  0.000% neg 0  invalid 762 tFOTS 4.6510 tGradient 1.5430 tsec 6.8380
setting smoothness cost coefficient to 1.000

#GCAMreg# pass 0 level1 1 level2 0 tsec 0 sigma 2
l_jacobian=1.00 l_label=1.00 l_log_likelihood=0.20 l_smoothness=1.00 
tol=5.00e-02, dt=5.00e-02, exp_k=20.0, momentum=0.90, levels=6, niter=500, lbl_dist=10.00, avgs=1, sigma=2.0,type=2, relabel=0, neg=no

blurring input image with Gaussian with sigma=2.000...
GCAMRegisterLevel(): init RMS 0.584249
#GCMRL#  387 dt   1.280000 rms  0.580  0.676% neg 0  invalid 762 tFOTS 4.8710 tGradient 1.7920 tsec 7.0210
#GCMRL#  388 dt   0.320000 rms  0.580  0.000% neg 0  invalid 762 tFOTS 4.7030 tGradient 1.6450 tsec 6.7360

#GCAMreg# pass 0 level1 1 level2 1 tsec 25.161 sigma 0.5
l_jacobian=1.00 l_label=1.00 l_log_likelihood=0.20 l_smoothness=1.00 
tol=5.00e-02, dt=5.00e-02, exp_k=20.0, momentum=0.90, levels=6, niter=500, lbl_dist=10.00, avgs=1, sigma=0.5,type=2, relabel=0, neg=no

blurring input image with Gaussian with sigma=0.500...
GCAMRegisterLevel(): init RMS 0.580609
#FOTS# QuadFit found better minimum quadopt=(dt=0.448,rms=0.579926) vs oldopt=(dt=0.32,rms=0.57997)
#GCMRL#  390 dt   0.448000 rms  0.580  0.118% neg 0  invalid 762 tFOTS 4.4950 tGradient 1.4060 tsec 6.2700
#FOTS# QuadFit found better minimum quadopt=(dt=0.256,rms=0.579889) vs oldopt=(dt=0.32,rms=0.579894)
#GCMRL#  391 dt   0.256000 rms  0.580  0.000% neg 0  invalid 762 tFOTS 4.6700 tGradient 1.4110 tsec 6.4390
resetting metric properties...
setting smoothness cost coefficient to 2.000

#GCAMreg# pass 0 level1 0 level2 0 tsec 0 sigma 2
l_jacobian=1.00 l_label=1.00 l_log_likelihood=0.20 l_smoothness=2.00 
tol=5.00e-02, dt=5.00e-02, exp_k=20.0, momentum=0.90, levels=6, niter=500, lbl_dist=10.00, avgs=0, sigma=2.0,type=2, relabel=0, neg=no

blurring input image with Gaussian with sigma=2.000...
GCAMRegisterLevel(): init RMS 0.522021
#FOTS# QuadFit found better minimum quadopt=(dt=0.448,rms=0.506912) vs oldopt=(dt=0.32,rms=0.51095)
#GCMRL#  393 dt   0.448000 rms  0.507  2.894% neg 0  invalid 762 tFOTS 4.0550 tGradient 0.9910 tsec 5.3840
#FOTS# QuadFit found better minimum quadopt=(dt=0.448,rms=0.503646) vs oldopt=(dt=0.32,rms=0.504562)
#GCMRL#  394 dt   0.448000 rms  0.504  0.644% neg 0  invalid 762 tFOTS 4.1960 tGradient 0.8820 tsec 5.4420
#FOTS# QuadFit found better minimum quadopt=(dt=0.448,rms=0.501372) vs oldopt=(dt=0.32,rms=0.502009)
#GCMRL#  395 dt   0.448000 rms  0.501  0.451% neg 0  invalid 762 tFOTS 4.1990 tGradient 0.8860 tsec 5.4500
#FOTS# QuadFit found better minimum quadopt=(dt=0.448,rms=0.500205) vs oldopt=(dt=0.32,rms=0.500529)
#GCMRL#  396 dt   0.448000 rms  0.500  0.233% neg 0  invalid 762 tFOTS 4.2880 tGradient 0.9350 tsec 5.5850
#FOTS# QuadFit found better minimum quadopt=(dt=0.448,rms=0.499164) vs oldopt=(dt=0.32,rms=0.499448)
#GCMRL#  397 dt   0.448000 rms  0.499  0.208% neg 0  invalid 762 tFOTS 4.3240 tGradient 0.9010 tsec 5.6010
#FOTS# QuadFit found better minimum quadopt=(dt=0.448,rms=0.498644) vs oldopt=(dt=0.32,rms=0.498777)
#GCMRL#  398 dt   0.448000 rms  0.499  0.104% neg 0  invalid 762 tFOTS 4.3510 tGradient 0.8890 tsec 5.6090
#FOTS# QuadFit found better minimum quadopt=(dt=0.448,rms=0.498008) vs oldopt=(dt=0.32,rms=0.498173)
#GCMRL#  399 dt   0.448000 rms  0.498  0.128% neg 0  invalid 762 tFOTS 4.3910 tGradient 0.8580 tsec 5.6000
#FOTS# QuadFit found better minimum quadopt=(dt=0.448,rms=0.497722) vs oldopt=(dt=0.32,rms=0.497784)
#GCMRL#  400 dt   0.448000 rms  0.498  0.058% neg 0  invalid 762 tFOTS 4.4480 tGradient 0.8790 tsec 5.7100
#FOTS# QuadFit found better minimum quadopt=(dt=0.448,rms=0.497266) vs oldopt=(dt=0.32,rms=0.497373)
#GCMRL#  401 dt   0.448000 rms  0.497  0.092% neg 0  invalid 762 tFOTS 4.0080 tGradient 0.9660 tsec 5.3050
#FOTS# QuadFit found better minimum quadopt=(dt=0.448,rms=0.497111) vs oldopt=(dt=0.32,rms=0.497133)
#GCMRL#  402 dt   0.448000 rms  0.497  0.000% neg 0  invalid 762 tFOTS 4.0430 tGradient 0.8440 tsec 5.2520
#GCMRL#  403 dt   0.448000 rms  0.497  0.070% neg 0  invalid 762 tFOTS 0.0000 tGradient 0.8700 tsec 1.2010
#GCMRL#  404 dt   0.448000 rms  0.496  0.082% neg 0  invalid 762 tFOTS 0.0000 tGradient 0.8580 tsec 1.2040
#GCMRL#  405 dt   0.448000 rms  0.496  0.083% neg 0  invalid 762 tFOTS 0.0000 tGradient 0.8770 tsec 1.2230
#GCMRL#  406 dt   0.448000 rms  0.495  0.109% neg 0  invalid 762 tFOTS 0.0000 tGradient 0.8870 tsec 1.2430
#GCMRL#  407 dt   0.448000 rms  0.495  0.029% neg 0  invalid 762 tFOTS 0.0000 tGradient 0.8750 tsec 1.3870
#GCMRL#  408 dt   0.448000 rms  0.495  0.001% neg 0  invalid 762 tFOTS 0.0000 tGradient 0.8610 tsec 1.2040
#GCMRL#  409 dt   0.448000 rms  0.495  0.008% neg 0  invalid 762 tFOTS 0.0000 tGradient 0.8840 tsec 1.4030
#GCMRL#  410 dt   0.448000 rms  0.495  0.022% neg 0  invalid 762 tFOTS 0.0000 tGradient 0.8650 tsec 1.2150
#GCMRL#  411 dt   0.448000 rms  0.495  0.008% neg 0  invalid 762 tFOTS 0.0000 tGradient 0.8780 tsec 1.4340
#FOTS# QuadFit found better minimum quadopt=(dt=0.112,rms=0.495046) vs oldopt=(dt=0.08,rms=0.495046)
#GCMRL#  412 dt   0.112000 rms  0.495  0.000% neg 0  invalid 762 tFOTS 4.1010 tGradient 0.8570 tsec 5.3150
#GCMRL#  413 dt   0.112000 rms  0.495  0.003% neg 0  invalid 762 tFOTS 0.0000 tGradient 0.8860 tsec 1.2180
#GCMRL#  414 dt   0.112000 rms  0.495  0.007% neg 0  invalid 762 tFOTS 0.0000 tGradient 0.8530 tsec 1.1820
#GCMRL#  415 dt   0.112000 rms  0.495  0.008% neg 0  invalid 762 tFOTS 0.0000 tGradient 0.8870 tsec 1.2290
#GCMRL#  416 dt   0.112000 rms  0.495  0.009% neg 0  invalid 762 tFOTS 0.0000 tGradient 0.8370 tsec 1.1530
#GCMRL#  417 dt   0.112000 rms  0.495  0.008% neg 0  invalid 762 tFOTS 0.0000 tGradient 0.8730 tsec 1.2240

#GCAMreg# pass 0 level1 0 level2 1 tsec 88.492 sigma 0.5
l_jacobian=1.00 l_label=1.00 l_log_likelihood=0.20 l_smoothness=2.00 
tol=5.00e-02, dt=5.00e-02, exp_k=20.0, momentum=0.90, levels=6, niter=500, lbl_dist=10.00, avgs=0, sigma=0.5,type=2, relabel=0, neg=no

blurring input image with Gaussian with sigma=0.500...
GCAMRegisterLevel(): init RMS 0.495374
#FOTS# QuadFit found better minimum quadopt=(dt=0.384,rms=0.491512) vs oldopt=(dt=0.32,rms=0.492031)
#GCMRL#  419 dt   0.384000 rms  0.492  0.779% neg 0  invalid 762 tFOTS 4.0630 tGradient 0.8930 tsec 5.3120
#FOTS# QuadFit found better minimum quadopt=(dt=0.384,rms=0.490781) vs oldopt=(dt=0.32,rms=0.490895)
#GCMRL#  420 dt   0.384000 rms  0.491  0.149% neg 0  invalid 762 tFOTS 4.0960 tGradient 0.8500 tsec 5.3060
#FOTS# QuadFit found better minimum quadopt=(dt=0.384,rms=0.490534) vs oldopt=(dt=0.32,rms=0.490567)
#GCMRL#  421 dt   0.384000 rms  0.491  0.050% neg 0  invalid 762 tFOTS 4.1220 tGradient 0.8830 tsec 5.3600
#FOTS# QuadFit found better minimum quadopt=(dt=0.384,rms=0.490441) vs oldopt=(dt=0.32,rms=0.490449)
#GCMRL#  422 dt   0.384000 rms  0.490  0.000% neg 0  invalid 762 tFOTS 4.1440 tGradient 0.8470 tsec 5.3640
#GCMRL#  423 dt   0.384000 rms  0.490  0.013% neg 0  invalid 762 tFOTS 0.0000 tGradient 0.8590 tsec 1.2170
#GCMRL#  424 dt   0.384000 rms  0.490  0.016% neg 0  invalid 762 tFOTS 0.0000 tGradient 0.8970 tsec 1.2860
#GCMRL#  425 dt   0.384000 rms  0.490  0.010% neg 0  invalid 762 tFOTS 0.0000 tGradient 0.8500 tsec 1.2090
GCAMregister done in 23.4944 min
********************* ALLOWING NEGATIVE NODES IN DEFORMATION********************************
noneg post
Starting GCAMregister()
label assignment complete, 0 changed (0.00%)
npasses = 1, nlevels = 6
#pass# 1 of 1 ************************
enabling zero nodes
setting smoothness cost coefficient to 0.008

#GCAMreg# pass 0 level1 5 level2 0 tsec 0 sigma 2
l_jacobian=1.00 l_label=1.00 l_log_likelihood=0.20 l_smoothness=0.01 
tol=2.50e-01, dt=5.00e-02, exp_k=20.0, momentum=0.90, levels=6, niter=500, lbl_dist=10.00, avgs=256, sigma=2.0,type=2, relabel=0, neg=yes

blurring input image with Gaussian with sigma=2.000...
GCAMRegisterLevel(): init RMS 0.488483
#GCMRL#  427 dt   0.000000 rms  0.488  0.106% neg 0  invalid 762 tFOTS 4.9150 tGradient 2.3810 tsec 7.6510

#GCAMreg# pass 0 level1 5 level2 1 tsec 25.057 sigma 0.5
l_jacobian=1.00 l_label=1.00 l_log_likelihood=0.20 l_smoothness=0.01 
tol=2.50e-01, dt=5.00e-02, exp_k=20.0, momentum=0.90, levels=6, niter=500, lbl_dist=10.00, avgs=256, sigma=0.5,type=2, relabel=0, neg=yes

blurring input image with Gaussian with sigma=0.500...
GCAMRegisterLevel(): init RMS 0.488483
#FOTS# QuadFit found better minimum quadopt=(dt=129.472,rms=0.487768) vs oldopt=(dt=92.48,rms=0.487804)
#GCMRL#  429 dt 129.472000 rms  0.488  0.146% neg 0  invalid 762 tFOTS 4.8380 tGradient 2.6420 tsec 7.8370
#FOTS# QuadFit found better minimum quadopt=(dt=221.952,rms=0.487576) vs oldopt=(dt=369.92,rms=0.487614)
#GCMRL#  430 dt 221.952000 rms  0.488  0.000% neg 0  invalid 762 tFOTS 4.8060 tGradient 2.4540 tsec 7.6210
setting smoothness cost coefficient to 0.031

#GCAMreg# pass 0 level1 4 level2 0 tsec 0 sigma 2
l_jacobian=1.00 l_label=1.00 l_log_likelihood=0.20 l_smoothness=0.03 
tol=2.50e-01, dt=5.00e-02, exp_k=20.0, momentum=0.90, levels=6, niter=500, lbl_dist=10.00, avgs=64, sigma=2.0,type=2, relabel=0, neg=yes

blurring input image with Gaussian with sigma=2.000...
GCAMRegisterLevel(): init RMS 0.488146
#FOTS# QuadFit found better minimum quadopt=(dt=36.288,rms=0.487192) vs oldopt=(dt=25.92,rms=0.48722)
#GCMRL#  432 dt  36.288000 rms  0.487  0.195% neg 0  invalid 762 tFOTS 5.4170 tGradient 1.9500 tsec 7.7080
#FOTS# QuadFit found better minimum quadopt=(dt=36.288,rms=0.486979) vs oldopt=(dt=25.92,rms=0.487014)
#GCMRL#  433 dt  36.288000 rms  0.487  0.000% neg 0  invalid 762 tFOTS 5.1830 tGradient 1.9670 tsec 7.5280
iter 0, gcam->neg = 2
after 0 iterations, nbhd size=0, neg = 0
#GCMRL#  434 dt  36.288000 rms  0.487  0.043% neg 0  invalid 762 tFOTS 0.0000 tGradient 1.9210 tsec 3.3310
#GCMRL#  435 dt  36.288000 rms  0.487  0.047% neg 0  invalid 762 tFOTS 0.0000 tGradient 1.5740 tsec 1.8950
iter 0, gcam->neg = 1
after 0 iterations, nbhd size=0, neg = 0
#GCMRL#  436 dt  36.288000 rms  0.486  0.011% neg 0  invalid 762 tFOTS 0.0000 tGradient 1.5900 tsec 2.9890
iter 0, gcam->neg = 4
after 0 iterations, nbhd size=0, neg = 0

#GCAMreg# pass 0 level1 4 level2 1 tsec 35.926 sigma 0.5
l_jacobian=1.00 l_label=1.00 l_log_likelihood=0.20 l_smoothness=0.03 
tol=2.50e-01, dt=5.00e-02, exp_k=20.0, momentum=0.90, levels=6, niter=500, lbl_dist=10.00, avgs=64, sigma=0.5,type=2, relabel=0, neg=yes

blurring input image with Gaussian with sigma=0.500...
GCAMRegisterLevel(): init RMS 0.487003
#FOTS# QuadFit found better minimum quadopt=(dt=84.6174,rms=0.48426) vs oldopt=(dt=103.68,rms=0.484377)
#GCMRL#  438 dt  84.617450 rms  0.484  0.563% neg 0  invalid 762 tFOTS 5.4480 tGradient 1.5350 tsec 7.3490
#FOTS# QuadFit found better minimum quadopt=(dt=36.288,rms=0.483451) vs oldopt=(dt=25.92,rms=0.483603)
#GCMRL#  439 dt  36.288000 rms  0.483  0.000% neg 0  invalid 762 tFOTS 5.3240 tGradient 1.7860 tsec 7.4980
#GCMRL#  440 dt  36.288000 rms  0.483  0.043% neg 0  invalid 762 tFOTS 0.0000 tGradient 1.5960 tsec 1.9690
#GCMRL#  441 dt  36.288000 rms  0.483  0.075% neg 0  invalid 762 tFOTS 0.0000 tGradient 1.8920 tsec 2.2690
#GCMRL#  442 dt  36.288000 rms  0.482  0.108% neg 0  invalid 762 tFOTS 0.0000 tGradient 1.8740 tsec 2.2360
#GCMRL#  443 dt  36.288000 rms  0.482  0.119% neg 0  invalid 762 tFOTS 0.0000 tGradient 1.6780 tsec 2.0010
#GCMRL#  444 dt  36.288000 rms  0.481  0.107% neg 0  invalid 762 tFOTS 0.0000 tGradient 1.6250 tsec 1.9470
iter 0, gcam->neg = 2
after 1 iterations, nbhd size=0, neg = 0
#GCMRL#  445 dt  36.288000 rms  0.481  0.087% neg 0  invalid 762 tFOTS 0.0000 tGradient 1.5610 tsec 3.4810
#FOTS# QuadFit found better minimum quadopt=(dt=145.152,rms=0.480705) vs oldopt=(dt=103.68,rms=0.480718)
iter 0, gcam->neg = 4
after 0 iterations, nbhd size=0, neg = 0
setting smoothness cost coefficient to 0.118

#GCAMreg# pass 0 level1 3 level2 0 tsec 0 sigma 2
l_jacobian=1.00 l_label=1.00 l_log_likelihood=0.20 l_smoothness=0.12 
tol=2.50e-01, dt=5.00e-02, exp_k=20.0, momentum=0.90, levels=6, niter=500, lbl_dist=10.00, avgs=16, sigma=2.0,type=2, relabel=0, neg=yes

blurring input image with Gaussian with sigma=2.000...
GCAMRegisterLevel(): init RMS 0.481543
#FOTS# QuadFit found better minimum quadopt=(dt=29.7305,rms=0.479196) vs oldopt=(dt=32,rms=0.479225)
iter 0, gcam->neg = 17
after 8 iterations, nbhd size=1, neg = 0
#GCMRL#  447 dt  29.730496 rms  0.479  0.478% neg 0  invalid 762 tFOTS 5.2060 tGradient 1.4590 tsec 11.8800
#FOTS# QuadFit found better minimum quadopt=(dt=44.8,rms=0.476847) vs oldopt=(dt=32,rms=0.477117)
iter 0, gcam->neg = 22
after 11 iterations, nbhd size=1, neg = 0
#GCMRL#  448 dt  44.800000 rms  0.477  0.477% neg 0  invalid 762 tFOTS 5.2170 tGradient 1.7950 tsec 13.3860
#FOTS# QuadFit found better minimum quadopt=(dt=11.2,rms=0.47627) vs oldopt=(dt=8,rms=0.476405)
#GCMRL#  449 dt  11.200000 rms  0.476  0.000% neg 0  invalid 762 tFOTS 4.9330 tGradient 1.4730 tsec 6.7780
iter 0, gcam->neg = 1
after 1 iterations, nbhd size=0, neg = 0
#GCMRL#  450 dt  11.200000 rms  0.476  0.104% neg 0  invalid 762 tFOTS 0.0000 tGradient 1.4650 tsec 3.3610
iter 0, gcam->neg = 5
after 1 iterations, nbhd size=0, neg = 0
#GCMRL#  451 dt  11.200000 rms  0.475  0.129% neg 0  invalid 762 tFOTS 0.0000 tGradient 1.4410 tsec 3.2690
iter 0, gcam->neg = 6
after 3 iterations, nbhd size=0, neg = 0
#GCMRL#  452 dt  11.200000 rms  0.474  0.160% neg 0  invalid 762 tFOTS 0.0000 tGradient 1.4480 tsec 4.3350
iter 0, gcam->neg = 6
after 3 iterations, nbhd size=0, neg = 0
#GCMRL#  453 dt  11.200000 rms  0.474  0.177% neg 0  invalid 762 tFOTS 0.0000 tGradient 1.4790 tsec 4.3960
iter 0, gcam->neg = 14
after 3 iterations, nbhd size=0, neg = 0
#GCMRL#  454 dt  11.200000 rms  0.473  0.147% neg 0  invalid 762 tFOTS 0.0000 tGradient 1.4880 tsec 4.4000
iter 0, gcam->neg = 17
after 11 iterations, nbhd size=1, neg = 0
#GCMRL#  455 dt  11.200000 rms  0.472  0.089% neg 0  invalid 762 tFOTS 0.0000 tGradient 1.4890 tsec 8.0410
iter 0, gcam->neg = 18
after 14 iterations, nbhd size=1, neg = 0
#GCMRL#  456 dt  11.200000 rms  0.472  0.071% neg 0  invalid 762 tFOTS 0.0000 tGradient 1.4630 tsec 9.5130
#FOTS# QuadFit found better minimum quadopt=(dt=44.8,rms=0.471597) vs oldopt=(dt=32,rms=0.471695)
#GCMRL#  457 dt  44.800000 rms  0.472  0.107% neg 0  invalid 762 tFOTS 4.8240 tGradient 1.4720 tsec 6.6290
#FOTS# QuadFit found better minimum quadopt=(dt=38.4,rms=0.471124) vs oldopt=(dt=32,rms=0.471137)
iter 0, gcam->neg = 3
after 1 iterations, nbhd size=0, neg = 0
#GCMRL#  458 dt  38.400000 rms  0.471  0.000% neg 0  invalid 762 tFOTS 5.2520 tGradient 1.4850 tsec 8.6950

#GCAMreg# pass 0 level1 3 level2 1 tsec 96.056 sigma 0.5
l_jacobian=1.00 l_label=1.00 l_log_likelihood=0.20 l_smoothness=0.12 
tol=2.50e-01, dt=5.00e-02, exp_k=20.0, momentum=0.90, levels=6, niter=500, lbl_dist=10.00, avgs=16, sigma=0.5,type=2, relabel=0, neg=yes

blurring input image with Gaussian with sigma=0.500...
GCAMRegisterLevel(): init RMS 0.47173
#FOTS# QuadFit found better minimum quadopt=(dt=44.8,rms=0.467345) vs oldopt=(dt=32,rms=0.46761)
#GCMRL#  460 dt  44.800000 rms  0.467  0.930% neg 0  invalid 762 tFOTS 5.4650 tGradient 1.4730 tsec 7.2640
#FOTS# QuadFit found better minimum quadopt=(dt=23.1919,rms=0.465807) vs oldopt=(dt=32,rms=0.466112)
iter 0, gcam->neg = 1
after 0 iterations, nbhd size=0, neg = 0
#GCMRL#  461 dt  23.191919 rms  0.466  0.329% neg 0  invalid 762 tFOTS 5.1210 tGradient 1.4880 tsec 8.0320
#GCMRL#  462 dt  32.000000 rms  0.465  0.000% neg 0  invalid 762 tFOTS 5.2690 tGradient 1.5290 tsec 7.2140
iter 0, gcam->neg = 1
after 0 iterations, nbhd size=0, neg = 0
#GCMRL#  463 dt  32.000000 rms  0.465  0.036% neg 0  invalid 762 tFOTS 0.0000 tGradient 1.5030 tsec 2.9340
#GCMRL#  464 dt  32.000000 rms  0.463  0.322% neg 0  invalid 762 tFOTS 0.0000 tGradient 1.5390 tsec 1.8810
#GCMRL#  465 dt  32.000000 rms  0.463  0.078% neg 0  invalid 762 tFOTS 0.0000 tGradient 1.5390 tsec 1.8700
#GCMRL#  466 dt  32.000000 rms  0.462  0.259% neg 0  invalid 762 tFOTS 0.0000 tGradient 1.4750 tsec 1.8010
iter 0, gcam->neg = 3
after 1 iterations, nbhd size=0, neg = 0
#GCMRL#  467 dt  32.000000 rms  0.462  0.003% neg 0  invalid 762 tFOTS 0.0000 tGradient 1.5150 tsec 3.4230
iter 0, gcam->neg = 2
after 1 iterations, nbhd size=0, neg = 0
#GCMRL#  468 dt  32.000000 rms  0.461  0.234% neg 0  invalid 762 tFOTS 0.0000 tGradient 1.5500 tsec 3.4700
#GCMRL#  469 dt  32.000000 rms  0.460  0.125% neg 0  invalid 762 tFOTS 0.0000 tGradient 1.5270 tsec 1.8690
iter 0, gcam->neg = 1
after 0 iterations, nbhd size=0, neg = 0
#GCMRL#  470 dt  32.000000 rms  0.459  0.187% neg 0  invalid 762 tFOTS 0.0000 tGradient 1.5460 tsec 2.9730
iter 0, gcam->neg = 1
after 0 iterations, nbhd size=0, neg = 0
#GCMRL#  471 dt  32.000000 rms  0.459  0.123% neg 0  invalid 762 tFOTS 0.0000 tGradient 1.5930 tsec 3.0330
#GCMRL#  472 dt  32.000000 rms  0.458  0.225% neg 0  invalid 762 tFOTS 0.0000 tGradient 1.5970 tsec 1.9350
#GCMRL#  473 dt  32.000000 rms  0.457  0.150% neg 0  invalid 762 tFOTS 0.0000 tGradient 1.5090 tsec 1.8340
#GCMRL#  474 dt  32.000000 rms  0.456  0.125% neg 0  invalid 762 tFOTS 0.0000 tGradient 1.4650 tsec 1.8040
#GCMRL#  475 dt  32.000000 rms  0.456  0.119% neg 0  invalid 762 tFOTS 0.0000 tGradient 1.5230 tsec 1.8850
#GCMRL#  476 dt  32.000000 rms  0.455  0.085% neg 0  invalid 762 tFOTS 0.0000 tGradient 1.5950 tsec 2.0030
#FOTS# QuadFit found better minimum quadopt=(dt=11.2,rms=0.454835) vs oldopt=(dt=8,rms=0.454914)
#GCMRL#  477 dt  11.200000 rms  0.455  0.109% neg 0  invalid 762 tFOTS 5.3790 tGradient 1.5470 tsec 7.3060
#GCMRL#  478 dt  32.000000 rms  0.455  0.000% neg 0  invalid 762 tFOTS 5.0700 tGradient 1.5440 tsec 7.0200
setting smoothness cost coefficient to 0.400

#GCAMreg# pass 0 level1 2 level2 0 tsec 0 sigma 2
l_jacobian=1.00 l_label=1.00 l_log_likelihood=0.20 l_smoothness=0.40 
tol=2.50e-01, dt=5.00e-02, exp_k=20.0, momentum=0.90, levels=6, niter=500, lbl_dist=10.00, avgs=4, sigma=2.0,type=2, relabel=0, neg=yes

blurring input image with Gaussian with sigma=2.000...
GCAMRegisterLevel(): init RMS 0.460798
#FOTS# QuadFit found better minimum quadopt=(dt=0.864,rms=0.460243) vs oldopt=(dt=0.72,rms=0.460244)
#GCMRL#  480 dt   0.864000 rms  0.460  0.120% neg 0  invalid 762 tFOTS 5.2390 tGradient 1.4870 tsec 7.0710
#FOTS# QuadFit found better minimum quadopt=(dt=0.252,rms=0.460243) vs oldopt=(dt=0.18,rms=0.460244)

#GCAMreg# pass 0 level1 2 level2 1 tsec 23.774 sigma 0.5
l_jacobian=1.00 l_label=1.00 l_log_likelihood=0.20 l_smoothness=0.40 
tol=2.50e-01, dt=5.00e-02, exp_k=20.0, momentum=0.90, levels=6, niter=500, lbl_dist=10.00, avgs=4, sigma=0.5,type=2, relabel=0, neg=yes

blurring input image with Gaussian with sigma=0.500...
GCAMRegisterLevel(): init RMS 0.460783
#GCMRL#  482 dt   0.720000 rms  0.460  0.119% neg 0  invalid 762 tFOTS 5.0280 tGradient 1.5000 tsec 6.8950
#FOTS# QuadFit found better minimum quadopt=(dt=0.432,rms=0.460227) vs oldopt=(dt=0.72,rms=0.460228)
#GCMRL#  483 dt   0.432000 rms  0.460  0.000% neg 0  invalid 762 tFOTS 4.8030 tGradient 1.4850 tsec 6.6630
#GCMRL#  484 dt   0.432000 rms  0.460  0.001% neg 0  invalid 762 tFOTS 0.0000 tGradient 1.4800 tsec 1.8150
setting smoothness cost coefficient to 1.000

#GCAMreg# pass 0 level1 1 level2 0 tsec 0 sigma 2
l_jacobian=1.00 l_label=1.00 l_log_likelihood=0.20 l_smoothness=1.00 
tol=2.50e-01, dt=5.00e-02, exp_k=20.0, momentum=0.90, levels=6, niter=500, lbl_dist=10.00, avgs=1, sigma=2.0,type=2, relabel=0, neg=yes

blurring input image with Gaussian with sigma=2.000...
GCAMRegisterLevel(): init RMS 0.471415
#FOTS# QuadFit found better minimum quadopt=(dt=1.024,rms=0.469924) vs oldopt=(dt=1.28,rms=0.469966)
#GCMRL#  486 dt   1.024000 rms  0.470  0.316% neg 0  invalid 762 tFOTS 5.4180 tGradient 1.4250 tsec 7.1990
#FOTS# QuadFit found better minimum quadopt=(dt=0.448,rms=0.469819) vs oldopt=(dt=0.32,rms=0.469832)
#GCMRL#  487 dt   0.448000 rms  0.470  0.000% neg 0  invalid 762 tFOTS 5.3560 tGradient 1.4210 tsec 7.1550

#GCAMreg# pass 0 level1 1 level2 1 tsec 25.72 sigma 0.5
l_jacobian=1.00 l_label=1.00 l_log_likelihood=0.20 l_smoothness=1.00 
tol=2.50e-01, dt=5.00e-02, exp_k=20.0, momentum=0.90, levels=6, niter=500, lbl_dist=10.00, avgs=1, sigma=0.5,type=2, relabel=0, neg=yes

blurring input image with Gaussian with sigma=0.500...
GCAMRegisterLevel(): init RMS 0.470354
#GCMRL#  489 dt   1.280000 rms  0.469  0.243% neg 0  invalid 762 tFOTS 5.3630 tGradient 1.4650 tsec 7.1790
#FOTS# QuadFit found better minimum quadopt=(dt=0.448,rms=0.46912) vs oldopt=(dt=0.32,rms=0.469137)
#GCMRL#  490 dt   0.448000 rms  0.469  0.000% neg 0  invalid 762 tFOTS 5.3350 tGradient 1.4160 tsec 7.1310
#GCMRL#  491 dt   0.448000 rms  0.469  0.009% neg 0  invalid 762 tFOTS 0.0000 tGradient 1.4160 tsec 1.7440
resetting metric properties...
setting smoothness cost coefficient to 2.000

#GCAMreg# pass 0 level1 0 level2 0 tsec 0 sigma 2
l_jacobian=1.00 l_label=1.00 l_log_likelihood=0.20 l_smoothness=2.00 
tol=2.50e-01, dt=5.00e-02, exp_k=20.0, momentum=0.90, levels=6, niter=500, lbl_dist=10.00, avgs=0, sigma=2.0,type=2, relabel=0, neg=yes

blurring input image with Gaussian with sigma=2.000...
GCAMRegisterLevel(): init RMS 0.460604
#FOTS# QuadFit found better minimum quadopt=(dt=1.94455,rms=0.429647) vs oldopt=(dt=1.28,rms=0.433485)
iter 0, gcam->neg = 1087
after 14 iterations, nbhd size=1, neg = 0
#GCMRL#  493 dt   1.944545 rms  0.431  6.449% neg 0  invalid 762 tFOTS 5.4480 tGradient 0.9040 tsec 13.1240
#FOTS# QuadFit found better minimum quadopt=(dt=0.007,rms=0.430889) vs oldopt=(dt=0.005,rms=0.43089)
#GCMRL#  494 dt   0.007000 rms  0.431  0.000% neg 0  invalid 762 tFOTS 5.4770 tGradient 0.8640 tsec 6.7310

#GCAMreg# pass 0 level1 0 level2 1 tsec 30.673 sigma 0.5
l_jacobian=1.00 l_label=1.00 l_log_likelihood=0.20 l_smoothness=2.00 
tol=2.50e-01, dt=5.00e-02, exp_k=20.0, momentum=0.90, levels=6, niter=500, lbl_dist=10.00, avgs=0, sigma=0.5,type=2, relabel=0, neg=yes

blurring input image with Gaussian with sigma=0.500...
GCAMRegisterLevel(): init RMS 0.43154
#FOTS# QuadFit found better minimum quadopt=(dt=0.064,rms=0.430746) vs oldopt=(dt=0.08,rms=0.430764)
#GCMRL#  496 dt   0.064000 rms  0.431  0.184% neg 0  invalid 762 tFOTS 5.3780 tGradient 0.8460 tsec 6.5590
label assignment complete, 0 changed (0.00%)
GCAMregister done in 7.00713 min
Starting GCAMcomputeMaxPriorLabels()
Morphing with label term set to 0 *******************************
Starting GCAMregister()
label assignment complete, 0 changed (0.00%)
npasses = 1, nlevels = 6
#pass# 1 of 1 ************************
enabling zero nodes
setting smoothness cost coefficient to 0.008

#GCAMreg# pass 0 level1 5 level2 0 tsec 0 sigma 2
l_jacobian=1.00 l_log_likelihood=0.20 l_smoothness=0.01 
tol=2.50e-01, dt=5.00e-02, exp_k=20.0, momentum=0.90, levels=6, niter=500, lbl_dist=10.00, avgs=256, sigma=2.0,type=2, relabel=0, neg=yes

blurring input image with Gaussian with sigma=2.000...
GCAMRegisterLevel(): init RMS 0.418142

#GCAMreg# pass 0 level1 5 level2 1 tsec 11.348 sigma 0.5
l_jacobian=1.00 l_log_likelihood=0.20 l_smoothness=0.01 
tol=2.50e-01, dt=5.00e-02, exp_k=20.0, momentum=0.90, levels=6, niter=500, lbl_dist=10.00, avgs=256, sigma=0.5,type=2, relabel=0, neg=yes

blurring input image with Gaussian with sigma=0.500...
GCAMRegisterLevel(): init RMS 0.418142
#FOTS# QuadFit found better minimum quadopt=(dt=18.496,rms=0.418138) vs oldopt=(dt=23.12,rms=0.418138)
#GCMRL#  499 dt  18.496000 rms  0.418  0.001% neg 0  invalid 762 tFOTS 4.5440 tGradient 2.1570 tsec 7.0320
#GCMRL#  500 dt   0.005645 rms  0.418  0.000% neg 0  invalid 762 tFOTS 6.0340 tGradient 2.4130 tsec 8.8050
setting smoothness cost coefficient to 0.031

#GCAMreg# pass 0 level1 4 level2 0 tsec 0 sigma 2
l_jacobian=1.00 l_log_likelihood=0.20 l_smoothness=0.03 
tol=2.50e-01, dt=5.00e-02, exp_k=20.0, momentum=0.90, levels=6, niter=500, lbl_dist=10.00, avgs=64, sigma=2.0,type=2, relabel=0, neg=yes

blurring input image with Gaussian with sigma=2.000...
GCAMRegisterLevel(): init RMS 0.418293

#GCAMreg# pass 0 level1 4 level2 1 tsec 10.881 sigma 0.5
l_jacobian=1.00 l_log_likelihood=0.20 l_smoothness=0.03 
tol=2.50e-01, dt=5.00e-02, exp_k=20.0, momentum=0.90, levels=6, niter=500, lbl_dist=10.00, avgs=64, sigma=0.5,type=2, relabel=0, neg=yes

blurring input image with Gaussian with sigma=0.500...
GCAMRegisterLevel(): init RMS 0.418293
#FOTS# QuadFit found better minimum quadopt=(dt=31.104,rms=0.418216) vs oldopt=(dt=25.92,rms=0.418218)
#GCMRL#  503 dt  31.104000 rms  0.418  0.018% neg 0  invalid 762 tFOTS 4.6050 tGradient 1.6770 tsec 6.6140
#FOTS# QuadFit found better minimum quadopt=(dt=36.288,rms=0.418166) vs oldopt=(dt=25.92,rms=0.418175)
#GCMRL#  504 dt  36.288000 rms  0.418  0.000% neg 0  invalid 762 tFOTS 5.6470 tGradient 1.6940 tsec 7.7000
#GCMRL#  505 dt  36.288000 rms  0.418  0.009% neg 0  invalid 762 tFOTS 0.0000 tGradient 1.5880 tsec 1.9170
#GCMRL#  506 dt  36.288000 rms  0.418  0.006% neg 0  invalid 762 tFOTS 0.0000 tGradient 1.5930 tsec 1.9160
setting smoothness cost coefficient to 0.118

#GCAMreg# pass 0 level1 3 level2 0 tsec 0 sigma 2
l_jacobian=1.00 l_log_likelihood=0.20 l_smoothness=0.12 
tol=2.50e-01, dt=5.00e-02, exp_k=20.0, momentum=0.90, levels=6, niter=500, lbl_dist=10.00, avgs=16, sigma=2.0,type=2, relabel=0, neg=yes

blurring input image with Gaussian with sigma=2.000...
GCAMRegisterLevel(): init RMS 0.418695
#GCMRL#  508 dt   8.000000 rms  0.419  0.045% neg 0  invalid 762 tFOTS 4.8030 tGradient 1.2510 tsec 6.3640
#FOTS# QuadFit found better minimum quadopt=(dt=2.8,rms=0.418479) vs oldopt=(dt=2,rms=0.418484)
#GCMRL#  509 dt   2.800000 rms  0.418  0.000% neg 0  invalid 762 tFOTS 4.8400 tGradient 1.2580 tsec 6.4290
#GCMRL#  510 dt   2.800000 rms  0.418  0.003% neg 0  invalid 762 tFOTS 0.0000 tGradient 1.2480 tsec 1.5400
iter 0, gcam->neg = 2
after 8 iterations, nbhd size=1, neg = 0

#GCAMreg# pass 0 level1 3 level2 1 tsec 23.447 sigma 0.5
l_jacobian=1.00 l_log_likelihood=0.20 l_smoothness=0.12 
tol=2.50e-01, dt=5.00e-02, exp_k=20.0, momentum=0.90, levels=6, niter=500, lbl_dist=10.00, avgs=16, sigma=0.5,type=2, relabel=0, neg=yes

blurring input image with Gaussian with sigma=0.500...
GCAMRegisterLevel(): init RMS 0.418466
#FOTS# QuadFit found better minimum quadopt=(dt=64.8767,rms=0.41662) vs oldopt=(dt=32,rms=0.416894)
iter 0, gcam->neg = 6
after 1 iterations, nbhd size=0, neg = 0
#GCMRL#  512 dt  64.876712 rms  0.417  0.441% neg 0  invalid 762 tFOTS 4.9600 tGradient 1.2590 tsec 7.6750
#FOTS# QuadFit found better minimum quadopt=(dt=22.7097,rms=0.415841) vs oldopt=(dt=32,rms=0.416039)
iter 0, gcam->neg = 2
after 8 iterations, nbhd size=1, neg = 0
#GCMRL#  513 dt  22.709677 rms  0.416  0.000% neg 0  invalid 762 tFOTS 5.3810 tGradient 1.2610 tsec 10.7220
#GCMRL#  514 dt  22.709677 rms  0.416  0.075% neg 0  invalid 762 tFOTS 0.0000 tGradient 1.2630 tsec 1.5890
iter 0, gcam->neg = 2
after 0 iterations, nbhd size=0, neg = 0
#GCMRL#  515 dt  22.709677 rms  0.415  0.088% neg 0  invalid 762 tFOTS 0.0000 tGradient 1.2450 tsec 2.3310
iter 0, gcam->neg = 7
after 0 iterations, nbhd size=0, neg = 0
#GCMRL#  516 dt  22.709677 rms  0.415  0.112% neg 0  invalid 762 tFOTS 0.0000 tGradient 1.2370 tsec 2.2900
iter 0, gcam->neg = 7
after 7 iterations, nbhd size=1, neg = 0
#GCMRL#  517 dt  22.709677 rms  0.414  0.096% neg 0  invalid 762 tFOTS 0.0000 tGradient 1.4930 tsec 5.1030
iter 0, gcam->neg = 7
after 0 iterations, nbhd size=0, neg = 0
#GCMRL#  518 dt  22.709677 rms  0.414  0.106% neg 0  invalid 762 tFOTS 0.0000 tGradient 1.2340 tsec 2.3030
iter 0, gcam->neg = 14
after 9 iterations, nbhd size=1, neg = 0
#GCMRL#  519 dt  22.709677 rms  0.414  0.064% neg 0  invalid 762 tFOTS 0.0000 tGradient 1.2400 tsec 5.6240
#FOTS# QuadFit found better minimum quadopt=(dt=25.6,rms=0.413487) vs oldopt=(dt=32,rms=0.413488)
iter 0, gcam->neg = 1
after 2 iterations, nbhd size=0, neg = 0
setting smoothness cost coefficient to 0.400

#GCAMreg# pass 0 level1 2 level2 0 tsec 0 sigma 2
l_jacobian=1.00 l_log_likelihood=0.20 l_smoothness=0.40 
tol=2.50e-01, dt=5.00e-02, exp_k=20.0, momentum=0.90, levels=6, niter=500, lbl_dist=10.00, avgs=4, sigma=2.0,type=2, relabel=0, neg=yes

blurring input image with Gaussian with sigma=2.000...
GCAMRegisterLevel(): init RMS 0.416716
#FOTS# QuadFit found better minimum quadopt=(dt=5.41176,rms=0.416252) vs oldopt=(dt=2.88,rms=0.416365)
iter 0, gcam->neg = 8
after 10 iterations, nbhd size=1, neg = 0
#GCMRL#  521 dt   5.411765 rms  0.416  0.092% neg 0  invalid 762 tFOTS 5.4670 tGradient 1.0820 tsec 11.4470
#FOTS# QuadFit found better minimum quadopt=(dt=4.032,rms=0.416254) vs oldopt=(dt=2.88,rms=0.416258)
iter 0, gcam->neg = 5
after 1 iterations, nbhd size=0, neg = 0
#GCMRL#  522 dt   4.032000 rms  0.416  0.000% neg 0  invalid 762 tFOTS 4.7570 tGradient 1.0690 tsec 7.3020
iter 0, gcam->neg = 7
after 1 iterations, nbhd size=0, neg = 0

#GCAMreg# pass 0 level1 2 level2 1 tsec 25.165 sigma 0.5
l_jacobian=1.00 l_log_likelihood=0.20 l_smoothness=0.40 
tol=2.50e-01, dt=5.00e-02, exp_k=20.0, momentum=0.90, levels=6, niter=500, lbl_dist=10.00, avgs=4, sigma=0.5,type=2, relabel=0, neg=yes

blurring input image with Gaussian with sigma=0.500...
GCAMRegisterLevel(): init RMS 0.416267
#FOTS# QuadFit found better minimum quadopt=(dt=16.128,rms=0.414655) vs oldopt=(dt=11.52,rms=0.414784)
iter 0, gcam->neg = 6
after 6 iterations, nbhd size=0, neg = 0
#GCMRL#  524 dt  16.128000 rms  0.415  0.379% neg 0  invalid 762 tFOTS 4.8270 tGradient 1.0820 tsec 9.2170
#FOTS# QuadFit found better minimum quadopt=(dt=19.1475,rms=0.413417) vs oldopt=(dt=11.52,rms=0.413597)
iter 0, gcam->neg = 16
after 3 iterations, nbhd size=0, neg = 0
#GCMRL#  525 dt  19.147541 rms  0.413  0.304% neg 0  invalid 762 tFOTS 4.7890 tGradient 1.0690 tsec 8.0590
#FOTS# QuadFit found better minimum quadopt=(dt=7.2782,rms=0.412991) vs oldopt=(dt=11.52,rms=0.413131)
iter 0, gcam->neg = 1
after 1 iterations, nbhd size=0, neg = 0
#GCMRL#  526 dt   7.278195 rms  0.413  0.000% neg 0  invalid 762 tFOTS 4.7480 tGradient 1.0840 tsec 7.3180
iter 0, gcam->neg = 1
after 0 iterations, nbhd size=0, neg = 0
#GCMRL#  527 dt   7.278195 rms  0.413  0.064% neg 0  invalid 762 tFOTS 0.0000 tGradient 1.0640 tsec 2.1260
iter 0, gcam->neg = 7
after 3 iterations, nbhd size=0, neg = 0
#GCMRL#  528 dt   7.278195 rms  0.412  0.085% neg 0  invalid 762 tFOTS 0.0000 tGradient 1.0920 tsec 3.3640
iter 0, gcam->neg = 5
after 5 iterations, nbhd size=0, neg = 0
#GCMRL#  529 dt   7.278195 rms  0.412  0.090% neg 0  invalid 762 tFOTS 0.0000 tGradient 1.0990 tsec 4.1090
iter 0, gcam->neg = 8
after 4 iterations, nbhd size=0, neg = 0
#GCMRL#  530 dt   7.278195 rms  0.412  0.080% neg 0  invalid 762 tFOTS 0.0000 tGradient 1.1160 tsec 3.7540
iter 0, gcam->neg = 3
after 2 iterations, nbhd size=0, neg = 0
#GCMRL#  531 dt   7.278195 rms  0.411  0.063% neg 0  invalid 762 tFOTS 0.0000 tGradient 1.1120 tsec 2.9980
#FOTS# QuadFit found better minimum quadopt=(dt=9.216,rms=0.411373) vs oldopt=(dt=11.52,rms=0.411377)
iter 0, gcam->neg = 1
after 4 iterations, nbhd size=0, neg = 0
setting smoothness cost coefficient to 1.000

#GCAMreg# pass 0 level1 1 level2 0 tsec 0 sigma 2
l_jacobian=1.00 l_log_likelihood=0.20 l_smoothness=1.00 
tol=2.50e-01, dt=5.00e-02, exp_k=20.0, momentum=0.90, levels=6, niter=500, lbl_dist=10.00, avgs=1, sigma=2.0,type=2, relabel=0, neg=yes

blurring input image with Gaussian with sigma=2.000...
GCAMRegisterLevel(): init RMS 0.417178
#GCMRL#  533 dt   0.000050 rms  0.417  0.000% neg 0  invalid 762 tFOTS 6.2410 tGradient 0.9450 tsec 7.5110
#FOTS# QuadFit found better minimum quadopt=(dt=0,rms=0.417178) vs oldopt=(dt=0,rms=0.417178)
#GCMRL#  534 dt   0.100000 rms  0.417  0.000% neg 0  invalid 762 tFOTS 4.5280 tGradient 0.9370 tsec 5.8180

#GCAMreg# pass 0 level1 1 level2 1 tsec 18.464 sigma 0.5
l_jacobian=1.00 l_log_likelihood=0.20 l_smoothness=1.00 
tol=2.50e-01, dt=5.00e-02, exp_k=20.0, momentum=0.90, levels=6, niter=500, lbl_dist=10.00, avgs=1, sigma=0.5,type=2, relabel=0, neg=yes

blurring input image with Gaussian with sigma=0.500...
GCAMRegisterLevel(): init RMS 0.417178
resetting metric properties...
setting smoothness cost coefficient to 2.000

#GCAMreg# pass 0 level1 0 level2 0 tsec 0 sigma 2
l_jacobian=1.00 l_log_likelihood=0.20 l_smoothness=2.00 
tol=2.50e-01, dt=5.00e-02, exp_k=20.0, momentum=0.90, levels=6, niter=500, lbl_dist=10.00, avgs=0, sigma=2.0,type=2, relabel=0, neg=yes

blurring input image with Gaussian with sigma=2.000...
GCAMRegisterLevel(): init RMS 0.407482
#FOTS# QuadFit found better minimum quadopt=(dt=0.881782,rms=0.401185) vs oldopt=(dt=1.28,rms=0.40273)
iter 0, gcam->neg = 367
after 16 iterations, nbhd size=1, neg = 0
#GCMRL#  537 dt   0.881782 rms  0.401  1.469% neg 0  invalid 762 tFOTS 4.7770 tGradient 0.4250 tsec 14.6950
#FOTS# QuadFit found better minimum quadopt=(dt=0.096,rms=0.401356) vs oldopt=(dt=0.08,rms=0.401361)
#GCMRL#  538 dt   0.096000 rms  0.401  0.000% neg 0  invalid 762 tFOTS 4.9920 tGradient 0.5160 tsec 5.8540
#GCMRL#  539 dt   0.096000 rms  0.401  0.022% neg 0  invalid 762 tFOTS 0.0000 tGradient 0.4000 tsec 0.7100

#GCAMreg# pass 0 level1 0 level2 1 tsec 26.096 sigma 0.5
l_jacobian=1.00 l_log_likelihood=0.20 l_smoothness=2.00 
tol=2.50e-01, dt=5.00e-02, exp_k=20.0, momentum=0.90, levels=6, niter=500, lbl_dist=10.00, avgs=0, sigma=0.5,type=2, relabel=0, neg=yes

blurring input image with Gaussian with sigma=0.500...
GCAMRegisterLevel(): init RMS 0.40127
#FOTS# QuadFit found better minimum quadopt=(dt=0.458333,rms=0.399135) vs oldopt=(dt=0.32,rms=0.399458)
iter 0, gcam->neg = 5
after 8 iterations, nbhd size=1, neg = 0
#GCMRL#  541 dt   0.458333 rms  0.399  0.514% neg 0  invalid 762 tFOTS 5.5790 tGradient 0.4270 tsec 10.3180
#GCMRL#  542 dt   0.320000 rms  0.399  0.000% neg 0  invalid 762 tFOTS 5.1330 tGradient 0.4380 tsec 5.9840
#GCMRL#  543 dt   0.320000 rms  0.398  0.186% neg 0  invalid 762 tFOTS 0.0000 tGradient 0.4250 tsec 0.7560
iter 0, gcam->neg = 4
after 0 iterations, nbhd size=0, neg = 0
#GCMRL#  544 dt   0.320000 rms  0.398  0.127% neg 0  invalid 762 tFOTS 0.0000 tGradient 0.4380 tsec 1.6480
iter 0, gcam->neg = 4
after 1 iterations, nbhd size=0, neg = 0
#GCMRL#  545 dt   0.320000 rms  0.398  0.016% neg 0  invalid 762 tFOTS 0.0000 tGradient 0.4280 tsec 1.8950
iter 0, gcam->neg = 9
after 12 iterations, nbhd size=1, neg = 0
#GCMRL#  546 dt   0.320000 rms  0.398 -0.070% neg 0  invalid 762 tFOTS 0.0000 tGradient 0.4130 tsec 6.4020
#FOTS# QuadFit found better minimum quadopt=(dt=0.112,rms=0.397441) vs oldopt=(dt=0.08,rms=0.397463)
#GCMRL#  547 dt   0.112000 rms  0.397  0.028% neg 0  invalid 762 tFOTS 4.9100 tGradient 0.4400 tsec 5.6850
iter 0, gcam->neg = 1
after 0 iterations, nbhd size=0, neg = 0
#GCMRL#  548 dt   0.320000 rms  0.397  0.038% neg 0  invalid 762 tFOTS 4.8000 tGradient 0.4200 tsec 6.3260
#FOTS# QuadFit found better minimum quadopt=(dt=4e-05,rms=0.397292) vs oldopt=(dt=5e-05,rms=0.397292)
GCAMregister done in 5.1385 min
writing output transformation to transforms/talairach.m3z...
GCAMwrite
Calls to gcamLogLikelihoodEnergy 4214 tmin = 1.76585
Calls to gcamLabelEnergy         3594 tmin = 1.45847
Calls to gcamJacobianEnergy      4214 tmin = 0.842583
Calls to gcamSmoothnessEnergy    4214 tmin = 5.46847
Calls to gcamLogLikelihoodTerm 550 tmin = 1.04142
Calls to gcamLabelTerm         498 tmin = 5.00753
Calls to gcamJacobianTerm      550 tmin = 1.1726
Calls to gcamSmoothnessTerm    550 tmin = 0.469083
Calls to gcamComputeGradient    550 tmin = 18.3438
Calls to gcamComputeMetricProperties    5888 tmin = 2.09663
mri_ca_register took 0 hours, 47 minutes and 31 seconds.
#VMPC# mri_ca_register VmPeak  3149120
FSRUNTIME@ mri_ca_register  0.7918 hours 16 threads
#--------------------------------------
#@# SubCort Seg Thu Mar 12 16:30:07 CET 2026

 mri_ca_label -relabel_unlikely 9 .3 -prior 0.5 -align norm.mgz transforms/talairach.m3z /opt/freesurfer/average/RB_all_2020-01-02.gca aseg.auto_noCCseg.mgz 

sysname  Linux
hostname dna017
machine  x86_64

setenv SUBJECTS_DIR /out/sourcedata/freesurfer
cd /out/sourcedata/freesurfer/sub-v1s20x0050296_ses-1/mri
mri_ca_label -relabel_unlikely 9 .3 -prior 0.5 -align norm.mgz transforms/talairach.m3z /opt/freesurfer/average/RB_all_2020-01-02.gca aseg.auto_noCCseg.mgz 

relabeling unlikely voxels with window_size = 9 and prior threshold 0.30
using Gibbs prior factor = 0.500
renormalizing sequences with structure alignment, equivalent to:
	-renormalize
	-renormalize_mean 0.500
	-regularize 0.500

== Number of threads available to for OpenMP = 16 == 
reading 1 input volumes
reading classifier array from /opt/freesurfer/average/RB_all_2020-01-02.gca
reading input volume from norm.mgz
average std[0] = 7.2
reading transform from transforms/talairach.m3z
setting orig areas to linear transform determinant scaled 6.16
Atlas used for the 3D morph was /opt/freesurfer/average/RB_all_2020-01-02.gca
average std = 7.2   using min determinant for regularization = 5.2
0 singular and 0 ill-conditioned covariance matrices regularized
labeling volume...
renormalizing by structure alignment....
renormalizing input #0
gca peak = 0.15521 (20)
mri peak = 0.06464 (17)
Left_Lateral_Ventricle (4): linear fit = 1.02 x + 0.0 (505 voxels, overlap=0.933)
Left_Lateral_Ventricle (4): linear fit = 1.02 x + 0.0 (505 voxels, peak = 20), gca=20.5
gca peak = 0.20380 (13)
mri peak = 0.10845 (22)
Right_Lateral_Ventricle (43): linear fit = 1.60 x + 0.0 (574 voxels, overlap=0.370)
Right_Lateral_Ventricle (43): linear fit = 1.50 x + 0.0 (574 voxels, peak = 21), gca=19.5
gca peak = 0.26283 (96)
mri peak = 0.11402 (92)
Right_Pallidum (52): linear fit = 0.96 x + 0.0 (533 voxels, overlap=0.890)
Right_Pallidum (52): linear fit = 0.96 x + 0.0 (533 voxels, peak = 93), gca=92.6
gca peak = 0.15814 (97)
mri peak = 0.12014 (92)
Left_Pallidum (13): linear fit = 0.94 x + 0.0 (560 voxels, overlap=0.659)
Left_Pallidum (13): linear fit = 0.94 x + 0.0 (560 voxels, peak = 91), gca=90.7
gca peak = 0.27624 (56)
mri peak = 0.12410 (64)
Right_Hippocampus (53): linear fit = 1.13 x + 0.0 (1175 voxels, overlap=0.366)
Right_Hippocampus (53): linear fit = 1.13 x + 0.0 (1175 voxels, peak = 64), gca=63.6
gca peak = 0.28723 (59)
mri peak = 0.11597 (64)
Left_Hippocampus (17): linear fit = 1.09 x + 0.0 (1117 voxels, overlap=0.552)
Left_Hippocampus (17): linear fit = 1.09 x + 0.0 (1117 voxels, peak = 64), gca=64.0
gca peak = 0.07623 (103)
mri peak = 0.09202 (102)
Right_Cerebral_White_Matter (41): linear fit = 1.00 x + 0.0 (36430 voxels, overlap=0.799)
Right_Cerebral_White_Matter (41): linear fit = 1.00 x + 0.0 (36430 voxels, peak = 103), gca=103.0
gca peak = 0.07837 (105)
mri peak = 0.09595 (105)
Left_Cerebral_White_Matter (2): linear fit = 1.00 x + 0.0 (36434 voxels, overlap=0.709)
Left_Cerebral_White_Matter (2): linear fit = 1.00 x + 0.0 (36434 voxels, peak = 105), gca=105.0
gca peak = 0.10165 (58)
mri peak = 0.04421 (58)
Left_Cerebral_Cortex (3): linear fit = 1.02 x + 0.0 (32820 voxels, overlap=0.947)
Left_Cerebral_Cortex (3): linear fit = 1.02 x + 0.0 (32820 voxels, peak = 59), gca=59.4
gca peak = 0.11113 (58)
mri peak = 0.04862 (58)
Right_Cerebral_Cortex (42): linear fit = 1.02 x + 0.0 (30398 voxels, overlap=0.961)
Right_Cerebral_Cortex (42): linear fit = 1.02 x + 0.0 (30398 voxels, peak = 59), gca=59.4
gca peak = 0.27796 (67)
mri peak = 0.10000 (69)
Right_Caudate (50): linear fit = 1.01 x + 0.0 (1107 voxels, overlap=1.009)
Right_Caudate (50): linear fit = 1.01 x + 0.0 (1107 voxels, peak = 68), gca=68.0
gca peak = 0.14473 (69)
mri peak = 0.11106 (74)
Left_Caudate (11): linear fit = 0.96 x + 0.0 (1042 voxels, overlap=0.779)
Left_Caudate (11): linear fit = 0.96 x + 0.0 (1042 voxels, peak = 67), gca=66.6
gca peak = 0.14301 (56)
mri peak = 0.05904 (64)
Left_Cerebellum_Cortex (8): linear fit = 1.12 x + 0.0 (23803 voxels, overlap=0.922)
Left_Cerebellum_Cortex (8): linear fit = 1.12 x + 0.0 (23803 voxels, peak = 62), gca=62.4
gca peak = 0.14610 (55)
mri peak = 0.05785 (58)
Right_Cerebellum_Cortex (47): linear fit = 1.04 x + 0.0 (21968 voxels, overlap=0.990)
Right_Cerebellum_Cortex (47): linear fit = 1.04 x + 0.0 (21968 voxels, peak = 57), gca=57.5
gca peak = 0.16309 (85)
mri peak = 0.12838 (90)
Left_Cerebellum_White_Matter (7): linear fit = 1.07 x + 0.0 (5655 voxels, overlap=0.561)
Left_Cerebellum_White_Matter (7): linear fit = 1.07 x + 0.0 (5655 voxels, peak = 91), gca=90.5
gca peak = 0.15172 (84)
mri peak = 0.11318 (87)
Right_Cerebellum_White_Matter (46): linear fit = 1.03 x + 0.0 (5740 voxels, overlap=0.702)
Right_Cerebellum_White_Matter (46): linear fit = 1.03 x + 0.0 (5740 voxels, peak = 87), gca=86.9
gca peak = 0.30461 (58)
mri peak = 0.12626 (70)
Left_Amygdala (18): linear fit = 1.18 x + 0.0 (543 voxels, overlap=0.045)
Left_Amygdala (18): linear fit = 1.18 x + 0.0 (543 voxels, peak = 69), gca=68.7
gca peak = 0.32293 (57)
mri peak = 0.15112 (68)
Right_Amygdala (54): linear fit = 1.18 x + 0.0 (536 voxels, overlap=0.040)
Right_Amygdala (54): linear fit = 1.18 x + 0.0 (536 voxels, peak = 68), gca=67.5
gca peak = 0.11083 (90)
mri peak = 0.09323 (89)
Left_Thalamus (10): linear fit = 0.99 x + 0.0 (4614 voxels, overlap=0.992)
Left_Thalamus (10): linear fit = 0.99 x + 0.0 (4614 voxels, peak = 89), gca=88.7
gca peak = 0.11393 (83)
mri peak = 0.07571 (87)
Right_Thalamus (49): linear fit = 1.03 x + 0.0 (4347 voxels, overlap=0.945)
Right_Thalamus (49): linear fit = 1.03 x + 0.0 (4347 voxels, peak = 86), gca=85.9
gca peak = 0.08575 (81)
mri peak = 0.06505 (68)
Left_Putamen (12): linear fit = 0.96 x + 0.0 (2044 voxels, overlap=0.904)
Left_Putamen (12): linear fit = 0.96 x + 0.0 (2044 voxels, peak = 78), gca=78.2
gca peak = 0.08618 (78)
mri peak = 0.09587 (74)
Right_Putamen (51): linear fit = 0.96 x + 0.0 (2190 voxels, overlap=0.832)
Right_Putamen (51): linear fit = 0.96 x + 0.0 (2190 voxels, peak = 75), gca=75.3
gca peak = 0.08005 (78)
mri peak = 0.07324 (93)
Brain_Stem (16): linear fit = 1.13 x + 0.0 (11426 voxels, overlap=0.492)
Brain_Stem (16): linear fit = 1.13 x + 0.0 (11426 voxels, peak = 89), gca=88.5
gca peak = 0.12854 (88)
mri peak = 0.08179 (91)
Right_VentralDC (60): linear fit = 1.07 x + 0.0 (1655 voxels, overlap=0.599)
Right_VentralDC (60): linear fit = 1.07 x + 0.0 (1655 voxels, peak = 94), gca=93.7
gca peak = 0.15703 (87)
mri peak = 0.09040 (95)
Left_VentralDC (28): linear fit = 1.08 x + 0.0 (1602 voxels, overlap=0.487)
Left_VentralDC (28): linear fit = 1.08 x + 0.0 (1602 voxels, peak = 94), gca=93.5
gca peak = 0.17522 (25)
mri peak = 0.07504 (41)
gca peak = 0.17113 (14)
mri peak = 0.09939 ( 4)
gca peak Unknown = 0.94777 ( 0)
gca peak Left_Inf_Lat_Vent = 0.16627 (28)
gca peak Third_Ventricle = 0.17522 (25)
gca peak Fourth_Ventricle = 0.17113 (14)
gca peak CSF = 0.20346 (36)
gca peak Left_Accumbens_area = 0.70646 (62)
gca peak Left_undetermined = 1.00000 (28)
gca peak Left_vessel = 0.89917 (53)
gca peak Left_choroid_plexus = 0.11689 (35)
gca peak Right_Inf_Lat_Vent = 0.25504 (23)
gca peak Right_Accumbens_area = 0.31650 (65)
gca peak Right_vessel = 0.77268 (52)
gca peak Right_choroid_plexus = 0.13275 (38)
gca peak Fifth_Ventricle = 0.60973 (33)
gca peak WM_hypointensities = 0.11013 (77)
gca peak non_WM_hypointensities = 0.11354 (41)
gca peak Optic_Chiasm = 0.51646 (76)
not using caudate to estimate GM means
estimating mean gm scale to be 1.11 x + 0.0
estimating mean wm scale to be 1.00 x + 0.0
estimating mean csf scale to be 1.26 x + 0.0
saving intensity scales to aseg.auto_noCCseg.label_intensities.txt
renormalizing by structure alignment....
renormalizing input #0
gca peak = 0.16757 (19)
mri peak = 0.06464 (17)
Left_Lateral_Ventricle (4): linear fit = 0.94 x + 0.0 (505 voxels, overlap=0.938)
Left_Lateral_Ventricle (4): linear fit = 0.94 x + 0.0 (505 voxels, peak = 18), gca=18.0
gca peak = 0.16102 (19)
mri peak = 0.10845 (22)
Right_Lateral_Ventricle (43): linear fit = 1.13 x + 0.0 (574 voxels, overlap=0.610)
Right_Lateral_Ventricle (43): linear fit = 1.13 x + 0.0 (574 voxels, peak = 22), gca=21.6
gca peak = 0.22590 (91)
mri peak = 0.11402 (92)
Right_Pallidum (52): linear fit = 1.00 x + 0.0 (533 voxels, overlap=1.004)
Right_Pallidum (52): linear fit = 1.00 x + 0.0 (533 voxels, peak = 91), gca=90.5
gca peak = 0.18647 (90)
mri peak = 0.12014 (92)
Left_Pallidum (13): linear fit = 1.01 x + 0.0 (560 voxels, overlap=0.974)
Left_Pallidum (13): linear fit = 1.01 x + 0.0 (560 voxels, peak = 91), gca=91.3
gca peak = 0.24486 (63)
mri peak = 0.12410 (64)
Right_Hippocampus (53): linear fit = 1.00 x + 0.0 (1175 voxels, overlap=1.002)
Right_Hippocampus (53): linear fit = 1.00 x + 0.0 (1175 voxels, peak = 63), gca=63.0
gca peak = 0.28832 (61)
mri peak = 0.11597 (64)
Left_Hippocampus (17): linear fit = 1.00 x + 0.0 (1117 voxels, overlap=1.008)
Left_Hippocampus (17): linear fit = 1.00 x + 0.0 (1117 voxels, peak = 61), gca=61.0
gca peak = 0.07623 (103)
mri peak = 0.09202 (102)
Right_Cerebral_White_Matter (41): linear fit = 1.00 x + 0.0 (36430 voxels, overlap=0.798)
Right_Cerebral_White_Matter (41): linear fit = 1.00 x + 0.0 (36430 voxels, peak = 103), gca=103.0
gca peak = 0.07837 (105)
mri peak = 0.09595 (105)
Left_Cerebral_White_Matter (2): linear fit = 1.00 x + 0.0 (36434 voxels, overlap=0.709)
Left_Cerebral_White_Matter (2): linear fit = 1.00 x + 0.0 (36434 voxels, peak = 105), gca=105.0
gca peak = 0.09344 (59)
mri peak = 0.04421 (58)
Left_Cerebral_Cortex (3): linear fit = 1.02 x + 0.0 (32820 voxels, overlap=0.967)
Left_Cerebral_Cortex (3): linear fit = 1.02 x + 0.0 (32820 voxels, peak = 60), gca=60.5
gca peak = 0.11169 (60)
mri peak = 0.04862 (58)
Right_Cerebral_Cortex (42): linear fit = 1.02 x + 0.0 (30398 voxels, overlap=0.969)
Right_Cerebral_Cortex (42): linear fit = 1.02 x + 0.0 (30398 voxels, peak = 62), gca=61.5
gca peak = 0.26372 (68)
mri peak = 0.10000 (69)
Right_Caudate (50): linear fit = 1.00 x + 0.0 (1107 voxels, overlap=0.969)
Right_Caudate (50): linear fit = 1.00 x + 0.0 (1107 voxels, peak = 68), gca=68.0
gca peak = 0.14866 (75)
mri peak = 0.11106 (74)
Left_Caudate (11): linear fit = 1.00 x + 0.0 (1042 voxels, overlap=1.000)
Left_Caudate (11): linear fit = 1.00 x + 0.0 (1042 voxels, peak = 75), gca=75.0
gca peak = 0.12605 (62)
mri peak = 0.05904 (64)
Left_Cerebellum_Cortex (8): linear fit = 1.00 x + 0.0 (23803 voxels, overlap=1.000)
Left_Cerebellum_Cortex (8): linear fit = 1.00 x + 0.0 (23803 voxels, peak = 62), gca=62.0
gca peak = 0.15509 (58)
mri peak = 0.05785 (58)
Right_Cerebellum_Cortex (47): linear fit = 1.02 x + 0.0 (21968 voxels, overlap=0.998)
Right_Cerebellum_Cortex (47): linear fit = 1.02 x + 0.0 (21968 voxels, peak = 59), gca=59.4
gca peak = 0.15236 (90)
mri peak = 0.12838 (90)
Left_Cerebellum_White_Matter (7): linear fit = 0.99 x + 0.0 (5655 voxels, overlap=0.918)
Left_Cerebellum_White_Matter (7): linear fit = 0.99 x + 0.0 (5655 voxels, peak = 89), gca=88.7
gca peak = 0.14393 (87)
mri peak = 0.11318 (87)
Right_Cerebellum_White_Matter (46): linear fit = 1.00 x + 0.0 (5740 voxels, overlap=0.868)
Right_Cerebellum_White_Matter (46): linear fit = 1.00 x + 0.0 (5740 voxels, peak = 87), gca=86.6
gca peak = 0.23888 (69)
mri peak = 0.12626 (70)
Left_Amygdala (18): linear fit = 1.00 x + 0.0 (543 voxels, overlap=0.998)
Left_Amygdala (18): linear fit = 1.00 x + 0.0 (543 voxels, peak = 69), gca=69.0
gca peak = 0.26156 (68)
mri peak = 0.15112 (68)
Right_Amygdala (54): linear fit = 0.99 x + 0.0 (536 voxels, overlap=0.998)
Right_Amygdala (54): linear fit = 0.99 x + 0.0 (536 voxels, peak = 67), gca=67.0
gca peak = 0.10567 (87)
mri peak = 0.09323 (89)
Left_Thalamus (10): linear fit = 1.01 x + 0.0 (4614 voxels, overlap=0.994)
Left_Thalamus (10): linear fit = 1.01 x + 0.0 (4614 voxels, peak = 88), gca=88.3
gca peak = 0.11119 (86)
mri peak = 0.07571 (87)
Right_Thalamus (49): linear fit = 1.00 x + 0.0 (4347 voxels, overlap=0.971)
Right_Thalamus (49): linear fit = 1.00 x + 0.0 (4347 voxels, peak = 86), gca=85.6
gca peak = 0.08193 (78)
mri peak = 0.06505 (68)
Left_Putamen (12): linear fit = 1.00 x + 0.0 (2044 voxels, overlap=0.991)
Left_Putamen (12): linear fit = 1.00 x + 0.0 (2044 voxels, peak = 78), gca=78.0
gca peak = 0.11256 (73)
mri peak = 0.09587 (74)
Right_Putamen (51): linear fit = 1.00 x + 0.0 (2190 voxels, overlap=0.966)
Right_Putamen (51): linear fit = 1.00 x + 0.0 (2190 voxels, peak = 73), gca=73.0
gca peak = 0.07817 (89)
mri peak = 0.07324 (93)
Brain_Stem (16): linear fit = 0.99 x + 0.0 (11426 voxels, overlap=0.850)
Brain_Stem (16): linear fit = 0.99 x + 0.0 (11426 voxels, peak = 88), gca=87.7
gca peak = 0.11483 (95)
mri peak = 0.08179 (91)
Right_VentralDC (60): linear fit = 0.99 x + 0.0 (1655 voxels, overlap=0.814)
Right_VentralDC (60): linear fit = 0.99 x + 0.0 (1655 voxels, peak = 94), gca=93.6
gca peak = 0.13309 (92)
mri peak = 0.09040 (95)
Left_VentralDC (28): linear fit = 1.00 x + 0.0 (1602 voxels, overlap=0.875)
Left_VentralDC (28): linear fit = 1.00 x + 0.0 (1602 voxels, peak = 92), gca=91.5
gca peak = 0.17353 (32)
mri peak = 0.07504 (41)
gca peak = 0.16433 (20)
mri peak = 0.09939 ( 4)
gca peak Unknown = 0.94777 ( 0)
gca peak Left_Inf_Lat_Vent = 0.18044 (30)
gca peak Third_Ventricle = 0.17353 (32)
gca peak Fourth_Ventricle = 0.16433 (20)
gca peak CSF = 0.19152 (39)
gca peak Left_Accumbens_area = 0.77516 (60)
gca peak Left_undetermined = 1.00000 (28)
gca peak Left_vessel = 0.89917 (53)
gca peak Left_choroid_plexus = 0.10623 (35)
gca peak Right_Inf_Lat_Vent = 0.23431 (26)
gca peak Right_Accumbens_area = 0.31691 (66)
gca peak Right_vessel = 0.77268 (52)
gca peak Right_choroid_plexus = 0.13305 (38)
gca peak Fifth_Ventricle = 0.77755 (40)
gca peak WM_hypointensities = 0.10179 (77)
gca peak non_WM_hypointensities = 0.11354 (41)
gca peak Optic_Chiasm = 0.51666 (76)
not using caudate to estimate GM means
estimating mean gm scale to be 1.01 x + 0.0
estimating mean wm scale to be 1.00 x + 0.0
estimating mean csf scale to be 1.04 x + 0.0
saving intensity scales to aseg.auto_noCCseg.label_intensities.txt
saving sequentially combined intensity scales to aseg.auto_noCCseg.label_intensities.txt
49369 voxels changed in iteration 0 of unlikely voxel relabeling
175 voxels changed in iteration 1 of unlikely voxel relabeling
0 voxels changed in iteration 2 of unlikely voxel relabeling
40669 gm and wm labels changed (%28 to gray, %72 to white out of all changed labels)
356 hippocampal voxels changed.
1 amygdala voxels changed.
Reclassifying using Gibbs Priors
pass 1: 60097 changed. image ll: -2.080, PF=0.500
pass 2: 15955 changed. image ll: -2.079, PF=0.500
pass 3: 5000 changed.
35231 voxels changed in iteration 0 of unlikely voxel relabeling
209 voxels changed in iteration 1 of unlikely voxel relabeling
6 voxels changed in iteration 2 of unlikely voxel relabeling
0 voxels changed in iteration 3 of unlikely voxel relabeling
5915 voxels changed in iteration 0 of unlikely voxel relabeling
101 voxels changed in iteration 1 of unlikely voxel relabeling
3 voxels changed in iteration 2 of unlikely voxel relabeling
0 voxels changed in iteration 3 of unlikely voxel relabeling
5780 voxels changed in iteration 0 of unlikely voxel relabeling
84 voxels changed in iteration 1 of unlikely voxel relabeling
2 voxels changed in iteration 2 of unlikely voxel relabeling
0 voxels changed in iteration 3 of unlikely voxel relabeling
4813 voxels changed in iteration 0 of unlikely voxel relabeling
47 voxels changed in iteration 1 of unlikely voxel relabeling
6 voxels changed in iteration 2 of unlikely voxel relabeling
0 voxels changed in iteration 3 of unlikely voxel relabeling
 !!!!!!!!! ventricle segment 2 with volume 4139 above threshold 100 - not erasing !!!!!!!!!!
 !!!!!!!!! ventricle segment 3 with volume 4633 above threshold 100 - not erasing !!!!!!!!!!
 !!!!!!!!! ventricle segment 4 with volume 165 above threshold 100 - not erasing !!!!!!!!!!
writing labeled volume to aseg.auto_noCCseg.mgz
mri_ca_label utimesec    1779.942169
mri_ca_label stimesec    4.102155
mri_ca_label ru_maxrss   2108496
mri_ca_label ru_ixrss    0
mri_ca_label ru_idrss    0
mri_ca_label ru_isrss    0
mri_ca_label ru_minflt   4399639
mri_ca_label ru_majflt   8
mri_ca_label ru_nswap    0
mri_ca_label ru_inblock  1142
mri_ca_label ru_oublock  640
mri_ca_label ru_msgsnd   0
mri_ca_label ru_msgrcv   0
mri_ca_label ru_nsignals 0
mri_ca_label ru_nvcsw    3426
mri_ca_label ru_nivcsw   2698
auto-labeling took 28 minutes and 27 seconds.
#--------------------------------------
#@# CC Seg Thu Mar 12 16:58:34 CET 2026

 mri_cc -aseg aseg.auto_noCCseg.mgz -o aseg.auto.mgz -lta /out/sourcedata/freesurfer/sub-v1s20x0050296_ses-1/mri/transforms/cc_up.lta sub-v1s20x0050296_ses-1 

will read input aseg from aseg.auto_noCCseg.mgz
writing aseg with cc labels to aseg.auto.mgz
will write lta as /out/sourcedata/freesurfer/sub-v1s20x0050296_ses-1/mri/transforms/cc_up.lta
reading aseg from /out/sourcedata/freesurfer/sub-v1s20x0050296_ses-1/mri/aseg.auto_noCCseg.mgz
reading norm from /out/sourcedata/freesurfer/sub-v1s20x0050296_ses-1/mri/norm.mgz
26629 voxels in left wm, 35894 in right wm, xrange [119, 126]
searching rotation angles z=[-4 10], y=[-7  7]
searching scale 1 Z rot -4.2  searching scale 1 Z rot -3.9  searching scale 1 Z rot -3.7  searching scale 1 Z rot -3.4  searching scale 1 Z rot -3.2  searching scale 1 Z rot -2.9  searching scale 1 Z rot -2.7  searching scale 1 Z rot -2.4  searching scale 1 Z rot -2.2  searching scale 1 Z rot -1.9  searching scale 1 Z rot -1.7  searching scale 1 Z rot -1.4  searching scale 1 Z rot -1.2  searching scale 1 Z rot -0.9  searching scale 1 Z rot -0.7  searching scale 1 Z rot -0.4  searching scale 1 Z rot -0.2  searching scale 1 Z rot 0.1  searching scale 1 Z rot 0.3  searching scale 1 Z rot 0.6  searching scale 1 Z rot 0.8  searching scale 1 Z rot 1.1  searching scale 1 Z rot 1.3  searching scale 1 Z rot 1.6  searching scale 1 Z rot 1.8  searching scale 1 Z rot 2.1  searching scale 1 Z rot 2.3  searching scale 1 Z rot 2.6  searching scale 1 Z rot 2.8  searching scale 1 Z rot 3.1  searching scale 1 Z rot 3.3  searching scale 1 Z rot 3.6  searching scale 1 Z rot 3.8  searching scale 1 Z rot 4.1  searching scale 1 Z rot 4.3  searching scale 1 Z rot 4.6  searching scale 1 Z rot 4.8  searching scale 1 Z rot 5.1  searching scale 1 Z rot 5.3  searching scale 1 Z rot 5.6  searching scale 1 Z rot 5.8  searching scale 1 Z rot 6.1  searching scale 1 Z rot 6.3  searching scale 1 Z rot 6.6  searching scale 1 Z rot 6.8  searching scale 1 Z rot 7.1  searching scale 1 Z rot 7.3  searching scale 1 Z rot 7.6  searching scale 1 Z rot 7.8  searching scale 1 Z rot 8.1  searching scale 1 Z rot 8.3  searching scale 1 Z rot 8.6  searching scale 1 Z rot 8.8  searching scale 1 Z rot 9.1  searching scale 1 Z rot 9.3  searching scale 1 Z rot 9.6  global minimum found at slice 122.5, rotations (0.34, 2.84)
final transformation (x=122.5, yr=0.341, zr=2.836):
 0.99876  -0.04947   0.00594   10.31290;
 0.04947   0.99878   0.00029   14.03852;
-0.00594   0.00000   0.99998   15.73032;
 0.00000   0.00000   0.00000   1.00000;
updating x range to be [126, 131] in xformed coordinates
best xformed slice 128
min_x_fornix = 146
min_x_fornix = 150
min_x_fornix = 151
min_x_fornix = 150
min_x_fornix = 147
cc center is found at 128 108 113
eigenvectors:
-0.00106   0.00056   1.00000;
 0.06634  -0.99780   0.00063;
 0.99780   0.06634   0.00102;
writing aseg with callosum to /out/sourcedata/freesurfer/sub-v1s20x0050296_ses-1/mri/aseg.auto.mgz...
corpus callosum segmentation took 0.5 minutes
#VMPC# mri_cc VmPeak  553904
mri_cc done
#--------------------------------------
#@# Merge ASeg Thu Mar 12 16:59:06 CET 2026

 cp aseg.auto.mgz aseg.presurf.mgz 

#--------------------------------------------
#@# Intensity Normalization2 Thu Mar 12 16:59:06 CET 2026
/out/sourcedata/freesurfer/sub-v1s20x0050296_ses-1/mri

 mri_normalize -seed 1234 -mprage -aseg aseg.presurf.mgz -mask brainmask.mgz norm.mgz brain.mgz 

setting seed for random number genererator to 1234
assuming input volume is MGH (Van der Kouwe) MP-RAGE
using segmentation for initial intensity normalization
using MR volume brainmask.mgz to mask input volume...
reading mri_src from norm.mgz...
Reading aseg aseg.presurf.mgz
normalizing image...
NOT doing gentle normalization with control points/label
processing with aseg
removing outliers in the aseg WM...
849 control points removed
Building bias image
building Voronoi diagram...
performing soap bubble smoothing, sigma = 0...
Smoothing with sigma 8
Applying bias correction
building Voronoi diagram...
performing soap bubble smoothing, sigma = 8...

Iterating 2 times
---------------------------------
3d normalization pass 1 of 2
white matter peak found at 110
white matter peak found at 109
gm peak at 65 (65), valley at  0 (-1)
csf peak at 32, setting threshold to 54
building Voronoi diagram...
performing soap bubble smoothing, sigma = 8...
---------------------------------
3d normalization pass 2 of 2
white matter peak found at 110
white matter peak found at 110
gm peak at 66 (66), valley at  0 (-1)
csf peak at 33, setting threshold to 55
building Voronoi diagram...
performing soap bubble smoothing, sigma = 8...
Done iterating ---------------------------------
writing output to brain.mgz
3D bias adjustment took 2 minutes and 11 seconds.
#--------------------------------------------
#@# Mask BFS Thu Mar 12 17:01:18 CET 2026
/out/sourcedata/freesurfer/sub-v1s20x0050296_ses-1/mri

 mri_mask -T 5 brain.mgz brainmask.mgz brain.finalsurfs.mgz 

threshold mask volume at 5
DoAbs = 0
Found 1343857 voxels in mask (pct=  8.01)
Writing masked volume to brain.finalsurfs.mgz...done.
#--------------------------------------------
#@# WM Segmentation Thu Mar 12 17:01:19 CET 2026

 AntsDenoiseImageFs -i brain.mgz -o antsdn.brain.mgz 


 mri_segment -wsizemm 13 -mprage antsdn.brain.mgz wm.seg.mgz 

wsizemm = 13, voxres = 1, wsize = 13
Widening wm low from 89 to 79
assuming input volume is MGH (Van der Kouwe) MP-RAGE
wm mean:  110
wsize:    13
wm low:   79
wm hi:    125
gray low: 30
gray hi:  99
Doing initial trinary intensity segmentation 
Using local statistics to label ambiguous voxels
Autodetecting stats
Computing class statistics for intensity windows...
CCS WM (102.0): 101.7 +- 5.9 [79.0 --> 125.0]
CCS GM (74.0) : 72.5 +- 9.3 [30.0 --> 95.0]
 white_mean 101.687
 white_sigma 5.90525
 gray_mean 72.4599
 gray_sigma 9.34782
setting bottom of white matter range wm_low to 81.8
setting top of gray matter range gray_hi to 91.2
 wm_low 81.8077
 wm_hi  125
 gray_low 30
 gray_hi  91.1555
Redoing initial intensity segmentation...
Recomputing local statistics to label ambiguous voxels...
 wm_low 81.8077
 wm_hi  125
 gray_low 30
 gray_hi  91.1555
using local geometry to label remaining ambiguous voxels...
polvwsize = 5, polvlen = 3, gray_hi = 91.1555, wm_low = 81.8077
MRIcpolvMedianCurveSegment(): wsize=5, len=3, gmhi=91.1555, wmlow=81.8077
    151083 voxels processed (0.90%)
     71371 voxels white (0.43%)
     79712 voxels non-white (0.48%)

Reclassifying voxels using Gaussian border classifier niter=1
MRIreclassify(): wm_low=76.8077, gray_hi=91.1555, wsize=13
    252729 voxels tested (1.51%)
     50368 voxels changed (0.30%)
     58609 multi-scale searches  (0.35%)
Recovering bright white
MRIrecoverBrightWhite()
 wm_low 81.8077
 wm_hi 125
 slack 5.90525
 pct_thresh 0.33
 intensity_thresh 130.905
 nvox_thresh 8.58
      122 voxels tested (0.00%)
       75 voxels changed (0.00%)

removing voxels with positive offset direction...
MRIremoveWrongDirection() wsize=3, lowthr=76.8077, hithr=91.1555
  smoothing input volume with sigma = 0.250
    95749 voxels tested (0.57%)
    16406 voxels changed (0.10%)
thicken = 1
removing 1-dimensional structures...
MRIremove1dStructures(): max_iter=10000, thresh=2, WM_MIN_VAL=5
 2012 sparsely connected voxels removed in 1 iterations
thickening thin strands....
thickness 4
nsegments 20
wm_hi 125
1078 diagonally connected voxels added...
MRIthickenThinWMStrands(): thickness=4, nsegments=20
  20 segments, 2952 filled
MRIfindBrightNonWM(): 981 bright non-wm voxels segmented.
MRIfilterMorphology() WM_MIN_VAL=5, DIAGONAL_FILL=230
white matter segmentation took 1.0 minutes
writing output to wm.seg.mgz...

 mri_edit_wm_with_aseg -keep-in wm.seg.mgz brain.mgz aseg.presurf.mgz wm.asegedit.mgz 

preserving editing changes in input volume...
auto filling took 0.41 minutes
reading wm segmentation from wm.seg.mgz...
0 voxels added to wm to prevent paths from MTL structures to cortex
3424 additional wm voxels added
0 additional wm voxels added
SEG EDIT: 39367 voxels turned on, 32677 voxels turned off.
propagating editing to output volume from wm.seg.mgz
writing edited volume to wm.asegedit.mgz....

 mri_pretess wm.asegedit.mgz wm norm.mgz wm.mgz 


Iteration Number : 1
pass   1 (xy+):   6 found -   6 modified     |    TOTAL:   6
pass   2 (xy+):   0 found -   6 modified     |    TOTAL:   6
pass   1 (xy-):   9 found -   9 modified     |    TOTAL:  15
pass   2 (xy-):   0 found -   9 modified     |    TOTAL:  15
pass   1 (yz+):  21 found -  21 modified     |    TOTAL:  36
pass   2 (yz+):   0 found -  21 modified     |    TOTAL:  36
pass   1 (yz-):  10 found -  10 modified     |    TOTAL:  46
pass   2 (yz-):   0 found -  10 modified     |    TOTAL:  46
pass   1 (xz+):  17 found -  17 modified     |    TOTAL:  63
pass   2 (xz+):   0 found -  17 modified     |    TOTAL:  63
pass   1 (xz-):  12 found -  12 modified     |    TOTAL:  75
pass   2 (xz-):   0 found -  12 modified     |    TOTAL:  75
Iteration Number : 1
pass   1 (+++):  10 found -  10 modified     |    TOTAL:  10
pass   2 (+++):   0 found -  10 modified     |    TOTAL:  10
pass   1 (+++):  19 found -  19 modified     |    TOTAL:  29
pass   2 (+++):   0 found -  19 modified     |    TOTAL:  29
pass   1 (+++):   4 found -   4 modified     |    TOTAL:  33
pass   2 (+++):   0 found -   4 modified     |    TOTAL:  33
pass   1 (+++):  12 found -  12 modified     |    TOTAL:  45
pass   2 (+++):   0 found -  12 modified     |    TOTAL:  45
Iteration Number : 1
pass   1 (++):  46 found -  46 modified     |    TOTAL:  46
pass   2 (++):   0 found -  46 modified     |    TOTAL:  46
pass   1 (+-):  64 found -  64 modified     |    TOTAL: 110
pass   2 (+-):   0 found -  64 modified     |    TOTAL: 110
pass   1 (--):  37 found -  37 modified     |    TOTAL: 147
pass   2 (--):   1 found -  38 modified     |    TOTAL: 148
pass   3 (--):   0 found -  38 modified     |    TOTAL: 148
pass   1 (-+):  42 found -  42 modified     |    TOTAL: 190
pass   2 (-+):   0 found -  42 modified     |    TOTAL: 190
Iteration Number : 2
pass   1 (xy+):   0 found -   0 modified     |    TOTAL:   0
pass   1 (xy-):   2 found -   2 modified     |    TOTAL:   2
pass   2 (xy-):   0 found -   2 modified     |    TOTAL:   2
pass   1 (yz+):   1 found -   1 modified     |    TOTAL:   3
pass   2 (yz+):   0 found -   1 modified     |    TOTAL:   3
pass   1 (yz-):   1 found -   1 modified     |    TOTAL:   4
pass   2 (yz-):   0 found -   1 modified     |    TOTAL:   4
pass   1 (xz+):   2 found -   2 modified     |    TOTAL:   6
pass   2 (xz+):   0 found -   2 modified     |    TOTAL:   6
pass   1 (xz-):   2 found -   2 modified     |    TOTAL:   8
pass   2 (xz-):   0 found -   2 modified     |    TOTAL:   8
Iteration Number : 2
pass   1 (+++):   0 found -   0 modified     |    TOTAL:   0
pass   1 (+++):   2 found -   2 modified     |    TOTAL:   2
pass   2 (+++):   0 found -   2 modified     |    TOTAL:   2
pass   1 (+++):   0 found -   0 modified     |    TOTAL:   2
pass   1 (+++):   0 found -   0 modified     |    TOTAL:   2
Iteration Number : 2
pass   1 (++):   1 found -   1 modified     |    TOTAL:   1
pass   2 (++):   0 found -   1 modified     |    TOTAL:   1
pass   1 (+-):   0 found -   0 modified     |    TOTAL:   1
pass   1 (--):   1 found -   1 modified     |    TOTAL:   2
pass   2 (--):   0 found -   1 modified     |    TOTAL:   2
pass   1 (-+):   0 found -   0 modified     |    TOTAL:   2
Iteration Number : 3
pass   1 (xy+):   0 found -   0 modified     |    TOTAL:   0
pass   1 (xy-):   0 found -   0 modified     |    TOTAL:   0
pass   1 (yz+):   0 found -   0 modified     |    TOTAL:   0
pass   1 (yz-):   0 found -   0 modified     |    TOTAL:   0
pass   1 (xz+):   0 found -   0 modified     |    TOTAL:   0
pass   1 (xz-):   0 found -   0 modified     |    TOTAL:   0
Iteration Number : 3
pass   1 (+++):   0 found -   0 modified     |    TOTAL:   0
pass   1 (+++):   0 found -   0 modified     |    TOTAL:   0
pass   1 (+++):   0 found -   0 modified     |    TOTAL:   0
pass   1 (+++):   0 found -   0 modified     |    TOTAL:   0
Iteration Number : 3
pass   1 (++):   0 found -   0 modified     |    TOTAL:   0
pass   1 (+-):   0 found -   0 modified     |    TOTAL:   0
pass   1 (--):   0 found -   0 modified     |    TOTAL:   0
pass   1 (-+):   0 found -   0 modified     |    TOTAL:   0

Total Number of Modified Voxels = 322 (out of 527081: 0.061091)
binarizing input wm segmentation...
Ambiguous edge configurations... 

mri_pretess done

#--------------------------------------------
#@# Fill Thu Mar 12 17:03:20 CET 2026
/out/sourcedata/freesurfer/sub-v1s20x0050296_ses-1/mri

 mri_fill -a ../scripts/ponscc.cut.log -xform transforms/talairach.lta -segmentation aseg.presurf.mgz -ctab /opt/freesurfer/SubCorticalMassLUT.txt wm.mgz filled.mgz 

logging cutting plane coordinates to ../scripts/ponscc.cut.log...
INFO: Using transforms/talairach.lta and its offset for Talairach volume ...
using segmentation aseg.presurf.mgz...
reading input volume...done.
searching for cutting planes...voxel to talairach voxel transform
 1.04927  -0.07944   0.01337   5.44862;
 0.06724   1.18702   0.04589  -42.08992;
-0.01548  -0.06325   1.03610  -3.91727;
 0.00000   0.00000   0.00000   1.00000;
voxel to talairach voxel transform
 1.04927  -0.07944   0.01337   5.44862;
 0.06724   1.18702   0.04589  -42.08992;
-0.01548  -0.06325   1.03610  -3.91727;
 0.00000   0.00000   0.00000   1.00000;
reading segmented volume aseg.presurf.mgz
removing CC from segmentation
Looking for area (min, max) = (350, 1400)
area[0] = 1043 (min = 350, max = 1400), aspect = 0.52 (min = 0.10, max = 0.75)
no need to search
using seed (127, 106, 120), TAL = (1.0, -8.0, 22.0)
talairach voxel to voxel transform
 0.94881   0.06270  -0.01502  -2.58961;
-0.05416   0.83688  -0.03636   35.37695;
 0.01087   0.05203   0.96271   5.90175;
 0.00000   0.00000   0.00000   1.00000;
segmentation indicates cc at (127,  106,  120) --> (1.0, -8.0, 22.0)
done.
filling took 1.0 minutes
talairach cc position changed to (1.00, -8.00, 22.00)
Erasing brainstem...done.
seed_search_size = 9, min_neighbors = 5
search rh wm seed point around talairach space:(19.00, -8.00, 22.00) SRC: (105.67, 113.82, 128.13)
search lh wm seed point around talairach space (-17.00, -8.00, 22.00), SRC: (139.83, 111.87, 128.52)
compute mri_fill using aseg
Erasing Brain Stem and Cerebellum ...
Define left and right masks using aseg:
Building Voronoi diagram ...
Using the Voronoi diagram for separating WM into two hemispheres ...
Find the largest connected component for each hemisphere ...
Embedding colortable
mri_fill done, writing output to filled.mgz...
 cp filled.mgz filled.auto.mgz

Started at Thu Mar 12 15:41:16 CET 2026 
Ended   at Thu Mar 12 17:04:21 CET 2026
#@#%# recon-all-run-time-hours 1.385
recon-all -s sub-v1s20x0050296_ses-1 finished without error at Thu Mar 12 17:04:21 CET 2026



#New# invocation of recon-all 




Thu Mar 12 17:57:32 CET 2026
cd /out/sourcedata/freesurfer/sub-v1s20x0050296_ses-1
setenv SUBJECTS_DIR /out/sourcedata/freesurfer
/opt/freesurfer/bin/recon-all -parallel -subjid sub-v1s20x0050296_ses-1 -sd /out/sourcedata/freesurfer -cortribbon

subjid sub-v1s20x0050296_ses-1
setenv SUBJECTS_DIR /out/sourcedata/freesurfer
FREESURFER_HOME /opt/freesurfer
Actual FREESURFER_HOME /opt/freesurfer
build-stamp.txt: freesurfer-linux-ubuntu22_x86_64-7.3.2-20220804-6354275
Linux dna017 5.14.0-427.37.1.el9_4.x86_64 #1 SMP PREEMPT_DYNAMIC Fri Sep 13 12:41:50 EDT 2024 x86_64 x86_64 x86_64 GNU/Linux
cputime      unlimited
filesize     unlimited
datasize     unlimited
stacksize    8192 kbytes
coredumpsize 0 kbytes
memoryuse    67108864 kbytes
vmemoryuse   unlimited
descriptors  1024 
memorylocked unlimited
maxproc      2061970 
maxlocks     unlimited
maxsignal    2061970 
maxmessage   819200 
maxnice      0 
maxrtprio    0 
maxrttime    unlimited

               total        used        free      shared  buff/cache   available
Mem:           503Gi        48Gi       409Gi        13Gi        46Gi       438Gi
Swap:             0B          0B          0B

########################################
program versions used
7.3.2 (freesurfer-linux-ubuntu22_x86_64-7.3.2-20220804-6354275)
7.3.2

ProgramName: lta_convert  ProgramArguments: lta_convert -all-info  ProgramVersion: 7.3.2  TimeStamp: 2026/03/12-16:57:32-GMT  BuildTime: Aug  4 2022 06:17:15  BuildStamp: freesurfer-linux-ubuntu22_x86_64-7.3.2-20220804-6354275  User: oesteban  Machine: dna017  Platform: Linux  PlatformVersion: 5.14.0-427.37.1.el9_4.x86_64  CompilerName: GCC  CompilerVersion: 8.4.0
ProgramName: mri_and  ProgramArguments: mri_and -all-info  ProgramVersion: 7.3.2  TimeStamp: 2026/03/12-16:57:32-GMT  BuildTime: Aug  4 2022 06:17:15  BuildStamp: freesurfer-linux-ubuntu22_x86_64-7.3.2-20220804-6354275  User: oesteban  Machine: dna017  Platform: Linux  PlatformVersion: 5.14.0-427.37.1.el9_4.x86_64  CompilerName: GCC  CompilerVersion: 8.4.0
ProgramName: mri_annotation2label  ProgramArguments: mri_annotation2label -all-info  ProgramVersion: 7.3.2  TimeStamp: 2026/03/12-16:57:32-GMT  BuildTime: Aug  4 2022 06:17:15  BuildStamp: freesurfer-linux-ubuntu22_x86_64-7.3.2-20220804-6354275  User: oesteban  Machine: dna017  Platform: Linux  PlatformVersion: 5.14.0-427.37.1.el9_4.x86_64  CompilerName: GCC  CompilerVersion: 8.4.0
ProgramName: mri_aparc2aseg  ProgramArguments: mri_aparc2aseg -all-info  ProgramVersion: 7.3.2  TimeStamp: 2026/03/12-16:57:32-GMT  BuildTime: Aug  4 2022 06:17:15  BuildStamp: freesurfer-linux-ubuntu22_x86_64-7.3.2-20220804-6354275  User: oesteban  Machine: dna017  Platform: Linux  PlatformVersion: 5.14.0-427.37.1.el9_4.x86_64  CompilerName: GCC  CompilerVersion: 8.4.0
ProgramName: mri_surf2volseg  ProgramArguments: mri_surf2volseg -all-info  ProgramVersion: 7.3.2  TimeStamp: 2026/03/12-16:57:32-GMT  BuildTime: Aug  4 2022 06:17:15  BuildStamp: freesurfer-linux-ubuntu22_x86_64-7.3.2-20220804-6354275  User: oesteban  Machine: dna017  Platform: Linux  PlatformVersion: 5.14.0-427.37.1.el9_4.x86_64  CompilerName: GCC  CompilerVersion: 8.4.0
ProgramName: mri_binarize  ProgramArguments: mri_binarize -all-info  ProgramVersion: 7.3.2  TimeStamp: 2026/03/12-16:57:32-GMT  BuildTime: Aug  4 2022 06:17:15  BuildStamp: freesurfer-linux-ubuntu22_x86_64-7.3.2-20220804-6354275  User: oesteban  Machine: dna017  Platform: Linux  PlatformVersion: 5.14.0-427.37.1.el9_4.x86_64  CompilerName: GCC  CompilerVersion: 8.4.0
ProgramName: mri_ca_label  ProgramArguments: mri_ca_label -all-info  ProgramVersion: 7.3.2  TimeStamp: 2026/03/12-16:57:32-GMT  BuildTime: Aug  4 2022 06:17:15  BuildStamp: freesurfer-linux-ubuntu22_x86_64-7.3.2-20220804-6354275  User: oesteban  Machine: dna017  Platform: Linux  PlatformVersion: 5.14.0-427.37.1.el9_4.x86_64  CompilerName: GCC  CompilerVersion: 8.4.0
ProgramName: mri_ca_normalize  ProgramArguments: mri_ca_normalize -all-info  ProgramVersion: 7.3.2  TimeStamp: 2026/03/12-16:57:32-GMT  BuildTime: Aug  4 2022 06:17:15  BuildStamp: freesurfer-linux-ubuntu22_x86_64-7.3.2-20220804-6354275  User: oesteban  Machine: dna017  Platform: Linux  PlatformVersion: 5.14.0-427.37.1.el9_4.x86_64  CompilerName: GCC  CompilerVersion: 8.4.0
ProgramName: mri_ca_register  ProgramArguments: mri_ca_register -all-info  ProgramVersion: 7.3.2  TimeStamp: 2026/03/12-16:57:32-GMT  BuildTime: Aug  4 2022 06:17:15  BuildStamp: freesurfer-linux-ubuntu22_x86_64-7.3.2-20220804-6354275  User: oesteban  Machine: dna017  Platform: Linux  PlatformVersion: 5.14.0-427.37.1.el9_4.x86_64  CompilerName: GCC  CompilerVersion: 8.4.0
ProgramName: mri_cc  ProgramArguments: mri_cc -all-info  ProgramVersion: 7.3.2  TimeStamp: 2026/03/12-16:57:32-GMT  BuildTime: Aug  4 2022 06:17:15  BuildStamp: freesurfer-linux-ubuntu22_x86_64-7.3.2-20220804-6354275  User: oesteban  Machine: dna017  Platform: Linux  PlatformVersion: 5.14.0-427.37.1.el9_4.x86_64  CompilerName: GCC  CompilerVersion: 8.4.0
ProgramName: mri_compute_overlap  ProgramArguments: mri_compute_overlap -all-info  ProgramVersion: 7.3.2  TimeStamp: 2026/03/12-16:57:32-GMT  BuildTime: Aug  4 2022 06:17:15  BuildStamp: freesurfer-linux-ubuntu22_x86_64-7.3.2-20220804-6354275  User: oesteban  Machine: dna017  Platform: Linux  PlatformVersion: 5.14.0-427.37.1.el9_4.x86_64  CompilerName: GCC  CompilerVersion: 8.4.0
ProgramName: mri_compute_seg_overlap  ProgramArguments: mri_compute_seg_overlap -all-info  ProgramVersion: 7.3.2  TimeStamp: 2026/03/12-16:57:32-GMT  BuildTime: Aug  4 2022 06:17:15  BuildStamp: freesurfer-linux-ubuntu22_x86_64-7.3.2-20220804-6354275  User: oesteban  Machine: dna017  Platform: Linux  PlatformVersion: 5.14.0-427.37.1.el9_4.x86_64  CompilerName: GCC  CompilerVersion: 8.4.0
ProgramName: mri_concat  ProgramArguments: mri_concat -all-info  ProgramVersion: 7.3.2  TimeStamp: 2026/03/12-16:57:32-GMT  BuildTime: Aug  4 2022 06:17:15  BuildStamp: freesurfer-linux-ubuntu22_x86_64-7.3.2-20220804-6354275  User: oesteban  Machine: dna017  Platform: Linux  PlatformVersion: 5.14.0-427.37.1.el9_4.x86_64  CompilerName: GCC  CompilerVersion: 8.4.0
ProgramName: mri_concatenate_lta  ProgramArguments: mri_concatenate_lta -all-info  ProgramVersion: 7.3.2  TimeStamp: 2026/03/12-16:57:32-GMT  BuildTime: Aug  4 2022 06:17:15  BuildStamp: freesurfer-linux-ubuntu22_x86_64-7.3.2-20220804-6354275  User: oesteban  Machine: dna017  Platform: Linux  PlatformVersion: 5.14.0-427.37.1.el9_4.x86_64  CompilerName: GCC  CompilerVersion: 8.4.0
mri_convert -all-info 
ProgramName: mri_convert  ProgramArguments: mri_convert -all-info  ProgramVersion: 7.3.2  TimeStamp: 2026/03/12-16:57:32-GMT  BuildTime: Aug  4 2022 06:17:15  BuildStamp: freesurfer-linux-ubuntu22_x86_64-7.3.2-20220804-6354275  User: oesteban  Machine: dna017  Platform: Linux  PlatformVersion: 5.14.0-427.37.1.el9_4.x86_64  CompilerName: GCC  CompilerVersion: 8.4.0
ProgramName: mri_diff  ProgramArguments: mri_diff -all-info  ProgramVersion: 7.3.2  TimeStamp: 2026/03/12-16:57:32-GMT  BuildTime: Aug  4 2022 06:17:15  BuildStamp: freesurfer-linux-ubuntu22_x86_64-7.3.2-20220804-6354275  User: oesteban  Machine: dna017  Platform: Linux  PlatformVersion: 5.14.0-427.37.1.el9_4.x86_64  CompilerName: GCC  CompilerVersion: 8.4.0
ProgramName: mri_edit_wm_with_aseg  ProgramArguments: mri_edit_wm_with_aseg -all-info  ProgramVersion: 7.3.2  TimeStamp: 2026/03/12-16:57:32-GMT  BuildTime: Aug  4 2022 06:17:15  BuildStamp: freesurfer-linux-ubuntu22_x86_64-7.3.2-20220804-6354275  User: oesteban  Machine: dna017  Platform: Linux  PlatformVersion: 5.14.0-427.37.1.el9_4.x86_64  CompilerName: GCC  CompilerVersion: 8.4.0
ProgramName: mri_em_register  ProgramArguments: mri_em_register -all-info  ProgramVersion: 7.3.2  TimeStamp: 2026/03/12-16:57:32-GMT  BuildTime: Aug  4 2022 06:17:15  BuildStamp: freesurfer-linux-ubuntu22_x86_64-7.3.2-20220804-6354275  User: oesteban  Machine: dna017  Platform: Linux  PlatformVersion: 5.14.0-427.37.1.el9_4.x86_64  CompilerName: GCC  CompilerVersion: 8.4.0
ProgramName: mri_fill  ProgramArguments: mri_fill -all-info  ProgramVersion: 7.3.2  TimeStamp: 2026/03/12-16:57:32-GMT  BuildTime: Aug  4 2022 06:17:15  BuildStamp: freesurfer-linux-ubuntu22_x86_64-7.3.2-20220804-6354275  User: oesteban  Machine: dna017  Platform: Linux  PlatformVersion: 5.14.0-427.37.1.el9_4.x86_64  CompilerName: GCC  CompilerVersion: 8.4.0
ProgramName: mri_fuse_segmentations  ProgramArguments: mri_fuse_segmentations -all-info  ProgramVersion: 7.3.2  TimeStamp: 2026/03/12-16:57:32-GMT  BuildTime: Aug  4 2022 06:17:15  BuildStamp: freesurfer-linux-ubuntu22_x86_64-7.3.2-20220804-6354275  User: oesteban  Machine: dna017  Platform: Linux  PlatformVersion: 5.14.0-427.37.1.el9_4.x86_64  CompilerName: GCC  CompilerVersion: 8.4.0
ProgramName: mri_fwhm  ProgramArguments: mri_fwhm -all-info  ProgramVersion: 7.3.2  TimeStamp: 2026/03/12-16:57:32-GMT  BuildTime: Aug  4 2022 06:17:15  BuildStamp: freesurfer-linux-ubuntu22_x86_64-7.3.2-20220804-6354275  User: oesteban  Machine: dna017  Platform: Linux  PlatformVersion: 5.14.0-427.37.1.el9_4.x86_64  CompilerName: GCC  CompilerVersion: 8.4.0
ProgramName: mri_gcut  ProgramArguments: mri_gcut -all-info  ProgramVersion: 7.3.2  TimeStamp: 2026/03/12-16:57:32-GMT  BuildTime: Aug  4 2022 06:17:15  BuildStamp: freesurfer-linux-ubuntu22_x86_64-7.3.2-20220804-6354275  User: oesteban  Machine: dna017  Platform: Linux  PlatformVersion: 5.14.0-427.37.1.el9_4.x86_64  CompilerName: GCC  CompilerVersion: 8.4.0
ProgramName: mri_info  ProgramArguments: mri_info -all-info  ProgramVersion: 7.3.2  TimeStamp: 2026/03/12-16:57:32-GMT  BuildTime: Aug  4 2022 06:17:15  BuildStamp: freesurfer-linux-ubuntu22_x86_64-7.3.2-20220804-6354275  User: oesteban  Machine: dna017  Platform: Linux  PlatformVersion: 5.14.0-427.37.1.el9_4.x86_64  CompilerName: GCC  CompilerVersion: 8.4.0
ProgramName: mri_label2label  ProgramArguments: mri_label2label -all-info  ProgramVersion: 7.3.2  TimeStamp: 2026/03/12-16:57:32-GMT  BuildTime: Aug  4 2022 06:17:15  BuildStamp: freesurfer-linux-ubuntu22_x86_64-7.3.2-20220804-6354275  User: oesteban  Machine: dna017  Platform: Linux  PlatformVersion: 5.14.0-427.37.1.el9_4.x86_64  CompilerName: GCC  CompilerVersion: 8.4.0
ProgramName: mri_label2vol  ProgramArguments: mri_label2vol -all-info  ProgramVersion: 7.3.2  TimeStamp: 2026/03/12-16:57:32-GMT  BuildTime: Aug  4 2022 06:17:15  BuildStamp: freesurfer-linux-ubuntu22_x86_64-7.3.2-20220804-6354275  User: oesteban  Machine: dna017  Platform: Linux  PlatformVersion: 5.14.0-427.37.1.el9_4.x86_64  CompilerName: GCC  CompilerVersion: 8.4.0
ProgramName: mri_log_likelihood  ProgramArguments: mri_log_likelihood -all-info  ProgramVersion: 7.3.2  TimeStamp: 2026/03/12-16:57:32-GMT  BuildTime: Aug  4 2022 06:17:15  BuildStamp: freesurfer-linux-ubuntu22_x86_64-7.3.2-20220804-6354275  User: oesteban  Machine: dna017  Platform: Linux  PlatformVersion: 5.14.0-427.37.1.el9_4.x86_64  CompilerName: GCC  CompilerVersion: 8.4.0
ProgramName: mri_mask  ProgramArguments: mri_mask -all-info  ProgramVersion: 7.3.2  TimeStamp: 2026/03/12-16:57:32-GMT  BuildTime: Aug  4 2022 06:17:15  BuildStamp: freesurfer-linux-ubuntu22_x86_64-7.3.2-20220804-6354275  User: oesteban  Machine: dna017  Platform: Linux  PlatformVersion: 5.14.0-427.37.1.el9_4.x86_64  CompilerName: GCC  CompilerVersion: 8.4.0
ProgramName: mri_matrix_multiply  ProgramArguments: mri_matrix_multiply -all-info  ProgramVersion: 7.3.2  TimeStamp: 2026/03/12-16:57:32-GMT  BuildTime: Aug  4 2022 06:17:15  BuildStamp: freesurfer-linux-ubuntu22_x86_64-7.3.2-20220804-6354275  User: oesteban  Machine: dna017  Platform: Linux  PlatformVersion: 5.14.0-427.37.1.el9_4.x86_64  CompilerName: GCC  CompilerVersion: 8.4.0
ProgramName: mri_normalize  ProgramArguments: mri_normalize -all-info  ProgramVersion: 7.3.2  TimeStamp: 2026/03/12-16:57:32-GMT  BuildTime: Aug  4 2022 06:17:15  BuildStamp: freesurfer-linux-ubuntu22_x86_64-7.3.2-20220804-6354275  User: oesteban  Machine: dna017  Platform: Linux  PlatformVersion: 5.14.0-427.37.1.el9_4.x86_64  CompilerName: GCC  CompilerVersion: 8.4.0
ProgramName: mri_normalize_tp2  ProgramArguments: mri_normalize_tp2 -all-info  ProgramVersion: 7.3.2  TimeStamp: 2026/03/12-16:57:32-GMT  BuildTime: Aug  4 2022 06:17:15  BuildStamp: freesurfer-linux-ubuntu22_x86_64-7.3.2-20220804-6354275  User: oesteban  Machine: dna017  Platform: Linux  PlatformVersion: 5.14.0-427.37.1.el9_4.x86_64  CompilerName: GCC  CompilerVersion: 8.4.0
ProgramName: mri_or  ProgramArguments: mri_or -all-info  ProgramVersion: 7.3.2  TimeStamp: 2026/03/12-16:57:32-GMT  BuildTime: Aug  4 2022 06:17:15  BuildStamp: freesurfer-linux-ubuntu22_x86_64-7.3.2-20220804-6354275  User: oesteban  Machine: dna017  Platform: Linux  PlatformVersion: 5.14.0-427.37.1.el9_4.x86_64  CompilerName: GCC  CompilerVersion: 8.4.0
ProgramName: mri_relabel_hypointensities  ProgramArguments: mri_relabel_hypointensities -all-info  ProgramVersion: 7.3.2  TimeStamp: 2026/03/12-16:57:32-GMT  BuildTime: Aug  4 2022 06:17:15  BuildStamp: freesurfer-linux-ubuntu22_x86_64-7.3.2-20220804-6354275  User: oesteban  Machine: dna017  Platform: Linux  PlatformVersion: 5.14.0-427.37.1.el9_4.x86_64  CompilerName: GCC  CompilerVersion: 8.4.0
ProgramName: mri_relabel_nonwm_hypos  ProgramArguments: mri_relabel_nonwm_hypos -all-info  ProgramVersion: 7.3.2  TimeStamp: 2026/03/12-16:57:32-GMT  BuildTime: Aug  4 2022 06:17:15  BuildStamp: freesurfer-linux-ubuntu22_x86_64-7.3.2-20220804-6354275  User: oesteban  Machine: dna017  Platform: Linux  PlatformVersion: 5.14.0-427.37.1.el9_4.x86_64  CompilerName: GCC  CompilerVersion: 8.4.0
ProgramName: mri_remove_neck  ProgramArguments: mri_remove_neck -all-info  ProgramVersion: 7.3.2  TimeStamp: 2026/03/12-16:57:32-GMT  BuildTime: Aug  4 2022 06:17:15  BuildStamp: freesurfer-linux-ubuntu22_x86_64-7.3.2-20220804-6354275  User: oesteban  Machine: dna017  Platform: Linux  PlatformVersion: 5.14.0-427.37.1.el9_4.x86_64  CompilerName: GCC  CompilerVersion: 8.4.0
7.3.2

ProgramName: mri_robust_register  ProgramArguments: mri_robust_register -all-info  ProgramVersion: 7.3.2  TimeStamp: 2026/03/12-16:57:32-GMT  BuildTime: Aug  4 2022 06:17:15  BuildStamp: freesurfer-linux-ubuntu22_x86_64-7.3.2-20220804-6354275  User: oesteban  Machine: dna017  Platform: Linux  PlatformVersion: 5.14.0-427.37.1.el9_4.x86_64  CompilerName: GCC  CompilerVersion: 8.4.0
7.3.2

ProgramName: mri_robust_template  ProgramArguments: mri_robust_template -all-info  ProgramVersion: 7.3.2  TimeStamp: 2026/03/12-16:57:32-GMT  BuildTime: Aug  4 2022 06:17:15  BuildStamp: freesurfer-linux-ubuntu22_x86_64-7.3.2-20220804-6354275  User: oesteban  Machine: dna017  Platform: Linux  PlatformVersion: 5.14.0-427.37.1.el9_4.x86_64  CompilerName: GCC  CompilerVersion: 8.4.0
ProgramName: mris_anatomical_stats  ProgramArguments: mris_anatomical_stats -all-info  ProgramVersion: 7.3.2  TimeStamp: 2026/03/12-16:57:32-GMT  BuildTime: Aug  4 2022 06:17:15  BuildStamp: freesurfer-linux-ubuntu22_x86_64-7.3.2-20220804-6354275  User: oesteban  Machine: dna017  Platform: Linux  PlatformVersion: 5.14.0-427.37.1.el9_4.x86_64  CompilerName: GCC  CompilerVersion: 8.4.0
ProgramName: mris_ca_label  ProgramArguments: mris_ca_label -all-info  ProgramVersion: 7.3.2  TimeStamp: 2026/03/12-16:57:32-GMT  BuildTime: Aug  4 2022 06:17:15  BuildStamp: freesurfer-linux-ubuntu22_x86_64-7.3.2-20220804-6354275  User: oesteban  Machine: dna017  Platform: Linux  PlatformVersion: 5.14.0-427.37.1.el9_4.x86_64  CompilerName: GCC  CompilerVersion: 8.4.0
ProgramName: mris_calc  ProgramArguments: mris_calc -all-info  ProgramVersion: 7.3.2  TimeStamp: 2026/03/12-16:57:32-GMT  BuildTime: Aug  4 2022 06:17:15  BuildStamp: freesurfer-linux-ubuntu22_x86_64-7.3.2-20220804-6354275  User: oesteban  Machine: dna017  Platform: Linux  PlatformVersion: 5.14.0-427.37.1.el9_4.x86_64  CompilerName: GCC  CompilerVersion: 8.4.0
ProgramName: mris_convert  ProgramArguments: mris_convert -all-info  ProgramVersion: 7.3.2  TimeStamp: 2026/03/12-16:57:32-GMT  BuildTime: Aug  4 2022 06:17:15  BuildStamp: freesurfer-linux-ubuntu22_x86_64-7.3.2-20220804-6354275  User: oesteban  Machine: dna017  Platform: Linux  PlatformVersion: 5.14.0-427.37.1.el9_4.x86_64  CompilerName: GCC  CompilerVersion: 8.4.0
ProgramName: mris_curvature  ProgramArguments: mris_curvature -all-info  ProgramVersion: 7.3.2  TimeStamp: 2026/03/12-16:57:32-GMT  BuildTime: Aug  4 2022 06:17:15  BuildStamp: freesurfer-linux-ubuntu22_x86_64-7.3.2-20220804-6354275  User: oesteban  Machine: dna017  Platform: Linux  PlatformVersion: 5.14.0-427.37.1.el9_4.x86_64  CompilerName: GCC  CompilerVersion: 8.4.0
ProgramName: mris_curvature_stats  ProgramArguments: mris_curvature_stats -all-info  ProgramVersion: 7.3.2  TimeStamp: 2026/03/12-16:57:32-GMT  BuildTime: Aug  4 2022 06:17:15  BuildStamp: freesurfer-linux-ubuntu22_x86_64-7.3.2-20220804-6354275  User: oesteban  Machine: dna017  Platform: Linux  PlatformVersion: 5.14.0-427.37.1.el9_4.x86_64  CompilerName: GCC  CompilerVersion: 8.4.0
ProgramName: mris_diff  ProgramArguments: mris_diff -all-info  ProgramVersion: 7.3.2  TimeStamp: 2026/03/12-16:57:32-GMT  BuildTime: Aug  4 2022 06:17:15  BuildStamp: freesurfer-linux-ubuntu22_x86_64-7.3.2-20220804-6354275  User: oesteban  Machine: dna017  Platform: Linux  PlatformVersion: 5.14.0-427.37.1.el9_4.x86_64  CompilerName: GCC  CompilerVersion: 8.4.0
ProgramName: mris_divide_parcellation  ProgramArguments: mris_divide_parcellation -all-info  ProgramVersion: 7.3.2  TimeStamp: 2026/03/12-16:57:32-GMT  BuildTime: Aug  4 2022 06:17:15  BuildStamp: freesurfer-linux-ubuntu22_x86_64-7.3.2-20220804-6354275  User: oesteban  Machine: dna017  Platform: Linux  PlatformVersion: 5.14.0-427.37.1.el9_4.x86_64  CompilerName: GCC  CompilerVersion: 8.4.0
ProgramName: mri_segment  ProgramArguments: mri_segment -all-info  ProgramVersion: 7.3.2  TimeStamp: 2026/03/12-16:57:32-GMT  BuildTime: Aug  4 2022 06:17:15  BuildStamp: freesurfer-linux-ubuntu22_x86_64-7.3.2-20220804-6354275  User: oesteban  Machine: dna017  Platform: Linux  PlatformVersion: 5.14.0-427.37.1.el9_4.x86_64  CompilerName: GCC  CompilerVersion: 8.4.0
ProgramName: mri_segstats  ProgramArguments: mri_segstats -all-info  ProgramVersion: 7.3.2  TimeStamp: 2026/03/12-16:57:32-GMT  BuildTime: Aug  4 2022 06:17:15  BuildStamp: freesurfer-linux-ubuntu22_x86_64-7.3.2-20220804-6354275  User: oesteban  Machine: dna017  Platform: Linux  PlatformVersion: 5.14.0-427.37.1.el9_4.x86_64  CompilerName: GCC  CompilerVersion: 8.4.0
ProgramName: mris_euler_number  ProgramArguments: mris_euler_number -all-info  ProgramVersion: 7.3.2  TimeStamp: 2026/03/12-16:57:32-GMT  BuildTime: Aug  4 2022 06:17:15  BuildStamp: freesurfer-linux-ubuntu22_x86_64-7.3.2-20220804-6354275  User: oesteban  Machine: dna017  Platform: Linux  PlatformVersion: 5.14.0-427.37.1.el9_4.x86_64  CompilerName: GCC  CompilerVersion: 8.4.0
ProgramName: mris_fix_topology  ProgramArguments: mris_fix_topology -all-info  ProgramVersion: 7.3.2  TimeStamp: 2026/03/12-16:57:33-GMT  BuildTime: Aug  4 2022 06:17:15  BuildStamp: freesurfer-linux-ubuntu22_x86_64-7.3.2-20220804-6354275  User: oesteban  Machine: dna017  Platform: Linux  PlatformVersion: 5.14.0-427.37.1.el9_4.x86_64  CompilerName: GCC  CompilerVersion: 8.4.0
ProgramName: mris_topo_fixer  ProgramArguments: mris_topo_fixer -all-info  ProgramVersion: 7.3.2  TimeStamp: 2026/03/12-16:57:33-GMT  BuildTime: Aug  4 2022 06:17:15  BuildStamp: freesurfer-linux-ubuntu22_x86_64-7.3.2-20220804-6354275  User: oesteban  Machine: dna017  Platform: Linux  PlatformVersion: 5.14.0-427.37.1.el9_4.x86_64  CompilerName: GCC  CompilerVersion: 8.4.0
ProgramName: mris_jacobian  ProgramArguments: mris_jacobian -all-info  ProgramVersion: 7.3.2  TimeStamp: 2026/03/12-16:57:33-GMT  BuildTime: Aug  4 2022 06:17:15  BuildStamp: freesurfer-linux-ubuntu22_x86_64-7.3.2-20220804-6354275  User: oesteban  Machine: dna017  Platform: Linux  PlatformVersion: 5.14.0-427.37.1.el9_4.x86_64  CompilerName: GCC  CompilerVersion: 8.4.0
ProgramName: mris_label2annot  ProgramArguments: mris_label2annot -all-info  ProgramVersion: 7.3.2  TimeStamp: 2026/03/12-16:57:33-GMT  BuildTime: Aug  4 2022 06:17:15  BuildStamp: freesurfer-linux-ubuntu22_x86_64-7.3.2-20220804-6354275  User: oesteban  Machine: dna017  Platform: Linux  PlatformVersion: 5.14.0-427.37.1.el9_4.x86_64  CompilerName: GCC  CompilerVersion: 8.4.0
ProgramName: mris_left_right_register  ProgramArguments: mris_left_right_register -all-info  ProgramVersion: 7.3.2  TimeStamp: 2026/03/12-16:57:33-GMT  BuildTime: Aug  4 2022 06:17:15  BuildStamp: freesurfer-linux-ubuntu22_x86_64-7.3.2-20220804-6354275  User: oesteban  Machine: dna017  Platform: Linux  PlatformVersion: 5.14.0-427.37.1.el9_4.x86_64  CompilerName: GCC  CompilerVersion: 8.4.0
ProgramName: mris_place_surface  ProgramArguments: mris_place_surface -all-info  ProgramVersion: 7.3.2  TimeStamp: 2026/03/12-16:57:33-GMT  BuildTime: Aug  4 2022 06:17:15  BuildStamp: freesurfer-linux-ubuntu22_x86_64-7.3.2-20220804-6354275  User: oesteban  Machine: dna017  Platform: Linux  PlatformVersion: 5.14.0-427.37.1.el9_4.x86_64  CompilerName: GCC  CompilerVersion: 8.4.0
ProgramName: mrisp_paint  ProgramArguments: mrisp_paint -all-info  ProgramVersion: 7.3.2  TimeStamp: 2026/03/12-16:57:33-GMT  BuildTime: Aug  4 2022 06:17:15  BuildStamp: freesurfer-linux-ubuntu22_x86_64-7.3.2-20220804-6354275  User: oesteban  Machine: dna017  Platform: Linux  PlatformVersion: 5.14.0-427.37.1.el9_4.x86_64  CompilerName: GCC  CompilerVersion: 8.4.0
ProgramName: mris_register  ProgramArguments: mris_register -all-info  ProgramVersion: 7.3.2  TimeStamp: 2026/03/12-16:57:33-GMT  BuildTime: Aug  4 2022 06:17:15  BuildStamp: freesurfer-linux-ubuntu22_x86_64-7.3.2-20220804-6354275  User: oesteban  Machine: dna017  Platform: Linux  PlatformVersion: 5.14.0-427.37.1.el9_4.x86_64  CompilerName: GCC  CompilerVersion: 8.4.0
ProgramName: mris_smooth  ProgramArguments: mris_smooth -all-info  ProgramVersion: 7.3.2  TimeStamp: 2026/03/12-16:57:33-GMT  BuildTime: Aug  4 2022 06:17:15  BuildStamp: freesurfer-linux-ubuntu22_x86_64-7.3.2-20220804-6354275  User: oesteban  Machine: dna017  Platform: Linux  PlatformVersion: 5.14.0-427.37.1.el9_4.x86_64  CompilerName: GCC  CompilerVersion: 8.4.0
ProgramName: mris_sphere  ProgramArguments: mris_sphere -all-info  ProgramVersion: 7.3.2  TimeStamp: 2026/03/12-16:57:33-GMT  BuildTime: Aug  4 2022 06:17:15  BuildStamp: freesurfer-linux-ubuntu22_x86_64-7.3.2-20220804-6354275  User: oesteban  Machine: dna017  Platform: Linux  PlatformVersion: 5.14.0-427.37.1.el9_4.x86_64  CompilerName: GCC  CompilerVersion: 8.4.0
ProgramName: mris_surface_stats  ProgramArguments: mris_surface_stats -all-info  ProgramVersion: 7.3.2  TimeStamp: 2026/03/12-16:57:33-GMT  BuildTime: Aug  4 2022 06:17:15  BuildStamp: freesurfer-linux-ubuntu22_x86_64-7.3.2-20220804-6354275  User: oesteban  Machine: dna017  Platform: Linux  PlatformVersion: 5.14.0-427.37.1.el9_4.x86_64  CompilerName: GCC  CompilerVersion: 8.4.0
ProgramName: mri_stats2seg  ProgramArguments: mri_stats2seg -all-info  ProgramVersion: 7.3.2  TimeStamp: 2026/03/12-16:57:33-GMT  BuildTime: Aug  4 2022 06:17:15  BuildStamp: freesurfer-linux-ubuntu22_x86_64-7.3.2-20220804-6354275  User: oesteban  Machine: dna017  Platform: Linux  PlatformVersion: 5.14.0-427.37.1.el9_4.x86_64  CompilerName: GCC  CompilerVersion: 8.4.0
ProgramName: mris_thickness  ProgramArguments: mris_thickness -all-info  ProgramVersion: 7.3.2  TimeStamp: 2026/03/12-16:57:33-GMT  BuildTime: Aug  4 2022 06:17:15  BuildStamp: freesurfer-linux-ubuntu22_x86_64-7.3.2-20220804-6354275  User: oesteban  Machine: dna017  Platform: Linux  PlatformVersion: 5.14.0-427.37.1.el9_4.x86_64  CompilerName: GCC  CompilerVersion: 8.4.0
ProgramName: mris_thickness_diff  ProgramArguments: mris_thickness_diff -all-info  ProgramVersion: 7.3.2  TimeStamp: 2026/03/12-16:57:33-GMT  BuildTime: Aug  4 2022 06:17:15  BuildStamp: freesurfer-linux-ubuntu22_x86_64-7.3.2-20220804-6354275  User: oesteban  Machine: dna017  Platform: Linux  PlatformVersion: 5.14.0-427.37.1.el9_4.x86_64  CompilerName: GCC  CompilerVersion: 8.4.0
ProgramName: mris_topo_fixer  ProgramArguments: mris_topo_fixer -all-info  ProgramVersion: 7.3.2  TimeStamp: 2026/03/12-16:57:33-GMT  BuildTime: Aug  4 2022 06:17:15  BuildStamp: freesurfer-linux-ubuntu22_x86_64-7.3.2-20220804-6354275  User: oesteban  Machine: dna017  Platform: Linux  PlatformVersion: 5.14.0-427.37.1.el9_4.x86_64  CompilerName: GCC  CompilerVersion: 8.4.0
ProgramName: mri_surf2surf  ProgramArguments: mri_surf2surf -all-info  ProgramVersion: 7.3.2  TimeStamp: 2026/03/12-16:57:33-GMT  BuildTime: Aug  4 2022 06:17:15  BuildStamp: freesurfer-linux-ubuntu22_x86_64-7.3.2-20220804-6354275  User: oesteban  Machine: dna017  Platform: Linux  PlatformVersion: 5.14.0-427.37.1.el9_4.x86_64  CompilerName: GCC  CompilerVersion: 8.4.0
ProgramName: mri_surf2vol  ProgramArguments: mri_surf2vol -all-info  ProgramVersion: 7.3.2  TimeStamp: 2026/03/12-16:57:33-GMT  BuildTime: Aug  4 2022 06:17:15  BuildStamp: freesurfer-linux-ubuntu22_x86_64-7.3.2-20220804-6354275  User: oesteban  Machine: dna017  Platform: Linux  PlatformVersion: 5.14.0-427.37.1.el9_4.x86_64  CompilerName: GCC  CompilerVersion: 8.4.0
ProgramName: mri_surfcluster  ProgramArguments: mri_surfcluster -all-info  ProgramVersion: 7.3.2  TimeStamp: 2026/03/12-16:57:33-GMT  BuildTime: Aug  4 2022 06:17:15  BuildStamp: freesurfer-linux-ubuntu22_x86_64-7.3.2-20220804-6354275  User: oesteban  Machine: dna017  Platform: Linux  PlatformVersion: 5.14.0-427.37.1.el9_4.x86_64  CompilerName: GCC  CompilerVersion: 8.4.0
ProgramName: mris_volmask  ProgramArguments: mris_volmask -all-info  ProgramVersion: 7.3.2  TimeStamp: 2026/03/12-16:57:33-GMT  BuildTime: Aug  4 2022 06:17:15  BuildStamp: freesurfer-linux-ubuntu22_x86_64-7.3.2-20220804-6354275  User: oesteban  Machine: dna017  Platform: Linux  PlatformVersion: 5.14.0-427.37.1.el9_4.x86_64  CompilerName: GCC  CompilerVersion: 8.4.0
ProgramName: mri_tessellate  ProgramArguments: mri_tessellate -all-info  ProgramVersion: 7.3.2  TimeStamp: 2026/03/12-16:57:33-GMT  BuildTime: Aug  4 2022 06:17:15  BuildStamp: freesurfer-linux-ubuntu22_x86_64-7.3.2-20220804-6354275  User: oesteban  Machine: dna017  Platform: Linux  PlatformVersion: 5.14.0-427.37.1.el9_4.x86_64  CompilerName: GCC  CompilerVersion: 8.4.0
ProgramName: mri_vol2surf  ProgramArguments: mri_vol2surf -all-info  ProgramVersion: 7.3.2  TimeStamp: 2026/03/12-16:57:33-GMT  BuildTime: Aug  4 2022 06:17:15  BuildStamp: freesurfer-linux-ubuntu22_x86_64-7.3.2-20220804-6354275  User: oesteban  Machine: dna017  Platform: Linux  PlatformVersion: 5.14.0-427.37.1.el9_4.x86_64  CompilerName: GCC  CompilerVersion: 8.4.0
ProgramName: mri_vol2vol  ProgramArguments: mri_vol2vol -all-info  ProgramVersion: 7.3.2  TimeStamp: 2026/03/12-16:57:33-GMT  BuildTime: Aug  4 2022 06:17:15  BuildStamp: freesurfer-linux-ubuntu22_x86_64-7.3.2-20220804-6354275  User: oesteban  Machine: dna017  Platform: Linux  PlatformVersion: 5.14.0-427.37.1.el9_4.x86_64  CompilerName: GCC  CompilerVersion: 8.4.0
ProgramName: mri_voldiff  ProgramArguments: mri_voldiff -all-info  ProgramVersion: 7.3.2  TimeStamp: 2026/03/12-16:57:33-GMT  BuildTime: Aug  4 2022 06:17:15  BuildStamp: freesurfer-linux-ubuntu22_x86_64-7.3.2-20220804-6354275  User: oesteban  Machine: dna017  Platform: Linux  PlatformVersion: 5.14.0-427.37.1.el9_4.x86_64  CompilerName: GCC  CompilerVersion: 8.4.0
ProgramName: mri_watershed  ProgramArguments: mri_watershed -all-info  ProgramVersion: 7.3.2  TimeStamp: 2026/03/12-16:57:33-GMT  BuildTime: Aug  4 2022 06:17:15  BuildStamp: freesurfer-linux-ubuntu22_x86_64-7.3.2-20220804-6354275  User: oesteban  Machine: dna017  Platform: Linux  PlatformVersion: 5.14.0-427.37.1.el9_4.x86_64  CompilerName: GCC  CompilerVersion: 8.4.0
ProgramName: tkregister2  ProgramArguments: tkregister2_cmdl -all-info  ProgramVersion: 7.3.2  TimeStamp: 2026/03/12-16:57:33-GMT  BuildTime: Aug  4 2022 06:17:15  BuildStamp: freesurfer-linux-ubuntu22_x86_64-7.3.2-20220804-6354275  User: oesteban  Machine: dna017  Platform: Linux  PlatformVersion: 5.14.0-427.37.1.el9_4.x86_64  CompilerName: GCC  CompilerVersion: 8.4.0
mri_motion_correct.fsl 7.3.2
mri_convert -all-info 
ProgramName: mri_convert  ProgramArguments: mri_convert -all-info  ProgramVersion: 7.3.2  TimeStamp: 2026/03/12-16:57:33-GMT  BuildTime: Aug  4 2022 06:17:15  BuildStamp: freesurfer-linux-ubuntu22_x86_64-7.3.2-20220804-6354275  User: oesteban  Machine: dna017  Platform: Linux  PlatformVersion: 5.14.0-427.37.1.el9_4.x86_64  CompilerName: GCC  CompilerVersion: 8.4.0
Program nu_correct, built from:
Package MNI N3, version 1.12.0, compiled by nicks@terrier (x86_64-unknown-linux-gnu) on 2015-06-19 at 01:25:34
#######################################
GCADIR /opt/freesurfer/average
GCA RB_all_2020-01-02.gca
GCASkull RB_all_withskull_2020_01_02.gca
AvgCurvTif folding.atlas.acfb40.noaparc.i12.2016-08-02.tif
GCSDIR /opt/freesurfer/average
GCS DKaparc.atlas.acfb40.noaparc.i12.2016-08-02.gcs
#######################################
#@# white curv lh Thu Mar 12 17:57:33 CET 2026
cd /out/sourcedata/freesurfer/sub-v1s20x0050296_ses-1/mri
mris_place_surface --curv-map ../surf/lh.white 2 10 ../surf/lh.curv
   Update not needed
#@# white area lh Thu Mar 12 17:57:33 CET 2026
cd /out/sourcedata/freesurfer/sub-v1s20x0050296_ses-1/mri
mris_place_surface --area-map ../surf/lh.white ../surf/lh.area
   Update not needed
#@# pial curv lh Thu Mar 12 17:57:33 CET 2026
cd /out/sourcedata/freesurfer/sub-v1s20x0050296_ses-1/mri
mris_place_surface --curv-map ../surf/lh.pial 2 10 ../surf/lh.curv.pial
   Update not needed
#@# pial area lh Thu Mar 12 17:57:33 CET 2026
cd /out/sourcedata/freesurfer/sub-v1s20x0050296_ses-1/mri
mris_place_surface --area-map ../surf/lh.pial ../surf/lh.area.pial
   Update not needed
#@# thickness lh Thu Mar 12 17:57:33 CET 2026
cd /out/sourcedata/freesurfer/sub-v1s20x0050296_ses-1/mri
mris_place_surface --thickness ../surf/lh.white ../surf/lh.pial 20 5 ../surf/lh.thickness
   Update not needed
#@# area and vertex vol lh Thu Mar 12 17:57:33 CET 2026
cd /out/sourcedata/freesurfer/sub-v1s20x0050296_ses-1/mri
mris_place_surface --thickness ../surf/lh.white ../surf/lh.pial 20 5 ../surf/lh.thickness
   Update not needed
#@# white curv rh Thu Mar 12 17:57:33 CET 2026
cd /out/sourcedata/freesurfer/sub-v1s20x0050296_ses-1/mri
mris_place_surface --curv-map ../surf/rh.white 2 10 ../surf/rh.curv
   Update not needed
#@# white area rh Thu Mar 12 17:57:33 CET 2026
cd /out/sourcedata/freesurfer/sub-v1s20x0050296_ses-1/mri
mris_place_surface --area-map ../surf/rh.white ../surf/rh.area
   Update not needed
#@# pial curv rh Thu Mar 12 17:57:33 CET 2026
cd /out/sourcedata/freesurfer/sub-v1s20x0050296_ses-1/mri
mris_place_surface --curv-map ../surf/rh.pial 2 10 ../surf/rh.curv.pial
   Update not needed
#@# pial area rh Thu Mar 12 17:57:33 CET 2026
cd /out/sourcedata/freesurfer/sub-v1s20x0050296_ses-1/mri
mris_place_surface --area-map ../surf/rh.pial ../surf/rh.area.pial
   Update not needed
#@# thickness rh Thu Mar 12 17:57:33 CET 2026
cd /out/sourcedata/freesurfer/sub-v1s20x0050296_ses-1/mri
mris_place_surface --thickness ../surf/rh.white ../surf/rh.pial 20 5 ../surf/rh.thickness
   Update not needed
#@# area and vertex vol rh Thu Mar 12 17:57:33 CET 2026
cd /out/sourcedata/freesurfer/sub-v1s20x0050296_ses-1/mri
mris_place_surface --thickness ../surf/rh.white ../surf/rh.pial 20 5 ../surf/rh.thickness
   Update not needed
#--------------------------------------------
#@# Cortical ribbon mask Thu Mar 12 17:57:33 CET 2026
/out/sourcedata/freesurfer/sub-v1s20x0050296_ses-1/mri

 mris_volmask --aseg_name aseg.presurf --label_left_white 2 --label_left_ribbon 3 --label_right_white 41 --label_right_ribbon 42 --save_ribbon sub-v1s20x0050296_ses-1 

SUBJECTS_DIR is /out/sourcedata/freesurfer
loading input data...
Running hemis serially
Processing left hemi
computing distance to left white surface 
computing distance to left pial surface 
Processing right hemi
computing distance to right white surface 
computing distance to right pial surface 
 hemi masks overlap voxels = 359
writing volume /out/sourcedata/freesurfer/sub-v1s20x0050296_ses-1/mri/ribbon.mgz
mris_volmask took 5.64 minutes
 writing ribbon files

Started at Thu Mar 12 17:57:32 CET 2026 
Ended   at Thu Mar 12 18:03:11 CET 2026
#@#%# recon-all-run-time-hours 0.094
recon-all -s sub-v1s20x0050296_ses-1 finished without error at Thu Mar 12 18:03:11 CET 2026



#New# invocation of recon-all 




Thu Mar 12 18:10:34 CET 2026
cd /out/sourcedata/freesurfer/sub-v1s20x0050296_ses-1
setenv SUBJECTS_DIR /out/sourcedata/freesurfer
/opt/freesurfer/bin/recon-all -autorecon3 -openmp 16 -subjid sub-v1s20x0050296_ses-1 -sd /out/sourcedata/freesurfer -nosphere -nosurfreg -nojacobian_white -noavgcurv -nocortparc -nopial -noparcstats -nocortparc2 -noparcstats2 -nocortparc3 -noparcstats3 -nopctsurfcon -nocortribbon -nobalabels

subjid sub-v1s20x0050296_ses-1
setenv SUBJECTS_DIR /out/sourcedata/freesurfer
FREESURFER_HOME /opt/freesurfer
Actual FREESURFER_HOME /opt/freesurfer
build-stamp.txt: freesurfer-linux-ubuntu22_x86_64-7.3.2-20220804-6354275
Linux dna017 5.14.0-427.37.1.el9_4.x86_64 #1 SMP PREEMPT_DYNAMIC Fri Sep 13 12:41:50 EDT 2024 x86_64 x86_64 x86_64 GNU/Linux
cputime      unlimited
filesize     unlimited
datasize     unlimited
stacksize    8192 kbytes
coredumpsize 0 kbytes
memoryuse    67108864 kbytes
vmemoryuse   unlimited
descriptors  1024 
memorylocked unlimited
maxproc      2061970 
maxlocks     unlimited
maxsignal    2061970 
maxmessage   819200 
maxnice      0 
maxrtprio    0 
maxrttime    unlimited

               total        used        free      shared  buff/cache   available
Mem:           503Gi        48Gi       408Gi        13Gi        46Gi       438Gi
Swap:             0B          0B          0B

########################################
program versions used
7.3.2 (freesurfer-linux-ubuntu22_x86_64-7.3.2-20220804-6354275)
7.3.2

ProgramName: lta_convert  ProgramArguments: lta_convert -all-info  ProgramVersion: 7.3.2  TimeStamp: 2026/03/12-17:10:34-GMT  BuildTime: Aug  4 2022 06:17:15  BuildStamp: freesurfer-linux-ubuntu22_x86_64-7.3.2-20220804-6354275  User: oesteban  Machine: dna017  Platform: Linux  PlatformVersion: 5.14.0-427.37.1.el9_4.x86_64  CompilerName: GCC  CompilerVersion: 8.4.0
ProgramName: mri_and  ProgramArguments: mri_and -all-info  ProgramVersion: 7.3.2  TimeStamp: 2026/03/12-17:10:34-GMT  BuildTime: Aug  4 2022 06:17:15  BuildStamp: freesurfer-linux-ubuntu22_x86_64-7.3.2-20220804-6354275  User: oesteban  Machine: dna017  Platform: Linux  PlatformVersion: 5.14.0-427.37.1.el9_4.x86_64  CompilerName: GCC  CompilerVersion: 8.4.0
ProgramName: mri_annotation2label  ProgramArguments: mri_annotation2label -all-info  ProgramVersion: 7.3.2  TimeStamp: 2026/03/12-17:10:34-GMT  BuildTime: Aug  4 2022 06:17:15  BuildStamp: freesurfer-linux-ubuntu22_x86_64-7.3.2-20220804-6354275  User: oesteban  Machine: dna017  Platform: Linux  PlatformVersion: 5.14.0-427.37.1.el9_4.x86_64  CompilerName: GCC  CompilerVersion: 8.4.0
ProgramName: mri_aparc2aseg  ProgramArguments: mri_aparc2aseg -all-info  ProgramVersion: 7.3.2  TimeStamp: 2026/03/12-17:10:34-GMT  BuildTime: Aug  4 2022 06:17:15  BuildStamp: freesurfer-linux-ubuntu22_x86_64-7.3.2-20220804-6354275  User: oesteban  Machine: dna017  Platform: Linux  PlatformVersion: 5.14.0-427.37.1.el9_4.x86_64  CompilerName: GCC  CompilerVersion: 8.4.0
ProgramName: mri_surf2volseg  ProgramArguments: mri_surf2volseg -all-info  ProgramVersion: 7.3.2  TimeStamp: 2026/03/12-17:10:34-GMT  BuildTime: Aug  4 2022 06:17:15  BuildStamp: freesurfer-linux-ubuntu22_x86_64-7.3.2-20220804-6354275  User: oesteban  Machine: dna017  Platform: Linux  PlatformVersion: 5.14.0-427.37.1.el9_4.x86_64  CompilerName: GCC  CompilerVersion: 8.4.0
ProgramName: mri_binarize  ProgramArguments: mri_binarize -all-info  ProgramVersion: 7.3.2  TimeStamp: 2026/03/12-17:10:34-GMT  BuildTime: Aug  4 2022 06:17:15  BuildStamp: freesurfer-linux-ubuntu22_x86_64-7.3.2-20220804-6354275  User: oesteban  Machine: dna017  Platform: Linux  PlatformVersion: 5.14.0-427.37.1.el9_4.x86_64  CompilerName: GCC  CompilerVersion: 8.4.0
ProgramName: mri_ca_label  ProgramArguments: mri_ca_label -all-info  ProgramVersion: 7.3.2  TimeStamp: 2026/03/12-17:10:35-GMT  BuildTime: Aug  4 2022 06:17:15  BuildStamp: freesurfer-linux-ubuntu22_x86_64-7.3.2-20220804-6354275  User: oesteban  Machine: dna017  Platform: Linux  PlatformVersion: 5.14.0-427.37.1.el9_4.x86_64  CompilerName: GCC  CompilerVersion: 8.4.0
ProgramName: mri_ca_normalize  ProgramArguments: mri_ca_normalize -all-info  ProgramVersion: 7.3.2  TimeStamp: 2026/03/12-17:10:35-GMT  BuildTime: Aug  4 2022 06:17:15  BuildStamp: freesurfer-linux-ubuntu22_x86_64-7.3.2-20220804-6354275  User: oesteban  Machine: dna017  Platform: Linux  PlatformVersion: 5.14.0-427.37.1.el9_4.x86_64  CompilerName: GCC  CompilerVersion: 8.4.0
ProgramName: mri_ca_register  ProgramArguments: mri_ca_register -all-info  ProgramVersion: 7.3.2  TimeStamp: 2026/03/12-17:10:35-GMT  BuildTime: Aug  4 2022 06:17:15  BuildStamp: freesurfer-linux-ubuntu22_x86_64-7.3.2-20220804-6354275  User: oesteban  Machine: dna017  Platform: Linux  PlatformVersion: 5.14.0-427.37.1.el9_4.x86_64  CompilerName: GCC  CompilerVersion: 8.4.0
ProgramName: mri_cc  ProgramArguments: mri_cc -all-info  ProgramVersion: 7.3.2  TimeStamp: 2026/03/12-17:10:35-GMT  BuildTime: Aug  4 2022 06:17:15  BuildStamp: freesurfer-linux-ubuntu22_x86_64-7.3.2-20220804-6354275  User: oesteban  Machine: dna017  Platform: Linux  PlatformVersion: 5.14.0-427.37.1.el9_4.x86_64  CompilerName: GCC  CompilerVersion: 8.4.0
ProgramName: mri_compute_overlap  ProgramArguments: mri_compute_overlap -all-info  ProgramVersion: 7.3.2  TimeStamp: 2026/03/12-17:10:35-GMT  BuildTime: Aug  4 2022 06:17:15  BuildStamp: freesurfer-linux-ubuntu22_x86_64-7.3.2-20220804-6354275  User: oesteban  Machine: dna017  Platform: Linux  PlatformVersion: 5.14.0-427.37.1.el9_4.x86_64  CompilerName: GCC  CompilerVersion: 8.4.0
ProgramName: mri_compute_seg_overlap  ProgramArguments: mri_compute_seg_overlap -all-info  ProgramVersion: 7.3.2  TimeStamp: 2026/03/12-17:10:35-GMT  BuildTime: Aug  4 2022 06:17:15  BuildStamp: freesurfer-linux-ubuntu22_x86_64-7.3.2-20220804-6354275  User: oesteban  Machine: dna017  Platform: Linux  PlatformVersion: 5.14.0-427.37.1.el9_4.x86_64  CompilerName: GCC  CompilerVersion: 8.4.0
ProgramName: mri_concat  ProgramArguments: mri_concat -all-info  ProgramVersion: 7.3.2  TimeStamp: 2026/03/12-17:10:35-GMT  BuildTime: Aug  4 2022 06:17:15  BuildStamp: freesurfer-linux-ubuntu22_x86_64-7.3.2-20220804-6354275  User: oesteban  Machine: dna017  Platform: Linux  PlatformVersion: 5.14.0-427.37.1.el9_4.x86_64  CompilerName: GCC  CompilerVersion: 8.4.0
ProgramName: mri_concatenate_lta  ProgramArguments: mri_concatenate_lta -all-info  ProgramVersion: 7.3.2  TimeStamp: 2026/03/12-17:10:35-GMT  BuildTime: Aug  4 2022 06:17:15  BuildStamp: freesurfer-linux-ubuntu22_x86_64-7.3.2-20220804-6354275  User: oesteban  Machine: dna017  Platform: Linux  PlatformVersion: 5.14.0-427.37.1.el9_4.x86_64  CompilerName: GCC  CompilerVersion: 8.4.0
mri_convert -all-info 
ProgramName: mri_convert  ProgramArguments: mri_convert -all-info  ProgramVersion: 7.3.2  TimeStamp: 2026/03/12-17:10:35-GMT  BuildTime: Aug  4 2022 06:17:15  BuildStamp: freesurfer-linux-ubuntu22_x86_64-7.3.2-20220804-6354275  User: oesteban  Machine: dna017  Platform: Linux  PlatformVersion: 5.14.0-427.37.1.el9_4.x86_64  CompilerName: GCC  CompilerVersion: 8.4.0
ProgramName: mri_diff  ProgramArguments: mri_diff -all-info  ProgramVersion: 7.3.2  TimeStamp: 2026/03/12-17:10:35-GMT  BuildTime: Aug  4 2022 06:17:15  BuildStamp: freesurfer-linux-ubuntu22_x86_64-7.3.2-20220804-6354275  User: oesteban  Machine: dna017  Platform: Linux  PlatformVersion: 5.14.0-427.37.1.el9_4.x86_64  CompilerName: GCC  CompilerVersion: 8.4.0
ProgramName: mri_edit_wm_with_aseg  ProgramArguments: mri_edit_wm_with_aseg -all-info  ProgramVersion: 7.3.2  TimeStamp: 2026/03/12-17:10:35-GMT  BuildTime: Aug  4 2022 06:17:15  BuildStamp: freesurfer-linux-ubuntu22_x86_64-7.3.2-20220804-6354275  User: oesteban  Machine: dna017  Platform: Linux  PlatformVersion: 5.14.0-427.37.1.el9_4.x86_64  CompilerName: GCC  CompilerVersion: 8.4.0
ProgramName: mri_em_register  ProgramArguments: mri_em_register -all-info  ProgramVersion: 7.3.2  TimeStamp: 2026/03/12-17:10:35-GMT  BuildTime: Aug  4 2022 06:17:15  BuildStamp: freesurfer-linux-ubuntu22_x86_64-7.3.2-20220804-6354275  User: oesteban  Machine: dna017  Platform: Linux  PlatformVersion: 5.14.0-427.37.1.el9_4.x86_64  CompilerName: GCC  CompilerVersion: 8.4.0
ProgramName: mri_fill  ProgramArguments: mri_fill -all-info  ProgramVersion: 7.3.2  TimeStamp: 2026/03/12-17:10:35-GMT  BuildTime: Aug  4 2022 06:17:15  BuildStamp: freesurfer-linux-ubuntu22_x86_64-7.3.2-20220804-6354275  User: oesteban  Machine: dna017  Platform: Linux  PlatformVersion: 5.14.0-427.37.1.el9_4.x86_64  CompilerName: GCC  CompilerVersion: 8.4.0
ProgramName: mri_fuse_segmentations  ProgramArguments: mri_fuse_segmentations -all-info  ProgramVersion: 7.3.2  TimeStamp: 2026/03/12-17:10:35-GMT  BuildTime: Aug  4 2022 06:17:15  BuildStamp: freesurfer-linux-ubuntu22_x86_64-7.3.2-20220804-6354275  User: oesteban  Machine: dna017  Platform: Linux  PlatformVersion: 5.14.0-427.37.1.el9_4.x86_64  CompilerName: GCC  CompilerVersion: 8.4.0
ProgramName: mri_fwhm  ProgramArguments: mri_fwhm -all-info  ProgramVersion: 7.3.2  TimeStamp: 2026/03/12-17:10:35-GMT  BuildTime: Aug  4 2022 06:17:15  BuildStamp: freesurfer-linux-ubuntu22_x86_64-7.3.2-20220804-6354275  User: oesteban  Machine: dna017  Platform: Linux  PlatformVersion: 5.14.0-427.37.1.el9_4.x86_64  CompilerName: GCC  CompilerVersion: 8.4.0
ProgramName: mri_gcut  ProgramArguments: mri_gcut -all-info  ProgramVersion: 7.3.2  TimeStamp: 2026/03/12-17:10:35-GMT  BuildTime: Aug  4 2022 06:17:15  BuildStamp: freesurfer-linux-ubuntu22_x86_64-7.3.2-20220804-6354275  User: oesteban  Machine: dna017  Platform: Linux  PlatformVersion: 5.14.0-427.37.1.el9_4.x86_64  CompilerName: GCC  CompilerVersion: 8.4.0
ProgramName: mri_info  ProgramArguments: mri_info -all-info  ProgramVersion: 7.3.2  TimeStamp: 2026/03/12-17:10:35-GMT  BuildTime: Aug  4 2022 06:17:15  BuildStamp: freesurfer-linux-ubuntu22_x86_64-7.3.2-20220804-6354275  User: oesteban  Machine: dna017  Platform: Linux  PlatformVersion: 5.14.0-427.37.1.el9_4.x86_64  CompilerName: GCC  CompilerVersion: 8.4.0
ProgramName: mri_label2label  ProgramArguments: mri_label2label -all-info  ProgramVersion: 7.3.2  TimeStamp: 2026/03/12-17:10:35-GMT  BuildTime: Aug  4 2022 06:17:15  BuildStamp: freesurfer-linux-ubuntu22_x86_64-7.3.2-20220804-6354275  User: oesteban  Machine: dna017  Platform: Linux  PlatformVersion: 5.14.0-427.37.1.el9_4.x86_64  CompilerName: GCC  CompilerVersion: 8.4.0
ProgramName: mri_label2vol  ProgramArguments: mri_label2vol -all-info  ProgramVersion: 7.3.2  TimeStamp: 2026/03/12-17:10:35-GMT  BuildTime: Aug  4 2022 06:17:15  BuildStamp: freesurfer-linux-ubuntu22_x86_64-7.3.2-20220804-6354275  User: oesteban  Machine: dna017  Platform: Linux  PlatformVersion: 5.14.0-427.37.1.el9_4.x86_64  CompilerName: GCC  CompilerVersion: 8.4.0
ProgramName: mri_log_likelihood  ProgramArguments: mri_log_likelihood -all-info  ProgramVersion: 7.3.2  TimeStamp: 2026/03/12-17:10:35-GMT  BuildTime: Aug  4 2022 06:17:15  BuildStamp: freesurfer-linux-ubuntu22_x86_64-7.3.2-20220804-6354275  User: oesteban  Machine: dna017  Platform: Linux  PlatformVersion: 5.14.0-427.37.1.el9_4.x86_64  CompilerName: GCC  CompilerVersion: 8.4.0
ProgramName: mri_mask  ProgramArguments: mri_mask -all-info  ProgramVersion: 7.3.2  TimeStamp: 2026/03/12-17:10:35-GMT  BuildTime: Aug  4 2022 06:17:15  BuildStamp: freesurfer-linux-ubuntu22_x86_64-7.3.2-20220804-6354275  User: oesteban  Machine: dna017  Platform: Linux  PlatformVersion: 5.14.0-427.37.1.el9_4.x86_64  CompilerName: GCC  CompilerVersion: 8.4.0
ProgramName: mri_matrix_multiply  ProgramArguments: mri_matrix_multiply -all-info  ProgramVersion: 7.3.2  TimeStamp: 2026/03/12-17:10:35-GMT  BuildTime: Aug  4 2022 06:17:15  BuildStamp: freesurfer-linux-ubuntu22_x86_64-7.3.2-20220804-6354275  User: oesteban  Machine: dna017  Platform: Linux  PlatformVersion: 5.14.0-427.37.1.el9_4.x86_64  CompilerName: GCC  CompilerVersion: 8.4.0
ProgramName: mri_normalize  ProgramArguments: mri_normalize -all-info  ProgramVersion: 7.3.2  TimeStamp: 2026/03/12-17:10:35-GMT  BuildTime: Aug  4 2022 06:17:15  BuildStamp: freesurfer-linux-ubuntu22_x86_64-7.3.2-20220804-6354275  User: oesteban  Machine: dna017  Platform: Linux  PlatformVersion: 5.14.0-427.37.1.el9_4.x86_64  CompilerName: GCC  CompilerVersion: 8.4.0
ProgramName: mri_normalize_tp2  ProgramArguments: mri_normalize_tp2 -all-info  ProgramVersion: 7.3.2  TimeStamp: 2026/03/12-17:10:35-GMT  BuildTime: Aug  4 2022 06:17:15  BuildStamp: freesurfer-linux-ubuntu22_x86_64-7.3.2-20220804-6354275  User: oesteban  Machine: dna017  Platform: Linux  PlatformVersion: 5.14.0-427.37.1.el9_4.x86_64  CompilerName: GCC  CompilerVersion: 8.4.0
ProgramName: mri_or  ProgramArguments: mri_or -all-info  ProgramVersion: 7.3.2  TimeStamp: 2026/03/12-17:10:35-GMT  BuildTime: Aug  4 2022 06:17:15  BuildStamp: freesurfer-linux-ubuntu22_x86_64-7.3.2-20220804-6354275  User: oesteban  Machine: dna017  Platform: Linux  PlatformVersion: 5.14.0-427.37.1.el9_4.x86_64  CompilerName: GCC  CompilerVersion: 8.4.0
ProgramName: mri_relabel_hypointensities  ProgramArguments: mri_relabel_hypointensities -all-info  ProgramVersion: 7.3.2  TimeStamp: 2026/03/12-17:10:35-GMT  BuildTime: Aug  4 2022 06:17:15  BuildStamp: freesurfer-linux-ubuntu22_x86_64-7.3.2-20220804-6354275  User: oesteban  Machine: dna017  Platform: Linux  PlatformVersion: 5.14.0-427.37.1.el9_4.x86_64  CompilerName: GCC  CompilerVersion: 8.4.0
ProgramName: mri_relabel_nonwm_hypos  ProgramArguments: mri_relabel_nonwm_hypos -all-info  ProgramVersion: 7.3.2  TimeStamp: 2026/03/12-17:10:35-GMT  BuildTime: Aug  4 2022 06:17:15  BuildStamp: freesurfer-linux-ubuntu22_x86_64-7.3.2-20220804-6354275  User: oesteban  Machine: dna017  Platform: Linux  PlatformVersion: 5.14.0-427.37.1.el9_4.x86_64  CompilerName: GCC  CompilerVersion: 8.4.0
ProgramName: mri_remove_neck  ProgramArguments: mri_remove_neck -all-info  ProgramVersion: 7.3.2  TimeStamp: 2026/03/12-17:10:35-GMT  BuildTime: Aug  4 2022 06:17:15  BuildStamp: freesurfer-linux-ubuntu22_x86_64-7.3.2-20220804-6354275  User: oesteban  Machine: dna017  Platform: Linux  PlatformVersion: 5.14.0-427.37.1.el9_4.x86_64  CompilerName: GCC  CompilerVersion: 8.4.0
7.3.2

ProgramName: mri_robust_register  ProgramArguments: mri_robust_register -all-info  ProgramVersion: 7.3.2  TimeStamp: 2026/03/12-17:10:35-GMT  BuildTime: Aug  4 2022 06:17:15  BuildStamp: freesurfer-linux-ubuntu22_x86_64-7.3.2-20220804-6354275  User: oesteban  Machine: dna017  Platform: Linux  PlatformVersion: 5.14.0-427.37.1.el9_4.x86_64  CompilerName: GCC  CompilerVersion: 8.4.0
7.3.2

ProgramName: mri_robust_template  ProgramArguments: mri_robust_template -all-info  ProgramVersion: 7.3.2  TimeStamp: 2026/03/12-17:10:35-GMT  BuildTime: Aug  4 2022 06:17:15  BuildStamp: freesurfer-linux-ubuntu22_x86_64-7.3.2-20220804-6354275  User: oesteban  Machine: dna017  Platform: Linux  PlatformVersion: 5.14.0-427.37.1.el9_4.x86_64  CompilerName: GCC  CompilerVersion: 8.4.0
ProgramName: mris_anatomical_stats  ProgramArguments: mris_anatomical_stats -all-info  ProgramVersion: 7.3.2  TimeStamp: 2026/03/12-17:10:35-GMT  BuildTime: Aug  4 2022 06:17:15  BuildStamp: freesurfer-linux-ubuntu22_x86_64-7.3.2-20220804-6354275  User: oesteban  Machine: dna017  Platform: Linux  PlatformVersion: 5.14.0-427.37.1.el9_4.x86_64  CompilerName: GCC  CompilerVersion: 8.4.0
ProgramName: mris_ca_label  ProgramArguments: mris_ca_label -all-info  ProgramVersion: 7.3.2  TimeStamp: 2026/03/12-17:10:35-GMT  BuildTime: Aug  4 2022 06:17:15  BuildStamp: freesurfer-linux-ubuntu22_x86_64-7.3.2-20220804-6354275  User: oesteban  Machine: dna017  Platform: Linux  PlatformVersion: 5.14.0-427.37.1.el9_4.x86_64  CompilerName: GCC  CompilerVersion: 8.4.0
ProgramName: mris_calc  ProgramArguments: mris_calc -all-info  ProgramVersion: 7.3.2  TimeStamp: 2026/03/12-17:10:35-GMT  BuildTime: Aug  4 2022 06:17:15  BuildStamp: freesurfer-linux-ubuntu22_x86_64-7.3.2-20220804-6354275  User: oesteban  Machine: dna017  Platform: Linux  PlatformVersion: 5.14.0-427.37.1.el9_4.x86_64  CompilerName: GCC  CompilerVersion: 8.4.0
ProgramName: mris_convert  ProgramArguments: mris_convert -all-info  ProgramVersion: 7.3.2  TimeStamp: 2026/03/12-17:10:35-GMT  BuildTime: Aug  4 2022 06:17:15  BuildStamp: freesurfer-linux-ubuntu22_x86_64-7.3.2-20220804-6354275  User: oesteban  Machine: dna017  Platform: Linux  PlatformVersion: 5.14.0-427.37.1.el9_4.x86_64  CompilerName: GCC  CompilerVersion: 8.4.0
ProgramName: mris_curvature  ProgramArguments: mris_curvature -all-info  ProgramVersion: 7.3.2  TimeStamp: 2026/03/12-17:10:35-GMT  BuildTime: Aug  4 2022 06:17:15  BuildStamp: freesurfer-linux-ubuntu22_x86_64-7.3.2-20220804-6354275  User: oesteban  Machine: dna017  Platform: Linux  PlatformVersion: 5.14.0-427.37.1.el9_4.x86_64  CompilerName: GCC  CompilerVersion: 8.4.0
ProgramName: mris_curvature_stats  ProgramArguments: mris_curvature_stats -all-info  ProgramVersion: 7.3.2  TimeStamp: 2026/03/12-17:10:35-GMT  BuildTime: Aug  4 2022 06:17:15  BuildStamp: freesurfer-linux-ubuntu22_x86_64-7.3.2-20220804-6354275  User: oesteban  Machine: dna017  Platform: Linux  PlatformVersion: 5.14.0-427.37.1.el9_4.x86_64  CompilerName: GCC  CompilerVersion: 8.4.0
ProgramName: mris_diff  ProgramArguments: mris_diff -all-info  ProgramVersion: 7.3.2  TimeStamp: 2026/03/12-17:10:35-GMT  BuildTime: Aug  4 2022 06:17:15  BuildStamp: freesurfer-linux-ubuntu22_x86_64-7.3.2-20220804-6354275  User: oesteban  Machine: dna017  Platform: Linux  PlatformVersion: 5.14.0-427.37.1.el9_4.x86_64  CompilerName: GCC  CompilerVersion: 8.4.0
ProgramName: mris_divide_parcellation  ProgramArguments: mris_divide_parcellation -all-info  ProgramVersion: 7.3.2  TimeStamp: 2026/03/12-17:10:35-GMT  BuildTime: Aug  4 2022 06:17:15  BuildStamp: freesurfer-linux-ubuntu22_x86_64-7.3.2-20220804-6354275  User: oesteban  Machine: dna017  Platform: Linux  PlatformVersion: 5.14.0-427.37.1.el9_4.x86_64  CompilerName: GCC  CompilerVersion: 8.4.0
ProgramName: mri_segment  ProgramArguments: mri_segment -all-info  ProgramVersion: 7.3.2  TimeStamp: 2026/03/12-17:10:35-GMT  BuildTime: Aug  4 2022 06:17:15  BuildStamp: freesurfer-linux-ubuntu22_x86_64-7.3.2-20220804-6354275  User: oesteban  Machine: dna017  Platform: Linux  PlatformVersion: 5.14.0-427.37.1.el9_4.x86_64  CompilerName: GCC  CompilerVersion: 8.4.0
ProgramName: mri_segstats  ProgramArguments: mri_segstats -all-info  ProgramVersion: 7.3.2  TimeStamp: 2026/03/12-17:10:35-GMT  BuildTime: Aug  4 2022 06:17:15  BuildStamp: freesurfer-linux-ubuntu22_x86_64-7.3.2-20220804-6354275  User: oesteban  Machine: dna017  Platform: Linux  PlatformVersion: 5.14.0-427.37.1.el9_4.x86_64  CompilerName: GCC  CompilerVersion: 8.4.0
ProgramName: mris_euler_number  ProgramArguments: mris_euler_number -all-info  ProgramVersion: 7.3.2  TimeStamp: 2026/03/12-17:10:35-GMT  BuildTime: Aug  4 2022 06:17:15  BuildStamp: freesurfer-linux-ubuntu22_x86_64-7.3.2-20220804-6354275  User: oesteban  Machine: dna017  Platform: Linux  PlatformVersion: 5.14.0-427.37.1.el9_4.x86_64  CompilerName: GCC  CompilerVersion: 8.4.0
ProgramName: mris_fix_topology  ProgramArguments: mris_fix_topology -all-info  ProgramVersion: 7.3.2  TimeStamp: 2026/03/12-17:10:35-GMT  BuildTime: Aug  4 2022 06:17:15  BuildStamp: freesurfer-linux-ubuntu22_x86_64-7.3.2-20220804-6354275  User: oesteban  Machine: dna017  Platform: Linux  PlatformVersion: 5.14.0-427.37.1.el9_4.x86_64  CompilerName: GCC  CompilerVersion: 8.4.0
ProgramName: mris_topo_fixer  ProgramArguments: mris_topo_fixer -all-info  ProgramVersion: 7.3.2  TimeStamp: 2026/03/12-17:10:35-GMT  BuildTime: Aug  4 2022 06:17:15  BuildStamp: freesurfer-linux-ubuntu22_x86_64-7.3.2-20220804-6354275  User: oesteban  Machine: dna017  Platform: Linux  PlatformVersion: 5.14.0-427.37.1.el9_4.x86_64  CompilerName: GCC  CompilerVersion: 8.4.0
ProgramName: mris_jacobian  ProgramArguments: mris_jacobian -all-info  ProgramVersion: 7.3.2  TimeStamp: 2026/03/12-17:10:35-GMT  BuildTime: Aug  4 2022 06:17:15  BuildStamp: freesurfer-linux-ubuntu22_x86_64-7.3.2-20220804-6354275  User: oesteban  Machine: dna017  Platform: Linux  PlatformVersion: 5.14.0-427.37.1.el9_4.x86_64  CompilerName: GCC  CompilerVersion: 8.4.0
ProgramName: mris_label2annot  ProgramArguments: mris_label2annot -all-info  ProgramVersion: 7.3.2  TimeStamp: 2026/03/12-17:10:35-GMT  BuildTime: Aug  4 2022 06:17:15  BuildStamp: freesurfer-linux-ubuntu22_x86_64-7.3.2-20220804-6354275  User: oesteban  Machine: dna017  Platform: Linux  PlatformVersion: 5.14.0-427.37.1.el9_4.x86_64  CompilerName: GCC  CompilerVersion: 8.4.0
ProgramName: mris_left_right_register  ProgramArguments: mris_left_right_register -all-info  ProgramVersion: 7.3.2  TimeStamp: 2026/03/12-17:10:35-GMT  BuildTime: Aug  4 2022 06:17:15  BuildStamp: freesurfer-linux-ubuntu22_x86_64-7.3.2-20220804-6354275  User: oesteban  Machine: dna017  Platform: Linux  PlatformVersion: 5.14.0-427.37.1.el9_4.x86_64  CompilerName: GCC  CompilerVersion: 8.4.0
ProgramName: mris_place_surface  ProgramArguments: mris_place_surface -all-info  ProgramVersion: 7.3.2  TimeStamp: 2026/03/12-17:10:35-GMT  BuildTime: Aug  4 2022 06:17:15  BuildStamp: freesurfer-linux-ubuntu22_x86_64-7.3.2-20220804-6354275  User: oesteban  Machine: dna017  Platform: Linux  PlatformVersion: 5.14.0-427.37.1.el9_4.x86_64  CompilerName: GCC  CompilerVersion: 8.4.0
ProgramName: mrisp_paint  ProgramArguments: mrisp_paint -all-info  ProgramVersion: 7.3.2  TimeStamp: 2026/03/12-17:10:35-GMT  BuildTime: Aug  4 2022 06:17:15  BuildStamp: freesurfer-linux-ubuntu22_x86_64-7.3.2-20220804-6354275  User: oesteban  Machine: dna017  Platform: Linux  PlatformVersion: 5.14.0-427.37.1.el9_4.x86_64  CompilerName: GCC  CompilerVersion: 8.4.0
ProgramName: mris_register  ProgramArguments: mris_register -all-info  ProgramVersion: 7.3.2  TimeStamp: 2026/03/12-17:10:35-GMT  BuildTime: Aug  4 2022 06:17:15  BuildStamp: freesurfer-linux-ubuntu22_x86_64-7.3.2-20220804-6354275  User: oesteban  Machine: dna017  Platform: Linux  PlatformVersion: 5.14.0-427.37.1.el9_4.x86_64  CompilerName: GCC  CompilerVersion: 8.4.0
ProgramName: mris_smooth  ProgramArguments: mris_smooth -all-info  ProgramVersion: 7.3.2  TimeStamp: 2026/03/12-17:10:35-GMT  BuildTime: Aug  4 2022 06:17:15  BuildStamp: freesurfer-linux-ubuntu22_x86_64-7.3.2-20220804-6354275  User: oesteban  Machine: dna017  Platform: Linux  PlatformVersion: 5.14.0-427.37.1.el9_4.x86_64  CompilerName: GCC  CompilerVersion: 8.4.0
ProgramName: mris_sphere  ProgramArguments: mris_sphere -all-info  ProgramVersion: 7.3.2  TimeStamp: 2026/03/12-17:10:35-GMT  BuildTime: Aug  4 2022 06:17:15  BuildStamp: freesurfer-linux-ubuntu22_x86_64-7.3.2-20220804-6354275  User: oesteban  Machine: dna017  Platform: Linux  PlatformVersion: 5.14.0-427.37.1.el9_4.x86_64  CompilerName: GCC  CompilerVersion: 8.4.0
ProgramName: mris_surface_stats  ProgramArguments: mris_surface_stats -all-info  ProgramVersion: 7.3.2  TimeStamp: 2026/03/12-17:10:35-GMT  BuildTime: Aug  4 2022 06:17:15  BuildStamp: freesurfer-linux-ubuntu22_x86_64-7.3.2-20220804-6354275  User: oesteban  Machine: dna017  Platform: Linux  PlatformVersion: 5.14.0-427.37.1.el9_4.x86_64  CompilerName: GCC  CompilerVersion: 8.4.0
ProgramName: mri_stats2seg  ProgramArguments: mri_stats2seg -all-info  ProgramVersion: 7.3.2  TimeStamp: 2026/03/12-17:10:35-GMT  BuildTime: Aug  4 2022 06:17:15  BuildStamp: freesurfer-linux-ubuntu22_x86_64-7.3.2-20220804-6354275  User: oesteban  Machine: dna017  Platform: Linux  PlatformVersion: 5.14.0-427.37.1.el9_4.x86_64  CompilerName: GCC  CompilerVersion: 8.4.0
ProgramName: mris_thickness  ProgramArguments: mris_thickness -all-info  ProgramVersion: 7.3.2  TimeStamp: 2026/03/12-17:10:35-GMT  BuildTime: Aug  4 2022 06:17:15  BuildStamp: freesurfer-linux-ubuntu22_x86_64-7.3.2-20220804-6354275  User: oesteban  Machine: dna017  Platform: Linux  PlatformVersion: 5.14.0-427.37.1.el9_4.x86_64  CompilerName: GCC  CompilerVersion: 8.4.0
ProgramName: mris_thickness_diff  ProgramArguments: mris_thickness_diff -all-info  ProgramVersion: 7.3.2  TimeStamp: 2026/03/12-17:10:35-GMT  BuildTime: Aug  4 2022 06:17:15  BuildStamp: freesurfer-linux-ubuntu22_x86_64-7.3.2-20220804-6354275  User: oesteban  Machine: dna017  Platform: Linux  PlatformVersion: 5.14.0-427.37.1.el9_4.x86_64  CompilerName: GCC  CompilerVersion: 8.4.0
ProgramName: mris_topo_fixer  ProgramArguments: mris_topo_fixer -all-info  ProgramVersion: 7.3.2  TimeStamp: 2026/03/12-17:10:35-GMT  BuildTime: Aug  4 2022 06:17:15  BuildStamp: freesurfer-linux-ubuntu22_x86_64-7.3.2-20220804-6354275  User: oesteban  Machine: dna017  Platform: Linux  PlatformVersion: 5.14.0-427.37.1.el9_4.x86_64  CompilerName: GCC  CompilerVersion: 8.4.0
ProgramName: mri_surf2surf  ProgramArguments: mri_surf2surf -all-info  ProgramVersion: 7.3.2  TimeStamp: 2026/03/12-17:10:35-GMT  BuildTime: Aug  4 2022 06:17:15  BuildStamp: freesurfer-linux-ubuntu22_x86_64-7.3.2-20220804-6354275  User: oesteban  Machine: dna017  Platform: Linux  PlatformVersion: 5.14.0-427.37.1.el9_4.x86_64  CompilerName: GCC  CompilerVersion: 8.4.0
ProgramName: mri_surf2vol  ProgramArguments: mri_surf2vol -all-info  ProgramVersion: 7.3.2  TimeStamp: 2026/03/12-17:10:35-GMT  BuildTime: Aug  4 2022 06:17:15  BuildStamp: freesurfer-linux-ubuntu22_x86_64-7.3.2-20220804-6354275  User: oesteban  Machine: dna017  Platform: Linux  PlatformVersion: 5.14.0-427.37.1.el9_4.x86_64  CompilerName: GCC  CompilerVersion: 8.4.0
ProgramName: mri_surfcluster  ProgramArguments: mri_surfcluster -all-info  ProgramVersion: 7.3.2  TimeStamp: 2026/03/12-17:10:35-GMT  BuildTime: Aug  4 2022 06:17:15  BuildStamp: freesurfer-linux-ubuntu22_x86_64-7.3.2-20220804-6354275  User: oesteban  Machine: dna017  Platform: Linux  PlatformVersion: 5.14.0-427.37.1.el9_4.x86_64  CompilerName: GCC  CompilerVersion: 8.4.0
ProgramName: mris_volmask  ProgramArguments: mris_volmask -all-info  ProgramVersion: 7.3.2  TimeStamp: 2026/03/12-17:10:35-GMT  BuildTime: Aug  4 2022 06:17:15  BuildStamp: freesurfer-linux-ubuntu22_x86_64-7.3.2-20220804-6354275  User: oesteban  Machine: dna017  Platform: Linux  PlatformVersion: 5.14.0-427.37.1.el9_4.x86_64  CompilerName: GCC  CompilerVersion: 8.4.0
ProgramName: mri_tessellate  ProgramArguments: mri_tessellate -all-info  ProgramVersion: 7.3.2  TimeStamp: 2026/03/12-17:10:35-GMT  BuildTime: Aug  4 2022 06:17:15  BuildStamp: freesurfer-linux-ubuntu22_x86_64-7.3.2-20220804-6354275  User: oesteban  Machine: dna017  Platform: Linux  PlatformVersion: 5.14.0-427.37.1.el9_4.x86_64  CompilerName: GCC  CompilerVersion: 8.4.0
ProgramName: mri_vol2surf  ProgramArguments: mri_vol2surf -all-info  ProgramVersion: 7.3.2  TimeStamp: 2026/03/12-17:10:35-GMT  BuildTime: Aug  4 2022 06:17:15  BuildStamp: freesurfer-linux-ubuntu22_x86_64-7.3.2-20220804-6354275  User: oesteban  Machine: dna017  Platform: Linux  PlatformVersion: 5.14.0-427.37.1.el9_4.x86_64  CompilerName: GCC  CompilerVersion: 8.4.0
ProgramName: mri_vol2vol  ProgramArguments: mri_vol2vol -all-info  ProgramVersion: 7.3.2  TimeStamp: 2026/03/12-17:10:35-GMT  BuildTime: Aug  4 2022 06:17:15  BuildStamp: freesurfer-linux-ubuntu22_x86_64-7.3.2-20220804-6354275  User: oesteban  Machine: dna017  Platform: Linux  PlatformVersion: 5.14.0-427.37.1.el9_4.x86_64  CompilerName: GCC  CompilerVersion: 8.4.0
ProgramName: mri_voldiff  ProgramArguments: mri_voldiff -all-info  ProgramVersion: 7.3.2  TimeStamp: 2026/03/12-17:10:35-GMT  BuildTime: Aug  4 2022 06:17:15  BuildStamp: freesurfer-linux-ubuntu22_x86_64-7.3.2-20220804-6354275  User: oesteban  Machine: dna017  Platform: Linux  PlatformVersion: 5.14.0-427.37.1.el9_4.x86_64  CompilerName: GCC  CompilerVersion: 8.4.0
ProgramName: mri_watershed  ProgramArguments: mri_watershed -all-info  ProgramVersion: 7.3.2  TimeStamp: 2026/03/12-17:10:35-GMT  BuildTime: Aug  4 2022 06:17:15  BuildStamp: freesurfer-linux-ubuntu22_x86_64-7.3.2-20220804-6354275  User: oesteban  Machine: dna017  Platform: Linux  PlatformVersion: 5.14.0-427.37.1.el9_4.x86_64  CompilerName: GCC  CompilerVersion: 8.4.0
ProgramName: tkregister2  ProgramArguments: tkregister2_cmdl -all-info  ProgramVersion: 7.3.2  TimeStamp: 2026/03/12-17:10:35-GMT  BuildTime: Aug  4 2022 06:17:15  BuildStamp: freesurfer-linux-ubuntu22_x86_64-7.3.2-20220804-6354275  User: oesteban  Machine: dna017  Platform: Linux  PlatformVersion: 5.14.0-427.37.1.el9_4.x86_64  CompilerName: GCC  CompilerVersion: 8.4.0
mri_motion_correct.fsl 7.3.2
mri_convert -all-info 
ProgramName: mri_convert  ProgramArguments: mri_convert -all-info  ProgramVersion: 7.3.2  TimeStamp: 2026/03/12-17:10:35-GMT  BuildTime: Aug  4 2022 06:17:15  BuildStamp: freesurfer-linux-ubuntu22_x86_64-7.3.2-20220804-6354275  User: oesteban  Machine: dna017  Platform: Linux  PlatformVersion: 5.14.0-427.37.1.el9_4.x86_64  CompilerName: GCC  CompilerVersion: 8.4.0
Program nu_correct, built from:
Package MNI N3, version 1.12.0, compiled by nicks@terrier (x86_64-unknown-linux-gnu) on 2015-06-19 at 01:25:34
#######################################
GCADIR /opt/freesurfer/average
GCA RB_all_2020-01-02.gca
GCASkull RB_all_withskull_2020_01_02.gca
AvgCurvTif folding.atlas.acfb40.noaparc.i12.2016-08-02.tif
GCSDIR /opt/freesurfer/average
GCS DKaparc.atlas.acfb40.noaparc.i12.2016-08-02.gcs
#######################################
#--------------------------------------------
#@# WhiteSurfs lh Thu Mar 12 18:10:35 CET 2026
cd /out/sourcedata/freesurfer/sub-v1s20x0050296_ses-1/mri
mris_place_surface --adgws-in ../surf/autodet.gw.stats.lh.dat --seg aseg.presurf.mgz --threads 16 --wm wm.mgz --invol brain.finalsurfs.mgz --lh --i ../surf/lh.white.preaparc --o ../surf/lh.white --white --nsmooth 0 --rip-label ../label/lh.cortex.label --rip-bg --rip-surf ../surf/lh.white.preaparc --aparc ../label/lh.aparc.annot
   Update not needed
#--------------------------------------------
#@# WhiteSurfs rh Thu Mar 12 18:10:35 CET 2026
cd /out/sourcedata/freesurfer/sub-v1s20x0050296_ses-1/mri
mris_place_surface --adgws-in ../surf/autodet.gw.stats.rh.dat --seg aseg.presurf.mgz --threads 16 --wm wm.mgz --invol brain.finalsurfs.mgz --rh --i ../surf/rh.white.preaparc --o ../surf/rh.white --white --nsmooth 0 --rip-label ../label/rh.cortex.label --rip-bg --rip-surf ../surf/rh.white.preaparc --aparc ../label/rh.aparc.annot
   Update not needed
#@# white curv lh Thu Mar 12 18:10:35 CET 2026
cd /out/sourcedata/freesurfer/sub-v1s20x0050296_ses-1/mri
mris_place_surface --curv-map ../surf/lh.white 2 10 ../surf/lh.curv
   Update not needed
#@# white area lh Thu Mar 12 18:10:35 CET 2026
cd /out/sourcedata/freesurfer/sub-v1s20x0050296_ses-1/mri
mris_place_surface --area-map ../surf/lh.white ../surf/lh.area
   Update not needed
#@# pial curv lh Thu Mar 12 18:10:35 CET 2026
cd /out/sourcedata/freesurfer/sub-v1s20x0050296_ses-1/mri
mris_place_surface --curv-map ../surf/lh.pial 2 10 ../surf/lh.curv.pial
   Update not needed
#@# pial area lh Thu Mar 12 18:10:35 CET 2026
cd /out/sourcedata/freesurfer/sub-v1s20x0050296_ses-1/mri
mris_place_surface --area-map ../surf/lh.pial ../surf/lh.area.pial
   Update not needed
#@# thickness lh Thu Mar 12 18:10:35 CET 2026
cd /out/sourcedata/freesurfer/sub-v1s20x0050296_ses-1/mri
mris_place_surface --thickness ../surf/lh.white ../surf/lh.pial 20 5 ../surf/lh.thickness
   Update not needed
#@# area and vertex vol lh Thu Mar 12 18:10:35 CET 2026
cd /out/sourcedata/freesurfer/sub-v1s20x0050296_ses-1/mri
mris_place_surface --thickness ../surf/lh.white ../surf/lh.pial 20 5 ../surf/lh.thickness
   Update not needed
#@# white curv rh Thu Mar 12 18:10:35 CET 2026
cd /out/sourcedata/freesurfer/sub-v1s20x0050296_ses-1/mri
mris_place_surface --curv-map ../surf/rh.white 2 10 ../surf/rh.curv
   Update not needed
#@# white area rh Thu Mar 12 18:10:35 CET 2026
cd /out/sourcedata/freesurfer/sub-v1s20x0050296_ses-1/mri
mris_place_surface --area-map ../surf/rh.white ../surf/rh.area
   Update not needed
#@# pial curv rh Thu Mar 12 18:10:35 CET 2026
cd /out/sourcedata/freesurfer/sub-v1s20x0050296_ses-1/mri
mris_place_surface --curv-map ../surf/rh.pial 2 10 ../surf/rh.curv.pial
   Update not needed
#@# pial area rh Thu Mar 12 18:10:35 CET 2026
cd /out/sourcedata/freesurfer/sub-v1s20x0050296_ses-1/mri
mris_place_surface --area-map ../surf/rh.pial ../surf/rh.area.pial
   Update not needed
#@# thickness rh Thu Mar 12 18:10:35 CET 2026
cd /out/sourcedata/freesurfer/sub-v1s20x0050296_ses-1/mri
mris_place_surface --thickness ../surf/rh.white ../surf/rh.pial 20 5 ../surf/rh.thickness
   Update not needed
#@# area and vertex vol rh Thu Mar 12 18:10:35 CET 2026
cd /out/sourcedata/freesurfer/sub-v1s20x0050296_ses-1/mri
mris_place_surface --thickness ../surf/rh.white ../surf/rh.pial 20 5 ../surf/rh.thickness
   Update not needed

#-----------------------------------------
#@# Curvature Stats lh Thu Mar 12 18:10:35 CET 2026
/out/sourcedata/freesurfer/sub-v1s20x0050296_ses-1/surf

 mris_curvature_stats -m --writeCurvatureFiles -G -o ../stats/lh.curv.stats -F smoothwm sub-v1s20x0050296_ses-1 lh curv sulc 

             Toggling save flag on curvature files                       [ ok ]
                 Outputting results using filestem   [ ../stats/lh.curv.stats ]
             Toggling save flag on curvature files                       [ ok ]
                                   Setting surface [ sub-v1s20x0050296_ses-1/lh.smoothwm ]
                                Reading surface...                       [ ok ]
                                   Setting texture                     [ curv ]
                                Reading texture...                       [ ok ]
                                   Setting texture                     [ sulc ]
                                Reading texture...Gb_filter = 0
                       [ ok ]
      Calculating Discrete Principal Curvatures...
      Determining geometric order for vno faces... [####################] [ ok ]
                      Determining KH curvatures... [####################] [ ok ]
                    Determining k1k2 curvatures... [####################] [ ok ]
                                   deltaViolations                      [ 248 ]
Gb_filter = 0

WARN:    S lookup   min:                          -0.231118
WARN:    S explicit min:                          0.000000	vertex = 395

#-----------------------------------------
#@# Curvature Stats rh Thu Mar 12 18:10:38 CET 2026
/out/sourcedata/freesurfer/sub-v1s20x0050296_ses-1/surf

 mris_curvature_stats -m --writeCurvatureFiles -G -o ../stats/rh.curv.stats -F smoothwm sub-v1s20x0050296_ses-1 rh curv sulc 

             Toggling save flag on curvature files                       [ ok ]
                 Outputting results using filestem   [ ../stats/rh.curv.stats ]
             Toggling save flag on curvature files                       [ ok ]
                                   Setting surface [ sub-v1s20x0050296_ses-1/rh.smoothwm ]
                                Reading surface...                       [ ok ]
                                   Setting texture                     [ curv ]
                                Reading texture...                       [ ok ]
                                   Setting texture                     [ sulc ]
                                Reading texture...Gb_filter = 0
                       [ ok ]
      Calculating Discrete Principal Curvatures...
      Determining geometric order for vno faces... [####################] [ ok ]
                      Determining KH curvatures... [####################] [ ok ]
                    Determining k1k2 curvatures... [####################] [ ok ]
                                   deltaViolations                      [ 318 ]
Gb_filter = 0
#-----------------------------------------
#@# Relabel Hypointensities Thu Mar 12 18:10:40 CET 2026
/out/sourcedata/freesurfer/sub-v1s20x0050296_ses-1/mri

 mri_relabel_hypointensities aseg.presurf.mgz ../surf aseg.presurf.hypos.mgz 

reading input surface ../surf/lh.white...
relabeling lh hypointensities...
2876 voxels changed to hypointensity...
reading input surface ../surf/rh.white...
relabeling rh hypointensities...
2600 voxels changed to hypointensity...
5507 hypointense voxels neighboring cortex changed
#-----------------------------------------
#@# APas-to-ASeg Thu Mar 12 18:10:56 CET 2026
/out/sourcedata/freesurfer/sub-v1s20x0050296_ses-1/mri

 mri_surf2volseg --o aseg.mgz --i aseg.presurf.hypos.mgz --fix-presurf-with-ribbon /out/sourcedata/freesurfer/sub-v1s20x0050296_ses-1/mri/ribbon.mgz --threads 16 --lh-cortex-mask /out/sourcedata/freesurfer/sub-v1s20x0050296_ses-1/label/lh.cortex.label --lh-white /out/sourcedata/freesurfer/sub-v1s20x0050296_ses-1/surf/lh.white --lh-pial /out/sourcedata/freesurfer/sub-v1s20x0050296_ses-1/surf/lh.pial --rh-cortex-mask /out/sourcedata/freesurfer/sub-v1s20x0050296_ses-1/label/rh.cortex.label --rh-white /out/sourcedata/freesurfer/sub-v1s20x0050296_ses-1/surf/rh.white --rh-pial /out/sourcedata/freesurfer/sub-v1s20x0050296_ses-1/surf/rh.pial 

SUBJECTS_DIR /out/sourcedata/freesurfer
outvol aseg.mgz
16 avail.processors, using 16
Loading aseg.presurf.hypos.mgz
Loading /out/sourcedata/freesurfer/sub-v1s20x0050296_ses-1/mri/ribbon.mgz
Loading /out/sourcedata/freesurfer/sub-v1s20x0050296_ses-1/surf/lh.white
Loading /out/sourcedata/freesurfer/sub-v1s20x0050296_ses-1/surf/lh.pial
Loading /out/sourcedata/freesurfer/sub-v1s20x0050296_ses-1/label/lh.cortex.label
Loading /out/sourcedata/freesurfer/sub-v1s20x0050296_ses-1/surf/rh.white
Loading /out/sourcedata/freesurfer/sub-v1s20x0050296_ses-1/surf/rh.pial
Loading /out/sourcedata/freesurfer/sub-v1s20x0050296_ses-1/label/rh.cortex.label
Done loading
208 128 192 224  16  80  96  32 144  48 176 112   0 160 240  64 225 209  17   1 241  49  33 193  65  81 177 226 210  97   2 242  18 161  34  50 129 113 194 145  66 211 227   3 243  19 
 35 178  82  51 195 212 228 162   4  98  67 244  36  20 130 146 179 
196 213 229  52   5  37  68  21  83 245 197 214 230 163 114   6  99 
180  38  53  22 246  69 147 131 198 215 231   7  84  39 
 23 247  54  70 164 181 100   8 216 199 
232 148  40  24 248  55 132  85  71   9 217 200 233  41  25 115 182 165 249  56 149 101 218  10  42  26  72 201 234  86 183 250 219 
 57 133  11  43 202 235  27 166  73 150  87 251 220  12  44  58 184 102 203 236  28 116 221 252 167  13 134  74  88  45 237 185  29  59 
204 151 222  14 253  46 238  30  75 205 103 168 186  60  89 223 135 254  15  47 152 239 
 31 117 206 187  76  61 169  90 255 207 104 153 136 188  62  77  91 170 118 189  63 154  78  92 105 171 137 190 119 
172  79 
155  93 191 138 106 173  94 120 156 174 139 
107  95 157 175 108 121 140 158 109 159 
141 122 110 142 111 143 123 124 125 126 127 
nrelabeled = 173990
ndotcheck = 0
Starting Surf2VolSeg free
free done
#VMPC# mri_surf2volseg VmPeak  1946752
mri_surf2volseg done

 mri_brainvol_stats sub-v1s20x0050296_ses-1 

ComputeBrainVolumeStats2 VoxelVol=1, KeepCSF=1
  #CBVS2 MaskVol              1345341.0
  #CBVS2 BrainSegVol          1123525.0
  #CBVS2 BrainSegVolNotVent   1110075.0
  #CBVS2 SupraTentVol         1002721.0
  #CBVS2 SupraTentVolNotVent   989271.0
  #CBVS2 lhCtxGM               239879.1
  #CBVS2 rhCtxGM               232448.6
  #CBVS2 lhCerebralWM          231192.5
  #CBVS2 rhCerebralWM          226446.5
  #CBVS2 SubCortGMVol           59360.0
  #CBVS2 CerebellumVol         120804.0
  #CBVS2 CerebellumGMVol        95520.0
  #CBVS2 VentChorVol            10357.0
  #CBVS2 3rd4th5thCSF            3093.0
  #CBVS2 AllCSF                 13450.0
  #CBVS2 CCVol                   3675.0
#-----------------------------------------
#@# AParc-to-ASeg aparc Thu Mar 12 18:11:05 CET 2026
/out/sourcedata/freesurfer/sub-v1s20x0050296_ses-1/mri

 mri_surf2volseg --o aparc+aseg.mgz --label-cortex --i aseg.mgz --threads 16 --lh-annot /out/sourcedata/freesurfer/sub-v1s20x0050296_ses-1/label/lh.aparc.annot 1000 --lh-cortex-mask /out/sourcedata/freesurfer/sub-v1s20x0050296_ses-1/label/lh.cortex.label --lh-white /out/sourcedata/freesurfer/sub-v1s20x0050296_ses-1/surf/lh.white --lh-pial /out/sourcedata/freesurfer/sub-v1s20x0050296_ses-1/surf/lh.pial --rh-annot /out/sourcedata/freesurfer/sub-v1s20x0050296_ses-1/label/rh.aparc.annot 2000 --rh-cortex-mask /out/sourcedata/freesurfer/sub-v1s20x0050296_ses-1/label/rh.cortex.label --rh-white /out/sourcedata/freesurfer/sub-v1s20x0050296_ses-1/surf/rh.white --rh-pial /out/sourcedata/freesurfer/sub-v1s20x0050296_ses-1/surf/rh.pial 

SUBJECTS_DIR /out/sourcedata/freesurfer
outvol aparc+aseg.mgz
16 avail.processors, using 16
Loading aseg.mgz
Loading /out/sourcedata/freesurfer/sub-v1s20x0050296_ses-1/surf/lh.white
Loading /out/sourcedata/freesurfer/sub-v1s20x0050296_ses-1/surf/lh.pial
Loading /out/sourcedata/freesurfer/sub-v1s20x0050296_ses-1/label/lh.cortex.label
Ripping lh vertices labeled not in lh.cortex.label
  ripped 8402 vertices from lh hemi
Loading /out/sourcedata/freesurfer/sub-v1s20x0050296_ses-1/label/lh.aparc.annot
Loading /out/sourcedata/freesurfer/sub-v1s20x0050296_ses-1/surf/rh.white
Loading /out/sourcedata/freesurfer/sub-v1s20x0050296_ses-1/surf/rh.pial
Loading /out/sourcedata/freesurfer/sub-v1s20x0050296_ses-1/label/rh.cortex.label
Ripping rh vertices labeled not in rh.cortex.label
  ripped 8015 vertices from rh hemi
Loading /out/sourcedata/freesurfer/sub-v1s20x0050296_ses-1/label/rh.aparc.annot
Done loading
192 112 176 128 240 160 224  96   0 144  48  32 208  16  80  64 209 241  17  49 225   1  33 242 210  18 226  50   2  34 243 211  19 
193 212  20 244 227  51   3  35 194  21 213 245 228  52   4  36 195  22 214 246 229 196  53  23 215 247   5  37  24 230 197 248 216  54   6  38  25 249 217  55 231 198   7  39 
 26 250 218  56  27 232 199 
  8  40 251 219 
 28 233 200 252 220   9  41  57  29 253 221 234 201  10  42  30 254 222 235 202  11  31  43 255 223 236 203  12  44 237 204  13  45  58 205 238  14  46 206 239 
 15  47 207  59 
 60  65  61  62  97  63  66 177  81 145 113 161  67 129  98 178  82  68 146 162 114  99 
179 
 69  83 130 147  70 100 180 163 115  84 181  71 101 148 131 164 182  85  72 102 116 183 165 132 103  73 149  86 184 185 104  74 133 186 166  87 117 187 188 150 189 190 105 191  75 134  88 167 106  76 151 107 118 135  89  77 168 108 136  78  90 152 109 169 119 
137  79 
110  91 153 138 170 111 120  92 139 
154 171  93 121 140 155 172 141 122  94 173 142 156 123  95 143 174 124 157 125 175 126 158 127 159 

nrelabeled = 472270
ndotcheck = 31791
Starting Surf2VolSeg free
free done
#VMPC# mri_surf2volseg VmPeak  1930976
mri_surf2volseg done
#-----------------------------------------
#@# AParc-to-ASeg aparc.a2009s Thu Mar 12 18:11:43 CET 2026
/out/sourcedata/freesurfer/sub-v1s20x0050296_ses-1/mri

 mri_surf2volseg --o aparc.a2009s+aseg.mgz --label-cortex --i aseg.mgz --threads 16 --lh-annot /out/sourcedata/freesurfer/sub-v1s20x0050296_ses-1/label/lh.aparc.a2009s.annot 11100 --lh-cortex-mask /out/sourcedata/freesurfer/sub-v1s20x0050296_ses-1/label/lh.cortex.label --lh-white /out/sourcedata/freesurfer/sub-v1s20x0050296_ses-1/surf/lh.white --lh-pial /out/sourcedata/freesurfer/sub-v1s20x0050296_ses-1/surf/lh.pial --rh-annot /out/sourcedata/freesurfer/sub-v1s20x0050296_ses-1/label/rh.aparc.a2009s.annot 12100 --rh-cortex-mask /out/sourcedata/freesurfer/sub-v1s20x0050296_ses-1/label/rh.cortex.label --rh-white /out/sourcedata/freesurfer/sub-v1s20x0050296_ses-1/surf/rh.white --rh-pial /out/sourcedata/freesurfer/sub-v1s20x0050296_ses-1/surf/rh.pial 

SUBJECTS_DIR /out/sourcedata/freesurfer
outvol aparc.a2009s+aseg.mgz
16 avail.processors, using 16
Loading aseg.mgz
Loading /out/sourcedata/freesurfer/sub-v1s20x0050296_ses-1/surf/lh.white
Loading /out/sourcedata/freesurfer/sub-v1s20x0050296_ses-1/surf/lh.pial
Loading /out/sourcedata/freesurfer/sub-v1s20x0050296_ses-1/label/lh.cortex.label
Ripping lh vertices labeled not in lh.cortex.label
  ripped 8402 vertices from lh hemi
Loading /out/sourcedata/freesurfer/sub-v1s20x0050296_ses-1/label/lh.aparc.a2009s.annot
Loading /out/sourcedata/freesurfer/sub-v1s20x0050296_ses-1/surf/rh.white
Loading /out/sourcedata/freesurfer/sub-v1s20x0050296_ses-1/surf/rh.pial
Loading /out/sourcedata/freesurfer/sub-v1s20x0050296_ses-1/label/rh.cortex.label
Ripping rh vertices labeled not in rh.cortex.label
  ripped 8015 vertices from rh hemi
Loading /out/sourcedata/freesurfer/sub-v1s20x0050296_ses-1/label/rh.aparc.a2009s.annot
Done loading
 32   0 192 176 144 240 208  16 224  64 112 160 128  96  48  80 241 225  33   1 209  17 242 226  49   2  34 210 243 227  18   3  50 211 244 228  35   4 193  19 
 51 245   5 212 229 194  36  20 246   6  52 213 230 195 247  37  21   7  53 248 214 231 196  38   8  22 249  54 215 232 197  39 
  9 250  23  55 233 198  10 251 216  40  24 252 234 199 
 11  56 217  41 235 200  25  12 253 218 201 254  57  26 236  42 255  27 219 
202  13  43  28 203 220 237  14  29 204 221 238  44  15  30 205 222  31 239 
206  45 223 207  46  58  47  59 
 60  65  61  62  97 177  63 145  66 113  81 161  67 129 178  98 146  82 114  68 179 
162  99 
147  69 130  83 115 180  70 163 100 181 148  84 116 131  71 182 101 164  85 183  72 149 102 132 117 184 165 185  86  73 103 186 133 150 187 188 189 190 191 118 166  87  74 104 134 151  75 105  88 167 119 
135  76 106 152  89 136 168  77 107 120  90 137 108 153  78 121 169 138  91 109  79 
122 154 170 139 
110 123  92 155 124 140 111  93 171 125 141 156  94 172 142 126  95 143 157 173 127 174 158 175 159 

nrelabeled = 472270
ndotcheck = 31791
Starting Surf2VolSeg free
free done
#VMPC# mri_surf2volseg VmPeak  1931076
mri_surf2volseg done
#-----------------------------------------
#@# AParc-to-ASeg aparc.DKTatlas Thu Mar 12 18:12:19 CET 2026
/out/sourcedata/freesurfer/sub-v1s20x0050296_ses-1/mri

 mri_surf2volseg --o aparc.DKTatlas+aseg.mgz --label-cortex --i aseg.mgz --threads 16 --lh-annot /out/sourcedata/freesurfer/sub-v1s20x0050296_ses-1/label/lh.aparc.DKTatlas.annot 1000 --lh-cortex-mask /out/sourcedata/freesurfer/sub-v1s20x0050296_ses-1/label/lh.cortex.label --lh-white /out/sourcedata/freesurfer/sub-v1s20x0050296_ses-1/surf/lh.white --lh-pial /out/sourcedata/freesurfer/sub-v1s20x0050296_ses-1/surf/lh.pial --rh-annot /out/sourcedata/freesurfer/sub-v1s20x0050296_ses-1/label/rh.aparc.DKTatlas.annot 2000 --rh-cortex-mask /out/sourcedata/freesurfer/sub-v1s20x0050296_ses-1/label/rh.cortex.label --rh-white /out/sourcedata/freesurfer/sub-v1s20x0050296_ses-1/surf/rh.white --rh-pial /out/sourcedata/freesurfer/sub-v1s20x0050296_ses-1/surf/rh.pial 

SUBJECTS_DIR /out/sourcedata/freesurfer
outvol aparc.DKTatlas+aseg.mgz
16 avail.processors, using 16
Loading aseg.mgz
Loading /out/sourcedata/freesurfer/sub-v1s20x0050296_ses-1/surf/lh.white
Loading /out/sourcedata/freesurfer/sub-v1s20x0050296_ses-1/surf/lh.pial
Loading /out/sourcedata/freesurfer/sub-v1s20x0050296_ses-1/label/lh.cortex.label
Ripping lh vertices labeled not in lh.cortex.label
  ripped 8402 vertices from lh hemi
Loading /out/sourcedata/freesurfer/sub-v1s20x0050296_ses-1/label/lh.aparc.DKTatlas.annot
Loading /out/sourcedata/freesurfer/sub-v1s20x0050296_ses-1/surf/rh.white
Loading /out/sourcedata/freesurfer/sub-v1s20x0050296_ses-1/surf/rh.pial
Loading /out/sourcedata/freesurfer/sub-v1s20x0050296_ses-1/label/rh.cortex.label
Ripping rh vertices labeled not in rh.cortex.label
  ripped 8015 vertices from rh hemi
Loading /out/sourcedata/freesurfer/sub-v1s20x0050296_ses-1/label/rh.aparc.DKTatlas.annot
Done loading
 48 112 208  64 192   0 144  16  96  32 128 240 224 176  80 160  33 241 209   1  17  49  34 225   2  18 242  50 210  35 193 226  19 
 51   3 243 211  36 194 227  20  52   4 244  37 212 195 228  21  53  38   5 245 213 196 229  22  54  39 
  6  23 246 214 197 230  55  40   7  24 247  56 215 231  41  25 198   8 248 232 216  42  57  26 199 
233   9  43 249 217  27 234  10  44 250 218  28 200 235  11  29  45 251 219 
201 236  12  30  46 252 237 220 202 238  13  47  31 253 221 203  58 239 
 14 254 222 204  15 255 223 205 206 207  59 
 60  65  61  62  97  66  81 145  63 177 113 161  67 129  98 146  82  68 178 114 162  99 
147  83  69 179 
130 100 163 180  70 115 148  84 181 101 131  71 164 182 149 116  85 102 183  72 132 165 184 150 103  86 185 133  73 117 186 166 187 104 188 189 151 190 191 134  87  74 105 167 118 135 152  75  88 106 136  76 168 153 107  89 119 
137  77 108 154 169 138  90  78 109 139 
170 120 155  91  79 
140 110 121 171 156 141  92 111 122 142 172 157  93 143 123 173  94 158 124 174  95 125 159 
175 126 127 
nrelabeled = 472270
ndotcheck = 31791
Starting Surf2VolSeg free
free done
#VMPC# mri_surf2volseg VmPeak  1930988
mri_surf2volseg done
#-----------------------------------------
#@# WMParc Thu Mar 12 18:12:57 CET 2026
/out/sourcedata/freesurfer/sub-v1s20x0050296_ses-1/mri

 mri_surf2volseg --o wmparc.mgz --label-wm --i aparc+aseg.mgz --threads 16 --lh-annot /out/sourcedata/freesurfer/sub-v1s20x0050296_ses-1/label/lh.aparc.annot 3000 --lh-cortex-mask /out/sourcedata/freesurfer/sub-v1s20x0050296_ses-1/label/lh.cortex.label --lh-white /out/sourcedata/freesurfer/sub-v1s20x0050296_ses-1/surf/lh.white --lh-pial /out/sourcedata/freesurfer/sub-v1s20x0050296_ses-1/surf/lh.pial --rh-annot /out/sourcedata/freesurfer/sub-v1s20x0050296_ses-1/label/rh.aparc.annot 4000 --rh-cortex-mask /out/sourcedata/freesurfer/sub-v1s20x0050296_ses-1/label/rh.cortex.label --rh-white /out/sourcedata/freesurfer/sub-v1s20x0050296_ses-1/surf/rh.white --rh-pial /out/sourcedata/freesurfer/sub-v1s20x0050296_ses-1/surf/rh.pial 

SUBJECTS_DIR /out/sourcedata/freesurfer
outvol wmparc.mgz
16 avail.processors, using 16
Loading aparc+aseg.mgz
Loading /out/sourcedata/freesurfer/sub-v1s20x0050296_ses-1/surf/lh.white
Loading /out/sourcedata/freesurfer/sub-v1s20x0050296_ses-1/surf/lh.pial
Loading /out/sourcedata/freesurfer/sub-v1s20x0050296_ses-1/label/lh.cortex.label
Ripping lh vertices labeled not in lh.cortex.label
  ripped 8402 vertices from lh hemi
Loading /out/sourcedata/freesurfer/sub-v1s20x0050296_ses-1/label/lh.aparc.annot
Loading /out/sourcedata/freesurfer/sub-v1s20x0050296_ses-1/surf/rh.white
Loading /out/sourcedata/freesurfer/sub-v1s20x0050296_ses-1/surf/rh.pial
Loading /out/sourcedata/freesurfer/sub-v1s20x0050296_ses-1/label/rh.cortex.label
Ripping rh vertices labeled not in rh.cortex.label
  ripped 8015 vertices from rh hemi
Loading /out/sourcedata/freesurfer/sub-v1s20x0050296_ses-1/label/rh.aparc.annot
Done loading
208 112 128 144  64 224  48  80 176  16  96 192 240  32   0 160 209 193  49   1  17 225 241 210 194  18 226  33   2  50 211 242 195  19 
  3  34 212  51  20   4 243 196  21  35 227   5 244  52 213  22  36   6  65 245 197 228  53 214  23  37   7 198 229  24  38  54   8 246  25  39 
215 230   9  55 247  26 216 199 
 10 231 248  27  56 217 200  11  40 249  28 232 201  57  12  41 250  29 218 233 202  66  13  58 251  30 219 
203  14 234 252  42  31 220  59 
 15 253  43 235 221 204  60 254  44 222 236 205 255  45 223  61 237  46 206  47 238 207  67 239 
129  62  81  63 177  68 145 161 178  69 113  97  82 130  70 179 
 71 180  72 162 181  83 131 146 114 182  73  98 183  84 184 185  74 163 132 186 187 188 189 190 191 147 115  75  85 164 133  99 
 76 148 116  86  77 165 134 149 117 100  78  87 166 135 150  79 
118  88 136 167 119 
101 151  89 120 121 168 122 137 152 123 102 124  90 169 153 138 125 126 170  91 127 103 171 154 139 
 92 172 173 155  93 140 104 174  94 175 156 141  95 157 105 142 158 106 143 159 
107 108 109 110 111 
nrelabeled = 453964
ndotcheck = 3558
Starting Surf2VolSeg free
free done
#VMPC# mri_surf2volseg VmPeak  1930976
mri_surf2volseg done

 mri_segstats --seed 1234 --seg mri/wmparc.mgz --sum stats/wmparc.stats --pv mri/norm.mgz --excludeid 0 --brainmask mri/brainmask.mgz --in mri/norm.mgz --in-intensity-name norm --in-intensity-units MR --subject sub-v1s20x0050296_ses-1 --surf-wm-vol --ctab /opt/freesurfer/WMParcStatsLUT.txt --etiv 

setting seed for random number genererator to 1234

7.3.2
cwd 
cmdline mri_segstats --seed 1234 --seg mri/wmparc.mgz --sum stats/wmparc.stats --pv mri/norm.mgz --excludeid 0 --brainmask mri/brainmask.mgz --in mri/norm.mgz --in-intensity-name norm --in-intensity-units MR --subject sub-v1s20x0050296_ses-1 --surf-wm-vol --ctab /opt/freesurfer/WMParcStatsLUT.txt --etiv 
sysname  Linux
hostname dna017
machine  x86_64
user     oesteban
whitesurfname  white
UseRobust  0
atlas_icv (eTIV) = 1517516 mm^3    (det: 1.283746 )
Loading mri/wmparc.mgz
Getting Brain Volume Statistics
Loading mri/norm.mgz
Loading mri/norm.mgz
Voxel Volume is 1 mm^3
Generating list of segmentation ids
Found 390 segmentations
Computing statistics for each segmentation

Reporting on  70 segmentations
Using PrintSegStat
mri_segstats done
#--------------------------------------------
#@# ASeg Stats Thu Mar 12 18:16:55 CET 2026
/out/sourcedata/freesurfer/sub-v1s20x0050296_ses-1

 mri_segstats --seed 1234 --seg mri/aseg.mgz --sum stats/aseg.stats --pv mri/norm.mgz --empty --brainmask mri/brainmask.mgz --brain-vol-from-seg --excludeid 0 --excl-ctxgmwm --supratent --subcortgray --in mri/norm.mgz --in-intensity-name norm --in-intensity-units MR --etiv --surf-wm-vol --surf-ctx-vol --totalgray --euler --ctab /opt/freesurfer/ASegStatsLUT.txt --subject sub-v1s20x0050296_ses-1 

setting seed for random number genererator to 1234

7.3.2
cwd 
cmdline mri_segstats --seed 1234 --seg mri/aseg.mgz --sum stats/aseg.stats --pv mri/norm.mgz --empty --brainmask mri/brainmask.mgz --brain-vol-from-seg --excludeid 0 --excl-ctxgmwm --supratent --subcortgray --in mri/norm.mgz --in-intensity-name norm --in-intensity-units MR --etiv --surf-wm-vol --surf-ctx-vol --totalgray --euler --ctab /opt/freesurfer/ASegStatsLUT.txt --subject sub-v1s20x0050296_ses-1 
sysname  Linux
hostname dna017
machine  x86_64
user     oesteban
whitesurfname  white
UseRobust  0
atlas_icv (eTIV) = 1517516 mm^3    (det: 1.283746 )
Computing euler number
orig.nofix lheno =  -32, rheno = -50
orig.nofix lhholes =   17, rhholes = 26
Loading mri/aseg.mgz
Getting Brain Volume Statistics
Loading mri/norm.mgz
Loading mri/norm.mgz
Voxel Volume is 1 mm^3
Generating list of segmentation ids
Found  50 segmentations
Computing statistics for each segmentation

Reporting on  45 segmentations
Using PrintSegStat
mri_segstats done

Started at Thu Mar 12 18:10:34 CET 2026 
Ended   at Thu Mar 12 18:17:36 CET 2026
#@#%# recon-all-run-time-hours 0.117
recon-all -s sub-v1s20x0050296_ses-1 finished without error at Thu Mar 12 18:17:36 CET 2026
