global_signal	global_signal_derivative1	global_signal_power2	global_signal_derivative1_power2	csf	csf_derivative1	csf_power2	csf_derivative1_power2	white_matter	white_matter_derivative1	white_matter_power2	white_matter_derivative1_power2	csf_wm	tcompcor	std_dvars	dvars	framewise_displacement	rmsd	t_comp_cor_00	t_comp_cor_01	t_comp_cor_02	c_comp_cor_00	c_comp_cor_01	c_comp_cor_02	c_comp_cor_03	c_comp_cor_04	c_comp_cor_05	w_comp_cor_00	w_comp_cor_01	w_comp_cor_02	w_comp_cor_03	w_comp_cor_04	w_comp_cor_05	w_comp_cor_06	w_comp_cor_07	w_comp_cor_08	w_comp_cor_09	w_comp_cor_10	w_comp_cor_11	a_comp_cor_00	a_comp_cor_01	a_comp_cor_02	a_comp_cor_03	a_comp_cor_04	a_comp_cor_05	a_comp_cor_06	a_comp_cor_07	a_comp_cor_08	a_comp_cor_09	a_comp_cor_10	a_comp_cor_11	edge_comp_00	edge_comp_01	edge_comp_02	edge_comp_03	edge_comp_04	edge_comp_05	edge_comp_06	edge_comp_07	edge_comp_08	edge_comp_09	edge_comp_10	edge_comp_11	edge_comp_12	edge_comp_13	edge_comp_14	edge_comp_15	edge_comp_16	edge_comp_17	edge_comp_18	edge_comp_19	edge_comp_20	edge_comp_21	edge_comp_22	edge_comp_23	cosine00	cosine01	cosine02	cosine03	cosine04	cosine05	cosine06	cosine07	trans_x	trans_x_derivative1	trans_x_power2	trans_x_derivative1_power2	trans_y	trans_y_derivative1	trans_y_derivative1_power2	trans_y_power2	trans_z	trans_z_derivative1	trans_z_derivative1_power2	trans_z_power2	rot_x	rot_x_derivative1	rot_x_derivative1_power2	rot_x_power2	rot_y	rot_y_derivative1	rot_y_derivative1_power2	rot_y_power2	rot_z	rot_z_derivative1	rot_z_derivative1_power2	rot_z_power2	motion_outlier00	motion_outlier01	motion_outlier02	motion_outlier03	motion_outlier04	motion_outlier05	motion_outlier06	motion_outlier07	motion_outlier08	motion_outlier09	motion_outlier10	motion_outlier11	motion_outlier12	motion_outlier13	motion_outlier14	motion_outlier15	motion_outlier16	motion_outlier17	motion_outlier18	motion_outlier19
1768.853034625402	n/a	3128841.0581034934	n/a	2200.2376129843974	n/a	4841045.553591279	n/a	1864.603655541849	n/a	3476746.7922600266	n/a	1922.2982900582108	1764.821010893425	n/a	n/a	n/a	n/a	-0.0221762583	-0.0417784407	-0.0193581791	0.0266398607	-0.0453579448	0.042215118	-0.0232872244	0.069275407	0.1052443771	0.0126638627	-0.0045129998	0.0024819932	-0.0168336848	0.0203760241	-0.0627140349	-0.0275475911	0.0190809772	-0.0438536055	0.0243613015	-0.0545776716	0.0432860952	0.0167090587	-0.0267962758	0.0343034775	-0.0626228725	0.0362790891	-0.0279376799	0.0337404073	-0.031810466	0.0424396823	-0.0157576091	0.008020562	-0.0324017202	-0.0082399777	-0.0332359462	0.0187975658	-0.0032012561	0.032858692	-0.0364954278	0.0130633494	0.052558435	-0.0025017814	0.0587368101	-0.0476877224	0.0302307852	-0.0047132311	0.0267635747	-0.0147790657	0.0169631257	-0.0118527979	0.0633848907	-0.0764760684	0.0231655852	-0.0348441952	0.0338777255	-9.398e-07	-0.0049310255	0.0816485389	0.0816451812	0.0816395852	0.081631751	0.0816216788	0.0816093689	0.0815948217	0.0815780375	0.0004027887868431	n/a	1.6223880680653626e-07	n/a	-0.0223331060856963	n/a	n/a	0.0004987676274349	-0.0414920132624914	n/a	n/a	0.0017215871645747	0.0006352464106702	n/a	n/a	4.035380022693724e-07	-0.0014551120120063	n/a	n/a	2.1173509674850225e-06	-0.0003490385113352	n/a	n/a	1.2182788239509258e-07	0.0	0.0	0.0	0.0	0.0	0.0	0.0	0.0	0.0	0.0	0.0	0.0	0.0	0.0	0.0	0.0	0.0	0.0	0.0	0.0
1766.9435437308966	-1.9094908945053248	3122089.486732299	3.6461554761987456	2173.379577463324	-26.85803552107336	4723578.787734657	721.3540720512384	1865.4086500022845	0.8049944604354096	3479749.4315033457	0.6480160813316962	1912.7790438782936	1752.4464658840868	0.974159	26.08005	0.0706800566921171	0.0357175981637682	-0.0131602992	-0.0265297746	0.0929157689	0.0071984408	-0.0129657473	0.034783476	0.0701993122	-0.046863608	0.0633217606	0.0221840883	-0.004724055	-0.0047094017	-0.016277419	0.0183470328	-0.0028940118	-0.0065002938	0.0156663054	-0.0268109118	0.0245413236	0.044225501	-0.0318930097	0.017400502	0.0055416075	-0.0383570154	0.0569848161	0.066333561	-0.0220492171	-0.0001022901	-0.0293071253	0.0082799841	-0.0286106059	0.0203293893	0.0120320877	-0.0005837075	-0.0365899857	-0.0007379501	0.0017812201	0.0318143427	-0.0168967211	-0.0496355456	-0.0064569776	-0.0738911211	0.0054265138	-0.0232995495	0.028363712	0.0677936874	0.0082262422	-0.012808218	-0.0281191159	-0.0089143347	0.0559240242	-0.0559934365	0.0163536062	-0.0154974577	0.0204463357	0.0209997382	-0.0669368274	0.0816395852	0.0816093689	0.0815590168	0.0814885411	0.0813979594	0.081287294	0.0811565722	0.0810058262	0.0016259907573754	0.0012232019705322	2.6438459430702265e-06	1.4962230607141017e-06	-0.0148966585190066	0.0074364475666896	5.530075241212515e-05	0.0002219104350318	-0.0169243059891712	0.0245677072733201	0.0006035722406675	0.000286432133215	0.0010546566065231	0.0004194101958528	1.759049123853679e-07	1.1123005576828207e-06	-0.0017372103241541	-0.0002820983121477	7.957945771663759e-08	3.017899710347593e-06	-0.000396584000966	-4.754548963080001e-05	2.260573584232511e-09	1.572788698222003e-07	0.0	0.0	0.0	0.0	0.0	0.0	0.0	0.0	0.0	0.0	0.0	0.0	0.0	0.0	0.0	0.0	0.0	0.0	0.0	0.0
1766.667256235986	-0.276287494910548	3121113.194256387	0.0763347798439461	2162.963853489269	-10.415723974055254	4678412.631501147	108.48730590370936	1862.7672219081232	-2.641428094161256	3469901.7230153074	6.977142376624365	1909.6559965245865	1750.0540951633575	0.955618	25.58367	0.0786710453349779	0.04057380309251	-0.0157070693	-0.0013747745	0.0009936405	0.0068475784	0.1008494803	0.0278255878	0.0244621376	-0.0100456546	-0.0271200329	0.0079578035	-0.0234873511	-0.038315462	-0.0553637392	0.0270710126	-0.0506875206	0.0090273449	0.0150913909	0.0262285084	0.0298555789	-0.045236455	0.0396963541	0.0080193249	-0.0146338421	-0.0193895398	0.0571714578	-0.0480508335	-0.0471851068	0.0207012104	-0.0434814892	0.0359941854	-0.0091344201	0.0770328872	-0.0199278042	-0.009197528	-0.0126072871	0.0167188941	-0.0020451177	-0.002887627	-0.0268363584	-0.0145940398	-0.0001775501	-0.0575688493	0.0109655233	0.0210816737	-0.0787688079	0.0839920022	-0.0027405984	-0.0394664762	0.0401864071	-0.0763387019	0.0553796131	-0.02962203	0.0723276982	0.0043368339	-0.0059484408	0.0709766366	0.0199921201	0.0816216788	0.0815377601	0.0813979594	0.0812023727	0.0809511339	0.0806444153	0.080282427	0.0798654172	-0.0034104983690497	-0.0050364891264251	1.1631499125290663e-05	2.5366222720598272e-05	-0.0180976423868344	-0.0032009838678277	1.0246297722093813e-05	0.0003275246599617	0.0001593543869589	0.0170836603761301	0.0002918514518469	2.5393820643046838e-08	0.0007046724702711	-0.0003499841362519	1.2248889562805846e-07	4.965632903579743e-07	-0.0011796966555823	0.0005575136685717	3.108214906443867e-07	1.391684199192064e-06	-0.0005560844354341	-0.000159500434468	2.5440388595512657e-08	3.092298993320617e-07	0.0	0.0	0.0	0.0	0.0	0.0	0.0	0.0	0.0	0.0	0.0	0.0	0.0	0.0	0.0	0.0	0.0	0.0	0.0	0.0
1761.995397826282	-4.6718584097041	3104627.7819609977	21.826261000322926	2176.375434702093	13.41158121282433	4736610.032774725	179.87051062818253	1863.1450873480903	0.3778654399670813	3471309.616509323	0.1427822907215159	1918.1251869351256	1760.7727270114283	0.947712	25.372005	0.087437621319172	0.0451749943073504	-0.0201935726	-0.0134988336	-0.0618442197	0.0060422199	0.0530183364	0.0498468137	-0.0594630504	0.0097274618	-0.0390670996	0.0071693561	-0.0117056137	-0.0341181574	-0.0395123178	-0.0088178906	-0.0370086397	-0.0259759411	0.023712051	0.025079414	0.0144781112	-0.035596895	0.0612084822	0.011135516	-0.0152653173	0.0403144796	-0.0183182834	-0.0475216936	-0.055036463	0.0179540594	-0.0119142674	0.0157796457	-0.0384971216	0.1029301948	-0.0539672805	-0.0085350909	-0.0185164622	0.0021796986	-0.007591914	-0.0058152772	-0.0306596884	0.0023630739	0.0327226685	0.0614436407	0.0529966892	0.0119915701	-0.0440355688	0.021739334	-0.0046078358	-0.0354185997	-0.0102854173	-0.0915632918	-0.0236321963	-0.0190036735	0.0430105466	-0.0219724882	0.0497707864	0.0503764053	-0.0348406267	0.0815948217	0.0814303861	0.0811565722	0.0807737477	0.080282427	0.0796832699	0.0789770813	0.0781648097	-0.0198927969517797	-0.01648229858273	0.0003957233705647	0.0002716661665702	-0.0105392559077301	0.0075583864791042	5.712920616750667e-05	0.0001110759150886	0.0263223074866516	0.0261629530996927	0.0006845001148967	0.0006928638714218	0.0012582382524462	0.0005535657821751	3.064350751951304e-07	1.5831634999188677e-06	-0.0010378196252729	0.0001418770303094	2.0129091729414426e-08	1.077069574601583e-06	-0.0005068475847657	4.923685066840001e-05	2.424267463742322e-09	2.568944741828235e-07	0.0	0.0	0.0	0.0	0.0	0.0	0.0	0.0	0.0	0.0	0.0	0.0	0.0	0.0	0.0	0.0	0.0	0.0	0.0	0.0
1763.5924120568395	1.5970142305575337	3110258.1958644614	2.550454452603271	2175.5269118222323	-0.8485228798608659	4732917.344062779	0.7199910776473776	1864.9087263854624	1.7636390373720587	3477884.5577486474	3.110422654142642	1916.523140701593	1719.262424567858	1.074723	28.772335	0.1101282223650968	0.05700968928564	-0.0049449336	-0.030110214	-0.0116308919	0.0113684222	-0.0500558489	0.0209552968	-0.0183926948	0.0764048244	0.032647784	0.0155683227	-0.0227156875	0.0083622982	-0.0305847357	0.0083980558	-0.035064283	0.0248840428	0.0073195127	-0.0078927697	-0.0618185957	-0.0708415692	-0.0339785926	0.0187809923	-0.0313369952	0.0273845785	-0.0588981305	0.0270403266	0.0303363444	0.060600149	-0.0231483792	-0.0051816087	-0.0126455571	-0.0573440353	-0.0056760471	-0.0056990147	-0.0267031885	0.0153933709	0.0008098327	0.0180949335	-0.0159343189	0.0075389866	0.0225499904	-0.0007286705	0.021296937	-0.0159616514	0.0157077596	-0.0659797908	0.038760517	-0.0238850226	-0.0059476506	-0.0598854667	0.0134827172	-0.0030982419	-0.009401299	0.0021756305	-0.0593267694	0.0190050594	-0.031763694	0.0815590168	0.081287294	0.0808350932	0.0802034182	0.0793936715	0.0784076511	0.0772475461	0.0759159322	0.002672938722668	0.0225657356744477	7.144601415138038e-06	0.000509212426529	-0.0166843644638561	-0.0061451085561259	3.776235916657296e-05	0.0002783680175627	-0.0100279633901365	-0.0363502708767881	0.0013213421928158	0.0001005600497539	0.000605116581691	-0.0006531216707552	4.26567916810064e-07	3.661660774374007e-07	-0.001083715131434	-4.589550616110002e-05	2.1063974857835704e-09	1.174438486099012e-06	-0.0007091725530041	-0.0002023249682383	4.0935392772669564e-08	5.02925709934353e-07	0.0	0.0	0.0	0.0	0.0	0.0	0.0	0.0	0.0	0.0	0.0	0.0	0.0	0.0	0.0	0.0	0.0	0.0	0.0	0.0
1760.5011730493125	-3.091239007527065	3099364.380308005	9.555758601656914	2167.3690348538485	-8.157876968383789	4697488.533243302	66.55095663128668	1859.476679216352	-5.432047169110319	3457653.5205494724	29.50713644743944	1910.8936516256888	1744.7629226800314	1.157919	30.999662	0.0688601216755074	0.0342677738592597	-0.0031752223	-0.0258728678	0.0928553566	0.0073400502	-0.0311783412	0.022985235	0.0342544189	-0.0826214666	0.0889376245	0.0021295189	0.0052405544	-0.0219350818	-0.0176296948	-0.0464421198	0.0093369588	-0.0347567596	-0.0396968618	0.0102870932	0.0402450352	0.0743448285	0.0038517036	0.0005179311	0.0201257134	-0.0196960757	0.053862238	0.051221361	-0.0408702743	-0.0342730389	0.0145255637	-0.008945858	0.0244523157	0.0405293212	0.0255124734	0.0022247176	-0.0320764587	0.0070124959	0.0013895365	-0.0053888327	-0.0178000415	-0.0431048864	-0.0674501476	-0.0240991604	-0.0170145412	-0.0157899969	0.0560036762	0.0139940555	0.0953377588	0.0108476328	0.0396303951	-0.01919356	-0.0222853106	-0.0063728076	-0.1261031322	0.1122433899	0.1886011021	-0.0994553896	0.1457122968	0.081514268	0.0811085467	0.0804338397	0.0794923845	0.0782873035	0.0768225931	0.0751031108	0.073134559	-0.0028509544674477	-0.0055238931901156	8.12794137546e-06	3.05133959758066e-05	0.0002993964367306	0.0169837609005867	0.0002884481343282	8.963822632698018e-08	-0.0098509421293115	0.0001770212608249	3.133652678407265e-08	9.70410608350442e-05	0.0010961525910495	0.0004910360093584	2.411163624867208e-07	1.201550502864532e-06	-0.0013297871643049	-0.0002460720328708	6.055144536121729e-08	1.768333902350067e-06	-0.0005227716687539	0.0001864008842501	3.4745289649256446e-08	2.7329021765173735e-07	0.0	0.0	0.0	0.0	0.0	0.0	0.0	0.0	0.0	0.0	0.0	0.0	0.0	0.0	0.0	0.0	0.0	0.0	0.0	0.0
1756.0958103935536	-4.405362655758836	3083872.495281792	19.407220128754545	2159.828196698969	-7.540838154879566	4664857.83925592	56.864240078087455	1862.2773544579225	2.8006752415703886	3468076.9449267983	7.843781808745355	1911.8094204771755	1743.1489361113152	1.096234	29.348217	0.0577521376534227	0.0283544801082349	-0.0082350427	-0.0079620977	0.0549073905	-0.0059519087	0.0135296847	0.008375461	0.0161025266	-0.0618971994	0.0093472942	0.0084967197	-0.0162625019	-0.0097308259	-0.018426313	-0.0319495657	0.0065956113	-0.1039260629	0.0152898881	-0.0404174032	0.0620443046	0.0311124044	-0.0406324013	0.0070447348	-0.014039902	-0.0064137269	0.0402509877	0.0152686965	-0.0408920766	0.0042577333	0.0190592345	0.0178918525	0.0173870752	0.043738928	0.0359564399	-0.0060040991	-0.0130962814	0.0196583964	0.0068817497	-0.0195081523	-0.0332399967	-0.039441989	-0.0638772358	-0.0545229929	-0.0211363521	0.0172218787	-0.0172392651	0.0295639581	-0.0365731429	0.0047965749	-0.0309390318	-0.0102547419	0.0385522012	-0.0117367248	0.0348907634	-0.0258329819	0.0153130768	0.0595868987	-0.0598552155	0.0814605803	0.0808942224	0.0799532077	0.0786418943	0.0769663555	0.0749343514	0.0725552932	0.0698401994	0.0031052339838737	0.0059561884513214	9.642478094604132e-06	3.5476180867654415e-05	-0.0039284308108733	-0.0042278272476039	1.787452323558197e-05	1.5432568635818652e-05	-0.001044119242259	0.0088068228870525	7.756012936391172e-05	1.0901849920555083e-06	0.000943929305941	-0.0001522232851084	2.3171928529223652e-08	8.91002534614258e-07	-0.0011649637057502	0.0001648234585547	2.7166772489932907e-08	1.3571404357152386e-06	-0.0009809509064396	-0.0004581792376856	2.0992821384624918e-07	9.622646808446728e-07	0.0	0.0	0.0	0.0	0.0	0.0	0.0	0.0	0.0	0.0	0.0	0.0	0.0	0.0	0.0	0.0	0.0	0.0	0.0	0.0
1758.5849810190798	2.489170625526185	3092621.135465877	6.19597040298242	2153.4518800215287	-6.3763166774401725	4637354.999568257	40.65741437100168	1860.25829578422	-2.019058673702375	3460560.92703401	4.076597927852793	1906.360038727405	1709.2584401455	0.960763	25.721409	0.0900227650242316	0.0560844212919377	0.0032414642	0.0075653258	-0.0025943399	-0.0084064209	0.0692809073	0.0227183389	0.0271480221	-0.0358448167	-0.0500129088	0.0060884015	0.0066399294	-0.0227140264	-0.0287461008	-0.0035196632	0.0094031809	0.0538153831	-0.0464802554	0.0730028835	0.0102505965	-0.0742203224	0.033107434	0.0036913919	-0.0001727921	-0.0127623379	0.0482061545	-0.0613020718	0.0019972052	0.0248955413	-0.0205037497	-0.029841344	0.0414026289	-0.0096732981	0.0049741702	-0.0021255156	-0.0134372922	0.0004935139	-0.0001769194	-0.0019913936	-0.0147494054	-0.0233658974	-0.0007189246	0.0065052202	-0.0182062229	0.0488995777	-0.055775814	0.0177139961	-0.0126045051	0.0093752808	0.027391825	0.0149885778	0.0150613812	-0.0201061561	0.0065211673	0.0403045348	-0.0743018405	0.044344689	0.0274405972	0.0813979594	0.0806444153	0.0793936715	0.0776534394	0.0754344479	0.0727503781	0.0696177779	0.066055961	0.0003813512703771	-0.0027238827134966	1.45428791418228e-07	7.419537036885602e-06	-0.0258343733938914	-0.0219059425830181	0.0004798703204504	0.000667414848655	-0.002646078675653	-0.001601959433394	2.566274026240026e-06	7.001732357745535e-06	7.616274344264144e-05	-0.0008677665624983	7.530188069902176e-07	5.800763488709621e-09	-0.0011690219813673	-4.058275617100033e-06	1.6469600984348652e-11	1.366612392919928e-06	-0.0005769561386686	0.0004039947677709	1.6321177238634418e-07	3.3287838594738085e-07	0.0	0.0	0.0	0.0	0.0	0.0	0.0	0.0	0.0	0.0	0.0	0.0	0.0	0.0	0.0	0.0	0.0	0.0	0.0	0.0
1759.1569692589017	0.5719882398218488	3094633.2424921645	0.3271705464944968	2155.3299772089176	1.878097187388903	4645447.310655394	3.527249045278108	1859.9281459161407	-0.3301498680793884	3459332.7079710527	0.1089989353928375	1908.5138195561428	1735.642431989783	0.957104	25.623459	0.0800619308082261	0.0426414833605272	-0.0108191625	-0.0176500166	-0.1175775444	0.0030124959	0.0472355516	0.0341596137	-0.0096738274	0.0371179405	-0.081388867	0.0035528935	0.0095733284	-0.0390902063	-0.0476377355	-0.0016508574	-0.0279574264	0.0297960591	-0.0232623387	0.0107973633	-0.0109532778	-0.0190198854	0.0878214459	0.0028388798	-0.0104745152	0.0560164629	-0.0167336842	-0.0867642217	-0.0087795964	0.0659672199	-0.0287659002	-0.0214278547	-0.0327407006	-0.0004065232	-0.0692864896	-0.0077963603	-0.0074518677	0.0096193027	-0.0056830278	0.0007547896	0.0072960177	0.0288063499	0.04616657	0.0833090911	0.0164401069	0.0568124437	-0.0744596221	-0.001616524	-0.0432771652	0.0196504265	-0.0494756668	0.023237014	0.0536729983	-0.0284800932	0.0411911537	-0.0317877658	-0.0295457938	-0.0212583895	-0.0051052288	0.0813264124	0.0803592349	0.0787557834	0.076528754	0.0736957799	0.0702792922	0.0663063423	0.0618083875	-0.0218033109581767	-0.0221846622285538	0.0004753843687389	0.000492159238195	-0.0179589854639345	0.0078753879299569	6.202173504731084e-05	0.0003225251588938	0.0052773147431395	0.0079233934187925	6.278016326896433e-05	2.785005089815753e-05	0.0006887080524743	0.0006125453090316	3.7521175561669e-07	4.7431878154294325e-07	-0.0009672083006921	0.0002018136806752	4.07287617076716e-08	9.354918969276996e-07	-0.0006041668935802	-2.721075491159998e-05	7.404251828591623e-10	3.6501763529834885e-07	0.0	0.0	0.0	0.0	0.0	0.0	0.0	0.0	0.0	0.0	0.0	0.0	0.0	0.0	0.0	0.0	0.0	0.0	0.0	0.0
1759.24002772193	0.0830584630282373	3094925.475139057	0.006898708280613	2166.268565784801	10.938588575883388	4692719.4991073385	119.65272003244654	1858.0615991068169	-1.866546809323836	3452392.906075381	3.4839969913969924	1908.5565731272973	1728.314779549272	0.963005	25.781448	0.1422138954866623	0.0728648827227045	-0.0052386617	-0.0070035284	-0.0385264796	0.0094895175	-0.0020342467	0.0337871155	-0.0046193371	0.0531418841	-0.0014915819	0.0051668246	-0.003685806	-0.0201799921	0.0078607563	-0.0165556794	-0.0121150683	0.0761860464	0.0192383311	0.0504062106	-0.1322673529	0.0420041103	-0.0550827878	0.003295783	-0.0068781924	0.0214853371	-0.0408029296	-0.0259139408	0.0593405911	0.046247496	-0.0006525934	-0.0192455033	-0.0290056756	-0.0699268059	0.04596636	-0.0038685662	-0.0112627829	-0.0183188026	-0.012169729	0.0323121025	0.0506985597	0.0339850389	0.0756609863	0.000579404	-0.036928519	0.0109504864	-0.0012048388	-0.0626190381	-0.0213557712	0.0253699163	-0.0412270304	0.0238007322	-0.097147223	-0.0382320776	-0.0351011382	-0.0460020864	-0.0536561454	-0.04814554	0.003039362	0.0812459471	0.0800388062	0.0780401729	0.0752698111	0.0717551168	0.0675308461	0.0626387723	0.0571272725	-0.0857470260846753	-0.0639437151264986	0.0073525524823659	0.0040887987041788	-0.0314111513504968	-0.0134521658865623	0.0001809607670395	0.0009866604291638	-0.0159948604007169	-0.0212721751438564	0.0004525054353509	0.0002558355592384	0.0004309043338567	-0.0002578037186175	6.646275733306267e-08	1.856785449364864e-07	-0.0011202293624557	-0.0001530210617635	2.341544534325946e-08	1.2549138245079038e-06	-0.0010642588997939	-0.0004600920062136	2.116846541817473e-07	1.1326470057905224e-06	0.0	0.0	0.0	0.0	0.0	0.0	0.0	0.0	0.0	0.0	0.0	0.0	0.0	0.0	0.0	0.0	0.0	0.0	0.0	0.0
1764.2586779139658	5.0186501920359206	3112608.6825947347	25.186849750022184	2172.9794479716907	6.710882186889648	4721839.681307353	45.03593972631279	1860.3463320369608	2.284732930143946	3460888.475123374	5.22000456208414	1906.609227079504	1727.5187925876469	0.983052	26.318134	0.1028508386782797	0.0495018200107338	-0.0039718184	-0.0143852409	0.0129970074	0.0247686779	-0.1162680966	-0.0144559575	0.0294230512	0.0231100914	0.0216784298	0.0013056958	-0.0164026405	0.0467134014	-0.0197479878	0.007656665	-0.0059278281	-0.0413587463	-0.0243381836	-0.0831417859	0.0817568078	-0.0108901141	0.016682672	-0.0001184999	0.0040541562	-0.0465237035	-0.0093184623	0.1144434908	0.0203017005	0.01106658	-0.0405807508	0.0150690002	0.0430560976	-0.0232060724	0.0205580908	-0.001623596	-0.0175719961	0.0091087365	-0.0044312216	-0.0058756164	0.0240680513	0.0368718599	0.0341075405	0.0029469268	0.0070460427	-0.0697534866	0.0752212105	-0.0322270384	0.0104261885	0.0248659499	0.0310967501	-1.4201e-05	0.0199453269	0.0294122881	0.0555727497	0.0245098212	0.0108480502	0.0092129638	-0.0188070514	0.0811565722	0.0796832699	0.0772475461	0.0738788195	0.0696177779	0.0645158866	0.0586347667	0.0520454508	-0.0576153655817535	0.0281316605029217	0.0033195303511191	0.0007913903226516	0.0027671329551566	0.0341782843056534	0.001168155118078	7.657024791513697e-06	-0.0160757525383914	-8.089213767449935e-05	6.543537937550156e-09	0.0002584298196755	0.000718155881401	0.0002872515475442	8.251345156659524e-08	5.157478699908472e-07	-0.000777318556562	0.0003429108058936	1.1758782079866677e-07	6.042241383756311e-07	-0.0008852212185913	0.0001790376812026	3.205449129040384e-08	7.836166058442661e-07	0.0	0.0	0.0	0.0	0.0	0.0	0.0	0.0	0.0	0.0	0.0	0.0	0.0	0.0	0.0	0.0	0.0	0.0	0.0	0.0
1761.730926930847	-2.5277509831187217	3103695.8589046216	6.389525032657664	2172.804512197321	-0.1749357743697146	4721079.448225038	0.0306025251543317	1861.6584658260235	1.3121337890627274	3465772.243381704	1.72169508040011	1911.0603271484367	1743.7112620627383	0.887958	23.772289	0.1071228971788047	0.0518831455745635	-0.0049371213	-0.0068577797	0.000880767	-0.0030388791	-0.0468164084	0.0087337565	-0.0024986682	0.0554727003	0.0214638624	0.008173505	-0.0073776807	0.0186875578	0.0039875124	-0.0349463403	0.0378611873	-0.0425497941	0.0385923735	-0.0805721106	-0.036580602	-0.0450510279	-0.0326713123	0.0070682443	-0.0025053385	0.026968912	-0.0161659889	0.0690999862	0.0089253547	0.0001544352	0.0243499315	-0.0111958251	0.0310356068	0.0084300226	0.0746860837	-0.0045224044	0.001644577	-0.0067044275	-0.0041968609	-0.0133339049	0.0111050214	0.0140283082	0.037456229	-0.0257853341	0.0103530089	-0.0373453988	0.0337892249	-0.0837074344	-0.0013338539	0.000113304	0.0102382669	-0.0341472099	-0.023533596	0.0415080938	-0.0234854326	-0.0468251933	0.00820618	-0.053959959	-0.0051972947	0.0810582975	0.0792927819	0.0763786853	0.0723582192	0.0672896215	0.0612463124	0.054315831	0.0465985677	-0.0516479366003608	0.0059674289813927	0.0026675093550748	3.561020864796552e-05	-0.021240067759038	-0.0240072007141946	0.0005763456861316	0.0004511404784085	0.0071782141593175	0.0232539666977089	0.0005407469671781	5.152675851702624e-05	5.0806471778828976e-05	-0.0006673494096221	4.453552345230602e-07	2.581297574612945e-09	-0.0005560174912122	0.0002213010653497	4.8974161524956425e-08	3.0915545053390896e-07	-0.0006959856778531	0.0001892355407381	3.5810089878478926e-08	4.843960637766391e-07	0.0	0.0	0.0	0.0	0.0	0.0	0.0	0.0	0.0	0.0	0.0	0.0	0.0	0.0	0.0	0.0	0.0	0.0	0.0	0.0
1762.5966081544234	0.8656812235763027	3106746.803077478	0.7494039808525647	2153.061927622015	-19.742584575305955	4635675.664175427	389.7696457131086	1863.8725236145376	2.214057788514083	3474020.784285225	4.902051890879871	1907.918242331112	1723.553901423998	0.948588	25.395481	0.0417588728074097	0.0212174513355824	-0.0030210444	0.0034606535	0.0737951994	0.0136801731	-0.0393115407	-0.0290203961	0.0831020736	-0.0368390481	-0.001994471	0.0178497631	0.0004009005	0.0183680965	-0.0364830605	0.0077603192	-0.0196495263	-0.0185691112	0.061113958	0.0139548099	0.0024476469	0.0990161615	0.0019434161	0.0121901963	0.0239037326	-0.0545124106	0.0213543688	0.0373907661	-0.0087897374	0.0103398995	-0.035779757	0.0085508484	-0.0542882625	-0.008556006	0.0776335929	-0.0025375696	-0.009490178	0.0044707119	-0.0031076125	-0.0103823633	-0.002444819	0.0143139071	-0.0045350334	-0.0189666365	-0.018238498	-0.0487530709	0.0479914304	0.0390126306	0.0170767096	0.0443000452	0.0298791132	-0.0406825009	-0.083584109	-0.0059528859	-0.0014738766	0.0510297214	-0.036334408	0.0035377785	0.0255538926	0.0809511339	0.0788675135	0.0754344479	0.0707106781	0.064777029	0.0577350269	0.0497051625	0.040824829	-0.0506809997034167	0.0009669368969441	0.0025685637309377	9.349669626718926e-07	-0.0344034362449292	-0.0131633684858911	0.0001732742698953	0.0011835964254589	0.0070781319548345	-0.0001000822044829	1.0016447654176941e-08	5.009995197004926e-05	-0.0001992927533098	-0.0002500992250886	6.254962238993271e-08	3.97176015218008e-08	-0.0006424093691719	-8.639187795969996e-05	7.463556577403691e-09	4.1268979759983853e-07	-0.0009100642792066	-0.0002140786013535	4.582964755747078e-08	8.282169922878284e-07	0.0	0.0	0.0	0.0	0.0	0.0	0.0	0.0	0.0	0.0	0.0	0.0	0.0	0.0	0.0	0.0	0.0	0.0	0.0	0.0
1763.3374030863035	0.7407949318801457	3109358.797123149	0.5487771310993097	2166.476689078591	13.414761456575889	4693621.244320934	179.95582493683406	1862.046624077691	-1.8258995368466917	3467217.630239126	3.333909118656962	1911.4353546740963	1755.2602170179828	0.964352	25.81749	0.0882047154263725	0.0460331478194944	-0.0094124722	-0.0046170744	0.0131775248	0.0076017023	0.0695974565	0.0403229197	0.0183885227	-0.004115502	-0.0345728759	0.0102104827	0.0080438211	-0.0169805253	-0.0475894714	-0.0224145671	0.033418657	-0.0198994528	-0.0241151879	0.0960141173	0.0996928366	-0.0124995505	0.0040707163	0.0076850516	0.0019860162	-0.0022017626	0.0652587199	-0.0687056158	-0.0719518221	-0.004853727	0.0191751752	-0.0256823606	0.045264073	0.0675216533	0.0028931913	-0.0012532931	-0.0008831212	-0.0078643063	-0.0013867867	0.0039767602	0.0026017044	0.0008411838	-0.0087632286	-0.0205070316	0.0012934868	0.0223955243	-0.0437080147	0.0488471384	-0.0762705599	0.0074054799	-0.0625703023	-0.0087281776	-0.0245443156	0.0302153233	0.068276912	0.0394626085	-0.0169806052	0.032174107	0.0058621093	0.0808350932	0.0784076511	0.0744157659	0.0689390864	0.0620868871	0.0539958877	0.0448275254	0.0347647336	-0.0443891829279579	0.0062918167754588	0.0019703995610117	3.958695833594477e-05	-0.0112174911872244	0.0231859450577048	0.0005375880482189	0.0001258321085354	0.0009312548726256	-0.0061468770822089	3.778409786378501e-05	8.672356377889225e-07	0.0004963218335828	0.0006956145868926	4.838796534977626e-07	2.463353624909927e-07	-0.000625641655555	1.6767713616900053e-05	2.811562199383754e-10	3.914274811656012e-07	-0.0005708450494961	0.0003392192297105	1.15069685805385e-07	3.258640705342049e-07	0.0	0.0	0.0	0.0	0.0	0.0	0.0	0.0	0.0	0.0	0.0	0.0	0.0	0.0	0.0	0.0	0.0	0.0	0.0	0.0
1761.0987877093537	-2.238615376949838	3101468.940071355	5.011398805916264	2160.2654398137875	-6.211249264803428	4666746.770453856	38.57961742952112	1862.753895542077	0.7072714643861673	3469852.075357184	0.5002329243349535	1913.319177724801	1738.258578405368	0.8950979999999998	23.963434	0.045221420364935	0.0204995689032263	-0.0059137174	-0.0063534344	-0.0620337007	-0.0009311922	0.0913284999	0.0326099683	-0.0298144101	-0.0126453922	-0.0389722549	0.012728191	0.009102381	0.0173351975	-0.0327513506	-0.0034547306	0.0335126778	0.0276849973	0.0021244994	0.0832465542	0.0078103779	0.0382523949	-0.0697042051	0.0110903239	-0.0125099455	0.0259986084	-0.0201321951	-0.0893480768	-0.0405721841	0.0166146085	0.0063838006	-0.0200353538	0.0448460968	0.0431953857	0.0350231116	-0.0036534372	-0.0014441686	-0.0025163084	-0.0057805141	-0.0039802705	0.0208107312	0.0335391293	0.0362306291	0.0402272759	-0.0079941139	0.0303266528	-0.0409181386	0.0410759075	-0.036208097	0.0419135883	0.0094076925	0.0102532913	-0.0089867977	0.026310673	0.034529153	-0.0173929226	-0.0335995946	-0.0071201917	0.0394372528	0.0807101879	0.0779133966	0.0733236445	0.0670465522	0.0592265694	0.0500436514	0.0397091175	0.0284607885	-0.0568019832738713	-0.0124128003459134	0.0032264653038451	0.0001540776124275	-0.0233277214314284	-0.0121102302442039	0.0001466576765676	0.0005441825871823	0.0070806799660232	0.0061494250933976	3.7815428979308086e-05	5.013602878124231e-05	0.0005948417381834	9.851990460059998e-05	9.706171602511321e-09	3.5383669348504857e-07	-0.0004981891872573	0.0001274524682977	1.6244131675176224e-08	2.4819246630008906e-07	-0.0006358519702262	-6.500692073010007e-05	4.225899742809514e-09	4.043077280405404e-07	0.0	0.0	0.0	0.0	0.0	0.0	0.0	0.0	0.0	0.0	0.0	0.0	0.0	0.0	0.0	0.0	0.0	0.0	0.0	0.0
1759.1026223566332	-1.9961653527204817	3094442.035981984	3.984676115401685	2175.146390914917	14.88095110112954	4731261.8219101885	221.44270567420847	1856.9158442982457	-5.838051243831387	3448136.4528058665	34.082842325601206	1909.414976830576	1739.5686991965274	0.91638	24.53319	0.0376582447172284	0.0196119660474538	-0.0014858282	-0.0213183298	-0.0688030681	0.0115646775	-0.0383562836	0.0066582418	-0.0612302909	0.0294081084	-0.0119977753	-0.0067935085	-0.0062481074	-0.0129922178	-0.0106659591	-0.021259826	0.0249115889	-0.0093802543	0.024880695	0.0028649198	-0.0848917748	-0.0485612314	0.0047462451	-0.0056703545	-0.0109038368	0.0568022297	-0.0532334074	0.0182388903	0.0014869689	0.0405128969	-0.0086680327	-0.032108114	-0.0253407452	0.0472203921	-0.0564018888	0.0008812172	-0.006563648	-0.004354988	-0.0041104171	0.0006514618	0.01845374	0.0338345475	0.0357129427	0.062434384	0.027823182	-0.0116824117	0.0210459208	-0.0346576204	-0.0100541602	0.0197891557	-0.0232364514	0.0288854114	0.0043063919	0.0370323798	0.052376541	-0.000143767	0.0037153827	-0.0272540806	-0.0239897187	0.0805764318	0.0773849666	0.0721591615	0.0650363955	0.0562039158	0.0458939156	0.0343774302	0.0219572114	-0.0456287725215531	0.0111732107523182	0.0020819848818236	0.0001248406385157	-0.0286511481844087	-0.0053234267529803	2.8338872394346405e-05	0.0008208882922849	-0.0003238026767817	-0.0074044826428049	5.482636320759904e-05	1.0484817349099409e-07	0.0003433404581053	-0.0002515012800781	6.32528938809229e-08	1.1788267017195725e-07	-0.0004901118612061	8.077326051199925e-06	6.524319613739298e-11	2.4020963649490744e-07	-0.0006514158554794	-1.556388525319997e-05	2.422345241747754e-10	4.243426167699586e-07	0.0	0.0	0.0	0.0	0.0	0.0	0.0	0.0	0.0	0.0	0.0	0.0	0.0	0.0	0.0	0.0	0.0	0.0	0.0	0.0
1760.2699041645697	1.167281807936433	3098550.135507543	1.3625468191393484	2165.8254691037264	-9.3209218111906	4690799.962618376	86.87958341032868	1859.0414325201025	2.125588221856788	3456035.047826395	4.5181252888963	1907.1314702052696	1730.8088549241404	0.930786	24.91888	0.0567663855799321	0.0397942782105546	0.0049527293	-0.0085635741	0.0056151508	-0.0004832012	-0.0796803263	-0.011710608	-0.0081575282	0.0416985411	0.0062097912	0.0034291357	-0.0072319863	0.013020041	0.0225069623	-0.0018658623	0.0240131472	-0.0390890345	0.0346569457	-0.0673868364	-0.0783368348	-0.053734578	0.0276590944	0.0025920634	-0.0084065499	0.0261243874	-0.0179629641	0.0729545723	0.0242949684	-0.0120828622	0.0337574969	-0.0112260473	0.00081283	-0.0074356407	0.0289700651	-0.0006479349	0.0015638111	0.0018453969	0.0026473345	-0.005804698	0.0138718673	0.0273891739	0.0145376485	-0.0104477598	-0.0082133119	-0.0389964324	0.0507037499	-0.0799564675	-0.0015789175	0.0211891229	-0.0027333788	-0.0027720135	-0.0145264523	0.058120998	-0.008538134	0.0059949335	-0.0356102061	-0.0112348984	-0.0194821341	0.0804338397	0.0768225931	0.0709234662	0.0629121428	0.0530272111	0.0415630576	0.0288611001	0.0152996203	-0.0497619743656514	-0.0041332018440983	0.0024762540927677	1.7083357484057597e-05	-0.0369624981757823	-0.0083113499913736	6.907853867910595e-05	0.0013662262713947	0.0016969256513235	0.0020207283281052	4.083342976006837e-06	2.879556666119685e-06	-0.0003991328002968	-0.0007424732584021	5.512665394422315e-07	1.593069922727652e-07	-0.0004658855913555	2.4226269850600004e-05	5.869121508740906e-10	2.1704938423266398e-07	-0.000572093275405	7.932258007440002e-05	6.292071709659603e-09	3.272907157636212e-07	0.0	0.0	0.0	0.0	0.0	0.0	0.0	0.0	0.0	0.0	0.0	0.0	0.0	0.0	0.0	0.0	0.0	0.0	0.0	0.0
1758.5477725955643	-1.7221315690053416	3092490.2685008207	2.9657371409648	2160.739515651356	-5.085953452370177	4668795.254497257	25.86692251967612	1855.5284780758864	-3.5129544442161205	3442985.932950615	12.340848927137792	1904.8194812251072	1735.3473721587402	0.848491	22.715689	0.045563649120665	0.0261396412643353	0.0068628904	-0.0075670106	0.0407422595	-0.0075235064	-0.0565282914	-0.0149659211	-0.0161713535	0.0087052548	0.0245832569	-0.0041099028	0.0190634036	0.0077992128	0.0463123758	0.0175060482	0.0483098921	-0.0374800229	0.0787244618	-0.1275456568	-0.0559916679	0.0413264483	-0.0298083016	-0.0053639225	0.0212097104	0.0066347626	-0.0076945011	0.0783406741	0.0119837032	-0.0711507772	0.0287127694	-0.0048412301	-0.0243378039	0.0337722191	0.0488459314	0.0031620279	-0.0034819629	-0.0076746908	-0.0006826731	-0.0099282873	0.0260367673	0.0035508411	6.7505e-06	-0.0090066442	-0.0258167389	-0.0487739888	0.0749038785	0.0024295443	0.0191105114	0.0765340647	0.0395900506	0.0199654978	-0.0409535149	0.0412755694	-0.0509952689	-0.046981613	0.0092178254	-0.0736378605	0.0630131968	0.080282427	0.0762265226	0.0696177779	0.0606775209	0.0497051625	0.0370681691	0.0231897558	0.0085347133	-0.0575768237427638	-0.0078148493771124	0.0033150906323052	6.107187078695411e-05	-0.0202644513801004	0.0166980467956819	0.0002788247667907	0.0004106479897364	-0.0002759817964772	-0.0019729074478007	3.892363797587472e-06	7.616595198678265e-08	-0.0003992372245225	-1.0442422570004425e-07	1.0904418913053782e-14	1.593903614444291e-07	-0.0005383236902352	-7.243809887969997e-05	5.24727816930519e-09	2.897923954684436e-07	-0.000881107662301	-0.0003090143868959	9.548989130871077e-08	7.76350712565533e-07	0.0	0.0	0.0	0.0	0.0	0.0	0.0	0.0	0.0	0.0	0.0	0.0	0.0	0.0	0.0	0.0	0.0	0.0	0.0	0.0
1754.8338530649391	-3.713919530625162	3079441.85186274	13.793198279959023	2152.8220474936747	-7.917468157681469	4634642.768174858	62.6863020279	1853.1124096251367	-2.4160684507496626	3434025.6027066805	5.837386758707875	1902.738164924173	1730.6740263011754	0.949343	25.415682	0.0717092428316358	0.0430725614118754	0.0076980931	0.0006452663	0.0808899268	-0.0108816931	-0.0194590705	-0.0293487994	0.0267792495	-0.0554778201	0.0022293999	-0.0078820207	0.003349372	-0.0087944597	0.0392031289	-0.0051628714	-0.0081623623	0.0197619309	-0.0750632518	-0.0364608753	0.0138249135	-0.0260283873	0.0588543577	-0.0073490632	0.0222464366	-0.0348141145	0.0415267781	0.0223914103	0.0164938897	-0.0263212868	-0.0093638157	0.0301767969	0.0215324242	-0.0212861373	-0.1033297015	0.0030561246	-0.0005030018	0.0066714914	0.0124525368	-0.0214648029	0.0215974696	-0.0046067765	-0.0519710112	-0.036157115	-0.0286325691	-0.0136303173	0.0207233631	0.0300550562	-0.0188014783	0.026561748	-0.0419407288	-0.0092401408	-0.0372568104	0.0427096103	0.0098266797	0.0070825517	0.0088847236	-2.49144e-05	-0.0286629538	0.0801222105	0.0755970167	0.0682433853	0.05833645	0.0462468756	0.0324269895	0.0173938582	0.0017099414	-0.0437312807810172	0.0138455429617466	0.0019124249187481	0.0001916990599055	-0.0111686940073951	0.0090957573727052	8.273280218312279e-05	0.0001247397258308	0.0071181677702867	0.0073941495667639	5.467344781567477e-05	5.066831240594833e-05	0.0003462691620456	0.0007455063865681	5.557797724138253e-07	1.19902332583762e-07	-0.0004991602924844	3.9163397750800006e-05	1.533771723387367e-09	2.4916099759311175e-07	-0.0009239137365905	-4.280607428950006e-05	1.8323599960781974e-09	8.536165926606199e-07	0.0	0.0	0.0	0.0	0.0	0.0	0.0	0.0	0.0	0.0	0.0	0.0	0.0	0.0	0.0	0.0	0.0	0.0	0.0	0.0
1758.8250298075695	3.991176742630387	3093465.485477598	15.929491790913705	2145.805161216042	-7.016886277632693	4604479.789901405	49.23669303323	1854.464755588108	1.3523459629711851	3439039.5297184605	1.828839603564462	1900.206393851486	1713.404805143624	1.029724	27.567623	0.0561790319810312	0.0311133880550296	0.0092641764	0.0177143938	-0.0136061197	-0.0151825237	0.0718943774	0.0047762698	0.0255778209	0.0192579476	-0.0558757936	-0.0095758035	0.0150141726	-0.0203014278	0.0015917386	-0.008348887	-0.0218463112	0.0074858364	-0.0141240647	0.0543998265	-0.0163046394	0.0547072275	0.017813301	-0.0087369287	0.0042815239	0.0033874204	0.0345642073	-0.0735584876	0.0146837597	0.0275653597	0.0429118301	0.0211301004	-0.0194724889	-0.0870357095	0.0292157508	0.0022498856	0.0092806452	-0.0151134888	0.0029767028	0.0065274651	0.0281012913	0.0026800142	0.0120357494	-0.0250716731	-0.0272213831	0.0459016626	-0.0600700543	0.0140587144	-0.0617358973	0.0130063753	-0.011837141	0.0281444617	-0.0101200017	0.0402600971	-0.0043071933	-0.0120707295	-0.1152447821	-0.0200530251	-0.0067651558	0.0799532077	0.0749343514	0.0668016447	0.0558930371	0.0426618292	0.0276578354	0.0115045374	-0.0051268245	-0.0425785758574477	0.0011527049235695	0.0018129351220484	1.3287286408213738e-06	-0.0213249827144181	-0.010156288707023	0.0001031502003004	0.0004547548877702	0.000323977420308	-0.0067941903499787	4.616102251174369e-05	1.0496136886942653e-07	-0.0001591254670717	-0.0005053946291173	2.554237311406132e-07	2.5320914270786684e-08	-0.0002839294373391	0.0002152308551453	4.632432100657712e-08	8.06159253876979e-08	-0.0008830222608439	4.089147574660003e-05	1.6721127887347784e-09	7.797283131458725e-07	0.0	0.0	0.0	0.0	0.0	0.0	0.0	0.0	0.0	0.0	0.0	0.0	0.0	0.0	0.0	0.0	0.0	0.0	0.0	0.0
1756.9294325369688	-1.8955972706007744	3086801.030914675	3.593289012309105	2151.3769874572754	5.571826241233339	4628422.942160741	31.04524766249644	1853.226776658443	-1.237978929664905	3434449.4857238424	1.532591830294264	1905.761548569623	1737.5175052599418	0.995419	26.649218	0.0383502476402851	0.0170122353375137	0.0012573871	-0.0267349978	-0.0962854922	-0.0052191845	0.0205282753	-0.0038017581	-0.0258725574	-0.0047203254	-0.0685808386	-0.0071321576	0.0179324267	0.0054776438	0.0082776744	0.0267369902	0.0488169882	-0.0328475754	-0.0187968036	0.051622098	-0.0882036982	0.0027392007	-0.008732044	-0.0055576926	-0.0004844179	0.0439306674	-0.0583864149	-0.0549068893	-0.0092347358	0.0058026757	0.0161020301	-0.0278782886	-0.0172188952	-0.0341626326	-0.0319810601	0.0052568684	-0.0103177031	0.0024060749	0.0042340736	0.0027688597	0.0214722258	0.038035019	0.0248239051	0.1078203692	0.0013268715	0.0011154492	0.0086834904	0.0441891467	-0.0077436148	0.049851504	-0.0069276142	0.0194274747	0.0101800021	0.0339940402	0.0045268936	0.0158635551	-6.53972e-05	0.0220066933	0.0211029669	0.0797754371	0.0742388174	0.0652939789	0.0533515689	0.0389598496	0.0227795284	0.0055534252	-0.0119276293	-0.0369728052594666	0.005605770597981	0.0013669883287544	3.142466399718936e-05	-0.0109373922800131	0.010387590434405	0.0001079020350329	0.0001196265498868	0.006976324006132	0.006652346585824	4.425371509792423e-05	4.866909663853364e-05	-0.0003076186245461	-0.0001484931574744	2.2050217816716962e-08	9.462921816763445e-08	-0.0002363459571146	4.758348022449997e-05	2.26418759027538e-09	5.585941144441634e-08	-0.0010010364235865	-0.0001180141627425	1.3927342607836864e-08	1.0020739213468503e-06	0.0	0.0	0.0	0.0	0.0	0.0	0.0	0.0	0.0	0.0	0.0	0.0	0.0	0.0	0.0	0.0	0.0	0.0	0.0	0.0
1757.1116335258887	0.1822009889199307	3087441.292672017	0.0331972003634007	2173.3268070220947	21.949819564819336	4723349.410120853	481.7945789281257	1853.3345647443805	0.1077880859375	3434849.008876242	0.0116182714700698	1905.4524406881887	1734.4347969855733	1.031573	27.617126	0.086760758934783	0.0526392968582198	0.0129066371	-0.0305767707	-0.0114540633	-0.0074943108	-0.077870079	0.0095388357	-0.0627581164	0.0459116972	0.0365538485	-0.0080449557	0.0174907232	0.0445091368	0.0480801942	0.0434000285	0.0567874407	0.0130396607	0.0177663893	-0.0313475241	-0.0039148343	-0.035650973	-0.0761586767	-0.0076502236	-0.0052446582	0.0566334853	-0.0590780757	0.0562997671	0.0105408926	-0.0486034916	0.0130771715	-0.0216572335	0.0255821296	-0.0155180026	0.0154214899	0.0072435275	-0.0097223428	-0.0081664389	0.0057440924	0.0215627142	0.037031488	0.0127679881	-0.006105989	-0.0031202279	-0.0038603862	-0.0366770042	0.066694339	-0.0692018892	0.0072298611	0.02845334	-0.0218438455	0.0136555256	-0.0070576283	0.0729458851	0.0083899992	-0.040890888	-0.0228674426	0.0345881556	-0.061836151	0.0795889182	0.0735107199	0.0637218759	0.0507165039	0.0351510839	0.0178113211	-0.0004275147	-0.0186447705	-0.0315225080361045	0.005450297223362	0.0009936685128862	2.970573982298861e-05	-0.0109228790375368	1.4513242476300175e-05	2.1063420717588363e-10	0.0001193092864686	-0.0394637782607176	-0.0464401022668495	0.0021566830985554	0.001557389794611	0.0001308215038132	0.0004384401283593	1.9222974615571946e-07	1.71142658599471e-08	-0.0002980786248021	-6.173266768749999e-05	3.810922259815305e-09	8.88508665639111e-08	-0.0011979805515816	-0.0001969441279951	3.8786989551750375e-08	1.4351574019677546e-06	0.0	0.0	0.0	0.0	0.0	0.0	0.0	0.0	0.0	0.0	0.0	0.0	0.0	0.0	0.0	0.0	0.0	0.0	0.0	0.0
1753.9732959680457	-3.138337557842988	3076422.3229690096	9.849162626967887	2150.9307850924406	-22.396021929654125	4626503.242258383	501.5817982735485	1854.4079061586256	1.0733414142450783	3438828.6824236177	1.1520617915336249	1902.1689039043351	1731.3965752429217	0.926641	24.807919	0.1197963003124226	0.0548020459322522	0.0102996316	-0.0086296124	0.0260560982	-0.0255777226	-0.065349691	-0.0196727584	-0.0038444148	-0.0341438689	-0.0068276537	-0.0060518056	-0.0034568899	-0.001080563	0.0485783311	-0.0029020846	0.0296290149	-0.0421372586	0.0233287097	-0.0380402366	-0.0166298989	0.0593633763	-0.0610463768	-0.008371746	0.0051449555	0.0102772964	0.019422564	0.0675154947	0.0337713841	-0.0608877654	0.0446813367	-0.0073401014	0.007771748	-0.0357984261	0.0966399718	0.0053652103	-0.0066081155	-0.0001804656	0.0048780721	0.0012737694	0.0106826161	-0.0050848569	-0.0020057608	-0.0191586572	-0.0163610037	-0.0193790776	0.041752048	-0.0062339303	0.0382810574	0.0405913414	0.068351028	0.0281277611	0.0157597994	0.0211815575	-0.1080720098	-0.0507901259	-0.0318226843	0.0085686514	-0.0005727624	0.0793936715	0.0727503781	0.0620868871	0.0479924649	0.0312459714	0.0127728206	-0.0064061583	-0.0252311319	-0.0143695193475252	0.0171529886885793	0.0002064830862789	0.0002942250209505	-0.0111478889568275	-0.0002250099192907	5.06294637792077e-08	0.0001242754281937	0.00056607051674	0.0400298487774576	0.0016023887931461	3.204358299222906e-07	-0.0003708609348747	-0.0005016824386879	2.516852692878385e-07	1.3753783301613645e-07	-0.0007758282469263	-0.0004777496221242	2.2824470143981597e-07	6.01909468728736e-07	-0.0009296435538518	0.0002683369977298	7.200474435064272e-08	8.642371372182045e-07	0.0	0.0	0.0	0.0	0.0	0.0	0.0	0.0	0.0	0.0	0.0	0.0	0.0	0.0	0.0	0.0	0.0	0.0	0.0	0.0
1752.4225645719105	-1.5507313961352338	3070984.844820792	2.4047678629595315	2152.196804566817	1.2660194743762077	4631951.085587617	1.6028053094998091	1853.5805710463496	-0.8273351122759323	3435760.9333605114	0.6844833880046295	1903.8185843673407	1726.3447953910202	0.924398	24.747862	0.0595090958941074	0.0313466731105924	0.0130426542	0.0081748486	0.0902621237	-0.0066335725	-0.0159257591	-0.0305427783	0.0015394749	-0.1083854431	0.0046111947	-0.0146262641	-0.0141197353	-0.0008203396	0.0634865771	0.0044516322	0.0297235593	-0.0126908271	0.0177021088	-0.021861244	0.022800043	-0.0139528985	0.0954451641	-0.0116135116	-0.000143397	-0.0470962155	0.0538916369	0.0389908616	0.0021576214	-0.0746356617	0.0398552815	0.0031929924	-0.0343196875	0.00986641	-0.0478526512	0.0073505387	0.0034224965	-0.000702173	0.0051524746	-0.0212345028	-0.0018081366	-0.0443470874	-0.0923005453	-0.0548563368	-0.0304853841	-0.0068012424	0.0275985727	0.0508793608	0.0030561112	0.0274324617	-0.01662283	0.0154024941	-0.0021033311	0.006004124	0.0042677303	-0.0111614219	0.0127653722	0.0204555667	-0.0053220556	0.0791897184	0.0719581255	0.060390626	0.0451842308	0.0272552159	0.0076839116	-0.0123503943	-0.0316405151	-0.0100740938836167	0.0042954254639085	0.0001014873675759	1.845067991599356e-05	-0.0112483774147733	-0.0001004884579457	1.0097930180324536e-08	0.0001265259944651	0.0235225686380431	0.0229564981213031	0.0005270008059933	0.0005533112353314	-0.0001362081586588	0.0002346527762159	5.506192538582925e-08	1.855266248522083e-08	-0.0005819510930649	0.0001938771538614	3.7588350789396985e-08	3.386670747194319e-07	-0.0007150398069101	0.0002146037469416	4.605476820141719e-08	5.112819254660331e-07	0.0	0.0	0.0	0.0	0.0	0.0	0.0	0.0	0.0	0.0	0.0	0.0	0.0	0.0	0.0	0.0	0.0	0.0	0.0	0.0
1756.2217762730256	3.799211701115155	3084314.9274555813	14.434009549890307	2146.152093193748	-6.044711373068822	4605968.807119906	36.53853558370756	1854.501009400128	0.9204383537783088	3439173.993866093	0.8472067631061231	1901.8524584003524	1725.3170198664805	0.944814	25.294434	0.0582603652547676	0.0282502110260474	0.0117568077	0.0063085872	-0.0143066007	-0.0140407403	0.0636318613	0.0029752043	0.0022843595	-0.0374966886	-0.0113569961	-0.0066713051	0.0055130384	-0.0237581513	-0.0008949586	0.0112843663	0.0161411902	-0.0109967688	-0.0246145049	0.0762836872	0.0060288924	-0.0057377348	-0.011775486	-0.0066425319	-0.0080177739	0.0144463726	0.0414714762	-0.0469421666	0.0020641445	-0.0070811922	0.0255738939	-0.0121472314	0.0115367339	-0.0712217416	0.0458658089	0.0024379911	0.0101100329	0.0019170422	0.0074762169	-0.0036672414	0.0026092704	-0.0073511719	-0.0253399141	0.0051734286	-0.0136359658	0.0443990415	-0.0486104051	0.0081524149	-0.0215180377	0.0154781555	-0.0356390619	0.0037027777	-0.0008821356	0.0148080979	-0.0263883744	-0.0002483431	-0.0569538897	0.03522335	-0.0147331042	0.0789770813	0.0711343098	0.0586347667	0.0422967282	0.0231897558	0.0025646777	-0.0182282956	-0.0378279629	-0.0170937417834977	-0.007019647899881	0.0002921960081608	4.927545663830373e-05	-0.027580701502373	-0.0163323240875997	0.0002667448101023	0.000760695095363	0.0232678212542012	-0.0002547473838419	6.489622957429351e-08	0.0005413915059174	-0.0003708579886337	-0.0002346498299749	5.506054270724949e-08	1.3753564773343356e-07	-0.0006442944916202	-6.234339855529995e-05	3.886699343424976e-09	4.151153919321319e-07	-0.0011111194960488	-0.0003960796891386	1.5687912014820916e-07	1.2345865344997391e-06	0.0	0.0	0.0	0.0	0.0	0.0	0.0	0.0	0.0	0.0	0.0	0.0	0.0	0.0	0.0	0.0	0.0	0.0	0.0	0.0
1753.2851794999913	-2.9365967730343527	3074008.9206543164	8.623600607395774	2134.901564684781	-11.250528508966909	4557804.690893526	126.57439173107716	1846.61388553374	-7.887123866388038	3409982.8422460165	62.20672288374779	1898.230648983226	1734.5244479462713	1.021102	27.336805	0.1713128911544623	0.114616543538847	0.0119763531	-0.0227877427	-0.0984144035	-0.0314722645	0.057410016	0.0174284235	-0.0064952062	-0.0303212088	-0.1044365369	-0.0202708064	0.0207888306	-0.0653519179	0.0745436999	0.0583192577	-0.0160136653	0.0138448929	0.0058342261	0.0488710025	-0.0059493209	-0.0154049222	-0.1077472796	-0.0145867557	-0.0089520806	0.0721538477	0.0344871346	-0.0894419823	0.0657817512	-0.0491484411	-0.009152153	0.0282712672	0.0291014054	-0.0464353826	0.0437221569	0.015038779	-0.0331770158	-0.015267916	0.0113774149	0.0739170946	0.0709539131	0.0051222114	0.0022368274	0.0521529827	-0.0166371369	0.0895406994	-0.084300556	0.0286787782	0.0310899161	0.027166633	0.0355462813	-0.0156126666	-0.0118030408	-0.0007412945	-0.0939839156	-0.0531767124	-0.0598434262	0.0089218203	0.0004445769	0.0787557834	0.0702792922	0.0568210419	0.0393350228	0.0190607341	-0.0025646777	-0.024008292	-0.0437500746	-0.0089851149538304	0.0081086268296672	8.073229073354668e-05	6.574982906280036e-05	-0.0275197558080151	6.094569435790079e-05	3.7143776607666604e-09	0.0007573369597327	-0.083428469456706	-0.1066962907109072	0.0113840984514664	0.0069603095158885	0.0002400224351447	0.0006108804237784	3.731748921556776e-07	5.761076937279172e-08	-0.0010031149319391	-0.0003588204403189	1.2875210839064925e-07	1.006239566679185e-06	-0.0009518798017555	0.0001592396942932	2.5357280238623637e-08	9.0607515699009e-07	0.0	0.0	0.0	0.0	0.0	0.0	0.0	0.0	0.0	0.0	0.0	0.0	0.0	0.0	0.0	0.0	0.0	0.0	0.0	0.0
1750.8189032508064	-2.46627624918483	3065366.831980357	6.0825185372931925	2156.834550857544	21.932986172762867	4651935.279772864	481.0558824546071	1848.6761949327256	2.0623093989856898	3417603.673710941	4.2531200571447165	1901.2281834022672	1731.1733068666326	1.057387	28.308228	0.2115920789241112	0.1343873972648275	0.0014006694	-0.0027750102	-0.0846854651	-0.0175544786	-0.0114812358	0.0066394221	-0.059050505	0.049253415	-0.045038065	-0.016624325	-0.0114375267	-0.0307700179	0.033492245	-0.0195758091	0.0333343394	0.0962514264	-0.029042079	0.0209062284	-0.0403630449	0.0411141016	-0.0253475396	-0.0153873436	-0.0152610589	0.0500431277	-0.0439188185	-0.0597888064	0.060504341	-0.0001183433	-0.0109788235	-0.0539571102	0.0115569618	-0.0261181991	-0.0335418553	0.0038257333	0.0080996142	0.0012142721	0.0007885581	0.0219109074	0.0013832673	0.0095543748	0.0065957188	0.0788159438	0.0218867302	0.0201344251	-0.0265299658	-0.0392433928	0.0074779267	-0.0088956727	-0.0527829925	0.0173695422	-0.0087843725	-0.0618211766	-0.0032848726	-0.0194712146	0.0466602582	0.0547629941	-0.0450474222	0.0785258491	0.0693934478	0.0549512416	0.0363043104	0.0148794683	-0.0076839116	-0.0296593388	-0.049365311	0.0023524086760318	0.0113375236298622	5.533826579069686e-06	0.0001285394420576	0.0082417376180501	0.0357614934260652	0.0012788844120625	6.792623896478213e-05	0.0465990727787328	0.1300275422354388	0.0169071617397888	0.0021714735838376	0.0001461998634926	-9.38225716521e-05	8.802674951413439e-09	2.1374400085254877e-08	-0.0014310871777922	-0.0004279722458531	1.831602432205463e-07	2.0480105104412435e-06	-0.0011193953769052	-0.0001675155751497	2.80614679177348e-08	1.2530460098367348e-06	0.0	0.0	0.0	0.0	0.0	0.0	0.0	0.0	0.0	0.0	0.0	0.0	0.0	0.0	0.0	0.0	0.0	0.0	0.0	0.0
1757.0951906755367	6.276287424730299	3087383.5090951007	39.39178383782769	2172.9384210759945	16.10387021845054	4721661.381788236	259.3346360126982	1856.2930040861431	7.616809153417535	3445823.717019158	58.01578167958514	1902.0371079388788	1702.8400709487394	1.081418	28.951588	0.0716396702769912	0.0342280066738082	0.0076831407	0.0381679539	-0.0172439265	0.0225964552	-0.0758517107	-0.0669353972	-0.0172413457	0.0863694101	0.0468929746	-0.0067815503	-0.010787726	0.0298056508	-0.0165214344	-0.0362821827	0.0206892276	0.0270299739	-0.0175775077	-0.0386771349	0.0139133098	-0.0432363968	-0.0445197355	-0.0035732968	0.006653271	-0.0266079297	-0.0637287664	0.053089186	0.0623411676	0.044990244	-0.0202333843	-0.0267141969	0.0229845657	-0.0347264307	-0.0219827348	-0.0022954114	0.0437583019	-5.02166e-05	-0.0008524493	-0.0194832152	-0.0358628364	-0.0025618445	0.0135475786	0.0062765262	0.0322506476	-0.0104966186	0.0029722589	-0.1180179162	0.0249471048	-0.0973315166	0.0047038045	-0.0341429475	-0.0248728216	-0.0056994817	-0.0369988699	0.0247204203	-0.0263623616	-0.0009832733	-0.0216606298	0.0782873035	0.0684771651	0.0530272111	0.0332099078	0.010657419	-0.0127728206	-0.0351510839	-0.0546342852	-9.132885115548106e-05	-0.0024437375271872	8.340959053380015e-09	5.971853101783407e-06	0.0153129349285592	0.0070711973105091	5.0001831404151136e-05	0.0002344859761262	0.0567240292377277	0.0101249564589949	0.0001025147432965	0.0032176154929625	0.0004201247459695	0.0002739248824769	7.503484123998348e-08	1.765048021759369e-07	-0.0011046429390415	0.0003264442387506	1.0656584101352401e-07	1.2202360227742432e-06	-0.0006797689185268	0.0004396264583784	1.932714229063351e-07	4.620857825950952e-07	0.0	0.0	0.0	0.0	0.0	0.0	0.0	0.0	0.0	0.0	0.0	0.0	0.0	0.0	0.0	0.0	0.0	0.0	0.0	0.0
1759.3412044078343	2.2460137322975697	3095281.473527209	5.04457768566926	2160.9187304756856	-12.019690600308875	4669569.759720649	144.47296212715358	1857.911158511513	1.6181544253697666	3451833.872921592	2.6184237443437595	1903.561981799556	1743.027288627383	0.932776	24.972164	0.0416877479619529	0.0216356135015212	-0.0025482357	0.02143651	0.0021051223	0.0060305673	-0.0701409185	-0.0668855799	0.0348615892	0.0305981192	0.0249408993	0.0002585934	0.0165342989	0.0344971625	0.00558932	-0.0009205285	-0.0209610775	-0.0538237766	-0.0060276014	-0.1106888598	0.0768870155	0.007283439	-0.0104485666	-0.0009725269	0.0306955788	-0.0379097096	-0.010907129	0.0641596725	0.001186431	-0.0168937571	-0.0011005728	0.0470816961	0.0346895515	0.0218978711	0.0196430405	-0.001691381	0.0245582464	-0.0049027742	-0.0056281323	-0.00745248	-0.0281807576	0.0040099464	0.0120754002	0.0055355829	0.0157267167	-0.0403610673	0.0503484064	-0.0084602344	0.052573393	-0.0200724406	0.0828398162	0.054674594	0.0073799061	-0.0187752157	-0.0253257021	0.0023171736	0.0792918506	-0.00109912	0.0030983185	0.0780401729	0.0675308461	0.0510508491	0.0300572439	0.0064061583	-0.0178113211	-0.0404540309	-0.0595200392	0.0059074228363016	0.005998751687457	3.489764456685764e-05	3.5985021807769175e-05	0.0063405220415262	-0.008972412887033	8.050419301539585e-05	4.020221975907958e-05	0.0567729441609543	4.891492322659646e-05	2.392669714263826e-09	0.0032231671887028	8.65640472268745e-05	-0.0003335606987426	1.1126273974566857e-07	7.49333427229656e-09	-0.0010530361477196	5.160679132189998e-05	2.663260910542131e-09	1.1088851284041352e-06	-0.000827954797747	-0.0001481858792202	2.1959054800263708e-08	6.855091471122756e-07	0.0	0.0	0.0	0.0	0.0	0.0	0.0	0.0	0.0	0.0	0.0	0.0	0.0	0.0	0.0	0.0	0.0	0.0	0.0	0.0
1755.135036093695	-4.206168314139404	3080498.994923616	17.691851886870317	2154.820235859264	-6.098494616421704	4643250.248868573	37.1916365865245	1851.985221996642	-5.925936514870955	3429849.2624939512	35.11672357828092	1902.723341519225	1734.7601840649784	0.965462	25.847216	0.0406717463544604	0.0235400462535354	0.0044525985	0.029195936	0.0961339047	-0.0047603823	-0.0253169947	-0.0383649119	0.0228600245	-0.0448608299	0.0604734501	-0.0084732423	0.0260130552	0.0413981408	0.0604531493	0.0321303651	0.0323092865	0.0104813103	0.0332288386	-0.018076905	-0.0084919071	-0.0093932141	0.0598045815	-0.0065659262	0.032621291	-0.0259211128	-0.0091668406	0.0337035358	0.0055933011	-0.0722125377	0.0404495763	-0.0193339374	-0.0168105312	-0.0225794982	-0.0008967709	0.0001783489	0.0354908953	-0.0015393056	0.0010238083	-0.0237920126	-0.0450198646	-0.0381427731	-0.0592979503	-0.0378401098	-0.0015012261	-0.0101633853	0.0387277016	-0.0358691278	0.0181757069	-0.0528504503	-0.001529108	-0.0019896853	-0.0199466095	0.0082396788	-0.0616951591	-0.0223781204	0.0482259173	-0.0519459888	0.0041902627	0.0777844842	0.0665549058	0.0490241061	0.0268518493	0.0021373389	-0.0227795284	-0.0455396975	-0.0639883028	-0.0037501750471449	-0.0096575978834465	1.4063812884228251e-05	9.326919687835032e-05	0.0064457239619315	0.0001052019204052	1.1067444056963034e-08	4.154735739341792e-05	0.0568240867947267	5.114263377239969e-05	2.615568989177797e-09	0.0032289768400546	0.0004636716928897	0.0003771076456628	1.4221017641735918e-07	2.149914387872003e-07	-0.0009456614350462	0.0001073747126734	1.1529328921695216e-08	8.942755497336383e-07	-0.0006952810777465	0.0001326737200005	1.7602315978771077e-08	4.834157770723346e-07	0.0	0.0	0.0	0.0	0.0	0.0	0.0	0.0	0.0	0.0	0.0	0.0	0.0	0.0	0.0	0.0	0.0	0.0	0.0	0.0
1752.624847639949	-2.510188453745968	3071693.8565649544	6.301046073319575	2143.159777727994	-11.660458131269934	4593133.832871105	135.9662838310991	1851.1957893594663	-0.7894326371756506	3426925.850542217	0.6232038886381024	1896.3131596583944	1719.049198083118	0.853132	22.839933	0.0868150135424754	0.0469139587748663	0.0094089977	0.048876897	0.0619756525	-0.0107972439	-0.0103553189	-0.0803996463	0.0125512898	-0.0367935985	0.0186815377	-0.0115128654	0.0206338364	0.089185387	0.0516029591	0.0055280013	0.042110001	-0.009265914	-0.0533508073	-0.1178115977	-0.0186765498	0.0131897802	-0.0033063789	-0.0138331054	0.0385470617	-0.0787358776	-0.0275270591	0.0572435142	-0.0072581548	-0.049883283	0.0050227284	0.0367062235	0.050018327	-0.0420422865	-0.0273121357	0.0009219487	0.0412479811	-3.45666e-05	-0.0006907132	-0.0386253836	-0.0231275615	-0.0276841259	-0.0477238777	-0.0328226718	-0.023098436	-0.0210804934	0.0178105712	0.0174479661	0.0292786167	-0.0050460275	0.0698230021	0.0550328275	0.0094366028	-0.0199948378	-0.0327080767	-0.003938333	0.0387790553	-0.01334609	0.03575135	0.0775202656	0.0655497724	0.0469489822	0.0235993474	-0.0021373389	-0.0276578354	-0.0503807682	-0.0680077345	-0.0114963147974549	-0.0077461397503099	0.0001321652539221	6.000268103133265e-05	0.0221424502088041	0.0156967262468726	0.0002463872148692	0.0004902881012493	0.0958844181149345	0.0390603313202078	0.0015257094828444	0.0091938216372395	0.000125721714611	-0.0003379499782787	1.1421018781857381e-07	1.5805949524729734e-08	-0.0007990441471947	0.0001466172878515	2.1496629096929624e-08	6.384715491661053e-07	-0.000696950136118	-1.6690583715000577e-06	2.785755847474424e-12	4.857394922348987e-07	0.0	0.0	0.0	0.0	0.0	0.0	0.0	0.0	0.0	0.0	0.0	0.0	0.0	0.0	0.0	0.0	0.0	0.0	0.0	0.0
1749.4573939375778	-3.1674537023711764	3060601.173202861	10.032762956664872	2152.068495837125	8.90871810913086	4631398.810774665	79.36525834795611	1845.1412806817664	-6.054508677699914	3404546.345675949	36.657075328343566	1894.0578752106312	1715.4047548701578	0.863672	23.122105	0.0443849752968684	0.022368438795753	0.0151666819	0.0557663466	0.1023659864	-0.0048700355	-0.0054615701	-0.0640099573	0.0100816393	-0.0424941932	0.0206476322	-0.0291727247	0.0078974199	0.0058688377	0.0720623774	0.029338376	0.0042484515	0.0088757266	-0.0747478521	-0.0487628501	0.0157312963	0.0981236874	0.0183508606	-0.0261915105	0.0341845344	-0.0563129146	0.01632135	0.0157896841	0.0005422263	-0.0802993728	-0.0126555542	0.0390118018	0.0156551888	0.0130867612	-0.1142074476	-0.0023598553	0.0521182778	0.0011864875	0.0025685719	-0.0576427856	-0.0285313117	-0.0389337912	-0.099230474	-0.0493611047	-0.0173829532	0.0007549073	0.0261851502	-0.0133229266	0.0142214423	-0.0531421628	-0.0484143801	0.0182259898	-0.0331425057	-0.0458935106	0.0089646823	-0.0042773382	0.0717046879	-0.0979091165	0.0239122804	0.0772475461	0.0645158866	0.0448275254	0.0203054443	-0.0064061583	-0.0324269895	-0.0549512416	-0.0715501408	-0.0068456515681134	0.0046506632293414	4.686294539201346e-05	2.1628668472749102e-05	0.0126972743833277	-0.0094451758254764	8.92113463741638e-05	0.0001612207767655	0.09603382667634	0.0001494085614054	2.2322918221259625e-08	0.0092224958661013	0.0003350696927393	0.0002093479781283	4.3826575946407176e-08	1.1227169899240892e-07	-0.0011231283965649	-0.0003240842493702	1.05030600689846e-07	1.2614173951704431e-06	-0.0007663124622324	-6.936232611440003e-05	4.811132284000381e-09	5.872347897726835e-07	0.0	0.0	0.0	0.0	0.0	0.0	0.0	0.0	0.0	0.0	0.0	0.0	0.0	0.0	0.0	0.0	0.0	0.0	0.0	0.0
1751.7765650662016	2.3191711286237933	3068721.13391514	5.378554723842159	2144.199837771329	-7.868658065795898	4597592.944298593	61.91577975641485	1850.7988506116365	5.657569929870078	3425456.385425355	32.008097511370124	1896.664373180913	1715.0211905420354	0.877386	23.489256	0.0447992394147314	0.0253591210496916	0.0100701578	0.0700030512	0.0435410947	-0.0149509779	0.0413120026	-0.0585010831	0.0095837316	-0.0588184214	0.0258816312	-0.0122626902	0.0254571871	0.0108887468	0.0345404237	-0.0032729211	-0.0586554319	0.0649010343	-0.0484662208	0.0002936214	0.0650789751	0.0579115447	0.0410160417	-0.0112461058	0.0323155109	-0.0622089314	0.0236231957	-0.0135356411	0.0415505382	-0.0188590019	-0.0055513928	0.0330491854	-0.0068886173	-0.0623560991	-0.0725382863	-0.0020605224	0.0565419021	-0.0035037215	-0.0029796036	-0.0495097072	0.000167522	-0.0166448515	-0.045862533	-0.0448813109	-0.0285069412	0.0319884305	-0.0321535364	-0.0015596767	0.0023796637	-0.0445354594	0.0525448184	0.0617964023	-6.48376e-05	-0.0596051375	0.0108185435	-0.0092169816	0.0274525051	-0.0263903867	0.0565416516	0.0769663555	0.063453702	0.0426618292	0.0169759185	-0.010657419	-0.0370681691	-0.0592265694	-0.0745906743	-0.0109968282635293	-0.0041511766954158	0.0001209302318575	1.7232267956564063e-05	0.0261344701921046	0.0134371958087769	0.0001805582312034	0.000683010532222	0.0958667303532863	-0.0001670963230537	2.79211811780666e-08	0.0091904299886297	0.0005849066791653	0.000249836986426	6.24185197864253e-08	3.421158233321792e-07	-0.0011273086923373	-4.180295772399957e-06	1.7474872744744953e-11	1.2708248878192333e-06	-0.0010531705917837	-0.0002868581295512	8.228758648967035e-08	1.1091682953980288e-06	0.0	0.0	0.0	0.0	0.0	0.0	0.0	0.0	0.0	0.0	0.0	0.0	0.0	0.0	0.0	0.0	0.0	0.0	0.0	0.0
1751.1780750790458	-0.5984899871557445	3066624.650637552	0.3581902647256832	2143.954557939009	-0.2452798323197385	4596541.146507452	0.060162196142799	1852.36110575715	1.562255145513518	3431241.666121851	2.440641139683464	1899.913259229473	1720.117770719468	0.907856	24.304995	0.024803354360107	0.0128178140680602	0.0053710775	0.062071795	0.0470583217	-0.0119632004	0.0579919567	-0.0573447284	-0.0016727918	-0.034194864	-0.0501295271	-0.0098130799	-0.0079922596	-0.0006620179	0.0053816407	-0.0068630868	0.0269968522	0.0525438565	-0.025678611	0.0862530948	0.0481641996	0.0808439216	0.1174452493	-0.0093296466	0.01911721	-0.0755623002	0.061908299	-0.0548752022	-0.02453888	-0.0180386319	0.0090358981	-0.027598118	-0.0076559604	0.0447343768	-0.1036880993	-0.0010813076	0.050614573	-0.0048138881	0.0011732632	-0.0381942072	-0.0276878189	-0.0346398114	-0.0771459059	-0.0198871253	-0.0019538952	0.0346112697	-0.0508290164	0.0340033679	-0.0390133318	-0.0798948393	-0.0205036409	0.038700778	-0.0508914399	-0.014402294	0.0811499571	0.0513353598	0.0419269807	0.0553014307	-0.0144035444	0.0766767246	0.0623636846	0.0404540309	0.0136166111	-0.0148794683	-0.0415630576	-0.0631837885	-0.0771080077	-0.0071122430078389	0.0038845852556903	5.058400060255333e-05	1.509000260872724e-05	0.0260719516763856	-6.251851571899975e-05	3.908564807706818e-09	0.0006797466642157	0.0960142409701489	0.0001475106168626	2.1759382087186583e-08	0.0092187344690738	0.0006960616151503	0.000111154935985	1.2355419793829456e-08	4.845017720856444e-07	-0.0009983065642626	0.0001290021280746	1.664154904780129e-08	9.966159962497967e-07	-0.0008791528564067	0.0001740177353769	3.028217222573956e-08	7.729097449280597e-07	0.0	0.0	0.0	0.0	0.0	0.0	0.0	0.0	0.0	0.0	0.0	0.0	0.0	0.0	0.0	0.0	0.0	0.0	0.0	0.0
1755.766995517254	4.588920438208106	3082717.742547685	21.05819078820408	2146.3424970453434	2.3879391063342155	4606786.11462284	5.702253175560252	1854.467661361248	2.106555604098048	3439050.3070346564	4.437576513156893	1899.134004720052	1712.944876925231	0.969562	25.956989	0.0783162404194595	0.0445636118590553	0.0060251677	0.0545915757	-0.0408273959	-0.0106439367	0.0834449215	-0.0386733272	-0.017122789	-0.0167828006	-0.0314881724	-0.005631089	0.0203209493	0.0152830294	-0.0225696849	-0.0068339626	-0.0674394552	0.0751206676	-0.0196651331	0.0221667816	0.0058588686	0.0132715862	0.018623827	-0.007338609	0.0144907291	-0.0363469465	0.0090476463	-0.0870011247	0.0039444508	0.0449302826	0.0069916892	0.0009413453	-0.0241913608	-0.0365947227	-0.0217817361	-0.0010373928	0.0463328655	-0.0039592192	-0.0027614101	-0.0185010304	-0.0144119298	-0.0056467786	0.0006769084	0.0286585889	0.0144354694	0.0606397896	-0.0829956161	0.0104042172	-0.022915233	-0.0543454037	-0.0069623194	0.0269010409	0.0065297901	-0.0134338523	-0.0014392104	0.0541767526	-0.0172505577	8.16621e-05	0.0041715768	0.0763786853	0.0612463124	0.0382063093	0.0102334157	-0.0190607341	-0.0458939156	-0.0668016447	-0.0790844839	-0.002023352824068	0.0050888901837709	4.093956650663951e-06	2.5896803302479823e-05	-0.0040635718947754	-0.0301355235711609	0.000908149780908	1.6512616544008532e-05	0.0957890309807112	-0.0002252099894377	5.071953934253004e-08	0.0091755384562236	0.0001436916316936	-0.0005523699834567	3.05112598623955e-07	2.0647285018769192e-08	-0.0008080552532359	0.0001902513110266	3.619556134737812e-08	6.529532922821345e-07	-0.0007644418173883	0.0001147110390184	1.3158622472680896e-08	5.84371292171927e-07	0.0	0.0	0.0	0.0	0.0	0.0	0.0	0.0	0.0	0.0	0.0	0.0	0.0	0.0	0.0	0.0	0.0	0.0	0.0	0.0
1755.7704036693349	0.003408152080965	3082729.7104011797	1.1615500606986128e-05	2146.4199399081144	0.0774428627710221	4607118.558435153	0.0059973969941713	1854.8310322008635	0.3633708396155271	3440398.158015321	0.1320383670828931	1901.174219946768	1732.862159622906	0.8691179999999998	23.267912	0.0436932924694483	0.0308034772168976	0.0080280102	0.0333956497	-0.0241273357	-0.0030867802	0.057718585	-0.0345242859	-0.0094089379	-0.0249709443	-0.0344719199	-0.0071663367	-0.0035236271	0.0155068389	-0.0353292526	-0.0045162659	0.0104029132	0.0399181473	-0.0326313361	0.0812008212	0.0252261917	0.0073639122	0.0171294597	-0.0061527144	-0.0026176168	-0.0495056378	0.0237240909	-0.0731071266	-0.0337431107	0.0080404567	0.0186037487	-0.0460086874	0.0016079349	-0.0058995388	-0.0460209196	0.0055065011	0.025664781	-0.0068529291	0.0004484724	-0.0146636255	-0.0075425991	-0.0123921653	-0.0178059445	0.0134081679	0.0058717892	0.0305517043	-0.0407904269	0.0565385428	-0.0215559592	-0.0217429031	-0.0096665547	0.0211665153	0.0413164024	0.018962155	-0.0113467248	0.0115464498	0.0468762718	-0.0139438735	0.0157394725	0.0760722702	0.0601020755	0.0359208828	0.0068322673	-0.0231897558	-0.0500436514	-0.0700607062	-0.0805062393	-0.0035001582380971	-0.0014768054140291	1.2251107691718997e-05	2.1809542309056613e-06	-0.0114687218990638	-0.0074051500042884	5.4836246586012495e-05	0.000131531581998	0.0658536027351104	-0.0299354282456008	0.0008961298642475	0.0043366969931937	0.000143670074116	-2.155757760000901e-08	4.647291519804103e-16	2.064109019649693e-08	-0.0007860607059546	2.199454728130004e-05	4.837601101093429e-10	6.178914334458441e-07	-0.00083994388864	-7.550207125170004e-05	5.700562763296791e-09	7.055057360636847e-07	0.0	0.0	0.0	0.0	0.0	0.0	0.0	0.0	0.0	0.0	0.0	0.0	0.0	0.0	0.0	0.0	0.0	0.0	0.0	0.0
1755.427497817256	-0.3429058520789567	3081525.700092952	0.1175844233899953	2153.920810352672	7.500870444557677	4639374.857270312	56.26305742603888	1853.3858788919729	-1.4451533088906672	3435039.2160761706	2.088468086197644	1901.3275584501373	1724.7395043355025	0.850651	22.773521	0.0560324792057892	0.0305324841332732	0.011124721	0.0355671135	0.0142871391	-0.0122845832	0.0615243281	-0.0132243437	-0.0301279577	-0.0166953236	-0.0218285099	-0.0063580676	0.0062185532	0.0061557943	0.0111203317	-0.0167580121	-0.0449341844	0.0216566883	0.0045752636	0.0834380276	0.0539339739	0.0265744968	-0.044584283	-0.0048641424	0.0071259732	-0.0291158632	0.0239340411	-0.064678593	-0.007941271	-0.016436688	0.03796956	0.0216669873	-0.0413287577	0.001369039	0.0265531325	0.0023589499	0.0332885421	-0.0085433435	0.0003209795	0.006887139	-0.0206828802	-0.0183884896	-0.030557492	-0.0310777442	-0.0359643871	0.0498209873	-0.0454021818	0.0073293806	-0.0482998103	-0.0414081809	-0.0480495633	0.0442635147	0.0066990312	0.0023523399	-0.0100035276	0.0156289587	-0.0386383239	0.0172306908	-0.0340182456	0.0757575129	0.0589314758	0.0336000067	0.0034191328	-0.0272552159	-0.0539958877	-0.0729434684	-0.0813633012	-0.0011787893015053	0.0023213689365917	1.3895442173433533e-06	5.388753739773343e-06	0.0111581852376616	0.0226269071367254	0.0005119769265739	0.0001245050977979	0.0741574548831494	0.0083038521480389	6.895396049649189e-05	0.0054993281147463	7.911294246193824e-05	-6.455713165406176e-05	4.167623247399862e-09	6.258857664985951e-09	-0.0006850448814541	0.0001010158245004	1.0204196799515813e-08	4.6928648960646194e-07	-0.0011299779521741	-0.0002900340635341	8.41197580101024e-08	1.2768501723995729e-06	0.0	0.0	0.0	0.0	0.0	0.0	0.0	0.0	0.0	0.0	0.0	0.0	0.0	0.0	0.0	0.0	0.0	0.0	0.0	0.0
1760.8961893231906	5.4686915059346575	3100755.389572934	29.90658678708187	2156.9240072423763	3.0031968897042134	4652321.17301851	9.01919155832906	1855.4381085669088	2.052229674935916	3442650.574722348	4.211646638687574	1901.8868460860904	1711.1598581586566	0.998751	26.73842	0.046408459325	0.0282026122152432	0.0114325676	0.0337339432	-0.0999268657	0.0141785377	0.0517205271	-0.0170294167	0.0327724846	0.0458421695	-0.0575038549	0.0033740827	-0.0092035604	0.0151041274	0.0098174137	-0.0317432748	-0.026832461	0.0392139461	-0.0136986933	0.0859426881	-0.0554262171	-0.0022649054	-0.0355021142	0.0008677931	-0.0196708921	-0.0014565631	-0.0408691299	-0.0761727519	0.0198648821	0.0765062723	0.0196891903	-0.0013708951	-0.0332910916	-0.0300598543	-0.0187664751	0.0040254845	0.0202913543	-0.0131535064	-0.0047322857	-0.0025755918	0.0052010222	0.0281166527	0.0501491639	0.0888808992	0.0210128588	0.0338807405	-0.0426011857	0.0239590621	-0.0094907369	-0.0267218658	0.0189444397	0.0441859972	0.0669370117	-0.0204593269	0.0091555764	0.0548856575	-0.0204846719	-0.0512150154	0.0488722079	0.0754344479	0.0577350269	0.0312459714	0.0	-0.0312459714	-0.0577350269	-0.0754344479	-0.0816496581	-0.0056462223779334	-0.0044674330764281	3.18798271410759e-05	1.995795829236384e-05	0.0218981844732439	0.0107399992355823	0.0001153475835803	0.0004795304832242	0.048608746813656	-0.0255487080694934	0.0006527364840201	0.0023628102667941	8.415184733876255e-05	5.03890487682431e-06	2.5390562357683812e-11	7.081533410526398e-09	-0.0006740436063308	1.1001275123300076e-05	1.2102805433854108e-10	4.5433478323543043e-07	-0.0010329717533043	9.700619886980014e-05	9.410202619167215e-09	1.0670306431245596e-06	0.0	0.0	0.0	0.0	0.0	0.0	0.0	0.0	0.0	0.0	0.0	0.0	0.0	0.0	0.0	0.0	0.0	0.0	0.0	0.0
1760.8764538480516	-0.0197354751389866	3100685.885716489	0.0003894889789615	2160.5719668648458	3.6479596224694433	4668071.224002228	13.307609407167403	1854.815738075658	-0.6223704912508765	3440341.422213148	0.3873450283798573	1904.309152879902	1759.232668465519	0.920758	24.650408	0.1019712651192423	0.0595840410162391	-0.0042924635	0.0018164867	-0.0773837614	-7.11489e-05	0.040995786	0.0097601136	-0.0357598673	0.0468160519	-0.0528937715	-0.0042504384	-0.010311372	0.035051442	-0.0065470502	-0.0180086336	-0.0163703755	-0.0116318521	-0.0113310102	0.0622624016	-0.008360485	-0.0325360161	-0.0315168546	-0.0064145409	-0.0175707796	0.0350392998	-0.0389940036	-0.0698272199	-0.0124673197	0.0296278517	0.0247812698	0.0086231949	0.002410281	0.0357409428	0.013883825	0.0029594477	0.0120992327	-0.0070604147	-0.0014547434	0.0211318347	-0.003831531	0.0106091916	0.0191071476	0.0387928353	0.0173385885	0.0246257752	-0.0436805941	0.0101176749	-0.0216201044	-0.0304835957	-0.0124630086	0.0142052532	0.0513400529	0.0302245819	0.0270379234	0.0078208836	0.0498452699	0.0076745488	-0.0282272493	0.0751031108	0.0565132535	0.0288611001	-0.0034191328	-0.0351510839	-0.0612463124	-0.0775202656	-0.0813633012	0.0073327732454089	0.0129789956233423	5.376956346858457e-05	0.0001684543273907	0.02340486009372	0.0015066756204761	2.270071425337041e-06	0.0005477874760066	0.0152883204230889	-0.0333204263905671	0.0011102508148492	0.000233732741359	0.001027597570377	0.0009434457230382	8.900898323191429e-07	1.0559567666447136e-06	-0.0007950218343564	-0.0001209782280256	1.4635731656214074e-08	6.32059717103415e-07	-0.001014092354671	1.8879398633300052e-05	3.56431692755052e-10	1.028383303802173e-06	0.0	0.0	0.0	0.0	0.0	0.0	0.0	0.0	0.0	0.0	0.0	0.0	0.0	0.0	0.0	0.0	0.0	0.0	0.0	0.0
1757.4542490442643	-3.422204803787281	3088645.437483739	11.711485719064742	2163.7213439941406	3.1493771292948622	4681690.05445581	9.918576302525548	1851.084958795916	-3.7307792797419097	3426515.524680478	13.918714034151565	1904.1134385052849	1753.2003985017952	0.8126459999999999	21.756048	0.081696870432442	0.0476294464059277	0.0005798969	0.0126474288	-0.0971796384	-0.0094378836	0.0679962305	0.0304368284	-0.0520739052	0.0070589361	-0.0164453193	-0.0037393113	-0.0035424547	-0.0079549287	0.0370554088	0.0095387047	0.0217480895	0.0434502555	0.0306278887	0.0731866848	-0.0614077472	-0.046620869	-0.0538871313	-0.0011320256	-0.0199577308	0.0503964829	-0.0489970781	-0.0683230734	0.0363446253	-0.0196336393	0.0297731563	-0.0270574804	-0.0298279009	-0.0062274943	0.0180741027	0.0056635901	0.0176758116	-0.0093590993	-0.0009726593	0.0142507848	0.0065577542	-0.0003691878	0.0251345031	0.0647208806	0.0155346287	0.050897113	-0.0617075499	-0.0026756366	-0.015026062	-0.031021119	-0.0087264358	0.0192206841	0.0815366262	0.0132146806	-0.0561853258	-0.0307912316	0.0288459363	-0.0367209656	0.0279114011	0.0747635377	0.0552666915	0.0264477464	-0.0068322673	-0.0389598496	-0.0645158866	-0.0791897184	-0.0805062393	0.0154260372875967	0.0080932640421878	0.0002379626263983	6.550092285657003e-05	0.0286427860426101	0.00523792594889	2.743586824605625e-05	0.0008204091922827	0.0474758535181081	0.0321875330950192	0.0010360372867429	0.0022539566672728	0.0003341108693448	-0.0006934867010322	4.80923804508524e-07	1.1163007301433805e-07	-0.0007781677854963	1.685404886009995e-05	2.8405896297863646e-10	6.055451023842156e-07	-0.0010008701576364	1.3222197034599807e-05	1.7482649442177992e-10	1.0017410724471125e-06	0.0	0.0	0.0	0.0	0.0	0.0	0.0	0.0	0.0	0.0	0.0	0.0	0.0	0.0	0.0	0.0	0.0	0.0	0.0	0.0
1757.9197014272952	0.465452383030879	3090281.676666231	0.2166459208691241	2169.5669794949617	5.845635500821118	4707020.878514892	34.17145440846016	1851.778143988716	0.6931851928000015	3429082.2945542936	0.4805057115171752	1901.633054486443	1715.4889551830654	1.024729	27.433899	0.0345218985534583	0.0204455622403909	0.0113435023	-0.0044765639	-0.058850136	0.0043447723	-0.0309426274	-0.0185083058	-0.0402942118	0.0891594903	0.0059401953	-0.0041848164	-0.0070827972	-0.0282141307	-0.0169498746	0.0041072795	-0.0380785239	-0.0047079754	-0.0451315133	0.0058452137	-0.0162990773	-0.0716464148	0.0293326281	-0.0050045364	-0.0214143573	0.05463672	-0.0448168497	-0.00923812	0.0278177679	0.0438520132	-0.0337695892	-0.0001232202	-0.0160564067	-0.0519071818	-0.0294070365	0.0081178697	0.0043356248	-0.0009316704	0.0016557591	0.0149171173	0.0049187494	0.0185743332	0.0063761004	0.0703918156	0.0254550488	-0.0167675073	0.0242729376	-0.0105474003	0.0345398236	-0.0144463833	0.0089410399	0.0094117242	0.0098721267	0.0017779119	0.0796928293	0.0499749959	-0.0223531029	0.0573306001	-0.0367565751	0.0744157659	0.0539958877	0.024008292	-0.0102334157	-0.0426618292	-0.0675308461	-0.0804338397	-0.0790844839	-0.0022037527454585	-0.0176297900330552	4.856526163115876e-06	0.0003108094966096	0.0214343747320668	-0.0072084113105433	5.196119362196859e-05	0.0004594324201546	0.0444448456946133	-0.0030310078234948	9.1870084260867e-06	0.0019753443088179	0.0003341691388454	5.8269500599996474e-08	3.3953347001729888e-15	1.1166901335667624e-07	-0.0007001587213477	7.800906414860004e-05	6.0854140893403965e-09	4.902222350792462e-07	-0.0009458837035583	5.498645407810013e-05	3.023510132083014e-09	8.946959806571659e-07	0.0	0.0	0.0	0.0	0.0	0.0	0.0	0.0	0.0	0.0	0.0	0.0	0.0	0.0	0.0	0.0	0.0	0.0	0.0	0.0
1759.6869406084577	1.7672391811624948	3096498.1289479537	3.123134323435885	2172.395346208052	2.8283667130904178	4719301.540226403	7.999658263717894	1849.5821633143728	-2.195980674343218	3420954.178850675	4.822331122088896	1899.458266793045	1731.4742413314646	0.908024	24.309496	0.0399973698067336	0.0197407212051646	0.0089273212	0.0074993455	0.0018448042	0.0266590877	-0.0907955799	-0.0238930531	-0.0057267615	0.0299357836	0.0481321479	-0.009468908	-5.09154e-05	0.033380341	0.0716524785	-0.0044721875	-0.0209135648	0.0187917471	0.0156176992	-0.0608461559	0.0016271794	0.0154971376	-0.0108154017	-0.0039367951	0.013351173	-0.01947805	-0.0276270646	0.0633894309	0.0382503344	-0.042604506	-0.0058714981	0.0468073553	0.0519919031	-0.0022388641	0.0041249045	0.007524748	0.0094250914	-0.0102162671	0.0037829911	0.0157883756	0.0024418538	0.018246417	0.0128528234	0.0118545372	0.0234042465	-0.0319736673	0.0435956922	-0.0543575699	0.0116841924	-0.0269890322	-0.0118524939	-0.0174503837	-0.0152076355	0.0298863272	-0.0471261442	0.0385666041	-0.0057645987	-0.013326128	-0.0281717972	0.0740598336	0.0527013995	0.0215451443	-0.0136166111	-0.0462468756	-0.0702792922	-0.0812459471	-0.0771080077	-0.0012374725722281	0.0009662801732303	1.5313383670168303e-06	9.336973731781714e-07	0.0325116262374933	0.0110772515054264	0.0001227055009144	0.0010570058406064	0.0348915316363616	-0.0095533140582517	9.12658094955896e-05	0.0012174189799312	0.0003341921280598	2.298921439997624e-08	5.28503978728075e-16	1.1168437845713777e-07	-0.0008481214644209	-0.0001479627430732	2.1892973337745812e-08	7.19310018411452e-07	-0.0007258589544494	0.0002200247491089	4.8410890220434396e-08	5.268712217543761e-07	0.0	0.0	0.0	0.0	0.0	0.0	0.0	0.0	0.0	0.0	0.0	0.0	0.0	0.0	0.0	0.0	0.0	0.0	0.0	0.0
1763.081374153191	3.394433544733374	3108455.9318859046	11.52217908961118	2157.897772355513	-14.497573852539062	4656522.795936886	210.17964760982431	1854.566373055441	4.984209741068298	3439416.4320680136	24.84234674296011	1898.373247692632	1712.8635785022066	0.951519	25.473946	0.0702478585146978	0.0321139511274668	0.0119099544	0.0388351575	0.0910712886	0.0096002905	-0.0253437209	-0.0145476305	0.0942072806	-0.0010565498	0.0662216125	0.0020596255	-0.0334342188	-0.0288428819	-0.0387926535	-0.0241714494	-0.058868822	0.048550482	0.0156505697	0.0066447374	0.0213232222	0.0637852995	0.0285498633	0.0002282084	-0.0173560412	-0.0620775012	0.0534668198	0.0218938561	0.0294930136	0.0555740108	-0.0349711412	0.0152349831	-0.0224898841	-0.039306622	0.0382506899	0.0074514189	0.0128463389	-0.0104914614	0.0019725134	0.0052421759	0.0169551089	0.0119480508	0.0069759011	-0.0999713018	-0.0330132128	-0.0399988733	0.0450087655	-0.0031805165	0.012889275	0.0040626712	0.0430945089	0.0165527315	0.0225666296	0.0298754737	0.0021094686	0.016771927	-0.0607005358	-0.0416831427	0.0113715665	0.0736957799	0.0513837948	0.0190607341	-0.0169759185	-0.0497051625	-0.0727503781	-0.0816216788	-0.0745906743	-0.0204866110735935	-0.0192491385013654	0.0004197012332806	0.0003705293330447	0.0506085954996393	0.018096969262146	0.000327500296475	0.0025612299384461	0.0259169008921702	-0.0089746307441914	8.054399699458549e-05	0.0006716857518545	0.0002132630960171	-0.0001209290320426	1.462383079078436e-08	4.5481148122798816e-08	-0.0005805873592239	0.000267534105197	7.157449744355949e-08	3.370816816905819e-07	-0.0008159382173496	-9.007926290020004e-05	8.114273604643357e-09	6.65755174531643e-07	0.0	0.0	0.0	0.0	0.0	0.0	0.0	0.0	0.0	0.0	0.0	0.0	0.0	0.0	0.0	0.0	0.0	0.0	0.0	0.0
1762.2483481124175	-0.833026040773575	3105519.240424944	0.6939323846068979	2155.1640907634387	-2.73368159207439	4644732.2581162	7.473015046846373	1852.167675709864	-2.398697345577148	3430525.09894448	5.753748955678854	1900.748053816253	1756.488187498148	1.003853	26.875025	0.0538221110347533	0.0335528332452634	-0.0016117562	0.0093634952	0.0336983326	0.0038809728	0.0469000965	0.0069232442	0.0442796703	-0.0361530121	0.0139776214	-0.0053032188	0.009553145	0.0027534564	-0.0328298955	0.0398556015	-0.0091549921	0.0246130728	0.0176630395	-0.0008448196	0.0490958034	0.0299418689	-0.0238269737	-0.0040239399	0.0150028015	-0.0494018791	0.0332878542	-0.0069003964	-0.0462008494	-0.0164477391	-0.0507425802	0.032627828	0.0067940623	0.0663848346	-0.0165769845	0.0050331027	0.0043959146	-0.0062504003	-0.0018549128	0.0058102086	-0.0118690002	-0.0111554107	-0.0185835855	-0.0312565179	-0.0007824342	-0.0062021965	-0.0048731997	0.0960103674	-0.0202901606	-0.034695649	-0.0123184941	0.002589785	0.0065724815	0.0077495935	0.0019472877	0.0159827876	0.0461709798	0.0087709308	0.008026577	0.0733236445	0.0500436514	0.0165575133	-0.0203054443	-0.0530272111	-0.0749343514	-0.0815590168	-0.0715501408	-0.0074412375732464	0.0130453735003471	5.537201662149397e-05	0.0001701817697635	0.0506843669746643	7.577147502500076e-05	5.7413164274643144e-09	0.0025689050556224	0.0545683026634264	0.0286514017712562	0.0008209028234579	0.0029776996555673	0.0004047819479117	0.0001915188518945	3.667947063102572e-08	1.638484253551902e-07	-0.0005406629242812	3.992443494270001e-05	1.5939605054938856e-09	2.923163976922986e-07	-0.0008063902184244	9.547998925199984e-06	9.116428347562007e-11	6.502651843705516e-07	0.0	0.0	0.0	0.0	0.0	0.0	0.0	0.0	0.0	0.0	0.0	0.0	0.0	0.0	0.0	0.0	0.0	0.0	0.0	0.0
1760.8889063895338	-1.35944172288373	3100729.740645728	1.8480817979170845	2171.892488826405	16.728398062966335	4717116.983020556	279.8393017530558	1852.1222437808387	-0.0454319290251987	3430356.8059077687	0.0020640601749506	1904.948476275276	1741.5470184924177	0.949564	25.4216	0.0730940975246751	0.0366266776879599	0.0005879341	-0.0028665863	-0.0439484465	-0.0100023893	0.0444162012	0.0464768219	-0.0454255535	0.0477304748	0.034217868	-0.0018683641	0.0095909936	-0.01021421	-0.0095254553	-0.0097190367	-0.0465380138	0.0451993874	0.005583676	0.0226973623	0.0397285597	-0.0942780121	0.0291408381	0.0002489692	-0.0101107846	0.05271495	-0.0691139377	-0.0778055664	0.0284106514	0.0293681118	-0.0177228274	0.0161874118	-0.0095131523	0.0404895234	0.0248693192	0.0028220905	0.0079293833	-0.0067316503	-0.006632181	0.01477782	-0.0110676789	0.02004988	0.0365921936	0.0096432773	0.0141113997	0.0026962558	-0.0116546984	-0.0304738644	-0.024729611	-0.056012588	-0.0336359447	0.0227370665	0.0257341458	0.009975175	0.0007685557	0.0238834011	0.0024991573	0.0713803786	-0.0291208182	0.0729434684	0.0486815572	0.0140379523	-0.0235993474	-0.0562039158	-0.0768225931	-0.0810582975	-0.0680077345	0.0171661280515991	0.0246073656248455	0.0002946759522838	0.0006055224429948	0.0365529721676836	-0.0141313948069807	0.0001996963191907	0.0013361197742914	0.0543508049223575	-0.0002174977410689	4.730526737007631e-08	0.0029540099957081	0.0003340405237231	-7.074142418859997e-05	5.004349096231436e-09	1.1158307148920297e-07	-0.0007781978451142	-0.0002375349208329	5.6422838615139576e-08	6.055918861403844e-07	-0.0011808706604384	-0.000374480442014	1.402356014510008e-07	1.394455516684223e-06	0.0	0.0	0.0	0.0	0.0	0.0	0.0	0.0	0.0	0.0	0.0	0.0	0.0	0.0	0.0	0.0	0.0	0.0	0.0	0.0
1762.454334274859	1.5654278853253345	3106245.2804042366	2.4505644641541484	2172.824562766335	0.9320739399299782	4721166.580560715	0.8687618294965926	1853.7884642840827	1.6662205032439488	3436531.6703127376	2.776290765430518	1901.2646189970128	1722.0033050132008	0.95493	25.565256	0.0534446895387561	0.0300970425205845	0.0029548976	0.0004795558	-0.0217326	0.0262199108	-0.0768908157	-0.0315086646	0.0009627651	0.0662848778	0.0111058323	0.0007851957	-0.0061767333	0.039473082	0.0196866319	-0.0110060381	-0.0889559401	0.025020507	0.0542329089	-0.0592636843	-0.0116460388	-0.0788044254	-0.0473854584	0.0009149978	0.0059555045	-0.0255339683	-0.0629554768	0.0759358125	0.0429950588	0.0492187681	-0.0258022838	0.0476921911	-0.0285136369	0.0061620822	-0.0019247036	0.0050500912	0.00534745	-0.0062116962	-0.0039133438	0.0121534894	-0.0007199124	0.0296348478	0.0340459948	0.0493686714	0.0011386804	-0.0248724586	0.0336740882	-0.0313051318	0.0704867335	-0.0324228697	0.0635415737	0.0098202757	-0.0158153469	-0.0026879228	-0.0309600883	0.1329420731	-0.0036241735	-0.0720492153	0.0673514242	0.0725552932	0.0472981097	0.0115045374	-0.0268518493	-0.0592265694	-0.0784076511	-0.0801222105	-0.0639883028	-0.0045460380988942	-0.0217121661504933	2.066646239659759e-05	0.0004714181589466	0.0505748079237378	0.0140218357560542	0.0001966118779697	0.0025578111965229	0.0544272417060511	7.643678369360224e-05	5.842581901422537e-09	0.0029623246397289	0.0003341798891436	1.3936542049997752e-07	1.9422720431135554e-14	1.1167619830802879e-07	-0.0007356456806932	4.255216442099999e-05	1.810686696911817e-09	5.411745675225616e-07	-0.0008708771733096	0.0003099934871288	9.60959620622735e-08	7.584270509917191e-07	0.0	0.0	0.0	0.0	0.0	0.0	0.0	0.0	0.0	0.0	0.0	0.0	0.0	0.0	0.0	0.0	0.0	0.0	0.0	0.0
1761.2605407582157	-1.1937935166433815	3102038.6924319225	1.425142960379772	2159.2669141942806	-13.557648572054404	4662433.6067340905	183.8098348033288	1854.701984963221	0.9135206791384008	3439919.453026512	0.834520031213485	1902.2544402477788	1744.3697565611635	1.004794	26.900211	0.0512595965635185	0.0281320603866189	-0.0042209914	0.0161132821	0.0999109534	0.0136794051	-0.031360372	-0.0188990351	0.0340079669	-0.0286113086	0.0414917119	0.0092463304	-0.0183425581	0.0280455672	0.0048837415	0.0260599144	0.012118728	-0.0271007625	-0.0165234616	0.0528568709	0.0736861495	-0.0509692518	0.044059078	0.0072270925	0.0027981803	-0.0513377457	0.0229218022	0.0290937022	-0.0301878194	-0.0443034861	-0.006642979	0.0150627704	0.0300169292	0.0236091276	0.0379001556	0.0012326669	0.0060896013	-0.0005458299	-0.007047031	0.0102270018	-0.0161744827	-0.0105752277	-0.0089398196	-0.0880224376	-0.0135314535	-0.0504036473	0.0514608643	0.0067540784	0.0119455089	-0.031588382	-0.0162799997	0.0429034046	0.043506979	0.0087661508	0.0175129827	0.0426007798	0.0686911022	-0.0012131498	-0.0080624857	0.0721591615	0.0458939156	0.008959769	-0.0300572439	-0.0620868871	-0.0796832699	-0.0787557834	-0.0595200392	0.0100690830818024	0.0146151211806965	0.0001013864341082	0.0002136017671264	0.0411043683311049	-0.0094704395926328	8.968922607770877e-05	0.0016895690958991	0.0544509777142252	2.3736008174096712e-05	5.633980840407858e-10	0.002964908974035	0.0004310322806192	9.68523914756e-05	9.380385734542878e-09	1.8578882693578882e-07	-0.0011351776291825	-0.0003995319484892	1.5962577786365664e-07	1.2886282497964017e-06	-0.0008242555176342	4.662165567539999e-05	2.173578777915556e-09	6.79397158350423e-07	0.0	0.0	0.0	0.0	0.0	0.0	0.0	0.0	0.0	0.0	0.0	0.0	0.0	0.0	0.0	0.0	0.0	0.0	0.0	0.0
1762.8872036358148	1.626662877599074	3107771.292742903	2.6460321173589	2158.5330921519885	-0.733822042292104	4659265.109915225	0.5384947897537545	1854.3592832688005	-0.3427016944206116	3438648.3514451794	0.1174444513587582	1901.6770747166047	1737.6652798851585	0.98921	26.483006	0.0409729782559629	0.0209457315867607	0.0009694007	0.0060562314	-0.0124818465	0.0011348976	0.0660580324	0.0379776744	0.0374145713	0.0190001423	-9.45193e-05	-0.000422784	-0.0064980003	-0.0086305826	-0.0644242567	0.0320491205	-0.0842797777	-0.0300847242	0.0443117512	0.0141300216	0.0142903971	-0.0113805378	-0.0185124003	-0.0002124242	-0.0191876366	-0.0051432812	0.0295004728	-0.0543875667	-0.0427981783	0.0154724964	-0.0149135433	0.0405633373	-0.0627313824	0.0102887635	0.0410494311	0.0032328262	0.0129932193	-0.0095026522	0.0030840798	0.0218368144	-0.0016807529	-0.0046821845	0.0052083509	-0.0331491338	0.0178514369	0.0232395079	-0.0537820053	0.0252719711	-0.0282292032	-0.0418227746	-0.0435473833	-0.0122463893	0.0349063449	-0.0248713411	0.0129390205	0.0150441524	-0.0452231548	-0.0236996103	-0.0043385329	0.0717551168	0.044469591	0.0064061583	-0.0332099078	-0.064777029	-0.0806444153	-0.0769663555	-0.0546342852	0.0157060154314194	0.005636932349617	0.0002466789207319	3.177500631415864e-05	0.0252523454445423	-0.0158520228865626	0.0002512866295961	0.0006376809504504	0.0543533821684718	-9.759554575339974e-05	9.52489055090394e-09	0.0029542901531519	0.0002150130839359	-0.0002160191966833	4.666429333569825e-08	4.623062626362637e-08	-0.0010590990717718	7.607855741069989e-05	5.7879468976931594e-09	1.1216908438278884e-06	-0.0009198863130208	-9.563079538659998e-05	9.145249026273753e-09	8.461908288830013e-07	0.0	0.0	0.0	0.0	0.0	0.0	0.0	0.0	0.0	0.0	0.0	0.0	0.0	0.0	0.0	0.0	0.0	0.0	0.0	0.0
1760.555850745119	-2.3313528906958254	3099556.9035928696	5.435206300955781	2165.080096938393	6.547004786404614	4687571.826158762	42.86327167320492	1850.175381487573	-4.183901781227405	3423148.942262687	17.50503411495785	1906.3548052619485	1758.7228276461326	0.949141	25.410284	0.0641317602406743	0.0407061756768503	-0.0096806819	-0.028891419	-0.0979368416	-0.009448739	0.0733364013	0.0529886123	-0.0599428871	0.0167410837	-0.0151420587	-0.0013353355	-0.0033268903	-0.0023071494	0.0188817794	0.0055157564	-0.0017147897	-0.0375285331	-0.0379287489	0.0782364887	-0.0116302219	0.0006752879	-0.0188420262	0.0045411601	-0.0324281859	0.0707980754	-0.0632680459	-0.0582569775	-0.0255184985	-0.008060778	0.0280511561	0.0093088131	0.0346896766	0.0187690336	-0.0206671697	0.0017804683	-0.0015110754	0.0011841941	-0.00179853	0.0243436509	-0.0115178769	0.0170989807	0.0353261985	0.0890591728	0.0268492703	0.0122798907	-0.0279446946	0.0349181427	0.0323420676	-0.0005831378	0.0183964758	-0.068233352	-0.0350155284	-0.0231600805	-0.0022693223	-0.0027453693	0.0319430608	-0.0181807729	0.0219897518	0.0713432033	0.0430257605	0.0038462256	-0.0363043104	-0.0672896215	-0.081287294	-0.0747635377	-0.049365311	0.000751117045965	-0.0149548983854544	5.641768167391879e-07	0.0002236489857192	0.0254282138677695	0.0001758684232271	3.092970228842118e-08	0.000646594060505	0.0544363859919698	8.300382349800406e-05	6.889634715287811e-09	0.0029633201198667	8.480466793850568e-05	-0.0001302084159973	1.695423159655049e-08	7.191831704160212e-09	-0.0003640455931506	0.0006950534786212	4.830993381434311e-07	1.3252919389237218e-07	-0.0010729842105721	-0.0001530978975513	2.3438966234628366e-08	1.1512951161370327e-06	0.0	0.0	0.0	0.0	0.0	0.0	0.0	0.0	0.0	0.0	0.0	0.0	0.0	0.0	0.0	0.0	0.0	0.0	0.0	0.0
1755.8755701837074	-4.680280561411564	3083099.0179679594	21.905026133526945	2172.0163549943404	6.936258055947292	4717655.0463629	48.111675818693705	1848.412326388889	-1.7630550986841629	3416628.1283463845	3.1083632809962225	1901.651867197074	1747.669051287298	1.021397	27.344702	0.1086684092134775	0.0524777834768639	0.0002515708	-0.0050937373	-0.0103459765	-0.0008427888	-0.0400944559	-0.0144273302	-0.0838449313	0.0266750525	0.0503108046	-0.0064322896	-0.0094183428	0.0111998831	0.0501068345	0.0181685128	0.0225254505	-0.0383021981	-0.0210374281	-0.1149671612	-0.0100643722	-0.0973317711	-0.0812418196	-0.0013278155	-0.0020596764	0.0231003984	-0.0574457263	0.0475772601	0.0085373886	-0.0477309002	-0.0013664474	0.0172089858	0.0599697438	0.0370119995	-0.0500520349	0.0018277727	0.0202874831	-0.0046872348	0.0020199034	-0.0079198948	-0.0120322835	0.0068131913	0.0018993415	-0.0051036317	0.0242887612	-0.0399824243	0.0525324039	-0.0755743434	0.0163907639	-0.0221563347	0.0016984297	-0.0034643898	0.0120191069	-0.0031072055	0.0324102979	-0.0117475359	0.0616153594	0.0001105406	-0.0492841628	0.0709234662	0.0415630576	0.0012824971	-0.0393350228	-0.0696177779	-0.0816093689	-0.0721591615	-0.0437500746	0.0082610785613752	0.0075099615154102	6.824541899721294e-05	5.639952196294226e-05	0.0511801569440848	0.0257519430763153	0.0006631625722057	0.0026194084648211	0.0784972756830271	0.0240608896910572	0.0005789264127252	0.0061618222896571	0.0003339175437318	0.0002491128757932	6.20572248860053e-08	1.1150092601187857e-07	-0.0011146748311032	-0.0007506292379526	5.634442528693009e-07	1.2424999790949473e-06	-0.0010458140257041	2.7170184868000003e-05	7.382189457612963e-10	1.093726976359416e-06	0.0	0.0	0.0	0.0	0.0	0.0	0.0	0.0	0.0	0.0	0.0	0.0	0.0	0.0	0.0	0.0	0.0	0.0	0.0	0.0
1754.6197987060682	-1.2557714776392004	3078690.6380113238	1.5769620040521408	2152.01368748058	-20.00266751376057	4631162.911103763	400.1067076660525	1850.046704744038	1.6343783551490103	3422672.809734273	2.6711926077795853	1897.874953326057	1725.406174178672	0.9197860000000002	24.624393	0.0960223020894281	0.0472847174554571	0.0031458674	0.0139366344	0.0155570403	-0.0112095684	-0.0561443125	-0.0238519639	-0.0162511903	-0.016543756	0.0215372305	0.0013934802	0.0072911168	0.0270533512	-0.0158135245	0.0143428529	0.0234987015	-0.0081754692	-0.0008568518	-0.0413470318	-0.0099823426	0.0590732931	0.0124201629	0.0016782985	0.0172301072	-0.0165272482	-0.011399915	0.063240386	0.0046050918	-0.0224311313	-0.0124740118	-0.0016518041	-0.0043943322	-0.0357245494	0.0592711737	0.0004400227	0.0105923857	-0.0064468866	-0.0035629836	-0.0076586235	0.0132912662	0.0056672477	0.0157466264	-0.0146248286	-0.0209481436	-0.0213186156	0.041647897	-0.0225376592	0.0326024176	0.0496637695	0.0774610266	0.001291847	-0.0433334387	-0.0290600375	-0.0501053192	-0.0183973638	-0.0208895231	-0.0502981257	0.0480335897	0.0704959515	0.0400821236	-0.0012824971	-0.0422967282	-0.0717551168	-0.0816093689	-0.0691672152	-0.0378279629	-0.0144691341947549	-0.0227302127561301	0.0002093558443458	0.0005166625719389	0.0253666718600555	-0.0258134850840293	0.0006663360121834	0.0006434680412557	0.0743563794882433	-0.0041408961947838	1.7147021295974997e-05	0.0055288711705996	-0.0001108778391466	-0.0004447953828784	1.9784293262994245e-07	1.2293895213819305e-08	-0.0007109415495123	0.0004037332815908	1.6300056266415688e-07	5.054378868229502e-07	-0.0010640395223245	-1.8225496620399937e-05	3.3216872706020954e-10	1.13218010506855e-06	0.0	0.0	0.0	0.0	0.0	0.0	0.0	0.0	0.0	0.0	0.0	0.0	0.0	0.0	0.0	0.0	0.0	0.0	0.0	0.0
1754.6246221459246	0.004823439856409	3078707.5646407288	2.3265572048395796e-05	2153.6401977539062	1.626510273326403	4638166.101381484	2.64553566923633	1847.9654690926536	-2.081235651384304	3414976.374958832	4.331541836593049	1896.5095083199296	1733.0935532079184	0.9828110000000002	26.311686	0.0416892548249734	0.0256016312648265	0.0046122867	0.0184357156	0.1203463737	0.0099091002	-0.0250346235	-0.0222836003	0.0432319638	-0.0506002027	0.0224088969	-0.00263449	0.0149438356	-0.0076763739	-0.0030579935	0.0307751433	0.0359056484	-0.0683291336	0.0192876366	-0.0603873568	0.0555034933	0.1217265056	-0.0117486943	-0.0043880578	0.0272237527	-0.0442306219	0.0541898416	0.0696461913	-0.0468667574	-0.0497545196	0.0110727741	-0.0344287616	-0.057829324	0.000755081	-0.029934754	0.0035877388	0.0110892125	0.0022902621	0.0092979059	-0.019834961	-0.0032814236	-0.0330551626	-0.0666369283	-0.0747262642	-0.0327077051	-0.0292334835	0.0521791818	-0.0119677057	-0.0020186537	0.0349996386	-0.0226882793	-0.0051831166	0.005512041	0.0183819243	0.0219047153	-0.0031707446	0.0278787265	-0.048225292	0.0235766125	0.0700607062	0.0385836084	-0.0038462256	-0.0451842308	-0.0736957799	-0.081287294	-0.0658037687	-0.0316405151	0.0074184777742658	0.0218876119690207	5.503381248727565e-05	0.0004790675577064	0.025232039773158	-0.0001346320868974	1.8125798822375648e-08	0.0006366558311142	0.0743646700277835	8.290539540212194e-06	6.873304586782182e-11	0.0055301041483411	0.0001150944666665	0.0002259723058131	5.1063482994489194e-08	1.324673625724608e-08	-0.0008120580131143	-0.0001011164636019	1.0224539211374581e-08	6.594382166631446e-07	-0.0009979538871493	6.60856351752e-05	4.367311176509631e-09	9.959119608763975e-07	0.0	0.0	0.0	0.0	0.0	0.0	0.0	0.0	0.0	0.0	0.0	0.0	0.0	0.0	0.0	0.0	0.0	0.0	0.0	0.0
1753.8048632095592	-0.8197589363653606	3075831.4982175007	0.6720047137508672	2139.75404548645	-13.886152267456056	4578547.37517563	192.82522479497493	1848.7200874194764	0.7546183268227651	3417765.9616282764	0.5694488191767895	1894.1520751953128	1720.662254825404	0.993058	26.586012	0.0398504933852078	0.0261256177923359	0.0037791351	0.018872051	0.0143261482	-0.0158956113	0.0596074655	-0.0140697401	0.0262494033	-0.0441485741	0.0327999989	-0.0004715609	0.0217579469	-0.0145738801	-0.0177113892	-0.0309696133	-0.0161504943	0.0180483992	0.0170930265	0.0252130622	-0.0493922891	0.0262192055	0.0510866126	-0.0024448965	0.0252681917	-0.0255089277	0.0358291836	-0.0207470414	0.0078021896	0.027696166	0.0207579068	-0.0043480171	-0.0042944468	-0.0175569742	0.0427898424	-0.0005191882	0.0036877831	-0.0061038547	0.0029377069	0.0262350065	0.0172855318	-0.0185486967	0.0283044609	-0.0382995348	-0.0378942109	0.0194081273	-0.0130446377	0.0282672224	-0.0316681836	0.0782411649	-0.013322734	0.0888205943	-0.0399640834	-0.0354199823	-0.0495462864	-0.0397099537	-0.0660017655	-0.019523983	0.0273672204	0.0696177779	0.0370681691	-0.0064061583	-0.0479924649	-0.0754344479	-0.0806444153	-0.0620868871	-0.0252311319	0.0073397403558459	-7.873741841990002e-05	5.387178849123289e-05	6.199581059430411e-09	0.011857191966996	-0.013374847806162	0.0001788865538379	0.0001405930013421	0.0743950375655444	3.0367537760894736e-05	9.221873496593675e-10	0.0055346216143787	-0.0002998705612699	-0.0004149650279364	1.7219597441025729e-07	8.992235351632485e-08	-0.0007248471488296	8.721086428469991e-05	7.605734849284346e-09	5.254033891664004e-07	-0.0010231088073855	-2.5154920236200064e-05	6.327700120895874e-10	1.0467516317497805e-06	0.0	0.0	0.0	0.0	0.0	0.0	0.0	0.0	0.0	0.0	0.0	0.0	0.0	0.0	0.0	0.0	0.0	0.0	0.0	0.0
1755.8016243396155	1.9967611300562569	3082839.3440336324	3.987055010503539	2157.4305891557174	17.676543669267176	4654506.747024786	312.4601960915095	1851.396930181492	2.676842762015667	3427670.5930854524	7.1654871725556655	1901.2544196633733	1732.6758805526945	0.972519	26.036158	0.1154185201140346	0.0556136796832577	0.0023379144	-0.0339287527	-0.0601013902	-0.0071453808	-0.0232247059	0.0166276068	-0.0125513619	0.0494340225	-0.0151962011	7.01925e-05	-0.0088979647	-0.011196874	-0.0463464583	-0.0284175586	0.0289357698	0.0526568995	0.0051396003	-0.0398892455	0.0081646604	-0.059548499	0.0200188013	-0.0006563819	-0.0180430336	0.03192393	-0.0227992234	-0.0049959163	0.0156540663	0.0500792085	-0.0502644676	-0.0414497769	0.019788523	0.0457947171	-0.066106754	0.0048638584	-0.0242831609	0.0037325132	0.0018122571	0.0247327545	0.0210727766	0.021295464	0.0237854312	0.0734345914	0.0319037121	0.0019163161	0.0214463761	-0.0142951078	0.0009324957	0.0036740933	-0.0293518574	0.0355472056	0.0380591712	-0.014375887	0.0617173689	0.0237272906	0.0002599776	-0.0003787996	-0.0185822369	0.0691672152	0.0355364705	-0.008959769	-0.0507165039	-0.0769663555	-0.0796832699	-0.058036534	-0.0186447705	0.0015136363337973	-0.0058261040220485	2.2910949509913314e-06	3.394348807573087e-05	0.0251864174349663	0.0133292254679703	0.0001776682515759	0.0006343556232083	0.0482929876940687	-0.0261020498714757	0.000681317007493	0.0023322126604194	0.0005206471183509	0.0008205176796208	6.732492625703017e-07	2.710734218470961e-07	-0.0009941846292449	-0.0002693374804153	7.254267835646213e-08	9.884030770268194e-07	-0.0007097411523708	0.0003133676550147	9.819928720941209e-08	5.037325033686311e-07	0.0	0.0	0.0	0.0	0.0	0.0	0.0	0.0	0.0	0.0	0.0	0.0	0.0	0.0	0.0	0.0	0.0	0.0	0.0	0.0
1758.874191003228	3.072566663612406	3093638.419777259	9.440665902342271	2173.494554866444	16.063965710726734	4724078.580034082	258.05099435540427	1855.141290675827	3.744360494334842	3441549.2083703727	14.02023551153546	1904.7295170802693	1742.956522704075	1.002071	26.827307	0.0603977204894004	0.0345078550680124	-0.0051036013	-0.0245863923	-0.0121522591	0.001587947	-0.0625905899	0.0305082175	-0.0382823951	0.0739840107	0.073764752	0.0140069539	-0.0203639062	-0.0086089087	-0.0292340877	-0.0261374389	0.0081703549	-0.0422164971	0.026527003	-0.0187194041	-0.0328568577	-0.04835387	-0.0584116842	0.0145110719	-0.0211669262	0.0530861605	-0.0133077133	0.0522014094	0.0134662466	0.0106867137	0.0002123646	-0.0167710341	0.0307030344	0.019373731	0.0682742024	0.0012717046	-0.0111735636	0.0040825064	0.0014312682	0.0272055311	0.0151487747	0.0111327489	0.0372045375	-0.0325411997	-0.0011940483	-0.0325648882	0.0462563706	-0.0954151831	0.0103302257	0.0349016692	0.0061241463	7.75627e-05	0.003825565	0.0385091466	0.0063616245	-0.0412291322	-0.0004220683	0.0411898873	-0.0408927896	0.0687090676	0.0339891844	-0.0115045374	-0.0533515689	-0.0782873035	-0.0784076511	-0.0536744641	-0.0119276293	0.0143575110204352	0.0128438746866379	0.0002061381227019	0.000164965116966	0.0252909545717869	0.0001045371368205	1.0928012974648484e-08	0.0006396323831521	0.0444823180666063	-0.0038106696274624	1.452120300966446e-05	0.0019786766205787	4.195104271180906e-05	-0.000478696075639	2.291499328322663e-07	1.7598899846080281e-09	-0.0009980232882378	-3.838658992899894e-06	1.473530286377123e-11	9.960504838649908e-07	-0.0010999791985084	-0.0003902380461376	1.5228573265329176e-07	1.2099542371511822e-06	0.0	0.0	0.0	0.0	0.0	0.0	0.0	0.0	0.0	0.0	0.0	0.0	0.0	0.0	0.0	0.0	0.0	0.0	0.0	0.0
1752.081140255729	-6.79305074749891	3069788.322039816	46.1455384580955	2157.235977693037	-16.258577173407048	4653667.063453234	264.3413317036327	1850.1803635268184	-4.960927149008512	3423167.3775802297	24.610798177769723	1898.7578314089308	1746.2478353449728	0.935562	25.046728	0.0973483677739438	0.0535110861753564	-0.0039538705	-0.0186248317	0.013289397	-0.0159246449	-0.0675250159	-0.0044978846	0.0031341917	-0.0274028861	0.0437170983	0.0097691846	0.0056687609	0.0684797225	0.0517563828	0.0351522059	0.0535558878	-0.086303958	0.0307494083	-0.0245833818	0.0455004027	0.0495438558	0.0479944888	0.0059440536	0.0097034165	-0.0029536785	-0.0232388517	0.066381095	-0.0255140502	-0.0686306031	0.0502097582	0.0014307293	-0.0026935715	-0.0020257533	0.0267360154	0.0030106431	-0.0061404095	-0.0021575887	0.0029052309	-0.0270467318	0.023441222	0.0007571966	-0.0081560953	-0.0042183444	0.0052059139	-0.0481085943	0.0675798171	-0.0037173226	0.0225265668	0.0532331	0.0777821762	0.0367124454	0.035563789	0.0045232305	-0.0020811971	-0.0600407118	0.0601000752	-0.0477904493	0.054836746	0.0682433853	0.0324269895	-0.0140379523	-0.0558930371	-0.0793936715	-0.0768225931	-0.0490241061	-0.0051268245	0.0104072768543659	-0.0039502341660693	0.0001083114115234	1.5604349966781227e-05	0.0563392777416567	0.0310483231698698	0.0009639983716606	0.0031741142164515	0.0808292576067515	0.0363469395401452	0.0013211000139349	0.0065333688852585	0.0003760494428741	0.0003340984001622	1.1162174099100229e-07	1.4141318348592104e-07	-0.0008412014794305	0.0001568218088072	2.4593079717593332e-08	7.07619928996062e-07	-0.0010708419895208	2.913720898760005e-05	8.489769475870813e-10	1.1467025665208653e-06	0.0	0.0	0.0	0.0	0.0	0.0	0.0	0.0	0.0	0.0	0.0	0.0	0.0	0.0	0.0	0.0	0.0	0.0	0.0	0.0
1749.0815797070084	-2.9995605487206376	3059286.372470364	8.997363485441252	2144.9509679620915	-12.285009730945603	4600814.654961513	150.92146408942816	1847.0766594423883	-3.103704084430092	3411692.1858568527	9.632979043708035	1897.0168299057905	1733.8213403363595	0.959186	25.679197	0.0334420737997249	0.0169227884381428	-0.0039472943	-0.0005702556	0.1009221226	-0.0151050313	-0.0181804951	0.0056895533	0.0106342915	-0.1011974474	0.0292495865	0.0032657848	-0.0019212978	-0.0534915652	0.0236441859	-0.0128421075	0.0578606555	-0.0304080879	0.0079210204	0.0158505462	0.0345988482	0.0288000855	-0.0173369162	0.0023986082	-0.0009123447	-0.022694513	0.0578698628	0.0292419707	0.0010154955	-0.0417212185	0.0235633059	-0.0584697724	-0.0292257696	0.0212886333	0.0114386855	-0.0006785689	-0.0090469289	0.0078129182	0.0085650021	-0.0148034763	0.0128457695	-0.0347144825	-0.0570045804	-0.0649268916	-0.0135638818	-0.0054737813	0.0148907504	0.0042799184	-0.0087170909	0.0191889169	-0.0084713304	-0.0012703923	0.0167742833	0.0124692286	0.0119110665	-0.0474883218	0.0502270141	0.0496918549	-0.0400583107	0.0677702193	0.0308505711	-0.0165575133	-0.05833645	-0.080282427	-0.0749343514	-0.0441104375	0.0017099414	0.0161848451762836	0.0057775683219176	0.0002619492133802	3.33802957144269e-05	0.0486432990433769	-0.0076959786982798	5.922808812437647e-05	0.0023661705418233	0.0830181847512889	0.0021889271445374	4.791402044092669e-06	0.0068920189993991	0.0003269433284437	-4.910611443040004e-05	2.411410474451543e-09	1.068919400138451e-07	-0.0010946665715088	-0.0002534650920782	6.424455290226105e-08	1.1982949027788309e-06	-0.0010178212033297	5.3020786191100046e-05	2.811203768322345e-09	1.0359600019475186e-06	0.0	0.0	0.0	0.0	0.0	0.0	0.0	0.0	0.0	0.0	0.0	0.0	0.0	0.0	0.0	0.0	0.0	0.0	0.0	0.0
1751.9730772675366	2.8914975605282507	3069409.6634702818	8.360758142540824	2141.331341656772	-3.619626305319344	4585299.914761592	13.10169459015976	1849.006168120089	1.9295086777005963	3418823.8097461346	3.723003737321904	1895.0071918562344	1711.5885803919523	1.027098	27.497318	0.0382392264709838	0.0211840109513888	0.0033039038	-0.0149741104	-0.0274753103	-0.0142748997	0.0820477366	0.0406721216	0.0137694926	-0.0628842106	-0.0312310705	0.0030528172	-0.0082812846	-0.0196747305	-0.021576566	0.0369927498	0.0547844124	-0.0141280571	0.0151417192	0.0835055222	0.0251353249	0.0298729994	0.0365182112	0.0039835036	-0.0233693163	0.004942823	0.0473664593	-0.0842927522	-0.0052156161	-0.0140744452	0.015480873	-0.0260378304	-0.0046995075	-0.0421834396	0.0320789001	0.0025897193	-0.0130299836	0.0062580804	0.0060311006	0.0059892598	0.0279314909	-0.0107648384	-0.0173171165	0.0384696256	0.0066922939	0.0587641191	-0.058648679	0.0474270122	-0.0213870397	0.0165078332	0.0033574485	-0.0684614585	-0.0451438573	-0.0133470312	0.0065096753	-0.0056598048	-0.0882004357	0.0744504895	0.0102231703	0.0672896215	0.0292606206	-0.0190607341	-0.0606775209	-0.0809511339	-0.0727503781	-0.0389598496	0.0085347133	6.360505813063355e-05	-0.0161212401181529	4.045603419801273e-09	0.0002598943829471	0.0476823441731824	-0.0009609548701944	9.23434262550528e-07	0.0022736059458498	0.0807610436627825	-0.0022571410885064	5.09468589342386e-06	0.0065223461735018	0.0004640422433939	0.0001370989149502	1.8796112480522182e-08	2.1533520365404354e-07	-0.0008787426861009	0.0002159238854078	4.6623124289643896e-08	7.721887083758249e-07	-0.0010427962108542	-2.49750075244999e-05	6.237510008488265e-10	1.087423937371877e-06	0.0	0.0	0.0	0.0	0.0	0.0	0.0	0.0	0.0	0.0	0.0	0.0	0.0	0.0	0.0	0.0	0.0	0.0	0.0	0.0
1749.9075131621507	-2.0655641053858744	3062176.3046213426	4.266555073458548	2150.723116267812	9.391774611040091	4625609.922848729	88.20543034457725	1850.08162042272	1.07545230263122	3422802.002225958	1.156597655234793	1901.4505635579428	1726.4359928521735	0.932872	24.974726	0.0781868170468119	0.0362242594743522	-0.0036409954	-0.0292430728	-0.0727889494	-0.0052916965	0.0232249775	0.0371908011	-0.0608482405	-5.95016e-05	-0.0411630804	0.0051474404	-0.0151391036	-0.0047444051	-0.044332533	0.0066588039	0.0407503029	0.0469452972	0.0382196952	0.0225317338	-0.0299779983	-0.047573808	0.0046605094	0.0039140917	-0.019187173	0.0587649702	-0.0470197142	-0.0189381683	-0.0195612477	0.0014612358	-0.0183075773	-0.0482345595	-0.0220545261	0.03087246	0.0256865336	-0.0018425436	-0.004941091	0.0141562538	0.0023482703	0.005994272	0.010982129	0.0086188952	0.0098655588	0.0912395201	0.0392146556	0.0117866536	-0.0240540385	-0.04605664	0.0114720786	0.0060370313	-0.0352719093	-0.0818401839	-0.0517627666	-0.0218463637	0.0026470753	-0.0605675769	0.0287895112	0.040564837	0.0219292637	0.0668016447	0.0276578354	-0.0215451443	-0.0629121428	-0.0813979594	-0.0702792922	-0.0336000067	0.0152996203	0.0092194484900147	0.009155843431884	8.499823046003435e-05	8.38294689491746e-05	0.063899142325468	0.0162167981522856	0.0002629845423119	0.0040831003899304	0.0808040319352798	4.298827249729631e-05	1.8479915723018022e-09	0.0065292915769977	0.0008751733498181	0.0004111311064242	1.6902878666958687e-07	7.659283922318344e-07	-0.0010842649127469	-0.0002055222266459	4.223938564552975e-08	1.1756304010140424e-06	-0.0006040258001215	0.0004387704107326	1.9251947333454217e-07	3.648471672124184e-07	0.0	0.0	0.0	0.0	0.0	0.0	0.0	0.0	0.0	0.0	0.0	0.0	0.0	0.0	0.0	0.0	0.0	0.0	0.0	0.0
1750.3656782529276	0.4581650907769017	3063780.007605832	0.2099152504066065	2148.45291744579	-2.270198822022394	4615849.938481325	5.153802691511864	1845.705484669111	-4.3761357536091054	3406628.736137638	19.150564134015934	1895.8253614238663	1714.7617829970252	1.016693	27.218777	0.0926106663255718	0.0461523620182477	0.0026722857	0.0012063057	0.0352273142	-0.0140397579	-0.0781473285	-0.0091488864	-0.0342068321	-0.0037931011	-0.0306059871	0.0012177787	-0.0041658443	-0.0156239426	0.0292261814	0.0073365378	0.0195407942	-0.0167244643	-0.020890257	-0.0231623641	-0.0537295815	0.0885756582	-0.0409097677	0.0019124075	0.0099383919	0.0095003674	0.0116535679	0.0587761618	0.0206129442	-0.0454971514	-0.0003494605	0.0016031842	0.0317964105	-0.0079880247	0.01636149	-0.0059758512	0.0009770149	0.0115809253	0.0023249185	-0.0063429678	-0.0195706128	-0.0289963844	-0.0285652837	-0.0261014834	-0.0059110771	0.0073572102	0.0044042099	-0.0682443129	0.0143072671	-0.044553182	-0.0201159829	-0.0995704937	-0.1326550835	-0.0218270296	-0.0456797696	-0.024277983	-0.0454302161	0.024438829	-0.0370882237	0.0663063423	0.0260429185	-0.024008292	-0.0650363955	-0.0816216788	-0.0675308461	-0.0280596966	0.0219572114	0.0175317790508415	0.0083123305608267	0.0003073632766875	6.909483935245515e-05	0.0535334299202077	-0.0103657124052603	0.0001074479936685	0.0028658281190217	0.1160733592346545	0.0352693272993747	0.0012439254481504	0.0134730247240171	0.0006679370466295	-0.0002072363031885	4.294688535927732e-08	4.461398982601389e-07	-0.0010198695888099	6.439532393699991e-05	4.146757744951154e-09	1.0401339781792743e-06	-0.0011056600941981	-0.0005016342940765	2.516369649937287e-07	1.2224842439021511e-06	0.0	0.0	0.0	0.0	0.0	0.0	0.0	0.0	0.0	0.0	0.0	0.0	0.0	0.0	0.0	0.0	0.0	0.0	0.0	0.0
1754.811566896171	4.445888643243279	3079363.6353125945	19.765925828119567	2144.905736403032	-3.547181042757984	4600620.618054632	12.582493350101618	1846.949451825772	1.2439671566610286	3411222.27759952	1.547454286851324	1892.3781302657785	1708.348707447462	0.993311	26.592775	0.0698191432112114	0.0334549001696259	0.0028589989	0.0148010205	0.0512617021	0.017820528	-0.0021471718	-0.0180529409	0.0926699497	-0.0553307055	-0.0079335239	-0.00235242	-0.0092266809	0.0021504764	-0.0291818497	-0.0257596238	-0.0372325871	0.0212740654	-0.0450790508	-0.0611514217	0.0871931901	0.0749938512	0.0131792834	-0.0019764523	-0.0097737518	-0.0826676815	0.0646450517	0.0108923379	-0.0258190549	0.0498675414	-0.0326403835	0.0093122184	-0.0142471477	9.037e-07	-0.055069301	-0.0045118538	-0.0150387386	0.0090355929	0.0023056741	-0.0129710918	0.0017549764	-0.0204278631	-0.026798103	-0.0237059191	-0.0251648976	0.0125807471	-0.0183307158	0.0729467319	0.0228988455	0.0346898673	0.022018648	-0.0619128064	-0.0456015914	-0.0433648645	0.0086830009	0.0393104249	-0.0677861254	-0.0288506735	0.0713283164	0.0658037687	0.0244165784	-0.0264477464	-0.0670465522	-0.0816216788	-0.0645158866	-0.0223686765	0.0284607885	0.0224377848112311	0.0049060057603896	0.0005034541872351	2.4068892520975936e-05	0.0311573787881513	-0.0223760511320564	0.0005006876642644	0.0009707822529483	0.0991879525155141	-0.0168854067191404	0.0002851169600707	0.0098382499242198	0.0005391348401523	-0.0001288022064772	1.6590008393395275e-08	2.906663758660461e-07	-0.000651802960127	0.0003680666286829	1.354730431499958e-07	4.248470988303195e-07	-0.0011218248510305	-1.616475683240007e-05	2.612993634506248e-10	1.2584909963896034e-06	0.0	0.0	0.0	0.0	0.0	0.0	0.0	0.0	0.0	0.0	0.0	0.0	0.0	0.0	0.0	0.0	0.0	0.0	0.0	0.0
1755.4111132251924	0.5995463290214502	3081468.176434509	0.359455800643097	2156.609958128496	11.704221725464322	4650966.511498994	136.98880619883104	1849.686196488944	2.736744663171976	3421339.0254817363	7.489771351400291	1900.115764543122	1758.196615949744	1.056734	28.290728	0.082842925827417	0.0417155192197267	-0.0110544782	-0.0460615113	-0.0876129683	0.0087818122	0.0654025404	0.0609673949	-0.0073795533	0.0130966287	-0.0576066211	0.0041238116	-0.0018803145	-0.0086919122	-0.0480024024	-0.0137860326	0.0099159278	-0.0112027301	0.001021297	0.0366630876	-0.0184025592	-0.0276112452	0.0017871586	0.0033517095	-0.0254134184	0.0493072307	-0.010436311	-0.0635709628	-0.0320244677	0.0199721429	-0.0104654337	-0.0281598182	0.0312871142	0.0068158369	0.061860843	-0.0007997625	-0.0300796409	0.0071947748	-0.0017970911	0.0217722549	0.0066939255	0.0100780575	0.0269301636	0.0819863094	0.0358809249	0.0474645309	-0.0699415811	0.0354195451	-0.0320181866	0.0041135326	-0.0320810627	-0.0773039423	-0.0371004945	0.0138730944	-0.019414857	-0.0053450706	0.0094854885	0.0532503721	-0.0180298333	0.0652939789	0.0227795284	-0.0288611001	-0.0689390864	-0.0813979594	-0.0612463124	-0.0165575133	0.0347647336	0.0142344972663295	-0.0082032875449015	0.0002026209124251	6.729392654433768e-05	0.0247831554096507	-0.0063742233785006	4.063072367902361e-05	0.0006142047920588	0.0709257944330943	-0.0282621580824198	0.0007987495794756	0.0050304683159655	0.0006510694070763	0.0001119345669239	1.2529347272463433e-08	4.238913728306848e-07	-0.0010442695170638	-0.0003924665569368	1.540299983138265e-07	1.090498824268662e-06	-0.0008261608384594	0.000295664012571	8.741720832964355e-08	6.825417310039389e-07	0.0	0.0	0.0	0.0	0.0	0.0	0.0	0.0	0.0	0.0	0.0	0.0	0.0	0.0	0.0	0.0	0.0	0.0	0.0	0.0
1753.8474735921286	-1.563639633063758	3075980.960625492	2.444968902087764	2158.69489513744	2.0849370089440526	4659963.650292444	4.346962331264573	1845.294009916964	-4.392186571980119	3405109.983035428	19.29130288308247	1898.102577119715	1716.6237211504715	0.991995	26.557562	0.0260224407019049	0.0190313382821664	-0.0029168076	-0.0399819913	-0.0554590978	0.0104744481	0.0167234937	0.0693658943	-0.0240240745	0.0366653504	-0.0241494221	-0.0018603254	0.002449942	-0.0420372129	-0.0123977967	-0.0123595899	0.0530650174	-0.0281899955	0.0870351928	-0.0175065431	-0.0915838869	-0.0071675577	-0.0170321581	-0.003410835	-0.0197289043	0.0754964974	-0.0244074285	-0.0112666531	0.0219915415	0.0285265066	0.019842326	-0.0620945041	-0.0514154423	0.0030802615	0.0335509001	-0.0018598637	-0.0326660301	0.0107963717	0.004424944	0.0197658602	0.0134894134	0.003529695	0.0425348863	0.044414775	0.0143680857	0.0150871805	-0.0231325706	-0.0093932833	0.003556434	0.0333019149	-0.0032072497	-0.054975071	-0.0123258596	-0.0041497035	0.0035691424	-0.07455347	-0.0714373849	-0.0040058356	-0.0181642886	0.064777029	0.0211324865	-0.0312459714	-0.0707106781	-0.0809511339	-0.0577350269	-0.010657419	0.040824829	0.0158054416921231	0.0015709444257935	0.0002498119870831	2.4678663889319765e-06	0.0236232216568339	-0.0011599337528168	1.345446310923666e-06	0.0005580566014479	0.0748001311509938	0.0038743367178995	1.5010485003664344e-05	0.0055950596202058	0.0002830699341733	-0.0003679994729029	1.3542361205688578e-07	8.01285876328764e-08	-0.0010316181640144	1.265135304940007e-05	1.6005673398056444e-10	1.0642360363244411e-06	-0.0008338545286149	-7.693690155499938e-06	5.919286820883667e-11	6.953133748915771e-07	0.0	0.0	0.0	0.0	0.0	0.0	0.0	0.0	0.0	0.0	0.0	0.0	0.0	0.0	0.0	0.0	0.0	0.0	0.0	0.0
1751.8682846207514	-1.979188971377198	3069042.486660054	3.9171889844211303	2170.65637328408	11.96147814663982	4711749.090878795	143.07695945254198	1842.644334581163	-2.6496753358007936	3395338.143764057	7.020779385151048	1896.552635282629	1734.6716463978764	0.936127	25.061855	0.0330814602599535	0.0172199546396448	-0.0030762473	-0.0492740069	-0.0688820792	0.0021663431	-0.0374369038	0.0454599517	-0.0550664749	0.0883966193	0.0037717427	-0.0035360345	-0.0092066812	-0.0699613601	0.0221583262	0.0238276568	0.0175865381	-0.0463701214	0.0338158118	0.0117340022	-0.1137090607	-0.0589182855	0.0274698867	-0.0028893043	-0.0297826192	0.0969966894	-0.0245169814	0.0091369875	0.0162824355	0.0103996723	0.0051578097	0.0010206935	-0.0325911686	-0.0103020574	-0.0455464798	-0.003070896	-0.0358189337	0.0115319693	0.0030063081	-0.0038477649	0.0117995539	0.0147054569	0.0306487371	0.062199847	0.0270370591	-0.022841148	0.0285655857	-0.008255107	0.0211568297	0.0164849001	0.0509410561	-0.0590090323	-0.0225047799	0.0216634968	0.0432109634	-0.0454107925	-0.0303285904	0.0831751296	-0.0266017355	0.0642529755	0.0194761753	-0.0336000067	-0.0723582192	-0.080282427	-0.0539958877	-0.0047000831	0.0465985677	0.0084305926296508	-0.0073748490624722	7.107489208712237e-05	5.438839869424855e-05	0.0335230126519263	0.0098997909950924	9.800586174651264e-05	0.0011237923772612	0.0773775341186677	0.0025774029676738	6.643006057774185e-06	0.0059872827862855	0.000283179747104	1.0981293070000529e-07	1.2058879748924162e-14	8.01907691698854e-08	-0.0008241101936268	0.0002075079703875	4.3059557774381056e-08	6.791576112396018e-07	-0.0007768839672389	5.697056137599999e-05	3.245644863496581e-09	6.035486985528522e-07	0.0	0.0	0.0	0.0	0.0	0.0	0.0	0.0	0.0	0.0	0.0	0.0	0.0	0.0	0.0	0.0	0.0	0.0	0.0	0.0
1749.2839360245446	-2.584348596206837	3059994.288833523	6.678857666716249	2158.935244473544	-11.721128810535902	4661001.389830042	137.38486059317475	1845.8552977801764	3.2109631990133494	3407181.780343144	10.310284665418042	1895.550666360294	1716.8231808822766	0.932884	24.975039	0.0731145237133434	0.0317250518359632	0.0057905866	-0.0437737672	0.0478646983	0.0027693302	-0.1141067269	0.0121093876	-0.0067704513	-0.007383241	0.0090198938	0.0038331493	0.0080991404	0.0380871162	0.00366635	0.0259617085	0.0356573817	-0.073205544	-0.0279575993	-0.0820449602	8.9927e-05	0.0092804627	0.0291830548	0.0027140138	0.0100509863	0.0008934845	-0.0111556089	0.1143337295	-0.0406630391	-0.0390723835	0.0038045209	0.0078111688	0.0130203801	-0.0196845201	0.0004719814	-0.0001511178	-0.0399770808	0.0168481826	0.0027914379	-0.0076416339	0.0158788131	-0.0097957909	-0.0156600965	-0.005690115	-0.0156919222	-0.04047542	0.0774937008	-0.0252616352	0.0292383783	0.0539459967	0.0035749852	-0.0068909449	0.0041150292	0.0298269719	0.0232820684	-0.0236184983	-0.0208385743	0.0187244715	-0.0352651625	0.0637218759	0.0178113211	-0.0359208828	-0.0738788195	-0.0793936715	-0.0500436514	0.0012824971	0.0520454508	0.0298854863383724	0.0214548937087215	0.000893142293681	0.0004603124640525	0.0239593139731368	-0.0095636986787895	9.146433241868008e-05	0.0005740487260633	0.08753137363788	0.0101538395192122	0.0001031004569819	0.0076617413709341	0.0005330058529521	0.0002498261058481	6.241308316322607e-08	2.840952392811957e-07	-0.0009777703401918	-0.000153660146565	2.36114406423773e-08	9.560348381587884e-07	-0.0010122395509582	-0.0002353555837192	5.53922507878524e-08	1.0246289085240582e-06	0.0	0.0	0.0	0.0	0.0	0.0	0.0	0.0	0.0	0.0	0.0	0.0	0.0	0.0	0.0	0.0	0.0	0.0	0.0	0.0
1750.7083673504194	1.424431325874821	3064979.787510771	2.0290046021334995	2135.2394790649414	-23.69576540860271	4559247.632957523	561.4892982995328	1848.110314798634	2.2550170184574654	3415511.7356651057	5.085101753532797	1891.0458366842831	1707.2935833985223	1.00232	26.833982	0.0687848485679585	0.0350188302185483	0.00577955	-0.0135086392	0.0650940872	-0.0124420174	-0.0063112783	-0.0090124499	0.0951575181	-0.0538022152	-0.0056560625	0.0075948224	0.0004608485	-0.030275458	-0.0118545364	-0.0173347781	0.0319690527	-0.0045632135	-0.0305432279	-0.0396045943	0.0229348862	0.0298539936	-0.0208414734	0.0032275025	0.0008061712	-0.034223491	0.0800681934	0.0222043017	-0.0040651837	0.0166854506	-0.0018876522	-0.0365587387	0.0197226223	-0.054565241	0.0561824313	-0.0020367581	-0.0272295235	0.0144799327	0.0075408682	-0.0095165953	0.0188795026	-0.0055501723	0.0009339724	-0.0293418255	-0.0122670646	0.0141658855	-0.0225610933	0.0107996726	0.0015880842	0.0409633208	0.0062961979	-0.081948128	-0.0422123017	-0.0229975783	-0.0705902403	-0.0181896692	-0.0830156906	-0.0180535471	0.0054897623	0.0631837885	0.0161386543	-0.0382063093	-0.0752698111	-0.0782873035	-0.0458939156	0.0072581889	0.0571272725	0.0155046069866102	-0.0143808793517621	0.0002403928378092	0.0002068096909299	0.0236716515082093	-0.0002876624649275	8.274969372816534e-08	0.0005603470851261	0.0789750256280967	-0.0085563480097832	7.321109126452248e-05	0.0062370546729585	9.800103771888456e-06	-0.0005232057491802	2.7374425597522645e-07	9.604203393978236e-11	-0.0010710072167854	-9.323687659360002e-05	8.6931151569302e-09	1.147056458406409e-06	-0.0013069961000141	-0.0002947565490559	8.688142321134325e-08	1.7082388054520673e-06	0.0	0.0	0.0	0.0	0.0	0.0	0.0	0.0	0.0	0.0	0.0	0.0	0.0	0.0	0.0	0.0	0.0	0.0	0.0	0.0
1755.947547187921	5.239179837501524	3083351.788475276	27.449005369682496	2139.111009944569	3.8715308796276986	4575795.912866075	14.98875135191082	1849.788952922264	1.6786381236299803	3421719.170353245	2.8178259501039813	1897.8638207529104	1735.4443236880295	0.978775	26.203629	0.0671962359629085	0.0329762293346529	-0.0145272267	-0.0359042979	-0.0607634955	0.0044201964	0.0440380495	0.01605318	0.0462919517	0.0033725654	-0.0886786023	0.0113851367	-0.0221175533	-0.0021186333	-0.0121356016	-0.0110039663	0.0164347305	0.00211925	0.0345686756	0.0244291574	0.0291792051	-0.065620968	0.0337725896	0.0089472105	-0.0308821847	0.0167834356	0.0023787794	-0.0617504405	-0.0114756843	0.043860123	-0.0033909742	-0.0200509258	-0.0228189605	0.0157478514	0.0060026048	-0.003977617	-0.0406506774	0.0157707955	-0.0035444282	0.0080940369	0.0235620051	0.0154520555	0.0351923536	0.0562947375	0.0071719739	0.0178369031	-0.0490962361	0.0592321136	-0.0005613596	0.0243367823	8.40984e-05	-0.0556873425	-0.0423114318	-0.0165777033	0.0700086428	0.0167283858	-0.005664823	0.0436178285	0.0166427387	0.0626387723	0.0144589085	-0.0404540309	-0.076528754	-0.0769663555	-0.0415630576	0.0131948967	0.0618083875	0.0034269284180226	-0.0120776785685876	1.1743838382250882e-05	0.0001458703196061	0.0235579366381415	-0.0001137148700677	1.2931071674536621e-08	0.0005549763786466	0.0823835759212343	0.0034085502931375	1.1618215100848376e-05	0.0067870535815697	0.0003043930696543	0.0002945929658824	8.678501554739568e-08	9.265514085356753e-08	-0.0013801348018374	-0.0003091275850519	9.555986384008141e-08	1.9047720712427592e-06	-0.0008787908063262	0.0004282052936879	1.833597735423407e-07	7.722732812834528e-07	0.0	0.0	0.0	0.0	0.0	0.0	0.0	0.0	0.0	0.0	0.0	0.0	0.0	0.0	0.0	0.0	0.0	0.0	0.0	0.0
1755.4364953691374	-0.5110518187834714	3081557.2892738795	0.2611739614818941	2171.284022764726	32.173012820157055	4714474.307513372	1035.1027539259903	1851.6293467025312	1.8403937802672767	3428531.2375700423	3.387049266446479	1903.4732204063264	1724.8145568018165	1.010451	27.051659	0.0764639419718926	0.0349001873328621	-0.0095507319	-0.0284342249	-0.0079313462	0.0244972483	-0.0903485388	0.0080387191	-0.0487173407	0.0624588193	0.0215738533	0.0131676186	0.0038090705	-0.0030666661	-0.0387553664	-0.0386369579	0.0351515518	0.0066551085	0.0533785032	-0.0614866292	-0.0004113706	-0.096262731	-0.0648979057	0.0169929678	0.0021188927	0.0250114057	-0.0569480119	0.076723342	0.0179712193	0.0340915114	-0.0214117356	-0.0380091553	0.0236155643	0.0607690766	-0.0047401294	-0.0049680827	-0.0333668853	0.0035758242	-0.006254209	-0.0024646799	0.0029288744	0.0146340074	0.0627221024	-0.0081034003	0.0210817426	-0.0502175832	0.0430930425	-0.0641331038	0.0120108302	0.0341052706	0.0085011835	-0.0361654854	-0.0027826942	0.0247506343	0.0191008536	-0.0163050103	-0.0175443283	0.0407080395	-0.0472552889	0.0620868871	0.0127728206	-0.0426618292	-0.0776534394	-0.0754344479	-0.0370681691	0.0190607341	0.066055961	0.0194741410698782	0.0160472126518556	0.0003792421704095	0.0002575130338938	0.0305203622022958	0.0069624255641543	4.847536973638934e-05	0.0009314925089593	0.091304733274427	0.0089211573531926	7.958704852042411e-05	0.0083365543183142	0.000160896104848	-0.0001434969648063	2.0591378908620495e-08	2.588755655525861e-08	-0.0009830996162334	0.000397035185604	1.576369386076028e-07	9.664848554382582e-07	-0.0012289215839697	-0.0003501307776435	1.225915614532421e-07	1.5102482595465965e-06	0.0	0.0	0.0	0.0	0.0	0.0	0.0	0.0	0.0	0.0	0.0	0.0	0.0	0.0	0.0	0.0	0.0	0.0	0.0	0.0
1755.3507479171888	-0.0857474519486913	3081256.248213434	0.0073526255156931	2155.7615720575504	-15.522450707175722	4647307.955560042	240.94647595670008	1847.0263775384915	-4.602969164039678	3411506.439322962	21.18732512510013	1897.1027769799323	1731.680030516517	0.8913569999999998	23.863295	0.035912978898226	0.0215444861812965	-0.0051007167	-0.0482451516	0.0430474846	-0.006867006	-0.0590131428	0.0349282487	0.023807924	0.0045151072	0.0239815169	0.0084871327	0.0008418124	-0.0222564295	-0.0092163262	0.0400423815	0.0217884966	-0.0341580996	0.0175007897	-0.0002286463	-0.0261282179	0.0183190281	0.0370387907	0.0048545145	0.0052788787	0.0317528479	0.0269601482	0.0548066685	-0.0229582823	-0.0153874816	0.0119535339	0.0091035601	0.0103653856	-0.0165306591	0.0795819245	-0.0032717267	-0.0544506617	0.0172007364	-0.002300306	0.0058080306	0.0216862192	-0.0161050872	0.0344953238	-0.0589177549	-0.0325906283	-0.0445645922	0.0701456235	0.0265952996	0.012718826	0.0624489538	0.0281914732	0.0407057882	0.0028115455	-0.010151548	0.0066657098	-0.0732420829	-0.0403309151	-0.003980159	0.0197562411	0.0615281933	0.0110811301	-0.0448275254	-0.0786418943	-0.0736957799	-0.0324269895	0.0248241955	0.0698401994	0.0151059321169952	-0.004368208952883	0.0002281891851232	1.90812494560472e-05	0.0332671056133335	0.0027467434110377	7.544599366079018e-06	0.0011067003158886	0.0708747613677616	-0.0204299719066654	0.0004173837521071	0.0050232317989371	0.0002573710334913	9.647492864330002e-05	9.30741185672983e-09	6.623984888037987e-08	-0.0009741675859762	8.932030257199864e-06	7.978116451553388e-11	9.490024855666972e-07	-0.001290875717622	-6.195413365229986e-05	3.838314676607034e-09	1.6663601183461131e-06	0.0	0.0	0.0	0.0	0.0	0.0	0.0	0.0	0.0	0.0	0.0	0.0	0.0	0.0	0.0	0.0	0.0	0.0	0.0	0.0
1753.9274430482803	-1.4233048689084171	3076261.4754778785	2.025796749858406	2150.69786418568	-5.06370787187052	4625501.303012845	25.641137411643463	1847.8044819078948	0.7781043694033087	3414381.403358904	0.6054464096845208	1897.4343175551471	1741.0474307208538	0.976207	26.134895	0.0561227430134501	0.0262135275510908	-0.013644502	-0.0175979032	0.0755540913	0.0002738505	0.0294061401	0.0169133151	0.0494144969	-0.068740494	-0.0239937603	0.0104905474	0.0034277698	-0.0610699168	-0.0613948914	-0.0184447379	-0.0420721112	-0.0510227661	-0.0296540565	-0.0190867439	-0.0309107908	0.0640872343	0.017950984	0.0089811751	0.0129370555	-0.0110450495	0.0813152903	0.0248370055	-0.0530222313	0.0323763549	-0.0245997105	0.0091042389	-0.0152609409	0.032498286	-0.0527290087	-0.001253349	-0.0459608708	-0.000767089	0.0002489298	-0.0027978344	0.015587811	-0.0021267623	-0.0099068726	-0.0848712065	-0.0029133673	-0.0052001613	-0.0366989615	0.0568201052	-0.0453288343	0.0361641703	-0.0365442571	0.0125908892	0.0337500604	-0.025501517	0.0059517575	-0.0443010506	-0.0160801243	0.0590450374	-0.0410732363	0.0609627523	0.009384579	-0.0469489822	-0.0794923845	-0.0717551168	-0.0276578354	0.0304543249	0.073134559	0.0271966407366761	0.0120907086196808	0.0007396572673598	0.000146185234926	0.0342637220276742	0.0009966164143406	9.932442773333126e-07	0.0011740026471897	0.0789012400321951	0.0080264786644335	6.442435975060637e-05	0.006225405678618	0.0005022167807169	0.0002448457472255	5.99494399344624e-08	2.522216948336468e-07	-0.0013237979546789	-0.0003496303687026	1.222413947191859e-07	1.752441024812039e-06	-0.0011851730472504	0.0001057026703715	1.1173054523687095e-08	1.4046351519287992e-06	0.0	0.0	0.0	0.0	0.0	0.0	0.0	0.0	0.0	0.0	0.0	0.0	0.0	0.0	0.0	0.0	0.0	0.0	0.0	0.0
1757.1495082152092	3.2220651669288145	3087574.3942209515	10.38170393993601	2148.99873195995	-1.6991322257299544	4618195.549965473	2.8870503205140285	1846.1141589426848	-1.6903229652100435	3408137.4878486563	2.857191726716474	1892.7759622012868	1708.4477577547057	1.08233	28.976	0.0294923546208014	0.017657018764502	-0.0003209055	-0.0590435287	-0.0331946451	-0.0013701349	0.0676281855	0.0655403527	0.0733739916	0.0585523821	-0.0505620948	0.006646957	0.0016759767	-0.0652779588	-0.012568127	-0.0074237312	-0.0792126946	0.0353774741	-0.073136887	0.0718090388	-0.0466942615	-0.0300656088	0.0688549046	0.0003351508	-0.0170952073	0.0577438786	0.0365955465	-0.0678743564	0.0245289915	0.0791644874	-0.0185058097	0.0675683235	0.0276379251	-0.0631365378	0.021821219	0.0066694575	-0.0741340596	-0.0301441065	-0.004458727	0.0601079514	0.0321925671	0.1157763725	0.0014695435	-0.0162457675	0.024607705	-0.0316122431	-0.0251460505	0.0932896921	-0.0183974007	0.0540098049	-0.0503008663	0.0913298682	0.0638132806	-0.0960645818	-0.008492688	-0.0424544899	-0.1910957517	0.1908447742	-0.0497417934	0.060390626	0.0076839116	-0.0490241061	-0.0802034182	-0.0696177779	-0.0227795284	0.0359208828	0.0759159322	0.0212041853805402	-0.0059924553561358	0.0004496174776523	3.590952119528183e-05	0.0291426637956675	-0.0051210582320067	2.6225237415603585e-05	0.0008492948531073	0.0787444993894013	-0.0001567406427938	2.456762910341572e-08	0.0062006961840874	0.0002032556911729	-0.0002989610895439	8.937773306133558e-08	4.13128759941733e-08	-0.0012781195048157	4.567844986320003e-05	2.0865207819048788e-09	1.63358946859033e-06	-0.0011653705788603	1.9802468390100117e-05	3.9213775434091415e-10	1.3580885860731907e-06	0.0	0.0	0.0	0.0	0.0	0.0	0.0	0.0	0.0	0.0	0.0	0.0	0.0	0.0	0.0	0.0	0.0	0.0	0.0	0.0
1749.8442469479614	-7.305261267247715	3061954.8885768782	53.36684218274969	2173.4743309021	24.4755989421501	4723990.667090331	599.0549435769791	1842.579624109101	-3.534534833583848	3395099.6711820355	12.4929364898176	1896.0328926834409	1728.2578659250523	1.169093	31.29879	0.2298417903287881	0.1041564759236094	0.0082026295	-0.1152382369	0.0103662746	0.0085909736	-0.1117485899	0.0805852128	-0.0074321737	0.0386831838	0.0020209465	-0.0010223831	-0.0158639333	-0.0382542767	0.0233717315	0.0179189808	-0.0309601901	-0.0414552908	-0.1030199636	-0.0549859894	0.0072409103	-0.0831395917	-0.0519126155	-0.0013775126	-0.0224475089	0.0841892845	0.00340607	0.0693075813	0.0267189092	-0.0083865574	-0.0623949605	0.0708663596	0.107023941	0.0205476815	-0.0505065154	0.0055122641	-0.0780891562	0.0282770584	0.0194379988	0.0859677005	0.0451890626	0.0164570016	-0.0105953412	0.0574075333	0.0818097964	-0.0784818946	0.1494579461	-0.0075750092	0.0340286843	0.0028339551	-0.1053630966	-0.0201230889	0.0525055376	-0.1137941897	0.1210571922	0.019046315	0.0004788911	-0.0315667967	-0.0574077527	0.0598118772	0.0059798738	-0.0510508491	-0.0807737477	-0.0672896215	-0.0178113211	0.041194508	0.0781648097	0.0060234302214468	-0.0151807551590934	3.628171163263865e-05	0.0002304553272003	0.0584247460503206	0.0292820822546531	0.0008574403411682	0.0034134509510444	0.0174791205393347	-0.0612653788500665	0.0037534466456421	0.0003055196548285	0.000926017729476	0.0007227620383031	5.223849640120519e-07	8.575088353038863e-07	-0.0022941971109933	-0.0010160776061776	1.032413701775602e-06	5.263340384090004e-06	-0.0004219387420415	0.0007434318368187	5.526908959957747e-07	1.780323020355635e-07	0.0	0.0	0.0	0.0	0.0	0.0	0.0	0.0	0.0	0.0	0.0	0.0	0.0	0.0	0.0	0.0	0.0	0.0	0.0	0.0
1761.3126448379055	11.468397889944072	3102222.232865898	131.52415016207362	2168.0141416029496	-5.460189299150443	4700285.318190374	29.813667182557005	1851.7178091305736	9.138185021472736	3428858.844651332	83.50642548666868	1900.496389351639	1744.2923596426751	1.518897	40.663704	0.2665188853194374	0.1889935411868432	-0.0266392418	0.0716469729	0.0561559316	0.0306647691	0.0099518343	-0.0420014153	0.0427568889	0.0042089348	0.1145947972	0.0178729754	-0.0067861625	0.0723185324	-0.0402458739	-0.0112331997	0.0102970309	0.0905405903	0.0091685333	-0.0453170004	-0.000823481	-0.0495582716	0.0085675261	0.0184005068	0.0197665291	-0.088129893	-0.028801274	0.0406072991	0.0105685125	0.0096021963	-0.0376820971	-0.0243707592	-0.0125128801	0.0213169762	0.0078241176	-0.0198304759	0.0573741051	-0.0107828985	-0.0128591116	-0.0183091103	-0.0591136706	-0.0182107653	0.0490682684	-0.128913619	0.0230513818	-0.0279901631	-0.0240914692	-0.0567645654	-0.0208154761	-0.0473592195	0.0198791026	0.011735922	0.1052607729	-0.0425223041	0.0228424467	-0.0499897396	0.0652984382	-0.035832377	0.0029411266	0.0592265694	0.0042732129	-0.0530272111	-0.0812023727	-0.064777029	-0.0127728206	0.0462468756	0.0798654172	0.0369865622054845	0.0309631319840376	0.0013680057837801	0.0009587155422609	0.0533427436288036	-0.005082002421517	2.582674861230469e-05	0.0028454482978482	0.1995880572453074	0.1821089367059727	0.0331636648281799	0.0398353925949561	0.0003836620394956	-0.0005423556899804	2.941496944541159e-07	1.471965605499233e-07	-0.0019430683187107	0.0003511287922826	1.2329142876983728e-07	3.7755144911772262e-06	-0.0003481269401463	7.38118018952e-05	5.44818209901625e-09	1.2119236645562553e-07	1.0	0.0	0.0	0.0	0.0	0.0	0.0	0.0	0.0	0.0	0.0	0.0	0.0	0.0	0.0	0.0	0.0	0.0	0.0	0.0
1753.6058587077898	-7.706786130115688	3075133.507694285	59.39455245534354	2150.7622198625045	-17.25192174044514	4625778.126387888	297.6288037384437	1849.564556991845	-2.153252138728704	3420889.05048044	4.636494772939735	1899.0965918447453	1749.2068153554962	1.020673	27.325321	0.0688981306327903	0.0354780635728676	-0.018520359	0.0266664167	0.0352152928	0.0031531012	0.0737165744	0.0011844787	0.0269728054	-0.0266479984	0.0033368123	0.014570071	0.0057273797	0.012851023	-0.01958898	-0.0188961471	-0.025403674	0.0010595483	0.0638406727	-0.0018902394	0.0308346611	0.0234776144	-0.0011467284	0.0147073838	0.0076283848	-0.0352218112	0.0273842435	-0.0444919655	-0.0453910744	0.0144827824	0.022163833	0.0248849747	-0.0259014362	0.0730171152	0.0012913249	-0.0119540804	0.020573685	0.0066013054	0.0014115666	-0.0081528945	-0.0400619853	-0.0549832254	-0.0320549258	-0.0586242564	-0.0072024042	0.0117373342	-0.006285087	0.1025577351	-0.020925954	0.0038810084	0.025528639	-0.0275415055	0.0275445081	-0.0761983248	0.092802526	-0.0692071213	0.019848027	0.018864382	0.024294852	0.0586347667	0.0025646777	-0.0549512416	-0.0814885411	-0.0620868871	-0.0076839116	0.0510508491	0.0810058262	0.023648331530822	-0.0133382306746624	0.0005592435841916	0.0001779083975305	0.0820771300356995	0.0287343864068959	0.0008256649621808	0.0067366552748971	0.1956022001606854	-0.0039858570846219	1.5887056699031272e-05	0.0382602207077008	0.0003723364783063	-1.1325561189299963e-05	1.282683362525776e-10	1.3863445307753784e-07	-0.0016470338831757	0.000296034435535	8.763638702252616e-08	2.712720612328825e-06	-0.0001986938075384	0.0001494331326078	2.2330261121010223e-08	3.947922915410674e-08	0.0	0.0	0.0	0.0	0.0	0.0	0.0	0.0	0.0	0.0	0.0	0.0	0.0	0.0	0.0	0.0	0.0	0.0	0.0	0.0
1748.784477778347	-4.821380929442739	3058247.1497184862	23.24571406679413	2165.6997907811947	14.9375709186902	4690255.58378971	223.13102495089916	1844.9939371744792	-4.570619817365696	3404002.628210586	20.890565514896025	1899.9095229204963	1762.518722558293	1.014535	27.160988	0.0782896301968652	0.0448848783014712	-0.0307693598	0.0378575981	-0.0908100561	0.0109405786	0.1160987721	0.0082405706	-0.0848830635	-0.0252546268	-0.013392542	0.0070864626	-0.0047538435	0.0195461383	-0.0056757193	0.01716965	0.0517193652	0.0354361991	0.0434228205	0.0424424452	0.0410217165	-0.0085565056	0.0007115766	0.0096547265	-0.0002836207	-0.0134889331	-0.0251096433	-0.0645864418	-0.0400366959	-0.0389465575	-0.0092472185	-0.0440446635	-0.0210002424	0.1096961573	-0.0621627431	-0.0156952629	0.0429630068	-0.0077711241	-0.0103642977	-0.045884937	-0.0200049858	0.0072160003	0.0388410103	0.0239396689	0.0085396147	0.0602758293	-0.0924582757	0.0179971274	-0.0726695008	-0.0025483177	0.0132639776	0.0332270228	0.1065977552	0.0091026215	0.0731390063	-0.0728935862	0.0869594693	0.0202041754	0.0190278804	0.058036534	0.0008550176	-0.0568210419	-0.081631751	-0.0592265694	-0.0025646777	0.0555806262	0.0815780375	0.0254882590039358	0.0018399274731137	0.0006496513470517	3.3853331063189325e-06	0.082068420477853	-8.709557846500737e-06	7.585639788154257e-11	0.0067352256397296	0.2207668121524904	0.0251646119918049	0.000633257696698	0.0487379853479729	0.0004640023928733	9.166591456699998e-05	8.40263989340454e-09	2.1529822059214827e-07	-0.0012871798922184	0.0003598539909573	1.2949489480789653e-07	1.6568320749313716e-06	-0.0007727015254961	-0.0005740077179577	3.294848602750065e-07	5.97067647504e-07	0.0	0.0	0.0	0.0	0.0	0.0	0.0	0.0	0.0	0.0	0.0	0.0	0.0	0.0	0.0	0.0	0.0	0.0	0.0	0.0
1745.0733692702845	-3.71110850806258	3045281.0641363426	13.772326358614468	2163.753882408142	-1.945908373052589	4681830.863636308	3.786559396316174	1842.004125762404	-2.9898114120751416	3392979.1993257185	8.938972279774752	1893.1369207643995	1713.017324324655	1.075944	28.805025	0.0762574833683163	0.0346536675368553	-0.0055449441	2.77026e-05	-0.0235741728	0.0068881163	-0.0139093464	0.0190397625	-0.0526924971	0.0215629961	0.0156104517	0.0029860046	0.0052870086	-0.0297727087	0.0477801161	0.0127036483	0.0159030069	-0.0498839999	0.0143306054	0.0351986243	-0.1265318377	7.86644e-05	0.0045848164	0.0025127108	0.0128652652	0.0515347322	-0.0397425725	0.0177822376	0.0253757767	0.0081810922	0.0318982811	0.0026222451	-0.0211037969	-0.0146686745	-0.0391188247	-0.0126135655	0.0023952634	0.0032079462	-0.0067977383	-0.0074273517	-0.0161143217	-0.021296687	0.0303979342	0.0236268308	-0.0026706489	0.0133638636	0.0303121799	-0.0537577699	-0.0109598084	0.0262227908	-0.0015676095	-0.002663856	0.0075064605	-0.031222234	-0.0409950959	-0.1060293527	-0.0256235249	-0.064481229	-0.0222468611	0.057431937	-0.0008550176	-0.0586347667	-0.081631751	-0.0562039158	0.0025646777	0.0598118772	0.0815780375	0.0112518639726886	-0.0142363950312471	0.0001266044428598	0.0002026749434857	0.0597451386122998	-0.0223232818655532	0.0004983289132489	0.0035694815878029	0.1993899888962644	-0.021376823256226	0.0004569685725279	0.0397563676720524	0.0005109716961946	4.696930332129994e-05	2.206115454488277e-09	2.6109207431198656e-07	-0.0011302395462022	0.0001569403460162	2.4630272207684588e-08	1.2774414317993548e-06	-0.0009352115404644	-0.0001625100149683	2.6409504964997115e-08	8.746206254177962e-07	0.0	0.0	0.0	0.0	0.0	0.0	0.0	0.0	0.0	0.0	0.0	0.0	0.0	0.0	0.0	0.0	0.0	0.0	0.0	0.0
1748.7405021163745	3.667132846089999	3058093.343742229	13.447863310872131	2147.615871256048	-16.138011152093895	4612253.9304708745	260.43540394510694	1841.535873680784	-0.468252081619994	3391254.3740532487	0.2192600119414575	1889.2122675876992	1702.6512212162525	1.026935	27.492971	0.0506488073327236	0.0271028821253109	-0.0029418256	0.0524749527	0.0872044268	0.0280682599	-0.0587470236	-0.0786545078	0.0407046542	-0.0656120876	0.0204348606	-0.0016155948	0.0228247897	0.0367383411	0.0202292051	-0.0328645988	-0.0344711437	0.0099589411	0.0517476096	-0.0029283888	0.0393161134	0.0277166495	0.0250487334	0.0001380701	0.0343053552	-0.0871360687	0.0122170258	0.0499575872	0.0206138184	0.0046489386	0.0311926144	-0.014019365	-0.0497690401	-0.0368252837	-0.0034653181	-0.0131302302	0.0205404012	0.003092381	-0.0067693325	-0.0406660946	-0.0379809032	-0.0128162963	-0.0103212678	-0.0649697493	-0.0243490495	-0.0257622635	0.0029230917	-0.0115551362	0.0233290236	0.0075250731	0.0329806724	-0.1031765257	-0.0359443245	0.0115194953	0.005961487	0.0372256376	0.0249505542	-0.0027145839	0.0086782032	0.0568210419	-0.0025646777	-0.060390626	-0.0814885411	-0.0530272111	0.0076839116	0.0637218759	0.0810058262	0.0132949934610451	0.0020431294883564	0.0001767568511292	4.174378106191889e-06	0.0613327444606568	0.001587605848357	2.5204923297373547e-06	0.0037617055430762	0.2203410068903295	0.0209510179940651	0.0004389451549876	0.0485501593174442	0.0003126440085122	-0.0001983276876823	3.933387170144757e-08	9.77462760585766e-08	-0.001088107497883	4.213204831919983e-05	1.7751094955713895e-09	1.1839779269492029e-06	-0.0006543301964271	0.0002808813440373	7.88943294282001e-08	4.281480059563273e-07	0.0	0.0	0.0	0.0	0.0	0.0	0.0	0.0	0.0	0.0	0.0	0.0	0.0	0.0	0.0	0.0	0.0	0.0	0.0	0.0
1751.2500469258428	2.5095448094682524	3066876.7268577665	6.297815150729047	2135.58578265797	-12.030088598078237	4560726.635090854	144.723031677612	1844.569187454313	3.033313773528789	3402435.487305864	9.200992448679465	1891.537223307292	1719.6912199567753	1.009874	27.036205	0.0644156239477546	0.0363609547265257	-0.0027765105	0.0083811472	0.035175795	-0.0172164792	0.0787543211	-0.0165257359	0.010527972	0.0073559482	-0.0354875847	0.0082495238	0.0063938548	-0.0248414271	0.0197640147	-0.0231546176	-0.0350738472	-0.0094432503	-0.0490809657	0.0307854607	0.0559784044	0.0887887288	-0.0197341471	0.0038741687	0.0070277228	-0.0049057281	0.0601672215	-0.0597539779	-0.0101030204	0.0262122561	0.0382504995	0.0435319218	-0.0001465003	-0.0287588004	-0.0014879187	-0.0101357747	0.0047578434	0.0010574278	-0.0020011241	-0.0085631449	-0.0244988372	-0.048129714	-0.0206225236	-0.0782707297	-0.0396459405	0.0343540925	-0.0221064484	0.0434045527	-0.0861360629	0.0132436706	-0.0622924299	0.0426980542	0.0458398189	0.0128771121	0.0825448386	-0.0011305364	-0.0535332468	-0.0424136278	-0.0227396257	0.0562039158	-0.0042732129	-0.0620868871	-0.0812023727	-0.0497051625	0.0127728206	0.0672896215	0.0798654172	0.0131226727558555	-0.0001723207051895	0.0001722045402572	2.969442543704088e-08	0.0743003971585096	0.0129676526978528	0.0001681600164921	0.0055205490179122	0.1918064866095576	-0.0285345202807719	0.0008142188476537	0.0367897283055023	-3.936692452270632e-05	-0.0003520109330349	1.239116969761053e-07	1.549754746376456e-09	-0.0010379863541902	5.012114369280004e-05	2.5121290450743084e-09	1.0774156714850634e-06	-0.0007070207249782	-5.269052855110001e-05	2.776291798994285e-09	4.998783055486995e-07	0.0	0.0	0.0	0.0	0.0	0.0	0.0	0.0	0.0	0.0	0.0	0.0	0.0	0.0	0.0	0.0	0.0	0.0	0.0	0.0
1748.0460219469055	-3.204024978937241	3055664.894844401	10.265776065653789	2138.326074080034	2.7402914220638195	4572438.39909053	7.50919707783655	1846.2174878929093	1.6483004385963795	3408519.0126016047	2.716894335877017	1896.938820274204	1731.7864190281266	0.9237820000000002	24.731371	0.051860389730347	0.0230545807004174	-0.0126383936	0.0122874746	0.0281697848	-0.0139240533	0.0727921161	0.0020702021	-0.0372965562	-0.0739091983	-0.0732340752	0.0079660066	-0.0041677468	0.0392362278	0.0050476397	-0.0255757004	0.0058622684	0.008916087	0.0093085548	-0.0006508891	0.0095305457	-0.0124532252	0.0692122147	0.0090104896	0.0065413715	-0.0438032003	0.0367727257	-0.0274842306	-0.0465363116	-0.0151352917	0.0160714814	0.0054348069	0.0221236804	0.1205410929	-0.0813094817	-0.0077725022	0.0022808263	0.0063184419	-0.0063111858	-0.0373084128	-0.0153403409	-0.0327232932	-0.0502277271	-0.0384864899	-0.051961754	0.0389480559	-0.0537808364	0.0513758472	-0.0171787047	0.0042681408	0.0359433451	0.0001895689	-0.0144251514	0.059428204	0.0445508368	0.0812002805	0.1034606316	0.0162595849	0.0576324642	0.0555806262	-0.0059798738	-0.0637218759	-0.0807737477	-0.0462468756	0.0178113211	0.0704959515	0.0781648097	0.0100346031086786	-0.0030880696471768	0.0001006932595487	9.53617414581526e-06	0.0840899529034118	0.0097895557449022	9.583540168254768e-05	0.007071120179298	0.1832634636666199	-0.0085430229429376	7.298324100355964e-05	0.0335854971150865	0.0002611628466816	0.0003005297712043	9.03181433801127e-08	6.82060324868369e-08	-0.0012010739870249	-0.0001630876328346	2.659757598362589e-08	1.4425787223078896e-06	-0.0005618433011106	0.0001451774238676	2.1076484400832797e-08	3.156678950028564e-07	0.0	0.0	0.0	0.0	0.0	0.0	0.0	0.0	0.0	0.0	0.0	0.0	0.0	0.0	0.0	0.0	0.0	0.0	0.0	0.0
1746.542095045316	-1.503926901589466	3050409.2897652816	2.261796125324492	2156.337433381514	18.011359301480297	4649791.126602376	324.4090638870208	1841.587511564556	-4.629976328353223	3391444.5627505337	21.43668080111119	1894.679690611596	1710.0708798361488	0.95027	25.440508	0.0502008538719203	0.0293093683416261	0.0029960931	-0.0184853693	-0.020605385	0.0025692949	0.0703479149	0.0456876159	-0.0369717712	-0.036548053	-0.0437381866	-0.0042771967	0.0257142358	-0.003286924	-0.0249451546	-0.0031842	0.0108290634	-0.0004872498	-0.0176796255	0.0959506787	-0.0047564654	-0.0042837107	0.0604045627	-0.0011328293	0.0049274729	0.0182687274	0.0141475075	-0.0767130029	-0.0482000109	-0.0041763563	0.0274058667	-0.0170107411	0.0111506036	0.0019825416	-0.0129136583	-0.0033231387	-0.0162957866	0.0146079633	-0.0017284362	-0.0077426454	-0.0134996984	-0.0282070214	-0.0317392859	0.0609595922	-0.0330222947	0.065330065	-0.0264415512	-0.0092013509	-0.0404494693	0.0206449499	-0.085395446	0.0351947133	-0.0283703887	0.0582309398	-0.0205181121	0.1295723976	0.0592886332	-0.0284943149	0.0068831901	0.0549512416	-0.0076839116	-0.0652939789	-0.0802034182	-0.0426618292	0.0227795284	0.0733236445	0.0759159322	0.0081462500048985	-0.00188835310378	6.636138914230883e-05	3.565877444555936e-06	0.0821502231471811	-0.0019397297562307	3.762551527206827e-06	0.0067486591631316	0.1994542217309245	0.0161907580643045	0.0002621406466968	0.0397819865662888	0.0002609902367033	-1.726099783000185e-07	2.9794204608732847e-14	6.811590365444455e-08	-0.0010281295845917	0.0001729444024332	2.9909766332976645e-08	1.0570504427127014e-06	-0.0009923665476512	-0.0004305232465405	1.853502658118582e-07	9.847913648971613e-07	0.0	0.0	0.0	0.0	0.0	0.0	0.0	0.0	0.0	0.0	0.0	0.0	0.0	0.0	0.0	0.0	0.0	0.0	0.0	0.0
1753.496023170284	6.953928124967888	3074748.303274001	48.357116367219405	2164.75887523998	8.421441858466096	4686180.987930264	70.9206829755249	1849.27372768469	7.6862161201338495	3419813.3199048284	59.07791824540545	1895.7387263279336	1699.261536980399	0.991424	26.542269	0.009196392321086	0.0065846096161075	-0.0027731454	0.0146527055	-0.0674790352	0.0319265199	-0.0184592494	-0.0118972942	0.0132937106	0.0933656105	-0.0201114207	0.0157546237	0.0015136718	0.0034805016	-0.0384120058	-0.0117483882	-0.0003435912	0.0256204787	-0.015472442	0.0684048455	-0.0920180484	-0.0429482461	-0.0011277348	0.0125898689	0.0042956779	0.0255930748	-0.0472850789	-0.0285175344	0.0368169168	0.0914856279	-0.0129910799	-0.0268615187	-0.0440072679	-0.1083241145	0.0039341478	-0.0074598291	0.0029432333	0.0012881533	-0.0052266963	-0.022083264	0.0072024058	0.0244723994	0.0643008902	0.0521925311	-0.0118063634	0.0283794977	-0.0424289319	-0.0439900244	0.0225149866	0.0047306622	0.0459717484	-0.0187823629	-0.0178765726	0.0219250237	-0.0264386514	0.1052527766	-0.0047428926	-0.0599626822	0.0399764509	0.054315831	-0.009384579	-0.0668016447	-0.0794923845	-0.0389598496	0.0276578354	0.0757575129	0.073134559	0.0021209199003919	-0.0060253301045066	4.498301223878387e-06	3.630460286827352e-05	0.0819587399675612	-0.0001914831796198	3.666580807734481e-08	0.0067172350570703	0.19944678732557	-7.434405354500573e-06	5.527038297502679e-11	0.0397790209744911	0.0002039903380489	-5.699989865439999e-05	3.248988446611869e-09	4.1612058017304494e-08	-0.0010291012759016	-9.716913099001682e-07	9.44184001735505e-13	1.0590494360623013e-06	-0.0009908952449834	1.471302667799962e-06	2.164731540275285e-12	9.818733865307122e-07	0.0	0.0	0.0	0.0	0.0	0.0	0.0	0.0	0.0	0.0	0.0	0.0	0.0	0.0	0.0	0.0	0.0	0.0	0.0	0.0
1751.3234268234796	-2.172596346804312	3067133.745340736	4.720174886147442	2171.880547436801	7.121672196820782	4717065.112334378	50.718214878970144	1844.840726439716	-4.433001244973866	3403437.305930619	19.651500037939847	1894.6204379212625	1734.9676727024855	0.998877	26.7418	0.059644247235728	0.0273400550877846	-0.005769522	-0.0308238555	0.0027076117	0.0237049307	-0.0978403699	-0.0054040327	-0.0222770043	0.0378985194	0.0555520286	0.000755688	-0.0135907553	0.031224723	-0.0250693281	-0.0261831198	0.0082787884	-0.0083374135	0.0533271465	-0.0807630796	-0.0316913964	-0.0239074006	-0.0618654161	0.0008322345	-0.0026686821	0.0061215752	-0.0515814759	0.0920284187	0.0028501991	0.0114974777	-0.0099559232	-0.0091395681	0.0033533425	0.0233601947	-0.0107108452	-0.0065528207	-0.0115962015	0.0190143824	-0.0050646858	-0.0076266912	-0.0273541657	-0.0044797858	0.0101679857	0.0428652808	0.0151162371	-0.0250587646	0.0562036205	-0.0621940932	0.0411435819	-0.0229112483	-0.0117050433	-0.104785374	-0.1352777228	0.0575240657	-0.0373850571	0.0556464342	0.0902320675	-0.0423364735	-0.040079622	0.0536744641	-0.0110811301	-0.0682433853	-0.0786418943	-0.0351510839	0.0324269895	0.0777844842	0.0698401994	0.0155290654954001	0.0134081455950081	0.0002411518751604	0.0001797783682969	0.0676981305236523	-0.0142606094439089	0.0002033649817117	0.0045830368763974	0.1994872337221309	4.044639656089477e-05	1.6359109947611603e-09	0.039795156418108	0.0003677017525968	0.0001637114145479	2.680142725327436e-08	1.352045788627583e-07	-0.0007541457909925	0.0002749554849091	7.560051868159836e-08	5.687358740717035e-07	-0.0007908612284354	0.000200034016548	4.0013607776325556e-08	6.254614826423499e-07	0.0	0.0	0.0	0.0	0.0	0.0	0.0	0.0	0.0	0.0	0.0	0.0	0.0	0.0	0.0	0.0	0.0	0.0	0.0	0.0
1749.8746097773624	-1.4488170461172558	3062061.149943476	2.0990708331199306	2148.179869044911	-23.70067839189005	4614676.749769811	561.7221562358039	1844.7118505288288	-0.1288759108872454	3402961.811481496	0.0166090004070172	1892.1990629308364	1734.51638791534	0.922016	24.684076	0.0737173914518421	0.0429290639914707	-0.0104810968	-0.0040021554	0.0349365072	-0.0074768498	-0.0414318634	-0.0012329394	0.0354065834	-0.0303622946	0.0060990163	0.0042768373	0.0107617033	-0.0192692088	-0.0295495965	-0.0385176544	-0.01848442	0.0363021298	-0.0038125055	-0.019134767	0.004559459	0.0398575374	-0.0275928119	0.0015318109	0.0235644879	-0.001171941	0.039042208	0.015583342	0.0276279873	0.0048742137	-0.0078241476	0.0146842906	0.0185827888	-0.0233482565	0.0980356576	-0.0080460092	-0.0130683484	0.0075916779	-0.0048570966	-0.0212518909	-0.0100149064	-0.0057063914	0.0206990963	-0.0364519116	-0.0504203014	0.0106952685	-0.0034400449	-0.056082908	0.0105012028	-0.0054516517	0.0025916797	-0.0333344463	-0.1010691095	0.0778335101	-0.1173586408	0.0116480409	-0.0115603115	-0.0397494198	0.047306113	0.0530272111	-0.0127728206	-0.0696177779	-0.0776534394	-0.0312459714	0.0370681691	0.0793936715	0.066055961	0.0149530654585134	-0.0005760000368866	0.0002235941666065	3.317760424934783e-07	0.082217184291423	0.0145190537677706	0.0002108029223114	0.0067596653928098	0.1633731915924912	-0.0361140421296397	0.0013042240389413	0.0266907997311168	0.0002610619196328	-0.0001066398329639	1.1372053974589815e-08	6.815332588236255e-08	-0.0008201400360032	-6.599424501069998e-05	4.355240374532299e-09	6.726296786553302e-07	-0.0010683930608116	-0.0002775318323762	7.702391798209123e-08	1.1414637323903794e-06	0.0	0.0	0.0	0.0	0.0	0.0	0.0	0.0	0.0	0.0	0.0	0.0	0.0	0.0	0.0	0.0	0.0	0.0	0.0	0.0
1753.4769898421728	3.6023800648104043	3074681.553905967	12.977142131343411	2143.8396013433285	-4.340267701582434	4596048.236287922	18.83792372139966	1845.2327898705912	0.5209393417624142	3404884.048813605	0.2713777977958573	1893.843931908701	1722.2701990776206	0.964861	25.831131	0.0457386584870517	0.0232963084390658	-0.0062000121	-0.0242483261	0.0241044869	0.0131819612	0.0414081309	0.0258671233	0.0722010486	-0.0277658132	-0.0514117376	-0.0007101351	-0.0152220996	-0.0618200465	-0.0819610159	0.0004473021	-0.0500527678	0.0378497551	0.0423008311	0.0017823072	0.0195247999	-0.0131973862	-0.0020033953	-0.0001580748	-0.0139909087	-0.0319933178	0.0622513324	-0.04339838	-0.0332813213	0.0524040729	-0.0677478186	0.0138761347	-0.0522252652	0.0780282224	-0.0276454642	-0.0007463334	-0.0353956731	0.0195705918	0.0001000038	-0.0043864641	-0.0086215298	-0.0221167062	-0.0177551179	0.0172508385	-0.0213470301	0.0234776627	-0.0007420409	0.0639264722	-0.0408871909	-0.0106235104	-0.0644092614	0.0291920278	-0.0299946153	0.0246653238	0.0532002668	0.1701422274	0.0238023911	-0.029165575	0.0049626241	0.0523741431	-0.0144589085	-0.0709234662	-0.076528754	-0.0272552159	0.0415630576	0.0805764318	0.0618083875	0.0059079519194682	-0.0090451135390452	3.490389588274799e-05	8.181407893421881e-05	0.0819438265776284	-0.0002733577137945	7.472443969100756e-08	0.0067147907141844	0.1712635781235931	0.0078903865311019	6.225819961019446e-05	0.029331213191696	0.0002609905283828	-7.139125000004246e-08	5.096710576568561e-15	6.811605590553312e-08	-0.0011831173995402	-0.000362977363537	1.3175256644027146e-07	1.3997667810947652e-06	-0.0008608458015364	0.0002075472592752	4.3075864832647116e-08	7.41055494022847e-07	0.0	0.0	0.0	0.0	0.0	0.0	0.0	0.0	0.0	0.0	0.0	0.0	0.0	0.0	0.0	0.0	0.0	0.0	0.0	0.0
1752.4071498215364	-1.0698400206363203	3070930.818745641	1.1445576697551223	2164.587956688621	20.74835534529257	4685441.022241419	430.4942495345306	1843.3986252455684	-1.8341646250228223	3398118.491557252	3.36415987168511	1892.3815898820465	1721.6468833050444	1.030851	27.597794	0.0549370939911052	0.0305966605565204	-0.006287562	-0.0799522956	-0.0782767436	0.0023576326	-0.0169042891	0.0659515597	0.0145142858	0.0873213397	-0.0028760089	0.0014532743	-0.0033125785	-0.0120683667	0.0076628361	-0.0141912732	-0.0254882969	-0.0817887257	-0.0544689635	-0.0158630162	-0.0434660825	-0.0789269612	0.0212866026	-0.0010450128	-0.0132089493	0.0880169609	-0.0440420052	0.0461934224	0.0205618317	0.0491827632	-9.22018e-05	0.0605288217	0.0790077834	-0.0187658137	0.0230420467	-0.0024902086	-0.052346865	0.0090519189	-0.0076086765	0.0158708053	-0.0064030113	0.0446942132	0.0627373592	0.089577958	0.0231857797	0.0093603269	0.0127634543	-0.0161628335	0.0087769177	-0.0196806343	-0.0827938147	0.0597579501	0.0052818827	-0.0085302027	-0.0715964257	0.0698600705	-0.0147473062	-0.0816758455	-0.0245683929	0.0517153317	-0.0161386543	-0.0721591615	-0.0752698111	-0.0231897558	0.0458939156	0.0813264124	0.0571272725	-0.0057133816414278	-0.011621333560896	3.264272978060422e-05	0.0001350553937336	0.0820519966852941	0.0001081701076657	1.1700772192409228e-08	0.0067325301600435	0.1490613006290146	-0.0222022774945785	0.0004929411259462	0.0222192713452134	0.0002611207668281	1.302384453000043e-07	1.6962052634162212e-14	6.818405486889495e-08	-0.0013180757064263	-0.0001349583068861	1.8213744597562744e-08	1.7373235678711898e-06	-0.0005758280903085	0.0002850177112279	8.123509571359065e-08	3.31577989588334e-07	0.0	0.0	0.0	0.0	0.0	0.0	0.0	0.0	0.0	0.0	0.0	0.0	0.0	0.0	0.0	0.0	0.0	0.0	0.0	0.0
1753.7358863032018	1.3287364816653735	3075589.558907677	1.7655406377084757	2175.324526873502	10.736570184880748	4732036.797217424	115.2739393348702	1844.4267224763569	1.0280972307884897	3401909.934584876	1.0569839159549606	1894.3190681008728	1730.8586550277344	1.120074	29.986471	0.1120255425492032	0.0547141651226665	-0.0067245163	-0.0390038233	0.0545021304	0.0150471395	-0.1024051639	-0.0041218454	0.0167068504	0.0678589168	0.0595508098	0.0040669847	-0.0040403293	0.0380999956	0.0241678859	-0.0212113792	-0.1227133708	-0.0944791018	-0.1272191294	-0.0454124686	0.0278181195	-0.0367472282	0.0435586711	0.0041640918	-0.0001229213	0.0056024245	0.0010736433	0.064967747	-0.0228306883	0.0054797732	0.0177933035	0.1013278557	0.0721553975	-0.0934094245	0.004225685	0.0082315317	-0.0449275437	-0.0686291579	-0.0221972046	-0.0159369177	-0.0755782239	0.2535539114	-0.1452131998	-0.0233181204	-0.0019062509	-0.1423745236	0.0070341709	-0.0108071883	0.057703648	-0.0492285032	0.0482044987	0.0087723958	0.0705696628	0.0504594088	-0.0317911984	0.0187280255	0.0516597357	-0.0443404021	-0.0260174518	0.0510508491	-0.0178113211	-0.0733236445	-0.0738788195	-0.0190607341	0.0500436514	0.0816395852	0.0520454508	0.0102678040808257	0.0159811857222535	0.0001054278006422	0.0002553982970891	0.0857982520103775	0.0037462553250833	1.4034428960715693e-05	0.0073613400480362	0.1854381345360209	0.0363768339070063	0.0013232740450979	0.0343873017401993	0.0007030016440868	0.0004418808772587	1.9525870968691838e-07	4.942113115887438e-07	-0.0010323405803962	0.0002857351260301	8.164456224743717e-08	1.065727073932763e-06	-0.0009666374389169	-0.0003908093486084	1.5273194695972198e-07	9.343879383158236e-07	0.0	0.0	0.0	0.0	0.0	0.0	0.0	0.0	0.0	0.0	0.0	0.0	0.0	0.0	0.0	0.0	0.0	0.0	0.0	0.0
1755.1088338186794	1.3729475154775628	3080407.0185483648	1.8849848802560123	2149.075508811257	-26.24901806224489	4618525.542572362	689.0109492320582	1844.3321301198143	-0.0945923565425346	3401561.006192292	0.0089477139162699	1893.2819321576287	1749.4474884351496	1.161658	31.099754	0.0661036124316642	0.0392257119264236	-0.0156380215	0.0448907347	0.0114506875	-0.0002215308	0.0530755555	-0.0182663912	0.0583984782	-0.0307339219	0.0439263273	0.006602217	0.0119635823	0.0021396206	-0.0290844811	-0.0248559329	-0.0188478993	-0.0108643014	-0.0009387371	-0.0096846683	0.0299927858	0.0669190723	-0.0828115418	0.0062979117	0.0267938408	-0.0401493695	0.0319800016	-0.0015286503	-0.0108664496	0.0275708809	-0.0151204014	-0.0018080408	-0.0106274668	0.0253743951	-0.005228174	-0.0049092726	0.0191220204	-0.0055434822	-0.0066626671	-0.0194060245	0.0020946252	0.0006807331	0.0492547778	-0.0479642774	-0.0554965333	0.034360699	-0.0607592636	-0.002456928	-0.0476478189	0.0273785833	-0.043718802	0.0183787227	0.0576815125	0.078178774	-0.0627905783	0.0392359129	0.0858038138	-0.1827491952	0.0362954089	0.0503807682	-0.0194761753	-0.0744157659	-0.0723582192	-0.0148794683	0.0539958877	0.081514268	0.0465985677	0.0133151165211558	0.00304731244033	0.0001772923279719	9.286113108990582e-06	0.0832028494167929	-0.0025954025935845	6.736114622785641e-06	0.0069227141510735	0.2179244579680954	0.0324863234320745	0.0010553612101333	0.0474910693806881	0.0002610541285459	-0.0004419475155409	1.953176064927741e-07	6.814925803085927e-08	-0.0010401119933687	-7.771412972500114e-06	6.039485958914305e-11	1.0818329587494108e-06	-0.0008568648881168	0.0001097725508001	1.2050012909160543e-08	7.342174364874161e-07	0.0	0.0	0.0	0.0	0.0	0.0	0.0	0.0	0.0	0.0	0.0	0.0	0.0	0.0	0.0	0.0	0.0	0.0	0.0	0.0
1752.2991857830496	-2.8096480356298343	3070552.4364959383	7.894122084118587	2159.300515434959	10.22500662370203	4662578.715957679	104.55076045475036	1843.4853008783352	-0.8468292414790994	3398438.054554486	0.7171197642240669	1893.7568349800856	1745.1280626955286	0.960689	25.719427	0.1215342904810026	0.0690398177955308	-0.0135016292	0.0529910657	-0.0884381046	0.0032953223	0.0344892297	-0.0442916386	-0.0152643157	0.1003265092	-0.0249226708	0.0017825346	-0.0115005056	0.0132582675	0.013926366	0.0316500448	-0.0050402318	0.1123181469	-0.0488458202	-0.0090023728	-0.0514472147	0.0290290086	-0.0756153604	0.0022930692	0.0025551066	-0.0056227231	-0.0669307573	-0.0422600671	0.0605526098	0.0190597898	-0.049977304	-0.006662057	-0.0313124686	-0.0521700878	-0.0241053183	-0.0039954984	0.0392863545	-0.0243155196	-0.0133888697	-0.0177434662	0.0196531713	0.0389622881	0.0879290355	0.0310234038	-0.0121661584	-0.0035327372	-0.0339837339	0.0057675674	-0.0038212393	-0.0046740879	0.0698481712	0.0329860534	0.0177732218	0.0512922086	-0.0415490853	0.0494276101	0.0725532648	-0.0382661864	0.0831947365	0.0497051625	-0.0211324865	-0.0754344479	-0.0707106781	-0.010657419	0.0577350269	0.0809511339	0.040824829	0.0104362900490002	-0.0028788264721555	0.0001089161499868	8.287641856783849e-06	0.0850552103329675	0.0018523609161746	3.4312409637712247e-06	0.0072343888047853	0.2755329888817428	0.0576085309136474	0.0033187428340286	0.0759184279621066	-0.000221386944335	-0.0004824410728809	2.327493888024739e-07	4.901217912198839e-08	-0.0006578698006738	0.0003822421926949	1.461090938762051e-07	4.327926746385854e-07	-0.0011760730661215	-0.0003192081780046	1.0189386090508022e-07	1.3831478568564258e-06	0.0	0.0	0.0	0.0	0.0	0.0	0.0	0.0	0.0	0.0	0.0	0.0	0.0	0.0	0.0	0.0	0.0	0.0	0.0	0.0
1750.9596696266426	-1.339516156406944	3065859.764659041	1.7943035332752324	2160.547595977783	1.2470805428242784	4667965.914485378	1.555209880290897	1847.574859797606	4.0895589192707575	3413532.862556144	16.724492154187008	1899.493369188496	1739.5789645420466	1.077725	28.852718	0.1471503259717014	0.0800969624331836	-0.0067184304	-0.0283882858	0.0627909051	0.0020644781	-0.0778711757	-0.0054277364	-0.0146835077	-0.0380674452	0.0151126289	0.0074702606	-0.0109262319	0.0208697167	-0.0308896977	0.0150787045	-0.0026107409	-0.0462747998	0.0017705752	-0.1198179987	0.0353287921	-0.0110612188	-0.1063845831	0.0057333159	-0.0009265007	-0.0016766434	-0.0097421646	0.0915878302	-0.0296993047	-0.0399975974	-0.037441936	0.0038633543	0.060283338	0.0621757086	0.0633097793	-0.0017750302	-0.0166361353	0.0096098024	-0.0007316171	-0.0487068395	-0.0154970181	0.0023914289	-0.0072318599	-0.0147341323	-0.0456688324	-0.0374270094	0.0691311494	-0.0109538054	0.0536638344	-0.0143321488	-0.0007980721	0.0173787915	0.0495907995	0.0898430757	-0.0008916679	0.016292839	0.0670472161	-0.1072028889	0.0259688631	0.0490241061	-0.0227795284	-0.0763786853	-0.0689390864	-0.0064061583	0.0612463124	0.0799532077	0.0347647336	0.0112221149997822	0.0007858249507819	0.0001259358650683	6.175208532715315e-07	0.0901827941787161	0.0051275838457485	2.629211609518187e-05	0.0081329363658806	0.224220045129897	-0.0513129437518458	0.00263301819648	0.050274628638053	0.0008790647960928	0.0011004517404278	1.210994033010574e-06	7.727549157296761e-07	-0.0010278733416266	-0.0003700035409527	1.3690262031761032e-07	1.056523606426633e-06	-0.0008480488790356	0.0003280241870858	1.075998673133655e-07	7.191869012335376e-07	0.0	0.0	0.0	0.0	0.0	0.0	0.0	0.0	0.0	0.0	0.0	0.0	0.0	0.0	0.0	0.0	0.0	0.0	0.0	0.0
1748.2751375675443	-2.6845320590982737	3056465.9566368163	7.206712376326418	2152.8783557198262	-7.669240257956972	4634885.214526903	58.81724613426792	1841.6994321945813	-5.875427603024718	3391856.798545843	34.520649518384786	1893.768061140472	1739.500738575546	0.996946	26.690102	0.0626946153358138	0.0298999862911788	-0.0015331008	0.0058400703	0.0718895395	-0.0091418953	0.0195284922	0.0075929212	0.0359330564	-0.0634629259	0.0162796159	0.000978205	0.0328610064	-0.0260418499	0.0162289728	0.0171440039	-0.0155653833	-0.0025874527	0.0247827845	0.0571094973	0.0472579856	0.0543562772	0.0551334572	0.001223334	0.0140097378	-3.6656e-06	0.0570095205	-0.0374778494	-0.0215910681	-0.0374442335	0.0400935517	0.0062466242	-0.033353127	-0.022590078	0.0446974743	-0.0005353586	0.0046870549	0.0032243305	-0.0043814773	-0.0275909567	-0.0100259623	-0.0384461842	-0.0422118167	-0.060859855	-0.034234099	0.0325701203	-0.0294492314	0.0269077964	-0.0414780738	-0.0127717188	-0.0101195082	0.0197906525	0.0261057512	0.0535277082	-0.0832007527	-0.0178923217	0.0535196563	-0.0237667871	-0.0009511719	0.0483376736	-0.0244165784	-0.0772475461	-0.0670465522	-0.0021373389	0.0645158866	0.0785258491	0.0284607885	0.0248532868352242	0.013631171835442	0.0006176858665139	0.0001858088456073	0.0967749923452316	0.0065921981665155	4.345707666661037e-05	0.0093653991434196	0.2214145580343256	-0.0028054870955713	7.870757843417534e-06	0.0490244065095357	0.0005408217192802	-0.0003382430768126	1.1440837901165444e-07	2.924881320451914e-07	-0.0011808123469152	-0.0001529390052886	2.3390339338666426e-08	1.3943177986273826e-06	-0.0011501819617001	-0.0003021330826645	9.128439964035368e-08	1.3229185450202906e-06	0.0	0.0	0.0	0.0	0.0	0.0	0.0	0.0	0.0	0.0	0.0	0.0	0.0	0.0	0.0	0.0	0.0	0.0	0.0	0.0
1746.866071163755	-1.4090664037894385	3051541.070583093	1.985468130288101	2150.9057905023747	-1.9725652174515744	4626395.719616645	3.891013537099777	1846.356756199173	4.657324004591828	3409033.271162333	21.690666883747262	1899.2706459195008	1733.145101807663	1.002388	26.835794	0.0294090434622963	0.0151388837897348	-0.0041449712	-0.027607353	-0.0668399918	-0.0097832114	0.0613369094	0.0322907172	-0.0358023188	-0.0668912808	-0.0676780841	0.0051976139	-0.0085213844	-0.0061768648	-0.0536371921	0.0303495142	0.0176810329	-0.0417877153	0.0064912563	0.0459530104	0.0745578343	-0.0331891802	0.0833993969	0.0069978364	-0.0238126232	0.0178770431	0.0097445258	-0.0710795415	-0.0812241861	0.0075181153	-0.0204487123	-0.0081280432	0.0063648262	0.0666324383	-0.0432384453	-0.0016314165	-0.023473997	0.0124590452	-0.00455039	-0.0379245423	-0.0008768914	-1.52293e-05	-0.0036164242	0.0843388903	-0.0336254678	0.0617643093	-0.0476863295	0.0566267999	0.0032693146	-0.0023183085	0.0236004469	0.0496235386	0.0433421027	0.051633996	0.0276161786	0.0346366223	0.015299717	0.0340001082	0.0261734945	0.0476459404	-0.0260429185	-0.0780401729	-0.0650363955	0.0021373389	0.0675308461	0.0766767246	0.0219572114	0.0331638139626448	0.0083105271274205	0.0010998385565489	6.906486113559363e-05	0.0878332439005475	-0.008941748444684	7.995486524801042e-05	0.007714678734093	0.2266194871714972	0.0052049291371716	2.7091287322977942e-05	0.0513563919658723	0.0005408874749137	6.57556335000465e-08	4.323803336992437e-15	2.925592605185185e-07	-0.0011957781404341	-1.496579351890014e-05	2.2397497565035348e-10	1.4298853611400345e-06	-0.0010261767357921	0.000124005225908	1.5377296052494153e-08	1.0530386930809291e-06	0.0	0.0	0.0	0.0	0.0	0.0	0.0	0.0	0.0	0.0	0.0	0.0	0.0	0.0	0.0	0.0	0.0	0.0	0.0	0.0
1745.296834594269	-1.569236569485838	3046061.0408447757	2.462503411011681	2161.0254199288106	10.11962942643595	4670030.865578492	102.40689972838838	1837.098293014437	-9.258463184736	3374930.1381965587	85.7191405431119	1889.3637921501609	1708.166386808065	1.016896	27.224213	0.0130087315885855	0.0066553236238274	0.0105152844	-0.023863389	-0.0114964307	-0.0041325869	-0.0653595139	0.0242465855	-0.0480066115	0.0211601698	0.0104457147	-0.0124304191	0.0278022488	-0.0357384562	0.0553802472	-0.0307969317	0.0078405331	-0.0132461668	-0.0028160111	-0.0016883219	-0.0800522442	-0.07456929	0.0192562907	-0.0121165834	0.0079032461	0.0654959219	-0.0309374311	0.0407937576	0.0453623545	0.0237953578	0.0261782186	-0.0124115988	0.0022878316	-0.026031618	-0.0633090685	0.003051885	-0.0142878498	0.0067218967	-0.0039630356	-0.0066492175	-0.0085427665	-0.0065313907	-0.0101791489	0.0484937795	0.0079626874	-0.0005033198	0.0381438937	-0.065460339	0.0345145303	-0.0190045055	0.0146767743	0.0268992607	0.0232221633	0.0286790161	-0.0474034277	0.0163079723	-7.96265e-05	-0.0112519074	-0.0567659453	0.0469489822	-0.0276578354	-0.0787557834	-0.0629121428	0.0064061583	0.0702792922	0.0744157659	0.0152996203	0.0285118969441668	-0.0046519170184779	0.0008129282673547	2.1640331946805238e-05	0.0903957148831722	0.0025624709826247	6.566257536793601e-06	0.0081713852692397	0.2265238914006744	-9.559577082282612e-05	9.138551399210292e-09	0.0513130733753045	0.0005973531622373	5.6465687323599954e-05	3.1883738449265566e-09	3.568308004349021e-07	-0.0012033224563696	-7.544315935499937e-06	5.691670293463829e-11	1.447984934003368e-06	-0.0010761416888662	-4.996495307410011e-05	2.496496535697025e-09	1.1580809345157974e-06	0.0	0.0	0.0	0.0	0.0	0.0	0.0	0.0	0.0	0.0	0.0	0.0	0.0	0.0	0.0	0.0	0.0	0.0	0.0	0.0
1747.2838419499517	1.9870073556826355	3053000.824339384	3.9481982315369	2136.2437752810392	-24.781644647771373	4563537.467426987	614.1299114484156	1841.079967833402	3.981674818964848	3389575.4479574403	15.853734363978754	1887.3993870155484	1713.521459196069	1.048601	28.072994	0.0865507478822758	0.0408819222488139	0.003353005	0.0369644219	0.0409348775	-0.0007362042	-0.0376072095	-0.0759939412	0.0642404229	-0.0472404662	0.0134563933	-0.0058667395	-0.0120145346	0.0125570904	0.0216808704	-0.0015233764	-0.012163861	0.0500962754	-0.0008991368	0.0239259326	-0.0324401074	0.1307869405	-0.0030759701	-0.0071747576	0.0185629611	-0.0832381447	0.0186289692	0.0215707414	0.0352301906	-0.0230887731	-0.0220313557	0.0184945342	-0.0060288465	-0.0333430574	0.0330720903	-0.0003064064	0.016888899	-0.0003795004	-0.0005089888	-0.0302113774	-0.0364984055	-0.0188559425	0.0123011851	-0.0167933016	-0.0276845067	0.0066338922	-0.0168404908	0.0029471324	0.0501080924	-0.0044149777	0.0679933203	0.0270096051	0.0042090935	0.0220758883	-0.0879241569	0.0299836701	-0.0069589312	0.0307770493	0.0334024476	0.0462468756	-0.0292606206	-0.0793936715	-0.0606775209	0.010657419	0.0727503781	0.0717551168	0.0085347133	0.0409311334693853	0.0124192365252185	0.0016753576870886	0.0001542374358693	0.1023144646089093	0.0119187497257371	0.0001420565950247	0.0104682496682077	0.2568663308892596	0.0303424394885852	0.0009206636341184	0.0659803119445106	0.0001299084316094	-0.0004674447306279	2.1850457619179e-07	1.6876200603214155e-08	-0.0012460623024495	-4.273984607989991e-05	1.8266944429335354e-09	1.5526712615857491e-06	-0.0009489198227193	0.0001272218661469	1.6185403225899748e-08	9.004488299496278e-07	0.0	0.0	0.0	0.0	0.0	0.0	0.0	0.0	0.0	0.0	0.0	0.0	0.0	0.0	0.0	0.0	0.0	0.0	0.0	0.0
1749.1466883301102	1.862846380158544	3059514.137296192	3.4701966360697907	2142.025297164917	5.781521883877758	4588272.373694451	33.425995293757424	1844.4420205278009	3.362052694398926	3401966.3670886764	11.30339831991508	1893.7456035539208	1726.1071319387172	0.966083	25.863842	0.0941890794641201	0.0438575013592355	0.0006785919	-0.0125163506	-0.0353729545	-0.009917821	0.0052846665	-0.0002300576	0.0304011969	0.0148579779	-0.0689751826	0.001762207	-0.0131339422	-0.0170606194	-0.019563889	0.0078603739	-0.0143254349	0.0106591749	0.0117396473	0.0321188496	0.0241260986	-0.0025095327	0.1217859227	-0.0002250217	-0.0188929484	0.0141977137	0.0215592702	-0.0482021342	-0.0220099678	0.0277296033	-4.135e-05	0.0100846323	-0.0207340271	0.0031233819	-0.0074095184	0.0028543349	-0.0079081182	0.0018159033	0.000637663	-0.0019956575	-0.0260318641	0.0037602358	0.0017228045	0.0519604909	0.0218037118	0.0088765856	-0.0139563976	0.0217950157	-0.0072156885	-0.0425389172	0.0005384154	0.0229200066	0.0604293612	0.0531222512	0.002849756	0.0520333563	0.0281359985	0.0663943278	-0.0225151828	0.0455396975	-0.0308505711	-0.0799532077	-0.05833645	0.0148794683	0.0749343514	0.0687090676	0.0017099414	0.0271925939807289	-0.0137385394886564	0.0007394371674007	0.0001887474672813	0.0858425777784361	-0.0164718868304732	0.0002713230557559	0.0073689481596468	0.229568746982089	-0.0272975839071705	0.000745158087169	0.0527018095909264	0.000638033110019	0.0005081246784096	2.581906888088594e-07	4.070862494805173e-07	-0.0012622366740309	-1.6174371581400074e-05	2.6161029605320235e-10	1.5932414212685885e-06	-0.0007395974879539	0.0002093223347654	4.38158398316382e-08	5.470044441877193e-07	0.0	0.0	0.0	0.0	0.0	0.0	0.0	0.0	0.0	0.0	0.0	0.0	0.0	0.0	0.0	0.0	0.0	0.0	0.0	0.0
1752.488047686499	3.3413593563886934	3071214.3572840365	11.164682348526265	2161.8267943642354	19.80149719931842	4673495.088831146	392.0992913346152	1842.3029613829497	-2.139059144851217	3394080.201520386	4.575574025171619	1890.104190123315	1713.631797595211	0.984122	26.346781	0.0738681410372503	0.0331854628549174	0.0024944703	0.0065626821	0.0313344568	0.0209342716	-0.110775522	-0.0407509387	0.0126177215	0.020866075	6.7624e-06	-0.0060443172	0.0037056999	0.0194708438	0.0082910727	0.0568004695	-0.027695603	-0.0126425902	0.0256039661	-0.1026881761	0.0125000301	-0.0302440498	-0.0388544984	-0.0057126846	0.025776026	-0.0229913851	-0.0122352136	0.0893688883	0.0241362482	-0.0460328076	-0.0602920251	0.0417145625	-0.0109418873	0.0121732493	0.048537703	0.0004063999	-0.0066755062	0.0019903036	-0.0065731737	-0.0386362811	-0.0198580804	0.0120652842	0.0127402214	-0.0148389375	-0.0344871927	-0.0195815854	0.0261286365	-0.0170675323	0.0728641788	-0.0452293896	0.0239251702	0.0050919982	-0.0008821832	0.0226258107	-0.0072158168	0.0942958851	-0.0006393295	0.0166879547	-0.003144071	0.0448275254	-0.0324269895	-0.0804338397	-0.0558930371	0.0190607341	0.0768225931	0.0652939789	-0.0051268245	0.0208633916736147	-0.0063292023071141	0.0004352811121266	4.005880184437968e-05	0.1025119481678586	0.0166693703894224	0.0002778679091797	0.0105086995171697	0.2461937708096826	0.0166250238275935	0.000276391417268	0.0606113727854905	0.0003942617151561	-0.0002437713948628	5.9424492953403895e-08	1.5544230003782976e-07	-0.0013427179119509	-8.048123791999998e-05	6.477229657135642e-09	1.8028913910737848e-06	-0.0011002357454334	-0.0003606382574795	1.3005995275785022e-07	1.2105186955293895e-06	0.0	0.0	0.0	0.0	0.0	0.0	0.0	0.0	0.0	0.0	0.0	0.0	0.0	0.0	0.0	0.0	0.0	0.0	0.0	0.0
1754.114607117781	1.6265594312819758	3076918.054903967	2.645695583492345	2148.540861996737	-13.28593236749839	4616227.835669681	176.51599887374138	1842.79610153109	0.4931401481403554	3395897.4718181835	0.2431872057078917	1893.1346952550552	1734.3807176283728	1.032154	27.632687	0.0709999513090929	0.035214353564004	0.0018274519	0.0150833957	0.0198656879	0.0034891955	0.0813191543	0.0094253584	0.0426766822	-0.0032330347	-0.0284202599	0.0010024136	0.0255373504	0.0428862528	0.0594303215	-0.0181438435	-0.0163015502	0.0059381428	0.0324471822	0.0335891004	0.0920370252	0.0549382504	-0.052593991	0.001260222	0.0097849577	-0.0385188583	0.0178989577	-0.0740432953	-0.0135869605	-0.0121051618	0.0659357484	0.0430434127	0.0041727568	0.0227604213	0.0242906443	-0.0010152207	0.018659585	-0.0038243885	-0.0028995907	0.0181427505	-0.0296635131	-0.0235494705	-0.009257418	-0.0524592978	-0.0137305858	0.0255004834	-0.0352507296	0.0265040319	-0.0589924325	-0.0371832869	-0.0540758132	0.0408576065	0.0010620267	0.021808147	-0.0325145441	-0.0288747436	-0.0416394269	-0.0343249115	0.0142336317	0.0441104375	-0.0339891844	-0.0808350932	-0.0533515689	0.0231897558	0.0784076511	0.0615281933	-0.0119276293	0.010887784279447	-0.0099756073941677	0.0001185438465157	9.95127428825733e-05	0.083560395332185	-0.0189515528356735	0.0003591613548833	0.006982339668071	0.2462698770767986	7.610626711598845e-05	5.792163894330184e-09	0.0606488523554214	-4.913438418241293e-05	-0.0004433960993385	1.9660010090860842e-07	2.4141877089849496e-09	-0.0010519711668113	0.0002907467451395	8.453366980927146e-08	1.106643335802328e-06	-0.001206026597198	-0.0001057908517645	1.1191704317079564e-08	1.454500153148987e-06	0.0	0.0	0.0	0.0	0.0	0.0	0.0	0.0	0.0	0.0	0.0	0.0	0.0	0.0	0.0	0.0	0.0	0.0	0.0	0.0
1751.9493647776342	-2.165242340146733	3069326.576744756	4.688274391564101	2147.0590764826	-1.4817855141368454	4609862.677906316	2.1956883099057958	1836.3658582899309	-6.430243241159133	3372239.5654929145	41.34802814047271	1894.4492886412377	1770.8718372301566	1.224344	32.777981	0.2146886174039025	0.1331610250465224	-0.0200351462	-0.092362219	-0.0315512096	-0.0367838429	-0.033960118	0.0308040155	-0.0408755431	-0.0360255349	-0.0124356743	-0.0107341418	0.0423306985	0.0479953725	0.0184349306	-0.0524592833	-0.0047390807	-0.0044690741	-0.0612019751	-0.053844386	-0.1665312744	0.0690561046	-0.1821419373	-0.0079797205	0.0344717611	0.0544939566	-0.0715774169	0.0331602091	0.0079888311	-0.0064555847	-0.0018746626	0.0694977642	0.1654980646	-0.0355436393	0.1096874771	-0.0015106713	-0.0774915056	-0.0054302995	-0.0268420846	0.115032246	-0.0779485753	-0.0187243288	0.1385169278	-0.0284267835	-0.0503422712	0.0072962814	0.0349894987	-0.0396917038	-0.0031299893	-0.0094426159	-0.070371343	0.1809976277	-0.1336073612	0.0273497019	-0.2144454019	-0.1855976946	-0.0837473448	0.1595008448	-0.0289994289	0.0433885123	-0.0355364705	-0.0811565722	-0.0507165039	0.0272552159	0.0796832699	0.057431937	-0.0186447705	0.0392229290002177	0.0283351447207707	0.0015384381593561	0.000802880426347	0.0822793196272613	-0.0012810757049236	1.641154961745743e-06	0.006769886438325	0.1251147454155798	-0.1211551316612188	0.0146785659278472	0.0156536995204053	-0.0004868803678932	-0.0004377459837107	1.9162154625492466e-07	2.3705249263981773e-07	-0.0012803559300476	-0.0002283847632363	5.2159600078500813e-08	1.639311307608055e-06	-0.0005938120378053	0.0006122145593927	3.7480666673239787e-07	3.526127362424831e-07	0.0	0.0	0.0	0.0	0.0	0.0	0.0	0.0	0.0	0.0	0.0	0.0	0.0	0.0	0.0	0.0	0.0	0.0	0.0	0.0
1750.6419486267548	-1.3074161508793622	3064747.232291681	1.7093369915802072	2143.4344257007947	-3.624650781805485	4594311.137279295	13.138093290043114	1840.410237987139	4.0443796972081145	3387109.844087878	16.3570071351892	1886.5075250363816	1731.3459051062275	1.368107	36.626766	0.1523072513042193	0.0951548159753558	0.004143018	-0.0212336092	0.0820743616	-0.009945608	0.0687165421	0.0337541319	0.0910577516	-0.0322052754	-0.0190170485	-0.0096272525	0.0016100713	-0.0309704497	-0.0059019338	-0.0250697475	-0.028976805	-0.0032570859	-0.0348431135	0.0437737576	0.0477602634	0.0044705797	0.0471125525	-0.0131430406	0.0069430116	-0.0502976793	0.0963479454	-0.07849145	-0.0312707434	0.0222214267	0.0065919069	0.0525948042	0.0075617909	0.0410963348	-0.04298767	0.0136864804	-0.0326355795	0.0062655091	0.0024227813	0.0347677853	-0.0424040265	-0.0762938906	-0.083738228	-0.0699012896	0.0099050456	0.0177803538	-0.0336711774	0.1575384198	-0.0236254849	-0.0623644672	0.0353583635	-0.0343596026	-0.0371108823	0.0549485471	-0.0328133922	0.0475045475	-0.0312323949	0.1269785528	-0.0747080183	0.0426618292	-0.0370681691	-0.0813979594	-0.0479924649	0.0312459714	0.0806444153	0.0530272111	-0.0252311319	0.0467570000036658	0.007534071003448	0.0021862170493428	5.676222588499745e-05	0.1013479230898468	0.0190686034625855	0.0003636116380133	0.0102714015146255	0.2065546740206656	0.0814399286050858	0.0066324619712014	0.0426648333597834	0.000275162086077	0.0007620424539702	5.807087016529244e-07	7.571417361424635e-08	-0.0011760791068611	0.0001042768231865	1.0873655853868589e-08	1.3831620655952027e-06	-0.0005748383503	1.897368750530001e-05	3.600008175487779e-10	3.304391289756255e-07	0.0	0.0	0.0	0.0	0.0	0.0	0.0	0.0	0.0	0.0	0.0	0.0	0.0	0.0	0.0	0.0	0.0	0.0	0.0	0.0
1748.8355750262451	-1.806373600509687	3058425.8684773776	3.2629855846183307	2153.218261892145	9.783836191350474	4636348.88334583	95.72345061917936	1841.6172910099144	1.207053022775426	3391554.246546696	1.4569769997912934	1893.1368187997853	1730.056831045187	1.234552	33.051266	0.0677349989506639	0.0399470995643805	-0.0037371144	-0.0199585824	-0.0288490975	-0.0102659654	0.0530406693	0.025219896	-0.0587440414	-0.0333723823	-0.0506990292	-0.0077240209	-0.0178323865	-0.0031555506	-0.0121760503	-0.0270514286	-0.0330748866	0.0570774402	-0.0212822825	0.0077214271	0.0322267058	0.0846868425	-0.0075968967	-0.006891054	0.0038142053	0.0067793519	0.0046687826	-0.0040850043	-0.0083141236	0.0055574637	-0.0114616924	0.0236895682	0.0257678903	0.0314283711	-0.0007690808	-0.002287637	-0.0104782344	0.005982439	-0.0065344848	-0.0490743289	-0.0489581941	-0.0068110869	0.0566870416	0.0063806643	-0.0564528308	0.0440645163	-0.0249584642	-0.0164282128	0.0701146685	-0.0507312	-0.0228989419	0.0566399553	0.0692129148	0.0546088174	0.0128396425	-0.119020226	-0.0685716496	0.0556728746	0.0243327375	0.0419304676	-0.0385836084	-0.0815590168	-0.0451842308	0.0351510839	0.081287294	0.0483376736	-0.0316405151	0.0429648282722467	-0.003792171731419	0.0018459764684636	1.4380566440574104e-05	0.1040366406895714	0.0026887175997245	7.229202331068796e-06	0.0108236226059709	0.2395751482914008	0.0330204742707352	0.0010903517210642	0.0573962516788466	0.0006106313285535	0.0003354692424765	1.1253961264775677e-07	3.728706194110125e-07	-0.0010652124069572	0.0001108666999039	1.2291425147581436e-08	1.1346774719355515e-06	-0.0006931751148953	-0.0001183367645952	1.4003589854883441e-08	4.804917399101123e-07	0.0	0.0	0.0	0.0	0.0	0.0	0.0	0.0	0.0	0.0	0.0	0.0	0.0	0.0	0.0	0.0	0.0	0.0	0.0	0.0
1745.634399486342	-3.201175539903033	3047239.456670042	10.247524837273478	2148.571571523493	-4.646690368652344	4616359.797958932	21.59173138212645	1838.7477420561493	-2.869548953765161	3380993.258916587	8.23431119805473	1887.829619044884	1704.7953803138396	1.352591	36.211384	0.0272304473349738	0.0197517965993864	0.0285964001	-0.006336377	0.0045190036	-0.0089347554	-0.0334967753	0.0070056011	0.0030096204	0.0229367318	-0.0331343264	-0.0099719468	-0.0013204016	-0.0321097426	0.0649264896	0.0235481295	0.037797982	-0.031243453	0.0190458527	-0.0095136145	0.0237684543	0.0136542489	0.0609253332	-0.0080262153	-0.0014451959	0.0087623408	0.014495463	0.0061452769	0.0447397457	-0.0317284543	0.0278251015	0.0058616156	-0.0277999546	-0.0271115845	-0.0525715059	0.0209748106	-0.0033339836	0.0014173756	0.0169476942	0.0833885882	0.0054805283	-0.0642190887	-0.1122491844	0.0259770098	0.1368687945	-0.0468063201	0.0623102889	0.0612920744	-0.0902978653	-0.0872601481	0.1354883804	-0.0081069885	0.0214274722	0.0033369972	-0.0555874786	0.0852935216	-0.0596882195	0.1476387993	-0.0936035152	0.041194508	-0.0400821236	-0.0816395852	-0.0422967282	0.0389598496	0.0816093689	0.0433885123	-0.0378279629	0.0433794089191934	0.0004145806469467	0.0018817731181785	1.718771128227462e-07	0.1037148496421309	-0.0003217910474404	1.035494782128527e-07	0.0107567700362898	0.2592908819318325	0.0197157336404316	0.0003887101529804	0.0672317614529874	0.000577581439124	-3.304988942949994e-05	1.092295191302172e-09	3.3360031882055095e-07	-0.0010977212119254	-3.2508804968200055e-05	1.0568224004604683e-09	1.204991859110969e-06	-0.0007631832605007	-7.000814560540001e-05	4.901140451106889e-09	5.824486891084792e-07	0.0	0.0	0.0	0.0	0.0	0.0	0.0	0.0	0.0	0.0	0.0	0.0	0.0	0.0	0.0	0.0	0.0	0.0	0.0	0.0
1738.3847926578248	-7.249606828517244	3021981.6873439886	52.556799168083856	2172.378067623485	23.806496099992277	4719226.468691547	566.7492565589473	1830.928742347405	-7.818999708744286	3352300.05955385	61.13675644534323	1894.1955032647825	1736.1094619037228	1.841	49.287014	0.8617235035753847	0.4666518625365744	0.053344616	0.0451048641	-0.0858238935	-0.0533036975	0.092813883	0.0629577307	-0.1172759388	0.0576481529	0.1655058241	-0.0209336656	0.0015547942	-0.043341825	0.0889415252	0.1086323404	0.071129568	-0.0157173859	-0.1575370264	0.2123467402	-0.0446176182	-0.0012791423	0.1639458646	-0.0074919607	-0.0514622993	0.0974107572	-0.0075314429	-0.1178579825	-0.0082866063	-0.1683186578	0.1313807032	-0.08585345	0.0167008325	-0.2433951249	-0.0941731385	0.049123651	0.1040820741	-0.0270334485	0.089235814	0.3378212242	0.2081635896	-0.0731385055	-0.2512406474	0.0380958987	0.4455389253	-0.1722877478	0.0006605741	-0.0834731124	-0.4670655232	-0.0058232119	0.2743865879	0.040762699	-0.10210344	0.0562805197	0.0378309867	-0.0554707445	-0.0436100585	-0.1473918571	0.0136095375	0.0404540309	-0.0415630576	-0.0816395852	-0.0393350228	0.0426618292	0.0816093689	0.0382063093	-0.0437500746	-0.1164378938621979	-0.1598173027813913	0.0135577831270644	0.0255415702683189	0.1073914157865658	0.0036765661444349	1.3517138614404912e-05	0.011532916184643	0.2386685691153189	-0.0206223128165135	0.0004252797859021	0.0569626858835537	-0.0039197607889419	-0.0044973422280659	2.0226087116344756e-05	1.5364524642526428e-05	-0.003491112486367	-0.0023933912744415	5.728321792573184e-06	1.2187866392467576e-05	0.0058982296736527	0.0066614129341534	4.437442227930621e-05	3.478911328315724e-05	0.0	1.0	0.0	0.0	0.0	0.0	0.0	0.0	0.0	0.0	0.0	0.0	0.0	0.0	0.0	0.0	0.0	0.0	0.0	0.0
1738.1243174136755	-0.2604752441493474	3021076.142784755	0.0678473528146621	2151.760353088379	-20.617714535106188	4630072.6171230255	425.09015265112896	1838.8654870819628	7.936744734557806	3381426.279581184	62.991916981531055	1895.3228968003216	1736.362698929952	2.350613	62.93029	0.8555623093391074	0.4709756348724287	0.0088111639	0.1047247286	-0.0035344664	-0.0194735482	0.0338912081	-0.09316744	-0.136666135	-0.0693893096	0.0394496807	-0.0123948623	-0.0085020381	0.05222913	0.0437497983	0.0315013656	0.0785387496	0.0182712439	0.0467641146	0.0012913601	0.0745979372	0.0240875246	-0.0709865606	-0.0083460736	-0.0130359977	-0.0322490796	-0.0630418283	0.0085684726	-0.0042876083	-0.1008515709	0.0450075232	-0.0835364346	-0.0485990678	0.0452833859	-0.01505273	-0.0003712467	0.0998515778	-0.0257480121	0.0048059568	-0.0747850457	0.067721395	0.00466427	-0.0158517259	-0.0379170942	-0.0992063908	0.0344502686	-0.0060481607	-0.0171533263	0.1488178449	0.0825460518	-0.0341128782	0.0324056605	-0.0555982409	-0.0829002609	0.0920070043	-0.1473337228	0.0769534508	0.0005888616	0.0400344634	0.0397091175	-0.0430257605	-0.0815590168	-0.0363043104	0.0462468756	0.081287294	0.0328188985	-0.049365311	-0.0302465484972742	0.0861913453649237	0.0009148536959979	0.0074289480158155	0.1237313079216875	0.0163398921351217	0.0002669920749874	0.0153094365600114	0.4118918644374858	0.1732232953221669	0.0300063100422706	0.1696549079897882	-0.000622114292478	0.0032976464964639	1.0874472415640632e-05	3.870261929054026e-07	-0.0024225895087821	0.0010685229775848	1.1417413536269003e-06	5.868939928061096e-06	-0.0013317563826364	-0.0072299860562891	5.227269837413481e-05	1.773575062692789e-06	0.0	0.0	1.0	0.0	0.0	0.0	0.0	0.0	0.0	0.0	0.0	0.0	0.0	0.0	0.0	0.0	0.0	0.0	0.0	0.0
1734.1076360525435	-4.016681361131987	3007129.2934157406	16.133729156865108	2132.874396584251	-18.88595650412799	4549153.191604633	356.6793530758143	1839.0576271815607	0.1921400995979638	3382132.9560946724	0.0369178178735154	1890.2590865789675	1707.1594294705976	1.111536	29.757887	0.1230916569044493	0.0499571429293207	0.0315753719	0.083153377	-0.0307907586	-0.0265483114	0.0511038412	-0.0814929069	-0.0968579593	-0.0449155503	-0.0405837948	-0.0129259762	0.0088941744	0.0694875131	0.0257524732	0.0622020822	0.0658077206	0.0097867755	0.0712880567	0.0622681082	0.0982884844	-0.002754976	0.0630667118	-0.0085480055	0.0037553255	-0.0309999914	-0.019109165	-0.0857664616	-0.0469665616	-0.1098112839	0.0577956575	-0.0572729406	-0.0536318903	-0.0006124201	0.0294312868	0.0071109058	0.0997991473	-0.0067023954	0.0207806561	0.0002034183	0.0428805303	-0.0212686098	-0.120993147	0.0724614977	0.0439723616	0.0422805382	-0.0167289346	-0.0322104445	0.0342033922	-0.0097128169	-0.0143353974	-0.063027164	-0.0792563131	-0.1260741812	0.070613763	-0.0209718178	0.0162052034	0.0684032355	-0.0162631709	0.0389598496	-0.044469591	-0.0813979594	-0.0332099078	0.0497051625	0.0806444153	0.0272552159	-0.0546342852	-0.005861388127542	0.0243851603697322	3.435587078169031e-05	0.0005946360462575	0.1367416619801531	0.0130103540584656	0.0001692693127266	0.0186982821210944	0.3895385737340504	-0.0223532907034354	0.0004996696052722	0.1517403004267582	-9.256473663307816e-05	0.0005295495558449	2.804227320955541e-07	8.568230467951122e-09	-0.0018909500841817	0.0005316394246004	2.826404777894444e-07	3.575692220866778e-06	-0.0011260883276254	0.0002056680550109	4.2299348852007677e-08	1.2680749216141702e-06	0.0	0.0	0.0	0.0	0.0	0.0	0.0	0.0	0.0	0.0	0.0	0.0	0.0	0.0	0.0	0.0	0.0	0.0	0.0	0.0
1737.1288173549483	3.021181302404784	3017616.5280850013	9.127536462000268	2146.2030086517334	13.328612067482482	4606187.354345753	177.65189964543964	1836.1678720217697	-2.8897551597910933	3371512.454244954	8.350684883539246	1888.339215446921	1702.4643283004857	0.977161	26.160435	0.0420446011665759	0.0215478589912849	0.0260055554	0.0952758483	0.0025208501	-0.0097342533	-0.0219085077	-0.0891570555	-0.0844193645	-0.018434554	0.0292233613	-0.0119673547	0.0123181298	0.0598287081	0.0893291918	0.0334078128	0.0609004161	0.0061933238	0.0101535482	0.0267849917	0.0783263638	0.0270661342	0.0211353126	-0.0102611957	0.0082917489	-0.0264571887	-0.0598582756	0.0281453806	0.0424971942	-0.0703174253	0.0542664499	-0.0580946376	-0.0432621772	-0.0285724435	-0.0194885197	0.0030860649	0.0905327508	-0.017427582	0.0122803395	-0.0620843308	0.0562764278	-0.0024679523	-0.0443665278	-0.0058314132	-0.0609927481	0.0282473529	0.0106681938	-0.085538963	0.0936048834	0.0395997635	-0.0424854329	0.0731315246	0.0313181205	-0.0682996601	0.0544416475	-0.0472477155	0.0417630893	0.0149294413	0.0161609078	0.0382063093	-0.0458939156	-0.0811565722	-0.0300572439	0.0530272111	0.0796832699	0.0215451443	-0.0595200392	-0.0175762253240492	-0.0117148371965072	0.0003089236966417	0.0001372374105406	0.1335271885391904	-0.0032144734409627	1.0332839502654622e-05	0.0178295100791805	0.3906883142476403	0.0011497405135899	1.321903248589974e-06	0.1526373588896629	-0.0003428186448465	-0.0002502539082134	6.262701857609176e-08	1.1752462325439069e-07	-0.0018952689219973	-4.3188378156e-06	1.8652360077456576e-11	3.592044286688808e-06	-0.0013908265819067	-0.0002647382542813	7.008634327991028e-08	1.934398580938275e-06	0.0	0.0	0.0	0.0	0.0	0.0	0.0	0.0	0.0	0.0	0.0	0.0	0.0	0.0	0.0	0.0	0.0	0.0	0.0	0.0
1737.7149093467738	0.5860919918254694	3019653.106166066	0.3435038228819461	2127.3474937785754	-18.85551487315797	4525607.359285986	355.5304411318815	1838.9781147917809	2.8102427700112003	3381840.506683132	7.897464426400224	1883.325146484375	1687.73724370057	0.91147	24.401749	0.0569220781774251	0.0348427183879794	0.0299338605	0.0850880637	-0.02676583	-0.0252896522	0.0538768704	-0.0719143653	-0.0227051152	-0.0399117469	-0.0237189325	-0.0061680199	-0.0075345977	0.0214363907	0.0421400277	0.0305176299	-0.0090705732	0.0519386688	-0.0416677377	0.1088030595	0.0138315474	0.0103856365	-0.0076678275	-0.0096262385	-0.0072067984	-0.0449872273	0.0289808401	-0.1006817193	0.0380678879	-0.0316133952	0.0401609199	-0.0319561958	-0.0345124211	-0.1086533267	0.0081075518	0.0067535819	0.0752776017	-0.0139923067	0.0141534172	-0.0085987523	0.0525369893	-0.0139188791	-0.0529121208	0.0200316821	0.0010642838	0.045030703	-0.0226091639	-0.0254578488	0.00795593	0.0158209109	-0.0104509056	0.0143853688	-0.0134668735	-0.1072591016	0.0424532064	-0.0463816506	-0.0707361917	0.0506730952	-0.0209237311	0.0374485793	-0.0472981097	-0.0808350932	-0.0268518493	0.0562039158	0.0784076511	0.0157193527	-0.0639883028	-0.0223292833306345	-0.0047530580065852	0.0004985968940597	2.2591560413964615e-05	0.1267083911193083	-0.0068187974198821	4.649599825339101e-05	0.0160550163800436	0.3602717628602576	-0.0304165513873826	0.0009251665983012	0.1297957431144376	-0.0004899247194959	-0.0001471060746494	2.1640197198754852e-08	2.400262307731363e-07	-0.0020426605704322	-0.0001473916484349	2.1724298028357203e-08	4.172462205998401e-06	-0.0013950022860939	-4.175704187200013e-06	1.7436505458999722e-11	1.9460313782072077e-06	0.0	0.0	0.0	0.0	0.0	0.0	0.0	0.0	0.0	0.0	0.0	0.0	0.0	0.0	0.0	0.0	0.0	0.0	0.0	0.0
1740.1914662484603	2.476556901686536	3028266.3392039663	6.133334087291213	2148.9115248593416	21.5640310807662	4617820.741673301	465.00743645225066	1836.4718674330684	-2.5062473587124714	3372628.9198731016	6.281275823053239	1886.5191162109368	1693.1723220863776	0.934153	25.009008	0.0502731000357249	0.0299323528905539	0.0227192066	0.0581234829	0.0021985447	0.0142639408	-0.0709901035	-0.0673128036	-0.0350849405	-0.0128408753	0.0017329883	-0.0128580916	-0.0143782377	0.0086396376	0.0227562073	-0.0011851612	0.0418471532	0.0011750263	-0.0214099735	-0.0268309177	-0.0534996689	-0.0438215531	-0.0074838676	-0.0100591938	-0.0140730866	-0.0040311028	-0.060430845	0.048270422	0.0389921074	0.0074431588	0.0028259589	-0.0577511243	-0.0242060035	-0.05324977	-0.0970189149	0.0023112464	0.0607586967	-0.0086089915	0.0065483207	-0.0587744148	0.0429923521	0.0216973227	-0.024134585	0.0299939963	-0.0091088215	-0.0106226772	0.042362914	-0.0600157809	0.1171996147	0.0257584165	-0.0150502705	0.0035553544	0.0014254082	-0.0709394479	0.0751079907	-0.0206920674	0.0119312502	-0.0043099188	-0.0036575903	0.0366867426	-0.0486815572	-0.0804338397	-0.0235993474	0.0592265694	0.0768225931	0.0098091318	-0.0680077345	-0.0282157607566233	-0.0058864774259888	0.000796129155075	3.4650616486675736e-05	0.1258348509569913	-0.0008735401623169	7.630724151808093e-07	0.0158344097153682	0.3602069265253362	-6.483633492138097e-05	4.203750326037485e-09	0.1297490299168289	2.287663271365438e-05	0.0005128013522095	2.629652268279475e-07	5.233403243154416e-10	-0.001896015199601	0.0001466453708312	2.1504864786220196e-08	3.59487363711802e-06	-0.0011854840868847	0.0002095181992092	4.3897875799866034e-08	1.405372520256851e-06	0.0	0.0	0.0	0.0	0.0	0.0	0.0	0.0	0.0	0.0	0.0	0.0	0.0	0.0	0.0	0.0	0.0	0.0	0.0	0.0
1743.228719943486	3.037253695025811	3038846.3700358053	9.224910007947942	2145.1017896478825	-3.809735211459156	4601461.687950548	14.51408238143174	1838.954983895285	2.483116462216685	3381755.432793308	6.165867364931507	1884.6152894263173	1696.7824791813018	0.937789	25.106367	0.0228138675402646	0.013188541972692	0.0273942736	0.0799208057	0.0217350317	0.0052236272	-0.0040703088	-0.0728538849	0.0374171039	-0.0302906909	0.0487801747	-0.0093898636	-0.0140057151	0.0270014005	0.0568081094	0.0156039791	0.020150203	0.0248079581	0.0373480753	-0.0298731362	0.0241034293	-0.0089767559	-0.0317470954	-0.0102574255	-0.0081762917	-0.068835846	0.0167206192	0.0062746619	0.0400986475	-0.0201649079	0.0244073935	-0.0418004212	-0.0441774148	-0.0261628405	-0.0344433548	0.005333237	0.0722616956	-0.0117741045	0.0108258383	-0.0114005481	0.0521120953	-0.0022005423	-0.0396413226	0.0181492773	0.0181569926	0.0361072052	-0.0287158579	-0.0188194875	0.0193946542	0.0131928619	-0.0554914272	-0.0523033262	-0.0154015555	-0.09175907	-0.0177518398	0.0190289072	0.0019879444	-0.0643283049	-0.0157898484	0.0359208828	-0.0500436514	-0.0799532077	-0.0203054443	0.0620868871	0.0749343514	0.0038462256	-0.0715501408	-0.0398305395108451	-0.0116147787542217	0.0015864718777249	0.0001349030855095	0.1258993335999179	6.448264292660544e-05	4.158011238800098e-09	0.0158506422009034	0.3559507402658681	-0.0042561862594681	1.811512147528513e-05	0.1267009294958195	-3.517512550080856e-05	-5.805175821446294e-05	3.3700066317904644e-09	1.2372894539976326e-09	-0.0019649805844108	-6.896538480979995e-05	4.7562243019637856e-09	3.861148697111409e-06	-0.0011960353415334	-1.0551254648699831e-05	1.1132897466170983e-10	1.4305005381969165e-06	0.0	0.0	0.0	0.0	0.0	0.0	0.0	0.0	0.0	0.0	0.0	0.0	0.0	0.0	0.0	0.0	0.0	0.0	0.0	0.0
1746.4897591129363	3.261039169450214	3050226.4786863625	10.63437646468854	2146.2042225924406	1.1024329445581316	4606192.565073622	1.2153583972471125	1836.68082825064	-2.274155644645134	3373396.464863457	5.171783896071325	1883.2574987074909	1699.6276436720125	0.928148	24.848253	0.0579903635596372	0.0251610521193943	0.0160607984	0.0797667754	-0.0593705031	0.0173218602	-0.0293401559	-0.0829517092	0.0425898596	0.0816770732	0.0026488715	-0.018018772	-0.0066392177	0.013654018	-0.0407731716	-0.0267607432	-0.0304546389	0.1047240295	0.014858958	0.0167990788	-0.0365430063	-0.1492631615	-0.0492608415	-0.0190264921	0.0012878034	-0.0275903872	-0.0698763754	-0.0235877988	0.0980151879	0.0918877846	-0.0647526856	-0.0224286875	-0.0464227734	-0.0439502664	-0.0006737437	0.0034080654	0.0590082149	-0.0189202048	0.000154489	-0.0092783589	0.031337425	0.035638934	0.0479599778	0.0389027875	-0.0017570157	0.0131562123	-0.0344788119	-0.0169943465	0.0942436611	-0.0033425726	0.0120590861	-0.0659272643	-0.0779615229	-0.088249657	-0.0025313643	0.0477282069	-0.0432676075	-0.0473116008	0.0693302635	0.0351510839	-0.0513837948	-0.0793936715	-0.0169759185	0.064777029	0.0727503781	-0.0021373389	-0.0745906743	-0.0313538592421736	0.0084766802686715	0.000983064489378	7.185410837728477e-05	0.1312448257522902	0.0053454921523723	2.857428635107402e-05	0.017225204286749	0.3508608573116092	-0.0050898829542588	2.5906908488055146e-05	0.1231033411934374	-0.0003798627262879	-0.000344687600787	1.1880954213636133e-07	1.4429569082287604e-07	-0.0017238108842303	0.0002411697001805	5.8162824285152265e-08	2.9715239645908486e-06	-0.0010003264788143	0.000195708862719	3.8301958946803483e-08	1.0006530642170162e-06	0.0	0.0	0.0	0.0	0.0	0.0	0.0	0.0	0.0	0.0	0.0	0.0	0.0	0.0	0.0	0.0	0.0	0.0	0.0	0.0
1750.913737288554	4.423978175617776	3065698.915425772	19.57158289834239	2153.7610988616943	7.556876269253735	4638686.870969933	57.106378948810246	1841.1309075606496	4.450079310009642	3389763.0187751013	19.803205865375887	1888.8034107881435	1710.589780969053	0.965775	25.855602	0.0672948499031261	0.036426348160671	0.0091395023	0.0754003554	0.0329772412	0.0244524547	0.0193669284	-0.0758563949	0.0441572191	0.0166539847	0.0563171926	-0.0046486994	0.003177461	0.0488347742	-0.029707109	0.0012164745	-0.00165746	0.0505303316	0.0144399071	-0.1137808065	0.1024549296	-0.0429758365	0.0213132112	-0.00249816	0.0181839515	-0.0993792052	0.0018313628	-0.0027009972	0.0052333275	-0.0092635286	-0.0619838083	-0.0107416807	-0.0083903672	0.0649635123	-0.0262449503	0.0038266503	0.0601983803	-0.0155541332	0.0026994848	0.0018310796	0.0159115882	0.0052750333	0.0160173262	-0.0243348523	0.0141749218	-0.026663965	0.0055097608	0.0184135977	0.0314993159	-0.0435640821	-0.0289585087	0.0476340335	0.0712542551	-0.0592897557	0.0780335637	0.0719709235	0.0076735337	-0.0302830381	0.0044030671	0.0343774302	-0.0527013995	-0.0787557834	-0.0136166111	0.0672896215	0.0702792922	-0.0081094236	-0.0771080077	-0.0100559863036693	0.0212978729385042	0.0001011228605395	0.0004535993917046	0.1313205284996286	7.570274733839644e-05	5.730905954581089e-09	0.0172450812054217	0.3579965105234777	0.0071356532118684	5.0917546760049054e-05	0.1281615015469864	0.0001501212072975	0.0005299839335854	2.808829698586537e-07	2.2536376880458963e-08	-0.0018960710970268	-0.0001722602127965	2.9673580912695487e-08	3.595085604980413e-06	-0.0009268582050879	7.346827372639998e-05	5.397587244337234e-09	8.590661323387638e-07	0.0	0.0	0.0	0.0	0.0	0.0	0.0	0.0	0.0	0.0	0.0	0.0	0.0	0.0	0.0	0.0	0.0	0.0	0.0	0.0
1753.5620108318064	2.648273543252344	3074979.7258324884	7.013352759890325	2160.613041964444	6.8519431027498285	4668248.717106849	46.94912428332095	1841.2446406849645	0.1137331243148764	3390181.826851104	0.0129352235664231	1889.6510125852096	1724.6667617913597	0.915502	24.509708	0.0509846500473541	0.0316846625505394	0.0033436768	0.0362646322	-0.0385142614	0.0081824744	-0.0100284114	-0.0451749749	0.0166846536	0.0840852237	0.0217792	-0.0024886715	-0.0129343383	0.0343716513	-0.0079394977	-0.0283135141	-0.0115561948	0.0662024264	0.0622424978	-0.04363527	-0.0283862208	-0.0324065474	-0.0852801466	-0.0020881852	0.0014719686	-0.015261417	-0.0683880823	0.0393449773	0.0733716607	0.0538005479	-0.0429061493	0.0009532211	-0.002256069	0.008194633	0.0499323841	0.0032245964	0.0479880133	-0.0151967544	-0.0017428218	0.0153477493	-0.0043898922	0.0278153774	0.0616982605	0.0021950539	0.0146989521	-0.0062703799	-0.0098050673	-0.0391602124	0.0618463929	-0.0511605032	-0.0551977659	-0.0536656417	-0.0191184187	-0.0431367126	-0.004028367	-0.0038292275	-0.0387845355	-0.0203256963	0.020090955	0.0336000067	-0.0539958877	-0.0780401729	-0.0102334157	0.0696177779	0.0675308461	-0.0140379523	-0.0790844839	-0.0089125006912098	0.0011434856124594	7.943266857081516e-05	1.3075593459018764e-06	0.1343883836373152	0.0030678551376865	9.41173514583002e-06	0.0180602376566502	0.330110117889717	-0.0278863926337606	0.0007776508941242	0.1089726899331628	-6.822814217624727e-05	-0.0002183493494737	4.767643841560862e-08	4.6550793848222125e-09	-0.0018959754017131	9.5695313700149e-08	9.157593064169923e-15	3.5947227239011503e-06	-0.0007675649166064	0.0001592932884815	2.5374351755250375e-08	5.891559012049898e-07	0.0	0.0	0.0	0.0	0.0	0.0	0.0	0.0	0.0	0.0	0.0	0.0	0.0	0.0	0.0	0.0	0.0	0.0	0.0	0.0
1754.0592452298984	0.4972343980919049	3076723.835776481	0.247242046645819	2149.3561904213643	-11.256851543079849	4619732.033302641	126.71670666293912	1843.5113582499544	2.266717564989904	3398534.1279965914	5.138008519433758	1890.240578086704	1729.7997110755043	0.949833	25.428812	0.0360387942295471	0.0205373217783096	-0.000690067	0.0674044606	0.0173719797	0.0165067205	0.0831392272	-0.0443638654	0.048989245	0.0172142092	0.0157918819	-0.0007037831	-0.0075843186	0.0527267275	-0.0577513505	-0.0291575063	0.0448027258	0.0301225224	0.0691504672	-0.0031079876	0.0582458635	-0.0274549879	0.0092581711	-0.0012053509	-0.0043246985	-0.0906186931	0.0204820901	-0.06188692	-0.036481156	0.0161407299	-0.0128390795	-0.0473426586	0.004346694	0.0903443455	0.012402068	0.0021386352	0.0455060728	-0.0218036666	0.0001619052	0.0048130891	-0.0079823427	-0.0044924486	0.0402752173	-0.0560380608	0.0181777092	-0.0295310264	-0.0039747372	0.0906881357	0.0243433545	-0.0280760936	0.0471520341	0.0009804348	0.0819372647	-0.0880101967	0.1079080448	0.0006952528	-0.0634695711	0.0113636494	0.0306227415	0.0328188985	-0.0552666915	-0.0772475461	-0.0068322673	0.0717551168	0.0645158866	-0.0198910824	-0.0805062393	-0.0086530803114612	0.0002594203797486	7.487579887659745e-05	6.729893342890804e-08	0.1217744855664904	-0.0126138980708248	0.0001591104245411	0.0148290253349833	0.3170625471397059	-0.0130475707500111	0.0001702391024765	0.1005286587987182	-0.000214174876128	-0.0001459467339517	2.1300449151183698e-08	4.587087756444415e-08	-0.0018954253847758	5.500169372998562e-07	3.02518631316714e-13	3.5926373892524896e-06	-0.0007117035669162	5.5861349690200014e-05	3.120490389210809e-09	5.06521967161242e-07	0.0	0.0	0.0	0.0	0.0	0.0	0.0	0.0	0.0	0.0	0.0	0.0	0.0	0.0	0.0	0.0	0.0	0.0	0.0	0.0
1752.6228223713083	-1.4364228585900491	3071686.7574967705	2.0633106286800085	2171.5549706545744	22.198780233210076	4715650.990574589	492.7858438423583	1840.1712824949743	-3.3400757549800346	3386230.3489191984	11.156106049005448	1894.1465637207032	1742.5054106103485	1.011483	27.079292	0.0924585672355548	0.0499385379388216	-0.0010218907	0.0084089848	-0.0498197883	0.0164340008	-0.0311658242	-0.019541334	-0.025313144	0.0950242001	0.020156855	-0.0003264131	-0.0089575213	0.0302106558	0.0520114282	0.0188264843	0.0436936343	0.0429602469	0.0635068626	-0.0317448852	0.0306695729	-0.0506678853	-0.0184623443	0.0020553404	-0.0053083432	0.0022815025	-0.0995768063	0.0639079953	0.0587925416	-0.0124076577	-0.0278925923	-0.0063483081	0.0127274081	0.0552661102	0.0010725353	0.0031923761	0.0299540572	-0.0101235757	-0.002224406	0.0158293372	-0.0091304744	0.0303086702	0.0748204513	0.0291932461	0.0245164406	-0.0276798279	0.0323520171	-0.0275544252	0.0752683756	-0.009313032	-0.0299607599	0.0082855105	0.0369435772	-0.032965059	0.0406370051	-0.0091462253	0.0571226593	0.0096014643	-0.0325359794	0.0320341914	-0.0565132535	-0.0763786853	-0.0034191328	0.0736957799	0.0612463124	-0.0256373767	-0.0813633012	-0.0035906152767779	0.0050624650346832	1.2892518065830836e-05	2.5628552227390974e-05	0.1503229191289961	0.0285484335625056	0.0008150130588728	0.0225969800154627	0.3397828048574567	0.0227202577177508	0.000516210110761	0.1154523544768005	0.0003631887444794	0.0005773636206074	3.3334875040088573e-07	1.3190606411652292e-07	-0.001896156936243	-7.315514671999389e-07	5.351675491623832e-13	3.5954111268624403e-06	-0.0008561566132539	-0.0001444530463376	2.086668259624169e-08	7.33004146418388e-07	0.0	0.0	0.0	0.0	0.0	0.0	0.0	0.0	0.0	0.0	0.0	0.0	0.0	0.0	0.0	0.0	0.0	0.0	0.0	0.0
1751.420961935581	-1.2018604357272125	3067475.385907356	1.444468506966405	2146.8889356092973	-24.666035045277116	4609132.101841621	608.4132848548387	1840.172263697574	0.0009812025996325	3386233.960081853	9.627585415256244e-07	1884.317709290748	1718.7345940822595	1.058588	28.340382	0.0929624417126554	0.0409909599480211	0.0153275076	0.0524518503	0.0633294704	0.0036112312	0.0513438945	0.0025606041	0.073263579	-0.0120117844	0.0584912392	-0.0037505044	0.0028970368	0.0009431921	-0.0298682819	-0.0286961796	-0.0232223289	0.0454120419	-0.0316232247	-0.0006152306	0.0502931397	-0.0190789079	-0.0518740427	-0.0082795156	0.0147100985	-0.0629055363	0.0418753943	-0.0445515871	0.0392213363	0.0191995796	-0.0244297834	0.0162910975	0.0319635039	-0.0126934305	0.0759502656	0.0025765582	0.0378249541	-0.0171122717	0.0022257743	-0.0064257127	0.0351938398	0.0015502683	0.0334118349	-0.0905479444	-0.0287434934	-0.0088702057	-0.0034989645	0.0203833935	-0.0228909932	0.0032984479	-0.0006160984	0.0281707448	0.0862962451	-0.0454905579	-0.0364023034	-0.0445721707	-0.0662757651	-0.1164651784	0.0641017301	0.0312459714	-0.0577350269	-0.0754344479	-0.0	0.0754344479	0.0577350269	-0.0312459714	-0.0816496581	-0.0195169881601486	-0.0159263728833707	0.0003809128268433	0.0002536493532201	0.1488390727156314	-0.0014838464133646	2.2018001784552445e-06	0.022153069566849	0.3138808124760004	-0.0259019923814562	0.000670913209329	0.0985211644405941	3.214137635942536e-05	-0.0003310473681199	1.0959235993916203e-07	1.033068074278227e-09	-0.0015130193007542	0.0003831376354888	1.467944477279486e-07	2.2892274044547283e-06	-0.0011349762103344	-0.0002788195970805	7.774036771613241e-08	1.2881709980250364e-06	0.0	0.0	0.0	0.0	0.0	0.0	0.0	0.0	0.0	0.0	0.0	0.0	0.0	0.0	0.0	0.0	0.0	0.0	0.0	0.0
1751.6622918981918	0.2413299626107345	3068320.784858026	0.0582401508536985	2165.055974960327	18.16703935102987	4687467.374711413	330.04131878186786	1833.3779550295824	-6.794308667991572	3361274.7259884533	46.16263027594541	1889.0399035883884	1752.8512468169222	1.156146	30.952188	0.0430353653165619	0.020381065200851	-0.0081997324	-0.0251472276	-0.1319847196	0.0138639233	-0.0006702499	0.019551658	-0.0314361214	0.1057279018	-0.0625117203	-0.018085821	-0.0066595179	-0.0082028661	0.0116547145	0.0325465621	-0.0693603161	0.0172777522	0.012125258	0.00052746	-0.1006109262	-0.0303438846	-0.0106334276	-0.0134139862	-0.0052696035	0.0684313402	-0.0856948579	0.0091745899	0.0338292624	0.034226306	-0.0495225192	0.0592302089	-0.0220925527	0.0240914899	-0.0357701381	0.0040036678	0.0069592061	-0.0050362051	-0.0116513729	0.0075891046	0.0136497471	0.050967184	0.0958472529	0.1132446761	0.0408894936	-0.0032829793	-0.0183248646	0.0016339661	0.0361017463	-0.0018201623	-0.011242032	-0.007948103	0.0277487447	-0.0300563754	0.0340830661	0.0106020345	0.0591578284	0.0174109854	0.0013157991	0.0304543249	-0.0589314758	-0.0744157659	0.0034191328	0.0769663555	0.0539958877	-0.0366867426	-0.0813633012	-0.0249452107214125	-0.0054282225612639	0.0006222635379356	2.9465600174614414e-05	0.1408482937275721	-0.0079907789880593	6.385254883601008e-05	0.0198382418459684	0.3169741209893004	0.0030933085132999	9.568557558454102e-06	0.1004725933769396	0.000332217201062	0.0003000758247025	9.00455005709303e-08	1.1036826868146935e-07	-0.0015926652445481	-7.964594379389995e-05	6.34347636282107e-09	2.536582581191459e-06	-0.0009842368737521	0.0001507393365823	2.2722347593271933e-08	9.687222236533074e-07	0.0	0.0	0.0	0.0	0.0	0.0	0.0	0.0	0.0	0.0	0.0	0.0	0.0	0.0	0.0	0.0	0.0	0.0	0.0	0.0
1749.659894080805	-2.0023978173867363	3061309.7449548542	4.009597019075165	2149.913391980258	-15.142582980069164	4622127.593016058	229.29781930828037	1835.9311062996849	2.553151270102489	3370643.027078785	6.5185814080259545	1885.7256515203733	1724.5179297957195	1.22813	32.879326	0.030299992797261	0.0168869900451305	0.0094724029	0.0365561828	0.0890435258	0.0017492038	-0.052745171	-0.0267582233	0.0003627259	0.0217805392	0.036291433	-0.0061799178	-0.0013970461	0.0163203829	0.024065137	0.0397713915	0.007846441	0.0292474663	-0.0006542995	-0.0616601658	0.0095175351	0.0244902397	-0.0160670937	-0.0074914502	0.0133533805	-0.0443189364	0.0233414806	0.0326256409	0.0131423681	-0.0785797262	-0.0236279556	0.0093203731	0.0095656796	0.0228667162	0.036884965	0.0038503214	0.0260869929	-0.0055632432	0.0019369271	-0.0065895919	-6.99097e-05	-0.0013615536	-0.0117256975	-0.0801146043	-0.0067038971	-0.0424502074	0.0374765722	-0.0295474229	0.0467554536	-0.0232576444	-0.0012023771	-0.1158504938	-0.0505854319	-0.014871441	0.0144907005	-0.0011570638	-0.0285991998	-0.0213919219	-0.01724046	0.0296593388	-0.0601020755	-0.0733236445	0.0068322673	0.0782873035	0.0500436514	-0.0419304676	-0.0805062393	-0.0135879481520788	0.0113572625693337	0.0001846323349835	0.0001289874130687	0.1495589211739059	0.0087106274463338	7.587503050882373e-05	0.0223678709027025	0.317037877765344	6.375677604358865e-05	4.0649264914723205e-09	0.1005130159379531	0.0003481101647389	1.5892963676899987e-05	2.5258629443526233e-10	1.211806867945441e-07	-0.0017421787074964	-0.0001495134629483	2.2354275602792715e-08	3.035186648853827e-06	-0.0010221973672379	-3.796049348579983e-05	1.440999065685451e-09	1.044887457588094e-06	0.0	0.0	0.0	0.0	0.0	0.0	0.0	0.0	0.0	0.0	0.0	0.0	0.0	0.0	0.0	0.0	0.0	0.0	0.0	0.0
1747.2179770312353	-2.441917049569838	3052770.659261122	5.962958876979863	2143.812675302679	-6.10071667757893	4595932.78678843	37.2187439800897	1830.864699335824	-5.0664069638608	3352065.5472740573	25.668479523457208	1883.6565625957408	1742.4167239530348	1.101844	29.498423	0.148768485924545	0.069251061236173	-0.0042606453	0.0331183037	-0.0442483966	0.0014537328	0.0767902036	-0.0487685687	0.0087594128	-0.0146673333	-0.0237663789	-0.0175817599	0.0198945927	-0.0242610744	0.0274532758	0.0228243023	0.0200326977	0.0494015058	-0.0108291054	-0.0495826586	-0.0409568691	0.1109847265	-0.0158959226	-0.0153284309	0.0118744136	-0.0316894242	-0.0061309654	-0.0501614875	0.0212862972	-0.0244835984	-0.0229826986	-0.0104198123	-0.0126286839	0.0318799141	-0.067191307	0.0005606501	0.0235736027	-0.019118783	-0.0106496575	0.0148122615	0.0044424295	0.0188295171	0.0595667371	0.0079412526	-0.0284545027	0.0075119093	-0.0082055601	0.0526292251	0.0041178549	0.0713050943	-0.0062139911	0.0729412592	0.0050704144	-0.0542666977	0.0407374544	-0.0132720636	0.0162014159	-0.0406190674	0.0550470302	0.0288611001	-0.0612463124	-0.0721591615	0.0102334157	0.0793936715	0.0458939156	-0.0469489822	-0.0790844839	-0.0221356810213961	-0.0085477328693173	0.0004899883742809	7.306373720520738e-05	0.1082112302674005	-0.0413476909065054	0.0017096315432999	0.0117096703559843	0.3445055732716113	0.0274676955062673	0.000754474296425	0.1186840900152015	-0.0004618968867565	-0.0008100070514953	6.561114234722715e-07	2.1334873399534698e-07	-0.0013912034588698	0.0003509752486266	1.2318362514850376e-07	1.935447063971295e-06	-0.001289322399965	-0.0002671250327271	7.13557831094543e-08	1.6623522510515075e-06	0.0	0.0	0.0	0.0	0.0	0.0	0.0	0.0	0.0	0.0	0.0	0.0	0.0	0.0	0.0	0.0	0.0	0.0	0.0	0.0
1746.9506150640116	-0.2673619672236782	3051836.4514725283	0.0714824215177151	2156.8696726018734	13.056997299194336	4652086.7845897125	170.48517847116818	1835.0620627598453	4.197363424021205	3367452.7741804183	17.617859713311013	1888.617708572687	1728.6307831967977	1.000707	26.790794	0.1142709567729466	0.06171712247798	0.0033473871	-0.0070181303	0.0303877628	-0.0079097548	-0.0272731018	-0.019079689	-0.0292827387	0.010857276	-0.0081173297	-0.0100816654	-0.0140161284	-0.0114445041	0.0410905147	0.0124108066	0.0115098022	-0.0213695211	0.0883428194	-0.0306417368	-0.0736450653	0.0024943007	-0.0756211202	-0.0055501447	-0.0028523969	0.0196639452	-0.0154542932	0.0508137123	0.0084596942	-0.0462588366	0.0154485456	0.0067758252	-0.0166408403	0.0441203427	0.029595888	0.0026573121	-0.0003550684	-0.0014141507	-0.000203928	0.0296952368	-0.0144028368	-0.000761978	0.0202650296	-0.0420330583	0.002488787	-0.0302659296	0.0518398046	-0.0488252234	-0.0193925649	0.0294439827	-0.0761958519	0.0211994076	0.0009866487	-0.0484003494	0.0057319273	-0.0079186357	-0.0315820974	0.0406822952	-0.0408403177	0.0280596966	-0.0623636846	-0.0709234662	0.0136166111	0.080282427	0.0415630576	-0.0517153317	-0.0771080077	-0.0112688713712998	0.0108668096500963	0.0001269874619829	0.0001180875519714	0.1245569576237528	0.0163457273563523	0.0002671828028082	0.0155144356924853	0.2978155856524083	-0.046689987619203	0.0021799549438813	0.0886941230574869	-0.0004040409088074	5.78559779491e-05	3.347314184446746e-09	1.6324905598990975e-07	-0.0019292846451566	-0.0005380811862868	2.895313630358101e-07	3.722139242037028e-06	-0.001077890921255	0.00021143147871	4.470327018949719e-08	1.1618488381239526e-06	0.0	0.0	0.0	0.0	0.0	0.0	0.0	0.0	0.0	0.0	0.0	0.0	0.0	0.0	0.0	0.0	0.0	0.0	0.0	0.0
1751.850240005881	4.899624941869433	3068979.2634086628	24.006324570989047	2144.369519320401	-12.500153281472194	4598320.635390408	156.25383206030006	1842.041847630551	6.979784870705771	3393118.168422174	48.717396841333176	1888.377064663756	1733.7250363317362	1.020894	27.331232	0.0567106847439445	0.030003611141834	-0.0006268889	0.0036961039	-0.0052853299	-0.0016215073	0.0704797721	0.0029788628	0.0814734959	0.0076128271	0.0014015648	0.0091079182	-0.0178115715	-0.0031745717	-0.031241744	0.0029265272	-0.0080337402	-0.0468468042	0.0320665868	0.0225296354	0.0334577255	-0.0073017162	0.0695212558	0.0042278813	-0.0178678719	-0.0277016596	0.0490232337	-0.0451444914	-0.0363120918	0.0449118656	0.0126551102	0.0104006528	-0.0292621801	0.012863899	0.0243626593	0.0046631769	-0.0026057885	-0.0094986481	-0.0001855973	-0.0094896233	0.0067418126	0.0068707036	0.02988113	-0.0375372598	-0.0208839504	0.0067065204	-0.0357538131	0.0988056131	0.0003363151	0.0766342965	0.0086377616	0.0018003236	0.0856615491	-0.0373417657	0.0625910186	0.006198759	-0.012791194	-0.0381213971	0.0606133642	0.0272552159	-0.063453702	-0.0696177779	0.0169759185	0.0809511339	0.0370681691	-0.0562039158	-0.0745906743	-0.0183224130553156	-0.0070535416840157	0.0003357108201695	4.975245028814843e-05	0.1129932781730502	-0.0115636794507025	0.0001337186824386	0.0127674809122923	0.2951204162072471	-0.0026951694451611	7.263938338130439e-06	0.0870960600623387	-0.0006293064500461	-0.0002252655412387	5.074456406956448e-08	3.960266080696247e-07	-0.001467155853106	0.0004621287920506	2.135630204421468e-07	2.152546297303195e-06	-0.001098462471247	-2.0571549991999904e-05	4.2318866907335126e-10	1.206619800738066e-06	0.0	0.0	0.0	0.0	0.0	0.0	0.0	0.0	0.0	0.0	0.0	0.0	0.0	0.0	0.0	0.0	0.0	0.0	0.0	0.0
1748.3562318357492	-3.494008170131792	3056749.5133989	12.208093092947715	2187.643174431541	43.27365511113976	4785782.65863691	1872.6092266778724	1838.0042735317293	-4.0375740988217785	3378259.7095209	16.302004603476497	1900.7307160022208	1770.2104445600933	0.98781	26.44552	0.0599511819711383	0.026718687776145	-0.0174872721	-0.0235487391	-0.0892107422	0.0110348355	0.0383683588	0.0765715123	-0.1056390277	0.0474819952	0.0388820905	0.0006948546	-0.0074019104	0.001818496	-0.0203172101	-0.0220044892	0.0336442297	-0.0348063575	0.0217009209	0.0053563699	-0.018330838	-0.0428020412	-0.0516546522	0.0049676209	-0.0344795931	0.0953638791	-0.090778813	-0.0184280137	-0.0377031358	-0.0009563165	0.0248176584	-0.037810799	-0.0111623309	0.0786043679	-0.0281678788	0.0029932249	-0.0026398038	-0.0080178446	-0.0034066387	0.0088785832	0.0081867236	0.0175846105	0.0675984861	0.0336838995	0.0274639603	-0.0078093836	-0.0067984646	0.0012034466	-0.0334096088	0.0760913694	-0.0190134046	-0.0058083402	0.0443166688	-0.000222025	0.0204181463	-0.0965144079	0.0891258524	0.0733065472	-0.0256154118	0.0264477464	-0.0645158866	-0.0682433853	0.0203054443	0.0813979594	0.0324269895	-0.060390626	-0.0715501408	-0.0107304886094254	0.0075919244458901	0.000115143385797	5.763731679210519e-05	0.1156533528105399	0.0026600746374896	7.07599707701595e-06	0.0133756980163192	0.3085627213921356	0.0134423051848884	0.0001806955686836	0.0952109530329207	-0.0003541199253493	0.0002751865246968	7.572762337470253e-08	1.2540092152939382e-07	-0.0016927676194207	-0.0002256117663146	5.090066909963879e-08	2.865462213359224e-06	-0.0013228017342929	-0.0002243392630459	5.0328104943977614e-08	1.7498044282483042e-06	0.0	0.0	0.0	0.0	0.0	0.0	0.0	0.0	0.0	0.0	0.0	0.0	0.0	0.0	0.0	0.0	0.0	0.0	0.0	0.0
1742.894405175124	-5.46182666062532	3037680.9075907487	29.83155047071753	2161.31996605613	-26.323208375411014	4671303.99567287	692.9112991753085	1836.776732684576	-1.22754084715325	3373748.7657314264	1.5068565314297189	1889.4975678088613	1714.300871066589	1.076313	28.814919	0.0434905934323821	0.0225949068298899	0.0117516443	-0.0681768988	-0.0065862231	-0.0133059878	-0.072902356	0.0632715669	-0.0438808266	0.0415855084	0.0223554094	0.0097022407	-0.0123067868	-0.0245839797	0.0506167517	-0.0040527816	0.0284135193	-0.082938671	0.0321796232	-0.0442315988	-0.0503273744	0.0254476473	0.0046960233	0.0087086329	-0.0224315399	0.0676704838	-0.0207120124	0.0821784543	0.0187082393	-0.010676229	0.0586877838	0.0031839808	0.0034484533	-0.0014147711	0.014215223	0.0084993413	-0.0205375631	0.0145696967	0.0077532657	0.0003948601	0.0120808679	0.0054801507	-0.007582058	0.0225659086	0.0162259848	-0.0107342371	0.0540705466	-0.0734614416	0.0685073667	0.0444540407	-0.0334003204	-0.1265173079	-0.0559489755	-0.0168331726	-0.0075763303	-0.1105727027	-0.0362724969	0.0219625425	-0.0041254849	0.0256373767	-0.0655497724	-0.0668016447	0.0235993474	0.0816216788	0.0276578354	-0.0642529755	-0.0680077345	-0.0100761591342717	0.0006543294751536	0.0001015289828991	4.281470620549162e-07	0.130434148442788	0.0147807956322481	0.0002184719195222	0.0170130670799952	0.3169356485534109	0.0083729271612753	7.010590924802166e-05	0.1004482053239711	-0.0001010171768587	0.0002531027484906	6.406100129349593e-08	1.0204470020501876e-08	-0.001616938369247	7.582925017370003e-05	5.7500751819055864e-09	2.614489689943148e-06	-0.0012580829096831	6.471882460980021e-05	4.188526258874082e-09	1.582772607636695e-06	0.0	0.0	0.0	0.0	0.0	0.0	0.0	0.0	0.0	0.0	0.0	0.0	0.0	0.0	0.0	0.0	0.0	0.0	0.0	0.0
1724.6997141274746	-18.194691047649258	2974589.103911393	331.04678231940807	2142.234125657515	-19.08584039861489	4589167.049131618	364.26930372140026	1825.5413764819764	-11.235356202599633	3332601.3172477093	126.23322899929404	1878.9789294672944	1721.2681037526668	1.507192	40.350353	0.3387057916704463	0.1656767256583309	0.0235390385	-0.1971345424	0.131901188	-0.081418227	-0.116102705	0.1580563336	-0.0079512815	-0.1195498025	0.02834702	-0.0206615531	0.0292163244	-0.0778982534	0.0674479057	0.1030743495	0.0621565657	-0.1447584043	-0.1566386329	-0.0275570591	0.1154956325	-0.0584285803	0.0245260192	-0.0212790378	0.008533499	0.1014516891	0.1288656549	0.0603918396	-0.0729012992	-0.1839171783	0.0007804235	0.036605785	0.1228924231	-0.0576472331	0.0362835399	0.0134963305	-0.0932023916	0.0669604009	0.0276933497	-0.0070292309	0.0122221758	-0.0448127347	-0.1666134424	0.0283571969	0.0174415865	0.0061766821	0.1068122477	0.0268661108	0.0280770906	-0.1723677861	-0.0713038482	-0.0209405088	0.0707499766	-0.0123626255	-0.0724969346	-0.1049659444	-0.0481580504	-0.0151744289	-0.0186240071	0.0248241955	-0.0665549058	-0.0652939789	0.0268518493	0.0816216788	0.0227795284	-0.0677702193	-0.0639883028	-0.0047768794371734	0.0052992796970983	2.281857715729006e-05	2.8082365308078255e-05	0.1833354796644215	0.0529013312216335	0.0027985508450209	0.0336118981037835	0.2370251087156063	-0.0799105398378045	0.0063856943771693	0.0561809021616449	0.0023110269600464	0.0024120441369051	5.817956918378269e-06	5.340845610061305e-06	-0.0023639741671535	-0.0007470357979064	5.580624833538009e-07	5.588373862969083e-06	-0.0004052700262165	0.0008528128834665	7.272898142066164e-07	1.642437941495226e-07	0.0	0.0	0.0	1.0	0.0	0.0	0.0	0.0	0.0	0.0	0.0	0.0	0.0	0.0	0.0	0.0	0.0	0.0	0.0	0.0
1738.4670050136117	13.767290886137062	3022267.527520997	189.5382983435126	2142.839433843439	0.6053081859240592	4591760.83923447	0.3663979999466754	1835.521993001302	9.980616519325622	3369140.986791472	99.6127061058355	1885.7720990349264	1716.1957254421848	1.703513	45.606216	0.2432297187368391	0.1211338872671244	-0.0017328394	0.0099756983	-0.01635159	-0.0043652157	0.0388251836	-0.0239486851	-0.0163576237	-0.0680659078	-0.0298324754	-0.0015557253	-0.0044097257	-0.0140761258	-0.0156252795	-0.0221676967	-0.0318249598	0.0255355925	-0.041224381	0.0212525611	-0.0293027437	0.0236730051	0.0118870159	0.0002609338	-0.0180661269	-0.0133043189	0.0214167764	-0.0355370714	-0.013639957	0.032104705	-0.0069002458	0.0155194237	-0.0427520953	0.0228336639	-0.0986146644	-0.0010660115	-0.0084441304	0.0142535801	0.0014758114	-0.0239994736	-0.0404564422	-0.0413829736	-0.0375106866	0.041486089	-0.0121148943	0.0713246442	-0.0600393152	0.0258064924	0.0126322768	-0.0746983057	0.0447333698	-0.010983325	-0.0147941523	0.017348327	0.0192418684	0.0342297718	-0.0595238796	0.0938571354	-0.0775552104	0.024008292	-0.0675308461	-0.0637218759	0.0300572439	0.0813979594	0.0178113211	-0.0709234662	-0.0595200392	0.0230381054107624	0.0278149848479358	0.0005307543009173	0.0007736733820908	0.1356887437770098	-0.0476467358874117	0.0022702114407247	0.018411435187783	0.3168971118768979	0.0798720031612915	0.0063795368889973	0.1004237795159191	0.0009671527268432	-0.0013438742332032	1.8059979546674888e-06	9.353843970402374e-07	-0.0020081691849931	0.0003558049821603	1.2659718533016242e-07	4.032743475555852e-06	-0.0003470293447761	5.824068144040002e-05	3.3919769746421563e-09	1.2042936613572928e-07	0.0	0.0	0.0	0.0	1.0	0.0	0.0	0.0	0.0	0.0	0.0	0.0	0.0	0.0	0.0	0.0	0.0	0.0	0.0	0.0
1740.6147789750798	2.147773961468147	3029739.8087864663	4.612932989560576	2156.556113156405	13.71667931296588	4650734.269192261	188.1472913747461	1834.825298465484	-0.6966945358180965	3366583.875888952	0.4853832762387929	1884.236812097886	1698.7774727214903	1.008924	27.010786	0.0885279897268113	0.0410909402439066	0.0049482979	-0.0536914731	0.0114186939	0.0035643944	-0.0888735817	0.0239273724	-0.0214747416	-8.07408e-05	0.004342209	0.0008444043	0.0072956858	-0.0910891664	0.0134980979	-0.0334171895	-0.0141219133	-0.0018031706	-0.0572809771	-0.0283282798	0.0004039022	-0.0398780198	0.0319349418	0.0005500255	0.0139705909	0.0548766623	0.0259206022	0.085987269	0.0762282566	0.0308459958	-0.0228639706	0.0073114059	0.0323311337	-0.0679167535	-0.0462992403	0.001714351	-0.0427078431	0.0214519064	0.0051151816	0.0002564307	-0.0275036855	-0.0338267828	-0.0111001802	0.0389249016	0.0025882616	0.0098393393	0.0490579108	-0.0718581815	0.0444033492	-0.0185806293	0.0314482976	0.0183405517	0.0065746674	-0.0444085246	-0.0758006704	-0.0007950698	-0.0704108658	0.0044993901	-0.040689581	0.0231897558	-0.0684771651	-0.0620868871	0.0332099078	0.0809511339	0.0127728206	-0.0736957799	-0.0546342852	0.0185812802758675	-0.0044568251348948	0.0003452639766903	1.986329028303093e-05	0.1373146986136788	0.0016259548366689	2.6437291308873045e-06	0.0188553264553654	0.2965663997293504	-0.0203307121475475	0.0004133378564264	0.0879516294484288	0.0005049097010164	-0.0004622430258268	2.136686149255157e-07	2.5493380618047044e-07	-0.0016131858832326	0.0003949833017605	1.5601180866962626e-07	2.6023686938609435e-06	-0.0007320929693428	-0.0003850636245667	1.482739949644445e-07	5.359601157611579e-07	0.0	0.0	0.0	0.0	0.0	0.0	0.0	0.0	0.0	0.0	0.0	0.0	0.0	0.0	0.0	0.0	0.0	0.0	0.0	0.0
1742.4952458511086	1.8804668760287768	3036289.6818137155	3.5361556718414278	2137.793743653731	-18.76236950267412	4570162.090405034	352.0265093548759	1838.0035800153053	3.178281549821349	3378257.160149079	10.1014736099348	1884.3334893918504	1716.9940388989355	1.015414	27.184525	0.0746159421585422	0.0336457665157218	-0.0039008792	0.0013346906	0.0672535481	-0.0001052521	-0.0167062587	-0.0250506315	0.080974995	-0.0681467496	0.0233241054	0.0056975187	0.0002453994	-0.0567305883	-0.0680786963	-0.0413755991	-0.083909549	0.0194417243	-0.0076708721	0.0175507688	0.0469854507	0.0222632483	0.005882348	0.0045891813	0.0055184108	-0.0538625794	0.0978734312	-0.0063252688	-0.0120293306	0.071722563	-0.034362892	0.0234553943	-0.0262744305	0.000394003	-0.0021616162	-0.0024288318	-0.0195897778	0.0161107271	-0.0003078143	-0.0442351411	-0.0271669974	-0.0287046796	-0.0362498839	-0.0345405814	-0.0488849115	0.0288184322	-0.0077432889	0.060134386	-0.0221301756	-0.0195241675	0.0162423782	0.0109598575	0.0330445643	0.035067467	-0.0026694463	0.0359520303	0.0005650952	0.0101125706	-0.0168201744	0.0223686765	-0.0693934478	-0.060390626	0.0363043104	0.080282427	0.0076839116	-0.0760722702	-0.049365311	-0.0015928155633133	-0.0201740958391808	2.537061418733065e-06	0.0004069941429284	0.1472300199843346	0.0099153213706558	9.831359788338392e-05	0.0216766787845875	0.316705981671376	0.0201395819420255	0.0004056027607995	0.1003026788264299	0.0007687872427531	0.0002638775417367	6.963135703300388e-08	5.910338246199139e-07	-0.001755814333062	-0.0001426284498293	2.0342874700737663e-08	3.0828839721859555e-06	-0.0008133258379103	-8.123286856750003e-05	6.598778935704733e-09	6.614989186124916e-07	0.0	0.0	0.0	0.0	0.0	0.0	0.0	0.0	0.0	0.0	0.0	0.0	0.0	0.0	0.0	0.0	0.0	0.0	0.0	0.0
1739.6799419149036	-2.815303936205055	3026486.3003010424	7.925936253211676	2143.477085286921	5.683341633190139	4594494.015150115	32.30037211955236	1830.60666268332	-7.396917331985151	3351120.753460563	54.71438601622232	1883.1731390261184	1723.570231595624	1.046659	28.021015	0.0974459809159031	0.0460120242722613	-0.0078488497	-0.0632857752	-0.0367927363	-0.0297941385	-0.0220416857	0.0532885862	-0.0198175684	0.0608736144	-0.0256287849	-0.0015152492	0.0166834769	-0.0447044896	0.0262487241	-0.0252409771	-0.0124290759	-0.0035175794	-0.0531932116	0.0886614938	-0.1359828232	-0.0045951964	-0.0124941153	-0.0050549856	-0.0003369485	0.097059107	-0.0186413594	-0.0107236628	0.0250320905	0.0359898432	0.024309659	0.0012599489	0.0197552047	-0.0950678184	0.0303194828	-0.0018548757	-0.0506630959	0.0098447661	-0.0060528731	0.0409157663	-0.0310604698	0.0049205073	0.0551852217	0.0484294594	-0.0095198119	0.0418908652	-0.0196095656	-0.0757510545	-0.0202337313	-0.0054625978	-0.0117036773	-0.018802033	-0.0259497952	0.0460124559	-0.1244849076	0.0018312309	-0.0148773054	0.0141128062	-0.0191475251	0.0215451443	-0.0702792922	-0.0586347667	0.0393350228	0.0793936715	0.0025646777	-0.0780401729	-0.0437500746	0.00641295619684	0.0080057717601533	4.112600718258856e-05	6.409238147566807e-05	0.1324190773465119	-0.0148109426378227	0.0002193640218208	0.0175348120453015	0.2906493869555788	-0.0260565947157971	0.0006789461281833	0.0844770661376537	0.0002751395281051	-0.000493647714648	2.436880661771933e-07	7.570175992589711e-08	-0.0016550618221597	0.0001007525109023	1.0151068453118086e-08	2.739229635170586e-06	-0.000436272627418	0.0003770532104923	1.4216912354255068e-07	1.9033380543420505e-07	0.0	0.0	0.0	0.0	0.0	0.0	0.0	0.0	0.0	0.0	0.0	0.0	0.0	0.0	0.0	0.0	0.0	0.0	0.0	0.0
1748.7617221579956	9.081780243091998	3058167.560884998	82.47873238381615	2141.340528488159	-2.1365567987618306	4585339.258945948	4.5648749543354015	1838.411722105149	7.805059421828901	3379757.6599736195	60.91895257828009	1884.711470301011	1700.696491887687	1.078686	28.878445	0.1010415003407618	0.0526803894079336	-0.0039788719	0.0020573415	0.0688154279	0.0340730974	-0.0610559058	-0.0461092759	0.0932749688	-0.0410386124	-0.0056486333	0.0086365232	-0.0100861847	0.0137784892	-0.0363593257	-0.028657607	-0.0203736297	0.0334195537	0.0203339759	-0.0677943763	0.0667323781	0.0473106404	0.0203369336	0.0038710894	0.0122838968	-0.0686435295	0.0305966925	0.0482574054	0.0363648455	0.0417991761	-0.043997528	-0.0136646577	-0.0449862975	-0.0134203868	0.054802621	-0.0036266446	-0.032620879	0.0102498357	-0.0086890453	-0.0117382401	-0.0491685617	0.0040497681	0.0149833075	-0.0141993271	-0.0304036652	-0.0189592401	0.0257246507	0.0262996931	0.0292636751	-0.0353789871	0.0771059368	-0.0961878904	-0.0937177844	0.0423753982	-0.0243340673	0.1256410743	-0.0597198884	0.0326862237	0.0164498862	0.0207192494	-0.0711343098	-0.0568210419	0.0422967282	0.0782873035	-0.0025646777	-0.0795889182	-0.0378279629	0.0018440188079722	-0.0045689373888678	3.4004053641552133e-06	2.0875188863394117e-05	0.1382601865470292	0.0058411092005173	3.4118556692367945e-05	0.0191158791840193	0.3219110623705106	0.0312616754149318	0.0009772923497485	0.1036267320765107	0.000874087180321	0.0005989476522159	3.587382900949386e-07	7.640283988015163e-07	-0.0012772833421672	0.0003777784799924	1.4271657994544357e-07	1.6314527361778128e-06	-0.0006469420619385	-0.0002106694345204	4.438161064118723e-08	4.1853403150523794e-07	0.0	0.0	0.0	0.0	0.0	0.0	0.0	0.0	0.0	0.0	0.0	0.0	0.0	0.0	0.0	0.0	0.0	0.0	0.0	0.0
1751.2287272414314	2.467005083435879	3066802.055115644	6.086114081698469	2153.151355743408	11.810827255249023	4636060.760739677	139.49564045333318	1839.493230808548	1.0815087033990949	3383735.3461904703	1.1696610755279917	1889.214939252068	1746.662350090807	1.064719	28.504513	0.0502543467526789	0.0278479806453047	-0.016543281	-0.0500602325	-0.0464589453	-0.0052064522	0.0506389643	0.0694356554	0.0384935673	0.0356662074	-0.0329669511	0.0116417144	0.0032109816	0.0207305179	-0.0601315881	-0.0042275153	-0.0083777769	0.0092137251	0.0352573143	0.0362438431	-0.0804150071	0.0422209978	-0.0312149106	0.0053360338	0.0030249589	0.0434317284	-0.0202777296	-0.0681682311	-0.0514267716	0.0525243872	-0.023797584	0.0219469836	0.0155528182	0.0476834343	0.081439967	-0.0013357226	-0.0416374883	0.0111059564	-0.0098902471	0.0192224754	-0.0371618333	0.0153909111	0.0456896714	0.0478706892	-0.0117217732	0.0342360906	-0.0420229343	0.0089988065	-0.0735586773	-0.0128857107	-0.0720414945	-0.0774387715	-0.0654266282	0.0871496866	-0.0241444821	0.0616451626	0.0512075358	0.0261248434	0.0073358492	0.0198910824	-0.0719581255	-0.0549512416	0.0451842308	0.0769663555	-0.0076839116	-0.0807101879	-0.0316405151	0.0002109677957378	-0.0016330510122344	4.4507410838466117e-08	2.6668556085597987e-06	0.1339950222917991	-0.0042651642552301	1.819162612409256e-05	0.0179546659989797	0.3014727335898612	-0.0204383287806493	0.0004177252833459	0.0908858090981434	0.0005500136500702	-0.0003240735302508	1.050236530092162e-07	3.025150152635444e-07	-0.0012527142804912	2.4569061676000137e-05	6.036387916390987e-10	1.5692930685465849e-06	-0.000776655524103	-0.0001297134621645	1.6825582266701195e-08	6.031938031197057e-07	0.0	0.0	0.0	0.0	0.0	0.0	0.0	0.0	0.0	0.0	0.0	0.0	0.0	0.0	0.0	0.0	0.0	0.0	0.0	0.0
1747.3120188938344	-3.916708347597023	3053099.291370848	15.340604280136205	2158.311737927524	5.160382184115861	4658309.55807573	26.62954428614038	1835.550552100466	-3.942678708082212	3369245.829316325	15.544715395164824	1892.3505287320008	1739.978232218553	0.990201	26.509539	0.0652463630601126	0.0344354236848204	-0.0179479422	-0.0390934206	-0.0982284835	0.0048639109	0.06967183	0.0749028564	-0.0447293361	0.0074974508	-0.0250461724	0.0101084082	0.0069280938	-0.0134233024	0.0093076401	0.0036780803	-0.034946904	-0.0426985263	0.0009716746	0.0556760617	-0.0710350931	-0.0605522055	-0.0211182796	0.0087305798	-0.0095890748	0.070484099	-0.0522069573	-0.0319679648	-0.030269975	0.0297298869	0.0389901356	0.0308910034	-0.0083193635	0.0215571167	0.0085679621	-0.004403536	-0.0425473943	0.0037154138	-0.0125869589	-0.0125984718	-0.0152302185	0.0116463233	0.0676131381	0.0539220347	-0.035391073	0.0401352304	-0.0289507888	0.0134853309	-0.0432135584	0.0293674946	0.0821281792	0.0019695392	0.0258481807	0.0539147849	0.0092725906	-0.048454177	0.0096332445	-0.0697656221	0.0835414802	0.0190607341	-0.0727503781	-0.0530272111	0.0479924649	0.0754344479	-0.0127728206	-0.0813979594	-0.0252311319	-0.009004168819132	-0.0092151366148698	8.107505612342895e-05	8.491874283071403e-05	0.1344807334251783	0.0004857111333791	2.359153050885035e-07	0.0180850676625738	0.2797897706530676	-0.0216829629367936	0.0004701508817183	0.0782823157620961	0.0001093745589147	-0.0004406390911554	1.94162808654345e-07	1.1962794137785182e-08	-0.0013130531657297	-6.0338885238499966e-05	3.640781071824869e-09	1.7241086160327868e-06	-0.0009529285952104	-0.0001762730711073	3.107219559763447e-08	9.080729075696664e-07	0.0	0.0	0.0	0.0	0.0	0.0	0.0	0.0	0.0	0.0	0.0	0.0	0.0	0.0	0.0	0.0	0.0	0.0	0.0	0.0
1740.0536955731627	-7.258323320671707	3027786.863477821	52.68325742740675	2174.2312811071224	15.91954317959835	4727281.663744719	253.43185504709632	1831.6500147769325	-3.900537323533399	3354941.776632337	15.214191412277092	1890.7396680644915	1749.5661146933148	1.030035	27.575954	0.0831988327228214	0.0376109214774663	-0.0158903543	-0.0800017555	-0.0370054636	0.0038441226	-0.0901596345	0.0791643148	-0.1330667783	-0.0019036505	-0.0058986106	0.0025618434	-0.0023618763	-0.0172370829	-0.0070462965	-0.0133778958	0.0562126729	-0.0629846929	0.0073868761	0.0361203325	-0.1351376318	-0.0170009535	0.0208083502	0.0068299815	-0.0088917681	0.0844987162	-0.068440516	0.0556349183	-0.0352341974	-0.0012370042	0.0258208416	-0.0309170842	0.0001392803	0.043586663	-0.0570730739	0.0006434761	-0.0627300684	0.0202435648	-0.0055263087	-0.0036628194	-0.0341596331	-0.0026831865	0.0186144991	0.0705354609	-0.0139041581	-0.0102299753	0.0593528195	-0.0757764688	-0.0302756726	0.0096898238	0.0041508563	-0.0239819703	-0.0548055061	0.0564405771	0.0039101477	-0.0130343998	0.0935201535	0.0697911428	-0.0574284748	0.0182282956	-0.0735107199	-0.0510508491	0.0507165039	0.0736957799	-0.0178113211	-0.0816485389	-0.0186447705	-0.0007938803243945	0.0082102884947375	6.302459694607166e-07	6.740883716681897e-05	0.1557767938971324	0.021296060471954	0.0004535221916251	0.0242664095168696	0.3001317784171675	0.0203420077640998	0.0004137972798747	0.0900790844158517	0.0004830003962277	0.000373625837313	1.3959626630784037e-07	2.332893827561152e-07	-0.0013781755688111	-6.51224030814e-05	4.2409273830963365e-09	1.899367898467799e-06	-0.0007246673157642	0.0002282612794462	5.2103211694416216e-08	5.251427185368907e-07	0.0	0.0	0.0	0.0	0.0	0.0	0.0	0.0	0.0	0.0	0.0	0.0	0.0	0.0	0.0	0.0	0.0	0.0	0.0	0.0
1740.1042432076956	0.0505476345329043	3027962.777229427	0.002555063356872	2132.210216002031	-42.021065105091566	4546320.405223427	1765.769912566344	1830.673839546784	-0.9761752301485558	3351366.706800964	0.952918079955586	1877.869778980928	1692.6626137011272	1.061038	28.405977	0.0394305985306502	0.0188703261228302	0.0038683537	-0.0178986561	0.0505325752	-0.0086056072	-0.0836371893	0.0112775819	0.0475479884	-0.0015600917	-0.0371024133	-0.0043385179	0.0054086705	-0.0102736657	-0.004758374	-0.0124438196	-0.0108491353	-0.0587745881	-0.0619461043	-0.0457188831	0.0129374248	0.0074867284	0.1013461389	-0.0036108058	0.0101703236	-0.0077862372	0.0482250449	0.0704957017	0.0129008949	0.0093611041	0.0142192976	0.0204670192	0.0153264467	-0.0968918891	0.0342782386	-0.002645683	-0.04552758	0.0188395787	0.0010514354	-0.0229563783	-0.021267702	-0.0118013573	-0.0024941096	-0.0282152435	-0.0530321803	0.01313823	0.0296866561	-0.0707010709	-0.0486480953	0.0046771607	0.0449497236	-0.075905106	-0.0031716889	0.0862346876	-0.0890082962	0.0202884034	-0.1046087899	-0.0367662577	0.0127659534	0.0173938582	-0.0742388174	-0.0490241061	0.0533515689	0.0717551168	-0.0227795284	-0.0814605803	-0.0119276293	0.0109593918121078	0.0117532721365023	0.0001201082688912	0.0001381394059146	0.1612228700966085	0.005446076199476	2.9659745970500003e-05	0.0259928138421878	0.3020803468377693	0.0019485684206018	3.796918889766652e-06	0.0912525359456269	0.0007345756560392	0.0002515752598115	6.329011134922373e-08	5.39601394445421e-07	-0.0012897378090648	8.843775974629996e-05	7.821237348944274e-09	1.6634236161312704e-06	-0.0006590266998406	6.564061592359994e-05	4.308690458829562e-09	4.343161911027923e-07	0.0	0.0	0.0	0.0	0.0	0.0	0.0	0.0	0.0	0.0	0.0	0.0	0.0	0.0	0.0	0.0	0.0	0.0	0.0	0.0
1745.1478617491434	5.043618541447813	3045541.059367608	25.438087991636166	2148.2945253198795	16.084309317848692	4615169.367519367	258.70500623223427	1834.6987083390443	4.024868792260349	3366119.3503809576	16.199568794911283	1885.914899519378	1716.1805073078604	0.988471	26.463205	0.0736213886954596	0.0308235043762034	-0.0076787237	-0.0449513773	0.0757240188	0.0134356525	-0.0179953101	0.016589592	0.071782402	-0.0504831267	-0.0061663842	0.0062274991	0.0052961428	-0.0304895163	-0.0438476689	-0.0374801144	-0.0349619837	-0.0352444718	0.011140598	-0.0694178319	0.0467887882	0.1082840451	0.0046321342	0.005211547	0.0029011542	-0.0367900721	0.0837699966	0.0289924665	-0.0622471252	0.0608739897	-0.0004542018	0.0144004798	-0.0202156682	0.0108616508	-0.0550113839	-0.001398133	-0.0788176093	0.022662187	-0.0102735704	-0.0187830032	-0.0334794703	-0.0100676507	-0.0140665529	-0.0360172311	-0.0621840129	-0.0111705665	0.0317394831	0.0551659275	-0.0859790372	0.0707714241	0.0023183981	-0.0228459291	-0.0541517777	0.0662079008	0.0299533107	0.0729077984	0.0027740828	0.0171701768	0.0248516343	0.0165575133	-0.0749343514	-0.0469489822	0.0558930371	0.0696177779	-0.0276578354	-0.0808350932	-0.0051268245	-0.0050622838413545	-0.0160216756534623	2.5626717690438876e-05	0.0002566940907447	0.1488845924528163	-0.0123382776437921	0.0001522330952153	0.0221666218698412	0.2884848921042291	-0.0135954547335401	0.0001848363894117	0.0832235329723887	0.000425066182959	-0.0003095094730802	9.579611392638305e-08	1.806812598953341e-07	-0.0010976682362735	0.0001920695727912	3.689072079223244e-08	1.2048755569237764e-06	-0.0007907672672624	-0.0001317405674217	1.735557710461782e-08	6.253128709736439e-07	0.0	0.0	0.0	0.0	0.0	0.0	0.0	0.0	0.0	0.0	0.0	0.0	0.0	0.0	0.0	0.0	0.0	0.0	0.0	0.0
1746.4468570998913	1.298995350747873	3050076.6246740883	1.6873889212645898	2136.0320819507947	-12.262443369084847	4562633.055123046	150.367517380013	1833.892066286321	-0.8066420527231912	3363160.1107879123	0.6506714012214836	1882.963590734145	1730.3604693213847	0.9398	25.16021	0.069774865383022	0.0299200730991123	-0.0152566323	-0.0424986174	-0.0305559119	-0.0135361652	0.0660361429	0.0748601839	0.0290409096	0.0032028181	-0.0686718682	0.0110239545	-0.0128946032	-0.0193495476	-0.066010975	0.0229275842	-0.0434884626	0.002638334	0.0088008257	0.0563549655	-0.0433260767	0.0474894565	0.0650760769	0.0057861947	-0.0192483094	0.0241464345	0.0355251402	-0.042313178	-0.0603266597	0.0583533827	-0.013747031	0.0097013581	-0.0197081914	-0.0123942261	0.0171431415	-0.0031900486	-0.0587712936	0.0132544524	-0.0075005905	-0.0268091178	-0.0199955099	0.0097641565	0.0297786159	0.0266220877	-0.042547636	0.0445082947	-0.0500224632	0.0421659919	-0.1172181259	0.0374690703	0.0327577824	-0.0230642019	0.0628661217	0.1380276635	0.0198915987	0.0573329906	0.014516423	0.0166651615	0.0182665965	0.0157193527	-0.0755970167	-0.0448275254	0.05833645	0.0672896215	-0.0324269895	-0.0797754371	0.0017099414	0.0079493861159818	0.0130116699573363	6.31927396209642e-05	0.0001693035550786	0.1419445026450319	-0.0069400898077844	4.816484654011299e-05	0.0201482418311454	0.2968387116018505	0.0083538194976213	6.978630019883901e-05	0.0881132207054465	0.0007521701454293	0.0003271039624703	1.069970022637715e-07	5.657599276751343e-07	-0.0013121896831234	-0.0002145214468498	4.601945115857439e-08	1.7218417644954887e-06	-0.000503006954177	0.0002877603130854	8.280599778700745e-08	2.5301599595042253e-07	0.0	0.0	0.0	0.0	0.0	0.0	0.0	0.0	0.0	0.0	0.0	0.0	0.0	0.0	0.0	0.0	0.0	0.0	0.0	0.0
1744.1828690017578	-2.2639880981334954	3042173.880519203	5.125642108490122	2164.0847480080342	28.05266605723955	4683262.796560997	786.9520729189999	1833.9112199036	0.0191536172790165	3363230.362488311	0.000366861054871	1894.6526620902264	1756.77361759615	0.936925	25.083231	0.0644330859857155	0.0272803312433002	-0.0249465082	-0.063994905	-0.0625382965	-0.001550175	0.0602229698	0.102112878	-0.0844366588	-0.0289070255	-0.0347116995	0.0098762176	-0.0009416888	-0.0144241436	-0.0382886214	-0.061819918	0.0042814176	-0.0019901442	0.0080987752	0.0329438003	-0.1050708144	0.0148300172	-0.0728984112	0.0103226904	-0.0187507704	0.0845955503	-0.0353828569	-0.0406504704	-0.0451875581	0.0260092646	0.0448921645	-0.0072177376	0.0258797474	0.0523712684	0.0228946234	-0.0068782309	-0.061011972	0.0107074669	-0.0200004418	0.017833122	-0.0135205936	0.0204112557	0.0430701912	0.0416141672	-0.051239275	0.0293894463	-0.0049016524	-0.0128943052	-0.0998302914	0.093100971	-0.0350607825	0.0203024041	-0.0789602861	0.0700199288	-0.0195400222	-0.0509568275	0.1028818309	0.0375756289	0.0591204781	0.0148794683	-0.0762265226	-0.0426618292	0.0606775209	0.064777029	-0.0370681691	-0.0782873035	0.0085347133	-0.0091050495439475	-0.0170544356599293	8.290192719773859e-05	0.0002908537756786	0.1506104801232339	0.0086659774782019	7.509916565270425e-05	0.022683516722951	0.3049667702010197	0.0081280585991692	6.60653365915285e-05	0.0930047309268415	0.0004710488098935	-0.0002811213355358	7.902920529343188e-08	2.218869813020827e-07	-0.0015706373301844	-0.000258447647061	6.679518627136725e-08	2.46690162296878e-06	-0.0005751302565485	-7.212330237150002e-05	5.20177074497082e-09	3.307748119975434e-07	0.0	0.0	0.0	0.0	0.0	0.0	0.0	0.0	0.0	0.0	0.0	0.0	0.0	0.0	0.0	0.0	0.0	0.0	0.0	0.0
1746.6378447478855	2.454975746127729	3050743.7607055386	6.026905914075402	2151.839213111184	-12.245534896850131	4630411.99908296	149.95312490997435	1835.1936574121664	1.2824375085663178	3367935.760205844	1.6446459633777843	1886.416534543505	1706.9896610178023	1.083694	29.01252	0.0589611165131745	0.0339452431666246	-0.0103336147	-0.0403505777	0.0417954124	0.0076872389	-0.0791189701	0.0317824021	0.0120243749	-0.0219901364	-0.0222408225	0.0118450969	0.0064136321	0.0075726576	-0.0094099132	-6.68294e-05	0.0328114958	-0.0288286847	0.0614001942	-0.0564091004	-0.0028349226	0.0214429894	-0.0051835509	0.0100207452	0.0164893161	0.0014998095	-0.0047919845	0.0819047994	0.0198487041	-0.0103932948	-0.0153685646	-0.0271131561	0.0419024464	-0.0118075527	0.0981280934	-0.0066032138	-0.0696518838	0.0134544488	-0.0090837681	-0.010127697	-0.0082737351	-0.0018402346	0.0487420844	-0.0447919526	-0.0661041293	-0.0096724435	0.0537715441	-0.0903510043	-0.1244791782	-0.0090641323	-0.0160092038	0.0393155721	-0.0370482326	0.06224505	-0.0513384586	0.0214769536	-0.0577875254	0.054442282	0.0058408802	0.0140379523	-0.0768225931	-0.0404540309	0.0629121428	0.0620868871	-0.0415630576	-0.0763786853	0.0152996203	0.0005416977482752	0.0096467472922227	2.93436450486422e-07	9.3059733320006e-05	0.1539297930106187	0.0033193128873848	1.1017838044358972e-05	0.0236943811762919	0.3029558429159777	-0.0020109272850419	4.0438285457263314e-06	0.0917822427569305	0.0003300035206722	-0.0001410452892212	1.989377361152016e-08	1.0890232365604713e-07	-0.001735190478793	-0.0001645531486086	2.707773871700401e-08	3.0108859976938807e-06	-0.0011492143996891	-0.0005740841431406	3.295726034054769e-07	1.3206937364527783e-06	0.0	0.0	0.0	0.0	0.0	0.0	0.0	0.0	0.0	0.0	0.0	0.0	0.0	0.0	0.0	0.0	0.0	0.0	0.0	0.0
1743.6360659112213	-3.0017788366642435	3040266.7303463607	9.01067618424534	2146.9185312444515	-4.920681866732593	4609259.179800833	24.21311003359096	1831.3200312385784	-3.873626173588036	3353733.0568156675	15.00497973270629	1879.8430159026504	1723.9510262895626	1.414587	37.871128	0.3927933085209774	0.1908309810240415	-0.0090733839	-0.0121861707	0.0889028125	0.0103155826	-0.0401401146	-0.0142838134	0.1262418802	0.0049560882	-0.0072930423	0.0023213423	-0.0049194587	0.0088146114	0.0031417936	-0.0598732055	-0.0509540905	-0.0408859501	-0.0552834558	-0.0934300059	-0.0111296011	0.044858863	-0.0079613157	-0.0004590407	0.0207830267	-0.0512652147	0.0348355706	0.0560827023	0.0081101673	0.0388254178	-0.0225048703	0.1145393666	0.0776855259	0.0057380339	0.0086063646	-0.0032731418	-0.0197533815	0.0022255494	-0.0004222631	0.0617219652	-0.1235250189	-0.0804001046	-0.0374931328	-0.0504129974	-0.009972225	-0.0096641976	0.0536332015	0.1311688024	0.1335203519	-0.111094887	0.0349992309	0.1443297486	0.0401904293	0.0314195973	0.0152140685	-0.0109552995	0.0008014519	-0.1243935151	-0.0443286012	0.0131948967	-0.0773849666	-0.0382063093	0.0650363955	0.0592265694	-0.0458939156	-0.0740598336	0.0219572114	0.059215719646616	0.0586740218983408	0.0035065014532666	0.0034426408457269	0.1743534725389111	0.0204236795282923	0.0004171266854743	0.0303991333863768	0.3767567582490869	0.0738009153331091	0.0054465751040047	0.1419456548863609	0.0011690490785869	0.0008390455579147	7.039974482563901e-07	1.3666757481448798e-06	-0.0025408346548818	-0.0008056441760887	6.490625384658012e-07	6.455840743448315e-06	0.0020039897015321	0.0031532041012212	9.942696103958196e-06	4.015974723846715e-06	0.0	0.0	0.0	0.0	0.0	0.0	0.0	0.0	0.0	0.0	0.0	0.0	0.0	0.0	0.0	0.0	0.0	0.0	0.0	0.0
1744.99698961143	1.3609237002087866	3045014.4937529536	1.8521133177899756	2136.115706530484	-10.802824713967311	4562990.31168623	116.70102180070292	1840.067325703582	8.747294465003506	3385847.763121932	76.51516045748097	1886.768399586397	1722.5459524364446	1.280112	34.270988	0.3037840716218044	0.1534188502165113	-0.0057649169	0.0299883473	0.0444053826	-0.0069005963	0.0365679749	-0.0069592977	0.0468921728	-0.0026691608	0.0192476923	0.0217385728	-0.0181617211	0.0253801725	-0.0701368506	-0.0562526379	-0.0368082888	-0.06520539	-0.0128171458	0.0247043043	0.0894590589	-0.0211416379	0.0054544712	0.0165810056	-0.0075710554	-0.0420158481	0.0524661999	9.04595e-05	-0.0552470859	0.0577871258	0.009905955	0.0156426358	0.0511415503	0.0505347564	0.0605536184	-0.0097408896	0.0191408517	0.0031772103	0.0034209409	0.0181893311	0.0136814237	-0.0335868596	-0.0160519477	-0.0842585532	-0.015677743	0.0042291153	0.0081941317	0.0019246144	-0.0156631634	0.0592880537	-0.0750470764	-0.0445169832	0.0034023917	-0.1184603728	0.1225631117	0.024655921	0.0707946763	0.0516724391	-0.0369063994	0.0123503943	-0.0779133966	-0.0359208828	0.0670465522	0.0562039158	-0.0500436514	-0.0713432033	0.0284607885	0.0046622192848531	-0.0545535003617628	2.173628866005615e-05	0.0029760844017208	0.1731096703886407	-0.0012438021502703	1.5470437890172597e-06	0.0299669579820638	0.3636460861826194	-0.0131106720664674	0.0001718897220344	0.132238475995937	7.804663611442698e-05	-0.0010910024424724	1.1902863294809016e-06	6.091277408777777e-09	-0.0039110163594968	-0.001370181704615	1.877397903661668e-06	1.5296048964251603e-05	-0.0002323480922465	-0.0022363377937786	5.001206727882536e-06	5.398563597058807e-08	0.0	0.0	0.0	0.0	0.0	0.0	0.0	0.0	0.0	0.0	0.0	0.0	0.0	0.0	0.0	0.0	0.0	0.0	0.0	0.0
1743.8205497000704	-1.1764399113596935	3040910.109556256	1.384010865040004	2157.869502327659	21.75379579717492	4656400.789075819	473.22763158518507	1832.515316611842	-7.552009091739819	3358112.385617	57.03284132172089	1887.188865990732	1753.370224741708	1.022804	27.382381	0.0987005992195645	0.0600786280987313	-0.019924879	-0.0095324674	-0.0300735992	0.0053787926	0.107681582	0.037575853	-0.025381545	0.001386432	-0.0067645255	0.0106767024	0.0100291742	0.0103281568	-0.0250545315	-0.0164683744	0.0014983741	0.0362850212	-0.0474309404	0.1277716798	0.0338881182	0.0232031996	0.0336229747	0.0123227565	-0.0061304587	0.0005575752	0.0062646977	-0.0967783995	-0.0584952177	0.0184116632	0.0099295047	0.0020177057	0.0595750832	0.0531903263	0.0077812894	-0.0105102932	-0.0056011817	0.0093440372	-0.0046682608	-0.0056722515	-0.000876698	-0.0244804462	9.52856e-05	0.0031614439	-0.0347184496	0.052287944	-0.044352314	0.0684051746	-0.047770289	0.022805807	0.0431370065	-0.0362484027	-0.0485028087	-0.0325776726	0.0240157765	-0.0045980488	0.0545659365	0.0129737118	0.0185682297	0.0115045374	-0.0784076511	-0.0336000067	0.0689390864	0.0530272111	-0.0539958877	-0.0682433853	0.0347647336	0.0066312580989631	0.00196903881411	4.397358397506371e-05	3.877113851471715e-06	0.1873118601496202	0.0142021897609795	0.0002017021940068	0.0350857329527108	0.3705126061074608	0.0068665199248413	4.714909587824375e-05	0.1372795912845424	0.000480287727261	0.0004022410911465	1.6179789540678566e-07	2.306763009575367e-07	-0.0028845404623853	0.0010264758971115	1.0536527673508593e-06	8.320573679137999e-06	-0.0001478080661119	8.454002613459999e-05	7.147016018838849e-09	2.18472244077398e-08	0.0	0.0	0.0	0.0	0.0	0.0	0.0	0.0	0.0	0.0	0.0	0.0	0.0	0.0	0.0	0.0	0.0	0.0	0.0	0.0
1736.0381316846424	-7.782418015427993	3013828.394663104	60.56603016685818	2167.7616799094462	9.89217758178711	4699190.700883824	97.85517730961146	1828.429153531616	-4.086163080226015	3343153.169484342	16.696728718202156	1890.1169414445465	1749.6080204352415	0.950602	25.449398	0.0281696359582864	0.0137907024765345	-0.0200098777	-0.0177828712	-0.1078236293	-0.0015072442	0.0251493926	0.0393508552	-0.1323600861	0.0142683095	-0.007332649	0.0063563425	0.0124134166	-0.000235178	0.0516354429	0.0063932045	0.0301135173	-0.0551745732	0.0155666588	0.0738330606	-0.041444701	-0.0431503015	-0.0086536967	0.0110384697	-0.0096004227	0.085391595	-0.0766488639	-0.0405801158	-0.0311167575	-0.0386095828	0.053141501	-0.0104184055	-0.0057120526	0.0604843309	-0.0332618255	-0.0121002969	0.0020918938	0.0116827755	-0.0046192961	-0.0171981924	0.0150625538	-0.0028010194	0.0171447627	0.0787672037	-0.0111262009	0.0450193797	0.0004274162	-0.0379988032	-0.0368487484	0.0379999239	0.0088382978	0.0134187874	0.0150914112	-0.0283937576	0.0500902657	-0.0274557998	0.1207017227	0.0077137188	-0.0126010317	0.010657419	-0.0788675135	-0.0312459714	0.0707106781	0.0497051625	-0.0577350269	-0.064777029	0.040824829	0.0035933754361394	-0.0030378826628237	1.2912347025050024e-05	9.228731073084817e-06	0.1842732078993663	-0.0030386522502539	9.233407497973112e-06	0.033956615149523	0.3723227471360246	0.0018101410285638	3.276610543290031e-06	0.1386242280349161	0.0006312067222133	0.0001509189949522	2.2776543037412343e-08	3.98421926167258e-07	-0.0030970654993722	-0.0002125250369868	4.51668913462832e-08	9.591814707401574e-06	-0.0001900232345056	-4.221516839369999e-05	1.782120442508446e-09	3.6108829651970244e-08	0.0	0.0	0.0	0.0	0.0	0.0	0.0	0.0	0.0	0.0	0.0	0.0	0.0	0.0	0.0	0.0	0.0	0.0	0.0	0.0
1736.4912638848864	0.4531322002439992	3015401.9095485304	0.2053287908979678	2144.1721673445268	-23.58951256491946	4597474.283214925	556.4651030504931	1830.3205416495337	1.891388117917586	3350073.2851842423	3.577349012599828	1881.513131534352	1699.4386671912655	1.035597	27.724859	0.0866955653545338	0.0482413855071741	0.0009141008	0.0065269989	0.0173012303	0.0067698333	-0.050832235	-0.0195609591	-0.0320573813	-0.0008871418	0.0047936183	0.0098303932	0.0151214427	0.0170577993	0.0354365015	0.0370308678	0.030698149	-0.0481254294	0.0059389073	0.026828505	-0.0864986478	0.0233401779	0.0362834487	0.0091120779	0.0147001883	0.0196386032	-0.0233575479	0.036110124	0.0107387919	-0.022227559	0.0553330635	-0.0414745098	-0.0349799721	-0.0753889651	-0.007009595	-0.0095920081	0.0001926944	0.0060986139	-0.0051720937	-0.011952421	0.0230566542	-0.0190915302	0.0112111026	-0.011246119	-0.0304297738	0.0078996157	0.0502655171	-0.0678265225	-0.028785019	0.0444358062	0.0307433296	-0.0368945645	-0.0528747587	-0.0258904477	0.005090417	0.0016448347	-0.006026105	0.0206798249	-0.016422021	0.0098091318	-0.0792927819	-0.0288611001	0.0723582192	0.0462468756	-0.0612463124	-0.0609627523	0.0465985677	0.0078327286159236	0.0042393531797841	6.135163757070842e-05	1.7972115382946402e-05	0.1465539595739784	-0.0377192483253878	0.0014227416942322	0.0214780630668112	0.3850747443858964	0.0127519972498718	0.0001626134338607	0.1482825587638634	0.000164827710545	-0.0004663790116682	2.1750938252470025e-07	2.71681741635063e-08	-0.0029990155303027	9.80499690694998e-05	9.613796434529864e-09	8.994094150996785e-06	-0.0001147528832536	7.5270351252e-05	5.665625777599457e-09	1.3168224215014352e-08	0.0	0.0	0.0	0.0	0.0	0.0	0.0	0.0	0.0	0.0	0.0	0.0	0.0	0.0	0.0	0.0	0.0	0.0	0.0	0.0
1737.0604375954915	0.5691737106051278	3017378.9638594403	0.3239587128440097	2133.844293420965	-10.327873923561585	4553291.468565218	106.66497978098332	1831.3632216425667	1.0426799930330617	3353891.249585041	1.0871815678714256	1879.438552796607	1698.9321113952944	0.894432	23.945621	0.0584048378156701	0.0272032933057079	0.0044955077	0.0248917372	0.0734674376	0.0151782054	-0.0469506765	-0.0650519663	0.030025126	-0.0621379712	-0.0091443836	0.0075247359	0.000613131	0.0746979961	0.0133791238	-0.0301732883	-0.0206540687	-0.0164206908	-0.0100333779	-0.0364583534	0.0494471283	0.0463644258	0.0349956644	0.0081324485	0.0130733235	-0.0673884144	0.0384806967	0.0258775027	-0.0291622984	-0.012833698	0.0516842654	0.001821948	0.000958974	-0.0502845429	-0.0023889656	-0.0095366674	0.0072279945	0.0079238083	-0.0031947031	-0.0439671119	0.0137205181	-0.021189442	-0.0422814868	-0.0403900677	-0.0519739843	-0.0081390606	0.0409565549	0.0046683979	-0.0294892454	0.0680888156	0.006554326	0.0187004006	0.0278649594	-0.0388762631	0.0504570284	0.0222095361	0.0269378827	-0.0464818261	0.0100076208	0.008959769	-0.0796832699	-0.0264477464	0.0738788195	0.0426618292	-0.0645158866	-0.0568210419	0.0520454508	0.0021239178794587	-0.0057088107364648	4.511027158684342e-06	3.259052002477691e-05	0.1630991480739965	0.0165451885000181	0.0002737432625011	0.0266013321024634	0.3946147952096979	0.0095400508238014	9.101256972071557e-05	0.1557208365983918	0.0004815625591411	0.0003167348485961	1.003209643151944e-07	2.3190249836652546e-07	-0.0029399961621094	5.901936819330007e-05	3.4832858219363197e-09	8.643577433218001e-06	4.17086550647132e-05	0.0001564615383183	2.4480212972932993e-08	1.739611907307226e-09	0.0	0.0	0.0	0.0	0.0	0.0	0.0	0.0	0.0	0.0	0.0	0.0	0.0	0.0	0.0	0.0	0.0	0.0	0.0	0.0
1736.8525260442666	-0.2079115512249245	3016656.6972263497	0.0432272131327544	2136.567030993375	2.722737572409642	4564918.677927845	7.413299888211149	1831.938176383749	0.5749547411821823	3355997.482092216	0.3305729544078702	1881.9792379940257	1709.574406456254	0.8514779999999998	22.795649	0.0400466781441425	0.0184730385217749	-0.0004734428	0.0076285752	0.0478362852	-0.0099029434	0.0339347589	0.0117739824	0.0057154347	-0.0504344593	0.0083279752	0.0105162413	0.0241553913	0.0176237152	-0.0263062704	-0.0150053578	0.0249941287	-0.019930212	0.0468768117	0.0909738258	0.0642082176	0.003133885	0.0345367674	0.006533498	0.0199992942	0.0001173481	0.0538128835	-0.0248600474	-0.0605038955	-0.0089765168	0.0445918887	-0.0274574701	-0.011670242	0.0121550751	0.0488105531	-0.0110249704	0.0013399156	0.012252004	0.0035149118	-0.0334464246	0.0167480551	-0.0299428733	-0.0442948375	-0.0591415139	-0.0604809957	0.038643112	0.004271224	-0.0070035518	-0.0921939884	0.0506737708	-0.0317886925	-0.0144163642	-0.0179183691	-0.0194472645	0.0756553745	0.0155472936	0.0146390912	0.0200882338	-0.0108385012	0.0081094236	-0.0800388062	-0.024008292	0.0752698111	0.0389598496	-0.0675308461	-0.0523741431	0.0571272725	-0.0054738659781747	-0.0075977838576334	2.996320874701846e-05	5.772631954731468e-05	0.152130071146999	-0.0109690769269975	0.0001203206486303	0.0231435585471909	0.3858027225698919	-0.0088120726398059	7.765262420921731e-05	0.1488437407423409	0.0003109433465989	-0.0001706192125421	2.9110915688520414e-08	9.668576479412368e-08	-0.0029380123406468	1.983821462599872e-06	3.935547595471895e-12	8.63191651379289e-06	-3.904320532460069e-05	-8.075186038931389e-05	6.520862956335241e-09	1.5243718820189275e-09	0.0	0.0	0.0	0.0	0.0	0.0	0.0	0.0	0.0	0.0	0.0	0.0	0.0	0.0	0.0	0.0	0.0	0.0	0.0	0.0
1735.1755903449928	-1.676935699273827	3010834.3293290944	2.812113339498998	2125.029582457109	-11.537448536265856	4515750.726317835	133.11271872698313	1832.999492801421	1.0613164176720602	3359887.1406102665	1.1263925384202549	1881.2949501187195	1703.4078271168976	0.911116	24.392263	0.0963105755066949	0.0519393299002078	-0.0043105486	0.013961218	-0.0558474386	0.002293993	0.0624914225	-0.0237100319	-0.0118041902	-0.0779270401	-0.0726145587	0.0106756626	-0.0074202441	0.0168257406	-0.0469140817	0.0323082783	0.0409124784	-0.0286126563	0.0156892416	0.1171847366	0.042495933	0.0605600507	-0.0168653576	0.0079064269	-0.0155854477	-0.0191972129	0.0159692989	-0.0817522802	-0.0678446202	0.0078027567	0.0273018164	-0.0599394717	-0.0459316366	-0.0373880239	0.0301076176	-0.0140438769	-0.0016058251	0.0056954255	-0.0065993	-0.0494376229	0.046952247	0.0309019236	0.0225716866	0.0568724045	-0.0385607509	0.0534074031	-0.0201580309	0.0206462147	-0.089590078	0.0793127947	0.0016496061	0.0244333602	0.007198288	-0.0095450157	0.112750187	0.0595672891	0.0187869146	-0.0044441294	0.037850301	0.0072581889	-0.0803592349	-0.0215451443	0.076528754	0.0351510839	-0.0702792922	-0.0476459404	0.0618083875	-0.0291136770160989	-0.0236398110379242	0.0008476061893977	0.0005588406659087	0.1477645388229973	-0.0043655323240016	1.9057872471903613e-05	0.021834358933573	0.408117909799941	0.0223151872300491	0.0004979675811121	0.1665602282994727	0.0003121737408127	1.2303942137999635e-06	1.5138699213524304e-12	9.745244445299478e-08	-0.0022685455617288	0.000669466778918	4.4818576807484245e-07	5.146298965639437e-06	-0.0002881469304872	-0.0002491037251625	6.205266588988382e-08	8.302865354919527e-08	0.0	0.0	0.0	0.0	0.0	0.0	0.0	0.0	0.0	0.0	0.0	0.0	0.0	0.0	0.0	0.0	0.0	0.0	0.0	0.0
1739.7960803891144	4.620490044121652	3026890.401337326	21.34892824782731	2158.8923667560925	33.86278429898357	4660816.251237723	1146.6881604794885	1832.22261770148	-0.7768750999409804	3357039.720816864	0.6035349209083082	1884.047775687424	1697.9519741477918	0.989852	26.500193	0.0682239293538082	0.0394090810398317	0.0005033375	-0.0050570785	0.0022834502	0.0153840477	-0.0642699333	-0.010497491	-0.0314377316	0.0245429071	0.0070043828	0.0059268047	-0.008538787	-0.0042379442	-0.0686032462	0.0076195361	0.0151007515	0.0266252845	0.0311622095	0.0206172276	-0.0794005482	0.0249076881	0.029427781	0.0055407739	-0.0039869735	0.0345073194	-0.0336175104	0.0418585353	-0.0072029031	0.0579651145	-0.0179841669	-0.0795310059	-0.0538485128	-0.0566129953	-0.053785936	-0.0125273044	-0.0050319689	0.0087750213	-0.0047743098	-0.0213341877	0.0293709813	0.0370573447	0.0350445576	0.0083050674	-0.0540596791	-0.002073682	0.0608160695	-0.1201049308	-0.1012113952	0.0654038924	-0.0705540624	-0.0207980266	-0.0252415307	-0.0137341884	0.0629155709	0.0408283707	-0.0174947735	-0.0869870189	-0.0073398107	0.0064061583	-0.0806444153	-0.0190607341	0.0776534394	0.0312459714	-0.0727503781	-0.0426618292	0.066055961	-0.0088475365359528	0.0202661404801461	7.827890275501969e-05	0.000410716449961	0.1516949953905282	0.0039304565675308	1.5448488829246645e-05	0.0230113716265323	0.3766227044081347	-0.0314952053918062	0.000991947962672	0.1418446614756972	0.0003901934590795	7.801971826680001e-05	6.087076438430847e-09	1.5225093550842545e-07	-0.0024080523057992	-0.0001395067440704	1.9462131641124113e-08	5.798715907464844e-06	-0.0002550308545379	3.311607594929999e-05	1.096674486279805e-09	6.504073676633154e-08	0.0	0.0	0.0	0.0	0.0	0.0	0.0	0.0	0.0	0.0	0.0	0.0	0.0	0.0	0.0	0.0	0.0	0.0	0.0	0.0
1742.895597644664	3.099517255549472	3037685.0642891503	9.60700721744893	2133.456204674461	-25.436162081631664	4551635.377263955	646.9983414430365	1842.8936846102888	10.671066908808823	3396257.1327764867	113.87166897227472	1882.556073835784	1699.167086879764	1.096008	29.34219	0.0794581062002141	0.0457456543840069	-0.0030563138	0.0089128709	0.0432121118	0.0176814064	-0.0140986411	-0.0439967694	0.1088927965	-0.055118818	0.0094020584	0.0306864726	-0.0141930891	-0.020666519	-0.1145765304	-0.0560710683	-0.061650194	0.0160458461	0.1063750916	-0.0503076809	0.0471977906	-0.0077314825	-0.0467639689	0.022722118	0.0021990336	-0.0867156055	0.0903927886	0.021815385	-0.0082101809	0.1137330863	-0.0274801769	-0.031175529	-0.0676728846	0.0131089924	0.0496332194	-0.0067423916	-0.0373187147	0.0070070614	-0.0072822882	-0.1045799726	0.1108427825	-0.0052362737	0.0662447956	-0.0869540719	0.0291094006	-0.0530937718	-0.0503770364	0.0341133456	-0.010233478	0.1003665425	0.0630615001	0.0671005266	-0.0052663958	0.0006294696	-0.0882655834	0.0617433353	-0.0086554944	-0.1290775931	0.0376076118	0.0055534252	-0.0808942224	-0.0165575133	0.0786418943	0.0272552159	-0.0749343514	-0.0374485793	0.0698401994	-0.0005497765830284	0.0082977599529244	3.022542912463832e-07	6.885282023635595e-05	0.1398054300879607	-0.0118895653025674	0.000141361763084	0.0195455582820796	0.3379662965547325	-0.0386564078534022	0.0014943178681285	0.1142212176069213	0.0001371650863745	-0.000253028372705	6.402335739374038e-08	1.8814260920124045e-08	-0.0025600175075009	-0.0001519652017017	2.3093422528238382e-08	6.553689638711122e-06	-0.0002623247419576	-7.293887419699966e-06	5.320079369125743e-11	6.881427024312143e-08	0.0	0.0	0.0	0.0	0.0	0.0	0.0	0.0	0.0	0.0	0.0	0.0	0.0	0.0	0.0	0.0	0.0	0.0	0.0	0.0
1739.670513635438	-3.2250840092258386	3026453.496012589	10.401166866564209	2138.331234498457	4.875029823996101	4572460.468431695	23.765915784851455	1831.4333446123449	-11.460339997943947	3354148.09575796	131.33939286847388	1878.775046195236	1718.8526704236017	1.225662	32.813267	0.2706230468094997	0.135980449589541	-0.0197255888	-0.1129956947	-0.0356622972	-0.0003296689	-0.0266059214	0.0522590999	0.0471284162	-0.0156485284	-0.0924835917	0.0047100326	-0.0249964861	-0.1072909753	-0.0802529256	0.1251893848	0.0411580636	-0.0653206727	0.0362499688	-0.0812165793	0.0492839771	-0.0645802727	0.120716689	0.0009913065	-0.0299505331	0.0631048499	0.0680277628	0.0360823091	-0.0505998359	-0.0207773322	-0.1173026328	-0.0313541432	-0.0745402124	0.0386888565	-0.0668863217	-0.0008747899	-0.1197794584	0.0270087163	-0.0043725701	-0.1282019759	0.1035282529	0.0523774781	0.0208924405	0.0243472199	0.171069499	-0.1023537113	-0.0996605683	0.1228732245	0.0989925994	-0.085321552	-0.033372565	0.0520421475	0.0967785038	0.0080958019	-0.0064058322	0.0417216698	-0.0343471203	0.0458753702	-0.1721577332	0.0047000831	-0.0811085467	-0.0140379523	0.0794923845	0.0231897558	-0.0768225931	-0.0320341914	0.073134559	0.0506322216848502	0.0511819982678786	0.0025636218727438	0.0026195969466931	0.1719202104243749	0.0321147803364141	0.0010313591160561	0.0295565587523613	0.309988901402626	-0.0279773951521064	0.0007827346394971	0.096093118992807	0.002324042855729	0.0021868777693545	4.782434378096914e-06	5.401175195265005e-06	-0.0032759856921522	-0.0007159681846512	5.126104414328778e-07	1.0732082255185929e-05	2.180676509860955e-05	0.0002841315070562	8.073071330203285e-08	4.755350040659354e-10	0.0	0.0	0.0	0.0	0.0	0.0	0.0	0.0	0.0	0.0	0.0	0.0	0.0	0.0	0.0	0.0	0.0	0.0	0.0	0.0
1743.4394502860275	3.768936650589467	3039581.1168136457	14.20488347615655	2164.705356944691	26.3741224462342	4685949.282385043	695.5943348089545	1837.170036092836	5.7366914804911175	3375193.7415173524	32.90962914233937	1892.286537200329	1740.1047947397726	1.156963	30.974047	0.0815329498979408	0.0410115810136905	-0.0258821671	-0.0254064673	-0.0006834104	0.0156235331	-0.0208390215	0.0425503242	-0.0223875044	0.0471704826	0.0080275971	0.0251385277	-0.0281112792	-0.0992174833	-0.1297834642	-0.0303290953	0.0173194246	0.0394567192	0.1283251564	-0.080266766	-0.1411128209	-0.0139850833	-0.0271701779	0.0250230755	-0.0265350435	0.0495310919	0.0105771414	0.0841645977	0.0019044236	0.0832617754	-0.0762060103	-0.0902276782	-0.0929825888	0.1003610656	-0.004923148	-0.0114447625	-0.046068165	0.0305206756	-0.0046697864	-0.1322597908	0.1649874375	-0.0017844008	0.0971498767	-0.111246671	0.1684574975	-0.1355291622	-0.0660479739	0.0059162356	0.0707030257	-0.0284170298	0.012643753	0.0075854783	0.0149001849	0.0511754797	-0.0224813214	-0.0471728706	-0.0053958996	0.029754425	0.004191347	0.0038462256	-0.081287294	-0.0115045374	0.0802034182	0.0190607341	-0.0784076511	-0.0264477464	0.0759159322	0.0339590179981286	-0.0166732036867216	0.0011532149033972	0.0002779957211789	0.1605316544967081	-0.0113885559276668	0.0001296992061175	0.0257704120954504	0.3208452214184802	0.0108563200158541	0.0001178596842866	0.1029416561070735	0.0017160388491162	-0.0006080040066128	3.696688720572178e-07	2.944789331676052e-06	-0.0030319870502797	0.0002439986418725	5.9535337235624556e-08	9.192945473063796e-06	2.210152196727513e-05	2.947568686655815e-07	8.688161162553885e-14	4.88477273269945e-10	0.0	0.0	0.0	0.0	0.0	0.0	0.0	0.0	0.0	0.0	0.0	0.0	0.0	0.0	0.0	0.0	0.0	0.0	0.0	0.0
1739.2846619014947	-4.1547883845328215	3025111.135125797	17.262266520248854	2162.843554410068	-1.861802534623166	4677892.240853176	3.466308677929246	1833.23779296875	-3.932243124085971	3360760.805568933	15.4625359869214	1886.0395869236363	1749.1089536568006	1.052395	28.17457	0.0757643181340525	0.041151711365202	-0.0161867154	-0.0773783288	0.1021671349	0.0008630799	-0.0502718441	0.0634923307	0.0137756929	-0.037417381	0.0291016192	0.0118451471	-0.013824738	-0.1224244727	-0.0838848137	0.02779204	0.1049594845	-0.0343642303	0.1236845578	-0.0492492646	0.0094415081	0.0269571683	-0.0487953923	0.0087957932	-0.0124823113	0.0389034629	0.0930957292	0.0883574022	-0.068462621	-0.047065693	-0.0640709994	-0.1033867665	-0.066153355	0.1365676474	0.034478791	0.0038766996	-0.0893777397	0.0465446793	0.008555459	-0.1531206715	0.1746920174	-0.0362840568	-0.0139441791	-0.1078579247	0.1771235133	-0.1822405232	-0.0165470303	0.0844455368	0.0698463683	0.0522313932	-0.0363024438	0.0817430047	0.0351446432	0.0744341437	-0.0160036386	-0.0428352609	0.1339433738	0.073998689	0.0389885317	0.0029919463	-0.0814303861	-0.008959769	0.0807737477	0.0148794683	-0.0796832699	-0.0207192494	0.0781648097	0.0390435848383958	0.0050845668402672	0.001524401517033	2.58528199531448e-05	0.1553150061613593	-0.0052166483353487	2.721341985469735e-05	0.024122751138903	0.3380200990413655	0.0171748776228852	0.000294976421361	0.1142575873559345	0.0010246998468948	-0.0006913390022214	4.779496159924809e-07	1.0500097762262264e-06	-0.0028734328353929	0.0001585542148868	2.5139439058369608e-08	8.25661625951408e-06	0.0001379728115701	0.0001158712896028	1.3426155754221713e-08	1.903649673255832e-08	0.0	0.0	0.0	0.0	0.0	0.0	0.0	0.0	0.0	0.0	0.0	0.0	0.0	0.0	0.0	0.0	0.0	0.0	0.0	0.0
1737.228016187956	-2.056645713538728	3017961.180228341	4.229791591017224	2139.3773040771484	-23.46625033291957	4576935.249200407	550.6649046872479	1837.358395582054	4.120602613304072	3375885.87381586	16.97936589676835	1882.381140615426	1701.224346725136	1.138286	30.474052	0.0563292787811771	0.026589038516969	0.0012955431	0.0076554322	0.0524501202	-0.0031473524	0.0280248043	0.0140407761	0.0632664606	-0.0452937397	0.0009404924	0.0172304523	-0.0224656558	-0.0839006861	-0.1215563128	0.0004446416	0.0180129677	0.0243881345	0.0807485096	-0.0630946761	0.0617513002	0.0402959322	-0.0152756219	0.0119244318	-0.0092191984	-0.0062318098	0.0991611301	0.0377620522	-0.0271596287	0.0776204233	-0.0851320439	-0.0547082598	-0.0575682638	0.042116407	0.0025449461	-0.0074808968	-0.029414695	0.0335576067	0.0131175553	-0.1585443524	0.1532036561	-0.0400133436	0.0178630407	-0.0810376893	0.1199424231	-0.0395616393	-0.1228168082	0.022003216	0.022744328	0.0181450323	-0.0614953943	-0.0161008193	-0.0002857346	0.0329648375	-0.0751772729	0.0299401677	-0.0283325616	-0.0618277832	-0.0421282368	0.0021373389	-0.0815377601	-0.0064061583	0.0812023727	0.010657419	-0.0806444153	-0.0148794683	0.0798654172	0.0466089794159074	0.0075653945775115	0.0021723969621924	5.723519511344188e-05	0.1741864699852868	0.0188714638239275	0.0003561321468578	0.0303409263259352	0.3444617663658391	0.0064416673244735	4.1495077919190856e-05	0.1186539084878739	0.0012210176672583	0.0001963178203635	3.85406865922755e-08	1.4908841437569008e-06	-0.0030179997727783	-0.0001445669373854	2.0899599384994242e-08	9.10832262848987e-06	9.84250821371073e-06	-0.0001281303033563	1.6417374638200343e-08	9.687496793696319e-11	0.0	0.0	0.0	0.0	0.0	0.0	0.0	0.0	0.0	0.0	0.0	0.0	0.0	0.0	0.0	0.0	0.0	0.0	0.0	0.0
1742.222725118265	4.994708930309116	3035340.0239185137	24.947117298509635	2147.377478339455	8.0001742623067	4611230.0344795175	64.00278822727455	1830.531772546601	-6.826623035453167	3350846.5703026005	46.60278206817981	1881.9790599149817	1730.78514506633	1.260729	33.752079	0.143180029861051	0.0708700346411601	-0.0141253103	-0.0275959485	-0.0681029141	0.0122810082	0.0107966125	0.0173687637	0.0517303348	0.0604571107	-0.0655364084	0.0035049872	-0.0043987856	0.0552056777	-0.0321333221	-0.0808537813	0.0142897594	0.0090588442	-0.1083823545	0.0208631781	0.1398047406	-0.0495092648	0.0770911127	0.0040879423	-0.0142334439	0.0106853697	-0.0362552625	-0.0360296262	0.0087562398	0.0501114561	0.0150087342	-0.0216561305	0.0348435208	-0.0849765078	0.0449002434	0.0064307809	-0.0611866434	-0.1278639989	-0.046246183	-0.0076991084	-0.0740091942	0.4314202648	-0.152682778	0.0375774876	0.0012726525	-0.1010371577	-0.1522448459	0.0427769013	-0.0377366169	0.0498734035	-0.0119348348	0.0301898581	-0.0250004898	-0.0699121594	-0.1018700262	-0.05561937	0.0842286775	0.0190359295	0.0079912967	0.0012824971	-0.0816093689	-0.0038462256	0.0814885411	0.0064061583	-0.081287294	-0.008959769	0.0810058262	0.0156976584519412	-0.0309113209639662	0.0002464164808738	0.0009555097637373	0.1686289375721372	-0.0055575324131496	3.088616652320844e-05	0.0284357185867077	0.3844781077742638	0.0400163414084246	0.0016013075797156	0.1478234153576784	0.0002540414036434	-0.0009669762636149	9.350430943946328e-07	6.453703476510888e-08	-0.0029700452946268	4.795447815149996e-05	2.299631974782687e-09	8.821169052134796e-06	-0.0003091234515301	-0.0003189659597438	1.0173928347529029e-07	9.555730828588208e-08	0.0	0.0	0.0	0.0	0.0	0.0	0.0	0.0	0.0	0.0	0.0	0.0	0.0	0.0	0.0	0.0	0.0	0.0	0.0	0.0
1745.8417999334647	3.6190748151996095	3047963.59039492	13.097702518012094	2147.95953057029	0.5820522308349609	4613730.144967741	0.3387847994199546	1839.3362134074607	8.804440860859813	3383157.705952096	77.51817887237789	1882.933266912722	1698.7763438568404	1.225784	32.816517	0.0712055341583922	0.0376286847654571	-0.0067171876	0.051571786	0.077081386	0.04171198	-0.0451841887	-0.0382405717	0.0920827624	0.0358285444	0.0101613457	0.0236046273	-0.0387020954	0.0655375928	-0.0508306459	-0.0377530932	-0.053766428	-0.0248172075	-0.0482588234	-0.010064094	0.0829199163	-0.097038613	0.048753467	0.0188345413	0.007521033	-0.0634266824	0.0165445394	0.0725746857	0.0353824804	0.0459609742	-0.0341485177	0.0330688851	0.0011163895	-0.0750106649	0.0749724324	-0.0008725631	0.0051704001	-0.1177525328	-0.036292453	-0.0371804258	-0.0560740421	0.4001503152	-0.1627280784	-0.0915331197	-0.0340958129	-0.1377792574	-0.0992715348	-0.0201781153	-0.0151253585	-0.0577233162	0.044468242	-0.0976367634	-0.0287361639	-0.0314816449	-0.0058441359	-0.0697865626	-0.0254071257	-0.0422505184	0.0414889734	0.0004275147	-0.0816451812	-0.0012824971	0.081631751	0.0021373389	-0.0816093689	-0.0029919463	0.0815780375	0.026439659477603	0.0107420010256618	0.0006990555932916	0.0001153905860353	0.1870182180326765	0.0183892804605392	0.0003381656358563	0.0349758138761177	0.3760023556243226	-0.0084757521499411	7.183837450723242e-05	0.1413777714350395	0.0008220506982012	0.0005680092945578	3.226345587040496e-07	6.757673504130805e-07	-0.0030601254824953	-9.008018786850004e-05	8.11444024642426e-09	9.364367968617093e-06	-0.0002952429235114	1.388052801870002e-05	1.9266905807791636e-10	8.716838388355837e-08	0.0	0.0	0.0	0.0	0.0	0.0	0.0	0.0	0.0	0.0	0.0	0.0	0.0	0.0	0.0	0.0	0.0	0.0	0.0	0.0
1739.5642196869503	-6.27758024651439	3026083.674415068	39.40801375142767	2137.775107557123	-10.184423013166906	4570082.41049087	103.7224721111237	1808.9740811175072	-30.36213228995348	3272387.226154929	921.8590771926356	1867.2431482651648	1766.4256965453949	1.945096	52.073841	0.7141080585162154	0.4212281969167508	-0.0203467432	-0.0583210754	-0.0254696455	0.0041169127	0.0562495134	-0.0539875022	0.0152356165	-0.0084825292	-0.0299994054	-0.0423584486	0.0184614967	0.0521050357	0.30215968	0.0399163475	-0.2171050616	0.0361895242	-0.3728308018	-0.2598218819	-0.0523576663	-0.1007132886	-0.021463484	-0.0254949476	0.0290859112	-0.0160481816	-0.0279754499	-0.0897075727	0.0974784375	-0.1366102631	0.0230230248	0.415125487	0.3137442884	0.0083360557	-0.4032543175	0.0167234667	-0.0653096	-0.0479585384	0.0056749345	0.2851981853	-0.2125787336	-0.0354029187	-0.0562409587	-0.0058806975	0.0482203348	0.0165443491	-0.135615626	0.1362452322	0.2990427631	-0.0267991639	0.0310016389	0.2862556939	-0.3214732833	0.1904939215	0.2923285137	-0.2184094968	-0.0322902523	-0.2262243617	-0.083480365	-0.0004275147	-0.0816451812	0.0012824971	0.081631751	-0.0021373389	-0.0816093689	0.0029919463	0.0815780375	0.2232469501867342	0.1968072907091312	0.0498392007676781	0.0387331096762684	0.1718705625899304	-0.0151476554427461	0.0002294514654121	0.0295394902849791	0.2924628532540296	-0.083539502370293	0.0069788484562761	0.085534520533488	1.99797111210976e-05	-0.0008020709870801	6.433178683156499e-07	3.9918885648251116e-10	-0.0035109754860138	-0.0004508500035184	2.0326572567263127e-07	1.2326948863389838e-05	0.0068241082857709	0.0071193512092822	5.068516164110934e-05	4.656845389592705e-05	0.0	0.0	0.0	0.0	0.0	1.0	0.0	0.0	0.0	0.0	0.0	0.0	0.0	0.0	0.0	0.0	0.0	0.0	0.0	0.0
1743.2634761332138	3.699256446263462	3038967.547220056	13.684498255221778	2180.0688765265727	42.2937689694495	4752700.3063998325	1788.7628936411695	1831.150788959704	22.17670784219672	3353113.2119077463	491.8063707181495	1890.8043836406632	1717.1963777120134	2.016855	53.994968	0.2657325704487734	0.1325442283002186	0.0159963165	-0.2157847887	0.0664918018	-0.0284946096	-0.0592296771	0.2090659508	0.0219333842	-0.0437519897	0.1120925029	0.0002597268	-0.0122598922	-0.043217452	-0.0890172896	-0.0393288792	-0.0037562184	-0.1435041625	-0.1266170616	-0.0046199936	0.0095595559	0.017518186	-0.0362477511	0.0015181259	-0.0601830217	0.1028931037	0.0567008046	0.0814906771	-0.1359288684	0.066232489	0.0115130135	0.0278090364	0.1040797877	-0.0775304764	-0.0042597292	0.0219121179	-0.1397331988	0.0458122712	0.043618982	0.1645470616	-0.1330128438	-0.0777513822	-0.1014544141	0.0549384937	0.0690599299	-0.0293173522	0.1116561929	-0.1322718856	0.0410708576	0.0791810516	-0.3146235587	0.0337647735	0.1411320771	0.1316592091	-0.0131964619	0.112938238	-0.1196408448	-0.0363904572	0.1015201781	-0.0012824971	-0.0816093689	0.0038462256	0.0814885411	-0.0064061583	-0.081287294	0.008959769	0.0810058262	0.2727011765941256	0.0494542264073914	0.0743659317158205	0.0024457205095535	0.1990927447060073	0.0272221821160769	0.0007410471991608	0.0396379209945714	0.2406213768428244	-0.0518414764112052	0.0026875386764935	0.0578986469937365	-0.0006468302206698	-0.0006668099317908	4.4463548513498155e-07	4.183893343717421e-07	-0.0032956295906407	0.000215345895373	4.63738546540421e-08	1.0861174398706588e-05	0.0049619704026529	-0.0018621378831179	3.4675574957431847e-06	2.4621150276803385e-05	0.0	0.0	0.0	0.0	0.0	0.0	1.0	0.0	0.0	0.0	0.0	0.0	0.0	0.0	0.0	0.0	0.0	0.0	0.0	0.0
1746.0210924701332	2.757616336919454	3048589.6553505976	7.604447861645071	2153.068609237671	-27.0002672889018	4635704.436084638	729.0144336721403	1836.5697895964684	5.419000636764395	3372988.592058416	29.365567901252916	1883.523289579504	1728.4751747700418	2.115389	56.632912	0.6432691206917325	0.3094923935014969	-0.0082964616	0.1123091894	-0.0250665165	0.0386366917	0.0943891852	-0.0608161664	0.0623643821	0.0322981459	0.0399727817	0.0138816069	0.003041078	0.0393841197	-0.0681367168	-0.0101582687	-0.0232136435	0.1109102899	0.0088501422	-0.0111463506	0.1138754073	-0.1415198	-0.0500160099	0.0125961533	0.0142614033	-0.1060305175	-0.0135504418	-0.1018606489	0.0420132837	0.0395855954	-0.1093886991	0.0283827929	0.0095040561	0.1065746288	0.0244028107	-0.0149247838	0.1103545156	-0.0149535659	-0.0023084855	0.0822320399	-0.0747475471	-0.0494281618	0.043541729	-0.0155135547	0.0045153015	0.0498468853	-0.0389390133	0.0761815562	0.0471982375	-0.1455800776	0.0828423264	-0.0890250372	0.0443146483	-0.014327062	-0.0386745935	0.0539410285	-0.079671989	-0.0344366746	0.041860578	-0.0021373389	-0.0815377601	0.0064061583	0.0812023727	-0.010657419	-0.0806444153	0.0148794683	0.0798654172	0.1580449439155273	-0.1146562326785983	0.0249782042972621	0.0131460516920488	0.1884271692951955	-0.0106655754108117	0.0001137544988437	0.0355047981286002	0.4564669708836817	0.2158455940408573	0.0465893204668505	0.2083620955077239	0.0010248439137558	0.0016716741344256	2.7944944117075794e-06	1.0503050475623057e-06	-0.0042687147704114	-0.0009730851797707	9.468947670893762e-07	1.8221925791128452e-05	0.0015646953456199	-0.003397275057033	1.1541477813138577e-05	2.448271524604578e-06	0.0	0.0	0.0	0.0	0.0	0.0	0.0	1.0	0.0	0.0	0.0	0.0	0.0	0.0	0.0	0.0	0.0	0.0	0.0	0.0
1743.893129953408	-2.12796251672512	3041163.248698694	4.528224472587105	2161.0573506788774	7.988741441206457	4670168.872923208	63.81998981444942	1826.9705043145789	-9.59928528188948	3337821.223635467	92.14627792309996	1882.1088681688493	1726.734617153703	1.070311	28.654221	0.1059483194797133	0.0500395330471589	-0.0019877243	0.0292120292	-0.0257564796	0.0216494082	-0.0232408871	-0.01774783	-0.0176723864	0.1126956574	0.0192937589	-0.0019746514	0.0268692453	0.0373066237	0.0588915722	0.0248088029	0.0217315776	0.0048809368	0.0014582147	-0.0247157183	-0.0081471251	-0.1844048217	-0.0216582781	0.0022767533	0.02756121	0.0284948049	-0.1076147509	0.0439696259	0.0469649107	-0.0116290285	-0.0152933579	0.0267076974	0.0341515261	0.0292897295	-0.0330936991	-0.0045485475	0.0674483535	-0.0112564325	0.0103950813	0.1025666837	-0.0588897289	-0.0276335894	0.0257412284	0.0558617099	0.0108250185	0.010767541	0.0730674713	-0.0287605299	0.0634538267	-0.034087357	-0.0157286596	-0.0332891397	0.1168654315	0.003921095	-0.0509205798	0.0653437723	0.004487166	-0.0237832341	-0.0305594033	-0.0029919463	-0.0814303861	0.008959769	0.0807737477	-0.0148794683	-0.0796832699	0.0207192494	0.0781648097	0.1451552245290059	-0.0128897193865213	0.0210700392080661	0.0001661448658632	0.2028046047236387	0.0143774354284431	0.000206710649499	0.0411297076971113	0.455255306879863	-0.0012116640038187	1.4681296581500216e-06	0.2072573944422782	0.000350085446786	-0.0006747584669698	4.552989887474348e-07	1.2255982005135324e-07	-0.0047966887926924	-0.0005279740222809	2.787565682035775e-07	2.3008223373940876e-05	0.0019113528695877	0.0003466575239678	1.2017143892348593e-07	3.653269792081136e-06	0.0	0.0	0.0	0.0	0.0	0.0	0.0	0.0	0.0	0.0	0.0	0.0	0.0	0.0	0.0	0.0	0.0	0.0	0.0	0.0
1740.5230414070904	-3.370088546317674	3029420.457668988	11.357496810021578	2152.770192059604	-8.287158619273214	4634419.499820345	68.67699798099432	1824.7910816571864	-2.179422657392479	3329862.4916956043	4.749883119555695	1876.9329994351256	1764.225600241409	1.101686	29.494179	0.0991498656236543	0.0408365290101018	-0.0163828086	0.0862895414	0.0117865529	0.0173284235	0.056165769	-0.0434353891	0.0056074297	0.0300802336	0.0606881754	-0.0006083572	0.0218779619	0.0638577657	0.0861083823	0.0159202052	-0.0145284086	0.0839881607	0.0144969165	0.0317012363	0.0154083618	0.0661253495	-0.0256423959	0.0019552944	0.0378404041	-0.0772146119	-0.0235131541	-0.0684351411	0.0390131044	-0.0800171493	0.0117776798	0.044669058	0.035808667	0.0255629984	0.0807640325	-0.0139317433	0.0982086718	-0.0176806667	-0.0046557137	0.0812993027	-0.0561504892	-0.0650679035	0.0437351449	-0.0373573627	-0.025060775	0.0206282042	0.009841169	0.0695411285	0.0209938733	-0.0912366342	0.0646743363	-0.0665378577	-0.0173054303	-0.0267619127	-0.1334938704	-0.04357702	0.0324455768	0.0156719765	0.0218608068	-0.0038462256	-0.081287294	0.0115045374	0.0802034182	-0.0190607341	-0.0784076511	0.0264477464	0.0759159322	0.1270698142333799	-0.0180854102956259	0.0161467376893056	0.0003270820655611	0.1915536032416582	-0.0112510014819804	0.0001265850343475	0.0366927829148626	0.4431893602053307	-0.0120659466745323	0.0001455870691526	0.1964168089992103	9.138138638890196e-06	-0.0003409473081471	1.1624506693276025e-07	8.350557778357796e-11	-0.0044990104967281	0.0002976782959642	8.861236788820937e-08	2.0241095449669624e-05	0.0013950283302688	-0.0005163245393189	2.665910299028745e-07	1.946104042252556e-06	0.0	0.0	0.0	0.0	0.0	0.0	0.0	0.0	0.0	0.0	0.0	0.0	0.0	0.0	0.0	0.0	0.0	0.0	0.0	0.0
1736.9336967104664	-3.589344696624039	3016938.6667682864	12.883395351183117	2172.280206853693	19.510014794088875	4718801.297088323	380.6406772655668	1820.09074285853	-4.700338798656503	3312730.312239316	22.09318482215566	1879.9390078077129	1758.993423153266	1.077108	28.836184	0.1492490943991375	0.0706509150069159	-0.0087383725	0.013936868	-0.0882054386	0.0059141726	0.0049020279	0.00912767	-0.0853628054	0.0341869278	0.0249920345	-0.013134296	0.0344997236	0.0027167793	0.1072559893	0.0360143788	-0.055692026	0.0524803823	0.0194269685	-0.0062767399	-0.0598607576	-0.0163254506	-0.0671204619	-0.0079748755	0.0151057812	0.0561227978	-0.0965694052	-0.0237479815	0.0486350804	-0.037293087	0.0001776348	0.0591546022	-0.0300178117	0.0202908469	-0.0810609021	-0.0039628183	0.0441062801	-0.0016541067	0.0061697832	0.0988080141	-0.0700271504	-0.0478270372	0.029577961	0.0822377432	0.027204348	0.0337016796	0.0382913198	0.0021731497	0.0481468773	-0.036770121	-0.0323656808	0.028064362	0.0915892565	-0.0415889626	-0.1047072847	0.0139797515	0.0414233348	0.0628141969	-0.0665473887	-0.0047000831	-0.0811085467	0.0140379523	0.0794923845	-0.0231897558	-0.0768225931	0.0320341914	0.073134559	0.1651018157818526	0.0380320015484726	0.0272586095744647	0.001446433141783	0.1980919085007002	0.0065383052590419	4.2749435660415966e-05	0.0392404042134497	0.4406809054354283	-0.0025084547699023	6.2923453326458885e-06	0.1941996604153889	0.0006630769249194	0.0006539387862805	4.276359362020263e-07	4.396710083605677e-07	-0.0050978001652135	-0.0005987896684854	3.585490670848558e-07	2.5987566524450792e-05	0.0021857065319373	0.0007906782016685	6.251720185937335e-07	4.77731304375338e-06	0.0	0.0	0.0	0.0	0.0	0.0	0.0	0.0	0.0	0.0	0.0	0.0	0.0	0.0	0.0	0.0	0.0	0.0	0.0	0.0
1740.9977797827178	4.064083072251378	3031073.2692083525	16.5167712181602	2135.978329918601	-36.30187693509197	4562403.425881856	1317.8262690105623	1828.1457972833289	8.055054424798982	3342117.0561246984	64.88390178647366	1874.328292547488	1701.6602799624168	1.287142	34.45919	0.0810907137619683	0.0376537617612079	0.0110973412	0.1040913222	0.0753845414	0.0216026936	-0.043090537	-0.1179622735	0.05674058	0.0331296688	0.0230310706	0.0019556962	-0.0001633596	0.0613722939	0.0705924073	0.0051506013	0.0109708019	0.075591601	0.0195293298	-0.0289930854	0.011340252	0.0832679401	-0.0068780527	-0.0011527521	0.035369694	-0.1082473917	-0.0151195675	0.0145866356	0.0834686	-0.0645199394	-0.0043181043	0.002862904	0.0166673101	-0.0310729059	0.0891178598	-0.0093209364	0.1054947149	-0.019706896	0.0080476177	0.0618198457	-0.0254061571	-0.0478456896	0.0085847978	-0.0756372626	-0.0148259767	-0.0159644023	0.0591440542	0.0007011716	0.0282319448	-0.0863487441	0.0818897778	-0.0227404339	0.0689063971	0.0131546746	-0.0470324499	0.0314632483	-0.0808297383	0.0565928758	0.0186058967	-0.0055534252	-0.0808942224	0.0165575133	0.0786418943	-0.0272552159	-0.0749343514	0.0374485793	0.0698401994	0.1458475539404986	-0.019254261841354	0.0212715089904266	0.0003707265990554	0.1905712177033081	-0.007520690797392	5.656079006997812e-05	0.0363173890169216	0.4403353412636761	-0.0003455641717521	1.19414596798776e-07	0.1938952127657981	0.0002377726264987	-0.0004253042984207	1.8088374625512386e-07	5.6535821912090295e-08	-0.0048783163272958	0.0002194838379177	4.81731551070832e-08	2.3797970189160783e-05	0.0017510907292463	-0.000434615802691	1.8889089594874242e-07	3.0663187420523384e-06	0.0	0.0	0.0	0.0	0.0	0.0	0.0	0.0	0.0	0.0	0.0	0.0	0.0	0.0	0.0	0.0	0.0	0.0	0.0	0.0
1741.0476337947696	0.04985401205181	3031246.863142366	0.002485422517662	2150.7481118982487	14.769781979647632	4625717.4408338815	218.14645972632397	1828.315380787989	0.1695835046600677	3342737.131625929	0.0287585650527912	1883.297900390625	1755.2034256907389	1.153142	30.871763	0.0522632513347022	0.0284346322891527	-0.0095681735	0.0442520704	-0.0434044272	0.0097663308	0.0951524605	-0.0087786098	-0.0367745742	0.0202152358	-0.0144509144	0.0052058601	0.0229023725	0.0095671624	0.0540900726	0.0577483668	0.0065941216	0.0328818558	0.0129261348	0.0664509511	0.0426355647	0.0145304131	-0.0020820471	0.0048999965	0.0092637443	-0.0303023682	0.0006683885	-0.09762208	-0.0112049985	-0.0540566013	0.0090626104	0.0192218447	0.0015302805	0.0742955835	-0.0273223008	-0.0042144027	0.0649118408	-0.0096456529	0.0031258588	0.0703221406	-0.0427358595	-0.0519397476	-0.0018903051	0.032989455	0.0015480472	0.0474253481	-0.0113171348	0.0776402174	-0.0057490198	-0.015446403	-0.0300499629	0.001415949	0.0679713516	-0.0250595138	0.0070635296	0.0307011184	0.021050752	0.0603476459	-0.0626162857	-0.0064061583	-0.0806444153	0.0190607341	0.0776534394	-0.0312459714	-0.0727503781	0.0426618292	0.066055961	0.1362166128476758	-0.0096309410928227	0.0185549656156935	9.275502633342246e-05	0.1952257226679137	0.0046545049646055	2.166441646553812e-05	0.0381130827912091	0.4401983179903723	-0.0001370232733038	1.877537742689825e-08	0.1937745591615529	0.0006712153640887	0.00043344273759	1.878726067695136e-07	4.505300649887261e-07	-0.0046244116781331	0.0002539046491627	6.446757086643391e-08	2.1385183368853795e-05	0.001820558982573	6.946825332670016e-05	4.8258382202625875e-09	3.314435009027237e-06	0.0	0.0	0.0	0.0	0.0	0.0	0.0	0.0	0.0	0.0	0.0	0.0	0.0	0.0	0.0	0.0	0.0	0.0	0.0	0.0
1736.753605032317	-4.294028762452626	3016313.0845927494	18.438683012770436	2153.6301628459582	2.8820509477095584	4638122.878319909	8.306217665193564	1822.3998074001736	-5.915573387815357	3321141.05801219	34.99400850662926	1878.7836292940028	1721.9556125057331	0.987338	26.432875	0.1099844576336332	0.064115580735186	0.0012713243	0.0595844889	-0.0875460676	0.0045709136	0.0328405852	0.0047689055	-0.0625956788	0.088497364	-0.0107540459	-0.0061648061	0.0289641217	-0.0088020382	0.1344122533	0.019521441	0.0744415546	0.034177732	-0.0011324234	0.056274855	-0.1307567248	-0.0052512727	0.014752942	-0.0011473503	0.0115282787	0.0380963898	-0.0820203897	-0.0119427356	0.0925982128	-0.0643972565	0.0473395748	-0.021306934	0.0191128458	-0.0026684877	-0.0230686359	-0.0108642549	0.0856765736	-0.0116303137	0.0057646677	0.070177211	-0.0244284104	-0.0383461218	0.0526274057	0.0326283969	0.0222129404	0.0529639258	-0.0131128077	-0.0553803992	0.0280777393	-0.070965311	0.023206754	-0.0999160997	0.0148640068	-0.0245146942	-0.105254997	-0.0501006075	-0.0094035383	-0.00299852	-0.0169232488	-0.0072581889	-0.0803592349	0.0215451443	0.076528754	-0.0351510839	-0.0702792922	0.0476459404	0.0618083875	0.1411211421158213	0.0049045292681454	0.0199151767520738	2.40544073420958e-05	0.1823970951150215	-0.0128286275528921	0.0001645736848908	0.0332687003063982	0.4017325683341468	-0.0384657496562255	0.0014796138966154	0.1613890564603499	-0.0002420637206166	-0.0009132790847053	8.340786865601505e-07	5.859484483875137e-08	-0.0046577268316063	-3.33151534732002e-05	1.1098994509428832e-09	2.1694419237865265e-05	0.0016914421976241	-0.0001291167849489	1.6671144155540495e-08	2.860976707903445e-06	0.0	0.0	0.0	0.0	0.0	0.0	0.0	0.0	0.0	0.0	0.0	0.0	0.0	0.0	0.0	0.0	0.0	0.0	0.0	0.0
1736.8796365659748	0.1260315336578514	3016750.871917553	0.0158839474761501	2157.9049080935392	4.274745247580995	4656553.592374186	18.273446931716304	1826.2491041038468	3.8492967036731898	3335185.790240103	14.817085112909284	1879.8144898657704	1733.4228274686598	0.959157	25.67841	0.0555271594709537	0.0251968847591285	0.0030484764	0.0306994172	-0.0085856056	0.0046442046	-0.0405832316	-0.0665216227	-0.0706527222	0.0327571432	0.0244144908	-0.0009186115	0.0113064109	0.0550402066	0.0676950566	0.0120115739	0.0525955416	-0.0275784048	0.0263571293	-0.0066231858	-0.0561814389	-0.025503024	0.0192285852	-0.0001461852	0.0217427746	-0.0101727681	-0.0783518008	0.0517089762	0.0216633027	-0.0665488663	0.0417148322	-0.0037677308	-0.0133597325	-0.0084591104	0.0109503878	-0.0023529704	0.0439969922	-0.0050638586	-0.0026645077	0.0546634281	-0.034196443	-0.0455937294	-0.0152695976	0.0323942717	-0.0028594557	-0.0030275029	0.055878833	-0.0043583633	0.0605314146	0.0050302537	0.0746250353	-0.0231659554	-0.0229595912	-0.0434101784	-0.040242759	0.0173246137	0.0421908789	0.0330858085	-0.029804722	-0.0081094236	-0.0800388062	0.024008292	0.0752698111	-0.0389598496	-0.0675308461	0.0523741431	0.0571272725	0.1326176447904572	-0.008503497325364	0.0175874397097678	7.230946676247432e-05	0.1943670018951024	0.0119699067800808	0.0001432786683238	0.0377785314256907	0.4088440270636155	0.0071114587294687	5.0572845260936896e-05	0.1671534384655943	0.0001057547051093	0.0003478184257259	1.2097765727444345e-07	1.1184057652755005e-08	-0.0047799287850314	-0.000122201953425	1.4933317420910283e-08	2.284771918997176e-05	0.0017802677511939	8.882555356979987e-05	7.889978966981387e-09	3.1693532659409857e-06	0.0	0.0	0.0	0.0	0.0	0.0	0.0	0.0	0.0	0.0	0.0	0.0	0.0	0.0	0.0	0.0	0.0	0.0	0.0	0.0
1734.8874854825583	-1.992151083416502	3009834.587283994	3.9686659391575434	2136.5444375818424	-21.360470511696803	4564822.133761912	456.2697004810687	1824.4750855206048	-1.7740185832419684	3328709.3376854183	3.147141933687841	1874.4766097723268	1716.318218356589	1.001276	26.806025	0.0612585339323499	0.0316401890053833	0.0165836292	0.089109855	0.0932361166	-0.0032210672	0.0127486197	-0.0704594858	0.0151322698	-0.06290629	0.0539380499	-0.0086415591	-0.0056474368	0.0160241481	0.0639791344	0.0529533284	0.0154744173	0.0292417825	0.0032747561	0.0364894236	0.0190120646	-0.000675919	0.0119921045	-0.0071814709	0.0143286243	-0.0615154441	0.0275525551	-0.0019941231	0.0165321323	-0.0762292223	0.0148323677	0.0031080622	-0.0103701085	-0.0410358862	-0.0058239102	-0.0040856262	0.0960778167	-0.0081128517	0.0149227021	0.0131706399	0.0040546393	-0.0705709682	-0.0611363102	-0.0682920085	-0.0386285589	0.020656885	0.0389109338	-0.0045875222	0.0066684758	-0.0491189122	0.0102055073	-0.0122828388	0.0813651801	-0.0072887936	-0.0430698977	-0.0321385803	-0.0168085685	-0.0229242993	-0.0155120768	-0.008959769	-0.0796832699	0.0264477464	0.0738788195	-0.0426618292	-0.0645158866	0.0568210419	0.0520454508	0.1443306371273252	0.0117129923368679	0.0208313328135796	0.0001371941894835	0.1961416980118144	0.001774696116712	3.149546306672728e-06	0.0384715656989578	0.4285670517666204	0.0197230247030049	0.0003889977034353	0.1836697178599331	0.0004412491973444	0.0003354944922351	1.1255655432008757e-07	1.9470085415707725e-07	-0.0047606739255379	1.925485949350048e-05	3.707496141144454e-10	2.266401622529644e-05	0.0015740606874072	-0.0002062070637867	4.2521353155532174e-08	2.4776670476408266e-06	0.0	0.0	0.0	0.0	0.0	0.0	0.0	0.0	0.0	0.0	0.0	0.0	0.0	0.0	0.0	0.0	0.0	0.0	0.0	0.0
1734.0708840244424	-0.8166014581158834	3007001.830821311	0.6668379413969868	2130.8863834034314	-5.658054178411021	4540676.778974156	32.01357708583441	1824.8258245813915	0.3507390607867364	3329989.290059156	0.123017888761562	1875.1675568225337	1708.642285652016	0.950649	25.450653	0.0722256885822343	0.0367425557101101	0.0169592736	0.0801844424	-0.0415042693	-0.0211256853	0.0855091525	-0.04526934	-0.0217540447	-0.0031210696	0.0035934251	-0.0078945452	0.0249260204	0.0164669503	0.0777433309	0.0332509287	0.0328179873	0.0589197848	-0.0116362308	0.0444793265	0.04317171	0.0274878001	0.028775189	-0.0066008364	0.0256470425	-0.0261046261	-0.0010240589	-0.0927390986	0.0442176171	-0.0454093795	0.0347388732	-0.000235587	-0.0070348989	-0.0275853957	-0.0413786628	-0.004328136	0.0862699023	-0.0081737447	0.0093996802	0.015319016	0.0012514532	-0.0518462566	-0.024422393	0.0227150833	-0.0427738927	0.0755013894	-0.0059953318	0.0058590081	-0.0224815846	-0.0078174375	-0.0125174603	-0.0009940345	0.0155440626	-0.0218279622	-0.0231148242	-0.0072229985	-0.0539871264	0.0182545194	-0.0001147533	-0.0098091318	-0.0792927819	0.0288611001	0.0723582192	-0.0462468756	-0.0612463124	0.0609627523	0.0465985677	0.1259951673067547	-0.0183354698205704	0.0158747821846571	0.000336189453541	0.1964854175957668	0.0003437195839523	1.1814315239239637e-07	0.0386065193277828	0.4495461653457369	0.0209791135791164	0.0004401232065654	0.2020917547770566	0.0002597314291044	-0.00018151776824	3.2948700186830365e-08	6.746041526461396e-08	-0.0043948274440241	0.0003658464815137	1.33843648036027e-07	1.931450826274741e-05	0.0014700772251891	-0.000103983462218	1.0812560414863016e-08	2.161127048019684e-06	0.0	0.0	0.0	0.0	0.0	0.0	0.0	0.0	0.0	0.0	0.0	0.0	0.0	0.0	0.0	0.0	0.0	0.0	0.0	0.0
1736.8027375196614	2.7318534952189566	3016483.74905579	7.463023519340029	2140.338856610385	9.452473206953528	4581050.42111625	89.3492497281743	1826.0615637706733	1.2357391892817304	3334500.834680597	1.5270513439266684	1875.4768245921416	1694.5375366403844	0.96435	25.817442	0.0679252960715543	0.0309700442475866	0.016861549	0.0852607424	-0.0576283812	0.0121649314	0.0102877371	-0.0868512606	-0.0051505094	0.0471932065	-0.0157080553	-0.0143591947	0.0013963411	0.0201089588	-0.0060617253	-0.002885706	-0.0442338565	0.0547528905	-0.0276042491	0.0235562802	0.0411455767	-0.0591417647	0.0019022302	-0.0134540483	-0.0006703847	-0.0251725145	-0.0491091627	-0.0424634119	0.0660043275	0.0135035349	-0.0253080411	-0.0151951557	-0.0252273419	-0.0512572973	0.0077141203	-0.0054138751	0.0899996128	-0.0061086334	0.0083007264	0.0058142143	0.0147722679	0.0066463341	0.0372174131	0.1009812388	-0.001765844	0.032799178	0.0041863058	-0.0300672135	0.0209003544	-0.0753940801	0.0429522529	-0.018128078	0.0328696756	0.0048142459	-0.0309172754	0.0835093619	-0.0310439652	-0.0481033155	0.0664662416	-0.010657419	-0.0788675135	0.0312459714	0.0707106781	-0.0497051625	-0.0577350269	0.064777029	0.040824829	0.1313067264575522	0.0053115591507975	0.0172414564129984	2.821266061242073e-05	0.1978591305275614	0.0013737129317946	1.8870872189797504e-06	0.0391482355331225	0.4326575847768197	-0.0168885805689171	0.0002852241536328	0.1871925856649109	0.0005109638820434	0.000251232452939	6.311774540974688e-08	2.6108408875286164e-07	-0.0041830315184543	0.0002117959255698	4.4857514087968416e-08	1.7497752684382085e-05	0.0018940777150812	0.0004240004898921	1.797764154287409e-07	3.58753039076722e-06	0.0	0.0	0.0	0.0	0.0	0.0	0.0	0.0	0.0	0.0	0.0	0.0	0.0	0.0	0.0	0.0	0.0	0.0	0.0	0.0
1743.7915895232363	6.988852003574948	3040809.107691976	48.84405232787356	2157.9226034337826	17.583746823397632	4656629.962410434	309.18815234934635	1829.5687095240544	3.50714575338111	3347321.662869513	12.300071335459153	1878.8736975576364	1715.8634051722008	1.026913	27.492369	0.1060664574272182	0.0502603488870831	0.0106805153	0.073956671	0.0496246897	0.0227420935	-0.0418876813	-0.061842658	0.0422744781	0.0632220421	0.0978959565	-0.0052150817	-0.007840768	0.0214949196	0.0495499358	0.0107938579	0.0137356553	0.0987012741	0.0583354319	0.0382397798	0.0632808303	-0.0211255315	0.02947098	-0.0056469403	0.0104499853	-0.0668731872	-0.0248313289	0.0254481439	0.082499619	-0.0462517952	-0.008384966	-0.0460557247	-0.071155087	-0.0272177271	0.0416261225	-0.0005209832	0.08133679	-0.0138554938	0.003294556	0.0344827499	0.0017902611	-0.0175694567	-0.0046379134	-0.0448875906	-0.0221057249	-0.0252405128	0.0712962721	-0.0268511072	0.0124940078	-0.017772404	-0.0198098528	-0.0362423648	-0.0064612505	-0.0186960946	0.0052934283	0.0745744186	-0.0030730942	0.0337537135	-0.0112207843	-0.0115045374	-0.0784076511	0.0336000067	0.0689390864	-0.0530272111	-0.0539958877	0.0682433853	0.0347647336	0.149530100165407	0.0182233737078547	0.0223592508554766	0.0003320913492961	0.195212186969897	-0.0026469435576643	7.006310197461069e-06	0.03810779794157	0.419048538084958	-0.0136090466918616	0.0001852061518612	0.1756016772711405	5.312303278585354e-05	-0.0004578408492575	2.096182432488714e-07	2.8220566123668703e-09	-0.0046159850345131	-0.0004329535160588	1.8744874706767805e-07	2.1307317838848903e-05	0.0013531302110008	-0.0005409475040804	2.926242021708144e-07	1.8309613679230697e-06	0.0	0.0	0.0	0.0	0.0	0.0	0.0	0.0	0.0	0.0	0.0	0.0	0.0	0.0	0.0	0.0	0.0	0.0	0.0	0.0
1744.3787794760683	0.5871899528319773	3042857.326286418	0.3447920407068197	2139.292885867032	-18.629717566750514	4576574.051521294	347.0663766168927	1829.3924788982547	-0.1762306257996897	3346676.841849501	0.0310572334697502	1876.6823716107533	1726.3009440329222	0.959217	25.680017	0.0964803585175364	0.0441820285383386	0.0089617229	0.1108210744	-0.0105397626	0.0067120315	0.1166496401	-0.0476249071	0.0578330406	0.0568297358	0.0077005837	-0.009868409	-0.0141431389	0.0305917495	0.0176097296	0.0435440183	-0.0265621129	0.0981095744	0.0619008622	0.0177513144	0.0315800788	-0.0189888267	0.0082525232	-0.009130925	-0.0109875259	-0.0781084344	-0.0049630819	-0.1130958537	0.0556636766	-0.0084556775	-0.0304948538	0.0154694101	-0.0471598052	0.0332437567	0.0171254127	-0.00485729	0.1139128918	-0.0188801135	0.0109237751	0.0454042855	0.0041299314	-0.032521754	0.0022813546	-0.0265361539	-0.0024309202	0.0528032084	-0.0599645987	0.0327997181	0.008953171	-0.0610140756	-0.0044809533	-0.1648712476	-0.05361669	-0.0311258668	-0.0434217595	0.0217983056	-0.0336966272	-0.0763678194	0.0686886281	-0.0123503943	-0.0779133966	0.0359208828	0.0670465522	-0.0562039158	-0.0500436514	0.0713432033	0.0284607885	0.1412576445443392	-0.0082724556210677	0.0199537221422148	6.843352200253611e-05	0.1873929039640955	-0.0078192830058015	6.114118672481628e-05	0.0351161004560967	0.4034083218371336	-0.0156402162478244	0.0002446163642787	0.1627382741274523	-0.0005170124579218	-0.0005701354907076	3.25054477764457e-07	2.6730188164634105e-07	-0.0041999399399814	0.0004160450945317	1.730935206838916e-07	1.7639495499450964e-05	0.0016619176986183	0.0003087874876175	9.534971250912773e-08	2.761970436980747e-06	0.0	0.0	0.0	0.0	0.0	0.0	0.0	0.0	0.0	0.0	0.0	0.0	0.0	0.0	0.0	0.0	0.0	0.0	0.0	0.0
1742.643430949741	-1.7353485263272432	3036806.127432285	3.011434507826135	2155.8538266962223	16.56094082919026	4647705.722080746	274.26476114794093	1829.7192182931287	0.3267393948740391	3347872.417791218	0.1067586321626532	1887.6569280886183	1757.8571263155352	0.953952	25.53907	0.051723228888902	0.0313922639599519	-0.0043307885	0.0514234093	-0.1002548914	-0.0019935706	0.1055471176	-0.0132287275	-0.06466655	0.0354906003	0.0194141715	-0.0021578054	0.0078542863	0.0731327872	0.0382714117	0.0397794867	-0.0158372415	0.0403591743	-0.0081874021	0.0795177015	0.0544610803	-0.0843684935	-0.047116323	0.0027166566	-0.0103368673	-0.0034297457	-0.0892135529	-0.1043918906	-0.0213101667	-0.0551524416	0.0134392156	-0.001309182	0.0072047564	0.0388481492	0.0221250589	0.0010772246	0.0802989875	-0.0124007808	0.0027535859	0.0363945899	0.0024551459	-0.004425896	0.0228650123	0.0998356459	0.0113162726	0.0439078008	-0.0244784956	0.0419214813	0.0037621209	0.009644023	0.0040190042	-0.0752129525	-0.0470738681	0.0210534767	0.0344691646	0.0246187198	0.0845068188	-0.0022593086	0.0267958869	-0.0131948967	-0.0773849666	0.0382063093	0.0650363955	-0.0592265694	-0.0458939156	0.0740598336	0.0219572114	0.1446577567824363	0.0034001122380971	0.0209258665973265	1.1560763231657727e-05	0.1949493968470363	0.0075564928829408	5.710058468993499e-05	0.0380052673310232	0.4020298292561222	-0.0013784925810114	1.9002417959035115e-06	0.1616279836117067	4.48906107573541e-05	0.0005619030686791	3.157350585910503e-07	2.015166934168276e-09	-0.0043299860935697	-0.0001300461535883	1.6912002063111724e-08	1.874877957050699e-05	0.0015661042971487	-9.581340146960012e-05	9.18020790117477e-09	2.452682669547624e-06	0.0	0.0	0.0	0.0	0.0	0.0	0.0	0.0	0.0	0.0	0.0	0.0	0.0	0.0	0.0	0.0	0.0	0.0	0.0	0.0
1740.1924736768724	-2.4509572728686635	3028269.8454416324	6.007191553427796	2157.855706474998	2.001879778775674	4656341.249966713	4.007522648670941	1825.6885386684485	-4.0306796246802605	3333138.640225335	16.246378236812607	1879.7927320293352	1712.9312650437	1.021402	27.344847	0.0857405531156774	0.04089595174635	0.0127116047	0.0996323044	-0.0650874755	-0.0033597722	0.0271858277	-0.039603883	-0.0581735718	0.0875335143	0.0290659726	-0.0108533454	0.0203016069	0.0495295922	0.0271105137	-0.0123695516	-0.017626715	0.0333182518	-0.0302224371	0.0510393505	-0.0033802965	-0.0554639867	-0.0647478286	-0.0084581358	0.0123656915	-0.0178662804	-0.0830736151	-0.0362765871	0.0602550557	0.0104027765	0.0241459063	-0.0101113991	0.0025806062	-0.0628622123	0.0473627363	-0.0053075952	0.1176343868	-0.0247879749	0.0054907373	0.0106035858	0.0459808553	0.0110296031	0.059949425	0.0115895292	-0.0017022796	0.0308390434	0.0156035905	-0.1015525778	-0.043961591	-0.0524307492	0.0067865503	0.0104097216	0.0830045062	-0.013451637	0.007072542	-0.0439067145	-0.0183953636	-0.0834157383	0.0560153174	-0.0140379523	-0.0768225931	0.0404540309	0.0629121428	-0.0620868871	-0.0415630576	0.0763786853	0.0152996203	0.1323547042779722	-0.0123030525044641	0.0175177677445094	0.0001513651009276	0.1813627888627706	-0.0135866079842656	0.0001845959165181	0.0328924611840819	0.3901280834305822	-0.0119017458255399	0.0001416515536957	0.1521999214812193	-0.0005941633108681	-0.0006390539216254	4.083899147448721e-07	3.530300399817425e-07	-0.0042349132252057	9.50728683639995e-05	9.038850298958375e-09	1.7934490025022148e-05	0.00134124815111	-0.0002248561460387	5.056028641137722e-08	1.7989466028559932e-06	0.0	0.0	0.0	0.0	0.0	0.0	0.0	0.0	0.0	0.0	0.0	0.0	0.0	0.0	0.0	0.0	0.0	0.0	0.0	0.0
1739.2403810741891	-0.9520926026832512	3024957.1031590905	0.9064803240841672	2151.531761256131	-6.323945218866811	4629088.91969391	39.9922831312284	1826.123811777572	0.4352731091235	3334728.175941049	0.1894626795260383	1876.2594146130127	1735.6654391861443	1.286919	34.453232	0.1963236923851294	0.1253345770038542	0.0060824705	-0.0033135748	0.0199091902	0.0022792277	-0.1060731692	-0.0681350435	0.0202678075	-0.0080868593	0.0495520907	-0.0145076495	0.0103349794	0.0312120434	-0.001612697	0.0121411273	-0.0482908704	0.0017084322	-0.0113333573	-0.0756415209	0.0044844821	-0.0054832509	-0.0139275196	-0.0114755254	0.0216745602	-0.0557446108	0.0039201978	0.0813325603	0.0039914001	-0.0213726797	-0.0046391929	0.0442156509	0.0179319018	-0.0243167646	-0.0172903229	0.011319739	-0.0146320759	-9.89393e-05	0.0029608529	0.0116777399	-0.0319482849	-0.0387114041	0.0079813213	0.0169537864	-0.0098534761	-0.0496328648	0.0941077424	0.0281422523	0.0333995376	0.1103979047	0.0775154379	0.0730523068	-0.001118075	-0.0526326915	0.0094237737	0.0763239061	0.0690893134	0.1057405045	-0.0428444089	-0.0148794683	-0.0762265226	0.0426618292	0.0606775209	-0.064777029	-0.0370681691	0.0782873035	0.0085347133	0.191229181561539	0.0588744772835668	0.036568599880696	0.0034662040754132	0.1836908380878981	0.0023280492251274	5.419813194616747e-06	0.0337423239974344	0.2839419017445621	-0.1061861816860201	0.0112755051810564	0.0806230035663185	-0.0007872656173443	-0.0001931023064762	3.728850076642828e-08	6.197871522525019e-07	-0.0044969984608453	-0.0002620852356395	6.868867074026436e-08	2.0222995156844995e-05	0.0012177360094175	-0.0001235121416924	1.5255249145468158e-08	1.4828809886320578e-06	0.0	0.0	0.0	0.0	0.0	0.0	0.0	0.0	0.0	0.0	0.0	0.0	0.0	0.0	0.0	0.0	0.0	0.0	0.0	0.0
1735.8058511188776	-3.4345299553115183	3013021.9527785312	11.79599601393214	2124.775425824252	-26.75633543187905	4514670.610186632	715.9014857432263	1822.2846701103344	-3.839141667237527	3320721.41891913	14.73900874111934	1874.0544924268536	1721.3731850335932	1.230254	32.936192	0.1857328409945935	0.1001722527613135	0.0132704722	-0.0237793757	0.0581785138	-0.0435219872	0.0291776827	0.0480011459	0.0498332798	-0.0340784905	0.0026850051	-0.0164118574	0.0156936483	-0.0532179471	0.0048588892	-0.0874921549	-0.0799018456	0.0436398139	-0.0958314854	0.0357950351	-0.0375914792	0.2143859519	-0.0696208967	-0.0146423574	0.0166940917	0.0012096826	0.0815864776	-0.0623195639	0.0186478072	0.0489627954	0.0397875928	0.0331876865	0.0631924109	-0.1091051435	0.0263539558	0.0134776801	-0.0495639607	-0.0060910379	0.0030004326	0.0911512544	-0.0210903964	-0.0393453555	0.0254892788	-0.0756215477	-0.0205548583	0.0026468105	0.0107917789	-0.0603018152	-0.0939403126	0.1052125051	-0.1286665982	0.1118501869	-0.011943258	-0.1551832405	-0.0692203562	-0.0694506594	-0.0446501906	0.0658907567	0.1068353433	-0.0157193527	-0.0755970167	0.0448275254	0.05833645	-0.0672896215	-0.0324269895	0.0797754371	0.0017099414	0.2008965928174717	0.0096674112559326	0.040359441005669	9.345884039133385e-05	0.1920763347368108	0.0083854966489126	7.031655404892601e-05	0.0368933183659273	0.2065319275448089	-0.0774099741997531	0.0059923041056064	0.0426554370953741	-0.0013610610921217	-0.0005737954747774	3.292412468750219e-07	1.8524872964875148e-06	-0.0050809126856932	-0.0005839142248479	3.409558219797243e-07	2.5815673719638088e-05	0.0005700465312429	-0.0006476894781746	4.195016601380858e-07	3.2495304778206255e-07	0.0	0.0	0.0	0.0	0.0	0.0	0.0	0.0	0.0	0.0	0.0	0.0	0.0	0.0	0.0	0.0	0.0	0.0	0.0	0.0
1750.1288270198331	14.322975900955498	3062950.911165817	205.147638659352	2150.684624932029	25.909199107776654	4625444.355919021	671.2865984064148	1835.5620488395468	13.277378729212389	3369288.0351400347	176.28878591894153	1887.859265017042	1749.1456502342949	1.219078	32.637005	0.1578842790677468	0.0916895948220506	-0.0110591911	0.0181625084	-0.028440843	0.0143848969	-0.0361837161	-0.0296693609	0.0314896525	0.0131933962	-0.0420776728	0.0026629198	8.9235e-05	-0.0057998442	-0.0924769368	-0.0970068334	-0.0677987073	0.07229596	0.0554293781	-0.0333614397	0.0444562104	0.1008458089	-0.0458066834	0.0049005697	0.0174177671	-0.0357635852	-0.0376368925	0.0434322505	0.0563709185	0.0899456867	-0.0843866642	0.0057352468	0.0017971863	0.0591833988	0.0744038051	0.0020436115	-0.006131711	-0.0122021768	-0.0162433538	0.0384126308	0.0033201657	0.0202403274	0.1188622383	-0.0241475425	-0.0095407755	-0.0178626527	0.0351500954	-0.1158711386	-0.0246886375	-0.0322356427	-0.0012100379	0.060684891	-0.0123873948	-0.0657168102	0.0059455265	-0.0583181351	0.0350738846	0.1037983058	0.0285996308	-0.0165575133	-0.0749343514	0.0469489822	0.0558930371	-0.0696177779	-0.0276578354	0.0808350932	-0.0051268245	0.1766993111489085	-0.0241972816685631	0.0312226465604987	0.0005855084401477	0.1873827278968747	-0.004693606839936	2.202994516789477e-05	0.0351122867140741	0.2455888900070064	0.0390569624621975	0.0015254463167735	0.0603139028948734	0.0001310208924094	0.0014920819845311	2.2263086485622658e-06	1.7166474247755567e-08	-0.0049299871699264	0.0001509255157668	2.277851130947473e-08	2.430477349563891e-05	0.0004143254695998	-0.000155721061643	2.4249049039254137e-08	1.7166559475909481e-07	0.0	0.0	0.0	0.0	0.0	0.0	0.0	0.0	0.0	0.0	0.0	0.0	0.0	0.0	0.0	0.0	0.0	0.0	0.0	0.0
1744.691874959479	-5.436952060354088	3043949.7385496222	29.56044770658856	2170.0184993743896	19.333874442360862	4708980.287627078	373.7987009529747	1826.7037310683936	-8.858317771153224	3336846.52109919	78.46979373472902	1880.4575975605085	1745.9341529093865	1.177721	31.529785	0.1078800752684243	0.0472508688516136	-0.0042843853	-0.0726506027	-0.0609330202	-0.0058178329	0.0057775613	0.0774083459	-0.0048854784	0.0941292651	0.0137749164	-0.0104289572	-0.0288097618	-0.0423975139	-0.0244688974	-0.0038256267	-0.0364327227	0.0058647618	-0.0100237203	-0.0215903597	-0.0979331059	-0.0493877936	-0.1064829572	-0.010781904	-0.0395455544	0.0907821279	-0.0498732266	-0.0038702113	0.0145052352	0.0811187921	-0.044794649	0.041315094	0.004062636	0.0099579911	0.0030675704	0.0098955389	-0.0538102399	0.0213458744	-0.0022627002	-0.0036643085	-0.0203247493	-0.0200515693	0.0508437723	0.0599008464	0.0228453328	0.0158281834	0.0156542636	0.0111644861	-0.0163640012	0.0381164412	0.002265268	-0.0094260707	0.0258827827	-0.0276556578	0.0728930757	-0.0430335438	-0.0183117845	0.0382357067	-0.0297012415	-0.0173938582	-0.0742388174	0.0490241061	0.0533515689	-0.0717551168	-0.0227795284	0.0814605803	-0.0119276293	0.1896106847953831	0.0129113736464746	0.0359522117885741	0.0001667035694388	0.2100560298822529	0.0226733019853781	0.0005140786229201	0.0441235356898939	0.2287037190493848	-0.0168851709576215	0.0002851089982681	0.0523053911070199	0.0003637038771562	0.0002326829847468	5.414137139067957e-08	1.322805102584522e-07	-0.0042109092534712	0.0007190779164551	5.170730499335506e-07	1.773175674096938e-05	0.0005707691419768	0.000156443672377	2.447462262680212e-08	3.2577741343293255e-07	0.0	0.0	0.0	0.0	0.0	0.0	0.0	0.0	0.0	0.0	0.0	0.0	0.0	0.0	0.0	0.0	0.0	0.0	0.0	0.0
1746.3819855413285	1.690110581849467	3049850.039423273	2.856473778879544	2157.775300286033	-12.243199088356503	4655994.24652448	149.89592391713356	1831.0449647066887	4.34123363829508	3352725.6627777186	18.84630950226473	1885.2285314223343	1751.411046622526	0.925138	24.767673	0.1155485843871055	0.0550037977162444	-0.0054425266	-0.0113639031	-0.087739653	0.0060739601	-0.0060475553	0.0129120419	-0.0266020365	0.0698943468	-0.0179054427	-0.0023132337	-0.0258331051	-0.0163236365	-0.0209954756	-0.0155818488	0.0369649432	0.0132826516	0.0402660253	0.0191489319	-0.0540928976	0.0072483011	0.0097423252	-0.0011053157	-0.0313488815	0.030369993	-0.0503744055	0.0044515774	0.0113840612	0.030066899	-0.0083226543	-0.0590571322	-0.039086394	0.0378805512	-0.0151111551	0.006038029	0.0113010238	0.009184099	-0.0063426519	-0.0180722686	0.0042370062	-0.0028179466	0.0558371841	0.0661035792	0.0255172528	0.0150820617	-0.0093591558	-0.0229641873	0.0129590621	-0.0059141668	0.0754358806	-0.0603883861	0.0288457502	-0.0043880111	0.0542967011	-0.0456570223	0.0249328745	0.0061638888	-0.0009432731	-0.0182282956	-0.0735107199	0.0510508491	0.0507165039	-0.0736957799	-0.0178113211	0.0816485389	-0.0186447705	0.1780338931968401	-0.0115767915985429	0.0316960671268238	0.000134022103716	0.1862325866728724	-0.0238234432093804	0.0005675564463505	0.0346825763388689	0.262087987807611	0.0333842687582262	0.0011145094005214	0.0686901133530424	5.268879679178387e-05	-0.0003110150803644	9.673038021408422e-08	2.776109307365894e-09	-0.0040869855678513	0.0001239236856199	1.5357079857619812e-08	1.6703451031824816e-05	0.0010711119924116	0.0005003428504347	2.5034296798122056e-07	1.1472809002879471e-06	0.0	0.0	0.0	0.0	0.0	0.0	0.0	0.0	0.0	0.0	0.0	0.0	0.0	0.0	0.0	0.0	0.0	0.0	0.0	0.0
1738.3666072301191	-8.01537831120936	3021918.4611327555	64.24628947180543	2161.2610263824463	3.4857260964131456	4671049.224159705	12.150286419215623	1828.7639313636464	-2.2810333430422816	3344377.5166566195	5.203113112070647	1885.3012838924635	1768.7118588723663	1.119456	29.969933	0.0450459579239934	0.0232233789569071	0.0032711284	-0.0593941172	0.0388535455	-0.0293191664	-0.0531589448	0.0461835009	-0.0650876817	-0.0051558247	0.0465727672	-0.0050985556	-0.0129592906	0.0017559666	0.0125794703	0.0418771549	0.0817170789	-0.111903187	0.0645859396	0.0206993358	-0.0470248778	0.0275482678	0.0196632698	-0.0054801286	-0.0263854948	0.06584223	-0.0073128758	0.0675257941	-0.0706818208	-0.0503817457	0.0757456216	-0.0287032706	-0.0470471973	0.0313746759	0.0041354795	0.0130015715	-0.0144867993	0.0219013288	0.0091897484	-0.0556854497	0.0056656583	-0.0713350216	-0.0538332202	-0.0429903967	-0.0248819646	-0.0004369272	0.0529903514	-0.0038222428	-0.0195163047	0.030754023	0.0481092692	-0.003732854	0.0650355846	0.0469314337	0.0672278751	-0.1446129758	0.0765480223	0.0521636893	-0.000211878	-0.0190607341	-0.0727503781	0.0530272111	0.0479924649	-0.0754344479	-0.0127728206	0.0813979594	-0.0252311319	0.1889907517698077	0.0109568585729676	0.035717504254517	0.000120052749788	0.1844126200510203	-0.0018199666218521	3.3122785046557585e-06	0.0340080144340819	0.2486335924010987	-0.0134543954065123	0.0001810207557547	0.0618186632702756	9.806563044081284e-05	4.5376833649028966e-05	2.0590570320116473e-09	9.616867873754076e-09	-0.0040549773660125	3.200820183880005e-05	1.024524984953363e-09	1.6442841438873676e-05	0.0007722022814462	-0.0002989097109653	8.934701530941894e-08	5.962963634707164e-07	0.0	0.0	0.0	0.0	0.0	0.0	0.0	0.0	0.0	0.0	0.0	0.0	0.0	0.0	0.0	0.0	0.0	0.0	0.0	0.0
1726.2092463962583	-12.15736083386082	2979798.362343938	147.8014224446931	2144.733761180531	-16.52726520191527	4599882.906347587	273.1504950544394	1828.521064624452	-0.242866739194369	3343489.2837753394	0.0589842530069056	1886.652118278952	1763.3969313552798	1.167156	31.246941	0.0810733027492237	0.0439359243232671	0.0069300975	-0.0085779229	-0.0195837599	-0.0437936916	0.0142455463	-0.0061084319	-0.1759282709	-0.1698279424	0.0603331937	-0.0081804607	-0.0105438147	0.0301853931	0.042023714	0.0593954245	0.1214010402	-0.1250906807	0.0553238721	0.0371456945	0.0364862354	0.0359734121	0.0341867049	-0.0030086519	-0.0335103205	0.0277115832	0.0270495185	-0.0452169957	-0.1106557918	-0.1207475299	0.1177585309	-0.087020204	-0.028624704	0.0392987734	-0.0259645047	0.0125962319	0.0206892894	0.0171374722	0.0164970742	-0.0802476601	0.0290219651	-0.0519695917	-0.0764239824	0.042750494	-0.026594494	0.0754465565	-0.0335535716	-0.0036782498	-0.0108296229	0.0335561334	0.0625519314	-0.0148370415	0.035700048	0.019478723	0.0342411515	-0.1422696267	0.0489622336	0.001324942	0.0169367046	-0.0198910824	-0.0719581255	0.0549512416	0.0451842308	-0.0769663555	-0.0076839116	0.0807101879	-0.0316405151	0.1887364643927469	-0.0002542873770607	0.0356214529914746	6.466207013245699e-08	0.195958872989479	0.0115462529384587	0.0001333159569188	0.0383998799033067	0.2854601912192223	0.0368265988181235	0.001356198380511	0.0814875207709149	-0.0001908717814991	-0.0002889374119399	8.34848280185349e-08	3.6432036972640174e-08	-0.0038860629289807	0.0001689144370318	2.8532087037769965e-08	1.5101485087998058e-05	0.0005811308581063	-0.0001910714233399	3.6508288817135296e-08	3.377130742433646e-07	0.0	0.0	0.0	0.0	0.0	0.0	0.0	0.0	0.0	0.0	0.0	0.0	0.0	0.0	0.0	0.0	0.0	0.0	0.0	0.0
1720.9081133321158	-5.301133064142505	2961524.7345323022	28.1020117637449	2141.728479211981	-3.0052819685502072	4587000.878667664	9.03171971049301	1826.9890265213817	-1.532038103070363	3337888.9030295457	2.347140749259436	1888.016918705959	1724.528923526576	1.047736	28.049847	0.0492165356107561	0.0282939802045609	0.0284703727	-0.0407723043	-0.0529445067	-0.0479323753	0.0049592976	0.0268234982	-0.2022899622	-0.127905128	-0.0767377255	-0.0083449284	-0.0082859007	-0.0019014176	0.0581580837	0.0212498917	0.0619673984	-0.1308815402	0.0568419214	0.0941844969	-0.1166681656	0.0518950457	-0.0046046951	-0.0055257389	-0.0322874074	0.1078896883	-0.0545624299	-0.0141147362	-0.0682571278	-0.0760786805	0.1255645739	-0.044715215	-0.065011726	0.0002737233	-0.017666656	0.0146415017	-0.0155334515	0.026812433	0.0125150155	-0.0876056371	0.0460304495	-0.0582650486	-0.0874033855	0.0899877421	-0.0402954392	0.0713516926	0.0135159202	-0.0362964309	-0.0293334763	0.0788897037	0.0650560715	0.1110441793	0.019960208	0.0081221194	-0.0033676322	-0.1238128707	-0.0015539078	0.1240885334	-0.0086829901	-0.0207192494	-0.0711343098	0.0568210419	0.0422967282	-0.0782873035	-0.0025646777	0.0795889182	-0.0378279629	0.1882609683051583	-0.0004754960875886	0.0354421921871958	2.2609652931208723e-07	0.1902708718237704	-0.0056880011657086	3.2353357261102524e-05	0.0362030046645776	0.2712041157681284	-0.0142560754510938	0.0002032356872672	0.0735516724095724	-0.0003957770023289	-0.0002049052208297	4.198614952330909e-08	1.5663943557245009e-07	-0.0042521267068826	-0.0003660637779019	1.3400268949181178e-07	1.808058153138427e-05	0.0005761605987107	-4.970259395600026e-06	2.4703478459550336e-11	3.3196103550667225e-07	0.0	0.0	0.0	0.0	0.0	0.0	0.0	0.0	0.0	0.0	0.0	0.0	0.0	0.0	0.0	0.0	0.0	0.0	0.0	0.0
1720.1723961890875	-0.735717143028296	2958993.0726109077	0.5412797145457182	2129.597391822121	-12.131087389859658	4535185.051255581	147.16328126041202	1824.8103712650768	-2.1786552563048645	3329932.891076588	4.746538725824815	1879.9463435154328	1686.183835479312	0.986427	26.40848	0.0407733920778865	0.0210595589791963	0.0405301815	-0.0168828915	0.0362735489	-0.0542631824	-0.1018750775	-0.0263970079	-0.161383446	-0.1238602257	-0.0653677912	-0.0117201832	0.0152032972	0.0244312183	0.086976232	0.0702697004	0.1188867315	-0.1203993839	0.0582821787	0.0201960241	0.0115105644	0.0152534276	0.0245988716	-0.0114868185	-0.0020574496	0.0521520575	-0.0147596327	0.0731284255	-0.0391235233	-0.1271542638	0.1175188206	-0.0755364985	-0.0378585382	-0.0408866923	0.0274074211	0.0149964304	-0.002701651	0.0287151516	0.0191828048	-0.0897732327	0.0399841618	-0.048219201	-0.1223398506	0.0579658837	-0.0558288642	0.0530106464	0.0539260769	-0.1163593448	0.0210861316	0.0591999358	0.0811653591	0.0735431469	-0.0284215826	-0.0103462643	0.0046737637	-0.0432016241	-0.0516400267	0.088323048	-0.0402536546	-0.0215451443	-0.0702792922	0.0586347667	0.0393350228	-0.0793936715	0.0025646777	0.0780401729	-0.0437500746	0.1941576607594584	0.0058966924543001	0.0376971972315849	3.477098190059981e-05	0.1768495740857503	-0.01342129773802	0.0001801312329725	0.0312757718543112	0.2713391218215548	0.0001350060534263	1.82266344617632e-08	0.0736249190308925	-0.0001292399422579	0.000266537060071	7.104200439129187e-08	1.6702962674825328e-08	-0.0044080554104171	-0.0001559287035344	2.43137605859498e-08	1.9430952501307464e-05	0.0005722184456734	-3.942153037300006e-06	1.5540570569493665e-11	3.2743394956888177e-07	0.0	0.0	0.0	0.0	0.0	0.0	0.0	0.0	0.0	0.0	0.0	0.0	0.0	0.0	0.0	0.0	0.0	0.0	0.0	0.0
1720.8720295222356	0.6996333331480855	2961400.541991978	0.4894868008519	2115.0811817862773	-14.51621003584387	4473568.405546435	210.72035380473423	1823.1446836594253	-1.6656876056515555	3323856.5375556257	2.7745151996212125	1873.270981014476	1678.9673900194323	0.941884	25.215981	0.1254923502563381	0.0624210429932882	0.0443579839	-0.0058471834	0.0677678069	-0.0468756537	-0.079746756	-0.039628276	-0.0603804874	-0.1503852406	-0.0507853103	-0.0205140996	-0.0094654574	0.0006423188	0.0732105334	0.0313465591	0.076215955	-0.0882097502	0.0477224483	0.0065634405	-0.0304926783	0.1339314547	0.0286455061	-0.0199686061	-0.0058374162	-0.0128262822	0.0677078943	0.0334768988	-0.0219379008	-0.0951039439	0.1040599359	-0.0540936678	-0.0099678471	-0.0888551972	0.0418215493	0.0143764286	-0.003603674	0.0289333109	0.0180284355	-0.0978897544	0.059563874	-0.0601244347	-0.1625007864	0.059602167	-0.0756726456	0.0761066462	0.0297072965	-0.0850224252	0.0034616962	0.0419638673	0.0109251311	0.1477354543	-0.1103312337	-0.0059474863	-0.044784739	0.1021034066	-0.0357442116	0.059060769	0.0778821418	-0.0223686765	-0.0693934478	0.060390626	0.0363043104	-0.080282427	0.0076839116	0.0760722702	-0.049365311	0.1749950546556391	-0.0191626061038192	0.0306232691539301	0.0003672054726901	0.224877381966067	0.0480278078803166	0.0023066703297886	0.0505698369199123	0.296887386940142	0.0255482651185872	0.0006527138505696	0.0881421205241455	-0.0001839230670372	-5.468312477929999e-05	2.990244135628492e-09	3.3827694588370366e-08	-0.0040205798138366	0.0003874755965804	1.501373379454139e-07	1.616506203943035e-05	0.0007851331473859	0.0002129147017124	4.533267020532285e-08	6.164340591240893e-07	0.0	0.0	0.0	0.0	0.0	0.0	0.0	0.0	0.0	0.0	0.0	0.0	0.0	0.0	0.0	0.0	0.0	0.0	0.0	0.0
1725.8418821590085	4.969852636772885	2978530.202214149	24.699435231238397	2123.554129513828	8.47294772755049	4509482.14097523	71.79084319380303	1821.76723011753	-1.3774535418951928	3318835.8407300976	1.897378260079612	1873.294684675628	1669.2377989970328	1.056861	28.294144	0.0574893920799752	0.0326280171191307	0.0390715404	0.0154226312	0.0426369531	-0.0243971957	-0.0299033338	-0.0397907388	-0.0051171429	-0.082233321	-0.0794930557	-0.0200830109	0.002674896	-0.0111449274	0.0097456543	0.02625815	0.0339394055	-0.0182828375	-0.1543992263	0.0756744002	-0.0086033711	0.0699483694	0.0539338491	-0.0191915772	-0.0084045908	-0.0108856908	0.0384185395	-0.0600474537	-0.0117740815	-0.0175864326	0.0507909384	-0.0560234156	-0.0149330064	-0.2179101945	-0.0597445701	0.0233838214	-0.0166303521	-0.0638778447	-0.011622452	-0.0495766245	-0.0284873293	0.2604615107	-0.2876781246	0.086835994	-0.0767797129	-0.0012293616	-0.076122349	-0.0959824602	-0.0001933264	-0.0520462641	0.0091923575	0.1110870865	-0.1335916682	-0.0580055224	-0.0138256767	0.1370366422	-0.0148086572	0.0462787666	0.0209393102	-0.0231897558	-0.0684771651	0.0620868871	0.0332099078	-0.0809511339	0.0127728206	0.0736957799	-0.0546342852	0.159609394966381	-0.0153856596892581	0.0254751589615342	0.0002367185240736	0.2213968532721111	-0.0034805286939559	1.2114079989450386e-05	0.0490165666387926	0.2713777637373908	-0.0255096232027511	0.0006507408759463	0.0736458906511071	-0.0002307820664107	-4.6858999373500015e-05	2.1957658222856747e-09	5.3260362176792755e-08	-0.0042031076649731	-0.0001825278511364	3.331641644050825e-08	1.7666114043355627e-05	0.0008180179067561	3.288475937020003e-05	1.0814073988359582e-09	6.691532957736315e-07	0.0	0.0	0.0	0.0	0.0	0.0	0.0	0.0	0.0	0.0	0.0	0.0	0.0	0.0	0.0	0.0	0.0	0.0	0.0	0.0
1737.00267427396	11.16079211495162	3017178.290434889	124.56328063316624	2121.146451429888	-2.4076780839395724	4499262.268413607	5.7969137558829305	1822.3376029388248	0.5703728212947681	3320914.3390848218	0.3253251552717534	1870.211274390127	1678.8988383952646	1.11792	29.928814	0.1244467043813198	0.0754622242531659	0.0306297925	-0.0374332845	0.0315607168	-0.0194683364	-0.0689031073	-0.0171468382	0.04354916	-0.091951409	-0.0985001455	-0.0228854141	0.0083614264	-0.0084844461	0.0027231917	-0.0370717509	-0.0434089385	0.0236808168	-0.0790360838	-0.0783155475	-0.0519677072	0.0776385971	0.0467720927	-0.0255929803	0.015696997	-0.0200398673	0.04367174	0.0601841179	0.0426155827	0.0126552413	-0.0187515064	-0.0019266144	0.0366314254	-0.1315346784	-0.0031719877	0.0134929536	-0.0524761491	0.021656347	0.0006491364	-0.041824513	0.0221273658	0.0338987085	-0.0126110929	0.0618155557	-0.038646143	-0.002726011	0.0686193873	-0.0195900421	-0.0148356441	0.0101463534	0.0044940584	0.0664572433	-0.0191715664	-0.0278212998	0.0299034316	0.1243975303	-0.1179045342	0.0114976841	0.0342694522	-0.024008292	-0.0675308461	0.0637218759	0.0300572439	-0.0813979594	0.0178113211	0.0709234662	-0.0595200392	0.157806306361337	-0.0018030886050439	0.0249028303274081	3.251128517639501e-06	0.2118076003369964	-0.0095892529351147	9.19537718536059e-05	0.0448624595605167	0.2000538000679697	-0.0713239636694211	0.0050871077935169	0.0400215229216351	0.00029473515177	0.0005255172181807	2.761683466043815e-07	8.686880968888495e-08	-0.004112426049605	9.06816153680998e-05	8.223155365767994e-09	1.691204801346979e-05	0.0005996087568701	-0.000218409149886	4.770255675392522e-08	3.5953066131530664e-07	0.0	0.0	0.0	0.0	0.0	0.0	0.0	0.0	0.0	0.0	0.0	0.0	0.0	0.0	0.0	0.0	0.0	0.0	0.0	0.0
1746.787917334624	9.785243060663788	3051268.028146233	95.7509817562688	2133.72843950445	12.58198807456165	4552797.053550094	158.30642390841157	1831.0763364200704	8.738733481245617	3352840.549797547	76.36546285624314	1877.7893418255967	1730.7779842393588	1.056921	28.295734	0.0631196038898813	0.0358190109782953	0.0035146018	-0.0001037239	-0.0147617629	-0.0060681867	0.0637045177	-0.0067943964	0.0672336922	-0.0044634932	-0.0577156569	-0.0042624514	-0.0061293852	-0.0339893868	-0.0607889438	-0.0081114267	-0.054561628	-0.005852449	-0.0156118402	0.0524178412	0.0385869423	-0.0064506383	0.050215581	-0.0109323109	-0.0109332764	0.0044612731	0.0618405362	-0.0739881815	-0.0333343986	0.0692339091	-0.0231766436	0.012710888	-0.0523060411	-0.004952294	-0.0158219932	0.0066141465	-0.0288844771	0.0074641657	-0.004913004	-0.0247381506	0.0298922446	0.0090162811	0.0522933063	-0.0110674568	-0.0251094232	0.0310496292	-0.0384844157	0.0460522808	-0.0590257085	0.0144852837	-0.0119951188	-0.010107529	-0.0142758876	-0.0262190014	0.1147143215	0.0213376661	-0.0611659082	-0.0028993395	-0.0347548924	-0.0248241955	-0.0665549058	0.0652939789	0.0268518493	-0.0816216788	0.0227795284	0.0677702193	-0.0639883028	0.162851211834166	0.005044905472829	0.0265205171958564	2.5451071229780145e-05	0.1841261006974122	-0.0276814996395841	0.0007662654222962	0.0339024209580335	0.1809060657955115	-0.0191477342724581	0.0003666357277686	0.0327270046416099	0.0001292164798908	-0.0001655186718792	2.7396430740654275e-08	1.6696898675369522e-08	-0.0041569785079662	-4.455245836119948e-05	1.984921546026413e-09	1.7280470315692892e-05	0.0005847705970103	-1.4838159859799967e-05	2.20170988024979e-10	3.419566511277827e-07	0.0	0.0	0.0	0.0	0.0	0.0	0.0	0.0	0.0	0.0	0.0	0.0	0.0	0.0	0.0	0.0	0.0	0.0	0.0	0.0
1745.6396068991814	-1.148310435442454	3047257.637175129	1.3186168561460383	2159.281795501709	25.55335599725913	4662497.872385085	652.9740027226593	1830.0020220126328	-1.0743144074376687	3348907.4005703246	1.1541514460281492	1882.642317947687	1729.101436475134	1.009371	27.022751	0.0566486857531524	0.0286122824059856	0.0049089279	-0.0625857342	-0.0716689422	-0.0072241415	-0.0196283537	0.0462318211	-0.0267245579	0.0387140769	-0.0049710754	-0.0042832219	0.0117570132	-0.0162588041	-0.0220851472	-0.0192120268	-0.0315035566	-0.053387034	0.005468142	0.0423867055	-0.0244830933	0.0023489025	-0.0114826301	-0.0032709642	0.0040187246	0.0667208759	-0.0259500389	0.0426282967	0.0128331133	0.0416394914	-0.0031572356	0.0154731136	0.000960059	-0.0170887437	0.0388427924	0.0097637396	-0.058117781	0.0175440976	-0.0041618935	-0.011885297	0.0221897433	0.0005144726	0.0935166658	0.0657958232	0.0004537201	0.0086277153	0.0324160531	0.0136474135	0.0012766237	0.0137880901	0.0707532285	-0.0311428214	-0.0604967202	-0.0210790495	0.0121835572	-0.078646966	-0.0558044696	-0.079611537	-0.0248343414	-0.0256373767	-0.0655497724	0.0668016447	0.0235993474	-0.0816216788	0.0276578354	0.0642529755	-0.0680077345	0.1608888380283559	-0.0019623738058101	0.0258852182021145	3.850910953729626e-06	0.1879384077916199	0.0038123070942077	1.4533685380546448e-05	0.0353208451232492	0.1596766182212619	-0.0212294475742496	0.0004506894443078	0.0254966224065786	-0.0001523178394692	-0.00028153431936	7.926157297749846e-08	2.3200724220564986e-08	-0.003872059124645	0.0002849193833212	8.117905499213297e-08	1.4992841864746602e-05	0.0006112080399068	2.64374428965e-05	6.98938386905698e-10	3.735752680467124e-07	0.0	0.0	0.0	0.0	0.0	0.0	0.0	0.0	0.0	0.0	0.0	0.0	0.0	0.0	0.0	0.0	0.0	0.0	0.0	0.0
1742.3938774543626	-3.245729444818835	3035936.4241904486	10.534759628963982	2145.3033233989368	-13.97847210277223	4602326.349386524	195.39768232798147	1831.9418752569904	1.939853244357664	3356011.034320099	3.763030609644956	1883.174607699525	1738.274445756799	1.085315	29.055897	0.0688545838219366	0.032916559477823	0.0028879023	-0.0263851118	0.0933764072	-0.0073512854	-0.0807880977	-9.40686e-05	0.0213546282	-0.0814652149	-0.0001797766	-0.0025670239	-0.0052820999	0.0152164978	-0.0262341426	-0.0256054505	0.0218393457	-0.0330308825	-0.0155490707	-0.058556849	0.0966495001	0.054077144	0.0262757216	-0.00582472	0.0052127009	-0.0476573654	0.0653277316	0.0553038523	-0.043289202	-0.0471609031	0.0026993268	-0.0442013613	0.0222828783	0.0399255615	0.0306551508	0.0088175589	-0.0297698323	0.0248565219	0.0018976026	-0.04095956	0.0088649017	-0.0224298561	-0.0178579184	-0.0551949218	-0.0301678114	-0.007577863	0.0299963726	-0.0082985337	0.0062137952	-0.0213566205	0.0248371207	-0.1384072987	-0.1109447628	0.0030448375	0.0450739197	-0.0335462436	-0.0094720162	-0.0381389687	-0.0044525226	-0.0264477464	-0.0645158866	0.0682433853	0.0203054443	-0.0813979594	0.0324269895	0.060390626	-0.0715501408	0.1632769248428474	0.0023880868144914	0.0266593541861368	5.702958633548092e-06	0.202121886904635	0.014183479113015	0.0002011710797493	0.04085325716589	0.1768147725090969	0.017138154287835	0.0002937163323936	0.0312634637774436	0.0001848345811629	0.000337152420632	1.136717547380845e-07	3.416382239366466e-08	-0.0036299447078846	0.0002421144167603	5.8619390803228634e-08	1.3176498582299413e-05	0.0007348384746462	0.0001236304347393	1.5284484393853038e-08	5.399875838203539e-07	0.0	0.0	0.0	0.0	0.0	0.0	0.0	0.0	0.0	0.0	0.0	0.0	0.0	0.0	0.0	0.0	0.0	0.0	0.0	0.0
1742.9657413649643	0.5718639106016781	3037929.57557192	0.327028332248644	2138.602220708673	-6.701102690263724	4573619.458420068	44.90477726545972	1830.405161718179	-1.5367135388114548	3350383.056044553	2.3614885003664243	1878.872345569087	1716.6687540085668	0.999063	26.746777	0.0551652073415349	0.0280119540245431	0.0129646352	-0.0422073855	-0.0046309078	-0.0222872197	0.0498168566	0.0514998284	0.0467903798	-0.0242518219	-0.0396425407	-0.0014583766	0.0078890002	-0.0579867308	-0.0274648289	-0.0314964505	0.044521885	-0.0042480894	0.0238789636	0.0159848735	-0.0071904654	0.035276036	-0.0090282649	-0.0036772409	-0.0101322513	0.028970912	0.0704448494	-0.0515119153	-0.0149369464	0.044310632	0.0436114008	-0.0347044235	-0.0087470253	-0.0093202248	0.0239790924	0.0095919773	-0.0421673769	0.0247940293	0.0044771439	-0.032353664	0.0321761486	-0.0410666291	0.0158542461	0.0161511616	-0.0325715071	0.063012787	-0.0111122852	0.0283731857	-0.0689680318	-0.0002352633	-0.0396332417	-0.0170802023	-0.0364630414	-0.0163548358	0.0624573908	-0.0251765746	-0.0986574277	-0.06258792	-0.0336494682	-0.0272552159	-0.063453702	0.0696177779	0.0169759185	-0.0809511339	0.0370681691	0.0562039158	-0.0745906743	0.1559814581116683	-0.007295466731179	0.0243302152746421	5.3223834825740914e-05	0.1889321586828316	-0.0131897282218033	0.000173968930565	0.0356953605845546	0.1768352304228244	2.0457913727484067e-05	4.1852623408118094e-10	0.0312706987186933	-0.0002424351742897	-0.0004272697554526	1.8255944392452458e-07	5.877481373287722e-08	-0.0037320778031275	-0.0001021330952429	1.043116914389534e-08	1.3928404728596989e-05	0.0005710502358452	-0.000163788238801	2.6826587169533413e-08	3.260983718588585e-07	0.0	0.0	0.0	0.0	0.0	0.0	0.0	0.0	0.0	0.0	0.0	0.0	0.0	0.0	0.0	0.0	0.0	0.0	0.0	0.0
1745.443946098817	2.4782047338526354	3046574.56897301	6.141498702889612	2152.466086127541	13.863865418868045	4633110.251929215	192.20676435248524	1828.497641758612	-1.9075199595670256	3343403.625916805	3.638632396146587	1879.5852335611976	1725.1786264836712	0.910109	24.365313	0.0276321448969238	0.0145621757725543	0.0023995202	-0.0050177582	-0.0216028699	0.0097912712	-0.02677884	-0.0101599951	0.0136700488	0.0045885558	-0.0068508047	-0.0086360472	0.002965091	0.0110784262	-0.0405996814	-0.010951665	-0.0299059676	0.0378819346	-0.0256250609	-0.0520281284	-0.0749377485	-0.0110310231	-0.007387586	-0.0098561342	0.0102760826	0.0011118256	-0.0361234128	0.0510959832	0.0192272588	0.076351179	-0.049357074	0.0006052257	-0.0161729043	-0.0402703127	-0.0822483547	0.0023800179	-0.023299609	0.0104949798	-0.0105335846	-0.046440478	0.031773196	0.0164398857	0.0592012382	0.0213903102	-0.0116830341	-0.0094846983	0.0354648545	-0.0069862438	-0.0103524777	0.0381739883	0.0519679448	0.0006315629	0.0035654801	-0.0091092144	0.0654554044	0.0208574351	-0.0281063637	-0.0770679612	0.0024234152	-0.0280596966	-0.0623636846	0.0709234662	0.0136166111	-0.080282427	0.0415630576	0.0517153317	-0.0771080077	0.1533365239352093	-0.002644934176459	0.023512089572533	6.995676797800858e-06	0.1940747495311399	0.0051425908483082	2.6446240633104148e-05	0.0376650084055746	0.1766909252991055	-0.0001443051237189	2.082396873152919e-08	0.031219683083054	-9.29871688614656e-06	0.0002331364574035	5.4352607770678884e-08	8.646613572870719e-11	-0.0038380126859753	-0.0001059348828477	1.1222199403977085e-08	1.4730341377707337e-05	0.0006259851905626	5.493495471740005e-05	3.017849249802794e-09	3.918574588036946e-07	0.0	0.0	0.0	0.0	0.0	0.0	0.0	0.0	0.0	0.0	0.0	0.0	0.0	0.0	0.0	0.0	0.0	0.0	0.0	0.0
1740.5585902654368	-4.8853558333801175	3029544.2061468046	23.866701618741143	2142.991961999373	-9.474124128168114	4592414.549193922	89.75902799593723	1828.424991362276	-0.0726503963360301	3343137.9490381386	0.0052780800877822	1876.459153358609	1715.5576816370756	1.027616	27.511192	0.0980041681815202	0.0414259095954927	0.0134196489	0.0111701387	0.0419539625	-0.0019106914	-0.0102115147	-0.0232069205	0.0704275617	-0.0449263973	0.0102440734	-0.0101206648	-0.0239509109	-0.1248062083	-0.0822726197	0.0357010213	0.127725265	0.0470468205	0.1276633159	-0.161774711	0.0511583231	0.0439267152	-0.0333878559	-0.013264243	-0.0212456731	-0.0204708629	0.1176705505	0.0563726845	0.0140394065	0.0138285381	-0.108877445	-0.1499765172	-0.114691305	0.1026103322	-0.1104812113	0.0141727998	-0.0371262834	0.0257670953	0.0074255135	-0.1364148195	0.2144659483	-0.0265467837	0.0313779202	-0.0625398128	0.1739753321	-0.0745291352	-0.119300504	0.0754306191	0.074388159	0.0181561293	-0.1895759554	0.0324575508	-0.1056074553	0.0157926847	-0.0688405663	0.0558789306	-0.0137489032	-0.0871723681	-0.023380421	-0.0288611001	-0.0612463124	0.0721591615	0.0102334157	-0.0793936715	0.0458939156	0.0469489822	-0.0790844839	0.1616695404019026	0.0083330164666932	0.0261370402937624	6.943916343418159e-05	0.1754233396495834	-0.0186514098815565	0.0003478750905698	0.0307733480938131	0.2036009641428933	0.0269100388437878	0.0007241501905741	0.0414533525999157	-0.0004130632067643	-0.0004037644898781	1.630257632865655e-07	1.7062121278240685e-07	-0.004143103045844	-0.0003050903598687	9.308012768481288e-08	1.716530284848183e-05	0.0004526459805198	-0.0001733392100428	3.0046481738261934e-08	2.0488838368073122e-07	0.0	0.0	0.0	0.0	0.0	0.0	0.0	0.0	0.0	0.0	0.0	0.0	0.0	0.0	0.0	0.0	0.0	0.0	0.0	0.0
1742.9836946125004	2.4251043470635523	3037992.1596850418	5.8811310941465385	2139.3585042086515	-3.6334577907214234	4576854.809529879	13.2020155169542	1825.487816526179	-2.9371748360970287	3332405.768285516	8.626996017801607	1873.1720766553688	1698.950692831189	1.218377	32.618233	0.2381766766301181	0.1428404963556831	0.0138039879	-0.1095975341	-0.0424439718	-0.0313821511	-0.0705813213	0.075194348	0.0658743309	0.0118434339	-0.0356794217	-0.0109209178	0.0070013411	-0.1070179546	-0.0282418457	0.0135269941	-0.0103656498	-0.0224520098	-0.0241434387	-0.0802291981	-0.020186847	-0.0242107393	0.0618496214	-0.0132163766	-0.0071819078	0.0827204772	0.0662706269	0.0507008169	0.0406596884	0.0852082867	-0.056753376	0.0092871931	0.0091625841	-0.0760444163	-0.0621404847	0.010722626	-0.1011781791	0.0455875497	0.012873562	-0.0691501031	0.1808560256	0.002687816	0.1164441791	0.0087833986	0.0642595768	-0.012407181	0.000202443	0.002983344	0.0475226	-0.0917948698	-0.0285314011	0.0041763286	0.0896717038	-0.0255638189	0.0838690041	0.0049161365	-0.1764130011	-0.1268751981	-0.0069452147	-0.0296593388	-0.0601020755	0.0733236445	0.0068322673	-0.0782873035	0.0500436514	0.0419304676	-0.0805062393	0.1616340059273255	-3.553447457710357e-05	0.0261255518721146	1.2626988834708196e-09	0.1811103620144649	0.0056870223648815	3.2342223378662365e-05	0.0328009632290105	0.0918093843977487	-0.1117915797451446	0.012497357301915	0.0084289630634935	0.0011410051827172	0.0015540683894815	2.415128559185624e-06	1.3018928269875108e-06	-0.0048351691275188	-0.0006920660816747	4.789554614047104e-07	2.337886049171091e-05	0.0006197623102738	0.0001671163297539	2.792786767044765e-08	3.8410532123591793e-07	0.0	0.0	0.0	0.0	0.0	0.0	0.0	0.0	0.0	0.0	0.0	0.0	0.0	0.0	0.0	0.0	0.0	0.0	0.0	0.0
1751.085063142774	8.101368530273703	3066298.898361733	65.6321720633091	2160.8881896625867	21.529685453935144	4669437.768223251	463.52735574538656	1834.381621779057	8.89380525287811	3364955.934320763	79.09977187612226	1884.6165376551007	1762.232933787118	1.465496	39.234074	0.2112709363831444	0.1126878426820649	-0.0043111423	0.0056522805	0.1171674001	0.0088911007	0.0075583275	-0.0126363273	0.0450425288	-0.0384430626	0.0602371559	0.005475305	0.0015228599	-0.029127358	-0.0998549158	-0.0774831347	0.0112886473	-0.0021512567	-0.0074900842	-0.0325128765	0.1048939421	0.0260710545	0.0213316234	0.0015540052	0.0241075386	-0.0502253273	0.0542141696	0.0446836636	-0.0475352821	0.0467748519	-0.049510607	-0.0469239293	0.0422714255	0.0958287708	0.0077835376	0.0034249463	-0.0089078137	0.0229133569	-0.0044467332	-0.02535322	0.0399932288	-0.0857851201	0.0524203751	-0.125832555	0.0218608823	-0.0444668095	0.0501631677	0.0254823198	-0.0484242621	-0.022037254	-0.1195253395	0.0133465431	-0.0648943023	0.0506459612	0.0051982889	0.05252737	0.152633263	-0.0110530827	-0.0283561057	-0.0304543249	-0.0589314758	0.0744157659	0.0034191328	-0.0769663555	0.0539958877	0.0366867426	-0.0813633012	0.1803856704732709	0.0187516645459454	0.0325389901120914	0.0003516249232436	0.1897475310837535	0.0086371690692886	7.460068953147575e-05	0.03600412555238	0.1737484652533041	0.0819390808555553	0.0067140129714532	0.0301885291778786	-0.000186925855664	-0.0013279310383812	1.763400842696172e-06	3.4941275515718564e-08	-0.0042460841954812	0.0005890849320376	3.470210571537438e-07	1.8029230995115227e-05	0.0007416067781021	0.0001218444678283	1.4846074340361644e-08	5.499806133269774e-07	0.0	0.0	0.0	0.0	0.0	0.0	0.0	0.0	0.0	0.0	0.0	0.0	0.0	0.0	0.0	0.0	0.0	0.0	0.0	0.0
1746.831127290342	-4.2539358524320505	3051418.987270447	18.0959702366068	2175.4811673597856	14.592977697198876	4732718.309537095	212.95499807094384	1833.4088166889392	-0.9728050901178448	3361387.889112736	0.9463497433591884	1891.413889567057	1762.549858050461	1.242997	33.277344	0.1361738080798256	0.0582911811021046	-0.003111606	-0.0125139758	-0.0839744239	-0.0105321492	0.0374255922	0.0555607215	-0.0507255829	0.0579565469	0.036769809	0.0021332449	0.0041132323	-0.0395629962	-0.0009258484	-0.0156707664	0.0513296905	0.0295448782	0.0042064597	0.1072164345	-0.0637531062	-0.1449671498	-0.1065366379	0.0023438661	-0.0183583488	0.0838597527	-0.0609847237	-0.0982896131	0.0146657067	0.0072983387	0.0025831721	-0.0171067247	0.0803350027	0.0897642969	0.1139549594	0.0131075214	-0.00654241	0.0145283023	0.0027636161	0.0426490956	0.0397779727	-0.0436146763	0.0544490535	-0.0039966976	0.0738427367	0.0374697153	-0.0562144734	-0.086228484	-0.1009572941	-0.0766843422	-0.2218256322	0.0724196251	-0.1608262974	0.0923921678	-0.0525950509	0.0928211313	0.3351315092	0.0934814828	-0.0122221129	-0.0312459714	-0.0577350269	0.0754344479	0.0	-0.0754344479	0.0577350269	0.0312459714	-0.0816496581	0.1989092022326417	0.0185235317593707	0.0395648707328259	0.0003431212288404	0.2244162031173715	0.034668672033618	0.0012019168205745	0.0503626322216173	0.1573405743737623	-0.0164078908795417	0.0002692188831149	0.0247560563442654	-0.0008440584492504	-0.0006571325935864	4.318232455535888e-07	7.1243466575099e-07	-0.0045979672820182	-0.000351883086537	1.2382170659080622e-07	2.1141303126509838e-05	0.0010640653661246	0.0003224585880224	1.0397954098946432e-07	1.1322351033858789e-06	0.0	0.0	0.0	0.0	0.0	0.0	0.0	0.0	0.0	0.0	0.0	0.0	0.0	0.0	0.0	0.0	0.0	0.0	0.0	0.0
1747.0850925598934	0.2539652695513723	3052306.320645011	0.0644983581383012	2157.623492674394	-17.85767468539143	4655339.136140451	318.8965451692699	1830.3869750262704	-3.0218416626687485	3350316.4783458207	9.131527034240628	1882.2598628025428	1735.172986692484	1.309158	35.048603	0.1004902376583355	0.0480556355078625	-0.0008134812	-0.0058836712	0.0326074517	0.0142120454	-0.0278736564	-0.0055783651	0.0272516956	0.0056873027	0.0064189495	-0.003322342	-0.0223884991	0.0338852604	-0.0088776751	-0.0116341519	-0.0585754403	-0.047358194	-0.0593000979	-0.0354348355	0.0539578019	-0.0730601522	0.0012354873	-0.0036032145	-0.0024124548	-0.0223203796	-0.0044140347	0.0592474417	-0.0280337102	0.0096634187	-0.0102357244	0.074168378	0.0161442856	-0.0060893082	-0.0241014269	0.0017964071	-0.0215168953	0.0057310772	-0.0002311322	-0.0207764422	0.010229454	0.0047285701	0.0324781248	-0.0356387695	0.0110898179	-0.0591522092	0.0509834334	0.0792626527	0.0527625559	-0.0291737369	0.0334767592	-0.0034767881	0.0309646026	-0.0567840567	0.0608893701	-0.0123377257	-0.0707146497	0.0232556369	0.0251757856	-0.0320341914	-0.0565132535	0.0763786853	-0.0034191328	-0.0736957799	0.0612463124	0.0256373767	-0.0813633012	0.2088754393286791	0.0099662370960374	0.0436289491547487	9.932588185443232e-05	0.2153672085407691	-0.0090489945766024	8.188430284737981e-05	0.0463830345146431	0.182686395010748	0.0253458206369856	0.0006424106237622	0.033374318922023	-0.0002123819326343	0.0006316765166161	3.990152216442501e-07	4.5106085309480346e-08	-0.0044420926023998	0.0001558746796184	2.4296915746138858e-08	1.9732186688295028e-05	0.0007290328553849	-0.0003350325107396	1.1224678325254717e-07	5.314889042306605e-07	0.0	0.0	0.0	0.0	0.0	0.0	0.0	0.0	0.0	0.0	0.0	0.0	0.0	0.0	0.0	0.0	0.0	0.0	0.0	0.0
1745.7375117346332	-1.3475808252601382	3047599.4598774286	1.8159740806087952	2142.4561799656262	-15.167312708767897	4590118.483072904	230.0473748055521	1829.2544976842328	-1.132477342037646	3346172.017297995	1.2825049302286513	1878.9529239430144	1733.8563660261152	0.94614	25.329929	0.0935340436389412	0.0458814530601981	0.0038028485	-0.0173072468	0.0025236889	-0.0179685151	0.069533463	0.0387988009	0.0164599882	0.0105554027	-0.0604576737	0.0001274574	-0.0174150029	-0.0256426872	-0.0253066585	-0.0135113631	-0.0264362058	0.0453920715	-0.0678432739	-0.0610192216	0.0924751021	-0.0768837458	0.0995149388	-0.0048274039	-0.0131512563	-0.0043208828	0.068367669	-0.0352079498	-0.0256612243	0.0249395722	-0.0311101871	0.0173865023	0.0473307113	0.0640492153	-0.0805094873	0.0067536546	-0.0109117176	-0.0070724603	-0.0106877679	0.0148069803	-0.0257214796	0.0705826937	-0.0174125398	-0.0202102593	-0.0472953236	-0.0008222883	-0.009552278	0.0119222897	-0.0663178571	-0.020135967	-0.0720393367	-0.009292259	0.0208002183	-0.0018022848	0.0911462958	0.0659269049	0.0628184778	-0.0617562079	-0.0217501227	-0.0328188985	-0.0552666915	0.0772475461	-0.0068322673	-0.0717551168	0.0645158866	0.0198910824	-0.0805062393	0.1836774653033472	-0.0251979740253319	0.0337374112602623	0.0006349378949813	0.1906709047627117	-0.0246963037780574	0.000609907420298	0.036355393923031	0.1696407379648761	-0.0130456570458718	0.0001701891677585	0.0287779799772677	-0.000668900780293	-0.0004565188476587	2.0840945826762738e-07	4.474282538765842e-07	-0.0043027611960484	0.0001393314063513	1.9413240795858933e-08	1.851375391021986e-05	0.0007450647771684	1.6031921783500017e-05	2.570225160722624e-10	5.551215221769975e-07	0.0	0.0	0.0	0.0	0.0	0.0	0.0	0.0	0.0	0.0	0.0	0.0	0.0	0.0	0.0	0.0	0.0	0.0	0.0	0.0
1750.6889149639294	4.951403229296147	3064911.6769775804	24.51639393908432	2159.703149795532	17.246969829905993	4664317.695236743	297.4579683136876	1830.0872834858144	0.8327858015816219	3349219.465176488	0.6935321913159445	1880.001360964308	1735.3756978436456	0.923842	24.732965	0.0478973409859346	0.0236632984578785	0.0036537913	-0.0086257466	0.0108723526	0.0119734685	-0.0162782208	-0.0089618413	0.0453193253	0.0604582007	0.0139841963	-0.0004116936	-0.0110597001	0.0232317275	0.0128868672	0.0213119063	-0.0380870083	0.0103718903	-0.0114320478	-0.0397009349	0.0260381414	-0.0578784058	0.0303644484	-0.0004407416	0.0053163483	-0.0079621541	-0.0130433498	0.0593331756	0.0028014675	-0.0068150852	-0.0533939215	0.084417949	0.037334808	0.0451335703	-0.0052886102	0.011298656	-0.0204250581	-0.04736459	-0.0107481014	0.0067705133	-0.049099302	0.1600536723	-0.0514661586	-0.0172845786	-0.0296554346	-0.0682813712	-0.0088008322	0.0259484405	0.0367343021	0.0001797635	0.0600316052	-0.0851077847	0.0376072718	-0.0004423862	-0.0137226002	0.0528088863	-0.0015520748	-0.0362258552	-0.0087055267	-0.0336000067	-0.0539958877	0.0780401729	-0.0102334157	-0.0696177779	0.0675308461	0.0140379523	-0.0790844839	0.1871389176984337	0.0034614523950864	0.0350209745173411	1.1981652683450032e-05	0.2000192157467637	0.009348310984052	8.739091825454737e-05	0.0400076866679504	0.16952175934167	-0.0001189786232061	1.415591278002326e-08	0.028737626890295	-0.000980772234147	-0.000311871453854	9.726380372900764e-08	9.619141752736976e-07	-0.0040523103539569	0.0002504508420915	6.272562430434145e-08	1.64212192047863e-05	0.0006080150934421	-0.0001370496837262	1.8782615809478845e-08	3.696823538534056e-07	0.0	0.0	0.0	0.0	0.0	0.0	0.0	0.0	0.0	0.0	0.0	0.0	0.0	0.0	0.0	0.0	0.0	0.0	0.0	0.0
1746.6762454929635	-4.012669470965875	3050877.906569395	16.101516283221557	2160.362850709395	0.6597009138627072	4667167.646725223	0.4352052957512911	1826.46109704804	-3.626186437774322	3335960.13902993	13.149228081498428	1880.6231253829656	1760.6404590823709	1.005806	26.927298	0.1331940493558975	0.0601235200480771	-0.0077972537	-0.0037788114	-0.0049839681	-0.006456256	0.0757166087	0.0393435867	0.0026623215	0.0508207299	0.0135988881	-0.0041869993	-0.003289519	-0.0070768078	-0.0020930421	-0.0242440886	-0.0671715576	-0.0168495441	-0.0546914342	0.1184756385	0.0334952881	-0.040328376	-0.0083889944	-0.0035616271	-0.012203963	0.0185424357	0.0169113284	-0.0918759557	-0.0292051986	0.0258425439	0.0249031208	0.0609772734	-0.0030157402	0.0366433233	-0.0348594534	0.0025632645	0.0087610091	-0.0152950078	-0.0025287176	0.0230898059	-0.0703662353	0.0313321308	-0.0344659881	-0.0210783796	-0.0146359801	0.0197795122	-0.0558958238	0.0408844761	-0.0360398659	-0.0694793405	-0.0461070619	-0.0273999062	0.0417828395	0.0052366894	0.0370256793	-0.0421373803	0.0332094441	-0.0021100929	-0.04981899	-0.0343774302	-0.0527013995	0.0787557834	-0.0136166111	-0.0672896215	0.0702792922	0.0081094236	-0.0771080077	0.2277105976481408	0.0405716799497071	0.0518521162812734	0.0016460612139414	0.2117118899693508	0.0116926742225871	0.0001367186304755	0.0448219243543945	0.1977927680128033	0.0282710086711333	0.0007992499312832	0.0391219790781666	-0.0004250763167237	0.0005556959174233	3.087979526409231e-07	1.806898750393873e-07	-0.0042517023337156	-0.0001993919797586	3.97571615920937e-08	1.807697273452268e-05	0.0009061009265095	0.0002980858330674	8.885516387548589e-08	8.210188890213744e-07	0.0	0.0	0.0	0.0	0.0	0.0	0.0	0.0	0.0	0.0	0.0	0.0	0.0	0.0	0.0	0.0	0.0	0.0	0.0	0.0
1744.91612023218	-1.760125260783525	3044732.2666461235	3.098040933648272	2161.037869540128	0.6750188307332792	4670084.673586536	0.4556504218445234	1829.8756171332464	3.414520085206277	3348444.774178779	11.65894741227708	1882.8056020699296	1717.708170171031	1.061499	28.418297	0.1076087030304847	0.048744766175479	0.0063749336	0.0188200338	-0.0378640129	0.0198890158	-0.0166068009	-0.0269239852	-0.0208098096	0.0265246832	0.0226858207	0.0039400643	-0.0027314609	0.0131089905	-0.0239410757	-0.045615326	-0.0367179207	0.0050156984	-0.0161131413	-0.0484173455	-0.011308865	0.0655800858	-0.0777496144	0.0055157527	0.0119576424	-0.0147610155	-0.0428830333	0.0631375945	0.0257458113	0.0403596019	-0.0363776242	0.0181629571	0.0029722443	-0.0485876169	-0.0183903715	-0.0016118341	0.0077197491	-0.0265072145	-0.0019891945	-0.0017952872	-0.0129659485	0.0459041482	0.0470150925	0.0221458892	-0.0113201911	-0.0309577927	0.0361079064	-0.0013546245	0.0362118811	0.0052616379	0.1105550609	0.0189584917	0.0729131194	-0.0287031664	-0.0051524934	-0.0483025669	-0.0565755327	-0.0625114929	-0.0167261104	-0.0351510839	-0.0513837948	0.0793936715	-0.0169759185	-0.064777029	0.0727503781	0.0021373389	-0.0745906743	0.2001526313320027	-0.0275579663161381	0.0400610758291245	0.0007594415074814	0.1963453579032119	-0.0153665320661389	0.0002361303077396	0.0385514995701403	0.216736535148506	0.0189437671357027	0.0003588663132917	0.0469747256681795	-0.0007743645880107	-0.000349288271287	1.220022964586609e-07	5.996405151649811e-07	-0.0040750131720899	0.0001766891616256	3.121905983599261e-08	1.660573235270619e-05	0.0012949322438469	0.0003888313173374	1.511897933423379e-07	1.6768495161543675e-06	0.0	0.0	0.0	0.0	0.0	0.0	0.0	0.0	0.0	0.0	0.0	0.0	0.0	0.0	0.0	0.0	0.0	0.0	0.0	0.0
1744.6972850026584	-0.2188352295215736	3043968.616295648	0.0478888576797598	2146.697090495717	-14.340779044411192	4608308.398342777	205.6579436006232	1829.0933870014392	-0.7822301318071823	3345582.618372397	0.6118839791070817	1878.5793445063573	1741.4140095861462	1.062889	28.45553	0.0480682924317313	0.0265836315244428	0.0005123092	0.0255635706	0.0719223856	0.0044838912	-0.0038123078	-0.0368616314	0.0641638676	-0.0428213213	0.0357153829	-0.0032105862	-0.0017914762	0.0454862227	-0.0201614253	0.0135751993	0.0135290362	0.0262902391	0.0207859252	-0.0353167427	0.027390081	-0.0296782951	0.0149410741	-0.0053082799	0.0035138896	-0.0777542206	0.0393069919	0.0168489114	-0.0328237403	-0.016915999	-0.0182020807	-0.0110175246	-0.0049183281	0.0064015115	-0.0145941591	-0.0046386512	0.0120001772	0.0008894154	-0.0010893348	-0.0107388524	-0.0457624752	-0.0027475294	-0.023992213	-0.0550644651	-0.0119893099	-0.0105857931	-0.0079874397	0.0533758227	-0.0097377579	-0.0408525757	-0.0394056234	-0.0790686859	-0.0059808327	0.0132886956	-0.0168481916	0.0134428649	0.0037841074	-0.0232528341	-0.0160980836	-0.0359208828	-0.0500436514	0.0799532077	-0.0203054443	-0.0620868871	0.0749343514	-0.0038462256	-0.0715501408	0.1982986389692485	-0.0018539923627542	0.0393223502170563	3.437287681150954e-06	0.1950535629141825	-0.0012917949890293	1.668734293681465e-06	0.0380458924055169	0.2201151299214387	0.0033785947729327	1.141490263968818e-05	0.0484506704203318	-0.0003629294407168	0.0004114351472939	1.692788804287532e-07	1.3171777893900924e-07	-0.0038837031906391	0.0001913099814508	3.65995090027055e-08	1.5083150472980326e-05	0.0010667991664513	-0.0002281330773956	5.2044701001986856e-08	1.1380604615411886e-06	0.0	0.0	0.0	0.0	0.0	0.0	0.0	0.0	0.0	0.0	0.0	0.0	0.0	0.0	0.0	0.0	0.0	0.0	0.0	0.0
1748.1076837089977	3.410398706339265	3055880.473842437	11.630819336200531	2153.7860213193026	7.088930823585542	4638794.225630431	50.2529402215812	1829.24836597108	0.1549789696407515	3346149.584407866	0.0240184810309089	1878.4448474360447	1727.2953759252498	1.01435	27.156034	0.0409921493237167	0.0197732950178635	-0.002022779	0.0127024215	-0.0573175426	0.0055000232	0.0158736785	0.0211875279	0.0721888142	0.1136989976	-0.0299837525	0.0033790949	0.0075364107	-0.0143768625	-0.0107055692	0.0154791667	-0.0487302254	0.0527394454	0.0370219778	0.0530634754	-0.0039879385	-0.0917312926	-0.0554965363	-0.0003002221	0.0005727456	0.0454820381	-0.0426492377	-0.0263674917	0.0490571032	0.0521672015	-0.0454489918	0.019883412	-0.0235657832	-0.035630253	0.0688713052	-0.0015316621	0.0020799221	-0.0193316342	-0.0085408857	0.0238820584	-0.013582342	0.0520768375	0.080135065	0.0218120059	-0.0034781304	0.0055601777	-0.0149845706	-0.0036512787	-0.0411663914	-0.0494644008	0.0394231841	0.0515866075	0.1173057961	0.0030232444	-0.0499303216	0.049722678	-0.0236970262	0.017009727	-0.0374597545	-0.0366867426	-0.0486815572	0.0804338397	-0.0235993474	-0.0592265694	0.0768225931	-0.0098091318	-0.0680077345	0.1994914093675959	0.0011927703983474	0.0397968224114697	1.4227012231738635e-06	0.1903710430341902	-0.0046825198799922	2.192599242652308e-05	0.0362411340259254	0.2080266896038267	-0.0120884403176119	0.0001461303893124	0.0432751035875268	-0.0005200938111368	-0.00015716437042	2.4700639329514972e-08	2.704975723828014e-07	-0.0040602565267433	-0.0001765533361041	3.1171080489522576e-08	1.6485683062961566e-05	0.0009399484984202	-0.0001268506680311	1.6091091979936342e-08	8.835031796823887e-07	0.0	0.0	0.0	0.0	0.0	0.0	0.0	0.0	0.0	0.0	0.0	0.0	0.0	0.0	0.0	0.0	0.0	0.0	0.0	0.0
1750.7320494961866	2.6243657871889354	3065062.709133118	6.887295784967801	2160.2086450403385	6.422623721035961	4666501.390107015	41.25009546201382	1827.199704175804	-2.048661795275848	3338658.758940146	4.19701515142286	1877.665279373468	1735.9709907657127	0.988815	26.472424	0.0310057494890936	0.0138773101979726	-0.0091735429	0.0150269968	0.0728759217	0.0349903072	-0.0525305575	-0.0184144633	0.0894673544	0.0279529734	0.0260316826	0.0055015665	0.004244917	-0.0116887037	0.0208585405	-0.0262624015	-0.0232217246	0.0411284421	-0.0627221522	-0.0875276583	-0.0116640873	0.0569482621	-0.0614994683	0.0031146814	0.0195662672	-0.0598945371	0.0215432472	0.0568536496	0.0560847124	0.0141493408	-0.0368191067	0.0299756006	0.0426464586	-0.0239795032	-0.0169309485	-0.0039022003	0.0040947873	-0.0040263346	-0.0074471738	-0.0026201458	-0.0537449267	0.0235225166	0.0191585793	-0.0508251733	0.0038144204	-0.0700207608	0.0553463542	0.0363251857	-0.0029704392	-0.0718686524	-0.0024774643	-0.056470053	0.0334383652	0.0392916298	0.0429421514	0.0361643522	-0.0012438829	0.0473663446	-0.032859782	-0.0374485793	-0.0472981097	0.0808350932	-0.0268518493	-0.0562039158	0.0784076511	-0.0157193527	-0.0639883028	0.2067590850535907	0.0072676756859947	0.0427493192521979	5.281910987679984e-05	0.1855907435470953	-0.0047802994870949	2.285126318631984e-05	0.0344439240903636	0.2163684061783257	0.008341716574499	6.958423540927138e-05	0.0468152871921489	-0.0006282377941517	-0.0001081439830149	1.169512106232699e-08	3.9468272600059385e-07	-0.0040167854037214	4.347112302189975e-05	1.889738536785142e-09	1.613456497954929e-05	0.0008792424496269	-6.070604879330002e-05	3.685224360094522e-09	7.730672852259117e-07	0.0	0.0	0.0	0.0	0.0	0.0	0.0	0.0	0.0	0.0	0.0	0.0	0.0	0.0	0.0	0.0	0.0	0.0	0.0	0.0
1751.4503198145253	0.718270318338682	3067578.2227784027	0.5159122502063517	2162.129051035101	1.9204059947624048	4674802.033329946	3.687959184719381	1828.262403343156	1.062699167351866	3342543.4154780926	1.1293295202903493	1880.191331092984	1741.2694904409375	0.92919	24.876141	0.091505746837075	0.0508787063744261	-0.0139921979	0.0050643292	-0.0222630859	0.0192704923	0.0394942968	0.0496513792	0.06305455	0.0987074008	0.0227838502	0.0001641679	-0.0235105031	-0.0063831542	-0.0377320213	-0.0110775916	-0.037643053	0.0151919924	0.0552316203	0.0618158751	-0.0811198446	0.0092531147	-0.0127941756	-0.0006210284	-0.0256517033	0.0196802577	-0.043234826	-0.057838323	0.0239571018	0.0584220187	-0.0344275034	0.0170107828	-0.0180830715	0.0071969577	0.1042671801	-0.0051448862	-0.0047741947	-0.0223735596	-0.015180019	0.0512677546	-0.0344421649	0.0516822365	0.095000707	-0.040200029	-0.0147315003	-0.0175630555	-0.0246909095	-0.0052643852	-0.0784992338	-0.0378572542	-0.0360808218	-0.0484017654	0.0014672115	0.0407015692	-0.0538498912	-0.0013429565	-0.0254874247	-0.0042687253	-0.0172553279	-0.0382063093	-0.0458939156	0.0811565722	-0.0300572439	-0.0530272111	0.0796832699	-0.0215451443	-0.0595200392	0.1881507323087277	-0.018608352744863	0.0354006980683105	0.0003462707918772	0.1913090641083528	0.0057183205612575	3.2699190041300425e-05	0.0365991580100138	0.1732280227536762	-0.0431403834246495	0.0018610926820257	0.0300079478671481	-0.0008728231511364	-0.0002445853569846	5.98219968513331e-08	7.618202531596749e-07	-0.0040569814846582	-4.019608093679995e-05	1.6157249226777723e-09	1.6459098766859453e-05	0.0010752348138315	0.0001959923642046	3.8413006826508594e-08	1.1561299048752604e-06	0.0	0.0	0.0	0.0	0.0	0.0	0.0	0.0	0.0	0.0	0.0	0.0	0.0	0.0	0.0	0.0	0.0	0.0	0.0	0.0
1753.248765395154	1.798445580628595	3073881.233359632	3.2344065064825243	2149.11226272583	-13.01678830927085	4618683.517798537	169.4367778883703	1832.8920120328487	4.629608689692759	3359493.127773824	21.433276619678704	1880.822915948606	1739.2023577346513	0.997563	26.706619	0.054346208577254	0.0277876719979658	-0.0151097589	-0.0007972056	0.0901410594	0.0359981572	-0.0422611637	-0.0261748149	0.0987435816	0.0199949704	0.0010316762	0.0162272873	-0.0141870548	0.0595886532	-0.0181720816	-0.0142856399	0.032583199	-0.0366660714	0.0318495651	-0.0970804979	0.0710596064	0.0111527927	-0.0182655105	0.0128550735	0.0205138852	-0.0746495263	-0.0035047331	0.0802300734	-0.0103426208	-0.008317258	-0.0283225382	0.0069242174	0.011056065	0.0449571973	0.0588428457	-0.0068249925	-0.0175391147	0.0016807972	-0.0123608969	-0.0070436649	-0.0533061203	0.037217001	0.0370793178	-0.0639483225	-0.0195746763	-0.0835080636	0.0655310987	0.061513468	-0.0001649922	-0.0312959126	0.0506812375	-0.0409160926	0.0296075031	0.0611408105	0.0496138238	0.0517692068	0.0036069781	-0.0035349119	0.0023819666	-0.0389598496	-0.044469591	0.0813979594	-0.0332099078	-0.0497051625	0.0806444153	-0.0272552159	-0.0546342852	0.1958312830236366	0.0076805507149088	0.0383498914106836	5.8990859284287465e-05	0.1915438667250555	0.0002348026167026	5.5132268810432746e-08	0.0366890528799858	0.1834263833032636	0.0101983605495874	0.0001040065578993	0.0336452380917157	-0.0007509417230444	0.0001218814280919	1.4855082513745342e-08	5.639134714088924e-07	-0.003681827444383	0.0003751540402752	1.4074055393480657e-07	1.3555853330211852e-05	0.0008476203882776	-0.0002276144255539	5.1808326720231924e-08	7.184603226238694e-07	0.0	0.0	0.0	0.0	0.0	0.0	0.0	0.0	0.0	0.0	0.0	0.0	0.0	0.0	0.0	0.0	0.0	0.0	0.0	0.0
1750.2904220910727	-2.958343304081154	3063516.561663745	8.7517951048018	2163.12959913774	14.017336411910035	4679129.6626658	196.4857200846589	1830.2626132184305	-2.629398814418209	3349861.233345158	6.913738125263885	1884.8358673694088	1780.273550484485	1.084796	29.042	0.0443111810913792	0.0217549326930804	-0.0243658325	0.0023061245	-0.0292709315	0.0053018992	0.0996298073	0.0594501704	0.0089827904	0.0623981538	0.0289889041	0.0026377201	-0.0113863113	0.0009011951	-0.0401203697	-0.0411046597	-0.0337722268	0.0235416066	0.0505186301	0.0491893135	0.0345758662	-0.0553199109	-0.016366667	0.0050441793	-0.0268176876	-0.0040116172	-0.0020329769	-0.0845453994	-0.0116203005	0.0378396902	0.0072329878	0.0327092413	0.0300412335	0.1201185559	0.0486826654	-0.0084751858	0.0113594309	-0.0163349726	-0.011007396	0.0227650805	-0.0426033608	0.0217163153	0.0174310861	-0.0515120762	-0.0130547011	0.0202904826	-0.0506261991	0.0758120349	-0.0866108898	-0.0229743334	-0.0522800117	-0.0464588102	0.0601906377	0.0218943203	0.020622851	-0.0701653692	0.0410144846	-0.0563778599	-0.0101010123	-0.0397091175	-0.0430257605	0.0815590168	-0.0363043104	-0.0462468756	0.081287294	-0.0328188985	-0.049365311	0.1883589159295979	-0.0074723670940387	0.0354790812101733	5.5836269988072384e-05	0.1963167226854949	0.0047728559604394	2.278015401910205e-05	0.0385402556059735	0.1794540055039775	-0.0039723777992861	1.5779785380261147e-05	0.0322037400914215	-0.0008039436557052	-5.300193266079994e-05	2.809204865779971e-09	6.463254015486411e-07	-0.0040114254553638	-0.0003295980109808	1.0863484884249985e-07	1.609153418394067e-05	0.0010268920493883	0.0001792716611107	3.21383284773897e-08	1.0545072810969028e-06	0.0	0.0	0.0	0.0	0.0	0.0	0.0	0.0	0.0	0.0	0.0	0.0	0.0	0.0	0.0	0.0	0.0	0.0	0.0	0.0
1747.705175083153	-2.5852470079196337	3054473.3790124347	6.683502091957418	2173.758270263672	10.62867112593176	4725225.017539711	112.9686499032155	1829.409259996916	-0.8533532215144533	3346738.240562464	0.7282117206690956	1889.967534562653	1767.320740503246	1.018534	27.268047	0.084519208622354	0.0409397737981555	-0.0228690451	-0.0486048069	-0.0941566654	0.0135420434	0.0525439175	0.0726302583	-0.0475494791	0.0435275291	-0.0175164366	0.013006247	-0.0018101861	0.0591397691	-0.0235224837	0.0076618489	-0.0396690762	-0.0464472722	-0.0186920397	0.0356852789	-0.0758771232	0.0044503186	-0.0287390402	0.0153819689	-0.0125645407	0.052374897	-0.0969245438	-0.0062859218	-0.0686519826	0.0225495432	0.0007137886	0.0547976163	0.0313556909	0.0400144682	0.0235759739	-0.0074141609	-0.0274655765	-0.0047323259	-0.0081530508	0.0144602088	-0.033645202	0.0214069395	0.0640616569	0.065841654	0.0165239506	-0.0187811501	-0.0059116028	0.0568345356	0.0090345189	0.0460141172	0.1236284987	-0.0143717642	0.0456975982	0.0142456669	-0.0220417476	-0.054935444	0.0351903017	-0.0152539726	0.0165997536	-0.0404540309	-0.0415630576	0.0816395852	-0.0393350228	-0.0426618292	0.0816093689	-0.0382063093	-0.0437500746	0.1846757603795765	-0.0036831555500213	0.0341051364717747	1.3565634805653317e-05	0.1735393768416315	-0.0227773458438634	0.0005188074836909	0.0301159153145817	0.1653667855910683	-0.0140872199129092	0.0001984497648746	0.0273461737767223	-0.0012490431822044	-0.0004450995264992	1.9811358848981209e-07	1.560108871011294e-06	-0.0038343137900445	0.0001771116653193	3.136854199217583e-08	1.470196224052542e-05	0.001284110603881	0.0002572185544927	6.616138477531412e-08	1.6489400429996268e-06	0.0	0.0	0.0	0.0	0.0	0.0	0.0	0.0	0.0	0.0	0.0	0.0	0.0	0.0	0.0	0.0	0.0	0.0	0.0	0.0
1739.5679322532724	-8.137242829880734	3026096.5909239254	66.21472087244541	2160.438538811424	-13.319731452247652	4667494.6799816415	177.41524595999533	1819.005480314556	-10.403779682359982	3308780.9374143886	108.23863167908635	1876.4032362994024	1761.5688740263697	1.094613	29.304832	0.1673772055710176	0.0996763282258734	-0.0130545646	0.0192123565	0.0235705334	0.0090269233	-0.0452663828	-0.0346215953	-0.0525470062	0.025181754	0.0271238365	-0.0099615278	0.0380289715	0.0684902046	0.0761799816	0.0085057503	0.0343901007	-0.0171757532	0.0181931151	-0.1290390509	-0.0561637929	-0.018485192	0.0303815288	-0.0051100119	0.0379731793	-0.0300881674	-0.0658207209	0.0568200601	-0.0095323275	-0.0833390081	0.0203756569	0.0532006233	0.0557369377	0.1176773912	-0.030586904	-0.0094712743	0.030435586	-0.0073867581	-0.0139356764	-0.0057988573	-0.0565301091	0.0097398969	-0.004744431	-0.0154582368	-0.0096210713	-0.0449201573	0.0510613977	0.0177640443	-0.0213453611	-0.0072943481	-0.0030076191	-0.0301217171	-0.0656545659	0.0256742805	-0.0344634541	-0.04180925	0.0664297682	0.0206591273	-0.0268832179	-0.041194508	-0.0400821236	0.0816395852	-0.0422967282	-0.0389598496	0.0816093689	-0.0433885123	-0.0378279629	0.1839682169035654	-0.000707543476011	0.0338443048306772	5.006177704458652e-07	0.1917668867775148	0.0182275099358832	0.0003322421184627	0.0367745388643401	0.2506639129935166	0.0852971274024483	0.0072755999431094	0.0628323972772212	-0.0008071949207408	0.0004418482614636	1.9522988615840585e-07	6.515636400697465e-07	-0.0035633074381717	0.0002710063518728	7.344444275540404e-08	1.2697159898929762e-05	0.0007340647220839	-0.0005500458817971	3.0255047208194936e-07	5.388510162081134e-07	0.0	0.0	0.0	0.0	0.0	0.0	0.0	0.0	0.0	0.0	0.0	0.0	0.0	0.0	0.0	0.0	0.0	0.0	0.0	0.0
1745.6545582164852	6.086625963212782	3047309.836621992	37.04701561605593	2138.6897758137097	-21.748762997714493	4573993.957170096	473.0086919307551	1826.6989464118467	7.693466097290639	3336829.0408221507	59.18942059016045	1876.202544567632	1721.2565705098032	1.157558	30.99	0.0961282064973644	0.0463053023771652	-0.0063771042	0.114576237	0.0138250024	0.02517222	0.1100468418	-0.0864513932	0.062615749	-0.0102836281	0.0382720389	0.0046703336	0.0048472709	0.0946906076	0.0242944105	-0.0629908248	-0.087210035	0.1107385176	-0.0758860625	0.0626772351	-0.0780095296	0.0729937719	0.0136138583	0.0050490702	0.0179597992	-0.1173797686	-0.036097213	-0.0891664368	0.0553232165	0.0557201161	0.0178019273	0.0608298234	0.0467145479	-0.1091131097	0.039621448	-0.0211781119	0.0863993559	-0.0248490443	-0.0195031949	0.0276115962	-0.0275352123	-0.011000066	0.0768423487	-0.065004289	-0.0558490577	0.0210268519	0.0087851565	-0.0164635784	-0.09557864	-0.0070880669	-0.0385928482	0.1062522805	-0.0487716345	-0.0218464955	-0.0330726905	-0.0261694051	0.0110871784	-0.0655084635	0.0582015582	-0.0419304676	-0.0385836084	0.0815590168	-0.0451842308	-0.0351510839	0.081287294	-0.0483376736	-0.0316405151	0.1735013921475285	-0.0104668247560369	0.0301027330771304	0.0001095544204735	0.1937039581855231	0.0019370714080083	3.752245639723282e-06	0.0375212234167388	0.2885466366586158	0.0378827236650992	0.0014351007522862	0.0832591615269992	-0.0011428909858461	-0.0003356960651052	1.126918481271818e-07	1.3061998055282702e-06	-0.0037521521151935	-0.0001888446770218	3.5662312039468055e-08	1.4078645495551056e-05	0.0011263557133212	0.0003922909912372	1.5389222180594335e-07	1.2686771929313092e-06	0.0	0.0	0.0	0.0	0.0	0.0	0.0	0.0	0.0	0.0	0.0	0.0	0.0	0.0	0.0	0.0	0.0	0.0	0.0	0.0
1749.623271648268	3.9687134317828168	3061181.5926931887	15.750686303613342	2158.3224440487948	19.63266823508502	4658355.772484763	385.4416620289164	1829.621465671829	2.9225192599822094	3347514.7076471318	8.541118824966961	1884.37402271944	1753.9769508070046	1.192189	31.917118	0.1666650075641814	0.1119648752991247	-0.0204658502	-0.0173724074	-0.0857580187	0.0169081244	-0.028265713	-0.0028801911	-0.0285039229	0.0761625764	-0.0119181067	0.0188310895	0.0097370617	0.0462514723	-0.0202098718	-0.0653184588	-0.0457922354	-0.0047505809	-0.0168765622	0.0269226387	-0.046841014	-0.1125656988	-0.0329396388	0.0209753447	0.0075239995	0.0164770958	-0.085642292	0.0418830821	0.0107675557	0.0783557418	0.0208469454	0.0386595993	0.0396000807	-0.0005950157	-0.0045627583	-0.0124330977	-0.013150659	-0.0144848441	-0.0165951876	0.0508780329	-0.0246910714	0.0329877393	0.0986080001	0.0231848602	-0.0030264791	-0.0151020109	0.0270908286	-0.0449515704	-0.0643373084	0.044362264	-0.0140006608	0.052962606	0.0003098697	0.0142919803	0.0274373743	-0.0061060037	0.0774772281	0.0443190073	-0.0567636645	-0.0426618292	-0.0370681691	0.0813979594	-0.0479924649	-0.0312459714	0.0806444153	-0.0530272111	-0.0252311319	0.1861435745503143	0.0126421824027858	0.0346494303463684	0.0001598247759053	0.2045439511588966	0.0108399929733734	0.0001175054476627	0.041838227955693	0.1829224820863686	-0.1056241545722471	0.0111564620291019	0.0334606344526378	-0.0010389337123006	0.0001039572735455	1.0807114723013929e-08	1.0793832585547058e-06	-0.0040489133297543	-0.0002967612145607	8.806721846760099e-08	1.639369915186205e-05	0.000775900649112	-0.0003504550642092	1.2281875202987446e-07	6.020218172924229e-07	0.0	0.0	0.0	0.0	0.0	0.0	0.0	0.0	0.0	0.0	0.0	0.0	0.0	0.0	0.0	0.0	0.0	0.0	0.0	0.0
1746.1978820607176	-3.4253895875503986	3049207.043313336	11.73329382649869	2152.5247991735287	-5.797644875266087	4633363.01105704	33.612686099699125	1830.965081108941	1.343615437112021	3352433.1282402705	1.8053024428457276	1882.6046331667435	1747.776029603671	0.960378	25.711123	0.0858122744560482	0.0434271021000514	-0.0193654553	0.0290758948	0.0388466601	0.0223871842	-0.0040757261	-0.0114094904	0.0228319841	-0.000748188	0.0479217556	0.0177191245	0.0001683034	0.0439956423	-0.0485150918	0.0046750491	-0.0325103344	-0.0310952646	0.0892098366	-0.0073371068	-0.0826246063	0.0402563234	-0.0017599895	0.0143607545	0.0138736077	-0.033318112	-0.0175904043	0.0284966474	-0.022419673	0.0086551067	0.0110147031	0.0095798532	-0.0460279927	-0.0023434026	0.1165968409	-0.017208736	0.0195168878	-0.0060021714	-0.0155075703	0.0029053197	-0.0225643693	-0.009204724	0.0365270815	-0.0664367378	-0.0234776614	-0.0370424965	0.0373062681	0.0032353631	-0.0258513627	0.0421820542	0.0883140872	-0.0363844004	-0.0144031265	-0.0211463994	-0.0570529	-0.0330200384	0.0020793107	0.0001749747	-0.0037650868	-0.0433885123	-0.0355364705	0.0811565722	-0.0507165039	-0.0272552159	0.0796832699	-0.057431937	-0.0186447705	0.1790638740943961	-0.0070797004559181	0.0320638710056937	5.012215854552818e-05	0.2069980852807305	0.0024541341218339	6.022774287949452e-06	0.0428482073098885	0.2137928565744147	0.0308703744880461	0.0009529800210322	0.0457073855222482	-0.0013408922498628	-0.0003019585375622	9.117895840670257e-08	1.7979920257421215e-06	-0.0039022262968919	0.0001466870328623	2.1517085609974763e-08	1.522737007215467e-05	0.0003163849117316	-0.0004595157373804	2.1115471290025274e-07	1.0009941237141233e-07	0.0	0.0	0.0	0.0	0.0	0.0	0.0	0.0	0.0	0.0	0.0	0.0	0.0	0.0	0.0	0.0	0.0	0.0	0.0	0.0
1743.2691804323504	-2.928701628367208	3038987.4354452784	8.577293228000732	2146.784030567516	-5.740768606012807	4608681.673899709	32.956424187782225	1827.2016230354527	-3.763458073488209	3338665.771223393	14.163616670903584	1881.2027889476103	1763.2842392083517	0.970929	25.993586	0.0920588362063059	0.0444209522920222	-0.0210649169	0.0077509211	0.020243792	0.0025604654	0.0734585611	-0.000691448	0.0038850127	-0.0326780343	-0.0106607079	0.0151560637	0.0049418079	-0.0057188652	-0.0151173517	0.0330461445	-0.0135702934	-0.0237345236	-0.0232632122	0.0336965153	0.0212813348	0.0968381877	0.1039799421	0.0134806065	0.0096933974	-0.0154557574	0.0470826317	-0.0203593012	-0.0820771051	-0.0212871217	0.0056449914	0.018686465	-0.0302661217	0.0380840847	-0.0312583443	-0.0118095748	0.0071596676	-0.0034682873	-0.0071945954	0.0180072104	-0.0642639389	-0.0292417931	-0.0445168284	-0.0132309184	-0.0067146137	0.0217857096	-0.0403700601	0.0603237003	-0.0115018745	0.0537616682	-0.0085510358	-0.133563602	-0.0381621627	-0.0334566766	-0.0275374255	-0.0424537409	0.0736685103	0.0154043958	0.0056520543	-0.0441104375	-0.0339891844	0.0808350932	-0.0533515689	-0.0231897558	0.0784076511	-0.0615281933	-0.0119276293	0.2149105771916737	0.0358467030972775	0.0461865561888583	0.0012849861229443	0.1945176897110343	-0.0124803955696961	0.000155760273576	0.0378371316105182	0.2181186383258619	0.0043257817514471	1.8712387761153458e-05	0.0475757403851281	-0.001016927562115	0.0003239646877477	1.0495311890752945e-07	1.0341416665891573e-06	-0.0037028062384709	0.0001994200584209	3.9768359700635e-08	1.3710774039659016e-05	0.0005811192813205	0.0002647343695889	7.008428644163232e-08	3.376996191224545e-07	0.0	0.0	0.0	0.0	0.0	0.0	0.0	0.0	0.0	0.0	0.0	0.0	0.0	0.0	0.0	0.0	0.0	0.0	0.0	0.0
1736.0807330320554	-7.18844740029499	3013976.3116051187	51.6737760268078	2161.8612778403544	15.077247272838576	4673644.18462553	227.3233853263183	1826.6795847039475	-0.5220383315052004	3336758.3051741864	0.2725240195607335	1884.2942660462625	1751.3288151467343	1.18083	31.613035	0.3344915010229809	0.1932425118800863	-0.0193346247	-0.0235806386	-0.0751283744	-0.0034454815	0.0023511903	0.0545039012	-0.0842636562	0.0172010116	0.0575708243	0.0074598728	0.0108322337	-0.1043166156	-0.0448756296	0.0477197588	0.0510933276	0.0855699526	0.1306053392	-0.0400736077	-0.026448576	-0.0787425794	0.0945657135	0.0095856246	-0.0109296926	0.0847693216	-0.0079400373	-0.0167499922	0.018846262	-0.000896801	-0.0666661188	-0.0768977274	-0.0944748039	0.0957685089	-0.0618507418	-0.0070451542	-0.0086155786	0.0320548657	0.0184911985	-0.0658589391	0.0714604777	-0.0940654461	0.0292089532	0.022106196	0.1584672088	0.0070174845	-0.1686030436	-0.0326886015	0.1409363721	0.037062232	-0.0184284366	0.0239841874	-0.015757524	0.1648534119	-0.1322689259	-0.0269326797	0.0437377428	-0.0739543062	0.0033008362	-0.0448275254	-0.0324269895	0.0804338397	-0.0558930371	-0.0190607341	0.0768225931	-0.0652939789	-0.0051268245	0.3244035486033709	0.1094929714116972	0.1052376623464596	0.0119887107885627	0.2075009822858788	0.0129832925748444	0.000168565886084	0.0430566576496045	0.2119914454122877	-0.0061271929135741	3.75424930001538e-05	0.0449403729279909	-0.0006720283062436	0.0003448992558714	1.1895549670064553e-07	4.516220443926418e-07	-0.0031467874453958	0.0005560187930751	3.0915689825269097e-07	9.902271226500624e-06	0.0037979621148313	0.0032168428335108	1.0348077815509792e-05	1.442451622569384e-05	0.0	0.0	0.0	0.0	0.0	0.0	0.0	0.0	0.0	0.0	0.0	0.0	0.0	0.0	0.0	0.0	0.0	0.0	0.0	0.0
1733.6485624351924	-2.4321705968629885	3005537.338033609	5.915453812244865	2134.674618807706	-27.18665903264855	4556835.728181824	739.114429357491	1829.452326189008	2.7727414850605783	3346895.8137983726	7.688095342975941	1878.2587833180144	1713.9447513585144	1.217952	32.60685	0.3615320442872867	0.1825130114352522	-0.0037375591	-0.0455369618	0.0982104998	0.0040753359	-0.0872836069	-0.0168153346	-0.0122653768	-0.0902169036	-0.0509619975	0.017996181	0.0139074746	0.0058556426	0.0282722765	0.0443700934	0.0497166602	-0.0991093547	0.0810858042	-0.0505357991	0.0225887123	-0.0721741624	0.101937762	0.0144677336	0.0307919219	-0.0246549559	0.0381504035	0.0688359969	-0.053244197	-0.0871068077	0.0403837376	-0.0080564512	-0.0435943545	0.0608038359	0.0083917958	-0.0070289125	-0.0365116753	0.0242828797	-0.0010787035	-0.0564256463	-0.0055343202	-0.0400325875	-0.0912388906	-0.0283065025	0.050049912	-0.0408758616	0.0017398254	0.088046864	0.1143331648	-0.0646813687	0.0373873515	-0.0143351927	-0.0109497994	-0.0132309829	-0.0984474309	0.0052342001	-0.0226904663	0.0950771737	-0.0678986657	-0.0455396975	-0.0308505711	0.0799532077	-0.05833645	-0.0148794683	0.0749343514	-0.0687090676	0.0017099414	0.2273657741591392	-0.0970377744442317	0.0516951952589846	0.0094163296690895	0.2254002523560672	0.0178992700701884	0.0003203838690455	0.0508052737621787	0.2108453262789211	-0.0011461191333665	1.3135890678689985e-06	0.0444557516136647	0.0003432439037818	0.0010152722100254	1.03077766044986e-06	1.1781637748336961e-07	-0.0044698045995739	-0.0013230171541781	1.7503743902495186e-06	1.997915315837199e-05	0.0012272738662448	-0.0025706882485865	6.608438071420728e-06	1.506201142767459e-06	0.0	0.0	0.0	0.0	0.0	0.0	0.0	0.0	0.0	0.0	0.0	0.0	0.0	0.0	0.0	0.0	0.0	0.0	0.0	0.0
1736.609792532934	2.9612300977416908	3015813.5715212803	8.768883691771263	2151.3079723011365	16.633353493430604	4628125.991686427	276.66844843742007	1828.715048271313	-0.7372779176951099	3344198.7277739504	0.5435787279208372	1883.87273571538	1737.485036992243	1.187588	31.793945	0.3712111293145271	0.1870348043720064	-0.0084742015	-0.0085309991	-0.0173278594	0.0083613824	0.0696343655	0.051284277	-0.0267836681	-0.0209320878	0.0049482623	0.016583275	0.0093112129	-0.0087633873	-0.0020969721	-0.0374724832	-0.0043644019	0.0162859927	0.0126183512	0.0875505784	0.0192209502	0.0147716573	-0.0136277906	0.0181724216	-0.0156860758	0.0314651821	0.0207236701	-0.0853500813	-0.0370886044	0.011170586	0.0739669756	-0.0305638029	-0.0364841536	0.0110952958	-0.0035898879	-0.0067985616	-0.0063946115	-0.0440842265	0.005504819	0.0346334882	-0.078846357	0.0654811305	-0.1175093058	-0.0142596041	0.053155637	0.0311222599	-0.1714253205	-0.0493336005	0.0337287326	0.0997827567	-0.1218417532	0.0347971161	0.0171766246	0.0327480244	-0.0736155795	-0.0687172742	-0.1052685641	0.0136251211	0.0305610694	-0.0462468756	-0.0292606206	0.0793936715	-0.0606775209	-0.010657419	0.0727503781	-0.0717551168	0.0085347133	0.3109946069269256	0.0836288327677864	0.0967176455376329	0.0069937816701023	0.2011458527712193	-0.0242543995848479	0.0005882758992214	0.040459654087061	0.2123116806203739	0.0014663543414527	2.150195054697433e-06	0.0450762497278476	-0.001092426915423	-0.0014356708192048	2.061150701116182e-06	1.1933965655406103e-06	-0.0033591603229923	0.0011106442765816	1.2335307091034655e-06	1.1283958075565733e-05	0.0039181896228672	0.0026909157566224	7.241027609238706e-06	1.5352209920744214e-05	0.0	0.0	0.0	0.0	0.0	0.0	0.0	0.0	0.0	0.0	0.0	0.0	0.0	0.0	0.0	0.0	0.0	0.0	0.0	0.0
1736.5229686611126	-0.0868238718214797	3015512.0206876034	0.0075383847180727	2140.0091091502795	-11.29886315085696	4579638.987246173	127.66430850179326	1827.9853073030883	-0.7297409682246325	3341530.283715966	0.5325218807054242	1881.7393825157017	1708.657156171449	1.022606	27.377071	0.0456521295969712	0.0186614010336633	-0.0047004772	-0.037054399	-0.0668745295	0.0060324653	-0.0088764465	0.0186730875	-0.0471117519	0.011136283	-0.0521907533	0.0179784963	-0.0031110937	-0.0397782301	-0.0212059882	0.0230218576	-0.0242553651	-0.0437567552	-0.0530131152	0.0766867901	-0.0694464853	-0.0525099016	-2.85078e-05	0.0160105927	-0.0181380268	0.073695021	-0.0282884569	-0.0102014152	0.008777651	0.0440991529	-0.005189001	-0.0099188757	-0.0280579685	-0.1019068335	-0.0309127414	-0.0054025896	-0.0308039653	0.0076769226	0.0133108058	0.0284252509	-0.0497329866	-0.020092074	-0.0286156433	0.099864407	0.0292518435	0.0001622771	-0.010182608	-0.0444304598	0.1064575672	0.0804412205	0.0513476158	0.0218643698	0.0269805537	0.0683502571	0.0470163157	0.0710102645	-0.0482051161	-0.0023812573	0.1096645577	-0.0469489822	-0.0276578354	0.0787557834	-0.0629121428	-0.0064061583	0.0702792922	-0.0744157659	0.0152996203	0.3203283046552059	0.0093336977282802	0.1026102227632784	8.711791328290481e-05	0.2040802655871232	0.0029344128159038	8.61077857414104e-06	0.0416487548021107	0.2036440549473468	-0.008667625673027	7.512773480771832e-05	0.041470901115398	-0.0010028863757164	8.954053970660009e-05	8.017508250949227e-09	1.0057810825975762e-06	-0.0031896057128368	0.0001695546101555	2.8748765824983604e-08	1.017358460336115e-05	0.0041534223406003	0.000235232717733	5.533443149210014e-08	1.7250917139397673e-05	0.0	0.0	0.0	0.0	0.0	0.0	0.0	0.0	0.0	0.0	0.0	0.0	0.0	0.0	0.0	0.0	0.0	0.0	0.0	0.0
1736.6819979430873	0.1590292819746537	3016064.361979593	0.0252903125253739	2142.094564958052	2.0854558077726324	4588569.125222826	4.3491259261726025	1824.14067818268	-3.844629120408399	3327489.2138007674	14.78117307349226	1878.356737084482	1739.6694621726324	0.990986	26.530539	0.0617412497109714	0.0286614661101724	-0.0126008309	-0.015619396	0.0544888496	0.0104683519	-0.0760495851	-0.016390135	-0.0399688381	-0.0153269981	-0.0210779093	0.0069209076	-0.0064148658	0.0125276656	0.0447255961	0.0223942054	0.0630729863	-0.027579793	0.0024352511	0.0168239237	0.0327436386	0.1171245174	-0.0773254205	0.0090658029	0.0082399434	0.000951589	0.010446073	0.0494009083	-0.0304093176	-0.0892498555	0.0425948698	-0.0322945129	0.008044183	0.0166986507	0.0035054492	-0.0106410822	-0.0110240446	0.0097516774	0.0142677177	0.0235384479	-0.0754419037	-0.0371159229	-0.0723289025	-0.0271440556	0.0392770387	-0.0228538336	-0.0114361142	-0.1020692354	0.0733371996	0.0920429443	-0.0440992531	0.0051544785	0.0014253907	0.0710020719	0.0010149453	-0.0247822296	0.0016525318	0.0192930221	0.0486790014	-0.0476459404	-0.0260429185	0.0780401729	-0.0650363955	-0.0021373389	0.0675308461	-0.0766767246	0.0219572114	0.3184317790286428	-0.0018965256265631	0.1013987978953463	3.5968094522106232e-06	0.2159327677339035	0.0118525021467802	0.0001404818071394	0.0466269601812239	0.1917306205074638	-0.0119134344398829	0.0001419299201533	0.0367606308401771	-0.0007293019331431	0.0002735844425732	7.484844721814325e-08	5.318813096862627e-07	-0.0034124509796245	-0.0002228452667877	4.966001292968127e-08	1.164482168834021e-05	0.0039282763000064	-0.0002251460405939	5.0690739595110294e-08	1.543135468919197e-05	0.0	0.0	0.0	0.0	0.0	0.0	0.0	0.0	0.0	0.0	0.0	0.0	0.0	0.0	0.0	0.0	0.0	0.0	0.0	0.0
1735.8580648812106	-0.8239330618766871	3013203.221413141	0.6788656904534928	2122.1155900088224	-19.978974949229723	4503374.577358493	399.1594400219488	1822.965713590209	-1.174964592471042	3323203.9929254595	1.380541793560642	1869.547816736558	1683.019503220897	0.970834	25.991035	0.0642020616608229	0.0302622982804688	0.0026379545	0.0097206374	0.0894813509	0.0159595688	-0.0345359659	-0.0558470346	0.074472533	-0.0572477091	-0.0030002361	0.0068849375	-0.0084682927	0.0018713789	0.0697342702	0.0328440382	-0.0009128044	0.0024743844	-0.0373725843	-0.0614455749	-0.0218490257	0.0352677102	0.0321659432	0.0047024933	0.0192661164	-0.0758832356	0.0389148163	0.0500145347	0.0490597653	-0.032805288	0.0047820574	0.0142646679	-0.0280448075	-0.077389768	-0.0281871324	-0.0064350265	-0.0164913474	0.0034044835	0.0152642957	0.0154036406	-0.0412361987	-0.0509607112	-0.0672504864	-0.0293892905	-0.0046128602	-0.0137318442	-0.0072230621	-0.0073009505	0.0883462376	0.1116896479	0.0626881317	0.0229735013	-0.0238439648	0.0351648017	0.0102137668	0.0572298877	-0.1203971644	-0.0283586493	0.1262023381	-0.0483376736	-0.0244165784	0.0772475461	-0.0670465522	0.0021373389	0.0645158866	-0.0785258491	0.0284607885	0.3031043364576362	-0.0153274425710066	0.0918722387794239	0.0002349304957675	0.2124491905613581	-0.0034835771725453	1.213530991707928e-05	0.0451346585701762	0.2080892272222598	0.0163586067147959	0.0002676040136493	0.0433011264859572	-0.0010360254922683	-0.0003067235591252	9.407934172243004e-08	1.0733488206297733e-06	-0.0032271004141619	0.0001853505654625	3.435483211730551e-08	1.0414177083083908e-05	0.0040168508794681	8.85745794617001e-05	7.845456126817025e-09	1.6135090987883647e-05	0.0	0.0	0.0	0.0	0.0	0.0	0.0	0.0	0.0	0.0	0.0	0.0	0.0	0.0	0.0	0.0	0.0	0.0	0.0	0.0
1738.444104025619	2.58603914440846	3022187.902821437	6.687598456412839	2137.628006501632	15.512416492809734	4569453.494180142	240.63506544639543	1824.4577790198969	1.4920654296879547	3328646.187426215	2.226259246469901	1877.027747300092	1729.6390957741912	1.06145	28.416994	0.3285969657302768	0.2015914610224226	-0.0175841283	0.0055902456	0.0548974124	0.0144096997	0.026465237	-0.0020468731	0.067193131	-0.0427174147	-0.051250025	0.0045726622	-0.0090911017	0.0171557012	-0.0274290824	0.0067576735	0.0251028785	0.012870201	-0.0266509101	-0.0112020998	0.001369682	0.0675632129	0.0796678569	0.0058302814	-0.0010477331	-0.0551437785	0.0615209451	-0.0129965714	-0.0721701781	0.01659131	0.0079589951	-0.016759491	0.0018729815	0.0139597454	-0.0956236604	-0.0148956508	-0.0088802491	0.010276107	-0.0019671917	-0.0039686725	-0.0615484487	-0.0305757355	-0.0673936739	-0.0452551516	-0.0005524186	0.011610691	-0.037420882	0.0347124081	-0.0528639694	0.0880021448	-0.0183710691	-0.0669332659	0.0411501277	-0.0325041917	0.0217987079	0.0189409241	0.0021758841	0.0771665005	-0.0277967869	-0.0490241061	-0.0227795284	0.0763786853	-0.0689390864	0.0064061583	0.0612463124	-0.0799532077	0.0347647336	0.2055365216010614	-0.0975678148565747	0.0422452617118635	0.0095194784958868	0.2077571601553103	-0.0046920304060478	2.2015149331277272e-05	0.0431630375957992	0.2064756840735455	-0.0016135431487143	2.603521492762902e-06	0.0426322081136385	-0.0008858756486337	0.0001501498436346	2.2544975543494842e-08	7.847756648421786e-07	-0.004104755403157	-0.000877654988995	7.702782797079885e-07	1.6849016919746583e-05	0.000550184165719	-0.003466666713749	1.201777810421598e-05	3.027026162079121e-07	0.0	0.0	0.0	0.0	0.0	0.0	0.0	0.0	0.0	0.0	0.0	0.0	0.0	0.0	0.0	0.0	0.0	0.0	0.0	0.0
1741.4760551608365	3.0319511352174686	3032738.850698549	9.192727686346498	2142.4606241746383	4.832617673006098	4590137.526138781	23.35419357345087	1824.7596653274625	0.3018863075656099	3329747.836205993	0.091135342695598	1875.031851495481	1709.2878455199425	1.040128	27.846161	0.0561772423105868	0.0278445979774214	-0.010951558	-0.0412403013	-0.066601388	0.0181952788	0.0468410727	0.0359327652	0.0271166018	0.0313337109	-0.0732945083	0.010906945	-0.0004281291	-0.0116893048	-0.0259327719	-0.026275694	-0.0188327244	0.0044839153	0.0196241104	0.0500167987	-0.0495609452	-0.0277034465	0.0095115095	0.0108784132	-0.0137164215	0.0458238008	-0.0249326075	-0.0425093454	0.0154468614	0.0755149814	0.0076308604	-0.0026699328	-5.71983e-05	-0.0268521415	0.0170412831	-0.0076237025	-0.0401038967	0.0054163621	-0.0069585136	0.0402357475	-0.0328494178	0.0094106419	0.0289497324	0.0731197881	0.0099816632	0.0246482966	-0.0375955805	0.0272567521	0.0091383971	0.051931699	0.0669048459	-0.0972930383	-0.0241054279	-0.0197543559	-0.0688414415	0.0963881104	-0.0079323702	0.0809598305	-0.0374412404	-0.0497051625	-0.0211324865	0.0754344479	-0.0707106781	0.010657419	0.0577350269	-0.0809511339	0.040824829	0.2151608832575675	0.009624361656506	0.0462942056841765	9.26283372952248e-05	0.1978869940151213	-0.0098701661401889	9.742017963493312e-05	0.0391592624003406	0.1875956860787937	-0.0188799979947517	0.0003564543242818	0.0351921414353733	-0.0010011847110005	-0.0001153090623668	1.3296179863910585e-08	1.0023708255411548e-06	-0.0042788232463744	-0.0001740678432174	3.029961404235748e-08	1.830832837371396e-05	0.0006168615905176	6.667742479859995e-05	4.445878977772952e-09	3.805182218559032e-07	0.0	0.0	0.0	0.0	0.0	0.0	0.0	0.0	0.0	0.0	0.0	0.0	0.0	0.0	0.0	0.0	0.0	0.0	0.0	0.0
1745.4367052229754	3.960650062138938	3046549.291939636	15.686748914721178	2157.413749348033	14.95312517339471	4654434.085875938	223.5959524512106	1827.3054427654424	2.5457774379799503	3339045.1811602097	6.480982763727759	1879.9262870040595	1739.0237360205572	1.144723	30.646378	0.3701857090880925	0.1961383101058103	-0.0280349998	0.0086172475	0.0155497547	0.0468846435	-0.0453417323	-0.0155616764	0.0057985705	0.0495336445	0.0268371297	0.0174042946	-0.0089806187	0.0034139771	0.0063973989	-0.0431627775	0.0072470648	0.0244597599	0.035192098	0.0307326138	-0.0374985101	0.035363145	-0.0232728017	0.0173495123	0.005534102	-0.0155797056	-0.0324177413	0.0304664301	0.0421653347	0.0325956979	0.014502759	-0.0251006157	-0.0329673013	-0.021991838	-0.0248088939	-0.0212003848	0.0116243981	0.002943292	-0.0049114448	0.0365520857	-0.0893138903	-0.0150985314	0.0176416092	-0.0451632034	0.0403425552	-0.0411216578	-0.0180105402	-0.098220676	0.0237477072	0.0944535676	-0.0799277385	0.0282855682	0.0060886771	0.0783543205	0.0663022907	-0.0258240974	-0.0551850333	-0.0043449745	0.0790448009	-0.0503807682	-0.0194761753	0.0744157659	-0.0723582192	0.0148794683	0.0539958877	-0.081514268	0.0465985677	0.3149418914809274	0.0997810082233598	0.0991883950095842	0.0099562496020702	0.2036163048308878	0.0057293108157664	3.282500242365897e-05	0.041459599592985	0.2318091010472898	0.044213414968496	0.0019548260631764	0.0537354593283526	-0.0010920807012455	-9.089599024500006e-05	8.262081042619145e-09	1.1926402580328631e-06	-0.0029820064309409	0.0012968168154335	1.6817338527910853e-06	8.892362354172884e-06	0.0036383882864485	0.0030215266959309	9.129623574223104e-06	1.3237869322965653e-05	0.0	0.0	0.0	0.0	0.0	0.0	0.0	0.0	0.0	0.0	0.0	0.0	0.0	0.0	0.0	0.0	0.0	0.0	0.0	0.0
1742.813861335081	-2.6228438878945326	3037400.1552616945	6.879310060265707	2125.7090346596456	-31.70471468838741	4518638.900033643	1005.1889334720483	1830.770733035796	3.4652902703535347	3351721.4769404256	12.008236657806874	1877.0975837258727	1712.1843504007486	1.07861	28.876398	0.461546952592655	0.223904235927353	-0.0186031124	0.0014705128	0.0437249701	0.0021855038	0.0268422196	0.0005219892	0.0606290222	-0.0707164747	-0.0142482227	0.0225791401	0.0093494027	-0.0098744863	-0.0716579988	-0.0477865063	-0.0664632239	-0.0105227353	-0.0040990205	0.0093413722	0.085233382	0.0202846888	0.0909850137	0.018856105	0.0288043721	-0.055693543	0.0801503266	-0.0376658825	-0.0034193335	0.0669850284	-0.010987635	0.0383043541	0.0364795847	-0.0237360589	0.0309217041	-0.0177145414	-0.0372774874	-0.0019645878	-0.0232151404	0.0326748455	-0.010446743	-0.0044789447	0.0691246719	-0.0446696232	-0.0550186275	0.0277563695	-0.0115237344	0.0138293918	-0.0318410802	-0.0467528043	0.0118617925	0.0105855151	-0.078952826	-0.0761682388	-0.0872782238	0.0008545697	-0.0372329383	0.0131142423	0.0402020412	-0.0510508491	-0.0178113211	0.0733236445	-0.0738788195	0.0190607341	0.0500436514	-0.0816395852	0.0520454508	0.1817295382940926	-0.1332123531868347	0.033025625088584	0.017745531041574	0.2219870140900894	0.0183707092592015	0.0003374829586861	0.0492782344246335	0.1845298490186024	-0.0472792520286874	0.0022353276723921	0.0340512651788281	-4.438655664347599e-05	0.001047694144602	1.0976630206333668e-06	1.9701664106645023e-09	-0.004094028731882	-0.0011120223009411	1.2365935977903384e-06	1.6761071257475338e-05	0.000544411969633	-0.0030939763168155	9.572689449015208e-06	2.963843926796826e-07	0.0	0.0	0.0	0.0	0.0	0.0	0.0	0.0	0.0	0.0	0.0	0.0	0.0	0.0	0.0	0.0	0.0	0.0	0.0	0.0
1751.2731757657125	8.459314430631593	3066957.736156524	71.56000063629192	2153.62921593406	27.92018127441452	4638118.799724754	779.536522396167	1831.7082705135235	0.9375374777275738	3355155.188267644	0.878976522143781	1883.5496596392463	1738.598765794004	1.152482	30.854105	0.1017933184841785	0.0475334943084928	-0.0317045318	-0.0904239899	-0.0413453726	0.0310401037	-0.0528508411	0.0306940522	0.0392070799	0.0100605531	-0.0060043495	0.0267760714	0.0049062142	-0.0203291517	-0.035758825	-0.0648281219	-0.0689058727	-0.0140023828	0.000845248	-0.0932121594	-0.0195393535	-0.0945800327	0.0391838599	0.0254661529	0.0038474743	0.0432372017	-0.0291693671	0.0947084327	0.0285757601	0.1360681517	-0.0462629575	0.0592295614	0.0290465834	0.0163651439	-0.0555384704	-0.0201217493	-0.0734441401	0.0255863146	-0.0234796004	-0.0205341567	-0.0456585432	0.0465096248	0.0823740564	0.0350169309	0.0293652189	-0.0487064557	0.0478640155	0.0007691193	-0.0366127008	-0.0103882148	0.0177716555	-0.0166882431	-0.0148290247	-0.0237194262	0.0995926746	0.0480469535	-0.0509476551	0.0427309919	-0.0805345112	-0.0517153317	-0.0161386543	0.0721591615	-0.0752698111	0.0231897558	0.0458939156	-0.0813264124	0.0571272725	0.1668505055253462	-0.0148790327687464	0.0278390911940635	0.0002213856161334	0.2210718337130117	-0.0009151803770776	8.37555122588063e-07	0.0488727556612334	0.1467551251710617	-0.0377747238475406	0.0014269297617579	0.0215370667639739	0.0002344666629095	0.0002788532195529	7.775911805506023e-08	5.4974616015917117e-08	-0.0036639137675098	0.0004301149643721	1.8499888257689878e-07	1.3424264095747857e-05	0.0007999314155241	0.000255519445891	6.529018722849476e-08	6.398902695423903e-07	0.0	0.0	0.0	0.0	0.0	0.0	0.0	0.0	0.0	0.0	0.0	0.0	0.0	0.0	0.0	0.0	0.0	0.0	0.0	0.0
1747.4185645946634	-3.854611171049101	3053471.639890074	14.858027279976518	2175.972453724254	22.343237790194053	4734856.119366751	499.2202749491556	1833.290510211075	1.5822396975513584	3360954.094829983	2.503482460507414	1895.79357287837	1762.3778483780236	1.447626	38.755638	0.3030265864959504	0.1796592900340887	-0.020420061	-0.2157646898	-0.0505011124	-0.0210565891	-0.0483741026	0.2570404956	-0.0391366057	0.0472201885	0.0604352762	0.0262830924	-0.0185265034	-0.1393716547	-0.1062854063	0.0092531811	-0.0192341969	-0.131848741	-0.0251187483	0.0379364841	0.0220244438	-0.0732287545	-0.1237418863	0.0292323098	-0.0606073008	0.202548964	0.0715204779	-0.0033695346	-0.0702974474	0.0269572157	-0.039916446	0.0331270489	0.0602376386	0.0379493267	0.1302651062	0.0072769762	-0.1851712196	0.0288607245	0.0069478934	0.0853174055	0.123551964	0.0249547283	0.0269061156	0.0129441483	-0.0538426081	0.0286346668	0.051938948	0.0162547894	0.0129864245	0.003761421	0.0495578142	-0.1181337024	0.0108203101	0.0036131796	0.0487270576	-0.0905845466	0.010248838	-0.0532501007	-0.0881891647	-0.0523741431	-0.0144589085	0.0709234662	-0.076528754	0.0272552159	0.0415630576	-0.0805764318	0.0618083875	0.1422211635435815	-0.0246293419817646	0.0202268593596901	0.0006066044864547	0.1998755377058501	-0.0211962960071616	0.0004492829644232	0.0399502305732027	-0.0119663590232974	-0.1587214841943591	0.0251925095448601	0.0001431937482744	0.0014367817584112	0.0012023150955016	1.4455615888712617e-06	2.06434182130318e-06	-0.0044299436235122	-0.0007660298560023	5.868017402870572e-07	1.96244005074964e-05	0.0007986870807749	-1.244334749200002e-06	1.5483689680666319e-12	6.379010529967316e-07	0.0	0.0	0.0	0.0	0.0	0.0	0.0	0.0	0.0	0.0	0.0	0.0	0.0	0.0	0.0	0.0	0.0	0.0	0.0	0.0
1745.908731727518	-1.5098328671454055	3048197.2995223906	2.279595286712516	2179.154972249811	3.182518525557043	4748716.393081076	10.128424165513776	1826.9268470451848	-6.363663165890102	3337661.70445446	40.49620888890644	1888.7291441674329	1785.2636063162204	1.569561	42.020084	0.3129556254969605	0.187266645309921	-0.0510700252	-0.0310232442	0.0272788276	0.0382731573	-0.041322351	0.0589635325	-0.0829445645	-0.0012394821	0.0157679534	0.0171328309	-0.0124914246	-0.0263035716	-0.0050797155	-0.0199245846	-1.10517e-05	-0.007647181	0.0124939313	-0.0906394759	-0.0329320691	0.0131970377	-0.0186520337	0.0203423476	-0.00464823	0.0338711712	-0.0347612919	0.0777958546	-0.0327320833	0.020003103	-0.0117299146	0.0060451797	-0.0294684511	0.0803578856	-0.1043561519	-0.0270717384	-0.0357098646	0.0195565305	-0.0224010768	-0.010719758	-0.0743711257	-0.0164298257	0.0339040004	-0.0904564416	0.0169163655	-0.0299986261	-0.0083889149	-0.0889586669	-0.0231932773	0.0238382752	0.0824751147	-0.0154303176	0.0331225084	-0.0250239598	0.0252086787	-0.0830144021	0.0820004771	0.0323038681	-0.1158935838	-0.0530272111	-0.0127728206	0.0696177779	-0.0776534394	0.0312459714	0.0370681691	-0.0793936715	0.066055961	0.1838336763839834	0.0416125128404019	0.0337948205728511	0.0017316012248926	0.2124110007762283	0.0125354630703782	0.0001571378343888	0.0451184332507588	0.152485502828668	0.1644518618519654	0.0270444148665779	0.0232518285729117	-0.0002271653240211	-0.0016639470824323	2.768719893134963e-06	5.160408443761136e-08	-0.004268107284066	0.0001618363394461	2.6191000765345582e-08	1.8216739788297248e-05	0.0008600194135807	6.133233280580005e-05	3.761655047401417e-09	7.396333917356912e-07	0.0	0.0	0.0	0.0	0.0	0.0	0.0	0.0	1.0	0.0	0.0	0.0	0.0	0.0	0.0	0.0	0.0	0.0	0.0	0.0
1729.7064698146562	-16.202261912861786	2991884.47171868	262.51329109297166	2116.372036760504	-62.782935489306965	4479030.597981805	3941.69698865448	1815.568836948328	-11.358010096856788	3296290.2016979046	129.00439336030072	1869.688681209789	1741.5362467325745	1.88047	50.343697	0.3554384602232177	0.2721223007648876	0.0083407373	-0.1998598865	0.0649620665	-0.0570784136	-0.0261193262	0.1635114495	0.0996152128	-0.1033533492	-0.0141785836	-0.0134980327	0.020570933	-0.1389885613	0.0200717636	0.0488712349	-0.0013547914	-0.1122434573	-0.0877394201	-0.0172295849	0.044325392	0.0241267353	0.0564372049	-0.0131289488	-0.0025491292	0.110810899	0.1889017366	-0.0015727687	-0.0372863528	-0.0648642731	-0.0155631733	0.0673627931	0.1350901613	-0.0022979214	0.0205529458	0.0296443317	-0.2071231179	0.0009686643	0.0333589817	0.1652563785	0.1692961408	-0.0185497129	-0.0512695141	0.0155121632	-0.1722409091	0.0926963634	0.0528809081	0.1866964034	0.0279983609	0.1067103376	0.067867792	-0.0065053519	-0.0419064983	-0.0375063469	-0.1795911299	-0.0839775411	0.0715733778	-0.046246987	-0.0433696371	-0.0536744641	-0.0110811301	0.0682433853	-0.0786418943	0.0351510839	0.0324269895	-0.0777844842	0.0698401994	0.151403299958261	-0.0324303764257224	0.0229229592382511	0.001051729315114	0.1775150666447302	-0.034895934131498	0.0012177262189098	0.031511598885883	-0.1167077566101042	-0.2691932594387722	0.0724650109272701	0.0136207004529633	-0.0003348850793001	-0.000107719755279	1.1603545677367649e-08	1.1214801633783428e-07	-0.0040611454556838	0.0002069618283821	4.2833198407303185e-08	1.649290241222118e-05	0.0007963231926974	-6.369622088330006e-05	4.057208554814151e-09	6.341306272277804e-07	0.0	0.0	0.0	0.0	0.0	0.0	0.0	0.0	0.0	1.0	0.0	0.0	0.0	0.0	0.0	0.0	0.0	0.0	0.0	0.0
1718.10379843315	-11.602671381506298	2951880.6621904178	134.62198318722525	2133.9087135141544	17.536676753650227	4553566.397611634	307.53503156201623	1821.3347103721217	5.765873423793664	3317260.1272063004	33.24529633921007	1880.376839910769	1713.2349760535394	1.748431	46.808758	0.6236773259056035	0.2923505319869356	0.0455234526	-0.2197187901	-0.0622972594	-0.112655268	-0.0506613609	0.2380803335	-0.0786344693	-0.0262894784	0.0319378751	-0.0093380049	-0.0275206811	-0.1967417411	0.0292533647	0.181328271	0.0823036966	-0.2072843745	-0.1322227442	0.0309970443	0.1514622766	-0.2029345285	-0.1957615962	-0.0098477767	-0.0866785462	0.2568285065	0.1191844901	-0.0116557932	-0.0429528128	-0.1931684446	-0.1099483538	0.0383633599	0.2003907412	-0.0083284999	0.1598277602	0.0386604132	-0.1554179668	0.0433933407	0.0598549641	0.1206296869	0.2697766985	0.0265550969	-0.1857011703	0.2390511602	-0.044303383	0.0609729747	0.2272829924	0.1622444572	0.0446868991	-0.1275576366	-0.1339556445	-0.0581529854	0.131401923	-0.0618428165	-0.0430935054	-0.0350398825	0.1194500944	-0.0503790047	0.2992308061	-0.054315831	-0.009384579	0.0668016447	-0.0794923845	0.0389598496	0.0276578354	-0.0757575129	0.073134559	0.1880122254911072	0.0366089255328462	0.0353485969341189	0.0013402134286694	0.3056921374922012	0.128177070847471	0.0164293614910375	0.0934476829245508	0.0015919746794921	0.1182997312895963	0.0139948264231906	2.534383380143975e-06	0.0038115009157864	0.0041463859950865	1.7192516820249466e-05	1.4527539231040569e-05	-0.0058188074374398	-0.001757661981756	3.0893756421104293e-06	3.385851999400473e-05	0.0017041071805687	0.0009077839878713	8.240717686355206e-07	2.903981282865804e-06	0.0	0.0	0.0	0.0	0.0	0.0	0.0	0.0	0.0	0.0	1.0	0.0	0.0	0.0	0.0	0.0	0.0	0.0	0.0	0.0
1733.4128719789662	15.309073545816318	3004720.184742368	234.367732831213	2159.196013710716	25.287300196561773	4662127.425624248	639.4475512310331	1827.1846691823143	5.849958810192675	3338603.815294884	34.222018080950896	1884.7425656786152	1734.9419233090655	2.867664	76.772705	1.0882473306220235	0.5675948384781677	-0.0061480395	0.2022222889	0.039602439	0.0338865608	0.0430019198	-0.1352579036	-0.0985357071	-0.0558724646	0.1358408467	0.0145389011	-0.000403014	0.0801202503	0.0169280494	0.0191291186	0.0629144649	0.1319163617	0.0486468261	-0.0183082591	0.1161750054	0.0152366708	-0.0660123791	0.0209780163	0.0038046206	-0.1020255879	-0.0462364099	-0.0156101424	0.0416299199	-0.1157404613	0.0129578259	-0.1098964215	-0.0612444248	0.016782995	-0.0079463067	-0.0320759294	0.2158422692	-0.0116220973	0.027109404	-0.0080250419	-0.023648334	-0.048568906	-0.0842742207	-0.0545701266	0.0706097851	0.0010588109	-0.0548983074	-0.1122024667	0.071265354	-0.0827042526	-0.0715952515	-0.0026828331	0.0353887904	0.1199963136	0.0594758553	-0.0066055168	-0.0645246952	-0.0105001519	0.0348377852	-0.0549512416	-0.0076839116	0.0652939789	-0.0802034182	0.0426618292	0.0227795284	-0.0733236445	0.0759159322	0.3009882059810138	0.1129759804899065	0.0905939001396691	0.0127635721676557	0.2612997047832834	-0.0443924327089177	0.0019706880818157	0.068277535719831	0.4734846960817265	0.4718927214022343	0.2226827405124067	0.2241877574236049	-0.0005772681825235	-0.0043887690983099	1.926129419827989e-05	3.3323855455398494e-07	-0.0044150156056268	0.001403791831813	1.9706315070648987e-06	1.949236279792818e-05	0.0050912701708651	0.0033871629902964	1.1472873122833653e-05	2.5921031952740744e-05	0.0	0.0	0.0	0.0	0.0	0.0	0.0	0.0	0.0	0.0	0.0	1.0	0.0	0.0	0.0	0.0	0.0	0.0	0.0	0.0
1725.8749948360453	-7.537877142920934	2978644.4978003195	56.819591821769855	2111.3993544145064	-47.79665929620978	4458007.233821995	2284.520639877957	1823.2900954575568	-3.894573724757493	3324386.772193627	15.16770449757145	1872.252608714384	1701.5117732263848	1.307058	34.992393	0.1142018835978909	0.0667203468295267	0.0077772222	0.1023971132	-0.0561313145	-0.0192167038	0.0858715865	-0.0895724613	-0.0628821919	0.0152948836	-0.067518203	0.0040363031	0.0005305066	0.0444419226	0.0409291218	0.0674062414	0.0648305632	0.0377549323	-0.0036554833	0.0629672786	0.1314374222	-0.0166660767	-0.0205132551	0.0045332276	-0.0058960512	-0.0432832895	0.0014596255	-0.1083499404	0.0221787034	-0.0798217615	0.0016396424	-0.0583455347	-0.0148440935	0.016175582	-0.0195906819	-0.0069783958	0.1025459865	-0.0216509511	0.0284633579	0.0269306055	0.0394919431	-0.030093238	-0.0675217423	0.060477139	0.0110851976	0.0400736505	-0.0386316801	0.041321125	0.0930176379	0.0205767708	-0.000276905	0.1336097618	0.07676234	0.0263552436	0.0839313189	0.0415728892	-0.0593783745	0.0180668289	0.0805054325	-0.0555806262	-0.0059798738	0.0637218759	-0.0807737477	0.0462468756	0.0178113211	-0.0704959515	0.0781648097	0.294960214495731	-0.0060279914852827	0.0870015281353676	3.633668134664156e-05	0.2421377661514867	-0.0191619386317967	0.0003671798921287	0.058630697796832	0.4091335787846901	-0.0643511172970364	0.0041410662973769	0.1673902852891682	-0.0004561206969441	0.0001211474855794	1.4676713262210941e-08	2.080460901807715e-07	-0.0042661478741115	0.0001488677315153	2.2161601486511494e-08	1.8200017683786068e-05	0.0048680686642843	-0.0002232015065808	4.981891253993891e-08	2.369809252018673e-05	0.0	0.0	0.0	0.0	0.0	0.0	0.0	0.0	0.0	0.0	0.0	0.0	0.0	0.0	0.0	0.0	0.0	0.0	0.0	0.0
1728.944008137394	3.0690133013486047	2989247.3832741966	9.418842643854662	2147.536273609508	36.13691919500161	4611912.046468612	1305.8769289060758	1817.9916781598365	-5.298417297720334	3305093.7418584186	28.07322586078205	1875.529230933096	1726.0804908260534	1.078993	28.886644	0.3299791562437926	0.2169010719773524	-0.0057306943	0.1136833311	-0.0142366409	0.0217936327	0.0038118035	-0.0938000153	-0.1062875146	0.0156521641	0.0281527382	0.0020153454	0.0094555175	0.0564513992	0.0915180117	0.0212928459	0.0445390916	0.0490175846	0.0221671025	0.0189950735	-0.1055466779	0.0116623216	0.0594241118	0.0053258315	0.0209573816	-0.0291088692	-0.0971621648	0.0064871805	0.0458871893	-0.0663403568	0.0440272624	-0.0254570855	-0.0434242104	0.0042503621	-0.0897862674	-0.0242681338	0.1340309014	-0.0100010882	-0.0026457315	-0.0271078536	-0.0157109584	-0.0193092838	-0.0265469731	0.0219067487	0.0198561611	0.0039273372	0.0189844294	-0.0898663665	-0.004661758	0.0009332617	-0.0138677986	0.0151431805	0.0572931926	-0.0320183199	-0.0342043813	-0.0145808461	0.0325885222	0.0404401067	-0.0567941217	-0.0562039158	-0.0042732129	0.0620868871	-0.0812023727	0.0497051625	0.0127728206	-0.0672896215	0.0798654172	0.1838471393607932	-0.1111130751349378	0.0337997706511469	0.0123461154659423	0.2524324820366104	0.0102947158851237	0.0001059811751554	0.0637221579871636	0.407212204573689	-0.001921374211001	3.6916788587000273e-06	0.1658217795537639	-0.0006279165384982	-0.000171795841554	2.9513811175281426e-08	3.942791793195615e-07	-0.0045068747440193	-0.0002407268699078	5.794942589560708e-08	2.0311919958279032e-05	0.0011475915554916	-0.0037204771087927	1.3841949917050488e-05	1.3169663782356302e-06	0.0	0.0	0.0	0.0	0.0	0.0	0.0	0.0	0.0	0.0	0.0	0.0	0.0	0.0	0.0	0.0	0.0	0.0	0.0	0.0
1729.671079582834	0.7270714454400604	2991762.043545246	0.5286328867742988	2112.7691561959005	-34.76711741360759	4463793.507372737	1208.7524532515763	1819.0032395033809	1.011561343544372	3308772.785323794	1.0232563517532949	1863.76869135838	1683.416713295031	1.106713	29.628759	0.1402757302065296	0.1119166667424124	0.0118995808	0.0579649704	0.0436907981	-0.0049637317	0.0195255856	-0.0739683428	0.0398634216	-0.0740678078	-0.0219907955	-0.0020732127	0.0196764933	0.01007316	0.0418353037	-0.0009243671	-0.0354126138	0.0621571447	-0.042449161	-0.0016628993	-0.007457608	0.0935567496	0.0647910686	-0.0040988892	0.0254549932	-0.0783889211	0.0561473567	-0.0561381721	0.0301558169	0.0246647531	0.0284788884	0.018508136	-0.0098445279	-0.1050295601	-0.0418708623	-0.0095999473	0.0298048304	-0.007191722	0.0004319743	0.0062494252	0.0131147263	-0.0338399148	-0.0305656831	-0.0143031013	-0.034599515	0.0233606466	0.0024645672	0.0293673003	-0.02427574	0.0608551718	0.0327434226	0.1004555724	0.0693629974	-0.1125130013	-0.0526916984	0.0341381273	-0.0497438232	0.0028674236	-0.0093122201	-0.0568210419	-0.0025646777	0.060390626	-0.0814885411	0.0530272111	0.0076839116	-0.0637218759	0.0810058262	0.1719969699203289	-0.0118501694404642	0.0295829576617745	0.0001404265157677	0.2471831036920377	-0.0052493783445727	2.755597300446885e-05	0.0610994867508286	0.2980175964681564	-0.1091946081055326	0.0119234624393208	0.0888144878046569	-0.0006991977479931	-7.128120949490002e-05	5.081010827055825e-09	4.888774907986225e-07	-0.0046579387901639	-0.0001510640461445	2.2820346037577736e-08	2.169639377291353e-05	0.0012048777861713	5.728623067969988e-05	3.2817122254877873e-09	1.4517304796090528e-06	0.0	0.0	0.0	0.0	0.0	0.0	0.0	0.0	0.0	0.0	0.0	0.0	0.0	0.0	0.0	0.0	0.0	0.0	0.0	0.0
1737.9739288262526	8.302849243418677	3020553.3772797603	68.9373055589381	2138.5830594843083	25.8139032884078	4573537.502313265	666.357602983271	1826.180099398072	7.176859894691006	3334933.7554375515	51.5073179480242	1875.837467926624	1717.1651515598996	1.093328	29.27043	0.3909118904940671	0.2206652287399383	-0.0077182263	0.0445511038	-0.0926469304	0.0168310476	-0.0257969426	-0.0567844395	-0.0082226658	0.0652096469	-0.0219523809	0.0086198126	-0.019804223	0.057263803	0.0055732262	-0.0206634903	0.0130574069	-0.010871519	0.0110115363	0.081347612	-0.0139004049	-0.1004410242	0.0639033549	0.0062315348	-0.0107866336	0.0159030938	-0.0678409851	-0.0157601698	0.0351606508	0.061140894	0.0429508158	-0.0276650866	-0.0540663594	-0.0689060173	-0.0076584147	-0.0107077701	0.0556338705	-0.0022693407	0.0095429512	0.0291445787	-0.0574315019	-0.0302977708	0.0214911235	0.0816416208	0.0959192292	0.0104121936	-0.0799452735	-0.1053967563	0.07506302	0.0450775438	-0.0189859455	0.0073041472	0.0052802555	0.079028724	0.0357045869	0.0823266746	-0.0436114264	0.0041625038	0.0492640878	-0.057431937	-0.0008550176	0.0586347667	-0.081631751	0.0562039158	0.0025646777	-0.0598118772	0.0815780375	0.3105221243076244	0.1385251543872954	0.0964239896845197	0.019189218398024	0.2535922147309719	0.0064091110389341	4.107670430938802e-05	0.0643090113721593	0.3091114079049788	0.0110938114368224	0.0001230726521957	0.0955498624969982	-0.0003720456438493	0.0003271521041438	1.0702849924571577e-07	1.3841796110724017e-07	-0.0036793843474289	0.000978554442735	9.575687973964067e-07	1.3537869176104792e-05	0.0045968475119128	0.0033919697257414	1.1505458620346865e-05	2.1131007047778896e-05	0.0	0.0	0.0	0.0	0.0	0.0	0.0	0.0	0.0	0.0	0.0	0.0	0.0	0.0	0.0	0.0	0.0	0.0	0.0	0.0
1738.611081212929	0.6371523866764619	3022768.4917163905	0.4059631638475116	2146.244469382546	7.661409898237707	4606365.322355166	58.69720162881472	1820.8757534807885	-5.304345917283399	3315588.509614229	28.136085610201064	1873.332459932215	1713.614624843284	1.053244	28.197311	0.3560330946452426	0.2013012200631296	0.0039220805	0.0616256938	0.0408742102	0.0176442707	-0.0366206976	-0.0598472565	0.0002272116	0.0334167445	0.0455807158	-0.0071478063	0.0078146509	0.0524362234	0.0379112018	0.0373800678	0.015740856	0.0362627076	0.0235536766	0.0019256791	-0.0511929147	0.0239900409	-0.0271221408	-0.00270844	0.0134859525	-0.0396060258	-0.0416453122	0.0257542125	0.0255317846	-0.0378825649	0.0125735632	-0.0110327945	-0.0246919819	-0.0557114111	0.0105147501	-0.0076501033	0.0623268975	-0.0071760309	-0.0022666768	0.0232117702	0.0110384961	-0.025039627	-0.0168910064	-0.0580472468	0.0095651984	-0.0289592918	0.0458017456	-0.0398175793	0.0164675841	0.0465584016	0.0284221826	0.0320435875	0.0624505958	-0.0666095731	-0.0211641918	0.0357785856	-0.0050463857	0.0368287363	-0.0387165708	-0.058036534	0.0008550176	0.0568210419	-0.081631751	0.0592265694	-0.0025646777	-0.0555806262	0.0815780375	0.181393122175578	-0.1291290021320464	0.0329034647726041	0.016674299191618	0.2484662189801412	-0.0051259957508306	2.627583243753408e-05	0.0617354619742874	0.3342613712735343	0.0251499633685554	0.0006325206574396	0.1117306643256635	-0.0004871965680663	-0.000115150924217	1.3259735348029284e-08	2.373604959355809e-07	-0.0044018837255772	-0.0007224993781483	5.22005351424681e-07	1.9376580333501414e-05	0.0015019351464019	-0.0030949123655108	9.578482550192273e-06	2.2558091839972966e-06	0.0	0.0	0.0	0.0	0.0	0.0	0.0	0.0	0.0	0.0	0.0	0.0	0.0	0.0	0.0	0.0	0.0	0.0	0.0	0.0
1739.55475664754	0.9436754346108956	3026050.751375082	0.8905233258880626	2136.8276412270284	-9.416828155517578	4566032.368311866	88.67665251054859	1823.595531441315	2.719777960526472	3325500.662292732	7.397192154565532	1874.3408081054688	1725.6773309092755	1.00274	26.845215	0.0538289764756953	0.0285696716235637	0.000522425	0.0781949026	0.0393348843	0.0222193858	0.0387872343	-0.0763360302	0.0733699394	-0.0304698033	0.0228844784	0.0077246025	0.0204045936	0.0543760753	0.0502248675	0.0093990525	0.002629297	0.0471253397	0.0116185689	-0.0359355102	0.0476283137	0.048263336	0.058843115	0.0057102552	0.0306933558	-0.1135612693	0.018705316	-0.0079184971	-0.0246831943	-0.0169276199	0.037900621	0.0027752964	-0.0198065438	0.0027444874	-0.0602503936	-0.0118383298	0.0744007659	-0.0082967088	-0.0032537735	-4.50359e-05	-0.0230572338	-0.0297548449	-0.0138812288	-0.0220603323	0.0130784798	-0.0027896736	-0.0159759749	0.051059995	-0.0237169427	0.0508897235	0.0263636134	-0.0148851266	0.046036357	-0.0598050156	-0.0484933257	0.0583097462	0.041704097	-0.0118578582	0.0315499937	-0.0586347667	0.0025646777	0.0549512416	-0.0814885411	0.0620868871	-0.0076839116	-0.0510508491	0.0810058262	0.1786054034305664	-0.0027877187450115	0.0318998901345953	7.771375801288909e-06	0.2578990371130345	0.0094328181328933	8.897805792824097e-05	0.0665119133438303	0.3425703955515047	0.0083090242779704	6.903988445190191e-05	0.1173544759083144	-0.0007271278177402	-0.0002399312496739	5.7567004570079355e-08	5.287148633316256e-07	-0.00440490996789	-3.0262423127997568e-06	9.15814253577962e-12	1.940323182521668e-05	0.0010789043319922	-0.0004230308144097	1.789550699401341e-07	1.164034557591535e-06	0.0	0.0	0.0	0.0	0.0	0.0	0.0	0.0	0.0	0.0	0.0	0.0	0.0	0.0	0.0	0.0	0.0	0.0	0.0	0.0
1741.0442495091788	1.489492861638837	3031235.07874898	2.218588984873052	2130.4384996240788	-6.389141602949621	4538768.200680496	40.82113042254166	1826.5307738543952	2.935242413080232	3336214.667837136	8.615648023545063	1879.571080106848	1735.8021929387648	1.019995	27.307182	0.4196776125784881	0.21708661457979	-0.0092243055	0.0292288767	-0.0488015409	0.0007855956	0.0758367097	-0.0014778149	0.0110211087	0.0392190876	-0.0734260329	0.004119798	-0.0121968334	0.0129046288	-0.035039667	-0.0193442105	-0.0585594934	0.0412483827	0.023267957	0.0510274487	0.0450594102	-0.0313686528	-0.0070520437	0.0033017484	-0.0226986061	-0.0065482087	-0.0036362012	-0.0900631959	-0.018998756	0.0339339216	-0.0079821044	-0.0011803458	-0.0525791224	0.0182772902	0.0198206518	-4.73163e-05	0.0223983953	4.0466e-06	0.0159664535	0.0441632809	-0.0406549272	-0.0231453009	-0.0097814856	0.029987025	0.0565854062	0.0063415788	-0.073941469	-0.0114511415	0.0650353913	0.0605255976	-0.0302248422	0.0029414522	-0.0165116399	0.0566820937	0.0988059036	0.1240195393	-0.0010920774	0.0383306046	0.049790552	-0.0592265694	0.0042732129	0.0530272111	-0.0812023727	0.064777029	-0.0127728206	-0.0462468756	0.0798654172	0.3025533795899235	0.1239479761593571	0.0915385475012843	0.0153631007940005	0.2597755103931121	0.0018764732800775	3.521151970845044e-06	0.0674833158000018	0.2922600014948813	-0.0503103940566234	0.0025311357501327	0.085415908473788	-0.0004560584571944	0.0002710693605458	7.347859822670894e-08	2.079893163785364e-07	-0.0031440318030762	0.0012608781648138	1.5898137465042166e-06	9.884935978754582e-06	0.0044178121882812	0.003338907856289	1.1148305672788404e-05	1.9517064530925924e-05	0.0	0.0	0.0	0.0	0.0	0.0	0.0	0.0	0.0	0.0	0.0	0.0	0.0	0.0	0.0	0.0	0.0	0.0	0.0	0.0
1742.2087553600525	1.1645058508736383	3035291.347253223	1.3560738767189364	2157.256171139804	26.817671515725124	4653754.187920767	719.1875055253347	1822.3552306771976	-4.175543177197596	3320978.586776542	17.435160824641397	1875.392335061466	1721.1177483135468	1.038806	27.810772	0.4451522134353399	0.2306376413263328	-0.0061656454	0.030718649	-0.0209990119	0.0426086773	-0.0543255283	-0.0527923465	-0.0107981757	0.0712551772	0.0308634382	-0.0020465931	0.007916544	0.0253976586	0.0767134584	0.0097374751	-0.0120256295	0.011734621	0.0343219547	-0.0106595671	-0.0961640299	-0.10318852	0.0395444748	-0.0005180791	0.0165963146	0.0004873994	-0.0837675976	0.067161688	0.0721907539	0.0033489572	0.0168152024	0.0041409971	-0.0388348427	-0.0455534405	-0.0479438229	-0.0087014441	0.042489584	-0.0118061682	-0.0109044176	0.0052003334	-0.0060879185	0.0049964621	0.0545640675	-0.0004045417	0.0380632321	-0.0246317259	0.0437012454	-0.0746785864	0.0173559773	0.0237879731	-0.0213343054	0.0142805196	0.0706804305	-0.0930178154	0.0127686657	0.0446270605	0.0417146176	-0.0305272717	-0.0737806034	-0.0598118772	0.0059798738	0.0510508491	-0.0807737477	0.0672896215	-0.0178113211	-0.041194508	0.0781648097	0.1783959200795664	-0.1241574595103571	0.031825104301035	0.0154150747520659	0.2449682229059107	-0.0148072874872013	0.0002192557627286	0.0600094302336799	0.3086770682631794	0.0164170667682981	0.0002695200812747	0.0952815324715515	-7.667788033383235e-05	0.0003793805768605	1.4392962209905706e-07	5.879497332489513e-09	-0.0050600580194737	-0.0019160262163974	3.6711564619225184e-06	2.56041871604401e-05	0.0009178109881496	-0.0035000012001315	1.2250008400922635e-05	8.423770099681452e-07	0.0	0.0	0.0	0.0	0.0	0.0	0.0	0.0	0.0	0.0	0.0	0.0	0.0	0.0	0.0	0.0	0.0	0.0	0.0	0.0
1742.2291108974528	0.0203555374002917	3035362.2748585287	0.0004143479028546	2135.614396181973	-21.64177495783088	4560848.8491796935	468.3664233253956	1824.5790244654609	2.223793788263265	3329088.616519333	4.945258812718283	1874.1609714882047	1721.9490974416624	0.975099	26.105232	0.0817222197386007	0.0454441426266562	0.0034523754	0.0741393134	0.0753631242	0.022853271	0.0037868458	-0.0789081668	0.0670808542	0.0270517611	0.0494917656	-0.0025477234	-0.0049217655	0.0766443814	0.0182316826	0.0156011295	0.0401897794	0.028971024	0.0373190603	-0.0257995171	0.0734002113	0.0942969694	0.0126230506	-0.0010317791	0.0174131207	-0.1128182891	0.0033109559	0.0109715177	0.0186783283	-0.0553327967	-0.0049436352	-0.0098006167	-0.0018123639	-0.0009475089	0.0791685903	-0.0057743176	0.0699648956	-0.0130951072	-0.0016846056	0.0143056779	0.0063647879	-0.022439755	-0.000954355	-0.0904226475	0.0066926423	-0.0442541733	0.0241241772	0.0158808355	0.0091185195	0.0636166637	0.0561113829	-0.0103447157	0.0400172936	-0.0656685885	0.0059415503	0.0461743889	0.0168770524	0.0691908606	-0.0181251274	-0.060390626	0.0076839116	0.0490241061	-0.0802034182	0.0696177779	-0.0227795284	-0.0359208828	0.0759159322	0.1750874645172757	-0.0033084555622907	0.0306556202310882	1.0945878207652285e-05	0.2514612149669375	0.0064929920610268	4.215894590455738e-05	0.0632327426326483	0.3178697765567193	0.0091927082935398	8.45058857701164e-05	0.1010411948482186	-0.0008987080565444	-0.0008220301762105	6.75733610600777e-07	8.076761708978125e-07	-0.0048610399055852	0.0001990181138884	3.9608209655735873e-08	2.362970896369177e-05	0.0011513239744854	0.0002335129863358	5.4528314787463513e-08	1.325546894224858e-06	0.0	0.0	0.0	0.0	0.0	0.0	0.0	0.0	0.0	0.0	0.0	0.0	0.0	0.0	0.0	0.0	0.0	0.0	0.0	0.0
1742.393297312346	0.1641864148932654	3035934.402518989	0.0269571788355035	2142.02087801153	6.406481829556924	4588253.441837286	41.04300943244303	1824.8456013997395	0.2665769342786461	3330061.468947977	0.0710632618894016	1879.277380849801	1744.0381935013531	0.990576	26.519564	0.0718140778307517	0.0362288017886487	-0.007657278	0.0406920259	-0.0198739224	0.0089637669	0.0974700643	-0.0089262709	-0.0014344673	-0.0020285679	-0.0083124263	0.0025083298	-0.0036218195	-0.009651777	0.0109545559	0.0114784433	0.0129802323	0.0033058419	-0.0241741839	-0.0152970695	0.025342434	-0.0420481048	0.0107096971	0.003189583	-0.0059443261	-0.023770966	0.0201746083	-0.0442538168	-0.0356300694	-0.0067021584	0.0089979771	0.0125056417	-0.0045264907	0.0364431767	-0.0614921046	-0.0019483239	0.051089293	-0.0084529584	-0.0010964322	0.0191188765	-0.0319821895	-0.0386079662	-0.0059319081	-0.0134821188	0.0458697165	0.0261364597	-0.0554602322	0.0420867475	-0.0112993393	0.0032254599	-0.066796796	-0.0868653872	0.0079645341	-0.0612514541	0.0224445648	0.0577198408	0.0263288128	0.0258965762	-0.0486906316	-0.0609627523	0.009384579	0.0469489822	-0.0794923845	0.0717551168	-0.0276578354	-0.0304543249	0.073134559	0.1952639638088982	0.0201764992916225	0.0381280155623627	0.0004070911236648	0.2276560580260422	-0.0238051569408953	0.0005666854969806	0.0518272807559566	0.3177197348880654	-0.0001500416686538	2.2512502332446622e-08	0.1009458299373425	-0.000533345373508	0.0003653626830364	1.3348989015555692e-07	2.84457287442388e-07	-0.0046913193630528	0.0001697205425324	2.880506255749221e-08	2.2008477366154127e-05	0.0011327596014626	-1.8564373022799925e-05	3.4463594572966164e-10	1.2831443147057083e-06	0.0	0.0	0.0	0.0	0.0	0.0	0.0	0.0	0.0	0.0	0.0	0.0	0.0	0.0	0.0	0.0	0.0	0.0	0.0	0.0
1737.89030918075	-4.502988131596112	3020262.7267443626	20.27690211329544	2153.180917566473	11.160039554943069	4636188.063772399	124.54648286789389	1819.567090843156	-5.278510556583569	3310824.3980794256	27.862673695964183	1874.767095109528	1733.7446079760523	1.002463	26.837818	0.15899942212061	0.0770330297050224	0.0008228923	0.0400692407	-0.0740575176	-0.0003484321	0.030685187	0.0129383545	-0.0036353607	0.121277939	0.0257857928	-0.0019077278	0.0196973985	-0.0408100332	0.0560645854	0.0009006592	2.32851e-05	0.0275410597	-0.0023699529	-0.0119552381	-0.1107400922	0.0042559624	0.0141786122	-0.0016179131	0.0106602496	0.0464813102	-0.0198270295	-0.0237595621	0.0702906209	0.0076492938	0.0015287221	-0.0080932543	0.0063230186	-0.0277140562	-0.0466227841	-0.0014775209	0.0409378628	-0.0178585296	0.0015176872	0.0720258828	0.0348240661	0.0042368269	0.0429633307	-0.008437342	0.0286985814	0.0151196623	-0.0552524863	-0.0753382383	0.0130976968	0.0736410995	0.0056667106	-0.0469424311	-0.0111678458	-0.1391660914	-0.0834721159	0.0284796199	0.0573703434	-0.0883634378	-0.023005855	-0.0615281933	0.0110811301	0.0448275254	-0.0786418943	0.0736957799	-0.0324269895	-0.0248241955	0.0698401994	0.1517218119678887	-0.0435421518410095	0.0230195082268193	0.0018959189869455	0.2592641703992626	0.0316081123732203	0.0009990727677981	0.0672179100528178	0.2670901864986703	-0.050629548389395	0.002563351170114	0.0713371677238944	-0.000723031512065	-0.0001896861385569	3.5980831160665394e-08	5.227745674390002e-07	-0.0048740373888735	-0.0001827180258206	3.338587695981394e-08	2.3756240468136805e-05	0.0014247476274246	0.0002919880259619	8.525700730518551e-08	2.0299058018520262e-06	0.0	0.0	0.0	0.0	0.0	0.0	0.0	0.0	0.0	0.0	0.0	0.0	0.0	0.0	0.0	0.0	0.0	0.0	0.0	0.0
1729.9341681537103	-7.956141027039621	2992672.2261456694	63.30018004214308	2118.175655885176	-35.005261681296815	4486668.109184597	1225.368345376067	1815.236171075475	-4.330919767680825	3295082.356780752	18.75686603408853	1862.132240325329	1729.9099828958813	1.376467	36.850597	0.3162419041229308	0.1453623123408833	0.004787804	0.1089405384	0.0283639462	0.0050153911	-0.0005522285	-0.1349586902	0.029234391	-0.0098711852	-0.0202872601	-0.0159195749	0.0609015519	0.0146376162	0.0406842751	-0.0313715874	-0.063512775	0.1751864671	-0.1000325893	0.0455298729	0.020863061	-0.0048438663	0.0380559757	-0.018227688	0.0927654973	-0.1196174563	0.0005372801	-0.0759182178	0.1113575961	-0.0150835451	-0.0773888802	0.0408222051	0.121505912	-0.0128253001	-0.0176480532	-0.0009728615	0.0721003408	-0.038525139	-0.0134437937	0.0623020462	0.0499274434	0.02947482	0.0729101463	-0.0316049835	-0.0102254455	-0.0225733274	0.0636680059	0.0982148112	-0.049183903	-0.1762915766	-0.0100975066	0.2737097138	-0.1331115267	-0.219624872	-0.0952086297	0.0840315713	0.0626080355	0.0102141108	-0.053750219	-0.0620868871	0.0127728206	0.0426618292	-0.0776534394	0.0754344479	-0.0370681691	-0.0190607341	0.066055961	0.1508617757424275	-0.0008600362254611	0.0227592753801584	7.39662309105524e-07	0.3330322066271378	0.0737680362278752	0.0054417231689171	0.1109104506509406	0.3474312008527747	0.0803410143541044	0.0064546785874464	0.120708439326001	0.0008464923125692	0.0015695238246342	2.463405036094367e-06	7.165492352387522e-07	-0.0059396876518036	-0.0010656502629301	1.1356104828829913e-06	3.527988940098816e-05	0.0020150298861701	0.0005902822587455	3.484331449896897e-07	4.060345442158687e-06	0.0	0.0	0.0	0.0	0.0	0.0	0.0	0.0	0.0	0.0	0.0	0.0	0.0	0.0	0.0	0.0	0.0	0.0	0.0	0.0
1741.1204833409708	11.18631518726056	3031500.537509496	125.13364746873629	2132.315632560036	14.139976674860009	4546769.956859907	199.9389403655851	1818.5032891167527	3.2671180412776266	3306954.212528448	10.674060295641755	1873.55721543256	1749.4705063811446	1.394434	37.331593	0.4034967709894357	0.2059959787390259	-0.009075853	-0.0567553898	-0.0164157166	-0.0099776274	-0.067385789	-0.0094294859	0.0184429948	-0.0451967723	0.0178534108	-0.0138988125	0.039934736	-0.0124174048	0.0229895304	-0.043928773	-0.0200207698	0.0554856852	-0.085745353	-0.0430660097	0.0623591676	0.0494248305	-0.1541714954	-0.0090080696	0.0456044504	-0.0027883601	-0.0256284543	0.0149428223	0.0619228302	-0.0267423614	-0.0638873926	0.0455167015	0.1544162862	0.0117152972	0.0633927128	0.0028429315	-0.0235179595	0.0061583264	-0.0225556594	-0.0091138419	0.003840924	0.0852363826	0.0721409638	0.0591580993	-0.0562750434	0.0019085243	0.1384810791	0.0552477393	-0.0603547963	-0.4159565858	-0.0974523837	0.1510116472	-0.118453852	-0.017752825	-0.0296982111	-0.115089397	0.0286712335	-0.0283119476	-0.0549753263	-0.0626387723	0.0144589085	0.0404540309	-0.076528754	0.0769663555	-0.0415630576	-0.0131948967	0.0618083875	0.1667759864328104	0.0159142106903829	0.0278142296506369	0.0002532621018978	0.3367413078319856	0.0037091012048477	1.3757431747803386e-05	0.113394708400396	0.2820766434716546	-0.06535455738112	0.0042712181704821	0.0795672327922349	0.0041112705264425	0.0032647782138733	1.0658776785781736e-05	1.690254534159479e-05	-0.004269836576026	0.0016698510757775	2.788402615275606e-06	1.823150438596944e-05	0.0005792811415593	-0.0014357487446108	2.061374457651489e-06	3.355666409662458e-07	0.0	0.0	0.0	0.0	0.0	0.0	0.0	0.0	0.0	0.0	0.0	0.0	0.0	0.0	0.0	0.0	0.0	0.0	0.0	0.0
1736.3510796374742	-4.769403703496664	3014915.0717582223	22.74721168692769	2166.851949865168	34.53631730513189	4695247.372634481	1192.7572130007522	1824.9209205672057	6.417631450452973	3330336.3663238576	41.18599343384313	1883.9533740473728	1752.0204207930342	1.227293	32.856918	0.2040940290979056	0.1009118855938174	-0.0037044884	-0.0365900807	-0.062046218	-0.00479916	-0.0083115928	0.0709691985	-0.0438659428	0.059948818	0.0481825386	-0.0005181316	0.0078199017	-0.0081498014	-0.0697259776	-0.0323515774	-0.0092114891	-0.0273064316	0.0018955585	0.0623907036	-0.0313699966	0.0374526367	-0.1363716377	0.0012003068	-0.011315498	0.0688212501	-0.0778965478	-0.0213727972	-0.0286602796	0.059010387	-0.0200899325	0.0054444121	-0.0338056698	0.0444790533	0.075261443	0.0017013519	-0.0076222284	0.0196459305	-0.0078730353	-0.0899366209	0.0054367507	0.0225640986	0.0211613039	0.0602564019	-0.0214057576	0.0244803372	-0.0026815034	0.0038048985	-0.0094975735	-0.1945350351	0.027786933	-0.0834851186	0.0185096299	0.1100928149	0.0523724546	-0.1604230512	-0.0061922592	-0.0513536308	-0.038469645	-0.0631837885	0.0161386543	0.0382063093	-0.0752698111	0.0782873035	-0.0458939156	-0.0072581889	0.0571272725	0.1840492944831879	0.0172733080503774	0.0338741427997592	0.0002983671710032	0.3049598094547718	-0.0317814983772137	0.0010100636391008	0.0930004853826907	0.281791625317453	-0.0002850181542016	8.12353482244994e-08	0.0794065200990518	0.0028920264094283	-0.0012192441170142	1.4865562168737362e-06	8.363816752830745e-06	-0.0029619946449979	0.0013078419310281	1.71045051655531e-06	8.773412276996236e-06	1.1283099279344896e-05	-0.0005679980422799	3.2262177603386173e-07	1.2730832934755328e-10	0.0	0.0	0.0	0.0	0.0	0.0	0.0	0.0	0.0	0.0	0.0	0.0	0.0	0.0	0.0	0.0	0.0	0.0	0.0	0.0
1733.034208347524	-3.316871289950086	3003407.567302729	11.001635154095148	2134.798594908281	-32.05335495688723	4557365.04082237	1027.4175639922073	1823.699918334247	-1.2210022329586536	3325881.3921323395	1.4908464528900185	1879.4137521781167	1736.3286270160893	0.937691	25.103741	0.1765353562391228	0.0874881846013157	0.0048979848	0.0036830031	-0.099869428	-0.0198053615	0.0224584965	-0.001244705	-0.0806210347	0.017042556	-0.0590483044	-0.0052717415	-0.0047879431	0.0429494284	-0.0364408532	0.0193946075	0.0052247796	-0.0210274223	-0.0232625535	0.0047352299	-0.0445245545	0.0540709508	-0.0890839256	-0.0051792147	-0.0070794399	0.0153664716	-0.0868529003	-0.0121065566	-0.0227275467	0.0229386241	-0.0101633035	-0.0231963757	-0.0314860978	0.0001892176	-0.0074441808	0.0062129636	0.0148764083	0.0077731278	-0.0094967267	-0.1189042919	0.0187369393	0.0253686064	0.0338126982	0.0750371687	-0.0626878097	0.051802545	0.0044443089	-0.004814721	-0.0799173374	-0.0904910188	0.0810339712	0.0408520719	0.0510165094	0.1800620781	-0.0067605121	-0.1004673929	0.0309489646	-0.0221928528	0.0149456304	-0.0637218759	0.0178113211	0.0359208828	-0.0738788195	0.0793936715	-0.0500436514	-0.0012824971	0.0520454508	0.1589816887495061	-0.0250676057336818	0.0252751773576448	0.0006283848572193	0.2919529974043655	-0.0130068120504063	0.0001691771597145	0.0852365526933934	0.3247358085823961	0.042944183264943	0.001844202876293	0.1054533453756625	0.0017989585501565	-0.0010930678592718	1.1947973449730355e-06	3.236251865181177e-06	-0.0021960351753373	0.0007659594696606	5.866939091627476e-07	4.822570491318727e-06	-4.002467559008816e-05	-5.130777486943306e-05	2.632487762052426e-09	1.601974656091799e-09	0.0	0.0	0.0	0.0	0.0	0.0	0.0	0.0	0.0	0.0	0.0	0.0	0.0	0.0	0.0	0.0	0.0	0.0	0.0	0.0
1727.7067355883564	-5.3274727591676765	2984970.564197375	28.381965999673657	2138.8481218164616	4.049526908180724	4574671.288197805	16.39866818007973	1818.387659262496	-5.3122590717509865	3306533.67935814	28.220096445400653	1874.265678136489	1729.1840747008582	1.070275	28.653259	0.0786198404792795	0.0410770304889157	0.0185076883	0.0153949408	0.0445605563	-0.022053182	-0.0593487587	-0.0315158456	-0.0860417976	-0.0147622958	-0.0157540101	-0.0132055295	0.0158710026	0.0104833654	0.0503599269	0.039893243	0.0783188174	-0.0564075709	0.0553764758	-0.087254498	-0.0010073574	0.0973902067	-0.0417545454	-0.0129872634	0.0168729578	0.0178697416	-0.0240081774	0.0645621402	-0.007118152	-0.081662584	0.0533233738	-0.0390628643	-0.061590963	0.0183704669	-0.0049890524	0.0067789626	0.0243266705	0.008288955	-0.0008753442	-0.12304707	0.020262938	-0.0107527904	-0.0644635643	-0.0204404026	-0.0520229535	-0.0023299333	0.0494993755	-0.0544804466	-0.0537635432	-0.0203694565	0.0660279541	-0.0023618684	-0.0180740104	0.1036607546	0.0775658469	-0.0927632624	-0.0013739874	-0.0262259791	-0.038318297	-0.0642529755	0.0194761753	0.0336000067	-0.0723582192	0.080282427	-0.0539958877	0.0047000831	0.0465985677	0.1612688849170354	0.0022871961675292	0.026007653242384	5.23126630876066e-06	0.2875087733903001	-0.0044442240140653	1.975112708719519e-05	0.0826612947763949	0.3160579163037056	-0.0086778922786904	7.530581440055585e-05	0.0998926064582401	0.0013098364689728	-0.0004891220811837	2.392404103014741e-07	1.715671575451133e-06	-0.0026823412356182	-0.0004863060602808	2.364935842659301e-07	7.194954504297771e-06	0.0002487577433252	0.0002887824189152	8.3395285474565e-08	6.18804148642461e-08	0.0	0.0	0.0	0.0	0.0	0.0	0.0	0.0	0.0	0.0	0.0	0.0	0.0	0.0	0.0	0.0	0.0	0.0	0.0	0.0
1725.2438403442393	-2.462895244117135	2976466.308645739	6.065852983494802	2106.178123474121	-32.66999834234048	4435986.2878009705	1067.3287916885297	1818.1897268908765	-0.1979323716195722	3305813.88297152	0.0391772237349484	1871.5521168428309	1719.6943574078316	1.051378	28.147358	0.0676372604291753	0.0292481132984099	0.023706275	0.0227691858	0.0187049096	-0.0451659323	0.0089056201	-0.0494961055	-0.0561546437	-0.1529930131	-0.0083099561	-0.0181550988	-0.0036811269	0.0434550458	0.0407205849	0.0308829014	0.036331597	0.0057719183	0.0181781492	0.0595587426	-0.0205801768	0.10732723	0.0222106027	-0.0158703929	-0.0007624303	-0.0387790178	0.0370410622	-0.0161156941	-0.0420273391	-0.0769956944	0.0686721432	-0.0344215961	-0.0354172528	-0.0534267953	-0.0072226672	0.0102067966	0.0201144553	0.0123665386	-0.0001636439	-0.109110032	0.0433462935	0.0017087264	-0.0494965886	0.0364916387	-0.0742119618	0.0637240881	-0.0276405071	0.0134326331	-0.0594871077	0.0168760326	0.0396966339	0.0324454335	-0.0135153254	0.0181652694	-0.027893461	-0.0628560229	0.0254416931	-0.0649944527	-0.0500442091	-0.064777029	0.0211324865	0.0312459714	-0.0707106781	0.0809511339	-0.0577350269	0.010657419	0.040824829	0.1473192744797558	-0.0139496104372796	0.0217029686332416	0.0001945916313518	0.2927916489634299	0.0052828755731297	2.7908774321171365e-05	0.0857269497027243	0.3248900870439613	0.0088321707402556	7.800723998502826e-05	0.1055535686594327	0.000915007601739	-0.0003948288672338	1.558898344011257e-07	8.372389112401564e-07	-0.0028340032624933	-0.0001516620268751	2.300137039586359e-08	8.031574491822667e-06	3.796563863893486e-06	-0.0002449611794613	6.000597944307443e-08	1.4413897172621837e-11	0.0	0.0	0.0	0.0	0.0	0.0	0.0	0.0	0.0	0.0	0.0	0.0	0.0	0.0	0.0	0.0	0.0	0.0	0.0	0.0
1724.5081463831875	-0.7356939610517657	2973928.3469419773	0.5412456043280369	2114.544016751376	8.365893277255054	4471296.398779044	69.98817032642131	1822.5131514699835	4.323424579107041	3321554.187281051	18.69200009122689	1878.341230085784	1706.7264409601764	0.96667	25.879572	0.0485913571887162	0.0246822804001181	0.0289678829	0.0118347646	-0.0594444758	-0.0369301379	-0.0021473864	-0.0228522078	-0.1267630681	-0.0702780051	-0.0565566365	-0.0085854531	0.002795447	0.0394838337	0.0124989135	0.0137237829	0.0093648498	-0.0772141781	0.0161756796	0.0684872688	0.0344819333	0.0352710421	-0.0429097061	-0.0087587004	-0.0230976969	0.0329958501	-0.0532588526	-0.0236875743	-0.047108783	-0.0194369927	0.0828250601	-0.04204945	-0.0639802118	-0.0236575685	-0.0054072707	0.0101505857	0.0249744703	0.0076950736	0.0054487668	-0.1134427501	0.0430292917	0.0064832892	-0.0513132994	0.0854780246	-0.0431943825	0.0426252699	0.010159952	-0.0526225815	-0.04394784	-0.0059877585	0.0482342962	0.0369690935	-0.0139425921	0.0475203094	0.0292082981	-0.0322354468	0.0014083082	0.0481300194	-0.0525183207	-0.0652939789	0.0227795284	0.0288611001	-0.0689390864	0.0813979594	-0.0612463124	0.0165575133	0.0347647336	0.15466846277846	0.0073491882987042	0.0239223333782518	5.401056864981083e-05	0.2954762771857133	0.0026846282222833	7.207228691880424e-06	0.0873062303795284	0.3307797602288644	0.0058896731849031	3.4688250224967005e-05	0.109415249777065	0.0012079692292169	0.0002929616274778	8.582651517449983e-08	1.4591896587348713e-06	-0.0031720182649546	-0.0003380150024612	1.142541418889126e-07	1.006169987320559e-05	-1.858415585341696e-05	-2.2380719717310447e-05	5.008966150648086e-10	3.453708487840919e-10	0.0	0.0	0.0	0.0	0.0	0.0	0.0	0.0	0.0	0.0	0.0	0.0	0.0	0.0	0.0	0.0	0.0	0.0	0.0	0.0
1724.99116618699	0.4830198038025628	2975594.523423152	0.2333081308654662	2128.0065848610616	13.462568109685437	4528412.025212038	181.2407401079193	1822.0881640339453	-0.4249874360382364	3320005.2775125937	0.180614320790354	1876.1216950061275	1690.6928438748482	0.950816	25.455118	0.0447819753715064	0.0241705899689709	0.0423230014	0.021319329	0.045226791	-0.0356643633	-0.0794118975	-0.0403183427	-0.1023475231	-0.0966957256	-0.0008376443	-0.0141341066	0.0154031636	0.088984219	0.0316458397	0.0182176608	0.1179426586	-0.1122577056	0.0280254389	-0.0147973841	0.0553494063	0.0357597027	-0.065494676	-0.0123781022	0.0014772743	0.0018263218	-0.02563089	0.072701812	-0.062121682	-0.0959605418	0.0964594917	-0.0874669618	-0.0220944832	-0.0634787196	0.041467924	0.0141835776	0.0255405666	0.0145776786	0.005179736	-0.110331464	0.0428467763	-0.00611624	-0.0761649551	0.0349222401	-0.0566497822	0.0238674061	0.0425583793	-0.0737675697	0.0074861115	-0.0225821817	0.0447386624	-0.0381382012	-0.0697730537	0.0444781253	-0.0064474383	-0.0290219042	-0.0464380033	-0.0012442193	-0.0585861626	-0.0658037687	0.0244165784	0.0264477464	-0.0670465522	0.0816216788	-0.0645158866	0.0223686765	0.0284607885	0.1519016192945201	-0.0027668434839399	0.0230741019442973	7.655422864620722e-06	0.2938925868526496	-0.0015836903330637	2.508075071039458e-06	0.0863728526069421	0.3428239594141899	0.0120441991853255	0.0001450627340157	0.1175282671484221	0.0013401433717369	0.00013217414252	1.7470003950897277e-08	1.7959842568103468e-06	-0.002849941390205	0.0003220768747495	1.0373351324846933e-07	8.12216592760361e-06	9.490967426052924e-05	0.0001134938301139	1.2880849473933282e-08	9.007846268239766e-09	0.0	0.0	0.0	0.0	0.0	0.0	0.0	0.0	0.0	0.0	0.0	0.0	0.0	0.0	0.0	0.0	0.0	0.0	0.0	0.0
1722.704388238133	-2.2867779488569795	2967710.4092549207	5.229353387378534	2114.494845650413	-13.511739210648557	4471088.452282164	182.56709649657768	1820.8410391110424	-1.2471249229029129	3315462.0897109807	1.555320573325596	1871.4369427849265	1690.58642023523	0.934605	25.021112	0.0405367558366047	0.0190479117868143	0.04415115	0.0683125698	0.0750373474	-0.0313102865	-0.0095023106	-0.085949677	-0.0121345036	-0.1495616994	0.0022242306	-0.0174285498	0.0077803283	0.0351834134	0.0359397226	-0.0077145203	0.063925851	0.0332048843	0.0244680078	0.0165706969	0.0467536147	0.0093377746	0.0726110168	-0.0193981541	0.0086493963	-0.0623647046	0.0458133664	-0.021369485	0.0013724528	-0.0532879543	0.0563012724	-0.0772907784	-0.0415086866	-0.0411603089	-0.0013718412	0.0148426414	0.0506773064	-0.001072228	0.0034843033	-0.1182996673	0.0498221925	-0.0099999572	-0.0943503067	-0.0191021431	-0.088547143	0.0569708194	0.0006342815	-0.0513500049	-0.0620813107	-0.0048163683	0.0362963612	0.0446017695	0.0177894712	0.0684815627	0.0189223953	0.0064287306	-0.0487408703	-0.0206755287	-0.003869796	-0.0663063423	0.0260429185	0.024008292	-0.0650363955	0.0816216788	-0.0675308461	0.0280596966	0.0219572114	0.155572994886441	0.0036713755919209	0.0242029567379365	1.347899873695258e-05	0.287126377433978	-0.0067662094186715	4.57815898973198e-05	0.0824415566183592	0.351361741457886	0.008537782043696	7.289372222565948e-05	0.1234550733603183	0.0010811491208755	-0.0002589942508614	6.707802197925783e-08	1.1688834215698664e-06	-0.0030199520425044	-0.0001700106522993	2.8903621895267407e-08	9.120110339026496e-06	9.71325467460526e-05	2.2228724855233566e-06	4.941162086896785e-12	9.434731637374092e-09	0.0	0.0	0.0	0.0	0.0	0.0	0.0	0.0	0.0	0.0	0.0	0.0	0.0	0.0	0.0	0.0	0.0	0.0	0.0	0.0
1729.2833655318036	6.578977293670505	2990420.9583050017	43.28294223063208	2103.314270539717	-11.180575110695829	4423930.920656023	125.005259805911	1817.388339215552	-3.4526998954904684	3302900.375516662	11.921136568319891	1864.8629633884805	1683.856660662047	1.00298	26.851645	0.1166776746600466	0.0615871868105121	0.0334717064	0.0154906739	-0.0131427378	-0.0398429906	0.0342999852	-0.0411272624	-0.0134260042	-0.0519767455	-0.0880646128	-0.0310668482	0.002769724	0.0012781677	-0.0472592217	0.0219483793	-0.016497032	-0.028167979	-0.0703496745	0.0287052567	-0.0536717005	0.0156271761	-0.0221803493	-0.0314219768	-0.0055233646	0.0049546573	0.0379936427	-0.0537703935	-0.0385842621	0.0157503398	0.005877494	-0.0170078818	0.0164391838	-0.1203188907	0.0186601285	0.017469772	-0.0085634621	0.0058592608	0.0008313787	-0.074538176	0.0291370806	0.0075027274	-0.0390564179	0.0567244774	-0.054585786	0.0532532312	-0.0154418049	-0.0086359254	-0.039479607	-0.0175651364	0.0134249907	0.0569816946	-0.078637134	0.0261227753	0.0382435146	0.0695319649	-0.0849810934	0.0843935094	-0.1020570117	-0.0668016447	0.0276578354	0.0215451443	-0.0629121428	0.0813979594	-0.0702792922	0.0336000067	0.0152996203	0.1715112241465703	0.0159382292601293	0.029416100008255	0.0002540271519484	0.3029979820835109	0.0158716046495329	0.000251907834151	0.0918077771466796	0.303250220933954	-0.048111520523932	0.0023147184071247	0.0919606964964919	0.0011191104624447	3.796134156919999e-05	1.441063453733471e-09	1.25240822715319e-06	-0.0034633106788637	-0.0004433586363592	1.9656688043437798e-07	1.1994520858331342e-05	0.0003509389733466	0.0002538064266005	6.441770218373905e-08	1.2315816301356566e-07	0.0	0.0	0.0	0.0	0.0	0.0	0.0	0.0	0.0	0.0	0.0	0.0	0.0	0.0	0.0	0.0	0.0	0.0	0.0	0.0
1738.0436234064248	8.760257874621175	3020795.636863734	76.7421180298623	2132.6322604092684	29.317989869551184	4548120.358138345	859.5445299911058	1821.0067727607595	3.618433545207608	3316065.6664405563	13.0930613210837	1871.4710335525813	1686.249715600092	0.938483	25.124931	0.0623881890801278	0.0273494696549121	0.0327498461	0.0269482307	0.0069038225	0.0090012035	-0.0440430316	-0.0391178339	0.0311863085	-0.0215160203	-0.0346578929	-0.0175610339	-0.0203755021	0.0150129909	0.0054335313	-0.0325189335	-0.0287979835	0.0239302368	0.0156821555	-0.1023315624	0.0195839578	-0.0212356771	-0.0227004656	-0.0193421562	-0.0102500388	-0.0158502047	-0.0174727508	0.0556150221	0.054301747	0.034196055	-0.0038303261	-0.0002754469	-0.0421395911	-0.0391040616	-0.0318100633	0.0134554602	0.011142003	0.0089504449	0.0012634766	-0.0683233279	0.0055144232	0.0216976512	-0.0056921859	0.0363243214	-0.0010962876	-0.014912455	0.0215249899	-0.0695485903	0.0021729329	-0.0745641379	-0.0233213855	-0.0663218927	-0.0548746371	-0.0116784246	0.0238897681	0.0712370396	-0.1099742538	-0.0395793415	-0.0322707835	-0.0672896215	0.0292606206	0.0190607341	-0.0606775209	0.0809511339	-0.0727503781	0.0389598496	0.0085347133	0.1645858473963528	-0.0069253767502175	0.0270885011631755	4.796084313245324e-05	0.286459170460617	-0.0165388116228939	0.0002735322898975	0.0820588563409848	0.2941471131028876	-0.0091031078310663	8.286657218402208e-05	0.0865225241467629	0.0014071348270707	0.0002880243646259	8.295803461821099e-08	1.9800284215552883e-06	-0.0031982295701717	0.0002650811086919	7.02679941853798e-08	1.0228672383520658e-05	0.0003942513575476	4.3312384201e-05	1.875962625175034e-09	1.5543413292812554e-07	0.0	0.0	0.0	0.0	0.0	0.0	0.0	0.0	0.0	0.0	0.0	0.0	0.0	0.0	0.0	0.0	0.0	0.0	0.0	0.0
1746.1486266111954	8.105003204770583	3049035.026216164	65.69107694934142	2125.115086295388	-7.517174113880173	4516114.130000255	56.50790665839017	1826.4601433291075	5.453370568347964	3335956.655169784	29.7392505557238	1873.0856124578736	1713.3320078442882	1.002885	26.849096	0.1479085540079328	0.0949948180158983	0.0186816658	-0.0137940847	0.0425333683	-0.0204800148	0.0232670553	0.0124659066	0.0894729102	0.0197509415	-0.0257547672	-0.0100408179	-0.0178441991	-0.0424679816	-0.1078384724	-0.078250232	-0.0656590071	0.0558864265	0.0026504717	-0.0254005029	-0.0318901258	0.0767843653	0.0197642409	-0.0167279589	-0.0254787032	-0.0093670258	0.0570731362	-0.0512125457	0.0017673107	0.1228358271	-0.0279571426	-0.0391506736	-0.0370968103	-0.0508147026	0.0224272945	0.0192592063	-0.049122315	-0.000267326	-0.0099377397	-0.0142364568	0.0139909894	0.0203794874	0.0498533784	-0.076631933	-0.0492127959	0.0114731638	-0.0199970533	-0.0029556028	-0.0994388815	-0.0411267894	-0.0562838877	0.042499661	-0.027871046	0.0206664584	0.0316979546	0.0743957302	-0.103882364	-0.0178829881	-0.0849569799	-0.0677702193	0.0308505711	0.0165575133	-0.05833645	0.080282427	-0.0749343514	0.0441104375	0.0017099414	0.1640371993515401	-0.0005486480448126	0.0269082027710969	3.010146770767919e-07	0.271092949991754	-0.0153662204688629	0.0002361207314977	0.0734913875352316	0.2094662019321305	-0.0846809111707571	0.0071708567167096	0.043876089751872	0.0010059651426114	-0.0004011696844592	1.609371157291742e-07	1.0119658681491744e-06	-0.0036073797290869	-0.0004091501589152	1.6740385254033346e-07	1.3013188509827078e-05	0.0002583157144521	-0.0001359356430955	1.8478499063787165e-08	6.672700833289885e-08	0.0	0.0	0.0	0.0	0.0	0.0	0.0	0.0	0.0	0.0	0.0	0.0	0.0	0.0	0.0	0.0	0.0	0.0	0.0	0.0
1748.7995020894862	2.6508754782908	3058299.698508435	7.027140801403477	2152.5520094091244	27.43692311373616	4633480.153211259	752.7847499490694	1826.5796733655427	0.1195300364352078	3336393.303152173	0.0142874296102021	1878.470048134	1723.3621900247413	1.045633	27.993538	0.1100274484695701	0.0540860094795762	0.0143911842	-0.0551860298	-0.054726826	0.0151785125	-0.0743419252	0.0276041853	0.0535142421	0.0628684892	-0.0108152279	-0.0110428728	-0.0129595752	0.007426252	-0.0749249446	-0.0271792188	-0.0482639539	-0.0168153386	-0.0193546085	0.0201747208	-0.0103522655	0.0049159621	-0.0591137982	-0.0127114956	-0.0116688123	0.0344426965	-0.0647121088	0.0832772394	0.024884785	0.099135338	-0.0472474464	0.0131801456	-0.0023566715	-0.0622794974	0.0433974272	0.0191634089	-0.0485706474	0.0058371054	-0.0129643882	-0.0389366916	0.0137429401	0.0540270329	0.1028717416	0.070674201	0.0191761471	-0.0539357957	0.0769601657	0.0151960673	-0.004962682	-0.0166839175	0.0414428826	0.0237817803	-0.0216829012	0.0162967584	0.0963822814	0.0859876727	-0.0374954987	-0.0677906743	0.0039283408	-0.0682433853	0.0324269895	0.0140379523	-0.0558930371	0.0793936715	-0.0768225931	0.0490241061	-0.0051268245	0.1476149518074976	-0.0164222475440425	0.0217901739971298	0.0002696902143978	0.2902542257437517	0.0191612757519977	0.000367154488444	0.0842475155621047	0.2274247229192454	0.0179585209871148	0.0003225084760446	0.0517220045948955	0.0011471979065369	0.0001412327639254	1.9946693606035998e-08	1.316063036762646e-06	-0.0028487238413144	0.0007586558877725	5.755587560518802e-07	8.115227524073071e-06	0.0004881351464824	0.0002298194320303	5.2816971338729696e-08	2.382759212313941e-07	0.0	0.0	0.0	0.0	0.0	0.0	0.0	0.0	0.0	0.0	0.0	0.0	0.0	0.0	0.0	0.0	0.0	0.0	0.0	0.0
1747.783102031946	-1.0164000575400678	3054745.771748412	1.033069076967453	2143.2838082747026	-9.268201134421815	4593665.482812512	85.89955226809782	1826.19098542866	-0.3886879368826612	3334973.5152609004	0.1510783122780996	1877.8602170458028	1755.1236390163265	1.091837	29.230511	0.0668886786139947	0.0333548363082044	0.0077103988	-0.0129748913	0.0953099778	-0.005615465	-0.0297015029	0.0111005517	0.0628252161	0.0117894341	0.0388457793	-0.01366214	-0.025890207	0.0244130571	-0.0316239086	-0.0057459545	-0.0276050009	-0.0585557984	0.0524203318	0.0346736037	-0.003928645	0.0164791526	-0.0331361047	-0.0152498462	-0.0079440982	-0.0345314873	0.0138992739	0.0400057401	-0.0436431992	-0.0058072414	0.0019340543	0.008792039	-0.0065906516	0.0588979424	0.0915944272	0.0197858092	-0.0226264615	0.0034640244	-0.0092343307	-0.0342424658	0.0056172128	0.0255908842	0.0190180201	-0.0930747176	-0.0241281766	-0.0475822323	0.0213330672	0.0227836878	-0.0299862249	-0.0496166947	-0.0603656051	-0.0718114952	-0.092720441	0.0352907777	0.0416072844	0.0470902192	0.0237744081	-0.0388765471	-0.0642490477	-0.0687090676	0.0339891844	0.0115045374	-0.0533515689	0.0782873035	-0.0784076511	0.0536744641	-0.0119276293	0.1490126886071152	0.0013977367996176	0.022204781365921	1.9536681610052644e-06	0.2765458229445556	-0.0137084027991961	0.000187920307305	0.0764775921880814	0.2345939467340514	0.007169223814806	5.1397770106781536e-05	0.0550343198442589	0.0009490777401441	-0.0001981201663928	3.9251600331510773e-08	9.007485568370318e-07	-0.0033938465427685	-0.0005451227014541	2.971587596406159e-07	1.15181943558617e-05	0.0003391117103218	-0.0001490234361606	2.2207984525112432e-08	1.1499675207737641e-07	0.0	0.0	0.0	0.0	0.0	0.0	0.0	0.0	0.0	0.0	0.0	0.0	0.0	0.0	0.0	0.0	0.0	0.0	0.0	0.0
1749.0676599060105	1.284557874064376	3059237.678929088	1.6500889318207892	2143.162609793923	-0.1211984807796398	4593145.972018698	0.0146890717432927	1826.5234021638569	0.3324167351968299	3336187.7386522302	0.1105008858389193	1875.3607358446309	1717.2821070722923	1.058768	28.3452	0.0368273117510355	0.0161677183283006	0.0198686492	0.0059427114	-0.0199326336	0.0007111913	0.0674344564	0.0476224897	0.0572516242	0.0794524317	-0.0110155285	-0.01121164	-0.0170868928	-0.0044319374	-0.0403615381	-0.032456996	-0.0601228629	0.0194495013	0.0323983555	0.0151945336	0.0104837243	0.0180807153	-0.0396613142	-0.0151771902	-0.018942745	-0.0016333182	0.0029288839	-0.0584638223	0.0219718891	0.0679291652	-0.0126193241	0.0385025121	-0.0173817062	0.0108931646	0.0998990103	0.0237132015	-0.0173992579	-0.0146230335	-0.0037615943	-0.0085180838	0.0394272681	0.0166811643	0.1078787412	-0.0461844166	-0.0186309537	-0.0208187012	0.0062002361	0.007287081	-0.0805965177	-0.0629404098	0.0023946101	0.0612815304	-0.0211580923	0.0260191871	0.0709294533	0.0302160385	-0.0783053484	0.0342041698	0.1761948328	-0.0691672152	0.0355364705	0.008959769	-0.0507165039	0.0769663555	-0.0796832699	0.058036534	-0.0186447705	0.1561844364055673	0.0071717477984521	0.0243935781753247	5.143396648460277e-05	0.2700132172270741	-0.0065326057174814	4.267493746007182e-05	0.0729071374773151	0.2399174918179483	0.0053235450838969	2.8340132260282875e-05	0.0575604028802152	0.0007962556177132	-0.0001528221224309	2.3354601104284987e-08	6.340230087398297e-07	-0.0033799460725927	1.3900470175800051e-05	1.932230711083068e-10	1.1424035453634816e-05	0.0001498460399044	-0.0001892656704174	3.582149399854788e-08	2.2453835675031036e-08	0.0	0.0	0.0	0.0	0.0	0.0	0.0	0.0	0.0	0.0	0.0	0.0	0.0	0.0	0.0	0.0	0.0	0.0	0.0	0.0
1745.2624246529256	-3.805235253084902	3045940.9309054087	14.479815331320118	2130.2058348222213	-12.956774971701634	4537776.898710636	167.87801766731388	1814.6131070678	-11.91029509605687	3292820.728342255	141.85512927515634	1866.909917375153	1743.797134002753	1.179309	31.572302	0.1189650525476631	0.0563958884274425	0.0097389529	0.040140363	0.0447638544	0.007250716	-0.0069036196	-0.0469287673	0.0392730779	0.0904164107	-0.0396913094	-0.0411087953	-0.0519305274	-0.2230237335	0.0687603557	0.0096749004	0.1328355755	0.2778299679	0.0923261521	-0.2114945961	-0.0943410107	-0.1193715762	0.3319634134	-0.0401589758	-0.0160100322	-0.02780069	0.0543393672	0.0851453497	0.2077219008	-0.0836269668	-0.1861811833	-0.0876268158	-0.0928822953	0.2204021784	-0.168114646	0.0297020092	0.0057085672	-0.0133526232	-0.0009775111	0.0295158581	0.0285011249	0.0200081239	0.0927902203	-0.1199912301	0.0579777955	-0.0834401619	-0.0057195339	0.019191617	0.0381912845	-0.1310887051	0.0232559147	-0.0399097495	-0.1129986088	0.0335765805	0.0848392588	-0.0618314597	-0.05495026	0.3459897773	0.5413537101	-0.0696177779	0.0370681691	0.0064061583	-0.0479924649	0.0754344479	-0.0806444153	0.0620868871	-0.0252311319	0.1666348134262705	0.0104503770207032	0.0277671610456079	0.0001092103798748	0.2923623528028685	0.0223491355757943	0.0004994838609852	0.0854757453364289	0.2472531202936139	0.0073356284756656	5.3811445132996025e-05	0.0611341054949283	0.0016111279207888	0.0008148723030756	6.640168703197325e-07	2.595733177145242e-06	-0.0031759346244311	0.0002040114481615	4.1620670980993153e-08	1.0086560738660313e-05	0.0007075605181772	0.0005577144782728	3.110454392751015e-07	5.006418868831878e-07	0.0	0.0	0.0	0.0	0.0	0.0	0.0	0.0	0.0	0.0	0.0	0.0	0.0	0.0	0.0	0.0	0.0	0.0	0.0	0.0
1751.5326757060343	6.270251053108723	3067866.71406594	39.31604826901105	2140.3183222683992	10.112487446177964	4580962.520637815	102.26240234910696	1824.6162783974096	10.003171329609586	3329224.5633928133	100.0634366495232	1874.6030785654104	1750.2715216973036	1.258138	33.682701	0.1379177082535017	0.0739435159182304	0.0071443945	-0.0214697913	-0.0296923794	-0.0150163074	0.094468085	0.0628672892	0.0636964825	0.0750521799	-0.0020741878	-0.0172219367	-0.0223094473	-0.013288963	-0.0722750885	-0.034031267	-0.0428998618	0.0146021592	0.0533029658	0.0296831332	0.0335683437	0.0020438798	0.0404837081	-0.0159584874	-0.0325520727	0.0047676003	0.0254767675	-0.089834158	-0.0206316439	0.0891035996	-0.0154994884	0.0354052402	-0.0133300709	0.0591136614	0.0302303048	0.0191608074	-0.0202648958	-0.0017490433	-0.0027410056	-0.0042733654	0.0047799164	-0.0181324977	0.0900427202	-0.0338387314	0.033111842	0.0059272798	-0.0501326057	0.0719836217	-0.0435710298	0.001428412	-0.0293254191	-0.08220032	-0.0277594153	-0.0035682006	0.0741535328	-0.0509142401	-0.0804947154	-0.0004310511	-0.0006686064	-0.0700607062	0.0385836084	0.0038462256	-0.0451842308	0.0736957799	-0.081287294	0.0658037687	-0.0316405151	0.1599614151319031	-0.0066733982943674	0.025587654331001	4.453424479526594e-05	0.2744830716373343	-0.0178792811655341	0.0003196686949962	0.075340956615466	0.2109115171800937	-0.0363416031135201	0.0013207121168606	0.0444836680792089	0.0005621138335222	-0.0010490140872666	1.100430555283778e-06	3.159719618370236e-07	-0.0035808367805632	-0.000404902156132	1.6394575604042334e-07	1.2822392049034223e-05	0.0006210082479743	-8.655227020290003e-05	7.491295477275817e-09	3.856512440521097e-07	0.0	0.0	0.0	0.0	0.0	0.0	0.0	0.0	0.0	0.0	0.0	0.0	0.0	0.0	0.0	0.0	0.0	0.0	0.0	0.0
1740.898052733981	-10.634622972053194	3030726.030012967	113.0952057577215	2155.5164994326506	15.19817716425132	4646251.379326388	230.98458911597027	1818.5022311740447	-6.114047223364878	3306950.364784979	37.38157344953577	1878.9279707366345	1761.6189095922728	1.087756	29.12125	0.1169835662686269	0.0592588278910416	0.0085616412	-0.0500176546	-0.0289667877	-0.0218549271	-0.0220813032	0.0505284659	-0.0437701442	0.0880022847	0.0282165724	-0.026846107	-0.0009831585	-0.0057297446	-0.0121591319	-0.0096625426	0.0126891031	-0.0130781585	0.0229895972	-0.0196218017	-0.0742407969	-0.0758340645	-0.0204114941	-0.0217655529	-0.008634222	0.0766632182	-0.047189105	0.0345075392	-0.0224792127	-0.0167634543	-0.021694258	0.0211410131	0.0494796286	0.1036686717	-0.0069648648	0.0260886051	-0.0133178161	-0.0113018702	-0.0042459776	0.0258415175	-0.0077576817	0.0635220882	0.0535711065	0.0087526172	0.0268708462	-0.0684089507	0.0326817044	-0.0165773452	-0.0339986231	0.0211748026	-0.024341034	-0.0080551022	0.0164920826	-0.00395913	0.0751535538	-0.113095112	0.1293667487	0.025599956	0.1094501529	-0.0704959515	0.0400821236	0.0012824971	-0.0422967282	0.0717551168	-0.0816093689	0.0691672152	-0.0378279629	0.1495108665257163	-0.0104505486061868	0.0223534992092705	0.0001092139661702	0.3122296470832992	0.0377465754459648	0.0014248039578979	0.0974873525177615	0.246165757311914	0.0352542401318203	0.001242861447272	0.0605975800729481	0.0008807352561429	0.0003186214226207	1.015196109528387e-07	7.756945914130997e-07	-0.0034218136818982	0.000159023098665	2.528834590901836e-08	1.1708808873625717e-05	0.0004280087275669	-0.0001929995204073	3.72488148774864e-08	1.8319147087343684e-07	0.0	0.0	0.0	0.0	0.0	0.0	0.0	0.0	0.0	0.0	0.0	0.0	0.0	0.0	0.0	0.0	0.0	0.0	0.0	0.0
1744.104281442026	3.206228708044818	3041899.744544405	10.279902528290746	2142.6344366940584	-12.88206273859214	4590882.329307265	165.947540401024	1819.923560783877	1.4213296098323551	3312121.767096266	2.0201778597861955	1872.7437502393536	1767.1861217416797	1.09308	29.263794	0.2044546308737281	0.0876812122383981	0.0219999225	0.0439255468	0.0027946826	-0.0173345589	0.0527104796	-0.0005364212	0.0273814169	0.0241407999	0.0862868641	-0.0182335823	0.0004599039	0.0132098691	0.0150185451	-0.014886026	-0.0030180754	-0.0086592452	-0.0671319447	0.0472426018	-0.0290019839	-0.0323847598	-0.0379953733	-0.0157233348	0.001090237	-0.0308346558	-0.0094502054	-0.0149177075	0.0093912256	-0.0154610113	0.0096794599	0.0149786599	0.0822097423	-0.0477283413	0.0132889156	0.0258110539	0.0449463682	-0.0486843592	0.0034351875	0.0529133446	-0.0267008397	0.0310811103	-0.0107391957	-0.0570730768	0.0518609719	-0.0195520422	-0.0435445374	-0.0371988706	-0.0199420474	0.0268077013	-0.043745764	0.0448660513	0.0841515822	-0.055916937	-0.076785001	-0.1037587033	0.0522246262	-0.0413496949	-0.0005889942	-0.0709234662	0.0415630576	-0.0012824971	-0.0393350228	0.0696177779	-0.0816093689	0.0721591615	-0.0437500746	0.1987401912473387	0.0492293247216223	0.0394976636170287	0.0024235264125469	0.3238629836353368	0.0116333365520375	0.0001353345193329	0.1048872321691824	0.2693040779747804	0.0231383206628663	0.0005353818830976	0.0725246864138466	2.790345840586472e-05	-0.000852831797737	7.273220752313834e-07	7.786029910078224e-10	-0.0042839988361329	-0.0008621851542346	7.433632401827131e-07	1.835264602798804e-05	0.0011220647543392	0.0006940560267722	4.817137682989514e-07	1.259029312930289e-06	0.0	0.0	0.0	0.0	0.0	0.0	0.0	0.0	0.0	0.0	0.0	0.0	0.0	0.0	0.0	0.0	0.0	0.0	0.0	0.0
1736.79050543684	-7.3137760051859	3016441.2597755543	53.49131945403303	2130.017896045338	-12.616540648720274	4536976.237473409	159.177097940811	1817.0699477167848	-2.853613067092283	3301743.194895479	8.143107536679826	1868.181519272748	1733.7194253605626	1.003534	26.866468	0.143492542252679	0.0727407422191889	0.0215692921	0.0357429748	-0.0641425517	-0.0229204394	-0.0050372682	-0.0550178883	0.0128811405	0.0926832344	-0.0301807039	-0.0285070366	0.0197655003	0.0094514053	0.0060774778	-0.0483790672	-0.0429037339	0.0356166567	-0.0431787831	0.0095922178	-0.0487338728	-0.001594094	-0.0537885012	-0.0301205411	0.0268416216	-0.001066718	-0.0508949637	-0.0259581569	0.0446118073	0.0653963228	-0.0332157035	0.0371726156	0.0420483145	0.0062962562	-0.0475906426	0.0249361047	0.0332170048	-0.0227566226	0.004925867	0.0638550045	0.0144440308	0.0091019354	0.0501539891	0.0127714964	0.029711867	-0.0072779954	-0.0116933997	0.0102942717	0.0541570173	0.0919334506	-0.0090141334	0.072161591	-0.0674238851	-0.1630041945	0.019068057	0.0533620744	0.0629335553	-0.0377177908	0.0284844985	-0.0713432033	0.0430257605	-0.0038462256	-0.0363043104	0.0672896215	-0.081287294	0.0747635377	-0.049365311	0.1650394923377121	-0.0337006989096266	0.0272380340310897	0.0011357371069973	0.3007763347771686	-0.0230866488581681	0.0005329933555003	0.0904664035619873	0.2724662962628414	0.003162218288061	9.99962450134753e-06	0.0742378825991904	-0.0005421286599624	-0.0005700321183682	3.249366159714113e-07	2.9390348395262745e-07	-0.0053398213571154	-0.0010558225209825	1.1147611958138433e-06	2.851369212590576e-05	0.0010770598697535	-4.500488458570001e-05	2.025439636572178e-09	1.1600579630334262e-06	0.0	0.0	0.0	0.0	0.0	0.0	0.0	0.0	0.0	0.0	0.0	0.0	0.0	0.0	0.0	0.0	0.0	0.0	0.0	0.0
1741.3273457656717	4.5368403288316586	3032220.925111319	20.58292016931335	2124.609869003296	-5.408027042042249	4513967.095466202	29.24675648746024	1822.6664960537737	5.596548336988917	3322113.155836941	31.32135328825341	1871.030341653263	1735.2333555547084	1.010449	27.051596	0.1779104947959817	0.07562089455948	0.020938419	0.0198511457	0.0522062624	-0.0168809198	0.0361279504	-0.0094178641	0.0667607036	-0.0229220212	-0.0078715193	-0.0138705124	-0.0077736609	0.0102395767	-0.0294140046	-0.0193647221	-0.073582165	0.0167868704	-0.0299407309	0.0336121478	0.0502524504	0.0243539436	0.0060759012	-0.0170315081	0.0077055585	-0.0589751996	0.0636166094	-0.0279056209	-0.0370108076	0.017479462	0.0027457429	0.0423436454	0.0240073262	-0.0047755444	-0.0118284047	0.0233904877	0.0117601833	-0.005499022	0.0077749758	0.0243952348	-0.0260715059	-0.0105067812	-0.0151204968	-0.0314130906	0.0296338149	0.0061571503	-0.0343328538	0.0217266436	0.0362940465	0.0289652153	-0.0977959	-0.101504041	-0.0453957241	-0.1384450677	0.0075954737	0.0256527204	0.0143149833	-0.0912883033	-0.0271786233	-0.0717551168	0.044469591	-0.0064061583	-0.0332099078	0.064777029	-0.0806444153	0.0769663555	-0.0546342852	0.1819131333172663	0.0168736409795542	0.0330923880733055	0.0002847197599068	0.2910262234710359	-0.0097501113061326	9.506467048197632e-05	0.0846962627478133	0.227270533142267	-0.0451957631205744	0.002042657004051	0.0516518952347702	5.795860788740829e-05	0.0006000872678498	3.601047290354475e-07	3.3592002282463462e-09	-0.0047000117284152	0.0006398096287002	4.0935636097748813e-07	2.209011024724044e-05	0.0001951371785091	-0.0008819226912443	7.77787633331765e-07	3.807851843649236e-08	0.0	0.0	0.0	0.0	0.0	0.0	0.0	0.0	0.0	0.0	0.0	0.0	0.0	0.0	0.0	0.0	0.0	0.0	0.0	0.0
1744.594926080716	3.26758031504437	3043611.456106579	10.677081115265464	2145.761255784468	21.15138678117228	4604291.366825738	447.38116276674936	1822.1339539645007	-0.5325420892729653	3320172.146190305	0.283601076847215	1877.1553219065947	1762.1589564095557	1.107362	29.646135	0.0731467114787165	0.0349100732156842	0.0047546646	0.0111067939	-0.1582081948	-0.0091319127	0.0824523289	0.0058315397	-0.0362885437	0.0982999187	-0.0312274805	-0.0183398763	0.0042676164	0.0123507753	0.0161585048	0.0025167859	-0.0008874853	0.0500626218	0.0333653842	0.0200087796	0.0262635171	-0.0259299966	0.0053248005	-0.01839024	-0.0085278649	0.0473118913	-0.0841076086	-0.0458188203	0.0181453509	0.0404835129	0.00907304	0.0026388412	-0.0269899808	0.0024811973	0.0020234994	0.0182942158	0.0265959125	-0.018171502	-0.004549276	0.0347140389	0.0025914686	0.0200657119	0.0904449557	0.0661807377	0.0233322628	0.0297172075	-0.0867519395	0.0090801972	0.039888951	0.0587534927	0.0527123673	-0.0721816433	-0.049097043	-0.0590095493	-0.0035013753	-0.0130401266	0.0748918446	-0.0040453973	0.0162853492	-0.0721591615	0.0458939156	-0.008959769	-0.0300572439	0.0620868871	-0.0796832699	0.0787557834	-0.0595200392	0.1693842489500525	-0.0125288843672138	0.0286910237923733	0.000156972943487	0.2850160860945578	-0.006010137376478	3.612175128413903e-05	0.0812341693326604	0.2432907419491812	0.0160202088069142	0.0002566470902171	0.059190385118183	-0.000117195210778	-0.0001751538186654	3.0678860193074736e-08	1.3734717429299849e-08	-0.0042840294806847	0.0004159822477304	1.730412304269189e-07	1.8352908591375626e-05	0.0003757507306754	0.0001806135521663	3.262125522612877e-08	1.41188611603097e-07	0.0	0.0	0.0	0.0	0.0	0.0	0.0	0.0	0.0	0.0	0.0	0.0	0.0	0.0	0.0	0.0	0.0	0.0	0.0	0.0
1736.5070576788653	-8.087868401850756	3015456.76136851	65.4136152856559	2152.536978461525	6.77572267705682	4633415.443644272	45.91041779638204	1818.06113652458	-4.072817439920755	3305346.2961410475	16.58784189892265	1873.7378265979244	1741.7955383609428	1.206337	32.295887	0.0752043201075989	0.0374200435382301	0.0263818166	-0.0191526738	0.0486480798	-0.0084986153	-0.0471650766	0.0236943763	-0.0639633989	0.0148539371	0.0353623932	-0.0210168423	-0.012702816	-0.0074297169	0.0663517891	0.022550633	0.0595510725	-0.0498740275	-0.0145542609	-0.0387786785	-0.0032730991	0.0273102839	-0.0267025962	-0.019992094	-0.0069940931	0.0198746547	-0.0218825214	0.0674752225	-0.0165985805	-0.076961846	0.0484034935	0.0111472757	0.0083550578	0.0340609229	-0.033004554	0.0237927354	0.0011098312	0.0033503834	0.0133043404	-0.0194973301	-0.0224874604	-0.0237075204	-0.0591076249	-0.0053676282	0.0310967318	-0.0514566842	0.0801279874	-0.0156833654	0.0437522038	0.0563604425	-0.0612561613	-0.0537822241	-0.004916216	-0.0618941677	0.0510816363	-0.0422951792	0.0391326405	0.0070705514	-0.0651024756	-0.0725552932	0.0472981097	-0.0115045374	-0.0268518493	0.0592265694	-0.0784076511	0.0801222105	-0.0639883028	0.1842878247440325	0.0149035757939799	0.0339620023488872	0.0002221165714469	0.2839964404066677	-0.00101964568789	1.0396773288328584e-06	0.0806539781636579	0.2689570736929951	0.0256663317438138	0.0006587605851835	0.0723379074894992	0.00026246481154	0.0003796600223179	1.4414173254650426e-07	6.888777729672771e-08	-0.0044109930007061	-0.0001269635200213	1.6119735416224433e-08	1.9456859252278207e-05	0.0002100789353765	-0.0001656717952989	2.7447143757560632e-08	4.4133159088923666e-08	0.0	0.0	0.0	0.0	0.0	0.0	0.0	0.0	0.0	0.0	0.0	0.0	0.0	0.0	0.0	0.0	0.0	0.0	0.0	0.0
1732.1412878168223	-4.365769862042953	3000313.44095972	19.05994648832254	2116.18610867587	-36.35086978565505	4478243.646552721	1321.385734173649	1814.5800806235152	-3.481055901064792	3292700.8689956428	12.117750186338013	1865.874884631587	1716.4267535492986	1.230184	32.934326	0.2552067405740661	0.1719378402135806	0.0294431029	-0.0991029314	0.0125126211	-0.0498644289	0.0022454542	0.090582521	0.0317210537	-0.1131464114	-0.0176479089	-0.03331203	-0.0091472288	-0.0773189082	0.0477595604	0.0337326715	0.0336245215	-0.0758896169	-0.04450786	-0.0404547784	0.0008383928	0.0584850569	-0.0196375965	-0.0321672762	-0.0188265669	0.0541509754	0.1172923796	-0.0064086908	-0.000427073	-0.0539096374	0.0135969449	0.0184840983	0.0373294933	-0.0336292067	-0.0136411628	0.0312371014	-0.0927832013	0.0208648658	0.0221995587	0.0417176659	0.0372236305	-0.0301385448	-0.0249656665	-0.0054079704	0.0031717288	0.0761897669	-0.063358551	0.0054205308	0.0527069876	0.0236798727	-7.9592e-05	-0.0740015429	0.0063399772	-0.0832238734	-0.0712738637	-0.0592592232	-0.063344651	-0.0644078303	-0.0387623395	-0.0729434684	0.0486815572	-0.0140379523	-0.0235993474	0.0562039158	-0.0768225931	0.0810582975	-0.0680077345	0.1887033569329048	0.0044155321888723	0.0356089569177472	1.949692451096746e-05	0.2888914490513059	0.0048950086446382	2.3961109631082807e-05	0.0834582693349632	0.1133414069060094	-0.1556156667869856	0.0242162357495581	0.0128462745194335	0.0018319648011521	0.0015694999896121	2.463330217392382e-06	3.356095032660253e-06	-0.0044261250280279	-1.5132027321799505e-05	2.2897825086768662e-10	1.9590582763734978e-05	0.000431057577514	0.0002209786421375	4.8831560280933296e-08	1.858106351322381e-07	0.0	0.0	0.0	0.0	0.0	0.0	0.0	0.0	0.0	0.0	0.0	0.0	0.0	0.0	0.0	0.0	0.0	0.0	0.0	0.0
1734.4570016849805	2.3157138681581277	3008341.090694052	5.362530719179877	2134.480683066628	18.294574390758044	4556007.786384579	334.69145213898	1819.755882932429	5.175802308913717	3311511.473467184	26.788929540956563	1874.0351785098808	1731.022826058524	1.157123	30.97834	0.2868728725727384	0.1781094741472068	0.0235322689	-0.0045353238	-0.0169299148	-0.0095838675	-0.0373930525	-0.0290071382	-0.0710106256	-0.033487114	0.0048769535	-0.0194862199	-0.0329291108	0.0203692707	0.0402662739	0.009665226	-0.0045049014	-0.0283766688	0.0326076977	0.026518365	0.0328048965	-0.0447689974	0.050030057	-0.018155042	-0.0306058202	0.0097740972	-0.0444077896	0.0438152555	0.0099486568	-0.0091802923	0.0375317359	0.0066026707	-0.0467976918	0.0304335539	-0.0865576915	0.0216590785	-0.0048602241	-0.0050196459	0.0063809217	-0.0011829274	-0.0294946884	-0.017615497	-0.0077480874	0.0312631256	0.0194880995	-0.0168968919	0.0091560777	-0.0423092786	0.0503946033	0.0836558701	0.0173257235	-0.0143812575	-0.0066194742	0.0029773409	-0.0115735477	-0.0049288209	0.0173947759	-0.0036632721	-0.053259167	-0.0733236445	0.0500436514	-0.0165575133	-0.0203054443	0.0530272111	-0.0749343514	0.0815590168	-0.0715501408	0.176324683880253	-0.0123786730526518	0.0310903941454711	0.0001532315465444	0.2875882848635882	-0.0013031641877177	1.6982369001500723e-06	0.0827070215907803	0.2695451746493233	0.1562037677433139	0.0243996170572071	0.0726546011767342	0.0004327275780225	-0.0013992372231295	1.957864806591433e-06	1.872531567812188e-07	-0.0037143659244174	0.0007117591036104	5.066010215724221e-07	1.3796514220473127e-05	0.000659806602555	0.000228749025041	5.2326116457208055e-08	4.3534475277517174e-07	0.0	0.0	0.0	0.0	0.0	0.0	0.0	0.0	0.0	0.0	0.0	0.0	0.0	0.0	0.0	0.0	0.0	0.0	0.0	0.0
1737.5188929091698	3.0618912241893668	3018971.903216307	9.375177868767858	2117.833414077759	-16.6472689888692	4485218.369784256	277.13156478776614	1820.0039936980309	0.2481107656019503	3312414.537076782	0.0615589520075859	1869.5433466892616	1720.2708307741264	0.967212	25.894083	0.1097282417377413	0.0526590440836592	0.0240939043	-0.0079807387	0.0523522803	-0.0333950456	0.0292557446	0.0125760322	0.0434013021	-0.0851166715	-0.0068730242	-0.0158742929	-0.0032300605	-0.0318627957	0.0045298807	-0.0036388266	-0.0436897717	-0.0373579885	0.0239203257	0.0179552277	-0.0172103068	0.0024469997	0.0479956271	-0.0176944662	-0.0091122927	-0.0217897226	0.0834282539	0.0021262791	-0.0249375888	0.0344252885	0.0469405611	0.0258972171	-0.0258115437	-0.0389869402	0.0138376841	0.0168320752	-0.0124423992	0.0041559276	0.0093397095	-0.0056043091	-0.0006427634	-0.0205800362	-0.0227270584	-0.0327363041	-0.0045589929	0.0255426673	-0.0255398328	-0.0126621127	-0.0276708675	0.0685592356	-0.0683061917	0.0213396819	0.0587899221	-0.0483401816	-0.0721728247	-0.0164346743	-0.0121752601	-0.0790470505	-0.0489852926	-0.0736957799	0.0513837948	-0.0190607341	-0.0169759185	0.0497051625	-0.0727503781	0.0816216788	-0.0745906743	0.183122391358296	0.006797707478043	0.0335338102167809	4.620882695704184e-05	0.2689871290413776	-0.0186011558222105	0.0003460029979221	0.0723540755899227	0.2351574921814432	-0.0343876824678801	0.0011825127055117	0.0552990461290655	0.0005216927332402	8.896515521770006e-05	7.914798842909464e-09	2.721633079156305e-07	-0.004057987591395	-0.0003436216669775	1.1807585001646435e-07	1.646726329191579e-05	9.355950535814637e-05	-0.0005662470971968	3.20635775083863e-07	8.753381042861018e-09	0.0	0.0	0.0	0.0	0.0	0.0	0.0	0.0	0.0	0.0	0.0	0.0	0.0	0.0	0.0	0.0	0.0	0.0	0.0	0.0
1739.0630795375805	1.544186628410671	3024340.3946107333	2.3845123433623154	2136.954296545549	19.120882467790125	4566573.665524482	365.60814634704377	1818.8975159048337	-1.1064777931972003	3308388.173364775	1.2242931068385463	1873.9758082969515	1731.5978247332664	0.96281	25.776209	0.0453454732268188	0.0240662742064392	0.0155957962	-0.0272357564	-0.0708399687	-0.0116678387	-0.0111345569	-0.0047246176	-0.0282599741	0.0363164273	-0.0034835902	-0.0140548074	0.0030674246	-0.0175079614	0.0119879652	-0.0220679606	-0.0088709044	-0.0262665585	0.0155499232	0.019006774	-0.071268621	-0.0040234433	-0.0386320741	-0.0136291664	-0.0114513495	0.0425990035	-0.0472892583	0.0081148502	0.020981936	0.0453648466	0.025601501	-0.0074015323	-0.0027131904	-0.0328974497	-0.0345112669	0.0168966541	-0.0226645393	-0.0055301412	0.0015429097	0.0088911723	-0.0151044	-0.0102947802	0.0371793278	0.0658612809	0.0336517157	0.0014004938	-0.0019919229	0.0010329242	0.0309560731	0.09278722	0.0452956358	-0.0171975143	-0.0169765749	-0.0524077982	-0.0635261213	0.0128727784	-0.0221267666	-0.0110896273	-0.045376448	-0.0740598336	0.0527013995	-0.0215451443	-0.0136166111	0.0462468756	-0.0702792922	0.0812459471	-0.0771080077	0.1792864086681476	-0.0038359826901483	0.032143616333122	1.4714763199118144e-05	0.2717630176677517	0.002775888626374	7.70555766603291e-06	0.0738551377718827	0.2441009423980134	0.0089434502165701	7.998530177626952e-05	0.0595852700795982	0.0001471471327643	-0.0003745456004759	1.4028440683585254e-07	2.1652278680754533e-08	-0.0038540061239549	0.00020398146744	4.1608439059016526e-08	1.485336320348187e-05	7.628353939962176e-05	-1.7275965958524607e-05	2.98458999800101e-10	5.819178383333645e-09	0.0	0.0	0.0	0.0	0.0	0.0	0.0	0.0	0.0	0.0	0.0	0.0	0.0	0.0	0.0	0.0	0.0	0.0	0.0	0.0
1740.2843817025837	1.2213021650031806	3028589.729197944	1.491578978241456	2145.715094479648	8.760797934099173	4604093.266677805	76.75158044211635	1820.3024509719933	1.404935067159613	3313501.013014646	1.9738425429347863	1873.3728477328432	1740.546921335792	1.059902	28.375566	0.0523096224433068	0.0328240389210222	0.0099867182	-0.0150212401	0.1154250037	0.0092116039	-0.0491521846	-0.0005701432	0.0233339384	-0.0595261851	0.0343546368	-0.0087223354	-0.0235493934	0.0275951023	-0.0066839037	0.021877547	0.0216358464	-0.0662843097	-0.026312734	0.0477242336	0.0043529117	-0.0660806907	0.0981670403	-0.0099963884	-0.0112049787	-0.0245171564	0.031335381	0.0467682691	-0.0568702925	-0.0392632735	0.0321261446	-0.0154919142	0.0305615049	-0.0388208015	0.0338488406	0.0135652201	-0.0150636973	0.0105113159	0.0079397579	-0.0083538827	-0.0265828011	-0.0344582752	-0.0465594325	-0.0686641156	-0.0057504846	-0.0264856755	0.0031825301	-0.0001320715	0.0231122426	0.0474059998	-0.0296824652	-0.0835622171	-0.0629167739	-0.0026473785	-0.0564824767	0.0139391593	0.0341391107	0.0150700767	-0.0382022905	-0.0744157659	0.0539958877	-0.024008292	-0.0102334157	0.0426618292	-0.0675308461	0.0804338397	-0.0790844839	0.1837748655238869	0.0044884568557392	0.0337732011983227	2.0146244945833005e-05	0.2880046349895622	0.0162416173218105	0.0002637901332281	0.0829466697754709	0.2442444993767765	0.0001435569787631	2.0608606151593523e-08	0.0596553754758121	0.0006902803140592	0.0005431331812949	2.949936526235187e-07	4.764869119776678e-07	-0.0038369598433394	1.704628061549975e-05	2.9057568282236246e-10	1.4722260839399114e-05	0.0001448239032291	6.854036382947824e-05	4.697781473877249e-09	2.097396294651172e-08	0.0	0.0	0.0	0.0	0.0	0.0	0.0	0.0	0.0	0.0	0.0	0.0	0.0	0.0	0.0	0.0	0.0	0.0	0.0	0.0
1736.2469406531184	-4.037441049465315	3014553.4389273133	16.300930227907582	2136.4377198652787	-9.277374614369364	4564366.130863152	86.0696797353451	1816.3229273745887	-3.979523597404522	3299028.9765065955	15.836608062299431	1871.9135335286453	1723.7799484696611	1.05039	28.120907	0.0521382646430046	0.0244891258734333	0.015629237	-0.0561563417	-0.0402927476	-0.0181285379	0.0302506663	0.0611263138	-0.0036322453	-0.0054200313	-0.0088736286	-0.0142865047	-0.010399823	-0.0355084321	0.0505625711	0.057775665	-0.0033573135	-0.0340525442	0.0333575504	0.0734225386	-0.0154772265	-0.0274497943	0.0963952682	-0.0128438738	-0.0385883808	0.0740993682	0.0002165018	-0.0634307325	-0.0142098155	-0.0162267872	0.0508185215	0.018754288	-0.0372704523	-0.0212368617	-0.0047678455	0.0140838413	-0.0259921825	0.0065550797	0.0125717018	0.0212007534	-0.027606257	-0.0168443931	-0.0422320534	0.0505013589	0.0428677222	0.0279131865	-0.0316743981	-0.0010549953	0.0399641803	0.0145161957	-0.1015507937	-0.0815657382	-0.0534659875	-0.0356623117	0.0492927239	-0.0185903811	-0.0200852027	0.0452848898	-0.0780687631	-0.0747635377	0.0552666915	-0.0264477464	-0.0068322673	0.0389598496	-0.0645158866	0.0791897184	-0.0805062393	0.1933059993114199	0.009531133787533	0.0373672093697866	9.08425112758533e-05	0.2712229825933008	-0.0167816523962613	0.0002816238571489	0.0735619062868059	0.2509088771216667	0.0066643777448902	4.441393072658784e-05	0.0629552646184556	0.0007537152735512	6.343495949199997e-05	4.023994085751677e-09	5.680867135843602e-07	-0.0041149748796127	-0.0002780150362732	7.729236039404422e-08	1.6933018259843553e-05	0.000103051884708	-4.17720185211e-05	1.744901531327121e-09	1.0619690941870924e-08	0.0	0.0	0.0	0.0	0.0	0.0	0.0	0.0	0.0	0.0	0.0	0.0	0.0	0.0	0.0	0.0	0.0	0.0	0.0	0.0
1735.4365066090445	-0.8104340440738724	3011739.868471404	0.6568033397939314	2138.548884998668	2.111165133389477	4573391.333529047	4.457018220439408	1817.4678012780976	1.1448739035088238	3303189.2086826423	1.3107362549355317	1872.3873441808364	1719.2504829956515	1.033594	27.671228	0.1488984680383017	0.0689159409232541	0.0165556266	-0.0571630261	0.0470393462	-0.0001807137	-0.0724120777	-0.0163885572	-0.0178636024	-0.0256134896	0.0072941237	-0.0091508183	-0.0022074869	0.0328799776	0.0400988957	-0.0656776058	-0.0130578596	-0.0362804609	0.0009035681	-0.0978591872	-0.0432722169	0.0095330822	0.0240957096	-0.0072931295	0.007832856	-0.0023459611	-0.0260657277	0.1267367346	0.0033208897	0.0065923093	0.0401338364	0.0429955424	-0.0010946834	0.0741084827	-0.1097939021	0.0102247581	-0.0296298221	0.0212443373	0.0108628532	0.0015813592	-0.0471192345	-0.007662888	-0.0705367378	0.0260073101	0.0386836962	-0.0671625168	0.0770685875	0.0142786384	0.0753853956	0.0739287736	-0.0147029244	0.005390422	-0.00292034	-0.042472913	0.059630077	0.0265062251	-0.0230689875	-0.0576199931	-0.0384743411	-0.0751031108	0.0565132535	-0.0288611001	-0.0034191328	0.0351510839	-0.0612463124	0.0775202656	-0.0813633012	0.1633657312948031	-0.0299402680166167	0.0266883621614858	0.0008964196489068	0.2845192477962541	0.0132962652029532	0.0001767906683472	0.0809512023665462	0.22436175869516	-0.0265471184265067	0.0007047494967509	0.0503381987647852	0.0003040942686885	-0.0004496210048627	2.021590480137441e-07	9.247332424919363e-08	-0.003941351502293	0.0001736233773197	3.0145077151898965e-08	1.5534251664627286e-05	0.0010621038303701	0.000959051945662	9.197806344782594e-07	1.128064546486838e-06	0.0	0.0	0.0	0.0	0.0	0.0	0.0	0.0	0.0	0.0	0.0	0.0	0.0	0.0	0.0	0.0	0.0	0.0	0.0	0.0
1740.8450635112692	5.4085569022247455	3030541.535151555	29.252487764602936	2137.731746673584	-0.8171383250842155	4569897.020736093	0.667715042321437	1823.4285342567848	5.960732978687247	3324891.6195418467	35.53033764320974	1876.1405953201595	1743.2250763884688	1.101732	29.495432	0.118155350932093	0.0561564470770571	-0.0020693709	0.0141657342	0.007226198	-0.0144368145	0.046529435	0.0015405168	0.0239921944	-0.0316966048	0.0684388035	0.0038349022	-0.0256512397	0.0394473669	-0.0179585541	0.0389509684	-0.0184103328	-0.033765182	-0.0015635987	0.0492668771	0.0186224769	0.0186606859	0.0313759615	0.0050734549	-0.0249868007	-0.0346558868	0.0176559911	-0.0209272146	-0.0659001752	-0.0176282505	0.0361754627	0.0254492606	-0.0201801755	0.0143032956	0.0002431669	0.005363474	0.0065890585	-0.0051728729	0.0049691873	-0.015647422	-0.0539409266	-0.0372371303	-0.0213207045	-0.0092902498	0.0112970771	0.0241410504	-0.0610323933	0.0194517741	-0.0198710348	-0.0108741554	0.0123076125	0.012525201	0.0704131648	0.032664708	-0.0459153692	-0.002215469	0.0247193723	-0.0319377955	-0.0081600209	-0.0754344479	0.0577350269	-0.0312459714	-0.0	0.0312459714	-0.0577350269	0.0754344479	-0.0816496581	0.181590903848388	0.0182251725535848	0.0329752563604744	0.0003321569146079	0.3033518343223562	0.018832586526102	0.0003546663152631	0.0920223353867382	0.2552860504978511	0.030924291802691	0.0009563118234979	0.0651709675787913	0.0008722582217507	0.0005681639530622	3.22810277559266e-07	7.608344054116934e-07	-0.0035910836184094	0.0003502678838835	1.226875904802948e-07	1.289588155440835e-05	0.0009770696663216	-8.503416404849994e-05	7.230809055427199e-09	9.546651328458027e-07	0.0	0.0	0.0	0.0	0.0	0.0	0.0	0.0	0.0	0.0	0.0	0.0	0.0	0.0	0.0	0.0	0.0	0.0	0.0	0.0
1740.9503440020026	0.1052804907333211	3030908.100280691	0.0110839817290489	2145.699468786066	7.967722112482079	4604026.210348806	63.48459566173588	1821.4567232187728	-1.9718110380119924	3317704.594558869	3.888038769625931	1875.2240206849344	1732.2692257945064	0.90107	24.123312	0.0750604734796863	0.0362442310024398	-0.0038817576	0.0194951473	-0.0415507653	0.0137562946	-0.0230825142	-0.0295465599	-0.0303638992	0.0158623398	0.0763007898	0.0057097802	-0.0054732218	0.0413888291	0.0190141598	-0.017361453	-0.0409177997	-0.0116367868	-0.0384566034	-0.0054717054	0.0081105534	-0.039116872	0.0250816158	0.0075926424	-0.0107401409	-0.0222829446	-0.0419342376	0.0238141355	0.0101258366	0.0247682134	0.0179876936	0.0316949167	0.0189999012	-0.0308575785	-0.0009907831	0.0008418725	0.0171699447	-0.00200145	-0.0024822382	-0.006548728	-0.0498636757	-0.012151272	0.0168953474	0.0336207915	0.011320201	-0.0155155326	0.0077182007	-0.007744728	0.0459855567	0.006240484	0.0910655571	0.0649063897	0.0478010639	0.0181771015	-0.0537816502	0.0032502626	0.0044269443	-0.026266403	0.0094424377	-0.0757575129	0.0589314758	-0.0336000067	0.0034191328	0.0272552159	-0.0539958877	0.0729434684	-0.0813633012	0.1899735104413622	0.0083826065929742	0.0360899346694143	7.026809329257473e-05	0.3197563278893511	0.0164044935669949	0.0002691074091895	0.1022441092252822	0.2843230759277233	0.0290370254298722	0.000843148845815	0.0808396115050019	0.0006550469813115	-0.0002172112404392	4.718072297313597e-08	4.290865477253086e-07	-0.0036642330311438	-7.314941273439983e-05	5.350836583387576e-09	1.342660370652528e-05	0.0008427033616983	-0.0001343663046233	1.8054303818121458e-08	7.101489558176158e-07	0.0	0.0	0.0	0.0	0.0	0.0	0.0	0.0	0.0	0.0	0.0	0.0	0.0	0.0	0.0	0.0	0.0	0.0	0.0	0.0
1738.1317016081905	-2.8186423938120697	3021101.812135384	7.944744944194634	2138.102860537442	-7.596608248623852	4571483.842238393	57.708456883059945	1820.221817105834	-1.2349061129389156	3313207.463468064	1.5249931077739018	1873.1283574123008	1753.6562803536087	1.055964	28.270132	0.0818136192203995	0.0365065613991102	-0.0070324483	0.0100502101	0.0660645907	-0.0027317486	0.0259860536	-0.0023134246	0.0270963624	-0.0665822027	0.0348971446	0.0010203812	0.0081541619	0.0146926861	-0.0238148347	-0.0492179093	0.0076425899	-0.0307478402	-0.0267324608	0.0038458299	0.0715847433	-0.0307934506	0.0245942438	0.0031279819	0.01563725	-0.051402917	0.0659823623	-0.012864955	-0.0809847511	-0.003558948	0.0481209772	0.0063508868	0.0381295499	0.0695313724	-0.03954871	-7.61221e-05	-0.0026024255	0.0077345576	0.0023278103	-0.0248455186	-0.0622065711	-0.0582415428	-0.0654808608	-0.0218256303	0.0124803895	0.0267228194	-0.0346086043	0.0611517314	-0.0039607638	0.0051503471	-0.0275888858	-0.0360808617	-0.0161512501	0.0438140252	-0.0339462719	0.0080194226	0.0311460763	-0.0218320198	-0.0053106034	-0.0760722702	0.0601020755	-0.0359208828	0.0068322673	0.0231897558	-0.0500436514	0.0700607062	-0.0805062393	0.1869145932580096	-0.0030589171833526	0.0349370651728071	9.356974334609836e-06	0.3029961210501994	-0.0167602068391516	0.0002809045332911	0.0918066493714671	0.2730465665804331	-0.0112765093472902	0.0001271596630595	0.0745544275213628	0.0010591369741978	0.0004040899928862	1.632887223508499e-07	1.121771130112871e-06	-0.0032244702051889	0.0004397628259549	1.9339134309183985e-07	1.0397208104150944e-05	0.0010132102598692	0.0001705068981709	2.907260232386167e-08	1.0265950307042118e-06	0.0	0.0	0.0	0.0	0.0	0.0	0.0	0.0	0.0	0.0	0.0	0.0	0.0	0.0	0.0	0.0	0.0	0.0	0.0	0.0
1742.6569136160465	4.525212007855998	3036853.118573805	20.47754371604412	2133.721643274481	-4.3812172629614	4552768.050977951	19.19506470527098	1821.7105095400448	1.4886924342108614	3318629.180568649	2.21620516367666	1871.79817349303	1723.2018286539842	1.102184	29.507521	0.0635539115518906	0.0327926013302997	-0.0050848165	-0.004113134	-0.0910774085	0.0045210537	0.0240456802	0.0061014865	0.0011638193	0.0668775453	-0.0374760114	0.0105900377	-0.0070282875	-0.0262317431	-0.0296127499	-0.0279643923	-0.0125848665	0.0189577113	-7.54946e-05	0.0147540025	-0.1164130325	-0.0177638691	0.017891685	0.0077063581	-0.0131931817	0.0444706655	-0.0405580605	-0.0110286195	0.048882958	0.1011696956	-0.0207357855	-0.0042248589	-0.0033820488	-0.0407931537	-0.0015383068	-0.0049922627	-0.0148615636	0.0052449754	-0.0044300058	0.0075349055	-0.0420615571	0.0035668606	0.0404778995	0.0721245938	0.0222082418	0.0175460205	-0.0348716882	0.0026004398	-0.0030938957	0.0107745284	0.079025342	0.0778131484	0.0814280394	0.0782297162	-0.0707145719	0.0357735207	-0.0391625034	0.0451918318	0.0160228029	-0.0763786853	0.0612463124	-0.0382063093	0.0102334157	0.0190607341	-0.0458939156	0.0668016447	-0.0790844839	0.1840204271619683	-0.0028941660960413	0.0338635176128732	8.37619739147504e-06	0.3314240735835483	0.0284279525333489	0.0008081484852383	0.1098419165507132	0.2637402404486977	-0.0093063261317353	8.660770607022073e-05	0.0695589144319368	0.001193966818871	0.0001348298446732	1.817908701459925e-08	1.4255567645649352e-06	-0.0034103201694504	-0.0001858499642615	3.4540209216000887e-08	1.1630283658160204e-05	0.0011510397867498	0.0001378295268806	1.899697848013005e-08	1.324892590681025e-06	0.0	0.0	0.0	0.0	0.0	0.0	0.0	0.0	0.0	0.0	0.0	0.0	0.0	0.0	0.0	0.0	0.0	0.0	0.0	0.0
1741.207605735495	-1.449307880551487	3031803.926271135	2.100493332628643	2147.4621094790373	13.74046620455647	4611593.511648157	188.8004115185585	1818.7311694050395	-2.979340135005259	3307783.0665654223	8.876467640053155	1871.075742953432	1725.9434795837788	1.080919	28.938231	0.0582542307404008	0.0268840747084213	-0.0044981394	-0.0136884033	0.0863356609	0.0317255932	-0.1128904751	-0.0146271568	0.0145963387	0.0169943334	0.0243188926	0.0046672254	-0.0017411188	0.0246535285	0.0167214889	-0.0162784005	-0.0385890018	0.0030940197	-0.0162307955	-0.087414822	0.0477963532	0.0191544644	0.0153778539	0.0039629109	0.0159894341	-0.0494944095	0.0107338559	0.1005999117	-0.0027384747	-0.0212247396	-0.0150277304	0.0290412705	0.015212161	-2.67863e-05	0.0132044661	-0.0063632767	-0.0162945682	0.0101548067	-0.001902891	-0.0210679014	-0.0565595581	-0.0236092527	-0.0467423916	-0.0460933644	0.0019035088	-0.0639768969	0.0700655577	-0.032048106	-0.0076841265	-0.0189943158	0.0061156513	0.0089343128	0.0461125252	0.0918980438	0.0008578708	0.0377888208	0.0213051801	-0.0111184345	0.0067202205	-0.0766767246	0.0623636846	-0.0404540309	0.0136166111	0.0148794683	-0.0415630576	0.0631837885	-0.0771080077	0.1800754404375766	-0.0039449867243916	0.0324271642487871	1.556292025562673e-05	0.3157911360947736	-0.0156329374887747	0.0002443887345279	0.0997240416360278	0.2637355164514332	-4.723997264477475e-06	2.2316150154790667e-11	0.0695564226379042	0.0015351154848551	0.0003411486659841	1.1638241230273105e-07	2.3565795518419085e-06	-0.0035888211378087	-0.0001785009683583	3.186259570485084e-08	1.2879637159182531e-05	0.0008972577704928	-0.000253782016257	6.440531177546822e-08	8.050715067097102e-07	0.0	0.0	0.0	0.0	0.0	0.0	0.0	0.0	0.0	0.0	0.0	0.0	0.0	0.0	0.0	0.0	0.0	0.0	0.0	0.0
1742.9842592793298	1.7766535438347546	3037994.1280955137	3.156497814820592	2123.859266454523	-23.602843024514183	4510778.183704745	557.094198839858	1821.127607379044	2.396437974004584	3316505.7623581216	5.742914963251196	1869.190481148514	1723.3448355924315	1.035682	27.727139	0.1110370555394644	0.0538875334840343	-0.0089938508	-0.0119618342	0.0108965709	0.0017261719	0.0644178082	0.0451219474	0.0880099915	-0.0016310381	-0.006628787	0.0148299319	0.0157236719	0.0068912955	-0.0289049346	-0.0121987495	-0.0430920789	-0.0132129078	0.0296000168	-0.029254508	0.0038553403	0.0742320956	0.0263497718	0.0113919424	0.0075425548	-0.023264322	0.0513237342	-0.0284779391	-0.0183641952	0.0829933117	0.0088447625	0.0293352696	-0.0054944261	-0.0279959073	0.0054108412	-0.0123780016	-0.0358757981	0.0085328205	-0.0083268795	0.0132372968	-0.0350160632	-0.0191340116	0.0024515333	-0.0426806123	-0.0187128697	0.0262471356	-0.0449618943	0.0406837092	-0.0493311005	0.0357361947	0.0146126049	0.0581500643	0.0869065686	0.0090541082	-0.0892497999	0.0111907268	-0.0535380894	-0.075123695	-0.0289473902	-0.0769663555	0.063453702	-0.0426618292	0.0169759185	0.010657419	-0.0370681691	0.0592265694	-0.0745906743	0.1657074604205064	-0.0143679800170701	0.0274589624390136	0.0002064388497709	0.3313926456746401	0.0156015095798665	0.0002434071011706	0.1098210856072375	0.2235638516280005	-0.0401716648234327	0.0016137626546862	0.0499807957547466	0.001130176644134	-0.0004049388407211	1.639754647245484e-07	1.27729924694599e-06	-0.0037326537745494	-0.0001438326367407	2.068782739178219e-08	1.3932704200657884e-05	0.0006281112255727	-0.0002691465449201	7.24398626424274e-08	3.945237116904393e-07	0.0	0.0	0.0	0.0	0.0	0.0	0.0	0.0	0.0	0.0	0.0	0.0	0.0	0.0	0.0	0.0	0.0	0.0	0.0	0.0
1743.509880747724	0.5256214683943199	3039826.704264943	0.276277928037001	2141.195717378096	17.33645092357301	4584719.1001183	300.5525306254555	1822.8917421932108	1.7641348141667097	3322934.3037562	3.1121716425550106	1876.4423583984376	1747.4142374311175	0.970322	25.977339	0.0666554183293621	0.0322558026842861	-0.0256371661	-0.0763561694	-0.0505744649	0.0153688623	-0.0246379778	0.0640904509	0.0105509129	0.0224153285	-0.029955071	0.0186154982	-0.0166021528	0.0129926989	-0.0622159196	-0.0085952825	0.0458647758	-0.0106171395	-0.0184684155	-0.0098119811	0.005027927	-0.025882197	-0.017681525	0.016799526	-0.0220909659	0.0322549586	-0.0135002126	0.0210760047	-0.0407333569	0.0429322392	-0.021870766	-0.0417497136	0.019647463	0.0023185643	0.0031773357	-0.0097271865	-0.0669504356	0.0102032801	-0.0089375204	0.0087882935	-0.0683576763	-0.0033254551	0.0102309166	0.0723453148	0.0377978708	-0.0066975709	0.0053820495	0.0211609419	-0.0116453275	-0.0026188471	0.0245620694	0.0300553868	0.0911035879	0.0682223012	-0.0265653235	0.0377575216	0.065239353	-0.0147378274	0.0179854122	-0.0772475461	0.0645158866	-0.0448275254	0.0203054443	0.0064061583	-0.0324269895	0.0549512416	-0.0715501408	0.1870722677338676	0.0213648073133611	0.0349960333550918	0.000456454991537	0.3315413847617492	0.0001487390871091	2.2123316034050387e-08	0.1099196898097382	0.2040477951624737	-0.0195160564655267	0.0003808764599656	0.0416355027106668	0.0013690607321682	0.0002388840880342	5.7065607515931474e-08	1.874327288364928e-06	-0.0036769300385099	5.5723736039500326e-05	3.1051347581999075e-09	1.3519814508096414e-05	0.0008460197107663	0.0002179084851935	4.748410791936938e-08	7.157493510050939e-07	0.0	0.0	0.0	0.0	0.0	0.0	0.0	0.0	0.0	0.0	0.0	0.0	0.0	0.0	0.0	0.0	0.0	0.0	0.0	0.0
1744.481236963395	0.971356215670994	3043214.786117337	0.9435328977226748	2135.038829456676	-6.156887921420093	4558390.803287733	37.90726887692864	1824.7377597741915	1.8460175809807424	3329667.891945735	3.407780909289992	1874.728867235371	1726.2827323305924	1.003262	26.859203	0.0628777368643397	0.0305661906470288	-0.0231699967	-0.0343692507	0.0795997548	0.0284766692	-0.0962528846	-0.0109085117	0.0460371665	-0.0287167171	0.0184021928	0.0265165068	-0.0142475265	0.0242921757	-0.0065051531	0.009655176	0.0147279448	-0.0716100396	0.0541406321	-0.0614572022	0.0161230441	0.0506398449	-0.0550684343	0.0256392734	0.0071385537	-0.0479132944	0.0257961665	0.0776970623	-0.0105340079	-0.012069185	0.0019646658	0.0092951799	0.0112435483	0.0188418902	0.0591895071	-0.0180729214	-0.0578344938	0.0192032484	-0.0038679951	0.0124802032	-0.0691736359	-0.004030479	-0.0233788823	-0.0535143434	-0.0149704101	-0.03724375	0.0349782418	-0.0199605361	-0.0055679898	0.0241015974	0.0329750439	0.0130397866	0.0452147775	0.0539416855	-0.0388500811	0.0370543647	0.0077240462	0.017464448	-0.0326500886	-0.0775202656	0.0655497724	-0.0469489822	0.0235993474	0.0021373389	-0.0276578354	0.0503807682	-0.0680077345	0.1788716984637375	-0.0082005692701301	0.0319950845113022	6.724933635420217e-05	0.3082196862883961	-0.0233216984733531	0.000543901619682	0.0949993750157173	0.2040014064088922	-4.6388753581511066e-05	2.151916458846156e-09	0.041616573816806	0.0012168933638406	-0.0001521673683276	2.315490798374752e-08	1.4808294589592906e-06	-0.0037757236924307	-9.879365392080012e-05	9.760186055022824e-09	1.425608940158252e-05	0.0004707991256692	-0.0003752205850971	1.407904874806101e-07	2.216518167308832e-07	0.0	0.0	0.0	0.0	0.0	0.0	0.0	0.0	0.0	0.0	0.0	0.0	0.0	0.0	0.0	0.0	0.0	0.0	0.0	0.0
1744.9075139357656	0.4262769723704878	3044702.2321894937	0.1817120571733496	2127.561309120872	-7.477520335804002	4526517.124068119	55.91331037236239	1825.153830723456	0.4160709492643946	3331186.5058045057	0.1731150348217744	1872.309565525429	1744.6357538630778	0.954671	25.558329	0.0453211878159671	0.0208106900882559	-0.0295134011	-0.0223149805	0.0625298833	0.0175799889	0.0438301981	0.032365104	0.0820773564	-0.0459600898	-0.001158262	0.0323873822	-0.0013560696	0.0215153451	-0.0395890627	-0.0371219867	-0.0083512775	-0.0692326577	0.0257714712	0.0175390628	0.0715524231	-0.006637269	-0.0410760302	0.0263214216	0.004606717	-0.0412083501	0.0662483388	-0.0047299108	-0.0823295202	0.0485215272	0.0268989392	0.0232022934	0.0133608775	0.045487189	0.0453835181	-0.0215603495	-0.0522735711	0.0067185491	-0.0062528572	-0.0027013467	-0.0778690112	-0.0359015397	-0.0328101642	-0.0672550265	-0.0084271563	-0.006486308	-0.0164469878	0.0836870278	-0.0591860774	0.0439758838	0.0323912268	0.0139841012	0.0688417611	0.0286968124	-0.0229266157	0.0147751499	0.0015207958	-0.0245341186	0.0561793646	-0.0777844842	0.0665549058	-0.0490241061	0.0268518493	-0.0021373389	-0.0227795284	0.0455396975	-0.0639883028	0.1714406270105968	-0.0074310714531406	0.0293918885897865	5.522082294168226e-05	0.3150539641074488	0.0068342778190527	4.670735330799592e-05	0.0992590002998176	0.2006507705604434	-0.0033506358484488	1.1226760588910222e-05	0.0402607317264996	0.0008961323765797	-0.0003207609872608	1.0288761094858718e-07	8.030532363543813e-07	-0.0036847343961232	9.098929630749988e-05	8.279052042534013e-09	1.3577267569973404e-05	0.0006131528960073	0.000142353770338	2.0264595929472513e-08	3.759564738821388e-07	0.0	0.0	0.0	0.0	0.0	0.0	0.0	0.0	0.0	0.0	0.0	0.0	0.0	0.0	0.0	0.0	0.0	0.0	0.0	0.0
1746.2554513065174	1.347937370751879	3049408.101217729	1.8169351554694884	2137.734312577681	10.173003456809056	4569907.991171971	103.489999332249	1826.1348305863944	0.9809998629384608	3334768.419480799	0.962360731085279	1882.897323069853	1763.224950672251	0.9460940000000002	25.32869	0.0628609159695708	0.0263619925963725	-0.0478937497	-0.0691039718	-0.0482009153	0.033012623	0.0505020327	0.0957415598	-0.0206275045	-0.0286522752	-0.0841246497	0.037806257	0.0019588759	0.0265319446	-0.0788584472	-0.0631737077	-0.0280962163	-0.0552025339	-0.0233111706	0.0545248804	-0.0122762864	-0.0455222188	0.0236530264	0.0369874534	-0.0144076025	0.0453573826	-0.0153671281	-0.0350728134	-0.1007166054	0.0662438415	0.0363935077	0.0026119891	0.026964649	0.0441384967	0.0188042495	-0.0243201528	-0.0789384599	0.0110834754	-0.0135879722	0.041358243	-0.0871596257	-0.0025228314	0.0143802139	0.0282483229	0.0253172057	-0.0001194668	-0.0556057423	0.0386931622	-0.0315434703	0.0544136244	0.0540673854	0.0208056655	0.077112624	0.0955167309	-0.0059517019	0.0431779384	0.0559389858	0.1130425131	-0.0476086865	-0.0780401729	0.0675308461	-0.0510508491	0.0300572439	-0.0064061583	-0.0178113211	0.0404540309	-0.0595200392	0.1813283123485547	0.0098876853379578	0.032879956859175	9.776632134246746e-05	0.3031963149779528	-0.0118576491294959	0.0001406038428782	0.0919280054162099	0.1909817413680414	-0.0096690291924019	9.349012552352166e-05	0.0364740255359694	0.001065123706839	0.0001689913302592	2.8558069702807773e-08	1.134488510870452e-06	-0.0035295244251392	0.000155209970984	2.4090135092854163e-08	1.24575426676542e-05	0.0009178826409583	0.000304729744951	9.286021745790149e-08	8.425085425725834e-07	0.0	0.0	0.0	0.0	0.0	0.0	0.0	0.0	0.0	0.0	0.0	0.0	0.0	0.0	0.0	0.0	0.0	0.0	0.0	0.0
1742.6796495007468	-3.575801805770652	3036932.360784046	12.786358554152658	2149.7168909419665	11.982578364285471	4621282.711201195	143.58218425624233	1821.2959405553272	-4.838890031067194	3317118.903083314	23.41485673276147	1873.735930558747	1726.5924076159895	1.068647	28.609667	0.0798141995354041	0.0388148769974712	-0.0327650552	-0.0792068582	0.033327681	0.0301277851	-0.0644688997	0.0695193245	-0.0010914955	0.0063639604	0.0445840234	0.0337837128	0.0046816272	-0.0334465929	-0.0433867401	-0.023463338	-0.0412609561	-0.0625264812	0.035756745	-0.0226577557	-0.0255231886	-0.0122364013	-0.0615639126	0.0320189462	0.003829764	0.0476136841	0.0031566606	0.0731274577	-0.031365333	0.0653702756	0.0002639523	0.015980907	-0.0099050667	0.0198526076	-0.0027706703	-0.0249846779	-0.0791372286	0.0137819094	-0.0083440901	0.0466226765	-0.0798715449	-0.0138877523	-0.0073841813	-0.0055585807	0.033685575	-0.0553469671	0.0463893418	-0.0537311534	-0.0011120095	0.0173912707	-0.0581625128	-0.0317321693	-0.0049087726	-0.0038298177	-0.009570445	-0.013346847	-0.0047457602	-0.0158751733	0.0876646768	-0.0782873035	0.0684771651	-0.0530272111	0.0332099078	-0.010657419	-0.0127728206	0.0351510839	-0.0546342852	0.1634514215257638	-0.0178768908227908	0.0267163671987929	0.0003195832254899	0.3317097015615218	0.028513386583569	0.000813013214464	0.1100313261100338	0.1974828257776906	0.0065010844096491	4.226409850138381e-05	0.0389994664771417	0.00126418565284	0.000199061946001	3.962565834570509e-08	1.5981653648464971e-06	-0.0038289599699878	-0.0002994355448486	8.9661645518778e-08	1.4660934451768977e-05	0.00087792337742	-3.995926353830002e-05	1.596742742523313e-09	7.707494566205396e-07	0.0	0.0	0.0	0.0	0.0	0.0	0.0	0.0	0.0	0.0	0.0	0.0	0.0	0.0	0.0	0.0	0.0	0.0	0.0	0.0
1747.6536863979013	4.97403689715452	3054293.407580174	24.74104305425456	2124.991419185292	-24.725471756674324	4515588.531611122	611.3489535900997	1825.0024467602111	3.706506204883908	3330633.9306807574	13.738188246842912	1871.4881549910003	1737.785726660573	1.109815	29.711824	0.1125624884727785	0.05625464735794	-0.0475598367	-0.0026873745	0.0563217065	0.0285269519	0.0152298097	0.0096215188	0.0770314191	-0.0503177343	0.0281248433	0.0429377971	0.0176785279	0.0055273995	-0.0993413814	-0.0349879233	-0.1015050831	-0.0211844367	0.000590403	0.0141031354	0.0145274147	0.0672814008	0.0275080125	0.0366825408	0.0334280059	-0.0709655836	0.0669632811	0.0122018475	-0.0538467984	0.0970762873	-0.0255169868	0.0441401316	0.0025632368	-0.0442386977	0.072094073	-0.0380477827	-0.0490404956	0.0067227831	-0.0138565909	0.0098139975	-0.0180698685	0.0154477818	0.0538594381	-0.0830445633	-0.0272753604	-0.011594194	-0.0275373753	0.0053220384	-0.0297689125	0.0179607443	0.0511751503	0.0361878809	0.0156187862	-0.0223871845	-0.0622280444	0.0319596755	0.0394091189	-0.0213920883	0.0857872168	-0.0785258491	0.0693934478	-0.0549512416	0.0363043104	-0.0148794683	-0.0076839116	0.0296593388	-0.049365311	0.132893817232869	-0.0305576042928948	0.0176607666587231	0.0009337671801211	0.3319320419967511	0.0002223404352292	4.9435269137947695e-08	0.1101788805041329	0.2001509267834151	0.0026681010057244	7.118762976747995e-06	0.0400603934922599	0.0017678239661498	0.0005036383133098	2.536515506335403e-07	3.1252015752936096e-06	-0.0041798827237367	-0.0003509227537489	1.231467790987112e-07	1.7471419584192534e-05	0.0001501955897001	-0.0007277277877199	5.295877330196998e-07	2.2558715165360785e-08	0.0	0.0	0.0	0.0	0.0	0.0	0.0	0.0	0.0	0.0	0.0	0.0	0.0	0.0	0.0	0.0	0.0	0.0	0.0	0.0
1746.8020796061828	-0.8516067917184955	3051317.505316485	0.725234127701069	2139.3660021695223	14.374582984230074	4576886.891238805	206.6286359705168	1824.5954389962533	-0.4070077639578358	3329148.51600593	0.1656553199219573	1880.358556650199	1770.4715037761837	1.165134	31.192812	0.0874920195455867	0.0439437076799175	-0.058671052	-0.0913073382	-0.0483382969	0.0297923294	0.0741833469	0.0982507054	0.0238048497	-0.0188089758	-0.049114284	0.042370044	-0.0086093065	-0.0433420957	-0.0778624924	-0.0212375245	-0.0828554802	-0.0770069918	0.0074518253	0.0329558174	0.0213034742	-0.0824605916	0.1036542344	0.0411717578	-0.0235527622	0.0609627656	0.0376395574	-0.0337330444	-0.1154926518	0.0763933751	0.0043269401	0.0724559012	-0.014774478	0.0865672595	-0.0472873294	-0.0392444896	-0.0788363698	0.0278321496	-0.0152575999	0.0147143207	-0.0942635059	-0.0085592917	-0.00832902	0.0584201973	0.0539596847	0.0275002059	-0.046051717	0.0871542413	-0.0417790121	-0.0201746883	-0.0497204068	-0.0971647652	0.0267144788	0.0116964023	0.0246184763	-0.0369525548	0.0164561636	-0.0109232335	0.0701670039	-0.0787557834	0.0702792922	-0.0568210419	0.0393350228	-0.0190607341	-0.0025646777	0.024008292	-0.0437500746	0.1650094924216887	0.0321156751888196	0.0272281325892633	0.0010314165928337	0.3239153919050039	-0.0080166500917471	6.426667869351007e-05	0.1049211811129722	0.1938808758331802	-0.0062700509502348	3.931353891854145e-05	0.037589794013841	0.0017669100624595	-9.139036903000644e-07	8.352199551440758e-13	3.1219711688206343e-06	-0.0036970765055885	0.0004828062181482	2.3310184428256745e-07	1.3668374688174474e-05	0.0004882683341573	0.0003380727444572	1.1429318054482327e-07	2.3840596614074483e-07	0.0	0.0	0.0	0.0	0.0	0.0	0.0	0.0	0.0	0.0	0.0	0.0	0.0	0.0	0.0	0.0	0.0	0.0	0.0	0.0
1747.3470462039606	0.5449665977778295	3053221.6998777064	0.2969885926935426	2158.6023080999203	19.23630593039797	4659563.924534303	370.0354658478643	1822.247816654674	-2.347622341579381	3320587.105302726	5.511330658682656	1879.748175647212	1752.2349969355105	1.098789	29.416634	0.0463277639214265	0.0211670673042241	-0.0596940877	-0.056398081	-0.0371005464	0.0433042162	-0.0245063805	0.0645342145	-0.0386371955	0.0421999492	0.0227846356	0.0424156138	0.0237206885	-0.0049916791	-0.0802177284	-0.0199200719	-0.0119039571	-0.072940422	0.0019548128	0.0161534128	-0.0971121943	-0.0704622001	-0.0277316078	0.0451048262	0.0146287336	0.0632771764	-0.0585590738	0.0655695729	-0.0502702241	0.0750220545	-0.0161016388	0.0118167396	-0.0006851771	-0.0092428453	0.0244091527	-0.0433810397	-0.0680037328	0.0179367282	-0.0226877473	0.03961758	-0.0640656077	0.0146339528	0.0621941576	-0.0143250238	0.0071810578	-0.0055522849	-0.0300186418	-0.0616388164	0.0119545336	0.0377356412	0.088568143	-0.021111191	0.0210981741	0.0210025587	-0.0395211644	-0.0271803906	0.0306383956	0.0134045378	-0.0005682072	-0.0789770813	0.0711343098	-0.0586347667	0.0422967282	-0.0231897558	0.0025646777	0.0182282956	-0.0378279629	0.1591303992370427	-0.0058790931846459	0.0253224839613405	3.4563736673750986e-05	0.3317944464603499	0.0078790545553459	6.207950068611837e-05	0.1100875547019299	0.1813243125675256	-0.0125565632656546	0.0001576672810443	0.0328785063280857	0.0015681446426954	-0.0001987654197641	3.950769209399889e-08	2.459077620414284e-06	-0.0037502458434108	-5.316933782230013e-05	2.826978484461875e-09	1.4064343886019984e-05	0.0003399420334281	-0.0001483263007292	2.2000691488009083e-08	1.1556058609123148e-07	0.0	0.0	0.0	0.0	0.0	0.0	0.0	0.0	0.0	0.0	0.0	0.0	0.0	0.0	0.0	0.0	0.0	0.0	0.0	0.0
1737.8447217506666	-9.502324453294024	3020104.276916652	90.29417001566956	2134.1007015054875	-24.50160659443281	4554385.804166214	600.3287257083535	1818.1053491782027	-4.142467476471211	3305507.0607103943	17.16003679362176	1869.9144507314645	1726.2945109854456	1.236431	33.101559	0.0292753972625758	0.0177679191207105	-0.0434166218	-0.1204185124	0.0808303013	0.0295468827	-0.1152472579	0.0763070358	0.0311200817	-0.0431835542	-0.0272064903	0.0401267632	0.0139466871	0.0242783096	-0.0060860314	0.0445683669	-0.0140675343	-0.1233855849	0.0118542655	-0.0553772475	-0.0145814158	0.0347901666	-0.0155892557	0.0363134254	0.0207284985	0.0305535507	0.0372515204	0.0899476769	-0.1093354443	-0.0275310323	0.0246057727	0.0697286577	-0.0067746128	-0.0171797364	0.0534197344	-0.0436434742	-0.1045496466	0.049892494	-0.0136048042	-0.0189380303	-0.087149105	0.0004471152	-0.0821872464	0.0226896808	0.0179927187	-0.0589682274	0.1123682568	0.0458967204	-0.0498061097	-0.0269509454	-0.0555155096	-0.0271398655	0.0376985842	-0.0311810103	0.0265447078	-0.0109222267	-0.0402428334	0.0023021441	0.1087903644	-0.0791897184	0.0719581255	-0.060390626	0.0451842308	-0.0272552159	0.0076839116	0.0123503943	-0.0316405151	0.1581204338416171	-0.0010099653954256	0.0250020715982612	1.0200300999572097e-06	0.3375941558660997	0.0057997094057498	3.36366291911428e-05	0.1139698140749444	0.1812864993165277	-3.78132509978868e-05	1.4298419510291867e-09	0.0328647948344414	0.0015801659384233	1.2021295727899933e-05	1.4451155097762512e-10	2.496924392953188e-06	-0.0039299457084338	-0.000179699865023	3.2292041489284425e-08	1.5444473271237243e-05	8.310500997094907e-05	-0.0002568370234571	6.59652566183291e-08	6.9064426822715454e-09	0.0	0.0	0.0	0.0	0.0	0.0	0.0	0.0	0.0	0.0	0.0	0.0	0.0	0.0	0.0	0.0	0.0	0.0	0.0	0.0
1737.5274964704172	-0.3172252802494313	3019001.800990756	0.1006318784293302	2110.9740973385897	-23.126604166897778	4456211.639634473	534.8398202923737	1814.361635085435	-3.743714092767732	3291908.142869893	14.015395208387725	1867.269303864124	1718.9166703254325	2.382401	63.781326	0.9399100758989054	0.500945990724789	-0.0274065002	-0.1688837655	0.057752715	-0.0280010518	-0.0595445486	0.2552055111	0.0954395634	0.0178858391	-0.0688470201	0.0411064618	-0.0607130335	-0.5433986011	0.0286077418	0.2198314852	0.1309596291	0.2695774094	-0.1563661935	0.0373112269	0.1192081382	0.1047697092	-0.2295461323	0.0379659193	-0.0678878619	0.2713692347	0.3200646451	-0.1070129902	0.3223338916	-0.2040285731	-0.3888287688	-0.1708899356	-0.0463659943	-0.0927517582	-0.0717197202	0.0021794219	-0.2004249955	-0.04378885	0.0525900115	0.3364168382	0.3540214233	0.0475996832	-0.028814666	-0.2801301884	-0.1920109741	0.2046978154	-0.2196727505	-0.3242024937	0.1555099537	-0.1663334181	0.1236433269	-0.0172876926	0.1315411738	0.057973278	0.1742153462	0.1129059067	0.1168931422	0.0772162106	-0.0374020671	-0.0793936715	0.0727503781	-0.0620868871	0.0479924649	-0.0312459714	0.0127728206	0.0064061583	-0.0252311319	0.1026244202090396	-0.0554960136325774	0.0105317716232415	0.0030798075291072	0.2490818257725777	-0.088512330093522	0.0078344325785846	0.0620417559302007	-0.2307668738593307	-0.4120533731758584	0.1697879823456032	0.0532533500708082	0.0054947596259412	0.0039145936875179	1.5324043738354993e-05	3.019238334687348e-05	-0.0064900663530143	-0.0025601206445805	6.554217714807275e-06	4.212096126652834e-05	0.0012853578578115	0.0012022528478405	1.4454119101407146e-06	1.6521448226377682e-06	0.0	0.0	0.0	0.0	0.0	0.0	0.0	0.0	0.0	0.0	0.0	0.0	1.0	0.0	0.0	0.0	0.0	0.0	0.0	0.0
1745.688499730465	8.161003260047892	3047428.338091202	66.60197421051231	2117.688144857233	6.714047518643383	4484603.07886887	45.07843408260137	1816.8040632281384	2.44242814270342	3300777.0041622734	5.965455232269679	1861.818114755668	1722.6740883539055	2.863206	76.65335799999998	1.4848462116425076	0.9423878990849422	-0.0211419995	0.195458345	-0.0437001583	0.0641658206	0.0272239522	-0.1613491546	0.0646051136	0.1609358905	0.0712537688	0.0444786129	0.040198974	0.0728024787	0.0399366893	-0.0040831152	0.0100045783	0.1617002462	0.0212765044	0.0052128455	0.129094502	-0.1694437218	-0.1271707665	0.0450113821	0.0649781403	-0.1041085054	-0.0772177137	-0.0917806574	0.2093848645	-0.0758516776	-0.1289189594	-0.0030377897	0.0995336883	0.0460971689	0.2189243571	-0.0270262064	0.1945206464	-0.1282816672	-0.0107003853	0.1501792917	0.1984583266	0.1170642647	0.1083062673	-0.0268843233	-0.1331188834	-0.0898017428	0.1333059183	0.1415830099	0.0711320762	0.1705442962	0.0384739321	0.0468736878	-0.0761841957	0.1569610901	0.0009794937	0.1526062381	-0.0221656487	0.0658334919	-0.1688093946	-0.0795889182	0.0735107199	-0.0637218759	0.0507165039	-0.0351510839	0.0178113211	0.0004275147	-0.0186447705	0.0729823241973974	-0.0296420960116421	0.005326419645254	0.0008786538559634	0.3515378616682199	0.1024560358956421	0.0104972392914491	0.1235788681862645	0.6848117267193174	0.915578600578648	0.8382841738375557	0.4689671010522931	-0.0003798456157297	-0.0058746052416709	3.4510986745467216e-05	1.4428269178907494e-07	-0.0089988021666707	-0.0025087358136564	6.293755382722239e-06	8.097844043487729e-05	0.0009253093300073	-0.0003600485278041	1.2963494237397173e-07	8.561973561985585e-07	0.0	0.0	0.0	0.0	0.0	0.0	0.0	0.0	0.0	0.0	0.0	0.0	0.0	1.0	0.0	0.0	0.0	0.0	0.0	0.0
1735.548484049596	-10.140015680869055	3012128.540486851	102.81991800827034	2127.567992990668	9.879848133434734	4526545.564798338	97.6113991397338	1816.000746342174	-0.8033168859644775	3297858.7107153325	0.6453180192756653	1865.348352768842	1737.5856893855312	1.350315	36.150459	0.1804026226021784	0.0878026491016808	-0.0225241559	0.179163971	0.0097093226	0.0307749253	0.0812945157	-0.0875426584	-0.0064339926	0.106545147	0.119784779	0.043147723	0.0215944913	0.1117882518	0.0665015328	0.0648853773	0.0859495519	0.136820623	0.0795161507	0.0228652544	0.1145690416	-0.0708104677	-0.0868460175	0.0464463113	0.0338583603	-0.0799505261	-0.0899985986	-0.1423472337	0.1210587618	-0.1662506886	-0.0858102657	-0.0255194342	0.0803182897	0.0949325681	0.2046355215	-0.0496913247	0.2551086305	-0.0513755032	0.0356394941	0.1265749502	0.1964158615	0.1183024947	-0.0261643268	-0.0119025621	-0.1259768307	-0.0365138663	0.1420479829	0.1469823236	0.0085446553	0.049293613	-0.2483106896	-0.1280172967	0.0479608507	0.2803305478	-0.0859836115	-0.08175991	-0.1552842631	0.027766874	-0.0482098403	-0.0797754371	0.0742388174	-0.0652939789	0.0533515689	-0.0389598496	0.0227795284	-0.0055534252	-0.0119276293	0.0984923094237473	0.0255099852263498	0.0097007350156231	0.0006507593462485	0.354139673405939	0.0026018117377191	6.769424318532974e-06	0.1254149082800651	0.7561472112558718	0.0713354845365543	0.0050887513540649	0.5717586050900321	0.0002730081086447	0.0006528537243744	4.26217985429525e-07	7.453342738575631e-08	-0.0097630047657029	-0.0007642025990322	5.840056123675708e-07	9.531626205513757e-05	0.0011273598286318	0.0002020504986244	4.082440399440905e-08	1.2709401832127217e-06	0.0	0.0	0.0	0.0	0.0	0.0	0.0	0.0	0.0	0.0	0.0	0.0	0.0	0.0	0.0	0.0	0.0	0.0	0.0	0.0
1733.556010522898	-1.9924735266979496	3005216.4416200663	3.969950754592165	2156.759253241799	29.191260251131094	4651610.476444122	852.1296750492664	1815.7120050798385	-0.2887412623354066	3296810.0853910474	0.0833715165750441	1878.0897756539136	1792.3671189608374	1.339681	35.865765	0.3703325846100172	0.2170012527185368	-0.0653167778	0.1584112226	-0.1171046249	0.0541649112	0.1429251899	-0.084272299	-0.1347911664	0.0572746849	0.0824408944	0.0513547531	0.0400942776	0.145429631	0.0570934442	0.0288342361	0.0820326722	0.0543583615	0.0104578546	0.0809688992	0.0968559555	-0.0691631882	-0.1636179957	0.0594651351	0.030956202	-0.0456161917	-0.1630645982	-0.1601741819	0.0029967545	-0.1186965747	0.0088151207	-0.0027218304	0.0964067273	0.1668083471	0.0714322073	-0.0586891332	0.1965405349	-0.067328499	-0.0035277556	0.0804478018	0.0924625204	0.0523795403	0.0214028906	0.0634572907	-0.0637824931	0.0023864178	0.0150713827	0.1635270707	0.0257820559	0.1016353284	0.0199675745	-0.0405599148	-0.0319339476	0.1281745637	0.0550878988	-0.0198152339	0.087670362	0.0358399438	-0.0566008334	-0.0799532077	0.0749343514	-0.0668016447	0.0558930371	-0.0426618292	0.0276578354	-0.0115045374	-0.0051268245	0.0796514229750755	-0.0188408864486717	0.0063443491819543	0.0003549790021717	0.3514220514053647	-0.0027176220005742	7.3854693380054255e-06	0.1234974582139547	0.5853614486380607	-0.1707857626178111	0.0291677767129473	0.342648025551649	0.0004548664441033	0.0001818583354586	3.307245417577269e-08	2.0690348197118054e-07	-0.0065827532050957	0.0031802515606072	1.0113999988744536e-05	4.333263975919771e-05	0.0013250162034252	0.0001976563747933	3.906804249646898e-08	1.7556679393393308e-06	0.0	0.0	0.0	0.0	0.0	0.0	0.0	0.0	0.0	0.0	0.0	0.0	0.0	0.0	0.0	0.0	0.0	0.0	0.0	0.0
1723.9528144917156	-9.603196031182506	2972013.3065939075	92.22137401331943	2163.985180594704	7.225927352905273	4682831.861833494	52.21402610946461	1809.834332739401	-5.877672340437584	3275500.3119622725	34.54703214154503	1875.890029727712	1750.6304552292854	1.213068	32.476101	0.1564889845260172	0.0737926340557792	-0.0629947039	0.1015004301	-0.0697193001	0.0408328754	0.0543955012	-0.0434659085	-0.2228180068	0.0665589057	0.0690265078	0.0448840569	0.0594887176	0.0558919891	0.07869037	0.0790889137	0.09989223	0.0435591688	0.0054727755	0.0358658763	-0.019134043	-0.0634134924	-0.0452387654	0.0558141309	0.0337304768	0.0481227384	-0.153387274	-0.0732619354	-0.0098506903	-0.1334484359	0.0069112862	-0.0511190892	0.010665903	0.0325324115	-0.0237991339	-0.0776875883	0.156647978	0.0009685837	0.0049779564	0.0248724996	0.0452129762	0.0693373847	-0.0587795616	0.06788579	-0.0053858908	0.0035071217	0.0271064154	0.0033332493	0.0382333364	0.0177649919	-0.1120182835	-0.0238619936	0.0904027813	0.0194710959	-0.0289041659	-0.1331794906	0.0226605434	0.0402917552	0.0205406453	-0.0801222105	0.0755970167	-0.0682433853	0.05833645	-0.0462468756	0.0324269895	-0.0173938582	0.0017099414	0.0925689207200264	0.0129174977449508	0.0085690050832705	0.0001668617479908	0.354465985663893	0.0030439342585282	9.265535770242111e-06	0.1256461349926751	0.5229415093186276	-0.0624199393194331	0.0038962488246417	0.2734678221684443	0.0009982975112329	0.0005434310671296	2.953173247216158e-07	9.96597920933802e-07	-0.0059520693130095	0.0006306838920862	3.977621717369976e-07	3.5427129106869386e-05	0.0009369788985789	-0.0003880373048462	1.505729499523803e-07	8.779294563821286e-07	0.0	0.0	0.0	0.0	0.0	0.0	0.0	0.0	0.0	0.0	0.0	0.0	0.0	0.0	0.0	0.0	0.0	0.0	0.0	0.0
1722.874570832396	-1.0782436593194689	2968296.786820913	1.1626093888626388	2113.5180849595504	-50.46709563515378	4466958.695451085	2546.927741847758	1814.1767956471583	4.342462907757408	3291237.4458645917	18.856984105248923	1864.791987280752	1713.3434829036746	1.196728	32.038635	0.2671003622887189	0.1322242541015894	-0.0548524089	0.0709438657	-0.0029190246	0.0470615771	-0.0301853547	-0.0989426502	-0.0758766181	-0.0280350455	-0.0546614578	0.0493104206	0.0019009251	-0.044828126	-0.0312616411	0.0573460818	0.1043380859	0.1565724861	0.0828155042	-0.0824652916	-0.0354895972	0.0341983095	0.1238279739	0.0525085045	0.0283861019	-0.0222755766	0.0232670248	0.0191549057	0.0746344609	-0.083572808	-0.0896678327	-0.1025040254	-0.0457530331	0.0159241681	-0.038271134	-0.069615893	0.0542584065	0.0026962438	-0.0152996944	-0.0791829464	0.1139020466	-0.0237215269	-0.0215295901	-0.0125939057	0.1365463828	-0.0444047103	-0.0979976914	0.0136895559	0.1505071136	-0.0318576482	0.01094243	0.0554787408	-0.1157750152	0.0186510423	-0.1664472753	-0.029030344	-0.0028695806	0.1889991605	0.0174140983	-0.080282427	0.0762265226	-0.0696177779	0.0606775209	-0.0497051625	0.0370681691	-0.0231897558	0.0085347133	0.1176868222426463	0.0251179015226199	0.0138501881295722	0.0006309089769	0.3551142445045627	0.0006482588406697	4.202395245064406e-07	0.1261061266500463	0.4055308782860933	-0.1174106310325343	0.0137852562794579	0.1644552932434902	0.001859163302592	0.000860865791359	7.410899107323294e-07	3.456488185704792e-06	-0.0050102831959544	0.0009417861170551	8.869610902777225e-07	2.510293770366304e-05	0.0002611593891352	-0.0006758195094436	4.567320093447232e-07	6.820422653347083e-08	0.0	0.0	0.0	0.0	0.0	0.0	0.0	0.0	0.0	0.0	0.0	0.0	0.0	0.0	0.0	0.0	0.0	0.0	0.0	0.0
1728.5615487513287	5.686977918932598	2987925.027821592	32.341717850426946	2116.6213767311788	3.103291771628392	4480086.052435391	9.630419819856485	1816.9394281398484	2.762632492690045	3301268.885529159	7.632138289666813	1867.317792705461	1712.566307921476	1.116265	29.884497	0.0618488587399656	0.0340871712599096	-0.0714527942	0.0564653452	-0.0572956682	0.0597295156	0.0258972941	-0.0602533081	-0.006851959	0.0043471297	-0.0434291719	0.0693356423	0.0544159118	0.0318707185	-0.0509190437	0.0462401575	-0.0654763819	0.0665634827	-0.0499001432	0.0029921859	-0.0337755772	-0.0370946174	0.0521200907	0.0706261556	0.0369488592	-0.0338507016	-0.0275809692	-0.1055265673	-0.0187094047	0.0571930032	-0.0453137848	0.0077626984	-0.045061256	-0.0911504854	-0.0917197912	-0.0860714918	0.0551914564	0.0488985843	-0.0016425607	-0.0537440043	0.0646599922	-0.0073016745	0.0003635642	0.0820126931	0.0520734398	0.0159783739	-0.0632722838	0.0426798017	0.0412416433	-0.0460183776	0.0064603913	0.0655773268	0.0306592209	-0.0499136265	-0.0429027846	0.0277188375	-0.0303357531	-0.0350933247	-0.0381182776	-0.0804338397	0.0768225931	-0.0709234662	0.0629121428	-0.0530272111	0.0415630576	-0.0288611001	0.0152996203	0.1163254758659917	-0.0013613463766545	0.0135316163354494	1.8532639572305968e-06	0.3561292002232648	0.001014955718702	1.0301351109260596e-06	0.1268280072516622	0.4199151060979673	0.0143842278118739	0.0002069060097438	0.1763286963292671	0.0023799463469629	0.0005207830443708	2.712149793042227e-07	5.664144614422051e-06	-0.0050913622665944	-8.107907063999945e-05	6.573815695846021e-09	2.592196972970126e-05	0.000561063850779	0.0002999044616438	8.994268611385749e-08	3.1479264465096e-07	0.0	0.0	0.0	0.0	0.0	0.0	0.0	0.0	0.0	0.0	0.0	0.0	0.0	0.0	0.0	0.0	0.0	0.0	0.0	0.0
1726.6886180922197	-1.872930659108988	2981453.58384922	3.5078692538304286	2136.6250312111592	20.00365447998047	4565166.523998087	400.1461925544427	1806.9265268783124	-10.012901261535944	3264983.4735365207	100.2581916732681	1864.4074634028416	1722.3180682330608	1.048217	28.062731	0.0918156828523351	0.0457358366655244	-0.0666284756	0.0427839657	-0.0381264337	0.0685286068	0.0002060533	-0.020171796	-0.1017033769	0.065450046	-0.0684622077	0.0501753698	0.0487971606	0.0046473561	0.0503363695	0.0419457348	0.0346399768	0.0628305284	-0.0640825034	-0.0351371276	-0.080282154	0.061871934	0.0573977404	0.0524157394	0.0448861857	0.0253730036	-0.053597621	0.0071720664	0.0069225064	-0.0436868741	0.0138595413	-0.0439760934	-0.0094517031	-0.0683006579	-0.1050090969	-0.0871594425	0.06598852	0.0115725858	-0.0133794171	-0.026167803	0.0013929639	-0.0254044454	0.0136215955	0.0450178584	0.0534330227	-0.0112542232	0.0389067518	-0.0454621396	0.0186320379	-0.0394175708	0.008376725	0.0451709959	0.0614250657	0.0106922595	0.0594556184	-0.0566297894	0.0255821572	0.0646666344	-0.0075347987	-0.0805764318	0.0773849666	-0.0721591615	0.0650363955	-0.0562039158	0.0458939156	-0.0343774302	0.0219572114	0.1345771934471429	0.0182517175811511	0.0181110209961097	0.0003331251946621	0.3551674712006019	-0.0009617290226628	9.249227130321248e-07	0.1261439325990303	0.3900206181732812	-0.029894487924686	0.0008936804082792	0.1521160826002684	0.0018569587903754	-0.0005229875565874	2.7351598434536325e-07	3.448295949152469e-06	-0.0049381706723012	0.0001531915942931	2.3467664562092173e-08	2.438552958877569e-05	0.000383088035183	-0.000177975815596	3.1675390937061395e-08	1.4675644270037145e-07	0.0	0.0	0.0	0.0	0.0	0.0	0.0	0.0	0.0	0.0	0.0	0.0	0.0	0.0	0.0	0.0	0.0	0.0	0.0	0.0
1725.1829055439212	-1.5057125482985612	2976256.057580966	2.267170278103747	2122.690037293868	-13.934993917291196	4505812.994426643	194.1840554749426	1813.2700352362024	6.343508357889959	3287948.220685499	40.24009828661977	1868.0113511029413	1727.4667839021358	1.720766	46.068115	0.4472279830439098	0.336540757709181	-0.0864331077	-0.186038059	0.0998720574	0.0163875684	-0.1270680123	0.1768716595	-0.0042724029	-0.1258026889	-0.0669601129	0.0547564734	0.0258932518	-0.1319936667	-0.0756929095	0.0536054028	-0.0205771452	-0.1259868077	-0.1056509114	-0.0619520689	-0.0183817945	-0.0446237244	0.0571491362	0.0543104246	0.0065282576	0.1388437067	0.1382144205	0.0806688762	-0.0859388593	-0.0265365165	-0.0431997831	0.0144511975	0.0556546576	-0.0423353824	-0.0186261325	-0.0742658297	-0.1725405906	0.0943448063	0.007585391	0.0449891729	0.018868232	-0.0573550019	-0.0996606304	-0.0538309448	-0.0217905633	0.0460689406	-0.0282024446	-0.0723258131	0.0555088775	-0.1131886311	0.0561531487	-0.0718885756	0.0075878892	-0.0816717159	-0.0422103631	0.0097113936	0.026738416	-0.0459970728	-0.0395633537	-0.0807101879	0.0779133966	-0.0733236445	0.0670465522	-0.0592265694	0.0500436514	-0.0397091175	0.0284607885	0.1372651687038484	0.0026879752567054	0.0188417265392959	7.225210980660995e-06	0.3414177669222198	-0.013749704278382	0.0001890543677429	0.1165660915701552	0.0649945389345489	-0.3250260792387323	0.1056419521853026	0.0042242900913145	0.0038230681086779	0.0019661093183024	3.86558585151592e-06	1.4615849763590014e-05	-0.0050602567412418	-0.0001220860689405	1.4905008229368766e-08	2.560619828728308e-05	0.0004101771333417	2.7089098158700024e-05	7.338192390516851e-10	1.6824528071641474e-07	0.0	0.0	0.0	0.0	0.0	0.0	0.0	0.0	0.0	0.0	0.0	0.0	0.0	0.0	1.0	0.0	0.0	0.0	0.0	0.0
1726.3066878566071	1.1237823126859894	2980134.780538449	1.2628866863058708	2104.817184795033	-17.872852498835073	4430255.381408488	319.4388564451151	1810.175648828696	-3.094386407506363	3276735.8796123904	9.575227238960135	1859.8921824735755	1705.950375640136	1.309472	35.057003	0.3191394873360357	0.2040209988367804	-0.0830279899	-0.0420343288	0.0777857984	0.0573435872	-0.0027909513	0.005938308	0.0393842203	-0.1360055239	-0.0945685856	0.0607567096	0.0601231927	-0.0082897516	0.0273448075	0.0297566224	-0.0110744123	-0.0300585984	-0.1168309701	-0.0479384031	0.0488723409	0.0888391716	0.0742543932	0.0594230921	0.0717880519	-0.0272284812	0.0964270843	0.0121759194	-0.0707802458	-0.0155660536	0.0240772738	0.0650465987	0.0348933554	-0.0412868093	-0.1158796915	-0.0805074043	-0.0684376495	0.032901026	-0.0158525873	-0.0273832489	0.0156992936	-0.0737040831	-0.0682175403	-0.0093521948	-0.0167926686	0.0164401338	0.0170701501	0.1023994466	0.0188780236	-0.0256385991	0.0724701019	0.0549793051	-0.0519361129	-0.0914489795	0.0552608658	0.0622703504	0.0291472116	0.0122367498	-0.0304056426	-0.0808350932	0.0784076511	-0.0744157659	0.0689390864	-0.0620868871	0.0539958877	-0.0448275254	0.0347647336	0.1057732417483094	-0.0314919269555389	0.0111879786699463	0.000991741463373	0.3773596841907221	0.0359419172685022	0.0012918214169358	0.1424003312525215	0.2659656727321433	0.2009711337975943	0.0403893966198905	0.0707377390718615	0.0035439797893428	-0.000279088319335	7.789028998929068e-08	1.2559792747270236e-05	-0.005496787671692	-0.0004365309304502	1.9055925323971779e-07	3.021467470766516e-05	0.0007092480698444	0.0002990709365027	8.944342506060204e-08	5.030328245780069e-07	0.0	0.0	0.0	0.0	0.0	0.0	0.0	0.0	0.0	0.0	0.0	0.0	0.0	0.0	0.0	0.0	0.0	0.0	0.0	0.0
1725.198192369766	-1.1084954868410932	2976308.802955908	1.2287622443470725	2127.226444504478	22.409259709445	4525092.346199163	502.1749207253548	1816.466006987276	6.29035815857992	3299548.7545402986	39.568605763212965	1875.129481655944	1752.5045429427464	1.313167	35.155937	0.3148352772342506	0.17716012382643	-0.1034392126	0.0670865149	-0.0653530062	0.0697356965	0.110065875	-0.0293302303	-0.1473978228	-0.0811356293	-0.0407483816	0.0827720519	0.0491777015	0.0726024214	-0.0295248138	0.0528934634	0.0554342066	0.0040899012	-0.0231274818	0.0636948959	-0.0451982378	-0.0168974718	0.0287936803	0.0847472398	0.0327446764	-0.0004004771	-0.0725936166	-0.0919739717	-0.0903882933	-0.0335063185	-0.0046549977	-0.061497955	0.0133487276	0.0075035802	-0.0688597199	-0.1103172854	0.0736951752	0.061368083	-0.0168852539	-0.0556712151	0.0169312568	0.0192756398	-0.0079919544	0.060925137	0.0137935476	0.0549058294	-0.0564961235	0.0039740834	-0.0677451287	-0.0039065139	-0.0488407678	0.0085179459	0.0020818071	-0.008850754	0.0250622648	-0.0368695431	0.0013678311	-0.0376294796	0.0115862381	-0.0809511339	0.0788675135	-0.0754344479	0.0707106781	-0.064777029	0.0577350269	-0.0497051625	0.040824829	0.0578324865457489	-0.0479407552025605	0.0033445965000642	0.0022983160093918	0.3751514426369056	-0.0022082415538164	4.876330760001876e-06	0.1407386049125514	0.4102195114565319	0.1442538387243886	0.0208091699867219	0.1682800475796357	0.0023971587893382	-0.0011468210000045	1.31519840605155e-06	5.7463702613013855e-06	-0.004426398882608	0.0010703887890839	1.1457321597967111e-06	1.9593007067953357e-05	0.0005178090238633	-0.000191439045981	3.6648908326153706e-08	2.681261851942637e-07	0.0	0.0	0.0	0.0	0.0	0.0	0.0	0.0	0.0	0.0	0.0	0.0	0.0	0.0	0.0	0.0	0.0	0.0	0.0	0.0
1725.3664105305334	0.1682181607673101	2976889.250587017	0.0282973496119365	2112.506427244706	-14.720017259771794	4462683.405150193	216.6789081279795	1813.4430766858552	-3.022930301420729	3288575.7923798603	9.13810760724762	1863.4979523303464	1698.456381005674	1.085271	29.054729	0.0800590501423323	0.0454614774782389	-0.0829473877	0.0285579993	-0.0449844442	0.0719560406	0.0116806353	-0.026885977	-0.0539269031	-0.0236781382	-0.1080016818	0.0761438553	0.0546197008	0.062581571	0.0284476528	0.0423161667	0.0537976898	-0.0226311387	-0.0126583532	0.0126417045	-0.0842295357	0.0075288286	-0.0486365399	0.072956259	0.0589964646	0.0103166785	-0.0568022942	-0.0004954254	-0.0068845411	-0.0148382092	0.0396909266	-0.0439401071	-0.0276189395	-0.0483096384	-0.0195064339	-0.0970217117	0.0211150378	0.0132057291	-0.0306714483	-0.0356619861	0.0172894843	-0.0351189695	0.0022917876	0.0985199937	0.0012113642	0.0353336458	0.0076049605	-0.0193406383	0.000329387	-0.0034296379	0.0807388565	0.003951306	-0.0861948126	-0.0326758279	-0.0017509481	0.00070872	-0.0175498953	-0.0484164126	0.0079642454	-0.0810582975	0.0792927819	-0.0763786853	0.0723582192	-0.0672896215	0.0612463124	-0.054315831	0.0465985677	0.0843908990053137	0.0265584124595648	0.007121823834925	0.0007053492723723	0.3650234990567327	-0.0101279435801728	0.0001025752411631	0.1332421548636205	0.3750464191827873	-0.0351730922737446	0.0012371464200973	0.140659816541831	0.0024718579484519	7.469915911369977e-05	5.579964372293835e-09	6.110081717324836e-06	-0.004426271693924	1.2718868400065505e-07	1.6176961337818482e-14	1.9591881108432837e-05	0.0006069747126426	8.916568877929997e-05	7.950520055486981e-09	3.684183017875669e-07	0.0	0.0	0.0	0.0	0.0	0.0	0.0	0.0	0.0	0.0	0.0	0.0	0.0	0.0	0.0	0.0	0.0	0.0	0.0	0.0
1728.1703654403984	2.8039549098650696	2986572.8119864003	7.862163136556431	2121.0558955452657	8.54946830055951	4498878.112027329	73.09340822227193	1816.7196505362529	3.2765738503976536	3300470.288644565	10.735936197109703	1867.8327774347044	1714.2861305458655	1.041224	27.875509	0.0960885581218413	0.0411232160105863	-0.0986394182	0.0453104478	0.057550966	0.0922346683	-0.0911870546	-0.0837720795	-0.0403447818	-0.0689941728	-0.068243403	0.0836027896	0.0458046369	0.0779529314	-0.0134468699	0.0537292307	0.0598154397	-0.0520816179	0.0079179199	-0.0069187224	0.0173696251	-0.0061745925	0.0168645581	0.0822329069	0.0626819889	-0.0354826333	-0.0395357545	0.0657296185	-0.0602429422	-0.0750649586	-0.0217401385	-0.02555326	0.0065363047	-0.0464656935	0.0832231105	-0.1160166074	0.0379317067	0.0715230533	-0.0122397506	-0.0485036726	-0.0005074642	0.0129672879	-0.0507146111	-0.0155894141	-0.0169659424	-0.0175543142	0.0422681101	-0.048786415	-0.0339986881	-0.0298623943	-0.0565481287	0.0742559984	0.0318183108	-0.0232680806	0.0508939992	0.0220773747	-0.04505554	0.0038955215	-0.0103660564	-0.0811565722	0.0796832699	-0.0772475461	0.0738788195	-0.0696177779	0.0645158866	-0.0586347667	0.0520454508	0.070141654226461	-0.0142492447788526	0.0049198516576244	0.0002030409767676	0.3760067843967505	0.0109832853400178	0.0001206325568602	0.1413811019123844	0.4035556659207131	0.0285092467379258	0.0008127771495639	0.1628571754967102	0.0027813022093396	0.0003094442608877	9.575575059633506e-08	7.735641979677341e-06	-0.0048350090908508	-0.0004087373969268	1.6706625964649698e-07	2.337731290860988e-05	0.000735728680129	0.0001287539674864	1.6577584143488954e-08	5.412966907643605e-07	0.0	0.0	0.0	0.0	0.0	0.0	0.0	0.0	0.0	0.0	0.0	0.0	0.0	0.0	0.0	0.0	0.0	0.0	0.0	0.0
1734.0250071816283	5.854641741229898	3006842.725531246	34.27682991815145	2107.769143624739	-13.286751920526513	4442690.762816566	176.53777659761496	1814.4731070535224	-2.2465434827304307	3292312.656220464	5.046957619798573	1861.6629526175705	1685.10957994232	1.086106	29.077074	0.1536169289077936	0.0975445156187825	-0.0850492973	0.0417345305	0.0428771944	0.0784557305	0.0653350199	-0.0532100522	0.0708092067	-0.0198034503	-0.0611185376	0.0830374021	0.0613468442	0.016766892	-0.0016723186	-0.0367328762	-0.0448256121	0.0356162232	-0.0653968826	0.0396507574	-0.0440146381	0.1214617653	0.0974419446	0.0806571255	0.0672799356	-0.0615943667	0.0496902573	-0.075184653	-0.0017943279	0.0711230977	0.0405392965	0.0208904074	-0.0009080398	-0.1148837519	-0.0679231165	-0.1059748121	-0.0061314511	0.0056273237	-0.0429925431	-0.0106004172	-0.0064058532	-0.0403366172	0.0255263881	-0.0372232064	-0.0188152401	0.0251169505	-0.0045480527	-0.0037954602	-0.0766142964	-0.0055824244	-0.0440370841	0.0272324827	-0.160156848	-0.0905954277	0.0425261858	0.017535528	-0.1062670316	-0.0790591936	0.0291288007	-0.0812459471	0.0800388062	-0.0780401729	0.0752698111	-0.0717551168	0.0675308461	-0.0626387723	0.0571272725	0.067169754063741	-0.00297190016272	0.0045117758609834	8.832190577175185e-06	0.3745934214607018	-0.0014133629360487	1.997594788996236e-06	0.1403202314016349	0.3150090881987282	-0.0885465777219849	0.0078404964262755	0.0992307256477941	0.0020150209562355	-0.0007662812531041	5.871869588587903e-07	4.060309454068228e-06	-0.0044443355934793	0.0003906734973715	1.5262578154847954e-07	1.9752118867467003e-05	0.0006789816688638	-5.674701126520004e-05	3.22022328753274e-09	4.61016106653071e-07	0.0	0.0	0.0	0.0	0.0	0.0	0.0	0.0	0.0	0.0	0.0	0.0	0.0	0.0	0.0	0.0	0.0	0.0	0.0	0.0
1741.9856620459807	7.960654864352364	3034514.0467737736	63.37202586933695	2140.7761936187744	33.00704999403524	4582922.711164888	1089.465349308742	1819.449263009412	4.976155955889681	3310395.620665493	24.76212809733634	1873.478054151348	1733.7410441156285	1.08765	29.11841	0.0677190095193088	0.0396505259455037	-0.1261369201	-0.0170148373	-0.0388962908	0.114334491	-0.0372780441	-0.0035842857	0.0002643927	0.0247415779	-0.0241959981	0.0962539009	0.0596254795	0.0215266894	-0.0566831011	0.0186664328	-0.0332090347	0.0124298845	-0.0026388486	-0.0348810368	-0.1031449316	0.0008468501	0.0094066423	0.0975463958	0.0539849803	0.018424117	-0.0738173781	0.0551712893	-0.0167370506	0.0531193952	-0.0525861047	-0.0054216347	-0.0180525871	-0.0665590021	-0.0243672036	-0.1221361763	-0.0181625908	0.0854191437	-0.0357741688	-0.0102186216	-0.0312112566	0.0526699172	0.0630207968	0.0400930376	0.0283580237	-0.0244839494	-0.005990451	-0.0610980466	-0.0188859904	-0.037280754	0.0297933397	-0.0007437626	-0.0155694386	-0.041503407	0.0403107209	0.0258538591	0.0057030222	-0.03180132	-0.0212044968	-0.0813264124	0.0803592349	-0.0787557834	0.076528754	-0.0736957799	0.0702792922	-0.0663063423	0.0618083875	0.0726888571035146	0.0055191030397735	0.0052836699470151	3.046049836363817e-05	0.3623104629124469	-0.0122829585482548	0.0001508710706981	0.1312688715358315	0.3150872797032136	7.819150448540313e-05	6.113911373690817e-09	0.0992799938307711	0.0027237993421273	0.0007087783858918	5.023668003073854e-07	7.419082856173112e-06	-0.0046444822809588	-0.0002001466874794	4.0058696509016466e-08	2.1571215658140252e-05	0.0007668317240284	8.785005516459999e-05	7.71763219242326e-09	5.880308929763682e-07	0.0	0.0	0.0	0.0	0.0	0.0	0.0	0.0	0.0	0.0	0.0	0.0	0.0	0.0	0.0	0.0	0.0	0.0	0.0	0.0
1736.9478833218814	-5.037778724099326	3016987.949376364	25.37921447298783	2150.2113718553023	9.435178236527918	4623408.943655862	89.02258835505006	1818.291633472108	-1.1576295373040466	3306184.464354667	1.340106145638781	1872.6441473269	1722.9230844471156	1.041333	27.878418	0.0873839602811221	0.041801905813803	-0.0960701437	0.0060894213	-0.0152202994	0.1082646428	-0.0079228424	0.0333802619	-0.0213482334	0.086158761	-0.0297030121	0.100807956	0.0477218309	0.0071998288	-0.0147698161	-0.0352218435	0.0103005382	0.0399074112	0.0122682993	0.0488298323	-0.0501447566	-0.0045350374	-0.0393222084	0.0965413095	0.0497535613	0.0188825746	-0.0373966666	-0.0051017522	-0.0108385938	0.0281400977	0.0412065835	-0.05678415	-0.0398331976	0.0236096238	-0.0158898231	-0.1025576707	0.0013948837	-0.0036932646	-0.0448673152	-0.0359505702	-0.0203438131	-0.0543584558	0.0243437082	0.0327458642	0.0138097666	0.0082125952	0.0458525165	-0.0036483952	-0.0232533056	-0.0297186667	0.0282444212	-0.0835201575	-0.1426699667	-0.0166865513	0.0590406117	-0.0470322625	0.0349923789	-0.0450242857	0.0360973509	-0.0813979594	0.0806444153	-0.0793936715	0.0776534394	-0.0754344479	0.0727503781	-0.0696177779	0.066055961	0.0781340938353025	0.0054452367317879	0.0061049366194638	2.965060306521217e-05	0.3561970471784548	-0.0061134157339921	3.737385193662217e-05	0.1268763364186503	0.3397782685367758	0.0246909888335621	0.000609644929579	0.1154492717698493	0.0021947285042516	-0.0005290708378756	2.799159514904951e-07	4.816833207374466e-06	-0.0043619079125514	0.0002825743684073	7.984827368084099e-08	1.902624063757851e-05	0.0005557905506759	-0.0002110411733525	4.453837684999998e-08	3.089031362206201e-07	0.0	0.0	0.0	0.0	0.0	0.0	0.0	0.0	0.0	0.0	0.0	0.0	0.0	0.0	0.0	0.0	0.0	0.0	0.0	0.0
1735.4057474845638	-1.5421358373175735	3011633.1084024576	2.378182940739173	2143.084242213856	-7.127129641446118	4592810.069225338	50.795976925979865	1819.7403218230309	1.4486883509227937	3311454.838868588	2.0986979380994035	1874.687462900199	1748.219313726413	1.126522	30.159101	0.0749062883166252	0.0377779365018899	-0.138126809	0.0055157797	-0.0299591395	0.1059435669	-0.065054109	-0.0338178298	-0.0878327469	-0.0223014076	-0.0105088504	0.100693475	0.0524372843	0.0476431672	-0.0820722538	0.0512509713	0.0064178438	-0.0128402252	-0.0035609784	-0.0542763208	-0.0394776607	-0.0416176172	0.0412881674	0.1042550054	0.0569646344	-0.0014288785	-0.0941565191	0.0757112659	-0.0694209913	0.0464865979	-0.0774343348	-0.0295986034	-0.0133642557	-0.0513137185	-0.0779248779	-0.1343681902	0.0082699484	0.1080617856	-0.0244915703	-0.0365424169	-0.0234017657	0.0620274424	0.0214031551	0.0236841515	0.0110997812	-0.0255143294	0.0012776216	-0.0672223275	-0.0099131055	-0.029930244	0.0532353508	0.0386868326	0.0498098414	-0.0235341716	0.0111806009	-0.0317796018	0.0091073469	0.0076238207	-0.0009562625	-0.0814605803	0.0808942224	-0.0799532077	0.0786418943	-0.0769663555	0.0749343514	-0.0725552932	0.0698401994	0.0838620404134076	0.0057279465781051	0.0070328418223	3.280937200162596e-05	0.3754188525650335	0.0192218053865786	0.0003694778023195	0.1409393148612463	0.3638192970540572	0.0240410285172814	0.0005779710521687	0.1323644809089083	0.002490021662216	0.0002952931579644	8.719804914058816e-08	6.200207878304932e-06	-0.0042189264785126	0.0001429814340388	2.0443690479791733e-08	1.7799340631094725e-05	0.0004757549859859	-8.003556468999995e-05	6.405691615247167e-09	2.2634280669044394e-07	0.0	0.0	0.0	0.0	0.0	0.0	0.0	0.0	0.0	0.0	0.0	0.0	0.0	0.0	0.0	0.0	0.0	0.0	0.0	0.0
1730.6390819923504	-4.766665492213406	2995111.632119325	22.72109991465807	2131.7652478651567	-11.318994348699562	4544423.072005593	128.1196330658926	1813.0156053688088	-6.724716454222062	3287025.5853108284	45.22181138968494	1861.437627814798	1691.524109243593	1.30197	34.856178	0.0344365913458079	0.0198712244980896	-0.0725181448	0.0305964931	0.0639349544	0.1075090908	-0.0544842501	-0.0325053141	0.0445231175	0.0126331052	-0.0207398719	0.0876016499	0.0506607815	0.0525205122	0.0642212193	-0.0254608768	0.0619044164	-0.0355426363	0.0124332254	0.0381598222	0.0403520081	0.0746728806	0.0546822426	0.0808601591	0.0658880379	-0.0441746541	0.0205519585	0.0540071085	-0.0139630351	-0.0087495115	0.1238447469	-0.0328248573	-0.0306639109	-0.0276809507	-0.0028572664	-0.0951376522	-0.0053439039	-0.0422618867	-0.053181482	-0.0497132216	-0.0179921722	-0.0894817385	-0.0009949656	0.0012085315	-0.0083324355	-0.0222888394	0.1357522565	0.0174928901	-0.039702495	-0.009950352	0.0243155025	0.0219705801	-0.1220725231	-0.0256970551	0.046909504	0.0226805178	0.0010778228	-0.0195078775	0.0591581312	-0.081514268	0.0811085467	-0.0804338397	0.0794923845	-0.0782873035	0.0768225931	-0.0751031108	0.073134559	0.0824403126585338	-0.0014217277548738	0.0067964051512368	2.021309808978496e-06	0.3751703651566487	-0.0002484874083847	6.174599212578934e-08	0.1407528028917731	0.3574242311531179	-0.0063950659009393	4.089686787735659e-05	0.1277520810153974	0.0024531061467665	-3.691551544950013e-05	1.362755280902283e-09	6.017729767303585e-06	-0.004496698861431	-0.0002777723829184	7.715749671216625e-08	2.022030065039485e-05	0.0002630166787216	-0.0002127383072643	4.5257587377679734e-08	6.917777328574136e-08	0.0	0.0	0.0	0.0	0.0	0.0	0.0	0.0	0.0	0.0	0.0	0.0	0.0	0.0	0.0	0.0	0.0	0.0	0.0	0.0
1741.5302957325714	10.89121374022102	3032927.770954377	118.61853673517912	2125.925923780961	-5.839324084195596	4519561.033403933	34.097705760266734	1824.32573677643	11.310131407621157	3328164.393864864	127.91907245765852	1879.9832404641545	1768.4258664899169	1.678016	44.923615	0.1124892611902464	0.0658530452242992	-0.1723257281	0.0018719591	0.061516932	0.0976412222	0.0189851555	-0.0463373899	-0.0272703216	-0.1307995636	-0.0286234577	0.1135375042	0.0725709325	0.0499656965	-0.1362750777	0.0740962399	-0.0791894953	0.0042532198	-0.0342687658	-0.1107647787	-0.0038787092	0.0684182838	-0.0634694352	0.1147429613	0.0586671923	-0.047731426	-0.0185696374	-0.0091371749	-0.1431098687	0.0369071654	-0.1352569815	0.0361760494	0.0166445587	-0.0568000584	0.0236144556	-0.1592311623	-0.0226001438	0.1753207589	-0.0087551359	0.016904663	-0.0696707772	0.1143848641	-0.019768799	-0.0661102241	0.000951112	-0.0303142111	-0.1156244999	-0.044492502	-0.0651908957	0.0414141967	-0.0753730129	0.0192223069	0.0571078695	-0.1124552417	-0.0386833399	-0.0289583046	-0.0406157957	-0.0316495022	0.0324503682	-0.0815590168	0.081287294	-0.0808350932	0.0802034182	-0.0793936715	0.0784076511	-0.0772475461	0.0759159322	0.0869122592579998	0.0044719465994659	0.0075537408093297	1.999830638847548e-05	0.3659165578063721	-0.0092538073502765	8.563295047603301e-05	0.133894927276864	0.301399561878064	-0.0560246692750538	0.0031387635673791	0.0908416959002889	0.0020721016887775	-0.0003810044579889	1.451643970074916e-07	4.293605408634568e-06	-0.0045302900165624	-3.359115513140026e-05	1.1283657030617983e-09	2.052352763416495e-05	0.0007031978249102	0.0004401811461885	1.937594414599096e-07	4.944871809584363e-07	0.0	0.0	0.0	0.0	0.0	0.0	0.0	0.0	0.0	0.0	0.0	0.0	0.0	0.0	0.0	1.0	0.0	0.0	0.0	0.0
1681.2804095207212	-60.24988621185025	2826703.815438164	3630.048788540904	2079.1119656996293	-46.81395808133175	4322706.565915377	2191.546671240686	1776.4609792608965	-47.86475751553348	3155813.610836583	2291.035012020819	1816.8180947696465	1474.842929787039	4.414992	118.197586	1.510539953763541	0.8579467580278437	0.1809468825	-0.0091722794	-0.0585359222	-0.0027463083	-0.0548515777	0.0638403624	0.2067806296	0.1483053084	-0.1876251563	-0.0070769841	0.0617595582	-0.2999159952	0.4437940262	-0.633009531	-0.0441944555	-0.1120534964	0.21144904	0.0627077437	0.1448145091	-0.0436220827	-0.0056306852	-0.0255725089	0.0713215615	0.1318820596	0.2720593302	0.051198334	0.497204914	0.1929117826	0.5585197199	0.0354752795	-0.0058652224	0.2832378046	0.0483947228	0.1533657424	-0.1715057262	-0.8315545348	-0.1437045646	-0.1591251422	-0.0128652357	-0.1402133654	0.0033056435	-0.0053555636	0.1535254453	0.1672942971	0.1061669031	-0.0442508911	-0.0166326685	-0.0183743568	-0.0457702848	-0.032820709	0.0501491732	-0.0105988968	0.0042246294	-0.0033464347	-0.0231132403	-0.010287105	0.0061737836	-0.0815948217	0.0814303861	-0.0811565722	0.0807737477	-0.080282427	0.0796832699	-0.0789770813	0.0781648097	0.1109741437493312	0.0240618844913314	0.0123152605808972	0.0005789742852741	-0.1801634477919407	-0.5460800055983128	0.2982033725142534	0.0324588679202793	-0.1692799209808981	-0.4706794828589621	0.22153917558438	0.0286556916472991	-0.0056372673366125	-0.00770936902539	5.943437076964276e-05	3.177878302443818e-05	-0.0059528245826359	-0.0014225345660735	2.023604591673921e-06	3.543612051163428e-05	0.000440729800075	-0.0002624680248351	6.888946406089115e-08	1.942427566741495e-07	0.0	0.0	0.0	0.0	0.0	0.0	0.0	0.0	0.0	0.0	0.0	0.0	0.0	0.0	0.0	0.0	1.0	0.0	0.0	0.0
1413.31790781965	-267.96250170107123	1997467.5085637125	71803.9023178966	1808.0426243435247	-271.0693413561046	3269018.13144302	73478.58782323236	1537.465683072631	-238.99529618826543	2363800.726625992	57118.75160011673	1586.072056609509	1066.9583890169822	9.035417	241.894974	4.875588211288775	3.805301109272063	0.6862657597	0.0134878322	-0.0179520454	-0.7971500225	-0.0934541581	-0.1908307924	0.0126413527	0.1892262909	-0.2266627779	-0.8223770566	0.4272788132	-0.0252199026	-0.0971983222	0.1221014727	-0.1226136431	-0.020070074	0.117466832	0.0110726862	0.021906918	-0.0072834998	-0.0091776918	-0.8355299016	0.3958593794	0.1057484348	-0.0337580527	-0.0352911783	-0.1073523172	-0.0047088121	-0.0921894801	0.0707957926	-0.1558195943	0.0019499618	0.0513364097	0.6771126953	0.0967737202	0.220477525	-0.60138879	0.0572770986	0.0348287518	-0.084941676	-0.0348090297	0.0570349586	-0.1044607503	-0.1548921759	-0.1030868083	-0.0267773425	0.0003747603	-0.0136346019	-0.0160272407	-0.0082036153	0.0313670172	-0.014086304	0.0045327861	-0.0115336879	-0.0183182893	-0.0089799884	0.0009293625	-0.0816216788	0.0815377601	-0.0813979594	0.0812023727	-0.0809511339	0.0806444153	-0.080282427	0.0798654172	0.1234375453648226	0.0124634016154913	0.0152368276056926	0.000155336379829	-0.252053243852842	-0.0718897960609012	0.0051681427776779	0.0635308377367402	-1.5755416064098	-1.4062616854289018	1.977571927905336	2.482331353528373	-0.0694230678113763	-0.0637858004747638	0.0040686283422063	0.0048195623443429	-0.0096132918850493	-0.0036604673024134	1.3399020872037636e-05	9.241538086715474e-05	0.0006939285865674	0.0002531987864924	6.410962548122398e-08	4.815368832554296e-07	0.0	0.0	0.0	0.0	0.0	0.0	0.0	0.0	0.0	0.0	0.0	0.0	0.0	0.0	0.0	0.0	0.0	1.0	0.0	0.0
1555.452227238791	142.1343194191411	2419431.631222116	20202.16475674243	1991.650498910384	183.6078745668592	3966671.709809981	33711.851602959505	1687.3324042426216	149.86672116999057	2847090.642407186	22460.0341142437	1751.1231664321	1290.302108923795	5.41363	144.932968	1.9455173636850245	1.0760471509042162	0.4502957789	-0.0220236653	-0.0164504628	-0.3600241192	0.094721006	-0.0155114134	0.0803145567	-0.0759780861	0.3862262396	-0.3921269495	-0.5337697467	0.1419556921	-0.160306983	-0.2966346586	0.4074966003	0.0483857591	-0.2729740759	-0.0192566628	-0.0527033502	-0.0115124604	-0.002271816	-0.3750366492	-0.5355408229	-0.2167889071	-0.0480198469	0.0554356248	-0.0050174483	0.1360950717	0.0449889867	-0.387729974	0.4412891079	0.0012279729	-0.0811022873	0.4565925633	0.0678114518	0.1974988591	0.3837049478	-0.0948552575	-0.111955632	0.3030326623	0.0827295486	-0.2170996841	0.2881645572	0.4671534983	0.2385300361	0.0476437418	0.0254362419	0.0570196843	0.0496857495	0.0294744813	-0.0500009533	0.0249119113	-0.01014648	0.0190150856	0.021109568	0.0045322226	-0.0024240327	-0.0816395852	0.0816093689	-0.0815590168	0.0814885411	-0.0813979594	0.081287294	-0.0811565722	0.0810058262	0.3295274702958863	0.2060899249310637	0.1085883536796062	0.0424730571580914	0.0158722159478088	0.2679254598006508	0.0717840520093901	0.0002519272390938	-1.1562638421920752	0.4192777642177248	0.175793843567414	1.3369460727607805	-0.0546472657092826	0.0147758021020937	0.0002183243277602	0.0029863236495009	-0.0087981541797703	0.000815137705279	6.644494785675149e-07	7.74075169710096e-05	0.0061474730739064	0.005453544487339	2.97411474753856e-05	3.77914251944042e-05	0.0	0.0	0.0	0.0	0.0	0.0	0.0	0.0	0.0	0.0	0.0	0.0	0.0	0.0	0.0	0.0	0.0	0.0	1.0	0.0
1638.761839473371	83.30961223458007	2685540.366514147	6940.491490676093	2104.580995906483	112.93049699609924	4429261.168330724	12753.29715178598	1762.3449792694628	75.0125750268412	3105859.825956283	5626.886412157481	1836.5852026845887	1511.310189441242	3.831765	102.583488	1.0483676573259255	0.7447939418043689	0.2590368822	-0.0639577323	-0.0029464675	-0.1134837147	0.1221648076	0.1336799071	0.0417144977	-0.072887916	0.4465529251	-0.1322180736	-0.647047472	-0.0031373806	0.2062096483	0.2868625359	-0.4306943997	-0.0470683299	0.2383877598	0.0492128823	0.0198679599	0.0601107312	-0.0154251237	-0.1147570443	-0.627051348	-0.0828013502	-0.0272815328	0.0308520694	0.0523338447	-0.1693604787	-0.0188388776	0.4677777302	-0.4005020742	-0.0254032073	0.0943575377	0.3167117872	-0.0053058986	-0.1104264561	0.644610333	-0.0471101291	-0.0578650443	-0.1765378843	0.0725794219	0.1656928496	-0.2981949723	-0.4281910016	-0.2303122511	-0.0328467992	-0.0609005413	-0.0714028987	-0.0243799239	-0.0067406356	0.0002820705	-0.0671911265	0.0002529248	-0.017883509	0.0067469249	0.0010871674	-0.0129077689	-0.0816485389	0.0816451812	-0.0816395852	0.081631751	-0.0816216788	0.0816093689	-0.0815948217	0.0815780375	0.32649176902909	-0.0030357012667963	0.1065968752437446	9.215482181228716e-06	-0.0483116214782199	-0.0641838374260287	0.0041195649867308	0.0023340127698547	-0.9666951311249647	0.1895687110671104	0.0359362962156456	0.9344994765407127	-0.0414124041604584	0.0132348615488241	0.0001751615602165	0.0017149872183491	-0.0082621866807384	0.0005359674990319	2.872611600185107e-07	6.826372874737101e-05	0.0082082321773701	0.0020607591034637	4.246728082508516e-06	6.73750754776139e-05	0.0	0.0	0.0	0.0	0.0	0.0	0.0	0.0	0.0	0.0	0.0	0.0	0.0	0.0	0.0	0.0	0.0	0.0	0.0	1.0
