#!ascii label  , from subject sub-v1s20x0050341_ses-1 vox2ras=TkReg
3316
95831  16.206  -77.902  -7.779 0.6000000238
665  9.699  -73.472  1.996 1.0000000000
656  10.377  -73.496  2.627 1.0000000000
899  9.380  -72.657  1.490 1.0000000000
898  9.277  -73.328  0.795 1.0000000000
671  10.576  -74.167  1.383 1.0000000000
110760  10.525  -74.126  1.804 1.0000000000
117  11.864  -77.139  -1.307 0.8999999762
50  15.476  -77.574  -5.654 0.6000000238
99071  15.212  -78.034  -7.758 0.6000000238
657  9.867  -72.999  2.610 1.0000000000
883  9.498  -72.338  2.271 1.0000000000
100653  10.150  -73.020  3.237 1.0000000000
1137  9.450  -71.639  1.734 1.0000000000
111421  9.782  -71.864  0.607 1.0000000000
1167  9.300  -72.618  0.290 1.0000000000
1166  10.079  -71.947  0.093 1.0000000000
100410  11.433  -71.474  0.125 1.0000000000
897  12.016  -73.141  1.243 0.6999999881
909  12.635  -73.317  0.538 0.8000000119
100014  14.323  -78.160  -3.540 0.6000000238
1271  9.368  -71.633  -12.178 0.8000000119
100387  15.050  -78.075  -4.180 0.6000000238
57  16.045  -77.283  -6.403 0.6000000238
82  15.253  -78.028  -10.431 0.8000000119
141  17.785  -77.295  -12.934 0.6999999881
96875  16.205  -74.690  -12.863 0.8999999762
592  16.783  -75.783  -14.741 0.8000000119
798  16.827  -74.200  -14.325 0.8999999762
1123  9.520  -71.538  3.693 1.0000000000
1407  9.457  -71.104  3.131 1.0000000000
1414  12.346  -70.100  1.831 1.0000000000
1433  12.269  -70.734  0.902 1.0000000000
683  13.154  -73.903  0.134 0.6999999881
489  13.512  -74.724  0.129 0.6999999881
1001  11.127  -71.691  -10.865 0.8999999762
105197  12.858  -78.103  -5.536 0.8000000119
59  14.314  -78.040  -6.715 0.6999999881
1308  12.127  -71.915  -15.321 0.8999999762
1317  11.119  -71.598  -16.062 0.8999999762
65  14.330  -78.047  -7.520 0.6999999881
236  15.074  -76.372  -12.201 0.8999999762
1109  9.359  -71.306  4.378 1.0000000000
1396  9.120  -70.748  4.849 1.0000000000
646  9.873  -72.972  4.062 1.0000000000
864  9.590  -72.327  3.265 1.0000000000
1416  9.537  -71.062  2.604 1.0000000000
1415  10.461  -70.739  2.125 1.0000000000
663  10.048  -74.487  1.894 1.0000000000
685  10.410  -74.691  0.797 1.0000000000
96761  12.642  -76.468  -0.085 0.6000000238
490  12.003  -74.946  0.123 0.8000000119
30  13.047  -78.005  -2.215 0.6999999881
45  12.532  -78.076  -4.205 0.8000000119
115460  9.395  -71.457  -11.403 0.8000000119
1011  11.406  -71.771  -11.728 0.8999999762
104976  13.796  -78.121  -5.311 0.6999999881
58  15.205  -77.760  -6.465 0.6000000238
69  16.685  -78.029  -8.532 0.6000000238
99528  13.732  -77.980  -8.702 0.8000000119
102713  18.742  -75.994  -11.852 0.6000000238
229  18.915  -76.810  -11.192 0.6000000238
235  18.840  -76.640  -11.448 0.6000000238
1557  13.139  -71.349  -15.168 0.8999999762
407  15.618  -76.137  -12.793 1.0000000000
107485  16.905  -73.883  -12.439 0.8999999762
811  17.589  -74.061  -15.892 0.8000000119
1036  18.350  -72.424  -15.672 0.8000000119
2930  18.203  -67.220  -14.454 0.8999999762
1408  9.510  -70.921  3.927 1.0000000000
1406  10.316  -70.410  2.924 1.0000000000
1136  9.993  -71.368  1.220 1.0000000000
1424  11.302  -70.705  1.503 1.0000000000
911  9.383  -73.619  0.150 1.0000000000
672  9.740  -74.389  1.019 1.0000000000
686  9.908  -74.544  0.397 1.0000000000
322  11.138  -75.444  -0.101 0.8999999762
177  11.847  -76.063  -0.343 0.8000000119
96803  13.023  -77.689  -0.949 0.6000000238
105833  12.191  -77.163  -0.852 0.6999999881
32  12.120  -77.439  -2.092 0.8000000119
123  12.235  -77.393  -4.303 0.8000000119
127  12.472  -77.639  -6.249 0.8000000119
60  13.483  -78.046  -7.025 0.6999999881
131  13.270  -77.385  -8.404 0.8999999762
132  13.023  -77.419  -7.515 0.6999999881
390  14.875  -75.399  -9.279 1.0000000000
84  13.971  -77.542  -10.033 0.8999999762
1294  12.991  -71.659  -13.546 0.8999999762
88  17.000  -77.815  -11.967 0.6000000238
86  15.700  -77.591  -11.747 0.6000000238
1545  13.599  -71.270  -14.046 0.8999999762
246  17.584  -77.088  -14.032 0.6999999881
248  16.019  -76.850  -14.311 0.6999999881
110331  15.139  -75.428  -11.062 1.0000000000
411  18.033  -76.625  -14.687 0.6000000238
418  17.839  -76.174  -15.647 0.6999999881
412  17.042  -76.582  -14.938 0.6999999881
102689  17.544  -76.113  -16.374 0.6999999881
1862  13.746  -70.514  -15.374 0.8999999762
1566  11.426  -71.195  -16.764 0.8999999762
108920  17.534  -75.681  -16.408 0.8000000119
597  17.895  -74.737  -16.132 0.8000000119
101857  18.755  -70.316  -12.772 0.8999999762
1042  18.592  -72.650  -16.354 0.8000000119
806  17.215  -73.982  -15.265 0.8000000119
1028  17.899  -73.039  -14.805 0.8000000119
100527  18.354  -71.868  -13.600 0.8999999762
1035  18.799  -71.837  -16.608 0.8000000119
2542  18.244  -67.469  -13.278 0.8999999762
1543  18.393  -70.701  -16.404 0.8999999762
1292  18.395  -71.388  -15.169 0.8999999762
1306  18.806  -71.240  -16.785 0.8000000119
1099  9.009  -71.582  5.304 0.8999999762
1684  9.109  -70.149  4.844 1.0000000000
1395  9.503  -70.602  4.069 1.0000000000
1683  9.502  -69.873  4.500 1.0000000000
1697  9.872  -70.447  3.634 1.0000000000
1682  10.325  -69.383  4.218 1.0000000000
1405  11.207  -69.963  2.789 1.0000000000
1423  13.401  -69.936  1.392 1.0000000000
1179  10.555  -72.216  -0.445 1.0000000000
108109  11.833  -71.781  -0.556 1.0000000000
1165  12.643  -71.108  0.038 1.0000000000
923  9.823  -73.126  -0.647 1.0000000000
1432  13.405  -70.513  0.553 1.0000000000
491  10.612  -75.005  0.282 1.0000000000
197  12.330  -76.731  -3.001 1.0000000000
175  12.484  -76.635  -0.327 0.6999999881
182  11.580  -76.654  -1.216 1.0000000000
196  12.688  -76.498  -3.602 1.0000000000
119  11.966  -77.195  -2.089 1.0000000000
189  11.837  -76.806  -2.175 1.0000000000
205  12.869  -76.573  -4.538 1.0000000000
113904  12.256  -77.299  -3.546 0.8999999762
211  12.586  -76.979  -5.299 1.0000000000
373  14.094  -75.917  -6.486 1.0000000000
215  12.658  -77.258  -6.579 0.8999999762
53  12.709  -77.524  -5.500 0.8000000119
385  14.257  -75.798  -8.680 1.0000000000
218  12.886  -77.174  -7.233 1.0000000000
220  13.675  -76.387  -8.974 1.0000000000
113948  14.633  -75.828  -10.726 1.0000000000
225  13.861  -76.546  -9.883 1.0000000000
226  13.464  -76.997  -9.200 1.0000000000
400  15.296  -75.728  -11.911 1.0000000000
106947  19.358  -75.290  -14.678 0.6000000238
587  16.362  -74.991  -14.310 0.8999999762
568  16.328  -74.429  -11.880 1.0000000000
423  18.779  -76.024  -16.767 0.6999999881
785  16.875  -73.691  -11.376 0.8999999762
791  17.213  -73.628  -13.389 0.8999999762
1018  17.504  -73.009  -12.531 0.8999999762
814  18.684  -73.960  -16.696 0.6999999881
1017  17.837  -72.769  -13.622 0.8999999762
1293  18.292  -72.226  -14.735 0.8999999762
2960  14.685  -66.676  -16.299 0.8999999762
1305  19.777  -71.213  -16.930 0.6999999881
2958  16.221  -66.164  -15.598 0.8999999762
1860  17.989  -69.546  -16.594 0.8999999762
2955  18.497  -67.735  -18.011 0.8000000119
2984  18.908  -66.753  -17.246 0.8000000119
1387  8.665  -70.341  5.689 1.0000000000
98272  11.560  -70.224  2.190 1.0000000000
1695  11.844  -69.358  3.438 1.0000000000
1164  13.635  -71.019  0.036 1.0000000000
1706  14.054  -69.320  2.134 1.0000000000
1178  13.001  -71.547  -0.571 1.0000000000
1705  15.115  -69.281  1.902 1.0000000000
922  10.951  -72.578  -1.056 1.0000000000
695  9.726  -74.036  -0.296 1.0000000000
330  11.204  -75.572  -0.446 1.0000000000
351  13.353  -75.803  -3.490 1.0000000000
353  12.171  -76.190  -2.707 1.0000000000
100511  13.461  -76.147  -4.536 1.0000000000
361  14.533  -75.760  -4.920 1.0000000000
368  13.667  -76.058  -5.657 1.0000000000
367  14.733  -75.708  -5.794 1.0000000000
378  14.331  -75.816  -7.278 1.0000000000
114388  14.500  -75.709  -7.945 1.0000000000
544  15.948  -74.006  -8.982 1.0000000000
545  15.529  -74.757  -8.652 1.0000000000
384  15.024  -75.349  -8.283 1.0000000000
114117  16.956  -72.688  -9.440 1.0000000000
552  15.581  -74.695  -9.583 1.0000000000
99390  14.088  -75.955  -9.418 1.0000000000
559  15.685  -74.733  -10.505 1.0000000000
778  16.803  -73.423  -10.445 1.0000000000
95914  16.295  -74.195  -10.900 1.0000000000
596  19.653  -74.981  -15.933 0.6999999881
109723  17.309  -73.207  -11.766 0.8999999762
601  18.455  -74.964  -16.228 0.6999999881
810  18.296  -73.587  -16.284 0.8000000119
805  17.994  -73.290  -15.730 0.8000000119
1279  18.397  -71.506  -12.551 0.8999999762
1047  19.956  -73.176  -17.415 0.6000000238
1040  20.087  -72.207  -17.285 0.6999999881
1531  18.421  -70.634  -14.460 0.8999999762
2598  12.059  -67.855  -18.716 0.8999999762
2236  19.375  -68.896  -17.675 0.6999999881
97661  19.084  -67.570  -17.683 0.8000000119
2689  7.331  -66.205  9.188 1.0000000000
3128  8.863  -65.018  9.116 1.0000000000
1681  11.216  -69.166  3.926 1.0000000000
3632  9.350  -64.324  9.443 1.0000000000
1708  12.176  -69.703  2.643 1.0000000000
1694  12.764  -69.134  3.128 1.0000000000
104742  8.431  -63.507  10.239 1.0000000000
1431  14.774  -70.413  0.612 1.0000000000
1163  14.523  -71.063  0.206 1.0000000000
1717  14.352  -69.675  1.438 1.0000000000
4139  7.480  -63.024  11.193 1.0000000000
2050  14.732  -68.792  2.879 1.0000000000
104381  12.266  -72.170  -1.113 1.0000000000
2055  16.077  -69.124  2.045 1.0000000000
2383  16.114  -67.335  4.107 1.0000000000
693  11.625  -72.962  -1.503 1.0000000000
103134  13.415  -72.056  -1.031 1.0000000000
105604  16.520  -67.567  3.374 1.0000000000
2739  16.749  -66.868  3.780 1.0000000000
694  10.310  -73.693  -1.178 1.0000000000
2744  17.110  -66.992  3.068 1.0000000000
704  10.585  -74.416  -1.250 1.0000000000
115478  19.763  -63.350  -0.577 1.0000000000
505  11.253  -74.508  -1.761 1.0000000000
521  14.096  -75.184  -3.133 1.0000000000
513  13.753  -74.650  -2.525 1.0000000000
105310  12.063  -75.473  -2.448 1.0000000000
515  11.368  -75.242  -1.844 1.0000000000
4281  18.797  -63.244  -2.417 1.0000000000
520  15.141  -74.872  -3.500 1.0000000000
344  12.920  -75.189  -2.741 1.0000000000
1241  11.952  -71.362  -9.033 0.8999999762
4874  18.125  -63.029  -2.943 1.0000000000
350  14.403  -75.639  -3.939 1.0000000000
1252  11.359  -71.568  -9.359 0.8999999762
115987  15.311  -75.361  -5.356 1.0000000000
991  10.890  -71.651  -9.894 0.8999999762
533  15.738  -74.513  -5.119 1.0000000000
112455  15.829  -74.079  -5.944 1.0000000000
1261  12.410  -71.676  -10.551 0.8999999762
993  10.161  -71.680  -9.491 0.8000000119
741  15.761  -74.212  -6.670 1.0000000000
1003  9.736  -71.502  -10.556 0.8000000119
748  15.946  -73.651  -7.260 1.0000000000
97144  13.086  -71.762  -11.074 0.8999999762
1010  12.274  -71.784  -11.640 0.8999999762
1020  10.854  -72.004  -12.526 0.8000000119
990  16.674  -72.821  -8.943 1.0000000000
1524  13.893  -71.438  -11.106 0.8999999762
1270  13.244  -71.680  -11.811 0.8999999762
1281  12.518  -71.812  -12.721 0.8999999762
98888  8.992  -71.309  -8.960 0.8000000119
1515  14.488  -70.985  -10.731 0.8999999762
1493  18.856  -70.586  -8.813 1.0000000000
104156  16.340  -73.442  -9.188 1.0000000000
1836  14.814  -70.458  -12.567 0.8999999762
1532  13.824  -71.314  -13.234 0.8999999762
988  17.669  -71.882  -9.810 1.0000000000
1850  14.946  -70.008  -13.470 0.8999999762
1544  14.350  -70.810  -13.455 0.8999999762
1496  8.595  -71.052  -8.442 0.8000000119
1780  8.119  -70.410  -6.821 0.6999999881
1501  19.276  -70.027  -9.275 0.8999999762
999  17.862  -71.986  -10.699 0.8999999762
1861  14.546  -69.986  -14.465 0.8999999762
1506  8.371  -70.729  -9.207 0.6999999881
110748  7.927  -70.136  -7.702 0.6999999881
1872  14.251  -69.647  -15.454 0.8999999762
1565  12.778  -71.042  -16.236 0.8999999762
1507  8.101  -70.413  -9.992 0.6999999881
1781  7.721  -69.480  -7.301 0.6999999881
102990  18.238  -71.691  -11.673 0.8999999762
102655  14.593  -68.885  -15.450 0.8999999762
2239  14.016  -69.187  -16.287 0.8999999762
1880  12.341  -70.136  -17.508 0.8999999762
97111  7.715  -69.453  -9.156 0.6999999881
1770  8.094  -70.166  -5.934 0.6999999881
2226  15.518  -68.487  -14.047 0.8999999762
2248  12.457  -69.294  -17.946 0.8999999762
1765  7.842  -69.176  -5.846 0.6999999881
1521  18.999  -70.068  -11.585 0.8999999762
106209  14.446  -68.224  -15.945 0.8999999762
2591  14.187  -67.416  -16.607 0.8999999762
2476  7.619  -67.825  -7.635 0.6000000238
2578  15.661  -67.518  -14.522 0.8999999762
104086  12.579  -68.481  -18.175 0.8999999762
2250  10.313  -69.722  -17.388 0.6999999881
2132  7.656  -68.368  -8.221 0.6000000238
2103  7.851  -68.343  -5.348 0.5000000000
1870  19.001  -69.275  -17.774 0.8000000119
1871  17.979  -69.165  -17.220 0.8999999762
100152  18.215  -67.888  -15.619 0.8999999762
2209  18.465  -68.068  -14.379 0.8999999762
2959  15.352  -66.442  -15.808 0.8999999762
2974  13.924  -66.515  -17.345 0.8999999762
3375  16.667  -65.924  -16.362 0.8999999762
3384  13.288  -66.015  -18.371 0.8999999762
2975  12.669  -66.921  -18.563 0.8999999762
2986  11.631  -67.038  -19.039 0.8999999762
103355  17.729  -66.514  -16.236 0.8999999762
3382  15.273  -65.604  -17.314 0.8999999762
3383  14.236  -65.672  -17.678 0.8999999762
2224  19.456  -68.290  -17.585 0.6999999881
2985  18.376  -66.477  -17.549 0.8000000119
102071  18.519  -66.939  -16.998 0.8000000119
3381  16.469  -65.698  -17.317 0.8000000119
2982  19.790  -66.390  -17.969 0.6000000238
2996  19.819  -66.181  -18.288 0.6999999881
3391  16.715  -65.526  -18.415 0.8000000119
108893  14.666  -65.381  -18.225 0.8999999762
3401  18.681  -65.904  -18.639 0.8000000119
99018  19.133  -66.256  -18.076 0.6999999881
107819  8.378  -69.674  6.474 1.0000000000
1674  8.653  -69.478  5.727 1.0000000000
2016  8.517  -68.910  5.937 1.0000000000
1673  8.924  -69.345  5.170 1.0000000000
2028  9.554  -68.987  4.758 1.0000000000
98683  11.910  -68.755  4.097 1.0000000000
2042  12.518  -68.873  3.743 1.0000000000
2026  12.709  -68.404  4.259 1.0000000000
2040  14.125  -68.513  3.675 1.0000000000
2051  13.658  -68.937  2.954 1.0000000000
1162  15.418  -71.062  0.386 1.0000000000
1421  15.747  -70.284  0.721 1.0000000000
1716  16.086  -69.623  1.360 1.0000000000
2039  15.475  -68.467  3.191 1.0000000000
1725  16.491  -69.854  0.686 1.0000000000
1177  14.030  -71.557  -0.427 1.0000000000
2390  15.794  -67.985  3.648 1.0000000000
99043  15.314  -67.692  4.298 1.0000000000
921  12.781  -72.631  -1.377 1.0000000000
702  12.706  -73.378  -1.744 1.0000000000
2750  17.718  -66.522  1.506 1.0000000000
95770  18.344  -65.173  2.284 1.0000000000
3195  17.933  -65.654  2.838 1.0000000000
503  13.346  -74.048  -2.117 1.0000000000
703  11.287  -73.809  -1.687 1.0000000000
103388  18.359  -65.393  0.895 1.0000000000
512  14.464  -74.095  -2.257 1.0000000000
108117  12.801  -74.564  -2.359 1.0000000000
3710  19.279  -64.318  0.231 1.0000000000
511  15.312  -74.021  -2.807 1.0000000000
113500  14.645  -74.611  -2.816 1.0000000000
3732  19.147  -64.285  -1.189 1.0000000000
720  15.837  -73.499  -3.179 1.0000000000
1495  11.241  -71.312  -8.313 0.8999999762
4862  17.508  -62.549  -2.659 1.0000000000
729  15.911  -73.787  -4.469 1.0000000000
113510  15.668  -74.565  -4.193 1.0000000000
349  15.277  -75.262  -4.451 1.0000000000
1242  11.078  -71.491  -8.549 0.8999999762
734  15.986  -73.311  -5.424 1.0000000000
1505  13.056  -70.984  -8.996 0.8999999762
740  15.964  -73.389  -6.454 1.0000000000
1251  12.768  -71.409  -9.731 0.8999999762
969  16.839  -72.076  -7.765 1.0000000000
970  16.309  -72.764  -7.213 1.0000000000
1243  9.660  -71.675  -8.701 0.8000000119
982  16.518  -72.762  -8.127 1.0000000000
1516  14.058  -71.227  -10.332 0.8999999762
1260  13.349  -71.505  -10.402 0.8999999762
981  16.922  -72.285  -8.483 1.0000000000
1806  15.173  -70.036  -9.337 0.8999999762
1240  17.481  -71.660  -8.376 1.0000000000
1239  18.256  -71.120  -8.567 1.0000000000
1824  15.229  -70.059  -11.755 0.8999999762
1220  9.100  -71.454  -6.362 0.8000000119
96480  16.008  -68.822  -11.695 0.8999999762
1835  15.370  -69.653  -12.578 0.8999999762
1484  8.506  -70.981  -7.597 0.8000000119
2076  9.741  -69.920  -0.960 0.8999999762
1502  18.835  -70.653  -9.594 1.0000000000
1556  14.075  -70.785  -14.417 0.8999999762
1514  18.760  -70.751  -10.263 0.8999999762
2210  15.519  -69.131  -13.310 0.8999999762
1873  13.304  -70.154  -16.480 0.8999999762
1730  8.304  -70.206  -0.618 0.8999999762
1822  19.166  -69.396  -11.313 0.8999999762
1747  7.897  -70.212  -1.157 0.8999999762
103892  15.906  -68.346  -13.238 0.8999999762
2249  11.340  -69.805  -18.174 0.8999999762
2121  7.628  -68.712  -7.659 0.6999999881
1764  8.108  -69.900  -5.261 0.6999999881
2565  16.106  -67.638  -13.661 0.8999999762
2258  11.397  -68.721  -18.598 0.8000000119
2109  7.581  -68.685  -6.832 0.6999999881
2189  18.600  -68.043  -12.938 0.8999999762
2908  17.469  -66.985  -13.380 0.8999999762
2933  16.336  -66.937  -14.188 0.8999999762
3394  12.191  -65.979  -19.310 0.8000000119
2956  18.200  -67.068  -16.466 0.8000000119
2972  17.531  -66.122  -16.878 0.8000000119
3406  12.545  -65.021  -20.145 0.6999999881
3910  13.417  -64.406  -20.210 0.6999999881
113220  18.169  -66.031  -17.901 0.8000000119
3404  15.742  -65.037  -19.188 0.8000000119
3417  17.201  -65.210  -19.618 0.6999999881
3427  19.355  -65.811  -19.839 0.6000000238
3930  17.868  -65.192  -19.949 0.5000000000
2364  8.945  -67.558  6.452 1.0000000000
2015  9.066  -68.657  5.473 1.0000000000
2376  9.468  -67.907  5.779 1.0000000000
2014  10.933  -68.114  4.979 1.0000000000
2386  11.949  -68.109  4.740 1.0000000000
2728  13.319  -66.646  5.754 1.0000000000
114625  14.096  -67.235  5.179 1.0000000000
2025  13.577  -68.183  4.303 1.0000000000
2384  14.449  -67.964  4.327 1.0000000000
2391  15.000  -68.284  3.706 1.0000000000
1430  16.564  -70.278  0.295 1.0000000000
2038  16.163  -68.215  2.966 1.0000000000
1724  16.970  -69.719  0.242 1.0000000000
2048  16.512  -68.555  2.345 1.0000000000
1186  16.606  -71.371  -0.906 1.0000000000
1175  16.006  -71.557  -0.202 1.0000000000
1161  16.145  -70.928  0.371 1.0000000000
2399  17.427  -67.425  1.553 1.0000000000
919  16.091  -71.935  -1.023 1.0000000000
115863  15.410  -72.169  -0.830 1.0000000000
929  13.798  -72.822  -1.266 1.0000000000
920  14.464  -72.200  -0.819 1.0000000000
2396  17.446  -66.859  2.282 1.0000000000
107354  14.824  -72.844  -1.294 1.0000000000
103850  17.611  -66.834  0.867 1.0000000000
701  15.088  -73.410  -1.978 1.0000000000
100035  14.120  -73.512  -1.659 1.0000000000
3209  18.328  -65.357  0.250 1.0000000000
710  15.728  -73.124  -2.541 1.0000000000
3725  18.767  -64.856  0.022 1.0000000000
950  16.139  -72.767  -3.259 1.0000000000
4860  18.999  -62.615  -2.017 1.0000000000
728  16.038  -73.271  -3.864 1.0000000000
4292  17.999  -63.605  -3.443 1.0000000000
959  16.402  -72.153  -5.128 1.0000000000
1482  10.715  -71.301  -7.650 0.8999999762
4876  16.617  -62.758  -3.168 1.0000000000
3235  13.044  -66.195  -2.872 1.0000000000
962  16.298  -72.521  -6.179 1.0000000000
1494  13.985  -70.702  -9.010 0.8999999762
983  10.246  -71.684  -8.422 0.8999999762
1217  16.778  -71.827  -6.813 1.0000000000
111290  14.776  -69.771  -8.103 0.8999999762
1504  13.670  -71.157  -9.692 0.8999999762
972  10.221  -71.658  -7.784 0.8000000119
1216  17.441  -71.146  -6.716 1.0000000000
1229  17.392  -71.427  -7.485 1.0000000000
1793  14.692  -70.236  -8.827 0.8999999762
1232  9.866  -71.780  -7.325 0.8000000119
1228  17.998  -70.843  -7.270 1.0000000000
1815  15.378  -69.877  -10.089 0.8999999762
1480  18.616  -70.577  -7.922 1.0000000000
2850  18.062  -66.595  -8.536 1.0000000000
2152  15.873  -69.182  -10.128 0.8999999762
1492  19.266  -69.867  -8.337 1.0000000000
2151  16.307  -68.571  -10.545 0.8999999762
101051  15.047  -70.366  -10.837 0.8999999762
98448  19.438  -69.280  -8.992 0.8999999762
2514  16.839  -67.717  -10.244 0.8999999762
1211  8.922  -71.242  -5.641 0.8000000119
2494  18.736  -66.994  -9.747 0.8999999762
2191  15.917  -68.736  -12.476 0.8999999762
2150  19.312  -68.872  -10.720 0.8999999762
101200  18.362  -67.233  -11.012 0.8999999762
2190  16.562  -68.033  -11.893 0.8999999762
2529  18.821  -67.745  -11.278 0.8999999762
2545  16.422  -67.797  -12.826 0.8999999762
2227  14.902  -69.114  -14.719 0.8999999762
1771  7.805  -69.604  -6.545 0.6999999881
2169  19.075  -68.599  -11.533 0.8999999762
2544  17.212  -67.350  -12.487 0.8999999762
2579  15.073  -68.244  -15.001 0.8999999762
2247  13.544  -68.559  -17.161 0.8999999762
2543  17.857  -67.304  -12.742 0.8999999762
97332  7.589  -67.691  -6.710 0.5000000000
3393  13.524  -65.358  -19.071 0.8000000119
100677  14.593  -64.965  -19.143 0.6999999881
3405  13.609  -64.776  -19.838 0.8000000119
3402  17.923  -65.655  -18.791 0.8000000119
3418  15.894  -64.575  -19.586 0.8000000119
3909  14.529  -64.413  -19.791 0.6999999881
3929  18.586  -65.288  -20.259 0.5000000000
1657  8.150  -69.156  7.815 1.0000000000
1666  8.410  -68.931  6.507 1.0000000000
2007  8.187  -68.460  6.744 1.0000000000
2356  8.361  -67.144  7.046 1.0000000000
98925  10.126  -66.297  7.106 1.0000000000
2375  10.507  -67.631  5.555 1.0000000000
2717  11.419  -66.373  6.476 1.0000000000
2374  11.618  -67.484  5.405 1.0000000000
3172  11.842  -65.677  6.916 1.0000000000
2729  11.916  -66.763  5.911 1.0000000000
3170  13.473  -65.571  6.533 1.0000000000
2385  12.957  -67.778  4.882 1.0000000000
3623  8.044  -64.189  10.187 1.0000000000
2716  13.030  -66.099  6.192 1.0000000000
3664  14.649  -64.557  6.822 1.0000000000
2727  14.223  -66.744  5.567 1.0000000000
3168  15.193  -65.200  6.329 1.0000000000
2726  15.216  -66.566  5.468 1.0000000000
2371  14.701  -67.284  4.948 1.0000000000
2735  15.654  -66.987  4.782 1.0000000000
1715  17.115  -69.238  0.828 1.0000000000
2054  16.808  -68.924  1.688 1.0000000000
1438  16.705  -70.934  -0.157 1.0000000000
2733  17.056  -66.194  4.112 1.0000000000
2749  17.892  -66.036  0.680 1.0000000000
101747  18.970  -64.390  1.974 1.0000000000
102606  16.630  -71.612  -2.640 1.0000000000
939  16.237  -72.299  -2.536 1.0000000000
928  15.727  -72.548  -1.669 1.0000000000
2768  17.867  -65.835  -0.237 1.0000000000
3221  18.438  -65.186  -0.466 1.0000000000
106728  19.488  -63.530  -1.173 1.0000000000
1201  16.515  -71.866  -3.429 1.0000000000
3220  18.686  -64.944  -1.164 1.0000000000
97357  16.586  -71.780  -4.287 1.0000000000
1795  13.012  -70.256  -8.328 1.0000000000
104389  12.108  -70.819  -8.535 0.8999999762
1203  16.946  -71.310  -4.767 1.0000000000
954  16.283  -72.450  -4.100 1.0000000000
1777  13.488  -69.727  -7.847 1.0000000000
108423  16.676  -63.165  -3.668 1.0000000000
107025  15.888  -63.110  -3.750 1.0000000000
1776  14.223  -69.549  -7.641 0.8999999762
114515  13.563  -70.547  -8.679 0.8999999762
111460  11.331  -70.799  -7.958 0.8999999762
3240  13.246  -64.920  -3.268 1.0000000000
1473  17.506  -70.922  -5.984 1.0000000000
1208  16.670  -71.838  -5.989 1.0000000000
2131  15.334  -69.251  -7.965 1.0000000000
98474  10.742  -70.534  -7.295 0.8999999762
2789  12.540  -66.435  -3.667 1.0000000000
107295  17.058  -71.411  -6.217 1.0000000000
971  10.583  -71.533  -8.099 0.8999999762
1231  10.352  -71.487  -7.446 0.8999999762
1474  10.611  -71.003  -6.240 0.8999999762
1479  19.068  -69.997  -7.542 1.0000000000
2130  15.828  -68.976  -8.645 0.8999999762
1792  15.287  -69.665  -8.693 0.8999999762
1218  10.347  -71.305  -6.179 0.8999999762
2784  12.932  -66.985  -2.690 1.0000000000
2484  16.898  -67.303  -8.503 1.0000000000
1805  15.650  -69.410  -9.403 0.8999999762
2089  11.986  -69.459  -3.276 1.0000000000
1791  19.459  -68.834  -8.326 1.0000000000
2074  12.349  -68.660  -1.813 1.0000000000
2128  19.417  -67.756  -8.312 0.8999999762
1823  15.743  -69.387  -11.029 0.8999999762
114244  10.196  -71.291  -5.618 0.8999999762
1210  9.524  -71.245  -5.289 0.8000000119
2138  19.412  -68.262  -9.167 1.0000000000
2863  18.211  -66.746  -9.450 0.8999999762
101160  17.456  -67.279  -10.887 0.8999999762
1469  8.462  -70.540  -5.242 0.6999999881
1804  19.380  -69.248  -9.863 0.8999999762
111841  19.176  -68.084  -10.810 0.8999999762
1757  8.351  -69.990  -4.577 0.6999999881
2530  18.348  -67.559  -12.062 0.8999999762
2102  8.069  -69.248  -4.941 0.6999999881
2464  7.708  -67.450  -5.824 0.5000000000
2097  8.162  -68.453  -4.649 0.5000000000
3918  13.522  -63.576  -20.140 0.6999999881
4535  17.838  -64.141  -20.369 0.6000000238
2677  6.154  -66.543  10.469 1.0000000000
2357  7.522  -67.637  7.630 1.0000000000
2366  7.637  -68.136  7.543 1.0000000000
2363  10.007  -67.228  6.173 1.0000000000
2362  11.001  -66.970  5.978 1.0000000000
3665  13.771  -64.943  6.860 1.0000000000
103054  12.253  -66.191  6.357 1.0000000000
3663  15.628  -64.367  6.506 1.0000000000
3169  14.303  -65.419  6.465 1.0000000000
2373  12.616  -67.156  5.472 1.0000000000
4189  16.875  -63.442  5.965 1.0000000000
3662  16.358  -64.132  6.002 1.0000000000
2725  16.097  -66.301  5.254 1.0000000000
3183  16.788  -65.915  4.854 1.0000000000
1729  17.501  -69.205  -0.120 1.0000000000
2064  17.741  -68.430  -0.486 1.0000000000
103409  17.674  -69.951  -1.012 1.0000000000
2053  17.398  -68.302  1.196 1.0000000000
3186  18.057  -64.993  3.148 1.0000000000
2059  17.668  -68.369  0.298 1.0000000000
2406  17.618  -67.491  0.596 1.0000000000
1443  17.534  -70.409  -1.792 1.0000000000
2414  17.623  -67.478  -0.450 1.0000000000
1197  16.968  -71.041  -2.294 1.0000000000
2757  17.635  -66.664  0.089 1.0000000000
101541  19.811  -63.597  0.061 1.0000000000
1452  17.564  -70.531  -2.722 1.0000000000
1198  16.474  -71.723  -1.792 1.0000000000
104636  16.975  -71.121  -3.118 1.0000000000
2776  17.937  -65.597  -1.156 1.0000000000
3743  19.116  -63.810  -1.868 1.0000000000
1200  16.942  -71.204  -3.942 1.0000000000
2782  17.793  -66.116  -2.896 1.0000000000
106072  18.415  -64.114  -3.307 1.0000000000
1460  17.537  -70.726  -4.385 1.0000000000
1456  17.547  -70.650  -3.560 1.0000000000
2119  12.273  -68.724  -7.279 1.0000000000
4293  17.259  -63.657  -3.849 1.0000000000
1467  17.526  -70.806  -5.206 1.0000000000
4310  14.996  -63.461  -4.228 1.0000000000
108965  15.865  -62.769  -2.890 1.0000000000
2783  13.287  -66.484  -1.984 1.0000000000
99330  18.107  -70.352  -5.680 1.0000000000
115532  14.836  -69.334  -7.547 1.0000000000
1779  11.724  -69.362  -7.513 1.0000000000
3241  12.886  -65.511  -3.442 1.0000000000
1215  18.036  -70.564  -6.499 1.0000000000
2473  16.433  -67.571  -7.526 1.0000000000
1769  10.746  -69.970  -6.617 0.8999999762
2435  12.600  -67.583  -3.289 1.0000000000
2463  11.575  -68.007  -6.410 1.0000000000
113272  11.033  -69.522  -5.950 0.8999999762
1768  19.069  -69.643  -6.887 1.0000000000
2115  19.413  -68.346  -7.570 1.0000000000
2139  16.259  -68.534  -9.553 0.8999999762
1763  10.958  -70.562  -5.561 0.8999999762
2482  18.867  -66.806  -8.946 1.0000000000
1762  11.294  -69.669  -4.995 0.8999999762
2495  17.519  -66.909  -8.999 0.8999999762
2496  16.880  -67.519  -9.337 0.8999999762
1461  10.933  -70.686  -4.736 0.8999999762
1750  11.286  -70.246  -3.801 0.8999999762
1209  10.114  -71.008  -4.837 0.8999999762
2084  11.684  -69.428  -2.269 1.0000000000
2493  19.160  -67.373  -9.579 0.8999999762
1462  10.153  -70.598  -3.913 0.8999999762
2511  18.910  -67.423  -10.413 0.8999999762
2513  17.619  -67.062  -10.015 0.8999999762
1463  9.314  -70.596  -4.035 0.8999999762
1453  9.165  -70.642  -3.085 0.8999999762
102702  17.980  -66.931  -10.787 0.8999999762
1464  8.777  -70.405  -4.393 0.6999999881
1752  8.779  -70.275  -2.876 0.6999999881
2532  17.238  -67.476  -11.583 0.8999999762
109512  8.411  -68.676  -4.125 0.6000000238
2701  8.684  -66.103  8.207 1.0000000000
3129  7.920  -65.403  9.435 1.0000000000
2710  9.231  -66.380  7.510 1.0000000000
2711  7.986  -66.835  7.810 1.0000000000
3138  8.304  -65.760  8.822 1.0000000000
2709  10.919  -65.990  7.021 1.0000000000
3152  12.482  -65.105  7.084 1.0000000000
3649  14.353  -63.738  7.154 1.0000000000
4190  15.207  -63.712  6.946 1.0000000000
100016  16.156  -63.449  6.628 1.0000000000
3179  13.843  -66.061  6.049 1.0000000000
3177  15.669  -65.802  5.859 1.0000000000
3176  16.459  -65.503  5.514 1.0000000000
4199  17.379  -63.479  5.343 1.0000000000
4202  18.315  -63.575  4.026 1.0000000000
3679  17.752  -64.907  3.900 1.0000000000
3691  18.601  -64.349  2.800 1.0000000000
114106  17.578  -69.574  -0.604 1.0000000000
4226  19.572  -63.763  1.604 1.0000000000
1442  17.961  -69.572  -1.673 1.0000000000
1736  17.880  -69.110  -0.926 1.0000000000
4235  20.166  -63.120  0.605 1.0000000000
2769  17.552  -66.422  -0.796 1.0000000000
1743  18.150  -69.164  -2.325 1.0000000000
2073  17.649  -68.080  -1.339 1.0000000000
3228  18.409  -65.174  -1.769 1.0000000000
4847  19.382  -62.386  -1.450 1.0000000000
1451  18.057  -69.896  -2.437 1.0000000000
2082  17.858  -68.358  -2.218 1.0000000000
2083  17.545  -67.466  -2.174 1.0000000000
96927  17.506  -66.594  -2.206 1.0000000000
3233  18.526  -65.005  -2.480 1.0000000000
3744  18.784  -64.173  -2.673 1.0000000000
4848  17.398  -62.168  -2.019 1.0000000000
105400  18.445  -69.684  -3.659 1.0000000000
1459  18.137  -70.198  -3.979 1.0000000000
2428  17.706  -67.000  -2.958 1.0000000000
3754  17.823  -64.457  -3.783 1.0000000000
4863  16.731  -62.529  -2.463 1.0000000000
3765  16.972  -64.401  -4.364 1.0000000000
1466  18.154  -70.241  -4.816 1.0000000000
2458  16.061  -67.418  -6.474 1.0000000000
2117  14.507  -68.988  -7.090 1.0000000000
2118  13.448  -69.007  -7.299 1.0000000000
114598  13.756  -67.717  -6.604 1.0000000000
3755  13.536  -64.310  -3.592 1.0000000000
1761  18.620  -69.946  -6.261 1.0000000000
100813  18.760  -69.601  -5.319 1.0000000000
2474  15.655  -68.187  -6.878 1.0000000000
2106  12.908  -68.053  -6.845 1.0000000000
2462  12.142  -67.394  -6.579 1.0000000000
112684  19.141  -69.227  -6.125 1.0000000000
2108  11.115  -68.967  -6.597 1.0000000000
2105  19.389  -68.370  -6.060 1.0000000000
2101  11.220  -68.597  -5.844 1.0000000000
97474  13.068  -67.287  -1.958 1.0000000000
108218  19.342  -68.826  -6.831 1.0000000000
2483  17.345  -66.819  -8.007 1.0000000000
106311  11.416  -68.471  -5.142 1.0000000000
2472  19.348  -67.318  -7.559 1.0000000000
105639  18.655  -66.578  -8.038 1.0000000000
2088  12.480  -68.615  -2.823 1.0000000000
2096  11.732  -69.019  -4.329 1.0000000000
1744  10.893  -70.182  -2.745 0.8999999762
2066  9.283  -69.581  -0.164 0.8999999762
1751  10.135  -70.469  -3.151 0.8999999762
1745  9.275  -70.504  -2.440 0.8999999762
114480  8.763  -70.478  -2.547 0.8999999762
1746  8.422  -70.335  -2.068 0.8000000119
2447  8.263  -67.560  -4.492 0.5000000000
3154  10.310  -65.711  7.650 1.0000000000
3155  9.536  -65.763  8.051 1.0000000000
3633  8.476  -64.630  9.679 1.0000000000
3651  12.316  -64.557  7.519 1.0000000000
3639  12.067  -63.962  8.033 1.0000000000
3631  10.159  -64.018  9.202 1.0000000000
4160  9.626  -63.508  9.608 1.0000000000
4150  9.002  -63.058  9.956 1.0000000000
4753  16.298  -62.566  6.831 1.0000000000
99088  17.265  -62.107  6.227 1.0000000000
4767  18.135  -62.332  5.283 1.0000000000
4778  17.834  -62.957  5.118 1.0000000000
5319  18.658  -62.076  4.869 1.0000000000
3673  17.820  -64.222  4.278 1.0000000000
5329  19.700  -61.694  3.622 1.0000000000
4786  19.412  -62.435  3.373 1.0000000000
5786  19.521  -60.812  4.587 1.0000000000
4787  18.847  -62.942  3.753 1.0000000000
4208  18.752  -63.648  3.301 1.0000000000
3678  18.214  -64.281  3.575 1.0000000000
5328  20.237  -61.208  3.137 1.0000000000
4785  19.925  -61.963  2.872 1.0000000000
4798  19.676  -62.755  2.655 1.0000000000
3690  19.275  -63.603  2.497 1.0000000000
5819  20.470  -60.842  1.732 1.0000000000
4797  20.167  -62.268  2.104 1.0000000000
4808  20.339  -62.565  1.252 1.0000000000
4225  20.054  -63.295  1.247 1.0000000000
114049  20.330  -60.408  1.204 1.0000000000
103092  20.404  -61.112  1.002 1.0000000000
4832  19.732  -62.131  -0.919 1.0000000000
5840  19.223  -60.615  -0.141 1.0000000000
5839  19.720  -60.893  -0.059 1.0000000000
2072  17.986  -68.884  -1.660 1.0000000000
2421  17.462  -67.022  -1.448 1.0000000000
2777  17.508  -66.225  -1.553 1.0000000000
5374  17.931  -61.499  -0.846 1.0000000000
5385  17.997  -61.802  -1.594 1.0000000000
2427  17.779  -67.815  -2.767 1.0000000000
114182  18.124  -65.434  -2.915 1.0000000000
1756  18.650  -69.612  -4.326 1.0000000000
1749  18.309  -69.417  -3.077 1.0000000000
3239  17.969  -65.477  -3.643 1.0000000000
106281  18.733  -69.071  -3.750 1.0000000000
3734  14.449  -64.351  -2.068 1.0000000000
1760  19.237  -68.822  -5.459 1.0000000000
2459  15.379  -67.750  -6.359 1.0000000000
2460  14.636  -67.821  -6.411 1.0000000000
4296  14.083  -63.704  -4.011 1.0000000000
3234  13.408  -65.522  -2.553 1.0000000000
2461  12.997  -67.091  -6.666 1.0000000000
3769  13.543  -64.297  -4.533 1.0000000000
104340  12.508  -65.494  -4.349 1.0000000000
2100  19.258  -68.105  -5.292 1.0000000000
2475  14.969  -68.421  -6.639 1.0000000000
2822  15.060  -67.155  -6.104 1.0000000000
2826  11.789  -67.133  -6.188 1.0000000000
97639  19.365  -67.868  -6.799 1.0000000000
106460  18.511  -66.522  -7.157 1.0000000000
2116  15.817  -68.543  -7.766 1.0000000000
2445  12.114  -67.220  -4.264 1.0000000000
2779  13.120  -67.124  -1.250 1.0000000000
2818  19.085  -66.949  -6.756 1.0000000000
2825  12.359  -66.536  -6.258 1.0000000000
2797  11.685  -67.028  -5.096 1.0000000000
2436  12.209  -68.311  -3.812 1.0000000000
2429  12.838  -67.867  -2.361 1.0000000000
2809  11.831  -66.663  -5.707 1.0000000000
2446  11.695  -67.868  -4.753 1.0000000000
2849  19.255  -66.913  -8.243 1.0000000000
2416  10.302  -68.676  0.199 0.8999999762
106074  8.626  -68.864  -3.530 0.5000000000
2439  8.466  -67.783  -4.136 0.5000000000
2085  8.060  -69.763  -1.857 0.6999999881
99692  10.062  -65.191  8.315 1.0000000000
103791  12.728  -64.018  7.630 1.0000000000
3135  11.622  -64.698  7.799 1.0000000000
4744  14.678  -62.452  7.324 1.0000000000
4743  15.505  -62.760  7.076 1.0000000000
5280  16.668  -61.192  6.875 1.0000000000
5290  16.751  -61.949  6.642 1.0000000000
5289  17.370  -61.320  6.422 1.0000000000
5305  18.477  -61.582  5.382 1.0000000000
5318  19.057  -61.473  4.805 1.0000000000
4777  18.385  -62.790  4.559 1.0000000000
3674  17.052  -65.125  5.015 1.0000000000
6155  6.148  -59.741  13.920 1.0000000000
104428  20.505  -59.879  2.720 1.0000000000
4207  19.226  -63.104  3.136 1.0000000000
104312  20.433  -59.917  1.884 1.0000000000
6285  20.052  -59.779  1.039 1.0000000000
5373  18.633  -61.485  -1.090 1.0000000000
5372  19.310  -61.776  -1.102 1.0000000000
2087  18.286  -68.585  -3.078 1.0000000000
2433  18.227  -67.684  -3.432 1.0000000000
4849  16.762  -62.391  -1.652 1.0000000000
4864  16.242  -62.708  -2.035 1.0000000000
2094  19.027  -67.957  -4.611 1.0000000000
2434  18.125  -67.001  -3.686 1.0000000000
3766  16.170  -64.295  -4.770 1.0000000000
4834  16.193  -62.967  -1.021 1.0000000000
1755  19.088  -68.777  -4.612 1.0000000000
99192  17.441  -65.228  -4.303 1.0000000000
3735  14.169  -65.160  -1.238 1.0000000000
2450  18.914  -67.287  -5.159 1.0000000000
2821  16.380  -66.705  -6.006 1.0000000000
2805  16.958  -66.197  -5.447 1.0000000000
2806  15.958  -66.501  -5.756 1.0000000000
3260  15.512  -65.791  -5.625 1.0000000000
3783  14.923  -64.764  -5.513 1.0000000000
3784  13.902  -64.642  -5.461 1.0000000000
105219  17.166  -66.500  -6.020 1.0000000000
103999  15.710  -67.083  -6.112 1.0000000000
114857  15.562  -66.852  -6.018 1.0000000000
2807  15.242  -66.472  -5.926 1.0000000000
3261  14.448  -65.514  -5.951 1.0000000000
3770  12.900  -64.871  -5.077 1.0000000000
2456  19.256  -67.510  -5.985 1.0000000000
2839  17.014  -66.727  -6.830 1.0000000000
3279  13.658  -65.780  -6.183 1.0000000000
3262  13.361  -65.195  -5.878 1.0000000000
3229  13.671  -65.750  -1.564 1.0000000000
98358  14.050  -67.090  -6.449 1.0000000000
2796  12.060  -66.252  -4.873 1.0000000000
2808  12.326  -65.955  -5.692 1.0000000000
2422  12.781  -67.870  -1.466 1.0000000000
109604  11.949  -68.378  -0.788 1.0000000000
2408  11.575  -68.009  0.071 1.0000000000
1737  10.309  -70.034  -1.828 0.8999999762
1738  8.747  -70.376  -1.491 0.8999999762
2067  7.914  -69.875  0.164 0.8999999762
2077  7.627  -69.504  -0.999 0.8999999762
2431  8.782  -68.720  -2.890 0.5000000000
3136  10.870  -64.972  8.061 1.0000000000
3641  10.526  -64.498  8.633 1.0000000000
3624  7.059  -64.585  10.802 1.0000000000
5288  18.146  -61.018  5.977 1.0000000000
5773  18.922  -60.697  5.393 1.0000000000
111699  20.436  -61.835  0.878 1.0000000000
5371  19.756  -61.594  -0.497 1.0000000000
6205  9.426  -59.667  7.715 1.0000000000
5375  17.253  -61.940  -0.385 1.0000000000
6206  8.429  -60.106  8.081 1.0000000000
99568  16.806  -62.348  -0.867 1.0000000000
2443  18.560  -67.384  -4.231 1.0000000000
2788  17.980  -66.336  -3.590 1.0000000000
3258  17.259  -65.832  -4.808 1.0000000000
3259  16.416  -65.851  -5.300 1.0000000000
110377  10.375  -60.459  6.734 1.0000000000
109857  14.767  -64.541  -0.825 1.0000000000
2457  18.858  -66.955  -5.940 1.0000000000
2803  18.414  -66.679  -5.446 1.0000000000
3222  13.776  -65.761  -0.687 1.0000000000
105418  17.769  -66.397  -5.733 1.0000000000
2819  18.449  -66.564  -6.275 1.0000000000
2771  13.038  -66.918  -0.445 1.0000000000
2407  12.353  -67.326  -0.072 1.0000000000
2758  12.707  -66.534  0.376 1.0000000000
114654  11.239  -68.538  -0.255 0.8999999762
2437  9.443  -67.533  -3.203 0.5000000000
4169  10.866  -63.723  8.819 1.0000000000
105213  15.222  -61.935  7.286 1.0000000000
4167  12.103  -63.217  8.231 1.0000000000
4158  11.140  -63.031  8.872 1.0000000000
4159  10.446  -63.069  9.295 1.0000000000
96894  16.137  -60.984  7.198 1.0000000000
104335  13.994  -62.269  7.527 1.0000000000
4735  12.440  -62.622  8.112 1.0000000000
4736  11.714  -62.621  8.533 1.0000000000
4728  11.007  -62.239  9.060 1.0000000000
6201  17.228  -59.949  7.044 1.0000000000
5747  17.116  -60.674  6.791 1.0000000000
5283  13.533  -61.684  7.728 1.0000000000
5271  12.235  -61.300  8.370 1.0000000000
5261  9.813  -61.751  9.788 1.0000000000
4722  8.351  -62.772  10.546 1.0000000000
5758  17.732  -60.474  6.527 1.0000000000
5250  9.131  -61.216  10.330 1.0000000000
4721  9.138  -62.223  10.178 1.0000000000
5236  7.706  -61.552  11.631 1.0000000000
6212  18.006  -59.706  6.717 1.0000000000
110840  12.405  -60.332  8.560 1.0000000000
101266  10.935  -60.747  9.328 1.0000000000
5249  10.060  -60.743  9.815 1.0000000000
5235  8.351  -61.321  10.970 1.0000000000
5221  7.035  -61.708  12.347 1.0000000000
6211  18.651  -59.321  6.331 1.0000000000
99483  19.541  -59.999  4.927 1.0000000000
5731  12.312  -59.453  9.017 1.0000000000
5713  6.936  -60.826  12.604 1.0000000000
6210  19.254  -58.864  5.897 1.0000000000
5727  9.417  -60.203  10.382 1.0000000000
5719  8.004  -60.702  11.424 1.0000000000
5702  6.690  -60.107  13.123 1.0000000000
6724  19.758  -58.357  5.350 1.0000000000
6739  20.027  -58.660  4.722 1.0000000000
5785  20.028  -60.173  4.125 1.0000000000
113389  10.722  -58.097  10.662 1.0000000000
6163  7.474  -59.470  12.620 1.0000000000
6649  6.356  -58.773  14.241 1.0000000000
6250  20.383  -59.410  3.446 1.0000000000
6723  20.162  -57.849  4.574 1.0000000000
7259  20.042  -57.192  3.446 1.0000000000
6747  20.343  -58.480  3.135 1.0000000000
6261  20.353  -59.160  2.522 1.0000000000
6273  19.565  -59.188  1.420 1.0000000000
6704  9.709  -58.148  8.123 1.0000000000
6705  8.803  -59.002  8.304 1.0000000000
7214  7.731  -57.602  9.216 1.0000000000
115746  18.684  -57.013  3.358 1.0000000000
6771  19.701  -58.672  1.904 1.0000000000
5829  19.592  -60.233  0.352 1.0000000000
4833  16.596  -62.606  0.029 1.0000000000
6693  7.746  -58.623  9.013 1.0000000000
6286  19.320  -59.697  0.802 1.0000000000
5841  18.601  -60.942  -0.327 1.0000000000
114164  18.623  -56.473  3.676 1.0000000000
6759  19.482  -58.164  2.272 1.0000000000
6275  18.214  -59.584  1.593 1.0000000000
5820  18.611  -59.868  0.871 1.0000000000
5362  17.772  -61.296  0.018 1.0000000000
6204  10.256  -59.276  7.385 1.0000000000
3249  17.841  -65.971  -4.217 1.0000000000
6262  18.525  -58.918  1.950 1.0000000000
5811  17.508  -59.998  2.108 1.0000000000
5350  17.412  -61.046  0.900 1.0000000000
106881  16.073  -63.263  -0.032 1.0000000000
4254  15.665  -63.617  -0.424 1.0000000000
6714  10.957  -58.849  7.077 1.0000000000
5751  9.054  -60.660  7.549 1.0000000000
98146  12.639  -60.295  5.823 1.0000000000
2795  18.429  -66.825  -4.754 1.0000000000
2804  17.884  -66.338  -4.871 1.0000000000
110993  17.876  -59.331  2.255 1.0000000000
5822  17.092  -60.832  1.900 1.0000000000
5351  16.772  -61.626  1.453 1.0000000000
4237  15.550  -63.660  0.407 1.0000000000
4255  15.200  -64.211  -0.041 1.0000000000
5812  16.960  -60.461  2.726 1.0000000000
5340  16.540  -61.432  2.309 1.0000000000
4810  15.758  -62.765  1.563 1.0000000000
3726  14.208  -65.248  -0.299 1.0000000000
5813  16.379  -61.035  3.084 1.0000000000
4238  14.836  -64.128  0.904 1.0000000000
5776  11.287  -61.138  6.033 1.0000000000
5760  10.429  -61.161  6.450 1.0000000000
5341  15.946  -61.810  2.753 1.0000000000
4228  14.646  -63.623  1.710 1.0000000000
3712  14.544  -64.738  0.269 1.0000000000
99929  13.776  -65.706  -0.014 1.0000000000
5307  11.936  -61.550  5.507 1.0000000000
4229  14.177  -64.154  1.547 1.0000000000
3210  13.352  -65.806  0.450 1.0000000000
3703  13.368  -65.225  1.061 1.0000000000
4780  12.077  -62.653  4.478 1.0000000000
5323  11.499  -62.356  5.132 1.0000000000
2759  11.634  -67.151  0.723 0.8999999762
2752  11.112  -66.617  1.514 1.0000000000
2409  10.521  -67.910  0.803 0.8999999762
2060  8.727  -69.152  0.540 0.8999999762
115132  7.702  -68.637  -0.961 0.6000000238
2424  7.233  -68.995  -0.323 0.8000000119
106654  8.229  -68.807  -1.860 0.5000000000
5750  14.619  -60.748  7.665 1.0000000000
105824  15.952  -60.381  7.489 1.0000000000
5269  13.838  -60.845  7.763 1.0000000000
4734  12.746  -61.868  8.009 1.0000000000
6202  16.512  -59.811  7.512 1.0000000000
5749  15.185  -60.230  7.756 1.0000000000
5736  14.250  -60.003  7.960 1.0000000000
5270  12.983  -61.012  8.022 1.0000000000
5260  10.545  -61.519  9.406 1.0000000000
6200  18.181  -58.924  6.911 1.0000000000
6710  19.428  -58.023  6.084 1.0000000000
5733  10.692  -59.962  9.696 1.0000000000
7228  19.547  -57.156  6.234 1.0000000000
96717  12.853  -59.010  9.042 1.0000000000
6174  9.744  -59.371  10.544 1.0000000000
104224  8.300  -59.882  11.410 1.0000000000
7749  19.806  -56.650  5.560 1.0000000000
6670  12.471  -58.037  9.785 1.0000000000
6170  8.650  -59.040  11.586 1.0000000000
7236  20.032  -56.974  4.772 1.0000000000
96370  19.663  -55.937  5.651 1.0000000000
105451  20.282  -57.833  3.684 1.0000000000
7773  19.565  -56.575  3.758 1.0000000000
98518  18.439  -54.339  4.830 1.0000000000
8315  18.785  -55.192  4.079 1.0000000000
94736  19.152  -57.581  2.717 1.0000000000
7223  10.423  -57.408  7.683 1.0000000000
6694  6.975  -58.270  9.478 1.0000000000
9483  17.115  -53.582  4.732 1.0000000000
94737  19.064  -56.446  3.603 1.0000000000
6758  20.090  -58.347  2.380 1.0000000000
6703  10.418  -58.415  7.569 1.0000000000
5831  18.220  -60.557  0.439 1.0000000000
6760  18.804  -58.213  2.300 1.0000000000
5363  17.063  -61.867  0.536 1.0000000000
115370  12.715  -59.677  6.070 1.0000000000
6761  17.945  -58.622  2.714 1.0000000000
6215  10.696  -59.713  6.880 1.0000000000
5774  13.379  -59.948  5.658 1.0000000000
5789  13.804  -60.623  4.969 1.0000000000
4227  15.302  -63.382  1.216 1.0000000000
5775  12.161  -60.794  5.775 1.0000000000
5321  13.461  -61.508  4.684 1.0000000000
5790  12.886  -60.964  5.375 1.0000000000
5322  12.537  -61.890  4.927 1.0000000000
4799  15.540  -62.470  2.367 1.0000000000
4218  13.904  -63.733  2.284 1.0000000000
113669  14.537  -63.243  2.317 1.0000000000
3692  13.406  -64.548  1.790 1.0000000000
3211  12.722  -65.855  1.047 1.0000000000
3693  12.544  -64.690  2.304 1.0000000000
3202  11.813  -65.871  1.662 1.0000000000
108072  9.379  -68.431  0.859 0.8999999762
2410  8.043  -68.646  1.163 0.8999999762
2061  7.619  -69.228  0.618 0.8999999762
2418  6.871  -68.324  0.136 0.8000000119
2423  8.701  -67.810  -1.417 0.5000000000
6203  15.815  -59.654  7.859 1.0000000000
6187  17.049  -59.248  7.538 1.0000000000
97993  17.608  -59.284  7.144 1.0000000000
6179  13.503  -58.982  8.814 1.0000000000
6702  17.605  -58.578  7.555 1.0000000000
6189  15.038  -59.423  8.113 1.0000000000
101199  18.559  -57.245  7.416 1.0000000000
7222  17.898  -57.670  7.846 1.0000000000
5732  11.554  -59.958  9.208 1.0000000000
115758  7.186  -60.125  12.550 1.0000000000
6672  10.925  -58.544  10.282 1.0000000000
6169  8.991  -59.599  10.924 1.0000000000
7742  19.498  -56.316  6.286 1.0000000000
7187  12.197  -57.661  10.465 1.0000000000
8305  19.409  -55.276  5.293 1.0000000000
8891  18.949  -54.845  4.633 1.0000000000
7188  11.316  -57.794  10.685 1.0000000000
7761  19.645  -56.123  4.212 1.0000000000
109406  9.978  -56.655  7.776 1.0000000000
7224  9.562  -57.261  8.255 1.0000000000
7200  7.185  -56.895  9.460 1.0000000000
8892  18.279  -54.527  4.180 1.0000000000
7744  11.280  -57.020  7.244 1.0000000000
9503  16.942  -53.646  3.954 1.0000000000
7231  11.887  -57.608  7.032 1.0000000000
9491  16.288  -53.127  4.370 1.0000000000
6712  12.304  -58.136  6.736 1.0000000000
7232  11.157  -57.927  7.306 1.0000000000
108740  15.124  -52.313  4.778 1.0000000000
7270  18.362  -57.776  2.969 1.0000000000
7260  17.841  -57.344  3.609 1.0000000000
6213  12.317  -58.993  6.433 1.0000000000
97854  17.091  -57.836  3.952 1.0000000000
6214  11.442  -59.383  6.618 1.0000000000
6216  9.961  -60.147  7.199 1.0000000000
6263  17.271  -59.540  2.973 1.0000000000
6242  14.238  -59.821  5.219 1.0000000000
5320  14.319  -61.219  4.416 1.0000000000
5761  9.629  -61.203  6.947 1.0000000000
103730  9.754  -62.008  6.574 1.0000000000
5330  15.569  -61.393  3.469 1.0000000000
5342  15.254  -62.153  3.132 1.0000000000
4788  14.478  -62.418  3.384 1.0000000000
5308  10.942  -62.136  5.669 1.0000000000
4779  13.115  -62.308  4.291 1.0000000000
4210  12.392  -63.671  3.343 1.0000000000
3197  11.574  -65.205  2.455 0.8999999762
2753  9.699  -66.985  2.017 0.8999999762
2401  9.085  -67.808  1.504 0.8999999762
2062  7.017  -68.508  0.754 0.8999999762
95633  15.718  -58.913  8.272 1.0000000000
6690  17.178  -57.994  8.209 1.0000000000
6691  16.387  -58.321  8.456 1.0000000000
7210  18.057  -56.849  8.034 1.0000000000
7198  14.685  -57.392  10.080 1.0000000000
98826  11.804  -59.127  9.404 1.0000000000
7221  19.114  -56.778  6.906 1.0000000000
7199  13.814  -57.702  9.836 1.0000000000
6180  11.180  -59.206  9.750 1.0000000000
114108  6.315  -58.237  14.751 1.0000000000
8291  19.067  -55.967  6.915 1.0000000000
102087  14.008  -57.285  10.552 1.0000000000
6663  8.217  -58.616  12.437 1.0000000000
6154  6.947  -59.191  13.416 1.0000000000
8299  19.354  -55.551  6.182 1.0000000000
7182  9.818  -58.071  11.329 1.0000000000
7186  13.131  -57.529  10.306 1.0000000000
95564  10.020  -57.517  11.989 1.0000000000
7167  6.204  -57.757  15.153 1.0000000000
7176  10.760  -57.077  12.042 1.0000000000
95261  18.521  -55.882  3.898 1.0000000000
7774  18.095  -56.557  3.822 1.0000000000
94739  17.274  -54.810  3.731 1.0000000000
7751  12.620  -56.633  6.247 1.0000000000
7752  11.955  -56.150  6.198 1.0000000000
7213  8.782  -57.940  8.694 1.0000000000
108788  17.531  -55.744  3.979 1.0000000000
7230  12.537  -57.446  6.633 1.0000000000
115475  15.710  -52.710  4.521 1.0000000000
7240  13.301  -57.346  6.199 1.0000000000
10123  15.013  -52.301  6.063 1.0000000000
114139  14.978  -52.312  4.124 1.0000000000
7261  17.207  -56.872  4.154 1.0000000000
7238  14.447  -57.243  5.537 1.0000000000
6727  12.933  -58.205  6.462 1.0000000000
6230  13.191  -59.032  6.119 1.0000000000
10124  14.311  -51.579  6.734 1.0000000000
114677  16.749  -57.427  4.304 1.0000000000
6742  15.117  -58.510  5.277 1.0000000000
6726  13.688  -58.249  6.112 1.0000000000
6229  13.962  -59.069  5.707 1.0000000000
6749  16.677  -58.506  4.034 1.0000000000
6241  15.420  -59.183  4.797 1.0000000000
110181  14.861  -59.723  4.887 1.0000000000
108144  8.012  -61.041  7.775 0.8999999762
6748  17.194  -58.646  3.463 1.0000000000
6251  16.619  -59.236  3.745 1.0000000000
5788  14.613  -60.406  4.676 1.0000000000
5759  11.048  -60.295  6.465 1.0000000000
5801  16.521  -60.118  3.428 1.0000000000
5787  15.319  -60.101  4.432 1.0000000000
5309  10.288  -62.090  6.165 1.0000000000
4789  13.650  -62.704  3.602 1.0000000000
4801  14.170  -63.084  2.935 1.0000000000
4790  12.746  -63.018  3.813 1.0000000000
4219  12.923  -64.031  2.583 1.0000000000
4209  13.321  -63.378  3.088 1.0000000000
4791  11.701  -63.382  4.054 1.0000000000
2411  7.541  -67.862  1.566 0.8999999762
114082  6.813  -67.930  0.322 0.8000000119
2417  7.329  -67.886  -0.396 0.6000000238
6692  15.023  -58.694  8.684 1.0000000000
7211  17.458  -57.226  8.504 1.0000000000
6680  15.228  -57.945  9.328 1.0000000000
6681  14.236  -58.330  9.228 1.0000000000
7726  17.539  -56.485  8.594 1.0000000000
6682  13.169  -58.292  9.430 1.0000000000
7734  18.592  -56.416  7.505 1.0000000000
6667  9.402  -58.769  11.135 1.0000000000
8300  18.784  -55.273  6.686 1.0000000000
98565  11.925  -57.223  11.101 1.0000000000
6662  9.166  -58.108  11.971 1.0000000000
6656  7.970  -58.024  13.269 1.0000000000
6657  7.270  -58.368  13.720 1.0000000000
6648  6.865  -57.955  14.379 1.0000000000
110720  18.467  -54.747  6.370 1.0000000000
8875  19.041  -54.868  5.981 1.0000000000
7711  15.079  -56.197  10.964 1.0000000000
7178  13.691  -56.858  11.185 1.0000000000
7174  7.630  -57.589  13.979 1.0000000000
7166  7.109  -57.254  14.570 1.0000000000
7155  6.383  -57.013  15.188 1.0000000000
7156  5.292  -57.416  15.961 0.8999999762
8884  17.845  -53.951  5.233 1.0000000000
8883  18.464  -54.431  5.676 1.0000000000
7745  9.798  -55.869  7.422 1.0000000000
7735  9.297  -56.405  8.131 1.0000000000
7727  8.713  -57.024  8.719 1.0000000000
8273  6.690  -56.236  9.722 1.0000000000
8885  17.079  -53.708  5.711 1.0000000000
100738  11.207  -56.089  6.642 1.0000000000
9484  16.544  -53.305  5.208 1.0000000000
95624  16.627  -53.873  3.608 1.0000000000
94740  18.018  -54.979  3.869 1.0000000000
7766  12.490  -55.764  5.599 1.0000000000
7720  6.494  -56.920  9.605 1.0000000000
9485  15.822  -52.831  5.305 1.0000000000
8327  15.794  -55.303  3.851 1.0000000000
7765  13.282  -56.416  5.741 1.0000000000
9475  15.532  -53.096  6.446 1.0000000000
94746  15.517  -52.701  3.958 1.0000000000
7750  13.837  -56.952  5.760 1.0000000000
6192  6.820  -59.839  8.538 1.0000000000
96774  6.919  -59.078  9.121 1.0000000000
7721  5.962  -56.283  9.730 1.0000000000
7775  16.611  -56.097  4.223 1.0000000000
7763  15.779  -56.412  4.547 1.0000000000
7762  16.418  -57.028  4.505 1.0000000000
7252  15.130  -57.737  5.321 1.0000000000
5739  7.061  -60.400  8.316 1.0000000000
112709  6.731  -61.330  7.057 0.6000000238
94747  14.335  -51.726  5.665 1.0000000000
94749  13.524  -51.339  5.677 1.0000000000
6740  16.373  -57.910  4.488 1.0000000000
6741  15.678  -58.264  4.912 1.0000000000
95469  13.763  -50.708  7.459 1.0000000000
6750  16.152  -58.822  4.406 1.0000000000
5291  8.895  -62.342  6.835 0.8000000119
6252  15.998  -59.695  4.142 1.0000000000
4768  10.495  -62.782  5.363 1.0000000000
3680  11.894  -64.372  3.012 1.0000000000
3681  11.026  -64.317  3.642 1.0000000000
101117  10.421  -65.460  3.039 0.8999999762
2745  8.712  -66.597  2.802 0.8999999762
2754  8.163  -67.207  2.271 0.8999999762
2762  7.032  -67.441  0.723 0.6999999881
105122  7.207  -67.028  -0.153 0.5000000000
6679  16.071  -57.715  9.255 1.0000000000
7212  16.779  -57.498  8.914 1.0000000000
8293  17.564  -55.385  7.883 1.0000000000
98266  15.252  -56.818  10.686 1.0000000000
8866  18.060  -54.994  7.021 1.0000000000
7184  15.739  -56.529  10.339 1.0000000000
7181  10.578  -57.713  11.237 1.0000000000
7177  8.737  -57.693  12.904 1.0000000000
7173  8.394  -57.296  13.683 1.0000000000
95800  17.151  -54.709  7.189 1.0000000000
7179  12.732  -57.020  11.190 1.0000000000
7165  7.902  -56.941  14.222 1.0000000000
7180  11.354  -57.149  11.502 1.0000000000
7681  5.387  -56.601  15.779 0.8000000119
8876  17.717  -54.320  6.299 1.0000000000
7704  13.098  -56.170  11.648 1.0000000000
8301  10.422  -55.743  6.860 1.0000000000
7729  7.566  -56.180  9.191 1.0000000000
8306  11.472  -55.411  5.710 1.0000000000
95450  16.118  -54.558  3.502 1.0000000000
94744  16.137  -53.349  3.659 1.0000000000
8904  15.438  -54.319  3.468 1.0000000000
8328  14.836  -54.897  3.841 1.0000000000
113914  13.262  -55.723  5.232 1.0000000000
9504  14.730  -53.274  3.295 1.0000000000
7764  14.098  -56.177  5.143 1.0000000000
7730  5.965  -56.907  9.250 1.0000000000
10798  13.990  -52.093  3.741 1.0000000000
101427  15.050  -56.782  5.062 1.0000000000
106562  6.321  -59.351  8.046 0.8999999762
7233  6.197  -57.108  6.556 0.8999999762
7746  5.767  -56.405  7.322 0.8999999762
112345  14.334  -51.920  4.478 1.0000000000
7251  15.750  -57.358  4.870 1.0000000000
115543  13.957  -50.548  8.036 1.0000000000
5292  7.890  -62.601  7.108 0.8000000119
4754  9.072  -62.806  6.180 0.8000000119
94750  13.646  -49.814  7.970 1.0000000000
4769  9.802  -62.818  5.753 1.0000000000
4204  10.692  -63.172  4.829 1.0000000000
3695  9.585  -65.154  3.693 0.8999999762
4211  10.436  -63.890  4.283 1.0000000000
3198  9.180  -65.872  3.292 0.8999999762
2746  7.817  -66.641  2.748 0.8000000119
2402  7.706  -66.849  1.993 0.6999999881
3214  7.598  -66.445  1.149 0.6000000238
7718  17.029  -56.115  9.075 1.0000000000
7195  17.011  -56.802  9.127 1.0000000000
8867  16.712  -54.976  7.902 1.0000000000
8282  16.737  -55.511  8.678 1.0000000000
8254  15.759  -55.847  10.263 1.0000000000
7701  10.728  -56.303  12.427 1.0000000000
99855  10.203  -56.872  12.563 1.0000000000
7697  8.523  -56.606  13.846 1.0000000000
7692  6.277  -56.511  15.031 1.0000000000
100989  16.189  -54.492  7.375 1.0000000000
8878  15.841  -53.817  6.906 1.0000000000
8294  9.342  -55.202  7.243 1.0000000000
7736  8.452  -56.219  8.598 1.0000000000
8286  7.027  -55.483  9.517 1.0000000000
96199  15.202  -53.651  3.344 1.0000000000
8886  10.855  -54.816  5.390 1.0000000000
8307  10.546  -55.201  6.107 1.0000000000
8285  7.974  -55.475  8.716 1.0000000000
94741  15.961  -53.836  3.385 1.0000000000
8894  13.122  -54.541  4.053 1.0000000000
8295  8.893  -55.543  7.924 1.0000000000
8870  8.264  -54.799  8.076 1.0000000000
9476  15.050  -52.791  7.018 1.0000000000
94743  15.281  -53.113  3.460 1.0000000000
8895  12.297  -54.486  4.274 1.0000000000
10114  14.678  -52.346  7.651 1.0000000000
94745  14.800  -52.446  3.752 1.0000000000
10147  13.632  -52.519  3.355 1.0000000000
8317  13.594  -55.245  4.622 1.0000000000
7215  5.984  -57.680  8.670 1.0000000000
7737  5.629  -56.789  8.453 1.0000000000
10758  14.336  -51.456  7.686 1.0000000000
10789  13.369  -51.587  4.610 1.0000000000
95315  13.107  -49.944  7.521 1.0000000000
5293  7.171  -62.549  7.185 0.6000000238
95306  14.210  -49.179  8.040 1.0000000000
3188  8.187  -65.238  3.814 0.8000000119
3675  8.843  -64.246  4.742 0.8999999762
2747  7.701  -66.280  2.820 0.8000000119
8268  16.437  -55.903  9.546 1.0000000000
8241  13.605  -55.584  11.394 1.0000000000
8857  15.739  -54.916  8.209 1.0000000000
7705  12.083  -56.506  11.626 1.0000000000
8233  9.601  -55.760  12.847 1.0000000000
8227  9.044  -56.157  13.355 1.0000000000
109682  7.858  -56.385  14.073 1.0000000000
7691  7.108  -56.640  14.486 1.0000000000
101550  15.015  -55.552  10.608 1.0000000000
8215  6.414  -56.161  14.469 1.0000000000
8205  5.486  -55.971  15.315 0.8999999762
8879  9.141  -54.591  6.734 1.0000000000
108883  8.861  -54.853  7.439 1.0000000000
9468  15.137  -53.620  7.229 1.0000000000
8855  5.670  -54.927  9.830 1.0000000000
8906  13.577  -53.826  3.452 1.0000000000
8319  11.997  -54.977  5.028 1.0000000000
8861  7.385  -54.718  9.003 1.0000000000
95535  14.442  -52.737  3.384 1.0000000000
7225  5.906  -57.187  7.659 1.0000000000
8296  5.269  -55.564  7.719 1.0000000000
94748  14.311  -50.975  8.584 1.0000000000
95463  14.159  -49.934  8.551 1.0000000000
108710  13.018  -50.607  6.693 1.0000000000
8272  12.802  -54.253  10.107 1.0000000000
102965  15.882  -55.416  9.284 1.0000000000
8270  14.258  -54.972  10.105 1.0000000000
8242  12.696  -55.307  11.429 1.0000000000
8243  11.720  -55.390  11.659 1.0000000000
8232  11.142  -55.764  12.076 1.0000000000
109638  10.189  -56.126  12.806 1.0000000000
7698  7.229  -55.972  13.986 1.0000000000
8283  15.146  -55.026  8.855 1.0000000000
8269  15.162  -55.254  9.828 1.0000000000
8859  13.836  -54.472  9.224 1.0000000000
8256  13.426  -54.922  10.778 1.0000000000
8858  14.713  -54.570  8.249 1.0000000000
97361  14.138  -54.441  8.679 1.0000000000
8271  13.468  -54.477  9.832 1.0000000000
111376  9.746  -54.581  6.060 1.0000000000
114779  8.738  -54.067  6.629 1.0000000000
8783  4.654  -55.149  16.168 0.8000000119
8869  14.752  -54.056  7.780 1.0000000000
109503  14.302  -53.338  8.504 1.0000000000
9463  14.238  -54.066  8.320 1.0000000000
9493  10.550  -53.256  4.405 1.0000000000
9486  10.080  -53.685  5.004 1.0000000000
111196  9.652  -54.014  5.493 1.0000000000
99376  5.871  -54.216  9.739 1.0000000000
10111  14.495  -52.611  8.439 1.0000000000
104787  14.033  -53.174  3.219 1.0000000000
9505  13.195  -53.043  3.208 1.0000000000
8897  10.777  -54.194  4.760 1.0000000000
8887  10.257  -54.442  5.427 1.0000000000
9477  9.088  -53.883  6.078 1.0000000000
9478  8.440  -53.478  6.783 1.0000000000
9471  6.411  -52.986  9.144 1.0000000000
103408  14.474  -52.052  9.113 1.0000000000
9507  11.821  -53.118  3.649 1.0000000000
8896  11.530  -54.382  4.474 1.0000000000
9487  9.409  -53.293  5.383 1.0000000000
9488  8.831  -52.906  6.089 1.0000000000
10125  8.317  -52.450  6.934 1.0000000000
8863  5.263  -54.293  9.232 1.0000000000
98189  4.900  -53.711  8.401 1.0000000000
10752  14.511  -51.832  8.457 1.0000000000
104060  14.470  -51.369  9.280 1.0000000000
9506  12.526  -52.915  3.342 1.0000000000
10126  7.525  -51.908  7.705 1.0000000000
8872  4.959  -54.646  8.126 1.0000000000
12179  14.562  -49.452  9.125 1.0000000000
10799  13.145  -51.860  3.806 1.0000000000
10790  12.513  -51.404  4.770 1.0000000000
97538  11.764  -51.296  4.910 1.0000000000
7753  6.343  -56.180  6.153 0.8000000119
8303  5.852  -55.747  6.719 0.8999999762
8880  5.387  -54.982  6.893 0.8999999762
95565  12.608  -50.875  6.090 1.0000000000
12939  14.876  -48.635  7.932 1.0000000000
99077  14.541  -49.118  8.447 1.0000000000
95321  12.448  -49.832  7.221 1.0000000000
94753  13.671  -49.060  7.660 1.0000000000
12950  15.170  -48.215  7.205 1.0000000000
94755  12.778  -48.961  7.260 1.0000000000
4770  8.109  -63.266  5.817 0.6000000238
95215  15.043  -48.274  6.513 1.0000000000
95650  14.524  -48.566  7.497 1.0000000000
94754  13.978  -48.480  6.890 1.0000000000
8852  11.379  -53.992  9.999 1.0000000000
96520  11.871  -54.733  10.976 1.0000000000
111082  11.204  -54.828  11.196 1.0000000000
8260  9.832  -54.666  10.934 1.0000000000
8860  13.272  -54.099  9.537 1.0000000000
8244  10.843  -55.183  11.700 1.0000000000
95735  9.399  -55.275  12.166 1.0000000000
8234  8.751  -55.523  12.763 1.0000000000
8246  8.428  -55.157  11.884 1.0000000000
8236  6.969  -55.534  13.082 1.0000000000
8814  5.809  -55.146  12.943 1.0000000000
8229  5.327  -55.357  13.894 1.0000000000
9494  9.933  -52.791  4.889 1.0000000000
8216  5.084  -55.316  14.960 0.8000000119
104030  4.256  -54.221  16.900 0.6999999881
9455  13.840  -53.672  8.946 1.0000000000
9470  7.287  -53.256  8.497 1.0000000000
10115  6.885  -52.401  8.478 1.0000000000
11445  14.534  -50.941  9.894 1.0000000000
10745  14.360  -51.740  9.763 1.0000000000
10149  11.552  -52.378  3.944 1.0000000000
10759  6.440  -51.436  8.325 1.0000000000
9465  5.064  -53.056  8.895 1.0000000000
11458  14.479  -50.481  9.293 1.0000000000
101761  14.569  -50.044  9.835 1.0000000000
10800  12.216  -51.833  3.972 1.0000000000
112971  12.201  -52.514  3.580 1.0000000000
10131  9.320  -52.325  5.574 1.0000000000
10132  8.788  -51.782  6.469 1.0000000000
10768  8.182  -51.323  7.258 1.0000000000
9481  4.726  -52.854  8.011 1.0000000000
11485  11.895  -50.050  6.978 1.0000000000
11488  9.731  -49.617  6.670 1.0000000000
12213  9.087  -49.173  6.137 1.0000000000
8309  6.281  -55.399  5.928 0.8999999762
10127  5.070  -52.801  6.699 0.8999999762
95615  14.801  -48.752  9.223 1.0000000000
10777  11.786  -50.674  5.943 1.0000000000
9489  5.430  -53.612  5.713 0.8999999762
12938  15.231  -48.081  7.907 1.0000000000
13672  15.364  -47.761  7.087 1.0000000000
12963  15.612  -48.150  5.543 1.0000000000
95527  14.991  -48.378  5.621 1.0000000000
100522  11.656  -53.618  9.860 1.0000000000
9458  10.839  -53.597  9.761 1.0000000000
8853  10.537  -54.096  9.929 1.0000000000
8844  10.193  -54.354  10.430 1.0000000000
10096  13.417  -52.215  10.192 1.0000000000
115007  12.822  -52.860  10.033 1.0000000000
10106  12.553  -53.606  9.829 1.0000000000
9457  12.414  -53.880  10.016 1.0000000000
8833  9.074  -54.922  11.176 1.0000000000
8834  8.039  -54.853  11.138 1.0000000000
11427  13.796  -50.889  10.510 1.0000000000
10105  13.488  -53.039  9.664 1.0000000000
9456  13.216  -53.921  9.420 1.0000000000
8836  6.483  -54.415  11.647 1.0000000000
8815  4.829  -54.725  13.527 0.8999999762
10095  14.062  -52.096  10.041 1.0000000000
10104  14.179  -52.652  9.276 1.0000000000
8835  7.196  -54.652  11.336 1.0000000000
8825  5.846  -54.522  12.186 1.0000000000
109490  13.772  -54.180  8.977 1.0000000000
10137  10.660  -52.272  4.485 1.0000000000
10116  5.758  -52.338  8.844 1.0000000000
8784  3.964  -53.648  16.393 0.6999999881
11426  14.320  -50.455  10.250 1.0000000000
10128  4.858  -51.853  7.565 1.0000000000
12899  14.572  -48.688  9.865 1.0000000000
12164  14.623  -49.275  9.687 1.0000000000
10791  11.284  -51.591  4.593 1.0000000000
112377  9.869  -50.798  6.028 1.0000000000
10781  8.885  -50.653  7.081 1.0000000000
10134  5.071  -51.772  6.443 1.0000000000
13638  15.135  -47.480  8.389 1.0000000000
101352  6.989  -55.136  4.396 0.6000000238
8899  6.245  -54.172  4.920 0.8000000119
14322  15.287  -47.313  7.519 1.0000000000
102554  14.882  -48.670  8.545 1.0000000000
94751  11.831  -49.063  7.260 1.0000000000
115055  7.289  -54.250  3.967 0.6999999881
96388  11.244  -49.771  7.005 1.0000000000
10133  5.383  -51.622  5.388 0.8999999762
98311  15.517  -47.860  6.308 1.0000000000
12951  12.213  -48.694  7.079 1.0000000000
113078  14.096  -48.493  5.547 1.0000000000
108565  12.897  -48.509  6.398 1.0000000000
110035  15.941  -47.960  4.796 1.0000000000
12977  15.669  -48.317  4.640 1.0000000000
108716  14.867  -48.512  4.777 1.0000000000
10097  12.419  -52.074  10.147 1.0000000000
111194  11.959  -52.952  9.821 1.0000000000
10107  11.112  -52.968  9.720 1.0000000000
8845  9.422  -54.383  10.539 1.0000000000
9449  7.595  -53.247  10.587 1.0000000000
12147  12.663  -49.556  10.607 1.0000000000
9448  8.340  -53.648  10.311 1.0000000000
9440  6.828  -53.749  11.157 1.0000000000
9428  5.196  -53.833  12.434 0.8000000119
12146  13.622  -49.840  10.547 1.0000000000
14326  8.089  -46.858  6.393 0.8999999762
9394  4.115  -54.202  14.360 0.6999999881
106027  13.805  -49.063  10.500 1.0000000000
10731  14.260  -51.318  10.201 1.0000000000
10138  9.942  -51.793  5.313 1.0000000000
12878  14.141  -48.571  10.318 1.0000000000
11468  6.128  -50.530  7.952 1.0000000000
10760  5.540  -51.258  8.260 1.0000000000
13622  14.768  -47.491  9.303 0.8999999762
12145  14.323  -49.425  10.207 1.0000000000
10769  7.157  -50.916  7.590 1.0000000000
108975  5.441  -50.568  7.791 1.0000000000
10761  4.994  -51.072  7.862 1.0000000000
10778  11.004  -50.540  5.775 1.0000000000
10792  10.498  -51.186  5.323 1.0000000000
10770  4.883  -51.022  7.208 1.0000000000
11486  10.703  -49.657  6.877 1.0000000000
11487  10.343  -49.259  6.769 1.0000000000
14343  15.444  -47.114  6.575 1.0000000000
12964  11.856  -48.619  6.749 1.0000000000
103982  11.020  -48.946  6.955 1.0000000000
97329  9.871  -48.879  6.197 1.0000000000
111991  15.637  -47.300  5.944 1.0000000000
97558  11.283  -48.415  5.994 1.0000000000
13682  15.775  -47.532  5.225 1.0000000000
95142  14.045  -48.555  4.431 1.0000000000
12976  16.369  -48.061  3.962 1.0000000000
108706  16.137  -48.400  3.694 1.0000000000
95156  15.153  -48.603  3.843 1.0000000000
95242  15.801  -48.569  3.195 1.0000000000
12148  11.786  -49.701  10.439 1.0000000000
11430  10.551  -50.590  9.942 1.0000000000
11429  11.487  -50.648  10.182 1.0000000000
10098  11.411  -52.182  9.820 1.0000000000
10108  10.334  -52.979  9.653 1.0000000000
10109  9.592  -53.064  9.661 1.0000000000
9460  9.454  -53.626  9.784 1.0000000000
10732  13.153  -51.427  10.439 1.0000000000
9459  10.077  -53.615  9.725 1.0000000000
12880  12.854  -48.208  10.648 0.8999999762
14307  7.597  -47.272  6.957 0.8999999762
13625  6.967  -48.091  8.410 0.8999999762
9427  5.952  -53.791  11.783 1.0000000000
9411  4.431  -53.823  13.326 0.8000000119
115254  13.435  -47.055  10.270 0.8999999762
101490  13.119  -48.991  10.672 0.8999999762
15023  8.510  -46.403  5.712 0.8999999762
8766  4.190  -53.387  17.035 0.6999999881
13623  14.157  -47.178  10.023 0.8999999762
14345  7.457  -46.068  5.820 0.8999999762
14327  7.035  -46.597  6.468 0.8999999762
10780  9.365  -51.197  6.155 1.0000000000
10037  3.908  -52.459  15.645 0.6999999881
14289  14.254  -46.714  9.369 0.8999999762
11490  7.549  -49.825  6.883 1.0000000000
11480  5.791  -50.014  7.367 1.0000000000
14324  13.924  -46.011  7.725 0.8999999762
12205  6.363  -49.721  6.700 1.0000000000
11469  5.127  -50.370  7.286 1.0000000000
10783  5.099  -50.667  6.442 0.8999999762
12225  7.280  -49.168  5.056 1.0000000000
12215  6.911  -49.493  5.919 1.0000000000
11491  5.539  -49.825  6.416 1.0000000000
14323  15.058  -46.690  7.112 0.8999999762
12212  10.526  -48.678  6.198 1.0000000000
12223  9.395  -48.627  5.070 1.0000000000
110878  6.183  -53.059  4.027 0.8999999762
10139  5.688  -52.508  4.511 0.8999999762
113473  13.540  -48.485  5.285 1.0000000000
12965  10.784  -48.353  5.196 1.0000000000
12222  10.133  -48.497  5.482 1.0000000000
108863  13.062  -48.486  4.917 1.0000000000
12978  12.174  -48.366  5.550 1.0000000000
108196  16.561  -48.452  2.981 1.0000000000
12149  10.672  -49.743  10.208 0.8999999762
103268  11.153  -49.031  10.451 0.8999999762
12882  10.246  -48.715  10.205 0.8999999762
104785  9.674  -49.305  10.199 0.8999999762
108307  10.097  -51.688  9.667 1.0000000000
10100  8.325  -52.801  10.189 1.0000000000
14279  11.893  -46.976  10.099 0.8999999762
13605  11.934  -47.808  10.460 0.8999999762
14325  9.384  -46.866  6.808 0.8999999762
13639  8.385  -47.576  7.914 0.8999999762
11431  9.174  -50.676  10.014 0.8999999762
10735  9.297  -51.599  9.813 1.0000000000
10101  7.652  -52.279  10.527 1.0000000000
101607  12.073  -48.785  10.611 0.8999999762
12902  6.799  -48.537  9.195 0.8999999762
10084  6.162  -52.926  11.506 0.8999999762
10085  5.504  -52.146  11.811 0.8999999762
14290  12.931  -46.275  9.566 0.8999999762
15022  9.734  -46.470  6.076 0.8999999762
13656  6.699  -47.116  6.970 0.8999999762
10083  6.886  -52.700  10.924 1.0000000000
9412  3.879  -53.147  14.492 0.8000000119
13641  6.069  -47.454  7.674 0.8000000119
106425  13.518  -46.248  9.157 0.8999999762
15742  9.356  -44.293  4.295 0.8999999762
15730  8.140  -44.722  5.255 0.8000000119
15024  6.954  -45.795  6.391 0.8000000119
111875  6.544  -46.496  7.152 0.6999999881
14303  14.151  -46.356  8.590 0.8999999762
11489  8.845  -49.855  6.989 1.0000000000
101457  9.539  -50.248  6.850 1.0000000000
12224  8.347  -48.995  5.054 1.0000000000
10782  5.430  -50.464  5.381 0.8999999762
14344  14.890  -46.464  6.277 0.8999999762
12980  10.239  -48.428  4.496 1.0000000000
12216  5.989  -49.366  5.912 0.8999999762
14356  15.412  -46.790  5.324 0.8999999762
98205  11.046  -48.328  4.109 1.0000000000
10793  5.689  -51.584  4.365 0.8000000119
97699  5.671  -50.583  4.247 0.8999999762
13699  17.054  -47.504  2.785 1.0000000000
12990  12.432  -48.380  4.311 1.0000000000
12991  11.860  -48.379  3.711 1.0000000000
12962  16.280  -47.644  3.963 1.0000000000
108720  13.251  -48.528  3.771 1.0000000000
12989  16.842  -48.175  3.143 1.0000000000
108764  14.123  -48.634  3.292 1.0000000000
109612  12.581  -48.523  3.393 1.0000000000
13000  17.295  -48.241  2.552 1.0000000000
108564  14.955  -48.602  2.827 1.0000000000
112500  16.909  -48.487  2.298 1.0000000000
108688  15.844  -48.530  2.356 1.0000000000
12881  11.117  -48.255  10.325 0.8999999762
12150  8.965  -49.763  10.211 0.8999999762
14291  12.048  -46.317  9.390 0.8999999762
14304  11.210  -46.309  8.449 0.8999999762
13624  10.354  -47.412  9.387 0.8999999762
14293  9.530  -47.423  8.629 0.8999999762
115364  8.505  -47.897  8.808 0.8999999762
11432  8.281  -50.371  10.291 0.8999999762
10736  8.460  -51.922  10.173 1.0000000000
11433  7.303  -50.245  10.435 0.8999999762
10737  6.866  -51.770  10.858 0.8999999762
14993  11.972  -45.928  8.537 0.8999999762
15042  9.042  -45.955  5.115 0.8999999762
12885  6.540  -48.911  9.695 0.8999999762
100316  4.470  -52.132  12.683 0.8000000119
10057  4.086  -52.637  13.632 0.6999999881
10705  3.830  -51.475  13.971 0.6999999881
16415  8.756  -44.321  4.862 0.8000000119
112845  5.869  -51.333  11.382 0.8999999762
10672  4.166  -51.569  15.780 0.6999999881
97674  12.751  -45.487  6.458 0.8999999762
99126  13.050  -45.599  7.427 0.8999999762
15039  13.089  -45.549  5.563 0.8999999762
99458  10.022  -43.244  4.671 0.8999999762
16401  8.664  -43.832  5.737 0.8000000119
15719  7.909  -44.272  6.184 0.6999999881
15060  13.596  -45.728  4.508 0.8999999762
15019  13.583  -45.697  6.780 0.8999999762
14357  14.642  -46.144  4.990 0.8999999762
11496  5.639  -49.413  5.209 0.8999999762
15059  15.198  -46.200  3.360 0.8999999762
12981  9.603  -48.535  3.778 1.0000000000
12233  8.622  -48.740  4.001 1.0000000000
97280  6.121  -48.945  5.143 0.8999999762
13692  15.939  -46.953  3.786 0.8999999762
12992  10.459  -48.415  3.504 1.0000000000
12234  7.558  -48.860  4.197 1.0000000000
13001  13.176  -48.566  2.668 1.0000000000
12988  17.547  -47.835  2.483 1.0000000000
95191  14.099  -48.550  2.480 1.0000000000
104915  17.720  -48.424  2.082 1.0000000000
108647  14.654  -48.394  1.861 1.0000000000
95232  16.369  -48.397  1.586 1.0000000000
94757  15.462  -48.294  1.472 1.0000000000
115732  17.226  -48.490  1.708 1.0000000000
15009  11.472  -45.812  7.512 0.8999999762
111481  10.644  -46.070  6.562 0.8999999762
12901  8.051  -48.436  9.477 0.8999999762
12884  7.556  -48.921  9.920 0.8999999762
10738  6.643  -50.873  10.743 0.8999999762
15020  12.150  -45.458  6.873 0.8999999762
10725  4.663  -51.297  12.024 0.8000000119
10714  3.925  -50.952  13.049 0.6999999881
105072  11.280  -48.388  3.155 1.0000000000
14364  16.802  -46.702  2.467 0.8999999762
105013  9.902  -48.452  3.030 1.0000000000
12235  6.573  -48.735  4.441 0.8999999762
12226  5.781  -48.932  4.616 0.8999999762
11505  5.641  -49.609  4.097 0.8999999762
14374  17.767  -46.512  1.667 1.0000000000
10811  6.338  -51.543  2.532 0.6999999881
11513  5.520  -49.704  3.140 0.8999999762
12999  18.133  -48.066  2.174 1.0000000000
13015  18.376  -48.336  1.827 1.0000000000
14308  6.051  -46.798  8.015 0.6999999881
12152  6.697  -49.467  10.123 0.8999999762
15040  11.749  -45.500  5.054 0.8999999762
15021  11.136  -45.668  6.096 0.8999999762
15041  10.344  -45.676  4.568 0.8999999762
15063  9.779  -44.997  3.887 0.8999999762
11434  6.342  -50.128  10.534 0.8999999762
15061  12.406  -45.417  3.786 0.8999999762
113031  10.182  -43.884  3.764 0.8999999762
105375  10.833  -42.672  5.380 0.6999999881
16413  10.293  -42.799  5.922 0.8000000119
98361  5.896  -48.540  9.150 0.8000000119
12886  5.530  -48.812  9.786 0.8000000119
12153  5.362  -49.527  10.502 0.8000000119
100583  4.886  -50.662  11.547 0.8000000119
15078  13.097  -45.111  2.511 0.8999999762
16424  12.617  -42.252  3.314 0.6999999881
16425  11.681  -42.560  3.773 0.6999999881
16388  8.939  -43.566  6.951 0.6000000238
15707  7.282  -44.825  6.703 0.6999999881
14996  6.595  -45.919  8.159 0.6999999881
14309  5.889  -47.394  8.244 0.6999999881
12904  5.159  -48.251  9.336 0.6999999881
13608  4.669  -47.880  9.879 0.6000000238
11409  4.045  -50.194  12.305 0.6999999881
10706  3.907  -50.414  14.177 0.6999999881
108246  14.147  -45.846  3.502 0.8999999762
16423  13.676  -41.950  3.128 0.5000000000
15706  8.280  -44.076  7.429 0.6000000238
15694  7.780  -44.609  7.978 0.6000000238
13607  5.511  -47.586  9.421 0.6000000238
11420  3.969  -49.161  11.927 0.6000000238
17069  11.714  -42.383  5.442 0.6999999881
107603  11.296  -42.460  6.482 0.6999999881
16387  10.057  -43.027  7.721 0.6000000238
14294  6.424  -46.354  9.012 0.6000000238
13588  4.121  -47.961  10.861 0.6999999881
10715  3.847  -50.068  13.350 0.6999999881
14365  16.225  -46.034  1.922 0.8999999762
13713  11.109  -47.394  1.391 1.0000000000
12993  8.974  -48.489  2.970 1.0000000000
13018  11.509  -48.165  2.289 1.0000000000
13003  10.612  -48.257  2.727 1.0000000000
12996  5.988  -48.182  4.172 0.8999999762
14375  17.581  -45.765  1.407 0.8999999762
13016  13.644  -48.369  1.908 1.0000000000
13002  12.155  -48.490  2.837 1.0000000000
12994  7.781  -48.482  3.356 1.0000000000
12995  6.695  -48.260  3.855 0.8999999762
13702  18.127  -47.172  1.875 1.0000000000
13005  8.086  -47.979  2.636 0.8999999762
13701  18.512  -47.483  1.843 1.0000000000
94758  15.763  -47.981  0.678 1.0000000000
13711  13.007  -48.049  1.452 1.0000000000
11529  6.219  -50.652  1.411 0.6999999881
11512  5.864  -50.718  2.244 0.8000000119
11504  5.741  -50.706  3.228 0.8000000119
13014  18.889  -47.965  1.743 1.0000000000
94759  17.937  -48.523  1.445 1.0000000000
94756  17.001  -48.295  0.857 1.0000000000
95158  16.439  -47.713  0.021 1.0000000000
108595  14.781  -47.957  0.965 1.0000000000
13031  18.819  -48.454  1.223 1.0000000000
112654  18.362  -44.486  -2.457 1.0000000000
15079  11.942  -44.830  2.466 0.8999999762
15062  11.301  -45.141  3.208 0.8999999762
15755  11.303  -44.065  2.351 0.8999999762
11419  4.538  -49.815  11.318 0.6999999881
15090  15.153  -44.085  0.879 0.8999999762
16434  14.324  -41.931  2.054 0.6999999881
16435  13.087  -42.397  2.180 0.8000000119
16436  11.884  -42.924  2.525 0.8999999762
14281  6.280  -46.821  9.976 0.6000000238
15077  14.379  -45.228  2.026 0.8999999762
14980  7.423  -45.596  9.550 0.6000000238
14376  17.190  -45.284  1.291 0.8999999762
15076  15.482  -45.379  1.506 0.8999999762
16412  12.546  -42.226  4.845 0.5000000000
16375  9.351  -43.527  8.188 0.6000000238
15693  8.787  -44.033  8.620 0.6000000238
14995  7.499  -45.145  8.631 0.6000000238
13020  9.479  -47.591  1.880 1.0000000000
13712  11.983  -47.770  1.523 1.0000000000
13729  12.614  -47.413  0.877 1.0000000000
115292  11.323  -47.784  1.795 1.0000000000
13004  9.790  -48.121  2.478 1.0000000000
106674  8.979  -47.986  2.337 1.0000000000
13006  6.899  -47.485  3.276 0.8999999762
13007  6.083  -47.580  3.747 0.8999999762
110180  18.424  -46.335  1.476 0.8999999762
13008  5.696  -48.134  3.575 0.8999999762
13710  13.909  -47.998  1.226 1.0000000000
13728  13.370  -47.619  0.871 1.0000000000
11530  5.605  -49.646  2.086 0.8000000119
94761  18.031  -48.432  0.621 1.0000000000
94760  17.381  -48.028  0.065 1.0000000000
13013  19.352  -48.119  1.250 1.0000000000
108789  19.086  -47.799  -0.540 1.0000000000
13726  14.946  -47.544  0.249 1.0000000000
114389  15.036  -47.251  -0.176 1.0000000000
13727  14.083  -47.474  0.471 1.0000000000
107733  19.379  -48.304  0.769 1.0000000000
94762  18.785  -48.333  0.209 1.0000000000
13737  15.551  -47.435  -0.137 1.0000000000
15091  13.754  -43.999  1.186 0.8999999762
15754  12.431  -43.625  1.650 0.8999999762
16448  13.841  -42.731  1.420 0.8999999762
15088  17.886  -43.989  1.375 0.8999999762
100947  8.420  -44.553  9.120 0.6000000238
15089  16.718  -44.213  0.920 0.8999999762
15739  16.773  -43.487  3.528 0.5000000000
13587  4.742  -47.795  10.902 0.6000000238
13571  4.246  -47.950  11.471 0.6000000238
15099  18.126  -44.584  1.411 0.8999999762
16433  15.638  -42.024  2.146 0.6999999881
13570  4.942  -47.722  11.955 0.6000000238
15105  18.565  -44.947  1.465 0.8999999762
14380  18.267  -45.373  1.325 0.8999999762
13714  10.097  -47.158  1.348 1.0000000000
14379  18.796  -46.586  1.430 0.8999999762
14394  13.855  -46.838  -0.074 1.0000000000
14395  13.243  -47.077  0.387 1.0000000000
13730  11.720  -47.099  0.874 1.0000000000
13715  8.832  -46.814  1.462 0.8999999762
13703  7.463  -47.083  2.584 0.8999999762
13709  19.399  -47.496  1.241 1.0000000000
108649  17.113  -46.927  -0.926 1.0000000000
104186  14.560  -47.106  -0.130 1.0000000000
14408  13.164  -46.433  -0.136 1.0000000000
13731  10.771  -46.752  0.850 1.0000000000
14398  10.468  -45.879  0.333 0.8999999762
14399  9.624  -46.372  0.863 0.8999999762
13021  8.464  -47.424  2.075 0.8999999762
12253  5.496  -48.553  2.714 0.8999999762
13725  19.743  -47.887  0.788 1.0000000000
95199  18.218  -46.835  -1.193 1.0000000000
14406  16.146  -47.068  -0.710 1.0000000000
114935  13.736  -46.319  -0.449 1.0000000000
14407  15.137  -46.865  -0.587 1.0000000000
13736  19.704  -48.092  0.164 1.0000000000
109545  14.348  -46.538  -0.527 1.0000000000
108655  17.930  -47.745  -0.479 1.0000000000
14413  15.634  -46.335  -1.175 1.0000000000
103572  19.589  -45.435  -2.293 1.0000000000
15767  16.106  -42.690  1.216 0.8000000119
15768  14.722  -43.005  0.987 0.8999999762
16447  14.943  -42.269  1.433 0.8999999762
15098  18.598  -43.960  1.936 0.8000000119
15058  17.357  -44.103  3.589 0.5000000000
15753  16.836  -42.617  2.354 0.6000000238
15103  19.285  -44.772  1.578 0.8999999762
15104  18.827  -45.106  1.389 0.8999999762
14397  11.410  -46.461  0.454 1.0000000000
13716  7.869  -46.698  2.056 0.8999999762
14385  19.227  -45.969  1.049 0.8999999762
14386  7.790  -45.911  1.860 0.8999999762
13705  6.183  -46.904  3.176 0.8999999762
14393  19.973  -47.017  0.766 1.0000000000
15806  17.052  -45.253  -1.886 1.0000000000
13717  6.938  -45.992  2.720 0.8999999762
108656  17.961  -45.740  -1.797 1.0000000000
15126  17.134  -46.165  -1.506 1.0000000000
14396  12.334  -46.621  0.289 1.0000000000
95322  19.095  -46.222  -1.732 1.0000000000
14412  16.418  -46.455  -1.242 1.0000000000
14414  14.788  -46.126  -1.016 1.0000000000
95386  20.055  -46.911  -1.266 1.0000000000
112068  19.318  -47.149  -1.095 1.0000000000
15118  14.029  -45.914  -0.838 1.0000000000
15087  18.551  -43.678  2.320 0.8000000119
15075  18.155  -43.206  2.359 0.6999999881
15766  17.512  -43.048  1.722 0.6999999881
15085  18.894  -44.292  2.547 0.6999999881
110862  17.613  -43.012  2.588 0.6000000238
15086  18.616  -44.362  2.958 0.6000000238
15780  19.407  -44.385  2.161 0.6000000238
15097  18.765  -44.126  2.027 0.6000000238
15781  19.141  -44.357  1.994 0.8000000119
14384  19.870  -45.619  0.980 0.8999999762
107125  13.293  -45.825  -0.612 1.0000000000
14409  11.598  -45.886  -0.027 1.0000000000
14392  20.777  -46.595  0.452 1.0000000000
15807  16.282  -44.773  -2.023 1.0000000000
13724  20.371  -47.415  0.199 1.0000000000
15127  16.182  -45.686  -1.656 1.0000000000
15119  12.707  -45.088  -0.787 1.0000000000
15120  11.885  -45.297  -0.455 1.0000000000
94766  20.789  -47.140  -0.555 1.0000000000
15128  15.246  -45.589  -1.497 1.0000000000
15129  14.418  -45.387  -1.309 1.0000000000
94765  20.157  -46.238  -1.955 1.0000000000
15095  19.657  -44.539  2.379 0.5000000000
15096  19.201  -44.316  2.338 0.6000000238
15102  19.781  -44.626  1.733 0.6999999881
16491  9.761  -42.582  0.420 0.8999999762
15802  9.199  -43.283  0.825 0.8999999762
15792  20.634  -44.498  1.610 0.6999999881
15801  10.369  -43.889  -0.227 1.0000000000
100799  9.834  -44.992  0.224 0.8999999762
111700  8.591  -45.935  1.214 0.8999999762
15110  21.466  -45.094  0.587 0.6999999881
15111  20.655  -45.389  0.934 0.8999999762
109625  13.286  -44.605  -1.114 1.0000000000
15800  12.682  -44.159  -0.976 1.0000000000
103297  10.839  -45.013  -0.218 1.0000000000
14405  21.149  -46.886  0.016 1.0000000000
14391  21.505  -46.208  0.127 1.0000000000
15820  17.031  -44.397  -2.205 1.0000000000
15821  16.291  -43.913  -2.262 1.0000000000
14404  21.496  -46.564  -0.693 1.0000000000
15140  17.777  -44.854  -2.187 1.0000000000
109534  14.925  -44.806  -1.715 1.0000000000
15130  14.030  -44.497  -1.459 1.0000000000
100548  13.625  -45.230  -1.032 1.0000000000
15139  18.629  -45.195  -2.196 1.0000000000
15819  19.163  -44.521  -2.603 1.0000000000
15779  19.982  -44.346  2.034 0.4000000060
15788  19.943  -44.392  1.983 0.6000000238
112883  20.235  -44.450  1.976 0.6000000238
15803  8.064  -43.138  1.568 0.8999999762
98732  21.452  -43.950  0.889 0.6999999881
111367  10.753  -42.429  -0.146 1.0000000000
15121  8.968  -44.156  0.877 0.8999999762
15793  8.027  -44.037  1.738 0.8999999762
15799  22.054  -44.651  -0.117 0.6999999881
17123  11.796  -42.611  -0.715 1.0000000000
16490  12.051  -43.557  -0.810 1.0000000000
99389  11.670  -44.376  -0.660 1.0000000000
109780  9.863  -44.332  0.103 0.8999999762
14400  7.847  -44.894  1.793 0.8999999762
95480  22.482  -45.136  -1.039 0.8000000119
16508  17.061  -43.615  -2.498 1.0000000000
16497  13.955  -43.405  -1.578 1.0000000000
15112  8.974  -45.260  0.788 0.8999999762
95497  21.516  -46.235  -1.617 1.0000000000
16507  17.753  -44.096  -2.503 1.0000000000
16496  14.768  -43.913  -1.846 1.0000000000
94769  21.943  -45.777  -1.860 1.0000000000
15809  13.371  -43.989  -1.280 1.0000000000
94768  21.368  -45.767  -2.238 1.0000000000
108530  20.539  -45.621  -2.379 1.0000000000
15829  20.787  -44.361  -3.145 1.0000000000
15831  18.558  -43.857  -2.810 1.0000000000
15830  19.790  -44.103  -3.009 1.0000000000
16519  19.244  -43.476  -3.275 1.0000000000
15787  20.990  -44.380  1.650 0.4000000060
16480  21.660  -43.514  1.073 0.5000000000
108155  21.927  -43.673  -0.053 0.6999999881
16509  16.374  -43.129  -2.535 1.0000000000
16510  14.675  -43.141  -1.975 1.0000000000
95443  21.936  -45.283  -2.393 1.0000000000
15822  15.484  -43.330  -2.236 1.0000000000
108325  17.796  -43.396  -2.868 1.0000000000
95274  21.147  -45.113  -2.709 1.0000000000
16472  21.726  -43.548  1.209 0.4000000060
17106  21.953  -42.715  0.742 0.5000000000
17126  8.498  -41.441  0.658 0.8000000119
16488  21.802  -42.917  0.352 0.6000000238
17124  11.019  -41.779  -0.252 1.0000000000
17125  9.924  -41.675  0.289 0.8999999762
16492  8.350  -42.351  1.124 0.8999999762
17122  21.897  -42.242  -0.191 0.6000000238
17783  11.074  -41.189  -0.670 1.0000000000
108683  22.594  -44.187  -0.885 0.8000000119
110660  11.848  -41.088  -1.064 1.0000000000
17782  11.867  -41.700  -0.873 1.0000000000
94770  22.783  -44.452  -1.865 0.8999999762
16521  17.097  -42.928  -2.852 1.0000000000
18482  12.200  -40.674  -1.421 1.0000000000
17792  13.458  -41.585  -1.456 1.0000000000
17137  12.786  -42.109  -1.044 1.0000000000
95439  22.426  -44.812  -2.426 1.0000000000
114522  16.486  -42.578  -2.839 1.0000000000
17136  13.643  -42.448  -1.410 1.0000000000
15828  21.927  -44.552  -3.016 1.0000000000
17135  14.289  -42.651  -1.811 1.0000000000
16517  21.318  -43.718  -3.491 1.0000000000
17164  17.810  -42.748  -3.473 1.0000000000
17149  15.829  -42.542  -2.593 1.0000000000
16518  20.261  -43.593  -3.473 1.0000000000
115676  19.181  -43.954  -2.895 1.0000000000
17163  18.793  -42.803  -3.707 1.0000000000
16520  18.437  -43.245  -3.221 1.0000000000
17162  19.738  -42.895  -3.825 1.0000000000
16471  21.996  -42.779  1.082 0.4000000060
17114  22.050  -41.990  0.511 0.5000000000
17785  9.109  -40.827  0.237 0.8000000119
17121  22.327  -42.149  -0.781 0.6000000238
95398  22.939  -43.644  -1.575 0.6999999881
18495  13.747  -40.646  -2.601 1.0000000000
95419  22.775  -44.185  -2.757 0.8000000119
17165  16.905  -42.385  -3.328 1.0000000000
17804  13.996  -41.226  -2.017 1.0000000000
16516  22.333  -43.672  -3.342 0.8999999762
17150  14.955  -42.410  -2.210 1.0000000000
17151  14.202  -41.941  -1.823 1.0000000000
17160  21.701  -42.957  -3.768 0.8999999762
17161  20.720  -42.972  -3.874 1.0000000000
17177  18.275  -42.269  -4.219 1.0000000000
17105  22.109  -42.229  0.861 0.4000000060
17775  21.953  -41.412  0.184 0.5000000000
17781  21.942  -41.179  -0.234 0.5000000000
18483  11.226  -40.662  -1.149 0.8999999762
17780  21.988  -41.555  -0.394 0.6000000238
106811  22.878  -41.974  -1.460 0.6999999881
114885  13.388  -40.278  -2.862 1.0000000000
17805  13.132  -40.821  -1.780 1.0000000000
18474  8.580  -40.143  -0.191 0.6999999881
94771  23.226  -43.169  -2.073 0.6999999881
17816  16.496  -41.836  -3.787 1.0000000000
18509  15.308  -40.915  -3.777 1.0000000000
17818  15.047  -41.221  -2.980 1.0000000000
95492  23.055  -43.387  -3.075 0.6999999881
17817  15.754  -41.514  -3.393 1.0000000000
112858  22.601  -42.820  -3.561 0.8000000119
17833  16.889  -41.501  -4.539 1.0000000000
17173  22.052  -42.224  -4.074 0.8000000119
17802  15.445  -41.851  -2.701 1.0000000000
17803  14.688  -41.604  -2.364 1.0000000000
17849  16.467  -40.788  -5.055 1.0000000000
17830  19.717  -41.704  -4.709 1.0000000000
18466  21.954  -40.855  0.178 0.4000000060
17790  22.267  -41.356  -0.983 0.6999999881
18472  22.023  -40.528  -0.579 0.5000000000
105918  12.458  -40.308  -1.947 1.0000000000
112948  10.562  -40.162  -1.194 0.8000000119
18473  10.016  -40.580  -0.528 0.8000000119
95337  23.490  -41.922  -2.725 0.6999999881
94773  23.344  -42.474  -2.177 0.6999999881
18521  15.622  -40.601  -4.578 1.0000000000
18510  14.484  -40.607  -3.330 1.0000000000
18484  9.455  -39.910  -1.006 0.8000000119
95347  23.321  -41.592  -3.253 0.6999999881
17815  22.807  -41.966  -3.710 0.6999999881
17827  22.305  -41.416  -4.200 0.6999999881
17174  21.139  -42.318  -4.224 0.8999999762
17175  20.193  -42.322  -4.287 1.0000000000
17831  18.734  -41.650  -4.791 1.0000000000
17847  18.133  -41.252  -5.103 1.0000000000
108334  18.653  -41.055  -5.257 1.0000000000
112897  21.973  -39.997  0.096 0.4000000060
18467  21.955  -40.309  -0.392 0.5000000000
17791  22.031  -40.833  -0.697 0.6000000238
17786  8.135  -40.536  0.239 0.6999999881
18479  22.938  -40.704  -1.915 0.6999999881
18480  22.258  -40.532  -1.268 0.6999999881
18497  11.546  -39.984  -1.655 0.8000000119
18498  10.337  -39.547  -1.574 0.8000000119
19234  9.106  -39.090  -1.428 0.6999999881
17834  16.048  -41.242  -4.230 1.0000000000
17844  21.068  -41.039  -4.792 0.6999999881
17829  20.630  -41.691  -4.597 0.8999999762
17846  19.350  -41.090  -5.144 1.0000000000
18539  18.963  -40.525  -5.626 0.8999999762
18540  18.065  -40.643  -5.610 1.0000000000
17848  17.398  -41.076  -5.143 1.0000000000
18541  17.185  -40.458  -5.653 1.0000000000
19276  17.715  -40.080  -6.058 1.0000000000
19221  21.761  -39.353  -0.863 0.4000000060
19989  21.299  -38.737  -0.961 0.4000000060
19232  22.023  -39.548  -1.403 0.6000000238
18481  21.964  -40.035  -1.012 0.6000000238
18511  13.714  -40.184  -3.276 1.0000000000
18496  13.027  -40.285  -2.456 1.0000000000
18475  8.101  -39.973  -0.606 0.6999999881
106435  23.290  -39.954  -2.488 0.6999999881
18522  14.911  -40.323  -4.203 1.0000000000
18523  14.184  -39.952  -3.973 1.0000000000
19245  12.285  -39.699  -2.546 1.0000000000
17826  22.984  -41.084  -3.733 0.6999999881
19254  23.455  -39.420  -3.127 0.6999999881
18520  22.489  -40.478  -4.292 0.6999999881
107524  21.803  -41.000  -4.562 0.6999999881
18542  15.845  -40.174  -5.275 1.0000000000
19262  14.673  -39.733  -4.710 1.0000000000
18536  21.578  -40.379  -4.809 0.6999999881
112830  16.517  -40.182  -5.634 1.0000000000
17845  20.207  -41.066  -4.980 0.8000000119
18538  19.825  -40.436  -5.444 0.8000000119
110830  21.482  -38.757  -1.543 0.4000000060
18512  13.074  -39.920  -3.078 1.0000000000
19244  22.167  -39.010  -1.856 0.6000000238
19255  13.400  -39.654  -3.793 0.8999999762
97916  23.086  -39.085  -2.465 0.6000000238
19257  11.901  -38.946  -3.063 0.8000000119
111035  22.943  -39.540  -3.970 0.6999999881
20016  23.336  -38.496  -2.932 0.6000000238
19260  22.135  -39.623  -4.653 0.6999999881
19261  15.257  -40.089  -4.830 1.0000000000
20006  11.283  -38.415  -2.699 0.8000000119
19272  21.234  -39.677  -5.140 0.6999999881
102120  20.970  -39.060  -5.415 0.6999999881
19278  15.279  -39.604  -5.344 1.0000000000
97092  16.123  -39.534  -5.913 1.0000000000
18537  20.701  -40.384  -5.156 0.6999999881
19273  20.321  -39.595  -5.610 0.6999999881
20041  19.716  -39.015  -6.081 0.8000000119
19288  18.855  -39.179  -6.319 0.8999999762
19289  17.835  -39.337  -6.434 0.8999999762
19277  17.032  -39.828  -6.114 1.0000000000
19274  19.368  -39.807  -5.933 0.8000000119
19256  12.614  -39.396  -3.491 0.8999999762
20004  22.589  -38.304  -2.365 0.5000000000
20022  22.985  -38.121  -3.576 0.5000000000
19263  13.885  -39.270  -4.576 0.8999999762
20023  22.577  -38.700  -4.318 0.6000000238
20038  21.671  -38.925  -4.976 0.6000000238
20042  15.311  -38.853  -5.941 1.0000000000
19291  16.141  -38.825  -6.370 1.0000000000
20055  18.403  -38.501  -6.694 0.8000000119
20056  17.497  -38.523  -6.830 1.0000000000
19290  16.871  -39.103  -6.479 1.0000000000
19279  14.599  -39.116  -5.259 0.8999999762
20025  13.378  -38.702  -4.781 0.8999999762
20017  12.289  -38.727  -3.893 0.8000000119
20024  21.941  -38.100  -4.794 0.6000000238
20847  21.397  -37.568  -5.226 0.5000000000
20039  21.165  -38.369  -5.359 0.6000000238
20057  16.648  -38.396  -6.803 1.0000000000
103377  15.783  -38.186  -6.631 0.8999999762
20040  20.456  -38.707  -5.766 0.6000000238
20860  19.790  -37.682  -6.319 0.6000000238
20862  18.005  -37.868  -7.101 0.6000000238
20863  17.185  -37.863  -7.162 0.6000000238
20864  16.392  -37.786  -7.077 0.8000000119
19264  13.037  -39.041  -4.206 0.8999999762
20026  12.719  -38.437  -4.610 0.8000000119
20043  14.556  -38.542  -5.680 0.8999999762
19280  13.973  -38.627  -5.207 0.8999999762
20058  14.844  -38.025  -6.236 0.8999999762
114422  15.880  -37.693  -6.970 0.8000000119
20865  15.400  -37.538  -6.784 0.8000000119
20053  19.967  -38.329  -6.103 0.6000000238
97415  19.605  -36.905  -6.603 0.5000000000
20876  17.657  -37.232  -7.309 0.4000000060
20878  16.019  -37.192  -7.206 0.4000000060
20044  13.328  -38.073  -5.218 0.8000000119
20849  14.088  -38.061  -5.718 0.8999999762
21672  15.253  -36.835  -7.033 0.5000000000
101555  12.966  -37.468  -5.477 0.8000000119
20850  13.615  -37.500  -5.786 0.8000000119
20867  13.966  -36.993  -6.259 0.8000000119
21689  15.081  -36.014  -7.333 0.5000000000
865  9.448  -72.156  4.457 1.0000000000
857  9.186  -72.562  5.643 1.0000000000
1122  9.443  -71.493  2.926 1.0000000000
104716  18.480  -76.949  -12.927 0.6000000238
142  16.901  -77.507  -12.700 0.6999999881
506  10.915  -75.058  -1.063 1.0000000000
337  11.276  -75.870  -1.143 1.0000000000
113883  15.252  -75.419  -5.920 1.0000000000
537  15.601  -74.925  -6.061 1.0000000000
114345  15.736  -74.335  -7.344 1.0000000000
96870  15.508  -74.914  -6.966 1.0000000000
112465  15.924  -74.061  -8.053 1.0000000000
777  17.363  -72.932  -10.965 1.0000000000
1021  10.032  -71.932  -12.380 0.8000000119
989  17.240  -72.196  -9.182 1.0000000000
1250  17.917  -71.538  -9.180 1.0000000000
1278  18.567  -71.097  -13.333 0.8999999762
110257  10.365  -68.660  4.680 1.0000000000
1269  14.257  -71.134  -12.564 0.8999999762
404  18.856  -75.468  -13.876 0.6000000238
1555  18.545  -69.984  -17.179 0.8000000119
1568  18.721  -69.499  -17.563 0.6999999881
2049  15.708  -68.818  2.613 1.0000000000
107712  9.659  -71.627  -6.707 0.8000000119
1513  19.146  -70.178  -10.090 1.0000000000
2997  19.435  -66.038  -18.882 0.6000000238
98796  13.900  -67.641  4.854 1.0000000000
1437  17.174  -70.046  -0.343 1.0000000000
1472  18.608  -70.272  -7.063 1.0000000000
1204  9.256  -70.920  -4.690 0.8999999762
2531  17.857  -67.205  -11.612 0.8999999762
3700  19.186  -64.347  1.124 1.0000000000
4268  19.775  -62.767  -0.963 1.0000000000
2091  8.627  -69.656  -3.548 0.6999999881
3153  11.249  -65.355  7.461 1.0000000000
2090  8.622  -69.829  -2.746 0.6999999881
4175  14.774  -63.151  7.177 1.0000000000
2095  18.744  -68.265  -3.931 1.0000000000
2451  11.487  -67.567  -5.663 1.0000000000
4177  12.678  -63.352  7.867 1.0000000000
5281  16.028  -61.801  7.096 1.0000000000
5757  18.441  -60.164  6.129 1.0000000000
6226  19.632  -59.171  5.194 1.0000000000
6274  18.931  -59.250  1.316 1.0000000000
4708  7.103  -62.509  11.923 1.0000000000
2444  18.201  -66.620  -4.192 1.0000000000
2751  12.071  -66.401  1.060 1.0000000000
5272  11.626  -61.741  8.663 1.0000000000
103394  6.035  -60.515  13.815 1.0000000000
3704  12.616  -65.216  1.697 1.0000000000
115879  16.934  -58.679  7.963 1.0000000000
103803  13.639  -59.576  8.357 1.0000000000
5331  14.809  -61.709  3.798 1.0000000000
5332  14.014  -62.031  4.098 1.0000000000
4800  14.881  -62.776  2.718 1.0000000000
8292  18.409  -55.661  7.408 1.0000000000
110752  5.298  -58.203  15.960 0.8999999762
9474  16.287  -53.409  6.055 1.0000000000
6191  7.527  -59.691  8.616 1.0000000000
110503  14.710  -52.078  6.953 1.0000000000
112283  11.562  -63.932  3.661 1.0000000000
8877  16.724  -54.040  6.621 1.0000000000
8316  14.980  -55.809  4.496 1.0000000000
7172  9.093  -56.996  13.382 1.0000000000
7682  4.535  -56.947  17.058 0.8000000119
8206  4.732  -55.874  16.702 0.8000000119
8868  15.301  -54.295  7.580 1.0000000000
9469  14.684  -53.342  7.802 1.0000000000
95767  8.086  -55.834  13.478 1.0000000000
12918  15.068  -48.158  8.794 1.0000000000
106444  14.797  -46.641  7.925 0.8999999762
14302  14.763  -46.885  8.776 1.0000000000
10779  10.213  -50.077  6.447 1.0000000000
10734  10.824  -51.381  9.783 1.0000000000
101859  9.970  -51.008  9.781 1.0000000000
15018  14.442  -46.179  7.025 0.8999999762
13606  10.329  -47.951  9.848 0.8999999762
12900  9.331  -48.310  9.738 0.8999999762
113447  9.510  -48.744  10.058 0.8999999762
10009  4.752  -52.380  16.982 0.6000000238
15010  10.495  -46.382  7.340 0.8999999762
12151  7.963  -49.499  10.232 0.8999999762
108481  9.502  -45.600  4.576 0.8999999762
11418  5.625  -50.400  11.025 0.8000000119
16426  10.791  -42.865  4.214 0.8000000119
17060  12.045  -42.254  6.932 0.5000000000
110452  18.039  -48.248  0.041 1.0000000000
12887  4.578  -48.328  9.757 0.6999999881
16399  10.736  -42.646  7.135 0.6000000238
16422  14.830  -42.221  3.312 0.6000000238
94763  16.976  -47.462  -0.412 1.0000000000
96739  20.901  -46.197  -2.044 1.0000000000
113667  15.624  -45.049  -1.836 1.0000000000
15818  20.148  -44.841  -2.695 1.0000000000
95510  23.079  -43.687  -2.402 0.8000000119
115729  23.414  -42.502  -2.730 0.6999999881
108406  23.318  -41.784  -2.050 0.6999999881
18493  23.491  -40.534  -2.855 0.6999999881
109743  21.842  -39.243  -0.340 0.4000000060
19246  11.187  -39.086  -2.197 0.8000000119
19275  18.470  -39.960  -6.077 0.8999999762
20027  12.028  -38.040  -4.267 0.8000000119
20054  19.279  -38.391  -6.416 0.6000000238
20045  12.509  -37.765  -4.966 0.8000000119
102841  20.353  -37.026  -6.069 0.5000000000
406  15.952  -75.543  -13.236 0.8999999762
2592  13.250  -67.673  -17.857 0.8999999762
882  9.639  -73.996  1.482 1.0000000000
880  12.708  -72.369  2.033 0.6999999881
70  15.518  -78.067  -8.634 0.6000000238
647  9.462  -73.095  4.986 1.0000000000
684  11.642  -74.302  0.345 1.0000000000
79  18.194  -77.537  -10.460 0.6000000238
253  16.567  -76.637  -14.783 0.6999999881
1263  9.021  -71.111  -10.843 0.8000000119
578  18.852  -75.275  -12.613 0.5000000000
586  19.652  -74.582  -13.731 0.5000000000
1881  11.348  -70.613  -17.541 0.8999999762
1254  8.709  -70.949  -9.899 0.8000000119
113528  19.151  -75.683  -15.361 0.6999999881
604  20.051  -73.751  -17.398 0.6000000238
2969  19.769  -66.693  -17.502 0.5000000000
2259  10.534  -69.083  -18.217 0.6999999881
107534  11.443  -66.242  -19.177 0.6999999881
1869  19.639  -69.362  -16.985 0.5000000000
3395  11.631  -65.300  -19.616 0.6999999881
3007  18.719  -65.865  -19.097 0.6999999881
112575  7.486  -68.882  -9.713 0.6999999881
3407  11.816  -64.697  -20.066 0.6999999881
3911  12.606  -64.244  -20.163 0.6999999881
3916  14.962  -63.504  -20.113 0.6000000238
3428  18.626  -65.784  -19.574 0.6000000238
3928  19.497  -65.313  -20.431 0.5000000000
4523  15.579  -62.781  -19.982 0.5000000000
4151  7.764  -63.656  10.704 1.0000000000
5737  13.322  -60.210  8.157 1.0000000000
107046  8.292  -67.218  -0.615 0.5000000000
5695  5.557  -60.523  14.653 1.0000000000
6146  5.580  -59.635  14.912 1.0000000000
6641  5.617  -58.709  15.302 0.8999999762
5740  6.806  -60.608  8.073 0.8999999762
6207  6.435  -59.846  7.348 0.6999999881
5286  7.044  -61.902  7.419 0.6999999881
106066  6.066  -57.898  7.463 0.8999999762
7196  16.398  -56.928  9.729 1.0000000000
4755  8.157  -62.989  6.474 0.6000000238
101865  8.676  -63.221  5.514 0.6000000238
4205  9.106  -63.806  5.119 0.8999999762
4206  8.296  -64.054  4.834 0.8000000119
3189  7.848  -64.867  3.777 0.6999999881
8888  5.815  -54.538  5.893 0.8999999762
9496  5.834  -53.337  4.698 0.8999999762
11478  7.974  -50.410  7.157 1.0000000000
98555  5.330  -52.673  5.473 0.8999999762
9495  6.765  -53.761  4.163 0.8000000119
10802  5.962  -51.633  3.390 0.8000000119
14305  10.168  -46.879  8.180 0.8999999762
12883  8.744  -48.881  10.086 0.8999999762
10810  7.180  -51.976  2.367 0.6999999881
10824  6.845  -51.375  1.691 0.6999999881
14280  7.048  -46.148  10.093 0.6000000238
14270  6.502  -46.981  11.231 0.6000000238
12851  4.281  -48.077  12.266 0.6000000238
14387  6.431  -46.237  3.080 0.8999999762
115231  7.561  -43.150  1.553 0.8999999762
16494  7.229  -43.311  1.370 0.8000000119
112329  7.880  -41.772  0.911 0.8000000119
100031  7.902  -40.526  -1.643 0.6999999881
19233  21.756  -38.971  -1.367 0.6000000238
20018  11.611  -38.265  -3.476 0.8000000119
100728  22.560  -37.862  -4.218 0.6000000238
2000  7.588  -68.476  8.099 1.0000000000
2976  9.586  -67.452  -17.426 0.6999999881
2600  10.441  -67.985  -18.358 0.8000000119
3905  11.231  -64.611  -19.391 0.6999999881
6715  6.266  -58.825  7.123 0.6999999881
4771  7.648  -62.875  5.972 0.6000000238
4782  8.416  -63.581  5.167 0.6999999881
16493  7.697  -42.592  1.202 0.8000000119
17127  7.795  -41.175  0.364 0.6999999881
16499  7.331  -42.898  0.223 0.6999999881
68  17.635  -77.958  -8.591 0.6000000238
51  14.543  -78.005  -5.895 0.6000000238
106824  14.554  -78.057  -9.147 0.6999999881
1150  10.842  -71.294  0.729 1.0000000000
670  11.436  -73.776  0.724 1.0000000000
95660  13.856  -78.114  -1.877 0.6000000238
98224  13.080  -78.154  -4.714 0.8000000119
36  13.267  -78.138  -3.742 0.6999999881
44  14.061  -78.166  -4.430 0.6999999881
1272  8.750  -71.249  -12.045 0.8000000119
83  14.533  -77.513  -10.604 1.0000000000
77  14.534  -78.002  -9.924 0.8000000119
139  15.092  -77.118  -11.909 1.0000000000
76  15.369  -78.066  -9.591 0.6999999881
101220  15.888  -78.062  -10.996 0.6999999881
138  17.704  -77.489  -12.028 0.6000000238
580  16.129  -75.016  -13.657 0.8999999762
419  17.229  -75.951  -15.696 0.8000000119
413  16.424  -75.964  -13.999 0.8000000119
591  16.746  -74.972  -15.134 0.8000000119
797  17.414  -73.511  -14.230 0.8999999762
1262  11.569  -71.640  -10.247 0.8999999762
1002  10.441  -71.652  -10.613 0.8000000119
1012  10.680  -71.763  -11.580 0.8000000119
106847  13.999  -78.070  -7.948 0.6999999881
1295  12.068  -72.054  -14.334 0.8000000119
140  14.594  -77.066  -11.249 1.0000000000
230  14.368  -76.775  -11.079 1.0000000000
144  15.418  -76.782  -12.620 0.6999999881
401  14.711  -76.244  -11.434 1.0000000000
414  15.899  -76.419  -13.679 0.8000000119
1379  8.486  -70.624  6.881 0.8999999762
37  12.461  -78.019  -3.371 0.8000000119
135  18.833  -76.967  -10.752 0.6000000238
74  17.118  -78.055  -9.355 0.5000000000
81  16.280  -78.074  -10.094 0.6000000238
113801  18.595  -76.200  -12.643 0.6000000238
1307  18.478  -71.772  -15.925 0.8000000119
114329  18.606  -68.755  -13.660 0.8999999762
2931  17.777  -66.829  -14.204 0.8999999762
1696  10.823  -69.811  3.517 1.0000000000
206  12.619  -76.911  -4.503 1.0000000000
221  13.263  -76.834  -8.367 1.0000000000
102869  15.034  -75.287  -10.214 1.0000000000
136  14.112  -77.088  -10.603 1.0000000000
113098  16.726  -78.021  -10.823 0.6000000238
143  15.966  -77.165  -13.130 0.6999999881
247  16.425  -77.018  -14.541 0.6999999881
569  15.743  -74.921  -11.436 1.0000000000
405  18.387  -76.184  -13.547 0.6000000238
97499  18.958  -76.054  -15.972 0.6000000238
258  17.848  -76.030  -17.359 0.6999999881
1834  18.939  -69.502  -12.183 0.8999999762
98655  18.611  -69.665  -13.694 0.8999999762
1041  19.259  -72.182  -16.993 0.6999999881
1045  19.638  -72.708  -17.265 0.8000000119
1008  18.010  -72.191  -12.554 0.8999999762
1315  19.533  -71.634  -17.037 0.8000000119
2932  17.132  -66.591  -14.090 0.8999999762
1848  18.071  -70.103  -15.729 0.8999999762
97727  18.992  -70.656  -16.942 0.8000000119
2957  17.128  -66.175  -15.791 0.8999999762
2943  17.990  -66.902  -15.112 0.8999999762
1707  13.086  -69.506  2.351 1.0000000000
498  10.290  -74.888  -0.314 1.0000000000
98406  11.541  -76.039  -1.982 1.0000000000
352  12.705  -75.878  -3.082 1.0000000000
210  12.894  -76.736  -6.035 1.0000000000
214  12.976  -76.739  -6.872 1.0000000000
97951  15.051  -75.518  -6.554 1.0000000000
386  13.693  -76.181  -8.034 1.0000000000
590  19.853  -75.032  -15.401 0.5000000000
114777  19.894  -74.656  -16.593 0.6000000238
2946  15.810  -66.731  -14.978 0.8999999762
113246  19.096  -69.641  -17.555 0.6999999881
1554  19.383  -70.163  -16.895 0.6000000238
3376  15.784  -65.874  -16.398 0.8999999762
2225  17.962  -68.801  -16.228 0.8999999762
2586  18.070  -68.032  -17.623 0.8000000119
2971  18.549  -67.340  -17.735 0.8000000119
1564  18.325  -69.469  -17.391 0.8999999762
2237  18.891  -68.818  -18.060 0.8000000119
2970  18.940  -67.349  -17.646 0.8000000119
107231  19.314  -66.826  -17.594 0.6000000238
2998  18.479  -66.133  -18.062 0.8000000119
1367  8.364  -69.882  7.386 1.0000000000
759  16.255  -73.380  -8.522 1.0000000000
551  16.180  -73.928  -9.883 1.0000000000
767  17.232  -72.604  -10.016 1.0000000000
95817  21.022  -74.589  -16.713 0.6000000238
1009  17.712  -72.481  -11.670 0.8999999762
111153  18.651  -70.874  -11.903 0.8999999762
2987  10.972  -66.993  -18.845 0.8000000119
3642  9.736  -64.747  8.894 1.0000000000
2041  13.246  -68.701  3.708 1.0000000000
1176  15.026  -71.667  -0.192 1.0000000000
98052  15.022  -69.879  1.103 1.0000000000
4707  7.986  -62.177  11.160 1.0000000000
2397  16.934  -67.717  2.511 1.0000000000
2734  16.437  -66.631  4.515 1.0000000000
111261  17.244  -66.439  3.498 1.0000000000
3196  17.903  -66.068  2.229 1.0000000000
514  12.015  -74.789  -2.238 1.0000000000
98989  11.772  -72.081  -13.519 0.8000000119
1282  10.937  -72.170  -13.543 0.8000000119
113686  13.978  -71.407  -11.927 0.8999999762
1244  9.280  -71.576  -7.968 0.8000000119
1249  18.322  -71.301  -9.940 0.8999999762
2211  15.165  -69.382  -14.010 0.8999999762
1233  9.248  -71.533  -7.064 0.8000000119
1259  18.497  -71.175  -10.873 0.8999999762
1796  7.729  -69.274  -8.235 0.6999999881
1522  18.909  -70.457  -10.884 0.8999999762
1849  18.172  -69.221  -15.051 0.8999999762
3392  15.589  -65.377  -18.253 0.8000000119
3390  17.599  -65.926  -17.824 0.8000000119
3403  16.896  -65.376  -19.107 0.8000000119
103021  18.149  -65.684  -19.056 0.6999999881
98148  9.970  -68.305  5.179 1.0000000000
3201  18.163  -65.724  1.498 1.0000000000
3711  18.740  -64.851  0.646 1.0000000000
3187  17.611  -65.724  3.554 1.0000000000
733  16.113  -72.976  -4.607 1.0000000000
102898  17.963  -71.142  -7.919 1.0000000000
2171  16.781  -67.872  -11.066 0.8999999762
1814  19.230  -69.740  -10.727 0.8999999762
2365  8.058  -67.921  6.926 1.0000000000
2006  8.569  -68.295  6.184 1.0000000000
1207  16.976  -71.372  -5.560 1.0000000000
4294  15.248  -63.124  -3.449 1.0000000000
2719  9.523  -66.839  6.780 1.0000000000
113047  13.873  -64.286  7.095 1.0000000000
3670  16.759  -64.676  5.588 1.0000000000
1481  12.069  -70.127  -7.951 1.0000000000
4309  15.740  -63.637  -4.466 1.0000000000
3745  13.761  -64.652  -2.756 1.0000000000
2690  6.542  -66.805  9.645 1.0000000000
3669  17.320  -64.253  4.989 1.0000000000
1455  18.112  -70.096  -3.211 1.0000000000
3768  14.438  -64.068  -4.886 1.0000000000
4295  14.648  -63.430  -3.512 1.0000000000
104408  14.978  -63.353  -2.692 1.0000000000
2075  11.216  -69.258  -1.352 0.8999999762
2415  12.630  -67.574  -0.739 1.0000000000
2349  7.073  -67.328  8.347 1.0000000000
104421  14.093  -62.997  7.428 1.0000000000
4818  20.291  -62.342  0.382 1.0000000000
3782  15.876  -64.992  -5.286 1.0000000000
2823  14.354  -66.395  -6.203 1.0000000000
2838  17.873  -66.521  -7.557 1.0000000000
4729  9.735  -62.636  9.710 1.0000000000
107529  19.481  -61.425  4.228 1.0000000000
5799  20.356  -60.393  3.324 1.0000000000
5339  20.349  -61.441  2.338 1.0000000000
4283  15.660  -63.149  -1.924 1.0000000000
4271  15.128  -63.788  -1.598 1.0000000000
4745  13.268  -62.634  7.730 1.0000000000
3767  15.359  -64.140  -4.964 1.0000000000
103646  15.300  -63.959  -0.804 1.0000000000
3250  16.695  -65.157  -4.836 1.0000000000
2430  9.369  -67.725  -2.626 0.5000000000
5282  14.464  -61.568  7.513 1.0000000000
6227  19.092  -59.718  5.681 1.0000000000
5703  6.173  -61.065  13.401 1.0000000000
6240  20.052  -59.339  4.420 1.0000000000
5234  8.654  -60.459  10.833 1.0000000000
7237  19.842  -57.500  5.450 1.0000000000
6666  10.201  -58.518  10.707 1.0000000000
7269  19.786  -57.654  2.776 1.0000000000
5821  17.815  -60.279  1.266 1.0000000000
4819  16.380  -62.352  1.063 1.0000000000
4820  16.013  -63.088  0.733 1.0000000000
110411  11.955  -60.073  6.173 1.0000000000
4809  16.191  -62.124  1.954 1.0000000000
3702  14.076  -64.713  1.035 1.0000000000
2760  10.501  -67.289  1.313 0.8999999762
6701  18.362  -58.105  7.175 1.0000000000
7748  19.975  -56.670  4.170 1.0000000000
8893  17.759  -53.952  4.337 1.0000000000
7202  6.457  -57.581  9.360 1.0000000000
111410  17.663  -58.043  3.328 1.0000000000
7743  11.977  -56.801  6.778 1.0000000000
95531  17.408  -54.244  3.819 1.0000000000
5803  15.117  -60.941  4.161 1.0000000000
3203  10.441  -66.108  2.412 0.8999999762
7185  14.605  -56.814  11.045 1.0000000000
106812  9.527  -57.307  12.700 1.0000000000
95264  16.667  -55.123  3.706 1.0000000000
7239  13.982  -57.599  5.931 1.0000000000
6725  14.481  -58.224  5.691 1.0000000000
5802  15.819  -60.559  3.792 1.0000000000
8281  17.457  -55.852  8.548 1.0000000000
7703  14.147  -56.191  11.377 1.0000000000
8318  12.801  -55.114  4.833 1.0000000000
6706  6.228  -58.608  8.317 1.0000000000
7738  5.287  -56.108  8.354 1.0000000000
113410  5.369  -55.085  9.457 1.0000000000
94752  13.601  -51.040  6.691 1.0000000000
3694  10.831  -64.838  3.289 0.8999999762
7710  16.255  -56.303  9.973 1.0000000000
110410  12.311  -55.808  11.798 1.0000000000
8329  13.978  -54.655  3.895 1.0000000000
108092  14.294  -55.344  4.414 1.0000000000
8905  14.556  -53.940  3.382 1.0000000000
106833  6.242  -57.977  6.464 0.8000000119
3682  8.753  -64.695  4.231 1.0000000000
8907  12.607  -53.699  3.606 1.0000000000
108917  7.993  -53.600  7.613 1.0000000000
10148  12.850  -52.403  3.441 1.0000000000
3683  8.130  -64.472  4.252 0.8000000119
8245  10.006  -55.032  11.547 1.0000000000
9492  11.240  -53.639  4.166 1.0000000000
9464  5.758  -53.422  9.370 1.0000000000
9479  7.818  -52.879  7.611 1.0000000000
9480  5.043  -53.892  7.124 1.0000000000
8235  7.748  -55.338  12.482 1.0000000000
8826  5.176  -54.460  12.805 1.0000000000
10117  4.986  -52.002  8.411 1.0000000000
13603  13.681  -47.810  10.423 0.8999999762
11479  6.826  -50.142  7.333 1.0000000000
12214  8.067  -49.464  6.031 1.0000000000
10152  6.181  -52.383  3.752 0.8000000119
12979  11.601  -48.294  4.788 1.0000000000
14306  8.895  -47.314  7.401 0.8999999762
15007  13.323  -45.928  8.343 0.8999999762
102367  5.946  -48.638  4.482 0.8999999762
15038  14.075  -45.924  5.980 0.8999999762
16400  9.634  -43.100  6.469 0.6999999881
12236  5.740  -48.752  3.939 0.8999999762
10801  6.688  -52.224  3.037 0.6999999881
98571  10.610  -45.304  3.756 0.8999999762
15741  10.579  -44.539  3.164 0.8999999762
15756  10.988  -43.395  3.127 0.8999999762
11399  3.931  -49.529  14.040 0.6000000238
13019  10.591  -47.782  1.988 1.0000000000
13017  12.492  -48.310  2.092 1.0000000000
114008  13.078  -48.374  1.993 1.0000000000
100909  5.667  -47.688  3.026 0.8999999762
105603  17.888  -44.470  3.504 0.5000000000
13704  6.714  -46.623  3.016 0.8999999762
13718  5.730  -47.425  2.046 0.8999999762
94764  20.008  -47.593  -0.511 1.0000000000
112213  12.500  -45.885  -0.329 1.0000000000
94767  20.843  -46.660  -1.451 1.0000000000
98088  11.059  -43.303  -0.464 1.0000000000
15106  7.148  -44.984  2.314 0.8999999762
113651  21.834  -46.159  -0.493 1.0000000000
15808  15.552  -44.302  -2.025 1.0000000000
95283  22.085  -45.949  -1.114 1.0000000000
15794  7.442  -43.538  1.718 0.8999999762
15117  21.980  -45.652  -0.331 0.8000000119
16489  12.923  -43.186  -1.110 1.0000000000
97090  22.359  -45.295  -1.805 1.0000000000
17784  10.274  -41.176  -0.028 0.8999999762
17115  21.893  -41.960  0.144 0.6000000238
16487  22.317  -43.081  -0.620 0.6000000238
17793  12.623  -41.280  -1.193 1.0000000000
17176  19.235  -42.294  -4.293 1.0000000000
17774  22.155  -41.521  0.657 0.5000000000
18494  14.424  -41.040  -2.605 1.0000000000
94772  23.293  -42.992  -2.663 0.6999999881
17178  17.342  -42.137  -4.068 1.0000000000
17166  16.181  -42.065  -3.045 1.0000000000
17832  17.793  -41.686  -4.670 1.0000000000
110162  21.920  -40.885  -0.162 0.5000000000
18485  8.457  -39.668  -1.063 0.6999999881
95222  23.263  -42.505  -3.157 0.6999999881
17789  22.819  -41.268  -1.626 0.6999999881
95462  23.337  -40.656  -2.465 0.6999999881
17828  21.502  -41.629  -4.448 0.6999999881
19231  22.667  -40.114  -1.825 0.6999999881
18519  23.192  -40.238  -3.568 0.6999999881
107328  21.961  -39.869  -0.918 0.5000000000
17794  7.793  -40.685  -0.571 0.6999999881
103496  22.645  -39.572  -1.991 0.6000000238
18508  23.490  -40.172  -3.081 0.6999999881
104891  23.379  -40.791  -3.228 0.6999999881
113958  23.174  -38.827  -3.551 0.6000000238
20829  23.001  -37.720  -2.924 0.4000000060
20830  22.694  -37.291  -3.621 0.5000000000
20861  18.905  -37.637  -6.804 0.5000000000
20848  20.583  -37.831  -5.798 0.5000000000
103690  18.322  -37.256  -7.180 0.5000000000
20877  16.863  -37.220  -7.318 0.6000000238
112478  14.238  -37.570  -6.110 0.8000000119
20866  14.693  -37.247  -6.527 0.6999999881
21687  16.558  -36.664  -7.415 0.4000000060
21673  14.476  -36.528  -6.768 0.5000000000
104666  20.458  -74.207  -17.288 0.6000000238
416  21.273  -74.634  -15.017 0.5000000000
595  20.950  -74.675  -15.800 0.5000000000
410  22.111  -74.561  -14.343 0.5000000000
808  22.624  -73.582  -16.773 0.5000000000
809  21.997  -73.622  -17.380 0.5000000000
593  23.561  -74.264  -15.827 0.4000000060
804  23.074  -73.429  -15.705 0.4000000060
807  23.353  -74.052  -16.325 0.5000000000
594  22.275  -74.550  -17.046 0.5000000000
1043  21.050  -72.719  -17.408 0.5000000000
1553  20.555  -70.762  -15.875 0.5000000000
1039  21.690  -72.860  -17.020 0.5000000000
1034  21.515  -72.329  -15.994 0.5000000000
815  21.127  -73.369  -17.540 0.5000000000
1567  10.122  -70.671  -16.167 0.5000000000
1303  21.674  -71.907  -15.172 0.4000000060
1314  20.565  -72.065  -16.991 0.5000000000
585  20.332  -74.671  -14.479 0.5000000000
252  21.792  -74.668  -15.583 0.5000000000
1874  9.681  -69.920  -16.337 0.5000000000
102521  11.774  -72.795  2.663 0.8000000119
101523  10.635  -73.848  2.367 0.8999999762
870  12.201  -72.691  3.474 0.6999999881
664  9.954  -74.329  2.050 0.8999999762
584  21.435  -74.492  -14.031 0.4000000060
2229  10.149  -69.261  -15.601 0.5000000000
2988  10.087  -66.655  -18.099 0.6999999881
3901  10.703  -64.762  -18.206 0.5000000000
644  11.299  -74.051  4.421 0.8000000119
871  11.085  -73.491  3.345 0.8000000119
655  10.314  -73.913  2.416 0.8999999762
95870  10.825  -73.351  3.498 0.8999999762
1318  10.192  -71.235  -15.900 0.6999999881
1882  10.509  -70.568  -16.931 0.6999999881
1559  9.811  -70.472  -15.760 0.5000000000
3396  10.812  -65.785  -18.883 0.6000000238
98190  10.012  -73.787  4.926 0.8999999762
1296  11.034  -72.128  -14.497 0.6999999881
1298  9.356  -71.410  -14.507 0.6999999881
1284  9.224  -71.606  -13.308 0.6999999881
2241  9.511  -69.069  -16.451 0.5000000000
1547  9.492  -70.355  -15.445 0.5000000000
3385  10.042  -65.356  -17.617 0.6000000238
115265  11.563  -63.855  -18.924 0.6000000238
112027  12.884  -63.030  -19.269 0.6000000238
1297  10.044  -71.919  -14.638 0.6999999881
1311  9.505  -71.094  -15.365 0.6000000238
1548  8.874  -70.327  -15.089 0.6000000238
2593  9.785  -68.640  -17.516 0.6000000238
1535  7.864  -70.242  -13.650 0.6000000238
5055  14.735  -62.487  -19.524 0.4000000060
1517  8.342  -70.628  -10.750 0.6000000238
1536  7.670  -69.896  -12.775 0.6000000238
1828  7.648  -69.456  -11.109 0.6000000238
1808  7.655  -69.609  -10.075 0.6000000238
1356  8.268  -70.012  7.838 0.8999999762
1989  7.378  -68.761  8.939 0.8999999762
103845  6.929  -68.464  9.477 0.8999999762
2358  7.038  -68.012  8.376 0.8999999762
2350  6.609  -67.548  9.258 0.8999999762
2312  6.486  -67.685  11.756 0.8999999762
2329  6.883  -68.418  11.166 0.8999999762
2313  6.105  -67.163  11.172 0.8999999762
2342  6.585  -68.130  10.267 0.8999999762
2653  6.337  -66.742  12.707 0.8000000119
2652  6.955  -66.974  13.070 0.8999999762
2300  7.181  -67.532  12.475 0.8999999762
3117  5.903  -66.293  11.407 0.8999999762
2665  6.065  -67.026  12.018 0.8999999762
3116  6.486  -65.559  10.592 0.8999999762
3088  7.572  -66.400  13.682 0.8000000119
3115  7.467  -64.980  10.024 0.8999999762
3078  7.945  -65.666  14.164 0.8000000119
3080  6.343  -65.631  13.567 0.8000000119
3610  6.281  -64.765  11.685 0.8000000119
3588  7.228  -65.173  14.458 0.8000000119
4140  6.945  -63.905  11.358 0.8999999762
4129  6.130  -64.171  12.286 0.8999999762
3598  5.991  -64.649  13.444 0.8000000119
3579  5.988  -64.372  14.400 0.8000000119
4101  6.158  -64.014  15.185 0.8000000119
112314  7.075  -63.305  15.678 0.8000000119
103487  6.759  -63.355  11.815 0.8999999762
3589  6.477  -65.109  14.198 0.8000000119
4100  7.073  -64.034  15.304 0.8000000119
102950  6.251  -63.361  12.580 0.8999999762
4657  7.929  -63.158  15.085 0.8000000119
4692  5.904  -62.666  13.634 0.8000000119
6120  6.491  -59.312  18.070 0.6999999881
6128  7.068  -60.082  17.502 0.6999999881
4675  5.655  -63.045  14.507 0.8000000119
5677  6.578  -61.035  17.195 0.8000000119
4087  6.348  -63.467  15.719 0.8000000119
7124  5.838  -57.879  18.014 0.6000000238
5211  5.885  -62.058  14.038 0.8999999762
5696  5.366  -61.479  15.440 0.8000000119
5202  5.429  -62.397  15.188 0.8000000119
6628  5.915  -58.778  18.189 0.6999999881
5203  5.407  -62.202  16.012 0.8000000119
6121  5.832  -59.540  18.079 0.6999999881
109540  5.310  -57.569  17.851 0.6999999881
4648  5.960  -62.963  16.247 0.8000000119
4647  6.644  -62.881  16.150 0.8000000119
6130  5.791  -60.343  17.715 0.8000000119
6138  5.229  -59.643  15.947 0.8000000119
7147  4.998  -57.716  17.507 0.6999999881
6636  5.380  -59.419  17.608 0.8000000119
7653  4.839  -56.207  18.138 0.6999999881
115613  5.096  -58.561  17.381 0.6999999881
7666  4.457  -56.040  17.711 0.6999999881
102432  4.647  -54.451  17.603 0.6000000238
10151  7.029  -53.035  3.595 0.6000000238
11528  7.101  -50.906  0.879 0.6000000238
11544  6.260  -50.061  0.721 0.6999999881
12264  7.123  -49.768  -0.203 0.6000000238
12252  5.579  -48.691  1.573 0.8000000119
13032  5.849  -48.228  0.649 0.8000000119
104242  6.004  -46.467  2.498 0.8000000119
11543  7.398  -50.435  0.306 0.6000000238
12265  6.092  -49.225  0.293 0.6999999881
12275  7.597  -49.159  -0.665 0.5000000000
114669  6.381  -45.878  2.742 0.8000000119
13039  6.244  -47.819  -0.043 0.8000000119
12276  6.558  -48.820  -0.297 0.6999999881
99349  6.575  -45.266  2.493 0.8000000119
13732  5.919  -47.139  1.133 0.8000000119
13038  7.208  -48.362  -0.951 0.5000000000
14415  7.405  -46.909  -1.572 0.6000000238
15113  7.305  -44.169  1.997 0.8000000119
14401  6.118  -46.050  1.577 0.6999999881
110322  6.173  -46.959  0.389 0.8000000119
14410  6.337  -46.470  0.078 0.6999999881
13738  6.685  -47.338  -0.459 0.6999999881
15795  7.047  -43.813  1.832 0.8000000119
15804  6.786  -44.083  1.181 0.6999999881
110318  6.357  -45.716  0.801 0.6999999881
15131  7.028  -45.022  -0.382 0.6000000238
112690  6.904  -46.885  -0.804 0.6999999881
14426  7.406  -46.031  -1.643 0.6000000238
14425  7.831  -46.787  -2.361 0.6000000238
15122  6.526  -44.982  0.945 0.6999999881
14416  6.823  -46.002  -0.441 0.6999999881
15824  7.527  -43.860  -1.604 0.6000000238
110637  7.769  -46.066  -2.546 0.6000000238
16498  7.532  -41.982  0.069 0.6000000238
16512  7.624  -42.944  -1.298 0.6000000238
17152  7.763  -42.399  -2.143 0.6000000238
17138  7.699  -41.493  -0.877 0.6000000238
20007  10.454  -38.249  -2.247 0.6999999881
19997  9.060  -38.044  -1.825 0.6000000238
18486  8.188  -39.388  -1.420 0.6000000238
17806  7.904  -41.401  -2.275 0.5000000000
20019  10.977  -37.577  -2.783 0.6999999881
21657  13.086  -36.842  -5.930 0.6999999881
20851  12.340  -37.125  -5.385 0.6999999881
19247  10.024  -38.842  -1.859 0.6999999881
19235  8.441  -38.784  -1.620 0.6000000238
112785  8.006  -40.009  -1.768 0.5000000000
19236  8.072  -38.682  -1.975 0.6000000238
18499  8.007  -39.551  -2.317 0.5000000000
19998  8.102  -37.854  -1.836 0.6000000238
20815  8.353  -37.123  -2.000 0.6000000238
21674  13.654  -36.311  -6.513 0.6999999881
21658  12.287  -36.539  -5.794 0.6000000238
22449  10.988  -35.869  -5.185 0.4000000060
22481  12.717  -36.016  -6.366 0.4000000060
22463  11.799  -35.965  -5.856 0.5000000000
22450  10.058  -35.551  -4.666 0.4000000060
812  22.805  -74.203  -17.016 0.5000000000
1310  10.160  -71.584  -15.387 0.6999999881
1285  8.423  -71.046  -13.340 0.6999999881
5187  7.056  -62.136  16.342 0.8000000119
15144  7.513  -45.080  -1.931 0.6000000238
254  22.749  -74.667  -15.484 0.5000000000
104908  23.638  -74.434  -15.328 0.5000000000
463  10.661  -74.418  5.475 0.8000000119
102692  9.664  -66.139  -16.981 0.5000000000
2581  10.557  -68.172  -15.603 0.5000000000
1299  8.739  -70.982  -14.284 0.6999999881
2588  9.622  -68.109  -16.655 0.5000000000
2962  10.161  -66.975  -16.093 0.5000000000
3587  8.160  -64.848  14.383 0.8000000119
5687  7.348  -61.279  16.411 0.8000000119
6619  6.503  -58.331  18.157 0.6000000238
10162  7.669  -52.583  3.042 0.6000000238
109085  7.765  -51.735  1.938 0.6000000238
11527  7.998  -51.306  1.361 0.6000000238
20836  11.779  -37.349  -4.689 0.6999999881
21631  9.989  -36.813  -2.673 0.6000000238
21646  11.600  -36.604  -5.181 0.6999999881
20837  11.118  -36.747  -4.232 0.5000000000
21640  10.319  -36.326  -3.487 0.6000000238
3577  7.431  -64.581  14.719 0.8000000119
645  10.761  -73.983  4.478 0.8999999762
4691  6.305  -62.604  12.821 0.8999999762
5222  6.287  -61.789  13.063 0.8999999762
7157  4.840  -58.002  16.841 0.6999999881
6642  5.113  -59.003  16.642 0.8000000119
101415  4.895  -56.832  17.697 0.6999999881
1525  7.996  -70.729  -12.495 0.6999999881
2223  19.831  -68.446  -16.263 0.5000000000
6147  5.279  -60.609  15.931 0.8000000119
20831  11.391  -37.540  -3.833 0.6999999881
15810  7.187  -43.972  -0.173 0.6000000238
2691  6.294  -67.346  10.289 0.8999999762
420  23.247  -74.501  -16.190 0.5000000000
1304  20.869  -71.560  -16.117 0.5000000000
3897  10.474  -64.214  -17.046 0.5000000000
1549  8.228  -70.272  -14.512 0.6000000238
3079  6.964  -65.849  14.093 0.8000000119
3090  6.200  -66.086  12.863 0.8000000119
111099  6.023  -66.448  12.250 0.8999999762
96458  6.200  -65.332  11.277 0.8999999762
3104  6.002  -65.706  12.061 0.8000000119
3578  6.669  -64.567  14.720 0.8000000119
110455  5.754  -63.631  13.664 0.8000000119
98083  5.784  -63.722  14.704 0.8000000119
4659  5.712  -63.305  15.482 0.8000000119
6129  6.152  -60.364  17.896 0.6999999881
5173  6.584  -61.812  16.830 0.8000000119
5174  6.111  -61.810  17.034 0.8000000119
5175  5.859  -61.655  16.996 0.8000000119
7125  5.338  -56.990  17.975 0.6000000238
6629  5.501  -58.530  17.889 0.6999999881
6139  5.314  -60.088  16.952 0.8000000119
12274  8.724  -49.543  -0.364 0.6000000238
99167  6.801  -44.513  2.001 0.8000000119
15114  6.354  -45.193  1.714 0.6999999881
100578  9.975  -37.589  -2.316 0.6000000238
20822  9.210  -37.208  -2.176 0.6000000238
20832  10.891  -36.945  -3.285 0.6999999881
21632  8.768  -36.474  -2.313 0.6000000238
100854  10.604  -36.068  -4.335 0.5000000000
15823  7.751  -44.529  -3.118 0.6000000238
21641  9.221  -35.946  -2.869 0.5000000000
453  9.994  -74.113  6.227 0.6999999881
851  9.298  -72.842  6.559 0.6999999881
636  9.471  -73.412  5.905 0.6999999881
1665  10.975  -70.633  6.715 0.6000000238
1091  9.727  -72.297  7.134 0.6000000238
849  10.184  -72.879  6.958 0.6000000238
1378  9.217  -71.992  7.506 0.6999999881
629  9.825  -73.331  6.639 0.6999999881
96751  8.919  -72.193  6.485 0.6999999881
1655  10.356  -70.075  6.946 0.6000000238
1377  9.959  -71.073  6.920 0.6000000238
1365  9.121  -71.227  7.724 0.6999999881
1082  8.894  -71.595  7.489 0.6999999881
2326  10.207  -67.683  10.872 0.6999999881
2341  10.069  -68.242  10.128 0.5000000000
1988  10.084  -68.929  8.337 0.6000000238
2328  7.967  -68.741  11.160 0.8000000119
1958  8.743  -68.811  10.402 0.6999999881
1656  9.129  -70.699  7.852 0.6000000238
1629  8.965  -69.226  9.095 0.6000000238
1355  8.986  -70.187  7.934 0.6999999881
2662  10.255  -66.807  12.060 0.6000000238
2676  10.728  -67.100  11.241 0.5000000000
2663  9.141  -67.251  12.304 0.6999999881
2309  9.728  -67.466  11.545 0.6999999881
2310  8.582  -67.917  11.719 0.6999999881
2327  9.238  -68.207  11.014 0.6999999881
1973  9.384  -68.882  9.473 0.6000000238
2311  7.418  -68.093  11.827 0.8000000119
1959  7.339  -68.985  10.427 0.8000000119
1630  8.371  -69.406  9.108 0.6999999881
1644  7.963  -69.185  8.569 0.8000000119
3102  10.693  -65.929  12.407 0.6000000238
3103  9.608  -66.499  12.800 0.6999999881
2651  8.232  -67.024  13.032 0.6999999881
113829  9.982  -65.782  13.044 0.5000000000
3087  8.925  -66.012  13.534 0.6999999881
110174  10.233  -64.444  13.009 0.5000000000
98771  9.761  -65.125  13.320 0.6999999881
3597  9.629  -64.340  13.484 0.6000000238
3077  8.951  -65.085  13.890 0.6999999881
4116  8.923  -64.337  13.995 0.6000000238
4117  8.274  -63.952  14.538 0.6999999881
10809  8.273  -52.237  2.469 0.5000000000
11526  9.200  -51.264  1.233 0.5000000000
11542  8.436  -50.716  0.685 0.5000000000
22480  13.412  -35.717  -6.835 0.4000000060
4674  8.936  -62.806  14.234 0.6999999881
1366  8.787  -70.662  7.761 0.6999999881
245  22.672  -74.618  -14.660 0.4000000060
1974  8.124  -69.232  9.808 0.6999999881
2664  8.088  -67.616  12.305 0.6999999881
4658  7.642  -62.404  15.577 0.6999999881
114854  8.225  -61.740  15.236 0.5000000000
1092  9.219  -72.226  7.321 0.6999999881
468  11.182  -74.462  5.069 0.6000000238
19282  10.512  -39.104  -5.445 0.3000000119
20028  9.947  -38.939  -4.892 0.3000000119
18545  10.643  -39.720  -5.171 0.4000000060
20047  10.264  -38.541  -5.656 0.3000000119
19265  9.999  -39.455  -4.545 0.4000000060
15149  11.568  -45.125  -3.497 0.3000000119
16522  12.642  -44.007  -3.657 0.3000000119
17  12.474  -77.267  -0.851 0.6000000238
24  12.522  -77.647  -1.613 0.6000000238
25  12.087  -77.342  -1.376 0.6999999881
31  12.418  -77.767  -2.548 0.8000000119
38  12.221  -77.407  -2.931 0.8999999762
43  14.812  -78.018  -5.043 0.6000000238
46  12.193  -77.558  -3.876 0.8000000119
52  13.538  -78.074  -6.172 0.6999999881
54  12.180  -77.650  -4.717 0.8000000119
61  12.726  -78.006  -6.318 0.6999999881
63  17.278  -77.763  -7.750 0.6000000238
66  12.851  -77.713  -7.005 0.8000000119
71  14.492  -78.063  -8.326 0.6999999881
72  13.341  -77.755  -7.793 0.6999999881
75  16.197  -78.068  -9.234 0.6000000238
78  13.975  -77.911  -9.476 0.8999999762
80  17.438  -77.853  -11.199 0.6000000238
85  16.518  -77.977  -11.534 0.6000000238
87  15.103  -77.564  -11.198 0.8000000119
89  16.264  -77.563  -12.264 0.6000000238
90  15.633  -77.198  -12.375 0.6999999881
121  12.191  -77.159  -2.914 0.8999999762
125  12.228  -77.490  -5.277 1.0000000000
129  12.775  -77.446  -6.899 0.8000000119
134  13.592  -77.492  -9.332 0.8999999762
137  18.304  -77.263  -11.317 0.6000000238
145  16.711  -77.217  -13.629 0.6999999881
146  16.050  -76.698  -14.086 0.6999999881
147  15.708  -76.775  -13.516 0.6999999881
178  11.773  -76.352  -0.620 0.8999999762
204  13.017  -76.481  -5.235 1.0000000000
217  13.161  -76.742  -7.600 1.0000000000
222  13.147  -76.961  -7.742 1.0000000000
231  13.757  -77.088  -9.969 1.0000000000
237  14.887  -76.677  -11.910 1.0000000000
240  18.481  -77.065  -12.120 0.6000000238
241  15.389  -76.532  -12.626 0.6999999881
251  22.179  -74.645  -15.215 0.5000000000
255  18.080  -76.135  -17.155 0.6999999881
256  17.849  -76.144  -17.137 0.6999999881
257  17.944  -76.113  -17.292 0.6999999881
259  18.107  -76.033  -17.475 0.6999999881
362  12.992  -76.255  -3.837 1.0000000000
374  13.371  -76.297  -6.455 1.0000000000
377  15.063  -75.400  -7.453 1.0000000000
379  13.534  -76.266  -7.139 1.0000000000
391  14.365  -75.860  -10.074 1.0000000000
398  18.705  -76.732  -12.010 0.6000000238
399  15.786  -75.181  -12.367 0.8999999762
417  18.617  -75.992  -15.089 0.6000000238
421  22.757  -74.641  -16.300 0.5000000000
422  21.908  -74.707  -16.232 0.5000000000
424  18.048  -76.177  -16.708 0.6999999881
425  17.480  -76.063  -16.955 0.6999999881
426  22.842  -74.429  -16.872 0.5000000000
427  18.169  -75.804  -17.152 0.6999999881
504  12.121  -74.120  -2.112 1.0000000000
579  16.559  -74.377  -13.499 0.8999999762
598  23.157  -74.364  -16.537 0.5000000000
599  21.561  -74.101  -17.439 0.5000000000
600  19.363  -74.231  -16.922 0.6000000238
602  17.774  -75.753  -16.935 0.6999999881
603  20.760  -73.804  -17.526 0.5000000000
747  16.201  -73.319  -7.831 1.0000000000
768  16.707  -73.155  -9.638 1.0000000000
803  23.921  -73.918  -15.266 0.4000000060
813  19.385  -73.442  -17.181 0.6999999881
850  9.928  -72.819  6.897 0.6000000238
881  11.362  -73.247  1.885 0.8999999762
910  9.576  -72.680  -0.213 1.0000000000
973  9.902  -71.797  -7.974 0.8000000119
992  10.723  -71.623  -8.905 0.8999999762
1000  11.737  -71.732  -11.034 0.8999999762
1013  9.946  -71.675  -11.428 0.8000000119
1019  11.641  -71.924  -12.613 0.8000000119
1038  22.213  -72.992  -16.045 0.4000000060
1044  20.412  -72.830  -17.441 0.6000000238
1046  18.954  -73.013  -16.853 0.8000000119
1138  9.397  -71.643  2.275 1.0000000000
1151  9.375  -72.276  0.951 1.0000000000
1185  16.935  -71.043  -1.554 1.0000000000
1205  8.861  -70.956  -5.015 0.8999999762
1219  9.775  -71.503  -6.074 0.8000000119
1230  10.764  -71.447  -7.953 0.8999999762
1253  9.402  -71.405  -9.704 0.8000000119
1280  13.525  -71.520  -12.614 0.8999999762
1283  10.050  -72.054  -13.495 0.8000000119
1309  11.087  -71.959  -15.362 0.8999999762
1316  12.151  -71.552  -15.996 0.8999999762
1422  14.167  -70.090  0.807 1.0000000000
1444  17.154  -70.673  -0.937 1.0000000000
1457  8.934  -70.304  -3.508 0.6999999881
1468  10.622  -71.035  -5.547 0.8999999762
1475  8.481  -70.939  -6.074 0.8000000119
1483  10.334  -71.260  -6.898 0.8999999762
1503  14.606  -70.648  -9.823 0.8999999762
1518  7.910  -70.089  -10.687 0.6999999881
1523  14.589  -70.908  -11.631 0.8999999762
1526  7.858  -70.226  -11.607 0.6000000238
1560  9.694  -70.700  -15.679 0.6000000238
1569  12.260  -70.848  -17.120 0.8999999762
1631  7.989  -69.241  9.295 0.6999999881
1641  9.574  -69.635  7.805 0.6000000238
1642  8.749  -69.784  8.423 0.6999999881
1643  8.595  -69.443  8.670 0.6999999881
1667  8.260  -69.171  7.072 1.0000000000
1731  7.529  -69.903  -0.359 0.8999999762
1753  8.666  -70.042  -3.779 0.6999999881
1775  19.323  -69.315  -7.572 1.0000000000
1778  12.647  -69.494  -7.740 1.0000000000
1794  14.020  -70.175  -8.304 0.8999999762
1807  7.914  -70.144  -9.398 0.6999999881
1879  18.385  -69.186  -17.759 0.8999999762
1975  7.503  -69.086  9.690 0.8999999762
2008  8.101  -68.542  7.318 1.0000000000
2027  11.117  -68.660  4.416 1.0000000000
2065  10.711  -69.072  -0.540 0.8999999762
2068  7.180  -69.305  0.224 0.8999999762
2107  11.992  -68.115  -6.852 1.0000000000
2120  11.514  -68.727  -7.011 1.0000000000
2129  16.344  -68.085  -8.557 1.0000000000
2142  7.625  -68.467  -8.983 0.6000000238
2170  18.776  -68.017  -12.033 0.8999999762
2172  16.286  -68.560  -11.241 0.8999999762
2188  18.813  -68.769  -12.608 0.8999999762
2238  18.007  -68.477  -17.500 0.8000000119
2240  13.225  -69.498  -17.120 0.8999999762
2301  6.495  -67.210  12.413 0.8999999762
2330  6.369  -67.784  10.959 0.8999999762
2372  13.530  -67.213  5.296 1.0000000000
2400  17.064  -68.197  1.894 1.0000000000
2438  8.961  -67.797  -3.580 0.5000000000
2481  19.294  -67.292  -8.872 0.8999999762
2512  18.362  -66.937  -10.263 0.8999999762
2564  16.783  -67.120  -13.404 0.8999999762
2577  18.123  -67.458  -16.032 0.8999999762
2585  18.733  -68.195  -18.024 0.8000000119
2587  15.042  -67.292  -15.534 0.8999999762
2599  11.218  -67.793  -18.884 0.8000000119
2702  7.673  -66.526  8.536 1.0000000000
2703  6.885  -66.888  8.935 1.0000000000
2718  10.522  -66.612  6.594 1.0000000000
2738  17.604  -66.315  2.930 1.0000000000
2763  6.815  -67.452  0.059 0.8000000119
2770  13.366  -66.198  -0.198 1.0000000000
2778  13.405  -66.390  -1.001 1.0000000000
2781  17.864  -65.715  -2.143 1.0000000000
2820  17.778  -66.436  -6.609 1.0000000000
2824  13.327  -66.366  -6.417 1.0000000000
2837  19.082  -66.792  -7.580 1.0000000000
2907  17.945  -67.097  -13.575 0.8999999762
2944  17.560  -66.567  -15.166 0.8999999762
2945  16.692  -66.393  -14.865 0.8999999762
2973  14.799  -65.999  -16.624 0.8999999762
2983  19.412  -66.474  -17.571 0.6999999881
3089  6.671  -66.332  13.392 0.8000000119
3130  6.910  -65.904  9.861 0.8999999762
3137  9.229  -65.419  8.560 1.0000000000
3151  13.106  -65.168  6.883 1.0000000000
3171  12.695  -65.641  6.668 1.0000000000
3178  14.748  -65.983  5.987 1.0000000000
3182  17.322  -65.467  4.353 1.0000000000
3199  7.932  -66.122  3.248 0.8000000119
3200  7.631  -65.527  3.284 0.6999999881
3205  7.634  -66.047  2.400 0.8000000119
3251  12.414  -65.524  -5.143 1.0000000000
3263  12.747  -65.398  -5.655 1.0000000000
3280  12.894  -65.771  -6.117 1.0000000000
3416  19.229  -65.959  -19.335 0.6999999881
3429  18.116  -65.630  -19.364 0.6999999881
3611  6.064  -65.217  12.708 0.8000000119
3622  8.861  -63.882  9.862 1.0000000000
3640  11.282  -64.245  8.351 1.0000000000
3650  13.104  -64.533  7.219 1.0000000000
3671  16.020  -64.941  5.995 1.0000000000
3701  18.607  -64.959  1.404 1.0000000000
3713  13.941  -65.293  0.450 1.0000000000
3724  18.990  -64.618  -0.511 1.0000000000
3733  18.858  -64.593  -1.877 1.0000000000
3753  18.372  -64.779  -3.209 1.0000000000
3756  12.920  -64.766  -4.021 1.0000000000
3917  14.087  -63.886  -20.263 0.6000000238
4168  11.547  -63.475  8.499 1.0000000000
4176  13.448  -63.652  7.455 1.0000000000
4200  16.923  -63.996  5.565 1.0000000000
4203  17.835  -63.539  4.704 1.0000000000
4217  19.930  -63.077  1.908 1.0000000000
4236  19.745  -63.766  0.819 1.0000000000
4252  20.048  -62.884  -0.176 1.0000000000
4253  19.435  -63.981  -0.523 1.0000000000
4269  19.352  -63.051  -1.705 1.0000000000
4270  15.595  -63.503  -1.159 1.0000000000
4282  18.492  -63.626  -3.012 1.0000000000
4284  14.196  -63.892  -3.113 1.0000000000
4308  16.435  -63.626  -4.234 1.0000000000
4510  12.116  -63.191  -18.430 0.6000000238
4515  11.866  -63.928  -19.593 0.6000000238
4524  14.282  -63.072  -20.146 0.4000000060
4649  5.562  -62.751  16.023 0.8000000119
4752  16.845  -62.732  6.406 1.0000000000
4756  7.520  -62.899  6.714 0.6000000238
4776  19.087  -62.126  4.185 1.0000000000
4781  9.392  -63.314  5.368 0.8999999762
4831  20.048  -62.172  -0.385 1.0000000000
4861  18.361  -62.536  -2.371 1.0000000000
4875  17.380  -63.022  -3.345 1.0000000000
5186  7.876  -61.547  15.700 0.8000000119
5188  6.253  -62.403  16.647 0.8000000119
5189  5.800  -62.299  16.583 0.8000000119
5251  8.621  -61.934  10.641 1.0000000000
5259  11.155  -61.429  9.068 1.0000000000
5284  8.519  -61.726  7.365 0.8999999762
5285  7.502  -61.953  7.486 0.6999999881
5294  6.827  -62.045  7.108 0.6000000238
5306  17.837  -61.847  5.870 1.0000000000
5349  20.419  -61.683  1.550 1.0000000000
5361  20.177  -61.468  0.231 1.0000000000
5384  18.702  -62.039  -1.753 1.0000000000
5386  17.347  -61.979  -1.263 1.0000000000
5398  17.999  -62.142  -2.139 1.0000000000
5678  6.009  -61.100  17.426 0.8000000119
5679  5.609  -60.979  17.015 0.8000000119
5688  5.480  -61.604  16.404 0.8000000119
5694  8.581  -61.183  15.097 0.5000000000
5712  7.628  -60.181  12.037 1.0000000000
5720  7.474  -60.967  11.971 1.0000000000
5726  10.068  -59.907  10.106 1.0000000000
5738  11.634  -60.906  8.838 1.0000000000
5748  16.600  -60.489  7.143 1.0000000000
5752  7.557  -60.504  8.186 1.0000000000
5753  7.140  -61.161  7.857 1.0000000000
5754  6.880  -61.359  7.567 0.6999999881
5800  19.974  -60.980  3.875 1.0000000000
5810  20.485  -60.614  2.530 1.0000000000
5828  20.129  -60.587  0.573 1.0000000000
5830  18.955  -60.231  0.251 1.0000000000
6173  10.466  -59.259  10.174 1.0000000000
6178  14.262  -59.144  8.452 1.0000000000
6188  16.405  -59.109  7.928 1.0000000000
6190  12.981  -59.586  8.618 1.0000000000
6193  6.515  -59.970  8.154 0.8999999762
6228  14.718  -59.102  5.324 1.0000000000
6272  20.105  -59.112  1.788 1.0000000000
6664  7.593  -58.728  13.071 1.0000000000
6671  11.720  -58.399  9.892 1.0000000000
6683  12.373  -58.706  9.397 1.0000000000
6684  6.685  -57.986  9.509 1.0000000000
6695  6.536  -58.383  9.166 1.0000000000
6711  18.848  -58.495  6.552 1.0000000000
6713  11.693  -58.465  6.877 1.0000000000
6738  20.300  -58.576  3.991 1.0000000000
6772  19.194  -58.684  1.797 1.0000000000
7197  15.646  -57.214  10.011 1.0000000000
7201  6.863  -57.585  9.556 1.0000000000
7229  19.031  -57.642  6.762 1.0000000000
7250  20.178  -57.274  4.110 1.0000000000
7652  5.505  -56.475  18.193 0.6000000238
7696  9.663  -56.540  13.017 1.0000000000
7700  11.317  -56.460  11.971 1.0000000000
7719  16.652  -56.407  9.545 1.0000000000
7728  7.965  -56.779  9.053 1.0000000000
7731  5.423  -56.236  9.176 1.0000000000
8182  4.744  -55.230  18.071 0.6999999881
8190  4.539  -55.097  17.349 0.6999999881
8228  6.267  -55.689  13.770 1.0000000000
8231  11.760  -55.928  11.951 1.0000000000
8247  7.573  -55.051  11.694 1.0000000000
8255  14.347  -55.535  11.046 1.0000000000
8257  12.526  -54.659  10.678 1.0000000000
8258  11.058  -54.374  10.436 1.0000000000
8259  10.513  -54.685  11.017 1.0000000000
8274  6.158  -55.575  9.981 1.0000000000
8275  5.539  -55.605  9.617 1.0000000000
8280  18.045  -56.054  8.104 1.0000000000
8284  14.441  -54.810  9.022 1.0000000000
8287  5.061  -55.407  8.924 1.0000000000
8302  9.851  -55.197  6.735 1.0000000000
8308  6.649  -54.962  5.090 0.8999999762
8314  19.361  -55.524  4.462 1.0000000000
8326  19.194  -55.915  3.954 1.0000000000
8796  4.618  -54.906  14.358 0.8000000119
8797  4.211  -54.492  15.547 0.8000000119
8824  6.742  -55.044  12.085 1.0000000000
8843  11.960  -54.221  10.290 1.0000000000
8846  8.586  -54.368  10.632 1.0000000000
8854  9.768  -54.087  9.939 1.0000000000
8862  6.414  -54.762  9.763 1.0000000000
8871  6.631  -53.837  9.369 1.0000000000
8898  6.968  -54.538  4.330 0.6999999881
9382  4.072  -52.808  16.610 0.6999999881
9395  3.769  -53.488  15.523 0.6999999881
9439  7.718  -54.194  10.765 1.0000000000
9447  9.049  -53.937  10.053 1.0000000000
9461  8.926  -53.296  9.831 1.0000000000
9508  11.148  -52.927  4.058 1.0000000000
10026  4.420  -51.939  16.378 0.6000000238
10058  3.873  -51.968  14.868 0.6999999881
10069  5.335  -52.999  12.113 0.8999999762
10099  9.043  -52.507  9.775 1.0000000000
10686  4.101  -50.830  15.295 0.6999999881
10733  11.677  -51.496  10.050 1.0000000000
10746  10.606  -52.241  9.659 1.0000000000
10747  9.814  -52.326  9.647 1.0000000000
11428  12.719  -50.478  10.522 1.0000000000
12138  4.283  -48.797  10.753 0.6999999881
12139  4.027  -48.321  11.433 0.6999999881
12154  4.154  -48.177  10.381 0.6999999881
12263  8.182  -50.172  0.048 0.6000000238
12850  5.190  -47.848  12.862 0.6000000238
12879  13.535  -48.527  10.552 0.8999999762
12903  5.235  -48.213  9.020 0.8000000119
12905  4.446  -48.101  9.851 0.6000000238
12919  5.860  -48.114  8.472 0.8000000119
12920  5.877  -47.815  8.332 0.6999999881
12921  5.527  -48.074  8.725 0.6999999881
13586  5.789  -47.471  11.547 0.6000000238
13602  14.464  -47.954  9.998 1.0000000000
13604  12.758  -47.377  10.435 0.8999999762
13609  4.247  -47.949  10.301 0.6000000238
13626  5.619  -47.763  8.692 0.6999999881
13640  7.219  -47.601  7.647 0.8999999762
14277  13.561  -46.604  9.845 0.8999999762
14278  12.770  -46.665  10.068 0.8999999762
14292  11.009  -46.867  9.287 0.8999999762
14295  5.808  -47.090  8.758 0.6000000238
14992  12.711  -46.002  8.893 0.8999999762
15008  12.458  -45.719  7.995 0.8999999762
15011  6.864  -45.432  7.343 0.6999999881
15043  8.082  -45.561  5.241 0.8999999762
15044  7.451  -45.207  5.780 0.8999999762
15064  8.778  -45.108  4.523 0.8999999762
15074  18.157  -45.090  3.671 0.5000000000
16414  9.351  -43.500  5.239 0.8000000119
17134  22.897  -42.782  -1.444 0.6999999881
17801  23.506  -41.137  -2.868 0.6999999881
19230  23.103  -40.358  -2.167 0.6999999881
94738  19.428  -57.075  3.242 1.0000000000
94742  16.669  -54.358  3.571 1.0000000000
95484  23.334  -41.255  -2.301 0.6999999881
95982  10.321  -55.544  12.340 1.0000000000
96193  7.706  -51.232  10.464 0.8999999762
96215  18.941  -75.057  -16.201 0.6999999881
96552  17.295  -74.924  -15.759 0.8000000119
97035  11.305  -54.765  5.058 1.0000000000
97119  15.743  -74.071  -3.616 1.0000000000
97249  8.727  -71.231  6.231 0.8999999762
97747  13.643  -78.125  -2.844 0.6000000238
97761  19.830  -56.110  4.870 1.0000000000
98230  19.307  -68.152  -10.112 0.8999999762
98325  12.088  -76.932  -0.710 0.8999999762
98362  9.843  -50.192  10.023 0.8999999762
98414  10.551  -56.446  7.295 1.0000000000
98484  9.666  -47.780  9.337 0.8999999762
98499  15.660  -69.359  -11.903 0.8999999762
98587  9.470  -72.427  7.203 0.6000000238
98965  11.890  -65.063  7.328 1.0000000000
99027  8.689  -71.152  -6.739 0.8000000119
99343  15.380  -61.092  7.416 1.0000000000
99472  12.517  -76.906  -3.676 1.0000000000
99570  5.652  -61.326  14.369 1.0000000000
99657  14.256  -76.409  -10.663 1.0000000000
99730  9.936  -64.503  3.987 1.0000000000
99808  8.352  -69.435  -4.233 0.6999999881
100290  10.090  -46.089  5.409 0.8999999762
100325  15.681  -58.328  8.789 1.0000000000
100530  7.733  -54.066  8.267 1.0000000000
100573  10.098  -71.544  -6.748 0.8999999762
100688  9.744  -58.877  7.773 1.0000000000
101040  7.652  -68.266  -6.103 0.5000000000
101085  12.303  -51.229  10.333 1.0000000000
101299  14.805  -48.208  9.454 0.8999999762
102115  15.222  -68.863  -7.233 1.0000000000
102852  10.506  -73.322  3.794 1.0000000000
102895  18.712  -77.202  -9.937 0.6000000238
102954  18.476  -71.060  -9.214 1.0000000000
103062  5.641  -47.479  10.482 0.6000000238
103481  17.721  -65.739  -18.355 0.8000000119
103522  22.441  -74.251  -17.259 0.5000000000
103565  8.440  -54.223  7.267 1.0000000000
103589  12.518  -77.295  -6.033 0.8999999762
104455  17.381  -78.039  -10.225 0.6000000238
104585  6.519  -59.249  8.666 1.0000000000
104998  15.521  -74.852  -7.781 1.0000000000
105288  14.970  -78.010  -7.105 0.6000000238
105514  20.189  -57.836  3.015 1.0000000000
105784  12.846  -78.055  -2.968 0.6999999881
105980  19.244  -61.157  -0.608 1.0000000000
106012  6.672  -60.663  7.556 0.8999999762
106660  12.018  -71.557  -9.768 0.8999999762
106791  14.099  -68.401  -6.735 1.0000000000
106794  12.340  -75.660  -0.025 0.6000000238
107579  11.084  -47.473  10.005 0.8999999762
107839  14.084  -70.507  0.403 1.0000000000
107996  13.915  -65.108  -2.025 1.0000000000
109168  5.746  -55.751  14.439 0.8999999762
109513  17.474  -62.700  5.762 1.0000000000
110020  11.865  -53.877  4.006 1.0000000000
110277  15.732  -77.728  -7.098 0.6000000238
110282  22.307  -74.676  -15.764 0.5000000000
110420  8.376  -70.829  -11.542 0.6999999881
110716  17.480  -64.799  4.519 1.0000000000
110957  12.826  -71.662  -14.484 0.8999999762
111060  8.002  -70.315  -8.541 0.6999999881
111075  12.623  -66.559  5.925 1.0000000000
111224  13.977  -76.835  -10.501 1.0000000000
111470  4.704  -53.105  12.800 0.8000000119
111502  23.235  -74.646  -15.001 0.4000000060
111590  15.125  -63.067  2.000 1.0000000000
111681  8.045  -59.429  11.982 1.0000000000
111881  12.143  -62.026  8.324 1.0000000000
112359  11.076  -69.521  -7.179 0.8999999762
112445  8.165  -45.000  9.580 0.6000000238
112783  8.596  -51.151  10.148 0.8999999762
113069  14.730  -62.813  -20.023 0.4000000060
113081  18.586  -69.376  -17.673 0.6999999881
113237  11.323  -70.023  -7.618 0.8999999762
113294  12.303  -67.644  5.141 1.0000000000
113440  11.103  -36.320  -4.747 0.5000000000
113656  12.442  -78.051  -4.842 0.8000000119
113670  4.914  -48.856  10.217 0.8000000119
113682  12.175  -67.801  -0.397 1.0000000000
113696  16.743  -60.960  2.528 1.0000000000
113789  12.308  -71.888  -13.505 0.8000000119
113855  23.207  -74.631  -15.716 0.5000000000
113857  10.312  -47.141  8.909 0.8999999762
114075  6.311  -52.159  11.315 0.8999999762
114230  8.913  -71.446  -12.712 0.8000000119
114436  8.848  -70.937  5.444 1.0000000000
114746  5.872  -63.987  13.005 0.8000000119
114862  13.872  -51.599  10.347 1.0000000000
115315  18.940  -54.683  5.278 1.0000000000
115327  5.473  -48.897  3.139 0.8000000119
115386  7.941  -69.088  10.523 0.8000000119
115761  10.316  -62.239  9.451 1.0000000000
115779  14.507  -70.409  -13.933 0.8999999762
115903  20.480  -73.356  -17.507 0.6000000238
