#!ascii label  , from subject sub-v1s20x0050336_ses-1 vox2ras=TkReg
9424
50324  -17.469  -5.586  39.522 1.0000000000
50345  -17.394  -5.696  38.609 1.0000000000
50346  -18.695  -5.405  38.934 1.0000000000
49412  -14.432  -6.840  38.116 1.0000000000
50363  -17.767  -5.650  37.867 1.0000000000
49426  -14.109  -6.644  37.373 1.0000000000
48451  -12.725  -7.375  39.604 1.0000000000
48462  -13.156  -7.246  38.834 1.0000000000
50364  -18.637  -5.515  37.968 1.0000000000
49411  -13.515  -6.971  38.012 1.0000000000
49436  -14.461  -6.340  36.754 1.0000000000
50390  -14.716  -5.943  36.149 1.0000000000
40960  -2.463  -15.396  53.381 0.3750000000
112685  -22.643  -3.778  43.413 1.0000000000
52254  -21.921  -3.474  44.333 0.8750000000
101898  -22.215  -4.166  42.493 1.0000000000
52265  -21.687  -3.744  43.372 1.0000000000
51257  -21.823  -4.464  41.684 1.0000000000
51246  -21.334  -4.030  42.493 1.0000000000
50305  -20.934  -5.061  40.310 1.0000000000
51256  -20.927  -4.329  41.692 1.0000000000
118989  -11.466  -7.428  40.909 1.0000000000
50327  -20.397  -5.250  39.695 1.0000000000
48450  -11.833  -7.357  39.511 1.0000000000
48438  -12.203  -7.416  40.478 1.0000000000
103285  -19.675  -5.348  39.139 1.0000000000
48461  -12.334  -7.249  38.807 1.0000000000
101955  -19.290  -5.429  38.455 1.0000000000
49410  -12.740  -6.655  37.680 1.0000000000
117463  -12.774  -7.061  38.270 1.0000000000
106855  -18.113  -5.596  37.007 1.0000000000
49425  -13.351  -6.470  37.235 1.0000000000
108460  -14.001  -5.879  36.332 1.0000000000
101528  -14.990  -5.571  35.651 1.0000000000
50418  -15.584  -5.440  35.343 1.0000000000
50442  -16.227  -5.350  34.956 1.0000000000
40959  -1.689  -15.616  53.264 0.5000000000
49310  -9.605  -6.934  46.750 1.0000000000
52243  -23.650  -3.450  44.641 1.0000000000
50224  -28.363  -5.393  47.484 0.7500000000
48376  -9.358  -7.149  45.172 1.0000000000
52255  -23.508  -3.704  43.741 1.0000000000
49287  -28.415  -5.880  47.184 0.6250000000
49305  -28.660  -5.743  46.799 0.6250000000
48395  -9.670  -7.356  43.506 1.0000000000
49321  -28.886  -5.619  46.509 0.7500000000
48421  -10.157  -7.419  41.265 1.0000000000
48408  -10.195  -7.546  41.932 1.0000000000
51258  -22.732  -4.610  41.675 1.0000000000
101698  -10.705  -7.378  40.716 1.0000000000
101048  -11.007  -7.490  41.597 1.0000000000
51271  -22.329  -4.961  40.974 1.0000000000
114851  -11.119  -7.197  39.456 1.0000000000
48437  -11.291  -7.370  40.149 1.0000000000
104915  -12.116  -6.823  38.138 1.0000000000
48449  -11.432  -6.989  38.741 1.0000000000
101954  -19.997  -5.435  38.395 1.0000000000
49423  -12.089  -6.189  37.582 1.0000000000
49424  -12.703  -6.021  37.112 1.0000000000
50365  -19.518  -5.477  37.766 1.0000000000
49435  -13.338  -5.882  36.684 1.0000000000
115530  -13.833  -6.301  36.827 1.0000000000
50394  -18.712  -5.526  36.459 1.0000000000
100459  -17.300  -5.633  36.198 1.0000000000
50417  -14.330  -5.277  35.757 1.0000000000
50419  -16.980  -5.486  35.265 1.0000000000
51352  -14.963  -5.046  35.194 1.0000000000
40961  -3.414  -15.561  53.473 0.3750000000
40962  -4.344  -15.669  53.556 0.3750000000
40963  -5.398  -15.707  53.616 0.3750000000
40964  -6.365  -15.230  53.508 0.3750000000
41860  -7.303  -14.594  52.982 0.3750000000
110014  -1.132  -13.524  52.415 0.3750000000
120886  -1.437  -13.753  52.787 0.3750000000
41857  -2.457  -14.347  53.365 0.5000000000
41853  -5.197  -14.095  53.868 0.3750000000
40958  -5.713  -14.740  53.730 0.3750000000
41855  -7.220  -13.898  53.096 0.3750000000
111685  -0.872  -13.087  51.795 0.2500000000
119656  -3.664  -14.128  53.484 0.3750000000
41852  -4.366  -13.979  53.656 0.3750000000
42732  -3.009  -12.819  48.864 0.2500000000
43606  -3.987  -12.269  48.173 0.2500000000
49275  -8.902  -7.301  49.161 0.8750000000
49258  -9.624  -7.759  50.105 0.8750000000
100668  -7.957  -7.415  46.757 0.8750000000
49291  -8.857  -7.282  48.217 1.0000000000
49276  -9.560  -7.105  48.759 1.0000000000
121135  -10.128  -7.047  49.143 1.0000000000
48362  -8.667  -7.208  46.315 1.0000000000
49292  -9.575  -7.025  47.836 1.0000000000
48375  -8.597  -7.264  45.496 1.0000000000
48386  -8.643  -7.334  44.678 1.0000000000
48363  -9.237  -7.029  45.888 1.0000000000
52244  -24.639  -3.522  44.685 1.0000000000
108377  -28.308  -4.651  47.616 0.7500000000
50225  -28.717  -5.292  47.028 0.7500000000
101361  -7.994  -7.352  43.233 1.0000000000
48394  -8.754  -7.354  43.791 1.0000000000
51203  -28.794  -4.714  47.143 0.7500000000
50241  -29.012  -5.225  46.676 0.7500000000
49322  -29.327  -5.245  46.212 0.7500000000
118873  -9.793  -7.461  41.602 1.0000000000
52266  -23.492  -4.044  42.959 1.0000000000
50242  -29.482  -4.727  46.450 0.7500000000
118385  -29.739  -4.815  46.062 0.7500000000
48436  -9.938  -7.186  40.589 1.0000000000
51259  -23.615  -4.700  41.649 1.0000000000
101990  -10.479  -7.132  39.902 1.0000000000
49398  -10.675  -6.817  39.150 1.0000000000
50347  -20.688  -5.448  38.915 1.0000000000
50348  -21.660  -5.504  38.903 1.0000000000
50328  -21.313  -5.356  39.602 1.0000000000
50306  -21.864  -5.218  40.279 1.0000000000
49409  -11.466  -6.301  38.086 1.0000000000
50361  -11.582  -5.540  37.665 1.0000000000
121260  -20.611  -5.476  38.256 1.0000000000
50389  -13.563  -5.219  36.232 1.0000000000
107084  -19.961  -5.508  36.979 1.0000000000
51351  -14.495  -4.450  35.305 1.0000000000
50420  -17.856  -5.510  35.416 1.0000000000
50443  -16.762  -5.295  34.628 1.0000000000
43583  -2.929  -13.096  54.033 0.5000000000
117319  -3.623  -13.492  53.853 0.5000000000
45617  -1.754  -10.456  47.019 0.5000000000
46583  -1.344  -10.021  47.375 0.5000000000
42715  -2.352  -13.531  53.486 0.5000000000
41858  -3.182  -14.671  53.453 0.5000000000
42710  -4.304  -13.202  54.123 0.3750000000
42711  -5.598  -13.272  54.156 0.3750000000
42713  -7.105  -13.162  53.411 0.5000000000
45604  -1.636  -10.420  47.970 0.5000000000
45599  -2.122  -10.828  48.523 0.5000000000
44585  -2.177  -11.768  49.832 0.3750000000
110825  -0.668  -12.383  51.506 0.2500000000
103523  -4.866  -13.509  54.088 0.3750000000
45605  -2.369  -10.602  47.684 0.3750000000
44588  -2.689  -11.340  48.957 0.3750000000
44586  -3.021  -11.848  49.116 0.2500000000
47408  -7.796  -7.673  52.321 0.7500000000
108615  -1.065  -9.198  46.190 0.5000000000
44593  -3.742  -11.102  47.981 0.2500000000
43603  -3.380  -12.290  48.733 0.2500000000
49256  -8.101  -7.512  50.904 0.8750000000
49245  -7.955  -7.195  51.782 0.8750000000
47410  -9.271  -8.459  52.670 0.6250000000
47452  -1.042  -8.405  44.904 0.6250000000
43609  -4.536  -12.005  47.413 0.2500000000
48331  -8.177  -7.375  48.642 0.8750000000
49257  -8.793  -7.658  50.502 0.8750000000
107686  -9.192  -7.639  50.575 0.8750000000
49247  -9.739  -7.083  51.679 0.8750000000
47457  -1.202  -8.211  43.910 0.6250000000
44597  -4.583  -11.280  46.709 0.2500000000
48344  -7.278  -7.537  47.231 0.8750000000
48345  -8.083  -7.461  47.673 0.8750000000
113099  -1.101  -7.431  43.955 0.6250000000
48361  -7.051  -7.489  46.343 1.0000000000
100882  -7.872  -7.395  45.900 1.0000000000
49363  -1.330  -6.952  42.855 0.5000000000
114127  -7.159  -7.443  44.764 1.0000000000
113105  -7.794  -7.400  44.177 1.0000000000
51208  -28.644  -4.201  47.299 0.7500000000
115195  -29.037  -4.177  47.008 0.7500000000
52213  -29.572  -3.917  46.685 0.7500000000
48402  -1.334  -7.727  42.474 0.5000000000
48404  -7.271  -7.165  42.770 1.0000000000
48406  -8.915  -7.423  42.766 1.0000000000
52256  -24.435  -3.733  43.811 1.0000000000
51209  -29.298  -4.435  46.754 0.7500000000
51210  -29.895  -4.175  46.403 0.7500000000
117677  -7.972  -7.056  41.678 1.0000000000
48419  -8.660  -7.330  41.810 1.0000000000
48420  -9.372  -7.260  41.245 1.0000000000
52267  -24.246  -4.070  43.005 1.0000000000
51215  -30.103  -4.410  45.972 0.7500000000
51240  -31.733  -3.370  42.807 0.6250000000
52272  -32.088  -2.727  42.461 0.3750000000
49387  -8.053  -6.206  40.767 1.0000000000
48435  -9.231  -6.829  40.497 1.0000000000
48448  -9.793  -6.840  40.048 1.0000000000
51248  -23.976  -4.384  42.291 1.0000000000
50321  -9.179  -5.572  39.619 1.0000000000
49397  -9.306  -6.292  39.832 1.0000000000
107504  -10.307  -6.270  38.981 1.0000000000
49408  -10.830  -6.321  38.578 1.0000000000
50307  -22.854  -5.320  40.268 1.0000000000
50322  -9.760  -5.772  39.221 1.0000000000
112511  -9.983  -5.007  38.918 1.0000000000
50343  -10.944  -5.539  38.142 1.0000000000
50330  -23.345  -5.459  39.492 1.0000000000
50308  -23.935  -5.312  40.277 1.0000000000
51298  -11.226  -4.696  37.815 1.0000000000
51313  -11.770  -4.870  37.430 1.0000000000
113145  -12.193  -5.426  37.258 1.0000000000
101953  -21.245  -5.504  38.298 1.0000000000
50349  -22.357  -5.529  38.768 1.0000000000
119773  -22.921  -5.537  38.918 1.0000000000
50331  -24.246  -5.402  39.384 1.0000000000
52309  -11.734  -4.090  37.451 1.0000000000
51314  -12.246  -4.595  37.098 1.0000000000
51336  -13.235  -4.413  36.365 1.0000000000
50367  -21.620  -5.530  37.547 1.0000000000
50368  -22.438  -5.551  37.454 1.0000000000
50350  -23.743  -5.515  38.513 1.0000000000
50351  -24.561  -5.395  38.202 1.0000000000
51299  -25.782  -4.757  38.033 1.0000000000
52317  -13.025  -3.656  36.691 1.0000000000
51350  -13.861  -4.465  35.847 1.0000000000
50396  -20.498  -5.535  36.065 1.0000000000
107070  -21.940  -5.552  36.809 1.0000000000
108134  -23.770  -5.473  36.870 1.0000000000
50371  -25.026  -5.164  37.593 1.0000000000
51337  -25.002  -4.881  36.700 0.8750000000
52326  -14.150  -3.635  35.576 1.0000000000
50422  -19.798  -5.527  35.568 1.0000000000
50398  -22.188  -5.553  36.198 1.0000000000
111519  -22.742  -5.522  35.839 1.0000000000
50400  -24.324  -5.206  36.310 1.0000000000
52327  -14.610  -3.664  34.876 1.0000000000
51365  -15.581  -4.947  34.698 1.0000000000
50446  -19.517  -5.523  34.844 1.0000000000
107083  -21.166  -5.541  35.544 1.0000000000
104978  -22.069  -5.497  34.759 1.0000000000
50426  -23.347  -5.415  35.415 1.0000000000
51364  -15.045  -4.385  34.675 1.0000000000
51379  -15.647  -4.352  33.952 1.0000000000
50455  -16.963  -5.135  34.029 1.0000000000
112104  -18.530  -5.354  33.761 1.0000000000
103008  -20.150  -5.499  34.250 1.0000000000
50424  -21.370  -5.533  34.916 1.0000000000
50449  -22.587  -5.318  34.297 1.0000000000
51380  -16.451  -4.627  33.555 1.0000000000
51381  -17.231  -4.862  33.274 1.0000000000
50457  -19.036  -5.274  33.272 1.0000000000
50459  -20.790  -5.409  33.711 1.0000000000
50448  -21.647  -5.426  34.117 1.0000000000
51394  -16.721  -4.393  32.873 1.0000000000
51395  -17.444  -4.444  32.403 1.0000000000
51396  -18.347  -4.621  32.205 1.0000000000
50469  -19.600  -5.099  32.691 1.0000000000
44561  -3.085  -12.249  54.157 0.5000000000
43584  -3.704  -12.742  54.188 0.5000000000
44578  -0.215  -12.141  52.013 0.3750000000
43593  -1.568  -12.510  52.998 0.5000000000
43588  -2.215  -12.606  53.705 0.5000000000
43585  -4.427  -12.482  54.327 0.3750000000
44564  -5.429  -11.524  54.472 0.3750000000
44566  -7.116  -11.524  54.016 0.6250000000
44569  -7.743  -11.086  53.698 0.6250000000
46596  -1.477  -9.937  46.389 0.5000000000
106771  -1.084  -9.901  48.329 0.5000000000
45595  -1.593  -11.108  49.366 0.5000000000
45592  -0.611  -11.456  50.251 0.2500000000
44582  0.290  -11.666  51.403 0.3750000000
103140  -4.939  -10.825  54.308 0.5000000000
114638  -5.969  -10.220  54.097 0.7500000000
45577  -7.436  -10.115  53.727 0.6250000000
45578  -8.309  -10.311  53.522 0.6250000000
46595  -0.994  -9.330  46.944 0.5000000000
49243  -6.456  -7.649  52.021 0.8750000000
48291  -6.625  -7.651  52.408 0.7500000000
48287  -6.990  -7.881  52.792 0.7500000000
46558  -8.032  -9.507  53.484 0.6250000000
47439  -0.553  -7.883  46.257 0.6250000000
115966  -0.731  -8.591  46.569 0.6250000000
47432  -0.612  -8.470  47.477 0.6250000000
48309  -6.537  -7.540  50.967 0.8750000000
48292  -7.298  -7.520  52.182 0.8750000000
48370  -0.697  -7.754  45.439 0.6250000000
118722  -0.515  -7.931  46.997 0.6250000000
48342  -5.714  -7.570  47.754 0.8750000000
48329  -6.500  -7.588  48.548 0.8750000000
117143  -7.579  -7.569  49.952 0.8750000000
48311  -8.293  -7.615  50.363 0.8750000000
48330  -7.387  -7.548  48.103 0.8750000000
49350  -1.187  -6.850  43.644 0.6250000000
101051  -6.218  -7.533  46.357 1.0000000000
52245  -25.702  -3.576  44.708 1.0000000000
107640  -26.005  -3.526  45.679 1.0000000000
52246  -26.770  -3.527  44.778 1.0000000000
52258  -27.119  -3.794  43.087 1.0000000000
52212  -29.077  -3.734  46.939 0.7500000000
101050  -6.170  -7.424  44.949 1.0000000000
101049  -6.802  -7.354  44.098 1.0000000000
52257  -25.439  -3.764  43.829 1.0000000000
52259  -27.919  -3.378  43.149 1.0000000000
48403  -1.421  -6.970  41.839 0.6250000000
48393  -7.269  -7.318  43.508 1.0000000000
52268  -25.185  -4.081  43.018 1.0000000000
101328  -26.183  -4.030  43.038 1.0000000000
52270  -27.687  -3.591  42.334 1.0000000000
52278  -28.261  -3.154  41.620 1.0000000000
52222  -29.741  -3.291  46.530 0.7500000000
53216  -30.325  -2.791  46.149 1.0000000000
53232  -31.798  -1.891  44.067 1.0000000000
105181  -32.139  -1.497  43.262 1.0000000000
54165  -32.411  -0.782  43.032 0.8750000000
55040  -32.486  -0.157  42.721 0.8750000000
49366  -6.661  -6.722  42.363 1.0000000000
50284  -7.067  -5.900  41.321 1.0000000000
51250  -25.865  -4.349  42.214 1.0000000000
52269  -26.828  -4.079  42.243 1.0000000000
52277  -27.442  -3.810  41.467 1.0000000000
53264  -28.478  -2.572  41.070 1.0000000000
52223  -30.247  -3.505  46.250 0.7500000000
51216  -30.404  -3.858  45.921 0.7500000000
113992  -30.754  -3.509  45.414 0.7500000000
52248  -31.097  -3.420  44.833 0.8750000000
52237  -31.534  -2.693  44.373 0.8750000000
52261  -31.826  -2.710  43.153 0.7500000000
53246  -32.191  -1.985  42.651 0.7500000000
54174  -32.643  -0.646  41.790 0.7500000000
49367  -7.343  -6.947  41.993 1.0000000000
51260  -24.494  -4.731  41.561 1.0000000000
51261  -25.430  -4.649  41.445 1.0000000000
118043  -26.482  -4.401  41.279 1.0000000000
52285  -27.263  -3.992  40.544 1.0000000000
53271  -28.222  -2.577  40.158 1.0000000000
53247  -32.559  -1.444  41.902 0.7500000000
50299  -8.215  -5.512  40.379 1.0000000000
51273  -24.892  -5.021  40.700 1.0000000000
115350  -25.803  -4.758  40.717 1.0000000000
51275  -26.480  -4.499  40.243 1.0000000000
52294  -27.736  -3.340  39.863 1.0000000000
115212  -28.189  -1.932  39.791 1.0000000000
51283  -9.403  -4.803  39.385 1.0000000000
50309  -24.763  -5.250  39.912 1.0000000000
51274  -25.614  -4.937  39.882 1.0000000000
103028  -26.968  -4.018  38.891 1.0000000000
114106  -27.374  -2.599  38.450 0.8750000000
53282  -27.854  -2.467  39.270 0.8750000000
51297  -10.538  -4.586  38.458 1.0000000000
50332  -25.042  -5.235  39.239 1.0000000000
51300  -26.436  -4.338  38.472 1.0000000000
52300  -26.935  -3.492  38.167 1.0000000000
51285  -25.757  -4.845  38.914 1.0000000000
52312  -26.548  -3.244  37.302 0.8750000000
52311  -26.056  -3.760  36.871 0.8750000000
52320  -26.229  -3.032  36.680 0.8750000000
53305  -14.367  -2.820  35.239 1.0000000000
51353  -24.800  -4.605  35.769 0.8750000000
108523  -25.508  -4.195  36.351 0.8750000000
104190  -24.355  -4.735  35.027 1.0000000000
101969  -24.798  -4.106  34.967 0.8750000000
52332  -15.017  -3.696  34.135 1.0000000000
104517  -23.608  -5.113  34.626 1.0000000000
51368  -24.269  -4.384  34.391 0.8750000000
50460  -21.488  -5.212  33.272 1.0000000000
51367  -23.113  -4.932  33.762 0.8750000000
119048  -23.769  -4.548  33.930 0.8750000000
52355  -16.651  -3.898  32.284 0.8750000000
51409  -17.916  -4.205  31.692 1.0000000000
51398  -20.034  -4.740  32.006 1.0000000000
115116  -21.606  -4.423  31.944 0.8750000000
105225  -17.259  -3.245  31.156 0.8750000000
52367  -18.019  -3.628  31.028 0.8750000000
45594  -0.332  -10.593  49.673 0.5000000000
45591  0.792  -10.800  50.760 0.5000000000
44573  -1.044  -12.022  52.546 0.5000000000
44574  -1.855  -11.817  53.243 0.5000000000
44567  -2.607  -11.647  53.913 0.5000000000
115700  -3.358  -11.497  54.107 0.6250000000
45598  -1.109  -10.539  48.766 0.5000000000
45569  -4.503  -10.251  54.106 0.7500000000
45570  -5.250  -10.019  54.074 0.7500000000
45575  -5.835  -9.642  53.863 0.7500000000
46582  -0.853  -9.252  47.888 0.5000000000
48300  -5.488  -7.754  52.177 0.8750000000
48290  -5.771  -7.456  52.888 0.8750000000
47401  -5.492  -8.129  53.420 0.7500000000
118835  -6.355  -8.125  53.271 0.7500000000
48308  -5.254  -7.700  51.357 0.8750000000
48301  -6.450  -7.613  51.606 0.8750000000
103108  -0.669  -6.914  45.207 0.6250000000
108107  -0.507  -7.055  46.090 0.6250000000
48319  -5.799  -7.604  49.459 0.8750000000
111045  -0.934  -6.834  44.382 0.6250000000
49323  -0.362  -6.096  46.003 0.6250000000
49306  -0.313  -6.430  46.938 0.6250000000
53224  -28.909  -2.554  46.093 1.0000000000
49351  -1.293  -6.227  43.314 0.7500000000
108135  -27.416  -3.501  43.929 1.0000000000
49364  -1.396  -6.336  42.605 0.7500000000
48384  -5.902  -7.209  43.940 1.0000000000
112256  -28.216  -3.091  43.980 1.0000000000
53215  -29.219  -2.978  46.588 1.0000000000
53225  -29.634  -2.292  46.098 1.0000000000
50282  -1.448  -5.885  42.083 0.6250000000
52271  -28.384  -3.089  42.483 1.0000000000
121162  -28.488  -2.759  41.505 1.0000000000
113398  -29.876  -2.700  46.348 0.8750000000
54140  -30.842  -2.169  45.665 1.0000000000
117442  -31.363  -1.621  45.278 1.0000000000
53227  -31.568  -2.290  44.741 1.0000000000
54158  -32.079  -1.153  43.810 1.0000000000
55032  -32.195  -0.376  43.549 0.8750000000
50283  -6.561  -5.689  41.647 1.0000000000
53255  -28.659  -2.518  41.857 1.0000000000
53217  -30.798  -2.870  45.736 0.8750000000
117581  -32.577  -0.098  42.278 0.7500000000
50298  -7.567  -5.696  40.924 1.0000000000
54186  -28.003  -1.201  40.003 0.8750000000
52289  -8.843  -4.164  39.820 1.0000000000
54200  -27.538  -1.854  38.708 0.8750000000
109395  -32.726  -0.647  40.322 0.7500000000
115668  -32.731  -0.995  40.737 0.6250000000
55053  -32.635  -0.133  41.490 0.7500000000
50320  -8.776  -5.774  39.955 1.0000000000
55076  -27.190  -0.989  38.669 0.8750000000
52291  -10.561  -3.569  38.878 1.0000000000
52292  -11.128  -2.999  38.852 1.0000000000
54199  -27.078  -1.758  38.130 0.8750000000
52299  -11.208  -3.616  38.150 1.0000000000
53290  -12.055  -3.252  37.644 1.0000000000
53281  -26.879  -2.522  37.701 0.8750000000
54206  -26.470  -1.587  37.455 0.8750000000
114160  -26.654  -1.050  38.048 0.8750000000
53297  -12.834  -3.053  37.208 1.0000000000
53298  -13.502  -2.925  36.696 1.0000000000
53300  -26.400  -2.422  37.008 0.8750000000
114581  -25.831  -1.018  37.049 0.8750000000
53304  -13.952  -2.841  36.008 1.0000000000
51354  -25.323  -3.737  35.579 0.8750000000
52319  -25.827  -3.322  36.173 0.8750000000
53299  -25.919  -2.329  36.282 0.8750000000
54211  -26.084  -1.738  36.800 0.8750000000
52328  -25.001  -3.163  34.960 0.8750000000
53307  -25.477  -2.738  35.566 0.8750000000
54218  -25.349  -1.773  35.716 0.8750000000
53311  -14.664  -2.886  34.383 1.0000000000
52342  -14.998  -3.017  33.581 1.0000000000
53306  -24.990  -2.175  35.060 0.8750000000
53324  -15.538  -2.634  32.312 1.0000000000
52354  -16.016  -3.308  32.273 1.0000000000
104489  -23.553  -4.311  33.243 0.8750000000
51386  -24.133  -3.890  33.687 0.8750000000
53313  -24.623  -2.601  34.419 0.8750000000
51413  -21.223  -4.099  31.441 0.8750000000
52357  -22.789  -3.682  31.867 0.8750000000
52358  -23.309  -3.389  32.183 0.8750000000
52382  -17.684  -2.779  30.697 0.8750000000
52368  -19.016  -3.663  30.849 0.8750000000
52370  -20.757  -3.609  30.970 0.8750000000
52371  -21.531  -3.465  31.170 0.8750000000
52383  -18.571  -2.969  30.508 0.8750000000
52384  -19.490  -3.027  30.458 0.8750000000
52385  -20.362  -3.048  30.586 0.8750000000
46573  -0.466  -9.522  49.354 0.5000000000
46570  0.557  -9.596  50.357 0.5000000000
45590  1.200  -10.682  51.824 0.5000000000
45580  0.321  -10.221  52.449 0.6250000000
107155  -1.431  -11.159  52.746 0.6250000000
111718  -2.368  -10.960  53.338 0.7500000000
45581  -0.785  -10.317  52.642 0.6250000000
45582  -2.036  -10.288  52.930 0.7500000000
45572  -2.927  -10.158  53.501 0.7500000000
45574  -4.463  -9.322  53.859 0.7500000000
47425  -0.288  -8.182  48.682 0.6250000000
48299  -4.470  -7.708  52.101 0.8750000000
48284  -4.186  -7.318  53.319 0.7500000000
48339  -0.293  -7.373  47.955 0.6250000000
48324  0.257  -6.890  49.328 0.7500000000
104237  -4.380  -7.529  50.662 0.8750000000
49338  -0.673  -6.115  44.903 0.6250000000
48356  -0.434  -7.232  46.952 0.6250000000
108410  -0.073  -5.854  48.015 0.7500000000
49288  0.240  -6.335  48.716 0.7500000000
48318  -4.856  -7.522  49.926 0.8750000000
104602  -5.609  -7.557  50.415 0.8750000000
50263  -1.198  -5.497  43.700 0.7500000000
50243  -0.489  -5.304  45.478 0.6250000000
50232  -0.247  -5.097  46.689 0.7500000000
107629  -0.199  -5.663  47.134 0.6250000000
48328  -5.439  -7.632  48.641 0.8750000000
50269  -1.386  -5.646  42.925 0.8750000000
50226  0.082  -4.808  48.167 0.7500000000
103565  0.592  -4.071  49.365 0.7500000000
48359  -5.535  -7.525  46.825 1.0000000000
102981  -5.522  -7.494  45.900 1.0000000000
52247  -27.783  -3.237  44.901 1.0000000000
53231  -28.632  -2.609  44.984 1.0000000000
54146  -29.395  -1.983  45.474 1.0000000000
112223  -1.474  -5.088  42.440 0.7500000000
107561  -1.500  -5.200  41.598 0.8750000000
119585  -5.178  -7.361  45.181 1.0000000000
52260  -28.432  -2.969  43.215 1.0000000000
54164  -29.006  -1.808  43.451 1.0000000000
54156  -29.147  -1.893  44.468 1.0000000000
54157  -29.539  -1.110  44.983 1.0000000000
55030  -29.819  -0.327  45.186 1.0000000000
55020  -30.212  0.276  45.284 1.0000000000
50297  -1.482  -5.253  40.776 0.8750000000
49365  -5.891  -6.334  42.617 1.0000000000
53245  -28.746  -2.473  42.834 1.0000000000
54172  -28.849  -1.578  42.379 1.0000000000
54147  -30.001  -1.393  45.550 1.0000000000
54148  -30.812  -1.268  45.472 1.0000000000
54149  -31.601  -0.815  44.961 1.0000000000
114339  -31.959  0.270  43.854 1.0000000000
55873  -32.309  0.442  43.000 0.8750000000
51266  -1.513  -4.771  40.050 0.8750000000
116261  -6.343  -6.172  42.041 1.0000000000
55052  -28.552  -0.755  41.632 1.0000000000
55051  -28.133  -0.010  41.008 1.0000000000
55868  -31.976  0.886  43.478 1.0000000000
55879  -32.520  0.297  42.223 1.0000000000
114124  -1.543  -4.758  39.209 0.8750000000
116311  -1.782  -3.515  37.926 0.8750000000
51254  -7.004  -5.083  41.214 1.0000000000
52282  -7.756  -3.978  40.654 1.0000000000
55059  -28.322  -0.982  40.757 0.8750000000
55878  -32.319  0.943  42.329 1.0000000000
52304  -2.458  -3.677  37.312 0.8750000000
51309  -1.856  -4.061  37.510 0.8750000000
51267  -7.658  -4.851  40.717 1.0000000000
52283  -8.417  -3.618  40.362 1.0000000000
55888  -27.587  0.604  40.463 0.8750000000
104501  -32.607  0.103  41.049 0.7500000000
51330  -2.910  -4.184  36.792 0.7500000000
51329  -2.360  -4.352  36.701 0.7500000000
51328  -1.942  -4.643  36.799 0.6250000000
53267  -9.898  -3.042  39.919 1.0000000000
55064  -26.921  -0.006  39.013 0.8750000000
120244  -32.628  0.135  40.079 0.7500000000
55895  -32.620  0.425  39.614 0.7500000000
107256  -10.114  -3.469  39.383 1.0000000000
53279  -11.871  -2.683  38.487 1.0000000000
55905  -33.024  -0.094  39.099 0.7500000000
113180  -8.603  -1.523  31.664 0.1250000000
53291  -12.693  -2.504  37.881 1.0000000000
55075  -26.482  -0.276  38.311 0.8750000000
53292  -13.373  -2.291  37.293 1.0000000000
55089  -25.404  -0.471  36.584 0.8750000000
55083  -26.118  -0.643  37.651 0.8750000000
111181  -13.803  -2.109  36.538 1.0000000000
106138  -13.826  -1.230  36.131 1.0000000000
54210  -25.616  -1.355  36.381 0.8750000000
55088  -25.071  -0.135  36.035 0.8750000000
53317  -15.070  -2.452  32.943 0.7500000000
55104  -24.184  -0.922  34.919 0.8750000000
55095  -25.114  -0.903  35.923 0.8750000000
121083  -15.227  -2.017  32.394 0.8750000000
53330  -16.057  -2.658  31.642 0.8750000000
112580  -16.119  -1.925  31.137 0.8750000000
53326  -23.426  -2.774  32.418 0.8750000000
53318  -23.777  -2.446  33.290 0.8750000000
54234  -23.341  -1.599  33.839 0.8750000000
54226  -24.408  -1.688  34.692 0.8750000000
53340  -17.388  -1.937  30.526 0.8750000000
53333  -22.472  -2.641  31.612 0.8750000000
54244  -23.107  -1.968  33.046 0.8750000000
53342  -19.077  -2.296  30.391 0.8750000000
53343  -19.994  -2.248  30.507 0.8750000000
53344  -20.854  -2.434  30.824 0.8750000000
53332  -21.726  -2.646  31.184 0.8750000000
46569  1.295  -9.655  51.511 0.6250000000
46561  -0.312  -9.282  52.588 0.7500000000
46577  -0.634  -9.118  48.716 0.5000000000
47421  -0.168  -8.381  49.498 0.6250000000
106782  -1.504  -9.554  52.822 0.7500000000
47398  -2.831  -8.228  53.586 0.7500000000
48288  -3.624  -6.973  53.214 0.8750000000
48283  -3.270  -7.308  53.437 0.8750000000
49271  0.384  -5.965  49.710 0.7500000000
48317  -3.842  -7.351  50.032 0.8750000000
101254  -3.822  -7.535  51.532 0.8750000000
50254  -0.824  -5.395  44.509 0.8750000000
106625  -4.594  -7.605  49.230 0.8750000000
51225  -1.053  -4.735  44.078 0.8750000000
51217  -0.408  -4.470  46.058 0.7500000000
50217  0.475  -5.265  49.325 0.7500000000
50218  0.072  -4.521  50.087 0.8750000000
48341  -4.597  -7.463  47.496 0.8750000000
48372  -4.479  -7.316  45.704 1.0000000000
119257  -12.294  -0.096  44.032 1.0000000000
109820  -12.797  0.216  44.099 1.0000000000
118460  -1.465  -4.587  42.677 0.8750000000
51241  -1.549  -4.379  42.072 0.8750000000
51211  -0.201  -4.082  47.480 0.7500000000
51204  0.504  -3.700  48.705 0.8750000000
116635  0.278  -3.689  49.926 0.8750000000
55042  -10.897  -0.735  43.234 1.0000000000
105363  -11.782  -0.542  43.116 1.0000000000
55038  -12.430  -0.154  43.415 1.0000000000
55870  -13.114  0.401  43.432 0.8750000000
51252  -1.549  -4.518  41.031 0.8750000000
51196  0.577  -3.074  49.346 0.7500000000
49341  -5.157  -6.760  43.771 1.0000000000
49353  -5.156  -6.171  43.127 1.0000000000
54176  -8.774  -1.840  42.044 1.0000000000
102140  -9.951  -1.068  42.849 1.0000000000
55875  -12.875  0.094  42.824 1.0000000000
103449  -29.169  -1.042  44.082 1.0000000000
55029  -29.330  -0.172  44.644 1.0000000000
55865  -29.511  0.685  44.942 1.0000000000
52281  -1.639  -3.830  40.310 0.8750000000
51242  -5.734  -4.686  42.231 1.0000000000
52264  -6.165  -3.982  41.875 1.0000000000
53252  -8.335  -2.487  41.436 1.0000000000
54177  -9.824  -1.597  41.978 1.0000000000
55043  -11.509  -0.870  42.509 1.0000000000
55044  -12.338  -0.433  42.493 1.0000000000
55045  -28.723  -0.437  42.576 1.0000000000
55860  -30.921  0.697  45.070 1.0000000000
110574  -31.272  1.860  44.096 1.0000000000
56662  -31.744  1.544  43.477 1.0000000000
51281  -1.601  -4.028  39.337 0.8750000000
52274  -6.761  -4.187  41.380 1.0000000000
52275  -7.319  -3.614  41.165 1.0000000000
53253  -9.248  -2.231  41.328 1.0000000000
108618  -10.766  -1.586  41.610 1.0000000000
55048  -11.972  -0.955  41.831 1.0000000000
55049  -12.575  -0.451  41.605 1.0000000000
55883  -28.356  0.266  41.882 1.0000000000
57556  -32.025  1.707  42.299 1.0000000000
115897  -1.661  -3.354  38.577 0.8750000000
52303  -2.060  -3.463  37.590 0.8750000000
53260  -8.769  -2.853  40.759 1.0000000000
53254  -10.163  -2.100  41.160 1.0000000000
54178  -11.543  -1.434  41.312 1.0000000000
58516  -31.714  2.604  42.274 1.0000000000
57561  -31.957  1.586  41.376 0.8750000000
52284  -9.156  -3.303  40.133 1.0000000000
53262  -10.431  -2.478  40.385 1.0000000000
53263  -11.216  -2.238  40.081 1.0000000000
55893  -27.293  0.285  39.719 0.8750000000
55889  -32.492  0.382  40.470 0.7500000000
56684  -31.995  1.260  40.413 0.8750000000
52305  -3.197  -3.593  37.368 0.8750000000
53286  -2.722  -2.995  37.727 0.8750000000
54189  -11.912  -1.927  39.756 1.0000000000
54190  -12.464  -1.565  39.298 1.0000000000
56691  -32.154  1.066  39.817 0.7500000000
57574  -31.694  1.802  40.140 0.8750000000
51311  -3.816  -4.239  37.136 0.8750000000
52306  -4.213  -3.642  37.667 0.8750000000
53269  -11.483  -2.475  39.306 1.0000000000
53280  -12.611  -1.994  38.605 1.0000000000
55892  -26.796  0.753  39.317 0.8750000000
55904  -32.392  0.902  38.112 0.6250000000
56703  -32.367  0.932  39.066 0.6250000000
105298  -3.554  -4.749  36.514 0.7500000000
51312  -4.820  -4.173  37.267 0.8750000000
108394  -5.219  -3.449  37.620 0.8750000000
52307  -5.749  -3.893  37.032 0.8750000000
106761  -7.763  -2.572  35.944 0.8750000000
53303  -8.239  -2.619  35.118 0.3750000000
53310  -8.784  -1.917  33.898 0.2500000000
102184  -8.872  -1.977  33.109 0.2500000000
117560  -8.520  -1.280  32.144 0.1250000000
54204  -13.184  -1.724  37.956 1.0000000000
55081  -13.428  -0.390  37.379 0.8750000000
55903  -26.353  0.710  38.609 0.8750000000
56690  -31.762  1.591  39.489 0.6250000000
51331  -4.465  -4.765  36.787 0.8750000000
52308  -6.085  -3.142  37.378 0.8750000000
51334  -6.928  -4.119  36.055 0.8750000000
110514  -7.503  -3.921  35.724 0.8750000000
54205  -13.562  -1.337  37.142 1.0000000000
55082  -25.671  -0.307  37.227 0.8750000000
55909  -25.473  0.288  36.936 0.8750000000
54263  -8.442  -1.375  30.986 0.2500000000
120096  -25.270  0.066  36.461 0.8750000000
54280  -7.861  -0.872  30.450 0.1250000000
54222  -14.055  -0.953  35.019 0.8750000000
55923  -24.850  0.342  35.511 0.8750000000
54216  -14.392  -2.002  34.719 0.8750000000
54223  -14.326  -1.346  34.155 0.8750000000
55937  -24.244  -0.101  34.854 0.8750000000
102850  -24.644  -0.483  35.468 0.8750000000
53323  -14.813  -1.629  32.813 0.7500000000
54239  -14.665  -0.682  32.478 0.7500000000
102739  -15.587  -1.997  31.790 0.8750000000
54224  -22.913  -1.092  34.100 0.8750000000
55103  -23.568  -0.802  34.401 0.8750000000
54252  -16.333  -1.135  30.791 0.8750000000
112142  -16.713  -1.740  30.720 0.8750000000
54242  -21.569  -1.487  32.670 0.8750000000
54243  -22.334  -1.663  32.906 0.8750000000
54233  -22.524  -1.364  33.714 0.8750000000
54266  -17.951  -1.250  30.348 0.8750000000
111729  -19.480  -1.686  30.557 0.8750000000
54269  -20.557  -1.763  31.050 0.8750000000
54255  -22.170  -1.982  31.829 0.8750000000
106207  0.259  -8.320  50.399 0.6250000000
47417  0.338  -7.789  51.551 0.6250000000
47405  0.592  -8.813  52.301 0.6250000000
47406  -0.829  -8.157  52.540 0.7500000000
117145  0.180  -7.682  50.268 0.7500000000
106680  -0.078  -6.935  51.212 0.7500000000
47415  -0.010  -7.831  52.143 0.7500000000
46562  -1.707  -8.617  52.980 0.7500000000
48313  -0.067  -6.068  50.454 0.7500000000
102810  -2.741  -6.831  53.146 0.8750000000
47407  -2.162  -7.552  53.190 0.7500000000
49272  -0.048  -5.305  50.376 0.8750000000
103397  -3.179  -7.207  50.951 0.8750000000
56654  -14.731  1.303  45.818 1.0000000000
57531  -14.979  1.953  46.211 0.8750000000
51224  -0.668  -4.593  44.973 0.8750000000
101151  -3.484  -7.307  49.240 0.8750000000
48340  -3.612  -7.070  47.529 0.8750000000
55862  -13.210  0.425  44.934 1.0000000000
56658  -14.509  1.481  45.034 0.8750000000
103240  -1.254  -4.204  43.652 0.8750000000
110954  -0.437  -3.795  46.503 0.8750000000
48327  -4.560  -7.570  48.391 0.8750000000
48357  -3.704  -6.988  46.397 0.8750000000
55037  -11.681  -0.347  43.933 1.0000000000
110981  -1.447  -4.069  42.921 0.8750000000
52214  -0.367  -3.323  47.380 1.0000000000
112222  0.199  -3.192  48.519 0.8750000000
48371  -3.837  -6.843  45.482 1.0000000000
49352  -4.596  -6.063  43.732 1.0000000000
106933  -13.514  0.696  44.197 1.0000000000
52273  -1.680  -3.659  41.382 0.8750000000
52203  0.098  -2.653  48.839 0.8750000000
50264  -4.755  -5.328  43.212 1.0000000000
51234  -5.095  -4.547  42.788 1.0000000000
54169  -9.188  -1.363  42.602 1.0000000000
55871  -13.646  1.074  43.418 0.8750000000
56657  -14.078  1.385  44.264 0.8750000000
55872  -28.805  1.045  43.692 1.0000000000
105595  -29.087  0.624  44.367 1.0000000000
120522  -29.486  1.348  44.875 1.0000000000
55859  -30.018  1.253  45.137 1.0000000000
53243  -6.931  -2.588  42.148 1.0000000000
54161  -8.245  -1.362  42.858 1.0000000000
108774  -13.042  0.201  42.050 1.0000000000
55876  -13.320  0.693  42.717 0.8750000000
56673  -28.504  1.567  42.938 1.0000000000
55877  -28.603  0.607  42.794 1.0000000000
117275  -30.248  1.924  44.819 1.0000000000
57544  -30.153  2.579  44.490 1.0000000000
52288  -1.684  -3.142  39.455 0.8750000000
53274  -1.771  -1.798  38.580 0.8750000000
56678  -28.132  1.200  42.129 1.0000000000
55882  -27.846  0.901  41.282 1.0000000000
57550  -31.465  2.353  43.438 1.0000000000
58520  -31.436  3.580  42.270 1.0000000000
53284  -1.878  -2.747  38.081 0.8750000000
53285  -2.221  -2.918  37.866 0.8750000000
54179  -12.303  -1.065  40.985 1.0000000000
58521  -31.510  3.172  41.791 0.8750000000
114220  -31.173  4.035  41.002 0.8750000000
59452  -31.514  4.926  40.798 0.8750000000
53276  -2.478  -2.283  38.082 0.8750000000
111802  -3.207  -1.843  38.361 0.8750000000
54185  -12.345  -1.318  40.090 1.0000000000
55062  -12.822  -0.857  39.549 1.0000000000
56689  -27.108  1.136  39.901 0.8750000000
58532  -31.114  3.015  40.919 0.8750000000
59461  -31.536  4.975  40.224 0.8750000000
113110  -3.091  -2.502  38.047 0.8750000000
53277  -3.987  -2.382  38.372 0.8750000000
53278  -5.017  -2.136  38.396 0.8750000000
53287  -5.581  -2.662  37.896 0.8750000000
107361  -13.218  -0.235  39.044 0.8750000000
57573  -31.231  2.527  39.796 0.8750000000
59473  -31.498  4.898  39.470 0.8750000000
52298  -4.628  -2.928  38.062 0.8750000000
53288  -6.273  -2.458  37.641 0.8750000000
53296  -7.404  -2.029  36.747 0.8750000000
55074  -13.303  -0.272  38.198 0.8750000000
55908  -13.390  0.436  37.652 0.8750000000
56700  -26.337  1.607  38.362 0.8750000000
58549  -31.110  4.196  38.849 0.8750000000
53295  -6.756  -2.680  37.114 0.8750000000
108865  -7.177  -2.855  36.498 0.8750000000
53302  -8.209  -1.826  35.419 0.6250000000
107653  -8.531  -1.865  34.640 0.5000000000
54229  -8.606  -1.285  33.398 0.2500000000
54198  -13.314  -0.981  37.888 0.8750000000
106482  -25.907  1.053  38.005 0.8750000000
56701  -30.972  2.077  38.117 0.6250000000
117206  -30.760  2.759  38.417 0.8750000000
58558  -31.139  4.230  37.814 0.6250000000
116510  -8.586  -1.352  32.703 0.2500000000
101925  -8.354  -0.816  32.399 0.1250000000
55087  -13.595  -0.489  36.547 0.8750000000
116902  -13.524  0.191  35.996 0.8750000000
107257  -25.680  0.957  37.363 0.8750000000
57593  -30.665  2.740  37.665 0.6250000000
58557  -30.801  3.384  37.292 0.7500000000
59493  -31.798  4.915  37.330 0.6250000000
59494  -32.666  5.246  36.924 0.5000000000
55144  -8.181  -0.905  31.708 0.2500000000
118684  -13.739  -0.489  35.781 0.8750000000
55094  -13.730  0.024  35.199 0.8750000000
57609  -25.843  1.978  35.557 0.8750000000
56715  -25.846  1.512  36.851 0.8750000000
58567  -31.218  4.042  36.873 0.6250000000
59508  -31.947  4.561  36.469 0.5000000000
58580  -32.882  4.018  35.485 0.5000000000
114602  -7.784  -0.772  31.086 0.2500000000
109553  -13.951  -0.084  34.451 0.8750000000
56725  -25.272  1.161  35.518 0.8750000000
56707  -25.536  0.934  36.739 0.8750000000
54230  -14.439  -1.119  33.365 0.7500000000
55115  -14.340  -0.360  33.183 0.7500000000
56742  -24.775  0.891  34.810 0.8750000000
104377  -14.487  0.197  32.651 0.7500000000
55952  -24.227  0.595  34.100 0.8750000000
56760  -24.793  1.503  33.993 0.8750000000
55129  -15.207  -0.561  31.653 0.8750000000
55145  -15.910  -0.417  31.045 0.8750000000
102976  -22.883  -0.278  33.702 0.7500000000
55951  -23.569  -0.273  34.176 0.8750000000
55158  -16.756  -0.357  30.623 0.8750000000
55159  -17.657  -0.435  30.495 0.8750000000
55118  -22.161  -1.080  33.932 0.7500000000
55950  -21.903  -0.703  34.027 0.7500000000
55160  -18.570  -0.631  30.613 0.7500000000
54253  -20.316  -1.238  31.658 0.7500000000
54241  -20.911  -1.354  32.348 0.7500000000
55117  -21.284  -1.053  34.048 0.7500000000
55965  -21.650  -0.037  33.743 0.7500000000
48305  -0.814  -6.892  51.838 0.8750000000
47416  -1.598  -7.103  52.458 0.8750000000
102907  -2.391  -6.180  51.491 0.8750000000
48307  -2.723  -6.894  51.800 0.8750000000
52226  -1.002  -3.071  45.296 0.8750000000
105515  -1.027  -3.829  44.467 0.8750000000
52238  -0.640  -3.826  45.545 0.8750000000
48326  -3.117  -6.866  48.738 0.8750000000
105456  -3.758  -7.363  48.233 0.8750000000
108893  -14.991  2.634  45.774 0.8750000000
55019  -12.236  0.047  44.732 1.0000000000
57541  -14.778  1.980  45.397 0.8750000000
52250  -1.427  -3.436  43.541 0.8750000000
52262  -1.623  -3.557  42.335 0.8750000000
53210  -0.690  -2.724  47.273 1.0000000000
104666  -0.976  -4.736  50.827 0.8750000000
50219  -1.018  -4.024  50.319 1.0000000000
49308  -3.249  -6.384  47.262 0.8750000000
111448  -4.085  -6.017  44.410 1.0000000000
54163  -9.966  -0.697  43.698 1.0000000000
58511  -14.447  3.081  44.292 0.8750000000
53205  -0.277  -2.890  48.137 0.8750000000
53203  -1.016  -2.698  48.729 1.0000000000
51197  -0.337  -3.104  49.874 1.0000000000
49339  -3.662  -6.087  45.186 1.0000000000
56665  -14.014  1.896  43.441 0.8750000000
56666  -14.442  2.161  44.398 0.8750000000
57549  -28.671  2.832  43.688 1.0000000000
56667  -28.738  1.967  43.732 1.0000000000
55864  -29.116  1.446  44.464 1.0000000000
56660  -29.569  1.956  44.743 1.0000000000
53259  -2.008  -1.773  40.235 0.8750000000
54182  -1.709  -1.279  39.236 0.8750000000
52198  -0.122  -2.778  49.343 1.0000000000
52199  -1.309  -2.993  49.275 1.0000000000
51198  -1.800  -3.692  49.465 1.0000000000
51205  -2.802  -4.130  48.506 1.0000000000
51233  -4.531  -4.416  43.473 1.0000000000
52252  -4.993  -3.676  43.089 1.0000000000
53242  -6.211  -3.159  42.256 1.0000000000
106633  -13.450  0.941  42.057 0.8750000000
56671  -13.677  1.571  42.549 0.8750000000
56672  -28.029  2.046  42.337 1.0000000000
57543  -29.444  2.672  44.408 1.0000000000
58505  -29.700  3.328  44.175 1.0000000000
58506  -30.477  3.302  43.998 1.0000000000
105178  -1.677  -2.580  38.678 0.8750000000
55067  -1.955  -0.410  38.656 0.8750000000
53207  -2.179  -2.733  48.632 1.0000000000
52204  -2.406  -3.375  48.753 1.0000000000
52215  -3.015  -3.619  47.946 1.0000000000
52263  -5.581  -3.796  42.468 1.0000000000
114866  -6.377  -2.463  42.666 1.0000000000
55050  -13.050  0.083  41.209 0.8750000000
57559  -13.725  2.484  41.934 0.8750000000
57553  -13.919  2.343  42.751 0.8750000000
56677  -27.681  1.751  41.541 1.0000000000
114710  -30.736  3.870  43.523 1.0000000000
58514  -31.183  3.958  42.931 1.0000000000
60326  -31.649  5.151  41.840 1.0000000000
53275  -2.028  -2.050  38.228 0.8750000000
54194  -2.390  -1.318  38.428 0.8750000000
55887  -13.291  0.626  40.650 0.8750000000
56682  -13.451  1.444  40.758 0.8750000000
56683  -27.422  1.473  40.679 0.8750000000
59439  -31.453  4.113  41.749 1.0000000000
59444  -31.522  4.703  41.227 0.8750000000
105966  -31.905  5.481  40.941 0.8750000000
54195  -4.253  -1.480  38.608 0.8750000000
117917  -5.306  -1.292  38.580 0.8750000000
55057  -13.062  -0.050  40.518 0.8750000000
107165  -13.253  0.393  40.075 0.8750000000
104977  -13.379  1.132  39.919 0.8750000000
59453  -32.104  5.683  40.550 0.8750000000
61266  -33.293  7.405  39.782 0.7500000000
54201  -6.029  -1.812  38.151 0.8750000000
57583  -26.747  2.362  38.783 0.8750000000
118470  -26.878  2.144  39.367 0.8750000000
60357  -32.282  5.771  39.660 0.7500000000
60358  -33.224  6.706  39.399 0.7500000000
61280  -33.984  7.386  38.916 0.8750000000
53289  -6.762  -1.902  37.496 0.8750000000
54209  -7.761  -1.071  36.514 0.7500000000
54215  -8.486  -1.072  34.993 0.5000000000
55902  -13.385  0.625  38.552 0.8750000000
56699  -13.414  1.648  38.545 0.8750000000
58555  -26.893  3.160  37.231 0.8750000000
57592  -26.540  2.353  37.840 0.8750000000
60411  -28.080  6.217  33.491 0.8750000000
61342  -28.564  6.247  33.048 0.8750000000
61343  -29.330  6.218  33.017 0.8750000000
59481  -31.795  5.212  38.492 0.6250000000
61293  -34.456  7.264  38.136 0.8750000000
54221  -8.596  -1.158  34.162 0.2500000000
102482  -13.415  1.183  37.876 0.8750000000
58564  -26.625  2.999  36.245 0.8750000000
107550  -26.305  2.287  36.871 0.8750000000
60410  -27.433  5.796  33.272 0.8750000000
60423  -27.241  5.806  32.454 0.8750000000
60367  -32.697  6.046  38.726 0.6250000000
60368  -33.584  6.571  38.330 0.7500000000
60369  -34.230  6.610  37.640 0.8750000000
60371  -35.295  6.937  37.123 0.8750000000
119026  -8.459  -0.849  32.967 0.2500000000
100450  -8.115  -0.262  32.082 0.2500000000
102594  -13.446  0.305  36.824 0.8750000000
55914  -13.402  0.969  36.260 0.8750000000
109375  -26.229  2.394  36.075 0.8750000000
107174  -27.900  5.741  31.935 0.8750000000
59482  -32.618  5.694  37.827 0.6250000000
60380  -33.521  5.943  37.386 0.5000000000
60381  -34.611  5.910  37.045 0.5000000000
60382  -35.366  5.970  36.800 0.6250000000
55143  -7.438  -0.372  31.431 0.2500000000
55922  -13.555  0.834  35.418 0.8750000000
57597  -25.984  1.902  36.301 0.8750000000
60443  -27.134  5.636  31.624 0.8750000000
60463  -27.793  5.266  31.150 0.8750000000
59510  -33.819  4.630  36.032 0.5000000000
113296  -34.514  5.126  36.437 0.5000000000
59496  -35.285  5.119  36.422 0.6250000000
55934  -13.805  0.692  34.559 0.7500000000
56738  -13.957  1.427  33.925 0.7500000000
56743  -25.349  1.744  34.752 0.8750000000
60462  -27.034  5.365  30.804 0.8750000000
56783  -24.194  1.596  32.383 0.8750000000
60471  -26.930  5.145  29.962 0.8750000000
59511  -34.890  4.403  36.121 0.5000000000
55978  -14.867  0.142  31.944 0.7500000000
100629  -24.239  1.182  33.244 0.8750000000
56782  -23.607  0.918  32.639 0.8750000000
55995  -17.303  0.306  30.727 0.8750000000
55996  -18.243  0.116  30.900 0.7500000000
55966  -22.426  0.135  33.277 0.7500000000
56800  -22.572  1.242  31.736 0.7500000000
55146  -19.019  -0.361  31.451 0.7500000000
55116  -20.704  -1.034  33.970 0.7500000000
55949  -21.067  -0.804  34.272 0.7500000000
56781  -22.142  0.653  32.608 0.7500000000
48314  -0.637  -6.035  51.229 0.7500000000
103390  -1.299  -5.966  51.780 0.8750000000
53219  -1.406  -2.332  45.075 0.8750000000
48306  -1.968  -6.250  52.154 0.8750000000
49274  -2.554  -5.982  49.408 0.8750000000
58494  -15.089  2.696  46.698 0.8750000000
53228  -1.347  -2.931  44.373 0.8750000000
49263  -0.857  -5.315  51.178 0.8750000000
48325  -2.717  -6.221  49.976 0.8750000000
55857  -13.683  0.567  45.858 1.0000000000
49290  -2.974  -6.368  48.326 0.8750000000
58504  -14.789  3.452  45.214 0.8750000000
53233  -1.658  -2.604  43.658 0.8750000000
53240  -2.065  -2.199  42.358 0.8750000000
52225  -0.658  -3.178  46.321 1.0000000000
49289  -2.097  -5.112  49.748 0.8750000000
50227  -2.348  -4.643  49.063 1.0000000000
49324  -3.320  -6.176  46.211 0.8750000000
55036  -10.720  -0.474  44.213 1.0000000000
58512  -28.739  3.661  43.555 1.0000000000
57542  -29.061  3.162  44.057 1.0000000000
53234  -1.918  -2.236  43.123 0.8750000000
54167  -2.398  -1.379  41.991 0.8750000000
53211  -1.200  -2.100  47.409 1.0000000000
110956  -1.431  -2.152  48.168 1.0000000000
116062  -14.131  3.556  43.614 0.8750000000
58519  -28.490  3.899  43.016 1.0000000000
102687  -28.341  3.212  43.075 1.0000000000
56659  -29.061  2.339  44.216 1.0000000000
58513  -29.278  3.971  43.802 1.0000000000
54175  -2.337  -1.376  40.983 0.8750000000
55055  -2.015  -0.794  40.109 0.8750000000
119401  -1.822  -2.260  48.518 1.0000000000
53204  -2.425  -2.020  48.327 1.0000000000
51226  -4.004  -4.230  44.382 1.0000000000
54168  -7.052  -1.783  42.851 1.0000000000
110894  -13.920  2.953  42.541 0.8750000000
57548  -14.142  2.790  43.390 0.8750000000
58524  -28.132  3.438  42.266 1.0000000000
115813  -28.076  2.747  42.522 1.0000000000
59431  -29.676  4.660  43.415 1.0000000000
60307  -30.094  5.236  42.996 1.0000000000
105156  -1.654  -0.547  39.175 0.8750000000
54193  -1.938  -1.271  38.596 0.8750000000
53241  -5.624  -2.893  42.934 1.0000000000
111746  -28.207  4.058  41.527 1.0000000000
58523  -27.762  3.175  41.219 1.0000000000
57554  -27.766  2.575  41.809 1.0000000000
59437  -30.815  5.121  42.748 1.0000000000
60325  -31.799  5.992  41.965 1.0000000000
61233  -31.522  6.724  41.810 1.0000000000
52216  -3.237  -3.136  47.283 1.0000000000
57563  -13.568  2.309  40.997 0.8750000000
58530  -27.842  3.793  40.534 1.0000000000
57564  -27.458  2.317  40.921 1.0000000000
114306  -31.969  5.677  41.341 0.8750000000
61249  -32.046  7.096  41.214 1.0000000000
62162  -32.591  7.525  40.480 1.0000000000
55068  -2.827  -0.295  38.594 0.8750000000
54196  -4.749  -0.845  38.737 0.8750000000
55071  -5.379  -0.488  38.681 0.8750000000
57569  -13.461  2.168  40.010 0.8750000000
100913  -27.464  2.909  40.255 1.0000000000
60390  -28.427  6.120  35.063 0.8750000000
61318  -28.830  6.622  34.643 0.8750000000
61308  -28.899  6.565  35.382 0.8750000000
60335  -32.366  6.075  40.924 0.8750000000
61267  -33.994  7.863  39.065 0.8750000000
54202  -6.677  -1.101  37.855 0.8750000000
117916  -13.414  2.382  39.062 0.8750000000
58538  -27.524  3.538  39.510 0.8750000000
57584  -27.115  3.065  38.911 0.8750000000
57572  -27.138  2.666  39.459 0.8750000000
60389  -27.912  5.506  34.970 0.8750000000
60400  -28.252  6.209  34.304 0.8750000000
61330  -28.856  6.536  33.766 0.8750000000
61319  -29.501  6.828  34.451 0.8750000000
61282  -34.865  7.561  37.798 0.8750000000
55080  -7.071  -0.474  37.469 0.8750000000
55092  -8.029  -0.201  36.225 0.7500000000
59471  -27.875  4.265  38.994 0.8750000000
119799  -27.255  3.646  37.867 0.8750000000
58546  -26.953  3.057  38.213 0.8750000000
60399  -27.660  5.722  34.049 0.8750000000
61331  -29.805  6.568  33.707 0.8750000000
113117  -30.293  6.900  34.392 1.0000000000
61281  -34.524  7.786  38.455 0.8750000000
54214  -8.170  -1.020  35.792 0.7500000000
55101  -8.523  -0.367  34.532 0.3750000000
56713  -13.362  1.770  36.546 0.8750000000
59532  -27.174  5.280  33.794 0.8750000000
60424  -27.968  6.088  32.707 0.8750000000
106239  -28.803  5.734  32.334 0.8750000000
61344  -30.295  6.044  33.058 0.8750000000
60412  -31.279  5.821  33.140 1.0000000000
55921  -8.482  0.465  34.982 0.7500000000
55114  -8.504  -0.514  33.588 0.2500000000
55128  -8.375  -0.327  32.817 0.2500000000
56723  -13.473  1.635  35.696 0.8750000000
57620  -13.639  2.333  35.143 0.7500000000
57625  -26.457  3.343  34.716 0.8750000000
60422  -26.545  5.433  32.157 0.8750000000
60444  -28.615  5.144  31.482 0.8750000000
60445  -29.511  5.022  31.715 0.8750000000
60446  -30.444  4.916  31.869 1.0000000000
60426  -30.827  5.377  32.508 1.0000000000
60383  -35.732  5.685  36.421 0.7500000000
57621  -13.919  2.274  34.268 0.7500000000
58589  -26.019  3.247  33.847 0.8750000000
57610  -26.334  2.799  35.456 0.8750000000
59582  -28.472  4.653  30.694 0.8750000000
59562  -29.252  4.523  31.011 0.8750000000
59497  -35.848  4.829  36.293 0.6250000000
56755  -14.326  1.406  33.065 0.7500000000
117298  -25.338  3.557  32.159 0.8750000000
57640  -25.454  2.855  33.248 0.8750000000
60461  -26.323  5.385  30.483 0.7500000000
59581  -27.697  4.867  30.317 0.8750000000
59583  -29.190  4.078  30.223 0.8750000000
118605  -29.681  4.199  30.674 1.0000000000
110775  -30.133  4.414  31.117 1.0000000000
58568  -35.794  4.169  36.300 0.6250000000
55960  -14.748  0.824  32.182 0.7500000000
57658  -24.604  2.348  32.154 0.8750000000
56761  -25.412  2.337  33.935 0.8750000000
60470  -26.178  5.362  29.662 0.8750000000
59597  -27.624  4.473  29.398 0.8750000000
109958  -28.336  4.291  29.874 0.8750000000
58664  -28.819  3.772  29.289 0.8750000000
59584  -30.815  4.055  30.799 1.0000000000
55961  -15.171  0.780  31.745 0.7500000000
56796  -16.497  1.243  31.389 0.8750000000
56802  -24.115  1.928  31.747 0.7500000000
59610  -25.801  5.017  27.927 0.7500000000
59611  -26.542  4.680  28.265 0.8750000000
59612  -27.294  4.275  28.513 0.7500000000
58677  -28.120  3.852  28.694 0.7500000000
58666  -30.488  3.390  29.651 1.0000000000
55980  -16.367  0.456  31.020 0.8750000000
117357  -17.066  0.878  31.079 0.7500000000
56801  -23.475  1.385  31.808 0.7500000000
60505  -25.077  5.218  26.483 0.6250000000
59621  -25.675  4.851  27.002 0.6250000000
59623  -27.034  4.200  27.825 0.7500000000
58688  -27.720  3.763  27.772 0.7500000000
58689  -28.458  3.465  28.017 0.7500000000
58678  -29.438  3.318  28.800 0.7500000000
55981  -17.794  0.665  31.323 0.7500000000
55982  -18.607  0.206  31.897 0.7500000000
56799  -21.815  1.254  31.984 0.7500000000
56819  -22.238  1.868  31.048 0.7500000000
60514  -25.245  5.229  25.456 0.7500000000
115139  -26.223  4.504  26.523 0.7500000000
59628  -26.319  4.423  25.743 0.7500000000
58697  -27.688  3.627  26.789 0.7500000000
109764  -28.430  3.318  27.242 0.7500000000
55963  -19.395  -0.382  32.771 0.7500000000
55130  -20.156  -0.820  33.544 0.7500000000
55948  -20.473  -0.712  34.293 0.7500000000
56798  -21.212  1.249  32.628 0.7500000000
57672  -21.396  1.946  31.464 0.7500000000
112145  -25.861  4.779  25.363 0.7500000000
59634  -25.735  5.002  24.802 0.7500000000
59636  -26.926  4.032  25.277 0.7500000000
58717  -27.600  3.713  24.635 0.7500000000
56779  -20.973  0.246  33.869 0.7500000000
57657  -20.683  1.099  33.477 0.6250000000
48315  -1.958  -5.724  51.081 0.8750000000
49273  -1.902  -5.442  50.485 0.8750000000
59412  -15.024  4.089  46.040 0.7500000000
114669  -1.631  -2.288  44.313 0.8750000000
54141  -1.650  -1.672  45.660 1.0000000000
119451  -2.513  -5.811  48.921 0.8750000000
55856  -12.681  0.290  45.702 1.0000000000
116051  -15.086  3.295  46.186 0.7500000000
114599  -14.666  4.849  45.945 0.7500000000
54136  -1.570  -1.549  46.674 1.0000000000
55028  -11.343  -0.250  44.879 1.0000000000
54159  -2.245  -1.624  42.954 0.8750000000
53218  -1.114  -2.343  46.223 1.0000000000
50233  -2.979  -4.997  47.813 0.8750000000
112178  -3.061  -5.727  47.189 1.0000000000
50244  -3.357  -5.267  45.712 1.0000000000
59423  -14.403  4.401  45.211 0.7500000000
59411  -13.939  5.326  45.399 0.7500000000
102684  -2.526  -0.994  42.776 0.8750000000
55047  -2.434  -0.698  41.240 0.8750000000
54131  -1.832  -1.435  47.620 1.0000000000
50234  -3.134  -5.186  46.718 1.0000000000
54162  -9.141  -0.927  43.290 1.0000000000
58503  -14.251  3.945  44.314 0.7500000000
59436  -29.501  5.119  43.037 1.0000000000
113231  -2.222  -0.031  40.651 0.8750000000
55886  -1.935  0.597  40.339 0.8750000000
54127  -2.045  -1.687  48.229 1.0000000000
54128  -2.556  -1.381  48.169 1.0000000000
51212  -3.065  -4.365  47.355 1.0000000000
51213  -3.211  -4.417  46.335 1.0000000000
51218  -3.549  -4.386  45.374 1.0000000000
58510  -13.911  3.598  42.843 0.8750000000
105954  -13.732  4.372  43.403 0.7500000000
115256  -28.622  4.363  42.477 1.0000000000
55890  -1.589  0.723  38.970 0.8750000000
54129  -3.091  -1.288  48.182 1.0000000000
53208  -2.903  -2.210  48.208 1.0000000000
52205  -2.902  -2.902  48.230 1.0000000000
52251  -4.544  -3.548  43.814 1.0000000000
59434  -13.553  4.339  42.419 0.7500000000
102456  -28.821  4.918  41.764 1.0000000000
119570  -29.680  5.719  42.368 1.0000000000
60316  -30.482  5.754  42.538 1.0000000000
62145  -31.186  7.264  41.550 1.0000000000
55896  -1.774  0.364  38.792 0.8750000000
53212  -3.365  -2.380  47.598 1.0000000000
112279  -3.131  -3.807  46.983 1.0000000000
52227  -3.413  -3.556  46.141 1.0000000000
52239  -3.794  -3.673  45.171 1.0000000000
52240  -4.228  -3.263  44.627 1.0000000000
107625  -13.628  3.047  41.252 0.8750000000
59451  -28.344  4.636  40.828 1.0000000000
109075  -28.515  5.036  40.201 1.0000000000
106478  -28.704  5.414  39.003 0.8750000000
60366  -28.657  5.614  37.403 0.8750000000
61291  -29.107  6.273  37.031 0.8750000000
61299  -28.992  6.444  36.169 0.8750000000
62161  -31.763  7.623  40.890 1.0000000000
62175  -32.312  8.047  40.193 1.0000000000
55897  -2.150  0.417  38.626 0.8750000000
55898  -2.891  0.572  38.649 0.8750000000
107624  -13.505  3.069  40.466 0.8750000000
59460  -28.392  4.920  39.411 0.8750000000
59472  -28.263  4.880  38.566 0.8750000000
59492  -28.193  5.094  36.910 0.8750000000
60379  -28.598  5.761  36.526 0.8750000000
117102  -28.549  5.964  35.734 0.8750000000
61309  -29.458  7.007  35.751 0.8750000000
62225  -30.119  7.279  35.191 0.8750000000
62176  -33.114  8.007  39.835 1.0000000000
55070  -4.678  -0.262  38.776 0.8750000000
55900  -5.214  0.408  38.754 0.8750000000
54197  -6.090  -0.847  38.420 0.8750000000
109356  -13.419  3.102  39.558 0.8750000000
59459  -28.039  4.365  39.907 0.8750000000
60378  -28.122  5.252  35.929 0.8750000000
121056  -28.261  5.692  35.415 0.8750000000
103122  -29.323  6.943  35.053 0.8750000000
116057  -33.663  8.274  39.164 1.0000000000
62186  -34.373  8.222  38.577 0.8750000000
62187  -34.839  8.089  38.067 0.8750000000
55072  -6.057  0.033  38.525 0.8750000000
55079  -6.668  -0.220  38.031 0.8750000000
54203  -7.243  -1.167  37.195 0.8750000000
59479  -27.701  4.306  38.047 0.8750000000
59491  -27.712  4.508  36.541 0.8750000000
61320  -31.242  6.897  34.510 1.0000000000
119333  -34.890  8.221  37.721 0.8750000000
55906  -6.563  0.654  38.087 0.8750000000
55086  -7.541  -0.290  36.896 0.8750000000
55093  -8.381  -0.228  35.433 0.7500000000
112171  -13.311  3.005  37.147 0.8750000000
58565  -27.187  3.759  36.364 0.8750000000
59507  -27.459  4.492  35.493 0.8750000000
59520  -27.332  4.951  34.501 0.8750000000
112274  -30.767  6.420  33.757 1.0000000000
61332  -31.781  6.268  33.811 1.0000000000
61333  -32.763  6.149  33.867 1.0000000000
61334  -33.665  6.015  34.062 1.0000000000
62196  -35.055  7.813  37.511 0.8750000000
109252  -8.491  0.256  34.063 0.5000000000
112661  -8.423  0.096  33.317 0.2500000000
104559  -13.433  2.390  35.981 0.8750000000
58578  -26.853  3.561  35.489 0.8750000000
113193  -26.815  4.631  33.970 0.8750000000
60414  -33.163  5.593  33.354 1.0000000000
61312  -35.586  6.588  36.516 0.8750000000
55945  -8.431  0.737  33.500 0.2500000000
55959  -8.290  0.370  32.664 0.2500000000
57604  -13.622  3.095  35.480 0.8750000000
110935  -13.922  3.072  34.622 0.7500000000
58605  -26.340  4.229  33.420 0.8750000000
59543  -26.144  4.715  32.566 0.8750000000
60427  -31.816  5.184  32.517 1.0000000000
119439  -31.848  4.784  32.044 1.0000000000
60428  -32.732  5.166  32.687 1.0000000000
57634  -14.321  2.222  33.386 0.7500000000
58618  -25.649  4.270  32.024 0.8750000000
59560  -25.469  4.634  31.271 0.8750000000
59561  -25.970  5.044  31.738 0.8750000000
59563  -31.797  4.502  31.610 1.0000000000
59544  -32.396  4.683  32.035 1.0000000000
59545  -33.157  4.691  32.265 1.0000000000
60429  -33.521  5.089  32.895 1.0000000000
121066  -15.157  2.590  32.460 0.7500000000
59559  -24.906  4.166  30.836 0.8750000000
59595  -24.938  5.242  29.845 0.7500000000
60460  -25.632  5.363  30.170 0.7500000000
59585  -31.652  3.993  30.887 1.0000000000
59564  -32.411  4.220  31.361 1.0000000000
57615  -36.841  2.490  36.618 0.7500000000
57655  -16.271  2.522  32.129 0.7500000000
58647  -23.315  3.110  30.152 0.7500000000
57675  -24.352  2.528  31.429 0.7500000000
60493  -24.030  5.482  27.418 0.7500000000
60503  -23.615  5.841  26.480 0.6250000000
60482  -25.242  5.343  28.527 0.7500000000
58667  -31.255  3.175  29.542 1.0000000000
58651  -32.509  3.723  30.695 1.0000000000
56777  -17.619  1.533  32.360 0.8750000000
56797  -17.336  1.261  31.593 0.7500000000
58646  -21.852  3.053  29.986 0.7500000000
57691  -23.117  2.256  30.691 0.7500000000
61404  -24.022  6.386  25.158 0.6250000000
60504  -24.499  5.594  25.973 0.6250000000
58690  -29.256  3.024  27.851 0.7500000000
57710  -30.046  2.924  28.487 0.7500000000
58680  -31.316  2.809  28.918 0.7500000000
101662  -31.878  3.425  30.099 1.0000000000
56778  -18.109  0.824  32.217 0.7500000000
57690  -21.607  2.499  30.624 0.7500000000
113133  -22.430  2.607  30.332 0.7500000000
62337  -23.732  7.710  24.301 0.5000000000
61415  -24.372  6.578  24.536 0.6250000000
60521  -25.353  5.509  24.511 0.7500000000
58698  -28.363  3.233  26.258 0.7500000000
58699  -29.117  2.879  26.721 0.7500000000
118051  -30.117  2.671  27.832 0.7500000000
57711  -30.844  2.634  28.249 0.7500000000
55936  -19.038  0.133  34.400 0.6250000000
55947  -19.773  -0.315  34.013 0.7500000000
56759  -20.277  -0.136  34.351 0.7500000000
57671  -20.804  2.049  32.007 0.7500000000
57689  -20.936  2.629  31.011 0.7500000000
61429  -24.810  6.984  23.824 0.7500000000
60528  -25.675  5.839  23.754 0.6250000000
59645  -26.937  4.153  24.420 0.7500000000
105943  -27.289  4.104  23.889 0.7500000000
57733  -29.029  2.817  25.722 0.7500000000
57734  -29.854  2.432  26.125 0.7500000000
57722  -29.867  2.588  27.102 0.7500000000
56741  -19.391  -0.010  35.059 0.6250000000
56758  -19.814  -0.123  34.719 0.6250000000
57638  -20.316  0.534  34.401 0.6250000000
58630  -20.461  2.939  31.499 0.7500000000
61431  -26.126  6.504  23.191 0.6250000000
60529  -26.397  5.496  23.406 0.7500000000
60541  -26.890  5.966  22.971 0.7500000000
59653  -27.519  4.466  23.318 0.7500000000
58718  -28.402  3.365  24.288 0.7500000000
57747  -28.990  2.876  24.783 0.7500000000
60530  -27.136  5.147  23.056 0.6250000000
110124  -14.729  1.211  46.236 1.0000000000
59409  -15.196  3.685  47.158 0.8750000000
61205  -13.895  6.196  46.031 0.7500000000
112649  -1.827  -1.738  44.724 0.8750000000
55012  -1.970  -1.127  46.112 1.0000000000
55018  -11.797  -0.017  45.673 1.0000000000
55033  -2.498  -1.032  43.636 1.0000000000
54152  -2.237  -1.292  44.361 1.0000000000
55004  -2.045  -0.928  46.882 1.0000000000
101304  -9.948  -0.519  44.569 1.0000000000
60300  -13.199  6.068  45.078 0.7500000000
104740  -2.635  -0.305  43.067 1.0000000000
55035  -9.210  -0.648  44.153 1.0000000000
59422  -13.776  4.786  44.438 0.7500000000
55041  -2.551  -0.508  42.170 0.8750000000
108439  -2.458  -0.045  41.539 0.8750000000
54997  -2.287  -0.845  47.506 1.0000000000
54132  -2.393  -1.085  47.974 1.0000000000
60304  -13.281  5.268  43.703 0.7500000000
60303  -12.931  6.028  44.071 0.7500000000
55880  -2.274  0.576  41.243 1.0000000000
54130  -3.597  -0.418  48.216 1.0000000000
59435  -29.252  5.179  42.599 1.0000000000
114119  -29.443  5.732  41.971 1.0000000000
60334  -29.739  6.416  41.516 1.0000000000
113987  -30.034  6.890  40.864 1.0000000000
55054  -1.716  0.139  39.545 0.8750000000
54133  -3.635  -1.569  47.774 1.0000000000
109795  -5.042  -3.035  43.499 1.0000000000
53237  -6.132  -2.039  43.276 1.0000000000
59441  -13.350  4.515  41.590 0.7500000000
120662  -13.299  4.825  42.141 0.7500000000
60324  -30.084  6.348  42.251 1.0000000000
61232  -30.388  7.019  41.670 1.0000000000
62160  -30.836  7.398  40.971 1.0000000000
56693  -1.826  1.147  38.748 0.8750000000
53221  -4.221  -2.223  45.926 1.0000000000
52228  -3.924  -2.955  45.541 1.0000000000
53235  -4.792  -2.773  44.146 1.0000000000
106409  -13.469  3.793  40.988 0.7500000000
60333  -29.024  5.543  40.997 1.0000000000
60342  -28.924  5.722  39.885 1.0000000000
60356  -28.697  5.516  38.263 0.8750000000
61278  -29.193  6.158  37.944 0.8750000000
61292  -29.650  6.842  37.555 0.8750000000
62174  -31.388  7.816  40.293 1.0000000000
62185  -31.854  8.230  39.663 1.0000000000
110916  -2.422  1.057  38.655 0.8750000000
56695  -3.397  1.359  38.740 0.8750000000
58527  -13.313  3.955  40.022 0.7500000000
61300  -29.560  6.931  36.632 0.8750000000
62217  -30.926  7.696  36.010 0.8750000000
62205  -31.779  8.076  36.792 1.0000000000
63083  -32.786  8.288  39.491 1.0000000000
63097  -33.191  8.507  38.813 1.0000000000
109889  -4.644  1.234  38.810 0.8750000000
110466  -13.328  3.217  38.609 0.7500000000
63098  -33.995  8.514  38.484 0.8750000000
111328  -5.600  1.310  38.620 0.8750000000
58552  -13.284  3.744  37.709 0.8750000000
62226  -31.068  7.422  35.254 1.0000000000
62227  -32.037  7.296  35.196 1.0000000000
113416  -35.017  8.047  37.201 0.8750000000
62208  -35.245  7.428  36.882 0.8750000000
55907  -7.143  0.461  37.323 1.0000000000
55913  -7.687  0.586  36.601 1.0000000000
58561  -13.372  3.804  36.737 0.8750000000
61321  -32.354  6.719  34.484 1.0000000000
61311  -35.328  7.018  36.155 0.8750000000
56712  -7.747  1.269  36.395 1.0000000000
61322  -33.302  6.602  34.553 1.0000000000
61323  -34.174  6.513  34.817 1.0000000000
60392  -36.211  5.022  36.129 1.0000000000
56754  -8.378  1.491  33.631 0.3750000000
56774  -8.366  1.169  32.831 0.2500000000
59593  -23.450  4.434  29.164 0.6250000000
115119  -36.262  4.491  36.254 0.8750000000
59512  -36.572  4.351  36.236 1.0000000000
59513  -37.057  3.963  36.284 1.0000000000
58586  -14.416  3.780  34.196 0.7500000000
59608  -23.073  4.869  28.604 0.6250000000
60430  -34.175  4.967  33.130 1.0000000000
59546  -34.597  4.535  32.851 1.0000000000
111322  -36.457  3.766  36.464 0.8750000000
58569  -37.030  3.175  36.791 0.8750000000
57601  -37.478  2.640  36.700 0.8750000000
58599  -14.976  3.714  33.465 0.7500000000
57635  -14.903  2.944  32.921 0.7500000000
59579  -23.800  4.034  29.796 0.7500000000
59609  -23.931  5.089  28.779 0.6250000000
114924  -22.302  6.308  26.839 0.6250000000
109925  -32.919  4.374  31.729 1.0000000000
103640  -33.855  4.614  32.491 1.0000000000
57599  -36.704  3.099  36.743 0.7500000000
56718  -37.513  2.290  36.672 0.7500000000
56729  -37.931  1.643  36.500 0.8750000000
56730  -38.478  1.480  36.383 0.8750000000
58600  -15.593  3.540  33.000 0.7500000000
58613  -15.591  2.901  32.497 0.7500000000
59592  -22.614  4.222  29.013 0.6250000000
58663  -22.994  3.713  29.528 0.7500000000
58648  -24.236  3.612  30.420 0.7500000000
60480  -23.551  5.376  28.107 0.7500000000
61402  -22.565  7.047  25.767 0.6250000000
58633  -33.080  3.975  31.228 1.0000000000
58634  -33.858  3.705  31.191 1.0000000000
55926  -37.801  1.094  36.008 0.7500000000
55941  -38.947  0.542  35.822 1.0000000000
55107  -38.775  -0.001  34.957 0.8750000000
112392  -17.009  2.703  32.731 0.6250000000
58662  -22.174  3.625  29.469 0.6250000000
109249  -23.053  7.203  25.264 0.5000000000
58668  -32.701  3.190  29.937 0.8750000000
58669  -33.493  2.980  29.905 1.0000000000
55122  -38.185  0.025  34.103 0.5000000000
55124  -39.329  -0.601  33.686 0.8750000000
112775  -17.748  1.759  33.247 0.6250000000
56757  -18.288  0.815  33.283 0.7500000000
58661  -21.385  3.619  29.674 0.7500000000
62356  -23.931  8.222  23.939 0.5000000000
109789  -32.057  2.884  29.247 0.7500000000
121195  -32.442  2.510  28.594 0.7500000000
59578  -20.311  4.087  30.320 0.7500000000
62358  -25.013  7.714  23.372 0.5000000000
63219  -25.321  8.450  23.300 0.5000000000
115412  -30.412  2.323  26.695 0.7500000000
107656  -31.131  2.105  26.816 0.7500000000
110599  -32.287  2.207  27.890 0.7500000000
54248  -39.642  -1.215  32.357 0.8750000000
57656  -20.428  1.747  33.758 0.6250000000
58616  -20.494  2.387  32.541 0.6250000000
61449  -26.775  6.540  22.942 0.5000000000
58727  -27.904  3.845  23.703 0.7500000000
57748  -29.661  2.513  25.168 0.7500000000
57749  -30.413  2.213  25.363 0.7500000000
54261  -40.072  -1.290  31.666 0.8750000000
57637  -20.125  0.736  34.781 0.6250000000
58615  -20.310  2.881  32.914 0.6250000000
61450  -27.413  6.598  22.821 0.5000000000
59664  -27.925  4.914  22.848 0.6250000000
58741  -29.014  3.971  22.859 0.7500000000
118168  -29.711  2.938  23.716 0.7500000000
54262  -40.813  -0.882  31.336 0.8750000000
103497  -41.399  -0.219  30.388 0.6250000000
56000  -42.436  0.254  31.195 1.0000000000
103131  -43.688  1.382  31.405 1.0000000000
56826  -44.003  1.987  30.992 0.8750000000
115478  -41.416  0.049  29.901 0.8750000000
56006  -41.779  0.478  29.747 0.8750000000
56824  -42.480  0.801  30.377 0.8750000000
56825  -43.257  1.405  30.627 0.8750000000
57698  -44.759  2.647  31.145 0.7500000000
57697  -43.488  2.047  29.923 0.7500000000
56016  -41.696  0.747  29.020 0.6250000000
56834  -42.240  1.110  29.512 0.7500000000
111730  -44.223  2.539  30.334 0.7500000000
58655  -44.761  3.137  30.176 0.8750000000
58672  -45.581  3.755  29.955 0.6250000000
56835  -42.794  1.762  29.238 0.7500000000
57707  -44.067  2.781  29.489 0.6250000000
58683  -44.795  3.466  29.133 0.6250000000
57718  -43.306  2.686  28.079 0.6250000000
120376  -45.410  3.873  29.175 0.6250000000
58693  -44.601  3.578  28.088 0.6250000000
58684  -45.308  3.956  28.520 0.6250000000
58701  -44.581  3.540  27.127 0.5000000000
58694  -45.234  4.009  27.571 0.6250000000
56634  -14.759  1.578  47.112 0.8750000000
57522  -15.023  2.061  46.987 0.8750000000
58491  -15.071  2.869  47.540 0.8750000000
107286  -15.258  4.501  47.859 0.7500000000
55852  -14.028  0.796  46.632 1.0000000000
60292  -14.978  4.664  46.866 0.7500000000
60291  -14.579  5.543  46.461 0.6250000000
55861  -2.706  0.892  44.751 1.0000000000
55854  -2.868  0.199  45.648 1.0000000000
55013  -2.405  -0.487  46.072 1.0000000000
55848  -3.166  0.445  46.298 1.0000000000
116335  -2.635  0.599  44.259 1.0000000000
100964  -2.615  -0.116  44.976 1.0000000000
55847  -2.504  -0.399  47.050 1.0000000000
55839  -3.086  0.143  47.318 1.0000000000
61213  -12.624  6.887  44.542 0.6250000000
55869  -2.546  0.575  43.432 1.0000000000
54998  -2.729  -0.487  47.783 1.0000000000
55874  -2.480  0.426  42.327 1.0000000000
55034  -8.372  -0.819  43.790 1.0000000000
60308  -12.863  5.861  43.151 0.7500000000
61216  -12.508  6.625  43.463 0.7500000000
56669  -1.884  2.029  42.368 1.0000000000
54999  -3.315  -0.074  48.107 1.0000000000
60320  -13.041  5.323  41.859 0.7500000000
60309  -13.218  5.104  42.714 0.7500000000
56674  -1.813  1.981  41.279 1.0000000000
56680  -1.672  1.893  40.054 1.0000000000
54134  -3.919  -0.812  48.133 1.0000000000
105790  -4.309  -1.134  47.684 1.0000000000
114724  -13.086  5.150  41.131 0.7500000000
119715  -29.459  6.237  40.672 1.0000000000
60343  -29.547  6.582  39.964 1.0000000000
61265  -29.702  6.956  39.312 1.0000000000
61248  -30.346  7.326  40.039 1.0000000000
55885  -1.642  1.056  39.616 0.8750000000
56686  -1.578  1.708  39.039 0.8750000000
53213  -3.926  -1.981  46.900 1.0000000000
53220  -3.647  -2.686  46.556 1.0000000000
53229  -4.511  -2.483  44.980 1.0000000000
53230  -5.172  -2.063  44.508 1.0000000000
53236  -5.426  -2.388  43.707 1.0000000000
114887  -13.113  4.783  39.960 0.7500000000
61264  -29.161  6.188  38.975 1.0000000000
61279  -29.652  6.863  38.494 0.8750000000
62183  -30.254  7.490  39.081 1.0000000000
62184  -31.154  8.050  38.815 1.0000000000
105212  -1.849  1.984  38.741 0.8750000000
57577  -3.239  2.400  38.685 0.8750000000
59456  -13.147  4.525  39.283 0.7500000000
62193  -30.285  7.449  38.139 0.8750000000
62204  -30.926  7.889  36.884 1.0000000000
63109  -32.520  8.587  38.283 1.0000000000
58541  -3.152  3.336  38.610 1.0000000000
57576  -2.264  2.757  38.657 0.8750000000
60352  -13.171  5.134  38.515 0.7500000000
62218  -31.867  7.758  35.977 1.0000000000
63120  -32.648  8.506  37.529 1.0000000000
63121  -33.641  8.546  37.489 1.0000000000
63111  -34.165  8.591  38.018 0.8750000000
63112  -34.528  8.384  37.489 0.8750000000
118320  -3.426  4.962  38.529 1.0000000000
59464  -3.135  4.314  38.553 1.0000000000
57578  -4.140  3.034  38.703 0.8750000000
116572  -5.215  1.908  38.706 0.8750000000
56697  -5.924  2.057  38.361 0.8750000000
60362  -13.453  5.414  37.478 0.7500000000
59476  -13.306  4.597  37.893 0.7500000000
62228  -33.061  7.165  35.197 1.0000000000
62219  -32.919  7.753  35.929 1.0000000000
101314  -34.644  8.110  36.785 0.8750000000
61252  -3.920  6.106  38.702 1.0000000000
59465  -4.238  4.719  38.544 1.0000000000
57579  -5.285  2.764  38.564 0.8750000000
56698  -6.548  2.102  37.693 0.8750000000
56704  -6.980  2.110  36.974 1.0000000000
110178  -13.412  4.556  37.135 0.8750000000
62229  -33.829  6.962  35.246 1.0000000000
61310  -34.611  7.078  35.649 1.0000000000
60391  -36.021  5.827  36.150 1.0000000000
60347  -4.460  5.604  38.529 1.0000000000
59466  -5.021  5.134  38.425 1.0000000000
56722  -8.007  1.580  35.953 1.0000000000
56736  -8.429  1.132  34.480 0.5000000000
59487  -14.095  5.393  35.869 0.8750000000
59502  -13.631  4.569  36.281 0.8750000000
61325  -35.647  6.283  35.819 1.0000000000
60403  -35.937  5.643  35.441 1.0000000000
60404  -36.266  5.296  35.799 1.0000000000
59522  -36.649  4.671  35.786 1.0000000000
61268  -4.703  6.149  38.658 1.0000000000
59467  -5.690  5.010  38.191 1.0000000000
58543  -5.831  3.571  38.151 1.0000000000
57594  -6.879  2.732  36.964 1.0000000000
114314  -7.475  1.900  36.463 1.0000000000
56735  -8.188  1.801  35.274 0.7500000000
110385  -8.264  1.945  34.383 0.5000000000
101628  -8.362  1.692  32.099 0.3750000000
59503  -14.019  4.566  35.464 0.8750000000
60401  -34.553  5.921  34.372 1.0000000000
60402  -35.362  5.851  34.886 1.0000000000
59521  -36.323  5.154  34.962 1.0000000000
59523  -37.246  4.124  35.554 1.0000000000
58570  -37.391  3.121  36.632 1.0000000000
61269  -5.473  6.126  38.644 1.0000000000
58551  -6.544  3.271  37.417 1.0000000000
58560  -7.374  3.024  36.238 0.8750000000
57603  -7.752  2.339  35.948 0.8750000000
57633  -8.372  2.284  33.514 0.3750000000
120214  -8.393  1.827  32.930 0.3750000000
59517  -15.425  4.880  34.132 0.7500000000
60479  -22.598  5.386  28.077 0.6250000000
114190  -34.958  5.197  33.843 1.0000000000
59547  -35.501  4.408  33.281 1.0000000000
59534  -36.224  4.550  34.097 1.0000000000
58584  -37.652  3.418  36.047 1.0000000000
57602  -37.784  2.439  36.642 1.0000000000
60359  -6.353  4.945  37.858 0.8750000000
59483  -6.757  3.730  37.202 0.8750000000
59527  -15.683  4.304  33.539 0.7500000000
59607  -22.243  4.782  28.604 0.6250000000
60490  -21.492  5.942  27.866 0.6250000000
61385  -21.706  6.454  27.178 0.6250000000
62307  -21.973  7.736  25.930 0.5000000000
58619  -34.997  3.918  32.342 1.0000000000
58620  -35.783  3.662  32.527 1.0000000000
59548  -36.266  3.934  33.332 1.0000000000
57616  -38.134  2.043  36.593 1.0000000000
60349  -5.932  5.561  38.305 0.8750000000
60350  -6.733  5.526  38.171 0.8750000000
58601  -16.301  3.875  33.202 0.7500000000
111056  -21.751  5.290  28.328 0.6250000000
62294  -20.474  7.454  27.928 0.5000000000
64031  -21.735  9.425  26.684 0.5000000000
63193  -21.624  8.597  26.373 0.5000000000
103215  -34.672  3.554  31.519 1.0000000000
58654  -35.187  2.970  31.062 1.0000000000
55928  -38.788  1.003  36.317 1.0000000000
55108  -39.307  0.091  35.499 1.0000000000
58602  -16.968  3.269  33.230 0.6250000000
121290  -21.696  4.797  28.681 0.6250000000
59606  -21.119  4.935  28.815 0.6250000000
118136  -20.275  7.948  28.379 0.6250000000
64032  -22.241  9.833  26.430 0.5000000000
108550  -22.864  9.133  25.124 0.5000000000
65679  -23.969  11.218  25.878 0.3750000000
57701  -33.041  2.652  29.118 0.8750000000
57702  -33.908  2.500  29.271 0.8750000000
55098  -39.592  0.582  35.951 1.0000000000
55109  -39.807  -0.087  35.522 1.0000000000
120807  -17.494  2.459  33.520 0.5000000000
60467  -20.029  5.616  29.464 0.6250000000
62270  -19.798  7.168  29.409 0.6250000000
116777  -23.325  9.866  25.036 0.5000000000
64866  -24.596  10.561  24.308 0.5000000000
57714  -33.651  2.230  28.624 0.7500000000
57715  -34.353  2.015  28.672 0.7500000000
101989  -39.919  -0.521  34.575 0.8750000000
57636  -17.906  1.567  34.298 0.5000000000
56756  -18.323  0.725  34.271 0.5000000000
60458  -19.733  5.590  30.323 0.6250000000
62269  -19.616  7.137  30.309 0.6250000000
64064  -24.373  9.253  23.835 0.5000000000
64065  -25.590  9.217  23.438 0.3750000000
57736  -31.551  1.821  26.109 0.7500000000
57737  -32.074  1.863  26.960 0.7500000000
54238  -40.810  -0.754  33.240 0.8750000000
56740  -18.812  0.248  34.937 0.6250000000
57623  -19.718  0.531  35.373 0.6250000000
59542  -20.149  3.865  32.793 0.6250000000
59557  -19.947  4.291  31.799 0.7500000000
64880  -25.892  9.991  23.727 0.3750000000
104081  -26.781  8.028  23.050 0.5000000000
57750  -31.121  1.930  25.476 0.7500000000
112086  -40.269  -1.073  32.531 0.8750000000
55138  -41.592  -0.588  32.946 1.0000000000
55139  -42.233  -0.338  32.522 1.0000000000
109217  -20.258  1.656  34.755 0.6250000000
119882  -20.344  1.717  34.260 0.6250000000
62360  -27.520  7.528  22.964 0.5000000000
61451  -28.296  6.326  22.694 0.3750000000
59666  -29.527  4.513  22.547 0.6250000000
58742  -29.803  3.819  22.767 0.6250000000
55151  -41.504  -0.639  31.915 1.0000000000
55987  -42.722  0.083  32.133 1.0000000000
61452  -29.090  6.071  22.665 0.5000000000
61453  -29.779  5.849  22.669 0.5000000000
55152  -42.037  -0.259  31.570 1.0000000000
55988  -43.125  0.490  31.889 1.0000000000
56812  -44.352  1.670  32.054 0.8750000000
120570  -44.517  2.163  31.560 0.8750000000
57680  -44.928  2.307  32.136 0.8750000000
58656  -45.432  3.336  30.977 0.7500000000
58657  -46.184  3.897  30.966 0.7500000000
59600  -46.006  4.319  29.130 0.6250000000
61408  -42.868  6.688  25.165 0.3750000000
59625  -46.464  4.831  27.687 0.6250000000
59624  -45.962  4.458  27.040 0.7500000000
56643  -12.923  0.962  47.106 1.0000000000
56632  -13.803  1.434  47.584 1.0000000000
56633  -14.479  1.668  47.558 1.0000000000
57518  -14.880  2.147  47.622 0.8750000000
55850  -11.893  0.548  46.681 1.0000000000
55851  -13.015  0.579  46.574 1.0000000000
101709  -10.439  -0.294  46.147 1.0000000000
55011  -11.282  -0.007  46.455 1.0000000000
55855  -12.123  0.266  46.268 1.0000000000
61204  -13.014  6.749  45.735 0.6250000000
56646  -3.576  1.361  45.424 1.0000000000
103916  -3.514  0.840  46.027 1.0000000000
55017  -9.559  -0.390  46.009 1.0000000000
116952  -9.965  -0.436  45.359 1.0000000000
55027  -10.575  -0.380  45.122 1.0000000000
56664  -2.385  1.460  43.879 1.0000000000
56647  -3.984  1.165  46.264 1.0000000000
56635  -3.598  0.759  46.912 1.0000000000
55024  -7.713  -0.750  44.406 1.0000000000
118554  -12.173  7.431  43.681 0.7500000000
57547  -2.180  2.387  43.835 1.0000000000
54160  -7.478  -1.080  43.589 1.0000000000
109746  -12.507  6.387  42.608 0.7500000000
62120  -12.119  7.136  42.813 0.6250000000
56663  -1.950  2.155  43.256 1.0000000000
57558  -1.632  2.818  41.905 1.0000000000
55841  -4.354  0.800  48.095 1.0000000000
55834  -4.020  0.221  48.333 1.0000000000
104573  -6.632  -1.377  43.718 1.0000000000
111489  -12.634  6.112  41.871 0.7500000000
60319  -12.841  5.752  42.429 0.7500000000
54992  -4.400  -0.187  48.345 1.0000000000
54138  -4.971  -1.032  47.097 1.0000000000
54153  -5.866  -1.683  44.068 1.0000000000
60329  -12.972  5.460  40.364 0.7500000000
59445  -1.549  4.221  40.620 1.0000000000
58526  -1.591  3.437  40.111 1.0000000000
57568  -1.620  2.637  39.519 1.0000000000
54137  -4.279  -1.487  47.184 1.0000000000
54143  -4.582  -1.598  46.377 1.0000000000
53222  -4.869  -1.778  45.409 1.0000000000
60339  -12.989  5.343  39.431 0.7500000000
60327  -1.685  5.771  40.423 1.0000000000
59454  -1.654  4.933  40.080 1.0000000000
58533  -1.736  3.429  39.203 1.0000000000
57575  -1.803  2.647  38.903 1.0000000000
102695  -13.005  6.011  38.815 0.7500000000
61236  -2.291  6.847  40.186 1.0000000000
59455  -2.159  4.974  38.889 1.0000000000
59463  -2.360  4.321  38.686 1.0000000000
58540  -2.033  3.505  38.771 1.0000000000
100796  -2.945  6.714  39.458 1.0000000000
60338  -3.056  6.048  38.805 1.0000000000
61237  -3.673  7.033  39.723 1.0000000000
114549  -3.555  6.505  39.103 1.0000000000
59486  -13.660  5.209  36.661 0.8750000000
61238  -4.610  7.048  39.792 1.0000000000
109044  -4.236  6.580  39.119 1.0000000000
60385  -14.866  5.805  35.277 0.8750000000
120930  -14.530  5.141  35.188 0.8750000000
60394  -15.157  5.370  34.675 0.7500000000
62148  -5.456  7.220  40.548 0.8750000000
61253  -5.019  6.568  39.083 1.0000000000
59499  -7.789  3.587  35.934 0.8750000000
118912  -8.125  2.972  34.897 0.7500000000
57619  -8.276  2.703  34.255 0.5000000000
60395  -15.886  5.563  34.339 0.7500000000
58607  -37.545  3.291  34.043 1.0000000000
58596  -37.769  3.569  35.067 1.0000000000
105684  -38.343  2.827  35.358 1.0000000000
114744  -38.104  2.508  36.405 1.0000000000
61254  -5.852  6.503  39.188 0.8750000000
59474  -6.806  4.358  37.346 0.8750000000
59484  -7.246  3.794  36.677 0.8750000000
59528  -16.416  4.436  33.652 0.7500000000
67339  -25.843  13.359  28.069 0.3750000000
67331  -26.370  13.782  28.632 0.3750000000
58636  -36.027  3.181  31.943 1.0000000000
57661  -37.422  2.890  33.022 1.0000000000
57630  -38.960  2.048  35.854 1.0000000000
57617  -38.752  1.879  36.265 1.0000000000
61270  -6.318  6.096  38.652 0.8750000000
59529  -16.956  3.912  33.742 0.6250000000
64813  -21.812  10.321  28.596 0.3750000000
65651  -23.646  11.534  27.750 0.3750000000
66478  -24.740  12.440  27.919 0.3750000000
67348  -25.988  13.361  27.075 0.3750000000
57693  -35.117  2.522  30.167 1.0000000000
57676  -35.856  2.863  31.347 1.0000000000
57677  -36.502  2.695  31.626 1.0000000000
56731  -39.861  1.227  35.982 1.0000000000
55919  -39.785  0.912  36.170 1.0000000000
58587  -17.555  2.731  34.247 0.5000000000
63159  -20.289  8.717  29.642 0.6250000000
64836  -23.327  10.731  26.306 0.3750000000
65663  -23.764  11.401  26.820 0.3750000000
66505  -25.066  12.346  25.946 0.3750000000
57703  -34.705  2.260  29.372 0.8750000000
57704  -35.887  2.157  30.005 1.0000000000
106678  -36.937  2.117  31.015 1.0000000000
113922  -40.252  0.505  35.931 1.0000000000
57622  -17.906  1.392  35.248 0.5000000000
63146  -20.158  8.576  30.565 0.6250000000
63986  -20.616  9.219  31.147 0.6250000000
65681  -25.430  11.970  25.149 0.3750000000
65682  -26.223  12.074  25.028 0.3750000000
56840  -33.954  1.744  27.781 0.7500000000
100864  -34.935  1.624  28.105 0.7500000000
57716  -35.068  1.848  28.794 0.7500000000
55125  -40.690  -0.549  34.399 1.0000000000
55112  -42.311  0.215  35.090 1.0000000000
56739  -18.311  0.595  35.067 0.5000000000
56724  -18.913  0.276  35.374 0.5000000000
60440  -19.612  5.651  31.224 0.6250000000
62242  -19.766  7.712  31.698 0.6250000000
63137  -20.109  8.456  31.464 0.6250000000
64867  -25.389  10.703  24.129 0.3750000000
64868  -26.284  10.719  24.181 0.3750000000
56864  -32.415  1.668  26.063 0.7500000000
108305  -33.576  1.615  26.797 0.7500000000
119668  -34.892  1.527  27.317 0.7500000000
55126  -41.574  -0.431  34.174 1.0000000000
113270  -42.523  -0.160  33.798 1.0000000000
60421  -19.749  5.755  32.197 0.6250000000
61340  -19.722  6.664  32.384 0.6250000000
64067  -27.212  9.226  23.601 0.3750000000
63221  -27.607  8.440  23.330 0.3750000000
57773  -31.400  2.519  23.683 0.7500000000
56893  -33.366  1.837  24.627 0.7500000000
55127  -43.445  0.362  33.915 1.0000000000
58603  -20.301  2.738  33.785 0.6250000000
105057  -20.062  4.638  33.154 0.6250000000
62361  -28.454  7.832  23.256 0.3750000000
108933  -29.035  6.992  22.972 0.3750000000
60545  -30.219  5.149  22.494 0.6250000000
111278  -31.702  2.962  23.148 0.6250000000
57761  -32.967  2.242  23.907 0.7500000000
55973  -43.551  0.518  32.908 1.0000000000
55974  -44.358  1.255  33.261 1.0000000000
57665  -44.680  1.885  33.780 0.8750000000
61432  -29.702  6.464  22.920 0.3750000000
110040  -31.028  5.356  22.691 0.6250000000
106548  -44.769  1.918  32.920 0.8750000000
57666  -45.248  2.619  33.069 0.8750000000
57681  -45.483  2.958  31.959 0.8750000000
109441  -45.949  3.571  31.702 0.7500000000
62299  -41.994  7.646  27.793 0.3750000000
58639  -46.523  4.213  31.877 0.7500000000
59587  -46.744  4.509  31.066 0.7500000000
62312  -42.285  7.373  26.808 0.3750000000
58673  -46.466  4.378  30.196 0.7500000000
62300  -42.907  7.416  27.376 0.3750000000
62313  -43.740  7.259  27.169 0.3750000000
59601  -46.916  4.876  29.522 0.7500000000
60473  -48.140  6.047  29.519 0.7500000000
105955  -43.260  7.136  26.462 0.3750000000
114807  -44.033  7.093  26.479 0.3750000000
59617  -47.438  5.400  28.931 0.6250000000
114723  -43.283  6.892  25.688 0.3750000000
59616  -46.648  4.858  28.521 0.6250000000
59626  -47.216  5.330  27.832 0.6250000000
60498  -47.964  5.746  27.381 0.6250000000
107714  -43.177  6.470  24.234 0.2500000000
61409  -43.624  6.691  25.071 0.3750000000
103682  -47.364  5.364  26.933 0.6250000000
61424  -43.972  6.647  24.440 0.2500000000
59631  -46.441  4.693  26.330 0.7500000000
60518  -47.794  5.558  25.446 0.7500000000
60509  -47.883  5.646  26.413 0.7500000000
61443  -43.973  6.605  23.656 0.2500000000
59404  -12.186  4.637  47.761 0.8750000000
59408  -12.360  3.856  47.052 0.8750000000
59405  -13.092  4.032  48.267 0.8750000000
58490  -12.940  3.102  47.550 0.8750000000
58486  -13.674  3.242  48.224 0.8750000000
57516  -13.607  2.289  47.902 0.8750000000
105030  -12.755  2.289  47.265 0.8750000000
57517  -14.446  2.166  47.946 0.8750000000
58488  -14.881  2.963  48.098 0.8750000000
59406  -15.186  3.902  48.262 0.8750000000
59407  -11.722  3.844  46.145 0.8750000000
58489  -12.169  2.947  46.549 0.8750000000
56642  -12.055  0.998  46.908 1.0000000000
58485  -14.735  3.786  48.756 0.8750000000
60289  -14.964  5.355  47.602 0.7500000000
56645  -3.036  1.043  45.289 1.0000000000
57519  -11.435  2.372  46.134 0.8750000000
56641  -11.187  1.326  46.702 1.0000000000
56631  -11.097  0.615  46.875 1.0000000000
55010  -10.514  -0.065  47.001 1.0000000000
61196  -14.351  6.348  47.213 0.6250000000
62116  -12.255  7.733  44.475 0.6250000000
56656  -3.089  1.939  44.760 1.0000000000
56630  -10.363  0.724  47.223 1.0000000000
55009  -9.870  -0.222  46.958 1.0000000000
55016  -8.737  -0.461  45.674 1.0000000000
103594  -11.930  8.227  43.899 0.6250000000
63053  -11.698  8.854  43.205 0.6250000000
56655  -2.616  1.773  44.428 1.0000000000
57534  -3.488  2.653  44.399 1.0000000000
57523  -3.840  2.009  44.954 1.0000000000
121249  -4.150  1.548  45.576 1.0000000000
101869  -8.132  -0.321  47.172 1.0000000000
55015  -7.920  -0.584  45.301 1.0000000000
55025  -8.549  -0.619  44.700 1.0000000000
112739  -11.835  7.945  43.014 0.6250000000
120686  -11.615  9.941  42.101 0.6250000000
115015  -11.778  10.286  41.253 0.6250000000
64739  -11.913  10.911  40.798 0.6250000000
57525  -5.535  1.867  45.425 1.0000000000
55006  -7.276  -0.465  46.794 1.0000000000
55007  -8.079  -0.428  46.265 1.0000000000
117796  -7.414  -0.546  45.848 1.0000000000
61219  -12.237  6.866  41.994 0.7500000000
110252  -11.837  8.214  41.484 0.6250000000
63063  -11.895  8.837  40.903 0.6250000000
64744  -12.227  10.798  39.895 0.6250000000
57546  -1.807  2.915  43.359 1.0000000000
57552  -1.705  2.646  42.794 1.0000000000
56648  -4.802  1.490  46.162 1.0000000000
56636  -5.303  1.426  47.205 1.0000000000
55014  -6.768  -0.654  45.964 1.0000000000
54154  -6.392  -1.149  44.558 1.0000000000
54155  -7.024  -0.920  44.221 1.0000000000
61227  -12.477  6.585  41.224 0.7500000000
62138  -12.115  7.387  41.322 0.6250000000
101822  -12.220  8.852  40.103 0.6250000000
64752  -12.740  10.659  38.925 0.6250000000
58517  -1.599  3.334  42.751 1.0000000000
56626  -5.011  1.156  47.985 1.0000000000
55835  -4.911  0.503  48.396 1.0000000000
54993  -5.315  -0.117  48.334 1.0000000000
55005  -6.087  -0.690  46.693 1.0000000000
54145  -6.193  -0.953  45.520 1.0000000000
61242  -12.717  6.325  40.471 0.6250000000
62153  -12.401  7.101  40.563 0.6250000000
62166  -12.479  8.183  39.698 0.6250000000
63074  -12.576  8.985  39.290 0.6250000000
63938  -12.722  9.729  38.902 0.6250000000
60318  -1.526  5.166  41.998 1.0000000000
108106  -1.551  3.505  41.178 1.0000000000
54144  -5.352  -1.209  45.971 1.0000000000
61258  -12.666  6.897  39.849 0.7500000000
63075  -12.810  8.295  38.888 0.6250000000
63086  -12.993  9.158  38.478 0.6250000000
63950  -13.584  9.470  37.602 0.6250000000
115233  -1.573  5.939  41.359 1.0000000000
111298  -1.822  6.677  41.753 1.0000000000
61259  -12.861  6.807  39.050 0.6250000000
62179  -13.032  7.572  38.526 0.7500000000
63101  -13.236  8.455  38.034 0.6250000000
63102  -13.744  8.586  37.160 0.6250000000
61225  -1.823  6.539  40.753 1.0000000000
116131  -13.299  5.931  38.094 0.7500000000
111393  -13.256  6.768  38.151 0.7500000000
119293  -13.609  7.103  37.382 0.6250000000
62146  -2.537  7.233  40.871 1.0000000000
61286  -13.908  6.973  36.745 0.7500000000
62198  -14.410  7.617  36.223 0.6250000000
63114  -14.495  8.589  36.397 0.6250000000
119091  -4.052  7.234  40.185 1.0000000000
109948  -2.931  7.169  40.117 1.0000000000
60374  -13.869  6.088  36.556 0.7500000000
118855  -14.291  6.863  36.156 0.8750000000
112518  -31.064  16.772  31.280 0.3750000000
69892  -31.496  16.486  30.632 0.3750000000
69893  -32.369  16.375  30.730 0.3750000000
106628  -4.449  7.348  40.736 1.0000000000
61295  -14.516  6.322  35.791 0.8750000000
61303  -15.282  6.529  35.334 0.8750000000
69004  -28.948  15.579  30.550 0.3750000000
69891  -30.662  16.337  30.598 0.3750000000
61304  -15.987  6.649  35.038 0.7500000000
68145  -28.171  15.104  30.378 0.3750000000
69018  -28.757  15.389  29.751 0.3750000000
69019  -29.592  15.636  29.650 0.3750000000
69904  -31.130  16.096  30.100 0.3750000000
58572  -8.204  3.521  35.180 0.8750000000
58585  -8.445  3.453  34.338 0.7500000000
58598  -8.611  3.217  33.288 0.5000000000
57652  -8.542  2.499  32.569 0.3750000000
61316  -17.129  5.501  34.725 0.7500000000
67311  -26.409  13.649  30.678 0.3750000000
103779  -26.979  14.203  30.154 0.3750000000
117030  -27.461  14.536  29.488 0.3750000000
68156  -28.150  14.980  29.371 0.3750000000
69031  -29.868  15.258  28.822 0.3750000000
100428  -38.050  2.682  33.604 1.0000000000
57646  -38.483  2.612  34.282 1.0000000000
115697  -7.758  5.128  37.337 0.8750000000
59475  -7.438  4.580  36.978 0.8750000000
59485  -7.913  4.326  36.298 0.8750000000
59500  -8.361  4.203  35.547 0.7500000000
59514  -8.669  4.160  34.697 0.7500000000
60396  -16.897  4.779  34.200 0.7500000000
60397  -17.361  4.693  34.856 0.7500000000
66465  -25.195  12.869  29.348 0.3750000000
67321  -26.246  13.642  29.708 0.3750000000
67332  -27.107  14.241  28.181 0.3750000000
68180  -27.930  14.452  27.784 0.3750000000
68171  -29.359  14.810  28.309 0.3750000000
56768  -38.819  2.137  33.462 1.0000000000
57647  -39.076  2.262  34.721 1.0000000000
61239  -6.191  6.858  40.006 0.8750000000
60360  -7.051  5.031  37.563 0.8750000000
59518  -17.400  3.800  34.622 0.6250000000
58575  -17.704  2.519  35.418 0.5000000000
65637  -23.564  11.519  29.559 0.3750000000
66472  -24.688  12.464  28.849 0.3750000000
66473  -25.247  12.883  28.481 0.3750000000
66491  -26.303  13.121  26.208 0.3750000000
111288  -27.839  13.926  27.213 0.3750000000
67342  -28.513  13.920  27.272 0.3750000000
102665  -37.394  2.366  31.920 1.0000000000
100635  -38.855  1.833  32.461 1.0000000000
56748  -39.716  1.684  35.279 1.0000000000
55929  -40.634  0.853  36.084 1.0000000000
61271  -7.254  6.069  38.652 0.8750000000
57605  -17.947  1.292  36.184 0.5000000000
64808  -22.337  10.696  29.249 0.3750000000
64803  -21.523  10.136  30.339 0.6250000000
66507  -26.694  12.592  25.574 0.3750000000
66492  -27.282  13.106  26.172 0.3750000000
67351  -28.163  13.339  26.689 0.3750000000
57695  -36.444  2.098  30.384 0.8750000000
57662  -38.152  2.267  32.654 1.0000000000
55099  -41.134  0.506  35.881 1.0000000000
57606  -18.439  0.687  35.815 0.5000000000
57607  -19.240  0.510  36.103 0.5000000000
63994  -20.682  9.323  29.831 0.6250000000
63989  -20.929  9.607  30.410 0.6250000000
111766  -27.037  11.913  25.146 0.3750000000
108345  -35.818  1.581  28.416 0.8750000000
56820  -36.498  1.765  29.516 0.8750000000
56821  -37.307  1.723  30.165 0.8750000000
55931  -42.612  0.852  36.118 1.0000000000
55942  -42.974  0.761  35.860 1.0000000000
55943  -43.761  0.949  35.459 0.8750000000
57608  -20.026  1.483  36.322 0.5000000000
64869  -27.272  10.590  24.474 0.3750000000
56867  -34.823  1.561  25.957 0.8750000000
56851  -35.682  1.500  27.438 0.8750000000
55113  -43.193  0.535  34.872 1.0000000000
55957  -43.910  0.795  34.765 1.0000000000
58576  -20.143  1.553  35.502 0.5000000000
58588  -20.303  2.893  34.621 0.6250000000
61328  -19.859  6.186  33.010 0.6250000000
64053  -28.323  9.465  24.390 0.3750000000
63222  -28.385  8.525  23.658 0.3750000000
58733  -33.170  3.595  23.181 0.6250000000
57775  -33.715  2.801  23.591 0.7500000000
56895  -35.051  2.059  24.690 0.7500000000
55958  -44.139  0.865  34.141 0.8750000000
56753  -44.161  1.236  35.040 0.8750000000
59530  -20.216  3.939  33.754 0.6250000000
59531  -20.127  5.005  33.842 0.6250000000
64041  -28.900  9.545  24.947 0.3750000000
62339  -29.404  7.792  23.592 0.3750000000
60546  -31.688  5.045  22.748 0.6250000000
58745  -32.366  3.961  22.857 0.6250000000
60472  -40.756  6.168  29.624 0.3750000000
56773  -44.433  1.292  34.425 0.8750000000
62340  -30.270  7.933  24.137 0.5000000000
62363  -30.871  7.229  23.828 0.6250000000
60532  -31.566  5.849  23.155 0.6250000000
61370  -40.578  7.103  29.486 0.3750000000
62271  -41.362  7.399  29.978 0.3750000000
57650  -44.481  1.884  34.502 0.8750000000
57651  -44.930  2.567  33.998 0.7500000000
60515  -35.539  6.324  25.637 0.3750000000
100989  -41.117  7.497  29.214 0.3750000000
62285  -41.848  7.719  28.741 0.3750000000
58611  -45.468  3.378  33.528 0.7500000000
58623  -45.917  3.590  32.597 0.7500000000
105888  -42.689  7.631  28.195 0.3750000000
62301  -43.402  7.573  28.432 0.3750000000
59570  -47.053  5.039  31.606 0.7500000000
120539  -43.380  7.485  27.802 0.3750000000
59588  -47.222  5.133  30.589 0.7500000000
62302  -44.195  7.472  27.880 0.3750000000
60465  -47.835  5.947  30.429 0.7500000000
62303  -45.398  7.559  27.709 0.3750000000
62330  -43.893  6.921  25.790 0.3750000000
62314  -44.674  7.270  26.937 0.3750000000
119417  -45.390  7.440  26.995 0.3750000000
60486  -48.050  5.849  28.408 0.6250000000
62331  -44.469  6.853  25.023 0.3750000000
62332  -45.297  7.241  25.265 0.2500000000
62316  -46.133  7.613  27.057 0.5000000000
60499  -48.609  6.269  27.884 0.6250000000
60510  -48.544  6.143  26.856 0.7500000000
105968  -46.577  7.718  26.268 0.3750000000
61410  -49.156  6.592  26.255 0.7500000000
61461  -43.996  6.695  22.714 0.2500000000
62350  -44.579  6.815  24.089 0.2500000000
62351  -45.178  7.147  24.402 0.2500000000
62333  -46.144  7.573  25.403 0.2500000000
63200  -46.967  8.015  25.470 0.3750000000
106176  -48.326  5.955  24.914 0.6250000000
61411  -49.400  6.819  25.424 0.8750000000
62371  -45.689  7.542  23.725 0.2500000000
58484  -13.990  3.812  48.872 0.7500000000
58487  -14.359  3.056  48.308 0.8750000000
118201  -11.803  4.447  46.721 0.8750000000
60286  -12.705  4.990  48.944 0.7500000000
59401  -13.426  4.575  49.420 0.7500000000
59420  -9.947  4.390  44.580 0.8750000000
60299  -10.388  5.373  45.294 0.8750000000
59421  -10.588  4.360  45.160 0.8750000000
58493  -11.443  3.135  45.818 0.8750000000
60283  -14.416  5.055  49.620 0.6250000000
60287  -15.368  5.017  48.735 0.7500000000
61186  -14.812  6.029  48.382 0.6250000000
60298  -9.439  5.299  44.603 0.8750000000
57540  -10.000  2.705  44.756 0.8750000000
106093  -10.193  2.298  45.281 0.8750000000
56653  -10.645  2.003  46.009 0.8750000000
62112  -13.687  7.312  47.428 0.6250000000
61195  -13.619  6.804  46.564 0.6250000000
62114  -12.571  7.595  45.420 0.6250000000
63046  -12.266  8.486  44.969 0.6250000000
100798  -11.920  8.928  44.109 0.6250000000
63916  -11.645  9.564  42.892 0.6250000000
58495  -3.135  3.436  44.081 1.0000000000
57535  -4.424  2.564  44.492 1.0000000000
58501  -9.573  3.419  44.411 0.8750000000
57539  -9.226  2.632  44.608 0.8750000000
57529  -9.696  2.290  45.024 0.8750000000
56652  -9.733  1.910  46.002 0.8750000000
104154  -9.495  0.902  47.622 1.0000000000
55843  -9.252  0.250  47.882 1.0000000000
100506  -9.394  -0.107  47.584 1.0000000000
112606  -13.042  7.429  46.485 0.6250000000
63041  -12.731  8.352  46.401 0.6250000000
64736  -11.794  10.887  41.708 0.6250000000
57533  -2.657  2.688  44.146 1.0000000000
57536  -5.337  2.444  44.616 1.0000000000
57528  -8.962  2.123  45.333 0.8750000000
56650  -7.943  1.570  46.946 1.0000000000
56639  -8.710  1.263  47.463 1.0000000000
55002  -8.602  -0.095  47.788 1.0000000000
58509  -2.496  3.505  43.891 1.0000000000
56637  -6.326  1.515  47.032 1.0000000000
108965  -7.123  1.690  46.380 1.0000000000
56629  -7.795  1.199  47.895 1.0000000000
55838  -7.417  0.436  48.339 1.0000000000
55001  -7.660  -0.216  47.780 1.0000000000
101794  -12.665  11.579  39.380 0.6250000000
58508  -1.778  3.738  43.319 1.0000000000
116903  -5.663  1.598  46.324 1.0000000000
56628  -6.799  1.278  47.917 1.0000000000
56623  -7.194  0.933  48.280 1.0000000000
54995  -7.143  -0.017  48.220 1.0000000000
59425  -1.822  4.661  43.303 1.0000000000
56627  -5.871  1.277  47.881 1.0000000000
55836  -5.864  0.421  48.420 1.0000000000
54994  -6.259  -0.094  48.271 1.0000000000
64753  -13.480  10.869  38.267 0.6250000000
60301  -1.646  5.347  42.877 1.0000000000
63939  -13.179  10.057  38.268 0.6250000000
64764  -13.840  10.371  37.731 0.6250000000
114762  -1.755  6.732  42.627 1.0000000000
108475  -14.284  9.392  36.909 0.6250000000
110409  -14.213  9.987  37.283 0.6250000000
63962  -15.863  9.238  36.760 0.6250000000
70746  -32.404  17.452  32.000 0.3750000000
70747  -33.309  17.422  32.182 0.3750000000
62132  -2.855  7.370  41.778 1.0000000000
62199  -15.133  8.097  35.889 0.6250000000
63115  -15.427  8.780  36.186 0.6250000000
104420  -16.506  8.905  37.065 0.6250000000
108313  -31.942  17.033  31.249 0.3750000000
69878  -32.861  16.944  31.379 0.3750000000
62147  -3.469  7.343  40.712 1.0000000000
62211  -15.752  7.720  35.586 0.7500000000
63116  -16.142  8.625  36.304 0.6250000000
68992  -33.223  15.949  31.042 0.3750000000
62133  -3.949  7.475  41.789 1.0000000000
109463  -15.683  7.091  35.394 0.7500000000
101494  -16.297  7.209  35.450 0.7500000000
69876  -30.104  16.344  31.417 0.3750000000
69007  -31.865  15.826  30.151 0.3750000000
69008  -32.656  15.377  30.511 0.3750000000
62134  -5.062  7.467  41.487 1.0000000000
61305  -16.640  6.571  35.125 0.6250000000
62213  -17.019  7.126  35.755 0.6250000000
119746  -28.437  15.282  30.924 0.3750000000
68990  -28.680  15.410  31.524 0.3750000000
68158  -31.526  14.351  29.266 0.3750000000
69021  -32.164  14.700  29.923 0.3750000000
121289  -16.855  6.054  34.739 0.7500000000
61306  -17.228  6.163  35.329 0.6250000000
106901  -17.609  5.680  36.057 0.6250000000
67312  -26.921  14.072  31.139 0.3750000000
69020  -31.213  15.427  29.545 0.3750000000
62149  -6.494  7.199  40.867 0.8750000000
59501  -9.041  4.781  35.186 0.8750000000
59524  -8.909  4.175  33.640 0.6250000000
59540  -9.013  3.938  32.679 0.5000000000
60387  -17.476  5.146  35.477 0.6250000000
59504  -17.605  3.791  35.730 0.5000000000
67310  -25.819  13.243  30.412 0.3750000000
67300  -26.015  13.269  31.195 0.3750000000
101797  -26.484  13.650  31.408 0.3750000000
68172  -30.215  14.487  28.384 0.3750000000
62163  -5.404  6.861  39.667 0.8750000000
61272  -8.614  5.958  38.099 0.8750000000
60351  -7.720  5.594  37.999 0.8750000000
114587  -9.252  5.516  36.721 0.8750000000
59525  -9.383  4.860  33.522 0.5000000000
59488  -17.715  3.195  36.939 0.5000000000
66458  -24.787  12.423  30.590 0.3750000000
66454  -24.931  12.459  31.487 0.3750000000
116875  -29.230  13.811  27.425 0.3750000000
56769  -39.602  1.820  34.043 1.0000000000
56770  -40.311  1.580  34.630 1.0000000000
56733  -41.427  0.907  36.127 1.0000000000
102649  -41.173  1.420  35.264 1.0000000000
61255  -6.905  6.485  39.441 0.8750000000
61256  -7.768  6.408  39.234 0.8750000000
60384  -9.587  5.405  34.770 0.7500000000
60393  -9.618  5.403  33.904 0.7500000000
57595  -18.176  1.339  36.984 0.5000000000
119939  -18.607  1.062  37.244 0.5000000000
64800  -22.878  10.890  30.797 0.5000000000
116802  -28.727  12.040  26.219 0.3750000000
56822  -38.130  1.575  30.367 0.8750000000
56807  -38.383  1.790  31.755 1.0000000000
56734  -42.481  0.964  36.198 1.0000000000
101276  -18.632  0.838  36.715 0.5000000000
57596  -19.824  1.418  37.193 0.5000000000
64798  -21.299  9.882  31.141 0.6250000000
66509  -28.321  11.837  25.804 0.3750000000
56853  -37.546  1.724  27.357 0.7500000000
113953  -38.142  1.601  28.888 0.8750000000
55932  -43.130  0.953  35.991 1.0000000000
107740  -19.298  0.806  36.836 0.5000000000
63983  -20.579  8.913  32.127 0.6250000000
64853  -28.753  10.235  25.419 0.3750000000
57751  -35.922  2.330  24.892 0.6250000000
56869  -36.439  1.743  26.228 0.7500000000
106291  -36.299  1.569  26.814 0.8750000000
114053  -37.192  1.510  27.892 0.8750000000
55944  -44.242  1.037  34.933 0.8750000000
57632  -43.968  2.055  34.854 0.6250000000
58577  -20.355  3.044  35.559 0.5000000000
59519  -20.328  4.122  34.582 0.6250000000
103206  -20.359  5.139  34.707 0.6250000000
61341  -19.930  6.982  33.112 0.6250000000
106474  -20.117  8.184  32.332 0.6250000000
58734  -34.131  3.665  23.568 0.5000000000
118418  -34.325  3.000  23.679 0.6250000000
57763  -34.496  2.540  24.083 0.6250000000
56882  -35.401  1.761  25.410 0.8750000000
59613  -39.941  4.111  28.193 0.5000000000
58682  -40.443  3.522  28.785 0.5000000000
59586  -41.550  4.619  30.270 0.5000000000
59567  -42.019  4.083  30.841 0.5000000000
112693  -7.800  7.091  30.160 0.1250000000
60408  -20.014  5.785  33.558 0.6250000000
64054  -29.571  8.994  24.962 0.3750000000
118945  -30.100  8.557  24.764 0.5000000000
60533  -32.946  5.095  23.318 0.3750000000
59614  -40.363  4.675  28.831 0.3750000000
59599  -41.064  5.206  29.821 0.3750000000
60464  -41.496  5.887  30.381 0.3750000000
60448  -42.166  6.116  31.288 0.3750000000
111895  -44.480  2.628  34.479 0.5000000000
115077  -31.019  7.838  24.389 0.3750000000
61434  -32.207  6.229  23.724 0.5000000000
112646  -32.279  5.481  23.225 0.5000000000
60516  -36.131  5.977  26.014 0.5000000000
59630  -37.712  4.350  26.061 0.6250000000
61371  -41.126  6.850  30.059 0.3750000000
61364  -41.757  7.030  30.739 0.3750000000
58610  -44.860  3.402  34.158 0.5000000000
60524  -35.220  5.666  25.007 0.3750000000
59637  -35.857  5.306  25.218 0.5000000000
104621  -41.959  7.587  30.445 0.3750000000
62272  -42.006  7.695  29.733 0.3750000000
59538  -45.313  4.254  33.779 0.3750000000
59551  -46.270  4.942  32.870 0.7500000000
108256  -35.044  6.545  25.253 0.3750000000
62259  -42.571  7.743  30.588 0.3750000000
111929  -42.950  7.776  29.896 0.3750000000
63160  -42.692  7.699  29.025 0.3750000000
60419  -46.001  5.771  32.918 0.3750000000
111512  -46.522  5.499  32.537 0.7500000000
113072  -43.860  7.741  30.028 0.3750000000
62286  -43.528  7.643  29.202 0.3750000000
60433  -45.725  6.644  32.731 0.3750000000
60434  -46.445  6.206  32.413 0.3750000000
62273  -44.420  7.620  29.317 0.3750000000
61354  -46.784  7.141  31.605 0.3750000000
60435  -46.969  6.525  31.882 0.5000000000
60451  -47.459  5.976  31.318 0.7500000000
63225  -35.551  8.469  22.981 0.1250000000
62274  -45.515  7.689  29.448 0.3750000000
62287  -44.902  7.585  28.583 0.3750000000
105486  -47.624  7.211  30.777 0.5000000000
61366  -48.144  7.278  30.288 0.5000000000
60474  -48.620  6.881  29.737 0.6250000000
63175  -46.478  7.875  29.335 0.3750000000
62289  -47.057  8.098  28.881 0.3750000000
61380  -49.316  7.452  28.781 0.5000000000
60487  -48.686  6.471  28.889 0.6250000000
62304  -46.622  7.818  27.966 0.3750000000
108006  -47.234  8.091  27.169 0.5000000000
61389  -49.135  6.831  28.390 0.6250000000
61398  -49.139  6.671  27.401 0.7500000000
106165  -47.975  8.956  27.713 0.5000000000
62317  -49.745  7.287  26.041 0.8750000000
62352  -45.880  7.517  24.540 0.2500000000
63213  -46.618  7.951  24.652 0.2500000000
105819  -47.262  8.191  26.223 0.3750000000
63195  -47.743  8.822  26.649 0.3750000000
64034  -48.260  9.691  27.137 0.3750000000
116241  -48.714  6.302  24.472 0.5000000000
62334  -49.786  7.368  25.086 0.7500000000
103843  -46.345  7.933  23.823 0.2500000000
63214  -47.264  8.531  24.813 0.3750000000
61426  -49.267  6.739  24.514 0.6250000000
62353  -49.729  7.369  24.195 0.5000000000
63232  -46.415  8.525  22.655 0.2500000000
62381  -50.052  8.099  23.228 0.6250000000
60288  -11.520  5.145  47.145 0.8750000000
60280  -12.369  5.724  49.509 0.7500000000
102001  -12.918  5.170  49.893 0.7500000000
60282  -13.258  5.339  49.997 0.6250000000
116297  -10.309  6.323  46.014 0.8750000000
104364  -10.970  5.703  46.407 0.8750000000
61179  -11.718  6.255  48.783 0.7500000000
61180  -12.176  6.456  49.611 0.7500000000
60281  -12.659  5.762  49.957 0.7500000000
114084  -12.635  6.266  49.919 0.6250000000
61181  -13.924  5.892  49.747 0.6250000000
58500  -8.646  3.275  44.256 0.8750000000
59419  -8.949  4.330  44.267 0.8750000000
61193  -10.172  6.766  46.948 0.8750000000
103022  -10.197  7.156  47.631 0.7500000000
61178  -11.462  6.994  48.817 0.7500000000
62093  -11.935  7.329  49.193 0.6250000000
62094  -12.574  7.018  49.676 0.6250000000
62085  -13.369  6.559  49.747 0.6250000000
62104  -13.557  7.366  49.058 0.6250000000
63917  -11.721  10.132  43.009 0.6250000000
58496  -4.101  3.321  44.061 1.0000000000
59415  -4.751  4.093  43.853 1.0000000000
58497  -5.039  3.121  44.084 1.0000000000
58499  -7.713  3.120  44.203 0.8750000000
57538  -8.315  2.493  44.676 0.8750000000
62102  -10.648  7.373  48.186 0.7500000000
62092  -11.127  7.653  48.638 0.7500000000
63031  -11.679  8.128  48.761 0.6250000000
63032  -12.614  7.957  48.980 0.6250000000
63036  -12.905  8.570  48.365 0.6250000000
63038  -12.947  8.726  47.744 0.6250000000
63915  -11.862  9.686  43.758 0.6250000000
64734  -11.821  10.817  42.681 0.6250000000
59414  -3.696  4.178  43.830 1.0000000000
59429  -4.872  5.096  43.923 1.0000000000
58498  -5.904  2.985  44.156 0.8750000000
110302  -6.332  2.327  44.830 0.8750000000
57537  -7.352  2.431  44.732 0.8750000000
57526  -7.014  1.991  45.453 0.8750000000
57527  -7.930  1.944  45.674 1.0000000000
63030  -10.719  8.252  48.399 0.7500000000
63896  -11.387  8.802  48.189 0.6250000000
63035  -12.380  8.649  48.422 0.6250000000
102564  -12.753  9.100  47.994 0.6250000000
112019  -12.939  9.765  46.940 0.6250000000
101202  -12.713  9.901  45.782 0.6250000000
100987  -12.357  10.231  44.677 0.6250000000
64732  -12.061  10.605  43.667 0.6250000000
65586  -13.334  11.584  38.665 0.6250000000
59427  -3.184  5.000  43.817 1.0000000000
105598  -11.990  9.995  47.425 0.6250000000
100706  -12.795  9.905  47.475 0.6250000000
64724  -13.099  10.476  47.381 0.5000000000
65556  -13.487  10.957  47.275 0.5000000000
65560  -13.469  11.432  45.749 0.5000000000
64729  -12.945  10.640  45.684 0.5000000000
65572  -12.246  11.644  40.285 0.5000000000
115056  -13.155  12.222  39.139 0.5000000000
65587  -14.091  11.742  38.427 0.5000000000
64754  -14.269  11.079  38.028 0.5000000000
59426  -2.240  5.074  43.643 1.0000000000
56649  -6.336  1.776  45.861 1.0000000000
64717  -12.419  10.612  47.322 0.6250000000
64718  -13.197  10.836  47.448 0.5000000000
66355  -14.258  12.000  46.422 0.5000000000
66361  -13.712  12.345  45.304 0.5000000000
66366  -12.384  12.355  42.714 0.5000000000
65566  -11.996  11.645  42.238 0.5000000000
66375  -12.393  12.427  40.753 0.5000000000
66382  -12.735  12.373  39.825 0.5000000000
66396  -13.786  12.372  38.815 0.5000000000
65588  -14.956  11.579  38.428 0.5000000000
120137  -1.873  5.530  43.352 1.0000000000
65544  -13.472  11.499  47.500 0.5000000000
65551  -13.668  11.478  47.391 0.5000000000
66347  -14.176  12.001  47.168 0.5000000000
67172  -14.501  12.777  45.944 0.5000000000
118116  -13.590  14.180  41.339 0.5000000000
67201  -13.109  13.700  41.775 0.5000000000
103170  -13.248  13.726  40.850 0.5000000000
67210  -13.609  13.713  40.033 0.5000000000
66384  -14.298  13.021  39.112 0.5000000000
66397  -14.631  12.299  38.773 0.5000000000
64756  -15.840  10.356  38.089 0.5000000000
61214  -1.761  6.351  43.171 1.0000000000
62118  -2.245  7.550  43.908 1.0000000000
68034  -14.194  14.683  41.336 0.3750000000
67211  -14.316  14.046  40.022 0.3750000000
67220  -14.047  13.567  39.542 0.5000000000
65579  -15.519  11.931  39.190 0.3750000000
64765  -14.596  10.472  37.546 0.6250000000
64755  -15.161  10.893  37.986 0.5000000000
63940  -16.431  9.822  38.783 0.1250000000
62122  -1.944  7.065  42.482 1.0000000000
62117  -1.849  7.128  43.183 1.0000000000
109111  -2.623  7.892  43.617 1.0000000000
68035  -15.013  15.178  41.312 0.3750000000
68043  -14.658  14.583  40.635 0.3750000000
67212  -15.161  14.152  40.153 0.3750000000
66377  -15.628  13.315  40.025 0.3750000000
66386  -16.064  12.241  40.158 0.3750000000
64766  -15.219  10.352  37.513 0.6250000000
103715  -2.244  7.460  42.821 1.0000000000
62119  -3.481  8.048  43.403 1.0000000000
68044  -15.556  14.781  40.766 0.3750000000
67213  -16.146  13.944  40.616 0.3750000000
66378  -16.448  12.933  40.674 0.2500000000
66379  -16.901  12.010  40.925 0.2500000000
65573  -16.661  11.494  40.597 0.2500000000
63952  -15.527  9.835  37.237 0.6250000000
62123  -3.079  7.703  42.676 1.0000000000
67202  -17.027  13.800  41.202 0.3750000000
66369  -17.302  12.788  41.226 0.2500000000
63104  -17.102  8.320  37.387 0.6250000000
111998  -31.542  17.254  31.927 0.3750000000
70732  -31.964  17.575  32.712 0.3750000000
109493  -3.954  7.737  42.686 1.0000000000
63054  -4.560  8.032  43.174 1.0000000000
106685  -17.803  11.826  41.212 0.2500000000
63117  -16.686  8.355  36.552 0.6250000000
110254  -17.469  7.590  37.085 0.5000000000
69877  -30.707  16.848  32.089 0.3750000000
69864  -30.580  16.792  33.048 0.3750000000
69865  -31.210  17.220  32.628 0.3750000000
62124  -4.816  7.646  42.354 1.0000000000
63055  -5.633  8.035  42.866 1.0000000000
63051  -6.167  8.647  43.498 1.0000000000
62212  -16.445  7.940  35.906 0.6250000000
101344  -17.450  7.205  36.492 0.6250000000
61287  -17.794  6.750  37.333 0.5000000000
68991  -29.349  15.830  32.029 0.3750000000
68978  -29.339  15.740  33.041 0.3750000000
115140  -5.578  7.641  42.079 0.8750000000
62125  -6.304  7.846  42.204 0.8750000000
63056  -6.586  8.375  42.835 1.0000000000
61274  -17.879  6.808  38.719 0.5000000000
104034  -28.064  14.904  32.169 0.3750000000
112577  -5.966  7.469  41.469 0.8750000000
115587  -17.869  5.694  36.927 0.5000000000
60363  -18.087  5.560  38.167 0.2500000000
60375  -17.722  4.628  36.566 0.2500000000
66455  -25.607  12.955  31.803 0.5000000000
68173  -31.034  13.930  28.681 0.3750000000
61240  -7.102  6.870  40.367 0.8750000000
61283  -9.281  6.073  37.644 0.8750000000
60372  -8.721  4.860  36.040 0.8750000000
109263  -9.480  5.399  35.699 0.8750000000
60405  -9.568  5.362  33.015 0.3750000000
59541  -9.476  4.993  32.270 0.3750000000
57589  -18.726  1.912  38.622 0.3750000000
108235  -24.497  12.013  31.964 0.5000000000
67343  -29.907  13.123  27.509 0.3750000000
56808  -39.447  1.609  31.741 0.8750000000
114825  -40.082  1.622  33.550 1.0000000000
61241  -7.867  6.736  40.008 0.8750000000
101150  -8.205  6.197  38.668 0.8750000000
121219  -17.964  2.088  37.258 0.5000000000
101549  -18.550  1.471  37.725 0.5000000000
114658  -23.431  11.071  32.141 0.5000000000
65665  -29.292  11.769  26.599 0.3750000000
66481  -29.558  12.353  27.050 0.3750000000
101450  -38.900  1.549  30.051 0.7500000000
119935  -39.909  1.544  31.188 0.8750000000
56791  -40.254  1.609  32.686 0.8750000000
114479  -41.242  1.689  32.897 0.8750000000
56750  -42.152  1.361  35.769 0.8750000000
61326  -9.778  5.926  33.520 0.6250000000
108173  -19.039  1.014  37.496 0.3750000000
64796  -22.294  10.299  32.198 0.6250000000
65684  -28.957  11.334  26.168 0.3750000000
56854  -38.370  2.072  27.496 0.7500000000
101029  -38.649  1.854  28.308 0.8750000000
56831  -38.803  1.699  29.127 0.7500000000
119878  -39.684  1.732  30.126 0.8750000000
56809  -40.484  1.656  31.673 0.7500000000
56810  -41.380  2.012  31.815 0.7500000000
57663  -41.847  2.141  32.643 0.7500000000
56772  -42.630  1.751  35.018 0.8750000000
56751  -43.013  1.298  35.842 0.8750000000
63134  -20.658  8.531  33.011 0.6250000000
63984  -21.156  9.546  31.930 0.6250000000
64854  -29.246  10.508  26.058 0.3750000000
57738  -36.885  2.083  25.857 0.6250000000
56870  -37.116  1.811  26.557 0.7500000000
56843  -39.421  2.215  28.575 0.6250000000
56832  -39.576  1.916  29.397 0.7500000000
57696  -40.943  2.415  30.335 0.7500000000
101693  -41.517  2.556  31.062 0.6250000000
57679  -41.971  2.602  31.971 0.7500000000
57664  -42.430  2.606  33.020 0.7500000000
57648  -43.001  2.555  34.244 0.7500000000
57631  -43.366  1.843  35.106 0.6250000000
102103  -20.441  4.405  35.298 0.6250000000
61329  -20.095  6.452  33.703 0.6250000000
62234  -20.228  7.767  33.136 0.6250000000
64042  -29.589  9.671  25.736 0.3750000000
118572  -34.225  4.380  23.734 0.5000000000
58720  -34.827  3.287  23.902 0.5000000000
57764  -35.403  2.783  24.321 0.6250000000
57752  -36.826  2.697  25.250 0.6250000000
57739  -37.497  2.569  25.952 0.6250000000
57726  -37.987  2.354  26.692 0.6250000000
57717  -39.167  2.510  27.754 0.6250000000
58681  -39.874  3.006  28.183 0.6250000000
57705  -40.157  2.591  28.958 0.6250000000
118405  -41.482  3.428  30.327 0.6250000000
58638  -42.520  3.344  32.311 0.5000000000
58608  -43.418  3.547  33.928 0.6250000000
57649  -43.655  2.825  34.583 0.6250000000
103872  -8.704  7.080  30.186 0.1250000000
61362  -8.356  6.531  30.821 0.1250000000
60398  -20.201  5.832  34.191 0.6250000000
63208  -30.715  8.460  24.739 0.3750000000
64056  -31.136  9.006  25.002 0.3750000000
114222  -32.840  5.867  23.773 0.5000000000
60534  -33.519  5.517  23.875 0.3750000000
59646  -34.789  4.269  24.031 0.5000000000
58721  -35.526  3.715  24.291 0.5000000000
58709  -36.830  3.764  25.098 0.6250000000
58700  -38.214  3.333  26.246 0.7500000000
116140  -38.765  3.774  26.848 0.7500000000
58692  -39.388  3.645  27.458 0.5000000000
105875  -42.062  5.020  31.059 0.5000000000
59549  -42.998  4.195  32.856 0.5000000000
58609  -43.801  3.714  34.220 0.3750000000
58597  -44.178  3.314  34.442 0.5000000000
62255  -9.215  6.987  30.803 0.1250000000
61417  -32.237  6.934  24.255 0.3750000000
115000  -32.726  6.503  24.192 0.5000000000
60535  -34.265  5.113  24.065 0.3750000000
106939  -34.890  5.124  24.450 0.5000000000
59647  -35.444  4.708  24.572 0.6250000000
58722  -36.150  4.232  24.766 0.6250000000
116320  -37.190  4.339  25.599 0.6250000000
60431  -43.112  5.984  32.621 0.3750000000
60432  -43.669  5.674  33.273 0.3750000000
101739  -44.197  5.254  33.744 0.3750000000
59537  -44.558  4.285  34.008 0.3750000000
63210  -32.375  8.496  24.446 0.5000000000
61418  -33.021  7.133  24.507 0.5000000000
60522  -34.006  6.103  24.461 0.3750000000
60523  -34.630  5.897  24.739 0.5000000000
62243  -42.373  7.557  31.157 0.3750000000
62235  -42.949  7.456  31.942 0.3750000000
61335  -43.959  6.946  33.066 0.3750000000
112354  -44.660  6.138  33.458 0.3750000000
60417  -44.952  5.219  33.722 0.3750000000
62281  -9.299  7.741  28.791 0.1250000000
64058  -33.010  8.836  24.063 0.3750000000
113996  -33.666  7.499  24.519 0.3750000000
61419  -34.491  6.729  24.885 0.3750000000
63138  -43.090  7.790  31.412 0.3750000000
62244  -43.669  7.700  32.140 0.3750000000
62238  -44.918  7.351  32.644 0.3750000000
60418  -45.330  6.012  33.313 0.3750000000
63211  -33.708  8.814  23.743 0.1250000000
63212  -34.025  8.058  24.149 0.1250000000
63147  -43.384  7.857  30.782 0.3750000000
63139  -43.921  7.887  31.566 0.3750000000
62246  -45.254  7.646  32.004 0.3750000000
62239  -45.676  7.302  32.277 0.3750000000
63224  -34.640  8.716  23.356 0.1250000000
63148  -44.304  7.804  30.854 0.3750000000
63149  -45.212  7.677  30.826 0.3750000000
121031  -46.253  7.310  31.804 0.3750000000
105304  -45.599  7.671  30.207 0.3750000000
63150  -46.048  7.619  30.618 0.3750000000
62248  -47.148  7.365  31.019 0.3750000000
62261  -47.583  7.648  30.452 0.3750000000
64078  -35.298  9.400  22.416 0.1250000000
64087  -35.522  9.393  21.636 0.1250000000
63162  -46.336  7.753  29.943 0.3750000000
63163  -47.323  8.029  29.692 0.3750000000
62276  -48.674  7.753  29.695 0.6250000000
62290  -49.168  7.840  29.265 0.5000000000
63176  -48.041  8.693  29.080 0.3750000000
62291  -49.442  8.228  28.776 0.6250000000
64005  -48.558  9.250  28.806 0.5000000000
61390  -49.483  7.352  28.018 0.6250000000
110356  -49.859  8.136  27.713 0.6250000000
64019  -48.603  9.660  28.175 0.5000000000
61399  -49.599  7.250  27.012 0.7500000000
63201  -47.537  8.696  25.672 0.3750000000
64045  -48.006  9.493  26.055 0.3750000000
64035  -48.831  10.452  27.395 0.5000000000
115189  -50.412  8.395  25.060 0.7500000000
63215  -50.518  8.647  24.501 0.8750000000
103250  -50.823  9.224  24.133 0.8750000000
63227  -46.566  8.387  23.294 0.3750000000
119206  -47.467  8.941  24.341 0.3750000000
64046  -48.479  10.316  26.410 0.3750000000
62354  -50.213  7.940  24.731 0.7500000000
62373  -50.176  7.973  23.936 0.7500000000
63229  -50.499  8.681  23.696 0.7500000000
64072  -47.000  8.943  23.122 0.2500000000
63234  -50.458  8.819  22.982 0.6250000000
63242  -50.280  8.979  22.232 0.3750000000
64081  -50.970  9.592  22.674 0.3750000000
61203  -8.722  6.615  45.191 0.8750000000
60290  -9.581  6.171  45.171 0.8750000000
100732  -9.406  6.847  46.113 0.8750000000
107346  -8.663  5.221  44.395 0.8750000000
61183  -9.507  7.146  47.217 0.8750000000
114565  -8.192  4.768  44.256 0.8750000000
63911  -12.229  9.398  44.829 0.6250000000
112538  -5.803  5.481  44.206 1.0000000000
59417  -6.551  4.672  44.033 1.0000000000
107134  -7.136  3.856  44.066 0.8750000000
110376  -8.019  3.967  44.094 0.8750000000
63029  -9.625  8.388  48.182 0.7500000000
63895  -10.238  8.929  47.920 0.7500000000
60294  -3.846  5.692  44.082 1.0000000000
60295  -4.838  5.748  44.334 1.0000000000
63899  -10.995  9.591  47.385 0.6250000000
101084  -12.616  11.092  44.586 0.6250000000
60293  -2.675  5.931  43.988 1.0000000000
64716  -11.303  10.415  46.949 0.6250000000
66360  -12.922  11.944  44.460 0.5000000000
65564  -12.295  11.565  43.404 0.6250000000
60302  -2.084  6.185  43.679 1.0000000000
61207  -3.057  6.629  44.665 1.0000000000
65550  -12.615  11.463  47.229 0.5000000000
67180  -13.927  13.194  44.880 0.5000000000
66363  -13.193  12.729  44.186 0.5000000000
67185  -12.833  12.961  43.201 0.5000000000
61215  -1.956  7.001  43.813 1.0000000000
61206  -2.306  6.810  44.267 1.0000000000
61197  -2.600  7.344  44.862 1.0000000000
62115  -2.459  7.683  44.794 1.0000000000
67156  -13.552  13.032  47.452 0.5000000000
66340  -14.345  12.718  47.209 0.5000000000
67173  -14.818  13.348  46.379 0.5000000000
67181  -14.668  13.649  45.559 0.5000000000
67187  -14.142  14.118  44.361 0.5000000000
67186  -13.415  13.484  43.794 0.5000000000
67192  -13.163  13.626  42.766 0.5000000000
63047  -2.544  7.931  44.535 1.0000000000
67174  -15.008  13.848  46.529 0.5000000000
68013  -14.950  14.527  45.191 0.5000000000
109512  -14.652  14.899  44.218 0.3750000000
68022  -14.193  14.735  43.309 0.3750000000
64746  -16.530  10.652  39.953 0.5000000000
63087  -16.754  9.188  39.595 0.3750000000
102308  -15.715  15.988  44.053 0.3750000000
108861  -15.010  15.530  43.372 0.3750000000
68896  -15.411  15.686  42.165 0.3750000000
64740  -16.809  10.880  40.602 0.2500000000
70733  -32.859  17.805  32.859 0.3750000000
63048  -3.085  8.260  44.239 1.0000000000
68883  -15.881  16.163  43.060 0.3750000000
68906  -15.944  15.434  41.408 0.3750000000
68036  -16.502  14.734  41.166 0.3750000000
65574  -17.208  11.231  40.947 0.2500000000
63088  -17.065  8.451  38.835 0.2500000000
108765  -16.994  8.515  40.276 0.2500000000
63049  -4.186  8.411  43.979 1.0000000000
68907  -16.901  15.450  41.695 0.3750000000
67203  -17.908  13.354  41.697 0.2500000000
65575  -17.732  11.056  40.900 0.2500000000
63050  -5.247  8.477  43.712 1.0000000000
67193  -18.444  13.712  42.149 0.2500000000
62180  -17.356  7.737  39.514 0.3750000000
66370  -18.273  12.614  41.504 0.2500000000
117290  -18.277  11.545  40.886 0.2500000000
65581  -18.249  10.943  40.393 0.2500000000
61275  -18.265  5.929  39.414 0.3750000000
66380  -18.601  12.181  41.091 0.2500000000
66387  -18.722  11.917  40.329 0.2500000000
60376  -17.928  4.769  37.498 0.2500000000
60353  -18.302  4.754  39.170 0.3750000000
67323  -31.737  13.072  29.284 0.3750000000
62135  -6.849  7.630  41.632 0.8750000000
59477  -18.165  3.932  38.454 0.2500000000
67334  -30.500  13.537  28.121 0.3750000000
111403  -31.239  12.852  28.608 0.3750000000
62150  -7.484  7.337  41.071 0.8750000000
59489  -17.884  3.844  37.488 0.3750000000
65630  -23.951  11.532  32.017 0.5000000000
66482  -30.351  12.025  27.480 0.3750000000
61284  -9.895  6.311  36.986 0.8750000000
61302  -10.291  6.703  35.577 0.8750000000
61313  -9.982  6.095  34.262 0.8750000000
57581  -19.140  1.929  38.993 0.3750000000
57582  -19.584  1.874  38.777 0.3750000000
65666  -29.624  10.941  26.569 0.3750000000
65643  -31.105  11.716  27.899 0.3750000000
114897  -8.527  6.640  39.371 0.8750000000
61273  -9.196  6.601  38.615 0.8750000000
61314  -10.241  6.714  34.760 0.8750000000
61327  -10.005  6.546  33.554 0.5000000000
57590  -19.111  1.521  38.303 0.3750000000
57591  -19.669  1.526  38.029 0.5000000000
65667  -30.276  10.755  26.854 0.3750000000
61338  -9.677  6.218  32.813 0.5000000000
58563  -20.353  2.601  36.622 0.5000000000
59505  -20.499  4.108  36.241 0.5000000000
64033  -29.919  10.193  26.443 0.5000000000
62232  -9.582  6.857  32.192 0.3750000000
62231  -20.323  7.231  33.856 0.6250000000
64043  -30.336  9.744  26.076 0.3750000000
61350  -9.242  6.622  31.542 0.2500000000
64055  -30.331  9.077  25.376 0.3750000000
63209  -31.550  8.260  24.570 0.3750000000
62256  -10.026  7.613  30.670 0.1250000000
100693  -31.905  9.071  24.609 0.3750000000
62268  -10.358  8.116  29.879 0.1250000000
64057  -32.623  9.277  24.178 0.3750000000
62342  -33.139  8.084  24.426 0.3750000000
63173  -10.617  8.629  28.451 0.1250000000
63157  -10.100  8.021  29.007 0.1250000000
64070  -33.421  9.503  23.645 0.1250000000
63171  -8.968  7.970  27.983 0.1250000000
64889  -35.364  9.991  21.774 0.1250000000
64006  -48.900  9.537  28.730 0.5000000000
64007  -49.366  9.603  28.350 0.5000000000
118568  -50.023  7.829  26.705 0.7500000000
64020  -49.029  10.116  28.124 0.5000000000
62318  -50.286  8.578  26.948 0.6250000000
64826  -49.319  10.623  27.523 0.5000000000
64047  -50.741  9.772  25.707 0.7500000000
104336  -50.558  8.927  25.332 0.8750000000
64073  -47.599  9.445  23.884 0.3750000000
64060  -48.241  10.041  25.513 0.3750000000
64858  -48.907  11.123  26.553 0.5000000000
64840  -49.224  11.015  27.039 0.5000000000
64061  -50.834  9.463  24.812 0.7500000000
64079  -46.844  9.165  22.302 0.2500000000
64080  -47.475  9.702  22.866 0.2500000000
64074  -50.926  9.377  23.503 0.8750000000
64091  -50.749  9.583  21.753 0.3750000000
64100  -50.570  9.608  20.823 0.3750000000
64110  -50.355  9.660  19.818 0.2500000000
61202  -7.800  6.742  45.281 1.0000000000
103839  -8.328  7.106  46.065 0.8750000000
61201  -6.813  6.727  45.386 1.0000000000
120718  -8.139  6.289  44.736 1.0000000000
61210  -6.323  6.215  44.720 1.0000000000
61211  -7.334  6.249  44.687 1.0000000000
60297  -7.928  5.594  44.401 0.8750000000
62100  -8.769  7.487  47.680 0.8750000000
60296  -6.910  5.555  44.286 1.0000000000
59418  -7.455  4.746  44.156 0.8750000000
62090  -8.967  7.929  48.239 0.7500000000
61209  -5.252  6.201  44.772 1.0000000000
61200  -5.643  6.749  45.571 1.0000000000
117373  -9.552  9.741  47.306 0.7500000000
61199  -4.439  6.677  45.411 1.0000000000
61188  -3.536  7.225  45.899 1.0000000000
65549  -11.505  11.108  46.722 0.6250000000
108265  -3.542  6.805  45.248 1.0000000000
61187  -2.823  7.717  46.118 1.0000000000
66346  -12.061  12.265  46.526 0.5000000000
64745  -15.800  11.058  38.932 0.5000000000
61198  -2.922  7.326  45.425 1.0000000000
62105  -2.527  8.052  46.073 1.0000000000
63042  -2.511  7.969  45.394 1.0000000000
66338  -13.074  12.459  47.351 0.5000000000
63929  -16.728  9.909  40.075 0.2500000000
116661  -14.055  13.175  47.472 0.5000000000
67157  -14.535  13.523  47.233 0.5000000000
63076  -16.984  9.167  40.659 0.1250000000
114760  -17.309  8.434  41.220 0.1250000000
63043  -2.801  8.305  45.142 1.0000000000
68840  -14.575  15.024  47.073 0.5000000000
68014  -15.722  14.918  45.771 0.5000000000
68871  -15.330  15.360  44.692 0.5000000000
63923  -16.889  10.329  40.601 0.2500000000
104202  -17.358  9.071  40.941 0.1250000000
62168  -17.233  7.837  40.829 0.2500000000
61228  -17.692  7.333  42.346 0.2500000000
68872  -16.203  15.732  45.170 0.5000000000
69741  -17.377  16.200  44.388 0.3750000000
68897  -16.325  15.959  42.202 0.3750000000
64741  -17.250  10.562  40.837 0.2500000000
63924  -17.223  9.833  40.717 0.2500000000
63925  -17.694  9.474  40.874 0.1250000000
62128  -18.251  7.383  43.154 0.1250000000
110314  -32.370  17.838  33.687 0.2500000000
63045  -4.880  8.833  44.493 1.0000000000
69751  -18.118  15.977  43.156 0.3750000000
68029  -18.532  14.561  42.442 0.3750000000
68037  -17.576  14.447  41.745 0.3750000000
64742  -17.665  10.312  40.758 0.2500000000
61229  -18.252  6.535  43.061 0.2500000000
61220  -18.789  6.533  43.859 0.2500000000
63912  -5.784  9.045  44.167 1.0000000000
67194  -19.072  13.700  42.388 0.2500000000
67204  -18.747  13.157  41.963 0.2500000000
64747  -18.285  9.980  40.112 0.1250000000
61260  -17.652  6.980  40.093 0.2500000000
61261  -18.215  6.153  40.648 0.2500000000
61245  -18.037  6.361  41.966 0.2500000000
63052  -6.858  8.932  43.262 1.0000000000
63913  -6.587  9.461  43.785 1.0000000000
66371  -18.967  12.827  41.505 0.2500000000
65589  -18.425  10.578  39.405 0.1250000000
60340  -18.697  5.235  41.236 0.2500000000
60330  -18.782  5.557  42.390 0.2500000000
66388  -19.119  12.626  40.851 0.2500000000
107882  -18.489  11.363  39.340 0.2500000000
59447  -19.239  4.503  41.423 0.2500000000
60331  -19.511  5.081  42.444 0.2500000000
62126  -7.101  8.165  42.262 1.0000000000
58535  -18.923  2.592  39.698 0.2500000000
59448  -19.682  4.147  41.352 0.2500000000
67324  -32.294  12.705  30.073 0.3750000000
62136  -7.679  8.021  41.736 0.8750000000
58536  -19.393  2.607  39.876 0.2500000000
113271  -31.483  12.036  28.558 0.3750000000
121246  -31.744  12.273  29.068 0.3750000000
117861  -19.149  2.248  39.433 0.3750000000
58537  -19.911  2.599  39.962 0.2500000000
106813  -9.896  6.874  37.778 0.8750000000
61285  -10.233  6.938  37.043 0.8750000000
61294  -10.279  6.777  36.391 0.8750000000
65654  -30.666  11.254  27.338 0.3750000000
62164  -8.705  7.069  40.054 0.8750000000
61257  -9.129  7.003  39.449 0.8750000000
119836  -9.752  7.170  38.434 0.8750000000
121281  -10.185  6.784  34.111 0.7500000000
61339  -10.058  7.110  32.959 0.5000000000
113031  -20.493  3.374  37.053 0.5000000000
59490  -20.659  4.316  37.193 0.5000000000
64837  -30.522  10.311  26.506 0.3750000000
62222  -10.413  7.268  35.099 0.8750000000
62230  -10.207  7.122  33.682 0.6250000000
60377  -20.703  5.236  36.602 0.5000000000
60388  -20.558  5.387  35.600 0.5000000000
62223  -20.723  7.338  34.669 0.6250000000
63128  -20.777  8.068  33.974 0.6250000000
114040  -10.344  7.707  33.506 0.7500000000
100887  -10.304  7.810  32.828 0.6250000000
61317  -20.400  6.585  34.448 0.6250000000
64855  -30.821  10.004  26.171 0.3750000000
62241  -10.319  7.885  31.516 0.2500000000
64871  -31.649  9.789  24.967 0.3750000000
120398  -11.147  10.924  31.317 0.2500000000
64801  -11.231  10.310  30.998 0.2500000000
103882  -11.040  9.246  30.869 0.2500000000
114988  -10.339  12.777  31.378 0.1250000000
66453  -10.951  12.082  30.959 0.2500000000
65632  -11.239  11.210  30.856 0.2500000000
63145  -10.615  8.383  30.740 0.1250000000
67308  -10.873  12.883  30.738 0.1250000000
65633  -11.427  11.578  30.195 0.1250000000
63987  -11.301  9.768  30.152 0.1250000000
63992  -11.212  9.359  29.520 0.1250000000
63993  -11.523  10.163  29.312 0.1250000000
64001  -11.214  9.359  28.777 0.1250000000
63158  -10.772  8.685  29.273 0.1250000000
64883  -34.881  11.096  22.488 0.1250000000
64071  -34.476  9.581  23.131 0.1250000000
64888  -35.103  10.389  22.245 0.1250000000
63188  -49.962  9.074  27.824 0.6250000000
118177  -49.856  9.750  27.806 0.5000000000
63196  -50.306  9.466  27.224 0.5000000000
64022  -50.106  10.227  27.432 0.5000000000
63202  -50.517  9.144  26.274 0.7500000000
64874  -48.176  10.207  24.646 0.3750000000
64875  -48.584  10.934  25.569 0.3750000000
117987  -48.901  11.697  25.956 0.5000000000
65657  -49.925  11.181  27.052 0.5000000000
64841  -50.648  10.763  26.077 0.7500000000
64062  -51.057  10.253  25.098 0.7500000000
64089  -46.616  9.383  21.454 0.2500000000
64884  -48.115  10.492  23.614 0.3750000000
65702  -48.725  11.920  25.200 0.5000000000
65686  -49.208  11.673  26.336 0.5000000000
65672  -50.167  11.448  26.640 0.5000000000
65687  -50.480  11.711  25.945 0.6250000000
64075  -51.277  9.901  24.200 0.8750000000
64090  -47.280  9.876  21.924 0.2500000000
64859  -50.999  11.090  25.240 0.7500000000
64886  -51.473  10.613  23.919 0.8750000000
64082  -51.398  10.038  23.376 0.6250000000
65704  -51.265  11.275  24.516 0.8750000000
120719  -51.429  10.233  22.753 0.3750000000
64101  -51.205  10.112  21.203 0.2500000000
64111  -51.074  10.133  20.294 0.2500000000
64118  -50.434  9.885  18.831 0.2500000000
64921  -50.878  10.319  18.272 0.1250000000
112010  -50.933  10.277  18.840 0.2500000000
64930  -50.825  10.319  17.348 0.1250000000
64941  -51.457  10.900  16.814 0.2500000000
110522  -51.346  10.791  15.933 0.2500000000
67478  -56.370  13.108  12.841 0.2500000000
61191  -7.338  7.193  46.102 0.8750000000
61192  -8.769  7.202  46.902 0.8750000000
121239  -6.864  7.325  46.878 0.8750000000
62110  -7.749  7.352  47.271 0.8750000000
117890  -8.070  8.263  48.274 0.8750000000
63894  -9.041  9.190  47.885 0.7500000000
112724  -5.524  7.250  46.411 1.0000000000
61189  -4.602  7.185  46.197 1.0000000000
113346  -10.061  10.386  46.731 0.6250000000
62106  -3.676  7.683  46.852 1.0000000000
64723  -10.545  10.932  46.458 0.6250000000
113030  -2.994  8.174  46.786 1.0000000000
106823  -11.487  11.689  46.427 0.5000000000
67162  -12.333  13.181  46.505 0.5000000000
67163  -12.976  13.573  47.053 0.5000000000
62154  -17.419  7.831  41.679 0.1250000000
63039  -2.662  8.325  45.944 1.0000000000
67164  -13.510  13.860  47.290 0.5000000000
63068  -17.701  8.563  41.392 0.1250000000
62139  -17.687  7.946  42.059 0.2500000000
63064  -18.110  8.018  42.286 0.1250000000
63044  -3.778  8.654  44.834 1.0000000000
67987  -14.059  14.055  47.366 0.5000000000
68841  -15.154  15.109  46.864 0.5000000000
62140  -19.274  7.481  43.139 0.1250000000
68859  -16.055  15.400  46.046 0.5000000000
62141  -20.954  7.386  43.060 0.2500000000
62129  -19.293  7.125  44.007 0.2500000000
63909  -5.383  9.448  44.822 1.0000000000
63930  -18.436  9.352  40.328 0.1250000000
61221  -19.486  6.576  44.248 0.2500000000
63910  -6.056  9.688  44.445 1.0000000000
69742  -18.202  15.993  44.132 0.3750000000
68885  -18.873  15.437  43.008 0.3750000000
67195  -19.601  13.945  42.288 0.2500000000
63941  -18.767  9.355  39.170 0.1250000000
60310  -18.972  5.696  43.442 0.2500000000
61222  -21.252  6.741  44.062 0.2500000000
67205  -19.321  13.334  42.000 0.2500000000
67223  -19.364  13.278  40.555 0.2500000000
64757  -18.544  9.974  38.688 0.1250000000
60321  -19.705  5.247  43.502 0.2500000000
63057  -7.328  8.791  42.765 1.0000000000
59449  -20.202  4.018  41.272 0.2500000000
59443  -20.475  5.031  42.098 0.2500000000
66466  -32.123  12.181  29.609 0.3750000000
116567  -7.735  8.585  42.232 1.0000000000
63061  -8.327  8.723  41.715 1.0000000000
66475  -32.425  11.929  29.561 0.3750000000
107521  -31.934  11.861  29.079 0.3750000000
63066  -8.925  8.629  40.948 0.8750000000
63067  -9.222  8.274  40.237 0.8750000000
109961  -9.701  9.030  39.293 0.8750000000
119429  -20.354  2.842  39.757 0.2500000000
65644  -31.718  11.663  28.341 0.3750000000
62137  -8.319  7.901  41.197 0.8750000000
62152  -8.821  7.755  40.539 0.8750000000
63073  -9.523  8.326  39.571 0.8750000000
63084  -9.885  8.453  38.821 0.8750000000
63100  -10.376  8.526  37.418 0.8750000000
63113  -10.532  8.893  36.531 0.8750000000
64825  -30.862  10.821  26.984 0.3750000000
65655  -31.311  11.358  27.543 0.3750000000
62151  -8.193  7.221  40.651 0.8750000000
62177  -9.604  7.515  39.032 0.8750000000
62178  -10.086  7.808  38.174 0.8750000000
62188  -10.322  7.572  37.294 0.8750000000
117946  -10.389  7.359  36.639 0.8750000000
63122  -10.555  8.436  35.777 0.8750000000
101626  -10.608  8.982  34.913 0.8750000000
59478  -20.554  3.303  37.855 0.3750000000
64838  -31.065  10.463  26.504 0.3750000000
63127  -10.497  7.990  35.010 0.8750000000
61297  -20.798  6.069  36.203 0.5000000000
61307  -20.705  6.558  35.379 0.6250000000
62224  -21.145  7.954  34.823 0.6250000000
113025  -10.495  8.290  34.119 0.7500000000
100961  -10.617  9.119  33.862 0.6250000000
64044  -30.922  9.551  25.668 0.3750000000
63131  -10.512  8.478  33.177 0.6250000000
64856  -31.316  10.174  25.814 0.3750000000
112571  -32.299  9.700  24.391 0.3750000000
118955  -10.932  10.611  31.914 0.3750000000
63985  -10.942  9.617  31.727 0.2500000000
63136  -10.711  8.697  31.616 0.3750000000
67289  -9.335  13.639  32.132 0.2500000000
66449  -9.711  12.816  32.161 0.2500000000
65629  -10.902  11.424  31.525 0.2500000000
64069  -32.960  10.024  23.836 0.2500000000
67299  -9.970  13.454  31.595 0.1250000000
119396  -10.500  13.345  31.122 0.1250000000
65710  -34.468  11.292  23.161 0.1250000000
64890  -47.893  10.475  22.515 0.2500000000
64891  -48.329  11.244  23.060 0.3750000000
120793  -48.579  11.707  24.553 0.5000000000
66514  -49.208  12.351  25.749 0.5000000000
66497  -49.591  11.951  26.278 0.5000000000
66498  -49.958  12.062  26.300 0.6250000000
64897  -47.024  10.182  20.941 0.2500000000
67359  -49.360  13.202  25.318 0.6250000000
66516  -50.184  12.539  25.782 0.6250000000
65703  -50.785  11.970  25.215 0.6250000000
66530  -51.113  12.133  24.448 0.8750000000
64892  -51.559  10.705  23.190 0.6250000000
64900  -51.628  10.684  21.596 0.5000000000
64906  -51.560  10.666  20.730 0.3750000000
64914  -51.543  10.675  19.827 0.3750000000
64119  -50.977  10.210  19.409 0.2500000000
64922  -51.446  10.666  18.859 0.2500000000
65747  -51.986  11.304  18.422 0.2500000000
64931  -51.437  10.816  17.871 0.2500000000
65755  -51.952  11.398  17.496 0.2500000000
103975  -52.444  11.909  17.119 0.2500000000
65764  -52.472  11.834  16.243 0.2500000000
65765  -53.128  12.259  15.729 0.2500000000
66592  -53.650  12.723  16.205 0.2500000000
66593  -54.417  12.954  15.711 0.2500000000
67449  -55.371  13.092  14.962 0.2500000000
67460  -56.246  13.707  14.218 0.2500000000
68329  -56.377  14.082  12.879 0.2500000000
105890  -56.467  14.953  12.906 0.2500000000
69186  -56.121  14.786  12.298 0.2500000000
69187  -56.477  15.786  12.468 0.2500000000
119407  -55.784  14.988  11.937 0.2500000000
62108  -6.008  7.428  47.201 1.0000000000
62109  -6.796  7.507  47.497 1.0000000000
62099  -7.075  7.762  47.988 1.0000000000
63027  -6.530  9.214  48.509 1.0000000000
63892  -6.825  9.939  48.208 0.8750000000
61190  -6.386  7.204  46.197 1.0000000000
62089  -7.263  8.354  48.351 0.8750000000
108593  -7.513  9.019  48.283 0.7500000000
63893  -7.909  9.573  47.913 0.7500000000
64711  -7.391  10.586  47.618 0.7500000000
65543  -7.544  11.286  47.179 0.7500000000
62097  -5.271  7.802  47.973 1.0000000000
112331  -7.996  7.760  48.069 0.8750000000
63898  -8.451  9.972  47.525 0.7500000000
64715  -8.599  10.692  46.979 0.7500000000
119828  -8.208  11.506  46.653 0.7500000000
65547  -7.957  12.058  46.486 0.7500000000
62107  -4.883  7.522  47.096 1.0000000000
62096  -4.299  7.970  47.845 1.0000000000
64722  -9.413  11.156  46.393 0.6250000000
119443  -8.953  11.692  46.156 0.7500000000
101261  -3.165  8.738  47.596 1.0000000000
66345  -10.816  12.085  45.798 0.5000000000
66344  -9.133  12.081  45.809 0.5000000000
67171  -11.776  13.671  45.685 0.5000000000
66354  -11.377  12.787  45.722 0.5000000000
63904  -3.054  8.929  46.500 1.0000000000
67994  -12.496  14.147  46.290 0.5000000000
62171  -22.040  8.429  41.612 0.2500000000
63040  -3.337  8.838  45.679 1.0000000000
67996  -13.555  14.694  47.006 0.5000000000
62155  -19.004  7.998  41.786 0.1250000000
62156  -20.292  7.625  41.923 0.1250000000
62157  -21.665  7.856  42.178 0.2500000000
63908  -4.461  9.208  45.247 1.0000000000
68849  -14.599  15.664  46.800 0.5000000000
68850  -15.489  15.599  46.558 0.5000000000
63078  -19.195  8.425  40.573 0.1250000000
63069  -18.258  8.486  41.508 0.1250000000
68860  -16.459  15.951  45.603 0.5000000000
68861  -17.083  16.112  45.176 0.2500000000
63090  -19.649  8.563  39.212 0.1250000000
64726  -5.679  10.285  44.989 1.0000000000
68875  -18.568  15.810  44.771 0.3750000000
63089  -18.994  8.880  39.756 0.1250000000
102248  -21.408  7.147  43.678 0.2500000000
62142  -22.333  7.584  42.754 0.2500000000
64728  -6.449  10.263  44.182 1.0000000000
119822  -18.627  15.763  43.610 0.3750000000
68023  -19.426  15.363  43.044 0.3750000000
63942  -19.267  8.959  38.533 0.1250000000
60314  -21.801  6.459  43.513 0.2500000000
61223  -21.882  7.135  43.397 0.2500000000
68030  -19.300  14.556  42.608 0.3750000000
63954  -18.922  9.471  37.983 0.1250000000
60313  -20.979  5.885  43.893 0.2500000000
64730  -7.095  10.215  43.515 1.0000000000
63914  -7.303  9.485  43.140 1.0000000000
116517  -19.642  13.643  41.165 0.2500000000
60332  -21.441  5.287  41.905 0.2500000000
63058  -7.947  9.334  42.443 1.0000000000
109651  -19.048  12.746  39.917 0.2500000000
65594  -18.417  10.825  38.204 0.1250000000
59450  -20.928  4.163  41.124 0.2500000000
64731  -7.675  10.158  42.841 1.0000000000
119186  -8.730  9.119  41.377 0.8750000000
64737  -8.898  10.458  40.773 0.8750000000
66398  -18.679  12.251  39.146 0.2500000000
63920  -8.986  9.622  40.984 0.8750000000
63921  -9.381  9.133  40.110 0.8750000000
63936  -9.988  9.359  38.573 0.8750000000
117761  -20.875  3.757  40.452 0.2500000000
60354  -20.844  3.758  39.598 0.2500000000
63949  -10.410  9.447  37.186 0.8750000000
60355  -21.268  5.021  39.058 0.2500000000
60365  -21.182  5.525  37.987 0.3750000000
104824  -10.599  9.187  35.802 0.8750000000
59470  -20.527  3.103  38.862 0.2500000000
108715  -20.841  4.361  38.240 0.5000000000
61288  -21.052  6.049  37.079 0.3750000000
65668  -31.439  11.053  26.963 0.3750000000
63975  -10.633  9.883  34.393 0.6250000000
60364  -20.872  5.156  37.388 0.5000000000
61298  -21.235  6.871  36.324 0.5000000000
64839  -31.637  10.856  26.126 0.3750000000
64857  -31.933  10.673  25.166 0.3750000000
64872  -32.434  10.372  24.399 0.3750000000
68098  -7.954  14.119  33.066 0.6250000000
67282  -8.417  13.342  33.296 0.3750000000
67283  -9.029  13.121  32.741 0.3750000000
65626  -10.487  11.395  32.353 0.2500000000
64795  -10.610  10.634  32.930 0.3750000000
63982  -10.766  9.831  32.617 0.3750000000
63133  -10.702  8.986  32.452 0.5000000000
65699  -32.727  11.210  24.534 0.2500000000
67288  -8.676  13.848  32.617 0.3750000000
66443  -9.906  12.040  32.689 0.2500000000
68111  -8.415  14.520  32.436 0.2500000000
68112  -9.023  14.430  32.050 0.1250000000
68126  -10.430  14.039  31.212 0.1250000000
65701  -34.807  12.023  23.372 0.1250000000
66553  -48.476  12.768  22.989 0.3750000000
67365  -49.099  13.767  24.784 0.6250000000
68196  -49.268  14.593  24.565 0.6250000000
65724  -47.959  11.382  21.415 0.2500000000
64899  -48.161  11.218  22.202 0.2500000000
108704  -48.384  11.857  22.751 0.3750000000
66528  -48.872  12.922  25.088 0.5000000000
67366  -49.552  13.902  24.917 0.6250000000
67367  -50.179  13.800  24.962 0.8750000000
66542  -50.832  13.114  24.275 0.8750000000
64905  -47.516  10.896  20.928 0.2500000000
64898  -47.672  10.624  21.624 0.2500000000
65712  -48.629  12.284  24.454 0.5000000000
66529  -50.500  12.904  25.155 0.6250000000
109657  -51.347  12.142  23.581 0.8750000000
66554  -51.419  12.182  22.687 0.7500000000
65719  -51.575  11.386  22.927 0.7500000000
65726  -51.683  11.438  21.952 0.5000000000
104463  -51.864  11.342  20.332 0.5000000000
65740  -51.991  11.266  19.353 0.2500000000
65748  -52.316  11.902  18.867 0.2500000000
65756  -52.407  11.902  17.993 0.2500000000
66583  -52.817  12.446  17.536 0.2500000000
66591  -52.982  12.360  16.659 0.2500000000
66584  -53.362  12.893  17.066 0.2500000000
67439  -53.841  13.314  16.501 0.2500000000
67440  -54.397  13.832  16.011 0.2500000000
68287  -55.602  13.864  14.885 0.2500000000
109584  -55.481  14.969  14.993 0.2500000000
69153  -56.361  15.331  14.053 0.2500000000
68307  -56.442  14.543  13.661 0.2500000000
69176  -56.500  15.562  13.396 0.2500000000
69198  -56.353  16.368  11.894 0.2500000000
62098  -6.194  7.773  48.023 1.0000000000
62088  -6.383  8.385  48.479 1.0000000000
62087  -5.495  8.362  48.556 1.0000000000
63026  -5.602  9.207  48.786 1.0000000000
64714  -6.722  11.425  47.626 0.7500000000
62086  -4.654  8.413  48.538 1.0000000000
63034  -4.001  8.512  48.390 1.0000000000
62095  -3.552  8.333  47.690 1.0000000000
63033  -3.573  8.983  48.485 1.0000000000
63897  -3.302  9.494  48.514 1.0000000000
68003  -12.086  14.575  45.589 0.5000000000
63901  -3.078  9.292  47.498 1.0000000000
68847  -13.157  15.267  46.365 0.5000000000
68004  -12.681  14.990  46.014 0.5000000000
63081  -22.982  9.048  41.727 0.2500000000
64720  -3.109  10.294  47.419 1.0000000000
69719  -13.892  16.121  46.370 0.5000000000
63932  -23.674  9.543  41.292 0.2500000000
64721  -3.956  10.353  46.468 1.0000000000
69720  -14.685  16.240  46.501 0.5000000000
69730  -15.697  16.867  45.894 0.3750000000
63906  -4.979  9.767  45.404 1.0000000000
69731  -16.607  16.445  45.586 0.3750000000
65558  -5.586  11.338  44.805 1.0000000000
68863  -18.804  16.019  45.175 0.2500000000
62143  -23.104  7.731  42.590 0.2500000000
63065  -23.366  8.343  42.391 0.2500000000
65559  -6.167  10.937  44.385 1.0000000000
68887  -19.518  15.731  43.703 0.2500000000
68039  -20.038  15.105  42.514 0.3750000000
61230  -22.233  6.168  42.657 0.2500000000
62158  -23.594  7.784  42.417 0.2500000000
65562  -6.730  11.110  43.629 1.0000000000
65561  -5.982  11.757  43.999 1.0000000000
104755  -19.776  13.658  41.844 0.2500000000
65563  -7.353  10.807  43.066 1.0000000000
64735  -7.796  10.935  42.429 1.0000000000
64733  -8.196  10.201  42.166 1.0000000000
119177  -8.224  10.928  41.780 0.8750000000
111508  -21.556  5.064  40.915 0.2500000000
65571  -8.490  11.168  40.969 0.8750000000
64743  -8.971  10.913  40.229 0.8750000000
68049  -19.448  14.070  40.436 0.2500000000
111239  -18.246  11.461  37.296 0.1250000000
60341  -21.273  4.477  40.211 0.2500000000
63927  -9.645  9.827  39.373 0.8750000000
64751  -9.801  10.337  38.572 0.8750000000
111180  -18.645  13.059  39.046 0.2500000000
66407  -18.381  11.823  38.242 0.2500000000
62201  -21.923  7.274  36.738 0.2500000000
65645  -32.242  11.746  28.779 0.3750000000
63948  -10.187  9.926  37.839 0.8750000000
116850  -21.509  6.261  37.782 0.2500000000
104808  -10.449  10.358  36.182 0.7500000000
63969  -10.599  9.947  35.442 0.7500000000
61289  -21.693  6.779  37.233 0.3750000000
108553  -32.008  11.442  27.791 0.3750000000
65669  -32.115  11.445  26.644 0.3750000000
66483  -33.244  12.173  28.026 0.3750000000
66494  -32.808  12.102  27.184 0.3750000000
64793  -10.487  10.649  33.863 0.3750000000
63979  -10.663  9.894  33.475 0.3750000000
65685  -32.331  11.429  25.514 0.3750000000
65622  -10.209  11.371  33.300 0.5000000000
66442  -9.386  12.528  32.928 0.2500000000
115457  -7.341  14.635  33.028 0.6250000000
64873  -33.354  10.792  23.787 0.1250000000
65700  -33.799  11.596  23.961 0.1250000000
67298  -9.740  14.244  31.638 0.1250000000
67402  -48.366  14.041  21.972 0.3750000000
104231  -48.475  13.576  22.772 0.5000000000
67378  -48.864  14.277  24.281 0.6250000000
65733  -48.121  12.230  21.235 0.3750000000
67379  -50.412  14.193  24.288 0.8750000000
67380  -50.893  13.555  23.607 0.8750000000
66543  -51.178  12.821  23.355 0.7500000000
66558  -51.428  12.348  21.790 0.6250000000
119669  -51.847  12.036  20.411 0.5000000000
65741  -52.101  11.955  19.710 0.2500000000
66577  -52.518  12.540  18.349 0.2500000000
67432  -52.855  13.149  17.754 0.2500000000
67433  -53.325  13.565  17.164 0.2500000000
118606  -52.902  13.740  17.527 0.2500000000
68263  -53.734  14.325  16.693 0.2500000000
68286  -54.963  14.370  15.516 0.2500000000
69142  -55.366  15.948  15.081 0.2500000000
111028  -56.326  16.275  14.026 0.2500000000
70916  -56.354  17.297  13.738 0.2500000000
70090  -56.391  17.022  11.808 0.2500000000
70965  -56.264  17.761  11.380 0.3750000000
66342  -6.664  12.788  46.774 0.6250000000
66351  -7.251  12.933  46.112 0.6250000000
67167  -6.850  13.502  45.944 0.6250000000
68001  -6.492  14.158  45.740 0.5000000000
63891  -5.668  10.073  48.646 1.0000000000
64710  -6.272  10.818  48.176 0.8750000000
66337  -6.945  12.333  46.947 0.7500000000
67177  -7.300  13.637  45.248 0.5000000000
63890  -4.815  9.793  48.982 1.0000000000
64709  -5.384  10.920  48.627 1.0000000000
65539  -5.962  11.568  48.131 0.8750000000
65542  -7.222  11.849  47.085 0.7500000000
66343  -7.669  12.466  46.289 0.6250000000
66352  -8.483  12.576  45.618 0.5000000000
67168  -7.878  13.054  45.436 0.5000000000
68009  -7.743  13.855  44.524 0.5000000000
63025  -4.798  9.110  48.935 1.0000000000
120998  -4.440  10.027  49.290 1.0000000000
64708  -4.608  10.925  49.092 1.0000000000
65538  -5.309  11.633  48.577 0.8750000000
66332  -5.303  12.325  48.393 0.8750000000
67169  -9.242  12.827  44.996 0.5000000000
67178  -8.486  13.287  44.763 0.5000000000
68018  -8.182  14.210  43.869 0.5000000000
63024  -4.109  9.128  48.875 1.0000000000
118398  -3.832  9.983  49.777 1.0000000000
63889  -4.108  10.226  49.644 1.0000000000
108058  -4.660  11.677  49.038 1.0000000000
67170  -10.694  13.183  45.046 0.5000000000
67179  -9.840  13.353  44.562 0.5000000000
68010  -9.070  13.750  44.187 0.5000000000
114000  -3.616  9.854  49.345 1.0000000000
64707  -3.516  10.301  49.876 1.0000000000
64704  -3.849  10.939  49.832 1.0000000000
115866  -4.767  12.485  48.803 1.0000000000
68002  -11.315  13.998  45.015 0.5000000000
118406  -10.632  13.636  44.716 0.5000000000
118694  -3.351  9.990  49.156 1.0000000000
64706  -3.155  10.419  49.799 1.0000000000
64703  -3.073  10.815  50.103 1.0000000000
66331  -4.229  12.792  49.295 1.0000000000
67152  -4.772  13.217  48.505 0.8750000000
68857  -12.838  15.675  45.745 0.5000000000
68856  -12.350  15.353  45.418 0.5000000000
68869  -12.002  15.586  44.846 0.5000000000
68012  -11.683  14.831  44.930 0.5000000000
64712  -2.721  10.791  48.114 1.0000000000
64705  -2.836  10.957  49.085 1.0000000000
65536  -2.874  11.165  50.146 1.0000000000
67148  -2.928  12.856  49.694 1.0000000000
67149  -3.599  13.200  49.507 1.0000000000
69729  -14.082  16.536  46.066 0.3750000000
69728  -13.466  16.497  45.687 0.5000000000
69727  -12.939  16.227  45.484 0.3750000000
68870  -12.520  15.975  45.235 0.5000000000
63945  -24.222  10.066  41.052 0.2500000000
65546  -2.981  11.353  47.392 1.0000000000
66333  -2.455  12.416  48.442 1.0000000000
66330  -2.590  12.599  49.317 1.0000000000
63926  -24.129  9.080  42.142 0.2500000000
65557  -4.864  11.769  45.275 1.0000000000
65553  -4.446  11.127  46.076 1.0000000000
113943  -3.019  12.173  46.926 1.0000000000
70595  -17.446  16.958  45.511 0.3750000000
70594  -16.444  17.365  45.497 0.3750000000
63933  -24.693  9.335  41.739 0.2500000000
63071  -23.796  8.838  42.344 0.2500000000
66359  -5.091  12.339  44.315 1.0000000000
65554  -5.177  10.929  45.455 1.0000000000
63072  -24.366  8.846  42.120 0.2500000000
62172  -23.822  7.578  41.836 0.2500000000
62173  -24.496  8.272  41.538 0.2500000000
68038  -20.037  14.323  42.159 0.2500000000
61263  -22.821  6.746  40.797 0.2500000000
104116  -5.539  12.442  43.506 1.0000000000
61262  -21.885  5.740  39.969 0.2500000000
66365  -6.291  12.137  43.009 1.0000000000
104053  -7.151  11.523  42.695 1.0000000000
61277  -22.513  6.645  39.320 0.3750000000
61290  -22.149  6.735  38.132 0.2500000000
103262  -23.046  7.278  38.738 0.2500000000
102677  -8.575  11.427  40.213 0.8750000000
65578  -9.346  10.778  39.402 0.8750000000
61276  -21.692  6.038  38.647 0.3750000000
62192  -23.502  7.805  38.150 0.2500000000
65593  -9.542  11.413  37.433 0.7500000000
64763  -10.336  10.358  36.992 0.8750000000
64771  -10.066  11.067  37.047 0.7500000000
64772  -10.247  10.963  36.398 0.7500000000
65600  -10.031  11.332  35.863 0.7500000000
64779  -10.366  10.810  35.640 0.7500000000
64786  -10.445  10.692  34.787 0.7500000000
65614  -9.499  11.866  34.681 0.7500000000
65609  -10.060  11.372  35.141 0.7500000000
68097  -7.106  14.092  33.514 0.7500000000
67281  -6.844  13.645  34.108 0.7500000000
65615  -10.066  11.362  34.243 0.6250000000
67273  -7.674  13.449  33.836 0.6250000000
66432  -8.300  12.870  34.005 0.6250000000
66433  -8.891  12.376  34.289 0.5000000000
65621  -9.526  12.014  33.650 0.3750000000
66441  -8.897  12.688  33.468 0.5000000000
68983  -9.489  15.128  31.592 0.2500000000
68984  -10.264  14.923  31.227 0.2500000000
68110  -7.864  14.929  32.545 0.6250000000
68137  -10.851  14.630  30.678 0.2500000000
105504  -48.501  15.065  22.614 0.5000000000
67391  -48.651  14.563  23.365 0.5000000000
68203  -49.088  15.178  24.147 0.6250000000
68204  -49.547  15.314  24.214 0.6250000000
68205  -50.134  15.197  24.170 0.6250000000
68197  -49.805  14.587  24.608 0.7500000000
67392  -50.669  14.394  23.343 0.7500000000
67393  -51.116  13.175  22.648 0.7500000000
66571  -52.129  12.611  19.149 0.3750000000
67422  -52.201  13.293  18.491 0.2500000000
112973  -52.439  13.955  17.863 0.3750000000
68274  -54.360  14.869  16.077 0.2500000000
70043  -55.751  16.544  14.661 0.2500000000
110776  -56.013  17.190  14.328 0.2500000000
70066  -56.581  16.500  13.169 0.2500000000
70952  -56.548  17.658  12.148 0.3750000000
71867  -56.458  18.886  10.974 0.3750000000
70985  -56.006  18.256  10.600 0.2500000000
70984  -55.213  17.824  10.373 0.2500000000
71892  -55.722  18.721  9.929 0.3750000000
71930  -55.282  19.242  7.726 0.2500000000
71940  -55.111  19.265  6.916 0.2500000000
66336  -6.198  12.561  47.391 0.7500000000
67161  -6.388  13.311  46.589 0.7500000000
110547  -6.426  12.051  47.560 0.8750000000
65541  -5.812  12.200  47.995 0.8750000000
67993  -6.149  13.927  46.382 0.7500000000
66335  -5.679  12.762  47.773 0.8750000000
67154  -5.513  13.300  47.512 0.7500000000
67160  -5.768  13.593  46.933 0.7500000000
68867  -6.330  14.970  44.645 0.6250000000
68017  -7.109  14.519  44.251 0.5000000000
67992  -5.612  14.198  46.665 0.7500000000
68000  -5.911  14.556  46.085 0.7500000000
68866  -5.757  15.359  44.946 0.6250000000
68019  -9.448  14.307  43.723 0.5000000000
66334  -5.250  12.966  48.125 0.8750000000
67991  -5.211  14.427  46.925 0.7500000000
68846  -5.478  14.816  46.318 0.7500000000
107706  -10.782  15.169  43.459 0.3750000000
68020  -10.359  14.657  43.778 0.5000000000
67153  -5.082  13.536  47.808 0.7500000000
68882  -11.636  15.696  44.129 0.5000000000
68868  -11.237  15.021  44.269 0.5000000000
67981  -4.109  14.154  48.735 0.8750000000
68838  -4.799  14.670  47.272 0.7500000000
69738  -12.229  16.159  44.652 0.3750000000
64759  -24.493  10.822  40.600 0.2500000000
67983  -2.575  14.169  48.614 1.0000000000
67979  -2.753  13.998  49.290 1.0000000000
111152  -12.783  16.848  44.749 0.3750000000
66350  -4.124  12.153  45.789 1.0000000000
66341  -2.717  12.857  46.885 1.0000000000
101330  -2.425  13.059  47.654 1.0000000000
105548  -14.741  18.356  44.630 0.3750000000
64748  -25.090  10.053  41.247 0.2500000000
66362  -4.788  13.011  43.461 1.0000000000
66358  -4.365  12.644  44.956 1.0000000000
120099  -3.812  12.872  45.466 1.0000000000
70605  -17.029  17.816  45.151 0.3750000000
63082  -24.843  9.009  41.749 0.2500000000
69744  -19.764  15.985  44.195 0.2500000000
63093  -24.913  8.652  40.666 0.2500000000
68900  -20.070  15.835  42.856 0.3750000000
62181  -23.476  7.408  40.288 0.2500000000
66364  -5.372  12.880  42.736 1.0000000000
102268  -6.015  12.717  42.052 1.0000000000
65565  -6.797  12.167  42.195 1.0000000000
66374  -7.162  12.409  40.685 0.8750000000
65570  -7.968  11.881  40.483 0.8750000000
65576  -8.329  11.818  39.551 0.8750000000
107370  -8.982  11.456  39.155 0.8750000000
66395  -8.515  11.922  38.515 0.8750000000
65592  -8.992  11.809  37.800 0.7500000000
101381  -6.891  13.168  35.147 0.6250000000
100632  -8.263  12.460  35.668 0.7500000000
66422  -8.923  12.235  35.193 0.7500000000
65608  -9.525  11.754  35.582 0.7500000000
68096  -6.282  14.081  33.860 0.7500000000
66431  -7.801  12.950  34.462 0.7500000000
106853  -8.285  12.596  34.801 0.7500000000
68954  -6.555  14.819  33.315 0.6250000000
68969  -7.169  15.334  32.741 0.6250000000
68997  -10.614  15.538  30.595 0.2500000000
69072  -49.088  16.523  23.270 0.5000000000
69073  -49.564  16.568  23.383 0.7500000000
68221  -48.234  14.964  21.659 0.5000000000
116549  -48.451  15.926  22.615 0.5000000000
68212  -48.868  15.689  23.544 0.5000000000
69068  -49.358  15.944  23.843 0.6250000000
69069  -49.795  15.977  23.834 0.7500000000
68213  -50.261  15.622  23.448 0.7500000000
67403  -50.634  14.818  22.454 0.6250000000
115562  -50.749  14.070  21.481 0.6250000000
109127  -50.589  14.938  21.588 0.6250000000
69130  -48.393  15.341  16.526 0.1250000000
119718  -50.881  13.905  22.282 0.7500000000
67404  -51.122  13.199  21.583 0.6250000000
67412  -50.608  14.471  20.661 0.6250000000
66563  -51.495  12.536  20.886 0.6250000000
67413  -51.056  13.421  20.519 0.6250000000
67420  -50.806  14.131  19.864 0.6250000000
66570  -51.710  12.630  19.997 0.5000000000
67421  -51.466  13.478  19.342 0.6250000000
68262  -52.962  14.409  17.353 0.2500000000
112784  -53.326  15.094  17.020 0.2500000000
69133  -53.793  15.444  16.551 0.3750000000
69134  -54.354  15.933  16.072 0.3750000000
70905  -55.527  17.581  14.902 0.2500000000
70915  -55.908  18.382  14.312 0.5000000000
71823  -56.470  18.617  12.775 0.3750000000
72772  -56.287  20.307  12.264 0.3750000000
71844  -56.515  18.645  11.805 0.3750000000
72793  -56.535  19.792  11.444 0.3750000000
71894  -56.540  19.792  10.664 0.3750000000
71908  -56.278  19.693  9.605 0.3750000000
71907  -55.591  19.011  9.207 0.2500000000
71920  -55.446  19.173  8.480 0.3750000000
72845  -55.874  20.130  7.475 0.3750000000
72865  -56.210  21.249  6.266 0.3750000000
72856  -55.758  20.159  6.610 0.2500000000
71948  -54.952  19.225  6.008 0.2500000000
72864  -55.625  19.994  5.661 0.2500000000
109578  -7.449  14.698  43.527 0.5000000000
115648  -7.751  14.830  42.912 0.5000000000
68878  -5.978  15.544  44.231 0.6250000000
68880  -8.514  14.570  43.251 0.5000000000
68892  -8.667  14.909  42.485 0.5000000000
68854  -5.628  15.128  45.651 0.7500000000
68895  -11.330  15.731  43.370 0.3750000000
119400  -10.257  15.079  42.885 0.3750000000
68893  -9.797  15.090  42.440 0.3750000000
68845  -5.114  15.036  46.563 0.7500000000
69748  -11.875  16.282  43.745 0.3750000000
68837  -4.242  14.924  47.716 0.8750000000
70613  -12.846  17.224  43.996 0.3750000000
70621  -12.688  17.371  42.960 0.3750000000
67990  -2.541  14.570  47.545 0.8750000000
68836  -3.467  15.048  48.059 0.8750000000
112799  -14.110  18.293  44.339 0.3750000000
71513  -13.518  17.920  43.991 0.3750000000
66349  -3.395  12.671  46.232 1.0000000000
105278  -2.397  13.868  47.724 1.0000000000
71505  -16.229  18.451  44.908 0.3750000000
71514  -14.918  18.943  43.821 0.3750000000
64749  -25.333  10.649  41.047 0.2500000000
67184  -4.306  13.110  44.183 1.0000000000
67175  -3.205  13.869  44.639 1.0000000000
67176  -3.331  13.367  45.537 1.0000000000
70606  -17.938  17.712  45.128 0.2500000000
71506  -17.223  18.601  44.576 0.2500000000
63934  -25.690  10.239  41.101 0.2500000000
104158  -3.988  13.491  43.484 1.0000000000
70608  -19.771  17.157  44.629 0.2500000000
70607  -18.955  17.564  45.027 0.2500000000
104112  -25.287  9.479  41.204 0.2500000000
69752  -20.004  16.378  43.654 0.3750000000
67190  -4.399  13.453  42.594 0.8750000000
67198  -4.320  13.621  41.655 1.0000000000
67199  -5.144  13.257  41.874 1.0000000000
68909  -20.164  15.740  42.427 0.3750000000
65567  -6.636  12.542  41.400 1.0000000000
101908  -7.376  12.397  39.724 0.8750000000
115517  -7.794  12.246  38.949 0.7500000000
66381  -7.051  12.700  38.807 0.6250000000
66394  -7.684  12.451  38.149 0.7500000000
66405  -8.333  12.223  37.538 0.7500000000
66412  -6.951  13.015  36.363 0.6250000000
66414  -8.270  12.363  36.597 0.7500000000
67271  -6.114  13.688  34.433 0.6250000000
118129  -6.645  13.407  34.647 0.6250000000
67262  -7.134  12.987  35.705 0.6250000000
66413  -7.614  12.712  36.111 0.6250000000
68095  -5.703  14.684  33.820 0.6250000000
68968  -6.510  15.691  32.938 0.6250000000
110154  -7.773  15.845  32.236 0.5000000000
68970  -8.594  15.321  31.973 0.3750000000
68982  -9.202  16.018  31.438 0.3750000000
101129  -9.965  15.804  31.095 0.3750000000
69961  -48.352  16.927  22.298 0.3750000000
69074  -49.974  16.530  23.331 0.7500000000
68222  -50.350  15.950  22.439 0.7500000000
70013  -48.426  16.643  17.765 0.2500000000
68245  -51.018  14.433  19.249 0.6250000000
68252  -51.657  14.366  18.485 0.6250000000
68253  -52.232  14.909  17.804 0.5000000000
69113  -52.248  15.956  17.853 0.6250000000
69123  -52.792  15.442  17.391 0.3750000000
70904  -54.948  17.655  15.642 0.3750000000
71796  -55.117  19.061  15.198 0.5000000000
71805  -55.364  19.908  14.415 0.5000000000
71822  -56.073  19.321  13.692 0.5000000000
72771  -55.822  20.632  12.844 0.3750000000
73734  -55.844  20.951  12.301 0.3750000000
73735  -56.265  20.740  11.575 0.3750000000
73741  -56.123  21.023  11.041 0.3750000000
73750  -56.143  21.077  10.216 0.3750000000
73742  -56.442  20.567  10.813 0.3750000000
72821  -56.433  20.707  9.440 0.3750000000
73759  -56.128  21.290  9.163 0.3750000000
72835  -56.415  20.912  8.722 0.3750000000
73768  -56.081  21.558  8.349 0.3750000000
72834  -56.057  20.081  8.228 0.3750000000
72846  -56.313  20.949  7.998 0.3750000000
72857  -56.210  21.068  7.248 0.3750000000
73790  -56.043  21.798  7.158 0.3750000000
74577  -55.899  21.990  6.052 0.3750000000
68890  -6.292  15.644  43.483 0.6250000000
68902  -6.713  15.636  42.623 0.5000000000
68891  -6.977  15.181  43.126 0.5000000000
116607  -7.546  15.169  42.451 0.5000000000
69747  -5.717  16.050  43.847 0.7500000000
68903  -8.255  15.313  41.813 0.3750000000
69737  -5.487  15.913  44.511 0.7500000000
68905  -10.139  15.449  42.002 0.3750000000
68904  -9.302  15.316  41.812 0.3750000000
68853  -5.269  15.385  45.835 0.7500000000
68865  -5.338  15.670  45.145 0.7500000000
68894  -10.680  15.467  42.671 0.3750000000
69764  -10.792  15.886  41.993 0.3750000000
69717  -4.214  15.817  46.311 0.8750000000
69718  -4.848  15.617  46.018 0.7500000000
118170  -11.826  16.558  42.891 0.3750000000
69765  -11.432  16.520  41.973 0.3750000000
69713  -3.158  15.457  47.443 0.8750000000
71523  -13.171  17.900  42.446 0.3750000000
67166  -2.777  13.836  45.669 1.0000000000
68842  -2.694  15.214  47.171 0.8750000000
72454  -15.082  19.415  43.208 0.2500000000
71525  -14.341  18.790  43.396 0.3750000000
120561  -3.694  13.533  44.154 1.0000000000
71515  -15.588  19.107  44.146 0.2500000000
71516  -16.532  19.375  44.079 0.2500000000
67189  -3.498  13.763  42.886 0.8750000000
71507  -18.246  18.449  44.336 0.2500000000
70609  -20.059  17.078  43.918 0.2500000000
105512  -3.689  13.869  42.117 0.8750000000
101622  -4.874  13.465  41.093 1.0000000000
69758  -20.088  16.444  42.915 0.3750000000
67209  -5.250  13.400  40.526 0.8750000000
66372  -5.924  13.183  40.144 0.6250000000
106196  -6.502  12.974  39.446 0.7500000000
67232  -6.286  13.175  38.620 0.6250000000
66393  -6.858  12.924  37.962 0.6250000000
67251  -5.487  13.469  36.271 0.6250000000
66403  -6.587  13.140  37.155 0.6250000000
117921  -5.940  13.381  35.763 0.6250000000
67252  -6.241  13.291  36.376 0.6250000000
68086  -5.495  14.034  34.265 0.6250000000
100678  -6.103  13.396  35.096 0.6250000000
67261  -6.549  13.206  35.728 0.6250000000
68967  -5.756  15.582  33.363 0.6250000000
69860  -6.021  16.512  32.744 0.6250000000
69871  -8.433  16.493  31.638 0.3750000000
69884  -9.522  16.726  30.813 0.3750000000
69970  -48.709  17.894  22.105 0.5000000000
69963  -49.663  17.135  22.810 0.7500000000
69971  -49.395  17.914  22.232 0.5000000000
69972  -49.899  17.800  22.114 0.7500000000
103375  -50.212  16.708  21.703 0.6250000000
69962  -49.221  17.248  22.812 0.5000000000
69081  -50.011  16.942  22.671 0.7500000000
69100  -50.422  16.229  20.427 0.6250000000
70877  -48.419  18.378  19.141 0.3750000000
71768  -48.895  19.347  19.615 0.3750000000
68234  -50.426  15.522  21.044 0.6250000000
120297  -50.719  15.966  19.589 0.6250000000
70006  -47.960  17.347  18.606 0.2500000000
70888  -48.942  17.746  18.200 0.2500000000
68244  -50.570  15.082  19.887 0.6250000000
106154  -51.232  16.528  19.110 0.6250000000
115953  -51.440  15.889  18.676 0.6250000000
70007  -51.828  17.593  18.846 0.6250000000
106278  -51.696  15.447  18.311 0.6250000000
69112  -51.821  16.398  18.464 0.6250000000
70008  -52.485  17.239  18.137 0.6250000000
70016  -52.859  16.454  17.485 0.6250000000
102686  -53.134  17.532  17.561 0.6250000000
70017  -53.654  17.648  17.003 0.5000000000
120724  -53.366  16.791  17.138 0.5000000000
106850  -53.821  16.581  16.595 0.5000000000
70024  -54.084  17.530  16.524 0.6250000000
70025  -54.407  16.977  16.090 0.5000000000
107036  -54.549  18.960  15.976 0.6250000000
70898  -54.459  17.939  16.224 0.5000000000
71804  -54.476  20.231  14.977 0.6250000000
71843  -54.276  19.879  12.403 0.3750000000
72742  -54.824  20.483  14.224 0.6250000000
72770  -54.835  20.809  12.618 0.3750000000
111382  -55.225  20.976  11.733 0.3750000000
73730  -55.299  20.959  12.900 0.3750000000
72792  -55.057  20.889  11.048 0.3750000000
73740  -55.731  21.184  11.031 0.3750000000
72820  -54.902  21.000  9.960 0.3750000000
73757  -54.859  21.112  9.220 0.3750000000
73758  -55.705  21.379  9.652 0.3750000000
73767  -55.754  21.567  8.729 0.3750000000
73775  -55.615  21.695  8.065 0.3750000000
74562  -55.915  21.748  8.238 0.3750000000
74567  -55.933  21.818  7.764 0.3750000000
74576  -55.808  21.983  6.999 0.3750000000
110734  -55.449  22.067  6.025 0.3750000000
69755  -5.993  16.071  43.108 0.6250000000
118774  -7.389  15.473  41.985 0.5000000000
108908  -6.926  15.830  41.767 0.6250000000
69762  -7.803  15.684  41.284 0.3750000000
70601  -4.208  17.130  44.262 0.7500000000
70611  -4.234  17.384  43.844 0.7500000000
69763  -10.109  15.747  41.282 0.3750000000
70591  -3.658  16.955  44.837 0.7500000000
69735  -4.642  16.546  44.703 0.7500000000
69736  -5.086  16.238  44.672 0.7500000000
69775  -11.396  16.522  40.916 0.3750000000
106078  -10.913  16.103  41.347 0.3750000000
69734  -2.257  16.257  44.622 0.8750000000
70589  -2.652  16.753  45.021 0.7500000000
69723  -2.949  16.262  45.926 0.8750000000
70631  -11.993  17.026  41.429 0.3750000000
116995  -1.963  14.730  43.630 0.8750000000
68015  -2.212  14.847  44.434 0.8750000000
69722  -2.563  15.955  45.445 0.8750000000
69714  -2.659  15.575  46.301 0.8750000000
69715  -2.953  15.687  46.747 0.8750000000
72463  -14.307  18.993  42.472 0.2500000000
71524  -13.682  18.331  42.961 0.3750000000
67182  -2.824  13.982  43.094 0.8750000000
112995  -2.696  14.125  43.846 1.0000000000
68007  -2.641  14.406  44.830 0.8750000000
67998  -2.429  14.881  46.468 0.8750000000
67183  -3.255  13.802  43.657 0.8750000000
72456  -16.118  20.091  43.491 0.2500000000
72458  -18.051  20.062  43.517 0.2500000000
71508  -19.225  18.155  44.064 0.2500000000
71519  -19.617  18.250  43.070 0.2500000000
116651  -3.174  14.170  41.786 0.8750000000
67197  -3.644  13.848  41.291 0.8750000000
103570  -4.181  13.660  40.965 0.8750000000
111367  -20.060  16.964  43.336 0.2500000000
67207  -3.676  13.782  40.394 0.8750000000
67218  -5.081  13.509  39.858 0.6250000000
103269  -4.795  13.599  39.093 0.6250000000
67231  -5.379  13.461  38.362 0.6250000000
102150  -4.777  13.528  37.695 0.6250000000
67241  -5.447  13.450  37.603 0.6250000000
101711  -5.836  13.400  37.063 0.6250000000
67259  -4.465  13.662  35.132 0.6250000000
67269  -4.637  13.965  34.609 0.6250000000
67260  -5.299  13.533  35.471 0.6250000000
67270  -5.343  13.682  34.798 0.6250000000
68094  -5.115  15.175  33.794 0.6250000000
69847  -4.870  15.809  33.517 0.6250000000
69859  -5.282  16.278  33.106 0.6250000000
114200  -4.962  16.934  32.627 0.5000000000
70726  -5.736  17.312  32.153 0.5000000000
70740  -6.290  17.625  31.473 0.5000000000
105707  -6.967  16.227  32.483 0.5000000000
69870  -7.532  16.828  31.964 0.3750000000
70742  -7.943  17.530  31.350 0.3750000000
70753  -7.024  17.956  30.778 0.3750000000
114301  -9.013  16.612  31.270 0.3750000000
69981  -49.568  18.667  21.689 0.5000000000
70848  -48.954  18.695  21.827 0.5000000000
69090  -50.230  17.468  20.928 0.6250000000
70847  -48.259  18.418  21.605 0.3750000000
71751  -49.219  19.288  21.307 0.5000000000
70854  -49.766  19.232  21.159 0.6250000000
69982  -50.040  18.642  21.281 0.6250000000
71750  -48.025  18.781  20.748 0.3750000000
106065  -48.770  19.434  20.557 0.3750000000
71757  -49.739  19.716  20.524 0.5000000000
70864  -50.227  19.375  20.576 0.7500000000
116713  -50.679  17.023  19.933 0.6250000000
70865  -50.918  19.479  19.782 0.7500000000
69994  -51.207  17.971  19.567 0.6250000000
71770  -50.598  20.249  18.729 0.6250000000
71771  -51.354  20.025  19.077 0.6250000000
70879  -51.695  19.051  19.155 0.6250000000
71772  -51.985  19.994  18.592 0.6250000000
72722  -52.176  20.446  17.852 0.6250000000
70891  -52.861  18.413  17.992 0.6250000000
71788  -52.890  20.272  17.325 0.6250000000
70892  -53.367  18.986  17.445 0.6250000000
72729  -53.140  20.390  16.609 0.6250000000
71791  -53.507  19.938  16.881 0.6250000000
72730  -53.902  20.066  16.199 0.6250000000
70897  -53.997  18.754  16.652 0.6250000000
72741  -53.821  20.248  15.290 0.6250000000
72751  -54.297  20.265  14.383 0.5000000000
71795  -54.421  19.931  15.627 0.6250000000
71842  -54.022  19.475  13.053 0.5000000000
71821  -54.393  20.336  13.377 0.5000000000
69778  -5.753  16.846  40.189 0.6250000000
107751  -6.394  16.455  40.501 0.6250000000
71522  -3.622  18.549  43.119 0.7500000000
70618  -4.278  17.681  43.194 0.7500000000
70625  -5.356  17.092  42.002 0.7500000000
69760  -5.934  16.497  42.005 0.6250000000
69771  -7.182  16.073  40.719 0.6250000000
69772  -8.213  15.922  40.359 0.3750000000
72453  -2.646  19.350  43.534 0.7500000000
71510  -3.169  18.688  43.824 0.7500000000
70612  -4.843  16.939  43.689 0.7500000000
70619  -5.085  17.044  42.981 0.7500000000
109031  -5.690  16.521  42.705 0.7500000000
102728  -9.120  15.988  39.960 0.3750000000
72451  -1.861  19.510  43.323 0.7500000000
71499  -2.625  18.636  44.036 0.7500000000
70599  -3.008  17.761  44.415 0.7500000000
70602  -4.725  16.761  44.225 0.7500000000
69746  -5.229  16.427  44.112 0.7500000000
69783  -11.284  16.492  39.902 0.3750000000
69782  -10.540  16.293  39.686 0.3750000000
70610  -1.937  17.913  43.768 0.8750000000
112216  -2.697  17.438  44.593 0.7500000000
70590  -3.085  16.943  45.021 0.7500000000
68889  -1.836  15.342  42.355 0.7500000000
68025  -2.017  14.677  42.830 0.8750000000
102355  -1.594  16.205  42.792 0.8750000000
68016  -2.363  14.313  43.298 0.8750000000
72464  -14.929  19.458  42.749 0.2500000000
68026  -2.688  14.351  42.449 0.8750000000
73476  -15.967  20.657  42.902 0.2500000000
72457  -16.969  20.242  43.590 0.2500000000
67188  -3.125  14.036  42.478 0.8750000000
72459  -18.958  19.792  43.307 0.2500000000
68033  -2.751  14.409  41.463 0.8750000000
70622  -19.990  17.335  42.641 0.3750000000
67196  -3.066  14.041  40.891 0.8750000000
67206  -2.982  14.021  40.002 0.8750000000
103277  -4.225  13.657  39.708 0.7500000000
114383  -4.058  13.548  37.689 0.6250000000
67249  -3.554  13.627  36.471 0.6250000000
67268  -3.809  13.854  34.813 0.6250000000
110126  -3.927  14.393  34.433 0.6250000000
68085  -4.868  14.547  34.181 0.6250000000
68953  -4.229  15.233  33.954 0.6250000000
69846  -4.015  16.031  33.457 0.6250000000
119403  -4.618  16.384  33.118 0.6250000000
70725  -4.050  17.382  32.079 0.5000000000
118783  -4.857  17.410  31.935 0.5000000000
70739  -5.182  17.620  31.273 0.5000000000
70727  -6.677  17.094  32.169 0.5000000000
70741  -7.158  17.482  31.618 0.3750000000
70752  -5.532  17.840  30.359 0.3750000000
71646  -7.233  18.254  29.940 0.3750000000
71670  -8.403  18.381  28.888 0.1250000000
70630  -5.243  17.256  40.843 0.7500000000
69779  -6.300  16.619  39.568 0.5000000000
100559  -6.946  16.472  39.015 0.3750000000
73488  -1.073  21.280  41.807 0.7500000000
72468  -1.759  21.037  42.146 0.7500000000
73481  -2.020  20.561  42.597 0.7500000000
105600  -3.225  19.382  42.779 0.7500000000
71530  -3.930  18.479  42.392 0.7500000000
70624  -4.663  17.600  42.450 0.7500000000
69769  -5.854  16.690  41.198 0.7500000000
114976  -6.902  16.365  39.878 0.5000000000
69788  -7.680  16.470  38.415 0.3750000000
72467  -0.970  20.791  42.046 0.7500000000
72452  -2.310  19.282  43.651 0.7500000000
69789  -8.446  16.340  38.712 0.3750000000
71528  -1.179  19.595  42.098 0.7500000000
71520  -1.446  19.201  42.902 0.7500000000
101019  -9.027  16.440  38.182 0.3750000000
70623  -1.369  18.118  41.994 0.7500000000
69753  -1.472  17.018  42.349 0.7500000000
116511  -1.591  17.141  43.165 0.7500000000
107589  -1.638  16.035  41.910 0.7500000000
72536  -2.405  20.019  34.435 0.5000000000
119579  -1.709  15.912  41.297 0.7500000000
68901  -1.934  15.264  41.426 0.7500000000
71583  -2.152  19.012  35.383 0.5000000000
109009  -2.195  18.007  35.374 0.5000000000
102453  -2.384  14.823  41.968 0.8750000000
68032  -2.334  14.694  41.201 0.8750000000
117014  -2.348  19.310  34.746 0.5000000000
68041  -2.551  14.380  40.527 0.8750000000
71598  -2.335  18.511  34.615 0.5000000000
68047  -2.588  14.344  39.559 0.7500000000
67216  -3.466  13.822  39.515 0.6250000000
67215  -2.953  14.075  39.158 0.6250000000
67217  -3.924  13.672  38.967 0.6250000000
67229  -3.537  13.640  38.195 0.6250000000
100653  -2.431  18.006  33.858 0.5000000000
68061  -2.416  13.992  37.816 0.6250000000
112325  -2.900  13.737  37.582 0.6250000000
108208  -2.448  17.118  34.066 0.5000000000
113057  -3.012  13.689  36.880 0.6250000000
67240  -3.505  13.604  37.306 0.6250000000
67257  -2.587  13.916  35.366 0.6250000000
68946  -3.271  15.007  34.253 0.6250000000
68084  -2.895  14.130  34.749 0.6250000000
68952  -3.468  15.662  33.823 0.6250000000
71636  -3.521  17.954  30.588 0.5000000000
71643  -3.319  18.550  30.462 0.5000000000
70738  -4.177  17.641  31.236 0.5000000000
70751  -4.327  17.844  30.363 0.5000000000
71645  -6.186  18.037  29.762 0.3750000000
71657  -6.625  18.226  29.114 0.2500000000
71668  -5.916  18.199  28.116 0.1250000000
71658  -7.804  18.357  29.460 0.3750000000
101016  -8.008  18.415  28.128 0.1250000000
106873  -2.493  20.439  40.703 0.7500000000
71542  -3.411  19.375  40.096 0.7500000000
118014  -5.180  17.375  39.853 0.6250000000
70638  -6.252  16.733  38.623 0.3750000000
72475  -2.527  20.545  41.701 0.7500000000
71536  -3.296  19.512  41.069 0.7500000000
71537  -4.001  18.557  40.634 0.7500000000
70636  -4.662  17.826  40.318 0.7500000000
70637  -5.647  17.023  39.225 0.5000000000
71535  -0.930  19.945  41.339 0.7500000000
69804  -9.187  16.462  37.366 0.3750000000
69803  -8.394  16.522  37.831 0.3750000000
72520  -1.582  20.281  36.378 0.5000000000
72505  -1.525  19.662  36.735 0.6250000000
72521  -2.064  19.987  35.422 0.5000000000
73531  -2.252  20.915  35.052 0.5000000000
71570  -1.558  18.891  37.001 0.6250000000
72506  -1.809  19.524  35.987 0.6250000000
69759  -1.515  16.747  41.363 0.7500000000
70666  -1.639  17.954  37.263 0.6250000000
71571  -1.860  18.822  36.126 0.6250000000
70667  -1.938  17.939  36.365 0.6250000000
117180  -2.107  14.863  40.730 0.7500000000
112179  -2.398  19.047  33.819 0.5000000000
69812  -1.893  16.919  36.686 0.6250000000
103937  -2.102  17.062  35.745 0.6250000000
68040  -2.153  14.813  39.982 0.7500000000
70691  -2.332  17.714  34.527 0.5000000000
68054  -2.528  14.238  38.674 0.6250000000
101490  -2.212  17.004  34.845 0.6250000000
101079  -2.469  19.223  32.813 0.5000000000
71615  -2.460  18.283  33.021 0.5000000000
68926  -2.221  14.379  37.130 0.6250000000
67239  -2.577  13.926  36.926 0.6250000000
70723  -2.719  17.705  32.486 0.5000000000
71625  -2.569  18.459  32.167 0.5000000000
68075  -2.269  14.423  35.112 0.6250000000
69837  -2.390  16.091  34.449 0.6250000000
69844  -2.699  16.600  33.661 0.5000000000
68945  -2.841  15.760  33.998 0.6250000000
71634  -2.744  18.516  31.477 0.5000000000
70708  -3.015  17.048  32.983 0.6250000000
71626  -2.832  17.916  31.670 0.5000000000
69845  -3.246  16.315  33.462 0.6250000000
70724  -3.229  17.477  32.231 0.5000000000
70737  -3.351  17.750  31.370 0.5000000000
70750  -3.776  18.271  29.921 0.5000000000
101899  -4.893  18.295  28.126 0.1250000000
105484  -5.267  18.066  28.856 0.2500000000
119381  -5.301  17.925  29.529 0.2500000000
71644  -4.503  18.060  29.425 0.3750000000
71655  -4.122  18.626  29.307 0.3750000000
117467  -7.302  18.357  28.620 0.1250000000
71669  -6.958  18.362  27.907 0.1250000000
73494  -1.063  21.123  40.911 0.6250000000
72480  -1.523  21.126  41.397 0.7500000000
72481  -2.652  20.382  39.766 0.5000000000
71549  -3.560  19.347  39.101 0.6250000000
72474  -0.899  20.944  41.237 0.6250000000
71543  -4.243  18.386  39.562 0.6250000000
71550  -4.274  18.440  38.478 0.5000000000
70644  -4.912  17.651  38.945 0.5000000000
70657  -4.893  17.763  37.850 0.5000000000
70645  -5.553  17.153  38.230 0.3750000000
70646  -6.245  16.823  37.666 0.3750000000
69802  -7.608  16.580  37.479 0.5000000000
69787  -6.937  16.594  38.051 0.3750000000
107864  -1.275  20.507  37.238 0.6250000000
73530  -1.659  20.999  35.979 0.5000000000
69815  -9.600  16.487  36.538 0.5000000000
110900  -1.380  17.649  41.116 0.7500000000
109026  -1.249  18.661  41.258 0.7500000000
74376  -2.449  21.855  34.729 0.5000000000
110556  -1.713  17.079  37.632 0.7500000000
73545  -2.556  20.843  34.091 0.5000000000
68910  -1.813  15.787  40.558 0.7500000000
72551  -2.507  20.001  33.489 0.5000000000
114719  -2.741  20.689  33.345 0.5000000000
114644  -2.066  16.315  36.008 0.6250000000
73575  -2.669  20.130  32.713 0.5000000000
68046  -2.246  14.731  39.046 0.6250000000
68053  -2.079  14.495  38.102 0.7500000000
69825  -2.143  16.182  35.253 0.6250000000
73576  -2.964  20.279  32.148 0.5000000000
114055  -2.135  14.795  35.588 0.6250000000
68940  -2.138  15.227  35.030 0.6250000000
72562  -2.694  19.383  31.909 0.5000000000
72574  -2.925  18.969  31.058 0.5000000000
72575  -3.397  19.424  30.681 0.5000000000
73595  -4.104  19.709  30.405 0.5000000000
72590  -3.674  18.863  29.970 0.5000000000
72591  -4.117  19.171  29.490 0.3750000000
71656  -4.528  18.478  28.621 0.3750000000
72608  -4.308  18.901  28.642 0.3750000000
72618  -4.600  18.734  28.006 0.1250000000
71667  -5.094  18.623  27.492 0.1250000000
71680  -6.228  18.588  27.249 0.1250000000
117799  -1.471  21.135  40.266 0.6250000000
73500  -1.874  21.250  39.563 0.5000000000
72487  -2.838  20.486  38.815 0.5000000000
71562  -5.078  18.068  36.919 0.5000000000
70668  -5.876  17.697  36.259 0.5000000000
70678  -6.496  18.012  35.463 0.5000000000
73505  -0.948  21.398  39.076 0.6250000000
71560  -3.683  19.277  38.119 0.5000000000
70658  -5.623  17.327  37.248 0.5000000000
70669  -6.764  17.219  35.943 0.5000000000
114408  -7.494  16.997  35.725 0.5000000000
70680  -8.838  16.812  35.490 0.5000000000
73499  -1.173  21.237  39.738 0.6250000000
73512  -0.991  21.289  38.169 0.6250000000
74352  -1.139  22.193  37.821 0.5000000000
69827  -8.886  16.552  36.200 0.5000000000
70692  -8.879  17.452  34.859 0.5000000000
72479  -0.854  20.837  40.237 0.6250000000
72496  -1.150  20.070  37.779 0.6250000000
73518  -1.309  21.214  37.078 0.6250000000
112937  -1.434  21.956  36.727 0.5000000000
69829  -10.525  16.759  35.644 0.3750000000
105282  -0.822  19.979  40.451 0.6250000000
71559  -1.342  18.987  37.883 0.6250000000
109788  -1.835  21.834  35.644 0.5000000000
74366  -2.042  22.548  35.542 0.5000000000
70628  -1.324  17.938  40.634 0.7500000000
70656  -1.442  18.045  38.129 0.7500000000
107616  -1.613  17.164  38.481 0.7500000000
69768  -1.509  17.035  40.532 0.7500000000
74387  -2.895  21.456  33.750 0.5000000000
74377  -2.972  22.326  34.252 0.5000000000
69777  -1.676  16.576  39.751 0.7500000000
68912  -1.953  15.539  39.458 0.7500000000
69786  -1.781  16.319  38.899 0.7500000000
68931  -1.948  15.852  36.595 0.6250000000
73561  -3.138  20.976  32.856 0.5000000000
68916  -1.916  15.337  38.500 0.7500000000
68925  -1.892  15.259  37.440 0.6250000000
100494  -2.088  15.533  35.791 0.6250000000
73577  -3.534  20.739  32.062 0.5000000000
68932  -2.077  14.950  36.414 0.6250000000
73587  -4.032  20.406  31.306 0.5000000000
73588  -4.957  20.485  30.996 0.5000000000
74418  -7.349  21.439  28.209 0.3750000000
73612  -5.662  20.269  27.881 0.2500000000
73603  -5.679  20.265  28.852 0.2500000000
73602  -4.874  19.607  29.152 0.2500000000
74423  -7.162  21.604  27.332 0.3750000000
74417  -6.484  20.988  27.675 0.2500000000
73611  -4.803  19.380  28.065 0.1250000000
74422  -6.441  21.284  27.009 0.2500000000
73620  -5.147  19.631  27.287 0.1250000000
71679  -5.528  18.893  26.907 0.1250000000
106403  -5.458  19.878  26.688 0.1250000000
109025  -1.234  21.503  39.458 0.6250000000
73506  -1.725  21.612  39.007 0.5000000000
108838  -2.745  21.019  38.208 0.5000000000
72497  -3.367  20.012  37.892 0.5000000000
71573  -5.318  18.534  36.166 0.5000000000
74329  -1.123  21.506  39.264 0.6250000000
74340  -1.363  23.042  38.399 0.5000000000
72498  -4.000  19.399  37.334 0.5000000000
71561  -4.407  18.574  37.531 0.5000000000
106229  -1.263  23.133  38.151 0.5000000000
117982  -0.846  20.851  38.666 0.6250000000
113084  -1.249  22.896  37.449 0.5000000000
74365  -1.612  22.697  36.410 0.5000000000
70683  -11.146  17.095  35.388 0.3750000000
70682  -10.448  17.146  35.130 0.3750000000
108799  -0.800  20.841  39.316 0.6250000000
72486  -0.883  19.982  38.612 0.6250000000
107100  -1.151  18.849  40.548 0.7500000000
71548  -1.199  19.006  38.610 0.6250000000
75081  -2.582  23.624  35.721 0.5000000000
75091  -2.502  22.836  35.130 0.5000000000
116419  -1.107  18.912  39.860 0.7500000000
70643  -1.318  18.246  39.071 0.7500000000
70635  -1.353  17.773  39.917 0.7500000000
107103  -1.554  17.188  39.207 0.7500000000
75092  -3.078  23.081  34.751 0.5000000000
69800  -1.796  16.217  38.037 0.7500000000
75104  -3.603  22.619  34.038 0.5000000000
69811  -1.818  16.250  37.268 0.7500000000
74388  -3.402  21.891  33.446 0.5000000000
74398  -3.880  21.484  32.711 0.5000000000
74405  -4.253  21.114  32.084 0.5000000000
74406  -4.956  21.082  31.752 0.5000000000
73596  -4.888  20.034  30.109 0.3750000000
75136  -8.670  22.705  29.026 0.3750000000
75138  -8.088  21.997  28.674 0.3750000000
74415  -7.389  21.475  29.158 0.3750000000
73597  -5.737  20.481  29.829 0.3750000000
111721  -6.583  20.963  29.520 0.3750000000
75142  -7.967  22.019  27.737 0.3750000000
75155  -7.713  22.327  26.844 0.2500000000
109669  -5.926  20.690  26.397 0.1250000000
73519  -3.125  21.378  37.742 0.5000000000
72507  -3.628  20.312  37.388 0.5000000000
72508  -4.350  19.778  36.695 0.5000000000
71584  -5.622  18.970  35.683 0.5000000000
71574  -5.895  18.426  35.703 0.5000000000
71585  -7.144  18.406  34.938 0.5000000000
73520  -4.135  20.803  36.885 0.5000000000
72509  -5.068  19.406  36.064 0.5000000000
72523  -6.359  19.077  35.257 0.5000000000
71599  -7.876  18.788  34.698 0.3750000000
71586  -7.934  17.882  34.844 0.5000000000
75051  -1.179  23.836  38.151 0.5000000000
71601  -9.326  18.297  34.562 0.3750000000
75067  -1.336  23.547  37.219 0.5000000000
75758  -1.510  24.110  37.128 0.5000000000
70693  -9.936  17.583  34.776 0.3750000000
75080  -1.933  23.401  36.230 0.5000000000
75773  -3.345  23.675  35.337 0.5000000000
117164  -3.710  23.203  34.563 0.5000000000
75093  -4.485  22.920  34.139 0.5000000000
74389  -4.188  22.225  33.343 0.5000000000
74399  -4.865  21.754  32.584 0.5000000000
74400  -5.752  21.620  32.013 0.5000000000
101690  -5.613  21.098  31.386 0.3750000000
75812  -9.173  23.386  29.334 0.2500000000
73589  -5.749  20.766  30.734 0.3750000000
75817  -9.055  23.409  28.439 0.3750000000
75135  -8.103  22.165  29.751 0.3750000000
74412  -7.277  21.557  30.118 0.3750000000
74411  -6.515  21.145  30.426 0.3750000000
75143  -8.288  22.703  27.372 0.3750000000
74433  -6.944  21.805  26.632 0.1250000000
75154  -6.859  22.043  26.145 0.2500000000
74432  -6.456  21.521  26.036 0.1250000000
73641  -6.360  20.528  25.677 0.1250000000
74441  -6.605  21.899  25.598 0.1250000000
74353  -3.614  21.722  37.467 0.5000000000
75068  -4.367  22.653  37.683 0.5000000000
74342  -3.405  22.689  37.863 0.5000000000
75052  -1.834  23.923  38.511 0.5000000000
109924  -4.781  20.206  36.286 0.5000000000
73521  -5.422  20.202  35.893 0.5000000000
72522  -5.716  19.536  35.640 0.5000000000
72524  -7.211  19.238  34.858 0.5000000000
71600  -8.527  18.252  34.635 0.3750000000
72538  -9.608  19.237  34.533 0.3750000000
76425  -1.933  25.395  37.982 0.5000000000
75749  -2.198  24.959  37.465 0.5000000000
76433  -2.775  25.559  37.761 0.5000000000
75760  -2.859  24.423  36.589 0.5000000000
75727  -6.054  24.351  38.890 0.5000000000
76421  -6.417  24.622  39.021 0.5000000000
100500  -5.648  24.896  38.358 0.5000000000
76429  -5.381  25.139  37.890 0.5000000000
76434  -3.830  25.386  37.691 0.5000000000
75761  -3.866  24.155  35.959 0.5000000000
76435  -4.846  24.979  37.515 0.5000000000
76445  -4.426  24.569  36.784 0.5000000000
75774  -4.203  23.602  34.942 0.5000000000
77090  -7.125  25.073  39.644 0.5000000000
77092  -6.230  25.016  38.218 0.5000000000
76446  -5.461  24.445  36.444 0.5000000000
76436  -5.955  24.811  37.108 0.5000000000
75762  -4.935  23.950  35.541 0.5000000000
76447  -6.508  24.445  36.070 0.5000000000
75763  -5.997  23.930  35.457 0.5000000000
75776  -6.368  23.522  34.619 0.5000000000
75094  -5.626  23.051  34.143 0.5000000000
75105  -5.168  22.456  33.399 0.5000000000
75786  -6.685  23.104  33.761 0.5000000000
103990  -6.005  22.654  33.416 0.5000000000
75117  -5.854  22.205  32.757 0.5000000000
74407  -6.395  21.459  31.310 0.3750000000
75818  -9.506  24.051  28.831 0.2500000000
75813  -9.586  24.048  29.755 0.3750000000
75809  -9.144  23.370  30.227 0.3750000000
75132  -8.508  22.721  30.542 0.3750000000
75131  -7.709  22.122  30.866 0.3750000000
74408  -7.100  21.901  31.424 0.3750000000
76507  -9.262  24.221  27.974 0.2500000000
115386  -8.744  22.851  29.777 0.3750000000
116023  -7.044  21.612  30.860 0.3750000000
75822  -8.716  23.518  27.477 0.2500000000
75156  -8.204  23.183  26.742 0.1250000000
114831  -7.747  22.966  26.257 0.1250000000
75167  -6.934  22.805  25.719 0.1250000000
75166  -6.783  22.412  25.754 0.1250000000
74354  -4.406  21.678  37.103 0.5000000000
74355  -5.395  21.767  36.896 0.5000000000
73522  -5.914  20.945  36.069 0.5000000000
109161  -6.983  19.958  35.189 0.5000000000
118619  -7.437  20.409  35.337 0.5000000000
118447  -7.925  19.909  34.888 0.3750000000
75054  -4.383  23.988  38.419 0.5000000000
75053  -3.195  24.100  38.429 0.5000000000
73523  -6.918  20.832  35.740 0.5000000000
73546  -9.866  20.120  34.660 0.3750000000
72539  -10.510  19.486  34.401 0.3750000000
75739  -2.196  25.214  38.239 0.5000000000
75038  -5.079  24.303  38.530 0.5000000000
75740  -3.281  25.431  38.253 0.5000000000
75726  -5.340  24.801  38.426 0.5000000000
75741  -4.399  25.320  38.204 0.5000000000
76427  -3.441  25.689  38.025 0.5000000000
75717  -6.604  24.167  39.534 0.5000000000
120732  -4.943  25.264  38.145 0.5000000000
76428  -4.343  25.391  38.047 0.5000000000
76418  -7.055  24.503  40.061 0.5000000000
76430  -6.506  25.057  37.502 0.5000000000
77749  -7.646  25.758  38.898 0.5000000000
117447  -6.940  25.269  37.886 0.5000000000
76437  -6.992  24.832  36.627 0.5000000000
77752  -7.585  25.676  37.936 0.5000000000
77096  -7.474  25.329  37.088 0.5000000000
75106  -6.649  22.600  32.965 0.3750000000
108604  -6.676  22.102  32.135 0.3750000000
111749  -8.917  23.298  31.151 0.3750000000
75128  -8.215  22.730  31.429 0.3750000000
75806  -9.560  24.084  30.829 0.2500000000
76490  -9.708  24.721  29.225 0.2500000000
77179  -9.199  25.024  27.880 0.2500000000
76494  -9.518  24.668  28.491 0.2500000000
76506  -8.669  24.561  27.183 0.1250000000
76526  -8.137  24.409  26.546 0.1250000000
77193  -7.954  25.046  26.666 0.1250000000
74356  -6.507  21.561  36.588 0.5000000000
72537  -8.983  19.940  34.813 0.3750000000
74343  -5.150  22.624  37.711 0.5000000000
74345  -7.092  22.072  37.282 0.5000000000
74367  -7.917  20.894  35.586 0.5000000000
73533  -8.573  20.541  35.181 0.5000000000
75055  -5.519  23.187  38.244 0.5000000000
74346  -8.103  22.092  37.074 0.5000000000
74358  -8.330  21.624  36.190 0.5000000000
74368  -8.757  21.199  35.576 0.5000000000
73534  -9.296  20.719  35.099 0.3750000000
72540  -11.364  19.794  34.104 0.3750000000
75040  -6.986  23.200  38.796 0.5000000000
117644  -8.733  22.094  36.592 0.5000000000
75039  -5.945  23.772  38.760 0.5000000000
108269  -6.562  23.866  39.435 0.5000000000
75728  -7.404  23.556  39.554 0.5000000000
75719  -7.908  23.759  40.364 0.5000000000
75729  -8.450  23.464  39.425 0.5000000000
75713  -8.382  24.000  40.938 0.5000000000
77088  -7.486  25.149  40.861 0.5000000000
102436  -7.490  24.470  40.835 0.5000000000
77745  -7.758  25.823  39.913 0.5000000000
77750  -8.184  26.568  39.116 0.5000000000
77753  -8.256  26.432  38.001 0.5000000000
75118  -7.342  22.657  32.514 0.3750000000
75127  -7.507  22.370  31.777 0.3750000000
77159  -9.463  25.333  28.676 0.2500000000
73547  -10.671  20.338  34.341 0.3750000000
74344  -6.074  22.269  37.446 0.5000000000
74369  -9.471  21.472  35.450 0.3750000000
74378  -10.126  21.043  34.844 0.3750000000
75056  -6.547  22.762  38.136 0.5000000000
75057  -8.389  22.584  37.746 0.5000000000
75082  -9.553  22.079  35.793 0.3750000000
74379  -10.684  21.750  34.695 0.3750000000
74380  -11.370  21.579  33.951 0.3750000000
75041  -8.160  23.028  38.580 0.5000000000
75069  -8.851  22.486  37.191 0.5000000000
75071  -9.905  23.106  36.560 0.3750000000
75095  -10.539  22.551  35.180 0.3750000000
75742  -9.554  23.437  38.020 0.5000000000
75083  -9.962  22.597  35.841 0.3750000000
75720  -8.830  23.801  40.238 0.5000000000
75730  -9.384  23.807  39.091 0.5000000000
75743  -10.126  23.905  37.661 0.5000000000
75750  -9.880  23.436  37.247 0.3750000000
75751  -10.350  23.865  36.742 0.3750000000
76412  -8.364  24.517  42.050 0.5000000000
76415  -8.379  24.284  41.557 0.5000000000
76416  -9.106  24.262  41.118 0.5000000000
76422  -10.043  24.432  39.029 0.5000000000
75731  -9.918  23.987  38.384 0.5000000000
77084  -7.704  25.365  41.923 0.5000000000
77085  -8.116  24.974  42.303 0.5000000000
77741  -7.694  26.052  41.338 0.5000000000
119203  -7.776  25.897  40.578 0.5000000000
105622  -10.860  21.043  34.366 0.3750000000
75096  -11.079  22.463  34.453 0.3750000000
75779  -10.941  23.239  34.927 0.3750000000
75766  -10.960  23.867  35.330 0.3750000000
114260  -8.693  24.789  42.268 0.5000000000
76414  -9.613  24.916  41.639 0.5000000000
76420  -10.287  25.051  39.803 0.5000000000
77098  -10.672  25.161  37.839 0.5000000000
76439  -11.048  24.850  35.979 0.3750000000
77107  -11.562  25.066  34.695 0.3750000000
77095  -10.952  25.975  38.407 0.5000000000
77101  -11.181  25.453  36.473 0.3750000000
77108  -11.934  26.163  34.903 0.3750000000
77740  -7.597  26.247  42.090 0.5000000000
77755  -11.949  27.081  37.066 0.3750000000
115287  -18.077  -5.531  38.482 1.0000000000
48463  -13.992  -7.068  38.842 1.0000000000
51270  -21.403  -4.793  40.970 1.0000000000
112642  -19.706  -5.179  39.858 1.0000000000
51366  -16.248  -4.973  34.285 1.0000000000
42714  -1.840  -13.975  53.057 0.5000000000
49325  -10.077  -6.850  45.788 1.0000000000
49293  -10.393  -6.719  47.633 1.0000000000
48377  -10.145  -7.050  44.865 1.0000000000
48387  -9.482  -7.249  44.349 1.0000000000
48407  -9.944  -7.478  42.668 1.0000000000
48388  -10.310  -7.215  44.090 1.0000000000
48396  -10.580  -7.352  43.301 1.0000000000
51247  -23.111  -4.295  42.401 1.0000000000
49336  -28.794  -6.031  46.115 0.7500000000
101176  -10.817  -7.465  42.484 1.0000000000
107085  -19.049  -5.504  37.092 1.0000000000
50388  -12.826  -5.157  36.744 1.0000000000
50393  -18.149  -5.554  36.160 1.0000000000
50444  -17.461  -5.390  34.642 1.0000000000
40957  -4.832  -14.840  53.691 0.3750000000
41854  -6.557  -14.370  53.470 0.3750000000
43592  -1.042  -12.821  52.434 0.5000000000
42720  -1.640  -13.246  53.013 0.5000000000
42712  -6.506  -13.674  53.638 0.3750000000
106818  -6.426  -12.991  54.066 0.5000000000
43602  -2.744  -12.362  49.329 0.2500000000
44590  -4.089  -11.632  47.946 0.2500000000
49265  -9.598  -7.401  49.514 0.8750000000
49264  -8.962  -7.670  49.928 0.8750000000
49309  -8.785  -7.238  47.234 1.0000000000
115027  -10.255  -6.841  48.491 1.0000000000
48385  -7.863  -7.423  45.082 1.0000000000
101360  -9.467  -7.513  41.992 1.0000000000
51272  -23.267  -5.082  41.000 1.0000000000
104974  -10.035  -6.561  39.490 1.0000000000
101967  -22.031  -5.535  38.205 1.0000000000
50366  -20.315  -5.487  37.723 1.0000000000
117808  -20.933  -5.501  37.793 1.0000000000
52318  -13.607  -3.632  36.178 1.0000000000
50395  -19.476  -5.520  36.302 1.0000000000
50421  -18.857  -5.530  35.634 1.0000000000
50445  -18.469  -5.470  34.594 1.0000000000
43587  -5.963  -12.349  54.351 0.5000000000
43586  -5.158  -12.357  54.447 0.3750000000
109556  -7.622  -11.938  53.604 0.5000000000
114297  -6.977  -12.312  53.970 0.5000000000
44583  -1.098  -12.180  50.714 0.3750000000
45600  -3.059  -10.913  48.245 0.2500000000
44589  -3.546  -11.593  48.535 0.2500000000
47402  -7.777  -8.287  52.931 0.7500000000
47409  -8.497  -8.014  52.522 0.8750000000
47403  -8.504  -8.855  53.106 0.7500000000
110305  -7.758  -8.882  53.324 0.6250000000
47446  -0.853  -8.544  45.769 0.6250000000
44594  -4.201  -11.157  47.446 0.2500000000
49250  -8.546  -7.474  51.023 0.8750000000
49249  -7.731  -7.376  51.321 0.8750000000
48293  -8.487  -7.409  52.122 0.8750000000
48294  -9.302  -7.550  52.213 0.8750000000
116615  -7.477  -7.433  49.052 0.8750000000
48321  -8.271  -7.469  49.586 0.8750000000
49251  -9.371  -7.474  50.952 0.8750000000
49246  -8.861  -7.133  51.660 0.8750000000
48382  -0.914  -7.607  44.617 0.6250000000
43612  -4.896  -11.984  46.492 0.2500000000
48392  -1.240  -7.596  43.288 0.6250000000
48374  -7.099  -7.469  45.471 1.0000000000
119073  -6.458  -7.098  43.191 1.0000000000
48405  -7.994  -7.281  42.348 1.0000000000
48434  -8.471  -6.816  41.069 1.0000000000
51249  -24.879  -4.401  42.247 1.0000000000
53256  -32.414  -2.330  41.780 0.6250000000
49379  -7.586  -6.470  41.327 1.0000000000
49388  -8.641  -6.286  40.373 1.0000000000
50342  -10.369  -5.608  38.676 1.0000000000
50329  -22.333  -5.451  39.482 1.0000000000
110625  -24.061  -5.070  41.054 1.0000000000
51284  -10.004  -4.200  39.089 1.0000000000
101966  -22.817  -5.548  38.208 1.0000000000
109621  -24.570  -5.378  38.774 1.0000000000
52310  -12.384  -3.785  37.094 1.0000000000
51335  -12.705  -4.309  36.751 1.0000000000
50370  -24.148  -5.464  37.610 1.0000000000
50369  -23.296  -5.542  37.540 1.0000000000
50352  -25.160  -5.194  38.467 1.0000000000
120921  -24.491  -5.299  37.004 1.0000000000
51315  -25.657  -4.520  37.188 0.8750000000
107071  -20.979  -5.528  36.989 1.0000000000
50397  -21.468  -5.550  36.167 1.0000000000
107069  -22.834  -5.549  36.680 1.0000000000
50399  -23.517  -5.438  36.106 1.0000000000
50423  -20.498  -5.537  35.086 1.0000000000
107007  -21.958  -5.554  35.502 1.0000000000
50425  -22.737  -5.495  35.048 1.0000000000
50427  -24.061  -5.174  35.511 1.0000000000
101850  -19.261  -5.464  34.030 1.0000000000
50447  -20.895  -5.504  34.406 1.0000000000
108713  -15.405  -3.659  33.506 1.0000000000
51382  -18.150  -5.056  33.036 1.0000000000
50456  -17.791  -5.269  33.875 1.0000000000
50458  -19.911  -5.371  33.459 1.0000000000
50461  -22.285  -5.157  33.560 0.8750000000
52343  -15.449  -3.210  32.908 1.0000000000
52344  -16.021  -3.941  33.029 1.0000000000
50470  -20.608  -5.128  32.793 1.0000000000
52356  -17.291  -3.822  31.660 1.0000000000
51410  -18.641  -4.232  31.465 1.0000000000
44563  -4.652  -11.633  54.430 0.6250000000
44565  -6.282  -11.506  54.327 0.5000000000
103576  -5.731  -10.761  54.307 0.5000000000
45576  -6.606  -9.842  53.798 0.7500000000
45571  -6.654  -10.714  54.103 0.5000000000
44581  0.756  -11.331  52.070 0.6250000000
46556  -6.243  -8.938  53.571 0.7500000000
46557  -7.243  -9.295  53.543 0.6250000000
49248  -7.097  -7.430  51.563 0.8750000000
48286  -6.010  -7.612  53.073 0.7500000000
112534  -7.112  -8.520  53.300 0.7500000000
113002  -6.699  -7.560  50.187 0.8750000000
49255  -7.342  -7.447  51.230 0.8750000000
48310  -7.541  -7.528  50.700 0.8750000000
48320  -6.830  -7.551  49.448 0.8750000000
48360  -6.438  -7.552  47.004 0.8750000000
48343  -6.688  -7.579  47.688 0.8750000000
50262  -1.071  -6.143  44.077 0.6250000000
48373  -6.428  -7.501  45.797 1.0000000000
107479  -26.463  -3.729  43.867 1.0000000000
52286  -27.974  -3.289  40.765 1.0000000000
54150  -31.717  -1.556  44.654 1.0000000000
113930  -31.941  -0.858  44.260 1.0000000000
54173  -32.494  -1.108  42.500 0.7500000000
49378  -6.870  -6.365  41.729 1.0000000000
53272  -28.460  -1.844  40.463 1.0000000000
52236  -31.195  -2.956  45.192 0.8750000000
54181  -32.690  -1.107  41.276 0.7500000000
52293  -27.129  -4.034  39.633 1.0000000000
52301  -27.449  -3.390  38.997 1.0000000000
54191  -27.765  -1.501  39.288 0.8750000000
51282  -8.743  -5.071  39.857 1.0000000000
51286  -26.425  -4.484  39.340 1.0000000000
51316  -26.324  -4.075  37.636 0.8750000000
53316  -14.645  -2.071  33.708 0.8750000000
51399  -20.900  -4.621  31.991 0.8750000000
51385  -22.791  -4.685  33.022 0.8750000000
51412  -20.400  -4.212  31.380 0.8750000000
51414  -22.014  -3.926  31.615 0.8750000000
44572  0.041  -11.211  52.365 0.6250000000
44568  -3.198  -10.843  53.798 0.6250000000
45568  -4.068  -10.983  54.147 0.7500000000
45573  -3.789  -10.120  53.931 0.7500000000
110490  -5.330  -9.089  53.754 0.7500000000
48289  -4.596  -7.088  53.018 0.8750000000
48285  -5.100  -7.456  53.198 0.7500000000
46555  -4.789  -8.479  53.636 0.7500000000
116979  -0.244  -6.648  47.704 0.7500000000
48383  -5.241  -7.185  44.494 1.0000000000
119999  -5.669  -6.783  43.284 1.0000000000
54139  -30.256  -2.146  45.922 1.0000000000
53226  -31.333  -2.267  45.253 1.0000000000
51253  -6.332  -4.861  41.703 1.0000000000
54180  -28.685  -1.727  41.311 1.0000000000
55046  -32.623  -0.103  41.941 0.8750000000
51268  -8.241  -4.527  40.259 1.0000000000
55065  -27.496  -0.609  39.476 0.8750000000
54192  -32.866  -1.014  39.636 0.7500000000
55884  -32.544  0.336  41.569 0.8750000000
52290  -9.527  -3.789  39.552 1.0000000000
107456  -14.124  -1.982  35.646 1.0000000000
54217  -24.739  -1.306  35.324 0.8750000000
52333  -24.590  -3.567  34.311 0.8750000000
53319  -24.283  -3.034  33.701 0.8750000000
52345  -23.786  -3.442  32.914 0.8750000000
53312  -24.100  -2.059  34.031 0.8750000000
52373  -23.011  -2.997  31.772 0.8750000000
52372  -22.323  -3.232  31.442 0.8750000000
53331  -16.786  -2.549  31.003 0.8750000000
53341  -18.227  -2.135  30.405 0.8750000000
45587  0.945  -10.489  52.174 0.6250000000
46567  1.169  -9.623  52.110 0.6250000000
46553  -2.442  -9.329  53.340 0.7500000000
46554  -3.452  -9.178  53.722 0.7500000000
47399  -3.958  -8.102  53.678 0.7500000000
47400  -4.699  -7.798  53.448 0.7500000000
51232  -1.349  -4.844  43.224 0.8750000000
53238  -28.687  -2.502  43.802 1.0000000000
111286  -30.360  -0.561  45.375 1.0000000000
55021  -30.981  -0.231  45.290 1.0000000000
50270  -5.382  -5.455  42.625 1.0000000000
50271  -6.008  -5.551  42.114 1.0000000000
55867  -31.582  0.097  44.685 1.0000000000
55866  -31.567  0.996  44.246 1.0000000000
55058  -27.791  -0.311  40.237 0.8750000000
56668  -32.082  1.241  42.889 1.0000000000
111229  -7.282  -4.331  41.006 1.0000000000
57557  -32.195  1.335  41.802 1.0000000000
51310  -2.149  -4.006  37.150 0.7500000000
56679  -32.319  0.960  41.338 0.7500000000
53268  -10.661  -2.855  39.529 1.0000000000
55078  -33.067  -0.732  39.020 0.7500000000
56692  -32.293  0.762  40.183 0.7500000000
53270  -12.083  -2.141  39.100 1.0000000000
55910  -25.850  0.281  37.771 0.8750000000
54240  -15.131  -1.373  32.051 0.8750000000
54251  -15.658  -1.252  31.360 0.8750000000
53325  -22.854  -2.337  32.148 0.8750000000
54225  -23.731  -1.285  34.395 0.8750000000
54265  -17.116  -1.113  30.467 0.8750000000
54267  -18.796  -1.485  30.436 0.8750000000
54268  -19.994  -1.539  30.857 0.8750000000
54254  -21.292  -1.790  31.504 0.8750000000
120763  1.008  -8.677  51.291 0.6250000000
47414  1.044  -8.640  52.015 0.6250000000
47420  0.063  -7.134  50.172 0.7500000000
48298  -3.432  -7.004  52.571 0.8750000000
48358  -4.535  -7.408  46.603 0.8750000000
117716  -4.492  -7.116  44.944 1.0000000000
49340  -4.576  -6.684  44.314 1.0000000000
53244  -7.807  -2.140  42.138 1.0000000000
54170  -10.721  -1.214  42.368 1.0000000000
108701  -28.945  -1.019  43.210 1.0000000000
55039  -28.928  -0.057  43.651 1.0000000000
53250  -6.769  -3.360  41.669 1.0000000000
53251  -7.491  -2.845  41.530 1.0000000000
54171  -11.319  -1.243  41.944 1.0000000000
56661  -30.835  1.515  44.726 1.0000000000
52276  -7.978  -3.172  40.926 1.0000000000
57551  -31.812  2.051  42.849 1.0000000000
53261  -9.612  -2.642  40.614 1.0000000000
54183  -10.997  -1.941  40.872 1.0000000000
54184  -11.743  -1.674  40.533 1.0000000000
57567  -31.967  1.438  40.952 0.7500000000
106117  -31.536  2.207  41.148 0.8750000000
52297  -3.609  -3.053  37.945 0.8750000000
57565  -31.130  2.808  40.410 0.8750000000
55073  -13.011  -1.102  38.668 1.0000000000
117653  -7.894  -1.726  36.107 0.7500000000
110818  -8.718  -2.670  34.410 0.3750000000
56702  -31.688  1.485  38.611 0.6250000000
56710  -31.394  1.415  37.665 0.6250000000
52315  -6.642  -3.530  36.693 0.8750000000
52316  -7.319  -3.395  36.064 0.8750000000
55915  -25.291  0.572  36.207 0.8750000000
55102  -14.175  -0.579  33.947 0.7500000000
55119  -22.737  -0.830  34.099 0.8750000000
54232  -21.712  -1.262  33.648 0.7500000000
55161  -19.495  -0.990  30.976 0.7500000000
115042  -20.772  -1.513  31.588 0.7500000000
111205  -2.480  -6.575  52.539 0.8750000000
55863  -14.170  0.858  45.155 1.0000000000
118420  -1.553  -3.488  42.909 0.8750000000
53248  -1.870  -2.877  41.820 0.8750000000
119149  -4.067  -6.617  44.824 1.0000000000
50256  -4.231  -5.218  43.942 1.0000000000
53258  -1.896  -2.817  40.572 0.8750000000
53206  -0.707  -2.558  48.154 1.0000000000
53266  -1.727  -2.193  39.349 0.8750000000
58515  -31.474  2.945  42.829 1.0000000000
59438  -31.335  4.610  42.373 1.0000000000
117110  -12.754  -0.450  40.948 1.0000000000
55056  -12.742  -0.670  40.331 1.0000000000
58525  -31.265  3.337  41.325 0.8750000000
58531  -31.092  3.993  40.617 0.8750000000
58539  -31.066  3.855  39.894 0.8750000000
110268  -3.306  -1.117  38.575 0.8750000000
55063  -13.113  -0.179  39.832 0.8750000000
55891  -13.319  0.472  39.431 0.8750000000
103279  -13.411  1.117  39.154 0.8750000000
56688  -26.676  1.541  39.220 0.8750000000
57586  -31.155  2.216  39.000 0.7500000000
56708  -26.080  1.627  37.564 0.8750000000
58548  -30.783  3.446  38.174 0.7500000000
59509  -32.782  4.735  36.190 0.5000000000
59495  -33.609  5.330  36.651 0.5000000000
56714  -25.618  1.351  36.197 0.8750000000
55935  -14.137  0.433  33.551 0.7500000000
55979  -15.495  0.262  31.415 0.7500000000
55967  -23.639  0.409  33.476 0.8750000000
117972  -23.123  0.360  33.016 0.7500000000
102567  -22.912  0.717  32.380 0.7500000000
103461  -19.839  -0.784  32.221 0.7500000000
55131  -20.468  -1.135  33.031 0.7500000000
54231  -21.038  -1.260  33.506 0.7500000000
56780  -21.493  0.570  33.149 0.7500000000
55964  -20.978  -0.143  34.071 0.7500000000
48316  -2.939  -6.640  50.482 0.8750000000
53239  -1.713  -2.909  42.825 0.8750000000
50255  -3.768  -5.212  44.784 1.0000000000
53249  -2.175  -2.089  41.341 0.8750000000
54188  -1.753  -0.859  38.812 0.8750000000
55881  -13.361  0.800  41.386 0.8750000000
56676  -13.546  1.596  41.609 0.8750000000
59432  -30.535  4.596  43.246 1.0000000000
119328  -31.028  4.626  42.841 1.0000000000
60317  -31.298  5.534  42.374 1.0000000000
102966  -27.105  2.031  39.981 0.8750000000
61234  -32.165  6.375  41.376 1.0000000000
55069  -3.987  -0.625  38.730 0.8750000000
56687  -13.434  1.694  39.336 0.8750000000
60344  -32.704  6.464  40.271 0.7500000000
56706  -13.397  1.124  37.111 0.8750000000
60370  -34.894  6.833  37.425 0.7500000000
56737  -13.683  1.533  34.830 0.7500000000
57624  -25.937  2.556  34.699 0.8750000000
60442  -26.431  5.446  31.306 0.8750000000
55946  -14.433  0.846  32.747 0.7500000000
57639  -24.836  2.116  33.071 0.8750000000
59596  -26.764  4.912  29.106 0.8750000000
56776  -15.149  1.534  31.891 0.7500000000
56795  -15.749  1.051  31.479 0.7500000000
49307  -2.808  -5.614  48.310 0.8750000000
55061  -1.654  -0.087  38.900 0.8750000000
58518  -13.676  3.538  41.925 0.8750000000
61224  -31.010  6.311  42.289 1.0000000000
61250  -32.628  6.804  40.736 1.0000000000
58547  -27.385  3.651  38.588 0.8750000000
104844  -13.348  2.065  37.517 0.8750000000
57588  -13.371  2.445  38.319 0.8750000000
118331  -30.631  7.191  34.805 1.0000000000
115158  -13.338  2.458  36.704 0.8750000000
60409  -26.749  5.201  33.121 0.8750000000
60425  -29.857  5.548  32.418 0.8750000000
58590  -26.534  3.895  34.133 0.8750000000
58604  -25.739  3.689  32.838 0.8750000000
60447  -31.306  4.841  32.005 1.0000000000
57659  -25.167  2.929  32.547 0.8750000000
60441  -25.800  5.246  30.945 0.8750000000
60469  -25.450  5.389  29.381 0.7500000000
58649  -30.154  3.856  30.350 1.0000000000
104869  -31.031  4.446  31.379 1.0000000000
57653  -14.773  2.112  32.508 0.7500000000
58617  -24.901  3.067  31.815 0.8750000000
60483  -25.999  5.276  28.824 0.7500000000
120878  -28.222  4.067  29.314 0.7500000000
58665  -29.686  3.577  29.575 1.0000000000
58650  -31.050  3.621  30.241 1.0000000000
57669  -15.939  1.838  31.670 0.8750000000
57654  -15.440  2.318  32.078 0.7500000000
57670  -16.789  1.853  31.786 0.6250000000
57674  -23.693  2.040  31.215 0.7500000000
60494  -24.966  5.323  27.513 0.7500000000
109333  -28.809  3.470  28.522 0.7500000000
102397  -30.063  3.240  29.100 0.7500000000
57673  -23.008  1.679  31.191 0.7500000000
118396  -24.426  5.461  26.769 0.6250000000
113345  -27.157  3.987  27.230 0.7500000000
59629  -26.905  4.057  26.389 0.7500000000
55962  -18.890  0.114  33.180 0.7500000000
60513  -24.608  5.864  25.034 0.6250000000
59635  -26.313  4.530  24.742 0.6250000000
54151  -1.989  -1.833  43.814 0.8750000000
54991  -2.944  -0.765  48.153 1.0000000000
59480  -28.206  4.987  37.749 0.8750000000
55899  -3.961  0.333  38.795 0.8750000000
112351  -27.844  4.567  37.304 0.8750000000
62216  -30.158  7.448  36.225 0.8750000000
58534  -13.295  3.792  39.204 0.7500000000
55901  -6.013  0.776  38.515 0.8750000000
58556  -27.424  3.993  37.231 0.8750000000
112077  -6.313  1.402  38.201 0.8750000000
55933  -8.326  1.173  35.376 0.7500000000
55920  -8.189  0.702  35.890 0.7500000000
120189  -13.307  2.893  37.865 0.8750000000
59506  -26.949  4.108  34.706 0.8750000000
112289  -13.410  3.091  36.319 0.8750000000
58573  -13.595  3.839  35.864 0.8750000000
60413  -32.258  5.678  33.221 1.0000000000
60415  -34.011  5.457  33.583 1.0000000000
103502  -8.249  0.922  32.220 0.2500000000
58574  -13.922  3.853  34.994 0.7500000000
111701  -14.363  3.028  33.777 0.7500000000
58632  -25.180  3.826  31.529 0.8750000000
102111  -25.223  4.977  30.549 0.8750000000
58583  -36.187  3.474  36.457 0.7500000000
58631  -24.639  3.281  31.091 0.8750000000
59580  -24.561  4.565  30.156 0.8750000000
59594  -24.252  4.824  29.462 0.7500000000
57692  -23.955  2.722  30.745 0.7500000000
118114  -22.552  3.183  29.860 0.7500000000
60481  -24.439  5.363  28.250 0.7500000000
60492  -23.152  5.658  27.397 0.7500000000
61395  -22.756  6.399  26.317 0.7500000000
117576  -17.152  2.198  32.333 0.6250000000
58645  -21.159  3.096  30.280 0.7500000000
62322  -23.163  7.740  24.833 0.5000000000
61403  -23.361  6.505  25.614 0.6250000000
64050  -23.689  9.391  24.419 0.5000000000
62357  -24.335  7.709  23.803 0.6250000000
57724  -31.446  2.287  27.623 0.7500000000
57723  -30.633  2.430  27.390 0.7500000000
59558  -20.146  3.795  31.165 0.7500000000
58644  -20.587  3.336  30.658 0.7500000000
110110  -25.448  7.077  23.378 0.6250000000
58629  -20.218  3.387  32.050 0.7500000000
100543  -25.908  7.638  23.136 0.3750000000
54142  -2.227  -1.057  45.213 1.0000000000
112559  -11.096  -0.232  45.688 1.0000000000
106386  -2.664  -0.179  43.990 1.0000000000
55022  -2.480  -0.744  44.448 1.0000000000
56681  -1.939  1.226  40.730 1.0000000000
59446  -13.214  4.612  40.680 0.7500000000
112350  -30.977  7.857  39.610 1.0000000000
63096  -32.241  8.427  38.968 1.0000000000
56694  -2.345  1.795  38.650 0.8750000000
56696  -4.346  2.120  38.798 0.8750000000
62203  -30.223  7.442  37.172 0.8750000000
62195  -31.731  8.302  37.595 1.0000000000
59468  -13.248  4.167  38.541 0.7500000000
62221  -34.966  7.673  36.473 1.0000000000
56705  -7.325  1.336  36.849 1.0000000000
61324  -34.989  6.448  35.294 1.0000000000
59498  -36.807  3.775  36.512 0.8750000000
59516  -14.586  4.585  34.607 0.7500000000
119260  -22.030  5.597  27.909 0.6250000000
59566  -34.233  4.120  32.018 1.0000000000
57600  -37.154  2.781  36.816 0.8750000000
56719  -38.039  2.024  36.639 0.8750000000
59526  -14.996  4.304  33.909 0.7500000000
60502  -22.834  6.017  26.896 0.7500000000
60491  -22.291  5.875  27.432 0.6250000000
61394  -21.959  6.915  26.459 0.7500000000
59565  -33.513  4.263  31.807 1.0000000000
55927  -38.382  0.826  36.080 0.6250000000
58614  -16.252  3.208  32.722 0.7500000000
60468  -24.726  5.295  29.067 0.7500000000
63198  -22.305  8.481  25.600 0.5000000000
58652  -33.249  3.484  30.574 1.0000000000
109939  -33.852  3.234  30.483 1.0000000000
55939  -37.161  0.874  35.096 0.6250000000
55940  -38.148  0.501  35.310 0.6250000000
55123  -38.745  -0.361  33.874 0.8750000000
102636  -39.296  -0.321  34.743 0.8750000000
59591  -21.697  4.268  29.046 0.6250000000
63199  -22.817  8.333  25.037 0.5000000000
58670  -34.242  2.778  29.999 0.8750000000
55956  -37.602  0.382  34.332 0.5000000000
55137  -39.328  -0.933  32.847 0.8750000000
59605  -20.488  5.034  29.269 0.6250000000
59590  -20.790  4.289  29.503 0.6250000000
58660  -20.812  3.644  30.029 0.7500000000
63217  -23.943  8.770  23.989 0.5000000000
57713  -33.056  2.220  28.244 0.7500000000
54237  -39.978  -0.817  33.346 0.8750000000
60459  -20.101  4.861  29.918 0.6250000000
59577  -19.792  4.731  30.886 0.7500000000
64879  -24.983  9.855  23.748 0.3750000000
57735  -30.727  2.070  26.099 0.7500000000
54260  -39.317  -1.431  31.701 0.8750000000
63220  -26.124  8.571  23.222 0.3750000000
59654  -28.262  4.223  23.076 0.6250000000
58719  -29.091  3.079  23.969 0.7500000000
54275  -40.183  -1.125  30.692 0.6250000000
54249  -40.850  -0.927  32.240 0.8750000000
60542  -27.652  5.698  22.769 0.5000000000
60543  -28.476  5.477  22.651 0.6250000000
59665  -28.725  4.697  22.702 0.6250000000
57772  -30.434  2.606  23.850 0.7500000000
54276  -40.868  -0.628  30.492 0.5000000000
55169  -41.837  -0.133  30.891 1.0000000000
55168  -41.429  -0.472  31.058 0.8750000000
55183  -41.874  0.172  30.418 1.0000000000
56001  -43.107  0.860  31.255 1.0000000000
56811  -43.737  0.982  32.118 1.0000000000
56005  -41.248  0.146  29.232 0.6250000000
102952  -42.842  1.421  29.927 0.8750000000
56844  -42.207  1.406  28.698 0.7500000000
120449  -41.333  0.453  28.599 0.5000000000
57706  -43.381  2.415  28.941 0.7500000000
56845  -42.748  2.094  28.406 0.6250000000
57719  -43.969  3.044  28.554 0.6250000000
59615  -45.886  4.456  28.077 0.6250000000
55845  -13.639  0.930  47.136 1.0000000000
120072  -2.791  -0.025  46.495 1.0000000000
55840  -3.730  0.570  47.828 1.0000000000
56670  -2.202  1.339  42.902 1.0000000000
56675  -2.160  1.265  41.824 1.0000000000
60328  -12.859  5.830  41.155 0.7500000000
57562  -1.645  2.704  40.675 1.0000000000
54135  -4.748  -0.654  48.008 1.0000000000
63095  -31.697  8.360  38.303 1.0000000000
117705  -2.492  3.658  38.634 1.0000000000
58542  -3.900  3.832  38.614 1.0000000000
62206  -32.781  8.240  36.727 1.0000000000
60346  -3.636  5.494  38.565 1.0000000000
60345  -2.816  5.158  38.592 1.0000000000
110384  -4.832  3.746  38.570 0.8750000000
62220  -34.054  7.686  35.931 1.0000000000
106069  -6.845  1.380  37.473 1.0000000000
60348  -5.211  5.635  38.450 1.0000000000
109222  -5.362  4.440  38.337 1.0000000000
57580  -6.222  2.775  37.941 1.0000000000
57587  -6.658  2.627  37.324 1.0000000000
56711  -7.221  2.539  36.572 1.0000000000
58550  -6.221  4.200  37.790 1.0000000000
58559  -6.970  3.148  36.815 1.0000000000
58571  -7.825  2.955  35.554 0.6250000000
57618  -8.110  2.454  35.092 0.5000000000
60416  -35.716  5.424  34.626 1.0000000000
107350  -36.815  4.549  34.868 1.0000000000
59533  -35.741  4.972  34.146 1.0000000000
116860  -36.673  4.133  34.084 1.0000000000
58595  -37.208  3.954  34.567 1.0000000000
60406  -16.165  4.994  33.941 0.7500000000
61384  -20.955  6.747  27.625 0.6250000000
62295  -20.932  7.605  27.271 0.6250000000
114846  -21.103  8.310  27.014 0.5000000000
58635  -35.407  3.373  31.781 1.0000000000
58621  -36.595  3.184  32.548 1.0000000000
58606  -36.925  3.571  33.586 1.0000000000
56720  -38.666  1.449  36.328 1.0000000000
60478  -21.109  5.571  28.414 0.6250000000
63184  -20.615  8.380  27.744 0.5000000000
61383  -20.433  6.791  28.245 0.6250000000
119503  -21.544  9.623  27.210 0.3750000000
64018  -21.980  10.049  27.163 0.3750000000
63185  -21.160  9.117  27.233 0.5000000000
63194  -22.196  9.257  25.945 0.5000000000
58653  -34.469  3.135  30.747 1.0000000000
55918  -39.338  1.074  36.245 1.0000000000
60477  -20.530  5.581  28.803 0.6250000000
62282  -20.127  7.278  28.626 0.6250000000
106435  -20.060  7.949  29.088 0.6250000000
63174  -20.394  8.620  28.667 0.6250000000
64040  -22.827  9.978  25.798 0.5000000000
64835  -22.683  10.365  26.736 0.3750000000
65664  -24.374  11.904  26.383 0.3750000000
64865  -23.901  10.247  24.653 0.5000000000
64851  -24.198  11.027  24.949 0.3750000000
113988  -39.794  0.874  36.149 1.0000000000
61375  -20.072  6.392  28.887 0.6250000000
61369  -19.715  6.372  29.821 0.6250000000
101786  -19.884  7.909  29.960 0.6250000000
65696  -24.972  11.325  24.652 0.3750000000
65680  -24.654  11.688  25.441 0.3750000000
57725  -32.957  1.858  27.415 0.7500000000
55110  -40.535  -0.153  35.448 1.0000000000
61363  -19.563  6.387  30.733 0.6250000000
62257  -19.572  7.115  31.178 0.6250000000
62258  -19.782  7.839  30.858 0.6250000000
116274  -32.845  1.677  26.666 0.7500000000
108790  -19.892  4.842  32.427 0.6250000000
110191  -19.725  5.049  31.692 0.7500000000
64881  -26.780  9.961  23.859 0.3750000000
56891  -31.059  2.135  24.614 0.7500000000
55140  -42.921  0.030  33.016 1.0000000000
62375  -28.144  7.071  22.855 0.3750000000
113162  -30.237  4.311  22.500 0.6250000000
58743  -30.620  3.725  22.717 0.6250000000
57521  -12.971  1.531  47.307 1.0000000000
55849  -10.972  0.222  46.832 1.0000000000
56625  -4.353  1.139  47.322 1.0000000000
58522  -1.512  3.639  42.050 1.0000000000
118079  -5.665  -0.519  47.805 1.0000000000
102451  -5.636  -1.458  44.965 1.0000000000
59440  -1.493  4.301  41.606 1.0000000000
106946  -1.545  5.055  41.017 1.0000000000
111506  -1.676  4.166  39.687 1.0000000000
61243  -12.853  6.140  39.668 0.7500000000
61235  -1.967  6.250  40.009 1.0000000000
114843  -1.831  4.784  39.351 1.0000000000
61251  -2.392  6.229  39.390 1.0000000000
60337  -2.442  5.625  38.931 1.0000000000
59462  -1.944  4.201  38.998 1.0000000000
111427  -13.559  6.374  37.411 0.7500000000
60386  -15.605  6.056  34.810 0.7500000000
116489  -16.571  5.548  34.401 0.7500000000
57645  -38.045  3.029  34.459 1.0000000000
67330  -25.710  13.314  29.028 0.3750000000
66479  -25.340  12.918  27.511 0.3750000000
67340  -26.616  13.772  27.573 0.3750000000
67322  -26.940  14.207  29.142 0.3750000000
56721  -39.234  1.191  36.250 1.0000000000
64004  -21.196  9.825  28.794 0.3750000000
64017  -21.414  9.855  27.830 0.5000000000
64822  -22.004  10.353  27.895 0.3750000000
65642  -24.165  12.002  28.303 0.3750000000
65652  -24.223  11.981  27.357 0.3750000000
64823  -22.552  10.612  27.581 0.3750000000
65641  -23.596  11.557  28.654 0.3750000000
66489  -24.823  12.472  26.923 0.3750000000
66490  -25.524  12.878  26.508 0.3750000000
57694  -35.795  2.512  30.651 1.0000000000
120970  -36.299  2.454  30.993 1.0000000000
64003  -20.688  9.294  29.119 0.6250000000
63988  -20.504  9.122  30.321 0.6250000000
56829  -35.597  1.931  29.329 1.0000000000
65697  -25.800  11.446  24.553 0.3750000000
66506  -25.856  12.590  25.648 0.3750000000
55111  -41.413  -0.068  35.310 1.0000000000
55100  -42.109  0.564  35.886 1.0000000000
61351  -19.609  6.451  31.599 0.6250000000
117815  -19.639  7.089  31.867 0.6250000000
56879  -32.884  1.666  25.319 0.7500000000
56892  -32.032  2.140  24.228 0.7500000000
56866  -34.066  1.560  26.027 0.7500000000
56850  -34.461  1.536  26.731 0.7500000000
60407  -19.936  5.384  33.030 0.6250000000
64870  -28.166  10.065  24.749 0.3750000000
64068  -28.016  9.071  23.839 0.3750000000
57774  -32.230  2.620  23.500 0.6250000000
119220  -32.634  1.859  24.633 0.7500000000
56880  -33.723  1.634  25.323 0.7500000000
56881  -34.563  1.663  25.310 0.8750000000
56894  -34.185  1.882  24.642 0.7500000000
63223  -28.946  8.304  23.783 0.3750000000
59667  -31.027  4.500  22.532 0.6250000000
58732  -32.323  3.243  23.095 0.8750000000
62362  -30.000  7.132  23.379 0.3750000000
63207  -29.553  8.416  24.261 0.3750000000
117250  -31.799  4.358  22.695 0.6250000000
60531  -30.602  6.237  23.035 0.6250000000
59602  -47.547  5.463  29.805 0.7500000000
108102  -46.743  4.968  26.981 0.6250000000
59632  -47.126  5.148  26.070 0.7500000000
57520  -12.173  1.846  46.743 1.0000000000
59403  -15.053  4.330  49.167 0.6250000000
59402  -14.207  4.320  49.451 0.7500000000
55844  -10.388  0.220  47.200 1.0000000000
104230  -14.223  6.925  48.255 0.6250000000
110301  -9.871  0.343  47.594 1.0000000000
55003  -9.929  -0.011  47.536 1.0000000000
55008  -8.946  -0.308  46.853 1.0000000000
63060  -11.703  8.471  42.327 0.6250000000
63059  -11.607  9.173  42.440 0.6250000000
57524  -4.690  1.909  45.129 1.0000000000
63062  -11.666  9.033  41.721 0.6250000000
114269  -12.026  9.428  40.479 0.6250000000
55023  -7.038  -0.718  45.069 1.0000000000
62127  -11.916  7.657  42.156 0.6250000000
102586  -12.139  7.991  40.565 0.6250000000
63928  -12.325  9.789  39.717 0.6250000000
116447  -2.127  4.048  43.639 1.0000000000
57532  -2.129  3.206  43.716 1.0000000000
59433  -1.557  4.304  42.642 1.0000000000
56621  -5.580  0.933  48.244 1.0000000000
121225  -12.482  7.528  40.006 0.6250000000
61218  -1.625  6.059  42.329 1.0000000000
62167  -12.698  7.533  39.335 0.6250000000
62189  -13.437  7.698  37.675 0.6250000000
121109  -2.029  7.022  41.007 1.0000000000
61226  -2.223  7.111  41.789 1.0000000000
62190  -13.868  7.775  36.864 0.6250000000
62210  -14.999  7.210  35.722 0.8750000000
69005  -29.827  16.012  30.520 0.3750000000
102021  -29.371  15.852  31.189 0.3750000000
69006  -30.460  15.927  29.888 0.3750000000
61315  -16.294  6.132  34.651 0.7500000000
68133  -28.025  14.962  31.249 0.3750000000
68144  -27.514  14.565  30.779 0.3750000000
104306  -27.626  14.685  30.041 0.3750000000
69030  -29.026  15.284  28.966 0.3750000000
113352  -30.392  15.521  29.278 0.3750000000
58612  -8.867  3.315  32.110 0.5000000000
67320  -25.624  13.192  29.748 0.3750000000
68169  -27.675  14.599  28.692 0.3750000000
68170  -28.491  14.835  28.428 0.3750000000
68157  -30.725  14.919  28.915 0.3750000000
105973  -8.515  5.486  37.461 0.8750000000
60361  -8.261  4.975  36.794 0.8750000000
59515  -9.223  4.793  34.290 0.7500000000
66459  -25.265  12.841  30.135 0.3750000000
66464  -24.709  12.440  29.718 0.3750000000
68181  -28.876  14.431  27.754 0.3750000000
67341  -27.344  14.049  27.505 0.3750000000
58562  -17.768  2.305  36.450 0.5000000000
64814  -22.444  10.724  28.397 0.3750000000
65638  -24.147  11.989  29.208 0.3750000000
65635  -24.149  11.953  30.122 0.3750000000
64809  -22.995  11.106  28.976 0.3750000000
67349  -26.678  13.490  26.737 0.3750000000
56732  -40.388  0.866  36.119 1.0000000000
64805  -22.919  11.052  29.875 0.5000000000
64804  -22.222  10.607  30.155 0.5000000000
64807  -21.673  10.257  29.468 0.6250000000
64799  -22.095  10.413  31.173 0.5000000000
103571  -28.170  12.583  26.117 0.3750000000
66508  -27.564  12.310  25.635 0.3750000000
56806  -37.794  1.741  31.017 0.8750000000
55930  -41.811  0.903  36.138 1.0000000000
117293  -27.343  11.255  24.941 0.3750000000
118289  -36.163  1.666  28.960 0.8750000000
56841  -36.775  1.529  28.543 0.8750000000
56830  -37.410  1.577  29.173 0.8750000000
56752  -43.590  1.210  35.486 0.8750000000
64852  -28.002  10.792  25.089 0.3750000000
56868  -35.543  1.564  26.416 0.8750000000
56852  -36.640  1.501  27.553 0.8750000000
104205  -28.530  11.032  25.652 0.3750000000
59668  -32.347  4.721  22.917 0.5000000000
61433  -31.531  6.665  23.725 0.6250000000
59550  -45.944  4.204  33.185 0.7500000000
60450  -47.017  5.668  32.087 0.6250000000
61365  -47.838  6.679  30.787 0.7500000000
61372  -48.203  6.574  30.220 0.6250000000
101849  -44.633  7.120  25.966 0.3750000000
62288  -46.009  7.744  28.654 0.3750000000
62315  -45.522  7.402  26.271 0.3750000000
60519  -48.441  6.029  25.847 0.7500000000
61425  -48.889  6.394  25.227 0.7500000000
62369  -44.717  7.024  23.123 0.2500000000
59410  -11.275  4.742  45.897 0.8750000000
58492  -11.006  3.727  45.481 0.8750000000
58502  -10.339  3.498  44.807 0.8750000000
57530  -10.736  2.792  45.354 0.8750000000
61182  -14.815  5.783  49.201 0.6250000000
56640  -10.172  1.332  46.832 1.0000000000
62111  -13.188  7.988  47.300 0.6250000000
56651  -8.790  1.689  46.428 1.0000000000
114061  -9.397  1.389  46.948 0.8750000000
55842  -8.647  0.811  47.995 1.0000000000
63907  -12.594  9.152  45.957 0.6250000000
119603  -5.543  3.660  43.991 0.8750000000
56624  -7.951  0.692  48.250 1.0000000000
115014  -8.514  0.332  48.110 1.0000000000
59413  -2.732  4.196  43.844 1.0000000000
56638  -7.207  1.469  47.315 1.0000000000
54996  -7.908  0.143  48.118 1.0000000000
55837  -6.725  0.433  48.398 1.0000000000
55000  -6.695  -0.347  47.727 1.0000000000
56622  -6.344  0.948  48.269 1.0000000000
63951  -14.839  9.957  37.108 0.6250000000
63961  -15.093  9.390  36.636 0.6250000000
63953  -16.216  9.601  37.603 0.6250000000
63123  -15.804  8.303  35.867 0.6250000000
68977  -28.718  15.330  32.584 0.3750000000
68159  -32.071  13.651  29.764 0.3750000000
61296  -17.576  6.498  36.233 0.6250000000
68132  -27.458  14.457  31.702 0.3750000000
111067  -25.430  12.852  30.932 0.3750000000
67333  -29.714  14.111  27.824 0.3750000000
56790  -39.501  1.720  32.924 1.0000000000
65631  -24.180  11.876  31.150 0.5000000000
66480  -29.054  13.226  27.026 0.3750000000
56749  -40.486  1.250  35.832 1.0000000000
56771  -41.678  1.627  34.459 0.8750000000
61301  -9.996  6.023  35.209 0.8750000000
65634  -23.528  11.424  30.484 0.5000000000
64797  -22.888  10.752  31.740 0.5000000000
113163  -23.480  11.251  31.384 0.5000000000
111521  -38.675  1.537  30.941 1.0000000000
105470  -39.461  1.540  30.781 0.8750000000
114328  -38.089  1.568  29.637 0.8750000000
58554  -20.271  2.328  37.532 0.5000000000
116493  -21.695  10.029  31.802 0.6250000000
65683  -27.806  11.536  25.360 0.3750000000
56842  -37.754  1.574  28.217 0.8750000000
59656  -33.632  4.535  23.458 0.3750000000
59598  -40.996  4.198  29.473 0.5000000000
59568  -42.445  4.180  31.678 0.5000000000
60449  -42.638  5.280  32.073 0.3750000000
101457  -31.608  7.421  24.279 0.3750000000
59638  -36.577  4.847  25.419 0.5000000000
61352  -42.409  6.984  31.627 0.3750000000
62266  -8.489  7.437  29.406 0.1250000000
59539  -45.665  5.079  33.375 0.5000000000
63161  -44.806  7.695  30.120 0.3750000000
61355  -47.341  6.867  31.275 0.5000000000
63142  -46.472  7.539  30.869 0.3750000000
63152  -47.763  8.006  30.021 0.3750000000
61379  -49.061  7.167  29.209 0.5000000000
63186  -47.565  8.390  28.271 0.3750000000
63187  -48.239  9.059  28.508 0.5000000000
62335  -50.290  8.129  25.777 0.7500000000
63226  -46.065  7.970  23.108 0.2500000000
63240  -46.239  8.695  21.879 0.2500000000
60285  -11.897  5.445  48.402 0.7500000000
60284  -11.241  5.927  47.669 0.8750000000
61194  -10.708  6.300  46.973 0.8750000000
61184  -10.921  6.736  47.878 0.7500000000
61185  -14.319  6.527  49.138 0.6250000000
118841  -13.776  7.466  48.239 0.6250000000
62103  -13.313  7.983  48.212 0.6250000000
59416  -5.656  4.466  43.943 1.0000000000
62091  -10.146  7.838  48.347 0.7500000000
114033  -12.785  9.066  46.975 0.6250000000
59428  -4.110  4.848  43.764 1.0000000000
116738  -6.274  3.753  44.027 1.0000000000
109423  -6.796  2.989  44.155 0.8750000000
63900  -12.212  9.290  47.884 0.6250000000
63903  -12.755  9.560  47.568 0.6250000000
64727  -13.202  10.399  46.765 0.6250000000
64719  -13.403  11.041  47.433 0.5000000000
106794  -13.899  11.388  46.918 0.5000000000
65555  -13.488  10.923  46.589 0.5000000000
66368  -12.249  12.418  41.732 0.5000000000
66376  -12.927  13.126  40.305 0.5000000000
66383  -13.457  12.982  39.446 0.5000000000
66356  -14.544  12.620  46.746 0.5000000000
67200  -12.668  13.123  41.258 0.5000000000
66339  -13.910  12.234  47.573 0.5000000000
68042  -13.901  14.242  40.617 0.3750000000
68027  -13.700  14.355  42.284 0.5000000000
66385  -15.174  12.786  39.371 0.5000000000
67221  -14.757  13.559  39.607 0.3750000000
104325  -16.285  10.397  39.197 0.2500000000
68028  -14.507  15.135  42.236 0.3750000000
118731  -16.726  13.362  40.933 0.3750000000
65580  -16.255  11.364  39.943 0.2500000000
63103  -16.736  9.112  38.136 0.5000000000
62191  -17.533  7.655  38.096 0.5000000000
62200  -17.071  7.804  36.439 0.6250000000
69863  -29.955  16.319  32.503 0.3750000000
60373  -9.992  6.033  36.134 0.8750000000
58553  -18.139  2.632  37.979 0.3750000000
66474  -30.799  12.498  28.016 0.3750000000
101289  -40.774  1.572  33.855 0.8750000000
110815  -21.743  9.781  32.532 0.6250000000
56823  -40.252  1.742  30.675 0.7500000000
57678  -40.933  1.994  31.060 0.7500000000
56792  -42.139  1.940  33.698 0.7500000000
58691  -38.760  2.839  26.975 0.7500000000
56833  -40.277  2.184  29.789 0.7500000000
58671  -40.832  2.989  29.512 0.6250000000
58637  -42.060  3.339  31.294 0.6250000000
57765  -36.210  3.186  24.628 0.5000000000
58710  -37.461  3.455  25.618 0.6250000000
58622  -42.897  3.285  33.354 0.5000000000
59535  -43.654  4.572  33.661 0.3750000000
103692  -43.222  5.154  32.940 0.3750000000
59536  -44.069  4.237  34.051 0.3750000000
62267  -9.495  7.511  29.774 0.1250000000
62341  -32.320  7.691  24.472 0.5000000000
61435  -33.317  6.350  24.315 0.5000000000
61353  -42.623  6.278  32.012 0.3750000000
61346  -43.583  6.546  32.928 0.3750000000
112905  -33.808  6.896  24.654 0.5000000000
62236  -43.541  7.216  32.595 0.3750000000
62237  -44.171  7.400  32.713 0.3750000000
61336  -44.459  6.872  33.112 0.3750000000
62280  -8.517  7.765  28.645 0.1250000000
62245  -44.462  7.754  32.188 0.3750000000
63140  -44.805  7.768  31.541 0.3750000000
63141  -45.634  7.597  31.315 0.3750000000
63151  -47.192  7.722  30.287 0.3750000000
63164  -48.276  8.369  29.637 0.3750000000
63165  -48.944  8.500  29.383 0.5000000000
63177  -48.710  9.007  29.205 0.5000000000
105316  -49.592  8.895  28.443 0.5000000000
63178  -49.184  9.106  29.013 0.5000000000
64059  -47.808  9.320  24.942 0.3750000000
61212  -8.784  5.944  44.608 0.8750000000
62101  -9.693  7.540  47.934 0.7500000000
61208  -4.175  6.291  44.707 1.0000000000
116595  -12.672  12.332  43.572 0.5000000000
120812  -2.276  7.368  44.356 1.0000000000
62113  -2.577  7.754  45.501 1.0000000000
67165  -14.719  13.283  46.864 0.5000000000
68005  -15.219  14.086  46.071 0.5000000000
67158  -14.927  13.982  46.852 0.5000000000
67997  -15.402  14.646  46.435 0.5000000000
68884  -16.633  16.328  42.966 0.3750000000
68899  -18.127  15.523  42.597 0.3750000000
58544  -18.501  2.640  39.049 0.2500000000
59469  -18.609  3.582  39.740 0.2500000000
65653  -29.956  11.434  27.049 0.3750000000
110486  -20.034  2.346  39.275 0.3750000000
58545  -20.173  2.305  38.414 0.3750000000
60420  -9.358  6.059  32.034 0.3750000000
62233  -10.071  7.524  32.220 0.5000000000
115832  -20.428  5.927  34.863 0.6250000000
62240  -9.715  7.254  31.495 0.2500000000
64014  -11.125  9.292  27.947 0.1250000000
63172  -9.882  8.127  28.174 0.1250000000
63028  -8.521  8.663  48.165 0.7500000000
68848  -13.797  15.433  46.749 0.5000000000
68873  -16.890  16.052  44.993 0.3750000000
61244  -17.517  7.162  41.359 0.2500000000
106924  -18.567  4.918  40.128 0.2500000000
59457  -18.891  4.120  40.669 0.2500000000
58528  -19.212  3.351  40.481 0.2500000000
58529  -19.813  3.181  40.522 0.2500000000
62209  -10.464  7.510  35.863 0.8750000000
62165  -9.208  7.595  39.847 0.8750000000
114840  -10.358  7.420  34.322 0.8750000000
117317  -10.456  8.211  32.316 0.3750000000
66450  -10.325  12.105  31.811 0.1250000000
64802  -11.435  10.706  30.162 0.1250000000
104527  -10.973  8.878  30.062 0.1250000000
64882  -34.185  10.390  23.200 0.1250000000
64827  -49.789  10.727  27.374 0.5000000000
65670  -49.447  11.437  26.719 0.5000000000
64828  -50.222  10.816  26.989 0.5000000000
107972  -48.499  11.103  24.573 0.3750000000
64885  -48.471  11.491  23.946 0.3750000000
64876  -51.280  10.604  24.569 0.7500000000
65713  -51.470  11.343  23.756 0.8750000000
105422  -51.638  10.738  22.423 0.3750000000
121145  -52.014  11.485  16.725 0.2500000000
65548  -10.304  11.503  46.038 0.6250000000
63037  -2.939  8.454  46.648 1.0000000000
67995  -13.031  14.485  46.692 0.5000000000
63905  -4.043  9.604  46.044 1.0000000000
63077  -18.247  8.951  40.885 0.1250000000
68851  -16.064  15.994  46.158 0.5000000000
118604  -20.840  6.998  44.323 0.2500000000
60312  -20.156  5.583  44.106 0.2500000000
68876  -19.273  15.796  44.545 0.2500000000
60322  -20.380  5.200  43.364 0.2500000000
59442  -19.951  4.916  42.332 0.2500000000
60323  -21.281  5.537  43.111 0.2500000000
107390  -8.592  10.322  41.425 0.8750000000
59458  -20.412  3.275  40.490 0.2500000000
63085  -10.160  8.673  38.181 0.8750000000
63937  -10.251  9.198  37.848 0.8750000000
62197  -10.487  8.049  36.586 0.8750000000
63960  -10.521  9.697  36.369 0.8750000000
113924  -10.647  9.243  33.128 0.6250000000
66515  -49.705  12.587  25.796 0.5000000000
67360  -49.871  13.258  25.425 0.6250000000
66603  -53.969  12.503  15.309 0.2500000000
67448  -54.978  13.418  15.419 0.2500000000
68306  -56.112  14.664  14.421 0.2500000000
69197  -56.043  15.733  11.783 0.2500000000
66353  -10.014  12.486  45.334 0.5000000000
63902  -3.330  9.671  46.839 1.0000000000
63070  -22.874  8.479  42.364 0.2500000000
68858  -13.297  15.909  46.047 0.5000000000
64725  -4.796  10.324  45.737 1.0000000000
68862  -17.957  15.971  45.116 0.2500000000
64738  -9.281  10.165  40.174 0.8750000000
65718  -48.498  12.151  23.555 0.5000000000
65725  -48.303  12.023  22.068 0.2500000000
66557  -48.380  12.930  21.979 0.3750000000
66541  -48.662  13.215  24.216 0.5000000000
103201  -48.585  13.711  23.587 0.6250000000
104384  -51.776  11.163  21.149 0.5000000000
65734  -51.698  11.781  21.084 0.5000000000
69141  -54.899  15.407  15.563 0.2500000000
69152  -55.957  15.609  14.539 0.2500000000
70089  -56.036  16.762  11.530 0.2500000000
117394  -4.194  9.737  49.348 1.0000000000
64713  -3.103  10.169  48.594 1.0000000000
115272  -3.676  10.941  46.749 1.0000000000
71496  -14.821  17.610  45.459 0.3750000000
71497  -15.683  17.758  45.383 0.3750000000
70596  -18.473  16.839  45.399 0.2500000000
62144  -23.927  8.459  42.311 0.2500000000
61247  -23.082  6.874  42.193 0.2500000000
62159  -24.203  8.294  42.233 0.2500000000
61246  -22.306  5.881  41.434 0.2500000000
65568  -7.606  11.769  41.625 0.8750000000
65577  -8.911  11.301  39.739 0.8750000000
64762  -9.943  10.754  37.735 0.8750000000
108795  -22.522  7.379  37.477 0.2500000000
65646  -32.631  11.763  28.278 0.3750000000
70032  -55.282  16.802  15.173 0.2500000000
70937  -56.351  18.178  13.524 0.2500000000
70077  -56.572  16.759  12.372 0.2500000000
68008  -6.764  14.297  44.991 0.6250000000
102569  -4.732  10.332  49.000 1.0000000000
65534  -3.308  11.318  50.016 1.0000000000
68011  -10.533  14.147  44.339 0.5000000000
65533  -2.808  11.400  49.997 1.0000000000
67151  -4.264  13.566  48.966 0.8750000000
67982  -4.631  13.827  48.209 0.8750000000
65540  -2.533  11.546  48.267 1.0000000000
65535  -2.601  11.759  49.289 1.0000000000
66327  -2.695  11.815  49.833 1.0000000000
67150  -2.618  13.379  49.274 1.0000000000
67978  -3.724  13.841  49.250 0.8750000000
70593  -13.997  17.031  45.621 0.3750000000
70603  -13.005  16.727  45.184 0.3750000000
69739  -12.642  16.457  45.014 0.3750000000
65545  -2.573  12.232  47.583 1.0000000000
117070  -2.443  13.288  48.578 1.0000000000
71502  -13.552  17.669  44.746 0.3750000000
65552  -3.660  11.715  46.552 1.0000000000
65585  -9.385  11.262  38.406 0.8750000000
65599  -9.654  11.531  36.504 0.7500000000
65607  -8.963  12.108  36.103 0.7500000000
67272  -7.247  13.218  34.549 0.7500000000
70031  -54.871  16.431  15.602 0.3750000000
112841  -56.595  17.459  12.957 0.3750000000
71893  -56.331  19.274  10.265 0.3750000000
72809  -56.470  20.312  10.124 0.3750000000
67155  -5.981  13.057  47.182 0.7500000000
68855  -6.111  14.783  45.391 0.7500000000
67986  -5.326  13.840  47.217 0.7500000000
68879  -6.637  15.138  43.891 0.6250000000
68881  -9.709  14.760  43.107 0.5000000000
67985  -4.913  14.086  47.531 0.7500000000
67984  -4.449  14.381  47.989 0.8750000000
68834  -3.781  14.600  48.467 0.8750000000
68844  -4.609  15.234  46.873 0.7500000000
69757  -12.302  16.843  43.460 0.3750000000
69749  -12.454  16.641  44.375 0.3750000000
70614  -13.125  17.241  44.730 0.3750000000
71504  -15.366  18.330  44.934 0.2500000000
66357  -3.797  13.297  44.817 1.0000000000
104661  -6.428  12.841  40.690 1.0000000000
65598  -9.009  11.990  37.016 0.7500000000
66421  -7.596  12.834  35.205 0.7500000000
69080  -47.859  15.866  21.729 0.5000000000
72754  -56.183  19.877  12.968 0.3750000000
71921  -56.216  19.968  8.923 0.3750000000
73776  -56.184  21.559  7.760 0.3750000000
69756  -11.374  16.069  42.759 0.3750000000
69726  -4.965  15.956  45.259 0.7500000000
68843  -3.909  15.426  47.233 0.8750000000
70626  -12.579  17.508  41.943 0.3750000000
70620  -12.102  17.005  42.464 0.3750000000
68835  -2.778  14.918  48.055 0.8750000000
66348  -2.929  13.289  46.227 1.0000000000
67159  -2.496  13.632  46.728 1.0000000000
104327  -2.424  14.240  46.914 0.8750000000
71518  -18.596  19.135  43.681 0.2500000000
66367  -5.774  13.107  41.112 1.0000000000
66373  -6.659  12.793  40.129 0.8750000000
66404  -7.477  12.674  37.124 0.6250000000
72753  -55.440  20.466  13.564 0.5000000000
73733  -55.354  21.015  12.273 0.3750000000
112680  -55.796  21.147  11.674 0.3750000000
73749  -55.535  21.191  10.419 0.3750000000
115467  -8.965  15.688  40.992 0.3750000000
69754  -5.434  16.504  43.462 0.7500000000
69774  -10.698  16.174  40.589 0.3750000000
69725  -4.388  16.328  45.328 0.7500000000
69716  -3.454  15.846  46.605 0.7500000000
69724  -3.635  16.361  45.670 0.7500000000
67999  -2.411  14.294  46.006 0.8750000000
67208  -4.537  13.586  40.420 0.6250000000
67219  -5.686  13.376  39.259 0.6250000000
67242  -6.086  13.290  37.815 0.6250000000
69883  -8.773  17.250  31.003 0.3750000000
108977  -51.101  15.335  18.977 0.6250000000
72752  -54.826  20.609  13.502 0.3750000000
71866  -54.617  20.452  11.696 0.3750000000
73766  -54.729  21.189  8.425 0.3750000000
69761  -6.271  16.112  42.327 0.6250000000
69770  -6.429  16.258  41.457 0.6250000000
70600  -3.627  17.467  44.327 0.7500000000
71511  -3.638  18.157  43.576 0.7500000000
70592  -4.162  16.879  44.637 0.7500000000
69773  -9.882  16.016  40.350 0.3750000000
71500  -3.125  18.292  44.092 0.7500000000
70598  -2.322  17.239  44.374 0.7500000000
68864  -2.316  15.443  44.936 0.8750000000
69745  -1.839  16.525  43.771 0.8750000000
68877  -1.715  15.389  43.249 0.8750000000
68006  -2.385  14.881  45.407 0.8750000000
107183  -1.949  15.479  44.104 0.8750000000
68852  -2.435  15.347  45.740 0.8750000000
106387  -14.901  19.590  42.141 0.2500000000
73477  -16.566  21.047  43.133 0.2500000000
67230  -4.405  13.563  38.354 0.6250000000
103276  -4.227  13.562  37.034 0.6250000000
101183  -5.070  13.540  36.990 0.6250000000
67250  -4.499  13.593  36.092 0.6250000000
70754  -8.183  18.049  30.421 0.3750000000
69993  -50.628  18.394  20.406 0.6250000000
72711  -51.391  20.415  18.440 0.6250000000
70880  -52.358  18.702  18.553 0.6250000000
71787  -52.661  19.651  18.016 0.6250000000
71521  -3.202  19.102  43.414 0.7500000000
100880  -7.689  16.216  39.531 0.5000000000
69780  -8.542  16.124  39.526 0.3750000000
72462  -2.559  19.820  42.983 0.7500000000
101020  -9.308  16.295  38.954 0.3750000000
72460  -1.504  20.144  42.626 0.7500000000
71498  -2.473  18.068  44.165 0.7500000000
100803  -11.061  16.419  39.127 0.3750000000
70617  -1.545  18.068  42.987 0.7500000000
67258  -3.440  13.677  35.449 0.6250000000
69858  -3.846  16.820  32.878 0.5000000000
70764  -8.776  18.176  29.653 0.1250000000
73480  -1.485  20.817  42.329 0.7500000000
72461  -2.015  20.019  43.023 0.7500000000
72469  -2.565  20.299  42.414 0.7500000000
71529  -3.304  19.601  42.018 0.7500000000
106485  -3.815  18.749  41.504 0.7500000000
70629  -4.541  17.900  41.458 0.7500000000
69790  -9.763  16.398  38.090 0.3750000000
67228  -2.854  13.869  38.363 0.6250000000
70707  -2.623  17.439  33.302 0.5000000000
68067  -2.367  14.255  36.027 0.6250000000
71635  -2.986  18.180  30.984 0.5000000000
71681  -7.533  18.538  27.398 0.1250000000
120942  -4.756  17.771  39.657 0.6250000000
68083  -2.529  15.055  34.572 0.6250000000
121257  -4.755  19.044  27.494 0.1250000000
70659  -6.413  16.970  36.778 0.5000000000
69801  -6.893  16.675  37.271 0.5000000000
69813  -7.358  16.728  36.534 0.5000000000
117708  -9.401  16.613  35.844 0.5000000000
73586  -3.109  19.938  31.424 0.5000000000
72629  -5.172  19.185  27.076 0.1250000000
74335  -1.440  21.822  38.572 0.5000000000
71541  -0.855  19.765  39.442 0.6250000000
102440  -6.566  20.889  28.571 0.2500000000
73621  -5.817  20.569  27.030 0.1250000000
73631  -6.354  21.318  26.549 0.2500000000
72649  -5.785  20.138  26.084 0.1250000000
73513  -1.857  22.190  38.600 0.5000000000
71572  -4.648  18.893  36.713 0.5000000000
75050  -1.014  23.640  37.889 0.5000000000
70670  -11.951  17.140  36.040 0.3750000000
75139  -8.543  22.669  28.122 0.3750000000
116433  -6.053  20.877  25.931 0.1250000000
74341  -2.566  22.534  38.206 0.5000000000
102165  -5.010  20.952  36.371 0.5000000000
109760  -8.688  19.082  34.588 0.3750000000
75738  -1.511  24.689  38.132 0.5000000000
75737  -1.196  24.271  37.837 0.5000000000
75759  -2.014  24.275  36.740 0.5000000000
106573  -7.275  22.456  26.222 0.1250000000
73650  -6.458  21.244  25.579 0.1250000000
73651  -6.810  21.037  25.131 0.1250000000
73532  -6.205  20.117  35.551 0.5000000000
76426  -2.619  25.765  38.043 0.5000000000
76444  -3.556  24.756  37.055 0.5000000000
77093  -6.923  25.207  38.652 0.5000000000
113362  -4.968  23.430  34.676 0.5000000000
74357  -7.487  21.544  36.371 0.5000000000
74359  -9.015  21.837  36.000 0.3750000000
107462  -7.584  22.591  37.940 0.5000000000
75070  -9.347  22.444  36.467 0.3750000000
75718  -7.143  24.042  40.251 0.5000000000
75712  -7.810  24.208  41.024 0.5000000000
76411  -7.826  24.630  41.640 0.5000000000
74370  -10.072  21.910  35.324 0.3750000000
115275  -8.969  23.312  38.599 0.5000000000
105725  -9.417  22.952  37.242 0.3750000000
75765  -10.463  23.364  35.781 0.3750000000
76419  -9.606  24.311  40.038 0.5000000000
76450  -10.783  24.195  35.965 0.3750000000
76417  -9.870  24.881  40.755 0.5000000000
77094  -10.535  25.104  38.751 0.5000000000
106091  -11.328  23.166  34.229 0.3750000000
76438  -10.763  24.660  36.593 0.5000000000
76451  -11.185  24.555  35.346 0.3750000000
77099  -11.058  25.779  37.364 0.5000000000
117500  -11.415  25.377  35.546 0.3750000000
77757  -11.518  26.292  36.805 0.3750000000
77759  -11.663  26.112  35.954 0.3750000000
42734  -9.660  -12.364  49.238 0.3750000000
43604  -9.981  -11.954  48.715 0.3750000000
43608  -10.534  -11.431  47.911 0.3750000000
105889  -11.356  -10.803  47.510 0.5000000000
44596  -12.669  -10.069  46.766 0.3750000000
42738  -9.427  -12.754  48.583 0.3750000000
45621  -13.627  -9.642  46.652 0.5000000000
45641  -13.894  -9.728  45.994 0.5000000000
45642  -14.844  -9.508  45.903 0.5000000000
45623  -15.439  -9.375  46.721 0.5000000000
103817  -14.091  -9.816  45.409 0.5000000000
110371  -15.772  -9.465  46.223 0.5000000000
45643  -16.521  -9.553  46.095 0.5000000000
40141  -7.537  -15.392  48.053 0.1250000000
44591  -11.328  -10.563  48.278 0.5000000000
40991  -8.364  -14.571  48.512 0.1250000000
106460  -8.856  -13.959  49.117 0.3750000000
111098  -10.539  -11.127  48.885 0.3750000000
44595  -11.755  -10.723  46.854 0.3750000000
45622  -14.548  -9.430  46.611 0.5000000000
41880  -9.091  -13.491  48.901 0.3750000000
120046  -16.842  -9.404  46.963 0.5000000000
45625  -17.228  -9.452  46.739 0.5000000000
46597  -18.340  -9.367  46.716 0.5000000000
46598  -18.814  -9.168  46.701 0.5000000000
47440  -19.208  -8.773  46.535 0.5000000000
46600  -20.340  -9.247  45.886 0.5000000000
40990  -8.017  -15.075  48.553 0.1250000000
103011  -9.995  -11.698  49.445 0.3750000000
44592  -12.206  -10.043  47.604 0.3750000000
42733  -9.270  -12.910  49.367 0.3750000000
45613  -17.764  -9.309  46.895 0.5000000000
46589  -18.222  -9.026  46.969 0.5000000000
47441  -19.976  -8.719  46.017 0.5000000000
47447  -20.482  -8.025  45.422 0.6250000000
105443  -1.889  -10.376  46.307 0.3750000000
48417  -1.345  -7.920  41.759 0.3750000000
48433  -1.392  -7.664  40.044 0.3750000000
48447  -1.416  -7.917  39.000 0.6250000000
116838  -1.494  -6.276  38.739 0.7500000000
50341  -1.539  -5.370  38.709 0.7500000000
40979  -8.258  -15.137  49.286 0.2500000000
41871  -8.766  -13.440  49.814 0.3750000000
42728  -9.001  -12.806  50.005 0.3750000000
41874  -8.659  -14.086  49.588 0.3750000000
42729  -9.513  -12.154  49.899 0.3750000000
41875  -8.902  -13.535  49.462 0.3750000000
48378  -21.235  -7.180  45.044 0.6250000000
110890  -21.424  -7.969  45.175 0.6250000000
45660  -14.622  -9.750  45.005 0.3750000000
51230  -31.179  -3.624  44.203 0.6250000000
46606  -1.391  -9.227  45.431 0.3750000000
47465  -1.352  -8.345  42.959 0.3750000000
48418  -1.334  -7.797  41.047 0.3750000000
49386  -1.428  -6.567  40.125 0.5000000000
50319  -1.492  -5.321  39.516 0.6250000000
49396  -1.469  -6.023  39.424 0.6250000000
51296  -1.633  -4.276  38.398 0.7500000000
50360  -1.674  -4.950  37.689 0.7500000000
42725  -8.876  -12.724  50.647 0.3750000000
42726  -9.441  -12.123  50.582 0.3750000000
43601  -10.607  -11.159  50.402 0.3750000000
43600  -9.987  -11.501  50.036 0.3750000000
43605  -10.496  -10.979  49.694 0.3750000000
46588  -17.800  -9.108  47.117 0.5000000000
45608  -13.311  -9.524  47.326 0.5000000000
109101  -19.527  -8.010  46.045 0.6250000000
45624  -16.386  -9.401  46.873 0.5000000000
49335  -22.148  -5.586  45.362 0.7500000000
114373  -21.536  -6.302  45.082 0.6250000000
117928  -31.414  -3.154  44.210 0.7500000000
42722  -8.622  -12.921  51.185 0.3750000000
42723  -9.019  -12.460  51.106 0.3750000000
104645  -9.903  -11.696  50.453 0.5000000000
44584  -11.144  -10.330  49.952 0.5000000000
44587  -11.202  -10.373  49.150 0.5000000000
112026  -10.116  -8.994  52.740 0.5000000000
45601  -12.038  -9.795  48.555 0.5000000000
45602  -13.011  -9.350  48.081 0.6250000000
47404  -9.277  -9.188  53.005 0.5000000000
48295  -10.443  -7.383  52.173 0.6250000000
47435  -18.582  -8.795  46.841 0.5000000000
48364  -20.144  -7.219  45.233 0.6250000000
120932  -20.787  -6.540  44.952 0.7500000000
50251  -21.458  -4.961  45.188 0.7500000000
112546  -21.746  -4.316  45.258 0.7500000000
52229  -21.979  -3.806  45.224 0.7500000000
52249  -31.617  -2.797  43.810 0.7500000000
52235  -27.125  -3.405  45.804 0.8750000000
53223  -28.101  -3.015  45.965 0.8750000000
50385  -3.430  -5.168  35.953 0.6250000000
50415  -3.937  -5.711  35.602 0.6250000000
50386  -4.233  -5.281  36.244 0.6250000000
49482  -7.118  -6.518  33.404 0.3750000000
49446  -4.571  -6.166  35.090 0.5000000000
50439  -6.244  -6.163  34.771 0.5000000000
108834  -5.921  -6.675  34.022 0.5000000000
49462  -5.243  -6.521  34.568 0.5000000000
114895  -10.227  -11.728  51.422 0.5000000000
43597  -10.267  -11.609  50.950 0.5000000000
44579  -11.136  -11.223  50.953 0.5000000000
43595  -10.023  -11.865  51.874 0.3750000000
120865  -9.586  -12.024  51.420 0.5000000000
45596  -11.895  -9.703  49.434 0.5000000000
44575  -10.102  -11.371  52.388 0.5000000000
45584  -10.744  -10.761  52.396 0.5000000000
109133  -11.185  -10.112  52.396 0.5000000000
45583  -9.912  -10.615  52.783 0.5000000000
46564  -10.467  -9.901  52.641 0.5000000000
47411  -10.889  -8.136  52.521 0.6250000000
115949  -9.978  -8.023  52.486 0.6250000000
45603  -14.007  -9.035  47.763 0.6250000000
45609  -14.311  -9.306  47.189 0.5000000000
45612  -17.324  -9.249  47.181 0.5000000000
120853  -15.091  -9.271  47.119 0.5000000000
45610  -15.850  -9.240  47.298 0.5000000000
45611  -16.707  -9.237  47.400 0.5000000000
49334  -21.083  -5.757  44.984 0.7500000000
106716  -23.032  -3.453  45.307 0.7500000000
51214  -23.218  -4.082  46.145 0.7500000000
52218  -24.454  -3.547  47.307 0.8750000000
107068  -23.908  -3.492  45.523 0.8750000000
107067  -24.895  -3.508  45.628 0.8750000000
52279  -32.294  -2.938  41.057 0.5000000000
49464  -7.510  -6.026  34.033 0.2500000000
104813  -8.764  -5.695  33.035 0.2500000000
50466  -8.985  -5.959  32.141 0.1250000000
106318  -9.474  -5.428  31.913 0.1250000000
49516  -9.337  -5.872  31.300 0.1250000000
50387  -4.983  -5.192  36.444 0.6250000000
102652  -7.036  -5.906  34.533 0.5000000000
105604  -5.008  -5.731  35.864 0.6250000000
103044  -6.032  -5.659  35.586 0.5000000000
44577  -11.071  -11.369  51.467 0.5000000000
45588  -11.662  -10.732  51.376 0.6250000000
44580  -11.465  -10.567  50.647 0.6250000000
45585  -11.490  -10.766  51.992 0.5000000000
108926  -11.735  -9.878  52.214 0.5000000000
45597  -12.800  -9.175  48.917 0.6250000000
46565  -11.270  -9.208  52.492 0.5000000000
48296  -11.523  -7.419  52.210 0.6250000000
48302  -11.060  -7.018  51.865 0.6250000000
49252  -10.335  -7.443  50.996 0.6250000000
46584  -15.081  -9.007  47.614 0.6250000000
112599  -17.837  -8.814  47.294 0.5000000000
121143  -18.895  -8.359  46.609 0.6250000000
116656  -9.808  -7.662  50.508 0.7500000000
46585  -16.039  -9.025  47.721 0.5000000000
46586  -16.677  -9.040  47.744 0.5000000000
46587  -17.282  -9.039  47.520 0.5000000000
49333  -20.080  -6.288  45.020 0.7500000000
114898  -21.027  -4.603  45.027 0.7500000000
51221  -21.073  -4.116  44.905 0.7500000000
51255  -20.086  -4.370  41.660 0.8750000000
51238  -20.992  -3.749  43.290 0.8750000000
52230  -22.796  -3.768  45.552 0.7500000000
115726  -19.752  -4.743  41.002 0.8750000000
50304  -20.106  -4.981  40.366 0.8750000000
53273  -32.655  -2.071  40.095 0.3750000000
53265  -32.648  -1.653  40.764 0.5000000000
119527  -8.073  -5.106  34.653 0.5000000000
50441  -8.393  -5.391  34.055 0.2500000000
50454  -9.230  -5.021  33.482 0.2500000000
51407  -9.709  -4.760  32.082 0.2500000000
50476  -9.779  -5.136  31.357 0.1250000000
51332  -5.361  -4.640  36.764 0.7500000000
50416  -6.962  -5.378  35.141 0.6250000000
51346  -5.716  -5.114  36.190 0.6250000000
45593  -11.896  -9.726  50.255 0.7500000000
45586  -12.020  -9.951  51.767 0.7500000000
45589  -12.108  -9.902  51.072 0.7500000000
46566  -12.285  -9.125  52.232 0.7500000000
47412  -11.986  -8.214  52.437 0.7500000000
46578  -13.691  -8.783  48.474 0.6250000000
46579  -14.564  -8.634  48.168 0.6250000000
47426  -15.362  -8.643  48.085 0.5000000000
46580  -16.121  -8.665  48.085 0.6250000000
46581  -16.854  -8.800  47.878 0.5000000000
47434  -18.138  -8.778  47.105 0.5000000000
47429  -17.344  -8.759  47.670 0.5000000000
49318  -19.400  -6.999  45.702 0.7500000000
50250  -20.342  -5.261  45.009 0.7500000000
51220  -20.188  -4.626  44.929 0.7500000000
51235  -18.880  -4.547  42.962 0.7500000000
101153  -19.770  -4.137  43.371 0.7500000000
101591  -20.055  -4.132  44.266 0.7500000000
51229  -20.792  -3.899  44.526 0.7500000000
51243  -18.882  -4.735  41.874 0.8750000000
51244  -19.556  -4.346  42.322 0.8750000000
52253  -21.187  -3.609  44.115 0.7500000000
50288  -19.044  -4.855  41.065 0.8750000000
119763  -19.450  -4.589  41.570 0.8750000000
50326  -19.038  -5.235  39.726 0.8750000000
50303  -19.367  -5.029  40.399 0.8750000000
109191  -32.801  -1.746  39.499 0.5000000000
53294  -32.978  -1.464  38.918 0.5000000000
51362  -8.443  -4.484  34.714 0.5000000000
51333  -6.195  -4.387  36.458 0.7500000000
51347  -6.557  -4.911  35.867 0.6250000000
51348  -7.316  -4.577  35.557 0.6250000000
50440  -7.624  -5.462  34.584 0.5000000000
51361  -7.739  -4.881  35.031 0.5000000000
46568  -12.671  -9.140  51.605 0.7500000000
46571  -12.647  -9.133  50.696 0.7500000000
46574  -12.641  -9.085  49.779 0.7500000000
47413  -12.852  -8.224  52.038 0.7500000000
48297  -12.357  -7.595  52.174 0.7500000000
49253  -11.407  -7.549  50.931 0.7500000000
49259  -10.677  -7.688  50.263 0.8750000000
116602  -14.826  -8.256  48.447 0.6250000000
47427  -15.246  -8.142  48.455 0.6250000000
117152  -10.380  -7.411  49.660 0.8750000000
103083  -15.753  -7.983  48.396 0.6250000000
47433  -17.822  -8.543  47.376 0.6250000000
48349  -18.887  -7.647  46.392 0.6250000000
47428  -16.674  -8.429  48.059 0.6250000000
48334  -17.256  -8.154  47.769 0.7500000000
49332  -19.341  -6.058  45.305 0.7500000000
50249  -19.415  -5.283  45.121 0.7500000000
114180  -18.646  -4.696  43.830 0.7500000000
109357  -18.889  -4.802  44.679 0.7500000000
51228  -19.752  -4.514  44.700 0.7500000000
51236  -19.327  -4.403  44.066 0.7500000000
50275  -18.156  -5.047  42.190 0.8750000000
50301  -17.688  -5.443  40.498 0.8750000000
50302  -18.612  -5.180  40.426 0.8750000000
50287  -18.318  -5.140  41.253 0.8750000000
116892  -17.970  -5.485  39.054 0.8750000000
50325  -18.236  -5.371  39.688 0.8750000000
51349  -7.916  -4.125  35.293 0.6250000000
51377  -9.023  -4.596  34.121 0.2500000000
46572  -13.062  -8.473  50.132 0.7500000000
111471  -12.938  -8.441  51.110 0.7500000000
46575  -13.451  -8.499  49.303 0.7500000000
48304  -12.667  -7.711  51.679 0.7500000000
49254  -12.276  -7.749  50.878 0.7500000000
46576  -14.168  -8.260  48.723 0.6250000000
47423  -14.494  -7.872  48.760 0.6250000000
113128  -18.369  -8.244  46.934 0.6250000000
48347  -17.783  -7.688  47.232 0.6250000000
48348  -18.359  -7.333  46.623 0.7500000000
49317  -18.840  -6.727  46.074 0.7500000000
50248  -18.687  -5.394  45.276 0.7500000000
50238  -18.745  -5.950  45.652 0.7500000000
50260  -18.028  -5.246  44.838 0.7500000000
111369  -17.323  -5.364  44.110 0.7500000000
51227  -18.085  -5.030  44.055 0.7500000000
51219  -19.423  -4.875  44.992 0.7500000000
50274  -17.313  -5.389  42.498 0.7500000000
50267  -18.090  -5.006  43.145 0.7500000000
50285  -16.868  -5.618  41.777 0.8750000000
50286  -17.528  -5.399  41.527 0.7500000000
50323  -16.834  -5.805  40.101 0.8750000000
50362  -16.625  -6.040  38.304 0.8750000000
115528  -17.128  -5.849  37.893 0.8750000000
55085  -33.098  -0.782  37.501 0.6250000000
102160  -17.230  -5.764  37.182 0.8750000000
52324  -7.862  -3.358  35.517 0.6250000000
51363  -9.051  -3.645  34.218 0.3750000000
118557  -12.858  -8.041  51.269 0.7500000000
47419  -13.485  -8.117  49.664 0.7500000000
47422  -13.825  -8.046  49.217 0.6250000000
47424  -14.755  -7.607  48.705 0.6250000000
48333  -16.420  -7.653  48.096 0.7500000000
48346  -17.028  -7.419  47.635 0.7500000000
49301  -17.911  -6.980  46.747 0.7500000000
49300  -17.258  -6.882  47.151 0.7500000000
49316  -18.303  -6.522  46.283 0.7500000000
49314  -16.713  -6.384  46.799 0.7500000000
49315  -17.651  -6.424  46.512 0.7500000000
50237  -18.147  -5.898  45.992 0.7500000000
50245  -16.059  -6.002  45.442 0.7500000000
50247  -17.780  -5.621  45.525 0.7500000000
49358  -15.969  -6.039  43.569 0.7500000000
50258  -16.567  -5.692  44.176 0.7500000000
50259  -17.161  -5.497  44.873 0.7500000000
103537  -15.453  -6.301  42.952 0.7500000000
50273  -16.472  -5.758  42.343 0.7500000000
50265  -16.712  -5.619  43.258 0.7500000000
103209  -15.396  -6.413  41.364 0.8750000000
49370  -15.766  -6.133  42.217 0.7500000000
49390  -16.163  -6.149  40.676 0.8750000000
49401  -16.095  -6.238  39.723 0.8750000000
50300  -16.886  -5.722  41.020 0.8750000000
49428  -15.876  -6.340  37.876 0.8750000000
49414  -15.990  -6.286  38.789 0.8750000000
50344  -16.736  -5.908  39.176 0.8750000000
55894  -32.936  0.357  38.657 0.6250000000
106369  -16.533  -6.037  37.471 0.8750000000
50392  -16.466  -5.880  36.606 0.8750000000
52325  -8.409  -3.460  34.927 0.3750000000
47418  -13.051  -8.035  50.265 0.7500000000
49260  -11.828  -7.656  50.242 0.7500000000
49283  -15.441  -7.237  48.375 0.7500000000
49299  -16.235  -6.825  47.712 0.7500000000
50235  -15.971  -6.206  46.395 0.7500000000
49313  -15.689  -6.400  47.277 0.7500000000
49331  -15.416  -6.272  45.792 0.7500000000
112866  -15.133  -6.367  43.843 0.7500000000
50257  -15.900  -6.029  44.446 0.7500000000
114968  -14.487  -6.714  41.715 0.8750000000
104852  -14.703  -6.818  38.860 0.8750000000
49389  -15.371  -6.539  40.271 0.8750000000
49413  -15.234  -6.614  38.376 0.8750000000
50391  -15.565  -5.908  36.118 0.8750000000
56709  -30.665  2.008  37.239 0.5000000000
56726  -30.471  1.700  35.489 0.3750000000
57598  -30.613  2.617  36.801 0.3750000000
49261  -12.634  -7.663  50.116 0.7500000000
49262  -13.130  -7.674  49.853 0.7500000000
49277  -10.826  -6.850  49.170 0.8750000000
49266  -11.341  -7.277  49.725 0.7500000000
48322  -13.576  -7.667  49.507 0.7500000000
48323  -14.045  -7.564  49.037 0.7500000000
49270  -13.798  -7.320  49.240 0.7500000000
48332  -14.153  -7.364  48.960 0.7500000000
49282  -14.574  -7.094  48.697 0.7500000000
49298  -15.036  -6.636  48.127 0.7500000000
49312  -14.487  -6.414  46.536 0.7500000000
104459  -14.809  -6.330  47.406 0.7500000000
49355  -12.865  -6.967  43.695 0.8750000000
49345  -13.531  -6.703  44.289 0.7500000000
49330  -14.629  -6.425  45.578 0.7500000000
111484  -13.529  -6.813  43.476 0.8750000000
102420  -14.211  -6.623  43.663 0.7500000000
49347  -15.234  -6.241  44.905 0.7500000000
101161  -12.966  -7.201  41.911 0.8750000000
49368  -13.769  -6.902  42.177 0.8750000000
49357  -14.707  -6.561  43.007 0.7500000000
48423  -13.701  -7.110  41.231 0.8750000000
48424  -14.589  -6.825  40.791 0.8750000000
49399  -14.516  -6.902  39.723 0.8750000000
57611  -30.572  2.428  35.920 0.3750000000
57626  -30.613  2.220  35.017 0.3750000000
49267  -12.310  -7.186  49.716 0.7500000000
49269  -13.482  -7.337  49.491 0.7500000000
49281  -13.995  -6.988  48.963 0.7500000000
49296  -13.636  -6.376  48.001 0.7500000000
49297  -14.259  -6.434  48.070 0.7500000000
49328  -12.398  -6.678  45.445 0.7500000000
114444  -13.119  -6.584  46.215 0.7500000000
102185  -13.906  -6.400  47.101 0.7500000000
49354  -12.037  -7.109  43.865 0.8750000000
49329  -13.872  -6.568  45.937 0.7500000000
48410  -12.276  -7.291  42.475 0.8750000000
48397  -13.112  -7.042  42.839 0.8750000000
48439  -13.181  -7.331  40.418 0.8750000000
48452  -13.591  -7.233  39.625 0.8750000000
58566  -30.834  3.201  36.404 0.3750000000
109656  -31.407  3.829  36.023 0.3750000000
57641  -30.671  1.980  34.155 0.3750000000
57612  -30.969  3.036  35.433 0.3750000000
57627  -31.019  2.621  34.563 0.3750000000
57660  -31.469  1.949  32.993 0.2500000000
57642  -31.227  2.313  33.764 0.3750000000
49268  -13.021  -7.117  49.610 0.7500000000
49279  -12.713  -6.703  49.243 0.7500000000
49278  -12.059  -6.441  48.477 0.7500000000
102988  -13.037  -6.427  48.429 0.7500000000
49280  -13.495  -6.888  49.237 0.7500000000
116363  -10.906  -6.720  46.009 0.8750000000
49311  -11.470  -6.547  46.644 0.7500000000
101223  -12.216  -6.389  47.504 0.7500000000
49342  -10.820  -7.040  44.573 0.8750000000
49343  -11.631  -6.870  44.740 0.8750000000
102991  -12.301  -6.559  46.448 0.7500000000
49295  -13.051  -6.413  47.309 0.7500000000
108811  -11.547  -7.307  43.076 0.8750000000
58579  -31.840  3.647  35.351 0.3750000000
58592  -32.350  3.340  34.835 0.3750000000
57628  -31.829  2.830  34.260 0.3750000000
57643  -32.344  2.391  33.509 0.3750000000
108342  -31.585  1.675  32.331 0.1250000000
56786  -32.361  1.876  32.641 0.2500000000
55985  -31.878  1.146  31.076 0.1250000000
101224  -11.106  -6.599  48.456 0.8750000000
101235  -11.774  -6.719  49.215 0.7500000000
49294  -11.296  -6.490  47.582 0.8750000000
56805  -32.234  1.520  31.847 0.1250000000
58593  -33.374  3.370  34.965 0.3750000000
57629  -32.843  2.861  34.326 0.3750000000
57644  -33.578  2.438  33.898 0.3750000000
56764  -33.376  1.952  33.067 0.2500000000
58594  -34.379  3.169  35.198 0.3750000000
58581  -34.141  3.862  35.605 0.3750000000
58582  -35.298  3.561  35.971 0.3750000000
104169  -33.752  2.872  34.567 0.3750000000
56788  -34.181  1.472  32.639 0.2500000000
55970  -34.776  0.944  32.145 0.3750000000
57613  -35.135  2.877  35.487 0.3750000000
56745  -34.563  2.490  34.604 0.3750000000
56765  -34.504  1.838  33.613 0.3750000000
57614  -35.995  2.831  36.233 0.5000000000
120479  -35.151  1.941  34.399 0.3750000000
56766  -35.488  1.426  33.875 0.3750000000
56789  -35.135  1.181  32.953 0.3750000000
55149  -35.811  0.044  31.487 0.3750000000
121181  -35.178  0.499  31.675 0.3750000000
56727  -36.267  2.044  35.837 0.5000000000
56747  -36.492  1.428  35.280 0.3750000000
117986  -35.821  1.676  34.822 0.3750000000
56767  -36.311  1.095  34.342 0.3750000000
55954  -36.037  0.800  33.335 0.3750000000
55972  -36.699  0.254  32.828 0.3750000000
55971  -35.750  0.519  32.319 0.3750000000
107506  -36.408  -0.587  31.215 0.3750000000
55166  -36.087  -1.176  30.117 0.2500000000
55167  -36.585  -1.146  30.659 0.2500000000
54271  -36.656  -1.555  29.973 0.1250000000
109015  -20.135  15.898  41.771 0.2500000000
68908  -20.190  15.011  41.958 0.2500000000
56728  -37.152  1.674  36.150 0.6250000000
55955  -36.902  0.553  33.846 0.3750000000
55133  -36.543  -0.084  31.950 0.3750000000
53358  -37.831  -1.934  29.365 0.1250000000
53359  -38.541  -1.740  29.337 0.1250000000
113267  -39.875  -0.900  29.371 0.3750000000
55181  -40.355  -0.575  29.254 0.3750000000
53357  -37.061  -1.904  29.334 0.1250000000
74328  -23.945  22.591  39.799 0.2500000000
74333  -23.285  22.030  39.733 0.2500000000
74327  -22.981  22.170  40.480 0.2500000000
74326  -22.122  21.640  40.839 0.2500000000
73504  -21.472  20.933  40.373 0.2500000000
73497  -20.737  20.092  40.274 0.2500000000
72478  -20.351  19.608  40.868 0.2500000000
69767  -20.148  16.582  42.204 0.2500000000
70627  -19.978  17.521  41.717 0.2500000000
112977  -20.961  20.558  41.061 0.2500000000
55121  -37.500  0.065  33.361 0.3750000000
54257  -37.125  -1.052  31.290 0.3750000000
54274  -39.350  -1.521  30.859 0.3750000000
54272  -37.261  -1.520  30.735 0.2500000000
107622  -37.975  -1.699  30.765 0.2500000000
53347  -38.229  -1.826  30.044 0.1250000000
54291  -39.591  -1.245  29.883 0.3750000000
54290  -37.489  -1.784  30.069 0.1250000000
75725  -24.532  23.292  39.562 0.2500000000
103425  -23.645  22.791  40.059 0.2500000000
55150  -37.645  -0.784  31.917 0.3750000000
54258  -37.805  -1.347  31.398 0.2500000000
54259  -38.598  -1.519  31.416 0.3750000000
54273  -38.607  -1.698  30.633 0.3750000000
54246  -38.318  -1.057  32.092 0.3750000000
63241  -49.696  8.423  21.871 0.3750000000
72735  -53.464  20.287  15.936 0.5000000000
72721  -51.809  20.491  17.653 0.5000000000
71790  -52.160  20.222  16.650 0.5000000000
72734  -52.882  20.365  16.315 0.5000000000
40970  -8.114  -15.334  51.278 0.3750000000
40131  -7.763  -15.658  48.895 0.1250000000
40130  -7.024  -15.986  48.466 0.1250000000
43589  -7.798  -12.657  53.202 0.3750000000
41002  -7.963  -14.771  47.792 0.1250000000
119887  -7.060  -15.769  46.886 0.1250000000
40140  -6.904  -15.915  47.504 0.1250000000
40149  -7.544  -15.297  47.066 0.1250000000
40114  -7.989  -16.123  50.409 0.2500000000
44570  -8.641  -11.211  53.291 0.5000000000
40973  -8.202  -15.421  50.077 0.3750000000
41870  -8.455  -14.121  50.187 0.3750000000
43591  -8.929  -12.351  52.248 0.3750000000
45579  -9.118  -10.446  53.218 0.5000000000
112147  -9.377  -11.282  52.896 0.5000000000
46563  -9.613  -9.803  52.981 0.5000000000
41879  -8.698  -13.863  48.303 0.3750000000
40100  -7.674  -15.941  52.054 0.3750000000
51199  -23.935  -4.757  48.108 0.7500000000
52219  -25.643  -3.486  47.365 0.8750000000
52207  -24.230  -3.990  47.983 0.8750000000
52217  -23.446  -3.983  46.849 0.7500000000
52208  -25.197  -3.650  47.953 0.8750000000
52206  -23.806  -3.840  47.365 0.8750000000
51206  -23.683  -4.451  47.533 0.7500000000
104751  -22.257  -6.605  45.352 0.7500000000
50252  -22.233  -4.767  45.472 0.7500000000
52234  -26.354  -3.475  46.623 0.8750000000
49427  -15.010  -6.553  37.418 0.8750000000
116024  -15.105  -6.265  36.654 0.8750000000
52241  -21.506  -3.645  44.790 0.7500000000
51269  -20.528  -4.704  40.989 0.8750000000
48422  -12.056  -7.402  41.550 0.8750000000
102788  -12.835  -7.338  41.133 0.8750000000
103566  -16.352  -5.647  35.726 0.8750000000
52231  -23.460  -3.750  46.119 0.8750000000
110518  -22.734  -3.409  44.529 0.7500000000
48409  -11.555  -7.428  42.252 0.8750000000
45618  -2.407  -10.471  46.755 0.3750000000
46611  -1.462  -8.940  44.348 0.3750000000
52232  -24.182  -3.544  46.424 0.8750000000
47471  -1.400  -8.460  42.158 0.3750000000
105934  -8.239  -11.939  53.269 0.5000000000
46559  -8.821  -9.672  53.301 0.5000000000
52280  -32.521  -2.194  41.101 0.3750000000
54187  -32.743  -1.323  40.181 0.5000000000
108912  -1.428  -6.081  41.047 0.6250000000
51345  -2.690  -4.826  36.091 0.6250000000
118019  -32.127  4.206  35.848 0.3750000000
55135  -38.081  -0.474  32.915 0.6250000000
55136  -38.790  -0.771  32.892 0.5000000000
55182  -40.930  -0.317  29.737 0.5000000000
62372  -49.624  7.461  23.445 0.3750000000
120394  -51.990  20.517  17.203 0.5000000000
72740  -53.263  20.176  15.584 0.5000000000
114390  -10.603  -6.665  46.715 0.8750000000
49326  -10.851  -6.832  45.264 0.8750000000
106361  -1.462  -5.673  40.160 0.7500000000
54247  -38.973  -1.256  32.212 0.5000000000
54292  -40.333  -0.802  29.891 0.3750000000
72728  -52.406  20.454  17.103 0.5000000000
105525  -8.637  -14.393  49.161 0.2500000000
106546  -1.459  -6.928  39.273 0.5000000000
105356  -1.544  -5.980  37.954 0.7500000000
40980  -8.412  -14.701  49.798 0.3750000000
40974  -8.287  -14.805  50.536 0.3750000000
41868  -8.532  -13.485  50.556 0.3750000000
46619  -1.511  -8.871  43.390 0.3750000000
114136  -1.405  -7.021  40.811 0.3750000000
43596  -9.545  -12.035  51.063 0.5000000000
50239  -22.908  -5.065  45.908 0.7500000000
43594  -9.190  -12.334  51.655 0.3750000000
42721  -8.308  -13.400  51.404 0.3750000000
41863  -8.267  -13.689  51.256 0.3750000000
41864  -8.636  -13.116  50.714 0.3750000000
41867  -8.388  -13.955  50.690 0.3750000000
51222  -22.646  -4.266  45.738 0.7500000000
49463  -6.726  -6.355  34.054 0.5000000000
49447  -5.441  -6.105  35.215 0.6250000000
112994  -4.991  -6.917  33.806 0.2500000000
49481  -6.419  -6.719  33.533 0.5000000000
44576  -10.854  -11.514  52.020 0.5000000000
44571  -9.473  -11.923  52.309 0.5000000000
52242  -22.217  -3.443  45.074 0.7500000000
50228  -23.348  -4.575  46.625 0.7500000000
52233  -25.188  -3.467  46.572 0.8750000000
111589  -23.765  -3.685  46.878 0.8750000000
49501  -8.356  -6.232  32.595 0.2500000000
50467  -9.373  -5.276  32.616 0.2500000000
51245  -20.425  -3.998  42.621 0.7500000000
51237  -20.512  -3.826  43.768 0.7500000000
111321  -20.390  -4.274  44.711 0.7500000000
50266  -17.491  -5.282  43.400 0.7500000000
48312  -12.787  -7.916  50.657 0.7500000000
120142  -16.619  -6.061  46.113 0.7500000000
50236  -17.351  -6.019  46.130 0.7500000000
120313  -16.483  -5.734  44.884 0.7500000000
50246  -16.895  -5.756  45.530 0.7500000000
50272  -16.062  -5.975  42.851 0.7500000000
49380  -16.252  -5.953  41.564 0.7500000000
49400  -15.329  -6.573  39.291 0.8750000000
49437  -15.766  -6.216  36.998 0.8750000000
100814  -15.180  -6.303  46.540 0.7500000000
49369  -15.038  -6.469  42.276 0.7500000000
119421  -14.390  -6.664  42.417 0.7500000000
55916  -30.733  1.108  35.933 0.3750000000
49344  -12.609  -6.816  44.522 0.8750000000
102067  -13.914  -6.550  45.069 0.7500000000
49346  -14.424  -6.484  44.523 0.7500000000
49356  -13.952  -6.760  42.925 0.8750000000
48440  -13.934  -7.125  40.370 0.8750000000
112807  -14.283  -6.790  48.563 0.7500000000
104775  -13.784  -6.664  48.631 0.7500000000
49327  -11.585  -6.699  45.732 0.7500000000
48389  -11.161  -7.197  43.945 0.8750000000
114705  -12.372  -7.171  43.192 0.8750000000
103464  -13.224  -6.640  45.214 0.7500000000
58591  -31.544  3.142  34.842 0.3750000000
56763  -30.804  1.718  33.333 0.2500000000
56746  -35.473  2.317  35.237 0.3750000000
55134  -37.281  -0.292  32.408 0.3750000000
103059  -37.038  -0.566  31.720 0.3750000000
53348  -38.922  -1.608  30.001 0.2500000000
71534  -19.933  18.641  41.303 0.2500000000
71786  -51.536  20.241  17.368 0.5000000000
71794  -52.645  19.897  15.777 0.3750000000
40968  -8.133  -14.949  51.937 0.3750000000
103635  -8.154  -13.065  52.495 0.3750000000
112370  -8.914  -11.942  52.894 0.5000000000
43590  -8.473  -12.541  52.665 0.3750000000
42718  -8.526  -12.874  51.879 0.3750000000
51200  -24.566  -4.698  48.302 0.7500000000
52220  -26.670  -3.577  47.273 0.8750000000
49319  -23.005  -6.046  45.936 0.7500000000
50229  -23.682  -5.205  47.412 0.7500000000
50240  -23.462  -5.523  46.652 0.7500000000
49284  -25.043  -5.935  48.024 0.6250000000
48365  -23.104  -7.242  45.787 0.6250000000
49320  -23.747  -6.508  46.558 0.6250000000
47442  -23.543  -8.375  45.956 0.1250000000
48366  -24.093  -7.573  46.523 0.3750000000
48350  -24.463  -6.863  47.002 0.5000000000
48351  -24.962  -7.067  47.361 0.5000000000
49304  -25.384  -6.731  47.765 0.5000000000
49285  -25.783  -6.084  48.178 0.3750000000
107122  -26.909  -6.038  48.270 0.2500000000
50223  -27.241  -5.219  48.221 0.3750000000
112879  -27.799  -5.803  47.974 0.3750000000
46607  -21.243  -9.379  45.495 0.5000000000
47449  -22.359  -8.287  45.283 0.5000000000
45647  -20.372  -10.083  45.641 0.1250000000
46608  -22.290  -9.610  45.417 0.2500000000
46601  -22.964  -9.081  45.533 0.1250000000
120731  -24.476  -6.297  47.434 0.5000000000
49303  -24.671  -6.174  47.694 0.5000000000
50222  -25.144  -5.403  48.266 0.3750000000
113120  -27.630  -4.539  48.026 0.6250000000
117003  -27.900  -5.063  47.942 0.6250000000
49337  -29.326  -5.582  45.617 0.6250000000
50253  -29.873  -4.877  45.618 0.6250000000
40095  -6.258  -16.059  53.379 0.2500000000
40098  -5.488  -16.594  53.306 0.2500000000
40096  -6.967  -16.040  52.800 0.2500000000
47448  -21.056  -8.709  45.434 0.5000000000
40105  -7.362  -16.694  51.433 0.2500000000
45628  -19.903  -9.695  46.102 0.2500000000
45646  -19.547  -10.116  45.934 0.2500000000
45629  -20.612  -9.674  45.709 0.2500000000
45664  -19.511  -10.490  45.193 0.2500000000
49302  -23.949  -5.984  47.237 0.5000000000
109273  -26.185  -5.348  48.342 0.6250000000
51202  -26.629  -4.533  48.263 0.6250000000
52209  -26.331  -3.703  47.805 0.6250000000
52202  -27.082  -4.003  48.016 0.6250000000
52221  -27.520  -3.446  46.751 0.6250000000
114336  -6.948  -15.447  53.117 0.2500000000
41866  -8.209  -14.471  51.119 0.2500000000
42741  -9.413  -12.830  47.438 0.2500000000
120176  -9.331  -13.167  46.795 0.1250000000
42744  -9.799  -12.858  46.460 0.1250000000
42749  -9.679  -13.258  45.851 0.1250000000
110666  -18.926  -10.296  45.688 0.2500000000
45679  -16.914  -9.825  44.330 0.2500000000
45662  -17.567  -10.063  45.059 0.2500000000
45696  -16.352  -9.789  42.836 0.2500000000
120118  -16.408  -9.749  43.717 0.2500000000
45680  -17.757  -10.113  44.083 0.2500000000
45663  -18.564  -10.391  44.848 0.2500000000
53209  -28.720  -3.466  46.947 0.6250000000
51223  -30.558  -3.916  45.407 0.6250000000
40965  -7.483  -15.167  52.557 0.2500000000
46599  -19.541  -9.233  46.386 0.3750000000
43607  -9.755  -12.161  47.940 0.2500000000
45627  -19.131  -9.602  46.451 0.3750000000
43610  -10.121  -12.161  47.123 0.1250000000
45645  -18.729  -9.903  46.297 0.3750000000
48379  -22.112  -7.460  45.232 0.5000000000
45661  -16.670  -9.733  45.212 0.2500000000
45626  -17.993  -9.651  46.487 0.3750000000
42759  -10.415  -12.497  45.073 0.1250000000
101959  -16.059  -9.697  44.408 0.2500000000
115178  -15.065  -9.929  43.193 0.2500000000
114773  -15.747  -9.781  43.533 0.2500000000
43672  -12.477  -11.353  41.049 0.1250000000
40966  -7.801  -14.330  52.216 0.2500000000
41861  -7.625  -13.953  52.500 0.2500000000
42717  -7.869  -13.619  52.166 0.2500000000
42716  -7.732  -13.446  52.772 0.2500000000
42750  -10.179  -12.743  45.771 0.1250000000
43613  -10.548  -12.211  46.329 0.1250000000
43614  -11.264  -11.440  46.239 0.1250000000
43623  -10.853  -12.118  45.694 0.1250000000
43624  -11.567  -11.315  45.614 0.1250000000
44608  -13.294  -10.201  45.349 0.1250000000
43636  -11.139  -11.883  45.012 0.1250000000
43637  -11.871  -11.141  44.934 0.1250000000
44620  -12.597  -10.623  44.940 0.1250000000
45659  -13.855  -10.074  44.786 0.2500000000
120649  -11.004  -12.148  43.636 0.1250000000
44632  -12.246  -10.990  44.165 0.1250000000
114789  -12.951  -10.626  43.840 0.1250000000
107750  -14.314  -9.967  44.329 0.2500000000
45678  -15.093  -9.751  44.208 0.2500000000
43659  -11.062  -12.260  42.872 0.1250000000
43660  -11.693  -11.673  42.499 0.1250000000
44641  -12.427  -11.054  43.132 0.1250000000
45676  -13.681  -10.317  43.948 0.1250000000
45677  -14.393  -10.079  43.585 0.2500000000
44653  -12.404  -11.219  42.159 0.1250000000
44633  -13.792  -10.408  43.060 0.1250000000
45695  -14.472  -10.249  42.700 0.1250000000
43670  -11.178  -12.348  41.990 0.1250000000
44654  -13.020  -10.899  41.646 0.1250000000
44643  -13.829  -10.558  42.188 0.1250000000
42799  -11.266  -12.448  41.127 0.1250000000
105289  -12.413  -11.294  41.585 0.1250000000
44598  -12.094  -10.692  46.174 0.2500000000
44599  -13.011  -10.139  46.079 0.2500000000
44621  -13.118  -10.444  44.540 0.2500000000
69855  -37.022  16.759  34.020 0.1250000000
69856  -38.475  16.160  33.441 0.1250000000
116547  -37.722  16.102  33.799 0.1250000000
68965  -38.125  15.291  33.623 0.1250000000
69854  -36.210  16.514  33.839 0.2500000000
68109  -38.635  14.610  33.171 0.1250000000
68964  -36.969  15.408  33.771 0.2500000000
103405  -38.171  13.965  32.943 0.1250000000
69853  -35.642  16.432  33.571 0.2500000000
118850  -36.388  14.831  33.603 0.2500000000
68108  -37.665  14.494  33.472 0.1250000000
67297  -37.671  13.530  32.513 0.1250000000
69852  -35.140  17.036  33.422 0.2500000000
69868  -35.332  15.822  33.182 0.2500000000
68963  -35.953  15.380  33.567 0.2500000000
68122  -36.343  13.776  33.099 0.2500000000
68123  -37.227  13.809  33.131 0.2500000000
70735  -34.483  17.520  33.290 0.2500000000
69867  -34.806  16.433  32.826 0.2500000000
68979  -34.944  15.239  32.668 0.2500000000
68980  -35.453  14.754  33.099 0.2500000000
67295  -35.845  13.292  32.585 0.2500000000
67296  -36.740  13.374  32.590 0.2500000000
67305  -36.158  13.031  32.038 0.2500000000
70734  -33.695  17.780  33.084 0.2500000000
69866  -34.154  17.091  32.457 0.2500000000
69880  -34.407  15.870  32.182 0.2500000000
68120  -34.977  14.159  32.653 0.2500000000
68121  -35.610  13.891  32.920 0.2500000000
67294  -35.080  13.338  32.450 0.2500000000
67304  -35.244  12.852  32.089 0.2500000000
66456  -34.615  12.599  31.472 0.2500000000
69879  -33.712  16.507  31.727 0.2500000000
68993  -33.885  15.288  31.604 0.2500000000
68994  -34.455  14.656  32.152 0.2500000000
68135  -34.422  13.572  32.178 0.2500000000
67303  -34.453  12.864  31.988 0.2500000000
66461  -34.070  12.248  30.862 0.2500000000
66460  -33.251  12.137  30.750 0.2500000000
69009  -33.317  14.753  31.037 0.2500000000
68134  -33.835  14.051  31.688 0.2500000000
67302  -33.777  13.057  31.721 0.2500000000
120032  -33.311  12.640  31.239 0.2500000000
66467  -32.592  12.103  30.219 0.2500000000
68146  -32.536  13.501  30.404 0.2500000000
68147  -33.156  13.458  31.139 0.2500000000
67313  -32.790  12.597  30.750 0.2500000000
68119  -28.204  14.847  33.148 0.2500000000
67293  -27.010  13.829  32.890 0.2500000000
68118  -27.517  14.343  32.768 0.2500000000
106157  -26.867  13.907  32.069 0.2500000000
66452  -25.984  13.094  32.762 0.3750000000
70719  -36.249  17.689  34.306 0.1250000000
70720  -37.041  17.905  34.372 0.1250000000
101551  -37.942  17.147  33.829 0.1250000000
70704  -35.615  18.477  34.849 0.1250000000
69857  -39.246  16.305  32.906 0.1250000000
68981  -39.690  15.529  32.577 0.1250000000
70718  -35.475  17.562  34.104 0.1250000000
70703  -35.075  18.337  34.781 0.1250000000
69881  -40.308  15.765  31.929 0.1250000000
114501  -39.335  14.832  32.774 0.1250000000
71621  -34.558  18.494  35.188 0.1250000000
68125  -39.841  14.869  32.229 0.1250000000
68124  -39.108  14.173  32.517 0.1250000000
71620  -33.760  18.354  35.076 0.1250000000
70716  -34.074  18.105  34.082 0.1250000000
70717  -34.757  17.877  34.163 0.1250000000
111107  -33.285  18.155  33.879 0.1250000000
68136  -38.856  13.818  31.803 0.1250000000
67306  -37.218  13.275  31.856 0.1250000000
69851  -30.555  16.730  34.081 0.1250000000
70713  -31.378  17.343  33.578 0.1250000000
67315  -35.552  12.813  31.264 0.1250000000
66462  -34.803  12.514  30.856 0.2500000000
67325  -35.361  12.891  30.246 0.2500000000
66470  -34.500  12.427  30.158 0.2500000000
66469  -33.623  12.034  30.117 0.2500000000
66468  -32.924  11.911  30.062 0.2500000000
69850  -29.904  16.226  33.545 0.1250000000
109755  -33.099  11.907  29.131 0.2500000000
68105  -27.850  14.479  33.657 0.1250000000
66451  -25.089  12.443  32.505 0.3750000000
106158  -26.684  13.492  33.307 0.2500000000
66447  -25.507  12.571  33.463 0.3750000000
65628  -24.369  11.774  32.680 0.3750000000
65625  -24.785  12.024  33.392 0.3750000000
63981  -22.356  10.023  33.106 0.3750000000
65627  -23.744  11.233  32.783 0.3750000000
63135  -21.187  9.207  32.773 0.5000000000
71611  -35.701  19.138  35.512 0.1250000000
111351  -38.777  16.972  33.260 0.1250000000
71610  -35.165  18.878  35.583 0.1250000000
120669  -39.871  18.102  32.699 0.1250000000
69869  -40.006  16.534  32.382 0.1250000000
118733  -34.159  18.746  36.039 0.1250000000
70736  -40.348  17.672  32.359 0.1250000000
69882  -40.786  16.738  31.842 0.1250000000
71609  -33.547  18.546  36.226 0.1250000000
70749  -41.739  17.895  31.628 0.1250000000
70762  -42.253  17.700  30.997 0.1250000000
70761  -41.642  16.924  31.288 0.1250000000
68996  -40.988  16.054  31.230 0.1250000000
70702  -32.746  18.171  36.397 0.1250000000
68995  -40.319  15.188  31.281 0.1250000000
108723  -39.581  14.392  31.743 0.1250000000
70690  -32.787  18.021  37.476 0.1250000000
69824  -31.689  17.082  38.035 0.1250000000
110616  -32.061  17.501  37.432 0.1250000000
70715  -32.785  18.137  35.002 0.1250000000
68150  -39.646  14.576  30.762 0.1250000000
68149  -38.811  14.106  30.918 0.1250000000
67318  -38.039  13.684  31.296 0.1250000000
67317  -37.163  13.566  30.796 0.1250000000
69810  -31.282  16.523  38.821 0.1250000000
70689  -31.973  17.609  36.554 0.1250000000
70701  -31.915  17.735  35.454 0.1250000000
70714  -31.908  17.707  34.451 0.1250000000
121006  -36.461  13.164  31.320 0.1250000000
67316  -36.265  13.281  30.427 0.1250000000
69823  -30.983  16.323  37.669 0.1250000000
117760  -30.743  16.565  36.021 0.1250000000
69843  -30.571  16.670  35.141 0.1250000000
70700  -31.196  17.255  34.711 0.1250000000
68939  -30.620  15.914  38.148 0.1250000000
68944  -30.330  15.849  37.269 0.1250000000
105479  -30.148  15.853  36.657 0.1250000000
69834  -30.109  16.067  35.856 0.1250000000
68074  -29.697  15.341  37.626 0.1250000000
68938  -30.068  15.628  37.478 0.1250000000
113455  -29.810  15.594  36.516 0.1250000000
68951  -29.466  15.506  35.263 0.1250000000
69842  -29.948  16.121  34.650 0.1250000000
67336  -35.027  13.054  29.321 0.2500000000
68065  -29.194  14.809  37.845 0.1250000000
68073  -29.047  14.838  37.068 0.1250000000
68082  -29.475  15.267  36.826 0.1250000000
68093  -29.179  15.219  35.884 0.1250000000
68950  -28.910  15.185  34.595 0.1250000000
68962  -29.374  15.651  34.084 0.1250000000
68081  -28.803  14.881  36.137 0.1250000000
68092  -28.631  14.849  35.139 0.1250000000
68961  -28.792  15.271  33.590 0.1250000000
111498  -27.953  13.846  36.609 0.1250000000
67267  -28.378  14.380  36.396 0.1250000000
67280  -28.181  14.419  35.435 0.1250000000
68091  -27.974  14.419  34.488 0.1250000000
66430  -27.346  13.294  36.304 0.1250000000
67266  -27.734  13.896  35.762 0.1250000000
67279  -27.526  13.932  34.783 0.1250000000
67287  -27.351  13.975  33.718 0.1250000000
67278  -26.867  13.471  34.182 0.1250000000
66448  -26.230  13.042  33.727 0.2500000000
106197  -23.046  10.626  32.785 0.3750000000
65624  -24.185  11.416  33.428 0.3750000000
63980  -21.828  9.446  33.325 0.5000000000
64794  -23.624  10.829  33.593 0.3750000000
63132  -21.329  8.820  33.613 0.5000000000
70705  -36.251  18.644  34.822 0.1250000000
71622  -37.828  18.499  34.117 0.1250000000
71581  -34.218  19.393  37.667 0.1250000000
109856  -34.699  19.033  36.326 0.1250000000
71641  -41.309  18.604  31.968 0.1250000000
69895  -42.217  16.739  30.322 0.1250000000
69905  -41.803  16.077  29.672 0.1250000000
70677  -33.298  18.344  38.083 0.1250000000
71595  -34.250  18.915  36.991 0.1250000000
72606  -42.757  19.387  30.711 0.1250000000
71642  -41.915  18.711  31.554 0.1250000000
69011  -41.059  15.634  30.505 0.1250000000
70676  -32.516  17.921  38.228 0.1250000000
71594  -33.648  18.578  37.464 0.1250000000
72607  -43.473  19.697  30.209 0.1250000000
71653  -43.202  18.678  30.363 0.1250000000
70772  -43.017  17.730  29.943 0.1250000000
70771  -42.686  17.042  29.675 0.1250000000
69023  -41.134  15.509  29.591 0.1250000000
69913  -41.422  15.806  28.829 0.1250000000
73610  -43.970  20.260  29.583 0.1250000000
71654  -43.753  19.062  29.886 0.1250000000
71666  -43.487  18.324  29.585 0.1250000000
69022  -40.408  14.973  29.186 0.1250000000
68176  -39.425  14.705  28.822 0.1250000000
70664  -31.276  17.442  39.467 0.1250000000
68163  -39.816  14.712  29.765 0.1250000000
68148  -38.010  14.054  30.257 0.1250000000
68924  -30.499  16.074  39.091 0.1250000000
67326  -36.502  14.049  28.567 0.1250000000
67327  -37.021  13.953  29.575 0.1250000000
68066  -29.637  15.482  38.335 0.1250000000
68930  -30.191  15.726  38.302 0.1250000000
113015  -35.631  13.621  28.448 0.1250000000
105371  -35.952  13.517  29.426 0.1250000000
67247  -28.641  14.296  38.216 0.1250000000
67345  -35.502  13.548  27.332 0.1250000000
112906  -34.756  13.107  28.365 0.1250000000
66401  -26.851  12.404  39.418 0.1250000000
67237  -28.058  14.045  38.742 0.1250000000
66495  -33.537  12.532  26.287 0.1250000000
67344  -34.582  13.071  27.533 0.1250000000
66476  -33.935  12.560  28.245 0.2500000000
109246  -26.810  11.861  38.976 0.1250000000
66402  -27.557  13.136  38.949 0.1250000000
67256  -28.493  14.146  37.389 0.1250000000
65596  -26.431  11.202  38.904 0.1250000000
66410  -27.099  12.467  38.459 0.1250000000
66419  -26.972  12.691  37.192 0.1250000000
66420  -27.755  13.410  37.277 0.1250000000
63947  -25.760  10.018  39.028 0.1250000000
64770  -25.866  10.569  38.133 0.1250000000
65597  -26.500  11.974  37.921 0.1250000000
66428  -26.100  12.636  35.159 0.2500000000
65605  -25.994  11.321  37.428 0.1250000000
66429  -26.606  12.710  35.996 0.1250000000
106911  -26.913  13.333  35.220 0.1250000000
66440  -26.377  13.046  34.491 0.1250000000
66439  -25.808  12.619  34.286 0.2500000000
64792  -24.405  11.023  34.555 0.3750000000
65620  -25.161  12.115  34.153 0.3750000000
120974  -24.105  11.044  34.048 0.3750000000
64791  -23.787  10.434  34.601 0.3750000000
63976  -22.021  9.101  34.069 0.3750000000
64790  -22.975  10.146  33.872 0.3750000000
70706  -36.934  18.778  34.689 0.1250000000
71612  -36.293  19.400  35.116 0.1250000000
70721  -38.725  17.905  33.443 0.1250000000
71596  -35.285  19.480  36.307 0.1250000000
71624  -39.425  18.444  33.028 0.1250000000
71582  -34.701  19.588  36.998 0.1250000000
115020  -40.762  18.424  32.240 0.1250000000
72589  -41.972  19.596  31.197 0.1250000000
69906  -42.325  16.541  29.483 0.1250000000
69914  -42.025  16.366  28.871 0.1250000000
73609  -43.227  20.463  29.938 0.1250000000
73601  -42.602  20.064  30.582 0.1250000000
70782  -43.106  17.530  29.219 0.1250000000
70795  -42.864  17.622  28.556 0.1250000000
69924  -41.391  16.367  28.310 0.1250000000
70665  -31.886  17.572  38.930 0.1250000000
73619  -44.273  20.709  28.960 0.1250000000
72638  -44.294  20.126  28.426 0.1250000000
72627  -43.979  19.120  28.541 0.1250000000
72637  -43.612  19.388  27.806 0.1250000000
69034  -40.865  15.347  28.750 0.1250000000
73630  -44.318  21.119  28.297 0.1250000000
73629  -44.183  20.449  27.821 0.1250000000
73639  -43.775  20.669  27.168 0.1250000000
69923  -40.746  15.677  28.173 0.1250000000
69033  -40.244  15.057  28.321 0.1250000000
74431  -44.446  21.947  27.980 0.1250000000
68174  -37.087  14.309  27.750 0.1250000000
68160  -37.302  14.321  28.559 0.1250000000
68923  -29.699  16.026  39.144 0.1250000000
68183  -37.666  14.471  26.913 0.1250000000
68060  -29.273  15.689  38.850 0.1250000000
67346  -36.489  13.865  26.632 0.1250000000
67354  -36.784  13.762  25.797 0.1250000000
67352  -34.992  13.223  26.573 0.1250000000
66496  -34.473  12.946  25.872 0.1250000000
66511  -33.859  12.548  25.259 0.1250000000
63946  -25.719  9.720  40.223 0.1250000000
120128  -26.189  10.583  39.437 0.1250000000
66510  -32.878  12.112  25.943 0.1250000000
63094  -25.038  9.001  39.570 0.1250000000
63959  -25.167  9.378  38.523 0.1250000000
62182  -24.042  7.899  39.674 0.1250000000
64778  -25.419  10.749  36.858 0.2500000000
65613  -25.650  11.891  35.610 0.2500000000
63108  -24.428  8.733  37.866 0.1250000000
64777  -25.194  9.922  37.420 0.2500000000
103073  -25.640  11.425  36.423 0.2500000000
63119  -23.695  8.524  37.054 0.1250000000
63967  -23.987  9.025  36.759 0.1250000000
64784  -24.754  10.365  36.226 0.2500000000
64785  -25.155  11.078  35.840 0.2500000000
102899  -25.523  12.173  34.805 0.2500000000
63118  -23.080  8.056  37.012 0.1250000000
109427  -23.678  9.400  35.900 0.3750000000
63974  -24.072  10.068  35.607 0.2500000000
103243  -24.529  10.721  35.262 0.2500000000
65619  -24.994  11.501  34.881 0.2500000000
63125  -22.558  8.620  35.564 0.3750000000
63973  -23.532  9.782  35.198 0.2500000000
107996  -21.837  7.610  36.110 0.3750000000
63130  -22.263  8.858  34.866 0.3750000000
63978  -23.189  9.799  34.664 0.3750000000
62214  -21.204  7.439  35.454 0.3750000000
63124  -21.825  8.198  35.373 0.3750000000
63977  -22.631  9.466  34.424 0.3750000000
63129  -21.549  8.507  34.464 0.5000000000
71623  -38.734  18.906  33.535 0.1250000000
71613  -37.235  19.363  34.584 0.1250000000
72561  -39.380  19.249  32.959 0.1250000000
71633  -40.656  19.186  32.206 0.1250000000
71580  -33.441  19.482  38.218 0.1250000000
71568  -32.036  18.776  38.847 0.1250000000
71579  -32.827  18.868  38.482 0.1250000000
107559  -42.463  17.959  27.984 0.1250000000
70794  -42.096  17.069  28.303 0.1250000000
70793  -41.187  17.104  27.820 0.1250000000
71558  -31.313  18.451  39.388 0.1250000000
110047  -43.290  21.248  29.082 0.1250000000
72648  -42.582  19.355  27.169 0.1250000000
72636  -42.796  18.683  27.692 0.1250000000
70792  -40.745  16.401  27.858 0.1250000000
69922  -40.067  16.012  27.727 0.1250000000
69798  -29.696  16.732  39.832 0.1250000000
73638  -42.935  20.106  26.839 0.1250000000
69042  -40.031  15.308  27.857 0.1250000000
69041  -39.265  15.514  27.452 0.1250000000
115242  -38.733  14.713  28.109 0.1250000000
68922  -28.876  16.166  39.145 0.1250000000
69932  -38.771  16.287  27.034 0.1250000000
68184  -38.514  14.884  27.320 0.1250000000
68059  -28.711  15.435  38.914 0.1250000000
68915  -28.336  15.713  38.945 0.1250000000
69050  -38.377  15.408  26.850 0.1250000000
68052  -27.984  14.857  39.022 0.1250000000
67227  -27.499  13.857  39.334 0.1250000000
67226  -26.829  13.620  39.598 0.1250000000
68192  -37.252  14.549  25.681 0.1250000000
68187  -37.176  14.157  26.159 0.1250000000
65584  -26.346  12.104  39.976 0.1250000000
65583  -26.034  11.555  40.351 0.1250000000
64761  -26.269  11.001  40.173 0.1250000000
65591  -26.448  11.649  39.739 0.1250000000
63935  -26.082  10.378  40.406 0.1250000000
71597  -35.776  19.621  35.874 0.1250000000
106874  -38.046  19.917  33.737 0.1250000000
71614  -38.030  19.429  33.971 0.1250000000
72560  -38.640  19.592  33.341 0.1250000000
72533  -35.265  20.024  36.665 0.1250000000
72573  -39.915  19.495  32.429 0.1250000000
72517  -33.815  20.268  37.853 0.1250000000
72587  -40.343  19.727  31.948 0.1250000000
101370  -41.039  19.917  31.391 0.1250000000
72605  -41.626  20.150  30.697 0.1250000000
71690  -41.994  18.465  27.459 0.1250000000
71689  -41.753  17.709  27.767 0.1250000000
71557  -30.472  19.124  39.377 0.1250000000
104499  -42.974  20.897  29.492 0.1250000000
101788  -41.459  19.056  26.817 0.1250000000
70791  -40.045  17.144  27.441 0.1250000000
70654  -29.661  17.753  39.851 0.1250000000
74421  -44.028  21.422  28.654 0.1250000000
102370  -43.008  20.668  26.123 0.1250000000
118124  -40.966  18.100  27.275 0.1250000000
68914  -27.763  15.366  38.947 0.1250000000
110807  -39.146  16.960  27.147 0.1250000000
68051  -27.216  14.478  39.326 0.1250000000
70804  -38.515  17.109  26.658 0.1250000000
65582  -25.615  11.767  40.359 0.1250000000
66390  -25.999  12.358  40.048 0.1250000000
69049  -37.698  15.253  26.199 0.1250000000
70814  -37.718  17.324  25.982 0.1250000000
72549  -36.673  19.885  34.885 0.1250000000
72550  -37.481  19.951  34.302 0.1250000000
73544  -35.863  20.267  35.805 0.1250000000
72518  -34.312  20.307  37.398 0.1250000000
72504  -32.816  20.586  37.734 0.1250000000
71569  -31.883  20.175  38.391 0.1250000000
73628  -42.808  21.583  28.542 0.1250000000
73617  -42.282  21.093  29.087 0.1250000000
71556  -29.686  18.856  39.382 0.1250000000
74430  -43.474  22.122  28.147 0.1250000000
70652  -28.571  17.290  39.177 0.1250000000
71713  -40.492  18.883  26.427 0.1250000000
71703  -39.885  18.205  26.784 0.1250000000
68050  -26.497  14.144  39.461 0.1250000000
68058  -26.961  14.933  39.094 0.1250000000
71711  -38.798  18.568  25.687 0.1250000000
64760  -25.120  11.334  40.564 0.1250000000
114196  -38.257  4.512  26.632 0.5000000000
73560  -36.881  20.274  34.432 0.1250000000
72519  -34.818  20.491  36.854 0.1250000000
114949  -34.182  20.833  36.807 0.1250000000
73607  -41.113  20.400  29.985 0.1250000000
71567  -29.872  19.597  38.783 0.1250000000
73627  -41.432  21.109  28.181 0.1250000000
73616  -40.977  20.648  28.959 0.1250000000
70663  -28.672  17.850  38.913 0.1250000000
71555  -29.127  18.162  39.357 0.1250000000
74429  -41.818  21.779  27.766 0.1250000000
69809  -27.939  16.980  38.706 0.1250000000
67224  -25.751  12.990  39.693 0.1250000000
66389  -25.513  12.506  39.872 0.1250000000
67235  -25.180  13.169  39.075 0.1250000000
66400  -24.851  12.268  39.524 0.1250000000
65590  -24.237  11.514  39.289 0.1250000000
64758  -23.441  10.309  39.513 0.1250000000
63944  -23.064  9.772  39.886 0.1250000000
63958  -22.613  9.915  38.772 0.1250000000
63931  -22.397  9.195  40.107 0.1250000000
63080  -21.477  8.428  40.203 0.1250000000
71566  -29.062  18.711  38.587 0.1250000000
75151  -42.192  22.581  27.467 0.1250000000
62170  -20.896  7.820  40.949 0.1250000000
63092  -21.317  8.824  38.911 0.1250000000
119815  -26.101  12.344  35.807 0.2500000000
52211  -28.432  -3.818  47.316 0.6250000000
51207  -28.040  -4.106  47.733 0.6250000000
53214  -28.471  -3.190  46.586 0.6250000000
67292  -26.558  13.553  32.596 0.2500000000
62202  -22.374  7.690  36.666 0.2500000000
105787  -23.805  8.254  37.710 0.1250000000
64750  -25.722  10.907  40.749 0.1250000000
43611  -10.906  -11.454  46.947 0.1250000000
42737  -9.001  -13.274  48.146 0.2500000000
115382  -15.642  -9.599  45.313 0.2500000000
45644  -17.378  -9.765  45.936 0.2500000000
115326  -28.169  -3.550  47.059 0.6250000000
50221  -24.329  -5.460  48.078 0.6250000000
50220  -23.823  -5.150  47.902 0.6250000000
52200  -25.024  -4.059  48.246 0.7500000000
41862  -8.112  -14.073  51.504 0.2500000000
52201  -25.943  -3.963  48.182 0.7500000000
105739  -21.966  -9.033  45.337 0.3750000000
52210  -27.510  -3.757  47.482 0.6250000000
41885  -8.979  -13.417  47.212 0.1250000000
41896  -9.337  -13.716  45.894 0.1250000000
42758  -9.839  -13.039  45.202 0.1250000000
107777  -18.213  -10.126  45.794 0.2500000000
118638  -15.625  -9.887  42.783 0.2500000000
106551  -10.735  -12.325  44.299 0.1250000000
105956  -15.151  -10.110  42.336 0.1250000000
44607  -12.407  -10.629  45.529 0.1250000000
43648  -11.411  -11.685  44.262 0.1250000000
43649  -11.597  -11.614  43.419 0.1250000000
117720  -13.213  -10.601  43.322 0.1250000000
44642  -13.127  -10.749  42.586 0.1250000000
43671  -11.842  -11.736  41.561 0.1250000000
67314  -33.865  12.480  31.417 0.2500000000
67335  -34.156  12.398  29.258 0.2500000000
106906  -24.576  11.535  34.076 0.3750000000
104906  -22.363  9.642  33.769 0.3750000000
69836  -31.314  16.884  36.842 0.1250000000
70688  -31.249  17.111  35.747 0.1250000000
71678  -43.993  19.003  29.276 0.1250000000
68162  -38.963  14.449  29.915 0.1250000000
69799  -30.607  16.964  39.741 0.1250000000
68161  -38.170  14.439  29.012 0.1250000000
67337  -36.319  13.997  27.623 0.1250000000
67238  -28.522  14.710  38.749 0.1250000000
67353  -36.052  13.536  26.122 0.1250000000
66411  -27.526  13.006  38.029 0.1250000000
66484  -33.884  12.740  27.116 0.1250000000
65606  -26.160  12.074  36.590 0.1250000000
73608  -42.125  20.588  29.884 0.1250000000
71691  -43.222  18.463  28.196 0.1250000000
117977  -43.486  19.951  27.323 0.1250000000
102832  -44.373  21.373  27.715 0.1250000000
69032  -39.454  14.957  27.889 0.1250000000
68175  -37.928  14.527  27.897 0.1250000000
68182  -36.958  14.178  26.988 0.1250000000
67356  -35.641  13.245  25.432 0.1250000000
63107  -24.321  8.339  38.870 0.1250000000
103034  -24.617  9.309  37.342 0.1250000000
63968  -24.372  9.661  36.496 0.2500000000
63126  -23.218  8.685  36.205 0.3750000000
62215  -22.477  8.148  36.147 0.3750000000
63972  -22.999  9.230  35.260 0.3750000000
69921  -39.442  16.383  27.393 0.1250000000
69797  -28.973  16.779  39.610 0.1250000000
69796  -28.525  16.780  39.133 0.1250000000
69931  -38.037  16.278  26.461 0.1250000000
68921  -28.274  16.131  38.925 0.1250000000
68188  -37.584  14.597  26.292 0.1250000000
67225  -26.208  13.254  39.665 0.1250000000
69058  -37.124  15.436  25.685 0.1250000000
68920  -27.495  15.773  38.742 0.1250000000
70815  -38.528  17.906  26.200 0.1250000000
70805  -39.187  17.638  26.800 0.1250000000
68057  -26.102  14.619  38.912 0.1250000000
67236  -25.816  13.750  39.380 0.1250000000
68056  -25.366  14.028  38.460 0.1250000000
117575  -32.964  -1.808  38.272 0.3750000000
54207  -32.953  -1.736  37.470 0.3750000000
53301  -32.442  -2.312  37.239 0.3750000000
54213  -32.623  -1.956  36.561 0.3750000000
45812  -3.406  -9.539  35.161 0.3750000000
48460  -1.473  -8.022  38.219 0.5000000000
49407  -1.486  -7.069  38.297 0.5000000000
46661  -1.878  -9.060  37.845 0.3750000000
55090  -31.981  -0.595  36.094 0.3750000000
55912  -32.891  0.172  37.708 0.3750000000
49422  -1.522  -6.642  37.291 0.3750000000
47505  -1.599  -8.470  37.652 0.3750000000
46675  -2.311  -9.198  36.998 0.3750000000
45779  -3.549  -9.591  36.674 0.2500000000
55097  -31.496  -0.939  35.357 0.2500000000
55084  -32.460  -0.197  36.860 0.3750000000
49434  -1.609  -6.307  36.307 0.3750000000
48478  -1.499  -7.303  36.640 0.3750000000
46674  -1.799  -8.729  36.760 0.3750000000
45796  -3.509  -9.598  35.991 0.3750000000
48485  -1.464  -7.062  35.571 0.3750000000
47511  -1.531  -8.027  36.140 0.3750000000
46687  -1.770  -8.658  35.749 0.3750000000
46699  -2.730  -9.325  35.629 0.3750000000
47516  -1.485  -7.999  35.228 0.3750000000
46697  -1.731  -8.580  35.024 0.3750000000
55917  -31.488  0.424  36.384 0.3750000000
105461  -1.664  -5.591  36.974 0.3750000000
55925  -31.080  0.152  35.590 0.2500000000
50414  -2.934  -5.418  35.333 0.5000000000
50413  -2.206  -5.398  35.393 0.3750000000
50383  -1.880  -5.382  36.096 0.3750000000
48492  -1.437  -7.268  34.610 0.3750000000
49445  -3.511  -6.028  34.770 0.3750000000
56717  -30.984  1.287  36.784 0.2500000000
55096  -30.794  -0.099  34.797 0.2500000000
55924  -30.492  0.873  35.114 0.2500000000
55105  -30.608  -0.270  34.014 0.1250000000
55938  -30.424  0.677  34.180 0.2500000000
55969  -33.976  1.205  31.915 0.2500000000
104888  -34.380  0.742  31.428 0.2500000000
55148  -35.071  0.229  31.022 0.2500000000
108455  -35.894  -0.735  30.499 0.2500000000
55214  -40.968  0.505  27.156 0.2500000000
56015  -41.197  0.536  27.934 0.2500000000
56855  -41.618  1.087  27.265 0.3750000000
56025  -41.683  0.976  28.227 0.3750000000
56856  -42.254  1.690  27.738 0.5000000000
55226  -41.078  0.608  25.556 0.2500000000
56034  -41.324  0.833  26.399 0.3750000000
110926  -42.182  1.646  26.896 0.5000000000
57727  -42.719  2.159  26.970 0.5000000000
56048  -41.786  1.215  25.547 0.3750000000
56871  -42.484  1.866  26.087 0.5000000000
56885  -43.072  2.225  25.460 0.5000000000
56054  -41.910  1.273  24.578 0.1250000000
56884  -42.517  1.749  25.056 0.5000000000
56897  -43.205  2.202  24.702 0.3750000000
57753  -43.805  2.612  25.253 0.5000000000
104073  -45.481  3.571  22.307 0.1250000000
58747  -46.124  3.979  22.656 0.2500000000
60551  -47.665  5.486  22.848 0.2500000000
56857  -42.833  2.314  27.685 0.5000000000
57729  -43.927  3.122  27.628 0.5000000000
57728  -43.339  2.671  27.214 0.5000000000
57741  -44.001  3.034  26.709 0.5000000000
58702  -45.224  3.941  26.600 0.5000000000
57740  -43.377  2.513  26.220 0.5000000000
100818  -44.118  2.919  25.930 0.5000000000
57754  -44.659  3.137  25.256 0.5000000000
58712  -45.273  3.771  25.653 0.5000000000
58703  -45.869  4.303  26.037 0.6250000000
106937  -46.544  4.656  25.509 0.3750000000
56907  -42.485  1.594  23.216 0.1250000000
56898  -43.485  2.237  23.988 0.1250000000
57766  -43.813  2.490  24.494 0.3750000000
107572  -44.317  2.773  24.663 0.3750000000
58723  -45.427  3.588  24.727 0.3750000000
59639  -46.648  4.564  24.597 0.3750000000
59640  -47.199  5.082  25.009 0.3750000000
56908  -43.158  2.040  23.371 0.1250000000
56909  -43.782  2.373  23.445 0.2500000000
57776  -44.339  2.623  23.117 0.2500000000
58735  -45.565  3.468  23.870 0.3750000000
59649  -47.298  4.988  24.100 0.3750000000
56918  -43.369  2.296  22.231 0.1250000000
57787  -44.155  2.720  22.312 0.1250000000
57788  -44.939  3.041  22.707 0.2500000000
58746  -45.576  3.467  23.073 0.2500000000
59657  -46.719  4.461  23.006 0.2500000000
59658  -47.271  4.977  23.316 0.2500000000
60536  -47.872  5.549  23.608 0.3750000000
61444  -48.764  6.412  23.865 0.3750000000
57798  -43.629  2.674  21.674 0.1250000000
59670  -47.150  4.963  22.612 0.2500000000
60537  -48.180  6.032  23.003 0.2500000000
61445  -49.213  6.873  23.668 0.3750000000
108885  -48.684  6.499  23.250 0.2500000000
71756  -49.442  19.809  19.948 0.3750000000
50384  -2.185  -4.846  36.142 0.5000000000
55077  -33.219  -0.372  38.368 0.5000000000
55911  -31.935  0.686  37.214 0.3750000000
58711  -44.628  3.400  26.207 0.5000000000
60525  -47.812  5.503  24.506 0.3750000000
60526  -48.327  5.954  24.101 0.3750000000
113276  -49.518  7.613  22.779 0.3750000000
53283  -32.773  -2.124  38.786 0.3750000000
56744  -30.459  1.498  34.611 0.2500000000
121217  -35.674  -0.287  30.907 0.2500000000
61463  -49.086  7.014  22.987 0.2500000000
54212  -32.225  -1.562  35.965 0.2500000000
47498  -1.554  -8.768  38.588 0.5000000000
48471  -1.502  -7.622  37.525 0.3750000000
115204  -1.566  -8.073  36.952 0.3750000000
46688  -2.216  -9.091  36.117 0.3750000000
46689  -2.853  -9.400  36.420 0.3750000000
55106  -31.106  -1.133  34.564 0.1250000000
50412  -1.715  -6.047  35.413 0.3750000000
56762  -30.509  1.336  33.734 0.2500000000
56035  -41.886  1.323  26.440 0.3750000000
56896  -42.665  1.740  24.078 0.2500000000
58736  -46.156  3.972  23.422 0.3750000000
58713  -45.962  4.172  25.107 0.3750000000
57767  -44.270  2.611  23.925 0.3750000000
57768  -44.925  3.034  24.318 0.3750000000
58724  -46.090  4.041  24.226 0.3750000000
56919  -43.635  2.324  22.859 0.1250000000
57777  -44.995  2.969  23.496 0.2500000000
59648  -46.729  4.489  23.758 0.3750000000
116388  -48.358  6.103  23.530 0.3750000000
39223  -0.605  -18.238  50.937 0.1250000000
39213  -1.044  -17.715  51.827 0.1250000000
39214  -2.946  -18.057  52.051 0.1250000000
39233  0.025  -17.604  49.391 0.1250000000
40118  -0.119  -16.491  49.554 0.1250000000
116619  -2.285  -18.038  53.022 0.1250000000
39215  -3.903  -17.796  51.980 0.1250000000
39207  -5.424  -17.315  52.752 0.1250000000
40139  -0.498  -16.085  47.581 0.1250000000
41001  -0.938  -15.257  47.898 0.1250000000
39217  -6.700  -17.203  51.567 0.1250000000
106076  -1.302  -15.438  47.111 0.1250000000
41886  -2.053  -15.280  46.644 0.1250000000
106363  -7.648  -16.626  50.748 0.1250000000
105140  -2.061  -15.494  45.629 0.1250000000
41894  -2.751  -15.083  45.183 0.1250000000
41902  -2.797  -15.164  44.443 0.1250000000
41912  -2.411  -15.470  43.747 0.1250000000
41913  -3.377  -14.852  43.698 0.1250000000
42768  -4.248  -14.040  44.025 0.1250000000
102178  -2.752  -15.255  42.888 0.1250000000
41926  -3.535  -14.784  42.835 0.1250000000
41927  -4.111  -14.411  42.241 0.1250000000
41939  -2.755  -15.132  41.676 0.1250000000
41940  -3.541  -14.798  41.576 0.1250000000
41941  -4.336  -14.361  41.440 0.1250000000
40112  -0.157  -16.615  50.780 0.1250000000
40103  -0.570  -16.843  51.726 0.1250000000
40097  -1.222  -16.990  53.200 0.1250000000
39199  -2.340  -16.900  53.256 0.1250000000
40989  -0.734  -15.349  49.018 0.1250000000
115553  -0.908  -17.292  52.714 0.1250000000
39205  -3.243  -17.748  53.038 0.1250000000
39206  -4.419  -17.612  52.992 0.1250000000
41881  -1.819  -14.896  47.596 0.1250000000
41895  -3.442  -14.584  45.595 0.1250000000
41887  -2.856  -14.976  46.122 0.1250000000
39218  -7.108  -17.150  50.665 0.1250000000
42757  -4.514  -13.596  44.811 0.1250000000
40120  -7.942  -15.942  49.674 0.1250000000
41914  -4.191  -14.266  43.164 0.1250000000
103940  -4.805  -13.269  44.190 0.1250000000
42795  -4.931  -13.747  41.795 0.1250000000
42770  -5.331  -12.800  43.046 0.1250000000
42796  -5.626  -12.984  41.407 0.1250000000
41097  -2.445  -15.561  40.473 0.1250000000
103185  -2.997  -15.197  41.023 0.1250000000
41952  -3.948  -14.752  40.835 0.1250000000
41953  -4.989  -13.928  40.721 0.1250000000
42819  -5.596  -13.439  39.831 0.1250000000
41951  -3.314  -15.099  40.053 0.1250000000
120025  -4.267  -14.584  40.130 0.1250000000
105306  -4.917  -14.214  39.647 0.1250000000
42808  -5.862  -12.878  40.575 0.1250000000
41965  -4.046  -14.697  39.371 0.1250000000
41966  -5.498  -13.808  38.957 0.1250000000
43702  -6.073  -13.032  39.164 0.1250000000
43691  -6.135  -12.623  39.860 0.1250000000
41978  -3.883  -14.770  38.534 0.1250000000
41979  -4.761  -14.417  38.777 0.1250000000
42830  -6.079  -13.298  38.251 0.1250000000
41980  -5.338  -14.126  37.995 0.1250000000
40972  -0.433  -15.906  51.350 0.1250000000
39200  -3.061  -17.037  53.216 0.1250000000
39202  -4.822  -17.047  53.177 0.1250000000
40978  -0.483  -15.493  50.191 0.1250000000
107531  -0.914  -14.665  50.314 0.1250000000
40099  -6.243  -16.716  52.951 0.1250000000
41876  -1.548  -14.694  48.527 0.1250000000
39208  -6.209  -17.105  52.261 0.1250000000
41882  -2.900  -14.553  47.185 0.1250000000
41877  -2.428  -14.210  48.152 0.1250000000
42747  -4.136  -13.933  45.561 0.1250000000
42769  -4.784  -13.455  43.490 0.1250000000
42783  -5.455  -12.939  42.243 0.1250000000
115034  -2.475  -15.480  39.548 0.1250000000
41110  -2.436  -15.420  38.744 0.1250000000
41964  -3.159  -15.091  39.073 0.1250000000
43703  -6.355  -12.432  38.655 0.1250000000
103656  -4.531  -14.561  38.050 0.1250000000
41995  -4.715  -14.465  37.237 0.1250000000
41996  -5.384  -14.058  37.171 0.1250000000
114777  -0.645  -15.106  50.933 0.1250000000
108548  -0.743  -15.237  51.774 0.1250000000
40091  -1.878  -16.382  53.308 0.1250000000
40093  -3.724  -16.382  53.354 0.1250000000
42730  -1.495  -13.931  50.073 0.1250000000
41873  -2.021  -14.014  49.051 0.1250000000
108131  -3.707  -14.157  46.417 0.1250000000
41883  -3.673  -13.797  47.224 0.1250000000
42748  -4.772  -13.084  45.553 0.1250000000
43646  -5.233  -12.655  43.846 0.1250000000
105348  -5.917  -12.251  41.892 0.1250000000
43658  -5.808  -12.089  42.597 0.1250000000
43669  -6.119  -12.005  41.147 0.1250000000
43681  -6.314  -11.819  39.805 0.1250000000
41977  -3.078  -15.091  38.250 0.1250000000
43692  -6.336  -12.297  39.305 0.1250000000
42840  -5.866  -13.599  37.413 0.1250000000
43713  -6.394  -12.486  37.893 0.1250000000
41994  -3.776  -14.808  37.640 0.1250000000
42853  -6.204  -13.156  36.835 0.1250000000
43724  -6.391  -12.463  37.103 0.1250000000
42012  -5.179  -14.166  36.525 0.1250000000
102267  -5.592  -13.761  35.965 0.1250000000
42863  -6.046  -13.283  36.187 0.1250000000
41856  -1.791  -14.761  53.089 0.1250000000
40092  -2.794  -16.297  53.354 0.1250000000
40094  -4.655  -16.444  53.365 0.1250000000
41865  -0.875  -14.599  52.016 0.1250000000
42735  -2.818  -13.456  48.624 0.1250000000
42742  -4.404  -13.378  46.255 0.1250000000
43634  -5.126  -12.607  44.768 0.1250000000
43680  -6.212  -12.161  40.387 0.1250000000
44682  -6.386  -11.834  38.233 0.1250000000
41137  -2.539  -15.271  37.006 0.1250000000
41993  -2.961  -15.059  37.558 0.1250000000
114522  -3.269  -14.866  36.925 0.1250000000
119056  -4.018  -14.691  36.889 0.1250000000
42719  -1.296  -14.263  52.522 0.1250000000
109293  -1.242  -13.592  51.031 0.1250000000
42731  -2.354  -13.173  49.481 0.1250000000
42736  -3.532  -12.932  48.363 0.1250000000
45606  -3.354  -10.659  47.388 0.1250000000
45607  -4.062  -10.740  46.852 0.1250000000
43621  -5.095  -12.176  45.671 0.1250000000
42740  -4.548  -12.751  46.845 0.1250000000
45620  -4.346  -10.622  46.092 0.1250000000
44605  -4.965  -11.275  45.799 0.1250000000
43622  -5.296  -11.579  44.985 0.1250000000
44606  -5.160  -10.937  45.071 0.1250000000
43635  -5.487  -11.831  44.170 0.1250000000
48367  -24.772  -7.910  47.090 0.2500000000
114923  -5.631  -11.283  43.637 0.1250000000
116291  -25.199  -8.165  47.376 0.1250000000
48352  -25.524  -7.742  47.592 0.1250000000
44640  -6.023  -11.350  41.985 0.1250000000
46592  -26.103  -9.893  47.042 0.1250000000
44663  -6.183  -11.412  40.477 0.1250000000
44693  -6.359  -11.757  37.537 0.1250000000
43736  -6.323  -12.518  36.148 0.1250000000
43598  -1.324  -12.877  50.935 0.1250000000
42724  -0.930  -13.925  51.846 0.1250000000
42727  -1.749  -13.195  50.319 0.1250000000
42739  -4.118  -13.036  47.646 0.1250000000
42743  -4.794  -12.670  46.182 0.1250000000
45639  -3.560  -10.276  45.786 0.1250000000
45640  -4.784  -10.711  45.414 0.1250000000
45637  -1.889  -9.918  45.645 0.2500000000
45638  -2.574  -10.245  45.869 0.2500000000
45657  -3.883  -9.964  44.412 0.1250000000
44619  -5.427  -10.893  44.306 0.1250000000
103554  -2.460  -9.757  45.024 0.2500000000
110009  -3.251  -10.016  45.151 0.1250000000
45674  -4.840  -10.206  43.880 0.1250000000
45675  -5.448  -10.652  43.365 0.1250000000
44631  -5.774  -11.267  42.918 0.1250000000
47430  -26.300  -8.139  47.629 0.1250000000
109450  -3.063  -9.717  43.804 0.1250000000
45673  -3.961  -9.770  43.462 0.1250000000
45693  -4.853  -10.005  42.891 0.1250000000
45694  -5.565  -10.610  42.463 0.1250000000
45707  -5.654  -10.574  41.543 0.1250000000
44652  -6.087  -11.113  41.161 0.1250000000
47438  -27.436  -8.281  46.595 0.1250000000
45721  -5.706  -10.564  40.557 0.1250000000
44673  -6.295  -11.549  38.972 0.1250000000
48335  -26.047  -7.368  47.856 0.1250000000
46612  -1.879  -9.436  44.732 0.2500000000
48336  -26.884  -7.370  47.823 0.1250000000
48338  -28.071  -6.280  47.505 0.1250000000
45655  -2.341  -9.587  44.037 0.1250000000
48353  -27.656  -7.462  47.077 0.1250000000
48354  -28.059  -6.802  47.147 0.1250000000
118758  -2.567  -9.595  43.476 0.1250000000
102080  -4.230  -9.873  42.233 0.1250000000
111443  -27.828  -7.404  46.758 0.1250000000
45706  -4.998  -10.111  41.957 0.1250000000
45720  -5.001  -9.978  41.047 0.1250000000
47444  -27.749  -7.894  46.230 0.1250000000
44672  -6.066  -11.014  39.753 0.1250000000
46610  -27.518  -8.478  45.205 0.1250000000
47450  -27.546  -8.516  45.597 0.1250000000
45735  -5.539  -10.434  39.730 0.1250000000
45750  -5.736  -10.634  38.911 0.1250000000
44681  -6.099  -11.130  38.074 0.1250000000
49286  -27.426  -6.598  47.947 0.1250000000
46620  -1.820  -9.285  43.736 0.2500000000
108038  -1.761  -9.215  42.985 0.2500000000
45672  -2.982  -9.628  43.012 0.1250000000
45691  -3.200  -9.713  42.114 0.1250000000
48368  -28.143  -6.919  46.627 0.2500000000
48369  -28.337  -6.670  46.260 0.2500000000
45671  -2.162  -9.489  43.112 0.2500000000
46626  -1.868  -9.369  42.298 0.2500000000
45705  -4.056  -9.829  41.513 0.1250000000
47445  -27.994  -7.454  45.999 0.1250000000
47451  -27.831  -7.840  45.482 0.2500000000
45734  -4.953  -10.050  39.259 0.1250000000
44692  -6.096  -11.122  37.177 0.1250000000
120523  -6.038  -11.143  36.473 0.1250000000
44720  -6.200  -11.578  35.878 0.1250000000
44719  -5.945  -11.170  35.045 0.1250000000
44739  -5.964  -11.646  34.041 0.1250000000
44759  -5.644  -11.617  33.157 0.1250000000
43773  -5.436  -11.946  32.504 0.1250000000
44779  -4.929  -11.329  31.850 0.1250000000
44780  -5.253  -11.123  32.601 0.1250000000
48380  -28.839  -6.211  45.517 0.5000000000
49359  -29.563  -5.838  44.103 0.3750000000
48391  -28.917  -6.404  44.378 0.5000000000
46632  -2.298  -9.570  41.737 0.2500000000
45704  -2.978  -9.659  41.200 0.1250000000
106615  -28.929  -6.590  43.589 0.2500000000
48390  -28.591  -6.715  44.975 0.1250000000
46625  -1.538  -8.947  42.585 0.2500000000
46630  -1.547  -9.042  41.819 0.2500000000
120506  -1.848  -9.352  41.546 0.2500000000
45719  -3.828  -9.739  40.527 0.1250000000
45749  -4.937  -10.099  38.443 0.1250000000
45767  -5.682  -10.654  37.527 0.1250000000
44705  -5.700  -10.849  35.883 0.1250000000
45828  -5.443  -10.947  33.398 0.1250000000
111183  -4.927  -10.478  32.864 0.1250000000
44798  -4.382  -11.697  31.203 0.1250000000
103144  -4.291  -10.734  31.118 0.1250000000
101726  -4.613  -10.376  31.978 0.1250000000
45847  -3.944  -9.833  31.091 0.1250000000
48381  -29.182  -5.969  44.958 0.5000000000
49349  -30.168  -5.222  44.240 0.3750000000
48399  -29.593  -6.094  43.057 0.2500000000
47472  -1.407  -8.511  41.379 0.2500000000
46631  -1.623  -9.097  41.041 0.2500000000
45718  -2.736  -9.610  40.457 0.2500000000
45732  -2.992  -9.648  39.782 0.3750000000
45733  -4.021  -9.778  39.568 0.1250000000
49371  -30.189  -5.616  42.509 0.2500000000
46639  -1.690  -9.175  40.180 0.2500000000
111474  -2.364  -9.516  39.285 0.2500000000
104275  -4.147  -9.822  38.791 0.1250000000
45766  -4.895  -10.118  37.527 0.1250000000
46663  -3.183  -9.649  38.933 0.1250000000
120605  -3.633  -9.686  38.473 0.1250000000
45748  -4.071  -9.754  38.044 0.1250000000
45780  -4.394  -9.913  36.531 0.1250000000
45781  -5.458  -10.543  36.728 0.1250000000
108801  -5.026  -10.285  35.989 0.1250000000
46737  -3.947  -9.561  31.830 0.1250000000
46726  -4.174  -9.734  32.824 0.1250000000
49360  -30.218  -5.449  43.450 0.2500000000
47481  -1.435  -8.546  40.530 0.2500000000
47489  -1.471  -8.658  39.579 0.2500000000
46648  -1.787  -9.239  39.233 0.2500000000
46662  -2.238  -9.394  38.537 0.2500000000
108230  -3.134  -9.566  38.093 0.2500000000
121174  -3.556  -9.619  37.663 0.1250000000
117757  -2.456  -9.351  37.749 0.2500000000
45765  -3.951  -9.699  37.281 0.1250000000
46676  -3.075  -9.497  37.243 0.2500000000
45798  -5.175  -10.384  35.235 0.1250000000
45797  -4.296  -9.886  35.585 0.1250000000
45814  -5.365  -10.662  34.308 0.1250000000
45813  -4.337  -9.862  34.590 0.1250000000
45827  -4.745  -10.187  33.636 0.1250000000
46707  -3.954  -9.639  33.772 0.1250000000
46725  -3.237  -9.091  32.350 0.2500000000
111574  -1.871  -8.291  32.415 0.2500000000
46724  -2.345  -8.532  31.959 0.2500000000
46736  -3.164  -8.983  31.239 0.2500000000
107015  -30.732  -4.000  44.791 0.5000000000
112041  -31.326  -3.788  43.491 0.5000000000
50276  -30.745  -4.987  42.887 0.3750000000
46706  -3.265  -9.426  34.289 0.2500000000
103081  -2.401  -8.923  33.861 0.2500000000
47531  -1.836  -8.393  33.119 0.2500000000
46716  -3.199  -9.266  33.366 0.2500000000
46715  -2.415  -8.742  32.874 0.2500000000
48510  -1.710  -7.396  32.038 0.2500000000
47536  -1.606  -7.832  32.390 0.2500000000
49494  -1.756  -7.111  32.157 0.2500000000
47545  -1.836  -7.609  31.583 0.2500000000
49495  -2.152  -6.835  32.003 0.2500000000
51251  -31.662  -3.886  42.131 0.2500000000
120688  -31.435  -3.976  42.821 0.2500000000
46698  -2.125  -9.003  35.305 0.2500000000
101446  -2.596  -9.203  34.814 0.2500000000
46705  -1.989  -8.772  34.533 0.2500000000
47524  -1.809  -8.443  33.838 0.2500000000
49459  -2.281  -6.373  33.510 0.2500000000
49458  -1.758  -6.732  33.442 0.2500000000
47530  -1.503  -7.909  33.328 0.2500000000
49478  -1.920  -6.754  32.739 0.2500000000
48500  -1.604  -7.273  32.769 0.2500000000
49479  -2.843  -6.578  32.810 0.2500000000
49480  -3.978  -6.741  33.387 0.2500000000
49496  -2.976  -6.685  31.847 0.2500000000
49444  -1.580  -6.554  34.834 0.2500000000
47523  -1.515  -8.092  34.316 0.2500000000
50438  -2.473  -5.928  34.460 0.2500000000
113261  -1.493  -7.306  33.725 0.2500000000
49461  -4.235  -6.528  34.272 0.3750000000
49460  -3.142  -6.351  33.840 0.2500000000
117671  -41.299  7.597  27.254 0.2500000000
118586  -40.272  6.672  29.310 0.2500000000
62283  -39.484  7.244  28.514 0.2500000000
62284  -40.264  7.333  28.856 0.2500000000
62297  -39.485  7.505  27.940 0.2500000000
115302  -40.068  7.519  28.336 0.2500000000
114225  -39.544  7.524  26.452 0.2500000000
105163  -40.936  7.667  28.335 0.2500000000
62311  -39.865  7.564  27.068 0.2500000000
62298  -40.374  7.631  27.686 0.2500000000
62327  -40.350  7.446  26.170 0.2500000000
62349  -40.766  7.149  25.285 0.2500000000
62328  -41.502  7.305  26.067 0.2500000000
61407  -42.189  6.873  25.376 0.2500000000
62329  -42.601  7.084  25.919 0.2500000000
110416  -38.779  4.912  27.336 0.3750000000
60497  -39.448  4.782  27.822 0.3750000000
60508  -37.923  5.609  27.205 0.2500000000
61388  -38.942  5.934  28.144 0.2500000000
60484  -39.757  5.285  28.415 0.3750000000
106108  -40.652  5.212  29.356 0.2500000000
60485  -40.167  5.917  29.012 0.2500000000
61387  -38.307  6.766  28.003 0.2500000000
61378  -39.814  6.902  28.969 0.2500000000
61377  -38.995  6.874  28.500 0.2500000000
62296  -38.670  7.199  28.038 0.2500000000
62310  -38.916  7.495  27.272 0.2500000000
61422  -41.570  6.889  25.137 0.2500000000
61440  -41.438  6.286  23.656 0.2500000000
61423  -42.131  6.524  24.520 0.2500000000
113244  -49.458  7.843  22.222 0.2500000000
66562  -48.201  13.225  21.071 0.2500000000
63250  -49.430  8.526  21.069 0.2500000000
62389  -49.163  7.874  21.606 0.2500000000
67410  -47.665  13.534  20.437 0.2500000000
67411  -48.156  14.166  20.931 0.3750000000
68233  -47.878  14.967  20.891 0.3750000000
68232  -47.178  14.988  20.493 0.3750000000
68231  -46.437  15.794  20.607 0.3750000000
69079  -47.289  16.697  21.514 0.3750000000
69089  -47.215  15.806  21.069 0.3750000000
69979  -46.146  16.455  20.521 0.3750000000
69980  -46.682  17.072  21.045 0.3750000000
69992  -46.368  17.143  20.360 0.3750000000
69969  -47.647  17.638  21.540 0.2500000000
103871  -47.025  17.681  20.948 0.2500000000
70852  -47.670  18.373  21.140 0.2500000000
70862  -47.325  17.995  20.423 0.2500000000
70876  -47.550  17.849  19.525 0.2500000000
102568  -46.733  17.389  19.748 0.2500000000
70005  -46.923  17.098  18.921 0.2500000000
75764  -6.963  23.963  35.197 0.3750000000
121132  -7.261  22.970  33.138 0.2500000000
113092  -50.381  19.938  20.020 0.2500000000
71769  -49.692  19.847  19.198 0.3750000000
72702  -50.795  20.191  19.301 0.3750000000
72720  -51.210  20.508  18.036 0.2500000000
71802  -53.011  19.568  15.035 0.3750000000
71803  -53.594  20.033  14.810 0.3750000000
71819  -53.295  19.101  14.209 0.3750000000
118179  -7.700  25.122  36.257 0.3750000000
76448  -7.534  24.650  35.643 0.3750000000
75777  -7.264  23.644  34.350 0.3750000000
75778  -8.048  23.924  34.042 0.3750000000
107463  -8.570  24.308  33.736 0.2500000000
75787  -7.598  23.422  33.570 0.2500000000
75796  -7.958  23.238  32.772 0.2500000000
77100  -8.174  25.692  36.363 0.3750000000
77102  -8.264  25.335  35.656 0.3750000000
76449  -8.326  24.895  34.975 0.3750000000
77768  -8.812  25.796  34.909 0.2500000000
76458  -8.434  24.567  34.292 0.2500000000
76457  -7.793  24.221  34.772 0.3750000000
75788  -8.340  23.805  33.337 0.2500000000
76471  -8.751  23.793  32.603 0.2500000000
75797  -8.517  23.266  32.003 0.2500000000
75119  -7.927  22.817  32.131 0.2500000000
77097  -8.146  25.997  37.134 0.3750000000
101569  -8.523  26.715  37.100 0.3750000000
77756  -8.574  26.503  36.415 0.3750000000
108220  -8.669  26.175  35.695 0.3750000000
77758  -9.048  26.613  35.129 0.2500000000
77769  -9.274  26.580  34.440 0.2500000000
113959  -8.754  25.198  34.393 0.2500000000
77115  -9.004  25.010  33.680 0.2500000000
76464  -9.362  25.113  32.786 0.2500000000
76463  -8.944  24.365  33.129 0.2500000000
109511  -9.280  24.433  32.342 0.2500000000
77089  -10.286  25.658  41.209 0.3750000000
77747  -10.593  25.956  40.224 0.3750000000
78410  -8.410  27.491  39.439 0.3750000000
78415  -8.777  27.419  36.583 0.2500000000
78422  -8.981  27.189  35.702 0.3750000000
79121  -9.153  27.910  35.201 0.2500000000
78444  -9.426  27.373  34.045 0.2500000000
116490  -9.183  25.821  34.059 0.2500000000
77781  -9.460  26.612  33.629 0.2500000000
77116  -9.437  25.842  33.222 0.1250000000
77791  -9.571  26.656  32.747 0.1250000000
77125  -9.627  25.886  32.317 0.2500000000
76472  -9.590  25.142  31.920 0.1250000000
76481  -9.756  25.006  31.064 0.1250000000
77081  -7.990  25.806  42.423 0.3750000000
78401  -9.371  27.351  42.628 0.3750000000
77083  -10.217  26.385  42.262 0.3750000000
77743  -10.661  26.514  41.019 0.3750000000
78409  -11.066  27.632  40.520 0.3750000000
78403  -7.387  27.231  41.809 0.3750000000
77748  -10.936  26.891  40.361 0.3750000000
100795  -11.292  27.303  39.587 0.3750000000
79093  -7.790  27.811  41.107 0.3750000000
77754  -11.431  26.568  37.687 0.3750000000
78413  -11.724  27.247  37.942 0.3750000000
78408  -8.298  27.492  40.314 0.3750000000
79096  -8.204  28.374  39.953 0.3750000000
102159  -12.320  27.145  36.206 0.3750000000
79098  -8.391  28.340  38.851 0.3750000000
79103  -8.559  28.342  37.875 0.3750000000
79816  -8.332  29.050  37.388 0.2500000000
79111  -8.677  28.316  36.942 0.2500000000
79120  -8.853  28.266  35.934 0.2500000000
79834  -8.481  29.105  35.569 0.2500000000
79130  -8.927  28.556  35.020 0.2500000000
79847  -8.426  29.194  34.691 0.2500000000
79131  -9.280  28.023  34.493 0.2500000000
109002  -9.403  27.458  32.242 0.1250000000
77799  -9.586  26.591  31.844 0.1250000000
77805  -9.501  26.519  30.895 0.1250000000
77142  -9.716  25.651  30.496 0.1250000000
76486  -9.797  24.818  30.153 0.1250000000
79087  -9.309  28.137  42.644 0.3750000000
104649  -9.877  27.850  42.543 0.3750000000
78402  -10.477  27.802  42.225 0.3750000000
79796  -10.666  28.607  41.418 0.3750000000
79094  -10.851  28.263  41.148 0.3750000000
79086  -8.591  28.364  42.673 0.3750000000
78407  -10.889  27.812  41.223 0.3750000000
79092  -6.577  28.325  41.719 0.3750000000
79803  -7.071  29.548  40.150 0.3750000000
79809  -8.159  29.071  38.305 0.3750000000
79815  -7.752  29.680  36.973 0.2500000000
79833  -7.829  29.642  35.196 0.2500000000
79857  -8.259  29.222  33.805 0.1250000000
102921  -8.828  28.700  33.342 0.1250000000
78450  -9.236  28.147  32.868 0.1250000000
114356  -9.359  27.116  31.469 0.1250000000
77804  -9.041  26.873  30.259 0.1250000000
77819  -9.398  26.277  29.934 0.1250000000
77818  -8.459  26.747  29.492 0.1250000000
77146  -9.656  25.500  29.564 0.1250000000
77836  -9.146  26.111  29.006 0.1250000000
77158  -8.788  25.768  28.177 0.1250000000
77178  -8.383  25.394  27.399 0.1250000000
79789  -9.375  29.219  42.394 0.3750000000
79090  -10.400  28.460  42.046 0.3750000000
111771  -8.552  28.921  42.667 0.3750000000
80433  -10.056  29.728  41.326 0.3750000000
79800  -10.574  29.316  41.032 0.3750000000
120000  -7.203  28.967  42.637 0.3750000000
79793  -5.835  28.779  41.899 0.3750000000
79799  -6.407  29.227  41.246 0.3750000000
79808  -7.278  29.753  38.811 0.3750000000
80460  -7.309  30.002  36.362 0.1250000000
80472  -7.202  30.026  35.675 0.1250000000
79845  -6.597  29.897  34.001 0.1250000000
79846  -7.615  29.638  34.324 0.1250000000
79856  -7.281  29.528  33.413 0.1250000000
79864  -8.019  29.117  32.898 0.1250000000
79863  -6.814  29.259  32.386 0.1250000000
78449  -8.889  28.230  32.097 0.1250000000
78457  -8.988  27.730  31.489 0.1250000000
78456  -7.886  28.723  31.979 0.1250000000
104483  -8.238  27.783  30.894 0.1250000000
78480  -8.224  27.275  30.228 0.1250000000
79869  -5.912  29.065  31.737 0.1250000000
79148  -6.696  28.717  31.495 0.1250000000
78455  -7.473  28.258  31.133 0.1250000000
78467  -7.182  27.697  30.332 0.1250000000
79147  -5.554  28.535  31.144 0.1250000000
79158  -6.377  28.154  30.755 0.1250000000
116038  -6.096  27.651  30.064 0.1250000000
118645  -6.617  27.406  29.826 0.1250000000
108297  -7.243  27.148  29.578 0.1250000000
77817  -7.529  26.743  28.994 0.1250000000
77835  -8.215  26.372  28.609 0.1250000000
78466  -5.369  27.767  29.671 0.1250000000
78479  -6.085  27.212  29.336 0.1250000000
114526  -7.037  26.483  28.397 0.1250000000
77157  -7.773  26.057  27.810 0.1250000000
79170  -5.001  28.077  29.389 0.1250000000
109908  -9.082  29.769  42.205 0.3750000000
79794  -9.697  29.396  42.007 0.3750000000
80423  -7.334  29.884  42.489 0.3750000000
118799  -9.048  30.206  41.776 0.3750000000
80432  -9.711  30.465  40.857 0.3750000000
79791  -5.568  29.689  42.194 0.3750000000
79798  -5.454  29.474  41.731 0.3750000000
79807  -6.098  30.117  39.833 0.2500000000
80439  -6.272  30.420  38.725 0.2500000000
80448  -6.240  30.592  37.732 0.1250000000
80459  -6.606  30.358  36.194 0.1250000000
80483  -6.965  30.024  34.850 0.1250000000
80493  -5.421  30.000  33.755 0.1250000000
80482  -5.953  30.232  34.584 0.1250000000
79855  -6.100  29.660  33.128 0.1250000000
79862  -5.485  29.428  32.278 0.1250000000
79854  -4.826  29.763  32.897 0.1250000000
79868  -4.847  29.015  31.565 0.1250000000
79146  -4.471  28.648  30.773 0.1250000000
106143  -5.356  28.128  30.394 0.1250000000
79157  -4.730  28.297  30.032 0.1250000000
79169  -4.535  28.659  29.723 0.1250000000
79177  -4.931  28.451  29.248 0.1250000000
81619  -6.287  32.157  40.715 0.2500000000
101503  -6.551  32.637  40.111 0.1250000000
109709  -5.165  31.782  41.157 0.1250000000
81049  -7.340  31.819  40.873 0.2500000000
81620  -7.386  32.429  40.111 0.2500000000
117617  -8.059  32.140  40.132 0.2500000000
81048  -5.895  31.503  41.373 0.3750000000
81044  -6.774  31.066  41.733 0.2500000000
81045  -8.022  31.114  41.461 0.2500000000
81042  -4.788  31.115  41.499 0.2500000000
80426  -5.125  30.334  41.719 0.3750000000
80427  -7.574  30.477  42.157 0.3750000000
81050  -8.540  31.571  40.489 0.3750000000
80431  -4.975  30.264  41.558 0.3750000000
80430  -4.530  30.829  41.218 0.2500000000
80435  -5.024  30.395  40.726 0.3750000000
81057  -4.537  31.125  39.612 0.1250000000
100948  -5.214  30.609  39.697 0.1250000000
80438  -5.383  30.880  38.619 0.1250000000
80447  -5.378  30.939  37.587 0.1250000000
117895  -5.249  30.874  36.766 0.1250000000
80458  -5.617  30.653  36.011 0.1250000000
80470  -5.348  30.530  35.173 0.1250000000
80471  -6.321  30.334  35.402 0.1250000000
80481  -4.772  30.358  34.367 0.1250000000
80492  -4.125  30.120  33.478 0.1250000000
79853  -3.602  29.950  32.596 0.1250000000
79867  -3.799  29.246  31.297 0.1250000000
79866  -3.696  29.265  30.636 0.1250000000
79156  -4.199  28.808  30.239 0.1250000000
80519  -4.124  29.463  29.987 0.1250000000
79893  -5.236  28.693  28.811 0.1250000000
79894  -5.898  29.091  28.350 0.1250000000
81623  -5.327  32.346  40.548 0.1250000000
82159  -6.108  33.044  39.742 0.1250000000
81622  -4.421  32.152  40.544 0.1250000000
82158  -4.893  32.828  39.982 0.1250000000
81618  -4.534  31.676  41.043 0.1250000000
81047  -4.497  31.197  41.154 0.1250000000
81052  -4.300  31.383  40.468 0.1250000000
81056  -3.864  31.573  39.314 0.1250000000
81055  -3.120  31.829  38.777 0.1250000000
81068  -4.539  31.273  38.438 0.1250000000
81066  -2.874  31.720  37.644 0.1250000000
80457  -4.488  30.946  36.191 0.1250000000
81076  -3.559  31.381  36.889 0.1250000000
81086  -3.328  31.173  35.779 0.1250000000
120943  -4.943  30.702  35.620 0.1250000000
80469  -4.200  30.786  35.105 0.1250000000
80499  -2.951  30.442  32.252 0.1250000000
80502  -3.102  30.502  31.446 0.1250000000
79860  -3.321  29.865  31.745 0.1250000000
81119  -3.386  30.935  30.961 0.1250000000
112113  -3.302  29.765  31.098 0.1250000000
80510  -4.254  30.281  30.056 0.1250000000
79887  -4.776  29.119  29.383 0.1250000000
82163  -5.547  33.600  39.251 0.1250000000
82157  -4.060  32.510  40.068 0.1250000000
82162  -4.381  33.458  39.416 0.1250000000
81617  -4.216  31.818  40.504 0.1250000000
116373  -3.573  32.994  39.563 0.1250000000
106657  -3.175  33.516  38.933 0.1250000000
81621  -3.603  32.315  39.763 0.1250000000
82161  -2.974  32.730  39.220 0.1250000000
116084  -2.043  32.984  38.027 0.1250000000
82725  -2.375  34.234  37.371 0.1250000000
81051  -3.727  31.916  39.726 0.1250000000
81054  -2.509  31.988  38.241 0.1250000000
81634  -2.142  32.311  37.700 0.1250000000
82173  -2.012  32.807  37.224 0.1250000000
82731  -2.529  33.882  36.411 0.1250000000
81640  -2.138  32.226  36.741 0.1250000000
82180  -2.244  32.829  36.291 0.1250000000
82181  -2.680  33.381  35.596 0.1250000000
81065  -2.370  31.934  37.178 0.1250000000
81646  -2.254  32.162  35.940 0.1250000000
82188  -2.408  32.434  35.363 0.1250000000
82189  -2.810  32.955  34.813 0.1250000000
81074  -2.355  31.886  36.149 0.1250000000
81084  -2.379  31.891  35.262 0.1250000000
82190  -3.614  33.413  34.434 0.1250000000
81092  -3.085  31.083  34.716 0.1250000000
80480  -3.550  30.578  34.058 0.1250000000
80479  -2.910  31.007  33.717 0.1250000000
80491  -3.128  30.460  33.122 0.1250000000
80498  -2.810  30.905  32.089 0.1250000000
81112  -3.131  31.280  31.663 0.1250000000
115503  -3.939  31.844  31.772 0.1250000000
114199  -3.972  31.502  31.146 0.1250000000
81675  -4.860  32.125  31.617 0.1250000000
81667  -6.604  33.193  31.942 0.1250000000
81676  -5.980  32.399  31.498 0.1250000000
80509  -3.513  30.186  30.590 0.1250000000
81120  -4.270  31.009  30.457 0.1250000000
81113  -5.141  31.759  30.929 0.1250000000
81685  -6.365  32.060  30.799 0.1250000000
81121  -5.630  31.380  30.281 0.1250000000
80520  -4.815  29.926  29.553 0.1250000000
81130  -5.109  30.666  29.881 0.1250000000
80529  -5.417  29.525  28.999 0.1250000000
82721  -5.418  34.949  38.068 0.1250000000
115248  -6.031  35.273  37.481 0.1250000000
82722  -6.371  34.608  37.743 0.1250000000
116970  -4.641  34.938  38.443 0.1250000000
82718  -6.017  34.180  38.467 0.1250000000
82723  -7.157  34.274  37.448 0.1250000000
82715  -3.395  34.629  38.591 0.1250000000
82714  -2.720  34.184  38.361 0.1250000000
83210  -2.553  35.304  37.659 0.1250000000
82726  -2.752  34.913  36.689 0.1250000000
82732  -3.010  34.405  35.807 0.1250000000
82740  -3.380  33.850  35.138 0.1250000000
82742  -4.753  34.821  34.413 0.1250000000
82748  -4.468  33.840  34.116 0.1250000000
81085  -2.656  31.518  35.441 0.1250000000
81652  -2.566  32.084  34.424 0.1250000000
82749  -5.347  34.494  33.723 0.1250000000
81091  -2.701  31.533  34.469 0.1250000000
82195  -3.685  32.894  33.653 0.1250000000
81100  -2.806  31.555  33.482 0.1250000000
81658  -2.867  32.219  33.683 0.1250000000
82196  -4.787  33.442  33.422 0.1250000000
82197  -5.567  33.899  33.147 0.1250000000
81659  -3.086  32.126  33.014 0.1250000000
82204  -4.105  32.646  32.893 0.1250000000
82205  -5.178  33.154  32.772 0.1250000000
82206  -6.179  33.766  32.604 0.1250000000
80490  -2.779  30.931  32.792 0.1250000000
81106  -2.885  31.387  32.510 0.1250000000
81665  -3.461  31.968  32.296 0.1250000000
104117  -4.523  32.436  32.243 0.1250000000
81666  -5.614  32.796  32.173 0.1250000000
82207  -7.043  34.096  32.179 0.1250000000
81677  -7.012  32.751  31.295 0.1250000000
81686  -7.434  32.441  30.601 0.1250000000
102019  -6.324  31.023  29.633 0.1250000000
81122  -6.884  31.718  30.150 0.1250000000
80521  -5.750  30.291  29.297 0.1250000000
79895  -6.826  29.499  27.966 0.1250000000
83212  -4.616  35.700  38.231 0.1250000000
83213  -5.379  35.849  37.664 0.1250000000
83209  -3.963  35.373  38.528 0.1250000000
83214  -6.718  35.067  37.098 0.1250000000
83217  -6.965  35.551  36.398 0.1250000000
82727  -7.360  34.782  36.699 0.1250000000
83207  -2.743  35.220  38.140 0.1250000000
83215  -2.840  36.066  36.939 0.1250000000
83219  -3.135  35.424  35.990 0.1250000000
82733  -3.687  34.809  35.367 0.1250000000
116911  -4.288  35.081  34.974 0.1250000000
83232  -5.931  35.433  33.455 0.1250000000
82750  -6.078  34.623  33.096 0.1250000000
82753  -6.709  34.716  32.591 0.1250000000
82214  -7.432  33.620  31.583 0.1250000000
82215  -7.846  33.233  30.935 0.1250000000
116597  -6.717  30.582  29.024 0.1250000000
102799  -6.295  29.903  28.655 0.1250000000
105291  -4.598  36.494  37.893 0.1250000000
83631  -3.833  36.270  38.279 0.1250000000
83634  -5.356  36.732  37.344 0.1250000000
83635  -2.980  36.852  37.238 0.1250000000
112509  -3.141  36.262  36.109 0.1250000000
83220  -3.863  35.816  35.458 0.1250000000
83226  -4.685  35.710  34.764 0.1250000000
83233  -6.476  35.410  32.882 0.1250000000
83240  -6.958  35.477  32.361 0.1250000000
82754  -7.219  34.887  32.162 0.1250000000
82760  -7.615  34.565  31.689 0.1250000000
82761  -8.106  34.115  31.157 0.1250000000
80530  -7.282  30.244  28.389 0.1250000000
84094  -4.464  37.336  37.572 0.1250000000
83632  -3.255  36.686  37.779 0.1250000000
84097  -3.258  37.570  36.731 0.1250000000
83638  -3.072  36.938  36.529 0.1250000000
84098  -3.387  37.668  36.043 0.1250000000
83639  -3.520  36.785  35.832 0.1250000000
83644  -4.436  36.537  35.183 0.1250000000
84101  -4.186  37.905  35.312 0.1250000000
83645  -5.126  36.439  34.411 0.1250000000
84679  -4.017  38.762  34.925 0.1250000000
84102  -4.711  37.220  34.782 0.1250000000
83651  -5.734  36.328  33.661 0.1250000000
84107  -4.675  38.032  34.351 0.1250000000
84108  -5.375  37.327  33.807 0.1250000000
84109  -5.994  36.966  33.019 0.1250000000
83652  -6.288  36.150  33.057 0.1250000000
112928  -6.494  36.632  32.466 0.1250000000
83241  -7.489  35.576  31.703 0.1250000000
83247  -8.121  35.069  31.158 0.1250000000
81687  -8.206  32.893  30.352 0.1250000000
80522  -7.666  30.966  28.876 0.1250000000
81131  -7.377  31.423  29.509 0.1250000000
81696  -8.012  32.189  29.860 0.1250000000
84092  -3.310  37.407  37.242 0.1250000000
84667  -3.856  37.905  37.281 0.1250000000
84670  -4.150  38.914  37.165 0.1250000000
84669  -3.572  38.250  36.867 0.1250000000
106126  -4.794  39.500  37.063 0.1250000000
85235  -4.980  40.283  36.795 0.1250000000
84673  -3.470  38.409  36.383 0.1250000000
85823  -5.508  40.580  36.029 0.1250000000
84678  -3.494  39.141  35.899 0.1250000000
85233  -3.806  40.438  36.575 0.1250000000
85821  -4.207  40.882  36.719 0.1250000000
85236  -3.481  40.037  36.128 0.1250000000
85240  -4.123  39.358  34.145 0.1250000000
84683  -5.069  38.281  33.435 0.1250000000
84682  -4.533  38.706  33.975 0.1250000000
84117  -5.620  37.801  32.818 0.1250000000
84118  -6.164  37.403  32.227 0.1250000000
83657  -6.983  36.226  32.072 0.1250000000
83664  -7.260  36.523  31.345 0.1250000000
117737  -8.698  32.348  29.252 0.1250000000
81708  -9.000  32.024  28.668 0.1250000000
85238  -6.121  39.838  35.360 0.1250000000
86504  -4.780  41.192  36.421 0.1250000000
85824  -5.301  41.362  35.758 0.1250000000
115110  -3.567  40.755  36.184 0.1250000000
85822  -3.445  40.528  35.463 0.1250000000
119104  -4.102  39.735  33.475 0.1250000000
84690  -4.617  39.099  33.184 0.1250000000
85248  -4.749  39.224  32.222 0.1250000000
84691  -5.206  38.580  32.539 0.1250000000
117713  -5.209  38.786  31.728 0.1250000000
84698  -5.610  38.388  31.185 0.1250000000
84125  -5.696  38.131  31.952 0.1250000000
83663  -6.675  36.960  31.751 0.1250000000
84699  -5.957  38.084  30.663 0.1250000000
84126  -6.204  37.680  31.307 0.1250000000
83671  -6.835  37.162  31.053 0.1250000000
84133  -6.520  37.554  30.384 0.1250000000
83672  -7.319  36.816  30.438 0.1250000000
83256  -7.893  36.018  30.884 0.1250000000
83257  -8.521  35.407  30.346 0.1250000000
82231  -8.559  33.715  30.426 0.1250000000
81697  -8.821  33.028  29.704 0.1250000000
81698  -9.242  32.779  28.868 0.1250000000
113405  -3.597  39.669  35.157 0.1250000000
85827  -3.834  40.337  33.266 0.1250000000
85826  -3.535  40.930  33.953 0.1250000000
108370  -4.246  39.756  32.674 0.1250000000
102563  -4.376  39.803  31.834 0.1250000000
85841  -4.209  40.564  31.406 0.1250000000
85256  -5.148  39.027  31.072 0.1250000000
120489  -4.819  39.310  31.559 0.1250000000
84707  -5.582  38.678  30.502 0.1250000000
84708  -6.030  38.212  29.976 0.1250000000
83673  -8.111  36.276  30.019 0.1250000000
82770  -8.499  34.556  30.691 0.1250000000
83271  -9.507  35.331  28.415 0.1250000000
117360  -9.063  33.834  29.763 0.1250000000
82777  -9.309  34.409  29.368 0.1250000000
82232  -9.403  33.597  29.097 0.1250000000
82241  -9.784  33.257  28.202 0.1250000000
85832  -3.571  41.122  33.151 0.1250000000
85833  -3.932  40.449  32.358 0.1250000000
85255  -4.696  39.697  31.100 0.1250000000
85265  -5.213  39.394  30.478 0.1250000000
84134  -6.937  37.212  29.767 0.1250000000
83679  -7.530  36.779  29.509 0.1250000000
114295  -8.657  35.827  29.655 0.1250000000
83263  -9.047  35.683  29.036 0.1250000000
82776  -8.885  34.508  30.070 0.1250000000
86515  -3.349  42.037  33.155 0.1250000000
86516  -3.673  41.288  32.210 0.1250000000
84142  -6.493  37.708  29.493 0.1250000000
113927  -5.373  39.732  29.925 0.1250000000
71820  -53.869  19.843  13.918 0.3750000000
40967  -1.292  -16.162  53.189 0.1250000000
110996  -28.316  -6.948  45.657 0.2500000000
50261  -30.369  -4.661  44.726 0.5000000000
101131  -32.078  -3.221  41.918 0.3750000000
111055  -37.629  5.214  26.622 0.3750000000
63251  -50.061  9.064  21.403 0.2500000000
70863  -48.115  18.730  20.042 0.2500000000
70878  -49.217  19.013  18.752 0.2500000000
71785  -50.705  20.040  17.896 0.2500000000
106635  -8.515  27.428  38.427 0.3750000000
75798  -9.179  23.850  31.792 0.2500000000
77746  -8.141  26.604  40.213 0.3750000000
121007  -8.837  25.521  42.515 0.3750000000
78406  -8.020  26.955  40.950 0.3750000000
77082  -9.654  25.713  42.376 0.3750000000
77087  -10.071  25.626  42.026 0.3750000000
110638  -10.710  25.693  39.308 0.3750000000
77091  -11.032  26.457  39.417 0.3750000000
78404  -7.446  26.837  41.781 0.3750000000
43599  -2.002  -12.579  50.097 0.1250000000
105904  -30.908  -4.195  44.078 0.5000000000
63233  -49.901  8.276  22.567 0.2500000000
40106  -7.913  -16.117  51.152 0.1250000000
49348  -29.757  -5.312  44.916 0.5000000000
40104  -6.861  -16.661  52.222 0.1250000000
118664  -1.795  -9.143  38.574 0.2500000000
50437  -1.876  -6.034  34.643 0.2500000000
39212  -0.381  -17.408  51.158 0.1250000000
40111  -0.064  -17.514  50.388 0.1250000000
40128  0.029  -16.851  48.472 0.1250000000
40129  -0.420  -15.977  48.502 0.1250000000
103719  -1.493  -17.726  53.059 0.1250000000
120914  -5.850  -17.563  51.639 0.1250000000
41012  -1.554  -15.774  46.097 0.1250000000
105139  -2.027  -15.551  44.723 0.1250000000
41903  -3.630  -14.516  44.758 0.1250000000
107212  -3.128  -14.934  42.204 0.1250000000
42782  -4.826  -13.633  42.666 0.1250000000
40969  -0.832  -16.302  52.484 0.1250000000
41872  -1.189  -14.640  49.485 0.1250000000
39201  -4.010  -17.104  53.145 0.1250000000
41878  -3.286  -13.678  47.891 0.1250000000
111324  -1.230  -15.275  52.625 0.1250000000
41869  -0.918  -14.400  51.112 0.1250000000
103987  -4.133  -13.439  46.894 0.1250000000
43647  -5.629  -11.978  43.381 0.1250000000
45619  -3.386  -10.441  46.471 0.1250000000
45658  -4.812  -10.464  44.748 0.1250000000
47436  -25.719  -8.926  47.414 0.1250000000
108940  -4.166  -10.307  45.281 0.1250000000
45656  -2.961  -9.791  44.486 0.1250000000
45692  -3.870  -9.727  42.742 0.1250000000
48337  -27.625  -7.078  47.485 0.1250000000
113284  -4.936  -9.982  40.121 0.1250000000
45690  -2.412  -9.572  42.435 0.2500000000
46640  -2.099  -9.476  40.863 0.2500000000
46649  -2.165  -9.479  39.953 0.2500000000
120312  -1.951  -6.264  33.990 0.2500000000
115527  -1.662  -6.640  34.159 0.2500000000
115190  -39.484  6.285  28.655 0.2500000000
78412  -8.657  27.437  37.472 0.3750000000
78435  -9.263  27.308  34.844 0.3750000000
119683  -9.511  24.494  31.590 0.2500000000
77742  -10.606  26.574  41.776 0.3750000000
102293  -9.475  27.441  33.193 0.1250000000
79137  -9.318  28.100  33.684 0.1250000000
77137  -9.700  25.814  31.411 0.1250000000
77737  -7.892  26.818  42.394 0.3750000000
78400  -8.598  27.555  42.640 0.3750000000
119075  -7.169  28.175  42.460 0.3750000000
78398  -6.277  28.340  41.995 0.3750000000
79089  -6.905  27.715  41.906 0.3750000000
77751  -11.423  26.890  38.625 0.3750000000
79095  -7.480  28.819  40.728 0.3750000000
79804  -7.918  29.068  39.302 0.3750000000
117326  -7.791  29.541  37.823 0.3750000000
79824  -8.421  29.047  36.479 0.2500000000
79823  -7.903  29.607  36.050 0.1250000000
79136  -8.936  28.675  34.184 0.1250000000
80449  -7.114  30.111  37.810 0.2500000000
79142  -8.640  28.626  32.632 0.1250000000
79786  -6.570  29.351  42.489 0.3750000000
79084  -6.641  28.529  42.393 0.3750000000
79792  -5.629  28.995  42.126 0.3750000000
79802  -5.789  29.874  40.940 0.3750000000
117353  -8.334  28.187  31.504 0.1250000000
80422  -6.260  30.238  42.257 0.3750000000
113440  -6.902  30.278  36.966 0.1250000000
113143  -6.047  30.646  36.851 0.1250000000
79861  -4.256  29.517  32.065 0.1250000000
81627  -7.347  32.901  39.431 0.1250000000
80434  -4.546  30.843  40.483 0.2500000000
81077  -4.513  31.206  37.301 0.1250000000
81067  -3.668  31.537  38.094 0.1250000000
81075  -2.759  31.594  36.489 0.1250000000
82717  -5.026  34.245  38.717 0.1250000000
115197  -3.755  33.757  39.074 0.1250000000
82716  -4.208  34.400  38.786 0.1250000000
82160  -2.539  33.258  38.568 0.1250000000
81626  -3.037  32.193  39.083 0.1250000000
81625  -2.471  32.500  38.535 0.1250000000
82720  -2.212  33.826  38.075 0.1250000000
82741  -4.106  34.287  34.758 0.1250000000
83208  -3.187  35.846  38.301 0.1250000000
83227  -5.340  35.536  34.113 0.1250000000
83218  -7.507  35.224  36.049 0.1250000000
83211  -2.716  36.153  37.847 0.1250000000
83633  -3.893  36.890  37.927 0.1250000000
84674  -3.635  38.436  35.749 0.1250000000
102745  -3.704  39.366  36.621 0.1250000000
85234  -4.169  39.984  37.007 0.1250000000
85237  -5.666  39.828  36.161 0.1250000000
85239  -3.657  40.211  34.305 0.1250000000
45681  -18.613  -10.265  43.726 0.1250000000
109130  -19.413  -10.481  44.218 0.1250000000
114285  -17.090  -9.825  43.429 0.1250000000
45697  -17.238  -9.757  42.504 0.1250000000
101058  -17.922  -9.968  43.122 0.1250000000
48412  -29.587  -6.294  42.122 0.1250000000
48411  -28.898  -7.077  41.633 0.1250000000
48425  -29.054  -6.911  40.782 0.1250000000
48441  -29.129  -6.886  40.112 0.1250000000
47490  -28.710  -7.710  39.678 0.1250000000
48453  -29.062  -6.925  39.485 0.1250000000
49381  -30.238  -5.638  41.173 0.1250000000
48442  -29.685  -6.209  40.615 0.1250000000
50277  -31.219  -4.458  42.406 0.1250000000
50289  -30.668  -5.087  41.896 0.1250000000
50290  -31.305  -4.384  41.620 0.1250000000
49391  -30.287  -5.465  40.543 0.1250000000
50310  -30.790  -4.890  41.094 0.1250000000
48454  -29.726  -6.017  39.952 0.1250000000
48465  -29.514  -6.130  39.265 0.1250000000
51262  -31.777  -3.715  41.365 0.1250000000
50311  -31.321  -4.209  40.899 0.1250000000
121266  -30.356  -5.242  40.069 0.1250000000
50333  -30.795  -4.729  40.444 0.1250000000
50334  -31.287  -4.045  40.181 0.1250000000
49402  -30.163  -5.315  39.559 0.1250000000
49416  -29.964  -5.339  38.924 0.1250000000
51276  -31.804  -3.527  40.576 0.1250000000
50353  -30.548  -4.478  39.199 0.1250000000
51288  -31.745  -3.392  39.786 0.1250000000
49415  -29.356  -6.146  38.697 0.1250000000
50373  -30.335  -4.369  38.443 0.1250000000
52287  -32.516  -2.345  40.614 0.2500000000
51302  -31.693  -3.261  39.038 0.1250000000
51301  -31.019  -3.667  38.783 0.1250000000
107552  -32.547  -2.432  39.404 0.1250000000
51319  -31.630  -3.125  38.316 0.1250000000
51318  -30.984  -3.501  38.094 0.1250000000
53293  -32.653  -2.289  38.027 0.2500000000
52302  -32.267  -2.717  38.651 0.1250000000
52314  -32.070  -2.685  37.825 0.2500000000
52322  -31.295  -2.939  37.015 0.1250000000
53309  -32.112  -2.319  36.526 0.2500000000
54220  -32.229  -2.018  35.968 0.2500000000
54306  -39.358  -1.121  29.058 0.1250000000
114899  -39.403  -0.667  26.783 0.1250000000
54325  -39.797  -0.418  27.295 0.1250000000
54307  -39.791  -0.758  28.775 0.2500000000
54316  -39.744  -0.604  28.064 0.1250000000
55225  -40.402  0.129  25.491 0.1250000000
56047  -41.393  0.858  24.924 0.1250000000
55194  -40.338  -0.392  28.610 0.1250000000
55213  -40.367  0.035  27.150 0.1250000000
109361  -40.660  0.298  26.349 0.1250000000
102366  -40.761  -0.233  29.080 0.2500000000
55195  -40.852  0.064  28.479 0.1250000000
55204  -40.736  0.189  27.760 0.1250000000
52296  -32.274  -2.826  40.121 0.2500000000
48398  -28.928  -6.846  42.631 0.1250000000
121063  -28.580  -7.543  40.965 0.1250000000
48426  -29.616  -6.321  41.310 0.1250000000
111811  -30.073  -5.773  41.768 0.1250000000
114156  -30.727  -4.601  39.835 0.1250000000
51287  -31.158  -3.852  39.479 0.1250000000
55203  -40.315  -0.208  27.913 0.1250000000
54337  -39.934  -0.256  26.344 0.1250000000
44827  -3.011  -11.216  29.625 0.1250000000
103428  -2.631  -11.849  28.845 0.1250000000
45866  -2.819  -10.336  29.325 0.1250000000
45865  -2.580  -10.508  28.919 0.1250000000
44841  -2.607  -11.039  28.682 0.1250000000
45875  -2.643  -10.313  28.638 0.1250000000
116401  -2.475  -8.574  30.317 0.1250000000
46747  -2.798  -9.434  29.688 0.1250000000
116690  -2.459  -8.826  28.945 0.1250000000
47560  -2.500  -8.068  29.207 0.1250000000
46757  -2.571  -9.636  29.027 0.1250000000
46735  -2.219  -8.330  31.195 0.1250000000
48526  -1.949  -7.246  31.475 0.1250000000
49509  -2.367  -6.944  31.170 0.1250000000
47546  -2.043  -7.911  30.954 0.1250000000
49521  -2.315  -7.262  30.623 0.1250000000
47552  -2.150  -7.520  30.834 0.1250000000
47553  -2.347  -7.872  30.028 0.1250000000
105926  -2.422  -7.439  30.165 0.1250000000
48570  -2.710  -7.561  28.981 0.1250000000
48556  -2.752  -7.216  29.201 0.1250000000
47576  -3.103  -7.623  28.532 0.1250000000
48571  -2.940  -7.252  28.864 0.1250000000
49533  -2.933  -6.921  29.527 0.1250000000
49522  -2.676  -6.955  30.331 0.1250000000
102727  -3.974  -6.844  31.699 0.1250000000
49523  -3.651  -6.768  30.197 0.1250000000
49547  -3.165  -6.982  28.909 0.1250000000
49497  -3.873  -6.818  32.509 0.1250000000
49511  -4.124  -6.845  31.008 0.1250000000
113911  -4.676  -6.993  32.245 0.1250000000
49512  -5.067  -7.048  31.532 0.1250000000
106739  -5.712  -6.980  33.291 0.1250000000
101826  -5.548  -7.085  32.463 0.1250000000
49513  -6.417  -7.099  31.824 0.1250000000
49499  -6.483  -6.929  32.858 0.1250000000
52340  -9.066  -2.727  33.644 0.1250000000
52341  -9.395  -3.598  33.287 0.1250000000
53322  -9.239  -2.794  32.744 0.1250000000
52353  -9.653  -3.765  32.250 0.1250000000
51408  -9.911  -4.322  31.305 0.1250000000
53321  -8.868  -1.977  32.220 0.1250000000
108741  -9.764  -3.490  31.408 0.1250000000
52381  -10.039  -3.679  30.735 0.1250000000
55157  -6.941  -0.602  30.780 0.1250000000
56794  -7.998  1.052  31.608 0.1250000000
55994  -6.832  0.364  31.360 0.1250000000
56816  -6.506  0.971  30.780 0.1250000000
55142  -6.429  -0.300  31.248 0.1250000000
109650  -7.573  -0.069  31.738 0.1250000000
57687  -7.939  2.337  30.681 0.1250000000
58643  -8.313  3.225  30.687 0.1250000000
56817  -7.500  1.260  30.941 0.1250000000
57686  -7.112  2.020  30.480 0.1250000000
58628  -8.729  3.364  31.260 0.1250000000
105752  -8.715  4.099  30.897 0.1250000000
57668  -8.551  2.571  31.616 0.2500000000
56818  -8.176  1.908  31.202 0.1250000000
119612  -9.479  5.561  32.375 0.2500000000
109633  -9.199  4.316  31.764 0.2500000000
59556  -9.342  5.234  31.815 0.1250000000
120993  -35.433  6.894  25.629 0.2500000000
60517  -36.979  5.388  26.229 0.2500000000
70639  -12.080  16.964  40.236 0.2500000000
117154  -12.612  17.515  40.944 0.2500000000
71531  -13.158  18.005  41.444 0.2500000000
69781  -9.850  16.232  39.525 0.2500000000
67419  -46.851  14.110  20.149 0.2500000000
68243  -46.308  15.016  20.262 0.2500000000
69099  -45.555  15.644  20.160 0.2500000000
70640  -12.589  17.309  39.307 0.2500000000
70014  -49.169  16.850  17.498 0.1250000000
71784  -49.961  19.593  18.374 0.1250000000
70021  -49.744  16.621  16.854 0.1250000000
70015  -49.684  17.692  17.539 0.1250000000
70890  -50.185  18.850  17.647 0.1250000000
69132  -50.069  16.042  15.985 0.1250000000
115061  -50.388  17.802  16.999 0.1250000000
69805  -10.139  16.410  37.299 0.2500000000
102616  -10.519  16.386  37.981 0.2500000000
70895  -50.916  19.106  17.147 0.1250000000
70029  -50.774  16.614  15.687 0.1250000000
70023  -51.095  17.955  16.304 0.1250000000
70030  -51.465  17.284  15.356 0.1250000000
69175  -50.422  15.386  13.645 0.1250000000
70040  -51.018  16.235  14.856 0.1250000000
70074  -50.742  15.857  12.290 0.1250000000
70896  -51.524  19.427  16.647 0.1250000000
70902  -51.953  18.797  15.835 0.1250000000
69151  -51.099  15.951  13.987 0.1250000000
70914  -52.682  18.414  14.509 0.1250000000
70075  -51.468  16.345  12.369 0.1250000000
69816  -10.579  16.538  36.453 0.2500000000
70903  -52.508  18.894  15.222 0.1250000000
70935  -52.858  17.955  13.675 0.1250000000
107724  -52.766  17.612  12.681 0.1250000000
70936  -53.485  18.676  13.280 0.2500000000
70962  -51.775  17.303  11.177 0.1250000000
118042  -53.553  18.633  12.196 0.2500000000
70982  -52.196  18.004  10.731 0.1250000000
71864  -53.166  18.515  11.110 0.2500000000
111623  -11.387  16.676  36.563 0.2500000000
71865  -54.003  19.352  11.433 0.2500000000
71905  -51.964  19.102  9.545 0.2500000000
73800  -56.306  21.311  4.588 0.2500000000
73795  -56.223  21.756  5.362 0.2500000000
73805  -56.303  20.937  3.706 0.2500000000
73806  -56.318  21.821  4.048 0.2500000000
115175  -56.264  20.734  2.755 0.2500000000
72900  -56.232  20.575  1.780 0.2500000000
73840  -56.277  21.142  0.353 0.1250000000
72946  -55.962  20.327  -0.891 0.1250000000
71891  -53.600  19.312  10.627 0.2500000000
72791  -54.411  20.059  10.881 0.2500000000
72808  -54.796  20.766  10.508 0.2500000000
71906  -53.170  19.519  9.876 0.2500000000
72807  -54.133  20.140  10.222 0.2500000000
72833  -53.787  20.436  8.788 0.1250000000
73796  -56.179  22.049  4.699 0.2500000000
109712  -56.363  21.674  3.209 0.2500000000
106728  -56.148  22.064  1.677 0.2500000000
73851  -56.126  21.033  -0.371 0.1250000000
70694  -10.856  17.646  34.816 0.2500000000
71588  -12.375  17.843  35.497 0.2500000000
70671  -12.810  17.809  36.174 0.2500000000
70755  -9.172  17.608  30.289 0.2500000000
115295  -54.503  21.571  6.225 0.2500000000
115836  -55.581  21.840  7.468 0.2500000000
74586  -55.194  22.017  5.001 0.2500000000
74581  -55.862  22.241  5.187 0.2500000000
74607  -54.718  21.703  3.175 0.2500000000
74587  -55.743  22.261  4.408 0.2500000000
74582  -55.993  22.202  5.145 0.2500000000
74608  -55.572  22.063  1.925 0.2500000000
116990  -55.382  22.038  2.771 0.2500000000
74595  -55.846  22.332  3.838 0.2500000000
73828  -54.684  21.512  1.337 0.2500000000
74626  -55.463  21.804  0.894 0.1250000000
113114  -56.006  22.249  2.090 0.2500000000
73850  -54.787  21.264  -0.402 0.1250000000
73839  -54.714  21.381  0.422 0.1250000000
74627  -55.955  21.792  0.476 0.1250000000
74645  -55.380  21.280  -0.576 0.1250000000
74636  -55.422  21.567  0.069 0.1250000000
73860  -55.595  20.893  -1.118 0.1250000000
71602  -10.387  18.478  34.503 0.2500000000
71603  -11.380  18.344  34.582 0.2500000000
71604  -12.312  18.434  34.806 0.2500000000
71605  -13.138  18.897  34.867 0.2500000000
72525  -13.616  18.866  35.596 0.2500000000
119936  -11.100  19.023  34.354 0.2500000000
105883  -11.826  19.091  34.302 0.2500000000
73562  -11.883  20.336  33.779 0.2500000000
72552  -12.165  19.818  33.929 0.2500000000
72553  -12.900  19.984  33.849 0.2500000000
72542  -13.377  19.572  34.424 0.2500000000
72541  -12.608  19.281  34.315 0.2500000000
75780  -11.326  24.024  34.543 0.2500000000
75097  -16.734  22.196  34.122 0.2500000000
74392  -13.445  21.312  33.020 0.2500000000
73565  -14.079  21.050  33.514 0.2500000000
74394  -15.478  21.768  33.831 0.2500000000
104210  -12.703  21.290  33.090 0.2500000000
75107  -11.604  22.544  33.719 0.2500000000
115040  -12.051  21.830  33.287 0.2500000000
73563  -12.457  20.508  33.552 0.2500000000
73564  -13.184  20.685  33.382 0.2500000000
73550  -14.482  20.635  34.421 0.2500000000
75120  -12.857  22.711  32.709 0.2500000000
75108  -12.177  22.711  33.118 0.2500000000
117048  -11.758  23.591  33.556 0.2500000000
75789  -12.460  23.507  32.860 0.2500000000
75799  -13.185  23.365  32.469 0.2500000000
76474  -14.024  24.633  31.928 0.2500000000
76466  -12.266  24.414  33.079 0.2500000000
76473  -12.889  24.175  32.516 0.2500000000
77126  -12.822  25.075  32.651 0.2500000000
77127  -13.558  25.402  32.304 0.2500000000
74393  -14.780  21.691  33.301 0.2500000000
74401  -14.066  21.734  32.871 0.2500000000
74391  -13.314  21.988  32.740 0.2500000000
75121  -13.484  22.706  32.526 0.2500000000
75109  -14.742  22.208  32.655 0.2500000000
105111  -14.448  23.722  31.888 0.2500000000
76475  -15.005  24.506  31.760 0.2500000000
111754  -16.001  24.447  31.796 0.2500000000
77128  -14.490  25.433  32.057 0.2500000000
76465  -11.800  24.666  33.847 0.2500000000
77792  -14.025  26.130  32.613 0.2500000000
77794  -15.964  26.005  32.579 0.2500000000
117823  -11.980  25.505  34.120 0.2500000000
77117  -13.071  26.030  32.991 0.2500000000
77783  -14.618  26.603  33.191 0.2500000000
75110  -15.435  22.183  33.055 0.2500000000
108979  -16.697  22.490  33.331 0.2500000000
75800  -15.604  23.406  31.869 0.2500000000
75801  -17.068  23.696  32.233 0.2500000000
118737  -16.441  23.814  31.887 0.2500000000
77118  -16.868  25.876  32.690 0.2500000000
77782  -13.251  26.641  33.852 0.2500000000
111835  -15.519  26.617  33.156 0.2500000000
77784  -16.427  26.560  33.191 0.2500000000
78445  -15.969  27.097  33.928 0.2500000000
75125  -17.093  22.981  32.772 0.2500000000
112986  -16.508  23.267  32.181 0.2500000000
75803  -18.170  24.190  32.850 0.2500000000
77119  -17.714  25.709  32.877 0.2500000000
77785  -17.301  26.424  33.253 0.2500000000
118732  -12.710  26.665  34.510 0.2500000000
77772  -16.870  26.960  33.832 0.2500000000
77771  -14.278  26.963  34.061 0.2500000000
118424  -15.121  26.953  33.751 0.2500000000
119730  -18.574  24.010  33.127 0.2500000000
77120  -18.526  25.509  33.147 0.2500000000
104857  -11.911  26.664  36.349 0.2500000000
77761  -12.652  27.051  35.336 0.2500000000
77770  -13.462  27.135  34.693 0.2500000000
78411  -11.674  27.718  38.678 0.2500000000
79100  -11.882  28.191  38.159 0.2500000000
78414  -12.029  27.753  37.670 0.2500000000
111293  -11.058  28.221  40.591 0.2500000000
79801  -10.944  28.823  40.647 0.2500000000
108304  -11.374  28.026  39.760 0.2500000000
79099  -11.575  28.423  38.956 0.2500000000
79805  -10.755  29.609  40.243 0.2500000000
79806  -11.105  29.208  39.867 0.2500000000
104179  -10.290  30.102  40.577 0.2500000000
80437  -10.347  30.395  39.759 0.2500000000
80441  -10.891  29.804  39.236 0.2500000000
104170  -9.277  31.093  40.452 0.2500000000
81053  -9.113  31.556  39.736 0.2500000000
80436  -9.758  30.815  40.100 0.2500000000
81059  -9.758  31.133  39.311 0.2500000000
49515  -8.305  -6.508  31.912 0.1250000000
51393  -9.548  -4.471  32.917 0.1250000000
71890  -52.576  18.792  10.313 0.2500000000
55977  -8.021  0.355  31.957 0.1250000000
56793  -7.465  0.350  31.561 0.1250000000
61406  -35.926  6.886  26.135 0.2500000000
113259  -9.336  4.610  32.773 0.2500000000
69122  -48.876  16.036  17.077 0.1250000000
72872  -56.098  20.719  5.185 0.2500000000
72819  -53.967  20.299  9.520 0.1250000000
77760  -12.071  26.644  35.744 0.2500000000
55976  -6.701  -0.091  31.501 0.1250000000
51378  -9.331  -4.271  33.662 0.1250000000
110050  -3.234  -9.421  30.463 0.1250000000
47537  -1.798  -8.039  31.731 0.1250000000
70012  -47.431  16.509  18.014 0.1250000000
44826  -2.571  -11.184  29.053 0.1250000000
45857  -3.522  -10.242  30.203 0.1250000000
44855  -2.697  -10.859  28.293 0.1250000000
101077  -2.470  -8.658  29.438 0.1250000000
117508  -2.750  -8.445  28.546 0.1250000000
49532  -2.584  -7.232  29.832 0.1250000000
48555  -2.570  -7.487  29.516 0.1250000000
49510  -3.186  -6.743  31.007 0.1250000000
49498  -4.808  -7.003  32.973 0.1250000000
53329  -9.387  -2.820  31.824 0.1250000000
55156  -5.875  -0.448  30.836 0.1250000000
57688  -8.397  2.675  30.995 0.1250000000
70022  -50.453  16.929  16.387 0.1250000000
70064  -51.726  16.519  13.429 0.1250000000
70913  -52.114  17.850  14.921 0.1250000000
70041  -51.643  16.782  14.462 0.1250000000
70042  -52.243  17.379  14.060 0.1250000000
70065  -52.337  17.188  13.310 0.1250000000
70963  -52.646  17.737  11.602 0.1250000000
70086  -52.123  16.971  12.001 0.1250000000
72877  -55.857  20.291  4.214 0.2500000000
74609  -55.910  22.305  2.944 0.2500000000
73818  -56.368  21.572  2.208 0.2500000000
73829  -56.336  21.370  1.232 0.1250000000
72913  -56.196  20.365  0.826 0.1250000000
73799  -54.133  21.357  4.588 0.2500000000
73849  -54.170  20.939  -0.918 0.1250000000
73838  -54.052  20.852  -0.042 0.1250000000
102299  -54.948  21.100  -1.140 0.1250000000
74381  -14.933  21.249  34.070 0.2500000000
111398  -12.482  26.120  33.907 0.2500000000
76476  -16.826  24.426  32.061 0.2500000000
79097  -11.262  28.660  39.865 0.2500000000
45649  -22.716  -10.316  45.393 0.1250000000
52323  -31.828  -2.644  37.133 0.1250000000
52331  -31.559  -2.623  36.453 0.1250000000
54219  -31.726  -1.804  35.248 0.1250000000
118657  -30.457  0.287  33.650 0.1250000000
56787  -33.239  1.566  32.214 0.1250000000
55165  -35.022  -0.254  30.340 0.1250000000
62326  -38.891  7.534  26.276 0.1250000000
61437  -38.763  6.879  23.990 0.1250000000
61420  -39.244  7.054  24.559 0.1250000000
61421  -40.063  6.914  24.589 0.1250000000
102062  -39.067  6.433  23.176 0.1250000000
61438  -39.567  6.605  23.829 0.1250000000
102121  -41.098  6.660  24.482 0.1250000000
60547  -39.286  5.977  22.393 0.1250000000
61456  -39.855  6.178  23.027 0.1250000000
61457  -40.733  5.999  22.918 0.1250000000
61441  -42.386  6.262  23.492 0.1250000000
60555  -38.679  5.838  21.793 0.1250000000
60549  -40.979  5.646  22.147 0.1250000000
61458  -41.671  5.967  22.806 0.1250000000
61442  -43.256  6.383  23.152 0.1250000000
60556  -39.452  5.551  21.618 0.1250000000
60557  -40.326  5.456  21.480 0.1250000000
60550  -41.788  5.753  22.097 0.1250000000
61459  -42.539  6.091  22.478 0.1250000000
60565  -38.741  5.402  20.933 0.1250000000
60566  -39.666  5.336  20.848 0.1250000000
60558  -41.323  5.545  21.331 0.1250000000
60559  -42.277  5.871  21.606 0.1250000000
117379  -42.901  6.230  21.774 0.1250000000
101861  -39.097  5.337  20.211 0.1250000000
101890  -39.913  5.402  20.110 0.1250000000
60567  -40.507  5.418  20.717 0.1250000000
60568  -41.260  5.656  20.433 0.1250000000
61482  -42.565  6.557  20.389 0.1250000000
60575  -39.352  5.486  19.425 0.1250000000
101783  -40.615  5.571  20.061 0.1250000000
61481  -41.842  6.265  20.025 0.1250000000
61492  -41.608  6.707  19.201 0.1250000000
60583  -38.742  5.671  18.721 0.1250000000
60576  -40.284  5.727  19.358 0.1250000000
61491  -40.897  6.248  19.032 0.1250000000
62348  -39.005  7.393  25.326 0.1250000000
61454  -37.907  6.741  22.752 0.1250000000
61436  -38.329  6.778  23.347 0.1250000000
62368  -37.872  7.283  24.257 0.1250000000
61469  -38.047  6.293  22.010 0.1250000000
61455  -38.569  6.342  22.560 0.1250000000
61470  -42.793  6.261  21.108 0.1250000000
61471  -43.389  6.629  21.446 0.1250000000
61472  -43.963  6.891  21.867 0.1250000000
115442  -44.444  7.384  21.539 0.1250000000
61483  -43.229  6.871  20.708 0.1250000000
62386  -43.934  7.233  21.027 0.1250000000
61502  -39.104  6.230  18.060 0.1250000000
60585  -40.358  6.195  18.688 0.1250000000
61504  -40.927  6.859  18.399 0.1250000000
61493  -42.325  6.953  19.682 0.1250000000
62395  -43.593  7.462  20.296 0.1250000000
62308  -37.333  7.288  26.895 0.1250000000
61386  -37.864  7.130  27.544 0.1250000000
62324  -37.035  7.446  26.094 0.1250000000
62325  -38.041  7.555  26.001 0.1250000000
119463  -38.333  7.317  27.532 0.1250000000
62367  -37.039  7.406  24.026 0.1250000000
106285  -37.663  7.501  25.272 0.1250000000
62347  -38.454  7.342  24.865 0.1250000000
115925  -37.699  7.107  23.439 0.1250000000
62387  -45.104  7.762  21.664 0.1250000000
62380  -45.150  7.501  22.454 0.1250000000
63238  -44.595  7.745  20.944 0.1250000000
114672  -38.696  6.643  17.549 0.1250000000
61503  -39.989  6.512  18.099 0.1250000000
62412  -41.743  7.411  18.606 0.1250000000
62413  -42.379  7.815  18.802 0.1250000000
62405  -43.312  7.773  19.659 0.1250000000
62422  -40.324  7.440  17.604 0.1250000000
62423  -41.279  7.738  17.942 0.1250000000
63266  -41.963  8.073  18.261 0.1250000000
63256  -43.695  8.256  19.381 0.1250000000
63274  -40.069  8.206  17.137 0.1250000000
63275  -40.874  8.443  17.391 0.1250000000
64114  -42.982  8.999  18.271 0.1250000000
107177  -39.594  9.506  16.542 0.1250000000
64123  -40.879  9.363  17.089 0.1250000000
64938  -39.256  10.279  16.350 0.1250000000
60507  -37.189  6.145  27.057 0.1250000000
60496  -38.241  6.030  27.738 0.1250000000
61396  -36.616  7.104  26.589 0.1250000000
60495  -37.702  6.569  27.524 0.1250000000
62366  -36.350  7.603  23.642 0.1250000000
62323  -36.269  7.314  25.877 0.1250000000
62377  -36.596  7.646  22.535 0.1250000000
62346  -36.955  7.535  25.115 0.1250000000
62378  -37.223  7.262  22.917 0.1250000000
62370  -45.441  7.542  23.043 0.1250000000
107281  -45.754  8.028  22.317 0.1250000000
118575  -44.143  7.689  20.473 0.1250000000
63249  -44.547  8.162  20.250 0.1250000000
63257  -44.302  8.524  19.538 0.1250000000
64124  -41.643  9.130  17.499 0.1250000000
64125  -42.397  9.337  17.769 0.1250000000
112362  -41.384  9.845  17.228 0.1250000000
67222  -18.917  13.720  39.564 0.1250000000
67243  -18.208  12.819  38.161 0.1250000000
60506  -36.571  6.557  26.644 0.1250000000
119873  -35.807  7.614  24.282 0.1250000000
61405  -35.625  7.170  25.536 0.1250000000
118310  -45.679  8.338  21.546 0.1250000000
64088  -45.992  8.875  21.089 0.1250000000
64106  -44.663  9.215  19.160 0.1250000000
64116  -44.256  9.753  18.597 0.1250000000
63258  -45.010  8.778  19.872 0.1250000000
64115  -43.615  9.573  18.285 0.1250000000
64926  -40.788  10.245  16.894 0.1250000000
104472  -42.067  9.945  17.478 0.1250000000
64939  -40.013  10.274  16.544 0.1250000000
110647  -40.364  10.882  16.643 0.1250000000
65759  -38.721  10.924  16.117 0.1250000000
68045  -19.890  14.333  41.374 0.1250000000
105464  -19.432  14.983  40.426 0.1250000000
117851  -18.424  14.451  38.966 0.1250000000
67233  -17.664  13.652  37.728 0.1250000000
67234  -18.269  13.739  38.588 0.1250000000
66416  -17.943  12.036  36.667 0.1250000000
66424  -18.010  11.927  35.714 0.1250000000
104032  -18.407  10.724  37.133 0.1250000000
102476  -35.046  7.074  25.189 0.1250000000
62344  -35.282  7.450  24.717 0.1250000000
64107  -45.350  9.544  19.545 0.1250000000
64099  -46.282  9.593  20.631 0.1250000000
64911  -44.968  10.052  18.926 0.1250000000
64912  -45.708  10.440  19.387 0.1250000000
64913  -46.396  10.343  20.081 0.1250000000
65751  -40.952  11.144  16.937 0.1250000000
64928  -42.396  10.868  17.498 0.1250000000
64929  -43.228  10.949  17.809 0.1250000000
65760  -39.645  11.125  16.332 0.1250000000
65777  -38.994  11.720  15.878 0.1250000000
65761  -40.386  11.619  16.576 0.1250000000
107980  -19.337  15.911  40.393 0.1250000000
68911  -19.827  15.368  41.171 0.1250000000
68913  -18.862  15.632  39.731 0.1250000000
68918  -18.228  15.399  38.944 0.1250000000
68055  -17.705  14.633  38.248 0.1250000000
67253  -17.305  13.521  36.758 0.1250000000
67263  -17.200  13.432  35.731 0.1250000000
66423  -17.660  12.641  35.218 0.1250000000
68138  -11.432  14.330  30.147 0.1250000000
65738  -46.356  11.139  19.635 0.1250000000
65731  -47.029  10.972  20.246 0.1250000000
65732  -47.605  11.607  20.641 0.1250000000
65745  -44.462  11.616  18.597 0.1250000000
64920  -45.088  10.973  18.841 0.1250000000
115787  -42.821  11.378  17.691 0.1250000000
65754  -43.141  11.900  17.933 0.1250000000
65762  -41.016  12.023  16.986 0.1250000000
65752  -41.640  11.485  17.275 0.1250000000
66614  -37.155  12.345  14.507 0.1250000000
66601  -39.252  12.439  15.536 0.1250000000
66588  -39.787  12.049  16.134 0.1250000000
116950  -36.687  12.748  14.085 0.1250000000
67454  -37.378  13.007  14.107 0.1250000000
66615  -37.968  12.554  14.641 0.1250000000
72465  -15.548  20.048  42.697 0.1250000000
72470  -14.374  19.160  41.481 0.1250000000
72482  -13.898  18.549  39.907 0.1250000000
72476  -14.271  19.015  40.592 0.1250000000
71538  -13.230  18.018  40.463 0.1250000000
69785  -19.305  16.806  40.322 0.1250000000
70633  -19.731  17.203  40.955 0.1250000000
69784  -18.935  16.385  39.842 0.1250000000
100992  -10.333  16.366  38.798 0.1250000000
70647  -11.799  16.741  39.022 0.1250000000
68917  -17.540  15.584  38.276 0.1250000000
69791  -11.157  16.442  38.369 0.1250000000
68927  -17.119  15.266  37.658 0.1250000000
68069  -16.928  14.239  36.337 0.1250000000
68077  -16.858  14.207  35.360 0.1250000000
68087  -16.916  14.357  34.592 0.1250000000
68100  -18.028  14.017  32.946 0.1250000000
67290  -18.777  13.983  32.564 0.1250000000
69012  -10.932  16.191  29.866 0.1250000000
100464  -46.169  11.887  19.433 0.1250000000
65739  -46.947  11.928  19.851 0.1250000000
65746  -45.047  11.835  18.881 0.1250000000
65737  -45.671  11.422  19.171 0.1250000000
67429  -41.822  13.220  17.341 0.1250000000
65744  -43.799  12.262  18.435 0.1250000000
66590  -41.170  12.812  16.899 0.1250000000
66581  -41.692  12.419  17.355 0.1250000000
67445  -39.489  13.082  15.130 0.1250000000
66602  -39.999  12.803  15.828 0.1250000000
67444  -38.762  12.780  14.870 0.1250000000
73482  -15.479  20.232  42.015 0.1250000000
71533  -19.637  18.983  41.829 0.1250000000
71526  -19.395  19.086  42.524 0.1250000000
73489  -15.429  20.333  41.133 0.1250000000
71527  -19.721  18.192  42.594 0.1250000000
72477  -14.803  19.590  40.774 0.1250000000
72483  -14.572  19.254  39.941 0.1250000000
70642  -19.434  17.812  40.214 0.1250000000
71544  -13.257  17.872  39.535 0.1250000000
104991  -13.785  18.296  38.887 0.1250000000
70641  -18.839  17.158  39.623 0.1250000000
71545  -18.849  18.053  39.363 0.1250000000
70648  -12.491  17.098  38.380 0.1250000000
69793  -17.804  16.378  38.553 0.1250000000
70651  -18.241  17.369  38.823 0.1250000000
116695  -12.403  17.022  37.622 0.1250000000
69807  -17.129  16.257  37.796 0.1250000000
70650  -17.548  17.207  38.056 0.1250000000
70662  -18.001  18.044  38.157 0.1250000000
68933  -16.580  15.734  36.480 0.1250000000
69819  -16.725  16.467  36.989 0.1250000000
107987  -17.062  17.080  37.409 0.1250000000
68941  -16.415  15.730  35.625 0.1250000000
69818  -16.501  16.517  36.175 0.1250000000
68076  -16.545  14.960  35.023 0.1250000000
111581  -17.199  14.177  34.036 0.1250000000
68113  -17.642  14.678  32.687 0.1250000000
68114  -18.237  14.398  32.403 0.1250000000
69885  -10.278  16.360  30.419 0.1250000000
66561  -47.669  12.538  20.466 0.1250000000
66567  -45.443  12.474  19.193 0.1250000000
66568  -46.251  12.692  19.541 0.1250000000
66569  -46.994  13.014  19.917 0.1250000000
104596  -45.632  14.462  19.963 0.1250000000
66574  -42.930  13.563  18.283 0.1250000000
68250  -43.512  14.731  18.465 0.1250000000
69108  -44.018  15.267  18.698 0.1250000000
68242  -44.811  15.110  19.812 0.1250000000
68259  -43.867  15.058  17.847 0.1250000000
68251  -43.828  14.815  19.155 0.1250000000
103547  -39.036  13.301  14.546 0.1250000000
68278  -42.470  14.343  15.628 0.1250000000
67469  -37.544  13.762  13.703 0.1250000000
67470  -38.358  14.062  13.688 0.1250000000
67456  -39.637  13.605  14.549 0.1250000000
68297  -41.482  14.400  14.300 0.1250000000
68314  -37.706  14.552  13.451 0.1250000000
73485  -17.128  21.895  42.677 0.1250000000
73478  -17.544  21.011  43.265 0.1250000000
73484  -16.421  21.433  42.459 0.1250000000
72466  -19.379  19.993  42.854 0.1250000000
117409  -15.843  20.848  41.200 0.1250000000
74319  -16.373  21.507  41.981 0.1250000000
103357  -20.402  20.314  41.572 0.1250000000
72472  -19.643  20.064  41.978 0.1250000000
73495  -15.215  20.006  40.025 0.1250000000
72473  -20.026  19.548  41.402 0.1250000000
117356  -14.837  19.533  39.311 0.1250000000
71546  -19.515  18.687  39.732 0.1250000000
71540  -19.992  18.666  40.522 0.1250000000
72484  -19.694  19.384  39.265 0.1250000000
72490  -18.535  18.742  38.209 0.1250000000
71554  -18.958  18.833  38.972 0.1250000000
71552  -13.612  18.150  37.951 0.1250000000
71565  -18.085  18.563  37.646 0.1250000000
71553  -18.477  18.230  38.710 0.1250000000
69806  -11.121  16.478  37.379 0.1250000000
70649  -12.957  17.527  37.757 0.1250000000
71576  -17.353  18.294  36.452 0.1250000000
71564  -17.481  17.946  37.363 0.1250000000
70685  -16.853  17.836  35.814 0.1250000000
69830  -16.348  16.550  35.357 0.1250000000
104063  -16.360  15.780  34.739 0.1250000000
109917  -16.698  14.999  33.980 0.1250000000
68956  -17.100  15.030  33.120 0.1250000000
68973  -17.979  14.933  31.908 0.1250000000
68986  -18.038  15.446  31.213 0.1250000000
66576  -44.490  12.704  18.853 0.1250000000
66566  -44.837  13.382  19.282 0.1250000000
67425  -43.440  14.155  18.717 0.1250000000
67437  -41.448  13.473  16.637 0.1250000000
67438  -42.065  13.837  17.094 0.1250000000
67431  -42.914  14.203  18.195 0.1250000000
60560  -47.307  5.641  21.637 0.1250000000
61473  -47.634  6.308  21.344 0.1250000000
67446  -40.299  13.483  15.281 0.1250000000
67447  -41.122  13.767  15.783 0.1250000000
68279  -43.209  14.457  16.011 0.1250000000
68258  -43.212  14.605  17.757 0.1250000000
62397  -48.827  8.003  20.801 0.1250000000
116907  -37.063  15.041  13.286 0.1250000000
68294  -39.013  13.790  14.043 0.1250000000
68267  -42.537  14.265  16.593 0.1250000000
63260  -49.144  8.610  20.080 0.1250000000
63261  -49.846  9.133  20.496 0.1250000000
64951  -50.973  10.494  15.341 0.1250000000
75016  -17.767  23.017  42.031 0.1250000000
73486  -18.292  21.584  42.903 0.1250000000
74317  -18.957  22.050  42.521 0.1250000000
73487  -19.453  21.012  42.759 0.1250000000
75015  -17.191  22.545  41.968 0.1250000000
73491  -20.252  20.966  42.282 0.1250000000
74324  -16.216  21.311  41.226 0.1250000000
74320  -16.760  21.931  41.730 0.1250000000
74330  -16.164  21.239  40.122 0.1250000000
73502  -15.692  20.647  39.525 0.1250000000
72491  -19.234  19.503  38.302 0.1250000000
72492  -20.096  20.040  38.869 0.1250000000
73503  -20.891  20.380  39.515 0.1250000000
72489  -14.748  19.475  38.554 0.1250000000
72501  -18.543  19.194  37.535 0.1250000000
72488  -14.229  18.812  38.228 0.1250000000
72512  -18.485  19.512  36.725 0.1250000000
70660  -11.942  16.791  37.071 0.1250000000
71563  -13.322  18.056  36.994 0.1250000000
71591  -17.842  19.089  36.183 0.1250000000
71590  -17.304  18.595  35.663 0.1250000000
70684  -16.472  17.366  35.166 0.1250000000
69838  -16.340  16.675  34.535 0.1250000000
109766  -16.452  15.961  34.003 0.1250000000
68971  -16.713  16.685  32.698 0.1250000000
70743  -17.132  17.759  31.677 0.1250000000
68955  -16.725  15.792  33.177 0.1250000000
105647  -17.542  15.602  31.705 0.1250000000
69886  -17.681  16.861  30.669 0.1250000000
119706  -18.014  15.766  30.815 0.1250000000
67426  -44.082  13.977  19.220 0.1250000000
67418  -45.527  13.455  19.536 0.1250000000
116168  -46.255  13.517  19.786 0.1250000000
68241  -44.269  14.785  19.527 0.1250000000
67417  -44.761  14.246  19.624 0.1250000000
61462  -48.544  6.553  22.582 0.1250000000
61475  -48.951  7.252  22.213 0.1250000000
68266  -41.834  14.041  16.222 0.1250000000
60552  -47.924  5.979  22.214 0.1250000000
61474  -48.320  6.679  21.778 0.1250000000
67458  -40.892  14.032  14.854 0.1250000000
62388  -48.568  7.378  21.333 0.1250000000
68315  -38.520  14.804  13.442 0.1250000000
68295  -39.734  14.240  13.910 0.1250000000
68296  -40.647  14.349  14.014 0.1250000000
69162  -37.844  15.379  13.319 0.1250000000
69163  -38.791  15.737  13.349 0.1250000000
65763  -51.861  11.317  16.024 0.1250000000
64952  -51.598  11.101  15.236 0.1250000000
64955  -51.994  11.386  14.479 0.1250000000
75017  -18.679  22.879  42.161 0.1250000000
74318  -19.906  21.741  42.486 0.1250000000
75025  -17.914  22.431  40.677 0.1250000000
74331  -16.672  21.675  39.579 0.1250000000
75031  -17.263  22.122  38.984 0.1250000000
72502  -19.133  19.882  37.345 0.1250000000
73509  -19.826  20.286  37.960 0.1250000000
73510  -20.750  20.728  38.495 0.1250000000
73501  -15.232  20.056  38.984 0.1250000000
73516  -19.774  20.437  37.071 0.1250000000
72500  -14.630  19.462  37.661 0.1250000000
72513  -19.144  20.127  36.468 0.1250000000
73526  -19.935  20.597  36.155 0.1250000000
72499  -14.038  18.738  37.228 0.1250000000
72528  -18.479  19.789  35.780 0.1250000000
72529  -19.243  20.281  35.708 0.1250000000
117097  -13.702  18.512  36.702 0.1250000000
72527  -17.742  19.254  35.371 0.1250000000
102682  -18.158  19.742  34.985 0.1250000000
71606  -16.970  18.524  34.385 0.1250000000
107001  -17.241  18.807  35.017 0.1250000000
72545  -18.279  19.836  34.251 0.1250000000
70695  -16.542  17.638  34.271 0.1250000000
71617  -17.200  18.814  33.695 0.1250000000
72554  -17.804  19.436  33.610 0.1250000000
69848  -16.477  16.710  33.651 0.1250000000
70709  -16.618  17.554  33.301 0.1250000000
70728  -16.810  17.641  32.472 0.1250000000
70756  -17.464  17.629  30.988 0.1250000000
70757  -17.885  17.667  30.277 0.1250000000
68999  -18.036  16.148  30.455 0.1250000000
69014  -18.498  16.049  29.765 0.1250000000
115729  -45.025  15.718  19.756 0.1250000000
69109  -44.692  15.651  18.734 0.1250000000
68260  -44.743  15.045  17.391 0.1250000000
68261  -45.665  15.028  17.099 0.1250000000
101668  -52.799  11.757  14.329 0.1250000000
65779  -53.413  12.130  14.823 0.1250000000
120156  -52.362  11.497  13.996 0.1250000000
65788  -53.787  11.825  13.994 0.1250000000
73493  -21.395  21.904  41.757 0.1250000000
74338  -21.658  21.314  38.424 0.1250000000
74337  -16.602  21.624  38.495 0.1250000000
74349  -20.932  21.195  37.632 0.1250000000
73515  -15.535  20.748  37.615 0.1250000000
73508  -15.635  20.659  38.525 0.1250000000
72511  -14.522  19.489  36.732 0.1250000000
73537  -18.907  20.203  34.904 0.1250000000
72555  -18.389  19.893  33.526 0.1250000000
72563  -17.646  19.089  32.124 0.1250000000
118784  -17.411  18.095  31.253 0.1250000000
71637  -17.776  18.430  30.842 0.1250000000
69990  -45.108  16.003  19.392 0.1250000000
69991  -45.614  16.302  19.967 0.1250000000
70004  -45.968  16.686  19.391 0.1250000000
69118  -45.119  15.550  17.900 0.1250000000
65780  -54.373  12.154  14.487 0.1250000000
65794  -54.877  11.683  13.685 0.1250000000
65795  -55.548  11.878  13.738 0.1250000000
67486  -55.807  13.078  11.782 0.1250000000
67485  -54.947  13.540  11.407 0.1250000000
75027  -19.637  23.082  41.397 0.1250000000
118456  -20.304  23.164  41.318 0.1250000000
101441  -20.332  23.004  41.674 0.1250000000
75026  -18.722  22.750  41.051 0.1250000000
75023  -21.886  22.290  41.386 0.1250000000
75033  -18.582  22.623  39.885 0.1250000000
74332  -22.367  21.568  40.085 0.1250000000
75043  -17.073  21.951  37.861 0.1250000000
101790  -22.500  21.553  39.192 0.1250000000
74350  -21.771  21.503  37.480 0.1250000000
118997  -20.652  20.963  36.253 0.1250000000
73525  -15.454  20.833  36.739 0.1250000000
73539  -20.555  20.924  35.506 0.1250000000
72526  -14.280  19.554  35.718 0.1250000000
73524  -14.935  20.224  36.262 0.1250000000
73554  -20.444  20.922  34.613 0.1250000000
73567  -19.587  20.545  33.366 0.1250000000
73552  -18.953  20.212  33.912 0.1250000000
73566  -18.868  20.182  33.023 0.1250000000
72564  -18.120  19.638  32.752 0.1250000000
103166  -18.194  19.550  31.947 0.1250000000
71638  -17.957  19.130  31.400 0.1250000000
100922  -18.416  19.222  30.665 0.1250000000
69110  -45.469  16.084  18.571 0.1250000000
66605  -55.323  12.606  14.662 0.1250000000
67459  -55.883  13.016  14.544 0.1250000000
66616  -55.135  12.120  14.287 0.1250000000
67471  -56.276  12.837  13.934 0.1250000000
66627  -56.146  12.085  13.433 0.1250000000
66628  -56.374  12.727  13.317 0.1250000000
67477  -56.092  13.612  12.353 0.1250000000
69196  -55.068  15.283  11.745 0.1250000000
68336  -55.524  14.197  11.920 0.1250000000
68335  -54.452  14.363  11.652 0.1250000000
68334  -53.594  14.429  11.528 0.1250000000
68341  -51.625  14.310  10.649 0.1250000000
67490  -50.890  13.058  10.292 0.1250000000
68346  -50.237  14.556  9.876 0.1250000000
75034  -19.506  22.960  40.451 0.1250000000
75722  -21.125  23.422  40.443 0.1250000000
75029  -21.746  22.898  41.269 0.1250000000
75046  -19.757  22.993  38.783 0.1250000000
75721  -20.274  23.263  39.799 0.1250000000
120884  -22.566  22.662  40.859 0.1250000000
75045  -18.762  22.670  38.662 0.1250000000
100804  -19.378  22.914  39.515 0.1250000000
75044  -17.853  22.311  38.192 0.1250000000
74339  -23.328  21.924  38.909 0.1250000000
75059  -17.666  22.186  37.200 0.1250000000
75063  -23.627  22.187  37.722 0.1250000000
103082  -22.510  21.680  38.239 0.1250000000
74348  -16.465  21.587  37.660 0.1250000000
74351  -22.735  21.874  37.299 0.1250000000
106670  -15.946  21.379  36.315 0.1250000000
75058  -16.767  21.773  36.785 0.1250000000
75073  -17.608  22.130  36.285 0.1250000000
74364  -22.755  21.895  36.209 0.1250000000
107217  -21.220  21.286  35.942 0.1250000000
74363  -21.903  21.560  36.537 0.1250000000
73536  -15.334  20.944  35.850 0.1250000000
74361  -16.467  21.667  35.899 0.1250000000
74373  -21.278  21.363  34.950 0.1250000000
111291  -13.735  19.321  35.044 0.1250000000
73551  -15.133  21.077  34.964 0.1250000000
74371  -15.869  21.489  35.339 0.1250000000
74372  -16.756  21.894  35.105 0.1250000000
73568  -20.318  20.906  33.703 0.1250000000
74382  -15.501  21.494  34.556 0.1250000000
74395  -20.990  21.204  33.065 0.1250000000
73580  -20.266  20.849  32.780 0.1250000000
73590  -19.559  20.293  31.397 0.1250000000
70087  -54.360  16.065  11.425 0.1250000000
69195  -53.948  15.147  11.639 0.1250000000
70101  -53.111  16.182  10.602 0.1250000000
69194  -53.092  14.884  11.422 0.1250000000
67483  -52.910  14.026  11.312 0.1250000000
116955  -52.411  16.101  10.043 0.1250000000
107924  -52.369  14.603  11.021 0.1250000000
70115  -52.002  16.318  9.129 0.1250000000
70130  -51.591  16.625  7.465 0.1250000000
69220  -51.177  15.996  8.878 0.1250000000
68347  -51.027  14.853  10.238 0.1250000000
69212  -50.639  15.339  9.471 0.1250000000
75732  -21.288  23.451  39.576 0.1250000000
75715  -23.056  23.182  40.301 0.1250000000
75062  -20.838  23.201  37.930 0.1250000000
112855  -20.620  23.260  38.814 0.1250000000
101923  -21.515  23.453  38.653 0.1250000000
75061  -19.413  22.727  37.815 0.1250000000
75075  -19.116  22.671  36.748 0.1250000000
75060  -18.506  22.488  37.528 0.1250000000
75064  -24.654  22.532  37.838 0.1250000000
117314  -18.681  22.565  36.251 0.1250000000
75077  -24.682  22.615  36.739 0.1250000000
75084  -17.562  22.169  35.414 0.1250000000
74375  -22.766  21.861  35.235 0.1250000000
75072  -17.041  21.896  35.900 0.1250000000
74386  -22.686  21.885  34.352 0.1250000000
112503  -22.098  21.629  34.850 0.1250000000
74384  -21.067  21.307  33.975 0.1250000000
104682  -20.339  20.723  31.864 0.1250000000
73591  -20.613  20.575  30.959 0.1250000000
70088  -55.323  16.396  11.470 0.1250000000
70103  -54.751  16.978  10.960 0.1250000000
70116  -53.384  16.806  9.857 0.1250000000
70102  -53.870  16.569  10.783 0.1250000000
119078  -52.722  16.622  9.267 0.1250000000
71005  -53.887  17.866  8.465 0.1250000000
70124  -52.534  16.805  8.549 0.1250000000
71004  -53.081  17.362  8.087 0.1250000000
70131  -52.322  16.987  7.763 0.1250000000
75734  -23.310  23.750  39.121 0.1250000000
75735  -24.267  23.710  39.165 0.1250000000
101177  -22.541  23.659  38.312 0.1250000000
75037  -25.429  23.028  39.153 0.1250000000
103290  -21.567  23.467  37.821 0.1250000000
109366  -25.437  22.907  37.469 0.1250000000
75065  -25.553  22.960  38.340 0.1250000000
112148  -20.651  23.257  36.216 0.1250000000
75086  -19.053  22.713  35.832 0.1250000000
75087  -23.719  22.310  35.796 0.1250000000
75100  -18.834  22.658  35.129 0.1250000000
75114  -23.406  22.325  33.733 0.1250000000
75101  -23.461  22.224  34.736 0.1250000000
75099  -18.184  22.506  34.848 0.1250000000
74404  -22.493  21.778  32.544 0.1250000000
74397  -22.577  21.882  33.461 0.1250000000
120829  -21.679  21.249  31.703 0.1250000000
74403  -21.717  21.411  32.400 0.1250000000
70994  -54.914  18.197  9.634 0.1250000000
70983  -54.346  17.363  10.167 0.1250000000
71006  -54.730  18.403  8.849 0.1250000000
70993  -54.080  17.646  9.297 0.1250000000
71929  -54.418  18.574  7.243 0.1250000000
71015  -52.902  17.510  7.266 0.1250000000
75745  -24.699  23.695  38.191 0.1250000000
75756  -25.294  24.254  37.258 0.1250000000
100910  -23.332  23.936  37.449 0.1250000000
75744  -23.699  23.816  38.522 0.1250000000
75747  -25.723  23.343  37.467 0.1250000000
75754  -22.022  23.658  37.170 0.1250000000
75769  -21.516  23.565  36.258 0.1250000000
75078  -25.641  23.090  36.702 0.1250000000
75768  -21.135  23.609  35.361 0.1250000000
75782  -19.619  23.016  35.032 0.1250000000
121263  -24.202  22.531  35.096 0.1250000000
75781  -18.863  22.991  34.290 0.1250000000
75112  -17.318  22.613  33.655 0.1250000000
74410  -22.380  21.621  31.608 0.1250000000
74409  -21.968  21.233  30.960 0.1250000000
71919  -54.582  18.512  8.054 0.1250000000
71939  -54.282  18.565  6.362 0.1250000000
76441  -24.865  24.631  36.825 0.1250000000
76442  -25.945  24.552  36.672 0.1250000000
76432  -25.994  23.819  37.094 0.1250000000
76440  -23.509  24.342  36.563 0.1250000000
75090  -26.128  23.588  36.675 0.1250000000
117086  -21.894  23.862  35.645 0.1250000000
75770  -22.420  23.907  36.364 0.1250000000
75772  -26.335  24.090  36.003 0.1250000000
75103  -24.914  22.957  34.986 0.1250000000
75793  -20.487  24.317  34.261 0.1250000000
105397  -18.934  23.725  33.534 0.1250000000
75126  -23.191  22.242  32.777 0.1250000000
75113  -18.022  22.758  34.024 0.1250000000
75791  -18.276  23.655  33.187 0.1250000000
121207  -22.757  22.053  31.293 0.1250000000
75134  -22.620  22.377  30.825 0.1250000000
74414  -22.386  21.743  30.786 0.1250000000
76454  -25.334  25.421  36.392 0.1250000000
76453  -23.743  24.908  36.127 0.1250000000
76455  -26.175  25.340  36.117 0.1250000000
76461  -22.649  24.878  35.201 0.1250000000
77106  -26.227  25.862  35.630 0.1250000000
76443  -26.232  24.430  36.449 0.1250000000
76452  -22.587  24.320  35.699 0.1250000000
75785  -26.002  24.748  34.945 0.1250000000
75771  -25.502  23.731  34.980 0.1250000000
77110  -20.869  25.367  34.367 0.1250000000
76470  -25.473  24.928  34.029 0.1250000000
75116  -24.652  23.228  34.116 0.1250000000
77109  -19.903  25.909  34.072 0.1250000000
76469  -20.032  25.045  33.930 0.1250000000
75795  -25.078  24.009  33.893 0.1250000000
75794  -24.266  23.247  33.130 0.1250000000
77121  -19.331  25.276  33.516 0.1250000000
76468  -19.590  24.389  33.668 0.1250000000
75804  -24.029  23.540  32.425 0.1250000000
111965  -23.763  22.654  33.032 0.1250000000
76485  -23.733  23.981  32.070 0.1250000000
75130  -23.600  22.775  32.280 0.1250000000
75807  -22.596  23.348  31.120 0.1250000000
121081  -22.045  23.373  30.714 0.1250000000
73774  -54.584  21.318  7.569 0.1250000000
73789  -55.112  21.828  6.864 0.1250000000
113307  -54.356  21.521  5.490 0.1250000000
73817  -53.922  20.982  2.753 0.1250000000
74617  -54.663  21.595  2.276 0.1250000000
77105  -25.944  26.253  35.946 0.1250000000
76462  -23.966  25.557  35.936 0.1250000000
77112  -23.034  25.629  35.351 0.1250000000
77123  -25.447  25.728  34.202 0.1250000000
77777  -21.551  26.102  34.728 0.1250000000
77136  -24.824  25.128  33.383 0.1250000000
77776  -20.094  26.693  34.657 0.1250000000
77762  -21.024  26.761  34.927 0.1250000000
76479  -24.264  24.395  32.681 0.1250000000
77787  -18.965  26.095  33.663 0.1250000000
77786  -18.131  26.265  33.409 0.1250000000
76484  -23.065  24.134  31.675 0.1250000000
76478  -23.477  24.733  32.257 0.1250000000
116559  -25.113  26.178  36.163 0.1250000000
77104  -25.381  26.882  36.025 0.1250000000
77767  -26.161  26.409  35.378 0.1250000000
77103  -24.154  26.318  36.027 0.1250000000
77780  -25.874  26.903  35.101 0.1250000000
77778  -22.695  26.108  35.253 0.1250000000
78430  -21.418  27.362  35.737 0.1250000000
77122  -24.668  25.989  33.614 0.1250000000
78441  -20.354  27.356  35.404 0.1250000000
77135  -24.049  25.360  32.845 0.1250000000
77134  -23.113  25.638  32.522 0.1250000000
77775  -19.231  26.650  34.388 0.1250000000
78417  -19.669  27.940  36.003 0.1250000000
77141  -22.597  25.042  31.940 0.1250000000
77774  -18.403  26.711  34.127 0.1250000000
78440  -19.407  27.270  35.161 0.1250000000
77773  -17.637  26.824  33.913 0.1250000000
78439  -18.566  27.191  34.913 0.1250000000
115963  -17.206  27.168  34.399 0.1250000000
77765  -24.875  27.361  36.291 0.1250000000
78434  -25.491  27.298  35.398 0.1250000000
78443  -25.003  27.810  35.563 0.1250000000
78448  -24.382  27.609  34.471 0.1250000000
78432  -24.207  27.810  36.706 0.1250000000
77788  -23.520  27.134  33.515 0.1250000000
78431  -22.716  27.400  36.283 0.1250000000
77798  -23.778  26.279  33.126 0.1250000000
77797  -22.789  26.523  32.788 0.1250000000
78454  -22.453  27.294  33.136 0.1250000000
79116  -19.979  28.450  37.122 0.1250000000
78429  -18.758  27.796  35.686 0.1250000000
78428  -17.927  27.644  35.387 0.1250000000
78437  -16.609  27.302  34.507 0.1250000000
100563  -25.227  27.463  35.878 0.1250000000
79135  -24.604  28.653  35.958 0.1250000000
78433  -24.690  28.389  36.468 0.1250000000
78419  -23.287  28.120  37.127 0.1250000000
78447  -23.251  27.931  34.032 0.1250000000
113171  -22.465  28.444  37.540 0.1250000000
78446  -21.989  27.896  33.515 0.1250000000
79117  -21.236  28.512  37.617 0.1250000000
78453  -21.468  27.424  32.853 0.1250000000
79106  -20.288  28.960  38.221 0.1250000000
78425  -14.411  27.587  35.058 0.1250000000
79128  -19.006  28.399  36.598 0.1250000000
78436  -15.208  27.334  34.477 0.1250000000
79127  -18.158  28.309  36.133 0.1250000000
105535  -16.013  27.480  34.798 0.1250000000
107902  -17.097  27.517  35.052 0.1250000000
116088  -24.713  29.035  36.768 0.1250000000
78420  -24.358  28.657  37.271 0.1250000000
115867  -23.966  28.970  35.657 0.1250000000
79109  -23.663  29.240  38.069 0.1250000000
79134  -23.632  28.572  34.921 0.1250000000
79101  -21.879  29.424  38.566 0.1250000000
79141  -22.450  28.438  34.250 0.1250000000
79107  -21.183  29.163  38.487 0.1250000000
79812  -20.241  30.093  38.922 0.1250000000
103439  -21.355  28.385  33.761 0.1250000000
78424  -13.468  27.641  35.403 0.1250000000
79820  -19.766  29.604  38.598 0.1250000000
79811  -19.415  30.355  38.906 0.1250000000
110582  -18.433  28.760  36.953 0.1250000000
79114  -17.610  28.834  36.639 0.1250000000
78426  -15.443  27.801  35.235 0.1250000000
106581  -17.310  28.164  35.739 0.1250000000
78427  -16.399  27.914  35.389 0.1250000000
79126  -16.734  28.675  35.987 0.1250000000
79110  -24.357  29.351  37.607 0.1250000000
79843  -24.020  29.569  36.758 0.1250000000
79842  -22.898  29.759  36.325 0.1250000000
80456  -22.738  30.293  38.189 0.1250000000
103999  -22.923  28.913  35.090 0.1250000000
79851  -22.309  29.376  35.430 0.1250000000
80445  -20.758  30.591  38.708 0.1250000000
79813  -21.178  29.833  38.786 0.1250000000
79133  -21.731  28.901  34.565 0.1250000000
78423  -12.782  27.674  35.919 0.1250000000
80443  -19.059  31.090  39.081 0.1250000000
79850  -21.065  29.542  34.965 0.1250000000
79123  -14.015  28.189  35.527 0.1250000000
79830  -18.338  29.375  37.497 0.1250000000
79818  -18.156  30.172  38.016 0.1250000000
79132  -20.484  28.978  34.014 0.1250000000
79829  -17.588  29.635  37.205 0.1250000000
79125  -15.827  28.492  35.639 0.1250000000
79113  -17.025  29.238  36.572 0.1250000000
79832  -23.995  29.662  37.440 0.1250000000
79105  -12.098  28.301  37.392 0.1250000000
80467  -22.358  30.637  37.569 0.1250000000
79831  -23.248  30.078  37.168 0.1250000000
80478  -22.130  30.355  36.762 0.1250000000
119987  -12.771  28.071  36.172 0.1250000000
81083  -21.533  31.235  37.861 0.1250000000
79122  -13.289  28.105  35.771 0.1250000000
81062  -19.474  31.562  38.792 0.1250000000
81081  -20.003  32.173  36.923 0.1250000000
80477  -20.990  30.681  36.257 0.1250000000
79841  -21.636  29.954  35.869 0.1250000000
79838  -14.374  28.938  35.565 0.1250000000
79839  -15.305  29.108  35.718 0.1250000000
79827  -15.735  29.990  35.882 0.1250000000
120615  -16.371  30.166  36.420 0.1250000000
80465  -17.446  30.461  37.570 0.1250000000
80453  -17.900  30.977  38.379 0.1250000000
81061  -18.733  31.779  38.862 0.1250000000
80489  -20.516  30.346  35.358 0.1250000000
79124  -14.886  28.311  35.503 0.1250000000
79840  -16.291  29.338  36.119 0.1250000000
79849  -19.994  29.899  34.514 0.1250000000
79112  -12.403  28.438  36.520 0.1250000000
104968  -12.204  29.167  35.984 0.1250000000
103454  -12.832  28.566  35.859 0.1250000000
79836  -12.912  29.213  35.366 0.1250000000
81079  -16.115  32.044  36.535 0.1250000000
82176  -16.962  33.498  37.229 0.1250000000
82177  -17.753  33.874  37.325 0.1250000000
115176  -17.801  34.332  36.577 0.1250000000
82730  -18.159  34.401  36.260 0.1250000000
104121  -13.533  28.752  35.568 0.1250000000
79837  -13.737  29.596  35.161 0.1250000000
81637  -17.142  32.825  37.947 0.1250000000
117735  -18.284  33.174  38.308 0.1250000000
82179  -18.904  33.428  37.425 0.1250000000
82186  -18.637  33.757  36.520 0.1250000000
80475  -14.792  29.909  35.390 0.1250000000
81080  -16.622  31.641  37.250 0.1250000000
81630  -18.076  32.681  38.546 0.1250000000
81650  -18.955  33.266  35.854 0.1250000000
81656  -18.753  33.344  34.653 0.1250000000
79104  -11.741  28.734  38.117 0.1250000000
105661  -11.390  29.649  37.379 0.1250000000
79825  -11.527  29.657  36.493 0.1250000000
103583  -11.141  30.276  35.947 0.1250000000
81663  -15.102  32.933  34.065 0.1250000000
82202  -15.380  33.810  33.908 0.1250000000
82752  -15.561  34.708  33.767 0.1250000000
83230  -16.161  35.243  34.619 0.1250000000
79826  -11.845  28.999  37.136 0.1250000000
117084  -11.737  29.811  35.621 0.1250000000
79835  -12.322  29.740  35.149 0.1250000000
81095  -13.676  30.850  33.976 0.1250000000
81096  -14.416  31.224  34.373 0.1250000000
82185  -15.738  33.611  35.040 0.1250000000
82736  -16.475  34.308  35.796 0.1250000000
82745  -16.128  34.563  35.134 0.1250000000
82746  -16.702  35.043  35.475 0.1250000000
80485  -12.553  30.176  34.441 0.1250000000
81097  -15.091  31.801  34.951 0.1250000000
114401  -15.728  32.595  35.728 0.1250000000
81642  -16.298  32.900  36.680 0.1250000000
104036  -16.852  34.110  36.514 0.1250000000
80474  -14.127  30.421  34.705 0.1250000000
81088  -15.535  31.488  35.693 0.1250000000
82738  -17.792  34.989  35.832 0.1250000000
110877  -17.305  35.247  35.574 0.1250000000
116757  -15.418  30.632  35.623 0.1250000000
82193  -18.624  34.042  35.654 0.1250000000
80451  -11.016  30.040  38.144 0.1250000000
80462  -10.983  30.212  37.045 0.1250000000
80461  -10.528  30.910  36.606 0.1250000000
104235  -11.639  30.392  34.823 0.1250000000
80494  -12.213  30.928  33.583 0.1250000000
83238  -16.414  36.228  34.296 0.1250000000
80495  -12.869  30.700  33.784 0.1250000000
81103  -13.311  31.305  33.341 0.1250000000
82201  -14.806  33.213  33.187 0.1250000000
82213  -15.145  34.075  32.962 0.1250000000
81108  -12.988  31.718  32.749 0.1250000000
81670  -13.297  32.335  32.327 0.1250000000
83223  -16.932  35.737  35.000 0.1250000000
80440  -10.386  30.632  38.801 0.1250000000
83225  -17.943  35.443  35.367 0.1250000000
83224  -17.562  35.718  35.092 0.1250000000
81070  -9.844  31.392  38.408 0.1250000000
81078  -9.943  31.587  37.342 0.1250000000
82739  -18.296  34.942  35.493 0.1250000000
83649  -17.712  36.478  34.652 0.1250000000
81069  -9.329  32.098  38.025 0.1250000000
83231  -18.222  35.551  34.889 0.1250000000
111966  -8.100  32.448  39.611 0.1250000000
81641  -9.407  32.403  36.847 0.1250000000
81648  -9.803  32.449  35.682 0.1250000000
103798  -8.734  32.380  38.549 0.1250000000
81636  -8.785  32.679  37.677 0.1250000000
81653  -10.498  32.494  33.920 0.1250000000
82200  -10.884  32.916  33.042 0.1250000000
81647  -9.304  32.992  36.084 0.1250000000
115054  -10.041  32.616  34.818 0.1250000000
82175  -8.782  33.240  36.720 0.1250000000
80450  -10.464  30.832  37.752 0.1250000000
102878  -11.653  30.955  33.957 0.1250000000
82758  -15.284  34.996  32.862 0.1250000000
83237  -15.751  35.641  33.663 0.1250000000
81102  -12.607  31.263  33.205 0.1250000000
83661  -15.806  36.631  33.572 0.1250000000
104689  -10.135  31.691  36.141 0.1250000000
81094  -11.106  31.102  34.534 0.1250000000
81101  -11.836  31.449  33.243 0.1250000000
82757  -14.724  34.407  32.153 0.1250000000
83245  -15.299  35.937  32.812 0.1250000000
103101  -10.473  31.816  34.870 0.1250000000
83648  -17.162  36.677  34.648 0.1250000000
84105  -17.555  37.276  34.553 0.1250000000
81628  -8.182  32.673  38.959 0.1250000000
82169  -8.358  33.164  37.455 0.1250000000
82199  -10.236  33.463  33.634 0.1250000000
82184  -9.561  33.146  35.289 0.1250000000
81107  -12.376  31.693  32.796 0.1250000000
81669  -12.564  32.160  32.363 0.1250000000
81678  -12.805  32.765  31.851 0.1250000000
82217  -13.093  33.414  31.509 0.1250000000
82218  -13.863  33.956  31.566 0.1250000000
82766  -14.265  34.785  31.656 0.1250000000
82212  -14.448  33.507  32.302 0.1250000000
83244  -14.810  35.302  32.131 0.1250000000
81660  -11.239  32.123  33.157 0.1250000000
81671  -14.075  32.687  32.614 0.1250000000
83660  -15.169  36.862  32.814 0.1250000000
81093  -11.095  31.595  33.874 0.1250000000
83655  -16.500  37.266  34.223 0.1250000000
83252  -14.159  35.530  31.604 0.1250000000
107220  -11.485  32.575  32.640 0.1250000000
111133  -14.724  36.173  32.125 0.1250000000
82210  -12.036  32.667  32.178 0.1250000000
119269  -14.540  36.935  32.226 0.1250000000
84123  -15.701  37.745  33.622 0.1250000000
84113  -16.526  38.316  34.378 0.1250000000
82209  -11.373  33.223  32.330 0.1250000000
82756  -11.186  34.074  31.974 0.1250000000
82763  -11.876  34.586  31.339 0.1250000000
107820  -17.146  38.763  34.535 0.1250000000
82216  -12.143  33.491  31.648 0.1250000000
82764  -12.864  34.171  31.275 0.1250000000
84122  -14.818  37.708  32.761 0.1250000000
82765  -13.541  34.835  31.317 0.1250000000
104828  -15.181  38.668  33.494 0.1250000000
84686  -15.929  38.741  34.077 0.1250000000
83251  -13.325  35.698  31.307 0.1250000000
83669  -14.016  36.419  31.665 0.1250000000
84131  -13.935  37.490  31.917 0.1250000000
103729  -12.659  35.024  31.137 0.1250000000
83668  -13.152  36.631  31.352 0.1250000000
106982  -13.536  38.487  31.986 0.1250000000
84121  -14.337  38.533  32.693 0.1250000000
85252  -14.710  39.686  33.513 0.1250000000
84130  -12.860  37.619  31.375 0.1250000000
59669  -46.582  4.512  22.267 0.1250000000
59675  -46.972  5.027  21.902 0.1250000000
73492  -20.932  21.208  41.940 0.1250000000
74321  -20.468  22.336  42.216 0.1250000000
73511  -21.632  21.055  39.398 0.1250000000
75022  -21.167  22.672  41.681 0.1250000000
72485  -20.346  19.818  39.597 0.1250000000
75020  -18.659  23.051  41.857 0.1250000000
75024  -17.227  22.097  40.174 0.1250000000
74336  -16.157  21.147  39.023 0.1250000000
62379  -44.581  7.217  22.218 0.1250000000
62343  -34.420  7.388  24.657 0.1250000000
65778  -52.444  11.713  15.256 0.1250000000
66604  -54.724  12.529  14.916 0.1250000000
68048  -18.887  14.711  39.656 0.1250000000
112561  -18.088  12.216  37.480 0.1250000000
70964  -55.591  17.358  11.076 0.1250000000
71532  -13.705  18.519  41.959 0.1250000000
108359  -19.349  18.889  43.207 0.1250000000
73483  -15.971  20.891  42.314 0.1250000000
73479  -18.696  20.621  43.168 0.1250000000
105271  -19.867  18.114  42.039 0.1250000000
69776  -19.705  16.315  41.020 0.1250000000
75048  -25.054  22.610  38.907 0.1250000000
71547  -20.214  19.320  40.051 0.1250000000
70634  -19.922  17.980  40.954 0.1250000000
56784  -30.583  1.152  32.872 0.1250000000
45630  -23.432  -9.835  45.675 0.1250000000
110271  -39.756  7.359  25.529 0.1250000000
61439  -40.443  6.413  23.731 0.1250000000
78416  -12.399  27.776  36.733 0.1250000000
81624  -8.506  31.982  39.778 0.1250000000
71539  -13.745  18.566  40.951 0.1250000000
72871  -55.402  19.651  4.675 0.1250000000
74593  -54.887  21.886  4.083 0.1250000000
72543  -14.117  19.900  34.778 0.1250000000
79810  -11.378  29.132  38.987 0.1250000000
81629  -8.642  32.147  39.252 0.1250000000
81058  -9.205  31.800  38.910 0.1250000000
60548  -40.083  5.715  22.262 0.1250000000
62403  -42.164  7.301  19.137 0.1250000000
62404  -42.699  7.564  19.388 0.1250000000
61397  -37.094  6.921  27.174 0.1250000000
102692  -38.780  7.273  17.125 0.1250000000
63267  -42.525  8.365  18.469 0.1250000000
63248  -43.943  7.945  19.909 0.1250000000
63276  -41.603  8.405  17.784 0.1250000000
64105  -43.836  8.889  18.831 0.1250000000
63287  -40.212  8.934  16.891 0.1250000000
62345  -36.117  7.522  24.851 0.1250000000
63239  -45.249  8.372  20.800 0.1250000000
64098  -45.652  9.136  20.307 0.1250000000
64126  -42.998  9.980  17.789 0.1250000000
64927  -41.541  10.585  17.205 0.1250000000
65776  -38.185  11.449  15.608 0.1250000000
66406  -17.726  12.824  37.168 0.1250000000
66415  -17.561  12.703  36.194 0.1250000000
62364  -34.867  7.909  23.924 0.1250000000
64108  -45.896  9.798  19.946 0.1250000000
64919  -44.431  10.647  18.518 0.1250000000
103374  -43.786  10.349  18.137 0.1250000000
64918  -43.851  11.282  18.207 0.1250000000
66600  -38.471  12.144  15.275 0.1250000000
69794  -18.443  16.394  39.256 0.1250000000
68062  -17.192  14.382  37.296 0.1250000000
68998  -11.235  15.221  30.103 0.1250000000
65753  -42.343  11.824  17.594 0.1250000000
66589  -40.518  12.423  16.454 0.1250000000
67468  -36.583  13.466  13.677 0.1250000000
68068  -16.604  14.956  35.950 0.1250000000
66582  -42.446  12.827  17.829 0.1250000000
67436  -40.745  13.147  16.188 0.1250000000
67455  -38.299  13.297  14.193 0.1250000000
70673  -16.845  17.365  36.615 0.1250000000
68099  -17.374  14.410  33.395 0.1250000000
100448  -18.771  14.473  31.932 0.1250000000
66575  -43.639  13.265  18.650 0.1250000000
67430  -42.409  13.685  17.782 0.1250000000
68257  -42.638  14.207  17.480 0.1250000000
68277  -41.690  14.189  15.234 0.1250000000
67457  -40.238  13.911  14.492 0.1250000000
115164  -17.204  22.585  42.127 0.1250000000
71577  -17.930  18.804  36.995 0.1250000000
101665  -17.068  16.218  31.940 0.1250000000
68127  -18.653  14.884  31.224 0.1250000000
114535  -39.002  14.345  13.662 0.1250000000
75018  -17.261  22.229  41.258 0.1250000000
69872  -17.265  16.916  31.381 0.1250000000
71628  -17.160  18.413  32.281 0.1250000000
69000  -18.495  15.477  30.518 0.1250000000
68316  -39.366  14.903  13.470 0.1250000000
73527  -20.444  20.861  36.906 0.1250000000
73514  -15.072  20.135  37.174 0.1250000000
73538  -19.806  20.564  35.193 0.1250000000
72544  -17.593  19.245  34.483 0.1250000000
71627  -16.909  18.306  33.049 0.1250000000
73553  -19.670  20.556  34.298 0.1250000000
67494  -54.402  13.138  10.751 0.1250000000
73535  -14.742  20.393  35.341 0.1250000000
73579  -19.536  20.476  32.429 0.1250000000
69202  -51.879  15.188  10.508 0.1250000000
69213  -51.479  15.682  9.763 0.1250000000
75723  -21.865  23.477  40.121 0.1250000000
106865  -23.213  21.984  38.126 0.1250000000
74396  -21.765  21.543  33.268 0.1250000000
74402  -21.001  21.096  32.205 0.1250000000
69203  -52.653  15.487  10.893 0.1250000000
69204  -53.454  15.751  11.236 0.1250000000
70123  -51.757  16.520  8.293 0.1250000000
75733  -22.372  23.568  39.432 0.1250000000
75752  -20.155  22.941  37.133 0.1250000000
73592  -21.211  20.925  31.366 0.1250000000
70125  -53.272  17.143  8.889 0.1250000000
71016  -53.700  18.011  7.647 0.1250000000
75746  -25.449  23.347  37.885 0.1250000000
75767  -19.806  22.963  36.061 0.1250000000
75102  -24.119  22.636  34.334 0.1250000000
75129  -23.031  22.123  31.911 0.1250000000
102478  -20.433  23.575  34.755 0.1250000000
75783  -21.115  23.999  34.741 0.1250000000
75792  -19.693  23.617  34.192 0.1250000000
76460  -21.506  24.625  34.649 0.1250000000
107879  -23.085  22.588  31.488 0.1250000000
77113  -26.117  26.258  34.858 0.1250000000
77111  -22.029  25.440  34.791 0.1250000000
75805  -24.554  23.852  33.025 0.1250000000
77789  -24.513  26.845  34.000 0.1250000000
77763  -22.068  26.674  35.435 0.1250000000
77764  -23.525  26.824  36.098 0.1250000000
78418  -21.928  27.964  36.708 0.1250000000
116108  -20.727  27.986  36.347 0.1250000000
79115  -19.221  29.010  37.723 0.1250000000
79819  -18.919  29.847  38.371 0.1250000000
80442  -18.352  31.389  38.802 0.1250000000
81064  -21.311  31.138  38.243 0.1250000000
81073  -20.759  31.747  38.035 0.1250000000
80464  -16.787  30.740  37.033 0.1250000000
80466  -21.378  31.015  37.172 0.1250000000
81082  -20.723  31.675  37.503 0.1250000000
81632  -19.104  32.406  38.541 0.1250000000
81633  -19.942  32.119  38.270 0.1250000000
81090  -20.454  31.432  36.585 0.1250000000
81644  -19.509  32.815  37.262 0.1250000000
81645  -20.107  32.303  37.745 0.1250000000
81071  -17.080  32.114  38.042 0.1250000000
81072  -17.682  31.738  38.496 0.1250000000
80488  -19.661  30.824  34.838 0.1250000000
79848  -12.997  29.742  34.843 0.1250000000
80463  -16.092  30.959  36.319 0.1250000000
81643  -16.638  32.552  37.380 0.1250000000
82170  -17.680  33.287  38.089 0.1250000000
81649  -16.316  33.559  36.220 0.1250000000
82729  -17.361  34.116  36.781 0.1250000000
82171  -18.307  33.583  37.798 0.1250000000
82178  -18.229  33.927  37.032 0.1250000000
80486  -13.324  30.241  34.454 0.1250000000
81639  -19.543  32.886  37.988 0.1250000000
82187  -19.089  33.221  36.689 0.1250000000
81651  -19.387  32.645  36.343 0.1250000000
80473  -10.775  30.975  35.437 0.1250000000
81655  -15.295  32.589  34.773 0.1250000000
118178  -15.760  34.408  34.523 0.1250000000
80484  -12.162  30.554  34.035 0.1250000000
81087  -14.877  30.897  35.100 0.1250000000
81654  -14.725  32.070  34.184 0.1250000000
81661  -13.666  31.977  32.985 0.1250000000
81662  -14.413  32.385  33.422 0.1250000000
39203  -1.804  -17.151  53.229 0.1250000000
39204  -2.325  -17.506  53.148 0.1250000000
41026  -1.641  -15.770  45.265 0.1250000000
41859  -3.974  -14.813  53.544 0.3750000000
41889  -9.347  -13.406  46.377 0.1250000000
41897  -9.517  -13.466  45.424 0.1250000000
42709  -3.044  -13.877  53.573 0.5000000000
42841  -6.279  -13.061  37.503 0.1250000000
42852  -5.719  -13.692  36.681 0.1250000000
44562  -3.872  -11.902  54.308 0.6250000000
46560  0.770  -9.662  52.331 0.6250000000
48303  -12.030  -7.228  51.831 0.7500000000
48355  -28.516  -6.166  46.607 0.6250000000
49244  -7.191  -7.374  51.793 0.7500000000
50230  -24.105  -5.717  47.739 0.5000000000
50231  -29.054  -4.870  46.829 0.7500000000
50268  -30.638  -4.820  43.807 0.5000000000
50468  -18.846  -4.988  32.649 1.0000000000
51201  -25.530  -4.612  48.334 0.6250000000
51231  -31.528  -3.241  43.634 0.7500000000
51239  -31.096  -4.377  43.262 0.3750000000
51383  -21.499  -4.831  32.535 0.8750000000
51384  -22.082  -4.928  32.930 0.8750000000
51397  -19.160  -4.701  32.044 1.0000000000
51400  -22.327  -4.420  32.288 0.8750000000
51401  -23.227  -4.063  32.457 0.8750000000
51411  -19.528  -4.249  31.374 0.8750000000
52224  -30.668  -3.371  45.709 0.7500000000
52295  -32.148  -2.938  39.378 0.1250000000
52366  -16.637  -3.283  31.635 0.8750000000
52369  -19.928  -3.662  30.848 0.8750000000
52386  -21.069  -3.086  30.798 0.8750000000
53257  -32.579  -1.713  41.356 0.7500000000
54166  -32.565  -0.459  42.355 0.7500000000
54208  -33.149  -1.194  38.248 0.5000000000
55026  -9.326  -0.509  45.047 1.0000000000
55031  -31.896  -0.351  44.256 1.0000000000
55060  -32.650  -0.091  40.468 0.7500000000
55066  -32.798  -0.258  39.757 0.7500000000
55091  -32.691  -1.209  36.695 0.3750000000
55846  -14.271  1.160  47.200 1.0000000000
55853  -14.596  1.115  46.613 1.0000000000
55858  -14.498  0.887  46.053 1.0000000000
56644  -14.821  1.509  46.479 0.8750000000
56685  -32.281  0.867  40.750 0.7500000000
56716  -30.509  1.892  36.363 0.3750000000
56775  -14.652  1.364  32.430 0.7500000000
56865  -33.249  1.593  26.041 0.7500000000
56878  -31.939  1.785  25.203 0.7500000000
56883  -36.248  1.921  25.583 0.7500000000
57545  -30.932  2.586  44.059 1.0000000000
57555  -28.404  2.420  43.061 1.0000000000
57560  -31.757  2.243  41.698 0.8750000000
57566  -31.550  2.010  40.679 0.8750000000
57570  -18.887  2.158  39.218 0.2500000000
57571  -19.507  2.241  39.384 0.2500000000
57585  -30.860  3.185  39.106 0.8750000000
57712  -31.739  2.547  28.430 0.7500000000
57759  -29.659  2.686  24.343 0.7500000000
57760  -30.225  2.397  24.664 0.7500000000
57762  -33.765  2.206  24.115 0.7500000000
58507  -31.118  3.182  43.449 1.0000000000
58679  -30.669  2.990  29.013 0.8750000000
58707  -27.618  3.608  25.771 0.7500000000
58708  -28.321  3.241  25.250 0.7500000000
58728  -28.643  3.614  23.476 0.6250000000
58729  -29.384  3.418  23.314 0.7500000000
58730  -30.142  3.216  23.199 0.6250000000
58731  -30.973  3.031  23.119 0.6250000000
58744  -31.548  3.654  22.802 0.8750000000
59424  -30.053  4.037  43.804 1.0000000000
59430  -28.978  4.518  43.251 1.0000000000
59569  -46.744  4.892  32.309 0.7500000000
59622  -26.467  4.450  27.319 0.7500000000
59627  -25.724  4.806  26.106 0.7500000000
59644  -25.984  5.106  24.082 0.6250000000
59652  -26.731  4.646  23.740 0.7500000000
59655  -32.911  4.376  23.078 0.5000000000
60279  -13.058  5.914  50.063 0.6250000000
60305  -20.079  6.330  44.375 0.2500000000
60306  -20.741  6.290  44.253 0.2500000000
60311  -19.416  5.845  44.104 0.2500000000
60315  -29.804  5.617  42.658 1.0000000000
60336  -1.943  5.552  39.493 1.0000000000
60512  -24.014  6.003  25.652 0.6250000000
60544  -29.295  5.290  22.550 0.6250000000
60569  -42.075  5.863  20.800 0.1250000000
60577  -41.124  5.953  19.656 0.1250000000
60584  -39.647  5.869  18.683 0.1250000000
61217  -20.257  6.964  44.320 0.2500000000
61231  -22.691  7.110  42.865 0.2500000000
61337  -45.064  6.765  33.078 0.3750000000
61345  -42.968  6.839  32.370 0.3750000000
61347  -46.334  6.939  32.174 0.3750000000
61376  -20.733  6.163  28.292 0.6250000000
61393  -21.374  7.063  27.002 0.6250000000
61414  -23.668  7.018  24.826 0.6250000000
61416  -25.017  6.179  24.173 0.7500000000
61430  -25.417  6.514  23.627 0.6250000000
61460  -43.363  6.448  22.242 0.1250000000
61512  -39.420  6.911  17.532 0.1250000000
62121  -20.851  6.955  44.419 0.2500000000
62130  -20.429  7.146  43.975 0.2500000000
62131  -21.043  6.874  44.275 0.2500000000
62194  -30.965  7.977  37.788 1.0000000000
62207  -33.839  8.243  36.693 0.8750000000
62247  -46.579  7.402  31.261 0.3750000000
62260  -46.991  7.540  30.737 0.3750000000
62275  -48.134  7.900  30.050 0.3750000000
62306  -21.438  7.697  26.621 0.5000000000
62309  -38.140  7.454  27.024 0.1250000000
62321  -22.601  7.760  25.364 0.5000000000
62338  -24.188  7.197  24.260 0.6250000000
62359  -26.736  7.135  22.948 0.5000000000
62394  -42.950  7.222  20.019 0.1250000000
63099  -34.579  8.421  38.080 0.8750000000
63110  -33.446  8.675  38.159 0.8750000000
63205  -23.387  8.484  24.460 0.5000000000
63206  -28.826  8.889  24.275 0.3750000000
63218  -24.524  8.457  23.584 0.5000000000
63228  -47.022  8.547  23.934 0.3750000000
63277  -42.202  8.706  17.982 0.1250000000
63918  -8.493  9.539  41.715 1.0000000000
63919  -11.785  9.600  41.156 0.6250000000
63922  -11.976  10.126  40.541 0.6250000000
63995  -21.090  9.768  29.661 0.6250000000
64016  -20.787  9.262  28.178 0.6250000000
64021  -49.508  10.210  27.805 0.5000000000
64036  -50.496  10.055  26.668 0.5000000000
64051  -24.288  9.884  24.143 0.5000000000
64052  -27.624  9.734  24.137 0.3750000000
64066  -26.399  9.300  23.475 0.3750000000
64092  -51.342  10.132  22.075 0.3750000000
64815  -23.030  11.141  28.092 0.3750000000
64824  -23.169  10.967  27.221 0.3750000000
64850  -23.570  10.519  25.405 0.3750000000
65537  -4.081  11.879  49.591 1.0000000000
65569  -11.997  11.678  41.240 0.6250000000
65656  -49.599  11.083  27.105 0.5000000000
65671  -49.802  11.541  26.722 0.5000000000
65698  -26.632  11.382  24.677 0.3750000000
66328  -2.713  12.087  49.804 1.0000000000
66329  -3.304  12.191  49.799 1.0000000000
66391  -26.508  12.779  39.697 0.1250000000
66392  -27.124  13.110  39.539 0.1250000000
66493  -28.841  12.584  26.566 0.3750000000
66617  -55.773  12.336  14.138 0.1250000000
67147  -2.732  12.636  49.596 1.0000000000
67191  -12.635  13.070  42.234 0.5000000000
67214  -19.415  13.170  41.388 0.2500000000
67246  -28.086  13.597  38.136 0.1250000000
67248  -2.842  13.769  36.144 0.6250000000
67301  -26.242  13.419  31.969 0.3750000000
67307  -38.103  13.481  32.002 0.1250000000
67350  -27.314  13.682  26.914 0.3750000000
67472  -56.432  13.488  13.492 0.1250000000
67976  -2.773  13.304  49.468 1.0000000000
67977  -3.123  13.648  49.493 1.0000000000
67980  -3.373  14.239  49.126 0.8750000000
67988  -14.578  14.312  47.178 0.5000000000
67989  -15.043  14.589  46.936 0.5000000000
68021  -13.652  14.092  43.317 0.5000000000
68024  -19.724  15.480  42.998 0.3750000000
68031  -19.726  14.766  42.530 0.3750000000
68106  -28.370  14.836  34.132 0.1250000000
68107  -36.042  14.421  33.373 0.2500000000
68189  -38.007  14.832  26.638 0.1250000000
68340  -50.734  13.872  10.379 0.1250000000
68342  -52.209  13.969  10.918 0.1250000000
68833  -2.980  14.636  48.785 1.0000000000
68839  -14.098  14.742  47.168 0.5000000000
68874  -17.720  15.943  44.886 0.3750000000
68886  -18.885  15.694  44.050 0.3750000000
68888  -19.790  15.868  43.535 0.2500000000
68898  -17.301  15.999  42.491 0.3750000000
68934  -16.806  15.041  36.840 0.1250000000
68966  -38.961  15.404  33.109 0.1250000000
68972  -17.226  15.432  32.416 0.1250000000
68985  -17.614  16.106  31.142 0.1250000000
69010  -40.468  15.077  30.202 0.1250000000
69124  -53.286  15.952  16.987 0.3750000000
69161  -36.391  15.430  13.253 0.1250000000
69721  -15.399  16.292  46.374 0.5000000000
69732  -17.398  16.310  45.326 0.3750000000
69733  -18.046  16.320  45.373 0.2500000000
69740  -16.547  16.295  43.996 0.3750000000
69743  -19.658  16.182  44.933 0.2500000000
69750  -17.360  16.313  43.457 0.3750000000
69766  -19.965  16.711  41.554 0.1250000000
69792  -11.877  16.639  37.969 0.1250000000
69795  -28.015  16.464  38.817 0.1250000000
69814  -8.364  16.541  36.860 0.5000000000
69817  -11.164  16.733  35.970 0.2500000000
69826  -8.155  16.711  35.953 0.5000000000
69828  -9.973  16.586  35.912 0.3750000000
69835  -30.557  16.228  36.730 0.1250000000
69894  -41.586  16.181  30.540 0.1250000000
70076  -52.113  16.842  12.741 0.1250000000
70588  -14.732  16.781  46.063 0.3750000000
70597  -19.256  16.704  45.238 0.2500000000
70604  -13.423  17.138  45.218 0.3750000000
70615  -19.760  17.792  43.698 0.2500000000
70616  -19.885  17.566  43.268 0.2500000000
70632  -12.758  17.539  40.092 0.1250000000
70653  -28.989  17.466  39.650 0.1250000000
70655  -30.517  18.141  39.744 0.1250000000
70661  -12.586  17.362  36.936 0.1250000000
70672  -16.531  17.152  35.843 0.1250000000
70679  -7.285  17.570  35.286 0.5000000000
70681  -9.712  16.901  35.293 0.5000000000
70696  -16.833  18.170  35.072 0.1250000000
70722  -39.509  17.416  32.857 0.1250000000
70748  -41.184  17.683  31.956 0.1250000000
70763  -42.737  17.971  30.533 0.1250000000
70781  -42.630  16.889  28.963 0.1250000000
70853  -48.419  18.988  21.286 0.3750000000
70889  -49.569  18.612  18.069 0.1250000000
71501  -3.642  17.827  43.971 0.7500000000
71503  -13.977  17.753  45.096 0.3750000000
71509  -2.118  18.856  43.839 0.7500000000
71512  -13.185  17.736  43.309 0.3750000000
71517  -17.566  19.344  43.937 0.2500000000
71551  -13.145  17.673  38.632 0.1250000000
71575  -13.427  18.385  36.212 0.1250000000
71587  -11.700  17.693  35.128 0.2500000000
71589  -12.984  18.318  35.482 0.2500000000
71616  -16.773  18.204  33.735 0.1250000000
71632  -40.108  18.758  32.600 0.1250000000
71652  -42.502  18.683  30.962 0.1250000000
71677  -43.510  18.268  28.840 0.1250000000
72455  -15.549  19.737  43.338 0.2500000000
72471  -15.014  19.773  41.512 0.2500000000
72493  -30.008  19.488  39.172 0.1250000000
72494  -30.315  19.706  39.040 0.1250000000
72495  -31.109  19.536  39.064 0.1250000000
72510  -13.982  18.886  36.357 0.1250000000
72534  -35.671  20.008  36.224 0.1250000000
72535  -36.040  19.933  35.584 0.1250000000
72572  -39.181  19.746  32.697 0.1250000000
72588  -41.231  19.424  31.782 0.1250000000
72617  -44.033  19.604  29.682 0.1250000000
72628  -44.261  19.843  29.119 0.1250000000
72701  -50.155  20.033  19.661 0.2500000000
72736  -53.978  20.287  15.601 0.6250000000
73490  -15.925  20.904  41.705 0.1250000000
73496  -15.748  20.760  40.558 0.1250000000
73498  -21.515  21.300  41.266 0.2500000000
73507  -15.155  20.089  38.072 0.1250000000
73517  -20.317  20.725  37.611 0.1250000000
73548  -11.382  20.647  33.994 0.2500000000
73549  -13.686  20.279  34.007 0.2500000000
73578  -18.780  20.043  32.142 0.1250000000
73618  -43.747  20.865  29.275 0.1250000000
74315  -16.819  22.057  42.100 0.1250000000
74316  -17.934  22.438  42.385 0.1250000000
74322  -21.891  21.804  41.335 0.2500000000
74323  -22.362  22.071  41.085 0.2500000000
74325  -16.684  21.763  40.754 0.1250000000
74334  -24.204  22.393  39.336 0.1250000000
74347  -16.017  21.227  38.063 0.1250000000
74360  -15.981  21.312  37.192 0.1250000000
74362  -21.113  21.273  36.787 0.1250000000
74374  -21.977  21.581  35.603 0.1250000000
74383  -16.070  21.835  34.452 0.2500000000
74385  -21.876  21.621  34.147 0.1250000000
74390  -11.965  20.983  33.493 0.2500000000
74588  -55.965  22.301  4.529 0.2500000000
74589  -56.087  22.251  4.217 0.2500000000
74594  -55.545  22.181  3.554 0.2500000000
74596  -56.128  22.231  3.663 0.2500000000
74610  -56.095  22.217  2.755 0.2500000000
74618  -55.994  22.077  1.284 0.2500000000
74619  -56.112  21.819  0.806 0.1250000000
74628  -56.095  21.568  0.173 0.1250000000
74637  -55.854  21.413  -0.209 0.1250000000
75019  -17.876  22.751  41.714 0.1250000000
75021  -19.532  23.021  42.025 0.1250000000
75028  -20.980  23.162  41.176 0.1250000000
75030  -24.539  22.985  39.715 0.2500000000
75032  -17.995  22.471  39.063 0.1250000000
75035  -20.320  23.225  40.824 0.1250000000
75036  -25.103  23.115  39.461 0.1250000000
75042  -8.975  22.871  37.932 0.5000000000
75047  -24.036  22.265  38.505 0.1250000000
75049  -25.544  22.920  39.004 0.1250000000
75066  -25.504  23.083  38.426 0.1250000000
75074  -18.302  22.415  36.629 0.1250000000
75076  -23.661  22.240  36.917 0.1250000000
75079  -25.957  23.066  37.556 0.1250000000
75085  -18.313  22.438  35.777 0.1250000000
75088  -24.846  22.772  35.832 0.1250000000
75089  -25.743  23.348  35.882 0.1250000000
75098  -17.435  22.333  34.527 0.1250000000
75111  -16.089  22.190  33.588 0.2500000000
75115  -24.077  22.779  33.599 0.1250000000
75122  -14.047  22.415  32.498 0.2500000000
75123  -15.341  22.599  32.391 0.2500000000
75124  -16.153  22.631  32.627 0.2500000000
75312  -55.974  22.342  3.991 0.2500000000
75315  -55.946  22.324  3.513 0.2500000000
75714  -21.979  23.247  40.685 0.1250000000
75716  -23.907  23.158  39.915 0.2500000000
75724  -23.465  23.470  39.704 0.1250000000
75736  -25.254  23.376  39.046 0.1250000000
75748  -1.655  24.705  37.599 0.5000000000
75753  -21.091  23.339  37.082 0.1250000000
75755  -24.462  24.132  37.271 0.1250000000
75757  -26.169  23.770  36.919 0.1250000000
75775  -5.593  23.578  34.852 0.5000000000
75784  -21.848  24.135  35.064 0.1250000000
75790  -17.811  23.124  33.319 0.1250000000
75802  -17.684  23.642  32.749 0.1250000000
75808  -23.441  23.325  31.788 0.1250000000
76413  -8.924  24.480  41.939 0.5000000000
76423  -10.317  24.488  38.165 0.3750000000
76424  -1.512  24.836  37.940 0.5000000000
76431  -10.505  24.506  37.348 0.3750000000
76456  -26.289  25.175  35.670 0.1250000000
76459  -12.354  25.337  33.385 0.2500000000
76467  -18.783  24.567  33.142 0.2500000000
76477  -17.538  24.329  32.437 0.2500000000
76480  -24.827  24.445  33.371 0.1250000000
77086  -9.342  25.049  42.202 0.3750000000
77114  -26.350  25.850  35.240 0.1250000000
77124  -26.085  25.537  34.756 0.1250000000
77129  -15.495  25.342  32.038 0.2500000000
77130  -16.421  25.219  32.198 0.2500000000
77131  -17.260  25.090  32.437 0.2500000000
77132  -18.039  24.919  32.724 0.2500000000
77738  -8.684  26.574  42.621 0.3750000000
77739  -9.512  26.438  42.545 0.3750000000
77744  -10.844  27.211  41.226 0.3750000000
77766  -25.669  26.897  35.564 0.1250000000
77779  -25.312  27.280  34.882 0.1250000000
77790  -25.373  26.550  34.466 0.1250000000
77793  -15.007  26.099  32.534 0.2500000000
78399  -7.684  27.802  42.483 0.3750000000
78405  -10.798  27.429  41.781 0.3750000000
78421  -24.642  29.089  37.184 0.1250000000
78438  -17.801  27.168  34.656 0.1250000000
78442  -24.337  28.221  34.987 0.1250000000
78468  -9.018  27.267  30.853 0.1250000000
79085  -7.707  28.597  42.642 0.3750000000
79088  -9.902  28.378  42.441 0.3750000000
79091  -10.785  28.041  41.701 0.3750000000
79102  -22.786  29.516  38.398 0.1250000000
79108  -22.385  28.936  38.236 0.1250000000
79118  -23.530  28.746  37.761 0.1250000000
79119  -24.323  29.064  37.660 0.1250000000
79129  -24.474  29.171  36.418 0.1250000000
79787  -7.850  29.313  42.644 0.3750000000
79788  -8.810  29.326  42.536 0.3750000000
79790  -9.854  28.884  42.298 0.3750000000
79795  -10.264  29.035  41.768 0.3750000000
79797  -5.207  29.739  41.846 0.3750000000
79814  -22.198  29.914  38.499 0.1250000000
79817  -11.487  29.366  38.072 0.1250000000
79821  -20.503  29.524  38.703 0.1250000000
79822  -23.550  29.866  38.027 0.1250000000
79828  -16.935  29.900  36.815 0.1250000000
79844  -24.616  29.316  37.084 0.1250000000
79852  -23.564  29.345  35.903 0.1250000000
80424  -8.277  29.889  42.440 0.3750000000
80425  -4.647  30.738  41.487 0.3750000000
80428  -8.544  30.357  41.916 0.3750000000
80429  -9.467  30.041  41.584 0.3750000000
80444  -19.855  30.812  38.966 0.1250000000
80446  -21.762  30.483  38.405 0.1250000000
80452  -17.217  31.304  37.894 0.1250000000
80454  -18.634  30.654  38.755 0.1250000000
80455  -22.249  30.802  38.015 0.1250000000
80468  -23.138  30.252  37.788 0.1250000000
81043  -5.605  30.839  41.811 0.3750000000
81046  -9.001  30.737  41.214 0.3750000000
81060  -18.120  32.057  38.725 0.1250000000
81063  -20.366  31.355  38.534 0.1250000000
81104  -14.036  31.582  33.656 0.1250000000
81132  -8.258  31.707  29.122 0.1250000000
81631  -18.484  32.306  38.676 0.1250000000
81638  -17.598  32.464  38.403 0.1250000000
81668  -11.899  32.056  32.656 0.1250000000
82166  -18.546  32.737  38.495 0.1250000000
82172  -18.844  33.167  38.182 0.1250000000
82194  -3.057  32.667  34.178 0.1250000000
82211  -13.639  33.032  31.895 0.1250000000
82719  -6.767  34.026  38.089 0.1250000000
82737  -17.247  34.655  36.145 0.1250000000
83250  -12.394  35.847  31.167 0.1250000000
83264  -9.410  35.002  29.029 0.1250000000
83643  -17.851  35.828  34.912 0.1250000000
84093  -3.676  37.272  37.568 0.1250000000
100690  -44.058  7.551  28.645 0.3750000000
101397  -24.934  9.068  23.484 0.3750000000
101398  -4.857  -12.976  54.284 0.3750000000
101601  -36.075  7.956  23.028 0.1250000000
102474  -32.433  0.757  41.838 0.8750000000
103033  -17.414  18.989  32.907 0.1250000000
103453  -10.073  27.186  42.448 0.3750000000
103945  -5.899  -14.052  53.791 0.3750000000
104901  -32.695  -0.461  41.044 0.6250000000
105060  -26.827  8.733  23.286 0.5000000000
105168  -13.514  4.822  49.855 0.7500000000
105480  -29.015  15.158  35.247 0.1250000000
105517  -14.689  22.877  32.179 0.2500000000
105685  -8.065  17.144  35.247 0.5000000000
106223  -29.062  15.042  38.491 0.1250000000
106267  -9.031  35.173  29.625 0.1250000000
106339  -47.438  5.408  22.258 0.2500000000
106379  -8.143  -15.578  50.698 0.2500000000
107194  -14.751  2.637  44.987 0.8750000000
107728  -30.700  2.103  44.480 1.0000000000
108092  -22.550  23.423  40.099 0.1250000000
108558  -14.400  18.930  39.126 0.1250000000
108737  -2.199  33.433  36.948 0.1250000000
108874  -13.592  23.949  32.128 0.2500000000
109206  -16.797  15.750  37.188 0.1250000000
109551  -47.638  14.312  20.517 0.3750000000
109703  -19.837  7.425  32.436 0.6250000000
109776  -42.609  17.359  30.302 0.1250000000
109940  -32.466  0.519  41.059 0.7500000000
110239  -46.748  7.702  30.273 0.3750000000
110442  -13.910  23.159  32.256 0.2500000000
110980  -9.256  28.791  42.576 0.3750000000
111334  -31.817  -2.239  43.547 0.8750000000
111509  -56.457  19.433  12.253 0.3750000000
111957  -3.323  13.823  38.851 0.6250000000
112070  -26.382  -6.741  48.076 0.1250000000
112224  -40.700  7.554  26.844 0.2500000000
112485  -45.129  7.180  23.675 0.2500000000
112552  -17.471  18.506  31.582 0.1250000000
112681  -5.528  -10.499  38.102 0.1250000000
112749  -32.900  2.838  23.361 0.7500000000
113138  -32.790  14.367  30.567 0.2500000000
113236  -44.059  6.318  33.384 0.3750000000
113241  -46.645  16.464  20.984 0.3750000000
113950  -13.373  5.487  44.539 0.7500000000
114166  -49.193  11.332  26.700 0.5000000000
114227  -33.557  7.934  39.473 1.0000000000
114385  -28.343  -6.279  46.980 0.6250000000
114769  -30.336  -4.352  45.349 0.6250000000
115045  -10.574  27.081  42.124 0.3750000000
115446  -22.885  29.960  38.330 0.1250000000
115490  -10.803  25.117  37.105 0.5000000000
115599  -38.439  13.702  32.382 0.1250000000
116174  -2.775  18.946  43.896 0.7500000000
116280  -46.320  4.330  32.569 0.7500000000
116366  -20.675  26.177  34.495 0.1250000000
116422  -20.164  22.950  38.089 0.1250000000
116499  -17.691  15.267  42.122 0.3750000000
116609  -20.321  23.275  35.450 0.1250000000
116784  -13.337  24.665  32.247 0.2500000000
116880  -36.748  14.373  33.496 0.2500000000
117073  -41.444  15.848  30.078 0.1250000000
117650  -16.902  17.032  31.996 0.1250000000
117701  -43.053  8.240  18.986 0.1250000000
117702  -19.504  22.504  42.324 0.1250000000
117749  -6.846  27.902  42.158 0.3750000000
117755  -6.679  35.990  32.593 0.1250000000
117834  -17.761  22.355  39.738 0.1250000000
117925  -45.963  7.480  31.617 0.3750000000
117985  -19.966  16.510  44.350 0.2500000000
118127  -1.741  18.853  43.496 0.7500000000
118144  -13.818  26.523  33.293 0.2500000000
118185  -16.515  27.517  34.983 0.1250000000
118194  -4.125  37.237  35.508 0.1250000000
118257  -12.107  35.213  31.160 0.1250000000
118343  -24.364  22.821  39.725 0.2500000000
118361  -24.958  22.850  39.476 0.1250000000
118510  -30.776  6.921  42.068 1.0000000000
118559  -12.610  22.074  32.910 0.2500000000
118639  -38.555  5.382  20.287 0.1250000000
118740  -39.536  7.220  24.950 0.1250000000
118806  -7.795  29.021  39.997 0.3750000000
118848  -9.006  16.492  36.742 0.3750000000
118898  -20.472  6.704  44.387 0.2500000000
118979  -45.325  7.077  32.712 0.3750000000
119023  -7.032  30.983  29.292 0.1250000000
119122  -16.860  15.998  32.527 0.1250000000
119142  -40.312  9.654  16.756 0.1250000000
119526  -2.087  33.451  37.558 0.1250000000
119696  -10.261  25.369  40.499 0.3750000000
119909  -13.775  11.338  38.302 0.6250000000
119915  -43.172  12.787  18.264 0.1250000000
119921  -2.322  14.429  43.950 0.8750000000
120026  -20.466  21.559  42.343 0.1250000000
120101  -11.201  29.582  38.607 0.1250000000
120164  -2.406  34.622  38.033 0.1250000000
120476  -26.291  25.419  35.185 0.1250000000
120611  -39.263  14.181  31.364 0.1250000000
120962  -10.363  -7.031  51.746 0.6250000000
120992  -7.672  6.992  40.570 0.8750000000
121013  -15.285  19.838  42.413 0.2500000000
121114  -28.217  -6.322  47.245 0.1250000000
121147  -18.405  23.220  33.642 0.1250000000
121158  -54.978  12.873  15.158 0.1250000000
