
Thu Mar 12 17:00:33 CET 2026
cd /out/sourcedata/freesurfer/sub-v1s20x0050274_ses-1
setenv SUBJECTS_DIR /out/sourcedata/freesurfer
/opt/freesurfer/bin/recon-all -autorecon-hemi rh -noparcstats -noparcstats2 -noparcstats3 -nohyporelabel -nobalabels -rh-only -openmp 16 -subjid sub-v1s20x0050274_ses-1 -sd /out/sourcedata/freesurfer

subjid sub-v1s20x0050274_ses-1
setenv SUBJECTS_DIR /out/sourcedata/freesurfer
FREESURFER_HOME /opt/freesurfer
Actual FREESURFER_HOME /opt/freesurfer
build-stamp.txt: freesurfer-linux-ubuntu22_x86_64-7.3.2-20220804-6354275
Linux dna056 5.14.0-427.37.1.el9_4.x86_64 #1 SMP PREEMPT_DYNAMIC Fri Sep 13 12:41:50 EDT 2024 x86_64 x86_64 x86_64 GNU/Linux
cputime      unlimited
filesize     unlimited
datasize     unlimited
stacksize    8192 kbytes
coredumpsize 0 kbytes
memoryuse    67108864 kbytes
vmemoryuse   unlimited
descriptors  1024 
memorylocked unlimited
maxproc      2061970 
maxlocks     unlimited
maxsignal    2061970 
maxmessage   819200 
maxnice      0 
maxrtprio    0 
maxrttime    unlimited

               total        used        free      shared  buff/cache   available
Mem:           503Gi        45Gi       421Gi       9.2Gi        36Gi       446Gi
Swap:             0B          0B          0B

########################################
program versions used
7.3.2 (freesurfer-linux-ubuntu22_x86_64-7.3.2-20220804-6354275)
7.3.2

ProgramName: lta_convert  ProgramArguments: lta_convert -all-info  ProgramVersion: 7.3.2  TimeStamp: 2026/03/12-16:00:33-GMT  BuildTime: Aug  4 2022 06:17:15  BuildStamp: freesurfer-linux-ubuntu22_x86_64-7.3.2-20220804-6354275  User: oesteban  Machine: dna056  Platform: Linux  PlatformVersion: 5.14.0-427.37.1.el9_4.x86_64  CompilerName: GCC  CompilerVersion: 8.4.0
ProgramName: mri_and  ProgramArguments: mri_and -all-info  ProgramVersion: 7.3.2  TimeStamp: 2026/03/12-16:00:33-GMT  BuildTime: Aug  4 2022 06:17:15  BuildStamp: freesurfer-linux-ubuntu22_x86_64-7.3.2-20220804-6354275  User: oesteban  Machine: dna056  Platform: Linux  PlatformVersion: 5.14.0-427.37.1.el9_4.x86_64  CompilerName: GCC  CompilerVersion: 8.4.0
ProgramName: mri_annotation2label  ProgramArguments: mri_annotation2label -all-info  ProgramVersion: 7.3.2  TimeStamp: 2026/03/12-16:00:33-GMT  BuildTime: Aug  4 2022 06:17:15  BuildStamp: freesurfer-linux-ubuntu22_x86_64-7.3.2-20220804-6354275  User: oesteban  Machine: dna056  Platform: Linux  PlatformVersion: 5.14.0-427.37.1.el9_4.x86_64  CompilerName: GCC  CompilerVersion: 8.4.0
ProgramName: mri_aparc2aseg  ProgramArguments: mri_aparc2aseg -all-info  ProgramVersion: 7.3.2  TimeStamp: 2026/03/12-16:00:33-GMT  BuildTime: Aug  4 2022 06:17:15  BuildStamp: freesurfer-linux-ubuntu22_x86_64-7.3.2-20220804-6354275  User: oesteban  Machine: dna056  Platform: Linux  PlatformVersion: 5.14.0-427.37.1.el9_4.x86_64  CompilerName: GCC  CompilerVersion: 8.4.0
ProgramName: mri_surf2volseg  ProgramArguments: mri_surf2volseg -all-info  ProgramVersion: 7.3.2  TimeStamp: 2026/03/12-16:00:33-GMT  BuildTime: Aug  4 2022 06:17:15  BuildStamp: freesurfer-linux-ubuntu22_x86_64-7.3.2-20220804-6354275  User: oesteban  Machine: dna056  Platform: Linux  PlatformVersion: 5.14.0-427.37.1.el9_4.x86_64  CompilerName: GCC  CompilerVersion: 8.4.0
ProgramName: mri_binarize  ProgramArguments: mri_binarize -all-info  ProgramVersion: 7.3.2  TimeStamp: 2026/03/12-16:00:33-GMT  BuildTime: Aug  4 2022 06:17:15  BuildStamp: freesurfer-linux-ubuntu22_x86_64-7.3.2-20220804-6354275  User: oesteban  Machine: dna056  Platform: Linux  PlatformVersion: 5.14.0-427.37.1.el9_4.x86_64  CompilerName: GCC  CompilerVersion: 8.4.0
ProgramName: mri_ca_label  ProgramArguments: mri_ca_label -all-info  ProgramVersion: 7.3.2  TimeStamp: 2026/03/12-16:00:33-GMT  BuildTime: Aug  4 2022 06:17:15  BuildStamp: freesurfer-linux-ubuntu22_x86_64-7.3.2-20220804-6354275  User: oesteban  Machine: dna056  Platform: Linux  PlatformVersion: 5.14.0-427.37.1.el9_4.x86_64  CompilerName: GCC  CompilerVersion: 8.4.0
ProgramName: mri_ca_normalize  ProgramArguments: mri_ca_normalize -all-info  ProgramVersion: 7.3.2  TimeStamp: 2026/03/12-16:00:33-GMT  BuildTime: Aug  4 2022 06:17:15  BuildStamp: freesurfer-linux-ubuntu22_x86_64-7.3.2-20220804-6354275  User: oesteban  Machine: dna056  Platform: Linux  PlatformVersion: 5.14.0-427.37.1.el9_4.x86_64  CompilerName: GCC  CompilerVersion: 8.4.0
ProgramName: mri_ca_register  ProgramArguments: mri_ca_register -all-info  ProgramVersion: 7.3.2  TimeStamp: 2026/03/12-16:00:33-GMT  BuildTime: Aug  4 2022 06:17:15  BuildStamp: freesurfer-linux-ubuntu22_x86_64-7.3.2-20220804-6354275  User: oesteban  Machine: dna056  Platform: Linux  PlatformVersion: 5.14.0-427.37.1.el9_4.x86_64  CompilerName: GCC  CompilerVersion: 8.4.0
ProgramName: mri_cc  ProgramArguments: mri_cc -all-info  ProgramVersion: 7.3.2  TimeStamp: 2026/03/12-16:00:33-GMT  BuildTime: Aug  4 2022 06:17:15  BuildStamp: freesurfer-linux-ubuntu22_x86_64-7.3.2-20220804-6354275  User: oesteban  Machine: dna056  Platform: Linux  PlatformVersion: 5.14.0-427.37.1.el9_4.x86_64  CompilerName: GCC  CompilerVersion: 8.4.0
ProgramName: mri_compute_overlap  ProgramArguments: mri_compute_overlap -all-info  ProgramVersion: 7.3.2  TimeStamp: 2026/03/12-16:00:33-GMT  BuildTime: Aug  4 2022 06:17:15  BuildStamp: freesurfer-linux-ubuntu22_x86_64-7.3.2-20220804-6354275  User: oesteban  Machine: dna056  Platform: Linux  PlatformVersion: 5.14.0-427.37.1.el9_4.x86_64  CompilerName: GCC  CompilerVersion: 8.4.0
ProgramName: mri_compute_seg_overlap  ProgramArguments: mri_compute_seg_overlap -all-info  ProgramVersion: 7.3.2  TimeStamp: 2026/03/12-16:00:33-GMT  BuildTime: Aug  4 2022 06:17:15  BuildStamp: freesurfer-linux-ubuntu22_x86_64-7.3.2-20220804-6354275  User: oesteban  Machine: dna056  Platform: Linux  PlatformVersion: 5.14.0-427.37.1.el9_4.x86_64  CompilerName: GCC  CompilerVersion: 8.4.0
ProgramName: mri_concat  ProgramArguments: mri_concat -all-info  ProgramVersion: 7.3.2  TimeStamp: 2026/03/12-16:00:33-GMT  BuildTime: Aug  4 2022 06:17:15  BuildStamp: freesurfer-linux-ubuntu22_x86_64-7.3.2-20220804-6354275  User: oesteban  Machine: dna056  Platform: Linux  PlatformVersion: 5.14.0-427.37.1.el9_4.x86_64  CompilerName: GCC  CompilerVersion: 8.4.0
ProgramName: mri_concatenate_lta  ProgramArguments: mri_concatenate_lta -all-info  ProgramVersion: 7.3.2  TimeStamp: 2026/03/12-16:00:33-GMT  BuildTime: Aug  4 2022 06:17:15  BuildStamp: freesurfer-linux-ubuntu22_x86_64-7.3.2-20220804-6354275  User: oesteban  Machine: dna056  Platform: Linux  PlatformVersion: 5.14.0-427.37.1.el9_4.x86_64  CompilerName: GCC  CompilerVersion: 8.4.0
mri_convert -all-info 
ProgramName: mri_convert  ProgramArguments: mri_convert -all-info  ProgramVersion: 7.3.2  TimeStamp: 2026/03/12-16:00:33-GMT  BuildTime: Aug  4 2022 06:17:15  BuildStamp: freesurfer-linux-ubuntu22_x86_64-7.3.2-20220804-6354275  User: oesteban  Machine: dna056  Platform: Linux  PlatformVersion: 5.14.0-427.37.1.el9_4.x86_64  CompilerName: GCC  CompilerVersion: 8.4.0
ProgramName: mri_diff  ProgramArguments: mri_diff -all-info  ProgramVersion: 7.3.2  TimeStamp: 2026/03/12-16:00:33-GMT  BuildTime: Aug  4 2022 06:17:15  BuildStamp: freesurfer-linux-ubuntu22_x86_64-7.3.2-20220804-6354275  User: oesteban  Machine: dna056  Platform: Linux  PlatformVersion: 5.14.0-427.37.1.el9_4.x86_64  CompilerName: GCC  CompilerVersion: 8.4.0
ProgramName: mri_edit_wm_with_aseg  ProgramArguments: mri_edit_wm_with_aseg -all-info  ProgramVersion: 7.3.2  TimeStamp: 2026/03/12-16:00:33-GMT  BuildTime: Aug  4 2022 06:17:15  BuildStamp: freesurfer-linux-ubuntu22_x86_64-7.3.2-20220804-6354275  User: oesteban  Machine: dna056  Platform: Linux  PlatformVersion: 5.14.0-427.37.1.el9_4.x86_64  CompilerName: GCC  CompilerVersion: 8.4.0
ProgramName: mri_em_register  ProgramArguments: mri_em_register -all-info  ProgramVersion: 7.3.2  TimeStamp: 2026/03/12-16:00:33-GMT  BuildTime: Aug  4 2022 06:17:15  BuildStamp: freesurfer-linux-ubuntu22_x86_64-7.3.2-20220804-6354275  User: oesteban  Machine: dna056  Platform: Linux  PlatformVersion: 5.14.0-427.37.1.el9_4.x86_64  CompilerName: GCC  CompilerVersion: 8.4.0
ProgramName: mri_fill  ProgramArguments: mri_fill -all-info  ProgramVersion: 7.3.2  TimeStamp: 2026/03/12-16:00:33-GMT  BuildTime: Aug  4 2022 06:17:15  BuildStamp: freesurfer-linux-ubuntu22_x86_64-7.3.2-20220804-6354275  User: oesteban  Machine: dna056  Platform: Linux  PlatformVersion: 5.14.0-427.37.1.el9_4.x86_64  CompilerName: GCC  CompilerVersion: 8.4.0
ProgramName: mri_fuse_segmentations  ProgramArguments: mri_fuse_segmentations -all-info  ProgramVersion: 7.3.2  TimeStamp: 2026/03/12-16:00:33-GMT  BuildTime: Aug  4 2022 06:17:15  BuildStamp: freesurfer-linux-ubuntu22_x86_64-7.3.2-20220804-6354275  User: oesteban  Machine: dna056  Platform: Linux  PlatformVersion: 5.14.0-427.37.1.el9_4.x86_64  CompilerName: GCC  CompilerVersion: 8.4.0
ProgramName: mri_fwhm  ProgramArguments: mri_fwhm -all-info  ProgramVersion: 7.3.2  TimeStamp: 2026/03/12-16:00:33-GMT  BuildTime: Aug  4 2022 06:17:15  BuildStamp: freesurfer-linux-ubuntu22_x86_64-7.3.2-20220804-6354275  User: oesteban  Machine: dna056  Platform: Linux  PlatformVersion: 5.14.0-427.37.1.el9_4.x86_64  CompilerName: GCC  CompilerVersion: 8.4.0
ProgramName: mri_gcut  ProgramArguments: mri_gcut -all-info  ProgramVersion: 7.3.2  TimeStamp: 2026/03/12-16:00:33-GMT  BuildTime: Aug  4 2022 06:17:15  BuildStamp: freesurfer-linux-ubuntu22_x86_64-7.3.2-20220804-6354275  User: oesteban  Machine: dna056  Platform: Linux  PlatformVersion: 5.14.0-427.37.1.el9_4.x86_64  CompilerName: GCC  CompilerVersion: 8.4.0
ProgramName: mri_info  ProgramArguments: mri_info -all-info  ProgramVersion: 7.3.2  TimeStamp: 2026/03/12-16:00:33-GMT  BuildTime: Aug  4 2022 06:17:15  BuildStamp: freesurfer-linux-ubuntu22_x86_64-7.3.2-20220804-6354275  User: oesteban  Machine: dna056  Platform: Linux  PlatformVersion: 5.14.0-427.37.1.el9_4.x86_64  CompilerName: GCC  CompilerVersion: 8.4.0
ProgramName: mri_label2label  ProgramArguments: mri_label2label -all-info  ProgramVersion: 7.3.2  TimeStamp: 2026/03/12-16:00:33-GMT  BuildTime: Aug  4 2022 06:17:15  BuildStamp: freesurfer-linux-ubuntu22_x86_64-7.3.2-20220804-6354275  User: oesteban  Machine: dna056  Platform: Linux  PlatformVersion: 5.14.0-427.37.1.el9_4.x86_64  CompilerName: GCC  CompilerVersion: 8.4.0
ProgramName: mri_label2vol  ProgramArguments: mri_label2vol -all-info  ProgramVersion: 7.3.2  TimeStamp: 2026/03/12-16:00:33-GMT  BuildTime: Aug  4 2022 06:17:15  BuildStamp: freesurfer-linux-ubuntu22_x86_64-7.3.2-20220804-6354275  User: oesteban  Machine: dna056  Platform: Linux  PlatformVersion: 5.14.0-427.37.1.el9_4.x86_64  CompilerName: GCC  CompilerVersion: 8.4.0
ProgramName: mri_log_likelihood  ProgramArguments: mri_log_likelihood -all-info  ProgramVersion: 7.3.2  TimeStamp: 2026/03/12-16:00:33-GMT  BuildTime: Aug  4 2022 06:17:15  BuildStamp: freesurfer-linux-ubuntu22_x86_64-7.3.2-20220804-6354275  User: oesteban  Machine: dna056  Platform: Linux  PlatformVersion: 5.14.0-427.37.1.el9_4.x86_64  CompilerName: GCC  CompilerVersion: 8.4.0
ProgramName: mri_mask  ProgramArguments: mri_mask -all-info  ProgramVersion: 7.3.2  TimeStamp: 2026/03/12-16:00:33-GMT  BuildTime: Aug  4 2022 06:17:15  BuildStamp: freesurfer-linux-ubuntu22_x86_64-7.3.2-20220804-6354275  User: oesteban  Machine: dna056  Platform: Linux  PlatformVersion: 5.14.0-427.37.1.el9_4.x86_64  CompilerName: GCC  CompilerVersion: 8.4.0
ProgramName: mri_matrix_multiply  ProgramArguments: mri_matrix_multiply -all-info  ProgramVersion: 7.3.2  TimeStamp: 2026/03/12-16:00:33-GMT  BuildTime: Aug  4 2022 06:17:15  BuildStamp: freesurfer-linux-ubuntu22_x86_64-7.3.2-20220804-6354275  User: oesteban  Machine: dna056  Platform: Linux  PlatformVersion: 5.14.0-427.37.1.el9_4.x86_64  CompilerName: GCC  CompilerVersion: 8.4.0
ProgramName: mri_normalize  ProgramArguments: mri_normalize -all-info  ProgramVersion: 7.3.2  TimeStamp: 2026/03/12-16:00:33-GMT  BuildTime: Aug  4 2022 06:17:15  BuildStamp: freesurfer-linux-ubuntu22_x86_64-7.3.2-20220804-6354275  User: oesteban  Machine: dna056  Platform: Linux  PlatformVersion: 5.14.0-427.37.1.el9_4.x86_64  CompilerName: GCC  CompilerVersion: 8.4.0
ProgramName: mri_normalize_tp2  ProgramArguments: mri_normalize_tp2 -all-info  ProgramVersion: 7.3.2  TimeStamp: 2026/03/12-16:00:33-GMT  BuildTime: Aug  4 2022 06:17:15  BuildStamp: freesurfer-linux-ubuntu22_x86_64-7.3.2-20220804-6354275  User: oesteban  Machine: dna056  Platform: Linux  PlatformVersion: 5.14.0-427.37.1.el9_4.x86_64  CompilerName: GCC  CompilerVersion: 8.4.0
ProgramName: mri_or  ProgramArguments: mri_or -all-info  ProgramVersion: 7.3.2  TimeStamp: 2026/03/12-16:00:33-GMT  BuildTime: Aug  4 2022 06:17:15  BuildStamp: freesurfer-linux-ubuntu22_x86_64-7.3.2-20220804-6354275  User: oesteban  Machine: dna056  Platform: Linux  PlatformVersion: 5.14.0-427.37.1.el9_4.x86_64  CompilerName: GCC  CompilerVersion: 8.4.0
ProgramName: mri_relabel_hypointensities  ProgramArguments: mri_relabel_hypointensities -all-info  ProgramVersion: 7.3.2  TimeStamp: 2026/03/12-16:00:33-GMT  BuildTime: Aug  4 2022 06:17:15  BuildStamp: freesurfer-linux-ubuntu22_x86_64-7.3.2-20220804-6354275  User: oesteban  Machine: dna056  Platform: Linux  PlatformVersion: 5.14.0-427.37.1.el9_4.x86_64  CompilerName: GCC  CompilerVersion: 8.4.0
ProgramName: mri_relabel_nonwm_hypos  ProgramArguments: mri_relabel_nonwm_hypos -all-info  ProgramVersion: 7.3.2  TimeStamp: 2026/03/12-16:00:33-GMT  BuildTime: Aug  4 2022 06:17:15  BuildStamp: freesurfer-linux-ubuntu22_x86_64-7.3.2-20220804-6354275  User: oesteban  Machine: dna056  Platform: Linux  PlatformVersion: 5.14.0-427.37.1.el9_4.x86_64  CompilerName: GCC  CompilerVersion: 8.4.0
ProgramName: mri_remove_neck  ProgramArguments: mri_remove_neck -all-info  ProgramVersion: 7.3.2  TimeStamp: 2026/03/12-16:00:33-GMT  BuildTime: Aug  4 2022 06:17:15  BuildStamp: freesurfer-linux-ubuntu22_x86_64-7.3.2-20220804-6354275  User: oesteban  Machine: dna056  Platform: Linux  PlatformVersion: 5.14.0-427.37.1.el9_4.x86_64  CompilerName: GCC  CompilerVersion: 8.4.0
7.3.2

ProgramName: mri_robust_register  ProgramArguments: mri_robust_register -all-info  ProgramVersion: 7.3.2  TimeStamp: 2026/03/12-16:00:33-GMT  BuildTime: Aug  4 2022 06:17:15  BuildStamp: freesurfer-linux-ubuntu22_x86_64-7.3.2-20220804-6354275  User: oesteban  Machine: dna056  Platform: Linux  PlatformVersion: 5.14.0-427.37.1.el9_4.x86_64  CompilerName: GCC  CompilerVersion: 8.4.0
7.3.2

ProgramName: mri_robust_template  ProgramArguments: mri_robust_template -all-info  ProgramVersion: 7.3.2  TimeStamp: 2026/03/12-16:00:33-GMT  BuildTime: Aug  4 2022 06:17:15  BuildStamp: freesurfer-linux-ubuntu22_x86_64-7.3.2-20220804-6354275  User: oesteban  Machine: dna056  Platform: Linux  PlatformVersion: 5.14.0-427.37.1.el9_4.x86_64  CompilerName: GCC  CompilerVersion: 8.4.0
ProgramName: mris_anatomical_stats  ProgramArguments: mris_anatomical_stats -all-info  ProgramVersion: 7.3.2  TimeStamp: 2026/03/12-16:00:33-GMT  BuildTime: Aug  4 2022 06:17:15  BuildStamp: freesurfer-linux-ubuntu22_x86_64-7.3.2-20220804-6354275  User: oesteban  Machine: dna056  Platform: Linux  PlatformVersion: 5.14.0-427.37.1.el9_4.x86_64  CompilerName: GCC  CompilerVersion: 8.4.0
ProgramName: mris_ca_label  ProgramArguments: mris_ca_label -all-info  ProgramVersion: 7.3.2  TimeStamp: 2026/03/12-16:00:33-GMT  BuildTime: Aug  4 2022 06:17:15  BuildStamp: freesurfer-linux-ubuntu22_x86_64-7.3.2-20220804-6354275  User: oesteban  Machine: dna056  Platform: Linux  PlatformVersion: 5.14.0-427.37.1.el9_4.x86_64  CompilerName: GCC  CompilerVersion: 8.4.0
ProgramName: mris_calc  ProgramArguments: mris_calc -all-info  ProgramVersion: 7.3.2  TimeStamp: 2026/03/12-16:00:33-GMT  BuildTime: Aug  4 2022 06:17:15  BuildStamp: freesurfer-linux-ubuntu22_x86_64-7.3.2-20220804-6354275  User: oesteban  Machine: dna056  Platform: Linux  PlatformVersion: 5.14.0-427.37.1.el9_4.x86_64  CompilerName: GCC  CompilerVersion: 8.4.0
ProgramName: mris_convert  ProgramArguments: mris_convert -all-info  ProgramVersion: 7.3.2  TimeStamp: 2026/03/12-16:00:33-GMT  BuildTime: Aug  4 2022 06:17:15  BuildStamp: freesurfer-linux-ubuntu22_x86_64-7.3.2-20220804-6354275  User: oesteban  Machine: dna056  Platform: Linux  PlatformVersion: 5.14.0-427.37.1.el9_4.x86_64  CompilerName: GCC  CompilerVersion: 8.4.0
ProgramName: mris_curvature  ProgramArguments: mris_curvature -all-info  ProgramVersion: 7.3.2  TimeStamp: 2026/03/12-16:00:33-GMT  BuildTime: Aug  4 2022 06:17:15  BuildStamp: freesurfer-linux-ubuntu22_x86_64-7.3.2-20220804-6354275  User: oesteban  Machine: dna056  Platform: Linux  PlatformVersion: 5.14.0-427.37.1.el9_4.x86_64  CompilerName: GCC  CompilerVersion: 8.4.0
ProgramName: mris_curvature_stats  ProgramArguments: mris_curvature_stats -all-info  ProgramVersion: 7.3.2  TimeStamp: 2026/03/12-16:00:33-GMT  BuildTime: Aug  4 2022 06:17:15  BuildStamp: freesurfer-linux-ubuntu22_x86_64-7.3.2-20220804-6354275  User: oesteban  Machine: dna056  Platform: Linux  PlatformVersion: 5.14.0-427.37.1.el9_4.x86_64  CompilerName: GCC  CompilerVersion: 8.4.0
ProgramName: mris_diff  ProgramArguments: mris_diff -all-info  ProgramVersion: 7.3.2  TimeStamp: 2026/03/12-16:00:33-GMT  BuildTime: Aug  4 2022 06:17:15  BuildStamp: freesurfer-linux-ubuntu22_x86_64-7.3.2-20220804-6354275  User: oesteban  Machine: dna056  Platform: Linux  PlatformVersion: 5.14.0-427.37.1.el9_4.x86_64  CompilerName: GCC  CompilerVersion: 8.4.0
ProgramName: mris_divide_parcellation  ProgramArguments: mris_divide_parcellation -all-info  ProgramVersion: 7.3.2  TimeStamp: 2026/03/12-16:00:33-GMT  BuildTime: Aug  4 2022 06:17:15  BuildStamp: freesurfer-linux-ubuntu22_x86_64-7.3.2-20220804-6354275  User: oesteban  Machine: dna056  Platform: Linux  PlatformVersion: 5.14.0-427.37.1.el9_4.x86_64  CompilerName: GCC  CompilerVersion: 8.4.0
ProgramName: mri_segment  ProgramArguments: mri_segment -all-info  ProgramVersion: 7.3.2  TimeStamp: 2026/03/12-16:00:33-GMT  BuildTime: Aug  4 2022 06:17:15  BuildStamp: freesurfer-linux-ubuntu22_x86_64-7.3.2-20220804-6354275  User: oesteban  Machine: dna056  Platform: Linux  PlatformVersion: 5.14.0-427.37.1.el9_4.x86_64  CompilerName: GCC  CompilerVersion: 8.4.0
ProgramName: mri_segstats  ProgramArguments: mri_segstats -all-info  ProgramVersion: 7.3.2  TimeStamp: 2026/03/12-16:00:33-GMT  BuildTime: Aug  4 2022 06:17:15  BuildStamp: freesurfer-linux-ubuntu22_x86_64-7.3.2-20220804-6354275  User: oesteban  Machine: dna056  Platform: Linux  PlatformVersion: 5.14.0-427.37.1.el9_4.x86_64  CompilerName: GCC  CompilerVersion: 8.4.0
ProgramName: mris_euler_number  ProgramArguments: mris_euler_number -all-info  ProgramVersion: 7.3.2  TimeStamp: 2026/03/12-16:00:33-GMT  BuildTime: Aug  4 2022 06:17:15  BuildStamp: freesurfer-linux-ubuntu22_x86_64-7.3.2-20220804-6354275  User: oesteban  Machine: dna056  Platform: Linux  PlatformVersion: 5.14.0-427.37.1.el9_4.x86_64  CompilerName: GCC  CompilerVersion: 8.4.0
ProgramName: mris_fix_topology  ProgramArguments: mris_fix_topology -all-info  ProgramVersion: 7.3.2  TimeStamp: 2026/03/12-16:00:33-GMT  BuildTime: Aug  4 2022 06:17:15  BuildStamp: freesurfer-linux-ubuntu22_x86_64-7.3.2-20220804-6354275  User: oesteban  Machine: dna056  Platform: Linux  PlatformVersion: 5.14.0-427.37.1.el9_4.x86_64  CompilerName: GCC  CompilerVersion: 8.4.0
ProgramName: mris_topo_fixer  ProgramArguments: mris_topo_fixer -all-info  ProgramVersion: 7.3.2  TimeStamp: 2026/03/12-16:00:33-GMT  BuildTime: Aug  4 2022 06:17:15  BuildStamp: freesurfer-linux-ubuntu22_x86_64-7.3.2-20220804-6354275  User: oesteban  Machine: dna056  Platform: Linux  PlatformVersion: 5.14.0-427.37.1.el9_4.x86_64  CompilerName: GCC  CompilerVersion: 8.4.0
ProgramName: mris_jacobian  ProgramArguments: mris_jacobian -all-info  ProgramVersion: 7.3.2  TimeStamp: 2026/03/12-16:00:33-GMT  BuildTime: Aug  4 2022 06:17:15  BuildStamp: freesurfer-linux-ubuntu22_x86_64-7.3.2-20220804-6354275  User: oesteban  Machine: dna056  Platform: Linux  PlatformVersion: 5.14.0-427.37.1.el9_4.x86_64  CompilerName: GCC  CompilerVersion: 8.4.0
ProgramName: mris_label2annot  ProgramArguments: mris_label2annot -all-info  ProgramVersion: 7.3.2  TimeStamp: 2026/03/12-16:00:33-GMT  BuildTime: Aug  4 2022 06:17:15  BuildStamp: freesurfer-linux-ubuntu22_x86_64-7.3.2-20220804-6354275  User: oesteban  Machine: dna056  Platform: Linux  PlatformVersion: 5.14.0-427.37.1.el9_4.x86_64  CompilerName: GCC  CompilerVersion: 8.4.0
ProgramName: mris_left_right_register  ProgramArguments: mris_left_right_register -all-info  ProgramVersion: 7.3.2  TimeStamp: 2026/03/12-16:00:33-GMT  BuildTime: Aug  4 2022 06:17:15  BuildStamp: freesurfer-linux-ubuntu22_x86_64-7.3.2-20220804-6354275  User: oesteban  Machine: dna056  Platform: Linux  PlatformVersion: 5.14.0-427.37.1.el9_4.x86_64  CompilerName: GCC  CompilerVersion: 8.4.0
ProgramName: mris_place_surface  ProgramArguments: mris_place_surface -all-info  ProgramVersion: 7.3.2  TimeStamp: 2026/03/12-16:00:33-GMT  BuildTime: Aug  4 2022 06:17:15  BuildStamp: freesurfer-linux-ubuntu22_x86_64-7.3.2-20220804-6354275  User: oesteban  Machine: dna056  Platform: Linux  PlatformVersion: 5.14.0-427.37.1.el9_4.x86_64  CompilerName: GCC  CompilerVersion: 8.4.0
ProgramName: mrisp_paint  ProgramArguments: mrisp_paint -all-info  ProgramVersion: 7.3.2  TimeStamp: 2026/03/12-16:00:33-GMT  BuildTime: Aug  4 2022 06:17:15  BuildStamp: freesurfer-linux-ubuntu22_x86_64-7.3.2-20220804-6354275  User: oesteban  Machine: dna056  Platform: Linux  PlatformVersion: 5.14.0-427.37.1.el9_4.x86_64  CompilerName: GCC  CompilerVersion: 8.4.0
ProgramName: mris_register  ProgramArguments: mris_register -all-info  ProgramVersion: 7.3.2  TimeStamp: 2026/03/12-16:00:33-GMT  BuildTime: Aug  4 2022 06:17:15  BuildStamp: freesurfer-linux-ubuntu22_x86_64-7.3.2-20220804-6354275  User: oesteban  Machine: dna056  Platform: Linux  PlatformVersion: 5.14.0-427.37.1.el9_4.x86_64  CompilerName: GCC  CompilerVersion: 8.4.0
ProgramName: mris_smooth  ProgramArguments: mris_smooth -all-info  ProgramVersion: 7.3.2  TimeStamp: 2026/03/12-16:00:33-GMT  BuildTime: Aug  4 2022 06:17:15  BuildStamp: freesurfer-linux-ubuntu22_x86_64-7.3.2-20220804-6354275  User: oesteban  Machine: dna056  Platform: Linux  PlatformVersion: 5.14.0-427.37.1.el9_4.x86_64  CompilerName: GCC  CompilerVersion: 8.4.0
ProgramName: mris_sphere  ProgramArguments: mris_sphere -all-info  ProgramVersion: 7.3.2  TimeStamp: 2026/03/12-16:00:33-GMT  BuildTime: Aug  4 2022 06:17:15  BuildStamp: freesurfer-linux-ubuntu22_x86_64-7.3.2-20220804-6354275  User: oesteban  Machine: dna056  Platform: Linux  PlatformVersion: 5.14.0-427.37.1.el9_4.x86_64  CompilerName: GCC  CompilerVersion: 8.4.0
ProgramName: mris_surface_stats  ProgramArguments: mris_surface_stats -all-info  ProgramVersion: 7.3.2  TimeStamp: 2026/03/12-16:00:33-GMT  BuildTime: Aug  4 2022 06:17:15  BuildStamp: freesurfer-linux-ubuntu22_x86_64-7.3.2-20220804-6354275  User: oesteban  Machine: dna056  Platform: Linux  PlatformVersion: 5.14.0-427.37.1.el9_4.x86_64  CompilerName: GCC  CompilerVersion: 8.4.0
ProgramName: mri_stats2seg  ProgramArguments: mri_stats2seg -all-info  ProgramVersion: 7.3.2  TimeStamp: 2026/03/12-16:00:33-GMT  BuildTime: Aug  4 2022 06:17:15  BuildStamp: freesurfer-linux-ubuntu22_x86_64-7.3.2-20220804-6354275  User: oesteban  Machine: dna056  Platform: Linux  PlatformVersion: 5.14.0-427.37.1.el9_4.x86_64  CompilerName: GCC  CompilerVersion: 8.4.0
ProgramName: mris_thickness  ProgramArguments: mris_thickness -all-info  ProgramVersion: 7.3.2  TimeStamp: 2026/03/12-16:00:33-GMT  BuildTime: Aug  4 2022 06:17:15  BuildStamp: freesurfer-linux-ubuntu22_x86_64-7.3.2-20220804-6354275  User: oesteban  Machine: dna056  Platform: Linux  PlatformVersion: 5.14.0-427.37.1.el9_4.x86_64  CompilerName: GCC  CompilerVersion: 8.4.0
ProgramName: mris_thickness_diff  ProgramArguments: mris_thickness_diff -all-info  ProgramVersion: 7.3.2  TimeStamp: 2026/03/12-16:00:33-GMT  BuildTime: Aug  4 2022 06:17:15  BuildStamp: freesurfer-linux-ubuntu22_x86_64-7.3.2-20220804-6354275  User: oesteban  Machine: dna056  Platform: Linux  PlatformVersion: 5.14.0-427.37.1.el9_4.x86_64  CompilerName: GCC  CompilerVersion: 8.4.0
ProgramName: mris_topo_fixer  ProgramArguments: mris_topo_fixer -all-info  ProgramVersion: 7.3.2  TimeStamp: 2026/03/12-16:00:33-GMT  BuildTime: Aug  4 2022 06:17:15  BuildStamp: freesurfer-linux-ubuntu22_x86_64-7.3.2-20220804-6354275  User: oesteban  Machine: dna056  Platform: Linux  PlatformVersion: 5.14.0-427.37.1.el9_4.x86_64  CompilerName: GCC  CompilerVersion: 8.4.0
ProgramName: mri_surf2surf  ProgramArguments: mri_surf2surf -all-info  ProgramVersion: 7.3.2  TimeStamp: 2026/03/12-16:00:33-GMT  BuildTime: Aug  4 2022 06:17:15  BuildStamp: freesurfer-linux-ubuntu22_x86_64-7.3.2-20220804-6354275  User: oesteban  Machine: dna056  Platform: Linux  PlatformVersion: 5.14.0-427.37.1.el9_4.x86_64  CompilerName: GCC  CompilerVersion: 8.4.0
ProgramName: mri_surf2vol  ProgramArguments: mri_surf2vol -all-info  ProgramVersion: 7.3.2  TimeStamp: 2026/03/12-16:00:33-GMT  BuildTime: Aug  4 2022 06:17:15  BuildStamp: freesurfer-linux-ubuntu22_x86_64-7.3.2-20220804-6354275  User: oesteban  Machine: dna056  Platform: Linux  PlatformVersion: 5.14.0-427.37.1.el9_4.x86_64  CompilerName: GCC  CompilerVersion: 8.4.0
ProgramName: mri_surfcluster  ProgramArguments: mri_surfcluster -all-info  ProgramVersion: 7.3.2  TimeStamp: 2026/03/12-16:00:33-GMT  BuildTime: Aug  4 2022 06:17:15  BuildStamp: freesurfer-linux-ubuntu22_x86_64-7.3.2-20220804-6354275  User: oesteban  Machine: dna056  Platform: Linux  PlatformVersion: 5.14.0-427.37.1.el9_4.x86_64  CompilerName: GCC  CompilerVersion: 8.4.0
ProgramName: mris_volmask  ProgramArguments: mris_volmask -all-info  ProgramVersion: 7.3.2  TimeStamp: 2026/03/12-16:00:33-GMT  BuildTime: Aug  4 2022 06:17:15  BuildStamp: freesurfer-linux-ubuntu22_x86_64-7.3.2-20220804-6354275  User: oesteban  Machine: dna056  Platform: Linux  PlatformVersion: 5.14.0-427.37.1.el9_4.x86_64  CompilerName: GCC  CompilerVersion: 8.4.0
ProgramName: mri_tessellate  ProgramArguments: mri_tessellate -all-info  ProgramVersion: 7.3.2  TimeStamp: 2026/03/12-16:00:33-GMT  BuildTime: Aug  4 2022 06:17:15  BuildStamp: freesurfer-linux-ubuntu22_x86_64-7.3.2-20220804-6354275  User: oesteban  Machine: dna056  Platform: Linux  PlatformVersion: 5.14.0-427.37.1.el9_4.x86_64  CompilerName: GCC  CompilerVersion: 8.4.0
ProgramName: mri_vol2surf  ProgramArguments: mri_vol2surf -all-info  ProgramVersion: 7.3.2  TimeStamp: 2026/03/12-16:00:33-GMT  BuildTime: Aug  4 2022 06:17:15  BuildStamp: freesurfer-linux-ubuntu22_x86_64-7.3.2-20220804-6354275  User: oesteban  Machine: dna056  Platform: Linux  PlatformVersion: 5.14.0-427.37.1.el9_4.x86_64  CompilerName: GCC  CompilerVersion: 8.4.0
ProgramName: mri_vol2vol  ProgramArguments: mri_vol2vol -all-info  ProgramVersion: 7.3.2  TimeStamp: 2026/03/12-16:00:33-GMT  BuildTime: Aug  4 2022 06:17:15  BuildStamp: freesurfer-linux-ubuntu22_x86_64-7.3.2-20220804-6354275  User: oesteban  Machine: dna056  Platform: Linux  PlatformVersion: 5.14.0-427.37.1.el9_4.x86_64  CompilerName: GCC  CompilerVersion: 8.4.0
ProgramName: mri_voldiff  ProgramArguments: mri_voldiff -all-info  ProgramVersion: 7.3.2  TimeStamp: 2026/03/12-16:00:33-GMT  BuildTime: Aug  4 2022 06:17:15  BuildStamp: freesurfer-linux-ubuntu22_x86_64-7.3.2-20220804-6354275  User: oesteban  Machine: dna056  Platform: Linux  PlatformVersion: 5.14.0-427.37.1.el9_4.x86_64  CompilerName: GCC  CompilerVersion: 8.4.0
ProgramName: mri_watershed  ProgramArguments: mri_watershed -all-info  ProgramVersion: 7.3.2  TimeStamp: 2026/03/12-16:00:33-GMT  BuildTime: Aug  4 2022 06:17:15  BuildStamp: freesurfer-linux-ubuntu22_x86_64-7.3.2-20220804-6354275  User: oesteban  Machine: dna056  Platform: Linux  PlatformVersion: 5.14.0-427.37.1.el9_4.x86_64  CompilerName: GCC  CompilerVersion: 8.4.0
ProgramName: tkregister2  ProgramArguments: tkregister2_cmdl -all-info  ProgramVersion: 7.3.2  TimeStamp: 2026/03/12-16:00:33-GMT  BuildTime: Aug  4 2022 06:17:15  BuildStamp: freesurfer-linux-ubuntu22_x86_64-7.3.2-20220804-6354275  User: oesteban  Machine: dna056  Platform: Linux  PlatformVersion: 5.14.0-427.37.1.el9_4.x86_64  CompilerName: GCC  CompilerVersion: 8.4.0
mri_motion_correct.fsl 7.3.2
mri_convert -all-info 
ProgramName: mri_convert  ProgramArguments: mri_convert -all-info  ProgramVersion: 7.3.2  TimeStamp: 2026/03/12-16:00:33-GMT  BuildTime: Aug  4 2022 06:17:15  BuildStamp: freesurfer-linux-ubuntu22_x86_64-7.3.2-20220804-6354275  User: oesteban  Machine: dna056  Platform: Linux  PlatformVersion: 5.14.0-427.37.1.el9_4.x86_64  CompilerName: GCC  CompilerVersion: 8.4.0
Program nu_correct, built from:
Package MNI N3, version 1.12.0, compiled by nicks@terrier (x86_64-unknown-linux-gnu) on 2015-06-19 at 01:25:34
#######################################
GCADIR /opt/freesurfer/average
GCA RB_all_2020-01-02.gca
GCASkull RB_all_withskull_2020_01_02.gca
AvgCurvTif folding.atlas.acfb40.noaparc.i12.2016-08-02.tif
GCSDIR /opt/freesurfer/average
GCS DKaparc.atlas.acfb40.noaparc.i12.2016-08-02.gcs
#######################################
#--------------------------------------------
#@# Tessellate rh Thu Mar 12 17:00:33 CET 2026
/out/sourcedata/freesurfer/sub-v1s20x0050274_ses-1/scripts

 mri_pretess ../mri/filled.mgz 127 ../mri/norm.mgz ../mri/filled-pretess127.mgz 


Iteration Number : 1
pass   1 (xy+):   2 found -   2 modified     |    TOTAL:   2
pass   2 (xy+):   0 found -   2 modified     |    TOTAL:   2
pass   1 (xy-):   1 found -   1 modified     |    TOTAL:   3
pass   2 (xy-):   0 found -   1 modified     |    TOTAL:   3
pass   1 (yz+):   2 found -   2 modified     |    TOTAL:   5
pass   2 (yz+):   0 found -   2 modified     |    TOTAL:   5
pass   1 (yz-):   5 found -   5 modified     |    TOTAL:  10
pass   2 (yz-):   0 found -   5 modified     |    TOTAL:  10
pass   1 (xz+):   2 found -   2 modified     |    TOTAL:  12
pass   2 (xz+):   0 found -   2 modified     |    TOTAL:  12
pass   1 (xz-):   4 found -   4 modified     |    TOTAL:  16
pass   2 (xz-):   0 found -   4 modified     |    TOTAL:  16
Iteration Number : 1
pass   1 (+++):   0 found -   0 modified     |    TOTAL:   0
pass   1 (+++):   0 found -   0 modified     |    TOTAL:   0
pass   1 (+++):   0 found -   0 modified     |    TOTAL:   0
pass   1 (+++):   0 found -   0 modified     |    TOTAL:   0
Iteration Number : 1
pass   1 (++):   2 found -   2 modified     |    TOTAL:   2
pass   2 (++):   0 found -   2 modified     |    TOTAL:   2
pass   1 (+-):   1 found -   1 modified     |    TOTAL:   3
pass   2 (+-):   0 found -   1 modified     |    TOTAL:   3
pass   1 (--):   0 found -   0 modified     |    TOTAL:   3
pass   1 (-+):   1 found -   1 modified     |    TOTAL:   4
pass   2 (-+):   0 found -   1 modified     |    TOTAL:   4
Iteration Number : 2
pass   1 (xy+):   0 found -   0 modified     |    TOTAL:   0
pass   1 (xy-):   0 found -   0 modified     |    TOTAL:   0
pass   1 (yz+):   0 found -   0 modified     |    TOTAL:   0
pass   1 (yz-):   1 found -   1 modified     |    TOTAL:   1
pass   2 (yz-):   0 found -   1 modified     |    TOTAL:   1
pass   1 (xz+):   0 found -   0 modified     |    TOTAL:   1
pass   1 (xz-):   0 found -   0 modified     |    TOTAL:   1
Iteration Number : 2
pass   1 (+++):   0 found -   0 modified     |    TOTAL:   0
pass   1 (+++):   0 found -   0 modified     |    TOTAL:   0
pass   1 (+++):   0 found -   0 modified     |    TOTAL:   0
pass   1 (+++):   0 found -   0 modified     |    TOTAL:   0
Iteration Number : 2
pass   1 (++):   0 found -   0 modified     |    TOTAL:   0
pass   1 (+-):   0 found -   0 modified     |    TOTAL:   0
pass   1 (--):   0 found -   0 modified     |    TOTAL:   0
pass   1 (-+):   0 found -   0 modified     |    TOTAL:   0
Iteration Number : 3
pass   1 (xy+):   0 found -   0 modified     |    TOTAL:   0
pass   1 (xy-):   0 found -   0 modified     |    TOTAL:   0
pass   1 (yz+):   0 found -   0 modified     |    TOTAL:   0
pass   1 (yz-):   0 found -   0 modified     |    TOTAL:   0
pass   1 (xz+):   0 found -   0 modified     |    TOTAL:   0
pass   1 (xz-):   0 found -   0 modified     |    TOTAL:   0
Iteration Number : 3
pass   1 (+++):   0 found -   0 modified     |    TOTAL:   0
pass   1 (+++):   0 found -   0 modified     |    TOTAL:   0
pass   1 (+++):   0 found -   0 modified     |    TOTAL:   0
pass   1 (+++):   0 found -   0 modified     |    TOTAL:   0
Iteration Number : 3
pass   1 (++):   0 found -   0 modified     |    TOTAL:   0
pass   1 (+-):   0 found -   0 modified     |    TOTAL:   0
pass   1 (--):   0 found -   0 modified     |    TOTAL:   0
pass   1 (-+):   0 found -   0 modified     |    TOTAL:   0

Total Number of Modified Voxels = 21 (out of 276906: 0.007584)
Ambiguous edge configurations... 

mri_pretess done


 mri_tessellate ../mri/filled-pretess127.mgz 127 ../surf/rh.orig.nofix 

7.3.2
  7.3.2
slice 30: 258 vertices, 298 faces
slice 40: 4099 vertices, 4312 faces
slice 50: 12457 vertices, 12791 faces
slice 60: 22187 vertices, 22586 faces
slice 70: 33527 vertices, 33954 faces
slice 80: 46279 vertices, 46704 faces
slice 90: 58866 vertices, 59329 faces
slice 100: 70851 vertices, 71323 faces
slice 110: 83495 vertices, 83988 faces
slice 120: 96172 vertices, 96679 faces
slice 130: 109231 vertices, 109719 faces
slice 140: 120756 vertices, 121218 faces
slice 150: 131482 vertices, 131962 faces
slice 160: 139966 vertices, 140339 faces
slice 170: 147350 vertices, 147685 faces
slice 180: 151809 vertices, 152087 faces
slice 190: 155011 vertices, 155201 faces
slice 200: 155244 vertices, 155374 faces
slice 210: 155244 vertices, 155374 faces
slice 220: 155244 vertices, 155374 faces
slice 230: 155244 vertices, 155374 faces
slice 240: 155244 vertices, 155374 faces
slice 250: 155244 vertices, 155374 faces
using the conformed surface RAS to save vertex points...
writing ../surf/rh.orig.nofix
using vox2ras matrix:
-1.00000   0.00000   0.00000   128.00000;
 0.00000   0.00000   1.00000  -128.00000;
 0.00000  -1.00000   0.00000   128.00000;
 0.00000   0.00000   0.00000   1.00000;

 rm -f ../mri/filled-pretess127.mgz 


 mris_extract_main_component ../surf/rh.orig.nofix ../surf/rh.orig.nofix 


counting number of connected components...
   155244 voxel in cpt #1: X=-130 [v=155244,e=466122,f=310748] located at (29.094580, -23.127747, 16.317390)
For the whole surface: X=-130 [v=155244,e=466122,f=310748]
One single component has been found
nothing to do
done

#--------------------------------------------
#@# Smooth1 rh Thu Mar 12 17:00:38 CET 2026
/out/sourcedata/freesurfer/sub-v1s20x0050274_ses-1/scripts

 mris_smooth -nw -seed 1234 ../surf/rh.orig.nofix ../surf/rh.smoothwm.nofix 

setting seed for random number generator to 1234
smoothing surface tessellation for 10 iterations...
smoothing complete - recomputing first and second fundamental forms...
#--------------------------------------------
#@# Inflation1 rh Thu Mar 12 17:00:41 CET 2026
/out/sourcedata/freesurfer/sub-v1s20x0050274_ses-1/scripts

 mris_inflate -no-save-sulc ../surf/rh.smoothwm.nofix ../surf/rh.inflated.nofix 

Not saving sulc
Reading ../surf/rh.smoothwm.nofix
avg radius = 47.9 mm, total surface area = 82790 mm^2
step 000: RMS=0.162 (target=0.015)   step 005: RMS=0.127 (target=0.015)   step 010: RMS=0.101 (target=0.015)   step 015: RMS=0.089 (target=0.015)   step 020: RMS=0.080 (target=0.015)   step 025: RMS=0.073 (target=0.015)   step 030: RMS=0.069 (target=0.015)   step 035: RMS=0.066 (target=0.015)   step 040: RMS=0.064 (target=0.015)   step 045: RMS=0.062 (target=0.015)   step 050: RMS=0.060 (target=0.015)   step 055: RMS=0.061 (target=0.015)   step 060: RMS=0.061 (target=0.015)   writing inflated surface to ../surf/rh.inflated.nofix
inflation took 0.2 minutes

inflation complete.
Not saving sulc
mris_inflate utimesec    68.992619
mris_inflate stimesec    1.810159
mris_inflate ru_maxrss   247972
mris_inflate ru_ixrss    0
mris_inflate ru_idrss    0
mris_inflate ru_isrss    0
mris_inflate ru_minflt   570414
mris_inflate ru_majflt   3
mris_inflate ru_nswap    0
mris_inflate ru_inblock  0
mris_inflate ru_oublock  10928
mris_inflate ru_msgsnd   0
mris_inflate ru_msgrcv   0
mris_inflate ru_nsignals 0
mris_inflate ru_nvcsw    8763
mris_inflate ru_nivcsw   553
#--------------------------------------------
#@# QSphere rh Thu Mar 12 17:00:55 CET 2026
/out/sourcedata/freesurfer/sub-v1s20x0050274_ses-1/scripts

 mris_sphere -q -p 6 -a 128 -seed 1234 ../surf/rh.inflated.nofix ../surf/rh.qsphere.nofix 

doing quick spherical unfolding.
limitting unfolding to 6 passes
using n_averages = 128
setting seed for random number genererator to 1234
version: 7.3.2
available threads: 16
scaling brain by 0.301...
inflating...
projecting onto sphere...
surface projected - minimizing metric distortion...
vertex spacing 0.94 +- 0.59 (0.00-->9.14) (max @ vno 94329 --> 94340)
face area 0.02 +- 0.03 (-0.25-->0.51)
Entering MRISinflateToSphere()
inflating to sphere (rms error < 2.00)
000: dt: 0.0000, rms radial error=176.268, avgs=0
005/300: dt: 0.9000, rms radial error=176.016, avgs=0
010/300: dt: 0.9000, rms radial error=175.472, avgs=0
015/300: dt: 0.9000, rms radial error=174.756, avgs=0
020/300: dt: 0.9000, rms radial error=173.943, avgs=0
025/300: dt: 0.9000, rms radial error=173.074, avgs=0
030/300: dt: 0.9000, rms radial error=172.184, avgs=0
035/300: dt: 0.9000, rms radial error=171.275, avgs=0
040/300: dt: 0.9000, rms radial error=170.357, avgs=0
045/300: dt: 0.9000, rms radial error=169.435, avgs=0
050/300: dt: 0.9000, rms radial error=168.512, avgs=0
055/300: dt: 0.9000, rms radial error=167.590, avgs=0
060/300: dt: 0.9000, rms radial error=166.663, avgs=0
065/300: dt: 0.9000, rms radial error=165.730, avgs=0
070/300: dt: 0.9000, rms radial error=164.800, avgs=0
075/300: dt: 0.9000, rms radial error=163.877, avgs=0
080/300: dt: 0.9000, rms radial error=162.958, avgs=0
085/300: dt: 0.9000, rms radial error=162.045, avgs=0
090/300: dt: 0.9000, rms radial error=161.136, avgs=0
095/300: dt: 0.9000, rms radial error=160.233, avgs=0
100/300: dt: 0.9000, rms radial error=159.334, avgs=0
105/300: dt: 0.9000, rms radial error=158.440, avgs=0
110/300: dt: 0.9000, rms radial error=157.551, avgs=0
115/300: dt: 0.9000, rms radial error=156.666, avgs=0
120/300: dt: 0.9000, rms radial error=155.786, avgs=0
125/300: dt: 0.9000, rms radial error=154.911, avgs=0
130/300: dt: 0.9000, rms radial error=154.041, avgs=0
135/300: dt: 0.9000, rms radial error=153.175, avgs=0
140/300: dt: 0.9000, rms radial error=152.314, avgs=0
145/300: dt: 0.9000, rms radial error=151.458, avgs=0
150/300: dt: 0.9000, rms radial error=150.606, avgs=0
155/300: dt: 0.9000, rms radial error=149.759, avgs=0
160/300: dt: 0.9000, rms radial error=148.916, avgs=0
165/300: dt: 0.9000, rms radial error=148.078, avgs=0
170/300: dt: 0.9000, rms radial error=147.244, avgs=0
175/300: dt: 0.9000, rms radial error=146.415, avgs=0
180/300: dt: 0.9000, rms radial error=145.591, avgs=0
185/300: dt: 0.9000, rms radial error=144.771, avgs=0
190/300: dt: 0.9000, rms radial error=143.956, avgs=0
195/300: dt: 0.9000, rms radial error=143.146, avgs=0
200/300: dt: 0.9000, rms radial error=142.340, avgs=0
205/300: dt: 0.9000, rms radial error=141.538, avgs=0
210/300: dt: 0.9000, rms radial error=140.741, avgs=0
215/300: dt: 0.9000, rms radial error=139.948, avgs=0
220/300: dt: 0.9000, rms radial error=139.160, avgs=0
225/300: dt: 0.9000, rms radial error=138.376, avgs=0
230/300: dt: 0.9000, rms radial error=137.597, avgs=0
235/300: dt: 0.9000, rms radial error=136.821, avgs=0
240/300: dt: 0.9000, rms radial error=136.051, avgs=0
245/300: dt: 0.9000, rms radial error=135.284, avgs=0
250/300: dt: 0.9000, rms radial error=134.522, avgs=0
255/300: dt: 0.9000, rms radial error=133.764, avgs=0
260/300: dt: 0.9000, rms radial error=133.010, avgs=0
265/300: dt: 0.9000, rms radial error=132.260, avgs=0
270/300: dt: 0.9000, rms radial error=131.514, avgs=0
275/300: dt: 0.9000, rms radial error=130.773, avgs=0
280/300: dt: 0.9000, rms radial error=130.036, avgs=0
285/300: dt: 0.9000, rms radial error=129.303, avgs=0
290/300: dt: 0.9000, rms radial error=128.574, avgs=0
295/300: dt: 0.9000, rms radial error=127.849, avgs=0
300/300: dt: 0.9000, rms radial error=127.128, avgs=0

spherical inflation complete.
epoch 1 (K=10.0), pass 1, starting sse = 18356.06
taking momentum steps...
taking momentum steps...
taking momentum steps...
taking momentum steps...
pass 1 complete, delta sse/iter = 0.00/13 = 0.00026
epoch 2 (K=40.0), pass 1, starting sse = 3109.27
taking momentum steps...
taking momentum steps...
taking momentum steps...
taking momentum steps...
pass 1 complete, delta sse/iter = 0.00/13 = 0.00005
epoch 3 (K=160.0), pass 1, starting sse = 344.06
taking momentum steps...
taking momentum steps...
taking momentum steps...
taking momentum steps...
pass 1 complete, delta sse/iter = 0.03/13 = 0.00246
epoch 4 (K=640.0), pass 1, starting sse = 37.81
taking momentum steps...
taking momentum steps...
taking momentum steps...
taking momentum steps...
pass 1 complete, delta sse/iter = 0.05/14 = 0.00361
final distance error %100000.00
writing spherical brain to ../surf/rh.qsphere.nofix
spherical transformation took 0.0173 hours
FSRUNTIME@ mris_sphere  0.0173 hours 16 threads
#VMPC# mris_sphere VmPeak  1816844
mris_sphere done
#@# Fix Topology rh Thu Mar 12 17:01:57 CET 2026

 mris_fix_topology -mgz -sphere qsphere.nofix -inflated inflated.nofix -orig orig.nofix -out orig.premesh -ga -seed 1234 sub-v1s20x0050274_ses-1 rh 

reading spherical homeomorphism from 'qsphere.nofix'
reading inflated coordinates from 'inflated.nofix'
reading original coordinates from 'orig.nofix'
using genetic algorithm with optimized parameters
setting seed for random number genererator to 1234

*************************************************************
Topology Correction Parameters
retessellation mode:           genetic search
number of patches/generation : 10
number of generations :        10
surface mri loglikelihood coefficient :         1.0
volume mri loglikelihood coefficient :          10.0
normal dot loglikelihood coefficient :          1.0
quadratic curvature loglikelihood coefficient : 1.0
volume resolution :                             2
eliminate vertices during search :              1
initial patch selection :                       1
select all defect vertices :                    0
ordering dependant retessellation:              0
use precomputed edge table :                    0
smooth retessellated patch :                    2
match retessellated patch :                     1
verbose mode :                                  0

*************************************************************
INFO: assuming .mgz format
writing corrected surface to 'orig.premesh'
7.3.2
  7.3.2
before topology correction, eno=-130 (nv=155244, nf=310748, ne=466122, g=66)
using quasi-homeomorphic spherical map to tessellate cortical surface...

Correction of the Topology
Finding true center and radius of Spherical Surface...done
Surface centered at (0,0,0) with radius 100.0 in 9 iterations
marking ambiguous vertices...
17827 ambiguous faces found in tessellation
segmenting defects...
55 defects found, arbitrating ambiguous regions...
analyzing neighboring defects...
      -merging segment 37 into 31
54 defects to be corrected 
0 vertices coincident
reading input surface /out/sourcedata/freesurfer/sub-v1s20x0050274_ses-1/surf/rh.qsphere.nofix...
reading brain volume from brain...
reading wm segmentation from wm...
Reading original properties of orig.nofix
Reading vertex positions of inflated.nofix
Computing Initial Surface Statistics
      -face       loglikelihood: -9.3414  (-4.6707)
      -vertex     loglikelihood: -6.3112  (-3.1556)
      -normal dot loglikelihood: -3.5833  (-3.5833)
      -quad curv  loglikelihood: -5.8022  (-2.9011)
      Total Loglikelihood : -25.0382
CORRECTING DEFECT 0 (vertices=1136, convex hull=225, v0=1085)
After retessellation of defect 0 (v0=1085), euler #=-51 (145122,432899,287726) : difference with theory (-51) = 0 
CORRECTING DEFECT 1 (vertices=53, convex hull=54, v0=2154)
After retessellation of defect 1 (v0=2154), euler #=-50 (145122,432921,287749) : difference with theory (-50) = 0 
CORRECTING DEFECT 2 (vertices=146, convex hull=103, v0=2788)
After retessellation of defect 2 (v0=2788), euler #=-49 (145143,433030,287838) : difference with theory (-49) = 0 
CORRECTING DEFECT 3 (vertices=58, convex hull=94, v0=4855)
After retessellation of defect 3 (v0=4855), euler #=-48 (145179,433184,287957) : difference with theory (-48) = 0 
CORRECTING DEFECT 4 (vertices=99, convex hull=75, v0=7038)
After retessellation of defect 4 (v0=7038), euler #=-47 (145203,433287,288037) : difference with theory (-47) = 0 
CORRECTING DEFECT 5 (vertices=24, convex hull=50, v0=17860)
After retessellation of defect 5 (v0=17860), euler #=-46 (145218,433351,288087) : difference with theory (-46) = 0 
CORRECTING DEFECT 6 (vertices=25, convex hull=66, v0=18103)
After retessellation of defect 6 (v0=18103), euler #=-45 (145227,433403,288131) : difference with theory (-45) = 0 
CORRECTING DEFECT 7 (vertices=33, convex hull=77, v0=22909)
After retessellation of defect 7 (v0=22909), euler #=-44 (145242,433481,288195) : difference with theory (-44) = 0 
CORRECTING DEFECT 8 (vertices=53, convex hull=54, v0=25346)
After retessellation of defect 8 (v0=25346), euler #=-43 (145269,433586,288274) : difference with theory (-43) = 0 
CORRECTING DEFECT 9 (vertices=149, convex hull=166, v0=31137)
After retessellation of defect 9 (v0=31137), euler #=-42 (145373,433982,288567) : difference with theory (-42) = 0 
CORRECTING DEFECT 10 (vertices=445, convex hull=198, v0=34728)
After retessellation of defect 10 (v0=34728), euler #=-41 (145419,434213,288753) : difference with theory (-41) = 0 
CORRECTING DEFECT 11 (vertices=948, convex hull=187, v0=34736)
After retessellation of defect 11 (v0=34736), euler #=-40 (145563,434742,289139) : difference with theory (-40) = 0 
CORRECTING DEFECT 12 (vertices=56, convex hull=69, v0=57381)
After retessellation of defect 12 (v0=57381), euler #=-39 (145589,434846,289218) : difference with theory (-39) = 0 
CORRECTING DEFECT 13 (vertices=163, convex hull=181, v0=58555)
After retessellation of defect 13 (v0=58555), euler #=-38 (145617,435017,289362) : difference with theory (-38) = 0 
CORRECTING DEFECT 14 (vertices=32, convex hull=29, v0=64084)
After retessellation of defect 14 (v0=64084), euler #=-37 (145623,435044,289384) : difference with theory (-37) = 0 
CORRECTING DEFECT 15 (vertices=5, convex hull=12, v0=68045)
After retessellation of defect 15 (v0=68045), euler #=-36 (145623,435047,289388) : difference with theory (-36) = 0 
CORRECTING DEFECT 16 (vertices=39, convex hull=67, v0=70352)
After retessellation of defect 16 (v0=70352), euler #=-35 (145645,435139,289459) : difference with theory (-35) = 0 
CORRECTING DEFECT 17 (vertices=33, convex hull=29, v0=71903)
After retessellation of defect 17 (v0=71903), euler #=-34 (145650,435161,289477) : difference with theory (-34) = 0 
CORRECTING DEFECT 18 (vertices=6, convex hull=21, v0=73162)
After retessellation of defect 18 (v0=73162), euler #=-33 (145651,435170,289486) : difference with theory (-33) = 0 
CORRECTING DEFECT 19 (vertices=816, convex hull=687, v0=74297)
An extra large defect has been detected...
This often happens because cerebellum or dura has not been removed from wm.mgz.
This may cause recon-all to run very slowly or crash.
if so, see https://surfer.nmr.mgh.harvard.edu/fswiki/FsTutorial/TopologicalDefect_freeview
After retessellation of defect 19 (v0=74297), euler #=-32 (145845,436100,290223) : difference with theory (-32) = 0 
CORRECTING DEFECT 20 (vertices=17, convex hull=28, v0=75481)
After retessellation of defect 20 (v0=75481), euler #=-31 (145849,436120,290240) : difference with theory (-31) = 0 
CORRECTING DEFECT 21 (vertices=31, convex hull=52, v0=76108)
After retessellation of defect 21 (v0=76108), euler #=-30 (145865,436191,290296) : difference with theory (-30) = 0 
CORRECTING DEFECT 22 (vertices=729, convex hull=352, v0=79544)
After retessellation of defect 22 (v0=79544), euler #=-30 (146059,436967,290878) : difference with theory (-29) = 1 
CORRECTING DEFECT 23 (vertices=44, convex hull=34, v0=79566)
After retessellation of defect 23 (v0=79566), euler #=-29 (146061,436983,290893) : difference with theory (-28) = 1 
CORRECTING DEFECT 24 (vertices=284, convex hull=168, v0=82236)
After retessellation of defect 24 (v0=82236), euler #=-28 (146161,437370,291181) : difference with theory (-27) = 1 
CORRECTING DEFECT 25 (vertices=9, convex hull=34, v0=83040)
After retessellation of defect 25 (v0=83040), euler #=-27 (146163,437387,291197) : difference with theory (-26) = 1 
CORRECTING DEFECT 26 (vertices=68, convex hull=30, v0=85950)
After retessellation of defect 26 (v0=85950), euler #=-26 (146168,437413,291219) : difference with theory (-25) = 1 
CORRECTING DEFECT 27 (vertices=31, convex hull=31, v0=86921)
After retessellation of defect 27 (v0=86921), euler #=-25 (146174,437438,291239) : difference with theory (-24) = 1 
CORRECTING DEFECT 28 (vertices=49, convex hull=41, v0=89368)
After retessellation of defect 28 (v0=89368), euler #=-24 (146182,437479,291273) : difference with theory (-23) = 1 
CORRECTING DEFECT 29 (vertices=97, convex hull=64, v0=93671)
After retessellation of defect 29 (v0=93671), euler #=-23 (146195,437545,291327) : difference with theory (-22) = 1 
CORRECTING DEFECT 30 (vertices=8, convex hull=35, v0=96069)
After retessellation of defect 30 (v0=96069), euler #=-22 (146196,437557,291339) : difference with theory (-21) = 1 
CORRECTING DEFECT 31 (vertices=2088, convex hull=436, v0=97041)
A large defect has been detected...
This often happens because cerebellum or dura has not been removed from wm.mgz.
This may cause recon-all to run very slowly or crash.
if so, see https://surfer.nmr.mgh.harvard.edu/fswiki/FsTutorial/TopologicalDefect_freeview
After retessellation of defect 31 (v0=97041), euler #=-20 (146422,438469,292027) : difference with theory (-20) = 0 
CORRECTING DEFECT 32 (vertices=37, convex hull=57, v0=101331)
After retessellation of defect 32 (v0=101331), euler #=-19 (146433,438524,292072) : difference with theory (-19) = 0 
CORRECTING DEFECT 33 (vertices=5, convex hull=24, v0=102395)
After retessellation of defect 33 (v0=102395), euler #=-18 (146435,438535,292082) : difference with theory (-18) = 0 
CORRECTING DEFECT 34 (vertices=6, convex hull=20, v0=104300)
After retessellation of defect 34 (v0=104300), euler #=-17 (146437,438548,292094) : difference with theory (-17) = 0 
CORRECTING DEFECT 35 (vertices=140, convex hull=164, v0=109645)
normal vector of length zero at vertex 153052 with 3 faces
normal vector of length zero at vertex 153052 with 3 faces
normal vector of length zero at vertex 153052 with 3 faces
normal vector of length zero at vertex 153052 with 3 faces
normal vector of length zero at vertex 153052 with 3 faces
normal vector of length zero at vertex 153052 with 3 faces
normal vector of length zero at vertex 153052 with 3 faces
normal vector of length zero at vertex 153052 with 3 faces
normal vector of length zero at vertex 153052 with 3 faces
normal vector of length zero at vertex 153052 with 3 faces
normal vector of length zero at vertex 153052 with 3 faces
normal vector of length zero at vertex 153052 with 3 faces
normal vector of length zero at vertex 153052 with 3 faces
normal vector of length zero at vertex 153052 with 3 faces
normal vector of length zero at vertex 153052 with 3 faces
normal vector of length zero at vertex 153052 with 3 faces
normal vector of length zero at vertex 153052 with 3 faces
normal vector of length zero at vertex 153052 with 3 faces
normal vector of length zero at vertex 153052 with 3 faces
normal vector of length zero at vertex 153052 with 3 faces
normal vector of length zero at vertex 153052 with 3 faces
normal vector of length zero at vertex 153052 with 3 faces
normal vector of length zero at vertex 153052 with 3 faces
normal vector of length zero at vertex 153052 with 3 faces
normal vector of length zero at vertex 153052 with 3 faces
normal vector of length zero at vertex 153052 with 3 faces
normal vector of length zero at vertex 153052 with 3 faces
normal vector of length zero at vertex 153052 with 3 faces
normal vector of length zero at vertex 153052 with 3 faces
After retessellation of defect 35 (v0=109645), euler #=-16 (146496,438795,292283) : difference with theory (-16) = 0 
CORRECTING DEFECT 36 (vertices=8, convex hull=30, v0=111259)
After retessellation of defect 36 (v0=111259), euler #=-15 (146498,438813,292300) : difference with theory (-15) = 0 
CORRECTING DEFECT 37 (vertices=50, convex hull=28, v0=113863)
After retessellation of defect 37 (v0=113863), euler #=-14 (146506,438849,292329) : difference with theory (-14) = 0 
CORRECTING DEFECT 38 (vertices=39, convex hull=44, v0=114918)
After retessellation of defect 38 (v0=114918), euler #=-13 (146520,438908,292375) : difference with theory (-13) = 0 
CORRECTING DEFECT 39 (vertices=457, convex hull=328, v0=116227)
After retessellation of defect 39 (v0=116227), euler #=-12 (146705,439644,292927) : difference with theory (-12) = 0 
CORRECTING DEFECT 40 (vertices=30, convex hull=22, v0=118252)
After retessellation of defect 40 (v0=118252), euler #=-11 (146705,439651,292935) : difference with theory (-11) = 0 
CORRECTING DEFECT 41 (vertices=67, convex hull=61, v0=119650)
After retessellation of defect 41 (v0=119650), euler #=-10 (146728,439746,293008) : difference with theory (-10) = 0 
CORRECTING DEFECT 42 (vertices=181, convex hull=157, v0=121192)
After retessellation of defect 42 (v0=121192), euler #=-9 (146775,439959,293175) : difference with theory (-9) = 0 
CORRECTING DEFECT 43 (vertices=28, convex hull=38, v0=124053)
After retessellation of defect 43 (v0=124053), euler #=-8 (146785,440003,293210) : difference with theory (-8) = 0 
CORRECTING DEFECT 44 (vertices=347, convex hull=120, v0=128106)
After retessellation of defect 44 (v0=128106), euler #=-7 (146850,440258,293401) : difference with theory (-7) = 0 
CORRECTING DEFECT 45 (vertices=22, convex hull=48, v0=132219)
After retessellation of defect 45 (v0=132219), euler #=-6 (146862,440310,293442) : difference with theory (-6) = 0 
CORRECTING DEFECT 46 (vertices=413, convex hull=230, v0=133277)
After retessellation of defect 46 (v0=133277), euler #=-5 (146943,440666,293718) : difference with theory (-5) = 0 
CORRECTING DEFECT 47 (vertices=64, convex hull=46, v0=134105)
After retessellation of defect 47 (v0=134105), euler #=-4 (146952,440711,293755) : difference with theory (-4) = 0 
CORRECTING DEFECT 48 (vertices=54, convex hull=97, v0=143516)
After retessellation of defect 48 (v0=143516), euler #=-3 (146969,440806,293834) : difference with theory (-3) = 0 
CORRECTING DEFECT 49 (vertices=93, convex hull=69, v0=144415)
After retessellation of defect 49 (v0=144415), euler #=-2 (146978,440857,293877) : difference with theory (-2) = 0 
CORRECTING DEFECT 50 (vertices=124, convex hull=58, v0=151308)
After retessellation of defect 50 (v0=151308), euler #=-1 (146987,440908,293920) : difference with theory (-1) = 0 
CORRECTING DEFECT 51 (vertices=55, convex hull=23, v0=151747)
After retessellation of defect 51 (v0=151747), euler #=0 (146987,440913,293926) : difference with theory (0) = 0 
CORRECTING DEFECT 52 (vertices=147, convex hull=77, v0=151796)
After retessellation of defect 52 (v0=151796), euler #=1 (147015,441032,294018) : difference with theory (1) = 0 
CORRECTING DEFECT 53 (vertices=8, convex hull=27, v0=152997)
After retessellation of defect 53 (v0=152997), euler #=2 (147016,441042,294028) : difference with theory (2) = 0 
computing original vertex metric properties...
storing new metric properties...
computing tessellation statistics...
vertex spacing 0.89 +- 0.26 (0.02-->10.65) (max @ vno 70812 --> 76809)
face area -nan +- -nan (1000.00-->-1.00)
performing soap bubble on retessellated vertices for 0 iterations...
vertex spacing 0.89 +- 0.26 (0.02-->10.65) (max @ vno 70812 --> 76809)
face area -nan +- -nan (1000.00-->-1.00)
tessellation finished, orienting corrected surface...
187 mutations (35.6%), 338 crossovers (64.4%), 791 vertices were eliminated
building final representation...
8228 vertices and 0 faces have been removed from triangulation
after topology correction, eno=2 (nv=147016, nf=294028, ne=441042, g=0)
writing corrected surface to /out/sourcedata/freesurfer/sub-v1s20x0050274_ses-1/surf/rh.orig.premesh...

0.000 % of the vertices (0 vertices) exhibit an orientation change
removing intersecting faces
000: 776 intersecting
001: 58 intersecting
002: 10 intersecting
terminating search with 0 intersecting
topology fixing took 5.1 minutes
FSRUNTIME@ mris_fix_topology rh  0.0858 hours 16 threads
#VMPC# mris_fix_topology VmPeak  1872084

 mris_euler_number ../surf/rh.orig.premesh 

euler # = v-e+f = 2g-2: 147016 - 441042 + 294028 = 2 --> 0 holes
      F =2V-4:          294028 = 294032-4 (0)
      2E=3F:            882084 = 882084 (0)

total defect index = 0
Thu Mar 12 17:07:06 CET 2026

setenv SUBJECTS_DIR /out/sourcedata/freesurfer
cd /out/sourcedata/freesurfer/sub-v1s20x0050274_ses-1/scripts
/opt/freesurfer/bin/defect2seg --s sub-v1s20x0050274_ses-1 --rh-only --cortex

freesurfer-linux-ubuntu22_x86_64-7.3.2-20220804-6354275
defect2seg 7.3.2
Linux dna056 5.14.0-427.37.1.el9_4.x86_64 #1 SMP PREEMPT_DYNAMIC Fri Sep 13 12:41:50 EDT 2024 x86_64 x86_64 x86_64 GNU/Linux
pid 2381809
mri_label2label --label-cortex /out/sourcedata/freesurfer/sub-v1s20x0050274_ses-1/surf/rh.orig.nofix /out/sourcedata/freesurfer/sub-v1s20x0050274_ses-1/mri/aseg.presurf.mgz 0 /out/sourcedata/freesurfer/sub-v1s20x0050274_ses-1/label/rh.nofix.cortex.label

 Generating cortex label... RemoveHipAmgy=0
 NucAccIsMedialWall=0
 mris->useRealRAS=0
24 non-cortical segments detected
only using segment with 8335 vertices
erasing segment 0 (vno[0] = 44782)
erasing segment 1 (vno[0] = 45939)
erasing segment 3 (vno[0] = 63980)
erasing segment 4 (vno[0] = 73234)
erasing segment 5 (vno[0] = 85507)
erasing segment 6 (vno[0] = 85824)
erasing segment 7 (vno[0] = 91401)
erasing segment 8 (vno[0] = 99904)
erasing segment 9 (vno[0] = 105265)
erasing segment 10 (vno[0] = 107484)
erasing segment 11 (vno[0] = 107499)
erasing segment 12 (vno[0] = 109986)
erasing segment 13 (vno[0] = 111236)
erasing segment 14 (vno[0] = 113802)
erasing segment 15 (vno[0] = 116016)
erasing segment 16 (vno[0] = 129905)
erasing segment 17 (vno[0] = 130983)
erasing segment 18 (vno[0] = 131020)
erasing segment 19 (vno[0] = 132069)
erasing segment 20 (vno[0] = 133760)
erasing segment 21 (vno[0] = 137345)
erasing segment 22 (vno[0] = 139022)
erasing segment 23 (vno[0] = 139666)
mri_label2vol --defects /out/sourcedata/freesurfer/sub-v1s20x0050274_ses-1/surf/rh.orig.nofix /out/sourcedata/freesurfer/sub-v1s20x0050274_ses-1/surf/rh.defect_labels /out/sourcedata/freesurfer/sub-v1s20x0050274_ses-1/mri/orig.mgz 2000 0 /out/sourcedata/freesurfer/sub-v1s20x0050274_ses-1/mri/rh.surface.defects.mgz /out/sourcedata/freesurfer/sub-v1s20x0050274_ses-1/label/rh.nofix.cortex.label
mri_label2vol supposed to be reproducible but seed not set
Contraining to label /out/sourcedata/freesurfer/sub-v1s20x0050274_ses-1/label/rh.nofix.cortex.label
Changing input type 0 to MRI_INT
Converting defects to volume: offset=2000, merge=0
Writing to /out/sourcedata/freesurfer/sub-v1s20x0050274_ses-1/mri/rh.surface.defects.mgz
mris_defects_pointset -s /out/sourcedata/freesurfer/sub-v1s20x0050274_ses-1/surf/rh.orig.nofix -d /out/sourcedata/freesurfer/sub-v1s20x0050274_ses-1/surf/rh.defect_labels -o /out/sourcedata/freesurfer/sub-v1s20x0050274_ses-1/surf/rh.defects.pointset --label /out/sourcedata/freesurfer/sub-v1s20x0050274_ses-1/label/rh.nofix.cortex.label
Reading in surface /out/sourcedata/freesurfer/sub-v1s20x0050274_ses-1/surf/rh.orig.nofix
Reading in defect segmentation /out/sourcedata/freesurfer/sub-v1s20x0050274_ses-1/surf/rh.defect_labels
Reading in label /out/sourcedata/freesurfer/sub-v1s20x0050274_ses-1/label/rh.nofix.cortex.label
#VMPC# mris_defects_pointset 1840208
mris_defects_pointset done
 
Started at Thu Mar 12 17:07:06 CET 2026 
Ended   at Thu Mar 12 17:07:24 CET 2026
Defect2seg-Run-Time-Sec 18
Defect2seg-Run-Time-Min 0.36
Defect2seg-Run-Time-Hours 0.00
 
tkmeditfv sub-v1s20x0050274_ses-1 brain.finalsurfs.mgz -defect
defect2seg Done

 mris_remesh --remesh --iters 3 --input /out/sourcedata/freesurfer/sub-v1s20x0050274_ses-1/surf/rh.orig.premesh --output /out/sourcedata/freesurfer/sub-v1s20x0050274_ses-1/surf/rh.orig 

iters = 3
standard remeshing without target
   adjusted l: 0.714792
remeshing to edge length 0.714792 with 3 iterations

avg qual before   : 0.888999  after: 0.971272

Removing intersections
removing intersecting faces
000: 2 intersecting
terminating search with 0 intersecting
Remeshed surface quality stats nv0 = 147016  nv = 152756  1.03904
Area    305508  0.30576  0.03422 0.000122   0.4795
Corner  916524 60.00000  8.79543 5.524019 156.2439
Edge    458262  0.84826  0.08287 0.015723   1.2978
Hinge   458262  9.98236 10.82058 0.000003 169.2056
mris_remesh done
/out/sourcedata/freesurfer/sub-v1s20x0050274_ses-1/scripts

 mris_remove_intersection ../surf/rh.orig ../surf/rh.orig 

intersection removal took 0.00 hours
writing corrected surface to ../surf/rh.orig

 rm -f ../surf/rh.inflated 

#--------------------------------------------
#@# AutoDetGWStats rh Thu Mar 12 17:08:04 CET 2026
cd /out/sourcedata/freesurfer/sub-v1s20x0050274_ses-1/mri
mris_autodet_gwstats --o ../surf/autodet.gw.stats.rh.dat --i brain.finalsurfs.mgz --wm wm.mgz --surf ../surf/rh.orig.premesh
7.3.2

cd /out/sourcedata/freesurfer/sub-v1s20x0050274_ses-1/mri
setenv SUBJECTS_DIR /out/sourcedata/freesurfer
mris_autodet_gwstats --o ../surf/autodet.gw.stats.rh.dat --i brain.finalsurfs.mgz --wm wm.mgz --surf ../surf/rh.orig.premesh 

border white:    278293 voxels (1.66%)
border gray      327363 voxels (1.95%)
Reading in intensity volume brain.finalsurfs.mgz
Reading in wm volume wm.mgz
Reading in surf ../surf/rh.orig.premesh
Auto detecting stats
MRIclipBrightWM(): nthresh=19778, wmmin=5, clip=110 
Binarizing thresholding at 5
computing class statistics... low=30, hi=110.000000
CCS WM (97.0): 97.7 +- 7.9 [70.0 --> 110.0]
CCS GM (75.0) : 73.8 +- 10.1 [30.0 --> 110.0]
white_mean = 97.6937 +/- 7.86703, gray_mean = 73.8406 +/- 10.1022
using class modes intead of means, discounting robust sigmas....
MRIScomputeClassModes(): min=0 max=238 nbins=239
intensity peaks found at WM=102+-7.0,    GM=70+-8.7
white_mode = 102, gray_mode = 70
std_scale = 1
Applying sanity checks, max_scale_down = 0.2
setting MIN_GRAY_AT_WHITE_BORDER to 59.9 (was 70.000000)
setting MAX_BORDER_WHITE to 109.9 (was 105.000000)
setting MIN_BORDER_WHITE to 70.0 (was 85.000000)
setting MAX_CSF to 49.8 (was 40.000000)
setting MAX_GRAY to 94.1 (was 95.000000)
setting MAX_GRAY_AT_CSF_BORDER to 59.9 (was 75.000000)
setting MIN_GRAY_AT_CSF_BORDER to 39.7 (was 40.000000)
When placing the white surface
  white_border_hi   = 109.867;
  white_border_low  = 70;
  white_outside_low = 59.8978;
  white_inside_hi   = 120;
  white_outside_hi  = 109.867;
When placing the pial surface
  pial_border_hi   = 59.8978;
  pial_border_low  = 39.6935;
  pial_outside_low = 10;
  pial_inside_hi   = 94.133;
  pial_outside_hi  = 54.8468;
#VMPC# mris_autodet_gwstats VmPeak  1473900
mris_autodet_gwstats done
#--------------------------------------------
#@# WhitePreAparc rh Thu Mar 12 17:08:07 CET 2026
cd /out/sourcedata/freesurfer/sub-v1s20x0050274_ses-1/mri
mris_place_surface --adgws-in ../surf/autodet.gw.stats.rh.dat --wm wm.mgz --threads 16 --invol brain.finalsurfs.mgz --rh --i ../surf/rh.orig --o ../surf/rh.white.preaparc --white --seg aseg.presurf.mgz --nsmooth 5
7.3.2
7.3.2

cd /out/sourcedata/freesurfer/sub-v1s20x0050274_ses-1/mri
setenv SUBJECTS_DIR /out/sourcedata/freesurfer
mris_place_surface --adgws-in ../surf/autodet.gw.stats.rh.dat --wm wm.mgz --threads 16 --invol brain.finalsurfs.mgz --rh --i ../surf/rh.orig --o ../surf/rh.white.preaparc --white --seg aseg.presurf.mgz --nsmooth 5 

Reading in input surface ../surf/rh.orig
Smoothing surface before ripping with 5 iterations
removing intersecting faces
000: 7 intersecting
step 1 with no progress (num=11, old_num=7)
001: 11 intersecting
step 2 with no progress (num=12, old_num=11)
002: 12 intersecting
003: 4 intersecting
step 1 with no progress (num=4, old_num=4)
004: 4 intersecting
step 2 with no progress (num=4, old_num=4)
005: 4 intersecting
step 3 with no progress (num=4, old_num=4)
006: 4 intersecting
step 4 with no progress (num=4, old_num=4)
007: 4 intersecting
step 5 with no progress (num=4, old_num=4)
008: 4 intersecting
step 6 with no progress (num=4, old_num=4)
009: 4 intersecting
step 7 with no progress (num=4, old_num=4)
010: 4 intersecting
step 8 with no progress (num=4, old_num=4)
011: 4 intersecting
step 9 with no progress (num=4, old_num=4)
012: 4 intersecting
step 10 with no progress (num=4, old_num=4)
013: 4 intersecting
step 11 with no progress (num=4, old_num=4)
014: 4 intersecting
step 12 with no progress (num=4, old_num=4)
015: 4 intersecting
step 13 with no progress (num=4, old_num=4)
016: 4 intersecting
step 14 with no progress (num=4, old_num=4)
017: 4 intersecting
step 15 with no progress (num=4, old_num=4)
018: 4 intersecting
step 16 with no progress (num=4, old_num=4)
terminating search with 4 intersecting
Area    305508  0.26922  0.06594 0.000000   0.5811
Corner  916524 60.00000  9.58039 0.027997 179.9369
Edge    458262  0.79157  0.11931 0.000104   1.3637
Hinge   458262  6.57200  6.95274 0.000007 179.7526
Not reading in aparc
Reading in input volume brain.finalsurfs.mgz
Reading in wm volume wm.mgz
MRIclipBrightWM(): nthresh=19778, wmmin=5, clip=110 
MRIfindBrightNonWM(): 2585 bright non-wm voxels segmented.
Masking bright non-wm for white surface
MRImask(): AllowDiffGeom = 1
MRImask(): AllowDiffGeom = 1
Reading in seg volume aseg.presurf.mgz
Ripping frozen voxels
INFO: rip surface needed but not specified, so using input surface
Freezing midline and others
Entering: MRISripMidline(): inhibiting deformation at non-cortical midline structures...
  which=1, fix_mtl=0, using annot = 0
#FML0# MRISripMidline(): nripped=0
removing 2 vertices from ripped group in thread:0
#FML# MRISripMidline(): nmarked=7054, nmarked2=204, nripped=7054
Ripping segs (eg, WMSA, BG, frozen)
Starting MRISripSegs() d = (-2 2 0.5) segnos: 247 
MRISripSegs(): -2 2 0.5 ripped 0
vertex 76378: xyz = (12.9913,-9.87869,-18.1662) oxyz = (12.9913,-9.87869,-18.1662) wxzy = (12.9913,-9.87869,-18.1662) pxyz = (0,0,0) 
CBVO Creating mask 152756
n_averages 4
Iteration 0 =========================================
n_averages=4, current_sigma=2
Freezing midline and others
Ripping frozen voxels
INFO: rip surface needed but not specified, so using input surface
Freezing midline and others
Entering: MRISripMidline(): inhibiting deformation at non-cortical midline structures...
  which=1, fix_mtl=0, using annot = 0
#FML0# MRISripMidline(): nripped=7054
removing 2 vertices from ripped group in thread:0
#FML# MRISripMidline(): nmarked=7054, nmarked2=204, nripped=7054
Ripping segs (eg, WMSA, BG, frozen)
Starting MRISripSegs() d = (-2 2 0.5) segnos: 247 247 
MRISripSegs(): -2 2 0.5 ripped 0
Computing target border values 
Entering MRIScomputeBorderValues_new(): 
  inside_hi   = 120.0000000;
  border_hi   = 109.8670270;
  border_low  =  70.0000000;
  outside_low =  59.8978390;
  outside_hi  = 109.8670270;
  sigma = 2;
  max_thickness = 10;
  step_size=0.5;
  STEP_SIZE=0.1;
  which = 1
  thresh = 0
  flags = 0
  CBVfindFirstPeakD1=0
  CBVfindFirstPeakD2=0
  nvertices=152756
  Gdiag_no=-1
  vno start=0, stop=152756
Replacing 255s with 0s
#SI# sigma=2 had to be increased for 325 vertices, nripped=7054
mean border=82.4, 105 (105) missing vertices, mean dist 0.3 [0.5 (%39.1)->0.8 (%60.9))]
%76 local maxima, %20 large gradients and % 0 min vals, 0 gradients ignored
nFirstPeakD1 0
MRIScomputeBorderValues_new() finished in 0.0180 min


Finding expansion regions
mean absolute distance = 0.69 +- 0.84
5238 vertices more than 2 sigmas from mean.
Averaging target values for 5 iterations...
Positioning Surface: tspring = 0.3, nspring = 0.3, spring = 0, niters = 100 l_repulse = 5, l_surf_repulse = 0, checktol = 0
Positioning pial surface
Entering MRISpositionSurface()
  max_mm = 0.3
  MAX_REDUCTIONS = 2, REDUCTION_PCT = 0.5
  parms->check_tol = 0, niterations = 100
tol=1.0e-04, sigma=2.0, host=dna05, nav=4, nbrs=2, l_repulse=5.000, l_tspring=0.300, l_nspring=0.300, l_intensity=0.200, l_curv=1.000
mom=0.00, dt=0.50
complete_dist_mat 0
rms 0
smooth_averages 0
remove_neg 0
ico_order 0
which_surface 0
target_radius 0.000000
nfields 0
scale 0.000000
desired_rms_height 0.000000
momentum 0.000000
nbhd_size 0
max_nbrs 0
niterations 100
nsurfaces 0
SURFACES 3
flags 0 (0)
use curv 0
no sulc 0
no rigid align 0
mris->nsize 2
mris->hemisphere 1
randomSeed 0

000: dt: 0.0000, sse=3092872.8, rms=9.557
001: dt: 0.5000, sse=1817262.5, rms=6.959 (27.176%)
002: dt: 0.5000, sse=1248415.2, rms=5.393 (22.515%)
003: dt: 0.5000, sse=986483.7, rms=4.481 (16.897%)
004: dt: 0.5000, sse=773059.5, rms=3.857 (13.935%)
005: dt: 0.5000, sse=620897.0, rms=3.485 (9.642%)
006: dt: 0.5000, sse=535684.2, rms=3.253 (6.657%)
007: dt: 0.5000, sse=505848.0, rms=3.148 (3.245%)
008: dt: 0.5000, sse=492327.0, rms=3.076 (2.264%)
rms = 3.0369/3.0762, sse=458375.8/492327.0, time step reduction 1 of 3 to 0.250  0 0 1
009: dt: 0.5000, sse=458375.8, rms=3.037 (1.280%)
010: dt: 0.2500, sse=301711.1, rms=1.851 (39.038%)
011: dt: 0.2500, sse=270855.5, rms=1.631 (11.905%)
012: dt: 0.2500, sse=266059.2, rms=1.540 (5.605%)
rms = 1.5071/1.5395, sse=262001.1/266059.2, time step reduction 2 of 3 to 0.125  0 0 1
013: dt: 0.2500, sse=262001.1, rms=1.507 (2.105%)
014: dt: 0.1250, sse=244241.3, rms=1.448 (3.951%)
rms = 1.4220/1.4476, sse=242082.7/244241.3, time step reduction 3 of 3 to 0.062  0 0 1
015: dt: 0.1250, sse=242082.7, rms=1.422 (1.768%)
  maximum number of reductions reached, breaking from loop
positioning took 1.4 minutes
Iteration 1 =========================================
n_averages=2, current_sigma=1
Freezing midline and others
Ripping frozen voxels
INFO: rip surface needed but not specified, so using input surface
Freezing midline and others
Entering: MRISripMidline(): inhibiting deformation at non-cortical midline structures...
  which=1, fix_mtl=0, using annot = 0
#FML0# MRISripMidline(): nripped=7054
removing 4 vertices from ripped group in thread:0
removing 4 vertices from ripped group in thread:0
removing 2 vertices from ripped group in thread:0
removing 2 vertices from ripped group in thread:0
removing 2 vertices from ripped group in thread:0
removing 3 vertices from ripped group in thread:0
#FML# MRISripMidline(): nmarked=7549, nmarked2=314, nripped=7549
Ripping segs (eg, WMSA, BG, frozen)
Starting MRISripSegs() d = (-2 2 0.5) segnos: 247 247 247 
MRISripSegs(): -2 2 0.5 ripped 0
Computing target border values 
Entering MRIScomputeBorderValues_new(): 
  inside_hi   = 120.0000000;
  border_hi   = 109.8670270;
  border_low  =  70.0000000;
  outside_low =  59.8978390;
  outside_hi  = 109.8670270;
  sigma = 1;
  max_thickness = 10;
  step_size=0.5;
  STEP_SIZE=0.1;
  which = 1
  thresh = 0
  flags = 0
  CBVfindFirstPeakD1=0
  CBVfindFirstPeakD2=0
  nvertices=152756
  Gdiag_no=-1
  vno start=0, stop=152756
Replacing 255s with 0s
#SI# sigma=1 had to be increased for 268 vertices, nripped=7549
mean border=84.5, 159 (20) missing vertices, mean dist -0.2 [0.4 (%68.2)->0.3 (%31.8))]
%80 local maxima, %15 large gradients and % 0 min vals, 0 gradients ignored
nFirstPeakD1 0
MRIScomputeBorderValues_new() finished in 0.0121 min


Finding expansion regions
mean absolute distance = 0.35 +- 0.61
4866 vertices more than 2 sigmas from mean.
Averaging target values for 5 iterations...
Positioning Surface: tspring = 0.3, nspring = 0.3, spring = 0, niters = 100 l_repulse = 5, l_surf_repulse = 0, checktol = 0
Positioning pial surface
Entering MRISpositionSurface()
  max_mm = 0.3
  MAX_REDUCTIONS = 2, REDUCTION_PCT = 0.5
  parms->check_tol = 0, niterations = 100
tol=1.0e-04, sigma=1.0, host=dna05, nav=2, nbrs=2, l_repulse=5.000, l_tspring=0.300, l_nspring=0.300, l_intensity=0.200, l_curv=1.000
mom=0.00, dt=0.50
000: dt: 0.0000, sse=655741.3, rms=3.802
016: dt: 0.5000, sse=436343.8, rms=2.595 (31.753%)
017: dt: 0.5000, sse=433164.9, rms=2.525 (2.672%)
rms = 2.5536/2.5252, sse=426220.0/433164.9, time step reduction 1 of 3 to 0.250  0 0 1
   RMS increased, rejecting step
018: dt: 0.2500, sse=335724.9, rms=1.840 (27.145%)
019: dt: 0.2500, sse=306083.7, rms=1.470 (20.113%)
020: dt: 0.2500, sse=289900.4, rms=1.372 (6.682%)
021: dt: 0.2500, sse=284411.7, rms=1.306 (4.762%)
rms = 1.2840/1.3062, sse=284312.3/284411.7, time step reduction 2 of 3 to 0.125  0 0 1
022: dt: 0.2500, sse=284312.3, rms=1.284 (1.702%)
023: dt: 0.1250, sse=280658.3, rms=1.228 (4.350%)
rms = 1.2113/1.2281, sse=279584.8/280658.3, time step reduction 3 of 3 to 0.062  0 0 1
024: dt: 0.1250, sse=279584.8, rms=1.211 (1.369%)
  maximum number of reductions reached, breaking from loop
positioning took 0.9 minutes
Iteration 2 =========================================
n_averages=1, current_sigma=0.5
Freezing midline and others
Ripping frozen voxels
INFO: rip surface needed but not specified, so using input surface
Freezing midline and others
Entering: MRISripMidline(): inhibiting deformation at non-cortical midline structures...
  which=1, fix_mtl=0, using annot = 0
#FML0# MRISripMidline(): nripped=7549
removing 3 vertices from ripped group in thread:0
removing 4 vertices from ripped group in thread:0
removing 2 vertices from ripped group in thread:0
removing 2 vertices from ripped group in thread:0
removing 3 vertices from ripped group in thread:0
removing 3 vertices from ripped group in thread:0
removing 3 vertices from ripped group in thread:0
removing 2 vertices from ripped group in thread:0
removing 4 vertices from ripped group in thread:0
removing 4 vertices from ripped group in thread:0
removing 4 vertices from ripped group in thread:0
#FML# MRISripMidline(): nmarked=7609, nmarked2=318, nripped=7609
Ripping segs (eg, WMSA, BG, frozen)
Starting MRISripSegs() d = (-2 2 0.5) segnos: 247 247 247 247 
MRISripSegs(): -2 2 0.5 ripped 0
Computing target border values 
Entering MRIScomputeBorderValues_new(): 
  inside_hi   = 120.0000000;
  border_hi   = 109.8670270;
  border_low  =  70.0000000;
  outside_low =  59.8978390;
  outside_hi  = 109.8670270;
  sigma = 0.5;
  max_thickness = 10;
  step_size=0.5;
  STEP_SIZE=0.1;
  which = 1
  thresh = 0
  flags = 0
  CBVfindFirstPeakD1=0
  CBVfindFirstPeakD2=0
  nvertices=152756
  Gdiag_no=-1
  vno start=0, stop=152756
Replacing 255s with 0s
#SI# sigma=0.5 had to be increased for 329 vertices, nripped=7609
mean border=85.7, 205 (12) missing vertices, mean dist -0.1 [0.3 (%61.6)->0.3 (%38.4))]
%83 local maxima, %12 large gradients and % 0 min vals, 0 gradients ignored
nFirstPeakD1 0
MRIScomputeBorderValues_new() finished in 0.0082 min


Finding expansion regions
mean absolute distance = 0.29 +- 0.48
4768 vertices more than 2 sigmas from mean.
Averaging target values for 5 iterations...
Positioning Surface: tspring = 0.3, nspring = 0.3, spring = 0, niters = 100 l_repulse = 5, l_surf_repulse = 0, checktol = 0
Positioning pial surface
Entering MRISpositionSurface()
  max_mm = 0.3
  MAX_REDUCTIONS = 2, REDUCTION_PCT = 0.5
  parms->check_tol = 0, niterations = 100
tol=1.0e-04, sigma=0.5, host=dna05, nav=1, nbrs=2, l_repulse=5.000, l_tspring=0.300, l_nspring=0.300, l_intensity=0.200, l_curv=1.000
mom=0.00, dt=0.50
000: dt: 0.0000, sse=381204.2, rms=2.244
025: dt: 0.5000, sse=359614.6, rms=2.030 (9.512%)
rms = 2.1456/2.0304, sse=373713.9/359614.6, time step reduction 1 of 3 to 0.250  0 1 1
   RMS increased, rejecting step
026: dt: 0.2500, sse=301252.0, rms=1.480 (27.128%)
027: dt: 0.2500, sse=286289.1, rms=1.216 (17.792%)
028: dt: 0.2500, sse=279477.4, rms=1.166 (4.124%)
rms = 1.1342/1.1662, sse=274497.9/279477.4, time step reduction 2 of 3 to 0.125  0 0 1
029: dt: 0.2500, sse=274497.9, rms=1.134 (2.737%)
rms = 1.0815/1.1342, sse=275403.1/274497.9, time step reduction 3 of 3 to 0.062  0 1 0
030: dt: 0.1250, sse=275403.1, rms=1.082 (4.650%)
  maximum number of reductions reached, breaking from loop
positioning took 0.6 minutes
Iteration 3 =========================================
n_averages=0, current_sigma=0.25
Freezing midline and others
Ripping frozen voxels
INFO: rip surface needed but not specified, so using input surface
Freezing midline and others
Entering: MRISripMidline(): inhibiting deformation at non-cortical midline structures...
  which=1, fix_mtl=0, using annot = 0
#FML0# MRISripMidline(): nripped=7609
removing 4 vertices from ripped group in thread:0
removing 2 vertices from ripped group in thread:0
removing 2 vertices from ripped group in thread:0
removing 3 vertices from ripped group in thread:0
removing 3 vertices from ripped group in thread:0
removing 3 vertices from ripped group in thread:0
removing 2 vertices from ripped group in thread:0
removing 3 vertices from ripped group in thread:0
removing 2 vertices from ripped group in thread:0
removing 2 vertices from ripped group in thread:0
removing 4 vertices from ripped group in thread:0
removing 2 vertices from ripped group in thread:0
removing 4 vertices from ripped group in thread:0
#FML# MRISripMidline(): nmarked=7663, nmarked2=318, nripped=7663
Ripping segs (eg, WMSA, BG, frozen)
Starting MRISripSegs() d = (-2 2 0.5) segnos: 247 247 247 247 247 
MRISripSegs(): -2 2 0.5 ripped 0
Computing target border values 
Entering MRIScomputeBorderValues_new(): 
  inside_hi   = 120.0000000;
  border_hi   = 109.8670270;
  border_low  =  70.0000000;
  outside_low =  59.8978390;
  outside_hi  = 109.8670270;
  sigma = 0.25;
  max_thickness = 10;
  step_size=0.5;
  STEP_SIZE=0.1;
  which = 1
  thresh = 0
  flags = 0
  CBVfindFirstPeakD1=0
  CBVfindFirstPeakD2=0
  nvertices=152756
  Gdiag_no=-1
  vno start=0, stop=152756
Replacing 255s with 0s
#SI# sigma=0.25 had to be increased for 343 vertices, nripped=7663
mean border=86.2, 259 (10) missing vertices, mean dist -0.0 [0.3 (%53.7)->0.3 (%46.3))]
%85 local maxima, % 9 large gradients and % 0 min vals, 0 gradients ignored
nFirstPeakD1 0
MRIScomputeBorderValues_new() finished in 0.0041 min


Finding expansion regions
mean absolute distance = 0.27 +- 0.42
4440 vertices more than 2 sigmas from mean.
Averaging target values for 5 iterations...
Positioning Surface: tspring = 0.3, nspring = 0.3, spring = 0, niters = 100 l_repulse = 5, l_surf_repulse = 0, checktol = 0
Positioning pial surface
Entering MRISpositionSurface()
  max_mm = 0.3
  MAX_REDUCTIONS = 2, REDUCTION_PCT = 0.5
  parms->check_tol = 0, niterations = 100
tol=1.0e-04, sigma=0.2, host=dna05, nav=0, nbrs=2, l_repulse=5.000, l_tspring=0.300, l_nspring=0.300, l_intensity=0.200, l_curv=1.000
mom=0.00, dt=0.50
000: dt: 0.0000, sse=302401.6, rms=1.475
rms = 1.4313/1.4754, sse=299825.2/302401.6, time step reduction 1 of 3 to 0.250  0 0 1
031: dt: 0.5000, sse=299825.2, rms=1.431 (2.992%)
032: dt: 0.2500, sse=268332.5, rms=1.066 (25.526%)
033: dt: 0.2500, sse=264561.2, rms=1.008 (5.413%)
rms = 1.0381/1.0082, sse=267278.9/264561.2, time step reduction 2 of 3 to 0.125  0 1 1
   RMS increased, rejecting step
034: dt: 0.1250, sse=259916.8, rms=0.944 (6.415%)
035: dt: 0.1250, sse=257947.6, rms=0.865 (8.313%)
rms = 0.8506/0.8651, sse=256893.5/257947.6, time step reduction 3 of 3 to 0.062  0 0 1
036: dt: 0.1250, sse=256893.5, rms=0.851 (1.675%)
  maximum number of reductions reached, breaking from loop
positioning took 0.6 minutes


Writing output to ../surf/rh.white.preaparc
#ET# mris_place_surface  3.66 minutes
#VMPC# mris_place_surfaces VmPeak  3426396
mris_place_surface done
#--------------------------------------------
#@# CortexLabel rh Thu Mar 12 17:12:30 CET 2026
cd /out/sourcedata/freesurfer/sub-v1s20x0050274_ses-1/mri
mri_label2label --label-cortex ../surf/rh.white.preaparc aseg.presurf.mgz 0 ../label/rh.cortex.label

 Generating cortex label... RemoveHipAmgy=0
 NucAccIsMedialWall=0
 mris->useRealRAS=0
15 non-cortical segments detected
only using segment with 8738 vertices
erasing segment 1 (vno[0] = 46764)
erasing segment 2 (vno[0] = 48711)
erasing segment 3 (vno[0] = 50566)
erasing segment 4 (vno[0] = 68127)
erasing segment 5 (vno[0] = 69729)
erasing segment 6 (vno[0] = 73415)
erasing segment 7 (vno[0] = 73885)
erasing segment 8 (vno[0] = 78089)
erasing segment 9 (vno[0] = 86362)
erasing segment 10 (vno[0] = 88182)
erasing segment 11 (vno[0] = 106351)
erasing segment 12 (vno[0] = 110382)
erasing segment 13 (vno[0] = 110870)
erasing segment 14 (vno[0] = 142135)
#--------------------------------------------
#@# CortexLabel+HipAmyg rh Thu Mar 12 17:12:47 CET 2026
cd /out/sourcedata/freesurfer/sub-v1s20x0050274_ses-1/mri
mri_label2label --label-cortex ../surf/rh.white.preaparc aseg.presurf.mgz 1 ../label/rh.cortex+hipamyg.label

 Generating cortex label... RemoveHipAmgy=1
 NucAccIsMedialWall=0
 mris->useRealRAS=0
17 non-cortical segments detected
only using segment with 6261 vertices
erasing segment 1 (vno[0] = 46764)
erasing segment 2 (vno[0] = 48711)
erasing segment 3 (vno[0] = 50566)
erasing segment 4 (vno[0] = 51930)
erasing segment 5 (vno[0] = 68127)
erasing segment 6 (vno[0] = 69729)
erasing segment 7 (vno[0] = 73380)
erasing segment 8 (vno[0] = 73885)
erasing segment 9 (vno[0] = 78089)
erasing segment 10 (vno[0] = 86362)
erasing segment 11 (vno[0] = 88182)
erasing segment 12 (vno[0] = 106351)
erasing segment 13 (vno[0] = 110382)
erasing segment 14 (vno[0] = 110870)
erasing segment 15 (vno[0] = 133434)
erasing segment 16 (vno[0] = 142135)
#--------------------------------------------
#@# Smooth2 rh Thu Mar 12 17:13:04 CET 2026
/out/sourcedata/freesurfer/sub-v1s20x0050274_ses-1/scripts

 mris_smooth -n 3 -nw -seed 1234 ../surf/rh.white.preaparc ../surf/rh.smoothwm 

smoothing for 3 iterations
setting seed for random number generator to 1234
smoothing surface tessellation for 3 iterations...
smoothing complete - recomputing first and second fundamental forms...
#--------------------------------------------
#@# Inflation2 rh Thu Mar 12 17:13:07 CET 2026
/out/sourcedata/freesurfer/sub-v1s20x0050274_ses-1/scripts

 mris_inflate ../surf/rh.smoothwm ../surf/rh.inflated 

Reading ../surf/rh.smoothwm
avg radius = 47.5 mm, total surface area = 94803 mm^2
step 000: RMS=0.174 (target=0.015)   step 005: RMS=0.119 (target=0.015)   step 010: RMS=0.093 (target=0.015)   step 015: RMS=0.077 (target=0.015)   step 020: RMS=0.065 (target=0.015)   step 025: RMS=0.055 (target=0.015)   step 030: RMS=0.047 (target=0.015)   step 035: RMS=0.041 (target=0.015)   step 040: RMS=0.036 (target=0.015)   step 045: RMS=0.031 (target=0.015)   step 050: RMS=0.029 (target=0.015)   step 055: RMS=0.027 (target=0.015)   step 060: RMS=0.026 (target=0.015)   writing inflated surface to ../surf/rh.inflated
writing sulcal depths to ../surf/rh.sulc

inflation complete.
inflation took 0.3 minutes
mris_inflate utimesec    97.710470
mris_inflate stimesec    1.702644
mris_inflate ru_maxrss   233960
mris_inflate ru_ixrss    0
mris_inflate ru_idrss    0
mris_inflate ru_isrss    0
mris_inflate ru_minflt   575099
mris_inflate ru_majflt   1
mris_inflate ru_nswap    0
mris_inflate ru_inblock  0
mris_inflate ru_oublock  11952
mris_inflate ru_msgsnd   0
mris_inflate ru_msgrcv   0
mris_inflate ru_nsignals 0
mris_inflate ru_nvcsw    13689
mris_inflate ru_nivcsw   459
#--------------------------------------------
#@# Curv .H and .K rh Thu Mar 12 17:13:24 CET 2026
/out/sourcedata/freesurfer/sub-v1s20x0050274_ses-1/surf

 mris_curvature -w -seed 1234 rh.white.preaparc 

setting seed for random number generator to 1234
total integrated curvature = 30.201*4pi (379.520) --> -29 handles
ICI = 218.1, FI = 1754.9, variation=29053.392
writing Gaussian curvature to ./rh.white.preaparc.K...done.
writing mean curvature to ./rh.white.preaparc.H...done.
rm -f rh.white.H
ln -s rh.white.preaparc.H rh.white.H
rm -f rh.white.K
ln -s rh.white.preaparc.K rh.white.K

 mris_curvature -seed 1234 -thresh .999 -n -a 5 -w -distances 10 10 rh.inflated 

setting seed for random number generator to 1234
normalizing curvature values.
averaging curvature patterns 5 times.
sampling 10 neighbors out to a distance of 10 mm
221 vertices thresholded to be in k1 ~ [-0.51 0.67], k2 ~ [-0.23 0.25]
total integrated curvature = 0.154*4pi (1.940) --> 1 handles
ICI = 1.7, FI = 13.8, variation=227.825
187 vertices thresholded to be in [-0.09 0.04]
writing Gaussian curvature to ./rh.inflated.K...thresholding curvature at 99.90% level
curvature mean = 0.000, std = 0.003
130 vertices thresholded to be in [-0.23 0.20]
done.
writing mean curvature to ./rh.inflated.H...curvature mean = -0.017, std = 0.028
done.
#--------------------------------------------
#@# Sphere rh Thu Mar 12 17:14:16 CET 2026
/out/sourcedata/freesurfer/sub-v1s20x0050274_ses-1/scripts

 mris_sphere -seed 1234 ../surf/rh.inflated ../surf/rh.sphere 

setting seed for random number genererator to 1234
version: 7.3.2
available threads: 16
reading original vertex positions...
projecting onto sphere...
surface projected - minimizing metric distortion...
scaling brain by 0.277...
MRISunfold() max_passes = 1 -------
tol=5.0e-01, sigma=0.0, host=dna05, nav=1024, nbrs=2, l_area=1.000, l_dist=1.000
using quadratic fit line minimization
complete_dist_mat 0
rms 0
smooth_averages 0
remove_neg 0
ico_order 0
which_surface 0
target_radius 0.000000
nfields 0
scale 1.000000
desired_rms_height -1.000000
momentum 0.900000
nbhd_size 7
max_nbrs 8
niterations 25
nsurfaces 0
SURFACES 3
flags 0 (0)
use curv 0
no sulc 0
no rigid align 0
mris->nsize 2
mris->hemisphere 1
randomSeed 1234

singular matrix in quadratic form
--------------------
  mrisRemoveNegativeArea()
pass 1: epoch 1 of 3 starting distance error %22.20
pass 1: epoch 2 of 3 starting distance error %22.01
unfolding complete - removing small folds...
starting distance error %21.78
removing remaining folds...
final distance error %21.82
MRISunfold() return, current seed 1234
-01: dt=0.0000,  93 negative triangles  VmPeak 1624560
244: dt=0.9900,  93 negative triangles
245: dt=0.9900,  59 negative triangles
246: dt=0.9900,  41 negative triangles
247: dt=0.9900,  41 negative triangles
248: dt=0.9900,  36 negative triangles
249: dt=0.9900,  36 negative triangles
250: dt=0.9900,  41 negative triangles
251: dt=0.9900,  34 negative triangles
252: dt=0.9900,  34 negative triangles
253: dt=0.9900,  32 negative triangles
254: dt=0.9900,  29 negative triangles
255: dt=0.9900,  31 negative triangles
256: dt=0.9900,  28 negative triangles
257: dt=0.9900,  29 negative triangles
258: dt=0.9900,  28 negative triangles
259: dt=0.9900,  30 negative triangles
260: dt=0.9900,  27 negative triangles
261: dt=0.9900,  29 negative triangles
262: dt=0.9900,  26 negative triangles
263: dt=0.9900,  27 negative triangles
264: dt=0.9900,  25 negative triangles
265: dt=0.9900,  27 negative triangles
266: dt=0.9900,  25 negative triangles
267: dt=0.9900,  27 negative triangles
268: dt=0.9900,  25 negative triangles
269: dt=0.9900,  27 negative triangles
270: dt=0.9900,  25 negative triangles
271: dt=0.9900,  27 negative triangles
272: dt=0.9900,  25 negative triangles
273: dt=0.9900,  27 negative triangles
274: dt=0.9405,  25 negative triangles
275: dt=0.9405,  27 negative triangles
276: dt=0.9405,  25 negative triangles
277: dt=0.9405,  28 negative triangles
278: dt=0.9405,  25 negative triangles
279: dt=0.9405,  27 negative triangles
280: dt=0.9405,  26 negative triangles
281: dt=0.9405,  27 negative triangles
282: dt=0.9405,  26 negative triangles
283: dt=0.9405,  25 negative triangles
284: dt=0.8935,  27 negative triangles
285: dt=0.8935,  25 negative triangles
286: dt=0.8935,  27 negative triangles
287: dt=0.8935,  25 negative triangles
288: dt=0.8935,  26 negative triangles
289: dt=0.8935,  24 negative triangles
290: dt=0.8935,  26 negative triangles
291: dt=0.8935,  24 negative triangles
292: dt=0.8935,  26 negative triangles
293: dt=0.8935,  24 negative triangles
294: dt=0.8935,  26 negative triangles
295: dt=0.8935,  24 negative triangles
296: dt=0.8935,  26 negative triangles
297: dt=0.8935,  24 negative triangles
298: dt=0.8935,  26 negative triangles
299: dt=0.8488,  24 negative triangles
300: dt=0.8488,  26 negative triangles
301: dt=0.8488,  24 negative triangles
302: dt=0.8488,  26 negative triangles
303: dt=0.8488,  24 negative triangles
304: dt=0.8488,  27 negative triangles
305: dt=0.8488,  24 negative triangles
306: dt=0.8488,  25 negative triangles
307: dt=0.8488,  23 negative triangles
308: dt=0.8488,  25 negative triangles
309: dt=0.8488,  23 negative triangles
310: dt=0.8488,  25 negative triangles
311: dt=0.8488,  23 negative triangles
312: dt=0.8488,  25 negative triangles
313: dt=0.8488,  23 negative triangles
314: dt=0.8488,  25 negative triangles
315: dt=0.8488,  23 negative triangles
316: dt=0.8488,  25 negative triangles
317: dt=0.8064,  23 negative triangles
318: dt=0.8064,  25 negative triangles
319: dt=0.8064,  23 negative triangles
320: dt=0.8064,  25 negative triangles
321: dt=0.8064,  23 negative triangles
322: dt=0.8064,  25 negative triangles
323: dt=0.8064,  23 negative triangles
324: dt=0.8064,  25 negative triangles
325: dt=0.8064,  22 negative triangles
326: dt=0.8064,  24 negative triangles
327: dt=0.8064,  21 negative triangles
328: dt=0.8064,  23 negative triangles
329: dt=0.8064,  20 negative triangles
330: dt=0.8064,  22 negative triangles
331: dt=0.8064,  20 negative triangles
332: dt=0.8064,  22 negative triangles
333: dt=0.8064,  20 negative triangles
334: dt=0.8064,  22 negative triangles
335: dt=0.8064,  20 negative triangles
336: dt=0.8064,  22 negative triangles
337: dt=0.8064,  19 negative triangles
338: dt=0.8064,  22 negative triangles
339: dt=0.8064,  19 negative triangles
340: dt=0.8064,  22 negative triangles
341: dt=0.8064,  19 negative triangles
342: dt=0.8064,  22 negative triangles
343: dt=0.8064,  19 negative triangles
344: dt=0.8064,  22 negative triangles
345: dt=0.8064,  20 negative triangles
346: dt=0.8064,  20 negative triangles
347: dt=0.7660,  19 negative triangles
348: dt=0.7660,  21 negative triangles
349: dt=0.7660,  18 negative triangles
350: dt=0.7660,  20 negative triangles
351: dt=0.7660,  19 negative triangles
352: dt=0.7660,  20 negative triangles
353: dt=0.7660,  18 negative triangles
354: dt=0.7660,  20 negative triangles
355: dt=0.7660,  18 negative triangles
356: dt=0.7660,  21 negative triangles
357: dt=0.7660,  18 negative triangles
358: dt=0.7660,  17 negative triangles
359: dt=0.7660,  18 negative triangles
360: dt=0.7660,  17 negative triangles
361: dt=0.7660,  15 negative triangles
362: dt=0.7660,  17 negative triangles
363: dt=0.7660,  15 negative triangles
364: dt=0.7660,  17 negative triangles
365: dt=0.7660,  15 negative triangles
366: dt=0.7660,  17 negative triangles
367: dt=0.7660,  15 negative triangles
368: dt=0.7660,  18 negative triangles
369: dt=0.7660,  15 negative triangles
370: dt=0.7660,  17 negative triangles
371: dt=0.7277,  15 negative triangles
372: dt=0.7277,  16 negative triangles
373: dt=0.7277,  14 negative triangles
374: dt=0.7277,  16 negative triangles
375: dt=0.7277,  14 negative triangles
376: dt=0.7277,  16 negative triangles
377: dt=0.7277,  14 negative triangles
378: dt=0.7277,  16 negative triangles
379: dt=0.7277,  14 negative triangles
380: dt=0.7277,  16 negative triangles
381: dt=0.7277,  14 negative triangles
382: dt=0.7277,  16 negative triangles
383: dt=0.6914,  14 negative triangles
384: dt=0.6914,  17 negative triangles
385: dt=0.6914,  14 negative triangles
386: dt=0.6914,  16 negative triangles
387: dt=0.6914,  14 negative triangles
388: dt=0.6914,  16 negative triangles
389: dt=0.6914,  14 negative triangles
390: dt=0.6914,  16 negative triangles
391: dt=0.6914,  14 negative triangles
392: dt=0.6914,  16 negative triangles
393: dt=0.6568,  14 negative triangles
394: dt=0.6568,  16 negative triangles
395: dt=0.6568,  14 negative triangles
396: dt=0.6568,  15 negative triangles
397: dt=0.6568,  14 negative triangles
398: dt=0.6568,  15 negative triangles
399: dt=0.6568,  14 negative triangles
400: dt=0.6568,  15 negative triangles
401: dt=0.6568,  14 negative triangles
402: dt=0.6568,  15 negative triangles
403: dt=0.6239,  14 negative triangles
404: dt=0.6239,  15 negative triangles
405: dt=0.6239,  14 negative triangles
406: dt=0.6239,  15 negative triangles
407: dt=0.6239,  14 negative triangles
408: dt=0.6239,  15 negative triangles
409: dt=0.6239,  14 negative triangles
410: dt=0.6239,  15 negative triangles
411: dt=0.6239,  13 negative triangles
412: dt=0.6239,  16 negative triangles
413: dt=0.6239,  13 negative triangles
414: dt=0.6239,  15 negative triangles
415: dt=0.6239,  14 negative triangles
416: dt=0.6239,  15 negative triangles
417: dt=0.6239,  13 negative triangles
418: dt=0.6239,  16 negative triangles
419: dt=0.6239,  13 negative triangles
420: dt=0.6239,  15 negative triangles
421: dt=0.6239,  12 negative triangles
422: dt=0.6239,  15 negative triangles
423: dt=0.6239,  12 negative triangles
424: dt=0.6239,  14 negative triangles
425: dt=0.6239,  12 negative triangles
426: dt=0.6239,  14 negative triangles
427: dt=0.6239,  13 negative triangles
428: dt=0.6239,  14 negative triangles
429: dt=0.6239,  12 negative triangles
430: dt=0.6239,  13 negative triangles
431: dt=0.5927,  12 negative triangles
432: dt=0.5927,  14 negative triangles
433: dt=0.5927,  14 negative triangles
434: dt=0.5927,  14 negative triangles
435: dt=0.5927,  11 negative triangles
436: dt=0.5927,  13 negative triangles
437: dt=0.5927,  11 negative triangles
438: dt=0.5927,  13 negative triangles
439: dt=0.5927,  11 negative triangles
440: dt=0.5927,  14 negative triangles
441: dt=0.5927,  11 negative triangles
442: dt=0.5927,  13 negative triangles
443: dt=0.5927,  11 negative triangles
444: dt=0.5927,  13 negative triangles
445: dt=0.5631,  11 negative triangles
446: dt=0.5631,  13 negative triangles
447: dt=0.5631,  11 negative triangles
448: dt=0.5631,  14 negative triangles
449: dt=0.5631,  11 negative triangles
450: dt=0.5631,  13 negative triangles
451: dt=0.5631,  11 negative triangles
452: dt=0.5631,  13 negative triangles
453: dt=0.5631,  11 negative triangles
454: dt=0.5631,  13 negative triangles
455: dt=0.5350,  11 negative triangles
456: dt=0.5350,  13 negative triangles
457: dt=0.5350,  11 negative triangles
458: dt=0.5350,  14 negative triangles
459: dt=0.5350,  11 negative triangles
460: dt=0.5350,  13 negative triangles
461: dt=0.5350,  11 negative triangles
462: dt=0.5350,  11 negative triangles
463: dt=0.5350,  13 negative triangles
464: dt=0.5350,  11 negative triangles
465: dt=0.5082,  13 negative triangles
466: dt=0.5082,  11 negative triangles
467: dt=0.5082,  13 negative triangles
468: dt=0.5082,  11 negative triangles
469: dt=0.5082,  13 negative triangles
470: dt=0.5082,  11 negative triangles
471: dt=0.5082,  13 negative triangles
472: dt=0.5082,  12 negative triangles
473: dt=0.5082,  13 negative triangles
474: dt=0.5082,  11 negative triangles
475: dt=0.4828,  12 negative triangles
476: dt=0.4828,  11 negative triangles
477: dt=0.4828,  11 negative triangles
478: dt=0.4828,  13 negative triangles
479: dt=0.4828,  11 negative triangles
480: dt=0.4828,  11 negative triangles
481: dt=0.4828,  13 negative triangles
482: dt=0.4828,  11 negative triangles
483: dt=0.4828,  11 negative triangles
484: dt=0.4828,  13 negative triangles
485: dt=0.4587,  13 negative triangles
expanding nbhd size to 1
486: dt=0.9900,  11 negative triangles
487: dt=0.9900,  10 negative triangles
488: dt=0.9900,  12 negative triangles
489: dt=0.9900,  13 negative triangles
490: dt=0.9900,  13 negative triangles
491: dt=0.9900,  13 negative triangles
492: dt=0.9900,  13 negative triangles
493: dt=0.9900,  13 negative triangles
494: dt=0.9900,  13 negative triangles
495: dt=0.9900,  13 negative triangles
496: dt=0.9900,  13 negative triangles
497: dt=0.9405,  13 negative triangles
498: dt=0.9405,  13 negative triangles
499: dt=0.9405,  13 negative triangles
500: dt=0.9405,  13 negative triangles
501: dt=0.9405,  13 negative triangles
502: dt=0.9405,  13 negative triangles
503: dt=0.9405,  13 negative triangles
504: dt=0.9405,  13 negative triangles
505: dt=0.9405,  13 negative triangles
506: dt=0.9405,  13 negative triangles
507: dt=0.8935,  13 negative triangles
508: dt=0.8935,  13 negative triangles
509: dt=0.8935,  13 negative triangles
510: dt=0.8935,  13 negative triangles
511: dt=0.8935,  13 negative triangles
512: dt=0.8935,  13 negative triangles
513: dt=0.8935,  13 negative triangles
514: dt=0.8935,  12 negative triangles
515: dt=0.8935,  12 negative triangles
516: dt=0.8935,  12 negative triangles
517: dt=0.8488,  12 negative triangles
518: dt=0.8488,  12 negative triangles
519: dt=0.8488,  12 negative triangles
520: dt=0.8488,  12 negative triangles
521: dt=0.8488,  11 negative triangles
522: dt=0.8488,  10 negative triangles
523: dt=0.8488,  10 negative triangles
524: dt=0.8488,  10 negative triangles
525: dt=0.8488,  10 negative triangles
526: dt=0.8488,  10 negative triangles
527: dt=0.8064,  10 negative triangles
528: dt=0.8064,  10 negative triangles
529: dt=0.8064,  10 negative triangles
530: dt=0.8064,  10 negative triangles
531: dt=0.8064,  10 negative triangles
532: dt=0.8064,  10 negative triangles
533: dt=0.8064,  10 negative triangles
534: dt=0.8064,  10 negative triangles
535: dt=0.8064,  10 negative triangles
536: dt=0.8064,  10 negative triangles
537: dt=0.7660,  10 negative triangles
538: dt=0.7660,  10 negative triangles
539: dt=0.7660,  10 negative triangles
540: dt=0.7660,  10 negative triangles
541: dt=0.7660,  10 negative triangles
542: dt=0.7660,  10 negative triangles
543: dt=0.7660,  10 negative triangles
544: dt=0.7660,  10 negative triangles
545: dt=0.7660,  10 negative triangles
546: dt=0.7660,  10 negative triangles
547: dt=0.7277,  10 negative triangles
548: dt=0.7277,  10 negative triangles
549: dt=0.7277,  10 negative triangles
550: dt=0.7277,  10 negative triangles
551: dt=0.7277,  10 negative triangles
552: dt=0.7277,  10 negative triangles
553: dt=0.7277,  10 negative triangles
554: dt=0.7277,  10 negative triangles
555: dt=0.7277,   9 negative triangles
556: dt=0.7277,  10 negative triangles
557: dt=0.7277,  10 negative triangles
558: dt=0.7277,  10 negative triangles
559: dt=0.7277,   9 negative triangles
560: dt=0.7277,   8 negative triangles
561: dt=0.7277,   9 negative triangles
562: dt=0.7277,   9 negative triangles
563: dt=0.7277,   7 negative triangles
564: dt=0.7277,   7 negative triangles
565: dt=0.7277,   5 negative triangles
566: dt=0.7277,   6 negative triangles
567: dt=0.7277,   5 negative triangles
568: dt=0.7277,   5 negative triangles
569: dt=0.7277,   5 negative triangles
570: dt=0.7277,   5 negative triangles
571: dt=0.7277,   5 negative triangles
572: dt=0.7277,   5 negative triangles
573: dt=0.7277,   4 negative triangles
574: dt=0.7277,   4 negative triangles
575: dt=0.7277,   3 negative triangles
576: dt=0.7277,   3 negative triangles
577: dt=0.7277,   2 negative triangles
578: dt=0.7277,   2 negative triangles
579: dt=0.7277,   2 negative triangles
580: dt=0.7277,   2 negative triangles
581: dt=0.7277,   2 negative triangles
582: dt=0.7277,   2 negative triangles
583: dt=0.7277,   2 negative triangles
584: dt=0.7277,   2 negative triangles
585: dt=0.7277,   2 negative triangles
586: dt=0.7277,   2 negative triangles
587: dt=0.6914,   2 negative triangles
588: dt=0.6914,   2 negative triangles
589: dt=0.6914,   2 negative triangles
590: dt=0.6914,   2 negative triangles
591: dt=0.6914,   1 negative triangles
592: dt=0.6914,   2 negative triangles
593: dt=0.6914,   2 negative triangles
594: dt=0.6914,   2 negative triangles
595: dt=0.6914,   2 negative triangles
596: dt=0.6914,   1 negative triangles
597: dt=0.6914,   1 negative triangles
598: dt=0.6914,   2 negative triangles
599: dt=0.6914,   1 negative triangles
600: dt=0.6914,   1 negative triangles
writing spherical brain to ../surf/rh.sphere
spherical transformation took 0.1130 hours
FSRUNTIME@ mris_sphere  0.1130 hours 16 threads
#VMPC# mris_sphere VmPeak  1624560
mris_sphere done
#--------------------------------------------
#@# Surf Reg rh Thu Mar 12 17:21:03 CET 2026
/out/sourcedata/freesurfer/sub-v1s20x0050274_ses-1/scripts

 mris_register -curv ../surf/rh.sphere /opt/freesurfer/average/rh.folding.atlas.acfb40.noaparc.i12.2016-08-02.tif ../surf/rh.sphere.reg 

using smoothwm curvature for final alignment

cwd /out/sourcedata/freesurfer/sub-v1s20x0050274_ses-1/scripts
cmdline mris_register -curv ../surf/rh.sphere /opt/freesurfer/average/rh.folding.atlas.acfb40.noaparc.i12.2016-08-02.tif ../surf/rh.sphere.reg 

0 inflated.H
1 sulc
2 smoothwm (computed)
7.3.2
  7.3.2
reading surface from ../surf/rh.sphere...
reading template parameterization from /opt/freesurfer/average/rh.folding.atlas.acfb40.noaparc.i12.2016-08-02.tif...
MRISregister() -------
max_passes = 4 
min_degrees = 0.500000 
max_degrees = 64.000000 
nangles = 8 
tol=5.0e-01, sigma=0.0, host=dna05, nav=1024, nbrs=1, l_extern=10000.000, l_parea=0.200, l_nlarea=1.000, l_corr=1.000, l_dist=5.000
using quadratic fit line minimization
complete_dist_mat 0
rms 0
smooth_averages 0
remove_neg 0
ico_order 0
which_surface 0
target_radius 0.000000
nfields 0
scale 0.000000
desired_rms_height -1.000000
momentum 0.950000
nbhd_size -10
max_nbrs 10
niterations 25
nsurfaces 0
SURFACES 3
flags 16 (10)
use curv 16
no sulc 0
no rigid align 0
mris->nsize 1
mris->hemisphere 1
randomSeed 0

tol=5.0e-01, sigma=0.0, host=dna05, nav=1024, nbrs=1, l_extern=10000.000, l_parea=0.200, l_nlarea=1.000, l_corr=1.000, l_dist=5.000
using quadratic fit line minimization
--------------------
1 Reading rh.sulc
tol=1.0e+00, sigma=0.5, host=dna05, nav=1024, nbrs=1, l_extern=10000.000, l_parea=0.200, l_nlarea=1.000, l_corr=0.050, l_spring=0.500, l_dist=5.000
using quadratic fit line minimization
curvature mean = -0.000, std = 5.714
curvature mean = 0.040, std = 0.810
curvature mean = 0.006, std = 0.854
Starting MRISrigidBodyAlignGlobal()
Starting new MRISrigidBodyAlignGlobal_findMinSSE()
  new MRISrigidBodyAlignGlobal_findMinSSE min @ (-2.50, 4.00, 8.50) sse = 275478.7, elapsed since starting=0.1088 min
MRISrigidBodyAlignGlobal() done   0.11 min
curvature mean = 0.017, std = 0.826
curvature mean = 0.003, std = 0.946
curvature mean = 0.010, std = 0.834
curvature mean = 0.001, std = 0.979
curvature mean = 0.006, std = 0.834
curvature mean = 0.000, std = 0.991
2 Reading smoothwm
curvature mean = -0.025, std = 0.283
curvature mean = 0.036, std = 0.245
curvature mean = 0.048, std = 0.351
curvature mean = 0.029, std = 0.302
curvature mean = 0.037, std = 0.520
curvature mean = 0.028, std = 0.328
curvature mean = 0.021, std = 0.656
curvature mean = 0.028, std = 0.340
curvature mean = 0.007, std = 0.763
MRISregister() return, current seed 0
-01: dt=0.0000,  92 negative triangles  VmPeak 1623288
120: dt=0.9900,  92 negative triangles
121: dt=0.9900,  72 negative triangles
122: dt=0.9900,  77 negative triangles
123: dt=0.9900,  71 negative triangles
124: dt=0.9900,  71 negative triangles
125: dt=0.9900,  66 negative triangles
126: dt=0.9900,  59 negative triangles
127: dt=0.9900,  57 negative triangles
128: dt=0.9900,  56 negative triangles
129: dt=0.9900,  57 negative triangles
130: dt=0.9900,  51 negative triangles
131: dt=0.9900,  48 negative triangles
132: dt=0.9900,  46 negative triangles
133: dt=0.9900,  36 negative triangles
134: dt=0.9900,  44 negative triangles
135: dt=0.9900,  37 negative triangles
136: dt=0.9900,  33 negative triangles
137: dt=0.9900,  37 negative triangles
138: dt=0.9900,  34 negative triangles
139: dt=0.9900,  33 negative triangles
140: dt=0.9900,  33 negative triangles
141: dt=0.9900,  28 negative triangles
142: dt=0.9900,  34 negative triangles
143: dt=0.9900,  30 negative triangles
144: dt=0.9900,  29 negative triangles
145: dt=0.9900,  25 negative triangles
146: dt=0.9900,  28 negative triangles
147: dt=0.9900,  23 negative triangles
148: dt=0.9900,  28 negative triangles
149: dt=0.9900,  24 negative triangles
150: dt=0.9900,  28 negative triangles
151: dt=0.9900,  26 negative triangles
152: dt=0.9900,  28 negative triangles
153: dt=0.9900,  22 negative triangles
154: dt=0.9900,  23 negative triangles
155: dt=0.9900,  26 negative triangles
156: dt=0.9900,  23 negative triangles
157: dt=0.9900,  23 negative triangles
158: dt=0.9900,  23 negative triangles
159: dt=0.9900,  23 negative triangles
160: dt=0.9900,  23 negative triangles
161: dt=0.9900,  24 negative triangles
162: dt=0.9900,  24 negative triangles
163: dt=0.9405,  22 negative triangles
164: dt=0.9405,  29 negative triangles
165: dt=0.9405,  22 negative triangles
166: dt=0.9405,  23 negative triangles
167: dt=0.9405,  26 negative triangles
168: dt=0.9405,  23 negative triangles
169: dt=0.9405,  23 negative triangles
170: dt=0.9405,  23 negative triangles
171: dt=0.9405,  23 negative triangles
172: dt=0.9405,  23 negative triangles
173: dt=0.8935,  23 negative triangles
174: dt=0.8935,  24 negative triangles
175: dt=0.8935,  23 negative triangles
176: dt=0.8935,  25 negative triangles
177: dt=0.8935,  23 negative triangles
178: dt=0.8935,  23 negative triangles
179: dt=0.8935,  23 negative triangles
180: dt=0.8935,  24 negative triangles
181: dt=0.8935,  23 negative triangles
182: dt=0.8935,  23 negative triangles
183: dt=0.8488,  23 negative triangles
184: dt=0.8488,  24 negative triangles
185: dt=0.8488,  22 negative triangles
186: dt=0.8488,  24 negative triangles
187: dt=0.8488,  25 negative triangles
188: dt=0.8488,  24 negative triangles
189: dt=0.8488,  21 negative triangles
190: dt=0.8488,  28 negative triangles
191: dt=0.8488,  22 negative triangles
192: dt=0.8488,  27 negative triangles
193: dt=0.8488,  22 negative triangles
194: dt=0.8488,  24 negative triangles
195: dt=0.8488,  26 negative triangles
196: dt=0.8488,  23 negative triangles
197: dt=0.8488,  23 negative triangles
198: dt=0.8488,  23 negative triangles
199: dt=0.8064,  23 negative triangles
200: dt=0.8064,  23 negative triangles
201: dt=0.8064,  24 negative triangles
202: dt=0.8064,  24 negative triangles
203: dt=0.8064,  22 negative triangles
204: dt=0.8064,  24 negative triangles
205: dt=0.8064,  23 negative triangles
206: dt=0.8064,  25 negative triangles
207: dt=0.8064,  22 negative triangles
208: dt=0.8064,  22 negative triangles
209: dt=0.7660,  22 negative triangles
210: dt=0.7660,  22 negative triangles
211: dt=0.7660,  22 negative triangles
212: dt=0.7660,  22 negative triangles
213: dt=0.7660,  22 negative triangles
214: dt=0.7660,  22 negative triangles
215: dt=0.7660,  22 negative triangles
216: dt=0.7660,  22 negative triangles
217: dt=0.7660,  22 negative triangles
218: dt=0.7660,  23 negative triangles
219: dt=0.7660,  20 negative triangles
220: dt=0.7660,  27 negative triangles
221: dt=0.7660,  21 negative triangles
222: dt=0.7660,  24 negative triangles
223: dt=0.7660,  21 negative triangles
224: dt=0.7660,  25 negative triangles
225: dt=0.7660,  21 negative triangles
226: dt=0.7660,  22 negative triangles
227: dt=0.7660,  24 negative triangles
228: dt=0.7660,  21 negative triangles
229: dt=0.7277,  22 negative triangles
230: dt=0.7277,  21 negative triangles
231: dt=0.7277,  20 negative triangles
232: dt=0.7277,  19 negative triangles
233: dt=0.7277,  19 negative triangles
234: dt=0.7277,  19 negative triangles
235: dt=0.7277,  20 negative triangles
236: dt=0.7277,  20 negative triangles
237: dt=0.7277,  20 negative triangles
238: dt=0.7277,  20 negative triangles
239: dt=0.7277,  20 negative triangles
240: dt=0.7277,  21 negative triangles
241: dt=0.7277,  19 negative triangles
242: dt=0.6914,  21 negative triangles
243: dt=0.6914,  20 negative triangles
244: dt=0.6914,  21 negative triangles
245: dt=0.6914,  21 negative triangles
246: dt=0.6914,  21 negative triangles
247: dt=0.6914,  18 negative triangles
248: dt=0.6914,  25 negative triangles
249: dt=0.6914,  18 negative triangles
250: dt=0.6914,  21 negative triangles
251: dt=0.6914,  21 negative triangles
252: dt=0.6914,  20 negative triangles
253: dt=0.6914,  20 negative triangles
254: dt=0.6914,  20 negative triangles
255: dt=0.6914,  20 negative triangles
256: dt=0.6914,  19 negative triangles
257: dt=0.6568,  19 negative triangles
258: dt=0.6568,  19 negative triangles
259: dt=0.6568,  19 negative triangles
260: dt=0.6568,  19 negative triangles
261: dt=0.6568,  19 negative triangles
262: dt=0.6568,  19 negative triangles
263: dt=0.6568,  19 negative triangles
264: dt=0.6568,  20 negative triangles
265: dt=0.6568,  18 negative triangles
266: dt=0.6568,  19 negative triangles
267: dt=0.6239,  19 negative triangles
268: dt=0.6239,  20 negative triangles
269: dt=0.6239,  18 negative triangles
270: dt=0.6239,  24 negative triangles
271: dt=0.6239,  18 negative triangles
272: dt=0.6239,  21 negative triangles
273: dt=0.6239,  20 negative triangles
274: dt=0.6239,  20 negative triangles
275: dt=0.6239,  19 negative triangles
276: dt=0.6239,  19 negative triangles
277: dt=0.5927,  20 negative triangles
278: dt=0.5927,  19 negative triangles
279: dt=0.5927,  17 negative triangles
280: dt=0.5927,  22 negative triangles
281: dt=0.5927,  16 negative triangles
282: dt=0.5927,  19 negative triangles
283: dt=0.5927,  16 negative triangles
284: dt=0.5927,  20 negative triangles
285: dt=0.5927,  16 negative triangles
286: dt=0.5927,  18 negative triangles
287: dt=0.5927,  14 negative triangles
288: dt=0.5927,  18 negative triangles
289: dt=0.5927,  14 negative triangles
290: dt=0.5927,  19 negative triangles
291: dt=0.5927,  14 negative triangles
292: dt=0.5927,  18 negative triangles
293: dt=0.5927,  14 negative triangles
294: dt=0.5927,  17 negative triangles
295: dt=0.5927,  17 negative triangles
296: dt=0.5927,  16 negative triangles
297: dt=0.5631,  16 negative triangles
298: dt=0.5631,  16 negative triangles
299: dt=0.5631,  16 negative triangles
300: dt=0.5631,  15 negative triangles
301: dt=0.5631,  15 negative triangles
302: dt=0.5631,  15 negative triangles
303: dt=0.5631,  15 negative triangles
304: dt=0.5631,  15 negative triangles
305: dt=0.5631,  15 negative triangles
306: dt=0.5631,  15 negative triangles
307: dt=0.5350,  15 negative triangles
308: dt=0.5350,  15 negative triangles
309: dt=0.5350,  15 negative triangles
310: dt=0.5350,  16 negative triangles
311: dt=0.5350,  13 negative triangles
312: dt=0.5350,  19 negative triangles
313: dt=0.5350,  14 negative triangles
314: dt=0.5350,  16 negative triangles
315: dt=0.5350,  14 negative triangles
316: dt=0.5350,  16 negative triangles
317: dt=0.5350,  13 negative triangles
318: dt=0.5350,  17 negative triangles
319: dt=0.5350,  14 negative triangles
320: dt=0.5350,  17 negative triangles
321: dt=0.5082,  14 negative triangles
322: dt=0.5082,  17 negative triangles
323: dt=0.5082,  14 negative triangles
324: dt=0.5082,  17 negative triangles
325: dt=0.5082,  16 negative triangles
326: dt=0.5082,  15 negative triangles
327: dt=0.5082,  13 negative triangles
328: dt=0.5082,  18 negative triangles
329: dt=0.5082,  13 negative triangles
330: dt=0.5082,  14 negative triangles
331: dt=0.4828,  18 negative triangles
332: dt=0.4828,  15 negative triangles
333: dt=0.4828,  13 negative triangles
334: dt=0.4828,  19 negative triangles
335: dt=0.4828,  13 negative triangles
336: dt=0.4828,  16 negative triangles
337: dt=0.4828,  12 negative triangles
338: dt=0.4828,  16 negative triangles
339: dt=0.4828,  13 negative triangles
340: dt=0.4828,  14 negative triangles
341: dt=0.4828,  16 negative triangles
342: dt=0.4828,  14 negative triangles
343: dt=0.4828,  14 negative triangles
344: dt=0.4828,  14 negative triangles
345: dt=0.4828,  13 negative triangles
346: dt=0.4828,  18 negative triangles
347: dt=0.4587,  13 negative triangles
348: dt=0.4587,  15 negative triangles
349: dt=0.4587,  14 negative triangles
350: dt=0.4587,  13 negative triangles
351: dt=0.4587,  15 negative triangles
352: dt=0.4587,  12 negative triangles
353: dt=0.4587,  15 negative triangles
354: dt=0.4587,  13 negative triangles
355: dt=0.4587,  15 negative triangles
356: dt=0.4587,  12 negative triangles
357: dt=0.4357,  15 negative triangles
358: dt=0.4357,  15 negative triangles
359: dt=0.4357,  14 negative triangles
360: dt=0.4357,  15 negative triangles
361: dt=0.4357,  12 negative triangles
362: dt=0.4357,  14 negative triangles
363: dt=0.4357,  16 negative triangles
364: dt=0.4357,  14 negative triangles
365: dt=0.4357,  13 negative triangles
366: dt=0.4357,  15 negative triangles
367: dt=0.4139,  12 negative triangles
368: dt=0.4139,  15 negative triangles
369: dt=0.4139,  12 negative triangles
370: dt=0.4139,  15 negative triangles
371: dt=0.4139,  17 negative triangles
372: dt=0.4139,  12 negative triangles
373: dt=0.4139,  15 negative triangles
374: dt=0.4139,  13 negative triangles
375: dt=0.4139,  14 negative triangles
376: dt=0.4139,  15 negative triangles
377: dt=0.3932,  14 negative triangles
378: dt=0.3932,  13 negative triangles
379: dt=0.3932,  15 negative triangles
380: dt=0.3932,  14 negative triangles
381: dt=0.3932,  12 negative triangles
382: dt=0.3932,  13 negative triangles
383: dt=0.3932,  12 negative triangles
384: dt=0.3932,  14 negative triangles
385: dt=0.3932,  13 negative triangles
386: dt=0.3932,  11 negative triangles
387: dt=0.3932,  14 negative triangles
388: dt=0.3932,  12 negative triangles
389: dt=0.3932,  11 negative triangles
390: dt=0.3932,  14 negative triangles
391: dt=0.3932,  11 negative triangles
392: dt=0.3932,  11 negative triangles
393: dt=0.3932,  12 negative triangles
394: dt=0.3932,  11 negative triangles
395: dt=0.3932,  12 negative triangles
396: dt=0.3736,  13 negative triangles
397: dt=0.3736,  12 negative triangles
398: dt=0.3736,  11 negative triangles
399: dt=0.3736,  12 negative triangles
400: dt=0.3736,  10 negative triangles
401: dt=0.3736,  13 negative triangles
402: dt=0.3736,  12 negative triangles
403: dt=0.3736,  10 negative triangles
404: dt=0.3736,  13 negative triangles
405: dt=0.3736,  10 negative triangles
406: dt=0.3736,  12 negative triangles
407: dt=0.3736,  13 negative triangles
408: dt=0.3736,  12 negative triangles
409: dt=0.3736,  10 negative triangles
410: dt=0.3549,  15 negative triangles
411: dt=0.3549,  12 negative triangles
412: dt=0.3549,  12 negative triangles
413: dt=0.3549,  10 negative triangles
414: dt=0.3549,  13 negative triangles
415: dt=0.3549,  10 negative triangles
416: dt=0.3549,  14 negative triangles
417: dt=0.3549,  10 negative triangles
418: dt=0.3549,  14 negative triangles
419: dt=0.3549,  10 negative triangles
420: dt=0.3372,  14 negative triangles
421: dt=0.3372,  12 negative triangles
422: dt=0.3372,  12 negative triangles
423: dt=0.3372,  13 negative triangles
424: dt=0.3372,  12 negative triangles
425: dt=0.3372,  11 negative triangles
426: dt=0.3372,  14 negative triangles
427: dt=0.3372,  11 negative triangles
428: dt=0.3372,  12 negative triangles
429: dt=0.3372,  12 negative triangles
430: dt=0.3203,  13 negative triangles
431: dt=0.3203,  12 negative triangles
432: dt=0.3203,  11 negative triangles
433: dt=0.3203,  13 negative triangles
434: dt=0.3203,  10 negative triangles
435: dt=0.3203,  11 negative triangles
436: dt=0.3203,  12 negative triangles
437: dt=0.3203,  11 negative triangles
438: dt=0.3203,  10 negative triangles
439: dt=0.3203,  11 negative triangles
440: dt=0.3043,  12 negative triangles
441: dt=0.3043,  11 negative triangles
442: dt=0.3043,  10 negative triangles
443: dt=0.3043,  12 negative triangles
444: dt=0.3043,  13 negative triangles
445: dt=0.3043,  10 negative triangles
446: dt=0.3043,  10 negative triangles
447: dt=0.3043,  10 negative triangles
448: dt=0.3043,  13 negative triangles
449: dt=0.3043,  12 negative triangles
450: dt=0.2891,  11 negative triangles
expanding nbhd size to 1
451: dt=0.9900,  10 negative triangles
452: dt=0.9900,  10 negative triangles
453: dt=0.9900,  12 negative triangles
454: dt=0.9900,  12 negative triangles
455: dt=0.9900,  13 negative triangles
456: dt=0.9900,  13 negative triangles
457: dt=0.9900,  13 negative triangles
458: dt=0.9900,  13 negative triangles
459: dt=0.9900,  13 negative triangles
460: dt=0.9405,  13 negative triangles
461: dt=0.9405,  13 negative triangles
462: dt=0.9405,  13 negative triangles
463: dt=0.9405,  13 negative triangles
464: dt=0.9405,  13 negative triangles
465: dt=0.9405,  13 negative triangles
466: dt=0.9405,  13 negative triangles
467: dt=0.9405,  13 negative triangles
468: dt=0.9405,  12 negative triangles
469: dt=0.9405,  12 negative triangles
470: dt=0.8935,  12 negative triangles
471: dt=0.8935,  12 negative triangles
472: dt=0.8935,  12 negative triangles
473: dt=0.8935,  12 negative triangles
474: dt=0.8935,  12 negative triangles
475: dt=0.8935,  12 negative triangles
476: dt=0.8935,  12 negative triangles
477: dt=0.8935,  12 negative triangles
478: dt=0.8935,  12 negative triangles
479: dt=0.8935,  12 negative triangles
480: dt=0.8488,  12 negative triangles
481: dt=0.8488,  12 negative triangles
482: dt=0.8488,  12 negative triangles
483: dt=0.8488,  12 negative triangles
484: dt=0.8488,  12 negative triangles
485: dt=0.8488,  12 negative triangles
486: dt=0.8488,  12 negative triangles
487: dt=0.8488,  12 negative triangles
488: dt=0.8488,  12 negative triangles
489: dt=0.8488,  12 negative triangles
490: dt=0.8064,  11 negative triangles
491: dt=0.8064,  11 negative triangles
492: dt=0.8064,  11 negative triangles
493: dt=0.8064,  11 negative triangles
494: dt=0.8064,  11 negative triangles
495: dt=0.8064,  11 negative triangles
496: dt=0.8064,  11 negative triangles
497: dt=0.8064,  11 negative triangles
498: dt=0.8064,  11 negative triangles
499: dt=0.8064,  11 negative triangles
500: dt=0.7660,  11 negative triangles
501: dt=0.7660,  11 negative triangles
502: dt=0.7660,  11 negative triangles
503: dt=0.7660,  11 negative triangles
504: dt=0.7660,  11 negative triangles
505: dt=0.7660,  11 negative triangles
506: dt=0.7660,  11 negative triangles
507: dt=0.7660,  11 negative triangles
508: dt=0.7660,  11 negative triangles
509: dt=0.7660,  11 negative triangles
510: dt=0.7277,  11 negative triangles
511: dt=0.7277,  11 negative triangles
512: dt=0.7277,  11 negative triangles
513: dt=0.7277,  11 negative triangles
514: dt=0.7277,  11 negative triangles
515: dt=0.7277,  11 negative triangles
516: dt=0.7277,  11 negative triangles
517: dt=0.7277,  11 negative triangles
518: dt=0.7277,  11 negative triangles
519: dt=0.7277,  11 negative triangles
520: dt=0.6914,  11 negative triangles
521: dt=0.6914,  11 negative triangles
522: dt=0.6914,  11 negative triangles
523: dt=0.6914,  11 negative triangles
524: dt=0.6914,  11 negative triangles
525: dt=0.6914,  11 negative triangles
526: dt=0.6914,  11 negative triangles
527: dt=0.6914,  11 negative triangles
528: dt=0.6914,  11 negative triangles
529: dt=0.6914,  11 negative triangles
530: dt=0.6568,  11 negative triangles
531: dt=0.6568,  11 negative triangles
532: dt=0.6568,  11 negative triangles
533: dt=0.6568,   9 negative triangles
534: dt=0.6568,   9 negative triangles
535: dt=0.6568,   9 negative triangles
536: dt=0.6568,   9 negative triangles
537: dt=0.6568,   9 negative triangles
538: dt=0.6568,   9 negative triangles
539: dt=0.6568,   9 negative triangles
540: dt=0.6568,   9 negative triangles
541: dt=0.6568,   9 negative triangles
542: dt=0.6568,   9 negative triangles
543: dt=0.6239,   9 negative triangles
544: dt=0.6239,   9 negative triangles
545: dt=0.6239,   8 negative triangles
546: dt=0.6239,   8 negative triangles
547: dt=0.6239,   8 negative triangles
548: dt=0.6239,   7 negative triangles
549: dt=0.6239,   8 negative triangles
550: dt=0.6239,   7 negative triangles
551: dt=0.6239,   7 negative triangles
552: dt=0.6239,   7 negative triangles
553: dt=0.6239,   7 negative triangles
554: dt=0.6239,   7 negative triangles
555: dt=0.6239,   7 negative triangles
556: dt=0.6239,   7 negative triangles
557: dt=0.6239,   7 negative triangles
558: dt=0.5927,   7 negative triangles
559: dt=0.5927,   7 negative triangles
560: dt=0.5927,   7 negative triangles
561: dt=0.5927,   7 negative triangles
562: dt=0.5927,   7 negative triangles
563: dt=0.5927,   7 negative triangles
564: dt=0.5927,   7 negative triangles
565: dt=0.5927,   6 negative triangles
566: dt=0.5927,   6 negative triangles
567: dt=0.5927,   6 negative triangles
568: dt=0.5927,   6 negative triangles
569: dt=0.5927,   6 negative triangles
570: dt=0.5927,   7 negative triangles
571: dt=0.5927,   6 negative triangles
572: dt=0.5927,   6 negative triangles
573: dt=0.5927,   6 negative triangles
574: dt=0.5927,   7 negative triangles
575: dt=0.5631,   6 negative triangles
576: dt=0.5631,   6 negative triangles
577: dt=0.5631,   5 negative triangles
578: dt=0.5631,   5 negative triangles
579: dt=0.5631,   5 negative triangles
580: dt=0.5631,   5 negative triangles
581: dt=0.5631,   5 negative triangles
582: dt=0.5631,   5 negative triangles
583: dt=0.5631,   5 negative triangles
584: dt=0.5631,   5 negative triangles
585: dt=0.5631,   5 negative triangles
586: dt=0.5631,   5 negative triangles
587: dt=0.5350,   5 negative triangles
588: dt=0.5350,   5 negative triangles
589: dt=0.5350,   5 negative triangles
590: dt=0.5350,   5 negative triangles
591: dt=0.5350,   5 negative triangles
592: dt=0.5350,   5 negative triangles
593: dt=0.5350,   5 negative triangles
594: dt=0.5350,   5 negative triangles
595: dt=0.5350,   5 negative triangles
596: dt=0.5350,   5 negative triangles
597: dt=0.5082,   5 negative triangles
598: dt=0.5082,   4 negative triangles
599: dt=0.5082,   4 negative triangles
600: dt=0.5082,   4 negative triangles
601: dt=0.5082,   4 negative triangles
602: dt=0.5082,   4 negative triangles
603: dt=0.5082,   4 negative triangles
604: dt=0.5082,   4 negative triangles
605: dt=0.5082,   4 negative triangles
606: dt=0.5082,   4 negative triangles
607: dt=0.5082,   4 negative triangles
608: dt=0.4828,   4 negative triangles
609: dt=0.4828,   3 negative triangles
610: dt=0.4828,   3 negative triangles
611: dt=0.4828,   3 negative triangles
612: dt=0.4828,   3 negative triangles
613: dt=0.4828,   3 negative triangles
614: dt=0.4828,   2 negative triangles
615: dt=0.4828,   2 negative triangles
616: dt=0.4828,   2 negative triangles
617: dt=0.4828,   2 negative triangles
618: dt=0.4828,   2 negative triangles
619: dt=0.4828,   2 negative triangles
620: dt=0.4828,   2 negative triangles
621: dt=0.4828,   2 negative triangles
622: dt=0.4828,   2 negative triangles
623: dt=0.4828,   2 negative triangles
624: dt=0.4587,   2 negative triangles
625: dt=0.4587,   2 negative triangles
626: dt=0.4587,   2 negative triangles
627: dt=0.4587,   2 negative triangles
628: dt=0.4587,   2 negative triangles
629: dt=0.4587,   2 negative triangles
630: dt=0.4587,   2 negative triangles
631: dt=0.4587,   2 negative triangles
632: dt=0.4587,   2 negative triangles
633: dt=0.4587,   2 negative triangles
634: dt=0.4357,   2 negative triangles
635: dt=0.4357,   2 negative triangles
636: dt=0.4357,   2 negative triangles
637: dt=0.4357,   2 negative triangles
638: dt=0.4357,   2 negative triangles
639: dt=0.4357,   2 negative triangles
640: dt=0.4357,   2 negative triangles
641: dt=0.4357,   2 negative triangles
642: dt=0.4357,   2 negative triangles
643: dt=0.4357,   2 negative triangles
644: dt=0.4139,   2 negative triangles
645: dt=0.4139,   2 negative triangles
646: dt=0.4139,   2 negative triangles
647: dt=0.4139,   1 negative triangles
648: dt=0.4139,   2 negative triangles
649: dt=0.4139,   2 negative triangles
650: dt=0.4139,   1 negative triangles
651: dt=0.4139,   1 negative triangles
652: dt=0.4139,   1 negative triangles
653: dt=0.4139,   1 negative triangles
654: dt=0.4139,   1 negative triangles
655: dt=0.4139,   1 negative triangles
656: dt=0.4139,   1 negative triangles
657: dt=0.3932,   1 negative triangles
658: dt=0.3932,   1 negative triangles
writing registered surface to ../surf/rh.sphere.reg...
registration took 0.10 hours
#VMPC# mris_register VmPeak  1623288
FSRUNTIME@ mris_register  0.0975 hours 16 threads

 ln -sf rh.sphere.reg rh.fsaverage.sphere.reg 

#--------------------------------------------
#@# Jacobian white rh Thu Mar 12 17:26:54 CET 2026
/out/sourcedata/freesurfer/sub-v1s20x0050274_ses-1/scripts

 mris_jacobian ../surf/rh.white.preaparc ../surf/rh.sphere.reg ../surf/rh.jacobian_white 

reading surface from ../surf/rh.white.preaparc...
writing curvature file ../surf/rh.jacobian_white
#--------------------------------------------
#@# AvgCurv rh Thu Mar 12 17:26:55 CET 2026
/out/sourcedata/freesurfer/sub-v1s20x0050274_ses-1/scripts

 mrisp_paint -a 5 /opt/freesurfer/average/rh.folding.atlas.acfb40.noaparc.i12.2016-08-02.tif#6 ../surf/rh.sphere.reg ../surf/rh.avg_curv 

averaging curvature patterns 5 times...
reading surface from ../surf/rh.sphere.reg...
reading template parameterization from /opt/freesurfer/average/rh.folding.atlas.acfb40.noaparc.i12.2016-08-02.tif...
writing curvature file to ../surf/rh.avg_curv...
#-----------------------------------------
#@# Cortical Parc rh Thu Mar 12 17:26:56 CET 2026
/out/sourcedata/freesurfer/sub-v1s20x0050274_ses-1/scripts

 mris_ca_label -l ../label/rh.cortex.label -aseg ../mri/aseg.presurf.mgz -seed 1234 sub-v1s20x0050274_ses-1 rh ../surf/rh.sphere.reg /opt/freesurfer/average/rh.DKaparc.atlas.acfb40.noaparc.i12.2016-08-02.gcs ../label/rh.aparc.annot 

setting seed for random number generator to 1234
using ../mri/aseg.presurf.mgz aseg volume to correct midline
7.3.2
  7.3.2
reading atlas from /opt/freesurfer/average/rh.DKaparc.atlas.acfb40.noaparc.i12.2016-08-02.gcs...
reading color table from GCSA file....
average std = 0.7   using min determinant for regularization = 0.004
0 singular and 309 ill-conditioned covariance matrices regularized
input 0: MEAN CURVATURE, flags 0, avgs 5, name mean_curvature
labeling surface...
1973 labels changed using aseg
relabeling using gibbs priors...
000:   3137 changed, 152756 examined...
001:    738 changed, 13514 examined...
002:    154 changed, 4128 examined...
003:     51 changed, 958 examined...
004:     20 changed, 320 examined...
005:      7 changed, 121 examined...
006:      8 changed, 48 examined...
007:      5 changed, 37 examined...
008:      4 changed, 28 examined...
009:      4 changed, 27 examined...
010:      0 changed, 20 examined...
284 labels changed using aseg
000: 117 total segments, 77 labels (309 vertices) changed
001: 41 total segments, 2 labels (11 vertices) changed
002: 38 total segments, 0 labels (0 vertices) changed
10 filter iterations complete (10 requested, 8 changed)
rationalizing unknown annotations with cortex label
relabeling unknown label...
relabeling corpuscallosum label...
1902 vertices marked for relabeling...
1902 labels changed in reclassification.
writing output to ../label/rh.aparc.annot...
classification took 0 minutes and 11 seconds.
#--------------------------------------------
#@# WhiteSurfs rh Thu Mar 12 17:27:07 CET 2026
cd /out/sourcedata/freesurfer/sub-v1s20x0050274_ses-1/mri
mris_place_surface --adgws-in ../surf/autodet.gw.stats.rh.dat --seg aseg.presurf.mgz --threads 16 --wm wm.mgz --invol brain.finalsurfs.mgz --rh --i ../surf/rh.white.preaparc --o ../surf/rh.white --white --nsmooth 0 --rip-label ../label/rh.cortex.label --rip-bg --rip-surf ../surf/rh.white.preaparc --aparc ../label/rh.aparc.annot
7.3.2
7.3.2

cd /out/sourcedata/freesurfer/sub-v1s20x0050274_ses-1/mri
setenv SUBJECTS_DIR /out/sourcedata/freesurfer
mris_place_surface --adgws-in ../surf/autodet.gw.stats.rh.dat --seg aseg.presurf.mgz --threads 16 --wm wm.mgz --invol brain.finalsurfs.mgz --rh --i ../surf/rh.white.preaparc --o ../surf/rh.white --white --nsmooth 0 --rip-label ../label/rh.cortex.label --rip-bg --rip-surf ../surf/rh.white.preaparc --aparc ../label/rh.aparc.annot 

Reading in input surface ../surf/rh.white.preaparc
Not smoothing input surface
Area    305508  0.34455  0.12343 0.000393   2.6458
Corner  916524 60.00000 14.09034 0.308704 179.1257
Edge    458262  0.90375  0.20408 0.011288   3.9325
Hinge   458262 10.88125 12.86729 0.000005 179.9655
Reading in aparc ../label/rh.aparc.annot
Reading in input volume brain.finalsurfs.mgz
Reading in wm volume wm.mgz
MRIclipBrightWM(): nthresh=19778, wmmin=5, clip=110 
MRIfindBrightNonWM(): 2585 bright non-wm voxels segmented.
Masking bright non-wm for white surface
MRImask(): AllowDiffGeom = 1
MRImask(): AllowDiffGeom = 1
Reading in seg volume aseg.presurf.mgz
Ripping frozen voxels
Ripping vertices not in label ../label/rh.cortex.label
MRISripNotLabel() ripped 9069/152756 vertices (143687 unripped)
Reading in ripping surface ../surf/rh.white.preaparc
Reading in aparc ../label/rh.aparc.annot for ripsurf
Ripping BG
MRISripBasalGanglia(): 1 -2 2 0.5 ripped 465
Ripping segs (eg, WMSA, BG, frozen)
Starting MRISripSegs() d = (-2 2 0.5) segnos: 247 
MRISripSegs(): -2 2 0.5 ripped 0
vertex 76378: xyz = (12.6743,-10.1804,-18.0653) oxyz = (12.6743,-10.1804,-18.0653) wxzy = (12.6743,-10.1804,-18.0653) pxyz = (0,0,0) 
CBVO Creating mask 152756
n_averages 4
Iteration 0 =========================================
n_averages=4, current_sigma=2
Computing target border values 
Entering MRIScomputeBorderValues_new(): 
  inside_hi   = 120.0000000;
  border_hi   = 109.8670270;
  border_low  =  70.0000000;
  outside_low =  59.8978390;
  outside_hi  = 109.8670270;
  sigma = 2;
  max_thickness = 10;
  step_size=0.5;
  STEP_SIZE=0.1;
  which = 1
  thresh = 0
  flags = 0
  CBVfindFirstPeakD1=0
  CBVfindFirstPeakD2=0
  nvertices=152756
  Gdiag_no=-1
  vno start=0, stop=152756
Replacing 255s with 0s
#SI# sigma=2 had to be increased for 247 vertices, nripped=9534
mean border=81.9, 193 (193) missing vertices, mean dist 0.3 [0.6 (%21.2)->0.5 (%78.8))]
%71 local maxima, %22 large gradients and % 0 min vals, 0 gradients ignored
nFirstPeakD1 0
MRIScomputeBorderValues_new() finished in 0.0172 min


Finding expansion regions
mean absolute distance = 0.53 +- 0.84
4529 vertices more than 2 sigmas from mean.
Averaging target values for 5 iterations...
Positioning Surface: tspring = 0.3, nspring = 0.3, spring = 0, niters = 100 l_repulse = 5, l_surf_repulse = 0, checktol = 0
Positioning pial surface
Entering MRISpositionSurface()
  max_mm = 0.3
  MAX_REDUCTIONS = 2, REDUCTION_PCT = 0.5
  parms->check_tol = 0, niterations = 100
tol=1.0e-04, sigma=2.0, host=dna05, nav=4, nbrs=2, l_repulse=5.000, l_tspring=0.300, l_nspring=0.300, l_intensity=0.200, l_curv=1.000
mom=0.00, dt=0.50
complete_dist_mat 0
rms 0
smooth_averages 0
remove_neg 0
ico_order 0
which_surface 0
target_radius 0.000000
nfields 0
scale 0.000000
desired_rms_height 0.000000
momentum 0.000000
nbhd_size 0
max_nbrs 0
niterations 100
nsurfaces 0
SURFACES 3
flags 0 (0)
use curv 0
no sulc 0
no rigid align 0
mris->nsize 2
mris->hemisphere 1
randomSeed 0

000: dt: 0.0000, sse=1312915.2, rms=6.152
001: dt: 0.5000, sse=652173.8, rms=3.853 (37.370%)
002: dt: 0.5000, sse=492806.8, rms=3.051 (20.811%)
003: dt: 0.5000, sse=462901.6, rms=2.851 (6.550%)
004: dt: 0.5000, sse=439771.2, rms=2.713 (4.861%)
rms = 2.7477/2.7128, sse=450081.9/439771.2, time step reduction 1 of 3 to 0.250  0 1 1
   RMS increased, rejecting step
005: dt: 0.2500, sse=343214.6, rms=1.991 (26.621%)
006: dt: 0.2500, sse=317079.9, rms=1.634 (17.936%)
007: dt: 0.2500, sse=299718.2, rms=1.527 (6.540%)
rms = 1.4769/1.5268, sse=295485.2/299718.2, time step reduction 2 of 3 to 0.125  0 0 1
008: dt: 0.2500, sse=295485.2, rms=1.477 (3.267%)
rms = 1.4269/1.4769, sse=293329.8/295485.2, time step reduction 3 of 3 to 0.062  0 0 1
009: dt: 0.1250, sse=293329.8, rms=1.427 (3.385%)
  maximum number of reductions reached, breaking from loop
positioning took 1.0 minutes
Iteration 1 =========================================
n_averages=2, current_sigma=1
Computing target border values 
Entering MRIScomputeBorderValues_new(): 
  inside_hi   = 120.0000000;
  border_hi   = 109.8670270;
  border_low  =  70.0000000;
  outside_low =  59.8978390;
  outside_hi  = 109.8670270;
  sigma = 1;
  max_thickness = 10;
  step_size=0.5;
  STEP_SIZE=0.1;
  which = 1
  thresh = 0
  flags = 0
  CBVfindFirstPeakD1=0
  CBVfindFirstPeakD2=0
  nvertices=152756
  Gdiag_no=-1
  vno start=0, stop=152756
Replacing 255s with 0s
#SI# sigma=1 had to be increased for 213 vertices, nripped=9534
mean border=84.2, 159 (63) missing vertices, mean dist -0.2 [0.4 (%69.1)->0.3 (%30.9))]
%78 local maxima, %15 large gradients and % 0 min vals, 0 gradients ignored
nFirstPeakD1 0
MRIScomputeBorderValues_new() finished in 0.0105 min


Finding expansion regions
mean absolute distance = 0.36 +- 0.62
4656 vertices more than 2 sigmas from mean.
Averaging target values for 5 iterations...
Positioning Surface: tspring = 0.3, nspring = 0.3, spring = 0, niters = 100 l_repulse = 5, l_surf_repulse = 0, checktol = 0
Positioning pial surface
Entering MRISpositionSurface()
  max_mm = 0.3
  MAX_REDUCTIONS = 2, REDUCTION_PCT = 0.5
  parms->check_tol = 0, niterations = 100
tol=1.0e-04, sigma=1.0, host=dna05, nav=2, nbrs=2, l_repulse=5.000, l_tspring=0.300, l_nspring=0.300, l_intensity=0.200, l_curv=1.000
mom=0.00, dt=0.50
000: dt: 0.0000, sse=637588.8, rms=3.692
010: dt: 0.5000, sse=425592.8, rms=2.475 (32.953%)
011: dt: 0.5000, sse=409725.4, rms=2.393 (3.329%)
rms = 2.4622/2.3928, sse=427405.5/409725.4, time step reduction 1 of 3 to 0.250  0 1 1
   RMS increased, rejecting step
012: dt: 0.2500, sse=333005.3, rms=1.736 (27.432%)
013: dt: 0.2500, sse=304891.1, rms=1.379 (20.601%)
014: dt: 0.2500, sse=297015.4, rms=1.283 (6.936%)
rms = 1.2432/1.2831, sse=293243.9/297015.4, time step reduction 2 of 3 to 0.125  0 0 1
015: dt: 0.2500, sse=293243.9, rms=1.243 (3.110%)
rms = 1.1974/1.2432, sse=300783.6/293243.9, time step reduction 3 of 3 to 0.062  0 1 1
016: dt: 0.1250, sse=300783.6, rms=1.197 (3.683%)
  maximum number of reductions reached, breaking from loop
positioning took 0.7 minutes
Iteration 2 =========================================
n_averages=1, current_sigma=0.5
Computing target border values 
Entering MRIScomputeBorderValues_new(): 
  inside_hi   = 120.0000000;
  border_hi   = 109.8670270;
  border_low  =  70.0000000;
  outside_low =  59.8978390;
  outside_hi  = 109.8670270;
  sigma = 0.5;
  max_thickness = 10;
  step_size=0.5;
  STEP_SIZE=0.1;
  which = 1
  thresh = 0
  flags = 0
  CBVfindFirstPeakD1=0
  CBVfindFirstPeakD2=0
  nvertices=152756
  Gdiag_no=-1
  vno start=0, stop=152756
Replacing 255s with 0s
#SI# sigma=0.5 had to be increased for 265 vertices, nripped=9534
mean border=85.5, 175 (30) missing vertices, mean dist -0.1 [0.3 (%62.1)->0.3 (%37.9))]
%82 local maxima, %11 large gradients and % 0 min vals, 0 gradients ignored
nFirstPeakD1 0
MRIScomputeBorderValues_new() finished in 0.0085 min


Finding expansion regions
mean absolute distance = 0.29 +- 0.49
4360 vertices more than 2 sigmas from mean.
Averaging target values for 5 iterations...
Positioning Surface: tspring = 0.3, nspring = 0.3, spring = 0, niters = 100 l_repulse = 5, l_surf_repulse = 0, checktol = 0
Positioning pial surface
Entering MRISpositionSurface()
  max_mm = 0.3
  MAX_REDUCTIONS = 2, REDUCTION_PCT = 0.5
  parms->check_tol = 0, niterations = 100
tol=1.0e-04, sigma=0.5, host=dna05, nav=1, nbrs=2, l_repulse=5.000, l_tspring=0.300, l_nspring=0.300, l_intensity=0.200, l_curv=1.000
mom=0.00, dt=0.50
000: dt: 0.0000, sse=401685.8, rms=2.267
017: dt: 0.5000, sse=366162.5, rms=2.030 (10.456%)
rms = 2.1268/2.0301, sse=375832.0/366162.5, time step reduction 1 of 3 to 0.250  0 1 1
   RMS increased, rejecting step
018: dt: 0.2500, sse=307307.6, rms=1.481 (27.067%)
019: dt: 0.2500, sse=287427.4, rms=1.218 (17.771%)
020: dt: 0.2500, sse=284429.7, rms=1.162 (4.545%)
rms = 1.1621/1.1622, sse=285471.7/284429.7, time step reduction 2 of 3 to 0.125  0 1 1
021: dt: 0.2500, sse=285471.7, rms=1.162 (0.004%)
022: dt: 0.1250, sse=278733.4, rms=1.107 (4.733%)
rms = 1.0987/1.1071, sse=278997.7/278733.4, time step reduction 3 of 3 to 0.062  0 1 1
023: dt: 0.1250, sse=278997.7, rms=1.099 (0.761%)
  maximum number of reductions reached, breaking from loop
positioning took 0.7 minutes
Iteration 3 =========================================
n_averages=0, current_sigma=0.25
Computing target border values 
Entering MRIScomputeBorderValues_new(): 
  inside_hi   = 120.0000000;
  border_hi   = 109.8670270;
  border_low  =  70.0000000;
  outside_low =  59.8978390;
  outside_hi  = 109.8670270;
  sigma = 0.25;
  max_thickness = 10;
  step_size=0.5;
  STEP_SIZE=0.1;
  which = 1
  thresh = 0
  flags = 0
  CBVfindFirstPeakD1=0
  CBVfindFirstPeakD2=0
  nvertices=152756
  Gdiag_no=-1
  vno start=0, stop=152756
Replacing 255s with 0s
#SI# sigma=0.25 had to be increased for 294 vertices, nripped=9534
mean border=86.1, 233 (22) missing vertices, mean dist -0.0 [0.3 (%54.0)->0.3 (%46.0))]
%84 local maxima, % 9 large gradients and % 0 min vals, 0 gradients ignored
nFirstPeakD1 0
MRIScomputeBorderValues_new() finished in 0.0055 min


Finding expansion regions
mean absolute distance = 0.27 +- 0.43
4417 vertices more than 2 sigmas from mean.
Averaging target values for 5 iterations...
Positioning Surface: tspring = 0.3, nspring = 0.3, spring = 0, niters = 100 l_repulse = 5, l_surf_repulse = 0, checktol = 0
Positioning pial surface
Entering MRISpositionSurface()
  max_mm = 0.3
  MAX_REDUCTIONS = 2, REDUCTION_PCT = 0.5
  parms->check_tol = 0, niterations = 100
tol=1.0e-04, sigma=0.2, host=dna05, nav=0, nbrs=2, l_repulse=5.000, l_tspring=0.300, l_nspring=0.300, l_intensity=0.200, l_curv=1.000
mom=0.00, dt=0.50
000: dt: 0.0000, sse=303641.9, rms=1.471
rms = 1.4358/1.4706, sse=309059.1/303641.9, time step reduction 1 of 3 to 0.250  0 1 1
024: dt: 0.5000, sse=309059.2, rms=1.436 (2.365%)
025: dt: 0.2500, sse=278912.0, rms=1.067 (25.676%)
026: dt: 0.2500, sse=274575.2, rms=0.996 (6.651%)
rms = 1.0308/0.9962, sse=275393.2/274575.2, time step reduction 2 of 3 to 0.125  0 1 1
   RMS increased, rejecting step
rms = 0.9471/0.9962, sse=271073.4/274575.2, time step reduction 3 of 3 to 0.062  0 0 1
027: dt: 0.1250, sse=271073.4, rms=0.947 (4.925%)
  maximum number of reductions reached, breaking from loop
positioning took 0.4 minutes


Writing output to ../surf/rh.white
#ET# mris_place_surface  2.86 minutes
#VMPC# mris_place_surfaces VmPeak  3188356
mris_place_surface done
#--------------------------------------------
#@# T1PialSurf rh Thu Mar 12 17:30:06 CET 2026
cd /out/sourcedata/freesurfer/sub-v1s20x0050274_ses-1/mri
mris_place_surface --adgws-in ../surf/autodet.gw.stats.rh.dat --seg aseg.presurf.mgz --threads 16 --wm wm.mgz --invol brain.finalsurfs.mgz --rh --i ../surf/rh.white --o ../surf/rh.pial.T1 --pial --nsmooth 0 --rip-label ../label/rh.cortex+hipamyg.label --pin-medial-wall ../label/rh.cortex.label --aparc ../label/rh.aparc.annot --repulse-surf ../surf/rh.white --white-surf ../surf/rh.white
7.3.2
7.3.2

cd /out/sourcedata/freesurfer/sub-v1s20x0050274_ses-1/mri
setenv SUBJECTS_DIR /out/sourcedata/freesurfer
mris_place_surface --adgws-in ../surf/autodet.gw.stats.rh.dat --seg aseg.presurf.mgz --threads 16 --wm wm.mgz --invol brain.finalsurfs.mgz --rh --i ../surf/rh.white --o ../surf/rh.pial.T1 --pial --nsmooth 0 --rip-label ../label/rh.cortex+hipamyg.label --pin-medial-wall ../label/rh.cortex.label --aparc ../label/rh.aparc.annot --repulse-surf ../surf/rh.white --white-surf ../surf/rh.white 

Reading in input surface ../surf/rh.white
Not smoothing input surface
Area    305508  0.34903  0.13762 0.001576   2.3269
Corner  916524 60.00000 15.45142 0.258729 178.3978
Edge    458262  0.91156  0.22341 0.021801   3.2317
Hinge   458262 11.05665 12.79310 0.000004 179.8072
Reading white surface coordinates from ../surf/rh.white
Reading repulsion surface coordinates from ../surf/rh.white
Reading in aparc ../label/rh.aparc.annot
Reading in input volume brain.finalsurfs.mgz
Reading in wm volume wm.mgz
MRIclipBrightWM(): nthresh=19778, wmmin=5, clip=110 
MRIfindBrightNonWM(): 2585 bright non-wm voxels segmented.
Masking bright non-wm for pial surface mid_gray = 66.9132
MRImask(): AllowDiffGeom = 1
MRImask(): AllowDiffGeom = 1
MRImask(): AllowDiffGeom = 1
Reading in seg volume aseg.presurf.mgz
Ripping frozen voxels
Ripping vertices not in label ../label/rh.cortex+hipamyg.label
MRISripNotLabel() ripped 6653/152756 vertices (146103 unripped)
INFO: rip surface needed but not specified, so using input surface
Ripping segs (eg, WMSA, BG, frozen)
Starting MRISripSegs() d = (-2 2 0.5) segnos: 247 
MRISripSegs(): -2 2 0.5 ripped 0
vertex 76378: xyz = (12.6743,-10.1804,-18.0653) oxyz = (12.6743,-10.1804,-18.0653) wxzy = (12.6743,-10.1804,-18.0653) pxyz = (12.6743,-10.1804,-18.0653) 
CBVO Creating mask 152756
n_averages 16
Iteration 0 =========================================
n_averages=16, current_sigma=2
Computing target border values 
Entering MRIScomputeBorderValues_new(): 
  inside_hi   =  94.1329730;
  border_hi   =  59.8978390;
  border_low  =  39.6935160;
  outside_low =  10.0000000;
  outside_hi  =  54.8467560;
  sigma = 2;
  max_thickness = 10;
  step_size=0.5;
  STEP_SIZE=0.1;
  which = 2
  thresh = 0
  flags = 0
  CBVfindFirstPeakD1=0
  CBVfindFirstPeakD2=0
  nvertices=152756
  Gdiag_no=-1
  vno start=0, stop=152756
Replacing 255s with 0s
#SI# sigma=2 had to be increased for 305 vertices, nripped=6653
mean border=59.3, 202 (202) missing vertices, mean dist 1.4 [0.1 (%0.0)->3.2 (%100.0))]
%10 local maxima, %31 large gradients and %55 min vals, 0 gradients ignored
nFirstPeakD1 0
MRIScomputeBorderValues_new() finished in 0.0140 min


Averaging target values for 5 iterations...
Positioning Surface: tspring = 0.3, nspring = 0.3, spring = 0, niters = 100 l_repulse = 0, l_surf_repulse = 5, checktol = 0
Positioning pial surface
Entering MRISpositionSurface()
  max_mm = 0.3
  MAX_REDUCTIONS = 2, REDUCTION_PCT = 0.5
  parms->check_tol = 0, niterations = 100
tol=1.0e-04, sigma=2.0, host=dna05, nav=16, nbrs=2, l_surf_repulse=5.000, l_tspring=0.300, l_nspring=0.300, l_intensity=0.200, l_curv=1.000
mom=0.00, dt=0.50
complete_dist_mat 0
rms 0
smooth_averages 0
remove_neg 0
ico_order 0
which_surface 0
target_radius 0.000000
nfields 0
scale 0.000000
desired_rms_height 0.000000
momentum 0.000000
nbhd_size 0
max_nbrs 0
niterations 100
nsurfaces 0
SURFACES 3
flags 0 (0)
use curv 0
no sulc 0
no rigid align 0
mris->nsize 2
mris->hemisphere 1
randomSeed 0

000: dt: 0.0000, sse=22459034.0, rms=27.602
001: dt: 0.5000, sse=15695497.0, rms=23.023 (16.589%)
002: dt: 0.5000, sse=10878172.0, rms=19.102 (17.029%)
003: dt: 0.5000, sse=7796520.0, rms=16.099 (15.721%)
004: dt: 0.5000, sse=5919508.0, rms=13.955 (13.319%)
005: dt: 0.5000, sse=4745515.0, rms=12.425 (10.959%)
006: dt: 0.5000, sse=3933765.0, rms=11.245 (9.499%)
007: dt: 0.5000, sse=3317741.8, rms=10.257 (8.787%)
008: dt: 0.5000, sse=2821165.2, rms=9.383 (8.516%)
009: dt: 0.5000, sse=2401704.2, rms=8.575 (8.614%)
010: dt: 0.5000, sse=2059238.8, rms=7.853 (8.423%)
011: dt: 0.5000, sse=1782167.6, rms=7.215 (8.127%)
012: dt: 0.5000, sse=1568453.6, rms=6.680 (7.416%)
013: dt: 0.5000, sse=1400389.0, rms=6.225 (6.799%)
014: dt: 0.5000, sse=1279790.6, rms=5.876 (5.605%)
015: dt: 0.5000, sse=1187508.0, rms=5.593 (4.820%)
016: dt: 0.5000, sse=1118252.2, rms=5.370 (3.985%)
017: dt: 0.5000, sse=1067959.6, rms=5.201 (3.155%)
018: dt: 0.5000, sse=1031130.6, rms=5.073 (2.466%)
019: dt: 0.5000, sse=1001302.8, rms=4.965 (2.115%)
020: dt: 0.5000, sse=981172.0, rms=4.890 (1.518%)
021: dt: 0.5000, sse=967984.5, rms=4.839 (1.045%)
rms = 4.8013/4.8388, sse=958637.4/967984.5, time step reduction 1 of 3 to 0.250  0 0 1
022: dt: 0.5000, sse=958637.4, rms=4.801 (0.775%)
023: dt: 0.2500, sse=864091.4, rms=4.435 (7.638%)
024: dt: 0.2500, sse=842241.4, rms=4.346 (1.994%)
rms = 4.3374/4.3462, sse=840547.7/842241.4, time step reduction 2 of 3 to 0.125  0 0 1
025: dt: 0.2500, sse=840547.7, rms=4.337 (0.201%)
026: dt: 0.1250, sse=814722.1, rms=4.230 (2.479%)
rms = 4.2029/4.2299, sse=808403.4/814722.1, time step reduction 3 of 3 to 0.062  0 0 1
027: dt: 0.1250, sse=808403.4, rms=4.203 (0.638%)
  maximum number of reductions reached, breaking from loop
positioning took 2.2 minutes
Iteration 1 =========================================
n_averages=8, current_sigma=1
Computing target border values 
Entering MRIScomputeBorderValues_new(): 
  inside_hi   =  94.1329730;
  border_hi   =  59.8978390;
  border_low  =  39.6935160;
  outside_low =  10.0000000;
  outside_hi  =  54.8467560;
  sigma = 1;
  max_thickness = 10;
  step_size=0.5;
  STEP_SIZE=0.1;
  which = 2
  thresh = 0
  flags = 0
  CBVfindFirstPeakD1=0
  CBVfindFirstPeakD2=0
  nvertices=152756
  Gdiag_no=-1
  vno start=0, stop=152756
Replacing 255s with 0s
#SI# sigma=1 had to be increased for 18497 vertices, nripped=6653
mean border=58.6, 3429 (37) missing vertices, mean dist 0.2 [0.2 (%46.9)->0.9 (%53.1))]
%15 local maxima, %29 large gradients and %50 min vals, 0 gradients ignored
nFirstPeakD1 0
MRIScomputeBorderValues_new() finished in 0.0042 min


Averaging target values for 5 iterations...
Positioning Surface: tspring = 0.3, nspring = 0.3, spring = 0, niters = 100 l_repulse = 0, l_surf_repulse = 5, checktol = 0
Positioning pial surface
Entering MRISpositionSurface()
  max_mm = 0.3
  MAX_REDUCTIONS = 2, REDUCTION_PCT = 0.5
  parms->check_tol = 0, niterations = 100
tol=1.0e-04, sigma=1.0, host=dna05, nav=8, nbrs=2, l_surf_repulse=5.000, l_tspring=0.300, l_nspring=0.300, l_intensity=0.200, l_curv=1.000
mom=0.00, dt=0.50
000: dt: 0.0000, sse=981887.4, rms=4.587
rms = 4.6906/4.5874, sse=1009286.2/981887.4, time step reduction 1 of 3 to 0.250  0 1 1
   RMS increased, rejecting step
028: dt: 0.2500, sse=931509.2, rms=4.393 (4.244%)
029: dt: 0.2500, sse=900896.9, rms=4.270 (2.792%)
rms = 4.2498/4.2700, sse=895619.4/900896.9, time step reduction 2 of 3 to 0.125  0 0 1
030: dt: 0.2500, sse=895619.4, rms=4.250 (0.474%)
031: dt: 0.1250, sse=864474.3, rms=4.119 (3.085%)
rms = 4.0731/4.1187, sse=853677.8/864474.3, time step reduction 3 of 3 to 0.062  0 0 1
032: dt: 0.1250, sse=853677.9, rms=4.073 (1.107%)
  maximum number of reductions reached, breaking from loop
positioning took 0.5 minutes
Iteration 2 =========================================
n_averages=4, current_sigma=0.5
Computing target border values 
Entering MRIScomputeBorderValues_new(): 
  inside_hi   =  94.1329730;
  border_hi   =  59.8978390;
  border_low  =  39.6935160;
  outside_low =  10.0000000;
  outside_hi  =  54.8467560;
  sigma = 0.5;
  max_thickness = 10;
  step_size=0.5;
  STEP_SIZE=0.1;
  which = 2
  thresh = 0
  flags = 0
  CBVfindFirstPeakD1=0
  CBVfindFirstPeakD2=0
  nvertices=152756
  Gdiag_no=-1
  vno start=0, stop=152756
Replacing 255s with 0s
#SI# sigma=0.5 had to be increased for 19800 vertices, nripped=6653
mean border=58.3, 4230 (27) missing vertices, mean dist 0.1 [0.2 (%47.5)->0.7 (%52.5))]
%20 local maxima, %23 large gradients and %50 min vals, 0 gradients ignored
nFirstPeakD1 0
MRIScomputeBorderValues_new() finished in 0.0027 min


Averaging target values for 5 iterations...
Positioning Surface: tspring = 0.3, nspring = 0.3, spring = 0, niters = 100 l_repulse = 0, l_surf_repulse = 5, checktol = 0
Positioning pial surface
Entering MRISpositionSurface()
  max_mm = 0.3
  MAX_REDUCTIONS = 2, REDUCTION_PCT = 0.5
  parms->check_tol = 0, niterations = 100
tol=1.0e-04, sigma=0.5, host=dna05, nav=4, nbrs=2, l_surf_repulse=5.000, l_tspring=0.300, l_nspring=0.300, l_intensity=0.200, l_curv=1.000
mom=0.00, dt=0.50
000: dt: 0.0000, sse=872574.4, rms=4.140
rms = 4.3984/4.1400, sse=933817.2/872574.4, time step reduction 1 of 3 to 0.250  0 1 1
   RMS increased, rejecting step
033: dt: 0.2500, sse=853512.2, rms=4.061 (1.918%)
rms = 4.0298/4.0606, sse=845174.2/853512.2, time step reduction 2 of 3 to 0.125  0 0 1
034: dt: 0.2500, sse=845174.2, rms=4.030 (0.757%)
rms = 3.9820/4.0298, sse=834299.3/845174.2, time step reduction 3 of 3 to 0.062  0 0 1
035: dt: 0.1250, sse=834299.2, rms=3.982 (1.187%)
  maximum number of reductions reached, breaking from loop
positioning took 0.3 minutes
Iteration 3 =========================================
n_averages=2, current_sigma=0.25
Computing target border values 
Entering MRIScomputeBorderValues_new(): 
  inside_hi   =  94.1329730;
  border_hi   =  59.8978390;
  border_low  =  39.6935160;
  outside_low =  10.0000000;
  outside_hi  =  54.8467560;
  sigma = 0.25;
  max_thickness = 10;
  step_size=0.5;
  STEP_SIZE=0.1;
  which = 2
  thresh = 0
  flags = 0
  CBVfindFirstPeakD1=0
  CBVfindFirstPeakD2=0
  nvertices=152756
  Gdiag_no=-1
  vno start=0, stop=152756
Replacing 255s with 0s
#SI# sigma=0.25 had to be increased for 16283 vertices, nripped=6653
mean border=57.9, 9164 (24) missing vertices, mean dist 0.1 [0.2 (%47.1)->0.5 (%52.9))]
%23 local maxima, %19 large gradients and %48 min vals, 0 gradients ignored
nFirstPeakD1 0
MRIScomputeBorderValues_new() finished in 0.0018 min


Averaging target values for 5 iterations...
Positioning Surface: tspring = 0.3, nspring = 0.3, spring = 0, niters = 100 l_repulse = 0, l_surf_repulse = 5, checktol = 0
Positioning pial surface
Entering MRISpositionSurface()
  max_mm = 0.3
  MAX_REDUCTIONS = 2, REDUCTION_PCT = 0.5
  parms->check_tol = 0, niterations = 100
tol=1.0e-04, sigma=0.2, host=dna05, nav=2, nbrs=2, l_surf_repulse=5.000, l_tspring=0.300, l_nspring=0.300, l_intensity=0.200, l_curv=1.000
mom=0.00, dt=0.50
000: dt: 0.0000, sse=851486.7, rms=4.046
rms = 4.2168/4.0457, sse=887395.4/851486.7, time step reduction 1 of 3 to 0.250  0 1 1
   RMS increased, rejecting step
036: dt: 0.2500, sse=830426.9, rms=3.957 (2.189%)
037: dt: 0.2500, sse=812991.2, rms=3.890 (1.684%)
rms = 3.8945/3.8904, sse=812453.1/812991.2, time step reduction 2 of 3 to 0.125  0 0 1
   RMS increased, rejecting step
rms = 3.8575/3.8904, sse=805639.1/812991.2, time step reduction 3 of 3 to 0.062  0 0 1
038: dt: 0.1250, sse=805639.1, rms=3.858 (0.846%)
  maximum number of reductions reached, breaking from loop
positioning took 0.4 minutes
Pinning medial wall to white surface
removing intersecting faces
000: 10 intersecting
001: 9 intersecting
002: 4 intersecting
terminating search with 0 intersecting


Writing output to ../surf/rh.pial.T1
#ET# mris_place_surface  3.61 minutes
#VMPC# mris_place_surfaces VmPeak  2487096
mris_place_surface done
#@# white curv rh Thu Mar 12 17:33:50 CET 2026
cd /out/sourcedata/freesurfer/sub-v1s20x0050274_ses-1/mri
mris_place_surface --curv-map ../surf/rh.white 2 10 ../surf/rh.curv
insurf  ../surf/rh.white, nbrs 2, curvature_avgs 10
writing curvature file ../surf/rh.curv
#@# white area rh Thu Mar 12 17:33:52 CET 2026
cd /out/sourcedata/freesurfer/sub-v1s20x0050274_ses-1/mri
mris_place_surface --area-map ../surf/rh.white ../surf/rh.area
writing curvature file ../surf/rh.area
#@# pial curv rh Thu Mar 12 17:33:53 CET 2026
cd /out/sourcedata/freesurfer/sub-v1s20x0050274_ses-1/mri
mris_place_surface --curv-map ../surf/rh.pial 2 10 ../surf/rh.curv.pial
insurf  ../surf/rh.pial, nbrs 2, curvature_avgs 10
writing curvature file ../surf/rh.curv.pial
#@# pial area rh Thu Mar 12 17:33:55 CET 2026
cd /out/sourcedata/freesurfer/sub-v1s20x0050274_ses-1/mri
mris_place_surface --area-map ../surf/rh.pial ../surf/rh.area.pial
writing curvature file ../surf/rh.area.pial
#@# thickness rh Thu Mar 12 17:33:56 CET 2026
cd /out/sourcedata/freesurfer/sub-v1s20x0050274_ses-1/mri
mris_place_surface --thickness ../surf/rh.white ../surf/rh.pial 20 5 ../surf/rh.thickness
0 of 152756 vertices processed
25000 of 152756 vertices processed
50000 of 152756 vertices processed
75000 of 152756 vertices processed
100000 of 152756 vertices processed
125000 of 152756 vertices processed
150000 of 152756 vertices processed
0 of 152756 vertices processed
25000 of 152756 vertices processed
50000 of 152756 vertices processed
75000 of 152756 vertices processed
100000 of 152756 vertices processed
125000 of 152756 vertices processed
150000 of 152756 vertices processed
thickness calculation complete, 761:2899 truncations.
59421 vertices at 0 distance
114130 vertices at 1 distance
77609 vertices at 2 distance
32411 vertices at 3 distance
12374 vertices at 4 distance
4831 vertices at 5 distance
2068 vertices at 6 distance
949 vertices at 7 distance
503 vertices at 8 distance
323 vertices at 9 distance
218 vertices at 10 distance
152 vertices at 11 distance
113 vertices at 12 distance
93 vertices at 13 distance
52 vertices at 14 distance
43 vertices at 15 distance
38 vertices at 16 distance
47 vertices at 17 distance
39 vertices at 18 distance
49 vertices at 19 distance
49 vertices at 20 distance
writing curvature file ../surf/rh.thickness
#@# area and vertex vol rh Thu Mar 12 17:34:28 CET 2026
cd /out/sourcedata/freesurfer/sub-v1s20x0050274_ses-1/mri
mris_place_surface --thickness ../surf/rh.white ../surf/rh.pial 20 5 ../surf/rh.thickness
/out/sourcedata/freesurfer/sub-v1s20x0050274_ses-1/surf
mris_calc -o rh.area.mid rh.area add rh.area.pial
Saving result to 'rh.area.mid' (type = MRI_CURV_FILE)                       [ ok ]
mris_calc -o rh.area.mid rh.area.mid div 2
Saving result to 'rh.area.mid' (type = MRI_CURV_FILE)                       [ ok ]
mris_convert --volume sub-v1s20x0050274_ses-1 rh /out/sourcedata/freesurfer/sub-v1s20x0050274_ses-1/surf/rh.volume
masking with /out/sourcedata/freesurfer/sub-v1s20x0050274_ses-1/label/rh.cortex.label
Total face volume 299093
Total vertex volume 298895 (mask=0)
#@# sub-v1s20x0050274_ses-1 rh 298895
 
vertexvol Done

#-----------------------------------------
#@# Curvature Stats rh Thu Mar 12 17:34:30 CET 2026
/out/sourcedata/freesurfer/sub-v1s20x0050274_ses-1/surf

 mris_curvature_stats -m --writeCurvatureFiles -G -o ../stats/rh.curv.stats -F smoothwm sub-v1s20x0050274_ses-1 rh curv sulc 

             Toggling save flag on curvature files                       [ ok ]
                 Outputting results using filestem   [ ../stats/rh.curv.stats ]
             Toggling save flag on curvature files                       [ ok ]
                                   Setting surface [ sub-v1s20x0050274_ses-1/rh.smoothwm ]
                                Reading surface...                       [ ok ]
                                   Setting texture                     [ curv ]
                                Reading texture...                       [ ok ]
                                   Setting texture                     [ sulc ]
                                Reading texture...Gb_filter = 0
                       [ ok ]
      Calculating Discrete Principal Curvatures...
      Determining geometric order for vno faces... [####################] [ ok ]
                      Determining KH curvatures... [####################] [ ok ]
                    Determining k1k2 curvatures... [####################] [ ok ]
                                   deltaViolations                      [ 292 ]
Gb_filter = 0

WARN:   k2 lookup   min:                          -99.630394
WARN:   k2 explicit min:                          -18.505775	vertex = 90617

WARN:    S lookup   min:                          -12.074997
WARN:    S explicit min:                          0.000000	vertex = 172

WARN:    C lookup   max:                          7665.947754
WARN:    C explicit max:                          1265.442017	vertex = 6839
#-----------------------------------------
#@# Cortical Parc 2 rh Thu Mar 12 17:34:33 CET 2026
/out/sourcedata/freesurfer/sub-v1s20x0050274_ses-1/scripts

 mris_ca_label -l ../label/rh.cortex.label -aseg ../mri/aseg.presurf.mgz -seed 1234 sub-v1s20x0050274_ses-1 rh ../surf/rh.sphere.reg /opt/freesurfer/average/rh.CDaparc.atlas.acfb40.noaparc.i12.2016-08-02.gcs ../label/rh.aparc.a2009s.annot 

setting seed for random number generator to 1234
using ../mri/aseg.presurf.mgz aseg volume to correct midline
7.3.2
  7.3.2
reading atlas from /opt/freesurfer/average/rh.CDaparc.atlas.acfb40.noaparc.i12.2016-08-02.gcs...
reading color table from GCSA file....
average std = 1.4   using min determinant for regularization = 0.021
0 singular and 0 ill-conditioned covariance matrices regularized
input 0: MEAN CURVATURE, flags 0, avgs 5, name mean_curvature
labeling surface...
73 labels changed using aseg
relabeling using gibbs priors...
000:   9868 changed, 152756 examined...
001:   2254 changed, 38392 examined...
002:    678 changed, 12041 examined...
003:    276 changed, 3847 examined...
004:    127 changed, 1625 examined...
005:     62 changed, 744 examined...
006:     39 changed, 365 examined...
007:     20 changed, 208 examined...
008:      9 changed, 110 examined...
009:      4 changed, 47 examined...
010:      2 changed, 20 examined...
011:      0 changed, 10 examined...
32 labels changed using aseg
000: 257 total segments, 172 labels (2343 vertices) changed
001: 90 total segments, 7 labels (12 vertices) changed
002: 83 total segments, 0 labels (0 vertices) changed
10 filter iterations complete (10 requested, 41 changed)
rationalizing unknown annotations with cortex label
relabeling Medial_wall label...
1182 vertices marked for relabeling...
1182 labels changed in reclassification.
writing output to ../label/rh.aparc.a2009s.annot...
classification took 0 minutes and 15 seconds.
#-----------------------------------------
#@# Cortical Parc 3 rh Thu Mar 12 17:34:49 CET 2026
/out/sourcedata/freesurfer/sub-v1s20x0050274_ses-1/scripts

 mris_ca_label -l ../label/rh.cortex.label -aseg ../mri/aseg.presurf.mgz -seed 1234 sub-v1s20x0050274_ses-1 rh ../surf/rh.sphere.reg /opt/freesurfer/average/rh.DKTaparc.atlas.acfb40.noaparc.i12.2016-08-02.gcs ../label/rh.aparc.DKTatlas.annot 

setting seed for random number generator to 1234
using ../mri/aseg.presurf.mgz aseg volume to correct midline
7.3.2
  7.3.2
reading atlas from /opt/freesurfer/average/rh.DKTaparc.atlas.acfb40.noaparc.i12.2016-08-02.gcs...
reading color table from GCSA file....
average std = 0.9   using min determinant for regularization = 0.009
0 singular and 325 ill-conditioned covariance matrices regularized
input 0: MEAN CURVATURE, flags 0, avgs 5, name mean_curvature
labeling surface...
1811 labels changed using aseg
relabeling using gibbs priors...
000:   2235 changed, 152756 examined...
001:    525 changed, 10252 examined...
002:    164 changed, 2954 examined...
003:     77 changed, 920 examined...
004:     46 changed, 457 examined...
005:     40 changed, 275 examined...
006:     19 changed, 177 examined...
007:     19 changed, 108 examined...
008:     17 changed, 85 examined...
009:     11 changed, 82 examined...
010:      9 changed, 55 examined...
011:      2 changed, 35 examined...
012:      5 changed, 12 examined...
013:      4 changed, 21 examined...
014:      4 changed, 19 examined...
015:      3 changed, 23 examined...
016:      1 changed, 19 examined...
017:      0 changed, 8 examined...
373 labels changed using aseg
000: 64 total segments, 31 labels (262 vertices) changed
001: 34 total segments, 1 labels (1 vertices) changed
002: 33 total segments, 0 labels (0 vertices) changed
10 filter iterations complete (10 requested, 5 changed)
rationalizing unknown annotations with cortex label
relabeling unknown label...
relabeling corpuscallosum label...
772 vertices marked for relabeling...
772 labels changed in reclassification.
writing output to ../label/rh.aparc.DKTatlas.annot...
classification took 0 minutes and 11 seconds.
#-----------------------------------------
#@# WM/GM Contrast rh Thu Mar 12 17:34:59 CET 2026
/out/sourcedata/freesurfer/sub-v1s20x0050274_ses-1/scripts

 pctsurfcon --s sub-v1s20x0050274_ses-1 --rh-only 

Log file is /out/sourcedata/freesurfer/sub-v1s20x0050274_ses-1/scripts/pctsurfcon.log
Thu Mar 12 17:34:59 CET 2026
setenv SUBJECTS_DIR /out/sourcedata/freesurfer
cd /out/sourcedata/freesurfer/sub-v1s20x0050274_ses-1/scripts
/opt/freesurfer/bin/pctsurfcon
pctsurfcon 7.3.2
Linux dna056 5.14.0-427.37.1.el9_4.x86_64 #1 SMP PREEMPT_DYNAMIC Fri Sep 13 12:41:50 EDT 2024 x86_64 x86_64 x86_64 GNU/Linux
FREESURFER_HOME /opt/freesurfer
mri_vol2surf --mov /out/sourcedata/freesurfer/sub-v1s20x0050274_ses-1/mri/rawavg.mgz --hemi rh --noreshape --interp trilinear --projdist -1 --o /out/sourcedata/freesurfer/sub-v1s20x0050274_ses-1/surf/tmp.pctsurfcon.2397894/rh.wm.mgh --regheader sub-v1s20x0050274_ses-1 --cortex
srcvol = /out/sourcedata/freesurfer/sub-v1s20x0050274_ses-1/mri/rawavg.mgz
srcreg unspecified
srcregold = 0
srcwarp unspecified
surf = white
hemi = rh
ProjDist = -1
reshape = 0
interp = trilinear
float2int = round
GetProjMax = 0
INFO: float2int code = 0
Done loading volume
Computing registration from header.
  Using /out/sourcedata/freesurfer/sub-v1s20x0050274_ses-1/mri/orig.mgz as target reference.
-------- original matrix -----------
-1.00000   0.00000   0.00000   0.00000;
 0.00000   0.00000   1.00000   0.00000;
 0.00000  -1.00000   0.00000   0.00000;
 0.00000   0.00000   0.00000   1.00000;
-------- original matrix -----------
Loading label /out/sourcedata/freesurfer/sub-v1s20x0050274_ses-1/label/rh.cortex.label
Reading surface /out/sourcedata/freesurfer/sub-v1s20x0050274_ses-1/surf/rh.white
Done reading source surface
Mapping Source Volume onto Source Subject Surface
Projecting -1 -1 1
 1 -1 -1 -1
using old
Done mapping volume to surface
Number of source voxels hit = 77756
Masking with /out/sourcedata/freesurfer/sub-v1s20x0050274_ses-1/label/rh.cortex.label
Writing to /out/sourcedata/freesurfer/sub-v1s20x0050274_ses-1/surf/tmp.pctsurfcon.2397894/rh.wm.mgh
Dim: 152756 1 1
mri_vol2surf --mov /out/sourcedata/freesurfer/sub-v1s20x0050274_ses-1/mri/rawavg.mgz --hemi rh --noreshape --interp trilinear --o /out/sourcedata/freesurfer/sub-v1s20x0050274_ses-1/surf/tmp.pctsurfcon.2397894/rh.gm.mgh --projfrac 0.3 --regheader sub-v1s20x0050274_ses-1 --cortex
srcvol = /out/sourcedata/freesurfer/sub-v1s20x0050274_ses-1/mri/rawavg.mgz
srcreg unspecified
srcregold = 0
srcwarp unspecified
surf = white
hemi = rh
ProjFrac = 0.3
thickness = thickness
reshape = 0
interp = trilinear
float2int = round
GetProjMax = 0
INFO: float2int code = 0
Done loading volume
Computing registration from header.
  Using /out/sourcedata/freesurfer/sub-v1s20x0050274_ses-1/mri/orig.mgz as target reference.
-------- original matrix -----------
-1.00000   0.00000   0.00000   0.00000;
 0.00000   0.00000   1.00000   0.00000;
 0.00000  -1.00000   0.00000   0.00000;
 0.00000   0.00000   0.00000   1.00000;
-------- original matrix -----------
Loading label /out/sourcedata/freesurfer/sub-v1s20x0050274_ses-1/label/rh.cortex.label
Reading surface /out/sourcedata/freesurfer/sub-v1s20x0050274_ses-1/surf/rh.white
Done reading source surface
Reading thickness /out/sourcedata/freesurfer/sub-v1s20x0050274_ses-1/surf/rh.thickness
Done
Mapping Source Volume onto Source Subject Surface
Projecting 0.3 0.3 1
 1 0.3 0.3 0.3
using old
Done mapping volume to surface
Number of source voxels hit = 90465
Masking with /out/sourcedata/freesurfer/sub-v1s20x0050274_ses-1/label/rh.cortex.label
Writing to /out/sourcedata/freesurfer/sub-v1s20x0050274_ses-1/surf/tmp.pctsurfcon.2397894/rh.gm.mgh
Dim: 152756 1 1
mri_concat /out/sourcedata/freesurfer/sub-v1s20x0050274_ses-1/surf/tmp.pctsurfcon.2397894/rh.wm.mgh /out/sourcedata/freesurfer/sub-v1s20x0050274_ses-1/surf/tmp.pctsurfcon.2397894/rh.gm.mgh --paired-diff-norm --mul 100 --o /out/sourcedata/freesurfer/sub-v1s20x0050274_ses-1/surf/rh.w-g.pct.mgh
ninputs = 2
Checking inputs
nframestot = 2
Allocing output
Done allocing
Combining pairs
nframes = 1
Multiplying by 100.000000
Writing to /out/sourcedata/freesurfer/sub-v1s20x0050274_ses-1/surf/rh.w-g.pct.mgh
mri_segstats --in /out/sourcedata/freesurfer/sub-v1s20x0050274_ses-1/surf/rh.w-g.pct.mgh --annot sub-v1s20x0050274_ses-1 rh aparc --sum /out/sourcedata/freesurfer/sub-v1s20x0050274_ses-1/stats/rh.w-g.pct.stats --snr

7.3.2
cwd 
cmdline mri_segstats --in /out/sourcedata/freesurfer/sub-v1s20x0050274_ses-1/surf/rh.w-g.pct.mgh --annot sub-v1s20x0050274_ses-1 rh aparc --sum /out/sourcedata/freesurfer/sub-v1s20x0050274_ses-1/stats/rh.w-g.pct.stats --snr 
sysname  Linux
hostname dna056
machine  x86_64
user     oesteban
whitesurfname  white
UseRobust  0
Constructing seg from annotation

Reading annotation /out/sourcedata/freesurfer/sub-v1s20x0050274_ses-1/label/rh.aparc.annot
Seg base 2000
Loading /out/sourcedata/freesurfer/sub-v1s20x0050274_ses-1/surf/rh.w-g.pct.mgh
Vertex Area is 0.69806 mm^3
Generating list of segmentation ids
Found  36 segmentations
Computing statistics for each segmentation

Reporting on  35 segmentations
Using PrintSegStat
mri_segstats done
Cleaning up

Started at Thu Mar 12 17:00:33 CET 2026 
Ended   at Thu Mar 12 17:35:03 CET 2026
#@#%# recon-all-run-time-hours 0.575
recon-all -s sub-v1s20x0050274_ses-1 finished without error at Thu Mar 12 17:35:03 CET 2026



#New# invocation of recon-all 




Thu Mar 12 17:46:06 CET 2026
cd /out/sourcedata/freesurfer/sub-v1s20x0050274_ses-1
setenv SUBJECTS_DIR /out/sourcedata/freesurfer
/opt/freesurfer/bin/recon-all -autorecon-hemi rh -nohyporelabel -rh-only -openmp 16 -subjid sub-v1s20x0050274_ses-1 -sd /out/sourcedata/freesurfer -notessellate -nosmooth1 -noinflate1 -noqsphere -nofix -nowhite -nosmooth2 -noinflate2 -nocurvHK -nocurvstats -nosphere -nosurfreg -nojacobian_white -noavgcurv -nocortparc -nopial -nocortparc2 -nocortparc3 -nopctsurfcon

subjid sub-v1s20x0050274_ses-1
setenv SUBJECTS_DIR /out/sourcedata/freesurfer
FREESURFER_HOME /opt/freesurfer
Actual FREESURFER_HOME /opt/freesurfer
build-stamp.txt: freesurfer-linux-ubuntu22_x86_64-7.3.2-20220804-6354275
Linux dna056 5.14.0-427.37.1.el9_4.x86_64 #1 SMP PREEMPT_DYNAMIC Fri Sep 13 12:41:50 EDT 2024 x86_64 x86_64 x86_64 GNU/Linux
cputime      unlimited
filesize     unlimited
datasize     unlimited
stacksize    8192 kbytes
coredumpsize 0 kbytes
memoryuse    67108864 kbytes
vmemoryuse   unlimited
descriptors  1024 
memorylocked unlimited
maxproc      2061970 
maxlocks     unlimited
maxsignal    2061970 
maxmessage   819200 
maxnice      0 
maxrtprio    0 
maxrttime    unlimited

               total        used        free      shared  buff/cache   available
Mem:           503Gi        45Gi       420Gi       9.3Gi        36Gi       445Gi
Swap:             0B          0B          0B

########################################
program versions used
7.3.2 (freesurfer-linux-ubuntu22_x86_64-7.3.2-20220804-6354275)
7.3.2

ProgramName: lta_convert  ProgramArguments: lta_convert -all-info  ProgramVersion: 7.3.2  TimeStamp: 2026/03/12-16:46:06-GMT  BuildTime: Aug  4 2022 06:17:15  BuildStamp: freesurfer-linux-ubuntu22_x86_64-7.3.2-20220804-6354275  User: oesteban  Machine: dna056  Platform: Linux  PlatformVersion: 5.14.0-427.37.1.el9_4.x86_64  CompilerName: GCC  CompilerVersion: 8.4.0
ProgramName: mri_and  ProgramArguments: mri_and -all-info  ProgramVersion: 7.3.2  TimeStamp: 2026/03/12-16:46:06-GMT  BuildTime: Aug  4 2022 06:17:15  BuildStamp: freesurfer-linux-ubuntu22_x86_64-7.3.2-20220804-6354275  User: oesteban  Machine: dna056  Platform: Linux  PlatformVersion: 5.14.0-427.37.1.el9_4.x86_64  CompilerName: GCC  CompilerVersion: 8.4.0
ProgramName: mri_annotation2label  ProgramArguments: mri_annotation2label -all-info  ProgramVersion: 7.3.2  TimeStamp: 2026/03/12-16:46:06-GMT  BuildTime: Aug  4 2022 06:17:15  BuildStamp: freesurfer-linux-ubuntu22_x86_64-7.3.2-20220804-6354275  User: oesteban  Machine: dna056  Platform: Linux  PlatformVersion: 5.14.0-427.37.1.el9_4.x86_64  CompilerName: GCC  CompilerVersion: 8.4.0
ProgramName: mri_aparc2aseg  ProgramArguments: mri_aparc2aseg -all-info  ProgramVersion: 7.3.2  TimeStamp: 2026/03/12-16:46:06-GMT  BuildTime: Aug  4 2022 06:17:15  BuildStamp: freesurfer-linux-ubuntu22_x86_64-7.3.2-20220804-6354275  User: oesteban  Machine: dna056  Platform: Linux  PlatformVersion: 5.14.0-427.37.1.el9_4.x86_64  CompilerName: GCC  CompilerVersion: 8.4.0
ProgramName: mri_surf2volseg  ProgramArguments: mri_surf2volseg -all-info  ProgramVersion: 7.3.2  TimeStamp: 2026/03/12-16:46:06-GMT  BuildTime: Aug  4 2022 06:17:15  BuildStamp: freesurfer-linux-ubuntu22_x86_64-7.3.2-20220804-6354275  User: oesteban  Machine: dna056  Platform: Linux  PlatformVersion: 5.14.0-427.37.1.el9_4.x86_64  CompilerName: GCC  CompilerVersion: 8.4.0
ProgramName: mri_binarize  ProgramArguments: mri_binarize -all-info  ProgramVersion: 7.3.2  TimeStamp: 2026/03/12-16:46:06-GMT  BuildTime: Aug  4 2022 06:17:15  BuildStamp: freesurfer-linux-ubuntu22_x86_64-7.3.2-20220804-6354275  User: oesteban  Machine: dna056  Platform: Linux  PlatformVersion: 5.14.0-427.37.1.el9_4.x86_64  CompilerName: GCC  CompilerVersion: 8.4.0
ProgramName: mri_ca_label  ProgramArguments: mri_ca_label -all-info  ProgramVersion: 7.3.2  TimeStamp: 2026/03/12-16:46:06-GMT  BuildTime: Aug  4 2022 06:17:15  BuildStamp: freesurfer-linux-ubuntu22_x86_64-7.3.2-20220804-6354275  User: oesteban  Machine: dna056  Platform: Linux  PlatformVersion: 5.14.0-427.37.1.el9_4.x86_64  CompilerName: GCC  CompilerVersion: 8.4.0
ProgramName: mri_ca_normalize  ProgramArguments: mri_ca_normalize -all-info  ProgramVersion: 7.3.2  TimeStamp: 2026/03/12-16:46:06-GMT  BuildTime: Aug  4 2022 06:17:15  BuildStamp: freesurfer-linux-ubuntu22_x86_64-7.3.2-20220804-6354275  User: oesteban  Machine: dna056  Platform: Linux  PlatformVersion: 5.14.0-427.37.1.el9_4.x86_64  CompilerName: GCC  CompilerVersion: 8.4.0
ProgramName: mri_ca_register  ProgramArguments: mri_ca_register -all-info  ProgramVersion: 7.3.2  TimeStamp: 2026/03/12-16:46:06-GMT  BuildTime: Aug  4 2022 06:17:15  BuildStamp: freesurfer-linux-ubuntu22_x86_64-7.3.2-20220804-6354275  User: oesteban  Machine: dna056  Platform: Linux  PlatformVersion: 5.14.0-427.37.1.el9_4.x86_64  CompilerName: GCC  CompilerVersion: 8.4.0
ProgramName: mri_cc  ProgramArguments: mri_cc -all-info  ProgramVersion: 7.3.2  TimeStamp: 2026/03/12-16:46:06-GMT  BuildTime: Aug  4 2022 06:17:15  BuildStamp: freesurfer-linux-ubuntu22_x86_64-7.3.2-20220804-6354275  User: oesteban  Machine: dna056  Platform: Linux  PlatformVersion: 5.14.0-427.37.1.el9_4.x86_64  CompilerName: GCC  CompilerVersion: 8.4.0
ProgramName: mri_compute_overlap  ProgramArguments: mri_compute_overlap -all-info  ProgramVersion: 7.3.2  TimeStamp: 2026/03/12-16:46:06-GMT  BuildTime: Aug  4 2022 06:17:15  BuildStamp: freesurfer-linux-ubuntu22_x86_64-7.3.2-20220804-6354275  User: oesteban  Machine: dna056  Platform: Linux  PlatformVersion: 5.14.0-427.37.1.el9_4.x86_64  CompilerName: GCC  CompilerVersion: 8.4.0
ProgramName: mri_compute_seg_overlap  ProgramArguments: mri_compute_seg_overlap -all-info  ProgramVersion: 7.3.2  TimeStamp: 2026/03/12-16:46:06-GMT  BuildTime: Aug  4 2022 06:17:15  BuildStamp: freesurfer-linux-ubuntu22_x86_64-7.3.2-20220804-6354275  User: oesteban  Machine: dna056  Platform: Linux  PlatformVersion: 5.14.0-427.37.1.el9_4.x86_64  CompilerName: GCC  CompilerVersion: 8.4.0
ProgramName: mri_concat  ProgramArguments: mri_concat -all-info  ProgramVersion: 7.3.2  TimeStamp: 2026/03/12-16:46:06-GMT  BuildTime: Aug  4 2022 06:17:15  BuildStamp: freesurfer-linux-ubuntu22_x86_64-7.3.2-20220804-6354275  User: oesteban  Machine: dna056  Platform: Linux  PlatformVersion: 5.14.0-427.37.1.el9_4.x86_64  CompilerName: GCC  CompilerVersion: 8.4.0
ProgramName: mri_concatenate_lta  ProgramArguments: mri_concatenate_lta -all-info  ProgramVersion: 7.3.2  TimeStamp: 2026/03/12-16:46:06-GMT  BuildTime: Aug  4 2022 06:17:15  BuildStamp: freesurfer-linux-ubuntu22_x86_64-7.3.2-20220804-6354275  User: oesteban  Machine: dna056  Platform: Linux  PlatformVersion: 5.14.0-427.37.1.el9_4.x86_64  CompilerName: GCC  CompilerVersion: 8.4.0
mri_convert -all-info 
ProgramName: mri_convert  ProgramArguments: mri_convert -all-info  ProgramVersion: 7.3.2  TimeStamp: 2026/03/12-16:46:06-GMT  BuildTime: Aug  4 2022 06:17:15  BuildStamp: freesurfer-linux-ubuntu22_x86_64-7.3.2-20220804-6354275  User: oesteban  Machine: dna056  Platform: Linux  PlatformVersion: 5.14.0-427.37.1.el9_4.x86_64  CompilerName: GCC  CompilerVersion: 8.4.0
ProgramName: mri_diff  ProgramArguments: mri_diff -all-info  ProgramVersion: 7.3.2  TimeStamp: 2026/03/12-16:46:06-GMT  BuildTime: Aug  4 2022 06:17:15  BuildStamp: freesurfer-linux-ubuntu22_x86_64-7.3.2-20220804-6354275  User: oesteban  Machine: dna056  Platform: Linux  PlatformVersion: 5.14.0-427.37.1.el9_4.x86_64  CompilerName: GCC  CompilerVersion: 8.4.0
ProgramName: mri_edit_wm_with_aseg  ProgramArguments: mri_edit_wm_with_aseg -all-info  ProgramVersion: 7.3.2  TimeStamp: 2026/03/12-16:46:06-GMT  BuildTime: Aug  4 2022 06:17:15  BuildStamp: freesurfer-linux-ubuntu22_x86_64-7.3.2-20220804-6354275  User: oesteban  Machine: dna056  Platform: Linux  PlatformVersion: 5.14.0-427.37.1.el9_4.x86_64  CompilerName: GCC  CompilerVersion: 8.4.0
ProgramName: mri_em_register  ProgramArguments: mri_em_register -all-info  ProgramVersion: 7.3.2  TimeStamp: 2026/03/12-16:46:06-GMT  BuildTime: Aug  4 2022 06:17:15  BuildStamp: freesurfer-linux-ubuntu22_x86_64-7.3.2-20220804-6354275  User: oesteban  Machine: dna056  Platform: Linux  PlatformVersion: 5.14.0-427.37.1.el9_4.x86_64  CompilerName: GCC  CompilerVersion: 8.4.0
ProgramName: mri_fill  ProgramArguments: mri_fill -all-info  ProgramVersion: 7.3.2  TimeStamp: 2026/03/12-16:46:06-GMT  BuildTime: Aug  4 2022 06:17:15  BuildStamp: freesurfer-linux-ubuntu22_x86_64-7.3.2-20220804-6354275  User: oesteban  Machine: dna056  Platform: Linux  PlatformVersion: 5.14.0-427.37.1.el9_4.x86_64  CompilerName: GCC  CompilerVersion: 8.4.0
ProgramName: mri_fuse_segmentations  ProgramArguments: mri_fuse_segmentations -all-info  ProgramVersion: 7.3.2  TimeStamp: 2026/03/12-16:46:06-GMT  BuildTime: Aug  4 2022 06:17:15  BuildStamp: freesurfer-linux-ubuntu22_x86_64-7.3.2-20220804-6354275  User: oesteban  Machine: dna056  Platform: Linux  PlatformVersion: 5.14.0-427.37.1.el9_4.x86_64  CompilerName: GCC  CompilerVersion: 8.4.0
ProgramName: mri_fwhm  ProgramArguments: mri_fwhm -all-info  ProgramVersion: 7.3.2  TimeStamp: 2026/03/12-16:46:06-GMT  BuildTime: Aug  4 2022 06:17:15  BuildStamp: freesurfer-linux-ubuntu22_x86_64-7.3.2-20220804-6354275  User: oesteban  Machine: dna056  Platform: Linux  PlatformVersion: 5.14.0-427.37.1.el9_4.x86_64  CompilerName: GCC  CompilerVersion: 8.4.0
ProgramName: mri_gcut  ProgramArguments: mri_gcut -all-info  ProgramVersion: 7.3.2  TimeStamp: 2026/03/12-16:46:06-GMT  BuildTime: Aug  4 2022 06:17:15  BuildStamp: freesurfer-linux-ubuntu22_x86_64-7.3.2-20220804-6354275  User: oesteban  Machine: dna056  Platform: Linux  PlatformVersion: 5.14.0-427.37.1.el9_4.x86_64  CompilerName: GCC  CompilerVersion: 8.4.0
ProgramName: mri_info  ProgramArguments: mri_info -all-info  ProgramVersion: 7.3.2  TimeStamp: 2026/03/12-16:46:06-GMT  BuildTime: Aug  4 2022 06:17:15  BuildStamp: freesurfer-linux-ubuntu22_x86_64-7.3.2-20220804-6354275  User: oesteban  Machine: dna056  Platform: Linux  PlatformVersion: 5.14.0-427.37.1.el9_4.x86_64  CompilerName: GCC  CompilerVersion: 8.4.0
ProgramName: mri_label2label  ProgramArguments: mri_label2label -all-info  ProgramVersion: 7.3.2  TimeStamp: 2026/03/12-16:46:06-GMT  BuildTime: Aug  4 2022 06:17:15  BuildStamp: freesurfer-linux-ubuntu22_x86_64-7.3.2-20220804-6354275  User: oesteban  Machine: dna056  Platform: Linux  PlatformVersion: 5.14.0-427.37.1.el9_4.x86_64  CompilerName: GCC  CompilerVersion: 8.4.0
ProgramName: mri_label2vol  ProgramArguments: mri_label2vol -all-info  ProgramVersion: 7.3.2  TimeStamp: 2026/03/12-16:46:06-GMT  BuildTime: Aug  4 2022 06:17:15  BuildStamp: freesurfer-linux-ubuntu22_x86_64-7.3.2-20220804-6354275  User: oesteban  Machine: dna056  Platform: Linux  PlatformVersion: 5.14.0-427.37.1.el9_4.x86_64  CompilerName: GCC  CompilerVersion: 8.4.0
ProgramName: mri_log_likelihood  ProgramArguments: mri_log_likelihood -all-info  ProgramVersion: 7.3.2  TimeStamp: 2026/03/12-16:46:06-GMT  BuildTime: Aug  4 2022 06:17:15  BuildStamp: freesurfer-linux-ubuntu22_x86_64-7.3.2-20220804-6354275  User: oesteban  Machine: dna056  Platform: Linux  PlatformVersion: 5.14.0-427.37.1.el9_4.x86_64  CompilerName: GCC  CompilerVersion: 8.4.0
ProgramName: mri_mask  ProgramArguments: mri_mask -all-info  ProgramVersion: 7.3.2  TimeStamp: 2026/03/12-16:46:06-GMT  BuildTime: Aug  4 2022 06:17:15  BuildStamp: freesurfer-linux-ubuntu22_x86_64-7.3.2-20220804-6354275  User: oesteban  Machine: dna056  Platform: Linux  PlatformVersion: 5.14.0-427.37.1.el9_4.x86_64  CompilerName: GCC  CompilerVersion: 8.4.0
ProgramName: mri_matrix_multiply  ProgramArguments: mri_matrix_multiply -all-info  ProgramVersion: 7.3.2  TimeStamp: 2026/03/12-16:46:06-GMT  BuildTime: Aug  4 2022 06:17:15  BuildStamp: freesurfer-linux-ubuntu22_x86_64-7.3.2-20220804-6354275  User: oesteban  Machine: dna056  Platform: Linux  PlatformVersion: 5.14.0-427.37.1.el9_4.x86_64  CompilerName: GCC  CompilerVersion: 8.4.0
ProgramName: mri_normalize  ProgramArguments: mri_normalize -all-info  ProgramVersion: 7.3.2  TimeStamp: 2026/03/12-16:46:06-GMT  BuildTime: Aug  4 2022 06:17:15  BuildStamp: freesurfer-linux-ubuntu22_x86_64-7.3.2-20220804-6354275  User: oesteban  Machine: dna056  Platform: Linux  PlatformVersion: 5.14.0-427.37.1.el9_4.x86_64  CompilerName: GCC  CompilerVersion: 8.4.0
ProgramName: mri_normalize_tp2  ProgramArguments: mri_normalize_tp2 -all-info  ProgramVersion: 7.3.2  TimeStamp: 2026/03/12-16:46:06-GMT  BuildTime: Aug  4 2022 06:17:15  BuildStamp: freesurfer-linux-ubuntu22_x86_64-7.3.2-20220804-6354275  User: oesteban  Machine: dna056  Platform: Linux  PlatformVersion: 5.14.0-427.37.1.el9_4.x86_64  CompilerName: GCC  CompilerVersion: 8.4.0
ProgramName: mri_or  ProgramArguments: mri_or -all-info  ProgramVersion: 7.3.2  TimeStamp: 2026/03/12-16:46:06-GMT  BuildTime: Aug  4 2022 06:17:15  BuildStamp: freesurfer-linux-ubuntu22_x86_64-7.3.2-20220804-6354275  User: oesteban  Machine: dna056  Platform: Linux  PlatformVersion: 5.14.0-427.37.1.el9_4.x86_64  CompilerName: GCC  CompilerVersion: 8.4.0
ProgramName: mri_relabel_hypointensities  ProgramArguments: mri_relabel_hypointensities -all-info  ProgramVersion: 7.3.2  TimeStamp: 2026/03/12-16:46:06-GMT  BuildTime: Aug  4 2022 06:17:15  BuildStamp: freesurfer-linux-ubuntu22_x86_64-7.3.2-20220804-6354275  User: oesteban  Machine: dna056  Platform: Linux  PlatformVersion: 5.14.0-427.37.1.el9_4.x86_64  CompilerName: GCC  CompilerVersion: 8.4.0
ProgramName: mri_relabel_nonwm_hypos  ProgramArguments: mri_relabel_nonwm_hypos -all-info  ProgramVersion: 7.3.2  TimeStamp: 2026/03/12-16:46:06-GMT  BuildTime: Aug  4 2022 06:17:15  BuildStamp: freesurfer-linux-ubuntu22_x86_64-7.3.2-20220804-6354275  User: oesteban  Machine: dna056  Platform: Linux  PlatformVersion: 5.14.0-427.37.1.el9_4.x86_64  CompilerName: GCC  CompilerVersion: 8.4.0
ProgramName: mri_remove_neck  ProgramArguments: mri_remove_neck -all-info  ProgramVersion: 7.3.2  TimeStamp: 2026/03/12-16:46:06-GMT  BuildTime: Aug  4 2022 06:17:15  BuildStamp: freesurfer-linux-ubuntu22_x86_64-7.3.2-20220804-6354275  User: oesteban  Machine: dna056  Platform: Linux  PlatformVersion: 5.14.0-427.37.1.el9_4.x86_64  CompilerName: GCC  CompilerVersion: 8.4.0
7.3.2

ProgramName: mri_robust_register  ProgramArguments: mri_robust_register -all-info  ProgramVersion: 7.3.2  TimeStamp: 2026/03/12-16:46:06-GMT  BuildTime: Aug  4 2022 06:17:15  BuildStamp: freesurfer-linux-ubuntu22_x86_64-7.3.2-20220804-6354275  User: oesteban  Machine: dna056  Platform: Linux  PlatformVersion: 5.14.0-427.37.1.el9_4.x86_64  CompilerName: GCC  CompilerVersion: 8.4.0
7.3.2

ProgramName: mri_robust_template  ProgramArguments: mri_robust_template -all-info  ProgramVersion: 7.3.2  TimeStamp: 2026/03/12-16:46:06-GMT  BuildTime: Aug  4 2022 06:17:15  BuildStamp: freesurfer-linux-ubuntu22_x86_64-7.3.2-20220804-6354275  User: oesteban  Machine: dna056  Platform: Linux  PlatformVersion: 5.14.0-427.37.1.el9_4.x86_64  CompilerName: GCC  CompilerVersion: 8.4.0
ProgramName: mris_anatomical_stats  ProgramArguments: mris_anatomical_stats -all-info  ProgramVersion: 7.3.2  TimeStamp: 2026/03/12-16:46:06-GMT  BuildTime: Aug  4 2022 06:17:15  BuildStamp: freesurfer-linux-ubuntu22_x86_64-7.3.2-20220804-6354275  User: oesteban  Machine: dna056  Platform: Linux  PlatformVersion: 5.14.0-427.37.1.el9_4.x86_64  CompilerName: GCC  CompilerVersion: 8.4.0
ProgramName: mris_ca_label  ProgramArguments: mris_ca_label -all-info  ProgramVersion: 7.3.2  TimeStamp: 2026/03/12-16:46:06-GMT  BuildTime: Aug  4 2022 06:17:15  BuildStamp: freesurfer-linux-ubuntu22_x86_64-7.3.2-20220804-6354275  User: oesteban  Machine: dna056  Platform: Linux  PlatformVersion: 5.14.0-427.37.1.el9_4.x86_64  CompilerName: GCC  CompilerVersion: 8.4.0
ProgramName: mris_calc  ProgramArguments: mris_calc -all-info  ProgramVersion: 7.3.2  TimeStamp: 2026/03/12-16:46:06-GMT  BuildTime: Aug  4 2022 06:17:15  BuildStamp: freesurfer-linux-ubuntu22_x86_64-7.3.2-20220804-6354275  User: oesteban  Machine: dna056  Platform: Linux  PlatformVersion: 5.14.0-427.37.1.el9_4.x86_64  CompilerName: GCC  CompilerVersion: 8.4.0
ProgramName: mris_convert  ProgramArguments: mris_convert -all-info  ProgramVersion: 7.3.2  TimeStamp: 2026/03/12-16:46:06-GMT  BuildTime: Aug  4 2022 06:17:15  BuildStamp: freesurfer-linux-ubuntu22_x86_64-7.3.2-20220804-6354275  User: oesteban  Machine: dna056  Platform: Linux  PlatformVersion: 5.14.0-427.37.1.el9_4.x86_64  CompilerName: GCC  CompilerVersion: 8.4.0
ProgramName: mris_curvature  ProgramArguments: mris_curvature -all-info  ProgramVersion: 7.3.2  TimeStamp: 2026/03/12-16:46:06-GMT  BuildTime: Aug  4 2022 06:17:15  BuildStamp: freesurfer-linux-ubuntu22_x86_64-7.3.2-20220804-6354275  User: oesteban  Machine: dna056  Platform: Linux  PlatformVersion: 5.14.0-427.37.1.el9_4.x86_64  CompilerName: GCC  CompilerVersion: 8.4.0
ProgramName: mris_curvature_stats  ProgramArguments: mris_curvature_stats -all-info  ProgramVersion: 7.3.2  TimeStamp: 2026/03/12-16:46:06-GMT  BuildTime: Aug  4 2022 06:17:15  BuildStamp: freesurfer-linux-ubuntu22_x86_64-7.3.2-20220804-6354275  User: oesteban  Machine: dna056  Platform: Linux  PlatformVersion: 5.14.0-427.37.1.el9_4.x86_64  CompilerName: GCC  CompilerVersion: 8.4.0
ProgramName: mris_diff  ProgramArguments: mris_diff -all-info  ProgramVersion: 7.3.2  TimeStamp: 2026/03/12-16:46:06-GMT  BuildTime: Aug  4 2022 06:17:15  BuildStamp: freesurfer-linux-ubuntu22_x86_64-7.3.2-20220804-6354275  User: oesteban  Machine: dna056  Platform: Linux  PlatformVersion: 5.14.0-427.37.1.el9_4.x86_64  CompilerName: GCC  CompilerVersion: 8.4.0
ProgramName: mris_divide_parcellation  ProgramArguments: mris_divide_parcellation -all-info  ProgramVersion: 7.3.2  TimeStamp: 2026/03/12-16:46:06-GMT  BuildTime: Aug  4 2022 06:17:15  BuildStamp: freesurfer-linux-ubuntu22_x86_64-7.3.2-20220804-6354275  User: oesteban  Machine: dna056  Platform: Linux  PlatformVersion: 5.14.0-427.37.1.el9_4.x86_64  CompilerName: GCC  CompilerVersion: 8.4.0
ProgramName: mri_segment  ProgramArguments: mri_segment -all-info  ProgramVersion: 7.3.2  TimeStamp: 2026/03/12-16:46:06-GMT  BuildTime: Aug  4 2022 06:17:15  BuildStamp: freesurfer-linux-ubuntu22_x86_64-7.3.2-20220804-6354275  User: oesteban  Machine: dna056  Platform: Linux  PlatformVersion: 5.14.0-427.37.1.el9_4.x86_64  CompilerName: GCC  CompilerVersion: 8.4.0
ProgramName: mri_segstats  ProgramArguments: mri_segstats -all-info  ProgramVersion: 7.3.2  TimeStamp: 2026/03/12-16:46:06-GMT  BuildTime: Aug  4 2022 06:17:15  BuildStamp: freesurfer-linux-ubuntu22_x86_64-7.3.2-20220804-6354275  User: oesteban  Machine: dna056  Platform: Linux  PlatformVersion: 5.14.0-427.37.1.el9_4.x86_64  CompilerName: GCC  CompilerVersion: 8.4.0
ProgramName: mris_euler_number  ProgramArguments: mris_euler_number -all-info  ProgramVersion: 7.3.2  TimeStamp: 2026/03/12-16:46:06-GMT  BuildTime: Aug  4 2022 06:17:15  BuildStamp: freesurfer-linux-ubuntu22_x86_64-7.3.2-20220804-6354275  User: oesteban  Machine: dna056  Platform: Linux  PlatformVersion: 5.14.0-427.37.1.el9_4.x86_64  CompilerName: GCC  CompilerVersion: 8.4.0
ProgramName: mris_fix_topology  ProgramArguments: mris_fix_topology -all-info  ProgramVersion: 7.3.2  TimeStamp: 2026/03/12-16:46:06-GMT  BuildTime: Aug  4 2022 06:17:15  BuildStamp: freesurfer-linux-ubuntu22_x86_64-7.3.2-20220804-6354275  User: oesteban  Machine: dna056  Platform: Linux  PlatformVersion: 5.14.0-427.37.1.el9_4.x86_64  CompilerName: GCC  CompilerVersion: 8.4.0
ProgramName: mris_topo_fixer  ProgramArguments: mris_topo_fixer -all-info  ProgramVersion: 7.3.2  TimeStamp: 2026/03/12-16:46:06-GMT  BuildTime: Aug  4 2022 06:17:15  BuildStamp: freesurfer-linux-ubuntu22_x86_64-7.3.2-20220804-6354275  User: oesteban  Machine: dna056  Platform: Linux  PlatformVersion: 5.14.0-427.37.1.el9_4.x86_64  CompilerName: GCC  CompilerVersion: 8.4.0
ProgramName: mris_jacobian  ProgramArguments: mris_jacobian -all-info  ProgramVersion: 7.3.2  TimeStamp: 2026/03/12-16:46:06-GMT  BuildTime: Aug  4 2022 06:17:15  BuildStamp: freesurfer-linux-ubuntu22_x86_64-7.3.2-20220804-6354275  User: oesteban  Machine: dna056  Platform: Linux  PlatformVersion: 5.14.0-427.37.1.el9_4.x86_64  CompilerName: GCC  CompilerVersion: 8.4.0
ProgramName: mris_label2annot  ProgramArguments: mris_label2annot -all-info  ProgramVersion: 7.3.2  TimeStamp: 2026/03/12-16:46:06-GMT  BuildTime: Aug  4 2022 06:17:15  BuildStamp: freesurfer-linux-ubuntu22_x86_64-7.3.2-20220804-6354275  User: oesteban  Machine: dna056  Platform: Linux  PlatformVersion: 5.14.0-427.37.1.el9_4.x86_64  CompilerName: GCC  CompilerVersion: 8.4.0
ProgramName: mris_left_right_register  ProgramArguments: mris_left_right_register -all-info  ProgramVersion: 7.3.2  TimeStamp: 2026/03/12-16:46:06-GMT  BuildTime: Aug  4 2022 06:17:15  BuildStamp: freesurfer-linux-ubuntu22_x86_64-7.3.2-20220804-6354275  User: oesteban  Machine: dna056  Platform: Linux  PlatformVersion: 5.14.0-427.37.1.el9_4.x86_64  CompilerName: GCC  CompilerVersion: 8.4.0
ProgramName: mris_place_surface  ProgramArguments: mris_place_surface -all-info  ProgramVersion: 7.3.2  TimeStamp: 2026/03/12-16:46:06-GMT  BuildTime: Aug  4 2022 06:17:15  BuildStamp: freesurfer-linux-ubuntu22_x86_64-7.3.2-20220804-6354275  User: oesteban  Machine: dna056  Platform: Linux  PlatformVersion: 5.14.0-427.37.1.el9_4.x86_64  CompilerName: GCC  CompilerVersion: 8.4.0
ProgramName: mrisp_paint  ProgramArguments: mrisp_paint -all-info  ProgramVersion: 7.3.2  TimeStamp: 2026/03/12-16:46:06-GMT  BuildTime: Aug  4 2022 06:17:15  BuildStamp: freesurfer-linux-ubuntu22_x86_64-7.3.2-20220804-6354275  User: oesteban  Machine: dna056  Platform: Linux  PlatformVersion: 5.14.0-427.37.1.el9_4.x86_64  CompilerName: GCC  CompilerVersion: 8.4.0
ProgramName: mris_register  ProgramArguments: mris_register -all-info  ProgramVersion: 7.3.2  TimeStamp: 2026/03/12-16:46:06-GMT  BuildTime: Aug  4 2022 06:17:15  BuildStamp: freesurfer-linux-ubuntu22_x86_64-7.3.2-20220804-6354275  User: oesteban  Machine: dna056  Platform: Linux  PlatformVersion: 5.14.0-427.37.1.el9_4.x86_64  CompilerName: GCC  CompilerVersion: 8.4.0
ProgramName: mris_smooth  ProgramArguments: mris_smooth -all-info  ProgramVersion: 7.3.2  TimeStamp: 2026/03/12-16:46:06-GMT  BuildTime: Aug  4 2022 06:17:15  BuildStamp: freesurfer-linux-ubuntu22_x86_64-7.3.2-20220804-6354275  User: oesteban  Machine: dna056  Platform: Linux  PlatformVersion: 5.14.0-427.37.1.el9_4.x86_64  CompilerName: GCC  CompilerVersion: 8.4.0
ProgramName: mris_sphere  ProgramArguments: mris_sphere -all-info  ProgramVersion: 7.3.2  TimeStamp: 2026/03/12-16:46:06-GMT  BuildTime: Aug  4 2022 06:17:15  BuildStamp: freesurfer-linux-ubuntu22_x86_64-7.3.2-20220804-6354275  User: oesteban  Machine: dna056  Platform: Linux  PlatformVersion: 5.14.0-427.37.1.el9_4.x86_64  CompilerName: GCC  CompilerVersion: 8.4.0
ProgramName: mris_surface_stats  ProgramArguments: mris_surface_stats -all-info  ProgramVersion: 7.3.2  TimeStamp: 2026/03/12-16:46:06-GMT  BuildTime: Aug  4 2022 06:17:15  BuildStamp: freesurfer-linux-ubuntu22_x86_64-7.3.2-20220804-6354275  User: oesteban  Machine: dna056  Platform: Linux  PlatformVersion: 5.14.0-427.37.1.el9_4.x86_64  CompilerName: GCC  CompilerVersion: 8.4.0
ProgramName: mri_stats2seg  ProgramArguments: mri_stats2seg -all-info  ProgramVersion: 7.3.2  TimeStamp: 2026/03/12-16:46:06-GMT  BuildTime: Aug  4 2022 06:17:15  BuildStamp: freesurfer-linux-ubuntu22_x86_64-7.3.2-20220804-6354275  User: oesteban  Machine: dna056  Platform: Linux  PlatformVersion: 5.14.0-427.37.1.el9_4.x86_64  CompilerName: GCC  CompilerVersion: 8.4.0
ProgramName: mris_thickness  ProgramArguments: mris_thickness -all-info  ProgramVersion: 7.3.2  TimeStamp: 2026/03/12-16:46:06-GMT  BuildTime: Aug  4 2022 06:17:15  BuildStamp: freesurfer-linux-ubuntu22_x86_64-7.3.2-20220804-6354275  User: oesteban  Machine: dna056  Platform: Linux  PlatformVersion: 5.14.0-427.37.1.el9_4.x86_64  CompilerName: GCC  CompilerVersion: 8.4.0
ProgramName: mris_thickness_diff  ProgramArguments: mris_thickness_diff -all-info  ProgramVersion: 7.3.2  TimeStamp: 2026/03/12-16:46:06-GMT  BuildTime: Aug  4 2022 06:17:15  BuildStamp: freesurfer-linux-ubuntu22_x86_64-7.3.2-20220804-6354275  User: oesteban  Machine: dna056  Platform: Linux  PlatformVersion: 5.14.0-427.37.1.el9_4.x86_64  CompilerName: GCC  CompilerVersion: 8.4.0
ProgramName: mris_topo_fixer  ProgramArguments: mris_topo_fixer -all-info  ProgramVersion: 7.3.2  TimeStamp: 2026/03/12-16:46:06-GMT  BuildTime: Aug  4 2022 06:17:15  BuildStamp: freesurfer-linux-ubuntu22_x86_64-7.3.2-20220804-6354275  User: oesteban  Machine: dna056  Platform: Linux  PlatformVersion: 5.14.0-427.37.1.el9_4.x86_64  CompilerName: GCC  CompilerVersion: 8.4.0
ProgramName: mri_surf2surf  ProgramArguments: mri_surf2surf -all-info  ProgramVersion: 7.3.2  TimeStamp: 2026/03/12-16:46:06-GMT  BuildTime: Aug  4 2022 06:17:15  BuildStamp: freesurfer-linux-ubuntu22_x86_64-7.3.2-20220804-6354275  User: oesteban  Machine: dna056  Platform: Linux  PlatformVersion: 5.14.0-427.37.1.el9_4.x86_64  CompilerName: GCC  CompilerVersion: 8.4.0
ProgramName: mri_surf2vol  ProgramArguments: mri_surf2vol -all-info  ProgramVersion: 7.3.2  TimeStamp: 2026/03/12-16:46:06-GMT  BuildTime: Aug  4 2022 06:17:15  BuildStamp: freesurfer-linux-ubuntu22_x86_64-7.3.2-20220804-6354275  User: oesteban  Machine: dna056  Platform: Linux  PlatformVersion: 5.14.0-427.37.1.el9_4.x86_64  CompilerName: GCC  CompilerVersion: 8.4.0
ProgramName: mri_surfcluster  ProgramArguments: mri_surfcluster -all-info  ProgramVersion: 7.3.2  TimeStamp: 2026/03/12-16:46:06-GMT  BuildTime: Aug  4 2022 06:17:15  BuildStamp: freesurfer-linux-ubuntu22_x86_64-7.3.2-20220804-6354275  User: oesteban  Machine: dna056  Platform: Linux  PlatformVersion: 5.14.0-427.37.1.el9_4.x86_64  CompilerName: GCC  CompilerVersion: 8.4.0
ProgramName: mris_volmask  ProgramArguments: mris_volmask -all-info  ProgramVersion: 7.3.2  TimeStamp: 2026/03/12-16:46:06-GMT  BuildTime: Aug  4 2022 06:17:15  BuildStamp: freesurfer-linux-ubuntu22_x86_64-7.3.2-20220804-6354275  User: oesteban  Machine: dna056  Platform: Linux  PlatformVersion: 5.14.0-427.37.1.el9_4.x86_64  CompilerName: GCC  CompilerVersion: 8.4.0
ProgramName: mri_tessellate  ProgramArguments: mri_tessellate -all-info  ProgramVersion: 7.3.2  TimeStamp: 2026/03/12-16:46:06-GMT  BuildTime: Aug  4 2022 06:17:15  BuildStamp: freesurfer-linux-ubuntu22_x86_64-7.3.2-20220804-6354275  User: oesteban  Machine: dna056  Platform: Linux  PlatformVersion: 5.14.0-427.37.1.el9_4.x86_64  CompilerName: GCC  CompilerVersion: 8.4.0
ProgramName: mri_vol2surf  ProgramArguments: mri_vol2surf -all-info  ProgramVersion: 7.3.2  TimeStamp: 2026/03/12-16:46:06-GMT  BuildTime: Aug  4 2022 06:17:15  BuildStamp: freesurfer-linux-ubuntu22_x86_64-7.3.2-20220804-6354275  User: oesteban  Machine: dna056  Platform: Linux  PlatformVersion: 5.14.0-427.37.1.el9_4.x86_64  CompilerName: GCC  CompilerVersion: 8.4.0
ProgramName: mri_vol2vol  ProgramArguments: mri_vol2vol -all-info  ProgramVersion: 7.3.2  TimeStamp: 2026/03/12-16:46:06-GMT  BuildTime: Aug  4 2022 06:17:15  BuildStamp: freesurfer-linux-ubuntu22_x86_64-7.3.2-20220804-6354275  User: oesteban  Machine: dna056  Platform: Linux  PlatformVersion: 5.14.0-427.37.1.el9_4.x86_64  CompilerName: GCC  CompilerVersion: 8.4.0
ProgramName: mri_voldiff  ProgramArguments: mri_voldiff -all-info  ProgramVersion: 7.3.2  TimeStamp: 2026/03/12-16:46:06-GMT  BuildTime: Aug  4 2022 06:17:15  BuildStamp: freesurfer-linux-ubuntu22_x86_64-7.3.2-20220804-6354275  User: oesteban  Machine: dna056  Platform: Linux  PlatformVersion: 5.14.0-427.37.1.el9_4.x86_64  CompilerName: GCC  CompilerVersion: 8.4.0
ProgramName: mri_watershed  ProgramArguments: mri_watershed -all-info  ProgramVersion: 7.3.2  TimeStamp: 2026/03/12-16:46:06-GMT  BuildTime: Aug  4 2022 06:17:15  BuildStamp: freesurfer-linux-ubuntu22_x86_64-7.3.2-20220804-6354275  User: oesteban  Machine: dna056  Platform: Linux  PlatformVersion: 5.14.0-427.37.1.el9_4.x86_64  CompilerName: GCC  CompilerVersion: 8.4.0
ProgramName: tkregister2  ProgramArguments: tkregister2_cmdl -all-info  ProgramVersion: 7.3.2  TimeStamp: 2026/03/12-16:46:06-GMT  BuildTime: Aug  4 2022 06:17:15  BuildStamp: freesurfer-linux-ubuntu22_x86_64-7.3.2-20220804-6354275  User: oesteban  Machine: dna056  Platform: Linux  PlatformVersion: 5.14.0-427.37.1.el9_4.x86_64  CompilerName: GCC  CompilerVersion: 8.4.0
mri_motion_correct.fsl 7.3.2
mri_convert -all-info 
ProgramName: mri_convert  ProgramArguments: mri_convert -all-info  ProgramVersion: 7.3.2  TimeStamp: 2026/03/12-16:46:06-GMT  BuildTime: Aug  4 2022 06:17:15  BuildStamp: freesurfer-linux-ubuntu22_x86_64-7.3.2-20220804-6354275  User: oesteban  Machine: dna056  Platform: Linux  PlatformVersion: 5.14.0-427.37.1.el9_4.x86_64  CompilerName: GCC  CompilerVersion: 8.4.0
Program nu_correct, built from:
Package MNI N3, version 1.12.0, compiled by nicks@terrier (x86_64-unknown-linux-gnu) on 2015-06-19 at 01:25:34
#######################################
GCADIR /opt/freesurfer/average
GCA RB_all_2020-01-02.gca
GCASkull RB_all_withskull_2020_01_02.gca
AvgCurvTif folding.atlas.acfb40.noaparc.i12.2016-08-02.tif
GCSDIR /opt/freesurfer/average
GCS DKaparc.atlas.acfb40.noaparc.i12.2016-08-02.gcs
#######################################
#--------------------------------------------
#@# AutoDetGWStats rh Thu Mar 12 17:46:06 CET 2026
cd /out/sourcedata/freesurfer/sub-v1s20x0050274_ses-1/mri
mris_autodet_gwstats --o ../surf/autodet.gw.stats.rh.dat --i brain.finalsurfs.mgz --wm wm.mgz --surf ../surf/rh.orig.premesh
  Update not needed
#--------------------------------------------
#@# WhitePreAparc rh Thu Mar 12 17:46:06 CET 2026
cd /out/sourcedata/freesurfer/sub-v1s20x0050274_ses-1/mri
mris_place_surface --adgws-in ../surf/autodet.gw.stats.rh.dat --wm wm.mgz --threads 16 --invol brain.finalsurfs.mgz --rh --i ../surf/rh.orig --o ../surf/rh.white.preaparc --white --seg aseg.presurf.mgz --nsmooth 5
   Update not needed
#--------------------------------------------
#@# CortexLabel rh Thu Mar 12 17:46:06 CET 2026
cd /out/sourcedata/freesurfer/sub-v1s20x0050274_ses-1/mri
mri_label2label --label-cortex ../surf/rh.white.preaparc aseg.presurf.mgz 0 ../label/rh.cortex.label
   Update not needed
#--------------------------------------------
#@# CortexLabel+HipAmyg rh Thu Mar 12 17:46:06 CET 2026
cd /out/sourcedata/freesurfer/sub-v1s20x0050274_ses-1/mri
mri_label2label --label-cortex ../surf/rh.white.preaparc aseg.presurf.mgz 1 ../label/rh.cortex+hipamyg.label
   Update not needed
#@# white curv rh Thu Mar 12 17:46:06 CET 2026
cd /out/sourcedata/freesurfer/sub-v1s20x0050274_ses-1/mri
mris_place_surface --curv-map ../surf/rh.white 2 10 ../surf/rh.curv
   Update not needed
#@# white area rh Thu Mar 12 17:46:06 CET 2026
cd /out/sourcedata/freesurfer/sub-v1s20x0050274_ses-1/mri
mris_place_surface --area-map ../surf/rh.white ../surf/rh.area
   Update not needed
#@# pial curv rh Thu Mar 12 17:46:06 CET 2026
cd /out/sourcedata/freesurfer/sub-v1s20x0050274_ses-1/mri
mris_place_surface --curv-map ../surf/rh.pial 2 10 ../surf/rh.curv.pial
   Update not needed
#@# pial area rh Thu Mar 12 17:46:06 CET 2026
cd /out/sourcedata/freesurfer/sub-v1s20x0050274_ses-1/mri
mris_place_surface --area-map ../surf/rh.pial ../surf/rh.area.pial
   Update not needed
#@# thickness rh Thu Mar 12 17:46:06 CET 2026
cd /out/sourcedata/freesurfer/sub-v1s20x0050274_ses-1/mri
mris_place_surface --thickness ../surf/rh.white ../surf/rh.pial 20 5 ../surf/rh.thickness
   Update not needed
#@# area and vertex vol rh Thu Mar 12 17:46:06 CET 2026
cd /out/sourcedata/freesurfer/sub-v1s20x0050274_ses-1/mri
mris_place_surface --thickness ../surf/rh.white ../surf/rh.pial 20 5 ../surf/rh.thickness
   Update not needed
#-----------------------------------------
#@# Parcellation Stats rh Thu Mar 12 17:46:06 CET 2026
/out/sourcedata/freesurfer/sub-v1s20x0050274_ses-1/scripts

 mris_anatomical_stats -th3 -mgz -noglobal -cortex ../label/rh.cortex.label -f ../stats/rh.aparc.stats -b -a ../label/rh.aparc.annot -c ../label/aparc.annot.ctab sub-v1s20x0050274_ses-1 rh white 

computing statistics for each annotation in ../label/rh.aparc.annot.
reading volume /out/sourcedata/freesurfer/sub-v1s20x0050274_ses-1/mri/wm.mgz...
reading input surface /out/sourcedata/freesurfer/sub-v1s20x0050274_ses-1/surf/rh.white...
reading input pial surface /out/sourcedata/freesurfer/sub-v1s20x0050274_ses-1/surf/rh.pial...
reading input white surface /out/sourcedata/freesurfer/sub-v1s20x0050274_ses-1/surf/rh.white...
INFO: using TH3 volume calc
INFO: assuming MGZ format for volumes.
INFO: not computing global stats
INFO: using ../label/rh.cortex.label as mask to calc cortex NumVert, SurfArea and MeanThickness.
Using TH3 vertex volume calc
Total face volume 299093
Total vertex volume 298895 (mask=0)
Saving annotation colortable ../label/aparc.annot.ctab

table columns are:
    number of vertices
    total surface area (mm^2)
    total gray matter volume (mm^3)
    average cortical thickness +- standard deviation (mm)
    integrated rectified mean curvature
    integrated rectified Gaussian curvature
    folding index
    intrinsic curvature index
    structure name

 1648   1110   2945  2.623 0.642     0.108     0.019       11     1.5  bankssts
 1556   1109   3251  2.661 0.711     0.139     0.031       25     1.9  caudalanteriorcingulate
 3378   2383   7882  2.876 0.696     0.114     0.024       32     3.3  caudalmiddlefrontal
 2597   1841   4823  2.182 0.701     0.146     0.042       33     4.5  cuneus
  959    596   1835  2.505 0.965     0.146     0.063       19     2.4  entorhinal
 5103   3661  10148  2.370 0.723     0.138     0.041       73     8.4  fusiform
 8037   6045  19593  2.645 0.770     0.133     0.033      105    11.6  inferiorparietal
 5003   3767  11268  2.607 0.777     0.139     0.045       80    10.2  inferiortemporal
 1911   1358   4418  2.639 0.898     0.131     0.034       24     2.5  isthmuscingulate
 6671   5051  13480  2.178 0.695     0.148     0.045       94    11.8  lateraloccipital
 4433   3072   8140  2.587 0.754     0.134     0.038       54     7.0  lateralorbitofrontal
 4735   3538   8419  2.165 0.736     0.142     0.040       66     8.6  lingual
 3316   2344   6548  2.543 0.722     0.125     0.038       42     4.9  medialorbitofrontal
 5426   3936  15947  3.087 0.933     0.125     0.036       67     8.0  middletemporal
 1301    807   2439  2.663 0.833     0.111     0.035       17     1.6  parahippocampal
 2895   1906   5012  2.250 0.693     0.112     0.023       23     2.8  paracentral
 2176   1492   3761  2.507 0.765     0.114     0.024       18     2.2  parsopercularis
 1701   1141   3187  2.339 0.745     0.139     0.046       23     3.1  parsorbitalis
 3511   2217   6649  2.727 0.749     0.111     0.030       35     4.2  parstriangularis
 2499   1733   3348  2.000 0.756     0.130     0.037       24     3.8  pericalcarine
 6311   4121   9385  2.057 0.709     0.104     0.026       54     6.6  postcentral
 1746   1296   3675  2.502 0.999     0.137     0.032       24     2.0  posteriorcingulate
 9082   6007  15375  2.425 0.685     0.108     0.026       67     9.6  precentral
 6016   4293  11943  2.386 0.725     0.123     0.028       62     6.7  precuneus
  949    686   2364  2.980 0.799     0.149     0.035       16     1.4  rostralanteriorcingulate
 9619   6961  23994  2.849 0.760     0.138     0.037      133    15.9  rostralmiddlefrontal
13917   9728  31500  2.854 0.700     0.122     0.030      151    16.4  superiorfrontal
 8567   6079  16043  2.258 0.718     0.125     0.030       91    10.6  superiorparietal
 6680   4413  15618  3.107 0.822     0.099     0.025       49     6.6  superiortemporal
 5720   4046  12846  2.713 0.771     0.123     0.030       61     6.8  supramarginal
  486    376   1541  2.951 0.699     0.177     0.051       18     1.1  frontalpole
  790    600   2507  3.322 0.981     0.147     0.054       11     1.9  temporalpole
  496    327   1034  3.109 0.609     0.104     0.023        3     0.5  transversetemporal
 4452   3044   7979  2.767 0.896     0.126     0.037       52     6.5  insula

 mris_anatomical_stats -th3 -mgz -noglobal -cortex ../label/rh.cortex.label -f ../stats/rh.aparc.pial.stats -b -a ../label/rh.aparc.annot -c ../label/aparc.annot.ctab sub-v1s20x0050274_ses-1 rh pial 

computing statistics for each annotation in ../label/rh.aparc.annot.
reading volume /out/sourcedata/freesurfer/sub-v1s20x0050274_ses-1/mri/wm.mgz...
reading input surface /out/sourcedata/freesurfer/sub-v1s20x0050274_ses-1/surf/rh.pial...
reading input pial surface /out/sourcedata/freesurfer/sub-v1s20x0050274_ses-1/surf/rh.pial...
reading input white surface /out/sourcedata/freesurfer/sub-v1s20x0050274_ses-1/surf/rh.white...
INFO: using TH3 volume calc
INFO: assuming MGZ format for volumes.
INFO: not computing global stats
INFO: using ../label/rh.cortex.label as mask to calc cortex NumVert, SurfArea and MeanThickness.
Using TH3 vertex volume calc
Total face volume 299093
Total vertex volume 298895 (mask=0)
Saving annotation colortable ../label/aparc.annot.ctab

table columns are:
    number of vertices
    total surface area (mm^2)
    total gray matter volume (mm^3)
    average cortical thickness +- standard deviation (mm)
    integrated rectified mean curvature
    integrated rectified Gaussian curvature
    folding index
    intrinsic curvature index
    structure name

 1648   1117   2945  2.623 0.642     0.131     0.042       41     2.5  bankssts
 1556   1453   3251  2.661 0.711     0.168     0.045       55     3.0  caudalanteriorcingulate
 3378   3022   7882  2.876 0.696     0.143     0.033       67     4.6  caudalmiddlefrontal
 2597   2665   4823  2.182 0.701     0.168     0.041       46     4.7  cuneus
  959    950   1835  2.505 0.965     0.215     0.072       28     2.8  entorhinal
 5103   4863  10148  2.370 0.723     0.183     0.051      137    10.3  fusiform
 8037   8452  19593  2.645 0.770     0.171     0.040      161    15.0  inferiorparietal
 5003   5071  11268  2.607 0.777     0.192     0.055      136    11.1  inferiortemporal
 1911   1950   4418  2.639 0.898     0.194     0.051       83     4.2  isthmuscingulate
 6671   7229  13480  2.178 0.695     0.193     0.049      223    13.9  lateraloccipital
 4433   3370   8140  2.587 0.754     0.163     0.050      124     9.0  lateralorbitofrontal
 4735   4441   8419  2.165 0.736     0.170     0.065      135     9.5  lingual
 3316   2993   6548  2.543 0.722     0.164     0.046      152     6.7  medialorbitofrontal
 5426   6097  15947  3.087 0.933     0.186     0.044      101    10.4  middletemporal
 1301   1091   2439  2.663 0.833     0.197     0.070       35     3.8  parahippocampal
 2895   2437   5012  2.250 0.693     0.131     0.029       32     3.7  paracentral
 2176   1685   3761  2.507 0.765     0.131     0.033       29     3.0  parsopercularis
 1701   1671   3187  2.339 0.745     0.168     0.045       29     3.3  parsorbitalis
 3511   2819   6649  2.727 0.749     0.137     0.036       59     5.4  parstriangularis
 2499   1677   3348  2.000 0.756     0.144     0.045       80     4.2  pericalcarine
 6311   5222   9385  2.057 0.709     0.125     0.030       76     7.8  postcentral
 1746   1535   3675  2.502 0.999     0.160     0.038       73     2.4  posteriorcingulate
 9082   6716  15375  2.425 0.685     0.118     0.030      172    11.2  precentral
 6016   5543  11943  2.386 0.725     0.159     0.038      136     9.3  precuneus
  949    950   2364  2.980 0.799     0.182     0.047       26     1.9  rostralanteriorcingulate
 9619   9595  23994  2.849 0.760     0.177     0.044      239    18.5  rostralmiddlefrontal
13917  12133  31500  2.854 0.700     0.151     0.039      340    22.4  superiorfrontal
 8567   7844  16043  2.258 0.718     0.154     0.038      169    13.0  superiorparietal
 6680   5658  15618  3.107 0.822     0.136     0.033      126     9.5  superiortemporal
 5720   5229  12846  2.713 0.771     0.159     0.044      280    10.5  supramarginal
  486    696   1541  2.951 0.699     0.206     0.044        8     0.9  frontalpole
  790   1024   2507  3.322 0.981     0.242     0.059       20     2.2  temporalpole
  496    350   1034  3.109 0.609     0.113     0.032        6     0.7  transversetemporal
 4452   2928   7979  2.767 0.896     0.146     0.052      325     8.0  insula
#-----------------------------------------
#@# Parcellation Stats 2 rh Thu Mar 12 17:46:29 CET 2026
/out/sourcedata/freesurfer/sub-v1s20x0050274_ses-1/scripts

 mris_anatomical_stats -th3 -mgz -noglobal -cortex ../label/rh.cortex.label -f ../stats/rh.aparc.a2009s.stats -b -a ../label/rh.aparc.a2009s.annot -c ../label/aparc.annot.a2009s.ctab sub-v1s20x0050274_ses-1 rh white 

computing statistics for each annotation in ../label/rh.aparc.a2009s.annot.
reading volume /out/sourcedata/freesurfer/sub-v1s20x0050274_ses-1/mri/wm.mgz...
reading input surface /out/sourcedata/freesurfer/sub-v1s20x0050274_ses-1/surf/rh.white...
reading input pial surface /out/sourcedata/freesurfer/sub-v1s20x0050274_ses-1/surf/rh.pial...
reading input white surface /out/sourcedata/freesurfer/sub-v1s20x0050274_ses-1/surf/rh.white...
INFO: using TH3 volume calc
INFO: assuming MGZ format for volumes.
INFO: not computing global stats
INFO: using ../label/rh.cortex.label as mask to calc cortex NumVert, SurfArea and MeanThickness.
Using TH3 vertex volume calc
Total face volume 299093
Total vertex volume 298895 (mask=0)
Saving annotation colortable ../label/aparc.annot.a2009s.ctab

table columns are:
    number of vertices
    total surface area (mm^2)
    total gray matter volume (mm^3)
    average cortical thickness +- standard deviation (mm)
    integrated rectified mean curvature
    integrated rectified Gaussian curvature
    folding index
    intrinsic curvature index
    structure name

 1083    734   2495  2.540 0.835     0.150     0.056       23     2.9  G_and_S_frontomargin
 1088    843   2771  2.420 0.734     0.157     0.056       16     2.2  G_and_S_occipital_inf
 1710   1159   2856  2.090 0.672     0.123     0.030       16     2.1  G_and_S_paracentral
 1308    868   2873  2.743 0.709     0.122     0.034       19     1.7  G_and_S_subcentral
 1374   1061   4670  3.107 0.666     0.143     0.038       33     2.0  G_and_S_transv_frontopol
 3521   2486   7233  2.804 0.610     0.121     0.029       34     4.0  G_and_S_cingul-Ant
 1928   1351   3549  2.691 0.551     0.110     0.025       17     1.9  G_and_S_cingul-Mid-Ant
 1607   1162   3270  2.659 0.702     0.126     0.028       16     1.7  G_and_S_cingul-Mid-Post
  746    564   2222  2.967 0.807     0.167     0.049       13     1.5  G_cingul-Post-dorsal
  415    294   1530  3.551 0.753     0.119     0.029        4     0.5  G_cingul-Post-ventral
 2521   1809   4898  2.197 0.763     0.157     0.046       36     4.6  G_cuneus
 1505   1054   2958  2.272 0.751     0.131     0.034       17     2.0  G_front_inf-Opercular
  615    423   1224  2.268 0.677     0.132     0.054       12     1.3  G_front_inf-Orbital
 1570    893   3271  2.861 0.810     0.112     0.033       16     2.0  G_front_inf-Triangul
 4542   3438  15673  3.111 0.780     0.147     0.040       76     7.2  G_front_middle
 9355   6610  23985  2.896 0.762     0.134     0.036      129    13.2  G_front_sup
  723    543   1494  2.718 0.666     0.150     0.050       11     1.2  G_Ins_lg_and_S_cent_ins
 1124    778   2679  2.925 1.153     0.145     0.049       20     2.2  G_insular_short
 1910   1602   6323  2.784 0.809     0.172     0.052       41     3.8  G_occipital_middle
 1810   1363   4126  2.290 0.827     0.141     0.034       23     2.7  G_occipital_sup
 2418   1757   5687  2.510 0.682     0.155     0.052       49     4.6  G_oc-temp_lat-fusifor
 2756   2136   5535  2.190 0.791     0.161     0.047       43     5.7  G_oc-temp_med-Lingual
 1714   1032   3334  2.513 0.960     0.144     0.061       35     3.9  G_oc-temp_med-Parahip
 3670   2534   8056  2.514 0.883     0.156     0.056       64     8.4  G_orbital
 3111   2485  10762  2.885 0.937     0.159     0.046       62     6.4  G_pariet_inf-Angular
 2565   1852   7116  2.906 0.777     0.136     0.043       37     4.1  G_pariet_inf-Supramar
 2630   1887   5860  2.386 0.777     0.137     0.038       38     4.1  G_parietal_sup
 2443   1575   4002  2.080 0.676     0.114     0.031       22     3.1  G_postcentral
 3538   2344   7549  2.571 0.734     0.113     0.032       32     4.7  G_precentral
 2656   2034   7214  2.562 0.747     0.148     0.041       42     4.1  G_precuneus
 1000    715   2385  2.448 0.899     0.159     0.064       20     2.2  G_rectus
  568    356    657  1.907 0.709     0.117     0.040       10     0.7  G_subcallosal
  461    293   1003  3.206 0.639     0.086     0.020        2     0.4  G_temp_sup-G_T_transv
 2291   1522   6281  3.019 0.904     0.135     0.041       27     3.9  G_temp_sup-Lateral
 1185    780   3086  3.607 0.842     0.097     0.027        9     1.2  G_temp_sup-Plan_polar
  985    695   1986  2.493 0.752     0.098     0.017        7     0.7  G_temp_sup-Plan_tempo
 2649   2121   7267  2.570 0.800     0.161     0.060       63     7.6  G_temporal_inf
 3081   2351  11910  3.261 1.033     0.145     0.046       52     5.7  G_temporal_middle
  600    401    939  2.655 0.653     0.102     0.021        3     0.5  Lat_Fis-ant-Horizont
  391    266    496  2.207 0.601     0.107     0.015        3     0.3  Lat_Fis-ant-Vertical
 1516    999   2325  2.939 0.733     0.106     0.019        9     1.3  Lat_Fis-post
 3419   2595   6238  1.999 0.681     0.159     0.051       59     7.3  Pole_occipital
 1714   1374   5692  3.098 0.807     0.157     0.054       29     3.7  Pole_temporal
 3071   2097   4812  2.390 0.783     0.110     0.027       22     3.7  S_calcarine
 3405   2221   3502  1.852 0.567     0.095     0.018       18     2.7  S_central
 1318    903   1873  2.097 0.639     0.101     0.017        8     1.0  S_cingul-Marginalis
  947    650   1451  2.759 0.628     0.107     0.022        5     0.9  S_circular_insula_ant
 1204    781   1883  2.950 0.601     0.076     0.016        4     0.7  S_circular_insula_inf
 1753   1186   2579  2.815 0.571     0.106     0.021        8     1.7  S_circular_insula_sup
 1004    701   1727  2.703 0.587     0.113     0.027        6     1.2  S_collat_transv_ant
  368    265    491  1.925 0.560     0.133     0.029        3     0.5  S_collat_transv_post
 2163   1535   3620  2.645 0.585     0.122     0.026       19     2.7  S_front_inf
 2639   1823   4570  2.782 0.647     0.115     0.023       19     2.9  S_front_middle
 3199   2221   5833  2.746 0.663     0.101     0.019       19     2.5  S_front_sup
  790    522    950  2.287 0.446     0.102     0.016        5     0.6  S_interm_prim-Jensen
 3754   2695   5823  2.236 0.588     0.118     0.025       31     3.9  S_intrapariet_and_P_trans
  753    497    855  1.855 0.405     0.107     0.023        5     0.8  S_oc_middle_and_Lunatus
 1590   1113   2159  2.115 0.500     0.122     0.029       15     2.0  S_oc_sup_and_transversal
  717    492    847  2.111 0.550     0.127     0.030        7     1.0  S_occipital_ant
 1255    848   1710  2.149 0.614     0.099     0.022        7     1.1  S_oc-temp_lat
 2319   1583   3161  2.171 0.718     0.098     0.020       14     2.2  S_oc-temp_med_and_Lingual
  644    457    900  2.728 0.620     0.135     0.028        6     0.9  S_orbital_lateral
  914    591   1245  2.604 0.580     0.089     0.022        5     0.9  S_orbital_med-olfact
 1470    994   2379  2.516 0.783     0.117     0.026       10     1.6  S_orbital-H_Shaped
 2262   1534   3235  2.277 0.553     0.097     0.017       13     1.7  S_parieto_occipital
 1744   1156   1971  1.930 0.780     0.138     0.025       30     1.8  S_pericallosal
 2410   1556   2772  2.075 0.568     0.094     0.018       12     1.8  S_postcentral
 1285    842   1911  2.599 0.580     0.080     0.013        6     0.6  S_precentral-inf-part
 2270   1507   3231  2.481 0.584     0.101     0.019       13     1.8  S_precentral-sup-part
  502    351    892  2.842 0.641     0.118     0.022        4     0.6  S_suborbital
 1317    919   2005  2.205 0.559     0.116     0.026       10     1.3  S_subparietal
 1347    938   2075  2.605 0.783     0.106     0.022        8     1.3  S_temporal_inf
 7239   4819  12440  2.754 0.667     0.093     0.017       40     5.2  S_temporal_sup
  218    142    511  3.419 0.941     0.057     0.016        1     0.0  S_temporal_transverse
#-----------------------------------------
#@# Parcellation Stats 3 rh Thu Mar 12 17:46:40 CET 2026
/out/sourcedata/freesurfer/sub-v1s20x0050274_ses-1/scripts

 mris_anatomical_stats -th3 -mgz -noglobal -cortex ../label/rh.cortex.label -f ../stats/rh.aparc.DKTatlas.stats -b -a ../label/rh.aparc.DKTatlas.annot -c ../label/aparc.annot.DKTatlas.ctab sub-v1s20x0050274_ses-1 rh white 

computing statistics for each annotation in ../label/rh.aparc.DKTatlas.annot.
reading volume /out/sourcedata/freesurfer/sub-v1s20x0050274_ses-1/mri/wm.mgz...
reading input surface /out/sourcedata/freesurfer/sub-v1s20x0050274_ses-1/surf/rh.white...
reading input pial surface /out/sourcedata/freesurfer/sub-v1s20x0050274_ses-1/surf/rh.pial...
reading input white surface /out/sourcedata/freesurfer/sub-v1s20x0050274_ses-1/surf/rh.white...
INFO: using TH3 volume calc
INFO: assuming MGZ format for volumes.
INFO: not computing global stats
INFO: using ../label/rh.cortex.label as mask to calc cortex NumVert, SurfArea and MeanThickness.
Using TH3 vertex volume calc
Total face volume 299093
Total vertex volume 298895 (mask=0)
Saving annotation colortable ../label/aparc.annot.DKTatlas.ctab

table columns are:
    number of vertices
    total surface area (mm^2)
    total gray matter volume (mm^3)
    average cortical thickness +- standard deviation (mm)
    integrated rectified mean curvature
    integrated rectified Gaussian curvature
    folding index
    intrinsic curvature index
    structure name

 1656   1183   3355  2.608 0.740     0.138     0.031       26     2.0  caudalanteriorcingulate
 3533   2476   7966  2.864 0.693     0.113     0.024       32     3.4  caudalmiddlefrontal
 3118   2217   5790  2.164 0.721     0.141     0.038       37     4.8  cuneus
  837    520   1696  2.588 0.958     0.134     0.055       14     1.8  entorhinal
 4713   3364   8902  2.308 0.687     0.135     0.040       66     7.3  fusiform
 8080   6079  19785  2.641 0.769     0.135     0.034      110    12.0  inferiorparietal
 5398   4101  12814  2.644 0.789     0.143     0.047       89    11.5  inferiortemporal
 1896   1347   4341  2.630 0.885     0.130     0.033       24     2.4  isthmuscingulate
 6808   5160  13730  2.172 0.704     0.148     0.045       97    12.1  lateraloccipital
 5073   3465   9675  2.524 0.806     0.141     0.047       78    10.3  lateralorbitofrontal
 4597   3436   8188  2.169 0.726     0.143     0.040       65     8.4  lingual
 2588   1787   4819  2.411 0.810     0.129     0.041       38     3.8  medialorbitofrontal
 6699   4818  18224  2.971 0.920     0.121     0.032       76     9.1  middletemporal
 1446    897   2646  2.605 0.858     0.119     0.041       22     2.1  parahippocampal
 3079   2038   5347  2.255 0.685     0.113     0.023       25     3.0  paracentral
 2607   1769   4454  2.503 0.767     0.112     0.024       21     2.7  parsopercularis
 1629   1094   2967  2.391 0.708     0.125     0.039       18     2.5  parsorbitalis
 3372   2156   6520  2.762 0.738     0.120     0.034       37     4.7  parstriangularis
 2482   1724   3290  1.982 0.755     0.132     0.038       25     4.0  pericalcarine
 7048   4632  10501  2.075 0.700     0.106     0.026       63     7.6  postcentral
 1870   1378   3894  2.530 0.961     0.140     0.034       27     2.4  posteriorcingulate
 8481   5594  14362  2.402 0.680     0.107     0.026       63     9.0  precentral
 6158   4400  12458  2.402 0.726     0.123     0.028       62     6.9  precuneus
 1285    918   2931  2.889 0.787     0.132     0.030       17     1.6  rostralanteriorcingulate
 6686   4880  16013  2.812 0.758     0.141     0.037       86    10.7  rostralmiddlefrontal
17408  12319  41126  2.875 0.699     0.123     0.031      206    21.3  superiorfrontal
 7073   4988  13151  2.265 0.720     0.125     0.030       76     8.8  superiorparietal
 8482   5680  20114  3.100 0.828     0.105     0.029       68     9.6  superiortemporal
 5253   3712  11485  2.700 0.772     0.121     0.029       53     6.1  supramarginal
  504    328   1054  3.127 0.636     0.100     0.022        3     0.4  transversetemporal
 3828   2620   7297  2.948 0.779     0.120     0.032       38     4.8  insula
/out/sourcedata/freesurfer/sub-v1s20x0050274_ses-1/label
#--------------------------------------------
#@# BA_exvivo Labels rh Thu Mar 12 17:46:53 CET 2026

 mri_label2label --srcsubject fsaverage --srclabel /out/sourcedata/freesurfer/fsaverage/label/rh.BA1_exvivo.label --trgsubject sub-v1s20x0050274_ses-1 --trglabel ./rh.BA1_exvivo.label --hemi rh --regmethod surface 


srclabel = /out/sourcedata/freesurfer/fsaverage/label/rh.BA1_exvivo.label
srcsubject = fsaverage
trgsubject = sub-v1s20x0050274_ses-1
trglabel = ./rh.BA1_exvivo.label
regmethod = surface

srchemi = rh
trghemi = rh
trgsurface = white
srcsurfreg = sphere.reg
trgsurfreg = sphere.reg
usehash = 1
Use ProjAbs  = 0, 0
Use ProjFrac = 0, 0
DoPaint 0

SUBJECTS_DIR    /out/sourcedata/freesurfer
FREESURFER_HOME /opt/freesurfer
Loading source label.
Found 3962 points in source label.
Starting surface-based mapping
Reading source registration 
 /out/sourcedata/freesurfer/fsaverage/surf/rh.sphere.reg
Rescaling ...  original radius = 100
Reading target surface 
 /out/sourcedata/freesurfer/sub-v1s20x0050274_ses-1/surf/rh.white
Reading target registration 
 /out/sourcedata/freesurfer/sub-v1s20x0050274_ses-1/surf/rh.sphere.reg
Rescaling ...  original radius = 100
Building target registration hash (res=16).
Building source registration hash (res=16).
INFO: found  3962 nlabel points
Performing mapping from target back to the source label 152756
Number of reverse mapping hits = 157
Checking for and removing duplicates
Writing label file ./rh.BA1_exvivo.label 4119
mri_label2label: Done


 mri_label2label --srcsubject fsaverage --srclabel /out/sourcedata/freesurfer/fsaverage/label/rh.BA2_exvivo.label --trgsubject sub-v1s20x0050274_ses-1 --trglabel ./rh.BA2_exvivo.label --hemi rh --regmethod surface 


srclabel = /out/sourcedata/freesurfer/fsaverage/label/rh.BA2_exvivo.label
srcsubject = fsaverage
trgsubject = sub-v1s20x0050274_ses-1
trglabel = ./rh.BA2_exvivo.label
regmethod = surface

srchemi = rh
trghemi = rh
trgsurface = white
srcsurfreg = sphere.reg
trgsurfreg = sphere.reg
usehash = 1
Use ProjAbs  = 0, 0
Use ProjFrac = 0, 0
DoPaint 0

SUBJECTS_DIR    /out/sourcedata/freesurfer
FREESURFER_HOME /opt/freesurfer
Loading source label.
Found 6687 points in source label.
Starting surface-based mapping
Reading source registration 
 /out/sourcedata/freesurfer/fsaverage/surf/rh.sphere.reg
Rescaling ...  original radius = 100
Reading target surface 
 /out/sourcedata/freesurfer/sub-v1s20x0050274_ses-1/surf/rh.white
Reading target registration 
 /out/sourcedata/freesurfer/sub-v1s20x0050274_ses-1/surf/rh.sphere.reg
Rescaling ...  original radius = 100
Building target registration hash (res=16).
Building source registration hash (res=16).
INFO: found  6687 nlabel points
Performing mapping from target back to the source label 152756
Number of reverse mapping hits = 157
Checking for and removing duplicates
Writing label file ./rh.BA2_exvivo.label 6844
mri_label2label: Done


 mri_label2label --srcsubject fsaverage --srclabel /out/sourcedata/freesurfer/fsaverage/label/rh.BA3a_exvivo.label --trgsubject sub-v1s20x0050274_ses-1 --trglabel ./rh.BA3a_exvivo.label --hemi rh --regmethod surface 


srclabel = /out/sourcedata/freesurfer/fsaverage/label/rh.BA3a_exvivo.label
srcsubject = fsaverage
trgsubject = sub-v1s20x0050274_ses-1
trglabel = ./rh.BA3a_exvivo.label
regmethod = surface

srchemi = rh
trghemi = rh
trgsurface = white
srcsurfreg = sphere.reg
trgsurfreg = sphere.reg
usehash = 1
Use ProjAbs  = 0, 0
Use ProjFrac = 0, 0
DoPaint 0

SUBJECTS_DIR    /out/sourcedata/freesurfer
FREESURFER_HOME /opt/freesurfer
Loading source label.
Found 3980 points in source label.
Starting surface-based mapping
Reading source registration 
 /out/sourcedata/freesurfer/fsaverage/surf/rh.sphere.reg
Rescaling ...  original radius = 100
Reading target surface 
 /out/sourcedata/freesurfer/sub-v1s20x0050274_ses-1/surf/rh.white
Reading target registration 
 /out/sourcedata/freesurfer/sub-v1s20x0050274_ses-1/surf/rh.sphere.reg
Rescaling ...  original radius = 100
Building target registration hash (res=16).
Building source registration hash (res=16).
INFO: found  3980 nlabel points
Performing mapping from target back to the source label 152756
Number of reverse mapping hits = 52
Checking for and removing duplicates
Writing label file ./rh.BA3a_exvivo.label 4032
mri_label2label: Done


 mri_label2label --srcsubject fsaverage --srclabel /out/sourcedata/freesurfer/fsaverage/label/rh.BA3b_exvivo.label --trgsubject sub-v1s20x0050274_ses-1 --trglabel ./rh.BA3b_exvivo.label --hemi rh --regmethod surface 


srclabel = /out/sourcedata/freesurfer/fsaverage/label/rh.BA3b_exvivo.label
srcsubject = fsaverage
trgsubject = sub-v1s20x0050274_ses-1
trglabel = ./rh.BA3b_exvivo.label
regmethod = surface

srchemi = rh
trghemi = rh
trgsurface = white
srcsurfreg = sphere.reg
trgsurfreg = sphere.reg
usehash = 1
Use ProjAbs  = 0, 0
Use ProjFrac = 0, 0
DoPaint 0

SUBJECTS_DIR    /out/sourcedata/freesurfer
FREESURFER_HOME /opt/freesurfer
Loading source label.
Found 4522 points in source label.
Starting surface-based mapping
Reading source registration 
 /out/sourcedata/freesurfer/fsaverage/surf/rh.sphere.reg
Rescaling ...  original radius = 100
Reading target surface 
 /out/sourcedata/freesurfer/sub-v1s20x0050274_ses-1/surf/rh.white
Reading target registration 
 /out/sourcedata/freesurfer/sub-v1s20x0050274_ses-1/surf/rh.sphere.reg
Rescaling ...  original radius = 100
Building target registration hash (res=16).
Building source registration hash (res=16).
INFO: found  4522 nlabel points
Performing mapping from target back to the source label 152756
Number of reverse mapping hits = 121
Checking for and removing duplicates
Writing label file ./rh.BA3b_exvivo.label 4643
mri_label2label: Done


 mri_label2label --srcsubject fsaverage --srclabel /out/sourcedata/freesurfer/fsaverage/label/rh.BA4a_exvivo.label --trgsubject sub-v1s20x0050274_ses-1 --trglabel ./rh.BA4a_exvivo.label --hemi rh --regmethod surface 


srclabel = /out/sourcedata/freesurfer/fsaverage/label/rh.BA4a_exvivo.label
srcsubject = fsaverage
trgsubject = sub-v1s20x0050274_ses-1
trglabel = ./rh.BA4a_exvivo.label
regmethod = surface

srchemi = rh
trghemi = rh
trgsurface = white
srcsurfreg = sphere.reg
trgsurfreg = sphere.reg
usehash = 1
Use ProjAbs  = 0, 0
Use ProjFrac = 0, 0
DoPaint 0

SUBJECTS_DIR    /out/sourcedata/freesurfer
FREESURFER_HOME /opt/freesurfer
Loading source label.
Found 5747 points in source label.
Starting surface-based mapping
Reading source registration 
 /out/sourcedata/freesurfer/fsaverage/surf/rh.sphere.reg
Rescaling ...  original radius = 100
Reading target surface 
 /out/sourcedata/freesurfer/sub-v1s20x0050274_ses-1/surf/rh.white
Reading target registration 
 /out/sourcedata/freesurfer/sub-v1s20x0050274_ses-1/surf/rh.sphere.reg
Rescaling ...  original radius = 100
Building target registration hash (res=16).
Building source registration hash (res=16).
INFO: found  5747 nlabel points
Performing mapping from target back to the source label 152756
Number of reverse mapping hits = 674
Checking for and removing duplicates
Writing label file ./rh.BA4a_exvivo.label 6421
mri_label2label: Done


 mri_label2label --srcsubject fsaverage --srclabel /out/sourcedata/freesurfer/fsaverage/label/rh.BA4p_exvivo.label --trgsubject sub-v1s20x0050274_ses-1 --trglabel ./rh.BA4p_exvivo.label --hemi rh --regmethod surface 


srclabel = /out/sourcedata/freesurfer/fsaverage/label/rh.BA4p_exvivo.label
srcsubject = fsaverage
trgsubject = sub-v1s20x0050274_ses-1
trglabel = ./rh.BA4p_exvivo.label
regmethod = surface

srchemi = rh
trghemi = rh
trgsurface = white
srcsurfreg = sphere.reg
trgsurfreg = sphere.reg
usehash = 1
Use ProjAbs  = 0, 0
Use ProjFrac = 0, 0
DoPaint 0

SUBJECTS_DIR    /out/sourcedata/freesurfer
FREESURFER_HOME /opt/freesurfer
Loading source label.
Found 4473 points in source label.
Starting surface-based mapping
Reading source registration 
 /out/sourcedata/freesurfer/fsaverage/surf/rh.sphere.reg
Rescaling ...  original radius = 100
Reading target surface 
 /out/sourcedata/freesurfer/sub-v1s20x0050274_ses-1/surf/rh.white
Reading target registration 
 /out/sourcedata/freesurfer/sub-v1s20x0050274_ses-1/surf/rh.sphere.reg
Rescaling ...  original radius = 100
Building target registration hash (res=16).
Building source registration hash (res=16).
INFO: found  4473 nlabel points
Performing mapping from target back to the source label 152756
Number of reverse mapping hits = 168
Checking for and removing duplicates
Writing label file ./rh.BA4p_exvivo.label 4641
mri_label2label: Done


 mri_label2label --srcsubject fsaverage --srclabel /out/sourcedata/freesurfer/fsaverage/label/rh.BA6_exvivo.label --trgsubject sub-v1s20x0050274_ses-1 --trglabel ./rh.BA6_exvivo.label --hemi rh --regmethod surface 


srclabel = /out/sourcedata/freesurfer/fsaverage/label/rh.BA6_exvivo.label
srcsubject = fsaverage
trgsubject = sub-v1s20x0050274_ses-1
trglabel = ./rh.BA6_exvivo.label
regmethod = surface

srchemi = rh
trghemi = rh
trgsurface = white
srcsurfreg = sphere.reg
trgsurfreg = sphere.reg
usehash = 1
Use ProjAbs  = 0, 0
Use ProjFrac = 0, 0
DoPaint 0

SUBJECTS_DIR    /out/sourcedata/freesurfer
FREESURFER_HOME /opt/freesurfer
Loading source label.
Found 12256 points in source label.
Starting surface-based mapping
Reading source registration 
 /out/sourcedata/freesurfer/fsaverage/surf/rh.sphere.reg
Rescaling ...  original radius = 100
Reading target surface 
 /out/sourcedata/freesurfer/sub-v1s20x0050274_ses-1/surf/rh.white
Reading target registration 
 /out/sourcedata/freesurfer/sub-v1s20x0050274_ses-1/surf/rh.sphere.reg
Rescaling ...  original radius = 100
Building target registration hash (res=16).
Building source registration hash (res=16).
INFO: found  12256 nlabel points
Performing mapping from target back to the source label 152756
Number of reverse mapping hits = 2670
Checking for and removing duplicates
Writing label file ./rh.BA6_exvivo.label 14926
mri_label2label: Done


 mri_label2label --srcsubject fsaverage --srclabel /out/sourcedata/freesurfer/fsaverage/label/rh.BA44_exvivo.label --trgsubject sub-v1s20x0050274_ses-1 --trglabel ./rh.BA44_exvivo.label --hemi rh --regmethod surface 


srclabel = /out/sourcedata/freesurfer/fsaverage/label/rh.BA44_exvivo.label
srcsubject = fsaverage
trgsubject = sub-v1s20x0050274_ses-1
trglabel = ./rh.BA44_exvivo.label
regmethod = surface

srchemi = rh
trghemi = rh
trgsurface = white
srcsurfreg = sphere.reg
trgsurfreg = sphere.reg
usehash = 1
Use ProjAbs  = 0, 0
Use ProjFrac = 0, 0
DoPaint 0

SUBJECTS_DIR    /out/sourcedata/freesurfer
FREESURFER_HOME /opt/freesurfer
Loading source label.
Found 6912 points in source label.
Starting surface-based mapping
Reading source registration 
 /out/sourcedata/freesurfer/fsaverage/surf/rh.sphere.reg
Rescaling ...  original radius = 100
Reading target surface 
 /out/sourcedata/freesurfer/sub-v1s20x0050274_ses-1/surf/rh.white
Reading target registration 
 /out/sourcedata/freesurfer/sub-v1s20x0050274_ses-1/surf/rh.sphere.reg
Rescaling ...  original radius = 100
Building target registration hash (res=16).
Building source registration hash (res=16).
INFO: found  6912 nlabel points
Performing mapping from target back to the source label 152756
Number of reverse mapping hits = 949
Checking for and removing duplicates
Writing label file ./rh.BA44_exvivo.label 7861
mri_label2label: Done


 mri_label2label --srcsubject fsaverage --srclabel /out/sourcedata/freesurfer/fsaverage/label/rh.BA45_exvivo.label --trgsubject sub-v1s20x0050274_ses-1 --trglabel ./rh.BA45_exvivo.label --hemi rh --regmethod surface 


srclabel = /out/sourcedata/freesurfer/fsaverage/label/rh.BA45_exvivo.label
srcsubject = fsaverage
trgsubject = sub-v1s20x0050274_ses-1
trglabel = ./rh.BA45_exvivo.label
regmethod = surface

srchemi = rh
trghemi = rh
trgsurface = white
srcsurfreg = sphere.reg
trgsurfreg = sphere.reg
usehash = 1
Use ProjAbs  = 0, 0
Use ProjFrac = 0, 0
DoPaint 0

SUBJECTS_DIR    /out/sourcedata/freesurfer
FREESURFER_HOME /opt/freesurfer
Loading source label.
Found 5355 points in source label.
Starting surface-based mapping
Reading source registration 
 /out/sourcedata/freesurfer/fsaverage/surf/rh.sphere.reg
Rescaling ...  original radius = 100
Reading target surface 
 /out/sourcedata/freesurfer/sub-v1s20x0050274_ses-1/surf/rh.white
Reading target registration 
 /out/sourcedata/freesurfer/sub-v1s20x0050274_ses-1/surf/rh.sphere.reg
Rescaling ...  original radius = 100
Building target registration hash (res=16).
Building source registration hash (res=16).
INFO: found  5355 nlabel points
Performing mapping from target back to the source label 152756
Number of reverse mapping hits = 1958
Checking for and removing duplicates
Writing label file ./rh.BA45_exvivo.label 7313
mri_label2label: Done


 mri_label2label --srcsubject fsaverage --srclabel /out/sourcedata/freesurfer/fsaverage/label/rh.V1_exvivo.label --trgsubject sub-v1s20x0050274_ses-1 --trglabel ./rh.V1_exvivo.label --hemi rh --regmethod surface 


srclabel = /out/sourcedata/freesurfer/fsaverage/label/rh.V1_exvivo.label
srcsubject = fsaverage
trgsubject = sub-v1s20x0050274_ses-1
trglabel = ./rh.V1_exvivo.label
regmethod = surface

srchemi = rh
trghemi = rh
trgsurface = white
srcsurfreg = sphere.reg
trgsurfreg = sphere.reg
usehash = 1
Use ProjAbs  = 0, 0
Use ProjFrac = 0, 0
DoPaint 0

SUBJECTS_DIR    /out/sourcedata/freesurfer
FREESURFER_HOME /opt/freesurfer
Loading source label.
Found 4727 points in source label.
Starting surface-based mapping
Reading source registration 
 /out/sourcedata/freesurfer/fsaverage/surf/rh.sphere.reg
Rescaling ...  original radius = 100
Reading target surface 
 /out/sourcedata/freesurfer/sub-v1s20x0050274_ses-1/surf/rh.white
Reading target registration 
 /out/sourcedata/freesurfer/sub-v1s20x0050274_ses-1/surf/rh.sphere.reg
Rescaling ...  original radius = 100
Building target registration hash (res=16).
Building source registration hash (res=16).
INFO: found  4727 nlabel points
Performing mapping from target back to the source label 152756
Number of reverse mapping hits = 1583
Checking for and removing duplicates
Writing label file ./rh.V1_exvivo.label 6310
mri_label2label: Done


 mri_label2label --srcsubject fsaverage --srclabel /out/sourcedata/freesurfer/fsaverage/label/rh.V2_exvivo.label --trgsubject sub-v1s20x0050274_ses-1 --trglabel ./rh.V2_exvivo.label --hemi rh --regmethod surface 


srclabel = /out/sourcedata/freesurfer/fsaverage/label/rh.V2_exvivo.label
srcsubject = fsaverage
trgsubject = sub-v1s20x0050274_ses-1
trglabel = ./rh.V2_exvivo.label
regmethod = surface

srchemi = rh
trghemi = rh
trgsurface = white
srcsurfreg = sphere.reg
trgsurfreg = sphere.reg
usehash = 1
Use ProjAbs  = 0, 0
Use ProjFrac = 0, 0
DoPaint 0

SUBJECTS_DIR    /out/sourcedata/freesurfer
FREESURFER_HOME /opt/freesurfer
Loading source label.
Found 8016 points in source label.
Starting surface-based mapping
Reading source registration 
 /out/sourcedata/freesurfer/fsaverage/surf/rh.sphere.reg
Rescaling ...  original radius = 100
Reading target surface 
 /out/sourcedata/freesurfer/sub-v1s20x0050274_ses-1/surf/rh.white
Reading target registration 
 /out/sourcedata/freesurfer/sub-v1s20x0050274_ses-1/surf/rh.sphere.reg
Rescaling ...  original radius = 100
Building target registration hash (res=16).
Building source registration hash (res=16).
INFO: found  8016 nlabel points
Performing mapping from target back to the source label 152756
Number of reverse mapping hits = 2367
Checking for and removing duplicates
Writing label file ./rh.V2_exvivo.label 10383
mri_label2label: Done


 mri_label2label --srcsubject fsaverage --srclabel /out/sourcedata/freesurfer/fsaverage/label/rh.MT_exvivo.label --trgsubject sub-v1s20x0050274_ses-1 --trglabel ./rh.MT_exvivo.label --hemi rh --regmethod surface 


srclabel = /out/sourcedata/freesurfer/fsaverage/label/rh.MT_exvivo.label
srcsubject = fsaverage
trgsubject = sub-v1s20x0050274_ses-1
trglabel = ./rh.MT_exvivo.label
regmethod = surface

srchemi = rh
trghemi = rh
trgsurface = white
srcsurfreg = sphere.reg
trgsurfreg = sphere.reg
usehash = 1
Use ProjAbs  = 0, 0
Use ProjFrac = 0, 0
DoPaint 0

SUBJECTS_DIR    /out/sourcedata/freesurfer
FREESURFER_HOME /opt/freesurfer
Loading source label.
Found 1932 points in source label.
Starting surface-based mapping
Reading source registration 
 /out/sourcedata/freesurfer/fsaverage/surf/rh.sphere.reg
Rescaling ...  original radius = 100
Reading target surface 
 /out/sourcedata/freesurfer/sub-v1s20x0050274_ses-1/surf/rh.white
Reading target registration 
 /out/sourcedata/freesurfer/sub-v1s20x0050274_ses-1/surf/rh.sphere.reg
Rescaling ...  original radius = 100
Building target registration hash (res=16).
Building source registration hash (res=16).
INFO: found  1932 nlabel points
Performing mapping from target back to the source label 152756
Number of reverse mapping hits = 209
Checking for and removing duplicates
Writing label file ./rh.MT_exvivo.label 2141
mri_label2label: Done


 mri_label2label --srcsubject fsaverage --srclabel /out/sourcedata/freesurfer/fsaverage/label/rh.entorhinal_exvivo.label --trgsubject sub-v1s20x0050274_ses-1 --trglabel ./rh.entorhinal_exvivo.label --hemi rh --regmethod surface 


srclabel = /out/sourcedata/freesurfer/fsaverage/label/rh.entorhinal_exvivo.label
srcsubject = fsaverage
trgsubject = sub-v1s20x0050274_ses-1
trglabel = ./rh.entorhinal_exvivo.label
regmethod = surface

srchemi = rh
trghemi = rh
trgsurface = white
srcsurfreg = sphere.reg
trgsurfreg = sphere.reg
usehash = 1
Use ProjAbs  = 0, 0
Use ProjFrac = 0, 0
DoPaint 0

SUBJECTS_DIR    /out/sourcedata/freesurfer
FREESURFER_HOME /opt/freesurfer
Loading source label.
Found 1038 points in source label.
Starting surface-based mapping
Reading source registration 
 /out/sourcedata/freesurfer/fsaverage/surf/rh.sphere.reg
Rescaling ...  original radius = 100
Reading target surface 
 /out/sourcedata/freesurfer/sub-v1s20x0050274_ses-1/surf/rh.white
Reading target registration 
 /out/sourcedata/freesurfer/sub-v1s20x0050274_ses-1/surf/rh.sphere.reg
Rescaling ...  original radius = 100
Building target registration hash (res=16).
Building source registration hash (res=16).
INFO: found  1038 nlabel points
Performing mapping from target back to the source label 152756
Number of reverse mapping hits = 390
Checking for and removing duplicates
Writing label file ./rh.entorhinal_exvivo.label 1428
mri_label2label: Done


 mri_label2label --srcsubject fsaverage --srclabel /out/sourcedata/freesurfer/fsaverage/label/rh.perirhinal_exvivo.label --trgsubject sub-v1s20x0050274_ses-1 --trglabel ./rh.perirhinal_exvivo.label --hemi rh --regmethod surface 


srclabel = /out/sourcedata/freesurfer/fsaverage/label/rh.perirhinal_exvivo.label
srcsubject = fsaverage
trgsubject = sub-v1s20x0050274_ses-1
trglabel = ./rh.perirhinal_exvivo.label
regmethod = surface

srchemi = rh
trghemi = rh
trgsurface = white
srcsurfreg = sphere.reg
trgsurfreg = sphere.reg
usehash = 1
Use ProjAbs  = 0, 0
Use ProjFrac = 0, 0
DoPaint 0

SUBJECTS_DIR    /out/sourcedata/freesurfer
FREESURFER_HOME /opt/freesurfer
Loading source label.
Found 752 points in source label.
Starting surface-based mapping
Reading source registration 
 /out/sourcedata/freesurfer/fsaverage/surf/rh.sphere.reg
Rescaling ...  original radius = 100
Reading target surface 
 /out/sourcedata/freesurfer/sub-v1s20x0050274_ses-1/surf/rh.white
Reading target registration 
 /out/sourcedata/freesurfer/sub-v1s20x0050274_ses-1/surf/rh.sphere.reg
Rescaling ...  original radius = 100
Building target registration hash (res=16).
Building source registration hash (res=16).
INFO: found  752 nlabel points
Performing mapping from target back to the source label 152756
Number of reverse mapping hits = 237
Checking for and removing duplicates
Writing label file ./rh.perirhinal_exvivo.label 989
mri_label2label: Done


 mri_label2label --srcsubject fsaverage --srclabel /out/sourcedata/freesurfer/fsaverage/label/rh.FG1.mpm.vpnl.label --trgsubject sub-v1s20x0050274_ses-1 --trglabel ./rh.FG1.mpm.vpnl.label --hemi rh --regmethod surface 


srclabel = /out/sourcedata/freesurfer/fsaverage/label/rh.FG1.mpm.vpnl.label
srcsubject = fsaverage
trgsubject = sub-v1s20x0050274_ses-1
trglabel = ./rh.FG1.mpm.vpnl.label
regmethod = surface

srchemi = rh
trghemi = rh
trgsurface = white
srcsurfreg = sphere.reg
trgsurfreg = sphere.reg
usehash = 1
Use ProjAbs  = 0, 0
Use ProjFrac = 0, 0
DoPaint 0

SUBJECTS_DIR    /out/sourcedata/freesurfer
FREESURFER_HOME /opt/freesurfer
Loading source label.
Found 541 points in source label.
Starting surface-based mapping
Reading source registration 
 /out/sourcedata/freesurfer/fsaverage/surf/rh.sphere.reg
Rescaling ...  original radius = 100
Reading target surface 
 /out/sourcedata/freesurfer/sub-v1s20x0050274_ses-1/surf/rh.white
Reading target registration 
 /out/sourcedata/freesurfer/sub-v1s20x0050274_ses-1/surf/rh.sphere.reg
Rescaling ...  original radius = 100
Building target registration hash (res=16).
Building source registration hash (res=16).
INFO: found  541 nlabel points
Performing mapping from target back to the source label 152756
Number of reverse mapping hits = 186
Checking for and removing duplicates
Writing label file ./rh.FG1.mpm.vpnl.label 727
mri_label2label: Done


 mri_label2label --srcsubject fsaverage --srclabel /out/sourcedata/freesurfer/fsaverage/label/rh.FG2.mpm.vpnl.label --trgsubject sub-v1s20x0050274_ses-1 --trglabel ./rh.FG2.mpm.vpnl.label --hemi rh --regmethod surface 


srclabel = /out/sourcedata/freesurfer/fsaverage/label/rh.FG2.mpm.vpnl.label
srcsubject = fsaverage
trgsubject = sub-v1s20x0050274_ses-1
trglabel = ./rh.FG2.mpm.vpnl.label
regmethod = surface

srchemi = rh
trghemi = rh
trgsurface = white
srcsurfreg = sphere.reg
trgsurfreg = sphere.reg
usehash = 1
Use ProjAbs  = 0, 0
Use ProjFrac = 0, 0
DoPaint 0

SUBJECTS_DIR    /out/sourcedata/freesurfer
FREESURFER_HOME /opt/freesurfer
Loading source label.
Found 721 points in source label.
Starting surface-based mapping
Reading source registration 
 /out/sourcedata/freesurfer/fsaverage/surf/rh.sphere.reg
Rescaling ...  original radius = 100
Reading target surface 
 /out/sourcedata/freesurfer/sub-v1s20x0050274_ses-1/surf/rh.white
Reading target registration 
 /out/sourcedata/freesurfer/sub-v1s20x0050274_ses-1/surf/rh.sphere.reg
Rescaling ...  original radius = 100
Building target registration hash (res=16).
Building source registration hash (res=16).
INFO: found  721 nlabel points
Performing mapping from target back to the source label 152756
Number of reverse mapping hits = 223
Checking for and removing duplicates
Writing label file ./rh.FG2.mpm.vpnl.label 944
mri_label2label: Done


 mri_label2label --srcsubject fsaverage --srclabel /out/sourcedata/freesurfer/fsaverage/label/rh.FG3.mpm.vpnl.label --trgsubject sub-v1s20x0050274_ses-1 --trglabel ./rh.FG3.mpm.vpnl.label --hemi rh --regmethod surface 


srclabel = /out/sourcedata/freesurfer/fsaverage/label/rh.FG3.mpm.vpnl.label
srcsubject = fsaverage
trgsubject = sub-v1s20x0050274_ses-1
trglabel = ./rh.FG3.mpm.vpnl.label
regmethod = surface

srchemi = rh
trghemi = rh
trgsurface = white
srcsurfreg = sphere.reg
trgsurfreg = sphere.reg
usehash = 1
Use ProjAbs  = 0, 0
Use ProjFrac = 0, 0
DoPaint 0

SUBJECTS_DIR    /out/sourcedata/freesurfer
FREESURFER_HOME /opt/freesurfer
Loading source label.
Found 1523 points in source label.
Starting surface-based mapping
Reading source registration 
 /out/sourcedata/freesurfer/fsaverage/surf/rh.sphere.reg
Rescaling ...  original radius = 100
Reading target surface 
 /out/sourcedata/freesurfer/sub-v1s20x0050274_ses-1/surf/rh.white
Reading target registration 
 /out/sourcedata/freesurfer/sub-v1s20x0050274_ses-1/surf/rh.sphere.reg
Rescaling ...  original radius = 100
Building target registration hash (res=16).
Building source registration hash (res=16).
INFO: found  1523 nlabel points
Performing mapping from target back to the source label 152756
Number of reverse mapping hits = 284
Checking for and removing duplicates
Writing label file ./rh.FG3.mpm.vpnl.label 1807
mri_label2label: Done


 mri_label2label --srcsubject fsaverage --srclabel /out/sourcedata/freesurfer/fsaverage/label/rh.FG4.mpm.vpnl.label --trgsubject sub-v1s20x0050274_ses-1 --trglabel ./rh.FG4.mpm.vpnl.label --hemi rh --regmethod surface 


srclabel = /out/sourcedata/freesurfer/fsaverage/label/rh.FG4.mpm.vpnl.label
srcsubject = fsaverage
trgsubject = sub-v1s20x0050274_ses-1
trglabel = ./rh.FG4.mpm.vpnl.label
regmethod = surface

srchemi = rh
trghemi = rh
trgsurface = white
srcsurfreg = sphere.reg
trgsurfreg = sphere.reg
usehash = 1
Use ProjAbs  = 0, 0
Use ProjFrac = 0, 0
DoPaint 0

SUBJECTS_DIR    /out/sourcedata/freesurfer
FREESURFER_HOME /opt/freesurfer
Loading source label.
Found 1586 points in source label.
Starting surface-based mapping
Reading source registration 
 /out/sourcedata/freesurfer/fsaverage/surf/rh.sphere.reg
Rescaling ...  original radius = 100
Reading target surface 
 /out/sourcedata/freesurfer/sub-v1s20x0050274_ses-1/surf/rh.white
Reading target registration 
 /out/sourcedata/freesurfer/sub-v1s20x0050274_ses-1/surf/rh.sphere.reg
Rescaling ...  original radius = 100
Building target registration hash (res=16).
Building source registration hash (res=16).
INFO: found  1586 nlabel points
Performing mapping from target back to the source label 152756
Number of reverse mapping hits = 592
Checking for and removing duplicates
Writing label file ./rh.FG4.mpm.vpnl.label 2178
mri_label2label: Done


 mri_label2label --srcsubject fsaverage --srclabel /out/sourcedata/freesurfer/fsaverage/label/rh.hOc1.mpm.vpnl.label --trgsubject sub-v1s20x0050274_ses-1 --trglabel ./rh.hOc1.mpm.vpnl.label --hemi rh --regmethod surface 


srclabel = /out/sourcedata/freesurfer/fsaverage/label/rh.hOc1.mpm.vpnl.label
srcsubject = fsaverage
trgsubject = sub-v1s20x0050274_ses-1
trglabel = ./rh.hOc1.mpm.vpnl.label
regmethod = surface

srchemi = rh
trghemi = rh
trgsurface = white
srcsurfreg = sphere.reg
trgsurfreg = sphere.reg
usehash = 1
Use ProjAbs  = 0, 0
Use ProjFrac = 0, 0
DoPaint 0

SUBJECTS_DIR    /out/sourcedata/freesurfer
FREESURFER_HOME /opt/freesurfer
Loading source label.
Found 3667 points in source label.
Starting surface-based mapping
Reading source registration 
 /out/sourcedata/freesurfer/fsaverage/surf/rh.sphere.reg
Rescaling ...  original radius = 100
Reading target surface 
 /out/sourcedata/freesurfer/sub-v1s20x0050274_ses-1/surf/rh.white
Reading target registration 
 /out/sourcedata/freesurfer/sub-v1s20x0050274_ses-1/surf/rh.sphere.reg
Rescaling ...  original radius = 100
Building target registration hash (res=16).
Building source registration hash (res=16).
INFO: found  3667 nlabel points
Performing mapping from target back to the source label 152756
Number of reverse mapping hits = 1268
Checking for and removing duplicates
Writing label file ./rh.hOc1.mpm.vpnl.label 4935
mri_label2label: Done


 mri_label2label --srcsubject fsaverage --srclabel /out/sourcedata/freesurfer/fsaverage/label/rh.hOc2.mpm.vpnl.label --trgsubject sub-v1s20x0050274_ses-1 --trglabel ./rh.hOc2.mpm.vpnl.label --hemi rh --regmethod surface 


srclabel = /out/sourcedata/freesurfer/fsaverage/label/rh.hOc2.mpm.vpnl.label
srcsubject = fsaverage
trgsubject = sub-v1s20x0050274_ses-1
trglabel = ./rh.hOc2.mpm.vpnl.label
regmethod = surface

srchemi = rh
trghemi = rh
trgsurface = white
srcsurfreg = sphere.reg
trgsurfreg = sphere.reg
usehash = 1
Use ProjAbs  = 0, 0
Use ProjFrac = 0, 0
DoPaint 0

SUBJECTS_DIR    /out/sourcedata/freesurfer
FREESURFER_HOME /opt/freesurfer
Loading source label.
Found 2719 points in source label.
Starting surface-based mapping
Reading source registration 
 /out/sourcedata/freesurfer/fsaverage/surf/rh.sphere.reg
Rescaling ...  original radius = 100
Reading target surface 
 /out/sourcedata/freesurfer/sub-v1s20x0050274_ses-1/surf/rh.white
Reading target registration 
 /out/sourcedata/freesurfer/sub-v1s20x0050274_ses-1/surf/rh.sphere.reg
Rescaling ...  original radius = 100
Building target registration hash (res=16).
Building source registration hash (res=16).
INFO: found  2719 nlabel points
Performing mapping from target back to the source label 152756
Number of reverse mapping hits = 953
Checking for and removing duplicates
Writing label file ./rh.hOc2.mpm.vpnl.label 3672
mri_label2label: Done


 mri_label2label --srcsubject fsaverage --srclabel /out/sourcedata/freesurfer/fsaverage/label/rh.hOc3v.mpm.vpnl.label --trgsubject sub-v1s20x0050274_ses-1 --trglabel ./rh.hOc3v.mpm.vpnl.label --hemi rh --regmethod surface 


srclabel = /out/sourcedata/freesurfer/fsaverage/label/rh.hOc3v.mpm.vpnl.label
srcsubject = fsaverage
trgsubject = sub-v1s20x0050274_ses-1
trglabel = ./rh.hOc3v.mpm.vpnl.label
regmethod = surface

srchemi = rh
trghemi = rh
trgsurface = white
srcsurfreg = sphere.reg
trgsurfreg = sphere.reg
usehash = 1
Use ProjAbs  = 0, 0
Use ProjFrac = 0, 0
DoPaint 0

SUBJECTS_DIR    /out/sourcedata/freesurfer
FREESURFER_HOME /opt/freesurfer
Loading source label.
Found 1228 points in source label.
Starting surface-based mapping
Reading source registration 
 /out/sourcedata/freesurfer/fsaverage/surf/rh.sphere.reg
Rescaling ...  original radius = 100
Reading target surface 
 /out/sourcedata/freesurfer/sub-v1s20x0050274_ses-1/surf/rh.white
Reading target registration 
 /out/sourcedata/freesurfer/sub-v1s20x0050274_ses-1/surf/rh.sphere.reg
Rescaling ...  original radius = 100
Building target registration hash (res=16).
Building source registration hash (res=16).
INFO: found  1228 nlabel points
Performing mapping from target back to the source label 152756
Number of reverse mapping hits = 300
Checking for and removing duplicates
Writing label file ./rh.hOc3v.mpm.vpnl.label 1528
mri_label2label: Done


 mri_label2label --srcsubject fsaverage --srclabel /out/sourcedata/freesurfer/fsaverage/label/rh.hOc4v.mpm.vpnl.label --trgsubject sub-v1s20x0050274_ses-1 --trglabel ./rh.hOc4v.mpm.vpnl.label --hemi rh --regmethod surface 


srclabel = /out/sourcedata/freesurfer/fsaverage/label/rh.hOc4v.mpm.vpnl.label
srcsubject = fsaverage
trgsubject = sub-v1s20x0050274_ses-1
trglabel = ./rh.hOc4v.mpm.vpnl.label
regmethod = surface

srchemi = rh
trghemi = rh
trgsurface = white
srcsurfreg = sphere.reg
trgsurfreg = sphere.reg
usehash = 1
Use ProjAbs  = 0, 0
Use ProjFrac = 0, 0
DoPaint 0

SUBJECTS_DIR    /out/sourcedata/freesurfer
FREESURFER_HOME /opt/freesurfer
Loading source label.
Found 1025 points in source label.
Starting surface-based mapping
Reading source registration 
 /out/sourcedata/freesurfer/fsaverage/surf/rh.sphere.reg
Rescaling ...  original radius = 100
Reading target surface 
 /out/sourcedata/freesurfer/sub-v1s20x0050274_ses-1/surf/rh.white
Reading target registration 
 /out/sourcedata/freesurfer/sub-v1s20x0050274_ses-1/surf/rh.sphere.reg
Rescaling ...  original radius = 100
Building target registration hash (res=16).
Building source registration hash (res=16).
INFO: found  1025 nlabel points
Performing mapping from target back to the source label 152756
Number of reverse mapping hits = 217
Checking for and removing duplicates
Writing label file ./rh.hOc4v.mpm.vpnl.label 1242
mri_label2label: Done


 mris_label2annot --s sub-v1s20x0050274_ses-1 --ctab /opt/freesurfer/average/colortable_vpnl.txt --hemi rh --a mpm.vpnl --maxstatwinner --noverbose --l rh.FG1.mpm.vpnl.label --l rh.FG2.mpm.vpnl.label --l rh.FG3.mpm.vpnl.label --l rh.FG4.mpm.vpnl.label --l rh.hOc1.mpm.vpnl.label --l rh.hOc2.mpm.vpnl.label --l rh.hOc3v.mpm.vpnl.label --l rh.hOc4v.mpm.vpnl.label 

Reading ctab /opt/freesurfer/average/colortable_vpnl.txt
Number of ctab entries 9

7.3.2
cwd /out/sourcedata/freesurfer/sub-v1s20x0050274_ses-1/label
cmdline mris_label2annot --s sub-v1s20x0050274_ses-1 --ctab /opt/freesurfer/average/colortable_vpnl.txt --hemi rh --a mpm.vpnl --maxstatwinner --noverbose --l rh.FG1.mpm.vpnl.label --l rh.FG2.mpm.vpnl.label --l rh.FG3.mpm.vpnl.label --l rh.FG4.mpm.vpnl.label --l rh.hOc1.mpm.vpnl.label --l rh.hOc2.mpm.vpnl.label --l rh.hOc3v.mpm.vpnl.label --l rh.hOc4v.mpm.vpnl.label 
sysname  Linux
hostname dna056
machine  x86_64
user     oesteban

subject sub-v1s20x0050274_ses-1
hemi    rh
SUBJECTS_DIR /out/sourcedata/freesurfer
ColorTable /opt/freesurfer/average/colortable_vpnl.txt
AnnotName  mpm.vpnl
nlables 8
LabelThresh 0 0.000000
Loading /out/sourcedata/freesurfer/sub-v1s20x0050274_ses-1/surf/rh.orig
 1 1376057 FG1
 2 16711935 FG2
 3 16711680 FG3
 4 1705837 FG4
 5 25600 hOc1
 6 255 hOc2
 7 16776960 hOc3v
 8 65535 hOc4v
Mapping unhit to unknown
Found 136668 unhit vertices
Writing annot to /out/sourcedata/freesurfer/sub-v1s20x0050274_ses-1/label/rh.mpm.vpnl.annot

 mri_label2label --srcsubject fsaverage --srclabel /out/sourcedata/freesurfer/fsaverage/label/rh.BA1_exvivo.thresh.label --trgsubject sub-v1s20x0050274_ses-1 --trglabel ./rh.BA1_exvivo.thresh.label --hemi rh --regmethod surface 


srclabel = /out/sourcedata/freesurfer/fsaverage/label/rh.BA1_exvivo.thresh.label
srcsubject = fsaverage
trgsubject = sub-v1s20x0050274_ses-1
trglabel = ./rh.BA1_exvivo.thresh.label
regmethod = surface

srchemi = rh
trghemi = rh
trgsurface = white
srcsurfreg = sphere.reg
trgsurfreg = sphere.reg
usehash = 1
Use ProjAbs  = 0, 0
Use ProjFrac = 0, 0
DoPaint 0

SUBJECTS_DIR    /out/sourcedata/freesurfer
FREESURFER_HOME /opt/freesurfer
Loading source label.
Found 876 points in source label.
Starting surface-based mapping
Reading source registration 
 /out/sourcedata/freesurfer/fsaverage/surf/rh.sphere.reg
Rescaling ...  original radius = 100
Reading target surface 
 /out/sourcedata/freesurfer/sub-v1s20x0050274_ses-1/surf/rh.white
Reading target registration 
 /out/sourcedata/freesurfer/sub-v1s20x0050274_ses-1/surf/rh.sphere.reg
Rescaling ...  original radius = 100
Building target registration hash (res=16).
Building source registration hash (res=16).
INFO: found  876 nlabel points
Performing mapping from target back to the source label 152756
Number of reverse mapping hits = 39
Checking for and removing duplicates
Writing label file ./rh.BA1_exvivo.thresh.label 915
mri_label2label: Done


 mri_label2label --srcsubject fsaverage --srclabel /out/sourcedata/freesurfer/fsaverage/label/rh.BA2_exvivo.thresh.label --trgsubject sub-v1s20x0050274_ses-1 --trglabel ./rh.BA2_exvivo.thresh.label --hemi rh --regmethod surface 


srclabel = /out/sourcedata/freesurfer/fsaverage/label/rh.BA2_exvivo.thresh.label
srcsubject = fsaverage
trgsubject = sub-v1s20x0050274_ses-1
trglabel = ./rh.BA2_exvivo.thresh.label
regmethod = surface

srchemi = rh
trghemi = rh
trgsurface = white
srcsurfreg = sphere.reg
trgsurfreg = sphere.reg
usehash = 1
Use ProjAbs  = 0, 0
Use ProjFrac = 0, 0
DoPaint 0

SUBJECTS_DIR    /out/sourcedata/freesurfer
FREESURFER_HOME /opt/freesurfer
Loading source label.
Found 2688 points in source label.
Starting surface-based mapping
Reading source registration 
 /out/sourcedata/freesurfer/fsaverage/surf/rh.sphere.reg
Rescaling ...  original radius = 100
Reading target surface 
 /out/sourcedata/freesurfer/sub-v1s20x0050274_ses-1/surf/rh.white
Reading target registration 
 /out/sourcedata/freesurfer/sub-v1s20x0050274_ses-1/surf/rh.sphere.reg
Rescaling ...  original radius = 100
Building target registration hash (res=16).
Building source registration hash (res=16).
INFO: found  2688 nlabel points
Performing mapping from target back to the source label 152756
Number of reverse mapping hits = 60
Checking for and removing duplicates
Writing label file ./rh.BA2_exvivo.thresh.label 2748
mri_label2label: Done


 mri_label2label --srcsubject fsaverage --srclabel /out/sourcedata/freesurfer/fsaverage/label/rh.BA3a_exvivo.thresh.label --trgsubject sub-v1s20x0050274_ses-1 --trglabel ./rh.BA3a_exvivo.thresh.label --hemi rh --regmethod surface 


srclabel = /out/sourcedata/freesurfer/fsaverage/label/rh.BA3a_exvivo.thresh.label
srcsubject = fsaverage
trgsubject = sub-v1s20x0050274_ses-1
trglabel = ./rh.BA3a_exvivo.thresh.label
regmethod = surface

srchemi = rh
trghemi = rh
trgsurface = white
srcsurfreg = sphere.reg
trgsurfreg = sphere.reg
usehash = 1
Use ProjAbs  = 0, 0
Use ProjFrac = 0, 0
DoPaint 0

SUBJECTS_DIR    /out/sourcedata/freesurfer
FREESURFER_HOME /opt/freesurfer
Loading source label.
Found 1698 points in source label.
Starting surface-based mapping
Reading source registration 
 /out/sourcedata/freesurfer/fsaverage/surf/rh.sphere.reg
Rescaling ...  original radius = 100
Reading target surface 
 /out/sourcedata/freesurfer/sub-v1s20x0050274_ses-1/surf/rh.white
Reading target registration 
 /out/sourcedata/freesurfer/sub-v1s20x0050274_ses-1/surf/rh.sphere.reg
Rescaling ...  original radius = 100
Building target registration hash (res=16).
Building source registration hash (res=16).
INFO: found  1698 nlabel points
Performing mapping from target back to the source label 152756
Number of reverse mapping hits = 18
Checking for and removing duplicates
Writing label file ./rh.BA3a_exvivo.thresh.label 1716
mri_label2label: Done


 mri_label2label --srcsubject fsaverage --srclabel /out/sourcedata/freesurfer/fsaverage/label/rh.BA3b_exvivo.thresh.label --trgsubject sub-v1s20x0050274_ses-1 --trglabel ./rh.BA3b_exvivo.thresh.label --hemi rh --regmethod surface 


srclabel = /out/sourcedata/freesurfer/fsaverage/label/rh.BA3b_exvivo.thresh.label
srcsubject = fsaverage
trgsubject = sub-v1s20x0050274_ses-1
trglabel = ./rh.BA3b_exvivo.thresh.label
regmethod = surface

srchemi = rh
trghemi = rh
trgsurface = white
srcsurfreg = sphere.reg
trgsurfreg = sphere.reg
usehash = 1
Use ProjAbs  = 0, 0
Use ProjFrac = 0, 0
DoPaint 0

SUBJECTS_DIR    /out/sourcedata/freesurfer
FREESURFER_HOME /opt/freesurfer
Loading source label.
Found 2183 points in source label.
Starting surface-based mapping
Reading source registration 
 /out/sourcedata/freesurfer/fsaverage/surf/rh.sphere.reg
Rescaling ...  original radius = 100
Reading target surface 
 /out/sourcedata/freesurfer/sub-v1s20x0050274_ses-1/surf/rh.white
Reading target registration 
 /out/sourcedata/freesurfer/sub-v1s20x0050274_ses-1/surf/rh.sphere.reg
Rescaling ...  original radius = 100
Building target registration hash (res=16).
Building source registration hash (res=16).
INFO: found  2183 nlabel points
Performing mapping from target back to the source label 152756
Number of reverse mapping hits = 46
Checking for and removing duplicates
Writing label file ./rh.BA3b_exvivo.thresh.label 2229
mri_label2label: Done


 mri_label2label --srcsubject fsaverage --srclabel /out/sourcedata/freesurfer/fsaverage/label/rh.BA4a_exvivo.thresh.label --trgsubject sub-v1s20x0050274_ses-1 --trglabel ./rh.BA4a_exvivo.thresh.label --hemi rh --regmethod surface 


srclabel = /out/sourcedata/freesurfer/fsaverage/label/rh.BA4a_exvivo.thresh.label
srcsubject = fsaverage
trgsubject = sub-v1s20x0050274_ses-1
trglabel = ./rh.BA4a_exvivo.thresh.label
regmethod = surface

srchemi = rh
trghemi = rh
trgsurface = white
srcsurfreg = sphere.reg
trgsurfreg = sphere.reg
usehash = 1
Use ProjAbs  = 0, 0
Use ProjFrac = 0, 0
DoPaint 0

SUBJECTS_DIR    /out/sourcedata/freesurfer
FREESURFER_HOME /opt/freesurfer
Loading source label.
Found 1388 points in source label.
Starting surface-based mapping
Reading source registration 
 /out/sourcedata/freesurfer/fsaverage/surf/rh.sphere.reg
Rescaling ...  original radius = 100
Reading target surface 
 /out/sourcedata/freesurfer/sub-v1s20x0050274_ses-1/surf/rh.white
Reading target registration 
 /out/sourcedata/freesurfer/sub-v1s20x0050274_ses-1/surf/rh.sphere.reg
Rescaling ...  original radius = 100
Building target registration hash (res=16).
Building source registration hash (res=16).
INFO: found  1388 nlabel points
Performing mapping from target back to the source label 152756
Number of reverse mapping hits = 136
Checking for and removing duplicates
Writing label file ./rh.BA4a_exvivo.thresh.label 1524
mri_label2label: Done


 mri_label2label --srcsubject fsaverage --srclabel /out/sourcedata/freesurfer/fsaverage/label/rh.BA4p_exvivo.thresh.label --trgsubject sub-v1s20x0050274_ses-1 --trglabel ./rh.BA4p_exvivo.thresh.label --hemi rh --regmethod surface 


srclabel = /out/sourcedata/freesurfer/fsaverage/label/rh.BA4p_exvivo.thresh.label
srcsubject = fsaverage
trgsubject = sub-v1s20x0050274_ses-1
trglabel = ./rh.BA4p_exvivo.thresh.label
regmethod = surface

srchemi = rh
trghemi = rh
trgsurface = white
srcsurfreg = sphere.reg
trgsurfreg = sphere.reg
usehash = 1
Use ProjAbs  = 0, 0
Use ProjFrac = 0, 0
DoPaint 0

SUBJECTS_DIR    /out/sourcedata/freesurfer
FREESURFER_HOME /opt/freesurfer
Loading source label.
Found 1489 points in source label.
Starting surface-based mapping
Reading source registration 
 /out/sourcedata/freesurfer/fsaverage/surf/rh.sphere.reg
Rescaling ...  original radius = 100
Reading target surface 
 /out/sourcedata/freesurfer/sub-v1s20x0050274_ses-1/surf/rh.white
Reading target registration 
 /out/sourcedata/freesurfer/sub-v1s20x0050274_ses-1/surf/rh.sphere.reg
Rescaling ...  original radius = 100
Building target registration hash (res=16).
Building source registration hash (res=16).
INFO: found  1489 nlabel points
Performing mapping from target back to the source label 152756
Number of reverse mapping hits = 48
Checking for and removing duplicates
Writing label file ./rh.BA4p_exvivo.thresh.label 1537
mri_label2label: Done


 mri_label2label --srcsubject fsaverage --srclabel /out/sourcedata/freesurfer/fsaverage/label/rh.BA6_exvivo.thresh.label --trgsubject sub-v1s20x0050274_ses-1 --trglabel ./rh.BA6_exvivo.thresh.label --hemi rh --regmethod surface 


srclabel = /out/sourcedata/freesurfer/fsaverage/label/rh.BA6_exvivo.thresh.label
srcsubject = fsaverage
trgsubject = sub-v1s20x0050274_ses-1
trglabel = ./rh.BA6_exvivo.thresh.label
regmethod = surface

srchemi = rh
trghemi = rh
trgsurface = white
srcsurfreg = sphere.reg
trgsurfreg = sphere.reg
usehash = 1
Use ProjAbs  = 0, 0
Use ProjFrac = 0, 0
DoPaint 0

SUBJECTS_DIR    /out/sourcedata/freesurfer
FREESURFER_HOME /opt/freesurfer
Loading source label.
Found 6959 points in source label.
Starting surface-based mapping
Reading source registration 
 /out/sourcedata/freesurfer/fsaverage/surf/rh.sphere.reg
Rescaling ...  original radius = 100
Reading target surface 
 /out/sourcedata/freesurfer/sub-v1s20x0050274_ses-1/surf/rh.white
Reading target registration 
 /out/sourcedata/freesurfer/sub-v1s20x0050274_ses-1/surf/rh.sphere.reg
Rescaling ...  original radius = 100
Building target registration hash (res=16).
Building source registration hash (res=16).
INFO: found  6959 nlabel points
Performing mapping from target back to the source label 152756
Number of reverse mapping hits = 1716
Checking for and removing duplicates
Writing label file ./rh.BA6_exvivo.thresh.label 8675
mri_label2label: Done


 mri_label2label --srcsubject fsaverage --srclabel /out/sourcedata/freesurfer/fsaverage/label/rh.BA44_exvivo.thresh.label --trgsubject sub-v1s20x0050274_ses-1 --trglabel ./rh.BA44_exvivo.thresh.label --hemi rh --regmethod surface 


srclabel = /out/sourcedata/freesurfer/fsaverage/label/rh.BA44_exvivo.thresh.label
srcsubject = fsaverage
trgsubject = sub-v1s20x0050274_ses-1
trglabel = ./rh.BA44_exvivo.thresh.label
regmethod = surface

srchemi = rh
trghemi = rh
trgsurface = white
srcsurfreg = sphere.reg
trgsurfreg = sphere.reg
usehash = 1
Use ProjAbs  = 0, 0
Use ProjFrac = 0, 0
DoPaint 0

SUBJECTS_DIR    /out/sourcedata/freesurfer
FREESURFER_HOME /opt/freesurfer
Loading source label.
Found 1012 points in source label.
Starting surface-based mapping
Reading source registration 
 /out/sourcedata/freesurfer/fsaverage/surf/rh.sphere.reg
Rescaling ...  original radius = 100
Reading target surface 
 /out/sourcedata/freesurfer/sub-v1s20x0050274_ses-1/surf/rh.white
Reading target registration 
 /out/sourcedata/freesurfer/sub-v1s20x0050274_ses-1/surf/rh.sphere.reg
Rescaling ...  original radius = 100
Building target registration hash (res=16).
Building source registration hash (res=16).
INFO: found  1012 nlabel points
Performing mapping from target back to the source label 152756
Number of reverse mapping hits = 150
Checking for and removing duplicates
Writing label file ./rh.BA44_exvivo.thresh.label 1162
mri_label2label: Done


 mri_label2label --srcsubject fsaverage --srclabel /out/sourcedata/freesurfer/fsaverage/label/rh.BA45_exvivo.thresh.label --trgsubject sub-v1s20x0050274_ses-1 --trglabel ./rh.BA45_exvivo.thresh.label --hemi rh --regmethod surface 


srclabel = /out/sourcedata/freesurfer/fsaverage/label/rh.BA45_exvivo.thresh.label
srcsubject = fsaverage
trgsubject = sub-v1s20x0050274_ses-1
trglabel = ./rh.BA45_exvivo.thresh.label
regmethod = surface

srchemi = rh
trghemi = rh
trgsurface = white
srcsurfreg = sphere.reg
trgsurfreg = sphere.reg
usehash = 1
Use ProjAbs  = 0, 0
Use ProjFrac = 0, 0
DoPaint 0

SUBJECTS_DIR    /out/sourcedata/freesurfer
FREESURFER_HOME /opt/freesurfer
Loading source label.
Found 1178 points in source label.
Starting surface-based mapping
Reading source registration 
 /out/sourcedata/freesurfer/fsaverage/surf/rh.sphere.reg
Rescaling ...  original radius = 100
Reading target surface 
 /out/sourcedata/freesurfer/sub-v1s20x0050274_ses-1/surf/rh.white
Reading target registration 
 /out/sourcedata/freesurfer/sub-v1s20x0050274_ses-1/surf/rh.sphere.reg
Rescaling ...  original radius = 100
Building target registration hash (res=16).
Building source registration hash (res=16).
INFO: found  1178 nlabel points
Performing mapping from target back to the source label 152756
Number of reverse mapping hits = 580
Checking for and removing duplicates
Writing label file ./rh.BA45_exvivo.thresh.label 1758
mri_label2label: Done


 mri_label2label --srcsubject fsaverage --srclabel /out/sourcedata/freesurfer/fsaverage/label/rh.V1_exvivo.thresh.label --trgsubject sub-v1s20x0050274_ses-1 --trglabel ./rh.V1_exvivo.thresh.label --hemi rh --regmethod surface 


srclabel = /out/sourcedata/freesurfer/fsaverage/label/rh.V1_exvivo.thresh.label
srcsubject = fsaverage
trgsubject = sub-v1s20x0050274_ses-1
trglabel = ./rh.V1_exvivo.thresh.label
regmethod = surface

srchemi = rh
trghemi = rh
trgsurface = white
srcsurfreg = sphere.reg
trgsurfreg = sphere.reg
usehash = 1
Use ProjAbs  = 0, 0
Use ProjFrac = 0, 0
DoPaint 0

SUBJECTS_DIR    /out/sourcedata/freesurfer
FREESURFER_HOME /opt/freesurfer
Loading source label.
Found 3232 points in source label.
Starting surface-based mapping
Reading source registration 
 /out/sourcedata/freesurfer/fsaverage/surf/rh.sphere.reg
Rescaling ...  original radius = 100
Reading target surface 
 /out/sourcedata/freesurfer/sub-v1s20x0050274_ses-1/surf/rh.white
Reading target registration 
 /out/sourcedata/freesurfer/sub-v1s20x0050274_ses-1/surf/rh.sphere.reg
Rescaling ...  original radius = 100
Building target registration hash (res=16).
Building source registration hash (res=16).
INFO: found  3232 nlabel points
Performing mapping from target back to the source label 152756
Number of reverse mapping hits = 1112
Checking for and removing duplicates
Writing label file ./rh.V1_exvivo.thresh.label 4344
mri_label2label: Done


 mri_label2label --srcsubject fsaverage --srclabel /out/sourcedata/freesurfer/fsaverage/label/rh.V2_exvivo.thresh.label --trgsubject sub-v1s20x0050274_ses-1 --trglabel ./rh.V2_exvivo.thresh.label --hemi rh --regmethod surface 


srclabel = /out/sourcedata/freesurfer/fsaverage/label/rh.V2_exvivo.thresh.label
srcsubject = fsaverage
trgsubject = sub-v1s20x0050274_ses-1
trglabel = ./rh.V2_exvivo.thresh.label
regmethod = surface

srchemi = rh
trghemi = rh
trgsurface = white
srcsurfreg = sphere.reg
trgsurfreg = sphere.reg
usehash = 1
Use ProjAbs  = 0, 0
Use ProjFrac = 0, 0
DoPaint 0

SUBJECTS_DIR    /out/sourcedata/freesurfer
FREESURFER_HOME /opt/freesurfer
Loading source label.
Found 3437 points in source label.
Starting surface-based mapping
Reading source registration 
 /out/sourcedata/freesurfer/fsaverage/surf/rh.sphere.reg
Rescaling ...  original radius = 100
Reading target surface 
 /out/sourcedata/freesurfer/sub-v1s20x0050274_ses-1/surf/rh.white
Reading target registration 
 /out/sourcedata/freesurfer/sub-v1s20x0050274_ses-1/surf/rh.sphere.reg
Rescaling ...  original radius = 100
Building target registration hash (res=16).
Building source registration hash (res=16).
INFO: found  3437 nlabel points
Performing mapping from target back to the source label 152756
Number of reverse mapping hits = 1107
Checking for and removing duplicates
Writing label file ./rh.V2_exvivo.thresh.label 4544
mri_label2label: Done


 mri_label2label --srcsubject fsaverage --srclabel /out/sourcedata/freesurfer/fsaverage/label/rh.MT_exvivo.thresh.label --trgsubject sub-v1s20x0050274_ses-1 --trglabel ./rh.MT_exvivo.thresh.label --hemi rh --regmethod surface 


srclabel = /out/sourcedata/freesurfer/fsaverage/label/rh.MT_exvivo.thresh.label
srcsubject = fsaverage
trgsubject = sub-v1s20x0050274_ses-1
trglabel = ./rh.MT_exvivo.thresh.label
regmethod = surface

srchemi = rh
trghemi = rh
trgsurface = white
srcsurfreg = sphere.reg
trgsurfreg = sphere.reg
usehash = 1
Use ProjAbs  = 0, 0
Use ProjFrac = 0, 0
DoPaint 0

SUBJECTS_DIR    /out/sourcedata/freesurfer
FREESURFER_HOME /opt/freesurfer
Loading source label.
Found 268 points in source label.
Starting surface-based mapping
Reading source registration 
 /out/sourcedata/freesurfer/fsaverage/surf/rh.sphere.reg
Rescaling ...  original radius = 100
Reading target surface 
 /out/sourcedata/freesurfer/sub-v1s20x0050274_ses-1/surf/rh.white
Reading target registration 
 /out/sourcedata/freesurfer/sub-v1s20x0050274_ses-1/surf/rh.sphere.reg
Rescaling ...  original radius = 100
Building target registration hash (res=16).
Building source registration hash (res=16).
INFO: found  268 nlabel points
Performing mapping from target back to the source label 152756
Number of reverse mapping hits = 8
Checking for and removing duplicates
Writing label file ./rh.MT_exvivo.thresh.label 276
mri_label2label: Done


 mri_label2label --srcsubject fsaverage --srclabel /out/sourcedata/freesurfer/fsaverage/label/rh.entorhinal_exvivo.thresh.label --trgsubject sub-v1s20x0050274_ses-1 --trglabel ./rh.entorhinal_exvivo.thresh.label --hemi rh --regmethod surface 


srclabel = /out/sourcedata/freesurfer/fsaverage/label/rh.entorhinal_exvivo.thresh.label
srcsubject = fsaverage
trgsubject = sub-v1s20x0050274_ses-1
trglabel = ./rh.entorhinal_exvivo.thresh.label
regmethod = surface

srchemi = rh
trghemi = rh
trgsurface = white
srcsurfreg = sphere.reg
trgsurfreg = sphere.reg
usehash = 1
Use ProjAbs  = 0, 0
Use ProjFrac = 0, 0
DoPaint 0

SUBJECTS_DIR    /out/sourcedata/freesurfer
FREESURFER_HOME /opt/freesurfer
Loading source label.
Found 694 points in source label.
Starting surface-based mapping
Reading source registration 
 /out/sourcedata/freesurfer/fsaverage/surf/rh.sphere.reg
Rescaling ...  original radius = 100
Reading target surface 
 /out/sourcedata/freesurfer/sub-v1s20x0050274_ses-1/surf/rh.white
Reading target registration 
 /out/sourcedata/freesurfer/sub-v1s20x0050274_ses-1/surf/rh.sphere.reg
Rescaling ...  original radius = 100
Building target registration hash (res=16).
Building source registration hash (res=16).
INFO: found  694 nlabel points
Performing mapping from target back to the source label 152756
Number of reverse mapping hits = 308
Checking for and removing duplicates
Writing label file ./rh.entorhinal_exvivo.thresh.label 1002
mri_label2label: Done


 mri_label2label --srcsubject fsaverage --srclabel /out/sourcedata/freesurfer/fsaverage/label/rh.perirhinal_exvivo.thresh.label --trgsubject sub-v1s20x0050274_ses-1 --trglabel ./rh.perirhinal_exvivo.thresh.label --hemi rh --regmethod surface 


srclabel = /out/sourcedata/freesurfer/fsaverage/label/rh.perirhinal_exvivo.thresh.label
srcsubject = fsaverage
trgsubject = sub-v1s20x0050274_ses-1
trglabel = ./rh.perirhinal_exvivo.thresh.label
regmethod = surface

srchemi = rh
trghemi = rh
trgsurface = white
srcsurfreg = sphere.reg
trgsurfreg = sphere.reg
usehash = 1
Use ProjAbs  = 0, 0
Use ProjFrac = 0, 0
DoPaint 0

SUBJECTS_DIR    /out/sourcedata/freesurfer
FREESURFER_HOME /opt/freesurfer
Loading source label.
Found 291 points in source label.
Starting surface-based mapping
Reading source registration 
 /out/sourcedata/freesurfer/fsaverage/surf/rh.sphere.reg
Rescaling ...  original radius = 100
Reading target surface 
 /out/sourcedata/freesurfer/sub-v1s20x0050274_ses-1/surf/rh.white
Reading target registration 
 /out/sourcedata/freesurfer/sub-v1s20x0050274_ses-1/surf/rh.sphere.reg
Rescaling ...  original radius = 100
Building target registration hash (res=16).
Building source registration hash (res=16).
INFO: found  291 nlabel points
Performing mapping from target back to the source label 152756
Number of reverse mapping hits = 132
Checking for and removing duplicates
Writing label file ./rh.perirhinal_exvivo.thresh.label 423
mri_label2label: Done


 mris_label2annot --s sub-v1s20x0050274_ses-1 --hemi rh --ctab /opt/freesurfer/average/colortable_BA.txt --l rh.BA1_exvivo.label --l rh.BA2_exvivo.label --l rh.BA3a_exvivo.label --l rh.BA3b_exvivo.label --l rh.BA4a_exvivo.label --l rh.BA4p_exvivo.label --l rh.BA6_exvivo.label --l rh.BA44_exvivo.label --l rh.BA45_exvivo.label --l rh.V1_exvivo.label --l rh.V2_exvivo.label --l rh.MT_exvivo.label --l rh.perirhinal_exvivo.label --l rh.entorhinal_exvivo.label --a BA_exvivo --maxstatwinner --noverbose 

Reading ctab /opt/freesurfer/average/colortable_BA.txt
Number of ctab entries 15

7.3.2
cwd /out/sourcedata/freesurfer/sub-v1s20x0050274_ses-1/label
cmdline mris_label2annot --s sub-v1s20x0050274_ses-1 --hemi rh --ctab /opt/freesurfer/average/colortable_BA.txt --l rh.BA1_exvivo.label --l rh.BA2_exvivo.label --l rh.BA3a_exvivo.label --l rh.BA3b_exvivo.label --l rh.BA4a_exvivo.label --l rh.BA4p_exvivo.label --l rh.BA6_exvivo.label --l rh.BA44_exvivo.label --l rh.BA45_exvivo.label --l rh.V1_exvivo.label --l rh.V2_exvivo.label --l rh.MT_exvivo.label --l rh.perirhinal_exvivo.label --l rh.entorhinal_exvivo.label --a BA_exvivo --maxstatwinner --noverbose 
sysname  Linux
hostname dna056
machine  x86_64
user     oesteban

subject sub-v1s20x0050274_ses-1
hemi    rh
SUBJECTS_DIR /out/sourcedata/freesurfer
ColorTable /opt/freesurfer/average/colortable_BA.txt
AnnotName  BA_exvivo
nlables 14
LabelThresh 0 0.000000
Loading /out/sourcedata/freesurfer/sub-v1s20x0050274_ses-1/surf/rh.orig
 1 1530880 BA1_exvivo
 2 16749699 BA2_exvivo
 3 16711680 BA3a_exvivo
 4 3368703 BA3b_exvivo
 5 1376196 BA4a_exvivo
 6 13382655 BA4p_exvivo
 7 10036737 BA6_exvivo
 8 2490521 BA44_exvivo
 9 39283 BA45_exvivo
10 3993 V1_exvivo
11 8508928 V2_exvivo
12 10027163 MT_exvivo
13 16422433 perirhinal_exvivo
14 16392598 entorhinal_exvivo
Mapping unhit to unknown
Found 104984 unhit vertices
Writing annot to /out/sourcedata/freesurfer/sub-v1s20x0050274_ses-1/label/rh.BA_exvivo.annot

 mris_label2annot --s sub-v1s20x0050274_ses-1 --hemi rh --ctab /opt/freesurfer/average/colortable_BA.txt --l rh.BA1_exvivo.thresh.label --l rh.BA2_exvivo.thresh.label --l rh.BA3a_exvivo.thresh.label --l rh.BA3b_exvivo.thresh.label --l rh.BA4a_exvivo.thresh.label --l rh.BA4p_exvivo.thresh.label --l rh.BA6_exvivo.thresh.label --l rh.BA44_exvivo.thresh.label --l rh.BA45_exvivo.thresh.label --l rh.V1_exvivo.thresh.label --l rh.V2_exvivo.thresh.label --l rh.MT_exvivo.thresh.label --l rh.perirhinal_exvivo.thresh.label --l rh.entorhinal_exvivo.thresh.label --a BA_exvivo.thresh --maxstatwinner --noverbose 

Reading ctab /opt/freesurfer/average/colortable_BA.txt
Number of ctab entries 15

7.3.2
cwd /out/sourcedata/freesurfer/sub-v1s20x0050274_ses-1/label
cmdline mris_label2annot --s sub-v1s20x0050274_ses-1 --hemi rh --ctab /opt/freesurfer/average/colortable_BA.txt --l rh.BA1_exvivo.thresh.label --l rh.BA2_exvivo.thresh.label --l rh.BA3a_exvivo.thresh.label --l rh.BA3b_exvivo.thresh.label --l rh.BA4a_exvivo.thresh.label --l rh.BA4p_exvivo.thresh.label --l rh.BA6_exvivo.thresh.label --l rh.BA44_exvivo.thresh.label --l rh.BA45_exvivo.thresh.label --l rh.V1_exvivo.thresh.label --l rh.V2_exvivo.thresh.label --l rh.MT_exvivo.thresh.label --l rh.perirhinal_exvivo.thresh.label --l rh.entorhinal_exvivo.thresh.label --a BA_exvivo.thresh --maxstatwinner --noverbose 
sysname  Linux
hostname dna056
machine  x86_64
user     oesteban

subject sub-v1s20x0050274_ses-1
hemi    rh
SUBJECTS_DIR /out/sourcedata/freesurfer
ColorTable /opt/freesurfer/average/colortable_BA.txt
AnnotName  BA_exvivo.thresh
nlables 14
LabelThresh 0 0.000000
Loading /out/sourcedata/freesurfer/sub-v1s20x0050274_ses-1/surf/rh.orig
 1 1530880 BA1_exvivo
 2 16749699 BA2_exvivo
 3 16711680 BA3a_exvivo
 4 3368703 BA3b_exvivo
 5 1376196 BA4a_exvivo
 6 13382655 BA4p_exvivo
 7 10036737 BA6_exvivo
 8 2490521 BA44_exvivo
 9 39283 BA45_exvivo
10 3993 V1_exvivo
11 8508928 V2_exvivo
12 10027163 MT_exvivo
13 16422433 perirhinal_exvivo
14 16392598 entorhinal_exvivo
Mapping unhit to unknown
Found 124772 unhit vertices
Writing annot to /out/sourcedata/freesurfer/sub-v1s20x0050274_ses-1/label/rh.BA_exvivo.thresh.annot

 mris_anatomical_stats -th3 -mgz -noglobal -f ../stats/rh.BA_exvivo.stats -b -a ./rh.BA_exvivo.annot -c ./BA_exvivo.ctab sub-v1s20x0050274_ses-1 rh white 

computing statistics for each annotation in ./rh.BA_exvivo.annot.
reading volume /out/sourcedata/freesurfer/sub-v1s20x0050274_ses-1/mri/wm.mgz...
reading input surface /out/sourcedata/freesurfer/sub-v1s20x0050274_ses-1/surf/rh.white...
reading input pial surface /out/sourcedata/freesurfer/sub-v1s20x0050274_ses-1/surf/rh.pial...
reading input white surface /out/sourcedata/freesurfer/sub-v1s20x0050274_ses-1/surf/rh.white...
INFO: using TH3 volume calc
INFO: assuming MGZ format for volumes.
INFO: not computing global stats
Using TH3 vertex volume calc
Total face volume 299093
Total vertex volume 298895 (mask=0)
Saving annotation colortable ./BA_exvivo.ctab

table columns are:
    number of vertices
    total surface area (mm^2)
    total gray matter volume (mm^3)
    average cortical thickness +- standard deviation (mm)
    integrated rectified mean curvature
    integrated rectified Gaussian curvature
    folding index
    intrinsic curvature index
    structure name

  984    615   1883  2.299 0.621     0.123     0.034       11     1.0  BA1_exvivo
 3166   2071   4240  2.043 0.603     0.105     0.025       22     3.3  BA2_exvivo
 1118    720   1009  1.905 0.437     0.123     0.028        9     1.1  BA3a_exvivo
 2127   1410   2633  1.707 0.589     0.092     0.018       12     1.7  BA3b_exvivo
 1887   1226   3124  2.244 0.713     0.094     0.023       10     1.8  BA4a_exvivo
 1359    909   1754  2.050 0.592     0.093     0.018        7     1.0  BA4p_exvivo
12216   8386  26053  2.701 0.709     0.118     0.029      111    14.0  BA6_exvivo
 3467   2361   6195  2.557 0.705     0.109     0.025       29     3.5  BA44_exvivo
 5858   3861  11275  2.626 0.713     0.128     0.036       68     9.3  BA45_exvivo
 4288   3135   6559  1.975 0.723     0.145     0.047       61     8.4  V1_exvivo
 8108   5981  15729  2.238 0.754     0.146     0.040      107    13.3  V2_exvivo
 1763   1253   3197  2.253 0.697     0.127     0.037       20     2.6  MT_exvivo
  517    332    956  2.639 0.764     0.110     0.035        5     0.8  perirhinal_exvivo
  914    564   1758  2.416 1.039     0.160     0.076       23     2.6  entorhinal_exvivo

 mris_anatomical_stats -th3 -mgz -f ../stats/rh.BA_exvivo.thresh.stats -noglobal -b -a ./rh.BA_exvivo.thresh.annot -c ./BA_exvivo.thresh.ctab sub-v1s20x0050274_ses-1 rh white 

computing statistics for each annotation in ./rh.BA_exvivo.thresh.annot.
reading volume /out/sourcedata/freesurfer/sub-v1s20x0050274_ses-1/mri/wm.mgz...
reading input surface /out/sourcedata/freesurfer/sub-v1s20x0050274_ses-1/surf/rh.white...
reading input pial surface /out/sourcedata/freesurfer/sub-v1s20x0050274_ses-1/surf/rh.pial...
reading input white surface /out/sourcedata/freesurfer/sub-v1s20x0050274_ses-1/surf/rh.white...
INFO: using TH3 volume calc
INFO: assuming MGZ format for volumes.
INFO: not computing global stats
Using TH3 vertex volume calc
Total face volume 299093
Total vertex volume 298895 (mask=0)
Saving annotation colortable ./BA_exvivo.thresh.ctab

table columns are:
    number of vertices
    total surface area (mm^2)
    total gray matter volume (mm^3)
    average cortical thickness +- standard deviation (mm)
    integrated rectified mean curvature
    integrated rectified Gaussian curvature
    folding index
    intrinsic curvature index
    structure name

  668    430   1266  2.230 0.629     0.113     0.031        6     0.7  BA1_exvivo
 1895   1232   2650  2.018 0.597     0.097     0.025       12     2.0  BA2_exvivo
 1020    658    856  1.879 0.446     0.129     0.029        9     1.1  BA3a_exvivo
 1647   1103   1724  1.537 0.362     0.079     0.012        7     0.9  BA3b_exvivo
 1213    762   2612  2.613 0.816     0.113     0.033       10     1.4  BA4a_exvivo
 1072    716   1261  1.930 0.525     0.086     0.018        4     0.8  BA4p_exvivo
 8074   5482  15887  2.593 0.669     0.116     0.029       69     9.2  BA6_exvivo
  960    706   1613  2.064 0.756     0.121     0.028        9     1.1  BA44_exvivo
 1720    986   3265  2.677 0.765     0.112     0.031       16     2.3  BA45_exvivo
 4159   2973   6226  1.993 0.713     0.140     0.046       58     8.0  V1_exvivo
 4344   3234   8179  2.172 0.770     0.151     0.041       56     7.9  V2_exvivo
  212    175    594  2.240 0.686     0.142     0.042        3     0.4  MT_exvivo
   62     37     81  2.102 0.478     0.178     0.071        2     0.3  perirhinal_exvivo
  938    568   1709  2.444 0.944     0.155     0.073       22     2.6  entorhinal_exvivo

Started at Thu Mar 12 17:46:06 CET 2026 
Ended   at Thu Mar 12 17:49:52 CET 2026
#@#%# recon-all-run-time-hours 0.063
recon-all -s sub-v1s20x0050274_ses-1 finished without error at Thu Mar 12 17:49:52 CET 2026
