
Thu Mar 12 17:39:11 CET 2026
cd /out/sourcedata/freesurfer/sub-v1s20x0050372_ses-1
setenv SUBJECTS_DIR /out/sourcedata/freesurfer
/opt/freesurfer/bin/recon-all -autorecon-hemi rh -noparcstats -noparcstats2 -noparcstats3 -nohyporelabel -nobalabels -rh-only -openmp 16 -subjid sub-v1s20x0050372_ses-1 -sd /out/sourcedata/freesurfer

subjid sub-v1s20x0050372_ses-1
setenv SUBJECTS_DIR /out/sourcedata/freesurfer
FREESURFER_HOME /opt/freesurfer
Actual FREESURFER_HOME /opt/freesurfer
build-stamp.txt: freesurfer-linux-ubuntu22_x86_64-7.3.2-20220804-6354275
Linux dna085 5.14.0-427.37.1.el9_4.x86_64 #1 SMP PREEMPT_DYNAMIC Fri Sep 13 12:41:50 EDT 2024 x86_64 x86_64 x86_64 GNU/Linux
cputime      unlimited
filesize     unlimited
datasize     unlimited
stacksize    8192 kbytes
coredumpsize 0 kbytes
memoryuse    67108864 kbytes
vmemoryuse   unlimited
descriptors  1024 
memorylocked unlimited
maxproc      2061970 
maxlocks     unlimited
maxsignal    2062024 
maxmessage   819200 
maxnice      0 
maxrtprio    0 
maxrttime    unlimited

               total        used        free      shared  buff/cache   available
Mem:           503Gi        53Gi       413Gi       9.7Gi        36Gi       437Gi
Swap:             0B          0B          0B

########################################
program versions used
7.3.2 (freesurfer-linux-ubuntu22_x86_64-7.3.2-20220804-6354275)
7.3.2

ProgramName: lta_convert  ProgramArguments: lta_convert -all-info  ProgramVersion: 7.3.2  TimeStamp: 2026/03/12-16:39:11-GMT  BuildTime: Aug  4 2022 06:17:15  BuildStamp: freesurfer-linux-ubuntu22_x86_64-7.3.2-20220804-6354275  User: oesteban  Machine: dna085  Platform: Linux  PlatformVersion: 5.14.0-427.37.1.el9_4.x86_64  CompilerName: GCC  CompilerVersion: 8.4.0
ProgramName: mri_and  ProgramArguments: mri_and -all-info  ProgramVersion: 7.3.2  TimeStamp: 2026/03/12-16:39:11-GMT  BuildTime: Aug  4 2022 06:17:15  BuildStamp: freesurfer-linux-ubuntu22_x86_64-7.3.2-20220804-6354275  User: oesteban  Machine: dna085  Platform: Linux  PlatformVersion: 5.14.0-427.37.1.el9_4.x86_64  CompilerName: GCC  CompilerVersion: 8.4.0
ProgramName: mri_annotation2label  ProgramArguments: mri_annotation2label -all-info  ProgramVersion: 7.3.2  TimeStamp: 2026/03/12-16:39:11-GMT  BuildTime: Aug  4 2022 06:17:15  BuildStamp: freesurfer-linux-ubuntu22_x86_64-7.3.2-20220804-6354275  User: oesteban  Machine: dna085  Platform: Linux  PlatformVersion: 5.14.0-427.37.1.el9_4.x86_64  CompilerName: GCC  CompilerVersion: 8.4.0
ProgramName: mri_aparc2aseg  ProgramArguments: mri_aparc2aseg -all-info  ProgramVersion: 7.3.2  TimeStamp: 2026/03/12-16:39:11-GMT  BuildTime: Aug  4 2022 06:17:15  BuildStamp: freesurfer-linux-ubuntu22_x86_64-7.3.2-20220804-6354275  User: oesteban  Machine: dna085  Platform: Linux  PlatformVersion: 5.14.0-427.37.1.el9_4.x86_64  CompilerName: GCC  CompilerVersion: 8.4.0
ProgramName: mri_surf2volseg  ProgramArguments: mri_surf2volseg -all-info  ProgramVersion: 7.3.2  TimeStamp: 2026/03/12-16:39:11-GMT  BuildTime: Aug  4 2022 06:17:15  BuildStamp: freesurfer-linux-ubuntu22_x86_64-7.3.2-20220804-6354275  User: oesteban  Machine: dna085  Platform: Linux  PlatformVersion: 5.14.0-427.37.1.el9_4.x86_64  CompilerName: GCC  CompilerVersion: 8.4.0
ProgramName: mri_binarize  ProgramArguments: mri_binarize -all-info  ProgramVersion: 7.3.2  TimeStamp: 2026/03/12-16:39:11-GMT  BuildTime: Aug  4 2022 06:17:15  BuildStamp: freesurfer-linux-ubuntu22_x86_64-7.3.2-20220804-6354275  User: oesteban  Machine: dna085  Platform: Linux  PlatformVersion: 5.14.0-427.37.1.el9_4.x86_64  CompilerName: GCC  CompilerVersion: 8.4.0
ProgramName: mri_ca_label  ProgramArguments: mri_ca_label -all-info  ProgramVersion: 7.3.2  TimeStamp: 2026/03/12-16:39:11-GMT  BuildTime: Aug  4 2022 06:17:15  BuildStamp: freesurfer-linux-ubuntu22_x86_64-7.3.2-20220804-6354275  User: oesteban  Machine: dna085  Platform: Linux  PlatformVersion: 5.14.0-427.37.1.el9_4.x86_64  CompilerName: GCC  CompilerVersion: 8.4.0
ProgramName: mri_ca_normalize  ProgramArguments: mri_ca_normalize -all-info  ProgramVersion: 7.3.2  TimeStamp: 2026/03/12-16:39:11-GMT  BuildTime: Aug  4 2022 06:17:15  BuildStamp: freesurfer-linux-ubuntu22_x86_64-7.3.2-20220804-6354275  User: oesteban  Machine: dna085  Platform: Linux  PlatformVersion: 5.14.0-427.37.1.el9_4.x86_64  CompilerName: GCC  CompilerVersion: 8.4.0
ProgramName: mri_ca_register  ProgramArguments: mri_ca_register -all-info  ProgramVersion: 7.3.2  TimeStamp: 2026/03/12-16:39:11-GMT  BuildTime: Aug  4 2022 06:17:15  BuildStamp: freesurfer-linux-ubuntu22_x86_64-7.3.2-20220804-6354275  User: oesteban  Machine: dna085  Platform: Linux  PlatformVersion: 5.14.0-427.37.1.el9_4.x86_64  CompilerName: GCC  CompilerVersion: 8.4.0
ProgramName: mri_cc  ProgramArguments: mri_cc -all-info  ProgramVersion: 7.3.2  TimeStamp: 2026/03/12-16:39:11-GMT  BuildTime: Aug  4 2022 06:17:15  BuildStamp: freesurfer-linux-ubuntu22_x86_64-7.3.2-20220804-6354275  User: oesteban  Machine: dna085  Platform: Linux  PlatformVersion: 5.14.0-427.37.1.el9_4.x86_64  CompilerName: GCC  CompilerVersion: 8.4.0
ProgramName: mri_compute_overlap  ProgramArguments: mri_compute_overlap -all-info  ProgramVersion: 7.3.2  TimeStamp: 2026/03/12-16:39:12-GMT  BuildTime: Aug  4 2022 06:17:15  BuildStamp: freesurfer-linux-ubuntu22_x86_64-7.3.2-20220804-6354275  User: oesteban  Machine: dna085  Platform: Linux  PlatformVersion: 5.14.0-427.37.1.el9_4.x86_64  CompilerName: GCC  CompilerVersion: 8.4.0
ProgramName: mri_compute_seg_overlap  ProgramArguments: mri_compute_seg_overlap -all-info  ProgramVersion: 7.3.2  TimeStamp: 2026/03/12-16:39:12-GMT  BuildTime: Aug  4 2022 06:17:15  BuildStamp: freesurfer-linux-ubuntu22_x86_64-7.3.2-20220804-6354275  User: oesteban  Machine: dna085  Platform: Linux  PlatformVersion: 5.14.0-427.37.1.el9_4.x86_64  CompilerName: GCC  CompilerVersion: 8.4.0
ProgramName: mri_concat  ProgramArguments: mri_concat -all-info  ProgramVersion: 7.3.2  TimeStamp: 2026/03/12-16:39:12-GMT  BuildTime: Aug  4 2022 06:17:15  BuildStamp: freesurfer-linux-ubuntu22_x86_64-7.3.2-20220804-6354275  User: oesteban  Machine: dna085  Platform: Linux  PlatformVersion: 5.14.0-427.37.1.el9_4.x86_64  CompilerName: GCC  CompilerVersion: 8.4.0
ProgramName: mri_concatenate_lta  ProgramArguments: mri_concatenate_lta -all-info  ProgramVersion: 7.3.2  TimeStamp: 2026/03/12-16:39:12-GMT  BuildTime: Aug  4 2022 06:17:15  BuildStamp: freesurfer-linux-ubuntu22_x86_64-7.3.2-20220804-6354275  User: oesteban  Machine: dna085  Platform: Linux  PlatformVersion: 5.14.0-427.37.1.el9_4.x86_64  CompilerName: GCC  CompilerVersion: 8.4.0
mri_convert -all-info 
ProgramName: mri_convert  ProgramArguments: mri_convert -all-info  ProgramVersion: 7.3.2  TimeStamp: 2026/03/12-16:39:12-GMT  BuildTime: Aug  4 2022 06:17:15  BuildStamp: freesurfer-linux-ubuntu22_x86_64-7.3.2-20220804-6354275  User: oesteban  Machine: dna085  Platform: Linux  PlatformVersion: 5.14.0-427.37.1.el9_4.x86_64  CompilerName: GCC  CompilerVersion: 8.4.0
ProgramName: mri_diff  ProgramArguments: mri_diff -all-info  ProgramVersion: 7.3.2  TimeStamp: 2026/03/12-16:39:12-GMT  BuildTime: Aug  4 2022 06:17:15  BuildStamp: freesurfer-linux-ubuntu22_x86_64-7.3.2-20220804-6354275  User: oesteban  Machine: dna085  Platform: Linux  PlatformVersion: 5.14.0-427.37.1.el9_4.x86_64  CompilerName: GCC  CompilerVersion: 8.4.0
ProgramName: mri_edit_wm_with_aseg  ProgramArguments: mri_edit_wm_with_aseg -all-info  ProgramVersion: 7.3.2  TimeStamp: 2026/03/12-16:39:12-GMT  BuildTime: Aug  4 2022 06:17:15  BuildStamp: freesurfer-linux-ubuntu22_x86_64-7.3.2-20220804-6354275  User: oesteban  Machine: dna085  Platform: Linux  PlatformVersion: 5.14.0-427.37.1.el9_4.x86_64  CompilerName: GCC  CompilerVersion: 8.4.0
ProgramName: mri_em_register  ProgramArguments: mri_em_register -all-info  ProgramVersion: 7.3.2  TimeStamp: 2026/03/12-16:39:12-GMT  BuildTime: Aug  4 2022 06:17:15  BuildStamp: freesurfer-linux-ubuntu22_x86_64-7.3.2-20220804-6354275  User: oesteban  Machine: dna085  Platform: Linux  PlatformVersion: 5.14.0-427.37.1.el9_4.x86_64  CompilerName: GCC  CompilerVersion: 8.4.0
ProgramName: mri_fill  ProgramArguments: mri_fill -all-info  ProgramVersion: 7.3.2  TimeStamp: 2026/03/12-16:39:12-GMT  BuildTime: Aug  4 2022 06:17:15  BuildStamp: freesurfer-linux-ubuntu22_x86_64-7.3.2-20220804-6354275  User: oesteban  Machine: dna085  Platform: Linux  PlatformVersion: 5.14.0-427.37.1.el9_4.x86_64  CompilerName: GCC  CompilerVersion: 8.4.0
ProgramName: mri_fuse_segmentations  ProgramArguments: mri_fuse_segmentations -all-info  ProgramVersion: 7.3.2  TimeStamp: 2026/03/12-16:39:12-GMT  BuildTime: Aug  4 2022 06:17:15  BuildStamp: freesurfer-linux-ubuntu22_x86_64-7.3.2-20220804-6354275  User: oesteban  Machine: dna085  Platform: Linux  PlatformVersion: 5.14.0-427.37.1.el9_4.x86_64  CompilerName: GCC  CompilerVersion: 8.4.0
ProgramName: mri_fwhm  ProgramArguments: mri_fwhm -all-info  ProgramVersion: 7.3.2  TimeStamp: 2026/03/12-16:39:12-GMT  BuildTime: Aug  4 2022 06:17:15  BuildStamp: freesurfer-linux-ubuntu22_x86_64-7.3.2-20220804-6354275  User: oesteban  Machine: dna085  Platform: Linux  PlatformVersion: 5.14.0-427.37.1.el9_4.x86_64  CompilerName: GCC  CompilerVersion: 8.4.0
ProgramName: mri_gcut  ProgramArguments: mri_gcut -all-info  ProgramVersion: 7.3.2  TimeStamp: 2026/03/12-16:39:12-GMT  BuildTime: Aug  4 2022 06:17:15  BuildStamp: freesurfer-linux-ubuntu22_x86_64-7.3.2-20220804-6354275  User: oesteban  Machine: dna085  Platform: Linux  PlatformVersion: 5.14.0-427.37.1.el9_4.x86_64  CompilerName: GCC  CompilerVersion: 8.4.0
ProgramName: mri_info  ProgramArguments: mri_info -all-info  ProgramVersion: 7.3.2  TimeStamp: 2026/03/12-16:39:12-GMT  BuildTime: Aug  4 2022 06:17:15  BuildStamp: freesurfer-linux-ubuntu22_x86_64-7.3.2-20220804-6354275  User: oesteban  Machine: dna085  Platform: Linux  PlatformVersion: 5.14.0-427.37.1.el9_4.x86_64  CompilerName: GCC  CompilerVersion: 8.4.0
ProgramName: mri_label2label  ProgramArguments: mri_label2label -all-info  ProgramVersion: 7.3.2  TimeStamp: 2026/03/12-16:39:12-GMT  BuildTime: Aug  4 2022 06:17:15  BuildStamp: freesurfer-linux-ubuntu22_x86_64-7.3.2-20220804-6354275  User: oesteban  Machine: dna085  Platform: Linux  PlatformVersion: 5.14.0-427.37.1.el9_4.x86_64  CompilerName: GCC  CompilerVersion: 8.4.0
ProgramName: mri_label2vol  ProgramArguments: mri_label2vol -all-info  ProgramVersion: 7.3.2  TimeStamp: 2026/03/12-16:39:12-GMT  BuildTime: Aug  4 2022 06:17:15  BuildStamp: freesurfer-linux-ubuntu22_x86_64-7.3.2-20220804-6354275  User: oesteban  Machine: dna085  Platform: Linux  PlatformVersion: 5.14.0-427.37.1.el9_4.x86_64  CompilerName: GCC  CompilerVersion: 8.4.0
ProgramName: mri_log_likelihood  ProgramArguments: mri_log_likelihood -all-info  ProgramVersion: 7.3.2  TimeStamp: 2026/03/12-16:39:12-GMT  BuildTime: Aug  4 2022 06:17:15  BuildStamp: freesurfer-linux-ubuntu22_x86_64-7.3.2-20220804-6354275  User: oesteban  Machine: dna085  Platform: Linux  PlatformVersion: 5.14.0-427.37.1.el9_4.x86_64  CompilerName: GCC  CompilerVersion: 8.4.0
ProgramName: mri_mask  ProgramArguments: mri_mask -all-info  ProgramVersion: 7.3.2  TimeStamp: 2026/03/12-16:39:12-GMT  BuildTime: Aug  4 2022 06:17:15  BuildStamp: freesurfer-linux-ubuntu22_x86_64-7.3.2-20220804-6354275  User: oesteban  Machine: dna085  Platform: Linux  PlatformVersion: 5.14.0-427.37.1.el9_4.x86_64  CompilerName: GCC  CompilerVersion: 8.4.0
ProgramName: mri_matrix_multiply  ProgramArguments: mri_matrix_multiply -all-info  ProgramVersion: 7.3.2  TimeStamp: 2026/03/12-16:39:12-GMT  BuildTime: Aug  4 2022 06:17:15  BuildStamp: freesurfer-linux-ubuntu22_x86_64-7.3.2-20220804-6354275  User: oesteban  Machine: dna085  Platform: Linux  PlatformVersion: 5.14.0-427.37.1.el9_4.x86_64  CompilerName: GCC  CompilerVersion: 8.4.0
ProgramName: mri_normalize  ProgramArguments: mri_normalize -all-info  ProgramVersion: 7.3.2  TimeStamp: 2026/03/12-16:39:12-GMT  BuildTime: Aug  4 2022 06:17:15  BuildStamp: freesurfer-linux-ubuntu22_x86_64-7.3.2-20220804-6354275  User: oesteban  Machine: dna085  Platform: Linux  PlatformVersion: 5.14.0-427.37.1.el9_4.x86_64  CompilerName: GCC  CompilerVersion: 8.4.0
ProgramName: mri_normalize_tp2  ProgramArguments: mri_normalize_tp2 -all-info  ProgramVersion: 7.3.2  TimeStamp: 2026/03/12-16:39:12-GMT  BuildTime: Aug  4 2022 06:17:15  BuildStamp: freesurfer-linux-ubuntu22_x86_64-7.3.2-20220804-6354275  User: oesteban  Machine: dna085  Platform: Linux  PlatformVersion: 5.14.0-427.37.1.el9_4.x86_64  CompilerName: GCC  CompilerVersion: 8.4.0
ProgramName: mri_or  ProgramArguments: mri_or -all-info  ProgramVersion: 7.3.2  TimeStamp: 2026/03/12-16:39:12-GMT  BuildTime: Aug  4 2022 06:17:15  BuildStamp: freesurfer-linux-ubuntu22_x86_64-7.3.2-20220804-6354275  User: oesteban  Machine: dna085  Platform: Linux  PlatformVersion: 5.14.0-427.37.1.el9_4.x86_64  CompilerName: GCC  CompilerVersion: 8.4.0
ProgramName: mri_relabel_hypointensities  ProgramArguments: mri_relabel_hypointensities -all-info  ProgramVersion: 7.3.2  TimeStamp: 2026/03/12-16:39:12-GMT  BuildTime: Aug  4 2022 06:17:15  BuildStamp: freesurfer-linux-ubuntu22_x86_64-7.3.2-20220804-6354275  User: oesteban  Machine: dna085  Platform: Linux  PlatformVersion: 5.14.0-427.37.1.el9_4.x86_64  CompilerName: GCC  CompilerVersion: 8.4.0
ProgramName: mri_relabel_nonwm_hypos  ProgramArguments: mri_relabel_nonwm_hypos -all-info  ProgramVersion: 7.3.2  TimeStamp: 2026/03/12-16:39:12-GMT  BuildTime: Aug  4 2022 06:17:15  BuildStamp: freesurfer-linux-ubuntu22_x86_64-7.3.2-20220804-6354275  User: oesteban  Machine: dna085  Platform: Linux  PlatformVersion: 5.14.0-427.37.1.el9_4.x86_64  CompilerName: GCC  CompilerVersion: 8.4.0
ProgramName: mri_remove_neck  ProgramArguments: mri_remove_neck -all-info  ProgramVersion: 7.3.2  TimeStamp: 2026/03/12-16:39:12-GMT  BuildTime: Aug  4 2022 06:17:15  BuildStamp: freesurfer-linux-ubuntu22_x86_64-7.3.2-20220804-6354275  User: oesteban  Machine: dna085  Platform: Linux  PlatformVersion: 5.14.0-427.37.1.el9_4.x86_64  CompilerName: GCC  CompilerVersion: 8.4.0
7.3.2

ProgramName: mri_robust_register  ProgramArguments: mri_robust_register -all-info  ProgramVersion: 7.3.2  TimeStamp: 2026/03/12-16:39:12-GMT  BuildTime: Aug  4 2022 06:17:15  BuildStamp: freesurfer-linux-ubuntu22_x86_64-7.3.2-20220804-6354275  User: oesteban  Machine: dna085  Platform: Linux  PlatformVersion: 5.14.0-427.37.1.el9_4.x86_64  CompilerName: GCC  CompilerVersion: 8.4.0
7.3.2

ProgramName: mri_robust_template  ProgramArguments: mri_robust_template -all-info  ProgramVersion: 7.3.2  TimeStamp: 2026/03/12-16:39:12-GMT  BuildTime: Aug  4 2022 06:17:15  BuildStamp: freesurfer-linux-ubuntu22_x86_64-7.3.2-20220804-6354275  User: oesteban  Machine: dna085  Platform: Linux  PlatformVersion: 5.14.0-427.37.1.el9_4.x86_64  CompilerName: GCC  CompilerVersion: 8.4.0
ProgramName: mris_anatomical_stats  ProgramArguments: mris_anatomical_stats -all-info  ProgramVersion: 7.3.2  TimeStamp: 2026/03/12-16:39:12-GMT  BuildTime: Aug  4 2022 06:17:15  BuildStamp: freesurfer-linux-ubuntu22_x86_64-7.3.2-20220804-6354275  User: oesteban  Machine: dna085  Platform: Linux  PlatformVersion: 5.14.0-427.37.1.el9_4.x86_64  CompilerName: GCC  CompilerVersion: 8.4.0
ProgramName: mris_ca_label  ProgramArguments: mris_ca_label -all-info  ProgramVersion: 7.3.2  TimeStamp: 2026/03/12-16:39:12-GMT  BuildTime: Aug  4 2022 06:17:15  BuildStamp: freesurfer-linux-ubuntu22_x86_64-7.3.2-20220804-6354275  User: oesteban  Machine: dna085  Platform: Linux  PlatformVersion: 5.14.0-427.37.1.el9_4.x86_64  CompilerName: GCC  CompilerVersion: 8.4.0
ProgramName: mris_calc  ProgramArguments: mris_calc -all-info  ProgramVersion: 7.3.2  TimeStamp: 2026/03/12-16:39:12-GMT  BuildTime: Aug  4 2022 06:17:15  BuildStamp: freesurfer-linux-ubuntu22_x86_64-7.3.2-20220804-6354275  User: oesteban  Machine: dna085  Platform: Linux  PlatformVersion: 5.14.0-427.37.1.el9_4.x86_64  CompilerName: GCC  CompilerVersion: 8.4.0
ProgramName: mris_convert  ProgramArguments: mris_convert -all-info  ProgramVersion: 7.3.2  TimeStamp: 2026/03/12-16:39:12-GMT  BuildTime: Aug  4 2022 06:17:15  BuildStamp: freesurfer-linux-ubuntu22_x86_64-7.3.2-20220804-6354275  User: oesteban  Machine: dna085  Platform: Linux  PlatformVersion: 5.14.0-427.37.1.el9_4.x86_64  CompilerName: GCC  CompilerVersion: 8.4.0
ProgramName: mris_curvature  ProgramArguments: mris_curvature -all-info  ProgramVersion: 7.3.2  TimeStamp: 2026/03/12-16:39:12-GMT  BuildTime: Aug  4 2022 06:17:15  BuildStamp: freesurfer-linux-ubuntu22_x86_64-7.3.2-20220804-6354275  User: oesteban  Machine: dna085  Platform: Linux  PlatformVersion: 5.14.0-427.37.1.el9_4.x86_64  CompilerName: GCC  CompilerVersion: 8.4.0
ProgramName: mris_curvature_stats  ProgramArguments: mris_curvature_stats -all-info  ProgramVersion: 7.3.2  TimeStamp: 2026/03/12-16:39:12-GMT  BuildTime: Aug  4 2022 06:17:15  BuildStamp: freesurfer-linux-ubuntu22_x86_64-7.3.2-20220804-6354275  User: oesteban  Machine: dna085  Platform: Linux  PlatformVersion: 5.14.0-427.37.1.el9_4.x86_64  CompilerName: GCC  CompilerVersion: 8.4.0
ProgramName: mris_diff  ProgramArguments: mris_diff -all-info  ProgramVersion: 7.3.2  TimeStamp: 2026/03/12-16:39:12-GMT  BuildTime: Aug  4 2022 06:17:15  BuildStamp: freesurfer-linux-ubuntu22_x86_64-7.3.2-20220804-6354275  User: oesteban  Machine: dna085  Platform: Linux  PlatformVersion: 5.14.0-427.37.1.el9_4.x86_64  CompilerName: GCC  CompilerVersion: 8.4.0
ProgramName: mris_divide_parcellation  ProgramArguments: mris_divide_parcellation -all-info  ProgramVersion: 7.3.2  TimeStamp: 2026/03/12-16:39:12-GMT  BuildTime: Aug  4 2022 06:17:15  BuildStamp: freesurfer-linux-ubuntu22_x86_64-7.3.2-20220804-6354275  User: oesteban  Machine: dna085  Platform: Linux  PlatformVersion: 5.14.0-427.37.1.el9_4.x86_64  CompilerName: GCC  CompilerVersion: 8.4.0
ProgramName: mri_segment  ProgramArguments: mri_segment -all-info  ProgramVersion: 7.3.2  TimeStamp: 2026/03/12-16:39:12-GMT  BuildTime: Aug  4 2022 06:17:15  BuildStamp: freesurfer-linux-ubuntu22_x86_64-7.3.2-20220804-6354275  User: oesteban  Machine: dna085  Platform: Linux  PlatformVersion: 5.14.0-427.37.1.el9_4.x86_64  CompilerName: GCC  CompilerVersion: 8.4.0
ProgramName: mri_segstats  ProgramArguments: mri_segstats -all-info  ProgramVersion: 7.3.2  TimeStamp: 2026/03/12-16:39:12-GMT  BuildTime: Aug  4 2022 06:17:15  BuildStamp: freesurfer-linux-ubuntu22_x86_64-7.3.2-20220804-6354275  User: oesteban  Machine: dna085  Platform: Linux  PlatformVersion: 5.14.0-427.37.1.el9_4.x86_64  CompilerName: GCC  CompilerVersion: 8.4.0
ProgramName: mris_euler_number  ProgramArguments: mris_euler_number -all-info  ProgramVersion: 7.3.2  TimeStamp: 2026/03/12-16:39:12-GMT  BuildTime: Aug  4 2022 06:17:15  BuildStamp: freesurfer-linux-ubuntu22_x86_64-7.3.2-20220804-6354275  User: oesteban  Machine: dna085  Platform: Linux  PlatformVersion: 5.14.0-427.37.1.el9_4.x86_64  CompilerName: GCC  CompilerVersion: 8.4.0
ProgramName: mris_fix_topology  ProgramArguments: mris_fix_topology -all-info  ProgramVersion: 7.3.2  TimeStamp: 2026/03/12-16:39:12-GMT  BuildTime: Aug  4 2022 06:17:15  BuildStamp: freesurfer-linux-ubuntu22_x86_64-7.3.2-20220804-6354275  User: oesteban  Machine: dna085  Platform: Linux  PlatformVersion: 5.14.0-427.37.1.el9_4.x86_64  CompilerName: GCC  CompilerVersion: 8.4.0
ProgramName: mris_topo_fixer  ProgramArguments: mris_topo_fixer -all-info  ProgramVersion: 7.3.2  TimeStamp: 2026/03/12-16:39:12-GMT  BuildTime: Aug  4 2022 06:17:15  BuildStamp: freesurfer-linux-ubuntu22_x86_64-7.3.2-20220804-6354275  User: oesteban  Machine: dna085  Platform: Linux  PlatformVersion: 5.14.0-427.37.1.el9_4.x86_64  CompilerName: GCC  CompilerVersion: 8.4.0
ProgramName: mris_jacobian  ProgramArguments: mris_jacobian -all-info  ProgramVersion: 7.3.2  TimeStamp: 2026/03/12-16:39:12-GMT  BuildTime: Aug  4 2022 06:17:15  BuildStamp: freesurfer-linux-ubuntu22_x86_64-7.3.2-20220804-6354275  User: oesteban  Machine: dna085  Platform: Linux  PlatformVersion: 5.14.0-427.37.1.el9_4.x86_64  CompilerName: GCC  CompilerVersion: 8.4.0
ProgramName: mris_label2annot  ProgramArguments: mris_label2annot -all-info  ProgramVersion: 7.3.2  TimeStamp: 2026/03/12-16:39:12-GMT  BuildTime: Aug  4 2022 06:17:15  BuildStamp: freesurfer-linux-ubuntu22_x86_64-7.3.2-20220804-6354275  User: oesteban  Machine: dna085  Platform: Linux  PlatformVersion: 5.14.0-427.37.1.el9_4.x86_64  CompilerName: GCC  CompilerVersion: 8.4.0
ProgramName: mris_left_right_register  ProgramArguments: mris_left_right_register -all-info  ProgramVersion: 7.3.2  TimeStamp: 2026/03/12-16:39:12-GMT  BuildTime: Aug  4 2022 06:17:15  BuildStamp: freesurfer-linux-ubuntu22_x86_64-7.3.2-20220804-6354275  User: oesteban  Machine: dna085  Platform: Linux  PlatformVersion: 5.14.0-427.37.1.el9_4.x86_64  CompilerName: GCC  CompilerVersion: 8.4.0
ProgramName: mris_place_surface  ProgramArguments: mris_place_surface -all-info  ProgramVersion: 7.3.2  TimeStamp: 2026/03/12-16:39:12-GMT  BuildTime: Aug  4 2022 06:17:15  BuildStamp: freesurfer-linux-ubuntu22_x86_64-7.3.2-20220804-6354275  User: oesteban  Machine: dna085  Platform: Linux  PlatformVersion: 5.14.0-427.37.1.el9_4.x86_64  CompilerName: GCC  CompilerVersion: 8.4.0
ProgramName: mrisp_paint  ProgramArguments: mrisp_paint -all-info  ProgramVersion: 7.3.2  TimeStamp: 2026/03/12-16:39:12-GMT  BuildTime: Aug  4 2022 06:17:15  BuildStamp: freesurfer-linux-ubuntu22_x86_64-7.3.2-20220804-6354275  User: oesteban  Machine: dna085  Platform: Linux  PlatformVersion: 5.14.0-427.37.1.el9_4.x86_64  CompilerName: GCC  CompilerVersion: 8.4.0
ProgramName: mris_register  ProgramArguments: mris_register -all-info  ProgramVersion: 7.3.2  TimeStamp: 2026/03/12-16:39:12-GMT  BuildTime: Aug  4 2022 06:17:15  BuildStamp: freesurfer-linux-ubuntu22_x86_64-7.3.2-20220804-6354275  User: oesteban  Machine: dna085  Platform: Linux  PlatformVersion: 5.14.0-427.37.1.el9_4.x86_64  CompilerName: GCC  CompilerVersion: 8.4.0
ProgramName: mris_smooth  ProgramArguments: mris_smooth -all-info  ProgramVersion: 7.3.2  TimeStamp: 2026/03/12-16:39:12-GMT  BuildTime: Aug  4 2022 06:17:15  BuildStamp: freesurfer-linux-ubuntu22_x86_64-7.3.2-20220804-6354275  User: oesteban  Machine: dna085  Platform: Linux  PlatformVersion: 5.14.0-427.37.1.el9_4.x86_64  CompilerName: GCC  CompilerVersion: 8.4.0
ProgramName: mris_sphere  ProgramArguments: mris_sphere -all-info  ProgramVersion: 7.3.2  TimeStamp: 2026/03/12-16:39:12-GMT  BuildTime: Aug  4 2022 06:17:15  BuildStamp: freesurfer-linux-ubuntu22_x86_64-7.3.2-20220804-6354275  User: oesteban  Machine: dna085  Platform: Linux  PlatformVersion: 5.14.0-427.37.1.el9_4.x86_64  CompilerName: GCC  CompilerVersion: 8.4.0
ProgramName: mris_surface_stats  ProgramArguments: mris_surface_stats -all-info  ProgramVersion: 7.3.2  TimeStamp: 2026/03/12-16:39:12-GMT  BuildTime: Aug  4 2022 06:17:15  BuildStamp: freesurfer-linux-ubuntu22_x86_64-7.3.2-20220804-6354275  User: oesteban  Machine: dna085  Platform: Linux  PlatformVersion: 5.14.0-427.37.1.el9_4.x86_64  CompilerName: GCC  CompilerVersion: 8.4.0
ProgramName: mri_stats2seg  ProgramArguments: mri_stats2seg -all-info  ProgramVersion: 7.3.2  TimeStamp: 2026/03/12-16:39:12-GMT  BuildTime: Aug  4 2022 06:17:15  BuildStamp: freesurfer-linux-ubuntu22_x86_64-7.3.2-20220804-6354275  User: oesteban  Machine: dna085  Platform: Linux  PlatformVersion: 5.14.0-427.37.1.el9_4.x86_64  CompilerName: GCC  CompilerVersion: 8.4.0
ProgramName: mris_thickness  ProgramArguments: mris_thickness -all-info  ProgramVersion: 7.3.2  TimeStamp: 2026/03/12-16:39:12-GMT  BuildTime: Aug  4 2022 06:17:15  BuildStamp: freesurfer-linux-ubuntu22_x86_64-7.3.2-20220804-6354275  User: oesteban  Machine: dna085  Platform: Linux  PlatformVersion: 5.14.0-427.37.1.el9_4.x86_64  CompilerName: GCC  CompilerVersion: 8.4.0
ProgramName: mris_thickness_diff  ProgramArguments: mris_thickness_diff -all-info  ProgramVersion: 7.3.2  TimeStamp: 2026/03/12-16:39:12-GMT  BuildTime: Aug  4 2022 06:17:15  BuildStamp: freesurfer-linux-ubuntu22_x86_64-7.3.2-20220804-6354275  User: oesteban  Machine: dna085  Platform: Linux  PlatformVersion: 5.14.0-427.37.1.el9_4.x86_64  CompilerName: GCC  CompilerVersion: 8.4.0
ProgramName: mris_topo_fixer  ProgramArguments: mris_topo_fixer -all-info  ProgramVersion: 7.3.2  TimeStamp: 2026/03/12-16:39:12-GMT  BuildTime: Aug  4 2022 06:17:15  BuildStamp: freesurfer-linux-ubuntu22_x86_64-7.3.2-20220804-6354275  User: oesteban  Machine: dna085  Platform: Linux  PlatformVersion: 5.14.0-427.37.1.el9_4.x86_64  CompilerName: GCC  CompilerVersion: 8.4.0
ProgramName: mri_surf2surf  ProgramArguments: mri_surf2surf -all-info  ProgramVersion: 7.3.2  TimeStamp: 2026/03/12-16:39:12-GMT  BuildTime: Aug  4 2022 06:17:15  BuildStamp: freesurfer-linux-ubuntu22_x86_64-7.3.2-20220804-6354275  User: oesteban  Machine: dna085  Platform: Linux  PlatformVersion: 5.14.0-427.37.1.el9_4.x86_64  CompilerName: GCC  CompilerVersion: 8.4.0
ProgramName: mri_surf2vol  ProgramArguments: mri_surf2vol -all-info  ProgramVersion: 7.3.2  TimeStamp: 2026/03/12-16:39:12-GMT  BuildTime: Aug  4 2022 06:17:15  BuildStamp: freesurfer-linux-ubuntu22_x86_64-7.3.2-20220804-6354275  User: oesteban  Machine: dna085  Platform: Linux  PlatformVersion: 5.14.0-427.37.1.el9_4.x86_64  CompilerName: GCC  CompilerVersion: 8.4.0
ProgramName: mri_surfcluster  ProgramArguments: mri_surfcluster -all-info  ProgramVersion: 7.3.2  TimeStamp: 2026/03/12-16:39:12-GMT  BuildTime: Aug  4 2022 06:17:15  BuildStamp: freesurfer-linux-ubuntu22_x86_64-7.3.2-20220804-6354275  User: oesteban  Machine: dna085  Platform: Linux  PlatformVersion: 5.14.0-427.37.1.el9_4.x86_64  CompilerName: GCC  CompilerVersion: 8.4.0
ProgramName: mris_volmask  ProgramArguments: mris_volmask -all-info  ProgramVersion: 7.3.2  TimeStamp: 2026/03/12-16:39:12-GMT  BuildTime: Aug  4 2022 06:17:15  BuildStamp: freesurfer-linux-ubuntu22_x86_64-7.3.2-20220804-6354275  User: oesteban  Machine: dna085  Platform: Linux  PlatformVersion: 5.14.0-427.37.1.el9_4.x86_64  CompilerName: GCC  CompilerVersion: 8.4.0
ProgramName: mri_tessellate  ProgramArguments: mri_tessellate -all-info  ProgramVersion: 7.3.2  TimeStamp: 2026/03/12-16:39:12-GMT  BuildTime: Aug  4 2022 06:17:15  BuildStamp: freesurfer-linux-ubuntu22_x86_64-7.3.2-20220804-6354275  User: oesteban  Machine: dna085  Platform: Linux  PlatformVersion: 5.14.0-427.37.1.el9_4.x86_64  CompilerName: GCC  CompilerVersion: 8.4.0
ProgramName: mri_vol2surf  ProgramArguments: mri_vol2surf -all-info  ProgramVersion: 7.3.2  TimeStamp: 2026/03/12-16:39:12-GMT  BuildTime: Aug  4 2022 06:17:15  BuildStamp: freesurfer-linux-ubuntu22_x86_64-7.3.2-20220804-6354275  User: oesteban  Machine: dna085  Platform: Linux  PlatformVersion: 5.14.0-427.37.1.el9_4.x86_64  CompilerName: GCC  CompilerVersion: 8.4.0
ProgramName: mri_vol2vol  ProgramArguments: mri_vol2vol -all-info  ProgramVersion: 7.3.2  TimeStamp: 2026/03/12-16:39:12-GMT  BuildTime: Aug  4 2022 06:17:15  BuildStamp: freesurfer-linux-ubuntu22_x86_64-7.3.2-20220804-6354275  User: oesteban  Machine: dna085  Platform: Linux  PlatformVersion: 5.14.0-427.37.1.el9_4.x86_64  CompilerName: GCC  CompilerVersion: 8.4.0
ProgramName: mri_voldiff  ProgramArguments: mri_voldiff -all-info  ProgramVersion: 7.3.2  TimeStamp: 2026/03/12-16:39:12-GMT  BuildTime: Aug  4 2022 06:17:15  BuildStamp: freesurfer-linux-ubuntu22_x86_64-7.3.2-20220804-6354275  User: oesteban  Machine: dna085  Platform: Linux  PlatformVersion: 5.14.0-427.37.1.el9_4.x86_64  CompilerName: GCC  CompilerVersion: 8.4.0
ProgramName: mri_watershed  ProgramArguments: mri_watershed -all-info  ProgramVersion: 7.3.2  TimeStamp: 2026/03/12-16:39:12-GMT  BuildTime: Aug  4 2022 06:17:15  BuildStamp: freesurfer-linux-ubuntu22_x86_64-7.3.2-20220804-6354275  User: oesteban  Machine: dna085  Platform: Linux  PlatformVersion: 5.14.0-427.37.1.el9_4.x86_64  CompilerName: GCC  CompilerVersion: 8.4.0
ProgramName: tkregister2  ProgramArguments: tkregister2_cmdl -all-info  ProgramVersion: 7.3.2  TimeStamp: 2026/03/12-16:39:12-GMT  BuildTime: Aug  4 2022 06:17:15  BuildStamp: freesurfer-linux-ubuntu22_x86_64-7.3.2-20220804-6354275  User: oesteban  Machine: dna085  Platform: Linux  PlatformVersion: 5.14.0-427.37.1.el9_4.x86_64  CompilerName: GCC  CompilerVersion: 8.4.0
mri_motion_correct.fsl 7.3.2
mri_convert -all-info 
ProgramName: mri_convert  ProgramArguments: mri_convert -all-info  ProgramVersion: 7.3.2  TimeStamp: 2026/03/12-16:39:12-GMT  BuildTime: Aug  4 2022 06:17:15  BuildStamp: freesurfer-linux-ubuntu22_x86_64-7.3.2-20220804-6354275  User: oesteban  Machine: dna085  Platform: Linux  PlatformVersion: 5.14.0-427.37.1.el9_4.x86_64  CompilerName: GCC  CompilerVersion: 8.4.0
Program nu_correct, built from:
Package MNI N3, version 1.12.0, compiled by nicks@terrier (x86_64-unknown-linux-gnu) on 2015-06-19 at 01:25:34
#######################################
GCADIR /opt/freesurfer/average
GCA RB_all_2020-01-02.gca
GCASkull RB_all_withskull_2020_01_02.gca
AvgCurvTif folding.atlas.acfb40.noaparc.i12.2016-08-02.tif
GCSDIR /opt/freesurfer/average
GCS DKaparc.atlas.acfb40.noaparc.i12.2016-08-02.gcs
#######################################
#--------------------------------------------
#@# Tessellate rh Thu Mar 12 17:39:12 CET 2026
/out/sourcedata/freesurfer/sub-v1s20x0050372_ses-1/scripts

 mri_pretess ../mri/filled.mgz 127 ../mri/norm.mgz ../mri/filled-pretess127.mgz 


Iteration Number : 1
pass   1 (xy+):   0 found -   0 modified     |    TOTAL:   0
pass   1 (xy-):   0 found -   0 modified     |    TOTAL:   0
pass   1 (yz+):   4 found -   4 modified     |    TOTAL:   4
pass   2 (yz+):   0 found -   4 modified     |    TOTAL:   4
pass   1 (yz-):   3 found -   3 modified     |    TOTAL:   7
pass   2 (yz-):   0 found -   3 modified     |    TOTAL:   7
pass   1 (xz+):   0 found -   0 modified     |    TOTAL:   7
pass   1 (xz-):   1 found -   1 modified     |    TOTAL:   8
pass   2 (xz-):   0 found -   1 modified     |    TOTAL:   8
Iteration Number : 1
pass   1 (+++):   0 found -   0 modified     |    TOTAL:   0
pass   1 (+++):   0 found -   0 modified     |    TOTAL:   0
pass   1 (+++):   0 found -   0 modified     |    TOTAL:   0
pass   1 (+++):   0 found -   0 modified     |    TOTAL:   0
Iteration Number : 1
pass   1 (++):   0 found -   0 modified     |    TOTAL:   0
pass   1 (+-):   0 found -   0 modified     |    TOTAL:   0
pass   1 (--):   0 found -   0 modified     |    TOTAL:   0
pass   1 (-+):   1 found -   1 modified     |    TOTAL:   1
pass   2 (-+):   0 found -   1 modified     |    TOTAL:   1
Iteration Number : 2
pass   1 (xy+):   0 found -   0 modified     |    TOTAL:   0
pass   1 (xy-):   0 found -   0 modified     |    TOTAL:   0
pass   1 (yz+):   0 found -   0 modified     |    TOTAL:   0
pass   1 (yz-):   0 found -   0 modified     |    TOTAL:   0
pass   1 (xz+):   0 found -   0 modified     |    TOTAL:   0
pass   1 (xz-):   0 found -   0 modified     |    TOTAL:   0
Iteration Number : 2
pass   1 (+++):   0 found -   0 modified     |    TOTAL:   0
pass   1 (+++):   0 found -   0 modified     |    TOTAL:   0
pass   1 (+++):   0 found -   0 modified     |    TOTAL:   0
pass   1 (+++):   0 found -   0 modified     |    TOTAL:   0
Iteration Number : 2
pass   1 (++):   0 found -   0 modified     |    TOTAL:   0
pass   1 (+-):   0 found -   0 modified     |    TOTAL:   0
pass   1 (--):   0 found -   0 modified     |    TOTAL:   0
pass   1 (-+):   0 found -   0 modified     |    TOTAL:   0

Total Number of Modified Voxels = 9 (out of 297402: 0.003026)
Ambiguous edge configurations... 

mri_pretess done


 mri_tessellate ../mri/filled-pretess127.mgz 127 ../surf/rh.orig.nofix 

7.3.2
  7.3.2
slice 50: 1720 vertices, 1841 faces
slice 60: 7349 vertices, 7601 faces
slice 70: 16574 vertices, 16913 faces
slice 80: 27206 vertices, 27574 faces
slice 90: 38913 vertices, 39285 faces
slice 100: 49602 vertices, 49978 faces
slice 110: 62109 vertices, 62571 faces
slice 120: 74384 vertices, 74815 faces
slice 130: 86756 vertices, 87140 faces
slice 140: 98577 vertices, 99012 faces
slice 150: 110100 vertices, 110505 faces
slice 160: 119675 vertices, 120011 faces
slice 170: 127523 vertices, 127836 faces
slice 180: 134692 vertices, 134967 faces
slice 190: 141056 vertices, 141306 faces
slice 200: 146296 vertices, 146503 faces
slice 210: 149318 vertices, 149435 faces
slice 220: 149718 vertices, 149762 faces
slice 230: 149718 vertices, 149762 faces
slice 240: 149718 vertices, 149762 faces
slice 250: 149718 vertices, 149762 faces
using the conformed surface RAS to save vertex points...
writing ../surf/rh.orig.nofix
using vox2ras matrix:
-1.00000   0.00000   0.00000   128.00000;
 0.00000   0.00000   1.00000  -128.00000;
 0.00000  -1.00000   0.00000   128.00000;
 0.00000   0.00000   0.00000   1.00000;

 rm -f ../mri/filled-pretess127.mgz 


 mris_extract_main_component ../surf/rh.orig.nofix ../surf/rh.orig.nofix 


counting number of connected components...
   149718 voxel in cpt #1: X=-44 [v=149718,e=449286,f=299524] located at (29.466644, -6.966390, 1.731555)
For the whole surface: X=-44 [v=149718,e=449286,f=299524]
One single component has been found
nothing to do
done

#--------------------------------------------
#@# Smooth1 rh Thu Mar 12 17:39:14 CET 2026
/out/sourcedata/freesurfer/sub-v1s20x0050372_ses-1/scripts

 mris_smooth -nw -seed 1234 ../surf/rh.orig.nofix ../surf/rh.smoothwm.nofix 

setting seed for random number generator to 1234
smoothing surface tessellation for 10 iterations...
smoothing complete - recomputing first and second fundamental forms...
#--------------------------------------------
#@# Inflation1 rh Thu Mar 12 17:39:17 CET 2026
/out/sourcedata/freesurfer/sub-v1s20x0050372_ses-1/scripts

 mris_inflate -no-save-sulc ../surf/rh.smoothwm.nofix ../surf/rh.inflated.nofix 

Not saving sulc
Reading ../surf/rh.smoothwm.nofix
avg radius = 48.1 mm, total surface area = 81146 mm^2
step 000: RMS=0.149 (target=0.015)   step 005: RMS=0.114 (target=0.015)   step 010: RMS=0.085 (target=0.015)   step 015: RMS=0.072 (target=0.015)   step 020: RMS=0.063 (target=0.015)   step 025: RMS=0.055 (target=0.015)   step 030: RMS=0.050 (target=0.015)   step 035: RMS=0.047 (target=0.015)   step 040: RMS=0.044 (target=0.015)   step 045: RMS=0.042 (target=0.015)   step 050: RMS=0.041 (target=0.015)   step 055: RMS=0.040 (target=0.015)   step 060: RMS=0.040 (target=0.015)   writing inflated surface to ../surf/rh.inflated.nofix
inflation took 0.2 minutes

inflation complete.
Not saving sulc
mris_inflate utimesec    63.400894
mris_inflate stimesec    2.355713
mris_inflate ru_maxrss   237952
mris_inflate ru_ixrss    0
mris_inflate ru_idrss    0
mris_inflate ru_isrss    0
mris_inflate ru_minflt   586367
mris_inflate ru_majflt   11
mris_inflate ru_nswap    0
mris_inflate ru_inblock  0
mris_inflate ru_oublock  10536
mris_inflate ru_msgsnd   0
mris_inflate ru_msgrcv   0
mris_inflate ru_nsignals 0
mris_inflate ru_nvcsw    17182
mris_inflate ru_nivcsw   472
#--------------------------------------------
#@# QSphere rh Thu Mar 12 17:39:31 CET 2026
/out/sourcedata/freesurfer/sub-v1s20x0050372_ses-1/scripts

 mris_sphere -q -p 6 -a 128 -seed 1234 ../surf/rh.inflated.nofix ../surf/rh.qsphere.nofix 

doing quick spherical unfolding.
limitting unfolding to 6 passes
using n_averages = 128
setting seed for random number genererator to 1234
version: 7.3.2
available threads: 16
scaling brain by 0.292...
inflating...
projecting onto sphere...
surface projected - minimizing metric distortion...
vertex spacing 0.95 +- 0.57 (0.00-->12.35) (max @ vno 93275 --> 93291)
face area 0.02 +- 0.03 (-0.43-->0.74)
Entering MRISinflateToSphere()
inflating to sphere (rms error < 2.00)
000: dt: 0.0000, rms radial error=177.098, avgs=0
005/300: dt: 0.9000, rms radial error=176.842, avgs=0
010/300: dt: 0.9000, rms radial error=176.292, avgs=0
015/300: dt: 0.9000, rms radial error=175.569, avgs=0
020/300: dt: 0.9000, rms radial error=174.736, avgs=0
025/300: dt: 0.9000, rms radial error=173.844, avgs=0
030/300: dt: 0.9000, rms radial error=172.920, avgs=0
035/300: dt: 0.9000, rms radial error=171.979, avgs=0
040/300: dt: 0.9000, rms radial error=171.031, avgs=0
045/300: dt: 0.9000, rms radial error=170.080, avgs=0
050/300: dt: 0.9000, rms radial error=169.130, avgs=0
055/300: dt: 0.9000, rms radial error=168.183, avgs=0
060/300: dt: 0.9000, rms radial error=167.240, avgs=0
065/300: dt: 0.9000, rms radial error=166.301, avgs=0
070/300: dt: 0.9000, rms radial error=165.367, avgs=0
075/300: dt: 0.9000, rms radial error=164.439, avgs=0
080/300: dt: 0.9000, rms radial error=163.515, avgs=0
085/300: dt: 0.9000, rms radial error=162.595, avgs=0
090/300: dt: 0.9000, rms radial error=161.681, avgs=0
095/300: dt: 0.9000, rms radial error=160.772, avgs=0
100/300: dt: 0.9000, rms radial error=159.868, avgs=0
105/300: dt: 0.9000, rms radial error=158.969, avgs=0
110/300: dt: 0.9000, rms radial error=158.075, avgs=0
115/300: dt: 0.9000, rms radial error=157.185, avgs=0
120/300: dt: 0.9000, rms radial error=156.301, avgs=0
125/300: dt: 0.9000, rms radial error=155.422, avgs=0
130/300: dt: 0.9000, rms radial error=154.548, avgs=0
135/300: dt: 0.9000, rms radial error=153.679, avgs=0
140/300: dt: 0.9000, rms radial error=152.815, avgs=0
145/300: dt: 0.9000, rms radial error=151.956, avgs=0
150/300: dt: 0.9000, rms radial error=151.101, avgs=0
155/300: dt: 0.9000, rms radial error=150.251, avgs=0
160/300: dt: 0.9000, rms radial error=149.406, avgs=0
165/300: dt: 0.9000, rms radial error=148.565, avgs=0
170/300: dt: 0.9000, rms radial error=147.729, avgs=0
175/300: dt: 0.9000, rms radial error=146.898, avgs=0
180/300: dt: 0.9000, rms radial error=146.071, avgs=0
185/300: dt: 0.9000, rms radial error=145.249, avgs=0
190/300: dt: 0.9000, rms radial error=144.432, avgs=0
195/300: dt: 0.9000, rms radial error=143.619, avgs=0
200/300: dt: 0.9000, rms radial error=142.811, avgs=0
205/300: dt: 0.9000, rms radial error=142.007, avgs=0
210/300: dt: 0.9000, rms radial error=141.208, avgs=0
215/300: dt: 0.9000, rms radial error=140.413, avgs=0
220/300: dt: 0.9000, rms radial error=139.622, avgs=0
225/300: dt: 0.9000, rms radial error=138.836, avgs=0
230/300: dt: 0.9000, rms radial error=138.055, avgs=0
235/300: dt: 0.9000, rms radial error=137.278, avgs=0
240/300: dt: 0.9000, rms radial error=136.505, avgs=0
245/300: dt: 0.9000, rms radial error=135.737, avgs=0
250/300: dt: 0.9000, rms radial error=134.972, avgs=0
255/300: dt: 0.9000, rms radial error=134.212, avgs=0
260/300: dt: 0.9000, rms radial error=133.457, avgs=0
265/300: dt: 0.9000, rms radial error=132.705, avgs=0
270/300: dt: 0.9000, rms radial error=131.958, avgs=0
275/300: dt: 0.9000, rms radial error=131.215, avgs=0
280/300: dt: 0.9000, rms radial error=130.476, avgs=0
285/300: dt: 0.9000, rms radial error=129.741, avgs=0
290/300: dt: 0.9000, rms radial error=129.011, avgs=0
295/300: dt: 0.9000, rms radial error=128.284, avgs=0
300/300: dt: 0.9000, rms radial error=127.562, avgs=0

spherical inflation complete.
epoch 1 (K=10.0), pass 1, starting sse = 17812.11
taking momentum steps...
taking momentum steps...
taking momentum steps...
taking momentum steps...
pass 1 complete, delta sse/iter = 0.00/13 = 0.00020
epoch 2 (K=40.0), pass 1, starting sse = 3047.05
taking momentum steps...
taking momentum steps...
taking momentum steps...
taking momentum steps...
pass 1 complete, delta sse/iter = 0.00/13 = 0.00014
epoch 3 (K=160.0), pass 1, starting sse = 314.73
taking momentum steps...
taking momentum steps...
taking momentum steps...
taking momentum steps...
pass 1 complete, delta sse/iter = 0.03/13 = 0.00208
epoch 4 (K=640.0), pass 1, starting sse = 25.98
taking momentum steps...
taking momentum steps...
taking momentum steps...
taking momentum steps...
pass 1 complete, delta sse/iter = 0.10/16 = 0.00644
final distance error %100000.00
writing spherical brain to ../surf/rh.qsphere.nofix
spherical transformation took 0.0227 hours
FSRUNTIME@ mris_sphere  0.0227 hours 16 threads
#VMPC# mris_sphere VmPeak  1574192
mris_sphere done
#@# Fix Topology rh Thu Mar 12 17:40:53 CET 2026

 mris_fix_topology -mgz -sphere qsphere.nofix -inflated inflated.nofix -orig orig.nofix -out orig.premesh -ga -seed 1234 sub-v1s20x0050372_ses-1 rh 

reading spherical homeomorphism from 'qsphere.nofix'
reading inflated coordinates from 'inflated.nofix'
reading original coordinates from 'orig.nofix'
using genetic algorithm with optimized parameters
setting seed for random number genererator to 1234

*************************************************************
Topology Correction Parameters
retessellation mode:           genetic search
number of patches/generation : 10
number of generations :        10
surface mri loglikelihood coefficient :         1.0
volume mri loglikelihood coefficient :          10.0
normal dot loglikelihood coefficient :          1.0
quadratic curvature loglikelihood coefficient : 1.0
volume resolution :                             2
eliminate vertices during search :              1
initial patch selection :                       1
select all defect vertices :                    0
ordering dependant retessellation:              0
use precomputed edge table :                    0
smooth retessellated patch :                    2
match retessellated patch :                     1
verbose mode :                                  0

*************************************************************
INFO: assuming .mgz format
writing corrected surface to 'orig.premesh'
7.3.2
  7.3.2
before topology correction, eno=-44 (nv=149718, nf=299524, ne=449286, g=23)
using quasi-homeomorphic spherical map to tessellate cortical surface...

Correction of the Topology
Finding true center and radius of Spherical Surface...done
Surface centered at (0,0,0) with radius 100.0 in 11 iterations
marking ambiguous vertices...
9318 ambiguous faces found in tessellation
segmenting defects...
29 defects found, arbitrating ambiguous regions...
analyzing neighboring defects...
      -merging segment 8 into 7
      -merging segment 11 into 10
27 defects to be corrected 
0 vertices coincident
reading input surface /out/sourcedata/freesurfer/sub-v1s20x0050372_ses-1/surf/rh.qsphere.nofix...
reading brain volume from brain...
reading wm segmentation from wm...
Reading original properties of orig.nofix
Reading vertex positions of inflated.nofix
Computing Initial Surface Statistics
      -face       loglikelihood: -8.8923  (-4.4461)
      -vertex     loglikelihood: -5.8750  (-2.9375)
      -normal dot loglikelihood: -3.5858  (-3.5858)
      -quad curv  loglikelihood: -5.9190  (-2.9595)
      Total Loglikelihood : -24.2721
CORRECTING DEFECT 0 (vertices=18, convex hull=31, v0=248)
After retessellation of defect 0 (v0=248), euler #=-24 (144359,431602,287219) : difference with theory (-24) = 0 
CORRECTING DEFECT 1 (vertices=26, convex hull=63, v0=4213)
After retessellation of defect 1 (v0=4213), euler #=-23 (144369,431658,287266) : difference with theory (-23) = 0 
CORRECTING DEFECT 2 (vertices=1442, convex hull=385, v0=10280)
A large defect has been detected...
This often happens because cerebellum or dura has not been removed from wm.mgz.
This may cause recon-all to run very slowly or crash.
if so, see https://surfer.nmr.mgh.harvard.edu/fswiki/FsTutorial/TopologicalDefect_freeview
normal vector of length zero at vertex 145561 with 3 faces
normal vector of length zero at vertex 145561 with 3 faces
normal vector of length zero at vertex 145561 with 3 faces
normal vector of length zero at vertex 145561 with 3 faces
normal vector of length zero at vertex 145561 with 3 faces
After retessellation of defect 2 (v0=10280), euler #=-22 (144714,432877,288141) : difference with theory (-22) = 0 
CORRECTING DEFECT 3 (vertices=63, convex hull=41, v0=50585)
After retessellation of defect 3 (v0=50585), euler #=-21 (144722,432915,288172) : difference with theory (-21) = 0 
CORRECTING DEFECT 4 (vertices=1155, convex hull=305, v0=53015)
After retessellation of defect 4 (v0=53015), euler #=-20 (144739,433115,288356) : difference with theory (-20) = 0 
CORRECTING DEFECT 5 (vertices=44, convex hull=36, v0=59592)
After retessellation of defect 5 (v0=59592), euler #=-19 (144744,433142,288379) : difference with theory (-19) = 0 
CORRECTING DEFECT 6 (vertices=5, convex hull=17, v0=69382)
After retessellation of defect 6 (v0=69382), euler #=-18 (144744,433145,288383) : difference with theory (-18) = 0 
CORRECTING DEFECT 7 (vertices=640, convex hull=629, v0=71488)
A large defect has been detected...
This often happens because cerebellum or dura has not been removed from wm.mgz.
This may cause recon-all to run very slowly or crash.
if so, see https://surfer.nmr.mgh.harvard.edu/fswiki/FsTutorial/TopologicalDefect_freeview
After retessellation of defect 7 (v0=71488), euler #=-16 (145087,434513,289410) : difference with theory (-17) = -1 
CORRECTING DEFECT 8 (vertices=224, convex hull=231, v0=76769)
After retessellation of defect 8 (v0=76769), euler #=-15 (145195,434946,289736) : difference with theory (-16) = -1 
CORRECTING DEFECT 9 (vertices=812, convex hull=409, v0=91217)
A large defect has been detected...
This often happens because cerebellum or dura has not been removed from wm.mgz.
This may cause recon-all to run very slowly or crash.
if so, see https://surfer.nmr.mgh.harvard.edu/fswiki/FsTutorial/TopologicalDefect_freeview
After retessellation of defect 9 (v0=91217), euler #=-13 (145275,435390,290102) : difference with theory (-15) = -2 
CORRECTING DEFECT 10 (vertices=108, convex hull=95, v0=93267)
After retessellation of defect 10 (v0=93267), euler #=-13 (145313,435550,290224) : difference with theory (-14) = -1 
CORRECTING DEFECT 11 (vertices=6, convex hull=37, v0=95673)
After retessellation of defect 11 (v0=95673), euler #=-12 (145316,435571,290243) : difference with theory (-13) = -1 
CORRECTING DEFECT 12 (vertices=10, convex hull=15, v0=102743)
After retessellation of defect 12 (v0=102743), euler #=-11 (145319,435583,290253) : difference with theory (-12) = -1 
CORRECTING DEFECT 13 (vertices=47, convex hull=81, v0=102769)
After retessellation of defect 13 (v0=102769), euler #=-10 (145331,435648,290307) : difference with theory (-11) = -1 
CORRECTING DEFECT 14 (vertices=14, convex hull=29, v0=105210)
After retessellation of defect 14 (v0=105210), euler #=-9 (145333,435662,290320) : difference with theory (-10) = -1 
CORRECTING DEFECT 15 (vertices=13, convex hull=27, v0=106287)
After retessellation of defect 15 (v0=106287), euler #=-8 (145335,435680,290337) : difference with theory (-9) = -1 
CORRECTING DEFECT 16 (vertices=55, convex hull=118, v0=107577)
After retessellation of defect 16 (v0=107577), euler #=-8 (145359,435811,290444) : difference with theory (-8) = 0 
CORRECTING DEFECT 17 (vertices=29, convex hull=38, v0=109846)
After retessellation of defect 17 (v0=109846), euler #=-7 (145365,435846,290474) : difference with theory (-7) = 0 
CORRECTING DEFECT 18 (vertices=11, convex hull=29, v0=109988)
After retessellation of defect 18 (v0=109988), euler #=-6 (145366,435860,290488) : difference with theory (-6) = 0 
CORRECTING DEFECT 19 (vertices=48, convex hull=26, v0=112922)
After retessellation of defect 19 (v0=112922), euler #=-5 (145371,435883,290507) : difference with theory (-5) = 0 
CORRECTING DEFECT 20 (vertices=9, convex hull=22, v0=116947)
After retessellation of defect 20 (v0=116947), euler #=-4 (145372,435892,290516) : difference with theory (-4) = 0 
CORRECTING DEFECT 21 (vertices=176, convex hull=113, v0=117098)
After retessellation of defect 21 (v0=117098), euler #=-3 (145413,436066,290650) : difference with theory (-3) = 0 
CORRECTING DEFECT 22 (vertices=226, convex hull=81, v0=118749)
After retessellation of defect 22 (v0=118749), euler #=-2 (145446,436212,290764) : difference with theory (-2) = 0 
CORRECTING DEFECT 23 (vertices=35, convex hull=88, v0=118850)
After retessellation of defect 23 (v0=118850), euler #=-1 (145464,436302,290837) : difference with theory (-1) = 0 
CORRECTING DEFECT 24 (vertices=90, convex hull=115, v0=128982)
After retessellation of defect 24 (v0=128982), euler #=0 (145512,436501,290989) : difference with theory (0) = 0 
CORRECTING DEFECT 25 (vertices=7, convex hull=27, v0=135991)
After retessellation of defect 25 (v0=135991), euler #=1 (145512,436511,291000) : difference with theory (1) = 0 
CORRECTING DEFECT 26 (vertices=41, convex hull=39, v0=147083)
After retessellation of defect 26 (v0=147083), euler #=2 (145514,436536,291024) : difference with theory (2) = 0 
computing original vertex metric properties...
storing new metric properties...
computing tessellation statistics...
vertex spacing 0.89 +- 0.24 (0.11-->15.16) (max @ vno 67002 --> 71443)
face area -nan +- -nan (1000.00-->-1.00)
performing soap bubble on retessellated vertices for 0 iterations...
vertex spacing 0.89 +- 0.24 (0.11-->15.16) (max @ vno 67002 --> 71443)
face area -nan +- -nan (1000.00-->-1.00)
tessellation finished, orienting corrected surface...
105 mutations (37.4%), 176 crossovers (62.6%), 425 vertices were eliminated
building final representation...
4204 vertices and 0 faces have been removed from triangulation
after topology correction, eno=2 (nv=145514, nf=291024, ne=436536, g=0)
writing corrected surface to /out/sourcedata/freesurfer/sub-v1s20x0050372_ses-1/surf/rh.orig.premesh...

0.000 % of the vertices (0 vertices) exhibit an orientation change
removing intersecting faces
000: 432 intersecting
001: 42 intersecting
002: 2 intersecting
terminating search with 0 intersecting
topology fixing took 2.3 minutes
FSRUNTIME@ mris_fix_topology rh  0.0384 hours 16 threads
#VMPC# mris_fix_topology VmPeak  1866020

 mris_euler_number ../surf/rh.orig.premesh 

euler # = v-e+f = 2g-2: 145514 - 436536 + 291024 = 2 --> 0 holes
      F =2V-4:          291024 = 291028-4 (0)
      2E=3F:            873072 = 873072 (0)

total defect index = 0
Thu Mar 12 17:43:11 CET 2026

setenv SUBJECTS_DIR /out/sourcedata/freesurfer
cd /out/sourcedata/freesurfer/sub-v1s20x0050372_ses-1/scripts
/opt/freesurfer/bin/defect2seg --s sub-v1s20x0050372_ses-1 --rh-only --cortex

freesurfer-linux-ubuntu22_x86_64-7.3.2-20220804-6354275
defect2seg 7.3.2
Linux dna085 5.14.0-427.37.1.el9_4.x86_64 #1 SMP PREEMPT_DYNAMIC Fri Sep 13 12:41:50 EDT 2024 x86_64 x86_64 x86_64 GNU/Linux
pid 634735
mri_label2label --label-cortex /out/sourcedata/freesurfer/sub-v1s20x0050372_ses-1/surf/rh.orig.nofix /out/sourcedata/freesurfer/sub-v1s20x0050372_ses-1/mri/aseg.presurf.mgz 0 /out/sourcedata/freesurfer/sub-v1s20x0050372_ses-1/label/rh.nofix.cortex.label

 Generating cortex label... RemoveHipAmgy=0
 NucAccIsMedialWall=0
 mris->useRealRAS=0
18 non-cortical segments detected
only using segment with 7986 vertices
erasing segment 1 (vno[0] = 62864)
erasing segment 2 (vno[0] = 64351)
erasing segment 3 (vno[0] = 65890)
erasing segment 4 (vno[0] = 65952)
erasing segment 5 (vno[0] = 67229)
erasing segment 6 (vno[0] = 67336)
erasing segment 7 (vno[0] = 69282)
erasing segment 8 (vno[0] = 89828)
erasing segment 9 (vno[0] = 92441)
erasing segment 10 (vno[0] = 93410)
erasing segment 11 (vno[0] = 96071)
erasing segment 12 (vno[0] = 103863)
erasing segment 13 (vno[0] = 105020)
erasing segment 14 (vno[0] = 106214)
erasing segment 15 (vno[0] = 109769)
erasing segment 16 (vno[0] = 110793)
erasing segment 17 (vno[0] = 119369)
mri_label2vol --defects /out/sourcedata/freesurfer/sub-v1s20x0050372_ses-1/surf/rh.orig.nofix /out/sourcedata/freesurfer/sub-v1s20x0050372_ses-1/surf/rh.defect_labels /out/sourcedata/freesurfer/sub-v1s20x0050372_ses-1/mri/orig.mgz 2000 0 /out/sourcedata/freesurfer/sub-v1s20x0050372_ses-1/mri/rh.surface.defects.mgz /out/sourcedata/freesurfer/sub-v1s20x0050372_ses-1/label/rh.nofix.cortex.label
mri_label2vol supposed to be reproducible but seed not set
Contraining to label /out/sourcedata/freesurfer/sub-v1s20x0050372_ses-1/label/rh.nofix.cortex.label
Changing input type 0 to MRI_INT
Converting defects to volume: offset=2000, merge=0
Writing to /out/sourcedata/freesurfer/sub-v1s20x0050372_ses-1/mri/rh.surface.defects.mgz
mris_defects_pointset -s /out/sourcedata/freesurfer/sub-v1s20x0050372_ses-1/surf/rh.orig.nofix -d /out/sourcedata/freesurfer/sub-v1s20x0050372_ses-1/surf/rh.defect_labels -o /out/sourcedata/freesurfer/sub-v1s20x0050372_ses-1/surf/rh.defects.pointset --label /out/sourcedata/freesurfer/sub-v1s20x0050372_ses-1/label/rh.nofix.cortex.label
Reading in surface /out/sourcedata/freesurfer/sub-v1s20x0050372_ses-1/surf/rh.orig.nofix
Reading in defect segmentation /out/sourcedata/freesurfer/sub-v1s20x0050372_ses-1/surf/rh.defect_labels
Reading in label /out/sourcedata/freesurfer/sub-v1s20x0050372_ses-1/label/rh.nofix.cortex.label
#VMPC# mris_defects_pointset 1318636
mris_defects_pointset done
 
Started at Thu Mar 12 17:43:11 CET 2026 
Ended   at Thu Mar 12 17:43:23 CET 2026
Defect2seg-Run-Time-Sec 12
Defect2seg-Run-Time-Min 0.24
Defect2seg-Run-Time-Hours 0.00
 
tkmeditfv sub-v1s20x0050372_ses-1 brain.finalsurfs.mgz -defect
defect2seg Done

 mris_remesh --remesh --iters 3 --input /out/sourcedata/freesurfer/sub-v1s20x0050372_ses-1/surf/rh.orig.premesh --output /out/sourcedata/freesurfer/sub-v1s20x0050372_ses-1/surf/rh.orig 

iters = 3
standard remeshing without target
   adjusted l: 0.713753
remeshing to edge length 0.713753 with 3 iterations

avg qual before   : 0.891732  after: 0.971248

Removing intersections
removing intersecting faces
000: 6 intersecting
terminating search with 0 intersecting
Remeshed surface quality stats nv0 = 145514  nv = 152178  1.0458
Area    304352  0.30496  0.03388 0.033997   0.4746
Corner  913056 60.00000  8.78728 8.479890 156.5486
Edge    456528  0.84719  0.08261 0.245560   1.2659
Hinge   456528  9.55522  9.98866 0.000043 175.0627
mris_remesh done
/out/sourcedata/freesurfer/sub-v1s20x0050372_ses-1/scripts

 mris_remove_intersection ../surf/rh.orig ../surf/rh.orig 

intersection removal took 0.00 hours
writing corrected surface to ../surf/rh.orig

 rm -f ../surf/rh.inflated 

#--------------------------------------------
#@# AutoDetGWStats rh Thu Mar 12 17:43:54 CET 2026
cd /out/sourcedata/freesurfer/sub-v1s20x0050372_ses-1/mri
mris_autodet_gwstats --o ../surf/autodet.gw.stats.rh.dat --i brain.finalsurfs.mgz --wm wm.mgz --surf ../surf/rh.orig.premesh
7.3.2

cd /out/sourcedata/freesurfer/sub-v1s20x0050372_ses-1/mri
setenv SUBJECTS_DIR /out/sourcedata/freesurfer
mris_autodet_gwstats --o ../surf/autodet.gw.stats.rh.dat --i brain.finalsurfs.mgz --wm wm.mgz --surf ../surf/rh.orig.premesh 

border white:    279603 voxels (1.67%)
border gray      304010 voxels (1.81%)
Reading in intensity volume brain.finalsurfs.mgz
Reading in wm volume wm.mgz
Reading in surf ../surf/rh.orig.premesh
Auto detecting stats
MRIclipBrightWM(): nthresh=13066, wmmin=5, clip=110 
Binarizing thresholding at 5
computing class statistics... low=30, hi=110.000000
CCS WM (97.0): 97.8 +- 7.1 [70.0 --> 110.0]
CCS GM (78.0) : 77.1 +- 8.8 [30.0 --> 110.0]
white_mean = 97.7704 +/- 7.12487, gray_mean = 77.114 +/- 8.78629
using class modes intead of means, discounting robust sigmas....
MRIScomputeClassModes(): min=0 max=255 nbins=256
intensity peaks found at WM=101+-5.2,    GM=73+-7.0
white_mode = 101, gray_mode = 73
std_scale = 1
Applying sanity checks, max_scale_down = 0.2
setting MIN_GRAY_AT_WHITE_BORDER to 64.2 (was 70.000000)
setting MAX_BORDER_WHITE to 108.1 (was 105.000000)
setting MIN_BORDER_WHITE to 73.0 (was 85.000000)
setting MAX_CSF to 55.4 (was 40.000000)
setting MAX_GRAY to 93.9 (was 95.000000)
setting MAX_GRAY_AT_CSF_BORDER to 64.2 (was 75.000000)
setting MIN_GRAY_AT_CSF_BORDER to 46.6 (was 40.000000)
When placing the white surface
  white_border_hi   = 108.125;
  white_border_low  = 73;
  white_outside_low = 64.2137;
  white_inside_hi   = 120;
  white_outside_hi  = 108.125;
When placing the pial surface
  pial_border_hi   = 64.2137;
  pial_border_low  = 46.6411;
  pial_outside_low = 10;
  pial_inside_hi   = 93.8751;
  pial_outside_hi  = 59.8206;
#VMPC# mris_autodet_gwstats VmPeak  1603788
mris_autodet_gwstats done
#--------------------------------------------
#@# WhitePreAparc rh Thu Mar 12 17:43:56 CET 2026
cd /out/sourcedata/freesurfer/sub-v1s20x0050372_ses-1/mri
mris_place_surface --adgws-in ../surf/autodet.gw.stats.rh.dat --wm wm.mgz --threads 16 --invol brain.finalsurfs.mgz --rh --i ../surf/rh.orig --o ../surf/rh.white.preaparc --white --seg aseg.presurf.mgz --nsmooth 5
7.3.2
7.3.2

cd /out/sourcedata/freesurfer/sub-v1s20x0050372_ses-1/mri
setenv SUBJECTS_DIR /out/sourcedata/freesurfer
mris_place_surface --adgws-in ../surf/autodet.gw.stats.rh.dat --wm wm.mgz --threads 16 --invol brain.finalsurfs.mgz --rh --i ../surf/rh.orig --o ../surf/rh.white.preaparc --white --seg aseg.presurf.mgz --nsmooth 5 

Reading in input surface ../surf/rh.orig
Smoothing surface before ripping with 5 iterations
Area    304352  0.27018  0.06328 0.000693   0.5821
Corner  913056 60.00000  9.36682 5.721151 147.9650
Edge    456528  0.79353  0.11422 0.028472   1.3577
Hinge   456528  6.37448  6.40198 0.000018 164.2638
Not reading in aparc
Reading in input volume brain.finalsurfs.mgz
Reading in wm volume wm.mgz
MRIclipBrightWM(): nthresh=13066, wmmin=5, clip=110 
MRIfindBrightNonWM(): 1566 bright non-wm voxels segmented.
Masking bright non-wm for white surface
MRImask(): AllowDiffGeom = 1
MRImask(): AllowDiffGeom = 1
Reading in seg volume aseg.presurf.mgz
Ripping frozen voxels
INFO: rip surface needed but not specified, so using input surface
Freezing midline and others
Entering: MRISripMidline(): inhibiting deformation at non-cortical midline structures...
  which=1, fix_mtl=0, using annot = 0
#FML0# MRISripMidline(): nripped=0
removing 2 vertices from ripped group in thread:0
removing 4 vertices from ripped group in thread:0
removing 3 vertices from ripped group in thread:0
#FML# MRISripMidline(): nmarked=5567, nmarked2=49, nripped=5567
Ripping segs (eg, WMSA, BG, frozen)
Starting MRISripSegs() d = (-2 2 0.5) segnos: 247 
MRISripSegs(): -2 2 0.5 ripped 0
vertex 76089: xyz = (54.3391,5.12338,23.7618) oxyz = (54.3391,5.12338,23.7618) wxzy = (54.3391,5.12338,23.7618) pxyz = (0,0,0) 
CBVO Creating mask 152178
n_averages 4
Iteration 0 =========================================
n_averages=4, current_sigma=2
Freezing midline and others
Ripping frozen voxels
INFO: rip surface needed but not specified, so using input surface
Freezing midline and others
Entering: MRISripMidline(): inhibiting deformation at non-cortical midline structures...
  which=1, fix_mtl=0, using annot = 0
#FML0# MRISripMidline(): nripped=5567
removing 2 vertices from ripped group in thread:0
removing 4 vertices from ripped group in thread:0
removing 3 vertices from ripped group in thread:0
#FML# MRISripMidline(): nmarked=5567, nmarked2=49, nripped=5567
Ripping segs (eg, WMSA, BG, frozen)
Starting MRISripSegs() d = (-2 2 0.5) segnos: 247 247 
MRISripSegs(): -2 2 0.5 ripped 0
Computing target border values 
Entering MRIScomputeBorderValues_new(): 
  inside_hi   = 120.0000000;
  border_hi   = 108.1248700;
  border_low  =  73.0000000;
  outside_low =  64.2137070;
  outside_hi  = 108.1248700;
  sigma = 2;
  max_thickness = 10;
  step_size=0.5;
  STEP_SIZE=0.1;
  which = 1
  thresh = 0
  flags = 0
  CBVfindFirstPeakD1=0
  CBVfindFirstPeakD2=0
  nvertices=152178
  Gdiag_no=-1
  vno start=0, stop=152178
Replacing 255s with 0s
#SI# sigma=2 had to be increased for 304 vertices, nripped=5567
mean border=84.7, 151 (151) missing vertices, mean dist 0.2 [0.6 (%42.0)->0.8 (%58.0))]
%72 local maxima, %25 large gradients and % 0 min vals, 0 gradients ignored
nFirstPeakD1 0
MRIScomputeBorderValues_new() finished in 0.0110 min


Finding expansion regions
mean absolute distance = 0.73 +- 0.93
5317 vertices more than 2 sigmas from mean.
Averaging target values for 5 iterations...
Positioning Surface: tspring = 0.3, nspring = 0.3, spring = 0, niters = 100 l_repulse = 5, l_surf_repulse = 0, checktol = 0
Positioning pial surface
Entering MRISpositionSurface()
  max_mm = 0.3
  MAX_REDUCTIONS = 2, REDUCTION_PCT = 0.5
  parms->check_tol = 0, niterations = 100
tol=1.0e-04, sigma=2.0, host=dna08, nav=4, nbrs=2, l_repulse=5.000, l_tspring=0.300, l_nspring=0.300, l_intensity=0.200, l_curv=1.000
mom=0.00, dt=0.50
complete_dist_mat 0
rms 0
smooth_averages 0
remove_neg 0
ico_order 0
which_surface 0
target_radius 0.000000
nfields 0
scale 0.000000
desired_rms_height 0.000000
momentum 0.000000
nbhd_size 0
max_nbrs 0
niterations 100
nsurfaces 0
SURFACES 3
flags 0 (0)
use curv 0
no sulc 0
no rigid align 0
mris->nsize 2
mris->hemisphere 1
randomSeed 0

000: dt: 0.0000, sse=2408624.5, rms=8.740
001: dt: 0.5000, sse=1300566.4, rms=6.222 (28.806%)
002: dt: 0.5000, sse=798422.8, rms=4.640 (25.432%)
003: dt: 0.5000, sse=567266.6, rms=3.681 (20.659%)
004: dt: 0.5000, sse=452840.3, rms=3.099 (15.805%)
005: dt: 0.5000, sse=402222.0, rms=2.756 (11.097%)
006: dt: 0.5000, sse=365188.1, rms=2.555 (7.278%)
007: dt: 0.5000, sse=352707.8, rms=2.450 (4.127%)
rms = 2.4092/2.4495, sse=347680.8/352707.8, time step reduction 1 of 3 to 0.250  0 0 1
008: dt: 0.5000, sse=347680.8, rms=2.409 (1.646%)
009: dt: 0.2500, sse=256605.1, rms=1.600 (33.604%)
010: dt: 0.2500, sse=249374.9, rms=1.487 (7.026%)
rms = 1.4681/1.4872, sse=247514.6/249374.9, time step reduction 2 of 3 to 0.125  0 0 1
011: dt: 0.2500, sse=247514.6, rms=1.468 (1.283%)
012: dt: 0.1250, sse=244214.0, rms=1.417 (3.459%)
rms = 1.3924/1.4174, sse=243809.1/244214.0, time step reduction 3 of 3 to 0.062  0 0 1
013: dt: 0.1250, sse=243809.1, rms=1.392 (1.765%)
  maximum number of reductions reached, breaking from loop
positioning took 1.3 minutes
Iteration 1 =========================================
n_averages=2, current_sigma=1
Freezing midline and others
Ripping frozen voxels
INFO: rip surface needed but not specified, so using input surface
Freezing midline and others
Entering: MRISripMidline(): inhibiting deformation at non-cortical midline structures...
  which=1, fix_mtl=0, using annot = 0
#FML0# MRISripMidline(): nripped=5567
removing 4 vertices from ripped group in thread:0
removing 4 vertices from ripped group in thread:0
removing 2 vertices from ripped group in thread:0
removing 4 vertices from ripped group in thread:0
removing 3 vertices from ripped group in thread:0
removing 1 vertices from ripped group in thread:0
#FML# MRISripMidline(): nmarked=5883, nmarked2=126, nripped=5883
Ripping segs (eg, WMSA, BG, frozen)
Starting MRISripSegs() d = (-2 2 0.5) segnos: 247 247 247 
MRISripSegs(): -2 2 0.5 ripped 0
Computing target border values 
Entering MRIScomputeBorderValues_new(): 
  inside_hi   = 120.0000000;
  border_hi   = 108.1248700;
  border_low  =  73.0000000;
  outside_low =  64.2137070;
  outside_hi  = 108.1248700;
  sigma = 1;
  max_thickness = 10;
  step_size=0.5;
  STEP_SIZE=0.1;
  which = 1
  thresh = 0
  flags = 0
  CBVfindFirstPeakD1=0
  CBVfindFirstPeakD2=0
  nvertices=152178
  Gdiag_no=-1
  vno start=0, stop=152178
Replacing 255s with 0s
#SI# sigma=1 had to be increased for 154 vertices, nripped=5883
mean border=86.7, 258 (52) missing vertices, mean dist -0.2 [0.4 (%69.1)->0.3 (%30.9))]
%77 local maxima, %19 large gradients and % 0 min vals, 0 gradients ignored
nFirstPeakD1 0
MRIScomputeBorderValues_new() finished in 0.0081 min


Finding expansion regions
mean absolute distance = 0.39 +- 0.70
4482 vertices more than 2 sigmas from mean.
Averaging target values for 5 iterations...
Positioning Surface: tspring = 0.3, nspring = 0.3, spring = 0, niters = 100 l_repulse = 5, l_surf_repulse = 0, checktol = 0
Positioning pial surface
Entering MRISpositionSurface()
  max_mm = 0.3
  MAX_REDUCTIONS = 2, REDUCTION_PCT = 0.5
  parms->check_tol = 0, niterations = 100
tol=1.0e-04, sigma=1.0, host=dna08, nav=2, nbrs=2, l_repulse=5.000, l_tspring=0.300, l_nspring=0.300, l_intensity=0.200, l_curv=1.000
mom=0.00, dt=0.50
000: dt: 0.0000, sse=655179.9, rms=3.775
014: dt: 0.5000, sse=414707.3, rms=2.468 (34.607%)
015: dt: 0.5000, sse=358157.0, rms=2.017 (18.275%)
016: dt: 0.5000, sse=341489.4, rms=1.893 (6.179%)
rms = 1.7966/1.8926, sse=343774.5/341489.4, time step reduction 1 of 3 to 0.250  0 1 0
017: dt: 0.5000, sse=343774.5, rms=1.797 (5.075%)
018: dt: 0.2500, sse=290582.5, rms=1.303 (27.465%)
019: dt: 0.2500, sse=283718.0, rms=1.196 (8.233%)
rms = 1.1746/1.1959, sse=279126.5/283718.0, time step reduction 2 of 3 to 0.125  0 0 1
020: dt: 0.2500, sse=279126.5, rms=1.175 (1.780%)
021: dt: 0.1250, sse=275520.6, rms=1.119 (4.745%)
rms = 1.1024/1.1189, sse=275153.6/275520.6, time step reduction 3 of 3 to 0.062  0 0 1
022: dt: 0.1250, sse=275153.6, rms=1.102 (1.472%)
  maximum number of reductions reached, breaking from loop
positioning took 0.8 minutes
Iteration 2 =========================================
n_averages=1, current_sigma=0.5
Freezing midline and others
Ripping frozen voxels
INFO: rip surface needed but not specified, so using input surface
Freezing midline and others
Entering: MRISripMidline(): inhibiting deformation at non-cortical midline structures...
  which=1, fix_mtl=0, using annot = 0
#FML0# MRISripMidline(): nripped=5883
removing 4 vertices from ripped group in thread:0
removing 2 vertices from ripped group in thread:0
removing 2 vertices from ripped group in thread:0
removing 1 vertices from ripped group in thread:0
removing 2 vertices from ripped group in thread:0
#FML# MRISripMidline(): nmarked=5950, nmarked2=131, nripped=5950
Ripping segs (eg, WMSA, BG, frozen)
Starting MRISripSegs() d = (-2 2 0.5) segnos: 247 247 247 247 
MRISripSegs(): -2 2 0.5 ripped 0
Computing target border values 
Entering MRIScomputeBorderValues_new(): 
  inside_hi   = 120.0000000;
  border_hi   = 108.1248700;
  border_low  =  73.0000000;
  outside_low =  64.2137070;
  outside_hi  = 108.1248700;
  sigma = 0.5;
  max_thickness = 10;
  step_size=0.5;
  STEP_SIZE=0.1;
  which = 1
  thresh = 0
  flags = 0
  CBVfindFirstPeakD1=0
  CBVfindFirstPeakD2=0
  nvertices=152178
  Gdiag_no=-1
  vno start=0, stop=152178
Replacing 255s with 0s
#SI# sigma=0.5 had to be increased for 166 vertices, nripped=5950
mean border=88.2, 213 (31) missing vertices, mean dist -0.1 [0.3 (%65.7)->0.2 (%34.3))]
%84 local maxima, %12 large gradients and % 0 min vals, 0 gradients ignored
nFirstPeakD1 0
MRIScomputeBorderValues_new() finished in 0.0049 min


Finding expansion regions
mean absolute distance = 0.31 +- 0.53
4633 vertices more than 2 sigmas from mean.
Averaging target values for 5 iterations...
Positioning Surface: tspring = 0.3, nspring = 0.3, spring = 0, niters = 100 l_repulse = 5, l_surf_repulse = 0, checktol = 0
Positioning pial surface
Entering MRISpositionSurface()
  max_mm = 0.3
  MAX_REDUCTIONS = 2, REDUCTION_PCT = 0.5
  parms->check_tol = 0, niterations = 100
tol=1.0e-04, sigma=0.5, host=dna08, nav=1, nbrs=2, l_repulse=5.000, l_tspring=0.300, l_nspring=0.300, l_intensity=0.200, l_curv=1.000
mom=0.00, dt=0.50
000: dt: 0.0000, sse=443046.5, rms=2.659
023: dt: 0.5000, sse=357371.3, rms=1.898 (28.612%)
024: dt: 0.5000, sse=325031.2, rms=1.607 (15.329%)
rms = 1.6290/1.6073, sse=313236.3/325031.2, time step reduction 1 of 3 to 0.250  0 0 1
   RMS increased, rejecting step
025: dt: 0.2500, sse=285490.8, rms=1.302 (18.979%)
026: dt: 0.2500, sse=276976.7, rms=1.135 (12.807%)
rms = 1.1180/1.1355, sse=270733.2/276976.7, time step reduction 2 of 3 to 0.125  0 0 1
027: dt: 0.2500, sse=270733.2, rms=1.118 (1.535%)
028: dt: 0.1250, sse=266526.2, rms=1.018 (8.953%)
rms = 0.9789/1.0179, sse=265757.3/266526.2, time step reduction 3 of 3 to 0.062  0 0 1
029: dt: 0.1250, sse=265757.3, rms=0.979 (3.836%)
  maximum number of reductions reached, breaking from loop
positioning took 0.7 minutes
Iteration 3 =========================================
n_averages=0, current_sigma=0.25
Freezing midline and others
Ripping frozen voxels
INFO: rip surface needed but not specified, so using input surface
Freezing midline and others
Entering: MRISripMidline(): inhibiting deformation at non-cortical midline structures...
  which=1, fix_mtl=0, using annot = 0
#FML0# MRISripMidline(): nripped=5950
removing 4 vertices from ripped group in thread:0
removing 2 vertices from ripped group in thread:0
removing 2 vertices from ripped group in thread:0
removing 2 vertices from ripped group in thread:0
removing 3 vertices from ripped group in thread:0
removing 1 vertices from ripped group in thread:0
#FML# MRISripMidline(): nmarked=6001, nmarked2=130, nripped=6001
Ripping segs (eg, WMSA, BG, frozen)
Starting MRISripSegs() d = (-2 2 0.5) segnos: 247 247 247 247 247 
MRISripSegs(): -2 2 0.5 ripped 0
Computing target border values 
Entering MRIScomputeBorderValues_new(): 
  inside_hi   = 120.0000000;
  border_hi   = 108.1248700;
  border_low  =  73.0000000;
  outside_low =  64.2137070;
  outside_hi  = 108.1248700;
  sigma = 0.25;
  max_thickness = 10;
  step_size=0.5;
  STEP_SIZE=0.1;
  which = 1
  thresh = 0
  flags = 0
  CBVfindFirstPeakD1=0
  CBVfindFirstPeakD2=0
  nvertices=152178
  Gdiag_no=-1
  vno start=0, stop=152178
Replacing 255s with 0s
#SI# sigma=0.25 had to be increased for 169 vertices, nripped=6001
mean border=88.7, 211 (25) missing vertices, mean dist -0.1 [0.3 (%55.6)->0.2 (%44.4))]
%87 local maxima, % 8 large gradients and % 0 min vals, 0 gradients ignored
nFirstPeakD1 0
MRIScomputeBorderValues_new() finished in 0.0033 min


Finding expansion regions
mean absolute distance = 0.28 +- 0.43
4288 vertices more than 2 sigmas from mean.
Averaging target values for 5 iterations...
Positioning Surface: tspring = 0.3, nspring = 0.3, spring = 0, niters = 100 l_repulse = 5, l_surf_repulse = 0, checktol = 0
Positioning pial surface
Entering MRISpositionSurface()
  max_mm = 0.3
  MAX_REDUCTIONS = 2, REDUCTION_PCT = 0.5
  parms->check_tol = 0, niterations = 100
tol=1.0e-04, sigma=0.2, host=dna08, nav=0, nbrs=2, l_repulse=5.000, l_tspring=0.300, l_nspring=0.300, l_intensity=0.200, l_curv=1.000
mom=0.00, dt=0.50
000: dt: 0.0000, sse=299453.9, rms=1.493
030: dt: 0.5000, sse=291644.9, rms=1.366 (8.488%)
031: dt: 0.5000, sse=279720.7, rms=1.238 (9.343%)
rms = 1.4528/1.2383, sse=289215.8/279720.6, time step reduction 1 of 3 to 0.250  0 1 1
   RMS increased, rejecting step
032: dt: 0.2500, sse=256175.1, rms=0.944 (23.766%)
rms = 0.9398/0.9440, sse=254433.5/256175.1, time step reduction 2 of 3 to 0.125  0 0 1
033: dt: 0.2500, sse=254433.5, rms=0.940 (0.439%)
034: dt: 0.1250, sse=246216.8, rms=0.821 (12.640%)
rms = 0.8025/0.8210, sse=244488.1/246216.8, time step reduction 3 of 3 to 0.062  0 0 1
035: dt: 0.1250, sse=244488.1, rms=0.803 (2.258%)
  maximum number of reductions reached, breaking from loop
positioning took 0.6 minutes


Writing output to ../surf/rh.white.preaparc
#ET# mris_place_surface  3.47 minutes
#VMPC# mris_place_surfaces VmPeak  3325088
mris_place_surface done
#--------------------------------------------
#@# CortexLabel rh Thu Mar 12 17:47:29 CET 2026
cd /out/sourcedata/freesurfer/sub-v1s20x0050372_ses-1/mri
mri_label2label --label-cortex ../surf/rh.white.preaparc aseg.presurf.mgz 0 ../label/rh.cortex.label

 Generating cortex label... RemoveHipAmgy=0
 NucAccIsMedialWall=0
 mris->useRealRAS=0
12 non-cortical segments detected
only using segment with 6948 vertices
erasing segment 0 (vno[0] = 33434)
erasing segment 1 (vno[0] = 37288)
erasing segment 3 (vno[0] = 52325)
erasing segment 4 (vno[0] = 60096)
erasing segment 5 (vno[0] = 69735)
erasing segment 6 (vno[0] = 86593)
erasing segment 7 (vno[0] = 89559)
erasing segment 8 (vno[0] = 90631)
erasing segment 9 (vno[0] = 93212)
erasing segment 10 (vno[0] = 93223)
erasing segment 11 (vno[0] = 137743)
#--------------------------------------------
#@# CortexLabel+HipAmyg rh Thu Mar 12 17:47:39 CET 2026
cd /out/sourcedata/freesurfer/sub-v1s20x0050372_ses-1/mri
mri_label2label --label-cortex ../surf/rh.white.preaparc aseg.presurf.mgz 1 ../label/rh.cortex+hipamyg.label

 Generating cortex label... RemoveHipAmgy=1
 NucAccIsMedialWall=0
 mris->useRealRAS=0
11 non-cortical segments detected
only using segment with 4946 vertices
erasing segment 0 (vno[0] = 33434)
erasing segment 1 (vno[0] = 37288)
erasing segment 3 (vno[0] = 52325)
erasing segment 4 (vno[0] = 60096)
erasing segment 5 (vno[0] = 60412)
erasing segment 6 (vno[0] = 87573)
erasing segment 7 (vno[0] = 89559)
erasing segment 8 (vno[0] = 93212)
erasing segment 9 (vno[0] = 93223)
erasing segment 10 (vno[0] = 142352)
#--------------------------------------------
#@# Smooth2 rh Thu Mar 12 17:47:49 CET 2026
/out/sourcedata/freesurfer/sub-v1s20x0050372_ses-1/scripts

 mris_smooth -n 3 -nw -seed 1234 ../surf/rh.white.preaparc ../surf/rh.smoothwm 

smoothing for 3 iterations
setting seed for random number generator to 1234
smoothing surface tessellation for 3 iterations...
smoothing complete - recomputing first and second fundamental forms...
#--------------------------------------------
#@# Inflation2 rh Thu Mar 12 17:47:51 CET 2026
/out/sourcedata/freesurfer/sub-v1s20x0050372_ses-1/scripts

 mris_inflate ../surf/rh.smoothwm ../surf/rh.inflated 

Reading ../surf/rh.smoothwm
avg radius = 48.2 mm, total surface area = 93703 mm^2
step 000: RMS=0.167 (target=0.015)   step 005: RMS=0.113 (target=0.015)   step 010: RMS=0.085 (target=0.015)   step 015: RMS=0.071 (target=0.015)   step 020: RMS=0.060 (target=0.015)   step 025: RMS=0.049 (target=0.015)   step 030: RMS=0.041 (target=0.015)   step 035: RMS=0.036 (target=0.015)   step 040: RMS=0.031 (target=0.015)   step 045: RMS=0.027 (target=0.015)   step 050: RMS=0.025 (target=0.015)   step 055: RMS=0.023 (target=0.015)   step 060: RMS=0.021 (target=0.015)   writing inflated surface to ../surf/rh.inflated
writing sulcal depths to ../surf/rh.sulc

inflation complete.
inflation took 0.2 minutes
mris_inflate utimesec    61.895950
mris_inflate stimesec    0.704358
mris_inflate ru_maxrss   232328
mris_inflate ru_ixrss    0
mris_inflate ru_idrss    0
mris_inflate ru_isrss    0
mris_inflate ru_minflt   100191
mris_inflate ru_majflt   8
mris_inflate ru_nswap    0
mris_inflate ru_inblock  0
mris_inflate ru_oublock  11896
mris_inflate ru_msgsnd   0
mris_inflate ru_msgrcv   0
mris_inflate ru_nsignals 0
mris_inflate ru_nvcsw    7695
mris_inflate ru_nivcsw   280
#--------------------------------------------
#@# Curv .H and .K rh Thu Mar 12 17:48:05 CET 2026
/out/sourcedata/freesurfer/sub-v1s20x0050372_ses-1/surf

 mris_curvature -w -seed 1234 rh.white.preaparc 

setting seed for random number generator to 1234
total integrated curvature = 30.782*4pi (386.812) --> -30 handles
ICI = 178.6, FI = 1569.9, variation=25272.844
writing Gaussian curvature to ./rh.white.preaparc.K...done.
writing mean curvature to ./rh.white.preaparc.H...done.
rm -f rh.white.H
ln -s rh.white.preaparc.H rh.white.H
rm -f rh.white.K
ln -s rh.white.preaparc.K rh.white.K

 mris_curvature -seed 1234 -thresh .999 -n -a 5 -w -distances 10 10 rh.inflated 

setting seed for random number generator to 1234
normalizing curvature values.
averaging curvature patterns 5 times.
sampling 10 neighbors out to a distance of 10 mm
199 vertices thresholded to be in k1 ~ [-0.58 0.42], k2 ~ [-0.17 0.16]
total integrated curvature = 0.494*4pi (6.213) --> 1 handles
ICI = 1.6, FI = 10.8, variation=182.874
170 vertices thresholded to be in [-0.05 0.02]
writing Gaussian curvature to ./rh.inflated.K...thresholding curvature at 99.90% level
curvature mean = 0.000, std = 0.002
132 vertices thresholded to be in [-0.19 0.18]
done.
writing mean curvature to ./rh.inflated.H...curvature mean = -0.015, std = 0.024
done.
#--------------------------------------------
#@# Sphere rh Thu Mar 12 17:48:47 CET 2026
/out/sourcedata/freesurfer/sub-v1s20x0050372_ses-1/scripts

 mris_sphere -seed 1234 ../surf/rh.inflated ../surf/rh.sphere 

setting seed for random number genererator to 1234
version: 7.3.2
available threads: 16
reading original vertex positions...
projecting onto sphere...
surface projected - minimizing metric distortion...
scaling brain by 0.268...
MRISunfold() max_passes = 1 -------
tol=5.0e-01, sigma=0.0, host=dna08, nav=1024, nbrs=2, l_area=1.000, l_dist=1.000
using quadratic fit line minimization
complete_dist_mat 0
rms 0
smooth_averages 0
remove_neg 0
ico_order 0
which_surface 0
target_radius 0.000000
nfields 0
scale 1.000000
desired_rms_height -1.000000
momentum 0.900000
nbhd_size 7
max_nbrs 8
niterations 25
nsurfaces 0
SURFACES 3
flags 0 (0)
use curv 0
no sulc 0
no rigid align 0
mris->nsize 2
mris->hemisphere 1
randomSeed 1234

singular matrix in quadratic form
--------------------
  mrisRemoveNegativeArea()
pass 1: epoch 1 of 3 starting distance error %20.01
pass 1: epoch 2 of 3 starting distance error %19.94
unfolding complete - removing small folds...
starting distance error %19.85
removing remaining folds...
final distance error %19.88
MRISunfold() return, current seed 1234
-01: dt=0.0000,  22 negative triangles  VmPeak 2061836
203: dt=0.9900,  22 negative triangles
204: dt=0.9900,  12 negative triangles
205: dt=0.9900,   7 negative triangles
206: dt=0.9900,   3 negative triangles
207: dt=0.9900,   1 negative triangles
208: dt=0.9900,   2 negative triangles
writing spherical brain to ../surf/rh.sphere
spherical transformation took 0.0616 hours
FSRUNTIME@ mris_sphere  0.0616 hours 16 threads
#VMPC# mris_sphere VmPeak  2061836
mris_sphere done
#--------------------------------------------
#@# Surf Reg rh Thu Mar 12 17:52:29 CET 2026
/out/sourcedata/freesurfer/sub-v1s20x0050372_ses-1/scripts

 mris_register -curv ../surf/rh.sphere /opt/freesurfer/average/rh.folding.atlas.acfb40.noaparc.i12.2016-08-02.tif ../surf/rh.sphere.reg 

using smoothwm curvature for final alignment

cwd /out/sourcedata/freesurfer/sub-v1s20x0050372_ses-1/scripts
cmdline mris_register -curv ../surf/rh.sphere /opt/freesurfer/average/rh.folding.atlas.acfb40.noaparc.i12.2016-08-02.tif ../surf/rh.sphere.reg 

0 inflated.H
1 sulc
2 smoothwm (computed)
7.3.2
  7.3.2
reading surface from ../surf/rh.sphere...
reading template parameterization from /opt/freesurfer/average/rh.folding.atlas.acfb40.noaparc.i12.2016-08-02.tif...
MRISregister() -------
max_passes = 4 
min_degrees = 0.500000 
max_degrees = 64.000000 
nangles = 8 
tol=5.0e-01, sigma=0.0, host=dna08, nav=1024, nbrs=1, l_extern=10000.000, l_parea=0.200, l_nlarea=1.000, l_corr=1.000, l_dist=5.000
using quadratic fit line minimization
complete_dist_mat 0
rms 0
smooth_averages 0
remove_neg 0
ico_order 0
which_surface 0
target_radius 0.000000
nfields 0
scale 0.000000
desired_rms_height -1.000000
momentum 0.950000
nbhd_size -10
max_nbrs 10
niterations 25
nsurfaces 0
SURFACES 3
flags 16 (10)
use curv 16
no sulc 0
no rigid align 0
mris->nsize 1
mris->hemisphere 1
randomSeed 0

tol=5.0e-01, sigma=0.0, host=dna08, nav=1024, nbrs=1, l_extern=10000.000, l_parea=0.200, l_nlarea=1.000, l_corr=1.000, l_dist=5.000
using quadratic fit line minimization
--------------------
1 Reading rh.sulc
tol=1.0e+00, sigma=0.5, host=dna08, nav=1024, nbrs=1, l_extern=10000.000, l_parea=0.200, l_nlarea=1.000, l_corr=0.050, l_spring=0.500, l_dist=5.000
using quadratic fit line minimization
curvature mean = -0.000, std = 5.750
curvature mean = 0.046, std = 0.818
curvature mean = 0.011, std = 0.858
Starting MRISrigidBodyAlignGlobal()
Starting new MRISrigidBodyAlignGlobal_findMinSSE()
  new MRISrigidBodyAlignGlobal_findMinSSE min @ (-1.00, -7.00, 10.00) sse = 245600.4, elapsed since starting=0.0974 min
MRISrigidBodyAlignGlobal() done   0.10 min
curvature mean = 0.024, std = 0.826
curvature mean = 0.004, std = 0.948
curvature mean = 0.020, std = 0.834
curvature mean = 0.002, std = 0.980
curvature mean = 0.018, std = 0.835
curvature mean = 0.000, std = 0.992
2 Reading smoothwm
curvature mean = -0.021, std = 0.261
curvature mean = 0.040, std = 0.240
curvature mean = 0.047, std = 0.376
curvature mean = 0.034, std = 0.300
curvature mean = 0.029, std = 0.572
curvature mean = 0.033, std = 0.326
curvature mean = 0.015, std = 0.718
curvature mean = 0.033, std = 0.338
curvature mean = 0.005, std = 0.826
MRISregister() return, current seed 0
-01: dt=0.0000,  48 negative triangles  VmPeak 1778560
116: dt=0.9900,  48 negative triangles
expanding nbhd size to 1
117: dt=0.9900,  53 negative triangles
118: dt=0.9900,  35 negative triangles
119: dt=0.9900,  30 negative triangles
120: dt=0.9900,  29 negative triangles
121: dt=0.9900,  25 negative triangles
122: dt=0.9900,  27 negative triangles
123: dt=0.9900,  27 negative triangles
124: dt=0.9900,  25 negative triangles
125: dt=0.9900,  20 negative triangles
126: dt=0.9900,  19 negative triangles
127: dt=0.9900,  13 negative triangles
128: dt=0.9900,  14 negative triangles
129: dt=0.9900,  14 negative triangles
130: dt=0.9900,  13 negative triangles
131: dt=0.9900,   9 negative triangles
132: dt=0.9900,   6 negative triangles
133: dt=0.9900,   6 negative triangles
134: dt=0.9900,   5 negative triangles
135: dt=0.9900,   3 negative triangles
136: dt=0.9900,   4 negative triangles
137: dt=0.9900,   3 negative triangles
138: dt=0.9900,   3 negative triangles
writing registered surface to ../surf/rh.sphere.reg...
registration took 0.12 hours
#VMPC# mris_register VmPeak  1778560
FSRUNTIME@ mris_register  0.1182 hours 16 threads

 ln -sf rh.sphere.reg rh.fsaverage.sphere.reg 

#--------------------------------------------
#@# Jacobian white rh Thu Mar 12 17:59:34 CET 2026
/out/sourcedata/freesurfer/sub-v1s20x0050372_ses-1/scripts

 mris_jacobian ../surf/rh.white.preaparc ../surf/rh.sphere.reg ../surf/rh.jacobian_white 

reading surface from ../surf/rh.white.preaparc...
writing curvature file ../surf/rh.jacobian_white
#--------------------------------------------
#@# AvgCurv rh Thu Mar 12 17:59:35 CET 2026
/out/sourcedata/freesurfer/sub-v1s20x0050372_ses-1/scripts

 mrisp_paint -a 5 /opt/freesurfer/average/rh.folding.atlas.acfb40.noaparc.i12.2016-08-02.tif#6 ../surf/rh.sphere.reg ../surf/rh.avg_curv 

averaging curvature patterns 5 times...
reading surface from ../surf/rh.sphere.reg...
reading template parameterization from /opt/freesurfer/average/rh.folding.atlas.acfb40.noaparc.i12.2016-08-02.tif...
writing curvature file to ../surf/rh.avg_curv...
#-----------------------------------------
#@# Cortical Parc rh Thu Mar 12 17:59:36 CET 2026
/out/sourcedata/freesurfer/sub-v1s20x0050372_ses-1/scripts

 mris_ca_label -l ../label/rh.cortex.label -aseg ../mri/aseg.presurf.mgz -seed 1234 sub-v1s20x0050372_ses-1 rh ../surf/rh.sphere.reg /opt/freesurfer/average/rh.DKaparc.atlas.acfb40.noaparc.i12.2016-08-02.gcs ../label/rh.aparc.annot 

setting seed for random number generator to 1234
using ../mri/aseg.presurf.mgz aseg volume to correct midline
7.3.2
  7.3.2
reading atlas from /opt/freesurfer/average/rh.DKaparc.atlas.acfb40.noaparc.i12.2016-08-02.gcs...
reading color table from GCSA file....
average std = 0.7   using min determinant for regularization = 0.004
0 singular and 309 ill-conditioned covariance matrices regularized
input 0: MEAN CURVATURE, flags 0, avgs 5, name mean_curvature
labeling surface...
1430 labels changed using aseg
relabeling using gibbs priors...
000:   3042 changed, 152178 examined...
001:    672 changed, 13049 examined...
002:    154 changed, 3923 examined...
003:     40 changed, 928 examined...
004:     10 changed, 264 examined...
005:     10 changed, 67 examined...
006:      4 changed, 58 examined...
007:      2 changed, 24 examined...
008:      3 changed, 11 examined...
009:      0 changed, 11 examined...
133 labels changed using aseg
000: 100 total segments, 61 labels (324 vertices) changed
001: 40 total segments, 1 labels (1 vertices) changed
002: 39 total segments, 0 labels (0 vertices) changed
9 filter iterations complete (10 requested, 0 changed)
rationalizing unknown annotations with cortex label
relabeling unknown label...
relabeling corpuscallosum label...
2196 vertices marked for relabeling...
2196 labels changed in reclassification.
writing output to ../label/rh.aparc.annot...
classification took 0 minutes and 8 seconds.
#--------------------------------------------
#@# WhiteSurfs rh Thu Mar 12 17:59:44 CET 2026
cd /out/sourcedata/freesurfer/sub-v1s20x0050372_ses-1/mri
mris_place_surface --adgws-in ../surf/autodet.gw.stats.rh.dat --seg aseg.presurf.mgz --threads 16 --wm wm.mgz --invol brain.finalsurfs.mgz --rh --i ../surf/rh.white.preaparc --o ../surf/rh.white --white --nsmooth 0 --rip-label ../label/rh.cortex.label --rip-bg --rip-surf ../surf/rh.white.preaparc --aparc ../label/rh.aparc.annot
7.3.2
7.3.2

cd /out/sourcedata/freesurfer/sub-v1s20x0050372_ses-1/mri
setenv SUBJECTS_DIR /out/sourcedata/freesurfer
mris_place_surface --adgws-in ../surf/autodet.gw.stats.rh.dat --seg aseg.presurf.mgz --threads 16 --wm wm.mgz --invol brain.finalsurfs.mgz --rh --i ../surf/rh.white.preaparc --o ../surf/rh.white --white --nsmooth 0 --rip-label ../label/rh.cortex.label --rip-bg --rip-surf ../surf/rh.white.preaparc --aparc ../label/rh.aparc.annot 

Reading in input surface ../surf/rh.white.preaparc
Not smoothing input surface
Area    304352  0.33756  0.11381 0.000834   2.9827
Corner  913056 60.00000 13.08215 0.457749 178.8666
Edge    456528  0.89243  0.18592 0.040937   3.4591
Hinge   456528  9.63197 10.82446 0.000012 179.9949
Reading in aparc ../label/rh.aparc.annot
Reading in input volume brain.finalsurfs.mgz
Reading in wm volume wm.mgz
MRIclipBrightWM(): nthresh=13066, wmmin=5, clip=110 
MRIfindBrightNonWM(): 1566 bright non-wm voxels segmented.
Masking bright non-wm for white surface
MRImask(): AllowDiffGeom = 1
MRImask(): AllowDiffGeom = 1
Reading in seg volume aseg.presurf.mgz
Ripping frozen voxels
Ripping vertices not in label ../label/rh.cortex.label
MRISripNotLabel() ripped 7249/152178 vertices (144929 unripped)
Reading in ripping surface ../surf/rh.white.preaparc
Reading in aparc ../label/rh.aparc.annot for ripsurf
Ripping BG
MRISripBasalGanglia(): 1 -2 2 0.5 ripped 443
Ripping segs (eg, WMSA, BG, frozen)
Starting MRISripSegs() d = (-2 2 0.5) segnos: 247 
MRISripSegs(): -2 2 0.5 ripped 0
vertex 76089: xyz = (54.8875,5.35046,24.0152) oxyz = (54.8875,5.35046,24.0152) wxzy = (54.8875,5.35046,24.0152) pxyz = (0,0,0) 
CBVO Creating mask 152178
n_averages 4
Iteration 0 =========================================
n_averages=4, current_sigma=2
Computing target border values 
Entering MRIScomputeBorderValues_new(): 
  inside_hi   = 120.0000000;
  border_hi   = 108.1248700;
  border_low  =  73.0000000;
  outside_low =  64.2137070;
  outside_hi  = 108.1248700;
  sigma = 2;
  max_thickness = 10;
  step_size=0.5;
  STEP_SIZE=0.1;
  which = 1
  thresh = 0
  flags = 0
  CBVfindFirstPeakD1=0
  CBVfindFirstPeakD2=0
  nvertices=152178
  Gdiag_no=-1
  vno start=0, stop=152178
Replacing 255s with 0s
#SI# sigma=2 had to be increased for 141 vertices, nripped=7692
mean border=84.4, 167 (167) missing vertices, mean dist 0.3 [0.7 (%20.1)->0.6 (%79.9))]
%67 local maxima, %27 large gradients and % 0 min vals, 0 gradients ignored
nFirstPeakD1 0
MRIScomputeBorderValues_new() finished in 0.0108 min


Finding expansion regions
mean absolute distance = 0.62 +- 0.93
3592 vertices more than 2 sigmas from mean.
Averaging target values for 5 iterations...
Positioning Surface: tspring = 0.3, nspring = 0.3, spring = 0, niters = 100 l_repulse = 5, l_surf_repulse = 0, checktol = 0
Positioning pial surface
Entering MRISpositionSurface()
  max_mm = 0.3
  MAX_REDUCTIONS = 2, REDUCTION_PCT = 0.5
  parms->check_tol = 0, niterations = 100
tol=1.0e-04, sigma=2.0, host=dna08, nav=4, nbrs=2, l_repulse=5.000, l_tspring=0.300, l_nspring=0.300, l_intensity=0.200, l_curv=1.000
mom=0.00, dt=0.50
complete_dist_mat 0
rms 0
smooth_averages 0
remove_neg 0
ico_order 0
which_surface 0
target_radius 0.000000
nfields 0
scale 0.000000
desired_rms_height 0.000000
momentum 0.000000
nbhd_size 0
max_nbrs 0
niterations 100
nsurfaces 0
SURFACES 3
flags 0 (0)
use curv 0
no sulc 0
no rigid align 0
mris->nsize 2
mris->hemisphere 1
randomSeed 0

000: dt: 0.0000, sse=1361376.0, rms=6.285
001: dt: 0.5000, sse=680388.8, rms=3.969 (36.851%)
002: dt: 0.5000, sse=450483.8, rms=2.828 (28.752%)
003: dt: 0.5000, sse=380570.6, rms=2.333 (17.504%)
004: dt: 0.5000, sse=347213.0, rms=2.044 (12.372%)
005: dt: 0.5000, sse=332868.4, rms=1.957 (4.247%)
006: dt: 0.5000, sse=320347.8, rms=1.866 (4.675%)
rms = 1.8919/1.8658, sse=326273.3/320347.8, time step reduction 1 of 3 to 0.250  0 1 1
   RMS increased, rejecting step
007: dt: 0.2500, sse=279908.2, rms=1.423 (23.734%)
008: dt: 0.2500, sse=270737.3, rms=1.223 (14.021%)
rms = 1.1855/1.2234, sse=264426.7/270737.3, time step reduction 2 of 3 to 0.125  0 0 1
009: dt: 0.2500, sse=264426.8, rms=1.186 (3.100%)
010: dt: 0.1250, sse=259597.1, rms=1.120 (5.503%)
rms = 1.1000/1.1203, sse=257073.8/259597.1, time step reduction 3 of 3 to 0.062  0 0 1
011: dt: 0.1250, sse=257073.8, rms=1.100 (1.811%)
  maximum number of reductions reached, breaking from loop
positioning took 1.1 minutes
Iteration 1 =========================================
n_averages=2, current_sigma=1
Computing target border values 
Entering MRIScomputeBorderValues_new(): 
  inside_hi   = 120.0000000;
  border_hi   = 108.1248700;
  border_low  =  73.0000000;
  outside_low =  64.2137070;
  outside_hi  = 108.1248700;
  sigma = 1;
  max_thickness = 10;
  step_size=0.5;
  STEP_SIZE=0.1;
  which = 1
  thresh = 0
  flags = 0
  CBVfindFirstPeakD1=0
  CBVfindFirstPeakD2=0
  nvertices=152178
  Gdiag_no=-1
  vno start=0, stop=152178
Replacing 255s with 0s
#SI# sigma=1 had to be increased for 131 vertices, nripped=7692
mean border=86.5, 107 (26) missing vertices, mean dist -0.2 [0.4 (%69.7)->0.3 (%30.3))]
%75 local maxima, %20 large gradients and % 0 min vals, 0 gradients ignored
nFirstPeakD1 0
MRIScomputeBorderValues_new() finished in 0.0110 min


Finding expansion regions
mean absolute distance = 0.39 +- 0.72
4475 vertices more than 2 sigmas from mean.
Averaging target values for 5 iterations...
Positioning Surface: tspring = 0.3, nspring = 0.3, spring = 0, niters = 100 l_repulse = 5, l_surf_repulse = 0, checktol = 0
Positioning pial surface
Entering MRISpositionSurface()
  max_mm = 0.3
  MAX_REDUCTIONS = 2, REDUCTION_PCT = 0.5
  parms->check_tol = 0, niterations = 100
tol=1.0e-04, sigma=1.0, host=dna08, nav=2, nbrs=2, l_repulse=5.000, l_tspring=0.300, l_nspring=0.300, l_intensity=0.200, l_curv=1.000
mom=0.00, dt=0.50
000: dt: 0.0000, sse=601650.8, rms=3.551
012: dt: 0.5000, sse=385511.2, rms=2.244 (36.824%)
013: dt: 0.5000, sse=336872.5, rms=1.801 (19.727%)
014: dt: 0.5000, sse=326065.7, rms=1.682 (6.611%)
015: dt: 0.5000, sse=318900.1, rms=1.601 (4.796%)
rms = 1.6624/1.6012, sse=324329.8/318900.1, time step reduction 1 of 3 to 0.250  0 1 1
   RMS increased, rejecting step
016: dt: 0.2500, sse=288088.7, rms=1.210 (24.407%)
017: dt: 0.2500, sse=275889.5, rms=1.035 (14.476%)
rms = 1.0247/1.0352, sse=275298.6/275889.5, time step reduction 2 of 3 to 0.125  0 0 1
018: dt: 0.2500, sse=275298.6, rms=1.025 (1.013%)
019: dt: 0.1250, sse=269543.7, rms=0.950 (7.285%)
rms = 0.9359/0.9501, sse=269335.8/269543.7, time step reduction 3 of 3 to 0.062  0 0 1
020: dt: 0.1250, sse=269335.8, rms=0.936 (1.491%)
  maximum number of reductions reached, breaking from loop
positioning took 0.9 minutes
Iteration 2 =========================================
n_averages=1, current_sigma=0.5
Computing target border values 
Entering MRIScomputeBorderValues_new(): 
  inside_hi   = 120.0000000;
  border_hi   = 108.1248700;
  border_low  =  73.0000000;
  outside_low =  64.2137070;
  outside_hi  = 108.1248700;
  sigma = 0.5;
  max_thickness = 10;
  step_size=0.5;
  STEP_SIZE=0.1;
  which = 1
  thresh = 0
  flags = 0
  CBVfindFirstPeakD1=0
  CBVfindFirstPeakD2=0
  nvertices=152178
  Gdiag_no=-1
  vno start=0, stop=152178
Replacing 255s with 0s
#SI# sigma=0.5 had to be increased for 160 vertices, nripped=7692
mean border=88.1, 111 (11) missing vertices, mean dist -0.2 [0.4 (%66.3)->0.2 (%33.7))]
%83 local maxima, %12 large gradients and % 0 min vals, 0 gradients ignored
nFirstPeakD1 0
MRIScomputeBorderValues_new() finished in 0.0053 min


Finding expansion regions
mean absolute distance = 0.32 +- 0.54
4845 vertices more than 2 sigmas from mean.
Averaging target values for 5 iterations...
Positioning Surface: tspring = 0.3, nspring = 0.3, spring = 0, niters = 100 l_repulse = 5, l_surf_repulse = 0, checktol = 0
Positioning pial surface
Entering MRISpositionSurface()
  max_mm = 0.3
  MAX_REDUCTIONS = 2, REDUCTION_PCT = 0.5
  parms->check_tol = 0, niterations = 100
tol=1.0e-04, sigma=0.5, host=dna08, nav=1, nbrs=2, l_repulse=5.000, l_tspring=0.300, l_nspring=0.300, l_intensity=0.200, l_curv=1.000
mom=0.00, dt=0.50
000: dt: 0.0000, sse=437209.1, rms=2.630
021: dt: 0.5000, sse=347103.7, rms=1.843 (29.894%)
022: dt: 0.5000, sse=309797.2, rms=1.529 (17.050%)
rms = 1.5485/1.5292, sse=323868.4/309797.2, time step reduction 1 of 3 to 0.250  0 1 1
   RMS increased, rejecting step
023: dt: 0.2500, sse=283272.3, rms=1.205 (21.228%)
024: dt: 0.2500, sse=276253.3, rms=1.029 (14.574%)
rms = 1.0056/1.0290, sse=275420.1/276253.3, time step reduction 2 of 3 to 0.125  0 0 1
025: dt: 0.2500, sse=275420.1, rms=1.006 (2.274%)
026: dt: 0.1250, sse=267741.8, rms=0.907 (9.814%)
rms = 0.8865/0.9069, sse=268198.2/267741.8, time step reduction 3 of 3 to 0.062  0 1 1
027: dt: 0.1250, sse=268198.2, rms=0.887 (2.245%)
  maximum number of reductions reached, breaking from loop
positioning took 0.7 minutes
Iteration 3 =========================================
n_averages=0, current_sigma=0.25
Computing target border values 
Entering MRIScomputeBorderValues_new(): 
  inside_hi   = 120.0000000;
  border_hi   = 108.1248700;
  border_low  =  73.0000000;
  outside_low =  64.2137070;
  outside_hi  = 108.1248700;
  sigma = 0.25;
  max_thickness = 10;
  step_size=0.5;
  STEP_SIZE=0.1;
  which = 1
  thresh = 0
  flags = 0
  CBVfindFirstPeakD1=0
  CBVfindFirstPeakD2=0
  nvertices=152178
  Gdiag_no=-1
  vno start=0, stop=152178
Replacing 255s with 0s
#SI# sigma=0.25 had to be increased for 176 vertices, nripped=7692
mean border=88.7, 129 (9) missing vertices, mean dist -0.1 [0.3 (%55.7)->0.2 (%44.3))]
%86 local maxima, % 8 large gradients and % 0 min vals, 0 gradients ignored
nFirstPeakD1 0
MRIScomputeBorderValues_new() finished in 0.0035 min


Finding expansion regions
mean absolute distance = 0.28 +- 0.43
4283 vertices more than 2 sigmas from mean.
Averaging target values for 5 iterations...
Positioning Surface: tspring = 0.3, nspring = 0.3, spring = 0, niters = 100 l_repulse = 5, l_surf_repulse = 0, checktol = 0
Positioning pial surface
Entering MRISpositionSurface()
  max_mm = 0.3
  MAX_REDUCTIONS = 2, REDUCTION_PCT = 0.5
  parms->check_tol = 0, niterations = 100
tol=1.0e-04, sigma=0.2, host=dna08, nav=0, nbrs=2, l_repulse=5.000, l_tspring=0.300, l_nspring=0.300, l_intensity=0.200, l_curv=1.000
mom=0.00, dt=0.50
000: dt: 0.0000, sse=301413.4, rms=1.444
028: dt: 0.5000, sse=299690.2, rms=1.276 (11.669%)
029: dt: 0.5000, sse=279747.8, rms=1.205 (5.535%)
rms = 1.3979/1.2050, sse=295003.8/279747.8, time step reduction 1 of 3 to 0.250  0 1 1
   RMS increased, rejecting step
030: dt: 0.2500, sse=259235.6, rms=0.891 (26.093%)
rms = 0.8962/0.8906, sse=258325.4/259235.6, time step reduction 2 of 3 to 0.125  0 0 1
   RMS increased, rejecting step
rms = 0.8410/0.8906, sse=256242.8/259235.6, time step reduction 3 of 3 to 0.062  0 0 1
031: dt: 0.1250, sse=256242.8, rms=0.841 (5.572%)
  maximum number of reductions reached, breaking from loop
positioning took 0.5 minutes


Writing output to ../surf/rh.white
#ET# mris_place_surface  3.29 minutes
#VMPC# mris_place_surfaces VmPeak  3267288
mris_place_surface done
#--------------------------------------------
#@# T1PialSurf rh Thu Mar 12 18:03:07 CET 2026
cd /out/sourcedata/freesurfer/sub-v1s20x0050372_ses-1/mri
mris_place_surface --adgws-in ../surf/autodet.gw.stats.rh.dat --seg aseg.presurf.mgz --threads 16 --wm wm.mgz --invol brain.finalsurfs.mgz --rh --i ../surf/rh.white --o ../surf/rh.pial.T1 --pial --nsmooth 0 --rip-label ../label/rh.cortex+hipamyg.label --pin-medial-wall ../label/rh.cortex.label --aparc ../label/rh.aparc.annot --repulse-surf ../surf/rh.white --white-surf ../surf/rh.white
7.3.2
7.3.2

cd /out/sourcedata/freesurfer/sub-v1s20x0050372_ses-1/mri
setenv SUBJECTS_DIR /out/sourcedata/freesurfer
mris_place_surface --adgws-in ../surf/autodet.gw.stats.rh.dat --seg aseg.presurf.mgz --threads 16 --wm wm.mgz --invol brain.finalsurfs.mgz --rh --i ../surf/rh.white --o ../surf/rh.pial.T1 --pial --nsmooth 0 --rip-label ../label/rh.cortex+hipamyg.label --pin-medial-wall ../label/rh.cortex.label --aparc ../label/rh.aparc.annot --repulse-surf ../surf/rh.white --white-surf ../surf/rh.white 

Reading in input surface ../surf/rh.white
Not smoothing input surface
Area    304352  0.34058  0.12970 0.000852   3.2910
Corner  913056 60.00000 14.81987 0.633633 176.9558
Edge    456528  0.89863  0.21060 0.015960   3.5195
Hinge   456528  9.76724 11.10101 0.000023 179.9949
Reading white surface coordinates from ../surf/rh.white
Reading repulsion surface coordinates from ../surf/rh.white
Reading in aparc ../label/rh.aparc.annot
Reading in input volume brain.finalsurfs.mgz
Reading in wm volume wm.mgz
MRIclipBrightWM(): nthresh=13066, wmmin=5, clip=110 
MRIfindBrightNonWM(): 1566 bright non-wm voxels segmented.
Masking bright non-wm for pial surface mid_gray = 70.2581
MRImask(): AllowDiffGeom = 1
MRImask(): AllowDiffGeom = 1
MRImask(): AllowDiffGeom = 1
Reading in seg volume aseg.presurf.mgz
Ripping frozen voxels
Ripping vertices not in label ../label/rh.cortex+hipamyg.label
MRISripNotLabel() ripped 5235/152178 vertices (146943 unripped)
INFO: rip surface needed but not specified, so using input surface
Ripping segs (eg, WMSA, BG, frozen)
Starting MRISripSegs() d = (-2 2 0.5) segnos: 247 
MRISripSegs(): -2 2 0.5 ripped 0
vertex 76089: xyz = (55.0656,5.33292,24.1107) oxyz = (55.0656,5.33292,24.1107) wxzy = (55.0656,5.33292,24.1107) pxyz = (55.0656,5.33292,24.1107) 
CBVO Creating mask 152178
n_averages 16
Iteration 0 =========================================
n_averages=16, current_sigma=2
Computing target border values 
Entering MRIScomputeBorderValues_new(): 
  inside_hi   =  93.8751300;
  border_hi   =  64.2137070;
  border_low  =  46.6411130;
  outside_low =  10.0000000;
  outside_hi  =  59.8205570;
  sigma = 2;
  max_thickness = 10;
  step_size=0.5;
  STEP_SIZE=0.1;
  which = 2
  thresh = 0
  flags = 0
  CBVfindFirstPeakD1=0
  CBVfindFirstPeakD2=0
  nvertices=152178
  Gdiag_no=-1
  vno start=0, stop=152178
Replacing 255s with 0s
#SI# sigma=2 had to be increased for 155 vertices, nripped=5235
mean border=63.4, 307 (307) missing vertices, mean dist 1.5 [0.5 (%0.0)->3.0 (%100.0))]
%10 local maxima, %37 large gradients and %49 min vals, 0 gradients ignored
nFirstPeakD1 0
MRIScomputeBorderValues_new() finished in 0.0117 min


Averaging target values for 5 iterations...
Positioning Surface: tspring = 0.3, nspring = 0.3, spring = 0, niters = 100 l_repulse = 0, l_surf_repulse = 5, checktol = 0
Positioning pial surface
Entering MRISpositionSurface()
  max_mm = 0.3
  MAX_REDUCTIONS = 2, REDUCTION_PCT = 0.5
  parms->check_tol = 0, niterations = 100
tol=1.0e-04, sigma=2.0, host=dna08, nav=16, nbrs=2, l_surf_repulse=5.000, l_tspring=0.300, l_nspring=0.300, l_intensity=0.200, l_curv=1.000
mom=0.00, dt=0.50
complete_dist_mat 0
rms 0
smooth_averages 0
remove_neg 0
ico_order 0
which_surface 0
target_radius 0.000000
nfields 0
scale 0.000000
desired_rms_height 0.000000
momentum 0.000000
nbhd_size 0
max_nbrs 0
niterations 100
nsurfaces 0
SURFACES 3
flags 0 (0)
use curv 0
no sulc 0
no rigid align 0
mris->nsize 2
mris->hemisphere 1
randomSeed 0

000: dt: 0.0000, sse=20116794.0, rms=26.045
001: dt: 0.5000, sse=14634051.0, rms=22.168 (14.888%)
002: dt: 0.5000, sse=10533678.0, rms=18.750 (15.419%)
003: dt: 0.5000, sse=7681030.0, rms=15.944 (14.964%)
004: dt: 0.5000, sse=5757883.0, rms=13.731 (13.879%)
005: dt: 0.5000, sse=4458676.0, rms=12.006 (12.563%)
006: dt: 0.5000, sse=3484286.0, rms=10.527 (12.322%)
007: dt: 0.5000, sse=2756724.0, rms=9.268 (11.962%)
008: dt: 0.5000, sse=2175175.5, rms=8.120 (12.379%)
009: dt: 0.5000, sse=1732802.4, rms=7.123 (12.279%)
010: dt: 0.5000, sse=1399166.6, rms=6.265 (12.044%)
011: dt: 0.5000, sse=1185970.5, rms=5.647 (9.870%)
012: dt: 0.5000, sse=1032153.0, rms=5.153 (8.747%)
013: dt: 0.5000, sse=953997.2, rms=4.879 (5.308%)
014: dt: 0.5000, sse=892959.4, rms=4.654 (4.620%)
015: dt: 0.5000, sse=865107.0, rms=4.544 (2.363%)
016: dt: 0.5000, sse=838400.6, rms=4.437 (2.366%)
rms = 4.4060/4.4366, sse=831768.4/838400.6, time step reduction 1 of 3 to 0.250  0 0 1
017: dt: 0.5000, sse=831768.4, rms=4.406 (0.690%)
018: dt: 0.2500, sse=685092.2, rms=3.777 (14.271%)
019: dt: 0.2500, sse=651045.1, rms=3.616 (4.254%)
rms = 3.6522/3.6165, sse=659296.4/651045.1, time step reduction 2 of 3 to 0.125  0 1 1
   RMS increased, rejecting step
020: dt: 0.1250, sse=621583.5, rms=3.473 (3.963%)
021: dt: 0.1250, sse=581167.3, rms=3.265 (6.000%)
022: dt: 0.1250, sse=569828.6, rms=3.203 (1.891%)
rms = 3.1739/3.2031, sse=564608.0/569828.6, time step reduction 3 of 3 to 0.062  0 0 1
023: dt: 0.1250, sse=564608.0, rms=3.174 (0.910%)
  maximum number of reductions reached, breaking from loop
positioning took 2.1 minutes
Iteration 1 =========================================
n_averages=8, current_sigma=1
Computing target border values 
Entering MRIScomputeBorderValues_new(): 
  inside_hi   =  93.8751300;
  border_hi   =  64.2137070;
  border_low  =  46.6411130;
  outside_low =  10.0000000;
  outside_hi  =  59.8205570;
  sigma = 1;
  max_thickness = 10;
  step_size=0.5;
  STEP_SIZE=0.1;
  which = 2
  thresh = 0
  flags = 0
  CBVfindFirstPeakD1=0
  CBVfindFirstPeakD2=0
  nvertices=152178
  Gdiag_no=-1
  vno start=0, stop=152178
Replacing 255s with 0s
#SI# sigma=1 had to be increased for 14483 vertices, nripped=5235
mean border=62.2, 2342 (99) missing vertices, mean dist 0.1 [0.2 (%45.5)->0.7 (%54.5))]
%18 local maxima, %31 large gradients and %46 min vals, 0 gradients ignored
nFirstPeakD1 0
MRIScomputeBorderValues_new() finished in 0.0046 min


Averaging target values for 5 iterations...
Positioning Surface: tspring = 0.3, nspring = 0.3, spring = 0, niters = 100 l_repulse = 0, l_surf_repulse = 5, checktol = 0
Positioning pial surface
Entering MRISpositionSurface()
  max_mm = 0.3
  MAX_REDUCTIONS = 2, REDUCTION_PCT = 0.5
  parms->check_tol = 0, niterations = 100
tol=1.0e-04, sigma=1.0, host=dna08, nav=8, nbrs=2, l_surf_repulse=5.000, l_tspring=0.300, l_nspring=0.300, l_intensity=0.200, l_curv=1.000
mom=0.00, dt=0.50
000: dt: 0.0000, sse=772295.5, rms=3.927
rms = 4.6113/3.9272, sse=944063.6/772295.5, time step reduction 1 of 3 to 0.250  0 1 1
   RMS increased, rejecting step
024: dt: 0.2500, sse=688031.4, rms=3.540 (9.861%)
rms = 3.4926/3.5400, sse=678728.3/688031.3, time step reduction 2 of 3 to 0.125  0 0 1
025: dt: 0.2500, sse=678728.2, rms=3.493 (1.338%)
026: dt: 0.1250, sse=632563.5, rms=3.256 (6.779%)
027: dt: 0.1250, sse=610251.8, rms=3.136 (3.674%)
rms = 3.1133/3.1363, sse=606193.6/610251.8, time step reduction 3 of 3 to 0.062  0 0 1
028: dt: 0.1250, sse=606193.6, rms=3.113 (0.732%)
  maximum number of reductions reached, breaking from loop
positioning took 0.5 minutes
Iteration 2 =========================================
n_averages=4, current_sigma=0.5
Computing target border values 
Entering MRIScomputeBorderValues_new(): 
  inside_hi   =  93.8751300;
  border_hi   =  64.2137070;
  border_low  =  46.6411130;
  outside_low =  10.0000000;
  outside_hi  =  59.8205570;
  sigma = 0.5;
  max_thickness = 10;
  step_size=0.5;
  STEP_SIZE=0.1;
  which = 2
  thresh = 0
  flags = 0
  CBVfindFirstPeakD1=0
  CBVfindFirstPeakD2=0
  nvertices=152178
  Gdiag_no=-1
  vno start=0, stop=152178
Replacing 255s with 0s
#SI# sigma=0.5 had to be increased for 16632 vertices, nripped=5235
mean border=61.9, 2697 (77) missing vertices, mean dist 0.1 [0.2 (%45.9)->0.5 (%54.1))]
%25 local maxima, %23 large gradients and %46 min vals, 0 gradients ignored
nFirstPeakD1 0
MRIScomputeBorderValues_new() finished in 0.0029 min


Averaging target values for 5 iterations...
Positioning Surface: tspring = 0.3, nspring = 0.3, spring = 0, niters = 100 l_repulse = 0, l_surf_repulse = 5, checktol = 0
Positioning pial surface
Entering MRISpositionSurface()
  max_mm = 0.3
  MAX_REDUCTIONS = 2, REDUCTION_PCT = 0.5
  parms->check_tol = 0, niterations = 100
tol=1.0e-04, sigma=0.5, host=dna08, nav=4, nbrs=2, l_surf_repulse=5.000, l_tspring=0.300, l_nspring=0.300, l_intensity=0.200, l_curv=1.000
mom=0.00, dt=0.50
000: dt: 0.0000, sse=659083.7, rms=3.379
rms = 4.2075/3.3793, sse=841932.1/659083.7, time step reduction 1 of 3 to 0.250  0 1 1
   RMS increased, rejecting step
029: dt: 0.2500, sse=616170.6, rms=3.155 (6.645%)
rms = 3.2864/3.1547, sse=640693.5/616170.6, time step reduction 2 of 3 to 0.125  0 1 1
   RMS increased, rejecting step
rms = 3.1075/3.1547, sse=607564.9/616170.6, time step reduction 3 of 3 to 0.062  0 0 1
030: dt: 0.1250, sse=607564.9, rms=3.108 (1.496%)
  maximum number of reductions reached, breaking from loop
positioning took 0.3 minutes
Iteration 3 =========================================
n_averages=2, current_sigma=0.25
Computing target border values 
Entering MRIScomputeBorderValues_new(): 
  inside_hi   =  93.8751300;
  border_hi   =  64.2137070;
  border_low  =  46.6411130;
  outside_low =  10.0000000;
  outside_hi  =  59.8205570;
  sigma = 0.25;
  max_thickness = 10;
  step_size=0.5;
  STEP_SIZE=0.1;
  which = 2
  thresh = 0
  flags = 0
  CBVfindFirstPeakD1=0
  CBVfindFirstPeakD2=0
  nvertices=152178
  Gdiag_no=-1
  vno start=0, stop=152178
Replacing 255s with 0s
#SI# sigma=0.25 had to be increased for 14520 vertices, nripped=5235
mean border=61.4, 5799 (73) missing vertices, mean dist 0.1 [0.2 (%43.4)->0.5 (%56.6))]
%29 local maxima, %19 large gradients and %45 min vals, 0 gradients ignored
nFirstPeakD1 0
MRIScomputeBorderValues_new() finished in 0.0020 min


Averaging target values for 5 iterations...
Positioning Surface: tspring = 0.3, nspring = 0.3, spring = 0, niters = 100 l_repulse = 0, l_surf_repulse = 5, checktol = 0
Positioning pial surface
Entering MRISpositionSurface()
  max_mm = 0.3
  MAX_REDUCTIONS = 2, REDUCTION_PCT = 0.5
  parms->check_tol = 0, niterations = 100
tol=1.0e-04, sigma=0.2, host=dna08, nav=2, nbrs=2, l_surf_repulse=5.000, l_tspring=0.300, l_nspring=0.300, l_intensity=0.200, l_curv=1.000
mom=0.00, dt=0.50
000: dt: 0.0000, sse=643228.0, rms=3.297
rms = 4.2248/3.2971, sse=845588.9/643228.0, time step reduction 1 of 3 to 0.250  0 1 1
   RMS increased, rejecting step
031: dt: 0.2500, sse=607168.1, rms=3.106 (5.802%)
rms = 3.1377/3.1058, sse=611909.6/607168.1, time step reduction 2 of 3 to 0.125  0 1 1
   RMS increased, rejecting step
rms = 3.0587/3.1058, sse=598634.2/607168.1, time step reduction 3 of 3 to 0.062  0 0 1
032: dt: 0.1250, sse=598634.2, rms=3.059 (1.517%)
  maximum number of reductions reached, breaking from loop
positioning took 0.3 minutes
Pinning medial wall to white surface
removing intersecting faces
000: 12 intersecting
001: 5 intersecting
step 1 with no progress (num=14, old_num=5)
002: 14 intersecting
003: 7 intersecting
step 1 with no progress (num=10, old_num=7)
004: 10 intersecting
terminating search with 0 intersecting


Writing output to ../surf/rh.pial.T1
#ET# mris_place_surface  3.44 minutes
#VMPC# mris_place_surfaces VmPeak  2452128
mris_place_surface done
#@# white curv rh Thu Mar 12 18:06:38 CET 2026
cd /out/sourcedata/freesurfer/sub-v1s20x0050372_ses-1/mri
mris_place_surface --curv-map ../surf/rh.white 2 10 ../surf/rh.curv
insurf  ../surf/rh.white, nbrs 2, curvature_avgs 10
writing curvature file ../surf/rh.curv
#@# white area rh Thu Mar 12 18:06:40 CET 2026
cd /out/sourcedata/freesurfer/sub-v1s20x0050372_ses-1/mri
mris_place_surface --area-map ../surf/rh.white ../surf/rh.area
writing curvature file ../surf/rh.area
#@# pial curv rh Thu Mar 12 18:06:40 CET 2026
cd /out/sourcedata/freesurfer/sub-v1s20x0050372_ses-1/mri
mris_place_surface --curv-map ../surf/rh.pial 2 10 ../surf/rh.curv.pial
insurf  ../surf/rh.pial, nbrs 2, curvature_avgs 10
writing curvature file ../surf/rh.curv.pial
#@# pial area rh Thu Mar 12 18:06:42 CET 2026
cd /out/sourcedata/freesurfer/sub-v1s20x0050372_ses-1/mri
mris_place_surface --area-map ../surf/rh.pial ../surf/rh.area.pial
writing curvature file ../surf/rh.area.pial
#@# thickness rh Thu Mar 12 18:06:43 CET 2026
cd /out/sourcedata/freesurfer/sub-v1s20x0050372_ses-1/mri
mris_place_surface --thickness ../surf/rh.white ../surf/rh.pial 20 5 ../surf/rh.thickness
0 of 152178 vertices processed
25000 of 152178 vertices processed
50000 of 152178 vertices processed
75000 of 152178 vertices processed
100000 of 152178 vertices processed
125000 of 152178 vertices processed
150000 of 152178 vertices processed
0 of 152178 vertices processed
25000 of 152178 vertices processed
50000 of 152178 vertices processed
75000 of 152178 vertices processed
100000 of 152178 vertices processed
125000 of 152178 vertices processed
150000 of 152178 vertices processed
thickness calculation complete, 93:719 truncations.
66933 vertices at 0 distance
128944 vertices at 1 distance
69266 vertices at 2 distance
25119 vertices at 3 distance
8792 vertices at 4 distance
3090 vertices at 5 distance
1189 vertices at 6 distance
436 vertices at 7 distance
170 vertices at 8 distance
106 vertices at 9 distance
71 vertices at 10 distance
41 vertices at 11 distance
31 vertices at 12 distance
36 vertices at 13 distance
29 vertices at 14 distance
23 vertices at 15 distance
21 vertices at 16 distance
12 vertices at 17 distance
16 vertices at 18 distance
11 vertices at 19 distance
20 vertices at 20 distance
writing curvature file ../surf/rh.thickness
#@# area and vertex vol rh Thu Mar 12 18:07:06 CET 2026
cd /out/sourcedata/freesurfer/sub-v1s20x0050372_ses-1/mri
mris_place_surface --thickness ../surf/rh.white ../surf/rh.pial 20 5 ../surf/rh.thickness
/out/sourcedata/freesurfer/sub-v1s20x0050372_ses-1/surf
mris_calc -o rh.area.mid rh.area add rh.area.pial
Saving result to 'rh.area.mid' (type = MRI_CURV_FILE)                       [ ok ]
mris_calc -o rh.area.mid rh.area.mid div 2
Saving result to 'rh.area.mid' (type = MRI_CURV_FILE)                       [ ok ]
mris_convert --volume sub-v1s20x0050372_ses-1 rh /out/sourcedata/freesurfer/sub-v1s20x0050372_ses-1/surf/rh.volume
masking with /out/sourcedata/freesurfer/sub-v1s20x0050372_ses-1/label/rh.cortex.label
Total face volume 266624
Total vertex volume 266433 (mask=0)
#@# sub-v1s20x0050372_ses-1 rh 266433
 
vertexvol Done

#-----------------------------------------
#@# Curvature Stats rh Thu Mar 12 18:07:07 CET 2026
/out/sourcedata/freesurfer/sub-v1s20x0050372_ses-1/surf

 mris_curvature_stats -m --writeCurvatureFiles -G -o ../stats/rh.curv.stats -F smoothwm sub-v1s20x0050372_ses-1 rh curv sulc 

             Toggling save flag on curvature files                       [ ok ]
                 Outputting results using filestem   [ ../stats/rh.curv.stats ]
             Toggling save flag on curvature files                       [ ok ]
                                   Setting surface [ sub-v1s20x0050372_ses-1/rh.smoothwm ]
                                Reading surface...                       [ ok ]
                                   Setting texture                     [ curv ]
                                Reading texture...                       [ ok ]
                                   Setting texture                     [ sulc ]
                                Reading texture...Gb_filter = 0
                       [ ok ]
      Calculating Discrete Principal Curvatures...
      Determining geometric order for vno faces... [####################] [ ok ]
                      Determining KH curvatures... [####################] [ ok ]
                    Determining k1k2 curvatures... [####################] [ ok ]
                                   deltaViolations                      [ 288 ]
Gb_filter = 0

WARN:    S lookup   min:                          -0.046186
WARN:    S explicit min:                          0.000000	vertex = 472
#-----------------------------------------
#@# Cortical Parc 2 rh Thu Mar 12 18:07:09 CET 2026
/out/sourcedata/freesurfer/sub-v1s20x0050372_ses-1/scripts

 mris_ca_label -l ../label/rh.cortex.label -aseg ../mri/aseg.presurf.mgz -seed 1234 sub-v1s20x0050372_ses-1 rh ../surf/rh.sphere.reg /opt/freesurfer/average/rh.CDaparc.atlas.acfb40.noaparc.i12.2016-08-02.gcs ../label/rh.aparc.a2009s.annot 

setting seed for random number generator to 1234
using ../mri/aseg.presurf.mgz aseg volume to correct midline
7.3.2
  7.3.2
reading atlas from /opt/freesurfer/average/rh.CDaparc.atlas.acfb40.noaparc.i12.2016-08-02.gcs...
reading color table from GCSA file....
average std = 1.4   using min determinant for regularization = 0.021
0 singular and 0 ill-conditioned covariance matrices regularized
input 0: MEAN CURVATURE, flags 0, avgs 5, name mean_curvature
labeling surface...
34 labels changed using aseg
relabeling using gibbs priors...
000:   9918 changed, 152178 examined...
001:   2228 changed, 38658 examined...
002:    671 changed, 11936 examined...
003:    265 changed, 3812 examined...
004:    122 changed, 1484 examined...
005:     63 changed, 710 examined...
006:     30 changed, 354 examined...
007:     17 changed, 180 examined...
008:     12 changed, 95 examined...
009:      8 changed, 71 examined...
010:      6 changed, 37 examined...
011:      5 changed, 34 examined...
012:      2 changed, 28 examined...
013:      3 changed, 10 examined...
014:      0 changed, 12 examined...
12 labels changed using aseg
000: 232 total segments, 147 labels (2065 vertices) changed
001: 94 total segments, 9 labels (20 vertices) changed
002: 85 total segments, 0 labels (0 vertices) changed
10 filter iterations complete (10 requested, 45 changed)
rationalizing unknown annotations with cortex label
relabeling Medial_wall label...
1440 vertices marked for relabeling...
1440 labels changed in reclassification.
writing output to ../label/rh.aparc.a2009s.annot...
classification took 0 minutes and 11 seconds.
#-----------------------------------------
#@# Cortical Parc 3 rh Thu Mar 12 18:07:20 CET 2026
/out/sourcedata/freesurfer/sub-v1s20x0050372_ses-1/scripts

 mris_ca_label -l ../label/rh.cortex.label -aseg ../mri/aseg.presurf.mgz -seed 1234 sub-v1s20x0050372_ses-1 rh ../surf/rh.sphere.reg /opt/freesurfer/average/rh.DKTaparc.atlas.acfb40.noaparc.i12.2016-08-02.gcs ../label/rh.aparc.DKTatlas.annot 

setting seed for random number generator to 1234
using ../mri/aseg.presurf.mgz aseg volume to correct midline
7.3.2
  7.3.2
reading atlas from /opt/freesurfer/average/rh.DKTaparc.atlas.acfb40.noaparc.i12.2016-08-02.gcs...
reading color table from GCSA file....
average std = 0.9   using min determinant for regularization = 0.009
0 singular and 325 ill-conditioned covariance matrices regularized
input 0: MEAN CURVATURE, flags 0, avgs 5, name mean_curvature
labeling surface...
1689 labels changed using aseg
relabeling using gibbs priors...
000:   2186 changed, 152178 examined...
001:    478 changed, 10319 examined...
002:    120 changed, 2835 examined...
003:     40 changed, 749 examined...
004:     17 changed, 231 examined...
005:     11 changed, 111 examined...
006:      5 changed, 67 examined...
007:      3 changed, 30 examined...
008:      2 changed, 19 examined...
009:      1 changed, 14 examined...
010:      0 changed, 7 examined...
164 labels changed using aseg
000: 49 total segments, 16 labels (100 vertices) changed
001: 33 total segments, 0 labels (0 vertices) changed
10 filter iterations complete (10 requested, 5 changed)
rationalizing unknown annotations with cortex label
relabeling unknown label...
relabeling corpuscallosum label...
1158 vertices marked for relabeling...
1158 labels changed in reclassification.
writing output to ../label/rh.aparc.DKTatlas.annot...
classification took 0 minutes and 9 seconds.
#-----------------------------------------
#@# WM/GM Contrast rh Thu Mar 12 18:07:29 CET 2026
/out/sourcedata/freesurfer/sub-v1s20x0050372_ses-1/scripts

 pctsurfcon --s sub-v1s20x0050372_ses-1 --rh-only 

Log file is /out/sourcedata/freesurfer/sub-v1s20x0050372_ses-1/scripts/pctsurfcon.log
Thu Mar 12 18:07:29 CET 2026
setenv SUBJECTS_DIR /out/sourcedata/freesurfer
cd /out/sourcedata/freesurfer/sub-v1s20x0050372_ses-1/scripts
/opt/freesurfer/bin/pctsurfcon
pctsurfcon 7.3.2
Linux dna085 5.14.0-427.37.1.el9_4.x86_64 #1 SMP PREEMPT_DYNAMIC Fri Sep 13 12:41:50 EDT 2024 x86_64 x86_64 x86_64 GNU/Linux
FREESURFER_HOME /opt/freesurfer
mri_vol2surf --mov /out/sourcedata/freesurfer/sub-v1s20x0050372_ses-1/mri/rawavg.mgz --hemi rh --noreshape --interp trilinear --projdist -1 --o /out/sourcedata/freesurfer/sub-v1s20x0050372_ses-1/surf/tmp.pctsurfcon.804664/rh.wm.mgh --regheader sub-v1s20x0050372_ses-1 --cortex
srcvol = /out/sourcedata/freesurfer/sub-v1s20x0050372_ses-1/mri/rawavg.mgz
srcreg unspecified
srcregold = 0
srcwarp unspecified
surf = white
hemi = rh
ProjDist = -1
reshape = 0
interp = trilinear
float2int = round
GetProjMax = 0
INFO: float2int code = 0
Done loading volume
Computing registration from header.
  Using /out/sourcedata/freesurfer/sub-v1s20x0050372_ses-1/mri/orig.mgz as target reference.
-------- original matrix -----------
-1.00000   0.00000   0.00000   0.00000;
 0.00000   0.00000   1.00000   0.00003;
 0.00000  -1.00000   0.00000   0.00000;
 0.00000   0.00000   0.00000   1.00000;
-------- original matrix -----------
Loading label /out/sourcedata/freesurfer/sub-v1s20x0050372_ses-1/label/rh.cortex.label
Reading surface /out/sourcedata/freesurfer/sub-v1s20x0050372_ses-1/surf/rh.white
Done reading source surface
Mapping Source Volume onto Source Subject Surface
Projecting -1 -1 1
 1 -1 -1 -1
using old
Done mapping volume to surface
Number of source voxels hit = 81684
Masking with /out/sourcedata/freesurfer/sub-v1s20x0050372_ses-1/label/rh.cortex.label
Writing to /out/sourcedata/freesurfer/sub-v1s20x0050372_ses-1/surf/tmp.pctsurfcon.804664/rh.wm.mgh
Dim: 152178 1 1
mri_vol2surf --mov /out/sourcedata/freesurfer/sub-v1s20x0050372_ses-1/mri/rawavg.mgz --hemi rh --noreshape --interp trilinear --o /out/sourcedata/freesurfer/sub-v1s20x0050372_ses-1/surf/tmp.pctsurfcon.804664/rh.gm.mgh --projfrac 0.3 --regheader sub-v1s20x0050372_ses-1 --cortex
srcvol = /out/sourcedata/freesurfer/sub-v1s20x0050372_ses-1/mri/rawavg.mgz
srcreg unspecified
srcregold = 0
srcwarp unspecified
surf = white
hemi = rh
ProjFrac = 0.3
thickness = thickness
reshape = 0
interp = trilinear
float2int = round
GetProjMax = 0
INFO: float2int code = 0
Done loading volume
Computing registration from header.
  Using /out/sourcedata/freesurfer/sub-v1s20x0050372_ses-1/mri/orig.mgz as target reference.
-------- original matrix -----------
-1.00000   0.00000   0.00000   0.00000;
 0.00000   0.00000   1.00000   0.00003;
 0.00000  -1.00000   0.00000   0.00000;
 0.00000   0.00000   0.00000   1.00000;
-------- original matrix -----------
Loading label /out/sourcedata/freesurfer/sub-v1s20x0050372_ses-1/label/rh.cortex.label
Reading surface /out/sourcedata/freesurfer/sub-v1s20x0050372_ses-1/surf/rh.white
Done reading source surface
Reading thickness /out/sourcedata/freesurfer/sub-v1s20x0050372_ses-1/surf/rh.thickness
Done
Mapping Source Volume onto Source Subject Surface
Projecting 0.3 0.3 1
 1 0.3 0.3 0.3
using old
Done mapping volume to surface
Number of source voxels hit = 93395
Masking with /out/sourcedata/freesurfer/sub-v1s20x0050372_ses-1/label/rh.cortex.label
Writing to /out/sourcedata/freesurfer/sub-v1s20x0050372_ses-1/surf/tmp.pctsurfcon.804664/rh.gm.mgh
Dim: 152178 1 1
mri_concat /out/sourcedata/freesurfer/sub-v1s20x0050372_ses-1/surf/tmp.pctsurfcon.804664/rh.wm.mgh /out/sourcedata/freesurfer/sub-v1s20x0050372_ses-1/surf/tmp.pctsurfcon.804664/rh.gm.mgh --paired-diff-norm --mul 100 --o /out/sourcedata/freesurfer/sub-v1s20x0050372_ses-1/surf/rh.w-g.pct.mgh
ninputs = 2
Checking inputs
nframestot = 2
Allocing output
Done allocing
Combining pairs
nframes = 1
Multiplying by 100.000000
Writing to /out/sourcedata/freesurfer/sub-v1s20x0050372_ses-1/surf/rh.w-g.pct.mgh
mri_segstats --in /out/sourcedata/freesurfer/sub-v1s20x0050372_ses-1/surf/rh.w-g.pct.mgh --annot sub-v1s20x0050372_ses-1 rh aparc --sum /out/sourcedata/freesurfer/sub-v1s20x0050372_ses-1/stats/rh.w-g.pct.stats --snr

7.3.2
cwd 
cmdline mri_segstats --in /out/sourcedata/freesurfer/sub-v1s20x0050372_ses-1/surf/rh.w-g.pct.mgh --annot sub-v1s20x0050372_ses-1 rh aparc --sum /out/sourcedata/freesurfer/sub-v1s20x0050372_ses-1/stats/rh.w-g.pct.stats --snr 
sysname  Linux
hostname dna085
machine  x86_64
user     oesteban
whitesurfname  white
UseRobust  0
Constructing seg from annotation

Reading annotation /out/sourcedata/freesurfer/sub-v1s20x0050372_ses-1/label/rh.aparc.annot
Seg base 2000
Loading /out/sourcedata/freesurfer/sub-v1s20x0050372_ses-1/surf/rh.w-g.pct.mgh
Vertex Area is 0.681145 mm^3
Generating list of segmentation ids
Found  36 segmentations
Computing statistics for each segmentation

Reporting on  35 segmentations
Using PrintSegStat
mri_segstats done
Cleaning up

Started at Thu Mar 12 17:39:11 CET 2026 
Ended   at Thu Mar 12 18:07:32 CET 2026
#@#%# recon-all-run-time-hours 0.472
recon-all -s sub-v1s20x0050372_ses-1 finished without error at Thu Mar 12 18:07:32 CET 2026



#New# invocation of recon-all 




Thu Mar 12 18:14:44 CET 2026
cd /out/sourcedata/freesurfer/sub-v1s20x0050372_ses-1
setenv SUBJECTS_DIR /out/sourcedata/freesurfer
/opt/freesurfer/bin/recon-all -autorecon-hemi rh -nohyporelabel -rh-only -openmp 16 -subjid sub-v1s20x0050372_ses-1 -sd /out/sourcedata/freesurfer -notessellate -nosmooth1 -noinflate1 -noqsphere -nofix -nowhite -nosmooth2 -noinflate2 -nocurvHK -nocurvstats -nosphere -nosurfreg -nojacobian_white -noavgcurv -nocortparc -nopial -nocortparc2 -nocortparc3 -nopctsurfcon

subjid sub-v1s20x0050372_ses-1
setenv SUBJECTS_DIR /out/sourcedata/freesurfer
FREESURFER_HOME /opt/freesurfer
Actual FREESURFER_HOME /opt/freesurfer
build-stamp.txt: freesurfer-linux-ubuntu22_x86_64-7.3.2-20220804-6354275
Linux dna085 5.14.0-427.37.1.el9_4.x86_64 #1 SMP PREEMPT_DYNAMIC Fri Sep 13 12:41:50 EDT 2024 x86_64 x86_64 x86_64 GNU/Linux
cputime      unlimited
filesize     unlimited
datasize     unlimited
stacksize    8192 kbytes
coredumpsize 0 kbytes
memoryuse    67108864 kbytes
vmemoryuse   unlimited
descriptors  1024 
memorylocked unlimited
maxproc      2061970 
maxlocks     unlimited
maxsignal    2062024 
maxmessage   819200 
maxnice      0 
maxrtprio    0 
maxrttime    unlimited

               total        used        free      shared  buff/cache   available
Mem:           503Gi        64Gi       410Gi       9.7Gi        28Gi       425Gi
Swap:             0B          0B          0B

########################################
program versions used
7.3.2 (freesurfer-linux-ubuntu22_x86_64-7.3.2-20220804-6354275)
7.3.2

ProgramName: lta_convert  ProgramArguments: lta_convert -all-info  ProgramVersion: 7.3.2  TimeStamp: 2026/03/12-17:14:44-GMT  BuildTime: Aug  4 2022 06:17:15  BuildStamp: freesurfer-linux-ubuntu22_x86_64-7.3.2-20220804-6354275  User: oesteban  Machine: dna085  Platform: Linux  PlatformVersion: 5.14.0-427.37.1.el9_4.x86_64  CompilerName: GCC  CompilerVersion: 8.4.0
ProgramName: mri_and  ProgramArguments: mri_and -all-info  ProgramVersion: 7.3.2  TimeStamp: 2026/03/12-17:14:44-GMT  BuildTime: Aug  4 2022 06:17:15  BuildStamp: freesurfer-linux-ubuntu22_x86_64-7.3.2-20220804-6354275  User: oesteban  Machine: dna085  Platform: Linux  PlatformVersion: 5.14.0-427.37.1.el9_4.x86_64  CompilerName: GCC  CompilerVersion: 8.4.0
ProgramName: mri_annotation2label  ProgramArguments: mri_annotation2label -all-info  ProgramVersion: 7.3.2  TimeStamp: 2026/03/12-17:14:44-GMT  BuildTime: Aug  4 2022 06:17:15  BuildStamp: freesurfer-linux-ubuntu22_x86_64-7.3.2-20220804-6354275  User: oesteban  Machine: dna085  Platform: Linux  PlatformVersion: 5.14.0-427.37.1.el9_4.x86_64  CompilerName: GCC  CompilerVersion: 8.4.0
ProgramName: mri_aparc2aseg  ProgramArguments: mri_aparc2aseg -all-info  ProgramVersion: 7.3.2  TimeStamp: 2026/03/12-17:14:44-GMT  BuildTime: Aug  4 2022 06:17:15  BuildStamp: freesurfer-linux-ubuntu22_x86_64-7.3.2-20220804-6354275  User: oesteban  Machine: dna085  Platform: Linux  PlatformVersion: 5.14.0-427.37.1.el9_4.x86_64  CompilerName: GCC  CompilerVersion: 8.4.0
ProgramName: mri_surf2volseg  ProgramArguments: mri_surf2volseg -all-info  ProgramVersion: 7.3.2  TimeStamp: 2026/03/12-17:14:44-GMT  BuildTime: Aug  4 2022 06:17:15  BuildStamp: freesurfer-linux-ubuntu22_x86_64-7.3.2-20220804-6354275  User: oesteban  Machine: dna085  Platform: Linux  PlatformVersion: 5.14.0-427.37.1.el9_4.x86_64  CompilerName: GCC  CompilerVersion: 8.4.0
ProgramName: mri_binarize  ProgramArguments: mri_binarize -all-info  ProgramVersion: 7.3.2  TimeStamp: 2026/03/12-17:14:44-GMT  BuildTime: Aug  4 2022 06:17:15  BuildStamp: freesurfer-linux-ubuntu22_x86_64-7.3.2-20220804-6354275  User: oesteban  Machine: dna085  Platform: Linux  PlatformVersion: 5.14.0-427.37.1.el9_4.x86_64  CompilerName: GCC  CompilerVersion: 8.4.0
ProgramName: mri_ca_label  ProgramArguments: mri_ca_label -all-info  ProgramVersion: 7.3.2  TimeStamp: 2026/03/12-17:14:44-GMT  BuildTime: Aug  4 2022 06:17:15  BuildStamp: freesurfer-linux-ubuntu22_x86_64-7.3.2-20220804-6354275  User: oesteban  Machine: dna085  Platform: Linux  PlatformVersion: 5.14.0-427.37.1.el9_4.x86_64  CompilerName: GCC  CompilerVersion: 8.4.0
ProgramName: mri_ca_normalize  ProgramArguments: mri_ca_normalize -all-info  ProgramVersion: 7.3.2  TimeStamp: 2026/03/12-17:14:44-GMT  BuildTime: Aug  4 2022 06:17:15  BuildStamp: freesurfer-linux-ubuntu22_x86_64-7.3.2-20220804-6354275  User: oesteban  Machine: dna085  Platform: Linux  PlatformVersion: 5.14.0-427.37.1.el9_4.x86_64  CompilerName: GCC  CompilerVersion: 8.4.0
ProgramName: mri_ca_register  ProgramArguments: mri_ca_register -all-info  ProgramVersion: 7.3.2  TimeStamp: 2026/03/12-17:14:44-GMT  BuildTime: Aug  4 2022 06:17:15  BuildStamp: freesurfer-linux-ubuntu22_x86_64-7.3.2-20220804-6354275  User: oesteban  Machine: dna085  Platform: Linux  PlatformVersion: 5.14.0-427.37.1.el9_4.x86_64  CompilerName: GCC  CompilerVersion: 8.4.0
ProgramName: mri_cc  ProgramArguments: mri_cc -all-info  ProgramVersion: 7.3.2  TimeStamp: 2026/03/12-17:14:44-GMT  BuildTime: Aug  4 2022 06:17:15  BuildStamp: freesurfer-linux-ubuntu22_x86_64-7.3.2-20220804-6354275  User: oesteban  Machine: dna085  Platform: Linux  PlatformVersion: 5.14.0-427.37.1.el9_4.x86_64  CompilerName: GCC  CompilerVersion: 8.4.0
ProgramName: mri_compute_overlap  ProgramArguments: mri_compute_overlap -all-info  ProgramVersion: 7.3.2  TimeStamp: 2026/03/12-17:14:44-GMT  BuildTime: Aug  4 2022 06:17:15  BuildStamp: freesurfer-linux-ubuntu22_x86_64-7.3.2-20220804-6354275  User: oesteban  Machine: dna085  Platform: Linux  PlatformVersion: 5.14.0-427.37.1.el9_4.x86_64  CompilerName: GCC  CompilerVersion: 8.4.0
ProgramName: mri_compute_seg_overlap  ProgramArguments: mri_compute_seg_overlap -all-info  ProgramVersion: 7.3.2  TimeStamp: 2026/03/12-17:14:44-GMT  BuildTime: Aug  4 2022 06:17:15  BuildStamp: freesurfer-linux-ubuntu22_x86_64-7.3.2-20220804-6354275  User: oesteban  Machine: dna085  Platform: Linux  PlatformVersion: 5.14.0-427.37.1.el9_4.x86_64  CompilerName: GCC  CompilerVersion: 8.4.0
ProgramName: mri_concat  ProgramArguments: mri_concat -all-info  ProgramVersion: 7.3.2  TimeStamp: 2026/03/12-17:14:44-GMT  BuildTime: Aug  4 2022 06:17:15  BuildStamp: freesurfer-linux-ubuntu22_x86_64-7.3.2-20220804-6354275  User: oesteban  Machine: dna085  Platform: Linux  PlatformVersion: 5.14.0-427.37.1.el9_4.x86_64  CompilerName: GCC  CompilerVersion: 8.4.0
ProgramName: mri_concatenate_lta  ProgramArguments: mri_concatenate_lta -all-info  ProgramVersion: 7.3.2  TimeStamp: 2026/03/12-17:14:44-GMT  BuildTime: Aug  4 2022 06:17:15  BuildStamp: freesurfer-linux-ubuntu22_x86_64-7.3.2-20220804-6354275  User: oesteban  Machine: dna085  Platform: Linux  PlatformVersion: 5.14.0-427.37.1.el9_4.x86_64  CompilerName: GCC  CompilerVersion: 8.4.0
mri_convert -all-info 
ProgramName: mri_convert  ProgramArguments: mri_convert -all-info  ProgramVersion: 7.3.2  TimeStamp: 2026/03/12-17:14:44-GMT  BuildTime: Aug  4 2022 06:17:15  BuildStamp: freesurfer-linux-ubuntu22_x86_64-7.3.2-20220804-6354275  User: oesteban  Machine: dna085  Platform: Linux  PlatformVersion: 5.14.0-427.37.1.el9_4.x86_64  CompilerName: GCC  CompilerVersion: 8.4.0
ProgramName: mri_diff  ProgramArguments: mri_diff -all-info  ProgramVersion: 7.3.2  TimeStamp: 2026/03/12-17:14:44-GMT  BuildTime: Aug  4 2022 06:17:15  BuildStamp: freesurfer-linux-ubuntu22_x86_64-7.3.2-20220804-6354275  User: oesteban  Machine: dna085  Platform: Linux  PlatformVersion: 5.14.0-427.37.1.el9_4.x86_64  CompilerName: GCC  CompilerVersion: 8.4.0
ProgramName: mri_edit_wm_with_aseg  ProgramArguments: mri_edit_wm_with_aseg -all-info  ProgramVersion: 7.3.2  TimeStamp: 2026/03/12-17:14:44-GMT  BuildTime: Aug  4 2022 06:17:15  BuildStamp: freesurfer-linux-ubuntu22_x86_64-7.3.2-20220804-6354275  User: oesteban  Machine: dna085  Platform: Linux  PlatformVersion: 5.14.0-427.37.1.el9_4.x86_64  CompilerName: GCC  CompilerVersion: 8.4.0
ProgramName: mri_em_register  ProgramArguments: mri_em_register -all-info  ProgramVersion: 7.3.2  TimeStamp: 2026/03/12-17:14:44-GMT  BuildTime: Aug  4 2022 06:17:15  BuildStamp: freesurfer-linux-ubuntu22_x86_64-7.3.2-20220804-6354275  User: oesteban  Machine: dna085  Platform: Linux  PlatformVersion: 5.14.0-427.37.1.el9_4.x86_64  CompilerName: GCC  CompilerVersion: 8.4.0
ProgramName: mri_fill  ProgramArguments: mri_fill -all-info  ProgramVersion: 7.3.2  TimeStamp: 2026/03/12-17:14:44-GMT  BuildTime: Aug  4 2022 06:17:15  BuildStamp: freesurfer-linux-ubuntu22_x86_64-7.3.2-20220804-6354275  User: oesteban  Machine: dna085  Platform: Linux  PlatformVersion: 5.14.0-427.37.1.el9_4.x86_64  CompilerName: GCC  CompilerVersion: 8.4.0
ProgramName: mri_fuse_segmentations  ProgramArguments: mri_fuse_segmentations -all-info  ProgramVersion: 7.3.2  TimeStamp: 2026/03/12-17:14:44-GMT  BuildTime: Aug  4 2022 06:17:15  BuildStamp: freesurfer-linux-ubuntu22_x86_64-7.3.2-20220804-6354275  User: oesteban  Machine: dna085  Platform: Linux  PlatformVersion: 5.14.0-427.37.1.el9_4.x86_64  CompilerName: GCC  CompilerVersion: 8.4.0
ProgramName: mri_fwhm  ProgramArguments: mri_fwhm -all-info  ProgramVersion: 7.3.2  TimeStamp: 2026/03/12-17:14:44-GMT  BuildTime: Aug  4 2022 06:17:15  BuildStamp: freesurfer-linux-ubuntu22_x86_64-7.3.2-20220804-6354275  User: oesteban  Machine: dna085  Platform: Linux  PlatformVersion: 5.14.0-427.37.1.el9_4.x86_64  CompilerName: GCC  CompilerVersion: 8.4.0
ProgramName: mri_gcut  ProgramArguments: mri_gcut -all-info  ProgramVersion: 7.3.2  TimeStamp: 2026/03/12-17:14:44-GMT  BuildTime: Aug  4 2022 06:17:15  BuildStamp: freesurfer-linux-ubuntu22_x86_64-7.3.2-20220804-6354275  User: oesteban  Machine: dna085  Platform: Linux  PlatformVersion: 5.14.0-427.37.1.el9_4.x86_64  CompilerName: GCC  CompilerVersion: 8.4.0
ProgramName: mri_info  ProgramArguments: mri_info -all-info  ProgramVersion: 7.3.2  TimeStamp: 2026/03/12-17:14:44-GMT  BuildTime: Aug  4 2022 06:17:15  BuildStamp: freesurfer-linux-ubuntu22_x86_64-7.3.2-20220804-6354275  User: oesteban  Machine: dna085  Platform: Linux  PlatformVersion: 5.14.0-427.37.1.el9_4.x86_64  CompilerName: GCC  CompilerVersion: 8.4.0
ProgramName: mri_label2label  ProgramArguments: mri_label2label -all-info  ProgramVersion: 7.3.2  TimeStamp: 2026/03/12-17:14:44-GMT  BuildTime: Aug  4 2022 06:17:15  BuildStamp: freesurfer-linux-ubuntu22_x86_64-7.3.2-20220804-6354275  User: oesteban  Machine: dna085  Platform: Linux  PlatformVersion: 5.14.0-427.37.1.el9_4.x86_64  CompilerName: GCC  CompilerVersion: 8.4.0
ProgramName: mri_label2vol  ProgramArguments: mri_label2vol -all-info  ProgramVersion: 7.3.2  TimeStamp: 2026/03/12-17:14:44-GMT  BuildTime: Aug  4 2022 06:17:15  BuildStamp: freesurfer-linux-ubuntu22_x86_64-7.3.2-20220804-6354275  User: oesteban  Machine: dna085  Platform: Linux  PlatformVersion: 5.14.0-427.37.1.el9_4.x86_64  CompilerName: GCC  CompilerVersion: 8.4.0
ProgramName: mri_log_likelihood  ProgramArguments: mri_log_likelihood -all-info  ProgramVersion: 7.3.2  TimeStamp: 2026/03/12-17:14:44-GMT  BuildTime: Aug  4 2022 06:17:15  BuildStamp: freesurfer-linux-ubuntu22_x86_64-7.3.2-20220804-6354275  User: oesteban  Machine: dna085  Platform: Linux  PlatformVersion: 5.14.0-427.37.1.el9_4.x86_64  CompilerName: GCC  CompilerVersion: 8.4.0
ProgramName: mri_mask  ProgramArguments: mri_mask -all-info  ProgramVersion: 7.3.2  TimeStamp: 2026/03/12-17:14:44-GMT  BuildTime: Aug  4 2022 06:17:15  BuildStamp: freesurfer-linux-ubuntu22_x86_64-7.3.2-20220804-6354275  User: oesteban  Machine: dna085  Platform: Linux  PlatformVersion: 5.14.0-427.37.1.el9_4.x86_64  CompilerName: GCC  CompilerVersion: 8.4.0
ProgramName: mri_matrix_multiply  ProgramArguments: mri_matrix_multiply -all-info  ProgramVersion: 7.3.2  TimeStamp: 2026/03/12-17:14:44-GMT  BuildTime: Aug  4 2022 06:17:15  BuildStamp: freesurfer-linux-ubuntu22_x86_64-7.3.2-20220804-6354275  User: oesteban  Machine: dna085  Platform: Linux  PlatformVersion: 5.14.0-427.37.1.el9_4.x86_64  CompilerName: GCC  CompilerVersion: 8.4.0
ProgramName: mri_normalize  ProgramArguments: mri_normalize -all-info  ProgramVersion: 7.3.2  TimeStamp: 2026/03/12-17:14:44-GMT  BuildTime: Aug  4 2022 06:17:15  BuildStamp: freesurfer-linux-ubuntu22_x86_64-7.3.2-20220804-6354275  User: oesteban  Machine: dna085  Platform: Linux  PlatformVersion: 5.14.0-427.37.1.el9_4.x86_64  CompilerName: GCC  CompilerVersion: 8.4.0
ProgramName: mri_normalize_tp2  ProgramArguments: mri_normalize_tp2 -all-info  ProgramVersion: 7.3.2  TimeStamp: 2026/03/12-17:14:44-GMT  BuildTime: Aug  4 2022 06:17:15  BuildStamp: freesurfer-linux-ubuntu22_x86_64-7.3.2-20220804-6354275  User: oesteban  Machine: dna085  Platform: Linux  PlatformVersion: 5.14.0-427.37.1.el9_4.x86_64  CompilerName: GCC  CompilerVersion: 8.4.0
ProgramName: mri_or  ProgramArguments: mri_or -all-info  ProgramVersion: 7.3.2  TimeStamp: 2026/03/12-17:14:44-GMT  BuildTime: Aug  4 2022 06:17:15  BuildStamp: freesurfer-linux-ubuntu22_x86_64-7.3.2-20220804-6354275  User: oesteban  Machine: dna085  Platform: Linux  PlatformVersion: 5.14.0-427.37.1.el9_4.x86_64  CompilerName: GCC  CompilerVersion: 8.4.0
ProgramName: mri_relabel_hypointensities  ProgramArguments: mri_relabel_hypointensities -all-info  ProgramVersion: 7.3.2  TimeStamp: 2026/03/12-17:14:44-GMT  BuildTime: Aug  4 2022 06:17:15  BuildStamp: freesurfer-linux-ubuntu22_x86_64-7.3.2-20220804-6354275  User: oesteban  Machine: dna085  Platform: Linux  PlatformVersion: 5.14.0-427.37.1.el9_4.x86_64  CompilerName: GCC  CompilerVersion: 8.4.0
ProgramName: mri_relabel_nonwm_hypos  ProgramArguments: mri_relabel_nonwm_hypos -all-info  ProgramVersion: 7.3.2  TimeStamp: 2026/03/12-17:14:44-GMT  BuildTime: Aug  4 2022 06:17:15  BuildStamp: freesurfer-linux-ubuntu22_x86_64-7.3.2-20220804-6354275  User: oesteban  Machine: dna085  Platform: Linux  PlatformVersion: 5.14.0-427.37.1.el9_4.x86_64  CompilerName: GCC  CompilerVersion: 8.4.0
ProgramName: mri_remove_neck  ProgramArguments: mri_remove_neck -all-info  ProgramVersion: 7.3.2  TimeStamp: 2026/03/12-17:14:44-GMT  BuildTime: Aug  4 2022 06:17:15  BuildStamp: freesurfer-linux-ubuntu22_x86_64-7.3.2-20220804-6354275  User: oesteban  Machine: dna085  Platform: Linux  PlatformVersion: 5.14.0-427.37.1.el9_4.x86_64  CompilerName: GCC  CompilerVersion: 8.4.0
7.3.2

ProgramName: mri_robust_register  ProgramArguments: mri_robust_register -all-info  ProgramVersion: 7.3.2  TimeStamp: 2026/03/12-17:14:44-GMT  BuildTime: Aug  4 2022 06:17:15  BuildStamp: freesurfer-linux-ubuntu22_x86_64-7.3.2-20220804-6354275  User: oesteban  Machine: dna085  Platform: Linux  PlatformVersion: 5.14.0-427.37.1.el9_4.x86_64  CompilerName: GCC  CompilerVersion: 8.4.0
7.3.2

ProgramName: mri_robust_template  ProgramArguments: mri_robust_template -all-info  ProgramVersion: 7.3.2  TimeStamp: 2026/03/12-17:14:44-GMT  BuildTime: Aug  4 2022 06:17:15  BuildStamp: freesurfer-linux-ubuntu22_x86_64-7.3.2-20220804-6354275  User: oesteban  Machine: dna085  Platform: Linux  PlatformVersion: 5.14.0-427.37.1.el9_4.x86_64  CompilerName: GCC  CompilerVersion: 8.4.0
ProgramName: mris_anatomical_stats  ProgramArguments: mris_anatomical_stats -all-info  ProgramVersion: 7.3.2  TimeStamp: 2026/03/12-17:14:44-GMT  BuildTime: Aug  4 2022 06:17:15  BuildStamp: freesurfer-linux-ubuntu22_x86_64-7.3.2-20220804-6354275  User: oesteban  Machine: dna085  Platform: Linux  PlatformVersion: 5.14.0-427.37.1.el9_4.x86_64  CompilerName: GCC  CompilerVersion: 8.4.0
ProgramName: mris_ca_label  ProgramArguments: mris_ca_label -all-info  ProgramVersion: 7.3.2  TimeStamp: 2026/03/12-17:14:44-GMT  BuildTime: Aug  4 2022 06:17:15  BuildStamp: freesurfer-linux-ubuntu22_x86_64-7.3.2-20220804-6354275  User: oesteban  Machine: dna085  Platform: Linux  PlatformVersion: 5.14.0-427.37.1.el9_4.x86_64  CompilerName: GCC  CompilerVersion: 8.4.0
ProgramName: mris_calc  ProgramArguments: mris_calc -all-info  ProgramVersion: 7.3.2  TimeStamp: 2026/03/12-17:14:44-GMT  BuildTime: Aug  4 2022 06:17:15  BuildStamp: freesurfer-linux-ubuntu22_x86_64-7.3.2-20220804-6354275  User: oesteban  Machine: dna085  Platform: Linux  PlatformVersion: 5.14.0-427.37.1.el9_4.x86_64  CompilerName: GCC  CompilerVersion: 8.4.0
ProgramName: mris_convert  ProgramArguments: mris_convert -all-info  ProgramVersion: 7.3.2  TimeStamp: 2026/03/12-17:14:44-GMT  BuildTime: Aug  4 2022 06:17:15  BuildStamp: freesurfer-linux-ubuntu22_x86_64-7.3.2-20220804-6354275  User: oesteban  Machine: dna085  Platform: Linux  PlatformVersion: 5.14.0-427.37.1.el9_4.x86_64  CompilerName: GCC  CompilerVersion: 8.4.0
ProgramName: mris_curvature  ProgramArguments: mris_curvature -all-info  ProgramVersion: 7.3.2  TimeStamp: 2026/03/12-17:14:44-GMT  BuildTime: Aug  4 2022 06:17:15  BuildStamp: freesurfer-linux-ubuntu22_x86_64-7.3.2-20220804-6354275  User: oesteban  Machine: dna085  Platform: Linux  PlatformVersion: 5.14.0-427.37.1.el9_4.x86_64  CompilerName: GCC  CompilerVersion: 8.4.0
ProgramName: mris_curvature_stats  ProgramArguments: mris_curvature_stats -all-info  ProgramVersion: 7.3.2  TimeStamp: 2026/03/12-17:14:44-GMT  BuildTime: Aug  4 2022 06:17:15  BuildStamp: freesurfer-linux-ubuntu22_x86_64-7.3.2-20220804-6354275  User: oesteban  Machine: dna085  Platform: Linux  PlatformVersion: 5.14.0-427.37.1.el9_4.x86_64  CompilerName: GCC  CompilerVersion: 8.4.0
ProgramName: mris_diff  ProgramArguments: mris_diff -all-info  ProgramVersion: 7.3.2  TimeStamp: 2026/03/12-17:14:44-GMT  BuildTime: Aug  4 2022 06:17:15  BuildStamp: freesurfer-linux-ubuntu22_x86_64-7.3.2-20220804-6354275  User: oesteban  Machine: dna085  Platform: Linux  PlatformVersion: 5.14.0-427.37.1.el9_4.x86_64  CompilerName: GCC  CompilerVersion: 8.4.0
ProgramName: mris_divide_parcellation  ProgramArguments: mris_divide_parcellation -all-info  ProgramVersion: 7.3.2  TimeStamp: 2026/03/12-17:14:44-GMT  BuildTime: Aug  4 2022 06:17:15  BuildStamp: freesurfer-linux-ubuntu22_x86_64-7.3.2-20220804-6354275  User: oesteban  Machine: dna085  Platform: Linux  PlatformVersion: 5.14.0-427.37.1.el9_4.x86_64  CompilerName: GCC  CompilerVersion: 8.4.0
ProgramName: mri_segment  ProgramArguments: mri_segment -all-info  ProgramVersion: 7.3.2  TimeStamp: 2026/03/12-17:14:44-GMT  BuildTime: Aug  4 2022 06:17:15  BuildStamp: freesurfer-linux-ubuntu22_x86_64-7.3.2-20220804-6354275  User: oesteban  Machine: dna085  Platform: Linux  PlatformVersion: 5.14.0-427.37.1.el9_4.x86_64  CompilerName: GCC  CompilerVersion: 8.4.0
ProgramName: mri_segstats  ProgramArguments: mri_segstats -all-info  ProgramVersion: 7.3.2  TimeStamp: 2026/03/12-17:14:44-GMT  BuildTime: Aug  4 2022 06:17:15  BuildStamp: freesurfer-linux-ubuntu22_x86_64-7.3.2-20220804-6354275  User: oesteban  Machine: dna085  Platform: Linux  PlatformVersion: 5.14.0-427.37.1.el9_4.x86_64  CompilerName: GCC  CompilerVersion: 8.4.0
ProgramName: mris_euler_number  ProgramArguments: mris_euler_number -all-info  ProgramVersion: 7.3.2  TimeStamp: 2026/03/12-17:14:44-GMT  BuildTime: Aug  4 2022 06:17:15  BuildStamp: freesurfer-linux-ubuntu22_x86_64-7.3.2-20220804-6354275  User: oesteban  Machine: dna085  Platform: Linux  PlatformVersion: 5.14.0-427.37.1.el9_4.x86_64  CompilerName: GCC  CompilerVersion: 8.4.0
ProgramName: mris_fix_topology  ProgramArguments: mris_fix_topology -all-info  ProgramVersion: 7.3.2  TimeStamp: 2026/03/12-17:14:44-GMT  BuildTime: Aug  4 2022 06:17:15  BuildStamp: freesurfer-linux-ubuntu22_x86_64-7.3.2-20220804-6354275  User: oesteban  Machine: dna085  Platform: Linux  PlatformVersion: 5.14.0-427.37.1.el9_4.x86_64  CompilerName: GCC  CompilerVersion: 8.4.0
ProgramName: mris_topo_fixer  ProgramArguments: mris_topo_fixer -all-info  ProgramVersion: 7.3.2  TimeStamp: 2026/03/12-17:14:44-GMT  BuildTime: Aug  4 2022 06:17:15  BuildStamp: freesurfer-linux-ubuntu22_x86_64-7.3.2-20220804-6354275  User: oesteban  Machine: dna085  Platform: Linux  PlatformVersion: 5.14.0-427.37.1.el9_4.x86_64  CompilerName: GCC  CompilerVersion: 8.4.0
ProgramName: mris_jacobian  ProgramArguments: mris_jacobian -all-info  ProgramVersion: 7.3.2  TimeStamp: 2026/03/12-17:14:44-GMT  BuildTime: Aug  4 2022 06:17:15  BuildStamp: freesurfer-linux-ubuntu22_x86_64-7.3.2-20220804-6354275  User: oesteban  Machine: dna085  Platform: Linux  PlatformVersion: 5.14.0-427.37.1.el9_4.x86_64  CompilerName: GCC  CompilerVersion: 8.4.0
ProgramName: mris_label2annot  ProgramArguments: mris_label2annot -all-info  ProgramVersion: 7.3.2  TimeStamp: 2026/03/12-17:14:44-GMT  BuildTime: Aug  4 2022 06:17:15  BuildStamp: freesurfer-linux-ubuntu22_x86_64-7.3.2-20220804-6354275  User: oesteban  Machine: dna085  Platform: Linux  PlatformVersion: 5.14.0-427.37.1.el9_4.x86_64  CompilerName: GCC  CompilerVersion: 8.4.0
ProgramName: mris_left_right_register  ProgramArguments: mris_left_right_register -all-info  ProgramVersion: 7.3.2  TimeStamp: 2026/03/12-17:14:44-GMT  BuildTime: Aug  4 2022 06:17:15  BuildStamp: freesurfer-linux-ubuntu22_x86_64-7.3.2-20220804-6354275  User: oesteban  Machine: dna085  Platform: Linux  PlatformVersion: 5.14.0-427.37.1.el9_4.x86_64  CompilerName: GCC  CompilerVersion: 8.4.0
ProgramName: mris_place_surface  ProgramArguments: mris_place_surface -all-info  ProgramVersion: 7.3.2  TimeStamp: 2026/03/12-17:14:44-GMT  BuildTime: Aug  4 2022 06:17:15  BuildStamp: freesurfer-linux-ubuntu22_x86_64-7.3.2-20220804-6354275  User: oesteban  Machine: dna085  Platform: Linux  PlatformVersion: 5.14.0-427.37.1.el9_4.x86_64  CompilerName: GCC  CompilerVersion: 8.4.0
ProgramName: mrisp_paint  ProgramArguments: mrisp_paint -all-info  ProgramVersion: 7.3.2  TimeStamp: 2026/03/12-17:14:44-GMT  BuildTime: Aug  4 2022 06:17:15  BuildStamp: freesurfer-linux-ubuntu22_x86_64-7.3.2-20220804-6354275  User: oesteban  Machine: dna085  Platform: Linux  PlatformVersion: 5.14.0-427.37.1.el9_4.x86_64  CompilerName: GCC  CompilerVersion: 8.4.0
ProgramName: mris_register  ProgramArguments: mris_register -all-info  ProgramVersion: 7.3.2  TimeStamp: 2026/03/12-17:14:44-GMT  BuildTime: Aug  4 2022 06:17:15  BuildStamp: freesurfer-linux-ubuntu22_x86_64-7.3.2-20220804-6354275  User: oesteban  Machine: dna085  Platform: Linux  PlatformVersion: 5.14.0-427.37.1.el9_4.x86_64  CompilerName: GCC  CompilerVersion: 8.4.0
ProgramName: mris_smooth  ProgramArguments: mris_smooth -all-info  ProgramVersion: 7.3.2  TimeStamp: 2026/03/12-17:14:44-GMT  BuildTime: Aug  4 2022 06:17:15  BuildStamp: freesurfer-linux-ubuntu22_x86_64-7.3.2-20220804-6354275  User: oesteban  Machine: dna085  Platform: Linux  PlatformVersion: 5.14.0-427.37.1.el9_4.x86_64  CompilerName: GCC  CompilerVersion: 8.4.0
ProgramName: mris_sphere  ProgramArguments: mris_sphere -all-info  ProgramVersion: 7.3.2  TimeStamp: 2026/03/12-17:14:44-GMT  BuildTime: Aug  4 2022 06:17:15  BuildStamp: freesurfer-linux-ubuntu22_x86_64-7.3.2-20220804-6354275  User: oesteban  Machine: dna085  Platform: Linux  PlatformVersion: 5.14.0-427.37.1.el9_4.x86_64  CompilerName: GCC  CompilerVersion: 8.4.0
ProgramName: mris_surface_stats  ProgramArguments: mris_surface_stats -all-info  ProgramVersion: 7.3.2  TimeStamp: 2026/03/12-17:14:44-GMT  BuildTime: Aug  4 2022 06:17:15  BuildStamp: freesurfer-linux-ubuntu22_x86_64-7.3.2-20220804-6354275  User: oesteban  Machine: dna085  Platform: Linux  PlatformVersion: 5.14.0-427.37.1.el9_4.x86_64  CompilerName: GCC  CompilerVersion: 8.4.0
ProgramName: mri_stats2seg  ProgramArguments: mri_stats2seg -all-info  ProgramVersion: 7.3.2  TimeStamp: 2026/03/12-17:14:44-GMT  BuildTime: Aug  4 2022 06:17:15  BuildStamp: freesurfer-linux-ubuntu22_x86_64-7.3.2-20220804-6354275  User: oesteban  Machine: dna085  Platform: Linux  PlatformVersion: 5.14.0-427.37.1.el9_4.x86_64  CompilerName: GCC  CompilerVersion: 8.4.0
ProgramName: mris_thickness  ProgramArguments: mris_thickness -all-info  ProgramVersion: 7.3.2  TimeStamp: 2026/03/12-17:14:44-GMT  BuildTime: Aug  4 2022 06:17:15  BuildStamp: freesurfer-linux-ubuntu22_x86_64-7.3.2-20220804-6354275  User: oesteban  Machine: dna085  Platform: Linux  PlatformVersion: 5.14.0-427.37.1.el9_4.x86_64  CompilerName: GCC  CompilerVersion: 8.4.0
ProgramName: mris_thickness_diff  ProgramArguments: mris_thickness_diff -all-info  ProgramVersion: 7.3.2  TimeStamp: 2026/03/12-17:14:44-GMT  BuildTime: Aug  4 2022 06:17:15  BuildStamp: freesurfer-linux-ubuntu22_x86_64-7.3.2-20220804-6354275  User: oesteban  Machine: dna085  Platform: Linux  PlatformVersion: 5.14.0-427.37.1.el9_4.x86_64  CompilerName: GCC  CompilerVersion: 8.4.0
ProgramName: mris_topo_fixer  ProgramArguments: mris_topo_fixer -all-info  ProgramVersion: 7.3.2  TimeStamp: 2026/03/12-17:14:44-GMT  BuildTime: Aug  4 2022 06:17:15  BuildStamp: freesurfer-linux-ubuntu22_x86_64-7.3.2-20220804-6354275  User: oesteban  Machine: dna085  Platform: Linux  PlatformVersion: 5.14.0-427.37.1.el9_4.x86_64  CompilerName: GCC  CompilerVersion: 8.4.0
ProgramName: mri_surf2surf  ProgramArguments: mri_surf2surf -all-info  ProgramVersion: 7.3.2  TimeStamp: 2026/03/12-17:14:44-GMT  BuildTime: Aug  4 2022 06:17:15  BuildStamp: freesurfer-linux-ubuntu22_x86_64-7.3.2-20220804-6354275  User: oesteban  Machine: dna085  Platform: Linux  PlatformVersion: 5.14.0-427.37.1.el9_4.x86_64  CompilerName: GCC  CompilerVersion: 8.4.0
ProgramName: mri_surf2vol  ProgramArguments: mri_surf2vol -all-info  ProgramVersion: 7.3.2  TimeStamp: 2026/03/12-17:14:44-GMT  BuildTime: Aug  4 2022 06:17:15  BuildStamp: freesurfer-linux-ubuntu22_x86_64-7.3.2-20220804-6354275  User: oesteban  Machine: dna085  Platform: Linux  PlatformVersion: 5.14.0-427.37.1.el9_4.x86_64  CompilerName: GCC  CompilerVersion: 8.4.0
ProgramName: mri_surfcluster  ProgramArguments: mri_surfcluster -all-info  ProgramVersion: 7.3.2  TimeStamp: 2026/03/12-17:14:44-GMT  BuildTime: Aug  4 2022 06:17:15  BuildStamp: freesurfer-linux-ubuntu22_x86_64-7.3.2-20220804-6354275  User: oesteban  Machine: dna085  Platform: Linux  PlatformVersion: 5.14.0-427.37.1.el9_4.x86_64  CompilerName: GCC  CompilerVersion: 8.4.0
ProgramName: mris_volmask  ProgramArguments: mris_volmask -all-info  ProgramVersion: 7.3.2  TimeStamp: 2026/03/12-17:14:44-GMT  BuildTime: Aug  4 2022 06:17:15  BuildStamp: freesurfer-linux-ubuntu22_x86_64-7.3.2-20220804-6354275  User: oesteban  Machine: dna085  Platform: Linux  PlatformVersion: 5.14.0-427.37.1.el9_4.x86_64  CompilerName: GCC  CompilerVersion: 8.4.0
ProgramName: mri_tessellate  ProgramArguments: mri_tessellate -all-info  ProgramVersion: 7.3.2  TimeStamp: 2026/03/12-17:14:44-GMT  BuildTime: Aug  4 2022 06:17:15  BuildStamp: freesurfer-linux-ubuntu22_x86_64-7.3.2-20220804-6354275  User: oesteban  Machine: dna085  Platform: Linux  PlatformVersion: 5.14.0-427.37.1.el9_4.x86_64  CompilerName: GCC  CompilerVersion: 8.4.0
ProgramName: mri_vol2surf  ProgramArguments: mri_vol2surf -all-info  ProgramVersion: 7.3.2  TimeStamp: 2026/03/12-17:14:44-GMT  BuildTime: Aug  4 2022 06:17:15  BuildStamp: freesurfer-linux-ubuntu22_x86_64-7.3.2-20220804-6354275  User: oesteban  Machine: dna085  Platform: Linux  PlatformVersion: 5.14.0-427.37.1.el9_4.x86_64  CompilerName: GCC  CompilerVersion: 8.4.0
ProgramName: mri_vol2vol  ProgramArguments: mri_vol2vol -all-info  ProgramVersion: 7.3.2  TimeStamp: 2026/03/12-17:14:44-GMT  BuildTime: Aug  4 2022 06:17:15  BuildStamp: freesurfer-linux-ubuntu22_x86_64-7.3.2-20220804-6354275  User: oesteban  Machine: dna085  Platform: Linux  PlatformVersion: 5.14.0-427.37.1.el9_4.x86_64  CompilerName: GCC  CompilerVersion: 8.4.0
ProgramName: mri_voldiff  ProgramArguments: mri_voldiff -all-info  ProgramVersion: 7.3.2  TimeStamp: 2026/03/12-17:14:44-GMT  BuildTime: Aug  4 2022 06:17:15  BuildStamp: freesurfer-linux-ubuntu22_x86_64-7.3.2-20220804-6354275  User: oesteban  Machine: dna085  Platform: Linux  PlatformVersion: 5.14.0-427.37.1.el9_4.x86_64  CompilerName: GCC  CompilerVersion: 8.4.0
ProgramName: mri_watershed  ProgramArguments: mri_watershed -all-info  ProgramVersion: 7.3.2  TimeStamp: 2026/03/12-17:14:44-GMT  BuildTime: Aug  4 2022 06:17:15  BuildStamp: freesurfer-linux-ubuntu22_x86_64-7.3.2-20220804-6354275  User: oesteban  Machine: dna085  Platform: Linux  PlatformVersion: 5.14.0-427.37.1.el9_4.x86_64  CompilerName: GCC  CompilerVersion: 8.4.0
ProgramName: tkregister2  ProgramArguments: tkregister2_cmdl -all-info  ProgramVersion: 7.3.2  TimeStamp: 2026/03/12-17:14:44-GMT  BuildTime: Aug  4 2022 06:17:15  BuildStamp: freesurfer-linux-ubuntu22_x86_64-7.3.2-20220804-6354275  User: oesteban  Machine: dna085  Platform: Linux  PlatformVersion: 5.14.0-427.37.1.el9_4.x86_64  CompilerName: GCC  CompilerVersion: 8.4.0
mri_motion_correct.fsl 7.3.2
mri_convert -all-info 
ProgramName: mri_convert  ProgramArguments: mri_convert -all-info  ProgramVersion: 7.3.2  TimeStamp: 2026/03/12-17:14:44-GMT  BuildTime: Aug  4 2022 06:17:15  BuildStamp: freesurfer-linux-ubuntu22_x86_64-7.3.2-20220804-6354275  User: oesteban  Machine: dna085  Platform: Linux  PlatformVersion: 5.14.0-427.37.1.el9_4.x86_64  CompilerName: GCC  CompilerVersion: 8.4.0
Program nu_correct, built from:
Package MNI N3, version 1.12.0, compiled by nicks@terrier (x86_64-unknown-linux-gnu) on 2015-06-19 at 01:25:34
#######################################
GCADIR /opt/freesurfer/average
GCA RB_all_2020-01-02.gca
GCASkull RB_all_withskull_2020_01_02.gca
AvgCurvTif folding.atlas.acfb40.noaparc.i12.2016-08-02.tif
GCSDIR /opt/freesurfer/average
GCS DKaparc.atlas.acfb40.noaparc.i12.2016-08-02.gcs
#######################################
#--------------------------------------------
#@# AutoDetGWStats rh Thu Mar 12 18:14:44 CET 2026
cd /out/sourcedata/freesurfer/sub-v1s20x0050372_ses-1/mri
mris_autodet_gwstats --o ../surf/autodet.gw.stats.rh.dat --i brain.finalsurfs.mgz --wm wm.mgz --surf ../surf/rh.orig.premesh
  Update not needed
#--------------------------------------------
#@# WhitePreAparc rh Thu Mar 12 18:14:44 CET 2026
cd /out/sourcedata/freesurfer/sub-v1s20x0050372_ses-1/mri
mris_place_surface --adgws-in ../surf/autodet.gw.stats.rh.dat --wm wm.mgz --threads 16 --invol brain.finalsurfs.mgz --rh --i ../surf/rh.orig --o ../surf/rh.white.preaparc --white --seg aseg.presurf.mgz --nsmooth 5
   Update not needed
#--------------------------------------------
#@# CortexLabel rh Thu Mar 12 18:14:45 CET 2026
cd /out/sourcedata/freesurfer/sub-v1s20x0050372_ses-1/mri
mri_label2label --label-cortex ../surf/rh.white.preaparc aseg.presurf.mgz 0 ../label/rh.cortex.label
   Update not needed
#--------------------------------------------
#@# CortexLabel+HipAmyg rh Thu Mar 12 18:14:45 CET 2026
cd /out/sourcedata/freesurfer/sub-v1s20x0050372_ses-1/mri
mri_label2label --label-cortex ../surf/rh.white.preaparc aseg.presurf.mgz 1 ../label/rh.cortex+hipamyg.label
   Update not needed
#@# white curv rh Thu Mar 12 18:14:45 CET 2026
cd /out/sourcedata/freesurfer/sub-v1s20x0050372_ses-1/mri
mris_place_surface --curv-map ../surf/rh.white 2 10 ../surf/rh.curv
   Update not needed
#@# white area rh Thu Mar 12 18:14:45 CET 2026
cd /out/sourcedata/freesurfer/sub-v1s20x0050372_ses-1/mri
mris_place_surface --area-map ../surf/rh.white ../surf/rh.area
   Update not needed
#@# pial curv rh Thu Mar 12 18:14:45 CET 2026
cd /out/sourcedata/freesurfer/sub-v1s20x0050372_ses-1/mri
mris_place_surface --curv-map ../surf/rh.pial 2 10 ../surf/rh.curv.pial
   Update not needed
#@# pial area rh Thu Mar 12 18:14:45 CET 2026
cd /out/sourcedata/freesurfer/sub-v1s20x0050372_ses-1/mri
mris_place_surface --area-map ../surf/rh.pial ../surf/rh.area.pial
   Update not needed
#@# thickness rh Thu Mar 12 18:14:45 CET 2026
cd /out/sourcedata/freesurfer/sub-v1s20x0050372_ses-1/mri
mris_place_surface --thickness ../surf/rh.white ../surf/rh.pial 20 5 ../surf/rh.thickness
   Update not needed
#@# area and vertex vol rh Thu Mar 12 18:14:45 CET 2026
cd /out/sourcedata/freesurfer/sub-v1s20x0050372_ses-1/mri
mris_place_surface --thickness ../surf/rh.white ../surf/rh.pial 20 5 ../surf/rh.thickness
   Update not needed
#-----------------------------------------
#@# Parcellation Stats rh Thu Mar 12 18:14:45 CET 2026
/out/sourcedata/freesurfer/sub-v1s20x0050372_ses-1/scripts

 mris_anatomical_stats -th3 -mgz -noglobal -cortex ../label/rh.cortex.label -f ../stats/rh.aparc.stats -b -a ../label/rh.aparc.annot -c ../label/aparc.annot.ctab sub-v1s20x0050372_ses-1 rh white 

computing statistics for each annotation in ../label/rh.aparc.annot.
reading volume /out/sourcedata/freesurfer/sub-v1s20x0050372_ses-1/mri/wm.mgz...
reading input surface /out/sourcedata/freesurfer/sub-v1s20x0050372_ses-1/surf/rh.white...
reading input pial surface /out/sourcedata/freesurfer/sub-v1s20x0050372_ses-1/surf/rh.pial...
reading input white surface /out/sourcedata/freesurfer/sub-v1s20x0050372_ses-1/surf/rh.white...
INFO: using TH3 volume calc
INFO: assuming MGZ format for volumes.
INFO: not computing global stats
INFO: using ../label/rh.cortex.label as mask to calc cortex NumVert, SurfArea and MeanThickness.
Using TH3 vertex volume calc
Total face volume 266624
Total vertex volume 266433 (mask=0)
Saving annotation colortable ../label/aparc.annot.ctab

table columns are:
    number of vertices
    total surface area (mm^2)
    total gray matter volume (mm^3)
    average cortical thickness +- standard deviation (mm)
    integrated rectified mean curvature
    integrated rectified Gaussian curvature
    folding index
    intrinsic curvature index
    structure name

 1370    904   2588  2.972 0.627     0.091     0.014        6     0.9  bankssts
 1228    864   2219  2.321 0.838     0.117     0.018       14     1.0  caudalanteriorcingulate
 3865   2556   7265  2.616 0.501     0.101     0.018       28     3.0  caudalmiddlefrontal
 3250   2230   4172  1.851 0.499     0.147     0.035       45     5.0  cuneus
  543    362   1410  2.941 0.905     0.136     0.046        7     0.8  entorhinal
 4978   3470  10559  2.755 0.638     0.118     0.025       51     5.4  fusiform
 7306   5117  14051  2.515 0.554     0.118     0.024       80     7.4  inferiorparietal
 5141   3629  10094  2.504 0.659     0.117     0.029       64     6.0  inferiortemporal
 1403    969   2797  2.482 0.894     0.130     0.034       20     1.9  isthmuscingulate
 7781   5254  11158  2.040 0.658     0.134     0.031       98    10.7  lateraloccipital
 4452   3009   7519  2.347 0.662     0.135     0.040       62     6.8  lateralorbitofrontal
 5212   3539   6947  1.905 0.584     0.125     0.030       55     6.6  lingual
 3096   2217   5654  2.443 0.637     0.122     0.024       40     3.3  medialorbitofrontal
 5184   3828  12936  2.822 0.708     0.118     0.025       60     5.5  middletemporal
 1221    755   1976  2.316 0.602     0.068     0.018        6     0.5  parahippocampal
 2648   1618   4664  2.575 0.680     0.102     0.021       18     2.2  paracentral
 2339   1624   4078  2.443 0.595     0.115     0.023       20     2.2  parsopercularis
 1126    807   2682  2.582 0.679     0.129     0.027       13     1.4  parsorbitalis
 2137   1562   4712  2.526 0.663     0.128     0.028       26     2.4  parstriangularis
 2789   2060   2319  1.316 0.395     0.152     0.036       36     4.5  pericalcarine
 7434   4662   9635  1.939 0.629     0.099     0.019       54     6.1  postcentral
 1796   1291   3241  2.419 0.792     0.119     0.027       19     2.0  posteriorcingulate
 8692   5618  14766  2.440 0.691     0.102     0.021       60     7.4  precentral
 7007   4866  13405  2.576 0.686     0.124     0.026       70     7.8  precuneus
 1145    846   2492  2.468 0.734     0.128     0.028       12     1.4  rostralanteriorcingulate
 9931   7175  20375  2.563 0.628     0.121     0.025      100    10.4  rostralmiddlefrontal
13784   9039  29664  2.912 0.647     0.109     0.022      118    12.5  superiorfrontal
 9722   6413  15660  2.240 0.559     0.117     0.023       88     9.8  superiorparietal
 6298   4253  12739  2.595 0.731     0.114     0.026       60     6.8  superiortemporal
 5929   4202  12147  2.699 0.638     0.119     0.025       56     6.0  supramarginal
  498    412   1898  3.164 0.676     0.174     0.052        9     1.1  frontalpole
  706    600   2258  2.598 0.954     0.162     0.047       13     1.5  temporalpole
  718    476   1141  2.109 0.612     0.114     0.030        8     0.7  transversetemporal
 4200   2892   7211  2.668 0.900     0.126     0.045       45     8.7  insula

 mris_anatomical_stats -th3 -mgz -noglobal -cortex ../label/rh.cortex.label -f ../stats/rh.aparc.pial.stats -b -a ../label/rh.aparc.annot -c ../label/aparc.annot.ctab sub-v1s20x0050372_ses-1 rh pial 

computing statistics for each annotation in ../label/rh.aparc.annot.
reading volume /out/sourcedata/freesurfer/sub-v1s20x0050372_ses-1/mri/wm.mgz...
reading input surface /out/sourcedata/freesurfer/sub-v1s20x0050372_ses-1/surf/rh.pial...
reading input pial surface /out/sourcedata/freesurfer/sub-v1s20x0050372_ses-1/surf/rh.pial...
reading input white surface /out/sourcedata/freesurfer/sub-v1s20x0050372_ses-1/surf/rh.white...
INFO: using TH3 volume calc
INFO: assuming MGZ format for volumes.
INFO: not computing global stats
INFO: using ../label/rh.cortex.label as mask to calc cortex NumVert, SurfArea and MeanThickness.
Using TH3 vertex volume calc
Total face volume 266624
Total vertex volume 266433 (mask=0)
Saving annotation colortable ../label/aparc.annot.ctab

table columns are:
    number of vertices
    total surface area (mm^2)
    total gray matter volume (mm^3)
    average cortical thickness +- standard deviation (mm)
    integrated rectified mean curvature
    integrated rectified Gaussian curvature
    folding index
    intrinsic curvature index
    structure name

 1370    823   2588  2.972 0.627     0.116     0.034       19     1.9  bankssts
 1228   1051   2219  2.321 0.838     0.147     0.037      108     1.6  caudalanteriorcingulate
 3865   2969   7265  2.616 0.501     0.115     0.024       73     3.8  caudalmiddlefrontal
 3250   2499   4172  1.851 0.499     0.130     0.032       73     4.1  cuneus
  543    612   1410  2.941 0.905     0.204     0.054       11     1.3  entorhinal
 4978   4307  10559  2.755 0.638     0.143     0.036      219     8.1  fusiform
 7306   6300  14051  2.515 0.554     0.145     0.034      106    11.4  inferiorparietal
 5141   4446  10094  2.504 0.659     0.140     0.033      432     7.1  inferiortemporal
 1403   1309   2797  2.482 0.894     0.158     0.045       46     2.1  isthmuscingulate
 7781   5920  11158  2.040 0.658     0.127     0.032      109    10.5  lateraloccipital
 4452   3511   7519  2.347 0.662     0.146     0.040      258     7.5  lateralorbitofrontal
 5212   4093   6947  1.905 0.584     0.132     0.033      118     7.4  lingual
 3096   2564   5654  2.443 0.637     0.138     0.033       60     4.2  medialorbitofrontal
 5184   5375  12936  2.822 0.708     0.157     0.034       79     8.1  middletemporal
 1221    952   1976  2.316 0.602     0.125     0.031       14     1.6  parahippocampal
 2648   2000   4664  2.575 0.680     0.116     0.026       28     3.0  paracentral
 2339   1867   4078  2.443 0.595     0.139     0.040       48     3.2  parsopercularis
 1126   1238   2682  2.582 0.679     0.182     0.035       22     1.9  parsorbitalis
 2137   2139   4712  2.526 0.663     0.169     0.035       30     3.6  parstriangularis
 2789   1724   2319  1.316 0.395     0.117     0.031       99     3.3  pericalcarine
 7434   5532   9635  1.939 0.629     0.112     0.024       71     7.6  postcentral
 1796   1537   3241  2.419 0.792     0.158     0.042       71     3.3  posteriorcingulate
 8692   6330  14766  2.440 0.691     0.106     0.022      101     7.8  precentral
 7007   5564  13405  2.576 0.686     0.137     0.033      129     9.8  precuneus
 1145   1141   2492  2.468 0.734     0.162     0.036       20     1.9  rostralanteriorcingulate
 9931   8833  20375  2.563 0.628     0.157     0.035      285    14.9  rostralmiddlefrontal
13784  11184  29664  2.912 0.647     0.131     0.113    10753    15.8  superiorfrontal
 9722   7698  15660  2.240 0.559     0.129     0.030      164    11.7  superiorparietal
 6298   5606  12739  2.595 0.731     0.163     0.042      163    11.3  superiortemporal
 5929   4914  12147  2.699 0.638     0.139     0.035      121     8.2  supramarginal
  498    782   1898  3.164 0.676     0.257     0.050        8     1.1  frontalpole
  706   1090   2258  2.598 0.954     0.251     0.053       14     1.8  temporalpole
  718    636   1141  2.109 0.612     0.150     0.038        8     1.1  transversetemporal
 4200   2689   7211  2.668 0.900     0.134     0.043       94     6.8  insula
#-----------------------------------------
#@# Parcellation Stats 2 rh Thu Mar 12 18:15:04 CET 2026
/out/sourcedata/freesurfer/sub-v1s20x0050372_ses-1/scripts

 mris_anatomical_stats -th3 -mgz -noglobal -cortex ../label/rh.cortex.label -f ../stats/rh.aparc.a2009s.stats -b -a ../label/rh.aparc.a2009s.annot -c ../label/aparc.annot.a2009s.ctab sub-v1s20x0050372_ses-1 rh white 

computing statistics for each annotation in ../label/rh.aparc.a2009s.annot.
reading volume /out/sourcedata/freesurfer/sub-v1s20x0050372_ses-1/mri/wm.mgz...
reading input surface /out/sourcedata/freesurfer/sub-v1s20x0050372_ses-1/surf/rh.white...
reading input pial surface /out/sourcedata/freesurfer/sub-v1s20x0050372_ses-1/surf/rh.pial...
reading input white surface /out/sourcedata/freesurfer/sub-v1s20x0050372_ses-1/surf/rh.white...
INFO: using TH3 volume calc
INFO: assuming MGZ format for volumes.
INFO: not computing global stats
INFO: using ../label/rh.cortex.label as mask to calc cortex NumVert, SurfArea and MeanThickness.
Using TH3 vertex volume calc
Total face volume 266624
Total vertex volume 266433 (mask=0)
Saving annotation colortable ../label/aparc.annot.a2009s.ctab

table columns are:
    number of vertices
    total surface area (mm^2)
    total gray matter volume (mm^3)
    average cortical thickness +- standard deviation (mm)
    integrated rectified mean curvature
    integrated rectified Gaussian curvature
    folding index
    intrinsic curvature index
    structure name

 1048    810   2306  2.429 0.616     0.147     0.032       14     1.5  G_and_S_frontomargin
 1235    851   2009  2.199 0.701     0.138     0.030       20     1.7  G_and_S_occipital_inf
 1787    987   2976  2.431 0.745     0.096     0.020       12     1.7  G_and_S_paracentral
 1944   1331   3504  2.430 0.657     0.118     0.025       19     2.0  G_and_S_subcentral
 1365   1048   3390  2.564 0.712     0.141     0.037       20     1.9  G_and_S_transv_frontopol
 3493   2500   7063  2.748 0.664     0.115     0.023       29     3.4  G_and_S_cingul-Ant
 1648   1151   3356  2.823 0.598     0.105     0.017       12     1.3  G_and_S_cingul-Mid-Ant
 1872   1312   3058  2.505 0.549     0.110     0.021       14     1.6  G_and_S_cingul-Mid-Post
  558    380   1691  3.242 0.782     0.133     0.031        8     0.7  G_cingul-Post-dorsal
  380    247    717  2.306 0.982     0.130     0.037        5     0.6  G_cingul-Post-ventral
 3113   2149   3940  1.765 0.552     0.143     0.034       41     4.7  G_cuneus
 1588   1127   3381  2.320 0.634     0.129     0.033       20     2.1  G_front_inf-Opercular
  317    237    892  2.793 0.582     0.117     0.025        3     0.3  G_front_inf-Orbital
  857    655   2386  2.688 0.703     0.153     0.039       15     1.5  G_front_inf-Triangul
 3912   2754  10341  2.788 0.581     0.132     0.029       53     4.5  G_front_middle
 9010   5697  21699  3.055 0.642     0.117     0.026       99     9.6  G_front_sup
  833    588   1409  2.394 0.786     0.136     0.051       10     1.6  G_Ins_lg_and_S_cent_ins
  917    641   2065  2.672 1.194     0.148     0.052       13     1.8  G_insular_short
 2600   1865   5776  2.484 0.643     0.137     0.031       39     3.5  G_occipital_middle
 2133   1418   3293  1.999 0.497     0.129     0.025       22     2.5  G_occipital_sup
 2346   1608   5758  2.887 0.658     0.128     0.031       30     3.1  G_oc-temp_lat-fusifor
 3075   2149   4248  1.748 0.595     0.135     0.036       37     4.6  G_oc-temp_med-Lingual
 1400    876   2925  2.558 0.901     0.113     0.040       16     2.1  G_oc-temp_med-Parahip
 2912   2044   6870  2.478 0.759     0.150     0.049       56     5.5  G_orbital
 2578   1936   6460  2.631 0.615     0.145     0.037       45     3.7  G_pariet_inf-Angular
 2809   1984   6922  2.820 0.665     0.122     0.025       32     3.0  G_pariet_inf-Supramar
 2925   1888   5466  2.336 0.600     0.122     0.028       32     3.6  G_parietal_sup
 2590   1520   3746  2.016 0.592     0.104     0.021       22     2.5  G_postcentral
 3184   1885   6821  2.734 0.796     0.103     0.024       27     3.2  G_precentral
 2933   2084   7705  2.850 0.719     0.140     0.032       42     3.7  G_precuneus
  842    646   1907  2.330 0.680     0.142     0.029       14     1.2  G_rectus
  637    433    737  1.842 0.677     0.130     0.051       12     1.1  G_subcallosal
  577    364    940  2.084 0.638     0.123     0.037        8     0.7  G_temp_sup-G_T_transv
 2171   1449   5821  2.826 0.774     0.135     0.039       29     3.4  G_temp_sup-Lateral
  905    595   1375  2.188 0.777     0.103     0.062        8     3.3  G_temp_sup-Plan_polar
 1064    704   2051  2.571 0.625     0.081     0.012        6     0.6  G_temp_sup-Plan_tempo
 2579   1881   6153  2.584 0.760     0.127     0.036       43     4.0  G_temporal_inf
 2954   2251   8988  2.961 0.768     0.135     0.031       48     3.7  G_temporal_middle
  375    253    482  2.348 0.325     0.094     0.012        2     0.2  Lat_Fis-ant-Horizont
  278    194    428  2.209 0.673     0.112     0.017        2     0.2  Lat_Fis-ant-Vertical
 1586   1090   2202  2.614 0.673     0.113     0.022       10     1.5  Lat_Fis-post
 3895   2402   4169  1.672 0.616     0.141     0.039       56     6.6  Pole_occipital
 1700   1399   5115  2.757 0.805     0.156     0.041       30     3.1  Pole_temporal
 2843   2151   3072  1.688 0.646     0.142     0.031       31     4.1  S_calcarine
 3351   2279   3368  1.707 0.511     0.095     0.017       18     2.4  S_central
 1167    828   1822  2.104 0.716     0.109     0.017        8     0.8  S_cingul-Marginalis
  552    364    913  2.876 0.479     0.094     0.018        2     0.4  S_circular_insula_ant
 1268    840   1804  2.642 0.836     0.080     0.011        4     0.6  S_circular_insula_inf
 1859   1265   2764  2.598 0.601     0.100     0.017        9     1.4  S_circular_insula_sup
  912    672   1983  2.732 0.727     0.124     0.032       11     1.2  S_collat_transv_ant
  502    355    583  2.020 0.259     0.141     0.033        5     0.6  S_collat_transv_post
 2391   1673   3853  2.439 0.603     0.098     0.015       14     1.5  S_front_inf
 3181   2250   5506  2.522 0.549     0.113     0.023       23     3.2  S_front_middle
 3962   2688   6598  2.533 0.491     0.092     0.016       22     2.5  S_front_sup
  513    371    768  2.521 0.490     0.127     0.021        4     0.5  S_interm_prim-Jensen
 3968   2653   5639  2.263 0.436     0.105     0.019       28     3.1  S_intrapariet_and_P_trans
  770    533   1031  2.124 0.437     0.108     0.018        5     0.6  S_oc_middle_and_Lunatus
 1970   1339   2663  2.234 0.443     0.115     0.020       14     1.7  S_oc_sup_and_transversal
  895    589   1277  2.609 0.489     0.095     0.017        5     0.6  S_occipital_ant
 1371    971   2330  2.544 0.481     0.107     0.018       10     1.1  S_oc-temp_lat
 2683   1742   3405  2.282 0.503     0.086     0.012       13     1.4  S_oc-temp_med_and_Lingual
  519    376    778  2.149 0.587     0.128     0.024        4     0.6  S_orbital_lateral
  881    594   1046  2.241 0.644     0.115     0.023        7     0.9  S_orbital_med-olfact
 1580   1067   2436  2.410 0.513     0.117     0.026       14     1.6  S_orbital-H_Shaped
 3018   2026   4143  2.263 0.585     0.115     0.022       26     3.0  S_parieto_occipital
 1551   1068   1639  1.825 0.626     0.124     0.027       22     1.9  S_pericallosal
 2948   1979   3635  2.126 0.570     0.109     0.019       20     2.4  S_postcentral
 2332   1562   3523  2.622 0.415     0.097     0.015       11     1.5  S_precentral-inf-part
 1581   1026   2270  2.478 0.434     0.089     0.011        8     0.7  S_precentral-sup-part
  170    127    286  2.847 0.444     0.158     0.019        2     0.2  S_suborbital
 1585   1113   2542  2.636 0.517     0.112     0.021       10     1.4  S_subparietal
 1550   1067   2151  2.393 0.506     0.100     0.014        9     0.9  S_temporal_inf
 5642   3816   9486  2.707 0.544     0.094     0.016       32     3.8  S_temporal_sup
  489    350    580  2.110 0.560     0.118     0.018        4     0.4  S_temporal_transverse
#-----------------------------------------
#@# Parcellation Stats 3 rh Thu Mar 12 18:15:14 CET 2026
/out/sourcedata/freesurfer/sub-v1s20x0050372_ses-1/scripts

 mris_anatomical_stats -th3 -mgz -noglobal -cortex ../label/rh.cortex.label -f ../stats/rh.aparc.DKTatlas.stats -b -a ../label/rh.aparc.DKTatlas.annot -c ../label/aparc.annot.DKTatlas.ctab sub-v1s20x0050372_ses-1 rh white 

computing statistics for each annotation in ../label/rh.aparc.DKTatlas.annot.
reading volume /out/sourcedata/freesurfer/sub-v1s20x0050372_ses-1/mri/wm.mgz...
reading input surface /out/sourcedata/freesurfer/sub-v1s20x0050372_ses-1/surf/rh.white...
reading input pial surface /out/sourcedata/freesurfer/sub-v1s20x0050372_ses-1/surf/rh.pial...
reading input white surface /out/sourcedata/freesurfer/sub-v1s20x0050372_ses-1/surf/rh.white...
INFO: using TH3 volume calc
INFO: assuming MGZ format for volumes.
INFO: not computing global stats
INFO: using ../label/rh.cortex.label as mask to calc cortex NumVert, SurfArea and MeanThickness.
Using TH3 vertex volume calc
Total face volume 266624
Total vertex volume 266433 (mask=0)
Saving annotation colortable ../label/aparc.annot.DKTatlas.ctab

table columns are:
    number of vertices
    total surface area (mm^2)
    total gray matter volume (mm^3)
    average cortical thickness +- standard deviation (mm)
    integrated rectified mean curvature
    integrated rectified Gaussian curvature
    folding index
    intrinsic curvature index
    structure name

 1347    946   2411  2.328 0.843     0.116     0.017       15     1.1  caudalanteriorcingulate
 4015   2658   7536  2.631 0.499     0.102     0.018       29     3.1  caudalmiddlefrontal
 4038   2737   5222  1.861 0.506     0.136     0.032       50     5.6  cuneus
  454    289   1221  3.079 0.854     0.128     0.050        6     0.9  entorhinal
 4654   3234   9908  2.783 0.615     0.117     0.025       46     4.8  fusiform
 7533   5267  14412  2.517 0.554     0.119     0.025       83     7.8  inferiorparietal
 5481   3894  10885  2.512 0.682     0.118     0.029       69     6.7  inferiortemporal
 1404    966   2776  2.491 0.870     0.130     0.034       20     1.9  isthmuscingulate
 7877   5321  11348  2.024 0.635     0.134     0.031       99    10.8  lateraloccipital
 5062   3490   8758  2.302 0.713     0.142     0.042       74     8.4  lateralorbitofrontal
 5116   3471   6830  1.902 0.584     0.126     0.030       54     6.5  lingual
 2411   1748   4697  2.360 0.694     0.125     0.028       35     2.5  medialorbitofrontal
 6136   4469  14763  2.835 0.686     0.116     0.024       68     6.1  middletemporal
 1303    814   2081  2.281 0.627     0.074     0.022        7     0.8  parahippocampal
 2767   1685   4915  2.567 0.680     0.101     0.021       19     2.4  paracentral
 2581   1816   4645  2.442 0.598     0.116     0.023       23     2.4  parsopercularis
 1007    709   2267  2.571 0.617     0.110     0.021        9     0.9  parsorbitalis
 2093   1524   4442  2.525 0.663     0.132     0.029       25     2.5  parstriangularis
 2714   2006   2271  1.319 0.388     0.152     0.036       35     4.5  pericalcarine
 8040   5060  10740  1.983 0.661     0.102     0.020       61     6.8  postcentral
 1924   1388   3473  2.476 0.768     0.122     0.027       20     2.2  posteriorcingulate
 8347   5419  14297  2.440 0.692     0.104     0.021       59     7.3  precentral
 7111   4947  13726  2.572 0.695     0.125     0.026       72     7.8  precuneus
 1628   1171   3103  2.432 0.726     0.132     0.032       21     2.2  rostralanteriorcingulate
 6985   5053  14714  2.596 0.626     0.123     0.025       74     7.6  rostralmiddlefrontal
17073  11413  36473  2.846 0.658     0.110     0.023      149    16.1  superiorfrontal
 7926   5235  12715  2.238 0.547     0.117     0.023       74     8.0  superiorparietal
 8063   5558  16826  2.604 0.768     0.118     0.032       82    11.9  superiortemporal
 5609   3962  11245  2.687 0.638     0.117     0.023       52     5.5  supramarginal
  687    451   1118  2.134 0.620     0.111     0.030        8     0.7  transversetemporal
 3543   2414   6615  2.886 0.766     0.112     0.029       28     4.0  insula
/out/sourcedata/freesurfer/sub-v1s20x0050372_ses-1/label
#--------------------------------------------
#@# BA_exvivo Labels rh Thu Mar 12 18:15:23 CET 2026

 mri_label2label --srcsubject fsaverage --srclabel /out/sourcedata/freesurfer/fsaverage/label/rh.BA1_exvivo.label --trgsubject sub-v1s20x0050372_ses-1 --trglabel ./rh.BA1_exvivo.label --hemi rh --regmethod surface 


srclabel = /out/sourcedata/freesurfer/fsaverage/label/rh.BA1_exvivo.label
srcsubject = fsaverage
trgsubject = sub-v1s20x0050372_ses-1
trglabel = ./rh.BA1_exvivo.label
regmethod = surface

srchemi = rh
trghemi = rh
trgsurface = white
srcsurfreg = sphere.reg
trgsurfreg = sphere.reg
usehash = 1
Use ProjAbs  = 0, 0
Use ProjFrac = 0, 0
DoPaint 0

SUBJECTS_DIR    /out/sourcedata/freesurfer
FREESURFER_HOME /opt/freesurfer
Loading source label.
Found 3962 points in source label.
Starting surface-based mapping
Reading source registration 
 /out/sourcedata/freesurfer/fsaverage/surf/rh.sphere.reg
Rescaling ...  original radius = 100
Reading target surface 
 /out/sourcedata/freesurfer/sub-v1s20x0050372_ses-1/surf/rh.white
Reading target registration 
 /out/sourcedata/freesurfer/sub-v1s20x0050372_ses-1/surf/rh.sphere.reg
Rescaling ...  original radius = 100
Building target registration hash (res=16).
Building source registration hash (res=16).
INFO: found  3962 nlabel points
Performing mapping from target back to the source label 152178
Number of reverse mapping hits = 396
Checking for and removing duplicates
Writing label file ./rh.BA1_exvivo.label 4358
mri_label2label: Done


 mri_label2label --srcsubject fsaverage --srclabel /out/sourcedata/freesurfer/fsaverage/label/rh.BA2_exvivo.label --trgsubject sub-v1s20x0050372_ses-1 --trglabel ./rh.BA2_exvivo.label --hemi rh --regmethod surface 


srclabel = /out/sourcedata/freesurfer/fsaverage/label/rh.BA2_exvivo.label
srcsubject = fsaverage
trgsubject = sub-v1s20x0050372_ses-1
trglabel = ./rh.BA2_exvivo.label
regmethod = surface

srchemi = rh
trghemi = rh
trgsurface = white
srcsurfreg = sphere.reg
trgsurfreg = sphere.reg
usehash = 1
Use ProjAbs  = 0, 0
Use ProjFrac = 0, 0
DoPaint 0

SUBJECTS_DIR    /out/sourcedata/freesurfer
FREESURFER_HOME /opt/freesurfer
Loading source label.
Found 6687 points in source label.
Starting surface-based mapping
Reading source registration 
 /out/sourcedata/freesurfer/fsaverage/surf/rh.sphere.reg
Rescaling ...  original radius = 100
Reading target surface 
 /out/sourcedata/freesurfer/sub-v1s20x0050372_ses-1/surf/rh.white
Reading target registration 
 /out/sourcedata/freesurfer/sub-v1s20x0050372_ses-1/surf/rh.sphere.reg
Rescaling ...  original radius = 100
Building target registration hash (res=16).
Building source registration hash (res=16).
INFO: found  6687 nlabel points
Performing mapping from target back to the source label 152178
Number of reverse mapping hits = 429
Checking for and removing duplicates
Writing label file ./rh.BA2_exvivo.label 7116
mri_label2label: Done


 mri_label2label --srcsubject fsaverage --srclabel /out/sourcedata/freesurfer/fsaverage/label/rh.BA3a_exvivo.label --trgsubject sub-v1s20x0050372_ses-1 --trglabel ./rh.BA3a_exvivo.label --hemi rh --regmethod surface 


srclabel = /out/sourcedata/freesurfer/fsaverage/label/rh.BA3a_exvivo.label
srcsubject = fsaverage
trgsubject = sub-v1s20x0050372_ses-1
trglabel = ./rh.BA3a_exvivo.label
regmethod = surface

srchemi = rh
trghemi = rh
trgsurface = white
srcsurfreg = sphere.reg
trgsurfreg = sphere.reg
usehash = 1
Use ProjAbs  = 0, 0
Use ProjFrac = 0, 0
DoPaint 0

SUBJECTS_DIR    /out/sourcedata/freesurfer
FREESURFER_HOME /opt/freesurfer
Loading source label.
Found 3980 points in source label.
Starting surface-based mapping
Reading source registration 
 /out/sourcedata/freesurfer/fsaverage/surf/rh.sphere.reg
Rescaling ...  original radius = 100
Reading target surface 
 /out/sourcedata/freesurfer/sub-v1s20x0050372_ses-1/surf/rh.white
Reading target registration 
 /out/sourcedata/freesurfer/sub-v1s20x0050372_ses-1/surf/rh.sphere.reg
Rescaling ...  original radius = 100
Building target registration hash (res=16).
Building source registration hash (res=16).
INFO: found  3980 nlabel points
Performing mapping from target back to the source label 152178
Number of reverse mapping hits = 110
Checking for and removing duplicates
Writing label file ./rh.BA3a_exvivo.label 4090
mri_label2label: Done


 mri_label2label --srcsubject fsaverage --srclabel /out/sourcedata/freesurfer/fsaverage/label/rh.BA3b_exvivo.label --trgsubject sub-v1s20x0050372_ses-1 --trglabel ./rh.BA3b_exvivo.label --hemi rh --regmethod surface 


srclabel = /out/sourcedata/freesurfer/fsaverage/label/rh.BA3b_exvivo.label
srcsubject = fsaverage
trgsubject = sub-v1s20x0050372_ses-1
trglabel = ./rh.BA3b_exvivo.label
regmethod = surface

srchemi = rh
trghemi = rh
trgsurface = white
srcsurfreg = sphere.reg
trgsurfreg = sphere.reg
usehash = 1
Use ProjAbs  = 0, 0
Use ProjFrac = 0, 0
DoPaint 0

SUBJECTS_DIR    /out/sourcedata/freesurfer
FREESURFER_HOME /opt/freesurfer
Loading source label.
Found 4522 points in source label.
Starting surface-based mapping
Reading source registration 
 /out/sourcedata/freesurfer/fsaverage/surf/rh.sphere.reg
Rescaling ...  original radius = 100
Reading target surface 
 /out/sourcedata/freesurfer/sub-v1s20x0050372_ses-1/surf/rh.white
Reading target registration 
 /out/sourcedata/freesurfer/sub-v1s20x0050372_ses-1/surf/rh.sphere.reg
Rescaling ...  original radius = 100
Building target registration hash (res=16).
Building source registration hash (res=16).
INFO: found  4522 nlabel points
Performing mapping from target back to the source label 152178
Number of reverse mapping hits = 289
Checking for and removing duplicates
Writing label file ./rh.BA3b_exvivo.label 4811
mri_label2label: Done


 mri_label2label --srcsubject fsaverage --srclabel /out/sourcedata/freesurfer/fsaverage/label/rh.BA4a_exvivo.label --trgsubject sub-v1s20x0050372_ses-1 --trglabel ./rh.BA4a_exvivo.label --hemi rh --regmethod surface 


srclabel = /out/sourcedata/freesurfer/fsaverage/label/rh.BA4a_exvivo.label
srcsubject = fsaverage
trgsubject = sub-v1s20x0050372_ses-1
trglabel = ./rh.BA4a_exvivo.label
regmethod = surface

srchemi = rh
trghemi = rh
trgsurface = white
srcsurfreg = sphere.reg
trgsurfreg = sphere.reg
usehash = 1
Use ProjAbs  = 0, 0
Use ProjFrac = 0, 0
DoPaint 0

SUBJECTS_DIR    /out/sourcedata/freesurfer
FREESURFER_HOME /opt/freesurfer
Loading source label.
Found 5747 points in source label.
Starting surface-based mapping
Reading source registration 
 /out/sourcedata/freesurfer/fsaverage/surf/rh.sphere.reg
Rescaling ...  original radius = 100
Reading target surface 
 /out/sourcedata/freesurfer/sub-v1s20x0050372_ses-1/surf/rh.white
Reading target registration 
 /out/sourcedata/freesurfer/sub-v1s20x0050372_ses-1/surf/rh.sphere.reg
Rescaling ...  original radius = 100
Building target registration hash (res=16).
Building source registration hash (res=16).
INFO: found  5747 nlabel points
Performing mapping from target back to the source label 152178
Number of reverse mapping hits = 347
Checking for and removing duplicates
Writing label file ./rh.BA4a_exvivo.label 6094
mri_label2label: Done


 mri_label2label --srcsubject fsaverage --srclabel /out/sourcedata/freesurfer/fsaverage/label/rh.BA4p_exvivo.label --trgsubject sub-v1s20x0050372_ses-1 --trglabel ./rh.BA4p_exvivo.label --hemi rh --regmethod surface 


srclabel = /out/sourcedata/freesurfer/fsaverage/label/rh.BA4p_exvivo.label
srcsubject = fsaverage
trgsubject = sub-v1s20x0050372_ses-1
trglabel = ./rh.BA4p_exvivo.label
regmethod = surface

srchemi = rh
trghemi = rh
trgsurface = white
srcsurfreg = sphere.reg
trgsurfreg = sphere.reg
usehash = 1
Use ProjAbs  = 0, 0
Use ProjFrac = 0, 0
DoPaint 0

SUBJECTS_DIR    /out/sourcedata/freesurfer
FREESURFER_HOME /opt/freesurfer
Loading source label.
Found 4473 points in source label.
Starting surface-based mapping
Reading source registration 
 /out/sourcedata/freesurfer/fsaverage/surf/rh.sphere.reg
Rescaling ...  original radius = 100
Reading target surface 
 /out/sourcedata/freesurfer/sub-v1s20x0050372_ses-1/surf/rh.white
Reading target registration 
 /out/sourcedata/freesurfer/sub-v1s20x0050372_ses-1/surf/rh.sphere.reg
Rescaling ...  original radius = 100
Building target registration hash (res=16).
Building source registration hash (res=16).
INFO: found  4473 nlabel points
Performing mapping from target back to the source label 152178
Number of reverse mapping hits = 117
Checking for and removing duplicates
Writing label file ./rh.BA4p_exvivo.label 4590
mri_label2label: Done


 mri_label2label --srcsubject fsaverage --srclabel /out/sourcedata/freesurfer/fsaverage/label/rh.BA6_exvivo.label --trgsubject sub-v1s20x0050372_ses-1 --trglabel ./rh.BA6_exvivo.label --hemi rh --regmethod surface 


srclabel = /out/sourcedata/freesurfer/fsaverage/label/rh.BA6_exvivo.label
srcsubject = fsaverage
trgsubject = sub-v1s20x0050372_ses-1
trglabel = ./rh.BA6_exvivo.label
regmethod = surface

srchemi = rh
trghemi = rh
trgsurface = white
srcsurfreg = sphere.reg
trgsurfreg = sphere.reg
usehash = 1
Use ProjAbs  = 0, 0
Use ProjFrac = 0, 0
DoPaint 0

SUBJECTS_DIR    /out/sourcedata/freesurfer
FREESURFER_HOME /opt/freesurfer
Loading source label.
Found 12256 points in source label.
Starting surface-based mapping
Reading source registration 
 /out/sourcedata/freesurfer/fsaverage/surf/rh.sphere.reg
Rescaling ...  original radius = 100
Reading target surface 
 /out/sourcedata/freesurfer/sub-v1s20x0050372_ses-1/surf/rh.white
Reading target registration 
 /out/sourcedata/freesurfer/sub-v1s20x0050372_ses-1/surf/rh.sphere.reg
Rescaling ...  original radius = 100
Building target registration hash (res=16).
Building source registration hash (res=16).
INFO: found  12256 nlabel points
Performing mapping from target back to the source label 152178
Number of reverse mapping hits = 1535
Checking for and removing duplicates
Writing label file ./rh.BA6_exvivo.label 13791
mri_label2label: Done


 mri_label2label --srcsubject fsaverage --srclabel /out/sourcedata/freesurfer/fsaverage/label/rh.BA44_exvivo.label --trgsubject sub-v1s20x0050372_ses-1 --trglabel ./rh.BA44_exvivo.label --hemi rh --regmethod surface 


srclabel = /out/sourcedata/freesurfer/fsaverage/label/rh.BA44_exvivo.label
srcsubject = fsaverage
trgsubject = sub-v1s20x0050372_ses-1
trglabel = ./rh.BA44_exvivo.label
regmethod = surface

srchemi = rh
trghemi = rh
trgsurface = white
srcsurfreg = sphere.reg
trgsurfreg = sphere.reg
usehash = 1
Use ProjAbs  = 0, 0
Use ProjFrac = 0, 0
DoPaint 0

SUBJECTS_DIR    /out/sourcedata/freesurfer
FREESURFER_HOME /opt/freesurfer
Loading source label.
Found 6912 points in source label.
Starting surface-based mapping
Reading source registration 
 /out/sourcedata/freesurfer/fsaverage/surf/rh.sphere.reg
Rescaling ...  original radius = 100
Reading target surface 
 /out/sourcedata/freesurfer/sub-v1s20x0050372_ses-1/surf/rh.white
Reading target registration 
 /out/sourcedata/freesurfer/sub-v1s20x0050372_ses-1/surf/rh.sphere.reg
Rescaling ...  original radius = 100
Building target registration hash (res=16).
Building source registration hash (res=16).
INFO: found  6912 nlabel points
Performing mapping from target back to the source label 152178
Number of reverse mapping hits = 891
Checking for and removing duplicates
Writing label file ./rh.BA44_exvivo.label 7803
mri_label2label: Done


 mri_label2label --srcsubject fsaverage --srclabel /out/sourcedata/freesurfer/fsaverage/label/rh.BA45_exvivo.label --trgsubject sub-v1s20x0050372_ses-1 --trglabel ./rh.BA45_exvivo.label --hemi rh --regmethod surface 


srclabel = /out/sourcedata/freesurfer/fsaverage/label/rh.BA45_exvivo.label
srcsubject = fsaverage
trgsubject = sub-v1s20x0050372_ses-1
trglabel = ./rh.BA45_exvivo.label
regmethod = surface

srchemi = rh
trghemi = rh
trgsurface = white
srcsurfreg = sphere.reg
trgsurfreg = sphere.reg
usehash = 1
Use ProjAbs  = 0, 0
Use ProjFrac = 0, 0
DoPaint 0

SUBJECTS_DIR    /out/sourcedata/freesurfer
FREESURFER_HOME /opt/freesurfer
Loading source label.
Found 5355 points in source label.
Starting surface-based mapping
Reading source registration 
 /out/sourcedata/freesurfer/fsaverage/surf/rh.sphere.reg
Rescaling ...  original radius = 100
Reading target surface 
 /out/sourcedata/freesurfer/sub-v1s20x0050372_ses-1/surf/rh.white
Reading target registration 
 /out/sourcedata/freesurfer/sub-v1s20x0050372_ses-1/surf/rh.sphere.reg
Rescaling ...  original radius = 100
Building target registration hash (res=16).
Building source registration hash (res=16).
INFO: found  5355 nlabel points
Performing mapping from target back to the source label 152178
Number of reverse mapping hits = 628
Checking for and removing duplicates
Writing label file ./rh.BA45_exvivo.label 5983
mri_label2label: Done


 mri_label2label --srcsubject fsaverage --srclabel /out/sourcedata/freesurfer/fsaverage/label/rh.V1_exvivo.label --trgsubject sub-v1s20x0050372_ses-1 --trglabel ./rh.V1_exvivo.label --hemi rh --regmethod surface 


srclabel = /out/sourcedata/freesurfer/fsaverage/label/rh.V1_exvivo.label
srcsubject = fsaverage
trgsubject = sub-v1s20x0050372_ses-1
trglabel = ./rh.V1_exvivo.label
regmethod = surface

srchemi = rh
trghemi = rh
trgsurface = white
srcsurfreg = sphere.reg
trgsurfreg = sphere.reg
usehash = 1
Use ProjAbs  = 0, 0
Use ProjFrac = 0, 0
DoPaint 0

SUBJECTS_DIR    /out/sourcedata/freesurfer
FREESURFER_HOME /opt/freesurfer
Loading source label.
Found 4727 points in source label.
Starting surface-based mapping
Reading source registration 
 /out/sourcedata/freesurfer/fsaverage/surf/rh.sphere.reg
Rescaling ...  original radius = 100
Reading target surface 
 /out/sourcedata/freesurfer/sub-v1s20x0050372_ses-1/surf/rh.white
Reading target registration 
 /out/sourcedata/freesurfer/sub-v1s20x0050372_ses-1/surf/rh.sphere.reg
Rescaling ...  original radius = 100
Building target registration hash (res=16).
Building source registration hash (res=16).
INFO: found  4727 nlabel points
Performing mapping from target back to the source label 152178
Number of reverse mapping hits = 2240
Checking for and removing duplicates
Writing label file ./rh.V1_exvivo.label 6967
mri_label2label: Done


 mri_label2label --srcsubject fsaverage --srclabel /out/sourcedata/freesurfer/fsaverage/label/rh.V2_exvivo.label --trgsubject sub-v1s20x0050372_ses-1 --trglabel ./rh.V2_exvivo.label --hemi rh --regmethod surface 


srclabel = /out/sourcedata/freesurfer/fsaverage/label/rh.V2_exvivo.label
srcsubject = fsaverage
trgsubject = sub-v1s20x0050372_ses-1
trglabel = ./rh.V2_exvivo.label
regmethod = surface

srchemi = rh
trghemi = rh
trgsurface = white
srcsurfreg = sphere.reg
trgsurfreg = sphere.reg
usehash = 1
Use ProjAbs  = 0, 0
Use ProjFrac = 0, 0
DoPaint 0

SUBJECTS_DIR    /out/sourcedata/freesurfer
FREESURFER_HOME /opt/freesurfer
Loading source label.
Found 8016 points in source label.
Starting surface-based mapping
Reading source registration 
 /out/sourcedata/freesurfer/fsaverage/surf/rh.sphere.reg
Rescaling ...  original radius = 100
Reading target surface 
 /out/sourcedata/freesurfer/sub-v1s20x0050372_ses-1/surf/rh.white
Reading target registration 
 /out/sourcedata/freesurfer/sub-v1s20x0050372_ses-1/surf/rh.sphere.reg
Rescaling ...  original radius = 100
Building target registration hash (res=16).
Building source registration hash (res=16).
INFO: found  8016 nlabel points
Performing mapping from target back to the source label 152178
Number of reverse mapping hits = 3400
Checking for and removing duplicates
Writing label file ./rh.V2_exvivo.label 11416
mri_label2label: Done


 mri_label2label --srcsubject fsaverage --srclabel /out/sourcedata/freesurfer/fsaverage/label/rh.MT_exvivo.label --trgsubject sub-v1s20x0050372_ses-1 --trglabel ./rh.MT_exvivo.label --hemi rh --regmethod surface 


srclabel = /out/sourcedata/freesurfer/fsaverage/label/rh.MT_exvivo.label
srcsubject = fsaverage
trgsubject = sub-v1s20x0050372_ses-1
trglabel = ./rh.MT_exvivo.label
regmethod = surface

srchemi = rh
trghemi = rh
trgsurface = white
srcsurfreg = sphere.reg
trgsurfreg = sphere.reg
usehash = 1
Use ProjAbs  = 0, 0
Use ProjFrac = 0, 0
DoPaint 0

SUBJECTS_DIR    /out/sourcedata/freesurfer
FREESURFER_HOME /opt/freesurfer
Loading source label.
Found 1932 points in source label.
Starting surface-based mapping
Reading source registration 
 /out/sourcedata/freesurfer/fsaverage/surf/rh.sphere.reg
Rescaling ...  original radius = 100
Reading target surface 
 /out/sourcedata/freesurfer/sub-v1s20x0050372_ses-1/surf/rh.white
Reading target registration 
 /out/sourcedata/freesurfer/sub-v1s20x0050372_ses-1/surf/rh.sphere.reg
Rescaling ...  original radius = 100
Building target registration hash (res=16).
Building source registration hash (res=16).
INFO: found  1932 nlabel points
Performing mapping from target back to the source label 152178
Number of reverse mapping hits = 545
Checking for and removing duplicates
Writing label file ./rh.MT_exvivo.label 2477
mri_label2label: Done


 mri_label2label --srcsubject fsaverage --srclabel /out/sourcedata/freesurfer/fsaverage/label/rh.entorhinal_exvivo.label --trgsubject sub-v1s20x0050372_ses-1 --trglabel ./rh.entorhinal_exvivo.label --hemi rh --regmethod surface 


srclabel = /out/sourcedata/freesurfer/fsaverage/label/rh.entorhinal_exvivo.label
srcsubject = fsaverage
trgsubject = sub-v1s20x0050372_ses-1
trglabel = ./rh.entorhinal_exvivo.label
regmethod = surface

srchemi = rh
trghemi = rh
trgsurface = white
srcsurfreg = sphere.reg
trgsurfreg = sphere.reg
usehash = 1
Use ProjAbs  = 0, 0
Use ProjFrac = 0, 0
DoPaint 0

SUBJECTS_DIR    /out/sourcedata/freesurfer
FREESURFER_HOME /opt/freesurfer
Loading source label.
Found 1038 points in source label.
Starting surface-based mapping
Reading source registration 
 /out/sourcedata/freesurfer/fsaverage/surf/rh.sphere.reg
Rescaling ...  original radius = 100
Reading target surface 
 /out/sourcedata/freesurfer/sub-v1s20x0050372_ses-1/surf/rh.white
Reading target registration 
 /out/sourcedata/freesurfer/sub-v1s20x0050372_ses-1/surf/rh.sphere.reg
Rescaling ...  original radius = 100
Building target registration hash (res=16).
Building source registration hash (res=16).
INFO: found  1038 nlabel points
Performing mapping from target back to the source label 152178
Number of reverse mapping hits = 36
Checking for and removing duplicates
Writing label file ./rh.entorhinal_exvivo.label 1074
mri_label2label: Done


 mri_label2label --srcsubject fsaverage --srclabel /out/sourcedata/freesurfer/fsaverage/label/rh.perirhinal_exvivo.label --trgsubject sub-v1s20x0050372_ses-1 --trglabel ./rh.perirhinal_exvivo.label --hemi rh --regmethod surface 


srclabel = /out/sourcedata/freesurfer/fsaverage/label/rh.perirhinal_exvivo.label
srcsubject = fsaverage
trgsubject = sub-v1s20x0050372_ses-1
trglabel = ./rh.perirhinal_exvivo.label
regmethod = surface

srchemi = rh
trghemi = rh
trgsurface = white
srcsurfreg = sphere.reg
trgsurfreg = sphere.reg
usehash = 1
Use ProjAbs  = 0, 0
Use ProjFrac = 0, 0
DoPaint 0

SUBJECTS_DIR    /out/sourcedata/freesurfer
FREESURFER_HOME /opt/freesurfer
Loading source label.
Found 752 points in source label.
Starting surface-based mapping
Reading source registration 
 /out/sourcedata/freesurfer/fsaverage/surf/rh.sphere.reg
Rescaling ...  original radius = 100
Reading target surface 
 /out/sourcedata/freesurfer/sub-v1s20x0050372_ses-1/surf/rh.white
Reading target registration 
 /out/sourcedata/freesurfer/sub-v1s20x0050372_ses-1/surf/rh.sphere.reg
Rescaling ...  original radius = 100
Building target registration hash (res=16).
Building source registration hash (res=16).
INFO: found  752 nlabel points
Performing mapping from target back to the source label 152178
Number of reverse mapping hits = 31
Checking for and removing duplicates
Writing label file ./rh.perirhinal_exvivo.label 783
mri_label2label: Done


 mri_label2label --srcsubject fsaverage --srclabel /out/sourcedata/freesurfer/fsaverage/label/rh.FG1.mpm.vpnl.label --trgsubject sub-v1s20x0050372_ses-1 --trglabel ./rh.FG1.mpm.vpnl.label --hemi rh --regmethod surface 


srclabel = /out/sourcedata/freesurfer/fsaverage/label/rh.FG1.mpm.vpnl.label
srcsubject = fsaverage
trgsubject = sub-v1s20x0050372_ses-1
trglabel = ./rh.FG1.mpm.vpnl.label
regmethod = surface

srchemi = rh
trghemi = rh
trgsurface = white
srcsurfreg = sphere.reg
trgsurfreg = sphere.reg
usehash = 1
Use ProjAbs  = 0, 0
Use ProjFrac = 0, 0
DoPaint 0

SUBJECTS_DIR    /out/sourcedata/freesurfer
FREESURFER_HOME /opt/freesurfer
Loading source label.
Found 541 points in source label.
Starting surface-based mapping
Reading source registration 
 /out/sourcedata/freesurfer/fsaverage/surf/rh.sphere.reg
Rescaling ...  original radius = 100
Reading target surface 
 /out/sourcedata/freesurfer/sub-v1s20x0050372_ses-1/surf/rh.white
Reading target registration 
 /out/sourcedata/freesurfer/sub-v1s20x0050372_ses-1/surf/rh.sphere.reg
Rescaling ...  original radius = 100
Building target registration hash (res=16).
Building source registration hash (res=16).
INFO: found  541 nlabel points
Performing mapping from target back to the source label 152178
Number of reverse mapping hits = 265
Checking for and removing duplicates
Writing label file ./rh.FG1.mpm.vpnl.label 806
mri_label2label: Done


 mri_label2label --srcsubject fsaverage --srclabel /out/sourcedata/freesurfer/fsaverage/label/rh.FG2.mpm.vpnl.label --trgsubject sub-v1s20x0050372_ses-1 --trglabel ./rh.FG2.mpm.vpnl.label --hemi rh --regmethod surface 


srclabel = /out/sourcedata/freesurfer/fsaverage/label/rh.FG2.mpm.vpnl.label
srcsubject = fsaverage
trgsubject = sub-v1s20x0050372_ses-1
trglabel = ./rh.FG2.mpm.vpnl.label
regmethod = surface

srchemi = rh
trghemi = rh
trgsurface = white
srcsurfreg = sphere.reg
trgsurfreg = sphere.reg
usehash = 1
Use ProjAbs  = 0, 0
Use ProjFrac = 0, 0
DoPaint 0

SUBJECTS_DIR    /out/sourcedata/freesurfer
FREESURFER_HOME /opt/freesurfer
Loading source label.
Found 721 points in source label.
Starting surface-based mapping
Reading source registration 
 /out/sourcedata/freesurfer/fsaverage/surf/rh.sphere.reg
Rescaling ...  original radius = 100
Reading target surface 
 /out/sourcedata/freesurfer/sub-v1s20x0050372_ses-1/surf/rh.white
Reading target registration 
 /out/sourcedata/freesurfer/sub-v1s20x0050372_ses-1/surf/rh.sphere.reg
Rescaling ...  original radius = 100
Building target registration hash (res=16).
Building source registration hash (res=16).
INFO: found  721 nlabel points
Performing mapping from target back to the source label 152178
Number of reverse mapping hits = 245
Checking for and removing duplicates
Writing label file ./rh.FG2.mpm.vpnl.label 966
mri_label2label: Done


 mri_label2label --srcsubject fsaverage --srclabel /out/sourcedata/freesurfer/fsaverage/label/rh.FG3.mpm.vpnl.label --trgsubject sub-v1s20x0050372_ses-1 --trglabel ./rh.FG3.mpm.vpnl.label --hemi rh --regmethod surface 


srclabel = /out/sourcedata/freesurfer/fsaverage/label/rh.FG3.mpm.vpnl.label
srcsubject = fsaverage
trgsubject = sub-v1s20x0050372_ses-1
trglabel = ./rh.FG3.mpm.vpnl.label
regmethod = surface

srchemi = rh
trghemi = rh
trgsurface = white
srcsurfreg = sphere.reg
trgsurfreg = sphere.reg
usehash = 1
Use ProjAbs  = 0, 0
Use ProjFrac = 0, 0
DoPaint 0

SUBJECTS_DIR    /out/sourcedata/freesurfer
FREESURFER_HOME /opt/freesurfer
Loading source label.
Found 1523 points in source label.
Starting surface-based mapping
Reading source registration 
 /out/sourcedata/freesurfer/fsaverage/surf/rh.sphere.reg
Rescaling ...  original radius = 100
Reading target surface 
 /out/sourcedata/freesurfer/sub-v1s20x0050372_ses-1/surf/rh.white
Reading target registration 
 /out/sourcedata/freesurfer/sub-v1s20x0050372_ses-1/surf/rh.sphere.reg
Rescaling ...  original radius = 100
Building target registration hash (res=16).
Building source registration hash (res=16).
INFO: found  1523 nlabel points
Performing mapping from target back to the source label 152178
Number of reverse mapping hits = 515
Checking for and removing duplicates
Writing label file ./rh.FG3.mpm.vpnl.label 2038
mri_label2label: Done


 mri_label2label --srcsubject fsaverage --srclabel /out/sourcedata/freesurfer/fsaverage/label/rh.FG4.mpm.vpnl.label --trgsubject sub-v1s20x0050372_ses-1 --trglabel ./rh.FG4.mpm.vpnl.label --hemi rh --regmethod surface 


srclabel = /out/sourcedata/freesurfer/fsaverage/label/rh.FG4.mpm.vpnl.label
srcsubject = fsaverage
trgsubject = sub-v1s20x0050372_ses-1
trglabel = ./rh.FG4.mpm.vpnl.label
regmethod = surface

srchemi = rh
trghemi = rh
trgsurface = white
srcsurfreg = sphere.reg
trgsurfreg = sphere.reg
usehash = 1
Use ProjAbs  = 0, 0
Use ProjFrac = 0, 0
DoPaint 0

SUBJECTS_DIR    /out/sourcedata/freesurfer
FREESURFER_HOME /opt/freesurfer
Loading source label.
Found 1586 points in source label.
Starting surface-based mapping
Reading source registration 
 /out/sourcedata/freesurfer/fsaverage/surf/rh.sphere.reg
Rescaling ...  original radius = 100
Reading target surface 
 /out/sourcedata/freesurfer/sub-v1s20x0050372_ses-1/surf/rh.white
Reading target registration 
 /out/sourcedata/freesurfer/sub-v1s20x0050372_ses-1/surf/rh.sphere.reg
Rescaling ...  original radius = 100
Building target registration hash (res=16).
Building source registration hash (res=16).
INFO: found  1586 nlabel points
Performing mapping from target back to the source label 152178
Number of reverse mapping hits = 376
Checking for and removing duplicates
Writing label file ./rh.FG4.mpm.vpnl.label 1962
mri_label2label: Done


 mri_label2label --srcsubject fsaverage --srclabel /out/sourcedata/freesurfer/fsaverage/label/rh.hOc1.mpm.vpnl.label --trgsubject sub-v1s20x0050372_ses-1 --trglabel ./rh.hOc1.mpm.vpnl.label --hemi rh --regmethod surface 


srclabel = /out/sourcedata/freesurfer/fsaverage/label/rh.hOc1.mpm.vpnl.label
srcsubject = fsaverage
trgsubject = sub-v1s20x0050372_ses-1
trglabel = ./rh.hOc1.mpm.vpnl.label
regmethod = surface

srchemi = rh
trghemi = rh
trgsurface = white
srcsurfreg = sphere.reg
trgsurfreg = sphere.reg
usehash = 1
Use ProjAbs  = 0, 0
Use ProjFrac = 0, 0
DoPaint 0

SUBJECTS_DIR    /out/sourcedata/freesurfer
FREESURFER_HOME /opt/freesurfer
Loading source label.
Found 3667 points in source label.
Starting surface-based mapping
Reading source registration 
 /out/sourcedata/freesurfer/fsaverage/surf/rh.sphere.reg
Rescaling ...  original radius = 100
Reading target surface 
 /out/sourcedata/freesurfer/sub-v1s20x0050372_ses-1/surf/rh.white
Reading target registration 
 /out/sourcedata/freesurfer/sub-v1s20x0050372_ses-1/surf/rh.sphere.reg
Rescaling ...  original radius = 100
Building target registration hash (res=16).
Building source registration hash (res=16).
INFO: found  3667 nlabel points
Performing mapping from target back to the source label 152178
Number of reverse mapping hits = 1769
Checking for and removing duplicates
Writing label file ./rh.hOc1.mpm.vpnl.label 5436
mri_label2label: Done


 mri_label2label --srcsubject fsaverage --srclabel /out/sourcedata/freesurfer/fsaverage/label/rh.hOc2.mpm.vpnl.label --trgsubject sub-v1s20x0050372_ses-1 --trglabel ./rh.hOc2.mpm.vpnl.label --hemi rh --regmethod surface 


srclabel = /out/sourcedata/freesurfer/fsaverage/label/rh.hOc2.mpm.vpnl.label
srcsubject = fsaverage
trgsubject = sub-v1s20x0050372_ses-1
trglabel = ./rh.hOc2.mpm.vpnl.label
regmethod = surface

srchemi = rh
trghemi = rh
trgsurface = white
srcsurfreg = sphere.reg
trgsurfreg = sphere.reg
usehash = 1
Use ProjAbs  = 0, 0
Use ProjFrac = 0, 0
DoPaint 0

SUBJECTS_DIR    /out/sourcedata/freesurfer
FREESURFER_HOME /opt/freesurfer
Loading source label.
Found 2719 points in source label.
Starting surface-based mapping
Reading source registration 
 /out/sourcedata/freesurfer/fsaverage/surf/rh.sphere.reg
Rescaling ...  original radius = 100
Reading target surface 
 /out/sourcedata/freesurfer/sub-v1s20x0050372_ses-1/surf/rh.white
Reading target registration 
 /out/sourcedata/freesurfer/sub-v1s20x0050372_ses-1/surf/rh.sphere.reg
Rescaling ...  original radius = 100
Building target registration hash (res=16).
Building source registration hash (res=16).
INFO: found  2719 nlabel points
Performing mapping from target back to the source label 152178
Number of reverse mapping hits = 1417
Checking for and removing duplicates
Writing label file ./rh.hOc2.mpm.vpnl.label 4136
mri_label2label: Done


 mri_label2label --srcsubject fsaverage --srclabel /out/sourcedata/freesurfer/fsaverage/label/rh.hOc3v.mpm.vpnl.label --trgsubject sub-v1s20x0050372_ses-1 --trglabel ./rh.hOc3v.mpm.vpnl.label --hemi rh --regmethod surface 


srclabel = /out/sourcedata/freesurfer/fsaverage/label/rh.hOc3v.mpm.vpnl.label
srcsubject = fsaverage
trgsubject = sub-v1s20x0050372_ses-1
trglabel = ./rh.hOc3v.mpm.vpnl.label
regmethod = surface

srchemi = rh
trghemi = rh
trgsurface = white
srcsurfreg = sphere.reg
trgsurfreg = sphere.reg
usehash = 1
Use ProjAbs  = 0, 0
Use ProjFrac = 0, 0
DoPaint 0

SUBJECTS_DIR    /out/sourcedata/freesurfer
FREESURFER_HOME /opt/freesurfer
Loading source label.
Found 1228 points in source label.
Starting surface-based mapping
Reading source registration 
 /out/sourcedata/freesurfer/fsaverage/surf/rh.sphere.reg
Rescaling ...  original radius = 100
Reading target surface 
 /out/sourcedata/freesurfer/sub-v1s20x0050372_ses-1/surf/rh.white
Reading target registration 
 /out/sourcedata/freesurfer/sub-v1s20x0050372_ses-1/surf/rh.sphere.reg
Rescaling ...  original radius = 100
Building target registration hash (res=16).
Building source registration hash (res=16).
INFO: found  1228 nlabel points
Performing mapping from target back to the source label 152178
Number of reverse mapping hits = 479
Checking for and removing duplicates
Writing label file ./rh.hOc3v.mpm.vpnl.label 1707
mri_label2label: Done


 mri_label2label --srcsubject fsaverage --srclabel /out/sourcedata/freesurfer/fsaverage/label/rh.hOc4v.mpm.vpnl.label --trgsubject sub-v1s20x0050372_ses-1 --trglabel ./rh.hOc4v.mpm.vpnl.label --hemi rh --regmethod surface 


srclabel = /out/sourcedata/freesurfer/fsaverage/label/rh.hOc4v.mpm.vpnl.label
srcsubject = fsaverage
trgsubject = sub-v1s20x0050372_ses-1
trglabel = ./rh.hOc4v.mpm.vpnl.label
regmethod = surface

srchemi = rh
trghemi = rh
trgsurface = white
srcsurfreg = sphere.reg
trgsurfreg = sphere.reg
usehash = 1
Use ProjAbs  = 0, 0
Use ProjFrac = 0, 0
DoPaint 0

SUBJECTS_DIR    /out/sourcedata/freesurfer
FREESURFER_HOME /opt/freesurfer
Loading source label.
Found 1025 points in source label.
Starting surface-based mapping
Reading source registration 
 /out/sourcedata/freesurfer/fsaverage/surf/rh.sphere.reg
Rescaling ...  original radius = 100
Reading target surface 
 /out/sourcedata/freesurfer/sub-v1s20x0050372_ses-1/surf/rh.white
Reading target registration 
 /out/sourcedata/freesurfer/sub-v1s20x0050372_ses-1/surf/rh.sphere.reg
Rescaling ...  original radius = 100
Building target registration hash (res=16).
Building source registration hash (res=16).
INFO: found  1025 nlabel points
Performing mapping from target back to the source label 152178
Number of reverse mapping hits = 371
Checking for and removing duplicates
Writing label file ./rh.hOc4v.mpm.vpnl.label 1396
mri_label2label: Done


 mris_label2annot --s sub-v1s20x0050372_ses-1 --ctab /opt/freesurfer/average/colortable_vpnl.txt --hemi rh --a mpm.vpnl --maxstatwinner --noverbose --l rh.FG1.mpm.vpnl.label --l rh.FG2.mpm.vpnl.label --l rh.FG3.mpm.vpnl.label --l rh.FG4.mpm.vpnl.label --l rh.hOc1.mpm.vpnl.label --l rh.hOc2.mpm.vpnl.label --l rh.hOc3v.mpm.vpnl.label --l rh.hOc4v.mpm.vpnl.label 

Reading ctab /opt/freesurfer/average/colortable_vpnl.txt
Number of ctab entries 9

7.3.2
cwd /out/sourcedata/freesurfer/sub-v1s20x0050372_ses-1/label
cmdline mris_label2annot --s sub-v1s20x0050372_ses-1 --ctab /opt/freesurfer/average/colortable_vpnl.txt --hemi rh --a mpm.vpnl --maxstatwinner --noverbose --l rh.FG1.mpm.vpnl.label --l rh.FG2.mpm.vpnl.label --l rh.FG3.mpm.vpnl.label --l rh.FG4.mpm.vpnl.label --l rh.hOc1.mpm.vpnl.label --l rh.hOc2.mpm.vpnl.label --l rh.hOc3v.mpm.vpnl.label --l rh.hOc4v.mpm.vpnl.label 
sysname  Linux
hostname dna085
machine  x86_64
user     oesteban

subject sub-v1s20x0050372_ses-1
hemi    rh
SUBJECTS_DIR /out/sourcedata/freesurfer
ColorTable /opt/freesurfer/average/colortable_vpnl.txt
AnnotName  mpm.vpnl
nlables 8
LabelThresh 0 0.000000
Loading /out/sourcedata/freesurfer/sub-v1s20x0050372_ses-1/surf/rh.orig
 1 1376057 FG1
 2 16711935 FG2
 3 16711680 FG3
 4 1705837 FG4
 5 25600 hOc1
 6 255 hOc2
 7 16776960 hOc3v
 8 65535 hOc4v
Mapping unhit to unknown
Found 134350 unhit vertices
Writing annot to /out/sourcedata/freesurfer/sub-v1s20x0050372_ses-1/label/rh.mpm.vpnl.annot

 mri_label2label --srcsubject fsaverage --srclabel /out/sourcedata/freesurfer/fsaverage/label/rh.BA1_exvivo.thresh.label --trgsubject sub-v1s20x0050372_ses-1 --trglabel ./rh.BA1_exvivo.thresh.label --hemi rh --regmethod surface 


srclabel = /out/sourcedata/freesurfer/fsaverage/label/rh.BA1_exvivo.thresh.label
srcsubject = fsaverage
trgsubject = sub-v1s20x0050372_ses-1
trglabel = ./rh.BA1_exvivo.thresh.label
regmethod = surface

srchemi = rh
trghemi = rh
trgsurface = white
srcsurfreg = sphere.reg
trgsurfreg = sphere.reg
usehash = 1
Use ProjAbs  = 0, 0
Use ProjFrac = 0, 0
DoPaint 0

SUBJECTS_DIR    /out/sourcedata/freesurfer
FREESURFER_HOME /opt/freesurfer
Loading source label.
Found 876 points in source label.
Starting surface-based mapping
Reading source registration 
 /out/sourcedata/freesurfer/fsaverage/surf/rh.sphere.reg
Rescaling ...  original radius = 100
Reading target surface 
 /out/sourcedata/freesurfer/sub-v1s20x0050372_ses-1/surf/rh.white
Reading target registration 
 /out/sourcedata/freesurfer/sub-v1s20x0050372_ses-1/surf/rh.sphere.reg
Rescaling ...  original radius = 100
Building target registration hash (res=16).
Building source registration hash (res=16).
INFO: found  876 nlabel points
Performing mapping from target back to the source label 152178
Number of reverse mapping hits = 148
Checking for and removing duplicates
Writing label file ./rh.BA1_exvivo.thresh.label 1024
mri_label2label: Done


 mri_label2label --srcsubject fsaverage --srclabel /out/sourcedata/freesurfer/fsaverage/label/rh.BA2_exvivo.thresh.label --trgsubject sub-v1s20x0050372_ses-1 --trglabel ./rh.BA2_exvivo.thresh.label --hemi rh --regmethod surface 


srclabel = /out/sourcedata/freesurfer/fsaverage/label/rh.BA2_exvivo.thresh.label
srcsubject = fsaverage
trgsubject = sub-v1s20x0050372_ses-1
trglabel = ./rh.BA2_exvivo.thresh.label
regmethod = surface

srchemi = rh
trghemi = rh
trgsurface = white
srcsurfreg = sphere.reg
trgsurfreg = sphere.reg
usehash = 1
Use ProjAbs  = 0, 0
Use ProjFrac = 0, 0
DoPaint 0

SUBJECTS_DIR    /out/sourcedata/freesurfer
FREESURFER_HOME /opt/freesurfer
Loading source label.
Found 2688 points in source label.
Starting surface-based mapping
Reading source registration 
 /out/sourcedata/freesurfer/fsaverage/surf/rh.sphere.reg
Rescaling ...  original radius = 100
Reading target surface 
 /out/sourcedata/freesurfer/sub-v1s20x0050372_ses-1/surf/rh.white
Reading target registration 
 /out/sourcedata/freesurfer/sub-v1s20x0050372_ses-1/surf/rh.sphere.reg
Rescaling ...  original radius = 100
Building target registration hash (res=16).
Building source registration hash (res=16).
INFO: found  2688 nlabel points
Performing mapping from target back to the source label 152178
Number of reverse mapping hits = 173
Checking for and removing duplicates
Writing label file ./rh.BA2_exvivo.thresh.label 2861
mri_label2label: Done


 mri_label2label --srcsubject fsaverage --srclabel /out/sourcedata/freesurfer/fsaverage/label/rh.BA3a_exvivo.thresh.label --trgsubject sub-v1s20x0050372_ses-1 --trglabel ./rh.BA3a_exvivo.thresh.label --hemi rh --regmethod surface 


srclabel = /out/sourcedata/freesurfer/fsaverage/label/rh.BA3a_exvivo.thresh.label
srcsubject = fsaverage
trgsubject = sub-v1s20x0050372_ses-1
trglabel = ./rh.BA3a_exvivo.thresh.label
regmethod = surface

srchemi = rh
trghemi = rh
trgsurface = white
srcsurfreg = sphere.reg
trgsurfreg = sphere.reg
usehash = 1
Use ProjAbs  = 0, 0
Use ProjFrac = 0, 0
DoPaint 0

SUBJECTS_DIR    /out/sourcedata/freesurfer
FREESURFER_HOME /opt/freesurfer
Loading source label.
Found 1698 points in source label.
Starting surface-based mapping
Reading source registration 
 /out/sourcedata/freesurfer/fsaverage/surf/rh.sphere.reg
Rescaling ...  original radius = 100
Reading target surface 
 /out/sourcedata/freesurfer/sub-v1s20x0050372_ses-1/surf/rh.white
Reading target registration 
 /out/sourcedata/freesurfer/sub-v1s20x0050372_ses-1/surf/rh.sphere.reg
Rescaling ...  original radius = 100
Building target registration hash (res=16).
Building source registration hash (res=16).
INFO: found  1698 nlabel points
Performing mapping from target back to the source label 152178
Number of reverse mapping hits = 36
Checking for and removing duplicates
Writing label file ./rh.BA3a_exvivo.thresh.label 1734
mri_label2label: Done


 mri_label2label --srcsubject fsaverage --srclabel /out/sourcedata/freesurfer/fsaverage/label/rh.BA3b_exvivo.thresh.label --trgsubject sub-v1s20x0050372_ses-1 --trglabel ./rh.BA3b_exvivo.thresh.label --hemi rh --regmethod surface 


srclabel = /out/sourcedata/freesurfer/fsaverage/label/rh.BA3b_exvivo.thresh.label
srcsubject = fsaverage
trgsubject = sub-v1s20x0050372_ses-1
trglabel = ./rh.BA3b_exvivo.thresh.label
regmethod = surface

srchemi = rh
trghemi = rh
trgsurface = white
srcsurfreg = sphere.reg
trgsurfreg = sphere.reg
usehash = 1
Use ProjAbs  = 0, 0
Use ProjFrac = 0, 0
DoPaint 0

SUBJECTS_DIR    /out/sourcedata/freesurfer
FREESURFER_HOME /opt/freesurfer
Loading source label.
Found 2183 points in source label.
Starting surface-based mapping
Reading source registration 
 /out/sourcedata/freesurfer/fsaverage/surf/rh.sphere.reg
Rescaling ...  original radius = 100
Reading target surface 
 /out/sourcedata/freesurfer/sub-v1s20x0050372_ses-1/surf/rh.white
Reading target registration 
 /out/sourcedata/freesurfer/sub-v1s20x0050372_ses-1/surf/rh.sphere.reg
Rescaling ...  original radius = 100
Building target registration hash (res=16).
Building source registration hash (res=16).
INFO: found  2183 nlabel points
Performing mapping from target back to the source label 152178
Number of reverse mapping hits = 133
Checking for and removing duplicates
Writing label file ./rh.BA3b_exvivo.thresh.label 2316
mri_label2label: Done


 mri_label2label --srcsubject fsaverage --srclabel /out/sourcedata/freesurfer/fsaverage/label/rh.BA4a_exvivo.thresh.label --trgsubject sub-v1s20x0050372_ses-1 --trglabel ./rh.BA4a_exvivo.thresh.label --hemi rh --regmethod surface 


srclabel = /out/sourcedata/freesurfer/fsaverage/label/rh.BA4a_exvivo.thresh.label
srcsubject = fsaverage
trgsubject = sub-v1s20x0050372_ses-1
trglabel = ./rh.BA4a_exvivo.thresh.label
regmethod = surface

srchemi = rh
trghemi = rh
trgsurface = white
srcsurfreg = sphere.reg
trgsurfreg = sphere.reg
usehash = 1
Use ProjAbs  = 0, 0
Use ProjFrac = 0, 0
DoPaint 0

SUBJECTS_DIR    /out/sourcedata/freesurfer
FREESURFER_HOME /opt/freesurfer
Loading source label.
Found 1388 points in source label.
Starting surface-based mapping
Reading source registration 
 /out/sourcedata/freesurfer/fsaverage/surf/rh.sphere.reg
Rescaling ...  original radius = 100
Reading target surface 
 /out/sourcedata/freesurfer/sub-v1s20x0050372_ses-1/surf/rh.white
Reading target registration 
 /out/sourcedata/freesurfer/sub-v1s20x0050372_ses-1/surf/rh.sphere.reg
Rescaling ...  original radius = 100
Building target registration hash (res=16).
Building source registration hash (res=16).
INFO: found  1388 nlabel points
Performing mapping from target back to the source label 152178
Number of reverse mapping hits = 69
Checking for and removing duplicates
Writing label file ./rh.BA4a_exvivo.thresh.label 1457
mri_label2label: Done


 mri_label2label --srcsubject fsaverage --srclabel /out/sourcedata/freesurfer/fsaverage/label/rh.BA4p_exvivo.thresh.label --trgsubject sub-v1s20x0050372_ses-1 --trglabel ./rh.BA4p_exvivo.thresh.label --hemi rh --regmethod surface 


srclabel = /out/sourcedata/freesurfer/fsaverage/label/rh.BA4p_exvivo.thresh.label
srcsubject = fsaverage
trgsubject = sub-v1s20x0050372_ses-1
trglabel = ./rh.BA4p_exvivo.thresh.label
regmethod = surface

srchemi = rh
trghemi = rh
trgsurface = white
srcsurfreg = sphere.reg
trgsurfreg = sphere.reg
usehash = 1
Use ProjAbs  = 0, 0
Use ProjFrac = 0, 0
DoPaint 0

SUBJECTS_DIR    /out/sourcedata/freesurfer
FREESURFER_HOME /opt/freesurfer
Loading source label.
Found 1489 points in source label.
Starting surface-based mapping
Reading source registration 
 /out/sourcedata/freesurfer/fsaverage/surf/rh.sphere.reg
Rescaling ...  original radius = 100
Reading target surface 
 /out/sourcedata/freesurfer/sub-v1s20x0050372_ses-1/surf/rh.white
Reading target registration 
 /out/sourcedata/freesurfer/sub-v1s20x0050372_ses-1/surf/rh.sphere.reg
Rescaling ...  original radius = 100
Building target registration hash (res=16).
Building source registration hash (res=16).
INFO: found  1489 nlabel points
Performing mapping from target back to the source label 152178
Number of reverse mapping hits = 37
Checking for and removing duplicates
Writing label file ./rh.BA4p_exvivo.thresh.label 1526
mri_label2label: Done


 mri_label2label --srcsubject fsaverage --srclabel /out/sourcedata/freesurfer/fsaverage/label/rh.BA6_exvivo.thresh.label --trgsubject sub-v1s20x0050372_ses-1 --trglabel ./rh.BA6_exvivo.thresh.label --hemi rh --regmethod surface 


srclabel = /out/sourcedata/freesurfer/fsaverage/label/rh.BA6_exvivo.thresh.label
srcsubject = fsaverage
trgsubject = sub-v1s20x0050372_ses-1
trglabel = ./rh.BA6_exvivo.thresh.label
regmethod = surface

srchemi = rh
trghemi = rh
trgsurface = white
srcsurfreg = sphere.reg
trgsurfreg = sphere.reg
usehash = 1
Use ProjAbs  = 0, 0
Use ProjFrac = 0, 0
DoPaint 0

SUBJECTS_DIR    /out/sourcedata/freesurfer
FREESURFER_HOME /opt/freesurfer
Loading source label.
Found 6959 points in source label.
Starting surface-based mapping
Reading source registration 
 /out/sourcedata/freesurfer/fsaverage/surf/rh.sphere.reg
Rescaling ...  original radius = 100
Reading target surface 
 /out/sourcedata/freesurfer/sub-v1s20x0050372_ses-1/surf/rh.white
Reading target registration 
 /out/sourcedata/freesurfer/sub-v1s20x0050372_ses-1/surf/rh.sphere.reg
Rescaling ...  original radius = 100
Building target registration hash (res=16).
Building source registration hash (res=16).
INFO: found  6959 nlabel points
Performing mapping from target back to the source label 152178
Number of reverse mapping hits = 784
Checking for and removing duplicates
Writing label file ./rh.BA6_exvivo.thresh.label 7743
mri_label2label: Done


 mri_label2label --srcsubject fsaverage --srclabel /out/sourcedata/freesurfer/fsaverage/label/rh.BA44_exvivo.thresh.label --trgsubject sub-v1s20x0050372_ses-1 --trglabel ./rh.BA44_exvivo.thresh.label --hemi rh --regmethod surface 


srclabel = /out/sourcedata/freesurfer/fsaverage/label/rh.BA44_exvivo.thresh.label
srcsubject = fsaverage
trgsubject = sub-v1s20x0050372_ses-1
trglabel = ./rh.BA44_exvivo.thresh.label
regmethod = surface

srchemi = rh
trghemi = rh
trgsurface = white
srcsurfreg = sphere.reg
trgsurfreg = sphere.reg
usehash = 1
Use ProjAbs  = 0, 0
Use ProjFrac = 0, 0
DoPaint 0

SUBJECTS_DIR    /out/sourcedata/freesurfer
FREESURFER_HOME /opt/freesurfer
Loading source label.
Found 1012 points in source label.
Starting surface-based mapping
Reading source registration 
 /out/sourcedata/freesurfer/fsaverage/surf/rh.sphere.reg
Rescaling ...  original radius = 100
Reading target surface 
 /out/sourcedata/freesurfer/sub-v1s20x0050372_ses-1/surf/rh.white
Reading target registration 
 /out/sourcedata/freesurfer/sub-v1s20x0050372_ses-1/surf/rh.sphere.reg
Rescaling ...  original radius = 100
Building target registration hash (res=16).
Building source registration hash (res=16).
INFO: found  1012 nlabel points
Performing mapping from target back to the source label 152178
Number of reverse mapping hits = 149
Checking for and removing duplicates
Writing label file ./rh.BA44_exvivo.thresh.label 1161
mri_label2label: Done


 mri_label2label --srcsubject fsaverage --srclabel /out/sourcedata/freesurfer/fsaverage/label/rh.BA45_exvivo.thresh.label --trgsubject sub-v1s20x0050372_ses-1 --trglabel ./rh.BA45_exvivo.thresh.label --hemi rh --regmethod surface 


srclabel = /out/sourcedata/freesurfer/fsaverage/label/rh.BA45_exvivo.thresh.label
srcsubject = fsaverage
trgsubject = sub-v1s20x0050372_ses-1
trglabel = ./rh.BA45_exvivo.thresh.label
regmethod = surface

srchemi = rh
trghemi = rh
trgsurface = white
srcsurfreg = sphere.reg
trgsurfreg = sphere.reg
usehash = 1
Use ProjAbs  = 0, 0
Use ProjFrac = 0, 0
DoPaint 0

SUBJECTS_DIR    /out/sourcedata/freesurfer
FREESURFER_HOME /opt/freesurfer
Loading source label.
Found 1178 points in source label.
Starting surface-based mapping
Reading source registration 
 /out/sourcedata/freesurfer/fsaverage/surf/rh.sphere.reg
Rescaling ...  original radius = 100
Reading target surface 
 /out/sourcedata/freesurfer/sub-v1s20x0050372_ses-1/surf/rh.white
Reading target registration 
 /out/sourcedata/freesurfer/sub-v1s20x0050372_ses-1/surf/rh.sphere.reg
Rescaling ...  original radius = 100
Building target registration hash (res=16).
Building source registration hash (res=16).
INFO: found  1178 nlabel points
Performing mapping from target back to the source label 152178
Number of reverse mapping hits = 84
Checking for and removing duplicates
Writing label file ./rh.BA45_exvivo.thresh.label 1262
mri_label2label: Done


 mri_label2label --srcsubject fsaverage --srclabel /out/sourcedata/freesurfer/fsaverage/label/rh.V1_exvivo.thresh.label --trgsubject sub-v1s20x0050372_ses-1 --trglabel ./rh.V1_exvivo.thresh.label --hemi rh --regmethod surface 


srclabel = /out/sourcedata/freesurfer/fsaverage/label/rh.V1_exvivo.thresh.label
srcsubject = fsaverage
trgsubject = sub-v1s20x0050372_ses-1
trglabel = ./rh.V1_exvivo.thresh.label
regmethod = surface

srchemi = rh
trghemi = rh
trgsurface = white
srcsurfreg = sphere.reg
trgsurfreg = sphere.reg
usehash = 1
Use ProjAbs  = 0, 0
Use ProjFrac = 0, 0
DoPaint 0

SUBJECTS_DIR    /out/sourcedata/freesurfer
FREESURFER_HOME /opt/freesurfer
Loading source label.
Found 3232 points in source label.
Starting surface-based mapping
Reading source registration 
 /out/sourcedata/freesurfer/fsaverage/surf/rh.sphere.reg
Rescaling ...  original radius = 100
Reading target surface 
 /out/sourcedata/freesurfer/sub-v1s20x0050372_ses-1/surf/rh.white
Reading target registration 
 /out/sourcedata/freesurfer/sub-v1s20x0050372_ses-1/surf/rh.sphere.reg
Rescaling ...  original radius = 100
Building target registration hash (res=16).
Building source registration hash (res=16).
INFO: found  3232 nlabel points
Performing mapping from target back to the source label 152178
Number of reverse mapping hits = 1558
Checking for and removing duplicates
Writing label file ./rh.V1_exvivo.thresh.label 4790
mri_label2label: Done


 mri_label2label --srcsubject fsaverage --srclabel /out/sourcedata/freesurfer/fsaverage/label/rh.V2_exvivo.thresh.label --trgsubject sub-v1s20x0050372_ses-1 --trglabel ./rh.V2_exvivo.thresh.label --hemi rh --regmethod surface 


srclabel = /out/sourcedata/freesurfer/fsaverage/label/rh.V2_exvivo.thresh.label
srcsubject = fsaverage
trgsubject = sub-v1s20x0050372_ses-1
trglabel = ./rh.V2_exvivo.thresh.label
regmethod = surface

srchemi = rh
trghemi = rh
trgsurface = white
srcsurfreg = sphere.reg
trgsurfreg = sphere.reg
usehash = 1
Use ProjAbs  = 0, 0
Use ProjFrac = 0, 0
DoPaint 0

SUBJECTS_DIR    /out/sourcedata/freesurfer
FREESURFER_HOME /opt/freesurfer
Loading source label.
Found 3437 points in source label.
Starting surface-based mapping
Reading source registration 
 /out/sourcedata/freesurfer/fsaverage/surf/rh.sphere.reg
Rescaling ...  original radius = 100
Reading target surface 
 /out/sourcedata/freesurfer/sub-v1s20x0050372_ses-1/surf/rh.white
Reading target registration 
 /out/sourcedata/freesurfer/sub-v1s20x0050372_ses-1/surf/rh.sphere.reg
Rescaling ...  original radius = 100
Building target registration hash (res=16).
Building source registration hash (res=16).
INFO: found  3437 nlabel points
Performing mapping from target back to the source label 152178
Number of reverse mapping hits = 1579
Checking for and removing duplicates
Writing label file ./rh.V2_exvivo.thresh.label 5016
mri_label2label: Done


 mri_label2label --srcsubject fsaverage --srclabel /out/sourcedata/freesurfer/fsaverage/label/rh.MT_exvivo.thresh.label --trgsubject sub-v1s20x0050372_ses-1 --trglabel ./rh.MT_exvivo.thresh.label --hemi rh --regmethod surface 


srclabel = /out/sourcedata/freesurfer/fsaverage/label/rh.MT_exvivo.thresh.label
srcsubject = fsaverage
trgsubject = sub-v1s20x0050372_ses-1
trglabel = ./rh.MT_exvivo.thresh.label
regmethod = surface

srchemi = rh
trghemi = rh
trgsurface = white
srcsurfreg = sphere.reg
trgsurfreg = sphere.reg
usehash = 1
Use ProjAbs  = 0, 0
Use ProjFrac = 0, 0
DoPaint 0

SUBJECTS_DIR    /out/sourcedata/freesurfer
FREESURFER_HOME /opt/freesurfer
Loading source label.
Found 268 points in source label.
Starting surface-based mapping
Reading source registration 
 /out/sourcedata/freesurfer/fsaverage/surf/rh.sphere.reg
Rescaling ...  original radius = 100
Reading target surface 
 /out/sourcedata/freesurfer/sub-v1s20x0050372_ses-1/surf/rh.white
Reading target registration 
 /out/sourcedata/freesurfer/sub-v1s20x0050372_ses-1/surf/rh.sphere.reg
Rescaling ...  original radius = 100
Building target registration hash (res=16).
Building source registration hash (res=16).
INFO: found  268 nlabel points
Performing mapping from target back to the source label 152178
Number of reverse mapping hits = 81
Checking for and removing duplicates
Writing label file ./rh.MT_exvivo.thresh.label 349
mri_label2label: Done


 mri_label2label --srcsubject fsaverage --srclabel /out/sourcedata/freesurfer/fsaverage/label/rh.entorhinal_exvivo.thresh.label --trgsubject sub-v1s20x0050372_ses-1 --trglabel ./rh.entorhinal_exvivo.thresh.label --hemi rh --regmethod surface 


srclabel = /out/sourcedata/freesurfer/fsaverage/label/rh.entorhinal_exvivo.thresh.label
srcsubject = fsaverage
trgsubject = sub-v1s20x0050372_ses-1
trglabel = ./rh.entorhinal_exvivo.thresh.label
regmethod = surface

srchemi = rh
trghemi = rh
trgsurface = white
srcsurfreg = sphere.reg
trgsurfreg = sphere.reg
usehash = 1
Use ProjAbs  = 0, 0
Use ProjFrac = 0, 0
DoPaint 0

SUBJECTS_DIR    /out/sourcedata/freesurfer
FREESURFER_HOME /opt/freesurfer
Loading source label.
Found 694 points in source label.
Starting surface-based mapping
Reading source registration 
 /out/sourcedata/freesurfer/fsaverage/surf/rh.sphere.reg
Rescaling ...  original radius = 100
Reading target surface 
 /out/sourcedata/freesurfer/sub-v1s20x0050372_ses-1/surf/rh.white
Reading target registration 
 /out/sourcedata/freesurfer/sub-v1s20x0050372_ses-1/surf/rh.sphere.reg
Rescaling ...  original radius = 100
Building target registration hash (res=16).
Building source registration hash (res=16).
INFO: found  694 nlabel points
Performing mapping from target back to the source label 152178
Number of reverse mapping hits = 30
Checking for and removing duplicates
Writing label file ./rh.entorhinal_exvivo.thresh.label 724
mri_label2label: Done


 mri_label2label --srcsubject fsaverage --srclabel /out/sourcedata/freesurfer/fsaverage/label/rh.perirhinal_exvivo.thresh.label --trgsubject sub-v1s20x0050372_ses-1 --trglabel ./rh.perirhinal_exvivo.thresh.label --hemi rh --regmethod surface 


srclabel = /out/sourcedata/freesurfer/fsaverage/label/rh.perirhinal_exvivo.thresh.label
srcsubject = fsaverage
trgsubject = sub-v1s20x0050372_ses-1
trglabel = ./rh.perirhinal_exvivo.thresh.label
regmethod = surface

srchemi = rh
trghemi = rh
trgsurface = white
srcsurfreg = sphere.reg
trgsurfreg = sphere.reg
usehash = 1
Use ProjAbs  = 0, 0
Use ProjFrac = 0, 0
DoPaint 0

SUBJECTS_DIR    /out/sourcedata/freesurfer
FREESURFER_HOME /opt/freesurfer
Loading source label.
Found 291 points in source label.
Starting surface-based mapping
Reading source registration 
 /out/sourcedata/freesurfer/fsaverage/surf/rh.sphere.reg
Rescaling ...  original radius = 100
Reading target surface 
 /out/sourcedata/freesurfer/sub-v1s20x0050372_ses-1/surf/rh.white
Reading target registration 
 /out/sourcedata/freesurfer/sub-v1s20x0050372_ses-1/surf/rh.sphere.reg
Rescaling ...  original radius = 100
Building target registration hash (res=16).
Building source registration hash (res=16).
INFO: found  291 nlabel points
Performing mapping from target back to the source label 152178
Number of reverse mapping hits = 6
Checking for and removing duplicates
Writing label file ./rh.perirhinal_exvivo.thresh.label 297
mri_label2label: Done


 mris_label2annot --s sub-v1s20x0050372_ses-1 --hemi rh --ctab /opt/freesurfer/average/colortable_BA.txt --l rh.BA1_exvivo.label --l rh.BA2_exvivo.label --l rh.BA3a_exvivo.label --l rh.BA3b_exvivo.label --l rh.BA4a_exvivo.label --l rh.BA4p_exvivo.label --l rh.BA6_exvivo.label --l rh.BA44_exvivo.label --l rh.BA45_exvivo.label --l rh.V1_exvivo.label --l rh.V2_exvivo.label --l rh.MT_exvivo.label --l rh.perirhinal_exvivo.label --l rh.entorhinal_exvivo.label --a BA_exvivo --maxstatwinner --noverbose 

Reading ctab /opt/freesurfer/average/colortable_BA.txt
Number of ctab entries 15

7.3.2
cwd /out/sourcedata/freesurfer/sub-v1s20x0050372_ses-1/label
cmdline mris_label2annot --s sub-v1s20x0050372_ses-1 --hemi rh --ctab /opt/freesurfer/average/colortable_BA.txt --l rh.BA1_exvivo.label --l rh.BA2_exvivo.label --l rh.BA3a_exvivo.label --l rh.BA3b_exvivo.label --l rh.BA4a_exvivo.label --l rh.BA4p_exvivo.label --l rh.BA6_exvivo.label --l rh.BA44_exvivo.label --l rh.BA45_exvivo.label --l rh.V1_exvivo.label --l rh.V2_exvivo.label --l rh.MT_exvivo.label --l rh.perirhinal_exvivo.label --l rh.entorhinal_exvivo.label --a BA_exvivo --maxstatwinner --noverbose 
sysname  Linux
hostname dna085
machine  x86_64
user     oesteban

subject sub-v1s20x0050372_ses-1
hemi    rh
SUBJECTS_DIR /out/sourcedata/freesurfer
ColorTable /opt/freesurfer/average/colortable_BA.txt
AnnotName  BA_exvivo
nlables 14
LabelThresh 0 0.000000
Loading /out/sourcedata/freesurfer/sub-v1s20x0050372_ses-1/surf/rh.orig
 1 1530880 BA1_exvivo
 2 16749699 BA2_exvivo
 3 16711680 BA3a_exvivo
 4 3368703 BA3b_exvivo
 5 1376196 BA4a_exvivo
 6 13382655 BA4p_exvivo
 7 10036737 BA6_exvivo
 8 2490521 BA44_exvivo
 9 39283 BA45_exvivo
10 3993 V1_exvivo
11 8508928 V2_exvivo
12 10027163 MT_exvivo
13 16422433 perirhinal_exvivo
14 16392598 entorhinal_exvivo
Mapping unhit to unknown
Found 104807 unhit vertices
Writing annot to /out/sourcedata/freesurfer/sub-v1s20x0050372_ses-1/label/rh.BA_exvivo.annot

 mris_label2annot --s sub-v1s20x0050372_ses-1 --hemi rh --ctab /opt/freesurfer/average/colortable_BA.txt --l rh.BA1_exvivo.thresh.label --l rh.BA2_exvivo.thresh.label --l rh.BA3a_exvivo.thresh.label --l rh.BA3b_exvivo.thresh.label --l rh.BA4a_exvivo.thresh.label --l rh.BA4p_exvivo.thresh.label --l rh.BA6_exvivo.thresh.label --l rh.BA44_exvivo.thresh.label --l rh.BA45_exvivo.thresh.label --l rh.V1_exvivo.thresh.label --l rh.V2_exvivo.thresh.label --l rh.MT_exvivo.thresh.label --l rh.perirhinal_exvivo.thresh.label --l rh.entorhinal_exvivo.thresh.label --a BA_exvivo.thresh --maxstatwinner --noverbose 

Reading ctab /opt/freesurfer/average/colortable_BA.txt
Number of ctab entries 15

7.3.2
cwd /out/sourcedata/freesurfer/sub-v1s20x0050372_ses-1/label
cmdline mris_label2annot --s sub-v1s20x0050372_ses-1 --hemi rh --ctab /opt/freesurfer/average/colortable_BA.txt --l rh.BA1_exvivo.thresh.label --l rh.BA2_exvivo.thresh.label --l rh.BA3a_exvivo.thresh.label --l rh.BA3b_exvivo.thresh.label --l rh.BA4a_exvivo.thresh.label --l rh.BA4p_exvivo.thresh.label --l rh.BA6_exvivo.thresh.label --l rh.BA44_exvivo.thresh.label --l rh.BA45_exvivo.thresh.label --l rh.V1_exvivo.thresh.label --l rh.V2_exvivo.thresh.label --l rh.MT_exvivo.thresh.label --l rh.perirhinal_exvivo.thresh.label --l rh.entorhinal_exvivo.thresh.label --a BA_exvivo.thresh --maxstatwinner --noverbose 
sysname  Linux
hostname dna085
machine  x86_64
user     oesteban

subject sub-v1s20x0050372_ses-1
hemi    rh
SUBJECTS_DIR /out/sourcedata/freesurfer
ColorTable /opt/freesurfer/average/colortable_BA.txt
AnnotName  BA_exvivo.thresh
nlables 14
LabelThresh 0 0.000000
Loading /out/sourcedata/freesurfer/sub-v1s20x0050372_ses-1/surf/rh.orig
 1 1530880 BA1_exvivo
 2 16749699 BA2_exvivo
 3 16711680 BA3a_exvivo
 4 3368703 BA3b_exvivo
 5 1376196 BA4a_exvivo
 6 13382655 BA4p_exvivo
 7 10036737 BA6_exvivo
 8 2490521 BA44_exvivo
 9 39283 BA45_exvivo
10 3993 V1_exvivo
11 8508928 V2_exvivo
12 10027163 MT_exvivo
13 16422433 perirhinal_exvivo
14 16392598 entorhinal_exvivo
Mapping unhit to unknown
Found 125358 unhit vertices
Writing annot to /out/sourcedata/freesurfer/sub-v1s20x0050372_ses-1/label/rh.BA_exvivo.thresh.annot

 mris_anatomical_stats -th3 -mgz -noglobal -f ../stats/rh.BA_exvivo.stats -b -a ./rh.BA_exvivo.annot -c ./BA_exvivo.ctab sub-v1s20x0050372_ses-1 rh white 

computing statistics for each annotation in ./rh.BA_exvivo.annot.
reading volume /out/sourcedata/freesurfer/sub-v1s20x0050372_ses-1/mri/wm.mgz...
reading input surface /out/sourcedata/freesurfer/sub-v1s20x0050372_ses-1/surf/rh.white...
reading input pial surface /out/sourcedata/freesurfer/sub-v1s20x0050372_ses-1/surf/rh.pial...
reading input white surface /out/sourcedata/freesurfer/sub-v1s20x0050372_ses-1/surf/rh.white...
INFO: using TH3 volume calc
INFO: assuming MGZ format for volumes.
INFO: not computing global stats
Using TH3 vertex volume calc
Total face volume 266624
Total vertex volume 266433 (mask=0)
Saving annotation colortable ./BA_exvivo.ctab

table columns are:
    number of vertices
    total surface area (mm^2)
    total gray matter volume (mm^3)
    average cortical thickness +- standard deviation (mm)
    integrated rectified mean curvature
    integrated rectified Gaussian curvature
    folding index
    intrinsic curvature index
    structure name

 1235    684   1983  2.213 0.577     0.112     0.024       13     1.3  BA1_exvivo
 3595   2362   4821  2.043 0.498     0.105     0.019       25     3.1  BA2_exvivo
 1212    815   1140  1.701 0.437     0.125     0.029       11     1.5  BA3a_exvivo
 2301   1435   2452  1.590 0.533     0.088     0.016       14     1.7  BA3b_exvivo
 1763   1032   2782  2.480 0.656     0.087     0.017        9     1.3  BA4a_exvivo
 1363    943   1884  2.134 0.570     0.105     0.021        7     1.2  BA4p_exvivo
10087   6054  20196  2.855 0.662     0.097     0.020       73     8.4  BA6_exvivo
 4621   3211   8111  2.433 0.583     0.109     0.023       37     4.3  BA44_exvivo
 4071   2958   8988  2.549 0.652     0.127     0.026       47     4.6  BA45_exvivo
 4827   3291   4627  1.463 0.525     0.136     0.035       58     7.4  V1_exvivo
 9133   6269  11901  1.856 0.570     0.143     0.035      119    13.8  V2_exvivo
 2288   1603   4209  2.497 0.565     0.113     0.021       23     2.4  MT_exvivo
  335    233    756  3.071 0.484     0.097     0.021        2     0.2  perirhinal_exvivo
  540    367   1440  2.883 0.864     0.124     0.043        7     0.8  entorhinal_exvivo

 mris_anatomical_stats -th3 -mgz -f ../stats/rh.BA_exvivo.thresh.stats -noglobal -b -a ./rh.BA_exvivo.thresh.annot -c ./BA_exvivo.thresh.ctab sub-v1s20x0050372_ses-1 rh white 

computing statistics for each annotation in ./rh.BA_exvivo.thresh.annot.
reading volume /out/sourcedata/freesurfer/sub-v1s20x0050372_ses-1/mri/wm.mgz...
reading input surface /out/sourcedata/freesurfer/sub-v1s20x0050372_ses-1/surf/rh.white...
reading input pial surface /out/sourcedata/freesurfer/sub-v1s20x0050372_ses-1/surf/rh.pial...
reading input white surface /out/sourcedata/freesurfer/sub-v1s20x0050372_ses-1/surf/rh.white...
INFO: using TH3 volume calc
INFO: assuming MGZ format for volumes.
INFO: not computing global stats
Using TH3 vertex volume calc
Total face volume 266624
Total vertex volume 266433 (mask=0)
Saving annotation colortable ./BA_exvivo.thresh.ctab

table columns are:
    number of vertices
    total surface area (mm^2)
    total gray matter volume (mm^3)
    average cortical thickness +- standard deviation (mm)
    integrated rectified mean curvature
    integrated rectified Gaussian curvature
    folding index
    intrinsic curvature index
    structure name

  875    489   1318  2.096 0.589     0.116     0.026       10     1.0  BA1_exvivo
 2176   1383   2915  2.010 0.540     0.096     0.016       13     1.6  BA2_exvivo
 1104    740    918  1.642 0.380     0.121     0.027        9     1.2  BA3a_exvivo
 1751   1126   1580  1.404 0.337     0.081     0.012        9     0.9  BA3b_exvivo
 1095    589   1667  2.439 0.711     0.096     0.021        7     1.0  BA4a_exvivo
 1108    785   1462  2.060 0.558     0.107     0.022        5     1.1  BA4p_exvivo
 6289   3719  11863  2.753 0.652     0.097     0.021       46     5.3  BA6_exvivo
 1034    733   1943  2.371 0.629     0.130     0.030       12     1.3  BA44_exvivo
 1001    769   2560  2.534 0.729     0.139     0.031       15     1.3  BA45_exvivo
 4647   3198   4338  1.438 0.515     0.137     0.034       56     7.0  V1_exvivo
 4854   3281   5869  1.753 0.593     0.149     0.039       71     8.4  V2_exvivo
  338    234    711  2.769 0.438     0.106     0.020        3     0.3  MT_exvivo
   28     16     61  3.370 0.431     0.079     0.016        0     0.0  perirhinal_exvivo
  520    349   1268  2.916 0.814     0.120     0.043        6     0.8  entorhinal_exvivo

Started at Thu Mar 12 18:14:44 CET 2026 
Ended   at Thu Mar 12 18:17:40 CET 2026
#@#%# recon-all-run-time-hours 0.049
recon-all -s sub-v1s20x0050372_ses-1 finished without error at Thu Mar 12 18:17:40 CET 2026
