#!ascii label  , from subject sub-v1s20x0050361_ses-1 vox2ras=TkReg
4946
34885  -10.645  -34.831  56.353 0.1000000015
34902  -10.648  -35.090  54.868 0.1000000015
34884  -10.044  -34.454  57.029 0.1000000015
35738  -8.488  -33.737  57.379 0.1000000015
34892  -9.776  -34.388  55.904 0.1000000015
35753  -8.919  -34.022  55.808 0.1000000015
34900  -9.337  -34.415  54.198 0.1000000015
34891  -9.064  -34.300  55.060 0.1000000015
34917  -9.643  -34.391  52.249 0.1000000015
34921  -9.593  -34.117  51.447 0.1000000015
34922  -10.326  -34.622  51.684 0.1000000015
120146  -10.109  -34.316  51.053 0.1000000015
34928  -10.268  -34.201  50.424 0.1000000015
34927  -9.627  -33.859  50.731 0.1000000015
34937  -10.434  -34.023  49.678 0.1000000015
35890  -18.901  -33.640  42.014 0.2000000030
35917  -18.294  -33.407  40.191 0.2000000030
35916  -17.573  -33.529  39.777 0.2000000030
110881  -17.877  -33.989  40.511 0.2000000030
39177  -4.866  -28.638  59.835 0.2000000030
39182  -5.343  -29.205  59.308 0.3000000119
37453  -5.061  -31.209  57.871 0.1000000015
38293  -4.839  -30.036  58.793 0.2000000030
39183  -6.518  -29.002  59.240 0.3000000119
37456  -5.469  -31.628  57.089 0.1000000015
38296  -5.204  -30.469  58.096 0.1000000015
38297  -6.094  -30.114  57.935 0.3000000119
119674  -5.698  -32.412  57.368 0.1000000015
36607  -5.706  -32.191  56.575 0.1000000015
38305  -5.595  -30.804  57.277 0.1000000015
35744  -7.496  -33.444  56.750 0.1000000015
36608  -6.125  -32.738  56.798 0.1000000015
127838  -5.729  -32.094  56.144 0.1000000015
37458  -5.709  -31.749  56.335 0.1000000015
35743  -6.616  -33.132  56.270 0.2000000030
35752  -8.097  -33.940  55.213 0.1000000015
35751  -7.238  -33.523  55.673 0.2000000030
125027  -9.709  -34.553  53.249 0.1000000015
35756  -7.662  -33.790  54.477 0.1000000015
34916  -8.844  -34.070  52.678 0.1000000015
35777  -8.307  -33.168  51.494 0.3000000119
35772  -8.874  -33.866  51.852 0.1000000015
35778  -9.003  -33.571  51.107 0.1000000015
35791  -9.399  -32.987  49.733 0.1000000015
35785  -9.762  -33.616  50.012 0.1000000015
35797  -10.224  -33.221  48.624 0.1000000015
34959  -10.645  -33.579  48.020 0.1000000015
35817  -10.585  -32.964  47.296 0.1000000015
128419  -20.760  -33.340  42.891 0.2000000030
35907  -19.760  -33.158  41.085 0.2000000030
35891  -19.995  -33.321  42.286 0.2000000030
35918  -18.956  -33.312  40.694 0.2000000030
39185  -8.706  -28.912  59.037 0.3000000119
121528  -6.342  -30.376  57.281 0.3000000119
39191  -7.885  -29.520  58.531 0.3000000119
129053  -8.267  -29.193  58.857 0.3000000119
38306  -6.137  -30.762  56.643 0.2000000030
38298  -7.245  -30.042  57.834 0.3000000119
38299  -8.387  -29.952  58.039 0.3000000119
38318  -5.746  -31.241  56.645 0.2000000030
38307  -7.023  -30.357  56.890 0.3000000119
38308  -8.057  -30.187  57.241 0.3000000119
38309  -9.024  -30.114  57.515 0.3000000119
35750  -6.424  -33.057  55.469 0.2000000030
36615  -5.842  -31.959  55.772 0.2000000030
38319  -6.779  -30.673  56.083 0.2000000030
38320  -7.775  -30.357  56.354 0.3000000119
117524  -8.777  -30.235  56.668 0.3000000119
111901  -7.296  -33.664  54.918 0.2000000030
112011  -6.786  -33.369  54.995 0.2000000030
37463  -6.280  -31.763  55.113 0.2000000030
110315  -7.254  -30.851  54.942 0.2000000030
38336  -8.539  -30.350  55.704 0.3000000119
35762  -7.102  -33.143  53.590 0.2000000030
37474  -7.110  -31.491  53.874 0.2000000030
38357  -8.318  -30.527  54.257 0.3000000119
38372  -8.663  -30.503  53.635 0.3000000119
124262  -6.896  -32.065  53.679 0.3000000119
37503  -8.045  -31.316  52.586 0.3000000119
35771  -8.172  -33.539  52.296 0.3000000119
36637  -8.020  -32.343  51.721 0.3000000119
37516  -8.519  -31.910  51.009 0.3000000119
36638  -8.508  -32.549  51.014 0.3000000119
128410  -8.681  -32.271  50.662 0.3000000119
37517  -8.841  -31.277  51.353 0.3000000119
37557  -9.706  -31.929  49.045 0.2000000030
36656  -10.283  -32.756  48.086 0.1000000015
36660  -10.431  -32.252  47.465 0.3000000119
36663  -10.675  -32.406  46.659 0.2000000030
112226  -11.412  -31.719  45.318 0.3000000119
36681  -11.972  -31.919  44.081 0.2000000030
36736  -13.573  -32.095  41.931 0.1000000015
36761  -14.467  -32.722  40.485 0.1000000015
36776  -16.704  -32.497  39.469 0.1000000015
36762  -18.795  -32.765  39.816 0.2000000030
35928  -17.509  -32.677  39.531 0.1000000015
36763  -19.593  -32.710  40.129 0.2000000030
128099  -18.096  -32.852  39.666 0.2000000030
38300  -10.174  -29.641  58.270 0.3000000119
115222  -9.271  -29.821  58.208 0.3000000119
124032  -9.766  -30.059  57.782 0.3000000119
113987  -9.389  -30.272  56.149 0.3000000119
38321  -9.777  -30.197  56.982 0.3000000119
41921  -25.794  -26.282  54.754 0.6000000238
42878  -25.968  -25.537  54.788 0.4000000060
43817  -26.450  -24.741  54.723 0.4000000060
108430  -8.743  -30.379  54.907 0.3000000119
38337  -9.548  -30.308  55.291 0.3000000119
41922  -26.540  -25.910  54.580 0.8000000119
38358  -9.267  -30.326  54.280 0.3000000119
41050  -26.325  -27.410  53.729 0.8999999762
41040  -25.962  -27.202  54.260 0.8000000119
42879  -26.837  -25.163  54.648 0.4000000060
107367  -8.605  -30.742  52.904 0.3000000119
38384  -9.286  -30.629  52.447 0.4000000060
121774  -9.417  -30.421  53.350 0.3000000119
40141  -25.904  -27.844  53.449 0.8999999762
41041  -26.680  -26.890  53.960 0.8000000119
42888  -27.287  -25.568  54.387 0.6999999881
43818  -27.143  -24.494  54.643 0.4000000060
118584  -9.227  -30.851  51.757 0.4000000060
108696  -9.886  -30.613  51.910 0.4000000060
40142  -26.698  -27.550  53.164 0.8999999762
41051  -27.108  -27.125  53.420 0.8999999762
41950  -27.430  -26.647  53.622 0.8000000119
41939  -27.717  -26.051  53.854 0.8000000119
37532  -9.112  -31.506  50.570 0.3000000119
38408  -9.742  -31.180  50.102 0.3000000119
38409  -10.333  -30.777  50.468 0.4000000060
40152  -27.036  -27.619  52.504 0.8999999762
41052  -27.907  -26.929  53.059 0.8999999762
41951  -28.171  -26.491  53.220 0.8999999762
37545  -9.929  -31.389  49.281 0.3000000119
128337  -10.560  -31.300  48.241 0.4000000060
41060  -27.553  -27.306  52.865 0.8999999762
41061  -28.417  -27.153  52.501 0.8999999762
36671  -10.994  -31.806  46.025 0.3000000119
37578  -11.228  -31.271  46.589 0.3000000119
41069  -27.963  -27.468  52.212 0.8999999762
41062  -29.339  -27.124  52.167 0.8999999762
37591  -11.863  -31.424  44.818 0.3000000119
108659  -28.262  -27.533  51.368 0.8999999762
41071  -29.941  -27.341  51.599 0.8999999762
37610  -13.477  -31.713  42.689 0.1000000015
41082  -29.291  -27.487  50.982 1.0000000000
41072  -31.057  -27.267  51.226 1.0000000000
37611  -14.076  -31.546  42.246 0.2000000030
37628  -14.321  -31.748  41.458 0.1000000015
41094  -29.838  -27.541  50.216 1.0000000000
41083  -31.602  -27.468  50.400 1.0000000000
41073  -32.228  -27.255  50.781 1.0000000000
35915  -15.051  -32.570  39.999 0.1000000015
37679  -16.239  -31.953  39.613 0.1000000015
35868  -22.679  -33.071  43.365 0.2000000030
41095  -30.811  -27.562  49.639 1.0000000000
114364  -32.497  -27.419  50.039 1.0000000000
36778  -18.364  -32.079  39.479 0.1000000015
36716  -22.367  -32.818  42.389 0.2000000030
109037  -21.317  -32.943  42.059 0.2000000030
41096  -32.135  -27.577  49.466 1.0000000000
41097  -32.979  -27.317  49.304 1.0000000000
36738  -20.712  -32.880  41.198 0.2000000030
41110  -32.640  -27.530  48.567 1.0000000000
41111  -33.164  -27.331  48.389 1.0000000000
39187  -10.210  -29.072  58.854 0.4000000060
38301  -11.084  -29.713  58.007 0.4000000060
40110  -23.167  -27.906  55.848 0.4000000060
38310  -10.512  -30.051  57.629 0.5000000000
40111  -23.671  -27.735  55.491 0.5000000000
38338  -10.252  -30.297  56.077 0.4000000060
38322  -10.655  -30.218  56.920 0.5000000000
41027  -24.216  -27.406  55.256 0.5000000000
107377  -25.189  -26.620  54.937 0.5000000000
42877  -25.189  -25.568  55.039 0.3000000119
122648  -10.865  -30.446  55.483 0.5000000000
41028  -24.885  -27.105  54.920 0.6999999881
41039  -25.240  -27.431  54.466 0.6999999881
43816  -25.711  -24.923  54.843 0.3000000119
44780  -26.131  -24.266  54.731 0.3000000119
45723  -27.394  -22.763  54.144 0.4000000060
45724  -28.006  -22.835  54.234 0.5000000000
126176  -9.827  -30.320  53.946 0.3000000119
38359  -10.323  -30.375  54.572 0.4000000060
44781  -26.812  -24.101  54.659 0.4000000060
38373  -10.281  -30.401  53.585 0.4000000060
108109  -10.889  -30.556  53.023 0.4000000060
40150  -25.430  -28.151  53.123 0.8000000119
42880  -27.520  -24.790  54.525 0.5000000000
38396  -10.528  -30.615  51.345 0.4000000060
43819  -27.680  -24.223  54.578 0.5000000000
38428  -10.581  -31.066  48.770 0.4000000060
121925  -10.893  -30.695  50.064 0.4000000060
113819  -11.646  -30.763  50.184 0.4000000060
40160  -26.382  -27.888  51.956 0.8999999762
42898  -28.443  -25.906  53.444 0.8999999762
42890  -28.660  -25.238  53.622 0.8999999762
38429  -11.250  -30.815  48.601 0.4000000060
108580  -11.861  -30.753  48.925 0.4000000060
40161  -27.314  -27.682  51.679 0.8999999762
41964  -28.723  -26.824  52.643 0.8999999762
41952  -28.994  -26.418  52.801 1.0000000000
42899  -29.290  -25.636  52.979 0.8999999762
37585  -11.688  -31.197  45.717 0.3000000119
38455  -11.897  -30.853  46.538 0.3000000119
41081  -27.505  -27.668  50.733 0.8999999762
41978  -30.371  -27.117  51.839 1.0000000000
42907  -29.930  -26.359  52.403 1.0000000000
37597  -13.251  -31.406  43.445 0.4000000060
112762  -28.362  -27.589  50.413 0.8999999762
41979  -31.485  -27.022  51.492 1.0000000000
119427  -13.973  -31.388  43.010 0.3000000119
41093  -28.373  -27.626  49.360 0.8999999762
37629  -15.265  -31.363  41.180 0.2000000030
115532  -29.537  -27.621  49.371 1.0000000000
37680  -17.481  -31.357  39.638 0.1000000015
41121  -31.258  -27.793  47.613 1.0000000000
41109  -31.630  -27.651  48.588 1.0000000000
41084  -32.978  -27.179  50.074 1.0000000000
36780  -20.236  -32.118  39.673 0.2000000030
117254  -22.183  -32.609  41.449 0.2000000030
36740  -23.004  -32.476  41.704 0.2000000030
40199  -31.909  -28.073  46.919 1.0000000000
36765  -22.058  -32.314  40.573 0.2000000030
40231  -32.059  -28.604  45.592 1.0000000000
40216  -32.411  -28.234  46.315 1.0000000000
40200  -32.782  -27.819  47.107 1.0000000000
125798  -32.903  -27.556  47.870 1.0000000000
37632  -23.452  -32.053  40.954 0.2000000030
40232  -32.880  -28.342  45.799 1.0000000000
40233  -33.341  -27.998  45.916 1.0000000000
118565  -33.526  -27.525  46.384 1.0000000000
41123  -33.196  -27.468  47.610 1.0000000000
41148  -33.658  -27.786  45.636 1.0000000000
41154  -33.999  -27.666  44.991 0.8999999762
42072  -33.846  -27.358  45.594 1.0000000000
113541  -34.228  -27.330  44.301 0.8999999762
42081  -34.078  -27.165  44.814 1.0000000000
42093  -33.966  -26.675  42.984 0.8999999762
42089  -34.128  -26.904  43.947 0.8999999762
43049  -33.904  -26.454  42.123 0.8000000119
43035  -33.596  -26.245  42.785 0.8000000119
108940  -35.501  -27.666  39.894 0.3000000119
127821  -33.499  -26.151  42.137 0.8000000119
38311  -11.449  -30.059  57.335 0.5000000000
40119  -23.343  -28.085  55.318 0.5000000000
39230  -22.998  -28.350  54.948 0.5000000000
38360  -11.411  -30.637  54.792 0.5000000000
119794  -11.217  -30.328  56.392 0.5000000000
39239  -23.446  -28.471  54.491 0.5000000000
40120  -23.888  -27.872  55.003 0.6000000238
41016  -24.538  -26.722  55.320 0.6000000238
41920  -25.223  -26.158  55.057 0.4000000060
125134  -23.907  -28.541  54.188 0.6000000238
40130  -24.874  -27.960  54.221 0.6999999881
41919  -24.596  -26.084  55.336 0.3000000119
37490  -11.752  -30.740  53.198 0.6999999881
37475  -12.086  -30.779  54.069 0.4000000060
40149  -24.708  -28.371  53.432 0.6999999881
40140  -25.174  -28.084  53.715 0.8000000119
42876  -24.626  -25.590  55.195 0.3000000119
123159  -24.815  -24.623  54.837 0.3000000119
44794  -25.191  -24.034  54.466 0.3000000119
45722  -26.742  -23.155  54.281 0.2000000030
112648  -27.983  -22.097  54.001 0.4000000060
38385  -10.718  -30.561  52.206 0.4000000060
37504  -12.210  -30.867  52.439 0.4000000060
43831  -24.587  -24.294  54.314 0.3000000119
44812  -25.637  -23.526  54.039 0.2000000030
44798  -28.018  -23.632  54.511 0.4000000060
112032  -12.027  -30.842  50.942 0.4000000060
128947  -12.811  -31.109  50.988 0.5000000000
40159  -25.558  -28.169  52.291 0.8000000119
43832  -24.881  -23.988  53.518 0.2000000030
43826  -28.647  -24.473  54.044 0.8000000119
44799  -28.703  -23.632  54.312 0.8000000119
115571  -28.702  -22.873  54.250 0.8000000119
45725  -29.346  -22.165  54.096 0.8000000119
38420  -12.169  -30.850  49.606 0.4000000060
40171  -25.585  -28.186  51.164 0.8000000119
44813  -29.490  -23.874  53.714 0.8000000119
44800  -29.432  -22.930  54.119 0.8000000119
38445  -12.357  -30.746  47.302 0.4000000060
40172  -26.600  -27.879  50.993 0.8999999762
43834  -30.025  -24.660  52.942 0.8000000119
37586  -12.383  -30.942  45.107 0.4000000060
37587  -13.168  -30.845  45.554 0.4000000060
124886  -26.837  -27.767  50.014 0.8999999762
41966  -30.719  -26.788  51.986 1.0000000000
42908  -30.990  -26.112  52.178 1.0000000000
43840  -31.048  -25.046  52.381 1.0000000000
37593  -13.543  -31.058  44.224 0.5000000000
108176  -13.086  -30.882  44.798 0.5000000000
41967  -31.814  -26.554  51.730 1.0000000000
37612  -15.580  -31.169  42.319 0.4000000060
41107  -28.976  -27.698  48.456 0.8999999762
41997  -32.907  -26.989  50.576 1.0000000000
37630  -16.158  -31.128  40.590 0.1000000015
110206  -29.351  -27.778  47.565 0.8999999762
41108  -30.270  -27.646  48.380 0.8999999762
37682  -19.149  -31.265  39.442 0.1000000015
40214  -30.217  -28.373  45.920 1.0000000000
41120  -30.284  -27.823  47.404 0.8999999762
41085  -33.275  -27.048  49.558 1.0000000000
37683  -20.562  -31.377  39.377 0.1000000015
117040  -24.031  -32.611  43.473 0.2000000030
41137  -30.833  -28.079  46.766 1.0000000000
41098  -33.355  -27.063  48.920 1.0000000000
37653  -21.804  -31.829  39.838 0.2000000030
36741  -23.915  -32.224  41.955 0.2000000030
108123  -24.004  -32.465  42.934 0.2000000030
36719  -25.369  -31.962  43.093 0.2000000030
41112  -33.425  -27.203  48.064 1.0000000000
37654  -22.794  -31.770  40.128 0.2000000030
110451  -32.648  -28.680  45.095 1.0000000000
41124  -33.458  -27.333  47.279 1.0000000000
37633  -24.287  -31.794  41.076 0.2000000030
40243  -33.201  -28.589  44.572 0.8999999762
40244  -33.488  -28.255  45.219 0.8999999762
42061  -33.814  -27.099  46.287 1.0000000000
110089  -33.681  -27.148  46.934 1.0000000000
40256  -33.160  -28.532  43.761 0.8999999762
40257  -33.974  -27.988  44.204 0.8999999762
42983  -33.894  -26.938  45.490 0.8999999762
40269  -33.316  -28.334  42.295 0.8000000119
40270  -33.845  -27.831  42.971 0.8000000119
41156  -34.265  -27.141  43.322 0.8000000119
43002  -33.817  -26.701  44.592 1.0000000000
38505  -35.027  -29.431  41.211 0.3000000119
40284  -34.917  -27.426  41.093 0.6000000238
40283  -34.123  -27.647  41.817 0.8000000119
115826  -34.158  -26.799  42.199 0.8000000119
43022  -33.707  -26.437  43.651 0.8999999762
39366  -36.041  -28.229  41.156 0.3000000119
40295  -35.594  -27.798  40.503 0.5000000000
42106  -34.715  -26.977  40.702 0.6999999881
42099  -34.237  -26.709  41.322 0.8000000119
42098  -33.699  -26.362  41.387 0.8000000119
43034  -32.760  -25.901  42.591 0.8999999762
108600  -36.513  -28.051  40.734 0.3000000119
41170  -35.092  -27.348  40.371 0.6000000238
42115  -34.696  -26.974  40.235 0.6000000238
42105  -34.295  -26.684  40.677 0.6000000238
43048  -32.812  -26.009  41.777 0.8000000119
41177  -34.957  -27.301  39.921 0.4000000060
42114  -34.016  -26.668  39.877 0.5000000000
42103  -32.306  -26.297  40.080 0.5000000000
42097  -32.650  -26.198  40.976 0.6000000238
43047  -31.794  -25.976  41.480 0.8999999762
41186  -32.989  -27.133  38.281 0.4000000060
42125  -32.429  -26.707  38.542 0.4000000060
42112  -32.051  -26.412  39.287 0.4000000060
42102  -31.112  -26.216  39.726 0.5000000000
42124  -31.519  -26.754  37.856 0.4000000060
109717  -31.349  -26.438  38.728 0.5000000000
40109  -22.328  -28.095  56.139 0.3000000119
41014  -22.828  -27.402  56.137 0.3000000119
38340  -12.754  -30.634  55.877 0.6000000238
40118  -22.709  -28.327  55.545 0.4000000060
38361  -12.379  -30.855  55.013 0.6999999881
39238  -22.755  -28.686  54.559 0.5000000000
37476  -13.050  -30.928  54.259 0.6999999881
110182  -22.792  -28.982  53.572 0.6000000238
41902  -23.902  -26.462  55.632 0.2000000030
37491  -12.843  -30.955  53.250 0.6000000238
109778  -22.732  -29.103  52.771 0.6999999881
39255  -23.418  -28.793  53.334 0.6999999881
42868  -24.040  -25.906  55.427 0.2000000030
45736  -27.438  -22.200  53.672 0.4000000060
46648  -27.976  -21.499  53.661 0.4000000060
46639  -28.435  -21.362  53.770 0.5000000000
37506  -13.765  -30.967  52.825 0.6999999881
39262  -22.803  -29.295  51.691 0.8000000119
39264  -24.148  -28.686  52.132 0.8000000119
43823  -24.111  -24.764  54.626 0.3000000119
44825  -25.729  -23.548  52.877 0.2000000030
126923  -28.817  -21.144  53.807 0.6999999881
47440  -28.731  -20.612  53.632 0.6000000238
37518  -13.487  -31.204  51.471 0.4000000060
39274  -24.066  -28.796  51.237 0.8000000119
43830  -24.115  -24.561  53.723 0.3000000119
46640  -28.645  -21.961  54.027 0.8000000119
47441  -29.066  -20.615  53.736 0.8000000119
37546  -12.966  -31.146  49.821 0.4000000060
37533  -13.507  -31.311  50.524 0.5000000000
39282  -23.932  -28.943  50.353 0.8000000119
37559  -12.853  -30.989  48.992 0.4000000060
40177  -24.816  -28.586  49.171 0.8999999762
111626  -25.156  -28.366  50.119 0.8000000119
126940  -30.236  -23.847  53.284 0.8000000119
44814  -30.399  -23.124  53.578 0.8999999762
45726  -30.099  -22.258  53.942 0.8999999762
123582  -29.855  -21.718  53.985 0.8000000119
38457  -13.285  -30.868  46.411 0.4000000060
37579  -14.074  -31.284  46.987 0.4000000060
40186  -24.938  -28.571  48.195 0.8999999762
40178  -25.539  -28.239  49.479 0.8999999762
44827  -30.986  -23.905  52.807 0.8999999762
44815  -31.316  -23.070  53.140 0.8999999762
106971  -14.052  -31.220  46.141 0.5000000000
40179  -26.232  -28.007  49.277 0.8999999762
42909  -32.158  -25.604  52.005 1.0000000000
113846  -14.750  -31.351  42.716 0.4000000060
37594  -14.607  -31.365  44.390 0.5000000000
41105  -27.074  -27.860  47.899 0.8999999762
41981  -33.153  -26.607  50.799 1.0000000000
42916  -32.776  -26.304  51.472 1.0000000000
37613  -16.165  -30.927  41.564 0.4000000060
37599  -15.498  -31.315  43.311 0.5000000000
41118  -27.759  -27.860  47.364 0.8999999762
41106  -27.961  -27.703  48.296 0.8999999762
41982  -33.508  -26.271  50.395 1.0000000000
41998  -33.327  -26.831  50.082 1.0000000000
38495  -16.826  -30.650  41.003 0.1000000015
41135  -28.566  -27.910  46.835 0.8999999762
41119  -28.503  -27.776  47.688 0.8999999762
41999  -33.497  -26.503  49.758 1.0000000000
38520  -18.688  -30.651  39.655 0.1000000015
41147  -29.043  -28.141  46.023 0.8999999762
41136  -29.696  -27.983  46.740 0.8999999762
42015  -33.459  -26.712  49.149 1.0000000000
42014  -33.393  -26.848  49.479 1.0000000000
38521  -19.512  -30.480  39.547 0.1000000015
36699  -26.744  -32.129  44.127 0.2000000030
108541  -30.125  -28.622  45.141 0.8999999762
42030  -33.538  -26.902  48.419 1.0000000000
37684  -21.372  -31.244  39.384 0.2000000030
37615  -25.473  -31.794  42.072 0.2000000030
125577  -26.066  -31.813  42.754 0.2000000030
40230  -31.042  -28.674  45.356 1.0000000000
40215  -31.457  -28.407  46.123 1.0000000000
42947  -33.614  -26.617  47.949 1.0000000000
37686  -23.249  -31.053  39.576 0.2000000030
37614  -24.681  -31.894  41.782 0.2000000030
109602  -31.694  -28.824  44.829 1.0000000000
42946  -33.484  -26.177  47.541 1.0000000000
42046  -33.659  -27.026  47.620 1.0000000000
37655  -23.908  -31.482  40.160 0.2000000030
109518  -25.081  -31.605  41.167 0.2000000030
42964  -33.710  -26.797  47.061 1.0000000000
109922  -32.378  -28.849  44.310 0.8999999762
42981  -32.685  -25.778  45.304 1.0000000000
115954  -33.671  -26.633  46.221 1.0000000000
109596  -32.994  -28.541  42.937 0.8999999762
40255  -32.249  -28.817  43.392 0.8999999762
42982  -33.439  -26.395  45.370 1.0000000000
37664  -33.177  -30.721  40.567 0.3000000119
40282  -33.131  -28.651  41.625 0.8000000119
40268  -32.288  -28.756  42.325 0.8999999762
43001  -33.138  -26.084  44.403 0.8999999762
40293  -34.104  -28.307  41.243 0.6000000238
43021  -33.057  -25.974  43.433 1.0000000000
111344  -32.346  -25.751  43.968 1.0000000000
40294  -35.103  -28.099  41.080 0.6000000238
43033  -31.625  -25.697  42.672 0.8999999762
127413  -32.021  -25.847  42.100 0.8999999762
43061  -31.484  -26.101  40.680 0.6000000238
42111  -30.308  -26.252  39.004 0.5000000000
38314  -14.905  -29.481  56.329 0.6000000238
39218  -21.047  -28.874  55.637 0.4000000060
40108  -21.433  -28.398  55.972 0.2000000030
39219  -21.945  -28.631  55.680 0.3000000119
39228  -21.600  -29.008  55.244 0.5000000000
38341  -13.588  -30.537  55.890 0.6999999881
39237  -22.012  -29.062  54.672 0.4000000060
107513  -14.445  -30.893  52.914 0.6999999881
39247  -21.627  -29.422  54.071 0.6000000238
39248  -22.442  -29.046  54.086 0.6000000238
41901  -23.163  -26.732  55.993 0.2000000030
37492  -13.808  -30.893  53.552 0.6999999881
125484  -21.380  -29.774  51.743 0.6999999881
39254  -21.978  -29.361  53.288 0.6000000238
42874  -22.900  -26.162  55.690 0.2000000030
42875  -23.573  -25.807  55.426 0.2000000030
37519  -14.230  -31.085  52.082 0.6999999881
42887  -23.590  -25.388  55.000 0.2000000030
47448  -28.332  -20.725  53.524 0.4000000060
117676  -14.345  -31.335  51.137 0.6000000238
39271  -21.617  -29.852  50.303 0.8000000119
39272  -22.540  -29.501  50.644 0.8000000119
42906  -23.102  -25.458  52.329 0.2000000030
111902  -22.968  -25.403  53.164 0.2000000030
43838  -23.574  -24.984  52.978 0.2000000030
45753  -26.857  -22.611  53.198 0.2000000030
120069  -14.483  -31.471  50.270 0.5000000000
108618  -23.155  -29.273  50.016 0.8000000119
42915  -23.286  -25.492  51.450 0.2000000030
43839  -24.326  -24.583  52.688 0.2000000030
116629  -25.057  -24.143  52.291 0.2000000030
110597  -26.339  -23.478  51.910 0.2000000030
45773  -26.967  -22.861  52.053 0.2000000030
118617  -29.177  -20.181  53.671 0.8000000119
37560  -14.037  -31.440  48.763 0.4000000060
39280  -22.920  -29.368  49.149 0.8000000119
43848  -24.524  -24.679  51.652 0.2000000030
43849  -25.307  -24.349  51.265 0.2000000030
121471  -25.724  -23.901  51.838 0.1000000015
44838  -26.165  -23.960  50.930 0.2000000030
117499  -30.084  -21.193  53.870 0.8000000119
47442  -29.526  -20.643  53.783 0.8000000119
37571  -14.047  -31.386  47.840 0.4000000060
39281  -23.842  -29.007  49.355 0.8000000119
43858  -24.691  -24.759  50.628 0.2000000030
43859  -25.544  -24.474  50.282 0.1000000015
46641  -30.572  -21.657  53.798 0.8999999762
46642  -31.016  -21.091  53.692 0.8999999762
47443  -30.392  -20.527  53.740 0.8999999762
37572  -14.892  -31.649  47.564 0.5000000000
39291  -23.348  -29.147  48.451 0.8000000119
40185  -24.184  -28.874  48.419 0.8999999762
43841  -32.084  -24.405  52.366 1.0000000000
45755  -31.921  -22.667  52.992 0.8999999762
123537  -31.404  -21.577  53.501 0.8999999762
46649  -31.902  -21.112  53.289 0.8999999762
107511  -14.992  -31.589  45.269 0.6000000238
40196  -24.986  -28.592  47.324 0.8999999762
40197  -25.639  -28.304  47.834 0.8999999762
42910  -33.071  -25.613  51.634 1.0000000000
44828  -32.015  -23.399  52.672 1.0000000000
44829  -32.918  -23.769  52.210 1.0000000000
40198  -26.332  -28.099  47.455 0.8999999762
40188  -26.338  -28.051  48.348 0.8999999762
42917  -33.411  -25.981  51.100 1.0000000000
43842  -32.986  -24.802  51.935 1.0000000000
38481  -16.863  -30.580  41.929 0.3000000119
37600  -16.279  -31.076  43.099 0.4000000060
41117  -26.956  -28.000  47.008 0.8999999762
42925  -33.644  -25.865  50.056 1.0000000000
42918  -33.624  -25.515  50.699 1.0000000000
41146  -28.172  -28.066  46.042 0.8999999762
41134  -27.570  -28.026  46.504 0.8999999762
38497  -18.326  -30.254  40.280 0.2000000030
40228  -28.351  -28.249  45.262 0.8999999762
41145  -27.367  -28.160  45.607 0.8999999762
42932  -33.568  -26.156  49.433 1.0000000000
40229  -29.331  -28.402  45.304 1.0000000000
43892  -33.502  -25.927  48.308 1.0000000000
43881  -33.524  -25.660  49.034 1.0000000000
38522  -20.834  -30.547  39.361 0.2000000030
42939  -33.541  -26.397  48.741 1.0000000000
38523  -21.660  -30.584  39.317 0.1000000015
114232  -24.119  -30.768  39.533 0.2000000030
40242  -30.604  -28.807  44.579 1.0000000000
43904  -33.052  -25.722  47.142 1.0000000000
121263  -24.686  -31.490  40.491 0.2000000030
37687  -24.771  -31.174  39.893 0.2000000030
37634  -25.927  -31.563  41.109 0.2000000030
40254  -31.306  -28.911  43.843 1.0000000000
43903  -32.405  -25.258  46.746 1.0000000000
42963  -33.464  -26.299  46.842 1.0000000000
39341  -30.061  -29.363  40.907 0.8000000119
43916  -33.051  -25.922  46.231 1.0000000000
37662  -31.714  -31.303  40.362 0.3000000119
37661  -30.836  -31.353  40.273 0.3000000119
37663  -32.469  -31.278  40.477 0.3000000119
39343  -31.967  -29.099  41.358 0.6999999881
127319  -31.776  -25.589  43.730 0.8999999762
43000  -32.301  -25.650  44.647 1.0000000000
37665  -34.098  -30.506  40.905 0.3000000119
38504  -33.953  -29.811  40.779 0.3000000119
39364  -32.826  -29.282  40.896 0.6000000238
43019  -31.153  -25.462  43.402 0.8999999762
43020  -32.142  -25.729  43.289 0.8999999762
113215  -34.835  -28.908  41.090 0.4000000060
39365  -33.974  -29.073  40.910 0.5000000000
43046  -30.676  -25.855  41.319 0.8999999762
43060  -30.355  -25.948  40.520 0.5000000000
39217  -20.305  -28.863  55.650 0.4000000060
112721  -14.837  -29.874  56.074 0.6000000238
39227  -20.337  -29.150  55.447 0.4000000060
123737  -20.930  -29.189  55.272 0.4000000060
40097  -20.872  -28.120  56.037 0.2000000030
123720  -14.760  -30.492  55.193 0.6999999881
109088  -15.328  -30.540  54.685 0.6000000238
38365  -20.460  -29.760  54.339 0.5000000000
38348  -21.150  -29.406  54.670 0.6000000238
37478  -14.697  -30.688  54.490 0.6999999881
37479  -15.884  -30.650  54.095 0.6000000238
38388  -20.153  -30.187  52.505 0.6000000238
38377  -20.840  -29.786  53.941 0.6000000238
40098  -21.601  -27.837  56.268 0.2000000030
110296  -14.568  -30.791  53.702 0.6999999881
108431  -15.845  -31.102  52.025 0.8000000119
38401  -20.587  -30.049  51.586 0.6999999881
38389  -20.512  -30.015  53.301 0.6000000238
42865  -22.197  -26.473  55.958 0.2000000030
41899  -21.580  -26.850  56.109 0.2000000030
37520  -14.940  -31.156  51.599 0.6999999881
37521  -15.501  -31.161  51.380 0.8000000119
39253  -21.089  -29.792  52.612 0.6999999881
42873  -22.200  -26.053  55.499 0.2000000030
47457  -27.862  -20.891  52.965 0.3000000119
113205  -28.130  -20.049  53.093 0.3000000119
37534  -15.053  -31.333  50.836 0.6999999881
38423  -19.967  -30.252  50.037 0.8000000119
38415  -21.259  -29.906  51.070 0.8000000119
42896  -22.506  -25.606  53.820 0.2000000030
126006  -23.061  -25.846  55.339 0.2000000030
45774  -27.453  -22.330  51.671 0.1000000015
45754  -27.342  -22.205  52.680 0.3000000119
120050  -27.656  -21.672  53.147 0.4000000060
48338  -28.892  -19.942  53.553 0.5000000000
114812  -15.201  -31.442  50.081 0.6999999881
39278  -20.878  -30.061  48.721 0.8000000119
42905  -22.327  -25.836  52.716 0.2000000030
42886  -22.789  -25.596  54.826 0.2000000030
44839  -26.865  -23.375  51.120 0.1000000015
48346  -28.682  -19.392  53.405 0.5000000000
37548  -14.682  -31.529  49.507 0.5000000000
108367  -15.861  -31.395  49.191 0.6999999881
39289  -21.727  -29.746  48.326 0.8000000119
39279  -21.614  -29.869  49.275 0.8000000119
118415  -22.854  -25.793  51.038 0.2000000030
116894  -23.785  -25.049  52.010 0.2000000030
43860  -26.294  -24.188  49.896 0.1000000015
49304  -28.931  -19.098  53.493 0.6999999881
37561  -14.885  -31.549  48.918 0.5000000000
109945  -15.378  -31.571  48.509 0.6999999881
39298  -21.669  -29.748  47.417 0.8000000119
42924  -23.327  -25.530  50.598 0.2000000030
48340  -29.660  -19.905  53.718 0.8999999762
48339  -29.119  -19.698  53.608 0.8000000119
37573  -15.713  -31.658  47.645 0.5000000000
39300  -22.901  -29.267  47.708 0.8000000119
42931  -23.138  -25.585  49.731 0.1000000015
43868  -23.971  -25.159  49.951 0.1000000015
43869  -24.872  -24.780  49.640 0.1000000015
47450  -31.452  -20.457  53.463 0.8999999762
48341  -30.783  -19.657  53.589 0.8999999762
107456  -14.851  -31.611  46.001 0.5000000000
37588  -15.746  -31.784  45.869 0.5000000000
39299  -22.382  -29.479  47.107 0.6999999881
40195  -23.725  -29.044  47.671 0.8000000119
127196  -24.413  -28.806  47.696 0.8999999762
109251  -24.307  -25.002  49.105 0.1000000015
45738  -32.183  -21.889  53.043 0.8999999762
108905  -15.338  -31.458  44.040 0.6000000238
37589  -16.496  -31.531  45.158 0.6000000238
39311  -23.260  -29.213  46.854 0.6999999881
110160  -24.234  -28.891  46.926 0.8999999762
44841  -33.461  -24.199  51.630 1.0000000000
117412  -32.726  -21.837  52.320 1.0000000000
46657  -32.723  -21.349  51.840 1.0000000000
38469  -17.008  -30.951  43.621 0.4000000060
121329  -17.529  -30.792  43.899 0.5000000000
128557  -24.381  -28.837  46.339 0.8999999762
40212  -25.690  -28.310  46.956 0.8999999762
43850  -33.477  -25.141  51.358 1.0000000000
44830  -33.348  -23.199  51.836 1.0000000000
45776  -33.351  -22.837  51.314 1.0000000000
45775  -33.042  -22.200  51.709 1.0000000000
38482  -17.460  -30.327  41.476 0.3000000119
38473  -16.956  -30.711  42.788 0.4000000060
38474  -17.518  -30.352  42.339 0.3000000119
40225  -25.189  -28.546  45.464 0.8999999762
40213  -26.327  -28.153  46.732 0.8999999762
43861  -33.642  -25.009  50.327 1.0000000000
45790  -33.310  -23.137  50.827 1.0000000000
110331  -32.860  -22.659  50.532 1.0000000000
123281  -17.972  -30.072  41.877 0.3000000119
121368  -26.554  -28.242  45.606 0.8999999762
41133  -26.771  -28.144  46.245 0.8999999762
44863  -33.440  -24.453  49.940 1.0000000000
45806  -33.140  -23.550  50.223 1.0000000000
39336  -18.704  -29.884  40.848 0.1000000015
40227  -27.518  -28.288  44.698 0.8999999762
44879  -33.351  -24.816  49.294 1.0000000000
44862  -33.005  -23.950  49.573 1.0000000000
39376  -19.879  -29.967  39.716 0.1000000015
40264  -27.362  -28.434  42.250 0.8000000119
40251  -27.573  -28.415  43.850 0.8999999762
43880  -33.243  -25.138  48.632 1.0000000000
44878  -32.873  -24.315  48.917 1.0000000000
39378  -21.524  -29.932  39.517 0.1000000015
106675  -27.835  -28.645  41.610 0.6999999881
123184  -28.215  -28.539  43.624 0.8999999762
108592  -28.940  -28.708  43.734 0.8999999762
43891  -33.158  -25.436  47.906 1.0000000000
43890  -32.563  -24.981  47.502 1.0000000000
38524  -22.286  -30.249  39.374 0.1000000015
127564  -23.452  -30.415  39.408 0.1000000015
40241  -29.437  -28.641  44.519 1.0000000000
38526  -24.918  -30.691  39.584 0.2000000030
37689  -26.386  -30.693  39.673 0.3000000119
37658  -27.512  -31.788  40.687 0.2000000030
39340  -29.049  -29.311  40.678 0.4000000060
40279  -28.593  -28.832  41.518 0.8000000119
40253  -29.995  -28.893  43.634 1.0000000000
37691  -28.026  -30.942  39.832 0.3000000119
120210  -27.992  -31.491  40.175 0.2000000030
40280  -29.500  -28.974  41.589 0.8000000119
40267  -30.712  -28.937  42.842 1.0000000000
43915  -32.156  -25.332  45.964 1.0000000000
37659  -28.696  -31.383  40.107 0.3000000119
37660  -29.452  -31.113  40.022 0.3000000119
40281  -30.396  -29.010  41.809 0.8000000119
39334  -31.281  -28.930  42.043 0.8999999762
42999  -31.455  -25.380  44.281 0.8999999762
43927  -31.740  -25.291  45.177 1.0000000000
38503  -32.267  -30.597  40.451 0.3000000119
38502  -31.326  -30.427  40.383 0.4000000060
115809  -31.623  -29.688  40.754 0.5000000000
128905  -32.160  -29.989  40.596 0.5000000000
111814  -33.006  -29.926  40.594 0.5000000000
43032  -30.621  -25.484  42.682 0.8999999762
126481  -15.005  -29.106  56.467 0.6000000238
126706  -15.758  -29.170  56.198 0.5000000000
127559  -20.241  -28.353  55.854 0.3000000119
37467  -16.794  -30.202  55.027 0.6000000238
38329  -17.944  -29.405  55.418 0.6000000238
38330  -18.786  -29.367  55.303 0.5000000000
39216  -19.515  -29.003  55.560 0.4000000060
110392  -17.055  -30.729  53.743 0.6000000238
37481  -17.313  -30.395  54.475 0.6000000238
122767  -18.738  -30.324  54.006 0.6000000238
38364  -19.711  -29.927  54.387 0.5000000000
107512  -16.782  -30.998  53.003 0.6999999881
37495  -17.472  -30.806  53.229 0.6999999881
37496  -18.151  -30.599  53.426 0.6999999881
38375  -19.507  -30.252  53.707 0.5000000000
40992  -21.015  -27.579  56.116 0.2000000030
109207  -16.474  -31.071  52.190 0.8000000119
38387  -19.334  -30.420  52.443 0.6999999881
41898  -20.893  -27.101  56.063 0.2000000030
40993  -21.659  -27.259  56.293 0.2000000030
37522  -16.092  -31.162  51.383 0.8000000119
38413  -19.187  -30.504  50.444 0.8000000119
38400  -19.700  -30.368  51.720 0.8000000119
42872  -21.250  -26.583  55.767 0.2000000030
117925  -27.848  -20.167  52.438 0.3000000119
113512  -16.353  -31.167  49.872 0.8000000119
37536  -16.256  -31.172  50.638 0.8000000119
38414  -19.909  -30.315  50.912 0.8000000119
42894  -20.994  -26.030  54.273 0.2000000030
46656  -27.666  -21.629  52.235 0.3000000119
48345  -28.350  -19.236  53.189 0.3000000119
113989  -15.753  -31.321  49.936 0.6999999881
111251  -20.036  -30.283  49.124 0.8000000119
42895  -21.687  -25.922  53.533 0.2000000030
45788  -27.508  -22.455  50.775 0.1000000015
107757  -16.051  -31.459  48.381 0.6999999881
38435  -20.105  -30.199  48.194 0.8000000119
44849  -26.842  -23.695  50.243 0.1000000015
50230  -29.139  -18.494  53.482 0.6999999881
37574  -16.280  -31.494  47.640 0.6000000238
37562  -16.790  -31.092  48.148 0.8000000119
39288  -20.938  -30.013  47.802 0.8000000119
49305  -29.443  -19.091  53.601 0.8000000119
37582  -16.186  -31.701  46.860 0.5000000000
126634  -16.749  -31.511  46.682 0.8000000119
37583  -17.405  -31.232  46.505 0.6000000238
39297  -21.004  -30.014  46.921 0.6999999881
39309  -21.749  -29.722  46.594 0.6999999881
43870  -25.708  -24.510  49.325 0.1000000015
127915  -26.338  -24.198  49.147 0.1000000015
122133  -16.662  -31.593  46.109 0.5000000000
38463  -18.178  -31.007  45.914 0.6000000238
39308  -21.081  -29.972  46.061 0.6999999881
39310  -22.507  -29.421  46.301 0.6999999881
43878  -25.008  -24.746  48.607 0.1000000015
46650  -32.481  -21.203  52.593 0.8999999762
47451  -32.249  -20.474  52.914 0.8999999762
48347  -31.940  -19.669  53.219 0.8000000119
121352  -17.283  -31.085  44.507 0.5000000000
108503  -18.125  -30.883  45.050 0.6000000238
38467  -18.820  -30.549  44.694 0.6999999881
39315  -21.842  -29.634  45.763 0.6999999881
39317  -23.183  -29.204  46.044 0.6999999881
40210  -23.862  -29.024  46.227 0.6999999881
113877  -23.603  -25.340  49.005 0.1000000015
111891  -23.241  -25.395  48.044 0.1000000015
48348  -32.413  -19.770  52.474 0.8999999762
38470  -17.692  -30.519  43.275 0.4000000060
110733  -18.114  -30.615  44.144 0.6000000238
122324  -18.840  -30.363  44.046 0.5000000000
38468  -19.438  -30.250  44.350 0.6000000238
114438  -23.641  -29.040  45.398 0.6999999881
45789  -33.014  -22.323  51.073 1.0000000000
46662  -32.720  -21.549  51.304 1.0000000000
47466  -32.555  -20.790  51.524 1.0000000000
119322  -32.464  -20.232  51.364 0.8999999762
39324  -19.005  -29.891  42.761 0.4000000060
39325  -19.819  -29.711  43.018 0.6000000238
40224  -24.460  -28.746  44.965 0.6999999881
47481  -32.273  -21.194  50.450 1.0000000000
47473  -32.501  -20.848  51.025 1.0000000000
48361  -32.398  -19.895  51.044 1.0000000000
38483  -18.098  -30.084  41.133 0.2000000030
39329  -18.672  -29.798  41.781 0.3000000119
39330  -19.565  -29.559  42.083 0.4000000060
39331  -20.439  -29.400  42.384 0.4000000060
40238  -25.309  -28.475  44.390 0.8000000119
40239  -26.186  -28.355  44.482 0.8000000119
45805  -32.689  -23.047  49.876 1.0000000000
46673  -32.416  -22.133  50.195 1.0000000000
47472  -32.230  -20.388  50.641 1.0000000000
39337  -19.371  -29.632  41.067 0.1000000015
39353  -20.012  -29.608  40.309 0.1000000015
39354  -20.951  -29.375  40.511 0.2000000030
40262  -25.571  -28.290  42.000 0.6999999881
108449  -25.932  -28.326  42.888 0.6999999881
107285  -26.090  -28.361  43.763 0.8000000119
107043  -26.817  -28.337  44.151 0.8999999762
46672  -32.173  -22.489  49.463 1.0000000000
121304  -31.925  -21.537  49.747 1.0000000000
119509  -31.759  -20.439  49.857 1.0000000000
48360  -32.003  -19.437  50.354 1.0000000000
39377  -20.630  -29.837  39.693 0.1000000015
121951  -21.204  -29.601  39.877 0.1000000015
113692  -21.728  -29.381  40.064 0.3000000119
39356  -23.232  -29.357  39.772 0.1000000015
40263  -26.485  -28.313  42.108 0.8000000119
40250  -26.859  -28.355  43.155 0.8000000119
44877  -32.292  -23.792  48.490 1.0000000000
45816  -31.891  -22.831  48.708 1.0000000000
46680  -31.544  -21.842  48.960 1.0000000000
110575  -31.436  -20.986  49.180 1.0000000000
39379  -22.388  -29.645  39.650 0.1000000015
39380  -23.995  -29.812  39.420 0.1000000015
40278  -27.093  -28.568  41.235 0.6000000238
40265  -28.158  -28.622  42.320 0.8000000119
44890  -32.040  -24.182  47.793 1.0000000000
45830  -31.559  -23.206  47.964 1.0000000000
121577  -23.029  -29.964  39.410 0.1000000015
39381  -24.987  -29.972  39.425 0.2000000030
38527  -25.550  -30.511  39.572 0.3000000119
39383  -26.707  -29.976  39.530 0.3000000119
126149  -27.278  -28.962  40.444 0.5000000000
40292  -26.567  -28.793  40.424 0.6000000238
40252  -28.523  -28.666  43.051 0.8000000119
43902  -31.720  -24.835  46.435 1.0000000000
44904  -31.819  -24.551  47.067 1.0000000000
44889  -31.266  -23.660  47.232 1.0000000000
38528  -27.304  -30.521  39.666 0.4000000060
39384  -27.373  -29.881  39.671 0.3000000119
113143  -27.706  -29.423  40.046 0.3000000119
39361  -28.374  -29.520  40.187 0.4000000060
113712  -28.952  -28.807  42.375 0.8000000119
123724  -29.228  -28.833  43.097 0.8000000119
44903  -30.997  -24.070  46.427 1.0000000000
38529  -28.094  -30.140  39.751 0.3000000119
38499  -28.934  -29.950  40.037 0.3000000119
43914  -31.259  -24.728  45.768 1.0000000000
37692  -28.788  -30.674  39.869 0.3000000119
38500  -29.445  -30.417  39.999 0.4000000060
39362  -29.734  -29.862  40.293 0.4000000060
43926  -30.637  -24.661  44.871 0.8999999762
126047  -30.064  -31.459  40.239 0.3000000119
38501  -30.225  -30.599  40.141 0.4000000060
39363  -30.641  -29.852  40.527 0.4000000060
43937  -30.409  -24.935  43.928 0.8999999762
43031  -29.755  -25.129  42.701 0.8000000119
40092  -15.571  -28.736  56.286 0.2000000030
39213  -16.681  -29.078  55.900 0.4000000060
112508  -16.231  -29.475  55.859 0.5000000000
38328  -16.998  -29.583  55.533 0.5000000000
39208  -19.897  -28.675  55.716 0.4000000060
39215  -18.505  -29.020  55.558 0.4000000060
40096  -19.563  -28.334  55.790 0.3000000119
109388  -17.687  -30.856  51.999 0.8000000119
37510  -17.954  -30.747  52.777 0.6999999881
37525  -18.484  -30.637  52.300 0.6999999881
40991  -20.172  -27.883  55.963 0.2000000030
37523  -16.862  -31.050  51.500 0.8000000119
37524  -17.598  -30.883  51.219 0.8000000119
114106  -18.904  -30.566  51.710 0.8000000119
41881  -20.472  -27.316  55.912 0.2000000030
37537  -16.962  -31.033  50.596 0.8000000119
37538  -17.678  -30.843  50.545 0.8000000119
38399  -18.441  -30.705  50.979 0.8000000119
121979  -19.249  -30.513  51.144 0.8000000119
41918  -20.276  -26.815  55.731 0.2000000030
118369  -27.623  -21.037  50.688 0.2000000030
47465  -27.766  -20.824  51.749 0.3000000119
38412  -18.324  -30.655  50.059 0.8000000119
42885  -21.166  -26.135  55.273 0.2000000030
46661  -27.657  -21.721  51.213 0.2000000030
48351  -27.885  -19.297  52.426 0.3000000119
122237  -17.196  -30.868  48.902 0.8000000119
38434  -19.200  -30.330  48.611 0.8000000119
50247  -28.693  -17.896  53.215 0.5000000000
107901  -16.486  -31.169  49.065 0.8000000119
38433  -18.452  -30.519  48.035 0.8000000119
113340  -21.774  -26.250  51.837 0.2000000030
44861  -27.248  -23.306  49.639 0.1000000015
44850  -27.298  -23.122  50.477 0.1000000015
49315  -28.878  -18.396  53.395 0.6999999881
38432  -17.638  -30.728  48.324 0.8000000119
38448  -18.711  -30.665  47.123 0.8000000119
38449  -19.367  -30.366  47.663 0.8000000119
38450  -20.208  -30.201  47.286 0.8000000119
118231  -22.254  -26.071  51.024 0.2000000030
43879  -26.659  -23.877  48.684 0.1000000015
50231  -29.754  -18.130  53.484 0.6999999881
38447  -17.696  -30.885  47.439 0.8000000119
38460  -19.529  -30.455  46.762 0.6999999881
38461  -20.307  -30.218  46.405 0.6999999881
42923  -22.665  -25.838  50.366 0.1000000015
111616  -25.974  -24.320  48.411 0.1000000015
115688  -31.486  -18.856  53.396 0.8000000119
38464  -18.869  -30.699  45.475 0.6999999881
38466  -20.375  -30.165  45.584 0.6999999881
39314  -21.116  -29.795  45.126 0.6999999881
42922  -21.963  -26.099  50.240 0.2000000030
122442  -22.389  -25.847  49.602 0.1000000015
49317  -32.252  -18.836  52.923 0.8000000119
122535  -19.479  -30.412  45.073 0.6999999881
126797  -19.919  -30.309  45.315 0.6999999881
39322  -22.436  -29.309  44.588 0.6999999881
40223  -23.100  -29.115  44.808 0.6999999881
42930  -21.692  -26.082  49.471 0.1000000015
113345  -22.783  -25.633  48.902 0.1000000015
43877  -24.106  -25.011  48.350 0.1000000015
48352  -32.523  -19.995  51.796 0.8999999762
117364  -32.627  -17.853  52.320 0.8999999762
38472  -19.279  -30.074  43.586 0.6000000238
39313  -20.171  -30.102  44.789 0.6000000238
122505  -21.413  -29.449  43.615 0.6000000238
40235  -23.021  -28.996  44.092 0.6999999881
40236  -23.741  -28.883  44.515 0.6999999881
128716  -22.098  -25.846  48.956 0.1000000015
48356  -32.511  -19.404  51.522 1.0000000000
39326  -20.642  -29.569  43.320 0.5000000000
126443  -21.780  -29.257  43.263 0.5000000000
39327  -22.198  -29.226  43.735 0.6000000238
40247  -23.787  -28.676  43.603 0.6999999881
40237  -24.408  -28.656  44.210 0.6999999881
49338  -32.415  -18.760  51.018 1.0000000000
108715  -21.108  -29.165  41.666 0.4000000060
122313  -21.351  -29.245  42.754 0.5000000000
40259  -22.742  -28.725  42.377 0.5000000000
119407  -23.484  -28.587  42.694 0.6000000238
112356  -24.295  -28.471  42.804 0.6999999881
40248  -24.725  -28.501  43.560 0.6999999881
40249  -25.437  -28.403  43.488 0.6999999881
49343  -31.844  -18.581  49.735 1.0000000000
39339  -21.815  -29.000  40.960 0.4000000060
40273  -22.742  -28.681  41.333 0.4000000060
40260  -23.959  -28.469  42.049 0.6000000238
108450  -25.118  -28.380  42.801 0.6999999881
47491  -31.191  -20.144  48.865 1.0000000000
48366  -31.506  -19.365  49.353 1.0000000000
49348  -31.603  -18.548  48.842 1.0000000000
39355  -22.532  -29.054  40.304 0.2000000030
40289  -23.383  -28.766  40.484 0.3000000119
40290  -24.209  -28.569  40.669 0.4000000060
40276  -25.062  -28.405  41.054 0.5000000000
40277  -26.080  -28.414  41.167 0.6000000238
46685  -31.120  -22.138  48.160 1.0000000000
48371  -31.230  -19.264  48.400 1.0000000000
39358  -25.379  -29.258  39.663 0.3000000119
40291  -25.693  -28.707  40.289 0.4000000060
47498  -30.718  -20.548  47.532 1.0000000000
48370  -30.849  -19.970  47.970 1.0000000000
48377  -31.234  -19.256  47.473 1.0000000000
39382  -25.881  -29.978  39.455 0.3000000119
39359  -26.215  -29.284  39.758 0.3000000119
45829  -30.741  -22.483  47.229 1.0000000000
46684  -30.640  -21.364  47.469 1.0000000000
46696  -30.425  -21.409  46.555 1.0000000000
48376  -30.931  -19.925  47.087 1.0000000000
44916  -30.418  -23.952  45.523 1.0000000000
127771  -30.673  -23.139  46.633 1.0000000000
45844  -30.364  -22.272  46.235 1.0000000000
40266  -29.805  -28.905  42.577 0.8000000119
45856  -30.358  -23.073  45.878 1.0000000000
120413  -30.136  -22.141  45.383 1.0000000000
43925  -29.810  -24.146  44.146 1.0000000000
43936  -29.586  -24.530  43.332 0.8000000119
40095  -18.685  -28.255  55.769 0.4000000060
118241  -27.583  -20.212  50.966 0.2000000030
118392  -27.705  -19.943  51.754 0.2000000030
46666  -27.599  -21.825  50.278 0.1000000015
49332  -27.778  -18.420  51.817 0.3000000119
50279  -27.955  -17.589  52.103 0.3000000119
50266  -28.465  -17.369  52.743 0.3000000119
44876  -27.346  -22.739  48.938 0.1000000015
110268  -27.459  -21.094  49.798 0.1000000015
127186  -27.081  -23.440  48.953 0.1000000015
117873  -27.017  -22.421  48.156 0.1000000015
50249  -30.145  -17.162  53.331 0.6999999881
118555  -21.536  -26.391  50.910 0.2000000030
44875  -26.473  -23.845  48.023 0.1000000015
50250  -31.190  -16.996  53.372 0.6999999881
121887  -24.655  -24.809  47.810 0.1000000015
112049  -25.366  -24.525  47.698 0.1000000015
119334  -32.412  -17.894  52.772 0.8000000119
42945  -23.350  -25.212  47.199 0.1000000015
49333  -32.645  -18.326  51.794 0.8999999762
128043  -32.094  -18.624  50.354 1.0000000000
50317  -32.021  -17.895  49.324 1.0000000000
49353  -31.588  -18.564  47.935 1.0000000000
47507  -30.631  -20.580  46.788 1.0000000000
48382  -31.398  -19.394  46.591 1.0000000000
47511  -30.604  -20.587  45.934 1.0000000000
44926  -29.951  -23.813  44.800 1.0000000000
45868  -29.911  -22.929  44.987 1.0000000000
46706  -30.338  -21.332  45.640 1.0000000000
47520  -30.666  -20.648  45.085 1.0000000000
128219  -31.548  -19.823  45.150 0.8999999762
44925  -29.547  -23.240  44.211 1.0000000000
127646  -29.972  -22.014  44.687 0.8999999762
46722  -30.143  -21.501  44.053 0.8999999762
112665  -30.721  -20.733  44.099 0.8999999762
44933  -29.295  -23.607  43.509 0.8000000119
45867  -29.737  -22.301  44.148 0.8999999762
46734  -30.377  -21.207  43.201 0.8999999762
45884  -29.408  -22.559  43.344 0.8000000119
48355  -27.575  -19.266  51.183 0.2000000030
48359  -27.417  -19.739  50.269 0.1000000015
114249  -27.347  -18.931  50.217 0.1000000015
51275  -28.781  -16.588  52.582 0.3000000119
51264  -29.749  -16.611  53.077 0.5000000000
51276  -29.475  -16.169  52.809 0.4000000060
51265  -30.669  -16.290  53.128 0.6999999881
52269  -30.275  -15.786  52.839 0.4000000060
51266  -31.618  -16.204  53.096 0.6999999881
50267  -32.482  -16.857  52.615 0.6999999881
50296  -32.601  -17.621  51.321 1.0000000000
50281  -32.716  -17.227  52.115 0.8999999762
50295  -32.223  -17.896  50.303 1.0000000000
51298  -32.642  -17.019  50.709 1.0000000000
50309  -32.462  -17.217  49.809 0.8999999762
50318  -32.480  -17.365  48.941 0.8999999762
49349  -31.986  -17.952  48.459 1.0000000000
49368  -31.932  -18.709  46.961 1.0000000000
48381  -30.961  -19.979  46.261 1.0000000000
115302  -31.484  -19.609  45.797 1.0000000000
108605  -32.073  -19.111  46.059 1.0000000000
47521  -31.183  -20.182  44.698 0.8999999762
48395  -32.152  -19.494  45.291 0.8999999762
120312  -31.508  -20.248  43.886 0.8999999762
47522  -32.024  -19.863  44.499 0.8999999762
46721  -29.870  -21.793  43.483 0.8999999762
47534  -31.127  -20.606  43.190 0.8999999762
46746  -29.804  -21.778  42.754 0.8999999762
47550  -30.838  -20.902  42.442 0.8999999762
46758  -30.525  -21.150  41.794 0.8999999762
46757  -29.846  -21.690  41.837 0.8000000119
125784  -27.699  -17.769  51.333 0.2000000030
50280  -28.227  -16.934  52.180 0.2000000030
49337  -27.515  -18.348  50.844 0.1000000015
50294  -27.567  -17.560  50.559 0.1000000015
51286  -28.435  -16.351  51.781 0.1000000015
52279  -29.099  -15.837  52.264 0.3000000119
52280  -29.915  -15.331  52.549 0.3000000119
52282  -31.601  -14.982  52.488 0.4000000060
51277  -32.396  -16.000  52.585 0.8000000119
109849  -32.469  -15.504  52.366 0.6000000238
51287  -32.616  -16.081  52.269 0.6999999881
51288  -33.041  -15.649  51.794 0.6000000238
121792  -32.954  -16.341  51.081 0.8999999762
51309  -32.900  -16.508  50.290 0.8000000119
51325  -32.986  -16.701  49.417 0.8999999762
50330  -32.702  -17.597  48.146 0.8999999762
49354  -32.254  -18.105  47.634 1.0000000000
48383  -32.672  -18.751  46.343 1.0000000000
48409  -32.857  -19.592  44.764 0.8999999762
47535  -31.948  -20.242  43.107 0.8999999762
129172  -32.237  -20.064  43.735 0.8999999762
47551  -31.585  -20.456  42.400 0.8999999762
47566  -31.282  -20.679  41.639 0.8999999762
46767  -29.793  -21.731  40.945 0.6999999881
119891  -30.247  -21.354  41.263 0.6999999881
46759  -30.804  -21.000  41.107 0.8000000119
122700  -31.397  -20.695  40.920 0.8999999762
46768  -30.353  -21.258  40.594 0.8999999762
46769  -31.063  -20.864  40.400 0.8000000119
51285  -27.869  -16.978  51.319 0.2000000030
52293  -28.766  -15.676  51.337 0.1000000015
53357  -30.515  -14.817  52.456 0.3000000119
53370  -30.636  -14.347  52.054 0.2000000030
53371  -31.416  -14.176  52.234 0.2000000030
52284  -32.996  -14.708  51.952 0.5000000000
53360  -32.692  -14.142  51.968 0.5000000000
51310  -33.533  -16.014  50.028 0.8000000119
110409  -33.597  -15.198  51.563 0.6999999881
115569  -33.261  -17.008  48.579 0.8999999762
109151  -32.835  -18.279  46.924 1.0000000000
49355  -33.867  -17.974  47.005 1.0000000000
48396  -33.097  -19.148  45.534 0.8999999762
49369  -33.539  -18.606  46.306 0.8999999762
127894  -33.394  -19.445  44.903 0.8999999762
47523  -32.877  -19.875  44.029 0.8999999762
48410  -33.652  -19.610  44.329 0.8999999762
47536  -32.918  -19.985  43.140 0.8999999762
107541  -32.022  -20.285  41.726 0.8999999762
47552  -32.454  -20.100  42.298 0.8999999762
47568  -32.913  -20.001  41.293 0.8999999762
47567  -32.014  -20.396  41.049 0.8999999762
46778  -30.575  -21.098  39.691 0.6999999881
47580  -31.855  -20.538  40.361 0.8999999762
46779  -31.554  -20.706  39.662 0.8999999762
46786  -31.259  -20.842  38.896 0.8000000119
53373  -34.192  -14.118  51.447 0.4000000060
52307  -34.075  -15.249  50.859 0.6000000238
51326  -33.793  -16.295  49.083 0.8999999762
52321  -34.517  -15.581  49.731 0.8000000119
50331  -33.577  -17.403  47.788 0.8999999762
118537  -34.273  -16.710  48.192 0.8999999762
49382  -34.219  -18.917  45.654 0.8999999762
109576  -33.976  -19.292  44.965 0.8999999762
48411  -34.612  -19.393  44.340 0.8999999762
48421  -33.545  -19.795  43.638 0.8999999762
47537  -33.948  -19.734  42.965 0.8999999762
47553  -33.473  -19.823  42.145 0.8999999762
47581  -32.712  -20.194  40.397 0.8999999762
47598  -32.467  -20.409  39.663 0.8999999762
112378  -30.889  -21.018  38.162 0.8000000119
46780  -32.190  -20.600  38.932 0.8999999762
46781  -33.063  -20.394  38.968 0.8999999762
46796  -30.489  -21.245  37.535 0.6999999881
46797  -31.349  -21.011  37.392 0.6999999881
46787  -32.001  -20.816  38.111 0.8000000119
107506  -31.669  -21.068  36.634 0.6000000238
46807  -30.625  -21.358  36.726 0.5000000000
125747  -34.637  -16.079  48.821 0.8999999762
50332  -34.562  -17.389  47.459 0.8999999762
50333  -35.640  -17.395  47.337 0.8999999762
48397  -34.913  -19.094  45.015 0.8999999762
48422  -34.327  -19.614  43.668 0.8999999762
47554  -34.564  -19.687  42.066 0.8999999762
47569  -34.075  -19.785  41.227 0.8999999762
47582  -33.666  -19.892  40.426 0.8999999762
107632  -33.357  -20.120  39.667 0.8999999762
46788  -32.779  -20.632  38.402 0.8000000119
46798  -32.319  -20.834  37.286 0.8000000119
122201  -32.983  -20.718  37.831 0.6999999881
109125  -31.069  -21.377  35.926 0.5000000000
51311  -35.456  -15.672  48.935 0.8000000119
49383  -35.250  -18.770  45.688 0.8999999762
48398  -35.947  -18.971  45.042 0.8999999762
48423  -35.313  -19.482  43.706 0.8999999762
48412  -35.610  -19.273  44.394 0.8999999762
47538  -35.003  -19.605  42.914 0.8999999762
47570  -35.117  -19.720  41.180 0.8999999762
114014  -34.631  -19.764  40.456 0.8999999762
127710  -35.093  -19.812  39.882 0.8999999762
108086  -34.302  -19.889  39.717 0.8999999762
47599  -33.999  -20.186  38.992 0.8999999762
47600  -35.053  -19.955  39.170 0.8000000119
46789  -33.542  -20.490  38.333 0.8999999762
46790  -33.821  -20.546  37.701 0.8000000119
46799  -33.204  -20.726  37.173 0.6999999881
46800  -33.973  -20.613  37.020 0.8000000119
46808  -32.559  -20.873  36.583 0.6999999881
46823  -31.380  -21.238  35.207 0.4000000060
46815  -31.936  -21.112  35.895 0.6000000238
46816  -32.740  -20.897  35.875 0.6999999881
46817  -33.415  -20.739  35.792 0.6999999881
46824  -32.154  -20.985  35.140 0.5000000000
125903  -33.004  -20.700  35.009 0.5000000000
46831  -32.304  -20.786  34.185 0.5000000000
47660  -32.017  -20.677  33.217 0.3000000119
51328  -36.311  -16.174  48.441 0.8000000119
49357  -36.201  -17.922  46.872 0.8000000119
48384  -36.349  -18.706  45.735 0.8999999762
49372  -36.809  -18.377  46.406 0.8999999762
48399  -36.998  -19.084  45.156 0.8999999762
106932  -36.034  -19.656  43.050 0.8999999762
47539  -36.300  -19.507  43.841 0.8999999762
47555  -35.772  -19.731  42.030 0.8999999762
46735  -39.220  -20.568  42.932 0.8999999762
46748  -39.817  -20.673  42.717 0.8999999762
46760  -39.266  -20.625  42.216 0.8000000119
47574  -38.743  -20.539  41.644 0.8000000119
46770  -39.259  -20.583  41.761 0.8000000119
46761  -39.821  -20.629  42.079 0.8000000119
47586  -38.322  -20.385  40.938 0.8000000119
125833  -38.933  -20.500  41.321 0.8000000119
46771  -39.424  -20.488  41.427 0.8000000119
47603  -37.972  -20.251  40.088 0.8000000119
47587  -38.848  -20.347  40.652 0.8000000119
127357  -39.143  -20.163  40.189 0.8000000119
115898  -34.529  -20.229  38.328 0.8000000119
123817  -37.796  -20.062  39.371 0.8000000119
47604  -38.628  -20.083  39.685 0.8000000119
47605  -39.579  -19.865  39.757 0.6999999881
47611  -34.570  -20.335  37.588 0.8000000119
47615  -38.200  -19.846  38.872 0.8000000119
48467  -38.628  -19.504  38.358 0.6999999881
47616  -39.024  -19.668  38.918 0.6999999881
46818  -34.087  -20.615  36.177 0.6999999881
46809  -33.352  -20.757  36.487 0.6999999881
48484  -39.310  -19.197  38.201 0.6999999881
47642  -33.827  -20.543  35.273 0.5000000000
107028  -38.717  -19.151  37.693 0.6999999881
47672  -31.853  -20.583  32.308 0.3000000119
47685  -31.715  -20.504  31.358 0.3000000119
47705  -32.876  -20.220  29.200 0.3000000119
47716  -33.094  -20.295  28.404 0.3000000119
47726  -33.321  -20.583  27.573 0.3000000119
46883  -34.397  -21.195  26.749 0.3000000119
50334  -36.694  -17.395  47.424 0.6999999881
49377  -41.267  -18.168  46.517 0.3000000119
48385  -37.406  -18.762  45.828 0.8999999762
48390  -41.153  -18.951  45.941 0.5000000000
48414  -37.443  -19.425  44.649 0.8999999762
47515  -39.924  -20.107  44.830 0.6999999881
48403  -40.187  -19.691  45.482 0.6999999881
47516  -40.501  -20.088  44.753 0.6999999881
47524  -37.281  -19.642  44.038 0.8999999762
47525  -38.199  -19.781  44.343 0.8999999762
107552  -39.512  -20.484  43.637 0.8999999762
47527  -39.706  -20.339  44.200 0.8000000119
47528  -40.212  -20.417  44.158 0.8999999762
48415  -41.199  -19.951  44.635 0.5000000000
48405  -41.704  -19.295  45.209 0.4000000060
47556  -36.789  -19.918  42.465 0.8999999762
114831  -37.029  -19.793  43.285 0.8999999762
128041  -38.563  -20.094  43.922 0.8999999762
113731  -38.844  -20.331  43.541 0.8999999762
121752  -39.803  -20.629  43.253 0.8999999762
47541  -40.007  -20.580  43.671 0.8999999762
46737  -40.731  -20.688  43.055 0.8999999762
47529  -40.796  -20.379  44.075 0.8000000119
47571  -36.118  -19.794  41.020 0.8999999762
113705  -36.666  -19.971  41.723 0.8999999762
47557  -37.501  -20.289  42.023 0.8999999762
123930  -38.011  -20.385  42.467 0.8999999762
47558  -38.479  -20.526  42.213 0.8999999762
46736  -40.215  -20.674  43.176 0.8999999762
46749  -40.346  -20.670  42.611 0.8000000119
47572  -37.025  -20.146  41.150 0.8999999762
47573  -37.923  -20.384  41.390 0.8000000119
46762  -40.475  -20.600  42.107 0.8000000119
108382  -35.864  -19.849  39.848 0.8000000119
108381  -36.588  -20.000  39.802 0.8000000119
47585  -37.353  -20.198  40.428 0.8000000119
47588  -39.678  -20.252  40.767 0.8000000119
46772  -40.076  -20.480  41.604 0.8000000119
107470  -35.388  -19.979  38.656 0.8000000119
47601  -36.023  -19.906  39.201 0.8000000119
47602  -36.998  -20.011  39.357 0.8000000119
47589  -40.469  -20.230  41.171 0.6999999881
47612  -35.277  -20.065  38.110 0.8000000119
47620  -34.662  -20.347  36.824 0.8000000119
47621  -35.251  -20.084  37.422 0.8000000119
47623  -36.915  -19.776  38.083 0.6999999881
47614  -37.372  -19.896  38.786 0.6999999881
48468  -39.913  -19.309  38.802 0.6999999881
48482  -37.301  -19.463  37.350 0.6999999881
48483  -37.874  -19.566  38.068 0.6999999881
47651  -33.614  -20.489  34.516 0.5000000000
47643  -34.420  -20.366  35.450 0.5000000000
124291  -37.564  -19.184  36.689 0.6999999881
48497  -38.093  -19.145  37.156 0.6999999881
48498  -38.988  -18.719  36.773 0.6999999881
47662  -33.779  -20.355  33.630 0.4000000060
112118  -38.146  -18.874  36.299 0.6999999881
47661  -32.856  -20.537  33.379 0.4000000060
47650  -33.105  -20.574  34.137 0.4000000060
47673  -32.554  -20.501  32.629 0.3000000119
47686  -32.673  -20.395  31.703 0.3000000119
47697  -32.404  -20.346  30.691 0.3000000119
47704  -32.211  -20.307  29.714 0.3000000119
47698  -33.160  -20.118  30.065 0.3000000119
116336  -38.845  -19.666  26.115 0.3000000119
47717  -33.911  -20.096  28.103 0.3000000119
48624  -34.682  -19.903  27.743 0.3000000119
47736  -35.487  -20.370  26.673 0.3000000119
47737  -36.343  -20.396  26.298 0.3000000119
49384  -41.850  -18.404  45.803 0.3000000119
49385  -42.423  -18.533  45.189 0.3000000119
47513  -38.766  -19.707  44.815 0.8999999762
47526  -39.041  -20.139  44.186 0.8999999762
47514  -39.359  -19.900  44.826 0.8999999762
48416  -41.962  -19.681  44.398 0.6000000238
127515  -42.384  -19.153  44.742 0.4000000060
47543  -41.095  -20.535  43.458 0.8000000119
47530  -41.514  -20.185  43.918 0.6999999881
46763  -40.946  -20.630  42.498 0.8000000119
125182  -40.638  -20.461  41.713 0.8000000119
47575  -41.089  -20.512  41.992 0.8000000119
47613  -36.049  -19.900  38.666 0.8000000119
47607  -40.971  -19.888  40.820 0.8000000119
47622  -36.023  -19.879  37.978 0.8000000119
125219  -36.658  -19.867  38.623 0.8000000119
48455  -40.577  -19.425  39.511 0.6999999881
47606  -40.383  -19.883  40.404 0.6999999881
47630  -35.385  -19.962  36.541 0.6999999881
47629  -34.803  -20.237  35.982 0.6999999881
47631  -36.197  -19.629  36.572 0.6999999881
47632  -36.500  -19.681  37.356 0.6999999881
124066  -39.448  -18.849  37.494 0.6999999881
48485  -40.254  -18.776  37.861 0.6999999881
115042  -40.917  -18.924  38.652 0.6999999881
47644  -34.986  -20.068  35.172 0.6999999881
47654  -35.682  -19.684  34.991 0.6000000238
48525  -36.404  -19.325  35.016 0.6999999881
48512  -36.684  -19.342  35.836 0.6999999881
47652  -34.373  -20.248  34.564 0.5000000000
47653  -35.237  -19.846  34.320 0.5000000000
48524  -36.167  -19.402  34.046 0.6999999881
48526  -37.206  -18.991  35.095 0.6999999881
48514  -38.850  -18.563  35.751 0.6999999881
49453  -40.708  -18.259  36.188 0.6999999881
49443  -40.985  -18.439  37.031 0.6999999881
47674  -33.423  -20.326  32.506 0.4000000060
47675  -34.375  -20.112  32.769 0.4000000060
47663  -34.739  -20.019  33.604 0.5000000000
47664  -35.442  -19.705  33.569 0.5000000000
48537  -36.666  -19.038  33.146 0.6999999881
127753  -37.056  -18.962  33.830 0.6999999881
49484  -38.282  -18.442  33.456 0.6999999881
49475  -38.519  -18.458  34.078 0.6999999881
49476  -39.351  -18.194  34.257 0.6999999881
49466  -39.535  -18.263  35.119 0.6999999881
47688  -34.132  -20.098  32.030 0.4000000060
49491  -38.475  -18.266  32.777 0.6000000238
49485  -39.161  -18.106  33.412 0.6999999881
114321  -39.920  -17.915  33.764 0.6999999881
47687  -33.588  -20.219  31.536 0.4000000060
107454  -38.778  -18.119  31.922 0.6000000238
49492  -39.458  -17.951  32.521 0.6999999881
110681  -33.131  -20.274  30.937 0.3000000119
48574  -33.799  -20.094  30.734 0.4000000060
48575  -34.544  -19.837  30.519 0.4000000060
107250  -39.020  -18.090  31.048 0.6000000238
49507  -39.927  -18.170  30.779 0.6000000238
109882  -33.991  -19.932  30.009 0.3000000119
48591  -34.666  -19.685  29.540 0.3000000119
48592  -35.498  -19.364  29.617 0.4000000060
48610  -36.662  -18.855  28.378 0.3000000119
48626  -36.541  -19.188  27.393 0.3000000119
47749  -40.030  -20.358  25.160 0.3000000119
48590  -33.814  -19.973  29.145 0.3000000119
128323  -34.334  -19.791  29.122 0.3000000119
122350  -35.171  -19.551  28.154 0.3000000119
48609  -35.869  -19.229  28.196 0.3000000119
48611  -37.236  -18.776  27.892 0.3000000119
48627  -37.578  -18.994  27.184 0.3000000119
48642  -39.705  -19.522  26.494 0.3000000119
48653  -41.273  -19.501  25.674 0.3000000119
48608  -34.544  -19.740  28.667 0.3000000119
48625  -35.504  -19.662  27.369 0.3000000119
48640  -36.143  -19.769  26.755 0.3000000119
48659  -41.678  -19.733  24.874 0.3000000119
47759  -42.213  -20.234  24.594 0.3000000119
50354  -41.947  -17.448  46.163 0.4000000060
50355  -42.465  -17.616  45.538 0.4000000060
48424  -42.363  -19.841  43.713 0.6999999881
49391  -42.964  -18.588  44.642 0.4000000060
47559  -41.400  -20.554  42.885 0.6999999881
47560  -42.226  -20.212  42.673 0.6999999881
109052  -43.560  -19.585  42.813 0.6999999881
48426  -44.228  -19.158  42.940 0.5000000000
115454  -41.668  -20.266  41.831 0.8000000119
47577  -42.530  -20.102  42.221 0.6999999881
47561  -43.226  -19.836  42.360 0.5000000000
48431  -44.192  -19.471  42.341 0.4000000060
125760  -44.833  -19.315  41.861 0.6999999881
48446  -41.733  -19.693  40.766 0.6999999881
47590  -41.202  -20.174  41.427 0.6999999881
48447  -42.779  -19.545  40.696 0.6999999881
48456  -41.226  -19.513  40.111 0.6999999881
48486  -41.387  -18.596  37.827 0.6999999881
116878  -41.962  -18.824  38.482 0.6999999881
49454  -41.678  -18.223  36.298 0.6999999881
49468  -41.478  -18.024  35.483 0.6999999881
47676  -35.177  -19.788  32.905 0.5000000000
106689  -35.887  -19.416  33.075 0.5000000000
49483  -37.585  -18.656  33.101 0.6999999881
49478  -41.500  -17.929  34.447 0.6999999881
48547  -36.273  -19.093  32.357 0.6000000238
48560  -37.142  -18.603  31.580 0.5000000000
108636  -37.855  -18.455  32.189 0.5000000000
108380  -40.148  -17.864  33.075 0.6999999881
48557  -34.361  -19.997  31.334 0.4000000060
110450  -35.134  -19.666  31.158 0.4000000060
48559  -36.380  -18.969  31.596 0.4000000060
126268  -36.697  -18.812  32.003 0.4000000060
109948  -38.084  -18.324  31.299 0.6000000238
49493  -40.448  -17.918  32.293 0.6999999881
110642  -41.062  -17.919  32.884 0.6999999881
48558  -35.719  -19.385  31.764 0.4000000060
48577  -36.055  -19.138  30.141 0.4000000060
49504  -36.603  -18.822  30.821 0.4000000060
49505  -37.418  -18.491  30.615 0.4000000060
49519  -38.535  -18.387  29.551 0.4000000060
48576  -35.300  -19.506  30.326 0.4000000060
48593  -36.155  -19.051  29.177 0.4000000060
49534  -37.424  -18.618  28.656 0.3000000119
124473  -39.212  -18.457  29.421 0.3000000119
49536  -39.585  -18.684  28.874 0.4000000060
49508  -40.733  -18.502  30.508 0.5000000000
49551  -38.098  -18.658  28.085 0.3000000119
48628  -38.550  -18.990  27.272 0.3000000119
48630  -40.321  -19.344  27.412 0.3000000119
48643  -40.672  -19.524  26.564 0.3000000119
48631  -41.140  -19.413  27.419 0.3000000119
48660  -42.532  -19.400  24.751 0.3000000119
49580  -43.288  -18.977  24.646 0.3000000119
48645  -42.021  -19.065  26.156 0.3000000119
49572  -43.315  -18.230  25.325 0.3000000119
49581  -43.947  -18.502  24.633 0.3000000119
49582  -44.589  -18.003  24.684 0.3000000119
128183  -42.800  -19.773  41.451 0.6000000238
47592  -43.127  -19.849  41.827 0.6000000238
49406  -45.537  -18.587  42.141 0.6000000238
50371  -45.236  -17.758  42.827 0.4000000060
48448  -43.551  -19.588  41.164 0.6000000238
48439  -45.198  -19.316  41.131 0.6999999881
48440  -45.487  -18.982  41.725 0.6999999881
48457  -42.191  -19.369  39.913 0.6000000238
48450  -46.049  -18.899  41.031 0.6000000238
48469  -41.579  -19.153  39.302 0.6999999881
48470  -42.608  -19.140  39.059 0.6000000238
48458  -43.193  -19.371  39.706 0.6999999881
48487  -42.292  -18.673  37.746 0.6999999881
49444  -41.989  -18.456  37.092 0.6999999881
111092  -42.939  -18.986  38.169 0.6000000238
126820  -41.741  -18.249  32.762 0.6999999881
108635  -41.497  -18.608  30.996 0.6999999881
107453  -40.781  -18.207  31.457 0.6999999881
124148  -41.330  -18.184  32.230 0.6999999881
48614  -40.921  -19.216  28.337 0.3000000119
49537  -40.430  -18.819  29.013 0.4000000060
49520  -39.979  -18.507  29.763 0.5000000000
48594  -41.212  -18.964  29.278 0.5000000000
48632  -41.995  -19.139  27.284 0.3000000119
49564  -42.698  -18.646  26.650 0.3000000119
49566  -43.874  -17.880  26.359 0.3000000119
50549  -43.881  -17.842  25.654 0.3000000119
50566  -44.568  -17.598  25.264 0.3000000119
48438  -44.121  -19.556  41.670 0.6999999881
117114  -43.804  -19.487  40.356 0.6999999881
48449  -44.460  -19.476  40.825 0.6999999881
48459  -44.656  -19.507  40.009 0.8000000119
110991  -45.977  -19.254  40.241 0.6999999881
48471  -43.665  -19.335  38.783 0.6999999881
115489  -44.022  -19.466  39.564 0.8000000119
48472  -44.713  -19.516  39.036 0.6999999881
127574  -46.677  -19.021  39.658 0.6000000238
107962  -45.084  -19.533  38.207 0.8999999762
48473  -45.702  -19.515  38.846 0.8999999762
48474  -46.534  -19.406  38.593 0.8000000119
48462  -47.019  -19.144  39.013 0.6000000238
119887  -43.091  -18.808  37.090 0.6999999881
48499  -44.042  -19.159  37.024 0.8000000119
107252  -45.289  -19.484  37.414 0.8999999762
48489  -45.976  -19.538  38.043 0.8999999762
48490  -46.839  -19.444  37.850 0.8999999762
49455  -42.485  -18.423  36.423 0.6999999881
48515  -43.184  -18.572  36.026 0.6999999881
120301  -43.758  -18.912  36.408 0.6999999881
48500  -44.443  -19.194  36.215 0.8999999762
107251  -45.343  -19.437  36.446 0.8999999762
127839  -42.002  -17.994  35.033 0.6999999881
110071  -42.495  -18.244  34.672 0.6999999881
48516  -43.868  -18.897  35.609 0.6999999881
127283  -44.955  -19.365  35.832 0.8999999762
49486  -42.355  -18.474  33.032 0.6999999881
48539  -43.187  -18.660  34.234 0.6999999881
49494  -42.167  -18.562  32.280 0.6999999881
114059  -42.438  -18.331  33.817 0.6999999881
48578  -42.106  -18.975  30.627 0.5000000000
107811  -43.006  -19.036  31.964 0.6999999881
48595  -41.941  -19.147  29.710 0.5000000000
48615  -41.729  -19.139  28.833 0.5000000000
126254  -41.604  -19.280  28.063 0.4000000060
112949  -42.285  -19.120  28.308 0.4000000060
49565  -43.273  -18.162  26.097 0.3000000119
50536  -45.142  -17.493  26.722 0.4000000060
49436  -47.714  -18.748  38.616 0.8999999762
49430  -47.413  -18.464  39.409 0.6999999881
48501  -46.290  -19.511  37.125 1.0000000000
48475  -47.310  -19.217  38.290 0.8999999762
48491  -47.612  -19.278  37.558 0.8999999762
48476  -48.052  -18.952  37.954 0.8999999762
49437  -48.288  -18.433  38.259 0.8999999762
48529  -43.877  -18.986  34.708 0.6999999881
48517  -44.613  -19.284  35.242 0.8000000119
107164  -46.370  -19.525  36.140 0.8999999762
48502  -47.022  -19.504  36.631 1.0000000000
48503  -47.836  -19.435  36.656 1.0000000000
48492  -48.334  -19.075  37.143 0.8999999762
108805  -48.722  -18.398  37.601 0.8999999762
121330  -43.860  -19.130  33.861 0.6999999881
122656  -45.201  -19.526  34.675 0.8999999762
107163  -45.569  -19.512  35.445 0.8999999762
48518  -46.634  -19.679  35.269 1.0000000000
48549  -42.860  -18.791  32.664 0.6999999881
120170  -43.179  -18.807  33.333 0.6999999881
48540  -44.556  -19.468  33.493 0.6999999881
48550  -43.552  -19.168  32.652 0.6999999881
109258  -43.908  -19.256  33.187 0.6999999881
48579  -42.862  -19.180  31.052 0.6000000238
122219  -43.489  -19.328  31.426 0.6999999881
48562  -43.874  -19.409  32.041 0.6999999881
48596  -42.729  -19.276  30.179 0.6000000238
48616  -42.507  -19.158  29.253 0.5000000000
48597  -43.454  -19.240  29.706 0.4000000060
48633  -43.080  -18.974  28.690 0.4000000060
126262  -43.847  -18.895  28.973 0.4000000060
114668  -43.525  -18.268  27.073 0.4000000060
111208  -44.206  -18.211  27.690 0.4000000060
49553  -44.332  -17.817  26.934 0.4000000060
107387  -44.993  -17.984  27.658 0.4000000060
49554  -45.890  -17.683  27.426 0.4000000060
122901  -45.934  -17.276  26.566 0.4000000060
113113  -48.930  -17.476  37.556 0.8000000119
107642  -47.338  -19.599  35.905 1.0000000000
48504  -48.722  -19.316  36.246 0.8999999762
49456  -49.365  -18.429  36.411 0.6999999881
107059  -45.388  -19.708  33.903 0.8999999762
48519  -48.318  -19.653  35.672 1.0000000000
48521  -49.612  -19.318  35.240 0.8999999762
48541  -45.291  -19.751  33.134 0.8999999762
47655  -46.447  -20.122  33.838 0.8999999762
47656  -47.761  -20.257  34.160 1.0000000000
47657  -48.933  -20.236  34.046 1.0000000000
48532  -49.448  -19.878  34.635 0.8999999762
47665  -46.216  -20.124  32.952 0.8000000119
47666  -47.319  -20.385  33.285 1.0000000000
47679  -48.125  -20.412  32.828 1.0000000000
47668  -48.978  -20.323  33.308 1.0000000000
48542  -49.535  -20.050  33.881 0.8999999762
113716  -43.483  -19.357  30.702 0.6000000238
48563  -44.718  -19.629  31.885 0.6999999881
48564  -45.604  -19.810  31.696 0.8000000119
47677  -46.306  -20.076  32.144 0.8999999762
47678  -47.150  -20.318  32.485 1.0000000000
48553  -49.354  -20.031  33.104 0.8000000119
48543  -49.704  -19.830  33.785 0.8000000119
115044  -44.260  -19.390  30.477 0.6000000238
110437  -44.933  -19.571  31.132 0.6999999881
48565  -46.491  -19.911  31.500 0.8000000119
47690  -47.966  -20.299  31.977 1.0000000000
48567  -48.736  -20.076  31.771 1.0000000000
47680  -48.800  -20.283  32.534 1.0000000000
48598  -45.154  -19.388  30.312 0.6000000238
48581  -46.782  -19.687  30.827 0.8000000119
48582  -47.722  -19.733  30.696 0.8999999762
107915  -48.239  -19.961  31.271 1.0000000000
127686  -48.788  -19.792  31.176 1.0000000000
49539  -44.639  -18.579  28.591 0.5000000000
48599  -46.110  -19.381  30.184 0.5000000000
48600  -47.111  -19.428  30.105 0.6999999881
48601  -48.073  -19.534  29.929 0.8000000119
117283  -48.539  -19.701  30.645 0.8000000119
116482  -45.914  -18.386  28.501 0.5000000000
49540  -47.206  -18.616  28.863 0.6000000238
49525  -48.679  -19.226  29.486 0.6000000238
49555  -46.789  -17.950  27.975 0.6000000238
49541  -48.261  -18.615  28.832 0.6000000238
49470  -49.568  -18.443  35.872 0.6999999881
50463  -49.534  -17.533  36.110 0.6999999881
112288  -49.781  -19.382  34.057 0.6999999881
110063  -49.105  -20.016  32.278 0.8999999762
48568  -49.108  -19.677  31.499 0.8999999762
48602  -48.986  -19.588  30.065 0.6999999881
48583  -49.151  -19.575  30.709 0.8000000119
49556  -47.605  -18.157  28.290 0.5000000000
114316  -49.185  -18.838  29.123 0.6000000238
126051  -48.889  -18.306  28.537 0.5000000000
49542  -49.980  -18.997  29.389 0.5000000000
50478  -49.282  -17.291  35.335 0.6000000238
50462  -49.400  -16.870  36.005 0.6000000238
49479  -49.618  -18.571  34.775 0.6999999881
49487  -49.537  -18.790  33.894 0.6999999881
49488  -49.581  -19.535  33.372 0.8000000119
48554  -49.331  -19.614  32.417 0.8999999762
49498  -49.153  -18.780  32.209 0.6999999881
48584  -49.559  -19.339  30.788 0.8000000119
49499  -49.392  -19.280  31.542 0.8000000119
49526  -49.489  -19.341  29.694 0.6999999881
48603  -49.684  -19.478  30.214 0.8000000119
115924  -50.092  -19.353  29.891 0.6000000238
49512  -50.603  -18.609  30.260 0.6000000238
50525  -49.667  -18.282  28.634 0.5000000000
49543  -50.570  -19.000  29.767 0.5000000000
49544  -51.211  -18.297  29.643 0.5000000000
50519  -51.841  -18.039  29.956 0.5000000000
50514  -52.217  -17.683  30.190 0.4000000060
117554  -49.116  -17.788  34.527 0.6000000238
124098  -48.510  -17.208  34.166 0.6000000238
49495  -49.241  -18.875  33.016 0.6999999881
50491  -48.738  -18.059  33.608 0.6999999881
50490  -47.867  -17.206  33.336 0.6999999881
50497  -48.420  -18.077  32.734 0.6999999881
51518  -47.281  -16.694  32.670 0.6999999881
51517  -46.918  -16.709  31.916 0.8000000119
50503  -48.302  -17.992  31.912 0.8999999762
50501  -47.435  -17.333  31.487 0.6999999881
49510  -49.169  -18.566  31.488 0.6999999881
50510  -48.327  -17.831  31.106 0.6999999881
51530  -47.466  -17.173  30.555 0.6999999881
49511  -49.879  -18.852  30.772 0.8000000119
50511  -49.395  -18.012  30.799 0.6999999881
121976  -47.945  -17.048  29.995 0.6000000238
49527  -50.285  -19.180  30.259 0.6000000238
50512  -50.413  -17.951  30.434 0.6000000238
51532  -49.452  -17.277  30.142 0.6000000238
49528  -50.942  -18.599  30.016 0.6000000238
113850  -50.213  -17.032  30.004 0.6000000238
51554  -50.530  -16.166  29.959 0.5000000000
50513  -51.332  -17.986  30.121 0.5000000000
51534  -51.852  -17.176  30.380 0.5000000000
52608  -52.041  -16.275  30.489 0.4000000060
52628  -52.179  -15.372  30.333 0.4000000060
51535  -52.767  -17.045  30.443 0.4000000060
51493  -48.821  -16.693  34.929 0.6000000238
51492  -48.181  -16.258  34.267 0.6000000238
52561  -47.734  -15.227  34.162 0.6000000238
51507  -47.536  -16.007  33.389 0.6999999881
52575  -46.617  -15.176  32.210 0.6999999881
51506  -46.891  -15.944  32.496 0.6999999881
108348  -46.325  -15.932  31.495 0.6999999881
51529  -46.664  -16.692  31.058 0.6999999881
52592  -45.883  -15.348  30.751 0.6999999881
51550  -46.695  -16.554  30.319 0.6999999881
52622  -45.747  -15.348  29.939 0.6000000238
53640  -45.517  -14.626  30.285 0.6000000238
52623  -46.465  -15.962  29.660 0.6000000238
53651  -45.932  -15.113  29.132 0.6000000238
54646  -45.066  -13.682  29.013 0.6000000238
52624  -47.652  -16.012  29.324 0.6000000238
52644  -46.979  -15.357  28.927 0.6999999881
53671  -46.563  -14.567  28.522 0.6999999881
54645  -44.852  -12.964  28.710 0.6999999881
52626  -49.666  -15.453  29.538 0.6000000238
53653  -48.833  -14.971  29.046 0.6000000238
118773  -47.192  -13.975  28.241 0.6000000238
55579  -46.208  -12.680  27.692 0.6000000238
115549  -46.353  -11.893  27.561 0.6000000238
57425  -47.060  -10.631  27.521 0.6000000238
52607  -51.366  -16.470  30.286 0.4000000060
108706  -50.587  -15.116  29.770 0.4000000060
53654  -49.844  -14.473  29.263 0.6000000238
54665  -48.103  -13.668  28.399 0.6000000238
54666  -49.062  -13.291  28.631 0.6000000238
125234  -47.831  -12.497  28.097 0.6000000238
52627  -51.348  -15.657  30.179 0.4000000060
118752  -50.748  -14.358  29.539 0.5000000000
53674  -49.672  -13.718  28.903 0.6999999881
53655  -51.443  -14.780  29.902 0.4000000060
53656  -52.323  -14.517  29.919 0.4000000060
53610  -47.488  -14.248  34.071 0.6999999881
54607  -47.521  -13.434  34.016 0.6000000238
53615  -47.424  -13.870  33.234 0.6000000238
53620  -46.998  -14.383  32.587 0.6000000238
54617  -46.921  -13.647  32.344 0.6999999881
53629  -46.471  -14.488  31.890 0.6999999881
55523  -47.026  -12.724  32.348 0.6999999881
56466  -47.126  -11.897  32.294 0.6999999881
57362  -47.164  -11.074  32.265 0.6999999881
57376  -47.250  -10.299  32.080 0.6000000238
54624  -46.300  -13.927  31.553 0.6999999881
54623  -45.704  -13.726  30.829 0.6999999881
56484  -46.524  -11.478  31.502 0.6999999881
57375  -46.656  -10.659  31.434 0.6999999881
57386  -46.247  -10.244  30.783 0.6000000238
56483  -45.691  -11.960  30.720 0.6999999881
57374  -45.989  -10.952  30.737 0.6000000238
114559  -44.858  -13.014  29.385 0.6999999881
111629  -44.970  -12.130  29.718 0.6000000238
57385  -45.676  -10.262  30.052 0.6000000238
58297  -46.252  -9.483  30.411 0.6000000238
55566  -44.701  -12.311  28.876 0.6000000238
57394  -45.166  -10.417  29.023 0.6000000238
54663  -45.353  -13.228  28.201 0.6000000238
56521  -45.223  -11.697  27.834 0.6000000238
55492  -47.498  -12.778  34.111 0.5000000000
54611  -47.459  -13.011  33.235 0.6999999881
123463  -47.268  -9.654  31.843 0.6000000238
58304  -45.712  -9.560  29.371 0.6000000238
58318  -45.624  -9.663  28.438 0.6000000238
59154  -46.982  -9.196  31.194 0.6000000238
59173  -45.959  -8.917  28.723 0.6000000238
41015  -23.665  -27.225  55.732 0.3000000119
54647  -50.444  -13.690  29.187 0.5000000000
54648  -51.465  -13.795  29.469 0.4000000060
55582  -49.275  -12.461  28.537 0.6000000238
56541  -47.805  -11.150  27.804 0.6000000238
55581  -48.341  -12.818  28.337 0.6000000238
56542  -48.789  -11.187  28.148 0.6000000238
57423  -45.569  -10.791  27.773 0.6000000238
129200  -47.667  -10.348  27.639 0.6000000238
58338  -47.468  -8.921  27.518 0.6000000238
59165  -46.702  -8.511  30.361 0.6000000238
59197  -47.045  -8.180  27.616 0.6000000238
125160  -47.298  -8.565  31.251 0.5000000000
34880  -10.100  -34.679  57.847 0.1000000015
34057  -10.908  -35.235  54.203 0.1000000015
108727  -9.893  -34.672  54.936 0.1000000015
34893  -10.422  -34.818  55.528 0.1000000015
35739  -9.429  -34.237  57.799 0.1000000015
35746  -9.220  -33.999  56.706 0.1000000015
35745  -8.235  -33.767  56.238 0.1000000015
35737  -7.598  -33.396  57.940 0.1000000015
34899  -8.409  -34.066  54.342 0.1000000015
34901  -10.215  -34.813  54.137 0.1000000015
34067  -10.523  -34.891  52.546 0.1000000015
34923  -10.746  -34.715  50.974 0.1000000015
34929  -10.946  -34.630  50.158 0.1000000015
34938  -11.076  -34.476  49.336 0.1000000015
34948  -10.581  -33.831  48.902 0.1000000015
110721  -5.780  -29.703  58.704 0.2000000030
39190  -6.899  -29.571  58.679 0.3000000119
35736  -6.838  -33.155  57.088 0.2000000030
36616  -6.142  -32.412  55.276 0.2000000030
34909  -8.677  -34.092  53.508 0.1000000015
35763  -7.715  -33.659  53.687 0.2000000030
34915  -8.136  -33.743  52.977 0.1000000015
35770  -7.806  -32.976  52.123 0.3000000119
35783  -8.712  -33.057  50.838 0.1000000015
36644  -8.911  -32.645  50.356 0.3000000119
35792  -10.011  -33.372  49.290 0.1000000015
35796  -9.855  -32.614  48.955 0.2000000030
36659  -10.107  -32.105  48.282 0.2000000030
35818  -10.939  -33.234  46.481 0.2000000030
35866  -19.924  -33.529  43.436 0.2000000030
37459  -6.059  -31.315  55.964 0.2000000030
38334  -6.682  -31.055  55.339 0.2000000030
38335  -7.474  -30.570  55.550 0.3000000119
35754  -6.451  -32.905  54.754 0.2000000030
35755  -6.968  -33.384  54.305 0.2000000030
36619  -6.379  -32.315  54.672 0.2000000030
38355  -6.832  -31.338  54.618 0.2000000030
37473  -6.588  -31.927  54.280 0.3000000119
108319  -7.967  -30.554  54.949 0.3000000119
38356  -7.511  -30.919  54.329 0.2000000030
36627  -7.164  -32.558  53.298 0.3000000119
106505  -7.558  -33.195  52.878 0.2000000030
37489  -7.408  -31.788  53.069 0.3000000119
38371  -7.880  -30.977  53.483 0.2000000030
36631  -7.564  -32.467  52.542 0.3000000119
37502  -7.775  -31.875  52.305 0.3000000119
37531  -8.909  -32.053  50.304 0.3000000119
38383  -8.668  -31.034  52.120 0.3000000119
36651  -9.331  -32.311  49.694 0.3000000119
37577  -10.703  -31.714  46.911 0.3000000119
37569  -10.512  -31.589  47.777 0.3000000119
36672  -11.185  -32.311  45.420 0.2000000030
35863  -12.276  -32.617  43.491 0.1000000015
36694  -12.577  -31.794  43.473 0.3000000119
36715  -13.136  -32.088  42.550 0.1000000015
35888  -13.106  -32.679  42.332 0.1000000015
37649  -14.689  -32.024  40.634 0.1000000015
107943  -16.864  -31.670  39.597 0.1000000015
36777  -17.517  -31.926  39.474 0.1000000015
36779  -19.344  -32.079  39.519 0.2000000030
39193  -9.456  -29.264  58.709 0.3000000119
41029  -25.564  -26.876  54.660 0.8000000119
41937  -26.261  -26.590  54.438 0.8000000119
40131  -25.592  -27.711  53.989 0.6999999881
41938  -27.007  -26.303  54.195 0.8000000119
107663  -10.074  -30.482  52.749 0.4000000060
38395  -9.610  -30.914  51.040 0.4000000060
40151  -26.188  -27.906  52.808 0.8000000119
38418  -10.387  -30.935  49.643 0.4000000060
37558  -10.188  -31.583  48.545 0.3000000119
38443  -10.948  -31.001  47.962 0.3000000119
37570  -10.910  -31.266  47.264 0.3000000119
41070  -28.921  -27.369  51.893 0.8999999762
38444  -11.470  -30.923  47.261 0.3000000119
41965  -29.664  -26.850  52.291 1.0000000000
37592  -12.594  -31.238  44.230 0.3000000119
126602  -29.069  -27.577  50.086 0.8999999762
36695  -12.991  -31.810  42.986 0.3000000119
117354  -30.456  -27.445  50.775 1.0000000000
36775  -15.821  -32.545  39.571 0.1000000015
37650  -15.584  -31.791  40.102 0.1000000015
113452  -16.339  -31.461  39.929 0.1000000015
36717  -23.259  -32.634  42.638 0.2000000030
35892  -21.659  -33.226  43.053 0.2000000030
110347  -20.386  -32.607  40.374 0.2000000030
41122  -32.283  -27.724  47.756 1.0000000000
40128  -23.549  -28.190  54.828 0.5000000000
126333  -10.248  -30.343  55.350 0.4000000060
40121  -24.535  -27.670  54.718 0.6999999881
117719  -25.031  -25.057  55.001 0.3000000119
43824  -25.484  -24.449  54.784 0.3000000119
45735  -26.916  -22.696  53.927 0.2000000030
44797  -27.264  -23.470  54.457 0.4000000060
44796  -26.471  -23.678  54.567 0.2000000030
38386  -11.410  -30.666  52.514 0.4000000060
38374  -11.126  -30.542  53.873 0.4000000060
42889  -28.034  -25.184  54.104 0.8000000119
44782  -27.406  -23.996  54.618 0.4000000060
38410  -11.150  -30.656  50.780 0.4000000060
43825  -28.118  -24.283  54.481 0.8000000119
38419  -11.195  -30.729  49.369 0.4000000060
43833  -29.181  -24.781  53.452 0.8000000119
38430  -11.940  -30.745  48.136 0.4000000060
38462  -12.445  -30.797  45.955 0.4000000060
124111  -27.643  -27.662  49.899 0.8999999762
42900  -30.221  -25.618  52.511 1.0000000000
111047  -13.970  -31.208  43.677 0.5000000000
41980  -32.483  -26.872  51.183 1.0000000000
124062  -14.747  -31.386  41.951 0.2000000030
38519  -17.849  -30.800  39.797 0.1000000015
37681  -18.181  -31.343  39.528 0.1000000015
36764  -21.191  -32.376  40.355 0.2000000030
111982  -19.868  -31.530  39.398 0.1000000015
37652  -20.995  -31.903  39.701 0.2000000030
36739  -21.519  -32.669  41.102 0.2000000030
37631  -22.719  -32.297  40.927 0.2000000030
40217  -33.065  -27.965  46.425 1.0000000000
40201  -33.219  -27.629  46.964 1.0000000000
38323  -12.230  -30.266  56.689 0.6000000238
38339  -11.800  -30.598  55.734 0.6000000238
39249  -23.298  -28.769  54.047 0.5000000000
40129  -24.122  -28.208  54.501 0.6000000238
40139  -24.509  -28.370  54.004 0.6999999881
39250  -24.034  -28.622  53.743 0.6999999881
39256  -24.122  -28.611  53.014 0.8000000119
43815  -24.277  -25.271  55.153 0.2000000030
44795  -25.849  -23.826  54.634 0.3000000119
110613  -26.182  -23.407  54.348 0.2000000030
38397  -11.514  -30.694  51.698 0.4000000060
38398  -12.541  -30.976  51.642 0.5000000000
40158  -24.827  -28.402  52.655 0.8000000119
38411  -12.515  -31.025  50.346 0.5000000000
37505  -13.226  -31.042  52.295 0.6000000238
108511  -24.809  -28.457  51.710 0.8000000119
112870  -25.968  -28.015  50.181 0.8999999762
38456  -12.629  -30.740  46.665 0.4000000060
38446  -13.275  -30.929  47.215 0.4000000060
41092  -27.192  -27.754  48.999 0.8999999762
37651  -16.979  -31.008  40.075 0.1000000015
116469  -20.166  -30.319  39.490 0.1000000015
36697  -24.587  -32.374  43.512 0.2000000030
36718  -24.660  -32.084  42.575 0.2000000030
37685  -22.302  -31.078  39.426 0.1000000015
41160  -34.309  -27.119  42.344 0.8000000119
41163  -34.461  -26.996  41.294 0.6000000238
41164  -34.922  -27.335  40.622 0.6000000238
42104  -33.441  -26.428  40.422 0.5000000000
41176  -34.362  -27.091  39.507 0.4000000060
41188  -34.766  -27.612  39.320 0.3000000119
42126  -33.480  -26.895  39.018 0.4000000060
42113  -32.992  -26.547  39.508 0.5000000000
41187  -33.748  -27.470  38.666 0.4000000060
42136  -30.805  -26.792  37.403 0.4000000060
39229  -22.337  -28.679  55.131 0.4000000060
41900  -22.347  -26.888  56.265 0.2000000030
37464  -13.295  -30.839  55.152 0.6999999881
110161  -22.005  -29.535  52.221 0.6999999881
39263  -23.455  -28.880  52.441 0.6999999881
42867  -23.397  -26.226  55.748 0.2000000030
39273  -23.343  -29.148  50.923 0.8000000119
124883  -23.552  -28.967  51.659 0.8000000119
42897  -23.348  -25.099  54.058 0.2000000030
114708  -26.309  -23.063  53.745 0.2000000030
40170  -24.658  -28.565  50.747 0.8000000119
126030  -29.333  -21.347  53.913 0.8000000119
128564  -24.480  -28.713  49.938 0.8000000119
38431  -13.095  -31.022  48.050 0.4000000060
40187  -25.577  -28.285  48.713 0.8999999762
109554  -14.064  -31.182  45.186 0.5000000000
37580  -14.691  -31.569  46.707 0.5000000000
37598  -14.692  -31.359  43.520 0.6000000238
37595  -15.577  -31.599  44.817 0.5000000000
38496  -17.570  -30.474  40.578 0.1000000015
38498  -19.181  -29.967  40.096 0.1000000015
38525  -22.862  -30.542  39.395 0.1000000015
37656  -25.405  -31.371  40.360 0.2000000030
110035  -31.101  -25.764  42.048 0.8999999762
38327  -15.528  -29.670  55.960 0.6000000238
41013  -22.166  -27.496  56.353 0.2000000030
37465  -14.132  -30.676  55.210 0.6999999881
37507  -14.963  -30.964  52.341 0.6999999881
37477  -13.946  -30.830  54.407 0.6999999881
109965  -21.190  -29.702  53.490 0.6000000238
42866  -22.809  -26.466  55.988 0.2000000030
39261  -21.953  -29.680  51.270 0.6999999881
47449  -28.591  -19.961  53.421 0.4000000060
42914  -22.607  -25.833  51.731 0.2000000030
44826  -26.410  -23.071  52.762 0.2000000030
122307  -22.235  -29.618  48.971 0.8000000119
118376  -14.700  -31.569  48.346 0.5000000000
39290  -22.549  -29.419  48.389 0.8000000119
45737  -31.150  -22.301  53.488 0.8999999762
37581  -15.377  -31.755  46.788 0.5000000000
40211  -24.982  -28.614  46.407 0.8999999762
45756  -32.685  -22.693  52.431 1.0000000000
126733  -28.842  -28.433  44.857 0.8999999762
40240  -28.387  -28.451  44.369 0.8999999762
43872  -33.589  -25.367  49.690 1.0000000000
127783  -24.505  -30.319  39.439 0.1000000015
126178  -26.976  -31.526  40.397 0.2000000030
37657  -26.352  -31.312  40.192 0.3000000119
122145  -31.538  -28.883  42.926 0.8999999762
39342  -30.984  -29.295  41.130 0.6000000238
38342  -15.290  -30.172  55.507 0.6000000238
38347  -20.393  -29.481  54.928 0.5000000000
38346  -19.624  -29.457  55.134 0.5000000000
107987  -15.226  -30.719  53.880 0.6999999881
38376  -20.155  -30.096  53.805 0.5000000000
107288  -15.096  -30.837  53.096 0.8000000119
37493  -15.713  -30.836  53.308 0.8000000119
107287  -16.120  -31.008  52.768 0.6999999881
37494  -16.366  -30.813  53.528 0.6000000238
109702  -19.780  -30.276  53.194 0.6000000238
41882  -21.130  -27.143  56.070 0.2000000030
37508  -15.527  -30.953  52.562 0.8000000119
37535  -15.645  -31.252  50.672 0.6999999881
124512  -20.708  -30.097  50.577 0.8000000119
108571  -21.882  -25.812  54.600 0.2000000030
38424  -20.813  -30.093  49.663 0.8000000119
44840  -27.265  -22.876  51.204 0.1000000015
37549  -15.331  -31.459  49.366 0.6999999881
49314  -28.603  -18.732  53.314 0.4000000060
43857  -23.901  -25.053  51.030 0.2000000030
43871  -26.795  -23.832  49.420 0.1000000015
123466  -22.235  -29.513  47.782 0.8000000119
127022  -30.028  -19.351  53.688 0.8000000119
107810  -16.233  -31.359  44.090 0.6000000238
39316  -22.663  -29.324  45.425 0.6999999881
43851  -33.633  -24.598  50.981 1.0000000000
117490  -24.424  -28.802  45.799 0.6999999881
40226  -25.925  -28.308  46.074 0.8999999762
44842  -33.533  -23.646  51.195 1.0000000000
47458  -32.565  -20.605  52.119 1.0000000000
38475  -18.219  -30.113  42.591 0.3000000119
107286  -25.983  -28.335  45.157 0.8999999762
44851  -33.473  -24.068  50.584 1.0000000000
106610  -26.732  -28.258  44.950 0.8999999762
107735  -27.769  -28.470  43.049 0.8000000119
44891  -32.730  -24.649  48.231 1.0000000000
124202  -28.005  -28.967  40.762 0.6000000238
37688  -25.575  -31.008  39.782 0.2000000030
37690  -27.239  -31.223  39.954 0.3000000119
120073  -27.208  -31.937  41.462 0.2000000030
37636  -28.432  -31.966  40.673 0.2000000030
38343  -16.162  -29.939  55.508 0.6000000238
37466  -16.027  -30.380  54.884 0.6000000238
37480  -16.584  -30.558  54.302 0.6000000238
38344  -17.565  -29.922  55.071 0.5000000000
38362  -18.081  -30.145  54.584 0.6000000238
38345  -18.242  -29.720  55.078 0.5000000000
38363  -18.866  -29.819  54.778 0.5000000000
39207  -19.033  -28.664  55.648 0.4000000060
37482  -17.799  -30.546  53.922 0.6000000238
37511  -18.872  -30.466  53.132 0.6000000238
37509  -17.183  -30.956  52.465 0.8000000119
38422  -19.152  -30.415  49.554 0.8000000119
42904  -21.532  -26.168  52.700 0.2000000030
45804  -27.502  -22.600  49.895 0.1000000015
37575  -16.818  -31.336  47.220 0.6999999881
37590  -17.381  -31.261  45.539 0.6000000238
38458  -18.198  -30.914  46.647 0.6999999881
49306  -30.458  -18.736  53.586 0.6999999881
38459  -18.877  -30.738  46.291 0.6999999881
122495  -21.946  -29.538  45.059 0.6999999881
38471  -18.525  -30.261  43.411 0.5000000000
46667  -32.604  -21.793  50.809 1.0000000000
115635  -32.572  -18.909  52.205 0.8999999762
39319  -20.026  -29.902  43.885 0.6000000238
39338  -20.228  -29.400  41.339 0.3000000119
45817  -32.511  -23.419  49.174 1.0000000000
46679  -30.924  -20.992  48.346 1.0000000000
39357  -24.041  -28.993  39.897 0.3000000119
127582  -24.647  -29.308  39.655 0.2000000030
43018  -30.245  -25.174  43.242 0.8999999762
37550  -17.249  -30.894  49.760 0.8000000119
38421  -18.156  -30.568  49.051 0.8000000119
49324  -28.157  -18.315  52.831 0.3000000119
50248  -29.259  -17.640  53.329 0.6999999881
50232  -30.718  -17.842  53.473 0.6999999881
38465  -19.633  -30.450  45.837 0.6999999881
49316  -31.748  -17.943  53.345 0.6999999881
39321  -21.661  -29.536  44.387 0.6999999881
39320  -20.837  -29.742  44.189 0.6999999881
42938  -22.174  -25.709  48.145 0.1000000015
40246  -22.885  -28.830  43.253 0.6999999881
39333  -22.156  -29.047  42.908 0.5000000000
39332  -21.967  -28.919  42.010 0.4000000060
123911  -23.304  -28.561  41.967 0.5000000000
40274  -23.641  -28.511  41.314 0.5000000000
40275  -24.318  -28.423  41.419 0.6000000238
40261  -24.722  -28.357  42.024 0.6000000238
115471  -24.836  -28.742  40.083 0.4000000060
115552  -27.485  -20.456  50.215 0.1000000015
46671  -27.464  -21.906  49.377 0.1000000015
51263  -29.038  -16.998  53.096 0.6000000238
118226  -20.763  -26.600  50.800 0.2000000030
50251  -32.115  -16.980  53.200 0.6999999881
114361  -30.282  -21.333  44.804 0.8999999762
47512  -31.013  -20.093  45.483 1.0000000000
52270  -31.181  -15.595  52.815 0.5000000000
52281  -30.784  -15.124  52.636 0.4000000060
108026  -32.816  -16.632  51.646 1.0000000000
46747  -30.252  -21.338  42.413 0.8000000119
53358  -31.178  -14.606  52.438 0.3000000119
52271  -32.028  -15.600  52.651 0.5000000000
52295  -32.820  -15.219  52.149 0.6000000238
52283  -32.388  -14.928  52.229 0.5000000000
52296  -33.326  -14.850  51.897 0.6000000238
51299  -33.346  -15.843  50.958 0.8000000119
113056  -33.005  -17.831  47.481 1.0000000000
53359  -31.887  -14.409  52.275 0.3000000119
54416  -31.968  -13.847  52.042 0.2000000030
53372  -33.535  -14.221  51.740 0.5000000000
52297  -33.913  -14.610  51.579 0.6000000238
49370  -34.597  -18.445  46.311 0.8999999762
126277  -30.450  -21.141  38.856 0.8000000119
52308  -34.537  -14.492  51.097 0.6000000238
109288  -34.776  -14.931  50.453 0.6000000238
51327  -35.336  -16.341  48.307 0.8999999762
50319  -35.183  -16.860  47.755 0.8999999762
49356  -35.065  -17.913  46.857 1.0000000000
50320  -36.088  -16.768  47.828 0.8999999762
52322  -35.523  -14.957  49.698 0.5000000000
49371  -35.721  -18.363  46.316 0.8999999762
47583  -35.486  -19.756  40.439 0.8999999762
48413  -36.591  -19.300  44.508 0.8999999762
47725  -32.607  -20.639  27.863 0.3000000119
47727  -34.202  -20.504  27.240 0.3000000119
47735  -34.805  -20.663  26.837 0.3000000119
47542  -40.472  -20.576  43.573 0.8999999762
47540  -38.023  -20.029  43.554 0.8999999762
108383  -37.633  -20.154  42.777 0.8999999762
106949  -38.395  -20.373  42.908 0.8999999762
47584  -36.529  -19.969  40.407 0.8999999762
48496  -36.938  -19.393  36.638 0.6999999881
48513  -37.420  -19.088  35.990 0.6999999881
107419  -38.026  -18.740  35.434 0.6999999881
48651  -39.435  -19.962  25.659 0.3000000119
47728  -34.901  -20.179  27.102 0.3000000119
48417  -42.793  -19.279  44.211 0.6999999881
47544  -41.867  -20.285  43.273 0.6999999881
47576  -41.718  -20.387  42.301 0.6999999881
123030  -35.817  -19.855  37.239 0.6999999881
124856  -35.338  -19.907  35.687 0.6999999881
47645  -35.929  -19.613  35.763 0.6999999881
49442  -40.007  -18.531  36.901 0.6999999881
49452  -39.754  -18.388  36.009 0.6999999881
48536  -36.825  -19.114  34.461 0.6999999881
111674  -37.346  -18.881  34.369 0.6999999881
48527  -37.917  -18.679  34.618 0.6999999881
49465  -38.691  -18.478  34.872 0.6999999881
49467  -40.540  -18.052  35.279 0.6999999881
48538  -37.776  -18.680  33.900 0.6999999881
49477  -40.258  -17.936  34.420 0.6999999881
48546  -34.943  -19.829  32.046 0.5000000000
115210  -40.783  -17.851  33.656 0.6999999881
49497  -39.750  -17.964  31.669 0.6999999881
107486  -39.167  -18.256  30.135 0.6000000238
112993  -35.316  -19.409  28.883 0.3000000119
48652  -40.297  -19.780  25.726 0.3000000119
47750  -40.802  -19.980  24.984 0.3000000119
106653  -38.137  -19.400  26.434 0.3000000119
48644  -41.405  -19.355  26.625 0.3000000119
48654  -42.160  -19.130  25.249 0.3000000119
114597  -43.182  -19.915  24.473 0.3000000119
47545  -42.771  -19.919  43.044 0.8000000119
49399  -44.834  -18.472  42.992 0.6000000238
120106  -42.077  -19.891  41.403 0.6999999881
116052  -35.616  -19.503  32.427 0.5000000000
48548  -37.035  -18.749  32.415 0.6999999881
109174  -35.892  -19.281  30.970 0.4000000060
49506  -38.313  -18.293  30.377 0.6000000238
49517  -36.778  -18.726  29.921 0.3000000119
49518  -37.630  -18.481  29.604 0.3000000119
49533  -36.908  -18.693  29.141 0.3000000119
111788  -38.094  -18.493  28.940 0.3000000119
49535  -38.772  -18.556  28.823 0.3000000119
48612  -39.081  -18.812  28.085 0.3000000119
49521  -40.758  -18.737  29.720 0.5000000000
48629  -39.441  -19.170  27.357 0.3000000119
48613  -39.980  -19.045  28.190 0.3000000119
124200  -42.850  -18.710  24.979 0.3000000119
48661  -43.951  -19.260  24.451 0.3000000119
49571  -42.689  -18.605  25.680 0.3000000119
129049  -43.441  -18.427  24.848 0.3000000119
50580  -43.896  -17.942  24.975 0.3000000119
117924  -45.194  -19.439  40.401 0.6999999881
49469  -42.396  -18.215  35.579 0.6999999881
123143  -41.687  -18.082  33.405 0.6999999881
122955  -41.612  -18.462  31.693 0.6999999881
49509  -41.383  -18.867  30.118 0.5000000000
50550  -44.498  -17.535  26.083 0.4000000060
48460  -45.456  -19.491  39.669 0.6999999881
48461  -46.246  -19.345  39.356 0.6000000238
48488  -43.776  -19.235  37.812 0.8000000119
109923  -44.519  -19.404  37.612 0.8999999762
110373  -44.352  -19.446  38.272 0.8999999762
123404  -44.691  -19.341  36.955 0.8999999762
48528  -43.204  -18.558  35.114 0.6999999881
48561  -42.226  -18.779  31.455 0.6999999881
49552  -42.864  -18.798  27.683 0.3000000119
110059  -47.157  -19.440  37.207 0.8999999762
50418  -48.528  -17.774  38.189 0.6999999881
48530  -44.560  -19.368  34.292 0.8000000119
49445  -48.977  -18.758  36.725 0.8000000119
48531  -45.999  -19.767  34.598 0.8999999762
48551  -44.460  -19.523  32.690 0.6999999881
49538  -43.679  -18.603  28.124 0.4000000060
47646  -47.636  -19.860  35.051 1.0000000000
48505  -49.349  -19.094  35.981 0.8999999762
48520  -49.150  -19.594  35.395 0.8999999762
50445  -49.459  -17.731  36.472 0.6999999881
124402  -46.881  -19.975  34.565 0.8999999762
127605  -45.819  -19.928  33.439 0.8999999762
47647  -48.676  -19.983  34.823 0.8999999762
47667  -48.290  -20.386  33.512 1.0000000000
48533  -49.751  -19.504  34.492 0.8000000119
48552  -45.422  -19.830  32.417 0.6999999881
109311  -44.124  -19.466  31.305 0.6999999881
47689  -47.055  -20.159  31.881 1.0000000000
48580  -45.813  -19.648  30.954 0.6999999881
48566  -47.395  -19.978  31.369 1.0000000000
48617  -44.458  -19.137  29.604 0.4000000060
49522  -45.447  -18.969  29.463 0.5000000000
49523  -46.532  -18.985  29.452 0.6000000238
49524  -47.380  -19.156  29.526 0.6000000238
120611  -47.932  -19.059  29.328 0.6000000238
50537  -46.704  -17.347  27.070 0.4000000060
125647  -48.272  -17.929  28.139 0.5000000000
50479  -49.520  -17.907  35.604 0.6000000238
115407  -49.724  -18.843  35.223 0.6999999881
50526  -50.557  -18.393  29.042 0.5000000000
51533  -51.007  -17.169  30.167 0.5000000000
51481  -48.940  -16.430  35.680 0.5000000000
50502  -47.599  -17.370  32.326 0.8000000119
51531  -48.529  -17.381  30.333 0.6999999881
51551  -47.394  -16.631  29.844 0.6000000238
51552  -48.465  -16.677  29.728 0.6000000238
51553  -49.507  -16.392  29.746 0.6000000238
52625  -48.697  -15.788  29.376 0.4000000060
52609  -52.754  -16.042  30.532 0.4000000060
52576  -47.343  -14.863  33.193 0.6000000238
124479  -46.167  -15.147  31.490 0.6999999881
52606  -46.135  -16.034  30.528 0.6999999881
53628  -45.930  -14.577  31.133 0.6999999881
55553  -45.277  -12.932  30.273 0.6000000238
53650  -45.463  -14.489  29.470 0.6000000238
53670  -45.632  -14.222  28.670 0.6000000238
53652  -47.987  -15.391  28.945 0.6000000238
53672  -47.788  -14.625  28.595 0.6999999881
54664  -46.317  -13.706  28.054 0.6000000238
53673  -48.914  -14.135  28.747 0.6999999881
55580  -47.309  -13.094  28.014 0.6000000238
56539  -45.919  -11.362  27.554 0.6000000238
55599  -47.244  -12.101  27.783 0.6000000238
117435  -46.943  -9.837  27.504 0.6000000238
58336  -45.942  -9.851  27.714 0.6000000238
56522  -48.405  -11.970  28.197 0.6999999881
115046  -46.382  -13.196  31.627 0.6999999881
55540  -46.452  -12.342  31.590 0.6999999881
55539  -45.884  -12.829  31.022 0.6999999881
56500  -45.236  -11.149  29.915 0.6000000238
118947  -45.415  -10.326  28.196 0.6000000238
59186  -46.400  -8.463  28.161 0.6000000238
58305  -46.158  -8.891  29.607 0.6000000238
56523  -49.458  -11.619  28.442 0.6999999881
30765  -21.569  -39.752  43.181 0.1000000015
30777  -21.127  -39.598  42.442 0.1000000015
31648  -21.419  -38.829  43.039 0.1000000015
26037  -19.847  -45.185  45.450 0.1000000015
28423  -21.083  -42.038  43.736 0.1000000015
25099  -19.354  -46.524  45.400 0.1000000015
29158  -20.745  -41.713  42.945 0.1000000015
24238  -19.259  -47.201  45.635 0.1000000015
29935  -21.538  -40.526  43.333 0.1000000015
29174  -21.062  -40.935  42.727 0.1000000015
25115  -18.656  -46.603  44.273 0.1000000015
111762  -21.543  -38.443  43.862 0.1000000015
26850  -19.986  -44.559  44.926 0.1000000015
27644  -20.160  -43.910  44.374 0.1000000015
26025  -19.794  -45.948  45.980 0.1000000015
27645  -20.771  -43.238  44.673 0.1000000015
26024  -19.470  -45.803  45.115 0.1000000015
28407  -20.821  -42.697  43.982 0.1000000015
25116  -19.059  -46.285  44.701 0.1000000015
24248  -18.890  -47.061  44.872 0.1000000015
32529  -21.198  -37.896  43.523 0.1000000015
32522  -21.398  -37.741  44.383 0.1000000015
26036  -19.532  -45.172  44.673 0.1000000015
27662  -20.291  -43.227  43.761 0.1000000015
26046  -19.060  -45.223  43.881 0.1000000015
125576  -19.182  -45.702  44.492 0.1000000015
26045  -18.330  -45.636  43.249 0.1000000015
26035  -18.733  -45.985  44.059 0.1000000015
32521  -20.725  -36.926  44.167 0.1000000015
125558  -20.356  -36.357  45.063 0.1000000015
26849  -19.611  -44.535  44.142 0.1000000015
27643  -19.675  -43.832  43.565 0.1000000015
26860  -19.128  -44.447  43.412 0.1000000015
27661  -19.698  -43.047  42.914 0.1000000015
126039  -18.658  -44.927  43.209 0.1000000015
26056  -18.096  -44.925  42.728 0.1000000015
125380  -17.348  -44.860  42.464 0.1000000015
26867  -19.090  -43.759  42.912 0.1000000015
26866  -18.548  -44.323  42.847 0.1000000015
27677  -18.389  -43.617  42.538 0.1000000015
28438  -19.970  -42.126  42.628 0.1000000015
29949  -20.617  -40.363  42.188 0.1000000015
26054  -16.845  -45.767  42.494 0.1000000015
32528  -20.669  -37.345  43.079 0.1000000015
115479  -19.897  -35.669  45.398 0.1000000015
28436  -17.733  -42.404  42.456 0.1000000015
107161  -18.401  -42.867  42.419 0.1000000015
124390  -18.982  -43.184  42.564 0.1000000015
28437  -18.600  -42.056  42.355 0.1000000015
107899  -19.191  -42.514  42.465 0.1000000015
29172  -19.394  -41.668  42.282 0.1000000015
26865  -17.826  -44.194  42.483 0.1000000015
29173  -20.216  -41.206  42.318 0.1000000015
108915  -17.134  -44.133  42.360 0.1000000015
27676  -17.517  -43.361  42.385 0.1000000015
27675  -16.576  -43.645  42.452 0.1000000015
26864  -16.497  -44.638  42.437 0.1000000015
125094  -21.005  -38.159  42.732 0.1000000015
26863  -15.795  -44.751  42.795 0.1000000015
33346  -20.040  -36.482  43.574 0.1000000015
34161  -19.338  -35.188  44.799 0.1000000015
34144  -19.416  -34.760  45.026 0.1000000015
35832  -20.185  -34.140  45.119 0.1000000015
108129  -21.933  -33.850  44.922 0.1000000015
35846  -22.691  -33.460  44.230 0.1000000015
36696  -23.547  -32.785  43.392 0.1000000015
36683  -24.761  -32.660  44.373 0.1000000015
36698  -25.370  -32.226  43.977 0.1000000015
37602  -26.871  -31.965  43.028 0.1000000015
122036  -17.995  -41.537  42.533 0.1000000015
29171  -18.759  -41.255  42.221 0.1000000015
28435  -16.789  -42.735  42.560 0.1000000015
127264  -20.099  -40.681  41.940 0.1000000015
29960  -19.999  -40.203  41.678 0.1000000015
27674  -15.844  -43.983  42.756 0.1000000015
31647  -20.940  -38.772  42.157 0.1000000015
30776  -20.505  -39.537  41.813 0.1000000015
109741  -16.087  -45.324  42.596 0.1000000015
33345  -19.309  -35.651  43.926 0.1000000015
34997  -19.103  -34.612  44.510 0.1000000015
34998  -19.390  -34.267  44.654 0.1000000015
34982  -19.823  -34.658  45.453 0.1000000015
35845  -20.932  -33.762  44.591 0.1000000015
35844  -19.979  -33.729  44.336 0.1000000015
35867  -21.813  -33.504  43.970 0.1000000015
35869  -23.290  -33.118  43.886 0.1000000015
36686  -27.374  -32.361  44.831 0.1000000015
36700  -27.584  -32.249  43.819 0.1000000015
36720  -27.808  -32.246  42.762 0.1000000015
36701  -28.465  -32.528  43.510 0.1000000015
36688  -29.151  -32.814  44.252 0.1000000015
36678  -29.024  -32.823  45.435 0.1000000015
36702  -29.341  -32.841  43.214 0.1000000015
28421  -17.099  -41.807  42.851 0.1000000015
29156  -16.637  -41.344  43.797 0.1000000015
29157  -17.351  -40.978  43.218 0.1000000015
28420  -16.287  -42.237  43.272 0.1000000015
28406  -16.031  -41.922  44.327 0.1000000015
29170  -18.070  -40.813  42.613 0.1000000015
27660  -15.969  -43.143  42.887 0.1000000015
29947  -18.680  -40.567  42.006 0.1000000015
28419  -15.748  -42.808  43.838 0.1000000015
29948  -19.513  -40.820  41.933 0.1000000015
27659  -15.588  -43.692  43.526 0.1000000015
116512  -19.564  -36.145  43.070 0.1000000015
34174  -18.869  -34.847  43.976 0.1000000015
108493  -20.847  -33.499  43.715 0.1000000015
35837  -30.741  -33.248  45.359 0.1000000015
37616  -26.517  -31.813  41.937 0.1000000015
37617  -27.280  -32.028  42.164 0.1000000015
35870  -29.998  -33.111  43.935 0.1000000015
35849  -29.911  -33.059  44.899 0.1000000015
37635  -26.749  -31.703  40.934 0.1000000015
36742  -27.986  -32.177  41.635 0.1000000015
36721  -28.691  -32.532  42.445 0.1000000015
121663  -29.589  -32.800  42.220 0.1000000015
36722  -30.446  -32.985  42.100 0.1000000015
29143  -16.704  -40.552  44.263 0.1000000015
29142  -16.287  -41.093  44.836 0.1000000015
125000  -15.878  -40.455  46.117 0.1000000015
29130  -16.007  -40.876  45.695 0.1000000015
29934  -17.308  -40.407  43.308 0.1000000015
29933  -16.803  -40.104  44.124 0.1000000015
28392  -15.853  -41.719  45.340 0.1000000015
29946  -17.979  -40.268  42.563 0.1000000015
29959  -19.250  -40.074  41.621 0.1000000015
31661  -20.299  -38.703  41.534 0.1000000015
30788  -19.777  -39.435  41.411 0.1000000015
32534  -19.899  -37.216  41.674 0.1000000015
32535  -20.568  -37.836  42.041 0.1000000015
33360  -20.129  -36.856  42.561 0.1000000015
35014  -18.824  -34.159  43.868 0.1000000015
35015  -19.250  -33.780  43.991 0.1000000015
35850  -30.549  -33.211  44.539 0.1000000015
128981  -31.183  -33.340  44.824 0.1000000015
35839  -32.856  -33.588  45.791 0.1000000015
35871  -30.997  -33.282  43.827 0.1000000015
111510  -33.795  -33.520  45.665 0.1000000015
35841  -34.784  -33.900  46.052 0.1000000015
36703  -30.186  -33.092  43.000 0.1000000015
112464  -33.715  -33.136  44.729 0.1000000015
35875  -34.761  -32.794  44.794 0.1000000015
36743  -29.003  -32.415  41.416 0.1000000015
113592  -30.870  -33.188  42.820 0.1000000015
35894  -32.152  -33.205  42.921 0.1000000015
35874  -33.736  -32.832  43.749 0.1000000015
36745  -30.854  -32.633  41.287 0.1000000015
35895  -32.995  -32.969  42.817 0.1000000015
36724  -32.325  -32.881  42.052 0.1000000015
109723  -33.082  -32.645  42.022 0.1000000015
30746  -15.448  -39.349  47.513 0.1000000015
30741  -15.420  -39.475  48.281 0.1000000015
108930  -15.551  -39.985  47.553 0.1000000015
30751  -15.864  -39.958  46.196 0.1000000015
29910  -16.126  -40.270  45.581 0.1000000015
29920  -16.455  -40.139  44.938 0.1000000015
108554  -15.581  -40.959  47.039 0.1000000015
113736  -15.658  -40.383  46.800 0.1000000015
30759  -16.455  -39.751  44.712 0.1000000015
29904  -15.728  -40.943  46.452 0.1000000015
27628  -15.354  -43.352  45.471 0.1000000015
28405  -15.637  -42.609  44.902 0.1000000015
29129  -15.681  -41.651  46.202 0.1000000015
30774  -17.742  -39.748  42.338 0.1000000015
27642  -15.472  -43.478  44.509 0.1000000015
30786  -18.083  -39.282  41.513 0.1000000015
30775  -18.469  -39.917  41.832 0.1000000015
26859  -15.546  -44.533  43.344 0.1000000015
32543  -20.019  -37.989  41.361 0.1000000015
34184  -18.969  -35.366  42.977 0.1000000015
34183  -18.657  -34.457  43.120 0.1000000015
35865  -19.120  -33.733  43.189 0.1000000015
35853  -35.380  -33.422  45.539 0.1000000015
36705  -35.516  -32.291  44.365 0.1000000015
36689  -35.933  -32.912  45.092 0.1000000015
35854  -36.073  -33.597  45.260 0.1000000015
36744  -29.938  -32.562  41.301 0.1000000015
36766  -29.424  -31.952  40.514 0.1000000015
36746  -31.770  -32.582  41.278 0.1000000015
36726  -34.908  -31.914  43.329 0.1000000015
37603  -37.182  -31.707  43.878 0.1000000015
36768  -31.289  -32.082  40.607 0.1000000015
36747  -32.678  -32.396  41.310 0.1000000015
36725  -33.845  -32.418  42.731 0.1000000015
37618  -35.457  -31.301  42.880 0.1000000015
113655  -15.260  -38.957  49.026 0.1000000015
29894  -15.531  -40.214  48.311 0.1000000015
29899  -15.552  -40.651  47.576 0.1000000015
30750  -15.572  -39.353  46.722 0.1000000015
29113  -15.480  -41.396  47.569 0.1000000015
29119  -15.522  -41.598  46.915 0.1000000015
30754  -15.790  -39.369  45.946 0.1000000015
30755  -16.165  -39.847  45.447 0.1000000015
28380  -15.369  -42.555  46.751 0.1000000015
31640  -16.214  -39.163  44.266 0.1000000015
31632  -16.047  -39.281  45.156 0.1000000015
30763  -16.707  -39.664  43.810 0.1000000015
28391  -15.517  -42.498  45.860 0.1000000015
30764  -17.348  -40.001  43.240 0.1000000015
31660  -19.451  -38.533  41.098 0.1000000015
33359  -19.474  -36.316  42.206 0.1000000015
125333  -36.539  -33.204  44.922 0.1000000015
111415  -36.630  -33.689  44.907 0.1000000015
36707  -37.366  -32.414  44.071 0.1000000015
37619  -36.710  -31.028  43.352 0.2000000030
36727  -38.106  -31.795  43.112 0.2000000030
35896  -37.593  -32.830  42.843 0.2000000030
36748  -33.549  -32.120  41.591 0.1000000015
36749  -34.416  -31.728  42.196 0.1000000015
37639  -35.994  -30.560  42.505 0.2000000030
37620  -37.694  -30.894  43.386 0.2000000030
37640  -38.255  -30.407  42.400 0.2000000030
37638  -35.237  -30.253  41.579 0.1000000015
38485  -37.609  -29.486  42.321 0.2000000030
38486  -38.113  -29.560  42.149 0.2000000030
29093  -15.364  -41.019  51.989 0.1000000015
29880  -15.431  -40.241  51.565 0.1000000015
108035  -15.345  -39.607  51.185 0.1000000015
30731  -15.296  -39.433  50.541 0.1000000015
29098  -15.445  -41.020  50.120 0.1000000015
29885  -15.485  -40.210  50.750 0.1000000015
29890  -15.497  -39.976  49.898 0.1000000015
31607  -14.869  -38.603  49.656 0.1000000015
31615  -15.167  -38.704  48.231 0.1000000015
28354  -15.255  -41.696  49.134 0.1000000015
30736  -15.471  -39.690  49.073 0.1000000015
119192  -15.232  -39.184  49.774 0.1000000015
29108  -15.496  -41.063  48.320 0.1000000015
31620  -15.277  -38.693  47.307 0.1000000015
31625  -15.418  -38.709  46.462 0.1000000015
31631  -15.575  -38.643  45.573 0.1000000015
31646  -16.346  -39.051  43.314 0.1000000015
31654  -17.246  -39.119  41.914 0.1000000015
31671  -18.071  -37.988  40.656 0.1000000015
31658  -17.627  -38.612  41.162 0.1000000015
33373  -19.234  -36.703  41.315 0.1000000015
34193  -18.792  -35.713  41.858 0.1000000015
116269  -18.463  -34.855  42.365 0.1000000015
35028  -18.665  -33.997  42.988 0.1000000015
35030  -36.993  -33.815  43.107 0.2000000030
35909  -37.227  -32.853  41.571 0.2000000030
35048  -35.596  -34.041  40.555 0.2000000030
36767  -30.400  -32.088  40.590 0.2000000030
36751  -38.109  -31.199  41.501 0.2000000030
36782  -36.530  -32.322  39.742 0.2000000030
35930  -35.952  -33.232  39.906 0.2000000030
36770  -33.122  -31.645  40.793 0.2000000030
37666  -37.816  -30.702  40.517 0.2000000030
36771  -37.384  -31.770  40.435 0.2000000030
39346  -38.001  -29.300  41.448 0.2000000030
38507  -37.853  -29.635  40.693 0.2000000030
30712  -14.925  -39.377  52.927 0.1000000015
30722  -14.757  -38.791  52.013 0.1000000015
31579  -15.039  -38.996  51.212 0.1000000015
31592  -14.554  -38.414  51.250 0.1000000015
127703  -14.252  -37.996  51.029 0.1000000015
119839  -14.940  -38.466  49.004 0.1000000015
31593  -14.896  -38.773  50.449 0.1000000015
32457  -14.585  -38.119  49.369 0.1000000015
32475  -14.741  -38.077  48.607 0.1000000015
32494  -14.881  -38.066  47.779 0.1000000015
32513  -15.106  -38.001  46.072 0.1000000015
32520  -15.215  -37.825  45.059 0.1000000015
31653  -16.509  -38.813  42.387 0.1000000015
31657  -16.760  -38.450  41.500 0.1000000015
31672  -18.845  -37.884  40.734 0.1000000015
32541  -17.170  -37.963  40.763 0.1000000015
33386  -18.827  -37.111  40.741 0.1000000015
32548  -17.658  -37.327  40.345 0.1000000015
33372  -18.549  -36.189  40.967 0.1000000015
34192  -18.186  -35.025  41.412 0.1000000015
35889  -18.341  -34.195  42.135 0.1000000015
35929  -35.748  -32.748  39.178 0.2000000030
129057  -35.363  -33.286  39.201 0.2000000030
38506  -36.303  -29.032  41.566 0.2000000030
37693  -36.452  -31.013  39.338 0.2000000030
39344  -37.177  -29.002  41.825 0.2000000030
39387  -37.267  -29.178  40.182 0.2000000030
38531  -37.252  -30.280  39.876 0.2000000030
39368  -37.553  -28.878  41.011 0.2000000030
31569  -14.440  -38.597  52.831 0.1000000015
32412  -14.069  -38.182  52.605 0.1000000015
32438  -13.857  -37.659  51.327 0.1000000015
31606  -14.473  -38.196  50.283 0.1000000015
32439  -14.091  -37.740  50.494 0.1000000015
32456  -14.218  -37.732  49.709 0.1000000015
32474  -14.351  -37.654  48.917 0.1000000015
33241  -13.952  -37.243  49.213 0.1000000015
33247  -14.093  -37.073  48.406 0.1000000015
112413  -14.601  -37.457  47.321 0.1000000015
32493  -14.492  -37.549  48.143 0.1000000015
32504  -14.688  -37.400  46.495 0.1000000015
33285  -14.287  -36.804  46.778 0.1000000015
111069  -14.875  -37.124  44.919 0.1000000015
32527  -15.370  -37.905  44.071 0.1000000015
33309  -14.466  -36.609  45.190 0.1000000015
110379  -15.481  -37.890  43.009 0.1000000015
32533  -15.958  -38.093  42.060 0.1000000015
128114  -15.513  -37.602  42.295 0.1000000015
32540  -16.307  -37.764  41.053 0.1000000015
33371  -15.387  -36.685  40.950 0.1000000015
32547  -16.745  -37.262  40.342 0.1000000015
33384  -16.357  -36.614  39.865 0.1000000015
111622  -17.333  -36.392  39.889 0.1000000015
34227  -17.006  -35.658  39.522 0.1000000015
34206  -17.455  -35.351  39.896 0.1000000015
35045  -17.432  -34.447  39.926 0.1000000015
35037  -18.102  -34.299  41.219 0.1000000015
35906  -18.386  -33.858  41.150 0.1000000015
49415  -46.517  -18.296  40.955 0.3000000119
36788  -35.367  -32.534  38.694 0.2000000030
35938  -35.134  -33.075  38.579 0.2000000030
37703  -35.653  -31.739  38.879 0.2000000030
36787  -34.978  -32.382  38.253 0.2000000030
36794  -34.601  -32.816  37.372 0.2000000030
39367  -37.095  -28.411  41.281 0.2000000030
39398  -35.865  -29.443  39.228 0.2000000030
37711  -34.611  -32.167  37.846 0.2000000030
39385  -35.732  -28.290  39.471 0.2000000030
38544  -35.066  -30.338  38.742 0.2000000030
38556  -33.599  -30.813  37.912 0.2000000030
36798  -33.629  -32.478  35.911 0.2000000030
38543  -34.190  -30.001  38.418 0.2000000030
37727  -31.547  -31.780  35.648 0.2000000030
37736  -31.410  -31.896  34.710 0.2000000030
37726  -30.628  -31.430  35.383 0.2000000030
40374  -28.072  -28.688  33.615 0.2000000030
45024  -26.402  -23.657  33.588 0.2000000030
45025  -26.926  -22.984  33.779 0.3000000119
125470  -27.552  -22.561  33.511 0.3000000119
36793  -34.303  -32.654  36.998 0.2000000030
37710  -34.009  -31.833  37.539 0.2000000030
39397  -34.965  -29.123  38.902 0.2000000030
39396  -34.031  -28.753  38.399 0.2000000030
37709  -33.123  -31.469  37.322 0.2000000030
37719  -32.812  -31.857  36.607 0.2000000030
37728  -32.617  -32.098  35.810 0.2000000030
115171  -33.356  -29.688  37.985 0.2000000030
38554  -31.925  -30.069  37.188 0.2000000030
37718  -31.809  -31.529  36.407 0.2000000030
111216  -30.080  -21.637  35.931 0.4000000060
39424  -31.252  -29.669  36.635 0.2000000030
38564  -30.660  -30.334  36.236 0.2000000030
38569  -29.543  -30.357  35.100 0.2000000030
38575  -29.166  -30.533  34.264 0.2000000030
125869  -28.854  -22.118  35.097 0.4000000060
40363  -28.580  -28.716  34.243 0.2000000030
41255  -27.748  -27.821  33.683 0.2000000030
45961  -27.772  -22.478  35.190 0.4000000060
41270  -27.050  -27.506  33.056 0.2000000030
43115  -26.050  -25.354  33.107 0.2000000030
109764  -26.232  -24.194  34.204 0.2000000030
45020  -26.890  -23.004  34.707 0.3000000119
41242  -27.502  -26.959  33.846 0.2000000030
42205  -26.816  -26.542  33.439 0.2000000030
114900  -33.308  -13.496  51.567 0.2000000030
116574  -34.879  -28.166  39.015 0.2000000030
126773  -33.248  -28.735  37.855 0.2000000030
126437  -29.913  -21.594  36.574 0.4000000060
39436  -30.066  -29.818  35.702 0.2000000030
120231  -28.517  -22.192  35.902 0.4000000060
45951  -29.238  -21.849  36.459 0.4000000060
39435  -29.548  -29.266  35.160 0.2000000030
41243  -28.687  -27.925  34.519 0.2000000030
41256  -28.241  -28.110  34.080 0.2000000030
109316  -26.146  -25.010  34.013 0.2000000030
114879  -26.536  -23.505  34.260 0.2000000030
42189  -26.481  -25.754  33.730 0.2000000030
54431  -33.832  -12.957  51.054 0.2000000030
54418  -34.050  -13.576  51.346 0.3000000119
113297  -35.143  -13.312  50.325 0.2000000030
50321  -37.027  -16.737  47.966 0.5000000000
127317  -35.301  -27.875  39.414 0.2000000030
40313  -34.204  -27.944  38.643 0.2000000030
40323  -33.487  -28.071  38.079 0.2000000030
40322  -32.751  -28.295  37.499 0.2000000030
40321  -31.907  -28.780  36.983 0.2000000030
46806  -29.703  -21.576  37.228 0.6000000238
115785  -31.275  -28.720  36.367 0.2000000030
113764  -30.189  -28.764  35.615 0.2000000030
45950  -28.336  -22.237  36.756 0.5000000000
40352  -29.674  -28.239  35.225 0.2000000030
40364  -29.097  -28.598  34.766 0.2000000030
45949  -27.643  -22.652  36.256 0.5000000000
106877  -28.134  -27.374  34.291 0.2000000030
42190  -27.085  -26.184  34.174 0.2000000030
43107  -26.552  -25.476  34.551 0.2000000030
44003  -26.243  -24.717  34.866 0.2000000030
54432  -34.536  -13.081  50.777 0.2000000030
54445  -35.657  -13.041  49.734 0.1000000015
53398  -36.617  -14.114  49.389 0.1000000015
52310  -35.800  -14.257  49.860 0.1000000015
52324  -37.243  -14.738  49.027 0.2000000030
52339  -37.928  -15.240  48.791 0.3000000119
51330  -37.955  -16.038  48.613 0.4000000060
50323  -38.664  -16.739  48.291 0.3000000119
49360  -39.109  -18.256  47.225 0.3000000119
49376  -40.565  -18.464  46.894 0.3000000119
48404  -40.848  -19.580  45.382 0.4000000060
124711  -40.854  -18.758  46.432 0.3000000119
49374  -38.488  -18.491  46.755 0.5000000000
48400  -38.037  -19.298  45.194 0.8000000119
48402  -39.588  -19.609  45.495 0.6000000238
48425  -43.381  -19.362  43.501 0.5000000000
48401  -38.907  -19.392  45.552 0.8000000119
49422  -46.768  -18.574  40.306 0.4000000060
43949  -29.192  -24.596  42.656 0.6999999881
117082  -29.047  -23.165  42.887 0.6999999881
112717  -29.413  -25.530  41.102 0.6000000238
43948  -28.768  -24.247  42.167 0.6999999881
44958  -28.882  -23.382  42.225 0.5000000000
45901  -29.300  -22.487  42.286 0.6000000238
43956  -28.641  -24.721  41.423 0.5000000000
43073  -29.919  -25.987  39.840 0.4000000060
41198  -32.906  -27.606  37.841 0.2000000030
41185  -32.273  -27.171  37.711 0.3000000119
45945  -29.003  -21.860  37.910 0.5000000000
46795  -29.872  -21.391  38.247 0.6000000238
41197  -32.138  -27.805  37.202 0.2000000030
41210  -30.830  -27.540  36.240 0.2000000030
40337  -31.469  -27.995  36.518 0.2000000030
40353  -30.276  -27.820  35.710 0.2000000030
45009  -27.020  -23.332  36.754 0.4000000060
40336  -30.874  -28.264  35.988 0.2000000030
41244  -29.178  -27.791  34.960 0.2000000030
41227  -28.687  -27.098  34.980 0.2000000030
42191  -27.826  -26.635  34.598 0.2000000030
112334  -26.589  -25.284  35.448 0.2000000030
43998  -26.414  -24.406  35.812 0.2000000030
45019  -26.378  -23.805  34.957 0.2000000030
54447  -37.093  -13.767  48.934 0.1000000015
53400  -37.857  -14.215  48.616 0.2000000030
52340  -38.492  -14.881  48.574 0.3000000119
51344  -39.903  -16.683  47.936 0.3000000119
117822  -39.455  -17.756  47.671 0.3000000119
50338  -40.458  -17.028  47.516 0.1000000015
49361  -39.890  -18.280  47.289 0.3000000119
117912  -28.995  -22.915  41.624 0.6000000238
43059  -28.967  -25.675  40.102 0.4000000060
43058  -28.447  -25.113  40.610 0.5000000000
44957  -28.576  -23.674  41.401 0.5000000000
45919  -29.357  -22.300  41.341 0.6000000238
43072  -29.307  -25.984  39.235 0.4000000060
43965  -28.231  -24.326  40.748 0.5000000000
119660  -28.359  -23.497  40.499 0.5000000000
45927  -28.698  -22.735  40.066 0.6000000238
43071  -28.548  -25.652  39.378 0.4000000060
44973  -27.941  -24.057  40.153 0.5000000000
44985  -28.076  -23.405  39.615 0.5000000000
45933  -29.158  -22.037  39.664 0.5000000000
42123  -30.616  -26.455  38.113 0.4000000060
42121  -28.663  -25.911  38.627 0.4000000060
106786  -27.937  -25.734  38.087 0.4000000060
44994  -28.058  -23.027  38.835 0.5000000000
45932  -28.541  -22.547  39.236 0.5000000000
46785  -29.782  -21.487  39.238 0.6000000238
42135  -30.014  -26.507  37.475 0.3000000119
42134  -28.928  -26.210  37.596 0.3000000119
43085  -27.978  -25.926  37.170 0.4000000060
43983  -27.400  -24.609  38.768 0.5000000000
115128  -27.129  -23.937  38.095 0.4000000060
45939  -29.072  -21.873  38.791 0.5000000000
41196  -31.362  -27.322  37.063 0.3000000119
126881  -29.594  -26.559  36.842 0.3000000119
42150  -28.803  -26.384  36.527 0.3000000119
45937  -27.697  -23.055  38.077 0.5000000000
41209  -30.202  -27.238  36.009 0.3000000119
42151  -29.644  -26.828  36.161 0.3000000119
45943  -27.610  -22.758  37.169 0.5000000000
45944  -28.287  -22.318  37.585 0.5000000000
43095  -26.644  -25.139  36.331 0.2000000030
43990  -26.564  -24.520  36.626 0.3000000119
41228  -29.551  -27.343  35.525 0.2000000030
127591  -28.067  -26.389  35.476 0.2000000030
45017  -26.843  -23.308  35.756 0.3000000119
42170  -27.225  -25.949  34.996 0.2000000030
54459  -36.785  -13.207  48.751 0.1000000015
53413  -38.522  -14.397  48.279 0.1000000015
51333  -39.773  -15.828  47.971 0.3000000119
51346  -40.694  -16.419  47.198 0.2000000030
49398  -44.188  -18.535  43.547 0.4000000060
118998  -28.145  -25.291  39.833 0.4000000060
43964  -27.933  -24.707  40.105 0.4000000060
43975  -27.710  -24.898  39.500 0.4000000060
44984  -27.686  -24.256  39.538 0.5000000000
43081  -27.874  -25.383  38.975 0.4000000060
44993  -27.585  -23.706  38.854 0.5000000000
43084  -27.270  -25.391  37.602 0.3000000119
109132  -27.397  -25.214  38.304 0.4000000060
43088  -27.211  -25.581  36.776 0.2000000030
43988  -26.998  -24.717  37.891 0.3000000119
126412  -27.176  -23.426  37.484 0.4000000060
126111  -28.457  -26.403  36.006 0.2000000030
43083  -26.718  -24.955  37.142 0.2000000030
42171  -28.911  -26.725  35.756 0.2000000030
43089  -27.939  -26.102  36.315 0.2000000030
45008  -26.589  -23.923  36.478 0.3000000119
43096  -27.222  -25.760  35.907 0.2000000030
54473  -37.772  -13.539  47.912 0.1000000015
53427  -38.815  -14.244  47.877 0.1000000015
52357  -40.550  -15.796  47.010 0.2000000030
51355  -41.165  -16.219  46.684 0.2000000030
113581  -34.763  -12.392  48.038 0.1000000015
55394  -36.717  -12.659  47.763 0.1000000015
54474  -38.447  -13.886  47.613 0.1000000015
53429  -39.740  -14.847  47.273 0.1000000015
128957  -42.331  -16.807  45.750 0.2000000030
49392  -43.538  -18.601  44.127 0.3000000119
55396  -38.070  -13.552  47.353 0.1000000015
53436  -39.440  -14.501  47.117 0.1000000015
53438  -40.465  -14.927  46.123 0.1000000015
53445  -41.072  -14.895  45.559 0.1000000015
52367  -40.249  -15.158  46.774 0.1000000015
52377  -41.534  -15.655  45.911 0.2000000030
51371  -42.825  -16.643  45.097 0.2000000030
50369  -44.028  -17.564  43.962 0.3000000119
50370  -44.691  -17.704  43.346 0.5000000000
123305  -43.445  -17.034  44.476 0.2000000030
50378  -45.703  -17.906  42.297 0.3000000119
52384  -41.873  -15.194  45.136 0.2000000030
51381  -44.458  -16.796  43.354 0.3000000119
49407  -46.092  -18.298  41.645 0.3000000119
53450  -40.875  -14.504  45.069 0.1000000015
52385  -42.565  -15.592  44.740 0.2000000030
52386  -43.200  -16.034  44.250 0.1000000015
51372  -43.849  -16.443  43.804 0.1000000015
53452  -42.201  -14.832  44.357 0.1000000015
52393  -43.547  -15.570  43.503 0.1000000015
49423  -46.906  -17.835  40.614 0.5000000000
56467  -47.612  -11.492  33.040 0.6000000238
57363  -47.690  -10.638  33.131 0.5000000000
57349  -47.814  -10.559  34.010 0.5000000000
50395  -47.356  -17.710  40.027 0.5000000000
55524  -47.552  -12.231  33.027 0.6000000238
125569  -47.639  -12.383  33.651 0.5000000000
56449  -47.686  -11.766  33.658 0.5000000000
118924  -47.752  -11.164  33.672 0.5000000000
51392  -46.098  -17.274  41.731 0.3000000119
56435  -47.318  -12.003  34.243 0.5000000000
116614  -47.019  -13.777  34.744 0.4000000060
123840  -46.893  -12.551  34.680 0.3000000119
55490  -46.012  -12.751  35.065 0.3000000119
56434  -46.516  -11.956  34.895 0.3000000119
57333  -47.010  -11.141  34.656 0.5000000000
115664  -47.559  -11.183  34.137 0.5000000000
58288  -47.682  -9.802  32.660 0.5000000000
110553  -45.717  -11.958  35.075 0.3000000119
56432  -44.984  -11.469  34.952 0.3000000119
56433  -46.149  -11.093  35.106 0.3000000119
57320  -46.916  -10.220  35.009 0.5000000000
120665  -38.425  -17.877  47.415 0.4000000060
48388  -39.854  -19.258  46.146 0.5000000000
125710  -38.347  -17.281  47.884 0.5000000000
120667  -38.825  -18.960  46.243 0.5000000000
51329  -37.179  -16.097  48.533 0.4000000060
53385  -35.307  -13.842  50.339 0.2000000030
53384  -34.734  -13.787  50.945 0.3000000119
52323  -36.487  -14.771  49.302 0.3000000119
50322  -37.854  -16.759  48.190 0.4000000060
49358  -37.197  -17.992  46.999 0.5000000000
40303  -36.269  -28.037  40.186 0.2000000030
37601  -26.069  -31.937  43.584 0.1000000015
40296  -36.958  -28.423  40.577 0.2000000030
126365  -33.577  -31.099  40.769 0.1000000015
36769  -32.169  -31.984  40.659 0.1000000015
118751  -30.074  -25.515  42.009 0.6999999881
43045  -29.194  -25.058  42.076 0.6999999881
44944  -28.965  -23.928  42.863 0.6999999881
46777  -29.783  -21.611  40.116 0.6999999881
45928  -29.275  -22.197  40.496 0.6000000238
50335  -37.675  -17.460  47.572 0.5000000000
50347  -41.414  -17.119  46.716 0.2000000030
50346  -40.876  -17.608  47.126 0.2000000030
49373  -37.706  -18.437  46.529 0.6999999881
48389  -40.489  -19.130  46.169 0.5000000000
51363  -41.848  -16.491  46.180 0.2000000030
50406  -47.741  -17.554  39.227 0.5000000000
52309  -35.088  -14.354  50.447 0.4000000060
33329  -19.803  -36.049  44.580 0.1000000015
36687  -28.263  -32.503  44.593 0.1000000015
36723  -31.386  -33.053  42.187 0.1000000015
125593  -16.305  -40.505  45.126 0.1000000015
30787  -18.938  -39.364  41.285 0.1000000015
35851  -31.912  -33.454  44.767 0.1000000015
35852  -32.817  -33.405  44.739 0.1000000015
35872  -32.005  -33.355  43.820 0.1000000015
120468  -34.545  -33.314  45.483 0.1000000015
35873  -32.875  -33.214  43.761 0.1000000015
36704  -34.493  -32.407  43.803 0.1000000015
127797  -15.607  -39.837  46.926 0.1000000015
30773  -16.962  -39.484  42.824 0.1000000015
36690  -36.645  -32.489  44.518 0.1000000015
36706  -36.160  -31.706  43.904 0.1000000015
37604  -37.875  -31.621  43.664 0.2000000030
122578  -34.971  -31.080  41.976 0.1000000015
31639  -15.719  -38.562  44.648 0.1000000015
31645  -15.812  -38.533  43.688 0.1000000015
32549  -18.362  -37.390  40.556 0.1000000015
35876  -37.358  -33.164  43.911 0.1000000015
35001  -36.910  -33.616  44.423 0.1000000015
35877  -37.755  -32.331  43.615 0.2000000030
36750  -38.012  -32.044  42.153 0.2000000030
37621  -38.160  -30.934  43.137 0.2000000030
108173  -37.578  -32.154  41.180 0.2000000030
35039  -36.726  -33.614  42.007 0.2000000030
37637  -34.078  -31.264  41.268 0.1000000015
38476  -37.239  -30.224  42.867 0.2000000030
38477  -38.008  -30.122  42.853 0.2000000030
38484  -36.623  -29.676  42.169 0.1000000015
29878  -15.296  -40.237  52.460 0.1000000015
30713  -15.191  -39.481  51.887 0.1000000015
110494  -15.418  -40.997  51.130 0.1000000015
107876  -15.522  -40.580  49.138 0.1000000015
32505  -15.005  -38.051  46.946 0.1000000015
31652  -15.951  -38.515  42.872 0.1000000015
33385  -18.169  -36.697  40.425 0.1000000015
34207  -17.946  -35.747  40.470 0.1000000015
35029  -36.358  -34.490  43.397 0.2000000030
35919  -36.872  -32.686  40.539 0.2000000030
35908  -36.392  -33.481  40.929 0.2000000030
35038  -35.993  -34.077  41.406 0.2000000030
35059  -35.161  -33.860  39.693 0.2000000030
37694  -36.969  -31.359  39.752 0.2000000030
128065  -14.354  -38.372  52.071 0.1000000015
32424  -14.135  -38.073  51.749 0.1000000015
32512  -14.774  -37.279  45.626 0.1000000015
35046  -17.824  -34.767  40.585 0.1000000015
36781  -36.107  -31.973  39.255 0.2000000030
38545  -35.828  -30.678  39.035 0.2000000030
39386  -36.572  -28.727  39.816 0.2000000030
38530  -36.613  -29.855  39.509 0.2000000030
33262  -14.218  -36.943  47.616 0.1000000015
33284  -13.872  -36.335  47.052 0.1000000015
110009  -14.390  -36.759  45.988 0.1000000015
32519  -15.065  -37.337  44.405 0.1000000015
33328  -14.695  -36.720  44.231 0.1000000015
107430  -15.560  -37.311  41.563 0.1000000015
33358  -15.098  -37.104  42.587 0.1000000015
32539  -15.919  -37.082  40.550 0.1000000015
33397  -16.089  -36.055  39.502 0.1000000015
33398  -16.648  -36.058  39.502 0.1000000015
35937  -34.847  -32.945  37.924 0.2000000030
35067  -34.523  -33.445  37.991 0.2000000030
37702  -35.123  -31.483  38.529 0.2000000030
38557  -34.430  -31.171  38.226 0.2000000030
36804  -33.602  -32.541  34.991 0.2000000030
38555  -32.730  -30.470  37.590 0.2000000030
37717  -30.900  -31.231  36.163 0.2000000030
38570  -30.205  -30.761  35.689 0.2000000030
37725  -29.956  -31.096  35.141 0.2000000030
45970  -26.685  -23.225  33.100 0.2000000030
37720  -33.732  -32.274  36.772 0.2000000030
37708  -32.178  -31.143  37.100 0.2000000030
39410  -32.624  -29.311  37.539 0.2000000030
38565  -31.354  -30.745  36.711 0.2000000030
39445  -28.956  -29.548  34.518 0.2000000030
45966  -28.427  -22.218  34.404 0.3000000119
39444  -28.480  -29.299  33.915 0.2000000030
129192  -26.343  -26.094  33.109 0.2000000030
54430  -33.017  -12.952  51.108 0.2000000030
39423  -30.719  -29.245  36.047 0.2000000030
54433  -35.823  -13.626  49.875 0.1000000015
119765  -28.883  -21.912  37.186 0.4000000060
54446  -36.345  -13.399  49.311 0.1000000015
53399  -37.336  -14.299  48.979 0.1000000015
51313  -37.235  -15.363  48.858 0.3000000119
50336  -38.908  -17.533  47.811 0.4000000060
50324  -39.381  -17.123  48.047 0.3000000119
51331  -38.662  -15.777  48.567 0.3000000119
51332  -39.317  -16.282  48.272 0.3000000119
49375  -39.547  -18.791  46.707 0.3000000119
125158  -39.056  -18.757  46.626 0.4000000060
116969  -40.074  -18.858  46.700 0.5000000000
48386  -38.265  -18.878  46.015 0.6999999881
49359  -37.918  -18.102  47.092 0.4000000060
48387  -39.297  -19.160  46.147 0.5000000000
123458  -29.626  -25.787  40.406 0.6000000238
45938  -28.407  -22.407  38.410 0.5000000000
55366  -36.127  -12.868  49.095 0.1000000015
54460  -37.454  -13.611  48.441 0.1000000015
52341  -39.209  -15.410  48.311 0.2000000030
53414  -39.082  -14.693  48.137 0.2000000030
51345  -40.247  -16.200  47.540 0.2000000030
45918  -28.879  -22.868  40.894 0.5000000000
42122  -29.630  -26.234  38.349 0.4000000060
42152  -30.413  -26.938  36.658 0.3000000119
45000  -26.728  -24.113  37.257 0.3000000119
55382  -37.110  -13.110  48.194 0.1000000015
52355  -39.589  -15.056  47.878 0.1000000015
52356  -40.029  -15.445  47.436 0.2000000030
55395  -37.404  -13.139  47.582 0.1000000015
53428  -39.313  -14.563  47.634 0.1000000015
54475  -39.015  -14.208  47.347 0.1000000015
52368  -40.842  -15.398  46.340 0.2000000030
55393  -35.146  -12.480  47.097 0.1000000015
112376  -36.050  -12.371  47.479 0.1000000015
125133  -36.201  -12.460  48.148 0.1000000015
54484  -38.671  -13.849  47.059 0.1000000015
53437  -39.894  -14.699  46.514 0.1000000015
51364  -42.241  -16.005  45.525 0.2000000030
53444  -40.412  -14.681  45.765 0.1000000015
57331  -44.449  -10.628  34.529 0.3000000119
51312  -36.403  -15.440  48.923 0.4000000060
39204  -16.396  -29.059  56.039 0.3000000119
39205  -17.104  -28.710  55.794 0.3000000119
39214  -17.552  -29.027  55.693 0.3000000119
38313  -14.198  -29.365  56.689 0.5000000000
38325  -13.616  -29.823  56.789 0.4000000060
38326  -14.275  -29.847  56.435 0.5000000000
40094  -17.513  -28.344  55.760 0.3000000119
122500  -13.828  -30.164  56.374 0.6000000238
37460  -14.373  -30.281  55.890 0.5000000000
40090  -13.762  -28.916  56.997 0.4000000060
38324  -13.167  -30.236  56.525 0.4000000060
126654  -31.625  -21.050  34.582 0.4000000060
46915  -45.786  -21.532  24.467 0.2000000030
116536  -46.937  -20.454  24.016 0.2000000030
46921  -48.037  -21.663  23.502 0.2000000030
116991  -45.432  -19.962  24.270 0.3000000119
115392  -47.276  -19.681  24.065 0.2000000030
47764  -47.772  -20.243  23.854 0.2000000030
47771  -48.296  -20.822  23.573 0.2000000030
49584  -46.162  -18.482  24.371 0.3000000119
48664  -48.048  -19.383  24.111 0.2000000030
48672  -48.637  -19.996  23.813 0.2000000030
115178  -45.932  -17.827  24.614 0.3000000119
50583  -47.727  -17.820  24.720 0.2000000030
49585  -48.317  -18.461  24.392 0.2000000030
113952  -49.083  -18.220  24.443 0.2000000030
48666  -49.964  -18.981  23.999 0.2000000030
48665  -49.023  -19.066  24.101 0.2000000030
51417  -47.007  -16.458  39.466 0.4000000060
118973  -47.704  -16.935  38.827 0.5000000000
50417  -48.123  -17.444  38.600 0.5000000000
51436  -48.362  -17.073  38.081 0.5000000000
49446  -49.290  -18.007  37.019 0.5000000000
115938  -47.533  -17.617  27.611 0.4000000060
50553  -48.275  -17.111  26.334 0.3000000119
50569  -48.122  -17.303  25.367 0.3000000119
49601  -51.916  -18.529  24.115 0.2000000030
50551  -45.438  -17.291  25.720 0.3000000119
50568  -47.168  -17.368  25.166 0.3000000119
127717  -49.324  -17.365  25.150 0.2000000030
49587  -50.315  -18.162  24.403 0.2000000030
51425  -47.376  -16.629  38.680 0.4000000060
51453  -48.414  -16.469  36.913 0.4000000060
51435  -48.141  -16.699  37.839 0.4000000060
110590  -48.806  -16.813  37.322 0.4000000060
51472  -49.018  -16.332  36.061 0.4000000060
50444  -49.441  -17.069  36.425 0.5000000000
50429  -49.289  -17.180  36.926 0.4000000060
50538  -48.273  -17.353  27.328 0.4000000060
49600  -50.889  -18.744  23.994 0.2000000030
49557  -48.987  -17.609  27.982 0.4000000060
50555  -49.787  -16.891  26.590 0.2000000030
50572  -50.612  -16.850  26.093 0.2000000030
49588  -51.274  -17.916  24.566 0.2000000030
126231  -52.444  -17.504  25.534 0.2000000030
112061  -50.670  -17.486  28.239 0.3000000119
107756  -50.620  -16.885  27.240 0.2000000030
50587  -51.603  -17.253  25.527 0.2000000030
52461  -46.537  -16.125  39.493 0.4000000060
51424  -46.547  -16.333  38.718 0.2000000030
51434  -47.439  -16.571  37.774 0.2000000030
51450  -45.023  -16.509  36.316 0.2000000030
51452  -47.411  -16.454  36.799 0.2000000030
109636  -48.611  -16.087  35.797 0.4000000060
110555  -48.803  -16.253  36.212 0.4000000060
107554  -48.234  -16.104  36.137 0.3000000119
109603  -52.410  -17.366  28.542 0.2000000030
50529  -53.151  -17.517  29.291 0.2000000030
50528  -52.203  -17.838  29.511 0.2000000030
109595  -53.659  -17.362  27.622 0.2000000030
108308  -51.550  -16.837  26.738 0.2000000030
50556  -52.494  -17.177  26.272 0.2000000030
52460  -45.746  -15.712  39.339 0.2000000030
51423  -45.519  -16.094  38.374 0.2000000030
51433  -46.296  -16.537  37.711 0.2000000030
51432  -45.264  -16.415  37.295 0.2000000030
51469  -44.837  -16.352  35.604 0.2000000030
51471  -46.987  -16.299  36.016 0.3000000119
52524  -47.799  -15.630  35.381 0.4000000060
52543  -47.566  -14.971  34.662 0.4000000060
50520  -52.895  -17.689  30.042 0.2000000030
50541  -53.364  -17.323  28.373 0.2000000030
50558  -54.317  -17.586  27.217 0.2000000030
50559  -55.102  -17.192  27.234 0.2000000030
51555  -53.522  -17.221  30.257 0.2000000030
51536  -53.477  -16.409  30.422 0.2000000030
51569  -54.281  -17.149  29.403 0.2000000030
51570  -54.638  -16.793  28.645 0.2000000030
114517  -55.007  -16.294  28.103 0.2000000030
51556  -54.096  -16.900  30.108 0.2000000030
53689  -54.222  -13.822  28.154 0.2000000030
51557  -54.376  -16.379  29.473 0.2000000030
53676  -54.500  -14.698  28.424 0.2000000030
52657  -54.939  -15.285  27.664 0.2000000030
54670  -52.916  -12.945  28.897 0.3000000119
55601  -53.439  -12.669  27.555 0.2000000030
52629  -53.149  -15.264  30.303 0.3000000119
53657  -53.067  -14.359  29.798 0.3000000119
54650  -53.384  -13.785  29.292 0.3000000119
57334  -47.393  -10.399  34.476 0.4000000060
63396  -49.638  -2.931  30.821 0.4000000060
62573  -49.415  -3.741  30.774 0.4000000060
61666  -48.261  -5.486  29.022 0.4000000060
112197  -48.700  -5.032  29.780 0.4000000060
60018  -47.608  -7.364  27.746 0.4000000060
57406  -49.621  -10.688  28.373 0.5000000000
58339  -48.518  -8.888  27.691 0.5000000000
60019  -48.564  -7.312  27.732 0.4000000060
61674  -48.527  -5.424  28.382 0.4000000060
56524  -50.286  -11.306  28.586 0.6000000238
56525  -51.163  -11.459  28.691 0.5000000000
116288  -50.326  -9.915  28.491 0.5000000000
54669  -51.904  -12.789  29.031 0.4000000060
55585  -52.509  -12.118  28.518 0.4000000060
56527  -52.544  -11.445  28.032 0.3000000119
58269  -47.754  -9.732  34.300 0.4000000060
59166  -47.388  -7.918  30.828 0.5000000000
59174  -46.456  -8.145  29.099 0.5000000000
60000  -47.315  -6.971  29.562 0.5000000000
60840  -48.222  -6.450  27.826 0.4000000060
113052  -51.130  -10.053  28.558 0.5000000000
125286  -49.033  -8.129  27.848 0.5000000000
55583  -50.343  -12.137  28.705 0.5000000000
59108  -47.426  -8.916  34.966 0.4000000060
59121  -47.820  -8.905  34.621 0.4000000060
59134  -48.221  -8.950  33.906 0.4000000060
59146  -48.280  -8.551  32.869 0.4000000060
59155  -47.908  -8.191  31.791 0.4000000060
59979  -48.120  -7.271  31.290 0.4000000060
59990  -47.468  -7.277  30.387 0.4000000060
60817  -48.251  -5.851  30.022 0.4000000060
61675  -49.066  -5.184  27.962 0.4000000060
61684  -48.864  -5.899  27.815 0.4000000060
62593  -48.877  -4.726  28.725 0.4000000060
60833  -49.780  -5.869  27.950 0.5000000000
112953  -50.074  -8.263  28.330 0.5000000000
60020  -49.702  -7.425  28.085 0.4000000060
59188  -51.005  -8.476  28.471 0.5000000000
59934  -47.839  -8.197  34.864 0.4000000060
59960  -48.721  -7.286  34.117 0.4000000060
115350  -49.590  -3.493  31.694 0.4000000060
123723  -49.082  -6.638  33.909 0.4000000060
62562  -49.349  -5.161  31.777 0.4000000060
62572  -49.188  -4.639  30.766 0.4000000060
62582  -49.136  -4.164  29.682 0.4000000060
62594  -49.464  -3.834  28.833 0.4000000060
62583  -49.518  -3.309  29.718 0.4000000060
61676  -49.948  -5.223  27.978 0.4000000060
112765  -49.669  -4.421  28.201 0.4000000060
60011  -50.373  -6.706  28.139 0.5000000000
60834  -50.752  -6.003  28.016 0.4000000060
62563  -49.546  -4.256  31.824 0.4000000060
63403  -49.980  -3.001  28.868 0.4000000060
63415  -50.072  -3.754  28.298 0.4000000060
62595  -50.487  -4.427  27.770 0.4000000060
46923  -49.646  -21.193  23.020 0.2000000030
47772  -49.163  -20.599  23.472 0.2000000030
47773  -50.058  -20.390  23.333 0.2000000030
49586  -49.605  -18.444  24.304 0.2000000030
47774  -50.995  -20.112  23.177 0.2000000030
39206  -18.044  -28.633  55.698 0.4000000060
50581  -45.319  -17.583  24.850 0.3000000119
49431  -48.094  -18.097  38.770 0.6000000238
126469  -50.161  -17.911  28.461 0.3000000119
51480  -48.239  -15.885  35.087 0.4000000060
124780  -48.080  -9.276  33.086 0.5000000000
111801  -47.647  -9.044  32.091 0.4000000060
54668  -50.901  -12.931  29.012 0.4000000060
57426  -48.547  -10.469  27.933 0.5000000000
113814  -48.037  -9.679  27.646 0.5000000000
60009  -46.899  -7.675  28.261 0.5000000000
59999  -46.952  -7.419  29.019 0.5000000000
50527  -51.451  -17.773  28.857 0.2000000030
59989  -46.988  -7.685  29.886 0.5000000000
58280  -47.984  -9.866  33.635 0.4000000060
58252  -47.366  -9.587  34.782 0.4000000060
51418  -47.282  -16.902  39.665 0.4000000060
47763  -46.082  -20.635  24.234 0.2000000030
116990  -46.365  -19.560  24.170 0.2000000030
47770  -47.479  -21.101  23.777 0.2000000030
48663  -45.431  -19.048  24.277 0.3000000119
114912  -47.234  -18.716  24.335 0.2000000030
50582  -46.718  -17.843  24.638 0.2000000030
50567  -46.189  -17.381  25.042 0.3000000119
50584  -48.769  -17.637  24.831 0.2000000030
50585  -49.638  -17.730  24.751 0.2000000030
48673  -49.547  -19.792  23.718 0.2000000030
126594  -47.932  -16.802  38.323 0.4000000060
111608  -47.521  -17.207  26.705 0.3000000119
108830  -47.566  -17.141  25.852 0.3000000119
50570  -49.029  -17.117  25.792 0.3000000119
48674  -50.478  -19.593  23.615 0.2000000030
110888  -51.483  -19.313  23.566 0.2000000030
50552  -46.639  -17.140  25.960 0.3000000119
50571  -49.806  -17.139  25.520 0.2000000030
50586  -50.520  -17.407  25.070 0.2000000030
51454  -49.116  -16.579  36.541 0.4000000060
50554  -49.016  -17.038  27.019 0.2000000030
49589  -52.422  -17.904  24.845 0.2000000030
50539  -49.811  -17.326  27.791 0.2000000030
50540  -51.534  -17.057  27.842 0.2000000030
117337  -46.823  -16.551  37.248 0.2000000030
51451  -46.175  -16.597  36.696 0.2000000030
50521  -53.774  -17.419  29.810 0.2000000030
107500  -52.628  -17.045  27.448 0.2000000030
50542  -54.216  -17.345  28.103 0.2000000030
50557  -53.499  -17.436  26.763 0.2000000030
51470  -45.752  -16.427  35.814 0.2000000030
52523  -46.497  -15.872  35.496 0.3000000119
50530  -53.932  -17.361  29.028 0.2000000030
114914  -54.669  -17.402  27.473 0.2000000030
50531  -54.336  -17.184  28.671 0.2000000030
50543  -54.688  -17.182  28.023 0.2000000030
51576  -55.022  -16.877  27.920 0.2000000030
52645  -54.674  -15.803  28.667 0.2000000030
51577  -55.208  -16.276  27.279 0.2000000030
52630  -53.985  -15.834  30.082 0.2000000030
54671  -53.652  -13.233  28.392 0.2000000030
53675  -54.045  -14.172  28.988 0.2000000030
53690  -54.527  -14.162  27.433 0.2000000030
54681  -54.030  -13.276  27.311 0.2000000030
53658  -53.720  -14.727  29.747 0.2000000030
52631  -54.279  -15.241  29.330 0.2000000030
54649  -52.538  -13.660  29.438 0.4000000060
55615  -53.595  -12.836  26.859 0.2000000030
60831  -48.073  -5.987  28.439 0.4000000060
60010  -47.462  -6.820  28.519 0.4000000060
59198  -47.982  -8.100  27.550 0.5000000000
60824  -47.761  -6.244  29.285 0.4000000060
58320  -49.243  -9.662  28.118 0.5000000000
57407  -50.724  -10.668  28.585 0.5000000000
127608  -49.420  -8.826  28.129 0.5000000000
120241  -51.207  -12.246  28.844 0.5000000000
56526  -52.055  -11.379  28.460 0.5000000000
55584  -51.753  -11.984  28.761 0.5000000000
58321  -50.202  -9.092  28.439 0.5000000000
60841  -49.213  -6.567  27.835 0.4000000060
55586  -53.127  -12.553  28.252 0.2000000030
57408  -51.677  -10.605  28.448 0.5000000000
55600  -52.970  -12.047  27.762 0.3000000119
60816  -47.815  -6.625  30.285 0.4000000060
58322  -51.021  -9.359  28.561 0.5000000000
59135  -48.220  -8.088  34.363 0.4000000060
59147  -48.585  -7.957  33.618 0.4000000060
59972  -49.028  -7.120  33.380 0.4000000060
59971  -48.557  -7.660  32.555 0.4000000060
113818  -48.524  -6.328  31.060 0.4000000060
59187  -50.713  -7.584  28.323 0.5000000000
60804  -49.330  -6.275  33.321 0.4000000060
47778  -50.517  -20.856  22.808 0.2000000030
126691  -18.047  -28.328  55.756 0.2000000030
41914  -16.377  -27.177  55.248 0.2000000030
110799  -17.100  -27.347  55.571 0.2000000030
41960  -18.544  -26.776  52.274 0.1000000015
41973  -17.836  -26.864  51.676 0.1000000015
41974  -18.677  -26.812  51.306 0.1000000015
39201  -11.971  -29.654  57.751 0.4000000060
39202  -12.582  -29.306  57.588 0.3000000119
40988  -15.806  -28.357  56.114 0.1000000015
40093  -16.588  -28.442  55.887 0.2000000030
40990  -18.811  -27.722  55.800 0.2000000030
41893  -15.471  -27.809  55.928 0.1000000015
116335  -16.577  -28.113  55.853 0.2000000030
116833  -17.350  -28.048  55.813 0.2000000030
41011  -18.128  -27.572  55.794 0.2000000030
119692  -19.366  -27.952  55.876 0.2000000030
41880  -19.656  -27.510  55.809 0.2000000030
125184  -11.821  -27.187  55.050 0.1000000015
41928  -13.364  -27.115  54.895 0.1000000015
41912  -14.832  -27.422  55.484 0.1000000015
41913  -15.614  -27.369  55.389 0.1000000015
41010  -16.034  -27.859  55.915 0.1000000015
122071  -17.096  -27.772  55.800 0.2000000030
41895  -17.793  -27.365  55.743 0.2000000030
41012  -19.141  -27.288  55.731 0.2000000030
41927  -12.400  -27.162  54.523 0.1000000015
41945  -13.865  -27.095  54.074 0.1000000015
107280  -14.517  -27.110  54.208 0.1000000015
41930  -14.996  -27.168  54.752 0.1000000015
41915  -17.785  -26.922  55.393 0.2000000030
111422  -19.977  -27.098  55.790 0.2000000030
41048  -10.697  -27.601  53.658 0.1000000015
41049  -11.422  -27.473  53.236 0.1000000015
41944  -13.041  -27.111  53.868 0.1000000015
107275  -14.419  -27.106  53.526 0.1000000015
107278  -15.879  -26.988  53.648 0.1000000015
117256  -20.516  -26.517  55.555 0.1000000015
41957  -12.072  -27.329  52.720 0.1000000015
41958  -12.831  -27.201  52.989 0.1000000015
107270  -14.334  -27.089  52.687 0.1000000015
41948  -20.145  -26.322  53.918 0.1000000015
41936  -20.229  -26.228  54.786 0.1000000015
112525  -12.629  -27.201  52.293 0.1000000015
122478  -13.434  -27.089  52.289 0.1000000015
41972  -12.814  -27.090  51.631 0.1000000015
41961  -19.135  -26.673  52.734 0.1000000015
41962  -19.995  -26.523  52.751 0.1000000015
41963  -20.929  -26.457  52.274 0.1000000015
41990  -15.584  -26.913  50.696 0.1000000015
113984  -15.721  -26.841  50.006 0.1000000015
108424  -17.061  -26.926  51.052 0.1000000015
41976  -20.230  -26.657  51.631 0.1000000015
41977  -21.057  -26.520  51.503 0.1000000015
113986  -14.232  -26.818  50.171 0.1000000015
41989  -14.751  -26.910  50.857 0.1000000015
41991  -16.423  -26.893  50.332 0.1000000015
41992  -17.275  -26.878  50.285 0.1000000015
114032  -17.960  -26.770  49.734 0.1000000015
107358  -19.191  -26.764  50.510 0.1000000015
41995  -20.478  -26.598  49.956 0.1000000015
41996  -21.262  -26.430  50.097 0.1000000015
39195  -11.435  -29.280  58.276 0.3000000119
39196  -12.050  -29.210  58.062 0.1000000015
40089  -13.042  -28.939  57.372 0.1000000015
40091  -14.602  -28.842  56.631 0.2000000030
41879  -11.895  -27.530  57.265 0.1000000015
41006  -12.747  -27.791  57.048 0.1000000015
127477  -13.806  -28.322  56.820 0.1000000015
40986  -14.107  -28.533  56.742 0.1000000015
40987  -14.935  -28.494  56.437 0.1000000015
41889  -11.359  -27.239  56.674 0.1000000015
41890  -12.226  -27.340  56.486 0.1000000015
112929  -13.070  -27.498  56.376 0.1000000015
41891  -13.838  -27.711  56.262 0.1000000015
41008  -14.314  -28.223  56.556 0.1000000015
41009  -15.220  -28.238  56.272 0.1000000015
41026  -10.236  -27.466  55.316 0.1000000015
41908  -10.796  -27.239  56.018 0.1000000015
41909  -11.640  -27.184  55.823 0.1000000015
41910  -12.563  -27.176  55.578 0.1000000015
121431  -13.384  -27.286  55.776 0.1000000015
41911  -14.054  -27.354  55.603 0.1000000015
41896  -18.717  -27.089  55.695 0.2000000030
41036  -9.757  -27.648  54.635 0.1000000015
41926  -11.077  -27.342  55.144 0.1000000015
108283  -16.982  -26.968  55.109 0.1000000015
41916  -18.681  -26.647  55.155 0.1000000015
41047  -9.309  -27.813  53.902 0.1000000015
41038  -11.451  -27.389  54.233 0.1000000015
41933  -17.268  -26.857  54.518 0.1000000015
41917  -19.656  -26.666  55.533 0.1000000015
41046  -8.585  -27.982  53.434 0.1000000015
112210  -9.948  -27.802  53.181 0.1000000015
113707  -10.747  -27.651  52.829 0.1000000015
108427  -14.330  -26.993  51.722 0.1000000015
107269  -15.126  -27.026  52.313 0.1000000015
127183  -16.374  -26.960  53.127 0.1000000015
107276  -17.661  -26.804  53.634 0.1000000015
41935  -19.428  -26.423  54.651 0.1000000015
109588  -9.194  -27.939  53.124 0.1000000015
41059  -11.386  -27.512  52.396 0.1000000015
107273  -15.789  -26.994  52.785 0.1000000015
107272  -16.955  -26.924  52.940 0.1000000015
41946  -18.492  -26.713  53.124 0.1000000015
41947  -19.295  -26.532  53.550 0.1000000015
41057  -9.412  -27.922  52.441 0.1000000015
124899  -10.811  -27.669  52.159 0.1000000015
128762  -11.731  -27.379  51.263 0.1000000015
110428  -13.502  -26.993  51.490 0.1000000015
41988  -13.886  -26.919  50.897 0.1000000015
108426  -15.335  -26.965  51.494 0.1000000015
107267  -16.862  -26.924  52.019 0.1000000015
107271  -17.720  -26.834  52.610 0.1000000015
41058  -10.189  -27.799  52.321 0.1000000015
41067  -10.470  -27.750  51.622 0.1000000015
108425  -16.203  -26.952  51.286 0.1000000015
41080  -11.406  -27.447  50.681 0.1000000015
110580  -10.110  -27.845  50.980 0.1000000015
40079  -10.175  -28.458  59.085 0.3000000119
40083  -10.904  -28.750  58.737 0.2000000030
39194  -10.781  -29.311  58.451 0.3000000119
120038  -11.219  -28.279  58.603 0.2000000030
40974  -11.732  -28.114  58.258 0.1000000015
40984  -12.315  -27.985  57.717 0.1000000015
41887  -9.585  -27.209  57.089 0.1000000015
41888  -10.475  -27.176  56.980 0.1000000015
41003  -7.456  -27.625  56.289 0.1000000015
41004  -8.392  -27.578  56.097 0.1000000015
41025  -9.295  -27.588  55.473 0.1000000015
41024  -8.452  -27.769  55.077 0.1000000015
127416  -9.074  -27.747  54.665 0.1000000015
41035  -8.506  -27.897  54.229 0.1000000015
41055  -7.991  -28.223  52.950 0.1000000015
40138  -7.325  -28.438  53.277 0.1000000015
40157  -8.782  -28.101  51.726 0.1000000015
41077  -9.333  -28.020  50.942 0.1000000015
41066  -9.711  -27.898  51.665 0.1000000015
122250  -9.133  -28.227  50.268 0.1000000015
40965  -9.952  -27.932  59.069 0.1000000015
40963  -8.405  -27.835  59.113 0.1000000015
40964  -9.214  -27.869  59.065 0.1000000015
40080  -10.634  -28.111  58.887 0.2000000030
40077  -8.116  -28.393  59.195 0.2000000030
40078  -8.971  -28.296  59.195 0.2000000030
115906  -9.943  -27.413  58.408 0.2000000030
41869  -10.631  -27.441  58.082 0.2000000030
41886  -8.751  -27.311  57.085 0.1000000015
41877  -9.938  -27.217  57.809 0.2000000030
127657  -10.538  -27.246  57.582 0.2000000030
41005  -9.199  -27.423  56.376 0.1000000015
51296  -27.728  -16.770  50.248 0.1000000015
50308  -27.395  -17.358  49.668 0.1000000015
40971  -9.557  -27.609  58.797 0.2000000030
40955  -6.460  -27.942  59.251 0.2000000030
119214  -7.922  -27.518  58.997 0.2000000030
41859  -8.641  -27.497  58.832 0.1000000015
41868  -9.254  -27.341  58.428 0.1000000015
41866  -7.732  -27.261  58.609 0.1000000015
41875  -8.260  -27.221  57.924 0.1000000015
41876  -9.066  -27.144  57.890 0.1000000015
40982  -7.415  -27.348  57.812 0.1000000015
41885  -7.914  -27.413  57.034 0.1000000015
45962  -29.297  -21.930  35.686 0.3000000119
108333  -30.565  -21.502  35.180 0.3000000119
45965  -27.608  -22.548  34.210 0.2000000030
45967  -29.263  -21.912  34.330 0.3000000119
108797  -29.726  -21.809  35.102 0.3000000119
45972  -28.243  -22.215  33.642 0.2000000030
128626  -28.765  -22.071  33.967 0.2000000030
46822  -30.128  -21.558  34.420 0.3000000119
114582  -29.727  -21.586  33.784 0.2000000030
45981  -28.948  -21.644  32.580 0.2000000030
46039  -36.268  -22.063  26.293 0.2000000030
46037  -34.772  -21.900  26.652 0.2000000030
46038  -35.496  -21.955  26.547 0.2000000030
46829  -30.490  -21.232  33.585 0.3000000119
46838  -31.193  -20.860  32.913 0.2000000030
46828  -29.685  -21.406  33.026 0.3000000119
46837  -30.362  -21.022  32.535 0.2000000030
47671  -31.021  -20.677  31.964 0.2000000030
46047  -38.252  -22.321  25.310 0.2000000030
46902  -38.726  -21.578  25.152 0.2000000030
46836  -29.588  -21.266  32.085 0.2000000030
46845  -30.245  -20.905  31.554 0.2000000030
47684  -30.895  -20.631  31.009 0.2000000030
46894  -37.263  -21.334  25.637 0.2000000030
46901  -37.987  -21.515  25.399 0.2000000030
46835  -28.835  -21.583  31.635 0.2000000030
46844  -29.496  -21.214  31.096 0.2000000030
47695  -30.795  -20.641  30.138 0.2000000030
46892  -35.858  -21.168  26.355 0.2000000030
47714  -31.266  -20.712  28.283 0.2000000030
46882  -33.616  -21.209  26.971 0.2000000030
46891  -35.116  -21.175  26.586 0.2000000030
46049  -44.255  -22.747  25.190 0.2000000030
45109  -42.709  -22.958  24.761 0.2000000030
46058  -41.386  -22.455  24.491 0.2000000030
46903  -39.460  -21.591  24.837 0.2000000030
120000  -38.471  -20.921  25.361 0.2000000030
47696  -31.534  -20.457  30.373 0.2000000030
47738  -37.091  -20.470  25.839 0.2000000030
47715  -32.150  -20.456  28.624 0.2000000030
46061  -44.561  -22.204  24.856 0.2000000030
124367  -42.775  -20.885  24.452 0.2000000030
46913  -44.078  -21.559  24.583 0.2000000030
118741  -44.455  -20.854  24.441 0.2000000030
46911  -41.951  -21.132  24.478 0.2000000030
47757  -40.555  -20.793  24.727 0.2000000030
47748  -39.225  -20.772  25.206 0.2000000030
128928  -38.305  -19.740  25.939 0.2000000030
47747  -38.560  -20.185  25.627 0.2000000030
48641  -37.043  -19.620  26.426 0.2000000030
47761  -44.107  -20.095  24.411 0.2000000030
129196  -44.783  -20.248  24.373 0.2000000030
117023  -38.937  -19.333  26.717 0.2000000030
48662  -44.645  -18.713  24.438 0.2000000030
57409  -52.232  -10.895  28.123 0.3000000119
58323  -51.729  -9.706  28.289 0.4000000060
57427  -52.182  -10.195  27.880 0.5000000000
58340  -51.942  -9.170  27.902 0.5000000000
62624  -50.070  -4.700  24.334 0.1000000015
62633  -50.696  -4.345  23.736 0.1000000015
62648  -51.614  -4.246  23.040 0.1000000015
61724  -50.087  -4.890  23.384 0.1000000015
62647  -50.787  -4.650  22.949 0.1000000015
64155  -49.888  -2.069  30.721 0.3000000119
64150  -49.678  -2.077  31.394 0.3000000119
124566  -51.562  -9.014  28.298 0.5000000000
59189  -51.547  -8.375  28.102 0.5000000000
62634  -51.329  -3.686  24.213 0.2000000030
61734  -49.570  -5.441  22.888 0.1000000015
60877  -49.994  -5.760  21.990 0.1000000015
61736  -51.328  -4.911  22.257 0.1000000015
61741  -50.943  -5.546  21.718 0.1000000015
52394  -44.169  -15.921  43.088 0.1000000015
52404  -45.138  -15.888  41.930 0.2000000030
61630  -49.232  -5.160  33.893 0.3000000119
60780  -48.944  -5.828  34.205 0.3000000119
59980  -48.988  -6.672  32.267 0.3000000119
61639  -49.415  -5.731  32.562 0.3000000119
61640  -49.425  -5.403  33.371 0.3000000119
61649  -49.582  -4.822  32.663 0.3000000119
115517  -49.545  -3.853  32.513 0.3000000119
63383  -49.380  -3.138  32.528 0.3000000119
64139  -49.043  -2.533  32.414 0.2000000030
64151  -49.852  -1.442  30.907 0.2000000030
63389  -49.534  -2.822  31.762 0.3000000119
64162  -50.236  -2.087  29.440 0.2000000030
63417  -51.169  -3.136  27.605 0.1000000015
64182  -51.511  -2.688  27.234 0.2000000030
63435  -51.794  -2.387  26.757 0.2000000030
60013  -51.220  -7.733  28.238 0.4000000060
60835  -50.963  -6.089  27.955 0.3000000119
119096  -50.640  -4.854  27.553 0.3000000119
64191  -52.338  -1.820  26.420 0.1000000015
64199  -52.737  -1.801  25.709 0.1000000015
109379  -51.943  -2.670  25.562 0.3000000119
63451  -52.548  -2.253  25.343 0.2000000030
63452  -53.019  -2.349  24.573 0.2000000030
109921  -52.301  -2.706  24.848 0.2000000030
63461  -52.711  -2.968  24.056 0.2000000030
63472  -53.101  -3.391  23.237 0.2000000030
62649  -52.692  -4.088  22.713 0.1000000015
62650  -53.512  -3.846  22.438 0.2000000030
61742  -51.932  -5.395  21.571 0.1000000015
60881  -50.555  -6.300  21.325 0.1000000015
51400  -45.868  -16.300  41.508 0.2000000030
50387  -46.565  -17.572  41.120 0.3000000119
112093  -48.739  -6.567  34.367 0.3000000119
116474  -48.432  -6.054  34.431 0.3000000119
61618  -48.715  -5.354  34.191 0.3000000119
62547  -49.184  -4.447  33.555 0.2000000030
63366  -48.922  -3.964  33.471 0.2000000030
63382  -49.039  -3.241  33.055 0.3000000119
64140  -49.448  -2.377  31.893 0.1000000015
64929  -49.217  -1.831  31.813 0.2000000030
65769  -48.279  -0.323  30.223 0.1000000015
64948  -49.726  -0.983  30.830 0.1000000015
65779  -49.679  -0.008  29.937 0.1000000015
64955  -50.617  -0.577  29.677 0.1000000015
66631  -50.208  0.322  29.318 0.1000000015
64164  -51.538  -1.596  28.376 0.1000000015
64174  -51.843  -1.896  27.550 0.1000000015
66638  -50.762  0.472  28.633 0.1000000015
112969  -51.477  0.101  28.740 0.1000000015
65793  -52.050  -0.361  27.962 0.1000000015
120496  -52.504  -1.338  26.672 0.1000000015
64210  -53.118  -1.888  25.020 0.1000000015
64211  -53.681  -1.857  24.321 0.1000000015
61737  -52.297  -4.729  22.118 0.1000000015
60882  -51.546  -6.132  21.139 0.1000000015
52416  -45.525  -15.508  41.138 0.2000000030
51401  -46.435  -16.745  41.144 0.2000000030
51409  -46.886  -16.928  40.487 0.3000000119
59946  -47.753  -7.570  34.989 0.3000000119
60779  -48.105  -6.806  34.791 0.3000000119
60778  -47.535  -6.205  34.500 0.3000000119
62546  -48.003  -4.753  33.997 0.2000000030
63365  -48.390  -4.218  33.618 0.2000000030
108311  -45.643  -5.147  29.821 0.2000000030
109327  -45.763  -4.439  29.834 0.2000000030
120461  -48.566  -2.818  32.846 0.2000000030
62581  -45.372  -4.604  29.297 0.1000000015
63394  -46.066  -3.906  30.283 0.1000000015
63402  -46.085  -2.972  30.110 0.1000000015
64138  -48.383  -2.350  32.403 0.2000000030
62592  -44.955  -3.936  28.727 0.1000000015
63414  -45.118  -2.902  28.637 0.1000000015
64160  -45.700  -2.467  29.273 0.1000000015
126002  -46.597  -2.554  30.670 0.1000000015
64154  -47.092  -1.785  30.939 0.1000000015
64149  -47.785  -1.956  31.846 0.1000000015
64170  -45.387  -2.063  28.440 0.1000000015
64961  -45.728  -1.464  28.164 0.1000000015
64945  -46.969  -1.256  30.198 0.1000000015
64946  -47.751  -0.982  30.767 0.1000000015
117394  -46.144  -1.030  27.248 0.1000000015
65776  -47.038  -0.529  29.052 0.1000000015
65777  -47.873  -0.168  29.427 0.1000000015
125378  -46.802  -0.716  27.077 0.1000000015
65790  -46.825  -0.591  27.643 0.1000000015
66630  -49.370  0.346  29.241 0.1000000015
66642  -49.488  0.533  27.964 0.1000000015
66643  -51.591  0.338  27.975 0.1000000015
110725  -52.420  -0.499  27.103 0.1000000015
64989  -52.927  -1.204  25.957 0.1000000015
65798  -47.350  -0.674  26.575 0.1000000015
65792  -48.499  0.172  27.732 0.1000000015
107140  -50.096  0.632  27.425 0.1000000015
66650  -52.200  0.018  27.197 0.1000000015
65801  -52.690  -0.268  26.330 0.1000000015
63462  -53.452  -2.623  23.764 0.2000000030
63473  -53.820  -3.056  22.934 0.2000000030
62664  -53.909  -4.291  21.682 0.1000000015
61743  -52.886  -5.257  21.457 0.1000000015
60066  -50.037  -8.089  20.667 0.1000000015
60887  -51.153  -6.912  20.758 0.1000000015
61744  -53.639  -5.033  21.245 0.1000000015
60067  -50.797  -7.625  20.545 0.1000000015
60883  -52.547  -5.968  21.023 0.1000000015
53505  -45.056  -14.948  40.994 0.2000000030
52415  -44.799  -15.211  41.596 0.2000000030
52430  -45.477  -15.289  40.593 0.2000000030
52417  -46.298  -16.027  40.776 0.3000000119
52443  -46.505  -15.970  39.964 0.3000000119
58236  -46.704  -9.626  35.167 0.3000000119
57319  -46.277  -10.231  35.133 0.3000000119
59107  -47.047  -9.020  35.192 0.3000000119
59933  -47.382  -8.327  35.082 0.3000000119
59945  -46.984  -7.635  35.047 0.3000000119
110859  -47.444  -6.995  34.947 0.3000000119
60811  -45.338  -6.261  31.402 0.2000000030
61647  -45.860  -5.650  31.725 0.2000000030
61628  -47.326  -5.399  33.954 0.3000000119
61657  -45.662  -5.597  30.660 0.2000000030
62560  -46.126  -4.947  31.316 0.2000000030
62553  -47.667  -4.257  33.342 0.2000000030
61665  -45.296  -5.852  29.735 0.2000000030
62570  -45.951  -4.732  30.475 0.2000000030
62552  -46.906  -4.600  32.816 0.2000000030
62571  -46.369  -4.160  31.073 0.2000000030
63387  -46.854  -3.515  31.758 0.2000000030
63388  -47.696  -2.878  32.405 0.2000000030
63413  -44.483  -3.245  28.059 0.1000000015
64169  -44.866  -2.429  27.893 0.1000000015
64970  -45.544  -1.571  27.460 0.1000000015
64200  -53.336  -1.418  25.112 0.1000000015
65800  -49.209  0.030  26.432 0.1000000015
107148  -51.475  0.709  26.187 0.1000000015
108260  -52.258  0.401  26.336 0.1000000015
64990  -53.391  -0.743  25.194 0.1000000015
62651  -54.100  -3.484  22.147 0.2000000030
60888  -52.155  -6.742  20.609 0.1000000015
53504  -44.526  -14.658  41.350 0.1000000015
123796  -45.059  -14.951  40.672 0.1000000015
52429  -45.089  -14.988  40.372 0.1000000015
52431  -46.114  -15.742  40.362 0.3000000119
52542  -46.998  -14.969  35.086 0.3000000119
53609  -47.141  -14.353  34.780 0.2000000030
55491  -46.887  -13.134  34.700 0.2000000030
58251  -45.727  -9.531  35.012 0.3000000119
58267  -43.404  -9.799  33.498 0.2000000030
59106  -46.432  -9.063  35.142 0.3000000119
59120  -46.646  -8.412  35.076 0.3000000119
59145  -43.851  -7.982  32.937 0.2000000030
59958  -44.666  -7.639  33.365 0.2000000030
59959  -45.490  -7.258  33.897 0.2000000030
60777  -46.515  -6.869  34.447 0.3000000119
59969  -44.368  -7.328  32.299 0.2000000030
59970  -45.078  -6.881  32.971 0.2000000030
60792  -45.841  -6.503  33.485 0.3000000119
60810  -44.642  -6.886  31.231 0.2000000030
60802  -45.608  -6.234  32.447 0.2000000030
60793  -46.595  -6.006  33.829 0.2000000030
61637  -46.090  -5.653  32.509 0.2000000030
61648  -46.374  -5.117  32.211 0.2000000030
61638  -46.649  -5.371  33.122 0.2000000030
62545  -47.285  -4.864  33.471 0.2000000030
64180  -44.963  -2.141  27.366 0.1000000015
64969  -45.126  -1.924  27.070 0.1000000015
64977  -45.602  -1.546  26.886 0.1000000015
64978  -46.418  -1.194  26.523 0.1000000015
64987  -47.283  -1.317  25.759 0.1000000015
65806  -48.828  -0.507  25.826 0.1000000015
65808  -50.431  0.170  25.321 0.1000000015
66657  -52.137  0.684  25.448 0.1000000015
66668  -53.250  -0.047  24.913 0.1000000015
65001  -53.814  -1.120  24.432 0.1000000015
65010  -54.119  -1.510  23.733 0.1000000015
64220  -54.324  -1.866  22.999 0.1000000015
63474  -54.235  -2.642  22.585 0.2000000030
60884  -53.387  -5.765  20.884 0.1000000015
60889  -53.062  -6.522  20.521 0.1000000015
53608  -46.349  -14.387  34.999 0.2000000030
54606  -46.109  -13.597  35.040 0.2000000030
55489  -45.123  -12.460  34.790 0.2000000030
58250  -44.704  -9.790  34.581 0.2000000030
115718  -44.018  -10.010  34.155 0.2000000030
59133  -45.135  -8.072  34.210 0.3000000119
59944  -46.048  -7.780  34.655 0.3000000119
58268  -44.093  -9.269  33.986 0.2000000030
59118  -44.881  -8.911  34.473 0.3000000119
63426  -44.377  -2.798  27.314 0.1000000015
62601  -43.967  -3.681  27.486 0.1000000015
64985  -45.756  -1.800  26.205 0.1000000015
64986  -46.459  -1.711  25.810 0.1000000015
64988  -48.221  -1.154  25.358 0.1000000015
127284  -49.360  -0.560  25.422 0.1000000015
65818  -50.767  0.017  24.568 0.1000000015
66667  -52.787  0.561  24.631 0.1000000015
65819  -53.645  -0.373  24.327 0.1000000015
65826  -53.533  -0.027  23.459 0.1000000015
61748  -53.970  -5.489  20.685 0.1000000015
60069  -52.692  -7.353  20.158 0.1000000015
60074  -53.167  -8.071  19.588 0.1000000015
60070  -53.436  -7.057  19.989 0.1000000015
57485  -52.187  -10.503  19.016 0.1000000015
117705  -52.538  -9.840  19.275 0.1000000015
63433  -44.237  -2.939  26.776 0.1000000015
63441  -44.202  -3.238  26.169 0.1000000015
65000  -50.106  -0.883  24.146 0.1000000015
66676  -52.406  0.621  23.914 0.1000000015
66678  -53.325  0.230  24.209 0.1000000015
65825  -52.829  0.396  23.278 0.1000000015
110718  -54.067  -0.771  23.747 0.1000000015
62665  -54.343  -3.773  21.337 0.1000000015
60890  -53.733  -6.235  20.345 0.1000000015
59247  -52.565  -8.909  19.566 0.1000000015
60075  -53.717  -7.532  19.462 0.1000000015
58394  -52.966  -9.999  18.719 0.1000000015
58395  -53.352  -9.231  19.052 0.1000000015
59248  -53.824  -8.325  19.070 0.1000000015
57499  -52.512  -10.249  18.479 0.1000000015
59260  -54.113  -9.074  18.543 0.1000000015
64196  -44.674  -2.657  26.406 0.1000000015
64205  -44.762  -3.163  25.546 0.1000000015
64190  -45.119  -2.062  26.631 0.1000000015
64198  -46.065  -2.298  25.435 0.1000000015
65009  -50.393  -1.105  23.426 0.1000000015
112749  -50.741  -0.481  23.873 0.1000000015
65823  -51.092  -0.452  23.324 0.1000000015
124451  -51.914  0.161  23.268 0.1000000015
64228  -54.430  -2.241  22.073 0.1000000015
65834  -51.476  -0.399  22.783 0.1000000015
65835  -52.217  0.030  22.572 0.1000000015
65837  -53.642  -0.377  22.473 0.1000000015
65011  -54.321  -1.397  22.579 0.1000000015
126018  -54.377  -3.051  21.908 0.1000000015
61745  -54.187  -4.685  20.916 0.1000000015
65846  -52.502  -0.255  21.752 0.1000000015
65836  -53.099  0.050  22.576 0.1000000015
60895  -54.025  -6.727  19.661 0.1000000015
60891  -54.185  -5.834  20.080 0.1000000015
60076  -54.115  -7.567  19.050 0.1000000015
59261  -54.620  -8.754  18.141 0.1000000015
60899  -54.343  -6.844  18.950 0.1000000015
65018  -50.030  -1.864  22.787 0.1000000015
111307  -50.826  -1.058  22.742 0.1000000015
113509  -53.248  -0.251  21.883 0.1000000015
65021  -54.328  -1.512  21.672 0.1000000015
63487  -54.495  -2.944  21.317 0.1000000015
61749  -54.270  -5.099  20.327 0.1000000015
65848  -53.637  -0.576  21.576 0.1000000015
65838  -54.071  -0.875  22.101 0.1000000015
63499  -54.524  -3.469  20.782 0.1000000015
126826  -54.355  -4.645  20.463 0.1000000015
61753  -54.408  -5.277  19.729 0.1000000015
60087  -54.522  -7.776  18.490 0.1000000015
60907  -55.040  -7.050  17.492 0.1000000015
60906  -54.700  -6.980  18.287 0.1000000015
65029  -51.787  -0.829  21.344 0.1000000015
64237  -54.447  -2.177  21.178 0.1000000015
64248  -54.535  -2.656  20.522 0.1000000015
109679  -54.457  -4.157  20.605 0.1000000015
63516  -54.592  -3.538  20.045 0.1000000015
62676  -54.492  -4.530  20.006 0.1000000015
115105  -54.548  -4.735  19.379 0.1000000015
118690  -54.525  -6.133  18.740 0.1000000015
125337  -54.595  -5.655  18.550 0.1000000015
65020  -51.466  -0.758  22.064 0.1000000015
113955  -54.570  -2.592  19.736 0.1000000015
62684  -54.621  -3.996  19.353 0.1000000015
62687  -54.659  -4.364  18.643 0.1000000015
63537  -54.547  -2.631  18.313 0.1000000015
115140  -54.654  -3.497  18.691 0.1000000015
41931  -15.734  -27.084  54.585 0.1000000015
107274  -15.100  -27.078  53.136 0.1000000015
41932  -16.488  -26.966  54.467 0.1000000015
122139  -16.373  -26.958  52.547 0.1000000015
62596  -50.764  -3.962  27.554 0.2000000030
116112  -49.780  -2.586  29.843 0.3000000119
63427  -51.078  -3.638  27.269 0.2000000030
63416  -50.677  -3.313  28.081 0.3000000119
62616  -51.146  -3.814  26.723 0.2000000030
63404  -50.701  -2.472  28.593 0.2000000030
62615  -50.944  -4.050  26.211 0.2000000030
62602  -50.828  -4.558  27.352 0.2000000030
109421  -51.493  -2.474  27.638 0.1000000015
62609  -51.037  -4.150  27.072 0.2000000030
122742  -51.409  -3.230  26.084 0.2000000030
127847  -44.284  -7.178  30.799 0.2000000030
60801  -44.999  -6.718  32.066 0.2000000030
62591  -44.336  -4.278  28.133 0.1000000015
59968  -43.621  -7.819  32.129 0.2000000030
57348  -43.728  -10.632  33.942 0.2000000030
59131  -43.550  -8.812  33.252 0.2000000030
60814  -44.550  -6.917  30.314 0.2000000030
40075  -6.560  -28.266  59.353 0.2000000030
39184  -7.710  -29.031  59.065 0.2000000030
39186  -9.545  -28.703  59.090 0.2000000030
113300  -12.157  -29.983  57.332 0.4000000060
41949  -20.880  -26.240  53.220 0.1000000015
40989  -18.038  -27.957  55.847 0.2000000030
46830  -31.411  -20.950  33.842 0.3000000119
47758  -41.357  -20.520  24.656 0.2000000030
51391  -45.466  -16.887  42.347 0.2000000030
51382  -44.975  -17.071  42.972 0.1000000015
40076  -7.297  -28.499  59.237 0.2000000030
38312  -12.756  -29.806  57.206 0.4000000060
116992  -44.715  -19.531  24.352 0.2000000030
109498  -27.838  -22.345  32.928 0.2000000030
57332  -45.365  -10.472  35.018 0.2000000030
39203  -13.301  -29.359  57.108 0.2000000030
49583  -45.336  -18.225  24.481 0.2000000030
51408  -46.740  -16.243  40.119 0.3000000119
58237  -47.103  -9.475  35.066 0.3000000119
129155  -49.103  -5.931  31.695 0.3000000119
60012  -51.115  -6.821  28.127 0.4000000060
61677  -50.658  -5.457  27.729 0.3000000119
57428  -52.407  -10.960  27.624 0.4000000060
41894  -16.330  -27.660  55.726 0.1000000015
108423  -17.837  -26.881  50.736 0.1000000015
40088  -12.400  -28.653  57.862 0.1000000015
41929  -14.263  -27.145  54.836 0.1000000015
41897  -19.565  -26.976  55.723 0.2000000030
41943  -12.197  -27.285  53.585 0.1000000015
107279  -15.098  -27.092  53.956 0.1000000015
41959  -13.648  -27.128  53.228 0.1000000015
41971  -12.018  -27.326  51.835 0.1000000015
41986  -12.262  -27.168  50.930 0.1000000015
41987  -13.093  -26.952  50.914 0.1000000015
111014  -19.348  -26.735  52.022 0.1000000015
107268  -15.947  -26.964  52.073 0.1000000015
42007  -15.389  -26.714  49.389 0.1000000015
128270  -18.508  -26.808  50.402 0.1000000015
41975  -19.425  -26.752  51.254 0.1000000015
114782  -19.975  -26.711  50.668 0.1000000015
42009  -17.030  -26.796  49.539 0.1000000015
41993  -18.869  -26.732  49.743 0.1000000015
40985  -13.214  -28.412  57.185 0.1000000015
40084  -11.658  -28.707  58.368 0.1000000015
41878  -11.080  -27.331  57.445 0.1000000015
40983  -11.477  -27.686  57.941 0.1000000015
41007  -13.546  -28.001  56.825 0.1000000015
41892  -14.636  -27.820  56.123 0.1000000015
41907  -9.942  -27.364  56.201 0.1000000015
41037  -10.545  -27.538  54.489 0.1000000015
110352  -10.054  -27.680  53.977 0.1000000015
107755  -17.981  -26.733  54.614 0.1000000015
107277  -16.763  -26.920  53.702 0.1000000015
41934  -18.580  -26.618  54.134 0.1000000015
41056  -8.675  -28.072  52.646 0.1000000015
41068  -11.231  -27.549  51.577 0.1000000015
115209  -13.426  -26.841  50.220 0.1000000015
117598  -10.762  -27.664  51.047 0.1000000015
40973  -11.019  -27.867  58.455 0.1000000015
41023  -7.658  -27.798  55.428 0.1000000015
41045  -7.890  -28.125  53.751 0.1000000015
40147  -7.397  -28.590  52.404 0.1000000015
40148  -8.118  -28.280  52.225 0.1000000015
40156  -7.791  -28.539  51.443 0.1000000015
41078  -9.801  -27.959  50.253 0.1000000015
41858  -7.868  -27.349  58.788 0.1000000015
40956  -7.442  -27.923  59.190 0.2000000030
41867  -8.458  -27.276  58.534 0.2000000030
45973  -29.020  -21.827  33.483 0.2000000030
121703  -30.928  -21.252  34.482 0.3000000119
46048  -39.001  -22.380  24.962 0.2000000030
47746  -37.846  -20.683  25.550 0.2000000030
46855  -30.171  -20.892  30.556 0.2000000030
46893  -36.572  -21.206  25.982 0.2000000030
115211  -31.223  -20.502  29.294 0.2000000030
46060  -43.591  -22.318  24.753 0.2000000030
119151  -42.063  -22.477  24.532 0.2000000030
46059  -42.594  -21.889  24.505 0.2000000030
46910  -41.120  -21.520  24.535 0.2000000030
119200  -41.812  -21.885  24.468 0.2000000030
46909  -40.228  -21.584  24.641 0.2000000030
47756  -39.880  -20.990  24.823 0.2000000030
47739  -37.792  -19.917  25.848 0.2000000030
46914  -44.940  -21.546  24.593 0.2000000030
46912  -43.320  -21.498  24.511 0.2000000030
47760  -43.633  -20.802  24.440 0.2000000030
62635  -52.243  -3.590  23.564 0.2000000030
61735  -50.431  -5.161  22.485 0.1000000015
64949  -50.071  -0.837  30.443 0.1000000015
64941  -49.561  -1.676  31.359 0.2000000030
63460  -52.046  -3.189  24.355 0.2000000030
51390  -44.785  -16.296  42.693 0.1000000015
63367  -49.365  -3.843  33.144 0.3000000119
64928  -48.698  -1.836  32.063 0.2000000030
64163  -50.915  -1.555  28.973 0.1000000015
64172  -51.266  -2.413  28.109 0.1000000015
63434  -51.380  -3.166  26.710 0.2000000030
63442  -51.956  -2.410  26.142 0.2000000030
111388  -53.204  -4.575  21.942 0.1000000015
63381  -48.265  -3.498  33.212 0.2000000030
64939  -48.457  -1.290  31.528 0.1000000015
64947  -48.777  -0.662  30.889 0.1000000015
65778  -48.804  0.083  29.749 0.1000000015
65771  -49.491  -0.531  30.615 0.1000000015
66636  -48.384  0.125  28.867 0.1000000015
65772  -50.004  -0.400  30.244 0.1000000015
65780  -50.454  0.023  29.672 0.1000000015
66632  -50.868  0.224  29.214 0.1000000015
111213  -50.216  0.635  28.124 0.1000000015
66637  -49.851  0.560  28.693 0.1000000015
64956  -51.424  -0.818  28.873 0.2000000030
127236  -51.682  -0.394  28.636 0.1000000015
64173  -51.665  -1.953  27.924 0.1000000015
64963  -51.937  -1.145  28.150 0.1000000015
64972  -52.337  -1.113  27.347 0.1000000015
64183  -52.067  -1.879  27.031 0.1000000015
108694  -50.854  0.619  27.716 0.1000000015
64979  -52.685  -0.822  26.556 0.1000000015
63463  -54.037  -2.222  23.413 0.2000000030
60064  -50.223  -7.123  21.016 0.1000000015
63401  -45.594  -3.621  29.449 0.1000000015
64171  -45.927  -1.593  28.996 0.1000000015
64148  -47.019  -2.643  31.466 0.2000000030
64181  -45.263  -1.905  27.827 0.1000000015
64953  -46.612  -1.112  29.432 0.1000000015
64971  -46.177  -0.972  27.879 0.1000000015
64954  -47.381  -0.672  29.845 0.1000000015
65787  -47.542  -0.215  28.739 0.1000000015
114979  -47.521  -0.272  27.301 0.1000000015
127351  -48.395  0.150  28.299 0.1000000015
108096  -49.012  0.383  28.498 0.1000000015
66647  -49.251  0.330  27.168 0.1000000015
64980  -52.978  -0.678  25.901 0.1000000015
65799  -48.314  -0.134  26.709 0.1000000015
65805  -47.945  -0.660  25.987 0.1000000015
66655  -49.953  0.435  26.624 0.1000000015
66648  -50.780  0.663  26.854 0.1000000015
66649  -51.570  0.526  27.073 0.1000000015
66658  -52.761  0.173  25.539 0.1000000015
60815  -45.098  -6.359  30.458 0.2000000030
63380  -47.275  -3.810  32.634 0.2000000030
65807  -49.732  -0.024  25.787 0.1000000015
66665  -51.243  0.631  25.361 0.1000000015
66656  -50.617  0.580  26.019 0.1000000015
59119  -45.770  -8.603  34.838 0.3000000119
59132  -44.331  -8.434  33.711 0.2000000030
64997  -47.791  -1.930  24.962 0.1000000015
65817  -49.818  -0.545  24.955 0.1000000015
66666  -51.841  0.643  24.628 0.1000000015
128473  -54.273  -1.238  23.277 0.1000000015
63425  -43.824  -3.453  26.961 0.1000000015
65816  -49.058  -1.037  25.136 0.1000000015
65824  -51.450  0.152  23.915 0.1000000015
64998  -48.607  -1.710  24.702 0.1000000015
65827  -54.098  -0.709  22.994 0.1000000015
58410  -53.252  -10.017  18.194 0.1000000015
59249  -54.266  -8.323  18.663 0.1000000015
58411  -53.707  -9.706  18.331 0.1000000015
115786  -54.373  -6.028  19.406 0.1000000015
61757  -54.565  -5.346  19.006 0.1000000015
61759  -54.744  -6.014  18.003 0.1000000015
127998  -54.434  -2.027  20.611 0.1000000015
115504  -54.676  -5.130  18.254 0.1000000015
63527  -54.635  -3.049  19.192 0.1000000015
110665  -52.375  -12.044  26.571 0.2000000030
56558  -52.171  -11.326  26.808 0.2000000030
60849  -51.255  -6.864  27.368 0.3000000119
60021  -51.397  -7.480  27.923 0.3000000119
112485  -51.123  -6.408  27.829 0.3000000119
112396  -51.064  -5.883  27.414 0.2000000030
124939  -46.191  -15.304  35.128 0.2000000030
55504  -43.871  -12.214  33.534 0.1000000015
57347  -43.147  -10.681  33.299 0.1000000015
54605  -45.256  -13.431  34.639 0.1000000015
111267  -44.526  -12.103  34.338 0.1000000015
56448  -44.132  -11.396  34.227 0.1000000015
56543  -52.606  -11.589  27.248 0.2000000030
58279  -42.794  -9.250  32.706 0.1000000015
59978  -43.905  -7.495  31.282 0.1000000015
59988  -44.028  -7.376  30.354 0.1000000015
57443  -52.352  -11.126  27.199 0.3000000119
57442  -52.192  -10.600  27.154 0.3000000119
61685  -50.863  -5.512  27.575 0.2000000030
115673  -52.059  -9.719  27.212 0.4000000060
60848  -50.987  -6.181  26.780 0.3000000119
60029  -51.450  -7.744  27.414 0.4000000060
56447  -43.589  -11.299  33.610 0.1000000015
36600  -6.490  -33.333  58.944 0.1000000015
35727  -5.921  -33.608  59.257 0.1000000015
123524  -7.187  -33.723  58.983 0.1000000015
40070  -4.386  -28.194  60.095 0.1000000015
40951  -2.999  -27.833  60.058 0.1000000015
40081  -2.288  -28.051  59.302 0.1000000015
40961  -6.188  -27.714  59.123 0.1000000015
41857  -6.741  -27.516  58.833 0.1000000015
40979  -4.611  -27.607  57.997 0.1000000015
41855  -5.008  -27.459  59.195 0.1000000015
40960  -5.253  -27.662  59.443 0.1000000015
40086  -3.253  -28.134  57.782 0.1000000015
39178  -5.726  -28.484  59.505 0.1000000015
40962  -7.175  -27.568  58.893 0.1000000015
41856  -5.905  -27.469  58.891 0.1000000015
53369  -30.010  -14.796  52.181 0.1000000015
54415  -31.227  -13.815  51.705 0.1000000015
54429  -32.172  -13.119  50.934 0.1000000015
54428  -31.240  -13.592  50.667 0.1000000015
53397  -31.075  -13.820  49.410 0.1000000015
55351  -33.520  -12.690  50.412 0.1000000015
55363  -33.986  -12.491  49.655 0.1000000015
54444  -33.117  -12.791  49.502 0.1000000015
40952  -3.899  -27.717  60.043 0.1000000015
40958  -3.527  -27.592  59.843 0.1000000015
40957  -2.897  -27.706  59.707 0.1000000015
40967  -3.649  -27.536  59.321 0.1000000015
40082  -3.014  -27.789  58.790 0.1000000015
40978  -3.802  -27.686  58.354 0.1000000015
40071  -5.243  -28.102  59.880 0.1000000015
40968  -4.457  -27.442  58.956 0.1000000015
54417  -32.535  -13.442  51.619 0.1000000015
55352  -34.317  -12.682  50.349 0.1000000015
40072  -5.903  -28.114  59.535 0.1000000015
40953  -4.772  -27.783  59.859 0.1000000015
120137  -31.841  -13.474  51.494 0.1000000015
54443  -32.657  -12.877  50.250 0.1000000015
126548  -51.906  -10.253  26.758 0.2000000030
58351  -51.560  -9.234  26.788 0.2000000030
57460  -50.024  -9.971  25.968 0.2000000030
51479  -45.327  -16.032  35.121 0.1000000015
58352  -51.842  -8.969  27.331 0.3000000119
58350  -50.713  -9.210  26.260 0.2000000030
59207  -51.303  -8.387  26.802 0.2000000030
116964  -44.831  -15.012  34.258 0.1000000015
59199  -51.705  -8.358  27.677 0.2000000030
116265  -51.175  -7.537  26.891 0.3000000119
60027  -50.532  -7.710  26.287 0.3000000119
59206  -50.194  -8.466  26.020 0.2000000030
52459  -44.873  -15.281  38.882 0.1000000015
53560  -44.339  -14.649  39.278 0.1000000015
52483  -44.581  -15.706  37.895 0.1000000015
52540  -44.588  -15.642  34.506 0.1000000015
52541  -45.459  -15.213  34.749 0.1000000015
51449  -44.109  -16.252  35.971 0.1000000015
52441  -45.051  -15.071  39.763 0.1000000015
52442  -45.819  -15.508  40.062 0.1000000015
51468  -44.147  -16.107  35.036 0.1000000015
56557  -51.539  -10.885  26.470 0.2000000030
57441  -51.268  -9.986  26.429 0.2000000030
60041  -50.120  -7.121  25.940 0.2000000030
60859  -50.296  -6.321  25.971 0.2000000030
117899  -50.623  -4.149  24.588 0.1000000015
113531  -49.460  -6.810  25.503 0.2000000030
60858  -49.519  -5.990  25.318 0.2000000030
60028  -50.777  -6.957  26.536 0.2000000030
117621  -50.726  -5.650  26.343 0.2000000030
61712  -50.469  -4.547  25.358 0.2000000030
61698  -50.259  -5.427  25.692 0.2000000030
62625  -50.968  -3.692  25.353 0.2000000030
63450  -51.621  -3.123  25.121 0.2000000030
62608  -51.040  -4.537  26.802 0.1000000015
61691  -51.017  -5.356  26.819 0.1000000015
61699  -50.798  -4.894  26.271 0.2000000030
61692  -51.081  -4.972  27.039 0.1000000015
61711  -49.714  -5.278  24.920 0.2000000030
116470  -31.559  -36.424  43.232 0.1000000015
33366  -32.147  -36.320  42.813 0.1000000015
33380  -31.959  -36.032  42.076 0.1000000015
35887  -12.742  -32.333  42.916 0.1000000015
33352  -32.336  -36.447  43.727 0.1000000015
33367  -32.809  -36.295  43.103 0.1000000015
34199  -31.758  -35.842  41.294 0.1000000015
34200  -32.513  -35.835  41.643 0.1000000015
33381  -32.715  -36.075  42.424 0.1000000015
34216  -32.281  -35.688  40.802 0.1000000015
114876  -33.200  -35.843  42.075 0.1000000015
33353  -33.265  -36.324  43.778 0.1000000015
33368  -33.419  -36.061  42.968 0.1000000015
128547  -33.695  -35.787  42.495 0.1000000015
34185  -34.132  -35.836  43.154 0.1000000015
114505  -33.018  -35.615  41.209 0.1000000015
34186  -34.809  -35.498  43.024 0.1000000015
107403  -32.811  -35.419  40.227 0.1000000015
34176  -35.659  -35.078  43.743 0.1000000015
34237  -32.439  -35.350  39.504 0.1000000015
34252  -32.510  -35.149  38.777 0.1000000015
108762  -33.765  -35.549  41.733 0.1000000015
108546  -34.142  -35.628  42.498 0.1000000015
126158  -34.595  -35.277  42.062 0.1000000015
34217  -33.551  -35.292  40.715 0.1000000015
127240  -33.416  -35.093  39.956 0.1000000015
34187  -35.466  -34.961  42.663 0.1000000015
34218  -34.322  -35.061  41.057 0.1000000015
123931  -33.018  -35.104  39.391 0.1000000015
34267  -32.623  -34.897  37.829 0.1000000015
108160  -48.522  -25.449  26.308 0.1000000015
110751  -36.122  -34.318  42.326 0.1000000015
34201  -35.238  -34.645  41.462 0.1000000015
35058  -34.428  -34.290  39.453 0.1000000015
34266  -31.652  -35.186  37.648 0.1000000015
34283  -31.293  -35.093  36.808 0.1000000015
107721  -47.908  -25.466  26.891 0.1000000015
35047  -34.806  -34.495  40.358 0.1000000015
34284  -32.318  -34.859  36.895 0.1000000015
35068  -34.751  -33.634  38.880 0.1000000015
35094  -30.876  -35.002  35.893 0.1000000015
42300  -46.201  -26.161  28.768 0.1000000015
43204  -47.249  -25.571  27.530 0.1000000015
107536  -48.881  -25.540  27.030 0.1000000015
43222  -49.423  -25.551  26.453 0.1000000015
35119  -31.777  -34.917  35.155 0.1000000015
42301  -47.143  -26.188  28.887 0.1000000015
43186  -47.766  -25.808  28.279 0.1000000015
43205  -48.329  -25.600  27.655 0.1000000015
109632  -49.336  -25.553  27.735 0.1000000015
43165  -48.156  -26.072  29.017 0.1000000015
106988  -47.640  -25.240  26.148 0.1000000015
107006  -46.881  -25.204  26.734 0.1000000015
34238  -33.696  -34.706  39.315 0.1000000015
34253  -33.241  -34.762  38.546 0.1000000015
35057  -34.016  -34.141  38.436 0.1000000015
43203  -46.489  -25.375  27.315 0.1000000015
43240  -48.076  -25.021  24.905 0.1000000015
43235  -49.096  -25.511  25.756 0.1000000015
126529  -49.874  -25.626  25.969 0.1000000015
35080  -33.500  -34.407  37.639 0.1000000015
35095  -32.056  -34.858  35.993 0.1000000015
42299  -45.366  -26.050  28.488 0.1000000015
43185  -45.965  -25.794  28.118 0.1000000015
124093  -50.395  -25.592  26.549 0.1000000015
35146  -31.443  -34.868  34.405 0.1000000015
114813  -31.548  -34.790  32.755 0.1000000015
42233  -33.356  -25.994  31.957 0.1000000015
42249  -33.081  -26.282  31.433 0.1000000015
43233  -47.468  -24.898  25.451 0.1000000015
44129  -46.864  -24.805  25.974 0.1000000015
43234  -48.263  -25.290  25.589 0.1000000015
35079  -33.196  -34.492  36.903 0.1000000015
43221  -46.003  -25.042  27.019 0.1000000015
125012  -49.737  -25.737  25.278 0.1000000015
35081  -34.028  -33.902  37.354 0.1000000015
116249  -33.721  -34.195  36.854 0.1000000015
43183  -44.662  -25.831  28.123 0.1000000015
112117  -47.448  -23.809  24.353 0.1000000015
44136  -48.030  -24.457  24.327 0.1000000015
110558  -48.876  -25.422  24.998 0.1000000015
42297  -43.911  -26.219  28.372 0.1000000015
46071  -47.836  -22.466  23.613 0.1000000015
45114  -47.575  -23.181  23.920 0.1000000015
35943  -34.352  -33.317  37.012 0.1000000015
35098  -34.035  -33.921  36.412 0.1000000015
35172  -32.288  -34.879  33.602 0.1000000015
107722  -50.366  -25.481  27.821 0.1000000015
35948  -34.247  -33.484  35.906 0.1000000015
42273  -41.591  -27.299  29.357 0.1000000015
36800  -34.392  -33.055  36.392 0.1000000015
35191  -32.447  -34.725  32.054 0.1000000015
113513  -32.688  -34.805  32.757 0.1000000015
42272  -40.776  -26.930  29.393 0.1000000015
35208  -33.174  -34.247  31.545 0.1000000015
128556  -38.328  -24.882  32.538 0.1000000015
43144  -39.544  -25.700  30.631 0.1000000015
44020  -37.616  -24.698  32.342 0.1000000015
44033  -38.325  -24.789  31.626 0.1000000015
108259  -35.818  -24.921  32.588 0.1000000015
44031  -36.766  -24.625  32.050 0.1000000015
44030  -35.120  -24.810  31.859 0.1000000015
125183  -34.345  -25.070  32.012 0.1000000015
44029  -33.583  -25.142  31.694 0.1000000015
42271  -31.853  -26.436  30.262 0.1000000015
41315  -31.269  -26.823  29.393 0.1000000015
41316  -32.731  -26.689  29.806 0.1000000015
41294  -32.564  -26.439  30.734 0.1000000015
110583  -32.193  -26.880  29.071 0.1000000015
41339  -33.242  -26.932  28.594 0.1000000015
41317  -33.601  -26.724  29.457 0.1000000015
41338  -32.580  -27.406  28.138 0.1000000015
106630  -46.830  -24.359  25.374 0.1000000015
44113  -45.364  -24.522  26.756 0.1000000015
44098  -44.795  -24.825  27.132 0.1000000015
35096  -33.101  -34.650  36.057 0.1000000015
44097  -44.147  -24.927  27.173 0.1000000015
43244  -48.683  -25.125  24.264 0.1000000015
43241  -49.595  -25.722  24.280 0.1000000015
43236  -50.769  -25.807  25.822 0.1000000015
35097  -33.713  -34.340  36.139 0.1000000015
35120  -33.000  -34.816  35.083 0.1000000015
123519  -32.392  -34.906  34.458 0.1000000015
44139  -48.062  -23.795  23.847 0.1000000015
44140  -48.602  -24.449  23.702 0.1000000015
35122  -34.106  -34.089  35.589 0.1000000015
35121  -33.757  -34.476  35.365 0.1000000015
35148  -33.873  -34.493  34.549 0.1000000015
114622  -43.022  -26.546  28.245 0.1000000015
121962  -42.680  -26.248  27.696 0.1000000015
45115  -48.242  -23.106  23.473 0.1000000015
43207  -50.971  -25.483  27.269 0.1000000015
35192  -33.391  -34.488  32.364 0.1000000015
42296  -41.556  -27.065  28.752 0.1000000015
128769  -41.541  -26.479  27.736 0.1000000015
43189  -50.749  -25.446  28.515 0.1000000015
36799  -34.212  -32.865  36.067 0.1000000015
35149  -34.331  -33.650  35.100 0.1000000015
43164  -40.014  -26.295  30.030 0.1000000015
43181  -40.131  -26.339  28.929 0.1000000015
36037  -33.491  -33.450  31.245 0.1000000015
36855  -33.384  -32.875  30.965 0.1000000015
43143  -38.992  -25.285  30.141 0.1000000015
43163  -39.515  -25.767  29.553 0.1000000015
37770  -32.829  -32.397  30.475 0.1000000015
36854  -32.866  -32.417  31.247 0.1000000015
44032  -37.485  -24.552  31.452 0.1000000015
128468  -37.921  -24.601  30.874 0.1000000015
44047  -38.455  -24.868  30.611 0.1000000015
107455  -36.044  -24.567  31.546 0.1000000015
107509  -36.797  -24.462  31.225 0.1000000015
44028  -32.928  -25.458  31.616 0.1000000015
42270  -31.065  -26.264  30.035 0.1000000015
42247  -31.677  -25.996  30.673 0.1000000015
123364  -32.131  -25.841  31.148 0.1000000015
41337  -31.710  -27.484  28.561 0.1000000015
44128  -45.735  -24.056  26.090 0.1000000015
126658  -46.349  -24.321  25.843 0.1000000015
44135  -47.410  -24.428  24.867 0.1000000015
44127  -44.980  -23.862  26.320 0.1000000015
122682  -44.277  -23.907  26.386 0.1000000015
44112  -44.548  -24.376  26.780 0.1000000015
44126  -43.645  -23.740  26.032 0.1000000015
129035  -43.649  -24.850  27.024 0.1000000015
43200  -43.565  -25.268  27.300 0.1000000015
35147  -33.306  -34.789  34.059 0.1000000015
43199  -42.879  -25.637  27.265 0.1000000015
43246  -50.266  -25.730  23.353 0.1000000015
43223  -51.497  -25.565  26.648 0.1000000015
35968  -34.338  -33.853  34.350 0.1000000015
35173  -33.411  -34.688  33.182 0.1000000015
43198  -42.004  -26.173  27.296 0.1000000015
46072  -48.597  -22.276  23.191 0.1000000015
45116  -48.902  -23.176  23.041 0.1000000015
44141  -49.206  -24.179  23.000 0.1000000015
107537  -51.480  -25.313  28.004 0.1000000015
36814  -34.374  -33.289  34.819 0.1000000015
42295  -41.008  -26.675  28.276 0.1000000015
46922  -48.807  -21.379  23.275 0.1000000015
36805  -34.236  -32.944  35.182 0.1000000015
36806  -34.344  -33.175  35.475 0.1000000015
43162  -38.917  -25.273  29.066 0.1000000015
37769  -32.208  -31.941  30.750 0.1000000015
44046  -37.269  -24.458  30.613 0.1000000015
121744  -37.836  -24.595  30.092 0.1000000015
37782  -32.336  -31.862  29.921 0.1000000015
37781  -31.354  -31.458  30.224 0.1000000015
44044  -35.459  -24.531  30.899 0.1000000015
44045  -36.378  -24.404  30.510 0.1000000015
37792  -31.637  -31.433  29.291 0.1000000015
109950  -34.447  -24.712  31.131 0.1000000015
44059  -35.038  -24.493  30.160 0.1000000015
44027  -32.383  -25.449  31.283 0.1000000015
44042  -32.900  -24.968  31.185 0.1000000015
41314  -30.509  -26.825  29.373 0.1000000015
42248  -32.257  -26.135  31.086 0.1000000015
127893  -31.323  -28.205  28.257 0.1000000015
126901  -46.203  -23.712  25.400 0.1000000015
45099  -44.458  -23.324  25.793 0.1000000015
122485  -42.247  -23.671  24.986 0.1000000015
45096  -41.551  -23.952  24.900 0.1000000015
111960  -43.000  -24.276  26.223 0.1000000015
43220  -43.087  -24.896  26.851 0.1000000015
46070  -47.257  -22.670  23.996 0.1000000015
44124  -41.226  -24.648  25.418 0.1000000015
44109  -41.718  -25.133  26.077 0.1000000015
43242  -50.444  -26.064  24.849 0.1000000015
43218  -41.402  -25.747  26.684 0.1000000015
43245  -49.300  -25.134  23.498 0.1000000015
43248  -49.899  -24.971  22.784 0.1000000015
116581  -50.451  -26.098  24.064 0.1000000015
42324  -51.422  -26.151  25.224 0.1000000015
35174  -33.978  -34.369  33.696 0.1000000015
43197  -41.032  -26.244  27.355 0.1000000015
112539  -49.164  -21.806  22.914 0.1000000015
45118  -49.524  -23.348  22.500 0.1000000015
43208  -52.100  -25.330  27.425 0.1000000015
36813  -34.157  -33.132  34.266 0.1000000015
35988  -34.205  -33.636  33.450 0.1000000015
109366  -33.999  -34.156  32.833 0.1000000015
108505  -40.270  -26.112  27.972 0.1000000015
43196  -39.641  -25.611  27.552 0.1000000015
36824  -33.951  -33.044  33.263 0.1000000015
36012  -33.968  -33.407  32.618 0.1000000015
36838  -33.677  -32.899  32.392 0.1000000015
36038  -33.695  -33.163  31.786 0.1000000015
43179  -38.905  -25.244  28.013 0.1000000015
36812  -33.428  -32.629  34.059 0.1000000015
36823  -33.165  -32.609  33.156 0.1000000015
36822  -32.734  -32.414  32.277 0.1000000015
111997  -33.427  -32.778  31.671 0.1000000015
44061  -37.806  -24.580  29.283 0.1000000015
44081  -38.246  -24.777  28.585 0.1000000015
36803  -32.489  -32.202  34.882 0.1000000015
36811  -32.340  -32.260  33.968 0.1000000015
112540  -31.346  -31.937  33.782 0.1000000015
37756  -31.361  -31.952  32.775 0.1000000015
125599  -31.255  -31.756  31.175 0.1000000015
44060  -37.077  -24.390  29.619 0.1000000015
44080  -37.414  -24.414  28.500 0.1000000015
37735  -30.377  -31.510  34.470 0.1000000015
37755  -30.218  -31.555  32.900 0.1000000015
38619  -30.071  -31.125  30.024 0.1000000015
118375  -36.178  -24.329  29.581 0.1000000015
44079  -36.528  -24.247  28.749 0.1000000015
128179  -30.908  -31.089  29.432 0.1000000015
39504  -28.839  -30.029  29.066 0.1000000015
110284  -29.997  -30.557  29.116 0.1000000015
39515  -28.940  -29.380  28.641 0.1000000015
117565  -28.808  -28.107  28.608 0.1000000015
43161  -31.803  -25.468  30.677 0.1000000015
44057  -33.056  -24.604  30.216 0.1000000015
38643  -29.676  -29.786  28.602 0.1000000015
41336  -30.092  -27.689  28.832 0.1000000015
42294  -29.840  -26.795  29.121 0.1000000015
43160  -31.109  -25.805  30.208 0.1000000015
44056  -32.065  -24.718  29.872 0.1000000015
39516  -30.508  -29.444  28.299 0.1000000015
40440  -30.610  -28.503  28.405 0.1000000015
44134  -46.863  -23.794  24.826 0.1000000015
45100  -45.804  -22.943  25.131 0.1000000015
46050  -45.029  -22.799  25.304 0.1000000015
45111  -47.046  -23.182  24.365 0.1000000015
45098  -43.596  -23.137  25.293 0.1000000015
121719  -40.158  -23.038  24.637 0.1000000015
46916  -47.296  -21.986  23.864 0.1000000015
46056  -39.791  -22.370  24.681 0.1000000015
45095  -40.175  -23.795  24.888 0.1000000015
42331  -51.857  -26.391  24.525 0.1000000015
124541  -39.401  -23.267  24.958 0.1000000015
44122  -39.506  -24.203  25.385 0.1000000015
44123  -40.335  -24.578  25.385 0.1000000015
44108  -40.700  -25.315  26.072 0.1000000015
42330  -51.041  -26.259  24.441 0.1000000015
44121  -38.855  -23.807  25.468 0.1000000015
44107  -39.667  -24.998  25.988 0.1000000015
43217  -40.675  -25.772  26.782 0.1000000015
46925  -49.692  -21.867  22.514 0.1000000015
44143  -49.931  -24.191  22.375 0.1000000015
43237  -52.009  -25.751  26.026 0.1000000015
35209  -33.765  -33.772  32.046 0.1000000015
44106  -38.842  -24.470  25.998 0.1000000015
43216  -39.970  -25.513  26.713 0.1000000015
44095  -38.289  -24.746  27.580 0.1000000015
44096  -38.981  -25.140  26.865 0.1000000015
121769  -31.869  -32.046  31.705 0.1000000015
44093  -36.752  -24.079  27.798 0.1000000015
127220  -37.889  -24.540  28.016 0.1000000015
37745  -30.566  -31.665  33.546 0.1000000015
37768  -30.732  -31.716  32.000 0.1000000015
37734  -29.629  -31.037  34.622 0.1000000015
44077  -34.835  -24.291  29.159 0.1000000015
44078  -35.728  -24.188  28.885 0.1000000015
38574  -28.648  -29.994  33.800 0.1000000015
37754  -29.466  -31.214  33.012 0.1000000015
40438  -28.557  -28.732  28.614 0.1000000015
44076  -33.772  -24.396  29.123 0.1000000015
41334  -28.614  -27.335  28.603 0.1000000015
109034  -29.691  -26.103  29.086 0.1000000015
108180  -32.901  -24.478  29.164 0.1000000015
42269  -30.411  -26.116  29.634 0.1000000015
43159  -30.665  -25.524  29.689 0.1000000015
108844  -31.500  -24.650  28.936 0.1000000015
44075  -32.335  -24.369  28.580 0.1000000015
45110  -46.475  -23.108  24.752 0.1000000015
46062  -45.426  -22.249  24.812 0.1000000015
46064  -46.800  -22.486  24.280 0.1000000015
42335  -51.269  -26.221  23.690 0.1000000015
42340  -51.165  -25.842  22.960 0.1000000015
45094  -38.554  -23.123  25.305 0.1000000015
45093  -37.896  -22.982  25.589 0.1000000015
46075  -49.945  -22.631  22.203 0.1000000015
118897  -50.389  -24.794  22.288 0.1000000015
45086  -38.122  -23.780  25.883 0.1000000015
124592  -50.189  -21.453  22.503 0.1000000015
46926  -50.348  -22.005  22.016 0.1000000015
45085  -37.284  -23.220  26.068 0.1000000015
44105  -37.579  -23.953  26.532 0.1000000015
45084  -36.522  -23.002  26.475 0.1000000015
37767  -29.715  -31.371  32.241 0.1000000015
37780  -30.149  -31.435  31.148 0.1000000015
45061  -35.994  -23.903  28.032 0.1000000015
38603  -29.088  -31.008  31.704 0.1000000015
38631  -28.366  -30.232  29.638 0.1000000015
45059  -34.291  -24.025  28.172 0.1000000015
45060  -35.191  -23.890  28.145 0.1000000015
38585  -29.016  -30.743  33.441 0.1000000015
38591  -28.423  -30.441  32.187 0.1000000015
40417  -27.071  -28.657  29.181 0.1000000015
110873  -28.109  -27.988  28.542 0.1000000015
41333  -27.835  -27.123  28.450 0.1000000015
45058  -33.275  -24.124  28.110 0.1000000015
39464  -27.979  -29.751  32.589 0.1000000015
43177  -29.011  -25.889  28.569 0.1000000015
44073  -29.829  -24.925  28.443 0.1000000015
120286  -30.865  -24.244  27.869 0.1000000015
44092  -31.681  -24.153  27.873 0.1000000015
43178  -30.147  -25.534  29.147 0.1000000015
44074  -30.682  -24.910  28.847 0.1000000015
46063  -46.166  -22.333  24.588 0.1000000015
123768  -46.648  -21.498  24.166 0.1000000015
43250  -51.533  -25.642  22.301 0.1000000015
42336  -52.237  -26.498  23.827 0.1000000015
42326  -53.575  -26.273  25.506 0.1000000015
46080  -50.506  -22.731  21.649 0.1000000015
44144  -50.585  -24.287  21.883 0.1000000015
125550  -36.845  -21.882  25.860 0.1000000015
46031  -35.841  -22.817  26.708 0.1000000015
108477  -29.159  -30.954  30.691 0.1000000015
46029  -34.486  -22.551  26.784 0.1000000015
45076  -35.506  -23.428  27.323 0.1000000015
38602  -28.431  -30.514  31.274 0.1000000015
38618  -28.391  -30.463  30.354 0.1000000015
45073  -32.032  -23.222  27.271 0.1000000015
45074  -33.839  -23.558  27.454 0.1000000015
45075  -34.633  -23.353  27.282 0.1000000015
39474  -27.338  -29.508  31.345 0.1000000015
39489  -27.242  -29.563  30.525 0.1000000015
39503  -27.211  -29.339  29.693 0.1000000015
117784  -27.194  -27.780  28.727 0.1000000015
44090  -29.574  -24.242  27.700 0.1000000015
45072  -31.062  -23.254  27.369 0.1000000015
121940  -32.502  -23.886  27.706 0.1000000015
40373  -27.531  -28.308  33.129 0.1000000015
40388  -27.041  -28.968  31.678 0.1000000015
39473  -26.834  -29.067  30.986 0.1000000015
40416  -26.554  -28.670  29.851 0.1000000015
112599  -26.399  -27.075  28.956 0.1000000015
42291  -27.644  -26.268  28.355 0.1000000015
44072  -28.902  -24.899  28.058 0.1000000015
44091  -30.224  -24.461  27.988 0.1000000015
43254  -52.021  -25.259  21.562 0.1000000015
42346  -52.405  -25.905  22.003 0.1000000015
42341  -52.279  -26.230  22.901 0.1000000015
42337  -53.132  -26.691  23.683 0.1000000015
45129  -51.445  -23.280  20.896 0.1000000015
45128  -50.893  -23.574  21.415 0.1000000015
42333  -53.763  -26.711  24.569 0.1000000015
46932  -50.947  -22.128  21.457 0.1000000015
47779  -51.368  -20.542  22.529 0.1000000015
120442  -34.044  -21.934  26.728 0.1000000015
46881  -32.699  -21.249  27.261 0.1000000015
46028  -33.232  -22.072  26.873 0.1000000015
46027  -32.304  -22.185  27.106 0.1000000015
115167  -26.427  -26.753  32.705 0.1000000015
42218  -25.993  -26.669  31.974 0.1000000015
42230  -25.666  -26.374  31.152 0.1000000015
43158  -25.683  -25.618  29.740 0.1000000015
44069  -26.298  -24.670  28.779 0.1000000015
113779  -27.426  -23.913  27.994 0.1000000015
45070  -29.332  -23.289  27.425 0.1000000015
46025  -30.139  -22.688  27.365 0.1000000015
41269  -26.416  -27.580  32.036 0.1000000015
42231  -25.955  -27.150  31.372 0.1000000015
41292  -25.912  -27.205  29.672 0.1000000015
42268  -25.920  -26.364  29.295 0.1000000015
43175  -27.384  -25.480  28.242 0.1000000015
44071  -28.246  -24.071  27.642 0.1000000015
44153  -52.851  -25.192  20.928 0.1000000015
44152  -52.120  -24.574  21.006 0.1000000015
42342  -53.297  -26.421  22.031 0.1000000015
44164  -52.101  -23.848  20.629 0.1000000015
116841  -53.567  -26.723  22.793 0.1000000015
46089  -51.557  -22.448  20.808 0.1000000015
41371  -54.010  -27.018  23.608 0.1000000015
47782  -51.773  -20.884  21.796 0.1000000015
46933  -51.538  -21.606  21.233 0.1000000015
41366  -54.400  -27.151  25.237 0.1000000015
115016  -54.113  -26.682  25.164 0.1000000015
48675  -52.568  -19.000  23.667 0.1000000015
48682  -52.101  -19.783  23.027 0.1000000015
42327  -54.174  -26.498  25.853 0.1000000015
45988  -28.097  -21.950  31.167 0.1000000015
45971  -27.183  -22.770  32.999 0.1000000015
45979  -27.390  -22.526  32.277 0.1000000015
108982  -28.169  -22.044  32.172 0.1000000015
46863  -30.188  -20.822  29.433 0.1000000015
44025  -25.759  -24.727  31.771 0.1000000015
46006  -27.880  -21.949  29.187 0.1000000015
46870  -29.273  -21.538  28.153 0.1000000015
46871  -30.639  -20.996  27.975 0.1000000015
46872  -31.218  -21.093  27.744 0.1000000015
42217  -25.788  -26.001  31.886 0.1000000015
43142  -25.561  -25.614  30.610 0.1000000015
44041  -25.848  -24.114  30.289 0.1000000015
45055  -26.155  -23.896  29.323 0.1000000015
122171  -27.251  -23.054  28.376 0.1000000015
46023  -28.617  -22.740  27.644 0.1000000015
46026  -30.865  -22.156  27.325 0.1000000015
47762  -45.251  -20.804  24.383 0.1000000015
44165  -53.137  -24.596  20.360 0.1000000015
45149  -53.446  -23.000  19.628 0.1000000015
42347  -53.333  -25.919  21.296 0.1000000015
42343  -54.159  -26.972  22.061 0.1000000015
46957  -52.836  -21.988  19.919 0.1000000015
45138  -51.955  -23.140  20.466 0.1000000015
41375  -54.330  -27.341  22.654 0.1000000015
46934  -52.220  -21.110  21.017 0.1000000015
46946  -52.619  -21.363  20.394 0.1000000015
41368  -54.251  -27.129  24.441 0.1000000015
48683  -52.881  -19.780  22.474 0.1000000015
47783  -52.675  -20.343  21.632 0.1000000015
117480  -54.329  -18.465  24.547 0.1000000015
49603  -53.684  -18.730  23.958 0.1000000015
48676  -53.255  -19.248  23.189 0.1000000015
49573  -53.328  -17.762  25.655 0.1000000015
49602  -52.836  -18.509  24.263 0.1000000015
44017  -26.213  -23.756  32.717 0.1000000015
45033  -26.303  -23.484  31.814 0.1000000015
46843  -28.741  -21.567  30.627 0.1000000015
115092  -25.942  -24.101  32.047 0.1000000015
45996  -27.312  -22.400  30.746 0.1000000015
45997  -27.985  -21.958  30.171 0.1000000015
46853  -28.626  -21.561  29.601 0.1000000015
44040  -25.641  -24.807  30.954 0.1000000015
45048  -26.211  -23.319  29.942 0.1000000015
45049  -26.653  -22.982  29.229 0.1000000015
44166  -54.551  -25.193  19.803 0.1000000015
43265  -54.866  -26.173  19.707 0.1000000015
46098  -54.431  -22.916  19.233 0.1000000015
45140  -53.946  -24.160  19.738 0.1000000015
46958  -53.892  -22.008  19.491 0.1000000015
42358  -54.566  -26.417  20.585 0.1000000015
42348  -54.425  -26.793  21.322 0.1000000015
48690  -54.505  -19.703  20.804 0.1000000015
46947  -53.317  -21.222  20.007 0.1000000015
41385  -54.725  -27.670  21.625 0.1000000015
48687  -54.250  -19.481  21.726 0.1000000015
47784  -53.599  -19.973  21.168 0.1000000015
49604  -54.702  -18.658  24.014 0.1000000015
48684  -53.852  -19.371  22.539 0.1000000015
48686  -53.454  -19.745  21.924 0.1000000015
41369  -54.503  -27.907  24.434 0.1000000015
118068  -54.501  -27.700  23.439 0.1000000015
50574  -55.015  -17.916  25.934 0.1000000015
49574  -54.428  -18.179  25.313 0.1000000015
48677  -54.294  -18.988  23.283 0.1000000015
40478  -54.364  -28.232  25.453 0.1000000015
50573  -54.334  -17.855  26.310 0.1000000015
43277  -55.047  -25.639  19.051 0.1000000015
44173  -54.983  -24.809  19.162 0.1000000015
47793  -54.876  -20.196  19.851 0.1000000015
46959  -55.151  -21.273  19.209 0.1000000015
126228  -54.888  -26.943  20.650 0.1000000015
48692  -55.854  -18.759  20.796 0.1000000015
119901  -54.564  -21.645  19.373 0.1000000015
49612  -55.813  -18.385  22.536 0.1000000015
49615  -55.771  -18.647  21.707 0.1000000015
41376  -54.715  -28.078  22.458 0.1000000015
51588  -55.698  -16.718  25.639 0.1000000015
50575  -55.509  -17.523  25.432 0.1000000015
49592  -55.428  -18.320  24.014 0.1000000015
116546  -55.198  -18.699  23.324 0.1000000015
49611  -54.924  -19.078  22.423 0.1000000015
128282  -54.640  -28.323  22.984 0.1000000015
50589  -55.623  -17.777  24.608 0.1000000015
40483  -54.273  -28.943  24.515 0.1000000015
40490  -54.497  -28.706  23.522 0.1000000015
109072  -54.859  -17.653  26.780 0.1000000015
114130  -53.975  -28.989  26.056 0.1000000015
40475  -54.181  -28.208  26.465 0.1000000015
112442  -53.844  -28.357  27.339 0.1000000015
44174  -55.211  -25.064  18.585 0.1000000015
45151  -55.374  -24.373  18.563 0.1000000015
46968  -55.815  -22.136  18.636 0.1000000015
46108  -55.760  -22.973  18.473 0.1000000015
41413  -55.030  -27.125  19.988 0.1000000015
51607  -55.393  -16.084  21.937 0.1000000015
51630  -55.784  -16.796  20.516 0.1000000015
48698  -56.102  -18.855  19.117 0.1000000015
47808  -55.653  -20.505  19.171 0.1000000015
111051  -55.015  -22.350  19.052 0.1000000015
41399  -54.997  -27.500  20.707 0.1000000015
52687  -54.839  -15.220  23.159 0.1000000015
52699  -55.418  -15.690  22.759 0.1000000015
124824  -55.901  -16.482  21.766 0.1000000015
112068  -56.162  -17.855  20.932 0.1000000015
108233  -55.908  -18.951  20.022 0.1000000015
40513  -54.715  -28.728  21.507 0.1000000015
52674  -55.400  -15.205  24.233 0.1000000015
113625  -55.870  -16.294  22.486 0.1000000015
50598  -56.157  -17.194  22.303 0.1000000015
40501  -54.597  -28.852  22.559 0.1000000015
52662  -55.186  -15.370  26.843 0.1000000015
52668  -55.535  -15.795  25.777 0.1000000015
117259  -55.987  -16.896  23.979 0.1000000015
50595  -56.058  -17.005  23.191 0.1000000015
49605  -55.913  -18.003  23.256 0.1000000015
51582  -55.453  -16.598  26.480 0.1000000015
39589  -54.132  -29.432  23.828 0.1000000015
40477  -53.937  -29.323  25.334 0.1000000015
45160  -55.918  -23.744  18.049 0.1000000015
43287  -55.088  -25.384  18.457 0.1000000015
126070  -55.020  -26.195  19.124 0.1000000015
52686  -53.844  -15.225  23.411 0.1000000015
51605  -53.647  -16.213  22.113 0.1000000015
51629  -55.439  -16.698  20.424 0.1000000015
50619  -55.885  -17.592  19.135 0.1000000015
47823  -56.106  -20.753  18.395 0.1000000015
46110  -56.204  -22.527  17.351 0.1000000015
120128  -55.459  -24.608  18.104 0.1000000015
53732  -54.396  -14.832  23.918 0.1000000015
127511  -54.994  -15.596  22.447 0.1000000015
51637  -55.136  -17.034  19.527 0.1000000015
50618  -55.510  -17.462  18.918 0.1000000015
48720  -56.014  -19.881  17.293 0.1000000015
46978  -56.172  -21.774  17.068 0.1000000015
44182  -55.769  -23.729  17.688 0.1000000015
41398  -55.002  -28.041  20.078 0.1000000015
122360  -54.965  -28.218  20.799 0.1000000015
115542  -54.694  -14.416  25.812 0.1000000015
52673  -54.826  -14.703  24.420 0.1000000015
50616  -53.478  -17.393  18.641 0.1000000015
50629  -55.290  -17.598  17.987 0.1000000015
48719  -55.673  -19.316  16.971 0.1000000015
43293  -55.135  -25.024  17.940 0.1000000015
53697  -54.853  -14.608  26.682 0.1000000015
114796  -52.622  -17.412  17.974 0.1000000015
50642  -54.201  -17.566  16.989 0.1000000015
109649  -54.829  -19.629  16.308 0.1000000015
39600  -54.198  -29.444  23.004 0.1000000015
39575  -53.335  -29.770  25.204 0.1000000015
108280  -53.284  -29.866  24.430 0.1000000015
42385  -54.933  -26.098  18.761 0.1000000015
52685  -52.708  -15.336  23.593 0.1000000015
51604  -52.472  -16.393  22.242 0.1000000015
51616  -54.165  -16.458  21.273 0.1000000015
53716  -53.299  -14.181  25.040 0.1000000015
53731  -53.357  -14.749  24.247 0.1000000015
51603  -51.327  -16.408  22.259 0.1000000015
51627  -53.560  -16.948  20.545 0.1000000015
40523  -54.635  -28.706  20.488 0.1000000015
54692  -53.833  -13.235  26.517 0.1000000015
53703  -53.836  -14.022  25.374 0.1000000015
53717  -54.072  -14.443  24.674 0.1000000015
51625  -51.241  -17.208  20.756 0.1000000015
50606  -52.913  -17.319  19.703 0.1000000015
44187  -55.448  -24.306  17.736 0.1000000015
43286  -54.650  -25.663  18.330 0.1000000015
54682  -54.277  -13.827  26.441 0.1000000015
50605  -51.749  -17.411  19.849 0.1000000015
40512  -54.144  -29.220  21.088 0.1000000015
40500  -54.198  -29.348  22.034 0.1000000015
39599  -53.688  -29.662  22.623 0.1000000015
39588  -53.640  -29.758  23.620 0.1000000015
53714  -50.852  -14.244  24.696 0.1000000015
127315  -50.398  -14.721  24.241 0.1000000015
54717  -51.439  -13.607  25.270 0.1000000015
53729  -51.202  -14.827  24.220 0.1000000015
52684  -51.551  -15.361  23.615 0.1000000015
41412  -54.696  -27.618  19.551 0.1000000015
54702  -52.256  -13.170  25.689 0.1000000015
53715  -51.823  -14.310  24.753 0.1000000015
51602  -50.272  -16.338  22.224 0.1000000015
54691  -53.377  -13.024  26.327 0.1000000015
54703  -53.152  -13.491  25.697 0.1000000015
111009  -50.243  -17.120  20.790 0.1000000015
42374  -54.350  -27.262  19.074 0.1000000015
41397  -54.457  -28.386  19.814 0.1000000015
42373  -53.389  -27.157  19.041 0.1000000015
41411  -54.006  -27.905  19.331 0.1000000015
114242  -53.662  -28.458  19.785 0.1000000015
40521  -52.737  -28.717  20.294 0.1000000015
39610  -53.564  -29.549  21.761 0.1000000015
40510  -52.158  -29.120  21.105 0.1000000015
39598  -52.992  -29.689  22.387 0.1000000015
120683  -50.319  -13.657  25.101 0.1000000015
124742  -49.865  -14.266  24.559 0.1000000015
55613  -50.743  -11.587  26.043 0.1000000015
54701  -50.696  -12.987  25.547 0.1000000015
54716  -49.294  -13.658  24.908 0.1000000015
55624  -51.961  -12.477  26.052 0.1000000015
53727  -48.649  -14.874  23.800 0.1000000015
52683  -50.362  -15.296  23.604 0.1000000015
55625  -52.730  -12.748  26.192 0.1000000015
51601  -49.300  -16.273  22.176 0.1000000015
58368  -49.640  -9.190  25.790 0.1000000015
59217  -49.326  -8.514  25.663 0.1000000015
55623  -49.131  -12.252  25.522 0.1000000015
118235  -48.971  -9.828  25.621 0.1000000015
54715  -48.379  -13.672  24.723 0.1000000015
53726  -47.648  -14.953  23.497 0.1000000015
51600  -48.348  -16.166  22.098 0.1000000015
58367  -48.705  -8.982  25.518 0.1000000015
56571  -47.780  -11.621  25.350 0.1000000015
58366  -47.926  -9.568  25.359 0.1000000015
53712  -48.032  -14.321  24.207 0.1000000015
117611  -47.538  -13.639  24.521 0.1000000015
53711  -47.134  -14.180  24.023 0.1000000015
52680  -46.854  -15.387  22.762 0.1000000015
107996  -46.799  -16.490  21.054 0.1000000015
51621  -46.004  -16.543  20.453 0.1000000015
51609  -45.254  -15.770  21.086 0.1000000015
122192  -45.182  -16.131  20.401 0.1000000015
127765  -45.057  -16.519  19.010 0.1000000015
116330  -44.722  -16.513  16.975 0.1000000015
51672  -44.523  -16.302  16.142 0.1000000015
60039  -48.735  -7.316  25.207 0.1000000015
57458  -47.488  -10.381  25.274 0.1000000015
60868  -48.828  -6.479  24.942 0.1000000015
55621  -47.255  -12.192  25.081 0.1000000015
58374  -47.247  -9.026  24.951 0.1000000015
53725  -46.553  -14.628  23.438 0.1000000015
55632  -46.504  -12.433  24.596 0.1000000015
57457  -46.775  -10.314  24.850 0.1000000015
54713  -46.246  -13.750  23.894 0.1000000015
56578  -45.974  -11.923  24.238 0.1000000015
53724  -45.689  -14.230  23.296 0.1000000015
55635  -45.696  -12.555  23.810 0.1000000015
109567  -46.119  -15.506  22.270 0.1000000015
52690  -45.373  -15.167  22.194 0.1000000015
54721  -45.514  -13.314  23.453 0.1000000015
53735  -44.807  -14.607  21.875 0.1000000015
54723  -44.857  -13.854  22.274 0.1000000015
52706  -44.818  -15.500  20.818 0.1000000015
54725  -44.594  -13.907  21.483 0.1000000015
55639  -44.667  -13.240  21.123 0.1000000015
52709  -44.445  -15.559  19.041 0.1000000015
118236  -44.386  -14.479  20.198 0.1000000015
55643  -44.749  -12.979  20.430 0.1000000015
52741  -44.312  -15.538  15.512 0.1000000015
122974  -44.328  -15.269  17.084 0.1000000015
54740  -44.545  -13.789  18.749 0.1000000015
121695  -44.988  -12.729  19.699 0.1000000015
59225  -47.401  -8.290  24.591 0.1000000015
125910  -46.693  -9.485  24.476 0.1000000015
113871  -45.229  -12.308  22.217 0.1000000015
54726  -44.829  -13.134  21.836 0.1000000015
55640  -45.047  -12.458  21.147 0.1000000015
55644  -45.357  -12.298  20.161 0.1000000015
39457  -28.209  -29.499  33.328 0.1000000015
39456  -27.707  -29.004  32.880 0.1000000015
44009  -26.088  -24.437  33.386 0.1000000015
43124  -26.049  -26.052  32.517 0.1000000015
45978  -26.733  -23.034  32.414 0.1000000015
40381  -27.085  -28.460  32.368 0.1000000015
50560  -55.331  -17.372  26.287 0.1000000015
111691  -53.076  -12.352  26.877 0.1000000015
45980  -28.449  -21.998  32.971 0.1000000015
46030  -35.123  -22.714  26.782 0.1000000015
46046  -37.441  -22.275  25.625 0.1000000015
47713  -30.629  -20.735  28.642 0.1000000015
114246  -31.915  -20.961  27.724 0.1000000015
45108  -41.823  -23.166  24.640 0.1000000015
46854  -29.429  -21.233  30.051 0.1000000015
46057  -40.595  -22.375  24.536 0.1000000015
55614  -51.653  -11.777  26.333 0.1000000015
57461  -50.424  -10.791  26.052 0.1000000015
33379  -31.143  -35.952  41.833 0.1000000015
34239  -34.041  -34.841  40.132 0.1000000015
115383  -46.780  -25.856  28.236 0.1000000015
128597  -46.444  -25.602  27.771 0.1000000015
121817  -45.889  -25.438  27.558 0.1000000015
43184  -45.290  -25.600  27.843 0.1000000015
43134  -33.366  -25.705  31.997 0.1000000015
42232  -32.719  -25.885  31.569 0.1000000015
43202  -45.311  -25.129  27.300 0.1000000015
42298  -44.691  -26.329  28.828 0.1000000015
43201  -44.693  -25.319  27.534 0.1000000015
43182  -44.075  -25.564  27.701 0.1000000015
41284  -40.832  -27.155  30.956 0.1000000015
44034  -39.084  -25.260  31.279 0.1000000015
41295  -33.359  -26.628  30.511 0.1000000015
44114  -46.191  -24.629  26.424 0.1000000015
42309  -43.411  -25.935  27.737 0.1000000015
42274  -43.351  -26.807  28.825 0.1000000015
122118  -34.169  -34.190  34.956 0.1000000015
42308  -42.049  -26.683  28.099 0.1000000015
43180  -39.536  -25.726  28.506 0.1000000015
44062  -38.376  -24.882  29.625 0.1000000015
116667  -30.875  -27.567  28.781 0.1000000015
44111  -43.759  -24.393  26.690 0.1000000015
43219  -42.268  -25.437  26.721 0.1000000015
115172  -48.599  -23.744  23.403 0.1000000015
46074  -49.264  -22.477  22.689 0.1000000015
123730  -35.731  -24.418  30.135 0.1000000015
44043  -33.595  -24.740  30.909 0.1000000015
44058  -34.125  -24.494  30.125 0.1000000015
107652  -32.357  -24.967  30.764 0.1000000015
110768  -45.392  -23.411  25.728 0.1000000015
45097  -42.900  -23.695  25.473 0.1000000015
44125  -42.174  -24.344  25.596 0.1000000015
124186  -40.838  -24.129  24.920 0.1000000015
44110  -42.465  -24.827  26.295 0.1000000015
114087  -40.304  -25.865  27.252 0.1000000015
128026  -32.184  -32.257  33.191 0.1000000015
129009  -35.523  -24.351  29.578 0.1000000015
111495  -29.069  -30.664  29.733 0.1000000015
39514  -28.253  -29.335  28.834 0.1000000015
40439  -29.549  -28.712  28.538 0.1000000015
41335  -29.323  -27.585  28.748 0.1000000015
38644  -30.489  -30.181  28.483 0.1000000015
44055  -31.221  -25.177  29.859 0.1000000015
45107  -40.929  -23.318  24.597 0.1000000015
43249  -50.669  -25.373  22.574 0.1000000015
42325  -52.490  -26.161  25.382 0.1000000015
45119  -50.215  -23.465  22.010 0.1000000015
116127  -38.199  -24.447  26.673 0.1000000015
44094  -37.556  -24.312  27.406 0.1000000015
45077  -36.228  -23.537  27.182 0.1000000015
37744  -29.696  -31.256  33.778 0.1000000015
38584  -28.480  -30.271  33.029 0.1000000015
38592  -28.969  -30.902  32.623 0.1000000015
117862  -27.971  -29.731  29.333 0.1000000015
40437  -27.782  -28.652  28.744 0.1000000015
119628  -29.565  -25.512  28.672 0.1000000015
42293  -29.160  -26.697  28.791 0.1000000015
42332  -52.884  -26.487  24.613 0.1000000015
43253  -51.031  -25.026  21.951 0.1000000015
46927  -50.942  -21.391  22.033 0.1000000015
46040  -36.841  -22.505  26.022 0.1000000015
45078  -36.928  -23.754  26.857 0.1000000015
38617  -27.758  -29.999  30.017 0.1000000015
123026  -27.616  -29.197  29.080 0.1000000015
114826  -26.985  -26.054  28.362 0.1000000015
42292  -28.438  -26.488  28.493 0.1000000015
39463  -27.471  -29.290  32.128 0.1000000015
38590  -27.864  -29.981  31.752 0.1000000015
43176  -28.229  -25.631  28.289 0.1000000015
46081  -51.032  -22.799  21.233 0.1000000015
120084  -33.868  -22.797  26.918 0.1000000015
38601  -27.797  -30.069  30.879 0.1000000015
46880  -31.538  -21.655  27.388 0.1000000015
118150  -31.562  -22.480  27.241 0.1000000015
113328  -33.015  -23.186  27.164 0.1000000015
39488  -26.766  -29.103  30.292 0.1000000015
41332  -27.009  -26.788  28.460 0.1000000015
45071  -30.212  -23.712  27.514 0.1000000015
44089  -28.929  -24.012  27.536 0.1000000015
40387  -26.627  -28.438  31.469 0.1000000015
41281  -26.161  -27.851  31.040 0.1000000015
40400  -26.444  -28.557  30.616 0.1000000015
41293  -26.047  -27.996  30.130 0.1000000015
41313  -26.463  -27.932  29.392 0.1000000015
43174  -26.624  -25.432  28.487 0.1000000015
44151  -51.316  -24.490  21.453 0.1000000015
117138  -51.542  -23.950  21.071 0.1000000015
126119  -32.107  -21.491  27.339 0.1000000015
42246  -25.797  -27.190  30.558 0.1000000015
42245  -25.616  -26.418  30.122 0.1000000015
43133  -25.655  -25.485  31.452 0.1000000015
44053  -25.642  -24.978  30.214 0.1000000015
116270  -26.034  -25.514  28.998 0.1000000015
44054  -25.859  -24.785  29.498 0.1000000015
44070  -26.972  -24.670  28.251 0.1000000015
45056  -26.681  -23.808  28.572 0.1000000015
45057  -27.957  -23.226  27.746 0.1000000015
46024  -29.324  -22.268  27.593 0.1000000015
45069  -28.606  -23.454  27.534 0.1000000015
46879  -30.111  -21.636  27.669 0.1000000015
42290  -26.435  -26.219  28.692 0.1000000015
108880  -27.852  -24.807  27.985 0.1000000015
45139  -52.763  -23.567  20.126 0.1000000015
46945  -52.107  -21.833  20.535 0.1000000015
47780  -52.138  -20.299  22.326 0.1000000015
45987  -27.569  -22.323  31.585 0.1000000015
108054  -29.972  -21.034  28.441 0.1000000015
43123  -25.826  -25.383  32.235 0.1000000015
44016  -25.907  -24.620  32.563 0.1000000015
122998  -27.985  -22.373  28.278 0.1000000015
46861  -28.575  -21.691  28.659 0.1000000015
46015  -28.697  -22.040  27.952 0.1000000015
46862  -29.292  -21.212  29.025 0.1000000015
121780  -30.864  -21.467  27.607 0.1000000015
46014  -27.331  -22.462  28.916 0.1000000015
43255  -53.987  -25.570  20.499 0.1000000015
46090  -52.359  -22.639  20.198 0.1000000015
47791  -52.986  -20.707  20.723 0.1000000015
49590  -53.524  -18.288  24.761 0.1000000015
44026  -25.856  -24.039  31.303 0.1000000015
45986  -26.876  -22.774  31.516 0.1000000015
45041  -26.314  -23.279  30.849 0.1000000015
126288  -26.775  -22.776  30.833 0.1000000015
46004  -26.678  -22.781  30.201 0.1000000015
46005  -27.264  -22.378  29.720 0.1000000015
45150  -54.652  -23.808  19.212 0.1000000015
47807  -54.225  -21.040  19.666 0.1000000015
47792  -53.879  -20.392  20.325 0.1000000015
110582  -55.130  -19.226  21.373 0.1000000015
50588  -55.159  -18.039  25.216 0.1000000015
49591  -55.004  -18.366  24.670 0.1000000015
46099  -55.297  -23.429  18.747 0.1000000015
48691  -55.355  -19.431  20.454 0.1000000015
51591  -55.874  -16.818  24.796 0.1000000015
127950  -55.870  -17.679  23.853 0.1000000015
46960  -55.843  -21.311  18.748 0.1000000015
46109  -56.229  -22.863  17.996 0.1000000015
51618  -55.653  -16.507  21.135 0.1000000015
51617  -55.104  -16.317  21.160 0.1000000015
51606  -54.691  -15.997  21.930 0.1000000015
50608  -56.034  -17.247  20.218 0.1000000015
50600  -56.137  -16.945  21.184 0.1000000015
49622  -56.133  -18.103  18.927 0.1000000015
49618  -56.121  -18.102  19.887 0.1000000015
111290  -56.024  -19.842  18.747 0.1000000015
52688  -55.446  -15.412  23.493 0.1000000015
124825  -55.055  -14.949  23.781 0.1000000015
49616  -56.153  -17.782  21.750 0.1000000015
53705  -55.199  -14.929  25.131 0.1000000015
111480  -55.689  -15.854  24.919 0.1000000015
119998  -55.843  -15.963  24.085 0.1000000015
51598  -55.870  -16.103  23.285 0.1000000015
53698  -55.183  -15.070  26.080 0.1000000015
39576  -53.797  -29.631  24.496 0.1000000015
52698  -54.266  -15.642  22.671 0.1000000015
52697  -53.177  -15.827  22.889 0.1000000015
51638  -55.651  -17.118  19.806 0.1000000015
51628  -54.668  -16.690  20.417 0.1000000015
50620  -55.973  -18.083  18.241 0.1000000015
49623  -56.103  -18.475  18.391 0.1000000015
48706  -56.096  -19.244  18.145 0.1000000015
47824  -56.238  -20.887  17.483 0.1000000015
46969  -56.345  -21.830  18.010 0.1000000015
46125  -56.008  -22.680  17.046 0.1000000015
125712  -55.014  -17.338  18.746 0.1000000015
50607  -54.105  -17.155  19.634 0.1000000015
50617  -54.541  -17.302  18.911 0.1000000015
49626  -55.750  -18.077  17.736 0.1000000015
48744  -55.793  -20.206  16.847 0.1000000015
47838  -56.023  -20.785  16.908 0.1000000015
49627  -55.881  -18.684  17.671 0.1000000015
53704  -54.184  -14.027  25.708 0.1000000015
110020  -54.486  -14.368  25.137 0.1000000015
50628  -54.463  -17.437  17.995 0.1000000015
50644  -55.509  -17.920  17.511 0.1000000015
50643  -55.043  -17.761  17.182 0.1000000015
49644  -55.230  -18.991  16.677 0.1000000015
44186  -54.891  -24.372  17.551 0.1000000015
116337  -53.124  -17.548  16.582 0.1000000015
50615  -52.274  -17.438  18.852 0.1000000015
50663  -55.176  -18.189  16.848 0.1000000015
53730  -52.230  -14.840  24.220 0.1000000015
51615  -52.987  -16.720  21.436 0.1000000015
112678  -52.662  -14.406  24.728 0.1000000015
51614  -51.822  -16.807  21.506 0.1000000015
52696  -51.984  -15.928  22.948 0.1000000015
54704  -53.799  -13.544  25.959 0.1000000015
51626  -52.352  -17.144  20.669 0.1000000015
42384  -54.193  -26.495  18.671 0.1000000015
50614  -51.211  -17.475  18.959 0.1000000015
126079  -53.178  -29.767  23.082 0.1000000015
126899  -51.509  -12.908  25.684 0.1000000015
54718  -52.479  -13.870  25.249 0.1000000015
118975  -51.109  -12.338  25.899 0.1000000015
52695  -50.856  -15.904  22.933 0.1000000015
52694  -49.817  -15.816  22.833 0.1000000015
51612  -49.768  -16.680  21.507 0.1000000015
51613  -50.752  -16.786  21.521 0.1000000015
40522  -53.937  -28.956  20.288 0.1000000015
40511  -53.248  -29.293  20.976 0.1000000015
39609  -52.641  -29.489  21.687 0.1000000015
54700  -49.659  -12.985  25.413 0.1000000015
113699  -50.124  -12.281  25.722 0.1000000015
53713  -48.937  -14.314  24.393 0.1000000015
52681  -48.466  -15.354  23.259 0.1000000015
52682  -49.289  -15.353  23.387 0.1000000015
53728  -49.571  -14.845  24.013 0.1000000015
52693  -48.856  -15.768  22.743 0.1000000015
112346  -48.849  -16.589  21.456 0.1000000015
116197  -47.910  -15.631  22.744 0.1000000015
60040  -49.550  -7.722  25.705 0.1000000015
59216  -48.667  -8.142  25.394 0.1000000015
56573  -49.680  -11.512  25.755 0.1000000015
109113  -49.317  -10.679  25.694 0.1000000015
56572  -48.595  -11.412  25.513 0.1000000015
55622  -48.201  -12.255  25.347 0.1000000015
57459  -48.334  -10.483  25.492 0.1000000015
54698  -47.833  -12.979  24.995 0.1000000015
54699  -48.724  -12.979  25.201 0.1000000015
52692  -47.277  -15.995  21.994 0.1000000015
51611  -47.896  -16.530  21.329 0.1000000015
122586  -47.836  -11.019  25.401 0.1000000015
111252  -47.941  -8.618  25.196 0.1000000015
54714  -47.034  -13.003  24.701 0.1000000015
122281  -46.852  -13.549  24.326 0.1000000015
126189  -46.675  -15.704  22.188 0.1000000015
52703  -46.385  -15.931  21.698 0.1000000015
51610  -45.835  -16.149  21.085 0.1000000015
51634  -45.693  -16.715  19.482 0.1000000015
52702  -45.631  -15.662  21.636 0.1000000015
52701  -44.958  -15.304  21.472 0.1000000015
119251  -44.526  -15.403  20.082 0.1000000015
51633  -44.830  -16.189  19.474 0.1000000015
51640  -44.709  -16.264  18.637 0.1000000015
51654  -44.694  -16.418  17.768 0.1000000015
52725  -44.418  -16.055  17.114 0.1000000015
52735  -44.325  -15.671  16.449 0.1000000015
51684  -44.577  -16.335  14.962 0.1000000015
59215  -48.036  -7.802  24.895 0.1000000015
56570  -47.086  -11.186  25.153 0.1000000015
58365  -47.165  -9.739  25.065 0.1000000015
119197  -46.383  -13.086  24.338 0.1000000015
55631  -46.032  -12.618  24.233 0.1000000015
56579  -46.577  -11.749  24.758 0.1000000015
121773  -46.273  -11.001  24.448 0.1000000015
52691  -45.899  -14.991  22.872 0.1000000015
56582  -45.637  -11.892  23.548 0.1000000015
53733  -45.230  -14.493  22.636 0.1000000015
55637  -45.081  -13.147  22.672 0.1000000015
123483  -45.168  -13.841  22.947 0.1000000015
115363  -45.354  -12.490  23.129 0.1000000015
53737  -44.535  -14.762  20.979 0.1000000015
54729  -44.472  -13.816  20.676 0.1000000015
52716  -44.370  -15.682  18.008 0.1000000015
53747  -44.329  -14.782  18.487 0.1000000015
53740  -44.335  -14.644  19.406 0.1000000015
54732  -44.542  -13.582  19.730 0.1000000015
114168  -44.441  -14.848  14.672 0.1000000015
54752  -44.595  -13.933  17.845 0.1000000015
110780  -46.335  -10.176  24.268 0.1000000015
57465  -46.041  -10.541  23.635 0.1000000015
123286  -45.479  -11.859  22.889 0.1000000015
109460  -45.513  -11.820  21.507 0.1000000015
28422  -20.446  -42.485  43.277 0.1000000015
29950  -21.247  -40.252  42.710 0.1000000015
31659  -18.529  -38.642  40.965 0.1000000015
32526  -15.076  -37.259  43.615 0.1000000015
32542  -19.427  -37.608  41.064 0.1000000015
35017  -36.890  -33.923  43.917 0.1000000015
35784  -9.149  -33.285  50.409 0.1000000015
35855  -37.057  -33.106  44.600 0.1000000015
35893  -31.456  -33.270  43.090 0.1000000015
36609  -6.530  -32.943  57.721 0.1000000015
36613  -5.975  -32.520  56.009 0.1000000015
36626  -6.682  -32.633  54.042 0.2000000030
36664  -10.903  -32.560  46.004 0.2000000030
37544  -9.396  -31.730  49.800 0.3000000119
37547  -13.788  -31.385  49.646 0.5000000000
38508  -38.208  -30.038  41.472 0.2000000030
39192  -8.687  -29.435  58.573 0.3000000119
39345  -37.663  -29.025  41.689 0.2000000030
39360  -26.985  -29.353  39.914 0.3000000119
40069  -3.453  -28.320  60.170 0.1000000015
40107  -20.646  -28.579  55.788 0.3000000119
40954  -5.599  -27.930  59.574 0.1000000015
40959  -4.339  -27.535  59.674 0.1000000015
40969  -5.253  -27.438  58.557 0.1000000015
40972  -10.296  -27.711  58.671 0.2000000030
42375  -54.910  -26.771  19.164 0.1000000015
45161  -56.077  -23.157  17.490 0.1000000015
46678  -27.258  -21.971  48.663 0.1000000015
47591  -42.339  -20.096  41.880 0.6999999881
48432  -44.968  -18.995  42.386 0.6999999881
48697  -55.717  -19.643  19.616 0.1000000015
49362  -40.379  -17.803  47.401 0.1000000015
49632  -55.570  -18.451  17.216 0.1000000015
50337  -39.962  -17.466  47.732 0.3000000119
50339  -40.969  -16.865  47.114 0.2000000030
50362  -42.991  -17.735  44.948 0.4000000060
50363  -43.453  -17.918  44.485 0.3000000119
50627  -53.389  -17.454  17.465 0.1000000015
50630  -55.675  -17.761  18.232 0.1000000015
51267  -32.229  -16.260  52.923 0.6999999881
52325  -37.796  -14.662  48.819 0.2000000030
52663  -55.376  -15.814  26.496 0.1000000015
53521  -44.694  -14.577  40.726 0.1000000015
54461  -38.170  -13.971  48.125 0.1000000015
54634  -45.162  -13.817  29.841 0.6000000238
54667  -49.989  -13.030  28.793 0.5000000000
54712  -45.900  -13.081  24.014 0.1000000015
55353  -34.996  -12.794  50.101 0.2000000030
55578  -44.928  -12.422  28.243 0.6000000238
55598  -45.402  -12.431  27.800 0.6000000238
56512  -44.792  -11.440  29.033 0.6000000238
56520  -44.804  -11.791  28.407 0.6000000238
56540  -46.759  -11.285  27.551 0.6000000238
57393  -45.045  -11.050  28.329 0.6000000238
57424  -46.295  -10.597  27.543 0.6000000238
58287  -46.760  -9.916  31.288 0.6000000238
58319  -46.017  -9.140  28.050 0.6000000238
58337  -46.576  -9.032  27.636 0.6000000238
59947  -48.249  -7.402  34.658 0.3000000119
60794  -49.221  -5.967  33.950 0.3000000119
60803  -46.080  -5.915  33.105 0.2000000030
60823  -44.821  -6.522  29.613 0.2000000030
60832  -48.519  -5.767  28.017 0.4000000060
60869  -49.105  -5.827  24.670 0.1000000015
61617  -48.115  -5.440  34.279 0.3000000119
61629  -48.755  -4.674  33.923 0.2000000030
61658  -48.881  -5.523  30.836 0.4000000060
62525  -48.429  -5.027  34.166 0.2000000030
62554  -49.417  -4.594  33.239 0.3000000119
62561  -46.625  -4.365  31.947 0.2000000030
63395  -46.512  -3.328  30.873 0.1000000015
64156  -50.259  -1.306  30.082 0.1000000015
64161  -46.366  -1.931  29.951 0.1000000015
64189  -44.695  -2.360  26.963 0.1000000015
64940  -49.262  -1.189  31.308 0.2000000030
64962  -46.337  -0.976  28.609 0.1000000015
65770  -49.073  -0.184  30.370 0.1000000015
65781  -51.159  -0.130  29.197 0.1000000015
65786  -46.886  -0.530  28.315 0.1000000015
65791  -47.683  -0.124  28.110 0.1000000015
65809  -53.061  -0.362  25.564 0.1000000015
66677  -53.099  0.553  23.886 0.1000000015
108432  -15.363  -31.049  51.950 0.8000000119
108831  -20.013  -30.882  39.351 0.1000000015
109064  -8.249  -31.610  51.816 0.3000000119
115476  -56.173  -20.101  17.957 0.1000000015
118631  -22.348  -29.597  49.720 0.8000000119
118957  -45.762  -12.014  27.583 0.6000000238
120246  -7.333  -27.403  58.770 0.1000000015
120481  -16.369  -30.883  42.355 0.4000000060
122587  -45.311  -18.383  42.573 0.4000000060
124287  -20.722  -32.277  39.973 0.2000000030
124447  -18.205  -30.741  51.649 0.8000000119
127005  -54.839  -17.595  17.497 0.1000000015
127007  -31.182  -24.474  28.355 0.1000000015
127188  -47.727  -1.469  31.304 0.1000000015
127277  -31.136  -18.328  53.472 0.6999999881
128017  -45.846  -15.591  40.679 0.3000000119
128031  -48.966  -1.451  31.775 0.2000000030
128757  -9.597  -28.219  59.177 0.1000000015
129018  -38.226  -31.247  42.523 0.2000000030
129165  -36.027  -19.804  40.395 0.8000000119
