
Thu Mar 12 16:27:24 CET 2026
cd /out/sourcedata/freesurfer/sub-v1s20x0050273_ses-1
setenv SUBJECTS_DIR /out/sourcedata/freesurfer
/opt/freesurfer/bin/recon-all -autorecon-hemi lh -noparcstats -noparcstats2 -noparcstats3 -nohyporelabel -nobalabels -lh-only -openmp 16 -subjid sub-v1s20x0050273_ses-1 -sd /out/sourcedata/freesurfer

subjid sub-v1s20x0050273_ses-1
setenv SUBJECTS_DIR /out/sourcedata/freesurfer
FREESURFER_HOME /opt/freesurfer
Actual FREESURFER_HOME /opt/freesurfer
build-stamp.txt: freesurfer-linux-ubuntu22_x86_64-7.3.2-20220804-6354275
Linux dna050 5.14.0-427.37.1.el9_4.x86_64 #1 SMP PREEMPT_DYNAMIC Fri Sep 13 12:41:50 EDT 2024 x86_64 x86_64 x86_64 GNU/Linux
cputime      unlimited
filesize     unlimited
datasize     unlimited
stacksize    8192 kbytes
coredumpsize 0 kbytes
memoryuse    67108864 kbytes
vmemoryuse   unlimited
descriptors  1024 
memorylocked unlimited
maxproc      2061970 
maxlocks     unlimited
maxsignal    2061970 
maxmessage   819200 
maxnice      0 
maxrtprio    0 
maxrttime    unlimited

               total        used        free      shared  buff/cache   available
Mem:           503Gi        51Gi       397Gi        12Gi        53Gi       435Gi
Swap:             0B          0B          0B

########################################
program versions used
7.3.2 (freesurfer-linux-ubuntu22_x86_64-7.3.2-20220804-6354275)
7.3.2

ProgramName: lta_convert  ProgramArguments: lta_convert -all-info  ProgramVersion: 7.3.2  TimeStamp: 2026/03/12-15:27:24-GMT  BuildTime: Aug  4 2022 06:17:15  BuildStamp: freesurfer-linux-ubuntu22_x86_64-7.3.2-20220804-6354275  User: oesteban  Machine: dna050  Platform: Linux  PlatformVersion: 5.14.0-427.37.1.el9_4.x86_64  CompilerName: GCC  CompilerVersion: 8.4.0
ProgramName: mri_and  ProgramArguments: mri_and -all-info  ProgramVersion: 7.3.2  TimeStamp: 2026/03/12-15:27:24-GMT  BuildTime: Aug  4 2022 06:17:15  BuildStamp: freesurfer-linux-ubuntu22_x86_64-7.3.2-20220804-6354275  User: oesteban  Machine: dna050  Platform: Linux  PlatformVersion: 5.14.0-427.37.1.el9_4.x86_64  CompilerName: GCC  CompilerVersion: 8.4.0
ProgramName: mri_annotation2label  ProgramArguments: mri_annotation2label -all-info  ProgramVersion: 7.3.2  TimeStamp: 2026/03/12-15:27:24-GMT  BuildTime: Aug  4 2022 06:17:15  BuildStamp: freesurfer-linux-ubuntu22_x86_64-7.3.2-20220804-6354275  User: oesteban  Machine: dna050  Platform: Linux  PlatformVersion: 5.14.0-427.37.1.el9_4.x86_64  CompilerName: GCC  CompilerVersion: 8.4.0
ProgramName: mri_aparc2aseg  ProgramArguments: mri_aparc2aseg -all-info  ProgramVersion: 7.3.2  TimeStamp: 2026/03/12-15:27:24-GMT  BuildTime: Aug  4 2022 06:17:15  BuildStamp: freesurfer-linux-ubuntu22_x86_64-7.3.2-20220804-6354275  User: oesteban  Machine: dna050  Platform: Linux  PlatformVersion: 5.14.0-427.37.1.el9_4.x86_64  CompilerName: GCC  CompilerVersion: 8.4.0
ProgramName: mri_surf2volseg  ProgramArguments: mri_surf2volseg -all-info  ProgramVersion: 7.3.2  TimeStamp: 2026/03/12-15:27:24-GMT  BuildTime: Aug  4 2022 06:17:15  BuildStamp: freesurfer-linux-ubuntu22_x86_64-7.3.2-20220804-6354275  User: oesteban  Machine: dna050  Platform: Linux  PlatformVersion: 5.14.0-427.37.1.el9_4.x86_64  CompilerName: GCC  CompilerVersion: 8.4.0
ProgramName: mri_binarize  ProgramArguments: mri_binarize -all-info  ProgramVersion: 7.3.2  TimeStamp: 2026/03/12-15:27:24-GMT  BuildTime: Aug  4 2022 06:17:15  BuildStamp: freesurfer-linux-ubuntu22_x86_64-7.3.2-20220804-6354275  User: oesteban  Machine: dna050  Platform: Linux  PlatformVersion: 5.14.0-427.37.1.el9_4.x86_64  CompilerName: GCC  CompilerVersion: 8.4.0
ProgramName: mri_ca_label  ProgramArguments: mri_ca_label -all-info  ProgramVersion: 7.3.2  TimeStamp: 2026/03/12-15:27:24-GMT  BuildTime: Aug  4 2022 06:17:15  BuildStamp: freesurfer-linux-ubuntu22_x86_64-7.3.2-20220804-6354275  User: oesteban  Machine: dna050  Platform: Linux  PlatformVersion: 5.14.0-427.37.1.el9_4.x86_64  CompilerName: GCC  CompilerVersion: 8.4.0
ProgramName: mri_ca_normalize  ProgramArguments: mri_ca_normalize -all-info  ProgramVersion: 7.3.2  TimeStamp: 2026/03/12-15:27:24-GMT  BuildTime: Aug  4 2022 06:17:15  BuildStamp: freesurfer-linux-ubuntu22_x86_64-7.3.2-20220804-6354275  User: oesteban  Machine: dna050  Platform: Linux  PlatformVersion: 5.14.0-427.37.1.el9_4.x86_64  CompilerName: GCC  CompilerVersion: 8.4.0
ProgramName: mri_ca_register  ProgramArguments: mri_ca_register -all-info  ProgramVersion: 7.3.2  TimeStamp: 2026/03/12-15:27:24-GMT  BuildTime: Aug  4 2022 06:17:15  BuildStamp: freesurfer-linux-ubuntu22_x86_64-7.3.2-20220804-6354275  User: oesteban  Machine: dna050  Platform: Linux  PlatformVersion: 5.14.0-427.37.1.el9_4.x86_64  CompilerName: GCC  CompilerVersion: 8.4.0
ProgramName: mri_cc  ProgramArguments: mri_cc -all-info  ProgramVersion: 7.3.2  TimeStamp: 2026/03/12-15:27:24-GMT  BuildTime: Aug  4 2022 06:17:15  BuildStamp: freesurfer-linux-ubuntu22_x86_64-7.3.2-20220804-6354275  User: oesteban  Machine: dna050  Platform: Linux  PlatformVersion: 5.14.0-427.37.1.el9_4.x86_64  CompilerName: GCC  CompilerVersion: 8.4.0
ProgramName: mri_compute_overlap  ProgramArguments: mri_compute_overlap -all-info  ProgramVersion: 7.3.2  TimeStamp: 2026/03/12-15:27:24-GMT  BuildTime: Aug  4 2022 06:17:15  BuildStamp: freesurfer-linux-ubuntu22_x86_64-7.3.2-20220804-6354275  User: oesteban  Machine: dna050  Platform: Linux  PlatformVersion: 5.14.0-427.37.1.el9_4.x86_64  CompilerName: GCC  CompilerVersion: 8.4.0
ProgramName: mri_compute_seg_overlap  ProgramArguments: mri_compute_seg_overlap -all-info  ProgramVersion: 7.3.2  TimeStamp: 2026/03/12-15:27:24-GMT  BuildTime: Aug  4 2022 06:17:15  BuildStamp: freesurfer-linux-ubuntu22_x86_64-7.3.2-20220804-6354275  User: oesteban  Machine: dna050  Platform: Linux  PlatformVersion: 5.14.0-427.37.1.el9_4.x86_64  CompilerName: GCC  CompilerVersion: 8.4.0
ProgramName: mri_concat  ProgramArguments: mri_concat -all-info  ProgramVersion: 7.3.2  TimeStamp: 2026/03/12-15:27:24-GMT  BuildTime: Aug  4 2022 06:17:15  BuildStamp: freesurfer-linux-ubuntu22_x86_64-7.3.2-20220804-6354275  User: oesteban  Machine: dna050  Platform: Linux  PlatformVersion: 5.14.0-427.37.1.el9_4.x86_64  CompilerName: GCC  CompilerVersion: 8.4.0
ProgramName: mri_concatenate_lta  ProgramArguments: mri_concatenate_lta -all-info  ProgramVersion: 7.3.2  TimeStamp: 2026/03/12-15:27:24-GMT  BuildTime: Aug  4 2022 06:17:15  BuildStamp: freesurfer-linux-ubuntu22_x86_64-7.3.2-20220804-6354275  User: oesteban  Machine: dna050  Platform: Linux  PlatformVersion: 5.14.0-427.37.1.el9_4.x86_64  CompilerName: GCC  CompilerVersion: 8.4.0
mri_convert -all-info 
ProgramName: mri_convert  ProgramArguments: mri_convert -all-info  ProgramVersion: 7.3.2  TimeStamp: 2026/03/12-15:27:24-GMT  BuildTime: Aug  4 2022 06:17:15  BuildStamp: freesurfer-linux-ubuntu22_x86_64-7.3.2-20220804-6354275  User: oesteban  Machine: dna050  Platform: Linux  PlatformVersion: 5.14.0-427.37.1.el9_4.x86_64  CompilerName: GCC  CompilerVersion: 8.4.0
ProgramName: mri_diff  ProgramArguments: mri_diff -all-info  ProgramVersion: 7.3.2  TimeStamp: 2026/03/12-15:27:24-GMT  BuildTime: Aug  4 2022 06:17:15  BuildStamp: freesurfer-linux-ubuntu22_x86_64-7.3.2-20220804-6354275  User: oesteban  Machine: dna050  Platform: Linux  PlatformVersion: 5.14.0-427.37.1.el9_4.x86_64  CompilerName: GCC  CompilerVersion: 8.4.0
ProgramName: mri_edit_wm_with_aseg  ProgramArguments: mri_edit_wm_with_aseg -all-info  ProgramVersion: 7.3.2  TimeStamp: 2026/03/12-15:27:24-GMT  BuildTime: Aug  4 2022 06:17:15  BuildStamp: freesurfer-linux-ubuntu22_x86_64-7.3.2-20220804-6354275  User: oesteban  Machine: dna050  Platform: Linux  PlatformVersion: 5.14.0-427.37.1.el9_4.x86_64  CompilerName: GCC  CompilerVersion: 8.4.0
ProgramName: mri_em_register  ProgramArguments: mri_em_register -all-info  ProgramVersion: 7.3.2  TimeStamp: 2026/03/12-15:27:24-GMT  BuildTime: Aug  4 2022 06:17:15  BuildStamp: freesurfer-linux-ubuntu22_x86_64-7.3.2-20220804-6354275  User: oesteban  Machine: dna050  Platform: Linux  PlatformVersion: 5.14.0-427.37.1.el9_4.x86_64  CompilerName: GCC  CompilerVersion: 8.4.0
ProgramName: mri_fill  ProgramArguments: mri_fill -all-info  ProgramVersion: 7.3.2  TimeStamp: 2026/03/12-15:27:24-GMT  BuildTime: Aug  4 2022 06:17:15  BuildStamp: freesurfer-linux-ubuntu22_x86_64-7.3.2-20220804-6354275  User: oesteban  Machine: dna050  Platform: Linux  PlatformVersion: 5.14.0-427.37.1.el9_4.x86_64  CompilerName: GCC  CompilerVersion: 8.4.0
ProgramName: mri_fuse_segmentations  ProgramArguments: mri_fuse_segmentations -all-info  ProgramVersion: 7.3.2  TimeStamp: 2026/03/12-15:27:24-GMT  BuildTime: Aug  4 2022 06:17:15  BuildStamp: freesurfer-linux-ubuntu22_x86_64-7.3.2-20220804-6354275  User: oesteban  Machine: dna050  Platform: Linux  PlatformVersion: 5.14.0-427.37.1.el9_4.x86_64  CompilerName: GCC  CompilerVersion: 8.4.0
ProgramName: mri_fwhm  ProgramArguments: mri_fwhm -all-info  ProgramVersion: 7.3.2  TimeStamp: 2026/03/12-15:27:24-GMT  BuildTime: Aug  4 2022 06:17:15  BuildStamp: freesurfer-linux-ubuntu22_x86_64-7.3.2-20220804-6354275  User: oesteban  Machine: dna050  Platform: Linux  PlatformVersion: 5.14.0-427.37.1.el9_4.x86_64  CompilerName: GCC  CompilerVersion: 8.4.0
ProgramName: mri_gcut  ProgramArguments: mri_gcut -all-info  ProgramVersion: 7.3.2  TimeStamp: 2026/03/12-15:27:24-GMT  BuildTime: Aug  4 2022 06:17:15  BuildStamp: freesurfer-linux-ubuntu22_x86_64-7.3.2-20220804-6354275  User: oesteban  Machine: dna050  Platform: Linux  PlatformVersion: 5.14.0-427.37.1.el9_4.x86_64  CompilerName: GCC  CompilerVersion: 8.4.0
ProgramName: mri_info  ProgramArguments: mri_info -all-info  ProgramVersion: 7.3.2  TimeStamp: 2026/03/12-15:27:24-GMT  BuildTime: Aug  4 2022 06:17:15  BuildStamp: freesurfer-linux-ubuntu22_x86_64-7.3.2-20220804-6354275  User: oesteban  Machine: dna050  Platform: Linux  PlatformVersion: 5.14.0-427.37.1.el9_4.x86_64  CompilerName: GCC  CompilerVersion: 8.4.0
ProgramName: mri_label2label  ProgramArguments: mri_label2label -all-info  ProgramVersion: 7.3.2  TimeStamp: 2026/03/12-15:27:24-GMT  BuildTime: Aug  4 2022 06:17:15  BuildStamp: freesurfer-linux-ubuntu22_x86_64-7.3.2-20220804-6354275  User: oesteban  Machine: dna050  Platform: Linux  PlatformVersion: 5.14.0-427.37.1.el9_4.x86_64  CompilerName: GCC  CompilerVersion: 8.4.0
ProgramName: mri_label2vol  ProgramArguments: mri_label2vol -all-info  ProgramVersion: 7.3.2  TimeStamp: 2026/03/12-15:27:24-GMT  BuildTime: Aug  4 2022 06:17:15  BuildStamp: freesurfer-linux-ubuntu22_x86_64-7.3.2-20220804-6354275  User: oesteban  Machine: dna050  Platform: Linux  PlatformVersion: 5.14.0-427.37.1.el9_4.x86_64  CompilerName: GCC  CompilerVersion: 8.4.0
ProgramName: mri_log_likelihood  ProgramArguments: mri_log_likelihood -all-info  ProgramVersion: 7.3.2  TimeStamp: 2026/03/12-15:27:24-GMT  BuildTime: Aug  4 2022 06:17:15  BuildStamp: freesurfer-linux-ubuntu22_x86_64-7.3.2-20220804-6354275  User: oesteban  Machine: dna050  Platform: Linux  PlatformVersion: 5.14.0-427.37.1.el9_4.x86_64  CompilerName: GCC  CompilerVersion: 8.4.0
ProgramName: mri_mask  ProgramArguments: mri_mask -all-info  ProgramVersion: 7.3.2  TimeStamp: 2026/03/12-15:27:24-GMT  BuildTime: Aug  4 2022 06:17:15  BuildStamp: freesurfer-linux-ubuntu22_x86_64-7.3.2-20220804-6354275  User: oesteban  Machine: dna050  Platform: Linux  PlatformVersion: 5.14.0-427.37.1.el9_4.x86_64  CompilerName: GCC  CompilerVersion: 8.4.0
ProgramName: mri_matrix_multiply  ProgramArguments: mri_matrix_multiply -all-info  ProgramVersion: 7.3.2  TimeStamp: 2026/03/12-15:27:24-GMT  BuildTime: Aug  4 2022 06:17:15  BuildStamp: freesurfer-linux-ubuntu22_x86_64-7.3.2-20220804-6354275  User: oesteban  Machine: dna050  Platform: Linux  PlatformVersion: 5.14.0-427.37.1.el9_4.x86_64  CompilerName: GCC  CompilerVersion: 8.4.0
ProgramName: mri_normalize  ProgramArguments: mri_normalize -all-info  ProgramVersion: 7.3.2  TimeStamp: 2026/03/12-15:27:24-GMT  BuildTime: Aug  4 2022 06:17:15  BuildStamp: freesurfer-linux-ubuntu22_x86_64-7.3.2-20220804-6354275  User: oesteban  Machine: dna050  Platform: Linux  PlatformVersion: 5.14.0-427.37.1.el9_4.x86_64  CompilerName: GCC  CompilerVersion: 8.4.0
ProgramName: mri_normalize_tp2  ProgramArguments: mri_normalize_tp2 -all-info  ProgramVersion: 7.3.2  TimeStamp: 2026/03/12-15:27:24-GMT  BuildTime: Aug  4 2022 06:17:15  BuildStamp: freesurfer-linux-ubuntu22_x86_64-7.3.2-20220804-6354275  User: oesteban  Machine: dna050  Platform: Linux  PlatformVersion: 5.14.0-427.37.1.el9_4.x86_64  CompilerName: GCC  CompilerVersion: 8.4.0
ProgramName: mri_or  ProgramArguments: mri_or -all-info  ProgramVersion: 7.3.2  TimeStamp: 2026/03/12-15:27:24-GMT  BuildTime: Aug  4 2022 06:17:15  BuildStamp: freesurfer-linux-ubuntu22_x86_64-7.3.2-20220804-6354275  User: oesteban  Machine: dna050  Platform: Linux  PlatformVersion: 5.14.0-427.37.1.el9_4.x86_64  CompilerName: GCC  CompilerVersion: 8.4.0
ProgramName: mri_relabel_hypointensities  ProgramArguments: mri_relabel_hypointensities -all-info  ProgramVersion: 7.3.2  TimeStamp: 2026/03/12-15:27:24-GMT  BuildTime: Aug  4 2022 06:17:15  BuildStamp: freesurfer-linux-ubuntu22_x86_64-7.3.2-20220804-6354275  User: oesteban  Machine: dna050  Platform: Linux  PlatformVersion: 5.14.0-427.37.1.el9_4.x86_64  CompilerName: GCC  CompilerVersion: 8.4.0
ProgramName: mri_relabel_nonwm_hypos  ProgramArguments: mri_relabel_nonwm_hypos -all-info  ProgramVersion: 7.3.2  TimeStamp: 2026/03/12-15:27:24-GMT  BuildTime: Aug  4 2022 06:17:15  BuildStamp: freesurfer-linux-ubuntu22_x86_64-7.3.2-20220804-6354275  User: oesteban  Machine: dna050  Platform: Linux  PlatformVersion: 5.14.0-427.37.1.el9_4.x86_64  CompilerName: GCC  CompilerVersion: 8.4.0
ProgramName: mri_remove_neck  ProgramArguments: mri_remove_neck -all-info  ProgramVersion: 7.3.2  TimeStamp: 2026/03/12-15:27:24-GMT  BuildTime: Aug  4 2022 06:17:15  BuildStamp: freesurfer-linux-ubuntu22_x86_64-7.3.2-20220804-6354275  User: oesteban  Machine: dna050  Platform: Linux  PlatformVersion: 5.14.0-427.37.1.el9_4.x86_64  CompilerName: GCC  CompilerVersion: 8.4.0
7.3.2

ProgramName: mri_robust_register  ProgramArguments: mri_robust_register -all-info  ProgramVersion: 7.3.2  TimeStamp: 2026/03/12-15:27:24-GMT  BuildTime: Aug  4 2022 06:17:15  BuildStamp: freesurfer-linux-ubuntu22_x86_64-7.3.2-20220804-6354275  User: oesteban  Machine: dna050  Platform: Linux  PlatformVersion: 5.14.0-427.37.1.el9_4.x86_64  CompilerName: GCC  CompilerVersion: 8.4.0
7.3.2

ProgramName: mri_robust_template  ProgramArguments: mri_robust_template -all-info  ProgramVersion: 7.3.2  TimeStamp: 2026/03/12-15:27:24-GMT  BuildTime: Aug  4 2022 06:17:15  BuildStamp: freesurfer-linux-ubuntu22_x86_64-7.3.2-20220804-6354275  User: oesteban  Machine: dna050  Platform: Linux  PlatformVersion: 5.14.0-427.37.1.el9_4.x86_64  CompilerName: GCC  CompilerVersion: 8.4.0
ProgramName: mris_anatomical_stats  ProgramArguments: mris_anatomical_stats -all-info  ProgramVersion: 7.3.2  TimeStamp: 2026/03/12-15:27:24-GMT  BuildTime: Aug  4 2022 06:17:15  BuildStamp: freesurfer-linux-ubuntu22_x86_64-7.3.2-20220804-6354275  User: oesteban  Machine: dna050  Platform: Linux  PlatformVersion: 5.14.0-427.37.1.el9_4.x86_64  CompilerName: GCC  CompilerVersion: 8.4.0
ProgramName: mris_ca_label  ProgramArguments: mris_ca_label -all-info  ProgramVersion: 7.3.2  TimeStamp: 2026/03/12-15:27:24-GMT  BuildTime: Aug  4 2022 06:17:15  BuildStamp: freesurfer-linux-ubuntu22_x86_64-7.3.2-20220804-6354275  User: oesteban  Machine: dna050  Platform: Linux  PlatformVersion: 5.14.0-427.37.1.el9_4.x86_64  CompilerName: GCC  CompilerVersion: 8.4.0
ProgramName: mris_calc  ProgramArguments: mris_calc -all-info  ProgramVersion: 7.3.2  TimeStamp: 2026/03/12-15:27:24-GMT  BuildTime: Aug  4 2022 06:17:15  BuildStamp: freesurfer-linux-ubuntu22_x86_64-7.3.2-20220804-6354275  User: oesteban  Machine: dna050  Platform: Linux  PlatformVersion: 5.14.0-427.37.1.el9_4.x86_64  CompilerName: GCC  CompilerVersion: 8.4.0
ProgramName: mris_convert  ProgramArguments: mris_convert -all-info  ProgramVersion: 7.3.2  TimeStamp: 2026/03/12-15:27:24-GMT  BuildTime: Aug  4 2022 06:17:15  BuildStamp: freesurfer-linux-ubuntu22_x86_64-7.3.2-20220804-6354275  User: oesteban  Machine: dna050  Platform: Linux  PlatformVersion: 5.14.0-427.37.1.el9_4.x86_64  CompilerName: GCC  CompilerVersion: 8.4.0
ProgramName: mris_curvature  ProgramArguments: mris_curvature -all-info  ProgramVersion: 7.3.2  TimeStamp: 2026/03/12-15:27:24-GMT  BuildTime: Aug  4 2022 06:17:15  BuildStamp: freesurfer-linux-ubuntu22_x86_64-7.3.2-20220804-6354275  User: oesteban  Machine: dna050  Platform: Linux  PlatformVersion: 5.14.0-427.37.1.el9_4.x86_64  CompilerName: GCC  CompilerVersion: 8.4.0
ProgramName: mris_curvature_stats  ProgramArguments: mris_curvature_stats -all-info  ProgramVersion: 7.3.2  TimeStamp: 2026/03/12-15:27:24-GMT  BuildTime: Aug  4 2022 06:17:15  BuildStamp: freesurfer-linux-ubuntu22_x86_64-7.3.2-20220804-6354275  User: oesteban  Machine: dna050  Platform: Linux  PlatformVersion: 5.14.0-427.37.1.el9_4.x86_64  CompilerName: GCC  CompilerVersion: 8.4.0
ProgramName: mris_diff  ProgramArguments: mris_diff -all-info  ProgramVersion: 7.3.2  TimeStamp: 2026/03/12-15:27:24-GMT  BuildTime: Aug  4 2022 06:17:15  BuildStamp: freesurfer-linux-ubuntu22_x86_64-7.3.2-20220804-6354275  User: oesteban  Machine: dna050  Platform: Linux  PlatformVersion: 5.14.0-427.37.1.el9_4.x86_64  CompilerName: GCC  CompilerVersion: 8.4.0
ProgramName: mris_divide_parcellation  ProgramArguments: mris_divide_parcellation -all-info  ProgramVersion: 7.3.2  TimeStamp: 2026/03/12-15:27:24-GMT  BuildTime: Aug  4 2022 06:17:15  BuildStamp: freesurfer-linux-ubuntu22_x86_64-7.3.2-20220804-6354275  User: oesteban  Machine: dna050  Platform: Linux  PlatformVersion: 5.14.0-427.37.1.el9_4.x86_64  CompilerName: GCC  CompilerVersion: 8.4.0
ProgramName: mri_segment  ProgramArguments: mri_segment -all-info  ProgramVersion: 7.3.2  TimeStamp: 2026/03/12-15:27:24-GMT  BuildTime: Aug  4 2022 06:17:15  BuildStamp: freesurfer-linux-ubuntu22_x86_64-7.3.2-20220804-6354275  User: oesteban  Machine: dna050  Platform: Linux  PlatformVersion: 5.14.0-427.37.1.el9_4.x86_64  CompilerName: GCC  CompilerVersion: 8.4.0
ProgramName: mri_segstats  ProgramArguments: mri_segstats -all-info  ProgramVersion: 7.3.2  TimeStamp: 2026/03/12-15:27:24-GMT  BuildTime: Aug  4 2022 06:17:15  BuildStamp: freesurfer-linux-ubuntu22_x86_64-7.3.2-20220804-6354275  User: oesteban  Machine: dna050  Platform: Linux  PlatformVersion: 5.14.0-427.37.1.el9_4.x86_64  CompilerName: GCC  CompilerVersion: 8.4.0
ProgramName: mris_euler_number  ProgramArguments: mris_euler_number -all-info  ProgramVersion: 7.3.2  TimeStamp: 2026/03/12-15:27:24-GMT  BuildTime: Aug  4 2022 06:17:15  BuildStamp: freesurfer-linux-ubuntu22_x86_64-7.3.2-20220804-6354275  User: oesteban  Machine: dna050  Platform: Linux  PlatformVersion: 5.14.0-427.37.1.el9_4.x86_64  CompilerName: GCC  CompilerVersion: 8.4.0
ProgramName: mris_fix_topology  ProgramArguments: mris_fix_topology -all-info  ProgramVersion: 7.3.2  TimeStamp: 2026/03/12-15:27:24-GMT  BuildTime: Aug  4 2022 06:17:15  BuildStamp: freesurfer-linux-ubuntu22_x86_64-7.3.2-20220804-6354275  User: oesteban  Machine: dna050  Platform: Linux  PlatformVersion: 5.14.0-427.37.1.el9_4.x86_64  CompilerName: GCC  CompilerVersion: 8.4.0
ProgramName: mris_topo_fixer  ProgramArguments: mris_topo_fixer -all-info  ProgramVersion: 7.3.2  TimeStamp: 2026/03/12-15:27:24-GMT  BuildTime: Aug  4 2022 06:17:15  BuildStamp: freesurfer-linux-ubuntu22_x86_64-7.3.2-20220804-6354275  User: oesteban  Machine: dna050  Platform: Linux  PlatformVersion: 5.14.0-427.37.1.el9_4.x86_64  CompilerName: GCC  CompilerVersion: 8.4.0
ProgramName: mris_jacobian  ProgramArguments: mris_jacobian -all-info  ProgramVersion: 7.3.2  TimeStamp: 2026/03/12-15:27:24-GMT  BuildTime: Aug  4 2022 06:17:15  BuildStamp: freesurfer-linux-ubuntu22_x86_64-7.3.2-20220804-6354275  User: oesteban  Machine: dna050  Platform: Linux  PlatformVersion: 5.14.0-427.37.1.el9_4.x86_64  CompilerName: GCC  CompilerVersion: 8.4.0
ProgramName: mris_label2annot  ProgramArguments: mris_label2annot -all-info  ProgramVersion: 7.3.2  TimeStamp: 2026/03/12-15:27:24-GMT  BuildTime: Aug  4 2022 06:17:15  BuildStamp: freesurfer-linux-ubuntu22_x86_64-7.3.2-20220804-6354275  User: oesteban  Machine: dna050  Platform: Linux  PlatformVersion: 5.14.0-427.37.1.el9_4.x86_64  CompilerName: GCC  CompilerVersion: 8.4.0
ProgramName: mris_left_right_register  ProgramArguments: mris_left_right_register -all-info  ProgramVersion: 7.3.2  TimeStamp: 2026/03/12-15:27:24-GMT  BuildTime: Aug  4 2022 06:17:15  BuildStamp: freesurfer-linux-ubuntu22_x86_64-7.3.2-20220804-6354275  User: oesteban  Machine: dna050  Platform: Linux  PlatformVersion: 5.14.0-427.37.1.el9_4.x86_64  CompilerName: GCC  CompilerVersion: 8.4.0
ProgramName: mris_place_surface  ProgramArguments: mris_place_surface -all-info  ProgramVersion: 7.3.2  TimeStamp: 2026/03/12-15:27:24-GMT  BuildTime: Aug  4 2022 06:17:15  BuildStamp: freesurfer-linux-ubuntu22_x86_64-7.3.2-20220804-6354275  User: oesteban  Machine: dna050  Platform: Linux  PlatformVersion: 5.14.0-427.37.1.el9_4.x86_64  CompilerName: GCC  CompilerVersion: 8.4.0
ProgramName: mrisp_paint  ProgramArguments: mrisp_paint -all-info  ProgramVersion: 7.3.2  TimeStamp: 2026/03/12-15:27:24-GMT  BuildTime: Aug  4 2022 06:17:15  BuildStamp: freesurfer-linux-ubuntu22_x86_64-7.3.2-20220804-6354275  User: oesteban  Machine: dna050  Platform: Linux  PlatformVersion: 5.14.0-427.37.1.el9_4.x86_64  CompilerName: GCC  CompilerVersion: 8.4.0
ProgramName: mris_register  ProgramArguments: mris_register -all-info  ProgramVersion: 7.3.2  TimeStamp: 2026/03/12-15:27:24-GMT  BuildTime: Aug  4 2022 06:17:15  BuildStamp: freesurfer-linux-ubuntu22_x86_64-7.3.2-20220804-6354275  User: oesteban  Machine: dna050  Platform: Linux  PlatformVersion: 5.14.0-427.37.1.el9_4.x86_64  CompilerName: GCC  CompilerVersion: 8.4.0
ProgramName: mris_smooth  ProgramArguments: mris_smooth -all-info  ProgramVersion: 7.3.2  TimeStamp: 2026/03/12-15:27:24-GMT  BuildTime: Aug  4 2022 06:17:15  BuildStamp: freesurfer-linux-ubuntu22_x86_64-7.3.2-20220804-6354275  User: oesteban  Machine: dna050  Platform: Linux  PlatformVersion: 5.14.0-427.37.1.el9_4.x86_64  CompilerName: GCC  CompilerVersion: 8.4.0
ProgramName: mris_sphere  ProgramArguments: mris_sphere -all-info  ProgramVersion: 7.3.2  TimeStamp: 2026/03/12-15:27:24-GMT  BuildTime: Aug  4 2022 06:17:15  BuildStamp: freesurfer-linux-ubuntu22_x86_64-7.3.2-20220804-6354275  User: oesteban  Machine: dna050  Platform: Linux  PlatformVersion: 5.14.0-427.37.1.el9_4.x86_64  CompilerName: GCC  CompilerVersion: 8.4.0
ProgramName: mris_surface_stats  ProgramArguments: mris_surface_stats -all-info  ProgramVersion: 7.3.2  TimeStamp: 2026/03/12-15:27:24-GMT  BuildTime: Aug  4 2022 06:17:15  BuildStamp: freesurfer-linux-ubuntu22_x86_64-7.3.2-20220804-6354275  User: oesteban  Machine: dna050  Platform: Linux  PlatformVersion: 5.14.0-427.37.1.el9_4.x86_64  CompilerName: GCC  CompilerVersion: 8.4.0
ProgramName: mri_stats2seg  ProgramArguments: mri_stats2seg -all-info  ProgramVersion: 7.3.2  TimeStamp: 2026/03/12-15:27:24-GMT  BuildTime: Aug  4 2022 06:17:15  BuildStamp: freesurfer-linux-ubuntu22_x86_64-7.3.2-20220804-6354275  User: oesteban  Machine: dna050  Platform: Linux  PlatformVersion: 5.14.0-427.37.1.el9_4.x86_64  CompilerName: GCC  CompilerVersion: 8.4.0
ProgramName: mris_thickness  ProgramArguments: mris_thickness -all-info  ProgramVersion: 7.3.2  TimeStamp: 2026/03/12-15:27:24-GMT  BuildTime: Aug  4 2022 06:17:15  BuildStamp: freesurfer-linux-ubuntu22_x86_64-7.3.2-20220804-6354275  User: oesteban  Machine: dna050  Platform: Linux  PlatformVersion: 5.14.0-427.37.1.el9_4.x86_64  CompilerName: GCC  CompilerVersion: 8.4.0
ProgramName: mris_thickness_diff  ProgramArguments: mris_thickness_diff -all-info  ProgramVersion: 7.3.2  TimeStamp: 2026/03/12-15:27:24-GMT  BuildTime: Aug  4 2022 06:17:15  BuildStamp: freesurfer-linux-ubuntu22_x86_64-7.3.2-20220804-6354275  User: oesteban  Machine: dna050  Platform: Linux  PlatformVersion: 5.14.0-427.37.1.el9_4.x86_64  CompilerName: GCC  CompilerVersion: 8.4.0
ProgramName: mris_topo_fixer  ProgramArguments: mris_topo_fixer -all-info  ProgramVersion: 7.3.2  TimeStamp: 2026/03/12-15:27:24-GMT  BuildTime: Aug  4 2022 06:17:15  BuildStamp: freesurfer-linux-ubuntu22_x86_64-7.3.2-20220804-6354275  User: oesteban  Machine: dna050  Platform: Linux  PlatformVersion: 5.14.0-427.37.1.el9_4.x86_64  CompilerName: GCC  CompilerVersion: 8.4.0
ProgramName: mri_surf2surf  ProgramArguments: mri_surf2surf -all-info  ProgramVersion: 7.3.2  TimeStamp: 2026/03/12-15:27:24-GMT  BuildTime: Aug  4 2022 06:17:15  BuildStamp: freesurfer-linux-ubuntu22_x86_64-7.3.2-20220804-6354275  User: oesteban  Machine: dna050  Platform: Linux  PlatformVersion: 5.14.0-427.37.1.el9_4.x86_64  CompilerName: GCC  CompilerVersion: 8.4.0
ProgramName: mri_surf2vol  ProgramArguments: mri_surf2vol -all-info  ProgramVersion: 7.3.2  TimeStamp: 2026/03/12-15:27:24-GMT  BuildTime: Aug  4 2022 06:17:15  BuildStamp: freesurfer-linux-ubuntu22_x86_64-7.3.2-20220804-6354275  User: oesteban  Machine: dna050  Platform: Linux  PlatformVersion: 5.14.0-427.37.1.el9_4.x86_64  CompilerName: GCC  CompilerVersion: 8.4.0
ProgramName: mri_surfcluster  ProgramArguments: mri_surfcluster -all-info  ProgramVersion: 7.3.2  TimeStamp: 2026/03/12-15:27:24-GMT  BuildTime: Aug  4 2022 06:17:15  BuildStamp: freesurfer-linux-ubuntu22_x86_64-7.3.2-20220804-6354275  User: oesteban  Machine: dna050  Platform: Linux  PlatformVersion: 5.14.0-427.37.1.el9_4.x86_64  CompilerName: GCC  CompilerVersion: 8.4.0
ProgramName: mris_volmask  ProgramArguments: mris_volmask -all-info  ProgramVersion: 7.3.2  TimeStamp: 2026/03/12-15:27:24-GMT  BuildTime: Aug  4 2022 06:17:15  BuildStamp: freesurfer-linux-ubuntu22_x86_64-7.3.2-20220804-6354275  User: oesteban  Machine: dna050  Platform: Linux  PlatformVersion: 5.14.0-427.37.1.el9_4.x86_64  CompilerName: GCC  CompilerVersion: 8.4.0
ProgramName: mri_tessellate  ProgramArguments: mri_tessellate -all-info  ProgramVersion: 7.3.2  TimeStamp: 2026/03/12-15:27:24-GMT  BuildTime: Aug  4 2022 06:17:15  BuildStamp: freesurfer-linux-ubuntu22_x86_64-7.3.2-20220804-6354275  User: oesteban  Machine: dna050  Platform: Linux  PlatformVersion: 5.14.0-427.37.1.el9_4.x86_64  CompilerName: GCC  CompilerVersion: 8.4.0
ProgramName: mri_vol2surf  ProgramArguments: mri_vol2surf -all-info  ProgramVersion: 7.3.2  TimeStamp: 2026/03/12-15:27:24-GMT  BuildTime: Aug  4 2022 06:17:15  BuildStamp: freesurfer-linux-ubuntu22_x86_64-7.3.2-20220804-6354275  User: oesteban  Machine: dna050  Platform: Linux  PlatformVersion: 5.14.0-427.37.1.el9_4.x86_64  CompilerName: GCC  CompilerVersion: 8.4.0
ProgramName: mri_vol2vol  ProgramArguments: mri_vol2vol -all-info  ProgramVersion: 7.3.2  TimeStamp: 2026/03/12-15:27:24-GMT  BuildTime: Aug  4 2022 06:17:15  BuildStamp: freesurfer-linux-ubuntu22_x86_64-7.3.2-20220804-6354275  User: oesteban  Machine: dna050  Platform: Linux  PlatformVersion: 5.14.0-427.37.1.el9_4.x86_64  CompilerName: GCC  CompilerVersion: 8.4.0
ProgramName: mri_voldiff  ProgramArguments: mri_voldiff -all-info  ProgramVersion: 7.3.2  TimeStamp: 2026/03/12-15:27:24-GMT  BuildTime: Aug  4 2022 06:17:15  BuildStamp: freesurfer-linux-ubuntu22_x86_64-7.3.2-20220804-6354275  User: oesteban  Machine: dna050  Platform: Linux  PlatformVersion: 5.14.0-427.37.1.el9_4.x86_64  CompilerName: GCC  CompilerVersion: 8.4.0
ProgramName: mri_watershed  ProgramArguments: mri_watershed -all-info  ProgramVersion: 7.3.2  TimeStamp: 2026/03/12-15:27:24-GMT  BuildTime: Aug  4 2022 06:17:15  BuildStamp: freesurfer-linux-ubuntu22_x86_64-7.3.2-20220804-6354275  User: oesteban  Machine: dna050  Platform: Linux  PlatformVersion: 5.14.0-427.37.1.el9_4.x86_64  CompilerName: GCC  CompilerVersion: 8.4.0
ProgramName: tkregister2  ProgramArguments: tkregister2_cmdl -all-info  ProgramVersion: 7.3.2  TimeStamp: 2026/03/12-15:27:24-GMT  BuildTime: Aug  4 2022 06:17:15  BuildStamp: freesurfer-linux-ubuntu22_x86_64-7.3.2-20220804-6354275  User: oesteban  Machine: dna050  Platform: Linux  PlatformVersion: 5.14.0-427.37.1.el9_4.x86_64  CompilerName: GCC  CompilerVersion: 8.4.0
mri_motion_correct.fsl 7.3.2
mri_convert -all-info 
ProgramName: mri_convert  ProgramArguments: mri_convert -all-info  ProgramVersion: 7.3.2  TimeStamp: 2026/03/12-15:27:24-GMT  BuildTime: Aug  4 2022 06:17:15  BuildStamp: freesurfer-linux-ubuntu22_x86_64-7.3.2-20220804-6354275  User: oesteban  Machine: dna050  Platform: Linux  PlatformVersion: 5.14.0-427.37.1.el9_4.x86_64  CompilerName: GCC  CompilerVersion: 8.4.0
Program nu_correct, built from:
Package MNI N3, version 1.12.0, compiled by nicks@terrier (x86_64-unknown-linux-gnu) on 2015-06-19 at 01:25:34
#######################################
GCADIR /opt/freesurfer/average
GCA RB_all_2020-01-02.gca
GCASkull RB_all_withskull_2020_01_02.gca
AvgCurvTif folding.atlas.acfb40.noaparc.i12.2016-08-02.tif
GCSDIR /opt/freesurfer/average
GCS DKaparc.atlas.acfb40.noaparc.i12.2016-08-02.gcs
#######################################
#--------------------------------------------
#@# Tessellate lh Thu Mar 12 16:27:24 CET 2026
/out/sourcedata/freesurfer/sub-v1s20x0050273_ses-1/scripts

 mri_pretess ../mri/filled.mgz 255 ../mri/norm.mgz ../mri/filled-pretess255.mgz 


Iteration Number : 1
pass   1 (xy+):   4 found -   4 modified     |    TOTAL:   4
pass   2 (xy+):   0 found -   4 modified     |    TOTAL:   4
pass   1 (xy-):   1 found -   1 modified     |    TOTAL:   5
pass   2 (xy-):   0 found -   1 modified     |    TOTAL:   5
pass   1 (yz+):  10 found -  10 modified     |    TOTAL:  15
pass   2 (yz+):   0 found -  10 modified     |    TOTAL:  15
pass   1 (yz-):   2 found -   2 modified     |    TOTAL:  17
pass   2 (yz-):   0 found -   2 modified     |    TOTAL:  17
pass   1 (xz+):   1 found -   1 modified     |    TOTAL:  18
pass   2 (xz+):   0 found -   1 modified     |    TOTAL:  18
pass   1 (xz-):   4 found -   4 modified     |    TOTAL:  22
pass   2 (xz-):   0 found -   4 modified     |    TOTAL:  22
Iteration Number : 1
pass   1 (+++):   0 found -   0 modified     |    TOTAL:   0
pass   1 (+++):   0 found -   0 modified     |    TOTAL:   0
pass   1 (+++):   0 found -   0 modified     |    TOTAL:   0
pass   1 (+++):   0 found -   0 modified     |    TOTAL:   0
Iteration Number : 1
pass   1 (++):   1 found -   1 modified     |    TOTAL:   1
pass   2 (++):   0 found -   1 modified     |    TOTAL:   1
pass   1 (+-):   0 found -   0 modified     |    TOTAL:   1
pass   1 (--):   1 found -   1 modified     |    TOTAL:   2
pass   2 (--):   0 found -   1 modified     |    TOTAL:   2
pass   1 (-+):   1 found -   1 modified     |    TOTAL:   3
pass   2 (-+):   0 found -   1 modified     |    TOTAL:   3
Iteration Number : 2
pass   1 (xy+):   0 found -   0 modified     |    TOTAL:   0
pass   1 (xy-):   0 found -   0 modified     |    TOTAL:   0
pass   1 (yz+):   0 found -   0 modified     |    TOTAL:   0
pass   1 (yz-):   0 found -   0 modified     |    TOTAL:   0
pass   1 (xz+):   0 found -   0 modified     |    TOTAL:   0
pass   1 (xz-):   0 found -   0 modified     |    TOTAL:   0
Iteration Number : 2
pass   1 (+++):   0 found -   0 modified     |    TOTAL:   0
pass   1 (+++):   0 found -   0 modified     |    TOTAL:   0
pass   1 (+++):   0 found -   0 modified     |    TOTAL:   0
pass   1 (+++):   0 found -   0 modified     |    TOTAL:   0
Iteration Number : 2
pass   1 (++):   0 found -   0 modified     |    TOTAL:   0
pass   1 (+-):   0 found -   0 modified     |    TOTAL:   0
pass   1 (--):   0 found -   0 modified     |    TOTAL:   0
pass   1 (-+):   0 found -   0 modified     |    TOTAL:   0

Total Number of Modified Voxels = 25 (out of 302469: 0.008265)
Ambiguous edge configurations... 

mri_pretess done


 mri_tessellate ../mri/filled-pretess255.mgz 255 ../surf/lh.orig.nofix 

7.3.2
  7.3.2
slice 40: 1280 vertices, 1403 faces
slice 50: 7518 vertices, 7834 faces
slice 60: 17941 vertices, 18326 faces
slice 70: 29219 vertices, 29611 faces
slice 80: 41449 vertices, 41871 faces
slice 90: 53942 vertices, 54345 faces
slice 100: 66409 vertices, 66820 faces
slice 110: 78275 vertices, 78717 faces
slice 120: 90055 vertices, 90501 faces
slice 130: 102304 vertices, 102727 faces
slice 140: 113803 vertices, 114197 faces
slice 150: 123985 vertices, 124366 faces
slice 160: 132788 vertices, 133131 faces
slice 170: 140318 vertices, 140626 faces
slice 180: 146156 vertices, 146394 faces
slice 190: 150810 vertices, 151011 faces
slice 200: 152110 vertices, 152162 faces
slice 210: 152110 vertices, 152162 faces
slice 220: 152110 vertices, 152162 faces
slice 230: 152110 vertices, 152162 faces
slice 240: 152110 vertices, 152162 faces
slice 250: 152110 vertices, 152162 faces
using the conformed surface RAS to save vertex points...
writing ../surf/lh.orig.nofix
using vox2ras matrix:
-1.00000   0.00000   0.00000   128.00000;
 0.00000   0.00000   1.00000  -128.00000;
 0.00000  -1.00000   0.00000   128.00000;
 0.00000   0.00000   0.00000   1.00000;

 rm -f ../mri/filled-pretess255.mgz 


 mris_extract_main_component ../surf/lh.orig.nofix ../surf/lh.orig.nofix 


counting number of connected components...
   152110 voxel in cpt #1: X=-52 [v=152110,e=456486,f=304324] located at (-30.893366, -19.225409, 21.042929)
For the whole surface: X=-52 [v=152110,e=456486,f=304324]
One single component has been found
nothing to do
done

#--------------------------------------------
#@# Smooth1 lh Thu Mar 12 16:27:28 CET 2026
/out/sourcedata/freesurfer/sub-v1s20x0050273_ses-1/scripts

 mris_smooth -nw -seed 1234 ../surf/lh.orig.nofix ../surf/lh.smoothwm.nofix 

setting seed for random number generator to 1234
smoothing surface tessellation for 10 iterations...
smoothing complete - recomputing first and second fundamental forms...
#--------------------------------------------
#@# Inflation1 lh Thu Mar 12 16:27:32 CET 2026
/out/sourcedata/freesurfer/sub-v1s20x0050273_ses-1/scripts

 mris_inflate -no-save-sulc ../surf/lh.smoothwm.nofix ../surf/lh.inflated.nofix 

Not saving sulc
Reading ../surf/lh.smoothwm.nofix
avg radius = 48.0 mm, total surface area = 81587 mm^2
step 000: RMS=0.154 (target=0.015)   step 005: RMS=0.117 (target=0.015)   step 010: RMS=0.090 (target=0.015)   step 015: RMS=0.077 (target=0.015)   step 020: RMS=0.069 (target=0.015)   step 025: RMS=0.062 (target=0.015)   step 030: RMS=0.058 (target=0.015)   step 035: RMS=0.055 (target=0.015)   step 040: RMS=0.053 (target=0.015)   step 045: RMS=0.052 (target=0.015)   step 050: RMS=0.051 (target=0.015)   step 055: RMS=0.051 (target=0.015)   step 060: RMS=0.052 (target=0.015)   writing inflated surface to ../surf/lh.inflated.nofix
inflation took 0.3 minutes

inflation complete.
Not saving sulc
mris_inflate utimesec    60.329975
mris_inflate stimesec    1.974423
mris_inflate ru_maxrss   240084
mris_inflate ru_ixrss    0
mris_inflate ru_idrss    0
mris_inflate ru_isrss    0
mris_inflate ru_minflt   560353
mris_inflate ru_majflt   38
mris_inflate ru_nswap    0
mris_inflate ru_inblock  1672
mris_inflate ru_oublock  10704
mris_inflate ru_msgsnd   0
mris_inflate ru_msgrcv   0
mris_inflate ru_nsignals 0
mris_inflate ru_nvcsw    5528
mris_inflate ru_nivcsw   408
#--------------------------------------------
#@# QSphere lh Thu Mar 12 16:27:47 CET 2026
/out/sourcedata/freesurfer/sub-v1s20x0050273_ses-1/scripts

 mris_sphere -q -p 6 -a 128 -seed 1234 ../surf/lh.inflated.nofix ../surf/lh.qsphere.nofix 

doing quick spherical unfolding.
limitting unfolding to 6 passes
using n_averages = 128
setting seed for random number genererator to 1234
version: 7.3.2
available threads: 16
scaling brain by 0.308...
inflating...
projecting onto sphere...
surface projected - minimizing metric distortion...
vertex spacing 0.93 +- 0.55 (0.00-->8.51) (max @ vno 103080 --> 104250)
face area 0.03 +- 0.03 (-0.09-->0.78)
Entering MRISinflateToSphere()
inflating to sphere (rms error < 2.00)
000: dt: 0.0000, rms radial error=175.988, avgs=0
005/300: dt: 0.9000, rms radial error=175.730, avgs=0
010/300: dt: 0.9000, rms radial error=175.176, avgs=0
015/300: dt: 0.9000, rms radial error=174.448, avgs=0
020/300: dt: 0.9000, rms radial error=173.619, avgs=0
025/300: dt: 0.9000, rms radial error=172.732, avgs=0
030/300: dt: 0.9000, rms radial error=171.814, avgs=0
035/300: dt: 0.9000, rms radial error=170.878, avgs=0
040/300: dt: 0.9000, rms radial error=169.934, avgs=0
045/300: dt: 0.9000, rms radial error=168.987, avgs=0
050/300: dt: 0.9000, rms radial error=168.040, avgs=0
055/300: dt: 0.9000, rms radial error=167.097, avgs=0
060/300: dt: 0.9000, rms radial error=166.158, avgs=0
065/300: dt: 0.9000, rms radial error=165.224, avgs=0
070/300: dt: 0.9000, rms radial error=164.293, avgs=0
075/300: dt: 0.9000, rms radial error=163.368, avgs=0
080/300: dt: 0.9000, rms radial error=162.446, avgs=0
085/300: dt: 0.9000, rms radial error=161.528, avgs=0
090/300: dt: 0.9000, rms radial error=160.615, avgs=0
095/300: dt: 0.9000, rms radial error=159.708, avgs=0
100/300: dt: 0.9000, rms radial error=158.805, avgs=0
105/300: dt: 0.9000, rms radial error=157.907, avgs=0
110/300: dt: 0.9000, rms radial error=157.013, avgs=0
115/300: dt: 0.9000, rms radial error=156.125, avgs=0
120/300: dt: 0.9000, rms radial error=155.242, avgs=0
125/300: dt: 0.9000, rms radial error=154.363, avgs=0
130/300: dt: 0.9000, rms radial error=153.490, avgs=0
135/300: dt: 0.9000, rms radial error=152.621, avgs=0
140/300: dt: 0.9000, rms radial error=151.757, avgs=0
145/300: dt: 0.9000, rms radial error=150.898, avgs=0
150/300: dt: 0.9000, rms radial error=150.044, avgs=0
155/300: dt: 0.9000, rms radial error=149.194, avgs=0
160/300: dt: 0.9000, rms radial error=148.349, avgs=0
165/300: dt: 0.9000, rms radial error=147.510, avgs=0
170/300: dt: 0.9000, rms radial error=146.675, avgs=0
175/300: dt: 0.9000, rms radial error=145.845, avgs=0
180/300: dt: 0.9000, rms radial error=145.020, avgs=0
185/300: dt: 0.9000, rms radial error=144.199, avgs=0
190/300: dt: 0.9000, rms radial error=143.383, avgs=0
195/300: dt: 0.9000, rms radial error=142.572, avgs=0
200/300: dt: 0.9000, rms radial error=141.765, avgs=0
205/300: dt: 0.9000, rms radial error=140.963, avgs=0
210/300: dt: 0.9000, rms radial error=140.165, avgs=0
215/300: dt: 0.9000, rms radial error=139.372, avgs=0
220/300: dt: 0.9000, rms radial error=138.583, avgs=0
225/300: dt: 0.9000, rms radial error=137.799, avgs=0
230/300: dt: 0.9000, rms radial error=137.019, avgs=0
235/300: dt: 0.9000, rms radial error=136.244, avgs=0
240/300: dt: 0.9000, rms radial error=135.473, avgs=0
245/300: dt: 0.9000, rms radial error=134.707, avgs=0
250/300: dt: 0.9000, rms radial error=133.945, avgs=0
255/300: dt: 0.9000, rms radial error=133.187, avgs=0
260/300: dt: 0.9000, rms radial error=132.434, avgs=0
265/300: dt: 0.9000, rms radial error=131.686, avgs=0
270/300: dt: 0.9000, rms radial error=130.941, avgs=0
275/300: dt: 0.9000, rms radial error=130.201, avgs=0
280/300: dt: 0.9000, rms radial error=129.464, avgs=0
285/300: dt: 0.9000, rms radial error=128.732, avgs=0
290/300: dt: 0.9000, rms radial error=128.004, avgs=0
295/300: dt: 0.9000, rms radial error=127.280, avgs=0
300/300: dt: 0.9000, rms radial error=126.561, avgs=0

spherical inflation complete.
epoch 1 (K=10.0), pass 1, starting sse = 17810.65
taking momentum steps...
taking momentum steps...
taking momentum steps...
taking momentum steps...
pass 1 complete, delta sse/iter = 0.00/13 = 0.00024
epoch 2 (K=40.0), pass 1, starting sse = 2953.25
taking momentum steps...
taking momentum steps...
taking momentum steps...
taking momentum steps...
pass 1 complete, delta sse/iter = 0.00/13 = 0.00013
epoch 3 (K=160.0), pass 1, starting sse = 297.53
taking momentum steps...
taking momentum steps...
taking momentum steps...
taking momentum steps...
pass 1 complete, delta sse/iter = 0.14/16 = 0.00854
epoch 4 (K=640.0), pass 1, starting sse = 20.19
taking momentum steps...
taking momentum steps...
taking momentum steps...
taking momentum steps...
pass 1 complete, delta sse/iter = 0.07/16 = 0.00421
final distance error %100000.00
writing spherical brain to ../surf/lh.qsphere.nofix
spherical transformation took 0.0224 hours
FSRUNTIME@ mris_sphere  0.0224 hours 16 threads
#VMPC# mris_sphere VmPeak  1617748
mris_sphere done
#@# Fix Topology lh Thu Mar 12 16:29:08 CET 2026

 mris_fix_topology -mgz -sphere qsphere.nofix -inflated inflated.nofix -orig orig.nofix -out orig.premesh -ga -seed 1234 sub-v1s20x0050273_ses-1 lh 

reading spherical homeomorphism from 'qsphere.nofix'
reading inflated coordinates from 'inflated.nofix'
reading original coordinates from 'orig.nofix'
using genetic algorithm with optimized parameters
setting seed for random number genererator to 1234

*************************************************************
Topology Correction Parameters
retessellation mode:           genetic search
number of patches/generation : 10
number of generations :        10
surface mri loglikelihood coefficient :         1.0
volume mri loglikelihood coefficient :          10.0
normal dot loglikelihood coefficient :          1.0
quadratic curvature loglikelihood coefficient : 1.0
volume resolution :                             2
eliminate vertices during search :              1
initial patch selection :                       1
select all defect vertices :                    0
ordering dependant retessellation:              0
use precomputed edge table :                    0
smooth retessellated patch :                    2
match retessellated patch :                     1
verbose mode :                                  0

*************************************************************
INFO: assuming .mgz format
writing corrected surface to 'orig.premesh'
7.3.2
  7.3.2
before topology correction, eno=-52 (nv=152110, nf=304324, ne=456486, g=27)
using quasi-homeomorphic spherical map to tessellate cortical surface...

Correction of the Topology
Finding true center and radius of Spherical Surface...done
Surface centered at (0,0,0) with radius 100.0 in 10 iterations
marking ambiguous vertices...
10682 ambiguous faces found in tessellation
segmenting defects...
30 defects found, arbitrating ambiguous regions...
analyzing neighboring defects...
      -merging segment 6 into 4
      -merging segment 7 into 4
      -merging segment 15 into 14
27 defects to be corrected 
0 vertices coincident
reading input surface /out/sourcedata/freesurfer/sub-v1s20x0050273_ses-1/surf/lh.qsphere.nofix...
reading brain volume from brain...
reading wm segmentation from wm...
Reading original properties of orig.nofix
Reading vertex positions of inflated.nofix
Computing Initial Surface Statistics
      -face       loglikelihood: -9.3242  (-4.6621)
      -vertex     loglikelihood: -6.2981  (-3.1491)
      -normal dot loglikelihood: -3.6603  (-3.6603)
      -quad curv  loglikelihood: -5.7604  (-2.8802)
      Total Loglikelihood : -25.0430
CORRECTING DEFECT 0 (vertices=1045, convex hull=321, v0=218)
After retessellation of defect 0 (v0=218), euler #=-26 (146289,437833,291518) : difference with theory (-24) = 2 
CORRECTING DEFECT 1 (vertices=81, convex hull=101, v0=311)
After retessellation of defect 1 (v0=311), euler #=-25 (146307,437927,291595) : difference with theory (-23) = 2 
CORRECTING DEFECT 2 (vertices=807, convex hull=292, v0=1325)
After retessellation of defect 2 (v0=1325), euler #=-24 (146387,438302,291891) : difference with theory (-22) = 2 
CORRECTING DEFECT 3 (vertices=358, convex hull=58, v0=7288)
After retessellation of defect 3 (v0=7288), euler #=-23 (146435,438473,292015) : difference with theory (-21) = 2 
CORRECTING DEFECT 4 (vertices=871, convex hull=316, v0=41443)
normal vector of length zero at vertex 148901 with 3 faces
normal vector of length zero at vertex 148801 with 3 faces
After retessellation of defect 4 (v0=41443), euler #=-20 (146549,438974,292405) : difference with theory (-20) = 0 
CORRECTING DEFECT 5 (vertices=10, convex hull=18, v0=43272)
After retessellation of defect 5 (v0=43272), euler #=-19 (146551,438984,292414) : difference with theory (-19) = 0 
CORRECTING DEFECT 6 (vertices=35, convex hull=36, v0=63434)
After retessellation of defect 6 (v0=63434), euler #=-18 (146558,439017,292441) : difference with theory (-18) = 0 
CORRECTING DEFECT 7 (vertices=168, convex hull=42, v0=70460)
After retessellation of defect 7 (v0=70460), euler #=-17 (146570,439068,292481) : difference with theory (-17) = 0 
CORRECTING DEFECT 8 (vertices=23, convex hull=45, v0=73118)
After retessellation of defect 8 (v0=73118), euler #=-16 (146581,439120,292523) : difference with theory (-16) = 0 
CORRECTING DEFECT 9 (vertices=36, convex hull=34, v0=82955)
After retessellation of defect 9 (v0=82955), euler #=-15 (146583,439138,292540) : difference with theory (-15) = 0 
CORRECTING DEFECT 10 (vertices=29, convex hull=32, v0=84115)
After retessellation of defect 10 (v0=84115), euler #=-14 (146585,439155,292556) : difference with theory (-14) = 0 
CORRECTING DEFECT 11 (vertices=143, convex hull=55, v0=85244)
After retessellation of defect 11 (v0=85244), euler #=-13 (146602,439228,292613) : difference with theory (-13) = 0 
CORRECTING DEFECT 12 (vertices=57, convex hull=74, v0=85819)
After retessellation of defect 12 (v0=85819), euler #=-11 (146617,439306,292678) : difference with theory (-12) = -1 
CORRECTING DEFECT 13 (vertices=99, convex hull=117, v0=89966)
After retessellation of defect 13 (v0=89966), euler #=-10 (146653,439469,292806) : difference with theory (-11) = -1 
CORRECTING DEFECT 14 (vertices=464, convex hull=131, v0=96285)
After retessellation of defect 14 (v0=96285), euler #=-9 (146684,439627,292934) : difference with theory (-10) = -1 
CORRECTING DEFECT 15 (vertices=34, convex hull=40, v0=96501)
After retessellation of defect 15 (v0=96501), euler #=-8 (146687,439652,292957) : difference with theory (-9) = -1 
CORRECTING DEFECT 16 (vertices=9, convex hull=20, v0=104392)
After retessellation of defect 16 (v0=104392), euler #=-7 (146689,439663,292967) : difference with theory (-8) = -1 
CORRECTING DEFECT 17 (vertices=28, convex hull=32, v0=106633)
After retessellation of defect 17 (v0=106633), euler #=-6 (146694,439690,292990) : difference with theory (-7) = -1 
CORRECTING DEFECT 18 (vertices=368, convex hull=174, v0=114662)
After retessellation of defect 18 (v0=114662), euler #=-5 (146766,439990,293219) : difference with theory (-6) = -1 
CORRECTING DEFECT 19 (vertices=253, convex hull=74, v0=116806)
After retessellation of defect 19 (v0=116806), euler #=-4 (146785,440079,293290) : difference with theory (-5) = -1 
CORRECTING DEFECT 20 (vertices=456, convex hull=87, v0=123737)
After retessellation of defect 20 (v0=123737), euler #=-4 (146830,440264,293430) : difference with theory (-4) = 0 
CORRECTING DEFECT 21 (vertices=68, convex hull=72, v0=124151)
After retessellation of defect 21 (v0=124151), euler #=-3 (146850,440358,293505) : difference with theory (-3) = 0 
CORRECTING DEFECT 22 (vertices=321, convex hull=149, v0=124898)
After retessellation of defect 22 (v0=124898), euler #=-2 (146881,440535,293652) : difference with theory (-2) = 0 
CORRECTING DEFECT 23 (vertices=28, convex hull=37, v0=127533)
After retessellation of defect 23 (v0=127533), euler #=-1 (146883,440552,293668) : difference with theory (-1) = 0 
CORRECTING DEFECT 24 (vertices=25, convex hull=60, v0=137160)
After retessellation of defect 24 (v0=137160), euler #=0 (146896,440615,293719) : difference with theory (0) = 0 
CORRECTING DEFECT 25 (vertices=79, convex hull=71, v0=137629)
After retessellation of defect 25 (v0=137629), euler #=1 (146922,440723,293802) : difference with theory (1) = 0 
CORRECTING DEFECT 26 (vertices=58, convex hull=81, v0=140092)
After retessellation of defect 26 (v0=140092), euler #=2 (146954,440856,293904) : difference with theory (2) = 0 
computing original vertex metric properties...
storing new metric properties...
computing tessellation statistics...
vertex spacing 0.89 +- 0.23 (0.01-->15.80) (max @ vno 9619 --> 18834)
face area -nan +- -nan (1000.00-->-1.00)
performing soap bubble on retessellated vertices for 0 iterations...
vertex spacing 0.89 +- 0.23 (0.01-->15.80) (max @ vno 9619 --> 18834)
face area -nan +- -nan (1000.00-->-1.00)
tessellation finished, orienting corrected surface...
82 mutations (32.4%), 171 crossovers (67.6%), 282 vertices were eliminated
building final representation...
5156 vertices and 0 faces have been removed from triangulation
after topology correction, eno=2 (nv=146954, nf=293904, ne=440856, g=0)
writing corrected surface to /out/sourcedata/freesurfer/sub-v1s20x0050273_ses-1/surf/lh.orig.premesh...

0.000 % of the vertices (0 vertices) exhibit an orientation change
removing intersecting faces
000: 417 intersecting
001: 51 intersecting
terminating search with 0 intersecting
topology fixing took 2.3 minutes
FSRUNTIME@ mris_fix_topology lh  0.0388 hours 16 threads
#VMPC# mris_fix_topology VmPeak  1868324

 mris_euler_number ../surf/lh.orig.premesh 

euler # = v-e+f = 2g-2: 146954 - 440856 + 293904 = 2 --> 0 holes
      F =2V-4:          293904 = 293908-4 (0)
      2E=3F:            881712 = 881712 (0)

total defect index = 0
Thu Mar 12 16:31:28 CET 2026

setenv SUBJECTS_DIR /out/sourcedata/freesurfer
cd /out/sourcedata/freesurfer/sub-v1s20x0050273_ses-1/scripts
/opt/freesurfer/bin/defect2seg --s sub-v1s20x0050273_ses-1 --lh-only --cortex

freesurfer-linux-ubuntu22_x86_64-7.3.2-20220804-6354275
defect2seg 7.3.2
Linux dna050 5.14.0-427.37.1.el9_4.x86_64 #1 SMP PREEMPT_DYNAMIC Fri Sep 13 12:41:50 EDT 2024 x86_64 x86_64 x86_64 GNU/Linux
pid 620991
mri_label2label --label-cortex /out/sourcedata/freesurfer/sub-v1s20x0050273_ses-1/surf/lh.orig.nofix /out/sourcedata/freesurfer/sub-v1s20x0050273_ses-1/mri/aseg.presurf.mgz 0 /out/sourcedata/freesurfer/sub-v1s20x0050273_ses-1/label/lh.nofix.cortex.label

 Generating cortex label... RemoveHipAmgy=0
 NucAccIsMedialWall=0
 mris->useRealRAS=0
22 non-cortical segments detected
only using segment with 7474 vertices
erasing segment 1 (vno[0] = 69324)
erasing segment 2 (vno[0] = 70417)
erasing segment 3 (vno[0] = 71560)
erasing segment 4 (vno[0] = 76284)
erasing segment 5 (vno[0] = 78871)
erasing segment 6 (vno[0] = 80541)
erasing segment 7 (vno[0] = 82955)
erasing segment 8 (vno[0] = 85718)
erasing segment 9 (vno[0] = 86429)
erasing segment 10 (vno[0] = 97447)
erasing segment 11 (vno[0] = 101934)
erasing segment 12 (vno[0] = 101983)
erasing segment 13 (vno[0] = 103073)
erasing segment 14 (vno[0] = 103100)
erasing segment 15 (vno[0] = 104159)
erasing segment 16 (vno[0] = 104188)
erasing segment 17 (vno[0] = 105325)
erasing segment 18 (vno[0] = 105525)
erasing segment 19 (vno[0] = 107644)
erasing segment 20 (vno[0] = 110100)
erasing segment 21 (vno[0] = 112143)
mri_label2vol --defects /out/sourcedata/freesurfer/sub-v1s20x0050273_ses-1/surf/lh.orig.nofix /out/sourcedata/freesurfer/sub-v1s20x0050273_ses-1/surf/lh.defect_labels /out/sourcedata/freesurfer/sub-v1s20x0050273_ses-1/mri/orig.mgz 1000 0 /out/sourcedata/freesurfer/sub-v1s20x0050273_ses-1/mri/lh.surface.defects.mgz /out/sourcedata/freesurfer/sub-v1s20x0050273_ses-1/label/lh.nofix.cortex.label
mri_label2vol supposed to be reproducible but seed not set
Contraining to label /out/sourcedata/freesurfer/sub-v1s20x0050273_ses-1/label/lh.nofix.cortex.label
Changing input type 0 to MRI_INT
Converting defects to volume: offset=1000, merge=0
Writing to /out/sourcedata/freesurfer/sub-v1s20x0050273_ses-1/mri/lh.surface.defects.mgz
mris_defects_pointset -s /out/sourcedata/freesurfer/sub-v1s20x0050273_ses-1/surf/lh.orig.nofix -d /out/sourcedata/freesurfer/sub-v1s20x0050273_ses-1/surf/lh.defect_labels -o /out/sourcedata/freesurfer/sub-v1s20x0050273_ses-1/surf/lh.defects.pointset --label /out/sourcedata/freesurfer/sub-v1s20x0050273_ses-1/label/lh.nofix.cortex.label
Reading in surface /out/sourcedata/freesurfer/sub-v1s20x0050273_ses-1/surf/lh.orig.nofix
Reading in defect segmentation /out/sourcedata/freesurfer/sub-v1s20x0050273_ses-1/surf/lh.defect_labels
Reading in label /out/sourcedata/freesurfer/sub-v1s20x0050273_ses-1/label/lh.nofix.cortex.label
#VMPC# mris_defects_pointset 1310700
mris_defects_pointset done
 
Started at Thu Mar 12 16:31:28 CET 2026 
Ended   at Thu Mar 12 16:31:47 CET 2026
Defect2seg-Run-Time-Sec 19
Defect2seg-Run-Time-Min 0.38
Defect2seg-Run-Time-Hours 0.01
 
tkmeditfv sub-v1s20x0050273_ses-1 brain.finalsurfs.mgz -defect
defect2seg Done

 mris_remesh --remesh --iters 3 --input /out/sourcedata/freesurfer/sub-v1s20x0050273_ses-1/surf/lh.orig.premesh --output /out/sourcedata/freesurfer/sub-v1s20x0050273_ses-1/surf/lh.orig 

iters = 3
standard remeshing without target
   adjusted l: 0.711625
remeshing to edge length 0.711625 with 3 iterations

avg qual before   : 0.891319  after: 0.97148

Removing intersections
removing intersecting faces
000: 11 intersecting
terminating search with 0 intersecting
Remeshed surface quality stats nv0 = 146954  nv = 152995  1.04111
Area    305986  0.30352  0.03377 0.010250   0.4926
Corner  917958 60.00000  8.76132 8.867856 154.8650
Edge    458979  0.84511  0.08224 0.138398   1.2714
Hinge   458979  9.66996 10.20420 0.000008 179.4488
mris_remesh done
/out/sourcedata/freesurfer/sub-v1s20x0050273_ses-1/scripts

 mris_remove_intersection ../surf/lh.orig ../surf/lh.orig 

intersection removal took 0.00 hours
writing corrected surface to ../surf/lh.orig

 rm -f ../surf/lh.inflated 

#--------------------------------------------
#@# AutoDetGWStats lh Thu Mar 12 16:32:35 CET 2026
cd /out/sourcedata/freesurfer/sub-v1s20x0050273_ses-1/mri
mris_autodet_gwstats --o ../surf/autodet.gw.stats.lh.dat --i brain.finalsurfs.mgz --wm wm.mgz --surf ../surf/lh.orig.premesh
7.3.2

cd /out/sourcedata/freesurfer/sub-v1s20x0050273_ses-1/mri
setenv SUBJECTS_DIR /out/sourcedata/freesurfer
mris_autodet_gwstats --o ../surf/autodet.gw.stats.lh.dat --i brain.finalsurfs.mgz --wm wm.mgz --surf ../surf/lh.orig.premesh 

border white:    286202 voxels (1.71%)
border gray      325443 voxels (1.94%)
Reading in intensity volume brain.finalsurfs.mgz
Reading in wm volume wm.mgz
Reading in surf ../surf/lh.orig.premesh
Auto detecting stats
MRIclipBrightWM(): nthresh=23154, wmmin=5, clip=110 
Binarizing thresholding at 5
computing class statistics... low=30, hi=110.000000
CCS WM (98.0): 98.2 +- 7.7 [70.0 --> 110.0]
CCS GM (75.0) : 74.1 +- 10.6 [30.0 --> 110.0]
white_mean = 98.1582 +/- 7.73203, gray_mean = 74.1407 +/- 10.5501
using class modes intead of means, discounting robust sigmas....
MRIScomputeClassModes(): min=0 max=255 nbins=256
intensity peaks found at WM=103+-7.0,    GM=69+-8.7
white_mode = 103, gray_mode = 69
std_scale = 1
Applying sanity checks, max_scale_down = 0.2
setting MIN_GRAY_AT_WHITE_BORDER to 58.4 (was 70.000000)
setting MAX_BORDER_WHITE to 110.7 (was 105.000000)
setting MIN_BORDER_WHITE to 69.0 (was 85.000000)
setting MAX_CSF to 47.9 (was 40.000000)
setting MAX_GRAY to 95.3 (was 95.000000)
setting MAX_GRAY_AT_CSF_BORDER to 58.4 (was 75.000000)
setting MIN_GRAY_AT_CSF_BORDER to 37.3 (was 40.000000)
When placing the white surface
  white_border_hi   = 110.732;
  white_border_low  = 69;
  white_outside_low = 58.4499;
  white_inside_hi   = 120;
  white_outside_hi  = 110.732;
When placing the pial surface
  pial_border_hi   = 58.4499;
  pial_border_low  = 37.3496;
  pial_outside_low = 10;
  pial_inside_hi   = 95.268;
  pial_outside_hi  = 53.1748;
#VMPC# mris_autodet_gwstats VmPeak  1408328
mris_autodet_gwstats done
#--------------------------------------------
#@# WhitePreAparc lh Thu Mar 12 16:32:39 CET 2026
cd /out/sourcedata/freesurfer/sub-v1s20x0050273_ses-1/mri
mris_place_surface --adgws-in ../surf/autodet.gw.stats.lh.dat --wm wm.mgz --threads 16 --invol brain.finalsurfs.mgz --lh --i ../surf/lh.orig --o ../surf/lh.white.preaparc --white --seg aseg.presurf.mgz --nsmooth 5
7.3.2
7.3.2

cd /out/sourcedata/freesurfer/sub-v1s20x0050273_ses-1/mri
setenv SUBJECTS_DIR /out/sourcedata/freesurfer
mris_place_surface --adgws-in ../surf/autodet.gw.stats.lh.dat --wm wm.mgz --threads 16 --invol brain.finalsurfs.mgz --lh --i ../surf/lh.orig --o ../surf/lh.white.preaparc --white --seg aseg.presurf.mgz --nsmooth 5 

Reading in input surface ../surf/lh.orig
Smoothing surface before ripping with 5 iterations
removing intersecting faces
000: 8 intersecting
step 1 with no progress (num=8, old_num=8)
001: 8 intersecting
step 2 with no progress (num=14, old_num=8)
002: 14 intersecting
003: 9 intersecting
004: 4 intersecting
step 1 with no progress (num=5, old_num=4)
005: 5 intersecting
step 2 with no progress (num=5, old_num=5)
006: 5 intersecting
step 3 with no progress (num=5, old_num=5)
007: 5 intersecting
step 4 with no progress (num=5, old_num=5)
008: 5 intersecting
step 5 with no progress (num=5, old_num=5)
009: 5 intersecting
step 6 with no progress (num=5, old_num=5)
010: 5 intersecting
step 7 with no progress (num=5, old_num=5)
011: 5 intersecting
step 8 with no progress (num=5, old_num=5)
012: 5 intersecting
step 9 with no progress (num=5, old_num=5)
013: 5 intersecting
step 10 with no progress (num=5, old_num=5)
014: 5 intersecting
step 11 with no progress (num=5, old_num=5)
015: 5 intersecting
step 12 with no progress (num=5, old_num=5)
016: 5 intersecting
step 13 with no progress (num=5, old_num=5)
017: 5 intersecting
step 14 with no progress (num=5, old_num=5)
018: 5 intersecting
step 15 with no progress (num=5, old_num=5)
019: 5 intersecting
step 16 with no progress (num=5, old_num=5)
terminating search with 4 intersecting
Area    305986  0.26856  0.06353 0.000000   0.6400
Corner  917958 60.00000  9.40330 0.227029 179.3087
Edge    458979  0.79087  0.11515 0.000619   1.3665
Hinge   458979  6.46408  6.55838 0.000024 175.1413
Not reading in aparc
Reading in input volume brain.finalsurfs.mgz
Reading in wm volume wm.mgz
MRIclipBrightWM(): nthresh=23154, wmmin=5, clip=110 
MRIfindBrightNonWM(): 2945 bright non-wm voxels segmented.
Masking bright non-wm for white surface
MRImask(): AllowDiffGeom = 1
MRImask(): AllowDiffGeom = 1
Reading in seg volume aseg.presurf.mgz
Ripping frozen voxels
INFO: rip surface needed but not specified, so using input surface
Freezing midline and others
Entering: MRISripMidline(): inhibiting deformation at non-cortical midline structures...
  which=1, fix_mtl=0, using annot = 0
#FML0# MRISripMidline(): nripped=0
removing 3 vertices from ripped group in thread:0
#FML# MRISripMidline(): nmarked=6695, nmarked2=149, nripped=6695
Ripping segs (eg, WMSA, BG, frozen)
Starting MRISripSegs() d = (-2 2 0.5) segnos: 247 
MRISripSegs(): -2 2 0.5 ripped 0
vertex 76498: xyz = (-53.022,-6.25674,-22.6998) oxyz = (-53.022,-6.25674,-22.6998) wxzy = (-53.022,-6.25674,-22.6998) pxyz = (0,0,0) 
CBVO Creating mask 152995
n_averages 4
Iteration 0 =========================================
n_averages=4, current_sigma=2
Freezing midline and others
Ripping frozen voxels
INFO: rip surface needed but not specified, so using input surface
Freezing midline and others
Entering: MRISripMidline(): inhibiting deformation at non-cortical midline structures...
  which=1, fix_mtl=0, using annot = 0
#FML0# MRISripMidline(): nripped=6695
removing 3 vertices from ripped group in thread:0
#FML# MRISripMidline(): nmarked=6695, nmarked2=149, nripped=6695
Ripping segs (eg, WMSA, BG, frozen)
Starting MRISripSegs() d = (-2 2 0.5) segnos: 247 247 
MRISripSegs(): -2 2 0.5 ripped 0
Computing target border values 
Entering MRIScomputeBorderValues_new(): 
  inside_hi   = 120.0000000;
  border_hi   = 110.7320330;
  border_low  =  69.0000000;
  outside_low =  58.4498520;
  outside_hi  = 110.7320330;
  sigma = 2;
  max_thickness = 10;
  step_size=0.5;
  STEP_SIZE=0.1;
  which = 1
  thresh = 0
  flags = 0
  CBVfindFirstPeakD1=0
  CBVfindFirstPeakD2=0
  nvertices=152995
  Gdiag_no=-1
  vno start=0, stop=152995
Replacing 255s with 0s
#SI# sigma=2 had to be increased for 167 vertices, nripped=6695
mean border=81.7, 144 (144) missing vertices, mean dist 0.3 [0.6 (%35.6)->0.8 (%64.4))]
%77 local maxima, %18 large gradients and % 0 min vals, 0 gradients ignored
nFirstPeakD1 0
MRIScomputeBorderValues_new() finished in 0.0182 min


Finding expansion regions
mean absolute distance = 0.74 +- 0.94
5829 vertices more than 2 sigmas from mean.
Averaging target values for 5 iterations...
Positioning Surface: tspring = 0.3, nspring = 0.3, spring = 0, niters = 100 l_repulse = 5, l_surf_repulse = 0, checktol = 0
Positioning pial surface
Entering MRISpositionSurface()
  max_mm = 0.3
  MAX_REDUCTIONS = 2, REDUCTION_PCT = 0.5
  parms->check_tol = 0, niterations = 100
tol=1.0e-04, sigma=2.0, host=dna05, nav=4, nbrs=2, l_repulse=5.000, l_tspring=0.300, l_nspring=0.300, l_intensity=0.200, l_curv=1.000
mom=0.00, dt=0.50
complete_dist_mat 0
rms 0
smooth_averages 0
remove_neg 0
ico_order 0
which_surface 0
target_radius 0.000000
nfields 0
scale 0.000000
desired_rms_height 0.000000
momentum 0.000000
nbhd_size 0
max_nbrs 0
niterations 100
nsurfaces 0
SURFACES 3
flags 0 (0)
use curv 0
no sulc 0
no rigid align 0
mris->nsize 2
mris->hemisphere 0
randomSeed 0

000: dt: 0.0000, sse=3719147.8, rms=10.111
001: dt: 0.5000, sse=2144288.0, rms=7.520 (25.627%)
002: dt: 0.5000, sse=1504785.2, rms=5.912 (21.376%)
003: dt: 0.5000, sse=1042261.5, rms=4.823 (18.427%)
004: dt: 0.5000, sse=847662.0, rms=4.081 (15.377%)
005: dt: 0.5000, sse=739553.6, rms=3.588 (12.089%)
006: dt: 0.5000, sse=687896.6, rms=3.294 (8.204%)
007: dt: 0.5000, sse=649953.7, rms=3.129 (5.010%)
008: dt: 0.5000, sse=637806.0, rms=3.047 (2.615%)
009: dt: 0.5000, sse=631763.1, rms=2.994 (1.721%)
rms = 2.9586/2.9943, sse=626920.5/631763.1, time step reduction 1 of 3 to 0.250  0 0 1
010: dt: 0.5000, sse=626920.4, rms=2.959 (1.194%)
011: dt: 0.2500, sse=457486.3, rms=1.707 (42.293%)
012: dt: 0.2500, sse=436864.8, rms=1.457 (14.635%)
013: dt: 0.2500, sse=432246.0, rms=1.384 (5.024%)
rms = 1.3566/1.3842, sse=427109.8/432246.0, time step reduction 2 of 3 to 0.125  0 0 1
014: dt: 0.2500, sse=427109.8, rms=1.357 (1.992%)
rms = 1.3211/1.3566, sse=425033.7/427109.8, time step reduction 3 of 3 to 0.062  0 0 1
015: dt: 0.1250, sse=425033.7, rms=1.321 (2.616%)
  maximum number of reductions reached, breaking from loop
positioning took 1.6 minutes
Iteration 1 =========================================
n_averages=2, current_sigma=1
Freezing midline and others
Ripping frozen voxels
INFO: rip surface needed but not specified, so using input surface
Freezing midline and others
Entering: MRISripMidline(): inhibiting deformation at non-cortical midline structures...
  which=1, fix_mtl=0, using annot = 0
#FML0# MRISripMidline(): nripped=6695
removing 3 vertices from ripped group in thread:0
removing 4 vertices from ripped group in thread:0
removing 4 vertices from ripped group in thread:0
removing 4 vertices from ripped group in thread:0
removing 4 vertices from ripped group in thread:0
removing 4 vertices from ripped group in thread:0
removing 3 vertices from ripped group in thread:0
#FML# MRISripMidline(): nmarked=6981, nmarked2=201, nripped=6981
Ripping segs (eg, WMSA, BG, frozen)
Starting MRISripSegs() d = (-2 2 0.5) segnos: 247 247 247 
MRISripSegs(): -2 2 0.5 ripped 0
Computing target border values 
Entering MRIScomputeBorderValues_new(): 
  inside_hi   = 120.0000000;
  border_hi   = 110.7320330;
  border_low  =  69.0000000;
  outside_low =  58.4498520;
  outside_hi  = 110.7320330;
  sigma = 1;
  max_thickness = 10;
  step_size=0.5;
  STEP_SIZE=0.1;
  which = 1
  thresh = 0
  flags = 0
  CBVfindFirstPeakD1=0
  CBVfindFirstPeakD2=0
  nvertices=152995
  Gdiag_no=-1
  vno start=0, stop=152995
Replacing 255s with 0s
#SI# sigma=1 had to be increased for 206 vertices, nripped=6981
mean border=83.8, 161 (46) missing vertices, mean dist -0.2 [0.4 (%67.3)->0.3 (%32.7))]
%81 local maxima, %15 large gradients and % 0 min vals, 0 gradients ignored
nFirstPeakD1 0
MRIScomputeBorderValues_new() finished in 0.0126 min


Finding expansion regions
mean absolute distance = 0.37 +- 0.68
4563 vertices more than 2 sigmas from mean.
Averaging target values for 5 iterations...
Positioning Surface: tspring = 0.3, nspring = 0.3, spring = 0, niters = 100 l_repulse = 5, l_surf_repulse = 0, checktol = 0
Positioning pial surface
Entering MRISpositionSurface()
  max_mm = 0.3
  MAX_REDUCTIONS = 2, REDUCTION_PCT = 0.5
  parms->check_tol = 0, niterations = 100
tol=1.0e-04, sigma=1.0, host=dna05, nav=2, nbrs=2, l_repulse=5.000, l_tspring=0.300, l_nspring=0.300, l_intensity=0.200, l_curv=1.000
mom=0.00, dt=0.50
000: dt: 0.0000, sse=896630.6, rms=4.010
016: dt: 0.5000, sse=645088.5, rms=2.667 (33.500%)
017: dt: 0.5000, sse=618407.5, rms=2.539 (4.771%)
rms = 2.5410/2.5395, sse=623540.6/618407.5, time step reduction 1 of 3 to 0.250  0 1 1
   RMS increased, rejecting step
018: dt: 0.2500, sse=526429.9, rms=1.831 (27.918%)
019: dt: 0.2500, sse=489137.8, rms=1.407 (23.133%)
020: dt: 0.2500, sse=485037.6, rms=1.277 (9.246%)
021: dt: 0.2500, sse=482248.8, rms=1.219 (4.554%)
rms = 1.1809/1.2188, sse=480980.5/482248.7, time step reduction 2 of 3 to 0.125  0 0 1
022: dt: 0.2500, sse=480980.5, rms=1.181 (3.109%)
rms = 1.1287/1.1809, sse=486769.5/480980.5, time step reduction 3 of 3 to 0.062  0 1 0
023: dt: 0.1250, sse=486769.5, rms=1.129 (4.423%)
  maximum number of reductions reached, breaking from loop
positioning took 0.9 minutes
Iteration 2 =========================================
n_averages=1, current_sigma=0.5
Freezing midline and others
Ripping frozen voxels
INFO: rip surface needed but not specified, so using input surface
Freezing midline and others
Entering: MRISripMidline(): inhibiting deformation at non-cortical midline structures...
  which=1, fix_mtl=0, using annot = 0
#FML0# MRISripMidline(): nripped=6981
removing 4 vertices from ripped group in thread:0
removing 3 vertices from ripped group in thread:0
removing 4 vertices from ripped group in thread:0
removing 2 vertices from ripped group in thread:0
removing 4 vertices from ripped group in thread:0
#FML# MRISripMidline(): nmarked=6996, nmarked2=200, nripped=6996
Ripping segs (eg, WMSA, BG, frozen)
Starting MRISripSegs() d = (-2 2 0.5) segnos: 247 247 247 247 
MRISripSegs(): -2 2 0.5 ripped 0
Computing target border values 
Entering MRIScomputeBorderValues_new(): 
  inside_hi   = 120.0000000;
  border_hi   = 110.7320330;
  border_low  =  69.0000000;
  outside_low =  58.4498520;
  outside_hi  = 110.7320330;
  sigma = 0.5;
  max_thickness = 10;
  step_size=0.5;
  STEP_SIZE=0.1;
  which = 1
  thresh = 0
  flags = 0
  CBVfindFirstPeakD1=0
  CBVfindFirstPeakD2=0
  nvertices=152995
  Gdiag_no=-1
  vno start=0, stop=152995
Replacing 255s with 0s
#SI# sigma=0.5 had to be increased for 263 vertices, nripped=6996
mean border=85.3, 201 (24) missing vertices, mean dist -0.1 [0.3 (%63.5)->0.2 (%36.5))]
%85 local maxima, %10 large gradients and % 0 min vals, 0 gradients ignored
nFirstPeakD1 0
MRIScomputeBorderValues_new() finished in 0.0071 min


Finding expansion regions
mean absolute distance = 0.30 +- 0.52
4580 vertices more than 2 sigmas from mean.
Averaging target values for 5 iterations...
Positioning Surface: tspring = 0.3, nspring = 0.3, spring = 0, niters = 100 l_repulse = 5, l_surf_repulse = 0, checktol = 0
Positioning pial surface
Entering MRISpositionSurface()
  max_mm = 0.3
  MAX_REDUCTIONS = 2, REDUCTION_PCT = 0.5
  parms->check_tol = 0, niterations = 100
tol=1.0e-04, sigma=0.5, host=dna05, nav=1, nbrs=2, l_repulse=5.000, l_tspring=0.300, l_nspring=0.300, l_intensity=0.200, l_curv=1.000
mom=0.00, dt=0.50
000: dt: 0.0000, sse=635420.3, rms=2.547
024: dt: 0.5000, sse=574408.9, rms=2.110 (17.173%)
rms = 2.2106/2.1100, sse=581301.5/574409.0, time step reduction 1 of 3 to 0.250  0 1 1
   RMS increased, rejecting step
025: dt: 0.2500, sse=502371.6, rms=1.486 (29.595%)
026: dt: 0.2500, sse=472094.1, rms=1.186 (20.138%)
027: dt: 0.2500, sse=470246.7, rms=1.095 (7.686%)
rms = 1.0802/1.0952, sse=462609.8/470246.7, time step reduction 2 of 3 to 0.125  0 0 1
028: dt: 0.2500, sse=462609.8, rms=1.080 (1.365%)
029: dt: 0.1250, sse=459900.4, rms=1.008 (6.690%)
rms = 0.9882/1.0080, sse=456197.0/459900.4, time step reduction 3 of 3 to 0.062  0 0 1
030: dt: 0.1250, sse=456197.0, rms=0.988 (1.965%)
  maximum number of reductions reached, breaking from loop
positioning took 0.7 minutes
Iteration 3 =========================================
n_averages=0, current_sigma=0.25
Freezing midline and others
Ripping frozen voxels
INFO: rip surface needed but not specified, so using input surface
Freezing midline and others
Entering: MRISripMidline(): inhibiting deformation at non-cortical midline structures...
  which=1, fix_mtl=0, using annot = 0
#FML0# MRISripMidline(): nripped=6996
removing 4 vertices from ripped group in thread:0
removing 3 vertices from ripped group in thread:0
removing 3 vertices from ripped group in thread:0
removing 4 vertices from ripped group in thread:0
removing 2 vertices from ripped group in thread:0
removing 1 vertices from ripped group in thread:0
removing 4 vertices from ripped group in thread:0
removing 3 vertices from ripped group in thread:0
#FML# MRISripMidline(): nmarked=7045, nmarked2=201, nripped=7045
Ripping segs (eg, WMSA, BG, frozen)
Starting MRISripSegs() d = (-2 2 0.5) segnos: 247 247 247 247 247 
MRISripSegs(): -2 2 0.5 ripped 0
Computing target border values 
Entering MRIScomputeBorderValues_new(): 
  inside_hi   = 120.0000000;
  border_hi   = 110.7320330;
  border_low  =  69.0000000;
  outside_low =  58.4498520;
  outside_hi  = 110.7320330;
  sigma = 0.25;
  max_thickness = 10;
  step_size=0.5;
  STEP_SIZE=0.1;
  which = 1
  thresh = 0
  flags = 0
  CBVfindFirstPeakD1=0
  CBVfindFirstPeakD2=0
  nvertices=152995
  Gdiag_no=-1
  vno start=0, stop=152995
Replacing 255s with 0s
#SI# sigma=0.25 had to be increased for 212 vertices, nripped=7045
mean border=85.9, 237 (17) missing vertices, mean dist -0.1 [0.3 (%54.4)->0.2 (%45.6))]
%87 local maxima, % 8 large gradients and % 0 min vals, 0 gradients ignored
nFirstPeakD1 0
MRIScomputeBorderValues_new() finished in 0.0045 min


Finding expansion regions
mean absolute distance = 0.27 +- 0.44
3729 vertices more than 2 sigmas from mean.
Averaging target values for 5 iterations...
Positioning Surface: tspring = 0.3, nspring = 0.3, spring = 0, niters = 100 l_repulse = 5, l_surf_repulse = 0, checktol = 0
Positioning pial surface
Entering MRISpositionSurface()
  max_mm = 0.3
  MAX_REDUCTIONS = 2, REDUCTION_PCT = 0.5
  parms->check_tol = 0, niterations = 100
tol=1.0e-04, sigma=0.2, host=dna05, nav=0, nbrs=2, l_repulse=5.000, l_tspring=0.300, l_nspring=0.300, l_intensity=0.200, l_curv=1.000
mom=0.00, dt=0.50
000: dt: 0.0000, sse=491637.1, rms=1.509
rms = 1.4992/1.5094, sse=399502.5/491637.1, time step reduction 1 of 3 to 0.250  0 0 1
031: dt: 0.5000, sse=399502.5, rms=1.499 (0.674%)
032: dt: 0.2500, sse=358944.0, rms=1.016 (32.201%)
033: dt: 0.2500, sse=351298.1, rms=0.940 (7.572%)
rms = 1.0073/0.9395, sse=260883.3/351298.1, time step reduction 2 of 3 to 0.125  0 0 1
   RMS increased, rejecting step
rms = 0.8723/0.9395, sse=356526.2/351298.1, time step reduction 3 of 3 to 0.062  0 1 0
034: dt: 0.1250, sse=356526.2, rms=0.872 (7.151%)
  maximum number of reductions reached, breaking from loop
positioning took 0.5 minutes
removing intersecting faces
000: 6 intersecting
001: 5 intersecting
terminating search with 0 intersecting


Writing output to ../surf/lh.white.preaparc
#ET# mris_place_surface  3.91 minutes
#VMPC# mris_place_surfaces VmPeak  3405588
mris_place_surface done
#--------------------------------------------
#@# CortexLabel lh Thu Mar 12 16:37:25 CET 2026
cd /out/sourcedata/freesurfer/sub-v1s20x0050273_ses-1/mri
mri_label2label --label-cortex ../surf/lh.white.preaparc aseg.presurf.mgz 0 ../label/lh.cortex.label

 Generating cortex label... RemoveHipAmgy=0
 NucAccIsMedialWall=0
 mris->useRealRAS=0
6 non-cortical segments detected
only using segment with 8250 vertices
erasing segment 1 (vno[0] = 50095)
erasing segment 2 (vno[0] = 66784)
erasing segment 3 (vno[0] = 87026)
erasing segment 4 (vno[0] = 90113)
erasing segment 5 (vno[0] = 93523)
#--------------------------------------------
#@# CortexLabel+HipAmyg lh Thu Mar 12 16:37:43 CET 2026
cd /out/sourcedata/freesurfer/sub-v1s20x0050273_ses-1/mri
mri_label2label --label-cortex ../surf/lh.white.preaparc aseg.presurf.mgz 1 ../label/lh.cortex+hipamyg.label

 Generating cortex label... RemoveHipAmgy=1
 NucAccIsMedialWall=0
 mris->useRealRAS=0
11 non-cortical segments detected
only using segment with 5769 vertices
erasing segment 1 (vno[0] = 45985)
erasing segment 2 (vno[0] = 50095)
erasing segment 3 (vno[0] = 55285)
erasing segment 4 (vno[0] = 66784)
erasing segment 5 (vno[0] = 67221)
erasing segment 6 (vno[0] = 80447)
erasing segment 7 (vno[0] = 87026)
erasing segment 8 (vno[0] = 90113)
erasing segment 9 (vno[0] = 93523)
erasing segment 10 (vno[0] = 136002)
#--------------------------------------------
#@# Smooth2 lh Thu Mar 12 16:38:02 CET 2026
/out/sourcedata/freesurfer/sub-v1s20x0050273_ses-1/scripts

 mris_smooth -n 3 -nw -seed 1234 ../surf/lh.white.preaparc ../surf/lh.smoothwm 

smoothing for 3 iterations
setting seed for random number generator to 1234
smoothing surface tessellation for 3 iterations...
smoothing complete - recomputing first and second fundamental forms...
#--------------------------------------------
#@# Inflation2 lh Thu Mar 12 16:38:05 CET 2026
/out/sourcedata/freesurfer/sub-v1s20x0050273_ses-1/scripts

 mris_inflate ../surf/lh.smoothwm ../surf/lh.inflated 

Reading ../surf/lh.smoothwm
avg radius = 47.6 mm, total surface area = 94513 mm^2
step 000: RMS=0.170 (target=0.015)   step 005: RMS=0.115 (target=0.015)   step 010: RMS=0.088 (target=0.015)   step 015: RMS=0.073 (target=0.015)   step 020: RMS=0.061 (target=0.015)   step 025: RMS=0.052 (target=0.015)   step 030: RMS=0.044 (target=0.015)   step 035: RMS=0.037 (target=0.015)   step 040: RMS=0.032 (target=0.015)   step 045: RMS=0.029 (target=0.015)   step 050: RMS=0.027 (target=0.015)   step 055: RMS=0.025 (target=0.015)   step 060: RMS=0.023 (target=0.015)   writing inflated surface to ../surf/lh.inflated
writing sulcal depths to ../surf/lh.sulc

inflation complete.
inflation took 0.3 minutes
mris_inflate utimesec    69.675046
mris_inflate stimesec    2.868181
mris_inflate ru_maxrss   236244
mris_inflate ru_ixrss    0
mris_inflate ru_idrss    0
mris_inflate ru_isrss    0
mris_inflate ru_minflt   677992
mris_inflate ru_majflt   5
mris_inflate ru_nswap    0
mris_inflate ru_inblock  130
mris_inflate ru_oublock  11968
mris_inflate ru_msgsnd   0
mris_inflate ru_msgrcv   0
mris_inflate ru_nsignals 0
mris_inflate ru_nvcsw    19648
mris_inflate ru_nivcsw   246
#--------------------------------------------
#@# Curv .H and .K lh Thu Mar 12 16:38:22 CET 2026
/out/sourcedata/freesurfer/sub-v1s20x0050273_ses-1/surf

 mris_curvature -w -seed 1234 lh.white.preaparc 

setting seed for random number generator to 1234
total integrated curvature = 23.866*4pi (299.904) --> -23 handles
ICI = 187.4, FI = 1605.1, variation=26190.203
writing Gaussian curvature to ./lh.white.preaparc.K...done.
writing mean curvature to ./lh.white.preaparc.H...done.
rm -f lh.white.H
ln -s lh.white.preaparc.H lh.white.H
rm -f lh.white.K
ln -s lh.white.preaparc.K lh.white.K

 mris_curvature -seed 1234 -thresh .999 -n -a 5 -w -distances 10 10 lh.inflated 

setting seed for random number generator to 1234
normalizing curvature values.
averaging curvature patterns 5 times.
sampling 10 neighbors out to a distance of 10 mm
208 vertices thresholded to be in k1 ~ [-0.70 0.97], k2 ~ [-0.30 0.13]
total integrated curvature = 0.341*4pi (4.283) --> 1 handles
ICI = 1.7, FI = 12.3, variation=206.656
181 vertices thresholded to be in [-0.08 0.03]
writing Gaussian curvature to ./lh.inflated.K...thresholding curvature at 99.90% level
curvature mean = 0.000, std = 0.002
136 vertices thresholded to be in [-0.29 0.37]
done.
writing mean curvature to ./lh.inflated.H...curvature mean = -0.015, std = 0.027
done.
#--------------------------------------------
#@# Sphere lh Thu Mar 12 16:39:14 CET 2026
/out/sourcedata/freesurfer/sub-v1s20x0050273_ses-1/scripts

 mris_sphere -seed 1234 ../surf/lh.inflated ../surf/lh.sphere 

setting seed for random number genererator to 1234
version: 7.3.2
available threads: 16
reading original vertex positions...
projecting onto sphere...
surface projected - minimizing metric distortion...
scaling brain by 0.285...
MRISunfold() max_passes = 1 -------
tol=5.0e-01, sigma=0.0, host=dna05, nav=1024, nbrs=2, l_area=1.000, l_dist=1.000
using quadratic fit line minimization
complete_dist_mat 0
rms 0
smooth_averages 0
remove_neg 0
ico_order 0
which_surface 0
target_radius 0.000000
nfields 0
scale 1.000000
desired_rms_height -1.000000
momentum 0.900000
nbhd_size 7
max_nbrs 8
niterations 25
nsurfaces 0
SURFACES 3
flags 0 (0)
use curv 0
no sulc 0
no rigid align 0
mris->nsize 2
mris->hemisphere 0
randomSeed 1234

--------------------
  mrisRemoveNegativeArea()
pass 1: epoch 1 of 3 starting distance error %21.22
pass 1: epoch 2 of 3 starting distance error %21.18
unfolding complete - removing small folds...
starting distance error %21.08
removing remaining folds...
final distance error %21.12
MRISunfold() return, current seed 1234
-01: dt=0.0000, 108 negative triangles  VmPeak 1683628
194: dt=0.9900, 108 negative triangles
195: dt=0.9900,  85 negative triangles
196: dt=0.9900,  69 negative triangles
197: dt=0.9900,  69 negative triangles
198: dt=0.9900,  52 negative triangles
199: dt=0.9900,  55 negative triangles
200: dt=0.9900,  51 negative triangles
201: dt=0.9900,  48 negative triangles
202: dt=0.9900,  56 negative triangles
203: dt=0.9900,  57 negative triangles
204: dt=0.9900,  52 negative triangles
205: dt=0.9900,  55 negative triangles
206: dt=0.9900,  50 negative triangles
207: dt=0.9900,  49 negative triangles
208: dt=0.9900,  56 negative triangles
209: dt=0.9900,  54 negative triangles
210: dt=0.9900,  55 negative triangles
211: dt=0.9405,  56 negative triangles
212: dt=0.9405,  56 negative triangles
213: dt=0.9405,  57 negative triangles
214: dt=0.9405,  56 negative triangles
215: dt=0.9405,  57 negative triangles
216: dt=0.9405,  59 negative triangles
217: dt=0.9405,  56 negative triangles
218: dt=0.9405,  55 negative triangles
219: dt=0.9405,  55 negative triangles
220: dt=0.9405,  56 negative triangles
221: dt=0.8935,  54 negative triangles
222: dt=0.8935,  54 negative triangles
223: dt=0.8935,  55 negative triangles
224: dt=0.8935,  55 negative triangles
225: dt=0.8935,  52 negative triangles
226: dt=0.8935,  56 negative triangles
227: dt=0.8935,  55 negative triangles
228: dt=0.8935,  52 negative triangles
229: dt=0.8935,  55 negative triangles
230: dt=0.8935,  57 negative triangles
231: dt=0.8488,  57 negative triangles
232: dt=0.8488,  53 negative triangles
233: dt=0.8488,  56 negative triangles
234: dt=0.8488,  55 negative triangles
235: dt=0.8488,  53 negative triangles
236: dt=0.8488,  54 negative triangles
237: dt=0.8488,  53 negative triangles
238: dt=0.8488,  53 negative triangles
239: dt=0.8488,  53 negative triangles
240: dt=0.8488,  55 negative triangles
241: dt=0.8064,  52 negative triangles
242: dt=0.8064,  54 negative triangles
243: dt=0.8064,  55 negative triangles
244: dt=0.8064,  55 negative triangles
245: dt=0.8064,  54 negative triangles
246: dt=0.8064,  52 negative triangles
247: dt=0.8064,  51 negative triangles
248: dt=0.8064,  56 negative triangles
249: dt=0.8064,  52 negative triangles
250: dt=0.8064,  51 negative triangles
251: dt=0.7660,  54 negative triangles
expanding nbhd size to 1
252: dt=0.9900,  55 negative triangles
253: dt=0.9900,  53 negative triangles
254: dt=0.9900,  51 negative triangles
255: dt=0.9900,  51 negative triangles
256: dt=0.9900,  52 negative triangles
257: dt=0.9900,  51 negative triangles
258: dt=0.9900,  51 negative triangles
259: dt=0.9900,  49 negative triangles
260: dt=0.9900,  50 negative triangles
261: dt=0.9405,  48 negative triangles
262: dt=0.9405,  51 negative triangles
263: dt=0.9405,  50 negative triangles
264: dt=0.9405,  49 negative triangles
265: dt=0.9405,  52 negative triangles
266: dt=0.9405,  52 negative triangles
267: dt=0.9405,  52 negative triangles
268: dt=0.9405,  51 negative triangles
269: dt=0.9405,  52 negative triangles
270: dt=0.9405,  53 negative triangles
271: dt=0.8935,  52 negative triangles
272: dt=0.8935,  54 negative triangles
273: dt=0.8935,  52 negative triangles
274: dt=0.8935,  54 negative triangles
275: dt=0.8935,  53 negative triangles
276: dt=0.8935,  53 negative triangles
277: dt=0.8935,  52 negative triangles
278: dt=0.8935,  53 negative triangles
279: dt=0.8935,  52 negative triangles
280: dt=0.8935,  51 negative triangles
281: dt=0.8488,  50 negative triangles
282: dt=0.8488,  52 negative triangles
283: dt=0.8488,  53 negative triangles
284: dt=0.8488,  51 negative triangles
285: dt=0.8488,  53 negative triangles
286: dt=0.8488,  50 negative triangles
287: dt=0.8488,  52 negative triangles
288: dt=0.8488,  53 negative triangles
289: dt=0.8488,  52 negative triangles
290: dt=0.8488,  53 negative triangles
291: dt=0.8064,  52 negative triangles
292: dt=0.8064,  54 negative triangles
293: dt=0.8064,  52 negative triangles
294: dt=0.8064,  51 negative triangles
295: dt=0.8064,  53 negative triangles
296: dt=0.8064,  52 negative triangles
297: dt=0.8064,  52 negative triangles
298: dt=0.8064,  51 negative triangles
299: dt=0.8064,  51 negative triangles
300: dt=0.8064,  51 negative triangles
301: dt=0.7660,  52 negative triangles
302: dt=0.7660,  52 negative triangles
303: dt=0.7660,  52 negative triangles
304: dt=0.7660,  52 negative triangles
305: dt=0.7660,  53 negative triangles
306: dt=0.7660,  53 negative triangles
307: dt=0.7660,  51 negative triangles
308: dt=0.7660,  52 negative triangles
309: dt=0.7660,  52 negative triangles
310: dt=0.7660,  53 negative triangles
311: dt=0.7277,  52 negative triangles
312: dt=0.7277,  52 negative triangles
313: dt=0.7277,  51 negative triangles
314: dt=0.7277,  50 negative triangles
315: dt=0.7277,  51 negative triangles
316: dt=0.7277,  51 negative triangles
317: dt=0.7277,  52 negative triangles
318: dt=0.7277,  52 negative triangles
319: dt=0.7277,  50 negative triangles
320: dt=0.7277,  52 negative triangles
321: dt=0.6914,  52 negative triangles
322: dt=0.6914,  51 negative triangles
323: dt=0.6914,  51 negative triangles
324: dt=0.6914,  51 negative triangles
325: dt=0.6914,  53 negative triangles
326: dt=0.6914,  50 negative triangles
327: dt=0.6914,  53 negative triangles
328: dt=0.6914,  52 negative triangles
329: dt=0.6914,  51 negative triangles
330: dt=0.6914,  52 negative triangles
331: dt=0.6568,  50 negative triangles
332: dt=0.6568,  49 negative triangles
333: dt=0.6568,  48 negative triangles
334: dt=0.6568,  49 negative triangles
335: dt=0.6568,  49 negative triangles
336: dt=0.6568,  50 negative triangles
337: dt=0.6568,  50 negative triangles
338: dt=0.6568,  49 negative triangles
339: dt=0.6568,  50 negative triangles
340: dt=0.6568,  50 negative triangles
341: dt=0.6239,  48 negative triangles
342: dt=0.6239,  51 negative triangles
343: dt=0.6239,  50 negative triangles
344: dt=0.6239,  51 negative triangles
345: dt=0.6239,  47 negative triangles
346: dt=0.6239,  49 negative triangles
347: dt=0.6239,  47 negative triangles
348: dt=0.6239,  49 negative triangles
349: dt=0.6239,  49 negative triangles
350: dt=0.6239,  50 negative triangles
351: dt=0.6239,  49 negative triangles
352: dt=0.6239,  49 negative triangles
353: dt=0.6239,  49 negative triangles
354: dt=0.6239,  49 negative triangles
355: dt=0.5927,  49 negative triangles
356: dt=0.5927,  49 negative triangles
357: dt=0.5927,  48 negative triangles
358: dt=0.5927,  48 negative triangles
359: dt=0.5927,  49 negative triangles
360: dt=0.5927,  48 negative triangles
361: dt=0.5927,  47 negative triangles
362: dt=0.5927,  49 negative triangles
363: dt=0.5927,  47 negative triangles
364: dt=0.5927,  48 negative triangles
365: dt=0.5631,  49 negative triangles
366: dt=0.5631,  48 negative triangles
367: dt=0.5631,  48 negative triangles
368: dt=0.5631,  48 negative triangles
369: dt=0.5631,  49 negative triangles
370: dt=0.5631,  49 negative triangles
371: dt=0.5631,  48 negative triangles
372: dt=0.5631,  47 negative triangles
373: dt=0.5631,  49 negative triangles
374: dt=0.5631,  48 negative triangles
375: dt=0.5350,  48 negative triangles
376: dt=0.5350,  48 negative triangles
377: dt=0.5350,  46 negative triangles
378: dt=0.5350,  47 negative triangles
379: dt=0.5350,  46 negative triangles
380: dt=0.5350,  45 negative triangles
381: dt=0.5350,  42 negative triangles
382: dt=0.5350,  44 negative triangles
383: dt=0.5350,  43 negative triangles
384: dt=0.5350,  43 negative triangles
385: dt=0.5350,  43 negative triangles
386: dt=0.5350,  43 negative triangles
387: dt=0.5350,  43 negative triangles
388: dt=0.5350,  42 negative triangles
389: dt=0.5350,  44 negative triangles
390: dt=0.5350,  44 negative triangles
391: dt=0.5082,  42 negative triangles
392: dt=0.5082,  43 negative triangles
393: dt=0.5082,  43 negative triangles
394: dt=0.5082,  42 negative triangles
395: dt=0.5082,  42 negative triangles
396: dt=0.5082,  41 negative triangles
397: dt=0.5082,  42 negative triangles
398: dt=0.5082,  42 negative triangles
399: dt=0.5082,  40 negative triangles
400: dt=0.5082,  41 negative triangles
401: dt=0.5082,  41 negative triangles
402: dt=0.5082,  42 negative triangles
403: dt=0.5082,  41 negative triangles
404: dt=0.5082,  42 negative triangles
405: dt=0.5082,  41 negative triangles
406: dt=0.5082,  41 negative triangles
407: dt=0.5082,  39 negative triangles
408: dt=0.5082,  41 negative triangles
409: dt=0.5082,  42 negative triangles
410: dt=0.5082,  41 negative triangles
411: dt=0.5082,  39 negative triangles
412: dt=0.5082,  40 negative triangles
413: dt=0.5082,  39 negative triangles
414: dt=0.5082,  41 negative triangles
415: dt=0.5082,  42 negative triangles
416: dt=0.5082,  41 negative triangles
417: dt=0.4828,  41 negative triangles
418: dt=0.4828,  39 negative triangles
419: dt=0.4828,  40 negative triangles
420: dt=0.4828,  42 negative triangles
421: dt=0.4828,  41 negative triangles
422: dt=0.4828,  41 negative triangles
423: dt=0.4828,  41 negative triangles
424: dt=0.4828,  41 negative triangles
425: dt=0.4828,  39 negative triangles
426: dt=0.4828,  41 negative triangles
427: dt=0.4587,  40 negative triangles
428: dt=0.4587,  41 negative triangles
429: dt=0.4587,  42 negative triangles
430: dt=0.4587,  40 negative triangles
431: dt=0.4587,  42 negative triangles
432: dt=0.4587,  42 negative triangles
433: dt=0.4587,  41 negative triangles
434: dt=0.4587,  41 negative triangles
435: dt=0.4587,  40 negative triangles
436: dt=0.4587,  40 negative triangles
437: dt=0.4357,  40 negative triangles
438: dt=0.4357,  40 negative triangles
439: dt=0.4357,  40 negative triangles
440: dt=0.4357,  38 negative triangles
441: dt=0.4357,  39 negative triangles
442: dt=0.4357,  40 negative triangles
443: dt=0.4357,  39 negative triangles
444: dt=0.4357,  40 negative triangles
445: dt=0.4357,  40 negative triangles
446: dt=0.4357,  38 negative triangles
447: dt=0.4357,  38 negative triangles
448: dt=0.4357,  38 negative triangles
449: dt=0.4357,  41 negative triangles
450: dt=0.4139,  41 negative triangles
451: dt=0.4139,  38 negative triangles
452: dt=0.4139,  39 negative triangles
453: dt=0.4139,  38 negative triangles
454: dt=0.4139,  38 negative triangles
455: dt=0.4139,  38 negative triangles
456: dt=0.4139,  38 negative triangles
457: dt=0.4139,  38 negative triangles
458: dt=0.4139,  38 negative triangles
459: dt=0.4139,  38 negative triangles
460: dt=0.3932,  38 negative triangles
461: dt=0.3932,  39 negative triangles
462: dt=0.3932,  38 negative triangles
463: dt=0.3932,  41 negative triangles
464: dt=0.3932,  39 negative triangles
465: dt=0.3932,  38 negative triangles
466: dt=0.3932,  39 negative triangles
467: dt=0.3932,  39 negative triangles
468: dt=0.3932,  38 negative triangles
469: dt=0.3932,  38 negative triangles
470: dt=0.3736,  38 negative triangles
471: dt=0.3736,  38 negative triangles
472: dt=0.3736,  39 negative triangles
473: dt=0.3736,  39 negative triangles
474: dt=0.3736,  39 negative triangles
475: dt=0.3736,  40 negative triangles
476: dt=0.3736,  38 negative triangles
477: dt=0.3736,  39 negative triangles
478: dt=0.3736,  39 negative triangles
479: dt=0.3736,  39 negative triangles
480: dt=0.3549,  38 negative triangles
481: dt=0.3549,  38 negative triangles
482: dt=0.3549,  38 negative triangles
483: dt=0.3549,  38 negative triangles
484: dt=0.3549,  38 negative triangles
485: dt=0.3549,  37 negative triangles
486: dt=0.3549,  37 negative triangles
487: dt=0.3549,  38 negative triangles
488: dt=0.3549,  36 negative triangles
489: dt=0.3549,  34 negative triangles
490: dt=0.3549,  35 negative triangles
491: dt=0.3549,  36 negative triangles
492: dt=0.3549,  35 negative triangles
493: dt=0.3549,  36 negative triangles
494: dt=0.3549,  36 negative triangles
495: dt=0.3549,  37 negative triangles
496: dt=0.3549,  36 negative triangles
497: dt=0.3549,  36 negative triangles
498: dt=0.3549,  36 negative triangles
499: dt=0.3372,  37 negative triangles
500: dt=0.3372,  37 negative triangles
501: dt=0.3372,  37 negative triangles
502: dt=0.3372,  37 negative triangles
503: dt=0.3372,  36 negative triangles
504: dt=0.3372,  37 negative triangles
505: dt=0.3372,  37 negative triangles
506: dt=0.3372,  35 negative triangles
507: dt=0.3372,  35 negative triangles
508: dt=0.3372,  35 negative triangles
509: dt=0.3203,  38 negative triangles
510: dt=0.3203,  35 negative triangles
511: dt=0.3203,  36 negative triangles
512: dt=0.3203,  37 negative triangles
513: dt=0.3203,  35 negative triangles
514: dt=0.3203,  36 negative triangles
515: dt=0.3203,  36 negative triangles
516: dt=0.3203,  37 negative triangles
517: dt=0.3203,  34 negative triangles
518: dt=0.3203,  35 negative triangles
519: dt=0.3203,  33 negative triangles
520: dt=0.3203,  33 negative triangles
521: dt=0.3203,  33 negative triangles
522: dt=0.3203,  36 negative triangles
523: dt=0.3203,  37 negative triangles
524: dt=0.3203,  35 negative triangles
525: dt=0.3203,  35 negative triangles
526: dt=0.3203,  33 negative triangles
527: dt=0.3203,  36 negative triangles
528: dt=0.3203,  33 negative triangles
529: dt=0.3043,  35 negative triangles
530: dt=0.3043,  36 negative triangles
531: dt=0.3043,  34 negative triangles
532: dt=0.3043,  34 negative triangles
533: dt=0.3043,  35 negative triangles
534: dt=0.3043,  35 negative triangles
535: dt=0.3043,  34 negative triangles
536: dt=0.3043,  35 negative triangles
537: dt=0.3043,  33 negative triangles
538: dt=0.3043,  33 negative triangles
539: dt=0.3043,  32 negative triangles
540: dt=0.3043,  32 negative triangles
541: dt=0.3043,  31 negative triangles
542: dt=0.3043,  32 negative triangles
543: dt=0.3043,  31 negative triangles
544: dt=0.3043,  32 negative triangles
545: dt=0.3043,  33 negative triangles
546: dt=0.3043,  33 negative triangles
547: dt=0.3043,  31 negative triangles
548: dt=0.3043,  31 negative triangles
549: dt=0.3043,  32 negative triangles
550: dt=0.3043,  32 negative triangles
551: dt=0.2891,  31 negative triangles
552: dt=0.2891,  33 negative triangles
553: dt=0.2891,  31 negative triangles
554: dt=0.2891,  31 negative triangles
555: dt=0.2891,  31 negative triangles
556: dt=0.2891,  31 negative triangles
557: dt=0.2891,  31 negative triangles
558: dt=0.2891,  33 negative triangles
559: dt=0.2891,  32 negative triangles
560: dt=0.2891,  31 negative triangles
561: dt=0.2746,  33 negative triangles
562: dt=0.2746,  32 negative triangles
563: dt=0.2746,  32 negative triangles
564: dt=0.2746,  32 negative triangles
565: dt=0.2746,  32 negative triangles
566: dt=0.2746,  32 negative triangles
567: dt=0.2746,  33 negative triangles
568: dt=0.2746,  32 negative triangles
569: dt=0.2746,  32 negative triangles
570: dt=0.2746,  31 negative triangles
571: dt=0.2609,  32 negative triangles
572: dt=0.2609,  31 negative triangles
573: dt=0.2609,  31 negative triangles
574: dt=0.2609,  32 negative triangles
575: dt=0.2609,  32 negative triangles
576: dt=0.2609,  31 negative triangles
577: dt=0.2609,  31 negative triangles
578: dt=0.2609,  31 negative triangles
579: dt=0.2609,  31 negative triangles
580: dt=0.2609,  32 negative triangles
581: dt=0.2478,  33 negative triangles
582: dt=0.2478,  32 negative triangles
583: dt=0.2478,  32 negative triangles
584: dt=0.2478,  33 negative triangles
585: dt=0.2478,  33 negative triangles
586: dt=0.2478,  32 negative triangles
587: dt=0.2478,  34 negative triangles
588: dt=0.2478,  31 negative triangles
589: dt=0.2478,  34 negative triangles
590: dt=0.2478,  35 negative triangles
591: dt=0.2354,  34 negative triangles
592: dt=0.2354,  35 negative triangles
593: dt=0.2354,  30 negative triangles
594: dt=0.2354,  34 negative triangles
595: dt=0.2354,  32 negative triangles
596: dt=0.2354,  34 negative triangles
597: dt=0.2354,  33 negative triangles
598: dt=0.2354,  34 negative triangles
599: dt=0.2354,  31 negative triangles
600: dt=0.2354,  34 negative triangles
601: dt=0.2354,  32 negative triangles
602: dt=0.2354,  33 negative triangles
603: dt=0.2237,  31 negative triangles
604: dt=0.2237,  31 negative triangles
605: dt=0.2237,  32 negative triangles
606: dt=0.2237,  32 negative triangles
607: dt=0.2237,  31 negative triangles
608: dt=0.2237,  31 negative triangles
609: dt=0.2237,  33 negative triangles
610: dt=0.2237,  32 negative triangles
611: dt=0.2237,  29 negative triangles
612: dt=0.2237,  30 negative triangles
613: dt=0.2237,  31 negative triangles
614: dt=0.2237,  29 negative triangles
615: dt=0.2237,  30 negative triangles
616: dt=0.2237,  31 negative triangles
617: dt=0.2237,  32 negative triangles
618: dt=0.2237,  31 negative triangles
619: dt=0.2237,  30 negative triangles
620: dt=0.2237,  29 negative triangles
621: dt=0.2125,  29 negative triangles
622: dt=0.2125,  30 negative triangles
623: dt=0.2125,  28 negative triangles
624: dt=0.2125,  30 negative triangles
625: dt=0.2125,  31 negative triangles
626: dt=0.2125,  28 negative triangles
627: dt=0.2125,  28 negative triangles
628: dt=0.2125,  29 negative triangles
629: dt=0.2125,  31 negative triangles
630: dt=0.2125,  32 negative triangles
631: dt=0.2125,  32 negative triangles
632: dt=0.2125,  33 negative triangles
633: dt=0.2019,  33 negative triangles
634: dt=0.2019,  32 negative triangles
635: dt=0.2019,  32 negative triangles
636: dt=0.2019,  30 negative triangles
637: dt=0.2019,  32 negative triangles
638: dt=0.2019,  33 negative triangles
639: dt=0.2019,  32 negative triangles
640: dt=0.2019,  32 negative triangles
641: dt=0.2019,  32 negative triangles
642: dt=0.2019,  34 negative triangles
643: dt=0.1918,  33 negative triangles
644: dt=0.1918,  32 negative triangles
645: dt=0.1918,  32 negative triangles
646: dt=0.1918,  31 negative triangles
647: dt=0.1918,  31 negative triangles
648: dt=0.1918,  32 negative triangles
649: dt=0.1918,  30 negative triangles
650: dt=0.1918,  29 negative triangles
651: dt=0.1918,  29 negative triangles
652: dt=0.1918,  29 negative triangles
653: dt=0.1822,  29 negative triangles
654: dt=0.1822,  29 negative triangles
655: dt=0.1822,  30 negative triangles
656: dt=0.1822,  28 negative triangles
657: dt=0.1822,  28 negative triangles
658: dt=0.1822,  28 negative triangles
659: dt=0.1822,  29 negative triangles
660: dt=0.1822,  30 negative triangles
661: dt=0.1822,  30 negative triangles
662: dt=0.1822,  29 negative triangles
663: dt=0.1731,  30 negative triangles
664: dt=0.1731,  29 negative triangles
665: dt=0.1731,  30 negative triangles
666: dt=0.1731,  30 negative triangles
667: dt=0.1731,  30 negative triangles
668: dt=0.1731,  30 negative triangles
669: dt=0.1731,  30 negative triangles
670: dt=0.1731,  30 negative triangles
671: dt=0.1731,  29 negative triangles
672: dt=0.1731,  29 negative triangles
673: dt=0.1644,  28 negative triangles
674: dt=0.1644,  28 negative triangles
675: dt=0.1644,  28 negative triangles
676: dt=0.1644,  28 negative triangles
677: dt=0.1644,  29 negative triangles
678: dt=0.1644,  30 negative triangles
679: dt=0.1644,  28 negative triangles
680: dt=0.1644,  28 negative triangles
681: dt=0.1644,  30 negative triangles
682: dt=0.1644,  30 negative triangles
683: dt=0.1562,  30 negative triangles
684: dt=0.1562,  31 negative triangles
685: dt=0.1562,  30 negative triangles
686: dt=0.1562,  31 negative triangles
687: dt=0.1562,  32 negative triangles
688: dt=0.1562,  32 negative triangles
689: dt=0.1562,  31 negative triangles
690: dt=0.1562,  31 negative triangles
691: dt=0.1562,  31 negative triangles
692: dt=0.1562,  32 negative triangles
693: dt=0.1484,  31 negative triangles
694: dt=0.1484,  31 negative triangles
695: dt=0.1484,  31 negative triangles
696: dt=0.1484,  30 negative triangles
697: dt=0.1484,  31 negative triangles
698: dt=0.1484,  32 negative triangles
699: dt=0.1484,  32 negative triangles
700: dt=0.1484,  30 negative triangles
701: dt=0.1484,  30 negative triangles
702: dt=0.1484,  30 negative triangles
703: dt=0.1410,  32 negative triangles
704: dt=0.1410,  32 negative triangles
705: dt=0.1410,  32 negative triangles
706: dt=0.1410,  32 negative triangles
707: dt=0.1410,  32 negative triangles
708: dt=0.1410,  32 negative triangles
709: dt=0.1410,  30 negative triangles
710: dt=0.1410,  30 negative triangles
711: dt=0.1410,  30 negative triangles
712: dt=0.1410,  30 negative triangles
713: dt=0.1339,  29 negative triangles
714: dt=0.1339,  30 negative triangles
715: dt=0.1339,  31 negative triangles
716: dt=0.1339,  31 negative triangles
717: dt=0.1339,  31 negative triangles
718: dt=0.1339,  31 negative triangles
719: dt=0.1339,  29 negative triangles
720: dt=0.1339,  30 negative triangles
721: dt=0.1339,  29 negative triangles
722: dt=0.1339,  30 negative triangles
723: dt=0.1272,  32 negative triangles
724: dt=0.1272,  31 negative triangles
725: dt=0.1272,  31 negative triangles
726: dt=0.1272,  31 negative triangles
727: dt=0.1272,  31 negative triangles
728: dt=0.1272,  31 negative triangles
729: dt=0.1272,  30 negative triangles
730: dt=0.1272,  30 negative triangles
731: dt=0.1272,  29 negative triangles
732: dt=0.1272,  29 negative triangles
733: dt=0.1209,  30 negative triangles
734: dt=0.1209,  30 negative triangles
735: dt=0.1209,  30 negative triangles
736: dt=0.1209,  29 negative triangles
737: dt=0.1209,  29 negative triangles
738: dt=0.1209,  29 negative triangles
739: dt=0.1209,  30 negative triangles
740: dt=0.1209,  30 negative triangles
741: dt=0.1209,  30 negative triangles
742: dt=0.1209,  30 negative triangles
743: dt=0.1148,  30 negative triangles
744: dt=0.1148,  30 negative triangles
745: dt=0.1148,  30 negative triangles
746: dt=0.1148,  30 negative triangles
747: dt=0.1148,  30 negative triangles
748: dt=0.1148,  30 negative triangles
749: dt=0.1148,  30 negative triangles
750: dt=0.1148,  30 negative triangles
751: dt=0.1148,  30 negative triangles
752: dt=0.1148,  30 negative triangles
753: dt=0.1091,  30 negative triangles
754: dt=0.1091,  30 negative triangles
755: dt=0.1091,  31 negative triangles
756: dt=0.1091,  31 negative triangles
757: dt=0.1091,  29 negative triangles
758: dt=0.1091,  30 negative triangles
759: dt=0.1091,  29 negative triangles
760: dt=0.1091,  29 negative triangles
761: dt=0.1091,  29 negative triangles
762: dt=0.1091,  29 negative triangles
763: dt=0.1036,  29 negative triangles
764: dt=0.1036,  30 negative triangles
765: dt=0.1036,  30 negative triangles
766: dt=0.1036,  31 negative triangles
767: dt=0.1036,  30 negative triangles
768: dt=0.1036,  30 negative triangles
769: dt=0.1036,  31 negative triangles
770: dt=0.1036,  31 negative triangles
771: dt=0.1036,  30 negative triangles
772: dt=0.1036,  30 negative triangles
773: dt=0.0984,  30 negative triangles
774: dt=0.0984,  30 negative triangles
775: dt=0.0984,  31 negative triangles
776: dt=0.0984,  31 negative triangles
777: dt=0.0984,  30 negative triangles
778: dt=0.0984,  30 negative triangles
779: dt=0.0984,  30 negative triangles
780: dt=0.0984,  30 negative triangles
781: dt=0.0984,  31 negative triangles
782: dt=0.0984,  31 negative triangles
783: dt=0.0935,  30 negative triangles
784: dt=0.0935,  30 negative triangles
785: dt=0.0935,  30 negative triangles
786: dt=0.0935,  30 negative triangles
787: dt=0.0935,  30 negative triangles
788: dt=0.0935,  31 negative triangles
789: dt=0.0935,  30 negative triangles
790: dt=0.0935,  31 negative triangles
791: dt=0.0935,  30 negative triangles
792: dt=0.0935,  31 negative triangles
793: dt=0.0888,  31 negative triangles
794: dt=0.0888,  31 negative triangles
795: dt=0.0888,  31 negative triangles
796: dt=0.0888,  31 negative triangles
797: dt=0.0888,  30 negative triangles
798: dt=0.0888,  30 negative triangles
799: dt=0.0888,  30 negative triangles
800: dt=0.0888,  28 negative triangles
801: dt=0.0888,  29 negative triangles
802: dt=0.0888,  29 negative triangles
803: dt=0.0844,  29 negative triangles
804: dt=0.0844,  29 negative triangles
805: dt=0.0844,  28 negative triangles
806: dt=0.0844,  29 negative triangles
807: dt=0.0844,  29 negative triangles
808: dt=0.0844,  29 negative triangles
809: dt=0.0844,  29 negative triangles
810: dt=0.0844,  29 negative triangles
811: dt=0.0844,  29 negative triangles
812: dt=0.0844,  29 negative triangles
813: dt=0.0802,  29 negative triangles
814: dt=0.0802,  29 negative triangles
815: dt=0.0802,  29 negative triangles
816: dt=0.0802,  30 negative triangles
817: dt=0.0802,  30 negative triangles
818: dt=0.0802,  31 negative triangles
819: dt=0.0802,  31 negative triangles
820: dt=0.0802,  31 negative triangles
821: dt=0.0802,  30 negative triangles
822: dt=0.0802,  30 negative triangles
823: dt=0.0762,  30 negative triangles
824: dt=0.0762,  30 negative triangles
825: dt=0.0762,  30 negative triangles
826: dt=0.0762,  30 negative triangles
827: dt=0.0762,  30 negative triangles
828: dt=0.0762,  30 negative triangles
829: dt=0.0762,  30 negative triangles
830: dt=0.0762,  30 negative triangles
831: dt=0.0762,  30 negative triangles
832: dt=0.0762,  30 negative triangles
833: dt=0.0724,  30 negative triangles
834: dt=0.0724,  30 negative triangles
835: dt=0.0724,  30 negative triangles
836: dt=0.0724,  30 negative triangles
837: dt=0.0724,  30 negative triangles
838: dt=0.0724,  30 negative triangles
839: dt=0.0724,  30 negative triangles
840: dt=0.0724,  29 negative triangles
841: dt=0.0724,  29 negative triangles
842: dt=0.0724,  29 negative triangles
843: dt=0.0687,  29 negative triangles
844: dt=0.0687,  29 negative triangles
845: dt=0.0687,  29 negative triangles
846: dt=0.0687,  30 negative triangles
847: dt=0.0687,  30 negative triangles
848: dt=0.0687,  29 negative triangles
849: dt=0.0687,  29 negative triangles
850: dt=0.0687,  29 negative triangles
851: dt=0.0687,  29 negative triangles
852: dt=0.0687,  30 negative triangles
853: dt=0.0653,  30 negative triangles
854: dt=0.0653,  30 negative triangles
855: dt=0.0653,  30 negative triangles
856: dt=0.0653,  29 negative triangles
857: dt=0.0653,  29 negative triangles
858: dt=0.0653,  29 negative triangles
859: dt=0.0653,  29 negative triangles
860: dt=0.0653,  29 negative triangles
861: dt=0.0653,  28 negative triangles
862: dt=0.0653,  29 negative triangles
863: dt=0.0620,  28 negative triangles
864: dt=0.0620,  29 negative triangles
865: dt=0.0620,  29 negative triangles
866: dt=0.0620,  29 negative triangles
867: dt=0.0620,  29 negative triangles
868: dt=0.0620,  29 negative triangles
869: dt=0.0620,  30 negative triangles
870: dt=0.0620,  29 negative triangles
871: dt=0.0620,  29 negative triangles
872: dt=0.0620,  30 negative triangles
873: dt=0.0589,  29 negative triangles
874: dt=0.0589,  29 negative triangles
875: dt=0.0589,  29 negative triangles
876: dt=0.0589,  29 negative triangles
877: dt=0.0589,  29 negative triangles
878: dt=0.0589,  29 negative triangles
879: dt=0.0589,  29 negative triangles
880: dt=0.0589,  29 negative triangles
881: dt=0.0589,  29 negative triangles
882: dt=0.0589,  29 negative triangles
883: dt=0.0560,  29 negative triangles
884: dt=0.0560,  29 negative triangles
885: dt=0.0560,  29 negative triangles
886: dt=0.0560,  29 negative triangles
887: dt=0.0560,  28 negative triangles
888: dt=0.0560,  28 negative triangles
889: dt=0.0560,  28 negative triangles
890: dt=0.0560,  28 negative triangles
891: dt=0.0560,  28 negative triangles
892: dt=0.0560,  28 negative triangles
893: dt=0.0532,  28 negative triangles
894: dt=0.0532,  28 negative triangles
895: dt=0.0532,  28 negative triangles
896: dt=0.0532,  28 negative triangles
897: dt=0.0532,  28 negative triangles
898: dt=0.0532,  28 negative triangles
899: dt=0.0532,  28 negative triangles
900: dt=0.0532,  28 negative triangles
901: dt=0.0532,  28 negative triangles
902: dt=0.0532,  28 negative triangles
903: dt=0.0505,  28 negative triangles
904: dt=0.0505,  29 negative triangles
905: dt=0.0505,  28 negative triangles
906: dt=0.0505,  29 negative triangles
907: dt=0.0505,  29 negative triangles
908: dt=0.0505,  30 negative triangles
909: dt=0.0505,  29 negative triangles
910: dt=0.0505,  29 negative triangles
911: dt=0.0505,  30 negative triangles
912: dt=0.0505,  30 negative triangles
913: dt=0.0480,  31 negative triangles
914: dt=0.0480,  31 negative triangles
915: dt=0.0480,  30 negative triangles
916: dt=0.0480,  30 negative triangles
917: dt=0.0480,  30 negative triangles
918: dt=0.0480,  31 negative triangles
919: dt=0.0480,  31 negative triangles
920: dt=0.0480,  31 negative triangles
921: dt=0.0480,  31 negative triangles
922: dt=0.0480,  30 negative triangles
923: dt=0.0456,  30 negative triangles
924: dt=0.0456,  30 negative triangles
925: dt=0.0456,  30 negative triangles
926: dt=0.0456,  30 negative triangles
927: dt=0.0456,  30 negative triangles
928: dt=0.0456,  29 negative triangles
929: dt=0.0456,  29 negative triangles
930: dt=0.0456,  30 negative triangles
931: dt=0.0456,  30 negative triangles
932: dt=0.0456,  30 negative triangles
933: dt=0.0433,  30 negative triangles
934: dt=0.0433,  29 negative triangles
935: dt=0.0433,  30 negative triangles
936: dt=0.0433,  30 negative triangles
937: dt=0.0433,  31 negative triangles
938: dt=0.0433,  31 negative triangles
939: dt=0.0433,  31 negative triangles
940: dt=0.0433,  31 negative triangles
941: dt=0.0433,  31 negative triangles
942: dt=0.0433,  31 negative triangles
943: dt=0.0412,  29 negative triangles
944: dt=0.0412,  29 negative triangles
945: dt=0.0412,  29 negative triangles
946: dt=0.0412,  29 negative triangles
947: dt=0.0412,  29 negative triangles
948: dt=0.0412,  29 negative triangles
949: dt=0.0412,  30 negative triangles
950: dt=0.0412,  30 negative triangles
951: dt=0.0412,  29 negative triangles
952: dt=0.0412,  29 negative triangles
953: dt=0.0391,  29 negative triangles
954: dt=0.0391,  30 negative triangles
955: dt=0.0391,  29 negative triangles
956: dt=0.0391,  30 negative triangles
957: dt=0.0391,  30 negative triangles
958: dt=0.0391,  30 negative triangles
959: dt=0.0391,  30 negative triangles
960: dt=0.0391,  30 negative triangles
961: dt=0.0391,  30 negative triangles
962: dt=0.0391,  31 negative triangles
963: dt=0.0371,  31 negative triangles
964: dt=0.0371,  30 negative triangles
965: dt=0.0371,  28 negative triangles
966: dt=0.0371,  29 negative triangles
967: dt=0.0371,  30 negative triangles
968: dt=0.0371,  30 negative triangles
969: dt=0.0371,  30 negative triangles
970: dt=0.0371,  29 negative triangles
971: dt=0.0371,  30 negative triangles
972: dt=0.0371,  31 negative triangles
973: dt=0.0353,  29 negative triangles
974: dt=0.0353,  29 negative triangles
975: dt=0.0353,  29 negative triangles
976: dt=0.0353,  30 negative triangles
977: dt=0.0353,  29 negative triangles
978: dt=0.0353,  29 negative triangles
979: dt=0.0353,  29 negative triangles
980: dt=0.0353,  28 negative triangles
981: dt=0.0353,  29 negative triangles
982: dt=0.0353,  30 negative triangles
983: dt=0.0335,  30 negative triangles
984: dt=0.0335,  30 negative triangles
985: dt=0.0335,  30 negative triangles
986: dt=0.0335,  30 negative triangles
987: dt=0.0335,  30 negative triangles
988: dt=0.0335,  30 negative triangles
989: dt=0.0335,  30 negative triangles
990: dt=0.0335,  30 negative triangles
991: dt=0.0335,  30 negative triangles
992: dt=0.0335,  30 negative triangles
993: dt=0.0319,  30 negative triangles
994: dt=0.0319,  30 negative triangles
995: dt=0.0319,  30 negative triangles
996: dt=0.0319,  30 negative triangles
997: dt=0.0319,  30 negative triangles
998: dt=0.0319,  30 negative triangles
999: dt=0.0319,  30 negative triangles
1000: dt=0.0319,  30 negative triangles
1001: dt=0.0319,  30 negative triangles
1002: dt=0.0319,  30 negative triangles
1003: dt=0.0303,  30 negative triangles
1004: dt=0.0303,  30 negative triangles
1005: dt=0.0303,  31 negative triangles
1006: dt=0.0303,  31 negative triangles
1007: dt=0.0303,  31 negative triangles
1008: dt=0.0303,  31 negative triangles
1009: dt=0.0303,  31 negative triangles
1010: dt=0.0303,  30 negative triangles
1011: dt=0.0303,  30 negative triangles
1012: dt=0.0303,  31 negative triangles
1013: dt=0.0287,  31 negative triangles
1014: dt=0.0287,  30 negative triangles
1015: dt=0.0287,  30 negative triangles
1016: dt=0.0287,  30 negative triangles
1017: dt=0.0287,  30 negative triangles
1018: dt=0.0287,  30 negative triangles
1019: dt=0.0287,  29 negative triangles
1020: dt=0.0287,  29 negative triangles
1021: dt=0.0287,  29 negative triangles
1022: dt=0.0287,  29 negative triangles
1023: dt=0.0273,  28 negative triangles
1024: dt=0.0273,  27 negative triangles
1025: dt=0.0273,  27 negative triangles
1026: dt=0.0273,  27 negative triangles
1027: dt=0.0273,  27 negative triangles
1028: dt=0.0273,  27 negative triangles
1029: dt=0.0273,  27 negative triangles
1030: dt=0.0273,  27 negative triangles
1031: dt=0.0273,  27 negative triangles
1032: dt=0.0273,  27 negative triangles
1033: dt=0.0273,  27 negative triangles
1034: dt=0.0259,  27 negative triangles
1035: dt=0.0259,  27 negative triangles
1036: dt=0.0259,  27 negative triangles
1037: dt=0.0259,  28 negative triangles
1038: dt=0.0259,  28 negative triangles
1039: dt=0.0259,  28 negative triangles
1040: dt=0.0259,  28 negative triangles
1041: dt=0.0259,  28 negative triangles
1042: dt=0.0259,  28 negative triangles
1043: dt=0.0259,  28 negative triangles
1044: dt=0.0246,  28 negative triangles
1045: dt=0.0246,  27 negative triangles
1046: dt=0.0246,  27 negative triangles
1047: dt=0.0246,  27 negative triangles
1048: dt=0.0246,  27 negative triangles
1049: dt=0.0246,  27 negative triangles
1050: dt=0.0246,  27 negative triangles
1051: dt=0.0246,  27 negative triangles
1052: dt=0.0246,  27 negative triangles
1053: dt=0.0246,  27 negative triangles
1054: dt=0.0234,  27 negative triangles
1055: dt=0.0234,  27 negative triangles
1056: dt=0.0234,  27 negative triangles
1057: dt=0.0234,  27 negative triangles
1058: dt=0.0234,  27 negative triangles
1059: dt=0.0234,  27 negative triangles
1060: dt=0.0234,  27 negative triangles
1061: dt=0.0234,  27 negative triangles
1062: dt=0.0234,  27 negative triangles
1063: dt=0.0234,  27 negative triangles
1064: dt=0.0222,  27 negative triangles
1065: dt=0.0222,  27 negative triangles
1066: dt=0.0222,  27 negative triangles
1067: dt=0.0222,  27 negative triangles
1068: dt=0.0222,  28 negative triangles
1069: dt=0.0222,  29 negative triangles
1070: dt=0.0222,  28 negative triangles
1071: dt=0.0222,  29 negative triangles
1072: dt=0.0222,  28 negative triangles
1073: dt=0.0222,  29 negative triangles
1074: dt=0.0211,  28 negative triangles
1075: dt=0.0211,  29 negative triangles
1076: dt=0.0211,  28 negative triangles
1077: dt=0.0211,  30 negative triangles
1078: dt=0.0211,  28 negative triangles
1079: dt=0.0211,  28 negative triangles
1080: dt=0.0211,  30 negative triangles
1081: dt=0.0211,  28 negative triangles
1082: dt=0.0211,  30 negative triangles
1083: dt=0.0211,  28 negative triangles
1084: dt=0.0201,  29 negative triangles
1085: dt=0.0201,  28 negative triangles
1086: dt=0.0201,  28 negative triangles
1087: dt=0.0201,  29 negative triangles
1088: dt=0.0201,  29 negative triangles
1089: dt=0.0201,  29 negative triangles
1090: dt=0.0201,  29 negative triangles
1091: dt=0.0201,  29 negative triangles
1092: dt=0.0201,  29 negative triangles
1093: dt=0.0201,  29 negative triangles
1094: dt=0.0191,  29 negative triangles
1095: dt=0.0191,  29 negative triangles
1096: dt=0.0191,  30 negative triangles
1097: dt=0.0191,  30 negative triangles
1098: dt=0.0191,  31 negative triangles
1099: dt=0.0191,  31 negative triangles
1100: dt=0.0191,  31 negative triangles
1101: dt=0.0191,  31 negative triangles
1102: dt=0.0191,  31 negative triangles
1103: dt=0.0191,  31 negative triangles
1104: dt=0.0181,  31 negative triangles
1105: dt=0.0181,  31 negative triangles
1106: dt=0.0181,  31 negative triangles
1107: dt=0.0181,  31 negative triangles
1108: dt=0.0181,  31 negative triangles
1109: dt=0.0181,  31 negative triangles
1110: dt=0.0181,  31 negative triangles
1111: dt=0.0181,  31 negative triangles
1112: dt=0.0181,  29 negative triangles
1113: dt=0.0181,  30 negative triangles
1114: dt=0.0172,  31 negative triangles
1115: dt=0.0172,  30 negative triangles
1116: dt=0.0172,  30 negative triangles
1117: dt=0.0172,  30 negative triangles
1118: dt=0.0172,  30 negative triangles
1119: dt=0.0172,  30 negative triangles
1120: dt=0.0172,  31 negative triangles
1121: dt=0.0172,  30 negative triangles
1122: dt=0.0172,  29 negative triangles
1123: dt=0.0172,  29 negative triangles
1124: dt=0.0164,  29 negative triangles
1125: dt=0.0164,  29 negative triangles
1126: dt=0.0164,  29 negative triangles
1127: dt=0.0164,  29 negative triangles
1128: dt=0.0164,  29 negative triangles
1129: dt=0.0164,  29 negative triangles
1130: dt=0.0164,  29 negative triangles
1131: dt=0.0164,  29 negative triangles
1132: dt=0.0164,  29 negative triangles
1133: dt=0.0164,  29 negative triangles
1134: dt=0.0155,  29 negative triangles
1135: dt=0.0155,  28 negative triangles
1136: dt=0.0155,  28 negative triangles
1137: dt=0.0155,  27 negative triangles
1138: dt=0.0155,  28 negative triangles
1139: dt=0.0155,  28 negative triangles
1140: dt=0.0155,  28 negative triangles
1141: dt=0.0155,  29 negative triangles
1142: dt=0.0155,  29 negative triangles
1143: dt=0.0155,  30 negative triangles
1144: dt=0.0148,  30 negative triangles
1145: dt=0.0148,  30 negative triangles
1146: dt=0.0148,  30 negative triangles
1147: dt=0.0148,  30 negative triangles
1148: dt=0.0148,  29 negative triangles
1149: dt=0.0148,  29 negative triangles
1150: dt=0.0148,  27 negative triangles
1151: dt=0.0148,  26 negative triangles
1152: dt=0.0148,  27 negative triangles
1153: dt=0.0148,  27 negative triangles
1154: dt=0.0148,  29 negative triangles
1155: dt=0.0148,  29 negative triangles
1156: dt=0.0148,  28 negative triangles
1157: dt=0.0148,  28 negative triangles
1158: dt=0.0148,  28 negative triangles
1159: dt=0.0148,  28 negative triangles
1160: dt=0.0148,  29 negative triangles
1161: dt=0.0140,  29 negative triangles
1162: dt=0.0140,  29 negative triangles
1163: dt=0.0140,  27 negative triangles
1164: dt=0.0140,  28 negative triangles
1165: dt=0.0140,  29 negative triangles
1166: dt=0.0140,  29 negative triangles
1167: dt=0.0140,  28 negative triangles
1168: dt=0.0140,  27 negative triangles
1169: dt=0.0140,  29 negative triangles
1170: dt=0.0140,  29 negative triangles
1171: dt=0.0133,  28 negative triangles
1172: dt=0.0133,  28 negative triangles
1173: dt=0.0133,  28 negative triangles
1174: dt=0.0133,  28 negative triangles
1175: dt=0.0133,  28 negative triangles
1176: dt=0.0133,  28 negative triangles
1177: dt=0.0133,  29 negative triangles
1178: dt=0.0133,  29 negative triangles
1179: dt=0.0133,  29 negative triangles
1180: dt=0.0133,  29 negative triangles
1181: dt=0.0127,  28 negative triangles
1182: dt=0.0127,  28 negative triangles
1183: dt=0.0127,  29 negative triangles
1184: dt=0.0127,  29 negative triangles
1185: dt=0.0127,  29 negative triangles
1186: dt=0.0127,  29 negative triangles
1187: dt=0.0127,  29 negative triangles
1188: dt=0.0127,  27 negative triangles
1189: dt=0.0127,  27 negative triangles
1190: dt=0.0127,  27 negative triangles
1191: dt=0.0120,  27 negative triangles
1192: dt=0.0120,  27 negative triangles
1193: dt=0.0120,  27 negative triangles
1194: dt=0.0120,  27 negative triangles
1195: 27 negative triangles
writing spherical brain to ../surf/lh.sphere
spherical transformation took 0.1414 hours
FSRUNTIME@ mris_sphere  0.1414 hours 16 threads
#VMPC# mris_sphere VmPeak  1683628
mris_sphere done
#--------------------------------------------
#@# Surf Reg lh Thu Mar 12 16:47:43 CET 2026
/out/sourcedata/freesurfer/sub-v1s20x0050273_ses-1/scripts

 mris_register -curv ../surf/lh.sphere /opt/freesurfer/average/lh.folding.atlas.acfb40.noaparc.i12.2016-08-02.tif ../surf/lh.sphere.reg 

using smoothwm curvature for final alignment

cwd /out/sourcedata/freesurfer/sub-v1s20x0050273_ses-1/scripts
cmdline mris_register -curv ../surf/lh.sphere /opt/freesurfer/average/lh.folding.atlas.acfb40.noaparc.i12.2016-08-02.tif ../surf/lh.sphere.reg 

0 inflated.H
1 sulc
2 smoothwm (computed)
7.3.2
  7.3.2
reading surface from ../surf/lh.sphere...
reading template parameterization from /opt/freesurfer/average/lh.folding.atlas.acfb40.noaparc.i12.2016-08-02.tif...
MRISregister() -------
max_passes = 4 
min_degrees = 0.500000 
max_degrees = 64.000000 
nangles = 8 
tol=5.0e-01, sigma=0.0, host=dna05, nav=1024, nbrs=1, l_extern=10000.000, l_parea=0.200, l_nlarea=1.000, l_corr=1.000, l_dist=5.000
using quadratic fit line minimization
complete_dist_mat 0
rms 0
smooth_averages 0
remove_neg 0
ico_order 0
which_surface 0
target_radius 0.000000
nfields 0
scale 0.000000
desired_rms_height -1.000000
momentum 0.950000
nbhd_size -10
max_nbrs 10
niterations 25
nsurfaces 0
SURFACES 3
flags 16 (10)
use curv 16
no sulc 0
no rigid align 0
mris->nsize 1
mris->hemisphere 0
randomSeed 0

tol=5.0e-01, sigma=0.0, host=dna05, nav=1024, nbrs=1, l_extern=10000.000, l_parea=0.200, l_nlarea=1.000, l_corr=1.000, l_dist=5.000
using quadratic fit line minimization
--------------------
1 Reading lh.sulc
tol=1.0e+00, sigma=0.5, host=dna05, nav=1024, nbrs=1, l_extern=10000.000, l_parea=0.200, l_nlarea=1.000, l_corr=0.050, l_spring=0.500, l_dist=5.000
using quadratic fit line minimization
curvature mean = 0.000, std = 5.775
curvature mean = 0.027, std = 0.813
curvature mean = 0.003, std = 0.857
Starting MRISrigidBodyAlignGlobal()
Starting new MRISrigidBodyAlignGlobal_findMinSSE()
  new MRISrigidBodyAlignGlobal_findMinSSE min @ (-1.00, -4.00, 3.50) sse = 227462.8, elapsed since starting=0.1105 min
MRISrigidBodyAlignGlobal() done   0.11 min
curvature mean = 0.013, std = 0.823
curvature mean = 0.001, std = 0.944
curvature mean = 0.010, std = 0.833
curvature mean = 0.001, std = 0.977
curvature mean = 0.009, std = 0.835
curvature mean = 0.000, std = 0.990
2 Reading smoothwm
curvature mean = -0.020, std = 0.261
curvature mean = 0.044, std = 0.246
curvature mean = 0.040, std = 0.363
curvature mean = 0.039, std = 0.303
curvature mean = 0.030, std = 0.552
curvature mean = 0.039, std = 0.330
curvature mean = 0.017, std = 0.697
curvature mean = 0.038, std = 0.341
curvature mean = 0.005, std = 0.804
MRISregister() return, current seed 0
-01: dt=0.0000,  89 negative triangles  VmPeak 1622972
120: dt=0.9900,  89 negative triangles
121: dt=0.9900,  78 negative triangles
122: dt=0.9900,  75 negative triangles
123: dt=0.9900,  76 negative triangles
124: dt=0.9900,  70 negative triangles
125: dt=0.9900,  62 negative triangles
126: dt=0.9900,  65 negative triangles
127: dt=0.9900,  62 negative triangles
128: dt=0.9900,  64 negative triangles
129: dt=0.9900,  62 negative triangles
130: dt=0.9900,  63 negative triangles
131: dt=0.9900,  63 negative triangles
132: dt=0.9900,  64 negative triangles
133: dt=0.9900,  64 negative triangles
134: dt=0.9900,  62 negative triangles
135: dt=0.9405,  65 negative triangles
136: dt=0.9405,  62 negative triangles
137: dt=0.9405,  62 negative triangles
138: dt=0.9405,  62 negative triangles
139: dt=0.9405,  62 negative triangles
140: dt=0.9405,  60 negative triangles
141: dt=0.9405,  62 negative triangles
142: dt=0.9405,  61 negative triangles
143: dt=0.9405,  60 negative triangles
144: dt=0.9405,  63 negative triangles
145: dt=0.9405,  64 negative triangles
146: dt=0.9405,  62 negative triangles
147: dt=0.9405,  60 negative triangles
148: dt=0.9405,  62 negative triangles
149: dt=0.9405,  63 negative triangles
150: dt=0.8935,  63 negative triangles
151: dt=0.8935,  63 negative triangles
152: dt=0.8935,  63 negative triangles
153: dt=0.8935,  59 negative triangles
154: dt=0.8935,  61 negative triangles
155: dt=0.8935,  61 negative triangles
156: dt=0.8935,  63 negative triangles
157: dt=0.8935,  63 negative triangles
158: dt=0.8935,  64 negative triangles
159: dt=0.8935,  62 negative triangles
160: dt=0.8935,  64 negative triangles
161: dt=0.8935,  63 negative triangles
162: dt=0.8935,  64 negative triangles
163: dt=0.8488,  64 negative triangles
164: dt=0.8488,  64 negative triangles
165: dt=0.8488,  64 negative triangles
166: dt=0.8488,  64 negative triangles
167: dt=0.8488,  65 negative triangles
168: dt=0.8488,  64 negative triangles
169: dt=0.8488,  66 negative triangles
170: dt=0.8488,  64 negative triangles
171: dt=0.8488,  64 negative triangles
172: dt=0.8488,  60 negative triangles
173: dt=0.8064,  62 negative triangles
174: dt=0.8064,  62 negative triangles
175: dt=0.8064,  65 negative triangles
176: dt=0.8064,  62 negative triangles
177: dt=0.8064,  65 negative triangles
178: dt=0.8064,  63 negative triangles
179: dt=0.8064,  64 negative triangles
180: dt=0.8064,  63 negative triangles
181: dt=0.8064,  62 negative triangles
182: dt=0.8064,  62 negative triangles
183: dt=0.7660,  62 negative triangles
184: dt=0.7660,  64 negative triangles
185: dt=0.7660,  63 negative triangles
186: dt=0.7660,  63 negative triangles
187: dt=0.7660,  62 negative triangles
188: dt=0.7660,  61 negative triangles
189: dt=0.7660,  63 negative triangles
190: dt=0.7660,  62 negative triangles
191: dt=0.7660,  61 negative triangles
192: dt=0.7660,  61 negative triangles
193: dt=0.7277,  61 negative triangles
194: dt=0.7277,  62 negative triangles
195: dt=0.7277,  60 negative triangles
196: dt=0.7277,  59 negative triangles
197: dt=0.7277,  63 negative triangles
198: dt=0.7277,  57 negative triangles
199: dt=0.7277,  61 negative triangles
200: dt=0.7277,  60 negative triangles
201: dt=0.7277,  59 negative triangles
202: dt=0.7277,  57 negative triangles
203: dt=0.7277,  61 negative triangles
204: dt=0.7277,  59 negative triangles
205: dt=0.7277,  64 negative triangles
206: dt=0.7277,  61 negative triangles
207: dt=0.7277,  58 negative triangles
208: dt=0.6914,  59 negative triangles
209: dt=0.6914,  59 negative triangles
210: dt=0.6914,  62 negative triangles
211: dt=0.6914,  61 negative triangles
212: dt=0.6914,  57 negative triangles
213: dt=0.6914,  59 negative triangles
214: dt=0.6914,  58 negative triangles
215: dt=0.6914,  61 negative triangles
216: dt=0.6914,  58 negative triangles
217: dt=0.6914,  56 negative triangles
218: dt=0.6914,  59 negative triangles
219: dt=0.6914,  57 negative triangles
220: dt=0.6914,  54 negative triangles
221: dt=0.6914,  55 negative triangles
222: dt=0.6914,  57 negative triangles
223: dt=0.6914,  61 negative triangles
224: dt=0.6914,  59 negative triangles
225: dt=0.6914,  59 negative triangles
226: dt=0.6914,  58 negative triangles
227: dt=0.6914,  58 negative triangles
228: dt=0.6914,  59 negative triangles
229: dt=0.6914,  58 negative triangles
230: dt=0.6568,  60 negative triangles
231: dt=0.6568,  58 negative triangles
232: dt=0.6568,  59 negative triangles
233: dt=0.6568,  57 negative triangles
234: dt=0.6568,  58 negative triangles
235: dt=0.6568,  58 negative triangles
236: dt=0.6568,  57 negative triangles
237: dt=0.6568,  58 negative triangles
238: dt=0.6568,  59 negative triangles
239: dt=0.6568,  57 negative triangles
240: dt=0.6239,  60 negative triangles
241: dt=0.6239,  58 negative triangles
242: dt=0.6239,  54 negative triangles
243: dt=0.6239,  59 negative triangles
244: dt=0.6239,  56 negative triangles
245: dt=0.6239,  60 negative triangles
246: dt=0.6239,  57 negative triangles
247: dt=0.6239,  59 negative triangles
248: dt=0.6239,  57 negative triangles
249: dt=0.6239,  56 negative triangles
250: dt=0.5927,  59 negative triangles
251: dt=0.5927,  59 negative triangles
252: dt=0.5927,  59 negative triangles
253: dt=0.5927,  60 negative triangles
254: dt=0.5927,  59 negative triangles
255: dt=0.5927,  57 negative triangles
256: dt=0.5927,  60 negative triangles
257: dt=0.5927,  57 negative triangles
258: dt=0.5927,  58 negative triangles
259: dt=0.5927,  58 negative triangles
260: dt=0.5631,  59 negative triangles
261: dt=0.5631,  58 negative triangles
262: dt=0.5631,  58 negative triangles
263: dt=0.5631,  57 negative triangles
264: dt=0.5631,  58 negative triangles
265: dt=0.5631,  57 negative triangles
266: dt=0.5631,  57 negative triangles
267: dt=0.5631,  55 negative triangles
268: dt=0.5631,  56 negative triangles
269: dt=0.5631,  53 negative triangles
270: dt=0.5631,  55 negative triangles
271: dt=0.5631,  57 negative triangles
272: dt=0.5631,  56 negative triangles
273: dt=0.5631,  57 negative triangles
274: dt=0.5631,  58 negative triangles
275: dt=0.5631,  57 negative triangles
276: dt=0.5631,  58 negative triangles
277: dt=0.5631,  55 negative triangles
278: dt=0.5631,  57 negative triangles
279: dt=0.5350,  56 negative triangles
280: dt=0.5350,  54 negative triangles
281: dt=0.5350,  57 negative triangles
282: dt=0.5350,  55 negative triangles
283: dt=0.5350,  55 negative triangles
284: dt=0.5350,  56 negative triangles
285: dt=0.5350,  55 negative triangles
286: dt=0.5350,  55 negative triangles
287: dt=0.5350,  54 negative triangles
288: dt=0.5350,  55 negative triangles
289: dt=0.5082,  54 negative triangles
290: dt=0.5082,  56 negative triangles
291: dt=0.5082,  57 negative triangles
292: dt=0.5082,  54 negative triangles
293: dt=0.5082,  53 negative triangles
294: dt=0.5082,  56 negative triangles
295: dt=0.5082,  57 negative triangles
296: dt=0.5082,  54 negative triangles
297: dt=0.5082,  55 negative triangles
298: dt=0.5082,  54 negative triangles
299: dt=0.4828,  57 negative triangles
300: dt=0.4828,  55 negative triangles
301: dt=0.4828,  55 negative triangles
302: dt=0.4828,  54 negative triangles
303: dt=0.4828,  56 negative triangles
304: dt=0.4828,  55 negative triangles
305: dt=0.4828,  55 negative triangles
306: dt=0.4828,  56 negative triangles
307: dt=0.4828,  55 negative triangles
308: dt=0.4828,  55 negative triangles
309: dt=0.4587,  53 negative triangles
310: dt=0.4587,  55 negative triangles
311: dt=0.4587,  57 negative triangles
312: dt=0.4587,  54 negative triangles
313: dt=0.4587,  55 negative triangles
314: dt=0.4587,  56 negative triangles
315: dt=0.4587,  55 negative triangles
316: dt=0.4587,  54 negative triangles
317: dt=0.4587,  55 negative triangles
318: dt=0.4587,  54 negative triangles
319: dt=0.4357,  54 negative triangles
expanding nbhd size to 1
320: dt=0.9900,  57 negative triangles
321: dt=0.9900,  53 negative triangles
322: dt=0.9900,  52 negative triangles
323: dt=0.9900,  50 negative triangles
324: dt=0.9900,  48 negative triangles
325: dt=0.9900,  48 negative triangles
326: dt=0.9900,  49 negative triangles
327: dt=0.9900,  48 negative triangles
328: dt=0.9900,  48 negative triangles
329: dt=0.9900,  46 negative triangles
330: dt=0.9900,  46 negative triangles
331: dt=0.9900,  47 negative triangles
332: dt=0.9900,  47 negative triangles
333: dt=0.9900,  47 negative triangles
334: dt=0.9900,  48 negative triangles
335: dt=0.9900,  46 negative triangles
336: dt=0.9900,  47 negative triangles
337: dt=0.9900,  46 negative triangles
338: dt=0.9900,  47 negative triangles
339: dt=0.9405,  47 negative triangles
340: dt=0.9405,  47 negative triangles
341: dt=0.9405,  47 negative triangles
342: dt=0.9405,  47 negative triangles
343: dt=0.9405,  46 negative triangles
344: dt=0.9405,  48 negative triangles
345: dt=0.9405,  47 negative triangles
346: dt=0.9405,  48 negative triangles
347: dt=0.9405,  49 negative triangles
348: dt=0.9405,  47 negative triangles
349: dt=0.8935,  49 negative triangles
350: dt=0.8935,  48 negative triangles
351: dt=0.8935,  50 negative triangles
352: dt=0.8935,  48 negative triangles
353: dt=0.8935,  46 negative triangles
354: dt=0.8935,  47 negative triangles
355: dt=0.8935,  47 negative triangles
356: dt=0.8935,  47 negative triangles
357: dt=0.8935,  46 negative triangles
358: dt=0.8935,  45 negative triangles
359: dt=0.8935,  47 negative triangles
360: dt=0.8935,  45 negative triangles
361: dt=0.8935,  44 negative triangles
362: dt=0.8935,  44 negative triangles
363: dt=0.8935,  46 negative triangles
364: dt=0.8935,  44 negative triangles
365: dt=0.8935,  44 negative triangles
366: dt=0.8935,  44 negative triangles
367: dt=0.8935,  44 negative triangles
368: dt=0.8935,  42 negative triangles
369: dt=0.8935,  44 negative triangles
370: dt=0.8935,  45 negative triangles
371: dt=0.8935,  43 negative triangles
372: dt=0.8935,  43 negative triangles
373: dt=0.8935,  44 negative triangles
374: dt=0.8935,  43 negative triangles
375: dt=0.8935,  43 negative triangles
376: dt=0.8935,  43 negative triangles
377: dt=0.8935,  46 negative triangles
378: dt=0.8488,  43 negative triangles
379: dt=0.8488,  43 negative triangles
380: dt=0.8488,  41 negative triangles
381: dt=0.8488,  43 negative triangles
382: dt=0.8488,  42 negative triangles
383: dt=0.8488,  40 negative triangles
384: dt=0.8488,  42 negative triangles
385: dt=0.8488,  41 negative triangles
386: dt=0.8488,  41 negative triangles
387: dt=0.8488,  37 negative triangles
388: dt=0.8488,  37 negative triangles
389: dt=0.8488,  40 negative triangles
390: dt=0.8488,  39 negative triangles
391: dt=0.8488,  39 negative triangles
392: dt=0.8488,  40 negative triangles
393: dt=0.8488,  38 negative triangles
394: dt=0.8488,  41 negative triangles
395: dt=0.8488,  40 negative triangles
396: dt=0.8488,  37 negative triangles
397: dt=0.8064,  37 negative triangles
398: dt=0.8064,  35 negative triangles
399: dt=0.8064,  35 negative triangles
400: dt=0.8064,  35 negative triangles
401: dt=0.8064,  37 negative triangles
402: dt=0.8064,  39 negative triangles
403: dt=0.8064,  39 negative triangles
404: dt=0.8064,  36 negative triangles
405: dt=0.8064,  37 negative triangles
406: dt=0.8064,  35 negative triangles
407: dt=0.8064,  34 negative triangles
408: dt=0.8064,  32 negative triangles
409: dt=0.8064,  30 negative triangles
410: dt=0.8064,  30 negative triangles
411: dt=0.8064,  32 negative triangles
412: dt=0.8064,  30 negative triangles
413: dt=0.8064,  30 negative triangles
414: dt=0.8064,  30 negative triangles
415: dt=0.8064,  31 negative triangles
416: dt=0.8064,  30 negative triangles
417: dt=0.8064,  29 negative triangles
418: dt=0.8064,  29 negative triangles
419: dt=0.8064,  29 negative triangles
420: dt=0.8064,  28 negative triangles
421: dt=0.8064,  28 negative triangles
422: dt=0.8064,  27 negative triangles
423: dt=0.8064,  27 negative triangles
424: dt=0.8064,  27 negative triangles
425: dt=0.8064,  27 negative triangles
426: dt=0.8064,  27 negative triangles
427: dt=0.8064,  27 negative triangles
428: dt=0.8064,  27 negative triangles
429: dt=0.8064,  28 negative triangles
430: dt=0.8064,  27 negative triangles
431: dt=0.8064,  26 negative triangles
432: dt=0.8064,  27 negative triangles
433: dt=0.8064,  26 negative triangles
434: dt=0.8064,  26 negative triangles
435: dt=0.8064,  26 negative triangles
436: dt=0.8064,  26 negative triangles
437: dt=0.8064,  26 negative triangles
438: dt=0.8064,  25 negative triangles
439: dt=0.8064,  26 negative triangles
440: dt=0.8064,  25 negative triangles
441: dt=0.8064,  25 negative triangles
442: dt=0.8064,  26 negative triangles
443: dt=0.8064,  26 negative triangles
444: dt=0.8064,  26 negative triangles
445: dt=0.8064,  25 negative triangles
446: dt=0.8064,  26 negative triangles
447: dt=0.8064,  25 negative triangles
448: dt=0.7660,  26 negative triangles
449: dt=0.7660,  27 negative triangles
450: dt=0.7660,  25 negative triangles
451: dt=0.7660,  25 negative triangles
452: dt=0.7660,  25 negative triangles
453: dt=0.7660,  25 negative triangles
454: dt=0.7660,  25 negative triangles
455: dt=0.7660,  25 negative triangles
456: dt=0.7660,  25 negative triangles
457: dt=0.7660,  25 negative triangles
458: dt=0.7277,  26 negative triangles
459: dt=0.7277,  27 negative triangles
460: dt=0.7277,  25 negative triangles
461: dt=0.7277,  26 negative triangles
462: dt=0.7277,  26 negative triangles
463: dt=0.7277,  25 negative triangles
464: dt=0.7277,  25 negative triangles
465: dt=0.7277,  26 negative triangles
466: dt=0.7277,  24 negative triangles
467: dt=0.7277,  24 negative triangles
468: dt=0.7277,  23 negative triangles
469: dt=0.7277,  22 negative triangles
470: dt=0.7277,  23 negative triangles
471: dt=0.7277,  23 negative triangles
472: dt=0.7277,  23 negative triangles
473: dt=0.7277,  23 negative triangles
474: dt=0.7277,  24 negative triangles
475: dt=0.7277,  24 negative triangles
476: dt=0.7277,  22 negative triangles
477: dt=0.7277,  22 negative triangles
478: dt=0.7277,  21 negative triangles
479: dt=0.7277,  22 negative triangles
480: dt=0.7277,  24 negative triangles
481: dt=0.7277,  21 negative triangles
482: dt=0.7277,  22 negative triangles
483: dt=0.7277,  21 negative triangles
484: dt=0.7277,  21 negative triangles
485: dt=0.7277,  21 negative triangles
486: dt=0.7277,  22 negative triangles
487: dt=0.7277,  22 negative triangles
488: dt=0.6914,  22 negative triangles
489: dt=0.6914,  22 negative triangles
490: dt=0.6914,  21 negative triangles
491: dt=0.6914,  21 negative triangles
492: dt=0.6914,  22 negative triangles
493: dt=0.6914,  21 negative triangles
494: dt=0.6914,  21 negative triangles
495: dt=0.6914,  22 negative triangles
496: dt=0.6914,  21 negative triangles
497: dt=0.6914,  20 negative triangles
498: dt=0.6914,  21 negative triangles
499: dt=0.6914,  21 negative triangles
500: dt=0.6914,  22 negative triangles
501: dt=0.6914,  21 negative triangles
502: dt=0.6914,  21 negative triangles
503: dt=0.6914,  22 negative triangles
504: dt=0.6914,  21 negative triangles
505: dt=0.6914,  22 negative triangles
506: dt=0.6914,  23 negative triangles
507: dt=0.6568,  21 negative triangles
508: dt=0.6568,  23 negative triangles
509: dt=0.6568,  21 negative triangles
510: dt=0.6568,  21 negative triangles
511: dt=0.6568,  21 negative triangles
512: dt=0.6568,  21 negative triangles
513: dt=0.6568,  21 negative triangles
514: dt=0.6568,  21 negative triangles
515: dt=0.6568,  21 negative triangles
516: dt=0.6568,  21 negative triangles
517: dt=0.6239,  22 negative triangles
518: dt=0.6239,  21 negative triangles
519: dt=0.6239,  21 negative triangles
520: dt=0.6239,  20 negative triangles
521: dt=0.6239,  21 negative triangles
522: dt=0.6239,  21 negative triangles
523: dt=0.6239,  21 negative triangles
524: dt=0.6239,  23 negative triangles
525: dt=0.6239,  21 negative triangles
526: dt=0.6239,  21 negative triangles
527: dt=0.5927,  21 negative triangles
528: dt=0.5927,  22 negative triangles
529: dt=0.5927,  22 negative triangles
530: dt=0.5927,  20 negative triangles
531: dt=0.5927,  21 negative triangles
532: dt=0.5927,  21 negative triangles
533: dt=0.5927,  22 negative triangles
534: dt=0.5927,  22 negative triangles
535: dt=0.5927,  22 negative triangles
536: dt=0.5927,  21 negative triangles
537: dt=0.5631,  21 negative triangles
538: dt=0.5631,  21 negative triangles
539: dt=0.5631,  21 negative triangles
540: dt=0.5631,  21 negative triangles
541: dt=0.5631,  22 negative triangles
542: dt=0.5631,  21 negative triangles
543: dt=0.5631,  21 negative triangles
544: dt=0.5631,  21 negative triangles
545: dt=0.5631,  21 negative triangles
546: dt=0.5631,  21 negative triangles
547: dt=0.5350,  21 negative triangles
548: dt=0.5350,  21 negative triangles
549: dt=0.5350,  23 negative triangles
550: dt=0.5350,  21 negative triangles
551: dt=0.5350,  21 negative triangles
552: dt=0.5350,  20 negative triangles
553: dt=0.5350,  24 negative triangles
554: dt=0.5350,  22 negative triangles
555: dt=0.5350,  21 negative triangles
556: dt=0.5350,  21 negative triangles
557: dt=0.5082,  22 negative triangles
558: dt=0.5082,  21 negative triangles
559: dt=0.5082,  20 negative triangles
560: dt=0.5082,  21 negative triangles
561: dt=0.5082,  21 negative triangles
562: dt=0.5082,  22 negative triangles
563: dt=0.5082,  22 negative triangles
564: dt=0.5082,  22 negative triangles
565: dt=0.5082,  22 negative triangles
566: dt=0.5082,  22 negative triangles
567: dt=0.4828,  21 negative triangles
568: dt=0.4828,  21 negative triangles
569: dt=0.4828,  20 negative triangles
570: dt=0.4828,  20 negative triangles
571: dt=0.4828,  20 negative triangles
572: dt=0.4828,  20 negative triangles
573: dt=0.4828,  22 negative triangles
574: dt=0.4828,  22 negative triangles
575: dt=0.4828,  22 negative triangles
576: dt=0.4828,  21 negative triangles
577: dt=0.4587,  20 negative triangles
578: dt=0.4587,  21 negative triangles
579: dt=0.4587,  21 negative triangles
580: dt=0.4587,  21 negative triangles
581: dt=0.4587,  21 negative triangles
582: dt=0.4587,  21 negative triangles
583: dt=0.4587,  21 negative triangles
584: dt=0.4587,  20 negative triangles
585: dt=0.4587,  20 negative triangles
586: dt=0.4587,  20 negative triangles
587: dt=0.4357,  21 negative triangles
588: dt=0.4357,  21 negative triangles
589: dt=0.4357,  23 negative triangles
590: dt=0.4357,  21 negative triangles
591: dt=0.4357,  22 negative triangles
592: dt=0.4357,  21 negative triangles
593: dt=0.4357,  21 negative triangles
594: dt=0.4357,  20 negative triangles
595: dt=0.4357,  20 negative triangles
596: dt=0.4357,  20 negative triangles
597: dt=0.4139,  21 negative triangles
598: dt=0.4139,  20 negative triangles
599: dt=0.4139,  20 negative triangles
600: dt=0.4139,  21 negative triangles
601: dt=0.4139,  20 negative triangles
602: dt=0.4139,  20 negative triangles
603: dt=0.4139,  19 negative triangles
604: dt=0.4139,  19 negative triangles
605: dt=0.4139,  20 negative triangles
606: dt=0.4139,  20 negative triangles
607: dt=0.4139,  20 negative triangles
608: dt=0.4139,  20 negative triangles
609: dt=0.4139,  21 negative triangles
610: dt=0.4139,  21 negative triangles
611: dt=0.4139,  22 negative triangles
612: dt=0.4139,  19 negative triangles
613: dt=0.3932,  20 negative triangles
614: dt=0.3932,  19 negative triangles
615: dt=0.3932,  19 negative triangles
616: dt=0.3932,  22 negative triangles
617: dt=0.3932,  21 negative triangles
618: dt=0.3932,  21 negative triangles
619: dt=0.3932,  22 negative triangles
620: dt=0.3932,  20 negative triangles
621: dt=0.3932,  19 negative triangles
622: dt=0.3932,  18 negative triangles
623: dt=0.3932,  18 negative triangles
624: dt=0.3932,  19 negative triangles
625: dt=0.3932,  19 negative triangles
626: dt=0.3932,  18 negative triangles
627: dt=0.3932,  20 negative triangles
628: dt=0.3932,  20 negative triangles
629: dt=0.3932,  19 negative triangles
630: dt=0.3932,  19 negative triangles
631: dt=0.3932,  19 negative triangles
632: dt=0.3736,  20 negative triangles
633: dt=0.3736,  21 negative triangles
634: dt=0.3736,  19 negative triangles
635: dt=0.3736,  20 negative triangles
636: dt=0.3736,  19 negative triangles
637: dt=0.3736,  19 negative triangles
638: dt=0.3736,  19 negative triangles
639: dt=0.3736,  19 negative triangles
640: dt=0.3736,  19 negative triangles
641: dt=0.3736,  19 negative triangles
642: dt=0.3549,  19 negative triangles
643: dt=0.3549,  19 negative triangles
644: dt=0.3549,  19 negative triangles
645: dt=0.3549,  19 negative triangles
646: dt=0.3549,  19 negative triangles
647: dt=0.3549,  19 negative triangles
648: dt=0.3549,  17 negative triangles
649: dt=0.3549,  18 negative triangles
650: dt=0.3549,  18 negative triangles
651: dt=0.3549,  18 negative triangles
652: dt=0.3549,  17 negative triangles
653: dt=0.3549,  17 negative triangles
654: dt=0.3549,  17 negative triangles
655: dt=0.3549,  18 negative triangles
656: dt=0.3549,  17 negative triangles
657: dt=0.3549,  17 negative triangles
658: dt=0.3372,  17 negative triangles
659: dt=0.3372,  18 negative triangles
660: dt=0.3372,  18 negative triangles
661: dt=0.3372,  18 negative triangles
662: dt=0.3372,  17 negative triangles
663: dt=0.3372,  18 negative triangles
664: dt=0.3372,  18 negative triangles
665: dt=0.3372,  18 negative triangles
666: dt=0.3372,  18 negative triangles
667: dt=0.3372,  18 negative triangles
668: dt=0.3203,  18 negative triangles
669: dt=0.3203,  18 negative triangles
670: dt=0.3203,  17 negative triangles
671: dt=0.3203,  18 negative triangles
672: dt=0.3203,  17 negative triangles
673: dt=0.3203,  17 negative triangles
674: dt=0.3203,  17 negative triangles
675: dt=0.3203,  17 negative triangles
676: dt=0.3203,  17 negative triangles
677: dt=0.3203,  17 negative triangles
678: dt=0.3043,  17 negative triangles
679: dt=0.3043,  17 negative triangles
680: dt=0.3043,  17 negative triangles
681: dt=0.3043,  17 negative triangles
682: dt=0.3043,  16 negative triangles
683: dt=0.3043,  16 negative triangles
684: dt=0.3043,  16 negative triangles
685: dt=0.3043,  16 negative triangles
686: dt=0.3043,  17 negative triangles
687: dt=0.3043,  16 negative triangles
688: dt=0.3043,  17 negative triangles
689: dt=0.3043,  17 negative triangles
690: dt=0.3043,  17 negative triangles
691: dt=0.3043,  17 negative triangles
692: dt=0.2891,  17 negative triangles
693: dt=0.2891,  18 negative triangles
694: dt=0.2891,  17 negative triangles
695: dt=0.2891,  16 negative triangles
696: dt=0.2891,  16 negative triangles
697: dt=0.2891,  15 negative triangles
698: dt=0.2891,  16 negative triangles
699: dt=0.2891,  16 negative triangles
700: dt=0.2891,  15 negative triangles
701: dt=0.2891,  15 negative triangles
702: dt=0.2891,  15 negative triangles
703: dt=0.2891,  15 negative triangles
704: dt=0.2891,  15 negative triangles
705: dt=0.2891,  15 negative triangles
706: dt=0.2891,  15 negative triangles
707: dt=0.2746,  15 negative triangles
708: dt=0.2746,  15 negative triangles
709: dt=0.2746,  15 negative triangles
710: dt=0.2746,  17 negative triangles
711: dt=0.2746,  16 negative triangles
712: dt=0.2746,  17 negative triangles
713: dt=0.2746,  17 negative triangles
714: dt=0.2746,  17 negative triangles
715: dt=0.2746,  17 negative triangles
716: dt=0.2746,  16 negative triangles
717: dt=0.2609,  16 negative triangles
718: dt=0.2609,  16 negative triangles
719: dt=0.2609,  15 negative triangles
720: dt=0.2609,  16 negative triangles
721: dt=0.2609,  15 negative triangles
722: dt=0.2609,  15 negative triangles
723: dt=0.2609,  15 negative triangles
724: dt=0.2609,  16 negative triangles
725: dt=0.2609,  16 negative triangles
726: dt=0.2609,  17 negative triangles
727: dt=0.2478,  17 negative triangles
728: dt=0.2478,  18 negative triangles
729: dt=0.2478,  19 negative triangles
730: dt=0.2478,  18 negative triangles
731: dt=0.2478,  18 negative triangles
732: dt=0.2478,  18 negative triangles
733: dt=0.2478,  19 negative triangles
734: dt=0.2478,  19 negative triangles
735: dt=0.2478,  18 negative triangles
736: dt=0.2478,  17 negative triangles
737: dt=0.2354,  17 negative triangles
738: dt=0.2354,  16 negative triangles
739: dt=0.2354,  17 negative triangles
740: dt=0.2354,  16 negative triangles
741: dt=0.2354,  15 negative triangles
742: dt=0.2354,  15 negative triangles
743: dt=0.2354,  16 negative triangles
744: dt=0.2354,  16 negative triangles
745: dt=0.2354,  16 negative triangles
746: dt=0.2354,  16 negative triangles
747: dt=0.2237,  15 negative triangles
748: dt=0.2237,  15 negative triangles
749: dt=0.2237,  16 negative triangles
750: dt=0.2237,  16 negative triangles
751: dt=0.2237,  16 negative triangles
752: dt=0.2237,  15 negative triangles
753: dt=0.2237,  16 negative triangles
754: dt=0.2237,  16 negative triangles
755: dt=0.2237,  16 negative triangles
756: dt=0.2237,  15 negative triangles
757: dt=0.2125,  15 negative triangles
758: dt=0.2125,  15 negative triangles
759: dt=0.2125,  15 negative triangles
760: dt=0.2125,  15 negative triangles
761: dt=0.2125,  16 negative triangles
762: dt=0.2125,  16 negative triangles
763: dt=0.2125,  16 negative triangles
764: dt=0.2125,  16 negative triangles
765: dt=0.2125,  14 negative triangles
766: dt=0.2125,  14 negative triangles
767: dt=0.2125,  15 negative triangles
768: dt=0.2125,  15 negative triangles
769: dt=0.2125,  15 negative triangles
770: dt=0.2125,  16 negative triangles
771: dt=0.2125,  17 negative triangles
772: dt=0.2125,  15 negative triangles
773: dt=0.2125,  15 negative triangles
774: dt=0.2125,  15 negative triangles
775: dt=0.2019,  15 negative triangles
776: dt=0.2019,  16 negative triangles
777: dt=0.2019,  15 negative triangles
778: dt=0.2019,  15 negative triangles
779: dt=0.2019,  17 negative triangles
780: dt=0.2019,  15 negative triangles
781: dt=0.2019,  17 negative triangles
782: dt=0.2019,  17 negative triangles
783: dt=0.2019,  17 negative triangles
784: dt=0.2019,  17 negative triangles
785: dt=0.1918,  16 negative triangles
786: dt=0.1918,  16 negative triangles
787: dt=0.1918,  16 negative triangles
788: dt=0.1918,  15 negative triangles
789: dt=0.1918,  15 negative triangles
790: dt=0.1918,  15 negative triangles
791: dt=0.1918,  15 negative triangles
792: dt=0.1918,  15 negative triangles
793: dt=0.1918,  15 negative triangles
794: dt=0.1918,  16 negative triangles
795: dt=0.1822,  17 negative triangles
796: dt=0.1822,  16 negative triangles
797: dt=0.1822,  17 negative triangles
798: dt=0.1822,  17 negative triangles
799: dt=0.1822,  15 negative triangles
800: dt=0.1822,  16 negative triangles
801: dt=0.1822,  15 negative triangles
802: dt=0.1822,  14 negative triangles
803: dt=0.1822,  15 negative triangles
804: dt=0.1822,  14 negative triangles
805: dt=0.1731,  16 negative triangles
806: dt=0.1731,  15 negative triangles
807: dt=0.1731,  15 negative triangles
808: dt=0.1731,  16 negative triangles
809: dt=0.1731,  16 negative triangles
810: dt=0.1731,  14 negative triangles
811: dt=0.1731,  15 negative triangles
812: dt=0.1731,  15 negative triangles
813: dt=0.1731,  14 negative triangles
814: dt=0.1731,  14 negative triangles
815: dt=0.1644,  15 negative triangles
816: dt=0.1644,  15 negative triangles
817: dt=0.1644,  15 negative triangles
818: dt=0.1644,  15 negative triangles
819: dt=0.1644,  15 negative triangles
820: dt=0.1644,  15 negative triangles
821: dt=0.1644,  15 negative triangles
822: dt=0.1644,  15 negative triangles
823: dt=0.1644,  15 negative triangles
824: dt=0.1644,  14 negative triangles
825: dt=0.1562,  15 negative triangles
826: dt=0.1562,  14 negative triangles
827: dt=0.1562,  15 negative triangles
828: dt=0.1562,  15 negative triangles
829: dt=0.1562,  16 negative triangles
830: dt=0.1562,  15 negative triangles
831: dt=0.1562,  14 negative triangles
832: dt=0.1562,  15 negative triangles
833: dt=0.1562,  15 negative triangles
834: dt=0.1562,  15 negative triangles
835: dt=0.1484,  14 negative triangles
836: dt=0.1484,  14 negative triangles
837: dt=0.1484,  15 negative triangles
838: dt=0.1484,  17 negative triangles
839: dt=0.1484,  17 negative triangles
840: dt=0.1484,  17 negative triangles
841: dt=0.1484,  18 negative triangles
842: dt=0.1484,  18 negative triangles
843: dt=0.1484,  17 negative triangles
844: dt=0.1484,  15 negative triangles
845: dt=0.1410,  15 negative triangles
846: dt=0.1410,  15 negative triangles
847: dt=0.1410,  15 negative triangles
848: dt=0.1410,  15 negative triangles
849: dt=0.1410,  15 negative triangles
850: dt=0.1410,  15 negative triangles
851: dt=0.1410,  15 negative triangles
852: dt=0.1410,  15 negative triangles
853: dt=0.1410,  15 negative triangles
854: dt=0.1410,  16 negative triangles
855: dt=0.1339,  16 negative triangles
856: dt=0.1339,  16 negative triangles
857: dt=0.1339,  17 negative triangles
858: dt=0.1339,  16 negative triangles
859: dt=0.1339,  15 negative triangles
860: dt=0.1339,  15 negative triangles
861: dt=0.1339,  15 negative triangles
862: dt=0.1339,  14 negative triangles
863: dt=0.1339,  14 negative triangles
864: dt=0.1339,  14 negative triangles
865: dt=0.1272,  14 negative triangles
866: dt=0.1272,  14 negative triangles
867: dt=0.1272,  14 negative triangles
868: dt=0.1272,  14 negative triangles
869: dt=0.1272,  15 negative triangles
870: dt=0.1272,  14 negative triangles
871: dt=0.1272,  14 negative triangles
872: dt=0.1272,  14 negative triangles
873: dt=0.1272,  14 negative triangles
874: dt=0.1272,  17 negative triangles
875: dt=0.1209,  15 negative triangles
876: dt=0.1209,  15 negative triangles
877: dt=0.1209,  16 negative triangles
878: dt=0.1209,  13 negative triangles
879: dt=0.1209,  13 negative triangles
880: dt=0.1209,  14 negative triangles
881: dt=0.1209,  14 negative triangles
882: dt=0.1209,  14 negative triangles
883: dt=0.1209,  14 negative triangles
884: dt=0.1209,  14 negative triangles
885: dt=0.1209,  14 negative triangles
886: dt=0.1209,  14 negative triangles
887: dt=0.1209,  15 negative triangles
888: dt=0.1148,  15 negative triangles
889: dt=0.1148,  15 negative triangles
890: dt=0.1148,  15 negative triangles
891: dt=0.1148,  13 negative triangles
892: dt=0.1148,  15 negative triangles
893: dt=0.1148,  16 negative triangles
894: dt=0.1148,  14 negative triangles
895: dt=0.1148,  16 negative triangles
896: dt=0.1148,  17 negative triangles
897: dt=0.1148,  16 negative triangles
898: dt=0.1091,  15 negative triangles
899: dt=0.1091,  14 negative triangles
900: dt=0.1091,  16 negative triangles
901: dt=0.1091,  15 negative triangles
902: dt=0.1091,  16 negative triangles
903: dt=0.1091,  15 negative triangles
904: dt=0.1091,  16 negative triangles
905: dt=0.1091,  16 negative triangles
906: dt=0.1091,  16 negative triangles
907: dt=0.1091,  16 negative triangles
908: dt=0.1036,  15 negative triangles
909: dt=0.1036,  16 negative triangles
910: dt=0.1036,  15 negative triangles
911: dt=0.1036,  15 negative triangles
912: dt=0.1036,  15 negative triangles
913: dt=0.1036,  15 negative triangles
914: dt=0.1036,  16 negative triangles
915: dt=0.1036,  15 negative triangles
916: dt=0.1036,  16 negative triangles
917: dt=0.1036,  15 negative triangles
918: dt=0.0984,  15 negative triangles
919: dt=0.0984,  15 negative triangles
920: dt=0.0984,  14 negative triangles
921: dt=0.0984,  16 negative triangles
922: dt=0.0984,  13 negative triangles
923: dt=0.0984,  13 negative triangles
924: dt=0.0984,  13 negative triangles
925: dt=0.0984,  13 negative triangles
926: dt=0.0984,  12 negative triangles
927: dt=0.0984,  13 negative triangles
928: dt=0.0984,  14 negative triangles
929: dt=0.0984,  13 negative triangles
930: dt=0.0984,  12 negative triangles
931: dt=0.0984,  14 negative triangles
932: dt=0.0984,  12 negative triangles
933: dt=0.0984,  13 negative triangles
934: dt=0.0984,  13 negative triangles
935: dt=0.0984,  14 negative triangles
936: dt=0.0935,  12 negative triangles
937: dt=0.0935,  13 negative triangles
938: dt=0.0935,  13 negative triangles
939: dt=0.0935,  12 negative triangles
940: dt=0.0935,  12 negative triangles
941: dt=0.0935,  13 negative triangles
942: dt=0.0935,  13 negative triangles
943: dt=0.0935,  13 negative triangles
944: dt=0.0935,  12 negative triangles
945: dt=0.0935,  12 negative triangles
946: dt=0.0888,  12 negative triangles
947: dt=0.0888,  13 negative triangles
948: dt=0.0888,  12 negative triangles
949: dt=0.0888,  12 negative triangles
950: dt=0.0888,  13 negative triangles
951: dt=0.0888,  13 negative triangles
952: dt=0.0888,  13 negative triangles
953: dt=0.0888,  13 negative triangles
954: dt=0.0888,  14 negative triangles
955: dt=0.0888,  13 negative triangles
956: dt=0.0844,  14 negative triangles
957: dt=0.0844,  13 negative triangles
958: dt=0.0844,  14 negative triangles
959: dt=0.0844,  14 negative triangles
960: dt=0.0844,  15 negative triangles
961: dt=0.0844,  14 negative triangles
962: dt=0.0844,  14 negative triangles
963: dt=0.0844,  13 negative triangles
964: dt=0.0844,  13 negative triangles
965: dt=0.0844,  13 negative triangles
966: dt=0.0802,  13 negative triangles
967: dt=0.0802,  14 negative triangles
968: dt=0.0802,  13 negative triangles
969: dt=0.0802,  14 negative triangles
970: dt=0.0802,  13 negative triangles
971: dt=0.0802,  14 negative triangles
972: dt=0.0802,  13 negative triangles
973: dt=0.0802,  14 negative triangles
974: dt=0.0802,  13 negative triangles
975: dt=0.0802,  14 negative triangles
976: dt=0.0762,  15 negative triangles
977: dt=0.0762,  14 negative triangles
978: dt=0.0762,  14 negative triangles
979: dt=0.0762,  13 negative triangles
980: dt=0.0762,  14 negative triangles
981: dt=0.0762,  13 negative triangles
982: dt=0.0762,  14 negative triangles
983: dt=0.0762,  15 negative triangles
984: dt=0.0762,  15 negative triangles
985: dt=0.0762,  15 negative triangles
986: dt=0.0724,  14 negative triangles
987: dt=0.0724,  13 negative triangles
988: dt=0.0724,  13 negative triangles
989: dt=0.0724,  13 negative triangles
990: dt=0.0724,  13 negative triangles
991: dt=0.0724,  13 negative triangles
992: dt=0.0724,  13 negative triangles
993: dt=0.0724,  13 negative triangles
994: dt=0.0724,  14 negative triangles
995: dt=0.0724,  13 negative triangles
996: dt=0.0687,  15 negative triangles
997: dt=0.0687,  15 negative triangles
998: dt=0.0687,  15 negative triangles
999: dt=0.0687,  14 negative triangles
1000: dt=0.0687,  15 negative triangles
1001: dt=0.0687,  14 negative triangles
1002: dt=0.0687,  14 negative triangles
1003: dt=0.0687,  15 negative triangles
1004: dt=0.0687,  15 negative triangles
1005: dt=0.0687,  15 negative triangles
1006: dt=0.0653,  14 negative triangles
1007: dt=0.0653,  15 negative triangles
1008: dt=0.0653,  15 negative triangles
1009: dt=0.0653,  13 negative triangles
1010: dt=0.0653,  13 negative triangles
1011: dt=0.0653,  12 negative triangles
1012: dt=0.0653,  12 negative triangles
1013: dt=0.0653,  12 negative triangles
1014: dt=0.0653,  12 negative triangles
1015: dt=0.0653,  12 negative triangles
1016: dt=0.0620,  12 negative triangles
1017: dt=0.0620,  12 negative triangles
1018: dt=0.0620,  12 negative triangles
1019: dt=0.0620,  12 negative triangles
1020: dt=0.0620,  12 negative triangles
1021: dt=0.0620,  13 negative triangles
1022: dt=0.0620,  13 negative triangles
1023: dt=0.0620,  13 negative triangles
1024: dt=0.0620,  12 negative triangles
1025: dt=0.0620,  13 negative triangles
1026: dt=0.0589,  13 negative triangles
1027: dt=0.0589,  13 negative triangles
1028: dt=0.0589,  13 negative triangles
1029: dt=0.0589,  14 negative triangles
1030: dt=0.0589,  13 negative triangles
1031: dt=0.0589,  12 negative triangles
1032: dt=0.0589,  12 negative triangles
1033: dt=0.0589,  12 negative triangles
1034: dt=0.0589,  12 negative triangles
1035: dt=0.0589,  12 negative triangles
1036: dt=0.0560,  13 negative triangles
1037: dt=0.0560,  13 negative triangles
1038: dt=0.0560,  14 negative triangles
1039: dt=0.0560,  14 negative triangles
1040: dt=0.0560,  14 negative triangles
1041: dt=0.0560,  13 negative triangles
1042: dt=0.0560,  12 negative triangles
1043: dt=0.0560,  12 negative triangles
1044: dt=0.0560,  12 negative triangles
1045: dt=0.0560,  12 negative triangles
1046: dt=0.0532,  13 negative triangles
1047: dt=0.0532,  15 negative triangles
1048: dt=0.0532,  15 negative triangles
1049: dt=0.0532,  15 negative triangles
1050: dt=0.0532,  15 negative triangles
1051: dt=0.0532,  15 negative triangles
1052: dt=0.0532,  14 negative triangles
1053: dt=0.0532,  13 negative triangles
1054: dt=0.0532,  13 negative triangles
1055: dt=0.0532,  14 negative triangles
1056: dt=0.0505,  13 negative triangles
1057: dt=0.0505,  13 negative triangles
1058: dt=0.0505,  14 negative triangles
1059: dt=0.0505,  13 negative triangles
1060: dt=0.0505,  13 negative triangles
1061: dt=0.0505,  13 negative triangles
1062: dt=0.0505,  13 negative triangles
1063: dt=0.0505,  14 negative triangles
1064: dt=0.0505,  13 negative triangles
1065: dt=0.0505,  13 negative triangles
1066: dt=0.0480,  13 negative triangles
1067: dt=0.0480,  13 negative triangles
1068: dt=0.0480,  14 negative triangles
1069: dt=0.0480,  13 negative triangles
1070: dt=0.0480,  13 negative triangles
1071: dt=0.0480,  12 negative triangles
1072: dt=0.0480,  12 negative triangles
1073: dt=0.0480,  13 negative triangles
1074: dt=0.0480,  12 negative triangles
1075: dt=0.0480,  12 negative triangles
1076: dt=0.0456,  13 negative triangles
1077: dt=0.0456,  13 negative triangles
1078: dt=0.0456,  13 negative triangles
1079: dt=0.0456,  12 negative triangles
1080: dt=0.0456,  13 negative triangles
1081: dt=0.0456,  13 negative triangles
1082: dt=0.0456,  13 negative triangles
1083: dt=0.0456,  13 negative triangles
1084: dt=0.0456,  14 negative triangles
1085: dt=0.0456,  13 negative triangles
1086: dt=0.0433,  12 negative triangles
1087: dt=0.0433,  12 negative triangles
1088: dt=0.0433,  12 negative triangles
1089: dt=0.0433,  12 negative triangles
1090: dt=0.0433,  12 negative triangles
1091: dt=0.0433,  13 negative triangles
1092: dt=0.0433,  13 negative triangles
1093: dt=0.0433,  14 negative triangles
1094: dt=0.0433,  14 negative triangles
1095: dt=0.0433,  14 negative triangles
1096: dt=0.0412,  13 negative triangles
1097: dt=0.0412,  12 negative triangles
1098: dt=0.0412,  12 negative triangles
1099: dt=0.0412,  13 negative triangles
1100: dt=0.0412,  13 negative triangles
1101: dt=0.0412,  14 negative triangles
1102: dt=0.0412,  15 negative triangles
1103: dt=0.0412,  15 negative triangles
1104: dt=0.0412,  15 negative triangles
1105: dt=0.0412,  15 negative triangles
1106: dt=0.0391,  15 negative triangles
1107: dt=0.0391,  15 negative triangles
1108: dt=0.0391,  14 negative triangles
1109: dt=0.0391,  14 negative triangles
1110: dt=0.0391,  15 negative triangles
1111: dt=0.0391,  14 negative triangles
1112: dt=0.0391,  14 negative triangles
1113: dt=0.0391,  15 negative triangles
1114: dt=0.0391,  14 negative triangles
1115: dt=0.0391,  14 negative triangles
1116: dt=0.0371,  14 negative triangles
1117: dt=0.0371,  14 negative triangles
1118: dt=0.0371,  14 negative triangles
1119: dt=0.0371,  13 negative triangles
writing registered surface to ../surf/lh.sphere.reg...
1120: dt=0.0371,  14 negative triangles
1121: 14 negative triangles
registration took 0.15 hours
#VMPC# mris_register VmPeak  1622972
FSRUNTIME@ mris_register  0.1527 hours 16 threads

 ln -sf lh.sphere.reg lh.fsaverage.sphere.reg 

#--------------------------------------------
#@# Jacobian white lh Thu Mar 12 16:56:53 CET 2026
/out/sourcedata/freesurfer/sub-v1s20x0050273_ses-1/scripts

 mris_jacobian ../surf/lh.white.preaparc ../surf/lh.sphere.reg ../surf/lh.jacobian_white 

reading surface from ../surf/lh.white.preaparc...
writing curvature file ../surf/lh.jacobian_white
#--------------------------------------------
#@# AvgCurv lh Thu Mar 12 16:56:54 CET 2026
/out/sourcedata/freesurfer/sub-v1s20x0050273_ses-1/scripts

 mrisp_paint -a 5 /opt/freesurfer/average/lh.folding.atlas.acfb40.noaparc.i12.2016-08-02.tif#6 ../surf/lh.sphere.reg ../surf/lh.avg_curv 

averaging curvature patterns 5 times...
reading surface from ../surf/lh.sphere.reg...
reading template parameterization from /opt/freesurfer/average/lh.folding.atlas.acfb40.noaparc.i12.2016-08-02.tif...
writing curvature file to ../surf/lh.avg_curv...
#-----------------------------------------
#@# Cortical Parc lh Thu Mar 12 16:56:55 CET 2026
/out/sourcedata/freesurfer/sub-v1s20x0050273_ses-1/scripts

 mris_ca_label -l ../label/lh.cortex.label -aseg ../mri/aseg.presurf.mgz -seed 1234 sub-v1s20x0050273_ses-1 lh ../surf/lh.sphere.reg /opt/freesurfer/average/lh.DKaparc.atlas.acfb40.noaparc.i12.2016-08-02.gcs ../label/lh.aparc.annot 

setting seed for random number generator to 1234
using ../mri/aseg.presurf.mgz aseg volume to correct midline
7.3.2
  7.3.2
reading atlas from /opt/freesurfer/average/lh.DKaparc.atlas.acfb40.noaparc.i12.2016-08-02.gcs...
reading color table from GCSA file....
average std = 0.8   using min determinant for regularization = 0.006
0 singular and 342 ill-conditioned covariance matrices regularized
input 0: MEAN CURVATURE, flags 0, avgs 5, name mean_curvature
labeling surface...
1481 labels changed using aseg
relabeling using gibbs priors...
000:   3649 changed, 152995 examined...
001:    772 changed, 14976 examined...
002:    173 changed, 4423 examined...
003:     71 changed, 1078 examined...
004:     42 changed, 433 examined...
005:     14 changed, 247 examined...
006:      9 changed, 90 examined...
007:      3 changed, 48 examined...
008:      3 changed, 21 examined...
009:      4 changed, 17 examined...
010:      2 changed, 21 examined...
011:      2 changed, 14 examined...
012:      0 changed, 10 examined...
213 labels changed using aseg
000: 141 total segments, 96 labels (414 vertices) changed
001: 48 total segments, 3 labels (3 vertices) changed
002: 44 total segments, 4 labels (11 vertices) changed
003: 40 total segments, 0 labels (0 vertices) changed
10 filter iterations complete (10 requested, 5 changed)
rationalizing unknown annotations with cortex label
relabeling unknown label...
relabeling corpuscallosum label...
2547 vertices marked for relabeling...
2547 labels changed in reclassification.
writing output to ../label/lh.aparc.annot...
classification took 0 minutes and 12 seconds.
#--------------------------------------------
#@# WhiteSurfs lh Thu Mar 12 16:57:07 CET 2026
cd /out/sourcedata/freesurfer/sub-v1s20x0050273_ses-1/mri
mris_place_surface --adgws-in ../surf/autodet.gw.stats.lh.dat --seg aseg.presurf.mgz --threads 16 --wm wm.mgz --invol brain.finalsurfs.mgz --lh --i ../surf/lh.white.preaparc --o ../surf/lh.white --white --nsmooth 0 --rip-label ../label/lh.cortex.label --rip-bg --rip-surf ../surf/lh.white.preaparc --aparc ../label/lh.aparc.annot
7.3.2
7.3.2

cd /out/sourcedata/freesurfer/sub-v1s20x0050273_ses-1/mri
setenv SUBJECTS_DIR /out/sourcedata/freesurfer
mris_place_surface --adgws-in ../surf/autodet.gw.stats.lh.dat --seg aseg.presurf.mgz --threads 16 --wm wm.mgz --invol brain.finalsurfs.mgz --lh --i ../surf/lh.white.preaparc --o ../surf/lh.white --white --nsmooth 0 --rip-label ../label/lh.cortex.label --rip-bg --rip-surf ../surf/lh.white.preaparc --aparc ../label/lh.aparc.annot 

Reading in input surface ../surf/lh.white.preaparc
Not smoothing input surface
Area    305986  0.34051  0.11811 0.000096   2.0263
Corner  917958 60.00000 13.67287 0.154584 179.2074
Edge    458979  0.89775  0.19663 0.013370   3.5688
Hinge   458979 10.37725 11.74076 0.000033 179.9859
Reading in aparc ../label/lh.aparc.annot
Reading in input volume brain.finalsurfs.mgz
Reading in wm volume wm.mgz
MRIclipBrightWM(): nthresh=23154, wmmin=5, clip=110 
MRIfindBrightNonWM(): 2945 bright non-wm voxels segmented.
Masking bright non-wm for white surface
MRImask(): AllowDiffGeom = 1
MRImask(): AllowDiffGeom = 1
Reading in seg volume aseg.presurf.mgz
Ripping frozen voxels
Ripping vertices not in label ../label/lh.cortex.label
MRISripNotLabel() ripped 8597/152995 vertices (144398 unripped)
Reading in ripping surface ../surf/lh.white.preaparc
Reading in aparc ../label/lh.aparc.annot for ripsurf
Ripping BG
MRISripBasalGanglia(): 1 -2 2 0.5 ripped 507
Ripping segs (eg, WMSA, BG, frozen)
Starting MRISripSegs() d = (-2 2 0.5) segnos: 247 
MRISripSegs(): -2 2 0.5 ripped 0
vertex 76498: xyz = (-52.3897,-5.19524,-22.4794) oxyz = (-52.3897,-5.19524,-22.4794) wxzy = (-52.3897,-5.19524,-22.4794) pxyz = (0,0,0) 
CBVO Creating mask 152995
n_averages 4
Iteration 0 =========================================
n_averages=4, current_sigma=2
Computing target border values 
Entering MRIScomputeBorderValues_new(): 
  inside_hi   = 120.0000000;
  border_hi   = 110.7320330;
  border_low  =  69.0000000;
  outside_low =  58.4498520;
  outside_hi  = 110.7320330;
  sigma = 2;
  max_thickness = 10;
  step_size=0.5;
  STEP_SIZE=0.1;
  which = 1
  thresh = 0
  flags = 0
  CBVfindFirstPeakD1=0
  CBVfindFirstPeakD2=0
  nvertices=152995
  Gdiag_no=-1
  vno start=0, stop=152995
Replacing 255s with 0s
#SI# sigma=2 had to be increased for 187 vertices, nripped=9104
mean border=81.2, 213 (213) missing vertices, mean dist 0.3 [0.8 (%20.2)->0.6 (%79.8))]
%72 local maxima, %22 large gradients and % 0 min vals, 0 gradients ignored
nFirstPeakD1 0
MRIScomputeBorderValues_new() finished in 0.0178 min


Finding expansion regions
mean absolute distance = 0.59 +- 0.95
3504 vertices more than 2 sigmas from mean.
Averaging target values for 5 iterations...
Positioning Surface: tspring = 0.3, nspring = 0.3, spring = 0, niters = 100 l_repulse = 5, l_surf_repulse = 0, checktol = 0
Positioning pial surface
Entering MRISpositionSurface()
  max_mm = 0.3
  MAX_REDUCTIONS = 2, REDUCTION_PCT = 0.5
  parms->check_tol = 0, niterations = 100
tol=1.0e-04, sigma=2.0, host=dna05, nav=4, nbrs=2, l_repulse=5.000, l_tspring=0.300, l_nspring=0.300, l_intensity=0.200, l_curv=1.000
mom=0.00, dt=0.50
complete_dist_mat 0
rms 0
smooth_averages 0
remove_neg 0
ico_order 0
which_surface 0
target_radius 0.000000
nfields 0
scale 0.000000
desired_rms_height 0.000000
momentum 0.000000
nbhd_size 0
max_nbrs 0
niterations 100
nsurfaces 0
SURFACES 3
flags 0 (0)
use curv 0
no sulc 0
no rigid align 0
mris->nsize 2
mris->hemisphere 0
randomSeed 0

000: dt: 0.0000, sse=1501272.8, rms=6.668
001: dt: 0.5000, sse=719380.9, rms=4.124 (38.154%)
002: dt: 0.5000, sse=518882.4, rms=3.136 (23.939%)
003: dt: 0.5000, sse=460426.0, rms=2.844 (9.327%)
004: dt: 0.5000, sse=429905.1, rms=2.667 (6.215%)
rms = 2.6967/2.6672, sse=435654.1/429905.1, time step reduction 1 of 3 to 0.250  0 1 1
   RMS increased, rejecting step
005: dt: 0.2500, sse=328809.6, rms=1.888 (29.211%)
006: dt: 0.2500, sse=294717.2, rms=1.486 (21.313%)
007: dt: 0.2500, sse=285405.7, rms=1.360 (8.445%)
rms = 1.3240/1.3602, sse=285694.3/285405.7, time step reduction 2 of 3 to 0.125  0 1 1
008: dt: 0.2500, sse=285694.3, rms=1.324 (2.661%)
009: dt: 0.1250, sse=276683.6, rms=1.272 (3.943%)
rms = 1.2508/1.2718, sse=274480.2/276683.6, time step reduction 3 of 3 to 0.062  0 0 1
010: dt: 0.1250, sse=274480.2, rms=1.251 (1.650%)
  maximum number of reductions reached, breaking from loop
positioning took 1.2 minutes
Iteration 1 =========================================
n_averages=2, current_sigma=1
Computing target border values 
Entering MRIScomputeBorderValues_new(): 
  inside_hi   = 120.0000000;
  border_hi   = 110.7320330;
  border_low  =  69.0000000;
  outside_low =  58.4498520;
  outside_hi  = 110.7320330;
  sigma = 1;
  max_thickness = 10;
  step_size=0.5;
  STEP_SIZE=0.1;
  which = 1
  thresh = 0
  flags = 0
  CBVfindFirstPeakD1=0
  CBVfindFirstPeakD2=0
  nvertices=152995
  Gdiag_no=-1
  vno start=0, stop=152995
Replacing 255s with 0s
#SI# sigma=1 had to be increased for 164 vertices, nripped=9104
mean border=83.7, 173 (69) missing vertices, mean dist -0.2 [0.4 (%68.4)->0.3 (%31.6))]
%79 local maxima, %15 large gradients and % 0 min vals, 0 gradients ignored
nFirstPeakD1 0
MRIScomputeBorderValues_new() finished in 0.0125 min


Finding expansion regions
mean absolute distance = 0.39 +- 0.70
4184 vertices more than 2 sigmas from mean.
Averaging target values for 5 iterations...
Positioning Surface: tspring = 0.3, nspring = 0.3, spring = 0, niters = 100 l_repulse = 5, l_surf_repulse = 0, checktol = 0
Positioning pial surface
Entering MRISpositionSurface()
  max_mm = 0.3
  MAX_REDUCTIONS = 2, REDUCTION_PCT = 0.5
  parms->check_tol = 0, niterations = 100
tol=1.0e-04, sigma=1.0, host=dna05, nav=2, nbrs=2, l_repulse=5.000, l_tspring=0.300, l_nspring=0.300, l_intensity=0.200, l_curv=1.000
mom=0.00, dt=0.50
000: dt: 0.0000, sse=694081.9, rms=3.957
011: dt: 0.5000, sse=442698.0, rms=2.601 (34.263%)
012: dt: 0.5000, sse=417443.3, rms=2.432 (6.490%)
rms = 2.4274/2.4324, sse=413302.7/417443.3, time step reduction 1 of 3 to 0.250  0 0 1
013: dt: 0.5000, sse=413302.7, rms=2.427 (0.206%)
014: dt: 0.2500, sse=298366.0, rms=1.361 (43.922%)
015: dt: 0.2500, sse=283095.2, rms=1.154 (15.195%)
rms = 1.1150/1.1544, sse=281491.5/283095.2, time step reduction 2 of 3 to 0.125  0 0 1
016: dt: 0.2500, sse=281491.5, rms=1.115 (3.414%)
rms = 1.0522/1.1150, sse=281506.6/281491.5, time step reduction 3 of 3 to 0.062  0 1 0
017: dt: 0.1250, sse=281506.6, rms=1.052 (5.625%)
  maximum number of reductions reached, breaking from loop
positioning took 0.7 minutes
Iteration 2 =========================================
n_averages=1, current_sigma=0.5
Computing target border values 
Entering MRIScomputeBorderValues_new(): 
  inside_hi   = 120.0000000;
  border_hi   = 110.7320330;
  border_low  =  69.0000000;
  outside_low =  58.4498520;
  outside_hi  = 110.7320330;
  sigma = 0.5;
  max_thickness = 10;
  step_size=0.5;
  STEP_SIZE=0.1;
  which = 1
  thresh = 0
  flags = 0
  CBVfindFirstPeakD1=0
  CBVfindFirstPeakD2=0
  nvertices=152995
  Gdiag_no=-1
  vno start=0, stop=152995
Replacing 255s with 0s
#SI# sigma=0.5 had to be increased for 194 vertices, nripped=9104
mean border=85.2, 191 (37) missing vertices, mean dist -0.1 [0.3 (%64.0)->0.2 (%36.0))]
%84 local maxima, %10 large gradients and % 0 min vals, 0 gradients ignored
nFirstPeakD1 0
MRIScomputeBorderValues_new() finished in 0.0095 min


Finding expansion regions
mean absolute distance = 0.30 +- 0.53
4068 vertices more than 2 sigmas from mean.
Averaging target values for 5 iterations...
Positioning Surface: tspring = 0.3, nspring = 0.3, spring = 0, niters = 100 l_repulse = 5, l_surf_repulse = 0, checktol = 0
Positioning pial surface
Entering MRISpositionSurface()
  max_mm = 0.3
  MAX_REDUCTIONS = 2, REDUCTION_PCT = 0.5
  parms->check_tol = 0, niterations = 100
tol=1.0e-04, sigma=0.5, host=dna05, nav=1, nbrs=2, l_repulse=5.000, l_tspring=0.300, l_nspring=0.300, l_intensity=0.200, l_curv=1.000
mom=0.00, dt=0.50
000: dt: 0.0000, sse=429690.3, rms=2.552
018: dt: 0.5000, sse=373497.0, rms=2.082 (18.392%)
rms = 2.1854/2.0822, sse=383428.7/373497.0, time step reduction 1 of 3 to 0.250  0 1 1
   RMS increased, rejecting step
019: dt: 0.2500, sse=301441.0, rms=1.445 (30.606%)
020: dt: 0.2500, sse=282136.8, rms=1.146 (20.707%)
021: dt: 0.2500, sse=273305.6, rms=1.047 (8.654%)
rms = 1.0465/1.0466, sse=275747.2/273305.6, time step reduction 2 of 3 to 0.125  0 1 1
022: dt: 0.2500, sse=275747.2, rms=1.047 (0.006%)
023: dt: 0.1250, sse=268706.9, rms=0.972 (7.092%)
rms = 0.9569/0.9723, sse=262467.0/268706.9, time step reduction 3 of 3 to 0.062  0 0 1
024: dt: 0.1250, sse=262467.0, rms=0.957 (1.581%)
  maximum number of reductions reached, breaking from loop
positioning took 0.8 minutes
Iteration 3 =========================================
n_averages=0, current_sigma=0.25
Computing target border values 
Entering MRIScomputeBorderValues_new(): 
  inside_hi   = 120.0000000;
  border_hi   = 110.7320330;
  border_low  =  69.0000000;
  outside_low =  58.4498520;
  outside_hi  = 110.7320330;
  sigma = 0.25;
  max_thickness = 10;
  step_size=0.5;
  STEP_SIZE=0.1;
  which = 1
  thresh = 0
  flags = 0
  CBVfindFirstPeakD1=0
  CBVfindFirstPeakD2=0
  nvertices=152995
  Gdiag_no=-1
  vno start=0, stop=152995
Replacing 255s with 0s
#SI# sigma=0.25 had to be increased for 188 vertices, nripped=9104
mean border=85.8, 208 (31) missing vertices, mean dist -0.1 [0.3 (%54.4)->0.2 (%45.6))]
%86 local maxima, % 8 large gradients and % 0 min vals, 0 gradients ignored
nFirstPeakD1 0
MRIScomputeBorderValues_new() finished in 0.0066 min


Finding expansion regions
mean absolute distance = 0.28 +- 0.44
4429 vertices more than 2 sigmas from mean.
Averaging target values for 5 iterations...
Positioning Surface: tspring = 0.3, nspring = 0.3, spring = 0, niters = 100 l_repulse = 5, l_surf_repulse = 0, checktol = 0
Positioning pial surface
Entering MRISpositionSurface()
  max_mm = 0.3
  MAX_REDUCTIONS = 2, REDUCTION_PCT = 0.5
  parms->check_tol = 0, niterations = 100
tol=1.0e-04, sigma=0.2, host=dna05, nav=0, nbrs=2, l_repulse=5.000, l_tspring=0.300, l_nspring=0.300, l_intensity=0.200, l_curv=1.000
mom=0.00, dt=0.50
000: dt: 0.0000, sse=298107.5, rms=1.504
rms = 1.4992/1.5045, sse=308387.2/298107.5, time step reduction 1 of 3 to 0.250  0 1 1
025: dt: 0.5000, sse=308387.2, rms=1.499 (0.351%)
026: dt: 0.2500, sse=265869.8, rms=1.019 (32.045%)
027: dt: 0.2500, sse=259483.1, rms=0.948 (6.968%)
rms = 0.9833/0.9478, sse=261855.5/259483.1, time step reduction 2 of 3 to 0.125  0 1 1
   RMS increased, rejecting step
028: dt: 0.1250, sse=255554.6, rms=0.877 (7.456%)
029: dt: 0.1250, sse=251665.6, rms=0.786 (10.351%)
rms = 0.7726/0.7863, sse=250295.9/251665.6, time step reduction 3 of 3 to 0.062  0 0 1
030: dt: 0.1250, sse=250295.9, rms=0.773 (1.750%)
  maximum number of reductions reached, breaking from loop
positioning took 0.7 minutes


Writing output to ../surf/lh.white
#ET# mris_place_surface  3.46 minutes
#VMPC# mris_place_surfaces VmPeak  3245272
mris_place_surface done
#--------------------------------------------
#@# T1PialSurf lh Thu Mar 12 17:00:43 CET 2026
cd /out/sourcedata/freesurfer/sub-v1s20x0050273_ses-1/mri
mris_place_surface --adgws-in ../surf/autodet.gw.stats.lh.dat --seg aseg.presurf.mgz --threads 16 --wm wm.mgz --invol brain.finalsurfs.mgz --lh --i ../surf/lh.white --o ../surf/lh.pial.T1 --pial --nsmooth 0 --rip-label ../label/lh.cortex+hipamyg.label --pin-medial-wall ../label/lh.cortex.label --aparc ../label/lh.aparc.annot --repulse-surf ../surf/lh.white --white-surf ../surf/lh.white
7.3.2
7.3.2

cd /out/sourcedata/freesurfer/sub-v1s20x0050273_ses-1/mri
setenv SUBJECTS_DIR /out/sourcedata/freesurfer
mris_place_surface --adgws-in ../surf/autodet.gw.stats.lh.dat --seg aseg.presurf.mgz --threads 16 --wm wm.mgz --invol brain.finalsurfs.mgz --lh --i ../surf/lh.white --o ../surf/lh.pial.T1 --pial --nsmooth 0 --rip-label ../label/lh.cortex+hipamyg.label --pin-medial-wall ../label/lh.cortex.label --aparc ../label/lh.aparc.annot --repulse-surf ../surf/lh.white --white-surf ../surf/lh.white 

Reading in input surface ../surf/lh.white
Not smoothing input surface
Area    305986  0.34338  0.12954 0.000937   2.8003
Corner  917958 60.00000 14.65642 0.301870 179.3283
Edge    458979  0.90258  0.21223 0.012748   3.6614
Hinge   458979 10.32455 11.64569 0.000006 179.9683
Reading white surface coordinates from ../surf/lh.white
Reading repulsion surface coordinates from ../surf/lh.white
Reading in aparc ../label/lh.aparc.annot
Reading in input volume brain.finalsurfs.mgz
Reading in wm volume wm.mgz
MRIclipBrightWM(): nthresh=23154, wmmin=5, clip=110 
MRIfindBrightNonWM(): 2945 bright non-wm voxels segmented.
Masking bright non-wm for pial surface mid_gray = 66.3088
MRImask(): AllowDiffGeom = 1
MRImask(): AllowDiffGeom = 1
MRImask(): AllowDiffGeom = 1
Reading in seg volume aseg.presurf.mgz
Ripping frozen voxels
Ripping vertices not in label ../label/lh.cortex+hipamyg.label
MRISripNotLabel() ripped 6331/152995 vertices (146664 unripped)
INFO: rip surface needed but not specified, so using input surface
Ripping segs (eg, WMSA, BG, frozen)
Starting MRISripSegs() d = (-2 2 0.5) segnos: 247 
MRISripSegs(): -2 2 0.5 ripped 0
vertex 76498: xyz = (-52.2457,-5.11018,-22.4784) oxyz = (-52.2457,-5.11018,-22.4784) wxzy = (-52.2457,-5.11018,-22.4784) pxyz = (-52.2457,-5.11018,-22.4784) 
CBVO Creating mask 152995
n_averages 16
Iteration 0 =========================================
n_averages=16, current_sigma=2
Computing target border values 
Entering MRIScomputeBorderValues_new(): 
  inside_hi   =  95.2679670;
  border_hi   =  58.4498520;
  border_low  =  37.3495560;
  outside_low =  10.0000000;
  outside_hi  =  53.1747780;
  sigma = 2;
  max_thickness = 10;
  step_size=0.5;
  STEP_SIZE=0.1;
  which = 2
  thresh = 0
  flags = 0
  CBVfindFirstPeakD1=0
  CBVfindFirstPeakD2=0
  nvertices=152995
  Gdiag_no=-1
  vno start=0, stop=152995
Replacing 255s with 0s
#SI# sigma=2 had to be increased for 211 vertices, nripped=6331
mean border=57.3, 214 (214) missing vertices, mean dist 1.5 [0.7 (%0.0)->3.0 (%100.0))]
% 9 local maxima, %38 large gradients and %48 min vals, 0 gradients ignored
nFirstPeakD1 0
MRIScomputeBorderValues_new() finished in 0.0173 min


Averaging target values for 5 iterations...
Positioning Surface: tspring = 0.3, nspring = 0.3, spring = 0, niters = 100 l_repulse = 0, l_surf_repulse = 5, checktol = 0
Positioning pial surface
Entering MRISpositionSurface()
  max_mm = 0.3
  MAX_REDUCTIONS = 2, REDUCTION_PCT = 0.5
  parms->check_tol = 0, niterations = 100
tol=1.0e-04, sigma=2.0, host=dna05, nav=16, nbrs=2, l_surf_repulse=5.000, l_tspring=0.300, l_nspring=0.300, l_intensity=0.200, l_curv=1.000
mom=0.00, dt=0.50
complete_dist_mat 0
rms 0
smooth_averages 0
remove_neg 0
ico_order 0
which_surface 0
target_radius 0.000000
nfields 0
scale 0.000000
desired_rms_height 0.000000
momentum 0.000000
nbhd_size 0
max_nbrs 0
niterations 100
nsurfaces 0
SURFACES 3
flags 0 (0)
use curv 0
no sulc 0
no rigid align 0
mris->nsize 2
mris->hemisphere 0
randomSeed 0

000: dt: 0.0000, sse=25307394.0, rms=29.264
001: dt: 0.5000, sse=17938608.0, rms=24.592 (15.964%)
002: dt: 0.5000, sse=12575627.0, rms=20.533 (16.505%)
003: dt: 0.5000, sse=9009237.0, rms=17.314 (15.681%)
004: dt: 0.5000, sse=6759090.5, rms=14.927 (13.784%)
005: dt: 0.5000, sse=5304626.5, rms=13.154 (11.877%)
006: dt: 0.5000, sse=4293300.5, rms=11.763 (10.574%)
007: dt: 0.5000, sse=3525439.0, rms=10.584 (10.023%)
008: dt: 0.5000, sse=2880906.0, rms=9.481 (10.427%)
009: dt: 0.5000, sse=2333791.8, rms=8.430 (11.077%)
010: dt: 0.5000, sse=1873198.0, rms=7.432 (11.848%)
011: dt: 0.5000, sse=1536963.6, rms=6.607 (11.098%)
012: dt: 0.5000, sse=1298241.8, rms=5.951 (9.934%)
013: dt: 0.5000, sse=1139684.5, rms=5.470 (8.072%)
014: dt: 0.5000, sse=1035334.9, rms=5.127 (6.270%)
015: dt: 0.5000, sse=972738.4, rms=4.909 (4.265%)
016: dt: 0.5000, sse=928894.8, rms=4.747 (3.284%)
017: dt: 0.5000, sse=902988.2, rms=4.648 (2.100%)
018: dt: 0.5000, sse=882597.3, rms=4.567 (1.731%)
019: dt: 0.5000, sse=870500.6, rms=4.517 (1.104%)
020: dt: 0.5000, sse=856707.0, rms=4.460 (1.263%)
rms = 4.4156/4.4598, sse=846325.5/856707.0, time step reduction 1 of 3 to 0.250  0 0 1
021: dt: 0.5000, sse=846325.4, rms=4.416 (0.990%)
022: dt: 0.2500, sse=725803.4, rms=3.903 (11.621%)
023: dt: 0.2500, sse=697596.0, rms=3.774 (3.296%)
rms = 3.7625/3.7739, sse=695573.3/697596.0, time step reduction 2 of 3 to 0.125  0 0 1
024: dt: 0.2500, sse=695573.4, rms=3.762 (0.301%)
025: dt: 0.1250, sse=668394.7, rms=3.633 (3.438%)
rms = 3.6024/3.6331, sse=662155.8/668394.7, time step reduction 3 of 3 to 0.062  0 0 1
026: dt: 0.1250, sse=662155.8, rms=3.602 (0.845%)
  maximum number of reductions reached, breaking from loop
positioning took 2.4 minutes
Iteration 1 =========================================
n_averages=8, current_sigma=1
Computing target border values 
Entering MRIScomputeBorderValues_new(): 
  inside_hi   =  95.2679670;
  border_hi   =  58.4498520;
  border_low  =  37.3495560;
  outside_low =  10.0000000;
  outside_hi  =  53.1747780;
  sigma = 1;
  max_thickness = 10;
  step_size=0.5;
  STEP_SIZE=0.1;
  which = 2
  thresh = 0
  flags = 0
  CBVfindFirstPeakD1=0
  CBVfindFirstPeakD2=0
  nvertices=152995
  Gdiag_no=-1
  vno start=0, stop=152995
Replacing 255s with 0s
#SI# sigma=1 had to be increased for 14082 vertices, nripped=6331
mean border=56.3, 2586 (46) missing vertices, mean dist 0.1 [0.2 (%53.0)->0.7 (%47.0))]
%16 local maxima, %35 large gradients and %43 min vals, 0 gradients ignored
nFirstPeakD1 0
MRIScomputeBorderValues_new() finished in 0.0043 min


Averaging target values for 5 iterations...
Positioning Surface: tspring = 0.3, nspring = 0.3, spring = 0, niters = 100 l_repulse = 0, l_surf_repulse = 5, checktol = 0
Positioning pial surface
Entering MRISpositionSurface()
  max_mm = 0.3
  MAX_REDUCTIONS = 2, REDUCTION_PCT = 0.5
  parms->check_tol = 0, niterations = 100
tol=1.0e-04, sigma=1.0, host=dna05, nav=8, nbrs=2, l_surf_repulse=5.000, l_tspring=0.300, l_nspring=0.300, l_intensity=0.200, l_curv=1.000
mom=0.00, dt=0.50
000: dt: 0.0000, sse=850910.8, rms=4.154
rms = 4.2602/4.1536, sse=876851.0/850910.8, time step reduction 1 of 3 to 0.250  0 1 1
   RMS increased, rejecting step
027: dt: 0.2500, sse=793748.5, rms=3.909 (5.891%)
028: dt: 0.2500, sse=756783.1, rms=3.742 (4.274%)
rms = 3.7249/3.7418, sse=752992.8/756783.1, time step reduction 2 of 3 to 0.125  0 0 1
029: dt: 0.2500, sse=752992.8, rms=3.725 (0.452%)
030: dt: 0.1250, sse=720730.8, rms=3.570 (4.155%)
rms = 3.5307/3.5701, sse=712633.7/720730.8, time step reduction 3 of 3 to 0.062  0 0 1
031: dt: 0.1250, sse=712633.8, rms=3.531 (1.105%)
  maximum number of reductions reached, breaking from loop
positioning took 0.5 minutes
Iteration 2 =========================================
n_averages=4, current_sigma=0.5
Computing target border values 
Entering MRIScomputeBorderValues_new(): 
  inside_hi   =  95.2679670;
  border_hi   =  58.4498520;
  border_low  =  37.3495560;
  outside_low =  10.0000000;
  outside_hi  =  53.1747780;
  sigma = 0.5;
  max_thickness = 10;
  step_size=0.5;
  STEP_SIZE=0.1;
  which = 2
  thresh = 0
  flags = 0
  CBVfindFirstPeakD1=0
  CBVfindFirstPeakD2=0
  nvertices=152995
  Gdiag_no=-1
  vno start=0, stop=152995
Replacing 255s with 0s
#SI# sigma=0.5 had to be increased for 15659 vertices, nripped=6331
mean border=55.8, 3390 (36) missing vertices, mean dist 0.1 [0.2 (%49.7)->0.6 (%50.3))]
%24 local maxima, %27 large gradients and %43 min vals, 0 gradients ignored
nFirstPeakD1 0
MRIScomputeBorderValues_new() finished in 0.0026 min


Averaging target values for 5 iterations...
Positioning Surface: tspring = 0.3, nspring = 0.3, spring = 0, niters = 100 l_repulse = 0, l_surf_repulse = 5, checktol = 0
Positioning pial surface
Entering MRISpositionSurface()
  max_mm = 0.3
  MAX_REDUCTIONS = 2, REDUCTION_PCT = 0.5
  parms->check_tol = 0, niterations = 100
tol=1.0e-04, sigma=0.5, host=dna05, nav=4, nbrs=2, l_surf_repulse=5.000, l_tspring=0.300, l_nspring=0.300, l_intensity=0.200, l_curv=1.000
mom=0.00, dt=0.50
000: dt: 0.0000, sse=757270.2, rms=3.731
rms = 4.0120/3.7311, sse=819083.4/757270.2, time step reduction 1 of 3 to 0.250  0 1 1
   RMS increased, rejecting step
032: dt: 0.2500, sse=732004.8, rms=3.613 (3.171%)
rms = 3.5783/3.6128, sse=724201.0/732004.7, time step reduction 2 of 3 to 0.125  0 0 1
033: dt: 0.2500, sse=724201.0, rms=3.578 (0.956%)
034: dt: 0.1250, sse=713852.2, rms=3.526 (1.449%)
rms = 3.4929/3.5264, sse=706847.0/713852.2, time step reduction 3 of 3 to 0.062  0 0 1
035: dt: 0.1250, sse=706847.0, rms=3.493 (0.950%)
  maximum number of reductions reached, breaking from loop
positioning took 0.4 minutes
Iteration 3 =========================================
n_averages=2, current_sigma=0.25
Computing target border values 
Entering MRIScomputeBorderValues_new(): 
  inside_hi   =  95.2679670;
  border_hi   =  58.4498520;
  border_low  =  37.3495560;
  outside_low =  10.0000000;
  outside_hi  =  53.1747780;
  sigma = 0.25;
  max_thickness = 10;
  step_size=0.5;
  STEP_SIZE=0.1;
  which = 2
  thresh = 0
  flags = 0
  CBVfindFirstPeakD1=0
  CBVfindFirstPeakD2=0
  nvertices=152995
  Gdiag_no=-1
  vno start=0, stop=152995
Replacing 255s with 0s
#SI# sigma=0.25 had to be increased for 13138 vertices, nripped=6331
mean border=55.3, 7384 (34) missing vertices, mean dist 0.1 [0.2 (%49.2)->0.4 (%50.8))]
%28 local maxima, %22 large gradients and %41 min vals, 0 gradients ignored
nFirstPeakD1 0
MRIScomputeBorderValues_new() finished in 0.0018 min


Averaging target values for 5 iterations...
Positioning Surface: tspring = 0.3, nspring = 0.3, spring = 0, niters = 100 l_repulse = 0, l_surf_repulse = 5, checktol = 0
Positioning pial surface
Entering MRISpositionSurface()
  max_mm = 0.3
  MAX_REDUCTIONS = 2, REDUCTION_PCT = 0.5
  parms->check_tol = 0, niterations = 100
tol=1.0e-04, sigma=0.2, host=dna05, nav=2, nbrs=2, l_surf_repulse=5.000, l_tspring=0.300, l_nspring=0.300, l_intensity=0.200, l_curv=1.000
mom=0.00, dt=0.50
000: dt: 0.0000, sse=733808.6, rms=3.616
rms = 3.8109/3.6158, sse=773085.8/733808.6, time step reduction 1 of 3 to 0.250  0 1 1
   RMS increased, rejecting step
036: dt: 0.2500, sse=713052.8, rms=3.517 (2.746%)
037: dt: 0.2500, sse=700410.6, rms=3.461 (1.581%)
rms = 3.4455/3.4609, sse=696510.1/700410.6, time step reduction 2 of 3 to 0.125  0 0 1
038: dt: 0.2500, sse=696510.1, rms=3.446 (0.445%)
039: dt: 0.1250, sse=672506.8, rms=3.323 (3.563%)
rms = 3.2756/3.3228, sse=663089.3/672506.8, time step reduction 3 of 3 to 0.062  0 0 1
040: dt: 0.1250, sse=663089.3, rms=3.276 (1.421%)
  maximum number of reductions reached, breaking from loop
positioning took 0.5 minutes
Pinning medial wall to white surface
removing intersecting faces
000: 24 intersecting
001: 9 intersecting
002: 4 intersecting
terminating search with 0 intersecting


Writing output to ../surf/lh.pial.T1
#ET# mris_place_surface  4.05 minutes
#VMPC# mris_place_surfaces VmPeak  2503000
mris_place_surface done
#@# white curv lh Thu Mar 12 17:04:53 CET 2026
cd /out/sourcedata/freesurfer/sub-v1s20x0050273_ses-1/mri
mris_place_surface --curv-map ../surf/lh.white 2 10 ../surf/lh.curv
insurf  ../surf/lh.white, nbrs 2, curvature_avgs 10
writing curvature file ../surf/lh.curv
#@# white area lh Thu Mar 12 17:04:55 CET 2026
cd /out/sourcedata/freesurfer/sub-v1s20x0050273_ses-1/mri
mris_place_surface --area-map ../surf/lh.white ../surf/lh.area
writing curvature file ../surf/lh.area
#@# pial curv lh Thu Mar 12 17:04:56 CET 2026
cd /out/sourcedata/freesurfer/sub-v1s20x0050273_ses-1/mri
mris_place_surface --curv-map ../surf/lh.pial 2 10 ../surf/lh.curv.pial
insurf  ../surf/lh.pial, nbrs 2, curvature_avgs 10
writing curvature file ../surf/lh.curv.pial
#@# pial area lh Thu Mar 12 17:04:58 CET 2026
cd /out/sourcedata/freesurfer/sub-v1s20x0050273_ses-1/mri
mris_place_surface --area-map ../surf/lh.pial ../surf/lh.area.pial
writing curvature file ../surf/lh.area.pial
#@# thickness lh Thu Mar 12 17:04:59 CET 2026
cd /out/sourcedata/freesurfer/sub-v1s20x0050273_ses-1/mri
mris_place_surface --thickness ../surf/lh.white ../surf/lh.pial 20 5 ../surf/lh.thickness
0 of 152995 vertices processed
25000 of 152995 vertices processed
50000 of 152995 vertices processed
75000 of 152995 vertices processed
100000 of 152995 vertices processed
125000 of 152995 vertices processed
150000 of 152995 vertices processed
0 of 152995 vertices processed
25000 of 152995 vertices processed
50000 of 152995 vertices processed
75000 of 152995 vertices processed
100000 of 152995 vertices processed
125000 of 152995 vertices processed
150000 of 152995 vertices processed
thickness calculation complete, 381:1628 truncations.
62232 vertices at 0 distance
120187 vertices at 1 distance
74129 vertices at 2 distance
29459 vertices at 3 distance
11221 vertices at 4 distance
4617 vertices at 5 distance
1962 vertices at 6 distance
876 vertices at 7 distance
407 vertices at 8 distance
233 vertices at 9 distance
152 vertices at 10 distance
102 vertices at 11 distance
73 vertices at 12 distance
49 vertices at 13 distance
55 vertices at 14 distance
43 vertices at 15 distance
34 vertices at 16 distance
32 vertices at 17 distance
48 vertices at 18 distance
26 vertices at 19 distance
53 vertices at 20 distance
writing curvature file ../surf/lh.thickness
#@# area and vertex vol lh Thu Mar 12 17:05:34 CET 2026
cd /out/sourcedata/freesurfer/sub-v1s20x0050273_ses-1/mri
mris_place_surface --thickness ../surf/lh.white ../surf/lh.pial 20 5 ../surf/lh.thickness
/out/sourcedata/freesurfer/sub-v1s20x0050273_ses-1/surf
mris_calc -o lh.area.mid lh.area add lh.area.pial
Saving result to 'lh.area.mid' (type = MRI_CURV_FILE)                       [ ok ]
mris_calc -o lh.area.mid lh.area.mid div 2
Saving result to 'lh.area.mid' (type = MRI_CURV_FILE)                       [ ok ]
mris_convert --volume sub-v1s20x0050273_ses-1 lh /out/sourcedata/freesurfer/sub-v1s20x0050273_ses-1/surf/lh.volume
masking with /out/sourcedata/freesurfer/sub-v1s20x0050273_ses-1/label/lh.cortex.label
Total face volume 287081
Total vertex volume 286873 (mask=0)
#@# sub-v1s20x0050273_ses-1 lh 286873
 
vertexvol Done

#-----------------------------------------
#@# Curvature Stats lh Thu Mar 12 17:05:36 CET 2026
/out/sourcedata/freesurfer/sub-v1s20x0050273_ses-1/surf

 mris_curvature_stats -m --writeCurvatureFiles -G -o ../stats/lh.curv.stats -F smoothwm sub-v1s20x0050273_ses-1 lh curv sulc 

             Toggling save flag on curvature files                       [ ok ]
                 Outputting results using filestem   [ ../stats/lh.curv.stats ]
             Toggling save flag on curvature files                       [ ok ]
                                   Setting surface [ sub-v1s20x0050273_ses-1/lh.smoothwm ]
                                Reading surface...                       [ ok ]
                                   Setting texture                     [ curv ]
                                Reading texture...                       [ ok ]
                                   Setting texture                     [ sulc ]
                                Reading texture...Gb_filter = 0
                       [ ok ]
      Calculating Discrete Principal Curvatures...
      Determining geometric order for vno faces... [####################] [ ok ]
                      Determining KH curvatures... [####################] [ ok ]
                    Determining k1k2 curvatures... [####################] [ ok ]
                                   deltaViolations                      [ 292 ]
Gb_filter = 0

WARN:    S lookup   min:                          -0.141083
WARN:    S explicit min:                          0.000000	vertex = 17
#-----------------------------------------
#@# Cortical Parc 2 lh Thu Mar 12 17:05:39 CET 2026
/out/sourcedata/freesurfer/sub-v1s20x0050273_ses-1/scripts

 mris_ca_label -l ../label/lh.cortex.label -aseg ../mri/aseg.presurf.mgz -seed 1234 sub-v1s20x0050273_ses-1 lh ../surf/lh.sphere.reg /opt/freesurfer/average/lh.CDaparc.atlas.acfb40.noaparc.i12.2016-08-02.gcs ../label/lh.aparc.a2009s.annot 

setting seed for random number generator to 1234
using ../mri/aseg.presurf.mgz aseg volume to correct midline
7.3.2
  7.3.2
reading atlas from /opt/freesurfer/average/lh.CDaparc.atlas.acfb40.noaparc.i12.2016-08-02.gcs...
reading color table from GCSA file....
average std = 3.0   using min determinant for regularization = 0.088
0 singular and 0 ill-conditioned covariance matrices regularized
input 0: MEAN CURVATURE, flags 0, avgs 5, name mean_curvature
labeling surface...
29 labels changed using aseg
relabeling using gibbs priors...
000:  10104 changed, 152995 examined...
001:   2306 changed, 38943 examined...
002:    648 changed, 12246 examined...
003:    288 changed, 3804 examined...
004:    150 changed, 1693 examined...
005:     71 changed, 868 examined...
006:     35 changed, 417 examined...
007:     23 changed, 208 examined...
008:      6 changed, 131 examined...
009:      3 changed, 37 examined...
010:      3 changed, 17 examined...
011:      2 changed, 14 examined...
012:      2 changed, 11 examined...
013:      2 changed, 11 examined...
014:      3 changed, 12 examined...
015:      3 changed, 15 examined...
016:      3 changed, 15 examined...
017:      2 changed, 12 examined...
018:      1 changed, 10 examined...
019:      1 changed, 7 examined...
020:      1 changed, 8 examined...
021:      1 changed, 6 examined...
022:      1 changed, 8 examined...
023:      1 changed, 7 examined...
024:      4 changed, 8 examined...
025:      3 changed, 15 examined...
026:      0 changed, 17 examined...
6 labels changed using aseg
000: 265 total segments, 177 labels (2467 vertices) changed
001: 97 total segments, 11 labels (44 vertices) changed
002: 87 total segments, 1 labels (6 vertices) changed
003: 86 total segments, 0 labels (0 vertices) changed
10 filter iterations complete (10 requested, 43 changed)
rationalizing unknown annotations with cortex label
relabeling Medial_wall label...
1533 vertices marked for relabeling...
1533 labels changed in reclassification.
writing output to ../label/lh.aparc.a2009s.annot...
classification took 0 minutes and 16 seconds.
#-----------------------------------------
#@# Cortical Parc 3 lh Thu Mar 12 17:05:55 CET 2026
/out/sourcedata/freesurfer/sub-v1s20x0050273_ses-1/scripts

 mris_ca_label -l ../label/lh.cortex.label -aseg ../mri/aseg.presurf.mgz -seed 1234 sub-v1s20x0050273_ses-1 lh ../surf/lh.sphere.reg /opt/freesurfer/average/lh.DKTaparc.atlas.acfb40.noaparc.i12.2016-08-02.gcs ../label/lh.aparc.DKTatlas.annot 

setting seed for random number generator to 1234
using ../mri/aseg.presurf.mgz aseg volume to correct midline
7.3.2
  7.3.2
reading atlas from /opt/freesurfer/average/lh.DKTaparc.atlas.acfb40.noaparc.i12.2016-08-02.gcs...
reading color table from GCSA file....
average std = 1.4   using min determinant for regularization = 0.020
0 singular and 383 ill-conditioned covariance matrices regularized
input 0: MEAN CURVATURE, flags 0, avgs 5, name mean_curvature
labeling surface...
1566 labels changed using aseg
relabeling using gibbs priors...
000:   2258 changed, 152995 examined...
001:    539 changed, 10452 examined...
002:    119 changed, 3043 examined...
003:     44 changed, 707 examined...
004:     18 changed, 260 examined...
005:      9 changed, 106 examined...
006:      5 changed, 60 examined...
007:      3 changed, 32 examined...
008:      1 changed, 18 examined...
009:      0 changed, 7 examined...
126 labels changed using aseg
000: 57 total segments, 24 labels (139 vertices) changed
001: 33 total segments, 0 labels (0 vertices) changed
10 filter iterations complete (10 requested, 17 changed)
rationalizing unknown annotations with cortex label
relabeling unknown label...
relabeling corpuscallosum label...
1107 vertices marked for relabeling...
1107 labels changed in reclassification.
writing output to ../label/lh.aparc.DKTatlas.annot...
classification took 0 minutes and 12 seconds.
#-----------------------------------------
#@# WM/GM Contrast lh Thu Mar 12 17:06:07 CET 2026
/out/sourcedata/freesurfer/sub-v1s20x0050273_ses-1/scripts

 pctsurfcon --s sub-v1s20x0050273_ses-1 --lh-only 

Log file is /out/sourcedata/freesurfer/sub-v1s20x0050273_ses-1/scripts/pctsurfcon.log
Thu Mar 12 17:06:07 CET 2026
setenv SUBJECTS_DIR /out/sourcedata/freesurfer
cd /out/sourcedata/freesurfer/sub-v1s20x0050273_ses-1/scripts
/opt/freesurfer/bin/pctsurfcon
pctsurfcon 7.3.2
Linux dna050 5.14.0-427.37.1.el9_4.x86_64 #1 SMP PREEMPT_DYNAMIC Fri Sep 13 12:41:50 EDT 2024 x86_64 x86_64 x86_64 GNU/Linux
FREESURFER_HOME /opt/freesurfer
mri_vol2surf --mov /out/sourcedata/freesurfer/sub-v1s20x0050273_ses-1/mri/rawavg.mgz --hemi lh --noreshape --interp trilinear --projdist -1 --o /out/sourcedata/freesurfer/sub-v1s20x0050273_ses-1/surf/tmp.pctsurfcon.628820/lh.wm.mgh --regheader sub-v1s20x0050273_ses-1 --cortex
srcvol = /out/sourcedata/freesurfer/sub-v1s20x0050273_ses-1/mri/rawavg.mgz
srcreg unspecified
srcregold = 0
srcwarp unspecified
surf = white
hemi = lh
ProjDist = -1
reshape = 0
interp = trilinear
float2int = round
GetProjMax = 0
INFO: float2int code = 0
Done loading volume
Computing registration from header.
  Using /out/sourcedata/freesurfer/sub-v1s20x0050273_ses-1/mri/orig.mgz as target reference.
-------- original matrix -----------
-1.00000   0.00000   0.00000   0.00000;
 0.00000   0.00000   1.00000   0.00000;
 0.00000  -1.00000   0.00000   0.00000;
 0.00000   0.00000   0.00000   1.00000;
-------- original matrix -----------
Loading label /out/sourcedata/freesurfer/sub-v1s20x0050273_ses-1/label/lh.cortex.label
Reading surface /out/sourcedata/freesurfer/sub-v1s20x0050273_ses-1/surf/lh.white
Done reading source surface
Mapping Source Volume onto Source Subject Surface
Projecting -1 -1 1
 1 -1 -1 -1
using old
Done mapping volume to surface
Number of source voxels hit = 79315
Masking with /out/sourcedata/freesurfer/sub-v1s20x0050273_ses-1/label/lh.cortex.label
Writing to /out/sourcedata/freesurfer/sub-v1s20x0050273_ses-1/surf/tmp.pctsurfcon.628820/lh.wm.mgh
Dim: 152995 1 1
mri_vol2surf --mov /out/sourcedata/freesurfer/sub-v1s20x0050273_ses-1/mri/rawavg.mgz --hemi lh --noreshape --interp trilinear --o /out/sourcedata/freesurfer/sub-v1s20x0050273_ses-1/surf/tmp.pctsurfcon.628820/lh.gm.mgh --projfrac 0.3 --regheader sub-v1s20x0050273_ses-1 --cortex
srcvol = /out/sourcedata/freesurfer/sub-v1s20x0050273_ses-1/mri/rawavg.mgz
srcreg unspecified
srcregold = 0
srcwarp unspecified
surf = white
hemi = lh
ProjFrac = 0.3
thickness = thickness
reshape = 0
interp = trilinear
float2int = round
GetProjMax = 0
INFO: float2int code = 0
Done loading volume
Computing registration from header.
  Using /out/sourcedata/freesurfer/sub-v1s20x0050273_ses-1/mri/orig.mgz as target reference.
-------- original matrix -----------
-1.00000   0.00000   0.00000   0.00000;
 0.00000   0.00000   1.00000   0.00000;
 0.00000  -1.00000   0.00000   0.00000;
 0.00000   0.00000   0.00000   1.00000;
-------- original matrix -----------
Loading label /out/sourcedata/freesurfer/sub-v1s20x0050273_ses-1/label/lh.cortex.label
Reading surface /out/sourcedata/freesurfer/sub-v1s20x0050273_ses-1/surf/lh.white
Done reading source surface
Reading thickness /out/sourcedata/freesurfer/sub-v1s20x0050273_ses-1/surf/lh.thickness
Done
Mapping Source Volume onto Source Subject Surface
Projecting 0.3 0.3 1
 1 0.3 0.3 0.3
using old
Done mapping volume to surface
Number of source voxels hit = 90156
Masking with /out/sourcedata/freesurfer/sub-v1s20x0050273_ses-1/label/lh.cortex.label
Writing to /out/sourcedata/freesurfer/sub-v1s20x0050273_ses-1/surf/tmp.pctsurfcon.628820/lh.gm.mgh
Dim: 152995 1 1
mri_concat /out/sourcedata/freesurfer/sub-v1s20x0050273_ses-1/surf/tmp.pctsurfcon.628820/lh.wm.mgh /out/sourcedata/freesurfer/sub-v1s20x0050273_ses-1/surf/tmp.pctsurfcon.628820/lh.gm.mgh --paired-diff-norm --mul 100 --o /out/sourcedata/freesurfer/sub-v1s20x0050273_ses-1/surf/lh.w-g.pct.mgh
ninputs = 2
Checking inputs
nframestot = 2
Allocing output
Done allocing
Combining pairs
nframes = 1
Multiplying by 100.000000
Writing to /out/sourcedata/freesurfer/sub-v1s20x0050273_ses-1/surf/lh.w-g.pct.mgh
mri_segstats --in /out/sourcedata/freesurfer/sub-v1s20x0050273_ses-1/surf/lh.w-g.pct.mgh --annot sub-v1s20x0050273_ses-1 lh aparc --sum /out/sourcedata/freesurfer/sub-v1s20x0050273_ses-1/stats/lh.w-g.pct.stats --snr

7.3.2
cwd 
cmdline mri_segstats --in /out/sourcedata/freesurfer/sub-v1s20x0050273_ses-1/surf/lh.w-g.pct.mgh --annot sub-v1s20x0050273_ses-1 lh aparc --sum /out/sourcedata/freesurfer/sub-v1s20x0050273_ses-1/stats/lh.w-g.pct.stats --snr 
sysname  Linux
hostname dna050
machine  x86_64
user     oesteban
whitesurfname  white
UseRobust  0
Constructing seg from annotation

Reading annotation /out/sourcedata/freesurfer/sub-v1s20x0050273_ses-1/label/lh.aparc.annot
Seg base 1000
Loading /out/sourcedata/freesurfer/sub-v1s20x0050273_ses-1/surf/lh.w-g.pct.mgh
Vertex Area is 0.686744 mm^3
Generating list of segmentation ids
Found  36 segmentations
Computing statistics for each segmentation

Reporting on  35 segmentations
Using PrintSegStat
mri_segstats done
Cleaning up

Started at Thu Mar 12 16:27:24 CET 2026 
Ended   at Thu Mar 12 17:06:10 CET 2026
#@#%# recon-all-run-time-hours 0.646
recon-all -s sub-v1s20x0050273_ses-1 finished without error at Thu Mar 12 17:06:10 CET 2026



#New# invocation of recon-all 




Thu Mar 12 17:43:25 CET 2026
cd /out/sourcedata/freesurfer/sub-v1s20x0050273_ses-1
setenv SUBJECTS_DIR /out/sourcedata/freesurfer
/opt/freesurfer/bin/recon-all -autorecon-hemi lh -nohyporelabel -lh-only -openmp 16 -subjid sub-v1s20x0050273_ses-1 -sd /out/sourcedata/freesurfer -notessellate -nosmooth1 -noinflate1 -noqsphere -nofix -nowhite -nosmooth2 -noinflate2 -nocurvHK -nocurvstats -nosphere -nosurfreg -nojacobian_white -noavgcurv -nocortparc -nopial -nocortparc2 -nocortparc3 -nopctsurfcon

subjid sub-v1s20x0050273_ses-1
setenv SUBJECTS_DIR /out/sourcedata/freesurfer
FREESURFER_HOME /opt/freesurfer
Actual FREESURFER_HOME /opt/freesurfer
build-stamp.txt: freesurfer-linux-ubuntu22_x86_64-7.3.2-20220804-6354275
Linux dna050 5.14.0-427.37.1.el9_4.x86_64 #1 SMP PREEMPT_DYNAMIC Fri Sep 13 12:41:50 EDT 2024 x86_64 x86_64 x86_64 GNU/Linux
cputime      unlimited
filesize     unlimited
datasize     unlimited
stacksize    8192 kbytes
coredumpsize 0 kbytes
memoryuse    67108864 kbytes
vmemoryuse   unlimited
descriptors  1024 
memorylocked unlimited
maxproc      2061970 
maxlocks     unlimited
maxsignal    2061970 
maxmessage   819200 
maxnice      0 
maxrtprio    0 
maxrttime    unlimited

               total        used        free      shared  buff/cache   available
Mem:           503Gi        51Gi       406Gi        12Gi        46Gi       436Gi
Swap:             0B          0B          0B

########################################
program versions used
7.3.2 (freesurfer-linux-ubuntu22_x86_64-7.3.2-20220804-6354275)
7.3.2

ProgramName: lta_convert  ProgramArguments: lta_convert -all-info  ProgramVersion: 7.3.2  TimeStamp: 2026/03/12-16:43:25-GMT  BuildTime: Aug  4 2022 06:17:15  BuildStamp: freesurfer-linux-ubuntu22_x86_64-7.3.2-20220804-6354275  User: oesteban  Machine: dna050  Platform: Linux  PlatformVersion: 5.14.0-427.37.1.el9_4.x86_64  CompilerName: GCC  CompilerVersion: 8.4.0
ProgramName: mri_and  ProgramArguments: mri_and -all-info  ProgramVersion: 7.3.2  TimeStamp: 2026/03/12-16:43:25-GMT  BuildTime: Aug  4 2022 06:17:15  BuildStamp: freesurfer-linux-ubuntu22_x86_64-7.3.2-20220804-6354275  User: oesteban  Machine: dna050  Platform: Linux  PlatformVersion: 5.14.0-427.37.1.el9_4.x86_64  CompilerName: GCC  CompilerVersion: 8.4.0
ProgramName: mri_annotation2label  ProgramArguments: mri_annotation2label -all-info  ProgramVersion: 7.3.2  TimeStamp: 2026/03/12-16:43:25-GMT  BuildTime: Aug  4 2022 06:17:15  BuildStamp: freesurfer-linux-ubuntu22_x86_64-7.3.2-20220804-6354275  User: oesteban  Machine: dna050  Platform: Linux  PlatformVersion: 5.14.0-427.37.1.el9_4.x86_64  CompilerName: GCC  CompilerVersion: 8.4.0
ProgramName: mri_aparc2aseg  ProgramArguments: mri_aparc2aseg -all-info  ProgramVersion: 7.3.2  TimeStamp: 2026/03/12-16:43:25-GMT  BuildTime: Aug  4 2022 06:17:15  BuildStamp: freesurfer-linux-ubuntu22_x86_64-7.3.2-20220804-6354275  User: oesteban  Machine: dna050  Platform: Linux  PlatformVersion: 5.14.0-427.37.1.el9_4.x86_64  CompilerName: GCC  CompilerVersion: 8.4.0
ProgramName: mri_surf2volseg  ProgramArguments: mri_surf2volseg -all-info  ProgramVersion: 7.3.2  TimeStamp: 2026/03/12-16:43:25-GMT  BuildTime: Aug  4 2022 06:17:15  BuildStamp: freesurfer-linux-ubuntu22_x86_64-7.3.2-20220804-6354275  User: oesteban  Machine: dna050  Platform: Linux  PlatformVersion: 5.14.0-427.37.1.el9_4.x86_64  CompilerName: GCC  CompilerVersion: 8.4.0
ProgramName: mri_binarize  ProgramArguments: mri_binarize -all-info  ProgramVersion: 7.3.2  TimeStamp: 2026/03/12-16:43:25-GMT  BuildTime: Aug  4 2022 06:17:15  BuildStamp: freesurfer-linux-ubuntu22_x86_64-7.3.2-20220804-6354275  User: oesteban  Machine: dna050  Platform: Linux  PlatformVersion: 5.14.0-427.37.1.el9_4.x86_64  CompilerName: GCC  CompilerVersion: 8.4.0
ProgramName: mri_ca_label  ProgramArguments: mri_ca_label -all-info  ProgramVersion: 7.3.2  TimeStamp: 2026/03/12-16:43:25-GMT  BuildTime: Aug  4 2022 06:17:15  BuildStamp: freesurfer-linux-ubuntu22_x86_64-7.3.2-20220804-6354275  User: oesteban  Machine: dna050  Platform: Linux  PlatformVersion: 5.14.0-427.37.1.el9_4.x86_64  CompilerName: GCC  CompilerVersion: 8.4.0
ProgramName: mri_ca_normalize  ProgramArguments: mri_ca_normalize -all-info  ProgramVersion: 7.3.2  TimeStamp: 2026/03/12-16:43:25-GMT  BuildTime: Aug  4 2022 06:17:15  BuildStamp: freesurfer-linux-ubuntu22_x86_64-7.3.2-20220804-6354275  User: oesteban  Machine: dna050  Platform: Linux  PlatformVersion: 5.14.0-427.37.1.el9_4.x86_64  CompilerName: GCC  CompilerVersion: 8.4.0
ProgramName: mri_ca_register  ProgramArguments: mri_ca_register -all-info  ProgramVersion: 7.3.2  TimeStamp: 2026/03/12-16:43:25-GMT  BuildTime: Aug  4 2022 06:17:15  BuildStamp: freesurfer-linux-ubuntu22_x86_64-7.3.2-20220804-6354275  User: oesteban  Machine: dna050  Platform: Linux  PlatformVersion: 5.14.0-427.37.1.el9_4.x86_64  CompilerName: GCC  CompilerVersion: 8.4.0
ProgramName: mri_cc  ProgramArguments: mri_cc -all-info  ProgramVersion: 7.3.2  TimeStamp: 2026/03/12-16:43:25-GMT  BuildTime: Aug  4 2022 06:17:15  BuildStamp: freesurfer-linux-ubuntu22_x86_64-7.3.2-20220804-6354275  User: oesteban  Machine: dna050  Platform: Linux  PlatformVersion: 5.14.0-427.37.1.el9_4.x86_64  CompilerName: GCC  CompilerVersion: 8.4.0
ProgramName: mri_compute_overlap  ProgramArguments: mri_compute_overlap -all-info  ProgramVersion: 7.3.2  TimeStamp: 2026/03/12-16:43:25-GMT  BuildTime: Aug  4 2022 06:17:15  BuildStamp: freesurfer-linux-ubuntu22_x86_64-7.3.2-20220804-6354275  User: oesteban  Machine: dna050  Platform: Linux  PlatformVersion: 5.14.0-427.37.1.el9_4.x86_64  CompilerName: GCC  CompilerVersion: 8.4.0
ProgramName: mri_compute_seg_overlap  ProgramArguments: mri_compute_seg_overlap -all-info  ProgramVersion: 7.3.2  TimeStamp: 2026/03/12-16:43:25-GMT  BuildTime: Aug  4 2022 06:17:15  BuildStamp: freesurfer-linux-ubuntu22_x86_64-7.3.2-20220804-6354275  User: oesteban  Machine: dna050  Platform: Linux  PlatformVersion: 5.14.0-427.37.1.el9_4.x86_64  CompilerName: GCC  CompilerVersion: 8.4.0
ProgramName: mri_concat  ProgramArguments: mri_concat -all-info  ProgramVersion: 7.3.2  TimeStamp: 2026/03/12-16:43:25-GMT  BuildTime: Aug  4 2022 06:17:15  BuildStamp: freesurfer-linux-ubuntu22_x86_64-7.3.2-20220804-6354275  User: oesteban  Machine: dna050  Platform: Linux  PlatformVersion: 5.14.0-427.37.1.el9_4.x86_64  CompilerName: GCC  CompilerVersion: 8.4.0
ProgramName: mri_concatenate_lta  ProgramArguments: mri_concatenate_lta -all-info  ProgramVersion: 7.3.2  TimeStamp: 2026/03/12-16:43:25-GMT  BuildTime: Aug  4 2022 06:17:15  BuildStamp: freesurfer-linux-ubuntu22_x86_64-7.3.2-20220804-6354275  User: oesteban  Machine: dna050  Platform: Linux  PlatformVersion: 5.14.0-427.37.1.el9_4.x86_64  CompilerName: GCC  CompilerVersion: 8.4.0
mri_convert -all-info 
ProgramName: mri_convert  ProgramArguments: mri_convert -all-info  ProgramVersion: 7.3.2  TimeStamp: 2026/03/12-16:43:25-GMT  BuildTime: Aug  4 2022 06:17:15  BuildStamp: freesurfer-linux-ubuntu22_x86_64-7.3.2-20220804-6354275  User: oesteban  Machine: dna050  Platform: Linux  PlatformVersion: 5.14.0-427.37.1.el9_4.x86_64  CompilerName: GCC  CompilerVersion: 8.4.0
ProgramName: mri_diff  ProgramArguments: mri_diff -all-info  ProgramVersion: 7.3.2  TimeStamp: 2026/03/12-16:43:25-GMT  BuildTime: Aug  4 2022 06:17:15  BuildStamp: freesurfer-linux-ubuntu22_x86_64-7.3.2-20220804-6354275  User: oesteban  Machine: dna050  Platform: Linux  PlatformVersion: 5.14.0-427.37.1.el9_4.x86_64  CompilerName: GCC  CompilerVersion: 8.4.0
ProgramName: mri_edit_wm_with_aseg  ProgramArguments: mri_edit_wm_with_aseg -all-info  ProgramVersion: 7.3.2  TimeStamp: 2026/03/12-16:43:25-GMT  BuildTime: Aug  4 2022 06:17:15  BuildStamp: freesurfer-linux-ubuntu22_x86_64-7.3.2-20220804-6354275  User: oesteban  Machine: dna050  Platform: Linux  PlatformVersion: 5.14.0-427.37.1.el9_4.x86_64  CompilerName: GCC  CompilerVersion: 8.4.0
ProgramName: mri_em_register  ProgramArguments: mri_em_register -all-info  ProgramVersion: 7.3.2  TimeStamp: 2026/03/12-16:43:25-GMT  BuildTime: Aug  4 2022 06:17:15  BuildStamp: freesurfer-linux-ubuntu22_x86_64-7.3.2-20220804-6354275  User: oesteban  Machine: dna050  Platform: Linux  PlatformVersion: 5.14.0-427.37.1.el9_4.x86_64  CompilerName: GCC  CompilerVersion: 8.4.0
ProgramName: mri_fill  ProgramArguments: mri_fill -all-info  ProgramVersion: 7.3.2  TimeStamp: 2026/03/12-16:43:25-GMT  BuildTime: Aug  4 2022 06:17:15  BuildStamp: freesurfer-linux-ubuntu22_x86_64-7.3.2-20220804-6354275  User: oesteban  Machine: dna050  Platform: Linux  PlatformVersion: 5.14.0-427.37.1.el9_4.x86_64  CompilerName: GCC  CompilerVersion: 8.4.0
ProgramName: mri_fuse_segmentations  ProgramArguments: mri_fuse_segmentations -all-info  ProgramVersion: 7.3.2  TimeStamp: 2026/03/12-16:43:25-GMT  BuildTime: Aug  4 2022 06:17:15  BuildStamp: freesurfer-linux-ubuntu22_x86_64-7.3.2-20220804-6354275  User: oesteban  Machine: dna050  Platform: Linux  PlatformVersion: 5.14.0-427.37.1.el9_4.x86_64  CompilerName: GCC  CompilerVersion: 8.4.0
ProgramName: mri_fwhm  ProgramArguments: mri_fwhm -all-info  ProgramVersion: 7.3.2  TimeStamp: 2026/03/12-16:43:25-GMT  BuildTime: Aug  4 2022 06:17:15  BuildStamp: freesurfer-linux-ubuntu22_x86_64-7.3.2-20220804-6354275  User: oesteban  Machine: dna050  Platform: Linux  PlatformVersion: 5.14.0-427.37.1.el9_4.x86_64  CompilerName: GCC  CompilerVersion: 8.4.0
ProgramName: mri_gcut  ProgramArguments: mri_gcut -all-info  ProgramVersion: 7.3.2  TimeStamp: 2026/03/12-16:43:25-GMT  BuildTime: Aug  4 2022 06:17:15  BuildStamp: freesurfer-linux-ubuntu22_x86_64-7.3.2-20220804-6354275  User: oesteban  Machine: dna050  Platform: Linux  PlatformVersion: 5.14.0-427.37.1.el9_4.x86_64  CompilerName: GCC  CompilerVersion: 8.4.0
ProgramName: mri_info  ProgramArguments: mri_info -all-info  ProgramVersion: 7.3.2  TimeStamp: 2026/03/12-16:43:25-GMT  BuildTime: Aug  4 2022 06:17:15  BuildStamp: freesurfer-linux-ubuntu22_x86_64-7.3.2-20220804-6354275  User: oesteban  Machine: dna050  Platform: Linux  PlatformVersion: 5.14.0-427.37.1.el9_4.x86_64  CompilerName: GCC  CompilerVersion: 8.4.0
ProgramName: mri_label2label  ProgramArguments: mri_label2label -all-info  ProgramVersion: 7.3.2  TimeStamp: 2026/03/12-16:43:25-GMT  BuildTime: Aug  4 2022 06:17:15  BuildStamp: freesurfer-linux-ubuntu22_x86_64-7.3.2-20220804-6354275  User: oesteban  Machine: dna050  Platform: Linux  PlatformVersion: 5.14.0-427.37.1.el9_4.x86_64  CompilerName: GCC  CompilerVersion: 8.4.0
ProgramName: mri_label2vol  ProgramArguments: mri_label2vol -all-info  ProgramVersion: 7.3.2  TimeStamp: 2026/03/12-16:43:25-GMT  BuildTime: Aug  4 2022 06:17:15  BuildStamp: freesurfer-linux-ubuntu22_x86_64-7.3.2-20220804-6354275  User: oesteban  Machine: dna050  Platform: Linux  PlatformVersion: 5.14.0-427.37.1.el9_4.x86_64  CompilerName: GCC  CompilerVersion: 8.4.0
ProgramName: mri_log_likelihood  ProgramArguments: mri_log_likelihood -all-info  ProgramVersion: 7.3.2  TimeStamp: 2026/03/12-16:43:25-GMT  BuildTime: Aug  4 2022 06:17:15  BuildStamp: freesurfer-linux-ubuntu22_x86_64-7.3.2-20220804-6354275  User: oesteban  Machine: dna050  Platform: Linux  PlatformVersion: 5.14.0-427.37.1.el9_4.x86_64  CompilerName: GCC  CompilerVersion: 8.4.0
ProgramName: mri_mask  ProgramArguments: mri_mask -all-info  ProgramVersion: 7.3.2  TimeStamp: 2026/03/12-16:43:25-GMT  BuildTime: Aug  4 2022 06:17:15  BuildStamp: freesurfer-linux-ubuntu22_x86_64-7.3.2-20220804-6354275  User: oesteban  Machine: dna050  Platform: Linux  PlatformVersion: 5.14.0-427.37.1.el9_4.x86_64  CompilerName: GCC  CompilerVersion: 8.4.0
ProgramName: mri_matrix_multiply  ProgramArguments: mri_matrix_multiply -all-info  ProgramVersion: 7.3.2  TimeStamp: 2026/03/12-16:43:25-GMT  BuildTime: Aug  4 2022 06:17:15  BuildStamp: freesurfer-linux-ubuntu22_x86_64-7.3.2-20220804-6354275  User: oesteban  Machine: dna050  Platform: Linux  PlatformVersion: 5.14.0-427.37.1.el9_4.x86_64  CompilerName: GCC  CompilerVersion: 8.4.0
ProgramName: mri_normalize  ProgramArguments: mri_normalize -all-info  ProgramVersion: 7.3.2  TimeStamp: 2026/03/12-16:43:25-GMT  BuildTime: Aug  4 2022 06:17:15  BuildStamp: freesurfer-linux-ubuntu22_x86_64-7.3.2-20220804-6354275  User: oesteban  Machine: dna050  Platform: Linux  PlatformVersion: 5.14.0-427.37.1.el9_4.x86_64  CompilerName: GCC  CompilerVersion: 8.4.0
ProgramName: mri_normalize_tp2  ProgramArguments: mri_normalize_tp2 -all-info  ProgramVersion: 7.3.2  TimeStamp: 2026/03/12-16:43:25-GMT  BuildTime: Aug  4 2022 06:17:15  BuildStamp: freesurfer-linux-ubuntu22_x86_64-7.3.2-20220804-6354275  User: oesteban  Machine: dna050  Platform: Linux  PlatformVersion: 5.14.0-427.37.1.el9_4.x86_64  CompilerName: GCC  CompilerVersion: 8.4.0
ProgramName: mri_or  ProgramArguments: mri_or -all-info  ProgramVersion: 7.3.2  TimeStamp: 2026/03/12-16:43:25-GMT  BuildTime: Aug  4 2022 06:17:15  BuildStamp: freesurfer-linux-ubuntu22_x86_64-7.3.2-20220804-6354275  User: oesteban  Machine: dna050  Platform: Linux  PlatformVersion: 5.14.0-427.37.1.el9_4.x86_64  CompilerName: GCC  CompilerVersion: 8.4.0
ProgramName: mri_relabel_hypointensities  ProgramArguments: mri_relabel_hypointensities -all-info  ProgramVersion: 7.3.2  TimeStamp: 2026/03/12-16:43:25-GMT  BuildTime: Aug  4 2022 06:17:15  BuildStamp: freesurfer-linux-ubuntu22_x86_64-7.3.2-20220804-6354275  User: oesteban  Machine: dna050  Platform: Linux  PlatformVersion: 5.14.0-427.37.1.el9_4.x86_64  CompilerName: GCC  CompilerVersion: 8.4.0
ProgramName: mri_relabel_nonwm_hypos  ProgramArguments: mri_relabel_nonwm_hypos -all-info  ProgramVersion: 7.3.2  TimeStamp: 2026/03/12-16:43:25-GMT  BuildTime: Aug  4 2022 06:17:15  BuildStamp: freesurfer-linux-ubuntu22_x86_64-7.3.2-20220804-6354275  User: oesteban  Machine: dna050  Platform: Linux  PlatformVersion: 5.14.0-427.37.1.el9_4.x86_64  CompilerName: GCC  CompilerVersion: 8.4.0
ProgramName: mri_remove_neck  ProgramArguments: mri_remove_neck -all-info  ProgramVersion: 7.3.2  TimeStamp: 2026/03/12-16:43:25-GMT  BuildTime: Aug  4 2022 06:17:15  BuildStamp: freesurfer-linux-ubuntu22_x86_64-7.3.2-20220804-6354275  User: oesteban  Machine: dna050  Platform: Linux  PlatformVersion: 5.14.0-427.37.1.el9_4.x86_64  CompilerName: GCC  CompilerVersion: 8.4.0
7.3.2

ProgramName: mri_robust_register  ProgramArguments: mri_robust_register -all-info  ProgramVersion: 7.3.2  TimeStamp: 2026/03/12-16:43:25-GMT  BuildTime: Aug  4 2022 06:17:15  BuildStamp: freesurfer-linux-ubuntu22_x86_64-7.3.2-20220804-6354275  User: oesteban  Machine: dna050  Platform: Linux  PlatformVersion: 5.14.0-427.37.1.el9_4.x86_64  CompilerName: GCC  CompilerVersion: 8.4.0
7.3.2

ProgramName: mri_robust_template  ProgramArguments: mri_robust_template -all-info  ProgramVersion: 7.3.2  TimeStamp: 2026/03/12-16:43:25-GMT  BuildTime: Aug  4 2022 06:17:15  BuildStamp: freesurfer-linux-ubuntu22_x86_64-7.3.2-20220804-6354275  User: oesteban  Machine: dna050  Platform: Linux  PlatformVersion: 5.14.0-427.37.1.el9_4.x86_64  CompilerName: GCC  CompilerVersion: 8.4.0
ProgramName: mris_anatomical_stats  ProgramArguments: mris_anatomical_stats -all-info  ProgramVersion: 7.3.2  TimeStamp: 2026/03/12-16:43:25-GMT  BuildTime: Aug  4 2022 06:17:15  BuildStamp: freesurfer-linux-ubuntu22_x86_64-7.3.2-20220804-6354275  User: oesteban  Machine: dna050  Platform: Linux  PlatformVersion: 5.14.0-427.37.1.el9_4.x86_64  CompilerName: GCC  CompilerVersion: 8.4.0
ProgramName: mris_ca_label  ProgramArguments: mris_ca_label -all-info  ProgramVersion: 7.3.2  TimeStamp: 2026/03/12-16:43:25-GMT  BuildTime: Aug  4 2022 06:17:15  BuildStamp: freesurfer-linux-ubuntu22_x86_64-7.3.2-20220804-6354275  User: oesteban  Machine: dna050  Platform: Linux  PlatformVersion: 5.14.0-427.37.1.el9_4.x86_64  CompilerName: GCC  CompilerVersion: 8.4.0
ProgramName: mris_calc  ProgramArguments: mris_calc -all-info  ProgramVersion: 7.3.2  TimeStamp: 2026/03/12-16:43:25-GMT  BuildTime: Aug  4 2022 06:17:15  BuildStamp: freesurfer-linux-ubuntu22_x86_64-7.3.2-20220804-6354275  User: oesteban  Machine: dna050  Platform: Linux  PlatformVersion: 5.14.0-427.37.1.el9_4.x86_64  CompilerName: GCC  CompilerVersion: 8.4.0
ProgramName: mris_convert  ProgramArguments: mris_convert -all-info  ProgramVersion: 7.3.2  TimeStamp: 2026/03/12-16:43:25-GMT  BuildTime: Aug  4 2022 06:17:15  BuildStamp: freesurfer-linux-ubuntu22_x86_64-7.3.2-20220804-6354275  User: oesteban  Machine: dna050  Platform: Linux  PlatformVersion: 5.14.0-427.37.1.el9_4.x86_64  CompilerName: GCC  CompilerVersion: 8.4.0
ProgramName: mris_curvature  ProgramArguments: mris_curvature -all-info  ProgramVersion: 7.3.2  TimeStamp: 2026/03/12-16:43:25-GMT  BuildTime: Aug  4 2022 06:17:15  BuildStamp: freesurfer-linux-ubuntu22_x86_64-7.3.2-20220804-6354275  User: oesteban  Machine: dna050  Platform: Linux  PlatformVersion: 5.14.0-427.37.1.el9_4.x86_64  CompilerName: GCC  CompilerVersion: 8.4.0
ProgramName: mris_curvature_stats  ProgramArguments: mris_curvature_stats -all-info  ProgramVersion: 7.3.2  TimeStamp: 2026/03/12-16:43:25-GMT  BuildTime: Aug  4 2022 06:17:15  BuildStamp: freesurfer-linux-ubuntu22_x86_64-7.3.2-20220804-6354275  User: oesteban  Machine: dna050  Platform: Linux  PlatformVersion: 5.14.0-427.37.1.el9_4.x86_64  CompilerName: GCC  CompilerVersion: 8.4.0
ProgramName: mris_diff  ProgramArguments: mris_diff -all-info  ProgramVersion: 7.3.2  TimeStamp: 2026/03/12-16:43:25-GMT  BuildTime: Aug  4 2022 06:17:15  BuildStamp: freesurfer-linux-ubuntu22_x86_64-7.3.2-20220804-6354275  User: oesteban  Machine: dna050  Platform: Linux  PlatformVersion: 5.14.0-427.37.1.el9_4.x86_64  CompilerName: GCC  CompilerVersion: 8.4.0
ProgramName: mris_divide_parcellation  ProgramArguments: mris_divide_parcellation -all-info  ProgramVersion: 7.3.2  TimeStamp: 2026/03/12-16:43:25-GMT  BuildTime: Aug  4 2022 06:17:15  BuildStamp: freesurfer-linux-ubuntu22_x86_64-7.3.2-20220804-6354275  User: oesteban  Machine: dna050  Platform: Linux  PlatformVersion: 5.14.0-427.37.1.el9_4.x86_64  CompilerName: GCC  CompilerVersion: 8.4.0
ProgramName: mri_segment  ProgramArguments: mri_segment -all-info  ProgramVersion: 7.3.2  TimeStamp: 2026/03/12-16:43:25-GMT  BuildTime: Aug  4 2022 06:17:15  BuildStamp: freesurfer-linux-ubuntu22_x86_64-7.3.2-20220804-6354275  User: oesteban  Machine: dna050  Platform: Linux  PlatformVersion: 5.14.0-427.37.1.el9_4.x86_64  CompilerName: GCC  CompilerVersion: 8.4.0
ProgramName: mri_segstats  ProgramArguments: mri_segstats -all-info  ProgramVersion: 7.3.2  TimeStamp: 2026/03/12-16:43:25-GMT  BuildTime: Aug  4 2022 06:17:15  BuildStamp: freesurfer-linux-ubuntu22_x86_64-7.3.2-20220804-6354275  User: oesteban  Machine: dna050  Platform: Linux  PlatformVersion: 5.14.0-427.37.1.el9_4.x86_64  CompilerName: GCC  CompilerVersion: 8.4.0
ProgramName: mris_euler_number  ProgramArguments: mris_euler_number -all-info  ProgramVersion: 7.3.2  TimeStamp: 2026/03/12-16:43:25-GMT  BuildTime: Aug  4 2022 06:17:15  BuildStamp: freesurfer-linux-ubuntu22_x86_64-7.3.2-20220804-6354275  User: oesteban  Machine: dna050  Platform: Linux  PlatformVersion: 5.14.0-427.37.1.el9_4.x86_64  CompilerName: GCC  CompilerVersion: 8.4.0
ProgramName: mris_fix_topology  ProgramArguments: mris_fix_topology -all-info  ProgramVersion: 7.3.2  TimeStamp: 2026/03/12-16:43:25-GMT  BuildTime: Aug  4 2022 06:17:15  BuildStamp: freesurfer-linux-ubuntu22_x86_64-7.3.2-20220804-6354275  User: oesteban  Machine: dna050  Platform: Linux  PlatformVersion: 5.14.0-427.37.1.el9_4.x86_64  CompilerName: GCC  CompilerVersion: 8.4.0
ProgramName: mris_topo_fixer  ProgramArguments: mris_topo_fixer -all-info  ProgramVersion: 7.3.2  TimeStamp: 2026/03/12-16:43:25-GMT  BuildTime: Aug  4 2022 06:17:15  BuildStamp: freesurfer-linux-ubuntu22_x86_64-7.3.2-20220804-6354275  User: oesteban  Machine: dna050  Platform: Linux  PlatformVersion: 5.14.0-427.37.1.el9_4.x86_64  CompilerName: GCC  CompilerVersion: 8.4.0
ProgramName: mris_jacobian  ProgramArguments: mris_jacobian -all-info  ProgramVersion: 7.3.2  TimeStamp: 2026/03/12-16:43:25-GMT  BuildTime: Aug  4 2022 06:17:15  BuildStamp: freesurfer-linux-ubuntu22_x86_64-7.3.2-20220804-6354275  User: oesteban  Machine: dna050  Platform: Linux  PlatformVersion: 5.14.0-427.37.1.el9_4.x86_64  CompilerName: GCC  CompilerVersion: 8.4.0
ProgramName: mris_label2annot  ProgramArguments: mris_label2annot -all-info  ProgramVersion: 7.3.2  TimeStamp: 2026/03/12-16:43:25-GMT  BuildTime: Aug  4 2022 06:17:15  BuildStamp: freesurfer-linux-ubuntu22_x86_64-7.3.2-20220804-6354275  User: oesteban  Machine: dna050  Platform: Linux  PlatformVersion: 5.14.0-427.37.1.el9_4.x86_64  CompilerName: GCC  CompilerVersion: 8.4.0
ProgramName: mris_left_right_register  ProgramArguments: mris_left_right_register -all-info  ProgramVersion: 7.3.2  TimeStamp: 2026/03/12-16:43:25-GMT  BuildTime: Aug  4 2022 06:17:15  BuildStamp: freesurfer-linux-ubuntu22_x86_64-7.3.2-20220804-6354275  User: oesteban  Machine: dna050  Platform: Linux  PlatformVersion: 5.14.0-427.37.1.el9_4.x86_64  CompilerName: GCC  CompilerVersion: 8.4.0
ProgramName: mris_place_surface  ProgramArguments: mris_place_surface -all-info  ProgramVersion: 7.3.2  TimeStamp: 2026/03/12-16:43:25-GMT  BuildTime: Aug  4 2022 06:17:15  BuildStamp: freesurfer-linux-ubuntu22_x86_64-7.3.2-20220804-6354275  User: oesteban  Machine: dna050  Platform: Linux  PlatformVersion: 5.14.0-427.37.1.el9_4.x86_64  CompilerName: GCC  CompilerVersion: 8.4.0
ProgramName: mrisp_paint  ProgramArguments: mrisp_paint -all-info  ProgramVersion: 7.3.2  TimeStamp: 2026/03/12-16:43:25-GMT  BuildTime: Aug  4 2022 06:17:15  BuildStamp: freesurfer-linux-ubuntu22_x86_64-7.3.2-20220804-6354275  User: oesteban  Machine: dna050  Platform: Linux  PlatformVersion: 5.14.0-427.37.1.el9_4.x86_64  CompilerName: GCC  CompilerVersion: 8.4.0
ProgramName: mris_register  ProgramArguments: mris_register -all-info  ProgramVersion: 7.3.2  TimeStamp: 2026/03/12-16:43:25-GMT  BuildTime: Aug  4 2022 06:17:15  BuildStamp: freesurfer-linux-ubuntu22_x86_64-7.3.2-20220804-6354275  User: oesteban  Machine: dna050  Platform: Linux  PlatformVersion: 5.14.0-427.37.1.el9_4.x86_64  CompilerName: GCC  CompilerVersion: 8.4.0
ProgramName: mris_smooth  ProgramArguments: mris_smooth -all-info  ProgramVersion: 7.3.2  TimeStamp: 2026/03/12-16:43:25-GMT  BuildTime: Aug  4 2022 06:17:15  BuildStamp: freesurfer-linux-ubuntu22_x86_64-7.3.2-20220804-6354275  User: oesteban  Machine: dna050  Platform: Linux  PlatformVersion: 5.14.0-427.37.1.el9_4.x86_64  CompilerName: GCC  CompilerVersion: 8.4.0
ProgramName: mris_sphere  ProgramArguments: mris_sphere -all-info  ProgramVersion: 7.3.2  TimeStamp: 2026/03/12-16:43:25-GMT  BuildTime: Aug  4 2022 06:17:15  BuildStamp: freesurfer-linux-ubuntu22_x86_64-7.3.2-20220804-6354275  User: oesteban  Machine: dna050  Platform: Linux  PlatformVersion: 5.14.0-427.37.1.el9_4.x86_64  CompilerName: GCC  CompilerVersion: 8.4.0
ProgramName: mris_surface_stats  ProgramArguments: mris_surface_stats -all-info  ProgramVersion: 7.3.2  TimeStamp: 2026/03/12-16:43:25-GMT  BuildTime: Aug  4 2022 06:17:15  BuildStamp: freesurfer-linux-ubuntu22_x86_64-7.3.2-20220804-6354275  User: oesteban  Machine: dna050  Platform: Linux  PlatformVersion: 5.14.0-427.37.1.el9_4.x86_64  CompilerName: GCC  CompilerVersion: 8.4.0
ProgramName: mri_stats2seg  ProgramArguments: mri_stats2seg -all-info  ProgramVersion: 7.3.2  TimeStamp: 2026/03/12-16:43:25-GMT  BuildTime: Aug  4 2022 06:17:15  BuildStamp: freesurfer-linux-ubuntu22_x86_64-7.3.2-20220804-6354275  User: oesteban  Machine: dna050  Platform: Linux  PlatformVersion: 5.14.0-427.37.1.el9_4.x86_64  CompilerName: GCC  CompilerVersion: 8.4.0
ProgramName: mris_thickness  ProgramArguments: mris_thickness -all-info  ProgramVersion: 7.3.2  TimeStamp: 2026/03/12-16:43:25-GMT  BuildTime: Aug  4 2022 06:17:15  BuildStamp: freesurfer-linux-ubuntu22_x86_64-7.3.2-20220804-6354275  User: oesteban  Machine: dna050  Platform: Linux  PlatformVersion: 5.14.0-427.37.1.el9_4.x86_64  CompilerName: GCC  CompilerVersion: 8.4.0
ProgramName: mris_thickness_diff  ProgramArguments: mris_thickness_diff -all-info  ProgramVersion: 7.3.2  TimeStamp: 2026/03/12-16:43:25-GMT  BuildTime: Aug  4 2022 06:17:15  BuildStamp: freesurfer-linux-ubuntu22_x86_64-7.3.2-20220804-6354275  User: oesteban  Machine: dna050  Platform: Linux  PlatformVersion: 5.14.0-427.37.1.el9_4.x86_64  CompilerName: GCC  CompilerVersion: 8.4.0
ProgramName: mris_topo_fixer  ProgramArguments: mris_topo_fixer -all-info  ProgramVersion: 7.3.2  TimeStamp: 2026/03/12-16:43:25-GMT  BuildTime: Aug  4 2022 06:17:15  BuildStamp: freesurfer-linux-ubuntu22_x86_64-7.3.2-20220804-6354275  User: oesteban  Machine: dna050  Platform: Linux  PlatformVersion: 5.14.0-427.37.1.el9_4.x86_64  CompilerName: GCC  CompilerVersion: 8.4.0
ProgramName: mri_surf2surf  ProgramArguments: mri_surf2surf -all-info  ProgramVersion: 7.3.2  TimeStamp: 2026/03/12-16:43:25-GMT  BuildTime: Aug  4 2022 06:17:15  BuildStamp: freesurfer-linux-ubuntu22_x86_64-7.3.2-20220804-6354275  User: oesteban  Machine: dna050  Platform: Linux  PlatformVersion: 5.14.0-427.37.1.el9_4.x86_64  CompilerName: GCC  CompilerVersion: 8.4.0
ProgramName: mri_surf2vol  ProgramArguments: mri_surf2vol -all-info  ProgramVersion: 7.3.2  TimeStamp: 2026/03/12-16:43:25-GMT  BuildTime: Aug  4 2022 06:17:15  BuildStamp: freesurfer-linux-ubuntu22_x86_64-7.3.2-20220804-6354275  User: oesteban  Machine: dna050  Platform: Linux  PlatformVersion: 5.14.0-427.37.1.el9_4.x86_64  CompilerName: GCC  CompilerVersion: 8.4.0
ProgramName: mri_surfcluster  ProgramArguments: mri_surfcluster -all-info  ProgramVersion: 7.3.2  TimeStamp: 2026/03/12-16:43:25-GMT  BuildTime: Aug  4 2022 06:17:15  BuildStamp: freesurfer-linux-ubuntu22_x86_64-7.3.2-20220804-6354275  User: oesteban  Machine: dna050  Platform: Linux  PlatformVersion: 5.14.0-427.37.1.el9_4.x86_64  CompilerName: GCC  CompilerVersion: 8.4.0
ProgramName: mris_volmask  ProgramArguments: mris_volmask -all-info  ProgramVersion: 7.3.2  TimeStamp: 2026/03/12-16:43:25-GMT  BuildTime: Aug  4 2022 06:17:15  BuildStamp: freesurfer-linux-ubuntu22_x86_64-7.3.2-20220804-6354275  User: oesteban  Machine: dna050  Platform: Linux  PlatformVersion: 5.14.0-427.37.1.el9_4.x86_64  CompilerName: GCC  CompilerVersion: 8.4.0
ProgramName: mri_tessellate  ProgramArguments: mri_tessellate -all-info  ProgramVersion: 7.3.2  TimeStamp: 2026/03/12-16:43:25-GMT  BuildTime: Aug  4 2022 06:17:15  BuildStamp: freesurfer-linux-ubuntu22_x86_64-7.3.2-20220804-6354275  User: oesteban  Machine: dna050  Platform: Linux  PlatformVersion: 5.14.0-427.37.1.el9_4.x86_64  CompilerName: GCC  CompilerVersion: 8.4.0
ProgramName: mri_vol2surf  ProgramArguments: mri_vol2surf -all-info  ProgramVersion: 7.3.2  TimeStamp: 2026/03/12-16:43:25-GMT  BuildTime: Aug  4 2022 06:17:15  BuildStamp: freesurfer-linux-ubuntu22_x86_64-7.3.2-20220804-6354275  User: oesteban  Machine: dna050  Platform: Linux  PlatformVersion: 5.14.0-427.37.1.el9_4.x86_64  CompilerName: GCC  CompilerVersion: 8.4.0
ProgramName: mri_vol2vol  ProgramArguments: mri_vol2vol -all-info  ProgramVersion: 7.3.2  TimeStamp: 2026/03/12-16:43:25-GMT  BuildTime: Aug  4 2022 06:17:15  BuildStamp: freesurfer-linux-ubuntu22_x86_64-7.3.2-20220804-6354275  User: oesteban  Machine: dna050  Platform: Linux  PlatformVersion: 5.14.0-427.37.1.el9_4.x86_64  CompilerName: GCC  CompilerVersion: 8.4.0
ProgramName: mri_voldiff  ProgramArguments: mri_voldiff -all-info  ProgramVersion: 7.3.2  TimeStamp: 2026/03/12-16:43:25-GMT  BuildTime: Aug  4 2022 06:17:15  BuildStamp: freesurfer-linux-ubuntu22_x86_64-7.3.2-20220804-6354275  User: oesteban  Machine: dna050  Platform: Linux  PlatformVersion: 5.14.0-427.37.1.el9_4.x86_64  CompilerName: GCC  CompilerVersion: 8.4.0
ProgramName: mri_watershed  ProgramArguments: mri_watershed -all-info  ProgramVersion: 7.3.2  TimeStamp: 2026/03/12-16:43:25-GMT  BuildTime: Aug  4 2022 06:17:15  BuildStamp: freesurfer-linux-ubuntu22_x86_64-7.3.2-20220804-6354275  User: oesteban  Machine: dna050  Platform: Linux  PlatformVersion: 5.14.0-427.37.1.el9_4.x86_64  CompilerName: GCC  CompilerVersion: 8.4.0
ProgramName: tkregister2  ProgramArguments: tkregister2_cmdl -all-info  ProgramVersion: 7.3.2  TimeStamp: 2026/03/12-16:43:25-GMT  BuildTime: Aug  4 2022 06:17:15  BuildStamp: freesurfer-linux-ubuntu22_x86_64-7.3.2-20220804-6354275  User: oesteban  Machine: dna050  Platform: Linux  PlatformVersion: 5.14.0-427.37.1.el9_4.x86_64  CompilerName: GCC  CompilerVersion: 8.4.0
mri_motion_correct.fsl 7.3.2
mri_convert -all-info 
ProgramName: mri_convert  ProgramArguments: mri_convert -all-info  ProgramVersion: 7.3.2  TimeStamp: 2026/03/12-16:43:25-GMT  BuildTime: Aug  4 2022 06:17:15  BuildStamp: freesurfer-linux-ubuntu22_x86_64-7.3.2-20220804-6354275  User: oesteban  Machine: dna050  Platform: Linux  PlatformVersion: 5.14.0-427.37.1.el9_4.x86_64  CompilerName: GCC  CompilerVersion: 8.4.0
Program nu_correct, built from:
Package MNI N3, version 1.12.0, compiled by nicks@terrier (x86_64-unknown-linux-gnu) on 2015-06-19 at 01:25:34
#######################################
GCADIR /opt/freesurfer/average
GCA RB_all_2020-01-02.gca
GCASkull RB_all_withskull_2020_01_02.gca
AvgCurvTif folding.atlas.acfb40.noaparc.i12.2016-08-02.tif
GCSDIR /opt/freesurfer/average
GCS DKaparc.atlas.acfb40.noaparc.i12.2016-08-02.gcs
#######################################
#--------------------------------------------
#@# AutoDetGWStats lh Thu Mar 12 17:43:25 CET 2026
cd /out/sourcedata/freesurfer/sub-v1s20x0050273_ses-1/mri
mris_autodet_gwstats --o ../surf/autodet.gw.stats.lh.dat --i brain.finalsurfs.mgz --wm wm.mgz --surf ../surf/lh.orig.premesh
  Update not needed
#--------------------------------------------
#@# WhitePreAparc lh Thu Mar 12 17:43:25 CET 2026
cd /out/sourcedata/freesurfer/sub-v1s20x0050273_ses-1/mri
mris_place_surface --adgws-in ../surf/autodet.gw.stats.lh.dat --wm wm.mgz --threads 16 --invol brain.finalsurfs.mgz --lh --i ../surf/lh.orig --o ../surf/lh.white.preaparc --white --seg aseg.presurf.mgz --nsmooth 5
   Update not needed
#--------------------------------------------
#@# CortexLabel lh Thu Mar 12 17:43:25 CET 2026
cd /out/sourcedata/freesurfer/sub-v1s20x0050273_ses-1/mri
mri_label2label --label-cortex ../surf/lh.white.preaparc aseg.presurf.mgz 0 ../label/lh.cortex.label
   Update not needed
#--------------------------------------------
#@# CortexLabel+HipAmyg lh Thu Mar 12 17:43:25 CET 2026
cd /out/sourcedata/freesurfer/sub-v1s20x0050273_ses-1/mri
mri_label2label --label-cortex ../surf/lh.white.preaparc aseg.presurf.mgz 1 ../label/lh.cortex+hipamyg.label
   Update not needed
#@# white curv lh Thu Mar 12 17:43:25 CET 2026
cd /out/sourcedata/freesurfer/sub-v1s20x0050273_ses-1/mri
mris_place_surface --curv-map ../surf/lh.white 2 10 ../surf/lh.curv
   Update not needed
#@# white area lh Thu Mar 12 17:43:25 CET 2026
cd /out/sourcedata/freesurfer/sub-v1s20x0050273_ses-1/mri
mris_place_surface --area-map ../surf/lh.white ../surf/lh.area
   Update not needed
#@# pial curv lh Thu Mar 12 17:43:25 CET 2026
cd /out/sourcedata/freesurfer/sub-v1s20x0050273_ses-1/mri
mris_place_surface --curv-map ../surf/lh.pial 2 10 ../surf/lh.curv.pial
   Update not needed
#@# pial area lh Thu Mar 12 17:43:25 CET 2026
cd /out/sourcedata/freesurfer/sub-v1s20x0050273_ses-1/mri
mris_place_surface --area-map ../surf/lh.pial ../surf/lh.area.pial
   Update not needed
#@# thickness lh Thu Mar 12 17:43:25 CET 2026
cd /out/sourcedata/freesurfer/sub-v1s20x0050273_ses-1/mri
mris_place_surface --thickness ../surf/lh.white ../surf/lh.pial 20 5 ../surf/lh.thickness
   Update not needed
#@# area and vertex vol lh Thu Mar 12 17:43:25 CET 2026
cd /out/sourcedata/freesurfer/sub-v1s20x0050273_ses-1/mri
mris_place_surface --thickness ../surf/lh.white ../surf/lh.pial 20 5 ../surf/lh.thickness
   Update not needed
#-----------------------------------------
#@# Parcellation Stats lh Thu Mar 12 17:43:25 CET 2026
/out/sourcedata/freesurfer/sub-v1s20x0050273_ses-1/scripts

 mris_anatomical_stats -th3 -mgz -noglobal -cortex ../label/lh.cortex.label -f ../stats/lh.aparc.stats -b -a ../label/lh.aparc.annot -c ../label/aparc.annot.ctab sub-v1s20x0050273_ses-1 lh white 

computing statistics for each annotation in ../label/lh.aparc.annot.
reading volume /out/sourcedata/freesurfer/sub-v1s20x0050273_ses-1/mri/wm.mgz...
reading input surface /out/sourcedata/freesurfer/sub-v1s20x0050273_ses-1/surf/lh.white...
reading input pial surface /out/sourcedata/freesurfer/sub-v1s20x0050273_ses-1/surf/lh.pial...
reading input white surface /out/sourcedata/freesurfer/sub-v1s20x0050273_ses-1/surf/lh.white...
INFO: using TH3 volume calc
INFO: assuming MGZ format for volumes.
INFO: not computing global stats
INFO: using ../label/lh.cortex.label as mask to calc cortex NumVert, SurfArea and MeanThickness.
Using TH3 vertex volume calc
Total face volume 287081
Total vertex volume 286873 (mask=0)
Saving annotation colortable ../label/aparc.annot.ctab

table columns are:
    number of vertices
    total surface area (mm^2)
    total gray matter volume (mm^3)
    average cortical thickness +- standard deviation (mm)
    integrated rectified mean curvature
    integrated rectified Gaussian curvature
    folding index
    intrinsic curvature index
    structure name

 1845   1197   3264  2.684 0.500     0.075     0.011        7     0.8  bankssts
  781    549   1608  2.757 0.749     0.133     0.028       11     1.0  caudalanteriorcingulate
 3349   2334   6943  2.646 0.648     0.114     0.023       27     3.4  caudalmiddlefrontal
 2537   1727   2622  1.563 0.433     0.142     0.035       33     3.8  cuneus
 1177    775   2282  2.608 0.903     0.145     0.051       18     2.4  entorhinal
 5137   3647  11578  2.755 0.675     0.132     0.032       66     6.7  fusiform
 7706   5334  15429  2.538 0.617     0.118     0.023       81     7.5  inferiorparietal
 6150   4346  13899  2.790 0.742     0.131     0.034       91    10.0  inferiortemporal
 1803   1263   3334  2.233 0.986     0.115     0.028       21     1.8  isthmuscingulate
 7850   5835  15373  2.270 0.689     0.143     0.036       98    12.3  lateraloccipital
 4693   3066   7924  2.542 0.742     0.118     0.032       47     5.9  lateralorbitofrontal
 4429   3300   7680  2.122 0.701     0.144     0.038       58     7.1  lingual
 3822   2562   8183  2.662 0.845     0.124     0.041       55     6.2  medialorbitofrontal
 5423   3861  14303  3.039 0.637     0.127     0.028       73     6.4  middletemporal
 1101    746   2477  2.952 0.985     0.123     0.034       14     1.5  parahippocampal
 2584   1633   3598  2.121 0.608     0.106     0.024       18     2.6  paracentral
 3052   2126   6434  2.649 0.575     0.113     0.025       27     3.0  parsopercularis
 1224    789   2296  2.328 0.723     0.136     0.036       17     1.6  parsorbitalis
 2243   1593   5113  2.757 0.617     0.125     0.027       22     2.5  parstriangularis
 1760   1257   1802  1.652 0.505     0.148     0.044       28     3.4  pericalcarine
 7301   4699  11183  2.113 0.702     0.107     0.022       55     6.6  postcentral
 2044   1446   4129  2.630 0.894     0.123     0.026       23     2.4  posteriorcingulate
 9033   5780  16647  2.609 0.690     0.106     0.023       66     8.5  precentral
 5942   4143  10298  2.344 0.713     0.118     0.025       55     6.5  precuneus
 1220    858   2875  2.869 0.784     0.106     0.021       11     1.0  rostralanteriorcingulate
 9617   7024  21376  2.613 0.621     0.132     0.031      115    12.2  rostralmiddlefrontal
13314   9147  28708  2.808 0.684     0.118     0.030      126    16.1  superiorfrontal
 7571   5132  12869  2.221 0.669     0.124     0.026       75     8.0  superiorparietal
 7016   4760  15441  2.919 0.805     0.106     0.021       59     6.5  superiortemporal
 7111   5002  14168  2.584 0.661     0.121     0.025       70     7.2  supramarginal
  355    298   1387  3.164 0.653     0.158     0.040        6     0.6  frontalpole
  806    616   2986  3.606 0.864     0.131     0.036       12     1.5  temporalpole
  647    445   1144  2.531 0.527     0.124     0.022        8     0.5  transversetemporal
 3755   2560   7521  3.041 0.774     0.126     0.034       40     4.9  insula

 mris_anatomical_stats -th3 -mgz -noglobal -cortex ../label/lh.cortex.label -f ../stats/lh.aparc.pial.stats -b -a ../label/lh.aparc.annot -c ../label/aparc.annot.ctab sub-v1s20x0050273_ses-1 lh pial 

computing statistics for each annotation in ../label/lh.aparc.annot.
reading volume /out/sourcedata/freesurfer/sub-v1s20x0050273_ses-1/mri/wm.mgz...
reading input surface /out/sourcedata/freesurfer/sub-v1s20x0050273_ses-1/surf/lh.pial...
reading input pial surface /out/sourcedata/freesurfer/sub-v1s20x0050273_ses-1/surf/lh.pial...
reading input white surface /out/sourcedata/freesurfer/sub-v1s20x0050273_ses-1/surf/lh.white...
INFO: using TH3 volume calc
INFO: assuming MGZ format for volumes.
INFO: not computing global stats
INFO: using ../label/lh.cortex.label as mask to calc cortex NumVert, SurfArea and MeanThickness.
Using TH3 vertex volume calc
Total face volume 287081
Total vertex volume 286873 (mask=0)
Saving annotation colortable ../label/aparc.annot.ctab

table columns are:
    number of vertices
    total surface area (mm^2)
    total gray matter volume (mm^3)
    average cortical thickness +- standard deviation (mm)
    integrated rectified mean curvature
    integrated rectified Gaussian curvature
    folding index
    intrinsic curvature index
    structure name

 1845   1191   3264  2.684 0.500     0.101     0.025       21     1.7  bankssts
  781    662   1608  2.757 0.749     0.204     0.073       28     2.4  caudalanteriorcingulate
 3349   2820   6943  2.646 0.648     0.133     0.037       81     4.6  caudalmiddlefrontal
 2537   1849   2622  1.563 0.433     0.129     0.037       38     3.7  cuneus
 1177   1088   2282  2.608 0.903     0.215     0.081       31     4.1  entorhinal
 5137   4905  11578  2.755 0.675     0.167     0.047      143     9.4  fusiform
 7706   6789  15429  2.538 0.617     0.142     0.032      126    11.0  inferiorparietal
 6150   5653  13899  2.790 0.742     0.164     0.044      146    11.1  inferiortemporal
 1803   1647   3334  2.233 0.986     0.146     0.038       44     2.8  isthmuscingulate
 7850   7859  15373  2.270 0.689     0.168     0.040      145    14.1  lateraloccipital
 4693   3410   7924  2.542 0.742     0.140     0.045      168     8.6  lateralorbitofrontal
 4429   4389   7680  2.122 0.701     0.177     0.050      114     8.4  lingual
 3822   3615   8183  2.662 0.845     0.170     0.046       90     7.6  medialorbitofrontal
 5423   5480  14303  3.039 0.637     0.166     0.041      128     9.0  middletemporal
 1101    977   2477  2.952 0.985     0.188     0.055       24     2.5  parahippocampal
 2584   1888   3598  2.121 0.608     0.114     0.027       28     2.9  paracentral
 3052   2717   6434  2.649 0.575     0.141     0.031       55     4.0  parsopercularis
 1224   1171   2296  2.328 0.723     0.147     0.033       24     1.9  parsorbitalis
 2243   2116   5113  2.757 0.617     0.158     0.035      113     3.1  parstriangularis
 1760   1030   1802  1.652 0.505     0.124     0.046       48     2.2  pericalcarine
 7301   5916  11183  2.113 0.702     0.119     0.027       72     8.5  postcentral
 2044   1724   4129  2.630 0.894     0.169     0.045      188     4.3  posteriorcingulate
 9033   6776  16647  2.609 0.690     0.109     0.024      115     8.8  precentral
 5942   4693  10298  2.344 0.713     0.141     0.035      106     9.1  precuneus
 1220   1111   2875  2.869 0.784     0.166     0.044       46     2.2  rostralanteriorcingulate
 9617   9258  21376  2.613 0.621     0.164     0.038      228    16.1  rostralmiddlefrontal
13314  11213  28708  2.808 0.684     0.143     0.039      247    20.0  superiorfrontal
 7571   6315  12869  2.221 0.669     0.132     0.033      119     9.6  superiorparietal
 7016   5783  15441  2.919 0.805     0.136     0.032     1801     9.2  superiortemporal
 7111   5950  14168  2.584 0.661     0.137     0.031      115     9.3  supramarginal
  355    584   1387  3.164 0.653     0.238     0.052        8     0.8  frontalpole
  806   1028   2986  3.606 0.864     0.179     0.039       17     1.3  temporalpole
  647    511   1144  2.531 0.527     0.130     0.030       63     0.6  transversetemporal
 3755   2497   7521  3.041 0.774     0.151     0.052      205     6.7  insula
#-----------------------------------------
#@# Parcellation Stats 2 lh Thu Mar 12 17:43:47 CET 2026
/out/sourcedata/freesurfer/sub-v1s20x0050273_ses-1/scripts

 mris_anatomical_stats -th3 -mgz -noglobal -cortex ../label/lh.cortex.label -f ../stats/lh.aparc.a2009s.stats -b -a ../label/lh.aparc.a2009s.annot -c ../label/aparc.annot.a2009s.ctab sub-v1s20x0050273_ses-1 lh white 

computing statistics for each annotation in ../label/lh.aparc.a2009s.annot.
reading volume /out/sourcedata/freesurfer/sub-v1s20x0050273_ses-1/mri/wm.mgz...
reading input surface /out/sourcedata/freesurfer/sub-v1s20x0050273_ses-1/surf/lh.white...
reading input pial surface /out/sourcedata/freesurfer/sub-v1s20x0050273_ses-1/surf/lh.pial...
reading input white surface /out/sourcedata/freesurfer/sub-v1s20x0050273_ses-1/surf/lh.white...
INFO: using TH3 volume calc
INFO: assuming MGZ format for volumes.
INFO: not computing global stats
INFO: using ../label/lh.cortex.label as mask to calc cortex NumVert, SurfArea and MeanThickness.
Using TH3 vertex volume calc
Total face volume 287081
Total vertex volume 286873 (mask=0)
Saving annotation colortable ../label/aparc.annot.a2009s.ctab

table columns are:
    number of vertices
    total surface area (mm^2)
    total gray matter volume (mm^3)
    average cortical thickness +- standard deviation (mm)
    integrated rectified mean curvature
    integrated rectified Gaussian curvature
    folding index
    intrinsic curvature index
    structure name

 1298    990   3011  2.678 0.659     0.140     0.034       17     2.0  G_and_S_frontomargin
 1828   1311   4115  2.561 0.653     0.131     0.030       21     2.2  G_and_S_occipital_inf
 1950   1211   2974  2.144 0.610     0.112     0.026       16     2.2  G_and_S_paracentral
 1904   1286   4363  2.861 0.659     0.117     0.025       17     1.8  G_and_S_subcentral
  682    552   2322  2.920 0.654     0.147     0.038       10     1.1  G_and_S_transv_frontopol
 2736   1889   6264  2.908 0.631     0.102     0.024       21     2.5  G_and_S_cingul-Ant
 1531   1045   2655  2.818 0.602     0.104     0.022       13     1.4  G_and_S_cingul-Mid-Ant
 1672   1119   3338  2.815 0.641     0.104     0.024       12     1.5  G_and_S_cingul-Mid-Post
  721    600   2387  3.175 0.843     0.180     0.048       13     1.6  G_cingul-Post-dorsal
  310    243    769  2.533 0.971     0.144     0.043        5     0.5  G_cingul-Post-ventral
 2246   1569   2687  1.542 0.529     0.144     0.033       30     3.3  G_cuneus
 1890   1323   4767  2.907 0.589     0.117     0.030       19     2.3  G_front_inf-Opercular
  554    380   1506  2.798 0.519     0.129     0.030        7     0.7  G_front_inf-Orbital
 1316    959   3653  2.894 0.607     0.137     0.030       18     1.7  G_front_inf-Triangul
 4689   3632  13854  2.823 0.709     0.151     0.037       72     7.5  G_front_middle
 8999   6238  21977  2.875 0.736     0.132     0.036      106    12.8  G_front_sup
  630    462   1336  2.753 0.644     0.158     0.045       11     1.1  G_Ins_lg_and_S_cent_ins
  933    700   2791  3.306 0.756     0.154     0.045       15     1.6  G_insular_short
 2313   1683   5995  2.677 0.580     0.146     0.034       35     3.3  G_occipital_middle
 1457   1043   2268  1.944 0.667     0.149     0.033       20     2.0  G_occipital_sup
 1756   1301   4850  2.903 0.641     0.139     0.036       28     2.4  G_oc-temp_lat-fusifor
 3188   2454   5817  2.008 0.672     0.162     0.046       51     6.2  G_oc-temp_med-Lingual
 1991   1345   4315  2.609 1.030     0.150     0.050       37     3.8  G_oc-temp_med-Parahip
 3025   1906   5921  2.445 0.816     0.126     0.039       43     4.2  G_orbital
 3197   2339   8469  2.784 0.656     0.139     0.031       52     3.9  G_pariet_inf-Angular
 3465   2524   8686  2.797 0.659     0.131     0.030       39     4.4  G_pariet_inf-Supramar
 2596   1799   5982  2.541 0.705     0.122     0.028       27     2.9  G_parietal_sup
 2946   1829   5184  2.279 0.673     0.113     0.025       26     3.1  G_postcentral
 3411   2131   7567  2.798 0.702     0.113     0.028       31     3.7  G_precentral
 2742   2013   6233  2.495 0.763     0.139     0.037       36     4.1  G_precuneus
 1232    826   3135  2.661 1.102     0.152     0.061       30     2.8  G_rectus
 1060    662   1793  2.519 0.861     0.129     0.052       15     2.2  G_subcallosal
  629    421   1146  2.346 0.533     0.097     0.019        6     0.4  G_temp_sup-G_T_transv
 2394   1666   7116  3.074 0.854     0.131     0.034       34     3.2  G_temp_sup-Lateral
 1112    714   2837  3.562 0.703     0.075     0.015        4     0.7  G_temp_sup-Plan_polar
 1164    807   2125  2.511 0.632     0.100     0.017        8     0.8  G_temp_sup-Plan_tempo
 2949   2144   7871  2.839 0.860     0.159     0.051       66     7.1  G_temporal_inf
 2952   2160   9444  3.201 0.610     0.141     0.036       52     4.3  G_temporal_middle
  414    284    673  2.526 0.600     0.110     0.017        3     0.3  Lat_Fis-ant-Horizont
  340    227    442  2.430 0.554     0.098     0.017        2     0.2  Lat_Fis-ant-Vertical
 1190    786   1474  2.412 0.691     0.112     0.020        8     1.1  Lat_Fis-post
 2062   1680   4032  2.030 0.626     0.177     0.055       36     5.2  Pole_occipital
 1896   1451   6202  3.087 0.835     0.151     0.043       32     3.8  Pole_temporal
 2406   1704   3006  2.062 0.793     0.131     0.035       30     3.9  S_calcarine
 3663   2388   3983  1.899 0.629     0.105     0.020       24     3.2  S_central
 1295    839   1688  2.309 0.641     0.088     0.013        5     0.7  S_cingul-Marginalis
  614    401    984  2.908 0.534     0.079     0.014        2     0.4  S_circular_insula_ant
 1631   1068   2898  3.476 0.760     0.086     0.016        7     1.1  S_circular_insula_inf
 1749   1115   2489  2.766 0.469     0.104     0.021       10     1.6  S_circular_insula_sup
 1627   1057   2891  2.904 0.570     0.085     0.013        6     0.9  S_collat_transv_ant
  447    303    503  1.945 0.521     0.120     0.022        3     0.4  S_collat_transv_post
 2876   2004   4862  2.465 0.513     0.113     0.024       22     2.7  S_front_inf
 1709   1178   2629  2.394 0.470     0.117     0.023       14     1.6  S_front_middle
 3412   2292   5428  2.463 0.543     0.091     0.017       16     2.4  S_front_sup
  342    243    511  2.464 0.635     0.106     0.020        2     0.2  S_interm_prim-Jensen
 3186   2126   4122  2.129 0.516     0.116     0.022       26     2.9  S_intrapariet_and_P_trans
 1226    833   1431  1.787 0.461     0.111     0.022        8     1.2  S_oc_middle_and_Lunatus
 1024    672   1217  2.067 0.493     0.107     0.018        6     0.8  S_oc_sup_and_transversal
  915    654   1432  2.296 0.443     0.115     0.025        8     1.1  S_occipital_ant
 1177    802   1754  2.531 0.440     0.118     0.024       12     1.3  S_oc-temp_lat
 1928   1306   3355  2.662 0.675     0.109     0.024       13     1.8  S_oc-temp_med_and_Lingual
  408    279    556  2.388 0.413     0.111     0.019        3     0.4  S_orbital_lateral
  827    585   1243  2.558 0.506     0.099     0.013        5     0.4  S_orbital_med-olfact
 1727   1140   2356  2.438 0.766     0.124     0.035       14     2.5  S_orbital-H_Shaped
 2562   1728   3265  2.084 0.649     0.116     0.024       21     2.7  S_parieto_occipital
 1494    900   1176  1.538 0.554     0.090     0.015       17     0.8  S_pericallosal
 3112   2049   3667  2.043 0.504     0.104     0.019       19     2.6  S_postcentral
 2106   1401   3315  2.507 0.474     0.091     0.015       11     1.4  S_precentral-inf-part
 1550    989   1980  2.289 0.450     0.091     0.015        7     1.0  S_precentral-sup-part
  921    631   1541  2.530 0.567     0.115     0.021        8     0.8  S_suborbital
 1094    753   1581  2.273 0.390     0.114     0.019        9     0.9  S_subparietal
 1983   1357   3399  2.727 0.589     0.102     0.015       12     1.5  S_temporal_inf
 7787   5179  12953  2.608 0.543     0.095     0.015       48     5.2  S_temporal_sup
  230    166    319  2.591 0.496     0.161     0.022        3     0.3  S_temporal_transverse
#-----------------------------------------
#@# Parcellation Stats 3 lh Thu Mar 12 17:43:59 CET 2026
/out/sourcedata/freesurfer/sub-v1s20x0050273_ses-1/scripts

 mris_anatomical_stats -th3 -mgz -noglobal -cortex ../label/lh.cortex.label -f ../stats/lh.aparc.DKTatlas.stats -b -a ../label/lh.aparc.DKTatlas.annot -c ../label/aparc.annot.DKTatlas.ctab sub-v1s20x0050273_ses-1 lh white 

computing statistics for each annotation in ../label/lh.aparc.DKTatlas.annot.
reading volume /out/sourcedata/freesurfer/sub-v1s20x0050273_ses-1/mri/wm.mgz...
reading input surface /out/sourcedata/freesurfer/sub-v1s20x0050273_ses-1/surf/lh.white...
reading input pial surface /out/sourcedata/freesurfer/sub-v1s20x0050273_ses-1/surf/lh.pial...
reading input white surface /out/sourcedata/freesurfer/sub-v1s20x0050273_ses-1/surf/lh.white...
INFO: using TH3 volume calc
INFO: assuming MGZ format for volumes.
INFO: not computing global stats
INFO: using ../label/lh.cortex.label as mask to calc cortex NumVert, SurfArea and MeanThickness.
Using TH3 vertex volume calc
Total face volume 287081
Total vertex volume 286873 (mask=0)
Saving annotation colortable ../label/aparc.annot.DKTatlas.ctab

table columns are:
    number of vertices
    total surface area (mm^2)
    total gray matter volume (mm^3)
    average cortical thickness +- standard deviation (mm)
    integrated rectified mean curvature
    integrated rectified Gaussian curvature
    folding index
    intrinsic curvature index
    structure name

 1577   1091   2968  2.698 0.675     0.114     0.026       16     1.6  caudalanteriorcingulate
 3606   2512   7403  2.622 0.648     0.111     0.022       28     3.5  caudalmiddlefrontal
 3545   2433   4212  1.664 0.516     0.136     0.032       41     4.9  cuneus
 1013    678   1984  2.595 0.931     0.137     0.046       14     1.9  entorhinal
 4613   3241  10002  2.732 0.668     0.129     0.031       59     5.8  fusiform
 7913   5483  15827  2.527 0.628     0.120     0.023       87     7.7  inferiorparietal
 6224   4386  14089  2.786 0.756     0.132     0.036       92    10.4  inferiortemporal
 1745   1220   3216  2.241 0.983     0.115     0.029       20     1.8  isthmuscingulate
 7881   5854  15437  2.265 0.687     0.143     0.036      100    12.3  lateraloccipital
 5027   3335   9019  2.527 0.787     0.124     0.036       59     7.0  lateralorbitofrontal
 4501   3361   7781  2.114 0.693     0.146     0.038       59     7.4  lingual
 2999   2028   6480  2.642 0.880     0.131     0.045       47     5.2  medialorbitofrontal
 7320   5178  18027  2.957 0.617     0.120     0.026       86     8.0  middletemporal
 1149    778   2549  2.928 0.976     0.125     0.033       14     1.4  parahippocampal
 3238   2064   4707  2.236 0.647     0.108     0.026       23     3.5  paracentral
 2827   1989   6178  2.689 0.560     0.116     0.027       26     2.9  parsopercularis
 1275    819   2229  2.442 0.608     0.121     0.029       12     1.6  parsorbitalis
 2829   2001   6145  2.710 0.607     0.123     0.026       28     3.1  parstriangularis
 1741   1240   1786  1.655 0.504     0.150     0.045       28     3.5  pericalcarine
 8118   5227  12442  2.133 0.697     0.108     0.022       62     7.5  postcentral
 2314   1630   4509  2.623 0.872     0.122     0.026       25     2.7  posteriorcingulate
 8956   5732  16551  2.623 0.687     0.106     0.023       66     8.5  precentral
 5721   4005  10228  2.378 0.725     0.120     0.026       54     6.2  precuneus
 1971   1344   4248  2.848 0.728     0.103     0.024       18     2.0  rostralanteriorcingulate
 7033   5107  15710  2.594 0.655     0.133     0.031       85     9.3  rostralmiddlefrontal
14034   9784  31671  2.797 0.678     0.122     0.031      142    16.9  superiorfrontal
 5974   4012  10095  2.251 0.671     0.120     0.026       58     6.2  superiorparietal
 9163   6230  20814  2.954 0.814     0.106     0.023       80     8.9  superiortemporal
 6237   4413  12705  2.596 0.665     0.120     0.026       59     6.5  supramarginal
  660    453   1171  2.557 0.506     0.128     0.023        8     0.6  transversetemporal
 3194   2223   6693  3.114 0.749     0.128     0.033       35     4.1  insula
/out/sourcedata/freesurfer/sub-v1s20x0050273_ses-1/label
#--------------------------------------------
#@# BA_exvivo Labels lh Thu Mar 12 17:44:10 CET 2026

 mri_label2label --srcsubject fsaverage --srclabel /out/sourcedata/freesurfer/fsaverage/label/lh.BA1_exvivo.label --trgsubject sub-v1s20x0050273_ses-1 --trglabel ./lh.BA1_exvivo.label --hemi lh --regmethod surface 


srclabel = /out/sourcedata/freesurfer/fsaverage/label/lh.BA1_exvivo.label
srcsubject = fsaverage
trgsubject = sub-v1s20x0050273_ses-1
trglabel = ./lh.BA1_exvivo.label
regmethod = surface

srchemi = lh
trghemi = lh
trgsurface = white
srcsurfreg = sphere.reg
trgsurfreg = sphere.reg
usehash = 1
Use ProjAbs  = 0, 0
Use ProjFrac = 0, 0
DoPaint 0

SUBJECTS_DIR    /out/sourcedata/freesurfer
FREESURFER_HOME /opt/freesurfer
Loading source label.
Found 4129 points in source label.
Starting surface-based mapping
Reading source registration 
 /out/sourcedata/freesurfer/fsaverage/surf/lh.sphere.reg
Rescaling ...  original radius = 100
Reading target surface 
 /out/sourcedata/freesurfer/sub-v1s20x0050273_ses-1/surf/lh.white
Reading target registration 
 /out/sourcedata/freesurfer/sub-v1s20x0050273_ses-1/surf/lh.sphere.reg
Rescaling ...  original radius = 100
Building target registration hash (res=16).
Building source registration hash (res=16).
INFO: found  4129 nlabel points
Performing mapping from target back to the source label 152995
Number of reverse mapping hits = 360
Checking for and removing duplicates
Writing label file ./lh.BA1_exvivo.label 4489
mri_label2label: Done


 mri_label2label --srcsubject fsaverage --srclabel /out/sourcedata/freesurfer/fsaverage/label/lh.BA2_exvivo.label --trgsubject sub-v1s20x0050273_ses-1 --trglabel ./lh.BA2_exvivo.label --hemi lh --regmethod surface 


srclabel = /out/sourcedata/freesurfer/fsaverage/label/lh.BA2_exvivo.label
srcsubject = fsaverage
trgsubject = sub-v1s20x0050273_ses-1
trglabel = ./lh.BA2_exvivo.label
regmethod = surface

srchemi = lh
trghemi = lh
trgsurface = white
srcsurfreg = sphere.reg
trgsurfreg = sphere.reg
usehash = 1
Use ProjAbs  = 0, 0
Use ProjFrac = 0, 0
DoPaint 0

SUBJECTS_DIR    /out/sourcedata/freesurfer
FREESURFER_HOME /opt/freesurfer
Loading source label.
Found 7909 points in source label.
Starting surface-based mapping
Reading source registration 
 /out/sourcedata/freesurfer/fsaverage/surf/lh.sphere.reg
Rescaling ...  original radius = 100
Reading target surface 
 /out/sourcedata/freesurfer/sub-v1s20x0050273_ses-1/surf/lh.white
Reading target registration 
 /out/sourcedata/freesurfer/sub-v1s20x0050273_ses-1/surf/lh.sphere.reg
Rescaling ...  original radius = 100
Building target registration hash (res=16).
Building source registration hash (res=16).
INFO: found  7909 nlabel points
Performing mapping from target back to the source label 152995
Number of reverse mapping hits = 479
Checking for and removing duplicates
Writing label file ./lh.BA2_exvivo.label 8388
mri_label2label: Done


 mri_label2label --srcsubject fsaverage --srclabel /out/sourcedata/freesurfer/fsaverage/label/lh.BA3a_exvivo.label --trgsubject sub-v1s20x0050273_ses-1 --trglabel ./lh.BA3a_exvivo.label --hemi lh --regmethod surface 


srclabel = /out/sourcedata/freesurfer/fsaverage/label/lh.BA3a_exvivo.label
srcsubject = fsaverage
trgsubject = sub-v1s20x0050273_ses-1
trglabel = ./lh.BA3a_exvivo.label
regmethod = surface

srchemi = lh
trghemi = lh
trgsurface = white
srcsurfreg = sphere.reg
trgsurfreg = sphere.reg
usehash = 1
Use ProjAbs  = 0, 0
Use ProjFrac = 0, 0
DoPaint 0

SUBJECTS_DIR    /out/sourcedata/freesurfer
FREESURFER_HOME /opt/freesurfer
Loading source label.
Found 4077 points in source label.
Starting surface-based mapping
Reading source registration 
 /out/sourcedata/freesurfer/fsaverage/surf/lh.sphere.reg
Rescaling ...  original radius = 100
Reading target surface 
 /out/sourcedata/freesurfer/sub-v1s20x0050273_ses-1/surf/lh.white
Reading target registration 
 /out/sourcedata/freesurfer/sub-v1s20x0050273_ses-1/surf/lh.sphere.reg
Rescaling ...  original radius = 100
Building target registration hash (res=16).
Building source registration hash (res=16).
INFO: found  4077 nlabel points
Performing mapping from target back to the source label 152995
Number of reverse mapping hits = 180
Checking for and removing duplicates
Writing label file ./lh.BA3a_exvivo.label 4257
mri_label2label: Done


 mri_label2label --srcsubject fsaverage --srclabel /out/sourcedata/freesurfer/fsaverage/label/lh.BA3b_exvivo.label --trgsubject sub-v1s20x0050273_ses-1 --trglabel ./lh.BA3b_exvivo.label --hemi lh --regmethod surface 


srclabel = /out/sourcedata/freesurfer/fsaverage/label/lh.BA3b_exvivo.label
srcsubject = fsaverage
trgsubject = sub-v1s20x0050273_ses-1
trglabel = ./lh.BA3b_exvivo.label
regmethod = surface

srchemi = lh
trghemi = lh
trgsurface = white
srcsurfreg = sphere.reg
trgsurfreg = sphere.reg
usehash = 1
Use ProjAbs  = 0, 0
Use ProjFrac = 0, 0
DoPaint 0

SUBJECTS_DIR    /out/sourcedata/freesurfer
FREESURFER_HOME /opt/freesurfer
Loading source label.
Found 5983 points in source label.
Starting surface-based mapping
Reading source registration 
 /out/sourcedata/freesurfer/fsaverage/surf/lh.sphere.reg
Rescaling ...  original radius = 100
Reading target surface 
 /out/sourcedata/freesurfer/sub-v1s20x0050273_ses-1/surf/lh.white
Reading target registration 
 /out/sourcedata/freesurfer/sub-v1s20x0050273_ses-1/surf/lh.sphere.reg
Rescaling ...  original radius = 100
Building target registration hash (res=16).
Building source registration hash (res=16).
INFO: found  5983 nlabel points
Performing mapping from target back to the source label 152995
Number of reverse mapping hits = 406
Checking for and removing duplicates
Writing label file ./lh.BA3b_exvivo.label 6389
mri_label2label: Done


 mri_label2label --srcsubject fsaverage --srclabel /out/sourcedata/freesurfer/fsaverage/label/lh.BA4a_exvivo.label --trgsubject sub-v1s20x0050273_ses-1 --trglabel ./lh.BA4a_exvivo.label --hemi lh --regmethod surface 


srclabel = /out/sourcedata/freesurfer/fsaverage/label/lh.BA4a_exvivo.label
srcsubject = fsaverage
trgsubject = sub-v1s20x0050273_ses-1
trglabel = ./lh.BA4a_exvivo.label
regmethod = surface

srchemi = lh
trghemi = lh
trgsurface = white
srcsurfreg = sphere.reg
trgsurfreg = sphere.reg
usehash = 1
Use ProjAbs  = 0, 0
Use ProjFrac = 0, 0
DoPaint 0

SUBJECTS_DIR    /out/sourcedata/freesurfer
FREESURFER_HOME /opt/freesurfer
Loading source label.
Found 5784 points in source label.
Starting surface-based mapping
Reading source registration 
 /out/sourcedata/freesurfer/fsaverage/surf/lh.sphere.reg
Rescaling ...  original radius = 100
Reading target surface 
 /out/sourcedata/freesurfer/sub-v1s20x0050273_ses-1/surf/lh.white
Reading target registration 
 /out/sourcedata/freesurfer/sub-v1s20x0050273_ses-1/surf/lh.sphere.reg
Rescaling ...  original radius = 100
Building target registration hash (res=16).
Building source registration hash (res=16).
INFO: found  5784 nlabel points
Performing mapping from target back to the source label 152995
Number of reverse mapping hits = 672
Checking for and removing duplicates
Writing label file ./lh.BA4a_exvivo.label 6456
mri_label2label: Done


 mri_label2label --srcsubject fsaverage --srclabel /out/sourcedata/freesurfer/fsaverage/label/lh.BA4p_exvivo.label --trgsubject sub-v1s20x0050273_ses-1 --trglabel ./lh.BA4p_exvivo.label --hemi lh --regmethod surface 


srclabel = /out/sourcedata/freesurfer/fsaverage/label/lh.BA4p_exvivo.label
srcsubject = fsaverage
trgsubject = sub-v1s20x0050273_ses-1
trglabel = ./lh.BA4p_exvivo.label
regmethod = surface

srchemi = lh
trghemi = lh
trgsurface = white
srcsurfreg = sphere.reg
trgsurfreg = sphere.reg
usehash = 1
Use ProjAbs  = 0, 0
Use ProjFrac = 0, 0
DoPaint 0

SUBJECTS_DIR    /out/sourcedata/freesurfer
FREESURFER_HOME /opt/freesurfer
Loading source label.
Found 4070 points in source label.
Starting surface-based mapping
Reading source registration 
 /out/sourcedata/freesurfer/fsaverage/surf/lh.sphere.reg
Rescaling ...  original radius = 100
Reading target surface 
 /out/sourcedata/freesurfer/sub-v1s20x0050273_ses-1/surf/lh.white
Reading target registration 
 /out/sourcedata/freesurfer/sub-v1s20x0050273_ses-1/surf/lh.sphere.reg
Rescaling ...  original radius = 100
Building target registration hash (res=16).
Building source registration hash (res=16).
INFO: found  4070 nlabel points
Performing mapping from target back to the source label 152995
Number of reverse mapping hits = 333
Checking for and removing duplicates
Writing label file ./lh.BA4p_exvivo.label 4403
mri_label2label: Done


 mri_label2label --srcsubject fsaverage --srclabel /out/sourcedata/freesurfer/fsaverage/label/lh.BA6_exvivo.label --trgsubject sub-v1s20x0050273_ses-1 --trglabel ./lh.BA6_exvivo.label --hemi lh --regmethod surface 


srclabel = /out/sourcedata/freesurfer/fsaverage/label/lh.BA6_exvivo.label
srcsubject = fsaverage
trgsubject = sub-v1s20x0050273_ses-1
trglabel = ./lh.BA6_exvivo.label
regmethod = surface

srchemi = lh
trghemi = lh
trgsurface = white
srcsurfreg = sphere.reg
trgsurfreg = sphere.reg
usehash = 1
Use ProjAbs  = 0, 0
Use ProjFrac = 0, 0
DoPaint 0

SUBJECTS_DIR    /out/sourcedata/freesurfer
FREESURFER_HOME /opt/freesurfer
Loading source label.
Found 13589 points in source label.
Starting surface-based mapping
Reading source registration 
 /out/sourcedata/freesurfer/fsaverage/surf/lh.sphere.reg
Rescaling ...  original radius = 100
Reading target surface 
 /out/sourcedata/freesurfer/sub-v1s20x0050273_ses-1/surf/lh.white
Reading target registration 
 /out/sourcedata/freesurfer/sub-v1s20x0050273_ses-1/surf/lh.sphere.reg
Rescaling ...  original radius = 100
Building target registration hash (res=16).
Building source registration hash (res=16).
INFO: found  13589 nlabel points
Performing mapping from target back to the source label 152995
Number of reverse mapping hits = 1398
Checking for and removing duplicates
Writing label file ./lh.BA6_exvivo.label 14987
mri_label2label: Done


 mri_label2label --srcsubject fsaverage --srclabel /out/sourcedata/freesurfer/fsaverage/label/lh.BA44_exvivo.label --trgsubject sub-v1s20x0050273_ses-1 --trglabel ./lh.BA44_exvivo.label --hemi lh --regmethod surface 


srclabel = /out/sourcedata/freesurfer/fsaverage/label/lh.BA44_exvivo.label
srcsubject = fsaverage
trgsubject = sub-v1s20x0050273_ses-1
trglabel = ./lh.BA44_exvivo.label
regmethod = surface

srchemi = lh
trghemi = lh
trgsurface = white
srcsurfreg = sphere.reg
trgsurfreg = sphere.reg
usehash = 1
Use ProjAbs  = 0, 0
Use ProjFrac = 0, 0
DoPaint 0

SUBJECTS_DIR    /out/sourcedata/freesurfer
FREESURFER_HOME /opt/freesurfer
Loading source label.
Found 4181 points in source label.
Starting surface-based mapping
Reading source registration 
 /out/sourcedata/freesurfer/fsaverage/surf/lh.sphere.reg
Rescaling ...  original radius = 100
Reading target surface 
 /out/sourcedata/freesurfer/sub-v1s20x0050273_ses-1/surf/lh.white
Reading target registration 
 /out/sourcedata/freesurfer/sub-v1s20x0050273_ses-1/surf/lh.sphere.reg
Rescaling ...  original radius = 100
Building target registration hash (res=16).
Building source registration hash (res=16).
INFO: found  4181 nlabel points
Performing mapping from target back to the source label 152995
Number of reverse mapping hits = 570
Checking for and removing duplicates
Writing label file ./lh.BA44_exvivo.label 4751
mri_label2label: Done


 mri_label2label --srcsubject fsaverage --srclabel /out/sourcedata/freesurfer/fsaverage/label/lh.BA45_exvivo.label --trgsubject sub-v1s20x0050273_ses-1 --trglabel ./lh.BA45_exvivo.label --hemi lh --regmethod surface 


srclabel = /out/sourcedata/freesurfer/fsaverage/label/lh.BA45_exvivo.label
srcsubject = fsaverage
trgsubject = sub-v1s20x0050273_ses-1
trglabel = ./lh.BA45_exvivo.label
regmethod = surface

srchemi = lh
trghemi = lh
trgsurface = white
srcsurfreg = sphere.reg
trgsurfreg = sphere.reg
usehash = 1
Use ProjAbs  = 0, 0
Use ProjFrac = 0, 0
DoPaint 0

SUBJECTS_DIR    /out/sourcedata/freesurfer
FREESURFER_HOME /opt/freesurfer
Loading source label.
Found 3422 points in source label.
Starting surface-based mapping
Reading source registration 
 /out/sourcedata/freesurfer/fsaverage/surf/lh.sphere.reg
Rescaling ...  original radius = 100
Reading target surface 
 /out/sourcedata/freesurfer/sub-v1s20x0050273_ses-1/surf/lh.white
Reading target registration 
 /out/sourcedata/freesurfer/sub-v1s20x0050273_ses-1/surf/lh.sphere.reg
Rescaling ...  original radius = 100
Building target registration hash (res=16).
Building source registration hash (res=16).
INFO: found  3422 nlabel points
Performing mapping from target back to the source label 152995
Number of reverse mapping hits = 925
Checking for and removing duplicates
Writing label file ./lh.BA45_exvivo.label 4347
mri_label2label: Done


 mri_label2label --srcsubject fsaverage --srclabel /out/sourcedata/freesurfer/fsaverage/label/lh.V1_exvivo.label --trgsubject sub-v1s20x0050273_ses-1 --trglabel ./lh.V1_exvivo.label --hemi lh --regmethod surface 


srclabel = /out/sourcedata/freesurfer/fsaverage/label/lh.V1_exvivo.label
srcsubject = fsaverage
trgsubject = sub-v1s20x0050273_ses-1
trglabel = ./lh.V1_exvivo.label
regmethod = surface

srchemi = lh
trghemi = lh
trgsurface = white
srcsurfreg = sphere.reg
trgsurfreg = sphere.reg
usehash = 1
Use ProjAbs  = 0, 0
Use ProjFrac = 0, 0
DoPaint 0

SUBJECTS_DIR    /out/sourcedata/freesurfer
FREESURFER_HOME /opt/freesurfer
Loading source label.
Found 4641 points in source label.
Starting surface-based mapping
Reading source registration 
 /out/sourcedata/freesurfer/fsaverage/surf/lh.sphere.reg
Rescaling ...  original radius = 100
Reading target surface 
 /out/sourcedata/freesurfer/sub-v1s20x0050273_ses-1/surf/lh.white
Reading target registration 
 /out/sourcedata/freesurfer/sub-v1s20x0050273_ses-1/surf/lh.sphere.reg
Rescaling ...  original radius = 100
Building target registration hash (res=16).
Building source registration hash (res=16).
INFO: found  4641 nlabel points
Performing mapping from target back to the source label 152995
Number of reverse mapping hits = 1022
Checking for and removing duplicates
Writing label file ./lh.V1_exvivo.label 5663
mri_label2label: Done


 mri_label2label --srcsubject fsaverage --srclabel /out/sourcedata/freesurfer/fsaverage/label/lh.V2_exvivo.label --trgsubject sub-v1s20x0050273_ses-1 --trglabel ./lh.V2_exvivo.label --hemi lh --regmethod surface 


srclabel = /out/sourcedata/freesurfer/fsaverage/label/lh.V2_exvivo.label
srcsubject = fsaverage
trgsubject = sub-v1s20x0050273_ses-1
trglabel = ./lh.V2_exvivo.label
regmethod = surface

srchemi = lh
trghemi = lh
trgsurface = white
srcsurfreg = sphere.reg
trgsurfreg = sphere.reg
usehash = 1
Use ProjAbs  = 0, 0
Use ProjFrac = 0, 0
DoPaint 0

SUBJECTS_DIR    /out/sourcedata/freesurfer
FREESURFER_HOME /opt/freesurfer
Loading source label.
Found 8114 points in source label.
Starting surface-based mapping
Reading source registration 
 /out/sourcedata/freesurfer/fsaverage/surf/lh.sphere.reg
Rescaling ...  original radius = 100
Reading target surface 
 /out/sourcedata/freesurfer/sub-v1s20x0050273_ses-1/surf/lh.white
Reading target registration 
 /out/sourcedata/freesurfer/sub-v1s20x0050273_ses-1/surf/lh.sphere.reg
Rescaling ...  original radius = 100
Building target registration hash (res=16).
Building source registration hash (res=16).
INFO: found  8114 nlabel points
Performing mapping from target back to the source label 152995
Number of reverse mapping hits = 2348
Checking for and removing duplicates
Writing label file ./lh.V2_exvivo.label 10462
mri_label2label: Done


 mri_label2label --srcsubject fsaverage --srclabel /out/sourcedata/freesurfer/fsaverage/label/lh.MT_exvivo.label --trgsubject sub-v1s20x0050273_ses-1 --trglabel ./lh.MT_exvivo.label --hemi lh --regmethod surface 


srclabel = /out/sourcedata/freesurfer/fsaverage/label/lh.MT_exvivo.label
srcsubject = fsaverage
trgsubject = sub-v1s20x0050273_ses-1
trglabel = ./lh.MT_exvivo.label
regmethod = surface

srchemi = lh
trghemi = lh
trgsurface = white
srcsurfreg = sphere.reg
trgsurfreg = sphere.reg
usehash = 1
Use ProjAbs  = 0, 0
Use ProjFrac = 0, 0
DoPaint 0

SUBJECTS_DIR    /out/sourcedata/freesurfer
FREESURFER_HOME /opt/freesurfer
Loading source label.
Found 2018 points in source label.
Starting surface-based mapping
Reading source registration 
 /out/sourcedata/freesurfer/fsaverage/surf/lh.sphere.reg
Rescaling ...  original radius = 100
Reading target surface 
 /out/sourcedata/freesurfer/sub-v1s20x0050273_ses-1/surf/lh.white
Reading target registration 
 /out/sourcedata/freesurfer/sub-v1s20x0050273_ses-1/surf/lh.sphere.reg
Rescaling ...  original radius = 100
Building target registration hash (res=16).
Building source registration hash (res=16).
INFO: found  2018 nlabel points
Performing mapping from target back to the source label 152995
Number of reverse mapping hits = 638
Checking for and removing duplicates
Writing label file ./lh.MT_exvivo.label 2656
mri_label2label: Done


 mri_label2label --srcsubject fsaverage --srclabel /out/sourcedata/freesurfer/fsaverage/label/lh.entorhinal_exvivo.label --trgsubject sub-v1s20x0050273_ses-1 --trglabel ./lh.entorhinal_exvivo.label --hemi lh --regmethod surface 


srclabel = /out/sourcedata/freesurfer/fsaverage/label/lh.entorhinal_exvivo.label
srcsubject = fsaverage
trgsubject = sub-v1s20x0050273_ses-1
trglabel = ./lh.entorhinal_exvivo.label
regmethod = surface

srchemi = lh
trghemi = lh
trgsurface = white
srcsurfreg = sphere.reg
trgsurfreg = sphere.reg
usehash = 1
Use ProjAbs  = 0, 0
Use ProjFrac = 0, 0
DoPaint 0

SUBJECTS_DIR    /out/sourcedata/freesurfer
FREESURFER_HOME /opt/freesurfer
Loading source label.
Found 1290 points in source label.
Starting surface-based mapping
Reading source registration 
 /out/sourcedata/freesurfer/fsaverage/surf/lh.sphere.reg
Rescaling ...  original radius = 100
Reading target surface 
 /out/sourcedata/freesurfer/sub-v1s20x0050273_ses-1/surf/lh.white
Reading target registration 
 /out/sourcedata/freesurfer/sub-v1s20x0050273_ses-1/surf/lh.sphere.reg
Rescaling ...  original radius = 100
Building target registration hash (res=16).
Building source registration hash (res=16).
INFO: found  1290 nlabel points
Performing mapping from target back to the source label 152995
Number of reverse mapping hits = 393
Checking for and removing duplicates
Writing label file ./lh.entorhinal_exvivo.label 1683
mri_label2label: Done


 mri_label2label --srcsubject fsaverage --srclabel /out/sourcedata/freesurfer/fsaverage/label/lh.perirhinal_exvivo.label --trgsubject sub-v1s20x0050273_ses-1 --trglabel ./lh.perirhinal_exvivo.label --hemi lh --regmethod surface 


srclabel = /out/sourcedata/freesurfer/fsaverage/label/lh.perirhinal_exvivo.label
srcsubject = fsaverage
trgsubject = sub-v1s20x0050273_ses-1
trglabel = ./lh.perirhinal_exvivo.label
regmethod = surface

srchemi = lh
trghemi = lh
trgsurface = white
srcsurfreg = sphere.reg
trgsurfreg = sphere.reg
usehash = 1
Use ProjAbs  = 0, 0
Use ProjFrac = 0, 0
DoPaint 0

SUBJECTS_DIR    /out/sourcedata/freesurfer
FREESURFER_HOME /opt/freesurfer
Loading source label.
Found 1199 points in source label.
Starting surface-based mapping
Reading source registration 
 /out/sourcedata/freesurfer/fsaverage/surf/lh.sphere.reg
Rescaling ...  original radius = 100
Reading target surface 
 /out/sourcedata/freesurfer/sub-v1s20x0050273_ses-1/surf/lh.white
Reading target registration 
 /out/sourcedata/freesurfer/sub-v1s20x0050273_ses-1/surf/lh.sphere.reg
Rescaling ...  original radius = 100
Building target registration hash (res=16).
Building source registration hash (res=16).
INFO: found  1199 nlabel points
Performing mapping from target back to the source label 152995
Number of reverse mapping hits = 420
Checking for and removing duplicates
Writing label file ./lh.perirhinal_exvivo.label 1619
mri_label2label: Done


 mri_label2label --srcsubject fsaverage --srclabel /out/sourcedata/freesurfer/fsaverage/label/lh.FG1.mpm.vpnl.label --trgsubject sub-v1s20x0050273_ses-1 --trglabel ./lh.FG1.mpm.vpnl.label --hemi lh --regmethod surface 


srclabel = /out/sourcedata/freesurfer/fsaverage/label/lh.FG1.mpm.vpnl.label
srcsubject = fsaverage
trgsubject = sub-v1s20x0050273_ses-1
trglabel = ./lh.FG1.mpm.vpnl.label
regmethod = surface

srchemi = lh
trghemi = lh
trgsurface = white
srcsurfreg = sphere.reg
trgsurfreg = sphere.reg
usehash = 1
Use ProjAbs  = 0, 0
Use ProjFrac = 0, 0
DoPaint 0

SUBJECTS_DIR    /out/sourcedata/freesurfer
FREESURFER_HOME /opt/freesurfer
Loading source label.
Found 414 points in source label.
Starting surface-based mapping
Reading source registration 
 /out/sourcedata/freesurfer/fsaverage/surf/lh.sphere.reg
Rescaling ...  original radius = 100
Reading target surface 
 /out/sourcedata/freesurfer/sub-v1s20x0050273_ses-1/surf/lh.white
Reading target registration 
 /out/sourcedata/freesurfer/sub-v1s20x0050273_ses-1/surf/lh.sphere.reg
Rescaling ...  original radius = 100
Building target registration hash (res=16).
Building source registration hash (res=16).
INFO: found  414 nlabel points
Performing mapping from target back to the source label 152995
Number of reverse mapping hits = 66
Checking for and removing duplicates
Writing label file ./lh.FG1.mpm.vpnl.label 480
mri_label2label: Done


 mri_label2label --srcsubject fsaverage --srclabel /out/sourcedata/freesurfer/fsaverage/label/lh.FG2.mpm.vpnl.label --trgsubject sub-v1s20x0050273_ses-1 --trglabel ./lh.FG2.mpm.vpnl.label --hemi lh --regmethod surface 


srclabel = /out/sourcedata/freesurfer/fsaverage/label/lh.FG2.mpm.vpnl.label
srcsubject = fsaverage
trgsubject = sub-v1s20x0050273_ses-1
trglabel = ./lh.FG2.mpm.vpnl.label
regmethod = surface

srchemi = lh
trghemi = lh
trgsurface = white
srcsurfreg = sphere.reg
trgsurfreg = sphere.reg
usehash = 1
Use ProjAbs  = 0, 0
Use ProjFrac = 0, 0
DoPaint 0

SUBJECTS_DIR    /out/sourcedata/freesurfer
FREESURFER_HOME /opt/freesurfer
Loading source label.
Found 703 points in source label.
Starting surface-based mapping
Reading source registration 
 /out/sourcedata/freesurfer/fsaverage/surf/lh.sphere.reg
Rescaling ...  original radius = 100
Reading target surface 
 /out/sourcedata/freesurfer/sub-v1s20x0050273_ses-1/surf/lh.white
Reading target registration 
 /out/sourcedata/freesurfer/sub-v1s20x0050273_ses-1/surf/lh.sphere.reg
Rescaling ...  original radius = 100
Building target registration hash (res=16).
Building source registration hash (res=16).
INFO: found  703 nlabel points
Performing mapping from target back to the source label 152995
Number of reverse mapping hits = 133
Checking for and removing duplicates
Writing label file ./lh.FG2.mpm.vpnl.label 836
mri_label2label: Done


 mri_label2label --srcsubject fsaverage --srclabel /out/sourcedata/freesurfer/fsaverage/label/lh.FG3.mpm.vpnl.label --trgsubject sub-v1s20x0050273_ses-1 --trglabel ./lh.FG3.mpm.vpnl.label --hemi lh --regmethod surface 


srclabel = /out/sourcedata/freesurfer/fsaverage/label/lh.FG3.mpm.vpnl.label
srcsubject = fsaverage
trgsubject = sub-v1s20x0050273_ses-1
trglabel = ./lh.FG3.mpm.vpnl.label
regmethod = surface

srchemi = lh
trghemi = lh
trgsurface = white
srcsurfreg = sphere.reg
trgsurfreg = sphere.reg
usehash = 1
Use ProjAbs  = 0, 0
Use ProjFrac = 0, 0
DoPaint 0

SUBJECTS_DIR    /out/sourcedata/freesurfer
FREESURFER_HOME /opt/freesurfer
Loading source label.
Found 1873 points in source label.
Starting surface-based mapping
Reading source registration 
 /out/sourcedata/freesurfer/fsaverage/surf/lh.sphere.reg
Rescaling ...  original radius = 100
Reading target surface 
 /out/sourcedata/freesurfer/sub-v1s20x0050273_ses-1/surf/lh.white
Reading target registration 
 /out/sourcedata/freesurfer/sub-v1s20x0050273_ses-1/surf/lh.sphere.reg
Rescaling ...  original radius = 100
Building target registration hash (res=16).
Building source registration hash (res=16).
INFO: found  1873 nlabel points
Performing mapping from target back to the source label 152995
Number of reverse mapping hits = 97
Checking for and removing duplicates
Writing label file ./lh.FG3.mpm.vpnl.label 1970
mri_label2label: Done


 mri_label2label --srcsubject fsaverage --srclabel /out/sourcedata/freesurfer/fsaverage/label/lh.FG4.mpm.vpnl.label --trgsubject sub-v1s20x0050273_ses-1 --trglabel ./lh.FG4.mpm.vpnl.label --hemi lh --regmethod surface 


srclabel = /out/sourcedata/freesurfer/fsaverage/label/lh.FG4.mpm.vpnl.label
srcsubject = fsaverage
trgsubject = sub-v1s20x0050273_ses-1
trglabel = ./lh.FG4.mpm.vpnl.label
regmethod = surface

srchemi = lh
trghemi = lh
trgsurface = white
srcsurfreg = sphere.reg
trgsurfreg = sphere.reg
usehash = 1
Use ProjAbs  = 0, 0
Use ProjFrac = 0, 0
DoPaint 0

SUBJECTS_DIR    /out/sourcedata/freesurfer
FREESURFER_HOME /opt/freesurfer
Loading source label.
Found 2101 points in source label.
Starting surface-based mapping
Reading source registration 
 /out/sourcedata/freesurfer/fsaverage/surf/lh.sphere.reg
Rescaling ...  original radius = 100
Reading target surface 
 /out/sourcedata/freesurfer/sub-v1s20x0050273_ses-1/surf/lh.white
Reading target registration 
 /out/sourcedata/freesurfer/sub-v1s20x0050273_ses-1/surf/lh.sphere.reg
Rescaling ...  original radius = 100
Building target registration hash (res=16).
Building source registration hash (res=16).
INFO: found  2101 nlabel points
Performing mapping from target back to the source label 152995
Number of reverse mapping hits = 721
Checking for and removing duplicates
Writing label file ./lh.FG4.mpm.vpnl.label 2822
mri_label2label: Done


 mri_label2label --srcsubject fsaverage --srclabel /out/sourcedata/freesurfer/fsaverage/label/lh.hOc1.mpm.vpnl.label --trgsubject sub-v1s20x0050273_ses-1 --trglabel ./lh.hOc1.mpm.vpnl.label --hemi lh --regmethod surface 


srclabel = /out/sourcedata/freesurfer/fsaverage/label/lh.hOc1.mpm.vpnl.label
srcsubject = fsaverage
trgsubject = sub-v1s20x0050273_ses-1
trglabel = ./lh.hOc1.mpm.vpnl.label
regmethod = surface

srchemi = lh
trghemi = lh
trgsurface = white
srcsurfreg = sphere.reg
trgsurfreg = sphere.reg
usehash = 1
Use ProjAbs  = 0, 0
Use ProjFrac = 0, 0
DoPaint 0

SUBJECTS_DIR    /out/sourcedata/freesurfer
FREESURFER_HOME /opt/freesurfer
Loading source label.
Found 3877 points in source label.
Starting surface-based mapping
Reading source registration 
 /out/sourcedata/freesurfer/fsaverage/surf/lh.sphere.reg
Rescaling ...  original radius = 100
Reading target surface 
 /out/sourcedata/freesurfer/sub-v1s20x0050273_ses-1/surf/lh.white
Reading target registration 
 /out/sourcedata/freesurfer/sub-v1s20x0050273_ses-1/surf/lh.sphere.reg
Rescaling ...  original radius = 100
Building target registration hash (res=16).
Building source registration hash (res=16).
INFO: found  3877 nlabel points
Performing mapping from target back to the source label 152995
Number of reverse mapping hits = 794
Checking for and removing duplicates
Writing label file ./lh.hOc1.mpm.vpnl.label 4671
mri_label2label: Done


 mri_label2label --srcsubject fsaverage --srclabel /out/sourcedata/freesurfer/fsaverage/label/lh.hOc2.mpm.vpnl.label --trgsubject sub-v1s20x0050273_ses-1 --trglabel ./lh.hOc2.mpm.vpnl.label --hemi lh --regmethod surface 


srclabel = /out/sourcedata/freesurfer/fsaverage/label/lh.hOc2.mpm.vpnl.label
srcsubject = fsaverage
trgsubject = sub-v1s20x0050273_ses-1
trglabel = ./lh.hOc2.mpm.vpnl.label
regmethod = surface

srchemi = lh
trghemi = lh
trgsurface = white
srcsurfreg = sphere.reg
trgsurfreg = sphere.reg
usehash = 1
Use ProjAbs  = 0, 0
Use ProjFrac = 0, 0
DoPaint 0

SUBJECTS_DIR    /out/sourcedata/freesurfer
FREESURFER_HOME /opt/freesurfer
Loading source label.
Found 2919 points in source label.
Starting surface-based mapping
Reading source registration 
 /out/sourcedata/freesurfer/fsaverage/surf/lh.sphere.reg
Rescaling ...  original radius = 100
Reading target surface 
 /out/sourcedata/freesurfer/sub-v1s20x0050273_ses-1/surf/lh.white
Reading target registration 
 /out/sourcedata/freesurfer/sub-v1s20x0050273_ses-1/surf/lh.sphere.reg
Rescaling ...  original radius = 100
Building target registration hash (res=16).
Building source registration hash (res=16).
INFO: found  2919 nlabel points
Performing mapping from target back to the source label 152995
Number of reverse mapping hits = 1014
Checking for and removing duplicates
Writing label file ./lh.hOc2.mpm.vpnl.label 3933
mri_label2label: Done


 mri_label2label --srcsubject fsaverage --srclabel /out/sourcedata/freesurfer/fsaverage/label/lh.hOc3v.mpm.vpnl.label --trgsubject sub-v1s20x0050273_ses-1 --trglabel ./lh.hOc3v.mpm.vpnl.label --hemi lh --regmethod surface 


srclabel = /out/sourcedata/freesurfer/fsaverage/label/lh.hOc3v.mpm.vpnl.label
srcsubject = fsaverage
trgsubject = sub-v1s20x0050273_ses-1
trglabel = ./lh.hOc3v.mpm.vpnl.label
regmethod = surface

srchemi = lh
trghemi = lh
trgsurface = white
srcsurfreg = sphere.reg
trgsurfreg = sphere.reg
usehash = 1
Use ProjAbs  = 0, 0
Use ProjFrac = 0, 0
DoPaint 0

SUBJECTS_DIR    /out/sourcedata/freesurfer
FREESURFER_HOME /opt/freesurfer
Loading source label.
Found 1286 points in source label.
Starting surface-based mapping
Reading source registration 
 /out/sourcedata/freesurfer/fsaverage/surf/lh.sphere.reg
Rescaling ...  original radius = 100
Reading target surface 
 /out/sourcedata/freesurfer/sub-v1s20x0050273_ses-1/surf/lh.white
Reading target registration 
 /out/sourcedata/freesurfer/sub-v1s20x0050273_ses-1/surf/lh.sphere.reg
Rescaling ...  original radius = 100
Building target registration hash (res=16).
Building source registration hash (res=16).
INFO: found  1286 nlabel points
Performing mapping from target back to the source label 152995
Number of reverse mapping hits = 489
Checking for and removing duplicates
Writing label file ./lh.hOc3v.mpm.vpnl.label 1775
mri_label2label: Done


 mri_label2label --srcsubject fsaverage --srclabel /out/sourcedata/freesurfer/fsaverage/label/lh.hOc4v.mpm.vpnl.label --trgsubject sub-v1s20x0050273_ses-1 --trglabel ./lh.hOc4v.mpm.vpnl.label --hemi lh --regmethod surface 


srclabel = /out/sourcedata/freesurfer/fsaverage/label/lh.hOc4v.mpm.vpnl.label
srcsubject = fsaverage
trgsubject = sub-v1s20x0050273_ses-1
trglabel = ./lh.hOc4v.mpm.vpnl.label
regmethod = surface

srchemi = lh
trghemi = lh
trgsurface = white
srcsurfreg = sphere.reg
trgsurfreg = sphere.reg
usehash = 1
Use ProjAbs  = 0, 0
Use ProjFrac = 0, 0
DoPaint 0

SUBJECTS_DIR    /out/sourcedata/freesurfer
FREESURFER_HOME /opt/freesurfer
Loading source label.
Found 1006 points in source label.
Starting surface-based mapping
Reading source registration 
 /out/sourcedata/freesurfer/fsaverage/surf/lh.sphere.reg
Rescaling ...  original radius = 100
Reading target surface 
 /out/sourcedata/freesurfer/sub-v1s20x0050273_ses-1/surf/lh.white
Reading target registration 
 /out/sourcedata/freesurfer/sub-v1s20x0050273_ses-1/surf/lh.sphere.reg
Rescaling ...  original radius = 100
Building target registration hash (res=16).
Building source registration hash (res=16).
INFO: found  1006 nlabel points
Performing mapping from target back to the source label 152995
Number of reverse mapping hits = 272
Checking for and removing duplicates
Writing label file ./lh.hOc4v.mpm.vpnl.label 1278
mri_label2label: Done


 mris_label2annot --s sub-v1s20x0050273_ses-1 --ctab /opt/freesurfer/average/colortable_vpnl.txt --hemi lh --a mpm.vpnl --maxstatwinner --noverbose --l lh.FG1.mpm.vpnl.label --l lh.FG2.mpm.vpnl.label --l lh.FG3.mpm.vpnl.label --l lh.FG4.mpm.vpnl.label --l lh.hOc1.mpm.vpnl.label --l lh.hOc2.mpm.vpnl.label --l lh.hOc3v.mpm.vpnl.label --l lh.hOc4v.mpm.vpnl.label 

Reading ctab /opt/freesurfer/average/colortable_vpnl.txt
Number of ctab entries 9

7.3.2
cwd /out/sourcedata/freesurfer/sub-v1s20x0050273_ses-1/label
cmdline mris_label2annot --s sub-v1s20x0050273_ses-1 --ctab /opt/freesurfer/average/colortable_vpnl.txt --hemi lh --a mpm.vpnl --maxstatwinner --noverbose --l lh.FG1.mpm.vpnl.label --l lh.FG2.mpm.vpnl.label --l lh.FG3.mpm.vpnl.label --l lh.FG4.mpm.vpnl.label --l lh.hOc1.mpm.vpnl.label --l lh.hOc2.mpm.vpnl.label --l lh.hOc3v.mpm.vpnl.label --l lh.hOc4v.mpm.vpnl.label 
sysname  Linux
hostname dna050
machine  x86_64
user     oesteban

subject sub-v1s20x0050273_ses-1
hemi    lh
SUBJECTS_DIR /out/sourcedata/freesurfer
ColorTable /opt/freesurfer/average/colortable_vpnl.txt
AnnotName  mpm.vpnl
nlables 8
LabelThresh 0 0.000000
Loading /out/sourcedata/freesurfer/sub-v1s20x0050273_ses-1/surf/lh.orig
 1 1376057 FG1
 2 16711935 FG2
 3 16711680 FG3
 4 1705837 FG4
 5 25600 hOc1
 6 255 hOc2
 7 16776960 hOc3v
 8 65535 hOc4v
Mapping unhit to unknown
Found 137130 unhit vertices
Writing annot to /out/sourcedata/freesurfer/sub-v1s20x0050273_ses-1/label/lh.mpm.vpnl.annot

 mri_label2label --srcsubject fsaverage --srclabel /out/sourcedata/freesurfer/fsaverage/label/lh.BA1_exvivo.thresh.label --trgsubject sub-v1s20x0050273_ses-1 --trglabel ./lh.BA1_exvivo.thresh.label --hemi lh --regmethod surface 


srclabel = /out/sourcedata/freesurfer/fsaverage/label/lh.BA1_exvivo.thresh.label
srcsubject = fsaverage
trgsubject = sub-v1s20x0050273_ses-1
trglabel = ./lh.BA1_exvivo.thresh.label
regmethod = surface

srchemi = lh
trghemi = lh
trgsurface = white
srcsurfreg = sphere.reg
trgsurfreg = sphere.reg
usehash = 1
Use ProjAbs  = 0, 0
Use ProjFrac = 0, 0
DoPaint 0

SUBJECTS_DIR    /out/sourcedata/freesurfer
FREESURFER_HOME /opt/freesurfer
Loading source label.
Found 1014 points in source label.
Starting surface-based mapping
Reading source registration 
 /out/sourcedata/freesurfer/fsaverage/surf/lh.sphere.reg
Rescaling ...  original radius = 100
Reading target surface 
 /out/sourcedata/freesurfer/sub-v1s20x0050273_ses-1/surf/lh.white
Reading target registration 
 /out/sourcedata/freesurfer/sub-v1s20x0050273_ses-1/surf/lh.sphere.reg
Rescaling ...  original radius = 100
Building target registration hash (res=16).
Building source registration hash (res=16).
INFO: found  1014 nlabel points
Performing mapping from target back to the source label 152995
Number of reverse mapping hits = 86
Checking for and removing duplicates
Writing label file ./lh.BA1_exvivo.thresh.label 1100
mri_label2label: Done


 mri_label2label --srcsubject fsaverage --srclabel /out/sourcedata/freesurfer/fsaverage/label/lh.BA2_exvivo.thresh.label --trgsubject sub-v1s20x0050273_ses-1 --trglabel ./lh.BA2_exvivo.thresh.label --hemi lh --regmethod surface 


srclabel = /out/sourcedata/freesurfer/fsaverage/label/lh.BA2_exvivo.thresh.label
srcsubject = fsaverage
trgsubject = sub-v1s20x0050273_ses-1
trglabel = ./lh.BA2_exvivo.thresh.label
regmethod = surface

srchemi = lh
trghemi = lh
trgsurface = white
srcsurfreg = sphere.reg
trgsurfreg = sphere.reg
usehash = 1
Use ProjAbs  = 0, 0
Use ProjFrac = 0, 0
DoPaint 0

SUBJECTS_DIR    /out/sourcedata/freesurfer
FREESURFER_HOME /opt/freesurfer
Loading source label.
Found 2092 points in source label.
Starting surface-based mapping
Reading source registration 
 /out/sourcedata/freesurfer/fsaverage/surf/lh.sphere.reg
Rescaling ...  original radius = 100
Reading target surface 
 /out/sourcedata/freesurfer/sub-v1s20x0050273_ses-1/surf/lh.white
Reading target registration 
 /out/sourcedata/freesurfer/sub-v1s20x0050273_ses-1/surf/lh.sphere.reg
Rescaling ...  original radius = 100
Building target registration hash (res=16).
Building source registration hash (res=16).
INFO: found  2092 nlabel points
Performing mapping from target back to the source label 152995
Number of reverse mapping hits = 171
Checking for and removing duplicates
Writing label file ./lh.BA2_exvivo.thresh.label 2263
mri_label2label: Done


 mri_label2label --srcsubject fsaverage --srclabel /out/sourcedata/freesurfer/fsaverage/label/lh.BA3a_exvivo.thresh.label --trgsubject sub-v1s20x0050273_ses-1 --trglabel ./lh.BA3a_exvivo.thresh.label --hemi lh --regmethod surface 


srclabel = /out/sourcedata/freesurfer/fsaverage/label/lh.BA3a_exvivo.thresh.label
srcsubject = fsaverage
trgsubject = sub-v1s20x0050273_ses-1
trglabel = ./lh.BA3a_exvivo.thresh.label
regmethod = surface

srchemi = lh
trghemi = lh
trgsurface = white
srcsurfreg = sphere.reg
trgsurfreg = sphere.reg
usehash = 1
Use ProjAbs  = 0, 0
Use ProjFrac = 0, 0
DoPaint 0

SUBJECTS_DIR    /out/sourcedata/freesurfer
FREESURFER_HOME /opt/freesurfer
Loading source label.
Found 1504 points in source label.
Starting surface-based mapping
Reading source registration 
 /out/sourcedata/freesurfer/fsaverage/surf/lh.sphere.reg
Rescaling ...  original radius = 100
Reading target surface 
 /out/sourcedata/freesurfer/sub-v1s20x0050273_ses-1/surf/lh.white
Reading target registration 
 /out/sourcedata/freesurfer/sub-v1s20x0050273_ses-1/surf/lh.sphere.reg
Rescaling ...  original radius = 100
Building target registration hash (res=16).
Building source registration hash (res=16).
INFO: found  1504 nlabel points
Performing mapping from target back to the source label 152995
Number of reverse mapping hits = 22
Checking for and removing duplicates
Writing label file ./lh.BA3a_exvivo.thresh.label 1526
mri_label2label: Done


 mri_label2label --srcsubject fsaverage --srclabel /out/sourcedata/freesurfer/fsaverage/label/lh.BA3b_exvivo.thresh.label --trgsubject sub-v1s20x0050273_ses-1 --trglabel ./lh.BA3b_exvivo.thresh.label --hemi lh --regmethod surface 


srclabel = /out/sourcedata/freesurfer/fsaverage/label/lh.BA3b_exvivo.thresh.label
srcsubject = fsaverage
trgsubject = sub-v1s20x0050273_ses-1
trglabel = ./lh.BA3b_exvivo.thresh.label
regmethod = surface

srchemi = lh
trghemi = lh
trgsurface = white
srcsurfreg = sphere.reg
trgsurfreg = sphere.reg
usehash = 1
Use ProjAbs  = 0, 0
Use ProjFrac = 0, 0
DoPaint 0

SUBJECTS_DIR    /out/sourcedata/freesurfer
FREESURFER_HOME /opt/freesurfer
Loading source label.
Found 1996 points in source label.
Starting surface-based mapping
Reading source registration 
 /out/sourcedata/freesurfer/fsaverage/surf/lh.sphere.reg
Rescaling ...  original radius = 100
Reading target surface 
 /out/sourcedata/freesurfer/sub-v1s20x0050273_ses-1/surf/lh.white
Reading target registration 
 /out/sourcedata/freesurfer/sub-v1s20x0050273_ses-1/surf/lh.sphere.reg
Rescaling ...  original radius = 100
Building target registration hash (res=16).
Building source registration hash (res=16).
INFO: found  1996 nlabel points
Performing mapping from target back to the source label 152995
Number of reverse mapping hits = 148
Checking for and removing duplicates
Writing label file ./lh.BA3b_exvivo.thresh.label 2144
mri_label2label: Done


 mri_label2label --srcsubject fsaverage --srclabel /out/sourcedata/freesurfer/fsaverage/label/lh.BA4a_exvivo.thresh.label --trgsubject sub-v1s20x0050273_ses-1 --trglabel ./lh.BA4a_exvivo.thresh.label --hemi lh --regmethod surface 


srclabel = /out/sourcedata/freesurfer/fsaverage/label/lh.BA4a_exvivo.thresh.label
srcsubject = fsaverage
trgsubject = sub-v1s20x0050273_ses-1
trglabel = ./lh.BA4a_exvivo.thresh.label
regmethod = surface

srchemi = lh
trghemi = lh
trgsurface = white
srcsurfreg = sphere.reg
trgsurfreg = sphere.reg
usehash = 1
Use ProjAbs  = 0, 0
Use ProjFrac = 0, 0
DoPaint 0

SUBJECTS_DIR    /out/sourcedata/freesurfer
FREESURFER_HOME /opt/freesurfer
Loading source label.
Found 2319 points in source label.
Starting surface-based mapping
Reading source registration 
 /out/sourcedata/freesurfer/fsaverage/surf/lh.sphere.reg
Rescaling ...  original radius = 100
Reading target surface 
 /out/sourcedata/freesurfer/sub-v1s20x0050273_ses-1/surf/lh.white
Reading target registration 
 /out/sourcedata/freesurfer/sub-v1s20x0050273_ses-1/surf/lh.sphere.reg
Rescaling ...  original radius = 100
Building target registration hash (res=16).
Building source registration hash (res=16).
INFO: found  2319 nlabel points
Performing mapping from target back to the source label 152995
Number of reverse mapping hits = 337
Checking for and removing duplicates
Writing label file ./lh.BA4a_exvivo.thresh.label 2656
mri_label2label: Done


 mri_label2label --srcsubject fsaverage --srclabel /out/sourcedata/freesurfer/fsaverage/label/lh.BA4p_exvivo.thresh.label --trgsubject sub-v1s20x0050273_ses-1 --trglabel ./lh.BA4p_exvivo.thresh.label --hemi lh --regmethod surface 


srclabel = /out/sourcedata/freesurfer/fsaverage/label/lh.BA4p_exvivo.thresh.label
srcsubject = fsaverage
trgsubject = sub-v1s20x0050273_ses-1
trglabel = ./lh.BA4p_exvivo.thresh.label
regmethod = surface

srchemi = lh
trghemi = lh
trgsurface = white
srcsurfreg = sphere.reg
trgsurfreg = sphere.reg
usehash = 1
Use ProjAbs  = 0, 0
Use ProjFrac = 0, 0
DoPaint 0

SUBJECTS_DIR    /out/sourcedata/freesurfer
FREESURFER_HOME /opt/freesurfer
Loading source label.
Found 1549 points in source label.
Starting surface-based mapping
Reading source registration 
 /out/sourcedata/freesurfer/fsaverage/surf/lh.sphere.reg
Rescaling ...  original radius = 100
Reading target surface 
 /out/sourcedata/freesurfer/sub-v1s20x0050273_ses-1/surf/lh.white
Reading target registration 
 /out/sourcedata/freesurfer/sub-v1s20x0050273_ses-1/surf/lh.sphere.reg
Rescaling ...  original radius = 100
Building target registration hash (res=16).
Building source registration hash (res=16).
INFO: found  1549 nlabel points
Performing mapping from target back to the source label 152995
Number of reverse mapping hits = 108
Checking for and removing duplicates
Writing label file ./lh.BA4p_exvivo.thresh.label 1657
mri_label2label: Done


 mri_label2label --srcsubject fsaverage --srclabel /out/sourcedata/freesurfer/fsaverage/label/lh.BA6_exvivo.thresh.label --trgsubject sub-v1s20x0050273_ses-1 --trglabel ./lh.BA6_exvivo.thresh.label --hemi lh --regmethod surface 


srclabel = /out/sourcedata/freesurfer/fsaverage/label/lh.BA6_exvivo.thresh.label
srcsubject = fsaverage
trgsubject = sub-v1s20x0050273_ses-1
trglabel = ./lh.BA6_exvivo.thresh.label
regmethod = surface

srchemi = lh
trghemi = lh
trgsurface = white
srcsurfreg = sphere.reg
trgsurfreg = sphere.reg
usehash = 1
Use ProjAbs  = 0, 0
Use ProjFrac = 0, 0
DoPaint 0

SUBJECTS_DIR    /out/sourcedata/freesurfer
FREESURFER_HOME /opt/freesurfer
Loading source label.
Found 7035 points in source label.
Starting surface-based mapping
Reading source registration 
 /out/sourcedata/freesurfer/fsaverage/surf/lh.sphere.reg
Rescaling ...  original radius = 100
Reading target surface 
 /out/sourcedata/freesurfer/sub-v1s20x0050273_ses-1/surf/lh.white
Reading target registration 
 /out/sourcedata/freesurfer/sub-v1s20x0050273_ses-1/surf/lh.sphere.reg
Rescaling ...  original radius = 100
Building target registration hash (res=16).
Building source registration hash (res=16).
INFO: found  7035 nlabel points
Performing mapping from target back to the source label 152995
Number of reverse mapping hits = 640
Checking for and removing duplicates
Writing label file ./lh.BA6_exvivo.thresh.label 7675
mri_label2label: Done


 mri_label2label --srcsubject fsaverage --srclabel /out/sourcedata/freesurfer/fsaverage/label/lh.BA44_exvivo.thresh.label --trgsubject sub-v1s20x0050273_ses-1 --trglabel ./lh.BA44_exvivo.thresh.label --hemi lh --regmethod surface 


srclabel = /out/sourcedata/freesurfer/fsaverage/label/lh.BA44_exvivo.thresh.label
srcsubject = fsaverage
trgsubject = sub-v1s20x0050273_ses-1
trglabel = ./lh.BA44_exvivo.thresh.label
regmethod = surface

srchemi = lh
trghemi = lh
trgsurface = white
srcsurfreg = sphere.reg
trgsurfreg = sphere.reg
usehash = 1
Use ProjAbs  = 0, 0
Use ProjFrac = 0, 0
DoPaint 0

SUBJECTS_DIR    /out/sourcedata/freesurfer
FREESURFER_HOME /opt/freesurfer
Loading source label.
Found 1912 points in source label.
Starting surface-based mapping
Reading source registration 
 /out/sourcedata/freesurfer/fsaverage/surf/lh.sphere.reg
Rescaling ...  original radius = 100
Reading target surface 
 /out/sourcedata/freesurfer/sub-v1s20x0050273_ses-1/surf/lh.white
Reading target registration 
 /out/sourcedata/freesurfer/sub-v1s20x0050273_ses-1/surf/lh.sphere.reg
Rescaling ...  original radius = 100
Building target registration hash (res=16).
Building source registration hash (res=16).
INFO: found  1912 nlabel points
Performing mapping from target back to the source label 152995
Number of reverse mapping hits = 318
Checking for and removing duplicates
Writing label file ./lh.BA44_exvivo.thresh.label 2230
mri_label2label: Done


 mri_label2label --srcsubject fsaverage --srclabel /out/sourcedata/freesurfer/fsaverage/label/lh.BA45_exvivo.thresh.label --trgsubject sub-v1s20x0050273_ses-1 --trglabel ./lh.BA45_exvivo.thresh.label --hemi lh --regmethod surface 


srclabel = /out/sourcedata/freesurfer/fsaverage/label/lh.BA45_exvivo.thresh.label
srcsubject = fsaverage
trgsubject = sub-v1s20x0050273_ses-1
trglabel = ./lh.BA45_exvivo.thresh.label
regmethod = surface

srchemi = lh
trghemi = lh
trgsurface = white
srcsurfreg = sphere.reg
trgsurfreg = sphere.reg
usehash = 1
Use ProjAbs  = 0, 0
Use ProjFrac = 0, 0
DoPaint 0

SUBJECTS_DIR    /out/sourcedata/freesurfer
FREESURFER_HOME /opt/freesurfer
Loading source label.
Found 1151 points in source label.
Starting surface-based mapping
Reading source registration 
 /out/sourcedata/freesurfer/fsaverage/surf/lh.sphere.reg
Rescaling ...  original radius = 100
Reading target surface 
 /out/sourcedata/freesurfer/sub-v1s20x0050273_ses-1/surf/lh.white
Reading target registration 
 /out/sourcedata/freesurfer/sub-v1s20x0050273_ses-1/surf/lh.sphere.reg
Rescaling ...  original radius = 100
Building target registration hash (res=16).
Building source registration hash (res=16).
INFO: found  1151 nlabel points
Performing mapping from target back to the source label 152995
Number of reverse mapping hits = 351
Checking for and removing duplicates
Writing label file ./lh.BA45_exvivo.thresh.label 1502
mri_label2label: Done


 mri_label2label --srcsubject fsaverage --srclabel /out/sourcedata/freesurfer/fsaverage/label/lh.V1_exvivo.thresh.label --trgsubject sub-v1s20x0050273_ses-1 --trglabel ./lh.V1_exvivo.thresh.label --hemi lh --regmethod surface 


srclabel = /out/sourcedata/freesurfer/fsaverage/label/lh.V1_exvivo.thresh.label
srcsubject = fsaverage
trgsubject = sub-v1s20x0050273_ses-1
trglabel = ./lh.V1_exvivo.thresh.label
regmethod = surface

srchemi = lh
trghemi = lh
trgsurface = white
srcsurfreg = sphere.reg
trgsurfreg = sphere.reg
usehash = 1
Use ProjAbs  = 0, 0
Use ProjFrac = 0, 0
DoPaint 0

SUBJECTS_DIR    /out/sourcedata/freesurfer
FREESURFER_HOME /opt/freesurfer
Loading source label.
Found 3405 points in source label.
Starting surface-based mapping
Reading source registration 
 /out/sourcedata/freesurfer/fsaverage/surf/lh.sphere.reg
Rescaling ...  original radius = 100
Reading target surface 
 /out/sourcedata/freesurfer/sub-v1s20x0050273_ses-1/surf/lh.white
Reading target registration 
 /out/sourcedata/freesurfer/sub-v1s20x0050273_ses-1/surf/lh.sphere.reg
Rescaling ...  original radius = 100
Building target registration hash (res=16).
Building source registration hash (res=16).
INFO: found  3405 nlabel points
Performing mapping from target back to the source label 152995
Number of reverse mapping hits = 700
Checking for and removing duplicates
Writing label file ./lh.V1_exvivo.thresh.label 4105
mri_label2label: Done


 mri_label2label --srcsubject fsaverage --srclabel /out/sourcedata/freesurfer/fsaverage/label/lh.V2_exvivo.thresh.label --trgsubject sub-v1s20x0050273_ses-1 --trglabel ./lh.V2_exvivo.thresh.label --hemi lh --regmethod surface 


srclabel = /out/sourcedata/freesurfer/fsaverage/label/lh.V2_exvivo.thresh.label
srcsubject = fsaverage
trgsubject = sub-v1s20x0050273_ses-1
trglabel = ./lh.V2_exvivo.thresh.label
regmethod = surface

srchemi = lh
trghemi = lh
trgsurface = white
srcsurfreg = sphere.reg
trgsurfreg = sphere.reg
usehash = 1
Use ProjAbs  = 0, 0
Use ProjFrac = 0, 0
DoPaint 0

SUBJECTS_DIR    /out/sourcedata/freesurfer
FREESURFER_HOME /opt/freesurfer
Loading source label.
Found 3334 points in source label.
Starting surface-based mapping
Reading source registration 
 /out/sourcedata/freesurfer/fsaverage/surf/lh.sphere.reg
Rescaling ...  original radius = 100
Reading target surface 
 /out/sourcedata/freesurfer/sub-v1s20x0050273_ses-1/surf/lh.white
Reading target registration 
 /out/sourcedata/freesurfer/sub-v1s20x0050273_ses-1/surf/lh.sphere.reg
Rescaling ...  original radius = 100
Building target registration hash (res=16).
Building source registration hash (res=16).
INFO: found  3334 nlabel points
Performing mapping from target back to the source label 152995
Number of reverse mapping hits = 1110
Checking for and removing duplicates
Writing label file ./lh.V2_exvivo.thresh.label 4444
mri_label2label: Done


 mri_label2label --srcsubject fsaverage --srclabel /out/sourcedata/freesurfer/fsaverage/label/lh.MT_exvivo.thresh.label --trgsubject sub-v1s20x0050273_ses-1 --trglabel ./lh.MT_exvivo.thresh.label --hemi lh --regmethod surface 


srclabel = /out/sourcedata/freesurfer/fsaverage/label/lh.MT_exvivo.thresh.label
srcsubject = fsaverage
trgsubject = sub-v1s20x0050273_ses-1
trglabel = ./lh.MT_exvivo.thresh.label
regmethod = surface

srchemi = lh
trghemi = lh
trgsurface = white
srcsurfreg = sphere.reg
trgsurfreg = sphere.reg
usehash = 1
Use ProjAbs  = 0, 0
Use ProjFrac = 0, 0
DoPaint 0

SUBJECTS_DIR    /out/sourcedata/freesurfer
FREESURFER_HOME /opt/freesurfer
Loading source label.
Found 513 points in source label.
Starting surface-based mapping
Reading source registration 
 /out/sourcedata/freesurfer/fsaverage/surf/lh.sphere.reg
Rescaling ...  original radius = 100
Reading target surface 
 /out/sourcedata/freesurfer/sub-v1s20x0050273_ses-1/surf/lh.white
Reading target registration 
 /out/sourcedata/freesurfer/sub-v1s20x0050273_ses-1/surf/lh.sphere.reg
Rescaling ...  original radius = 100
Building target registration hash (res=16).
Building source registration hash (res=16).
INFO: found  513 nlabel points
Performing mapping from target back to the source label 152995
Number of reverse mapping hits = 208
Checking for and removing duplicates
Writing label file ./lh.MT_exvivo.thresh.label 721
mri_label2label: Done


 mri_label2label --srcsubject fsaverage --srclabel /out/sourcedata/freesurfer/fsaverage/label/lh.entorhinal_exvivo.thresh.label --trgsubject sub-v1s20x0050273_ses-1 --trglabel ./lh.entorhinal_exvivo.thresh.label --hemi lh --regmethod surface 


srclabel = /out/sourcedata/freesurfer/fsaverage/label/lh.entorhinal_exvivo.thresh.label
srcsubject = fsaverage
trgsubject = sub-v1s20x0050273_ses-1
trglabel = ./lh.entorhinal_exvivo.thresh.label
regmethod = surface

srchemi = lh
trghemi = lh
trgsurface = white
srcsurfreg = sphere.reg
trgsurfreg = sphere.reg
usehash = 1
Use ProjAbs  = 0, 0
Use ProjFrac = 0, 0
DoPaint 0

SUBJECTS_DIR    /out/sourcedata/freesurfer
FREESURFER_HOME /opt/freesurfer
Loading source label.
Found 470 points in source label.
Starting surface-based mapping
Reading source registration 
 /out/sourcedata/freesurfer/fsaverage/surf/lh.sphere.reg
Rescaling ...  original radius = 100
Reading target surface 
 /out/sourcedata/freesurfer/sub-v1s20x0050273_ses-1/surf/lh.white
Reading target registration 
 /out/sourcedata/freesurfer/sub-v1s20x0050273_ses-1/surf/lh.sphere.reg
Rescaling ...  original radius = 100
Building target registration hash (res=16).
Building source registration hash (res=16).
INFO: found  470 nlabel points
Performing mapping from target back to the source label 152995
Number of reverse mapping hits = 181
Checking for and removing duplicates
Writing label file ./lh.entorhinal_exvivo.thresh.label 651
mri_label2label: Done


 mri_label2label --srcsubject fsaverage --srclabel /out/sourcedata/freesurfer/fsaverage/label/lh.perirhinal_exvivo.thresh.label --trgsubject sub-v1s20x0050273_ses-1 --trglabel ./lh.perirhinal_exvivo.thresh.label --hemi lh --regmethod surface 


srclabel = /out/sourcedata/freesurfer/fsaverage/label/lh.perirhinal_exvivo.thresh.label
srcsubject = fsaverage
trgsubject = sub-v1s20x0050273_ses-1
trglabel = ./lh.perirhinal_exvivo.thresh.label
regmethod = surface

srchemi = lh
trghemi = lh
trgsurface = white
srcsurfreg = sphere.reg
trgsurfreg = sphere.reg
usehash = 1
Use ProjAbs  = 0, 0
Use ProjFrac = 0, 0
DoPaint 0

SUBJECTS_DIR    /out/sourcedata/freesurfer
FREESURFER_HOME /opt/freesurfer
Loading source label.
Found 450 points in source label.
Starting surface-based mapping
Reading source registration 
 /out/sourcedata/freesurfer/fsaverage/surf/lh.sphere.reg
Rescaling ...  original radius = 100
Reading target surface 
 /out/sourcedata/freesurfer/sub-v1s20x0050273_ses-1/surf/lh.white
Reading target registration 
 /out/sourcedata/freesurfer/sub-v1s20x0050273_ses-1/surf/lh.sphere.reg
Rescaling ...  original radius = 100
Building target registration hash (res=16).
Building source registration hash (res=16).
INFO: found  450 nlabel points
Performing mapping from target back to the source label 152995
Number of reverse mapping hits = 194
Checking for and removing duplicates
Writing label file ./lh.perirhinal_exvivo.thresh.label 644
mri_label2label: Done


 mris_label2annot --s sub-v1s20x0050273_ses-1 --hemi lh --ctab /opt/freesurfer/average/colortable_BA.txt --l lh.BA1_exvivo.label --l lh.BA2_exvivo.label --l lh.BA3a_exvivo.label --l lh.BA3b_exvivo.label --l lh.BA4a_exvivo.label --l lh.BA4p_exvivo.label --l lh.BA6_exvivo.label --l lh.BA44_exvivo.label --l lh.BA45_exvivo.label --l lh.V1_exvivo.label --l lh.V2_exvivo.label --l lh.MT_exvivo.label --l lh.perirhinal_exvivo.label --l lh.entorhinal_exvivo.label --a BA_exvivo --maxstatwinner --noverbose 

Reading ctab /opt/freesurfer/average/colortable_BA.txt
Number of ctab entries 15

7.3.2
cwd /out/sourcedata/freesurfer/sub-v1s20x0050273_ses-1/label
cmdline mris_label2annot --s sub-v1s20x0050273_ses-1 --hemi lh --ctab /opt/freesurfer/average/colortable_BA.txt --l lh.BA1_exvivo.label --l lh.BA2_exvivo.label --l lh.BA3a_exvivo.label --l lh.BA3b_exvivo.label --l lh.BA4a_exvivo.label --l lh.BA4p_exvivo.label --l lh.BA6_exvivo.label --l lh.BA44_exvivo.label --l lh.BA45_exvivo.label --l lh.V1_exvivo.label --l lh.V2_exvivo.label --l lh.MT_exvivo.label --l lh.perirhinal_exvivo.label --l lh.entorhinal_exvivo.label --a BA_exvivo --maxstatwinner --noverbose 
sysname  Linux
hostname dna050
machine  x86_64
user     oesteban

subject sub-v1s20x0050273_ses-1
hemi    lh
SUBJECTS_DIR /out/sourcedata/freesurfer
ColorTable /opt/freesurfer/average/colortable_BA.txt
AnnotName  BA_exvivo
nlables 14
LabelThresh 0 0.000000
Loading /out/sourcedata/freesurfer/sub-v1s20x0050273_ses-1/surf/lh.orig
 1 1530880 BA1_exvivo
 2 16749699 BA2_exvivo
 3 16711680 BA3a_exvivo
 4 3368703 BA3b_exvivo
 5 1376196 BA4a_exvivo
 6 13382655 BA4p_exvivo
 7 10036737 BA6_exvivo
 8 2490521 BA44_exvivo
 9 39283 BA45_exvivo
10 3993 V1_exvivo
11 8508928 V2_exvivo
12 10027163 MT_exvivo
13 16422433 perirhinal_exvivo
14 16392598 entorhinal_exvivo
Mapping unhit to unknown
Found 105994 unhit vertices
Writing annot to /out/sourcedata/freesurfer/sub-v1s20x0050273_ses-1/label/lh.BA_exvivo.annot

 mris_label2annot --s sub-v1s20x0050273_ses-1 --hemi lh --ctab /opt/freesurfer/average/colortable_BA.txt --l lh.BA1_exvivo.thresh.label --l lh.BA2_exvivo.thresh.label --l lh.BA3a_exvivo.thresh.label --l lh.BA3b_exvivo.thresh.label --l lh.BA4a_exvivo.thresh.label --l lh.BA4p_exvivo.thresh.label --l lh.BA6_exvivo.thresh.label --l lh.BA44_exvivo.thresh.label --l lh.BA45_exvivo.thresh.label --l lh.V1_exvivo.thresh.label --l lh.V2_exvivo.thresh.label --l lh.MT_exvivo.thresh.label --l lh.perirhinal_exvivo.thresh.label --l lh.entorhinal_exvivo.thresh.label --a BA_exvivo.thresh --maxstatwinner --noverbose 

Reading ctab /opt/freesurfer/average/colortable_BA.txt
Number of ctab entries 15

7.3.2
cwd /out/sourcedata/freesurfer/sub-v1s20x0050273_ses-1/label
cmdline mris_label2annot --s sub-v1s20x0050273_ses-1 --hemi lh --ctab /opt/freesurfer/average/colortable_BA.txt --l lh.BA1_exvivo.thresh.label --l lh.BA2_exvivo.thresh.label --l lh.BA3a_exvivo.thresh.label --l lh.BA3b_exvivo.thresh.label --l lh.BA4a_exvivo.thresh.label --l lh.BA4p_exvivo.thresh.label --l lh.BA6_exvivo.thresh.label --l lh.BA44_exvivo.thresh.label --l lh.BA45_exvivo.thresh.label --l lh.V1_exvivo.thresh.label --l lh.V2_exvivo.thresh.label --l lh.MT_exvivo.thresh.label --l lh.perirhinal_exvivo.thresh.label --l lh.entorhinal_exvivo.thresh.label --a BA_exvivo.thresh --maxstatwinner --noverbose 
sysname  Linux
hostname dna050
machine  x86_64
user     oesteban

subject sub-v1s20x0050273_ses-1
hemi    lh
SUBJECTS_DIR /out/sourcedata/freesurfer
ColorTable /opt/freesurfer/average/colortable_BA.txt
AnnotName  BA_exvivo.thresh
nlables 14
LabelThresh 0 0.000000
Loading /out/sourcedata/freesurfer/sub-v1s20x0050273_ses-1/surf/lh.orig
 1 1530880 BA1_exvivo
 2 16749699 BA2_exvivo
 3 16711680 BA3a_exvivo
 4 3368703 BA3b_exvivo
 5 1376196 BA4a_exvivo
 6 13382655 BA4p_exvivo
 7 10036737 BA6_exvivo
 8 2490521 BA44_exvivo
 9 39283 BA45_exvivo
10 3993 V1_exvivo
11 8508928 V2_exvivo
12 10027163 MT_exvivo
13 16422433 perirhinal_exvivo
14 16392598 entorhinal_exvivo
Mapping unhit to unknown
Found 125055 unhit vertices
Writing annot to /out/sourcedata/freesurfer/sub-v1s20x0050273_ses-1/label/lh.BA_exvivo.thresh.annot

 mris_anatomical_stats -th3 -mgz -noglobal -f ../stats/lh.BA_exvivo.stats -b -a ./lh.BA_exvivo.annot -c ./BA_exvivo.ctab sub-v1s20x0050273_ses-1 lh white 

computing statistics for each annotation in ./lh.BA_exvivo.annot.
reading volume /out/sourcedata/freesurfer/sub-v1s20x0050273_ses-1/mri/wm.mgz...
reading input surface /out/sourcedata/freesurfer/sub-v1s20x0050273_ses-1/surf/lh.white...
reading input pial surface /out/sourcedata/freesurfer/sub-v1s20x0050273_ses-1/surf/lh.pial...
reading input white surface /out/sourcedata/freesurfer/sub-v1s20x0050273_ses-1/surf/lh.white...
INFO: using TH3 volume calc
INFO: assuming MGZ format for volumes.
INFO: not computing global stats
Using TH3 vertex volume calc
Total face volume 287081
Total vertex volume 286873 (mask=0)
Saving annotation colortable ./BA_exvivo.ctab

table columns are:
    number of vertices
    total surface area (mm^2)
    total gray matter volume (mm^3)
    average cortical thickness +- standard deviation (mm)
    integrated rectified mean curvature
    integrated rectified Gaussian curvature
    folding index
    intrinsic curvature index
    structure name

 1343    843   2423  2.269 0.645     0.127     0.029       13     1.6  BA1_exvivo
 4342   2786   6499  2.265 0.612     0.106     0.022       31     3.9  BA2_exvivo
 1159    760   1066  1.882 0.422     0.132     0.030       10     1.5  BA3a_exvivo
 2781   1813   3955  1.915 0.713     0.102     0.020       21     2.2  BA3b_exvivo
 2188   1340   3401  2.313 0.705     0.111     0.027       16     2.5  BA4a_exvivo
 1621   1000   2329  2.396 0.693     0.094     0.020        9     1.4  BA4p_exvivo
10798   7190  22939  2.741 0.710     0.112     0.026       91    11.0  BA6_exvivo
 3088   2147   6661  2.710 0.560     0.109     0.024       27     3.0  BA44_exvivo
 3485   2480   7670  2.700 0.613     0.125     0.029       35     4.2  BA45_exvivo
 3292   2446   4071  1.659 0.561     0.155     0.048       56     7.2  V1_exvivo
 8354   6168  13549  2.024 0.704     0.153     0.039      113    14.2  V2_exvivo
 2516   1757   5039  2.523 0.591     0.123     0.025       25     2.7  MT_exvivo
 1128    785   2511  2.660 0.988     0.155     0.050       21     2.4  perirhinal_exvivo
  906    636   1918  2.589 1.048     0.144     0.046       14     1.7  entorhinal_exvivo

 mris_anatomical_stats -th3 -mgz -f ../stats/lh.BA_exvivo.thresh.stats -noglobal -b -a ./lh.BA_exvivo.thresh.annot -c ./BA_exvivo.thresh.ctab sub-v1s20x0050273_ses-1 lh white 

computing statistics for each annotation in ./lh.BA_exvivo.thresh.annot.
reading volume /out/sourcedata/freesurfer/sub-v1s20x0050273_ses-1/mri/wm.mgz...
reading input surface /out/sourcedata/freesurfer/sub-v1s20x0050273_ses-1/surf/lh.white...
reading input pial surface /out/sourcedata/freesurfer/sub-v1s20x0050273_ses-1/surf/lh.pial...
reading input white surface /out/sourcedata/freesurfer/sub-v1s20x0050273_ses-1/surf/lh.white...
INFO: using TH3 volume calc
INFO: assuming MGZ format for volumes.
INFO: not computing global stats
Using TH3 vertex volume calc
Total face volume 287081
Total vertex volume 286873 (mask=0)
Saving annotation colortable ./BA_exvivo.thresh.ctab

table columns are:
    number of vertices
    total surface area (mm^2)
    total gray matter volume (mm^3)
    average cortical thickness +- standard deviation (mm)
    integrated rectified mean curvature
    integrated rectified Gaussian curvature
    folding index
    intrinsic curvature index
    structure name

  858    526   1614  2.335 0.642     0.125     0.029        9     1.0  BA1_exvivo
 1824   1138   2857  2.254 0.629     0.099     0.020       12     1.4  BA2_exvivo
  942    606    798  1.816 0.377     0.136     0.031        9     1.2  BA3a_exvivo
 1740   1117   1847  1.577 0.440     0.089     0.016       10     1.2  BA3b_exvivo
 2153   1289   3387  2.443 0.687     0.106     0.024       15     2.3  BA4a_exvivo
 1260    806   1724  2.259 0.642     0.100     0.024        7     1.3  BA4p_exvivo
 6236   4054  12667  2.671 0.713     0.113     0.027       55     6.8  BA6_exvivo
 1976   1391   4125  2.612 0.518     0.111     0.025       18     2.0  BA44_exvivo
 1419   1018   3698  2.806 0.599     0.130     0.030       17     1.7  BA45_exvivo
 3524   2629   4542  1.687 0.579     0.157     0.048       61     7.8  V1_exvivo
 4184   3124   6265  1.879 0.688     0.161     0.042       61     7.8  V2_exvivo
  703    484   1446  2.518 0.535     0.135     0.027        9     0.8  MT_exvivo
  510    337    840  2.393 0.987     0.139     0.041        7     0.9  perirhinal_exvivo
  611    417    942  2.290 0.866     0.135     0.040        9     1.0  entorhinal_exvivo

Started at Thu Mar 12 17:43:25 CET 2026 
Ended   at Thu Mar 12 17:47:13 CET 2026
#@#%# recon-all-run-time-hours 0.063
recon-all -s sub-v1s20x0050273_ses-1 finished without error at Thu Mar 12 17:47:13 CET 2026
